K,GEP,spectra_file,Name,pathway,ES,NES,NOM_p,FDR_q,FWER p-val,Tag %,Gene %,leading_edge
21,1,anal_pc5_c21_S1.filtered.gene_spectra_score.k_21.dt_0_01.txt,prerank,HALLMARK_ALLOGRAFT_REJECTION,-0.5644917505138964,-2.5794735738374506,0.0,0.0,0.0,71/121,22.46%,CD74;CTSS;IL2RG;ITGAL;SRGN;LTB;HCLS1;CD79A;IL16;CD2;ETS1;PTPRC;CCND2;ITGB2;FYB1;CD96;IRF8;ZAP70;MAP4K1;CD3E;CD4;LCP2;CD3D;CD40;LCK;ITK;IRF4;IL2RB;PRKCB;CD28;PTPN6;WAS;IL12RB1;CD247;SPI1;NCF4;LY75;CD7;SIT1;CD3G;CCL5;ICAM1;GBP2;STAT4;CCR5;TIMP1;HDAC9;IL18;TLR6;CD8A;CD80;IL27RA;GZMA;FGR;C2;TRAT1;STAB1;CXCR3;FCGR2B;FAS;IL2RA;CD40LG;TLR1;GPR65;JAK2;LY86;CD1D;PRF1;CCND3;IL7;CCL2
21,1,anal_pc5_c21_S1.filtered.gene_spectra_score.k_21.dt_0_01.txt,prerank,HALLMARK_INTERFERON_GAMMA_RESPONSE,-0.49492979572795315,-2.1590520098546153,0.0,0.0,0.0,66/111,25.84%,CD74;IFI27;CFB;ITGB7;NLRC5;SOD2;C1S;CIITA;IRF8;SLAMF7;IL10RA;SAMHD1;LCP2;TNFAIP3;CD40;NFKBIA;CD38;ZBP1;IRF4;IRF1;IL2RB;C1R;PTPN6;GBP6;PFKP;SAMD9L;CSF2RB;IFITM2;ISG20;RNF213;CASP8;ST3GAL5;CCL5;FGL2;ICAM1;PDE4B;STAT4;BANK1;SP110;MT2A;KLRK1;EIF4E3;VCAM1;GBP4;GZMA;SERPING1;FAS;CFH;TRIM14;EPSTI1;CD69;GPR18;JAK2;CD274;UPP1;OAS2;IL7;CCL2;SOCS3;PSMB9;IFI30;RAPGEF6;IFITM3;PTGS2;CXCL10;NAMPT
21,1,anal_pc5_c21_S1.filtered.gene_spectra_score.k_21.dt_0_01.txt,prerank,HALLMARK_IL6_JAK_STAT3_SIGNALING,-0.5011947722873135,-1.9899000965077926,0.0,0.0008430609597924773,0.001002004008016032,36/53,30.56%,IL2RG;LTB;PLA2G2A;ITGA4;TNFRSF1B;A2M;CD38;IRF1;TNFRSF12A;CSF2RB;IL12RB1;CD14;MAP3K8;PIK3R5;CXCL1;HMOX1;FAS;IL1R1;IL2RA;IL1R2;CSF2RA;CD36;IL7;IL9R;SOCS3;IL3RA;CXCL3;OSMR;CSF1;IL18R1;CXCL10;CCR1;TNF;STAT1;EBI3;CRLF2
21,1,anal_pc5_c21_S1.filtered.gene_spectra_score.k_21.dt_0_01.txt,prerank,HALLMARK_UNFOLDED_PROTEIN_RESPONSE,-0.5886137873427387,-1.821519369897947,0.0,0.0056906614785992215,0.009018036072144289,13/23,23.98%,VEGFA;XBP1;HERPUD1;NABP1;ERN1;HSP90B1;CEBPB;DNAJB9;ERO1A;SHC1;HSPA5;CCL2;SLC7A5
21,1,anal_pc5_c21_S1.filtered.gene_spectra_score.k_21.dt_0_01.txt,prerank,HALLMARK_COMPLEMENT,-0.3867372931552185,-1.8053756039969329,0.0,0.0065758754863813225,0.013026052104208416,67/122,27.64%,CTSS;KYNU;CTSC;CFB;CD55;CA2;C1S;SPOCK2;LGALS3;LCP2;DOCK10;TNFAIP3;SERPINB2;LCK;EHD1;RASGRP1;IRF1;C1R;WAS;FYN;CEBPB;SERPINA1;CCL5;CASP10;PRSS3;CTSH;CTSD;GNG2;PLEK;PIK3R5;TIMP1;CR1;DUSP5;C1QC;SH2B3;FN1;KLK1;GZMA;CTSL;CXCL1;C2;SERPING1;LGMN;CD40LG;CFH;CP;ZEB1;CPM;CD36;HSPA5;C3;JAK2;C1QA;DPP4;LIPA;CR2;PSMB9;SERPINE1;GATA3;LYN;APOBEC3G;FCER1G;CDA;F5;TFPI2;MMP12;GZMK
21,1,anal_pc5_c21_S1.filtered.gene_spectra_score.k_21.dt_0_01.txt,prerank,HALLMARK_INTERFERON_ALPHA_RESPONSE,-0.4485424172636665,-1.7153291178101213,0.0,0.010116731517509726,0.02404809619238477,24/50,25.56%,CD74;IFI27;C1S;SELL;IRF1;SAMD9L;IFITM2;ISG20;CASP8;GBP2;SP110;LPAR6;SAMD9;GBP4;LAMP3;TRIM14;EPSTI1;TMEM140;IL7;PSMB9;IFI30;IFITM3;CSF1;CXCL10
21,1,anal_pc5_c21_S1.filtered.gene_spectra_score.k_21.dt_0_01.txt,prerank,HALLMARK_KRAS_SIGNALING_UP,-0.359669545085525,-1.6122902215647186,0.0,0.020233463035019456,0.05410821643286573,57/131,20.88%,SLPI;LAPTM5;CTSS;IL2RG;IKZF1;DOCK2;LCP1;TMEM176B;CD37;CFB;ETS1;CA2;CCND2;ITGB2;TNFRSF1B;MALL;SPON1;IRF8;TSPAN1;TRAF1;MAP4K1;PECAM1;PRDM1;CXCR4;IL10RA;IL7R;TNFAIP3;ST6GAL1;BIRC3;FUCA1;KCNN4;ADAM8;TMEM176A;ENG;TRIB1;LAT2;EPHB2;HDAC9;ID2;CCL20;GLRX;ADGRA2;ERO1A;ABCB1;NRP1;PRRX1;CFH;VWA5A;CSF2RA;ADAMDEC1;ACE;GNG11;TSPAN7;IL33;C3AR1;PLVAP;LY96
21,1,anal_pc5_c21_S1.filtered.gene_spectra_score.k_21.dt_0_01.txt,prerank,HALLMARK_WNT_BETA_CATENIN_SIGNALING,0.7059868510172022,1.6027005286636913,0.015492957746478873,0.1427946474523932,0.16,6/15,10.24%,JAG2;DLL1;HEY1;CSNK1E;JAG1;DKK1
21,1,anal_pc5_c21_S1.filtered.gene_spectra_score.k_21.dt_0_01.txt,prerank,HALLMARK_HEDGEHOG_SIGNALING,0.6427396250906441,1.480604577415468,0.05042016806722689,0.3167009778692743,0.524,6/17,12.48%,ADGRG1;NRCAM;CELSR1;HEY1;DPYSL2;VLDLR
21,1,anal_pc5_c21_S1.filtered.gene_spectra_score.k_21.dt_0_01.txt,prerank,HALLMARK_DNA_REPAIR,0.6166354265682903,1.4797078846813876,0.04341926729986431,0.21326127980785728,0.528,5/22,4.66%,BCAM;TYMS;LIG1;ZWINT;POLA1
21,1,anal_pc5_c21_S1.filtered.gene_spectra_score.k_21.dt_0_01.txt,prerank,HALLMARK_E2F_TARGETS,0.5288745169541281,1.467203429965462,0.023809523809523808,0.17869274318064848,0.568,13/54,7.24%,HELLS;MCM2;MCM4;CENPM;MCM6;LIG1;POLE;TCF19;EZH2;MYBL2;LMNB1;ORC6;TK1
21,1,anal_pc5_c21_S1.filtered.gene_spectra_score.k_21.dt_0_01.txt,prerank,HALLMARK_APICAL_JUNCTION,0.4680066378583409,1.386020518406809,0.02872340425531915,0.31047864127637675,0.833,22/101,12.94%,ADAM23;COL17A1;CDH3;LAYN;TGFBI;LAMB3;ITGA2;LAMA3;MDK;PIK3R3;ITGB4;CDH1;KCNH2;BMP1;NLGN2;VCAN;SORBS3;MAP3K20;LAMC2;MPZL2;CDH8;PLCG1
21,1,anal_pc5_c21_S1.filtered.gene_spectra_score.k_21.dt_0_01.txt,prerank,HALLMARK_EPITHELIAL_MESENCHYMAL_TRANSITION,0.4390836019492069,1.341842110502977,0.029471544715447155,0.3777277406073083,0.913,33/164,11.60%,COL7A1;DPYSL3;DST;GPC1;PFN2;ELN;THBS2;TGFBI;CRLF1;ITGA2;LAMA3;WNT5A;CADM1;ITGB5;CDH2;HTRA1;IGFBP2;BMP1;ECM1;VCAN;JUN;MMP14;COL4A2;COL5A1;DKK1;FBLN2;SNAI2;COMP;LAMC2;PDLIM4;FBLN1;SERPINH1;RHOB
21,1,anal_pc5_c21_S1.filtered.gene_spectra_score.k_21.dt_0_01.txt,prerank,HALLMARK_PEROXISOME,0.5118834071031803,1.3220184599330207,0.1031055900621118,0.379722079258878,0.948,8/32,13.96%,ABCC5;CEL;ALDH1A1;CADM1;DHRS3;CRABP2;FDPS;ACSL1
21,1,anal_pc5_c21_S1.filtered.gene_spectra_score.k_21.dt_0_01.txt,prerank,HALLMARK_KRAS_SIGNALING_DN,0.4553349221097719,1.315670480476958,0.0811965811965812,0.34900926402470406,0.956,12/78,10.74%,KRT15;PKP1;FGFR3;LFNG;CALML5;SPTBN2;DLK2;IGFBP2;TGFB2;NTF3;MX1;GDNF
21,1,anal_pc5_c21_S1.filtered.gene_spectra_score.k_21.dt_0_01.txt,prerank,HALLMARK_APOPTOSIS,-0.30315810176078073,-1.2728330775515369,0.05714285714285714,0.17704280155642022,0.43687374749499,36/79,24.24%,CD2;PMAIP1;CCND2;SOD2;LGALS3;BIRC3;CD38;PLCB2;CAV1;IRF1;LUM;DCN;TNFRSF12A;TOP2A;CCND1;ISG20;TIMP3;CASP8;MMP2;CD14;TIMP1;IL18;CDC25B;HMOX1;FAS;BGN;DDIT3;CD69;GPX3;IGFBP6;SAT1;PRF1;PPT1;PDGFRB;GADD45B;IFITM3
21,1,anal_pc5_c21_S1.filtered.gene_spectra_score.k_21.dt_0_01.txt,prerank,HALLMARK_ESTROGEN_RESPONSE_EARLY,0.4191830950984034,1.2528202390064227,0.10041407867494824,0.48927774918510886,0.997,31/118,16.40%,KRT15;TUBB2B;LRIG1;KRT19;FARP1;SCNN1A;MAST4;HR;RAPGEFL1;CELSR1;TFAP2C;DHRS3;SVIL;HES1;PRSS23;IL17RB;SLC7A2;OVOL2;ESRP2;TIAM1;NAV2;AR;FASN;MYB;THSD4;SEC14L2;SLC19A2;SH3BP5;RHOBTB3;FOXC1;FLNB
21,1,anal_pc5_c21_S1.filtered.gene_spectra_score.k_21.dt_0_01.txt,prerank,HALLMARK_TGF_BETA_SIGNALING,0.5031654586877226,1.2499576843709377,0.17464424320827943,0.4478486875965003,0.997,8/24,15.78%,CDKN1C;TGIF1;CDH1;ID3;SLC20A1;SMAD1;WWTR1;SMAD3
21,1,anal_pc5_c21_S1.filtered.gene_spectra_score.k_21.dt_0_01.txt,prerank,HALLMARK_MYOGENESIS,0.4155109946516325,1.2376986649954909,0.13007284079084286,0.439769803022505,0.999,29/112,17.24%,EFS;TNNT3;SPHK1;GAA;PVALB;GSN;ITGB4;TNNI2;ITGB5;CDH13;IGF1;KCNH2;SVIL;MAPRE3;DTNA;COL4A2;SORBS3;FST;NAV2;WWTR1;MYOM2;DMD;FDPS;ACSL1;PKIA;CNN3;NQO1;VIPR1;TEAD4
21,1,anal_pc5_c21_S1.filtered.gene_spectra_score.k_21.dt_0_01.txt,prerank,HALLMARK_MITOTIC_SPINDLE,0.42250543085082753,1.237164108939643,0.16430903155603918,0.4046513124034998,0.999,24/77,16.98%,DST;CEP72;FARP1;GSN;PALLD;LMNB1;KNTC1;CEP250;MID1;DOCK4;CDC42EP4;NEDD9;BCL2L11;STK38L;TRIO;SMC4;TIAM1;ITSN1;FBXO5;NET1;CCDC88A;FLNB;RAPGEF5;BCAR1
21,1,anal_pc5_c21_S1.filtered.gene_spectra_score.k_21.dt_0_01.txt,prerank,HALLMARK_G2M_CHECKPOINT,0.4182411468471533,1.1970983272605018,0.19015659955257272,0.47888673344154553,1.0,23/68,18.22%,MCM2;MCM6;CDC45;POLE;ODC1;E2F1;EZH2;FANCC;MYBL2;LMNB1;SLC7A1;RAD54L;ORC6;MAP3K20;SMC4;EXO1;DMD;FBXO5;CDKN2C;SMAD3;MEIS1;POLQ;KIF22
21,1,anal_pc5_c21_S1.filtered.gene_spectra_score.k_21.dt_0_01.txt,prerank,HALLMARK_FATTY_ACID_METABOLISM,0.44000080862463764,1.195271285212973,0.22340425531914893,0.4498658186898022,1.0,11/44,17.46%,CEL;ALDH1A1;ALDH3A1;ODC1;EPHX1;HSPH1;ACAT2;FASN;ACSL1;ACSS1;UGDH
21,1,anal_pc5_c21_S1.filtered.gene_spectra_score.k_21.dt_0_01.txt,prerank,HALLMARK_INFLAMMATORY_RESPONSE,-0.2486567270216118,-1.1918721786855198,0.07142857142857142,0.24589277993947256,0.5831663326653307,69/141,30.96%,CD55;TNFRSF1B;IL10RA;LCP2;IL7R;CD40;SELL;NFKBIA;LCK;SLAMF1;GPR132;SLC4A4;CYBB;CD48;GPR183;RASGRP1;IRF1;ITGA5;IL2RB;P2RY2;KCNA3;CCR7;EMP3;CCL5;CD14;ICAM1;PDE4B;CHST2;RGS1;PIK3R5;TIMP1;IL18;CCL20;CXCR6;STAB1;IL1R1;PTGER4;LAMP3;TLR1;CD69;MXD1;CXCL8;C3AR1;NOD2;CCL2;PTGER2;SERPINE1;OSMR;LYN;CSF1;IL18R1;CXCL10;NAMPT;SCARF1;CXCL6;LIF;EDN1;CCRL2;CCL24;APLNR;AHR;CD70;IL18RAP;P2RX7;EBI3;MYC;LTA;NLRP3;PTGIR
21,1,anal_pc5_c21_S1.filtered.gene_spectra_score.k_21.dt_0_01.txt,prerank,HALLMARK_APICAL_SURFACE,0.45380400851396313,1.166200648064943,0.29028132992327366,0.49225596157145307,1.0,6/27,14.70%,CROCC;EPHB4;DCBLD2;SULF2;PLAUR;PCSK9
21,1,anal_pc5_c21_S1.filtered.gene_spectra_score.k_21.dt_0_01.txt,prerank,HALLMARK_TNFA_SIGNALING_VIA_NFKB,-0.2182647871527443,-1.1246716621119248,0.14285714285714285,0.3169066147859922,0.7134268537074149,64/150,27.14%,KYNU;VEGFA;SOD2;TRAF1;NFKB2;IL7R;FOS;TNFAIP3;BIRC3;ZFP36;SERPINB2;NFKBIA;EHD1;KLF2;GPR183;IRF1;SERPINB8;RNF19B;CCND1;FOSB;TRIB1;CEBPB;CCL5;ICAM1;MAP3K8;PDE4B;PLEK;SLC2A3;IL18;ID2;CCL20;DUSP5;CD80;CXCL1;PTGER4;PFKFB3;IER5;CD69;MXD1;DUSP1;BCL2A1;ZC3H12A;SAT1;SLC2A6;CCL2;CD83;SOCS3;MAP2K3;REL;SERPINE1;GADD45B;CXCL3;PPP1R15A;NFKBIE;PTGS2;CSF1;CXCL10;NAMPT;SLC16A6;CXCL6;DUSP4;LIF;EDN1;G0S2
21,1,anal_pc5_c21_S1.filtered.gene_spectra_score.k_21.dt_0_01.txt,prerank,HALLMARK_ESTROGEN_RESPONSE_LATE,0.37661279314232493,1.1154515823338846,0.2867570385818561,0.6023401312403499,1.0,17/106,10.94%,PLXNB1;FGFR3;CXCL14;KRT19;FARP1;CPE;SCNN1A;MDK;HR;RAPGEFL1;CDH1;TFAP2C;HSPA4L;PRSS23;IL17RB;OVOL2;LAMC2
21,1,anal_pc5_c21_S1.filtered.gene_spectra_score.k_21.dt_0_01.txt,prerank,HALLMARK_P53_PATHWAY,0.37898904972138336,1.1121824021104125,0.2979851537645811,0.574885713420726,1.0,11/89,8.26%,ABCC5;TP63;KRT17;SPHK1;JAG2;CLCA2;ITGB4;EPHX1;CDH13;HSPA4L;JUN
21,1,anal_pc5_c21_S1.filtered.gene_spectra_score.k_21.dt_0_01.txt,prerank,HALLMARK_IL2_STAT5_SIGNALING,-0.23879954812367477,-1.1010631566162572,0.23809523809523808,0.32442518570923246,0.7454909819639278,60/127,25.56%,LTB;MUC1;CA2;CCND2;CTSZ;XBP1;ADAM19;TNFRSF1B;IRF8;TRAF1;NDRG1;IL10RA;CCR4;NFKBIZ;SELL;CD48;IRF4;RHOH;IL2RB;CD79B;CDC42SE2;NT5E;BATF;FGL2;HK2;MAP3K8;ICOS;CST7;TGM2;SLC2A3;GLIPR2;ITIH5;GBP4;ABCB1;CTLA4;NRP1;IL2RA;IL1R2;SLC39A8;SHE;MXD1;RORA;GPR65;TNFRSF4;BATF3;FLT3LG;PRKCH;SWAP70;CCND3;CISH;CD83;PTGER2;IL3RA;P4HA1;GADD45B;IFITM3;ST3GAL4;CSF1;IL18R1;CXCL10
21,1,anal_pc5_c21_S1.filtered.gene_spectra_score.k_21.dt_0_01.txt,prerank,HALLMARK_ANGIOGENESIS,0.4085703771872538,1.043131631145065,0.41358024691358025,0.7273131469091324,1.0,4/29,8.02%,FGFR1;JAG2;JAG1;VCAN
21,1,anal_pc5_c21_S1.filtered.gene_spectra_score.k_21.dt_0_01.txt,prerank,HALLMARK_ADIPOGENESIS,-0.26371512959335897,-1.030596864458727,0.3442622950819672,0.42469195849546043,0.8697394789579158,18/51,20.26%,MGLL;NABP1;CYP4B1;MYLK;DNAJB9;PPARG;APOE;ITIH5;LAMA4;CAVIN1;COL15A1;ENPP2;PFKFB3;SCARB1;FABP4;CD36;GPX3;C3
21,1,anal_pc5_c21_S1.filtered.gene_spectra_score.k_21.dt_0_01.txt,prerank,HALLMARK_HYPOXIA,0.3471993951145024,1.0231954789261726,0.45083682008368203,0.7410962429233144,1.0,15/111,10.06%,GPC1;PKP1;GPC3;TGFBI;ACKR3;CDKN1C;GAA;SLC6A6;JUN;GCNT2;NEDD4L;DTNA;GPC4;COL5A1;SDC2
21,1,anal_pc5_c21_S1.filtered.gene_spectra_score.k_21.dt_0_01.txt,prerank,HALLMARK_GLYCOLYSIS,0.3493496287271655,1.0009860829400996,0.49291166848418755,0.7633131755018013,1.0,12/67,13.14%,GPC1;GPC3;TGFBI;GCLC;VCAN;TPST1;GPC4;COL5A1;SDC2;VLDLR;IRS2;ARTN
21,1,anal_pc5_c21_S1.filtered.gene_spectra_score.k_21.dt_0_01.txt,prerank,HALLMARK_CHOLESTEROL_HOMEOSTASIS,0.3867371028648752,1.0004371835642578,0.4921402660217654,0.7280665637330589,1.0,11/35,19.82%,ALCAM;JAG1;FADS2;MVK;ACAT2;FASN;FDPS;PLAUR;NFIL3;TM7SF2;LDLR
21,1,anal_pc5_c21_S1.filtered.gene_spectra_score.k_21.dt_0_01.txt,prerank,HALLMARK_XENOBIOTIC_METABOLISM,0.32451415384748367,0.9528407712429111,0.5675965665236051,0.8026669162026855,1.0,11/80,8.44%,ALDH3A1;RBP4;SLC6A6;SLC12A4;GCLC;EPHX1;IGF1;TGFB2;AKR1C2;TPST1;GCNT2
21,1,anal_pc5_c21_S1.filtered.gene_spectra_score.k_21.dt_0_01.txt,prerank,HALLMARK_BILE_ACID_METABOLISM,0.35912133854524864,0.9511066698390301,0.5637910085054678,0.7718264002327195,1.0,13/37,25.98%,RBP1;ALDH1A1;FADS2;AR;ACSL1;PFKM;CYP7B1;ABCA1;CAT;LIPE;GNMT;SLC29A1;SULT2B1
21,1,anal_pc5_c21_S1.filtered.gene_spectra_score.k_21.dt_0_01.txt,prerank,HALLMARK_HEME_METABOLISM,0.31759953117562173,0.8937600195950713,0.6632768361581921,0.856701406759307,1.0,13/55,20.14%,BCAM;SPTB;GCLC;DMTN;KLF3;SNCA;TFRC;MXI1;AQP3;CTSB;P4HA2;TMCC2;UCP2
21,1,anal_pc5_c21_S1.filtered.gene_spectra_score.k_21.dt_0_01.txt,prerank,HALLMARK_UV_RESPONSE_DN,0.3096403728312946,0.8842512651262027,0.6821192052980133,0.8397601646937726,1.0,21/69,20.10%,PIK3R3;RUNX1;PLCB4;TFPI;SLC7A1;NFIB;SDC2;SNAI2;VLDLR;HAS2;SMAD3;LAMC1;LPAR1;MAP1B;ADGRL2;ERBB2;VAV2;EFEMP1;LDLR;ICA1;PDLIM5
21,1,anal_pc5_c21_S1.filtered.gene_spectra_score.k_21.dt_0_01.txt,prerank,HALLMARK_UV_RESPONSE_UP,0.30715670992342636,0.8830578455152964,0.6729490022172949,0.8093639890732016,1.0,16/66,18.18%,CDKN1C;HSPA2;EPHX1;IGFBP2;KCNH2;BCL2L11;MMP14;PTPRD;RHOB;CYB5R1;TFRC;HYAL2;CTSV;SHOX2;AQP3;EPCAM
21,1,anal_pc5_c21_S1.filtered.gene_spectra_score.k_21.dt_0_01.txt,prerank,HALLMARK_MTORC1_SIGNALING,0.29557413120001463,0.8578834642848812,0.7210065645514223,0.8221698023293494,1.0,12/72,14.22%,MCM2;MCM4;PHGDH;PIK3R3;SLC6A6;GCLC;FADS2;SERPINH1;VLDLR;TXNRD1;TFRC;RRM2
21,1,anal_pc5_c21_S1.filtered.gene_spectra_score.k_21.dt_0_01.txt,prerank,HALLMARK_SPERMATOGENESIS,0.3136876472239102,0.8209303842063989,0.7374701670644391,0.846938644217337,1.0,12/36,24.12%,EZH2;HSPA2;HSPA4L;TCP11;DMC1;PCSK1N;TEKT2;GSTM3;CDK1;IDE;PACRG;CCNA1
21,1,anal_pc5_c21_S1.filtered.gene_spectra_score.k_21.dt_0_01.txt,prerank,HALLMARK_ANDROGEN_RESPONSE,-0.21976804246600795,-0.7946022209769169,0.7950310559006211,0.842023346303502,0.9939879759519038,14/41,22.96%,UBE2J1;NDRG1;PTK2B;SLC26A2;SCD;CCND1;IQGAP2;DNAJB9;MAF;ABCC4;ADAMTS1;SAT1;CCND3;STEAP4
21,1,anal_pc5_c21_S1.filtered.gene_spectra_score.k_21.dt_0_01.txt,prerank,HALLMARK_PI3K_AKT_MTOR_SIGNALING,0.29149973199538204,0.7450783507269546,0.8241082410824109,0.9145899515502156,1.0,6/32,12.94%,PIK3R3;E2F1;MAPK10;PLCB1;TIAM1;PLCG1
21,1,anal_pc5_c21_S1.filtered.gene_spectra_score.k_21.dt_0_01.txt,prerank,HALLMARK_COAGULATION,0.24054145065056934,0.6904941290616419,0.9250814332247557,0.9386687253388231,1.0,12/79,14.74%,ITGA2;GSN;HTRA1;MMP11;BMP1;MMP14;PRSS23;ANXA1;COMP;USP11;PLAU;CTSV
21,1,anal_pc5_c21_S1.filtered.gene_spectra_score.k_21.dt_0_01.txt,prerank,HALLMARK_REACTIVE_OXYGEN_SPECIES_PATHWAY,0.25569581188493795,0.6116349177958318,0.9337016574585635,0.9633041688111168,1.0,5/19,16.90%,GCLC;MSRA;TXNRD1;SCAF4;NQO1
21,2,anal_pc5_c21_S1.filtered.gene_spectra_score.k_21.dt_0_01.txt,prerank,HALLMARK_E2F_TARGETS,-0.6017608487329491,-2.519591024257071,0.0,0.0,0.0,40/54,27.02%,CDK1;MCM2;MCM4;TOP2A;PRDX4;CDKN2A;TCF19;MKI67;BIRC5;TK1;RRM2;CDC20;PLK1;HELLS;CDKN2C;HMGB2;PTTG1;MYBL2;CIT;CENPM;CCNB2;CKS2;CDCA3;KIF18B;MELK;SPC25;ORC6;CDKN1A;HMMR;CENPE;KIF2C;KPNA2;AURKA;DEPDC1;LMNB1;SPAG5;ESPL1;CDCA8;DLGAP5;EZH2
21,2,anal_pc5_c21_S1.filtered.gene_spectra_score.k_21.dt_0_01.txt,prerank,HALLMARK_G2M_CHECKPOINT,-0.5333384549313704,-2.2522984433844813,0.0,0.0,0.0,53/68,32.64%,CDK1;MCM2;TOP2A;NUSAP1;MKI67;SLC12A2;ODC1;BIRC5;TPX2;TROAP;CDC20;PLK1;KIF23;MEIS1;CDKN2C;PRC1;E2F1;PTTG1;RAD54L;MYBL2;CCNB2;MAP3K20;CCND1;CKS2;CENPF;ORC6;HMMR;SLC7A1;MT2A;INCENP;BUB1;CENPE;KIF2C;NDC80;KPNA2;CDC45;AURKA;LMNB1;MEIS2;UBE2C;ESPL1;NEK2;TTK;KIF11;FBXO5;CCNF;EZH2;POLQ;CENPA;FANCC;DMD;AURKB;KIF15
21,2,anal_pc5_c21_S1.filtered.gene_spectra_score.k_21.dt_0_01.txt,prerank,HALLMARK_COAGULATION,-0.47510314851939833,-2.0799322632255164,0.0,0.0,0.0,41/79,21.62%,GSN;MMP14;LRP1;SPARC;PRSS23;SERPINA1;CTSB;A2M;C1S;C1R;THBS1;CTSH;ITGA2;CLU;FN1;MMP2;HTRA1;ANXA1;CFB;ADAM9;BMP1;PLAU;FBN1;CSRP1;TIMP1;PLEK;LGMN;SH2B2;C2;THBD;SERPING1;C1QA;TIMP3;PLAT;F3;DUSP6;PECAM1;CFD;MMP11;CFI;VWF
21,2,anal_pc5_c21_S1.filtered.gene_spectra_score.k_21.dt_0_01.txt,prerank,HALLMARK_EPITHELIAL_MESENCHYMAL_TRANSITION,-0.4095946705452522,-2.0777213044451575,0.0,0.0,0.0,80/164,19.50%,IGFBP2;DPYSL3;GPC1;DST;MMP14;PFN2;LRP1;IGFBP4;COL4A2;COL7A1;FBLN1;TGFBI;SPARC;LAMC1;ELN;ITGB5;RHOB;VCAN;CALD1;JUN;COL4A1;COL3A1;TPM1;LAMA3;THBS1;COL1A2;COL6A2;QSOX1;VEGFA;MATN2;ITGA2;SLC6A8;FN1;CAPG;MMP2;HTRA1;FSTL1;WNT5A;LUM;COL6A3;COL1A1;GJA1;ANPEP;THBS2;SDC4;DCN;COL5A2;SERPINH1;PMP22;PDLIM4;CXCL12;BMP1;PLOD2;MXRA5;BASP1;COL16A1;SNAI2;EDIL3;FBN1;TAGLN;FUCA1;MYL9;ECM1;TIMP1;FBLN5;COL12A1;NT5E;CRLF1;FBLN2;TNC;DAB2;CADM1;CDH11;TIMP3;PCOLCE;PTHLH;CTHRC1;LOX;BGN;VCAM1
21,2,anal_pc5_c21_S1.filtered.gene_spectra_score.k_21.dt_0_01.txt,prerank,HALLMARK_ALLOGRAFT_REJECTION,0.6877108359051045,2.0654836430568153,0.0,0.0,0.0,40/121,8.20%,FYB1;CD2;ZAP70;ITGAL;CD28;ITK;CD3E;CD96;CD3D;CD4;IL2RG;ETS1;LTB;CD40LG;LCK;LCP2;IL16;CD247;PTPRC;IL2RA;TRAT1;CD3G;IL12RB1;CD7;MAP4K1;IL2RB;GBP2;SIT1;HCLS1;STAT4;IL27RA;SRGN;FAS;ITGB2;STAT1;ST8SIA4;CCND2;CCND3;WAS;CCR5
21,2,anal_pc5_c21_S1.filtered.gene_spectra_score.k_21.dt_0_01.txt,prerank,HALLMARK_MYOGENESIS,-0.39842710764442424,-1.8870030595708547,0.0,0.0063919259882254,0.008048289738430584,61/112,34.74%,GSN;ITGB4;CKB;COL4A2;SPARC;NQO1;ITGB5;CNN3;EFS;COL3A1;ERBB3;COL6A2;SPHK1;IGFBP7;AEBP1;MYH11;MEF2C;SLC6A8;CLU;COL6A3;COL1A1;SMTN;EPHB3;CDH13;SVIL;TAGLN;NAV2;SOD3;DAPK2;MAPRE3;MAPK12;CDKN1A;CD36;COL15A1;CFD;DTNA;NCAM1;SCD;GAA;BDKRB2;MYLK;CRYAB;FHL1;IGF1;GPX3;TNNT3;SORBS1;WWTR1;IGFBP3;FST;MB;TNNI2;HBEGF;DMD;KCNH2;DES;ACHE;PVALB;KIFC3;PDLIM7;SORBS3
21,2,anal_pc5_c21_S1.filtered.gene_spectra_score.k_21.dt_0_01.txt,prerank,HALLMARK_ANGIOGENESIS,-0.49007627163183465,-1.7096408663239513,0.01507537688442211,0.017977291841883937,0.026156941649899398,14/29,16.96%,JAG1;FGFR1;VCAN;COL3A1;TNFRSF21;VEGFA;FSTL1;LUM;COL5A2;NRP1;JAG2;VAV2;TIMP1;THBD
21,2,anal_pc5_c21_S1.filtered.gene_spectra_score.k_21.dt_0_01.txt,prerank,HALLMARK_IL2_STAT5_SIGNALING,0.5632689979740411,1.684608777977831,0.0,0.020066761797981857,0.062,36/127,10.84%,CCR4;TRAF1;ICOS;RORA;LTB;CTLA4;TNFRSF1B;IL10RA;PHTF2;BATF;FLT3LG;TNFRSF4;IL2RA;IL2RB;CISH;PRKCH;SELL;TIAM1;TNFRSF18;CDC42SE2;BCL2;RHOH;IL18R1;CCND2;CCND3;CD48;IKZF2;TNFRSF9;SLC2A3;AGER;PIM1;ADAM19;GBP4;FURIN;CSF1;TNFRSF8
21,2,anal_pc5_c21_S1.filtered.gene_spectra_score.k_21.dt_0_01.txt,prerank,HALLMARK_ESTROGEN_RESPONSE_LATE,-0.3573557055399844,-1.673299766865054,0.0,0.021686891745764752,0.03621730382293763,38/106,17.42%,CDH1;CXCL14;KRT19;AGR2;SCNN1A;XBP1;CKB;CA12;NBL1;IGFBP4;TFF3;MDK;PRSS23;RAPGEFL1;SERPINA1;PLXNB1;TSPAN13;CA2;KLF4;FLNB;CPE;TOP2A;UGDH;FARP1;BLVRB;HR;FGFR3;SLC26A2;CDC20;CXCL12;SGK1;KLK11;FOS;OVOL2;SCARB1;HSPA4L;CCND1;TJP3
21,2,anal_pc5_c21_S1.filtered.gene_spectra_score.k_21.dt_0_01.txt,prerank,HALLMARK_HEDGEHOG_SIGNALING,-0.5798563533643578,-1.6631553008489894,0.015151515151515152,0.019974768713204374,0.03822937625754527,13/17,36.22%,ADGRG1;CELSR1;VEGFA;DPYSL2;NRP1;NRCAM;HEY1;NRP2;THY1;CRMP1;VLDLR;ACHE;UNC5C
21,2,anal_pc5_c21_S1.filtered.gene_spectra_score.k_21.dt_0_01.txt,prerank,HALLMARK_INTERFERON_GAMMA_RESPONSE,0.5406979589049512,1.5942755957622505,0.0,0.046079230795365744,0.194,48/111,17.88%,NLRC5;LCP2;RNF213;IL10RA;SAMHD1;RAPGEF6;CASP8;EIF4E3;IL2RB;TRIM14;STAT4;FAS;TNFAIP3;PFKP;STAT1;ISG20;ST8SIA4;SAMD9L;CD69;EPSTI1;OAS2;ITGB7;PIM1;IFI44;ARID5B;ST3GAL5;GBP4;IRF1;HERC6;MX2;SP110;ZBP1;PSMB9;IL18BP;GPR18;IRF7;UPP1;PDE4B;SOCS1;JAK2;XAF1;PTPN6;HELZ2;PELI1;CD274;SELP;OAS3;SOCS3
21,2,anal_pc5_c21_S1.filtered.gene_spectra_score.k_21.dt_0_01.txt,prerank,HALLMARK_IL6_JAK_STAT3_SIGNALING,0.5703002339859976,1.593312229749734,0.008928571428571428,0.0351964631536031,0.198,15/53,10.60%,IL2RG;LTB;TNFRSF1B;IL2RA;IL12RB1;ITGA4;FAS;PIK3R5;STAT1;IL18R1;IL17RA;PIM1;IL1R1;CSF1;IRF1
21,2,anal_pc5_c21_S1.filtered.gene_spectra_score.k_21.dt_0_01.txt,prerank,HALLMARK_UV_RESPONSE_DN,-0.3756856913203665,-1.576846007179094,0.0,0.03728623493131483,0.07847082494969819,44/69,26.50%,LAMC1;PLPP3;ERBB2;ID1;COL3A1;MGLL;COL1A2;PLCB4;NFIB;TFPI;TJP1;COL1A1;GJA1;IGFBP5;COL5A2;PMP22;NRP1;SDC2;SNAI2;EFEMP1;PIK3R3;VAV2;FBLN5;FHL2;MAP1B;PPARG;DAB2;RBPMS;KCNMA1;SLC7A1;F3;ICA1;MET;LPAR1;PRKAR2B;LDLR;PDGFRB;RND3;CAV1;CCN1;ADGRL2;LTBP1;DLC1;KALRN
21,2,anal_pc5_c21_S1.filtered.gene_spectra_score.k_21.dt_0_01.txt,prerank,HALLMARK_PI3K_AKT_MTOR_SIGNALING,0.6024614562535068,1.5621669533160547,0.022113022113022112,0.04128019569870554,0.276,12/32,17.14%,IL2RG;SLA;LCK;PLCG1;CAMK4;TIAM1;ITPR2;CXCR4;PRKCB;PPP2R1B;MAP2K3;DAPP1
21,2,anal_pc5_c21_S1.filtered.gene_spectra_score.k_21.dt_0_01.txt,prerank,HALLMARK_INTERFERON_ALPHA_RESPONSE,0.5803851736233444,1.5512834514841465,0.009060022650056626,0.04034587028165664,0.309,23/50,19.06%,LPAR6;CASP8;GBP2;TRIM14;SELL;ISG20;SAMD9L;EPSTI1;IFI44;GBP4;CSF1;IRF1;HERC6;SP110;PSMB9;SAMD9;TMEM140;IRF7;NUB1;HELZ2;TRIM5;IFITM2;IFIH1
21,2,anal_pc5_c21_S1.filtered.gene_spectra_score.k_21.dt_0_01.txt,prerank,HALLMARK_GLYCOLYSIS,-0.36288300025265957,-1.541235877733358,0.024390243902439025,0.04274600504625736,0.1006036217303823,31/67,23.20%,GPC1;ELF3;TFF3;TGFBI;CDK1;VCAN;GCLC;B3GNT3;GPC3;QSOX1;VEGFA;DSC2;P4HA2;DCN;SDC3;SDC2;PLOD2;NT5E;HK2;HSPA5;TPST1;SPAG4;HMMR;MET;SLC16A3;CHPF;COL5A1;GPC4;AURKA;DEPDC1;KIF20A
21,2,anal_pc5_c21_S1.filtered.gene_spectra_score.k_21.dt_0_01.txt,prerank,HALLMARK_FATTY_ACID_METABOLISM,-0.37916994928409964,-1.480024268370191,0.007936507936507936,0.05302393149323342,0.1317907444668008,17/44,23.58%,EPHX1;ALDH3A1;GLUL;ALDH1A1;CA2;UGDH;MGLL;MAOA;ODC1;CEL;CA4;CBR3;HSD17B11;PTPRG;CD36;ACOX1;CD1D
21,2,anal_pc5_c21_S1.filtered.gene_spectra_score.k_21.dt_0_01.txt,prerank,HALLMARK_INFLAMMATORY_RESPONSE,0.49966661105427407,1.4762560361773531,0.004056795131845842,0.08408928753440015,0.583,38/141,15.62%,IL7R;RASGRP1;TNFRSF1B;LCK;SLAMF1;LCP2;IL10RA;CCR7;IL2RB;GPR183;CXCR6;SELL;KCNA3;PIK3R5;SEMA4D;RGS1;IL18R1;LTA;CD48;TNFRSF9;CD69;EMP3;IL1R1;NOD2;IL18RAP;GPR132;CSF1;IRF1;PTGIR;CD70;ITGA5;C3AR1;PTGER2;IRF7;CCL20;PDE4B;IL10;PTGER4
21,2,anal_pc5_c21_S1.filtered.gene_spectra_score.k_21.dt_0_01.txt,prerank,HALLMARK_XENOBIOTIC_METABOLISM,-0.3397055816244504,-1.4605549043411683,0.016666666666666666,0.05692809083263247,0.15191146881287726,32/80,23.06%,EPHX1;ALDH3A1;IGFBP4;TMEM176B;FBLN1;ABCC3;AKR1C3;IRF8;NQO1;AKR1C2;CA2;GCLC;UGDH;EPHA2;MAOA;CES1;BLVRB;BCAR1;NDRG2;PTGR1;CFB;APOE;TPST1;HMOX1;CYP27A1;MAN1A1;CD36;MT2A;PTGDS;XDH;ACOX1;KYNU
21,2,anal_pc5_c21_S1.filtered.gene_spectra_score.k_21.dt_0_01.txt,prerank,HALLMARK_ESTROGEN_RESPONSE_EARLY,-0.303963889015497,-1.4460631222815947,0.02631578947368421,0.061153522675810305,0.1750503018108652,41/118,17.92%,CLDN7;KRT8;KRT19;ELF3;SCNN1A;XBP1;CA12;NBL1;IGFBP4;TFF3;KRT15;HES1;CELSR1;PRSS23;RAPGEFL1;MUC1;KLF4;FLNB;MLPH;ESRP2;FARP1;BLVRB;HR;GJA1;TUBB2B;SLC26A2;CBFA2T3;SVIL;CXCL12;LAD1;AKAP1;FOS;OVOL2;SCARB1;NAV2;THSD4;FHL2;CCND1;SH3BP5;TJP3;TTC39A
21,2,anal_pc5_c21_S1.filtered.gene_spectra_score.k_21.dt_0_01.txt,prerank,HALLMARK_WNT_BETA_CATENIN_SIGNALING,0.5724339640515264,1.3003149167747035,0.17714285714285713,0.3405775405157476,0.983,3/15,7.40%,TCF7;LEF1;CCND2
21,2,anal_pc5_c21_S1.filtered.gene_spectra_score.k_21.dt_0_01.txt,prerank,HALLMARK_KRAS_SIGNALING_UP,0.4340242370494232,1.290790946046989,0.07091469681397738,0.32191757551048145,0.986,17/131,7.40%,IL7R;TRAF1;IL2RG;IKZF1;ETS1;TNFRSF1B;TRIB2;IL10RA;MAP4K1;DOCK2;SATB1;LAPTM5;ITGB2;TNFAIP3;LCP1;BIRC3;CCND2
21,2,anal_pc5_c21_S1.filtered.gene_spectra_score.k_21.dt_0_01.txt,prerank,HALLMARK_CHOLESTEROL_HOMEOSTASIS,-0.3412472650990365,-1.2496789312058283,0.13440860215053763,0.18177039529015981,0.4607645875251509,13/35,23.86%,LGALS3;ALCAM;JAG1;MAL2;CLU;CXCL16;LGMN;PPARG;FABP5;NFIL3;LDLR;SCD;PLAUR
21,2,anal_pc5_c21_S1.filtered.gene_spectra_score.k_21.dt_0_01.txt,prerank,HALLMARK_PEROXISOME,-0.34406930760957133,-1.2455972241647677,0.14201183431952663,0.17524530417717968,0.4738430583501006,12/32,22.16%,ALDH1A1;HSD11B2;TOP2A;ABCC5;SEMA3C;CEL;CRABP2;SOD2;CADM1;HSD17B11;DHRS3;ACOX1
21,2,anal_pc5_c21_S1.filtered.gene_spectra_score.k_21.dt_0_01.txt,prerank,HALLMARK_MITOTIC_SPINDLE,-0.2614285959219374,-1.1626752837915162,0.1527777777777778,0.2514324011774601,0.6227364185110664,43/77,26.36%,GSN;DST;CDK1;TRIO;FLNB;TOP2A;PALLD;NUSAP1;FARP1;RAPGEF5;ECT2;BCAR1;BIRC5;ANLN;TPX2;PLK1;NET1;EPB41L2;MID1;KIF23;PRC1;CCDC88A;FGD4;DOCK4;CDC42EP4;CCNB2;SYNPO;CENPF;CDC42EP2;INCENP;BUB1;CENPE;KIF2C;NDC80;PIF1;AURKA;LMNB1;ESPL1;NEK2;TTK;KIF11;FBXO5;DLGAP5
21,2,anal_pc5_c21_S1.filtered.gene_spectra_score.k_21.dt_0_01.txt,prerank,HALLMARK_TGF_BETA_SIGNALING,-0.346758440579614,-1.150238185460169,0.26639344262295084,0.2498021075545441,0.641851106639839,11/24,22.18%,CDH1;ID1;THBS1;TJP1;ID3;TGIF1;SMAD1;BMP2;ENG;LTBP2;CDKN1C
21,2,anal_pc5_c21_S1.filtered.gene_spectra_score.k_21.dt_0_01.txt,prerank,HALLMARK_UV_RESPONSE_UP,-0.2634824632959065,-1.1244756301804861,0.2,0.2672180170077563,0.693158953722334,17/66,15.54%,EPCAM;IGFBP2;MMP14;EPHX1;CA2;RHOB;MAOA;SLC6A8;CREG1;LYN;HSPA2;CDKN2B;HYAL2;BMP2;SOD2;FOS;PTPRD
21,2,anal_pc5_c21_S1.filtered.gene_spectra_score.k_21.dt_0_01.txt,prerank,HALLMARK_COMPLEMENT,0.37546513654918723,1.1056857242559046,0.3128834355828221,0.8311461624706962,1.0,25/122,14.38%,SPOCK2;RASGRP1;CD40LG;LCK;LCP2;FYN;GATA3;F5;DOCK10;TNFAIP3;PIK3R5;WAS;DOCK9;GNG2;PIM1;EHD1;IRF1;DPP4;PHEX;PSMB9;ZEB1;CBLB;CTSC;IRF7;KIF2A
21,2,anal_pc5_c21_S1.filtered.gene_spectra_score.k_21.dt_0_01.txt,prerank,HALLMARK_APICAL_SURFACE,0.42335108734297927,1.0791800453214686,0.39537869062901154,0.8487110942263323,1.0,4/27,7.62%,IL2RG;GATA3;IL2RB;MAL
21,2,anal_pc5_c21_S1.filtered.gene_spectra_score.k_21.dt_0_01.txt,prerank,HALLMARK_APOPTOSIS,0.3691412089984523,1.0629258309064347,0.3887113951011715,0.830912581116434,1.0,13/79,10.60%,CD2;CASP8;PLCB2;SATB1;LEF1;DPYD;FAS;BIRC3;ISG20;CCND2;CD69;ENO2;IRF1
21,2,anal_pc5_c21_S1.filtered.gene_spectra_score.k_21.dt_0_01.txt,prerank,HALLMARK_ADIPOGENESIS,-0.25654281049438,-1.0071870482946372,0.4016393442622951,0.441757779646762,0.8832997987927566,35/51,40.98%,COL4A1;MGLL;PHLDB1;LAMA4;CAVIN1;ITIH5;CDKN2C;SCARB1;PPARG;APOE;SPARCL1;CD36;COL15A1;ACOX1;ABCA1;MYLK;CYP4B1;SNCG;C3;GPX3;CAVIN2;SORBS1;BCL6;FZD4;ENPP2;ITSN1;LIFR;CAT;LTC4S;ME1;ACAA2;FABP4;SOWAHC;PTGER3;ITGA7
21,2,anal_pc5_c21_S1.filtered.gene_spectra_score.k_21.dt_0_01.txt,prerank,HALLMARK_APICAL_JUNCTION,0.33433656163415953,0.9798403828248271,0.5410176531671859,1.0,1.0,6/101,2.12%,EVL;FYB1;TRAF1;PTPRC;PLCG1;RAC2
21,2,anal_pc5_c21_S1.filtered.gene_spectra_score.k_21.dt_0_01.txt,prerank,HALLMARK_UNFOLDED_PROTEIN_RESPONSE,0.39657720446689276,0.9553846675266755,0.5387596899224806,1.0,1.0,7/23,15.54%,NABP1;ERN1;TSPYL2;DDIT4;ERO1A;DNAJA4;SLC7A5
21,2,anal_pc5_c21_S1.filtered.gene_spectra_score.k_21.dt_0_01.txt,prerank,HALLMARK_TNFA_SIGNALING_VIA_NFKB,0.2991442569445975,0.8885960613236743,0.7064777327935222,1.0,1.0,38/150,20.52%,IL7R;TRAF1;GPR183;TNFAIP3;BIRC3;DUSP4;TNFRSF9;SLC2A3;CD69;SLC16A6;EHD1;SMAD3;KLF2;CSF1;IRF1;NFKB2;PFKFB3;DUSP2;KDM6B;NFAT5;CCL20;PDE4B;TNF;ZC3H12A;ZFP36;PTGER4;MAP2K3;NR4A3;PTPRE;SOCS3;IFIH1;CSF2;IL23A;REL;CD80;CCRL2;TIPARP;SPSB1
21,2,anal_pc5_c21_S1.filtered.gene_spectra_score.k_21.dt_0_01.txt,prerank,HALLMARK_ANDROGEN_RESPONSE,0.3191010606454179,0.8625212356293441,0.6555299539170507,1.0,1.0,7/41,10.54%,MAF;IQGAP2;CCND3;ELOVL5;STK39;ARID5B;PTK2B
21,2,anal_pc5_c21_S1.filtered.gene_spectra_score.k_21.dt_0_01.txt,prerank,HALLMARK_P53_PATHWAY,0.2928682211294564,0.848298763157174,0.7315010570824524,1.0,1.0,10/89,7.52%,DGKA;DEF6;CYFIP2;PLK3;PITPNC1;FAS;MAPKAPK3;S100A4;CCND2;CCND3
21,2,anal_pc5_c21_S1.filtered.gene_spectra_score.k_21.dt_0_01.txt,prerank,HALLMARK_REACTIVE_OXYGEN_SPECIES_PATHWAY,0.34421326822167775,0.8082648907107238,0.7346938775510204,1.0,1.0,3/19,6.60%,IPCEF1;LSP1;PFKP
21,2,anal_pc5_c21_S1.filtered.gene_spectra_score.k_21.dt_0_01.txt,prerank,HALLMARK_MTORC1_SIGNALING,0.2620844891211739,0.7493674656610695,0.8515709642470206,1.0,1.0,15/72,17.18%,SLA;CORO1A;ITGB2;SLC2A3;ELOVL5;CXCR4;TUBA4A;NIBAN1;DDIT4;ERO1A;CTSC;SLC7A5;MAP2K3;DAPP1;GLRX
21,2,anal_pc5_c21_S1.filtered.gene_spectra_score.k_21.dt_0_01.txt,prerank,HALLMARK_HYPOXIA,0.2516349388509925,0.7382867600539067,0.881675392670157,1.0,1.0,16/111,14.02%,ETS1;RORA;BCL2;TNFAIP3;PFKP;S100A4;ISG20;SLC2A3;PIM1;ENO2;CXCR4;PFKFB3;DDIT4;NDST2;AMPD3;ERO1A
21,2,anal_pc5_c21_S1.filtered.gene_spectra_score.k_21.dt_0_01.txt,prerank,HALLMARK_DNA_REPAIR,0.27555813189679695,0.6676709692797974,0.8725099601593626,1.0,1.0,12/22,25.70%,HCLS1;PDE4B;USP11;PNP;SNAPC4;PDE6G;BRF2;AK1;POLH;AAAS;NPR2;CMPK2
21,2,anal_pc5_c21_S1.filtered.gene_spectra_score.k_21.dt_0_01.txt,prerank,HALLMARK_KRAS_SIGNALING_DN,0.22834766077892982,0.6478942303704659,0.9293361884368309,1.0,1.0,5/78,7.50%,CD40LG;PDCD1;CCR8;PTPRJ;MAST3
21,2,anal_pc5_c21_S1.filtered.gene_spectra_score.k_21.dt_0_01.txt,prerank,HALLMARK_SPERMATOGENESIS,0.2446454840779066,0.6429298521002702,0.9120481927710843,1.0,1.0,3/36,8.64%,CAMK4;GFI1;LPIN1
21,2,anal_pc5_c21_S1.filtered.gene_spectra_score.k_21.dt_0_01.txt,prerank,HALLMARK_HEME_METABOLISM,0.2254270288389194,0.6246090270718042,0.9368658399098083,0.9870404817721605,1.0,5/55,7.52%,KAT2B;UCP2;EPB41;LPIN2;CCND3
21,2,anal_pc5_c21_S1.filtered.gene_spectra_score.k_21.dt_0_01.txt,prerank,HALLMARK_BILE_ACID_METABOLISM,0.23785698291818555,0.6210581530159024,0.9357476635514018,0.9499031699113241,1.0,2/37,6.68%,LCK;ABCD2
21,3,anal_pc5_c21_S1.filtered.gene_spectra_score.k_21.dt_0_01.txt,prerank,HALLMARK_INTERFERON_GAMMA_RESPONSE,-0.48616716404746596,-2.1645926173635464,0.0,0.0,0.0,58/111,20.18%,SECTM1;MX1;TNFAIP2;PARP14;ST8SIA4;RNF213;ISG20;DDX60;PIM1;IRF7;ITGB7;NLRC5;TNFAIP3;ZBP1;IFI44;PTPN6;ARID5B;SLAMF7;MX2;XAF1;IL10RA;CIITA;RSAD2;SP110;SAMHD1;C1S;OAS3;OAS2;C1R;LCP2;TNFSF10;IFI44L;CSF2RB;IRF4;CMPK2;CD38;ISG15;CD74;ST3GAL5;EPSTI1;VCAM1;HERC6;IL18BP;BANK1;SAMD9L;RAPGEF6;IL2RB;STAT1;CCL5;CASP8;CD40;IRF1;CFH;SOCS1;FGL2;STAT4;IFIT1;ICAM1
21,3,anal_pc5_c21_S1.filtered.gene_spectra_score.k_21.dt_0_01.txt,prerank,HALLMARK_E2F_TARGETS,-0.5518204961205045,-2.1434108401991914,0.0,0.0,0.0,41/54,35.92%,HELLS;EZH2;SMC4;CDKN2A;CENPM;TACC3;CDC25B;LIG1;TCF19;MCM2;MCM4;CDK1;ESPL1;CDKN2C;AURKB;CIT;MCM6;PTTG1;KIF18B;CDCA3;POLE;DIAPH3;ANP32E;DLGAP5;TOP2A;CENPE;DEPDC1;ORC6;KIF2C;CCNB2;SPC25;SPAG5;NCAPD2;MYBL2;MELK;HMMR;BIRC5;LMNB1;RRM2;KIF22;HMGB2
21,3,anal_pc5_c21_S1.filtered.gene_spectra_score.k_21.dt_0_01.txt,prerank,HALLMARK_INTERFERON_ALPHA_RESPONSE,-0.5028122827186032,-1.9413337774168475,0.0,0.000553841284911781,0.001001001001001001,24/50,18.62%,MX1;PARP14;ISG20;DDX60;IRF7;IFI44;RSAD2;TMEM140;SP110;C1S;LPAR6;IFI44L;SAMD9;GBP2;CSF1;CMPK2;ISG15;SELL;CD74;EPSTI1;HERC6;SAMD9L;CASP8;IRF1
21,3,anal_pc5_c21_S1.filtered.gene_spectra_score.k_21.dt_0_01.txt,prerank,HALLMARK_ESTROGEN_RESPONSE_LATE,0.6279257330181738,1.893425865926873,0.0,0.004216562658121099,0.005,27/106,9.20%,AGR2;CA12;CA2;TFF3;SERPINA1;CKB;CDH1;SLC26A2;MYB;TSPAN13;TJP3;NBL1;UGDH;LLGL2;CCND1;TOB1;KLF4;FLNB;IGFBP4;OVOL2;ID2;BLVRB;RAPGEFL1;SCNN1A;XBP1;ASS1;SLC27A2
21,3,anal_pc5_c21_S1.filtered.gene_spectra_score.k_21.dt_0_01.txt,prerank,HALLMARK_ESTROGEN_RESPONSE_EARLY,0.6184493217289895,1.882748918376864,0.0,0.0025299375948726597,0.006,34/118,10.60%,MUC1;CA12;TFF3;CLDN7;KRT8;MLPH;ELF3;TTC39A;SLC26A2;MYB;AKAP1;TJP3;NBL1;ESRP2;CCND1;HES1;LAD1;TOB1;KLF4;FLNB;IGFBP4;OVOL2;BLVRB;RAPGEFL1;SCNN1A;XBP1;MYC;SLC27A2;FASN;FHL2;RHOBTB3;PPIF;RETREG1;WWC1
21,3,anal_pc5_c21_S1.filtered.gene_spectra_score.k_21.dt_0_01.txt,prerank,HALLMARK_ALLOGRAFT_REJECTION,-0.377605814000721,-1.7199021543340773,0.0,0.012461428910515073,0.02902902902902903,71/121,35.08%,ACHE;ITGAL;ST8SIA4;IL16;CD79A;HCLS1;FLNA;SRGN;LTB;HDAC9;PTPRC;IRF7;ETS1;PTPN6;CD2;FYB1;ZAP70;MAP4K1;CD96;CD3E;CDKN2A;ITGB2;LCP2;GBP2;CSF1;IRF4;PRKCB;CD3D;IL2RG;CD4;LCK;CD74;ITK;NCF4;CD28;IL2RB;CD247;STAT1;WAS;CD7;CCL5;CD40;SOCS1;SPI1;SIT1;STAT4;ICAM1;IL12RB1;CD8A;STAB1;CCR5;CD3G;IL27RA;TLR6;FGR;TLR2;GPR65;CCL2;CD80;CXCR3;IL2RA;LYN;TRAT1;CCL11;LY86;CD40LG;TLR1;GZMA;THY1;TGFB2;PRF1
21,3,anal_pc5_c21_S1.filtered.gene_spectra_score.k_21.dt_0_01.txt,prerank,HALLMARK_MITOTIC_SPINDLE,-0.40189998920818404,-1.6895601809980432,0.0072992700729927005,0.014621409921671017,0.043043043043043044,41/77,26.58%,DST;ARHGAP4;CNTRL;DOCK2;FLNA;CCDC88A;NUSAP1;CEP72;SMC4;TIAM1;RHOF;NDC80;ECT2;CEP250;ARHGAP10;ANLN;KNTC1;CDK1;RAPGEF6;ESPL1;FBXO5;GSN;PRC1;DLGAP5;KIF15;TOP2A;FARP1;BCL2L11;KIF23;TPX2;FSCN1;CENPF;KIF11;CENPE;PREX1;PIF1;DOCK4;ARHGAP29;SYNPO;KIF2C;CCNB2
21,3,anal_pc5_c21_S1.filtered.gene_spectra_score.k_21.dt_0_01.txt,prerank,HALLMARK_BILE_ACID_METABOLISM,0.6191463611897798,1.6463494581810385,0.009575923392612859,0.065216169112273,0.204,10/37,9.20%,ACSL5;TFCP2L1;SULT1B1;HSD17B11;NR3C2;CAT;NR1I2;ABCA2;CYP27A1;SLC27A2
21,3,anal_pc5_c21_S1.filtered.gene_spectra_score.k_21.dt_0_01.txt,prerank,HALLMARK_FATTY_ACID_METABOLISM,0.591761536494152,1.6250527653809663,0.006535947712418301,0.06198347107438017,0.245,11/44,9.76%,CA2;MAOA;ACSL5;HSD17B11;UGDH;MGLL;ACAA2;ACOX1;ECI2;FASN;HMGCS1
21,3,anal_pc5_c21_S1.filtered.gene_spectra_score.k_21.dt_0_01.txt,prerank,HALLMARK_XENOBIOTIC_METABOLISM,0.540028845893101,1.6105324397809109,0.006984866123399301,0.058694552201045705,0.285,17/80,9.50%,CA2;MAOA;ABCC3;UGDH;CYB5A;TMEM176B;NDRG2;CFB;FBP1;CAT;IGFBP4;ID2;BLVRB;ACOX1;CYP27A1;XDH;BCAR1
21,3,anal_pc5_c21_S1.filtered.gene_spectra_score.k_21.dt_0_01.txt,prerank,HALLMARK_PEROXISOME,0.5947780863532132,1.5471101316270661,0.028925619834710745,0.09262382639006016,0.466,10/32,9.20%,HSD11B2;ACSL5;HSD17B11;CAT;SEMA3C;NR1I2;ACOX1;ECI2;SOD2;SLC27A2
21,3,anal_pc5_c21_S1.filtered.gene_spectra_score.k_21.dt_0_01.txt,prerank,HALLMARK_EPITHELIAL_MESENCHYMAL_TRANSITION,-0.3211256280645549,-1.5463496567058244,0.0,0.03959965187119235,0.13413413413413414,92/164,35.74%,DST;COL7A1;GPC1;WIPF1;SLC6A8;PLAUR;ENO2;IL32;DPYSL3;COL6A2;FLNA;LAMA3;COL5A1;TGFBI;ELN;FBLN1;COL4A2;TNFAIP3;COL16A1;PFN2;EMP3;COL3A1;GLIPR1;COL4A1;WNT5A;PMP22;ITGA5;FSTL1;FBN1;COL5A2;VEGFA;PDLIM4;PLOD2;CALD1;VCAN;GJA1;BASP1;ABI3BP;SNAI2;THBS2;COL1A2;VCAM1;CADM1;SPARC;CDH11;FBLN2;MYLK;COL6A3;HTRA1;CCN1;PRRX1;EFEMP2;BMP1;ITGB3;COL1A1;LOXL2;PCOLCE;TPM2;CXCL12;TNC;LUM;PTHLH;SERPINE2;CRLF1;FGF2;MXRA5;LAMC1;IGFBP3;COL5A3;RHOB;DCN;AREG;LAMA2;ECM1;PDGFRB;BGN;ITGA2;MYL9;LOXL1;TGM2;ADAM12;SGCD;FBLN5;NNMT;LOX;COL12A1;THY1;ACTA2;MMP2;TIMP3;DKK1;TGFBR3
21,3,anal_pc5_c21_S1.filtered.gene_spectra_score.k_21.dt_0_01.txt,prerank,HALLMARK_PI3K_AKT_MTOR_SIGNALING,-0.4301707619754274,-1.4540078292747884,0.04819277108433735,0.07120816520294328,0.25925925925925924,13/32,14.34%,MAPK10;PLCG1;CXCR4;PIK3R3;TIAM1;SLC2A1;PDK1;PRKCB;IL2RG;LCK;SLA;DAPP1;CDK1
21,3,anal_pc5_c21_S1.filtered.gene_spectra_score.k_21.dt_0_01.txt,prerank,HALLMARK_G2M_CHECKPOINT,-0.35474974147649274,-1.4433496854587649,0.023121387283236993,0.06874554948967482,0.27927927927927926,44/68,32.24%,SMAD3;MEIS1;EZH2;NUSAP1;SMC4;TACC3;CDC25B;NDC80;MCM2;CDK1;TROAP;ESPL1;CDKN2C;FBXO5;RAD54L;AURKB;POLQ;MCM6;PTTG1;PRC1;POLE;ODC1;KIF15;E2F1;TOP2A;KIF23;TPX2;CENPF;KIF11;MEIS2;CENPE;CDC45;ORC6;FANCC;CCNF;KIF2C;CCNB2;UBE2C;KIF20B;TTK;MYBL2;HMMR;SLC7A5;BIRC5
21,3,anal_pc5_c21_S1.filtered.gene_spectra_score.k_21.dt_0_01.txt,prerank,HALLMARK_HEDGEHOG_SIGNALING,-0.5068506251292576,-1.443235341965574,0.04197530864197531,0.06110715510193316,0.27927927927927926,12/17,35.46%,ACHE;VEGFA;DPYSL2;NRCAM;CELSR1;NRP2;HEY1;UNC5C;NRP1;CRMP1;THY1;VLDLR
21,3,anal_pc5_c21_S1.filtered.gene_spectra_score.k_21.dt_0_01.txt,prerank,HALLMARK_INFLAMMATORY_RESPONSE,-0.2987934435802076,-1.4212410738538641,0.0,0.06529788749109898,0.3203203203203203,57/141,31.58%,PLAUR;SPHK1;SEMA4D;ADM;IRF7;ABCA1;EMP3;IL10RA;MXD1;LCP2;GPC3;TNFSF10;CSF1;OSMR;SLAMF1;ITGA5;RASGRP1;IL7R;LCK;PCDH7;BTG2;GPR183;SELL;CD48;GPR132;ITGB8;PIK3R5;GABBR1;IL2RB;TNFRSF1B;KCNA3;IL1R1;CCR7;CCL5;CD40;IRF1;ITGB3;CYBB;ICAM1;CX3CL1;PTPRE;RGS1;STAB1;AHR;CD69;C3AR1;TLR2;PDPN;SLC7A2;CCL2;NOD2;RNF144B;CALCRL;PDE4B;AXL;CHST2;LYN
21,3,anal_pc5_c21_S1.filtered.gene_spectra_score.k_21.dt_0_01.txt,prerank,HALLMARK_CHOLESTEROL_HOMEOSTASIS,0.5235996874484016,1.375320605062895,0.11624649859943978,0.3520227453437101,0.931,12/35,13.26%,LGALS3;PPARG;HMGCR;MAL2;ABCA2;FASN;HMGCS1;JAG1;LGMN;SCD;MVD;ANTXR2
21,3,anal_pc5_c21_S1.filtered.gene_spectra_score.k_21.dt_0_01.txt,prerank,HALLMARK_GLYCOLYSIS,0.4630587130693154,1.3725056399234594,0.07859733978234583,0.3127635351661326,0.933,11/67,8.02%,TFF3;B3GNT3;ELF3;QSOX1;CYB5A;NT5E;HK2;DSC2;HSPA5;CITED2;P4HA2
21,3,anal_pc5_c21_S1.filtered.gene_spectra_score.k_21.dt_0_01.txt,prerank,HALLMARK_UV_RESPONSE_UP,0.4532951558531359,1.304908654878785,0.1316425120772947,0.4337437454320572,0.98,16/66,13.88%,EPCAM;CA2;MAOA;IGFBP2;RAB27A;BMP2;PTPRD;SOD2;PPIF;SULT1A1;CREG1;PRKCD;CDC34;CDKN2B;DNAJB1;FURIN
21,3,anal_pc5_c21_S1.filtered.gene_spectra_score.k_21.dt_0_01.txt,prerank,HALLMARK_HEME_METABOLISM,0.44439702793191505,1.2494315375611709,0.19130434782608696,0.5250463821892394,0.995,13/55,11.58%,CA2;SELENBP1;PDZK1IP1;CAT;BLVRB;P4HA2;MBOAT2;ALDH1L1;KDM7A;KLF3;TRIM10;MAP2K3;DMTN
21,3,anal_pc5_c21_S1.filtered.gene_spectra_score.k_21.dt_0_01.txt,prerank,HALLMARK_KRAS_SIGNALING_UP,0.391393038034807,1.2192893440545833,0.16864864864864865,0.5591162084668578,0.996,18/131,7.42%,CA2;SPON1;EPHB2;CTSS;TSPAN13;CCND2;TMEM176B;TSPAN1;TMEM176A;CFB;ACE;FUCA1;KLF4;MALL;TSPAN7;ID2;SPRY2;BMP2
21,3,anal_pc5_c21_S1.filtered.gene_spectra_score.k_21.dt_0_01.txt,prerank,HALLMARK_ANDROGEN_RESPONSE,0.4141948236593095,1.1322013242485527,0.31084656084656087,0.7649547422274695,0.999,12/41,13.78%,KRT8;SLC26A2;CCND1;HMGCR;STK39;DBI;HMGCS1;TSC22D1;AZGP1;SCD;KRT19;IQGAP2
21,3,anal_pc5_c21_S1.filtered.gene_spectra_score.k_21.dt_0_01.txt,prerank,HALLMARK_IL2_STAT5_SIGNALING,0.3634942770929266,1.1313706940872554,0.279826464208243,0.708252786174864,0.999,19/127,9.06%,MUC1;CA2;CCND2;IL1R2;NT5E;HK2;SLC39A8;ST3GAL4;CDCP1;NFKBIZ;PNP;ITGA6;TNFRSF21;CAPG;WLS;BMP2;GLIPR2;XBP1;MYC
21,3,anal_pc5_c21_S1.filtered.gene_spectra_score.k_21.dt_0_01.txt,prerank,HALLMARK_COMPLEMENT,0.3485547080314333,1.0978184023517088,0.3402173913043478,0.7467532467532468,1.0,11/122,7.78%,CA2;LGALS3;SERPINA1;KLK1;CTSS;PRSS3;CFB;CPM;HSPA5;CTSD;CSRP1
21,3,anal_pc5_c21_S1.filtered.gene_spectra_score.k_21.dt_0_01.txt,prerank,HALLMARK_MTORC1_SIGNALING,-0.2583807532698448,-1.0825773775987164,0.2929936305732484,0.41100058261226075,0.9209209209209209,21/72,14.18%,CORO1A;GCLC;ELOVL5;SLC6A6;EGLN3;CXCR4;PIK3R3;TXNRD1;PHGDH;SLC2A1;ITGB2;PDK1;PPP1R15A;NIBAN1;SLA;PLOD2;BTG2;SLC1A4;MCM2;MCM4;DAPP1
21,3,anal_pc5_c21_S1.filtered.gene_spectra_score.k_21.dt_0_01.txt,prerank,HALLMARK_TGF_BETA_SIGNALING,0.4305474063228133,1.043486999072975,0.43140243902439024,0.847247990105133,1.0,8/24,13.88%,CDH1;ID2;BMP2;ID1;ID3;THBS1;TGIF1;FURIN
21,3,anal_pc5_c21_S1.filtered.gene_spectra_score.k_21.dt_0_01.txt,prerank,HALLMARK_TNFA_SIGNALING_VIA_NFKB,-0.21721622794320988,-1.0137020711529456,0.5161290322580645,0.5035801883060369,0.968968968968969,56/150,30.48%,SMAD3;PLAUR;TNFAIP2;SPHK1;BCL6;ACKR3;SGK1;TNFAIP3;TRAF1;NFKB2;ABCA1;MXD1;KLF2;CSF1;BIRC3;PPP1R15A;DRAM1;IL7R;VEGFA;BTG2;GPR183;DUSP1;PFKFB3;PLAU;REL;DUSP5;CCN1;CCL5;IRF1;KYNU;PLEK;RCAN1;EGR1;ICAM1;PTPRE;TNC;ZFP36;ATF3;PLPP3;CD69;MAP3K8;SLC2A3;MAFF;IFIH1;SOCS3;PHLDA1;RHOB;TLR2;EHD1;AREG;CCL2;CD80;PDE4B;NFKBIE;CD83;TUBB2A
21,3,anal_pc5_c21_S1.filtered.gene_spectra_score.k_21.dt_0_01.txt,prerank,HALLMARK_P53_PATHWAY,0.33768097834485344,1.0118881488661111,0.4723203769140165,0.8770977399224152,1.0,16/89,10.48%,AK1;NUPR1;CCND2;GPX2;TOB1;EPS8L2;FUCA1;KLF4;CTSD;KIF13B;BMP2;CEBPA;SERPINB5;VWA5A;ITGB4;IER3
21,3,anal_pc5_c21_S1.filtered.gene_spectra_score.k_21.dt_0_01.txt,prerank,HALLMARK_APICAL_SURFACE,0.3896364732954667,0.9804784155636445,0.4950354609929078,0.9040310339011638,1.0,2/27,2.80%,ATP8B1;AKAP7
21,3,anal_pc5_c21_S1.filtered.gene_spectra_score.k_21.dt_0_01.txt,prerank,HALLMARK_ADIPOGENESIS,0.3336569553057575,0.9383805924537697,0.5859872611464968,0.9505537752290999,1.0,7/51,7.72%,MGLL;PPARG;ESRRA;TOB1;ACAA2;CAT;ACOX1
21,3,anal_pc5_c21_S1.filtered.gene_spectra_score.k_21.dt_0_01.txt,prerank,HALLMARK_ANGIOGENESIS,-0.28803532616906363,-0.9372844734276319,0.5714285714285714,0.6168087786886742,0.990990990990991,9/29,15.28%,FGFR1;COL3A1;JAG2;FSTL1;COL5A2;VEGFA;VCAN;SLCO2A1;S100A4
21,3,anal_pc5_c21_S1.filtered.gene_spectra_score.k_21.dt_0_01.txt,prerank,HALLMARK_SPERMATOGENESIS,0.3457981556335224,0.9270202129815137,0.5844875346260388,0.9271555512157016,1.0,2/36,4.50%,SLC12A2;ACE
21,3,anal_pc5_c21_S1.filtered.gene_spectra_score.k_21.dt_0_01.txt,prerank,HALLMARK_REACTIVE_OXYGEN_SPECIES_PATHWAY,0.39380110124518725,0.9243018704188674,0.578386605783866,0.8868274582560297,1.0,3/19,8.76%,MGST1;CAT;SOD2
21,3,anal_pc5_c21_S1.filtered.gene_spectra_score.k_21.dt_0_01.txt,prerank,HALLMARK_APICAL_JUNCTION,0.30200129344213716,0.9116624950701886,0.6357541899441341,0.8688930117501547,1.0,8/101,6.70%,CLDN7;WNK4;CDH1;PCDH1;CLDN4;ITGA3;WASL;ADAM15
21,3,anal_pc5_c21_S1.filtered.gene_spectra_score.k_21.dt_0_01.txt,prerank,HALLMARK_UNFOLDED_PROTEIN_RESPONSE,-0.29335171704717083,-0.9023579948655346,0.6,0.6408734868264895,0.993993993993994,12/23,31.76%,NABP1;TSPYL2;HERPUD1;VEGFA;SLC1A4;DNAJB9;IFIT1;ATF3;ERN1;CCL2;TUBB2A;SLC7A5
21,3,anal_pc5_c21_S1.filtered.gene_spectra_score.k_21.dt_0_01.txt,prerank,HALLMARK_DNA_REPAIR,0.34640509130584285,0.8326867338687283,0.6577708006279435,0.9767859059476532,1.0,3/22,8.56%,AK1;PNP;VPS37B
21,3,anal_pc5_c21_S1.filtered.gene_spectra_score.k_21.dt_0_01.txt,prerank,HALLMARK_HYPOXIA,0.26564070153813574,0.8096040206244219,0.7803790412486065,0.9728160038719045,1.0,10/111,8.02%,CA12;SELENBP1;HK2;PPARGC1A;FBP1;NEDD4L;SDC4;HSPA5;CITED2;P4HA2
21,3,anal_pc5_c21_S1.filtered.gene_spectra_score.k_21.dt_0_01.txt,prerank,HALLMARK_APOPTOSIS,0.2732781762384444,0.8050862260084867,0.7662037037037037,0.9386419857199078,1.0,10/79,11.30%,LGALS3;CCND2;CCND1;ERBB2;ERBB3;BMP2;SOD2;TIMP1;IER3;IL18
21,3,anal_pc5_c21_S1.filtered.gene_spectra_score.k_21.dt_0_01.txt,prerank,HALLMARK_IL6_JAK_STAT3_SIGNALING,0.2850760407479415,0.7992814894804269,0.7377450980392157,0.9101703491313881,1.0,3/53,6.28%,PLA2G2A;IL1R2;TNFRSF21
21,3,anal_pc5_c21_S1.filtered.gene_spectra_score.k_21.dt_0_01.txt,prerank,HALLMARK_WNT_BETA_CATENIN_SIGNALING,0.3521265409546928,0.7855800789990441,0.7358490566037735,0.8937491080348223,1.0,3/15,12.12%,CCND2;MYC;JAG1
21,3,anal_pc5_c21_S1.filtered.gene_spectra_score.k_21.dt_0_01.txt,prerank,HALLMARK_KRAS_SIGNALING_DN,0.26529310417972185,0.7831908712737838,0.7838150289017342,0.863489564788266,1.0,4/78,7.50%,HSD11B2;TFCP2L1;IGFBP2;GPRC5C
21,3,anal_pc5_c21_S1.filtered.gene_spectra_score.k_21.dt_0_01.txt,prerank,HALLMARK_UV_RESPONSE_DN,0.2510482255985917,0.7260025439357415,0.8377403846153846,0.9036093776353517,1.0,10/69,9.40%,ERBB2;MGLL;PPARG;ICA1;CITED2;PLCB4;ID1;KCNMA1;MYC;FHL2
21,3,anal_pc5_c21_S1.filtered.gene_spectra_score.k_21.dt_0_01.txt,prerank,HALLMARK_MYOGENESIS,0.1981260386575215,0.6039174608678566,0.9703622392974753,0.9860940671509413,1.0,7/112,7.24%,AK1;CKB;ERBB3;VIPR1;EPHB3;MB;SOD3
21,3,anal_pc5_c21_S1.filtered.gene_spectra_score.k_21.dt_0_01.txt,prerank,HALLMARK_COAGULATION,0.19659577129198735,0.5904604605751302,0.9625292740046838,0.9606454151908698,1.0,12/79,13.88%,SERPINA1;CFB;CSRP1;HPN;TIMP1;ADAM9;THBS1;DPP4;LGMN;LRP1;C2;FURIN
21,4,anal_pc5_c21_S1.filtered.gene_spectra_score.k_21.dt_0_01.txt,prerank,HALLMARK_EPITHELIAL_MESENCHYMAL_TRANSITION,-0.5075278091295975,-2.4250342924656385,0.0,0.0,0.0,96/164,25.62%,IL32;GPC1;DST;LRP1;TGFBI;PFN2;IGFBP4;COL6A2;MMP14;FBLN1;COL7A1;IGFBP2;SDC4;DPYSL3;COL5A1;SPARC;JUN;COL4A2;TPM1;COL3A1;RHOB;FSTL1;COL6A3;COL1A2;SERPINH1;THBS1;ELN;ITGB5;COL4A1;CALD1;ITGA2;QSOX1;SLC6A8;TIMP1;HTRA1;FUCA1;MATN2;LAMC1;COL16A1;VEGFA;PMP22;LAMA3;LUM;DCN;COL1A1;MMP2;TPM2;THBS2;TIMP3;FN1;CDH11;GJA1;ITGA5;COL5A2;BMP1;DAB2;VCAN;PLAUR;PLOD2;CXCL12;PDLIM4;TNC;CTHRC1;FBN1;LAMC2;COL5A3;SNAI2;LOXL1;THY1;MYL9;EDIL3;CADM1;IGFBP3;ECM1;MYLK;PRRX1;GREM1;LAMA2;ACTA2;WNT5A;CCN1;GADD45A;CRLF1;BGN;COL12A1;PDGFRB;CCN2;FBLN5;MXRA5;ID2;TFPI2;SAT1;NNMT;TGFBR3;ABI3BP;TNFRSF12A
21,4,anal_pc5_c21_S1.filtered.gene_spectra_score.k_21.dt_0_01.txt,prerank,HALLMARK_E2F_TARGETS,-0.5992214889264419,-2.322166717597624,0.0,0.0,0.0,43/54,33.32%,PRDX4;TOP2A;CDK1;MCM2;CDKN2A;MKI67;HMGB2;PTTG1;CDKN2C;CIT;CKS2;MCM4;KPNA2;TK1;HMMR;CCNB2;DLGAP5;LMNB1;AURKB;PLK1;CDC20;CDKN1A;MCM6;EZH2;SMC4;TCF19;KIF18B;RRM2;CDCA3;MELK;KIF2C;BIRC5;CDCA8;AURKA;CDC25B;KIF4A;SPAG5;ESPL1;DIAPH3;HELLS;CENPE;SPC25;DEPDC1
21,4,anal_pc5_c21_S1.filtered.gene_spectra_score.k_21.dt_0_01.txt,prerank,HALLMARK_G2M_CHECKPOINT,-0.5245009077534701,-2.1881885229294697,0.0,0.0,0.0,48/68,33.08%,TOP2A;CDK1;MCM2;TPX2;MKI67;KIF23;PTTG1;NUSAP1;CDKN2C;MEIS1;CKS2;KPNA2;HMMR;TROAP;MT2A;CENPF;SLC12A2;SLC7A5;CCNB2;SLC7A1;NDC80;PRC1;LMNB1;AURKB;PLK1;CDC20;CENPA;MCM6;EZH2;SMC4;TTK;KIF2C;BIRC5;MEIS2;ODC1;AURKA;KIF11;RAD54L;CDC25B;CCNF;BUB1;KIF4A;ESPL1;INCENP;NEK2;KIF15;CDC45;CENPE
21,4,anal_pc5_c21_S1.filtered.gene_spectra_score.k_21.dt_0_01.txt,prerank,HALLMARK_ESTROGEN_RESPONSE_LATE,-0.4411678945079013,-2.0054868762074674,0.0,0.002713831180984466,0.002004008016032064,46/106,17.62%,XBP1;NBL1;CXCL14;CDH1;AGR2;MDK;CA12;CKB;IGFBP4;SCNN1A;KRT19;PLXNB1;KLF4;RAPGEFL1;FOS;CPE;TFF3;TOP2A;PRSS23;LLGL2;SERPINA1;TJP3;HR;SLC1A4;CA2;TOB1;FARP1;MYB;ASS1;TIAM1;BLVRB;CAV1;UGDH;FGFR3;OVOL2;CXCL12;SLC26A2;KIF20A;HSPA4L;LAMC2;SLC16A1;SLC7A5;CISH;FABP5;KCNK5;KLK11
21,4,anal_pc5_c21_S1.filtered.gene_spectra_score.k_21.dt_0_01.txt,prerank,HALLMARK_APICAL_JUNCTION,-0.4062634491496754,-1.8895502486400146,0.0,0.0043421298895751454,0.004008016032064128,41/101,18.04%,CLDN7;ITGB4;CDH1;CLDN4;TGFBI;MDK;COL17A1;FYB1;LAMB3;ADAM15;PCDH1;CDH3;ADAM23;CD276;MPZL2;ADAM9;ITGA2;ITGA3;COL16A1;PIK3R3;TJP1;LAMA3;NLGN2;CD209;MMP2;SDC3;TSPAN4;CDH11;BMP1;WNK4;ITGA9;VCAN;SORBS3;NECTIN4;FBN1;LAMC2;LAYN;PLCG1;THY1;MYL9;CERCAM
21,4,anal_pc5_c21_S1.filtered.gene_spectra_score.k_21.dt_0_01.txt,prerank,HALLMARK_UV_RESPONSE_DN,-0.4251026669409288,-1.7499529008061527,0.012195121951219513,0.011759935117599351,0.013026052104208416,45/69,25.72%,ERBB2;COL3A1;LDLR;ID1;MGLL;COL1A2;NFIB;IGFBP5;RUNX1;PLCB4;LAMC1;NRP1;PIK3R3;TJP1;DUSP1;PMP22;TFPI;COL1A1;CAV1;FHL2;ADGRL2;GJA1;COL5A2;EFEMP1;DAB2;MAP1B;PPARG;RBPMS;SDC2;ICA1;SLC7A1;PTPRM;SNAI2;CITED2;CCN1;KIT;F3;FYN;PDLIM5;LPAR1;PDGFRB;FBLN5;LTBP1;TGFBR3;KCNMA1
21,4,anal_pc5_c21_S1.filtered.gene_spectra_score.k_21.dt_0_01.txt,prerank,HALLMARK_COAGULATION,-0.3922699744908893,-1.6855407878077142,0.0,0.02558755113499639,0.033066132264529056,39/79,25.02%,CTSB;LRP1;GSN;MMP14;ANXA1;LGMN;SPARC;C1R;C1QA;C1S;PRSS23;A2M;THBS1;SERPINA1;ADAM9;ITGA2;TIMP1;HTRA1;CFB;MMP2;TIMP3;FN1;BMP1;PLAU;SERPING1;CLU;C2;FBN1;CSRP1;PLAT;CFH;F3;FYN;CFD;PECAM1;C3;VWF;CTSK;TFPI2
21,4,anal_pc5_c21_S1.filtered.gene_spectra_score.k_21.dt_0_01.txt,prerank,HALLMARK_ALLOGRAFT_REJECTION,0.578313688500477,1.6598273332141333,0.0020639834881320948,0.041519000439765114,0.1,30/121,7.64%,CD40;IRF8;CD74;CD79A;LTB;PTPN6;PRKCB;TLR6;LY86;CD1D;FCGR2B;MAP4K1;IL16;LYN;TLR1;HDAC9;NCF4;SPI1;CD80;HCLS1;PTPRC;FGR;IL7;GPR65;ST8SIA4;WAS;CD86;LY75;IRF7;IL6
21,4,anal_pc5_c21_S1.filtered.gene_spectra_score.k_21.dt_0_01.txt,prerank,HALLMARK_HEDGEHOG_SIGNALING,-0.5626394470112389,-1.6294299725179535,0.016556291390728478,0.03595826314804417,0.052104208416833664,12/17,33.82%,ADGRG1;NRP1;VEGFA;NRCAM;DPYSL2;THY1;HEY1;CRMP1;VLDLR;UNC5C;ACHE;NRP2
21,4,anal_pc5_c21_S1.filtered.gene_spectra_score.k_21.dt_0_01.txt,prerank,HALLMARK_INTERFERON_GAMMA_RESPONSE,0.5729009923788885,1.6222086757604641,0.0010427528675703858,0.032594355485423075,0.154,37/111,15.12%,BANK1;CIITA;CD40;IRF8;CD74;PTPN6;SP110;PARP14;GPR18;NLRC5;IL7;ST8SIA4;CD86;ARID5B;IRF7;IL18BP;IL6;ST3GAL5;SAMD9L;IFI30;PSMB9;CD38;ISG20;PDE4B;ITGB7;MX2;CASP8;OAS2;TRIM25;NOD1;IRF1;IFIH1;XAF1;RAPGEF6;CD69;JAK2;EPSTI1
21,4,anal_pc5_c21_S1.filtered.gene_spectra_score.k_21.dt_0_01.txt,prerank,HALLMARK_ESTROGEN_RESPONSE_EARLY,-0.36903819177712366,-1.621537808938495,0.0,0.035581342150685216,0.05811623246492986,45/118,16.44%,CLDN7;XBP1;KRT8;NBL1;ELF3;CA12;IGFBP4;SCNN1A;KRT19;KLF4;MUC1;RAPGEFL1;FOS;TFF3;ESRP2;KRT15;DHRS3;HES1;MLPH;PRSS23;AQP3;BCL11B;LRIG1;TJP3;HR;SLC1A4;TOB1;FARP1;MYB;TIAM1;BLVRB;FHL2;SVIL;GJA1;TTC39A;OVOL2;LAD1;CXCL12;TUBB2B;SLC26A2;SLC16A1;SLC7A5;RASGRP1;CISH;KAZN
21,4,anal_pc5_c21_S1.filtered.gene_spectra_score.k_21.dt_0_01.txt,prerank,HALLMARK_MYOGENESIS,-0.34818198138257905,-1.603568848741276,0.0,0.039621935242373195,0.07114228456913828,61/112,33.02%,ITGB4;CKB;GSN;COL6A2;SPARC;COL4A2;COL3A1;ERBB3;NQO1;SPHK1;EFS;COL6A3;ITGB5;CNN3;IGFBP7;SLC6A8;MYH11;COL1A1;CDH13;TPM2;SVIL;EPHB3;CLU;SORBS3;AK1;COL15A1;SOD3;MAPRE3;VIPR1;IGFBP3;NAV2;KIFC3;CDKN1A;SMTN;SCD;MYLK;LAMA2;CRYAB;CFD;BDKRB2;NCAM1;DTNA;WWTR1;GAA;GPX3;TEAD4;FST;TNNT3;SPEG;PVALB;CD36;MB;KCNH2;CACNA1H;ITGA7;PDLIM7;IGF1;ACHE;ADAM12;TNNT1;SORBS1
21,4,anal_pc5_c21_S1.filtered.gene_spectra_score.k_21.dt_0_01.txt,prerank,HALLMARK_ANGIOGENESIS,-0.4886391510473839,-1.581602246069758,0.04060913705583756,0.04292787504466337,0.08316633266533066,18/29,31.18%,JAG1;FGFR1;COL3A1;FSTL1;TNFRSF21;TIMP1;NRP1;VEGFA;LUM;COL5A2;VCAN;JAG2;S100A4;PDGFA;CCND2;SLCO2A1;SPP1;POSTN
21,4,anal_pc5_c21_S1.filtered.gene_spectra_score.k_21.dt_0_01.txt,prerank,HALLMARK_P53_PATHWAY,-0.36428821959616203,-1.5553644564571028,0.0,0.04884896125772038,0.10320641282565131,38/89,20.70%,ITGB4;GPX2;NUPR1;TP63;CTSD;EPHX1;KLF4;CLCA2;FOS;JUN;EPS8L2;KRT17;SPHK1;SERPINB5;CDKN2A;EPHA2;TM4SF1;FUCA1;ABCC5;CDKN2B;TOB1;CDH13;NDRG1;VWA5A;BMP2;NINJ1;AK1;HSPA4L;JAG2;TSC22D1;CEBPA;S100A4;CDKN1A;PITPNC1;GADD45A;IER3;SLC7A11;TCN2
21,4,anal_pc5_c21_S1.filtered.gene_spectra_score.k_21.dt_0_01.txt,prerank,HALLMARK_INTERFERON_ALPHA_RESPONSE,0.5826862265505757,1.5436906368976313,0.01979045401629802,0.06117908787541713,0.363,21/50,17.60%,CD74;SP110;SELL;PARP14;IL7;IRF7;SAMD9L;IFI30;PSMB9;ISG20;CASP8;TRIM25;IRF1;IFIH1;TRIM5;EPSTI1;SAMD9;GBP4;NUB1;IFI44L;MX1
21,4,anal_pc5_c21_S1.filtered.gene_spectra_score.k_21.dt_0_01.txt,prerank,HALLMARK_CHOLESTEROL_HOMEOSTASIS,-0.43047729729144724,-1.4974832969734928,0.03015075376884422,0.0638794108754805,0.14128256513026052,19/35,31.22%,LGALS3;JAG1;LGMN;LDLR;MAL2;PLAUR;PPARG;CLU;NFIL3;FADS2;FABP5;SCD;ALCAM;CXCL16;FASN;TNFRSF12A;MVK;ABCA2;ERRFI1
21,4,anal_pc5_c21_S1.filtered.gene_spectra_score.k_21.dt_0_01.txt,prerank,HALLMARK_APOPTOSIS,-0.3291675450231341,-1.4080046397693062,0.012195121951219513,0.11436859977005963,0.24849699398797595,37/79,25.62%,LGALS3;CD2;TIMP2;GSN;ANXA1;CD14;JUN;TNFSF10;ERBB2;RHOB;ERBB3;TOP2A;EMP1;TIMP1;HMGB2;LUM;DCN;IFITM3;MMP2;CAV1;TIMP3;SOD2;PRF1;CLU;BMP2;CDKN1A;PLAT;GADD45A;IER3;FASLG;BGN;PDGFRB;LEF1;SAT1;TGFBR3;GPX3;TNFRSF12A
21,4,anal_pc5_c21_S1.filtered.gene_spectra_score.k_21.dt_0_01.txt,prerank,HALLMARK_XENOBIOTIC_METABOLISM,-0.33295566631973095,-1.3997326348778312,0.031914893617021274,0.11289537712895376,0.2605210420841683,24/80,13.38%,EPHX1;TMEM176B;IGFBP4;FBLN1;AKR1C3;ALDH3A1;MAN1A1;MAOA;AKR1C2;APOE;ABCC3;NQO1;EPHA2;BCAR1;GCLC;CFB;CA2;BLVRB;CES1;UGDH;PTGR1;MT2A;NDRG2;IL1R1
21,4,anal_pc5_c21_S1.filtered.gene_spectra_score.k_21.dt_0_01.txt,prerank,HALLMARK_GLYCOLYSIS,-0.36055073409294536,-1.398780821559787,0.06578947368421052,0.10651787385364028,0.26152304609218435,31/67,23.46%,GPC1;ELF3;TGFBI;COL5A1;TFF3;CDK1;CHPF;B3GNT3;GCLC;PAM;HSPA5;QSOX1;VEGFA;GPC3;DCN;SDC3;DSC2;HMMR;P4HA2;VCAN;PLOD2;SDC2;KIF20A;ME1;IGFBP3;CITED2;CENPA;IER3;HK2;EGLN3;GPC4
21,4,anal_pc5_c21_S1.filtered.gene_spectra_score.k_21.dt_0_01.txt,prerank,HALLMARK_TGF_BETA_SIGNALING,-0.4528000203841529,-1.391726689425985,0.09274193548387097,0.10567977893010096,0.2725450901803607,13/24,30.36%,CDH1;ID1;THBS1;TJP1;TGIF1;ENG;BMP2;SMAD1;LTBP2;ID2;WWTR1;CDKN1C;SMAD6
21,4,anal_pc5_c21_S1.filtered.gene_spectra_score.k_21.dt_0_01.txt,prerank,HALLMARK_ADIPOGENESIS,-0.3565877232846746,-1.3588731186762182,0.036231884057971016,0.12272547674007528,0.3316633266533066,30/51,33.02%,APOE;MGLL;COL4A1;LAMA4;PHLDB1;TOB1;CDKN2C;CAVIN1;SPARCL1;ITIH5;DNAJB9;PPARG;ACAA2;COL15A1;ME1;MYLK;CAVIN2;GADD45A;ACOX1;C3;FZD4;GPX3;CD36;ITSN1;LIFR;ITGA7;CYP4B1;ENPP2;ABCA1;SORBS1
21,4,anal_pc5_c21_S1.filtered.gene_spectra_score.k_21.dt_0_01.txt,prerank,HALLMARK_UNFOLDED_PROTEIN_RESPONSE,-0.4449899466724641,-1.3577492361977268,0.1213235294117647,0.11712324044248747,0.3346693386773547,13/23,28.48%,XBP1;HSP90B1;HSPA5;SLC1A4;VEGFA;ERN1;DNAJB9;SLC7A5;CCL2;TUBB2A;CEBPB;SHC1;PSAT1
21,4,anal_pc5_c21_S1.filtered.gene_spectra_score.k_21.dt_0_01.txt,prerank,HALLMARK_PEROXISOME,-0.39088413303148795,-1.3211738850772852,0.09803921568627451,0.1346060265768295,0.3897795591182365,14/32,28.20%,ALDH1A1;HSD11B2;DHRS3;TOP2A;ABCC5;CRABP2;SOD2;CEL;CADM1;SEMA3C;ACOX1;DLG4;HSD17B11;NR1I2
21,4,anal_pc5_c21_S1.filtered.gene_spectra_score.k_21.dt_0_01.txt,prerank,HALLMARK_UV_RESPONSE_UP,-0.3129617504865626,-1.2761292225430827,0.09615384615384616,0.169032913558461,0.47194388777555113,20/66,17.48%,EPCAM;EPHX1;MMP14;IGFBP2;FOS;MAOA;RHOB;CREG1;AQP3;SLC6A8;CDKN2B;CA2;HYAL2;PTPRD;RAB27A;SOD2;BMP2;RASGRP1;DNAJB1;HSPA2
21,4,anal_pc5_c21_S1.filtered.gene_spectra_score.k_21.dt_0_01.txt,prerank,HALLMARK_KRAS_SIGNALING_UP,0.4317648145158574,1.2344049767470247,0.14212152420185376,0.6532452078536876,0.996,14/131,5.70%,CD37;IRF8;CXCR4;LAT2;LAPTM5;DOCK2;KCNN4;MAP4K1;HDAC9;IKZF1;LCP1;BIRC3;ADAM8;ST6GAL1
21,4,anal_pc5_c21_S1.filtered.gene_spectra_score.k_21.dt_0_01.txt,prerank,HALLMARK_PI3K_AKT_MTOR_SIGNALING,0.49303958907840045,1.2276223838375033,0.20668316831683167,0.5437824973484751,0.997,9/32,17.14%,CXCR4;PRKCB;DAPP1;ITPR2;NOD1;MKNK2;IL2RG;VAV3;SLC2A1
21,4,anal_pc5_c21_S1.filtered.gene_spectra_score.k_21.dt_0_01.txt,prerank,HALLMARK_FATTY_ACID_METABOLISM,-0.3189479316883532,-1.188616644057427,0.17333333333333334,0.25213958790601126,0.6212424849699398,14/44,16.76%,GLUL;EPHX1;ALDH1A1;ALDH3A1;MAOA;MGLL;HPGD;CA2;UGDH;CA4;CBR3;ACAA2;CEL;ME1
21,4,anal_pc5_c21_S1.filtered.gene_spectra_score.k_21.dt_0_01.txt,prerank,HALLMARK_BILE_ACID_METABOLISM,-0.3213993840268946,-1.1484847443246005,0.20765027322404372,0.28790209050443893,0.6833667334669339,18/37,35.44%,ALDH1A1;RBP1;TFCP2L1;SULT1B1;CYP7B1;FADS2;ABCA8;CYP27A1;SLC29A1;BMP6;HSD17B11;LCK;NR1I2;ABCA2;ABCA1;HSD17B6;ABCA6;AR
21,4,anal_pc5_c21_S1.filtered.gene_spectra_score.k_21.dt_0_01.txt,prerank,HALLMARK_APICAL_SURFACE,-0.3444886093546321,-1.1189317466978317,0.3070539419087137,0.3181967059704286,0.7394789579158316,16/27,28.26%,ATP8B1;IL2RB;GSTM3;SULF2;PLAUR;CROCC;EPHB4;THY1;DCBLD2;GATA3;AKAP7;LYPD3;RHCG;MAL;AFAP1L2;CX3CL1
21,4,anal_pc5_c21_S1.filtered.gene_spectra_score.k_21.dt_0_01.txt,prerank,HALLMARK_IL2_STAT5_SIGNALING,0.38041900970256903,1.0790526078200122,0.37214137214137216,0.9415500426830845,1.0,18/127,9.36%,CD79B;IRF8;LTB;SELL;SWAP70;ADAM19;CD83;RHOH;BCL2;GPR65;CD86;CTSZ;TLR7;CD48;MAP3K8;CAPN3;AGER;COCH
21,4,anal_pc5_c21_S1.filtered.gene_spectra_score.k_21.dt_0_01.txt,prerank,HALLMARK_HYPOXIA,-0.2461013381419363,-1.0546638741456626,0.3181818181818182,0.40229833426913725,0.8396793587174348,41/111,23.46%,GPC1;TGFBI;CA12;PKP1;SDC4;COL5A1;FOS;JUN;SELENBP1;ACKR3;PAM;EFNA1;HSPA5;VEGFA;DUSP1;GPC3;DCN;CAVIN1;SDC3;CAV1;RORA;PIM1;NDRG1;P4HA2;MT2A;PLAUR;SDC2;NFIL3;IGFBP3;CITED2;S100A4;PPARGC1A;CDKN1A;CCN1;IER3;F3;BGN;CCN2;HK2;NEDD4L;GPC4
21,4,anal_pc5_c21_S1.filtered.gene_spectra_score.k_21.dt_0_01.txt,prerank,HALLMARK_WNT_BETA_CATENIN_SIGNALING,-0.3863990311274723,-1.0459318639527846,0.4368932038834951,0.40269079600915647,0.8486973947895792,7/15,33.62%,JAG1;DLL1;JAG2;HEY1;LEF1;CCND2;DKK1
21,4,anal_pc5_c21_S1.filtered.gene_spectra_score.k_21.dt_0_01.txt,prerank,HALLMARK_IL6_JAK_STAT3_SIGNALING,0.38515683842846465,1.0351652464674164,0.44760820045558086,0.9516110554732279,1.0,12/53,14.40%,LTB;ITGA4;IL7;IL6;MAP3K8;CD38;TNF;PIK3R5;IL12RB1;IRF1;CCR1;IL2RG
21,4,anal_pc5_c21_S1.filtered.gene_spectra_score.k_21.dt_0_01.txt,prerank,HALLMARK_REACTIVE_OXYGEN_SPECIES_PATHWAY,-0.32851168631274785,-0.9579590422512411,0.4895833333333333,0.5632707384532202,0.9408817635270541,8/19,14.02%,PRDX4;MGST1;FTL;NQO1;GCLC;TXNRD1;IPCEF1;SOD2
21,4,anal_pc5_c21_S1.filtered.gene_spectra_score.k_21.dt_0_01.txt,prerank,HALLMARK_TNFA_SIGNALING_VIA_NFKB,0.3247083565141212,0.9325751905434393,0.6489795918367347,1.0,1.0,27/150,13.04%,REL;CD83;SLC2A6;NFKB2;KYNU;BIRC3;CD80;IER5;NFKBIE;PLEK;BCL2A1;IL6;BTG2;EHD1;SMAD3;GPR183;MAP3K8;PDE4B;NFAT5;CLCF1;TNF;KLF2;PFKFB3;IRF1;ZC3H12A;EGR3;IFIH1
21,4,anal_pc5_c21_S1.filtered.gene_spectra_score.k_21.dt_0_01.txt,prerank,HALLMARK_ANDROGEN_RESPONSE,-0.25740481999121334,-0.9021783146067273,0.6666666666666666,0.6623686532445656,0.9679358717434869,21/41,30.02%,KRT8;MAF;KRT19;SELENOP;HPGD;PLPP1;DBI;NDRG1;DNAJB9;IQGAP2;SLC26A2;TSC22D1;SCD;STK39;PDLIM5;SGK1;ADAMTS1;SAT1;MERTK;AKAP12;LIFR
21,4,anal_pc5_c21_S1.filtered.gene_spectra_score.k_21.dt_0_01.txt,prerank,HALLMARK_INFLAMMATORY_RESPONSE,0.3172562814934143,0.8943389326952892,0.6994818652849741,1.0,1.0,22/141,13.84%,CD40;CYBB;SELL;LYN;TLR1;GPR132;IRF7;IL6;BTG2;CD48;GPR183;CD55;PDE4B;GABBR1;CCR7;SEMA4D;LTA;PIK3R5;IRF1;SLAMF1;CD70;PTAFR
21,4,anal_pc5_c21_S1.filtered.gene_spectra_score.k_21.dt_0_01.txt,prerank,HALLMARK_COMPLEMENT,0.31373510177776304,0.8929073547968376,0.691908713692946,0.9856300281967044,1.0,25/122,12.90%,CR1;CR2;CTSH;LYN;KYNU;PLEK;DOCK10;WAS;IRF7;IL6;EHD1;KCNIP2;PSMB9;SH2B3;CD55;PRKCD;ZEB1;ITGAM;PIK3R5;GCA;STX4;IRF1;LTA4H;DGKG;APOBEC3G
21,4,anal_pc5_c21_S1.filtered.gene_spectra_score.k_21.dt_0_01.txt,prerank,HALLMARK_SPERMATOGENESIS,-0.24804543351625405,-0.8759415545807357,0.6685082872928176,0.6898746022833614,0.9749498997995992,18/36,34.92%,CDK1;GSTM3;HSPA4L;SLC12A2;CCNB2;HSPA2;ACE;EZH2;TTK;SHE;KIF2C;AURKA;BUB1;GFI1;NEK2;ADCYAP1;CAMK4;PCSK1N
21,4,anal_pc5_c21_S1.filtered.gene_spectra_score.k_21.dt_0_01.txt,prerank,HALLMARK_DNA_REPAIR,0.3584870892918274,0.8384997296605756,0.6788990825688074,0.9951508253238859,1.0,9/22,20.08%,HCLS1;PDE4B;POLH;NT5C3A;SNAPC4;USP11;POLA1;LIG1;VPS37B
21,4,anal_pc5_c21_S1.filtered.gene_spectra_score.k_21.dt_0_01.txt,prerank,HALLMARK_KRAS_SIGNALING_DN,0.27220242745072715,0.7446919800903232,0.8663101604278075,1.0,1.0,6/78,7.80%,TCL1A;CD80;SLC12A3;MAST3;STAG3;BTG2
21,4,anal_pc5_c21_S1.filtered.gene_spectra_score.k_21.dt_0_01.txt,prerank,HALLMARK_MTORC1_SIGNALING,0.25949189667880324,0.7042903446147807,0.8715697036223929,1.0,1.0,6/72,8.02%,CXCR4;CORO1A;DAPP1;ELOVL5;BTG2;IFI30
21,4,anal_pc5_c21_S1.filtered.gene_spectra_score.k_21.dt_0_01.txt,prerank,HALLMARK_MITOTIC_SPINDLE,0.23082598134082102,0.6284073366869409,0.9418103448275862,1.0,1.0,9/77,10.84%,DOCK2;CNTRL;ARHGAP4;ARHGAP27;TRIO;BIN1;ARHGEF2;PREX1;RHOF
21,4,anal_pc5_c21_S1.filtered.gene_spectra_score.k_21.dt_0_01.txt,prerank,HALLMARK_HEME_METABOLISM,0.2320124810424641,0.6126883361875681,0.9324169530355098,0.9473057919652327,1.0,14/55,17.94%,BMP2K;UCP2;ACP5;BTG2;KAT2B;LMO2;SLC25A37;KDM7A;DAAM1;GYPE;CCND3;SLC2A1;EPB41;CAT
21,5,anal_pc5_c21_S1.filtered.gene_spectra_score.k_21.dt_0_01.txt,prerank,HALLMARK_UNFOLDED_PROTEIN_RESPONSE,0.7919601136879468,2.463803559818934,0.0,0.0,0.0,10/23,2.56%,HERPUD1;XBP1;DNAJB9;HSP90B1;SLC1A4;ERN1;CHAC1;HSPA5;PSAT1;SLC7A5
21,5,anal_pc5_c21_S1.filtered.gene_spectra_score.k_21.dt_0_01.txt,prerank,HALLMARK_EPITHELIAL_MESENCHYMAL_TRANSITION,-0.4983916151331226,-1.9659850996296964,0.0,0.0,0.0,93/164,30.00%,IL32;IGFBP4;SAT1;CAPG;GPC1;PFN2;SPARC;IGFBP2;LRP1;TGFBI;DPYSL3;MMP14;SDC4;FBLN1;COL3A1;DST;COL6A2;TPM1;COL4A2;FSTL1;COL1A2;QSOX1;FLNA;CALD1;COL5A1;COL4A1;FUCA1;COL7A1;JUN;COL6A3;ITGB5;LUM;ELN;MMP2;WIPF1;TAGLN;RHOB;DCN;MATN2;SERPINH1;COL1A1;THBS1;TPM2;LAMA3;HTRA1;MYL9;FN1;PMP22;SLC6A8;ITGA2;ACTA2;BMP1;EDIL3;TIMP3;GJA1;COL5A2;BGN;ITGA5;VCAM1;VCAN;COL16A1;FAS;IGFBP3;CXCL12;PLOD2;FBN1;MYLK;PCOLCE;TNC;LAMC1;PDLIM4;ANPEP;THBS2;THY1;FBLN2;WNT5A;CDH11;VEGFA;DAB2;LOXL1;PRRX1;MXRA5;ECM1;ID2;SNAI2;TGM2;PLAUR;GREM1;NNMT;PDGFRB;NT5E;LAMC2;ABI3BP
21,5,anal_pc5_c21_S1.filtered.gene_spectra_score.k_21.dt_0_01.txt,prerank,HALLMARK_P53_PATHWAY,-0.5321390822668459,-1.9330127666263492,0.0,0.0,0.0,53/89,27.14%,GPX2;NUPR1;ITGB4;SAT1;DGKA;EPHX1;KRT17;CTSD;TP63;IFI30;ABCC5;EPS8L2;TOB1;CCND2;KLF4;SERPINB5;FUCA1;JUN;S100A4;TRAF4;SPHK1;AK1;CLCA2;GM2A;CDKN2A;TSC22D1;IER5;EPHA2;TM4SF1;MKNK2;PITPNC1;NDRG1;CCND3;RNF19B;CDKN2B;FAS;NINJ1;FOS;CDKN1A;IER3;SOCS1;JAG2;ZBTB16;DEF6;RAP2B;CYFIP2;CEBPA;CDH13;HEXIM1;VWA5A;HMOX1;BMP2;MXD1
21,5,anal_pc5_c21_S1.filtered.gene_spectra_score.k_21.dt_0_01.txt,prerank,HALLMARK_MITOTIC_SPINDLE,-0.5142660638344545,-1.8098083314335465,0.0,0.0018280720527911539,0.005,62/77,39.58%,GSN;ARHGAP4;LMNB1;DST;PALLD;CNTRL;FLNB;FLNA;BIN1;NUSAP1;PXN;CDK1;BCAR1;KIF22;CEP72;NET1;RAPGEF6;TOP2A;FARP1;SMC4;WASL;MID1;TPX2;ECT2;EPB41L2;FSCN1;TRIO;CDC42EP4;ARHGEF2;ANLN;PRC1;BIRC5;KIF11;CENPF;KIF23;CEP250;CCNB2;NDC80;RHOF;KIF20B;PREX1;PLK1;DOCK2;ARHGAP27;BCL2L11;STK38L;KIF2C;NEDD9;RAPGEF5;INCENP;TIAM1;PDLIM5;MAP1S;DOCK4;FGD4;CDC42EP2;BUB1;DLGAP5;TUBA4A;ARHGAP10;NEK2;KIF15
21,5,anal_pc5_c21_S1.filtered.gene_spectra_score.k_21.dt_0_01.txt,prerank,HALLMARK_XENOBIOTIC_METABOLISM,-0.4878319254946787,-1.78156802252171,0.0,0.0016452648475120384,0.006,37/80,26.24%,TMEM176B;IGFBP4;EPHX1;FBLN1;AKR1C3;GCLC;ELOVL5;IRF8;CA2;NQO1;ALDH3A1;UGDH;AKR1C2;MAOA;PTGR1;ABCC3;SLC6A6;CAT;APOE;BCAR1;NDRG2;PTGDS;EPHA2;CFB;BLVRB;FAS;NINJ1;CES1;ACOX1;CYB5A;IL1R1;CYP27A1;MT2A;KYNU;CYFIP2;HMOX1;ID2
21,5,anal_pc5_c21_S1.filtered.gene_spectra_score.k_21.dt_0_01.txt,prerank,HALLMARK_TGF_BETA_SIGNALING,-0.5739250171802757,-1.6357955576328076,0.004932182490752158,0.010749063670411986,0.045,16/24,27.38%,SMAD3;CDH1;ID1;TGIF1;ID3;THBS1;TGFBR1;ENG;SLC20A1;TJP1;SMAD1;LTBP2;FURIN;ID2;BMP2;WWTR1
21,5,anal_pc5_c21_S1.filtered.gene_spectra_score.k_21.dt_0_01.txt,prerank,HALLMARK_G2M_CHECKPOINT,-0.47346248737951496,-1.6337758750278828,0.0011792452830188679,0.009688781879793116,0.049,58/68,42.90%,SMAD3;LMNB1;MCM2;SLC12A2;NUSAP1;CDK1;KIF22;EZH2;MKI67;CDC25B;PTTG1;TOP2A;MCM6;SMC4;POLE;TPX2;CDKN2C;KPNA2;MAP3K20;MEIS1;ODC1;TACC3;PRC1;BIRC5;MT2A;KIF11;CENPF;KIF23;MYBL2;CCND1;E2F1;CCNB2;NDC80;CDC20;MYC;KIF20B;CKS2;PLK1;FANCC;TROAP;KIF2C;RAD54L;INCENP;CCNF;BUB1;ORC6;AURKB;SNRPD1;NEK2;KIF15;POLQ;CDC45;HMMR;AURKA;CENPE;UBE2C;DMD;ESPL1
21,5,anal_pc5_c21_S1.filtered.gene_spectra_score.k_21.dt_0_01.txt,prerank,HALLMARK_E2F_TARGETS,-0.489047811114221,-1.6219529871024034,0.0011750881316098707,0.010184972865550713,0.06,38/54,28.52%,TFRC;HELLS;LMNB1;MCM2;MCM4;HMGB2;CENPM;CDK1;KIF22;EZH2;MKI67;CDKN2A;CDC25B;PTTG1;TK1;TOP2A;MCM6;SMC4;LIG1;POLE;CDKN2C;KPNA2;NCAPD2;ANP32E;CDKN1A;TACC3;RRM2;BIRC5;MYBL2;CIT;MELK;CCNB2;CDC20;MYC;CKS2;PLK1;TCF19;SPAG5
21,5,anal_pc5_c21_S1.filtered.gene_spectra_score.k_21.dt_0_01.txt,prerank,HALLMARK_APOPTOSIS,-0.4474537046137169,-1.6038090360292943,0.0,0.012202380952380952,0.082,49/79,32.98%,GSN;LGALS3;ANXA1;SAT1;TNFSF10;IFITM3;SATB1;CCND2;CD2;CLU;HMGB2;SOD2;JUN;ERBB2;LUM;MMP2;RHOB;PPT1;ERBB3;DCN;CDC25B;EMP1;TIMP2;TOP2A;CD14;SLC20A1;CASP8;PLCB2;TIMP3;BGN;FAS;DPYD;CDKN1A;IER3;BIRC3;CCND1;PMAIP1;HMOX1;BMP2;BNIP3L;PDGFRB;IL18;BCL2L11;PRF1;CD69;NEDD9;PLAT;GPX3;RARA
21,5,anal_pc5_c21_S1.filtered.gene_spectra_score.k_21.dt_0_01.txt,prerank,HALLMARK_UV_RESPONSE_DN,-0.4611877702470175,-1.6019754711440186,0.002355712603062426,0.011577789667677307,0.088,47/69,35.74%,SMAD3;COL3A1;CELF2;RUNX1;TGFBR2;IGFBP5;COL1A2;ID1;PIK3CD;ERBB2;PLPP3;FYN;COL1A1;NFIB;FHL2;EFEMP1;PLCB4;PMP22;LDLR;PIK3R3;GJA1;COL5A2;PPARG;TFPI;MGLL;TJP1;SDC2;NRP1;LPAR1;ADGRL2;LAMC1;DAB2;SNAI2;ICA1;MYC;MAP1B;LTBP1;RBPMS;PDGFRB;VAV2;RND3;PDLIM5;VLDLR;CCN1;PTPRM;FBLN5;ITGB3
21,5,anal_pc5_c21_S1.filtered.gene_spectra_score.k_21.dt_0_01.txt,prerank,HALLMARK_COAGULATION,-0.4501419041487602,-1.6004069399438308,0.0,0.010749063670411986,0.09,29/79,17.66%,CTSB;GSN;ANXA1;SPARC;LRP1;MMP14;A2M;C1S;C1R;CLU;PRSS23;CSRP1;MMP2;CTSK;C1QA;ADAM9;FYN;THBS1;SERPINA1;HTRA1;CFB;FN1;ITGA2;BMP1;TIMP3;LGMN;CTSH;SERPING1;C2
21,5,anal_pc5_c21_S1.filtered.gene_spectra_score.k_21.dt_0_01.txt,prerank,HALLMARK_PEROXISOME,-0.517846442813361,-1.5921372491519272,0.006031363088057901,0.011566710443114936,0.108,16/32,26.38%,ALDH1A1;ABCC5;ELOVL5;ACSL5;DHRS3;SOD2;HSD11B2;HSD17B11;CAT;TOP2A;CRABP2;ACSL1;ACOX1;SEMA3C;CEL;ECI2
21,5,anal_pc5_c21_S1.filtered.gene_spectra_score.k_21.dt_0_01.txt,prerank,HALLMARK_APICAL_JUNCTION,-0.42887971207626363,-1.5903028503329524,0.0023094688221709007,0.010785625111467807,0.11,42/101,21.48%,EVL;CLDN4;CLDN7;CDH1;ITGB4;MDK;TGFBI;COL17A1;PLCG1;LAMB3;ADAM15;FYB1;TRAF1;MPZL2;PTPRC;ADAM23;MMP2;ADAM9;CDH3;SDC3;PCDH1;LAMA3;ITGA3;MYL9;STX4;ITGA2;CD276;SORBS3;WASL;BMP1;NLGN2;PIK3R3;EPB41L2;VCAM1;VCAN;COL16A1;FSCN1;TJP1;MAP3K20;WNK4;LAYN;FBN1
21,5,anal_pc5_c21_S1.filtered.gene_spectra_score.k_21.dt_0_01.txt,prerank,HALLMARK_FATTY_ACID_METABOLISM,-0.48646393409841443,-1.5536724973641063,0.009626955475330927,0.015102687574597685,0.164,20/44,21.58%,GLUL;ALDH1A1;EPHX1;ELOVL5;ACSL5;CA2;ALDH3A1;UGDH;MAOA;HSD17B11;FASN;HSPH1;HPGD;ACAA2;MGLL;CA4;ACSL1;ACOX1;ACAT2;ODC1
21,5,anal_pc5_c21_S1.filtered.gene_spectra_score.k_21.dt_0_01.txt,prerank,HALLMARK_ANGIOGENESIS,-0.5163312528585522,-1.5533930084421796,0.006157635467980296,0.014180616066651379,0.165,13/29,24.70%,COL3A1;JAG1;CCND2;FGFR1;FSTL1;TNFRSF21;S100A4;LUM;COL5A2;VCAN;NRP1;JAG2;VEGFA
21,5,anal_pc5_c21_S1.filtered.gene_spectra_score.k_21.dt_0_01.txt,prerank,HALLMARK_ESTROGEN_RESPONSE_EARLY,-0.40901603636805156,-1.521235444628449,0.0011668611435239206,0.020693775637595863,0.24,42/118,16.82%,KRT8;NBL1;KRT19;CLDN7;ELF3;IGFBP4;RAPGEFL1;TFF3;AKAP1;KRT15;FCMR;HES1;LRIG1;SCNN1A;ELOVL5;TOB1;KLF4;FLNB;DHRS3;CA12;SLC2A1;PRSS23;MUC1;FASN;CELSR1;MAST4;LAD1;SLC26A2;MYB;MLPH;ESRP2;FARP1;FHL2;TJP3;SVIL;BCL11B;BLVRB;UGCG;HR;TUBB2B;RASGRP1;GJA1
21,5,anal_pc5_c21_S1.filtered.gene_spectra_score.k_21.dt_0_01.txt,prerank,HALLMARK_COMPLEMENT,-0.3706969621381932,-1.42625083213769,0.015590200445434299,0.05922953451043339,0.55,49/122,25.80%,CTSB;LGALS3;LRP1;CTSD;MMP14;C1S;COL4A2;C1R;CTSC;CA2;CLU;SPOCK2;CTSS;CSRP1;C1QC;LIPA;CBLB;C1QA;ADAM9;FYN;PSMB9;LCP2;LCK;SERPINA1;TIMP2;CR1;CTSL;STX4;CFB;FN1;CCL5;RASGRP1;DOCK9;LGMN;CTSH;SERPING1;C2;KLK1;KIF2A;DOCK10;FCER1G;L3MBTL4;LYN;C3;EHD1;KYNU;LTA4H;CDH13;HSPA1A
21,5,anal_pc5_c21_S1.filtered.gene_spectra_score.k_21.dt_0_01.txt,prerank,HALLMARK_CHOLESTEROL_HOMEOSTASIS,-0.4566102798674667,-1.4057335255777346,0.03931203931203931,0.071294810058855,0.639,19/35,27.84%,LGALS3;JAG1;ALCAM;CLU;MAL2;FASN;CXCL16;ABCA2;FADS2;FABP5;ANTXR2;LDLR;LGMN;PPARG;ACAT2;HMGCR;SCD;PLAUR;MVK
21,5,anal_pc5_c21_S1.filtered.gene_spectra_score.k_21.dt_0_01.txt,prerank,HALLMARK_INTERFERON_ALPHA_RESPONSE,-0.4222546853625524,-1.4014823719750573,0.035024154589371984,0.07031983829736639,0.651,31/50,38.66%,CD74;IFI27;IFI30;C1S;IFITM3;PARP14;SELL;TRIM14;SP110;GBP2;PSMB9;CSF1;CASP8;NUB1;LPAR6;MX1;IFITM2;IFI44;DDX60;TRIM25;IFI44L;TRIM5;IL7;NCOA7;GBP4;EPSTI1;UBE2L6;TENT5A;ISG15;IFIT3;OAS1
21,5,anal_pc5_c21_S1.filtered.gene_spectra_score.k_21.dt_0_01.txt,prerank,HALLMARK_ESTROGEN_RESPONSE_LATE,-0.37637787345640494,-1.388586844431592,0.016203703703703703,0.0773563121286362,0.711,32/106,13.78%,CXCL14;NBL1;CKB;KRT19;CDH1;IGFBP4;AGR2;MDK;RAPGEFL1;TFF3;SCNN1A;ELOVL5;LLGL2;TOB1;KLF4;CPE;CA2;FLNB;ASS1;CA12;UGDH;PLXNB1;PRSS23;SLC26A2;TSPAN13;MYB;SERPINA1;TOP2A;FABP5;FARP1;TJP3;BLVRB
21,5,anal_pc5_c21_S1.filtered.gene_spectra_score.k_21.dt_0_01.txt,prerank,HALLMARK_MYOGENESIS,-0.3708629848498798,-1.374737138112303,0.03121387283236994,0.08489566613162118,0.757,49/112,32.96%,GSN;CKB;ITGB4;SPARC;COL3A1;COL6A2;CNN3;COL4A2;NQO1;CLU;IGFBP7;COL6A3;ITGB5;BIN1;SPHK1;AK1;TAGLN;ERBB3;EFS;MYH11;COL1A1;TPM2;GAA;SVIL;AEBP1;SLC6A8;SORBS3;LSP1;IGFBP3;ACSL1;EPHB3;COL15A1;CDKN1A;MYLK;VIPR1;SOD3;SCD;PDLIM7;SMTN;CDH13;WWTR1;MAPRE3;DAPK2;NAV2;PFKM;IFRD1;GPX3;CFD;LAMA2
21,5,anal_pc5_c21_S1.filtered.gene_spectra_score.k_21.dt_0_01.txt,prerank,HALLMARK_ADIPOGENESIS,-0.414313879704656,-1.372309800324241,0.03850782190132371,0.08325562434711713,0.76,25/51,22.06%,UCP2;TOB1;COL4A1;BCL6;CAT;APOE;CCNG2;CAVIN1;LAMA4;PHLDB1;NABP1;ABCA1;ITIH5;CDKN2C;PIM3;PPARG;SPARCL1;ACAA2;MGLL;ESRRA;ACOX1;PFKFB3;COL15A1;MYLK;C3
21,5,anal_pc5_c21_S1.filtered.gene_spectra_score.k_21.dt_0_01.txt,prerank,HALLMARK_KRAS_SIGNALING_UP,-0.3482797254310925,-1.3455770627498078,0.035754189944134075,0.10315312028795175,0.853,72/131,37.38%,LAPTM5;LCP1;TMEM176B;TSPAN1;CXCR4;CD37;ETS1;SATB1;IRF8;CCND2;KLF4;CPE;TMEM176A;CA2;ITGB2;FUCA1;CTSS;TRAF1;TNFRSF1B;SPON1;MPZL2;GPNMB;MALL;TSPAN13;EMP1;SLPI;CFB;ENG;IL7R;TRIB2;ITGA2;IKZF1;ADAMDEC1;ADGRA2;SPARCL1;TFPI;IGFBP3;EPHB2;FCER1G;NRP1;MAP4K1;IL2RG;HOXD11;DCBLD2;ACE;BIRC3;PRRX1;ERO1A;TSPAN7;VWA5A;ID2;LAT2;BMP2;PLAU;PLAUR;DOCK2;SPRY2;ABCB1;CFH;PLAT;MMP9;C3AR1;PLVAP;MAFB;ADAM8;ALDH1A3;F13A1;GNG11;RBP4;MMP11;TMEM158;TNFAIP3
21,5,anal_pc5_c21_S1.filtered.gene_spectra_score.k_21.dt_0_01.txt,prerank,HALLMARK_IL2_STAT5_SIGNALING,-0.349094953392808,-1.3437844866595043,0.04180790960451977,0.10038500011631422,0.856,71/127,33.62%,LTB;CAPG;CTSZ;TNFSF10;IFITM3;LRIG1;IRF8;ALCAM;CCND2;CA2;TNFRSF21;WLS;DHRS3;COL6A1;IRF6;MUC1;TRAF1;TNFRSF1B;SELL;SWAP70;PLPP1;CDCP1;RHOB;EMP1;PHTF2;NFKBIZ;CSF1;AHR;CD83;ST3GAL4;NDRG1;CCR4;ITIH5;CCND3;HK2;IL2RB;TTC39B;PRKCH;CST7;NRP1;ADAM19;ODC1;SOCS1;RORA;CDC42SE2;PHLDA1;SMPDL3A;SNX9;FLT3LG;ECM1;IKZF2;FURIN;BMP2;TGM2;MYC;MXD1;SYT11;NT5E;BATF;AGER;IL2RA;PLAGL1;ABCB1;CDKN1C;FGL2;ICOS;PNP;GUCY1B1;TIAM1;GBP4;CD79B
21,5,anal_pc5_c21_S1.filtered.gene_spectra_score.k_21.dt_0_01.txt,prerank,HALLMARK_UV_RESPONSE_UP,-0.3812535758988168,-1.3062653139354026,0.07814407814407814,0.13555154271446407,0.932,30/66,30.88%,EPCAM;EPHX1;IGFBP2;TFRC;MMP14;CREG1;CA2;SOD2;MAOA;RHOB;PPT1;SLC6A8;RASGRP1;CCND3;ARRB2;NFKBIA;HYAL2;CDKN2B;DNAJB1;FOS;LYN;HSPA2;FURIN;HMOX1;BMP2;PTPRD;RAB27A;BCL2L11;ABCB1;CDKN1C
21,5,anal_pc5_c21_S1.filtered.gene_spectra_score.k_21.dt_0_01.txt,prerank,HALLMARK_MTORC1_SIGNALING,0.3162102377726526,1.2926388625724998,0.10638297872340426,0.19191842900302114,0.552,11/72,3.14%,XBP1;PDK1;HSP90B1;SDF2L1;SLC1A4;BTG2;HSPA5;PSAT1;SLC7A5;GLRX;NFIL3
21,5,anal_pc5_c21_S1.filtered.gene_spectra_score.k_21.dt_0_01.txt,prerank,HALLMARK_APICAL_SURFACE,-0.4215189727934715,-1.2431772893656472,0.16480793060718713,0.2231856607811664,0.992,16/27,39.36%,ATP8B1;CROCC;SULF2;EPHB4;GSTM3;IL2RB;LYN;AKAP7;IL2RG;DCBLD2;THY1;PLAUR;AFAP1L2;CX3CL1;LYPD3;RHCG
21,5,anal_pc5_c21_S1.filtered.gene_spectra_score.k_21.dt_0_01.txt,prerank,HALLMARK_HEDGEHOG_SIGNALING,-0.4482343081839141,-1.209608934661644,0.21212121212121213,0.27104683705807303,0.997,14/17,50.64%,ADGRG1;DPYSL2;CELSR1;NRP1;THY1;VEGFA;NRP2;NRCAM;VLDLR;HEY1;UNC5C;L1CAM;CRMP1;ACHE
21,5,anal_pc5_c21_S1.filtered.gene_spectra_score.k_21.dt_0_01.txt,prerank,HALLMARK_TNFA_SIGNALING_VIA_NFKB,-0.3081580075908867,-1.2055215008126474,0.1331096196868009,0.2674672532350435,0.997,75/150,39.02%,SMAD3;SAT1;SDC4;LITAF;JAG1;HES1;REL;KLF4;TGIF1;SOD2;LAMB3;JUN;BCL6;TRAF1;ACKR3;SPHK1;NFAT5;PLPP3;RHOB;TNFAIP2;TSC22D1;EFNA1;IER5;EGR1;CSF1;KLF9;IL7R;LDLR;CCL5;CD83;ABCA1;NFKBIA;RNF19B;NINJ1;KDM6B;FOS;PFKFB3;CDKN1A;TNC;IER3;PTGER4;EHD1;PHLDA1;KYNU;BIRC3;VEGFA;CCND1;NFKB2;ID2;BMP2;MYC;MXD1;PLAU;PLAUR;IL18;CD69;PHLDA2;CD80;PDLIM5;NAMPT;SERPINB8;CXCL1;CCN1;SGK1;NFKBIE;CCL2;BCL2A1;DUSP4;TNFAIP3;ZBTB10;PER1;TUBB2A;SPSB1;DUSP2;F3
21,5,anal_pc5_c21_S1.filtered.gene_spectra_score.k_21.dt_0_01.txt,prerank,HALLMARK_ALLOGRAFT_REJECTION,-0.31028724389725165,-1.1908718602582298,0.17062146892655367,0.2840040510586257,0.998,60/121,34.70%,CD74;LTB;CAPG;ETS1;IRF8;CCND2;CD2;CD4;FLNA;ITGB2;ITGAL;CTSS;FYB1;PTPRC;ZAP70;CD96;CD3E;GBP2;CD3D;CDKN2A;LCP2;LCK;PRKCB;CSF1;ST8SIA4;CCL5;STAT1;CCND3;C2;CD247;IL2RB;FAS;CD28;PTPN6;ITK;CD7;LYN;SPI1;SOCS1;MAP4K1;IL2RG;THY1;CD8A;CCR5;CD40;STAT4;CD3G;LY86;IL18;IL2RA;PRF1;GZMA;FGR;CD80;IL12RB1;IL7;MMP9;SIT1;TRAT1;IGSF6
21,5,anal_pc5_c21_S1.filtered.gene_spectra_score.k_21.dt_0_01.txt,prerank,HALLMARK_REACTIVE_OXYGEN_SPECIES_PATHWAY,-0.4386743644475485,-1.1884892733589556,0.2370012091898428,0.2788629361081899,0.998,9/19,14.58%,FTL;GCLC;NQO1;TXNRD1;MGST1;SOD2;CAT;PFKP;LSP1
21,5,anal_pc5_c21_S1.filtered.gene_spectra_score.k_21.dt_0_01.txt,prerank,HALLMARK_DNA_REPAIR,-0.40890514741830397,-1.173835559693445,0.24,0.2947948992331015,0.999,8/22,21.14%,BCAM;TYMS;AK1;ZWINT;LIG1;POLA1;STX3;ARL6IP1
21,5,anal_pc5_c21_S1.filtered.gene_spectra_score.k_21.dt_0_01.txt,prerank,HALLMARK_HYPOXIA,-0.3028837759114925,-1.1428218917876785,0.24004550625711035,0.34164897564680097,1.0,45/111,28.84%,CXCR4;GPC1;ETS1;TGFBI;SDC4;PKP1;SELENBP1;NEDD4L;PLAC8;CA12;COL5A1;SLC2A1;JUN;S100A4;ACKR3;SLC6A6;DCN;PFKP;SDC3;EFNA1;CCNG2;CAVIN1;GAA;NDRG1;PAM;P4HA2;BGN;GPC3;HK2;IGFBP3;FOS;SDC2;PFKFB3;AMPD3;CDKN1A;IER3;RORA;MT2A;VEGFA;ERO1A;HMOX1;TGM2;PLAUR;GCNT2;BNIP3L
21,5,anal_pc5_c21_S1.filtered.gene_spectra_score.k_21.dt_0_01.txt,prerank,HALLMARK_GLYCOLYSIS,-0.32040021576496325,-1.1104366531127177,0.31126596980255516,0.3918472445157838,1.0,27/67,22.16%,ELF3;CXCR4;GPC1;TGFBI;TFF3;GCLC;QSOX1;DSC2;COL5A1;CDK1;DCN;PFKP;SDC3;B3GNT3;PAM;P4HA2;GPC3;VCAN;HK2;KIF2A;SLC16A3;IGFBP3;PLOD2;SDC2;CYB5A;EGLN3;IER3
21,5,anal_pc5_c21_S1.filtered.gene_spectra_score.k_21.dt_0_01.txt,prerank,HALLMARK_BILE_ACID_METABOLISM,-0.34190733970412635,-1.0648642241001567,0.3935018050541516,0.4709778361463754,1.0,16/37,26.58%,ALDH1A1;RBP1;ACSL5;HSD17B11;CAT;ABCA2;LCK;TFCP2L1;FADS2;NR3C2;ABCA1;SULT1B1;ACSL1;CYP27A1;CYP7B1;ABCA8
21,5,anal_pc5_c21_S1.filtered.gene_spectra_score.k_21.dt_0_01.txt,prerank,HALLMARK_INTERFERON_GAMMA_RESPONSE,-0.28237347887189035,-1.055291412145974,0.39169472502805835,0.47715906587354046,1.0,61/111,33.52%,CD74;IFI27;NLRC5;TNFSF10;CIITA;IFI30;C1S;RNF213;IFITM3;IRF8;C1R;ARID5B;PARP14;SOD2;TRIM14;SP110;SAMHD1;TNFAIP2;PFKP;PSMB9;LCP2;BANK1;RAPGEF6;CFB;ST8SIA4;CASP8;CCL5;STAT1;NFKBIA;VCAM1;SERPING1;MX1;IFITM2;IFI44;IL2RB;FAS;PTPN6;IL18BP;DDX60;OAS3;XAF1;CDKN1A;MX2;SOCS1;MT2A;KLRK1;TRIM25;CD40;IFI44L;STAT4;NOD1;GZMA;CFH;CD69;EIF4E3;FGL2;PNP;IL7;GBP4;NAMPT;EPSTI1
21,5,anal_pc5_c21_S1.filtered.gene_spectra_score.k_21.dt_0_01.txt,prerank,HALLMARK_ANDROGEN_RESPONSE,-0.3129854215501638,-1.014693644909303,0.47322540473225405,0.5484842925934419,1.0,15/41,16.42%,KRT8;SELENOP;KRT19;SAT1;ELOVL5;ARID5B;STK39;MAF;PLPP1;SLC26A2;TSC22D1;ABCC4;NDRG1;CCND3;HPGD
21,5,anal_pc5_c21_S1.filtered.gene_spectra_score.k_21.dt_0_01.txt,prerank,HALLMARK_WNT_BETA_CATENIN_SIGNALING,-0.3658729999478883,-0.9691440615032004,0.528976572133169,0.6260537423458772,1.0,9/15,43.12%,JAG1;CCND2;TCF7;DLL1;JAG2;MYC;HEY1;PPARD;LEF1
21,5,anal_pc5_c21_S1.filtered.gene_spectra_score.k_21.dt_0_01.txt,prerank,HALLMARK_HEME_METABOLISM,-0.2867591633675138,-0.954562512019516,0.6007025761124122,0.6353390308446487,1.0,23/55,24.16%,CTSB;UCP2;TFRC;SELENBP1;BCAM;GCLC;CA2;SLC2A1;KLF3;CAT;ACP5;BLVRB;SLC6A8;CCND3;KDM7A;P4HA2;SLC25A37;LMO2;MBOAT2;BMP2K;C3;PDZK1IP1;DMTN
21,5,anal_pc5_c21_S1.filtered.gene_spectra_score.k_21.dt_0_01.txt,prerank,HALLMARK_KRAS_SIGNALING_DN,0.2213621043258744,0.9352531788646941,0.5588235294117647,0.5551359516616314,0.953,3/78,2.30%,TENT5C;BTG2;DCC
21,5,anal_pc5_c21_S1.filtered.gene_spectra_score.k_21.dt_0_01.txt,prerank,HALLMARK_SPERMATOGENESIS,-0.29303307470660594,-0.9039128246780779,0.6618181818181819,0.7128903719974091,1.0,18/36,45.58%,SLC12A2;CDK1;EZH2;GSTM3;ACE;CCNB2;HSPA2;HSPA4L;KIF2C;CSNK2A2;JAM3;CAMK4;BUB1;NEK2;AURKA;PCSK1N;SHE;TTK
21,5,anal_pc5_c21_S1.filtered.gene_spectra_score.k_21.dt_0_01.txt,prerank,HALLMARK_INFLAMMATORY_RESPONSE,-0.22771448501621644,-0.8783054426882745,0.7272727272727273,0.7379505014336475,1.0,64/141,44.02%,TNFSF10;MMP14;GABBR1;TNFRSF1B;SELL;SPHK1;CYBB;LCP2;LCK;CD14;ITGB8;SLC4A4;CSF1;IL7R;AHR;LDLR;CCL5;ABCA1;RASGRP1;CCR7;AXL;NFKBIA;GPC3;ITGA5;IL2RB;LYN;IL1R1;CDKN1A;LPAR1;PTGER4;PCDH7;GPR132;DCBLD2;PDPN;OSMR;CD40;MYC;MXD1;PLAUR;CCL24;IL18;CD69;NAMPT;C3AR1;CXCR6;PVR;CD55;ITGB3;CX3CL1;CCL2;PIK3R5;CCL22;SEMA4D;SLC7A2;F3;ADM;EBI3;STAB1;CALCRL;GPR183;RNF144B;PTAFR;C5AR1;CCL20
21,5,anal_pc5_c21_S1.filtered.gene_spectra_score.k_21.dt_0_01.txt,prerank,HALLMARK_PI3K_AKT_MTOR_SIGNALING,-0.2855918455160468,-0.8719577886467453,0.6820388349514563,0.7294007490636704,1.0,17/32,26.36%,CXCR4;PLCG1;SLC2A1;CDK1;LCK;PRKCB;PPP2R1B;MKNK2;VAV3;MAPK10;PIK3R3;SLA;ITPR2;CDKN1A;IL2RG;E2F1;MKNK1
21,5,anal_pc5_c21_S1.filtered.gene_spectra_score.k_21.dt_0_01.txt,prerank,HALLMARK_IL6_JAK_STAT3_SIGNALING,-0.2534359563922998,-0.8387534088559793,0.7526881720430108,0.7615034777956127,1.0,39/53,52.48%,LTB;A2M;PLA2G2A;TNFRSF21;JUN;TNFRSF1B;CD14;CSF1;STAT1;FAS;IL1R1;SOCS1;IL2RG;OSMR;HMOX1;IL17RA;IL2RA;IL12RB1;IL7;CXCL1;ITGB3;PIK3R5;CD36;EBI3;CSF2RA;SOCS3;TNFRSF12A;TNF;PIM1;IL1R2;IL9R;TLR2;IRF1;CXCL13;PDGFC;MAP3K8;IL18R1;IL17RB;IL3RA
21,6,anal_pc5_c21_S1.filtered.gene_spectra_score.k_21.dt_0_01.txt,prerank,HALLMARK_MTORC1_SIGNALING,0.757056563377294,2.1328992704410643,0.0,0.0,0.0,35/72,11.96%,SLC7A11;TXNRD1;GCLC;SLC2A1;SCD;TFRC;NAMPT;PSAT1;ME1;TRIB3;NUPR1;CDKN1A;SLC7A5;PHGDH;SLC1A4;MCM2;DDIT3;FADS2;PLOD2;LDLR;HMGCS1;MCM4;DDIT4;INSIG1;SLC6A6;P4HA1;RRM2;TUBA4A;IGFBP5;VLDLR;NFIL3;ELOVL5;ERO1A;SERPINH1;PPP1R15A
21,6,anal_pc5_c21_S1.filtered.gene_spectra_score.k_21.dt_0_01.txt,prerank,HALLMARK_P53_PATHWAY,0.7368765276289182,2.1012210071708686,0.0,0.0,0.0,33/89,8.70%,SLC7A11;SERPINB5;KRT17;EPHX1;CDKN2A;GPX2;TP63;TM4SF1;CDH13;NDRG1;CLCA2;TRIB3;NUPR1;ITGB4;CEBPA;CDKN1A;HSPA4L;RNF19B;NINJ1;DDIT3;CDKN2B;ATF3;ABCC5;DDIT4;INHBB;GM2A;DRAM1;TSC22D1;SPHK1;HBEGF;GADD45A;RAP2B;BMP2
21,6,anal_pc5_c21_S1.filtered.gene_spectra_score.k_21.dt_0_01.txt,prerank,HALLMARK_XENOBIOTIC_METABOLISM,0.7179323604654769,2.040022465153814,0.0,0.0,0.0,15/80,4.94%,CES1;AKR1C2;AKR1C3;GCLC;NQO1;PTGR1;EPHX1;KYNU;ALDH3A1;MT2A;SERPINE1;BLVRB;ABCC3;NINJ1;UGDH
21,6,anal_pc5_c21_S1.filtered.gene_spectra_score.k_21.dt_0_01.txt,prerank,HALLMARK_HYPOXIA,0.6704133326626512,1.9639673267661177,0.0,0.0,0.0,45/111,12.44%,SLC2A1;CAVIN1;NDRG1;PKP1;MT2A;GPC1;GPC3;VEGFA;CA12;CAV1;CDKN1A;NEDD4L;EFNA1;SERPINE1;BNIP3L;SDC2;ENO2;PFKFB3;DDIT3;TGFBI;ADM;ACKR3;STC2;PGF;PFKP;ATF3;DDIT4;MXI1;SLC6A6;P4HA1;PIM1;ERRFI1;CHST2;PLAUR;P4HA2;TMEM45A;VLDLR;NFIL3;IER3;GAA;ERO1A;PPP1R15A;EDN2;LOX;TNFAIP3
21,6,anal_pc5_c21_S1.filtered.gene_spectra_score.k_21.dt_0_01.txt,prerank,HALLMARK_UV_RESPONSE_UP,0.6944731865238654,1.918411872568436,0.0,0.0004703180115391977,0.002,20/66,9.22%,EPHX1;PPT1;TFRC;SOD2;OLFM1;SLC6A8;CREG1;IGFBP2;LHX2;ENO2;NFKBIA;MMP14;CDKN2B;ATF3;DNAJB1;PPIF;TUBA4A;BMP2;SHOX2;HSPA2
21,6,anal_pc5_c21_S1.filtered.gene_spectra_score.k_21.dt_0_01.txt,prerank,HALLMARK_TNFA_SIGNALING_VIA_NFKB,0.6572701249864185,1.917209971657107,0.0,0.0003919316762826648,0.002,69/150,16.32%,KYNU;NAMPT;SOD2;MYC;SERPINB8;LAMB3;VEGFA;CEBPB;CDKN1A;TNC;EFNA1;SPSB1;SERPINE1;SGK1;CXCL10;RNF19B;PFKFB3;NINJ1;NFKBIA;SOCS3;ACKR3;FOSL1;LDLR;SERPINB2;ATF3;DRAM1;TSC22D1;CXCL11;SPHK1;PLAU;HBEGF;GADD45A;RCAN1;SMAD3;BCL6;BMP2;TUBB2A;PLAUR;IFIT2;PHLDA2;NFIL3;IER3;TGIF1;PTGS2;FJX1;PPP1R15A;TNFAIP3;PMEPA1;TNFAIP6;EGR1;IL1B;EDN1;CCL2;IRS2;TLR2;PLK2;ID2;F3;IFIH1;PHLDA1;RHOB;SDC4;GEM;JAG1;GFPT2;CLCF1;ZC3H12A;AREG;INHBA
21,6,anal_pc5_c21_S1.filtered.gene_spectra_score.k_21.dt_0_01.txt,prerank,HALLMARK_REACTIVE_OXYGEN_SPECIES_PATHWAY,0.8441814372916246,1.9084733168040375,0.0,0.0003359414368137126,0.002,7/19,5.70%,TXNRD1;GCLC;NQO1;FTL;SOD2;MGST1;PFKP
21,6,anal_pc5_c21_S1.filtered.gene_spectra_score.k_21.dt_0_01.txt,prerank,HALLMARK_CHOLESTEROL_HOMEOSTASIS,0.7345382722826117,1.8758810171389244,0.0,0.0008818462716359957,0.006,15/35,9.96%,SCD;FASN;FABP5;TRIB3;TNFRSF12A;FADS2;CLU;LDLR;HMGCS1;ATF3;MAL2;ACAT2;ERRFI1;PLAUR;NFIL3
21,6,anal_pc5_c21_S1.filtered.gene_spectra_score.k_21.dt_0_01.txt,prerank,HALLMARK_HEME_METABOLISM,0.692917714340337,1.8665278994841665,0.0,0.000914507244659551,0.007,16/55,10.44%,SLC7A11;GCLC;SLC2A1;TFRC;BCAM;SLC6A8;CTSB;SNCA;BLVRB;BNIP3L;MXI1;BPGM;MBOAT2;SMOX;P4HA2;DMTN
21,6,anal_pc5_c21_S1.filtered.gene_spectra_score.k_21.dt_0_01.txt,prerank,HALLMARK_TGF_BETA_SIGNALING,0.7570287740517233,1.8425559437596264,0.004392386530014641,0.0014109540346175932,0.012,14/24,14.52%,ID1;SERPINE1;ID3;WWTR1;SMAD3;BMP2;SMAD1;TGIF1;PPP1R15A;PMEPA1;FURIN;TJP1;TGFBR1;ID2
21,6,anal_pc5_c21_S1.filtered.gene_spectra_score.k_21.dt_0_01.txt,prerank,HALLMARK_INTERFERON_GAMMA_RESPONSE,0.6183437293983575,1.8023425207807435,0.0,0.002458480514863988,0.023,44/111,13.48%,IFI27;MT2A;NAMPT;GBP6;IFITM3;SOD2;ISG15;CDKN1A;MX1;CXCL10;NFKBIA;IFIT3;SOCS3;C1R;C1S;PFKP;IFI44L;IFIT1;UBE2L6;OAS3;LAP3;CXCL11;STAT1;CD274;BPGM;PIM1;OAS2;CXCL9;IFIT2;SECTM1;TNFSF10;CMPK2;DDX60;RSAD2;PTGS2;IDO1;RNF213;HERC6;TNFAIP3;IFI44;TNFAIP6;PSMB9;XAF1;CCL2
21,6,anal_pc5_c21_S1.filtered.gene_spectra_score.k_21.dt_0_01.txt,prerank,HALLMARK_INTERFERON_ALPHA_RESPONSE,0.6685294474144886,1.7815870767597435,0.002484472049689441,0.003037470491190652,0.031,25/50,15.00%,IFI27;IFITM3;ISG15;MX1;CXCL10;IFIT3;C1S;IFI44L;UBE2L6;LAMP3;LAP3;CXCL11;IFIT2;GBP2;OAS1;CMPK2;DDX60;RSAD2;HERC6;IFI44;PSMB9;NUB1;NCOA7;IFITM2;IFIH1
21,6,anal_pc5_c21_S1.filtered.gene_spectra_score.k_21.dt_0_01.txt,prerank,HALLMARK_FATTY_ACID_METABOLISM,0.671847766193088,1.7765515294703855,0.002554278416347382,0.003256047772194446,0.034,14/44,9.42%,EPHX1;ALDH3A1;ODC1;CBR3;FASN;ME1;ENO2;UGDH;ALDH1A1;HMGCS1;ACSL1;UBE2L6;ACAT2;HSPH1
21,6,anal_pc5_c21_S1.filtered.gene_spectra_score.k_21.dt_0_01.txt,prerank,HALLMARK_HEDGEHOG_SIGNALING,0.7787110607839435,1.735771622372398,0.0078003120124804995,0.006886799454681109,0.073,7/17,9.72%,CELSR1;CRMP1;VEGFA;DPYSL2;NRP2;HEY1;VLDLR
21,6,anal_pc5_c21_S1.filtered.gene_spectra_score.k_21.dt_0_01.txt,prerank,HALLMARK_APOPTOSIS,0.6118009585710662,1.7197287637922756,0.003367003367003367,0.008465724207705558,0.097,24/79,11.56%,PMAIP1;PPT1;IFITM3;SOD2;EMP1;TNFRSF12A;CAV1;CDKN1A;PLAT;BNIP3L;ENO2;DDIT3;CLU;HMGB2;CDC25B;IGFBP6;ATF3;ANXA1;GADD45A;BMP2;IER3;TNFSF10;EREG;TOP2A
21,6,anal_pc5_c21_S1.filtered.gene_spectra_score.k_21.dt_0_01.txt,prerank,HALLMARK_MYOGENESIS,0.576951595657172,1.6801623216211379,0.0010775862068965517,0.012419334992206939,0.151,26/112,11.42%,MYH11;NQO1;CRYAB;SCD;ADAM12;CDH13;SLC6A8;ITGB4;FST;CDKN1A;ITGB5;TNNT1;CLU;STC2;NAV2;ACSL1;WWTR1;MAPK12;SPHK1;HBEGF;FGF2;TEAD4;GAA;SVIL;MAPRE3;PFKM
21,6,anal_pc5_c21_S1.filtered.gene_spectra_score.k_21.dt_0_01.txt,prerank,HALLMARK_EPITHELIAL_MESENCHYMAL_TRANSITION,0.5611299220601732,1.6658312980589134,0.0,0.014178704759637579,0.182,50/164,12.80%,GJA1;ADAM12;GPC1;PTHLH;SLC6A8;CTHRC1;IGFBP2;PDLIM4;FOXC2;VEGFA;TNFRSF12A;TNC;WNT5A;PRRX1;SERPINE2;SERPINE1;ITGB5;ENO2;PFN2;MMP14;TGFBI;SNAI2;MMP3;PLOD2;CXCL8;LOXL1;MMP1;CDH11;MATN2;CAPG;LAMA3;ITGA2;THBS2;GADD45A;IGFBP4;FGF2;FSTL1;PLAUR;BMP1;CALD1;HTRA1;LAMC1;MEST;DST;SERPINH1;LOX;TNFAIP3;COL12A1;PMEPA1;DKK1
21,6,anal_pc5_c21_S1.filtered.gene_spectra_score.k_21.dt_0_01.txt,prerank,HALLMARK_UNFOLDED_PROTEIN_RESPONSE,0.6973719931176054,1.6590865074946266,0.011869436201780416,0.014632115914552817,0.199,10/23,8.92%,PSAT1;VEGFA;CEBPB;SLC7A5;SLC1A4;STC2;IFIT1;ATF3;DDIT4;TUBB2A
21,6,anal_pc5_c21_S1.filtered.gene_spectra_score.k_21.dt_0_01.txt,prerank,HALLMARK_GLYCOLYSIS,0.5993879894716635,1.6509482377464306,0.0035671819262782403,0.015347219323910663,0.219,23/67,11.82%,GCLC;GPC1;GPC3;VEGFA;ME1;SDC2;ENO2;TGFBI;STC2;PLOD2;PFKP;DSC2;DDIT4;MXI1;CHST1;P4HA1;CHST2;P4HA2;VLDLR;TPST1;IER3;SLC16A3;ERO1A
21,6,anal_pc5_c21_S1.filtered.gene_spectra_score.k_21.dt_0_01.txt,prerank,HALLMARK_E2F_TARGETS,0.6216635444260079,1.6496589291788242,0.006273525721455458,0.014873807114927128,0.223,23/54,11.56%,CDKN2A;TFRC;MYC;CDKN1A;MCM2;CDKN2C;TK1;HMGB2;CDC25B;MCM6;HELLS;MCM4;EZH2;TCF19;PTTG1;MYBL2;ANP32E;RRM2;CKS2;KPNA2;BIRC5;MELK;TOP2A
21,6,anal_pc5_c21_S1.filtered.gene_spectra_score.k_21.dt_0_01.txt,prerank,HALLMARK_ESTROGEN_RESPONSE_LATE,0.5469126448653201,1.5863298980757004,0.005500550055005501,0.02788313925553815,0.376,18/106,5.14%,CYP4F11;KLK10;SLC16A1;CXCL14;ASS1;OLFM1;KLK11;FABP5;CA12;HR;CAV1;SLC7A5;SLC1A4;HSPA4L;BLVRB;SGK1;UGDH;NAB2
21,6,anal_pc5_c21_S1.filtered.gene_spectra_score.k_21.dt_0_01.txt,prerank,HALLMARK_ESTROGEN_RESPONSE_EARLY,0.523490906055461,1.5269953557340954,0.011739594450373533,0.04826104141135176,0.568,20/118,7.18%,GJA1;SLC2A1;PMAIP1;KLK10;SLC16A1;OLFM1;MYC;CELSR1;FASN;SLC7A2;CA12;HR;SLC7A5;SLC1A4;BLVRB;STC2;NAV2;INHBB;PPIF;RHOD
21,6,anal_pc5_c21_S1.filtered.gene_spectra_score.k_21.dt_0_01.txt,prerank,HALLMARK_G2M_CHECKPOINT,0.5477757501419388,1.512520230102681,0.020930232558139535,0.05285965477516636,0.612,21/68,11.56%,MT2A;TPX2;ODC1;E2F1;MYC;SLC7A5;MCM2;SNRPD1;CDKN2C;SLC7A1;CDC25B;MCM6;EZH2;PTTG1;MYBL2;SMAD3;CKS2;KPNA2;BIRC5;MAP3K20;TOP2A
21,6,anal_pc5_c21_S1.filtered.gene_spectra_score.k_21.dt_0_01.txt,prerank,HALLMARK_UV_RESPONSE_DN,0.5370747064505718,1.4797123667010403,0.03699421965317919,0.06672636788712367,0.697,16/69,10.36%,GJA1;ID1;MAP1B;MYC;CAV1;SERPINE1;SDC2;SNAI2;SLC7A1;LDLR;INSIG1;RND3;SMAD3;IGFBP5;VLDLR;LAMC1
21,6,anal_pc5_c21_S1.filtered.gene_spectra_score.k_21.dt_0_01.txt,prerank,HALLMARK_COAGULATION,0.5163679959411384,1.4574114955133455,0.03587962962962963,0.07717918569358234,0.755,22/79,14.88%,CTSB;SERPINE1;PLAT;MMP14;DUSP14;CLU;MMP3;C1R;C1S;MMP1;SERPINB2;ITGA2;PLAU;CRIP2;ANXA1;BMP1;HTRA1;ADAM9;THBD;FURIN;USP11;F3
21,6,anal_pc5_c21_S1.filtered.gene_spectra_score.k_21.dt_0_01.txt,prerank,HALLMARK_INFLAMMATORY_RESPONSE,0.4874928824683299,1.4301449678082514,0.025130890052356022,0.09465149982226355,0.835,36/141,14.88%,NAMPT;MYC;PDPN;GPC3;SLC7A2;CDKN1A;SERPINE1;CXCL10;NFKBIA;MMP14;ADM;SLC7A1;CXCL8;LDLR;ITGB8;LAMP3;CXCL11;SPHK1;OSMR;HBEGF;CHST2;CXCL9;PLAUR;AHR;DCBLD2;TNFSF10;CALCRL;CX3CL1;EREG;TNFAIP6;IL1B;EDN1;CCL2;TLR2;IL1R1;F3
21,6,anal_pc5_c21_S1.filtered.gene_spectra_score.k_21.dt_0_01.txt,prerank,HALLMARK_KRAS_SIGNALING_DN,0.5115848633536466,1.4250313211088588,0.06050228310502283,0.0949781095524991,0.847,20/78,15.16%,AKR1B10;PKP1;IGFBP2;MX1;SGK1;LYPD3;SERPINB2;SPTBN2;IFI44L;TGM1;CHST2;SHOX2;RSAD2;EDN2;ALOX12B;SYNPO;EDN1;FGFR3;SLC6A3;PAX3
21,6,anal_pc5_c21_S1.filtered.gene_spectra_score.k_21.dt_0_01.txt,prerank,HALLMARK_APICAL_SURFACE,0.5620603837752433,1.3538760527582403,0.15013774104683195,0.15134161728457754,0.951,6/27,10.84%,GSTM3;SULF2;LYPD3;PLAUR;DCBLD2;CX3CL1
21,6,anal_pc5_c21_S1.filtered.gene_spectra_score.k_21.dt_0_01.txt,prerank,HALLMARK_PI3K_AKT_MTOR_SIGNALING,0.5300975200693474,1.3171473148775534,0.1608108108108108,0.18399164968662754,0.977,6/32,7.58%,SLC2A1;E2F1;TRIB3;CDKN1A;DDIT3;MAPK10
21,6,anal_pc5_c21_S1.filtered.gene_spectra_score.k_21.dt_0_01.txt,prerank,HALLMARK_SPERMATOGENESIS,0.5089059145269602,1.2856558875141022,0.16030534351145037,0.2140730815855915,0.993,4/36,9.22%,GSTM3;HSPA4L;EZH2;HSPA2
21,6,anal_pc5_c21_S1.filtered.gene_spectra_score.k_21.dt_0_01.txt,prerank,HALLMARK_ANDROGEN_RESPONSE,0.4870211891089198,1.268700082273444,0.18979057591623036,0.22662500959247633,0.994,11/41,12.64%,SCD;NDRG1;SGK1;HMGCS1;TSC22D1;INSIG1;ADAMTS1;DBI;ELOVL5;RRP12;PMEPA1
21,6,anal_pc5_c21_S1.filtered.gene_spectra_score.k_21.dt_0_01.txt,prerank,HALLMARK_COMPLEMENT,0.4305088208779192,1.2530388247299942,0.1511879049676026,0.23916405758661236,0.997,21/122,12.82%,KYNU;CDH13;ME1;CTSB;CEBPB;SERPINE1;PLAT;MMP14;CLU;C1R;C1S;HSPA1A;SERPINB2;LAP3;PIM1;PLAUR;MMP13;ADAM9;TNFAIP3;CTSC;PSMB9
21,6,anal_pc5_c21_S1.filtered.gene_spectra_score.k_21.dt_0_01.txt,prerank,HALLMARK_APICAL_JUNCTION,0.42355320452346523,1.2215205375242773,0.19672131147540983,0.273888981416804,0.999,25/101,15.04%,PPP2R2C;LAMB3;ADAM23;ITGB4;FSCN1;ITGA3;COL17A1;TGFBI;CDH11;LAMA3;ITGA2;INSIG1;CD274;BMP1;MDK;CX3CL1;MAP3K20;MAPK11;ADAM9;CD276;WASL;TJP1;SORBS3;LAMC2;MPZL2
21,6,anal_pc5_c21_S1.filtered.gene_spectra_score.k_21.dt_0_01.txt,prerank,HALLMARK_PEROXISOME,0.44777377604111185,1.1204156863987897,0.3319672131147541,0.40979914976025683,1.0,11/32,16.00%,SOD2;ALDH1A1;CRABP2;ACSL1;ABCC5;ELOVL5;TOP2A;ECI2;SULT2B1;FDPS;ACSL4
21,6,anal_pc5_c21_S1.filtered.gene_spectra_score.k_21.dt_0_01.txt,prerank,HALLMARK_ADIPOGENESIS,0.4157910616022633,1.0983953263044617,0.3569682151589242,0.4333980476333707,1.0,8/51,8.68%,CAVIN1;ME1;FABP4;PFKFB3;CDKN2C;GADD45A;BCL6;SPARCL1
21,6,anal_pc5_c21_S1.filtered.gene_spectra_score.k_21.dt_0_01.txt,prerank,HALLMARK_DNA_REPAIR,0.470905255655291,1.0961725522001664,0.3810930576070901,0.42547449557785616,1.0,7/22,16.82%,BCAM;TYMS;ZWINT;CMPK2;USP11;ARL6IP1;LIG1
21,6,anal_pc5_c21_S1.filtered.gene_spectra_score.k_21.dt_0_01.txt,prerank,HALLMARK_IL2_STAT5_SIGNALING,0.3645608903320651,1.0675360751593341,0.38110403397027603,0.45627202768106767,1.0,16/127,10.22%,NDRG1;SCN9A;ODC1;IFITM3;MYC;EMP1;COCH;CXCL10;IRF6;CAPG;P4HA1;PIM1;BMP2;AHR;NFIL3;TNFSF10
21,6,anal_pc5_c21_S1.filtered.gene_spectra_score.k_21.dt_0_01.txt,prerank,HALLMARK_WNT_BETA_CATENIN_SIGNALING,0.4898861042041605,1.0573488069938313,0.4115755627009646,0.45914795876514175,1.0,5/15,15.62%,MYC;HEY1;JAG2;DKK1;JAG1
21,6,anal_pc5_c21_S1.filtered.gene_spectra_score.k_21.dt_0_01.txt,prerank,HALLMARK_IL6_JAK_STAT3_SIGNALING,0.3830147995408112,1.0315494485485859,0.4556354916067146,0.48689973630500283,1.0,8/53,8.86%,TNFRSF12A;CXCL10;SOCS3;CXCL11;STAT1;OSMR;PIM1;CXCL9
21,6,anal_pc5_c21_S1.filtered.gene_spectra_score.k_21.dt_0_01.txt,prerank,HALLMARK_ALLOGRAFT_REJECTION,-0.22722005956504387,-1.028931588361059,0.35384615384615387,0.39682326019652714,0.9539078156312625,46/121,28.08%,CTSS;CD74;CCND2;IL2RG;ITGAL;HCLS1;CD79A;IRF8;IL16;ETS1;CD2;PTPN6;CD96;PTPRC;ZAP70;MAP4K1;LTB;SRGN;FYB1;CD4;CD3E;ITGB2;NCF4;LCK;CD3D;PRKCB;IRF4;LCP2;NOS2;IL18;STAB1;WAS;CCL11;IL12RB1;STAT4;HDAC9;CD247;SPI1;CD40;ITK;IL2RB;JAK2;ST8SIA4;CCL5;CD28;GZMA
21,6,anal_pc5_c21_S1.filtered.gene_spectra_score.k_21.dt_0_01.txt,prerank,HALLMARK_KRAS_SIGNALING_UP,0.29988733057764194,0.8663851282870738,0.7177334732423925,0.7213208553225232,1.0,25/131,13.74%,EMP1;TSPAN7;PRRX1;PLAT;CXCL10;SLPI;ITGA2;PLAU;HBEGF;BPGM;SPARCL1;BMP2;PLAUR;HOXD11;DCBLD2;TMEM158;PTGS2;EREG;ERO1A;PPP1R15A;GPNMB;ETV5;TNFAIP3;IL1B;SPP1
21,6,anal_pc5_c21_S1.filtered.gene_spectra_score.k_21.dt_0_01.txt,prerank,HALLMARK_ANGIOGENESIS,0.3508001093545752,0.8513367475084818,0.6657342657342658,0.7234580778719111,1.0,10/29,20.06%,VEGFA;FSTL1;JAG2;THBD;SPP1;JAG1;LUM;STC1;MSX1;PDGFA
21,6,anal_pc5_c21_S1.filtered.gene_spectra_score.k_21.dt_0_01.txt,prerank,HALLMARK_MITOTIC_SPINDLE,0.29590087351302063,0.8291768033932123,0.710079275198188,0.7343959759945105,1.0,19/77,15.40%,TPX2;PALLD;FSCN1;CEP250;ECT2;CDC42EP4;TUBA4A;NET1;BIRC5;DST;TOP2A;KNTC1;SYNPO;CENPF;WASL;LMNB1;CENPE;FLNA;BCAR1
21,6,anal_pc5_c21_S1.filtered.gene_spectra_score.k_21.dt_0_01.txt,prerank,HALLMARK_BILE_ACID_METABOLISM,0.24493217309216636,0.6242311771636757,0.9064102564102564,0.9314210713406798,1.0,7/37,14.32%,FADS2;ALDH1A1;ACSL1;DIO2;PFKM;ABCA3;SULT2B1
21,7,anal_pc5_c21_S1.filtered.gene_spectra_score.k_21.dt_0_01.txt,prerank,HALLMARK_E2F_TARGETS,-0.5721379702705769,-2.1927813413090904,0.0,0.0,0.0,42/54,31.86%,HELLS;SMC4;EZH2;NCAPD2;KIF22;MYC;PTTG1;LIG1;CENPM;TOP2A;CDC25B;TK1;POLE;CDK1;KIF2C;MCM4;DLGAP5;BIRC5;MCM2;TFRC;KIF18B;CDKN2A;CIT;MKI67;MYBL2;CCNB2;LMNB1;AURKB;HMGB2;TCF19;CENPE;DEPDC1;PLK1;ANP32E;CKS2;CDCA3;TACC3;CDKN2C;RRM2;MCM6;SPC25;MELK
21,7,anal_pc5_c21_S1.filtered.gene_spectra_score.k_21.dt_0_01.txt,prerank,HALLMARK_G2M_CHECKPOINT,-0.5140810859195708,-2.114882672402406,0.0,0.0,0.0,53/68,37.74%,SMAD3;SMC4;SLC12A2;EZH2;KIF22;NUSAP1;ODC1;MYC;PTTG1;SLC7A1;MEIS1;TOP2A;CDC25B;TPX2;POLE;UBE2C;CDK1;KIF2C;TROAP;KIF23;PRC1;BIRC5;MCM2;MEIS2;MKI67;MYBL2;CCNB2;CENPF;LMNB1;E2F1;RAD54L;AURKB;KIF15;CENPE;CCNF;MT2A;PLK1;CKS2;NDC80;TACC3;CDKN2C;MCM6;FANCC;NEK2;BUB1;KIF11;INCENP;ESPL1;SLC7A5;KIF20B;KIF4A;FBXO5;HMMR
21,7,anal_pc5_c21_S1.filtered.gene_spectra_score.k_21.dt_0_01.txt,prerank,HALLMARK_INFLAMMATORY_RESPONSE,0.7130629268862552,1.7566617871716896,0.0,0.005092234342627493,0.006,56/141,13.02%,STAB1;CD14;CYBB;CMKLR1;CCL24;C3AR1;TLR2;ABCA1;CSF3R;AXL;MSR1;MEFV;FPR1;ICAM1;RGS1;CLEC5A;MMP14;NLRP3;PTPRE;BEST1;PTAFR;C5AR1;SCARF1;MARCO;EBI3;PIK3R5;OLR1;IL1B;IL10RA;TNFRSF1B;CXCL9;AHR;ADGRE1;IL18;TLR1;SLC31A2;PLAUR;CCL2;P2RX7;IL10;SCN1B;AQP9;NOD2;LYN;GPR132;CXCL10;GPR183;PROK2;LCP2;CXCL8;RNF144B;EMP3;TIMP1;LAMP3;PTGIR;FFAR2
21,7,anal_pc5_c21_S1.filtered.gene_spectra_score.k_21.dt_0_01.txt,prerank,HALLMARK_COMPLEMENT,0.7210437630248313,1.7478438312175721,0.0,0.0025461171713137467,0.006,42/122,11.38%,C1QC;C1QA;LGMN;PLA2G7;FCER1G;CD36;CTSB;LIPA;MMP12;CTSL;CTSC;CTSD;CTSS;CTSH;ITGAM;DOCK4;C2;PRSS36;MMP14;DUSP6;PDGFB;PLEK;SH2B3;PIK3R5;CEBPB;OLR1;TIMP2;GCA;APOC1;PRKCD;LRP1;LAP3;PLAUR;ME1;WAS;JAK2;LYN;TNFAIP3;KYNU;DOCK10;CXCL1;LCP2
21,7,anal_pc5_c21_S1.filtered.gene_spectra_score.k_21.dt_0_01.txt,prerank,HALLMARK_ESTROGEN_RESPONSE_EARLY,-0.3905674502257009,-1.7449504391874993,0.0,0.013539815520013541,0.016260162601626018,49/118,22.10%,KRT8;ELF3;FCMR;SCNN1A;RAPGEFL1;LRIG1;MLPH;NBL1;AKAP1;CLDN7;CA12;TOB1;KRT19;BCL2;ESRP2;SLC2A1;TFF3;MAST4;RASGRP1;HES1;BCL11B;KRT15;CELSR1;TJP3;SLC26A2;KLF4;FLNB;MUC1;HR;MYC;MYB;MYBL1;XBP1;OVOL2;NAV2;AQP3;FHL2;PODXL;FASN;PRSS23;ELOVL5;IGFBP4;SVIL;GJA1;DLC1;FARP1;SLC16A1;TTC39A;KLK10
21,7,anal_pc5_c21_S1.filtered.gene_spectra_score.k_21.dt_0_01.txt,prerank,HALLMARK_IL6_JAK_STAT3_SIGNALING,0.7362199998062848,1.7004793711705417,0.0,0.004243528618856244,0.015,21/53,11.48%,CD14;CD36;CSF2RA;TLR2;HMOX1;CSF3R;CCR1;EBI3;PIK3R5;IL1B;TNFRSF21;TNFRSF1B;CXCL9;PDGFC;CSF2RB;IL17RA;A2M;ITGA4;CXCL10;CXCL1;MAP3K8
21,7,anal_pc5_c21_S1.filtered.gene_spectra_score.k_21.dt_0_01.txt,prerank,HALLMARK_KRAS_SIGNALING_UP,0.6690189608707309,1.6283772549349056,0.0,0.015276703027882478,0.07,36/131,10.92%,FUCA1;F13A1;NRP1;FCER1G;GPNMB;CSF2RA;MAFB;CMKLR1;MMP9;C3AR1;SPP1;EPB41L3;CTSS;ITGB2;LAPTM5;IRF8;TMEM176B;ENG;ETV5;DUSP6;LY96;PLAU;IL1B;IL10RA;TMEM176A;CLEC4A;TNFRSF1B;LCP1;LAT2;PTGS2;PLAUR;SCN1B;TNFAIP3;CXCL10;PECAM1;DOCK2
21,7,anal_pc5_c21_S1.filtered.gene_spectra_score.k_21.dt_0_01.txt,prerank,HALLMARK_COAGULATION,0.6487533572636222,1.566774802576943,0.005197505197505198,0.03768253413544345,0.192,23/79,13.98%,C1QA;LGMN;CTSB;MMP9;CTSH;C2;MMP14;DUSP6;APOC2;PDGFB;PLEK;PLAU;OLR1;APOC1;LRP1;A2M;PECAM1;THBD;TIMP1;SERPING1;CTSK;ADAM9;CPQ
21,7,anal_pc5_c21_S1.filtered.gene_spectra_score.k_21.dt_0_01.txt,prerank,HALLMARK_ALLOGRAFT_REJECTION,0.6213004476264674,1.5017488822543656,0.0020242914979757085,0.083597513791468,0.425,36/121,11.38%,STAB1;CD74;SPI1;NCF4;CD4;IGSF6;MMP9;TLR2;CTSS;CFP;ITGB2;IRF8;C2;SRGN;ICAM1;CD86;NLRP3;FGR;CCR1;IL1B;CXCL9;HCLS1;BCAT1;FCGR2B;CAPG;IL18;TLR1;CCL2;IL10;WAS;JAK2;LYN;CD80;CCR2;LY86;LCP2
21,7,anal_pc5_c21_S1.filtered.gene_spectra_score.k_21.dt_0_01.txt,prerank,HALLMARK_INTERFERON_GAMMA_RESPONSE,0.5949742625687083,1.4442596744013794,0.014300306435137897,0.14791728328584625,0.692,37/111,15.02%,FGL2;IFI30;CD74;CMKLR1;SAMHD1;TNFAIP2;FPR1;IRF8;ICAM1;CD86;CIITA;SECTM1;IL10RA;CXCL9;IL18BP;LAP3;PTGS2;CSF2RB;CCL2;SLAMF7;JAK2;TNFAIP3;ITGB7;CXCL10;SOD2;LCP2;IDO1;CD274;SERPING1;TRIM14;ST8SIA4;EPSTI1;SOCS3;NFKBIA;IL6;ST3GAL5;SAMD9L
21,7,anal_pc5_c21_S1.filtered.gene_spectra_score.k_21.dt_0_01.txt,prerank,HALLMARK_ESTROGEN_RESPONSE_LATE,-0.31867557796506873,-1.3743050644168187,0.05555555555555555,0.2037319116527037,0.2855691056910569,40/106,22.10%,LLGL2;SCNN1A;RAPGEFL1;CKB;AGR2;CDH1;NBL1;PLXNB1;CA12;TOB1;ASS1;ISG20;KRT19;CXCL14;BCL2;TFF3;MDK;TJP3;SLC26A2;KLF4;FLNB;HR;MYB;TSPAN13;XBP1;OVOL2;TOP2A;UGDH;CA2;CPE;PRSS23;ELOVL5;IGFBP4;HSPA4L;KLK11;FGFR3;NMU;FARP1;SLC16A1;KLK10
21,7,anal_pc5_c21_S1.filtered.gene_spectra_score.k_21.dt_0_01.txt,prerank,HALLMARK_TNFA_SIGNALING_VIA_NFKB,0.5586662456141335,1.3675377743204817,0.016080402010050253,0.2751928309328274,0.923,44/150,14.40%,TLR2;SAT1;ABCA1;TNFAIP2;ICAM1;NINJ1;FOS;PTPRE;PLEK;DUSP1;PLAU;CEBPB;OLR1;IL1B;ZFP36;SGK1;DRAM1;IL18;PTGS2;PLAUR;NFKBIE;EGR2;CCL2;LITAF;RNF19B;TNFAIP3;CD80;CXCL10;KYNU;SOD2;GPR183;CXCL1;MAP3K8;TRIB1;FOSB;PFKFB3;PPP1R15A;IER3;SOCS3;GADD45B;NFKBIA;IL6;IL1A;CXCL2
21,7,anal_pc5_c21_S1.filtered.gene_spectra_score.k_21.dt_0_01.txt,prerank,HALLMARK_WNT_BETA_CATENIN_SIGNALING,-0.4996987684467056,-1.356879376313601,0.13409961685823754,0.18126428027418126,0.3150406504065041,9/15,28.10%,TCF7;JAG1;CCND2;MYC;JAG2;DLL1;CSNK1E;LEF1;HEY1
21,7,anal_pc5_c21_S1.filtered.gene_spectra_score.k_21.dt_0_01.txt,prerank,HALLMARK_HEDGEHOG_SIGNALING,0.6581673023144078,1.3530110180424537,0.15688949522510232,0.2803557907524359,0.951,3/17,4.06%,NRP1;RTN1;NRP2
21,7,anal_pc5_c21_S1.filtered.gene_spectra_score.k_21.dt_0_01.txt,prerank,HALLMARK_MTORC1_SIGNALING,0.566699987813394,1.342967667467412,0.06631578947368422,0.27472604278475327,0.956,6/72,3.10%,FGL2;LGMN;IFI30;CTSC;CFP;ITGB2
21,7,anal_pc5_c21_S1.filtered.gene_spectra_score.k_21.dt_0_01.txt,prerank,HALLMARK_ANGIOGENESIS,0.604603655093559,1.3096975790719154,0.1683046683046683,0.32806333977048635,0.976,9/29,13.16%,NRP1;SPP1;OLR1;TNFRSF21;VCAN;S100A4;THBD;TIMP1;LPL
21,7,anal_pc5_c21_S1.filtered.gene_spectra_score.k_21.dt_0_01.txt,prerank,HALLMARK_ADIPOGENESIS,0.5574837629853562,1.2791155784477326,0.1553072625698324,0.3797250859106529,0.992,13/51,14.32%,CD36;ABCA1;APOE;ENPP2;SCARB1;NABP1;ME1;ITSN1;PFKFB3;LPL;UCP2;PLIN2;LTC4S
21,7,anal_pc5_c21_S1.filtered.gene_spectra_score.k_21.dt_0_01.txt,prerank,HALLMARK_XENOBIOTIC_METABOLISM,0.5303792864632478,1.2619565729680442,0.128125,0.39412588110823304,0.997,12/80,10.70%,CD36;HMOX1;APOE;PDK4;IRF8;NINJ1;TMEM176B;IGF1;BCAT1;AQP9;KYNU;BLVRB
21,7,anal_pc5_c21_S1.filtered.gene_spectra_score.k_21.dt_0_01.txt,prerank,HALLMARK_INTERFERON_ALPHA_RESPONSE,0.5320309281268377,1.224450059324952,0.21906923950056753,0.46393892171581197,1.0,15/50,18.60%,IFI30;CD74;LPAR6;LAP3;CXCL10;LAMP3;TRIM14;EPSTI1;SAMD9L;CMPK2;TENT5A;GBP4;IFITM2;CCRL2;IFIT3
21,7,anal_pc5_c21_S1.filtered.gene_spectra_score.k_21.dt_0_01.txt,prerank,HALLMARK_MITOTIC_SPINDLE,-0.28375565743987974,-1.2032264144579572,0.15,0.3279174071253279,0.5528455284552846,53/77,36.94%,CNTRL;SMC4;RAPGEF5;BCAR1;CEP72;KIF22;DST;NUSAP1;MID1;FLNB;TUBA4A;RAPGEF6;PALLD;TOP2A;TPX2;CDK1;KIF2C;CEP250;NEDD9;KIF23;SYNPO;FLNA;PRC1;DLGAP5;BIRC5;EPB41;ECT2;TRIO;FARP1;CCNB2;CENPF;LMNB1;CDC42EP4;ANLN;WASL;KNTC1;KIF15;CENPE;PLK1;NDC80;SORBS2;RHOF;NET1;NEK2;GSN;BUB1;KIF11;INCENP;ESPL1;KIF20B;BIN1;KIF4A;FBXO5
21,7,anal_pc5_c21_S1.filtered.gene_spectra_score.k_21.dt_0_01.txt,prerank,HALLMARK_UV_RESPONSE_UP,0.5000707479289789,1.1742379636177682,0.2598509052183174,0.5838529575730345,1.0,18/66,15.56%,HMOX1;CREG1;ARRB2;ICAM1;FOS;MMP14;PPT1;PRKCD;DLG4;LYN;BID;SOD2;FOSB;NFKBIA;IL6;CXCL2;PPIF;TCHH
21,7,anal_pc5_c21_S1.filtered.gene_spectra_score.k_21.dt_0_01.txt,prerank,HALLMARK_P53_PATHWAY,0.47911974884049763,1.1511851021637967,0.26990692864529475,0.6128716207783131,1.0,15/89,10.56%,IFI30;FUCA1;SAT1;HMOX1;CTSD;GM2A;NINJ1;FOS;PTPRE;RAP2B;DRAM1;S100A4;RNF19B;TCN2;ALOX15B
21,7,anal_pc5_c21_S1.filtered.gene_spectra_score.k_21.dt_0_01.txt,prerank,HALLMARK_APOPTOSIS,0.46901091498136144,1.1175376637742669,0.31633714880332986,0.6721749332268291,1.0,18/79,14.38%,CD14;SAT1;HMOX1;PLCB2;PPT1;TIMP2;IL1B;IL18;DPYD;BID;SOD2;TIMP1;HGF;IER3;SLC20A1;GADD45B;IL6;IL1A
21,7,anal_pc5_c21_S1.filtered.gene_spectra_score.k_21.dt_0_01.txt,prerank,HALLMARK_IL2_STAT5_SIGNALING,0.44689759973489895,1.0853662061540421,0.37209302325581395,0.7260205963683161,1.0,31/127,16.92%,FGL2;CTSZ;NRP1;SPP1;IRF8;CD86;TLR7;IL10RA;TNFRSF21;BATF3;TNFRSF1B;SHE;AHR;CAPG;IL10;CXCL10;MAP3K8;ADAM19;PLIN2;GADD45B;ENPP1;IL2RA;IL3RA;SNX9;CD83;TNFRSF9;TNFRSF8;GPR65;SMPDL3A;CAPN3;GBP4
21,7,anal_pc5_c21_S1.filtered.gene_spectra_score.k_21.dt_0_01.txt,prerank,HALLMARK_APICAL_JUNCTION,0.439659457650127,1.0584017012196976,0.419917864476386,0.7611103593335953,1.0,9/101,4.58%,CD209;SIRPA;MMP9;TGFBI;ICAM1;ITGA9;TSPAN4;SDC3;CD86
21,7,anal_pc5_c21_S1.filtered.gene_spectra_score.k_21.dt_0_01.txt,prerank,HALLMARK_DNA_REPAIR,-0.3327672544033274,-1.0528804384419852,0.3377777777777778,0.5124578391905125,0.7703252032520326,12/22,31.46%,AK1;BCAM;LIG1;VPS37B;POLH;TYMS;USP11;POLA1;NT5C3A;ZWINT;NPR2;BRF2
21,7,anal_pc5_c21_S1.filtered.gene_spectra_score.k_21.dt_0_01.txt,prerank,HALLMARK_CHOLESTEROL_HOMEOSTASIS,0.45588917053928973,1.0232237952543752,0.4858156028368794,0.8135268715209306,1.0,6/35,13.52%,LGMN;CXCL16;PLAUR;LPL;SCD;ATF5
21,7,anal_pc5_c21_S1.filtered.gene_spectra_score.k_21.dt_0_01.txt,prerank,HALLMARK_HEME_METABOLISM,0.4354835647260604,1.0220005340859215,0.4585152838427948,0.777616515765838,1.0,15/55,18.28%,CTSB;ACP5;MPP1;BMP2K;LMO2;BLVRB;AGPAT4;NFE2;UCP2;KDM7A;SNCA;SMOX;CAT;SEC14L1;ICAM4
21,7,anal_pc5_c21_S1.filtered.gene_spectra_score.k_21.dt_0_01.txt,prerank,HALLMARK_ANDROGEN_RESPONSE,0.4532709349019268,1.018627246641171,0.4789053591790194,0.7507187902085684,1.0,5/41,7.24%,SAT1;SELENOP;MERTK;MAF;SGK1
21,7,anal_pc5_c21_S1.filtered.gene_spectra_score.k_21.dt_0_01.txt,prerank,HALLMARK_REACTIVE_OXYGEN_SPECIES_PATHWAY,0.48468891637073896,0.9924259654572782,0.5059920106524634,0.7770823407347274,1.0,8/19,17.26%,FES;FTL;SOD2;GLRX;LSP1;HHEX;MPO;CAT
21,7,anal_pc5_c21_S1.filtered.gene_spectra_score.k_21.dt_0_01.txt,prerank,HALLMARK_APICAL_SURFACE,-0.2925992074533069,-0.9453352757274097,0.4888888888888889,0.6641914191419142,0.8943089430894309,7/27,12.40%,ATP8B1;IL2RG;EPHB4;IL2RB;CROCC;GSTM3;AKAP7
21,7,anal_pc5_c21_S1.filtered.gene_spectra_score.k_21.dt_0_01.txt,prerank,HALLMARK_SPERMATOGENESIS,-0.2723335447843985,-0.9202886099309994,0.6148148148148148,0.6439874756706441,0.9146341463414634,14/36,33.86%,LPIN1;SLC12A2;EZH2;GSTM3;CDK1;KIF2C;CAMK4;HSPA4L;CCNB2;HSPA2;ADCYAP1;GFI1;NEK2;BUB1
21,7,anal_pc5_c21_S1.filtered.gene_spectra_score.k_21.dt_0_01.txt,prerank,HALLMARK_HYPOXIA,0.36950487246932234,0.886926181493891,0.7245934959349594,0.9558194586588785,1.0,21/111,14.34%,HMOX1;TGFBI;SDC3;FOS;PDGFB;SCARB1;DUSP1;GAA;ZFP36;PLAUR;S100A4;AMPD3;TNFAIP3;HS3ST1;PFKFB3;PPP1R15A;GLRX;PLIN2;IER3;RBPJ;IL6
21,7,anal_pc5_c21_S1.filtered.gene_spectra_score.k_21.dt_0_01.txt,prerank,HALLMARK_EPITHELIAL_MESENCHYMAL_TRANSITION,0.3481801840937893,0.8519995225162985,0.7925851703406813,0.9773355632660192,1.0,21/164,12.24%,FUCA1;DAB2;SAT1;TGFBI;SPP1;MMP14;PMP22;VCAN;ANPEP;LRP1;CAPG;PLAUR;TNFAIP3;GLIPR1;BASP1;ITGB5;CXCL1;CXCL8;EMP3;CXCL12;TIMP1
21,7,anal_pc5_c21_S1.filtered.gene_spectra_score.k_21.dt_0_01.txt,prerank,HALLMARK_KRAS_SIGNALING_DN,0.3197702147999155,0.7641809685629579,0.8260416666666667,1.0,1.0,8/78,11.00%,SELENOP;MEFV;SGK1;CD207;KCNMB1;SLC29A3;CD80;PTPRJ
21,7,anal_pc5_c21_S1.filtered.gene_spectra_score.k_21.dt_0_01.txt,prerank,HALLMARK_UV_RESPONSE_DN,0.32171530267611137,0.7592500683593462,0.8172157279489904,1.0,1.0,4/69,6.64%,DAB2;NRP1;DUSP1;PMP22
21,7,anal_pc5_c21_S1.filtered.gene_spectra_score.k_21.dt_0_01.txt,prerank,HALLMARK_PEROXISOME,-0.2226390275932721,-0.7400700371406617,0.875,0.8740797156638741,0.9888211382113821,12/32,28.42%,HSD11B2;ACSL5;TOP2A;ALDH1A1;ECI2;ELOVL5;NR1I2;HSD17B11;CEL;ABCD2;FDPS;SEMA3C
21,7,anal_pc5_c21_S1.filtered.gene_spectra_score.k_21.dt_0_01.txt,prerank,HALLMARK_GLYCOLYSIS,0.3066564345569464,0.7216580799221578,0.8565310492505354,1.0,1.0,6/67,8.68%,MERTK;TGFBI;SDC3;SLC16A3;VCAN;ME1
21,7,anal_pc5_c21_S1.filtered.gene_spectra_score.k_21.dt_0_01.txt,prerank,HALLMARK_FATTY_ACID_METABOLISM,0.3171809596675472,0.7145749690380275,0.8348314606741573,1.0,1.0,7/44,15.70%,CD36;IL4I1;ME1;ACSL1;GLUL;LTC4S;CD1D
21,7,anal_pc5_c21_S1.filtered.gene_spectra_score.k_21.dt_0_01.txt,prerank,HALLMARK_UNFOLDED_PROTEIN_RESPONSE,0.3172027406640612,0.6793597251151579,0.8422391857506362,1.0,1.0,3/23,8.76%,CEBPB;NABP1;CCL2
21,7,anal_pc5_c21_S1.filtered.gene_spectra_score.k_21.dt_0_01.txt,prerank,HALLMARK_PI3K_AKT_MTOR_SIGNALING,0.2908925605313077,0.6345678956532751,0.8833333333333333,1.0,1.0,2/32,3.54%,MKNK1;ITPR2
21,7,anal_pc5_c21_S1.filtered.gene_spectra_score.k_21.dt_0_01.txt,prerank,HALLMARK_BILE_ACID_METABOLISM,0.2700410204330202,0.6027373111637077,0.9203640500568828,0.9946565862060358,1.0,3/37,9.48%,ABCA1;AQP9;ABCD1
21,7,anal_pc5_c21_S1.filtered.gene_spectra_score.k_21.dt_0_01.txt,prerank,HALLMARK_TGF_BETA_SIGNALING,0.2395622035183532,0.5016619039325373,0.9617346938775511,1.0,1.0,6/24,17.10%,ENG;RAB31;PPP1R15A;SLC20A1;LTBP2;TGFBR1
21,7,anal_pc5_c21_S1.filtered.gene_spectra_score.k_21.dt_0_01.txt,prerank,HALLMARK_MYOGENESIS,0.18637529676611803,0.4500877803613687,0.9969418960244648,0.9916127904944959,1.0,10/112,13.96%,CD36;GAA;IGF1;FABP3;KIFC3;ITGB5;SCD;ACSL1;LSP1;GADD45B
21,8,anal_pc5_c21_S1.filtered.gene_spectra_score.k_21.dt_0_01.txt,prerank,HALLMARK_E2F_TARGETS,-0.5699290765604803,-2.2511588705492684,0.0,0.0,0.0,46/54,34.16%,TFRC;CENPM;LMNB1;TOP2A;MYC;CDK1;MCM4;CDKN1A;PRDX4;TK1;HELLS;CDKN2A;HMMR;MYBL2;PTTG1;ORC6;LIG1;DLGAP5;CCNB2;TCF19;CIT;CDCA3;KIF2C;PLK1;CKS2;MKI67;SPC25;MCM6;CDCA8;BIRC5;CDC20;EZH2;MCM2;SPAG5;KPNA2;CDKN2C;HMGB2;DEPDC1;TACC3;ESPL1;ANP32E;SMC4;DIAPH3;AURKB;CENPE;POLE
21,8,anal_pc5_c21_S1.filtered.gene_spectra_score.k_21.dt_0_01.txt,prerank,HALLMARK_G2M_CHECKPOINT,-0.5399183862305618,-2.222846636537683,0.0,0.0,0.0,55/68,35.60%,SLC7A1;LMNB1;TOP2A;MYC;CDK1;SLC12A2;ODC1;MEIS1;E2F1;TPX2;KIF23;HMMR;MYBL2;PTTG1;ORC6;NDC80;CCNB2;SMAD3;TROAP;KIF11;NUSAP1;CENPF;KIF2C;NEK2;SNRPD1;DMD;TTK;PLK1;CKS2;MKI67;MEIS2;MCM6;BIRC5;CDC20;EZH2;MCM2;KPNA2;CDKN2C;CCND1;PRC1;POLQ;TACC3;ESPL1;RAD54L;SMC4;MAP3K20;KIF20B;UBE2C;EXO1;AURKB;KIF15;CENPE;POLE;CENPA;MT2A
21,8,anal_pc5_c21_S1.filtered.gene_spectra_score.k_21.dt_0_01.txt,prerank,HALLMARK_ALLOGRAFT_REJECTION,0.7710428929638101,2.050380143819143,0.0,0.0,0.0,49/121,9.06%,CCL5;CD8A;GZMA;PRF1;KLRD1;FASLG;CCR5;CCL4;IL2RB;GZMB;CD96;STAT4;ITGAL;NCR1;FGR;CD7;CRTAM;CD2;CXCR3;CD3D;CD3E;CD247;ITGB2;PTPRC;IFNG;CD3G;LCK;ZAP70;LCP2;IL18RAP;IL2RG;SRGN;PTPN6;TNF;WAS;FLNA;CCR2;FYB1;HCLS1;CCND3;ETS1;MAP4K1;IL16;GPR65;TRAT1;SIT1;CCR1;ITK;ST8SIA4
21,8,anal_pc5_c21_S1.filtered.gene_spectra_score.k_21.dt_0_01.txt,prerank,HALLMARK_INTERFERON_GAMMA_RESPONSE,0.6855912731491173,1.8071213265481305,0.0,0.0017843487127198571,0.007,44/111,13.84%,CCL5;KLRK1;GZMA;IL2RB;STAT4;CD69;SLAMF7;OASL;ITGB7;RNF213;IRF1;NLRC5;LCP2;ZBP1;PTPN6;EIF4E3;IFITM2;CASP8;IL10RA;PSMB9;GPR18;ST8SIA4;RSAD2;UPP1;HELZ2;SAMD9L;OAS2;IFIT2;CMPK2;SAMHD1;SOCS1;MX2;PDE4B;GBP4;ICAM1;IRF7;OAS3;TNFAIP3;PIM1;DDX60;IFI44L;SP110;FPR1;XAF1
21,8,anal_pc5_c21_S1.filtered.gene_spectra_score.k_21.dt_0_01.txt,prerank,HALLMARK_EPITHELIAL_MESENCHYMAL_TRANSITION,-0.3809116607407313,-1.7920726266004132,0.0,0.025157232704402517,0.015060240963855422,63/164,15.76%,COL5A3;SAT1;DST;COL5A1;LRP1;GPC1;MMP14;LAMC1;IGFBP2;COL3A1;COL7A1;SPARC;FUCA1;COL4A2;SDC4;DPYSL3;FSTL1;GADD45A;TGFBI;COL6A3;PFN2;COL4A1;ITGB5;COL1A2;DAB2;DCN;EDIL3;VEGFA;LUM;CAPG;FBLN1;CDH11;MATN2;ELN;THBS2;COL5A2;COL1A1;LAMA3;ITGA2;QSOX1;TPM1;FBN1;MMP2;RHOB;THBS1;COL16A1;GJA1;ITGB3;CALD1;WNT5A;MYL9;ADAM12;PMP22;ABI3BP;CXCL12;ACTA2;PDLIM4;MYLK;IGFBP4;LOXL1;TAGLN;TNC;TGM2
21,8,anal_pc5_c21_S1.filtered.gene_spectra_score.k_21.dt_0_01.txt,prerank,HALLMARK_ANGIOGENESIS,-0.5274636586008008,-1.7443920614669743,0.02617801047120419,0.028930817610062894,0.023092369477911646,10/29,11.38%,JAG1;COL3A1;FSTL1;TNFRSF21;FGFR1;VEGFA;LUM;VAV2;COL5A2;NRP1
21,8,anal_pc5_c21_S1.filtered.gene_spectra_score.k_21.dt_0_01.txt,prerank,HALLMARK_ADIPOGENESIS,-0.4674359952677307,-1.682959785631886,0.008928571428571428,0.03924528301886792,0.0391566265060241,32/51,35.92%,ABCA1;GADD45A;COL4A1;PFKFB3;PPARG;LAMA4;MGLL;TOB1;SPARCL1;APOE;ITIH5;PHLDB1;MYLK;ME1;CAVIN1;CCNG2;ITSN1;SCARB1;ENPP2;NABP1;LIFR;C3;BCL6;COL15A1;CDKN2C;CAVIN2;SNCG;CYP4B1;FABP4;GPX3;CD36;FZD4
21,8,anal_pc5_c21_S1.filtered.gene_spectra_score.k_21.dt_0_01.txt,prerank,HALLMARK_ESTROGEN_RESPONSE_EARLY,-0.37788130554151733,-1.655432222589491,0.0,0.04109014675052411,0.04819277108433735,61/118,28.04%,TIAM1;ELF3;RAPGEFL1;CLDN7;KRT8;CA12;MUC1;HES1;SCNN1A;MAST4;MLPH;KLF4;ESRP2;KRT15;UGCG;FLNB;MYB;LAD1;FOS;CELSR1;KRT19;NBL1;LRIG1;AQP3;HR;MYC;TFF3;NAV2;RHOBTB3;AKAP1;TOB1;FARP1;OVOL2;GJA1;SLC1A4;KAZN;CXCL12;IGFBP4;PMAIP1;TGM2;KLK10;TJP3;TUBB2B;SLC26A2;SCARB1;SLC7A2;TTC39A;FHL2;XBP1;PRSS23;SEC14L2;DLC1;BLVRB;RETREG1;RRP12;SVIL;CCND1;OLFM1;THSD4;BCL2;P2RY2
21,8,anal_pc5_c21_S1.filtered.gene_spectra_score.k_21.dt_0_01.txt,prerank,HALLMARK_P53_PATHWAY,-0.3734675965423124,-1.5987039447037519,0.0,0.056064690026954175,0.07530120481927711,27/89,10.28%,DGKA;ITGB4;EPHX1;SAT1;GPX2;KLF4;NUPR1;ABCC5;FUCA1;EPHA2;TP63;GADD45A;EPS8L2;FOS;SLC7A11;CDH13;TM4SF1;CLCA2;VWA5A;HSPA4L;SPHK1;KRT17;GM2A;TRAF4;CDKN1A;SERPINB5;TOB1
21,8,anal_pc5_c21_S1.filtered.gene_spectra_score.k_21.dt_0_01.txt,prerank,HALLMARK_ESTROGEN_RESPONSE_LATE,-0.355220044332166,-1.5630778319062824,0.0,0.06352201257861635,0.0963855421686747,51/106,26.34%,TIAM1;RAPGEFL1;PLXNB1;CA12;SCNN1A;CXCL14;AGR2;KLF4;CKB;CDH1;MDK;FLNB;MYB;FOS;KRT19;NBL1;HSPA4L;ASS1;HR;TOP2A;TFF3;TOB1;FARP1;UGDH;OVOL2;FABP5;TSPAN13;CA2;SLC1A4;FGFR3;CXCL12;IGFBP4;KIF20A;CPE;KLK10;SERPINA1;TJP3;SGK1;SLC26A2;CYP4F11;SCARB1;SLC29A1;XBP1;PRSS23;NMU;BLVRB;CAV1;CDC20;NAB2;KLK11;CCND1
21,8,anal_pc5_c21_S1.filtered.gene_spectra_score.k_21.dt_0_01.txt,prerank,HALLMARK_HYPOXIA,-0.3333981954151657,-1.4983150444377686,0.0,0.09112508735150245,0.1536144578313253,57/111,32.40%,NEDD4L;COL5A1;CA12;EFNA1;GPC1;PKP1;SELENBP1;SDC4;TGFBI;PFKFB3;FOS;DCN;VEGFA;ACKR3;P4HA2;GPC3;CDKN1A;SDC3;NDRG1;PDK1;HK2;TGM2;PLAC8;CAVIN1;IGFBP3;PPARGC1A;CDKN1C;CCNG2;CHST2;SCARB1;BGN;HMOX1;IER3;LOX;GAA;HS3ST1;ERRFI1;CAV1;SLC2A5;CCN1;ATF3;AMPD3;IRS2;AKAP12;DUSP1;GCNT2;GPC4;SDC2;BCL2;MXI1;CCN2;ADM;FBP1;LXN;F3;DTNA;VLDLR
21,8,anal_pc5_c21_S1.filtered.gene_spectra_score.k_21.dt_0_01.txt,prerank,HALLMARK_INTERFERON_ALPHA_RESPONSE,0.5940189668372907,1.488502793785716,0.04713804713804714,0.18404282436910527,0.635,24/50,18.64%,OASL;IRF1;IFITM2;CASP8;PSMB9;RSAD2;HELZ2;SAMD9L;SAMD9;IFIT2;GBP2;CMPK2;GBP4;IRF7;DDX60;IFI44L;SP110;TRIM14;CSF1;TMEM140;TRIM5;ISG15;IFIT3;CCRL2
21,8,anal_pc5_c21_S1.filtered.gene_spectra_score.k_21.dt_0_01.txt,prerank,HALLMARK_ANDROGEN_RESPONSE,-0.4065290047376587,-1.4760596119983642,0.032467532467532464,0.09157232704402517,0.1686746987951807,25/41,27.92%,MAF;ARID5B;KRT8;SAT1;SELENOP;KRT19;UBE2J1;INPP4B;NDRG1;MERTK;SCD;SGK1;SLC26A2;HPGD;ABCC4;ADAMTS1;PLPP1;LIFR;HMGCR;HMGCS1;TSC22D1;RRP12;AKAP12;CCND1;PDLIM5
21,8,anal_pc5_c21_S1.filtered.gene_spectra_score.k_21.dt_0_01.txt,prerank,HALLMARK_HEDGEHOG_SIGNALING,-0.5234598774047875,-1.4474227417288,0.06896551724137931,0.09834190966266439,0.19477911646586346,10/17,32.74%,CELSR1;VEGFA;NRP1;NRP2;NRCAM;DPYSL2;THY1;UNC5C;VLDLR;HEY1
21,8,anal_pc5_c21_S1.filtered.gene_spectra_score.k_21.dt_0_01.txt,prerank,HALLMARK_COMPLEMENT,0.5449958544884933,1.4439317697469418,0.012282497441146366,0.2086413459087433,0.779,20/122,9.24%,CCL5;GZMA;GZMK;GZMB;APOBEC3G;FYN;IRF1;CBLB;LCK;LCP2;GNG2;PLEK;RASGRP1;DOCK10;WAS;PIK3R5;PSMB9;EHD1;GNGT2;CTSC
21,8,anal_pc5_c21_S1.filtered.gene_spectra_score.k_21.dt_0_01.txt,prerank,HALLMARK_GLYCOLYSIS,-0.34537311948182103,-1.438643461762009,0.0,0.09433962264150944,0.20481927710843373,33/67,28.50%,ELF3;COL5A1;GPC1;DSC2;B3GNT3;TGFBI;DCN;VEGFA;GCLC;P4HA2;TFF3;CDK1;GPC3;QSOX1;SDC3;TPST1;MERTK;CYB5A;HMMR;HK2;KIF20A;ME1;IGFBP3;CHST2;IER3;PLOD2;MET;IRS2;DEPDC1;GPC4;NT5E;SDC2;MXI1
21,8,anal_pc5_c21_S1.filtered.gene_spectra_score.k_21.dt_0_01.txt,prerank,HALLMARK_FATTY_ACID_METABOLISM,-0.37991718876485114,-1.4135956030583439,0.058394160583941604,0.10140299951620707,0.23393574297188754,17/44,30.08%,EPHX1;GLUL;ALDH1A1;ALDH3A1;MAOA;MGLL;ODC1;UGDH;CA2;ME1;HPGD;CD1D;CA4;HMGCS1;PTPRG;CBR3;IL4I1
21,8,anal_pc5_c21_S1.filtered.gene_spectra_score.k_21.dt_0_01.txt,prerank,HALLMARK_XENOBIOTIC_METABOLISM,-0.33233709691086727,-1.4109412759352478,0.018518518518518517,0.09559748427672955,0.23694779116465864,23/80,15.16%,EPHX1;ABCC3;IL1R1;TMEM176B;AKR1C3;EPHA2;AKR1C2;NQO1;ALDH3A1;PTGR1;BCAR1;MAOA;CES1;FBLN1;GCLC;UGDH;APOE;NDRG2;CFB;CA2;TPST1;CYB5A;IGFBP4
21,8,anal_pc5_c21_S1.filtered.gene_spectra_score.k_21.dt_0_01.txt,prerank,HALLMARK_MITOTIC_SPINDLE,-0.3218633558179456,-1.3507354042445776,0.05084745762711865,0.13048218029350106,0.32429718875502006,53/77,33.74%,TIAM1;DST;TRIO;FLNB;MID1;FGD4;BCAR1;NET1;LMNB1;TOP2A;GSN;ANLN;EPB41L2;CDK1;RAPGEF5;FARP1;SYNPO;ECT2;TPX2;KIF23;FSCN1;CEP250;NDC80;DLGAP5;CCNB2;KIF11;PALLD;DOCK4;ITSN1;ARHGAP10;NUSAP1;CENPF;KIF2C;NEK2;TTK;CEP72;PLK1;ARHGAP29;BIRC5;CCDC88A;PRC1;SORBS2;ESPL1;PDLIM5;STK38L;SMC4;CDC42EP4;BCL2L11;KIF20B;KNTC1;KIF15;CENPE;CDC42EP2
21,8,anal_pc5_c21_S1.filtered.gene_spectra_score.k_21.dt_0_01.txt,prerank,HALLMARK_INFLAMMATORY_RESPONSE,0.49621129651977663,1.3227718788750553,0.04795918367346939,0.42691817486617384,0.976,29/141,13.48%,CCL5;IL2RB;NMUR1;CD69;CXCR6;IRF1;LCK;LCP2;IL18RAP;CD48;RASGRP1;PTGER4;KCNA3;GPR132;PIK3R5;PTGER2;IL10RA;SEMA4D;ITGA5;P2RX7;NLRP3;EMP3;AQP9;PDE4B;ICAM1;IRF7;PTPRE;FPR1;PROK2
21,8,anal_pc5_c21_S1.filtered.gene_spectra_score.k_21.dt_0_01.txt,prerank,HALLMARK_COAGULATION,-0.3162620128977027,-1.3223400296201584,0.08695652173913043,0.14245283018867927,0.3654618473895582,44/79,31.74%,CTSB;LGMN;LRP1;MMP14;SPARC;A2M;C1S;CTSH;C1R;C1QA;ADAM9;GSN;ITGA2;C2;FBN1;MMP2;THBS1;SH2B2;CFB;ITGB3;SERPING1;SERPINA1;FN1;PRSS23;CLU;CRIP2;MMP9;PLAT;CSRP1;C3;VWF;CFI;HTRA1;GDA;DUSP14;TIMP3;F10;DPP4;CFD;TIMP1;TFPI2;F3;LTA4H;PLAU
21,8,anal_pc5_c21_S1.filtered.gene_spectra_score.k_21.dt_0_01.txt,prerank,HALLMARK_HEME_METABOLISM,-0.3386664963702784,-1.3200364710612758,0.08888888888888889,0.13496115427302996,0.36646586345381527,14/55,12.92%,CTSB;TFRC;SELENBP1;BCAM;SLC7A11;AQP3;GCLC;BMP2K;P4HA2;TENT5C;MBOAT2;KLF3;CA2;TNS1
21,8,anal_pc5_c21_S1.filtered.gene_spectra_score.k_21.dt_0_01.txt,prerank,HALLMARK_APICAL_SURFACE,0.553311782623972,1.2932460079779793,0.1875,0.4332568612456454,0.987,3/27,3.40%,IL2RB;CD160;IL2RG
21,8,anal_pc5_c21_S1.filtered.gene_spectra_score.k_21.dt_0_01.txt,prerank,HALLMARK_PI3K_AKT_MTOR_SIGNALING,0.5532347260527161,1.2880408726094315,0.18304668304668303,0.38352572739521507,0.99,11/32,16.56%,FASLG;LCK;IL2RG;PLCG1;SLA;CXCR4;PRKCB;PLCB1;PPP2R1B;CAMK4;MAP2K3
21,8,anal_pc5_c21_S1.filtered.gene_spectra_score.k_21.dt_0_01.txt,prerank,HALLMARK_APOPTOSIS,0.4835159043357523,1.2682887628130073,0.15789473684210525,0.38357124649502927,0.994,15/79,12.66%,PRF1;FASLG;CD2;CD69;IRF1;TNF;SLC20A1;CASP8;PLCB2;DPYD;CDC25B;TGFBR3;EGR3;CCND2;SMAD7
21,8,anal_pc5_c21_S1.filtered.gene_spectra_score.k_21.dt_0_01.txt,prerank,HALLMARK_CHOLESTEROL_HOMEOSTASIS,-0.36248267143471513,-1.2479865578408147,0.13636363636363635,0.18392732354996508,0.4799196787148594,17/35,25.42%,LGMN;JAG1;TP53INP1;ANTXR2;ALCAM;PPARG;LDLR;CXCL16;FABP5;MAL2;LGALS3;SCD;CLU;HMGCR;HMGCS1;ERRFI1;ATF3
21,8,anal_pc5_c21_S1.filtered.gene_spectra_score.k_21.dt_0_01.txt,prerank,HALLMARK_MYOGENESIS,-0.281147979252939,-1.23539635454994,0.06451612903225806,0.18642833498841446,0.5040160642570282,47/112,26.54%,ITGB4;COL3A1;SPARC;EFS;COL4A2;NQO1;CKB;COL6A3;ERBB3;ITGB5;CDH13;SPHK1;PTP4A3;GSN;NAV2;EPHB3;MYH11;CDKN1A;AEBP1;COL1A1;VIPR1;SMTN;MAPRE3;ADAM12;MYLK;SCD;SOD3;TAGLN;IGFBP7;IGFBP3;SLC6A8;SPEG;SORBS3;CLU;DMD;GAA;IGF1;LAMA2;WWTR1;MEF2C;FGF2;PFKM;FST;SVIL;COL15A1;PKIA;PVALB
21,8,anal_pc5_c21_S1.filtered.gene_spectra_score.k_21.dt_0_01.txt,prerank,HALLMARK_UV_RESPONSE_DN,-0.29224814876703475,-1.211855559370518,0.11842105263157894,0.20352201257861635,0.5542168674698795,33/69,17.48%,LAMC1;ID1;COL3A1;PLCB4;PLPP3;SLC7A1;ERBB2;COL1A2;DAB2;PPARG;TJP1;IGFBP5;NFIB;LDLR;MYC;MGLL;VAV2;ICA1;COL5A2;COL1A1;NRP1;ADGRL2;INPP4B;LPAR1;GJA1;ITGB3;PMP22;KCNMA1;TFPI;PIK3R3;RBPMS;SMAD3;MAP1B
21,8,anal_pc5_c21_S1.filtered.gene_spectra_score.k_21.dt_0_01.txt,prerank,HALLMARK_APICAL_JUNCTION,-0.27198175027712507,-1.2006479968303139,0.08823529411764706,0.20581012279125485,0.5753012048192772,32/101,14.74%,ITGB4;CLDN7;CLDN4;COL17A1;PCDH1;CDH1;MDK;TGFBI;LAMB3;CD209;ADAM9;TJP1;CDH3;ADAM15;CD276;CDH11;MPZL2;ADAM23;EPB41L2;VAV2;LAMA3;ITGA2;LAYN;FBN1;MMP2;SDC3;COL16A1;MYL9;WNK4;ITGA9;PIK3R3;FSCN1
21,8,anal_pc5_c21_S1.filtered.gene_spectra_score.k_21.dt_0_01.txt,prerank,HALLMARK_TNFA_SIGNALING_VIA_NFKB,0.4295553487598865,1.1525034924466069,0.233502538071066,0.6283739768317897,1.0,30/150,13.36%,CCL5;CCL4;CD69;IRF1;PLEK;NR4A2;DUSP2;MAP3K8;TNF;PTGER4;SLC16A6;ID2;EGR2;SLC2A3;TRAF1;LITAF;MSC;EHD1;BCL2A1;ZFP36;IFIT2;CSF2;DUSP4;MAFF;PDE4B;EGR3;ICAM1;TNFAIP3;NR4A3;PTPRE
21,8,anal_pc5_c21_S1.filtered.gene_spectra_score.k_21.dt_0_01.txt,prerank,HALLMARK_IL2_STAT5_SIGNALING,0.3989585853905747,1.0663849902274598,0.3824130879345603,0.8056079530971195,1.0,26/127,12.88%,CST7;EOMES;IL2RB;CD48;PRKCH;ABCB1;MAP3K8;GLIPR2;HOPX;SYT11;CDC42SE2;PTGER2;IL10RA;CCND3;CISH;GPR65;SLC2A3;TRAF1;TTC39B;RHOH;CSF2;MAFF;SOCS1;GBP4;CCND2;PIM1
21,8,anal_pc5_c21_S1.filtered.gene_spectra_score.k_21.dt_0_01.txt,prerank,HALLMARK_WNT_BETA_CATENIN_SIGNALING,-0.3896892736870377,-1.0596762249792973,0.396875,0.3871926815323042,0.8353413654618473,3/15,8.78%,LEF1;JAG1;MYC
21,8,anal_pc5_c21_S1.filtered.gene_spectra_score.k_21.dt_0_01.txt,prerank,HALLMARK_IL6_JAK_STAT3_SIGNALING,0.4140456070571323,1.016210309046523,0.46756152125279643,0.8637638171158435,1.0,16/53,15.60%,IRF1;IL2RG;IL9R;MAP3K8;TNF;PIK3R5;ITGA4;CCR1;CSF2;SOCS1;IL17RA;PIM1;CSF3R;IL1B;CSF1;IL12RB1
21,8,anal_pc5_c21_S1.filtered.gene_spectra_score.k_21.dt_0_01.txt,prerank,HALLMARK_BILE_ACID_METABOLISM,0.3684790583814041,0.9009239785648075,0.5876042908224076,1.0,1.0,5/37,10.50%,ABCA2;LCK;ABCD2;APOA1;AQP9
21,8,anal_pc5_c21_S1.filtered.gene_spectra_score.k_21.dt_0_01.txt,prerank,HALLMARK_KRAS_SIGNALING_UP,0.3251129010076125,0.8671159560373687,0.7355035605289929,1.0,1.0,19/131,12.86%,LCP1;ITGB2;ADAM8;IKZF1;IL2RG;ABCB1;LAPTM5;DOCK2;IL10RA;ID2;ETS1;MAP4K1;TRAF1;PECAM1;CXCR4;CSF2;CCND2;ERO1A;TNFAIP3
21,8,anal_pc5_c21_S1.filtered.gene_spectra_score.k_21.dt_0_01.txt,prerank,HALLMARK_SPERMATOGENESIS,-0.2328996252438454,-0.8316765941635278,0.754601226993865,0.7978124145474432,0.9809236947791165,14/36,26.68%,HSPA4L;CDK1;SLC12A2;GSTM3;HSPA2;ACE;CCNB2;KIF2C;NEK2;TTK;SHE;SLC2A5;EZH2;IDE
21,8,anal_pc5_c21_S1.filtered.gene_spectra_score.k_21.dt_0_01.txt,prerank,HALLMARK_REACTIVE_OXYGEN_SPECIES_PATHWAY,0.35544038983191356,0.7793545709624448,0.7337031900138696,1.0,1.0,4/19,11.04%,LSP1;MBP;IPCEF1;FES
21,8,anal_pc5_c21_S1.filtered.gene_spectra_score.k_21.dt_0_01.txt,prerank,HALLMARK_UV_RESPONSE_UP,0.28873264548886357,0.7381373215784324,0.828039430449069,1.0,1.0,6/66,7.24%,IRF1;RAB27A;RASGRP1;ABCB1;ARRB2;CCND3
21,8,anal_pc5_c21_S1.filtered.gene_spectra_score.k_21.dt_0_01.txt,prerank,HALLMARK_MTORC1_SIGNALING,0.27481824788508175,0.7120277397708974,0.8495670995670995,1.0,1.0,10/72,12.52%,CORO1A;ITGB2;SLA;SLC2A3;NIBAN1;CTSC;CXCR4;SYTL2;SLC6A6;ERO1A
21,8,anal_pc5_c21_S1.filtered.gene_spectra_score.k_21.dt_0_01.txt,prerank,HALLMARK_DNA_REPAIR,0.3178020634900849,0.703388446848822,0.8271767810026385,1.0,1.0,7/22,18.36%,HCLS1;CMPK2;PDE4B;NT5C3A;VPS37B;USP11;AK1
21,8,anal_pc5_c21_S1.filtered.gene_spectra_score.k_21.dt_0_01.txt,prerank,HALLMARK_UNFOLDED_PROTEIN_RESPONSE,-0.20883044336401763,-0.6517969782633627,0.9169811320754717,0.9534591194968554,1.0,8/23,26.90%,VEGFA;SLC1A4;HERPUD1;PSAT1;NABP1;XBP1;ATF3;HSP90B1
21,8,anal_pc5_c21_S1.filtered.gene_spectra_score.k_21.dt_0_01.txt,prerank,HALLMARK_TGF_BETA_SIGNALING,0.2718752322920438,0.617144377220251,0.9007537688442211,1.0,1.0,3/24,7.28%,TGFBR1;SLC20A1;ID2
21,8,anal_pc5_c21_S1.filtered.gene_spectra_score.k_21.dt_0_01.txt,prerank,HALLMARK_PEROXISOME,0.2595055271485378,0.6167132888564245,0.917189460476788,0.9822235936514752,1.0,2/32,5.12%,ABCB1;ABCD2
21,8,anal_pc5_c21_S1.filtered.gene_spectra_score.k_21.dt_0_01.txt,prerank,HALLMARK_KRAS_SIGNALING_DN,0.2364709753374583,0.6012321431954347,0.9547368421052631,0.9422635737955646,1.0,9/78,13.08%,IFNG;CLSTN3;NR4A2;PTPRJ;RSAD2;MAST3;SNCB;PDCD1;IFI44L
21,9,anal_pc5_c21_S1.filtered.gene_spectra_score.k_21.dt_0_01.txt,prerank,HALLMARK_KRAS_SIGNALING_DN,0.7023551857434992,1.9001422380143647,0.0,0.0,0.0,20/78,9.70%,KRT13;KRT4;LYPD3;CALML5;SGK1;SLC6A14;SPRR3;SERPINB2;KRT15;SPTBN2;FGFR3;PKP1;AKR1B10;KLK7;EDAR;KRT1;SELENOP;KLK8;EDN2;GPRC5C
21,9,anal_pc5_c21_S1.filtered.gene_spectra_score.k_21.dt_0_01.txt,prerank,HALLMARK_ALLOGRAFT_REJECTION,-0.4292584906403798,-1.8593964690675755,0.0,0.008418689490669286,0.005,61/121,29.08%,IL2RG;ITGAL;ST8SIA4;CTSS;CD74;FLNA;IL16;SRGN;CCND2;CD2;CD79A;ETS1;HCLS1;LTB;CD96;FYB1;ITGB2;IRF8;ZAP70;PTPRC;CD3D;CSF1;CD40;MAP4K1;CD3E;CD4;PTPN6;PRKCB;LCP2;IRF4;TIMP1;NCF4;STAB1;CD28;ITK;IRF7;SOCS1;CCL5;LCK;IL2RB;IL12RB1;CD3G;CD8A;CD247;IL2RA;C2;CD7;SPI1;WAS;STAT4;CCL2;IL27RA;SIT1;LY86;CD1D;LY75;CCR5;CD40LG;FGR;CD80;TLR6
21,9,anal_pc5_c21_S1.filtered.gene_spectra_score.k_21.dt_0_01.txt,prerank,HALLMARK_ESTROGEN_RESPONSE_EARLY,0.6247389088135485,1.7402305903973165,0.0,0.01518726439400103,0.034,38/118,10.78%,KRT13;AQP3;KRT19;RAPGEFL1;P2RY2;DHRS3;PRSS23;ZNF185;ELF3;KRT15;CLIC3;PTGES;KLK10;ESRP2;LAD1;UGCG;FLNB;TFAP2C;SCNN1A;SULT2B1;MAST4;KAZN;KLF4;SLC2A1;TJP3;TOB1;OVOL2;HES1;HR;RAB31;CELSR1;ANXA9;CLDN7;MUC1;BLVRB;WWC1;RHOD;MPPED2
21,9,anal_pc5_c21_S1.filtered.gene_spectra_score.k_21.dt_0_01.txt,prerank,HALLMARK_ESTROGEN_RESPONSE_LATE,0.6208668779868544,1.7108844224024498,0.0010834236186348862,0.019671123405563238,0.066,29/106,10.68%,KRT13;KRT19;NMU;FABP5;RAPGEFL1;KLK11;MDK;SGK1;PRSS23;ASS1;CLIC3;PTGES;KLK10;FGFR3;FLNB;TFAP2C;SCNN1A;SULT2B1;KLF4;TJP3;TOB1;OVOL2;CDH1;HR;RAB31;ANXA9;BLVRB;HSPA4L;TNNC1
21,9,anal_pc5_c21_S1.filtered.gene_spectra_score.k_21.dt_0_01.txt,prerank,HALLMARK_CHOLESTEROL_HOMEOSTASIS,0.6806119655421093,1.6655127815004804,0.005390835579514825,0.028638841428687657,0.127,16/35,12.82%,FABP5;MAL2;JAG1;ALCAM;CXCL16;TM7SF2;MVK;CLU;HMGCR;ACAT2;SCD;LDLR;FDPS;FASN;NIBAN1;HMGCS1
21,9,anal_pc5_c21_S1.filtered.gene_spectra_score.k_21.dt_0_01.txt,prerank,HALLMARK_ANDROGEN_RESPONSE,0.6424013868965741,1.6342024417917924,0.008717310087173101,0.037664415697122554,0.203,15/41,12.82%,KRT19;SAT1;SGK1;DBI;NDRG1;TSC22D1;INPP4B;STEAP4;HMGCR;SCD;SELENOP;INSIG1;PDLIM5;HPGD;HMGCS1
21,9,anal_pc5_c21_S1.filtered.gene_spectra_score.k_21.dt_0_01.txt,prerank,HALLMARK_P53_PATHWAY,0.5900112093846152,1.6121619868846846,0.006666666666666667,0.04382610582268869,0.262,36/89,15.36%,EPHA2;SAT1;CLCA2;ABCC5;GPX2;CDKN1A;SERPINB5;GM2A;CDKN2B;NDRG1;EPHX1;TSC22D1;CDKN2A;EPS8L2;MDM2;CTSD;KLF4;GADD45A;TM4SF1;TOB1;SPHK1;ALOX15B;NUPR1;KLK8;TRAF4;ZMAT3;HSPA4L;RRAD;PLK2;MKNK2;TGFA;SESN1;RNF19B;DDIT4;HBEGF;RAP2B
21,9,anal_pc5_c21_S1.filtered.gene_spectra_score.k_21.dt_0_01.txt,prerank,HALLMARK_MITOTIC_SPINDLE,-0.39453010971150215,-1.5674221863789748,0.008771929824561403,0.10354988073523222,0.117,29/77,21.14%,DST;TPX2;CCDC88A;NEDD9;CNTRL;ARHGAP4;DOCK2;FLNA;BIN1;FARP1;KIF22;ARHGEF2;EPB41L2;CEP72;CEP250;PXN;KIF15;TOP2A;DOCK4;PRC1;LMNB1;FGD4;NDC80;PREX1;ECT2;FBXO5;INCENP;RHOF;DLGAP5
21,9,anal_pc5_c21_S1.filtered.gene_spectra_score.k_21.dt_0_01.txt,prerank,HALLMARK_EPITHELIAL_MESENCHYMAL_TRANSITION,-0.3477097354516169,-1.5574999347581644,0.0,0.07689069734811281,0.129,51/164,14.10%,COL7A1;CRLF1;ECM1;COL5A1;COL4A2;DST;VCAN;ADAM12;TPM1;WIPF1;TGFBI;COL6A2;ELN;GJA1;SERPINH1;DPYSL3;EMP3;FLNA;SPARC;COL4A1;COL3A1;ENO2;HTRA1;CALD1;FBN1;SERPINE2;COL5A2;IL32;FOXC2;CDH11;CADM1;CTHRC1;PMEPA1;MATN2;COL1A2;COL6A3;LAMC1;CDH2;EDIL3;THBS2;TNC;COL1A1;ANPEP;LOXL2;GLIPR1;TIMP1;ITGA5;FN1;FGF2;TNFAIP3;COL16A1
21,9,anal_pc5_c21_S1.filtered.gene_spectra_score.k_21.dt_0_01.txt,prerank,HALLMARK_G2M_CHECKPOINT,-0.3750471972637488,-1.4258601953564882,0.02857142857142857,0.1393293110705767,0.283,28/68,25.46%,ODC1;TPX2;MKI67;TACC3;CDC45;RAD54L;EZH2;MYBL2;KIF22;CDC25B;SLC7A5;AURKB;POLE;SLC12A2;KIF15;DMD;TOP2A;PRC1;LMNB1;EXO1;NDC80;FBXO5;INCENP;POLQ;NUSAP1;FANCC;BIRC5;TROAP
21,9,anal_pc5_c21_S1.filtered.gene_spectra_score.k_21.dt_0_01.txt,prerank,HALLMARK_XENOBIOTIC_METABOLISM,0.5124817109433601,1.3782357048662512,0.06111111111111111,0.3533363552890036,0.93,20/80,13.94%,EPHA2;VNN1;ALDH3A1;FMO3;CYP2C18;NDRG2;PTGES;EPHX1;CFB;NQO1;PTGR1;GCLC;BLVRB;PDLIM5;SLC6A6;CD36;PPARD;FMO1;AKR1C3;TPST1
21,9,anal_pc5_c21_S1.filtered.gene_spectra_score.k_21.dt_0_01.txt,prerank,HALLMARK_FATTY_ACID_METABOLISM,0.5285289634877844,1.3357121028171925,0.11543287327478043,0.4164564857754997,0.97,16/44,14.24%,GLUL;VNN1;ALDH3A1;ALDH1A1;EPHX1;ACAT2;CEL;ACSL1;FASN;CBR3;HPGD;CD36;TP53INP2;HMGCS1;FMO1;UBE2L6
21,9,anal_pc5_c21_S1.filtered.gene_spectra_score.k_21.dt_0_01.txt,prerank,HALLMARK_TNFA_SIGNALING_VIA_NFKB,0.4697185806981988,1.3344665214404976,0.05956112852664577,0.3719192302708697,0.973,41/150,15.32%,SAT1;SGK1;SERPINB2;SDC4;JAG1;ACKR3;VEGFA;CDKN1A;PHLDA2;TSC22D1;TNFAIP2;CXCL6;KLF4;RHOB;CEBPB;SERPINB8;GADD45A;HES1;SPHK1;SMAD3;PLAU;EGR1;MAFF;BCL6;LDLR;PDLIM5;SOD2;ZC3H12A;PLK2;ABCA1;IFIT2;TIPARP;CXCL1;TLR2;MYC;RNF19B;NFKBIA;TGIF1;HBEGF;NAMPT;CXCL3
21,9,anal_pc5_c21_S1.filtered.gene_spectra_score.k_21.dt_0_01.txt,prerank,HALLMARK_DNA_REPAIR,-0.44206868512625863,-1.3196495282217866,0.12582781456953643,0.22259015013329592,0.488,14/22,40.58%,BCAM;AK1;HCLS1;ZWINT;USP11;PDE4B;LIG1;CDA;NPR2;TYMS;STX3;SNAPC4;POLA1;VPS37B
21,9,anal_pc5_c21_S1.filtered.gene_spectra_score.k_21.dt_0_01.txt,prerank,HALLMARK_HEME_METABOLISM,0.4929060826544933,1.2973649065748865,0.16265060240963855,0.4268923060233775,0.987,13/55,12.72%,AQP3;CTSB;KLF3;ALDH1L1;SLC6A8;MBOAT2;SLC2A1;DAAM1;PDZK1IP1;GCLC;BLVRB;BNIP3L;MXI1
21,9,anal_pc5_c21_S1.filtered.gene_spectra_score.k_21.dt_0_01.txt,prerank,HALLMARK_MYOGENESIS,-0.30145953619539334,-1.2932970851778727,0.04225352112676056,0.21636031991020063,0.536,31/112,16.66%,CKB;CDH13;COL4A2;PVALB;MYH11;ADAM12;COL6A2;TNNT3;LSP1;AK1;SPARC;LPIN1;COL3A1;BIN1;DTNA;AEBP1;CRYAB;COL6A3;TNNI2;TNNT1;COL1A1;MAPRE3;DMD;SPEG;NAV2;FGF2;IGFBP7;MAPK12;ITGB5;PFKM;PDLIM7
21,9,anal_pc5_c21_S1.filtered.gene_spectra_score.k_21.dt_0_01.txt,prerank,HALLMARK_PEROXISOME,0.5381976211535957,1.2930075744927252,0.1610738255033557,0.39881361824246864,0.988,11/32,13.10%,DHRS3;ALDH1A1;CRABP2;ABCC5;SULT2B1;STS;SOD2;FDPS;CEL;ACSL1;SLC27A2
21,9,anal_pc5_c21_S1.filtered.gene_spectra_score.k_21.dt_0_01.txt,prerank,HALLMARK_APICAL_SURFACE,0.5414018193219102,1.243108034521325,0.2042857142857143,0.4844737341686329,0.996,5/27,11.20%,LYPD3;RHCG;LYN;GAS1;CX3CL1
21,9,anal_pc5_c21_S1.filtered.gene_spectra_score.k_21.dt_0_01.txt,prerank,HALLMARK_E2F_TARGETS,-0.32794666395999594,-1.1923289732908762,0.18823529411764706,0.3167832588346128,0.734,25/54,25.68%,MKI67;TACC3;CENPM;HMGB2;EZH2;MYBL2;KIF22;CDC25B;RRM2;AURKB;KIF18B;POLE;TFRC;SPAG5;TOP2A;CIT;LMNB1;DIAPH3;SPC25;MELK;DLGAP5;LIG1;TCF19;BIRC5;HELLS
21,9,anal_pc5_c21_S1.filtered.gene_spectra_score.k_21.dt_0_01.txt,prerank,HALLMARK_COAGULATION,0.4386970066894218,1.1780615797621492,0.23575418994413408,0.619907416099752,1.0,17/79,12.12%,ANXA1;CTSB;PRSS23;SERPINB2;MMP7;CFI;ADAM9;CFB;CLU;LTA4H;PLAU;MAFF;KLK8;BMP1;GSN;ITGA2;CTSV
21,9,anal_pc5_c21_S1.filtered.gene_spectra_score.k_21.dt_0_01.txt,prerank,HALLMARK_UV_RESPONSE_UP,0.42718183902390194,1.130243307280036,0.31712962962962965,0.7105160183022033,1.0,16/66,14.84%,AQP3;CDKN2B;EPHX1;DNAJB1;SLC6A8;RHOB;CYB5R1;LYN;CREG1;SOD2;BCL2L11;RRAD;CTSV;FMO1;HYAL2;NFKBIA
21,9,anal_pc5_c21_S1.filtered.gene_spectra_score.k_21.dt_0_01.txt,prerank,HALLMARK_APICAL_JUNCTION,0.3972357245310997,1.0861179934317784,0.35490830636461707,0.7860349487881829,1.0,19/101,12.00%,NECTIN4;MPZL2;MDK;PIK3R3;ADAM15;GRB7;CLDN4;ADAM9;CDH1;WASL;CDH3;TJP1;ALOX15B;INSIG1;CLDN7;PCDH1;CX3CL1;BMP1;ITGA2
21,9,anal_pc5_c21_S1.filtered.gene_spectra_score.k_21.dt_0_01.txt,prerank,HALLMARK_APOPTOSIS,0.38575058208459834,1.0464658463410632,0.4013605442176871,0.8477205543351504,1.0,14/79,12.60%,SAT1;TNFSF10;ANXA1;CDKN1A;ERBB2;ERBB3;RHOB;GADD45A;CLU;DPYD;SOD2;BCL2L11;GSN;BNIP3L
21,9,anal_pc5_c21_S1.filtered.gene_spectra_score.k_21.dt_0_01.txt,prerank,HALLMARK_UV_RESPONSE_DN,-0.2663402396955974,-1.0174498104468634,0.40336134453781514,0.6335063841728639,0.937,25/69,18.74%,SDC2;MAP1B;CELF2;GJA1;FHL2;PLCB4;TGFBR2;PPARG;HAS2;COL3A1;COL5A2;NFIB;PIK3CD;VAV2;COL1A2;LAMC1;KCNMA1;FYN;COL1A1;KALRN;CAV1;PMP22;PTPRM;DAB2;CCN1
21,9,anal_pc5_c21_S1.filtered.gene_spectra_score.k_21.dt_0_01.txt,prerank,HALLMARK_PI3K_AKT_MTOR_SIGNALING,0.41640487542863536,1.0077172116586584,0.468503937007874,0.8955125781498019,1.0,5/32,6.98%,MAPK10;CDKN1A;PIK3R3;VAV3;SLC2A1
21,9,anal_pc5_c21_S1.filtered.gene_spectra_score.k_21.dt_0_01.txt,prerank,HALLMARK_ADIPOGENESIS,0.3929531188159199,1.0033088726267785,0.47451456310679613,0.8573813419635566,1.0,8/51,13.22%,CYP4B1;GADD45A;TOB1;BCL6;ABCA1;CD36;SNCG;SOWAHC
21,9,anal_pc5_c21_S1.filtered.gene_spectra_score.k_21.dt_0_01.txt,prerank,HALLMARK_SPERMATOGENESIS,-0.28556021162791073,-0.9794479042120379,0.47257383966244726,0.6540386324306627,0.958,13/36,30.36%,LPIN1;EZH2;SLC12A2;CAMK4;GSTM3;TEKT2;ACE;SHE;PCSK1N;CDK1;BUB1;JAM3;DMC1
21,9,anal_pc5_c21_S1.filtered.gene_spectra_score.k_21.dt_0_01.txt,prerank,HALLMARK_HYPOXIA,0.33540438141955903,0.9301082116257949,0.6021505376344086,0.9900269345563079,1.0,21/111,12.72%,SDC4;ACKR3;VEGFA;CDKN1A;NDRG1;TMEM45A;PKP1;LOX;SULT2B1;SLC2A1;PLAC8;GPC1;MAFF;PIM1;VLDLR;EDN2;CP;SLC6A6;TIPARP;BNIP3L;MXI1
21,9,anal_pc5_c21_S1.filtered.gene_spectra_score.k_21.dt_0_01.txt,prerank,HALLMARK_MTORC1_SIGNALING,0.34566515243265783,0.9297340429417893,0.5853107344632769,0.9413066471401839,1.0,21/72,15.26%,CDKN1A;PIK3R3;TM7SF2;SLC2A1;MCM4;HMGCR;LTA4H;SCD;LDLR;INSIG1;NUPR1;VLDLR;GCLC;MCM2;SLC6A6;NIBAN1;HMGCS1;PHGDH;DDIT4;NAMPT;DAPP1
21,9,anal_pc5_c21_S1.filtered.gene_spectra_score.k_21.dt_0_01.txt,prerank,HALLMARK_REACTIVE_OXYGEN_SPECIES_PATHWAY,0.4066709693743461,0.882799799264547,0.6108597285067874,0.9952513970087805,1.0,4/19,10.64%,MGST1;NQO1;GCLC;SOD2
21,9,anal_pc5_c21_S1.filtered.gene_spectra_score.k_21.dt_0_01.txt,prerank,HALLMARK_ANGIOGENESIS,0.3708220778708978,0.8656795196512334,0.6421895861148198,0.9839374955313448,1.0,4/29,6.30%,TNFRSF21;JAG1;VEGFA;CXCL6
21,9,anal_pc5_c21_S1.filtered.gene_spectra_score.k_21.dt_0_01.txt,prerank,HALLMARK_TGF_BETA_SIGNALING,-0.281786212092641,-0.8481402908458852,0.6983050847457627,0.891370843272064,0.995,11/24,23.82%,BMP2;ID3;PMEPA1;PPP1R15A;SLC20A1;TGFBR1;ENG;CDKN1C;ID2;LTBP2;SMAD7
21,9,anal_pc5_c21_S1.filtered.gene_spectra_score.k_21.dt_0_01.txt,prerank,HALLMARK_IL6_JAK_STAT3_SIGNALING,-0.22750731190703802,-0.8389675316215326,0.7821229050279329,0.8282459788002092,0.996,35/53,45.96%,IL2RG;PLA2G2A;ITGA4;LTB;A2M;TNFRSF1B;CSF1;CSF2RB;SOCS1;CD14;IRF1;IL12RB1;CD38;PIK3R5;ITGB3;IL2RA;TNFRSF12A;SOCS3;IL3RA;HMOX1;JUN;IL1R2;IL9R;IL7;CSF3R;IL1R1;IL6;IL18R1;PDGFC;IL17RB;CCR1;IL17RA;STAT1;CSF2RA;IL1B
21,9,anal_pc5_c21_S1.filtered.gene_spectra_score.k_21.dt_0_01.txt,prerank,HALLMARK_HEDGEHOG_SIGNALING,0.3760537640002832,0.8067546178267057,0.6956521739130435,1.0,1.0,5/17,10.88%,VEGFA;ADGRG1;CELSR1;VLDLR;HEY1
21,9,anal_pc5_c21_S1.filtered.gene_spectra_score.k_21.dt_0_01.txt,prerank,HALLMARK_INFLAMMATORY_RESPONSE,0.2840864767278537,0.8008012159075525,0.8154008438818565,1.0,1.0,21/141,15.18%,TNFSF10;P2RY2;ITGB8;PCDH7;CDKN1A;CD55;CXCL6;LYN;SPHK1;LDLR;AHR;CX3CL1;ABCA1;RNF144B;TLR2;OSMR;MYC;MET;NFKBIA;HBEGF;NAMPT
21,9,anal_pc5_c21_S1.filtered.gene_spectra_score.k_21.dt_0_01.txt,prerank,HALLMARK_IL2_STAT5_SIGNALING,0.27834501467934,0.7817928373001398,0.815595363540569,1.0,1.0,13/127,9.76%,TNFSF10;IKZF2;DHRS3;IRF6;TNFRSF21;ALCAM;CDCP1;NDRG1;RHOB;MAFF;PIM1;AHR;MUC1
21,9,anal_pc5_c21_S1.filtered.gene_spectra_score.k_21.dt_0_01.txt,prerank,HALLMARK_BILE_ACID_METABOLISM,0.3154930800304102,0.7659399285568012,0.771505376344086,0.9857035270752625,1.0,6/37,13.10%,ALDH1A1;RBP1;SULT2B1;ACSL1;ABCA1;SLC27A2
21,9,anal_pc5_c21_S1.filtered.gene_spectra_score.k_21.dt_0_01.txt,prerank,HALLMARK_COMPLEMENT,0.25839599096783367,0.7257608039339724,0.8855614973262033,1.0,1.0,18/122,12.30%,CTSB;SERPINB2;CD55;CTSD;CEBPB;ADAM9;CFB;CLU;LYN;HSPA1A;LTA4H;MAFF;PIM1;PRCP;CP;CTSV;CXCL1;CD36
21,9,anal_pc5_c21_S1.filtered.gene_spectra_score.k_21.dt_0_01.txt,prerank,HALLMARK_WNT_BETA_CATENIN_SIGNALING,0.3453653012650281,0.7171928292353624,0.7917981072555205,0.973751602992511,1.0,4/15,14.26%,JAG1;HEY1;PPARD;MYC
21,9,anal_pc5_c21_S1.filtered.gene_spectra_score.k_21.dt_0_01.txt,prerank,HALLMARK_INTERFERON_ALPHA_RESPONSE,-0.19488752049826025,-0.7139617794092828,0.9047619047619048,0.9194612038725971,0.999,14/50,26.82%,IFI27;C1S;CD74;CSF1;ISG20;SP110;IRF7;CASP8;IRF1;SELL;TMEM140;DDX60;NUB1;GMPR
21,9,anal_pc5_c21_S1.filtered.gene_spectra_score.k_21.dt_0_01.txt,prerank,HALLMARK_KRAS_SIGNALING_UP,0.2534661039808623,0.7074428969179359,0.9092827004219409,0.9509172677512843,1.0,11/131,10.02%,SLPI;MPZL2;TSPAN1;GPNMB;MALL;KLF4;CFB;MAFB;PLAU;IL1RL2;TNNT2
21,9,anal_pc5_c21_S1.filtered.gene_spectra_score.k_21.dt_0_01.txt,prerank,HALLMARK_INTERFERON_GAMMA_RESPONSE,0.23023440056616096,0.6449624778849199,0.941747572815534,0.9808369267485694,1.0,18/111,15.18%,TNFSF10;GBP6;CDKN1A;TNFAIP2;CFB;PIM1;SOD2;MX1;IFIT2;OAS2;IFIT3;IDO1;HERC6;UBE2L6;IFIT1;NFKBIA;OAS3;NAMPT
21,9,anal_pc5_c21_S1.filtered.gene_spectra_score.k_21.dt_0_01.txt,prerank,HALLMARK_GLYCOLYSIS,0.23455758915342723,0.6124126435415921,0.9522727272727273,0.9728527648957231,1.0,13/67,14.94%,ELF3;VEGFA;GPC1;DSC2;VLDLR;SLC16A3;GCLC;QSOX1;MXI1;TGFA;TPST1;MET;DDIT4
21,9,anal_pc5_c21_S1.filtered.gene_spectra_score.k_21.dt_0_01.txt,prerank,HALLMARK_UNFOLDED_PROTEIN_RESPONSE,0.24736376915478234,0.5574543165338585,0.9435364041604755,0.9720662815610338,1.0,6/23,16.70%,VEGFA;CEBPB;DNAJA4;IFIT1;DDIT4;ATF3
21,10,anal_pc5_c21_S1.filtered.gene_spectra_score.k_21.dt_0_01.txt,prerank,HALLMARK_G2M_CHECKPOINT,-0.5820919392958925,-2.1367967141466324,0.0,0.0,0.0,45/68,27.12%,SLC12A2;LMNB1;MCM2;MYC;MKI67;SLC7A1;CCND1;MCM6;MYBL2;TOP2A;PTTG1;MAP3K20;INCENP;ODC1;CDC25B;SNRPD1;PLK1;CDK1;KPNA2;E2F1;TPX2;KIF22;CDKN2C;CDC45;EZH2;PRC1;BIRC5;NUSAP1;BUB1;MT2A;SMC4;ORC6;KIF23;CDC20;RAD54L;CENPA;KIF11;CENPF;KIF2C;TACC3;CKS2;ATF5;HMMR;CCNB2;CCNF
21,10,anal_pc5_c21_S1.filtered.gene_spectra_score.k_21.dt_0_01.txt,prerank,HALLMARK_E2F_TARGETS,-0.5718036566000814,-2.076852825425147,0.0,0.0,0.0,38/54,26.62%,LMNB1;MCM2;MYC;MCM4;PRDX4;HELLS;TK1;HMGB2;MKI67;MCM6;CENPM;TCF19;MYBL2;TOP2A;PTTG1;LIG1;NCAPD2;CDC25B;PLK1;CDK1;KPNA2;CDKN2A;KIF22;CDKN2C;EZH2;BIRC5;RRM2;ANP32E;SMC4;ORC6;CDC20;CIT;KIF2C;TACC3;MELK;CKS2;HMMR;CCNB2
21,10,anal_pc5_c21_S1.filtered.gene_spectra_score.k_21.dt_0_01.txt,prerank,HALLMARK_REACTIVE_OXYGEN_SPECIES_PATHWAY,-0.6417695069067305,-1.725881193716663,0.01048951048951049,0.0076731248801074235,0.019133937562940583,8/19,5.98%,MGST1;CAT;FTL;PRDX4;LSP1;NQO1;GCLC;SOD2
21,10,anal_pc5_c21_S1.filtered.gene_spectra_score.k_21.dt_0_01.txt,prerank,HALLMARK_TNFA_SIGNALING_VIA_NFKB,0.6896268411485416,1.7012993189711885,0.0,0.023513032717147497,0.024,57/150,13.74%,MXD1;EFNA1;KLF4;PLAUR;VEGFA;FOS;DUSP1;BMP2;IL18;EDN1;AREG;CCL20;JUN;CDKN1A;ZFP36;TSC22D1;RCAN1;LAMB3;PMEPA1;HBEGF;PPP1R15A;TUBB2A;CCRL2;SMAD3;ATF3;LDLR;RNF19B;TRIB1;MAP2K3;PHLDA2;PDLIM5;FOSB;CXCL3;MAFF;GADD45A;IER3;EGR1;EHD1;ID2;JAG1;IRF1;NFIL3;ZC3H12A;RHOB;SDC4;DUSP5;NR4A1;IFIT2;IFIH1;GADD45B;BIRC3;PFKFB3;IRS2;NFKBIA;TNFAIP3;SERPINB8;LITAF
21,10,anal_pc5_c21_S1.filtered.gene_spectra_score.k_21.dt_0_01.txt,prerank,HALLMARK_HYPOXIA,0.6540978430323117,1.5644689207490725,0.001040582726326743,0.1494057287235414,0.252,40/111,13.32%,PLAC8;EFNA1;PLAUR;VEGFA;SELENBP1;FOS;DUSP1;ADM;PPARGC1A;HMOX1;JUN;CDKN1A;ERRFI1;MXI1;HK2;ZFP36;NDRG1;PFKP;PPP1R15A;ATF3;CA12;ERO1A;MAFF;CCNG2;PIM1;IER3;SCARB1;ISG20;P4HA2;NFIL3;DDIT3;SDC4;P4HA1;SLC2A1;EDN2;PFKFB3;VLDLR;IRS2;LXN;TNFAIP3
21,10,anal_pc5_c21_S1.filtered.gene_spectra_score.k_21.dt_0_01.txt,prerank,HALLMARK_SPERMATOGENESIS,-0.48313508722348203,-1.5617511536500404,0.017341040462427744,0.027335507385382696,0.09063444108761329,16/36,32.96%,SLC12A2;GSTM3;HSPA2;CDK1;EZH2;BUB1;HSPA4L;LPIN1;KIF2C;IDE;CCNB2;SHE;JAM3;AURKA;CAMK4;CSNK2A2
21,10,anal_pc5_c21_S1.filtered.gene_spectra_score.k_21.dt_0_01.txt,prerank,HALLMARK_P53_PATHWAY,0.6356852534839861,1.541686904045597,0.007518796992481203,0.13617964782014594,0.322,29/89,9.82%,MXD1;CDKN2B;EPS8L2;KLF4;FOS;HMOX1;BMP2;AK1;JUN;CDKN1A;PDGFA;NDRG1;TSC22D1;EPHA2;KIF13B;HBEGF;TOB1;PPP1R15A;ITGB4;UPP1;TCN2;ATF3;RNF19B;CTSD;TM4SF1;GADD45A;IER3;TRAF4;TGFA
21,10,anal_pc5_c21_S1.filtered.gene_spectra_score.k_21.dt_0_01.txt,prerank,HALLMARK_INTERFERON_ALPHA_RESPONSE,0.6713887451389128,1.5239826408551334,0.019630484988452657,0.12809704282362647,0.388,24/50,12.62%,OAS1;DDX60;RSAD2;IFI27;SAMD9;TENT5A;CMPK2;IRF7;ISG15;CCRL2;TMEM140;HERC6;TRIM25;MX1;ISG20;IFI44;IRF1;TRIM14;OASL;HELZ2;IFIT2;EPSTI1;IFIH1;IFI44L
21,10,anal_pc5_c21_S1.filtered.gene_spectra_score.k_21.dt_0_01.txt,prerank,HALLMARK_ANDROGEN_RESPONSE,0.6800535321359569,1.519700718453601,0.01932367149758454,0.109727486013355,0.414,9/41,5.50%,SELENOP;HPGD;SLC26A2;KRT8;NDRG1;TSC22D1;PMEPA1;PLPP1;INPP4B
21,10,anal_pc5_c21_S1.filtered.gene_spectra_score.k_21.dt_0_01.txt,prerank,HALLMARK_TGF_BETA_SIGNALING,0.717751155445395,1.5037367028119146,0.03835978835978836,0.11217676025472453,0.483,11/24,10.14%,BMP2;THBS1;PMEPA1;ID1;PPP1R15A;SMAD3;TJP1;SLC20A1;SMAD7;ID2;CDH1
21,10,anal_pc5_c21_S1.filtered.gene_spectra_score.k_21.dt_0_01.txt,prerank,HALLMARK_CHOLESTEROL_HOMEOSTASIS,0.6358676796855917,1.4181247962577939,0.08765432098765433,0.2494060970354574,0.802,13/35,10.44%,PPARG;PLAUR;LGALS3;ERRFI1;ANTXR2;TNFRSF12A;MAL2;ATF3;LDLR;CPEB2;JAG1;CXCL16;NFIL3
21,10,anal_pc5_c21_S1.filtered.gene_spectra_score.k_21.dt_0_01.txt,prerank,HALLMARK_FATTY_ACID_METABOLISM,0.6169997345026605,1.376968716206898,0.0963572267920094,0.3146092763039163,0.907,8/44,6.74%,CA4;HPGD;MGLL;CA2;ACOX1;AQP7;TP53INP2;ACAA2
21,10,anal_pc5_c21_S1.filtered.gene_spectra_score.k_21.dt_0_01.txt,prerank,HALLMARK_GLYCOLYSIS,0.5748434581166624,1.3630476593088092,0.08864864864864865,0.31154768350220435,0.923,15/67,9.92%,EGLN3;ELF3;B3GNT3;VEGFA;DSC2;SLC16A3;PLOD2;MXI1;HK2;PFKP;ERO1A;IER3;ISG20;TGFA;P4HA2
21,10,anal_pc5_c21_S1.filtered.gene_spectra_score.k_21.dt_0_01.txt,prerank,HALLMARK_UV_RESPONSE_UP,0.5605724255013218,1.3313574731291644,0.10537870472008781,0.3610230231778689,0.966,16/66,11.50%,ABCB1;SLC6A8;CDKN2B;FOS;CA2;HMOX1;BMP2;EPCAM;PRKCD;ATF3;FOSB;C4BPB;IRF1;RHOB;PTPRD;NR4A1
21,10,anal_pc5_c21_S1.filtered.gene_spectra_score.k_21.dt_0_01.txt,prerank,HALLMARK_KRAS_SIGNALING_UP,0.5388690940471993,1.3062011465739451,0.053007135575942915,0.39366516897648457,0.982,18/131,8.10%,TSPAN1;PTPRR;ABCB1;HKDC1;MALL;EMP1;KLF4;PLAUR;CA2;BMP2;CCL20;HDAC9;HBEGF;PPP1R15A;DUSP6;TRIB1;EPB41L3;ERO1A
21,10,anal_pc5_c21_S1.filtered.gene_spectra_score.k_21.dt_0_01.txt,prerank,HALLMARK_ESTROGEN_RESPONSE_LATE,0.5304834873006348,1.2900564528236194,0.09643605870020965,0.4033954675535618,0.989,24/106,10.14%,SLC26A2;KCNK5;CKB;PRSS23;KLF4;TJP3;FOS;LLGL2;CA2;AREG;LAMC2;SCNN1A;ZFP36;ASS1;TOB1;MDK;FLNB;CA12;OVOL2;SCARB1;ISG20;SLC16A1;ID2;CDH1
21,10,anal_pc5_c21_S1.filtered.gene_spectra_score.k_21.dt_0_01.txt,prerank,HALLMARK_ESTROGEN_RESPONSE_EARLY,0.5256122815827368,1.281611307909433,0.09044193216855087,0.3959534419740159,0.992,24/118,9.74%,SLC26A2;CLDN7;KCNK5;PRSS23;KLF4;ELF3;TJP3;FOS;FHL2;P2RY2;RETREG1;AREG;KRT8;SCNN1A;TOB1;FLNB;WWC1;CA12;MLPH;RHOD;DHRS3;OVOL2;SCARB1;SLC16A1
21,10,anal_pc5_c21_S1.filtered.gene_spectra_score.k_21.dt_0_01.txt,prerank,HALLMARK_APOPTOSIS,0.5272357291150493,1.2626573658177116,0.14426229508196722,0.4160967039766638,0.996,24/79,12.60%,EMP1;ERBB3;HMOX1;BMP2;IL18;JUN;LGALS3;CDKN1A;TNFRSF12A;GSN;ERBB2;ATF3;NEDD9;SLC20A1;GADD45A;SMAD7;IER3;ISG20;IRF1;RHOB;DDIT3;RARA;GADD45B;BIRC3
21,10,anal_pc5_c21_S1.filtered.gene_spectra_score.k_21.dt_0_01.txt,prerank,HALLMARK_HEDGEHOG_SIGNALING,0.6458890041192272,1.2593834856750967,0.22301136363636365,0.39730493894002283,0.996,2/17,1.72%,ACHE;VEGFA
21,10,anal_pc5_c21_S1.filtered.gene_spectra_score.k_21.dt_0_01.txt,prerank,HALLMARK_PEROXISOME,0.5628185438223381,1.2328971934101567,0.23596938775510204,0.4368892928042901,0.998,11/32,13.52%,ABCB1;NR1I2;ACOX1;HSD11B2;SEMA3C;STS;DHRS3;ACSL5;HAO2;ABCD1;HSD17B11
21,10,anal_pc5_c21_S1.filtered.gene_spectra_score.k_21.dt_0_01.txt,prerank,HALLMARK_DNA_REPAIR,0.6007929638082977,1.2323390331724289,0.23407202216066483,0.4125730422109287,0.998,5/22,5.36%,CDA;AK1;STX3;CMPK2;VPS37B
21,10,anal_pc5_c21_S1.filtered.gene_spectra_score.k_21.dt_0_01.txt,prerank,HALLMARK_ADIPOGENESIS,0.5367262766216156,1.2283861610080087,0.21266968325791855,0.4004835526221558,0.998,11/51,10.28%,MGLL;PPARG;ACOX1;MYLK;TOB1;ACAA2;CCNG2;GADD45A;SOWAHC;SCARB1;ITSN1
21,10,anal_pc5_c21_S1.filtered.gene_spectra_score.k_21.dt_0_01.txt,prerank,HALLMARK_MYOGENESIS,0.5107611840428564,1.2256090716570998,0.1446280991735537,0.3852321654162477,0.998,14/112,6.40%,SLC6A8;ACHE;CKB;DAPK2;ERBB3;AK1;BDKRB2;CDKN1A;VIPR1;MYLK;HBEGF;MAPRE3;GSN;ITGB4
21,10,anal_pc5_c21_S1.filtered.gene_spectra_score.k_21.dt_0_01.txt,prerank,HALLMARK_INFLAMMATORY_RESPONSE,0.48465335204745835,1.1934274487177323,0.17766497461928935,0.43822414726583653,0.999,14/141,7.26%,MXD1;PLAUR;ADM;SLC4A4;P2RY2;IL18;EDN1;CCL20;CDKN1A;IRF7;HBEGF;CCRL2;CD55;LDLR
21,10,anal_pc5_c21_S1.filtered.gene_spectra_score.k_21.dt_0_01.txt,prerank,HALLMARK_ALLOGRAFT_REJECTION,-0.3002208900006104,-1.1759161630736947,0.19047619047619047,0.25482447726836754,0.6586102719033232,52/121,25.26%,CCND2;CD74;LTB;ITGAL;IL16;SRGN;CD79A;HCLS1;ST8SIA4;CD2;FLNA;ITGB2;FYB1;C2;ETS1;CD4;TIMP1;IRF8;CD96;PTPRC;PTPN6;CAPG;ZAP70;CD3E;CDKN2A;LCK;CD40;MAP4K1;NCF4;IRF4;CD3D;THY1;SPI1;IL2RB;ITK;PRKCB;CCL5;LCP2;WAS;CSF1;IL12RB1;STAB1;GZMA;IL27RA;CD28;IL2RA;CD247;STAT4;CD8A;PRF1;GPR65;CD40LG
21,10,anal_pc5_c21_S1.filtered.gene_spectra_score.k_21.dt_0_01.txt,prerank,HALLMARK_APICAL_JUNCTION,0.4868136747532736,1.1658313621301182,0.2372528616024974,0.48075754394881937,1.0,19/101,12.10%,CLDN4;CLDN7;COL17A1;LAMA3;PCDH1;LAMC2;LAMB3;RHOF;MDK;ITGB4;TJP1;GRB7;ITGA3;WASL;CDH1;BMP1;MPZL2;TNFRSF11B;EPB41L2
21,10,anal_pc5_c21_S1.filtered.gene_spectra_score.k_21.dt_0_01.txt,prerank,HALLMARK_INTERFERON_GAMMA_RESPONSE,0.48364217046285074,1.1640940638730648,0.23426212590299278,0.46300189613670933,1.0,32/111,13.32%,SECTM1;DDX60;RSAD2;CDKN1A;IFI27;PFKP;CMPK2;IRF7;ISG15;UPP1;XAF1;HERC6;TRIM25;OAS3;MX1;PIM1;IFIT1;ISG20;IFI44;IRF1;PELI1;TRIM14;OASL;HELZ2;IFIT2;EPSTI1;EIF4E3;IFIH1;IFI44L;ZBP1;NFKBIA;TNFAIP3
21,10,anal_pc5_c21_S1.filtered.gene_spectra_score.k_21.dt_0_01.txt,prerank,HALLMARK_KRAS_SIGNALING_DN,0.4901432294968524,1.1639101340318878,0.26515151515151514,0.4432547435772407,1.0,14/78,12.62%,SELENOP;EDN1;RSAD2;HSD11B2;SYNPO;GPRC5C;TFCP2L1;MX1;PTPRJ;SLC6A14;HTR1D;MAST3;EDN2;IFI44L
21,10,anal_pc5_c21_S1.filtered.gene_spectra_score.k_21.dt_0_01.txt,prerank,HALLMARK_IL2_STAT5_SIGNALING,0.48045222326181664,1.1534413421104637,0.2412008281573499,0.44589037564132317,1.0,23/127,11.34%,MXD1;ABCB1;ST3GAL4;EMP1;SMPDL3A;CA2;BMP2;NFKBIZ;TNFRSF21;HK2;NDRG1;PLPP1;SNX9;DHRS3;MAFF;PIM1;CDCP1;ENPP1;TTC39B;NFIL3;RHOB;SPRY4;P4HA1
21,10,anal_pc5_c21_S1.filtered.gene_spectra_score.k_21.dt_0_01.txt,prerank,HALLMARK_UV_RESPONSE_DN,0.4934371974471641,1.1526525122356055,0.26460859977949286,0.42942635419083713,1.0,13/69,8.88%,MGLL;PPARG;DUSP1;FHL2;ID1;INPP4B;ERBB2;SMAD3;LDLR;TJP1;RND3;PDLIM5;SMAD7
21,10,anal_pc5_c21_S1.filtered.gene_spectra_score.k_21.dt_0_01.txt,prerank,HALLMARK_HEME_METABOLISM,0.49196418307678125,1.127275036096824,0.3222857142857143,0.4625360201970922,1.0,14/55,14.00%,SLC6A8;SELENBP1;CA2;MXI1;AGPAT4;KLF3;MAP2K3;TRIM10;P4HA2;LPIN2;KDM7A;SLC2A1;MPP1;MBOAT2
21,10,anal_pc5_c21_S1.filtered.gene_spectra_score.k_21.dt_0_01.txt,prerank,HALLMARK_ANGIOGENESIS,0.494056848511106,1.0733778126297977,0.4115384615384615,0.5573822462470721,1.0,4/29,3.96%,VEGFA;TNFRSF21;PDGFA;SLCO2A1
21,10,anal_pc5_c21_S1.filtered.gene_spectra_score.k_21.dt_0_01.txt,prerank,HALLMARK_XENOBIOTIC_METABOLISM,0.43396198801434804,1.0229557089638524,0.499457111834962,0.6377910124526259,1.0,15/80,10.68%,CDA;XDH;CA2;HMOX1;ABCC3;ACOX1;EPHA2;PPARD;BCAR1;UPP1;CYP2C18;PDLIM5;CYP27A1;ID2;LPIN2
21,10,anal_pc5_c21_S1.filtered.gene_spectra_score.k_21.dt_0_01.txt,prerank,HALLMARK_UNFOLDED_PROTEIN_RESPONSE,0.4781189255723815,0.9966222009366873,0.48508430609597925,0.6674187849999511,1.0,9/23,15.18%,VEGFA;TUBB2A;ATF3;ERO1A;IFIT1;SHC1;CHAC1;NABP1;DNAJA4
21,10,anal_pc5_c21_S1.filtered.gene_spectra_score.k_21.dt_0_01.txt,prerank,HALLMARK_COMPLEMENT,0.40778930945837766,0.9838921969999602,0.5267489711934157,0.6687498388635367,1.0,26/122,13.32%,CDA;PLAUR;CA2;CASP10;LGALS3;CASP5;IRF7;PRSS3;DUSP6;CD55;PRKCD;CTSD;C4BPB;MAFF;PIM1;LRP1;EHD1;PDP1;IRF1;CPM;DPP4;DUSP5;KLKB1;TMPRSS6;ADAM9;TNFAIP3
21,10,anal_pc5_c21_S1.filtered.gene_spectra_score.k_21.dt_0_01.txt,prerank,HALLMARK_BILE_ACID_METABOLISM,0.4439343763457246,0.9748176341794192,0.5387453874538746,0.6628526185610909,1.0,9/37,14.08%,NR1I2;NR3C2;SULT1B1;TFCP2L1;CYP27A1;ACSL5;ABCD1;HSD17B11;ABCA6
21,10,anal_pc5_c21_S1.filtered.gene_spectra_score.k_21.dt_0_01.txt,prerank,HALLMARK_IL6_JAK_STAT3_SIGNALING,0.4130234841415193,0.9485884273953197,0.579841449603624,0.6877562069765644,1.0,9/53,12.74%,HMOX1;TNFRSF21;JUN;TNFRSF12A;CXCL3;PIM1;IRF1;IL2RG;IL3RA
21,10,anal_pc5_c21_S1.filtered.gene_spectra_score.k_21.dt_0_01.txt,prerank,HALLMARK_EPITHELIAL_MESENCHYMAL_TRANSITION,0.38134244860518113,0.9345571743196082,0.6536144578313253,0.6884093467742628,1.0,22/164,11.18%,SLC6A8;ANPEP;PLAUR;VEGFA;LAMA3;AREG;JUN;PLOD2;LAMC2;THBS1;MYLK;TNFRSF12A;PMEPA1;IL32;SERPINE2;DST;GADD45A;LRP1;ID2;BMP1;RHOB;SDC4
21,10,anal_pc5_c21_S1.filtered.gene_spectra_score.k_21.dt_0_01.txt,prerank,HALLMARK_WNT_BETA_CATENIN_SIGNALING,-0.3606634643480305,-0.9018205254907331,0.5825825825825826,0.6332246307308651,0.9707955689828801,10/15,32.50%,CCND2;MYC;TCF7;DLL1;JAG2;RBPJ;CSNK1E;HEY1;LEF1;NKD1
21,10,anal_pc5_c21_S1.filtered.gene_spectra_score.k_21.dt_0_01.txt,prerank,HALLMARK_MTORC1_SIGNALING,0.3652439089578026,0.8609029734279465,0.6993534482758621,0.7804540332646324,1.0,15/72,12.88%,EGLN3;PLOD2;CDKN1A;SYTL2;HK2;PPP1R15A;LDLR;MAP2K3;ERO1A;IFRD1;NFIL3;DDIT3;P4HA1;SLC2A1;VLDLR
21,10,anal_pc5_c21_S1.filtered.gene_spectra_score.k_21.dt_0_01.txt,prerank,HALLMARK_MITOTIC_SPINDLE,0.34966259294364416,0.8292616297138249,0.7397849462365591,0.8005067971964097,1.0,17/77,12.10%,RHOF;BCAR1;ARHGAP27;SYNPO;GSN;FLNB;FGD4;NEDD9;PDLIM5;DST;WASL;RAPGEF5;ITSN1;NET1;PXN;ARHGEF2;EPB41L2
21,10,anal_pc5_c21_S1.filtered.gene_spectra_score.k_21.dt_0_01.txt,prerank,HALLMARK_COAGULATION,0.3372187861100766,0.8004540836811597,0.7842720510095643,0.813322333084109,1.0,13/79,13.18%,GDA;PRSS23;THBS1;GSN;DUSP6;MAFF;LRP1;BMP1;DPP4;KLKB1;RAPGEF3;TMPRSS6;ADAM9
21,10,anal_pc5_c21_S1.filtered.gene_spectra_score.k_21.dt_0_01.txt,prerank,HALLMARK_APICAL_SURFACE,0.32702091333541283,0.6987492231465441,0.8551099611901681,0.895957756813198,1.0,1/27,1.36%,PLAUR
21,10,anal_pc5_c21_S1.filtered.gene_spectra_score.k_21.dt_0_01.txt,prerank,HALLMARK_PI3K_AKT_MTOR_SIGNALING,0.28875883971189065,0.6256537322922456,0.9003783102143758,0.92845541031789,1.0,8/32,13.48%,CDKN1A;MAP2K3;DDIT3;IL2RG;GNA14;SLC2A1;MKNK1;VAV3
21,11,anal_pc5_c21_S1.filtered.gene_spectra_score.k_21.dt_0_01.txt,prerank,HALLMARK_EPITHELIAL_MESENCHYMAL_TRANSITION,0.8385222300418324,2.2562666093127484,0.0,0.0,0.0,77/164,7.42%,DCN;COL1A2;FBLN1;SFRP1;CXCL12;LUM;MMP2;COL3A1;COL1A1;COL6A3;SLIT3;MXRA5;COL6A2;PCOLCE;FBLN2;FBN1;FBLN5;MGP;FN1;FSTL1;COL5A1;THY1;LRP1;LAMA2;SPARC;COL5A2;ABI3BP;PMP22;PDGFRB;EDIL3;TIMP3;VCAN;MATN2;COL16A1;IGFBP4;GREM1;PCOLCE2;CDH11;LAMC1;NID2;VCAM1;TFPI2;LOXL1;BGN;NNMT;CRLF1;MFAP5;IGFBP3;HTRA1;SERPINH1;PRRX1;THBS1;CXCL1;ELN;THBS2;SERPINE2;COL12A1;ECM2;MMP14;EFEMP2;COMP;TIMP1;FMOD;LOX;CALD1;SFRP4;FAP;SPOCK1;ITGB3;COL4A1;COL4A2;SNAI2;QSOX1;BASP1;GJA1;SGCD;CCN1
21,11,anal_pc5_c21_S1.filtered.gene_spectra_score.k_21.dt_0_01.txt,prerank,HALLMARK_COAGULATION,0.812737751441952,2.094113722975648,0.0,0.0,0.0,26/79,6.80%,CFD;C1R;C1S;MMP2;A2M;FBN1;FN1;C3;LRP1;CFH;SPARC;SERPING1;GSN;TIMP3;CTSK;TFPI2;HTRA1;THBS1;F10;C2;MMP14;COMP;TIMP1;ITGB3;CPQ;MMP11
21,11,anal_pc5_c21_S1.filtered.gene_spectra_score.k_21.dt_0_01.txt,prerank,HALLMARK_UV_RESPONSE_DN,0.7579012556639507,1.9550399199928374,0.0,0.0,0.0,28/69,10.40%,COL1A2;COL3A1;COL1A1;EFEMP1;FBLN5;PLPP3;COL5A2;PMP22;PDGFRB;IGFBP5;PTGFR;LAMC1;ADGRL2;LPAR1;ITGB3;DLC1;SNAI2;HAS2;GJA1;CCN1;FHL2;DAB2;PRKAR2B;COL11A1;SDC2;NRP1;TFPI;LTBP1
21,11,anal_pc5_c21_S1.filtered.gene_spectra_score.k_21.dt_0_01.txt,prerank,HALLMARK_E2F_TARGETS,-0.46752754096088645,-1.8407892222960895,0.0,0.01778907242693774,0.007028112449799197,41/54,42.82%,TFRC;HELLS;CENPM;EZH2;LIG1;MCM4;KIF22;MCM2;POLE;LMNB1;CDKN2A;TCF19;SMC4;MCM6;MYBL2;MELK;CDC25B;CIT;ORC6;MYC;HMGB2;TACC3;TK1;RRM2;CDKN1A;MKI67;PRDX4;CDK1;KPNA2;CKS2;PLK1;PTTG1;CDCA8;TOP2A;SPC25;SPAG5;CCNB2;CDC20;BIRC5;ESPL1;KIF2C
21,11,anal_pc5_c21_S1.filtered.gene_spectra_score.k_21.dt_0_01.txt,prerank,HALLMARK_ANGIOGENESIS,0.8004272709114875,1.8293681765781413,0.0012970168612191958,0.0013639552103089036,0.007,11/29,10.72%,LUM;COL3A1;FSTL1;COL5A2;VCAN;TIMP1;FGFR1;S100A4;POSTN;NRP1;CXCL6
21,11,anal_pc5_c21_S1.filtered.gene_spectra_score.k_21.dt_0_01.txt,prerank,HALLMARK_APOPTOSIS,0.6689443206739956,1.7290696538921697,0.0,0.0062352238185549875,0.039,10/79,2.62%,DCN;LUM;MMP2;GSN;GPX3;PDGFRB;TIMP2;TIMP3;IGFBP6;BGN
21,11,anal_pc5_c21_S1.filtered.gene_spectra_score.k_21.dt_0_01.txt,prerank,HALLMARK_P53_PATHWAY,-0.39304312827478344,-1.7219597029118003,0.0,0.03939008894536214,0.03112449799196787,35/89,19.76%,ITGB4;SAT1;ABCC5;TP63;EPS8L2;KIF13B;DGKA;BTG2;IFI30;JAG2;GPX2;KRT17;SLC7A11;SPHK1;EPHA2;FUCA1;AK1;DEF6;PTPRE;GM2A;TM4SF1;RNF19B;TRAF4;SERPINB5;CDKN2A;RRAD;CLCA2;HSPA4L;BMP2;MXD1;DDIT4;CDH13;MKNK2;CTSD;PDGFA
21,11,anal_pc5_c21_S1.filtered.gene_spectra_score.k_21.dt_0_01.txt,prerank,HALLMARK_G2M_CHECKPOINT,-0.40667078671447093,-1.7150643600143598,0.0,0.027107157983905127,0.0321285140562249,53/68,45.60%,EZH2;SLC7A1;SLC12A2;KIF22;MCM2;POLE;E2F1;LMNB1;CDC45;SMC4;MCM6;SLC7A5;MYBL2;ODC1;NUSAP1;CDC25B;FANCC;RAD54L;POLQ;ORC6;MYC;TACC3;MKI67;SMAD3;FBXO5;CCND1;SNRPD1;CDK1;KPNA2;PRC1;CKS2;PLK1;TROAP;PTTG1;INCENP;MT2A;KIF20B;TPX2;TOP2A;KIF11;UBE2C;CENPF;CCNB2;CDC20;KIF15;BIRC5;EXO1;ESPL1;KIF2C;EFNA5;BUB1;TTK;KIF23
21,11,anal_pc5_c21_S1.filtered.gene_spectra_score.k_21.dt_0_01.txt,prerank,HALLMARK_COMPLEMENT,0.6270816311858525,1.6599568350259546,0.0,0.017406666493466002,0.119,18/122,6.76%,C1R;C1S;CP;FN1;C3;LRP1;CFH;SERPING1;TIMP2;TFPI2;CXCL1;F10;C2;MMP14;TIMP1;CTSC;COL4A2;CPQ
21,11,anal_pc5_c21_S1.filtered.gene_spectra_score.k_21.dt_0_01.txt,prerank,HALLMARK_ADIPOGENESIS,0.6606019092773424,1.6508918251417284,0.005753739930955121,0.018037611760819784,0.143,14/51,8.08%,C3;APOE;GPX3;LAMA4;ITIH5;COL15A1;PHLDB1;OMD;SPARCL1;COL4A1;FZD4;ANGPTL4;ABCA1;LIFR
21,11,anal_pc5_c21_S1.filtered.gene_spectra_score.k_21.dt_0_01.txt,prerank,HALLMARK_DNA_REPAIR,-0.5095950766812054,-1.629841004150117,0.01694915254237288,0.04256670902160102,0.0642570281124498,11/22,18.84%,BCAM;LIG1;TYMS;AK1;ZWINT;POLA1;HCLS1;PNP;STX3;AAAS;NT5C3A
21,11,anal_pc5_c21_S1.filtered.gene_spectra_score.k_21.dt_0_01.txt,prerank,HALLMARK_MYOGENESIS,0.6227549521003918,1.620781087225015,0.0,0.023674365436075966,0.199,21/112,7.36%,CFD;COL3A1;COL1A1;COL6A3;COL6A2;LAMA2;SPARC;SOD3;GSN;GPX3;AEBP1;COL15A1;IGFBP7;IGFBP3;APOD;LSP1;COL4A2;PTGIS;IGF1;BDKRB2;SGCD
21,11,anal_pc5_c21_S1.filtered.gene_spectra_score.k_21.dt_0_01.txt,prerank,HALLMARK_XENOBIOTIC_METABOLISM,0.6025584224922936,1.5338509414634927,0.01958650707290533,0.06425744546344167,0.509,15/80,9.60%,FBLN1;PTGDS;APOE;IGFBP4;AOX1;TMEM176B;F10;HSD11B1;IGF1;SLC12A4;PTGES;IL1R1;TPST1;CDO1;CFB
21,11,anal_pc5_c21_S1.filtered.gene_spectra_score.k_21.dt_0_01.txt,prerank,HALLMARK_PI3K_AKT_MTOR_SIGNALING,-0.44922183452204983,-1.5201305472511424,0.02304147465437788,0.08640406607369758,0.15160642570281124,25/32,39.98%,IL2RG;SLC2A1;VAV3;E2F1;ITPR2;PLCG1;MKNK1;PIK3R3;MKNK2;SLA;PDK1;LCK;TIAM1;CDKN1A;PRKCB;CXCR4;DAPP1;AKT1S1;CDK1;MAP2K3;HSP90B1;PPP2R1B;FGF22;CAMK4;PLCB1
21,11,anal_pc5_c21_S1.filtered.gene_spectra_score.k_21.dt_0_01.txt,prerank,HALLMARK_HYPOXIA,0.5565885959405683,1.4733100164425172,0.016580310880829015,0.10747967057234158,0.716,18/111,9.56%,DCN;CP;COL5A1;SRPX;BGN;IGFBP3;CCN5;FOS;PAM;LOX;SDC3;ANGPTL4;P4HA2;CCN1;CAVIN3;SDC2;TMEM45A;S100A4
21,11,anal_pc5_c21_S1.filtered.gene_spectra_score.k_21.dt_0_01.txt,prerank,HALLMARK_GLYCOLYSIS,0.5710148239473718,1.4441075303353426,0.04864864864864865,0.12711354011917783,0.801,11/67,9.10%,DCN;COL5A1;VCAN;IGFBP3;PAM;SDC3;QSOX1;ANGPTL4;P4HA2;TPST1;SDC2
21,11,anal_pc5_c21_S1.filtered.gene_spectra_score.k_21.dt_0_01.txt,prerank,HALLMARK_APICAL_JUNCTION,0.5370752276347666,1.4345881774946432,0.04741833508956796,0.126847834558728,0.828,17/101,5.90%,MMP2;FBN1;THY1;VCAN;COL16A1;CDH11;VCAM1;CERCAM;CADM3;CLDN11;NEGR1;EPB41L2;TSPAN4;ADAMTS5;NLGN2;NFASC;SDC3
21,11,anal_pc5_c21_S1.filtered.gene_spectra_score.k_21.dt_0_01.txt,prerank,HALLMARK_MTORC1_SIGNALING,-0.3212154512250709,-1.360180242061844,0.06172839506172839,0.20118593816179584,0.37349397590361444,48/72,35.88%,TFRC;GCLC;TXNRD1;BTG2;IFI30;SLC7A11;MCM4;SLC2A1;SYTL2;MCM2;SLC6A6;CORO1A;ITGB2;HMGCR;ME1;LDLR;SDF2L1;LTA4H;SLC7A5;NIBAN1;PNP;PIK3R3;STARD4;DDIT4;SLA;PSAT1;PDK1;IFRD1;XBP1;ERO1A;PHGDH;RRM2;INSIG1;CDKN1A;SLC1A4;NUPR1;HK2;CXCR4;DAPP1;TM7SF2;ELOVL5;NAMPT;PLK1;LGMN;CFP;HMGCS1;MAP2K3;HSP90B1
21,11,anal_pc5_c21_S1.filtered.gene_spectra_score.k_21.dt_0_01.txt,prerank,HALLMARK_BILE_ACID_METABOLISM,0.5616426849441067,1.3478968451968183,0.13857677902621723,0.2342405717220609,0.969,8/37,10.90%,ABCA8;ABCA6;CYP7B1;ABCA9;CH25H;ABCA1;AR;SLC29A1
21,11,anal_pc5_c21_S1.filtered.gene_spectra_score.k_21.dt_0_01.txt,prerank,HALLMARK_CHOLESTEROL_HOMEOSTASIS,-0.3712186365511161,-1.3315248836659832,0.07920792079207921,0.20657106552913415,0.42369477911646586,18/35,35.58%,ALCAM;CPEB2;HMGCR;FASN;LDLR;FDPS;NIBAN1;STARD4;MAL2;LGALS3;MVD;TP53INP1;TM7SF2;MVK;FABP5;ABCA2;LGMN;HMGCS1
21,11,anal_pc5_c21_S1.filtered.gene_spectra_score.k_21.dt_0_01.txt,prerank,HALLMARK_MITOTIC_SPINDLE,-0.27515968681054415,-1.260777351875058,0.14925373134328357,0.25381194409148666,0.5311244979919679,62/77,45.60%,FLNA;RAPGEF5;ARHGAP4;SORBS2;ARHGEF2;CEP72;NET1;CNTRL;EPB41;DOCK2;ARHGAP27;KIF22;KNTC1;BCL2L11;STK38L;LMNB1;CEP250;NEDD9;BCAR1;SMC4;MID1;WASL;ECT2;DOCK4;PDLIM5;ARAP3;DST;TRIO;NUSAP1;ARHGAP29;RAPGEF6;FLNB;TIAM1;PXN;CCDC88A;FBXO5;RHOF;CDK1;CDC42EP4;PRC1;PLK1;PREX1;INCENP;KIF20B;TPX2;TOP2A;TUBA4A;KIF11;CENPF;CCNB2;KIF15;BIRC5;ANLN;ESPL1;FGD4;PALLD;KIF2C;ITSN1;FSCN1;BUB1;TTK;KIF23
21,11,anal_pc5_c21_S1.filtered.gene_spectra_score.k_21.dt_0_01.txt,prerank,HALLMARK_KRAS_SIGNALING_UP,0.47198467477618267,1.246011367041431,0.13003095975232198,0.40545656312978545,0.998,27/131,10.54%,ADAMDEC1;CFH;ADGRA2;IGFBP3;PRRX1;TMEM176B;APOD;SPON1;ITGBL1;ALDH1A3;GFPT2;TMEM176A;HSD11B1;SPARCL1;G0S2;ANGPTL4;MMP11;ENG;GPNMB;GNG11;PLAT;SERPINA3;CFB;NRP1;TFPI;INHBA;TMEM158
21,11,anal_pc5_c21_S1.filtered.gene_spectra_score.k_21.dt_0_01.txt,prerank,HALLMARK_HEME_METABOLISM,-0.3025631402771739,-1.1999163379825637,0.1724137931034483,0.2947903430749682,0.6265060240963856,20/55,19.18%,TFRC;GCLC;BCAM;UCP2;BTG2;SLC7A11;EPB41;DMTN;SLC2A1;LMO2;KLF3;BMP2K;ACKR1;TENT5C;MPP1;CTSB;ACP5;OSBP2;PDZK1IP1;SEC14L1
21,11,anal_pc5_c21_S1.filtered.gene_spectra_score.k_21.dt_0_01.txt,prerank,HALLMARK_INTERFERON_GAMMA_RESPONSE,0.45332944558051697,1.1996017605608125,0.2053388090349076,0.48141123899093297,1.0,6/111,3.44%,C1R;C1S;CFH;SERPING1;VCAM1;CCL2
21,11,anal_pc5_c21_S1.filtered.gene_spectra_score.k_21.dt_0_01.txt,prerank,HALLMARK_IL6_JAK_STAT3_SIGNALING,0.4797377340011849,1.1965486192957386,0.26605504587155965,0.45828895066379155,1.0,8/53,10.58%,A2M;CXCL1;CSF1;OSMR;ITGB3;IL1R1;LEPR;IL7
21,11,anal_pc5_c21_S1.filtered.gene_spectra_score.k_21.dt_0_01.txt,prerank,HALLMARK_APICAL_SURFACE,0.5349521187135263,1.191501180861951,0.29864864864864865,0.44242580771364426,1.0,2/27,1.52%,THY1;SRPX
21,11,anal_pc5_c21_S1.filtered.gene_spectra_score.k_21.dt_0_01.txt,prerank,HALLMARK_HEDGEHOG_SIGNALING,0.5753982812600339,1.1854607531615238,0.32703488372093026,0.43113974695383334,1.0,4/17,10.10%,THY1;UNC5C;DPYSL2;NRP1
21,11,anal_pc5_c21_S1.filtered.gene_spectra_score.k_21.dt_0_01.txt,prerank,HALLMARK_TGF_BETA_SIGNALING,0.4776172305051072,1.073380925268626,0.4175977653631285,0.6386592080992276,1.0,3/24,6.92%,LTBP2;THBS1;ENG
21,11,anal_pc5_c21_S1.filtered.gene_spectra_score.k_21.dt_0_01.txt,prerank,HALLMARK_TNFA_SIGNALING_VIA_NFKB,0.3685716247019842,0.9908567290756424,0.5334685598377282,0.7747655296043231,1.0,34/150,16.42%,PLPP3;EGR1;CCL2;CXCL1;FOS;CSF1;GFPT2;TNFAIP6;G0S2;PER1;MSC;CCN1;DRAM1;FOSB;ABCA1;PHLDA1;INHBA;CXCL6;ZFP36;CEBPB;SOCS3;NR4A1;DUSP1;SERPINE1;GEM;FJX1;TNFAIP2;PMEPA1;PLAU;PTGER4;PPP1R15A;ACKR3;KLF9;EGR3
21,11,anal_pc5_c21_S1.filtered.gene_spectra_score.k_21.dt_0_01.txt,prerank,HALLMARK_ESTROGEN_RESPONSE_LATE,0.36141919370127157,0.9610260551724782,0.5787278415015641,0.7954735244231491,1.0,16/106,11.18%,CXCL12;IGFBP4;TFPI2;CCN5;FOS;NBL1;PTGES;CXCL14;PRKAR2B;SERPINA3;SLC24A3;HSPB8;PRSS23;NAB2;SLC29A1;ZFP36
21,11,anal_pc5_c21_S1.filtered.gene_spectra_score.k_21.dt_0_01.txt,prerank,HALLMARK_INTERFERON_ALPHA_RESPONSE,0.38447199970571494,0.9534846756840248,0.5494252873563218,0.7732740357249983,1.0,2/50,3.88%,C1S;CSF1
21,11,anal_pc5_c21_S1.filtered.gene_spectra_score.k_21.dt_0_01.txt,prerank,HALLMARK_REACTIVE_OXYGEN_SPECIES_PATHWAY,0.43740348471736856,0.9405771860353875,0.5566433566433566,0.7625949826780511,1.0,2/19,5.00%,GPX3;LSP1
21,11,anal_pc5_c21_S1.filtered.gene_spectra_score.k_21.dt_0_01.txt,prerank,HALLMARK_ESTROGEN_RESPONSE_EARLY,0.3555533725888308,0.9400441618445661,0.607621009268795,0.7316970200826167,1.0,15/118,10.04%,CXCL12;OLFML3;IGFBP4;CCN5;FOS;GFRA1;DLC1;NBL1;GJA1;PTGES;FHL2;AR;SLC24A3;HSPB8;PRSS23
21,11,anal_pc5_c21_S1.filtered.gene_spectra_score.k_21.dt_0_01.txt,prerank,HALLMARK_FATTY_ACID_METABOLISM,-0.2493706573203693,-0.9242913036036015,0.5882352941176471,0.8292249047013976,0.963855421686747,24/44,42.42%,ACSL5;MGLL;ALDH3A1;FASN;ME1;HSPH1;ACSS1;GLUL;HSD17B11;MAOA;ODC1;CEL;ENO2;ENO3;ELOVL5;ACSL1;HMGCS1;IL4I1;CD36;UGDH;HPGD;ACAT2;ACOX1;AQP7
21,11,anal_pc5_c21_S1.filtered.gene_spectra_score.k_21.dt_0_01.txt,prerank,HALLMARK_KRAS_SIGNALING_DN,-0.2085995024731896,-0.9168264847772073,0.5454545454545454,0.7737091371144739,0.9678714859437751,14/78,14.48%,KRT15;LFNG;PKP1;BTG2;KCNMB1;IGFBP2;ITIH3;FGFR3;HSD11B2;TENT5C;TFCP2L1;AKR1B10;SGK1;MX1
21,11,anal_pc5_c21_S1.filtered.gene_spectra_score.k_21.dt_0_01.txt,prerank,HALLMARK_WNT_BETA_CATENIN_SIGNALING,-0.3084207397766589,-0.8704568773273019,0.6592797783933518,0.7988140618382042,0.9789156626506024,10/15,49.58%,JAG2;NKD1;CSNK1E;MYC;TCF7;LEF1;HEY1;RBPJ;DKK1;PPARD
21,11,anal_pc5_c21_S1.filtered.gene_spectra_score.k_21.dt_0_01.txt,prerank,HALLMARK_INFLAMMATORY_RESPONSE,0.31439754992452873,0.8445673042475806,0.751269035532995,0.8438128393650464,1.0,26/141,15.02%,CCL2;CSF1;LPAR1;MMP14;OSMR;TIMP1;TNFAIP6;ITGB3;AXL;HAS2;PCDH7;IL1R1;BEST1;ABCA1;PDPN;PTGER2;INHBA;CXCL6;CD55;PTGIR;AHR;SERPINE1;SLC1A2;CX3CL1;GABBR1;PTGER4
21,11,anal_pc5_c21_S1.filtered.gene_spectra_score.k_21.dt_0_01.txt,prerank,HALLMARK_ANDROGEN_RESPONSE,0.3479227637901413,0.8357002359601238,0.6833740831295844,0.822719796635777,1.0,6/41,8.56%,ADAMTS1;PLPP1;ALDH1A3;LIFR;STEAP4;MAF
21,11,anal_pc5_c21_S1.filtered.gene_spectra_score.k_21.dt_0_01.txt,prerank,HALLMARK_ALLOGRAFT_REJECTION,0.3153498284878781,0.8303023466017458,0.7585139318885449,0.799551987621926,1.0,7/121,5.14%,THY1;CCL11;CCL13;CCL2;CSF1;C2;TIMP1
21,11,anal_pc5_c21_S1.filtered.gene_spectra_score.k_21.dt_0_01.txt,prerank,HALLMARK_UV_RESPONSE_UP,0.2842473290161389,0.725702443368916,0.8213483146067416,0.8869884240100654,1.0,12/66,15.36%,GPX3;FOS;MMP14;FOSB;PTPRD;CDO1;DLG4;NR4A1;MSX1;PDLIM3;OLFM1;CDKN1C
21,11,anal_pc5_c21_S1.filtered.gene_spectra_score.k_21.dt_0_01.txt,prerank,HALLMARK_SPERMATOGENESIS,-0.19908030737963586,-0.7197348084366575,0.9195402298850575,0.9641286286775486,0.9939759036144579,18/36,45.44%,EZH2;SLC12A2;GSTM3;GPR182;HSPA4L;SHE;CDK1;HSPA2;LPIN1;PCSK1N;GFI1;CAMK4;CCNB2;KIF2C;TCP11;IDE;BUB1;TTK
21,11,anal_pc5_c21_S1.filtered.gene_spectra_score.k_21.dt_0_01.txt,prerank,HALLMARK_IL2_STAT5_SIGNALING,0.24863402065554258,0.6483222300785642,0.9380804953560371,0.9246406907481284,1.0,15/127,13.30%,COL6A1;ITIH5;CSF1;PLPP1;SMPDL3A;PLAGL1;PTH1R;PTGER2;NRP1;PHLDA1;ECM1;IFITM3;SPRY4;AHR;PENK
21,11,anal_pc5_c21_S1.filtered.gene_spectra_score.k_21.dt_0_01.txt,prerank,HALLMARK_PEROXISOME,-0.1766795113710392,-0.6103948215148353,0.9805825242718447,0.9705935741513886,0.998995983935743,11/32,33.22%,ABCC5;ACSL5;HSD11B2;FDPS;HSD17B11;NR1I2;CEL;DHRS3;SLC27A2;ELOVL5;ACSL1
21,11,anal_pc5_c21_S1.filtered.gene_spectra_score.k_21.dt_0_01.txt,prerank,HALLMARK_UNFOLDED_PROTEIN_RESPONSE,0.21482385415579924,0.46415266472586264,0.9689608636977058,0.9873476916681821,1.0,4/23,14.30%,CCL2;CEBPB;TSPYL2;IFIT1
21,12,anal_pc5_c21_S1.filtered.gene_spectra_score.k_21.dt_0_01.txt,prerank,HALLMARK_G2M_CHECKPOINT,0.9494454724612582,2.092627961936223,0.0,0.0,0.0,48/68,2.92%,TROAP;TOP2A;NUSAP1;MKI67;KIF23;CDK1;CCNB2;TPX2;PLK1;AURKB;NDC80;CENPE;HMMR;BIRC5;CDC20;KPNA2;BUB1;TACC3;KIF2C;PRC1;ESPL1;INCENP;TTK;KIF11;CCNF;UBE2C;PTTG1;CKS2;CENPF;SMC4;NEK2;KIF22;KIF20B;KIF15;LMNB1;AURKA;POLQ;CENPA;KIF4A;CDKN2C;EZH2;FBXO5;RAD54L;CDC25B;MYBL2;EXO1;ORC6;MT2A
21,12,anal_pc5_c21_S1.filtered.gene_spectra_score.k_21.dt_0_01.txt,prerank,HALLMARK_E2F_TARGETS,0.9606773745878656,2.074213169000946,0.0,0.0,0.0,43/54,2.70%,TOP2A;MKI67;CDK1;CCNB2;PLK1;AURKB;DLGAP5;CDCA3;KIF18B;CENPE;HMMR;CIT;BIRC5;CDC20;KPNA2;TACC3;KIF2C;SPAG5;ESPL1;PTTG1;HMGB2;CKS2;SMC4;CDCA8;DEPDC1;KIF22;SPC25;NCAPD2;LMNB1;DIAPH3;AURKA;RRM2;KIF4A;CDKN2C;EZH2;MELK;CDC25B;ANP32E;TK1;CENPM;MYBL2;TCF19;ORC6
21,12,anal_pc5_c21_S1.filtered.gene_spectra_score.k_21.dt_0_01.txt,prerank,HALLMARK_MITOTIC_SPINDLE,0.9270608950158001,2.014097434322991,0.0,0.0,0.0,37/77,3.82%,TOP2A;NUSAP1;KIF23;CDK1;CCNB2;ANLN;TPX2;PLK1;DLGAP5;NDC80;ECT2;CENPE;PIF1;BIRC5;BUB1;KIF2C;PRC1;ESPL1;INCENP;TTK;KIF11;CENPF;SMC4;NEK2;KIF22;KIF20B;KIF15;LMNB1;AURKA;KIF4A;FBXO5;CNTRL;CEP72;CCDC88A;CEP250;KNTC1;MID1
21,12,anal_pc5_c21_S1.filtered.gene_spectra_score.k_21.dt_0_01.txt,prerank,HALLMARK_ALLOGRAFT_REJECTION,-0.4708387276252809,-1.962999086831547,0.0,0.00393758203295902,0.001001001001001001,64/121,28.32%,IL16;LTB;PTPN6;IL2RG;CTSS;GBP2;TLR2;IRF7;CSF1;CCND2;CD79A;CD2;ITGAL;FYB1;CD96;ST8SIA4;LY86;PRF1;CD8A;FLNA;CD3D;TIMP1;ETS1;ZAP70;TGFB2;IL11;CCL2;CD74;SRGN;MAP4K1;CCL5;LCP2;ITK;STAB1;IL6;CD7;PRKCB;CD40;CXCL9;KLRD1;THY1;CD28;FCGR2B;TLR6;PTPRC;IRF4;HCLS1;IL27RA;CD40LG;CD3E;STAT4;TNF;CXCL13;CXCR3;LYN;CD1D;CCL4;CCR2;IL7;IL2RB;TRAT1;ACHE;FGR;CCR5
21,12,anal_pc5_c21_S1.filtered.gene_spectra_score.k_21.dt_0_01.txt,prerank,HALLMARK_INTERFERON_GAMMA_RESPONSE,-0.45588734595936,-1.9194422235614974,0.0,0.00590637304943853,0.003003003003003003,61/111,27.30%,TNFSF10;SOD2;PARP14;C1S;BANK1;RNF213;PTPN6;SP110;OAS2;IL10RA;NFKBIA;NLRC5;CDKN1A;CASP8;CIITA;NAMPT;SOCS3;IRF7;MX1;IFITM2;ST8SIA4;VCAM1;ZBP1;ITGB7;C1R;MX2;CXCL10;CD69;TNFAIP3;CCL2;CD74;EIF4E3;CCL5;PTGS2;LCP2;CFH;SAMD9L;IRF1;KLRK1;TRIM25;IFI44L;IL6;IFIT1;IFI30;CD40;CXCL9;IL18BP;CMPK2;IFI44;IRF4;STAT4;RSAD2;ST3GAL5;SLAMF7;IFITM3;UPP1;CFB;IL7;NOD1;FPR1;IL2RB
21,12,anal_pc5_c21_S1.filtered.gene_spectra_score.k_21.dt_0_01.txt,prerank,HALLMARK_COMPLEMENT,-0.46289630629124834,-1.8879617468594438,0.0,0.005250109377278694,0.004004004004004004,56/122,26.46%,CTSB;CA2;CTSD;MMP14;C1S;PLAT;STX4;CLU;PLAUR;LRP1;CTSS;LGALS3;IRF7;F3;LGMN;SERPINE1;LIPA;KCNIP2;KYNU;CTSC;APOBEC3G;C1R;CR1;SERPINA1;TIMP1;PDGFB;CTSH;TNFAIP3;CDH13;GZMK;CCL5;LCP2;CP;CFH;DOCK10;DUSP5;IRF1;C3;IL6;C1QC;PIK3R5;CASP10;MMP13;CPQ;KLK1;CD40LG;TFPI2;CD55;C1QA;SH2B3;PLA2G7;LYN;TIMP2;PLEK;CFB;CPM
21,12,anal_pc5_c21_S1.filtered.gene_spectra_score.k_21.dt_0_01.txt,prerank,HALLMARK_SPERMATOGENESIS,0.8763496426577795,1.7892067102483147,0.0,0.0,0.0,8/36,1.86%,CDK1;CCNB2;BUB1;KIF2C;TTK;NEK2;AURKA;EZH2
21,12,anal_pc5_c21_S1.filtered.gene_spectra_score.k_21.dt_0_01.txt,prerank,HALLMARK_INFLAMMATORY_RESPONSE,-0.4168237182942366,-1.7756784577024378,0.0,0.014765932623596325,0.015015015015015015,65/141,27.30%,TNFSF10;PCDH7;MMP14;GABBR1;PLAUR;SLC4A4;PDPN;TLR2;IL10RA;NFKBIA;CDKN1A;NAMPT;ABCA1;IRF7;F3;CSF1;LPAR1;IL7R;PVR;EDN1;SERPINE1;OSMR;C5AR1;CYBB;SELL;TIMP1;CXCL10;CD69;CCL2;SLAMF1;HAS2;ITGA5;ADM;CXCL8;CCL5;AXL;IL1R1;LCP2;CALCRL;IRF1;STAB1;TNFRSF1B;IL6;GPR132;PIK3R5;CD40;CXCL9;AHR;CXCR6;CD48;CCR7;BTG2;GPC3;KCNA3;CD55;P2RX7;HPN;TNFRSF9;LYN;MXD1;RGS16;CD14;GPR183;FPR1;IL2RB
21,12,anal_pc5_c21_S1.filtered.gene_spectra_score.k_21.dt_0_01.txt,prerank,HALLMARK_INTERFERON_ALPHA_RESPONSE,-0.48492387730964104,-1.7256384898564168,0.0,0.022837975791162316,0.02902902902902903,22/50,20.56%,PARP14;OAS1;C1S;SP110;GBP2;CASP8;IRF7;MX1;CSF1;IFITM2;SELL;NUB1;CXCL10;CD74;SAMD9L;IRF1;TRIM25;IFI44L;IFI30;TMEM140;CMPK2;IFI44
21,12,anal_pc5_c21_S1.filtered.gene_spectra_score.k_21.dt_0_01.txt,prerank,HALLMARK_KRAS_SIGNALING_UP,-0.4098214335145335,-1.7167795871589269,0.0,0.020344173836954936,0.031031031031031032,45/131,18.98%,TSPAN1;CA2;GPNMB;PLAT;TMEM176A;PLAUR;CD37;IL2RG;CTSS;PLAU;IL10RA;LAPTM5;FUCA1;BMP2;TMEM176B;IGFBP3;SLPI;IL7R;CCND2;ADAMDEC1;SATB1;PCSK1N;MPZL2;ACE;TRAF1;ST6GAL1;ENG;TSPAN7;ADAM8;CXCL10;ETS1;PRDM1;SPARCL1;TNFAIP3;KCNN4;MAP4K1;IKZF1;PTGS2;CFH;DOCK2;PECAM1;CXCR4;TNFRSF1B;TNNT2;ADGRA2
21,12,anal_pc5_c21_S1.filtered.gene_spectra_score.k_21.dt_0_01.txt,prerank,HALLMARK_COAGULATION,-0.44411742443809205,-1.7110991443158248,0.0,0.018000375007812666,0.03203203203203203,38/79,26.44%,CTSB;MMP14;C1S;PLAT;A2M;SPARC;PRSS23;CLU;MMP2;LRP1;PLAU;F3;LGMN;SERPINE1;THBS1;C1R;SERPINA1;COMP;TIMP1;PDGFB;CTSH;CFH;PECAM1;C3;FURIN;CPQ;RAPGEF3;TFPI2;USP11;TIMP3;C1QA;CTSK;MMP7;HPN;CFI;MMP3;PLEK;CFB
21,12,anal_pc5_c21_S1.filtered.gene_spectra_score.k_21.dt_0_01.txt,prerank,HALLMARK_EPITHELIAL_MESENCHYMAL_TRANSITION,-0.36393322641446374,-1.6299852871741976,0.0,0.032977249526031795,0.06406406406406406,78/164,29.74%,GPC1;THBS2;COL6A2;GJA1;COL3A1;MMP14;TGFBI;SPARC;WIPF1;MMP2;PLAUR;LUM;LRP1;LAMC1;COL6A3;COL1A2;FUCA1;MATN2;IL32;ITGB5;COL1A1;COL16A1;PDGFRB;QSOX1;IGFBP3;RHOB;PVR;WNT5A;SERPINE1;COL5A2;CDH11;EDIL3;VCAM1;THBS1;DAB2;COL5A1;ACTA2;GLIPR1;CALD1;LAMA2;FLNA;COMP;TIMP1;TNFAIP3;DCN;ITGA5;CXCL8;SAT1;POSTN;IL6;SDC4;COL4A1;COL5A3;PCOLCE;THY1;NT5E;TAGLN;CCN2;TFPI2;TIMP3;PMEPA1;MYL9;MMP3;ABI3BP;NNMT;CCN1;CXCL12;TNFRSF11B;SCG2;MMP1;LAMA3;SPOCK1;BGN;TGM2;EFEMP2;TPM2;FN1;COL12A1
21,12,anal_pc5_c21_S1.filtered.gene_spectra_score.k_21.dt_0_01.txt,prerank,HALLMARK_HYPOXIA,-0.3803917837397126,-1.5926279727902746,0.0,0.03806329298527053,0.08208208208208208,41/111,18.02%,GPC1;EFNA1;SELENBP1;GAA;ZFP36;TGFBI;SLC6A6;NDRG1;FOS;SLC2A1;ACKR3;PLAUR;PPARGC1A;DUSP1;MXI1;HK2;DDIT4;CDKN1A;F3;IGFBP3;PKP1;CITED2;SERPINE1;PDK1;PLAC8;CA12;PAM;COL5A1;AMPD3;NEDD4L;ETS1;PDGFB;TNFAIP3;DCN;PFKFB3;ADM;PGF;CP;CXCR4;IL6;SDC4
21,12,anal_pc5_c21_S1.filtered.gene_spectra_score.k_21.dt_0_01.txt,prerank,HALLMARK_KRAS_SIGNALING_DN,-0.4157889829208598,-1.5892743067197426,0.02654867256637168,0.03504448009333528,0.08408408408408409,34/78,27.62%,KRT15;FGFR3;SELENOP;TFCP2L1;ZBTB16;AKR1B10;HSD11B2;CALML5;MX1;PKP1;GPRC5C;MAST3;CLSTN3;EDN1;MYO15A;TGFB2;LYPD3;SPRR3;IFI44L;SYNPO;DLK2;NTF3;RGS11;SLC6A14;CD40LG;BTG2;KCNN1;RSAD2;GDNF;PTGFR;SOX10;TENT5C;CCNA1;PDE6B
21,12,anal_pc5_c21_S1.filtered.gene_spectra_score.k_21.dt_0_01.txt,prerank,HALLMARK_TNFA_SIGNALING_VIA_NFKB,-0.37047788822574884,-1.572266562709203,0.0,0.037228048311612555,0.0970970970970971,69/150,28.36%,LAMB3;SOD2;EFNA1;NFAT5;ZFP36;FOS;ACKR3;PLAUR;DUSP1;TLR2;PLAU;NFKBIA;BMP2;CDKN1A;NAMPT;SOCS3;ABCA1;NFKB2;F3;CSF1;PLPP3;RHOB;IL7R;EDN1;SERPINE1;PHLDA2;KYNU;TRAF1;LITAF;CD83;REL;KLF2;KDM6B;CXCL10;CD69;TNFAIP3;CCL2;NINJ1;PFKFB3;PLK2;CCL5;SAT1;PER1;PTGS2;DUSP5;IRF1;IL6;SDC4;TSC22D1;EGR1;FOSB;JAG1;BTG2;KLF9;MAP3K8;FJX1;PMEPA1;TNF;TNFRSF9;MXD1;CCL4;PLEK;SLC2A3;CCN1;GPR183;DUSP2;SLC2A6;EGR3;BIRC3
21,12,anal_pc5_c21_S1.filtered.gene_spectra_score.k_21.dt_0_01.txt,prerank,HALLMARK_GLYCOLYSIS,0.6996932189148186,1.5062371181757785,0.017006802721088437,0.07030126807204587,0.508,6/67,1.62%,CDK1;HMMR;KIF20A;DEPDC1;AURKA;CENPA
21,12,anal_pc5_c21_S1.filtered.gene_spectra_score.k_21.dt_0_01.txt,prerank,HALLMARK_HEME_METABOLISM,-0.3907869472431702,-1.4328789515660778,0.044585987261146494,0.10828350590637306,0.28428428428428426,11/55,9.50%,CTSB;CA2;BCAM;GCLC;SELENBP1;SLC2A1;MXI1;AQP3;SLC7A11;TNS1;ACP5
21,12,anal_pc5_c21_S1.filtered.gene_spectra_score.k_21.dt_0_01.txt,prerank,HALLMARK_IL2_STAT5_SIGNALING,-0.34365178452139616,-1.4263903440569685,0.0,0.10480026026183238,0.2972972972972973,46/127,26.62%,WLS;TNFSF10;CA2;COL6A1;LTB;NDRG1;ST3GAL4;DHRS3;CAPN3;HK2;IL10RA;BMP2;PLPP1;SCN9A;CSF1;RHOB;CCND2;ITIH5;SMPDL3A;ADAM19;SELL;MUC1;XBP1;TNFRSF21;TRAF1;CD83;CXCL10;IL1R2;TNFRSF1B;BCL2;FURIN;AHR;RORA;CD48;NT5E;IRF4;MAP3K8;SWAP70;TNFRSF9;CD79B;IFITM3;MXD1;CST7;RGS16;SLC2A3;CDC42SE2
21,12,anal_pc5_c21_S1.filtered.gene_spectra_score.k_21.dt_0_01.txt,prerank,HALLMARK_P53_PATHWAY,-0.34586101253064716,-1.4025796206852843,0.029411764705882353,0.11503364653430281,0.34734734734734735,31/89,18.28%,AK1;GM2A;CTSD;JAG2;DGKA;NDRG1;FOS;ABCC5;ZBTB16;DDIT4;FUCA1;BMP2;KRT17;CDKN1A;DEF6;EPS8L2;SLC7A11;EPHX1;CCND2;MKNK2;TSPYL2;EPHA2;PDGFA;CDH13;NINJ1;CYFIP2;PLK2;SAT1;TRAF4;SERPINB5;IFI30
21,12,anal_pc5_c21_S1.filtered.gene_spectra_score.k_21.dt_0_01.txt,prerank,HALLMARK_MTORC1_SIGNALING,0.6455640029154042,1.395051413881724,0.0719910011248594,0.200773586768256,0.895,11/72,4.28%,PLK1;BUB1;CCNF;AURKA;RRM2;LDLR;PHGDH;PIK3R3;STARD4;FADS2;HSP90B1
21,12,anal_pc5_c21_S1.filtered.gene_spectra_score.k_21.dt_0_01.txt,prerank,HALLMARK_XENOBIOTIC_METABOLISM,-0.37124412100102316,-1.3936155451923,0.045454545454545456,0.116552428175587,0.36736736736736736,23/80,17.22%,CA2;CES1;GCLC;ALDH3A1;ABCC3;SLC6A6;PTGR1;MAN1A1;UGDH;SLC12A4;APOE;TMEM176B;EPHX1;SERPINE1;EPHA2;KYNU;TGFB2;NINJ1;PTGDS;CYFIP2;IL1R1;CAT;ABCD2
21,12,anal_pc5_c21_S1.filtered.gene_spectra_score.k_21.dt_0_01.txt,prerank,HALLMARK_IL6_JAK_STAT3_SIGNALING,-0.3668577824112161,-1.3427143099958336,0.07947019867549669,0.15012031500656264,0.4644644644644645,23/53,26.84%,LTB;A2M;IL2RG;TLR2;ITGA4;SOCS3;CSF1;OSMR;TNFRSF21;CXCL10;IL1R2;IL1R1;IRF1;TNFRSF1B;IL6;PIK3R5;CXCL9;MAP3K8;TNF;CXCL13;HMOX1;CD14;IL7
21,12,anal_pc5_c21_S1.filtered.gene_spectra_score.k_21.dt_0_01.txt,prerank,HALLMARK_DNA_REPAIR,0.6903785640124253,1.331335689677122,0.18497109826589594,0.2869719731847185,0.986,4/22,3.00%,ARL6IP1;ZWINT;POLH;TYMS
21,12,anal_pc5_c21_S1.filtered.gene_spectra_score.k_21.dt_0_01.txt,prerank,HALLMARK_ANDROGEN_RESPONSE,-0.38730966056451327,-1.2921564150194178,0.14622641509433962,0.19409963197762697,0.5755755755755756,19/41,26.40%,KRT19;SELENOP;SLC26A2;NDRG1;PLPP1;PTK2B;ADAMTS1;MAF;SAT1;AZGP1;ABCC4;DNAJB9;TSC22D1;IQGAP2;MERTK;GUCY1A1;PMEPA1;KRT8;RRP12
21,12,anal_pc5_c21_S1.filtered.gene_spectra_score.k_21.dt_0_01.txt,prerank,HALLMARK_APICAL_JUNCTION,-0.3158810855377102,-1.2857924407247878,0.109375,0.19031646492635265,0.5885885885885885,30/101,20.84%,LAMB3;EVL;TGFBI;PLCG1;STX4;MMP2;THBS3;ADAM23;COL16A1;ITGA3;PPP2R2C;CDH11;MPZL2;FYB1;VCAM1;RAC2;TRAF1;CLDN4;ICAM5;NLGN2;JAM3;SPEG;WNK4;CDH1;PECAM1;CLDN7;THY1;TSPAN4;CD209;PTPRC
21,12,anal_pc5_c21_S1.filtered.gene_spectra_score.k_21.dt_0_01.txt,prerank,HALLMARK_UV_RESPONSE_UP,-0.3387520062367674,-1.2487521168563607,0.1171875,0.2176032176108932,0.6576576576576577,23/66,25.64%,CA2;SOD2;MMP14;FOS;AQP3;NFKBIA;BMP2;RHOB;EPHX1;DLG4;CREG1;RAB27A;CYB5R1;IRF1;IL6;FURIN;FOSB;BTG2;MAOA;PLCL1;ARRB2;LYN;HMOX1
21,12,anal_pc5_c21_S1.filtered.gene_spectra_score.k_21.dt_0_01.txt,prerank,HALLMARK_ANGIOGENESIS,-0.38599905395173306,-1.2174215525899506,0.20945945945945946,0.23940498760390844,0.7127127127127127,15/29,31.24%,COL3A1;JAG2;LUM;CCND2;COL5A2;TNFRSF21;PDGFA;TIMP1;POSTN;JAG1;VTN;VAV2;S100A4;KCNJ8;STC1
21,12,anal_pc5_c21_S1.filtered.gene_spectra_score.k_21.dt_0_01.txt,prerank,HALLMARK_PI3K_AKT_MTOR_SIGNALING,0.5922084037711086,1.1885786698389287,0.3024523160762943,0.5753170180114692,1.0,5/32,5.90%,CDK1;PIK3R3;HSP90B1;TIAM1;PPP2R1B
21,12,anal_pc5_c21_S1.filtered.gene_spectra_score.k_21.dt_0_01.txt,prerank,HALLMARK_WNT_BETA_CATENIN_SIGNALING,-0.4438665745762292,-1.1603524207870977,0.29457364341085274,0.2988812266922227,0.8058058058058059,5/15,21.44%,JAG2;DLL1;CCND2;TCF7;JAG1
21,12,anal_pc5_c21_S1.filtered.gene_spectra_score.k_21.dt_0_01.txt,prerank,HALLMARK_UV_RESPONSE_DN,-0.3088019616938895,-1.1591591975879203,0.23529411764705882,0.28815941241200105,0.8068068068068068,18/69,9.66%,GJA1;COL3A1;TGFBR2;LAMC1;DUSP1;CELF2;COL1A2;KCNMA1;COL1A1;MGLL;IGFBP5;PDGFRB;F3;PLPP3;LPAR1;CITED2;SERPINE1;COL5A2
21,12,anal_pc5_c21_S1.filtered.gene_spectra_score.k_21.dt_0_01.txt,prerank,HALLMARK_ESTROGEN_RESPONSE_LATE,0.515493461718176,1.1474141430963543,0.3126967471143757,0.618594201988112,1.0,13/106,8.72%,TOP2A;CDC20;KIF20A;NMU;DHRS2;HSPA4L;TIAM1;SCUBE2;SLC29A1;TSPAN13;AGR2;MEST;IL17RB
21,12,anal_pc5_c21_S1.filtered.gene_spectra_score.k_21.dt_0_01.txt,prerank,HALLMARK_MYOGENESIS,-0.2674020838671961,-1.14340399965051,0.1206896551724138,0.2990850352860612,0.8328328328328328,24/112,14.46%,AK1;COL6A2;MYH11;COL3A1;GAA;SPARC;CLU;VIPR1;BIN1;CKB;COL6A3;MAPRE3;ITGB5;CDKN1A;COL1A1;IGFBP3;AEBP1;IGFBP7;LAMA2;PFKM;LSP1;CACNA1H;SPEG;CDH13
21,12,anal_pc5_c21_S1.filtered.gene_spectra_score.k_21.dt_0_01.txt,prerank,HALLMARK_PEROXISOME,0.5709028487980139,1.1307242411993021,0.38461538461538464,0.5939907923431064,1.0,1/32,0.04%,TOP2A
21,12,anal_pc5_c21_S1.filtered.gene_spectra_score.k_21.dt_0_01.txt,prerank,HALLMARK_APOPTOSIS,0.5055742986987091,1.117954801296721,0.36333333333333334,0.5680355774855411,1.0,4/79,2.44%,TOP2A;HMGB2;CDC25B;PMAIP1
21,12,anal_pc5_c21_S1.filtered.gene_spectra_score.k_21.dt_0_01.txt,prerank,HALLMARK_REACTIVE_OXYGEN_SPECIES_PATHWAY,-0.3922154596172682,-1.1179038715918588,0.29041095890410956,0.32009260609596035,0.8658658658658659,2/19,0.82%,SOD2;GCLC
21,12,anal_pc5_c21_S1.filtered.gene_spectra_score.k_21.dt_0_01.txt,prerank,HALLMARK_APICAL_SURFACE,-0.3594261469463941,-1.1082068221417591,0.28716216216216217,0.32067668076418254,0.8778778778778779,11/27,28.06%,GSTM3;SULF2;PLAUR;IL2RG;LYPD3;MAL;THY1;SCUBE1;LYN;IL2RB;ATP8B1
21,12,anal_pc5_c21_S1.filtered.gene_spectra_score.k_21.dt_0_01.txt,prerank,HALLMARK_CHOLESTEROL_HOMEOSTASIS,0.5156294314155293,1.0444151553317884,0.5020080321285141,0.6617061088226583,1.0,16/35,13.24%,LDLR;STARD4;FADS2;MVK;HMGCR;ACAT2;HMGCS1;MVD;ATF3;NIBAN1;ATF5;TNFRSF12A;ERRFI1;FDPS;NFIL3;FABP5
21,12,anal_pc5_c21_S1.filtered.gene_spectra_score.k_21.dt_0_01.txt,prerank,HALLMARK_BILE_ACID_METABOLISM,-0.2930194408514701,-0.9575115619670677,0.51931330472103,0.5520187119282934,0.968968968968969,12/37,18.06%,TFCP2L1;ABCA2;ABCA8;ABCA1;CYP7B1;SULT1B1;ABCA6;ALDH1A1;PFKM;CAT;ABCD2;CH25H
21,12,anal_pc5_c21_S1.filtered.gene_spectra_score.k_21.dt_0_01.txt,prerank,HALLMARK_ADIPOGENESIS,0.4064662198230542,0.8586409731332751,0.6666666666666666,0.9029178290142672,1.0,7/51,11.02%,CDKN2C;CCNG2;LIPE;PIM3;UCP2;CAVIN2;SCARB1
21,12,anal_pc5_c21_S1.filtered.gene_spectra_score.k_21.dt_0_01.txt,prerank,HALLMARK_TGF_BETA_SIGNALING,-0.2549255269647428,-0.7683778550352641,0.8079470198675497,0.8439550823975499,0.996996996996997,10/24,23.56%,BMP2;ID3;SERPINE1;THBS1;ENG;CDH1;LTBP2;FURIN;SMAD7;PMEPA1
21,12,anal_pc5_c21_S1.filtered.gene_spectra_score.k_21.dt_0_01.txt,prerank,HALLMARK_ESTROGEN_RESPONSE_EARLY,0.28075861769258437,0.6304258702155352,0.925,1.0,1.0,17/118,11.42%,PMAIP1;NAV2;MYBL1;TUBB2B;DHRS2;HES1;RHOBTB3;SEC14L2;TIAM1;ZNF185;IL17RB;ELOVL2;LRIG1;SLC1A4;MYB;SCARB1;ELOVL5
21,12,anal_pc5_c21_S1.filtered.gene_spectra_score.k_21.dt_0_01.txt,prerank,HALLMARK_HEDGEHOG_SIGNALING,0.3341610567417044,0.6289086330992171,0.8088235294117647,1.0,1.0,3/17,11.44%,CRMP1;DPYSL2;HEY1
21,12,anal_pc5_c21_S1.filtered.gene_spectra_score.k_21.dt_0_01.txt,prerank,HALLMARK_UNFOLDED_PROTEIN_RESPONSE,0.26680106144887483,0.5053243734802473,0.9139941690962099,1.0,1.0,7/23,17.26%,HSP90B1;ATF3;TUBB2A;SLC1A4;SLC7A5;DNAJA4;PSAT1
21,12,anal_pc5_c21_S1.filtered.gene_spectra_score.k_21.dt_0_01.txt,prerank,HALLMARK_FATTY_ACID_METABOLISM,0.2401722664344007,0.5013890784260929,0.9467680608365019,0.9616616859165926,1.0,8/44,11.42%,ODC1;ACAT2;CBR3;HMGCS1;HSD17B11;ECI2;ENO3;ELOVL5
21,13,anal_pc5_c21_S1.filtered.gene_spectra_score.k_21.dt_0_01.txt,prerank,HALLMARK_E2F_TARGETS,-0.5837165559209685,-2.2989629526645077,0.0,0.0,0.0,40/54,32.72%,HELLS;EZH2;TFRC;LMNB1;MCM2;CENPM;MCM4;SMC4;CDKN2A;TK1;CDK1;MYBL2;MKI67;LIG1;KIF22;MYC;ORC6;RRM2;POLE;MCM6;TACC3;BIRC5;HMGB2;CKS2;CIT;SPAG5;CDKN1A;NCAPD2;TOP2A;MELK;CCNB2;TCF19;PLK1;CDCA3;PRDX4;KIF18B;DLGAP5;CDKN2C;CDC25B;SPC25
21,13,anal_pc5_c21_S1.filtered.gene_spectra_score.k_21.dt_0_01.txt,prerank,HALLMARK_MYOGENESIS,0.8213300945260634,1.9584896010409756,0.0,0.0,0.0,39/112,6.00%,TAGLN;DES;TPM2;MYLK;MYH11;SMTN;SORBS1;PDLIM7;FHL1;COL6A2;SPEG;COL4A2;LDB3;ITGA7;AEBP1;CACNA1H;HSPB8;DTNA;CASQ2;IGFBP7;COL6A3;GNAO1;SGCA;COL3A1;COL1A1;SPARC;PTGIS;MYOM1;PYGM;DMD;COX7A1;KIFC3;SVIL;PPP1R3C;CRYAB;SGCD;KCNH2;HRC;FABP3
21,13,anal_pc5_c21_S1.filtered.gene_spectra_score.k_21.dt_0_01.txt,prerank,HALLMARK_INTERFERON_GAMMA_RESPONSE,-0.41626410468144276,-1.8487279835303831,0.0,0.013865308432371251,0.00720164609053498,57/111,24.56%,TNFSF10;ST8SIA4;ITGB7;CD74;CSF2RB;PTPN6;RNF213;CIITA;IFI44;IRF7;MX1;NLRC5;SELP;OAS2;IL10RA;TRIM25;ISG20;LCP2;ZBP1;SLAMF7;IFI30;IRF1;TRIM14;IL2RB;RAPGEF6;PARP14;IRF4;SAMD9L;UBE2L6;MX2;TNFAIP2;IRF8;OAS3;SP110;CCL5;PSMB9;BANK1;HELZ2;CD69;NOD1;STAT4;IFI44L;CD40;SAMHD1;CASP8;STAT1;DDX60;CDKN1A;LAP3;NFKBIA;IFI27;CD38;PNP;KLRK1;CMPK2;GZMA;HERC6
21,13,anal_pc5_c21_S1.filtered.gene_spectra_score.k_21.dt_0_01.txt,prerank,HALLMARK_EPITHELIAL_MESENCHYMAL_TRANSITION,0.7692998766631535,1.84424452270052,0.0,0.0007413631196560075,0.002,53/164,8.96%,MYL9;TAGLN;ACTA2;TPM2;MYLK;TPM1;FLNA;CALD1;GREM1;COL6A2;COL4A2;TGM2;TNC;COL16A1;COL12A1;COL4A1;MFAP5;FN1;BGN;COL6A3;COL3A1;CCN1;COL5A2;COL1A1;SPARC;CCN2;COL5A1;PDGFRB;ITGB3;COL1A2;FSTL1;THBS1;LAMC1;RHOB;NID2;NNMT;THY1;GEM;SGCD;TGFBR3;EFEMP2;PMP22;NTM;EDIL3;INHBA;PRRX1;ECM2;ELN;CDH11;ITGA5;CDH6;POSTN;LOXL2
21,13,anal_pc5_c21_S1.filtered.gene_spectra_score.k_21.dt_0_01.txt,prerank,HALLMARK_PI3K_AKT_MTOR_SIGNALING,-0.516339271691871,-1.7608778243133731,0.0,0.021128089039803812,0.01646090534979424,22/32,35.12%,IL2RG;SLC2A1;E2F1;CDK1;VAV3;HSP90B1;SLA;LCK;PDK1;TIAM1;NOD1;PRKCB;CDKN1A;CXCR4;PIK3R3;ITPR2;TRIB3;FASLG;DAPP1;FGF22;CAMK4;PLCG1
21,13,anal_pc5_c21_S1.filtered.gene_spectra_score.k_21.dt_0_01.txt,prerank,HALLMARK_ADIPOGENESIS,0.7557971524417145,1.7543380773919093,0.0,0.0019769683190826864,0.008,19/51,13.52%,MYLK;SORBS1;ITGA7;HSPB8;COL4A1;ITIH5;CAVIN1;LAMA4;PTGER3;SPARCL1;PHLDB1;SNCG;COL15A1;CAVIN2;OMD;LPL;ITSN1;FZD4;ABCA1
21,13,anal_pc5_c21_S1.filtered.gene_spectra_score.k_21.dt_0_01.txt,prerank,HALLMARK_P53_PATHWAY,-0.3658008733867685,-1.6500535792101563,0.0,0.04159592529711375,0.043209876543209874,39/89,23.10%,ITGB4;ABCC5;DGKA;TP63;SAT1;SPHK1;CLCA2;JAG2;TRAF4;DDIT4;KLF4;SERPINB5;DEF6;KRT17;EPHX1;BTG2;CTSD;CDKN2A;SLC7A11;AK1;GM2A;GPX2;EPHA2;FUCA1;IFI30;VWA5A;EPS8L2;PTPRE;KIF13B;HSPA4L;CDKN2B;CYFIP2;PITPNC1;NDRG1;RNF19B;CDKN1A;CCND3;CEBPA;HMOX1
21,13,anal_pc5_c21_S1.filtered.gene_spectra_score.k_21.dt_0_01.txt,prerank,HALLMARK_UV_RESPONSE_DN,0.6915030924768067,1.6202185606677924,0.002079002079002079,0.028171798546928285,0.141,25/69,11.00%,RBPMS;IGFBP5;KCNMA1;LTBP1;CAV1;COL3A1;CCN1;COL5A2;COL1A1;PDGFRB;ITGB3;COL1A2;LAMC1;KALRN;PRKAR2B;TGFBR3;FHL2;PMP22;MAP1B;SDC2;DLC1;COL11A1;INPP4B;ADGRL2;F3
21,13,anal_pc5_c21_S1.filtered.gene_spectra_score.k_21.dt_0_01.txt,prerank,HALLMARK_DNA_REPAIR,-0.5206094046175694,-1.6127190215531642,0.04205607476635514,0.042784380305602714,0.05555555555555555,13/22,26.28%,TYMS;ZWINT;AK1;LIG1;HCLS1;POLA1;VPS37B;STX3;ARL6IP1;PNP;CMPK2;NT5C3A;BCAM
21,13,anal_pc5_c21_S1.filtered.gene_spectra_score.k_21.dt_0_01.txt,prerank,HALLMARK_INTERFERON_ALPHA_RESPONSE,-0.39879580673188475,-1.5147390231526479,0.036585365853658534,0.07857008111677043,0.11625514403292181,26/50,24.56%,CD74;IFI44;IRF7;MX1;LPAR6;OAS1;TRIM25;ISG20;SELL;IFI30;IRF1;TRIM14;PARP14;SAMD9L;UBE2L6;SP110;PSMB9;HELZ2;NCOA7;IFI44L;CASP8;DDX60;LAP3;IFI27;CMPK2;HERC6
21,13,anal_pc5_c21_S1.filtered.gene_spectra_score.k_21.dt_0_01.txt,prerank,HALLMARK_APICAL_JUNCTION,0.6113972980575634,1.4525841490975548,0.00808080808080808,0.19497850046952997,0.706,25/101,11.70%,MYL9;ACTG2;SPEG;FLNC;NEXN;COL16A1;NFASC;SDC3;ITGA9;NEGR1;JAM3;CADM3;THY1;KCNH2;NLGN2;AMIGO2;CDH11;ADRA1B;MAP3K20;CDH6;EPB41L2;THBS3;MMP2;CX3CL1;VCAM1
21,13,anal_pc5_c21_S1.filtered.gene_spectra_score.k_21.dt_0_01.txt,prerank,HALLMARK_REACTIVE_OXYGEN_SPECIES_PATHWAY,-0.47751607272561697,-1.4432831022751735,0.102803738317757,0.11148839841539332,0.18621399176954734,6/19,11.08%,GCLC;MGST1;TXNRD1;NQO1;LSP1;FTL
21,13,anal_pc5_c21_S1.filtered.gene_spectra_score.k_21.dt_0_01.txt,prerank,HALLMARK_COAGULATION,0.5990465765014767,1.412699010626292,0.037383177570093455,0.2398309692087184,0.839,26/79,14.90%,CSRP1;FN1;SPARC;A2M;C1S;ITGB3;THBS1;CPQ;SERPING1;C1R;C2;TIMP3;F3;CFH;MMP2;CTSK;CFB;MMP11;CRIP2;LRP1;HTRA1;CLU;F2RL2;F10;MMP14;GSN
21,13,anal_pc5_c21_S1.filtered.gene_spectra_score.k_21.dt_0_01.txt,prerank,HALLMARK_ALLOGRAFT_REJECTION,-0.2857134834578306,-1.3813836560819976,0.0,0.14112903225806453,0.25308641975308643,59/121,26.40%,IL2RG;ST8SIA4;ITGAL;CTSS;SRGN;IL16;CD74;CD79A;PTPRC;PTPN6;LTB;CD2;CDKN2A;CD96;CAPG;IRF7;STAB1;ITGB2;ZAP70;LCP2;CD3D;HCLS1;ITK;FYB1;CD3E;LCK;CD247;NCF4;IL2RB;IRF4;IL12RB1;IRF8;CCL5;CCR5;TLR6;FGR;STAT4;CD40;STAT1;GPR65;CD28;PRKCB;ETS1;IL2RA;CD8A;CCND3;MAP4K1;SIT1;CCL11;CD7;GZMA;PRF1;NOS2;SPI1;CD80;TRAT1;CD4;CCL13;ICAM1
21,13,anal_pc5_c21_S1.filtered.gene_spectra_score.k_21.dt_0_01.txt,prerank,HALLMARK_MTORC1_SIGNALING,-0.312792587107578,-1.3485656659325558,0.0,0.15097780293026472,0.2952674897119342,34/72,26.10%,GCLC;CORO1A;TFRC;DDIT4;MCM2;SLC2A1;MCM4;SLC1A4;BTG2;SLC7A11;ITGB2;TXNRD1;HSP90B1;HMGCR;IFI30;SLA;SLC6A6;NFIL3;RRM2;PDK1;LGMN;TUBA4A;HSPA5;ERO1A;XBP1;SCD;SLC7A5;SDF2L1;CDKN1A;PNP;CXCR4;HK2;PSAT1;PIK3R3
21,13,anal_pc5_c21_S1.filtered.gene_spectra_score.k_21.dt_0_01.txt,prerank,HALLMARK_HYPOXIA,0.5498890872799246,1.3104982935173495,0.06854838709677419,0.46811785555422186,0.981,21/111,12.50%,TGM2;DTNA;BGN;CAV1;CAVIN1;SDC3;CCN1;AKAP12;CAVIN3;CCN2;COL5A1;PYGM;PPP1R3C;SDC2;S100A4;TGFB3;SRPX;F3;PGAM2;PAM;IGFBP3
21,13,anal_pc5_c21_S1.filtered.gene_spectra_score.k_21.dt_0_01.txt,prerank,HALLMARK_ANGIOGENESIS,0.6056885972379292,1.3086980487738722,0.14846625766871166,0.4145146542776652,0.981,12/29,16.32%,COL3A1;COL5A2;FSTL1;S100A4;POSTN;KCNJ8;LPL;JAG1;PDGFA;VAV2;LUM;VCAN
21,13,anal_pc5_c21_S1.filtered.gene_spectra_score.k_21.dt_0_01.txt,prerank,HALLMARK_G2M_CHECKPOINT,-0.3171346820421895,-1.2898678055432984,0.07692307692307693,0.1794567062818336,0.3775720164609053,40/68,28.22%,EZH2;LMNB1;MCM2;SLC7A1;SMC4;ODC1;E2F1;CDK1;MYBL2;NUSAP1;CDC45;SMAD3;MKI67;KIF22;RAD54L;NDC80;MYC;SLC12A2;ORC6;POLE;POLQ;MCM6;TROAP;TACC3;BIRC5;PRC1;TPX2;SLC7A5;CKS2;KIF23;KIF11;TOP2A;EXO1;KIF15;CCNB2;UBE2C;SNRPD1;INCENP;FANCC;PLK1
21,13,anal_pc5_c21_S1.filtered.gene_spectra_score.k_21.dt_0_01.txt,prerank,HALLMARK_PEROXISOME,-0.376908460126157,-1.2731653081282706,0.15384615384615385,0.17538714822246232,0.404320987654321,11/32,24.78%,ABCC5;ACSL5;ALDH1A1;HSD11B2;CRABP2;CEL;FDPS;HSD17B11;DHRS3;TOP2A;NR1I2
21,13,anal_pc5_c21_S1.filtered.gene_spectra_score.k_21.dt_0_01.txt,prerank,HALLMARK_UNFOLDED_PROTEIN_RESPONSE,-0.39340095533992103,-1.2481051269800734,0.20603015075376885,0.17925863044708548,0.44135802469135804,14/23,29.82%,DDIT4;SLC1A4;HERPUD1;HSP90B1;HSPA5;NABP1;ERO1A;XBP1;ERN1;SLC7A5;DNAJA4;PSAT1;DNAJB9;SHC1
21,13,anal_pc5_c21_S1.filtered.gene_spectra_score.k_21.dt_0_01.txt,prerank,HALLMARK_COMPLEMENT,0.43356291304804034,1.041046627821753,0.4518743667679838,1.0,1.0,20/122,15.04%,CSRP1;COL4A2;FN1;TIMP2;C1S;DGKG;CPQ;SERPING1;C1R;C2;F3;CFH;CFB;ZEB1;LRP1;CLU;F10;MMP14;CTSL;HSPA1A
21,13,anal_pc5_c21_S1.filtered.gene_spectra_score.k_21.dt_0_01.txt,prerank,HALLMARK_WNT_BETA_CATENIN_SIGNALING,0.49311652734264383,0.9935211377008119,0.4965986394557823,1.0,1.0,1/15,1.36%,NKD1
21,13,anal_pc5_c21_S1.filtered.gene_spectra_score.k_21.dt_0_01.txt,prerank,HALLMARK_KRAS_SIGNALING_DN,0.42106057696725263,0.9914310218419249,0.5439503619441571,1.0,1.0,7/78,6.88%,KCNMB1;ZBTB16;ITIH3;RYR2;RGS11;GDNF;SYNPO
21,13,anal_pc5_c21_S1.filtered.gene_spectra_score.k_21.dt_0_01.txt,prerank,HALLMARK_APOPTOSIS,0.40328593308663085,0.9547320132868693,0.5774358974358974,1.0,1.0,8/79,7.04%,BGN;CAV1;TIMP2;PDGFRB;AVPR1A;RHOB;TGFBR3;PLPPR4
21,13,anal_pc5_c21_S1.filtered.gene_spectra_score.k_21.dt_0_01.txt,prerank,HALLMARK_TGF_BETA_SIGNALING,-0.29517924999887124,-0.9338802393996932,0.5661375661375662,0.6146445518262157,0.8827160493827161,6/24,10.32%,CDH1;SLC20A1;ID1;TGIF1;SMAD3;ID3
21,13,anal_pc5_c21_S1.filtered.gene_spectra_score.k_21.dt_0_01.txt,prerank,HALLMARK_FATTY_ACID_METABOLISM,-0.25128218912767963,-0.9277438187873897,0.5566037735849056,0.5789473684210527,0.8837448559670782,11/44,15.28%,ALDH3A1;ACSL5;ALDH1A1;EPHX1;ODC1;UGDH;GLUL;FASN;CA2;MAOA;UBE2L6
21,13,anal_pc5_c21_S1.filtered.gene_spectra_score.k_21.dt_0_01.txt,prerank,HALLMARK_UV_RESPONSE_UP,0.39265715385480937,0.9220561712018467,0.6251319957761352,1.0,1.0,5/66,5.46%,NTRK3;PDLIM3;RRAD;RHOB;KCNH2
21,13,anal_pc5_c21_S1.filtered.gene_spectra_score.k_21.dt_0_01.txt,prerank,HALLMARK_MITOTIC_SPINDLE,0.39070789595131034,0.919012478772155,0.6363636363636364,1.0,1.0,11/77,12.78%,FLNA;SORBS2;ARHGAP10;ARHGAP29;PALLD;SYNPO;TRIO;BIN1;EPB41L2;ITSN1;PDLIM5
21,13,anal_pc5_c21_S1.filtered.gene_spectra_score.k_21.dt_0_01.txt,prerank,HALLMARK_BILE_ACID_METABOLISM,0.3989643874377947,0.8869008187513051,0.6283084004602992,1.0,1.0,7/37,16.48%,HSD17B6;CH25H;ABCG4;ABCA1;AR;PFKM;DIO2
21,13,anal_pc5_c21_S1.filtered.gene_spectra_score.k_21.dt_0_01.txt,prerank,HALLMARK_HEDGEHOG_SIGNALING,0.42110587173773484,0.8726996581890796,0.6400523560209425,1.0,1.0,8/17,21.42%,THY1;NRP2;UNC5C;RTN1;ACHE;DPYSL2;NRP1;L1CAM
21,13,anal_pc5_c21_S1.filtered.gene_spectra_score.k_21.dt_0_01.txt,prerank,HALLMARK_GLYCOLYSIS,0.34479751473186593,0.797363546605224,0.7760252365930599,1.0,1.0,8/67,12.50%,CACNA1H;SDC3;COL5A1;SDC2;PGAM2;PAM;TPST1;IGFBP3
21,13,anal_pc5_c21_S1.filtered.gene_spectra_score.k_21.dt_0_01.txt,prerank,HALLMARK_ESTROGEN_RESPONSE_EARLY,0.33041144800342537,0.7902157005941505,0.8281092012133469,1.0,1.0,12/118,8.82%,TGM2;HSPB8;PDLIM3;SVIL;PGR;FHL2;NPY1R;SLC24A3;DLC1;NBL1;OLFML3;THSD4
21,13,anal_pc5_c21_S1.filtered.gene_spectra_score.k_21.dt_0_01.txt,prerank,HALLMARK_ESTROGEN_RESPONSE_LATE,0.3319520851530313,0.7854529003577841,0.8285714285714286,1.0,1.0,9/106,7.18%,HSPB8;PDLIM3;CAV1;PTGER3;PGR;PRKAR2B;NPY1R;SLC24A3;NBL1
21,13,anal_pc5_c21_S1.filtered.gene_spectra_score.k_21.dt_0_01.txt,prerank,HALLMARK_APICAL_SURFACE,0.35438079692262303,0.7711404786457235,0.7418181818181818,1.0,1.0,5/27,11.40%,SLC2A4;THY1;SCUBE1;SRPX;CX3CL1
21,13,anal_pc5_c21_S1.filtered.gene_spectra_score.k_21.dt_0_01.txt,prerank,HALLMARK_KRAS_SIGNALING_UP,0.31217634720756254,0.7407735004323499,0.9002016129032258,1.0,1.0,18/131,12.70%,ANO1;TMEM158;ADGRA2;AKAP12;SPARCL1;GUCY1A1;TMEM176B;INHBA;PRRX1;BTC;HDAC9;CFH;CFB;MMP11;TMEM176A;IGFBP3;CPE;ITGBL1
21,13,anal_pc5_c21_S1.filtered.gene_spectra_score.k_21.dt_0_01.txt,prerank,HALLMARK_IL2_STAT5_SIGNALING,0.3031706180207523,0.722983188435557,0.9096446700507614,1.0,1.0,9/127,9.76%,COL6A1;TGM2;ITIH5;RHOB;PTH1R;GUCY1B1;PLAGL1;WLS;PLPP1
21,13,anal_pc5_c21_S1.filtered.gene_spectra_score.k_21.dt_0_01.txt,prerank,HALLMARK_HEME_METABOLISM,0.31213806051532306,0.7139215358243256,0.8548387096774194,1.0,1.0,1/55,0.40%,TNS1
21,13,anal_pc5_c21_S1.filtered.gene_spectra_score.k_21.dt_0_01.txt,prerank,HALLMARK_ANDROGEN_RESPONSE,0.3037403186183656,0.6868537959135704,0.8523489932885906,1.0,1.0,8/41,13.84%,AKAP12;GUCY1A1;ADAMTS1;PLPP1;INPP4B;PDLIM5;STEAP4;ALDH1A3
21,13,anal_pc5_c21_S1.filtered.gene_spectra_score.k_21.dt_0_01.txt,prerank,HALLMARK_IL6_JAK_STAT3_SIGNALING,0.25763157758298544,0.5883152323643029,0.9347116430903155,1.0,1.0,4/53,9.12%,A2M;ITGB3;OSMR;PDGFC
21,13,anal_pc5_c21_S1.filtered.gene_spectra_score.k_21.dt_0_01.txt,prerank,HALLMARK_TNFA_SIGNALING_VIA_NFKB,0.2438775986760639,0.5812125601760457,0.9798792756539235,1.0,1.0,14/150,14.02%,TNC;CCN1;PER1;RHOB;GEM;INHBA;F3;TUBB2A;TNFAIP6;JAG1;PDLIM5;ABCA1;SPSB1;KLF9
21,13,anal_pc5_c21_S1.filtered.gene_spectra_score.k_21.dt_0_01.txt,prerank,HALLMARK_CHOLESTEROL_HOMEOSTASIS,0.23998710720888836,0.5329300401317839,0.9438717067583047,1.0,1.0,7/35,15.18%,AVPR1A;NIBAN1;LPL;CPEB2;JAG1;CLU;ANTXR2
21,13,anal_pc5_c21_S1.filtered.gene_spectra_score.k_21.dt_0_01.txt,prerank,HALLMARK_INFLAMMATORY_RESPONSE,0.19511137146424506,0.46679916105879093,0.9979859013091642,1.0,1.0,12/141,13.52%,PCDH7;ITGB3;AXL;OSMR;NMUR1;INHBA;ITGA5;F3;CX3CL1;TNFAIP6;GABBR1;ABCA1
21,13,anal_pc5_c21_S1.filtered.gene_spectra_score.k_21.dt_0_01.txt,prerank,HALLMARK_XENOBIOTIC_METABOLISM,0.19825860263610792,0.4656578480366288,0.9875647668393782,1.0,1.0,16/80,18.04%,SLC12A4;TMEM176B;ATOH8;CFB;ENPEP;TPST1;PDLIM5;PDK4;FMO3;F10;IGFBP4;FBLN1;NDRG2;MAN1A1;PTGES;IL1R1
21,13,anal_pc5_c21_S1.filtered.gene_spectra_score.k_21.dt_0_01.txt,prerank,HALLMARK_SPERMATOGENESIS,0.1989765176347845,0.4428001117968817,0.9884526558891455,0.9940443829387634,1.0,2/36,8.90%,JAM3;SEPTIN4
21,14,anal_pc5_c21_S1.filtered.gene_spectra_score.k_21.dt_0_01.txt,prerank,HALLMARK_E2F_TARGETS,-0.6160825248720917,-2.41410328426845,0.0,0.0,0.0,36/54,21.34%,HELLS;LMNB1;EZH2;MCM4;MCM2;TFRC;CENPM;MYBL2;KIF22;CDKN2A;CDK1;POLE;LIG1;MCM6;TACC3;RRM2;PTTG1;CDKN2C;NCAPD2;TK1;HMGB2;TOP2A;CIT;KIF18B;TCF19;ANP32E;CCNB2;AURKB;SMC4;ORC6;CDKN1A;MKI67;BIRC5;SPC25;ESPL1;HMMR
21,14,anal_pc5_c21_S1.filtered.gene_spectra_score.k_21.dt_0_01.txt,prerank,HALLMARK_MTORC1_SIGNALING,-0.4445158893694365,-2.1714536719012996,0.0,0.0,0.0,35/72,28.00%,GCLC;MCM4;MCM2;CORO1A;IFI30;PHGDH;TFRC;PDK1;TXNRD1;ITGB2;XBP1;NUPR1;RRM2;BTG2;SLC2A1;IGFBP5;SLA;CXCR4;HK2;SYTL2;GLRX;FADS2;CDKN1A;SLC7A11;ERO1A;BUB1;ME1;DAPP1;HSP90B1;LDLR;VLDLR;FGL2;INSIG1;HMGCS1;NFIL3
21,14,anal_pc5_c21_S1.filtered.gene_spectra_score.k_21.dt_0_01.txt,prerank,HALLMARK_ALLOGRAFT_REJECTION,-0.38724174568231046,-2.058528350000014,0.0,0.002012440541529455,0.0011695906432748538,58/121,26.28%,ITGAL;PTPN6;IL2RG;CTSS;CD2;FLNA;CD96;ITGB2;IL16;LTB;FYB1;ZAP70;PTPRC;LCP2;CD79A;SRGN;CD4;CDKN2A;MAP4K1;CD74;HCLS1;CD3E;PRKCB;CD3D;CAPG;SPI1;ITK;CD28;SIT1;LCK;IL2RB;NCF4;IL2RA;IL12RB1;CD8A;WAS;IRF4;SOCS1;CD247;LY75;GZMA;CCL5;CCR5;CD7;GPR65;FCGR2B;IRF8;PRF1;STAT4;CCND2;CXCR3;FASLG;CD86;CD40LG;LY86;ST8SIA4;TRAT1;MMP9
21,14,anal_pc5_c21_S1.filtered.gene_spectra_score.k_21.dt_0_01.txt,prerank,HALLMARK_G2M_CHECKPOINT,-0.4560979488742978,-1.745956278196793,0.0,0.016602634467618,0.012865497076023392,42/68,24.56%,LMNB1;EZH2;MCM2;SMAD3;NUSAP1;MYBL2;KIF22;CDK1;ODC1;E2F1;POLE;CDC45;MCM6;TACC3;PTTG1;CDKN2C;NDC80;TOP2A;TROAP;KIF20B;POLQ;CCNB2;AURKB;RAD54L;SMC4;ORC6;CENPF;FBXO5;MKI67;KIF11;PRC1;TPX2;BIRC5;ESPL1;BUB1;HMMR;TTK;MAP3K20;KIF15;CDC20;INCENP;KIF23
21,14,anal_pc5_c21_S1.filtered.gene_spectra_score.k_21.dt_0_01.txt,prerank,HALLMARK_FATTY_ACID_METABOLISM,-0.40835395228350907,-1.5256317734386409,0.041666666666666664,0.07848518111964874,0.07134502923976609,21/44,22.68%,ALDH3A1;CA2;ODC1;CEL;ALDH1A1;UGDH;ENO2;MAOA;ACOX1;EPHX1;CA4;ACSS1;FASN;ACAA2;GLUL;HPGD;ACAT2;ACSL1;ME1;ACSL4;UBE2L6
21,14,anal_pc5_c21_S1.filtered.gene_spectra_score.k_21.dt_0_01.txt,prerank,HALLMARK_GLYCOLYSIS,-0.3301964320050408,-1.4830886410738597,0.0,0.08150384193194293,0.09005847953216374,26/67,21.42%,GPC1;GPC3;TGFBI;DCN;GCLC;ELF3;CDK1;B3GNT3;ENO2;DSC2;SLC16A3;CXCR4;COL5A1;HK2;CITED2;GPC4;GLRX;MXI1;ISG20;VCAN;CHPF;VEGFA;CHST2;ERO1A;HMMR;ME1
21,14,anal_pc5_c21_S1.filtered.gene_spectra_score.k_21.dt_0_01.txt,prerank,HALLMARK_ADIPOGENESIS,0.6606393005162325,1.4136223494951878,0.020768431983385256,0.6517378728246953,0.556,13/51,8.20%,FZD4;SNCG;LIFR;LAMA4;COL15A1;CAVIN2;COL4A1;ENPP2;SPARCL1;FABP4;CAVIN1;PIM3;PHLDB1
21,14,anal_pc5_c21_S1.filtered.gene_spectra_score.k_21.dt_0_01.txt,prerank,HALLMARK_UV_RESPONSE_DN,0.648491320170865,1.3909944429868288,0.012195121951219513,0.4338399165441699,0.666,28/69,16.52%,KALRN;TGFBR2;TFPI;EFEMP1;PTPRM;TJP1;CAV1;NRP1;DUSP1;NFIB;GJA1;PLPP3;TGFBR3;DAB2;ICA1;ADGRL2;SYNE1;PLCB4;MET;DLC1;PDLIM5;ITGB3;LAMC1;ID1;FHL2;SERPINE1;RBPMS;CCN1
21,14,anal_pc5_c21_S1.filtered.gene_spectra_score.k_21.dt_0_01.txt,prerank,HALLMARK_APICAL_JUNCTION,0.6179440759286305,1.3390281328145623,0.015045135406218655,0.5215989378348902,0.846,29/101,14.48%,ITGA9;SHC1;VWF;PECAM1;CLDN5;CD34;TSPAN4;MAPK11;FLNC;TJP1;CLDN11;FBN1;ADAM15;ITGB4;SIRPA;ICAM2;EPB41L2;FSCN1;ADAMTS5;SORBS3;SDC3;CX3CL1;ICAM1;NLGN2;VCAM1;THBS3;PCDH1;CERCAM;PLCG1
21,14,anal_pc5_c21_S1.filtered.gene_spectra_score.k_21.dt_0_01.txt,prerank,HALLMARK_HEDGEHOG_SIGNALING,0.7004320590664288,1.332811742752636,0.12295081967213115,0.41740955000237084,0.862,4/17,9.48%,NRP2;NRP1;CELSR1;DPYSL2
21,14,anal_pc5_c21_S1.filtered.gene_spectra_score.k_21.dt_0_01.txt,prerank,HALLMARK_COAGULATION,0.6162134002123342,1.3311239346942756,0.03441295546558704,0.34018682725591537,0.869,22/79,16.28%,CFI;VWF;PECAM1;RAPGEF3;THBD;TIMP3;CRIP2;CLU;FBN1;PRSS23;DUSP6;PDGFB;A2M;ITGB3;DPP4;SERPING1;HTRA1;SERPINC1;SPARC;CFH;SERPINE1;C3
21,14,anal_pc5_c21_S1.filtered.gene_spectra_score.k_21.dt_0_01.txt,prerank,HALLMARK_TGF_BETA_SIGNALING,0.6054679530920287,1.231179925131126,0.22706422018348624,0.7593176537531413,0.996,7/24,15.74%,ENG;SMAD1;TJP1;SMAD6;WWTR1;ID1;SERPINE1
21,14,anal_pc5_c21_S1.filtered.gene_spectra_score.k_21.dt_0_01.txt,prerank,HALLMARK_PEROXISOME,-0.3450281640026234,-1.2294937872810088,0.13953488372093023,0.265642151481888,0.30526315789473685,12/32,21.80%,ABCC5;CEL;ALDH1A1;HSD11B2;DHRS3;CAT;ACOX1;TOP2A;SEMA3C;CADM1;ACSL1;ACSL4
21,14,anal_pc5_c21_S1.filtered.gene_spectra_score.k_21.dt_0_01.txt,prerank,HALLMARK_KRAS_SIGNALING_UP,0.5572718483456368,1.2203592190029027,0.06412825651302605,0.7124296349484835,1.0,21/131,10.12%,FLT4;RELN;PECAM1;TFPI;PLVAP;ENG;GNG11;ADGRL4;IL33;ADGRA2;TSPAN7;AKAP12;PTGS2;NRP1;GUCY1A1;SPARCL1;RGS16;DUSP6;ALDH1A2;TMEM100;LY96
21,14,anal_pc5_c21_S1.filtered.gene_spectra_score.k_21.dt_0_01.txt,prerank,HALLMARK_INFLAMMATORY_RESPONSE,0.4932564315675095,1.0779364187162042,0.3163163163163163,1.0,1.0,26/141,14.82%,CALCRL;APLNR;ITGA5;SCARF1;TACR1;SPHK1;PTPRE;PDPN;OSMR;ADM;IL1R1;RGS16;VIP;GABBR1;STAB1;MET;NFKBIA;ITGB3;SELE;CX3CL1;ICAM1;CD55;AHR;SCN1B;EDN1;CSF1
21,14,anal_pc5_c21_S1.filtered.gene_spectra_score.k_21.dt_0_01.txt,prerank,HALLMARK_ANGIOGENESIS,0.5265312982580774,1.063938948152471,0.4384017758046615,1.0,1.0,4/29,9.86%,THBD;SLCO2A1;NRP1;JAG2
21,14,anal_pc5_c21_S1.filtered.gene_spectra_score.k_21.dt_0_01.txt,prerank,HALLMARK_REACTIVE_OXYGEN_SPECIES_PATHWAY,-0.3508042765402068,-1.06017503582121,0.3228346456692913,0.4912870472008782,0.560233918128655,7/19,7.90%,GCLC;LSP1;TXNRD1;FTL;MGST1;NQO1;CAT
21,14,anal_pc5_c21_S1.filtered.gene_spectra_score.k_21.dt_0_01.txt,prerank,HALLMARK_TNFA_SIGNALING_VIA_NFKB,0.47702466239524094,1.0523382572709192,0.392,1.0,1.0,41/150,21.44%,KLF2;SPHK1;PTPRE;PTX3;PLK2;PTGS2;NFAT5;FOS;DUSP1;SOCS3;CXCL2;PLPP3;FOSB;MAP3K8;NFKBIA;PDLIM5;KLF9;RHOB;EFNA1;ICAM1;RNF19B;PER1;EDN1;CSF1;DUSP5;SERPINE1;CCND1;CCN1;GADD45B;ZFP36;TNFAIP2;CCL2;SPSB1;FJX1;ZBTB10;GADD45A;MAFF;IER3;DRAM1;NFKBIE;PDE4B
21,14,anal_pc5_c21_S1.filtered.gene_spectra_score.k_21.dt_0_01.txt,prerank,HALLMARK_DNA_REPAIR,-0.34015504669465724,-1.0500592575193368,0.38405797101449274,0.4534699353579704,0.5789473684210527,8/22,26.22%,TYMS;ZWINT;LIG1;HCLS1;AK1;POLA1;POLH;AAAS
21,14,anal_pc5_c21_S1.filtered.gene_spectra_score.k_21.dt_0_01.txt,prerank,HALLMARK_SPERMATOGENESIS,0.489171962740498,1.0341176637990668,0.4673202614379085,1.0,1.0,5/36,15.34%,SHE;GPR182;PAPOLB;ACE;SEPTIN4
21,14,anal_pc5_c21_S1.filtered.gene_spectra_score.k_21.dt_0_01.txt,prerank,HALLMARK_MITOTIC_SPINDLE,0.46804316554753345,1.016116776256393,0.5258883248730964,1.0,1.0,14/77,12.06%,ARHGAP29;ARAP3;PXN;BCAR1;RAPGEF5;DOCK4;MID1;CDC42EP2;EPB41L2;SYNPO;FSCN1;PDLIM5;TRIO;SORBS2
21,14,anal_pc5_c21_S1.filtered.gene_spectra_score.k_21.dt_0_01.txt,prerank,HALLMARK_PI3K_AKT_MTOR_SIGNALING,-0.2873506246016855,-1.0010578509380332,0.44285714285714284,0.4866081229418222,0.6538011695906433,10/32,12.26%,IL2RG;PDK1;CDK1;E2F1;MAPK10;PRKCB;SLC2A1;SLA;CXCR4;LCK
21,14,anal_pc5_c21_S1.filtered.gene_spectra_score.k_21.dt_0_01.txt,prerank,HALLMARK_UNFOLDED_PROTEIN_RESPONSE,0.5030165850419605,1.0004854123706748,0.5260180995475113,1.0,1.0,1/23,0.46%,SHC1
21,14,anal_pc5_c21_S1.filtered.gene_spectra_score.k_21.dt_0_01.txt,prerank,HALLMARK_IL6_JAK_STAT3_SIGNALING,0.46640446837844546,0.9966809113434797,0.532574974146846,1.0,1.0,11/53,14.82%,IL3RA;LEPR;OSMR;SOCS3;IL1R1;CSF2RB;MAP3K8;A2M;ITGB3;CD36;CSF1
21,14,anal_pc5_c21_S1.filtered.gene_spectra_score.k_21.dt_0_01.txt,prerank,HALLMARK_HEME_METABOLISM,0.45003332754530667,0.9623793849198317,0.5928571428571429,1.0,1.0,14/55,17.94%,LMO2;ACKR1;OSBP2;DMTN;TNS1;MPP1;AGPAT4;BCAM;SEC14L1;BMP2K;C3;SLC25A37;KAT2B;DAAM1
21,14,anal_pc5_c21_S1.filtered.gene_spectra_score.k_21.dt_0_01.txt,prerank,HALLMARK_APICAL_SURFACE,0.45693177315434774,0.9266993931965143,0.6177777777777778,1.0,1.0,3/27,6.14%,EPHB4;EFNA5;SULF2
21,14,anal_pc5_c21_S1.filtered.gene_spectra_score.k_21.dt_0_01.txt,prerank,HALLMARK_ANDROGEN_RESPONSE,0.4214969083117479,0.8912419475437685,0.6691331923890064,1.0,1.0,9/41,16.42%,LIFR;AKAP12;GUCY1A1;PLPP1;PDLIM5;ABCC4;NDRG1;MAF;CCND1
21,14,anal_pc5_c21_S1.filtered.gene_spectra_score.k_21.dt_0_01.txt,prerank,HALLMARK_MYOGENESIS,0.39450419341475634,0.8654943882833007,0.7723169508525577,1.0,1.0,23/112,17.18%,APLNR;IGFBP7;COL15A1;SPHK1;CLU;COL4A2;ITGB4;CNN3;MAPK12;KIFC3;PTP4A3;SGCD;SORBS3;WWTR1;COX7A1;SPARC;CD36;SVIL;APOD;HSPB8;TEAD4;GADD45B;SMTN
21,14,anal_pc5_c21_S1.filtered.gene_spectra_score.k_21.dt_0_01.txt,prerank,HALLMARK_EPITHELIAL_MESENCHYMAL_TRANSITION,0.3794716019751484,0.8293022954474597,0.883,1.0,1.0,38/164,16.62%,TIMP3;ITGA5;FOXC2;COL4A1;PTX3;CTHRC1;IGFBP4;FBN1;VEGFC;COL4A2;NNMT;CCN2;GJA1;TGFBR3;DAB2;EFEMP2;ABI3BP;LOX;CALD1;SGCD;ITGB3;RHOB;FAP;LAMC1;NT5E;HTRA1;VCAM1;FMOD;TGM2;NID2;SPARC;LRRC15;LOXL2;ELN;SERPINE1;CDH11;CCN1;GADD45B
21,14,anal_pc5_c21_S1.filtered.gene_spectra_score.k_21.dt_0_01.txt,prerank,HALLMARK_KRAS_SIGNALING_DN,-0.20748730899529574,-0.8250363506239348,0.8461538461538461,0.7469813391877058,0.8666666666666667,27/78,27.36%,KRT15;PKP1;IGFBP2;TENT5C;SELENOP;TFCP2L1;FGFR3;HSD11B2;AKR1B10;CALML5;BTG2;SPTBN2;KCNMB1;SLC6A14;PTGFR;SPRR3;SLC6A3;CHST2;MEFV;CD40LG;MX1;KRT13;STAG3;PTPRJ;CCR8;GDNF;PDCD1
21,14,anal_pc5_c21_S1.filtered.gene_spectra_score.k_21.dt_0_01.txt,prerank,HALLMARK_INTERFERON_ALPHA_RESPONSE,0.383421204808573,0.8067061058305057,0.7946058091286307,1.0,1.0,15/50,18.92%,IFITM3;TMEM140;GBP4;IFI44;TRIM25;LAP3;CSF1;IFI44L;IFITM2;PARP14;NCOA7;TRIM5;IL7;DDX60;GBP2
21,14,anal_pc5_c21_S1.filtered.gene_spectra_score.k_21.dt_0_01.txt,prerank,HALLMARK_BILE_ACID_METABOLISM,0.38321391128317395,0.7937012146855958,0.7834394904458599,1.0,1.0,3/37,11.42%,ABCA4;SLC29A1;ABCA3
21,14,anal_pc5_c21_S1.filtered.gene_spectra_score.k_21.dt_0_01.txt,prerank,HALLMARK_APOPTOSIS,0.3636171996406044,0.7882294849219502,0.8617558022199798,1.0,1.0,19/79,20.82%,TIMP3;CAV1;CLU;HGF;IFITM3;CDC25B;TGFBR3;RARA;RHOB;EMP1;CCND1;GADD45B;NEDD9;GADD45A;GPX3;TIMP1;TIMP2;IER3;DPYD
21,14,anal_pc5_c21_S1.filtered.gene_spectra_score.k_21.dt_0_01.txt,prerank,HALLMARK_IL2_STAT5_SIGNALING,0.35686741639351516,0.7749010488875502,0.8978978978978979,1.0,1.0,29/127,19.76%,SHE;IL3RA;SELP;NRP1;RGS16;IFITM3;ITGA6;PLPP1;MAP3K8;GBP4;SPRY4;RHOB;PRKCH;NT5E;AHR;SWAP70;SERPINC1;BATF3;TGM2;CSF1;NDRG1;SNX9;EMP1;GADD45B;ITIH5;ADAM19;S100A1;WLS;MAFF
21,14,anal_pc5_c21_S1.filtered.gene_spectra_score.k_21.dt_0_01.txt,prerank,HALLMARK_UV_RESPONSE_UP,0.3489630636770733,0.7594128377449896,0.8575819672131147,1.0,1.0,9/66,12.70%,HYAL2;FOS;DLG4;OLFM1;CXCL2;FOSB;NFKBIA;RHOB;ICAM1
21,14,anal_pc5_c21_S1.filtered.gene_spectra_score.k_21.dt_0_01.txt,prerank,HALLMARK_XENOBIOTIC_METABOLISM,0.34113098748770404,0.7426677053570572,0.8877654196157735,1.0,1.0,15/80,15.74%,BCAR1;IGFBP4;IL1R1;ATOH8;SLC12A4;UPP1;PDLIM5;PDK4;BCAT1;GCNT2;TPST1;EPHA2;CD36;CYB5A;SERPINE1
21,14,anal_pc5_c21_S1.filtered.gene_spectra_score.k_21.dt_0_01.txt,prerank,HALLMARK_P53_PATHWAY,0.3393676495022527,0.7389529814050674,0.9017051153460381,1.0,1.0,16/89,15.50%,TM4SF1;SPHK1;PTPRE;PLK2;ZBTB16;ITGB4;FOS;RGS16;JAG2;INHBB;UPP1;RNF19B;TSPYL2;EPHA2;NDRG1;PITPNC1
21,14,anal_pc5_c21_S1.filtered.gene_spectra_score.k_21.dt_0_01.txt,prerank,HALLMARK_COMPLEMENT,0.33420267838655665,0.7297528476030365,0.9419419419419419,1.0,1.0,32/122,23.40%,DOCK9;CLU;DOCK4;COL4A2;CASP10;DUSP6;PDGFB;LTF;DPP4;SERPING1;LAP3;SH2B3;CD55;SERPINC1;PRCP;CD36;DUSP5;CFH;SERPINE1;C3;ZEB1;CTSH;TIMP1;MAFF;CTSL;TIMP2;CDH13;FN1;CFB;CPQ;PDP1;CP
21,14,anal_pc5_c21_S1.filtered.gene_spectra_score.k_21.dt_0_01.txt,prerank,HALLMARK_INTERFERON_GAMMA_RESPONSE,0.3361832497789349,0.7279152791061704,0.9428857715430862,1.0,1.0,26/111,19.86%,SELP;PTGS2;NOD1;SOCS3;IFITM3;CSF2RB;NFKBIA;GBP4;UPP1;IFI44;SERPING1;TRIM25;ICAM1;LAP3;VCAM1;PELI1;CFH;IFI44L;IFITM2;PARP14;IL7;DDX60;TNFAIP2;CCL2;IL18BP;XAF1
21,14,anal_pc5_c21_S1.filtered.gene_spectra_score.k_21.dt_0_01.txt,prerank,HALLMARK_ESTROGEN_RESPONSE_EARLY,0.32744545528494046,0.715313970778307,0.9459459459459459,1.0,1.0,31/118,20.90%,PODXL;IGFBP4;FOS;OLFM1;PRSS23;CELSR1;GJA1;FOXC1;RARA;DLC1;INHBB;SCARB1;ABCA3;PLAAT3;SH3BP5;FHL2;TGM2;SVIL;HSPB8;CCND1;SEC14L2;MPPED2;GREB1;UGCG;FARP1;DHRS2;NPY1R;THSD4;PDLIM3;GFRA1;KCNK5
21,14,anal_pc5_c21_S1.filtered.gene_spectra_score.k_21.dt_0_01.txt,prerank,HALLMARK_HYPOXIA,0.31110429334645207,0.6775492494324877,0.9629629629629629,1.0,1.0,31/111,23.40%,CAV1;AKAP12;FOS;ADM;DUSP1;CAVIN1;CCN2;PDGFB;LOX;ETS1;SCARB1;SDC3;EFNA1;GCNT2;TGM2;NDRG1;SERPINE1;PGF;CCN1;CAVIN3;ZFP36;MAFF;IER3;ANGPTL4;HS3ST1;PPP1R3C;TGFB3;BGN;PPP1R15A;PAM;CP
21,14,anal_pc5_c21_S1.filtered.gene_spectra_score.k_21.dt_0_01.txt,prerank,HALLMARK_WNT_BETA_CATENIN_SIGNALING,0.348854286609237,0.6755775554210497,0.8232323232323232,0.9750703240796684,1.0,4/15,17.84%,JAG2;CSNK1E;DLL1;FRAT1
21,14,anal_pc5_c21_S1.filtered.gene_spectra_score.k_21.dt_0_01.txt,prerank,HALLMARK_ESTROGEN_RESPONSE_LATE,0.22556159691301306,0.49077292155340474,0.9949899799599199,1.0,1.0,21/106,20.90%,CAV1;IGFBP4;FOS;OLFM1;PRSS23;FOXC1;SLC29A1;LTF;SCARB1;ABCA3;FABP5;PLAAT3;HSPB8;CCND1;ZFP36;FARP1;DHRS2;NPY1R;PDLIM3;SERPINA3;KCNK5
21,14,anal_pc5_c21_S1.filtered.gene_spectra_score.k_21.dt_0_01.txt,prerank,HALLMARK_CHOLESTEROL_HOMEOSTASIS,0.18009312718619325,0.374158772984479,1.0,0.9986960026554128,1.0,1/35,3.88%,CLU
21,15,anal_pc5_c21_S1.filtered.gene_spectra_score.k_21.dt_0_01.txt,prerank,HALLMARK_E2F_TARGETS,-0.5403379139885902,-2.175310918043455,0.0,0.0,0.0,41/54,35.62%,TFRC;HELLS;EZH2;CDK1;MCM4;TOP2A;MCM2;LMNB1;SPAG5;CDKN1A;POLE;MKI67;CDC20;CENPM;MYC;HMGB2;CDKN2A;PTTG1;CKS2;BIRC5;MCM6;SMC4;PRDX4;TCF19;TACC3;CDKN2C;CIT;TK1;LIG1;KIF22;ESPL1;RRM2;CDCA3;NCAPD2;KIF2C;DLGAP5;PLK1;KIF4A;ANP32E;KIF18B;HMMR
21,15,anal_pc5_c21_S1.filtered.gene_spectra_score.k_21.dt_0_01.txt,prerank,HALLMARK_G2M_CHECKPOINT,-0.47872654013381516,-2.0988863715661608,0.0,0.0012052341597796144,0.0010570824524312897,48/68,36.66%,EFNA5;MEIS1;EZH2;CDK1;SLC7A5;TOP2A;MCM2;LMNB1;TPX2;INCENP;POLE;MKI67;CDC20;MYC;SLC12A2;PTTG1;KIF11;CKS2;SMAD3;BIRC5;NUSAP1;MCM6;SMC4;MT2A;KIF23;TACC3;CDKN2C;NEK2;ODC1;FBXO5;KIF22;CENPF;ATF5;ESPL1;PRC1;NDC80;CCNF;KIF2C;SLC7A1;TTK;KIF20B;PLK1;KIF4A;SNRPD1;FANCC;UBE2C;HMMR;TROAP
21,15,anal_pc5_c21_S1.filtered.gene_spectra_score.k_21.dt_0_01.txt,prerank,HALLMARK_COAGULATION,0.7428723208492938,1.6018727455316988,0.0,0.06302316527155927,0.067,20/79,8.00%,VWF;PECAM1;CRIP2;THBD;CLU;TIMP3;RAPGEF3;SPARC;PDGFB;SERPINE1;A2M;CFI;FBN1;PRSS23;THBS1;HTRA1;ITGB3;GSN;FN1;CFH
21,15,anal_pc5_c21_S1.filtered.gene_spectra_score.k_21.dt_0_01.txt,prerank,HALLMARK_TGF_BETA_SIGNALING,0.7551843065507016,1.5238886660637296,0.03294117647058824,0.14180212186100838,0.269,8/24,9.20%,ENG;ID1;SMAD6;SERPINE1;ID3;THBS1;TJP1;SMAD7
21,15,anal_pc5_c21_S1.filtered.gene_spectra_score.k_21.dt_0_01.txt,prerank,HALLMARK_APICAL_JUNCTION,0.690593657120347,1.4963115418313897,0.0020242914979757085,0.15065537603010837,0.391,17/101,7.72%,CLDN5;VWF;PECAM1;CD34;ADAM15;PCDH1;ICAM1;PIK3R3;ICAM2;MAPK11;JAM3;FBN1;MPZL2;ITGB4;CERCAM;CX3CL1;TJP1
21,15,anal_pc5_c21_S1.filtered.gene_spectra_score.k_21.dt_0_01.txt,prerank,HALLMARK_ANGIOGENESIS,0.7397591473104095,1.475837529937267,0.02937720329024677,0.1463037765232626,0.478,9/29,10.84%,SLCO2A1;THBD;JAG2;NRP1;JAG1;STC1;FSTL1;MSX1;TIMP1
21,15,anal_pc5_c21_S1.filtered.gene_spectra_score.k_21.dt_0_01.txt,prerank,HALLMARK_KRAS_SIGNALING_UP,0.6414145478057507,1.3954440886251627,0.006,0.30755304652520926,0.797,26/131,10.40%,PLVAP;ENG;PECAM1;TMEM100;ADGRL4;SPARCL1;IL33;ACE;GNG11;NRP1;CPE;IGFBP3;EMP1;ALDH1A2;TSPAN7;MPZL2;INHBA;CMKLR1;EPB41L3;ADGRA2;CFH;MALL;ABCB1;TRIB2;SNAP25;GUCY1A1
21,15,anal_pc5_c21_S1.filtered.gene_spectra_score.k_21.dt_0_01.txt,prerank,HALLMARK_MYOGENESIS,0.6230753821466916,1.3512390105453322,0.030181086519114688,0.4116012912854454,0.912,20/112,7.76%,GJA5;APLNR;CLU;IGFBP7;COL15A1;SPARC;PTP4A3;IGFBP3;MAPK12;COL4A2;ITGB4;COX7A1;CD36;CNN3;TEAD4;GSN;KIFC3;PTGIS;PPP1R3C;PDLIM7
21,15,anal_pc5_c21_S1.filtered.gene_spectra_score.k_21.dt_0_01.txt,prerank,HALLMARK_ADIPOGENESIS,0.6255789557406424,1.3337435705445015,0.09375,0.41929697711282293,0.95,19/51,16.22%,ENPP2;SPARCL1;COL15A1;LIFR;COL4A1;CAVIN1;FZD4;CD36;PHLDB1;SNCG;SCARB1;PIM3;CAVIN2;MYLK;LTC4S;LIPE;ANGPTL4;LPL;HSPB8
21,15,anal_pc5_c21_S1.filtered.gene_spectra_score.k_21.dt_0_01.txt,prerank,HALLMARK_WNT_BETA_CATENIN_SIGNALING,0.684267202601394,1.2930286615460955,0.21203830369357046,0.5172401206930115,0.986,5/15,11.16%,JAG2;JAG1;HEY1;DLL1;LEF1
21,15,anal_pc5_c21_S1.filtered.gene_spectra_score.k_21.dt_0_01.txt,prerank,HALLMARK_UV_RESPONSE_DN,0.5809941951499521,1.260431151980463,0.1568627450980392,0.5977197023770899,0.996,20/69,11.70%,CAV1;ID1;TGFBR2;NRP1;PIK3R3;SERPINE1;PTPRM;PLPP3;MET;FBLN5;ITGB3;LAMC1;TJP1;DUSP1;SMAD7;DLC1;PLCB4;NFIB;ADGRL2;LDLR
21,15,anal_pc5_c21_S1.filtered.gene_spectra_score.k_21.dt_0_01.txt,prerank,HALLMARK_EPITHELIAL_MESENCHYMAL_TRANSITION,0.5747110002775319,1.2471806602865645,0.05115346038114343,0.5928679190188826,0.997,45/164,14.16%,VEGFC;ITGA5;MGP;IGFBP4;CCN2;FBLN2;RHOB;TIMP3;SPARC;COL4A1;ELN;SERPINE1;IGFBP3;COL4A2;NNMT;CXCL12;FBN1;FAP;BGN;INHBA;THBS1;HTRA1;SERPINH1;FBLN5;ITGB3;SERPINE2;LAMC1;FSTL1;FN1;CALD1;LOXL2;MSX1;MMP2;FGF2;ECM2;TIMP1;EMP3;BMP1;PDLIM4;THY1;PVR;CDH6;MYLK;PMEPA1;PTHLH
21,15,anal_pc5_c21_S1.filtered.gene_spectra_score.k_21.dt_0_01.txt,prerank,HALLMARK_INFLAMMATORY_RESPONSE,0.5685800446004803,1.2315561974471272,0.09227683049147442,0.6020758490098571,0.999,31/141,13.38%,APLNR;CALCRL;ITGA5;ICAM1;TACR1;SERPINE1;EDN1;PTAFR;SCARF1;MET;INHBA;SELE;CMKLR1;IL1R1;AHR;ITGB3;CX3CL1;CD55;VIP;OSMR;GABBR1;TIMP1;EMP3;NFKBIA;SCN1B;LDLR;FPR1;SPHK1;CSF3R;PVR;HBEGF
21,15,anal_pc5_c21_S1.filtered.gene_spectra_score.k_21.dt_0_01.txt,prerank,HALLMARK_HEDGEHOG_SIGNALING,0.6317397604468253,1.2160928539143288,0.2817824377457405,0.6116248134449419,1.0,4/17,6.54%,NRP1;L1CAM;DPYSL2;HEY1
21,15,anal_pc5_c21_S1.filtered.gene_spectra_score.k_21.dt_0_01.txt,prerank,HALLMARK_INTERFERON_ALPHA_RESPONSE,0.5708131169713073,1.2093097616524768,0.23422459893048128,0.5903400667854629,1.0,20/50,18.50%,IFITM3;IFITM2;IFI44L;IFI27;IFI44;GMPR;HELZ2;IFIT2;GBP4;TRIM25;LAP3;CMPK2;NCOA7;MX1;RSAD2;SAMD9L;CD74;PARP14;DDX60;IFIT3
21,15,anal_pc5_c21_S1.filtered.gene_spectra_score.k_21.dt_0_01.txt,prerank,HALLMARK_APOPTOSIS,0.5302636131735146,1.1365809422470046,0.2945973496432212,0.8220021413276232,1.0,13/79,11.16%,CLU;CAV1;RHOB;TIMP3;EMP1;IFITM3;BGN;GSN;RARA;SMAD7;MMP2;TIMP1;LEF1
21,15,anal_pc5_c21_S1.filtered.gene_spectra_score.k_21.dt_0_01.txt,prerank,HALLMARK_PEROXISOME,-0.3282836176733947,-1.1357770003877483,0.2601626016260163,0.621900826446281,0.5676532769556025,18/32,35.50%,HSD11B2;ABCC5;TOP2A;ECI2;DHRS3;SOD2;FDPS;NR1I2;SEMA3C;ACSL5;ALDH1A1;CRABP2;SLC27A2;SULT2B1;ACSL1;STS;CEL;ACOX1
21,15,anal_pc5_c21_S1.filtered.gene_spectra_score.k_21.dt_0_01.txt,prerank,HALLMARK_SPERMATOGENESIS,0.5480619007362545,1.1222564527397523,0.36323366555924697,0.8262637077412237,1.0,3/36,3.68%,SHE;ACE;JAM3
21,15,anal_pc5_c21_S1.filtered.gene_spectra_score.k_21.dt_0_01.txt,prerank,HALLMARK_UV_RESPONSE_UP,0.5249099416803774,1.1205771613784088,0.3323013415892673,0.7814309786840569,1.0,11/66,13.02%,HYAL2;FGF18;RHOB;ICAM1;DLG4;OLFM1;MSX1;ABCB1;NFKBIA;FURIN;CCND3
21,15,anal_pc5_c21_S1.filtered.gene_spectra_score.k_21.dt_0_01.txt,prerank,HALLMARK_MTORC1_SIGNALING,-0.25967342574938335,-1.1122841341035223,0.21739130434782608,0.5134297520661157,0.6014799154334038,41/72,30.24%,TFRC;SLC2A1;GCLC;CORO1A;TXNRD1;CXCR4;SYTL2;NUPR1;SLC7A11;SLC7A5;ME1;ERO1A;MCM4;BTG2;MCM2;CTSC;IGFBP5;CDKN1A;LGMN;TUBA4A;XBP1;NIBAN1;ITGB2;FADS2;HMGCS1;PHGDH;SDF2L1;EGLN3;MAP2K3;SLA;DDIT3;SLC1A4;HK2;PSAT1;TM7SF2;GLRX;IFI30;RRM2;DAPP1;P4HA1;CCNF
21,15,anal_pc5_c21_S1.filtered.gene_spectra_score.k_21.dt_0_01.txt,prerank,HALLMARK_IL6_JAK_STAT3_SIGNALING,0.5222004154183469,1.1047233155062808,0.3850267379679144,0.7880014084668323,1.0,9/53,10.76%,IL3RA;LEPR;A2M;CD36;CSF2RB;IL1R1;ITGB3;OSMR;SOCS3
21,15,anal_pc5_c21_S1.filtered.gene_spectra_score.k_21.dt_0_01.txt,prerank,HALLMARK_INTERFERON_GAMMA_RESPONSE,0.4832713990459372,1.0564917863014254,0.45326633165829144,0.9080837821469513,1.0,40/111,18.60%,SELP;ICAM1;IFITM3;IFITM2;CMKLR1;IFI44L;CSF2RB;XAF1;IFI27;IFI44;UPP1;CFH;HELZ2;IFIT2;GBP4;SOCS3;IFIT1;NFKBIA;TRIM25;FPR1;LAP3;CMPK2;SERPING1;PNP;IDO1;IL18BP;MX1;RSAD2;SAMD9L;ST8SIA4;CD40;CD74;CIITA;MX2;NOD1;PFKP;PARP14;DDX60;IFIT3;CFB
21,15,anal_pc5_c21_S1.filtered.gene_spectra_score.k_21.dt_0_01.txt,prerank,HALLMARK_BILE_ACID_METABOLISM,-0.29126229606249193,-1.0453787181164662,0.330188679245283,0.5312672176308539,0.7019027484143763,18/37,28.66%,ABCA4;ABCA8;ABCA1;TFCP2L1;ABCA6;HSD17B6;NR3C2;RBP1;LCK;FADS2;NR1I2;ACSL5;ABCA9;ALDH1A1;SULT1B1;SLC27A2;SULT2B1;ACSL1
21,15,anal_pc5_c21_S1.filtered.gene_spectra_score.k_21.dt_0_01.txt,prerank,HALLMARK_REACTIVE_OXYGEN_SPECIES_PATHWAY,-0.3418434952018678,-1.006196110552487,0.4380952380952381,0.5226698806244261,0.7610993657505285,13/19,31.00%,MGST1;GCLC;LSP1;TXNRD1;FTL;SOD2;PRDX4;MBP;SCAF4;MPO;GLRX;IPCEF1;NQO1
21,15,anal_pc5_c21_S1.filtered.gene_spectra_score.k_21.dt_0_01.txt,prerank,HALLMARK_IL2_STAT5_SIGNALING,0.4618999861957475,0.9972757296296603,0.5412474849094567,1.0,1.0,24/127,15.08%,SELP;SHE;IL3RA;RHOB;NRP1;EMP1;IFITM3;PLPP1;AHR;ITGA6;SWAP70;ABCB1;GBP4;SYT11;SPRY4;NDRG1;SLC2A3;FURIN;CCND3;TNFRSF8;PNP;SNX9;MAP3K8;PRKCH
21,15,anal_pc5_c21_S1.filtered.gene_spectra_score.k_21.dt_0_01.txt,prerank,HALLMARK_MITOTIC_SPINDLE,0.44475383013289943,0.9617909048380612,0.5910478128179044,1.0,1.0,11/77,9.86%,SYNPO;RAPGEF5;ARAP3;SORBS2;DOCK4;GSN;CDC42EP2;PXN;ARHGEF2;ARHGAP29;FLNB
21,15,anal_pc5_c21_S1.filtered.gene_spectra_score.k_21.dt_0_01.txt,prerank,HALLMARK_CHOLESTEROL_HOMEOSTASIS,0.46262438183446786,0.9570276533930485,0.5734966592427617,1.0,1.0,2/35,3.36%,CLU;JAG1
21,15,anal_pc5_c21_S1.filtered.gene_spectra_score.k_21.dt_0_01.txt,prerank,HALLMARK_HEME_METABOLISM,0.4369856773393366,0.93824851378725,0.6153039832285115,1.0,1.0,6/55,8.36%,ACKR1;BCAM;LMO2;SEC14L1;HBB;HBD
21,15,anal_pc5_c21_S1.filtered.gene_spectra_score.k_21.dt_0_01.txt,prerank,HALLMARK_TNFA_SIGNALING_VIA_NFKB,0.4237215054170498,0.918456715601635,0.6743718592964824,1.0,1.0,28/150,15.38%,KLF2;RHOB;ICAM1;SERPINE1;EDN1;JAG1;PLPP3;PLK2;INHBA;IER5;DUSP1;KLF9;EFNA1;IFIT2;SOCS3;NFKBIA;LDLR;SPHK1;KLF4;SLC2A3;HBEGF;PPP1R15A;PMEPA1;DRAM1;DUSP5;MAP3K8;TSC22D1;PDLIM5
21,15,anal_pc5_c21_S1.filtered.gene_spectra_score.k_21.dt_0_01.txt,prerank,HALLMARK_ANDROGEN_RESPONSE,0.43590843858393374,0.9084723240985436,0.6527472527472528,1.0,1.0,12/41,15.38%,LIFR;ADAMTS1;ABCC4;PLPP1;STEAP4;GUCY1A1;NDRG1;MERTK;CCND3;PMEPA1;TSC22D1;PDLIM5
21,15,anal_pc5_c21_S1.filtered.gene_spectra_score.k_21.dt_0_01.txt,prerank,HALLMARK_HYPOXIA,0.41292497449793725,0.8856800195534692,0.7269076305220884,1.0,1.0,17/111,13.64%,CAV1;CCN2;PDGFB;CAVIN1;SERPINE1;IGFBP3;STC1;BGN;CAVIN3;PPP1R3C;DUSP1;EFNA1;NDRG1;DDIT4;SLC2A3;SCARB1;PPP1R15A
21,15,anal_pc5_c21_S1.filtered.gene_spectra_score.k_21.dt_0_01.txt,prerank,HALLMARK_UNFOLDED_PROTEIN_RESPONSE,-0.28217208006727285,-0.8706856684254498,0.6302083333333334,0.6749311294765841,0.8974630021141649,15/23,39.72%,CCL2;TSPYL2;SLC7A5;ERO1A;NABP1;HERPUD1;XBP1;SLC1A4;PSAT1;ERN1;DNAJA4;DNAJB9;HSP90B1;CHAC1;CEBPB
21,15,anal_pc5_c21_S1.filtered.gene_spectra_score.k_21.dt_0_01.txt,prerank,HALLMARK_APICAL_SURFACE,0.42735568036427013,0.8486050940393106,0.6721504112808461,1.0,1.0,5/27,13.06%,EPHB4;AFAP1L2;CX3CL1;THY1;SULF2
21,15,anal_pc5_c21_S1.filtered.gene_spectra_score.k_21.dt_0_01.txt,prerank,HALLMARK_KRAS_SIGNALING_DN,0.3834384390474659,0.8303368773256823,0.7633744855967078,1.0,1.0,17/78,19.54%,SYNPO;EDN1;IFI44L;RGS11;ABCG4;CLSTN3;SLC6A3;SNCB;MX1;RSAD2;SOX10;ZBTB16;PNMT;SGK1;PTPRJ;CD207;RYR2
21,15,anal_pc5_c21_S1.filtered.gene_spectra_score.k_21.dt_0_01.txt,prerank,HALLMARK_COMPLEMENT,0.37818144535685116,0.8289814345946844,0.7971887550200804,0.9968271156038822,1.0,24/122,16.82%,CLU;PDGFB;SERPINE1;COL4A2;DOCK4;CD36;PRCP;ZEB1;CD55;FN1;CFH;CASP10;SH2B3;TIMP1;DOCK9;LAP3;SERPING1;LIPA;DUSP5;LTF;STX4;GCA;FYN;SERPINC1
21,15,anal_pc5_c21_S1.filtered.gene_spectra_score.k_21.dt_0_01.txt,prerank,HALLMARK_ESTROGEN_RESPONSE_EARLY,0.370183834922955,0.8098829424996489,0.8148893360160966,0.9881287213119156,1.0,14/118,9.86%,PODXL;IGFBP4;CXCL12;PRSS23;KLK10;MPPED2;SH3BP5;RARA;MAST4;ABCA3;FOXC1;OLFM1;DLC1;FLNB
21,15,anal_pc5_c21_S1.filtered.gene_spectra_score.k_21.dt_0_01.txt,prerank,HALLMARK_XENOBIOTIC_METABOLISM,0.36215566076109706,0.7882419914192362,0.8096212896622313,0.9822010252417105,1.0,7/80,7.34%,IGFBP4;SERPINE1;ATOH8;CD36;BCAT1;IL1R1;UPP1
21,15,anal_pc5_c21_S1.filtered.gene_spectra_score.k_21.dt_0_01.txt,prerank,HALLMARK_ESTROGEN_RESPONSE_LATE,0.3621162510382045,0.7834769224492135,0.8439716312056738,0.956006235596275,1.0,10/106,8.34%,IGFBP4;CAV1;CPE;CXCL12;PRSS23;SLC29A1;KLK10;ABCA3;FOXC1;OLFM1
21,15,anal_pc5_c21_S1.filtered.gene_spectra_score.k_21.dt_0_01.txt,prerank,HALLMARK_P53_PATHWAY,0.3480474346185312,0.7530974678074793,0.8577194752774975,0.9575300820031146,1.0,18/89,15.36%,JAG2;TM4SF1;PLK2;ITGB4;PITPNC1;IER5;UPP1;TCN2;NDRG1;SPHK1;KLF4;DDIT4;CCND3;HBEGF;PPP1R15A;DRAM1;TSC22D1;INHBB
21,15,anal_pc5_c21_S1.filtered.gene_spectra_score.k_21.dt_0_01.txt,prerank,HALLMARK_PI3K_AKT_MTOR_SIGNALING,0.3498845048304088,0.7139030764679395,0.8094170403587444,0.9630539874115891,1.0,4/32,10.14%,PIK3R3;PLCB1;ITPR2;GNA14
21,15,anal_pc5_c21_S1.filtered.gene_spectra_score.k_21.dt_0_01.txt,prerank,HALLMARK_DNA_REPAIR,0.35416490985706434,0.7054814680049015,0.803680981595092,0.9410841473050189,1.0,4/22,13.80%,BCAM;NPR2;CMPK2;PNP
21,15,anal_pc5_c21_S1.filtered.gene_spectra_score.k_21.dt_0_01.txt,prerank,HALLMARK_FATTY_ACID_METABOLISM,0.2792943683074264,0.5849487248815975,0.9142236699239956,0.9914958702967268,1.0,6/44,15.10%,PTPRG;CD36;INMT;AQP7;TP53INP2;LTC4S
21,15,anal_pc5_c21_S1.filtered.gene_spectra_score.k_21.dt_0_01.txt,prerank,HALLMARK_GLYCOLYSIS,0.22576597594283992,0.47968947038066434,0.978125,1.0,1.0,3/67,5.08%,IGFBP3;MET;STC1
21,15,anal_pc5_c21_S1.filtered.gene_spectra_score.k_21.dt_0_01.txt,prerank,HALLMARK_ALLOGRAFT_REJECTION,0.17812676585868675,0.3845228824399564,0.9969818913480886,0.9963986762701966,1.0,16/121,16.92%,ICAM1;FGR;INHBA;BCAT1;SRGN;TIMP1;SOCS5;THY1;CCND3;CFP;INHBB;STAB1;ST8SIA4;CD40;HDAC9;CD74
21,16,anal_pc5_c21_S1.filtered.gene_spectra_score.k_21.dt_0_01.txt,prerank,HALLMARK_UNFOLDED_PROTEIN_RESPONSE,0.5138833282675986,1.8552838640397584,0.0,0.02915717539863326,0.008,8/23,4.16%,XBP1;HSP90B1;HERPUD1;DNAJB9;SLC7A5;DDIT4;HSPA5;SLC1A4
21,16,anal_pc5_c21_S1.filtered.gene_spectra_score.k_21.dt_0_01.txt,prerank,HALLMARK_MITOTIC_SPINDLE,-0.471039712229338,-1.4942021139480204,0.0030737704918032786,0.24542518837459637,0.239,38/77,29.62%,ARHGAP4;TRIO;ARHGAP27;CEP250;ARHGEF2;KNTC1;FGD4;KIF22;ARHGAP10;DST;CEP72;BIN1;EPB41;RAPGEF5;BCAR1;WASL;SMC4;RAPGEF6;CNTRL;ECT2;PDLIM5;MID1;KIF23;KIF20B;ESPL1;DOCK4;NEDD9;ITSN1;EPB41L2;TPX2;FLNB;PXN;DOCK2;ARAP3;CCNB2;CCDC88A;PIF1;PREX1
21,16,anal_pc5_c21_S1.filtered.gene_spectra_score.k_21.dt_0_01.txt,prerank,HALLMARK_BILE_ACID_METABOLISM,-0.4895480009712972,-1.4372399565744545,0.026652452025586353,0.26480086114101187,0.454,19/37,27.16%,NR3C2;PFKM;ACSL5;ABCA1;TFCP2L1;HSD17B11;ABCA2;SULT1B1;ABCA8;ABCA6;BMP6;SLC29A1;ABCA9;CH25H;CYP27A1;NR1I2;CYP7B1;GNMT;ABCD1
21,16,anal_pc5_c21_S1.filtered.gene_spectra_score.k_21.dt_0_01.txt,prerank,HALLMARK_WNT_BETA_CATENIN_SIGNALING,-0.5475415473904748,-1.3635415828596216,0.09456264775413711,0.4144958736993183,0.76,10/15,38.10%,JAG1;CSNK1E;MYC;TCF7;JAG2;PPARD;DLL1;CCND2;RBPJ;LEF1
21,16,anal_pc5_c21_S1.filtered.gene_spectra_score.k_21.dt_0_01.txt,prerank,HALLMARK_UV_RESPONSE_DN,-0.42922579700501606,-1.3435109092623208,0.03854166666666667,0.38902045209903124,0.826,37/69,36.00%,SMAD3;DUSP1;CELF2;KCNMA1;PLCB4;DAB2;ADGRL2;MYC;NFIB;RUNX1;ERBB2;ID1;ICA1;TJP1;PDLIM5;RBPMS;PRKCE;PPARG;PLPP3;INPP4B;LDLR;PIK3CD;FYN;KALRN;LPAR1;COL5A2;NRP1;SYNE1;CITED2;ITGB3;VAV2;MET;SMAD7;CCN1;PTPRM;PTGFR;RND3
21,16,anal_pc5_c21_S1.filtered.gene_spectra_score.k_21.dt_0_01.txt,prerank,HALLMARK_MTORC1_SIGNALING,0.2846479960419334,1.2863728144135151,0.0,0.42277904328018223,0.208,14/72,6.90%,XBP1;HSP90B1;SLC7A5;IGFBP5;SDF2L1;DDIT4;IFI30;STC1;HSPA5;PHGDH;SLC1A4;BTG2;BCAT1;MCM2
21,16,anal_pc5_c21_S1.filtered.gene_spectra_score.k_21.dt_0_01.txt,prerank,HALLMARK_CHOLESTEROL_HOMEOSTASIS,-0.444231238793726,-1.2797426430093322,0.12242686890574214,0.5883315392895586,0.967,16/35,36.74%,JAG1;ABCA2;HMGCS1;STARD4;FDPS;PPARG;CPEB2;LDLR;MVD;HMGCR;SCD;ANTXR2;TM7SF2;LGALS3;FASN;MVK
21,16,anal_pc5_c21_S1.filtered.gene_spectra_score.k_21.dt_0_01.txt,prerank,HALLMARK_P53_PATHWAY,-0.39522886535609564,-1.271052557793642,0.08154943934760449,0.5357732328668819,0.978,39/89,31.62%,FOS;ABCC5;AK1;EPS8L2;SAT1;DGKA;KIF13B;SLC7A11;TSPYL2;DDIT3;MDM2;TRAF4;FAS;PITPNC1;ZBTB16;DEF6;POLH;PPP1R15A;HDAC3;ITGB4;CYFIP2;TOB1;EPHA2;BMP2;SERPINB5;JAG2;RNF19B;KLF4;PTPRE;UPP1;MAPKAPK3;CCND2;CDH13;CCND3;PLK3;SPHK1;SESN1;SLC19A2;DRAM1
21,16,anal_pc5_c21_S1.filtered.gene_spectra_score.k_21.dt_0_01.txt,prerank,HALLMARK_TGF_BETA_SIGNALING,-0.46321892367671014,-1.2470604923438484,0.17600896860986548,0.56786098723666,0.989,13/24,38.52%,SMAD3;SLC20A1;ID1;PPP1R15A;TJP1;SMAD6;ID2;BMP2;TGIF1;THBS1;SMAD7;TGFBR1;CDH1
21,16,anal_pc5_c21_S1.filtered.gene_spectra_score.k_21.dt_0_01.txt,prerank,HALLMARK_ALLOGRAFT_REJECTION,0.24631118443720856,1.207266489955179,0.0,0.43735763097949887,0.309,19/121,8.36%,CD79A;SRGN;CD74;IRF4;IL2RG;HCLS1;CCL22;TIMP1;CD4;IL2RA;BCAT1;IL12RB1;CAPG;EREG;MMP9;IL1B;IGSF6;ETS1;INHBB
21,16,anal_pc5_c21_S1.filtered.gene_spectra_score.k_21.dt_0_01.txt,prerank,HALLMARK_G2M_CHECKPOINT,-0.3798998783117142,-1.1849445868986266,0.2,0.810010764262648,1.0,38/68,41.90%,SMAD3;POLE;KIF22;SLC12A2;MEIS1;EZH2;TROAP;MYC;SMC4;FANCC;KIF23;KIF20B;ESPL1;E2F1;CDC25B;TPX2;CDC45;CCNB2;TACC3;MEIS2;RAD54L;POLQ;AURKB;KPNA2;CCNF;KIF4A;MAP3K20;UBE2C;PRC1;KIF2C;KIF15;CKS2;CENPE;TTK;CCND1;ORC6;MCM6;NDC80
21,16,anal_pc5_c21_S1.filtered.gene_spectra_score.k_21.dt_0_01.txt,prerank,HALLMARK_ESTROGEN_RESPONSE_EARLY,-0.3528001960680954,-1.1614633476091445,0.17860746720484358,0.8519555077143882,1.0,38/118,24.62%,FOS;AKAP1;ESRP2;SVIL;JAK2;CLDN7;CA12;RAPGEFL1;MLPH;MUC1;RRP12;RHOBTB3;OVOL2;NAV2;ELF3;MYC;KLK10;TJP3;BCL2;MYB;KAZN;UGCG;WWC1;P2RY2;CELSR1;HR;TTC39A;THSD4;MAST4;TOB1;SLC16A1;CXCL12;SCNN1A;SLC26A2;KLF4;IL17RB;PPIF;FLNB
21,16,anal_pc5_c21_S1.filtered.gene_spectra_score.k_21.dt_0_01.txt,prerank,HALLMARK_XENOBIOTIC_METABOLISM,-0.36055165456338245,-1.152002941748149,0.20594262295081966,0.8192895586652313,1.0,28/80,27.40%,ABCC3;GCLC;TPST1;SLC6A6;FAS;SLC12A4;AKR1C2;BCAR1;CES1;PTGR1;CFB;PDLIM5;NDRG2;MAOA;CYFIP2;KYNU;EPHA2;ID2;LPIN2;CYP2C18;PPARD;FBLN1;UPP1;CYP27A1;AKR1C3;AOX1;GNMT;CYB5A
21,16,anal_pc5_c21_S1.filtered.gene_spectra_score.k_21.dt_0_01.txt,prerank,HALLMARK_DNA_REPAIR,-0.4227166754197524,-1.130757197132391,0.3222094361334868,0.8550347392112732,1.0,13/22,37.36%,AK1;SNAPC4;AAAS;POLA1;LIG1;POLH;NT5C3A;STX3;PNP;USP11;VPS37B;BCAM;CMPK2
21,16,anal_pc5_c21_S1.filtered.gene_spectra_score.k_21.dt_0_01.txt,prerank,HALLMARK_INTERFERON_GAMMA_RESPONSE,-0.346107523356433,-1.1229645811866709,0.24343434343434345,0.8210261930391102,1.0,43/111,28.16%,PARP14;RNF213;NLRC5;XAF1;JAK2;IFI44;TNFAIP2;SAMD9L;IL18BP;SP110;MX2;FAS;STAT1;IRF7;NOD1;PELI1;HELZ2;GBP6;HERC6;IFI44L;TRIM14;PFKP;RAPGEF6;TRIM25;CFB;CASP8;CFH;EPSTI1;DDX60;TNFSF10;ARID5B;OAS3;MX1;KLRK1;CIITA;STAT4;IRF1;UPP1;ST8SIA4;IFIT1;LAP3;PTPN6;CCL2
21,16,anal_pc5_c21_S1.filtered.gene_spectra_score.k_21.dt_0_01.txt,prerank,HALLMARK_COAGULATION,0.24447343648354014,1.1218432750748997,0.16666666666666666,0.5211845102505694,0.436,24/79,13.60%,SPARC;C1QA;S100A1;TIMP1;CTSH;CTSB;PRSS23;GSN;COMP;SERPINC1;SERPING1;HTRA1;MMP9;SH2B2;F2RL2;PECAM1;VWF;A2M;CSRP1;MMP2;ANXA1;PLEK;CLU;APOC1
21,16,anal_pc5_c21_S1.filtered.gene_spectra_score.k_21.dt_0_01.txt,prerank,HALLMARK_APICAL_JUNCTION,-0.34171058830978507,-1.1145094720440276,0.25279187817258886,0.7972840937318871,1.0,32/101,25.92%,PLCG1;THBS3;EVL;CLDN7;BMP1;WNK4;COL16A1;SHC1;NLGN2;FYB1;TRAF1;FBN1;ADAM15;SPEG;WASL;PCDH1;TJP1;ITGB4;NFASC;STX4;MPZL2;MVD;NECTIN4;ITGA2;ITGA9;ADAM23;PTPRC;ITGA3;EPB41L2;AMIGO2;ADAM9;TSPAN4
21,16,anal_pc5_c21_S1.filtered.gene_spectra_score.k_21.dt_0_01.txt,prerank,HALLMARK_INTERFERON_ALPHA_RESPONSE,-0.3669875825851971,-1.1001245300643243,0.32563025210084034,0.8025834230355221,1.0,17/50,21.38%,PARP14;IFI44;SAMD9L;TRIM5;SP110;LPAR6;IRF7;HELZ2;HERC6;IFI44L;TRIM14;TRIM25;CASP8;EPSTI1;DDX60;MX1;NCOA7
21,16,anal_pc5_c21_S1.filtered.gene_spectra_score.k_21.dt_0_01.txt,prerank,HALLMARK_TNFA_SIGNALING_VIA_NFKB,-0.3182856785741986,-1.0659976938367213,0.351460221550856,0.8993756727664155,1.0,66/150,43.54%,FOS;VEGFA;SAT1;SMAD3;JAG1;TNFAIP2;DUSP1;ABCA1;ZFP36;EGR1;NFAT5;SPSB1;TRAF1;FOSB;MYC;MAP3K8;PER1;CLCF1;KDM6B;PPP1R15A;PDLIM5;IL7R;REL;PLPP3;KYNU;ZBTB10;LDLR;TLR2;PTGER4;PFKFB3;ID2;BMP2;NFKB2;RNF19B;KLF4;PTPRE;IRF1;TGIF1;CEBPB;CCL2;SPHK1;EDN1;DRAM1;SERPINB8;SLC2A6;ZC3H12A;CCN1;IER3;NAMPT;BCL6;GEM;JUN;TSC22D1;TIPARP;IFIH1;SGK1;CXCL1;CXCL3;CCND1;IL18;SERPINB2;IER5;BIRC3;TNFAIP3;PLAU;IFIT2
21,16,anal_pc5_c21_S1.filtered.gene_spectra_score.k_21.dt_0_01.txt,prerank,HALLMARK_PI3K_AKT_MTOR_SIGNALING,-0.37182728187917724,-1.0399112123575438,0.42041712403951703,0.9564047362755651,1.0,8/32,10.26%,PLCG1;MKNK1;MAPK10;VAV3;ITPR2;PPP2R1B;DDIT3;NOD1
21,16,anal_pc5_c21_S1.filtered.gene_spectra_score.k_21.dt_0_01.txt,prerank,HALLMARK_HEDGEHOG_SIGNALING,0.3137873196501375,0.9998000177695981,0.47368421052631576,0.7384054669703872,0.621,4/17,5.92%,L1CAM;SCG2;DPYSL2;SLIT1
21,16,anal_pc5_c21_S1.filtered.gene_spectra_score.k_21.dt_0_01.txt,prerank,HALLMARK_E2F_TARGETS,-0.3088663544419855,-0.9446219981908474,0.6033578174186779,1.0,1.0,30/54,41.50%,POLE;KIF22;EZH2;LIG1;MYC;SMC4;CIT;SPAG5;ESPL1;CDC25B;DIAPH3;KIF18B;HELLS;RRM2;DEPDC1;CCNB2;TACC3;AURKB;KPNA2;KIF4A;CDCA3;KIF2C;TFRC;CKS2;CENPE;CDCA8;MELK;SPC25;ORC6;MCM6
21,16,anal_pc5_c21_S1.filtered.gene_spectra_score.k_21.dt_0_01.txt,prerank,HALLMARK_GLYCOLYSIS,-0.29560595928028166,-0.9199684285514647,0.6569948186528497,1.0,1.0,26/67,34.58%,VEGFA;GCLC;TPST1;ME1;ENO2;KIF2A;ELF3;PFKP;NT5E;P4HA1;B3GNT3;MERTK;CHST12;P4HA2;GPC1;DSC2;COL5A1;DEPDC1;CYB5A;CITED2;QSOX1;PLOD2;MET;HK2;IER3;VCAN
21,16,anal_pc5_c21_S1.filtered.gene_spectra_score.k_21.dt_0_01.txt,prerank,HALLMARK_FATTY_ACID_METABOLISM,-0.29836335246287643,-0.896844860511189,0.6875675675675675,1.0,1.0,17/44,39.42%,ACSL5;ME1;ENO2;ACSS1;HSD17B11;HMGCS1;MAOA;CD1D;ECI2;PTPRG;ENO3;CBR3;TP53INP2;FASN;ACAA2;ACSL1;CA2
21,16,anal_pc5_c21_S1.filtered.gene_spectra_score.k_21.dt_0_01.txt,prerank,HALLMARK_PEROXISOME,-0.30960493886925067,-0.8808695850905277,0.6832779623477298,1.0,1.0,10/32,27.16%,ABCC5;ACSL5;HSD11B2;DLG4;HSD17B11;FDPS;ECI2;NR1I2;IDE;ABCD1
21,16,anal_pc5_c21_S1.filtered.gene_spectra_score.k_21.dt_0_01.txt,prerank,HALLMARK_ESTROGEN_RESPONSE_LATE,-0.2672867596893043,-0.8650035582775548,0.7868020304568528,1.0,1.0,28/106,24.62%,FOS;LLGL2;JAK2;CA12;RAPGEFL1;ZFP36;PLXNB1;OVOL2;CYP4F11;KLK11;KLK10;TJP3;BCL2;MYB;AGR2;HR;FGFR3;TOB1;ID2;SLC16A1;CXCL12;SCNN1A;SLC26A2;KLF4;SLC29A1;IL17RB;PPIF;FLNB
21,16,anal_pc5_c21_S1.filtered.gene_spectra_score.k_21.dt_0_01.txt,prerank,HALLMARK_EPITHELIAL_MESENCHYMAL_TRANSITION,0.15689085680930873,0.834564579173329,1.0,1.0,0.792,25/164,8.58%,SPARC;CADM1;SCG2;EMP3;TAGLN;NTM;TIMP1;IL32;DPYSL3;COL4A1;MYL9;PFN2;CDH6;CDH2;COMP;LOXL2;BGN;HTRA1;CAPG;AREG;PMEPA1;SDC4;BASP1;LAMC1;CTHRC1
21,16,anal_pc5_c21_S1.filtered.gene_spectra_score.k_21.dt_0_01.txt,prerank,HALLMARK_COMPLEMENT,-0.2518765786951715,-0.8292801344969157,0.8564206268958544,1.0,1.0,51/122,42.08%,LRP1;JAK2;CBLB;ME1;IRF7;KIF2A;CPQ;CASP10;L3MBTL4;DOCK9;CD55;KCNIP2;DOCK10;CFB;CFH;STX4;CD40LG;KYNU;LTA4H;DOCK4;PRKCD;SH2B3;GCA;FYN;IRF1;CPM;ADAM9;CEBPB;DPP4;LAP3;DUSP6;CDH13;CP;C3;LCP2;LGALS3;APOBEC3G;TFPI2;KLK1;CR1;C1R;RASGRP1;CA2;CXCL1;PLA2G7;KLKB1;HSPA1A;FN1;MMP14;SERPINB2;C1S
21,16,anal_pc5_c21_S1.filtered.gene_spectra_score.k_21.dt_0_01.txt,prerank,HALLMARK_ANDROGEN_RESPONSE,-0.27541197498897824,-0.8125070021564118,0.7821466524973433,1.0,1.0,17/41,29.34%,SAT1;STK39;RRP12;HMGCS1;PDLIM5;PGM3;INPP4B;ZBTB10;ARID5B;HMGCR;MERTK;SLC26A2;IQGAP2;SCD;ABCC4;ADAMTS1;CCND3
21,16,anal_pc5_c21_S1.filtered.gene_spectra_score.k_21.dt_0_01.txt,prerank,HALLMARK_HYPOXIA,-0.24642205696422462,-0.8114325181428473,0.851063829787234,1.0,1.0,19/111,16.70%,FOS;VEGFA;CA12;DUSP1;NEDD4L;SELENBP1;ZFP36;ENO2;DDIT3;SLC6A6;PPARGC1A;AMPD3;BCL2;PFKP;P4HA1;PPP1R15A;DTNA;GAA;NDST2
21,16,anal_pc5_c21_S1.filtered.gene_spectra_score.k_21.dt_0_01.txt,prerank,HALLMARK_ADIPOGENESIS,-0.2608672664505388,-0.7850351051861113,0.8347457627118644,1.0,1.0,21/51,38.44%,ABCA1;NABP1;ME1;ESRRA;PPARG;TOB1;PHLDB1;PFKFB3;LAMA4;ITSN1;SORBS1;ITGA7;SULT1A1;HSPB8;LIPE;C3;SCARB1;FZD4;BCL6;ACAA2;LIFR
21,16,anal_pc5_c21_S1.filtered.gene_spectra_score.k_21.dt_0_01.txt,prerank,HALLMARK_KRAS_SIGNALING_DN,0.1578718315504259,0.7746581716589762,0.9615384615384616,0.9798893589326392,0.828,7/78,5.16%,TENT5C;SNCB;SELENOP;SOX10;FGF22;BTG2;CCR8
21,16,anal_pc5_c21_S1.filtered.gene_spectra_score.k_21.dt_0_01.txt,prerank,HALLMARK_MYOGENESIS,-0.2399060095358014,-0.7736675874852325,0.9155645981688708,1.0,1.0,46/112,41.62%,AK1;IFRD1;SVIL;PFKM;PDLIM7;LPIN1;NAV2;DAPK2;BIN1;VIPR1;COL6A2;ERBB3;SPEG;FDPS;ITGB4;DTNA;GAA;GNAO1;SMTN;SORBS1;ITGA7;EPHB3;SCD;ADAM12;MAPK12;EFS;ENO3;CDH13;HSPB8;SPHK1;BDKRB2;KIFC3;AEBP1;MAPRE3;MYH3;LAMA2;MYH11;PTGIS;ACSL1;FST;ATP2A1;TNNT3;SORBS3;GJA5;PYGM;TNNI2
21,16,anal_pc5_c21_S1.filtered.gene_spectra_score.k_21.dt_0_01.txt,prerank,HALLMARK_REACTIVE_OXYGEN_SPECIES_PATHWAY,-0.2985420251107718,-0.7701767144791907,0.7833523375142531,1.0,1.0,6/19,16.68%,GCLC;MGST1;MSRA;SCAF4;PFKP;TXNRD1
21,16,anal_pc5_c21_S1.filtered.gene_spectra_score.k_21.dt_0_01.txt,prerank,HALLMARK_HEME_METABOLISM,-0.251080396211753,-0.7675033443405271,0.8644957983193278,1.0,1.0,18/55,29.34%,SLC25A37;GCLC;SLC7A11;KDM7A;SELENBP1;MBOAT2;EPB41;DAAM1;BMP2K;KLF3;TNS1;LPIN2;P4HA2;PDZK1IP1;AGPAT4;KAT2B;SLC2A1;CCND3
21,16,anal_pc5_c21_S1.filtered.gene_spectra_score.k_21.dt_0_01.txt,prerank,HALLMARK_UV_RESPONSE_UP,-0.24277287234477007,-0.7532814509942645,0.8865979381443299,1.0,1.0,25/66,42.34%,FOS;ENO2;DLG4;PTPRD;ARRB2;FOSB;MAOA;PRKCD;BMP2;IRF1;PPIF;SULT1A1;EPCAM;CCND3;BCL2L11;BID;CDKN2B;TFRC;HYAL2;RASGRP1;CA2;NTRK3;MMP14;EPHX1;SHOX2
21,16,anal_pc5_c21_S1.filtered.gene_spectra_score.k_21.dt_0_01.txt,prerank,HALLMARK_KRAS_SIGNALING_UP,0.14266170304324904,0.7137183236859219,1.0,0.9248291571753986,0.853,17/131,9.82%,PRDM1;LAPTM5;IL2RG;PPBP;CPE;APOD;LCP1;RBP4;RGS16;EREG;MMP9;IL1B;ETS1;RELN;TNFRSF1B;PECAM1;AKAP12
21,16,anal_pc5_c21_S1.filtered.gene_spectra_score.k_21.dt_0_01.txt,prerank,HALLMARK_APOPTOSIS,-0.21687863926992312,-0.6846962948889177,0.9425051334702259,1.0,1.0,16/79,21.52%,SAT1;DPYD;ENO2;DDIT3;FAS;SLC20A1;ERBB2;ERBB3;PLCB2;CASP8;CD2;SATB1;TNFSF10;BMP2;CDC25B;NEDD9
21,16,anal_pc5_c21_S1.filtered.gene_spectra_score.k_21.dt_0_01.txt,prerank,HALLMARK_ANGIOGENESIS,-0.23551130636246959,-0.6538589025686294,0.927536231884058,1.0,1.0,10/29,34.58%,VEGFA;JAG1;JAG2;COL5A2;NRP1;CCND2;VAV2;FGFR1;TNFRSF21;VCAN
21,16,anal_pc5_c21_S1.filtered.gene_spectra_score.k_21.dt_0_01.txt,prerank,HALLMARK_INFLAMMATORY_RESPONSE,-0.18563575136536664,-0.6155156673432157,0.9919273461150353,1.0,1.0,49/141,44.98%,GABBR1;STAB1;ABCA1;IRF7;SLC4A4;OSMR;PVR;MYC;CD55;ITGA5;PCDH7;P2RY2;IL7R;TNFSF10;LDLR;TLR2;PTGER4;SEMA4D;LPAR1;PTPRE;AHR;IRF1;CCL2;ITGB3;SCARF1;C5AR1;TLR1;ITGB8;SPHK1;EDN1;NOD2;MET;LCP2;DCBLD2;NAMPT;BEST1;CSF3R;CMKLR1;RASGRP1;HPN;RGS1;CCR7;MMP14;IL18;CX3CL1;HAS2;SLC31A2;FPR1;CCL5
21,16,anal_pc5_c21_S1.filtered.gene_spectra_score.k_21.dt_0_01.txt,prerank,HALLMARK_SPERMATOGENESIS,-0.2107263806497163,-0.6078458308567907,0.9634408602150538,1.0,1.0,15/36,39.90%,SLC12A2;EZH2;LPIN1;GSTM3;CAMK4;CCNB2;IDE;IL12RB2;HSPA4L;GFI1;JAM3;KIF2C;ACE;TTK;SHE
21,16,anal_pc5_c21_S1.filtered.gene_spectra_score.k_21.dt_0_01.txt,prerank,HALLMARK_IL2_STAT5_SIGNALING,-0.1600835711527619,-0.5282638502819239,1.0,1.0,1.0,17/127,16.88%,CAPN3;NFKBIZ;PLAGL1;COL6A1;MUC1;SCN9A;AGER;TRAF1;PHTF2;MYC;BCL2;MAP3K8;NT5E;TTC39B;P4HA1;WLS;CDCP1
21,16,anal_pc5_c21_S1.filtered.gene_spectra_score.k_21.dt_0_01.txt,prerank,HALLMARK_APICAL_SURFACE,-0.17996843514714223,-0.4906700100936315,0.9898305084745763,1.0,1.0,6/27,28.18%,ATP8B1;AKAP7;CROCC;GSTM3;LYPD3;EPHB4
21,16,anal_pc5_c21_S1.filtered.gene_spectra_score.k_21.dt_0_01.txt,prerank,HALLMARK_IL6_JAK_STAT3_SIGNALING,-0.15345149720651796,-0.46942089536748727,0.9968684759916493,0.9978710680540606,1.0,17/53,40.76%,FAS;STAT1;OSMR;PLA2G2A;MAP3K8;TLR2;IL17RA;IL17RB;IRF1;ITGB3;CSF2RA;TNFRSF21;CSF3R;JUN;IL7;CXCL1;CXCL3
21,17,anal_pc5_c21_S1.filtered.gene_spectra_score.k_21.dt_0_01.txt,prerank,HALLMARK_EPITHELIAL_MESENCHYMAL_TRANSITION,-0.3953777443155034,-2.0680751856588384,0.0,0.0,0.0,82/164,22.54%,COL6A2;COL5A1;VCAM1;COL3A1;LOXL2;COL6A3;LRP1;EDIL3;ABI3BP;JUN;CDH11;COL5A2;LAMC1;LUM;COL16A1;MATN2;MMP2;CCN1;TGFBI;IL32;COL4A2;TPM1;WNT5A;DAB2;IGFBP3;FAS;GJA1;VEGFA;COL1A2;PRRX1;PDGFRB;FSTL1;THBS1;MXRA5;ITGB5;TNC;COL7A1;LAMA2;SNAI2;LAMA3;COL1A1;MEST;TNFRSF11B;VCAN;FGF2;EFEMP2;COL4A1;FBLN5;QSOX1;CCN2;LRRC15;CALD1;GPC1;CADM1;POSTN;GLIPR1;FBLN1;COL12A1;PDLIM4;CTHRC1;THY1;ELN;FUCA1;IGFBP2;LOX;RGS4;HTRA1;CXCL6;ECM1;SERPINE2;BGN;PLOD2;DPYSL3;PCOLCE;SGCD;COL5A3;PFN2;DCN;DST;CXCL12;TFPI2;SERPINH1
21,17,anal_pc5_c21_S1.filtered.gene_spectra_score.k_21.dt_0_01.txt,prerank,HALLMARK_XENOBIOTIC_METABOLISM,-0.4115249814704046,-1.8157789183296316,0.0,0.002682403433476395,0.0030120481927710845,35/80,31.88%,IRF8;APOE;ABCC3;SLC12A4;FAS;TMEM176B;BCAR1;EPHX1;PTGDS;CD36;PTGR1;NINJ1;EPHA2;CYFIP2;CYP27A1;UGDH;FBLN1;TPST1;XDH;ATOH8;MAN1A1;MAOA;CFB;UPP1;AKR1C2;IL1R1;ALDH3A1;CA2;NQO1;IGFBP4;CES1;HSD11B1;CYP2C18;ABCD2;AKR1C3
21,17,anal_pc5_c21_S1.filtered.gene_spectra_score.k_21.dt_0_01.txt,prerank,HALLMARK_E2F_TARGETS,-0.4277343570501081,-1.7562772220434066,0.007352941176470588,0.005960896518836433,0.010040160642570281,38/54,49.44%,PRDX4;HELLS;CENPM;CDKN1A;AURKB;TFRC;DIAPH3;TACC3;DLGAP5;KIF18B;PLK1;KIF2C;CDCA8;CCNB2;ESPL1;MCM4;LIG1;CIT;EZH2;TOP2A;BIRC5;SMC4;CDCA3;KIF22;SPAG5;SPC25;MYBL2;MYC;CDC25B;ORC6;CDK1;MKI67;MELK;RRM2;CENPE;MCM2;ANP32E;AURKA
21,17,anal_pc5_c21_S1.filtered.gene_spectra_score.k_21.dt_0_01.txt,prerank,HALLMARK_DNA_REPAIR,0.7180717971013283,1.4712934573971588,0.13900709219858157,1.0,0.891,2/22,4.40%,STX3;PDE6G
21,17,anal_pc5_c21_S1.filtered.gene_spectra_score.k_21.dt_0_01.txt,prerank,HALLMARK_SPERMATOGENESIS,0.6684990491162082,1.4054360043009486,0.13636363636363635,1.0,0.968,2/36,3.38%,ADCYAP1;GFI1
21,17,anal_pc5_c21_S1.filtered.gene_spectra_score.k_21.dt_0_01.txt,prerank,HALLMARK_FATTY_ACID_METABOLISM,0.6479021201003383,1.3909066396904055,0.16945107398568018,1.0,0.975,3/44,1.18%,LTC4S;ACSL4;HPGD
21,17,anal_pc5_c21_S1.filtered.gene_spectra_score.k_21.dt_0_01.txt,prerank,HALLMARK_MITOTIC_SPINDLE,-0.30557399989557604,-1.3304975900712024,0.029411764705882353,0.2512517882689556,0.4347389558232932,31/77,25.56%,BIN1;EPB41L2;FARP1;BCAR1;MID1;FGD4;CDC42EP4;FLNB;NEDD9;CDC42EP2;CEP72;TUBA4A;PIF1;DOCK4;CEP250;KIF23;ITSN1;ANLN;BCL2L11;SYNPO;KIF11;DST;KNTC1;NUSAP1;RAPGEF5;DLGAP5;PLK1;NDC80;PRC1;EPB41;KIF2C
21,17,anal_pc5_c21_S1.filtered.gene_spectra_score.k_21.dt_0_01.txt,prerank,HALLMARK_HEME_METABOLISM,0.5892626447944693,1.3090429699171289,0.19560185185185186,1.0,0.995,7/55,6.06%,NFE2;GATA1;BMP2K;MPP1;TNS1;SPTB;AGPAT4
21,17,anal_pc5_c21_S1.filtered.gene_spectra_score.k_21.dt_0_01.txt,prerank,HALLMARK_INFLAMMATORY_RESPONSE,0.5334741675755033,1.210525031103401,0.2198364008179959,1.0,1.0,24/141,10.56%,IL18R1;LIF;CHST2;C3AR1;ABCA1;RGS1;PTAFR;TACR1;IL18;LCP2;AHR;EMP3;ITGB3;CD55;NMUR1;NFKBIA;LYN;OSM;TIMP1;CD69;ITGA5;TNFSF10;GPR132;CSF3R
21,17,anal_pc5_c21_S1.filtered.gene_spectra_score.k_21.dt_0_01.txt,prerank,HALLMARK_ADIPOGENESIS,0.5337370286500873,1.1857062915533112,0.31511627906976747,1.0,1.0,3/51,1.72%,LTC4S;CAVIN2;ABCA1
21,17,anal_pc5_c21_S1.filtered.gene_spectra_score.k_21.dt_0_01.txt,prerank,HALLMARK_IL2_STAT5_SIGNALING,0.5219817140994105,1.1853971650404147,0.26816786079836236,1.0,1.0,11/127,5.40%,IL1RL1;GATA1;IL18R1;LIF;CAPG;GPR65;SLC2A3;AHR;TIAM1;ST3GAL4;TNFRSF8
21,17,anal_pc5_c21_S1.filtered.gene_spectra_score.k_21.dt_0_01.txt,prerank,HALLMARK_IL6_JAK_STAT3_SIGNALING,0.5337967386681782,1.1778008117745462,0.31494252873563217,1.0,1.0,7/53,8.58%,IL9R;IL18R1;CSF2RB;CRLF2;ITGB3;CD38;ITGA4
21,17,anal_pc5_c21_S1.filtered.gene_spectra_score.k_21.dt_0_01.txt,prerank,HALLMARK_P53_PATHWAY,0.5129471282033176,1.1616848118805314,0.32983193277310924,1.0,1.0,16/89,11.46%,VWA5A;LIF;PPP1R15A;CTSD;S100A4;MAPKAPK3;PLK3;FOS;ZBTB16;TSPYL2;TGFA;TRIB3;HEXIM1;KIF13B;MKNK2;DDIT3
21,17,anal_pc5_c21_S1.filtered.gene_spectra_score.k_21.dt_0_01.txt,prerank,HALLMARK_KRAS_SIGNALING_UP,0.4977884356228455,1.137124931423815,0.33367037411526795,1.0,1.0,9/131,4.88%,VWA5A;LIF;C3AR1;LAT2;FCER1G;DUSP6;LAPTM5;PPP1R15A;AKAP12
21,17,anal_pc5_c21_S1.filtered.gene_spectra_score.k_21.dt_0_01.txt,prerank,HALLMARK_UV_RESPONSE_DN,0.48736654160201526,1.1233001436234182,0.35635964912280704,1.0,1.0,6/69,5.22%,KIT;DLC1;CELF2;ITGB3;SMAD7;PMP22
21,17,anal_pc5_c21_S1.filtered.gene_spectra_score.k_21.dt_0_01.txt,prerank,HALLMARK_ANDROGEN_RESPONSE,0.5226359506900772,1.115815895354791,0.37362637362637363,1.0,1.0,5/41,6.60%,ABCC4;HPGD;AKAP12;IQGAP2;SGK1
21,17,anal_pc5_c21_S1.filtered.gene_spectra_score.k_21.dt_0_01.txt,prerank,HALLMARK_ANGIOGENESIS,-0.31089595961982436,-1.0628430739031645,0.3784860557768924,0.7267525035765379,0.8694779116465864,12/29,20.08%,COL3A1;COL5A2;LUM;VEGFA;FSTL1;VCAN;POSTN;STC1;CXCL6;SERPINA5;VAV2;JAG1
21,17,anal_pc5_c21_S1.filtered.gene_spectra_score.k_21.dt_0_01.txt,prerank,HALLMARK_INTERFERON_GAMMA_RESPONSE,-0.23986136961281215,-1.0618683488107912,0.23529411764705882,0.6086075345731998,0.8694779116465864,40/111,20.68%,C1S;VCAM1;C1R;IRF8;PARP14;SOD2;ARID5B;SP110;FAS;CD74;SAMHD1;XAF1;NLRC5;CCL2;MX1;IFI27;BANK1;IL18BP;IL7;EIF4E3;CD40;IFI30;ISG20;CDKN1A;CCL5;IL2RB;TRIM14;CMKLR1;IL10RA;HERC6;MX2;STAT4;CIITA;GZMA;OAS2;IFIT1;CFB;UPP1;PNP;EPSTI1
21,17,anal_pc5_c21_S1.filtered.gene_spectra_score.k_21.dt_0_01.txt,prerank,HALLMARK_GLYCOLYSIS,-0.24980386974346414,-1.0558497343627953,0.358695652173913,0.5354588187206213,0.8734939759036144,19/67,14.20%,COL5A1;ELF3;CXCR4;B3GNT3;TGFBI;IGFBP3;VEGFA;CACNA1H;SDC3;VCAN;P4HA2;CHPF;QSOX1;ISG20;CITED2;GPC4;GPC1;TPST1;STC1
21,17,anal_pc5_c21_S1.filtered.gene_spectra_score.k_21.dt_0_01.txt,prerank,HALLMARK_G2M_CHECKPOINT,-0.23336646023826796,-0.9912828985186111,0.4177215189873418,0.5903522889842632,0.9246987951807228,36/68,41.18%,SLC12A2;E2F1;AURKB;MEIS1;KIF23;KIF11;EFNA5;TACC3;NUSAP1;PLK1;ODC1;NDC80;PRC1;SMAD3;KIF2C;SNRPD1;CCNB2;RAD54L;ESPL1;POLQ;EZH2;CENPA;TOP2A;EXO1;BIRC5;CDC45;SLC7A1;TROAP;SMC4;KIF22;MYBL2;MYC;CDC25B;ORC6;CDK1;DMD
21,17,anal_pc5_c21_S1.filtered.gene_spectra_score.k_21.dt_0_01.txt,prerank,HALLMARK_CHOLESTEROL_HOMEOSTASIS,0.4579724952631033,0.9833511274879991,0.4864516129032258,1.0,1.0,7/35,13.42%,CLU;FADS2;ANTXR2;TRIB3;ACAT2;HMGCR;CXCL16
21,17,anal_pc5_c21_S1.filtered.gene_spectra_score.k_21.dt_0_01.txt,prerank,HALLMARK_APOPTOSIS,0.42804957369040736,0.9623541905279936,0.5448717948717948,1.0,1.0,17/79,11.46%,CLU;IL18;PLCB2;TIMP3;RARA;SMAD7;ANXA1;CD38;PLAT;TIMP1;HGF;EGR3;CD69;TNFSF10;ENO2;SATB1;DDIT3
21,17,anal_pc5_c21_S1.filtered.gene_spectra_score.k_21.dt_0_01.txt,prerank,HALLMARK_ESTROGEN_RESPONSE_EARLY,0.38561132967705686,0.8837315797837793,0.6611909650924025,1.0,1.0,15/118,8.60%,SLC24A3;CALB2;DLC1;MLPH;RHOBTB3;DHRS2;RARA;MAST4;TIAM1;MPPED2;JAK2;FOS;MYB;CBFA2T3;EGR3
21,17,anal_pc5_c21_S1.filtered.gene_spectra_score.k_21.dt_0_01.txt,prerank,HALLMARK_COMPLEMENT,0.38215830990075567,0.8832108011429358,0.6588114754098361,1.0,1.0,15/122,8.98%,CLU;FCER1G;CPM;DUSP6;ITGAM;LCP2;CTSD;SH2B3;JAK2;DOCK10;CD55;LYN;PLAT;TIMP1;FYN
21,17,anal_pc5_c21_S1.filtered.gene_spectra_score.k_21.dt_0_01.txt,prerank,HALLMARK_APICAL_JUNCTION,0.385662772678537,0.8800701217052311,0.6509433962264151,1.0,1.0,8/101,6.82%,ARHGEF6;ITGA9;CALB2;KCNH2;ICAM5;RAC2;CD274;TSPAN4
21,17,anal_pc5_c21_S1.filtered.gene_spectra_score.k_21.dt_0_01.txt,prerank,HALLMARK_HYPOXIA,0.37680119487736713,0.8570178073939712,0.6850886339937435,1.0,1.0,21/111,14.14%,HS3ST1;CHST2;NDST2;PPP1R15A;SLC2A3;S100A4;AKAP12;FOS;CAVIN1;ZFP36;HK2;FBP1;ENO2;PLIN2;DDIT3;CCNG2;ENO3;GAA;DUSP1;IRS2;HSPA5
21,17,anal_pc5_c21_S1.filtered.gene_spectra_score.k_21.dt_0_01.txt,prerank,HALLMARK_ALLOGRAFT_REJECTION,0.37366021529938215,0.8530157399993029,0.6896907216494845,1.0,1.0,14/121,8.88%,LIF;SRGN;CAPG;IL18;LCP2;GPR65;JAK2;KRT1;LYN;NCF4;PRKCB;TIMP1;PTPN6;SPI1
21,17,anal_pc5_c21_S1.filtered.gene_spectra_score.k_21.dt_0_01.txt,prerank,HALLMARK_WNT_BETA_CATENIN_SIGNALING,-0.29612503705086063,-0.8243016837867452,0.6931818181818182,0.8448577332697504,0.9869477911646586,3/15,4.18%,CSNK1E;DLL1;TCF7
21,17,anal_pc5_c21_S1.filtered.gene_spectra_score.k_21.dt_0_01.txt,prerank,HALLMARK_PEROXISOME,0.3798307526532351,0.7861004386735709,0.6883116883116883,1.0,1.0,1/32,1.16%,ACSL4
21,17,anal_pc5_c21_S1.filtered.gene_spectra_score.k_21.dt_0_01.txt,prerank,HALLMARK_COAGULATION,0.34416675617542725,0.7822376133088221,0.7294117647058823,1.0,1.0,10/79,10.08%,CLU;DUSP6;TIMP3;ITGB3;ANXA1;APOC2;PLAT;TIMP1;FYN;CPQ
21,17,anal_pc5_c21_S1.filtered.gene_spectra_score.k_21.dt_0_01.txt,prerank,HALLMARK_REACTIVE_OXYGEN_SPECIES_PATHWAY,0.3985075117528249,0.780179626919712,0.6948905109489051,1.0,1.0,3/19,8.94%,FES;MSRA;HHEX
21,17,anal_pc5_c21_S1.filtered.gene_spectra_score.k_21.dt_0_01.txt,prerank,HALLMARK_TNFA_SIGNALING_VIA_NFKB,0.33338853768327703,0.7594345252030761,0.8382204246713852,1.0,1.0,30/150,15.28%,LIF;ABCA1;IL18;EGR1;PPP1R15A;SLC2A3;FOSB;NR4A1;SGK1;SLC2A6;FOS;NFKBIA;EGR3;ZFP36;CD69;AREG;MAP2K3;IFIH1;PLEK;IL23A;GPR183;DUSP1;NR4A3;IRS2;TLR2;PTX3;EHD1;IER5;BTG2;CCRL2
21,17,anal_pc5_c21_S1.filtered.gene_spectra_score.k_21.dt_0_01.txt,prerank,HALLMARK_APICAL_SURFACE,-0.21707353471865318,-0.7425308941261726,0.8593155893536122,0.8694563662374821,0.9919678714859438,19/27,54.32%,ATP8B1;SULF2;CX3CL1;IL2RB;THY1;EFNA5;GATA3;CROCC;GSTM3;LYPD3;MAL;SLC2A4;NTNG1;SLC34A3;CD160;GAS1;PCSK9;RHCG;AKAP7
21,17,anal_pc5_c21_S1.filtered.gene_spectra_score.k_21.dt_0_01.txt,prerank,HALLMARK_TGF_BETA_SIGNALING,0.3371420848277216,0.6894810357129487,0.7709190672153635,1.0,1.0,3/24,4.98%,PPP1R15A;TGFBR1;SMAD7
21,17,anal_pc5_c21_S1.filtered.gene_spectra_score.k_21.dt_0_01.txt,prerank,HALLMARK_ESTROGEN_RESPONSE_LATE,0.28826000256217754,0.6602620333002445,0.8765690376569037,1.0,1.0,14/106,10.06%,SLC24A3;DHRS2;TIAM1;JAK2;SGK1;BATF;FOS;PTGER3;MYB;SLC29A1;EGR3;PTPN6;ZFP36;AREG
21,17,anal_pc5_c21_S1.filtered.gene_spectra_score.k_21.dt_0_01.txt,prerank,HALLMARK_BILE_ACID_METABOLISM,0.31513722613502854,0.6597121678100882,0.7871046228710462,1.0,1.0,4/37,9.74%,ABCA1;FADS2;SLC29A1;ALDH1A1
21,17,anal_pc5_c21_S1.filtered.gene_spectra_score.k_21.dt_0_01.txt,prerank,HALLMARK_PI3K_AKT_MTOR_SIGNALING,0.3055375364284169,0.6401020613069794,0.8234536082474226,1.0,1.0,9/32,13.10%,TIAM1;ITPR2;PRKCB;TRIB3;NOD1;MAP2K3;MKNK2;DDIT3;SLA
21,17,anal_pc5_c21_S1.filtered.gene_spectra_score.k_21.dt_0_01.txt,prerank,HALLMARK_KRAS_SIGNALING_DN,0.28019169577126796,0.6332238837085538,0.8739316239316239,1.0,1.0,6/78,8.04%,CHST2;PNMT;P2RX6;SGK1;KRT1;ZBTB16
21,17,anal_pc5_c21_S1.filtered.gene_spectra_score.k_21.dt_0_01.txt,prerank,HALLMARK_HEDGEHOG_SIGNALING,0.313256424765941,0.6102339969934936,0.8320610687022901,1.0,1.0,4/17,13.82%,L1CAM;NRCAM;NRP1;RTN1
21,17,anal_pc5_c21_S1.filtered.gene_spectra_score.k_21.dt_0_01.txt,prerank,HALLMARK_UV_RESPONSE_UP,0.2735782709646164,0.6097969343138876,0.8769063180827886,0.9949420259668125,1.0,11/66,12.16%,KCNH2;FOSB;NR4A1;PLCL1;FOS;NFKBIA;LYN;ARRB2;ENO2;CYB5R1;PRKCD
21,17,anal_pc5_c21_S1.filtered.gene_spectra_score.k_21.dt_0_01.txt,prerank,HALLMARK_MTORC1_SIGNALING,0.27297797203489166,0.6055791966945326,0.8760964912280702,0.9663309391188665,1.0,18/72,15.52%,PPP1R15A;FADS2;SLC2A3;SYTL2;TRIB3;HK2;MAP2K3;INSIG1;DDIT3;CFP;HMGCR;SLA;SLC1A4;SLC7A5;HSPA5;BTG2;HMGCS1;ERO1A
21,17,anal_pc5_c21_S1.filtered.gene_spectra_score.k_21.dt_0_01.txt,prerank,HALLMARK_MYOGENESIS,0.26637848604748243,0.6007671218561531,0.9102167182662538,0.9399506613205583,1.0,5/112,3.22%,CLU;ADAM12;MAPK12;KCNH2;CASQ1
21,17,anal_pc5_c21_S1.filtered.gene_spectra_score.k_21.dt_0_01.txt,prerank,HALLMARK_INTERFERON_ALPHA_RESPONSE,0.2553501564901945,0.562934885456001,0.9066820276497696,0.9398215649517461,1.0,8/50,13.12%,GMPR;SAMD9L;TENT5A;TRIM25;IFIH1;RSAD2;LAMP3;IFIT3
21,17,anal_pc5_c21_S1.filtered.gene_spectra_score.k_21.dt_0_01.txt,prerank,HALLMARK_UNFOLDED_PROTEIN_RESPONSE,0.21624588275135245,0.43623165312979556,0.9649859943977591,0.9803166007081858,1.0,8/23,16.98%,TSPYL2;ERN1;NABP1;SLC1A4;SLC7A5;HSPA5;ERO1A;DNAJA4
21,18,anal_pc5_c21_S1.filtered.gene_spectra_score.k_21.dt_0_01.txt,prerank,HALLMARK_UNFOLDED_PROTEIN_RESPONSE,0.7137204312356875,2.3333793228746362,0.0,0.0,0.0,10/23,10.40%,HSPA5;XBP1;HERPUD1;HSP90B1;CCL2;DNAJB9;SLC1A4;ERN1;CHAC1;IFIT1
21,18,anal_pc5_c21_S1.filtered.gene_spectra_score.k_21.dt_0_01.txt,prerank,HALLMARK_INTERFERON_ALPHA_RESPONSE,0.48153797920983366,1.9201534907262305,0.003134796238244514,0.009486475891807135,0.011,18/50,12.34%,LAMP3;CSF1;IFI30;C1S;UBE2L6;NUB1;IFIT3;ISG20;IFITM3;TMEM140;EPSTI1;LAP3;RSAD2;NCOA7;HELZ2;ISG15;IRF1;IFIT2
21,18,anal_pc5_c21_S1.filtered.gene_spectra_score.k_21.dt_0_01.txt,prerank,HALLMARK_COMPLEMENT,0.3919846063481732,1.803680537753462,0.0,0.01782307591794068,0.03,36/122,12.80%,APOC1;LIPA;CTSD;HSPA5;CTSH;TFPI2;C2;CTSL;ITIH1;LGMN;CXCL1;TIMP1;DUSP5;KIF2A;C1S;C3;TIMP2;CFH;TMPRSS6;JAK2;CTSC;CTSB;C1QA;LTF;CASP10;C1QC;PRCP;CTSS;LAP3;FCER1G;CP;IRF1;CTSV;TNFAIP3;SERPINE1;LYN
21,18,anal_pc5_c21_S1.filtered.gene_spectra_score.k_21.dt_0_01.txt,prerank,HALLMARK_COAGULATION,0.4059286846525036,1.765132344397772,0.0,0.021128969031752255,0.047,17/79,7.76%,APOC1;CTSK;CTSH;TFPI2;C2;ITIH1;LGMN;TIMP1;C1S;C3;CFH;TMPRSS6;ITGB3;A2M;CTSB;C1QA;APOC2
21,18,anal_pc5_c21_S1.filtered.gene_spectra_score.k_21.dt_0_01.txt,prerank,HALLMARK_IL6_JAK_STAT3_SIGNALING,0.40574294961212515,1.6153796541045886,0.013745704467353952,0.050709525676205416,0.134,13/53,6.32%,EBI3;CRLF2;CSF2RB;CXCL1;CSF1;CXCL13;CD38;CCR1;OSMR;ITGB3;A2M;HMOX1;CSF2RA
21,18,anal_pc5_c21_S1.filtered.gene_spectra_score.k_21.dt_0_01.txt,prerank,HALLMARK_FATTY_ACID_METABOLISM,-0.4291268250936299,-1.4953433781065413,0.018154311649016642,0.4217634821571451,0.446,15/44,21.00%,CA2;ALDH3A1;CD36;CD1D;ALDH1A1;FASN;EPHX1;UGDH;MAOA;ELOVL5;CEL;AQP7;ODC1;ACOX1;ACAT2
21,18,anal_pc5_c21_S1.filtered.gene_spectra_score.k_21.dt_0_01.txt,prerank,HALLMARK_INTERFERON_GAMMA_RESPONSE,0.32506839921764735,1.4828322636117968,0.01593625498007968,0.10233895204494971,0.281,30/111,12.38%,CCL2;CSF2RB;ITGB7;SLAMF7;VCAM1;IFI30;CD86;C1S;IDO1;CD38;UBE2L6;IFIT3;CFH;IRF4;ISG20;IFITM3;JAK2;EPSTI1;ZBP1;CD40;LAP3;RSAD2;CD274;FAS;IFIT1;HELZ2;ISG15;IRF1;IFIT2;TNFAIP3
21,18,anal_pc5_c21_S1.filtered.gene_spectra_score.k_21.dt_0_01.txt,prerank,HALLMARK_MITOTIC_SPINDLE,-0.3780176881045735,-1.4711262096215172,0.023876404494382022,0.2647463594175068,0.514,40/77,36.72%,ARHGAP4;GSN;DST;CEP72;DOCK2;PALLD;FLNA;NUSAP1;CNTRL;PRC1;RAPGEF5;CDK1;RAPGEF6;PLK1;LMNB1;ITSN1;BIRC5;PXN;KIF11;ECT2;TOP2A;NDC80;SORBS2;DOCK4;FLNB;ANLN;TIAM1;BUB1;NEK2;BCAR1;SMC4;PIF1;PREX1;TPX2;KIF22;ARHGAP29;INCENP;CCDC88A;DLGAP5;TTK
21,18,anal_pc5_c21_S1.filtered.gene_spectra_score.k_21.dt_0_01.txt,prerank,HALLMARK_G2M_CHECKPOINT,-0.3816456350422416,-1.4465301687991479,0.031609195402298854,0.22508134634874916,0.6,32/68,36.72%,MCM2;SMAD3;EZH2;NUSAP1;PRC1;CDK1;CDC45;E2F1;POLE;PLK1;PTTG1;LMNB1;CDC25B;TACC3;BIRC5;ODC1;KIF11;MCM6;TOP2A;NDC80;BUB1;NEK2;SMC4;ORC6;TPX2;KIF22;HMMR;UBE2C;TROAP;MYBL2;INCENP;TTK
21,18,anal_pc5_c21_S1.filtered.gene_spectra_score.k_21.dt_0_01.txt,prerank,HALLMARK_E2F_TARGETS,-0.38371453387698756,-1.4002712098126227,0.05377906976744186,0.25084013442150743,0.762,30/54,36.48%,HELLS;MCM2;HMGB2;MCM4;EZH2;CDK1;TCF19;POLE;PLK1;PTTG1;CDKN2A;LMNB1;CDC25B;TACC3;BIRC5;TFRC;MCM6;TOP2A;TK1;LIG1;CENPM;NCAPD2;SMC4;ORC6;SPC25;SPAG5;KIF22;HMMR;MYBL2;DLGAP5
21,18,anal_pc5_c21_S1.filtered.gene_spectra_score.k_21.dt_0_01.txt,prerank,HALLMARK_BILE_ACID_METABOLISM,0.38612747484543036,1.3968431694962484,0.06818181818181818,0.14784118272946184,0.428,8/37,8.70%,ABCA8;CYP27A1;CYP7B1;ABCA6;CH25H;ABCA9;SLC29A1;PFKM
21,18,anal_pc5_c21_S1.filtered.gene_spectra_score.k_21.dt_0_01.txt,prerank,HALLMARK_EPITHELIAL_MESENCHYMAL_TRANSITION,0.2669629943191098,1.286387243703886,0.03398058252427184,0.26001568012544096,0.662,36/164,10.12%,IGFBP3;TFPI2;CXCL1;ABI3BP;VCAM1;LAMA2;EDIL3;CDH11;BASP1;CAPG;COL5A2;TIMP1;COL3A1;SPOCK1;EMP3;GADD45B;CCN1;MXRA5;FGF2;GEM;CADM1;ITGB3;COL16A1;TNFRSF11B;ADAM12;PLOD2;COL6A3;PRRX1;COL6A2;SCG2;LAMC2;NNMT;CXCL6;NID2;COL11A1;FAS
21,18,anal_pc5_c21_S1.filtered.gene_spectra_score.k_21.dt_0_01.txt,prerank,HALLMARK_APICAL_SURFACE,-0.4135247232286813,-1.2828265249801079,0.12809315866084425,0.46978396543446954,0.961,18/27,42.38%,CROCC;SRPX;GSTM3;PCSK9;IL2RB;ATP8B1;GATA3;SULF2;LYPD3;SLC34A3;MAL;CD160;AKAP7;SCUBE1;EPHB4;PLAUR;DCBLD2;NTNG1
21,18,anal_pc5_c21_S1.filtered.gene_spectra_score.k_21.dt_0_01.txt,prerank,HALLMARK_KRAS_SIGNALING_UP,0.26668774275916635,1.2559397378112078,0.07563025210084033,0.2813362951348055,0.734,28/131,13.34%,IGFBP3;ADAMDEC1;BIRC3;ST6GAL1;PCSK1N;ALDH1A3;TRIB1;TMEM176B;ITGB2;GFPT2;CFH;PRDM1;TMEM176A;CSF2RA;TPH1;PRRX1;ADGRA2;PPP1R15A;CTSS;CPE;FCER1G;TNNT2;TNFAIP3;G0S2;PPBP;RGS16;GLRX;FUCA1
21,18,anal_pc5_c21_S1.filtered.gene_spectra_score.k_21.dt_0_01.txt,prerank,HALLMARK_ALLOGRAFT_REJECTION,0.2629361297249554,1.253590695386433,0.05829596412556054,0.2568247745981968,0.739,20/121,6.42%,CCL22;C2;CCL2;SRGN;CSF1;CD79A;CD86;CAPG;TIMP1;CXCL13;CCL19;IGSF6;CCR1;ITGB2;CD80;LY75;IRF4;KRT1;JAK2;ACHE
21,18,anal_pc5_c21_S1.filtered.gene_spectra_score.k_21.dt_0_01.txt,prerank,HALLMARK_TNFA_SIGNALING_VIA_NFKB,0.25917144341190035,1.242300132167505,0.07657657657657657,0.25135241081928655,0.769,42/150,17.96%,BIRC3;CCL2;CXCL1;CSF1;TRIB1;MSC;DUSP5;GFPT2;NFKB2;CD83;GADD45B;CD80;CCN1;GEM;DRAM1;EGR1;CXCL6;PPP1R15A;BTG2;NFIL3;DUSP4;ZBTB10;IRF1;NFKBIE;IFIT2;TNFAIP3;G0S2;SERPINE1;IER5;TNFRSF9;PHLDA1;NINJ1;PLPP3;EHD1;BCL2A1;PDE4B;GPR183;NFKBIA;JUN;NR4A3;TRAF1;SERPINB8
21,18,anal_pc5_c21_S1.filtered.gene_spectra_score.k_21.dt_0_01.txt,prerank,HALLMARK_MTORC1_SIGNALING,0.28784455933616393,1.2328729971773582,0.13541666666666666,0.24334248007317394,0.783,16/72,11.74%,SDF2L1;HSPA5;XBP1;HSP90B1;LGMN;IFI30;SLC1A4;ITGB2;CTSC;PLOD2;PDK1;PPP1R15A;BTG2;NFIL3;IFRD1;INSIG1
21,18,anal_pc5_c21_S1.filtered.gene_spectra_score.k_21.dt_0_01.txt,prerank,HALLMARK_DNA_REPAIR,-0.41389183198507806,-1.2180554323152977,0.21861152141802068,0.5905158158638716,0.988,4/22,7.26%,AK1;BCAM;TYMS;ZWINT
21,18,anal_pc5_c21_S1.filtered.gene_spectra_score.k_21.dt_0_01.txt,prerank,HALLMARK_ESTROGEN_RESPONSE_LATE,-0.2987531999003762,-1.210904174865767,0.15945945945945947,0.5273803808609377,0.989,30/106,18.80%,CCN5;RAPGEFL1;KRT19;CA2;SERPINA1;CKB;CA12;SCNN1A;CYP4F11;SLC26A2;FGFR3;PLXNB1;CAV1;SGK1;UGDH;CXCL12;KRT13;KLF4;ELOVL5;NMU;PTPN6;ASS1;PRSS23;EGR3;LLGL2;CDH1;KCNK5;MDK;BATF;TFF3
21,18,anal_pc5_c21_S1.filtered.gene_spectra_score.k_21.dt_0_01.txt,prerank,HALLMARK_XENOBIOTIC_METABOLISM,-0.3072000304206484,-1.200573089761652,0.1613372093023256,0.4889182269163066,0.993,34/80,30.24%,CA2;GCLC;AKR1C2;ALDH3A1;CD36;NQO1;CES1;IRF8;EPHX1;AOX1;UGDH;ABCC3;FBLN1;MAOA;ELOVL5;EPHA2;ABCD2;NDRG2;SLC6A6;ACOX1;AKR1C3;AQP9;CYFIP2;GCNT2;TGFB2;VNN1;UPB1;KYNU;UPP1;IGF1;ENPEP;BCAR1;IGFBP4;PPARD
21,18,anal_pc5_c21_S1.filtered.gene_spectra_score.k_21.dt_0_01.txt,prerank,HALLMARK_ESTROGEN_RESPONSE_EARLY,-0.28316228267680144,-1.1801543660414573,0.16251638269986893,0.49053181842428123,0.996,27/118,16.08%,CCN5;RAPGEFL1;KRT19;KRT15;CA12;KRT8;SCNN1A;SLC26A2;ELF3;FASN;MLPH;MAST4;CLDN7;ESRP2;DLC1;CXCL12;KRT13;KLF4;ELOVL5;SLC2A1;CELSR1;MUC1;AR;BCL11B;FCMR;PRSS23;EGR3
21,18,anal_pc5_c21_S1.filtered.gene_spectra_score.k_21.dt_0_01.txt,prerank,HALLMARK_WNT_BETA_CATENIN_SIGNALING,-0.43613332537386323,-1.170191582215005,0.26697530864197533,0.46295407265162425,0.997,10/15,44.76%,JAG2;TCF7;DKK1;HEY1;FRAT1;PPARD;RBPJ;CCND2;NKD1;MYC
21,18,anal_pc5_c21_S1.filtered.gene_spectra_score.k_21.dt_0_01.txt,prerank,HALLMARK_ANGIOGENESIS,0.3426270250893673,1.1694215626358082,0.21428571428571427,0.31988662063142653,0.878,11/29,20.22%,COL5A2;TIMP1;COL3A1;KCNJ8;CXCL6;VAV2;SERPINA5;LUM;PRG2;VEGFA;FSTL1
21,18,anal_pc5_c21_S1.filtered.gene_spectra_score.k_21.dt_0_01.txt,prerank,HALLMARK_ANDROGEN_RESPONSE,0.315232899983503,1.1673677997432614,0.20238095238095238,0.29987119896959175,0.879,6/41,2.96%,UBE2J1;ALDH1A3;DNAJB9;AZGP1;PGM3;LIFR
21,18,anal_pc5_c21_S1.filtered.gene_spectra_score.k_21.dt_0_01.txt,prerank,HALLMARK_GLYCOLYSIS,0.2781449737762012,1.1572911555845695,0.18835616438356165,0.2954031098915458,0.895,10/67,7.34%,IGFBP3;HSPA5;CHPF;KIF2A;PAM;ISG20;CHST2;FUT8;PLOD2;CHST1
21,18,anal_pc5_c21_S1.filtered.gene_spectra_score.k_21.dt_0_01.txt,prerank,HALLMARK_KRAS_SIGNALING_DN,-0.3046935363844955,-1.155162424707347,0.22331460674157302,0.45581693070891344,0.998,41/78,38.08%,PKP1;KRT15;HSD11B2;FGFR3;TCL1A;SOX10;SGK1;ZBTB16;KRT13;CALML5;KRT4;TFCP2L1;KCNMB1;SLC6A3;IGFBP2;MEFV;AKR1B10;SNCB;EDAR;NR4A2;TGM1;GPR19;SPTBN2;PNMT;CD40LG;LYPD3;TGFB2;LFNG;SLC12A3;DLK2;PTPRJ;SERPINB2;P2RX6;SLC6A14;KCNN1;SPRR3;MAST3;SELENOP;GDNF;CCR8;STAG3
21,18,anal_pc5_c21_S1.filtered.gene_spectra_score.k_21.dt_0_01.txt,prerank,HALLMARK_APICAL_JUNCTION,-0.28039103584905073,-1.1226812299297484,0.2289156626506024,0.49323091694671156,1.0,21/101,11.06%,EVL;ADAM23;LAMB3;ITGB4;MYL9;FYB1;COL17A1;TGFBI;CLDN7;ITGA3;FLNC;LAYN;STX4;ADAM15;ITGA2;RAC2;PCDH1;CLDN4;PTPRC;PPP2R2C;CDH3
21,18,anal_pc5_c21_S1.filtered.gene_spectra_score.k_21.dt_0_01.txt,prerank,HALLMARK_ADIPOGENESIS,0.2849655095603547,1.117212630352538,0.27469135802469136,0.3478733829870639,0.932,15/51,16.18%,DNAJB9;ITIH5;SCARB1;LIFR;LAMA4;C3;APOE;GPX3;PIM3;SOWAHC;PTGER3;PHLDB1;COL15A1;FZD4;NABP1
21,18,anal_pc5_c21_S1.filtered.gene_spectra_score.k_21.dt_0_01.txt,prerank,HALLMARK_APOPTOSIS,-0.2897720337286719,-1.1114526282473411,0.289437585733882,0.4816130580892942,1.0,28/79,25.58%,PLCB2;GSN;IGFBP6;LGALS3;HMGB2;DPYD;DCN;CAV1;SLC20A1;ANXA1;SATB1;EMP1;ERBB2;CD69;CD2;CASP8;CDC25B;EGR3;PLAT;ERBB3;IL18;CTH;TNFSF10;IL1B;SAT1;TOP2A;RHOB;TGFB2
21,18,anal_pc5_c21_S1.filtered.gene_spectra_score.k_21.dt_0_01.txt,prerank,HALLMARK_PEROXISOME,-0.333906760948196,-1.0987587188120416,0.3392857142857143,0.4767345632444049,1.0,12/32,30.88%,ABCC5;HSD11B2;ALDH1A1;ELOVL5;CEL;ABCD2;ACOX1;CRABP1;TOP2A;DHRS3;SEMA3C;HAO2
21,18,anal_pc5_c21_S1.filtered.gene_spectra_score.k_21.dt_0_01.txt,prerank,HALLMARK_INFLAMMATORY_RESPONSE,0.23196408529502266,1.0927000492831298,0.23423423423423423,0.3698203703276685,0.956,34/141,15.62%,EBI3;LAMP3;CCL22;CCL2;CSF1;CCR7;TIMP1;EMP3;SLC1A2;OSMR;RGS1;ITGB3;CD70;RNF144B;CHST2;PTGIR;CD40;CXCL6;BTG2;CCL17;CD48;IRF1;CX3CL1;CCL24;SERPINE1;LYN;RGS16;CD14;TNFRSF9;GPR132;PTGER2;MET;PDE4B;IL1R1
21,18,anal_pc5_c21_S1.filtered.gene_spectra_score.k_21.dt_0_01.txt,prerank,HALLMARK_REACTIVE_OXYGEN_SPECIES_PATHWAY,0.3497331213206203,1.0747811024982667,0.3805309734513274,0.3817587874036325,0.964,4/19,7.20%,PRDX4;LSP1;FTL;GPX3
21,18,anal_pc5_c21_S1.filtered.gene_spectra_score.k_21.dt_0_01.txt,prerank,HALLMARK_PI3K_AKT_MTOR_SIGNALING,-0.33501259571105285,-1.0734016012402798,0.3476968796433878,0.49855870272576946,1.0,13/32,27.40%,ITPR2;CDK1;SLC2A1;E2F1;MKNK1;PLCG1;PIK3R3;VAV3;SLA;PRKCB;PITX2;CAMK4;TIAM1
21,18,anal_pc5_c21_S1.filtered.gene_spectra_score.k_21.dt_0_01.txt,prerank,HALLMARK_P53_PATHWAY,-0.25620414280150977,-1.015136648528677,0.4389261744966443,0.596647463594175,1.0,18/89,15.48%,ABCC5;TP63;CLCA2;KRT17;PTPRE;AK1;ITGB4;DGKA;EPHX1;SERPINB5;GPX2;ZBTB16;KLF4;JAG2;TM4SF1;EPHA2;CDKN2A;EPS8L2
21,18,anal_pc5_c21_S1.filtered.gene_spectra_score.k_21.dt_0_01.txt,prerank,HALLMARK_TGF_BETA_SIGNALING,-0.3195060453419205,-0.9922422024160037,0.4779969650986343,0.6151045343725584,1.0,6/24,17.76%,ID1;SLC20A1;SMAD3;ID3;CDH1;SMAD1
21,18,anal_pc5_c21_S1.filtered.gene_spectra_score.k_21.dt_0_01.txt,prerank,HALLMARK_HEME_METABOLISM,0.24124460846699403,0.9574277084535565,0.5285714285714286,0.6198436113804701,0.998,7/55,7.70%,ACP5;TENT5C;SEC14L1;C3;CTSB;HBB;HBD
21,18,anal_pc5_c21_S1.filtered.gene_spectra_score.k_21.dt_0_01.txt,prerank,HALLMARK_HEDGEHOG_SIGNALING,-0.33553119486784894,-0.9468939073515684,0.5488958990536278,0.6821678135168293,1.0,7/17,23.24%,NRCAM;ADGRG1;CELSR1;L1CAM;NRP1;DPYSL2;HEY1
21,18,anal_pc5_c21_S1.filtered.gene_spectra_score.k_21.dt_0_01.txt,prerank,HALLMARK_IL2_STAT5_SIGNALING,-0.2241733745841224,-0.9319970857624463,0.5932642487046632,0.6784681338487842,1.0,41/127,28.24%,FGL2;CA2;SELL;ALCAM;IL1R2;PIM1;IRF8;IRF6;ECM1;EMP1;IL10RA;MAP3K8;LTB;IKZF2;TNFRSF18;MUC1;AHR;TNFRSF4;CCR4;GATA1;CTLA4;IL2RB;IL3RA;GPR65;ICOS;ST3GAL4;ODC1;BATF;NRP1;PHTF2;TNFSF10;RHOB;IL2RA;LRIG1;CD79B;CISH;TIAM1;GBP4;AGER;BMP2;DHRS3
21,18,anal_pc5_c21_S1.filtered.gene_spectra_score.k_21.dt_0_01.txt,prerank,HALLMARK_SPERMATOGENESIS,0.25721377722124805,0.9302181062295629,0.5623100303951368,0.6530145041160329,0.999,3/36,2.78%,PCSK1N;SLC2A5;SEPTIN4
21,18,anal_pc5_c21_S1.filtered.gene_spectra_score.k_21.dt_0_01.txt,prerank,HALLMARK_MYOGENESIS,-0.22383399333430581,-0.9180974243152528,0.6348773841961853,0.6730612898063691,1.0,11/112,3.72%,GSN;MYH11;CFD;DES;AK1;CKB;CD36;EFS;ITGB4;TAGLN;NQO1
21,18,anal_pc5_c21_S1.filtered.gene_spectra_score.k_21.dt_0_01.txt,prerank,HALLMARK_CHOLESTEROL_HOMEOSTASIS,0.2505267258520865,0.901083507731478,0.6666666666666666,0.6902540553657762,1.0,4/35,6.02%,CXCL16;LGMN;ATF5;MVD
21,18,anal_pc5_c21_S1.filtered.gene_spectra_score.k_21.dt_0_01.txt,prerank,HALLMARK_HYPOXIA,-0.22153981197698822,-0.8981266803660267,0.6739427012278308,0.6821510489297335,1.0,21/111,17.54%,PKP1;CCN5;SELENBP1;CA12;GPC3;GPC1;SRPX;DCN;PIM1;TGFBI;CAV1;CAVIN1;SLC2A1;SDC4;DUSP1;ACKR3;SLC6A6;ADM;PDGFB;ETS1;PLAC8
21,18,anal_pc5_c21_S1.filtered.gene_spectra_score.k_21.dt_0_01.txt,prerank,HALLMARK_UV_RESPONSE_DN,-0.23235352955622704,-0.8718791368393561,0.6924177396280401,0.7015522483597375,1.0,23/69,28.82%,ID1;TGFBR2;EFEMP1;CAV1;SMAD3;DLC1;CELF2;ERBB2;SYNE1;FYN;DUSP1;RUNX1;PLCB4;PPARG;PIK3R3;DAB2;NRP1;F3;INPP4B;NFIB;TFPI;TGFBR3;PIK3CD
21,18,anal_pc5_c21_S1.filtered.gene_spectra_score.k_21.dt_0_01.txt,prerank,HALLMARK_UV_RESPONSE_UP,0.1997020370920407,0.8405586335894718,0.7881944444444444,0.7794590356722854,1.0,12/66,12.80%,CREG1;CYB5R1;DLG4;HMOX1;PPT1;PDLIM3;GPX3;KCNH2;BTG2;IRF1;CTSV;LYN
21,19,anal_pc5_c21_S1.filtered.gene_spectra_score.k_21.dt_0_01.txt,prerank,HALLMARK_EPITHELIAL_MESENCHYMAL_TRANSITION,-0.46208586314398153,-1.7459126754187828,0.0,0.03386895025497931,0.016,62/164,18.56%,GPC1;RHOB;LRP1;PFN2;SDC4;DKK1;FSTL1;IGFBP4;THBS1;ADAM12;SNAI2;WNT5A;CXCL6;BMP1;SAT1;PRRX1;CTHRC1;MMP2;IGFBP2;DST;PLOD2;MEST;FBLN1;LAMA3;LOXL1;JUN;MMP14;LAMC1;CALD1;WIPF1;TPM1;MMP3;COL6A2;GAS1;COL12A1;SPARC;FAS;HTRA1;LUM;TNC;COL3A1;TGFBI;SERPINH1;TNFRSF12A;TPM2;CDH11;MATN2;ANPEP;MYL9;SERPINE1;ACTA2;MYLK;PMEPA1;CXCL1;DCN;SERPINE2;TNFAIP3;COL6A3;IL32;BGN;NT5E;EDIL3
21,19,anal_pc5_c21_S1.filtered.gene_spectra_score.k_21.dt_0_01.txt,prerank,HALLMARK_REACTIVE_OXYGEN_SPECIES_PATHWAY,-0.6772073708784122,-1.7414656856099904,0.0021929824561403508,0.016934475127489655,0.016,10/19,17.76%,GCLC;NQO1;FTL;TXNRD1;MGST1;PRDX4;CAT;LSP1;SCAF4;MBP
21,19,anal_pc5_c21_S1.filtered.gene_spectra_score.k_21.dt_0_01.txt,prerank,HALLMARK_G2M_CHECKPOINT,-0.5174334509972085,-1.722008023663638,0.0,0.015523268866865518,0.022,40/68,29.82%,MT2A;SMAD3;MYC;CDC25B;PTTG1;MEIS1;CKS2;CENPF;PLK1;TOP2A;MCM2;KPNA2;CDC20;CENPE;LMNB1;TPX2;BIRC5;MCM6;SLC7A1;CCNB2;SMC4;CDKN2C;NUSAP1;HMMR;KIF2C;AURKB;KIF4A;SLC12A2;AURKA;KIF23;INCENP;UBE2C;CENPA;MKI67;MEIS2;MAP3K20;E2F1;CDK1;KIF22;KIF20B
21,19,anal_pc5_c21_S1.filtered.gene_spectra_score.k_21.dt_0_01.txt,prerank,HALLMARK_KRAS_SIGNALING_DN,0.8010245238104129,1.6939176486006484,0.002484472049689441,0.010474008391108996,0.015,9/78,1.88%,SPRR3;TGM1;KLK7;ALOX12B;SERPINB2;SLC6A14;LYPD3;KRT13;KLK8
21,19,anal_pc5_c21_S1.filtered.gene_spectra_score.k_21.dt_0_01.txt,prerank,HALLMARK_E2F_TARGETS,-0.5251167374182196,-1.6857525124100332,0.008130081300813009,0.015876070432021553,0.03,27/54,17.80%,TFRC;MYC;CDC25B;PTTG1;CKS2;PLK1;TOP2A;NCAPD2;MCM2;KPNA2;PRDX4;CDC20;CENPE;LMNB1;CDKN2A;HMGB2;BIRC5;MCM6;CCNB2;SMC4;ANP32E;MCM4;CDKN2C;HMMR;KIF2C;HELLS;AURKB
21,19,anal_pc5_c21_S1.filtered.gene_spectra_score.k_21.dt_0_01.txt,prerank,HALLMARK_MITOTIC_SPINDLE,-0.4800927404322949,-1.653587907538859,0.0,0.019474646396613105,0.044,54/77,35.04%,CENPF;PLK1;TOP2A;DST;BCL2L11;GSN;PXN;ARHGAP4;CENPE;LMNB1;TPX2;ANLN;SYNPO;BIRC5;TRIO;CCNB2;SMC4;BCAR1;MID1;EPB41L2;NUSAP1;BIN1;KIF2C;MAP1S;PALLD;ARHGEF2;CDC42EP4;CNTRL;FARP1;CEP250;WASL;ECT2;KIF4A;FLNA;NET1;AURKA;SORBS2;KIF23;INCENP;RHOF;EPB41;RAPGEF5;DOCK2;CDK1;KIF22;KIF20B;RAPGEF6;PDLIM5;FSCN1;ARAP3;NDC80;ITSN1;BUB1;DOCK4
21,19,anal_pc5_c21_S1.filtered.gene_spectra_score.k_21.dt_0_01.txt,prerank,HALLMARK_XENOBIOTIC_METABOLISM,-0.47552745443875377,-1.6445160826677934,0.0,0.016581673562333622,0.045,17/80,3.92%,GCLC;AKR1C3;EPHX1;AKR1C2;ALDH3A1;FMO3;PTGR1;NQO1;CES1;UGDH;MT2A;VNN1;SLC6A6;ABCC3;CFB;IGFBP4;MAOA
21,19,anal_pc5_c21_S1.filtered.gene_spectra_score.k_21.dt_0_01.txt,prerank,HALLMARK_APICAL_SURFACE,0.798753829584401,1.5279275794295095,0.05172413793103448,0.26054095872883626,0.501,3/27,1.54%,RHCG;MAL;LYPD3
21,19,anal_pc5_c21_S1.filtered.gene_spectra_score.k_21.dt_0_01.txt,prerank,HALLMARK_WNT_BETA_CATENIN_SIGNALING,-0.5923539844778325,-1.4282223306200006,0.06627680311890838,0.13910461711866504,0.361,4/15,3.42%,JAG1;HEY1;MYC;DKK1
21,19,anal_pc5_c21_S1.filtered.gene_spectra_score.k_21.dt_0_01.txt,prerank,HALLMARK_DNA_REPAIR,-0.49739489184867586,-1.2991307734460515,0.15246636771300448,0.3212258250745694,0.682,8/22,20.24%,BCAM;ARL6IP1;AK1;BRF2;AAAS;STX3;USP11;SNAPC4
21,19,anal_pc5_c21_S1.filtered.gene_spectra_score.k_21.dt_0_01.txt,prerank,HALLMARK_UV_RESPONSE_DN,-0.3821623545721335,-1.269448046931531,0.12105263157894737,0.33939510568010517,0.746,23/69,16.82%,RUNX1;SMAD3;PIK3R3;MAP1B;RND3;MYC;ERBB2;EFEMP1;SNAI2;TFPI;RBPMS;PLPP3;CAV1;LAMC1;NFIB;IGFBP5;SLC7A1;COL3A1;PLCB4;ICA1;CELF2;SERPINE1;SMAD7
21,19,anal_pc5_c21_S1.filtered.gene_spectra_score.k_21.dt_0_01.txt,prerank,HALLMARK_ANGIOGENESIS,-0.4325080773547117,-1.2108789825021242,0.208,0.41510632156259025,0.842,12/29,24.98%,JAG1;TNFRSF21;FSTL1;CXCL6;LUM;COL3A1;S100A4;JAG2;CCND2;PDGFA;TIMP1;SPP1
21,19,anal_pc5_c21_S1.filtered.gene_spectra_score.k_21.dt_0_01.txt,prerank,HALLMARK_ANDROGEN_RESPONSE,-0.407574913737276,-1.188003174283284,0.21639344262295082,0.4218223804483787,0.871,14/41,14.16%,KRT19;TSC22D1;KRT8;SELENOP;SGK1;DBI;ARID5B;SAT1;STK39;ABCC4;SLC26A2;PGM3;PTK2B;ZBTB10
21,19,anal_pc5_c21_S1.filtered.gene_spectra_score.k_21.dt_0_01.txt,prerank,HALLMARK_ALLOGRAFT_REJECTION,-0.3224194723926111,-1.1856963068437396,0.16842105263157894,0.3910805349754643,0.874,72/121,43.16%,STAT1;CDKN2A;PTPN6;LYN;FAS;ICAM1;ITGAL;CD74;CTSS;CCL2;CSF1;ST8SIA4;CCND2;SRGN;FYB1;ITGB2;ZAP70;IL16;FLNA;CD79A;IRF8;PTPRC;LTB;SOCS5;CCL11;TIMP1;IRF4;CD8A;CCND3;HCLS1;CXCL9;ETS1;TGFB2;MAP4K1;CD96;GPR65;CD2;LY75;IL2RB;CD86;INHBB;CD3E;SOCS1;IL1B;CD80;ITK;FGR;STAT4;IL12RB1;IL7;CD28;IL27RA;LCK;JAK2;CD1D;LY86;CD3D;WAS;CD40;CCR5;SPI1;CCL13;GZMA;CCL4;CCL22;IL2RG;STAB1;TLR1;CXCR3;CD3G;SIT1;CD4
21,19,anal_pc5_c21_S1.filtered.gene_spectra_score.k_21.dt_0_01.txt,prerank,HALLMARK_HEME_METABOLISM,-0.3686645011630004,-1.179797667629605,0.22,0.37288411578799335,0.887,15/55,15.94%,GCLC;CTSB;TFRC;SLC7A11;BCAM;SELENBP1;BPGM;SNCA;CAT;BTG2;OSBP2;BMP2K;CA2;TENT5C;ALDH1L1
21,19,anal_pc5_c21_S1.filtered.gene_spectra_score.k_21.dt_0_01.txt,prerank,HALLMARK_INTERFERON_ALPHA_RESPONSE,-0.36423884187544964,-1.1416299127584086,0.22672064777327935,0.4192794600761502,0.927,21/50,22.44%,IFITM3;PSMB9;IFI27;C1S;PARP14;TRIM14;IFI44;LAP3;CD74;NCOA7;IFI30;IRF1;NUB1;CSF1;TENT5A;SP110;IFIH1;HERC6;CASP8;TRIM25;EPSTI1
21,19,anal_pc5_c21_S1.filtered.gene_spectra_score.k_21.dt_0_01.txt,prerank,HALLMARK_ESTROGEN_RESPONSE_LATE,0.5275622169079861,1.128947637807087,0.3502824858757062,1.0,1.0,9/106,4.38%,KLK10;CLIC3;ANXA9;SULT2B1;KRT13;KLK11;FABP5;NMU;KLF4
21,19,anal_pc5_c21_S1.filtered.gene_spectra_score.k_21.dt_0_01.txt,prerank,HALLMARK_ESTROGEN_RESPONSE_EARLY,0.5221974938443972,1.114505781315834,0.3514412416851441,1.0,1.0,10/118,4.70%,KLK10;CLIC3;ANXA9;SULT2B1;KRT13;ZNF185;UGCG;KLF4;SLC2A1;RHOD
21,19,anal_pc5_c21_S1.filtered.gene_spectra_score.k_21.dt_0_01.txt,prerank,HALLMARK_INTERFERON_GAMMA_RESPONSE,-0.30463055105407266,-1.1008462631542073,0.28205128205128205,0.4664036691362777,0.965,46/111,22.92%,TNFSF10;IDO1;MT2A;CFB;IFITM3;PSMB9;ARID5B;C1R;IFI27;RNF213;C1S;BPGM;PARP14;STAT1;OAS2;EIF4E3;SAMHD1;NLRC5;XAF1;PTPN6;TRIM14;FAS;CIITA;IFI44;LAP3;ICAM1;CD74;IFI30;CCL2;IRF1;IL10RA;ST8SIA4;TNFAIP2;TNFAIP3;SP110;SLAMF7;IFIH1;HERC6;CASP8;IRF8;TRIM25;EPSTI1;FGL2;NOD1;CFH;VCAM1
21,19,anal_pc5_c21_S1.filtered.gene_spectra_score.k_21.dt_0_01.txt,prerank,HALLMARK_UNFOLDED_PROTEIN_RESPONSE,0.6009822265680331,1.0926389491343271,0.4306569343065693,1.0,1.0,8/23,7.34%,ERO1A;VEGFA;CEBPB;NABP1;DDIT4;CHAC1;IFIT1;PSAT1
21,19,anal_pc5_c21_S1.filtered.gene_spectra_score.k_21.dt_0_01.txt,prerank,HALLMARK_FATTY_ACID_METABOLISM,-0.35017159177095114,-1.0822585447338922,0.34275618374558303,0.46860867891850283,0.974,11/44,11.02%,EPHX1;ALDH1A1;ALDH3A1;UGDH;VNN1;CBR3;MAOA;ACSL4;ACSS1;HSD17B11;CEL
21,19,anal_pc5_c21_S1.filtered.gene_spectra_score.k_21.dt_0_01.txt,prerank,HALLMARK_HYPOXIA,0.5009763999659029,1.0748402502173224,0.41946308724832215,1.0,1.0,20/111,6.68%,SULT2B1;ERO1A;PIM1;NDRG1;TMEM45A;MAFF;CDKN1A;ANGPTL4;HMOX1;VEGFA;SLC2A1;HK2;DUSP1;PGF;ERRFI1;BNIP3L;CHST2;DDIT4;PLAUR;DDIT3
21,19,anal_pc5_c21_S1.filtered.gene_spectra_score.k_21.dt_0_01.txt,prerank,HALLMARK_TGF_BETA_SIGNALING,-0.39014520329577884,-1.0618755490199676,0.43309002433090027,0.48026669534358535,0.982,10/24,18.80%,SMAD3;ID3;TGIF1;THBS1;SMAD1;PPP1R15A;SERPINE1;SMAD7;PMEPA1;SLC20A1
21,19,anal_pc5_c21_S1.filtered.gene_spectra_score.k_21.dt_0_01.txt,prerank,HALLMARK_SPERMATOGENESIS,-0.34519609506726673,-1.0200924532142863,0.43154761904761907,0.5329655644290494,0.992,15/36,34.44%,GSTM3;HSPA4L;LPIN1;CCNB2;IDE;KIF2C;IL12RB2;CSNK2A2;SLC12A2;AURKA;HSPA2;CDK1;CCNA1;SEPTIN4;BUB1
21,19,anal_pc5_c21_S1.filtered.gene_spectra_score.k_21.dt_0_01.txt,prerank,HALLMARK_UV_RESPONSE_UP,-0.2940649469931979,-0.9755780518542465,0.5345622119815668,0.589698531906597,0.994,24/66,20.48%,EPHX1;TFRC;RHOB;EPCAM;MAOA;ATF3;IGFBP2;BCL2L11;OLFM1;BTG2;MMP14;PPT1;LYN;CREG1;ICAM1;CYB5R1;IRF1;CA2;LHX2;PRKCD;BID;RAB27A;HYAL2;PTPRD
21,19,anal_pc5_c21_S1.filtered.gene_spectra_score.k_21.dt_0_01.txt,prerank,HALLMARK_COAGULATION,0.44588169999960886,0.9331537427909357,0.5730478589420654,1.0,1.0,7/79,6.10%,ANXA1;SERPINB2;KLK8;MAFF;DUSP14;HPN;GDA
21,19,anal_pc5_c21_S1.filtered.gene_spectra_score.k_21.dt_0_01.txt,prerank,HALLMARK_GLYCOLYSIS,0.44724635659735323,0.9119006376582169,0.6133004926108374,1.0,1.0,12/67,9.20%,DSC2;ERO1A;ANGPTL4;VEGFA;HK2;CHST2;DDIT4;TGFA;EGLN3;VLDLR;CITED2;CTH
21,19,anal_pc5_c21_S1.filtered.gene_spectra_score.k_21.dt_0_01.txt,prerank,HALLMARK_KRAS_SIGNALING_UP,0.4172408933947594,0.9072185724840296,0.6422319474835886,1.0,1.0,13/131,8.38%,SLPI;EMP1;ERO1A;MALL;PRDM1;ANGPTL4;KLF4;HBEGF;BMP2;PLAUR;EREG;ARG1;ALDH1A3
21,19,anal_pc5_c21_S1.filtered.gene_spectra_score.k_21.dt_0_01.txt,prerank,HALLMARK_APICAL_JUNCTION,-0.25482684784767523,-0.9068584495584758,0.6864406779661016,0.6869046473587993,0.996,31/101,23.04%,MDK;ITGB4;PIK3R3;LAMB3;ADAM23;ITGA3;BMP1;MMP2;CD276;EVL;LAMA3;ADAM15;THBS3;CLDN7;ICAM1;TGFBI;WNK4;CDH11;MYL9;EPB41L2;SHC1;SORBS3;NLGN2;WASL;FYB1;MAPK11;CERCAM;TRAF1;PTPRC;VCAM1;LAYN
21,19,anal_pc5_c21_S1.filtered.gene_spectra_score.k_21.dt_0_01.txt,prerank,HALLMARK_COMPLEMENT,0.4158568298738734,0.8967948507430986,0.6531531531531531,1.0,1.0,10/122,6.28%,S100A12;SERPINB2;PIM1;CD55;MAFF;CD36;DOCK9;CEBPB;PRSS3;PLAUR
21,19,anal_pc5_c21_S1.filtered.gene_spectra_score.k_21.dt_0_01.txt,prerank,HALLMARK_IL2_STAT5_SIGNALING,0.39032584352831956,0.8684556519148064,0.6713973799126638,1.0,1.0,13/127,8.88%,HOPX;EMP1;PIM1;NDRG1;MAFF;HK2;ECM1;BMP2;MAP3K8;TIAM1;MXD1;ST3GAL4;ODC1
21,19,anal_pc5_c21_S1.filtered.gene_spectra_score.k_21.dt_0_01.txt,prerank,HALLMARK_APOPTOSIS,0.4101132876817461,0.8677971869394024,0.630071599045346,1.0,1.0,11/79,7.96%,ANXA1;EMP1;CDKN1A;HMOX1;IL1A;BNIP3L;GPX3;BMP2;DDIT3;EREG;IL18
21,19,anal_pc5_c21_S1.filtered.gene_spectra_score.k_21.dt_0_01.txt,prerank,HALLMARK_ADIPOGENESIS,-0.27566870199874416,-0.857071314428871,0.69140625,0.7333232532886146,1.0,14/51,19.96%,CYP4B1;BCL6;CAVIN1;ABCA1;CAT;FABP4;CDKN2C;SPARCL1;COL15A1;MYLK;ESRRA;CCNG2;UCP2;LAMA4
21,19,anal_pc5_c21_S1.filtered.gene_spectra_score.k_21.dt_0_01.txt,prerank,HALLMARK_P53_PATHWAY,0.3938413202654163,0.8358501798703948,0.6933019976498237,1.0,1.0,22/89,6.72%,KLK8;CDKN2B;RRAD;NDRG1;KRT17;UPP1;CDKN1A;HMOX1;SERPINB5;KLF4;TRIB3;IL1A;ALOX15B;HBEGF;ZNF365;EPS8L2;TM4SF1;DDIT4;BMP2;TGFA;DDIT3;EPHA2
21,19,anal_pc5_c21_S1.filtered.gene_spectra_score.k_21.dt_0_01.txt,prerank,HALLMARK_BILE_ACID_METABOLISM,0.40671884170192196,0.7934917380027251,0.697503671071953,1.0,1.0,1/37,1.06%,SULT2B1
21,19,anal_pc5_c21_S1.filtered.gene_spectra_score.k_21.dt_0_01.txt,prerank,HALLMARK_CHOLESTEROL_HOMEOSTASIS,0.398130709213149,0.7786462884906016,0.7492354740061162,1.0,1.0,12/35,10.46%,MAL2;FABP5;HMGCR;TRIB3;ACAT2;ERRFI1;SCD;PLAUR;FDPS;HMGCS1;LPL;MVD
21,19,anal_pc5_c21_S1.filtered.gene_spectra_score.k_21.dt_0_01.txt,prerank,HALLMARK_MYOGENESIS,-0.2143768783757184,-0.775061706259059,0.8585858585858586,0.8285384393341673,1.0,29/112,23.94%,NQO1;ITGB4;MYH11;CLU;ADAM12;LPIN1;GSN;CDH13;EFS;PFKM;AK1;COL6A2;SPARC;COL3A1;TNNC1;LSP1;TPM2;BIN1;COL15A1;MYLK;COL6A3;SORBS3;PKIA;MAPRE3;BDKRB2;CKB;LAMA2;GAA;IGFBP7
21,19,anal_pc5_c21_S1.filtered.gene_spectra_score.k_21.dt_0_01.txt,prerank,HALLMARK_PEROXISOME,0.3793606397534198,0.7348388484409534,0.7215189873417721,1.0,1.0,1/32,1.06%,SULT2B1
21,19,anal_pc5_c21_S1.filtered.gene_spectra_score.k_21.dt_0_01.txt,prerank,HALLMARK_HEDGEHOG_SIGNALING,0.39396757465678484,0.7062789765479424,0.7392923649906891,1.0,1.0,5/17,10.28%,SLIT1;VEGFA;NRCAM;VLDLR;ACHE
21,19,anal_pc5_c21_S1.filtered.gene_spectra_score.k_21.dt_0_01.txt,prerank,HALLMARK_MTORC1_SIGNALING,0.3311216113937368,0.6940731585280431,0.8341836734693877,1.0,1.0,18/72,9.20%,ERO1A;CDKN1A;HMGCR;SLC2A1;HK2;TRIB3;SCD;DDIT4;DDIT3;INSIG1;EGLN3;PSAT1;RRM2;BCAT1;DAPP1;VLDLR;HMGCS1;CTH
21,19,anal_pc5_c21_S1.filtered.gene_spectra_score.k_21.dt_0_01.txt,prerank,HALLMARK_TNFA_SIGNALING_VIA_NFKB,0.2889475636181101,0.6393562755888199,0.9176598049837487,1.0,1.0,19/150,8.42%,SERPINB2;IL23A;MAFF;CDKN1A;VEGFA;SERPINB8;KLF4;IL1A;HBEGF;DUSP1;TLR2;CEBPB;FOSL1;BMP2;PLAUR;NFKBIA;MAP3K8;IL18;MXD1
21,19,anal_pc5_c21_S1.filtered.gene_spectra_score.k_21.dt_0_01.txt,prerank,HALLMARK_IL6_JAK_STAT3_SIGNALING,0.29635056975055407,0.5966285332695652,0.8811748998664887,0.9887463921206892,1.0,5/53,7.56%,PIM1;HMOX1;CD36;TLR2;MAP3K8
21,19,anal_pc5_c21_S1.filtered.gene_spectra_score.k_21.dt_0_01.txt,prerank,HALLMARK_PI3K_AKT_MTOR_SIGNALING,0.28554004441660835,0.5431641096923537,0.916923076923077,0.9806913809056219,1.0,6/32,8.64%,CDKN1A;SLC2A1;TRIB3;DDIT3;TIAM1;DAPP1
21,19,anal_pc5_c21_S1.filtered.gene_spectra_score.k_21.dt_0_01.txt,prerank,HALLMARK_INFLAMMATORY_RESPONSE,0.19951670985128483,0.44435520393661143,0.9978331527627302,0.9849138572321242,1.0,19/141,11.06%,CD55;CDKN1A;IL1A;HBEGF;RNF144B;TLR2;HPN;CHST2;PLAUR;NFKBIA;EREG;IL18;MXD1;CXCL8;ADM;NOD2;IL1R1;NAMPT;VIP
21,20,anal_pc5_c21_S1.filtered.gene_spectra_score.k_21.dt_0_01.txt,prerank,HALLMARK_TNFA_SIGNALING_VIA_NFKB,0.7781891748738048,1.5928573910743287,0.0020855057351407717,0.31193721602643537,0.285,66/150,10.44%,DUSP5;IL1A;MXD1;PHLDA1;MAFF;PPP1R15A;SAT1;IL23A;ZFP36;TIPARP;F3;IER3;NFKBIA;DUSP4;GADD45A;ATF3;DUSP1;ICAM1;IL18;FOSL1;TNFAIP3;IL1B;IER5;SOD2;SDC4;CCN1;RNF19B;TNFAIP2;PFKFB3;MAP2K3;CCL2;PDLIM5;BIRC3;SERPINB2;CCL20;PTGS2;NFKB2;KYNU;PLAU;AREG;CXCL2;GEM;NAMPT;IRS2;CD83;CXCL1;CCL4;LDLR;TNFAIP6;KDM6B;PER1;FOSB;NR4A2;CXCL3;PLK2;DRAM1;DUSP2;ZC3H12A;SERPINE1;G0S2;GADD45B;PLAUR;SOCS3;IL6;EGR3;TLR2
21,20,anal_pc5_c21_S1.filtered.gene_spectra_score.k_21.dt_0_01.txt,prerank,HALLMARK_BILE_ACID_METABOLISM,-0.5462877826114836,-1.5911011257609868,0.024096385542168676,0.1420949902407287,0.086,20/37,29.34%,SULT2B1;ALDH1A1;RBP1;TFCP2L1;ACSL1;CAT;NR1I2;ABCA2;NR3C2;ABCA1;ACSL5;FADS2;SULT1B1;PFKM;LIPE;CH25H;HSD17B11;CYP7B1;BMP6;LCK
21,20,anal_pc5_c21_S1.filtered.gene_spectra_score.k_21.dt_0_01.txt,prerank,HALLMARK_APOPTOSIS,0.747929237831189,1.50202471658106,0.029714285714285714,0.60272614622057,0.689,17/79,6.54%,EMP1;IL1A;PMAIP1;SAT1;PLAT;ANXA1;IER3;GADD45A;ATF3;HMOX1;IL18;IL1B;LGALS3;SOD2;TIMP2;BIRC3;CCNA1
21,20,anal_pc5_c21_S1.filtered.gene_spectra_score.k_21.dt_0_01.txt,prerank,HALLMARK_IL2_STAT5_SIGNALING,0.7298653627630917,1.4989762795831245,0.009503695881731784,0.4141539308825554,0.699,8/127,3.24%,ECM1;EMP1;MXD1;PHLDA1;MAFF;HOPX;RGS16;MUC1
21,20,anal_pc5_c21_S1.filtered.gene_spectra_score.k_21.dt_0_01.txt,prerank,HALLMARK_PI3K_AKT_MTOR_SIGNALING,-0.508215961170125,-1.4463124112726256,0.04501607717041801,0.27013662979830844,0.291,20/32,23.94%,VAV3;MAPK10;SLC2A1;CDK1;PLCG1;PIK3R3;DDIT3;MKNK1;PDK1;PPP2R1B;MKNK2;ITPR2;TIAM1;CDKN1A;PRKCB;NOD1;E2F1;CXCR4;TRIB3;SLA
21,20,anal_pc5_c21_S1.filtered.gene_spectra_score.k_21.dt_0_01.txt,prerank,HALLMARK_INFLAMMATORY_RESPONSE,0.690199724103534,1.419328435675939,0.031413612565445025,0.6522924411400248,0.921,37/141,11.60%,IL1A;MXD1;ITGB8;CD55;RGS16;F3;ADM;NFKBIA;ICAM1;CXCL8;IL18;IL1B;CCL2;CCL20;LYN;NAMPT;CCL22;LDLR;TNFAIP6;EREG;FPR1;CSF3R;PDPN;SERPINE1;AQP9;RASGRP1;PLAUR;IL6;TLR2;MARCO;PROK2;LAMP3;SLC31A2;EDN1;MEFV;CLEC5A;CX3CL1
21,20,anal_pc5_c21_S1.filtered.gene_spectra_score.k_21.dt_0_01.txt,prerank,HALLMARK_ESTROGEN_RESPONSE_LATE,-0.3936498816638058,-1.3928446038415168,0.02631578947368421,0.2649316851008458,0.402,33/106,14.76%,FABP5;RAPGEFL1;KRT19;SULT2B1;KLK11;KLF4;ASS1;SLC26A2;SGK1;CKB;FGFR3;PRSS23;LLGL2;FLNB;CA2;MDK;CDH1;HR;HSPA4L;PLXNB1;CA12;CYP4F11;CXCL14;UGDH;FOS;XBP1;OVOL2;SLC16A1;TOP2A;SCARB1;NBL1;TIAM1;IGFBP4
21,20,anal_pc5_c21_S1.filtered.gene_spectra_score.k_21.dt_0_01.txt,prerank,HALLMARK_P53_PATHWAY,0.6784289723843402,1.3879787282539406,0.0861141011840689,0.6624700536968195,0.956,20/89,5.76%,IL1A;MXD1;EPHA2;PPP1R15A;CDKN2B;TM4SF1;SAT1;RGS16;ZNF365;IER3;GADD45A;ATF3;HMOX1;CDKN2A;IER5;TGFA;RNF19B;UPP1;GM2A;RAP2B
21,20,anal_pc5_c21_S1.filtered.gene_spectra_score.k_21.dt_0_01.txt,prerank,HALLMARK_G2M_CHECKPOINT,-0.42300200324144543,-1.3686797864292786,0.04964539007092199,0.23305139882888745,0.452,36/68,29.14%,MCM2;MCM6;CDK1;SLC7A1;CCNB2;MYC;NUSAP1;POLE;KIF22;MEIS1;PTTG1;SNRPD1;TOP2A;KIF23;PLK1;KPNA2;CDKN2C;LMNB1;FANCC;TROAP;INCENP;UBE2C;KIF20B;NEK2;CKS2;E2F1;TPX2;CENPE;PRC1;MAP3K20;KIF11;TTK;KIF4A;MKI67;MEIS2;EFNA5
21,20,anal_pc5_c21_S1.filtered.gene_spectra_score.k_21.dt_0_01.txt,prerank,HALLMARK_PEROXISOME,-0.48257777523684914,-1.3432012479682662,0.1056338028169014,0.2167338972023422,0.498,14/32,16.94%,SULT2B1;CRABP2;ABCC5;ALDH1A1;HSD11B2;ABCB1;ACSL1;CAT;NR1I2;SEMA3C;FDPS;TOP2A;ACSL5;IDE
21,20,anal_pc5_c21_S1.filtered.gene_spectra_score.k_21.dt_0_01.txt,prerank,HALLMARK_KRAS_SIGNALING_UP,0.6368760897756928,1.3326824087239297,0.11052631578947368,0.7739685162237827,0.988,19/131,7.28%,EMP1;ERO1A;BPGM;PPP1R15A;PLAT;RGS16;CFB;SLPI;TNFAIP3;IL1B;PRDM1;HKDC1;ALDH1A3;BIRC3;CCL20;PTGS2;PLAU;TFPI;HDAC9
21,20,anal_pc5_c21_S1.filtered.gene_spectra_score.k_21.dt_0_01.txt,prerank,HALLMARK_HYPOXIA,0.6418281858765709,1.3090937881673153,0.13800424628450106,0.7568065144273323,0.993,22/111,6.32%,ERO1A;MAFF;PPP1R15A;EDN2;ZFP36;TIPARP;F3;ERRFI1;ADM;IER3;ATF3;HMOX1;DUSP1;TNFAIP3;CITED2;CCNG2;PPP1R3C;SDC4;AMPD3;CCN1;PFKFB3;NEDD4L
21,20,anal_pc5_c21_S1.filtered.gene_spectra_score.k_21.dt_0_01.txt,prerank,HALLMARK_MITOTIC_SPINDLE,-0.39451986406057316,-1.2869905875850447,0.09322033898305085,0.24697462589459987,0.609,43/77,27.84%,FLNB;GSN;TUBA4A;CDK1;ARHGAP4;FGD4;CCNB2;NUSAP1;EPB41;KIF22;NET1;BIN1;RAPGEF5;TOP2A;DOCK2;TIAM1;CNTRL;KIF23;PLK1;RAPGEF6;LMNB1;MID1;INCENP;KIF20B;ANLN;SYNPO;NEK2;TRIO;DST;CDC42EP4;BCL2L11;FLNA;TPX2;KNTC1;PIF1;EPB41L2;CENPE;PRC1;KIF11;CEP250;TTK;KIF4A;ITSN1
21,20,anal_pc5_c21_S1.filtered.gene_spectra_score.k_21.dt_0_01.txt,prerank,HALLMARK_COMPLEMENT,0.6238964993294228,1.2810401655641195,0.1472457627118644,0.7624397631832576,0.995,20/122,7.80%,DUSP5;MAFF;S100A12;CTSV;CD55;PLAT;F3;ADAM9;CFB;PDP1;TNFAIP3;LGALS3;TIMP2;SERPINB2;C2;KYNU;LYN;PIM1;DOCK9;CXCL1
21,20,anal_pc5_c21_S1.filtered.gene_spectra_score.k_21.dt_0_01.txt,prerank,HALLMARK_APICAL_SURFACE,0.6819339394656134,1.2721311426823168,0.24782608695652175,0.7096424801505347,0.995,2/27,1.02%,MAL;RHCG
21,20,anal_pc5_c21_S1.filtered.gene_spectra_score.k_21.dt_0_01.txt,prerank,HALLMARK_EPITHELIAL_MESENCHYMAL_TRANSITION,0.5976386805881608,1.2391861888360103,0.18640576725025745,0.7440671898664464,0.999,17/164,7.80%,ECM1;SAT1;DKK1;GADD45A;CXCL8;TNFAIP3;MMP1;SDC4;FSTL1;LAMC2;CCN1;MMP3;QSOX1;AREG;GEM;TNFRSF12A;CXCL1
21,20,anal_pc5_c21_S1.filtered.gene_spectra_score.k_21.dt_0_01.txt,prerank,HALLMARK_COAGULATION,0.6111371102064201,1.2302295177538987,0.23085460599334073,0.7036611467838234,0.999,13/79,6.50%,MAFF;CTSV;PLAT;F3;ANXA1;ADAM9;DUSP14;CFB;MMP1;MMP3;SERPINB2;C2;PLAU
21,20,anal_pc5_c21_S1.filtered.gene_spectra_score.k_21.dt_0_01.txt,prerank,HALLMARK_CHOLESTEROL_HOMEOSTASIS,-0.4336841765388653,-1.2155554190689664,0.22093023255813954,0.3107351984385166,0.762,17/35,12.88%,FABP5;MAL2;JAG1;HMGCR;FASN;SCD;LGMN;CLU;ALCAM;MVK;PPARG;TM7SF2;ACAT2;NIBAN1;ABCA2;FDPS;HMGCS1
21,20,anal_pc5_c21_S1.filtered.gene_spectra_score.k_21.dt_0_01.txt,prerank,HALLMARK_UNFOLDED_PROTEIN_RESPONSE,0.6530654022342913,1.208143580827482,0.319634703196347,0.7086144384781311,0.999,5/23,7.82%,ERO1A;ATF3;NABP1;CCL2;CHAC1
21,20,anal_pc5_c21_S1.filtered.gene_spectra_score.k_21.dt_0_01.txt,prerank,HALLMARK_REACTIVE_OXYGEN_SPECIES_PATHWAY,-0.4756919799490835,-1.1635304939909532,0.27887323943661974,0.35484710474951203,0.844,10/19,15.40%,GCLC;NQO1;PFKP;PRDX4;FTL;CAT;SCAF4;LSP1;MGST1;GPX3
21,20,anal_pc5_c21_S1.filtered.gene_spectra_score.k_21.dt_0_01.txt,prerank,HALLMARK_UV_RESPONSE_DN,0.5550948040578978,1.1230493720889847,0.35876993166287013,0.8864656478039378,1.0,14/69,10.36%,RND3;F3;DUSP1;RBPMS;CITED2;CCN1;PDLIM5;TFPI;TJP1;LDLR;SDC2;SERPINE1;PRKCE;MGLL
21,20,anal_pc5_c21_S1.filtered.gene_spectra_score.k_21.dt_0_01.txt,prerank,HALLMARK_KRAS_SIGNALING_DN,0.5400167449202772,1.106984451389896,0.37230419977298523,0.8644361833952913,1.0,7/78,6.54%,SPRR3;SLC6A14;EDN2;KLK7;KRT13;SERPINB2;CCNA1
21,20,anal_pc5_c21_S1.filtered.gene_spectra_score.k_21.dt_0_01.txt,prerank,HALLMARK_E2F_TARGETS,-0.34108714003719715,-1.0784734333629369,0.3582887700534759,0.4604641075688571,0.923,34/54,34.58%,MCM4;MCM2;MCM6;PRDX4;CDK1;HELLS;CCNB2;MYC;POLE;KIF22;PTTG1;TOP2A;CDKN1A;PLK1;KPNA2;CDKN2C;LMNB1;LIG1;SPAG5;CKS2;DEPDC1;CIT;HMGB2;CENPE;TCF19;NCAPD2;KIF4A;MKI67;DLGAP5;TK1;CDC20;RRM2;EZH2;MYBL2
21,20,anal_pc5_c21_S1.filtered.gene_spectra_score.k_21.dt_0_01.txt,prerank,HALLMARK_INTERFERON_GAMMA_RESPONSE,0.5197947213354148,1.0673918727734242,0.4308510638297872,0.9047941621919318,1.0,23/111,9.42%,BPGM;IDO1;ISG15;NFKBIA;CFB;ICAM1;TNFAIP3;PELI1;SOD2;ARID5B;TNFAIP2;UPP1;CCL2;PTGS2;PIM1;NAMPT;TRIM25;TNFAIP6;MT2A;FPR1;SECTM1;OAS3;SELP
21,20,anal_pc5_c21_S1.filtered.gene_spectra_score.k_21.dt_0_01.txt,prerank,HALLMARK_UV_RESPONSE_UP,0.527046874365997,1.0591185451931422,0.43089430894308944,0.866198540547983,1.0,17/66,11.24%,CTSV;CDKN2B;NFKBIA;DNAJB1;ATF3;HMOX1;ICAM1;SOD2;PPIF;LYN;CXCL2;FOSB;RASGRP1;CDKN1C;IL6;NR4A1;FURIN
21,20,anal_pc5_c21_S1.filtered.gene_spectra_score.k_21.dt_0_01.txt,prerank,HALLMARK_XENOBIOTIC_METABOLISM,0.4992089166176934,1.0242108590759305,0.4735632183908046,0.890716038583959,1.0,20/80,10.28%,EPHA2;NDRG2;CFB;HMOX1;FMO3;UPP1;PDLIM5;KYNU;ACOX1;TDO2;BLVRB;BCAT1;MT2A;LPIN2;TPST1;TGFB2;GCNT2;SERPINE1;AQP9;ITIH1
21,20,anal_pc5_c21_S1.filtered.gene_spectra_score.k_21.dt_0_01.txt,prerank,HALLMARK_WNT_BETA_CATENIN_SIGNALING,0.5694643101996532,1.0064140714903937,0.4769503546099291,0.8791714473664081,1.0,2/15,5.08%,DKK1;CSNK1E
21,20,anal_pc5_c21_S1.filtered.gene_spectra_score.k_21.dt_0_01.txt,prerank,HALLMARK_HEME_METABOLISM,0.496768053041135,0.9787262736525167,0.530359355638166,0.8886917831547063,1.0,10/55,8.86%,BPGM;PDZK1IP1;OSBP2;SEC14L1;ALDH1L1;MAP2K3;BLVRB;SPTB;LPIN2;RHCE
21,20,anal_pc5_c21_S1.filtered.gene_spectra_score.k_21.dt_0_01.txt,prerank,HALLMARK_TGF_BETA_SIGNALING,0.5067477702701482,0.9570732311424933,0.5014705882352941,0.8832493460002754,1.0,6/24,11.24%,PPP1R15A;RAB31;TJP1;SERPINE1;CDKN1C;FURIN
21,20,anal_pc5_c21_S1.filtered.gene_spectra_score.k_21.dt_0_01.txt,prerank,HALLMARK_GLYCOLYSIS,0.4808691473929305,0.9496456458418332,0.5690866510538641,0.8547432190554868,1.0,7/67,7.70%,ERO1A;ELF3;IER3;CITED2;TGFA;QSOX1;IRS2
21,20,anal_pc5_c21_S1.filtered.gene_spectra_score.k_21.dt_0_01.txt,prerank,HALLMARK_APICAL_JUNCTION,-0.2442765081185403,-0.8938690544296535,0.7209302325581395,0.7776187378009108,0.991,40/101,27.10%,MPZL2;ADAM15;LAMA3;CDH3;MDK;CDH1;EVL;RAC2;SHC1;ALOX15B;ITGB4;ADAM23;STX4;PLCG1;PIK3R3;PPP2R2C;LAMB3;CD209;ITGA9;NLGN2;SORBS3;FYB1;TGFBI;ICAM2;MYL9;PTPRC;VWF;PECAM1;CLDN7;MMP9;MVD;CD34;TSPAN4;EPB41L2;SIRPA;CLDN5;MAP3K20;ACTG2;THBS3;NFASC
21,20,anal_pc5_c21_S1.filtered.gene_spectra_score.k_21.dt_0_01.txt,prerank,HALLMARK_FATTY_ACID_METABOLISM,0.45514295901563573,0.8893286736220102,0.5854922279792746,0.9142628265304844,1.0,4/44,7.10%,GLUL;TP53INP2;ACOX1;TDO2
21,20,anal_pc5_c21_S1.filtered.gene_spectra_score.k_21.dt_0_01.txt,prerank,HALLMARK_IL6_JAK_STAT3_SIGNALING,0.4363517580777202,0.8553839874565244,0.6481927710843374,0.9249693203790504,1.0,12/53,13.10%,HMOX1;IL1B;PIM1;TNFRSF12A;CXCL1;CXCL3;CSF3R;SOCS3;IL6;TLR2;MAP3K8;CRLF2
21,20,anal_pc5_c21_S1.filtered.gene_spectra_score.k_21.dt_0_01.txt,prerank,HALLMARK_ANDROGEN_RESPONSE,0.42607966019126786,0.8273291923465859,0.6592105263157895,0.9260819679654871,1.0,5/41,5.92%,STEAP4;SAT1;ARID5B;ALDH1A3;PDLIM5
21,20,anal_pc5_c21_S1.filtered.gene_spectra_score.k_21.dt_0_01.txt,prerank,HALLMARK_MTORC1_SIGNALING,0.4009867500965115,0.8060493264742031,0.7027334851936219,0.917518380834366,1.0,8/72,8.14%,ERO1A;PPP1R15A;MAP2K3;IFRD1;DAPP1;NAMPT;LDLR;BCAT1
21,20,anal_pc5_c21_S1.filtered.gene_spectra_score.k_21.dt_0_01.txt,prerank,HALLMARK_DNA_REPAIR,-0.3220596468869844,-0.8037605997499624,0.7558823529411764,0.8643520435322648,0.994,10/22,17.44%,AK1;HCLS1;CDA;ARL6IP1;POLA1;TYMS;POLH;ZWINT;LIG1;BCAM
21,20,anal_pc5_c21_S1.filtered.gene_spectra_score.k_21.dt_0_01.txt,prerank,HALLMARK_ESTROGEN_RESPONSE_EARLY,0.3912836018653308,0.7963975602112476,0.7648327939590076,0.894701278344401,1.0,15/118,7.50%,PMAIP1;WWC1;ELF3;TIPARP;ZNF185;MUC1;KAZN;PPIF;KRT13;RAB31;FOXC1;AREG;ANXA9;BLVRB;TJP3
21,20,anal_pc5_c21_S1.filtered.gene_spectra_score.k_21.dt_0_01.txt,prerank,HALLMARK_SPERMATOGENESIS,0.3834898687118589,0.7266464664394207,0.7731543624161074,0.9398911785253518,1.0,2/36,6.54%,LPIN1;CCNA1
21,20,anal_pc5_c21_S1.filtered.gene_spectra_score.k_21.dt_0_01.txt,prerank,HALLMARK_INTERFERON_ALPHA_RESPONSE,0.3541960185145264,0.7004892597430212,0.795,0.9332310536771503,1.0,10/50,11.78%,ISG15;TENT5A;TRIM25;GMPR;SAMD9;OAS1;LAMP3;NCOA7;MX1;IFIH1
21,20,anal_pc5_c21_S1.filtered.gene_spectra_score.k_21.dt_0_01.txt,prerank,HALLMARK_ANGIOGENESIS,-0.23292794189825652,-0.6274137674257795,0.926829268292683,0.9569290826284971,0.998,5/29,15.74%,JAG1;VEGFA;SLCO2A1;NRP1;TNFRSF21
21,20,anal_pc5_c21_S1.filtered.gene_spectra_score.k_21.dt_0_01.txt,prerank,HALLMARK_ALLOGRAFT_REJECTION,0.297235400566568,0.6135679411418931,0.9106566200215285,0.9831218219886338,1.0,16/121,10.44%,ICAM1;CDKN2A;IL18;IL1B;CCL2;C2;LYN;HDAC9;CCL22;CCL4;ACHE;EREG;BCAT1;TGFB2;IL6;TLR2
21,20,anal_pc5_c21_S1.filtered.gene_spectra_score.k_21.dt_0_01.txt,prerank,HALLMARK_HEDGEHOG_SIGNALING,0.3413978629276775,0.6060107324343021,0.8586206896551725,0.9567836981963376,1.0,3/17,11.40%,SLIT1;ACHE;NRP2
21,20,anal_pc5_c21_S1.filtered.gene_spectra_score.k_21.dt_0_01.txt,prerank,HALLMARK_ADIPOGENESIS,0.30736469633620983,0.5995234341909221,0.8740554156171285,0.9316047310051387,1.0,6/51,7.16%,GADD45A;CCNG2;NABP1;PFKFB3;ACOX1;PIM3
21,20,anal_pc5_c21_S1.filtered.gene_spectra_score.k_21.dt_0_01.txt,prerank,HALLMARK_MYOGENESIS,0.24264724365522877,0.4972678357283618,0.9786552828175027,0.9690210656753407,1.0,8/112,9.98%,LPIN1;KIFC3;PPP1R3C;IFRD1;ACHE;CNN3;TNNT1;GADD45B
21,21,anal_pc5_c21_S1.filtered.gene_spectra_score.k_21.dt_0_01.txt,prerank,HALLMARK_E2F_TARGETS,-0.6772453237189084,-2.942284283497365,0.0,0.0,0.0,32/54,21.32%,MCM2;LMNB1;MCM4;MCM6;CDK1;CDKN2C;HELLS;MYBL2;CENPM;TCF19;NCAPD2;MKI67;PTTG1;TK1;HMGB2;TOP2A;SMC4;RRM2;ANP32E;CKS2;EZH2;HMMR;LIG1;KPNA2;CDC25B;CIT;CDC20;PRDX4;PLK1;TFRC;CDKN1A;CDCA8
21,21,anal_pc5_c21_S1.filtered.gene_spectra_score.k_21.dt_0_01.txt,prerank,HALLMARK_G2M_CHECKPOINT,-0.42405806045868794,-1.9048383235077895,0.0,0.0053941908713692945,0.002197802197802198,24/68,15.42%,MCM2;LMNB1;MCM6;CDK1;SLC7A1;CDKN2C;MYBL2;ODC1;MKI67;NUSAP1;PTTG1;TOP2A;SMC4;E2F1;CKS2;EZH2;INCENP;KIF11;HMMR;NDC80;TPX2;KPNA2;FBXO5;PRC1
21,21,anal_pc5_c21_S1.filtered.gene_spectra_score.k_21.dt_0_01.txt,prerank,HALLMARK_MITOTIC_SPINDLE,-0.3710237235556111,-1.8003108212507188,0.0,0.008990318118948824,0.005494505494505495,33/77,22.58%,GSN;FLNA;LMNB1;CDK1;DOCK2;ARHGAP4;PXN;NUSAP1;TOP2A;SMC4;INCENP;ARHGAP29;TUBA4A;KIF11;ARAP3;NDC80;TPX2;FBXO5;PRC1;KNTC1;PREX1;RHOF;STK38L;TIAM1;CEP72;EPB41;PLK1;PALLD;FLNB;ARHGAP27;NEDD9;CENPF;DST
21,21,anal_pc5_c21_S1.filtered.gene_spectra_score.k_21.dt_0_01.txt,prerank,HALLMARK_UV_RESPONSE_DN,0.540333066423037,1.586923790785723,0.002081165452653486,0.10956960807886512,0.138,30/69,24.28%,F3;DLC1;PTGFR;LTBP1;KIT;COL3A1;CCN1;COL5A2;LPAR1;RGS4;PMP22;ITGB3;PTPRM;ADGRL2;HAS2;PRKCE;PDGFRB;ICA1;LAMC1;PLPP3;VAV2;GJA1;COL11A1;DUSP1;RND3;FHL2;TJP1;KCNMA1;RBPMS;FBLN5
21,21,anal_pc5_c21_S1.filtered.gene_spectra_score.k_21.dt_0_01.txt,prerank,HALLMARK_ANGIOGENESIS,0.579208809578339,1.5550138803890214,0.012318029115341545,0.0834816061553258,0.199,8/29,8.14%,VEGFA;COL3A1;STC1;COL5A2;SERPINA5;POSTN;CXCL6;LUM
21,21,anal_pc5_c21_S1.filtered.gene_spectra_score.k_21.dt_0_01.txt,prerank,HALLMARK_ALLOGRAFT_REJECTION,-0.31280847588391797,-1.5037131933436307,0.0,0.08226141078838174,0.06593406593406594,42/121,19.50%,CD74;FLNA;IL2RG;HCLS1;CD4;ITGB2;ITGAL;CCND3;TLR2;SPI1;CTSS;CD79A;ST8SIA4;FGR;LTB;FYB1;PTPRC;MAP4K1;CD2;NCF4;IRF4;CD96;CD86;CD8A;ZAP70;CD3E;CD3D;IL12RB1;CCL5;CD28;CD7;ITK;CCL13;CD3G;CFP;WAS;TLR1;ACHE;SRGN;PRKCB;ETS1;TLR6
21,21,anal_pc5_c21_S1.filtered.gene_spectra_score.k_21.dt_0_01.txt,prerank,HALLMARK_MTORC1_SIGNALING,-0.34012694593934806,-1.4231419734826394,0.041666666666666664,0.10033195020746888,0.0989010989010989,32/72,22.28%,PHGDH;IFI30;MCM2;MCM4;CORO1A;DDIT4;NUPR1;ITGB2;FGL2;ELOVL5;RRM2;IGFBP5;SLC1A4;PIK3R3;TUBA4A;SLA;SLC2A1;SCD;XBP1;SLC6A6;HSP90B1;CFP;HK2;TXNRD1;PDK1;FADS2;PLK1;TFRC;CDKN1A;VLDLR;ERO1A;NIBAN1
21,21,anal_pc5_c21_S1.filtered.gene_spectra_score.k_21.dt_0_01.txt,prerank,HALLMARK_REACTIVE_OXYGEN_SPECIES_PATHWAY,-0.42932944272271545,-1.4163594114381117,0.058823529411764705,0.08810511756569847,0.1043956043956044,10/19,22.00%,NQO1;LSP1;HHEX;FTL;MGST1;IPCEF1;PFKP;TXNRD1;PRDX4;CAT
21,21,anal_pc5_c21_S1.filtered.gene_spectra_score.k_21.dt_0_01.txt,prerank,HALLMARK_APICAL_JUNCTION,-0.27426713091886384,-1.3478895447230996,0.0,0.1271487848251334,0.17142857142857143,30/101,14.42%,MYL9;ACTG2;PECAM1;CDH1;COL17A1;VWF;CD34;LAMB3;ADAM23;ITGB4;MDK;FLNC;CDH3;LAYN;ADAM15;CLDN4;CLDN11;EVL;FYB1;CLDN5;MPZL2;PTPRC;RAC2;PIK3R3;ITGA2;CD86;SORBS3;LAMA3;TRAF1;TGFBI
21,21,anal_pc5_c21_S1.filtered.gene_spectra_score.k_21.dt_0_01.txt,prerank,HALLMARK_HEDGEHOG_SIGNALING,0.5381747634444224,1.3133931667555645,0.13064133016627077,0.737172397210868,0.938,3/17,6.00%,VEGFA;UNC5C;L1CAM
21,21,anal_pc5_c21_S1.filtered.gene_spectra_score.k_21.dt_0_01.txt,prerank,HALLMARK_FATTY_ACID_METABOLISM,-0.32370837155936527,-1.299831795260453,0.06349206349206349,0.15103734439834024,0.22637362637362637,10/44,8.00%,CA2;CA4;ALDH1A1;ALDH3A1;UGDH;ODC1;MAOA;ELOVL5;EPHX1;CBR3
21,21,anal_pc5_c21_S1.filtered.gene_spectra_score.k_21.dt_0_01.txt,prerank,HALLMARK_TNFA_SIGNALING_VIA_NFKB,0.41617203509645817,1.2845564706793655,0.019114688128772636,0.7161156528011542,0.967,46/150,24.18%,F3;FOS;VEGFA;EGR1;CCN1;CSF1;PTGER4;PTGS2;DRAM1;PLK2;CXCL6;AREG;CCL2;NR4A1;MSC;PMEPA1;BMP2;GFPT2;IL18;PPP1R15A;PLAU;CXCL1;PTX3;FOSB;ABCA1;LIF;SOCS3;PLPP3;SOD2;JUN;CXCL10;IL23A;NFKB2;CLCF1;TNFAIP3;DUSP1;SLC2A6;IFIH1;CXCL3;TUBB2A;SLC2A3;PHLDA1;SAT1;TNFRSF9;CXCL2;CCND1
21,21,anal_pc5_c21_S1.filtered.gene_spectra_score.k_21.dt_0_01.txt,prerank,HALLMARK_DNA_REPAIR,-0.3499095653532244,-1.2315210746934393,0.175,0.2073766712770862,0.3230769230769231,4/22,3.48%,BCAM;TYMS;ZWINT;HCLS1
21,21,anal_pc5_c21_S1.filtered.gene_spectra_score.k_21.dt_0_01.txt,prerank,HALLMARK_EPITHELIAL_MESENCHYMAL_TRANSITION,0.38343744409904823,1.1832424893177451,0.10510510510510511,1.0,0.999,57/164,19.76%,COL6A2;VCAM1;LOXL2;VEGFA;CDH11;COL3A1;TNFRSF11B;CCN1;LRRC15;COL5A2;COL5A1;ABI3BP;EDIL3;COL6A3;RGS4;POSTN;TFPI2;PMP22;IGFBP3;ITGB3;CXCL6;MMP1;AREG;NID2;EFEMP2;COL16A1;MATN2;LUM;FGF2;PMEPA1;PLOD2;SPOCK1;LAMA2;CXCL1;PRRX1;PVR;PTX3;PCOLCE;TNFRSF12A;SGCD;COL12A1;MMP2;PDGFRB;CCN2;MXRA5;MEST;LAMC1;SERPINE2;TGM2;NTM;JUN;GJA1;ADAM12;TNFAIP3;COL11A1;VCAN;ECM2
21,21,anal_pc5_c21_S1.filtered.gene_spectra_score.k_21.dt_0_01.txt,prerank,HALLMARK_KRAS_SIGNALING_DN,0.38898738014414724,1.1659115758053984,0.20923076923076922,1.0,0.999,13/78,10.96%,SNCB;PTGFR;SLC6A3;FGF22;EDAR;PNMT;MYO15A;SOX10;THNSL2;KLK8;SLC29A3;CLSTN3;PAX3
21,21,anal_pc5_c21_S1.filtered.gene_spectra_score.k_21.dt_0_01.txt,prerank,HALLMARK_MYOGENESIS,-0.23201705163277636,-1.1542102632512226,0.15384615384615385,0.27024896265560167,0.4307692307692308,21/112,10.52%,GSN;DES;MYH11;TAGLN;MYLK;TPM2;CFD;NQO1;ITGB4;LSP1;CKB;GAA;SPHK1;CASQ2;TNNT3;LDB3;PVALB;PYGM;COL15A1;SLC6A8;APLNR
21,21,anal_pc5_c21_S1.filtered.gene_spectra_score.k_21.dt_0_01.txt,prerank,HALLMARK_HYPOXIA,0.37604106822212474,1.1483406155119016,0.21052631578947367,1.0,1.0,29/111,20.34%,F3;FOS;VEGFA;CCN1;STC1;COL5A1;IGFBP3;HS3ST1;DDIT3;PPP1R15A;PGF;P4HA1;AMPD3;NEDD4L;ENO3;LXN;CCN2;AKAP12;TMEM45A;TGM2;JUN;PLIN2;NDST2;TNFAIP3;CHST2;DUSP1;DPYSL4;FBP1;ERRFI1
21,21,anal_pc5_c21_S1.filtered.gene_spectra_score.k_21.dt_0_01.txt,prerank,HALLMARK_BILE_ACID_METABOLISM,0.3998419086083359,1.1054624351880025,0.3434125269978402,1.0,1.0,9/37,18.78%,ABCA8;ABCA6;CH25H;CYP7B1;ABCA9;ABCA1;PFKM;NR3C2;DIO2
21,21,anal_pc5_c21_S1.filtered.gene_spectra_score.k_21.dt_0_01.txt,prerank,HALLMARK_IL6_JAK_STAT3_SIGNALING,0.3815777615903971,1.0961749304856718,0.3417190775681342,1.0,1.0,16/53,22.40%,CSF1;ITGB3;IL1R1;OSMR;IL9R;CXCL13;CXCL1;PDGFC;TNFRSF12A;IL7;SOCS3;JUN;CXCL10;CXCL9;CXCL3;FAS
21,21,anal_pc5_c21_S1.filtered.gene_spectra_score.k_21.dt_0_01.txt,prerank,HALLMARK_INTERFERON_GAMMA_RESPONSE,-0.22101767020450894,-1.037714781599683,0.36363636363636365,0.45262165220671446,0.6472527472527473,28/111,13.88%,CD74;IFI30;ITGB7;FGL2;FPR1;IFI27;PSMB9;ST8SIA4;SECTM1;SELP;CIITA;PIM1;IFIT2;OAS2;MX1;ISG15;RSAD2;ISG20;OAS3;IL10RA;BANK1;IRF4;CD86;SAMHD1;SLAMF7;PARP14;RNF213;CCL5
21,21,anal_pc5_c21_S1.filtered.gene_spectra_score.k_21.dt_0_01.txt,prerank,HALLMARK_INFLAMMATORY_RESPONSE,0.3299739120599757,1.0129676959530545,0.47230614300100704,1.0,1.0,37/141,28.10%,F3;CSF1;PTGER4;LPAR1;ITGB3;GABBR1;CXCL6;IL1R1;HPN;BEST1;OSMR;CCL2;IL18;HAS2;PVR;RGS16;ABCA1;SLC1A2;LIF;DCBLD2;AHR;CX3CL1;PROK2;CXCL10;CHST2;CXCL9;C3AR1;PTGER2;TNFRSF9;NMUR1;CMKLR1;NFKBIA;OLR1;TIMP1;PDE4B;P2RY2;SEMA4D
21,21,anal_pc5_c21_S1.filtered.gene_spectra_score.k_21.dt_0_01.txt,prerank,HALLMARK_SPERMATOGENESIS,0.3644338937291182,0.9936891427680357,0.50814332247557,1.0,1.0,6/36,17.70%,GPR182;SLC12A2;SEPTIN4;JAM3;PACRG;ART3
21,21,anal_pc5_c21_S1.filtered.gene_spectra_score.k_21.dt_0_01.txt,prerank,HALLMARK_KRAS_SIGNALING_UP,0.3016331084168821,0.9251010304747451,0.6893787575150301,1.0,1.0,35/131,21.96%,VWA5A;PLAT;PTGS2;FGF9;IGFBP3;ADAMDEC1;ADGRA2;ALDH1A3;TMEM176B;GADD45G;BMP2;ETV1;GFPT2;PPP1R15A;PLAU;HSD11B1;PRRX1;RGS16;LIF;DCBLD2;IL1RL2;AKAP12;ALDH1A2;TMEM158;CXCL10;TPH1;EPHB2;SPRY2;TNFAIP3;CFH;TNNT2;C3AR1;GNG11;TMEM176A;BPGM
21,21,anal_pc5_c21_S1.filtered.gene_spectra_score.k_21.dt_0_01.txt,prerank,HALLMARK_APICAL_SURFACE,0.3449008945334651,0.9123082971381496,0.6125714285714285,1.0,1.0,5/27,15.18%,SCUBE1;SLC34A3;AFAP1L2;DCBLD2;CX3CL1
21,21,anal_pc5_c21_S1.filtered.gene_spectra_score.k_21.dt_0_01.txt,prerank,HALLMARK_CHOLESTEROL_HOMEOSTASIS,-0.2367258330763635,-0.8970080258609685,0.7115384615384616,0.7111341632088519,0.865934065934066,15/35,23.08%,ALCAM;LGALS3;MAL2;FABP5;SCD;ACAT2;FASN;JAG1;CXCL16;FADS2;FDPS;ATF5;MVK;NIBAN1;PPARG
21,21,anal_pc5_c21_S1.filtered.gene_spectra_score.k_21.dt_0_01.txt,prerank,HALLMARK_INTERFERON_ALPHA_RESPONSE,-0.21433882981728045,-0.895184105123205,0.7169811320754716,0.662655601659751,0.8670329670329671,11/50,13.64%,CD74;IFI30;IFI27;PSMB9;IFIT2;MX1;ISG15;RSAD2;ISG20;PARP14;LPAR6
21,21,anal_pc5_c21_S1.filtered.gene_spectra_score.k_21.dt_0_01.txt,prerank,HALLMARK_ESTROGEN_RESPONSE_EARLY,0.27973412004066733,0.8582709766300956,0.7892603850050659,1.0,1.0,40/118,31.24%,DLC1;SLC24A3;FOS;CALCR;SEC14L2;MLPH;KAZN;AREG;GREB1;CYP26B1;PTGES;RHOBTB3;THSD4;JAK2;UGCG;MPPED2;OLFML3;MYB;TGM2;FARP1;GJA1;PGR;GFRA1;RHOD;FHL2;OVOL2;CCN5;TTC39A;CCND1;GAB2;ESRP2;NPY1R;P2RY2;WWC1;NAV2;KCNK5;TFF3;STC2;EGR3;OLFM1
21,21,anal_pc5_c21_S1.filtered.gene_spectra_score.k_21.dt_0_01.txt,prerank,HALLMARK_TGF_BETA_SIGNALING,0.32622983192669963,0.8372477566878708,0.7166085946573751,1.0,1.0,5/24,15.04%,PMEPA1;BMP2;LTBP2;PPP1R15A;SMAD6
21,21,anal_pc5_c21_S1.filtered.gene_spectra_score.k_21.dt_0_01.txt,prerank,HALLMARK_COAGULATION,0.2796476681199423,0.8253879749425526,0.8004073319755601,1.0,1.0,15/79,17.24%,F3;PLAT;C1S;TFPI2;ITGB3;MMP1;HPN;KLK8;CPQ;KLKB1;PLAU;C1R;MMP2;CTSK;C2
21,21,anal_pc5_c21_S1.filtered.gene_spectra_score.k_21.dt_0_01.txt,prerank,HALLMARK_GLYCOLYSIS,0.2732792252809928,0.8101253281837162,0.7923553719008265,1.0,1.0,20/67,30.48%,VEGFA;STC1;COL5A1;IGFBP3;TGFA;PLOD2;CACNA1H;P4HA1;CHST2;VCAN;DPYSL4;CHST1;ANGPTL4;B3GAT1;CTH;SDC3;CHST12;IER3;TFF3;STC2
21,21,anal_pc5_c21_S1.filtered.gene_spectra_score.k_21.dt_0_01.txt,prerank,HALLMARK_P53_PATHWAY,0.26457648189896843,0.7979884756799691,0.8295687885010267,1.0,1.0,13/89,13.26%,VWA5A;FOS;DRAM1;PLK2;TGFA;KIF13B;KLK8;TCHH;DDIT3;BMP2;PPP1R15A;RGS16;LIF
21,21,anal_pc5_c21_S1.filtered.gene_spectra_score.k_21.dt_0_01.txt,prerank,HALLMARK_ANDROGEN_RESPONSE,0.2708130482026051,0.7622272170584822,0.8429661941112323,1.0,1.0,12/41,24.94%,ABCC4;PLPP1;ALDH1A3;PMEPA1;IQGAP2;AKAP12;NKX3-1;LIFR;ADAMTS1;SAT1;CCND1;AZGP1
21,21,anal_pc5_c21_S1.filtered.gene_spectra_score.k_21.dt_0_01.txt,prerank,HALLMARK_ADIPOGENESIS,0.26324602559133453,0.7577587435983025,0.8583509513742071,1.0,1.0,13/51,27.68%,LAMA4;PHLDB1;ITIH5;LTC4S;ABCA1;ITSN1;PLIN2;LIFR;APOE;GPX3;ANGPTL4;C3;COL4A1
21,21,anal_pc5_c21_S1.filtered.gene_spectra_score.k_21.dt_0_01.txt,prerank,HALLMARK_WNT_BETA_CATENIN_SIGNALING,0.31695016225285577,0.7542041280079188,0.7933168316831684,1.0,1.0,6/15,35.42%,DLL1;NKD1;CCND2;RBPJ;LEF1;PPARD
21,21,anal_pc5_c21_S1.filtered.gene_spectra_score.k_21.dt_0_01.txt,prerank,HALLMARK_IL2_STAT5_SIGNALING,0.24055261771607053,0.7332506650388645,0.9292214357937311,1.0,1.0,26/127,23.50%,GATA1;COL6A1;TNFSF11;PENK;CSF1;SPRY4;ITIH5;PLPP1;BMP2;P4HA1;RGS16;LIF;ENO3;AHR;PLAGL1;TGM2;PLIN2;CXCL10;IKZF4;TTC39B;SCN9A;PTGER2;SLC2A3;PHLDA1;S100A1;TNFRSF9
21,21,anal_pc5_c21_S1.filtered.gene_spectra_score.k_21.dt_0_01.txt,prerank,HALLMARK_PI3K_AKT_MTOR_SIGNALING,0.27316557977665495,0.7297883312470045,0.8480176211453745,1.0,1.0,6/32,18.56%,FGF22;DDIT3;MKNK1;ITPR2;GNA14;PITX2
21,21,anal_pc5_c21_S1.filtered.gene_spectra_score.k_21.dt_0_01.txt,prerank,HALLMARK_HEME_METABOLISM,0.25534310852597475,0.7295565302329801,0.8719832109129066,1.0,1.0,13/55,23.98%,GATA1;MPP1;SLC25A37;TRIM10;ALDH1L1;NFE2;AGPAT4;DAAM1;SMOX;MBOAT2;OSBP2;BPGM;BMP2K
21,21,anal_pc5_c21_S1.filtered.gene_spectra_score.k_21.dt_0_01.txt,prerank,HALLMARK_PEROXISOME,0.26286303394667176,0.7108297665368645,0.8557268722466961,1.0,1.0,5/32,16.36%,ACSL4;DLG4;FABP6;HAO2;SOD2
21,21,anal_pc5_c21_S1.filtered.gene_spectra_score.k_21.dt_0_01.txt,prerank,HALLMARK_UV_RESPONSE_UP,0.23592931505908804,0.6875558554237299,0.9278350515463918,1.0,1.0,24/66,33.50%,FOS;CDO1;DLG4;NR4A1;TCHH;BMP2;FOSB;NPTX2;SOD2;PLCL1;C4BPB;NTRK3;GPX3;CXCL2;MSX1;FMO1;NFKBIA;LHX2;BID;KCNH2;OLFM1;PTPRD;ENO2;CDC34
21,21,anal_pc5_c21_S1.filtered.gene_spectra_score.k_21.dt_0_01.txt,prerank,HALLMARK_APOPTOSIS,0.23150680840654367,0.6875382362426837,0.9360824742268041,1.0,1.0,26/79,33.72%,PLAT;HGF;LUM;DDIT3;BMP2;IL18;TNFRSF12A;MMP2;PDGFRB;SOD2;JUN;FAS;ERBB3;SAT1;GPX3;CCND1;AVPR1A;TIMP1;CTH;BID;CCND2;IER3;EGR3;ENO2;SATB1;TGFB2
21,21,anal_pc5_c21_S1.filtered.gene_spectra_score.k_21.dt_0_01.txt,prerank,HALLMARK_COMPLEMENT,0.21546189316153905,0.6535806063104269,0.9778225806451613,1.0,1.0,30/122,30.18%,F3;PLAT;C1S;TFPI2;CPM;LTF;CTSC;CPQ;KLKB1;CXCL1;C1R;JAK2;C2;C4BPB;TNFAIP3;CFH;ITGAM;DUSP6;STX4;KLK1;OLR1;TIMP1;C3;CDH13;DPP4;CR2;ZEB1;KCNIP2;CBLB;CFB
21,21,anal_pc5_c21_S1.filtered.gene_spectra_score.k_21.dt_0_01.txt,prerank,HALLMARK_UNFOLDED_PROTEIN_RESPONSE,0.25724836729939354,0.6535668961358206,0.9167616875712656,1.0,1.0,2/23,7.84%,VEGFA;CCL2
21,21,anal_pc5_c21_S1.filtered.gene_spectra_score.k_21.dt_0_01.txt,prerank,HALLMARK_ESTROGEN_RESPONSE_LATE,0.20097192989030135,0.61880860782464,0.9788732394366197,0.9954684619700248,1.0,20/106,22.54%,SLC24A3;FOS;CALCR;SERPINA5;TFPI2;AREG;CYP26B1;LTF;PTGES;SCUBE2;JAK2;MYB;MEST;FARP1;PGR;CXCL14;LLGL2;NAB2;OVOL2;CCN5
21,21,anal_pc5_c21_S1.filtered.gene_spectra_score.k_21.dt_0_01.txt,prerank,HALLMARK_XENOBIOTIC_METABOLISM,0.2037383288320867,0.6055192799271889,0.9805924412665986,0.9690791055542197,1.0,12/80,14.68%,TDO2;IL1R1;CDO1;TMEM176B;ATOH8;PTGES;NDRG2;BCAR1;HSD11B1;CYP4F2;ABCC3;SLC12A4
