K,GEP,spectra_file,Name,pathway,ES,NES,NOM_p,FDR_q,FWER p-val,Tag %,Gene %,leading_edge
8,1,anal_pc5_c21_S1.filtered.gene_spectra_score.k_8.dt_0_01.txt,prerank,HALLMARK_ALLOGRAFT_REJECTION,-0.6070133682384234,-2.637073926278641,0.0,0.0,0.0,67/121,17.52%,CTSS;IL2RG;ITGAL;CD74;IL16;LTB;CD2;CCND2;HCLS1;SRGN;CD79A;ETS1;CD96;PTPRC;FYB1;ZAP70;MAP4K1;CD3E;ITGB2;PTPN6;CD3D;LCP2;CD4;IRF8;IRF4;ITK;PRKCB;LCK;CD40;NCF4;IL2RB;CCL5;CD28;CD8A;CD247;WAS;STAB1;STAT4;CD7;IL12RB1;FGR;SPI1;CCR5;CD3G;TLR6;SIT1;LY75;IL27RA;C2;HDAC9;IL18;CSF1;PRF1;CXCR3;ICAM1;THY1;TRAT1;CD40LG;FCGR2B;LY86;CD1D;CCL11;TIMP1;GPR65;GZMA;IRF7;JAK2
8,1,anal_pc5_c21_S1.filtered.gene_spectra_score.k_8.dt_0_01.txt,prerank,HALLMARK_G2M_CHECKPOINT,0.8634386152229352,2.5256263550991798,0.0,0.0,0.0,60/68,12.16%,MCM2;CDK1;NUSAP1;EZH2;TOP2A;LMNB1;TPX2;ODC1;PTTG1;MKI67;SMC4;PRC1;CDKN2C;E2F1;TROAP;KIF23;MYBL2;MCM6;NDC80;CCNB2;BIRC5;KIF11;RAD54L;TACC3;CENPF;PLK1;CDC45;CKS2;AURKB;HMMR;KPNA2;CDC20;KIF2C;SLC7A1;POLE;INCENP;CENPE;BUB1;ORC6;KIF22;POLQ;FBXO5;CCNF;UBE2C;MT2A;ESPL1;TTK;KIF15;NEK2;KIF20B;EXO1;FANCC;CENPA;MAP3K20;AURKA;SNRPD1;CDC25B;SMAD3;KIF4A;MYC
8,1,anal_pc5_c21_S1.filtered.gene_spectra_score.k_8.dt_0_01.txt,prerank,HALLMARK_E2F_TARGETS,0.8846523226291333,2.510606099174045,0.0,0.0,0.0,48/54,7.96%,HELLS;MCM2;CDK1;MCM4;EZH2;TOP2A;LMNB1;HMGB2;CDKN2A;CENPM;PTTG1;MKI67;TCF19;SMC4;CIT;CDKN2C;TK1;MYBL2;MCM6;RRM2;CCNB2;BIRC5;TACC3;PLK1;LIG1;NCAPD2;KIF18B;DLGAP5;CKS2;TFRC;AURKB;HMMR;KPNA2;CDC20;MELK;KIF2C;SPAG5;CDCA3;SPC25;POLE;CENPE;ORC6;KIF22;ANP32E;ESPL1;DEPDC1;DIAPH3;CDCA8
8,1,anal_pc5_c21_S1.filtered.gene_spectra_score.k_8.dt_0_01.txt,prerank,HALLMARK_MITOTIC_SPINDLE,0.726167508089383,2.143362967577293,0.0,0.0,0.0,43/77,12.12%,DST;CDK1;NUSAP1;TOP2A;LMNB1;TPX2;ECT2;ANLN;CEP72;SMC4;PRC1;KIF23;NDC80;PALLD;CCNB2;BIRC5;KIF11;CEP250;CENPF;PLK1;DLGAP5;KIF2C;FARP1;INCENP;CENPE;BUB1;KIF22;KNTC1;FBXO5;ESPL1;TTK;CDC42EP4;KIF15;NEK2;GSN;KIF20B;MID1;BCL2L11;PIF1;AURKA;NET1;KIF4A;FSCN1
8,1,anal_pc5_c21_S1.filtered.gene_spectra_score.k_8.dt_0_01.txt,prerank,HALLMARK_IL6_JAK_STAT3_SIGNALING,-0.5030968498548775,-1.8939618280497006,0.0,0.0034740316136876847,0.004012036108324975,32/53,30.70%,IL2RG;LTB;ITGA4;A2M;PLA2G2A;TNFRSF1B;IRF1;CSF2RB;PIK3R5;IL12RB1;IL1R2;MAP3K8;CD14;CSF1;CD38;CSF2RA;IL3RA;IL2RA;IL7;HMOX1;CD36;CXCL1;TNF;IL18R1;IL9R;FAS;ITGB3;IL1R1;CCR1;CSF3R;IL17RA;LEPR
8,1,anal_pc5_c21_S1.filtered.gene_spectra_score.k_8.dt_0_01.txt,prerank,HALLMARK_INTERFERON_GAMMA_RESPONSE,-0.39273686058840646,-1.7319335466196597,0.0,0.01158010537895895,0.020060180541624874,43/111,17.52%,CD74;NLRC5;ITGB7;CIITA;IL10RA;SLAMF7;PTPN6;LCP2;IRF8;ZBP1;IRF4;CD40;CASP8;BANK1;IL2RB;CCL5;IRF1;CSF2RB;KLRK1;SP110;SAMHD1;ISG20;SAMD9L;STAT4;ST3GAL5;CFH;FGL2;CFB;C1S;RNF213;CD69;EIF4E3;VCAM1;TNFAIP3;SERPING1;PDE4B;CD38;ICAM1;GBP4;UPP1;GZMA;IRF7;JAK2
8,1,anal_pc5_c21_S1.filtered.gene_spectra_score.k_8.dt_0_01.txt,prerank,HALLMARK_SPERMATOGENESIS,0.6483059047531028,1.7251589530460354,0.0,0.0020003660800669404,0.009,13/36,14.12%,GSTM3;CDK1;EZH2;CCNB2;HSPA4L;KIF2C;BUB1;HSPA2;TTK;NEK2;AURKA;TCP11;DMC1
8,1,anal_pc5_c21_S1.filtered.gene_spectra_score.k_8.dt_0_01.txt,prerank,HALLMARK_KRAS_SIGNALING_UP,-0.3968301532103734,-1.7204934977080772,0.0,0.009119332985930172,0.02106318956870612,42/131,14.32%,CTSS;IL2RG;LAPTM5;IKZF1;DOCK2;TMEM176B;CA2;CCND2;CD37;ETS1;SPON1;IL10RA;LCP1;MAP4K1;PECAM1;TRAF1;ITGB2;TSPAN1;TNFRSF1B;PRDM1;IL7R;CXCR4;TMEM176A;ENG;IRF8;FUCA1;KCNN4;ADAM8;ST6GAL1;ADAMDEC1;BIRC3;CFH;ACE;EPHB2;CFB;ABCB1;LAT2;TNFAIP3;MALL;HDAC9;TRIB1;ADGRA2
8,1,anal_pc5_c21_S1.filtered.gene_spectra_score.k_8.dt_0_01.txt,prerank,HALLMARK_COMPLEMENT,-0.37083229077962526,-1.6682326922607584,0.0,0.012506513809275664,0.03610832497492478,61/122,25.14%,CTSS;CA2;SPOCK2;DOCK10;LCP2;SERPINA1;LCK;FYN;CTSC;LGALS3;CCL5;IRF1;KLK1;FN1;CASP10;RASGRP1;WAS;PIK3R5;CFH;CD55;DUSP5;EHD1;SH2B3;CR1;CFB;C1S;C3;CPM;TNFAIP3;C2;SERPING1;PRSS3;CP;CD40LG;PLEK;APOBEC3G;GNG2;TIMP1;STX4;GZMK;GZMA;IRF7;JAK2;TFPI2;CTSH;LGMN;ZEB1;S100A12;C1QC;GATA3;CTSL;DPP4;C1QA;CD36;DUSP6;CXCL1;ITGAM;CPQ;C1R;CDA;CR2
8,1,anal_pc5_c21_S1.filtered.gene_spectra_score.k_8.dt_0_01.txt,prerank,HALLMARK_MTORC1_SIGNALING,0.5520772788011188,1.6276045801477275,0.0,0.014047015140025624,0.075,31/72,16.96%,GCLC;MCM2;TXNRD1;MCM4;PHGDH;SLC7A11;RRM2;PIK3R3;PLK1;SLC2A1;TFRC;BUB1;SLC6A6;CCNF;FADS2;LDLR;SCD;AURKA;NAMPT;NUPR1;PSAT1;VLDLR;SLC1A4;ME1;CDKN1A;NFIL3;PLOD2;HMGCS1;DDIT4;HMGCR;SERPINH1
8,1,anal_pc5_c21_S1.filtered.gene_spectra_score.k_8.dt_0_01.txt,prerank,HALLMARK_HEDGEHOG_SIGNALING,0.685627346379376,1.6078029531753535,0.008670520231213872,0.016151103905725665,0.103,7/17,11.98%,ADGRG1;CELSR1;NRCAM;HEY1;CRMP1;DPYSL2;VLDLR
8,1,anal_pc5_c21_S1.filtered.gene_spectra_score.k_8.dt_0_01.txt,prerank,HALLMARK_CHOLESTEROL_HOMEOSTASIS,0.5843195516893415,1.5640203024396073,0.006234413965087282,0.027941621435855674,0.193,18/35,19.30%,ALCAM;FADS2;FASN;LDLR;JAG1;SCD;ACAT2;MVK;FABP5;FDPS;NFIL3;MAL2;HMGCS1;CLU;HMGCR;TM7SF2;ATF3;PLAUR
8,1,anal_pc5_c21_S1.filtered.gene_spectra_score.k_8.dt_0_01.txt,prerank,HALLMARK_P53_PATHWAY,0.5208024511487817,1.5523232382697034,0.0010905125408942203,0.029894359752111497,0.228,35/89,22.12%,TP63;KRT17;CLCA2;ABCC5;EPHX1;CDKN2A;SLC7A11;GPX2;SPHK1;ITGB4;SERPINB5;CDH13;HSPA4L;JAG2;TM4SF1;EPHA2;NUPR1;MDM2;NDRG1;CDKN1A;JUN;CEBPA;INHBB;NINJ1;TSC22D1;DDIT4;POLH;HEXIM1;ATF3;SLC19A2;GM2A;GADD45A;RAP2B;PDGFA;TRAF4
8,1,anal_pc5_c21_S1.filtered.gene_spectra_score.k_8.dt_0_01.txt,prerank,HALLMARK_REACTIVE_OXYGEN_SPECIES_PATHWAY,0.641489892824106,1.5381090243173794,0.015256588072122053,0.03190707377094428,0.276,4/19,3.24%,GCLC;TXNRD1;NQO1;FTL
8,1,anal_pc5_c21_S1.filtered.gene_spectra_score.k_8.dt_0_01.txt,prerank,HALLMARK_FATTY_ACID_METABOLISM,0.5568213524828974,1.5275058338297078,0.015312131919905771,0.03262819339486965,0.305,15/44,15.66%,ALDH3A1;EPHX1;ALDH1A1;ODC1;CEL;CBR3;FASN;HSPH1;ACAT2;ACSL1;ME1;UGDH;GLUL;ENO2;HMGCS1
8,1,anal_pc5_c21_S1.filtered.gene_spectra_score.k_8.dt_0_01.txt,prerank,HALLMARK_XENOBIOTIC_METABOLISM,0.507348552487755,1.5073610498067795,0.005506607929515419,0.03839086416290087,0.376,20/80,16.38%,AKR1C2;GCLC;ALDH3A1;AKR1C3;EPHX1;CES1;NQO1;PTGR1;SLC6A6;MT2A;RBP4;EPHA2;TPST1;TGFB2;UGDH;BLVRB;SLC12A4;GCNT2;IGF1;NINJ1
8,1,anal_pc5_c21_S1.filtered.gene_spectra_score.k_8.dt_0_01.txt,prerank,HALLMARK_ESTROGEN_RESPONSE_LATE,0.4919257983031181,1.493302438169105,0.005330490405117271,0.040451847396909234,0.412,33/106,16.30%,CXCL14;TOP2A;PLXNB1;KRT19;MDK;HR;CYP4F11;FGFR3;HSPA4L;RAPGEFL1;CPE;CDC20;KIF20A;FARP1;KLK11;SCNN1A;SGK1;NMU;TFAP2C;SLC16A1;FABP5;CDH1;SLC1A4;KLK10;PRSS23;UGDH;BLVRB;NAB2;ASS1;LAMC2;IL17RB;MEST;TIAM1
8,1,anal_pc5_c21_S1.filtered.gene_spectra_score.k_8.dt_0_01.txt,prerank,HALLMARK_KRAS_SIGNALING_DN,0.49476504844202757,1.472004189166731,0.010857763300760043,0.048966226096681345,0.503,14/78,13.60%,PKP1;KRT15;AKR1B10;FGFR3;CALML5;IGFBP2;SPTBN2;LFNG;MX1;SGK1;LYPD3;DLK2;TGFB2;SHOX2
8,1,anal_pc5_c21_S1.filtered.gene_spectra_score.k_8.dt_0_01.txt,prerank,HALLMARK_WNT_BETA_CATENIN_SIGNALING,0.6451127333683817,1.4668940566683866,0.042796005706134094,0.0478182748663621,0.521,7/15,13.38%,HEY1;JAG2;JAG1;MYC;DLL1;DKK1;CSNK1E
8,1,anal_pc5_c21_S1.filtered.gene_spectra_score.k_8.dt_0_01.txt,prerank,HALLMARK_PEROXISOME,0.5568817590840461,1.4660689549469899,0.027989821882951654,0.0450452806178037,0.523,9/32,13.56%,ABCC5;ALDH1A1;TOP2A;CEL;CRABP2;DHRS3;CADM1;ACSL1;FDPS
8,1,anal_pc5_c21_S1.filtered.gene_spectra_score.k_8.dt_0_01.txt,prerank,HALLMARK_DNA_REPAIR,0.5896715988234172,1.444124697373352,0.05442176870748299,0.0541210156107,0.604,6/22,8.04%,BCAM;TYMS;ZWINT;LIG1;ARL6IP1;POLA1
8,1,anal_pc5_c21_S1.filtered.gene_spectra_score.k_8.dt_0_01.txt,prerank,HALLMARK_TGF_BETA_SIGNALING,0.5747572177391927,1.4364645047717097,0.05131578947368421,0.05585335878461418,0.638,10/24,18.42%,TGIF1;CDKN1C;WWTR1;ID3;SMAD1;ID1;CDH1;SMAD3;SLC20A1;TJP1
8,1,anal_pc5_c21_S1.filtered.gene_spectra_score.k_8.dt_0_01.txt,prerank,HALLMARK_GLYCOLYSIS,0.4860261130424112,1.4291041757554614,0.03535911602209945,0.05694869358807857,0.666,21/67,16.76%,GPC1;GCLC;CDK1;GPC3;TGFBI;HMMR;KIF20A;DEPDC1;SDC2;CENPA;AURKA;TPST1;VLDLR;ME1;GPC4;IRS2;PLOD2;ENO2;ARTN;MXI1;DDIT4
8,1,anal_pc5_c21_S1.filtered.gene_spectra_score.k_8.dt_0_01.txt,prerank,HALLMARK_ESTROGEN_RESPONSE_EARLY,0.4565754274910097,1.4044536502480092,0.025078369905956112,0.06845697251784641,0.75,45/118,21.10%,KRT15;KRT19;CELSR1;HR;TUBB2B;RAPGEFL1;LRIG1;SLC2A1;FARP1;PMAIP1;MAST4;NAV2;SCNN1A;SLC7A2;GJA1;FASN;AQP3;DHRS3;TFAP2C;SLC16A1;SVIL;HES1;MYC;SLC1A4;KLK10;PRSS23;BLVRB;SEC14L2;INHBB;IL17RB;TIAM1;ZNF185;ESRP2;OVOL2;SH3BP5;THSD4;OLFM1;STC2;RHOD;SLC7A5;AR;SLC19A2;SULT2B1;PPIF;LAD1
8,1,anal_pc5_c21_S1.filtered.gene_spectra_score.k_8.dt_0_01.txt,prerank,HALLMARK_HEME_METABOLISM,0.47873119628217553,1.3681490000025573,0.06043329532497149,0.09152786130795178,0.858,14/55,13.92%,GCLC;BCAM;SLC7A11;SLC2A1;TFRC;CTSB;SNCA;AQP3;SPTB;KLF3;DMTN;SLC6A8;BLVRB;BNIP3L
8,1,anal_pc5_c21_S1.filtered.gene_spectra_score.k_8.dt_0_01.txt,prerank,HALLMARK_UV_RESPONSE_UP,0.45349155597266044,1.3227007212068895,0.08926553672316384,0.12671101963260004,0.941,23/66,20.78%,EPHX1;IGFBP2;TFRC;CDKN1C;HSPA2;PPT1;AQP3;BCL2L11;MMP14;DNAJB1;SLC6A8;CREG1;KCNH2;SHOX2;RHOB;LHX2;ENO2;CYB5R1;CTSV;ATF3;PTPRD;OLFM1;PPIF
8,1,anal_pc5_c21_S1.filtered.gene_spectra_score.k_8.dt_0_01.txt,prerank,HALLMARK_IL2_STAT5_SIGNALING,-0.29367815636071964,-1.2965178021856916,0.023255813953488372,0.14359330669909098,0.3881644934804413,52/127,21.66%,LTB;CA2;CCND2;MUC1;XBP1;IL10RA;ADAM19;TRAF1;TNFRSF1B;CTSZ;COL6A1;NFKBIZ;IRF8;IRF4;SELL;MXD1;NT5E;CD48;IL2RB;CCR4;ITIH5;ST3GAL4;CDC42SE2;RHOH;FGL2;CD79B;ABCB1;CST7;ICOS;IL1R2;MAP3K8;BATF;CSF1;RORA;HK2;SLC2A3;SHE;GBP4;GLIPR2;CISH;GPR65;PTGER2;SLC39A8;NRP1;IL3RA;IL2RA;EOMES;TNFRSF4;CTLA4;PRKCH;FLT3LG;CCND3
8,1,anal_pc5_c21_S1.filtered.gene_spectra_score.k_8.dt_0_01.txt,prerank,HALLMARK_APICAL_JUNCTION,0.42419798543262716,1.28558969520421,0.08350730688935282,0.16301973266646538,0.974,29/101,18.44%,ADAM23;CDH3;COL17A1;MDK;LAMB3;ITGA2;ITGB4;TGFBI;LAYN;LAMA3;PIK3R3;PPP2R2C;MPZL2;BMP1;MAP3K20;CDH1;FSCN1;SORBS3;KCNH2;NECTIN4;NLGN2;ADAM9;LAMC2;CD276;GRB7;ADAM15;CX3CL1;TJP1;INSIG1
8,1,anal_pc5_c21_S1.filtered.gene_spectra_score.k_8.dt_0_01.txt,prerank,HALLMARK_MYOGENESIS,0.4195093370664371,1.280675621370491,0.07497360084477296,0.16161411750260632,0.975,34/112,18.80%,EFS;NQO1;SPHK1;ITGB4;CDH13;MYH11;TNNT3;ITGB5;GAA;NAV2;PVALB;GSN;FST;SCD;WWTR1;CRYAB;SVIL;ACSL1;TNNI2;ADAM12;SLC6A8;MAPRE3;SORBS3;KCNH2;TEAD4;FDPS;TNNT1;CDKN1A;CLU;IGF1;EPHB3;PKIA;DTNA;CNN3
8,1,anal_pc5_c21_S1.filtered.gene_spectra_score.k_8.dt_0_01.txt,prerank,HALLMARK_HYPOXIA,0.4082169185461501,1.25506090814978,0.11312700106723586,0.18610813307882051,0.982,37/111,21.84%,PKP1;GPC1;GPC3;ACKR3;TGFBI;SLC2A1;GAA;SLC6A6;CDKN1C;MT2A;SDC2;NEDD4L;CAVIN1;VLDLR;SDC4;NDRG1;GPC4;BNIP3L;IRS2;GCNT2;CDKN1A;NFIL3;JUN;CCNG2;ENO2;MXI1;DDIT4;DTNA;ATF3;PLAUR;STC2;P4HA2;SULT2B1;LOX;ERRFI1;PIM1;VEGFA
8,1,anal_pc5_c21_S1.filtered.gene_spectra_score.k_8.dt_0_01.txt,prerank,HALLMARK_APICAL_SURFACE,0.4650485315825408,1.1741187004136877,0.258148631029987,0.2976189106503151,0.998,6/27,10.64%,CROCC;GSTM3;DCBLD2;SULF2;EPHB4;LYPD3
8,1,anal_pc5_c21_S1.filtered.gene_spectra_score.k_8.dt_0_01.txt,prerank,HALLMARK_INTERFERON_ALPHA_RESPONSE,-0.30575754563794727,-1.1403124677998069,0.24203821656050956,0.30100002481451155,0.6980942828485457,18/50,24.22%,CD74;SELL;CASP8;IRF1;SP110;ISG20;SAMD9L;LPAR6;C1S;CSF1;TMEM140;GBP4;IRF7;IL7;IFITM2;TRIM14;SAMD9;CCRL2
8,1,anal_pc5_c21_S1.filtered.gene_spectra_score.k_8.dt_0_01.txt,prerank,HALLMARK_EPITHELIAL_MESENCHYMAL_TRANSITION,0.3581882609909866,1.1305590601481694,0.2286302780638517,0.36321176927300924,0.998,35/164,16.34%,GPC1;COL7A1;PFN2;DPYSL3;DST;ITGA2;IGFBP2;TGFBI;WNT5A;LAMA3;THBS2;PDLIM4;ITGB5;ELN;PTHLH;GJA1;CRLF1;BMP1;SNAI2;HTRA1;CADM1;MMP14;ADAM12;SLC6A8;SDC4;DKK1;CDH2;RHOB;TNC;PLOD2;JUN;LAMC2;ENO2;MEST;LOXL1
8,1,anal_pc5_c21_S1.filtered.gene_spectra_score.k_8.dt_0_01.txt,prerank,HALLMARK_INFLAMMATORY_RESPONSE,-0.25181929539789816,-1.1187593170687087,0.14705882352941177,0.29768108389786346,0.7412236710130391,59/141,27.94%,SLC4A4;IL10RA;TNFRSF1B;IL7R;LCP2;SLAMF1;SELL;MXD1;CYBB;ITGA5;LCK;CD40;GPR132;CD48;IL2RB;CCL5;IRF1;KCNA3;GPR183;RASGRP1;STAB1;PIK3R5;CD55;CD69;PTGER4;CCR7;CXCR6;CD14;IL18;CSF1;PDE4B;SCARF1;ICAM1;RGS1;TIMP1;PTGER2;IRF7;NOD2;EMP3;C3AR1;APLNR;IL18R1;CCL20;CCL2;CCRL2;EDN1;IL18RAP;NMUR1;PTAFR;TLR1;PTGIR;CMKLR1;P2RX7;IL1A;LTA;ITGB3;IL1R1;CCL24;NLRP3
8,1,anal_pc5_c21_S1.filtered.gene_spectra_score.k_8.dt_0_01.txt,prerank,HALLMARK_PI3K_AKT_MTOR_SIGNALING,0.414284980245828,1.0917694959256958,0.362002567394095,0.4234849079134308,1.0,5/32,4.30%,CDK1;E2F1;MAPK10;PIK3R3;SLC2A1
8,1,anal_pc5_c21_S1.filtered.gene_spectra_score.k_8.dt_0_01.txt,prerank,HALLMARK_UV_RESPONSE_DN,0.34683706418042975,1.020578540017126,0.4261744966442953,0.5491481167421862,1.0,15/69,12.16%,MAP1B;PIK3R3;RUNX1;SLC7A1;GJA1;TFPI;LDLR;PLCB4;SDC2;NFIB;SNAI2;ID1;SMAD3;VLDLR;MYC
8,1,anal_pc5_c21_S1.filtered.gene_spectra_score.k_8.dt_0_01.txt,prerank,HALLMARK_APOPTOSIS,0.3312880311093127,0.98949104648948,0.5153172866520788,0.5926908417767688,1.0,19/79,15.78%,TOP2A;HMGB2;TNFSF10;PMAIP1;ANXA1;PPT1;GSN;BCL2L11;CDC25B;TGFB2;IFITM3;RHOB;BNIP3L;CDKN1A;JUN;NEDD9;SLC20A1;ENO2;CLU
8,1,anal_pc5_c21_S1.filtered.gene_spectra_score.k_8.dt_0_01.txt,prerank,HALLMARK_UNFOLDED_PROTEIN_RESPONSE,-0.26442230162577685,-0.8355782919470411,0.7349397590361446,0.8908961071545751,0.9849548645937813,5/23,10.28%,XBP1;NABP1;HERPUD1;ERN1;DNAJB9
8,1,anal_pc5_c21_S1.filtered.gene_spectra_score.k_8.dt_0_01.txt,prerank,HALLMARK_ANGIOGENESIS,0.31274787956739447,0.8289068880285987,0.7197943444730077,0.8636839857403098,1.0,3/29,8.20%,FGFR1;JAG2;JAG1
8,1,anal_pc5_c21_S1.filtered.gene_spectra_score.k_8.dt_0_01.txt,prerank,HALLMARK_ANDROGEN_RESPONSE,0.3011688923218773,0.828848755460111,0.7316176470588235,0.8359666074246774,1.0,10/41,18.44%,KRT19;SCD;SGK1;DBI;ARID5B;NDRG1;HMGCS1;TSC22D1;HMGCR;INSIG1
8,1,anal_pc5_c21_S1.filtered.gene_spectra_score.k_8.dt_0_01.txt,prerank,HALLMARK_BILE_ACID_METABOLISM,0.3047159917972305,0.8186735326138325,0.743030303030303,0.8257900138587454,1.0,4/37,10.90%,RBP1;ALDH1A1;FADS2;ACSL1
8,1,anal_pc5_c21_S1.filtered.gene_spectra_score.k_8.dt_0_01.txt,prerank,HALLMARK_TNFA_SIGNALING_VIA_NFKB,0.25934572247622156,0.8140380486216894,0.8547717842323651,0.8069894351828301,1.0,38/150,23.04%,LAMB3;ACKR3;BCL6;SPHK1;TGIF1;LDLR;JAG1;SGK1;TNFAIP2;NAMPT;HES1;SMAD3;MYC;SDC4;PLAU;SERPINB8;RHOB;IRS2;CDKN1A;TNC;NFIL3;JUN;NINJ1;TSC22D1;RCAN1;CEBPB;TUBB2A;SPSB1;ATF3;PLAUR;KYNU;GADD45A;PHLDA1;VEGFA;ZBTB10;KLF9;FJX1;FOSL1
8,1,anal_pc5_c21_S1.filtered.gene_spectra_score.k_8.dt_0_01.txt,prerank,HALLMARK_ADIPOGENESIS,-0.20346493298448876,-0.7818319601540208,0.9320987654320988,0.8773666840368247,0.9919759277833501,10/51,14.10%,MGLL;NABP1;PPARG;LAMA4;ITIH5;APOE;COL15A1;DNAJB9;C3;ENPP2
8,1,anal_pc5_c21_S1.filtered.gene_spectra_score.k_8.dt_0_01.txt,prerank,HALLMARK_COAGULATION,0.257411029241584,0.7620262897758076,0.8475877192982456,0.849567241063724,1.0,15/79,17.32%,ITGA2;CTSB;ANXA1;GSN;BMP1;HTRA1;MMP14;PLAU;MMP11;PRSS23;DUSP14;ADAM9;CLU;USP11;CTSV
8,2,anal_pc5_c21_S1.filtered.gene_spectra_score.k_8.dt_0_01.txt,prerank,HALLMARK_E2F_TARGETS,-0.5903182322521202,-2.3430048483566983,0.0,0.0,0.0,40/54,27.62%,PRDX4;MCM2;MCM4;CDKN2A;CDK1;TOP2A;TK1;TCF19;MKI67;CDKN1A;HELLS;CDKN2C;RRM2;PTTG1;HMGB2;MYBL2;BIRC5;CKS2;CIT;PLK1;CDC20;HMMR;ORC6;LMNB1;CENPM;CCNB2;KPNA2;MELK;SPC25;CDCA3;EZH2;MCM6;KIF18B;KIF2C;DLGAP5;CDCA8;DEPDC1;CENPE;SPAG5;ESPL1
8,2,anal_pc5_c21_S1.filtered.gene_spectra_score.k_8.dt_0_01.txt,prerank,HALLMARK_EPITHELIAL_MESENCHYMAL_TRANSITION,-0.47924217833388344,-2.2487086686351287,0.0,0.0,0.0,107/164,26.66%,GPC1;LRP1;DST;IGFBP2;MMP14;TGFBI;PFN2;DPYSL3;IGFBP4;FBLN1;COL7A1;ITGB5;SPARC;LAMC1;COL4A2;RHOB;ELN;COL3A1;COL1A2;VEGFA;THBS1;MATN2;LAMA3;SDC4;FUCA1;ITGA2;FSTL1;QSOX1;GJA1;COL4A1;DAB2;TPM1;DCN;JUN;COL6A3;THBS2;CALD1;LUM;MMP2;VCAN;SLC6A8;CXCL12;COL1A1;WNT5A;COL5A1;FN1;SAT1;SERPINH1;COL6A2;HTRA1;PDLIM4;FBN1;COL5A2;EDIL3;PMP22;COL16A1;CDH11;TIMP1;PLOD2;ANPEP;MXRA5;CTHRC1;FBLN2;BMP1;SNAI2;TNC;ECM1;CADM1;PTHLH;FBLN5;TIMP3;CRLF1;LOXL1;COL12A1;PDGFRB;BGN;ABI3BP;PLAUR;THY1;LOX;PVR;PCOLCE;LAMC2;MYL9;GREM1;IGFBP3;NNMT;CCN1;PRRX1;CAPG;FMOD;NID2;MYLK;CCN2;VCAM1;MGP;TAGLN;SERPINE2;SFRP1;NT5E;TNFRSF12A;LAMA2;VEGFC;ITGB3;CXCL1;SLIT3;TFPI2
8,2,anal_pc5_c21_S1.filtered.gene_spectra_score.k_8.dt_0_01.txt,prerank,HALLMARK_G2M_CHECKPOINT,-0.5437831635260305,-2.2395528869626125,0.0,0.0,0.0,58/68,35.86%,MCM2;CDK1;SLC12A2;ODC1;TOP2A;TPX2;SLC7A1;E2F1;MEIS1;NUSAP1;MKI67;CDKN2C;PTTG1;KIF23;MT2A;MYBL2;BIRC5;CKS2;TROAP;PLK1;CDC20;HMMR;PRC1;RAD54L;ORC6;CENPF;LMNB1;CCNB2;CCND1;CDC45;KPNA2;NDC80;EZH2;MCM6;MAP3K20;KIF11;KIF2C;NEK2;TTK;MEIS2;CENPA;CENPE;INCENP;ESPL1;EXO1;POLQ;BUB1;UBE2C;SNRPD1;DMD;AURKB;MYC;AURKA;CCNF;KIF15;ATF5;FANCC;FBXO5
8,2,anal_pc5_c21_S1.filtered.gene_spectra_score.k_8.dt_0_01.txt,prerank,HALLMARK_ALLOGRAFT_REJECTION,0.7361278946202732,2.1617086426386587,0.0,0.0,0.0,61/121,14.28%,ITGAL;CD2;CD96;ZAP70;FYB1;CD3E;CD3D;IL2RG;LTB;PTPRC;ETS1;IL16;ITK;LCK;CCL5;IL2RB;LCP2;CD28;CD8A;CD247;MAP4K1;CD7;STAT4;CCR5;CD3G;ITGB2;HCLS1;GZMA;PRF1;PTPN6;SIT1;IL12RB1;TRAT1;CD40LG;PRKCB;CXCR3;CD4;IL27RA;SRGN;WAS;ST8SIA4;GBP2;FASLG;CCND3;KLRD1;IL2RA;GPR65;IL18RAP;FAS;TNF;STAT1;CCND2;CCL4;GZMB;FGR;LY75;IRF7;CRTAM;FLNA;SOCS1;NCR1
8,2,anal_pc5_c21_S1.filtered.gene_spectra_score.k_8.dt_0_01.txt,prerank,HALLMARK_COAGULATION,-0.48242263400631963,-2.0660323148006,0.0,0.0014957264957264958,0.00101010101010101,46/79,28.36%,GSN;LRP1;MMP14;CTSB;SPARC;LGMN;SERPINA1;C1R;C1S;A2M;PRSS23;THBS1;ITGA2;C1QA;ADAM9;MMP2;CFB;FN1;HTRA1;FBN1;PLAU;C2;TIMP1;CLU;SERPING1;CFD;BMP1;TIMP3;VWF;CSRP1;PLAT;THBD;C3;F3;CFI;ANXA1;CRIP2;RAPGEF3;CFH;MMP11;MMP9;ITGB3;TFPI2;GDA;DUSP6;SERPINE1
8,2,anal_pc5_c21_S1.filtered.gene_spectra_score.k_8.dt_0_01.txt,prerank,HALLMARK_ESTROGEN_RESPONSE_LATE,-0.44032894724796257,-1.9175591955401283,0.0,0.0011965811965811966,0.00101010101010101,41/106,14.64%,XBP1;CDH1;AGR2;CXCL14;CA12;KRT19;SCNN1A;RAPGEFL1;CKB;IGFBP4;NBL1;MDK;TFF3;PLXNB1;KLF4;SERPINA1;CA2;UGDH;PRSS23;HR;FLNB;CPE;FOS;BLVRB;FARP1;TOP2A;FGFR3;SLC1A4;CXCL12;TSPAN13;HSPA4L;OVOL2;SLC26A2;CYP4F11;SGK1;TJP3;KLK10;KLK11;FABP5;MYB;CAV1
8,2,anal_pc5_c21_S1.filtered.gene_spectra_score.k_8.dt_0_01.txt,prerank,HALLMARK_HEDGEHOG_SIGNALING,-0.6535902973116391,-1.8938883765064016,0.0,0.0009971509971509972,0.00101010101010101,13/17,30.36%,ADGRG1;VEGFA;NRP1;CELSR1;DPYSL2;NRCAM;HEY1;NRP2;THY1;VLDLR;CRMP1;UNC5C;ACHE
8,2,anal_pc5_c21_S1.filtered.gene_spectra_score.k_8.dt_0_01.txt,prerank,HALLMARK_INTERFERON_GAMMA_RESPONSE,0.6174546440969021,1.8217552162649793,0.0,0.0006103763987792472,0.003,54/111,18.14%,NLRC5;RNF213;CCL5;IL2RB;LCP2;KLRK1;CASP8;IL10RA;STAT4;RAPGEF6;GZMA;PTPN6;CD69;EIF4E3;SAMHD1;SP110;ITGB7;IRF1;ST8SIA4;TRIM14;SAMD9L;PSMB9;TNFAIP3;GPR18;FAS;OAS2;ST3GAL5;BANK1;ISG20;CIITA;STAT1;PFKP;MX2;PARP14;ZBP1;GBP4;IRF7;PDE4B;IL18BP;EPSTI1;IFITM2;SOCS1;ARID5B;PIM1;OASL;UPP1;IFI44;XAF1;CD74;CD40;IRF8;HELZ2;HERC6;OAS3
8,2,anal_pc5_c21_S1.filtered.gene_spectra_score.k_8.dt_0_01.txt,prerank,HALLMARK_XENOBIOTIC_METABOLISM,-0.4140616113608943,-1.7727498337410803,0.0,0.009401709401709401,0.011111111111111112,28/80,16.90%,EPHX1;ABCC3;AKR1C3;ALDH3A1;AKR1C2;TMEM176B;NQO1;IGFBP4;FBLN1;GCLC;CES1;MAOA;EPHA2;CA2;UGDH;PTGR1;BCAR1;BLVRB;CFB;NDRG2;APOE;CD36;TPST1;HMOX1;MAN1A1;MT2A;PTGDS;IGF1
8,2,anal_pc5_c21_S1.filtered.gene_spectra_score.k_8.dt_0_01.txt,prerank,HALLMARK_ANGIOGENESIS,-0.5223050534838724,-1.7449316232531094,0.005154639175257732,0.011965811965811967,0.01616161616161616,15/29,21.98%,JAG1;FGFR1;TNFRSF21;COL3A1;VEGFA;FSTL1;NRP1;LUM;VCAN;COL5A2;TIMP1;JAG2;THBD;PDGFA;SLCO2A1
8,2,anal_pc5_c21_S1.filtered.gene_spectra_score.k_8.dt_0_01.txt,prerank,HALLMARK_MYOGENESIS,-0.39827488075636414,-1.7427348717358988,0.0,0.010636277302943968,0.01616161616161616,47/112,24.98%,ITGB4;GSN;NQO1;CKB;ITGB5;SPARC;COL4A2;EFS;ERBB3;COL3A1;SPHK1;MYH11;CDH13;CNN3;COL6A3;SLC6A8;COL1A1;IGFBP7;EPHB3;COL6A2;SCD;SOD3;SVIL;NAV2;CDKN1A;CLU;AEBP1;CD36;SMTN;CFD;MAPRE3;GAA;COL15A1;CRYAB;IGF1;FST;VIPR1;SORBS3;IGFBP3;DTNA;WWTR1;GPX3;MYLK;TAGLN;BDKRB2;TNNT3;LAMA2
8,2,anal_pc5_c21_S1.filtered.gene_spectra_score.k_8.dt_0_01.txt,prerank,HALLMARK_ESTROGEN_RESPONSE_EARLY,-0.3843686504908984,-1.6687023951644693,0.0,0.020940170940170942,0.03535353535353535,44/118,17.18%,CLDN7;XBP1;KRT8;ELF3;CA12;KRT19;SCNN1A;RAPGEFL1;MUC1;IGFBP4;NBL1;KRT15;HES1;TFF3;KLF4;ESRP2;MLPH;PRSS23;HR;FLNB;GJA1;FOS;BLVRB;FARP1;SLC1A4;CXCL12;CELSR1;LAD1;OVOL2;SLC26A2;SVIL;TJP3;KLK10;AKAP1;NAV2;TTC39A;TUBB2B;MYB;KAZN;FHL2;THSD4;SLC7A2;RHOBTB3;DHRS3
8,2,anal_pc5_c21_S1.filtered.gene_spectra_score.k_8.dt_0_01.txt,prerank,HALLMARK_INTERFERON_ALPHA_RESPONSE,0.6064938795470834,1.6683195882320725,0.0,0.006646320786707359,0.047,25/50,18.46%,CASP8;SELL;SP110;LPAR6;IRF1;GBP2;TRIM14;SAMD9L;PSMB9;ISG20;PARP14;GBP4;IRF7;SAMD9;EPSTI1;IFITM2;OASL;IFI44;CSF1;CD74;TMEM140;HELZ2;TRIM5;HERC6;NUB1
8,2,anal_pc5_c21_S1.filtered.gene_spectra_score.k_8.dt_0_01.txt,prerank,HALLMARK_GLYCOLYSIS,-0.384179857441593,-1.582502133336231,0.0,0.03970473970473971,0.06666666666666667,36/67,26.74%,ELF3;GPC1;TGFBI;GCLC;TFF3;B3GNT3;GPC3;DSC2;VEGFA;CDK1;QSOX1;DCN;SPAG4;P4HA2;VCAN;COL5A1;CHPF;SDC3;HSPA5;SDC2;PLOD2;HK2;TPST1;ME1;HMMR;MET;GPC4;KIF20A;MERTK;IGFBP3;IER3;NT5E;VLDLR;CITED2;CENPA;DEPDC1
8,2,anal_pc5_c21_S1.filtered.gene_spectra_score.k_8.dt_0_01.txt,prerank,HALLMARK_CHOLESTEROL_HOMEOSTASIS,-0.4423559426707355,-1.5633147013161128,0.01282051282051282,0.04188034188034188,0.07676767676767676,19/35,28.82%,LGALS3;JAG1;ALCAM;LGMN;MAL2;PPARG;LDLR;SCD;CXCL16;FABP5;CLU;PLAUR;NFIL3;ERRFI1;TNFRSF12A;HMGCR;FASN;HMGCS1;ATF3
8,2,anal_pc5_c21_S1.filtered.gene_spectra_score.k_8.dt_0_01.txt,prerank,HALLMARK_UV_RESPONSE_DN,-0.37416143797874757,-1.541964308295421,0.0,0.04694280078895463,0.09292929292929293,38/69,20.10%,ID1;ERBB2;LAMC1;PLCB4;MGLL;COL3A1;COL1A2;NFIB;GJA1;NRP1;PLPP3;DAB2;TJP1;TFPI;COL1A1;IGFBP5;SLC7A1;COL5A2;PPARG;LDLR;MAP1B;PIK3R3;PMP22;EFEMP1;ICA1;SDC2;SNAI2;CAV1;KCNMA1;LPAR1;FHL2;ADGRL2;FBLN5;RBPMS;MET;PDGFRB;RND3;F3
8,2,anal_pc5_c21_S1.filtered.gene_spectra_score.k_8.dt_0_01.txt,prerank,HALLMARK_PI3K_AKT_MTOR_SIGNALING,0.5923637110462598,1.5316079121844606,0.015643802647412757,0.03519837232960325,0.289,11/32,13.66%,IL2RG;LCK;SLA;PLCG1;CXCR4;PRKCB;CAMK4;FASLG;ITPR2;TIAM1;DAPP1
8,2,anal_pc5_c21_S1.filtered.gene_spectra_score.k_8.dt_0_01.txt,prerank,HALLMARK_IL2_STAT5_SIGNALING,0.5112725666282989,1.5265825683760001,0.004077471967380225,0.03060020345879959,0.311,46/127,16.92%,TRAF1;LTB;IL2RB;CCR4;IL10RA;RORA;TNFRSF1B;CST7;ICOS;SELL;PRKCH;RHOH;BATF;CD48;PHTF2;FLT3LG;CTLA4;CDC42SE2;CISH;EOMES;BCL2;ADAM19;CCND3;IL2RA;TNFRSF4;SLC2A3;GPR65;AGER;CCND2;IL18R1;CD79B;GBP4;TNFRSF18;MAP3K8;SYT11;TIAM1;TNFRSF9;PTGER2;TTC39B;SOCS1;IKZF2;PIM1;GLIPR2;CSF1;CD83;IRF8
8,2,anal_pc5_c21_S1.filtered.gene_spectra_score.k_8.dt_0_01.txt,prerank,HALLMARK_ADIPOGENESIS,-0.3885709178633361,-1.4864590466470955,0.019230769230769232,0.06666666666666667,0.14242424242424243,30/51,29.46%,MGLL;COL4A1;APOE;LAMA4;CAVIN1;PHLDB1;PPARG;SPARCL1;ITIH5;CDKN2C;CD36;ABCA1;DNAJB9;COL15A1;ME1;ENPP2;C3;TOB1;ITSN1;GPX3;ACOX1;MYLK;CYP4B1;FZD4;SNCG;LIFR;SCARB1;FABP4;BCL6;CAVIN2
8,2,anal_pc5_c21_S1.filtered.gene_spectra_score.k_8.dt_0_01.txt,prerank,HALLMARK_FATTY_ACID_METABOLISM,-0.4030612626513002,-1.4848386992462737,0.03007518796992481,0.06222222222222222,0.14242424242424243,14/44,16.56%,EPHX1;ALDH3A1;ALDH1A1;GLUL;MAOA;CA2;MGLL;UGDH;ODC1;CBR3;CD36;CA4;CEL;ME1
8,2,anal_pc5_c21_S1.filtered.gene_spectra_score.k_8.dt_0_01.txt,prerank,HALLMARK_IL6_JAK_STAT3_SIGNALING,0.527359241519218,1.4504481821907056,0.02905027932960894,0.060698541878602914,0.573,18/53,16.68%,IL2RG;LTB;ITGA4;TNFRSF1B;IL12RB1;PIK3R5;IRF1;IL2RA;FAS;IL9R;TNF;STAT1;IL18R1;IL17RA;MAP3K8;SOCS1;PIM1;CSF1
8,2,anal_pc5_c21_S1.filtered.gene_spectra_score.k_8.dt_0_01.txt,prerank,HALLMARK_INFLAMMATORY_RESPONSE,0.47701366081605423,1.4131125933466182,0.005060728744939271,0.07772126144455747,0.713,37/141,16.74%,IL7R;LCK;CCL5;RASGRP1;IL2RB;LCP2;IL10RA;TNFRSF1B;SLAMF1;SELL;CXCR6;CD69;CD48;CCR7;GPR183;GPR132;PIK3R5;IRF1;SEMA4D;KCNA3;IL18RAP;EMP3;IL18R1;LTA;IRF7;PDE4B;RGS1;TNFRSF9;PTGER2;CD70;PTGER4;NMUR1;P2RX7;ITGA5;NOD2;CSF1;CD40
8,2,anal_pc5_c21_S1.filtered.gene_spectra_score.k_8.dt_0_01.txt,prerank,HALLMARK_P53_PATHWAY,-0.3039587927660503,-1.335497898793679,0.015625,0.13611111111111113,0.298989898989899,30/89,15.12%,ITGB4;GPX2;EPHX1;TP63;NUPR1;CLCA2;KRT17;EPS8L2;SERPINB5;KLF4;EPHA2;TM4SF1;SPHK1;SLC7A11;ABCC5;CDKN2A;FUCA1;CDH13;FOS;JUN;SAT1;CDKN2B;HSPA4L;BMP2;TSC22D1;CDKN1A;CTSD;NDRG1;TCN2;HMOX1
8,2,anal_pc5_c21_S1.filtered.gene_spectra_score.k_8.dt_0_01.txt,prerank,HALLMARK_APICAL_JUNCTION,-0.2980643021409884,-1.3169082602478985,0.0,0.13866264454499752,0.3191919191919192,44/101,20.24%,CLDN7;ITGB4;CDH1;CLDN4;COL17A1;TGFBI;LAMB3;MDK;MPZL2;ADAM23;PCDH1;CDH3;LAMA3;ADAM15;ITGA2;TJP1;WNK4;ITGA3;ADAM9;CD276;MMP2;VCAN;CERCAM;SDC3;FBN1;CD209;PIK3R3;COL16A1;CDH11;EPB41L2;BMP1;ITGA9;LAYN;VWF;GRB7;TSPAN4;CLDN5;PPP2R2C;NECTIN4;NLGN2;THY1;LAMC2;MYL9;CX3CL1
8,2,anal_pc5_c21_S1.filtered.gene_spectra_score.k_8.dt_0_01.txt,prerank,HALLMARK_UV_RESPONSE_UP,-0.31194790310751963,-1.2968461018422686,0.06976744186046512,0.14525166191832858,0.3484848484848485,16/66,12.60%,EPCAM;EPHX1;IGFBP2;MMP14;MAOA;CREG1;RHOB;CA2;FOS;SLC6A8;HSPA2;CDKN2B;PTPRD;HYAL2;BMP2;SOD2
8,2,anal_pc5_c21_S1.filtered.gene_spectra_score.k_8.dt_0_01.txt,prerank,HALLMARK_TGF_BETA_SIGNALING,-0.4222310197039847,-1.2817222387523939,0.15384615384615385,0.14799820062977959,0.3696969696969697,13/24,21.54%,CDH1;ID1;THBS1;TJP1;ID3;TGIF1;BMP2;SMAD1;LTBP2;ENG;CDKN1C;SMAD6;WWTR1
8,2,anal_pc5_c21_S1.filtered.gene_spectra_score.k_8.dt_0_01.txt,prerank,HALLMARK_KRAS_SIGNALING_UP,0.4264641186120608,1.2748728765196493,0.057318321392016376,0.22914547304170904,0.983,16/131,4.16%,IKZF1;TRAF1;IL2RG;ETS1;IL7R;LAPTM5;DOCK2;LCP1;MAP4K1;IL10RA;CXCR4;ITGB2;TNFRSF1B;CD37;TRIB2;ADAM8
8,2,anal_pc5_c21_S1.filtered.gene_spectra_score.k_8.dt_0_01.txt,prerank,HALLMARK_PEROXISOME,-0.36067343628674875,-1.2305045422514491,0.16666666666666666,0.1827777777777778,0.4585858585858586,13/32,23.68%,HSD11B2;ALDH1A1;ABCC5;TOP2A;SEMA3C;CRABP2;SOD2;CADM1;CEL;DHRS3;NR1I2;ACOX1;HSD17B11
8,2,anal_pc5_c21_S1.filtered.gene_spectra_score.k_8.dt_0_01.txt,prerank,HALLMARK_HEME_METABOLISM,-0.30677038132446766,-1.2242312847202157,0.08035714285714286,0.18148148148148147,0.47373737373737373,13/55,11.28%,BCAM;CTSB;TENT5C;SELENBP1;GCLC;CA2;SLC7A11;BLVRB;P4HA2;SLC6A8;MBOAT2;KLF3;PDZK1IP1
8,2,anal_pc5_c21_S1.filtered.gene_spectra_score.k_8.dt_0_01.txt,prerank,HALLMARK_COMPLEMENT,0.4006699229067311,1.17897230634171,0.1918781725888325,0.3844467050977733,1.0,32/122,16.78%,SPOCK2;LCK;CCL5;RASGRP1;FYN;LCP2;DOCK10;GZMA;CD40LG;GZMK;APOBEC3G;WAS;PIK3R5;IRF1;GATA3;GNG2;EHD1;CBLB;PSMB9;TNFAIP3;F5;GZMB;IRF7;CR1;ZEB1;DOCK9;STX4;PIM1;GNGT2;PLEK;KIF2A;SH2B3
8,2,anal_pc5_c21_S1.filtered.gene_spectra_score.k_8.dt_0_01.txt,prerank,HALLMARK_HYPOXIA,-0.2592600504021079,-1.1541733167945964,0.10256410256410256,0.25372960372960374,0.6060606060606061,44/111,23.52%,GPC1;PKP1;CA12;TGFBI;NEDD4L;SELENBP1;ACKR3;GPC3;VEGFA;EFNA1;SDC4;DCN;FOS;JUN;P4HA2;COL5A1;CAVIN1;SDC3;HSPA5;PPARGC1A;CDKN1A;SDC2;NDRG1;HK2;CAV1;HMOX1;PDK1;MT2A;GAA;ADM;BGN;PLAUR;LOX;CDKN1C;GPC4;NFIL3;F3;IGFBP3;DTNA;CCN1;CP;CCN2;IER3;ERRFI1
8,2,anal_pc5_c21_S1.filtered.gene_spectra_score.k_8.dt_0_01.txt,prerank,HALLMARK_MTORC1_SIGNALING,-0.2614816126339674,-1.117199394314815,0.21052631578947367,0.29498327759197324,0.6616161616161617,28/72,19.30%,XBP1;NUPR1;GCLC;LGMN;PHGDH;HSP90B1;MCM2;MCM4;SLC7A11;TXNRD1;SLC1A4;IGFBP5;SERPINH1;LDLR;SCD;HSPA5;PIK3R3;CDKN1A;PLOD2;PSAT1;HK2;FGL2;RRM2;PDK1;ME1;PLK1;IFI30;NFIL3
8,2,anal_pc5_c21_S1.filtered.gene_spectra_score.k_8.dt_0_01.txt,prerank,HALLMARK_UNFOLDED_PROTEIN_RESPONSE,-0.35034493266775124,-1.1060990087560219,0.27896995708154504,0.2974002849002849,0.6767676767676768,9/23,15.28%,XBP1;HERPUD1;HSP90B1;VEGFA;SLC1A4;HSPA5;PSAT1;CEBPB;DNAJB9
8,2,anal_pc5_c21_S1.filtered.gene_spectra_score.k_8.dt_0_01.txt,prerank,HALLMARK_REACTIVE_OXYGEN_SPECIES_PATHWAY,-0.37103213152515013,-1.0922392325602404,0.29218106995884774,0.31182905982905984,0.7141414141414142,6/19,5.18%,NQO1;MGST1;GCLC;PRDX4;FTL;TXNRD1
8,2,anal_pc5_c21_S1.filtered.gene_spectra_score.k_8.dt_0_01.txt,prerank,HALLMARK_APOPTOSIS,0.36154318498883276,1.0281121286844652,0.4430379746835443,0.7158901322482197,1.0,18/79,14.62%,CD2;CASP8;PLCB2;PRF1;CD69;IRF1;FASLG;SATB1;DPYD;BIRC3;FAS;ISG20;TNF;CCND2;LEF1;ENO2;CDC25B;SLC20A1
8,2,anal_pc5_c21_S1.filtered.gene_spectra_score.k_8.dt_0_01.txt,prerank,HALLMARK_KRAS_SIGNALING_DN,-0.23796068415499205,-1.0042238699893287,0.49333333333333335,0.4687376725838264,0.8727272727272727,12/78,11.58%,PKP1;IGFBP2;TENT5C;HSD11B2;KRT15;SELENOP;TFCP2L1;AKR1B10;CALML5;FGFR3;SPTBN2;SGK1
8,2,anal_pc5_c21_S1.filtered.gene_spectra_score.k_8.dt_0_01.txt,prerank,HALLMARK_ANDROGEN_RESPONSE,-0.2689383707640151,-0.9681766696033328,0.5,0.5280468502690725,0.907070707070707,14/41,16.62%,KRT8;KRT19;SELENOP;UBE2J1;SAT1;SLC26A2;SCD;SGK1;TSC22D1;NDRG1;PLPP1;DBI;DNAJB9;ADAMTS1
8,2,anal_pc5_c21_S1.filtered.gene_spectra_score.k_8.dt_0_01.txt,prerank,HALLMARK_WNT_BETA_CATENIN_SIGNALING,0.4122466964282345,0.9187327832669352,0.5864022662889519,0.9136039951909738,1.0,3/15,11.62%,TCF7;CCND2;LEF1
8,2,anal_pc5_c21_S1.filtered.gene_spectra_score.k_8.dt_0_01.txt,prerank,HALLMARK_APICAL_SURFACE,0.3638001449342363,0.9161823027297364,0.5954773869346733,0.8422516107154968,1.0,3/27,6.64%,IL2RG;IL2RB;GATA3
8,2,anal_pc5_c21_S1.filtered.gene_spectra_score.k_8.dt_0_01.txt,prerank,HALLMARK_TNFA_SIGNALING_VIA_NFKB,0.3004409855593323,0.8845579202502178,0.7268093781855249,0.8380624462007982,1.0,43/150,22.48%,TRAF1;IL7R;CCL5;CD69;GPR183;IRF1;BIRC3;EHD1;TNFAIP3;SLC2A3;DUSP2;NFKB2;REL;SLC16A6;TNF;DUSP4;CCL4;SMAD3;MAP3K8;PDE4B;KLF2;TNFRSF9;PTGER4;PLEK;NFAT5;BCL2A1;ZFP36;CSF1;CD83;KDM6B;CD80;IER5;PFKFB3;ZC3H12A;MAP2K3;SLC2A6;IFIH1;NR4A3;CSF2;PTPRE;EGR3;NFKBIE;CLCF1
8,2,anal_pc5_c21_S1.filtered.gene_spectra_score.k_8.dt_0_01.txt,prerank,HALLMARK_BILE_ACID_METABOLISM,-0.22747104293731038,-0.8203984902526573,0.7677419354838709,0.8175213675213675,0.9878787878787879,15/37,28.22%,ALDH1A1;RBP1;TFCP2L1;BMP6;SULT1B1;ABCA1;ABCA8;CYP27A1;SLC29A1;NR1I2;ABCA6;HSD17B11;CYP7B1;NR3C2;CH25H
8,2,anal_pc5_c21_S1.filtered.gene_spectra_score.k_8.dt_0_01.txt,prerank,HALLMARK_MITOTIC_SPINDLE,0.26313387502115304,0.748372736178168,0.8671625929861849,0.9847696555733177,1.0,8/77,7.90%,ARHGAP4;DOCK2;RAPGEF6;CNTRL;PREX1;BIN1;RHOF;EPB41
8,2,anal_pc5_c21_S1.filtered.gene_spectra_score.k_8.dt_0_01.txt,prerank,HALLMARK_DNA_REPAIR,0.3060588148985082,0.7413990874280055,0.8110236220472441,0.9269040352661919,1.0,12/22,29.78%,HCLS1;PDE4B;POLH;USP11;NT5C3A;SNAPC4;CMPK2;PNP;BRF2;AAAS;PDE6G;NPR2
8,2,anal_pc5_c21_S1.filtered.gene_spectra_score.k_8.dt_0_01.txt,prerank,HALLMARK_SPERMATOGENESIS,0.21993008322555346,0.5711360744832101,0.9719853836784409,0.9830620549338759,1.0,3/36,9.80%,CAMK4;LPIN1;GFI1
8,3,anal_pc5_c21_S1.filtered.gene_spectra_score.k_8.dt_0_01.txt,prerank,HALLMARK_E2F_TARGETS,-0.5709382070545876,-2.1960463641875423,0.0,0.0,0.0,39/54,30.34%,HELLS;MCM2;CDKN2A;MCM4;EZH2;CENPM;TCF19;CDC25B;SMC4;MCM6;LIG1;LMNB1;PTTG1;CDK1;CDKN2C;TOP2A;TACC3;MYBL2;HMGB2;ANP32E;NCAPD2;CIT;ORC6;RRM2;KIF18B;AURKB;DLGAP5;BIRC5;ESPL1;KIF2C;MELK;CENPE;CCNB2;HMMR;DIAPH3;SPC25;DEPDC1;MKI67;CDCA3
8,3,anal_pc5_c21_S1.filtered.gene_spectra_score.k_8.dt_0_01.txt,prerank,HALLMARK_ALLOGRAFT_REJECTION,-0.46227032189948886,-2.0678376453708953,0.0,0.0,0.0,65/121,25.46%,ITGAL;IL16;ST8SIA4;HCLS1;CD79A;LTB;CD74;FLNA;SRGN;PTPRC;CD2;FYB1;ETS1;CDKN2A;ITGB2;CD96;ZAP70;PTPN6;MAP4K1;CD3E;CD4;CD3D;IRF4;LCP2;PRKCB;LCK;NCF4;ITK;CCL5;SPI1;IL2RB;CD28;WAS;CSF1;CD40;CD247;CD8A;GBP2;IL12RB1;STAB1;CD7;STAT4;SIT1;ICAM1;FGR;CCR5;IL2RG;TLR6;CD3G;IRF8;SOCS1;IL27RA;THY1;TLR2;GZMA;GPR65;PRF1;CXCR3;LY86;IL2RA;CD40LG;CCL11;FCGR2B;STAT1;TRAT1
8,3,anal_pc5_c21_S1.filtered.gene_spectra_score.k_8.dt_0_01.txt,prerank,HALLMARK_INTERFERON_GAMMA_RESPONSE,-0.448337765835338,-2.0053931812654464,0.0,0.0,0.0,60/111,27.26%,ST8SIA4;CD74;ITGB7;C1R;SAMHD1;CIITA;ARID5B;PARP14;IL10RA;TNFAIP2;SLAMF7;RNF213;PTPN6;C1S;IRF4;SP110;NLRC5;LCP2;MX1;BANK1;CSF2RB;CCL5;MX2;IL2RB;OAS2;FGL2;ISG20;ZBP1;CD38;CD40;ST3GAL5;IFI30;PIM1;TNFAIP3;KLRK1;GBP6;STAT4;ICAM1;IFI44L;RAPGEF6;CASP8;IL18BP;CD69;IRF8;CFH;SOCS1;VCAM1;GZMA;SERPING1;IFITM2;IFI44;PSMB9;TNFSF10;SAMD9L;NAMPT;STAT1;SOCS3;GBP4;PDE4B;GPR18
8,3,anal_pc5_c21_S1.filtered.gene_spectra_score.k_8.dt_0_01.txt,prerank,HALLMARK_ESTROGEN_RESPONSE_EARLY,0.618096711176677,1.8172315702046942,0.0,0.0007720774207289476,0.001,28/118,7.72%,CLDN7;CA12;MUC1;ELF3;MLPH;KRT8;SLC26A2;TFF3;TJP3;TTC39A;AKAP1;KLF4;ESRP2;MYB;TOB1;NBL1;KCNK5;CCND1;SCNN1A;LAD1;FLNB;HES1;OVOL2;FHL2;RETREG1;RAPGEFL1;FOS;P2RY2
8,3,anal_pc5_c21_S1.filtered.gene_spectra_score.k_8.dt_0_01.txt,prerank,HALLMARK_ESTROGEN_RESPONSE_LATE,0.6205139699873938,1.7925042910315396,0.0,0.0003860387103644738,0.001,25/106,8.40%,AGR2;CA2;CA12;SLC26A2;CKB;TFF3;TJP3;LLGL2;SERPINA1;CDH1;KLF4;MYB;TOB1;TSPAN13;NBL1;KCNK5;CCND1;UGDH;SCNN1A;FLNB;OVOL2;RAPGEFL1;FOS;ID2;ASS1
8,3,anal_pc5_c21_S1.filtered.gene_spectra_score.k_8.dt_0_01.txt,prerank,HALLMARK_G2M_CHECKPOINT,-0.41830074869228295,-1.6937870292028896,0.0,0.01980121136822488,0.03303303303303303,50/68,34.34%,MCM2;EZH2;NUSAP1;ODC1;CDC25B;SMC4;MCM6;LMNB1;PTTG1;CDK1;CDKN2C;TPX2;E2F1;TOP2A;TACC3;MYBL2;MEIS1;RAD54L;NDC80;PRC1;SMAD3;CDC45;FBXO5;KIF11;CENPF;ORC6;KIF23;AURKB;BIRC5;ESPL1;POLQ;SLC7A5;CCNF;KIF2C;KIF15;CENPE;CCNB2;TROAP;HMMR;EXO1;MAP3K20;MKI67;BUB1;MT2A;POLE;UBE2C;KIF20B;KIF22;FANCC;TTK
8,3,anal_pc5_c21_S1.filtered.gene_spectra_score.k_8.dt_0_01.txt,prerank,HALLMARK_EPITHELIAL_MESENCHYMAL_TRANSITION,-0.3601122483706727,-1.6368636859055856,0.0,0.026556918776207486,0.056056056056056056,78/164,26.00%,GPC1;WIPF1;COL7A1;DPYSL3;TGFBI;FBLN1;PFN2;FLNA;ENO2;ELN;DST;COL5A1;COL6A2;COL4A2;EMP3;COL3A1;FSTL1;GLIPR1;SPARC;COL1A2;ECM1;GJA1;HTRA1;VCAN;WNT5A;THBS2;FBLN2;DCN;FBN1;ITGA5;PDLIM4;COL4A1;LUM;CALD1;COL6A3;COL1A1;SNAI2;COL16A1;CXCL12;MMP2;BASP1;TNC;TNFAIP3;LAMC1;PTHLH;CRLF1;PRRX1;PCOLCE;COL5A2;CDH11;CADM1;LOXL1;PMP22;MXRA5;TIMP3;MYL9;BGN;TPM2;THY1;MGP;VCAM1;IL32;ABI3BP;ADAM12;ITGA2;LOXL2;CTHRC1;EFEMP2;PDGFRB;LAMA2;SFRP1;COL5A3;LOX;FBLN5;ACTA2;ITGB3;GREM1;CCN1
8,3,anal_pc5_c21_S1.filtered.gene_spectra_score.k_8.dt_0_01.txt,prerank,HALLMARK_FATTY_ACID_METABOLISM,0.5958238019686359,1.576342496292444,0.012106537530266344,0.0826122840179974,0.271,10/44,6.64%,CA2;ACSL5;MGLL;MAOA;CA4;HSD17B11;UGDH;ACAA2;HPGD;ACOX1
8,3,anal_pc5_c21_S1.filtered.gene_spectra_score.k_8.dt_0_01.txt,prerank,HALLMARK_BILE_ACID_METABOLISM,0.5981663227973205,1.5520503710854245,0.021383647798742137,0.0810681291765395,0.332,10/37,11.88%,ACSL5;NR3C2;TFCP2L1;SULT1B1;HSD17B11;NR1I2;CYP27A1;CAT;ABCA2;SLC27A2
8,3,anal_pc5_c21_S1.filtered.gene_spectra_score.k_8.dt_0_01.txt,prerank,HALLMARK_PI3K_AKT_MTOR_SIGNALING,-0.46183959657230894,-1.5078466944207223,0.045454545454545456,0.06406274266190402,0.15315315315315314,16/32,21.50%,CXCR4;MAPK10;PLCG1;SLA;PRKCB;PDK1;LCK;PIK3R3;CDK1;TIAM1;SLC2A1;E2F1;IL2RG;PLCB1;DAPP1;CAMK4
8,3,anal_pc5_c21_S1.filtered.gene_spectra_score.k_8.dt_0_01.txt,prerank,HALLMARK_PEROXISOME,0.5725694944974243,1.424236066136573,0.06258148631029987,0.2520060701259285,0.785,10/32,11.98%,HSD11B2;ACSL5;HSD17B11;NR1I2;SEMA3C;ACOX1;ABCB1;CAT;SLC27A2;ECI2
8,3,anal_pc5_c21_S1.filtered.gene_spectra_score.k_8.dt_0_01.txt,prerank,HALLMARK_CHOLESTEROL_HOMEOSTASIS,0.5607781639115221,1.4187481456490716,0.053164556962025315,0.2223582971699369,0.81,18/35,19.02%,LGALS3;PPARG;MAL2;HMGCR;ANTXR2;ABCA2;JAG1;HMGCS1;TNFRSF12A;CXCL16;MVD;CPEB2;LDLR;STARD4;PLAUR;LGMN;FASN;TM7SF2
8,3,anal_pc5_c21_S1.filtered.gene_spectra_score.k_8.dt_0_01.txt,prerank,HALLMARK_UV_RESPONSE_UP,0.5044503489610556,1.4009956994945145,0.05694760820045558,0.22147592297481808,0.852,18/66,15.42%,EPCAM;CA2;MAOA;BMP2;CDKN2B;FOS;RAB27A;PTPRD;ABCB1;SLC6A8;PRKCD;IGFBP2;C4BPB;SULT1A1;HMOX1;CDC34;NR4A1;SOD2
8,3,anal_pc5_c21_S1.filtered.gene_spectra_score.k_8.dt_0_01.txt,prerank,HALLMARK_ANDROGEN_RESPONSE,0.5147370058058018,1.3368774908072907,0.11519607843137254,0.3187714650834642,0.951,16/41,15.34%,KRT8;SLC26A2;CCND1;HPGD;HMGCR;TSC22D1;STK39;SELENOP;HMGCS1;AZGP1;IQGAP2;INPP4B;PMEPA1;SAT1;PDLIM5;DBI
8,3,anal_pc5_c21_S1.filtered.gene_spectra_score.k_8.dt_0_01.txt,prerank,HALLMARK_GLYCOLYSIS,0.48048820370746914,1.3265154915054795,0.09534619750283768,0.30557108584850123,0.961,15/67,11.34%,B3GNT3;ELF3;TFF3;HK2;QSOX1;NT5E;DSC2;CYB5A;EGLN3;CITED2;P4HA2;IER3;HSPA5;VEGFA;SLC16A3
8,3,anal_pc5_c21_S1.filtered.gene_spectra_score.k_8.dt_0_01.txt,prerank,HALLMARK_XENOBIOTIC_METABOLISM,0.4694577756216055,1.319613480332575,0.09955752212389381,0.2901466947099385,0.969,19/80,12.76%,CA2;ABCC3;MAOA;TMEM176B;CYB5A;UGDH;CFB;XDH;NDRG2;FBP1;ACOX1;BCAR1;ID2;CYP27A1;CAT;CDA;IGFBP4;BLVRB;CYP2C18
8,3,anal_pc5_c21_S1.filtered.gene_spectra_score.k_8.dt_0_01.txt,prerank,HALLMARK_MITOTIC_SPINDLE,-0.3153172951975733,-1.3060254320687839,0.05217391304347826,0.21531737403767223,0.4724724724724725,38/77,27.74%,ARHGAP4;DOCK2;FLNA;CNTRL;DST;CCDC88A;NUSAP1;SMC4;LMNB1;CDK1;CEP72;TIAM1;TPX2;KNTC1;TOP2A;ECT2;PALLD;ANLN;NDC80;PRC1;PREX1;CEP250;FSCN1;ARHGAP10;FBXO5;RAPGEF6;KIF11;CENPF;KIF23;DLGAP5;BIRC5;ESPL1;KIF2C;KIF15;FARP1;CENPE;CCNB2;DOCK4
8,3,anal_pc5_c21_S1.filtered.gene_spectra_score.k_8.dt_0_01.txt,prerank,HALLMARK_MTORC1_SIGNALING,-0.30253367054023705,-1.2242368577255154,0.10091743119266056,0.28915592483304864,0.6346346346346347,21/72,13.56%,CORO1A;GCLC;ELOVL5;PHGDH;CXCR4;SLC6A6;MCM2;TXNRD1;ITGB2;MCM4;SLC1A4;SLC7A11;SLA;PDK1;PIK3R3;SLC2A1;BTG2;FGL2;NIBAN1;IGFBP5;IFI30
8,3,anal_pc5_c21_S1.filtered.gene_spectra_score.k_8.dt_0_01.txt,prerank,HALLMARK_P53_PATHWAY,0.4257115355907989,1.208420962223484,0.16866158868335146,0.5334353088672729,0.997,25/89,13.30%,AK1;EPS8L2;KLF4;TOB1;NUPR1;CCND2;MXD1;BMP2;CDKN2B;KIF13B;FOS;CTSD;FUCA1;TSC22D1;PDGFA;JUN;GPX2;ITGB4;VWA5A;IER3;LIF;TRAF4;CDKN1A;TGFA;CEBPA
8,3,anal_pc5_c21_S1.filtered.gene_spectra_score.k_8.dt_0_01.txt,prerank,HALLMARK_HEME_METABOLISM,0.43760427744366936,1.1843439446201975,0.24541284403669725,0.5555097042144778,0.999,13/55,12.66%,SELENBP1;CA2;PDZK1IP1;MBOAT2;P4HA2;KLF3;KDM7A;TRIM10;CAT;SLC6A8;MAP2K3;ALDH1L1;BLVRB
8,3,anal_pc5_c21_S1.filtered.gene_spectra_score.k_8.dt_0_01.txt,prerank,HALLMARK_KRAS_SIGNALING_UP,0.4014199182167303,1.1774639990266722,0.21518987341772153,0.53101109374904,0.999,32/131,15.16%,TSPAN1;CA2;SPON1;EPHB2;CTSS;KLF4;MALL;TMEM176B;TSPAN13;TMEM176A;CCND2;CFB;BMP2;ACE;SPRY2;FUCA1;ID2;HKDC1;TSPAN7;ABCB1;PTPRR;VWA5A;CCL20;MPZL2;LIF;ANO1;DUSP6;BTC;KCNN4;EPB41L3;SLPI;TRIB1
8,3,anal_pc5_c21_S1.filtered.gene_spectra_score.k_8.dt_0_01.txt,prerank,HALLMARK_TGF_BETA_SIGNALING,0.4890671719495968,1.1757196619342491,0.29,0.4975487492726118,0.999,10/24,17.12%,CDH1;BMP2;ID2;ID1;THBS1;ID3;PMEPA1;SMAD7;TJP1;TGIF1
8,3,anal_pc5_c21_S1.filtered.gene_spectra_score.k_8.dt_0_01.txt,prerank,HALLMARK_HEDGEHOG_SIGNALING,-0.4175845217188145,-1.1301037717161002,0.30434782608695654,0.41129574985763834,0.7987987987987988,8/17,22.06%,DPYSL2;CELSR1;NRCAM;NRP2;NRP1;HEY1;THY1;CRMP1
8,3,anal_pc5_c21_S1.filtered.gene_spectra_score.k_8.dt_0_01.txt,prerank,HALLMARK_IL2_STAT5_SIGNALING,0.3636480080680533,1.0692382794650963,0.35873015873015873,0.7427384787412475,1.0,18/127,9.56%,CA2;MUC1;ST3GAL4;HK2;NT5E;NFKBIZ;IL1R2;CCND2;MXD1;TNFRSF21;SLC39A8;BMP2;CDCP1;SMPDL3A;ITGA6;WLS;PNP;ABCB1
8,3,anal_pc5_c21_S1.filtered.gene_spectra_score.k_8.dt_0_01.txt,prerank,HALLMARK_ANGIOGENESIS,-0.31917245873968914,-1.0639412387780067,0.3333333333333333,0.5076098773101414,0.8808808808808809,10/29,18.94%,FGFR1;COL3A1;FSTL1;VCAN;JAG2;S100A4;LUM;COL5A2;NRP1;THBD
8,3,anal_pc5_c21_S1.filtered.gene_spectra_score.k_8.dt_0_01.txt,prerank,HALLMARK_INTERFERON_ALPHA_RESPONSE,-0.28647874152641045,-1.0562723192056898,0.31843575418994413,0.48031173671801103,0.8918918918918919,16/50,22.80%,CD74;PARP14;C1S;SELL;SP110;LPAR6;MX1;CSF1;ISG20;IFI30;GBP2;IFI44L;CASP8;IFITM2;IFI44;PSMB9
8,3,anal_pc5_c21_S1.filtered.gene_spectra_score.k_8.dt_0_01.txt,prerank,HALLMARK_COAGULATION,-0.25433051467847934,-1.0558664883376223,0.33663366336633666,0.44067401770461245,0.8918918918918919,29/79,24.36%,ANXA1;C1R;C1S;SPARC;FYN;PECAM1;HTRA1;A2M;CTSH;FBN1;CTSB;CLU;MMP2;USP11;PLAU;PLEK;SH2B2;TIMP3;CFH;THBD;VWF;SERPING1;CRIP2;C1QA;ITGA2;MMP11;PLAT;C3;CFD
8,3,anal_pc5_c21_S1.filtered.gene_spectra_score.k_8.dt_0_01.txt,prerank,HALLMARK_REACTIVE_OXYGEN_SPECIES_PATHWAY,-0.3704182680426832,-1.0468064068808465,0.4204946996466431,0.4216493244292592,0.8998998998998999,4/19,4.56%,LSP1;GCLC;TXNRD1;FTL
8,3,anal_pc5_c21_S1.filtered.gene_spectra_score.k_8.dt_0_01.txt,prerank,HALLMARK_INFLAMMATORY_RESPONSE,-0.22669711666156867,-1.025576817562497,0.29545454545454547,0.4294699709360371,0.918918918918919,38/141,19.82%,SPHK1;GPC3;SEMA4D;IL10RA;EMP3;SELL;LCP2;IL7R;SLAMF1;LCK;CD48;RASGRP1;ITGA5;BTG2;CCL5;CYBB;GPR183;IL2RB;GPR132;CSF1;KCNA3;CD40;PIK3R5;ABCA1;OSMR;STAB1;TNFRSF1B;CCR7;PCDH7;ICAM1;PDPN;IL1R1;SLC7A2;CD69;CALCRL;ITGB8;RGS1;TLR2
8,3,anal_pc5_c21_S1.filtered.gene_spectra_score.k_8.dt_0_01.txt,prerank,HALLMARK_HYPOXIA,0.34918126610928424,1.013763744485515,0.44919786096256686,0.8480787918319534,1.0,17/111,11.16%,SELENBP1;CA12;PPARGC1A;HK2;PLAC8;EFNA1;NEDD4L;FBP1;SDC4;FOS;CITED2;P4HA2;JUN;LXN;IER3;HSPA5;VEGFA
8,3,anal_pc5_c21_S1.filtered.gene_spectra_score.k_8.dt_0_01.txt,prerank,HALLMARK_UNFOLDED_PROTEIN_RESPONSE,-0.32555600625595216,-1.003769392401515,0.4105960264900662,0.4444789563596832,0.938938938938939,10/23,28.46%,NABP1;SLC1A4;TSPYL2;HERPUD1;DNAJB9;SLC7A5;CEBPB;PSAT1;ERN1;CCL2
8,3,anal_pc5_c21_S1.filtered.gene_spectra_score.k_8.dt_0_01.txt,prerank,HALLMARK_DNA_REPAIR,0.42486179518933903,1.0006395509974246,0.45746164574616455,0.8326173737778704,1.0,5/22,10.04%,AK1;VPS37B;STX3;PNP;CDA
8,3,anal_pc5_c21_S1.filtered.gene_spectra_score.k_8.dt_0_01.txt,prerank,HALLMARK_ADIPOGENESIS,0.3718632243327437,0.9949664875343646,0.49106078665077474,0.8006013921058781,1.0,6/51,6.64%,MGLL;PPARG;TOB1;ESRRA;ACAA2;ACOX1
8,3,anal_pc5_c21_S1.filtered.gene_spectra_score.k_8.dt_0_01.txt,prerank,HALLMARK_COMPLEMENT,0.31260267986107343,0.9182461000988742,0.6193952033368092,0.939252500143626,1.0,19/122,13.92%,CA2;LGALS3;KLK1;SERPINA1;CTSS;PRSS3;CFB;CPM;CTSD;CDA;HSPA5;PRKCD;DPP4;CASP5;ADAM9;C4BPB;LRP1;DUSP6;CSRP1
8,3,anal_pc5_c21_S1.filtered.gene_spectra_score.k_8.dt_0_01.txt,prerank,HALLMARK_APICAL_JUNCTION,0.3080117124027149,0.8965181504551406,0.6512875536480687,0.9383828971539627,1.0,6/101,4.16%,CLDN7;CLDN4;WNK4;PCDH1;CDH1;ITGA3
8,3,anal_pc5_c21_S1.filtered.gene_spectra_score.k_8.dt_0_01.txt,prerank,HALLMARK_TNFA_SIGNALING_VIA_NFKB,0.29656326827154783,0.8805600897063711,0.7217659137577002,0.9255002339052285,1.0,40/150,17.34%,KLF4;EFNA1;CCND1;MXD1;BMP2;HES1;IL18;SDC4;FOS;ID2;TSC22D1;PHLDA2;JUN;EDN1;IER3;MAP2K3;VEGFA;CCL20;CXCL3;CCRL2;PTGER4;JAG1;LIF;CDKN1A;DUSP1;AREG;PMEPA1;SAT1;PDLIM5;TRIB1;NR4A1;SOD2;MYC;RNF19B;LAMB3;HBEGF;LDLR;G0S2;TGIF1;ZFP36
8,3,anal_pc5_c21_S1.filtered.gene_spectra_score.k_8.dt_0_01.txt,prerank,HALLMARK_APOPTOSIS,0.2951435154423961,0.8415015134396937,0.7283950617283951,0.9561476967163718,1.0,16/79,15.54%,LGALS3;ERBB3;ERBB2;CCND2;CCND1;BMP2;IL18;JUN;IER3;CDKN1A;HMOX1;TNFRSF12A;SAT1;SMAD7;SOD2;CTH
8,3,anal_pc5_c21_S1.filtered.gene_spectra_score.k_8.dt_0_01.txt,prerank,HALLMARK_APICAL_SURFACE,0.34406292476819367,0.8352820059475018,0.6959459459459459,0.9246466327816897,1.0,2/27,3.88%,ATP8B1;AKAP7
8,3,anal_pc5_c21_S1.filtered.gene_spectra_score.k_8.dt_0_01.txt,prerank,HALLMARK_UV_RESPONSE_DN,0.2904258573413869,0.818278891132703,0.7264367816091954,0.9142361758206651,1.0,17/69,16.76%,MGLL;PPARG;ERBB2;ICA1;FHL2;CITED2;ID1;PLCB4;KCNMA1;DUSP1;MET;INPP4B;PDLIM5;SMAD7;MYC;TJP1;LDLR
8,3,anal_pc5_c21_S1.filtered.gene_spectra_score.k_8.dt_0_01.txt,prerank,HALLMARK_KRAS_SIGNALING_DN,0.27088690431243145,0.7726713987815661,0.8081140350877193,0.942305050451266,1.0,6/78,11.08%,HSD11B2;TFCP2L1;GPRC5C;SELENOP;EDN1;IGFBP2
8,3,anal_pc5_c21_S1.filtered.gene_spectra_score.k_8.dt_0_01.txt,prerank,HALLMARK_SPERMATOGENESIS,0.27656212369024413,0.7086717813663934,0.8361290322580646,0.9805383243257634,1.0,2/36,6.38%,SLC12A2;ACE
8,3,anal_pc5_c21_S1.filtered.gene_spectra_score.k_8.dt_0_01.txt,prerank,HALLMARK_MYOGENESIS,0.23454582108527872,0.6834627906360146,0.9341126461211477,0.9693860949152342,1.0,16/112,15.12%,AK1;CKB;ERBB3;VIPR1;DAPK2;EPHB3;MB;ACHE;ITGB4;SLC6A8;SOD3;CDKN1A;MAPRE3;SVIL;IFRD1;BDKRB2
8,3,anal_pc5_c21_S1.filtered.gene_spectra_score.k_8.dt_0_01.txt,prerank,HALLMARK_IL6_JAK_STAT3_SIGNALING,0.24068306630695535,0.6564913891910087,0.9118683901292597,0.9585065436413909,1.0,3/53,5.14%,PLA2G2A;IL1R2;TNFRSF21
8,3,anal_pc5_c21_S1.filtered.gene_spectra_score.k_8.dt_0_01.txt,prerank,HALLMARK_WNT_BETA_CATENIN_SIGNALING,0.25630229358361195,0.5579528459353577,0.9385560675883257,0.9796331301083571,1.0,4/15,17.06%,CCND2;JAG1;MYC;PPARD
8,4,anal_pc5_c21_S1.filtered.gene_spectra_score.k_8.dt_0_01.txt,prerank,HALLMARK_UNFOLDED_PROTEIN_RESPONSE,0.7280112807332064,2.2214609442582387,0.0,0.0,0.0,10/23,4.08%,HERPUD1;XBP1;DNAJB9;HSP90B1;SLC1A4;ERN1;CHAC1;HSPA5;PSAT1;SLC7A5
8,4,anal_pc5_c21_S1.filtered.gene_spectra_score.k_8.dt_0_01.txt,prerank,HALLMARK_EPITHELIAL_MESENCHYMAL_TRANSITION,-0.4899312958740079,-1.8288789252405055,0.0,0.0031629721394870708,0.003,89/164,30.08%,IL32;GPC1;DST;LRP1;SAT1;IGFBP4;TGFBI;COL7A1;FBLN1;TPM1;PFN2;MMP14;COL6A2;DPYSL3;IGFBP2;SDC4;COL5A1;JUN;QSOX1;COL4A2;ELN;COL1A2;FLNA;COL3A1;SPARC;ITGA5;ITGB5;FSTL1;FUCA1;ITGA2;RHOB;BMP1;DCN;THBS1;SERPINH1;COL6A3;LAMA3;MATN2;COL1A1;CALD1;FAS;CXCL12;DAB2;MMP2;LUM;COL4A1;SLC6A8;COL16A1;FN1;TPM2;VCAN;VEGFA;HTRA1;GJA1;FBN1;PMP22;THBS2;FBLN2;TIMP3;ID2;CAPG;WIPF1;WNT5A;COL5A3;COL5A2;PLOD2;PLAUR;PDLIM4;PCOLCE;EDIL3;TNC;THY1;ANPEP;LOXL1;SNAI2;ACTA2;PVR;MYL9;GREM1;TAGLN;PDGFRB;VCAM1;CDH11;LAMC2;ECM1;BGN;LAMC1;CRLF1;MXRA5
8,4,anal_pc5_c21_S1.filtered.gene_spectra_score.k_8.dt_0_01.txt,prerank,HALLMARK_ANGIOGENESIS,-0.6028523771590549,-1.7271342885395533,0.0,0.007380268325469833,0.014,12/29,16.08%,JAG1;FGFR1;CCND2;TNFRSF21;COL3A1;FSTL1;S100A4;NRP1;LUM;JAG2;VCAN;VEGFA
8,4,anal_pc5_c21_S1.filtered.gene_spectra_score.k_8.dt_0_01.txt,prerank,HALLMARK_MITOTIC_SPINDLE,-0.49531368512420143,-1.6916541365589726,0.0011467889908256881,0.009488916418461215,0.027,61/77,42.20%,GSN;DST;ARHGAP4;PXN;LMNB1;PALLD;BCAR1;FLNA;FLNB;CEP72;KIF22;RAPGEF6;CDK1;NUSAP1;WASL;SMC4;MID1;ECT2;FARP1;TOP2A;NET1;TPX2;CEP250;BIN1;TIAM1;ANLN;DOCK4;EPB41L2;PRC1;CDC42EP4;KIF23;PDLIM5;NDC80;CCNB2;KIF11;FGD4;ARHGAP10;CENPF;BCL2L11;PLK1;PREX1;CDC42EP2;KIF20B;STK38L;EPB41;KIF2C;ARHGEF2;ITSN1;NEDD9;RAPGEF5;DLGAP5;BIRC5;FSCN1;INCENP;ESPL1;TTK;KIF15;AURKA;ARAP3;NEK2;BUB1
8,4,anal_pc5_c21_S1.filtered.gene_spectra_score.k_8.dt_0_01.txt,prerank,HALLMARK_P53_PATHWAY,-0.48799367246220454,-1.6853726505608913,0.0,0.007643849337093755,0.029,46/89,26.84%,DGKA;GPX2;ITGB4;ABCC5;SAT1;NUPR1;EPHX1;EPS8L2;TP63;KRT17;AK1;KLF4;CCND2;TOB1;SERPINB5;PITPNC1;CLCA2;CTSD;JUN;FOS;SPHK1;EPHA2;FUCA1;S100A4;CDKN2A;TM4SF1;TSC22D1;FAS;JAG2;CDKN2B;NDRG1;ZBTB16;MAPKAPK3;PLK3;CDH13;BMP2;RNF19B;CCND3;IER3;RAP2B;CEBPA;NINJ1;PTPRE;SLC7A11;HSPA4L;MXD1
8,4,anal_pc5_c21_S1.filtered.gene_spectra_score.k_8.dt_0_01.txt,prerank,HALLMARK_APICAL_JUNCTION,-0.4741116050797914,-1.6730206069957336,0.0,0.006747673897572419,0.032,50/101,29.42%,EVL;FYB1;CLDN7;PLCG1;ITGB4;CLDN4;CDH1;TRAF1;TGFBI;COL17A1;MDK;ADAM15;ADAM23;LAMB3;MPZL2;PCDH1;CDH3;ADAM9;ITGA3;ITGA2;BMP1;LAMA3;NLGN2;WASL;PIK3R3;MMP2;WNK4;SORBS3;COL16A1;VCAN;TJP1;PTPRC;SDC3;LAYN;FBN1;STX4;EPB41L2;CD276;NECTIN4;CD209;THY1;THBS3;MYL9;ITGA9;TSPAN4;MAP3K20;SHC1;VCAM1;CDH11;LAMC2
8,4,anal_pc5_c21_S1.filtered.gene_spectra_score.k_8.dt_0_01.txt,prerank,HALLMARK_TGF_BETA_SIGNALING,-0.6005122889517089,-1.6688717280522387,0.0012531328320802004,0.006325944278974142,0.036,19/24,35.28%,CDH1;SMAD3;ID1;SLC20A1;TGIF1;THBS1;ENG;TGFBR1;TJP1;ID2;ID3;BMP2;SMAD1;FURIN;LTBP2;WWTR1;SMAD7;SMAD6;CDKN1C
8,4,anal_pc5_c21_S1.filtered.gene_spectra_score.k_8.dt_0_01.txt,prerank,HALLMARK_UV_RESPONSE_DN,-0.4976804247016951,-1.6634593149679695,0.0,0.00572347339526232,0.038,52/69,39.12%,RUNX1;FYN;SMAD3;ID1;ERBB2;CELF2;COL1A2;COL3A1;NFIB;PLCB4;LDLR;EFEMP1;PPARG;COL1A1;PIK3R3;DAB2;IGFBP5;NRP1;PLPP3;MGLL;SYNE1;FHL2;TFPI;TJP1;GJA1;PMP22;ICA1;ADGRL2;LPAR1;COL5A2;TGFBR2;DUSP1;PDLIM5;PIK3CD;RBPMS;PTPRM;SNAI2;MAP1B;SDC2;PDGFRB;LAMC1;MYC;VLDLR;FBLN5;SMAD7;TGFBR3;F3;LTBP1;KALRN;KCNMA1;RND3;CCN1
8,4,anal_pc5_c21_S1.filtered.gene_spectra_score.k_8.dt_0_01.txt,prerank,HALLMARK_E2F_TARGETS,-0.4945883196310043,-1.5888921555604443,0.004694835680751174,0.01331084108700809,0.094,50/54,42.00%,HELLS;TFRC;LMNB1;MCM2;MCM4;EZH2;CDC25B;HMGB2;KIF22;CDK1;MCM6;CDKN2A;POLE;SMC4;TK1;MKI67;PTTG1;TOP2A;LIG1;CENPM;KPNA2;CDKN2C;CIT;RRM2;TACC3;TCF19;SPAG5;CCNB2;CKS2;CDKN1A;MELK;NCAPD2;PLK1;MYC;CDC20;KIF2C;ANP32E;MYBL2;AURKB;DLGAP5;CDCA8;BIRC5;ORC6;HMMR;SPC25;ESPL1;KIF18B;AURKA;DEPDC1;CDCA3
8,4,anal_pc5_c21_S1.filtered.gene_spectra_score.k_8.dt_0_01.txt,prerank,HALLMARK_FATTY_ACID_METABOLISM,-0.5101666094365662,-1.5830272041137607,0.0012121212121212121,0.012886182790502883,0.102,24/44,29.54%,GLUL;EPHX1;ALDH1A1;ALDH3A1;MAOA;CA2;ACSL5;UGDH;FASN;HSD17B11;ACAA2;MGLL;HPGD;ACOX1;ME1;HSPH1;CA4;ACAT2;CEL;ODC1;CD36;CBR3;ACSL1;ECI2
8,4,anal_pc5_c21_S1.filtered.gene_spectra_score.k_8.dt_0_01.txt,prerank,HALLMARK_ESTROGEN_RESPONSE_EARLY,-0.4426910402592142,-1.5825830963180327,0.0,0.011597564511452595,0.102,44/118,18.28%,KRT8;CLDN7;ELF3;KRT19;RAPGEFL1;NBL1;IGFBP4;SCNN1A;KRT15;AKAP1;CA12;KLF4;LRIG1;BCL11B;RASGRP1;MUC1;TOB1;DHRS3;ESRP2;TFF3;HES1;MLPH;FOS;SVIL;FLNB;SLC26A2;TJP3;FASN;MYB;PRSS23;HR;LAD1;CXCL12;FARP1;SLC2A1;MAST4;CISH;FHL2;BLVRB;SLC16A1;OVOL2;GJA1;TIAM1;CELSR1
8,4,anal_pc5_c21_S1.filtered.gene_spectra_score.k_8.dt_0_01.txt,prerank,HALLMARK_G2M_CHECKPOINT,-0.475230683083833,-1.5643775629387429,0.0023121387283236996,0.013322822042081905,0.126,58/68,43.16%,SMAD3;LMNB1;MCM2;EZH2;CDC25B;SLC12A2;KIF22;CDK1;MCM6;NUSAP1;POLE;SMC4;MKI67;PTTG1;TOP2A;MEIS1;TPX2;KPNA2;PRC1;E2F1;CDKN2C;KIF23;TACC3;TROAP;FANCC;NDC80;CCNB2;CKS2;KIF11;ODC1;MAP3K20;RAD54L;CENPF;CDC45;PLK1;MT2A;MYC;KIF20B;CDC20;CCND1;KIF2C;MYBL2;CCNF;AURKB;BIRC5;ORC6;HMMR;INCENP;ESPL1;TTK;KIF15;AURKA;POLQ;MEIS2;NEK2;BUB1;SNRPD1;UBE2C
8,4,anal_pc5_c21_S1.filtered.gene_spectra_score.k_8.dt_0_01.txt,prerank,HALLMARK_XENOBIOTIC_METABOLISM,-0.45391560339373804,-1.5503170580289474,0.008009153318077803,0.014760536650939666,0.153,37/80,30.94%,IGFBP4;EPHX1;GCLC;FBLN1;TMEM176B;ABCC3;AKR1C3;AKR1C2;ALDH3A1;MAOA;NQO1;CA2;SLC6A6;BCAR1;PTGR1;UGDH;EPHA2;NDRG2;FAS;APOE;CFB;CES1;PTGDS;BLVRB;ACOX1;ID2;LPIN2;CAT;IL1R1;PDLIM5;NINJ1;CD36;CYP27A1;TPST1;UPP1;CYB5A;MT2A
8,4,anal_pc5_c21_S1.filtered.gene_spectra_score.k_8.dt_0_01.txt,prerank,HALLMARK_ESTROGEN_RESPONSE_LATE,-0.4339738903989194,-1.5350047793177093,0.003355704697986577,0.01670698104447017,0.183,40/106,19.48%,KRT19;CKB;RAPGEFL1;CXCL14;NBL1;CDH1;IGFBP4;LLGL2;AGR2;SCNN1A;PLXNB1;CA12;KLF4;MDK;TOB1;TFF3;CA2;ASS1;FOS;FLNB;SLC26A2;UGDH;TJP3;MYB;PRSS23;SERPINA1;HR;CPE;CXCL12;FARP1;FGFR3;TOP2A;CISH;BLVRB;SLC16A1;OVOL2;FABP5;TIAM1;ID2;KLK11
8,4,anal_pc5_c21_S1.filtered.gene_spectra_score.k_8.dt_0_01.txt,prerank,HALLMARK_PEROXISOME,-0.5193905607354067,-1.5092401217445943,0.008443908323281062,0.021688951813625634,0.243,21/32,38.46%,ABCC5;ALDH1A1;HSD11B2;DHRS3;ACSL5;HSD17B11;SOD2;TOP2A;ACOX1;CAT;CRABP2;SEMA3C;CEL;ACSL1;ECI2;ABCB1;DLG4;NR1I2;ELOVL5;ABCD2;FDPS
8,4,anal_pc5_c21_S1.filtered.gene_spectra_score.k_8.dt_0_01.txt,prerank,HALLMARK_APOPTOSIS,-0.44421290778894174,-1.5047360980852114,0.003468208092485549,0.021367634008979328,0.256,49/79,35.80%,CD2;LGALS3;GSN;SAT1;ANXA1;TNFSF10;SATB1;ERBB2;DPYD;CCND2;ERBB3;SLC20A1;JUN;CDC25B;HMGB2;RHOB;DCN;IFITM3;PRF1;CD14;CLU;EMP1;FAS;MMP2;LUM;PLCB2;CASP8;SOD2;TOP2A;PPT1;TIMP2;TIMP3;BMP2;IER3;LEF1;FASLG;PDGFRB;CDKN1A;IL18;CD69;BGN;BCL2L11;PMAIP1;PLAT;CCND1;SMAD7;TGFBR3;HMOX1;NEDD9
8,4,anal_pc5_c21_S1.filtered.gene_spectra_score.k_8.dt_0_01.txt,prerank,HALLMARK_COMPLEMENT,-0.4127226275338529,-1.4955106669035667,0.00331858407079646,0.022206700229315476,0.281,60/122,32.56%,LGALS3;CTSB;LRP1;SPOCK2;LCP2;FYN;CCL5;MMP14;CTSC;LCK;RASGRP1;CA2;C1R;C1S;CTSD;COL4A2;CBLB;ADAM9;DOCK9;SERPINA1;GZMA;C1QC;CLU;CFB;CD40LG;CSRP1;GZMK;KLK1;C1QA;FN1;TIMP2;DOCK4;STX4;CDH13;LGMN;L3MBTL4;CTSL;ME1;GATA3;PIM1;PLAUR;CPQ;FCER1G;HSPA1A;CTSS;SERPING1;C2;KIF2A;PRSS3;C3;PLA2G7;CFH;CD36;LIPA;DOCK10;TNFAIP3;DPP4;PLAT;PSMB9;PDGFB
8,4,anal_pc5_c21_S1.filtered.gene_spectra_score.k_8.dt_0_01.txt,prerank,HALLMARK_COAGULATION,-0.42405902823595476,-1.454377752174543,0.015046296296296295,0.03535086508838492,0.425,39/79,32.56%,CTSB;GSN;LRP1;ANXA1;FYN;MMP14;C1R;C1S;A2M;SPARC;ADAM9;ITGA2;PRSS23;SERPINA1;BMP1;THBS1;CLU;CFB;MMP2;CSRP1;C1QA;FN1;HTRA1;FBN1;TIMP3;LGMN;CFD;PLAU;CPQ;FURIN;SERPING1;C2;C3;CFH;CTSK;VWF;DPP4;PLAT;PDGFB
8,4,anal_pc5_c21_S1.filtered.gene_spectra_score.k_8.dt_0_01.txt,prerank,HALLMARK_CHOLESTEROL_HOMEOSTASIS,-0.47070010641338716,-1.4060214598053367,0.02997601918465228,0.06021361776653165,0.621,18/35,24.56%,LGALS3;JAG1;ABCA2;MAL2;ALCAM;FASN;LDLR;CLU;PPARG;FADS2;FABP5;HMGCR;LGMN;SCD;PLAUR;CXCL16;MVK;ACAT2
8,4,anal_pc5_c21_S1.filtered.gene_spectra_score.k_8.dt_0_01.txt,prerank,HALLMARK_IL2_STAT5_SIGNALING,-0.3753557991783221,-1.3638771793530824,0.03285870755750274,0.09061637725934013,0.779,66/127,31.16%,TRAF1;TNFSF10;LRIG1;CCR4;IL2RB;MUC1;CCND2;DHRS3;WLS;CA2;TNFRSF1B;COL6A1;IRF6;RORA;TNFRSF21;PRKCH;CDCP1;CST7;ALCAM;RHOB;IFITM3;ST3GAL4;TTC39B;ICOS;AHR;FLT3LG;PLPP1;EMP1;NRP1;IKZF2;CSF1;PHTF2;CISH;NDRG1;HK2;TIAM1;CTLA4;BMP2;CCND3;CAPG;BATF;NFKBIZ;PIM1;CDC42SE2;EOMES;ITIH5;PLAGL1;FURIN;SMPDL3A;TNFRSF18;SCN9A;SYT11;PHLDA1;MXD1;SNX9;ODC1;FGL2;PNP;ECM1;ABCB1;IL1R2;IL10RA;ITGA6;PTGER2;TNFRSF4;MYC
8,4,anal_pc5_c21_S1.filtered.gene_spectra_score.k_8.dt_0_01.txt,prerank,HALLMARK_APICAL_SURFACE,-0.4690686484406546,-1.3461783703352366,0.0811138014527845,0.10327104035425289,0.839,17/27,38.60%,ATP8B1;IL2RB;CROCC;GSTM3;SULF2;EPHB4;AKAP7;GATA3;DCBLD2;PLAUR;THY1;LYPD3;IL2RG;MAL;AFAP1L2;RHCG;CX3CL1
8,4,anal_pc5_c21_S1.filtered.gene_spectra_score.k_8.dt_0_01.txt,prerank,HALLMARK_MYOGENESIS,-0.37623855657464417,-1.3399885472917474,0.02783964365256125,0.10513116920771313,0.853,49/112,32.74%,GSN;ITGB4;CKB;AK1;COL6A2;NQO1;EFS;ERBB3;COL4A2;SPHK1;SVIL;COL3A1;CNN3;SPARC;ITGB5;GAA;COL6A3;MYH11;CLU;COL1A1;IGFBP7;SORBS3;VIPR1;SLC6A8;TPM2;BIN1;EPHB3;CDH13;SCD;PDLIM7;SOD3;CFD;NAV2;COL15A1;MAPRE3;DAPK2;AEBP1;SMTN;IFRD1;TAGLN;CD36;CDKN1A;KIFC3;ACSL1;TNNT3;GNAO1;WWTR1;DTNA;MYLK
8,4,anal_pc5_c21_S1.filtered.gene_spectra_score.k_8.dt_0_01.txt,prerank,HALLMARK_ALLOGRAFT_REJECTION,-0.37339423353003737,-1.3351674880746442,0.04139433551198257,0.10615126195399792,0.866,34/121,13.60%,CD2;FYB1;ZAP70;CD96;CD3E;CD3D;ITGAL;LCP2;CD4;ITK;CCL5;CD28;LCK;IL2RB;CD8A;GBP2;CCND2;CD247;CD7;STAT4;ETS1;FLNA;CCR5;CD3G;GZMA;PRF1;STAB1;CDKN2A;TRAT1;ITGB2;STAT1;FAS;CD40LG;CSF1
8,4,anal_pc5_c21_S1.filtered.gene_spectra_score.k_8.dt_0_01.txt,prerank,HALLMARK_UV_RESPONSE_UP,-0.39855742237318814,-1.311260147668623,0.08168028004667445,0.1278940908575207,0.921,22/66,20.00%,EPCAM;EPHX1;MMP14;IGFBP2;RASGRP1;TFRC;MAOA;CA2;FOS;CREG1;RHOB;ARRB2;HYAL2;SOD2;SLC6A8;CDKN2B;RAB27A;DNAJB1;PTPRD;PPT1;BMP2;CCND3
8,4,anal_pc5_c21_S1.filtered.gene_spectra_score.k_8.dt_0_01.txt,prerank,HALLMARK_HEDGEHOG_SIGNALING,-0.4914670491781771,-1.2676786187468791,0.14698492462311558,0.1781807638577717,0.971,10/17,34.06%,ADGRG1;DPYSL2;NRP1;VEGFA;CELSR1;NRCAM;THY1;NRP2;VLDLR;HEY1
8,4,anal_pc5_c21_S1.filtered.gene_spectra_score.k_8.dt_0_01.txt,prerank,HALLMARK_ADIPOGENESIS,-0.37365091451893423,-1.197763159115256,0.18646080760095013,0.2901921505574738,0.998,35/51,41.80%,TOB1;BCL6;PHLDB1;PPARG;APOE;ABCA1;COL4A1;ESRRA;LAMA4;ACAA2;UCP2;CAVIN1;MGLL;NABP1;ACOX1;CAT;ME1;SPARCL1;CDKN2C;COL15A1;ITIH5;C3;PIM3;CD36;MYLK;PFKFB3;ITSN1;ENPP2;CCNG2;GPX3;FZD4;LIFR;CAVIN2;CYP4B1;SORBS1
8,4,anal_pc5_c21_S1.filtered.gene_spectra_score.k_8.dt_0_01.txt,prerank,HALLMARK_HYPOXIA,-0.3330740244699055,-1.185353163007156,0.1750841750841751,0.302753205043724,0.998,59/111,39.44%,GPC1;PKP1;SELENBP1;TGFBI;CA12;SDC4;NEDD4L;COL5A1;SLC6A6;RORA;JUN;FOS;ETS1;ACKR3;PFKP;DCN;GAA;EFNA1;S100A4;GPC3;SLC2A1;VEGFA;CAVIN1;P4HA2;NDRG1;SDC3;HK2;PAM;PLAC8;PIM1;PPARGC1A;ERO1A;IER3;PLAUR;DUSP1;SDC2;CDKN1A;BGN;LXN;MT2A;VLDLR;TNFAIP3;PDGFB;DTNA;PFKFB3;CDKN1C;HMOX1;F3;IGFBP3;GPC4;CCNG2;MXI1;ADM;CCN2;BNIP3L;RBPJ;CP;CCN1;NDST2
8,4,anal_pc5_c21_S1.filtered.gene_spectra_score.k_8.dt_0_01.txt,prerank,HALLMARK_MTORC1_SIGNALING,0.2896867875713701,1.183565098245168,0.1925925925925926,0.38145520541164823,0.658,10/72,4.26%,XBP1;PDK1;HSP90B1;SDF2L1;BTG2;SLC1A4;HSPA5;PSAT1;SLC7A5;GLRX
8,4,anal_pc5_c21_S1.filtered.gene_spectra_score.k_8.dt_0_01.txt,prerank,HALLMARK_TNFA_SIGNALING_VIA_NFKB,-0.3167001266957143,-1.1752037345424509,0.16132478632478633,0.31079129948367407,0.999,74/150,42.28%,IL7R;SAT1;TRAF1;JAG1;CCL5;KLF4;SMAD3;SDC4;LAMB3;HES1;TNFAIP2;JUN;FOS;TGIF1;SPHK1;ACKR3;RHOB;EFNA1;PTGER4;LDLR;EGR1;BCL6;LITAF;TSC22D1;ABCA1;CSF1;PLPP3;SOD2;KLF9;VEGFA;NFAT5;ID2;BMP2;RNF19B;IER3;PLAUR;PLAU;DUSP1;PDLIM5;PER1;TNC;NINJ1;PTPRE;PHLDA1;SGK1;NAMPT;MXD1;CDKN1A;IL18;KDM6B;NFKBIA;CD69;MYC;TNFAIP3;PHLDA2;TLR2;PFKFB3;CCND1;SOCS3;F3;CEBPB;SPSB1;DUSP4;SLC16A6;CCN1;TUBB2A;CCL2;CCL20;TNFRSF9;CCL4;SLC2A3;ZFP36;SERPINB8;CXCL1
8,4,anal_pc5_c21_S1.filtered.gene_spectra_score.k_8.dt_0_01.txt,prerank,HALLMARK_REACTIVE_OXYGEN_SPECIES_PATHWAY,-0.4357960370031956,-1.1627878823938078,0.26525529265255293,0.3239410632858009,0.999,8/19,14.36%,GCLC;TXNRD1;MGST1;NQO1;FTL;PFKP;IPCEF1;SOD2
8,4,anal_pc5_c21_S1.filtered.gene_spectra_score.k_8.dt_0_01.txt,prerank,HALLMARK_DNA_REPAIR,-0.4234737939031081,-1.1542210135192472,0.2798053527980535,0.3285128304874158,1.0,8/22,23.18%,BCAM;AK1;TYMS;ZWINT;LIG1;POLA1;ARL6IP1;STX3
8,4,anal_pc5_c21_S1.filtered.gene_spectra_score.k_8.dt_0_01.txt,prerank,HALLMARK_KRAS_SIGNALING_UP,-0.3110486809122353,-1.1305787219849397,0.24725274725274726,0.3619845892968537,1.0,48/131,25.54%,TSPAN1;IL7R;TRAF1;SATB1;TMEM176B;KLF4;CCND2;CA2;TNFRSF1B;MPZL2;TRIB2;ETS1;GPNMB;SPON1;TMEM176A;FUCA1;ITGA2;ENG;MALL;ITGB2;EMP1;CPE;CFB;NRP1;SLPI;LCP1;HOXD11;TFPI;EPHB2;TSPAN7;ID2;BMP2;C3AR1;SPARCL1;ERO1A;MAFB;DCBLD2;PLAUR;ACE;SPRY2;PLAU;ADGRA2;F13A1;FCER1G;LAPTM5;TSPAN13;CTSS;ADAMDEC1
8,4,anal_pc5_c21_S1.filtered.gene_spectra_score.k_8.dt_0_01.txt,prerank,HALLMARK_BILE_ACID_METABOLISM,-0.3644525339944897,-1.092249105399464,0.34251497005988024,0.4303002527826928,1.0,11/37,14.24%,ALDH1A1;LCK;ABCA2;RBP1;TFCP2L1;ACSL5;NR3C2;HSD17B11;ABCA1;FADS2;SULT1B1
8,4,anal_pc5_c21_S1.filtered.gene_spectra_score.k_8.dt_0_01.txt,prerank,HALLMARK_WNT_BETA_CATENIN_SIGNALING,-0.429509156540609,-1.0886493843518494,0.38633540372670805,0.42449721922032735,1.0,5/15,14.56%,JAG1;TCF7;CCND2;DLL1;JAG2
8,4,anal_pc5_c21_S1.filtered.gene_spectra_score.k_8.dt_0_01.txt,prerank,HALLMARK_INTERFERON_ALPHA_RESPONSE,-0.33565418940032515,-1.047346071056979,0.41500586166471276,0.49655467668594006,1.0,28/50,43.24%,IFI27;LPAR6;GBP2;C1S;TRIM14;IFI44;IFITM3;CSF1;CASP8;DDX60;HERC6;MX1;IFI44L;NCOA7;NUB1;IFITM2;PSMB9;GBP4;TRIM5;ISG15;IFI30;TRIM25;RSAD2;EPSTI1;OAS1;TENT5A;OASL;IFIT3
8,4,anal_pc5_c21_S1.filtered.gene_spectra_score.k_8.dt_0_01.txt,prerank,HALLMARK_INFLAMMATORY_RESPONSE,-0.28284735223349755,-1.0430064278955373,0.4087431693989071,0.4910049103591989,1.0,61/141,40.80%,IL7R;TNFSF10;LCP2;CCL5;MMP14;LCK;IL2RB;RASGRP1;TNFRSF1B;SPHK1;SLC4A4;ITGA5;PTGER4;LDLR;CD14;AHR;STAB1;ITGB8;CXCR6;ABCA1;GPC3;CSF1;GABBR1;PCDH7;C3AR1;LPAR1;IL1R1;AXL;DCBLD2;PLAUR;OSMR;PTPRE;PVR;NAMPT;MXD1;PDPN;CDKN1A;IL18;NFKBIA;CD69;IL10RA;P2RY2;PTGER2;MYC;IL18RAP;SLC7A2;TLR2;C5AR1;CCL24;CCR7;F3;IL18R1;CALCRL;ADM;CMKLR1;PIK3R5;CX3CL1;SEMA4D;CCL2;CCL20;TNFRSF9
8,4,anal_pc5_c21_S1.filtered.gene_spectra_score.k_8.dt_0_01.txt,prerank,HALLMARK_INTERFERON_GAMMA_RESPONSE,0.23323770743613106,1.0386811462399652,0.30434782608695654,0.49716768410053347,0.861,10/111,2.96%,IRF4;SLAMF7;CSF2RB;CD38;ZBP1;ISG20;CD40;BANK1;ITGB7;CIITA
8,4,anal_pc5_c21_S1.filtered.gene_spectra_score.k_8.dt_0_01.txt,prerank,HALLMARK_GLYCOLYSIS,-0.2995509238805796,-1.0080226909679044,0.4716106604866744,0.5466519563359227,1.0,27/67,27.04%,ELF3;GPC1;GCLC;TGFBI;TFF3;DSC2;COL5A1;QSOX1;PFKP;B3GNT3;DCN;CDK1;GPC3;VCAN;VEGFA;P4HA2;SDC3;HK2;PAM;ME1;ERO1A;PLOD2;IER3;EGLN3;KIF2A;SDC2;SLC16A3
8,4,anal_pc5_c21_S1.filtered.gene_spectra_score.k_8.dt_0_01.txt,prerank,HALLMARK_PI3K_AKT_MTOR_SIGNALING,-0.33495761840219646,-1.0006903757972503,0.4945054945054945,0.5459641354103517,1.0,18/32,28.88%,PLCG1;LCK;MAPK10;SLA;CDK1;PIK3R3;SLC2A1;CAMK4;PPP2R1B;MKNK1;TIAM1;VAV3;E2F1;PLCB1;FASLG;CDKN1A;ITPR2;IL2RG
8,4,anal_pc5_c21_S1.filtered.gene_spectra_score.k_8.dt_0_01.txt,prerank,HALLMARK_HEME_METABOLISM,-0.2787059895973008,-0.899502640327461,0.6556603773584906,0.7200463332675568,1.0,24/55,28.56%,CTSB;SELENBP1;GCLC;BCAM;TFRC;KLF3;CA2;SLC2A1;SLC6A8;UCP2;P4HA2;BLVRB;MBOAT2;LPIN2;CCND3;CAT;DMTN;KDM7A;PDZK1IP1;SNCA;SLC7A11;C3;SLC25A37;TNS1
8,4,anal_pc5_c21_S1.filtered.gene_spectra_score.k_8.dt_0_01.txt,prerank,HALLMARK_ANDROGEN_RESPONSE,-0.2758164817560072,-0.852951734923707,0.7270588235294118,0.7826136415658932,1.0,20/41,28.82%,KRT8;KRT19;SELENOP;SAT1;MAF;STK39;SLC26A2;PLPP1;TSC22D1;NDRG1;HPGD;HMGCR;CCND3;SCD;ARID5B;PDLIM5;DBI;SGK1;IQGAP2;ABCC4
8,4,anal_pc5_c21_S1.filtered.gene_spectra_score.k_8.dt_0_01.txt,prerank,HALLMARK_SPERMATOGENESIS,-0.27461882454744546,-0.8224787580539638,0.7575757575757576,0.8082610344135424,1.0,15/36,42.20%,EZH2;SLC12A2;GSTM3;CDK1;CAMK4;ACE;HSPA2;HSPA4L;CCNB2;KIF2C;SHE;TTK;AURKA;NEK2;BUB1
8,4,anal_pc5_c21_S1.filtered.gene_spectra_score.k_8.dt_0_01.txt,prerank,HALLMARK_KRAS_SIGNALING_DN,0.19856465534381093,0.8137064360611893,0.8584070796460177,0.7911235769674971,0.987,5/78,4.16%,TENT5C;BTG2;TCL1A;DCC;SLC12A3
8,4,anal_pc5_c21_S1.filtered.gene_spectra_score.k_8.dt_0_01.txt,prerank,HALLMARK_IL6_JAK_STAT3_SIGNALING,-0.2507805797538049,-0.7993288411428638,0.7929411764705883,0.8194733651387754,1.0,31/53,45.70%,PLA2G2A;TNFRSF1B;JUN;TNFRSF21;A2M;CD14;STAT1;FAS;CSF1;IL17RA;IL1R1;PIM1;OSMR;CD36;IL2RG;IL1R2;TLR2;IL2RA;HMOX1;SOCS3;IL9R;IL18R1;PIK3R5;PDGFC;SOCS1;TNFRSF12A;CXCL1;ITGB3;IL17RB;CSF2RA;IL12RB1
8,5,anal_pc5_c21_S1.filtered.gene_spectra_score.k_8.dt_0_01.txt,prerank,HALLMARK_E2F_TARGETS,-0.7427840425083855,-2.8336723368292884,0.0,0.0,0.0,46/54,17.74%,LMNB1;TFRC;EZH2;HELLS;CDK1;CENPM;MKI67;SMC4;TOP2A;KIF22;HMGB2;MCM2;MCM4;PLK1;CIT;MYBL2;TACC3;PTTG1;CKS2;LIG1;CCNB2;RRM2;TK1;BIRC5;TCF19;KPNA2;CDKN2A;SPAG5;POLE;NCAPD2;CDC20;KIF18B;CENPE;MELK;MCM6;DLGAP5;SPC25;ESPL1;AURKB;MYC;ORC6;CDCA3;CDCA8;KIF2C;HMMR;CDC25B
8,5,anal_pc5_c21_S1.filtered.gene_spectra_score.k_8.dt_0_01.txt,prerank,HALLMARK_G2M_CHECKPOINT,-0.6143666268603861,-2.406697268629451,0.0,0.0,0.0,54/68,22.30%,LMNB1;EZH2;NUSAP1;CDK1;MKI67;SMC4;TOP2A;SLC7A1;KIF22;TPX2;MCM2;TROAP;PLK1;SLC12A2;MYBL2;TACC3;NDC80;PRC1;PTTG1;CKS2;CCNB2;INCENP;BIRC5;KIF11;E2F1;KPNA2;ODC1;KIF23;CDC45;POLE;RAD54L;CDC20;CENPE;CENPF;MCM6;POLQ;BUB1;KIF20B;ESPL1;AURKB;UBE2C;MYC;ORC6;FBXO5;KIF2C;HMMR;CDC25B;CCNF;KIF15;TTK;SLC7A5;CDKN2C;AURKA;SMAD3
8,5,anal_pc5_c21_S1.filtered.gene_spectra_score.k_8.dt_0_01.txt,prerank,HALLMARK_EPITHELIAL_MESENCHYMAL_TRANSITION,0.8169150165653434,2.146206734239095,0.0,0.0,0.0,97/164,12.76%,COL6A2;COL1A2;COL3A1;DCN;COL6A3;LUM;FBLN1;COL1A1;COL5A1;MMP2;MXRA5;CXCL12;COL5A2;FN1;COL16A1;PCOLCE;SPARC;FSTL1;THY1;FBLN5;LAMA2;EDIL3;PDGFRB;SFRP1;FBN1;ABI3BP;LRP1;PMP22;CALD1;CDH11;GREM1;VCAM1;VCAN;NID2;COL4A2;MYL9;SLIT3;BGN;LAMC1;MATN2;TPM2;ACTA2;TFPI2;COL4A1;TAGLN;IGFBP3;COL12A1;NNMT;TIMP3;MGP;MYLK;FBLN2;ITGB3;CCN1;PRRX1;CXCL1;TPM1;THBS1;MFAP5;EFEMP2;SERPINH1;LOXL1;TGM2;IGFBP4;FLNA;TNC;ELN;LOXL2;SGCD;MMP14;ECM2;HTRA1;POSTN;GJA1;SPOCK1;CCN2;FGF2;TIMP1;SERPINE2;LOX;PCOLCE2;SNAI2;GEM;FMOD;FAP;COL11A1;CRLF1;INHBA;THBS2;SFRP4;CXCL6;COL5A3;LRRC15;TGFBR3;PLOD2;QSOX1;COMP
8,5,anal_pc5_c21_S1.filtered.gene_spectra_score.k_8.dt_0_01.txt,prerank,HALLMARK_COAGULATION,0.7733010852703815,1.9804948962200961,0.0,0.0,0.0,27/79,8.34%,C1S;C1R;A2M;MMP2;FN1;SPARC;CFD;CFH;FBN1;C3;LRP1;SERPING1;TFPI2;CTSK;TIMP3;ITGB3;GSN;THBS1;C2;F3;PLAT;MMP14;CSRP1;HTRA1;CPQ;F10;TIMP1
8,5,anal_pc5_c21_S1.filtered.gene_spectra_score.k_8.dt_0_01.txt,prerank,HALLMARK_MYOGENESIS,0.7387288793022455,1.9299488618798764,0.0,0.0,0.0,40/112,9.94%,COL6A2;COL3A1;COL6A3;COL1A1;AEBP1;SPARC;CFD;LAMA2;COL4A2;IGFBP7;SOD3;TPM2;COL15A1;GPX3;TAGLN;IGFBP3;FHL1;MYLK;GSN;SMTN;PDLIM7;CACNA1H;DES;SORBS1;HSPB8;SGCD;BDKRB2;DTNA;FGF2;GNAO1;ITGA7;MYH11;LDB3;SPEG;APOD;COX7A1;PTGIS;NCAM1;CNN3;KIFC3
8,5,anal_pc5_c21_S1.filtered.gene_spectra_score.k_8.dt_0_01.txt,prerank,HALLMARK_UV_RESPONSE_DN,0.7503133016219296,1.899233503117145,0.0,0.0,0.0,34/69,13.50%,COL1A2;COL3A1;COL1A1;COL5A2;FBLN5;PDGFRB;PMP22;PLPP3;IGFBP5;EFEMP1;LAMC1;RBPMS;ADGRL2;PTGFR;ITGB3;LTBP1;CCN1;LPAR1;F3;DLC1;FHL2;GJA1;HAS2;PRKAR2B;SDC2;SNAI2;KALRN;COL11A1;TGFBR3;KCNMA1;CAV1;NRP1;DAB2;TFPI
8,5,anal_pc5_c21_S1.filtered.gene_spectra_score.k_8.dt_0_01.txt,prerank,HALLMARK_ADIPOGENESIS,0.7119244352513253,1.7771130804935213,0.0,0.0,0.0,17/51,10.14%,LAMA4;ITIH5;C3;APOE;PHLDB1;COL15A1;GPX3;COL4A1;MYLK;SORBS1;HSPB8;SPARCL1;ITGA7;LIFR;FZD4;ABCA1;ANGPTL4
8,5,anal_pc5_c21_S1.filtered.gene_spectra_score.k_8.dt_0_01.txt,prerank,HALLMARK_MITOTIC_SPINDLE,-0.4212082766852152,-1.76375963856686,0.0,0.02542626383487885,0.016632016632016633,42/77,19.50%,ARHGAP4;LMNB1;DOCK2;NUSAP1;CDK1;RAPGEF5;ECT2;SMC4;ARHGAP27;CNTRL;TOP2A;KIF22;TPX2;CEP72;PLK1;ARHGEF2;NDC80;PRC1;ANLN;CCNB2;INCENP;BIRC5;KIF11;KNTC1;EPB41;KIF23;NEDD9;CENPE;CENPF;RAPGEF6;BUB1;DLGAP5;KIF20B;ESPL1;BCL2L11;TIAM1;FBXO5;KIF2C;PREX1;KIF15;TTK;TUBA4A
8,5,anal_pc5_c21_S1.filtered.gene_spectra_score.k_8.dt_0_01.txt,prerank,HALLMARK_P53_PATHWAY,-0.3726202921112381,-1.7095432579793306,0.0,0.029165420281184563,0.02598752598752599,36/89,22.54%,ITGB4;GPX2;DGKA;TP63;DEF6;SAT1;CLCA2;ABCC5;SERPINB5;BTG2;KRT17;JAG2;EPS8L2;AK1;TRAF4;IFI30;EPHA2;DDIT4;SLC7A11;FUCA1;CDKN2A;CYFIP2;SPHK1;GM2A;RNF19B;NUPR1;KIF13B;KLF4;CCND3;TOB1;CTSD;MKNK2;CDKN2B;HSPA4L;MXD1;PTPRE
8,5,anal_pc5_c21_S1.filtered.gene_spectra_score.k_8.dt_0_01.txt,prerank,HALLMARK_ANGIOGENESIS,0.7442790066846677,1.699299775760053,0.0,0.0019020914807618206,0.016,12/29,14.08%,COL3A1;LUM;COL5A2;FSTL1;VCAN;POSTN;TIMP1;FGFR1;CXCL6;S100A4;NRP1;VEGFA
8,5,anal_pc5_c21_S1.filtered.gene_spectra_score.k_8.dt_0_01.txt,prerank,HALLMARK_MTORC1_SIGNALING,-0.38908691586407956,-1.6772364124802592,0.0,0.02961411905474125,0.032224532224532226,40/72,23.20%,CORO1A;TFRC;GCLC;TXNRD1;BTG2;SLC2A1;MCM2;IFI30;MCM4;PLK1;ITGB2;DDIT4;SLC7A11;PDK1;HMGCR;SLA;RRM2;PHGDH;XBP1;HK2;BUB1;PNP;NUPR1;SLC1A4;LTA4H;DAPP1;CCNF;PIK3R3;PSAT1;SLC7A5;ERO1A;TUBA4A;ELOVL5;SLC6A6;HSP90B1;SDF2L1;AURKA;CXCR4;LDLR;SCD
8,5,anal_pc5_c21_S1.filtered.gene_spectra_score.k_8.dt_0_01.txt,prerank,HALLMARK_PI3K_AKT_MTOR_SIGNALING,-0.4834544330821598,-1.6327362952770768,0.0070921985815602835,0.026921926413401135,0.035343035343035345,19/32,28.68%,IL2RG;CDK1;SLC2A1;VAV3;PDK1;SLA;E2F1;PRKCB;LCK;TIAM1;DAPP1;PIK3R3;ITPR2;MKNK2;HSP90B1;CXCR4;CDKN1A;CAMK4;PLCG1
8,5,anal_pc5_c21_S1.filtered.gene_spectra_score.k_8.dt_0_01.txt,prerank,HALLMARK_COMPLEMENT,0.6079303094523293,1.5719165091908236,0.0,0.019360574000611384,0.17,21/122,8.34%,C1S;C1R;FN1;CFH;C3;LRP1;CP;SERPING1;TIMP2;COL4A2;TFPI2;CXCL1;C2;CTSC;F3;PLAT;MMP14;CSRP1;CPQ;F10;TIMP1
8,5,anal_pc5_c21_S1.filtered.gene_spectra_score.k_8.dt_0_01.txt,prerank,HALLMARK_DNA_REPAIR,-0.4956745245589604,-1.520007092960554,0.03571428571428571,0.05576684757061664,0.08523908523908524,10/22,20.40%,ZWINT;TYMS;BCAM;AK1;HCLS1;LIG1;PNP;ARL6IP1;VPS37B;POLA1
8,5,anal_pc5_c21_S1.filtered.gene_spectra_score.k_8.dt_0_01.txt,prerank,HALLMARK_APOPTOSIS,0.5692626499668337,1.4438159938250377,0.01962809917355372,0.08862557493174608,0.617,20/79,15.00%,DCN;LUM;MMP2;PDGFRB;TIMP2;BGN;GPX3;TIMP3;GSN;IGFBP6;PLAT;HGF;TIMP1;PLPPR4;TGFBR3;RHOB;CAV1;IFITM3;AVPR1A;JUN
8,5,anal_pc5_c21_S1.filtered.gene_spectra_score.k_8.dt_0_01.txt,prerank,HALLMARK_APICAL_JUNCTION,0.5587563504019526,1.4335307398551167,0.008213552361396304,0.08781322336183738,0.648,23/101,9.70%,MMP2;COL16A1;THY1;FBN1;CDH11;VCAM1;VCAN;MYL9;NEGR1;NFASC;NLGN2;EPB41L2;ACTG2;CERCAM;SDC3;CADM3;TSPAN4;NEXN;JAM3;SPEG;FLNC;CLDN11;ADAMTS5
8,5,anal_pc5_c21_S1.filtered.gene_spectra_score.k_8.dt_0_01.txt,prerank,HALLMARK_HYPOXIA,0.549884325476573,1.4311459320742852,0.010131712259371834,0.08124308237203924,0.657,32/111,15.82%,DCN;COL5A1;CP;BGN;IGFBP3;FOS;CCN1;SRPX;SDC3;TGM2;F3;PAM;DTNA;CCN2;CAVIN3;SDC2;AKAP12;LOX;CCN5;ANGPTL4;P4HA2;PPP1R3C;S100A4;TMEM45A;CAV1;PGF;CAVIN1;VEGFA;JUN;PPP1R15A;TGFBI;DUSP1
8,5,anal_pc5_c21_S1.filtered.gene_spectra_score.k_8.dt_0_01.txt,prerank,HALLMARK_BILE_ACID_METABOLISM,0.549012148996419,1.3226023063823618,0.11148648648648649,0.20782510894914663,0.948,7/37,9.00%,ABCA8;ABCA6;CYP7B1;CH25H;ABCA9;HSD17B6;ABCA1
8,5,anal_pc5_c21_S1.filtered.gene_spectra_score.k_8.dt_0_01.txt,prerank,HALLMARK_HEME_METABOLISM,-0.3174898416564418,-1.2762075574974876,0.1232876712328767,0.21930152557583008,0.3482328482328482,27/55,28.28%,UCP2;TFRC;GCLC;BTG2;SLC2A1;BCAM;KLF3;TENT5C;CA2;SLC7A11;SELENBP1;CTSB;EPB41;AQP3;ACKR1;DMTN;PDZK1IP1;CCND3;LMO2;BMP2K;KAT2B;SEC14L1;SLC6A8;LPIN2;ACP5;KDM7A;SNCA
8,5,anal_pc5_c21_S1.filtered.gene_spectra_score.k_8.dt_0_01.txt,prerank,HALLMARK_GLYCOLYSIS,0.5001216032100466,1.2634064791177901,0.13291796469366562,0.31033811315804577,0.994,15/67,15.24%,DCN;COL5A1;VCAN;IGFBP3;SDC3;CACNA1H;PAM;SDC2;ANGPTL4;TPST1;P4HA2;PLOD2;QSOX1;VEGFA;TGFBI
8,5,anal_pc5_c21_S1.filtered.gene_spectra_score.k_8.dt_0_01.txt,prerank,HALLMARK_XENOBIOTIC_METABOLISM,0.4899114886971006,1.2514839735995442,0.12757201646090535,0.3115955053628763,0.998,19/80,16.52%,FBLN1;PTGDS;APOE;TMEM176B;IGFBP4;SLC12A4;IL1R1;AOX1;F10;HSD11B1;PTGES;TPST1;ATOH8;CFB;CDO1;TDO2;PDK4;IGF1;MAN1A1
8,5,anal_pc5_c21_S1.filtered.gene_spectra_score.k_8.dt_0_01.txt,prerank,HALLMARK_HEDGEHOG_SIGNALING,0.5860161911607555,1.2317517806789786,0.2159383033419023,0.3344284414210872,1.0,8/17,20.60%,THY1;UNC5C;DPYSL2;NRP1;VEGFA;ACHE;L1CAM;NRP2
8,5,anal_pc5_c21_S1.filtered.gene_spectra_score.k_8.dt_0_01.txt,prerank,HALLMARK_PEROXISOME,-0.35019784128791265,-1.1932335965978258,0.16666666666666666,0.29614119054741256,0.4708939708939709,11/32,20.36%,ACSL5;HSD11B2;ABCC5;TOP2A;ALDH1A1;HSD17B11;DHRS3;CEL;FDPS;ELOVL5;NR1I2
8,5,anal_pc5_c21_S1.filtered.gene_spectra_score.k_8.dt_0_01.txt,prerank,HALLMARK_TNFA_SIGNALING_VIA_NFKB,0.44575004871359275,1.1640881348632783,0.17334669338677355,0.4724319715342171,1.0,37/150,17.22%,PLPP3;EGR1;CCL2;CSF1;FOS;CCN1;CXCL1;TNC;PER1;F3;GFPT2;MSC;TNFAIP6;DRAM1;ABCA1;GEM;PHLDA1;FOSB;INHBA;CXCL6;G0S2;SOCS3;RHOB;PTGS2;VEGFA;PTX3;PLAU;JUN;PPP1R15A;PLK2;DUSP1;PTGER4;PMEPA1;ZFP36;FJX1;KLF9;CEBPB
8,5,anal_pc5_c21_S1.filtered.gene_spectra_score.k_8.dt_0_01.txt,prerank,HALLMARK_CHOLESTEROL_HOMEOSTASIS,-0.33693557688139936,-1.1625330159261815,0.19626168224299065,0.30421776847143284,0.5114345114345115,17/35,32.26%,ALCAM;LGALS3;MAL2;HMGCR;FASN;FDPS;MVK;LDLR;SCD;FABP5;ACAT2;ABCA2;STARD4;HMGCS1;TM7SF2;TP53INP1;MVD
8,5,anal_pc5_c21_S1.filtered.gene_spectra_score.k_8.dt_0_01.txt,prerank,HALLMARK_IL6_JAK_STAT3_SIGNALING,0.46024803756829585,1.140816913864497,0.29324894514767935,0.5009930639250314,1.0,10/53,15.00%,A2M;OSMR;CSF1;ITGB3;CXCL1;IL1R1;IL7;SOCS3;CXCL13;JUN
8,5,anal_pc5_c21_S1.filtered.gene_spectra_score.k_8.dt_0_01.txt,prerank,HALLMARK_ALLOGRAFT_REJECTION,-0.2518750980609308,-1.1396757531084187,0.0,0.3120496016098768,0.5582120582120582,69/121,30.06%,CD74;IL2RG;ITGAL;PTPN6;ST8SIA4;LTB;CD79A;SRGN;CD2;FYB1;PTPRC;HCLS1;CTSS;CD96;MAP4K1;ZAP70;ITGB2;CAPG;IL16;FGR;CD3E;IRF4;PRKCB;NCF4;STAB1;CDKN2A;CD3D;LCK;SPI1;LCP2;ITK;WAS;CCL5;IL2RB;CD28;IRF8;LY75;CCND3;CD8A;IL12RB1;CD7;CD247;CD4;SIT1;CD3G;TLR6;CCR5;ETS1;GZMA;GPR65;STAT4;TLR2;TLR1;NOS2;LY86;CD40LG;PRF1;CD86;LYN;TRAT1;IL2RA;CD80;CD1D;STAT1;CXCR3;CFP;IL27RA;CCR2;CD40
8,5,anal_pc5_c21_S1.filtered.gene_spectra_score.k_8.dt_0_01.txt,prerank,HALLMARK_KRAS_SIGNALING_UP,0.4355224270532875,1.1337047540739191,0.23819095477386934,0.4893969492266002,1.0,32/131,16.14%,ADAMDEC1;CFH;ADGRA2;IGFBP3;TMEM176B;PRRX1;ALDH1A3;PLAT;TMEM176A;SPARCL1;TMEM158;SPON1;GFPT2;ITGBL1;HSD11B1;AKAP12;APOD;MMP11;ANGPTL4;INHBA;ANO1;GNG11;ENG;CFB;G0S2;NRP1;TFPI;PTGS2;PLAU;PPP1R15A;GADD45G;GUCY1A1
8,5,anal_pc5_c21_S1.filtered.gene_spectra_score.k_8.dt_0_01.txt,prerank,HALLMARK_FATTY_ACID_METABOLISM,-0.294404394298231,-1.0882711735206478,0.26,0.3645677535148071,0.6444906444906445,19/44,28.66%,ACSL5;ALDH3A1;MAOA;CA2;GLUL;FASN;ODC1;ALDH1A1;HSD17B11;UGDH;CEL;ELOVL5;ACSS1;HSPH1;CA4;ACAT2;MGLL;HMGCS1;CD1D
8,5,anal_pc5_c21_S1.filtered.gene_spectra_score.k_8.dt_0_01.txt,prerank,HALLMARK_SPERMATOGENESIS,-0.2814653351507524,-1.007934951800166,0.4583333333333333,0.4987459444533928,0.8004158004158004,14/36,30.44%,EZH2;CDK1;GSTM3;SLC12A2;CCNB2;BUB1;KIF2C;TTK;AURKA;HSPA4L;CAMK4;NEK2;LPIN1;GFI1
8,5,anal_pc5_c21_S1.filtered.gene_spectra_score.k_8.dt_0_01.txt,prerank,HALLMARK_INTERFERON_GAMMA_RESPONSE,0.3821291606871838,0.9920690807782012,0.5238095238095238,0.836523982476709,1.0,6/111,2.96%,C1S;C1R;CFH;SERPING1;VCAM1;CCL2
8,5,anal_pc5_c21_S1.filtered.gene_spectra_score.k_8.dt_0_01.txt,prerank,HALLMARK_INFLAMMATORY_RESPONSE,0.3703259062068911,0.9690883551256008,0.5854398382204247,0.8507980110889173,1.0,26/141,16.16%,OSMR;CCL2;CSF1;ITGB3;LPAR1;PCDH7;F3;MMP14;AXL;HAS2;IL1R1;TNFAIP6;TIMP1;ABCA1;BEST1;PDPN;GABBR1;PTGER2;INHBA;CXCL6;CX3CL1;PTGIR;NMUR1;ITGA5;SLC1A2;PTGER4
8,5,anal_pc5_c21_S1.filtered.gene_spectra_score.k_8.dt_0_01.txt,prerank,HALLMARK_TGF_BETA_SIGNALING,0.41321473865687636,0.9391900868374298,0.5752427184466019,0.883045969943675,1.0,10/24,24.50%,LTBP2;THBS1;ENG;PPP1R15A;PMEPA1;SERPINE1;WWTR1;SMAD6;TJP1;RAB31
8,5,anal_pc5_c21_S1.filtered.gene_spectra_score.k_8.dt_0_01.txt,prerank,HALLMARK_APICAL_SURFACE,0.40691657518027513,0.9348105537685185,0.5786314525810324,0.8506085170128262,1.0,4/27,12.06%,THY1;SRPX;SCUBE1;CX3CL1
8,5,anal_pc5_c21_S1.filtered.gene_spectra_score.k_8.dt_0_01.txt,prerank,HALLMARK_INTERFERON_ALPHA_RESPONSE,0.3585607707755173,0.8841612785894838,0.6710382513661202,0.9098265534057649,1.0,2/50,3.04%,C1S;CSF1
8,5,anal_pc5_c21_S1.filtered.gene_spectra_score.k_8.dt_0_01.txt,prerank,HALLMARK_UNFOLDED_PROTEIN_RESPONSE,-0.2622422562073269,-0.8702009174637293,0.6775956284153005,0.7675954019059014,0.9428274428274428,11/23,21.80%,HERPUD1;DDIT4;NABP1;XBP1;SLC1A4;PSAT1;DNAJA4;SLC7A5;ERO1A;HSP90B1;ERN1
8,5,anal_pc5_c21_S1.filtered.gene_spectra_score.k_8.dt_0_01.txt,prerank,HALLMARK_REACTIVE_OXYGEN_SPECIES_PATHWAY,-0.2902425420594389,-0.8681665691804707,0.6978723404255319,0.7209093628477415,0.9459459459459459,7/19,16.42%,GCLC;TXNRD1;NQO1;FTL;MGST1;PFKP;HHEX
8,5,anal_pc5_c21_S1.filtered.gene_spectra_score.k_8.dt_0_01.txt,prerank,HALLMARK_ESTROGEN_RESPONSE_EARLY,0.32445053988246997,0.8395118438722965,0.797583081570997,0.9457529640866165,1.0,16/118,10.08%,CXCL12;OLFML3;FOS;TGM2;IGFBP4;GFRA1;HSPB8;DLC1;FHL2;SLC24A3;GJA1;PDLIM3;NBL1;PGR;CCN5;PTGES
8,5,anal_pc5_c21_S1.filtered.gene_spectra_score.k_8.dt_0_01.txt,prerank,HALLMARK_ANDROGEN_RESPONSE,0.341944073093297,0.817487706489087,0.7466517857142857,0.9396331914963394,1.0,10/41,17.16%,ADAMTS1;PLPP1;ALDH1A3;AKAP12;LIFR;ABCC4;GUCY1A1;MAF;PMEPA1;STEAP4
8,5,anal_pc5_c21_S1.filtered.gene_spectra_score.k_8.dt_0_01.txt,prerank,HALLMARK_UV_RESPONSE_UP,0.31121351382190127,0.7808017439666834,0.8224101479915433,0.9508365103180265,1.0,11/66,15.30%,GPX3;FOS;MMP14;NTRK3;PDLIM3;DLG4;FOSB;CDO1;RHOB;OLFM1;PTPRD
8,5,anal_pc5_c21_S1.filtered.gene_spectra_score.k_8.dt_0_01.txt,prerank,HALLMARK_ESTROGEN_RESPONSE_LATE,0.2875403986707875,0.7436090516901425,0.8852791878172589,0.9542920984370181,1.0,13/106,10.08%,CXCL12;TFPI2;FOS;IGFBP4;HSPB8;SLC24A3;CXCL14;PDLIM3;PRKAR2B;NBL1;PGR;CCN5;PTGES
8,5,anal_pc5_c21_S1.filtered.gene_spectra_score.k_8.dt_0_01.txt,prerank,HALLMARK_IL2_STAT5_SIGNALING,0.2776036415929003,0.7213835639344782,0.9383838383838384,0.940610655173953,1.0,19/127,17.46%,COL6A1;ITIH5;CSF1;PLPP1;TGM2;PLAGL1;PTH1R;SMPDL3A;PHLDA1;PTGER2;SPRY4;RHOB;NRP1;WLS;IFITM3;GUCY1B1;PENK;AHR;ECM1
8,5,anal_pc5_c21_S1.filtered.gene_spectra_score.k_8.dt_0_01.txt,prerank,HALLMARK_WNT_BETA_CATENIN_SIGNALING,0.27438107073234375,0.5684613187661511,0.9309428950863213,1.0,1.0,2/15,10.94%,NKD1;DLL1
8,5,anal_pc5_c21_S1.filtered.gene_spectra_score.k_8.dt_0_01.txt,prerank,HALLMARK_KRAS_SIGNALING_DN,0.19890067966106012,0.5138524438055218,0.9958202716823407,0.9882431069680497,1.0,8/78,14.62%,PTGFR;RGS11;ZBTB16;CLSTN3;KCNMB1;RYR2;GDNF;SOX10
8,6,anal_pc5_c21_S1.filtered.gene_spectra_score.k_8.dt_0_01.txt,prerank,HALLMARK_E2F_TARGETS,-0.5647062184623638,-2.167766089335695,0.0,0.0,0.0,42/54,34.44%,HELLS;SMC4;EZH2;KIF22;LIG1;CDC25B;CENPM;MCM4;NCAPD2;MYC;MCM2;POLE;PTTG1;TK1;TOP2A;CDK1;CIT;KIF2C;DLGAP5;MCM6;TCF19;KIF18B;MYBL2;TFRC;CDKN2A;AURKB;MKI67;CCNB2;LMNB1;PRDX4;HMGB2;BIRC5;CDKN2C;RRM2;TACC3;CKS2;DEPDC1;ANP32E;SPC25;MELK;CENPE;ESPL1
8,6,anal_pc5_c21_S1.filtered.gene_spectra_score.k_8.dt_0_01.txt,prerank,HALLMARK_G2M_CHECKPOINT,-0.4911335815880267,-1.9378476026659155,0.0,0.0,0.0,54/68,41.52%,SMAD3;SMC4;SLC12A2;EZH2;KIF22;ODC1;MEIS1;SLC7A1;NUSAP1;CDC25B;MYC;MCM2;POLE;PTTG1;TOP2A;CDK1;PRC1;E2F1;TPX2;KIF23;TROAP;KIF2C;RAD54L;MCM6;UBE2C;MYBL2;AURKB;MKI67;CENPF;CCNB2;LMNB1;BIRC5;KIF15;CDKN2C;NDC80;TACC3;FANCC;CKS2;SLC7A5;CCNF;MT2A;CENPE;ESPL1;KIF11;FBXO5;NEK2;MEIS2;PLK1;CDC45;KIF4A;BUB1;EFNA5;HMMR;INCENP
8,6,anal_pc5_c21_S1.filtered.gene_spectra_score.k_8.dt_0_01.txt,prerank,HALLMARK_ESTROGEN_RESPONSE_EARLY,-0.3951176490382156,-1.866731606817411,0.0,0.0,0.0,50/118,21.66%,KRT8;ELF3;LRIG1;SCNN1A;RASGRP1;BCL11B;RAPGEFL1;NBL1;AKAP1;XBP1;KRT15;KRT19;CLDN7;CA12;ESRP2;TOB1;HES1;TFF3;BCL2;MUC1;HR;MLPH;FCMR;KLF4;TJP3;AQP3;SLC26A2;FLNB;OVOL2;MAST4;SLC2A1;MYB;MYC;FHL2;CELSR1;NAV2;SVIL;IGFBP4;PODXL;MYBL1;FARP1;GJA1;FASN;PRSS23;TTC39A;KLK10;SLC16A1;RETREG1;SLC1A4;THSD4
8,6,anal_pc5_c21_S1.filtered.gene_spectra_score.k_8.dt_0_01.txt,prerank,HALLMARK_INFLAMMATORY_RESPONSE,0.7056075392807928,1.7241738996622982,0.0,0.004578799665206045,0.006,61/141,14.30%,STAB1;CD14;CYBB;CMKLR1;C3AR1;CCL24;TLR2;ABCA1;CSF3R;AXL;MSR1;MEFV;FPR1;ICAM1;RGS1;CLEC5A;PTAFR;SCARF1;NLRP3;PTPRE;MMP14;BEST1;C5AR1;EBI3;MARCO;IL1B;OLR1;PIK3R5;CXCL9;AHR;TLR1;IL18;GPR132;IL10RA;SLC31A2;LYN;TNFRSF1B;LAMP3;ADGRE1;PLAUR;P2RX7;AQP9;CD40;CXCL10;CCL2;IL10;SCN1B;GPR183;RNF144B;NOD2;CCL22;PROK2;CXCL8;PTGIR;TIMP1;CHST2;EMP3;NFKBIA;IL6;FFAR2;LCP2
8,6,anal_pc5_c21_S1.filtered.gene_spectra_score.k_8.dt_0_01.txt,prerank,HALLMARK_IL6_JAK_STAT3_SIGNALING,0.7364769947959162,1.7214133350829293,0.0,0.0026709664713701936,0.007,23/53,13.72%,CD14;CSF2RA;CD36;TLR2;CSF3R;HMOX1;EBI3;CCR1;IL1B;PIK3R5;CXCL9;CSF2RB;TNFRSF21;PDGFC;TNFRSF1B;ITGA4;IL17RA;CXCL10;CRLF2;MAP3K8;A2M;CXCL1;IL6
8,6,anal_pc5_c21_S1.filtered.gene_spectra_score.k_8.dt_0_01.txt,prerank,HALLMARK_COMPLEMENT,0.7088740898046646,1.7149089700780595,0.0,0.002289399832603023,0.009,40/122,10.50%,C1QC;C1QA;LGMN;PLA2G7;FCER1G;CD36;CTSB;LIPA;MMP12;CTSL;CTSH;CTSC;CTSD;ITGAM;CTSS;DOCK4;PRSS36;C2;PLEK;DUSP6;SH2B3;MMP14;PDGFB;OLR1;PIK3R5;CEBPB;GCA;PRKCD;TIMP2;LYN;APOC1;LAP3;KYNU;PLAUR;JAK2;LRP1;WAS;TNFAIP3;DOCK10;ME1
8,6,anal_pc5_c21_S1.filtered.gene_spectra_score.k_8.dt_0_01.txt,prerank,HALLMARK_KRAS_SIGNALING_UP,0.6709542336636801,1.6249592349401285,0.0,0.012400915759933042,0.061,35/131,10.68%,FUCA1;F13A1;FCER1G;CSF2RA;NRP1;GPNMB;MAFB;CMKLR1;C3AR1;MMP9;IRF8;LAPTM5;CTSS;EPB41L3;SPP1;ITGB2;TMEM176B;DUSP6;ETV5;ENG;LAT2;LCP1;LY96;IL1B;PLAU;CLEC4A;TMEM176A;IL10RA;TNFRSF1B;PTGS2;PLAUR;DOCK2;TNFAIP3;CXCL10;SCN1B
8,6,anal_pc5_c21_S1.filtered.gene_spectra_score.k_8.dt_0_01.txt,prerank,HALLMARK_WNT_BETA_CATENIN_SIGNALING,-0.610470441587171,-1.6091601608563266,0.022727272727272728,0.05387803433984606,0.05458290422245108,8/15,14.18%,TCF7;JAG1;CCND2;JAG2;MYC;DLL1;CSNK1E;LEF1
8,6,anal_pc5_c21_S1.filtered.gene_spectra_score.k_8.dt_0_01.txt,prerank,HALLMARK_COAGULATION,0.6250328175342713,1.503660476507985,0.0041753653444676405,0.07097139481069371,0.359,24/79,16.26%,C1QA;LGMN;CTSB;MMP9;CTSH;C2;PLEK;DUSP6;APOC2;MMP14;PDGFB;OLR1;PLAU;APOC1;LRP1;THBD;A2M;TIMP1;PECAM1;ITIH1;SERPING1;CPQ;ADAM9;CTSK
8,6,anal_pc5_c21_S1.filtered.gene_spectra_score.k_8.dt_0_01.txt,prerank,HALLMARK_ALLOGRAFT_REJECTION,0.6101714219087102,1.4707253132189768,0.004028197381671702,0.09246631546124431,0.504,45/121,14.32%,STAB1;CD74;SPI1;NCF4;IGSF6;TLR2;CD4;MMP9;IRF8;CFP;CTSS;ITGB2;ICAM1;SRGN;CD86;C2;FGR;NLRP3;CCR1;IL1B;CXCL9;CAPG;HCLS1;FCGR2B;TLR1;IL18;CD80;BCAT1;LYN;LY86;JAK2;WAS;TLR6;CD40;CCL2;IL10;CCL22;CD1D;CCR2;PTPN6;TIMP1;IL6;GPR65;LCP2;ST8SIA4
8,6,anal_pc5_c21_S1.filtered.gene_spectra_score.k_8.dt_0_01.txt,prerank,HALLMARK_INTERFERON_GAMMA_RESPONSE,0.6060207026252811,1.4596471485354663,0.009146341463414634,0.09233912658165526,0.551,39/111,15.82%,FGL2;IFI30;CD74;CMKLR1;IRF8;TNFAIP2;SAMHD1;FPR1;CIITA;ICAM1;CD86;CXCL9;SECTM1;CSF2RB;IL18BP;IL10RA;LAP3;PTGS2;IDO1;JAK2;TNFAIP3;CD40;CXCL10;CCL2;ITGB7;CD274;SOD2;SLAMF7;PTPN6;NFKBIA;IL6;ST3GAL5;LCP2;ST8SIA4;SERPING1;SAMD9L;EPSTI1;PARP14;SOCS3
8,6,anal_pc5_c21_S1.filtered.gene_spectra_score.k_8.dt_0_01.txt,prerank,HALLMARK_ESTROGEN_RESPONSE_LATE,-0.3256431796404341,-1.390021813409397,0.0,0.18549437537004143,0.21833161688980432,40/106,21.46%,SCNN1A;LLGL2;PLXNB1;RAPGEFL1;CDH1;NBL1;CXCL14;CKB;AGR2;XBP1;KRT19;CA12;ISG20;TOB1;ASS1;MDK;TFF3;BCL2;HR;KLF4;TJP3;SLC26A2;FLNB;OVOL2;MYB;CPE;FGFR3;UGDH;TSPAN13;IGFBP4;CA2;FARP1;TOP2A;PRSS23;HSPA4L;KLK11;KLK10;SLC16A1;CYP4F11;SLC1A4
8,6,anal_pc5_c21_S1.filtered.gene_spectra_score.k_8.dt_0_01.txt,prerank,HALLMARK_TNFA_SIGNALING_VIA_NFKB,0.5633009328293058,1.3533247346981723,0.014014014014014014,0.256221997932155,0.918,54/150,17.88%,SAT1;TLR2;ABCA1;TNFAIP2;ICAM1;PLEK;NINJ1;FOS;PTPRE;IL1B;DUSP1;OLR1;PLAU;CEBPB;IL18;SGK1;NFKBIE;CD80;DRAM1;ZFP36;PTGS2;KYNU;PLAUR;CD83;EGR2;RNF19B;LITAF;TNFAIP3;CXCL10;CCL2;GPR183;SLC2A6;SOD2;MAP3K8;BCL2A1;PFKFB3;PPP1R15A;CXCL1;NFKBIA;IL6;FOSB;CCND1;IER3;IL1A;TRIB1;GADD45B;SOCS3;CXCL2;NFKB2;REL;IER5;BIRC3;TNFRSF9;DUSP5
8,6,anal_pc5_c21_S1.filtered.gene_spectra_score.k_8.dt_0_01.txt,prerank,HALLMARK_INTERFERON_ALPHA_RESPONSE,0.5768239155122707,1.3428989144787098,0.10010881392818281,0.24886624106258787,0.937,21/50,20.84%,IFI30;CD74;LPAR6;LAP3;LAMP3;CXCL10;SAMD9L;EPSTI1;TENT5A;PARP14;TRIM14;CMPK2;IFITM2;GMPR;IFIT3;GBP4;IRF7;IFIH1;CCRL2;UBE2L6;CXCL11
8,6,anal_pc5_c21_S1.filtered.gene_spectra_score.k_8.dt_0_01.txt,prerank,HALLMARK_MTORC1_SIGNALING,0.5643262270763014,1.3264978615548007,0.08333333333333333,0.25938900103392254,0.956,6/72,3.16%,FGL2;IFI30;LGMN;CTSC;CFP;ITGB2
8,6,anal_pc5_c21_S1.filtered.gene_spectra_score.k_8.dt_0_01.txt,prerank,HALLMARK_HEDGEHOG_SIGNALING,0.6518052964945156,1.3213404684323802,0.14191852825229961,0.2456595396135547,0.961,3/17,3.84%,NRP1;RTN1;NRP2
8,6,anal_pc5_c21_S1.filtered.gene_spectra_score.k_8.dt_0_01.txt,prerank,HALLMARK_XENOBIOTIC_METABOLISM,0.5089128159266761,1.2191381921866833,0.1689119170984456,0.48420806459553933,0.998,11/80,9.76%,CD36;HMOX1;IRF8;APOE;PDK4;TMEM176B;NINJ1;IGF1;BCAT1;KYNU;AQP9
8,6,anal_pc5_c21_S1.filtered.gene_spectra_score.k_8.dt_0_01.txt,prerank,HALLMARK_ADIPOGENESIS,0.5211496841948845,1.1995306758023887,0.23311546840958605,0.5048420143688717,0.998,15/51,17.78%,CD36;ABCA1;APOE;ENPP2;SCARB1;NABP1;LTC4S;ME1;PFKFB3;UCP2;ITSN1;PLIN2;LPL;CAT;PTGER3
8,6,anal_pc5_c21_S1.filtered.gene_spectra_score.k_8.dt_0_01.txt,prerank,HALLMARK_ANGIOGENESIS,0.5473976168085591,1.1933126429164063,0.28368794326241137,0.4862794263488469,0.999,8/29,12.82%,NRP1;SPP1;OLR1;TNFRSF21;VCAN;S100A4;THBD;TIMP1
8,6,anal_pc5_c21_S1.filtered.gene_spectra_score.k_8.dt_0_01.txt,prerank,HALLMARK_UV_RESPONSE_UP,0.48945876416790285,1.1465293835409933,0.29863301787592006,0.5833390773472502,1.0,15/66,13.82%,HMOX1;ARRB2;CREG1;ICAM1;FOS;MMP14;PPT1;PRKCD;LYN;DLG4;BID;SOD2;NFKBIA;IL6;FOSB
8,6,anal_pc5_c21_S1.filtered.gene_spectra_score.k_8.dt_0_01.txt,prerank,HALLMARK_P53_PATHWAY,0.46382817501434237,1.1203792081140085,0.32301341589267285,0.6248153709812417,1.0,20/89,15.48%,IFI30;FUCA1;SAT1;HMOX1;CTSD;GM2A;NINJ1;FOS;PTPRE;RAP2B;DRAM1;RNF19B;S100A4;TCN2;ALOX15B;CEBPA;PPP1R15A;IER3;IL1A;MAPKAPK3
8,6,anal_pc5_c21_S1.filtered.gene_spectra_score.k_8.dt_0_01.txt,prerank,HALLMARK_APOPTOSIS,0.46429229393802657,1.1072788248038115,0.3413111342351717,0.6234349975527606,1.0,19/79,15.38%,CD14;SAT1;HMOX1;PLCB2;PPT1;IL1B;IL18;TIMP2;BID;SOD2;DPYD;TIMP1;IL6;CCND1;IER3;IL1A;GADD45B;HGF;SLC20A1
8,6,anal_pc5_c21_S1.filtered.gene_spectra_score.k_8.dt_0_01.txt,prerank,HALLMARK_IL2_STAT5_SIGNALING,0.44419116387718743,1.0803905649287298,0.35591506572295245,0.6609158146379356,1.0,27/127,15.94%,FGL2;CTSZ;NRP1;IRF8;SPP1;CD86;BATF3;TLR7;CAPG;AHR;TNFRSF21;SHE;ADAM19;IL10RA;TNFRSF1B;CD83;CXCL10;IL10;MAP3K8;ENPP1;IL1RL1;SWAP70;GPR65;GADD45B;PLIN2;IL3RA;CAPN3
8,6,anal_pc5_c21_S1.filtered.gene_spectra_score.k_8.dt_0_01.txt,prerank,HALLMARK_APICAL_SURFACE,-0.3293686901047991,-1.061077795403118,0.3532934131736527,0.7587823169528319,0.7106076210092688,8/27,13.60%,IL2RB;CROCC;IL2RG;ATP8B1;EPHB4;GSTM3;AKAP7;GATA3
8,6,anal_pc5_c21_S1.filtered.gene_spectra_score.k_8.dt_0_01.txt,prerank,HALLMARK_ANDROGEN_RESPONSE,0.45434774080255,1.0226012159059048,0.48268156424581005,0.7834165567530169,1.0,6/41,9.16%,SAT1;SELENOP;MERTK;MAF;SGK1;ABCC4
8,6,anal_pc5_c21_S1.filtered.gene_spectra_score.k_8.dt_0_01.txt,prerank,HALLMARK_HEME_METABOLISM,0.4353318882833476,1.0133410594071024,0.4963273871983211,0.7669489439220127,1.0,13/55,17.98%,CTSB;ACP5;MPP1;BMP2K;LMO2;NFE2;BLVRB;UCP2;AGPAT4;KDM7A;CAT;SMOX;SNCA
8,6,anal_pc5_c21_S1.filtered.gene_spectra_score.k_8.dt_0_01.txt,prerank,HALLMARK_APICAL_JUNCTION,0.4127277122941182,0.9980289206815876,0.515736040609137,0.7649139218485879,1.0,18/101,14.20%,CD209;SIRPA;MMP9;TGFBI;ICAM1;ITGA9;CD86;TSPAN4;SDC3;VCAN;CD274;FSCN1;ALOX15B;ICAM5;CD276;NRXN2;PECAM1;STX4
8,6,anal_pc5_c21_S1.filtered.gene_spectra_score.k_8.dt_0_01.txt,prerank,HALLMARK_CHOLESTEROL_HOMEOSTASIS,0.4460695250815677,0.9838872158622852,0.5311059907834101,0.760913253454241,1.0,2/35,2.98%,LGMN;CXCL16
8,6,anal_pc5_c21_S1.filtered.gene_spectra_score.k_8.dt_0_01.txt,prerank,HALLMARK_REACTIVE_OXYGEN_SPECIES_PATHWAY,0.4761268492561243,0.9774183488218687,0.529559748427673,0.7414337486861907,1.0,8/19,18.36%,FES;FTL;LSP1;HHEX;SOD2;GLRX;CAT;MPO
8,6,anal_pc5_c21_S1.filtered.gene_spectra_score.k_8.dt_0_01.txt,prerank,HALLMARK_MITOTIC_SPINDLE,-0.23727229234994382,-0.9714071335753675,0.42105263157894735,0.9263723251289859,0.839340885684861,38/77,28.94%,DST;CEP72;SMC4;BCAR1;MID1;RAPGEF6;RAPGEF5;KIF22;FLNB;NUSAP1;TUBA4A;PALLD;CEP250;FLNA;EPB41;FARP1;TOP2A;CDK1;NEDD9;PRC1;TPX2;KIF23;KIF2C;ECT2;CNTRL;DLGAP5;KNTC1;CDC42EP4;SYNPO;WASL;ANLN;CENPF;CCNB2;LMNB1;SORBS2;BIRC5;KIF15;NDC80
8,6,anal_pc5_c21_S1.filtered.gene_spectra_score.k_8.dt_0_01.txt,prerank,HALLMARK_PI3K_AKT_MTOR_SIGNALING,-0.281359373071809,-0.9343276208425213,0.5571428571428572,0.915926583777383,0.88259526261586,12/32,17.26%,PLCG1;LCK;PDK1;IL2RG;MAPK10;CAMK4;PPP2R1B;SLC2A1;PLCB1;CDK1;FASLG;E2F1
8,6,anal_pc5_c21_S1.filtered.gene_spectra_score.k_8.dt_0_01.txt,prerank,HALLMARK_SPERMATOGENESIS,-0.25380476151058073,-0.8838605185510723,0.6859504132231405,0.9497072561015723,0.9227600411946447,11/36,27.86%,SLC12A2;EZH2;LPIN1;CAMK4;GSTM3;CDK1;HSPA4L;KIF2C;HSPA2;CCNB2;GFI1
8,6,anal_pc5_c21_S1.filtered.gene_spectra_score.k_8.dt_0_01.txt,prerank,HALLMARK_HYPOXIA,0.3588681834644909,0.8646433647449955,0.7408536585365854,0.9203387327064153,1.0,22/111,15.62%,HMOX1;TGFBI;FOS;SDC3;SCARB1;PDGFB;DUSP1;GAA;HS3ST1;ZFP36;AMPD3;PLAUR;S100A4;TNFAIP3;PFKFB3;CHST2;PPP1R15A;IL6;IER3;GLRX;PLIN2;RBPJ
8,6,anal_pc5_c21_S1.filtered.gene_spectra_score.k_8.dt_0_01.txt,prerank,HALLMARK_FATTY_ACID_METABOLISM,0.36446692700975825,0.8338356380935126,0.7291220556745182,0.9290995027325095,1.0,8/44,15.10%,CD36;IL4I1;LTC4S;ME1;CD1D;ACSL1;GLUL;ACSL4
8,6,anal_pc5_c21_S1.filtered.gene_spectra_score.k_8.dt_0_01.txt,prerank,HALLMARK_UNFOLDED_PROTEIN_RESPONSE,-0.26651929683945386,-0.8277293978276002,0.7128205128205128,0.9882770870337477,0.9629248197734295,11/23,25.82%,XBP1;DDIT4;SHC1;DNAJB9;TSPYL2;ERN1;SLC1A4;HERPUD1;HSP90B1;PSAT1;VEGFA
8,6,anal_pc5_c21_S1.filtered.gene_spectra_score.k_8.dt_0_01.txt,prerank,HALLMARK_MYOGENESIS,-0.17707255163947694,-0.8044681786035035,0.9333333333333333,0.9435653156789925,0.9711637487126673,59/112,39.40%,ITGB4;AK1;CKB;COL6A2;EFS;COL4A2;LPIN1;ERBB3;COL3A1;COL1A1;NQO1;COL6A3;AEBP1;MYH11;CNN3;SPARC;NAV2;CDH13;SVIL;SPEG;COL15A1;SMTN;IGFBP7;PFKM;LAMA2;SOD3;SLC6A8;VIPR1;SORBS1;EPHB3;MAPRE3;TPM2;MYLK;CACNA1H;FDPS;CLU;FHL1;WWTR1;PTP4A3;TEAD4;TAGLN;TNNT3;HSPB8;PKIA;APLNR;DES;FST;BDKRB2;NCAM1;PDLIM7;PVALB;ITGA7;SPHK1;BIN1;IGFBP3;GJA5;MYOM2;LDB3;MB
8,6,anal_pc5_c21_S1.filtered.gene_spectra_score.k_8.dt_0_01.txt,prerank,HALLMARK_KRAS_SIGNALING_DN,0.3275317449455659,0.7712951762031833,0.8324661810613944,0.9734058467749571,1.0,10/78,13.24%,SELENOP;MEFV;SGK1;CD80;CD207;KCNMB1;SLC29A3;STAG3;PTPRJ;CHST2
8,6,anal_pc5_c21_S1.filtered.gene_spectra_score.k_8.dt_0_01.txt,prerank,HALLMARK_DNA_REPAIR,-0.2571215462424381,-0.7659635262070561,0.7761194029850746,0.9233027432405763,0.9783728115345005,9/22,25.34%,AK1;BCAM;LIG1;TYMS;USP11;VPS37B;POLH;ZWINT;POLA1
8,6,anal_pc5_c21_S1.filtered.gene_spectra_score.k_8.dt_0_01.txt,prerank,HALLMARK_TGF_BETA_SIGNALING,-0.23151132237821848,-0.7281333117038579,0.8723404255319149,0.8907637655417406,0.9824922760041195,6/24,13.04%,SMAD3;CDH1;ID1;ID3;TJP1;TGIF1
8,6,anal_pc5_c21_S1.filtered.gene_spectra_score.k_8.dt_0_01.txt,prerank,HALLMARK_EPITHELIAL_MESENCHYMAL_TRANSITION,0.3005458055578065,0.724901817059417,0.935678391959799,0.9845549848011568,1.0,21/164,13.72%,FUCA1;DAB2;SAT1;TGFBI;SPP1;MMP14;CAPG;ANPEP;BASP1;PMP22;VCAN;PLAUR;LRP1;TNFAIP3;GLIPR1;CXCL8;TIMP1;EMP3;ITGB5;CXCL1;IL6
8,6,anal_pc5_c21_S1.filtered.gene_spectra_score.k_8.dt_0_01.txt,prerank,HALLMARK_UV_RESPONSE_DN,0.28530708437312763,0.6794525338273596,0.8887722980062959,0.9899201347616,1.0,4/69,7.60%,DAB2;NRP1;DUSP1;PMP22
8,6,anal_pc5_c21_S1.filtered.gene_spectra_score.k_8.dt_0_01.txt,prerank,HALLMARK_GLYCOLYSIS,0.2744930956821813,0.6499719918058084,0.9069767441860465,0.9780210825117696,1.0,9/67,14.58%,MERTK;TGFBI;SDC3;SLC16A3;VCAN;ME1;CHST2;IER3;GLRX
8,6,anal_pc5_c21_S1.filtered.gene_spectra_score.k_8.dt_0_01.txt,prerank,HALLMARK_BILE_ACID_METABOLISM,0.2438662942769367,0.5430348777304641,0.963963963963964,1.0,1.0,3/37,10.42%,ABCA1;AQP9;ABCD1
8,6,anal_pc5_c21_S1.filtered.gene_spectra_score.k_8.dt_0_01.txt,prerank,HALLMARK_PEROXISOME,0.1942875664656964,0.4160044791109138,0.9929494712103408,0.997489045344887,1.0,6/32,17.26%,DLG4;ABCD1;SOD2;ACSL1;ACSL4;CAT
8,7,anal_pc5_c21_S1.filtered.gene_spectra_score.k_8.dt_0_01.txt,prerank,HALLMARK_E2F_TARGETS,-0.7335265138853847,-2.78613205507711,0.0,0.0,0.0,51/54,23.42%,LMNB1;EZH2;HELLS;CDK1;TFRC;TOP2A;MCM4;MCM2;MKI67;CENPM;PTTG1;KIF22;HMGB2;TACC3;CIT;NCAPD2;SMC4;POLE;CDKN2C;CDC20;RRM2;KIF18B;CDKN2A;TK1;MYBL2;BIRC5;CCNB2;AURKB;HMMR;ESPL1;LIG1;MCM6;CDKN1A;DLGAP5;SPAG5;PLK1;CKS2;ANP32E;TCF19;CDCA3;KIF2C;SPC25;KIF4A;MYC;CENPE;ORC6;PRDX4;MELK;DEPDC1;CDCA8;DIAPH3
8,7,anal_pc5_c21_S1.filtered.gene_spectra_score.k_8.dt_0_01.txt,prerank,HALLMARK_G2M_CHECKPOINT,-0.6099900317733867,-2.5673137577151848,0.0,0.0,0.0,50/68,21.72%,LMNB1;EZH2;CDK1;NUSAP1;TOP2A;MCM2;MKI67;SMAD3;TPX2;PTTG1;KIF22;TROAP;NDC80;TACC3;KIF11;INCENP;KIF23;SMC4;POLE;CDKN2C;CDC20;MYBL2;BIRC5;CCNB2;AURKB;SLC12A2;PRC1;KIF20B;HMMR;CENPF;ODC1;ESPL1;MCM6;PLK1;FBXO5;BUB1;CKS2;E2F1;TTK;KIF2C;KIF4A;MYC;CDC45;CENPE;CCNF;POLQ;NEK2;RAD54L;ORC6;KIF15
8,7,anal_pc5_c21_S1.filtered.gene_spectra_score.k_8.dt_0_01.txt,prerank,HALLMARK_ALLOGRAFT_REJECTION,-0.39851492150977186,-1.7884661609192205,0.0,0.014361702127659574,0.01076555023923445,65/121,27.90%,ITGAL;CTSS;CD79A;PTPN6;IL2RG;IL16;CD2;LTB;ZAP70;CCL11;PTPRC;FYB1;ITGB2;MAP4K1;IRF8;CD96;PRKCB;CD4;CD3E;NCF4;HCLS1;FAS;CDKN2A;SPI1;CD3D;LCK;CAPG;CCND2;IRF4;CCL2;CD28;C2;CD8A;SIT1;LY75;IL12RB1;WAS;CCL5;ITK;CCL13;CD247;LCP2;IL2RB;CCR5;CD7;IL2RA;CXCR3;CD74;STAT4;FCGR2B;CD3G;CD86;LY86;SOCS1;PRF1;GZMA;IL11;NOS2;GPR65;TNF;CD40LG;TRAT1;TLR6;CCR1;CCR2
8,7,anal_pc5_c21_S1.filtered.gene_spectra_score.k_8.dt_0_01.txt,prerank,HALLMARK_MTORC1_SIGNALING,-0.40322214736586237,-1.6978169967973549,0.0,0.025132978723404257,0.023923444976076555,33/72,20.64%,CORO1A;GCLC;TFRC;CXCR4;MCM4;NUPR1;TXNRD1;SLC2A1;IFI30;MCM2;ITGB2;CTSC;XBP1;PHGDH;RRM2;BTG2;PDK1;SLA;ME1;SLC7A11;CDKN1A;ERO1A;HK2;PLK1;BUB1;GLRX;SYTL2;LGMN;HMGCS1;DAPP1;FADS2;CCNF;HSP90B1
8,7,anal_pc5_c21_S1.filtered.gene_spectra_score.k_8.dt_0_01.txt,prerank,HALLMARK_APICAL_JUNCTION,0.6732119852941301,1.450555107383872,0.003009027081243731,0.3888888888888889,0.371,24/101,10.24%,CLDN5;VWF;PECAM1;CD34;ADAM15;ITGA9;SHC1;MAPK11;FLNC;PCDH1;TJP1;ICAM2;ICAM1;TSPAN4;FBN1;ITGB4;PIK3R3;JAM3;CLDN11;CERCAM;MPZL2;SIRPA;CX3CL1;MYL9
8,7,anal_pc5_c21_S1.filtered.gene_spectra_score.k_8.dt_0_01.txt,prerank,HALLMARK_ADIPOGENESIS,0.6793188348218677,1.4335369599384238,0.015723270440251572,0.260505698005698,0.458,16/51,11.04%,ENPP2;SPARCL1;LIFR;COL15A1;FZD4;COL4A1;SNCG;CAVIN1;CAVIN2;LAMA4;CD36;PHLDB1;FABP4;PIM3;MYLK;HSPB8
8,7,anal_pc5_c21_S1.filtered.gene_spectra_score.k_8.dt_0_01.txt,prerank,HALLMARK_COAGULATION,0.6653307272364448,1.4284999007669863,0.006048387096774193,0.18613485280151948,0.486,16/79,8.98%,VWF;PECAM1;THBD;CRIP2;CLU;RAPGEF3;CFI;TIMP3;PDGFB;SPARC;FBN1;PRSS23;SERPINE1;A2M;HTRA1;ITGB3
8,7,anal_pc5_c21_S1.filtered.gene_spectra_score.k_8.dt_0_01.txt,prerank,HALLMARK_TGF_BETA_SIGNALING,0.7055835096995619,1.3946911949493979,0.056818181818181816,0.21459520417853753,0.641,9/24,13.46%,ENG;SMAD6;ID1;TJP1;SERPINE1;SMAD1;ID3;WWTR1;THBS1
8,7,anal_pc5_c21_S1.filtered.gene_spectra_score.k_8.dt_0_01.txt,prerank,HALLMARK_GLYCOLYSIS,-0.34379609704088226,-1.3691221281403223,0.043478260869565216,0.14744680851063827,0.1638755980861244,22/67,17.12%,DCN;ELF3;COL5A1;TGFBI;CDK1;GCLC;GPC1;VCAN;CXCR4;B3GNT3;DSC2;GPC3;QSOX1;HMMR;ISG20;ME1;ERO1A;HK2;GLRX;KIF20A;VEGFA;CHPF
8,7,anal_pc5_c21_S1.filtered.gene_spectra_score.k_8.dt_0_01.txt,prerank,HALLMARK_UV_RESPONSE_DN,0.626243675523494,1.3332742047474226,0.03741152679474216,0.3634615384615385,0.881,26/69,15.46%,TGFBR2;CAV1;PTPRM;KALRN;ID1;NRP1;TJP1;TFPI;SERPINE1;PIK3R3;PLPP3;MET;DUSP1;EFEMP1;DLC1;NFIB;ITGB3;PLCB4;LAMC1;SYNE1;ICA1;PDLIM5;ADGRL2;TGFBR3;DAB2;RBPMS
8,7,anal_pc5_c21_S1.filtered.gene_spectra_score.k_8.dt_0_01.txt,prerank,HALLMARK_KRAS_SIGNALING_UP,0.6118739557746526,1.3105664439621123,0.013026052104208416,0.3819642291864514,0.937,32/131,13.20%,PLVAP;PECAM1;ENG;ADGRL4;IL33;TMEM100;FLT4;SPARCL1;GNG11;ACE;RELN;NRP1;TSPAN7;TFPI;ADGRA2;ALDH1A2;EMP1;CPE;GUCY1A1;MPZL2;IGFBP3;AKAP12;CMKLR1;DUSP6;TPH1;EPB41L3;INHBA;RGS16;ABCB1;SCN1B;PTGS2;TRIB2
8,7,anal_pc5_c21_S1.filtered.gene_spectra_score.k_8.dt_0_01.txt,prerank,HALLMARK_HEDGEHOG_SIGNALING,0.683692687959548,1.3089701691284168,0.13357843137254902,0.33238366571699907,0.94,6/17,14.90%,NRP2;NRP1;L1CAM;DPYSL2;CELSR1;HEY1
8,7,anal_pc5_c21_S1.filtered.gene_spectra_score.k_8.dt_0_01.txt,prerank,HALLMARK_PEROXISOME,-0.38648192401784953,-1.301240934100691,0.14457831325301204,0.1819148936170213,0.23803827751196172,18/32,31.06%,HSD11B2;ABCC5;TOP2A;ALDH1A1;DHRS3;ACSL5;CEL;ACOX1;CAT;NR1I2;SEMA3C;CRABP2;ACSL1;ECI2;HSD17B11;CADM1;ABCD2;SOD2
8,7,anal_pc5_c21_S1.filtered.gene_spectra_score.k_8.dt_0_01.txt,prerank,HALLMARK_MYOGENESIS,0.5913574652417637,1.2723187830102471,0.03811434302908726,0.42056920702754036,0.983,28/112,13.98%,APLNR;CLU;IGFBP7;GJA5;COL15A1;COL4A2;PTP4A3;MAPK12;SPARC;ITGB4;SPHK1;CNN3;KIFC3;COX7A1;PDLIM7;CD36;IGFBP3;TEAD4;TPM2;PPP1R3C;MYLK;HSPB8;PTGIS;WWTR1;SORBS3;SMTN;ITGA7;TAGLN
8,7,anal_pc5_c21_S1.filtered.gene_spectra_score.k_8.dt_0_01.txt,prerank,HALLMARK_ANGIOGENESIS,0.6263380578546295,1.2660613844342539,0.16556291390728478,0.3946132742429039,0.988,6/29,9.94%,SLCO2A1;THBD;JAG2;NRP1;JAG1;STC1
8,7,anal_pc5_c21_S1.filtered.gene_spectra_score.k_8.dt_0_01.txt,prerank,HALLMARK_INFLAMMATORY_RESPONSE,0.5598959915520959,1.206638791854674,0.083,0.5960470085470086,0.999,28/141,13.60%,APLNR;CALCRL;ITGA5;TACR1;SCARF1;ICAM1;EDN1;SPHK1;SERPINE1;PTAFR;MET;IL1R1;VIP;OSMR;SELE;GABBR1;ITGB3;AHR;CX3CL1;CD55;PTPRE;CMKLR1;NFKBIA;INHBA;STAB1;RGS16;SCN1B;PDPN
8,7,anal_pc5_c21_S1.filtered.gene_spectra_score.k_8.dt_0_01.txt,prerank,HALLMARK_WNT_BETA_CATENIN_SIGNALING,0.6030040329721575,1.1464784903638798,0.3486682808716707,0.8235560735560735,1.0,7/15,19.76%,JAG2;JAG1;HEY1;DLL1;LEF1;FRAT1;CSNK1E
8,7,anal_pc5_c21_S1.filtered.gene_spectra_score.k_8.dt_0_01.txt,prerank,HALLMARK_IL6_JAK_STAT3_SIGNALING,0.532573210622644,1.1116999102094163,0.3265097236438076,0.9267272079772079,1.0,9/53,8.98%,IL3RA;LEPR;CSF2RB;IL1R1;A2M;OSMR;CD36;SOCS3;ITGB3
8,7,anal_pc5_c21_S1.filtered.gene_spectra_score.k_8.dt_0_01.txt,prerank,HALLMARK_SPERMATOGENESIS,0.5293317391189406,1.0940176768818406,0.3919062832800852,0.945375849222003,1.0,4/36,6.32%,SHE;ACE;JAM3;GPR182
8,7,anal_pc5_c21_S1.filtered.gene_spectra_score.k_8.dt_0_01.txt,prerank,HALLMARK_FATTY_ACID_METABOLISM,-0.29010691393880744,-1.0841631647150567,0.38461538461538464,0.41238601823708204,0.5334928229665071,16/44,18.44%,CA2;ALDH3A1;UGDH;MAOA;ACSS1;ALDH1A1;ODC1;ACSL5;ME1;ACAA2;FASN;EPHX1;ACAT2;CEL;ACOX1;HMGCS1
8,7,anal_pc5_c21_S1.filtered.gene_spectra_score.k_8.dt_0_01.txt,prerank,HALLMARK_EPITHELIAL_MESENCHYMAL_TRANSITION,0.4821223962658488,1.0382540288184916,0.419,1.0,1.0,47/164,17.60%,VEGFC;ITGA5;TIMP3;IGFBP4;COL4A1;CCN2;RHOB;MGP;COL4A2;FBLN2;SPARC;NNMT;FBN1;ELN;SERPINE1;CALD1;FOXC2;CTHRC1;FAP;HTRA1;ITGB3;BGN;CXCL12;IGFBP3;LAMC1;TPM2;MYL9;MYLK;TGM2;PTX3;LOXL2;SERPINH1;INHBA;FN1;ACTA2;THBS1;TAGLN;TGFBR3;DAB2;PVR;MSX1;TIMP1;FLNA;SERPINE2;CDH6;CCN1;BMP1
8,7,anal_pc5_c21_S1.filtered.gene_spectra_score.k_8.dt_0_01.txt,prerank,HALLMARK_APICAL_SURFACE,0.47744183416747243,0.9671036284023521,0.5568053993250843,1.0,1.0,5/27,11.06%,EPHB4;AFAP1L2;SULF2;CX3CL1;EFNA5
8,7,anal_pc5_c21_S1.filtered.gene_spectra_score.k_8.dt_0_01.txt,prerank,HALLMARK_UV_RESPONSE_UP,0.44593296208368893,0.9467272179059212,0.6181262729124236,1.0,1.0,9/66,12.86%,HYAL2;RHOB;FGF18;ICAM1;DLG4;OLFM1;NFKBIA;CXCL2;ABCB1
8,7,anal_pc5_c21_S1.filtered.gene_spectra_score.k_8.dt_0_01.txt,prerank,HALLMARK_REACTIVE_OXYGEN_SPECIES_PATHWAY,-0.3216234727385757,-0.932177758658666,0.532051282051282,0.6295212765957446,0.7643540669856459,6/19,10.08%,LSP1;MGST1;GCLC;TXNRD1;FTL;NQO1
8,7,anal_pc5_c21_S1.filtered.gene_spectra_score.k_8.dt_0_01.txt,prerank,HALLMARK_ANDROGEN_RESPONSE,0.44618766303888835,0.9193008010152832,0.6523109243697479,1.0,1.0,9/41,13.22%,LIFR;GUCY1A1;ADAMTS1;ABCC4;PLPP1;AKAP12;STEAP4;PDLIM5;NDRG1
8,7,anal_pc5_c21_S1.filtered.gene_spectra_score.k_8.dt_0_01.txt,prerank,HALLMARK_INTERFERON_ALPHA_RESPONSE,0.4405575423947074,0.9172891260073932,0.6570841889117043,1.0,1.0,16/50,21.02%,IFITM3;IFITM2;IFI44L;IFI44;GBP4;TRIM25;IFI27;TMEM140;LAP3;HELZ2;GMPR;NCOA7;DDX60;CMPK2;IFIT2;PARP14
8,7,anal_pc5_c21_S1.filtered.gene_spectra_score.k_8.dt_0_01.txt,prerank,HALLMARK_APOPTOSIS,0.4294228914075257,0.9120030914586376,0.6865520728008089,1.0,1.0,16/79,17.20%,CLU;TIMP3;CAV1;RHOB;IFITM3;EMP1;RARA;BGN;HGF;CDC25B;TGFBR3;GSN;NEDD9;TIMP1;LEF1;SMAD7
8,7,anal_pc5_c21_S1.filtered.gene_spectra_score.k_8.dt_0_01.txt,prerank,HALLMARK_TNFA_SIGNALING_VIA_NFKB,0.4209224022566404,0.9043698523842336,0.7477477477477478,1.0,1.0,24/150,14.56%,KLF2;RHOB;PLK2;ICAM1;EDN1;SPHK1;SERPINE1;PLPP3;DUSP1;JAG1;SOCS3;PTPRE;KLF9;EFNA1;PTX3;NFAT5;NFKBIA;CXCL2;PDLIM5;INHBA;MAP3K8;PTGS2;DUSP5;IER5
8,7,anal_pc5_c21_S1.filtered.gene_spectra_score.k_8.dt_0_01.txt,prerank,HALLMARK_MITOTIC_SPINDLE,0.4104588861913196,0.8886442362319228,0.717896865520728,1.0,1.0,17/77,16.92%,SYNPO;ARHGAP29;ARAP3;RAPGEF5;PXN;DOCK4;SORBS2;BCAR1;CDC42EP2;PDLIM5;FSCN1;MID1;ARHGEF2;GSN;NEDD9;FLNB;FLNA
8,7,anal_pc5_c21_S1.filtered.gene_spectra_score.k_8.dt_0_01.txt,prerank,HALLMARK_HEME_METABOLISM,0.4208183705959657,0.8814845605287859,0.6969072164948453,1.0,1.0,5/55,8.38%,ACKR1;LMO2;BCAM;TNS1;SEC14L1
8,7,anal_pc5_c21_S1.filtered.gene_spectra_score.k_8.dt_0_01.txt,prerank,HALLMARK_IL2_STAT5_SIGNALING,0.40848290285564565,0.8802257971621615,0.7697697697697697,1.0,1.0,22/127,15.98%,SHE;IL3RA;SELP;RHOB;NRP1;IFITM3;EMP1;ITGA6;PLPP1;AHR;SWAP70;TGM2;GBP4;SPRY4;RGS16;ABCB1;MAP3K8;NDRG1;PRKCH;SNX9;SERPINC1;SYT11
8,7,anal_pc5_c21_S1.filtered.gene_spectra_score.k_8.dt_0_01.txt,prerank,HALLMARK_HYPOXIA,0.36732004863394596,0.7896240427918938,0.8676028084252758,1.0,1.0,27/111,20.52%,CAV1;CCN2;CAVIN1;PDGFB;SERPINE1;DUSP1;CAVIN3;BGN;IGFBP3;STC1;AKAP12;PPP1R3C;EFNA1;TGM2;SCARB1;NDRG1;SDC3;HS3ST1;ADM;ETS1;PPP1R15A;CCN1;SLC2A3;PFKP;TGFB3;PGF;CCN5
8,7,anal_pc5_c21_S1.filtered.gene_spectra_score.k_8.dt_0_01.txt,prerank,HALLMARK_DNA_REPAIR,-0.2477671424386409,-0.7798566972187039,0.7956204379562044,0.8271276595744681,0.9282296650717703,7/22,19.46%,TYMS;AK1;ZWINT;HCLS1;LIG1;ARL6IP1;POLH
8,7,anal_pc5_c21_S1.filtered.gene_spectra_score.k_8.dt_0_01.txt,prerank,HALLMARK_INTERFERON_GAMMA_RESPONSE,0.36398810593176284,0.7751676780684897,0.9107321965897693,1.0,1.0,27/111,19.86%,SELP;ICAM1;IFITM3;CSF2RB;IFITM2;UPP1;SOCS3;IFI44L;IFI44;NOD1;CMKLR1;GBP4;XAF1;NFKBIA;TRIM25;PTGS2;SERPING1;IFI27;LAP3;CFH;IFIT1;HELZ2;IL18BP;DDX60;PFKP;CMPK2;IFIT2
8,7,anal_pc5_c21_S1.filtered.gene_spectra_score.k_8.dt_0_01.txt,prerank,HALLMARK_COMPLEMENT,0.3579063048607648,0.7683836287607635,0.908908908908909,1.0,1.0,22/122,16.88%,CLU;COL4A2;DOCK9;PDGFB;DOCK4;SERPINE1;CASP10;CD36;PRCP;CD55;DUSP6;ZEB1;SH2B3;FN1;LTF;SERPING1;DUSP5;LAP3;CFH;SERPINC1;TIMP1;CSRP1
8,7,anal_pc5_c21_S1.filtered.gene_spectra_score.k_8.dt_0_01.txt,prerank,HALLMARK_CHOLESTEROL_HOMEOSTASIS,0.370098817809436,0.7564169585247041,0.8166311300639659,1.0,1.0,2/35,7.76%,CLU;JAG1
8,7,anal_pc5_c21_S1.filtered.gene_spectra_score.k_8.dt_0_01.txt,prerank,HALLMARK_ESTROGEN_RESPONSE_EARLY,0.34004995078114586,0.73566943079555,0.9168336673346693,1.0,1.0,18/118,14.36%,PODXL;IGFBP4;PRSS23;OLFM1;DLC1;RARA;MPPED2;FOXC1;SH3BP5;ABCA3;CXCL12;KLK10;TGM2;HSPB8;INHBB;SCARB1;MAST4;CELSR1
8,7,anal_pc5_c21_S1.filtered.gene_spectra_score.k_8.dt_0_01.txt,prerank,HALLMARK_UNFOLDED_PROTEIN_RESPONSE,0.3723942571839156,0.7304295403083646,0.819672131147541,1.0,1.0,1/23,2.18%,SHC1
8,7,anal_pc5_c21_S1.filtered.gene_spectra_score.k_8.dt_0_01.txt,prerank,HALLMARK_KRAS_SIGNALING_DN,0.3383254562318503,0.7231733339452766,0.8991935483870968,1.0,1.0,12/78,16.74%,SYNPO;EDN1;ZBTB16;IFI44L;RYR2;RGS11;PNMT;ITIH3;ABCG4;SOX10;CLSTN3;SNCB
8,7,anal_pc5_c21_S1.filtered.gene_spectra_score.k_8.dt_0_01.txt,prerank,HALLMARK_XENOBIOTIC_METABOLISM,0.3239082532252029,0.6935932991924877,0.9324596774193549,1.0,1.0,10/80,12.30%,IGFBP4;ATOH8;SERPINE1;BCAR1;IL1R1;BCAT1;CD36;UPP1;PDK4;PDLIM5
8,7,anal_pc5_c21_S1.filtered.gene_spectra_score.k_8.dt_0_01.txt,prerank,HALLMARK_P53_PATHWAY,0.31220386982792997,0.6617780859673293,0.954728370221328,1.0,1.0,16/89,17.74%,TM4SF1;JAG2;PLK2;ITGB4;SPHK1;ZBTB16;UPP1;PTPRE;PITPNC1;INHBB;RGS16;NDRG1;IER5;TCN2;PPP1R15A;EPHA2
8,7,anal_pc5_c21_S1.filtered.gene_spectra_score.k_8.dt_0_01.txt,prerank,HALLMARK_ESTROGEN_RESPONSE_LATE,0.27939039548296263,0.6020179263792376,0.9759036144578314,1.0,1.0,13/106,12.90%,CAV1;IGFBP4;PRSS23;CPE;SLC29A1;OLFM1;FOXC1;ABCA3;CXCL12;KLK10;HSPB8;SCARB1;LTF
8,7,anal_pc5_c21_S1.filtered.gene_spectra_score.k_8.dt_0_01.txt,prerank,HALLMARK_BILE_ACID_METABOLISM,0.2552904830979039,0.5351175210752179,0.9561497326203209,1.0,1.0,3/37,9.16%,ABCA4;SLC29A1;ABCA3
8,7,anal_pc5_c21_S1.filtered.gene_spectra_score.k_8.dt_0_01.txt,prerank,HALLMARK_PI3K_AKT_MTOR_SIGNALING,0.2543561708953908,0.5154132424634531,0.9715846994535519,0.980721747388414,1.0,4/32,11.26%,PLCB1;PIK3R3;NOD1;GNA14
8,8,anal_pc5_c21_S1.filtered.gene_spectra_score.k_8.dt_0_01.txt,prerank,HALLMARK_G2M_CHECKPOINT,-0.7361011377800065,-2.8030090310291533,0.0,0.0,0.0,49/68,15.14%,TOP2A;LMNB1;SLC12A2;MKI67;KIF22;NUSAP1;CDK1;TROAP;NDC80;AURKB;TACC3;CCNB2;EZH2;KIF23;INCENP;TPX2;CENPF;PLK1;MYBL2;POLE;PRC1;CDC20;PTTG1;CENPE;CDC25B;BUB1;SLC7A1;KIF2C;CDKN2C;HMMR;BIRC5;ODC1;MCM2;KIF11;KIF15;KIF20B;KPNA2;FANCC;CDC45;RAD54L;AURKA;FBXO5;UBE2C;SMC4;CKS2;EXO1;POLQ;TTK;CENPA
8,8,anal_pc5_c21_S1.filtered.gene_spectra_score.k_8.dt_0_01.txt,prerank,HALLMARK_MITOTIC_SPINDLE,-0.6877628959761534,-2.548132388823215,0.0,0.0,0.0,47/77,14.92%,DST;TOP2A;LMNB1;KIF22;NUSAP1;CDK1;NDC80;CNTRL;CCNB2;FARP1;KIF23;INCENP;ANLN;TPX2;CEP72;CENPF;PLK1;CCDC88A;ECT2;PRC1;DLGAP5;NEDD9;CENPE;ARHGAP4;BUB1;KIF2C;BIRC5;ARHGEF2;CEP250;BIN1;TRIO;KIF11;KIF15;KNTC1;DOCK4;KIF20B;FGD4;EPB41L2;FLNA;AURKA;PIF1;FBXO5;DOCK2;SMC4;MID1;PXN;TTK
8,8,anal_pc5_c21_S1.filtered.gene_spectra_score.k_8.dt_0_01.txt,prerank,HALLMARK_E2F_TARGETS,-0.6892120862487275,-2.3850911325085735,0.0,0.0,0.0,43/54,14.18%,TOP2A;LMNB1;MKI67;KIF22;HMGB2;CDK1;CIT;HELLS;AURKB;CENPM;TACC3;CCNB2;EZH2;NCAPD2;SPAG5;KIF18B;PLK1;MYBL2;POLE;DLGAP5;CDC20;PTTG1;CENPE;CDC25B;KIF2C;CDKN2C;HMMR;BIRC5;MCM2;SPC25;LIG1;KPNA2;CDCA3;MELK;ANP32E;CDCA8;DEPDC1;AURKA;DIAPH3;TFRC;SMC4;RRM2;CKS2
8,8,anal_pc5_c21_S1.filtered.gene_spectra_score.k_8.dt_0_01.txt,prerank,HALLMARK_KRAS_SIGNALING_DN,0.7495235269122708,1.7332150552879664,0.0010857763300760044,0.016242469279970275,0.018,13/78,6.02%,SPRR3;SLC6A14;KRT13;KLK7;TGM1;SERPINB2;LYPD3;KRT4;ALOX12B;EDN2;KLK8;SGK1;CALML5
8,8,anal_pc5_c21_S1.filtered.gene_spectra_score.k_8.dt_0_01.txt,prerank,HALLMARK_TNFA_SIGNALING_VIA_NFKB,0.7008123724432612,1.6868647442605205,0.0,0.014888930173306085,0.032,56/150,12.62%,SERPINB2;MXD1;IL1A;DUSP5;MAFF;SAT1;PHLDA1;IL23A;VEGFA;CDKN1A;NFKBIA;GADD45A;DUSP1;SGK1;ZFP36;PPP1R15A;TIPARP;SERPINB8;SOD2;SDC4;FOSL1;IL18;F3;CEBPB;PLAUR;NAMPT;HBEGF;ATF3;RNF19B;KLF4;PHLDA2;TNFAIP2;IER3;LDLR;EFNA1;CCL20;DUSP4;KYNU;PFKFB3;IER5;TLR2;AREG;EGR1;ZC3H12A;IFIT2;ICAM1;PDLIM5;PLAU;FOSB;PLK2;TNFAIP3;CXCL10;MAP3K8;CXCL1;IL1B;CXCL6
8,8,anal_pc5_c21_S1.filtered.gene_spectra_score.k_8.dt_0_01.txt,prerank,HALLMARK_SPERMATOGENESIS,-0.498180725716838,-1.5447296778964779,0.02666666666666667,0.04152823920265781,0.09519038076152304,14/36,24.12%,SLC12A2;CDK1;CCNB2;EZH2;BUB1;KIF2C;HSPA2;AURKA;GSTM3;TTK;ACE;CSNK2A2;NEK2;DMC1
8,8,anal_pc5_c21_S1.filtered.gene_spectra_score.k_8.dt_0_01.txt,prerank,HALLMARK_P53_PATHWAY,0.6447452574145854,1.517696836463183,0.009635974304068522,0.19671435016852887,0.468,41/89,14.96%,EPHA2;MXD1;IL1A;CDKN2B;SAT1;TM4SF1;NDRG1;CDKN1A;KLK8;SERPINB5;GADD45A;CDKN2A;GM2A;HMOX1;PPP1R15A;RRAD;ZNF365;EPS8L2;UPP1;TGFA;HBEGF;ATF3;RNF19B;KLF4;CLCA2;IER3;ALOX15B;IER5;RGS16;PLK2;TRIB3;KRT17;DDIT4;RAP2B;TOB1;CTSD;DDIT3;MDM2;TCHH;PLK3;TSC22D1
8,8,anal_pc5_c21_S1.filtered.gene_spectra_score.k_8.dt_0_01.txt,prerank,HALLMARK_DNA_REPAIR,-0.5498631288979403,-1.5107017119169075,0.02258064516129032,0.045562411010915994,0.13026052104208416,11/22,17.14%,BCAM;ZWINT;AK1;TYMS;LIG1;POLA1;ARL6IP1;USP11;AAAS;HCLS1;SNAPC4
8,8,anal_pc5_c21_S1.filtered.gene_spectra_score.k_8.dt_0_01.txt,prerank,HALLMARK_APICAL_SURFACE,0.7047317268814843,1.481866129926506,0.052917232021709636,0.22897369887735874,0.611,3/27,1.52%,RHCG;MAL;LYPD3
8,8,anal_pc5_c21_S1.filtered.gene_spectra_score.k_8.dt_0_01.txt,prerank,HALLMARK_HYPOXIA,0.5992464073978544,1.4218795304568288,0.04421052631578947,0.3383847766660474,0.82,37/111,12.42%,ERO1A;MAFF;SULT2B1;PIM1;VEGFA;NDRG1;CDKN1A;EDN2;ERRFI1;PLAC8;SLC2A1;ADM;DUSP1;HMOX1;TMEM45A;ZFP36;PPP1R15A;TIPARP;SDC4;F3;PLAUR;ATF3;BNIP3L;PGF;IER3;EFNA1;LOX;PFKFB3;PPP1R3C;ANGPTL4;CITED2;VLDLR;AMPD3;TNFAIP3;MXI1;DDIT4;HK2
8,8,anal_pc5_c21_S1.filtered.gene_spectra_score.k_8.dt_0_01.txt,prerank,HALLMARK_APOPTOSIS,0.6019276007219505,1.4154367437333553,0.05426356589147287,0.2994329290409335,0.843,15/79,8.74%,EMP1;ANXA1;IL1A;SAT1;CDKN1A;PMAIP1;PLAT;GADD45A;HMOX1;SOD2;IL18;ERBB3;ATF3;BNIP3L;IER3
8,8,anal_pc5_c21_S1.filtered.gene_spectra_score.k_8.dt_0_01.txt,prerank,HALLMARK_CHOLESTEROL_HOMEOSTASIS,0.6271517290031012,1.3526134975541957,0.12247474747474747,0.4394490299636402,0.945,18/35,16.46%,FABP5;MAL2;ERRFI1;SCD;PLAUR;ATF3;CXCL16;LDLR;ACAT2;TM7SF2;HMGCR;TRIB3;TNFRSF12A;HMGCS1;LGALS3;FDPS;NFIL3;MVK
8,8,anal_pc5_c21_S1.filtered.gene_spectra_score.k_8.dt_0_01.txt,prerank,HALLMARK_ESTROGEN_RESPONSE_EARLY,0.5652058793989766,1.340448795232807,0.06993736951983298,0.4236577403858914,0.955,27/118,10.18%,KRT13;KLK10;CLIC3;ZNF185;ANXA9;SULT2B1;AQP3;ELF3;P2RY2;PMAIP1;WWC1;SLC2A1;UGCG;TIPARP;KAZN;DHRS3;PRSS23;KLF4;RHOD;PTGES;TJP3;RAPGEFL1;KRT19;RAB31;MUC1;AREG;TFAP2C
8,8,anal_pc5_c21_S1.filtered.gene_spectra_score.k_8.dt_0_01.txt,prerank,HALLMARK_COAGULATION,0.575664574058868,1.3346918269132069,0.09978540772532189,0.3947321083656974,0.959,16/79,10.94%,ANXA1;SERPINB2;MAFF;KLK8;CTSV;PLAT;ADAM9;DUSP14;F3;CFB;PRSS23;MMP7;CTSB;GDA;CFI;PLAU
8,8,anal_pc5_c21_S1.filtered.gene_spectra_score.k_8.dt_0_01.txt,prerank,HALLMARK_UNFOLDED_PROTEIN_RESPONSE,0.6322855256763796,1.2905041858973085,0.19971870604781997,0.4844767642453356,0.991,8/23,12.30%,ERO1A;VEGFA;CEBPB;ATF3;NABP1;IFIT1;CHAC1;DDIT4
8,8,anal_pc5_c21_S1.filtered.gene_spectra_score.k_8.dt_0_01.txt,prerank,HALLMARK_BILE_ACID_METABOLISM,-0.39961434802309337,-1.277721306533517,0.09836065573770492,0.19458946369245372,0.5350701402805611,11/37,13.12%,ACSL5;TFCP2L1;HSD17B11;NR3C2;CAT;FADS2;PFKM;RBP1;ABCA2;SULT1B1;CYP27A1
8,8,anal_pc5_c21_S1.filtered.gene_spectra_score.k_8.dt_0_01.txt,prerank,HALLMARK_IL2_STAT5_SIGNALING,0.519388119601673,1.2503210095252033,0.1434468524251806,0.5649590198543196,0.997,21/127,12.48%,ECM1;EMP1;HOPX;MXD1;MAFF;PHLDA1;PIM1;NDRG1;IKZF2;DHRS3;TNFRSF21;CDCP1;IRF6;MUC1;RGS16;TNFSF10;CXCL10;ABCB1;MAP3K8;HK2;ST3GAL4
8,8,anal_pc5_c21_S1.filtered.gene_spectra_score.k_8.dt_0_01.txt,prerank,HALLMARK_ANDROGEN_RESPONSE,0.5696123807157031,1.2501016233748061,0.19901112484548825,0.5184054778523846,0.997,15/41,13.50%,SAT1;STEAP4;NDRG1;SGK1;SCD;INPP4B;HPGD;INSIG1;KRT19;SELENOP;ALDH1A3;PDLIM5;HMGCR;DBI;HMGCS1
8,8,anal_pc5_c21_S1.filtered.gene_spectra_score.k_8.dt_0_01.txt,prerank,HALLMARK_ESTROGEN_RESPONSE_LATE,0.5167951814526542,1.2202873205495588,0.1905759162303665,0.5644605136099072,0.998,21/106,10.18%,KRT13;KLK10;CLIC3;ANXA9;KLK11;SULT2B1;NMU;FABP5;SGK1;ZFP36;ASS1;MDK;PRSS23;KLF4;PTGES;TJP3;RAPGEFL1;KRT19;RAB31;AREG;TFAP2C
8,8,anal_pc5_c21_S1.filtered.gene_spectra_score.k_8.dt_0_01.txt,prerank,HALLMARK_COMPLEMENT,0.5138343335790297,1.2125052676194603,0.18885448916408668,0.5472165245513795,0.999,22/122,12.16%,S100A12;SERPINB2;DUSP5;CD55;MAFF;PIM1;CTSV;PLAT;ADAM9;F3;CEBPB;CFB;PLAUR;PDP1;CTSB;KYNU;CD36;DOCK9;LYN;TNFAIP3;CDA;CXCL1
8,8,anal_pc5_c21_S1.filtered.gene_spectra_score.k_8.dt_0_01.txt,prerank,HALLMARK_INFLAMMATORY_RESPONSE,0.5004871462429443,1.2010212056558918,0.18614270941054809,0.5415961145465644,1.0,33/141,14.40%,ITGB8;MXD1;IL1A;CD55;CDKN1A;P2RY2;NFKBIA;ADM;CXCL8;IL18;F3;PLAUR;NAMPT;HBEGF;LDLR;CCL20;TLR2;RGS16;ICAM1;LYN;TNFSF10;CXCL10;IL1B;CXCL6;EREG;OSMR;RNF144B;EDN1;CX3CL1;CHST2;AHR;CXCL11;NOD2
8,8,anal_pc5_c21_S1.filtered.gene_spectra_score.k_8.dt_0_01.txt,prerank,HALLMARK_KRAS_SIGNALING_UP,0.48305751534941704,1.1493684928396992,0.2590299277605779,0.6445666020860427,1.0,30/131,13.70%,SLPI;EMP1;ERO1A;MALL;BPGM;PLAT;MPZL2;PPP1R15A;TSPAN1;CFB;PRDM1;PLAUR;HBEGF;KLF4;HKDC1;CCL20;PTPRR;RGS16;ALDH1A3;ANGPTL4;PLAU;TNFAIP3;CXCL10;ABCB1;IL1B;HDAC9;EREG;GPNMB;TNNT2;PTGS2
8,8,anal_pc5_c21_S1.filtered.gene_spectra_score.k_8.dt_0_01.txt,prerank,HALLMARK_UV_RESPONSE_UP,0.49638899065083497,1.120836324433665,0.35697940503432496,0.6812813503543088,1.0,15/66,12.60%,CDKN2B;AQP3;SLC6A8;CTSV;NFKBIA;HMOX1;DNAJB1;RRAD;SOD2;ATF3;ICAM1;LYN;FOSB;ABCB1;PPIF
8,8,anal_pc5_c21_S1.filtered.gene_spectra_score.k_8.dt_0_01.txt,prerank,HALLMARK_INTERFERON_GAMMA_RESPONSE,0.4666877156316747,1.102231336752983,0.3539267015706806,0.6911571727251549,1.0,34/111,15.34%,GBP6;PIM1;CDKN1A;ISG15;BPGM;IDO1;NFKBIA;SOD2;UPP1;CFB;NAMPT;TNFAIP2;RSAD2;SECTM1;PELI1;IFIT1;IFIT3;MX1;IFIT2;ICAM1;TNFSF10;OAS3;CMPK2;TNFAIP3;CXCL10;OASL;DDX60;PTGS2;HERC6;CXCL11;CD274;OAS2;SOCS3;UBE2L6
8,8,anal_pc5_c21_S1.filtered.gene_spectra_score.k_8.dt_0_01.txt,prerank,HALLMARK_REACTIVE_OXYGEN_SPECIES_PATHWAY,-0.406172319504683,-1.0701433232096629,0.37572254335260113,0.48500463308246894,0.8797595190380761,8/19,19.62%,CAT;GCLC;MSRA;SCAF4;LSP1;FTL;PRDX4;TXNRD1
8,8,anal_pc5_c21_S1.filtered.gene_spectra_score.k_8.dt_0_01.txt,prerank,HALLMARK_INTERFERON_ALPHA_RESPONSE,0.47264464162059877,1.046612490830487,0.4378698224852071,0.7942187537103593,1.0,17/50,15.34%,ISG15;OAS1;TENT5A;RSAD2;SAMD9;IFIT3;MX1;IFIT2;NCOA7;CMPK2;GBP2;CXCL10;OASL;DDX60;HERC6;CXCL11;UBE2L6
8,8,anal_pc5_c21_S1.filtered.gene_spectra_score.k_8.dt_0_01.txt,prerank,HALLMARK_FATTY_ACID_METABOLISM,0.4687585039406794,1.0336352097025967,0.45235223160434257,0.7844661482523421,1.0,9/44,10.68%,GLUL;VNN1;TP53INP2;HPGD;CA4;ACOX1;CD36;ACAT2;MGLL
8,8,anal_pc5_c21_S1.filtered.gene_spectra_score.k_8.dt_0_01.txt,prerank,HALLMARK_HEME_METABOLISM,0.442147155961614,1.0048524084723136,0.49649532710280375,0.8110062571168226,1.0,14/55,12.86%,AQP3;PDZK1IP1;SLC6A8;BPGM;SLC2A1;ALDH1L1;MBOAT2;OSBP2;BNIP3L;CTSB;KLF3;DAAM1;MXI1;BLVRB
8,8,anal_pc5_c21_S1.filtered.gene_spectra_score.k_8.dt_0_01.txt,prerank,HALLMARK_WNT_BETA_CATENIN_SIGNALING,-0.3831326415425535,-0.9637668623556412,0.5240641711229946,0.6547619047619048,0.9599198396793587,3/15,4.84%,CCND2;DLL1;JAG2
8,8,anal_pc5_c21_S1.filtered.gene_spectra_score.k_8.dt_0_01.txt,prerank,HALLMARK_XENOBIOTIC_METABOLISM,0.41177445256923806,0.9534721992717926,0.5866666666666667,0.8823024158622237,1.0,18/80,12.86%,EPHA2;NDRG2;CYP2C18;VNN1;HMOX1;FMO3;UPP1;CFB;PTGES;ACOX1;KYNU;PPARD;CD36;PDLIM5;BCAT1;CDA;XDH;BLVRB
8,8,anal_pc5_c21_S1.filtered.gene_spectra_score.k_8.dt_0_01.txt,prerank,HALLMARK_ANGIOGENESIS,-0.31576953945296793,-0.9494277836532184,0.5462184873949579,0.6127722406792173,0.969939879759519,9/29,22.98%,FGFR1;CCND2;JAG2;VCAN;VAV2;PDGFA;COL5A2;COL3A1;NRP1
8,8,anal_pc5_c21_S1.filtered.gene_spectra_score.k_8.dt_0_01.txt,prerank,HALLMARK_MTORC1_SIGNALING,0.39252271022976676,0.9181195412826203,0.6164994425863991,0.9108337362410384,1.0,19/72,13.96%,ERO1A;CDKN1A;SLC2A1;PPP1R15A;SCD;EGLN3;NAMPT;INSIG1;LDLR;DAPP1;VLDLR;TM7SF2;HMGCR;BCAT1;TRIB3;DDIT4;HK2;HMGCS1;DDIT3
8,8,anal_pc5_c21_S1.filtered.gene_spectra_score.k_8.dt_0_01.txt,prerank,HALLMARK_GLYCOLYSIS,0.4005654158463684,0.9068616920470486,0.6251415628539071,0.8919446729831824,1.0,15/67,12.42%,ERO1A;DSC2;VEGFA;ELF3;EGLN3;TGFA;IER3;SLC16A3;ANGPTL4;CITED2;VLDLR;MXI1;QSOX1;DDIT4;HK2
8,8,anal_pc5_c21_S1.filtered.gene_spectra_score.k_8.dt_0_01.txt,prerank,HALLMARK_ALLOGRAFT_REJECTION,-0.2056837089960195,-0.8505469674962306,0.8947368421052632,0.7350102831830406,0.9939879759519038,52/121,37.28%,CCND2;ST8SIA4;CTSS;CD74;FLNA;IRF8;PTPN6;ITGAL;CD79A;IL16;HCLS1;ITGB2;STAB1;ETS1;LTB;NCF4;FYB1;CD40;PTPRC;ZAP70;MAP4K1;CD96;CSF1;CD4;FAS;IRF4;PRKCB;SOCS1;CCND3;CD2;SPI1;TGFB2;IL2RG;CD3D;SRGN;LY75;LY86;CD1D;WAS;CD28;CD3E;CD8A;TIMP1;SOCS5;LCK;ITK;IL27RA;LCP2;IL12RB1;STAT1;FGR;IL7
8,8,anal_pc5_c21_S1.filtered.gene_spectra_score.k_8.dt_0_01.txt,prerank,HALLMARK_HEDGEHOG_SIGNALING,0.43940916008148145,0.8472989463797483,0.6702786377708978,0.9542270230101647,1.0,3/17,5.72%,VEGFA;SLIT1;ACHE
8,8,anal_pc5_c21_S1.filtered.gene_spectra_score.k_8.dt_0_01.txt,prerank,HALLMARK_ADIPOGENESIS,0.3609850125333839,0.8027853691358467,0.7380116959064328,0.9842658734614467,1.0,11/51,13.52%,CYP4B1;GADD45A;ACOX1;NABP1;PFKFB3;CD36;SOWAHC;ANGPTL4;MGLL;TOB1;SNCG
8,8,anal_pc5_c21_S1.filtered.gene_spectra_score.k_8.dt_0_01.txt,prerank,HALLMARK_IL6_JAK_STAT3_SIGNALING,0.34185145384365184,0.7530512218508235,0.7835294117647059,1.0,1.0,14/53,15.32%,PIM1;HMOX1;TNFRSF21;CD36;TLR2;CXCL10;MAP3K8;CXCL1;IL1B;TNFRSF12A;OSMR;CXCL11;SOCS3;CXCL3
8,8,anal_pc5_c21_S1.filtered.gene_spectra_score.k_8.dt_0_01.txt,prerank,HALLMARK_PEROXISOME,0.3564870342718155,0.7524053337029041,0.7618421052631579,0.9769329637956725,1.0,6/32,9.08%,SULT2B1;SOD2;DHRS3;CRABP2;STS;ACOX1
8,8,anal_pc5_c21_S1.filtered.gene_spectra_score.k_8.dt_0_01.txt,prerank,HALLMARK_APICAL_JUNCTION,0.2909214854974029,0.6887858513579619,0.8923240938166311,1.0,1.0,14/101,11.78%,NECTIN4;MPZL2;CLDN4;GRB7;ADAM9;PCDH1;TJP1;CDSN;MDK;INSIG1;ALOX15B;ICAM1;WASL;LAMC2
8,8,anal_pc5_c21_S1.filtered.gene_spectra_score.k_8.dt_0_01.txt,prerank,HALLMARK_TGF_BETA_SIGNALING,0.3345908757564225,0.685398658907661,0.8258928571428571,0.9806541221016128,1.0,4/24,9.24%,PPP1R15A;ID1;TJP1;RAB31
8,8,anal_pc5_c21_S1.filtered.gene_spectra_score.k_8.dt_0_01.txt,prerank,HALLMARK_UV_RESPONSE_DN,0.29347084376913113,0.6656112773058712,0.8778026905829597,0.9672419564590184,1.0,12/69,11.16%,RND3;DUSP1;ID1;F3;TJP1;INPP4B;INSIG1;LDLR;MGLL;PDLIM5;CITED2;VLDLR
8,8,anal_pc5_c21_S1.filtered.gene_spectra_score.k_8.dt_0_01.txt,prerank,HALLMARK_EPITHELIAL_MESENCHYMAL_TRANSITION,0.2641892600895679,0.639606483846,0.9572736520854527,0.9596874253562994,1.0,18/164,12.62%,ECM1;SAT1;VEGFA;SLC6A8;GADD45A;CXCL8;SDC4;PLAUR;DKK1;LOX;AREG;TNFAIP3;LAMC2;QSOX1;CXCL1;MMP1;TNFRSF12A;CXCL6
8,8,anal_pc5_c21_S1.filtered.gene_spectra_score.k_8.dt_0_01.txt,prerank,HALLMARK_PI3K_AKT_MTOR_SIGNALING,0.27720845079868073,0.5911162927735617,0.9035202086049544,0.9663175452607231,1.0,6/32,13.96%,CDKN1A;SLC2A1;DAPP1;MAPK10;TRIB3;DDIT3
8,8,anal_pc5_c21_S1.filtered.gene_spectra_score.k_8.dt_0_01.txt,prerank,HALLMARK_MYOGENESIS,0.2208863639426633,0.5285755409068471,0.9947862356621481,0.9732211576740359,1.0,12/112,9.96%,SLC6A8;CDKN1A;KIFC3;ACHE;SCD;ERBB3;HBEGF;BDKRB2;LPIN1;CRYAB;CD36;PPP1R3C
