	1	2	3	4	5	6	7	8	9	10	11	12	13	14	15	16	17	18	19	20	21
GSM4138110_HNSCC_1_PBMC_AAACCTGAGGAGCGTT	43.69153676524871	100.88656750445116	0.0	0.0	79.95856105381709	0.0	0.0	43.363785245179926	0.0	0.0	62.3220815571446	0.0	0.0	0.0	0.0	0.0	0.0	0.0	0.0	0.0	0.7305256251174685
GSM4138110_HNSCC_1_PBMC_AAACCTGCAGATGAGC	94.84568481181466	64.21666626786154	0.0	67.8721585032314	65.28646363752999	0.0	0.0	0.0	0.0	0.0	0.0	0.0	0.0	0.0	108.74399126705029	0.0	0.0	0.0	0.0	0.0	0.0
GSM4138110_HNSCC_1_PBMC_AACGTTGAGACTGGGT	14.623562685761746	47.458832033652364	0.0	34.31476135458856	0.0	0.0	0.0	0.0	29.437948837693046	0.0	0.0	0.0	0.0	0.0	75.60919090028845	0.0	0.0	0.0	0.0	0.0	0.0
GSM4138110_HNSCC_1_PBMC_AACGTTGGTTACGACT	53.401678659329725	136.74481445835082	0.0	0.0	0.0	0.0	0.0	76.75441066002911	0.0	0.0	0.0	0.0	0.0	0.0	0.0	3.03574271284678	0.0	0.0	12.887799006928846	0.0	0.0
GSM4138110_HNSCC_1_PBMC_AACGTTGTCTAAGCCA	48.83237684779654	55.18539853329486	0.0	72.87751534705222	0.0	0.0	45.23863371323061	32.53618055144402	0.0	0.0	0.0	0.0	0.0	0.0	0.0	0.0	0.0	0.0	0.0	0.0	8.168245019348412
GSM4138110_HNSCC_1_PBMC_AACTCCCCATTTCAGG	77.12576043588231	37.60702409200992	47.565333716170784	0.0	0.0	0.0	78.30744151564559	0.0	0.0	0.0	0.0	7.764756191519963	0.0	0.0	0.0	0.0	0.0	0.0	62.4790656755622	0.0	0.0
GSM4138110_HNSCC_1_PBMC_AAGCCGCCACTTCTGC	88.93665759384169	63.62008916949874	0.0	32.91342944124505	1.0047791934269203	0.0	0.0	0.0	0.0	0.0	0.0	26.597240956676256	0.0	45.011039796915796	0.0	0.0	48.7313963151237	0.0	0.0	0.0	0.0
GSM4138110_HNSCC_1_PBMC_AAGGTTCGTCTCTTAT	47.7991696276862	44.30424655119713	0.0	0.0	0.0	0.0	0.0	36.96223128772605	41.47250355058246	0.0	0.0	102.64041488117849	0.0	0.0	32.31550776058826	0.0	0.0	0.0	0.0	0.0	0.0
GSM4138110_HNSCC_1_PBMC_AAGTCTGAGTACCGGA	108.52521860229422	42.56326041561605	0.0	0.0	0.0	0.0	32.52960991345031	0.0	0.0	0.0	29.980194847466343	0.0	0.0	47.049414638697876	0.0	0.0	0.0	0.0	0.0	0.0	0.0
GSM4138110_HNSCC_1_PBMC_AAGTCTGGTTGCCTCT	59.26052219789247	79.9074579923352	18.648980984455157	0.0	0.0	0.0	41.600816646624516	0.0	0.0	45.69850412003906	0.0	0.0	0.0	0.0	0.0	0.0	0.0	0.0	0.0	0.0	0.0
GSM4138110_HNSCC_1_PBMC_AAGTCTGTCCAAACTG	75.28161562759671	87.9507211057186	13.828980805198158	0.0	4.0980997767531795	0.0	0.0	0.0	0.0	0.0	0.0	0.0	7.060982321944138	48.97829437763091	0.0	0.0	37.8349497850614	0.0	74.98617751777054	0.0	0.0
GSM4138110_HNSCC_1_PBMC_ACATGGTCACATGGGA	35.15638883314547	52.76662463807399	0.0	0.0	29.975803328773377	0.0	0.0	0.0	0.0	0.0	0.0	32.83571007839081	0.0	29.071197209927718	110.81139140751316	0.0	0.0	0.0	0.0	0.0	0.0
GSM4138110_HNSCC_1_PBMC_ACGAGCCAGTATCTCG	60.58214863509817	72.60173400001005	23.881787402962555	49.96384148243501	118.46788012114729	0.0	0.0	14.867441204284164	0.0	0.0	0.0	0.0	0.0	0.0	0.0	0.0	0.0	0.0	0.0	0.0	0.0
GSM4138110_HNSCC_1_PBMC_ACGAGCCCACTTAACG	170.63875962015257	113.21890101052071	92.69372135676919	0.0	0.0	0.0	127.18281880183852	0.0	0.0	0.0	0.0	0.0	0.0	0.0	0.0	102.07842387090243	0.0	0.0	0.0	0.0	0.0
GSM4138110_HNSCC_1_PBMC_ACTATCTTCTTCCTTC	61.75281826042119	96.96782701045623	0.0	0.0	0.0	0.0	0.0	7.649116945179621	0.0	0.0	56.708119770425306	0.0	108.13762393734082	0.0	40.966374892592015	0.0	0.0	0.0	0.0	0.0	0.0
GSM4138110_HNSCC_1_PBMC_AGAGCTTAGAGCTGGT	79.55362167001543	50.0192976712832	65.71837388067503	0.0	0.0	0.0	71.4448607083371	0.0	0.0	0.0	0.0	0.0	0.0	0.0	0.0	103.16240923688744	0.0	0.0	0.0	0.0	0.0
GSM4138110_HNSCC_1_PBMC_AGATTGCGTCGCCATG	62.33277973436017	45.41365915129244	38.84493242902793	0.0	6.2779708194241355	0.0	65.63640710591517	4.145740427209889	0.0	57.990246380334916	0.0	0.0	0.0	0.0	0.0	0.0	0.0	0.0	0.0	0.0	0.0
GSM4138110_HNSCC_1_PBMC_AGCGTATGTTATCCGA	84.7035021766176	33.4467672865962	36.979306482208536	124.13942345684337	57.653913368098664	0.0	0.0	0.0	0.0	0.0	0.0	0.0	0.0	0.0	0.0	0.0	0.0	0.0	0.0	0.0	0.0
GSM4138110_HNSCC_1_PBMC_AGGCCACAGTACTTGC	52.662451181988104	40.41106856399084	29.036532540886885	6.788048397380177	65.57033172553572	23.519888554604467	0.0	0.0	0.0	0.0	0.0	0.0	0.0	0.0	0.0	0.0	0.0	38.693049002430435	0.0	0.0	0.0
GSM4138110_HNSCC_1_PBMC_AGGCCACCACTAAGTC	111.29690517131999	113.06114924228916	240.70872299583286	0.0	25.48129536152415	0.0	1.6503049623684904	0.0	0.0	160.26357814715354	0.0	0.0	0.0	0.0	0.0	0.0	0.0	0.0	0.0	55.795709113727696	0.0
GSM4138110_HNSCC_1_PBMC_AGTAGTCTCTTAGCCC	29.110506133590974	51.54719755740153	0.0	0.0	54.651381637458954	0.0	0.0	0.0	0.0	0.0	0.0	0.0	0.0	89.2049109450796	0.0	0.0	0.0	0.0	0.0	0.0	35.26899602636207
GSM4138110_HNSCC_1_PBMC_AGTGAGGGTGGCCCTA	195.95492856413625	85.69116119554431	39.67800912124857	24.45276639409706	0.0	0.0	0.0	0.0	83.32646823974376	0.0	0.0	27.283559323201608	0.0	0.0	0.0	0.0	0.0	0.0	0.0	0.0	0.0
GSM4138110_HNSCC_1_PBMC_AGTGTCATCTCGCATC	124.14471472379796	57.063386104418264	27.82049311725472	28.90275294196096	0.0	0.0	0.0	0.0	37.841398584877055	0.0	0.0	0.0	0.0	0.0	0.0	0.0	0.0	0.0	0.0	0.0	0.0
GSM4138110_HNSCC_1_PBMC_AGTTGGTCATGGTTGT	86.61922870342728	105.64952089549519	0.0	0.0	0.0	0.0	0.0	45.336045827263916	0.0	0.0	0.0	87.91273774385246	31.60849130565536	0.0	32.40050805000258	0.0	43.008999075562905	0.0	0.0	0.0	0.0
GSM4138110_HNSCC_1_PBMC_AGTTGGTTCTTGGGTA	74.37365395720228	71.32922375925128	0.0	0.0	2.5883048280859526	0.0	0.0	0.0	0.0	0.0	54.46807461074685	0.0	36.47111707983668	0.0	0.0	0.0	0.0	0.0	0.0	0.0	22.534513342311847
GSM4138110_HNSCC_1_PBMC_ATCTACTAGGGTGTGT	88.75574313560368	282.876073560943	0.0	0.0	0.0	0.0	0.0	68.81200611995831	0.0	0.0	130.56346400864822	0.0	96.13000662750946	0.0	121.96136895996722	0.0	77.19433307336263	0.0	0.0	0.0	0.0
GSM4138110_HNSCC_1_PBMC_ATCTACTAGTACGTTC	62.91691309340498	49.87811233145874	70.81784542018089	0.0	0.0	0.0	56.22355423786032	0.0	0.0	0.0	0.0	83.69124340799031	0.0	0.0	0.0	0.0	0.0	0.0	0.0	0.0	0.0
GSM4138110_HNSCC_1_PBMC_ATGAGGGCAAGCGATG	83.8291921320702	57.21370639709044	34.89964585431014	0.0	0.0	0.0	48.0739130623939	0.0	0.0	0.0	0.0	0.0	0.0	0.0	0.0	45.70615261310982	0.0	0.0	0.0	0.0	0.0
GSM4138110_HNSCC_1_PBMC_ATGAGGGCACACAGAG	76.49765491723467	33.776348281811124	0.0	0.0	43.59163697416398	0.0	0.0	69.79537146862602	0.0	0.0	19.708870106511117	0.0	3.243087418190014	0.0	0.0	0.0	0.0	0.0	0.0	0.0	0.0
GSM4138110_HNSCC_1_PBMC_ATGCGATGTTTGACAC	52.362563567666136	86.24925408031977	23.68292946734155	0.0	0.0	0.0	0.0	0.0	0.0	3.4910541098647423	0.0	62.929933563328085	31.58239112047388	0.0	0.0	0.0	0.0	0.0	0.0	0.0	0.0
GSM4138110_HNSCC_1_PBMC_ATGTGTGCATGCGCAC	88.80636925411399	57.93870178815358	0.0	0.0	0.0	27.469434574492478	0.0	50.963203450942146	0.0	0.0	0.0	8.042241789846809	7.249338593646285	0.0	0.0	0.0	0.0	14.391908522345208	0.0	0.0	0.0
GSM4138110_HNSCC_1_PBMC_ATTACTCTCATGCTCC	120.82373911472781	58.24199302214417	0.0	0.0	0.0	0.0	56.64614547765446	0.0	34.47236321672564	42.21954637170852	0.0	0.0	0.0	0.0	0.0	0.0	0.0	0.0	0.0	0.0	34.37018716862662
GSM4138110_HNSCC_1_PBMC_ATTATCCGTCACACGC	69.36062695531349	93.33147947664565	0.0	0.0	0.0	0.0	69.19601102035581	20.53627909201037	0.0	0.0	99.46833582175844	0.0	0.0	0.0	0.0	0.0	0.0	0.0	0.0	0.0	0.0
GSM4138110_HNSCC_1_PBMC_ATTGGACAGAGATGAG	89.35512765801735	24.084367166138527	56.1511333407909	63.31490597575311	0.0	0.0	0.0	0.0	0.0	0.0	0.0	0.0	0.0	0.0	0.0	0.0	0.0	0.0	0.0	75.6534607222644	0.0
GSM4138110_HNSCC_1_PBMC_ATTGGTGCAGTGAGTG	83.07927020083943	45.20516532335231	50.54372567133928	0.0	0.0	0.0	33.82650627143256	0.0	9.539808738805787	0.0	0.0	0.0	0.0	0.0	0.0	49.43141092590934	0.0	0.0	0.0	0.0	0.0
GSM4138110_HNSCC_1_PBMC_CAACCAAGTTATCGGT	35.31757388041016	42.63891078855101	8.089477834567802	0.0	70.10209203358247	0.0	0.0	7.802168602426584	0.0	4.719549886300882	0.0	20.217808432604016	0.0	0.0	8.794991320452416	0.0	0.0	13.741270973034885	0.0	0.0	0.0
GSM4138110_HNSCC_1_PBMC_CAACCAATCCTTGACC	43.10876017564275	51.948825766836514	0.0	14.483222622498337	0.0	31.06888317711497	0.0	0.0	0.0	0.0	57.97517632054754	0.0	0.0	0.0	18.858960856253162	0.0	0.0	0.0	0.0	0.0	0.0
GSM4138110_HNSCC_1_PBMC_CACAGTAGTCTCCATC	99.5059720043521	29.441093665231918	123.5445473411524	0.0	75.69506128139098	0.0	0.0	0.0	0.0	0.0	0.0	12.607125730624515	0.0	0.0	0.0	0.0	0.0	0.0	0.0	0.0	0.0
GSM4138110_HNSCC_1_PBMC_CACATAGCAAAGCGGT	83.37834583242785	45.88661324123516	0.0	0.0	0.0	66.53913858939936	0.0	0.0	0.0	0.0	33.34668268725922	0.0	0.0	0.0	10.714272368003002	0.0	0.0	0.0	0.0	0.0	0.0
GSM4138110_HNSCC_1_PBMC_CACATAGCACCTCGTT	41.09340157066014	83.33674890472186	0.0	0.0	0.0	0.0	50.732316771167966	42.339416910855476	0.0	0.0	0.0	0.0	0.0	0.0	0.0	72.46338325374491	0.0	0.0	0.0	0.0	0.0
GSM4138110_HNSCC_1_PBMC_CACATTTGTGCACTTA	58.85761129664003	54.91184591052031	0.0	0.0	0.0	0.0	0.0	45.91660025092082	0.0	0.0	33.457804014805276	0.0	63.60290365370514	0.0	0.0	0.0	0.0	0.0	0.0	0.0	0.0
GSM4138110_HNSCC_1_PBMC_CACATTTTCCCATTAT	25.227401260073492	85.72754507483249	49.28922654190191	0.0	0.0	0.0	0.0	0.0	0.0	0.0	0.0	0.0	0.0	0.0	0.0	0.0	0.0	0.0	56.77642501451547	38.57293370511931	0.0
GSM4138110_HNSCC_1_PBMC_CACATTTTCTGGTTCC	82.60146253402486	55.69979217136579	29.4008095566212	44.18788129164192	0.0	0.0	0.0	0.0	40.76889523349818	0.0	0.0	0.0	0.0	27.338776984806536	0.0	0.0	0.0	0.0	0.0	0.0	0.0
GSM4138110_HNSCC_1_PBMC_CACCAGGTCGTGGGAA	94.0695021130987	80.17348765824092	63.621266146887166	2.0684033241762276	0.0	0.0	0.0	0.0	38.5616568459082	0.0	0.0	61.55128720408718	0.0	3.797345472441244	0.0	0.0	0.0	0.0	0.0	0.0	0.0
GSM4138110_HNSCC_1_PBMC_CAGCAGCCAATGGTCT	58.43039942361311	15.295982323976824	0.0	45.15718088800093	0.0	64.78965252168852	0.0	0.0	0.0	0.0	0.0	0.0	0.0	0.0	24.418742455286463	0.0	0.0	0.0	0.0	0.0	0.0
GSM4138110_HNSCC_1_PBMC_CAGCATAGTCCGAGTC	81.57968380867356	35.07515928856676	0.0	86.55931708754888	0.0	0.0	0.0	0.0	19.808291454351988	0.0	0.0	0.0	0.0	0.0	26.950765759310546	0.0	0.0	0.0	0.0	0.0	0.0
GSM4138110_HNSCC_1_PBMC_CAGCCGAAGCCCAACC	73.41250669757366	81.50368630056964	49.86334227335606	29.19135461390493	0.0	0.0	29.591993920819153	0.0	0.0	0.0	0.0	0.0	0.0	0.0	0.0	0.0	0.0	26.38172256510727	0.0	0.0	0.0
GSM4138110_HNSCC_1_PBMC_CAGCCGACATCGACGC	61.84838080343547	34.53058557909974	37.453527380981015	0.0	0.0	0.0	50.18095094526031	0.0	0.0	50.82728810994784	0.0	0.0	0.0	1.4033539536113453	16.43872435694783	0.0	0.0	0.0	0.0	0.0	0.0
GSM4138110_HNSCC_1_PBMC_CATATTCTCCGCGTTT	80.02123658991465	67.2768991837016	49.98765763067788	0.0	0.0	0.0	0.0	0.0	31.91355162752236	53.782379107890435	0.0	0.0	0.0	0.0	0.0	0.0	0.0	0.0	0.0	0.0	0.0
GSM4138110_HNSCC_1_PBMC_CCAATCCCATTAGCCA	118.87334080019427	65.25595365638107	44.255563573484075	0.0	0.0	0.0	0.0	0.0	63.90944183463968	76.29545845158142	0.0	0.0	0.0	0.0	0.0	0.0	0.0	0.0	0.0	0.0	0.0
GSM4138110_HNSCC_1_PBMC_CCACGGAAGATCGGGT	32.272827625340724	52.66732508331853	47.304651096163454	51.115884352002574	119.41312620028548	0.0	0.0	0.0	0.0	0.0	0.0	0.0	0.0	3.5704038597763166	0.0	0.0	0.0	0.0	0.0	0.0	0.0
GSM4138110_HNSCC_1_PBMC_CCATGTCAGAGGTAGA	89.07373364302123	49.023550366440176	0.0	0.0	87.17327756248814	0.0	0.0	32.1350942695858	0.0	0.0	0.0	46.15023412008715	0.0	0.0	0.0	0.0	0.0	14.000025680295542	0.0	0.0	0.0
GSM4138110_HNSCC_1_PBMC_CCATGTCCATGCCCGA	96.27052761016813	62.502161006102824	27.92056732173402	55.47245581232034	18.67984973725202	42.9728408891221	18.983748919297675	0.0	0.0	0.0	0.0	0.0	0.0	0.0	0.0	0.0	0.0	8.480784341762453	0.0	12.938272029268415	0.0
GSM4138110_HNSCC_1_PBMC_CCGGTAGAGCTCCTCT	63.131033619626514	62.6943163548216	0.0	0.0	0.0	33.82889230804407	0.0	0.0	0.0	0.0	73.01156375229743	0.0	0.0	0.0	56.4634800400312	0.0	0.0	0.0	0.0	0.0	0.0
GSM4138110_HNSCC_1_PBMC_CCTCTGAAGGGATCTG	51.671868920355294	49.723697240612886	0.0	37.195605236747056	56.04104790114047	0.0	0.0	42.810075473193315	0.0	0.0	0.0	0.0	0.0	0.0	0.0	0.0	0.0	0.0	0.0	0.0	0.10520649485722719
GSM4138110_HNSCC_1_PBMC_CGAACATGTTCGTTGA	50.504815693132066	58.7389336600785	25.48159279786243	70.6797303569195	0.0	0.0	26.814807459459672	0.0	0.0	0.0	0.0	0.0	0.0	0.0	0.0	0.0	0.0	0.0	0.0	0.0	0.0
GSM4138110_HNSCC_1_PBMC_CGAACATTCTGTCCGT	51.59254297223889	63.10289817042295	65.15163520670339	0.0	29.569742330455384	0.0	0.0	0.0	13.812544861714777	63.79356556855091	0.0	0.0	0.0	0.0	0.0	0.0	0.0	0.0	0.0	0.0	0.0
GSM4138110_HNSCC_1_PBMC_CGAATGTAGCGTCTAT	82.59352337832516	79.7675731386125	0.0	0.0	0.0	0.0	27.303828982709113	43.56789090881493	0.0	0.0	0.0	23.683001935612104	0.0	0.0	0.0	0.0	0.0	0.0	0.0	0.0	0.0
GSM4138110_HNSCC_1_PBMC_CGGGTCAAGTCTCGGC	52.90286174736646	55.16110781602904	0.0	0.0	0.0	0.0	0.0	1.5196764335926587	0.0	112.10727837739111	0.0	0.0	42.82493747501156	0.0	0.0	0.0	0.0	0.0	0.0	0.0	3.7744728925112834
GSM4138110_HNSCC_1_PBMC_CGTCTACCAAGCGTAG	65.14292120456248	41.19742287085195	54.89345223730962	0.0	0.0	0.0	64.96814904451844	0.0	38.54911417500847	0.0	0.0	0.0	4.3051242639601615	0.0	0.0	0.0	0.0	68.82750787684223	0.0	0.0	0.0
GSM4138110_HNSCC_1_PBMC_CGTGTCTAGGTCGGAT	77.5008583975075	97.22461270176493	19.0147965605235	0.0	0.0	0.0	0.0	44.30027527536874	55.07901652891147	0.0	0.0	62.52182304837428	0.0	0.0	0.0	0.0	0.0	0.0	0.0	0.0	0.0
GSM4138110_HNSCC_1_PBMC_CGTTAGACATCCAACA	94.06606419562597	28.537811765270995	0.0	0.0	0.0	0.0	0.0	9.474006705042308	5.310737431139125	0.0	110.06078394272615	0.0	10.531735441836474	0.0	0.0	0.0	0.0	0.0	0.0	0.0	0.0
GSM4138110_HNSCC_1_PBMC_CGTTGGGCATATGCTG	52.75459920599373	38.22607979407901	0.0	0.0	0.0	56.66812847118806	0.0	0.0	0.0	0.0	56.45983783185434	0.0	0.0	0.0	30.69947440366504	0.0	0.0	0.0	0.0	0.0	0.0
GSM4138110_HNSCC_1_PBMC_CTAATGGTCTCGCTTG	45.43253727430007	56.17462219762016	50.28480600241268	0.0	0.0	0.0	0.0	0.0	0.0	21.022942290570306	0.0	0.0	26.66422483126335	0.0	0.0	0.0	9.367448281340973	0.0	0.0	0.0	0.0
GSM4138110_HNSCC_1_PBMC_CTACATTTCACCAGGC	81.44485976117475	61.307796602113974	0.0	45.67767378470346	45.14585134666457	0.0	0.0	0.0	0.0	0.0	0.0	0.0	0.0	0.0	0.0	0.0	0.0	0.0	0.0	0.0	55.199398828212225
GSM4138110_HNSCC_1_PBMC_CTACGTCTCGAACGGA	41.041114206536015	71.55263878916053	0.0	0.0	0.0	0.0	0.0	4.996518122361345	14.3485801268093	0.0	58.17422921395142	0.0	0.0	0.0	0.0	0.0	0.0	0.0	0.0	0.0	20.800196977853552
GSM4138110_HNSCC_1_PBMC_CTAGAGTCACTTACGA	82.26831251973178	53.18058057246916	0.0	0.0	0.0	0.0	0.0	23.492498957502463	85.71101537920534	42.754752033845534	0.0	0.0	0.0	0.0	0.0	0.0	0.0	0.0	0.0	0.0	0.0
GSM4138110_HNSCC_1_PBMC_CTCAGAATCCGGGTGT	87.13210424369721	59.27588327039818	28.520963629698947	34.21973082789593	0.0	0.0	0.0	0.0	0.0	0.0	0.0	0.0	0.0	0.0	0.0	0.0	0.0	1.624578211076991	0.0	67.29654615804984	0.0
GSM4138110_HNSCC_1_PBMC_CTCGGGATCAATACCG	32.07860020938758	31.579919978505774	0.0	89.89669211409884	156.400139284354	0.0	0.0	6.846006416222072	0.0	0.0	0.0	0.0	0.0	0.0	0.0	0.0	0.0	0.0	0.0	0.0	46.803044913616084
GSM4138110_HNSCC_1_PBMC_CTCGTACAGATCGGGT	148.89160811946692	150.0106078671973	205.13741676187226	132.5480964642536	0.0	0.0	0.0	0.0	0.0	0.0	0.0	0.0	0.0	0.0	0.0	0.0	172.87521577953524	0.0	0.0	0.0	0.0
GSM4138110_HNSCC_1_PBMC_CTCGTACTCTGTCCGT	99.4807284201955	70.17170455088284	0.0	0.0	63.982511023895604	0.0	0.0	0.0	0.0	0.0	7.682649226774885	0.0	0.0	41.599435778813	0.0	0.0	0.0	0.0	78.6408355095377	0.0	0.0
GSM4138110_HNSCC_1_PBMC_CTCTGGTAGGCGTACA	39.35726611931743	45.573880410089934	10.987687219736978	49.01173036360864	0.0	0.0	0.0	0.0	0.0	0.0	0.0	0.0	34.87420696326225	0.0	0.0	0.0	0.0	0.0	0.0	0.0	0.0
GSM4138110_HNSCC_1_PBMC_CTGAAACTCCGAGCCA	47.25431315193842	22.444306478333	0.0	0.0	0.0	0.0	0.0	0.0	0.0	0.0	44.821341326265596	0.0	72.15967901918052	0.0	55.7656264063049	0.0	0.0	0.0	0.0	0.0	0.0
GSM4138110_HNSCC_1_PBMC_CTGAAGTAGCGATCCC	92.96672807435662	57.77035086699189	40.30920116512507	0.0	32.37206258194919	6.540246133070226	0.0	0.0	0.0	0.0	0.0	53.568244887696906	0.0	0.0	0.0	0.0	0.0	0.0	0.0	0.0	0.0
GSM4138110_HNSCC_1_PBMC_CTGATAGAGATCTGCT	43.845600032863054	49.11424334438365	0.0	27.64298727202674	2.7383979165675387	4.728139071974742	0.0	0.0	0.0	0.0	0.0	0.0	40.07840457074573	88.78548924298346	0.0	0.0	0.0	0.0	0.0	0.0	0.0
GSM4138110_HNSCC_1_PBMC_CTGATAGAGCCTTGAT	68.50737677287772	70.78825311909155	56.02172453598864	40.72786492836132	0.0	7.237623810254306	39.57212171222975	0.0	0.0	21.82745577936116	0.0	0.0	0.0	0.0	0.0	0.0	0.0	0.0	0.0	9.62453492259864	0.0
GSM4138110_HNSCC_1_PBMC_CTGCCTAAGGTGCTTT	107.66845359625727	111.37203398776845	0.0	93.29516114890971	10.590869459878448	0.0	0.0	19.922587686876593	0.0	0.0	0.0	0.0	0.0	0.0	7.572612048671942	0.0	0.0	0.0	0.0	0.0	0.0
GSM4138110_HNSCC_1_PBMC_CTGCCTATCACGACTA	38.02954948679698	52.47779968372579	0.0	0.0	81.18159758728136	0.0	0.0	7.898888852117053	0.0	0.0	49.101328364839944	0.0	0.0	0.0	8.565731667914822	0.0	0.0	0.0	0.0	0.0	0.0
GSM4138110_HNSCC_1_PBMC_CTGGTCTTCGAGAACG	61.37239167771052	31.240245916397605	4.688495371969526	0.0	0.0	31.52045867804728	0.0	43.94285278837124	0.0	36.359157906660954	0.0	0.0	0.0	0.0	0.0	0.0	0.0	0.0	0.0	0.0	0.0
GSM4138110_HNSCC_1_PBMC_CTGTTTAAGTGGAGTC	55.48528324209839	45.31974927989627	0.0	68.35894338736237	9.385878904267718	0.0	0.0	0.0	8.865613048699851	0.0	0.0	0.0	0.0	0.0	0.0	0.0	0.0	0.0	0.0	0.0	45.74469684128141
GSM4138110_HNSCC_1_PBMC_GAACATCTCCCTAATT	112.45797275934567	107.47792352900719	49.66166814710637	0.0	0.0	0.0	0.0	0.0	66.9662354951622	0.0	0.0	102.84808710017549	0.0	0.0	0.0	0.0	0.0	0.0	0.0	0.0	0.0
GSM4138110_HNSCC_1_PBMC_GAACCTATCTGAGGGA	81.03497073620595	34.929490118541885	26.02624255620921	45.019422723079394	0.0	53.32815332845462	0.0	0.0	0.0	0.0	0.0	0.0	0.0	0.0	0.0	0.0	0.0	0.0	0.0	0.0	0.0
GSM4138110_HNSCC_1_PBMC_GAATGAATCAGTTAGC	48.30929876893548	63.739506828010924	0.0	0.0	0.0	0.0	48.37248374685139	43.07411468099694	0.0	0.0	14.53021713934582	0.0	0.0	0.0	0.0	0.0	0.0	0.0	0.0	0.0	8.533243988100038
GSM4138110_HNSCC_1_PBMC_GATCGATAGTACACCT	84.95105663087585	51.361363116295315	0.0	48.176554188986884	0.0	0.0	0.0	36.07113034005688	21.124980752754496	0.0	0.0	0.0	19.92504012992008	0.0	0.0	0.0	0.0	0.0	0.0	0.0	0.0
GSM4138110_HNSCC_1_PBMC_GATCGATTCAGCATGT	74.94953104176004	65.33714244725624	68.95599523280585	0.0	0.0	0.0	70.69549959598642	0.0	0.0	0.0	0.0	0.0	0.0	0.0	0.0	24.42153814381797	0.0	0.0	71.00626626166401	0.0	0.0
GSM4138110_HNSCC_1_PBMC_GATGAAATCCAAGCCG	82.81003208290173	81.71292846011286	13.122214988177664	0.0	0.0	0.0	0.0	0.0	8.598249425658086	0.0	0.0	0.0	24.674460879462814	48.70192994960295	17.449662652317574	20.298606233665616	22.935160970626594	0.0	0.0	0.0	0.0
GSM4138110_HNSCC_1_PBMC_GCACATAAGGTGTGGT	49.074874220455506	51.04786199296206	124.77701021246313	44.11217993543793	0.0	0.0	35.899414062508306	0.0	0.0	0.0	0.0	0.0	0.0	0.0	0.0	3.349768434845241	0.0	0.0	0.0	0.0	0.0
GSM4138110_HNSCC_1_PBMC_GCACTCTGTACAGTGG	64.22099840890883	30.772886665002563	64.56421121622652	36.67726700381446	0.0	0.0	0.0	0.0	156.94275398156543	0.0	0.0	0.0	0.0	0.0	0.0	0.0	0.0	0.0	0.0	0.0	0.0
GSM4138110_HNSCC_1_PBMC_GCCTCTAAGTTAAGTG	59.50257225296909	33.58391018687279	12.225411894078293	40.322273135370835	0.0	0.0	41.98530029316449	0.0	0.0	0.0	0.0	0.0	0.0	17.030450085311738	0.0	0.0	0.0	0.0	0.0	0.0	0.0
GSM4138110_HNSCC_1_PBMC_GCCTCTAGTTGAACTC	60.430301235756126	44.20063089564134	0.0	0.0	43.655143968074555	0.0	0.0	0.0	0.0	0.0	0.0	47.36198730255979	0.0	40.29570957323525	0.0	0.0	0.0	0.0	0.0	0.0	0.0
GSM4138110_HNSCC_1_PBMC_GCGAGAAAGTGACATA	53.03386770045073	52.213843562703886	26.02505786351766	149.1692188957092	0.0	0.0	0.0	0.0	42.775929812917184	0.0	0.0	0.0	27.650363488009045	0.0	0.0	0.0	0.0	0.0	0.0	0.0	0.0
GSM4138110_HNSCC_1_PBMC_GCTGCAGGTCCTCTTG	73.4288882911279	61.17781730733531	0.0	0.0	62.87084236030247	0.0	0.0	0.0	0.0	0.0	0.0	61.108528094071374	0.0	0.0	0.0	0.0	0.0	0.0	0.0	0.0	17.245721233489913
GSM4138110_HNSCC_1_PBMC_GGAAAGCAGTCAATAG	93.59318851830251	52.18991814646562	38.30152063953264	0.0	0.0	0.0	0.0	0.0	0.0	0.0	0.0	34.41044715482982	72.91728953041046	0.0	0.0	38.845908793683535	0.0	0.0	0.0	0.0	0.0
GSM4138110_HNSCC_1_PBMC_GGAACTTGTTTACTCT	51.52874190601313	33.18297744411355	0.0	0.0	0.0	0.0	35.056031358313476	40.19943310800958	0.0	0.0	52.81701360689497	0.0	0.0	0.0	0.0	0.0	0.0	0.0	0.0	0.0	0.0
GSM4138110_HNSCC_1_PBMC_GGCAATTGTCCTCTTG	21.374776134147528	99.16187652104158	46.90452476741367	0.0	0.0	0.0	32.37454787146376	0.0	0.0	0.0	0.0	0.0	0.0	0.0	0.0	8.293715923107062	13.85621595435711	0.0	0.0	0.0	0.0
GSM4138110_HNSCC_1_PBMC_GGGACCTAGGCCCTTG	69.27212995880903	68.04284777284535	11.80344321693515	0.0	39.32716846820229	0.0	0.0	0.0	0.0	21.102597086260406	0.0	16.069936159514953	0.0	0.0	0.0	0.0	0.0	0.0	0.0	0.0	0.0
GSM4138110_HNSCC_1_PBMC_GGGACCTTCGTCCAGG	45.39602921623134	35.18420762171311	35.80096856093575	34.78895066459438	0.0	63.50780664469044	0.0	0.0	0.0	0.0	0.0	0.0	3.57836293876513	0.0	10.977601818854422	0.0	0.0	0.0	0.0	0.0	0.0
GSM4138110_HNSCC_1_PBMC_GGGATGACAATGGTCT	114.07809719238823	22.759009838306685	0.0	71.93907635568479	51.35994040252281	0.0	0.0	9.404842509971555	0.0	0.0	0.0	0.0	0.0	0.0	0.0	0.0	0.0	0.0	0.0	0.0	0.0
GSM4138110_HNSCC_1_PBMC_GGGCACTGTCTAGGTT	82.97990227039038	70.16814364537994	50.59766846083554	85.24593887997014	67.97094722599674	0.0	0.0	0.0	0.0	0.0	0.0	0.0	0.0	0.0	0.0	0.0	0.0	0.0	0.0	0.0	0.0
GSM4138110_HNSCC_1_PBMC_GGTATTGTCCTTCAAT	80.27134339366306	45.8079001002734	21.117256348321014	0.0	0.0	0.0	0.0	0.0	28.66958973112921	0.0	0.0	50.515394904360456	0.0	40.10030570999254	12.659417888058652	0.0	0.0	8.478744622002171	0.0	0.0	0.0
GSM4138110_HNSCC_1_PBMC_GGTGTTACAATCCAAC	66.70671574533966	60.70005294367493	6.760269990022629	0.0	29.531206181302032	0.0	0.0	0.0	0.0	0.0	0.0	0.0	0.0	22.64950802204613	5.369128807696522	0.0	0.0	50.745028927304986	0.0	0.0	0.0
GSM4138110_HNSCC_1_PBMC_GGTGTTACAGCCACCA	78.75807169939901	40.39732912517255	8.482000870905074	56.13643357740904	0.0	57.00088125913299	0.0	18.25309750369456	0.0	0.0	0.0	0.0	0.0	0.0	0.0	0.0	0.0	0.0	0.0	0.0	0.0
GSM4138110_HNSCC_1_PBMC_GTAACGTTCGTATCAG	122.80799968636666	83.17989479919949	0.0	71.53524219221174	78.94479704889861	31.166119056642525	0.0	32.64529925616316	0.0	1.8337064537481815	0.0	0.0	0.0	0.0	49.22530926565902	0.0	0.0	0.0	0.0	0.0	0.0
GSM4138110_HNSCC_1_PBMC_GTATTCTTCTTCCTTC	53.532989313663876	57.705570308045445	0.0	0.0	0.0	0.0	0.0	45.12369365930137	55.38608243763293	0.0	59.930354100506605	0.0	0.0	0.0	0.0	0.0	0.0	0.0	0.0	0.0	0.0
GSM4138110_HNSCC_1_PBMC_GTCAAGTGTGGGTATG	97.68673568349571	49.821495865384094	56.91337313869468	64.21162412834398	0.0	33.35245232395967	0.0	0.0	0.0	0.0	0.0	0.0	0.0	0.0	0.0	0.0	0.0	0.0	0.0	0.0	0.0
GSM4138110_HNSCC_1_PBMC_GTCACGGGTGCAACGA	8.029670174953365	23.696343474777855	0.0	503.2224372045728	0.0	5.888227358742546	49.20279435269839	0.0	0.0	0.0	0.0	0.0	0.0	976.3624099231032	0.0	0.0	0.0	0.0	0.5818869088289496	0.0	0.0
GSM4138110_HNSCC_1_PBMC_GTGCGGTCAAGGTGTG	57.04427849307561	48.75577693416243	0.0	61.694336754406756	0.0	0.0	0.0	0.0	0.0	0.0	0.0	0.0	51.50862554518138	75.94741264455062	0.0	0.0	11.212487349765754	20.039096126293746	0.0	0.0	0.0
GSM4138110_HNSCC_1_PBMC_GTGTGCGAGGAGCGAG	24.72015938520713	26.28816126228669	0.0	0.0	0.0	0.0	2.7340339798573794	30.497440099238844	30.24921840232279	0.0	0.0	0.0	99.27290118400644	0.0	0.0	42.2840609293282	0.0	0.0	0.0	0.0	0.0
GSM4138110_HNSCC_1_PBMC_GTGTGCGCAAGTCATC	59.58487062691659	61.54412260506955	0.0	105.64540551470803	0.0	45.59843535521141	0.0	22.707345353533448	0.0	0.0	0.0	0.0	0.0	0.0	0.0	0.0	0.0	0.0	0.0	0.0	0.0
GSM4138110_HNSCC_1_PBMC_TAAACCGTCATCTGTT	51.24137310097778	44.90129631763312	32.67616738362942	0.0	0.0	0.0	0.0	0.0	0.0	0.0	79.57453135557685	0.0	0.0	0.0	0.0	0.0	0.0	0.0	0.0	45.98046998740103	0.0
GSM4138110_HNSCC_1_PBMC_TAAGCGTCAATGGATA	75.74499078395381	50.702180051787316	75.26940200053137	0.0	21.043133501905224	0.0	0.0	0.0	44.4344508405137	0.0	0.0	0.0	0.0	0.0	7.391484080483275	44.15504455510595	0.0	0.0	0.0	0.0	0.0
GSM4138110_HNSCC_1_PBMC_TACACGATCCTGCCAT	79.5968443016575	60.399873126929	0.0	71.06804345927763	66.7413491038772	0.0	0.0	67.85344323056029	0.0	0.0	0.0	0.0	0.0	0.0	19.865645906911084	0.0	0.0	0.0	0.0	0.0	15.271680932906417
GSM4138110_HNSCC_1_PBMC_TACCTTAAGGCTAGAC	80.21839984751115	72.44294644879058	31.939204035662968	44.98308678617842	44.88908061238129	3.380376243368261	0.0	0.0	0.0	0.0	0.0	0.0	0.0	0.0	0.0	12.55548607978951	0.0	0.0	0.0	0.0	0.0
GSM4138110_HNSCC_1_PBMC_TACGGATCAGGGTATG	29.24039741917031	58.9571845723159	37.48789720356491	66.64039394413417	0.0	60.58096544385134	0.0	0.0	0.0	0.0	0.0	0.0	0.0	0.0	0.0	0.0	0.0	0.0	0.0	0.0	0.0
GSM4138110_HNSCC_1_PBMC_TAGAGCTCAGATGGCA	83.99919922096258	40.22159061341148	0.0	0.0	0.0	0.0	0.0	31.446852760266328	0.0	48.91144715607097	0.0	0.0	33.5562246874471	0.0	36.46644206435045	0.0	0.0	0.0	0.0	0.0	0.0
GSM4138110_HNSCC_1_PBMC_TAGCCGGAGAAGGCCT	82.74557560012852	36.89152022036513	48.07978258325162	0.0	0.0	0.0	0.0	3.9099630116789106	52.1003918029089	61.65689862205733	0.0	0.0	0.0	0.0	0.0	0.0	0.0	0.0	0.0	0.0	0.0
GSM4138110_HNSCC_1_PBMC_TATCTCAAGGTGCACA	82.4394088937884	65.59662884235485	9.52387488749344	0.0	0.0	0.0	0.0	22.346171315200635	5.529857776669834	28.388374545174102	0.0	0.0	0.0	0.0	0.0	0.0	13.876008776441774	0.0	0.0	0.0	0.0
GSM4138110_HNSCC_1_PBMC_TCACAAGGTTCATGGT	56.107761156402766	29.05635106299054	5.409885224617843	41.056457906096874	58.712226134006926	0.0	0.0	12.366914757866422	0.0	0.0	0.0	0.0	0.0	0.0	1.4529713334117702	0.0	0.0	0.0	0.0	0.0	0.0
GSM4138110_HNSCC_1_PBMC_TCACAAGTCTTGACGA	173.94592294565768	494.29659637596154	0.0	0.0	0.0	183.50443116181566	0.0	0.0	0.0	0.0	0.0	141.35841401977675	0.0	245.87103114135112	0.0	0.0	0.0	0.0	0.0	0.0	0.0
GSM4138110_HNSCC_1_PBMC_TCGAGGCTCGGAAATA	91.9494908642753	51.17537522894095	38.35553516530236	56.82329774255552	0.0	0.0	71.5878781009481	0.0	0.0	0.0	0.0	20.413825363670384	0.0	0.0	0.0	0.0	0.0	0.0	0.0	0.0	0.0
GSM4138110_HNSCC_1_PBMC_TCTATTGGTTTAGGAA	69.16745823195406	61.36731471734279	34.52111173908464	0.0	0.0	0.0	0.0	0.0	0.0	0.0	0.0	55.85924488878424	0.0	0.0	0.0	0.0	43.05657795014446	0.0	0.0	0.0	0.0
GSM4138110_HNSCC_1_PBMC_TCTATTGTCATCTGCC	62.714399008792064	40.06397771178375	6.571655080706422	0.0	15.835924378571528	0.0	0.0	0.0	0.0	0.0	0.0	0.0	0.0	32.02713010657172	0.0	0.0	0.0	11.295231837726135	0.0	0.0	0.0
GSM4138110_HNSCC_1_PBMC_TCTTCGGCACCCTATC	101.42425259595865	64.5864344537331	24.795399700827222	29.264732749376268	43.932710940227665	0.0	0.0	0.0	0.0	0.0	53.790311193605646	0.0	0.0	0.0	0.0	0.0	0.0	0.0	0.0	0.0	0.0
GSM4138110_HNSCC_1_PBMC_TGGGCGTTCACAGGCC	0.0	0.0	0.0	0.0	0.0	0.0	0.0	0.0	0.0	0.0	0.0	0.0	0.0	0.0	1708.8000638589422	0.0	0.0	0.0	0.0	0.0	1007.6113080581972
GSM4138110_HNSCC_1_PBMC_TGTGTTTGTTAAAGAC	68.54618409460947	93.19134252284333	3.156450072715314	0.0	71.24682664245124	0.0	0.0	0.0	0.0	0.0	0.0	0.0	23.53936896718921	45.65397888938987	88.51100553459013	0.0	0.0	103.85388267186441	0.0	0.0	0.0
GSM4138110_HNSCC_1_PBMC_TGTTCCGCACGGCGTT	172.9045037083133	192.1133203115926	99.91408741843587	0.0	0.0	0.0	0.0	0.0	169.98024534476653	0.0	0.0	26.60615046503367	0.0	56.1586045959073	0.0	0.0	0.0	109.69567794309606	0.0	0.0	0.0
GSM4138110_HNSCC_1_PBMC_TTAGGCAAGGCTAGCA	111.56581787137301	68.56641298140781	0.0	0.0	0.0	0.0	0.0	41.098311916126676	19.484817695305136	8.977898523184145	0.0	43.90941367160032	0.0	0.0	0.0	0.0	16.767127686206265	0.0	0.0	0.0	0.0
GSM4138110_HNSCC_1_PBMC_TTCCCAGCACATGGGA	9.016544988746462	112.93329036868609	0.0	54.71188134664503	36.94243091793703	0.0	0.0	0.0	0.0	0.0	0.0	0.0	0.0	0.0	73.74574685627319	0.0	0.0	0.0	0.0	0.0	0.0
GSM4138110_HNSCC_1_PBMC_TTCGGTCAGACCCACC	56.6225870423167	31.43272024501861	0.0	36.08391671620227	55.38214074781823	0.0	0.0	0.0	0.0	0.0	0.0	0.0	0.0	21.95311049264806	0.0	0.0	0.0	0.0	0.0	0.0	0.0
GSM4138110_HNSCC_1_PBMC_TTCTCCTTCCTCAATT	61.91766076294735	90.94207530254384	38.861916484576255	74.14424709450805	0.0	29.696553570074148	0.0	0.0	0.0	0.0	0.0	0.0	0.0	0.0	0.0	0.0	0.0	0.0	0.0	0.0	0.0
GSM4138110_HNSCC_1_PBMC_TTGAACGGTCGAAAGC	77.85534308275642	42.85765582634658	0.0	0.0	0.0	0.0	0.0	0.0	0.0	23.023763701276366	0.0	12.271693347051885	6.07365347456943	8.48049752212035	0.0	0.0	0.0	0.0	9.190583050730341	36.13546370104993	18.21167307126395
GSM4138110_HNSCC_1_PBMC_TTGCCGTAGTCAAGCG	63.700714021304954	56.10913895429099	34.26775284187482	0.0	0.0	0.0	80.85089166914007	0.0	0.0	0.0	0.0	55.6437979012614	0.0	0.0	0.0	0.0	0.0	0.0	0.0	0.0	0.0
GSM4138110_HNSCC_1_PBMC_TTGCGTCTCAAGGCTT	65.93964152920194	82.59379652814675	17.58912765161449	73.85001928126655	0.0	46.70736350438016	0.0	0.0	0.0	0.0	0.0	0.0	0.0	0.0	16.694990573487992	0.0	0.0	0.0	0.0	0.0	0.0
GSM4138110_HNSCC_1_PBMC_TTTATGCGTGCATCTA	60.1934107508363	44.92461516638991	0.0	0.0	0.0	0.0	0.0	8.420601371986992	0.0	0.0	0.0	0.0	27.870029206501254	0.0	0.0	59.704278544879024	0.0	0.0	0.0	0.0	0.0
GSM4138110_HNSCC_1_PBMC_TTTGCGCTCTTGTACT	61.2534735784996	67.93210392368894	0.0	26.38206796125815	0.0	72.8347215810945	0.0	17.578494893452003	0.0	0.0	0.0	0.0	0.0	4.0746178704118075	0.0	0.0	0.0	0.0	0.0	0.0	0.0
GSM4138110_HNSCC_1_PBMC_TTTGGTTCACTTCTGC	118.49449482020779	90.39658411321707	44.436801533695565	0.0	0.0	0.0	42.694170131003204	0.0	16.443815240678884	0.0	121.97544171430745	0.0	0.0	0.0	0.0	0.0	0.0	0.0	0.0	0.0	0.0
GSM4138110_HNSCC_1_PBMC_CTACACCAGTTGTAGA	123.86587634756948	99.48341353483896	9.069980426770002	74.41891485698376	24.770776958699557	0.0	0.0	0.0	0.0	0.0	0.0	0.0	0.0	70.70365349672934	0.0	0.0	102.26321089341045	0.4013326957540573	0.0	0.0	0.0
GSM4138110_HNSCC_1_PBMC_AACTGGTGTCAGAATA	37.363769973601975	26.71280569998202	0.0	69.30322075481608	44.7463650861014	0.0	0.0	29.729772910296425	0.0	0.0	0.0	0.0	0.0	0.0	0.0	0.0	0.0	0.0	0.0	0.0	0.0
GSM4138110_HNSCC_1_PBMC_AAACGGGTCCTCAACC	85.6821209227406	60.13618489370258	0.0	0.0	0.0	34.701287808435	0.0	18.581376484344403	0.0	23.098326383565464	0.0	0.0	0.0	0.0	0.0	24.045090050062175	0.0	0.0	0.0	0.0	9.807131945338064
GSM4138110_HNSCC_1_PBMC_AAGGCAGAGGCGTACA	54.71525786134673	90.45028910298716	18.972937540459853	36.76480069843406	0.0	0.0	0.0	0.0	0.0	0.0	0.0	0.0	47.38680198823587	0.0	0.0	0.0	0.0	0.0	31.42621791290497	0.0	0.0
GSM4138110_HNSCC_1_PBMC_ACATGGTCAATGGAGC	127.06767518529118	47.93221510162613	34.244126713272244	79.57864398029021	33.95883444796479	0.0	0.0	0.0	0.0	0.0	0.0	0.0	0.0	0.0	0.0	0.0	0.0	0.0	0.0	0.0	0.0
GSM4138110_HNSCC_1_PBMC_ACGATGTGTTATCACG	52.817973498774364	77.30175095409054	0.0	41.46166596506356	0.0	39.84161715885775	0.0	25.996492982959122	0.0	0.0	0.0	0.0	0.0	0.0	0.0	0.0	0.0	0.0	0.0	0.0	0.0
GSM4138110_HNSCC_1_PBMC_ACGGCCATCTCCCTGA	117.01461709439397	99.51390376036368	0.0	64.01191189417213	26.104015900466443	52.93814683622762	0.0	0.0	0.0	0.0	0.0	0.0	0.0	58.332941155769	0.0	0.0	0.0	0.0	0.0	0.0	0.0
GSM4138110_HNSCC_1_PBMC_AGCTCTCTCATTGCCC	86.7978145140468	76.3561657044643	0.0	0.0	10.227097956572077	0.0	0.0	0.0	0.0	0.0	0.0	0.0	6.273713009679207	0.0	127.06941969759555	0.0	60.73985937283421	89.88070060563446	0.0	0.5081895191691199	0.0
GSM4138110_HNSCC_1_PBMC_AGGTCATTCTCTAGGA	82.37309763383684	51.393689217906086	19.935972466319768	34.190803689883126	49.391563960828236	0.0	0.0	39.67254533319705	0.0	0.0	27.449151335154923	0.0	0.0	0.0	0.0	0.0	0.0	0.0	0.0	0.0	0.0
GSM4138110_HNSCC_1_PBMC_ATAGACCTCTGGTGTA	67.36109177612853	46.9102667345164	0.0	0.0	0.0	0.0	0.0	41.31365384558953	0.0	0.0	0.0	0.0	108.64012464655039	0.0	0.0	0.0	0.0	41.02063145314646	0.0	0.0	0.0
GSM4138110_HNSCC_1_PBMC_ATAGACCTCTTCCTTC	73.13406877071994	47.31159821382857	0.0	21.92954143797135	0.0	23.802191754028023	0.0	41.72274899917692	0.0	0.0	0.0	0.0	0.0	0.0	0.0	0.0	0.0	0.0	0.0	0.0	0.0
GSM4138110_HNSCC_1_PBMC_ATCTACTCACTGTGTA	72.53773871746468	29.571421590618822	65.60341961305082	0.0	0.0	0.0	67.14314996566873	0.0	0.0	0.0	57.78400972845196	0.0	0.0	0.0	0.0	0.0	0.0	0.0	0.0	0.0	0.0
GSM4138110_HNSCC_1_PBMC_ATCTGCCAGGAATCGC	76.86238999102932	38.35801719380949	58.245603488234245	62.026046923667366	3.9598030881289654	0.0	28.106288017674807	0.0	7.980653034846652	0.0	0.0	0.0	7.452204949759414	0.0	0.0	0.0	0.0	0.0	0.0	0.0	0.0
GSM4138110_HNSCC_1_PBMC_ATGGGAGCATGGGAAC	87.85228093815812	76.03436700952244	0.0	192.6454082577613	94.38677405364322	0.0	0.0	0.0	0.0	0.0	0.0	0.0	0.0	258.2895902183675	0.0	0.0	16.75719264466854	0.0	0.0	0.0	0.0
GSM4138110_HNSCC_1_PBMC_ATGTGTGGTAGCTGCC	40.00273058965344	36.33251650983564	41.69956788362022	12.704409806935805	0.0	116.26126960539362	0.0	0.0	0.0	0.0	0.0	0.0	0.0	0.0	0.0	0.0	0.0	0.0	0.0	0.0	0.0
GSM4138110_HNSCC_1_PBMC_CACAAACCATCCCACT	96.39308603831076	77.65866676119033	12.297272522139322	0.0	0.0	0.0	0.0	21.734056057536897	44.50113608491224	0.0	0.0	49.04608660281947	0.0	12.999408897870255	7.060167441537557	0.0	0.0	0.0	0.0	0.0	0.0
GSM4138110_HNSCC_1_PBMC_CACCACTAGTTACCCA	100.97163591542463	87.54153143994036	50.60144629716567	3.2497905806450005	0.0	0.0	0.0	0.0	55.94594169949538	0.0	57.12218334043641	0.0	0.0	0.0	0.0	0.0	0.0	0.0	0.0	0.0	0.0
GSM4138110_HNSCC_1_PBMC_CATGCCTTCAGCTCTC	71.07138760254303	56.05228209549036	61.61316978932446	81.89109233662938	0.0	64.28967459998817	0.0	0.0	0.0	0.0	0.0	0.0	0.0	6.69271919915279	0.0	0.0	0.0	0.0	0.0	0.0	0.0
GSM4138110_HNSCC_1_PBMC_CATGGCGCATGTTCCC	95.01760023903275	56.71597812105789	77.51005975597394	0.0	0.0	63.50524363977321	33.1842700946129	0.0	0.0	0.0	0.0	0.0	0.0	0.0	0.0	26.466575257155707	0.0	0.0	0.0	0.0	0.0
GSM4138110_HNSCC_1_PBMC_CCACCTAGTAGTACCT	77.7181069276077	55.036263177408976	0.0	96.75814684042994	0.0	0.0	0.0	47.74608377410297	0.0	0.0	0.0	0.0	32.36628075028052	0.0	0.0	0.0	0.0	0.0	0.0	0.0	0.0
GSM4138110_HNSCC_1_PBMC_CCGTTCAGTATATCCG	86.2365231694413	56.39213010606366	24.47864964164001	41.045192624041704	0.0	0.0	0.0	57.3480547005235	0.0	0.0	0.0	0.0	0.0	0.0	0.0	0.0	0.0	0.0	0.0	69.01071389393753	0.0
GSM4138110_HNSCC_1_PBMC_CCTACACGTCCGAAGA	43.212381159500524	46.815608007545066	14.954427036413193	62.71997751044357	0.0	0.0	31.51564932900399	27.532433478128116	1.1550647670352285	0.0	0.0	0.0	0.0	0.0	0.0	0.0	0.0	0.0	0.0	0.0	0.0
GSM4138110_HNSCC_1_PBMC_CCTCTGAGTCGCGAAA	131.43895582747373	82.39777377347342	32.024112141015486	77.22764762135782	0.0	72.07596368503606	0.0	0.0	0.0	0.0	0.0	0.0	0.0	34.828578901972286	0.0	0.0	0.0	0.0	0.0	0.0	0.0
GSM4138110_HNSCC_1_PBMC_CGCTGGAAGGCATGTG	65.63695072412942	74.03479869573006	54.41145205092172	0.0	0.0	0.8365925594787187	47.75400546350485	0.0	0.0	0.0	46.9967923006867	0.0	0.0	0.0	0.0	0.0	0.0	0.0	0.0	19.603853357145034	0.0
GSM4138110_HNSCC_1_PBMC_CGGAGTCTCACAATGC	77.16145288447373	3.0479456099523174	0.0	17.133694394641555	0.0	0.0	59.0023362109796	0.0	0.0	0.0	0.0	0.0	0.0	0.0	0.0	49.51265678517234	0.0	0.0	0.0	0.0	35.28834541779112
GSM4138110_HNSCC_1_PBMC_CGGCTAGAGCTACCGC	116.93869732403479	61.31354415751098	45.4936400645361	40.19110721607612	0.0	70.59667344093722	0.0	0.0	0.0	0.0	0.0	0.0	0.0	0.0	0.0	0.0	0.0	0.0	0.0	0.0	0.0
GSM4138110_HNSCC_1_PBMC_CGTTGGGCAAGCCGCT	214.31708107518955	37.2210638914216	45.70961221996165	0.0	0.0	0.0	0.0	0.0	0.0	0.0	0.0	24.252815467410944	1.6665624774292584	0.0	0.0	0.0	15.239122119422296	0.0	0.0	0.0	0.0
GSM4138110_HNSCC_1_PBMC_CTCAGAAGTCCGACGT	81.34284276630335	36.91699873692537	35.84968795421589	22.58469128092015	0.0	0.0	0.0	0.0	54.96555879085737	21.22834936699356	0.0	13.537597419544252	0.0	0.0	0.0	0.0	0.0	0.01232357258407677	0.0	0.0	0.0
GSM4138110_HNSCC_1_PBMC_CTCGTACCACGCGAAA	73.39763964899721	72.7114891862995	0.0	19.433064159111716	0.0	0.0	0.0	40.429296421114	34.283945904699415	0.0	25.565089908409785	0.0	0.0	0.0	0.0	0.0	0.0	0.0	0.0	0.0	0.0
GSM4138110_HNSCC_1_PBMC_GAAATGAAGAGCCTAG	182.36215345055095	133.45662789775466	61.748387430960996	91.54939836073363	48.22771329929724	0.0	0.0	0.43134394972995066	0.0	0.0	0.0	0.0	0.0	0.0	0.0	0.0	0.0	0.0	0.0	0.0	0.0
GSM4138110_HNSCC_1_PBMC_GACGTTATCTAACCGA	67.71018122065075	48.89957398274308	0.0	0.0	0.0	0.0	0.0	74.16580260787204	0.0	0.0	48.66881570809346	0.0	41.93788445323725	0.0	0.0	0.0	0.0	0.0	0.0	0.0	0.0
GSM4138110_HNSCC_1_PBMC_GACTGCGTCGGCATCG	46.87619698351897	93.53033245733019	0.0	43.20339292658954	0.0	62.22661630787207	0.0	0.0	0.0	0.0	0.0	0.0	0.0	0.0	0.0	0.0	0.0	0.0	0.0	0.0	47.37067699700294
GSM4138110_HNSCC_1_PBMC_GATGAGGAGGCTAGCA	66.61240338525698	45.00200232609333	33.875484649485855	0.0	66.46820530222463	0.0	0.0	0.0	0.0	41.555647108856384	0.0	0.0	0.0	0.0	0.0	0.0	0.0	0.0	0.0	0.0	0.0
GSM4138110_HNSCC_1_PBMC_GATTCAGCACCACGTG	74.66680658089508	70.99200436103547	41.65209148725088	12.38193834729416	0.0	0.0	0.0	0.0	46.57587922484528	0.0	0.0	0.0	9.140048817101246	7.368249967841101	0.0	0.0	0.0	0.0	0.0	0.0	0.0
GSM4138110_HNSCC_1_PBMC_GCAATCAGTAGCTCCG	69.47314825947802	23.04579571988931	0.0	0.0	0.0	0.0	0.0	32.65243161373396	0.0	0.0	0.0	0.0	16.74270649069426	0.0	0.0	0.0	26.739576704259925	0.0	35.5489972250451	0.0	0.0
GSM4138110_HNSCC_1_PBMC_GCGACCAGTAGCCTAT	96.15328899086468	152.86786215832004	31.869675575983127	0.0	0.0	0.0	0.0	0.0	0.0	0.0	0.0	0.0	35.04987746385134	10.42290506722178	0.0	74.07030459289221	0.0	0.0	0.0	0.0	0.0
GSM4138110_HNSCC_1_PBMC_GCTTCCATCTCATTCA	51.90640509472963	41.04429046961955	33.499096703876596	0.0	0.0	0.0	16.46063058129115	0.0	0.0	84.8998453298342	0.0	0.0	0.0	0.0	0.0	0.0	35.51532807545389	0.0	0.0	0.0	0.0
GSM4138110_HNSCC_1_PBMC_GCTTGAAAGACCTTTG	39.407046581383625	58.53525810918422	11.265801671066047	0.0	45.47863146376813	0.0	0.0	0.0	0.0	0.0	0.0	7.4313837133164995	0.0	6.594264212114989	0.0	2.9895517192947065	0.0	0.0	28.195623457742084	0.0	0.0
GSM4138110_HNSCC_1_PBMC_GGACAAGGTAATTGGA	92.70573671606283	121.63143645385013	12.097499937480539	0.0	0.0	0.0	48.66953798950179	34.06619312753714	0.0	0.0	26.77110028946245	0.0	0.0	0.0	0.0	7.84668104088578	0.0	0.0	0.0	0.0	0.0
GSM4138110_HNSCC_1_PBMC_GGCGTGTAGCACGCCT	54.91507432253649	33.77766253168468	3.3928961521043	43.95531555851333	33.13093210557455	0.0	0.0	23.662400694084415	0.0	0.0	0.0	0.0	0.0	0.0	0.0	0.0	0.0	0.0	0.0	0.0	0.0
GSM4138110_HNSCC_1_PBMC_GGCGTGTAGCGTTTAC	47.33003570692633	58.40687764660744	16.16232575407205	0.0	0.0	8.570874835763405	0.0	0.0	0.0	0.0	0.0	35.252284583828704	0.0	7.879529197577873	0.0	0.0	17.496932967627014	0.0	0.0	0.0	0.0
GSM4138110_HNSCC_1_PBMC_GGCTGGTCAATGGACG	73.95772271857315	96.6332713784887	58.979538894438946	5.396809691086652	0.0	0.0	0.0	0.0	108.67456619536729	0.0	0.0	13.164680558306271	0.0	0.0	0.0	16.331474077542993	0.0	0.0	0.0	0.0	0.0
GSM4138110_HNSCC_1_PBMC_GGGAATGTCAGCTGGC	139.22697257244042	44.17474372289678	55.955116705767125	80.06934817352506	0.0	0.0	0.0	0.0	0.0	0.0	0.0	0.0	45.36455158399581	0.0	0.0	0.0	11.903428189706284	0.0	0.0	0.0	0.0
GSM4138110_HNSCC_1_PBMC_GGGTTGCAGATCGGGT	48.650183024429644	29.62911509363145	47.1420931882599	0.0	5.087307447263711	0.0	34.77618322257698	0.0	0.0	0.0	0.0	8.265507389968901	0.0	0.0	0.0	0.0	0.0	0.0	56.31636527291632	7.065114553920221	0.0
GSM4138110_HNSCC_1_PBMC_GGTATTGCACATTAGC	72.39993291753436	30.442221472162924	31.36729037949057	10.095156713631113	0.0	51.25783791148842	0.0	0.0	0.0	0.0	0.0	0.0	0.0	0.0	0.0	0.0	0.0	0.0	0.0	0.0	0.0
GSM4138110_HNSCC_1_PBMC_GGTGTTAGTGTGACCC	38.45682636602339	41.40034391036267	27.459947025488677	34.75054421183284	66.9620413418854	0.0	0.0	17.72416532344307	0.0	0.0	0.0	0.0	0.0	0.0	0.0	0.0	0.0	0.0	0.0	0.0	0.0
GSM4138110_HNSCC_1_PBMC_GTCACAAGTATCACCA	165.90157239040437	31.404703001115497	31.46000948045904	0.0	44.22506315430177	0.0	0.0	0.0	0.0	0.0	56.950815954167005	0.0	0.0	21.343153245031914	0.0	0.0	0.26322612048293326	0.0	0.0	0.0	0.0
GSM4138110_HNSCC_1_PBMC_GTCACAATCGCAAGCC	66.84849209731843	29.95138068507984	26.923813613233513	43.12820503801124	0.0	64.6663488560609	0.0	0.0	0.0	0.0	0.0	0.0	0.0	0.0	0.0	0.0	0.0	0.0	0.0	0.0	0.0
GSM4138110_HNSCC_1_PBMC_GTCACGGCAAGCTGGA	73.5099291462488	30.52945761824426	5.244837214452742	19.52987037978121	0.0	0.0	0.0	30.952684635063903	99.25236609548789	6.104686205574033	0.0	0.0	0.0	0.0	0.0	0.0	37.0974175198584	0.0	0.0	0.0	0.0
GSM4138110_HNSCC_1_PBMC_GTCGTAAAGGCATGTG	134.52819198338403	131.79417571786996	76.06232706805348	164.50631425049906	16.66142208400657	1.163162620411441	0.0	0.0	33.73745544497129	0.0	0.0	0.0	0.0	0.0	0.0	0.0	5.523975133639999	0.0	0.0	6.515790060203091	0.0
GSM4138110_HNSCC_1_PBMC_GTCGTAATCTTGCAAG	53.691929193501586	34.05148816646771	27.758233053016102	0.0	0.0	0.9417812972625568	42.681465881083724	0.0	0.0	0.0	0.0	30.878635317538887	0.0	0.0	0.0	11.738366047190242	0.0	0.0	0.0	0.0	0.0
GSM4138110_HNSCC_1_PBMC_GTCTCGTCATGCGCAC	64.62260010297467	25.956581644651866	0.0	0.0	66.96419782915162	0.0	0.9547169516311741	34.970770668248356	0.0	0.0	0.0	0.0	0.0	0.0	0.0	0.0	0.0	1.146837815623156	54.79485612882027	0.0	0.0
GSM4138110_HNSCC_1_PBMC_GTGAAGGCACATTTCT	74.24492978194014	47.920789365768215	52.35985980600126	0.0	52.35335581678394	0.0	0.0	0.0	0.0	55.452427304112035	0.0	0.0	0.0	0.0	0.0	0.0	0.0	16.04793745901787	22.896674188967467	0.0	0.0
GSM4138110_HNSCC_1_PBMC_GTGCAGCAGACCGGAT	120.02457080623238	88.67368256196967	57.55786527406549	67.33634425652187	0.0	0.0	0.0	0.0	80.72896168429482	0.0	0.0	0.0	0.0	0.0	0.0	0.0	0.0	0.0	0.0	0.0	0.0
GSM4138110_HNSCC_1_PBMC_GTTAAGCTCATACGGT	88.74027697520431	60.43270077360218	24.51493461105503	29.485732416957635	50.744229142534174	0.0	0.0	0.0	0.0	0.0	0.0	0.0	0.0	0.0	0.0	0.0	0.0	0.0	0.0	0.0	0.0
GSM4138110_HNSCC_1_PBMC_TAAACCGAGGGTCGAT	63.42782653117216	41.122721648666804	45.00361700017363	0.0	52.08555597803449	0.0	0.0	0.0	0.0	0.0	0.0	0.0	0.0	0.0	0.0	56.33552176647474	0.0	0.0	0.0	0.0	0.0
GSM4138110_HNSCC_1_PBMC_TACCTTAAGGCTCTTA	96.3165123674694	90.50581107275431	52.82628439493388	68.396578941729	0.0	0.0	0.0	0.0	40.823538067779666	0.0	0.0	0.0	0.0	0.0	0.0	0.0	0.0	0.0	0.0	0.0	0.0
GSM4138110_HNSCC_1_PBMC_TAGAGCTTCGTTGCCT	126.48161247675193	102.70138733141663	103.62861429724144	104.96282456825094	0.0	63.2571970530599	0.0	0.0	0.0	0.0	0.0	0.0	0.0	0.0	0.0	0.0	0.0	0.0	0.0	0.0	0.0
GSM4138110_HNSCC_1_PBMC_TAGGCATTCCCAGGTG	92.4033865615016	40.20809607243182	0.0	23.79938282633541	0.0	85.11073246551314	0.0	23.197337392857804	0.0	0.0	0.0	0.0	0.0	0.0	0.0	0.0	0.0	0.0	0.0	0.0	0.0
GSM4138110_HNSCC_1_PBMC_TCACAAGCACATCCGG	48.83397124672807	40.18364632665522	69.09485210296336	0.0	0.0	73.53009784448882	0.0	0.0	0.0	29.825339151328272	0.0	0.0	0.0	0.0	0.0	0.0	0.0	0.0	0.0	0.0	0.0
GSM4138110_HNSCC_1_PBMC_TCAGCTCCATGACGGA	59.30359845779389	90.30038770960451	21.530156433947592	0.0	0.0	26.939435488362967	0.0	0.0	0.0	23.99377282505239	0.0	0.0	0.0	0.0	0.0	0.0	0.0	0.0	0.0	0.0	0.0
GSM4138110_HNSCC_1_PBMC_TCGAGGCTCCAGGGCT	70.65916959797079	58.41380170652815	0.0	0.0	0.0	0.0	0.0	0.0	0.0	38.313045548166414	0.0	0.0	29.714067657995265	55.09121794761653	0.0	0.0	0.0	0.0	0.0	0.0	0.0
GSM4138110_HNSCC_1_PBMC_TCTATTGCAGTCAGCC	127.16451281198823	75.03817720945534	52.760358576055054	38.27648046798356	0.0	50.61352027384147	0.0	0.0	0.0	0.0	0.0	0.0	0.0	0.0	0.0	0.0	0.0	0.0	0.0	0.0	0.0
GSM4138110_HNSCC_1_PBMC_TCTCTAAGTGGTAACG	114.62901983559406	81.37132577506546	53.46901521166119	77.73591545644624	120.29971032981464	0.0	0.0	0.0	0.0	0.0	0.0	0.0	0.0	0.0	0.0	0.0	0.0	0.0	0.0	0.0	0.0
GSM4138110_HNSCC_1_PBMC_TCTGAGATCTAGCACA	56.11521386615033	72.53607244018453	45.733695357924134	28.893495805869115	11.664970766762734	33.421165453018865	0.0	0.0	0.0	0.0	0.0	0.0	0.0	4.211504076807655	0.0	0.0	0.0	0.0	0.0	0.0	0.0
GSM4138110_HNSCC_1_PBMC_TCTTTCCCACTGAAGG	100.60729969613867	73.55035818323165	79.44353161448419	0.0	103.45310216579468	0.0	0.0	0.0	0.0	8.285357086812706	0.0	73.9278077274391	0.0	3.44522226010963	0.0	0.0	0.0	0.0	0.0	0.0	0.0
GSM4138110_HNSCC_1_PBMC_TGACAACGTCATCCCT	67.47660647103856	59.908268536651136	50.54828432942382	97.32159211930707	0.0	87.69514690485515	0.0	0.0	0.0	0.0	0.0	0.0	0.0	0.0	0.0	0.0	0.0	0.0	0.0	0.0	0.0
GSM4138110_HNSCC_1_PBMC_TGAGCCGAGATGAGAG	67.80320034293422	59.13614285886565	49.919190648099885	0.0	0.0	0.0	0.0	0.0	0.0	0.0	0.0	0.0	0.0	0.0	0.0	0.0	0.0	39.05384591998458	0.0	58.21107135089124	0.0
GSM4138110_HNSCC_1_PBMC_TGCGGGTTCTGATTCT	63.72633102898415	52.29858380980782	18.907280214622705	0.0	0.0	24.68107268401852	0.0	0.0	0.0	0.0	54.991899683474244	0.0	0.0	0.0	0.0	0.0	0.0	0.0	0.0	0.0	0.0
GSM4138110_HNSCC_1_PBMC_TGGCTGGGTTCCAACA	54.784122938697045	59.59520730370614	0.0	0.0	2.1866172495782723	0.0	0.0	59.92342658233507	10.826810456799477	0.0	0.0	0.0	36.72478813677933	0.0	0.0	68.0822445208237	0.0	0.0	0.0	15.99517541255646	0.0
GSM4138110_HNSCC_1_PBMC_TGTATTCGTGGCTCCA	113.31031789795144	65.08443701357555	82.61661725053717	0.0	0.0	0.0	0.0	0.0	67.28498985083512	0.0	0.0	51.05776648964123	24.2508760057737	0.0	0.0	0.0	54.47754305215651	0.0	0.0	0.0	0.0
GSM4138110_HNSCC_1_PBMC_TGTGGTAAGTATGACA	102.95504904509757	49.69821657878985	49.7893296859686	0.0	54.75642034736277	0.0	0.0	0.0	0.0	0.0	0.0	0.0	0.0	0.0	0.0	0.0	0.0	43.03660288363506	0.0	0.0	0.0
GSM4138110_HNSCC_1_PBMC_TTCCCAGGTCACTGGC	65.090421981787	42.41552045605382	47.79319292986897	0.0	0.0	0.0	0.0	0.0	0.0	19.234436393141728	0.0	0.0	0.0	0.0	0.0	0.0	49.699915920174526	0.0	0.0	0.0	0.0
GSM4138110_HNSCC_1_PBMC_TTCGGTCCACCTCGGA	96.30780966103013	52.80582165647234	21.01357487317129	41.961073829767614	32.139540580016636	0.0	0.0	0.0	0.0	0.0	0.0	10.249143147487286	0.0	0.0	0.0	0.0	0.0	0.0	0.0	0.0	0.0
GSM4138110_HNSCC_1_PBMC_TTCTACATCCTTCAAT	62.2978619470415	41.933054450219686	30.0138423732953	50.04947381088042	58.06404908950714	0.0	0.0	0.0	0.0	0.0	0.0	0.0	0.0	0.0	0.0	0.0	0.0	0.0	0.0	0.0	0.0
GSM4138110_HNSCC_1_PBMC_AAAGTAGTCGGCATCG	263.5416876877909	187.2238795877827	29.482971263087585	0.0	0.0	201.20192936985796	0.0	53.38036115585942	0.0	192.1610672330969	0.0	0.0	0.0	0.0	0.0	0.0	0.0	0.0	0.0	0.0	0.0
GSM4138110_HNSCC_1_PBMC_ACACTGATCGTACCGG	141.73757425531608	154.69639938860385	43.880894841255575	81.45743946860469	0.0	102.63974931467746	0.0	0.0	0.0	0.0	0.0	0.0	0.0	0.0	0.0	0.0	0.0	0.0	0.0	0.0	0.0
GSM4138110_HNSCC_1_PBMC_ACAGCTATCAGCACAT	259.8571319092048	152.1659143511632	59.07058727781682	136.84513517770245	0.0	194.40108327945077	0.0	0.0	0.0	0.0	0.0	0.0	0.0	0.0	0.0	0.0	0.0	0.0	0.0	0.0	0.0
GSM4138110_HNSCC_1_PBMC_ACTGAACGTTATTCTC	236.91988737327523	144.9130929541584	79.29416603777564	110.94104125399302	0.0	181.2951450775611	0.0	0.0	0.0	0.0	0.0	0.0	0.0	0.0	0.0	0.0	0.0	0.0	0.0	0.0	0.0
GSM4138110_HNSCC_1_PBMC_ACTGAGTTCAGGTAAA	230.87731709499383	123.1092904873242	65.58420337819462	0.0	0.0	0.0	146.1044869078828	0.0	0.0	0.0	0.0	75.83812839410075	0.0	0.0	0.0	18.76376770648872	0.0	0.0	0.0	0.0	0.0
GSM4138110_HNSCC_1_PBMC_ACTGCTCCAACCGCCA	265.14229949056585	128.75194039009742	43.63001879131342	0.0	109.35813837325799	0.0	0.0	10.694694726313715	0.0	0.0	0.0	90.28106074507977	0.0	0.0	0.0	0.0	0.0	0.0	0.0	0.0	0.0
GSM4138110_HNSCC_1_PBMC_ACTTACTAGTGGAGAA	242.442901336449	206.76284127395468	90.79346866434281	0.0	0.0	210.18997792579535	0.0	0.0	0.0	181.62998026584958	0.0	0.0	0.0	0.0	0.0	0.0	0.0	0.0	0.0	0.0	0.0
GSM4138110_HNSCC_1_PBMC_ACTTGTTCAGTTCATG	219.01455978306262	311.5848892417371	77.70822821688867	0.0	0.0	0.0	267.17034609509045	0.0	0.0	0.0	0.0	214.0620459657765	0.0	9.354502589274146	0.0	0.0	0.0	0.0	0.0	0.0	0.0
GSM4138110_HNSCC_1_PBMC_AGAGTGGCAGGGATTG	149.3724719583219	141.70115158489975	0.0	131.11708069591865	0.0	102.72188423339908	0.0	95.98262277676214	0.0	0.0	0.0	0.0	0.0	0.0	0.0	0.0	0.0	0.0	0.0	0.0	0.0
GSM4138110_HNSCC_1_PBMC_AGATCTGGTGATAAGT	192.64786323797458	109.94532158153069	0.0	0.0	0.0	27.588380818475844	0.0	0.0	0.0	0.0	111.60073956557098	0.0	33.84574624749653	0.0	113.9893138517497	0.0	0.0	0.0	0.0	0.0	0.0
GSM4138110_HNSCC_1_PBMC_AGATTGCGTATAGGGC	234.94753116040602	222.50753160295557	61.1402449765164	0.0	157.98749650438734	0.0	0.0	0.0	0.0	0.0	0.0	176.78398303907642	0.0	0.0	0.0	0.0	0.0	0.0	0.0	0.0	0.0
GSM4138110_HNSCC_1_PBMC_AGCGGTCCATGCTGGC	271.1160818414105	116.18810889100602	63.55393729188303	0.0	67.35860588544918	0.0	0.0	0.0	0.0	0.0	0.0	0.0	0.0	0.0	9.864224157484042	242.88163560205922	0.0	0.0	0.0	0.0	0.0
GSM4138110_HNSCC_1_PBMC_AGGCCACTCAGCGATT	205.86921766073277	107.28911537724302	85.3139451220108	127.73711090982763	118.96515777412209	0.0	0.0	0.0	0.0	0.0	0.0	0.0	0.0	0.0	0.0	0.0	0.0	0.0	0.0	0.0	0.0
GSM4138110_HNSCC_1_PBMC_AGTAGTCCACAGTCGC	264.59863460287136	156.17039120003173	125.59755633686787	151.49451853594263	0.0	270.4165610245	0.0	0.0	0.0	0.0	0.0	0.0	0.0	0.0	0.0	0.0	0.0	0.0	0.0	0.0	0.0
GSM4138110_HNSCC_1_PBMC_AGTGTCATCCCTAATT	154.4524539154147	146.99559119267929	69.16358355338573	97.69297612719123	32.25006973384595	95.50970847417206	0.0	0.0	0.0	0.0	0.0	0.0	0.0	0.0	0.0	0.0	0.0	0.0	0.0	0.0	0.0
GSM4138110_HNSCC_1_PBMC_ATCCACCGTGGTTTCA	3181.0490176692174	0.0	0.0	0.0	0.0	0.0	0.0	0.0	0.0	0.0	0.0	0.0	0.0	0.0	0.0	0.0	0.0	0.0	0.0	0.0	0.0
GSM4138110_HNSCC_1_PBMC_ATCGAGTGTACTTAGC	235.2323289427715	143.50657270545224	97.08840730835665	0.0	59.26509138088752	0.0	76.40491279605484	0.0	0.0	0.0	0.0	186.83989543416402	0.0	0.0	0.0	0.0	0.0	0.0	0.0	73.73032202692826	0.0
GSM4138110_HNSCC_1_PBMC_CAACTAGTCTTGAGAC	234.9245807834823	105.72732599555471	0.0	0.0	0.0	136.05442839498994	0.0	46.25740955016169	0.0	147.16404694269892	0.0	0.0	0.0	0.0	0.0	0.0	0.0	0.0	0.0	0.0	0.0
GSM4138110_HNSCC_1_PBMC_CAAGGCCTCTAGCACA	125.66679738468946	79.51506956452421	0.0	0.0	83.74262366276804	0.0	0.0	50.71128745300184	0.0	62.22196166710024	19.479733929651623	21.31228135312269	0.0	0.0	0.0	0.0	0.0	0.0	0.0	0.0	0.0
GSM4138110_HNSCC_1_PBMC_CACAAACAGGCTACGA	196.25962072985865	172.16053780406122	10.098173332818147	0.0	0.0	0.0	178.51813082803767	46.797592661323506	0.0	111.91790659062711	0.0	0.0	0.0	0.0	0.0	0.0	0.0	0.0	0.0	0.0	0.0
GSM4138110_HNSCC_1_PBMC_CACATTTTCATTGCGA	171.88688200110838	107.33951707479085	0.0	0.0	0.0	195.0601640833649	0.0	75.10892156967195	0.0	67.11711350816373	0.0	21.549070917102213	0.0	0.0	0.0	0.0	0.0	0.0	0.0	0.0	0.0
GSM4138110_HNSCC_1_PBMC_CAGAGAGTCAGTTAGC	285.59442437351646	191.7086447507318	58.87740375352144	134.27422393135924	133.14397541040663	0.0	0.0	41.83402896608083	0.0	0.0	0.0	0.0	0.0	0.0	0.0	0.0	0.0	0.0	0.0	0.0	0.0
GSM4138110_HNSCC_1_PBMC_CAGCTGGGTCTCCACT	277.32685530430547	151.52530207826064	0.0	114.62688379589584	0.0	26.05847794866333	0.0	42.496293380764385	0.0	0.0	0.0	0.0	0.0	0.0	0.0	0.0	0.0	0.0	0.0	159.90635913488003	55.96468781583462
GSM4138110_HNSCC_1_PBMC_CAGCTGGGTGTTTGTG	145.7618697721221	147.05535573417734	20.358998495084347	0.0	0.0	0.0	102.86915905526114	27.11952612854136	0.0	113.29597160314508	0.0	0.0	0.0	0.0	0.0	0.0	0.0	0.0	0.0	0.0	0.0
GSM4138110_HNSCC_1_PBMC_CATATGGCAGGACGTA	259.4989513393697	127.19700063884919	0.5042308976026523	248.66306516213274	0.0	127.02246477103596	0.0	0.0	0.0	0.0	0.0	0.0	0.0	0.0	0.0	0.0	0.0	0.0	0.0	0.0	0.0
GSM4138110_HNSCC_1_PBMC_CATATTCTCCACGTTC	187.64686313916715	111.23549609229761	54.91779177880521	156.5327778058999	0.0	0.0	110.56300084415939	0.0	0.0	0.0	0.0	0.0	0.0	0.0	0.0	0.0	0.0	0.0	0.0	0.0	0.0
GSM4138110_HNSCC_1_PBMC_CCAATCCCACGACTCG	128.8837689171181	102.04742088222211	62.437979190534435	0.0	0.0	0.0	0.0	0.0	103.12553447525686	66.23346377516818	0.0	0.0	0.0	0.0	0.0	0.0	0.0	0.0	0.0	0.0	0.0
GSM4138110_HNSCC_1_PBMC_CCTACCAGTCGGCTCA	339.2471026333248	172.57023880415682	0.0	46.60585461146604	0.0	137.26146582000965	0.0	114.68468621036904	0.0	0.0	40.23420555009482	0.0	30.491549515396528	0.0	0.0	20.587302745457844	0.0	0.0	0.0	0.0	0.0
GSM4138110_HNSCC_1_PBMC_CGAACATCAAGTTAAG	283.3976640687807	162.67298906589528	118.01331046446246	166.0128390019991	0.0	141.49557173037215	0.0	0.0	0.0	0.0	0.0	0.0	0.0	0.0	0.0	0.0	0.0	0.0	0.0	0.0	0.0
GSM4138110_HNSCC_1_PBMC_CGACCTTCATTACGAC	131.7322048208609	75.348404193573	61.133733597399306	49.102616694896035	0.0	0.0	67.15591611213463	0.0	0.0	0.0	0.0	0.0	7.277778611562196	0.0	0.0	0.0	0.0	0.0	0.0	0.0	0.0
GSM4138110_HNSCC_1_PBMC_CGAGCACCATATACGC	285.8218143871456	191.00613356065688	75.88504933140378	0.0	0.0	0.0	215.442988504047	0.0	0.0	0.0	0.0	224.79875368773847	0.0	0.0	0.0	0.0	0.0	0.0	0.0	0.0	0.0
GSM4138110_HNSCC_1_PBMC_CGATCGGCAACGATCT	174.4930937624339	149.44724276633565	62.5069788522851	0.0	0.0	0.0	0.0	0.24792585476003415	0.0	1.9988307096913727	0.0	0.0	166.8135412985241	0.0	0.0	122.77460049501045	0.0	0.0	0.0	0.0	0.0
GSM4138110_HNSCC_1_PBMC_CGATCGGGTTTGGGCC	259.55123063632254	100.86113153499927	23.683263056993862	0.0	0.0	0.0	171.07251463267565	14.255349778824769	0.0	0.0	0.0	142.56949432394228	0.0	0.0	0.0	0.0	0.0	0.0	0.0	0.0	0.0
GSM4138110_HNSCC_1_PBMC_CGCTATCCACCGAATT	309.37820424158645	208.7015198223034	0.0	0.0	0.0	0.0	0.0	77.27610057631618	143.2727999956265	199.10864106419126	0.0	0.0	0.0	0.0	0.0	0.0	0.0	0.0	0.0	0.0	0.0
GSM4138110_HNSCC_1_PBMC_CGGAGCTGTCGAACAG	248.34825698798574	217.9209426199379	94.48488101911096	129.21822566853854	193.0195041789362	0.0	0.0	0.0	0.0	0.0	0.0	0.0	0.0	0.0	0.0	0.0	0.0	0.0	0.0	0.0	0.0
GSM4138110_HNSCC_1_PBMC_CGTTCTGGTCTAAACC	217.57044239572332	149.42499417841282	88.05561668803755	122.71446070362977	0.0	185.81260435967846	0.0	0.0	0.0	0.0	0.0	0.0	0.0	0.0	0.0	0.0	0.0	0.0	0.0	0.0	0.0
GSM4138110_HNSCC_1_PBMC_CGTTGGGGTGTGTGCC	138.73167524293106	116.81017903482913	46.27405207833857	107.94743049080988	0.0	25.661898298025378	0.0	0.0	60.85148565340424	0.0	0.0	0.0	0.0	0.0	0.0	0.0	0.0	0.0	0.0	0.0	0.0
GSM4138110_HNSCC_1_PBMC_CTAATGGCACACATGT	224.75006002552695	121.0159631255158	11.628425408829562	116.07957589245292	0.0	0.0	148.9395583112202	47.91076734044679	0.0	0.0	0.0	0.0	0.0	0.0	0.0	0.0	0.0	0.0	0.0	0.0	0.0
GSM4138110_HNSCC_1_PBMC_CTACCCAGTTACCGAT	202.4062814768195	187.12578535490425	0.0	0.0	0.0	199.38975756233495	0.0	72.07201363410643	0.0	0.0	147.1723774596699	0.0	0.0	0.0	0.0	0.0	0.0	0.0	0.0	0.0	0.0
GSM4138110_HNSCC_1_PBMC_CTAGAGTCATCGGACC	298.13587646767644	111.69336010195387	74.55014530170436	0.0	189.66245246827663	0.0	0.0	0.0	0.0	73.23358486088854	0.0	0.0	0.0	0.0	0.0	0.0	0.0	0.0	0.0	0.0	0.0
GSM4138110_HNSCC_1_PBMC_CTCTGGTGTGTTCGAT	254.2681526917425	85.96696590003205	36.31868874967612	0.0	0.0	66.32497417912546	0.0	19.177230913887048	41.96455207518327	0.0	150.05274087177986	0.0	0.0	0.0	0.0	0.0	0.0	0.0	0.0	0.0	0.0
GSM4138110_HNSCC_1_PBMC_CTGATAGCATCAGTCA	180.84632081665194	82.7670423275065	0.0	86.16929568337912	0.0	132.53839666295724	5.810404977613942	72.337447246866	16.669106365874185	0.0	0.0	0.0	0.0	0.0	2.6007202907144356	0.0	0.0	0.0	0.0	0.0	0.0
GSM4138110_HNSCC_1_PBMC_CTGTTTACAATGTAAG	267.3250976355387	226.8284461507331	0.0	0.0	0.0	0.0	91.54972262679024	0.0	85.24299747975536	0.0	0.0	128.95615880397514	0.0	69.72247812915633	0.0	0.0	0.0	0.0	0.0	0.0	0.0
GSM4138110_HNSCC_1_PBMC_GAACCTATCTCTGTCG	126.92264421577636	77.19976478697494	64.23889782065875	0.0	0.0	11.1053956741298	50.789181148282964	0.0	0.0	71.84249696912984	0.0	0.0	0.0	0.0	0.0	0.0	0.0	0.0	0.0	7.517030042388906	0.0
GSM4138110_HNSCC_1_PBMC_GATCGCGTCAGGCGAA	153.88002703015363	85.79771839376218	0.0	0.0	111.93267274184578	0.0	0.0	45.14529495262863	0.0	0.0	51.95367977733707	53.70376782610425	0.0	0.0	0.0	0.0	0.0	0.0	0.0	0.0	0.0
GSM4138110_HNSCC_1_PBMC_GATCTAGCATACAGCT	175.8830217781374	300.9977000395746	107.54434188674529	99.29160730016133	0.0	151.21429649728566	0.0	0.0	0.0	0.0	0.0	0.0	0.0	0.0	0.0	0.0	0.0	0.0	0.0	0.0	0.0
GSM4138110_HNSCC_1_PBMC_GATGAAAGTAGAAGGA	196.1909705957442	81.7271166628935	16.76438306064015	74.66855323913445	0.0	63.53096851097945	0.0	0.0	0.0	0.0	0.0	0.0	0.0	0.0	0.0	0.0	0.0	0.0	0.0	0.0	0.0
GSM4138110_HNSCC_1_PBMC_GATGAAAGTCACCCAG	291.4559729064157	174.38779319995916	66.27380134150529	123.02553862339677	229.56261806212612	0.0	0.0	0.0	0.0	0.0	0.0	0.0	0.0	0.0	0.0	0.0	0.0	0.0	0.0	0.0	0.0
GSM4138110_HNSCC_1_PBMC_GCATACACATCTGGTA	315.80320364573066	293.78729079981724	143.66612309897226	0.0	0.0	167.76607096427725	0.0	0.0	0.0	0.0	0.0	195.92122537664443	0.0	0.0	0.0	0.0	0.0	0.0	0.0	57.154572819663706	0.0
GSM4138110_HNSCC_1_PBMC_GCGAGAATCGCACTCT	244.31264127266584	232.71946186755116	91.21950090317166	147.17350440046323	0.0	155.52894400222564	74.76326389653406	0.0	0.0	0.0	0.0	0.0	0.0	0.0	0.0	0.0	0.0	0.0	0.0	0.0	0.0
GSM4138110_HNSCC_1_PBMC_GCGCGATAGGAGCGTT	106.4510060572008	51.30995767622771	18.807492703346398	71.08646972028104	0.0	0.0	9.229154217911432	0.0	53.2632264790622	0.0	0.0	0.0	0.0	28.28281444415219	0.0	0.0	72.48144674501425	0.0	0.0	0.0	0.0
GSM4138110_HNSCC_1_PBMC_GCTCTGTTCAGTTTGG	194.56479051249195	90.24003254652459	38.74316239556645	79.32627971141041	0.0	0.0	0.0	3.2798085782000763	0.0	0.0	0.0	0.0	32.21654511598787	0.0	0.0	0.0	77.72119041484662	0.0	0.0	0.0	0.0
GSM4138110_HNSCC_1_PBMC_GCTGCGAGTCTAGTCA	224.71120389520917	190.5695405493658	0.0	0.0	27.083215094935188	30.689283433295575	88.09498526029607	109.37108638282415	0.0	50.29652024394502	0.0	0.0	0.0	0.0	0.0	0.0	0.0	0.0	0.0	0.0	0.0
GSM4138110_HNSCC_1_PBMC_GGCTCGATCAGGCGAA	165.41432250917933	110.21600433388467	10.77149297441769	0.0	0.0	20.59963647493399	35.068213365591134	0.0	42.13551346644499	0.0	0.0	17.0057467783685	32.52698694471878	33.92403763971811	0.0	66.81781550339507	0.0	0.0	0.0	0.0	0.0
GSM4138110_HNSCC_1_PBMC_GGGAATGTCTTCCTTC	0.0	0.0	0.0	0.0	0.0	507.5550384201214	74.9915207343428	0.0	26.283096591497845	0.0	0.0	0.0	0.0	0.0	0.0	0.0	2810.6804269751788	0.0	0.0	0.0	0.0
GSM4138110_HNSCC_1_PBMC_GGGCACTTCGTAGGTT	259.857351986573	116.79435738097865	76.74200480421281	31.36776510280273	0.0	168.50074069272407	0.0	0.0	0.0	0.0	0.0	0.0	0.0	0.0	0.0	49.057913135756195	0.0	0.0	0.0	0.0	0.0
GSM4138110_HNSCC_1_PBMC_GTAGGCCAGTACTTGC	196.41416688695065	159.7015679150443	16.23119219673465	0.0	107.14124615307583	0.0	55.13046097076484	23.361450421495977	0.0	0.0	0.0	107.0751073979978	0.0	0.0	0.0	0.0	0.0	0.0	0.0	0.0	0.0
GSM4138110_HNSCC_1_PBMC_GTCACAATCTATCGCC	271.0332244025809	156.6441220965321	57.16829294005812	165.32267644244064	0.0	0.0	0.0	0.0	66.31959895503245	0.0	0.0	0.0	90.64318396535651	0.0	0.0	0.0	0.0	0.0	0.0	0.0	0.0
GSM4138110_HNSCC_1_PBMC_GTCTCGTAGTAGCGGT	200.5787542328112	104.6687664579802	55.715410483154784	8.38725610420785	0.0	0.0	0.0	0.0	82.52968937511746	103.54764022524415	0.0	1.846725583634301	20.148143223189432	0.0	0.0	0.0	0.0	0.0	0.0	0.0	0.0
GSM4138110_HNSCC_1_PBMC_GTGCAGCTCTGTCTAT	293.4706990643382	232.06088177862912	0.0	0.0	0.0	306.940152066536	0.0	0.0	0.0	0.0	0.0	0.0	0.0	131.1386067928592	0.0	0.0	0.0	140.66089521754037	0.0	0.0	0.0
GSM4138110_HNSCC_1_PBMC_GTGCATAGTACGCTGC	232.58421477452052	115.11257782626163	86.75914461627075	91.41298865851212	0.0	0.0	142.27725289923896	0.0	5.031089232806267	0.0	0.0	0.0	0.0	0.0	0.0	0.0	0.0	0.0	0.0	0.0	0.0
GSM4138110_HNSCC_1_PBMC_GTGCTTCAGTACGATA	155.0763196985466	175.72196061445405	40.946081371877284	117.86022840200167	0.0	142.6229049839399	0.0	0.0	0.0	0.0	0.0	0.0	0.0	0.0	0.0	0.0	0.0	0.0	0.0	0.0	0.0
GSM4138110_HNSCC_1_PBMC_TACAGTGCAATGACCT	162.20620291256398	114.23143630153997	0.0	0.0	0.0	0.0	0.0	96.65998961581333	0.0	6.84730632285274	24.61589496659798	75.56694100822975	0.0	0.0	0.0	0.0	24.853097222698445	0.0	0.0	74.38114242440278	0.0
GSM4138110_HNSCC_1_PBMC_TACTCATAGATCACGG	332.9263105482696	128.51140825233622	105.63261602667887	115.17438405562586	0.0	49.063046007727145	136.90602081920278	0.0	0.0	0.0	0.0	0.0	0.0	0.0	0.0	0.0	0.0	0.0	0.0	0.0	0.0
GSM4138110_HNSCC_1_PBMC_TACTCGCGTAAGGATT	168.00183125401418	213.54009716895288	0.0	56.55997778837477	159.85785194070198	0.0	0.0	118.82686256835696	0.0	0.0	0.0	44.84070443353358	0.0	0.0	0.0	0.0	0.0	0.0	0.0	0.0	0.0
GSM4138110_HNSCC_1_PBMC_TACTTGTCAAGTTAAG	212.57855662876835	172.81035926186746	0.0	0.0	15.027305864930364	189.41029727207274	0.0	114.9908379331625	0.0	149.21174742974995	0.0	0.0	0.0	0.0	0.0	0.0	0.0	0.0	0.0	0.0	0.0
GSM4138110_HNSCC_1_PBMC_TATCTCAAGGTGTGGT	144.294906071631	98.57207847215228	0.0	99.03651612843012	0.0	132.76683904510955	0.0	49.24252389100153	0.0	0.0	0.0	0.0	0.0	0.0	0.0	0.0	0.0	0.0	0.0	0.0	0.0
GSM4138110_HNSCC_1_PBMC_TCAGCTCCACCCATTC	337.8097913815967	212.5043539199032	122.27913542025624	179.65043974202908	0.0	0.0	0.0	0.0	151.08478395323007	0.0	0.0	0.0	0.0	0.0	0.0	0.0	0.0	0.0	0.0	0.0	0.0
GSM4138110_HNSCC_1_PBMC_TCGCGTTCAGCTGCTG	172.4812112862946	144.91370865197447	64.29585024745316	64.30557656121341	0.0	0.0	124.1735832222654	0.19969038003136885	0.0	0.0	0.0	0.0	0.0	0.0	0.0	0.0	0.0	0.0	0.0	0.0	0.0
GSM4138110_HNSCC_1_PBMC_TCGGGACAGCTAGTTC	263.9635194799854	161.34956020550715	72.26311085629993	100.77347939972653	0.0	0.0	0.0	0.0	159.05494436760992	0.0	0.0	0.0	0.0	0.0	0.0	0.0	0.0	0.0	0.0	0.0	0.0
GSM4138110_HNSCC_1_PBMC_TCTTCGGAGTCATCCA	179.2237873806411	157.8375757234838	70.76967127535396	57.1019252120019	0.0	0.0	159.04441008392135	0.0	0.0	0.0	0.0	67.48142596035784	0.0	0.0	0.0	0.0	0.0	0.0	0.0	0.0	0.0
GSM4138110_HNSCC_1_PBMC_TGAGAGGGTCCCTACT	286.6840095665894	107.41310205224751	59.44243185348594	0.0	0.0	0.0	241.59509218261144	0.0	0.0	202.42814210845887	0.0	98.10061770279749	0.0	0.0	0.0	0.0	0.0	0.0	0.0	0.0	0.0
GSM4138110_HNSCC_1_PBMC_TGATTTCGTTAAAGTG	369.5531479845036	243.60143916480916	103.74807075425424	118.46237850968849	0.0	167.2645855588271	0.0	0.0	0.0	0.0	0.0	0.0	0.0	0.0	0.0	0.0	0.0	0.0	0.0	0.0	0.0
GSM4138110_HNSCC_1_PBMC_TGCCAAATCATGTCCC	268.13480931948834	141.47251328950568	0.0	0.0	0.0	0.0	0.0	45.474421080040266	130.6171089410753	138.77894544619542	0.0	0.0	0.0	0.0	38.88764735214859	0.0	0.0	0.0	0.0	0.0	0.0
GSM4138110_HNSCC_1_PBMC_TGTATTCAGAATGTTG	303.39177864065636	229.95633577366777	0.0	0.0	0.0	0.0	107.21508648922347	0.0	0.0	0.0	145.74951069527066	0.0	0.0	0.0	0.0	0.0	0.0	0.0	0.0	0.0	96.863371346266
GSM4138110_HNSCC_1_PBMC_TGTCCCAGTTCAGGCC	158.76700422058292	118.59424736896369	0.0	56.36580132904956	163.90905140257024	0.0	0.0	86.56656594844306	0.0	0.0	0.0	0.0	0.0	0.0	0.0	0.0	0.0	0.0	0.0	0.0	0.0
GSM4138110_HNSCC_1_PBMC_TTGCCGTCAATAGCGG	200.19507538645587	152.66601441729227	64.70964884709046	131.62251927061467	0.0	0.0	191.7961752881979	0.5194691184519821	0.0	0.0	0.0	0.0	0.0	0.0	0.0	0.0	0.0	0.0	0.0	0.0	0.0
GSM4138110_HNSCC_1_PBMC_TTTATGCAGACTGGGT	216.8482762856029	119.93321128243564	56.217968299482436	0.0	0.0	65.53915795787859	40.880565906287316	0.0	0.0	79.21856934354659	0.0	0.0	0.0	0.0	0.0	0.0	0.0	0.0	0.0	0.0	0.0
GSM4138110_HNSCC_1_PBMC_AACGTTGAGTTTAGGA	112.30336952640825	69.66893271332889	65.37781259209395	86.654113948284	0.0	98.81703040613564	0.0	0.0	0.0	0.0	0.0	0.0	0.0	0.0	0.0	0.0	0.0	0.0	0.0	0.0	0.0
GSM4138110_HNSCC_1_PBMC_AAGGCAGCAATCACAC	84.5953277294058	167.1485671260069	0.0	54.56364796046998	74.55766831892528	0.0	0.0	45.073898385875495	0.0	0.0	0.0	0.0	0.0	0.0	0.0	0.0	0.0	0.0	0.0	0.0	0.0
GSM4138110_HNSCC_1_PBMC_ACTGATGTCAATAAGG	82.2926806334723	53.26099995568351	38.627824777746746	0.0	0.0	0.0	42.56937957263747	0.0	0.0	0.0	49.77692645294832	0.0	0.0	0.0	0.0	0.0	0.0	0.0	0.0	0.0	0.0
GSM4138110_HNSCC_1_PBMC_AGCAGCCAGGCCCTCA	119.26664405821303	48.231211990833366	0.0	7.9674813830258016	0.0	0.0	17.71388290810049	2.687905613292311	30.191937390512212	0.0	0.0	78.67370447554005	15.273640511747756	0.0	86.35873200400403	0.0	3.0032078816951153	19.433591823345896	0.0	0.0	0.0
GSM4138110_HNSCC_1_PBMC_CATATTCCATATGAGA	108.78871924715604	94.93239737659678	80.98561937505075	0.0	42.785600554563764	0.0	35.88100570884582	12.899719186787769	0.0	74.24613008351254	0.0	0.0	0.0	0.0	0.0	0.0	0.0	0.31061585991235097	0.0	0.0	0.0
GSM4138110_HNSCC_1_PBMC_CCTCAGTCAACTGCGC	57.726100325118885	61.710406643492355	11.365716956080636	116.51774020635509	5.46751382643963	22.55123587035185	0.0	0.0	0.0	0.0	0.0	0.0	0.0	7.565429166742751	0.0	0.0	0.0	0.0	0.0	0.0	21.689289507388164
GSM4138110_HNSCC_1_PBMC_CGGTTAACACCTCGTT	59.961646246087334	42.14382564786786	38.74306038238827	1.6766633403291058	56.0471209030205	0.0	0.0	0.0	0.0	0.0	0.0	0.501262800906821	0.0	2.307387775792889	0.0	0.0	0.0	42.11198726248046	6.3860999430596594	0.0	0.0
GSM4138110_HNSCC_1_PBMC_CGTGTAATCTCCAGGG	53.378370402682535	61.183137756313684	25.677362901363274	53.08608595824008	31.642254305650546	0.0	0.0	0.0	0.0	0.0	0.0	0.0	0.0	0.0	0.0	0.0	0.0	0.0	0.0	0.0	0.0
GSM4138110_HNSCC_1_PBMC_CGTTGGGTCAGTGCAT	71.3360678914256	49.92080021181606	37.74587858651075	0.0	0.0	0.0	82.06633247199916	0.0	0.0	27.09183436561688	0.0	41.32504409310814	0.0	0.0	0.0	0.0	0.0	0.0	0.0	0.0	0.0
GSM4138110_HNSCC_1_PBMC_CTAGAGTAGCTATGCT	115.21727801905911	96.97096787998957	34.47457794076053	102.71849833582334	80.7604382515001	5.057091453544858	0.0	28.30197719309293	0.0	0.0	0.0	0.0	0.0	0.0	0.0	0.0	0.0	0.0	0.0	0.0	0.0
GSM4138110_HNSCC_1_PBMC_GCATACATCGTTACAG	80.82687554261382	56.51288765901978	46.53617623807768	51.84076813674888	0.0	28.36899111618793	0.0	0.0	6.87378435702304	0.0	0.0	0.0	0.0	0.0	0.0	0.0	0.0	0.0	0.0	0.0	0.0
GSM4138110_HNSCC_1_PBMC_AAACGGGCAGTATCTG	60.639169085472425	48.23794788573493	154.9813722160416	28.78360083299143	0.0	0.0	54.876327354462774	0.0	0.0	0.0	0.0	0.0	0.0	0.0	0.0	0.0	0.0	0.0	0.0	0.0	0.0
GSM4138110_HNSCC_1_PBMC_AAAGATGTCTGATTCT	78.78397140144754	89.44079220875904	0.0	47.6945384239939	87.19030049684663	0.0	0.0	0.0	0.0	0.0	0.0	0.0	0.0	18.46126602859802	16.37695980786716	0.0	0.0	0.0	60.47419086497904	0.0	0.0
GSM4138110_HNSCC_1_PBMC_AAAGTAGGTAGCGCTC	126.75760081744052	39.453919839676516	0.2058531000168036	0.0	83.72663694394497	0.0	0.0	0.0	0.0	0.0	0.0	0.0	0.0	0.0	0.0	0.0	0.0	35.40840564383152	0.0	0.0	38.647226277619325
GSM4138110_HNSCC_1_PBMC_AACTCAGGTGGTCTCG	72.72545171814859	65.54655869091968	0.0	0.0	3.3439506231512786	0.0	0.0	61.32835588274193	33.14281434877644	0.0	0.0	75.18301007251758	0.0	0.0	0.0	0.0	0.0	0.0	0.0	0.0	0.0
GSM4138110_HNSCC_1_PBMC_AACTCCCTCCAATGGT	90.21694863150717	67.79633514123334	65.18892642493734	0.0	0.0	0.0	45.12372130113841	5.013474779570103	40.800457037197454	113.93532148773498	0.0	0.0	0.0	0.0	0.0	0.0	0.0	0.0	0.0	0.0	0.0
GSM4138110_HNSCC_1_PBMC_AACTCTTAGTGGGTTG	95.74109844551464	78.48916318982418	54.81184100901177	0.0	15.028267376291089	0.0	0.0	0.0	0.0	23.36318106529872	0.0	0.0	0.0	0.0	0.0	18.710190890511026	52.542500305227165	0.0	32.109990124590055	0.0	0.0
GSM4138110_HNSCC_1_PBMC_AACTCTTGTCACACGC	173.28820558931994	8.760587145617436	0.0	31.191161867204308	4.579400835090784	0.0	0.0	0.0	14.811311376432146	0.0	0.0	13.943455737222877	24.508335987762486	0.0	31.746781876081425	0.0	0.0	0.0	0.0	0.0	0.0
GSM4138110_HNSCC_1_PBMC_AACTTTCAGAAGGTTT	99.95355612840865	111.43825594429546	51.412880690610336	0.0	0.0	0.0	0.0	0.0	0.0	0.0	24.58265595056295	0.0	0.0	0.0	0.0	37.411035263806006	56.575830099819136	0.0	0.0	0.0	0.0
GSM4138110_HNSCC_1_PBMC_AAGGAGCTCCTTTCGG	108.69649171208906	138.1559001489622	68.31952310115823	0.0	0.0	0.0	0.0	0.0	73.76017699543077	0.0	0.0	88.20873220381911	0.0	0.0	0.0	0.0	0.0	0.0	0.0	0.0	0.0
GSM4138110_HNSCC_1_PBMC_AATCCAGAGTGCTGCC	125.0778549228909	105.01421009320471	40.20298816842531	0.0	0.0	0.0	0.0	0.0	0.0	0.0	0.0	54.86340971625011	0.0	23.21170962149799	0.0	0.0	65.22592473370685	22.799199859997795	0.0	0.0	0.0
GSM4138110_HNSCC_1_PBMC_AATCGGTGTCTAGCCG	99.4524512283191	61.4131669849822	113.33745486669693	0.0	0.0	3.0227680900313314	97.6214158455445	0.0	0.0	97.6931311455424	0.0	0.0	0.0	0.0	0.0	0.0	0.0	0.0	0.0	0.0	0.0
GSM4138110_HNSCC_1_PBMC_ACACCCTCATCTACGA	121.03005258030656	57.06770841507338	0.0	0.0	0.0	0.0	0.0	33.05851619751884	44.80903392260013	0.0	0.0	62.72079646919691	0.0	0.0	2.4637221893745522	0.04224777572469317	0.0	0.0	0.0	0.0	0.0
GSM4138110_HNSCC_1_PBMC_ACACCGGCACCATGTA	216.97375679213096	196.52476285171323	166.09144841390324	165.7809666167949	0.0	0.0	126.43437659590907	0.0	0.0	0.0	0.0	0.0	0.0	0.0	51.49173183072957	0.0	0.0	0.0	0.0	0.0	0.0
GSM4138110_HNSCC_1_PBMC_ACATCAGAGCGTTCCG	215.69651765769552	112.8488146548953	84.75157372642674	104.98677531588122	169.2174537845969	0.0	0.0	0.0	0.0	0.0	0.0	0.0	0.0	0.0	0.0	0.0	0.0	0.0	0.0	0.0	0.0
GSM4138110_HNSCC_1_PBMC_ACCCACTCAATGTAAG	57.89263188866425	51.85425815026466	0.0	51.17004529466403	0.0	0.0	0.0	14.707519508321091	52.32646556300236	0.0	0.0	0.0	0.0	0.0	0.0	0.0	0.0	0.0	0.0	0.0	0.0
GSM4138110_HNSCC_1_PBMC_ACCCACTGTAAGTGTA	91.03020092834193	47.4341213130068	25.23139929889316	0.0	82.85950837015632	0.0	0.0	9.833925477543819	0.0	0.0	0.0	11.107907990579182	0.0	0.0	30.159275467546557	8.480223944837805	0.0	35.28034555817354	0.0	0.0	0.0
GSM4138110_HNSCC_1_PBMC_ACCTTTATCATAACCG	115.85874386003019	76.08830825279296	0.0	0.0	0.0	0.0	115.13086473925077	22.555596224496956	0.0	0.0	90.2809362380887	0.0	0.0	0.0	42.199976321895676	0.0	0.0	0.0	0.0	0.0	0.0
GSM4138110_HNSCC_1_PBMC_ACGAGCCAGGTGTGGT	57.74005526017321	49.20561141317235	4.1178807605714	0.0	0.0	0.0	0.0	39.85316762231622	0.0	11.12720702257223	0.0	0.0	109.14552333587334	0.0	0.0	36.05716424847554	0.0	0.0	0.0	0.0	0.0
GSM4138110_HNSCC_1_PBMC_ACGATACCATATGAGA	101.79313292899286	32.116463607085244	0.0	0.0	0.0	0.0	0.0	32.7864849830831	43.34861997319704	1.7942760180508848	59.749304003609076	0.0	0.0	0.0	0.0	0.0	0.0	0.0	0.0	0.0	0.0
GSM4138110_HNSCC_1_PBMC_ACGATACTCTGATTCT	97.52044915575011	36.33246310636052	0.0	0.0	0.0	0.0	0.0	54.545647268037925	56.61826503758874	0.5524215023761753	0.0	67.5291805206094	0.0	0.0	0.0	0.0	0.0	0.0	0.0	0.0	7.179080344457451
GSM4138110_HNSCC_1_PBMC_ACGATGTCAGGCAGTA	104.72705395344668	43.215309582166114	38.37874604588784	0.0	0.0	0.0	0.0	0.0	0.0	78.08631899486417	0.0	0.0	54.99171355502078	0.0	0.0	0.0	0.0	0.0	0.0	0.0	0.0
GSM4138110_HNSCC_1_PBMC_ACGCAGCGTAGAGCTG	71.70440475642881	45.42227004461663	15.795572380329387	0.0	0.0	38.34047413709745	0.0	0.0	0.0	1.4212766002128594	0.0	71.120833774515	0.0	9.294527993016999	0.0	0.0	0.0	0.0	0.0	0.0	0.0
GSM4138110_HNSCC_1_PBMC_ACGCCGAAGGTAGCTG	75.45236226093071	106.73884272588857	40.571496187052915	0.0	0.0	0.0	26.912742459263296	0.0	0.0	0.0	0.0	0.0	0.0	0.0	0.0	26.923378776890388	0.0	0.0	0.0	0.0	0.0
GSM4138110_HNSCC_1_PBMC_ACGGGCTGTGATAAAC	79.02186037377021	50.5754145548595	0.0	0.0	109.7203467199853	0.0	0.0	39.812971599907314	0.0	0.0	78.0620040846127	0.0	0.0	0.0	0.0	0.0	0.0	0.0	0.0	0.0	0.0
GSM4138110_HNSCC_1_PBMC_ACGTCAACATCACGAT	99.98943692623607	46.280251653113545	45.56877228591462	35.43881295021824	0.0	0.0	23.799101325779798	0.0	0.0	0.0	0.0	0.0	0.0	0.0	0.0	0.0	0.0	0.0	0.0	0.0	0.0
GSM4138110_HNSCC_1_PBMC_ACTATCTAGGAATTAC	125.2522292495809	203.1148255168261	73.42691378095942	144.31047465960964	66.31351898086855	0.0	0.0	0.0	0.0	0.0	0.0	0.0	0.0	0.0	0.0	0.0	18.792909937855093	0.0	0.0	0.0	0.0
GSM4138110_HNSCC_1_PBMC_ACTGATGTCGTTACGA	215.23443467566688	136.81313810924482	0.0	0.0	54.28887467873614	0.0	0.0	0.0	0.0	0.0	0.0	0.0	0.0	98.49266632390345	0.0	0.0	0.0	94.0402648561274	0.0	0.0	0.0
GSM4138110_HNSCC_1_PBMC_ACTTACTAGATAGGAG	63.398180069892184	117.96557559605652	67.77666091366709	50.2365637673237	61.773186583348156	0.0	0.0	0.0	0.0	0.0	0.0	0.0	0.0	0.0	0.0	0.0	0.0	0.0	0.0	0.0	0.0
GSM4138110_HNSCC_1_PBMC_ACTTGTTTCCACGACG	85.55751185088566	116.20851376645075	16.976072843058645	36.7582791262619	87.80610518522636	0.0	0.0	8.929546094227371	0.0	0.0	2.098721825305336	0.0	0.0	0.0	0.0	0.0	0.0	0.0	11.775249546509523	0.0	28.66470816939877
GSM4138110_HNSCC_1_PBMC_ACTTTCATCGTCACGG	128.11421093940754	70.44744582401225	32.80900441130532	69.51479007844385	5.454910745560625	12.652274697964913	0.0	0.0	0.0	0.0	0.0	0.0	0.0	0.0	0.0	0.0	0.0	0.0	0.0	15.121562269928555	0.0
GSM4138110_HNSCC_1_PBMC_AGATTGCTCATGCTCC	109.98480038952974	78.3133262613606	0.0	140.95792288038902	0.0	69.15465037688735	0.0	52.233074959603556	0.0	0.0	0.0	0.0	0.0	0.0	0.0	0.0	0.0	0.0	0.0	0.0	0.0
GSM4138110_HNSCC_1_PBMC_AGATTGCTCCTAGAAC	152.76318058693866	33.502740402475716	4.210639911105377	134.88268112566115	0.0	0.0	0.0	0.0	26.761266059456933	0.0	0.0	0.0	0.0	0.0	0.0	0.0	0.0	0.0	0.0	0.0	0.0
GSM4138110_HNSCC_1_PBMC_AGCAGCCTCACTCTTA	96.48927058306576	60.848594764242804	0.0	0.0	56.87635539904897	0.0	0.0	0.0	0.0	0.0	0.0	0.0	0.0	46.309041767301224	0.0	0.0	0.0	53.97350686727283	0.0	0.0	0.0
GSM4138110_HNSCC_1_PBMC_AGCCTAAAGCGTGAAC	247.29933373989658	103.30553447188964	57.932029512602874	0.0	0.0	88.08014475005683	0.0	0.0	0.0	0.0	0.0	0.0	0.0	0.0	0.0	82.6158199488498	0.0	0.0	22.07123520220079	0.0	0.0
GSM4138110_HNSCC_1_PBMC_AGCCTAAGTCTCATCC	50.651526534202276	21.753395060166945	25.285654937779306	0.0	36.1149874843573	70.99210869179483	0.0	0.0	0.0	0.0	0.0	0.0	0.0	0.0	0.0	24.809200315372852	0.0	0.0	0.0	0.0	2.7037371187110173
GSM4138110_HNSCC_1_PBMC_AGCGTATAGCCAGTTT	99.18247270832836	62.90165001584858	49.59665024296483	0.0	41.04280201619184	0.0	0.0	0.0	0.0	0.0	0.0	0.0	0.0	0.0	0.0	54.72664762756277	0.0	0.0	52.095121694753324	24.07706363800674	0.0
GSM4138110_HNSCC_1_PBMC_AGCGTCGAGCGCTCCA	79.31023426524462	81.60893665298899	3.229478321565669	59.044544329207916	0.0	0.0	0.0	33.556393187359284	0.0	0.0	0.0	0.0	37.40107571157544	0.0	13.711433968142972	0.0	0.0	0.0	0.0	0.0	0.0
GSM4138110_HNSCC_1_PBMC_AGCTCCTGTATCACCA	169.72382472547042	131.97790455219538	63.80447891262544	169.4798086580868	0.0	0.0	23.50430033329362	0.0	76.36599122591687	0.0	0.0	0.0	0.0	0.0	0.0	0.0	0.0	0.0	0.0	0.0	0.0
GSM4138110_HNSCC_1_PBMC_AGCTCTCAGTCGTTTG	153.69942106709118	94.32163376445546	61.96576690067038	0.0	105.444734124879	0.0	0.0	1.153385595299958	0.0	0.0	0.0	48.974097100893395	0.0	0.0	0.0	0.0	0.0	31.15175512776716	0.0	0.0	0.0
GSM4138110_HNSCC_1_PBMC_AGCTTGAAGACTGGGT	124.67912221634585	48.61384731776259	0.0	0.0	0.0	0.0	70.50637419912495	48.768272787022816	0.0	77.18075925316585	0.0	0.0	0.0	0.0	0.0	0.0	0.0	0.0	0.0	0.0	0.0
GSM4138110_HNSCC_1_PBMC_AGGCCGTAGACTACAA	141.73914121366568	79.31203584773677	65.18906777222857	75.17503588757157	0.0	92.5627592724471	0.0	0.0	0.0	0.0	0.0	0.0	0.0	0.0	0.0	0.0	0.0	0.0	0.0	0.0	0.0
GSM4138110_HNSCC_1_PBMC_AGGGATGAGACCCACC	70.84195752526703	66.3619257440144	48.49345479866801	0.0	49.54597036172874	0.0	0.0	0.0	0.0	83.69587296001367	0.0	0.0	6.370175230320697	0.0	0.0	0.0	0.0	0.0	0.0	0.0	0.0
GSM4138110_HNSCC_1_PBMC_AGGGATGCATGTTCCC	104.08389011512645	100.30465618074287	0.0	0.0	86.72958019840037	0.0	0.0	17.34364147905552	0.0	98.77463436834566	0.0	0.0	0.0	0.0	38.82220183177395	0.0	0.0	0.0	0.0	0.0	0.0
GSM4138110_HNSCC_1_PBMC_AGTAGTCGTCAATGTC	79.45806555290278	50.58751279731981	57.34588009930901	67.51641663794314	0.0	50.88998330514873	0.0	0.0	0.0	0.0	0.0	0.0	0.0	0.0	0.0	0.0	0.0	0.0	0.0	0.0	0.0
GSM4138110_HNSCC_1_PBMC_AGTAGTCGTCCGAAGA	110.92060456073321	93.78214213662805	35.44151293683903	0.0	67.05058077802852	0.0	0.0	0.0	0.0	0.0	0.0	83.21483945531747	0.0	0.0	0.0	0.0	2.331139378995955	0.0	0.0	0.0	0.0
GSM4138110_HNSCC_1_PBMC_AGTGGGAAGGAGCGAG	151.69476862405944	116.50527614781039	131.07015673861167	0.0	0.0	0.0	119.18421907298219	0.0	0.0	0.0	0.0	0.0	0.0	0.0	0.0	113.83260997234721	0.0	0.0	0.0	0.0	0.0
GSM4138110_HNSCC_1_PBMC_AGTGTCAGTACCGGCT	101.61716101897395	72.77737398786137	11.804562471379834	0.0	102.290817047724	23.98507033988845	0.0	0.0	0.0	0.0	0.0	0.0	0.0	0.0	0.0	0.0	0.0	0.0	166.01257078861624	0.0	0.0
GSM4138110_HNSCC_1_PBMC_ATAAGAGAGCTGATAA	50.5309895278082	39.27048027951811	8.305649064518926	0.0	0.0	0.0	0.0	0.0	0.0	1.7374246852106197	0.0	70.85741870952727	21.75838877838448	0.0	0.0	18.184113865416176	0.0	0.0	0.0	0.0	23.996853415815977
GSM4138110_HNSCC_1_PBMC_ATCACGAGTCAAACTC	74.31586657013567	88.2667356456733	0.0	0.0	0.0	0.0	0.0	22.404508260658694	0.0	0.0	54.08501072856848	0.0	70.19440285760403	0.0	0.0	0.0	0.0	0.0	0.0	0.0	0.0
GSM4138110_HNSCC_1_PBMC_ATCATCTTCTGTGCAA	81.6178578367349	52.97528739025895	61.622804612049116	0.0	0.0	0.0	0.0	0.0	26.272911597254208	0.0	0.0	0.0	21.079737635950345	0.0	0.0	57.030867778965224	0.0	0.0	0.0	0.0	0.0
GSM4138110_HNSCC_1_PBMC_ATCATGGGTCACTGGC	162.6542921736569	102.29351408808957	63.13531037427512	72.32837645917765	0.0	0.0	0.0	0.0	0.0	0.0	0.0	0.0	93.41906193812133	0.0	0.0	0.0	0.0	0.0	0.0	0.0	0.0
GSM4138110_HNSCC_1_PBMC_ATCTGCCCATACGCCG	89.11977696900456	76.65752649265859	71.03329914320295	0.0	0.0	0.0	0.0	0.0	0.0	0.0	0.0	71.36896402834586	0.0	0.0	0.0	0.0	0.0	0.0	0.0	45.89183121505388	0.0
GSM4138110_HNSCC_1_PBMC_ATGAGGGAGTGTACGG	101.10365752281562	81.54687343672104	63.6232057094453	0.0	60.145458550835656	0.0	0.0	0.0	0.0	0.0	0.0	0.0	0.0	0.0	0.0	1.767690464288021	0.0	59.93462302132932	0.0	47.45953419206886	0.0
GSM4138110_HNSCC_1_PBMC_ATGGGAGAGACCCACC	211.8345771501638	141.12822052141053	30.063125683335798	104.22771589058033	0.0	28.228270913171528	117.86340281514268	0.0	0.0	0.0	0.0	0.0	2.9329284166750504	124.9914040113579	0.0	0.0	0.0	0.0	0.0	10.444534318693377	0.0
GSM4138110_HNSCC_1_PBMC_ATGTGTGTCCAGTAGT	63.50909391329082	54.22241428023048	0.0	0.0	0.0	0.0	0.0	0.0	0.0	0.0	59.13344443433463	0.0	0.0	0.0	0.0	0.0	0.0	0.0	0.0	77.26663557533242	30.9563551031749
GSM4138110_HNSCC_1_PBMC_ATTATCCAGCGCCTTG	106.87329932919683	101.30662658239031	0.0	84.27953236357273	0.0	43.79303252413289	0.0	84.14033138301902	0.0	0.0	0.0	0.0	39.573454605866985	0.0	0.0	0.0	0.0	0.0	0.0	0.0	0.0
GSM4138110_HNSCC_1_PBMC_ATTCTACAGATGTCGG	97.2049071370205	83.53026637614343	60.48928675804212	58.29690614878933	0.0	73.9439069132564	0.0	0.6709396409233879	0.0	0.0	10.011105467318105	0.0	0.0	0.0	0.0	0.0	0.0	0.0	0.0	0.0	0.0
GSM4138110_HNSCC_1_PBMC_ATTGGACAGAAGGCCT	48.87694861793857	62.918878130171294	0.0	42.62076811750523	0.0	35.071061750719174	0.0	52.80780150880895	0.0	0.0	0.0	0.0	10.690053370442737	0.0	0.0	0.0	0.0	0.0	0.0	0.0	0.0
GSM4138110_HNSCC_1_PBMC_ATTGGTGCACAGGAGT	124.34402987491973	107.32388263659404	40.92398499017635	52.07037525665386	0.0	0.0	0.0	0.0	0.0	0.0	0.0	0.0	90.4741027341333	0.0	0.0	0.0	0.0	0.0	0.0	0.0	0.0
GSM4138110_HNSCC_1_PBMC_CAACCTCTCTAAGCCA	120.87804831028565	74.16429751076517	0.0	12.43796224384345	0.0	17.29108108566856	0.0	5.132529743401956	0.0	0.0	0.0	1.4704185633920326	15.502738083126086	0.0	52.582396402481436	22.03244223308163	0.0	0.0	0.0	0.0	0.0
GSM4138110_HNSCC_1_PBMC_CAACTAGGTGTCCTCT	115.1213011900109	78.76096908662514	0.0	0.0	0.0	0.0	0.0	53.05393431754239	0.0	0.0	28.132186101719995	0.0	0.0	0.0	11.909746083188326	24.89798201287067	63.54390618323079	0.0	0.0	0.0	0.0
GSM4138110_HNSCC_1_PBMC_CAACTAGTCAAGATCC	47.01028507905509	20.08968579620318	0.0	0.0	0.0	0.0	0.0	40.7292928449923	0.0	0.0	74.28892455784478	0.0	87.8006380135072	0.0	0.0	0.0	0.0	0.0	0.0	0.0	0.0
GSM4138110_HNSCC_1_PBMC_CAAGAAATCACAAACC	57.28883472087616	53.66986042302669	46.49257472400191	47.664950670733774	46.982403598363945	0.0	0.0	0.0	0.0	0.0	0.0	0.0	0.0	0.0	0.0	0.0	0.0	0.0	0.0	0.0	0.0
GSM4138110_HNSCC_1_PBMC_CAAGTTGCATGTTCCC	153.2209301966065	134.01025783896	15.749657309169349	0.0	103.18333579287938	0.0	0.0	59.23713587316749	0.0	28.519802581768566	27.052031086129336	43.70608084732247	0.0	0.0	11.927230098586639	0.0	0.0	0.0	0.0	0.0	0.0
GSM4138110_HNSCC_1_PBMC_CACACTCTCAAGATCC	115.81348284063891	107.78782954783316	78.0866292478775	13.071283578746755	0.0	0.0	0.0	0.0	95.78379517064134	0.0	54.35197068875868	0.0	0.0	4.126887014458937	0.0	0.0	0.0	0.0	0.0	0.0	0.0
GSM4138110_HNSCC_1_PBMC_CACAGGCTCCGCGTTT	77.19989116958993	63.357594364164676	60.33125549958629	89.0574218410971	0.0	0.0	0.0	0.0	0.0	0.0	0.0	0.0	0.0	0.0	0.0	0.0	99.31404674902419	0.0	0.0	0.0	0.0
GSM4138110_HNSCC_1_PBMC_CACAGTAAGTTACCCA	74.32016239560562	53.19779861807695	54.24127580113076	0.0	108.39807277371735	0.0	0.0	0.0	0.0	0.0	0.0	99.19493350266055	0.0	0.0	0.0	0.0	0.0	0.0	0.0	0.0	0.0
GSM4138110_HNSCC_1_PBMC_CACATTTAGTAGCGGT	108.24107100969772	43.93671264051509	41.9363615247436	0.0	59.84889615121455	0.0	0.0	0.0	0.0	82.36228942046922	0.0	0.0	0.0	0.0	0.0	0.0	0.0	0.0	0.0	0.0	0.0
GSM4138110_HNSCC_1_PBMC_CACCACTTCCGCGGTA	60.568686958015455	128.55147830105065	27.287807107648046	39.717911303558054	0.0	0.0	21.250838376828842	0.0	19.90604740563907	0.0	0.0	0.0	0.0	0.0	0.0	0.0	0.0	0.0	0.0	0.0	0.0
GSM4138110_HNSCC_1_PBMC_CAGAGAGAGCCACTAT	74.92270322164313	39.373978858013594	37.50945941341403	0.0	0.0	0.0	0.0	0.0	67.85424807995861	0.0	0.0	0.8952533644130998	0.0	49.88657282200524	0.0	0.0	0.0	0.0	52.79642746615907	0.0	0.0
GSM4138110_HNSCC_1_PBMC_CAGCAGCGTGCAGTAG	55.1017665424864	73.08643658157845	16.73710186966245	0.0	0.0	0.0	0.0	0.0	0.0	0.0	0.0	0.0	30.54912945247502	0.0	0.0	0.0	0.0	0.0	39.05592473053958	0.0	0.0
GSM4138110_HNSCC_1_PBMC_CAGCATAAGTACTTGC	77.46691777234753	71.09407376681176	0.0	0.0	68.92488394551596	0.0	0.0	0.0	0.0	0.0	0.0	0.0	0.0	0.0	7.009068692893175	20.68105296375839	7.182367549365362	0.0	0.0	0.0	78.41050859733896
GSM4138110_HNSCC_1_PBMC_CAGCATATCAGAGGTG	123.22121576846679	144.40225904080953	86.32384695694296	114.62615616456006	0.0	108.35146041575769	0.0	0.0	0.0	0.0	0.0	0.0	0.0	0.0	0.0	0.0	0.0	0.0	0.0	0.0	0.0
GSM4138110_HNSCC_1_PBMC_CAGCTAAGTTCCACGG	86.7433529953276	71.57382696898804	0.0	0.0	87.35452638926556	0.0	0.0	0.0	0.0	0.0	70.98894836045916	0.0	0.0	0.0	49.69069905042913	0.0	0.0	0.0	0.0	0.0	0.0
GSM4138110_HNSCC_1_PBMC_CATCGAAGTACTTCTT	181.8927574254035	57.66619875638772	27.724014411772114	113.08083777139181	0.0	0.0	0.0	20.22897287805436	0.0	0.0	0.0	0.0	51.64490565863118	0.0	0.0	0.0	0.0	0.0	0.0	0.0	0.0
GSM4138110_HNSCC_1_PBMC_CATCGGGAGAGCTTCT	79.48949249259017	35.91584484139891	15.009423694313751	20.231766752148996	0.0	23.72032542099941	0.0	5.83616623638408	0.0	0.0	0.0	0.0	0.0	0.0	0.0	0.0	0.0	0.0	0.0	0.0	0.0
GSM4138110_HNSCC_1_PBMC_CATTATCTCGATCCCT	128.70607913050935	120.79427792014081	0.0	0.0	0.0	0.0	64.11999230676682	31.01374329620522	0.0	128.36924785346756	0.0	0.0	0.0	0.0	0.0	0.0	0.0	0.0	0.0	0.0	33.141701313540985
GSM4138110_HNSCC_1_PBMC_CATTCGCAGTGAAGAG	147.18409019609538	137.72489767894177	82.05837812525053	0.0	0.0	0.0	0.0	0.0	22.674318328701677	0.0	0.0	0.0	0.0	0.0	0.0	0.0	79.6606644349433	83.90540341791618	68.0809590594775	0.0	0.0
GSM4138110_HNSCC_1_PBMC_CCACGGACAGATGGGT	117.52907400495977	138.58507557774635	59.430935397016306	152.0051724655456	0.0	103.74993891206265	0.0	0.0	0.0	0.0	0.0	0.0	0.0	0.0	0.0	0.0	0.0	0.0	0.0	0.0	0.0
GSM4138110_HNSCC_1_PBMC_CCACTACAGGTTCCTA	54.639118005897124	81.84053247003216	64.68531973858424	85.52541558716607	0.0	0.0	0.0	0.0	66.53790837490894	0.0	0.0	0.0	0.0	0.0	0.0	0.0	0.0	0.0	0.0	0.0	0.0
GSM4138110_HNSCC_1_PBMC_CCCAGTTAGGCACATG	65.75174049542787	85.24515769149369	0.0	39.43759090594939	0.0	0.0	0.0	0.0	56.264562836089645	0.0	0.0	0.0	0.0	52.78286374836253	5.454057517679876	0.0	0.0	0.0	0.0	0.0	0.0
GSM4138110_HNSCC_1_PBMC_CCCTCCTGTACAGCAG	96.95465708362899	36.63841476179392	67.46104573785271	0.0	0.0	0.0	0.0	0.0	59.27213201429148	14.030267207923622	0.0	28.947692506699724	0.0	0.0	0.0	0.0	0.0	0.0	0.0	0.0	0.0
GSM4138110_HNSCC_1_PBMC_CCCTCCTTCCATGAAC	69.56836811329585	53.152750344514864	35.558735842369174	49.981436163849615	61.6343738955022	0.0	0.0	0.0	0.0	0.0	0.0	0.0	0.0	0.0	0.0	0.0	0.0	0.0	0.0	0.0	0.0
GSM4138110_HNSCC_1_PBMC_CCGTACTGTTCCAACA	119.49590321460819	102.11978455043392	100.90409255112726	104.68175374024588	73.07051895217005	0.0	0.0	0.0	0.0	0.0	0.0	0.0	0.0	0.0	0.0	0.0	0.0	0.0	0.0	0.0	0.0
GSM4138110_HNSCC_1_PBMC_CCGTACTTCCGATATG	54.930355077853726	42.528731580285005	0.0	35.90189160362595	0.0	44.164707838063066	0.0	35.62626409809763	0.0	0.0	0.8450613702525444	0.0	0.0	0.0	11.274261739960014	0.0	0.0	0.0	0.0	0.0	0.0
GSM4138110_HNSCC_1_PBMC_CCGTGGAAGGAGTACC	101.19719805116739	53.82529104164009	4.482622945823787	0.0	56.65880648792846	0.0	0.0	0.0	0.0	0.0	0.0	0.0	0.0	43.990663828087214	0.0	0.0	0.0	61.18928960571963	0.0	0.0	0.0
GSM4138110_HNSCC_1_PBMC_CCTAAAGAGCGCCTCA	136.5239226450467	179.3731369653879	181.04483077263833	0.0	113.79686446412025	0.0	0.0	0.0	0.0	0.0	57.41176254412929	0.0	0.0	0.0	0.0	41.44487780440766	0.0	0.0	0.0	0.0	0.0
GSM4138110_HNSCC_1_PBMC_CCTACACCACAGGCCT	80.00797120154508	115.16983247157417	0.0	0.0	0.0	0.0	0.0	1.614752007934234	0.0	59.330756916355874	14.534776334512328	0.0	74.97210696506008	0.0	42.13875308034688	7.382812869494376	0.0	0.0	0.0	0.0	0.0
GSM4138110_HNSCC_1_PBMC_CCTATTACACAAGACG	172.04241519741169	114.67098720453833	0.0	0.0	0.0	0.0	0.0	74.571593584032	0.0	0.0	112.06668354603825	0.0	0.0	0.0	0.0	0.0	133.6572619070011	0.0	0.0	0.0	0.0
GSM4138110_HNSCC_1_PBMC_CCTTACGAGAATAGGG	74.95351254253282	49.61624968123237	44.365717549720934	89.45917834897787	0.0	0.0	0.0	5.718954570334192	128.6235264179533	0.0	0.0	0.0	0.0	0.0	0.0	0.0	0.0	0.0	0.0	0.0	0.0
GSM4138110_HNSCC_1_PBMC_CGAACATGTCCAGTAT	87.28161684625762	49.83948939042801	48.52280265816155	0.0	0.0	0.0	51.787971386858324	0.0	0.0	48.63520136432916	0.0	0.0	0.0	0.0	0.0	0.0	0.0	0.0	0.0	0.0	0.0
GSM4138110_HNSCC_1_PBMC_CGATCGGCAACACCCG	63.929429435577774	48.03083782527114	15.343537608520665	0.0	0.0	0.0	30.815006151483875	0.0	8.210459601677176	0.0	0.0	0.0	0.0	0.0	0.0	38.33447804696512	0.0	0.0	0.0	0.0	0.0
GSM4138110_HNSCC_1_PBMC_CGATGTATCCTTTCGG	93.93165687559777	65.64532191804926	48.88785025986954	56.76113301549125	0.0	52.811670399722956	0.0	0.0	0.0	0.0	0.0	0.0	0.0	0.0	0.0	0.0	0.0	0.0	0.0	0.0	0.0
GSM4138110_HNSCC_1_PBMC_CGCGGTAAGACACGAC	35.01358741676305	90.8942079926461	12.125218069371748	7.1426382478908295	0.0	0.0	0.0	0.0	0.0	0.0	0.0	0.0	60.464143168663604	17.6532121255081	0.0	0.0	0.0	0.0	0.0	0.0	0.0
GSM4138110_HNSCC_1_PBMC_CGCGGTATCAGTCCCT	80.40242674737199	45.78818829564366	47.63071559724706	56.50626572395617	0.0	0.0	55.92757234017042	0.0	0.0	0.0	0.0	0.0	0.0	0.0	0.0	0.0	0.0	0.0	0.0	0.0	0.0
GSM4138110_HNSCC_1_PBMC_CGCTATCAGGTAGCCA	112.12994128375234	73.76475320172416	62.59196443371627	34.26412040477325	92.09247477322097	0.0	0.0	21.530358599534402	0.0	0.0	0.0	3.8635577277706386	40.70434569777229	0.0	10.166087101612785	67.4966185880418	0.0	0.0	0.0	0.0	0.0
GSM4138110_HNSCC_1_PBMC_CGCTTCACAGTACACT	115.85752876069326	72.43750240671375	0.0	0.0	0.0	0.0	63.487751603903945	70.53556364028051	0.0	93.8132434636472	0.0	0.0	0.0	0.0	0.0	0.0	0.0	0.0	0.0	0.0	0.0
GSM4138110_HNSCC_1_PBMC_CGGAGCTCAGACGCAA	67.27873029652402	78.5258829974269	28.92679139204855	0.0	0.0	0.0	0.0	0.0	0.0	0.0	0.0	0.0	0.0	0.0	0.0	47.834942031155386	46.011746789587114	0.0	12.767336959312377	0.0	0.0
GSM4138110_HNSCC_1_PBMC_CGGAGCTTCGCCTGAG	128.04008901080056	102.18157801647357	80.19545919902644	42.77899304826621	0.0	0.0	0.0	0.0	0.0	0.0	41.00982514956975	0.0	105.49148116151015	0.0	0.0	0.0	0.0	0.0	0.0	0.0	0.0
GSM4138110_HNSCC_1_PBMC_CGGCTAGTCACATAGC	153.7128996992148	149.46867778955126	0.0	83.88367434544622	102.28023207998508	0.0	0.0	110.20072483076541	0.0	0.0	0.0	0.0	0.0	0.0	0.0	0.0	0.0	0.0	0.0	0.0	0.0
GSM4138110_HNSCC_1_PBMC_CGGCTAGTCAGAGACG	60.6217904507586	121.5868286216849	18.96435647390769	0.0	32.38771873314388	0.0	0.0	0.0	0.0	0.0	0.0	59.562156568570074	17.9935446643455	8.260285464292854	0.0	0.0	0.0	4.778420641526083	0.0	0.0	0.0
GSM4138110_HNSCC_1_PBMC_CGGCTAGTCCTAAGTG	193.00561417789183	41.21391310672659	42.41200832248855	67.2360469886219	99.6259212128157	0.0	0.0	0.0	0.0	0.0	0.0	0.0	0.0	0.0	0.0	6.297082201590158	0.0	0.0	0.0	0.0	0.0
GSM4138110_HNSCC_1_PBMC_CGTAGCGAGAAGGGTA	96.89704336341929	83.30654434231751	0.0	0.0	134.505341815693	0.0	0.0	55.42730963981154	0.0	0.0	47.71357275717359	0.0	0.0	0.0	0.0	0.0	0.0	0.0	0.0	0.0	0.0
GSM4138110_HNSCC_1_PBMC_CGTAGGCGTGGTAACG	67.11866485347332	55.21225203842483	14.879552751108186	28.102256444287942	0.0	91.07591451490502	0.0	0.7665442320278092	0.0	0.0	0.0	0.0	0.0	0.0	29.86564190216001	0.0	0.0	0.0	0.0	0.0	0.0
GSM4138110_HNSCC_1_PBMC_CGTCACTTCAAACCGT	107.32742227005419	64.82634916043395	64.23716470487838	0.0	50.233796708708205	0.0	0.0	0.0	3.5484016162618515	63.94083644315978	0.0	0.0	0.0	0.0	0.0	0.0	24.63697657223871	0.0	0.0	0.0	0.0
GSM4138110_HNSCC_1_PBMC_CGTCCATAGCAGCGTA	48.63308927923883	44.81609617799872	61.82943825633666	16.095734181543012	0.0	0.4261402776454558	0.0	0.0	63.978648188626735	0.5767586776076107	0.0	0.0	0.0	0.0	0.0	0.0	0.0	0.0	0.0	0.0	0.0
GSM4138110_HNSCC_1_PBMC_CGTGTAAAGGTGTGGT	102.50719906798287	80.2434572143136	0.0	0.0	15.27648830967364	0.0	0.0	0.0	0.0	0.6720614903739831	0.0	54.94575632551933	56.188806442273616	83.88647147555378	0.0	0.0	0.0	30.79657477172363	0.0	0.0	0.0
GSM4138110_HNSCC_1_PBMC_CGTTGGGCAGGCGATA	103.35077578068783	74.96094355017983	0.0	15.461755377424884	0.0	0.0	44.05101920077432	44.582354666662106	0.0	0.0	0.0	42.352532446285544	0.0	0.0	7.18187016910807	0.0	1.7752291505431774	0.0	0.0	0.0	0.0
GSM4138110_HNSCC_1_PBMC_CTACACCGTAGCTTGT	52.229859831530035	55.61374967712634	0.0	31.699170081561093	0.0	88.88520910372506	0.0	47.94680942208705	0.0	20.993511763819356	0.0	0.0	0.0	0.0	0.0	0.0	0.0	0.0	0.0	0.0	0.0
GSM4138110_HNSCC_1_PBMC_CTACGTCAGTGGGATC	104.44051044671946	109.48223615775657	0.0	0.0	32.71042281016528	0.0	0.0	81.44233025180166	0.0	0.0	0.0	0.0	0.0	0.0	6.4921777503261495	0.0	0.0	26.283806104844583	0.0	0.0	0.0
GSM4138110_HNSCC_1_PBMC_CTACGTCTCCACGAAT	41.04659370108509	48.628954254370406	54.83730004382967	22.72230777077338	0.0	64.71006446146453	0.0	0.0	0.0	8.59290818938066	0.0	0.0	0.0	0.0	0.0	0.0	0.0	0.0	0.0	0.0	0.0
GSM4138110_HNSCC_1_PBMC_CTAGCCTAGCCAACAG	76.64656221091178	99.61647021993868	43.918438010890945	0.0	0.0	0.0	20.756662049374576	0.0	25.243854442046732	0.0	70.21272370758129	1.5537094063323258	0.0	0.0	0.0	0.0	0.0	0.0	0.0	0.0	0.0
GSM4138110_HNSCC_1_PBMC_CTCAGAATCGAATGGG	99.7990250871297	79.58299225451474	0.0	0.0	70.49159208300946	35.58849387985153	0.0	69.1406875539647	0.0	0.0	96.22439449513901	0.0	0.0	0.0	0.0	0.0	0.0	0.0	0.0	0.0	0.0
GSM4138110_HNSCC_1_PBMC_CTCCTAGCAAGTCTGT	144.23236491715218	62.78409499412984	61.95546148659664	0.0	0.0	0.0	45.353989750541935	0.0	0.0	18.232643697726314	30.44463731989602	0.0	0.0	0.0	0.0	35.76897947495026	0.0	0.0	0.0	7.894724536177917	0.0
GSM4138110_HNSCC_1_PBMC_CTCGGAGAGCAGGTCA	113.4016888624606	106.1226770970341	2.3788459590980335	0.0	0.0	0.0	0.0	74.80193254120464	20.786261343167634	0.0	0.0	0.0	53.95761246555355	0.0	0.0	0.0	0.0	23.72432550322307	25.62379470086856	0.0	0.0
GSM4138110_HNSCC_1_PBMC_CTCGTACTCAGCAACT	87.78965486585128	153.72566678777807	44.82732581130303	0.0	98.20528632942606	0.0	0.0	0.0	0.0	0.0	135.563880292037	0.0	0.0	0.0	0.0	0.0	0.0	0.0	0.0	0.0	0.0
GSM4138110_HNSCC_1_PBMC_CTCGTCAAGCTCTCGG	153.15237269504598	195.79870554717172	88.041206341386	0.0	0.0	0.0	0.0	0.0	0.0	35.362485083228734	0.0	0.0	0.0	0.0	0.0	0.0	165.66170508040878	0.0	0.0	0.0	0.0
GSM4138110_HNSCC_1_PBMC_CTCTACGCAGATCGGA	35.576938395486074	44.36167963802975	49.84545961749545	41.571832777913976	0.0	29.66170494402992	0.0	0.0	0.0	0.0	0.0	0.0	0.0	0.0	0.0	0.0	0.0	0.0	0.0	0.0	0.0
GSM4138110_HNSCC_1_PBMC_CTCTGGTAGACAGGCT	39.65699555167516	34.061667001836604	44.473990959096795	0.0	82.92590085286635	0.0	0.0	0.0	0.0	0.0	0.0	67.07398896252568	0.0	0.0	0.0	0.0	0.0	0.0	0.0	0.0	0.0
GSM4138110_HNSCC_1_PBMC_CTCTGGTCACAGCCCA	140.72119481291637	94.06945067502241	61.35341525688478	53.26206398455182	0.0	87.54370136257035	26.2288597393314	0.0	0.0	0.0	0.0	0.0	0.0	0.0	0.0	0.0	0.0	0.0	0.0	0.0	0.0
GSM4138110_HNSCC_1_PBMC_CTGAAACCAGCCTTGG	75.94111304492469	83.69592073655122	16.650327715972242	66.15355582341456	0.0	64.90782304968302	0.0	0.0	0.0	0.0	0.0	0.0	0.0	5.049074539077632	0.0	0.0	0.0	0.0	0.0	0.0	0.0
GSM4138110_HNSCC_1_PBMC_CTGAAACCAGTATGCT	82.13539295596082	42.428487778394945	58.84897594520714	0.0	64.26033739006724	0.0	0.0	0.0	0.0	0.0	75.8375112154858	0.0	0.0	0.0	0.0	17.822870533776147	28.19878177591163	0.0	0.0	0.0	0.0
GSM4138110_HNSCC_1_PBMC_CTGAAGTCAGCTGCTG	116.81692923476464	44.850648574103516	42.03266765377553	0.0	0.0	0.0	0.0	0.0	68.83891821466916	0.0	0.0	74.5752843929353	0.0	0.0	0.0	0.0	0.0	0.0	0.0	0.0	0.0
GSM4138110_HNSCC_1_PBMC_CTGAAGTGTTCTCATT	83.4524269905139	61.06075041485986	145.15425213049826	23.359235395398407	3.2738540348748484	0.0	2.5070146357405063	0.0	0.0	0.0	0.0	0.0	0.0	0.0	0.0	0.0	0.0	0.0	0.0	23.534503409743728	0.0
GSM4138110_HNSCC_1_PBMC_CTGTTTACAAAGGTGC	89.4583434554065	86.3698916123066	45.28611461652183	46.42881117627052	0.0	9.34913749587107	0.0	0.0	0.0	0.0	0.0	0.0	28.000916989058865	0.0	0.0	0.0	19.041351720515614	0.0	0.0	0.0	0.0
GSM4138110_HNSCC_1_PBMC_CTTAACTGTGACGCCT	49.12116605259	65.24234748891081	0.0	0.0	0.0	83.79076158452592	0.0	54.924608559755285	0.0	0.0	0.0	39.109950736182334	0.0	0.0	0.0	0.0	0.0	0.0	0.0	0.0	0.0
GSM4138110_HNSCC_1_PBMC_CTTAGGAAGGTGATTA	184.31460290775422	124.41563533610936	0.0	88.26849466718481	0.0	0.0	145.95653466615968	134.76470723495075	0.0	0.0	87.72505591789023	0.0	0.0	0.0	0.0	0.0	0.0	0.0	0.0	0.0	0.0
GSM4138110_HNSCC_1_PBMC_CTTAGGACAGAGTGTG	84.58254026518593	63.14034947719135	28.903336845238503	58.4626147125319	0.0	0.0	0.0	0.0	0.0	0.0	0.0	0.0	49.445301242627515	0.0	0.0	0.0	0.0	0.04626487966813951	0.0	0.0	0.0
GSM4138110_HNSCC_1_PBMC_CTTGGCTCAAAGCGGT	121.03361310353507	85.4374271089564	0.0	66.58552976824139	0.0	22.694778080282266	0.0	72.66759756401457	0.0	0.0	0.0	0.0	81.28368061471568	0.0	0.0	0.0	0.0	0.0	0.0	0.0	0.0
GSM4138110_HNSCC_1_PBMC_GAAACTCGTCTTCTCG	162.33914385175953	114.63892219398488	83.04407223626974	139.76740590523744	79.77895558733476	0.0	0.0	0.0	0.0	0.0	0.0	0.0	0.0	0.0	0.0	0.0	0.0	0.0	0.0	0.0	0.0
GSM4138110_HNSCC_1_PBMC_GAAATGAAGAGCAATT	54.41295396142608	54.30353143808605	0.0	39.4174146985501	0.0	0.0	0.0	0.0	44.1342627006621	0.0	0.0	0.0	0.0	0.0	38.07014391435731	0.0	0.0	0.0	0.0	0.0	0.0
GSM4138110_HNSCC_1_PBMC_GAACATCTCGGTTAAC	93.21915046000163	71.29987701690007	39.786925677036486	0.0	39.39486831657601	14.39182588330894	0.0	0.0	0.0	0.0	0.0	69.6887467627178	0.0	0.0	0.0	0.0	0.0	0.0	0.0	0.0	0.0
GSM4138110_HNSCC_1_PBMC_GAACCTATCGGCCGAT	89.58458298276024	94.87617490173761	0.0	0.0	0.0	15.36925183931384	0.0	27.35105540726329	0.0	0.0	85.86108832872287	0.0	0.0	0.0	0.0	0.0	43.76776181405611	0.0	0.0	0.0	0.0
GSM4138110_HNSCC_1_PBMC_GAATGAAGTTGGACCC	42.5396661690872	61.71492992010761	0.0	50.94893593540666	0.0	0.0	0.0	37.70546729345873	0.0	0.0	0.0	0.0	31.7168314077285	0.0	0.0	0.0	0.0	0.0	0.0	0.0	0.0
GSM4138110_HNSCC_1_PBMC_GACAGAGAGAGCCTAG	78.89535991472226	45.24347089978912	13.275500080809833	0.0	0.0	45.247991554111074	0.0	0.0	0.0	38.96558514780203	0.0	0.0	0.0	0.0	0.0	0.0	0.0	0.0	0.0	0.0	0.0
GSM4138110_HNSCC_1_PBMC_GACTAACAGGCAGGTT	78.89127139026199	93.96236304593054	0.0	0.0	111.33837667580895	0.0	0.0	23.26083995484104	0.0	124.93968568030843	0.0	0.0	0.0	0.0	35.53172109772218	0.0	0.0	0.0	0.0	0.0	52.93281692040727
GSM4138110_HNSCC_1_PBMC_GACTGCGGTATCTGCA	94.64517559062502	40.432244034100876	46.55074568848409	25.5069022336469	0.0	0.0	0.0	0.0	42.07709216473906	13.943625716286741	0.0	12.316515717001613	0.0	0.0	0.0	0.0	0.0	0.0	0.0	0.0	21.043968251475413
GSM4138110_HNSCC_1_PBMC_GACTGCGTCTAAGCCA	87.85198460021712	90.51311926628374	108.41612601051646	0.0	0.0	0.0	69.0553823933093	0.0	0.0	112.1066239703502	0.0	0.0	0.0	0.0	0.0	0.0	0.0	0.0	0.0	0.0	0.0
GSM4138110_HNSCC_1_PBMC_GATCGATGTGCTGTAT	169.18536921244717	120.01863275556566	90.50675457480244	52.90387300894979	0.0	0.0	0.0	0.0	0.0	0.0	0.0	0.0	0.0	0.0	0.0	0.0	58.074832489912666	0.0	0.0	0.0	0.0
GSM4138110_HNSCC_1_PBMC_GATCTAGAGGGCTCTC	89.32553225425399	84.13904622692256	16.325461724868696	61.59413574171627	16.01914124059634	37.902555502418004	0.0	0.0	0.0	0.0	0.0	0.0	0.0	0.0	0.0	0.0	0.0	0.0	0.0	0.0	0.0
GSM4138110_HNSCC_1_PBMC_GATCTAGCAAACCTAC	109.0347614776464	106.13164814799238	103.4826741109715	95.33654326687655	66.50476791084657	10.620893303685566	0.0	0.0	0.0	0.0	0.0	0.0	0.0	0.0	0.0	0.0	0.0	0.0	0.0	0.0	0.0
GSM4138110_HNSCC_1_PBMC_GATGAAAAGAAGGGTA	55.81727328433666	42.44071061973608	0.0	0.0	0.0	0.0	0.0	41.839453305564206	57.67726944944214	0.0	0.0	42.75061668389288	0.0	0.0	0.0	0.0	0.0	0.0	0.0	0.0	0.0
GSM4138110_HNSCC_1_PBMC_GATGCTAGTATGGTTC	94.25220382423066	77.98275244730368	0.0	0.0	98.77905079444528	0.0	0.0	11.750295255495608	0.0	0.0	0.0	0.0	0.0	0.0	64.04207221205385	0.0	0.0	27.741395046118882	0.0	0.0	0.0
GSM4138110_HNSCC_1_PBMC_GATTCAGAGCTATGCT	132.9118255639044	96.87965256039347	1.4234985876141164	0.0	0.0	0.0	0.0	1.2927408881688878	148.05777300029834	0.0	0.0	84.64645587639927	0.0	23.4217498662125	0.0	0.0	0.0	0.0	0.0	0.0	15.016831617891947
GSM4138110_HNSCC_1_PBMC_GCACATACATGAACCT	122.36529155432515	62.59997520640814	62.916870698884374	0.0	84.59047699652741	0.0	0.0	0.0	0.0	0.0	0.0	60.43601164521846	0.0	0.0	0.0	0.0	0.0	0.0	0.0	0.0	0.0
GSM4138110_HNSCC_1_PBMC_GCACATAGTCTTCTCG	117.07416697837812	69.02302753772871	14.43967927686943	38.78294259555899	0.0	0.0	0.0	64.00514345280386	0.0	0.0	0.0	0.0	0.0	0.0	7.531386143069545	0.0	91.99223785604532	0.0	0.0	0.0	0.0
GSM4138110_HNSCC_1_PBMC_GCAGTTATCCTACAGA	57.21367271043634	16.385469687930023	25.153997105590637	0.0	6.416832509587472	0.0	39.51544989702484	0.0	0.0	0.0	0.0	0.0	0.0	0.0	0.0	61.60645395986522	0.0	0.0	0.0	0.0	0.0
GSM4138110_HNSCC_1_PBMC_GCATACAAGACACGAC	123.28436315310827	123.6126145519836	92.68423488541	0.0	95.91193244069001	0.0	0.0	0.0	0.0	0.0	0.0	0.0	0.0	33.20196972782027	0.0	0.0	0.0	95.44552576816085	0.0	0.0	0.0
GSM4138110_HNSCC_1_PBMC_GCATGTATCTCATTCA	74.86702169118232	45.35913666004846	0.0	0.0	2.0875751400814426	0.0	0.0	0.0	48.181294429445835	0.0	0.0	12.553664370189615	0.0	0.0	48.847995369852164	0.0	0.0	9.998484545859432	10.038981148686105	0.0	0.0
GSM4138110_HNSCC_1_PBMC_GCGAGAATCTATCCTA	69.8594724443909	81.80529611627531	47.04723475060229	24.994656787955908	0.0	51.897710387185676	0.0	0.0	0.0	0.0	25.906326064598478	0.0	0.0	0.0	0.0	0.0	0.0	0.0	0.0	0.0	0.0
GSM4138110_HNSCC_1_PBMC_GCGCAACCAGTACACT	81.67230116372319	54.318976300886156	27.622281636325727	0.0	1.8789708990797511	0.0	0.0	0.0	0.0	0.0	0.0	36.4429556564374	43.95993802875623	26.881459719522407	0.0	0.0	0.0	0.0	0.0	0.0	0.0
GSM4138110_HNSCC_1_PBMC_GCGCAACTCACCGTAA	111.64610318228621	35.96609292422323	0.0	0.0	60.38395676907317	0.0	0.0	0.0	0.0	0.0	15.102856972109434	0.0	0.0	0.0	0.0	0.0	0.0	0.0	96.1727218949107	0.0	17.911390599672213
GSM4138110_HNSCC_1_PBMC_GCGGGTTTCTGTACGA	109.13863341266202	69.84014246386336	0.0	48.02724218865604	0.0	86.2770788632825	0.0	71.42816410976467	0.0	0.0	0.0	0.0	2.7016223853059604	0.0	0.0	0.0	0.0	0.0	0.0	0.0	0.0
GSM4138110_HNSCC_1_PBMC_GCTGCAGCACAACGCC	75.25698826069042	63.178085225295995	18.28041326529339	0.0	0.0	0.0	0.0	0.0	0.0	12.214946050966953	0.0	0.0	70.22860085943813	49.922257789784595	0.0	0.0	0.0	0.0	0.0	0.0	0.0
GSM4138110_HNSCC_1_PBMC_GGAACTTCAACTGGCC	75.65226383780254	88.03211110970123	69.40170436890496	48.30650940050514	0.0	108.51282998522873	0.0	0.0	0.0	0.0	0.0	0.0	0.0	0.0	0.0	0.0	0.0	0.0	0.0	0.0	0.0
GSM4138110_HNSCC_1_PBMC_GGAATAAAGAACAATC	62.308703704359154	51.47500498376166	0.0	45.26664353473313	0.0	70.31429448358114	0.0	65.06418609556512	0.0	0.0	0.0	0.0	0.0	0.0	0.0	0.0	0.0	0.0	0.0	0.0	0.0
GSM4138110_HNSCC_1_PBMC_GGACATTCACGGTTTA	82.01227395243092	69.51842406327808	47.99252416203419	0.0	0.0	0.0	0.0	0.0	91.73296256078818	0.0	19.180312892691827	7.764088683968256	0.0	0.0	0.0	18.100669106243206	0.0	0.0	0.0	0.0	0.0
GSM4138110_HNSCC_1_PBMC_GGCTCGATCCGCGTTT	62.06366339783625	51.81077570480907	0.0	56.8326574801663	46.427328267868084	0.0	0.0	0.0	0.0	0.0	0.0	0.0	0.0	0.0	64.56507724969433	0.0	0.0	0.0	0.0	0.0	0.0
GSM4138110_HNSCC_1_PBMC_GGGACCTAGCCAGGAT	86.1357944868267	78.6333296503733	24.430367808176012	0.0	68.10948204624523	0.0	0.0	0.0	0.0	0.0	0.0	0.0	0.0	19.1820203717338	0.0	0.0	0.0	0.0	55.058711162395674	0.0	0.0
GSM4138110_HNSCC_1_PBMC_GGGACCTCAGTCACTA	110.10215749667782	94.54771109304446	0.0	139.13601847760162	0.0	37.68469828464276	0.0	17.970411104967386	79.31145673897575	0.0	0.0	0.0	22.420230035959552	0.0	63.24947566745314	0.0	7.580936438520143	0.0	0.0	0.0	42.52077099663019
GSM4138110_HNSCC_1_PBMC_GGGAGATGTGTGCGTC	84.12652309758312	46.66253256615163	23.12679471851423	0.0	0.0	0.0	0.0	0.0	81.75612978940951	0.0	37.78396688970141	0.0	0.0	14.664058479421145	0.0	0.0	0.0	0.0	0.0	0.0	0.0
GSM4138110_HNSCC_1_PBMC_GGGAGATTCACGATGT	46.89163892879442	89.7062187346951	34.872117907642114	0.0	0.0	0.0	22.09762589185502	0.0	7.914040405704049	0.0	39.05942011586109	0.0	0.0	0.0	0.0	0.0	0.0	0.0	0.0	0.0	0.0
GSM4138110_HNSCC_1_PBMC_GGGTTGCGTCCGAAGA	122.71823413933419	82.84304756875049	88.31091259636997	64.32206786888204	45.2482926551981	0.0	0.0	0.0	0.0	0.0	0.0	0.0	18.426467300643747	0.0	0.0	0.0	0.0	0.0	0.0	0.0	0.0
GSM4138110_HNSCC_1_PBMC_GGTGAAGTCGCTTGTC	88.32984857525607	92.41812136674699	54.20823270148266	0.0	0.0	0.0	0.0	0.0	0.0	0.0	0.0	1.3870571138622567	0.0	0.0	0.0	47.011752911616924	0.0	0.0	10.82418391723707	74.19650555640932	0.0
GSM4138110_HNSCC_1_PBMC_GGTGTTACAAACGCGA	127.69418014645109	64.14902502101808	74.89053825198488	76.4305394608349	17.540534529400638	0.0	0.0	0.0	0.0	0.0	0.0	0.0	37.26098880135547	0.0	0.0	0.0	0.0	0.0	0.0	0.0	0.0
GSM4138110_HNSCC_1_PBMC_GTAACTGTCTTCGAGA	76.12359766241852	90.27331293697618	50.44210687861966	73.17313647430315	0.0	66.79470722683412	0.0	0.0	0.0	0.0	0.0	0.0	0.0	28.273925426915678	0.0	0.0	0.0	0.0	0.0	0.0	0.0
GSM4138110_HNSCC_1_PBMC_GTAGGCCAGGTGTGGT	88.75062547797023	48.67914825455037	46.28243803710894	0.0	0.0	0.0	0.0	0.0	47.696971554198946	0.0	33.02009443590572	33.43582866617574	0.0	0.0	0.0	10.40622347077246	0.0	0.0	0.0	0.0	0.0
GSM4138110_HNSCC_1_PBMC_GTAGTCACAGATCCAT	79.09075983836298	62.53454155179659	0.0	0.0	78.76098266193678	0.0	0.0	12.75148679566379	0.0	73.17870238354331	0.0	0.0	2.2179487788254186	0.0	35.08356618291881	0.0	0.0	0.0	0.0	0.0	0.0
GSM4138110_HNSCC_1_PBMC_GTAGTCAGTGGGTCAA	61.72587468016726	41.495780020676555	52.911900260217955	0.0	0.0	0.0	0.0	0.0	51.43408626186667	0.0	0.0	35.95528145804697	0.0	0.0	0.0	0.0	0.0	0.0	0.0	0.0	0.0
GSM4138110_HNSCC_1_PBMC_GTATTCTAGGGTTTCT	131.22211721085307	83.57610781190571	53.609478404750675	126.08415797673607	0.0	0.0	43.25182151100878	0.0	0.0	0.0	0.0	0.0	0.0	0.0	0.0	0.0	0.0	0.0	0.0	0.0	0.0
GSM4138110_HNSCC_1_PBMC_GTATTCTTCCAAACTG	99.85115698673208	81.75672955098776	93.43111218518516	0.0	0.0	1.411580240571392	0.0	0.0	0.0	0.0	0.0	0.0	0.0	0.0	0.0	0.0	0.0	0.0	69.79146443573	83.92555351730121	0.0
GSM4138110_HNSCC_1_PBMC_GTCGTAACAGGAACGT	74.06090551174267	59.390708877068015	37.559379637564476	0.0	0.0	0.0	0.0	0.0	0.0	93.97718377184464	0.0	0.0	0.0	0.0	0.0	0.0	0.0	0.0	0.0	43.72214978226233	0.0
GSM4138110_HNSCC_1_PBMC_GTCGTAAGTATGAAAC	76.37271464628348	46.96818263801712	43.57065338494749	0.0	0.0	7.671602461016016	60.95267138827348	0.0	0.0	26.545537966604716	0.0	0.0	0.0	0.0	0.0	0.0	0.0	0.0	0.0	0.0	0.0
GSM4138110_HNSCC_1_PBMC_GTCTCGTGTACGCACC	101.22250366131041	106.71878204490243	24.95755945982326	0.0	0.0	0.0	0.0	0.0	0.0	57.68097423538715	0.0	0.0	21.013677340607266	0.0	0.0	0.0	0.0	0.0	23.08570292201351	0.0	0.0
GSM4138110_HNSCC_1_PBMC_GTGGGTCAGAATGTGT	79.23592411379835	34.157945411595	4.114262351239848	0.0	0.0	0.0	0.0	0.0	35.304693973299315	0.0	37.47454542746692	0.0	0.0	66.98899058195063	13.113687537231963	0.0	0.0	0.0	0.0	0.0	0.0
GSM4138110_HNSCC_1_PBMC_GTTCATTGTAGCTGCC	100.18601393210035	69.10437029272698	0.0	0.0	0.0	0.0	79.73922363993172	97.74780799451906	37.56190095289199	0.0	79.67417279213151	0.0	0.0	0.0	0.0	0.0	0.0	0.0	0.0	0.0	0.0
GSM4138110_HNSCC_1_PBMC_GTTCATTTCCGCGGTA	101.89099094975275	72.57074417821653	4.348206887207881	66.0591672049594	0.0	26.141514535060228	63.21423336515188	7.473628636587675	0.0	0.0	0.0	0.0	0.0	0.0	0.0	0.0	0.0	0.0	0.0	0.0	47.62359442727123
GSM4138110_HNSCC_1_PBMC_GTTCTCGCACTATCTT	86.19861945522196	70.52018564064618	28.27914413932843	47.30800292477844	0.0	0.0	0.0	0.0	41.17355362862434	0.0	0.0	0.0	0.0	40.69551320312095	0.0	0.0	4.206848547134266	0.0	0.0	0.0	0.0
GSM4138110_HNSCC_1_PBMC_GTTCTCGTCAGAGACG	113.7687656079256	48.32766322643162	0.0	94.74869959227041	0.0	0.0	0.0	0.0	44.973826141456755	0.0	0.0	0.0	3.273370282651888	51.406666949604976	0.0	0.0	0.0	0.0	0.0	0.0	0.0
GSM4138110_HNSCC_1_PBMC_TAAGCGTAGGTGCTTT	180.39726096114896	112.68038255605933	90.98659505115211	0.0	125.88159199566265	0.0	0.0	0.0	0.0	154.53754908629887	0.0	22.37410796013066	0.0	0.0	0.0	0.0	0.0	0.0	0.0	0.0	0.0
GSM4138110_HNSCC_1_PBMC_TACAGTGGTCATCGGC	132.68881190999946	85.4910040349747	58.7251748359655	0.0	74.38307106862992	0.0	0.0	0.0	0.0	0.0	0.0	98.59723955350277	32.50069150470225	0.0	0.0	0.0	0.0	7.97011121949876	0.0	17.68447901171533	0.0
GSM4138110_HNSCC_1_PBMC_TACCTTATCACGATGT	89.10694289036546	121.40031287473312	67.3669802148815	0.0	79.59731929664436	0.0	0.0	0.0	0.0	0.0	0.0	0.0	0.0	0.0	0.0	0.0	0.0	39.013001088012224	61.26945267732258	0.0	0.0
GSM4138110_HNSCC_1_PBMC_TACGGATTCTAACTTC	132.93526277464233	34.24927092160805	9.664170195684468	0.0	0.0	0.0	48.34175307262771	10.757476680077787	4.325712474362845	0.0	0.0	0.0	0.0	0.0	0.0	64.88035192107374	0.0	0.0	0.0	0.0	12.869767202421668
GSM4138110_HNSCC_1_PBMC_TACTTGTAGTCATCCA	112.88075385114917	38.397842571691136	34.94406650343661	106.9665484572448	66.83557047243859	10.781813927268413	7.128868993410075	0.0	0.0	0.0	0.0	0.0	0.0	9.408447690509789	0.0	0.0	0.0	0.0	0.0	0.0	0.0
GSM4138110_HNSCC_1_PBMC_TACTTGTTCAGAGCTT	101.96401871250303	59.367586171612466	0.0	0.0	0.0	0.0	0.0	0.0	0.0	0.0	39.75005083523575	0.0	100.901303196062	0.0	138.37829010665357	0.0	0.0	0.0	0.0	0.0	0.0
GSM4138110_HNSCC_1_PBMC_TAGACCAGTCCGAGTC	92.07402566122899	74.87389505467053	6.536434793240958	61.459901926228575	25.186742578270177	0.0	0.0	13.529063711106403	0.0	0.0	0.0	33.2714130361989	0.0	33.5279407244482	0.0	0.0	0.0	0.0	0.0	61.27323509751906	0.0
GSM4138110_HNSCC_1_PBMC_TAGAGCTGTTCCCTTG	85.82457500710062	49.68844138293949	41.29018584084291	0.0	0.0	0.0	0.0	0.03440312390914133	57.78944330386615	33.180668507956575	0.0	0.0	6.765069655946556	0.0	20.59289664426391	24.80958940586488	0.0	0.0	0.0	0.0	0.0
GSM4138110_HNSCC_1_PBMC_TATCTCACACGGCGTT	103.07000514485549	86.27564277995295	59.501445676146524	40.70307097446001	75.290049821016	0.0	0.0	28.680305465082068	0.0	0.0	0.0	0.0	0.0	0.0	0.0	0.0	0.0	0.0	0.0	0.0	0.0
GSM4138110_HNSCC_1_PBMC_TATCTCATCAACGGGA	145.66519341030173	82.26438057002186	58.026234590437085	62.36789611433139	0.0	112.05559203127375	0.0	0.0	0.0	0.0	0.0	0.0	0.0	0.0	0.0	0.0	0.0	0.0	0.0	0.0	0.0
GSM4138110_HNSCC_1_PBMC_TCACGAATCTGTCCGT	124.53990665478031	62.966772182145796	48.27669941260564	0.0	97.62883659954748	0.0	0.0	0.0	0.0	0.0	3.5468665841646136	67.64397101078377	0.0	0.0	0.0	0.0	0.0	0.0	0.0	0.0	0.0
GSM4138110_HNSCC_1_PBMC_TCAGATGTCCGCGTTT	82.51717743692058	79.48869341799255	42.6570679062521	34.70925382380566	55.981025772910726	0.0	0.0	0.0	0.0	0.0	0.0	0.0	0.0	0.0	0.0	0.0	0.0	33.53374084579452	0.0	0.0	0.0
GSM4138110_HNSCC_1_PBMC_TCAGCAAAGGCGCTCT	52.89016909291407	150.59157404417147	18.194187980738494	18.581909617015192	5.631846267910522	0.0	56.62504655401515	0.0	0.0	0.0	0.0	0.0	0.0	0.0	0.0	0.0	0.0	0.0	0.0	0.0	0.0
GSM4138110_HNSCC_1_PBMC_TCATTACAGCGCTCCA	157.58133652563356	49.06340228375808	59.98906033590678	42.937538859085485	0.0	55.94445362040221	0.0	0.0	0.0	0.0	0.0	0.0	28.869168133520233	0.0	0.0	0.0	0.0	0.0	0.0	0.0	0.0
GSM4138110_HNSCC_1_PBMC_TCCCGATAGTGGAGAA	59.833378645238405	64.89004360192077	0.0	0.0	0.0	0.0	0.0	1.9469763606204553	58.71449249503826	0.0	0.0	24.29913419920821	0.0	0.0	17.293546801554193	0.0	0.0	0.0	0.0	0.0	0.0
GSM4138110_HNSCC_1_PBMC_TCGCGAGGTAGCACGA	111.41567160430228	103.24538228334458	70.9947219412418	1.9040658353191875	0.0	106.2538915966874	0.0	0.0	0.0	0.1250099795394829	0.0	112.51145514279854	0.0	0.0	0.0	0.0	0.0	0.0	0.0	0.0	0.0
GSM4138110_HNSCC_1_PBMC_TCGGGACTCAACGAAA	79.1133049846689	87.06445421316319	18.114368368734542	0.0	0.0	0.0	72.63974761903417	0.0	0.0	0.0	9.990962703780387	0.0	0.0	0.0	0.0	66.31670965293077	0.0	0.0	0.0	0.0	0.0
GSM4138110_HNSCC_1_PBMC_TCGGGACTCGAGAGCA	120.62232295916303	125.58513953626922	144.5813100021385	59.997868525199145	0.0	0.0	0.0	0.0	104.735383468653	14.305058890000195	0.0	0.0	0.0	0.0	0.0	0.0	0.0	0.0	0.0	0.0	0.0
GSM4138110_HNSCC_1_PBMC_TCGGTAATCACTCTTA	68.03039303868276	73.29130429699082	45.28604180833297	0.0	99.22774549577053	0.0	0.0	0.0	0.0	0.0	47.008069897531264	0.0	0.0	0.0	0.0	0.0	0.0	0.0	0.0	0.0	0.0
GSM4138110_HNSCC_1_PBMC_TCGTACCTCCGCAAGC	141.77145965012178	250.33430683144465	188.32612539977393	65.00707257948999	0.0	108.35788329519858	0.0	0.0	0.0	0.0	0.0	0.0	0.0	0.0	0.0	0.0	0.0	35.960985164051124	0.0	13.974927505888774	0.0
GSM4138110_HNSCC_1_PBMC_TCGTACCTCTGCCCTA	177.7443717887262	121.31035288924984	65.95686831643359	0.0	159.07589694573625	0.0	0.0	0.0	0.0	0.0	185.56488468847022	0.0	0.0	0.0	0.0	0.0	0.0	0.0	0.0	0.0	0.0
GSM4138110_HNSCC_1_PBMC_TCTATTGGTCTAAAGA	75.79646762764351	57.77883497491376	38.60850452136204	0.0	0.0	0.0	0.0	0.0	69.6197831700906	0.0	0.0	0.0	12.612140399857168	0.0	0.0	75.98906306404197	0.0	0.0	0.0	0.0	0.0
GSM4138110_HNSCC_1_PBMC_TCTATTGGTTGGTTTG	121.06587071879765	51.9453751325264	0.0	0.0	0.0	0.0	46.42729023550078	45.107448015452526	21.90248973635622	0.0	0.0	32.22151007610652	0.0	0.0	0.0	37.96026696114733	0.0	0.0	0.0	0.0	0.0
GSM4138110_HNSCC_1_PBMC_TCTATTGTCTGCAGTA	88.67639818055302	44.182245864286166	0.0	0.0	0.0	0.0	0.0	0.0	30.290302543882575	0.0	0.0	38.62268151793885	0.0	0.0	55.35893681907914	0.0	0.0	0.0	0.0	0.0	0.0
GSM4138110_HNSCC_1_PBMC_TCTGAGACAGATAATG	104.32760248915929	87.07964863352616	94.79608459245254	0.0	73.81226477553751	0.0	0.0	0.0	0.0	0.0	0.0	12.491375498993918	25.33362761291481	0.0	0.0	84.89244158533975	0.0	0.0	0.0	0.0	0.0
GSM4138110_HNSCC_1_PBMC_TCTGAGAGTAAGAGAG	106.25257466699948	65.40459356770204	0.0	0.0	13.494624846606012	0.0	46.61613513975955	55.57791352432786	0.0	47.81839804289006	0.0	0.0	0.0	0.0	0.0	20.66481974085719	0.0	0.0	0.0	0.0	0.0
GSM4138110_HNSCC_1_PBMC_TCTGAGATCCTTTCTC	86.02384345203787	61.22497665097522	0.0	0.0	11.825590117573922	0.0	0.0	0.0	0.0	0.0	0.0	0.0	90.82580382492755	49.0776045583198	0.0	0.0	0.0	68.0893874550203	0.0	0.0	0.0
GSM4138110_HNSCC_1_PBMC_TCTGGAATCTCAAACG	79.10086753784219	60.770876217815555	19.769228246781793	0.0	32.963338508398046	0.0	48.97763786949716	16.55814423570869	0.0	51.41106889422755	0.0	0.0	0.0	0.0	0.0	0.0	26.513322000284084	0.0	0.0	0.0	7.795578626331305
GSM4138110_HNSCC_1_PBMC_TCTTTCCAGTGGGCTA	79.23911640012383	64.29041571826458	44.438996350994074	0.0	0.0	0.0	0.0	0.0	101.35805671280552	0.0	0.0	0.0	0.0	0.0	0.0	0.0	0.0	0.0	69.7504092914138	0.0	0.0
GSM4138110_HNSCC_1_PBMC_TGAAAGACACTTCGAA	49.47560458772162	26.25449887642532	12.120025034128162	0.0	0.0	0.0	3.243446321315894	0.0	25.71139731164334	0.0	0.0	0.0	6.311376620146803	47.29439807544653	0.0	0.0	28.773462288040207	17.831088821288855	0.0	5.369934966356478	0.0
GSM4138110_HNSCC_1_PBMC_TGACAACGTTAAGGGC	106.38884576204838	115.55050368345441	67.25470733777875	97.64157817719388	0.0	0.0	11.375463865153574	0.0	0.0	0.0	0.0	0.0	94.64935706748274	0.0	0.0	0.0	0.0	0.0	0.0	0.0	0.0
GSM4138110_HNSCC_1_PBMC_TGACGGCAGCGCCTTG	90.2098663645468	43.766945435307356	0.0	32.90822592717748	0.0	0.0	0.0	0.0	0.0	0.0	51.1094580373734	0.0	107.41473768281256	0.0	42.284998339717646	0.0	48.958790925274585	0.0	0.0	0.0	0.0
GSM4138110_HNSCC_1_PBMC_TGACGGCGTTACGACT	107.14652600206485	56.600666223431936	47.67664787333064	0.0	63.44623424370925	0.0	0.0	0.0	0.0	0.0	60.419668574588805	0.0	0.0	0.0	0.0	0.0	0.0	0.0	0.0	0.0	0.0
GSM4138110_HNSCC_1_PBMC_TGACGGCTCGGTTCGG	112.35021851223638	81.1522662263488	66.87278829075314	0.0	0.0	0.0	0.0	0.0	58.37594088569561	92.12673589595893	0.0	0.0	0.0	0.0	0.0	0.0	0.0	0.0	0.0	0.0	0.0
GSM4138110_HNSCC_1_PBMC_TGACTAGAGAACTGTA	39.83863128090648	39.188023873002706	46.48828927182517	0.0	38.4972658980184	0.0	0.0	0.0	3.460472199600889	0.0	0.0	5.273924575252674	31.283876247140338	0.0	0.0	0.0	0.0	0.0	0.0	0.0	0.0
GSM4138110_HNSCC_1_PBMC_TGAGCATGTATTCTCT	208.87669978818445	243.22394550239855	21.75812712686425	0.0	157.50811466003955	0.0	0.0	11.67156413850431	0.0	92.95085174232423	0.0	0.0	0.0	0.0	0.0	60.522741889028914	0.0	0.0	0.0	0.0	48.83435485508791
GSM4138110_HNSCC_1_PBMC_TGCACCTTCCAGGGCT	182.07113911698355	80.0887781287058	55.41906086808228	166.82567183371722	0.0	105.48256106013999	0.0	0.0	0.0	0.0	0.0	0.0	0.0	0.0	0.0	0.0	0.0	0.0	0.0	0.0	0.0
GSM4138110_HNSCC_1_PBMC_TGCCAAATCGCGGATC	124.46741489777179	47.90764955836112	27.804756986036814	0.0	0.0	0.0	0.0	0.0	16.508637544820417	95.29595225915338	0.0	0.0	72.68017658162024	0.0	0.0	0.0	0.0	0.0	0.0	0.0	0.0
GSM4138110_HNSCC_1_PBMC_TGCCAAATCTTCCTTC	52.32587205418648	58.31085231235865	28.91231727561072	0.0	0.0	0.0	0.0	0.0	0.0	0.0	0.0	0.0	0.0	18.67246056654062	0.0	87.69346573179853	0.0	0.0	0.0	49.858650001269545	0.0
GSM4138110_HNSCC_1_PBMC_TGCCCATGTGGTCCGT	81.63829381313741	67.49615698816122	59.485451087955504	0.0	55.34545376100694	0.0	0.0	0.0	0.0	24.36656100635823	0.0	26.30208217517476	0.0	0.0	0.0	0.0	0.0	0.0	0.0	0.0	0.0
GSM4138110_HNSCC_1_PBMC_TGCCCTACAAAGCAAT	100.78019295892591	72.60611522267165	23.46457701547056	58.76333707252655	0.0	0.0	0.0	0.0	0.0	0.0	0.0	0.0	68.55905105891097	53.53239858310683	0.0	0.0	20.34509475616161	0.0	0.0	0.0	0.0
GSM4138110_HNSCC_1_PBMC_TGCCCTAGTGTCGCTG	86.11960416233764	84.5390717156898	17.916574307683845	49.465508349186976	0.0	130.543566947763	0.0	0.0	0.0	0.0	0.0	0.0	0.0	0.0	0.0	0.0	0.0	0.0	0.0	0.0	0.0
GSM4138110_HNSCC_1_PBMC_TGCGCAGAGGGCATGT	194.747005163504	170.32892465582214	0.0	0.0	118.71031230007117	0.0	0.0	107.65867584327172	0.0	0.0	99.47769949855551	0.0	0.0	0.0	0.0	0.0	0.0	0.0	0.0	0.0	40.20194058622606
GSM4138110_HNSCC_1_PBMC_TGCTACCCACTACAGT	124.48279668269423	111.61081199557886	69.50963012525781	76.056896191469	0.0	78.61104797507272	0.0	0.0	0.0	0.0	0.0	0.0	0.0	0.0	0.0	0.0	0.0	0.0	0.0	0.0	0.0
GSM4138110_HNSCC_1_PBMC_TGCTACCCATTACGAC	89.12133353869565	66.31628403561547	34.44872692651811	42.906923065860305	0.0	0.0	51.90474274855934	0.0	0.0	0.0	0.0	0.0	0.0	3.720363742888285	0.0	0.0	0.0	0.0	0.0	0.0	0.0
GSM4138110_HNSCC_1_PBMC_TGCTACCTCAACCAAC	74.16021711275424	125.23470494284454	33.270587771408756	37.55466437254623	35.49956337940123	0.0	0.0	0.0	0.0	0.0	0.0	0.0	0.0	28.342804600114846	0.0	0.0	0.0	0.0	0.0	0.0	0.0
GSM4138110_HNSCC_1_PBMC_TGGACGCGTCATACTG	140.9997078842439	105.64235956233505	0.0	0.0	0.0	0.0	0.0	0.0	0.0	73.18333965897031	0.0	0.0	85.34080919101649	75.89543907811283	0.0	0.0	0.0	0.0	0.0	0.0	7.259694762549517
GSM4138110_HNSCC_1_PBMC_TGGCCAGTCCTTAATC	152.28959314035401	81.7389616523117	41.91338552491003	133.6036680680975	0.0	2.3732706246753805	34.927627594926086	0.0	0.0	0.0	0.0	0.0	20.2867758545703	0.0	0.0	0.0	0.0	0.0	0.0	0.0	0.0
GSM4138110_HNSCC_1_PBMC_TGGCTGGCAGTCGATT	176.07900149913525	200.9644796419596	65.28670974843769	0.0	99.35297305434997	0.0	0.0	0.0	0.0	0.0	147.4775783077689	0.0	0.0	0.0	0.0	0.0	0.0	0.0	0.0	0.0	0.0
GSM4138110_HNSCC_1_PBMC_TGGGAAGCAATGGAGC	95.40154930042102	23.96966280838514	0.0	49.48225479343299	0.0	0.0	46.86488430604785	36.34130531473867	0.0	0.0	0.0	0.0	0.0	0.0	0.0	0.0	0.0	0.0	0.0	0.0	0.0
GSM4138110_HNSCC_1_PBMC_TGGGCGTAGGGAGTAA	88.17234534289283	97.04404006733509	27.154820249018563	0.0	0.0	0.0	56.03049750889256	0.0	0.0	51.97923336153331	0.0	0.0	0.0	0.0	0.0	0.0	0.0	0.0	0.0	0.0	0.0
GSM4138110_HNSCC_1_PBMC_TGGGCGTGTTCGCGAC	124.4511628430473	81.22865439555106	25.387184115109182	50.24439212097692	0.0	0.0	0.0	0.0	22.98305084969141	0.0	0.0	0.0	10.264914418149976	2.6494045689736145	0.0	0.0	0.0	0.0	0.0	0.0	0.0
GSM4138110_HNSCC_1_PBMC_TGGGCGTTCAACTCTT	11.850638529418175	35.847250447606086	11.089951445091257	31.864193473266152	0.0	0.0	0.0	0.0	0.0	0.0	0.0	0.0	12.5871632716322	87.38284038889358	0.0	0.0	82.52430362153312	0.0	0.0	0.0	0.0
GSM4138110_HNSCC_1_PBMC_TGGTTAGGTAGAAAGG	77.9038068809681	45.095449739022	0.0	70.54011779817093	0.0	44.134512191661834	0.0	0.0	0.0	0.0	0.0	0.0	0.0	40.10372686183359	0.0	0.0	0.0	0.0	0.0	0.0	0.0
GSM4138110_HNSCC_1_PBMC_TGGTTAGTCGTCCGTT	157.52932931270152	108.47083125464226	29.87000954596384	77.3382860285683	0.0	0.0	0.0	22.643526854601134	0.0	0.0	0.0	0.0	0.0	0.0	0.0	0.0	83.66991510242482	0.0	0.0	0.0	0.0
GSM4138110_HNSCC_1_PBMC_TTAACTCGTGTTCTTT	50.05534231363025	31.43620109375178	71.9327673878804	38.491580497525334	0.0	0.0	0.0	0.0	0.0	0.0	0.0	0.0	102.79480700424843	0.0	0.0	0.0	0.0	0.0	0.0	0.0	0.0
GSM4138110_HNSCC_1_PBMC_TTAACTCGTTAGTGGG	184.4193819140284	84.22280800640897	53.58052269855765	104.7233995695116	0.0	0.0	0.0	0.12478240710880663	105.43691832107629	0.0	0.0	0.0	0.0	0.0	0.0	0.0	0.0	0.0	0.0	0.0	0.0
GSM4138110_HNSCC_1_PBMC_TTAGGCATCATGTCCC	70.44041518074539	45.828954950632124	0.0	0.0	0.0	0.0	31.40187557439332	37.95069554617889	21.87298774366422	0.0	52.75646010285014	0.0	0.0	0.0	0.0	0.0	0.0	0.0	0.0	0.0	0.0
GSM4138110_HNSCC_1_PBMC_TTCTACAGTTGTGGAG	26.201896852506774	28.157505692607323	0.0	0.0	35.74599498728464	0.0	0.0	0.0	0.0	0.0	0.0	0.0	0.0	0.0	39.74725406314349	1.8064352583744707	0.0	0.0	146.81894892533413	0.0	0.0
GSM4138110_HNSCC_1_PBMC_TTCTCAATCCTCTAGC	113.51508321461054	75.49362244847184	0.0	38.571940362604956	115.2880949339576	0.0	0.0	0.0	0.0	0.0	29.851248177307628	0.0	0.0	0.0	59.910939707320395	0.0	0.0	0.0	0.0	0.0	0.0
GSM4138110_HNSCC_1_PBMC_TTCTCCTTCCCGACTT	62.84736173300947	84.13896402983907	0.0	56.85891725726587	1.7116988082486946	0.0	0.0	0.0	0.0	0.0	0.0	0.0	26.945283736583097	0.0	0.0	0.0	0.0	0.0	0.0	0.0	37.77655924288897
GSM4138110_HNSCC_1_PBMC_TTGACTTCATGGAATA	89.1733268115816	56.00710925305592	47.30725965606492	78.44006333103233	72.74678329823038	0.0	0.0	12.788167359333048	0.0	0.0	0.0	0.0	0.0	0.0	0.0	0.0	0.0	0.0	0.0	0.0	0.0
GSM4138110_HNSCC_1_PBMC_TTGACTTTCAGGTAAA	109.10541860859574	90.17206667112876	59.031291533209675	54.34051333612956	65.64786546764545	0.0	0.0	0.0	0.0	0.0	0.0	0.0	0.0	0.0	0.0	0.0	0.0	0.0	0.0	0.0	0.0
GSM4138110_HNSCC_1_PBMC_TTGTAGGCAGCGTTCG	54.57867202804337	26.23711947950949	62.31885243273488	0.0	0.0	28.302541524401448	0.0	0.0	0.0	0.0	0.0	39.406944223801894	0.0	0.0	0.0	0.0	0.0	0.0	0.0	0.0	0.0
GSM4138110_HNSCC_1_PBMC_TTTACTGGTTCTGGTA	50.461031813810486	54.185634938580456	38.41800349407818	0.0	0.0	0.0	0.0	0.0	2.4754733605828747	0.0	0.0	0.0	24.916569895983283	0.0	0.0	0.0	0.0	27.408882051325072	28.373473782169174	0.0	0.0
GSM4138110_HNSCC_1_PBMC_TTTATGCGTTTGTGTG	55.1776168841991	47.68924298161319	24.74997097082012	0.0	24.292263537072365	0.0	0.0	0.9167721821673053	0.0	0.0	0.0	50.74294927763534	0.0	0.0	0.0	0.0	0.0	0.0	0.0	37.657435270586774	0.0
GSM4138110_HNSCC_1_PBMC_TTTCCTCCAGATCCAT	115.10472808977352	60.623589167160326	70.60808507574825	60.59857007879916	0.0	54.075980489483776	0.0	0.0	0.0	0.0	0.0	0.0	0.0	0.0	0.0	0.0	0.0	0.0	0.0	0.0	0.0
GSM4138110_HNSCC_1_PBMC_TTTCCTCGTTCGCGAC	126.63415685112005	67.95281126773993	44.03011638315708	117.8117600316599	0.0	0.0	0.0	0.0	0.0	0.0	0.0	0.0	125.54490775508715	8.62810236666125	0.0	0.0	0.0	0.0	0.0	0.0	0.0
GSM4138110_HNSCC_1_PBMC_TTTGCGCCACGAAATA	88.75463765258742	67.97830819610189	89.05706382086078	0.0	0.0	0.0	33.58212179009011	0.0	26.966974427402885	50.80012827150023	0.0	0.0	0.0	0.0	0.0	0.0	0.0	0.0	0.0	0.0	0.0
GSM4138110_HNSCC_1_PBMC_TTTGCGCGTTTCCACC	30.637369105917404	79.49445690424754	0.0	0.0	86.63350328379653	0.0	0.0	0.0	0.0	0.0	66.93954375885932	0.0	0.0	0.0	0.0	0.0	0.0	0.0	0.0	0.0	55.55167639293059
GSM4138110_HNSCC_1_PBMC_TTTGGTTAGAATTGTG	86.67065713710855	73.05681167388799	10.585084879706422	35.45308767124206	78.61954632360387	0.0	0.0	24.276319090325444	0.0	0.0	0.0	37.70779511654025	0.0	0.0	0.0	0.0	0.0	0.0	0.0	0.0	0.0
GSM4138110_HNSCC_1_PBMC_TTTGGTTAGAGCAATT	81.3340589148494	102.42214989520322	48.360062158914246	35.432340347831094	0.0	0.0	0.0	0.0	0.0	0.0	0.0	5.668750180419338	0.0	26.766043016369213	0.0	17.222673259114618	122.05584383575321	0.0	0.0	0.0	0.0
GSM4138110_HNSCC_1_PBMC_TTTGGTTGTCCGTGAC	105.03446821429617	83.86885858129932	0.0	0.0	0.15075804712786378	0.0	41.17762840501583	72.30630615714321	0.0	0.0	68.42727067365425	0.0	0.0	0.0	0.0	0.0	0.0	0.0	0.0	0.0	0.0
GSM4138110_HNSCC_1_PBMC_TTTGTCAAGTACGATA	130.38055643916698	99.26231564865856	65.06086292637472	0.0	0.0	0.0	0.0	0.0	0.7076723021879738	12.952932512899869	0.0	49.15645136606275	31.032205035626045	0.0	0.0	26.70601729662733	44.47930462014405	0.0	0.0	2.017596920815847	0.0
GSM4138110_HNSCC_1_PBMC_TTTGTCATCAGGCAAG	61.750503918551104	89.61743051677531	62.1911619859435	13.697703121083233	0.0	0.0	51.03580512837737	0.0	0.0	0.0	0.0	0.0	59.281036526458095	0.0	0.0	0.0	0.0	39.60482615016593	0.0	0.0	0.0
GSM4138110_HNSCC_1_PBMC_TTTGTCATCGCGTAGC	73.09747901505325	106.50547540236641	42.02861210049389	50.60563386922342	0.0	0.0	0.0	0.0	0.0	0.0	0.0	0.0	48.20546879978301	0.0	0.0	0.0	0.0	0.0	0.0	0.0	0.0
GSM4138110_HNSCC_1_PBMC_ACGGAGAAGCAGGCTA	110.67856748857183	102.52751133647375	0.0	41.77379540668004	46.76940915512091	0.0	0.0	17.102138318887803	0.0	0.0	0.0	0.0	0.0	0.0	62.72828949219341	0.0	0.0	0.0	0.0	0.0	0.0
GSM4138110_HNSCC_1_PBMC_ACTATCTGTCGAGTTT	152.35100814356852	126.30998037813168	89.59842487624358	97.69654623651748	95.81331659520836	0.0	0.0	0.0	0.0	0.0	0.0	0.0	0.0	0.0	0.0	0.0	0.0	0.0	0.0	0.0	0.0
GSM4138110_HNSCC_1_PBMC_CAGTCCTGTAGAAGGA	111.32948023651053	67.0513811567773	0.0	42.80835847167404	0.0	25.134729789518694	56.06006105182849	62.5830031781426	0.0	0.0	3.1531920063992214	23.127055251707436	0.0	0.0	0.0	0.0	0.0	0.0	0.0	0.0	0.0
GSM4138110_HNSCC_1_PBMC_CGATGTATCGGTCTAA	90.02749192004153	91.40643983528611	35.40861428913728	0.0	43.431097091861204	0.0	0.0	0.0	0.0	0.0	0.0	79.81652712422267	0.0	0.0	0.0	0.0	0.0	0.0	0.0	0.0	0.0
GSM4138110_HNSCC_1_PBMC_GACCTGGTCGCCAAAT	109.49588936532828	85.54541022483143	51.97769037576515	0.0	0.0	0.0	86.55340375928985	0.0	0.0	80.89134588970936	0.0	0.0	0.0	0.0	0.0	0.0	0.0	0.0	0.0	0.0	0.0
GSM4138110_HNSCC_1_PBMC_TACGGTACATGGTCAT	171.90880348415914	139.7156345621195	120.40406024553096	63.30159499866538	89.66208319194692	30.723045093887656	0.0	0.0	0.0	18.411643824847552	0.0	35.533291615556024	0.0	0.0	0.0	0.0	0.0	0.0	0.0	0.0	0.0
GSM4138110_HNSCC_1_PBMC_TTAGTTCTCGCGGATC	73.53661769060263	64.68100650374008	51.402450514756886	0.0	41.43026699165635	0.0	0.0	0.0	0.0	59.84579577076231	0.0	0.0	0.0	0.0	0.0	0.0	0.0	0.0	0.0	0.0	0.0
GSM4138110_HNSCC_1_PBMC_AAAGCAACACGCGAAA	165.88415519862133	138.01147822655673	25.730166700601778	130.0722031633278	159.47905532569166	0.10137992982507132	0.0	0.0	0.0	0.0	0.0	0.0	0.0	0.0	0.0	0.0	0.0	0.0	0.0	0.0	0.0
GSM4138110_HNSCC_1_PBMC_AACTTTCGTGTATGGG	87.74496185890015	66.86154243708869	0.0	0.0	25.87982141723462	0.0	0.0	7.620781682461203	0.0	0.0	82.37483128973234	0.0	0.0	0.0	0.0	0.0	0.0	0.0	0.0	0.0	0.0
GSM4138110_HNSCC_1_PBMC_AAGGAGCAGGGAAACA	152.2031313050003	75.98197516401906	39.77621912314214	0.13138257320859797	0.0	0.0	48.310282106360866	14.624364665279732	0.0	0.0	0.0	0.0	0.0	0.0	0.0	0.0	0.0	0.0	77.37165169809106	0.0	0.0
GSM4138110_HNSCC_1_PBMC_AATCGGTGTAATCACC	142.33872200555132	92.81752366811806	32.76129875168805	87.79177977875925	0.0	118.05308640632529	0.0	0.0	0.0	0.0	0.0	0.0	0.0	0.0	0.0	0.0	0.0	0.0	0.0	0.0	0.0
GSM4138110_HNSCC_1_PBMC_ATAACGCTCACAACGT	380.6168415276234	182.53554134169667	101.40772521733636	0.0	0.0	178.07635883170767	0.0	0.0	0.0	80.61542313308638	0.0	73.1781914808129	0.0	0.0	0.0	0.0	0.0	0.0	0.0	0.0	0.0
GSM4138110_HNSCC_1_PBMC_ATCATCTTCTGGCGAC	271.69551481714836	243.5545739294227	0.0	0.0	0.0	115.38910321476001	0.0	0.0	0.0	0.0	0.0	149.41805167306833	0.0	0.0	96.84099173756597	0.0	0.0	0.0	0.0	0.0	0.0
GSM4138110_HNSCC_1_PBMC_ATCCGAATCGTTTATC	172.9249983572463	162.6890582405936	36.76140462576111	99.1006315531332	70.40358836120471	0.0	0.0	0.0	0.0	0.0	0.0	0.0	0.0	0.0	0.0	0.0	0.0	0.0	0.0	0.0	0.0
GSM4138110_HNSCC_1_PBMC_ATGCGATTCGTGGGAA	190.1055797312771	138.65867950501138	112.54092337769453	0.0	81.79927289170809	0.0	0.0	0.0	0.0	40.04672368998417	0.0	43.906809927502195	0.0	0.0	0.0	0.0	0.0	0.0	0.0	0.0	0.0
GSM4138110_HNSCC_1_PBMC_CAAGAAATCAGGCAAG	88.97708553040015	79.13443051998371	39.93928584363307	0.0	73.7725671683814	0.0	0.0	0.0	0.0	65.87127978117341	0.0	0.0	0.0	0.0	0.0	0.0	0.0	0.0	0.0	0.0	0.0
GSM4138110_HNSCC_1_PBMC_CACAGGCCACACCGAC	229.18267757910218	267.2454527924575	76.38760762918722	145.4128237659778	0.0	79.64550605681644	0.0	0.0	0.0	0.0	0.0	0.0	0.0	12.969066171812184	0.0	0.0	83.48003136114772	0.0	0.0	0.0	0.0
GSM4138110_HNSCC_1_PBMC_CACTCCATCTGTACGA	59.39237212322815	78.10502349885884	13.62666895034144	92.20791362773173	0.0	50.08365780592205	0.0	0.0	0.0	0.0	0.0	0.0	0.0	0.0	0.0	0.0	0.0	0.0	0.0	0.0	0.0
GSM4138110_HNSCC_1_PBMC_CCTTCCCTCGCCTGTT	69.38499388287748	46.562958422730894	67.46295948972785	0.0	0.0	41.32238055884668	0.0	0.0	0.0	0.0	38.863576133078965	2.915673856299804	0.0	0.0	0.0	0.0	0.0	0.0	0.0	0.0	0.0
GSM4138110_HNSCC_1_PBMC_CGATTGAAGACTAAGT	185.08591985226138	119.63252866627926	0.0	0.0	0.0	64.36536006619829	0.0	70.95616639343442	0.0	85.2580114382555	0.0	11.870188501589338	0.0	0.0	0.0	0.0	0.0	0.0	0.0	0.0	0.0
GSM4138110_HNSCC_1_PBMC_CGGACGTTCTGAGTGT	66.34343890235358	32.80554279723624	29.33090951193695	48.58820110267345	0.0	0.0	16.823641009192574	0.0	64.34656854456824	0.0	0.0	0.0	0.0	2.9997463159281064	0.0	0.0	12.707020241041784	0.0	0.0	3.5650735139100256	0.0
GSM4138110_HNSCC_1_PBMC_CGGGTCATCCCAACGG	84.30087904619737	65.111056827301	0.0	0.0	0.0	0.0	0.0	9.655013354822175	0.0	56.48192153494715	0.0	0.0	50.485268685445945	0.0	0.0	0.0	0.0	0.0	0.0	2.9248838923724687	0.0
GSM4138110_HNSCC_1_PBMC_CTCGAGGCATAGACTC	184.86009277926655	167.80358521781284	52.66156299140824	0.0	7.311479334442906	0.0	109.60857331100712	0.0	0.0	223.19201505240687	0.0	0.0	0.0	0.0	0.0	0.0	0.0	0.0	0.0	0.0	0.0
GSM4138110_HNSCC_1_PBMC_CTCGTCACAATAAGCA	195.0953616432132	133.2108863511472	84.34888551605206	0.0	86.35765327995695	0.0	0.0	0.0	0.0	0.0	0.0	141.90321508435764	0.0	0.0	0.0	0.0	0.0	0.0	0.0	0.0	0.0
GSM4138110_HNSCC_1_PBMC_CTGATCCTCTTTAGGG	187.9405427677857	97.96582830674598	39.571325683872296	0.0	88.94476271828842	0.0	7.573317700170281	0.0	0.0	98.92734178654605	0.0	0.0	0.0	0.0	0.0	0.0	0.0	0.0	0.0	0.0	0.0
GSM4138110_HNSCC_1_PBMC_CTGTGCTTCTAACGGT	137.20461315350414	110.37021488778649	93.36035906973105	0.0	0.0	0.0	0.0	0.0	0.0	0.0	39.06488248576464	29.910357906221403	31.266209270688456	0.0	0.0	0.0	57.15144461208009	0.0	0.0	0.0	0.0
GSM4138110_HNSCC_1_PBMC_CTGTGCTTCTATCGCC	144.37628588337523	94.7942699526495	0.0	126.29669590014002	0.0	107.10215728198284	0.0	0.0	0.0	0.0	0.0	0.0	0.0	37.00877775059688	0.0	0.0	0.0	0.0	0.0	0.0	0.0
GSM4138110_HNSCC_1_PBMC_GACTAACGTCGACTGC	182.93967105587663	125.66768367036347	43.94879711987135	50.997578024043484	0.0	0.0	62.73426135380753	0.0	0.0	19.709564739875933	0.0	0.0	0.0	0.0	0.0	0.0	0.0	0.0	0.0	0.0	0.0
GSM4138110_HNSCC_1_PBMC_GAGGTGATCGTCCGTT	140.35569423008468	202.99197008861816	8.620844529967137	0.0	0.0	0.0	0.0	0.0	100.50905096284286	138.99320421798083	0.0	0.0	0.0	31.65425185422047	4.1201086399685405	0.0	0.0	0.0	0.0	0.0	0.0
GSM4138110_HNSCC_1_PBMC_GATCAGTAGTGTACTC	132.2380150824435	92.9951585333413	51.93636744259125	0.0	0.0	0.0	108.47390330989678	0.0	0.0	0.0	55.4546312587624	17.19759586076111	0.0	0.0	3.260124352305918	50.38952542106162	0.0	0.0	0.0	0.0	0.0
GSM4138110_HNSCC_1_PBMC_GCTCTGTAGTATCTCG	0.0	0.0	0.0	193.41475446197015	0.0	0.0	0.0	0.0	0.0	0.0	3223.8986860068926	0.0	0.0	0.0	0.0	0.0	0.0	0.0	0.0	0.0	0.0
GSM4138110_HNSCC_1_PBMC_GGAACTTTCCGATATG	144.61156047771286	104.90063109254758	30.820373323393472	66.50193597504948	0.0	0.0	91.18177983035588	0.0	0.0	0.0	0.0	0.0	0.0	0.0	0.0	0.0	0.0	0.0	0.0	0.0	0.0
GSM4138110_HNSCC_1_PBMC_GGACAGAAGCCATCGC	182.09234130696944	101.4115026149874	0.0	10.34627138372592	110.23854251612758	0.0	0.0	0.0	0.0	0.0	0.0	0.0	0.0	81.19452709014398	0.0	0.0	0.0	79.63565839438358	0.0	0.0	0.0
GSM4138110_HNSCC_1_PBMC_GGATGTTGTGCAGTAG	166.42897894833249	104.52408071207223	0.0	0.0	0.0	0.0	0.0	0.0	0.0	0.0	91.84272652671949	0.0	32.77234923022132	47.25966516555156	0.7048185468209612	0.0	33.69079655884349	0.0	0.0	0.0	0.0
GSM4138110_HNSCC_1_PBMC_GTAACTGCAGCTGTTA	124.46907967427885	106.24581377749175	46.43054167716242	72.3147705645657	0.0	0.0	0.0	0.0	0.0	0.0	0.0	0.0	85.50293232995062	0.0	0.0	0.0	0.0	0.0	0.0	0.0	0.0
GSM4138110_HNSCC_1_PBMC_GTATTCTAGTAATCCC	259.86492182161936	162.6859685130152	110.16729196762938	0.0	0.0	0.0	0.0	0.0	0.0	0.0	0.0	0.0	116.2654374307408	0.0	0.0	136.04319012472124	0.0	0.0	0.0	0.0	0.0
GSM4138110_HNSCC_1_PBMC_GTGCAGCAGTCAAGCG	0.0	3031.274362720109	0.0	0.0	0.0	0.0	0.0	0.0	0.0	0.0	0.0	0.0	0.0	0.0	0.0	0.0	0.0	0.0	0.0	0.0	0.0
GSM4138110_HNSCC_1_PBMC_GTGCATACACAGGCCT	122.09494036869178	141.6976490951251	0.0	0.0	115.28727274037851	0.0	0.0	48.352548344170565	0.0	0.0	0.0	127.37611380826783	0.0	0.0	0.0	0.0	0.0	0.0	0.0	0.0	0.0
GSM4138110_HNSCC_1_PBMC_TACTCGCGTTTAGCTG	118.36223581530345	78.80837686341997	0.0	89.24448305897606	133.84514548129778	0.0	0.0	44.31020038554007	0.0	0.0	0.0	0.0	0.0	0.0	0.0	0.0	0.0	0.0	0.0	0.0	0.0
GSM4138110_HNSCC_1_PBMC_TACTTACGTTATGCGT	106.35299895092022	131.0921381621646	0.0	29.116100608824066	47.693996122004556	0.0	61.985278351891786	48.690678584486406	0.0	0.0	0.0	0.0	0.0	0.0	0.0	0.0	0.0	0.0	40.246036990977	0.0	0.0
GSM4138110_HNSCC_1_PBMC_TAGCCGGGTTCAACCA	140.30119404081373	118.10277088882131	56.3223488421676	0.0	0.0	0.0	0.0	0.0	39.896268275820475	31.351046301338144	0.0	40.2301751007322	0.0	0.0	0.0	0.0	15.427429610655727	0.0	3.9834150256595073	0.0	0.0
GSM4138110_HNSCC_1_PBMC_TCAGCAATCCCAAGAT	282.51192245570877	131.6422247479136	8.706693557993056	112.93541810038968	0.0	151.73063809273077	0.0	52.78589036186596	0.0	0.0	0.0	0.0	0.0	0.0	0.0	0.0	0.0	0.0	0.0	0.0	0.0
GSM4138110_HNSCC_1_PBMC_TGACGGCGTTGAGTTC	294.3442727946991	236.22164523413673	0.0	0.0	141.01757494820743	105.00648988409239	0.0	0.0	0.0	0.0	359.8050542719755	0.0	0.0	195.6850452937973	122.09121716315254	0.0	0.0	0.0	0.0	0.0	0.0
GSM4138110_HNSCC_1_PBMC_TTGCGTCGTACTTCTT	185.02357166728885	99.30136107726254	59.38937887803013	0.0	26.589584563736995	0.0	44.98915455577042	54.34319756505383	0.0	69.04571840901174	67.6921409883256	0.0	0.0	0.0	0.0	0.0	0.0	0.0	0.0	0.0	0.0
GSM4138110_HNSCC_1_PBMC_TTTGTCAGTTAAGATG	104.64891810405466	66.52948360410518	21.31694563354309	0.0	51.45008381971696	0.0	31.56486826575084	0.0	0.0	0.0	0.0	63.119803216303055	0.0	0.0	0.0	0.0	0.0	0.0	0.0	0.0	0.0
GSM4138110_HNSCC_1_PBMC_ACGCAGCTCGTCACGG	191.37236547860553	134.77852480272557	0.0	157.87220465748703	132.47649434885489	0.0	0.9537099322977904	0.0	0.0	0.0	0.0	0.0	0.0	0.0	57.17709700977159	0.0	0.0	0.0	0.0	0.0	0.0
GSM4138110_HNSCC_1_PBMC_ATCATCTAGGAATCGC	135.99026730831383	112.25229943572239	77.3172583480759	104.51231902894824	0.0	0.0	0.0	0.0	139.5604807890682	0.0	0.0	0.0	0.0	0.0	0.0	0.0	0.0	0.0	0.0	0.0	0.0
GSM4138110_HNSCC_1_PBMC_TCAACGAGTTACGGAG	333.7602886949866	237.4817022092623	169.16611475920988	0.0	222.6007985997491	0.0	0.0	0.0	0.0	49.80128427421819	0.0	0.0	0.0	0.0	0.0	59.58303416132355	0.0	173.39026620548404	0.0	0.0	0.0
GSM4138110_HNSCC_1_PBMC_AAACCTGGTCTCCCTA	210.2046074684508	202.1171640465733	92.45194910495373	240.27821766701027	0.0	254.57065434125033	0.0	0.0	0.0	0.0	26.935202669322162	0.0	0.0	0.0	0.0	0.0	0.0	0.0	0.0	0.0	0.0
GSM4138110_HNSCC_1_PBMC_ACACCGGAGTACACCT	266.2098651973734	196.8577625051713	0.0	329.3144127339381	0.0	0.0	0.0	25.970379443993327	248.69405790864548	0.0	0.0	0.0	0.0	0.0	150.6259602848746	0.0	0.0	0.0	0.0	0.0	0.0
GSM4138110_HNSCC_1_PBMC_ACTGCTCGTGGTCCGT	231.21031640702154	196.07444255275348	133.62883432102748	188.17720387690778	0.0	96.00736864083245	0.0	0.0	0.0	0.0	0.0	0.0	0.0	0.0	0.0	0.0	0.0	0.0	0.0	116.51971363478637	0.0
GSM4138110_HNSCC_1_PBMC_AGCTCTCGTTAGTGGG	252.63814103502244	258.53094873125406	134.46452995926802	0.0	186.6909462691675	0.0	0.0	0.0	0.0	286.71733246130776	0.0	0.0	0.0	0.0	0.0	0.0	0.0	0.0	0.0	0.0	0.0
GSM4138110_HNSCC_1_PBMC_ATGGGAGAGGATGCGT	213.3323322862401	278.3539307860982	0.0	261.29312525182513	289.34214570837287	0.0	0.0	0.0	0.0	0.0	0.0	0.0	0.0	123.44292903537453	0.0	0.0	0.0	0.0	0.0	0.0	0.0
GSM4138110_HNSCC_1_PBMC_ATTATCCTCGGAAATA	295.91900735113677	224.64582906545593	78.06780779257701	227.001398618857	167.06220614184417	0.0	0.0	0.0	0.0	0.0	0.0	0.0	0.0	0.0	48.127215832437535	0.0	0.0	0.0	0.0	0.0	0.0
GSM4138110_HNSCC_1_PBMC_CATCAGATCGCAAACT	262.9468510026685	213.2536860763603	100.57151266890645	223.36410626624578	0.0	0.0	0.0	0.0	0.0	0.0	0.0	0.0	11.140268135305579	0.0	0.0	0.0	97.77295452081333	0.0	0.0	82.29066498848336	0.0
GSM4138110_HNSCC_1_PBMC_CGTAGCGCATGCAACT	329.8477278297662	318.82688218857965	129.54814705036733	176.5562262663623	147.23737415063243	0.0	0.0	0.0	0.0	0.0	0.0	0.0	0.0	12.159394232941109	0.0	0.0	0.0	0.0	124.2879676251028	0.0	0.0
GSM4138110_HNSCC_1_PBMC_CGTCACTTCACGAAGG	307.3090834446877	194.78944012782512	102.32312604248168	226.2317152028017	266.7912690434447	0.0	0.0	0.0	0.0	0.0	0.0	0.0	0.0	0.0	40.1527703366407	0.0	0.0	0.0	0.0	0.0	0.0
GSM4138110_HNSCC_1_PBMC_GCATACACACCAGCAC	182.99969262086066	246.5237530881365	0.0	0.0	0.0	0.0	0.0	0.0	0.0	0.0	0.0	0.0	0.0	113.08650185710324	0.0	0.0	211.99279851198418	159.6539218666043	41.515974183766915	0.0	0.0
GSM4138110_HNSCC_1_PBMC_GCGACCAGTCGATTGT	258.8065613768607	236.5733709719017	147.6394368724275	216.4951688757565	203.28243902831906	0.0	0.0	0.0	0.0	0.0	0.0	0.0	0.0	0.0	0.0	0.0	0.0	0.0	0.0	0.0	0.0
GSM4138110_HNSCC_1_PBMC_TACTTACTCGGCGCAT	67.79002394504487	34.457474028703295	0.0	0.0	0.0	0.0	89.69534160091925	22.33572531174183	0.0	0.0	105.70352168979137	0.0	0.0	33.66826650697782	0.0	0.0	0.0	0.0	0.0	0.0	0.0
GSM4138110_HNSCC_1_PBMC_ACCGTAAGTTACGTCA	97.77428915669451	118.43140473982653	0.0	0.0	0.0	0.0	0.0	0.0	187.94706019830446	0.0	0.0	0.0	0.0	125.08102587677142	0.0	0.0	0.0	167.34115572938748	0.0	0.0	0.0
GSM4138110_HNSCC_1_PBMC_ATCCACCAGACAGACC	70.72413237559668	97.62127698506465	0.0	0.0	0.0	0.0	96.82714937025155	159.13480551713766	0.0	0.0	0.0	0.0	0.0	0.0	0.0	0.0	0.0	71.58803208183616	0.0	0.0	0.0
GSM4138110_HNSCC_1_PBMC_ATGAGGGGTATATGGA	262.60732838327266	322.8185169457709	0.0	245.65308354872118	0.0	0.0	182.734363867594	0.0	0.0	0.0	0.0	0.0	27.766840099809357	41.74092378962302	175.23283646816907	0.0	0.0	0.0	0.0	0.0	0.0
GSM4138110_HNSCC_1_PBMC_CACCAGGGTCAGAATA	101.09698049607952	232.46963487594218	78.66706139080206	255.51096463310697	0.0	0.0	0.0	0.0	3.6359409523450643	0.0	0.0	0.0	116.93009906744493	0.0	0.0	0.0	0.0	0.0	0.0	0.0	0.0
GSM4138110_HNSCC_1_PBMC_CAGCAGCTCAAAGTAG	134.7564882399114	129.79774256949472	73.39464171616677	3.668031478270446	0.0	0.0	94.0064382515493	0.0	0.0	0.0	0.0	147.28949540450324	0.0	10.686504368042014	0.0	0.0	0.0	35.623572531120224	0.0	0.0	0.0
GSM4138110_HNSCC_1_PBMC_CATCCACCAGTAACGG	91.71480884155952	177.45773934808867	120.03200774696523	0.0	0.0	0.0	0.0	0.0	0.0	0.0	0.0	0.0	187.60873326094236	0.0	0.0	128.32055337578285	0.0	0.0	0.0	0.0	0.0
GSM4138110_HNSCC_1_PBMC_CCTTTCTCATCCTAGA	190.08773888112566	104.47578143084627	89.14379041731135	0.0	0.0	0.0	0.0	0.0	0.0	0.0	0.0	0.0	0.0	0.0	0.0	0.0	0.0	141.5395985080871	0.0	146.76355054321579	0.0
GSM4138110_HNSCC_1_PBMC_CGTAGGCTCTACCAGA	116.73787641678842	139.4948677757695	0.0	0.0	0.0	0.0	0.0	0.0	0.0	0.0	0.0	0.0	0.0	112.15011174178503	0.0	0.0	158.80040206370282	0.0	148.24205688538305	0.0	0.0
GSM4138110_HNSCC_1_PBMC_CTGCCTAAGGACATTA	57.223527720062556	123.1631131335106	0.0	149.5461752275452	0.0	132.51889552543662	0.0	0.0	0.0	0.0	0.0	0.0	0.0	112.30362384528034	0.0	0.0	0.0	0.0	0.0	0.0	0.0
GSM4138110_HNSCC_1_PBMC_CTTTGCGGTGGTCCGT	126.31109281729371	129.21035716581673	56.02440491354062	73.88251005949805	0.0	112.17703468338966	0.0	0.0	0.0	0.0	0.0	0.0	0.0	21.78817242617132	0.0	0.0	0.0	0.0	0.0	0.0	0.0
GSM4138110_HNSCC_1_PBMC_GAAACTCAGACAAGCC	169.82602692213968	108.96460742456756	115.93110394478394	158.38814228437673	0.0	0.0	164.7521807019378	0.0	0.0	0.0	0.0	0.0	0.0	0.0	0.0	0.0	0.0	1.8512799680419472	0.0	0.0	0.0
GSM4138110_HNSCC_1_PBMC_GACCAATAGCCCGAAA	184.07407698448995	263.0497026604345	0.0	38.465751786874975	0.0	0.0	0.0	0.0	181.6261601088114	0.0	0.0	0.0	20.042729684965412	144.72764788542764	16.13896006700843	0.0	0.0	136.32157050498498	0.0	0.0	0.0
GSM4138110_HNSCC_1_PBMC_GACCAATAGGGCTCTC	239.88758754145033	148.97192891393846	0.0	164.12046739701117	0.0	0.0	46.01587106587924	0.0	90.63045813255717	0.0	0.0	0.0	0.0	108.85482373535712	0.0	0.0	0.0	0.0	0.0	0.0	0.0
GSM4138110_HNSCC_1_PBMC_GATGCTATCCTCTAGC	201.5904261208008	204.62936887436118	0.0	0.0	0.0	0.0	0.0	0.0	0.0	0.0	209.22670907528982	0.0	131.35016142744877	0.0	155.943510709086	0.0	0.0	0.0	0.0	0.0	0.0
GSM4138110_HNSCC_1_PBMC_GCTGCGATCCCGACTT	53.74408524351687	79.96317482004062	0.0	98.06292263943182	0.0	0.0	101.60197465028136	0.0	0.0	0.0	0.0	0.0	0.0	0.0	60.86642198389517	0.0	0.0	0.0	0.0	0.0	0.0
GSM4138110_HNSCC_1_PBMC_GTTACAGCAAGTTGTC	124.43523016748773	134.5774932716512	80.6528830376421	146.69503815076456	0.0	60.21976373050847	0.0	0.0	0.0	0.0	0.0	0.0	0.0	0.0	0.0	0.0	0.0	0.0	0.0	0.0	0.0
GSM4138110_HNSCC_1_PBMC_TAGGCATTCAGCGACC	129.74292417104684	177.43632053740177	0.0	0.0	0.0	163.30451306048914	0.0	0.0	0.0	0.0	0.0	0.0	0.0	123.20492917888399	0.0	0.0	0.0	124.92761239832339	0.0	0.0	0.0
GSM4138110_HNSCC_1_PBMC_TCGTACCTCCATGAAC	66.13873078504565	100.70621092363143	87.53717889037436	94.27070914661455	0.0	0.0	0.0	0.0	291.8151506514294	0.0	0.0	0.0	0.0	0.0	0.0	0.0	0.0	0.0	0.0	0.0	0.0
GSM4138110_HNSCC_1_PBMC_TGCGCAGAGAGTCGGT	204.57299065161854	90.16431527452073	45.4061492884291	62.95114478740549	0.0	0.0	0.0	0.0	130.05376180455283	0.0	0.0	0.0	0.0	40.693917847488535	0.0	0.0	0.0	88.63875292321677	0.0	0.0	0.0
GSM4138110_HNSCC_1_PBMC_TTGCCGTTCCTATTCA	136.63951461455684	176.65216301608137	0.0	334.55192035254095	0.0	0.0	0.0	0.0	0.0	0.0	0.0	0.0	0.0	0.0	85.28748909146289	0.0	179.9288399684031	0.0	0.0	0.0	0.0
GSM4138110_HNSCC_1_PBMC_TTTACTGAGTCCCACG	116.64167513388922	173.58791455832045	106.81703063443096	252.9532945720047	0.0	0.0	0.0	0.0	35.57609184759508	0.0	0.0	0.0	91.17230996114543	0.0	0.0	0.0	0.0	23.226899549543642	0.0	0.0	0.0
GSM4138110_HNSCC_1_PBMC_ACGGGTCGTCTTGATG	76.85773020180994	64.34663183706768	0.0	0.0	82.1424310107494	0.0	0.0	3.5864264491259363	0.0	0.0	67.67578512879618	0.0	0.0	0.0	71.51688100942444	0.0	0.0	0.0	0.18081919515562608	0.0	0.0
GSM4138110_HNSCC_1_PBMC_AGTGAGGAGGAATCGC	66.22436095414852	47.4639382794923	70.50747617824585	96.22797671899183	0.0	118.70906871739027	0.0	0.0	0.0	0.0	0.0	0.0	0.0	0.0	0.0	0.0	0.0	0.0	0.0	0.0	0.0
GSM4138110_HNSCC_1_PBMC_ATGTGTGCAAGCTGGA	170.41591381156576	159.39412361173675	112.46636675134904	77.36083268840349	122.72089930625712	0.0	0.0	0.0	0.0	0.0	0.0	8.071731886141263	0.0	0.0	0.0	0.0	0.0	1.5992003978146223	0.0	18.81611122393142	0.0
GSM4138110_HNSCC_1_PBMC_CGACCTTAGTTACGGG	167.3425051428306	136.81319035081935	0.0	0.0	164.752695793384	0.0	0.0	38.03796812779775	0.0	70.76238202430021	0.0	0.0	0.0	0.0	94.95273324609232	4.948242347431426	0.0	0.0	0.0	0.0	0.0
GSM4138110_HNSCC_1_PBMC_GCGACCACATGCATGT	157.19695628970035	100.83081753201722	73.1910866106433	0.0	82.27227803363881	0.0	23.09120287395208	0.0	0.0	0.0	0.0	157.02691113063156	0.0	0.0	0.0	0.0	0.0	0.0	0.0	0.0	0.0
GSM4138110_HNSCC_1_PBMC_GGATTACGTGCATCTA	158.73793955733782	109.11359985107396	79.79094682063766	123.06990693309251	0.0	19.361690113587347	80.1275301392201	0.0	6.498773909417797	0.0	0.0	0.0	0.0	0.0	0.0	0.0	0.0	0.0	0.0	0.0	0.0
GSM4138110_HNSCC_1_PBMC_GTGCAGCCACCAGATT	81.37454766008325	83.24901768488877	1.6736320921486711	74.04469906385614	0.0	8.245790884874618	0.0	26.5845723104282	63.93291814868627	0.0	0.0	0.0	0.0	0.0	53.24062336880394	0.0	0.0	0.0	0.0	0.0	0.0
GSM4138110_HNSCC_1_PBMC_GTGCGGTTCTATGTGG	197.22416914463167	177.84877179280525	100.1278305600981	78.25833641843194	0.0	4.2950032815635755	68.65824959413908	0.0	0.02526268257597523	0.0	0.0	0.0	0.0	7.676695331766885	0.0	0.0	0.0	0.0	0.0	0.0	0.0
GSM4138110_HNSCC_1_PBMC_GTTCATTTCCCTCTTT	93.9748173686437	112.68709241505746	58.07835625004662	118.57737380999257	67.75679391935957	1.762976701255879	0.0	0.0	0.0	0.0	0.0	0.0	0.0	1.5837067794805733	0.0	0.0	0.0	0.0	0.0	0.0	0.0
GSM4138110_HNSCC_1_PBMC_TCATTACGTAATCACC	103.72300251399524	226.30732903230137	68.17050043369336	0.0	118.13076995806192	0.0	0.0	0.0	0.0	0.0	108.95858252154211	0.0	0.0	0.0	0.0	44.76507168975461	0.0	0.0	0.0	0.0	0.0
GSM4138110_HNSCC_1_PBMC_TTGCCGTTCAGAAATG	148.79840994491397	76.36905151917962	72.6855464237288	80.199789134812	29.523271960453403	77.89704515974265	0.0	0.0	0.0	0.0	0.0	0.0	0.0	0.0	0.0	0.0	0.0	0.0	0.0	0.0	0.0
GSM4138110_HNSCC_1_PBMC_TTTGCGCAGTAGCGGT	224.3896768740425	178.3150224627247	88.5218619946464	0.0	0.0	0.0	267.1418193179182	0.0	0.0	198.8069855740146	0.0	0.0	0.0	0.0	0.0	0.0	0.0	0.0	0.0	0.0	0.0
GSM4138110_HNSCC_1_PBMC_TTTGGTTAGCACAGGT	123.91669582291	146.3953965389534	0.0	0.0	130.78188598145906	0.0	0.0	1.0714954207490883	0.0	0.0	0.0	0.0	0.0	0.0	74.56662913948243	0.0	0.0	102.33726259919966	0.0	0.0	0.0
