	1	2	3	4	5	6	7	8	9	10	11	12	13	14	15	16	17	18
GSM4138110_HNSCC_1_PBMC_AAACCTGAGGAGCGTT	40.02667649566384	37.52394616166565	39.45526064906424	98.4665513154166	0.0	41.540544153833366	0.0	0.0	0.0	0.0	0.0	0.0	0.0	76.62162821989418	0.0	0.0	0.0	15.885604875584535
GSM4138110_HNSCC_1_PBMC_AAACCTGCAGATGAGC	87.24569508711909	83.32711525578762	98.15901719643632	50.16989280481549	7.112114715518698	0.0	56.90620054387386	0.9715486971823205	0.0	0.0	0.0	27.151770715099996	0.0	0.0	0.0	29.598092600503826	0.0	0.0
GSM4138110_HNSCC_1_PBMC_AACGTTGAGACTGGGT	6.532835635789522	79.94707113545273	65.58106480541498	0.0	40.90102518532049	0.0	23.5378378762791	19.950445429583713	0.0	0.0	0.0	2.544042373529217	0.0	0.0	0.0	0.0	0.0	0.0
GSM4138110_HNSCC_1_PBMC_AACGTTGGTTACGACT	48.50877282928558	47.10386681075847	70.52556260730651	93.74661382793863	38.70174492458813	0.0	0.0	0.0	4.068918148375472	0.0	5.1347002349444315	0.0	0.0	0.0	0.0	0.0	0.0	0.0
GSM4138110_HNSCC_1_PBMC_AACGTTGTCTAAGCCA	45.672799146153565	0.0	36.795022328402304	52.62912317412569	0.0	0.0	0.0	4.332095528843232	1.1825181712605228	31.30219650306243	0.0	0.0	0.0	0.0	38.60927851412482	0.0	0.0	67.66184399364656
GSM4138110_HNSCC_1_PBMC_AACTCCCCATTTCAGG	75.09605515215742	23.760926439841004	44.3745124409936	35.69569361386817	0.0	0.0	0.0	0.0	67.33981335456215	0.0	0.0	0.0	0.0	0.0	0.0	0.0	76.6077209182242	0.0
GSM4138110_HNSCC_1_PBMC_AAGCCGCCACTTCTGC	84.73876446812113	45.60894589346839	39.164708736955276	30.704637974064013	29.118393102484	0.0	53.660077034618816	0.0	0.0	0.0	0.0	45.83901300368971	0.0	0.0	0.0	0.0	0.0	0.0
GSM4138110_HNSCC_1_PBMC_AAGGTTCGTCTCTTAT	47.395687953238884	8.721831209893827	68.25962380510352	0.0	43.86958695383936	0.0	101.69380693696952	40.872602041549726	0.0	0.0	0.0	0.0	0.0	0.0	0.0	0.0	0.0	0.0
GSM4138110_HNSCC_1_PBMC_AAGTCTGAGTACCGGA	109.14020133515822	10.949304659753771	45.590827355059176	0.0	41.76812333423073	0.0	0.0	0.0	13.149055758643716	0.0	15.246937999319622	0.0	0.0	0.0	0.0	0.0	31.363642046035842	0.0
GSM4138110_HNSCC_1_PBMC_AAGTCTGGTTGCCTCT	52.58415319005533	0.0	10.420059178839612	75.07910332741696	0.0	37.43171273239347	0.0	0.0	0.0	63.015616465202186	0.0	0.0	20.187209480874234	0.0	16.33571016956704	0.0	0.0	0.0
GSM4138110_HNSCC_1_PBMC_AAGTCTGTCCAAACTG	64.82175354935335	101.62692048691038	49.621578617614446	80.05743796311104	0.0	0.0	0.0	0.0	61.80666831783271	0.0	0.0	22.66711429696946	0.0	17.573260570508904	0.0	0.0	0.0	0.0
GSM4138110_HNSCC_1_PBMC_ACATGGTCACATGGGA	33.65680021003604	17.145736148049558	137.87751634340177	52.110382931144784	0.0	30.539485644167797	0.0	9.087350892202519	0.0	0.0	0.0	0.0	0.0	0.0	19.893452670540864	0.0	0.0	0.0
GSM4138110_HNSCC_1_PBMC_ACGAGCCAGTATCTCG	50.73803726047074	98.74767022496808	26.02494043571089	0.0	64.58998616644438	0.0	0.0	0.0	21.526401331461468	0.0	15.139293640119167	110.2936314224783	0.0	0.0	0.0	0.0	0.0	0.0
GSM4138110_HNSCC_1_PBMC_ACGAGCCCACTTAACG	159.1222631792282	114.45502386668512	77.66400991315338	0.0	103.65817758167778	0.0	0.0	0.0	86.70980326553952	0.0	0.0	0.0	0.0	0.0	120.35932841038628	0.0	0.0	0.0
GSM4138110_HNSCC_1_PBMC_ACTATCTTCTTCCTTC	57.064623009221926	13.359675717411251	42.68561917343884	0.0	93.44313858821906	0.0	0.0	0.0	50.37086628519839	33.2765917490308	0.0	104.22072712461564	0.0	0.0	0.0	0.0	0.0	0.0
GSM4138110_HNSCC_1_PBMC_AGAGCTTAGAGCTGGT	73.96771872692486	55.714226304535046	58.37902643713015	35.052875782300596	10.495888882850805	7.268690941508632	0.0	0.0	88.60933884654169	0.0	0.0	0.0	0.0	0.0	67.10429733823675	0.0	0.0	0.0
GSM4138110_HNSCC_1_PBMC_AGATTGCGTCGCCATG	58.83847699586312	37.066168894809934	38.28788656182979	0.0	42.15441984507084	0.0	0.0	0.0	0.0	0.0	52.995009560660435	0.0	0.0	0.0	69.60518457745872	0.0	0.0	0.0
GSM4138110_HNSCC_1_PBMC_AGCGTATGTTATCCGA	79.00884706145364	62.945811106403575	28.85757472165081	0.0	28.01043047314733	116.2943505730378	0.0	0.0	0.0	0.0	0.0	0.0	0.0	8.186478331822928	0.0	0.0	43.72739009651735	0.0
GSM4138110_HNSCC_1_PBMC_AGGCCACAGTACTTGC	46.38436309434141	0.0	20.88854148038018	34.353728128005606	0.7042973790747921	0.0	29.706586994196474	0.0	0.0	63.151719359860756	0.0	0.0	0.0	0.0	0.0	83.70173861610039	0.0	7.510245195938665
GSM4138110_HNSCC_1_PBMC_AGGCCACCACTAAGTC	97.80206443289447	139.9307005305924	222.74773548831948	101.88198259262913	0.0	142.28245468421414	0.0	0.0	0.0	0.0	0.0	0.0	0.0	0.0	0.0	43.64803397499405	26.874747677326383	0.0
GSM4138110_HNSCC_1_PBMC_AGTAGTCTCTTAGCCC	26.619468224664264	21.738741198391246	121.5783955677753	0.0	49.73044596484163	0.0	0.0	0.0	0.0	0.0	0.0	0.0	52.50145715145187	0.0	0.0	0.0	0.0	0.0
GSM4138110_HNSCC_1_PBMC_AGTGAGGGTGGCCCTA	192.25033954141668	49.27238035361476	33.14410735324445	45.17104922902047	36.77328664589984	0.0	45.28613446835454	6.579255646082642	0.0	0.0	0.0	72.47196573808073	0.0	0.0	0.0	0.0	0.0	0.0
GSM4138110_HNSCC_1_PBMC_AGTGTCATCTCGCATC	121.17154631290012	33.60942657881582	23.327653864771122	18.912102954876364	35.44190244365475	0.0	24.34430454212701	35.302912884539076	0.0	0.0	0.0	0.0	0.0	0.0	0.0	0.0	0.0	0.0
GSM4138110_HNSCC_1_PBMC_AGTTGGTCATGGTTGT	77.63543956381316	88.12936022229694	66.59206151088117	98.6370393280618	0.0	76.40554963113597	0.0	0.0	0.0	0.0	0.0	67.24136339564586	0.0	0.0	0.0	0.0	0.0	0.0
GSM4138110_HNSCC_1_PBMC_AGTTGGTTCTTGGGTA	72.89180003340087	0.0	20.213245045131345	0.0	70.2687741500629	0.0	35.561262773532135	37.61940334226342	0.0	17.75097937826497	16.663942058021185	0.0	0.0	0.0	0.0	0.0	0.0	0.0
GSM4138110_HNSCC_1_PBMC_ATCTACTAGGGTGTGT	80.08814014144096	94.81577233817502	178.5355362859865	276.27486887419195	0.0	118.47300184064633	0.0	166.48871334152037	0.0	0.0	0.0	0.0	0.0	0.0	0.0	0.0	0.0	0.0
GSM4138110_HNSCC_1_PBMC_ATCTACTAGTACGTTC	55.4678876508479	74.34462313935542	61.25697790798618	0.0	43.730844498032944	74.0910132625051	0.0	0.0	0.0	0.0	0.0	0.0	4.98032526406607	0.0	45.037608294318105	0.0	0.0	0.0
GSM4138110_HNSCC_1_PBMC_ATGAGGGCAAGCGATG	79.00771320037558	51.260080251064636	28.43629489225305	53.015089181548305	0.0	0.0	0.0	0.0	0.0	0.0	38.86873079904632	0.0	0.0	0.0	43.83433194909137	0.0	0.0	0.0
GSM4138110_HNSCC_1_PBMC_ATGAGGGCACACAGAG	69.90104353470106	66.61219443686102	61.40455896617496	3.4711511697193824	24.487568549727957	0.0	0.0	0.0	0.0	0.0	10.815710086343074	0.0	41.297043259340846	0.0	0.0	0.0	0.0	0.0
GSM4138110_HNSCC_1_PBMC_ATGCGATGTTTGACAC	50.02589332414117	18.553196881958666	21.301066931634086	85.33818767194926	0.0	55.89447269788494	8.315423277486735	0.0	0.0	0.0	0.0	0.0	0.0	30.09464465856067	0.0	0.0	0.0	0.0
GSM4138110_HNSCC_1_PBMC_ATGTGTGCATGCGCAC	87.4332283559593	21.78101901882928	48.08779683661038	0.0	56.438708219252234	0.0	19.51796044200856	0.0	0.0	0.0	0.0	0.0	0.0	33.03139525112117	0.0	0.0	0.0	0.0
GSM4138110_HNSCC_1_PBMC_ATTACTCTCATGCTCC	108.70689361383818	107.79543226827985	18.551704590035342	0.0	47.95154701459468	25.856308816688486	0.0	80.84569416617582	0.0	14.991162140847337	0.0	0.0	0.0	0.0	0.0	0.0	0.0	0.0
GSM4138110_HNSCC_1_PBMC_ATTATCCGTCACACGC	62.366965027193125	73.74084032857152	11.008912262121228	87.43377310955387	0.0	89.94462015404129	0.0	0.0	0.0	0.0	0.0	0.0	0.0	0.0	0.0	0.0	62.82371501497177	0.0
GSM4138110_HNSCC_1_PBMC_ATTGGACAGAGATGAG	87.72621248031001	18.870906501218602	53.75936609956027	0.0	22.62287573009543	0.0	0.0	0.0	60.72881415961031	0.0	0.0	0.0	0.0	74.33310253870945	0.0	0.0	0.0	0.0
GSM4138110_HNSCC_1_PBMC_ATTGGTGCAGTGAGTG	79.74399185829067	38.49278616430441	45.54330556098768	0.0	41.960146823545124	0.0	0.0	40.20524653570551	0.0	0.0	44.31793765653806	0.0	0.0	0.0	0.0	0.0	0.0	0.0
GSM4138110_HNSCC_1_PBMC_CAACCAAGTTATCGGT	30.7944599025021	0.0	17.96770911140993	14.796441352511799	23.589465906980422	31.903723805831564	0.0	0.0	0.0	51.6750569705368	0.0	42.24779027266641	0.0	23.258428094211222	0.0	0.0	0.0	0.0
GSM4138110_HNSCC_1_PBMC_CAACCAATCCTTGACC	39.41835928332747	41.99689142915797	13.548050349259238	46.57374621732011	1.8257210197070037	17.439634755661334	22.724267856827847	0.0	0.0	0.0	27.078448493168136	0.0	0.0	27.165442549838556	0.0	0.0	0.0	0.0
GSM4138110_HNSCC_1_PBMC_CACAGTAGTCTCCATC	100.53128382510198	1.5937951312084129	123.19680985918325	22.777243874692896	6.570335996461189	0.0	12.481960092206238	0.0	0.0	0.0	0.0	0.0	0.0	17.634453900011447	0.0	0.0	57.76292474483434	0.0
GSM4138110_HNSCC_1_PBMC_CACATAGCAAAGCGGT	77.16848187402778	65.72455061510111	2.241474973980427	40.33769213785901	0.0	24.648574627808966	0.0	0.0	0.0	0.0	0.0	60.894513682976815	0.0	0.0	0.0	0.0	0.0	0.0
GSM4138110_HNSCC_1_PBMC_CACATAGCACCTCGTT	37.40410560259726	35.086601663704386	37.833548706754534	0.0	81.89725986645242	0.0	0.0	0.0	0.0	0.0	67.93225306508828	0.0	14.41098639750721	0.0	33.58777264980715	0.0	0.0	0.0
GSM4138110_HNSCC_1_PBMC_CACATTTGTGCACTTA	54.493042651405275	0.0	40.83445960448941	51.605209889599145	0.0	28.065084796585914	0.0	0.0	0.0	41.20791607589703	0.0	16.983410405414492	0.0	43.258208142222074	0.0	0.0	0.0	0.0
GSM4138110_HNSCC_1_PBMC_CACATTTTCCCATTAT	22.44101548143077	26.42083103268694	45.768475490487745	0.0	83.90942252713414	0.0	0.0	0.0	0.0	0.0	53.43530446088821	0.0	23.383643631717682	0.0	13.5669691307393	0.0	0.0	0.0
GSM4138110_HNSCC_1_PBMC_CACATTTTCTGGTTCC	81.19144836361436	17.726684946130565	54.45641350681455	43.41323696459128	11.07692306091184	41.85278351467834	0.0	39.53694950501245	0.0	0.0	0.0	0.0	0.0	0.0	0.0	0.0	0.0	0.0
GSM4138110_HNSCC_1_PBMC_CACCAGGTCGTGGGAA	86.01114729562063	46.507431659835085	56.99187380622433	73.58425722110681	0.0	0.0	0.0	31.793981685724987	0.0	34.30020656806202	53.01566030544646	0.0	0.0	0.0	0.0	0.0	0.0	0.0
GSM4138110_HNSCC_1_PBMC_CAGCAGCCAATGGTCT	52.44744171016187	0.0	16.73824543625543	10.277765783744806	0.0	0.0	0.0	0.0	0.0	59.87925317757375	0.0	0.0	0.0	2.9978793710534486	56.72975730853328	0.0	0.0	37.13321415824198
GSM4138110_HNSCC_1_PBMC_CAGCATAGTCCGAGTC	75.59896060720031	64.39578454272221	18.771091472567353	0.0	29.620760320734462	11.951575779960729	28.19169442199327	14.370416889139522	0.0	0.0	0.0	0.0	0.0	0.0	0.0	0.0	0.0	37.88162524800207
GSM4138110_HNSCC_1_PBMC_CAGCCGAAGCCCAACC	69.560614603892	40.58271417479033	44.680597782714884	78.32515454287436	0.0	0.0	0.0	0.0	0.0	0.0	0.0	0.0	0.0	0.0	0.0	0.0	26.043060193533147	50.34140572798343
GSM4138110_HNSCC_1_PBMC_CAGCCGACATCGACGC	54.114321535421674	79.65409760591638	44.94628678539521	0.0	27.84348003639977	15.439477073066913	0.0	0.0	0.0	0.0	24.91805280709118	0.0	0.0	0.0	0.0	0.0	43.41466699121114	0.0
GSM4138110_HNSCC_1_PBMC_CATATTCTCCGCGTTT	74.1417127642005	62.70272892146009	41.862975668023644	20.50413593015697	41.772810891672954	45.47007999398694	0.0	26.65896974101268	0.0	0.0	0.0	0.0	0.0	0.0	0.0	0.0	0.0	0.0
GSM4138110_HNSCC_1_PBMC_CCAATCCCATTAGCCA	110.254861414354	90.03231808270483	32.475887725493465	3.915908992845769	53.90030773086189	64.44723534643632	0.0	56.56518629029684	0.0	0.0	0.0	0.0	0.0	0.0	0.0	0.0	0.0	0.0
GSM4138110_HNSCC_1_PBMC_CCACGGAAGATCGGGT	27.36699276612945	47.22048998446949	44.85741306313745	16.321601787921427	32.25159242076517	0.0	0.0	0.0	44.792414726805525	0.0	0.0	0.0	0.0	0.0	116.69294015491239	0.0	0.0	0.0
GSM4138110_HNSCC_1_PBMC_CCATGTCAGAGGTAGA	81.98937805402605	75.51972604706086	22.393002962072906	0.5782577874382753	42.15646756135567	0.0	50.20969154879252	80.72412075876179	0.0	0.0	0.0	0.0	0.0	0.0	0.0	0.0	0.0	0.0
GSM4138110_HNSCC_1_PBMC_CCATGTCCATGCCCGA	87.44854375295391	88.51430013921242	16.46163118072636	55.09170753622627	0.0	52.333128555050216	0.0	0.0	0.0	0.0	0.0	0.0	67.22151184164848	0.0	19.328723038151313	0.0	0.0	0.0
GSM4138110_HNSCC_1_PBMC_CCGGTAGAGCTCCTCT	57.5377865704235	0.0	50.23378075285627	58.60990553818044	0.0	12.458433712496433	0.0	0.0	0.0	53.30087741829829	0.0	0.0	0.0	0.0	29.350938622318736	0.0	0.0	52.55581261817672
GSM4138110_HNSCC_1_PBMC_CCTCTGAAGGGATCTG	46.11758467689764	53.19376375715375	36.13784889382824	0.0	45.34897921984661	0.0	30.25911372233677	0.0	0.0	0.0	0.0	0.0	0.0	0.0	51.540514038661605	0.0	0.0	0.0
GSM4138110_HNSCC_1_PBMC_CGAACATGTTCGTTGA	46.81397572754092	0.0	20.984525929786734	10.646956911722576	45.351395866704316	66.42143114851284	0.0	0.0	0.0	34.55621171693035	0.0	0.0	0.0	0.0	24.301665038178214	0.0	0.0	0.0
GSM4138110_HNSCC_1_PBMC_CGAACATTCTGTCCGT	48.25737444110269	25.3352451154576	60.70058076571735	60.35577482912181	0.0	59.420833384106096	0.0	40.687811616645995	0.0	9.41570662246136	0.0	0.0	0.0	0.0	0.0	0.0	0.0	0.0
GSM4138110_HNSCC_1_PBMC_CGAATGTAGCGTCTAT	78.44169755052104	46.3007964814734	37.573977135057774	76.24700784874872	0.0	0.0	17.58940600450285	0.0	0.0	0.0	0.0	0.0	0.0	0.0	0.0	0.0	23.18467411942303	0.0
GSM4138110_HNSCC_1_PBMC_CGGGTCAAGTCTCGGC	50.65356245011207	0.0	2.307990869075296	53.60257315241136	0.0	0.0	0.0	41.177692839477025	42.57185858213313	23.066508833763628	66.3826829747823	0.0	0.0	0.0	0.0	0.0	0.0	0.0
GSM4138110_HNSCC_1_PBMC_CGTCTACCAAGCGTAG	61.882617998142905	34.70303863780065	50.40067682029937	38.39393094739732	0.0	0.0	64.60813758550431	0.0	0.0	0.0	0.0	0.0	0.0	0.0	105.47272838695076	0.0	0.0	0.0
GSM4138110_HNSCC_1_PBMC_CGTGTCTAGGTCGGAT	73.02599402838115	48.035079775189146	57.10986748375008	0.0	93.62646458152359	0.0	56.32477449939966	33.649536095752694	0.0	0.0	0.0	0.0	0.0	0.0	0.0	0.0	17.284304084463734	0.0
GSM4138110_HNSCC_1_PBMC_CGTTAGACATCCAACA	92.91560786370732	23.34209588137474	6.391279436427385	26.647927131811485	0.0	0.0	57.445662059249685	13.6066289181357	0.0	0.0	49.8010564226861	0.0	0.0	0.0	0.0	0.0	0.0	0.0
GSM4138110_HNSCC_1_PBMC_CGTTGGGCATATGCTG	47.96959096897816	50.31949738324813	24.302744061811534	0.0	34.12821489487902	0.0	49.689288004747745	37.005711739389476	0.0	0.0	0.0	0.0	15.428031170420933	0.0	0.0	0.0	0.0	0.0
GSM4138110_HNSCC_1_PBMC_CTAATGGTCTCGCTTG	41.52766173324096	43.03990273511936	44.76340149421972	7.106203193717179	45.59056151953258	15.344400252660103	0.0	0.0	0.0	0.0	0.0	32.278419264773504	0.0	0.0	0.0	0.0	0.0	0.0
GSM4138110_HNSCC_1_PBMC_CTACATTTCACCAGGC	73.80912271199193	0.0	45.93421502110868	55.22555039295447	0.0	35.957762728681125	0.0	0.0	0.0	73.93919552398981	0.0	0.0	0.0	39.02381358777149	0.0	0.0	0.0	0.0
GSM4138110_HNSCC_1_PBMC_CTACGTCTCGAACGGA	37.7321976160212	33.1892377141433	21.724592879190087	69.00178150578081	0.0	32.750232923579766	21.028333960581115	0.0	0.0	0.0	0.0	11.267513509480603	0.0	0.0	0.0	0.0	0.08556996135119725	0.0
GSM4138110_HNSCC_1_PBMC_CTAGAGTCACTTACGA	75.16204977182373	33.253343347253285	14.425970501144535	47.052225101931306	0.0	23.960970395543196	0.0	0.0	0.0	36.37955276256862	9.306654893479752	0.0	0.0	0.0	81.99305322815444	0.0	0.0	0.0
GSM4138110_HNSCC_1_PBMC_CTCAGAATCCGGGTGT	82.08717769857297	53.032249581774686	21.668287872505843	55.13043201022239	0.0	0.0	0.0	0.0	0.0	0.0	0.0	0.0	63.028296524512236	0.0	0.0	0.0	0.0	28.734236540769352
GSM4138110_HNSCC_1_PBMC_CTCGGGATCAATACCG	22.627464088832106	94.84475576201365	41.6669316541057	7.186889703545288	16.217266046668197	77.37947319547116	0.0	0.0	0.0	0.0	0.0	0.0	148.1553724420831	0.0	0.0	0.0	0.0	0.0
GSM4138110_HNSCC_1_PBMC_CTCGTACAGATCGGGT	134.87108933594453	145.13504034938447	186.47719811142463	86.11248636176843	51.87669612040747	113.89002701557519	0.0	0.0	0.0	0.0	0.0	139.7819009539143	0.0	0.0	0.0	20.578743544115387	0.0	0.0
GSM4138110_HNSCC_1_PBMC_CTCGTACTCTGTCCGT	92.56433053372211	71.12152113375262	32.412894375131415	63.152240873971344	1.3429958018655512	0.0	0.0	0.0	46.58506281851745	0.0	0.0	0.0	0.0	17.95704819106805	0.0	39.71660554362171	0.0	30.481808129741992
GSM4138110_HNSCC_1_PBMC_CTCTGGTAGGCGTACA	35.3546676991759	42.03544654739236	5.463330655540967	0.0	42.19296084588886	0.0	0.0	0.0	36.84836258592654	0.0	6.6462207124759995	0.0	0.0	31.302774214234162	0.0	0.0	0.0	0.0
GSM4138110_HNSCC_1_PBMC_CTGAAACTCCGAGCCA	43.79852874462612	35.22718070060299	51.35129017058472	19.599138303549942	0.0	40.278314943287945	0.0	0.0	0.0	0.0	0.0	0.0	0.0	66.16737005759349	0.0	0.0	3.059113173993491	0.0
GSM4138110_HNSCC_1_PBMC_CTGAAGTAGCGATCCC	90.55073542105391	31.445363262268945	36.099019004687115	0.0	55.20439767120721	0.0	49.57264130537688	36.30251669542443	0.0	0.0	0.0	0.0	0.0	0.0	0.0	0.0	0.0	0.0
GSM4138110_HNSCC_1_PBMC_CTGATAGAGATCTGCT	41.30786648262314	24.41537636396949	85.91842606052988	25.536634119742008	21.910262969123064	0.0	24.30829798327931	0.0	0.0	0.0	0.0	1.5606277093741843	0.0	43.997198337031925	0.0	0.0	0.0	0.0
GSM4138110_HNSCC_1_PBMC_CTGATAGAGCCTTGAT	61.78644624492447	67.04641629258244	47.409583493039044	44.59550111715038	20.77639664801987	0.0	0.0	0.0	53.73981584834712	0.0	0.0	0.0	0.0	50.78792559142058	0.0	0.0	0.0	0.0
GSM4138110_HNSCC_1_PBMC_CTGCCTAAGGTGCTTT	102.64358256148485	40.097573267725096	21.006101119707097	0.0	107.74022273832306	0.0	23.90182724695438	0.0	61.30546636324457	10.779545162978891	1.2514607954716042	3.156131406037824	0.0	2.8216232199159217	0.0	0.0	0.0	0.0
GSM4138110_HNSCC_1_PBMC_CTGCCTATCACGACTA	30.116851028079292	78.36321598692122	6.42964284626879	0.0	45.937465418669355	0.0	0.0	0.0	37.40021588981305	0.0	1.1377018531231593	74.17931959608795	0.0	0.0	0.0	0.0	0.0	0.0
GSM4138110_HNSCC_1_PBMC_CTGGTCTTCGAGAACG	59.79044747067366	20.45021404526764	45.98432753359661	29.479716268147683	0.0	33.743642892027864	0.0	0.0	0.0	0.0	0.0	0.0	0.0	0.0	30.05369362344253	0.0	0.0	0.0
GSM4138110_HNSCC_1_PBMC_CTGTTTAAGTGGAGTC	54.178976809830104	17.525156196493107	43.60761621021081	0.0	43.919300886946715	66.1452584050795	0.0	17.060670311740637	0.0	0.0	0.0	0.0	0.0	0.0	0.0	0.0	0.0	0.0
GSM4138110_HNSCC_1_PBMC_GAACATCTCCCTAATT	103.18917477228155	96.49844013296342	37.0113769524128	0.0	99.59720595112627	0.0	90.28799362524784	59.525803294245534	0.0	0.0	0.0	0.0	0.0	0.0	0.0	0.0	0.0	0.0
GSM4138110_HNSCC_1_PBMC_GAACCTATCTGAGGGA	78.98839778794245	23.888557162267375	22.862077470772036	29.546900011984974	3.4608654414524103	0.0	0.0	0.0	41.92452014049376	0.0	0.0	0.0	0.0	51.21020084154744	0.0	0.0	0.0	0.0
GSM4138110_HNSCC_1_PBMC_GAATGAATCAGTTAGC	46.546848292188216	18.408631610528946	49.398531606840564	62.33368635566559	0.0	0.0	12.067050828757818	0.0	0.0	0.0	0.0	0.0	0.0	0.0	0.0	6.200567952422885	40.70158650879372	0.0
GSM4138110_HNSCC_1_PBMC_GATCGATAGTACACCT	79.3788725827706	59.615531869656536	28.396124850439833	0.0	46.574731833290535	40.33034355990442	0.0	35.904857807344584	0.0	0.0	0.0	0.0	0.0	0.0	0.0	0.0	0.0	0.0
GSM4138110_HNSCC_1_PBMC_GATCGATTCAGCATGT	69.41563693599686	55.20750570911986	61.6581980317036	40.873588216613605	19.87217312561917	0.0	0.0	0.0	88.35523918687903	0.0	0.0	0.0	13.655079905613638	0.0	53.18976892473638	0.0	0.0	0.0
GSM4138110_HNSCC_1_PBMC_GATGAAATCCAAGCCG	80.4828517483146	34.62773083274838	74.96506047700818	0.0	79.28387871226698	0.0	0.0	0.0	0.0	0.0	15.480370034691024	37.7344903188597	0.0	15.433807364514847	0.0	0.0	0.0	0.0
GSM4138110_HNSCC_1_PBMC_GCACATAAGGTGTGGT	45.03332764245488	0.0	119.58977388884387	47.825271185441686	0.0	42.52797911176844	0.0	0.0	0.0	40.491736844399234	0.0	0.0	0.0	0.0	32.589868506215396	0.0	0.0	0.0
GSM4138110_HNSCC_1_PBMC_GCACTCTGTACAGTGG	59.15142337744025	54.76003467800823	57.65231261166918	26.142009917726277	0.0	29.23799739029965	0.0	94.02904548868365	0.0	0.0	0.0	58.455534691565916	0.0	0.0	0.0	0.0	0.0	0.0
GSM4138110_HNSCC_1_PBMC_GCCTCTAAGTTAAGTG	55.86081005429929	42.19485839790378	23.750722949373376	0.0	30.040421312173383	0.0	20.662623043368605	0.0	12.717970575047127	0.0	1.218990019885516	0.0	0.0	0.0	38.580722792782275	0.0	0.0	0.0
GSM4138110_HNSCC_1_PBMC_GCCTCTAGTTGAACTC	57.80695454119888	30.9257654163852	36.3105793897091	0.0	41.80764574755501	0.0	21.09662172033725	0.0	0.0	0.0	22.331009380463268	0.0	0.0	0.0	0.0	40.848360225847046	0.0	0.0
GSM4138110_HNSCC_1_PBMC_GCGAGAAAGTGACATA	49.08370295854134	43.48999070488143	20.45640703321377	0.0	48.717786882780466	0.0	65.34449149718526	0.0	78.10441829600983	0.0	0.0	66.76578586605372	0.0	0.0	0.0	0.0	0.0	0.0
GSM4138110_HNSCC_1_PBMC_GCTGCAGGTCCTCTTG	71.51420976766387	24.886172515521643	13.913793522603248	59.30614602469688	0.058292986816573716	23.96733898998255	0.0	0.0	33.90342575112023	0.0	0.0	0.0	30.339621614944182	30.508142525680405	0.0	0.0	0.0	0.0
GSM4138110_HNSCC_1_PBMC_GGAAAGCAGTCAATAG	87.70939091222904	63.33514953918189	30.064673615945946	46.83243061182956	0.0	0.0	26.240304635262707	0.0	38.81704871271372	0.0	0.0	67.46895969766052	0.0	0.0	0.0	0.0	0.0	0.0
GSM4138110_HNSCC_1_PBMC_GGAACTTGTTTACTCT	50.15543521397451	20.084384820496354	37.58128400292827	31.529698937874866	0.0	50.35353954668234	0.0	0.0	0.0	0.0	0.0	0.0	0.0	0.0	29.793423487950218	0.0	3.5082967963823997	0.0
GSM4138110_HNSCC_1_PBMC_GGCAATTGTCCTCTTG	19.223828850024244	20.55421411451805	44.41802632232137	97.82298145679901	0.0	0.0	5.552922679858056	32.040847119283896	0.0	0.0	0.0	0.0	1.6799889060281745	0.0	5.734439436629245	0.0	5.249185922793715	0.0
GSM4138110_HNSCC_1_PBMC_GGGACCTAGGCCCTTG	67.91466229189795	20.921478299999965	8.896281894888643	0.0	66.56902138197516	0.0	0.0	37.860099029012844	0.0	0.0	34.36548776685503	0.0	0.0	0.0	0.0	0.0	0.0	0.0
GSM4138110_HNSCC_1_PBMC_GGGACCTTCGTCCAGG	41.41483862034895	40.18151265142762	41.61395271809329	0.0	31.855048922465404	29.477809567140277	0.0	0.0	0.0	0.0	0.0	63.70041700946099	0.0	0.0	0.0	0.0	0.0	0.0
GSM4138110_HNSCC_1_PBMC_GGGATGACAATGGTCT	109.1365363300246	62.63515481472548	1.310558813296401	17.427350523047263	0.0	0.0	63.637026867461955	0.0	0.0	0.0	0.0	0.0	45.77788922164395	0.0	0.0	0.0	0.0	0.0
GSM4138110_HNSCC_1_PBMC_GGGCACTGTCTAGGTT	78.52671387512504	49.51140973683669	44.23038466533088	0.0	66.17250563775532	0.0	48.49178497326502	0.0	0.0	0.0	30.39347129666184	0.0	0.0	0.0	0.0	11.316295452103684	52.10005834065014	0.0
GSM4138110_HNSCC_1_PBMC_GGTATTGTCCTTCAAT	74.55176893182853	60.353460534690235	66.14989804729089	1.9044279912600361	39.07426000995376	0.0	51.179373941502924	23.535404447014542	0.0	0.0	0.0	0.0	0.0	0.0	0.0	0.0	0.0	0.0
GSM4138110_HNSCC_1_PBMC_GGTGTTACAATCCAAC	61.65491896613822	47.361868054661365	28.794769998927208	56.9293554034725	0.0	0.0	0.0	9.180508807266243	0.0	0.0	0.0	0.0	16.236821726986072	0.0	0.0	0.0	0.0	44.617152936913214
GSM4138110_HNSCC_1_PBMC_GGTGTTACAGCCACCA	75.27406505435437	33.42994502817879	22.41976741081694	37.67067441554452	0.0	0.0	21.871641633412217	0.0	29.977671904637997	0.0	0.0	21.07311156171649	0.0	0.0	0.0	32.97660051417997	0.0	0.0
GSM4138110_HNSCC_1_PBMC_GTAACGTTCGTATCAG	116.03825402751558	70.90485311840587	73.02793080352775	0.0	77.45040235820473	64.02904983166748	0.0	0.0	0.0	0.0	0.0	0.0	3.4171675192269286	100.5637379913555	0.0	0.0	0.0	0.0
GSM4138110_HNSCC_1_PBMC_GTATTCTTCTTCCTTC	51.43367091996768	25.111780777876614	41.97544605276922	46.11058330190637	9.553782516037593	41.97593797458928	14.7694690788852	0.0	0.0	0.0	0.0	0.0	0.0	0.0	53.530424159007836	0.0	0.0	0.0
GSM4138110_HNSCC_1_PBMC_GTCAAGTGTGGGTATG	93.60994510387727	54.410630875182044	49.68536850586857	0.0	45.38530712124987	0.0	55.06009014062338	0.0	0.0	0.0	1.9598130234347695	0.0	0.0	0.0	28.46103536148038	0.0	0.0	0.0
GSM4138110_HNSCC_1_PBMC_GTCACGGGTGCAACGA	0.0	0.0	922.1160394635532	0.0	0.0	0.0	0.0	0.0	442.68365435310204	420.037479599293	0.0	0.0	0.0	0.0	0.0	11.750602167577357	0.0	0.0
GSM4138110_HNSCC_1_PBMC_GTGCGGTCAAGGTGTG	52.552554217548206	27.5793220948014	70.86564645781232	17.72573065125953	27.610146322371584	0.0	0.0	6.55779821885178	0.0	13.035760463317109	0.0	0.0	53.34201578301258	0.0	0.0	0.0	0.0	76.59735330329096
GSM4138110_HNSCC_1_PBMC_GTGTGCGAGGAGCGAG	18.99108293265989	54.21656922257132	23.677734337721326	0.0	21.75417668423124	0.0	0.0	0.0	35.135386494088955	0.0	0.0	95.5181046076051	0.0	0.0	32.309178359629115	0.0	0.0	0.0
GSM4138110_HNSCC_1_PBMC_GTGTGCGCAAGTCATC	54.35041796205991	0.0	15.625930925208193	31.307035399699707	25.61629890793608	0.0	0.0	0.0	99.10896655786189	53.39557857579087	0.0	0.0	0.0	0.0	41.82644279744475	0.0	0.0	0.0
GSM4138110_HNSCC_1_PBMC_TAAACCGTCATCTGTT	44.15158614500354	69.4258522469263	23.83854066465741	0.0	39.23910390976184	0.0	0.0	0.0	70.41824718833062	0.0	0.0	0.0	36.851149038047915	3.2358509904882835	0.0	0.0	0.0	0.0
GSM4138110_HNSCC_1_PBMC_TAAGCGTCAATGGATA	63.729403249456254	120.04218052744359	67.31313297425895	0.0	40.564641965589836	0.0	0.0	3.1851968543187863	0.0	0.0	28.27149833052417	51.893298327880466	0.0	0.0	0.0	0.0	0.0	0.0
GSM4138110_HNSCC_1_PBMC_TACACGATCCTGCCAT	75.9323634024841	41.44612397338186	98.04662381048979	25.81504041007997	31.234011448916835	65.36664786164494	0.0	13.726131222179523	0.0	0.0	0.0	0.0	49.419670385256495	0.0	0.0	0.0	0.0	0.0
GSM4138110_HNSCC_1_PBMC_TACCTTAAGGCTAGAC	75.90928271477014	19.256845481152972	25.918277752895737	0.0	68.73041991411816	0.0	0.0	0.0	51.29056715574973	27.091200107370444	0.0	0.0	0.0	44.346488533245804	0.0	0.0	0.0	0.0
GSM4138110_HNSCC_1_PBMC_TACGGATCAGGGTATG	24.991297983849943	45.05257607195013	31.777060812523583	55.19397409115849	0.0	60.819396351567526	0.0	56.8699608410037	0.0	0.0	0.0	0.0	0.0	0.0	0.0	0.0	0.0	0.0
GSM4138110_HNSCC_1_PBMC_TAGAGCTCAGATGGCA	80.85243190850153	0.0	64.33015130509128	16.644161795080333	21.21955056149933	45.0630686028619	0.0	14.34756720937036	0.0	29.990546611255226	0.0	16.578428603514496	0.0	0.0	0.0	0.0	0.0	0.0
GSM4138110_HNSCC_1_PBMC_TAGCCGGAGAAGGCCT	76.55075993186752	64.65479425336402	43.68771069559023	0.0	31.470837790844648	53.306860228472374	0.0	0.0	0.0	0.0	0.0	46.6263869043559	0.0	0.0	0.0	0.0	0.0	0.0
GSM4138110_HNSCC_1_PBMC_TATCTCAAGGTGCACA	78.8189498212555	40.65093528961446	26.649307071790282	51.02029995996806	11.33409211960402	20.88088120990995	0.0	15.838736632693811	0.0	0.0	2.077929480346693	0.0	0.0	0.0	0.0	0.0	0.0	0.0
GSM4138110_HNSCC_1_PBMC_TCACAAGGTTCATGGT	51.28151257822561	49.002784752959585	12.915071119133843	7.300292015758732	17.571504128167046	0.0	1.0988638046037986	0.0	0.0	0.0	0.0	0.0	37.29513282269487	0.0	0.0	17.13879859449611	0.0	33.65585493770964
GSM4138110_HNSCC_1_PBMC_TCACAAGTCTTGACGA	150.37179139217088	230.88845797764202	215.97677500531154	477.05602960529535	0.0	0.0	110.448038758944	0.0	0.0	0.0	0.0	0.0	166.18611002682707	0.0	0.0	0.0	0.0	0.0
GSM4138110_HNSCC_1_PBMC_TCGAGGCTCGGAAATA	90.02708206923604	24.974310071702803	34.92872917317183	0.0	49.35792478396404	4.790103981770436	0.0	21.393601065540135	0.0	0.0	69.32889762688082	0.0	0.0	0.0	37.0064492042942	11.162798022236219	0.0	0.0
GSM4138110_HNSCC_1_PBMC_TCTATTGGTTTAGGAA	66.55442177470387	29.225919201300794	30.803018087093008	59.02715253634878	0.0	0.0	52.17200811139996	40.62899836180544	0.0	0.0	0.0	0.0	0.0	0.0	0.0	0.0	0.0	0.0
GSM4138110_HNSCC_1_PBMC_TCTATTGTCATCTGCC	58.41071047984158	0.0	33.48636012797767	4.868945662167364	31.878748614409144	0.0	0.0	0.0	0.0	40.18617568962658	0.0	0.0	12.449284261340239	0.0	0.0	0.0	0.0	6.03371182194695
GSM4138110_HNSCC_1_PBMC_TCTTCGGCACCCTATC	94.53417056761515	42.347499101932826	16.998091020618183	50.07296126675994	9.556585560798057	0.0	0.0	0.0	75.31636623438325	18.48378019099052	0.0	0.0	0.0	0.0	0.0	38.80340814031113	0.0	0.0
GSM4138110_HNSCC_1_PBMC_TGGGCGTTCACAGGCC	0.0	0.0	2722.967996793069	0.0	0.0	0.0	0.0	0.0	0.0	0.0	0.0	0.0	0.0	0.0	0.0	0.0	0.0	0.0
GSM4138110_HNSCC_1_PBMC_TGTGTTTGTTAAAGAC	61.7051089681175	0.0	129.1871943322666	29.88465332432806	57.880428193469974	0.0	0.0	0.0	0.0	67.01875060842166	0.0	89.03195172231744	0.0	0.0	0.0	0.0	0.0	95.23804202606698
GSM4138110_HNSCC_1_PBMC_TGTTCCGCACGGCGTT	163.9949792792775	0.0	145.64713023768923	11.968690817839436	171.28452442701519	124.7383589264791	0.0	0.0	0.0	68.3185776603793	0.0	0.0	0.0	0.0	190.6276062809917	0.0	0.0	0.0
GSM4138110_HNSCC_1_PBMC_TTAGGCAAGGCTAGCA	106.57351207294607	58.25546596531825	33.42815675778535	57.423822399538714	6.24504863150238	45.40879478990532	0.0	0.0	0.0	0.0	0.0	31.23269100847409	0.0	0.0	0.0	0.0	0.0	0.0
GSM4138110_HNSCC_1_PBMC_TTCCCAGCACATGGGA	2.0780178905196576	70.47384351930879	64.83024855544495	0.0	107.68373320763443	0.0	0.0	0.0	45.245141549787554	0.0	0.0	30.468737703640283	0.0	0.0	0.0	0.0	0.0	0.0
GSM4138110_HNSCC_1_PBMC_TTCGGTCAGACCCACC	52.20551729083834	42.28863251299831	16.647650490573614	24.00488439721669	3.7898956147974414	0.0	0.0	0.0	30.339450300330366	0.0	0.0	0.0	0.0	0.0	52.16554393782453	0.0	0.0	0.0
GSM4138110_HNSCC_1_PBMC_TTCTCCTTCCTCAATT	59.386361717049645	28.394530238432626	35.22776050720247	0.0	88.88843361977352	0.0	0.0	0.0	0.0	0.0	70.36677765705146	0.0	0.0	0.0	27.198803779152545	0.0	0.0	0.0
GSM4138110_HNSCC_1_PBMC_TTGAACGGTCGAAAGC	74.5910920642112	0.0	22.60852142072104	32.07779855754427	8.172074211070415	0.0	0.0	0.0	40.30833744705385	31.986394913148057	0.0	0.0	39.7138320806724	0.0	0.0	0.0	0.0	0.0
GSM4138110_HNSCC_1_PBMC_TTGCCGTAGTCAAGCG	61.87725539402699	21.008042011397404	31.330941594362333	0.0	54.60555148016185	0.0	43.32732353415674	0.0	0.0	0.0	9.58001827568395	0.0	0.0	0.0	79.7207399062811	0.0	0.0	0.0
GSM4138110_HNSCC_1_PBMC_TTGCGTCTCAAGGCTT	59.87393141943921	63.48803903898271	26.13032085217164	41.53163467206779	36.01891759751162	0.0	0.0	0.0	0.0	0.0	0.0	0.0	0.0	41.27020559995587	0.0	0.0	0.0	65.37383136109345
GSM4138110_HNSCC_1_PBMC_TTTATGCGTGCATCTA	56.491463942984154	37.49915908330958	3.6075584981630047	41.819411720214944	0.0	0.0	0.0	0.0	0.0	0.0	54.90164205823737	24.646612746490796	0.0	0.0	0.0	0.0	0.0	0.0
GSM4138110_HNSCC_1_PBMC_TTTGCGCTCTTGTACT	53.97374576687753	15.744335597336768	12.536047080261612	62.205559914866356	0.0	16.84445308215437	0.0	0.0	0.0	55.4643992280119	0.0	0.0	10.526199139357741	0.0	0.0	56.1358548831702	0.0	0.0
GSM4138110_HNSCC_1_PBMC_TTTGGTTCACTTCTGC	114.73800018173776	39.80100482177201	39.30670449677189	69.17834203039907	18.090948168228653	84.2574906025301	0.0	16.11669367263723	0.0	0.0	32.69738943258958	0.0	0.0	0.0	0.0	0.0	39.619302243323354	0.0
GSM4138110_HNSCC_1_PBMC_CTACACCAGTTGTAGA	111.51386356279006	0.0	64.00743266795294	58.021229906068406	31.272522577748788	0.0	0.0	33.30855889079817	0.0	124.62799606098962	0.0	0.0	83.68949078635463	0.0	0.0	0.0	0.0	58.40985505800845
GSM4138110_HNSCC_1_PBMC_AACTGGTGTCAGAATA	33.29471653818596	41.244632659374304	24.44746895291499	0.0	23.312915716598077	0.0	0.1350839922655871	0.0	0.0	0.0	0.0	0.0	0.0	41.32369805836925	0.0	0.0	0.0	63.792822622369656
GSM4138110_HNSCC_1_PBMC_AAACGGGTCCTCAACC	83.31226577952793	25.679468324035454	25.066346457727	58.364943315515134	0.0	0.0	0.0	0.0	0.0	0.0	43.802280614201415	0.0	0.0	32.61775529696623	0.0	0.0	0.0	0.0
GSM4138110_HNSCC_1_PBMC_AAGGCAGAGGCGTACA	47.89323271422048	0.0	10.047650924794755	0.0	85.21287227335758	0.0	0.0	2.2354463754325082	58.38574722691316	68.27349907631225	0.7687080440175449	0.0	0.0	39.34353856244866	0.0	0.0	0.0	0.0
GSM4138110_HNSCC_1_PBMC_ACATGGTCAATGGAGC	121.9617587535766	16.49080001447342	27.15054782622142	43.21301615589174	0.0	71.91219996366543	0.0	0.0	0.0	39.83726907702802	0.0	0.0	4.691426337133674	0.0	0.0	24.377286410619092	0.0	0.0
GSM4138110_HNSCC_1_PBMC_ACGATGTGTTATCACG	49.437987525158135	36.30031335635682	21.424882732462244	59.09186711734125	15.430349876212595	0.0	0.0	0.0	3.4175685019259827	0.0	33.09299026996033	0.0	0.0	0.0	0.0	36.580233040238184	0.0	0.0
GSM4138110_HNSCC_1_PBMC_ACGGCCATCTCCCTGA	114.94579916461176	0.0	54.09368869107355	97.13305828208078	0.0	0.0	0.0	0.0	0.0	31.991536337765584	0.0	0.0	0.0	66.33084241244293	0.0	9.83472204400547	0.0	59.79130368124199
GSM4138110_HNSCC_1_PBMC_AGCTCTCTCATTGCCC	80.43775515148917	63.526675698292934	119.16080907828291	71.18615187816202	0.0	0.0	0.0	0.0	0.0	0.0	0.0	35.51353877116235	0.0	0.0	0.0	36.87453288261246	0.0	81.56658401420366
GSM4138110_HNSCC_1_PBMC_AGGTCATTCTCTAGGA	76.89948266618674	57.77417382215297	52.4246333762197	38.1716810007432	8.374393887483391	2.112941924044829	14.653006664684849	0.0	10.438501499823568	0.0	26.760862576786174	0.0	0.0	44.28252136880672	0.0	0.0	0.0	0.0
GSM4138110_HNSCC_1_PBMC_ATAGACCTCTGGTGTA	65.50175018137301	0.0	38.81495982262864	30.60237894807862	14.903008149359012	0.0	0.0	0.0	0.0	20.20006472780367	0.0	106.64040517458987	0.0	0.0	0.0	0.0	0.0	38.3752461777407
GSM4138110_HNSCC_1_PBMC_ATAGACCTCTTCCTTC	68.51800902758329	0.0	35.81537859833118	43.60514494642338	0.0	0.0	0.0	1.122178823218912	0.0	46.49491641455236	0.0	0.0	18.617470295410442	0.0	0.0	0.0	0.0	15.73782913264111
GSM4138110_HNSCC_1_PBMC_ATCTACTCACTGTGTA	67.54645395847803	50.58468397621129	58.92370061137776	25.344435174131437	0.0	0.0	0.0	0.0	51.27993007940983	0.0	0.0	0.0	0.0	0.0	10.193689811378487	0.0	52.720361774567294	0.0
GSM4138110_HNSCC_1_PBMC_ATCTGCCAGGAATCGC	74.65057775725926	25.26844910699136	54.985576461290286	25.896636351064505	10.402402070547323	0.0	0.0	0.0	58.43934921484995	0.0	0.0	42.07172386251127	0.0	0.0	0.0	3.2982206013037416	0.0	0.0
GSM4138110_HNSCC_1_PBMC_ATGGGAGCATGGGAAC	68.4479939913206	189.96638736957638	234.60515466382014	0.0	60.20768828551318	0.0	0.0	0.0	167.9360633132154	0.0	0.0	94.88345654626795	0.0	0.0	0.0	0.0	0.0	0.0
GSM4138110_HNSCC_1_PBMC_ATGTGTGGTAGCTGCC	35.15392846025229	51.224218482258834	34.94320883044898	32.15123979032958	0.0	0.0	5.797284068789906	0.0	0.0	0.0	0.0	0.0	0.0	0.0	111.99365550738008	0.0	0.0	0.0
GSM4138110_HNSCC_1_PBMC_CACAAACCATCCCACT	86.49855059164611	99.90671845495493	41.347026287886834	69.33392981393173	0.0	0.0	35.78426204661754	36.37401481256182	0.0	0.0	0.0	0.0	0.0	0.0	0.0	0.0	0.0	0.0
GSM4138110_HNSCC_1_PBMC_CACCACTAGTTACCCA	97.44831292786166	37.666552564693916	45.76178717080645	84.52333480237891	0.0	0.0	0.0	53.00209039188065	35.60325776866102	0.0	19.807602972071667	0.0	0.0	0.0	0.0	0.0	0.0	0.0
GSM4138110_HNSCC_1_PBMC_CATGCCTTCAGCTCTC	66.45224941411723	0.0	62.42138077399944	0.12178243475598752	52.00266431785141	75.6895105351317	0.0	0.0	0.0	47.0761849787821	0.0	60.29079415870246	0.0	0.0	0.0	0.0	0.0	0.0
GSM4138110_HNSCC_1_PBMC_CATGGCGCATGTTCCC	89.89767687971815	55.98166576598042	70.29146161674994	0.0	52.27429910398249	0.0	0.0	0.0	18.932281648190838	0.0	0.0	0.0	0.0	65.67109258455596	0.0	0.0	26.35582399362929	0.0
GSM4138110_HNSCC_1_PBMC_CCACCTAGTAGTACCT	73.17476542221249	47.98634015151703	41.72270051619058	51.06657912189802	0.0	0.0	0.0	0.0	57.910180264884715	0.0	0.0	28.230311731443734	0.0	0.0	0.0	0.0	0.0	32.34095481288657
GSM4138110_HNSCC_1_PBMC_CCGTTCAGTATATCCG	80.20450880776315	65.23324389186408	73.69510124503103	50.82024958328605	0.0	5.883008942548787	0.0	0.0	26.066117223817	0.0	0.0	0.0	63.73584903913425	0.0	0.0	0.0	0.0	0.0
GSM4138110_HNSCC_1_PBMC_CCTACACGTCCGAAGA	41.674864387261096	16.7900674205018	40.352686379914786	0.0	45.619186211845026	7.425200323171863	48.08650390705223	0.0	0.0	0.0	0.0	0.0	0.0	0.0	0.0	0.0	31.211071309628675	5.133999364749578
GSM4138110_HNSCC_1_PBMC_CCTCTGAGTCGCGAAA	124.89085680202035	72.97279295419979	57.65875611124201	76.33476344863713	0.0	60.9728332101723	0.0	0.0	0.0	0.0	0.0	26.714107133087996	38.82690178458341	0.0	0.0	0.0	0.0	6.359407858930336
GSM4138110_HNSCC_1_PBMC_CGCTGGAAGGCATGTG	61.982362620314326	0.0	49.14854053246316	28.861289477827253	41.922489916006455	0.0	0.0	0.0	41.76462006720455	40.306372615416905	0.0	0.0	19.83250777480375	0.0	0.0	38.57619139280996	6.3182504444715635	0.0
GSM4138110_HNSCC_1_PBMC_CGGAGTCTCACAATGC	73.13929644545829	42.42639533954115	29.831901287191332	0.0	0.0	40.51198183808456	0.0	0.0	0.0	0.0	20.59036852732612	0.0	0.0	0.0	0.0	0.0	55.308961919873525	0.0
GSM4138110_HNSCC_1_PBMC_CGGCTAGAGCTACCGC	111.33850840710309	62.39516742828997	37.475594039539274	0.0	56.14563903769776	0.0	31.816226640063107	0.0	0.0	0.0	0.0	0.0	0.0	65.18101526909285	0.0	0.0	0.0	0.0
GSM4138110_HNSCC_1_PBMC_CGTTGGGCAAGCCGCT	208.89228278398807	56.569410988482424	38.45452269206545	13.517681049955751	19.058663284329263	0.0	16.721614872952703	0.0	0.0	0.0	0.0	12.055822405701338	0.0	0.0	0.0	0.0	0.0	0.0
GSM4138110_HNSCC_1_PBMC_CTCAGAAGTCCGACGT	76.53050699464724	32.85753090603212	29.223746650934732	0.0	32.64005719631581	0.0	0.0	51.620606223017944	51.16723887155999	16.280783727589014	0.0	0.0	0.0	0.0	0.0	0.0	0.0	0.0
GSM4138110_HNSCC_1_PBMC_CTCGTACCACGCGAAA	68.76188367502567	48.8957499126858	34.14190716173482	31.52208676275245	37.281477803610244	38.531065184489826	0.0	30.16941073213031	0.0	0.0	0.0	0.0	0.0	0.0	0.0	0.0	0.0	0.0
GSM4138110_HNSCC_1_PBMC_GAAATGAAGAGCCTAG	174.18165532478858	86.37968855010674	51.17397470333497	50.38483046533093	76.67464885207228	0.0	80.10419138738361	0.0	0.0	0.0	0.0	0.0	0.0	40.79738010748844	0.0	0.0	0.0	0.0
GSM4138110_HNSCC_1_PBMC_GACGTTATCTAACCGA	65.90958470598054	23.195167444041008	71.44872448113205	47.11421756700949	0.0	0.0	45.5034947022666	0.0	0.0	0.0	0.0	5.765913857143473	34.06522523284726	0.0	0.0	0.0	0.0	0.0
GSM4138110_HNSCC_1_PBMC_GACTGCGTCGGCATCG	44.51081739563516	0.0	44.47617232648361	91.65579303371221	0.0	39.604412531199344	0.0	14.762864353885455	0.0	25.192439093895988	0.0	0.0	45.34094146245479	0.0	0.0	0.0	0.0	0.0
GSM4138110_HNSCC_1_PBMC_GATGAGGAGGCTAGCA	65.52477308269643	17.840362757627748	31.511147990700703	41.988983697845796	1.7699436634686878	39.48644522803536	0.0	0.0	0.0	0.0	0.0	0.0	22.179146071545656	0.0	41.98972086714289	0.0	0.0	0.0
GSM4138110_HNSCC_1_PBMC_GATTCAGCACCACGTG	71.22195692997684	37.16540944296748	44.158756502851794	14.530228397610339	53.4053828619243	7.465062866637719	0.0	20.524823838029455	0.0	0.0	0.0	32.1527238917749	0.0	0.0	0.0	0.0	0.0	0.0
GSM4138110_HNSCC_1_PBMC_GCAATCAGTAGCTCCG	62.564414504522205	72.85865023931167	23.34049405824685	16.828237305927754	0.0	7.443357585820389	0.0	0.0	18.447388941031008	0.0	0.0	37.17741677671107	0.0	0.0	0.0	0.0	0.0	0.0
GSM4138110_HNSCC_1_PBMC_GCGACCAGTAGCCTAT	91.28781975545894	51.164187990422626	35.49840530897937	150.63099549390398	0.0	0.0	0.0	0.0	67.4036724946577	0.0	0.0	0.0	0.0	30.352845596167114	0.0	0.0	0.0	0.0
GSM4138110_HNSCC_1_PBMC_GCTTCCATCTCATTCA	46.63608867450744	55.62234528169683	26.290133914755483	0.0	36.29850717660454	54.75664361296634	0.0	34.803965764304166	0.0	0.0	22.733239184279363	0.0	12.51778089697719	0.0	0.0	0.0	0.0	0.0
GSM4138110_HNSCC_1_PBMC_GCTTGAAAGACCTTTG	36.460865164094365	31.99958488704299	13.50308347183431	45.36353700478127	10.428676302160786	0.0	0.0	0.0	26.973824375142815	1.7230700710740903	7.277950028317859	0.0	0.0	42.53823025848948	0.0	0.0	0.0	0.0
GSM4138110_HNSCC_1_PBMC_GGACAAGGTAATTGGA	83.74534028466992	65.38603806584447	34.134462571739114	21.82052178466648	92.06422187133344	0.0	0.0	0.0	0.0	29.425884806274894	21.842835232405534	0.0	0.0	0.0	40.64527891396926	0.0	0.0	0.0
GSM4138110_HNSCC_1_PBMC_GGCGTGTAGCACGCCT	51.65534235994609	37.59962240400815	22.28033786007713	30.65105247908991	0.0	38.847631878423776	0.0	0.0	0.0	0.0	0.0	0.0	0.0	0.0	0.0	29.73713519968103	0.0	0.0
GSM4138110_HNSCC_1_PBMC_GGCGTGTAGCGTTTAC	44.34239531406685	0.0	20.05158671162211	4.09188054580496	52.01326103904707	0.0	31.39549945739586	0.0	0.0	29.994090812564412	0.0	23.53712043631428	0.0	0.0	0.0	0.0	0.0	0.0
GSM4138110_HNSCC_1_PBMC_GGCTGGTCAATGGACG	70.63538493249766	35.3222152999375	54.22033802476988	94.02345617829681	0.0	17.435753243573284	12.688879968371932	19.042965250311326	0.0	0.0	0.0	0.0	0.0	0.0	87.91508307952309	0.0	0.0	0.0
GSM4138110_HNSCC_1_PBMC_GGGAATGTCAGCTGGC	134.19486305407787	0.0	49.73734905968212	27.877527662364958	12.295711838170229	0.0	0.0	0.0	73.61795327205525	48.60266979557299	0.0	53.159303151747096	0.0	0.0	0.0	0.0	0.0	0.0
GSM4138110_HNSCC_1_PBMC_GGGTTGCAGATCGGGT	45.42269881015831	35.961371966167064	42.61082193255152	16.232023828644074	10.336682066495328	0.0	0.0	0.0	17.126397767579164	0.0	42.84264396924176	0.0	0.0	0.0	0.0	43.79908634112548	0.0	0.0
GSM4138110_HNSCC_1_PBMC_GGTATTGCACATTAGC	69.96867266906038	0.0	28.089744839451818	0.0	28.34431390025864	6.40095440985813	0.0	0.0	0.0	25.72170100165233	0.0	0.0	0.0	0.0	48.982244328932	0.0	0.0	0.0
GSM4138110_HNSCC_1_PBMC_GGTGTTAGTGTGACCC	32.99751564129901	52.140429392282	38.68922173149549	27.00532461570822	10.049730735024292	0.0	0.0	0.0	27.780080537336932	0.0	0.0	0.0	0.0	0.0	62.568240715481224	0.0	0.0	0.0
GSM4138110_HNSCC_1_PBMC_GTCACAAGTATCACCA	161.95813297875986	0.0	47.50024565793974	27.942514350253347	0.0	0.0	0.0	0.0	51.457611055598505	41.3907438826627	0.0	14.373207230002475	0.0	0.0	0.0	26.583931693793872	0.0	0.0
GSM4138110_HNSCC_1_PBMC_GTCACAATCGCAAGCC	63.30545318588578	38.24998153676307	21.966809520237565	0.0	26.672161438593356	37.93128180005584	0.0	0.0	0.0	0.0	0.0	0.0	61.87167569353429	0.0	0.0	0.0	0.0	0.0
GSM4138110_HNSCC_1_PBMC_GTCACGGCAAGCTGGA	70.44622596016936	36.52894893395354	31.57302015092987	0.0	27.346082937482496	20.668446185738727	0.0	133.58030373032616	0.0	0.0	0.0	0.0	0.0	0.0	0.0	0.0	0.0	0.0
GSM4138110_HNSCC_1_PBMC_GTCGTAAAGGCATGTG	123.47227862368919	114.56896227018798	61.42597529161183	78.87687685005054	43.308370491222824	0.0	149.64919956670727	53.793927395398576	0.0	0.0	0.0	0.0	0.0	0.0	0.0	0.0	0.0	0.0
GSM4138110_HNSCC_1_PBMC_GTCGTAATCTTGCAAG	51.54701963827138	28.798591587779168	23.986975041889725	31.63865502053642	0.0	8.908402837432002	0.0	0.0	0.0	0.0	29.833197901809395	0.0	0.0	0.0	41.452406144440126	0.0	0.0	0.0
GSM4138110_HNSCC_1_PBMC_GTCTCGTCATGCGCAC	57.0840103792869	0.0	25.726077771400792	0.0	19.784126961605622	0.0	0.0	0.0	33.839205661140355	72.74942226601678	0.0	0.0	0.0	41.68520748194246	20.06396030233756	0.0	0.0	12.55457989847464
GSM4138110_HNSCC_1_PBMC_GTGAAGGCACATTTCT	67.42504386056703	31.83344628249822	43.31109636818269	42.07218716711968	0.0	19.15467698079899	0.0	0.0	66.35747900378497	37.5798729030186	0.0	46.30567947498773	0.0	0.0	0.0	0.0	0.0	0.0
GSM4138110_HNSCC_1_PBMC_GTGCAGCAGACCGGAT	112.21738265053659	84.59464207311878	46.70647124511014	81.60769922673612	0.0	0.0	0.0	0.0	55.83392124953316	0.0	0.0	0.0	0.0	0.0	0.0	0.0	73.33914166826803	0.0
GSM4138110_HNSCC_1_PBMC_GTTAAGCTCATACGGT	85.10501544312947	41.53499118400407	19.085682517874613	57.32791268818263	0.0	0.0	0.0	0.0	0.0	0.0	0.0	0.0	0.0	47.250074072064	0.0	0.0	0.0	23.785237218706985
GSM4138110_HNSCC_1_PBMC_TAAACCGAGGGTCGAT	56.34083399022997	73.25353994195976	35.51730517513333	10.914928317597111	23.906780283920032	0.0	0.0	0.0	46.631903599342536	0.0	0.0	0.0	46.01736714951165	0.0	0.0	0.0	0.0	0.0
GSM4138110_HNSCC_1_PBMC_TACCTTAAGGCTCTTA	92.55232939179905	41.52515961404259	47.447562652273795	87.32421912120735	0.0	63.04582822081024	0.0	0.0	0.0	0.0	0.0	37.23750807899424	0.0	0.0	0.0	0.0	0.0	0.0
GSM4138110_HNSCC_1_PBMC_TAGAGCTTCGTTGCCT	121.79192560277845	0.0	96.49530678886623	92.51665104957507	5.753796998105862	22.95615091201004	0.0	0.0	74.2027373206397	57.38376313314052	0.0	0.0	0.0	0.0	0.0	57.67124982852069	0.0	0.0
GSM4138110_HNSCC_1_PBMC_TAGGCATTCCCAGGTG	89.97629616152834	25.61847544876075	19.904483899670506	38.192292586782706	0.0	0.0	0.0	0.0	0.0	0.0	20.374253680397175	82.8473483308204	0.0	0.0	0.0	0.0	0.0	0.0
GSM4138110_HNSCC_1_PBMC_TCACAAGCACATCCGG	42.30610278429539	66.99622982649909	60.50865348389019	0.0	34.37593264281607	20.844221907495882	0.0	0.0	0.0	0.0	0.0	0.0	0.0	0.0	68.67696370183734	0.0	0.0	0.0
GSM4138110_HNSCC_1_PBMC_TCAGCTCCATGACGGA	56.0987290584595	36.02123568963503	16.87348645896516	0.0	87.6283932134908	19.255914715593207	0.0	23.69251384794814	0.0	0.0	0.0	0.0	0.0	0.0	0.0	0.0	0.0	0.0
GSM4138110_HNSCC_1_PBMC_TCGAGGCTCCAGGGCT	67.51464414957199	0.0	51.015065396227385	55.9163450082889	0.0	34.07342373023948	0.0	0.0	0.0	32.537141056871086	0.0	26.864380665631284	0.0	0.0	0.0	0.0	0.0	0.0
GSM4138110_HNSCC_1_PBMC_TCTATTGCAGTCAGCC	118.94604666536212	0.0	43.067396539661665	68.8044113578351	0.0	0.0	0.0	0.0	28.059843745835753	76.7046970199665	0.0	44.06658615660942	0.0	0.0	0.0	0.0	0.0	0.0
GSM4138110_HNSCC_1_PBMC_TCTCTAAGTGGTAACG	104.50817580653757	102.70256375537413	40.19787162639531	50.74536440749537	22.109972656797034	64.29910709682578	0.0	0.0	0.0	0.0	0.0	111.48427187196697	0.0	0.0	0.0	0.0	0.0	0.0
GSM4138110_HNSCC_1_PBMC_TCTGAGATCTAGCACA	53.53446451573294	26.956680231868752	46.55512957124923	0.0	70.62311873769855	0.0	0.0	0.0	0.0	0.0	0.0	0.0	0.0	0.0	0.0	42.68498516838968	0.0	25.38898222390515
GSM4138110_HNSCC_1_PBMC_TCTTTCCCACTGAAGG	86.10353362365358	150.21609460678582	63.34811998760515	60.89147056159381	0.0	62.50247695329112	0.0	0.0	0.0	0.0	0.0	0.0	83.90519040271056	0.0	0.0	6.397829712639825	0.0	0.0
GSM4138110_HNSCC_1_PBMC_TGACAACGTCATCCCT	63.663483167146076	41.713756912654254	45.240446491061896	7.971908562967098	48.47858720418271	0.0	0.0	31.874721243634287	91.3182232701135	0.0	0.0	0.0	0.0	0.0	52.490860648613385	0.0	0.0	0.0
GSM4138110_HNSCC_1_PBMC_TGAGCCGAGATGAGAG	63.61796048117003	40.34772303141913	44.81462574999693	0.0	55.98200429555315	0.0	0.0	0.0	0.0	0.0	0.0	0.0	54.92933262047182	0.0	0.0	0.0	0.0	33.77077274378822
GSM4138110_HNSCC_1_PBMC_TGCGGGTTCTGATTCT	61.2644964278857	29.98862617589045	14.937434258003922	50.126261523820375	0.0	0.0	0.0	0.0	36.06587038974374	0.0	15.156863374737563	0.0	0.0	1.8079238677097622	0.0	20.022309179029993	0.0	0.0
GSM4138110_HNSCC_1_PBMC_TGGCTGGGTTCCAACA	50.68968192214481	41.13938459764929	54.822308260918334	35.83775977112812	20.446451917363845	0.0	0.0	36.340329667501486	0.0	0.0	62.66089035576077	3.4382734725899997	22.57091855657662	0.0	0.0	0.0	0.0	0.0
GSM4138110_HNSCC_1_PBMC_TGTATTCGTGGCTCCA	105.98687715934827	80.14780375091316	72.19664824138654	44.21900126171843	14.065086888928752	40.46530711026815	0.0	23.886550732852378	0.0	0.0	0.0	115.46034004337379	0.0	0.0	0.0	0.0	0.0	0.0
GSM4138110_HNSCC_1_PBMC_TGTGGTAAGTATGACA	99.01137924925241	34.53444107569957	43.96674515188795	46.00574670682243	0.0	0.0	0.0	0.0	34.56804484816778	9.997583985734826	0.0	0.0	0.0	0.0	0.0	50.88192678730652	0.0	2.566105135529301
GSM4138110_HNSCC_1_PBMC_TTCCCAGGTCACTGGC	60.04534969088079	52.07257875464775	41.12123155055362	38.146173938362296	0.0	6.523623058534726	0.7906873602092223	0.0	0.0	0.0	0.0	45.26344983474135	0.0	0.0	0.0	0.0	0.0	5.024943463174365
GSM4138110_HNSCC_1_PBMC_TTCGGTCCACCTCGGA	91.98006811561162	47.008083465430545	14.80585772973511	23.729900901381203	25.64052212858762	0.0	46.113132778191115	0.0	0.0	0.0	0.0	0.0	0.0	28.05512268546868	0.0	0.0	0.0	0.0
GSM4138110_HNSCC_1_PBMC_TTCTACATCCTTCAAT	58.7685014264164	35.06749030074646	25.51963472709321	39.00216548696624	0.0	45.53139439722535	0.0	0.0	0.0	0.0	0.0	0.0	0.0	6.878485501241	0.0	48.159262513213456	0.0	0.0
GSM4138110_HNSCC_1_PBMC_AAAGTAGTCGGCATCG	245.95318210076047	36.955967084782436	60.602322732556274	135.86697651671486	36.99888865139743	0.0	0.0	0.0	0.0	136.54123955725277	169.77925226208035	0.0	156.58619977945386	0.0	30.127374111088265	0.0	0.0	0.0
GSM4138110_HNSCC_1_PBMC_ACACTGATCGTACCGG	129.6193235759899	128.85968541220103	27.232399070622446	0.0	144.20919210032227	0.0	64.32450207450971	91.63049354923824	0.0	0.0	0.0	0.0	0.0	0.0	0.0	0.0	0.0	0.0
GSM4138110_HNSCC_1_PBMC_ACAGCTATCAGCACAT	246.96136569735683	169.30751220377027	37.34711474905848	0.0	138.00164039689514	113.63793493890626	0.0	0.0	0.0	0.0	0.0	0.0	0.0	179.54803886248985	0.0	0.0	0.0	0.0
GSM4138110_HNSCC_1_PBMC_ACTGAACGTTATTCTC	224.80312352258872	130.13683735694957	62.396499379046574	134.10988623720408	0.0	61.47283620498607	32.248690069430154	0.0	0.0	0.0	0.0	0.0	0.0	141.7915320062548	0.0	0.0	28.326234712618128	0.0
GSM4138110_HNSCC_1_PBMC_ACTGAGTTCAGGTAAA	223.71367519700968	92.25025672188428	53.595365304168496	0.0	115.7028985899082	27.096833184055534	55.20046125305349	0.0	0.0	0.0	0.0	0.0	70.03361777434975	0.0	68.90575697323538	0.0	0.0	0.0
GSM4138110_HNSCC_1_PBMC_ACTGCTCCAACCGCCA	252.4179704952454	148.19289809290922	35.10253417048734	0.0	116.27990995328256	0.0	67.93965348157195	96.77310281497142	0.0	0.0	2.5244801257647618	0.0	0.0	0.0	0.0	0.0	0.0	0.0
GSM4138110_HNSCC_1_PBMC_ACTTACTAGTGGAGAA	227.0928173924804	160.91693006199705	69.61173484364802	0.0	193.8640073029788	0.0	0.0	0.0	0.0	0.0	161.14436839538484	0.0	0.0	0.0	0.0	195.90805369136055	0.0	0.0
GSM4138110_HNSCC_1_PBMC_ACTTGTTCAGTTCATG	204.09637457725955	147.63309792112835	67.62833490636788	302.9569988023469	0.0	0.0	195.11118729854311	0.0	0.0	0.0	0.0	0.0	0.0	0.0	255.58631970390246	0.0	0.0	0.0
GSM4138110_HNSCC_1_PBMC_AGAGTGGCAGGGATTG	140.45642033066417	92.0401362778255	84.48713328003768	0.0	134.23782980578187	0.0	0.0	94.71462592058228	118.99393657821905	0.0	0.0	0.0	0.0	0.0	0.0	0.0	0.0	0.0
GSM4138110_HNSCC_1_PBMC_AGATCTGGTGATAAGT	177.28213824346014	160.15043651552696	93.69131342809739	0.0	96.86115728659331	0.0	0.0	0.0	0.0	0.0	90.46865960339646	0.0	47.75766454583759	0.0	0.0	0.0	0.0	0.0
GSM4138110_HNSCC_1_PBMC_AGATTGCGTATAGGGC	215.51098540677654	200.86018092687908	35.398497226332374	91.2315165213163	115.03104293621769	0.0	150.35132483672197	0.0	0.0	0.0	0.0	0.0	78.31350937568276	0.0	0.0	62.10701760835462	0.0	0.0
GSM4138110_HNSCC_1_PBMC_AGCGGTCCATGCTGGC	259.83345578077916	153.93106908626163	53.04255891731597	0.0	103.04630423937039	0.0	0.0	23.850173926737835	0.0	0.0	223.31468454453912	0.0	0.0	0.0	29.680667393865253	0.0	0.0	0.0
GSM4138110_HNSCC_1_PBMC_AGGCCACTCAGCGATT	195.5757742096055	113.17495747024392	70.98443149709847	0.0	97.7457896473096	0.0	0.0	0.0	66.61439756710867	0.0	45.76470939090527	0.0	109.18284725054737	0.0	0.0	0.0	0.0	0.0
GSM4138110_HNSCC_1_PBMC_AGTAGTCCACAGTCGC	247.34206149498212	182.55906724843146	102.42561527432412	23.148518702511076	117.8873062640878	0.0	0.0	0.0	126.6558669389582	0.0	0.0	0.0	0.0	0.0	0.0	241.05454242945768	13.432610274611374	0.0
GSM4138110_HNSCC_1_PBMC_AGTGTCATCCCTAATT	145.72158232385985	98.28925958701359	56.63330260202915	0.0	139.2722611958556	0.0	60.04591370213426	72.66061808118823	0.0	0.0	24.29515117458032	0.0	0.0	0.0	46.57460443794997	0.0	0.0	0.0
GSM4138110_HNSCC_1_PBMC_ATCCACCGTGGTTTCA	3191.360368105014	0.0	0.0	0.0	0.0	0.0	0.0	0.0	0.0	0.0	0.0	0.0	0.0	0.0	0.0	0.0	0.0	0.0
GSM4138110_HNSCC_1_PBMC_ATCGAGTGTACTTAGC	219.75665716989351	154.61490913358313	77.28066209987297	0.0	130.5221453730168	0.0	116.6856514135022	0.0	0.0	0.0	50.09489359565779	0.0	197.75091388476255	0.0	0.0	0.0	0.0	0.0
GSM4138110_HNSCC_1_PBMC_CAACTAGTCTTGAGAC	227.35292994895661	93.36441462115944	34.13927853794384	21.64490853025323	76.41061337423582	0.0	0.0	0.0	0.0	0.0	134.8297773671908	0.0	31.767435581688765	0.0	91.74721800084616	0.0	4.527530431455091	0.0
GSM4138110_HNSCC_1_PBMC_CAAGGCCTCTAGCACA	118.40066683130749	78.34422588886432	40.73705628042826	0.0	73.10220243815532	0.0	0.0	0.0	0.0	0.0	92.82160451109219	0.0	0.0	76.81243012119873	0.0	0.0	0.0	0.0
GSM4138110_HNSCC_1_PBMC_CACAAACAGGCTACGA	188.7413117400045	88.12590553395962	45.40806901811293	165.67779425217194	0.0	0.0	0.0	0.0	0.0	0.0	100.20147664948657	0.0	0.0	0.0	0.0	0.0	171.16228629944885	0.0
GSM4138110_HNSCC_1_PBMC_CACATTTTCATTGCGA	164.21735693489362	89.30376101361345	63.676705831734274	72.97280696623302	26.97615223716333	76.86095286491641	0.0	0.0	0.0	0.0	0.0	0.0	122.58746182624726	0.0	65.04421339506654	0.0	0.0	0.0
GSM4138110_HNSCC_1_PBMC_CAGAGAGTCAGTTAGC	267.65631425650275	189.9037274854505	76.5759282847596	0.0	176.45346847126712	0.0	88.1375761742944	0.0	0.0	0.0	20.664811499110648	0.0	0.0	116.36750106725381	0.0	0.0	0.0	0.0
GSM4138110_HNSCC_1_PBMC_CAGCTGGGTCTCCACT	259.58911777083483	0.0	79.00563868194352	106.41011696790773	31.89515495159054	0.0	0.0	0.0	0.0	157.87968147523944	0.0	0.0	0.0	0.0	0.0	172.96582665461023	0.0	93.23452350165547
GSM4138110_HNSCC_1_PBMC_CAGCTGGGTGTTTGTG	133.44125834498712	131.85817437503053	30.366697431238585	136.57597198576667	0.0	0.0	0.0	0.0	0.0	0.0	95.82386842602334	0.0	0.0	0.0	0.0	0.0	91.36991902908721	0.0
GSM4138110_HNSCC_1_PBMC_CATATGGCAGGACGTA	243.9785149185636	143.37347163888535	0.0	9.012904316708859	104.34821684142896	0.0	226.4666223813383	0.0	0.0	0.0	0.0	113.45490210653125	0.0	0.0	0.0	0.0	0.0	0.0
GSM4138110_HNSCC_1_PBMC_CATATTCTCCACGTTC	178.13678851291326	111.61651041481005	40.457523202742905	86.01586828307265	15.795659030348872	83.75626627427023	58.30412534185277	0.0	0.0	0.0	0.0	0.0	32.30233583996692	0.0	68.98691324115013	0.0	0.0	0.0
GSM4138110_HNSCC_1_PBMC_CCAATCCCACGACTCG	122.99086730392288	70.7886680722903	53.23181513164801	96.4329942757673	0.0	57.104056992772776	0.0	97.11590740923207	0.0	0.0	0.0	0.0	0.0	0.0	0.0	0.0	0.0	0.0
GSM4138110_HNSCC_1_PBMC_CCTACCAGTCGGCTCA	324.62052360240335	155.72421313350952	94.85023590955026	79.38440351145321	80.56827929936439	27.690630599242336	0.0	0.0	0.0	0.0	59.149074837215665	0.0	0.0	0.0	0.0	154.47033721533566	0.0	0.0
GSM4138110_HNSCC_1_PBMC_CGAACATCAAGTTAAG	267.72304759466016	3.0808925180334543	98.45403775920285	0.0	149.6113764372804	0.0	0.0	0.0	0.0	153.83319279945476	22.340531387918517	0.0	127.95308212990935	0.0	0.0	0.0	0.0	122.52713373539717
GSM4138110_HNSCC_1_PBMC_CGACCTTCATTACGAC	124.17076833384988	79.0381830894992	51.03134101397832	0.0	68.81695950282976	4.829192037218951	33.75057262946663	0.0	0.0	0.0	0.0	0.0	0.0	0.0	0.0	0.0	67.63348993425731	0.0
GSM4138110_HNSCC_1_PBMC_CGAGCACCATATACGC	269.5137354625157	191.65006764915057	50.576846534525664	105.76243893227272	70.06500437263422	0.0	199.86040910560004	0.0	0.0	0.0	0.0	0.0	0.0	199.46268591216273	0.0	0.0	0.0	0.0
GSM4138110_HNSCC_1_PBMC_CGATCGGCAACGATCT	164.35849059522278	103.61268214946497	49.51551289685202	54.440440625662575	86.62094558692138	0.0	0.0	0.0	0.0	0.0	111.41769608093291	158.24829139193162	0.0	0.0	0.0	0.0	0.0	0.0
GSM4138110_HNSCC_1_PBMC_CGATCGGGTTTGGGCC	252.85346466315443	101.15653177775947	24.61127111118778	68.25387848324094	24.023042976627032	0.0	0.0	0.0	0.0	0.0	129.23318608943313	0.0	0.0	0.0	103.04692400981045	0.0	59.40823242501049	0.0
GSM4138110_HNSCC_1_PBMC_CGCTATCCACCGAATT	289.11637776238695	213.96387809766532	49.70704035905905	0.0	190.98715943898284	170.77606562513284	0.0	125.20274081723011	0.0	0.0	0.0	0.0	0.0	0.0	0.0	0.0	0.0	0.0
GSM4138110_HNSCC_1_PBMC_CGGAGCTGTCGAACAG	234.27029120928788	151.7520217516573	74.7070672731249	0.0	205.92275179807515	0.0	0.0	0.0	0.0	0.0	109.15865322322797	0.0	172.35645190583688	0.0	7.513821135444349	0.0	0.0	0.0
GSM4138110_HNSCC_1_PBMC_CGTTCTGGTCTAAACC	203.16348106429996	158.0604637414155	67.4478653484473	0.0	135.97033631826616	0.0	0.0	0.0	0.0	0.0	101.39440788141222	0.0	0.0	0.0	174.86876709959265	0.0	0.0	0.0
GSM4138110_HNSCC_1_PBMC_CGTTGGGGTGTGTGCC	128.68754083250238	103.69881612495398	32.79720173895817	0.0	108.49496353271722	81.10339214826652	13.192821924368209	16.58972031481579	0.0	0.0	0.0	60.93417604917634	0.0	0.0	0.0	0.0	0.0	0.0
GSM4138110_HNSCC_1_PBMC_CTAATGGCACACATGT	218.3312444607914	87.62403028223034	48.22753669252597	41.42600426715418	72.2964130589468	0.0	104.35978221392854	0.0	0.0	0.0	0.0	0.0	0.0	0.0	141.81412272906942	0.0	0.0	0.0
GSM4138110_HNSCC_1_PBMC_CTACCCAGTTACCGAT	183.66801057589586	194.69506850537314	47.012602476524606	155.1786132054393	16.07466795697045	0.0	63.605422384299175	0.0	0.0	0.0	58.60126355107352	0.0	0.0	0.0	0.0	182.00514184148633	0.0	0.0
GSM4138110_HNSCC_1_PBMC_CTAGAGTCATCGGACC	291.1609294634915	123.55213708197371	58.247235511698335	0.0	101.0981450486679	0.0	0.0	66.72803149921171	0.0	0.0	56.50157373533275	17.82943844938787	0.0	93.58238605617638	0.0	0.0	0.0	0.0
GSM4138110_HNSCC_1_PBMC_CTCTGGTGTGTTCGAT	247.03402161996215	99.86381409790798	42.411573839301525	0.0	77.4622354599418	0.0	0.0	8.95869855696414	0.0	0.0	137.2106775388695	0.0	0.0	0.0	90.78519437363045	0.0	0.0	0.0
GSM4138110_HNSCC_1_PBMC_CTGATAGCATCAGTCA	170.05349552101595	114.3860660004937	60.450915077858575	0.0	73.22283058308176	0.0	70.65281922988596	0.0	0.0	0.0	0.0	0.0	66.60348644850022	0.0	78.96820383108549	0.0	0.0	0.0
GSM4138110_HNSCC_1_PBMC_CTGTTTACAATGTAAG	260.13328979356487	91.57230425899044	57.930458700090576	152.40566185194677	67.87574923128729	107.40595546035166	9.33447202253355	169.22004906250575	0.0	0.0	0.0	0.0	0.0	0.0	0.0	0.0	0.0	0.0
GSM4138110_HNSCC_1_PBMC_GAACCTATCTCTGTCG	118.54428059168605	98.95379959038318	51.263232443246366	68.89735529490106	0.0	53.565763132663506	0.0	0.0	0.0	0.0	5.18458943989654	0.0	0.0	0.0	0.0	40.19054896035913	20.433936451903225	0.0
GSM4138110_HNSCC_1_PBMC_GATCGCGTCAGGCGAA	142.51951787799803	119.90153069611554	29.769276075832124	73.08321591857607	2.653628600176647	0.0	90.02949412363576	0.0	0.0	0.0	0.0	0.0	14.075627613341014	26.109155185220967	0.0	61.07672330271623	0.0	0.0
GSM4138110_HNSCC_1_PBMC_GATCTAGCATACAGCT	164.88048550476012	114.2466360982185	93.46343532161718	66.97776360770845	225.4723015422465	83.24892502246682	0.0	0.0	0.0	0.0	0.0	0.0	142.12249703139716	0.0	0.0	0.0	0.0	0.0
GSM4138110_HNSCC_1_PBMC_GATGAAAGTAGAAGGA	190.29303445083903	67.03398232717686	8.155766946323212	48.36858354034519	27.71684443136297	65.43709929933439	0.0	0.0	0.0	0.0	0.0	0.0	58.1222164096888	0.0	0.0	0.0	0.0	0.0
GSM4138110_HNSCC_1_PBMC_GATGAAAGTCACCCAG	270.81331315624675	0.0	40.722739875998144	157.97509901007587	0.0	60.11823744947379	0.0	0.0	36.006167872506275	200.5898485674195	0.0	0.0	0.0	213.12233466875534	0.0	0.0	0.0	0.0
GSM4138110_HNSCC_1_PBMC_GCATACACATCTGGTA	301.5706995976007	175.45887159809888	120.49074421368897	0.0	281.11310362858956	0.0	172.6404899534715	0.0	0.0	0.0	0.0	0.0	210.2600427053077	0.0	0.0	0.0	0.0	0.0
GSM4138110_HNSCC_1_PBMC_GCGAGAATCGCACTCT	232.9924804402945	124.0120204644642	75.16324858841264	190.6514739649889	32.00676477911844	0.0	130.36466611213754	0.0	0.0	0.0	0.0	0.0	0.0	0.0	0.0	0.0	219.96829066550362	0.0
GSM4138110_HNSCC_1_PBMC_GCGCGATAGGAGCGTT	102.2023788908296	48.74296243140602	40.70245791345894	0.0	47.314823874608976	0.0	0.0	68.8442602518036	0.0	0.0	64.52957485099066	0.0	0.0	0.0	62.86057819561168	0.0	0.0	0.0
GSM4138110_HNSCC_1_PBMC_GCTCTGTTCAGTTTGG	187.45034105111222	77.57683681632078	32.037585994883564	0.0	83.9642340742029	0.0	69.07034535812373	0.0	0.0	0.0	0.0	54.20569151140017	0.0	0.0	0.0	49.2193571418056	0.0	0.0
GSM4138110_HNSCC_1_PBMC_GCTGCGAGTCTAGTCA	214.96929041084383	120.74781530954834	93.92015122979478	0.0	181.05605048441416	0.0	0.0	0.0	0.0	0.0	33.81198583894814	0.0	0.0	0.0	135.35454498646385	0.0	0.10874197341003819	0.0
GSM4138110_HNSCC_1_PBMC_GGCTCGATCAGGCGAA	155.69593374339644	113.58925253690906	29.664934268562366	0.0	100.84050232458256	0.0	0.0	120.74523189089281	0.0	0.0	69.08114597372301	0.0	0.0	0.0	0.0	0.0	0.0	0.0
GSM4138110_HNSCC_1_PBMC_GGGAATGTCTTCCTTC	0.0	0.0	0.0	0.0	0.0	0.0	0.0	0.0	0.0	0.0	0.0	144.94166566419833	2916.671930647175	0.0	0.0	347.1560016856607	22.08830230062446	0.0
GSM4138110_HNSCC_1_PBMC_GGGCACTTCGTAGGTT	249.15369252697985	124.9347879072286	60.6849479293983	0.0	106.64850067899805	0.0	0.0	0.0	0.0	0.0	63.848915504285486	0.0	0.0	0.0	0.0	157.096031162588	0.0	0.0
GSM4138110_HNSCC_1_PBMC_GTAGGCCAGTACTTGC	185.94193211421066	112.34774947961655	25.119817060319114	15.767978878158496	134.98860263343886	0.0	92.17451166754434	0.0	0.0	0.0	0.0	0.0	0.0	0.0	153.38412954352683	0.0	0.0	0.0
GSM4138110_HNSCC_1_PBMC_GTCACAATCTATCGCC	250.8484750630328	217.8576318395402	29.21398919041536	80.85993372768925	57.5966197643667	0.0	0.0	105.52107249996791	0.0	0.0	136.2497880649788	0.0	0.0	0.0	32.363482497689226	0.0	0.0	0.0
GSM4138110_HNSCC_1_PBMC_GTCTCGTAGTAGCGGT	190.48643573590002	111.0537093646447	41.09435907713847	83.72722457255946	11.730809761532825	99.4671627907617	0.0	0.0	0.0	0.0	0.0	93.08923152170998	0.0	0.0	0.0	0.0	0.0	0.0
GSM4138110_HNSCC_1_PBMC_GTGCAGCTCTGTCTAT	263.26400747143333	0.0	106.78490567258851	215.43792535058714	0.0	0.0	0.0	0.0	0.0	199.20548450061423	0.0	0.0	0.0	0.0	0.0	290.6624406958512	0.0	115.76222606500171
GSM4138110_HNSCC_1_PBMC_GTGCATAGTACGCTGC	219.18464485836344	147.48649812415434	67.77654053603732	0.0	102.57123227939006	0.0	0.0	0.0	0.0	0.0	71.3858046797013	0.0	0.0	0.0	136.3882757653481	0.0	0.0	0.0
GSM4138110_HNSCC_1_PBMC_GTGCTTCAGTACGATA	144.22230994573368	108.83299055575036	26.780284757667026	167.917501332238	0.0	0.0	0.0	0.0	70.84677787258791	0.0	32.45746795011961	0.0	0.0	134.42707016762793	0.0	0.0	0.0	0.0
GSM4138110_HNSCC_1_PBMC_TACAGTGCAATGACCT	155.82939338312707	80.71098157997874	86.30452642853707	107.9744623339324	0.0	0.0	0.0	0.0	0.0	0.0	96.20888112899021	0.0	92.50370068190394	0.0	0.0	0.0	0.0	0.0
GSM4138110_HNSCC_1_PBMC_TACTCATAGATCACGG	324.0501806293003	136.28658318932028	87.88910068329281	35.98861260313486	80.81168242942032	0.0	96.90159850435803	0.0	0.0	0.0	0.0	0.0	0.0	0.0	94.95310660661497	0.0	78.93675800246645	0.0
GSM4138110_HNSCC_1_PBMC_TACTCGCGTAAGGATT	157.4680908922197	111.65173210368773	104.87192172242919	0.0	205.3807856788211	0.0	86.65957700638633	0.0	0.0	0.0	0.0	0.0	0.0	149.7653677424806	0.0	0.0	0.0	0.0
GSM4138110_HNSCC_1_PBMC_TACTTGTCAAGTTAAG	200.96106154024753	131.48582556972733	98.3489367254765	100.70635088777655	61.240987287455376	131.76612840015213	0.0	0.0	0.0	0.0	0.0	0.0	0.0	0.0	193.399360420331	0.0	0.0	0.0
GSM4138110_HNSCC_1_PBMC_TATCTCAAGGTGTGGT	135.46355233454753	98.59320013250147	36.77269247715691	90.541536006754	0.0	0.0	85.54154751223516	0.0	0.0	0.0	0.0	0.0	81.46425543053321	0.0	42.608487027760496	0.0	0.0	0.0
GSM4138110_HNSCC_1_PBMC_TCAGCTCCACCCATTC	308.0192136907926	0.0	84.61565755655008	0.0	187.80624009943804	0.0	0.0	126.6614310429774	139.85245125624533	294.5114829073691	0.0	0.0	0.0	0.0	0.0	0.0	0.0	0.0
GSM4138110_HNSCC_1_PBMC_TCGCGTTCAGCTGCTG	165.56610422546663	87.6996501661155	53.25142630418751	138.04558657621192	0.0	0.0	0.0	0.0	0.0	0.0	52.39831461200291	0.0	0.0	116.78406668384113	0.0	0.0	0.0	0.0
GSM4138110_HNSCC_1_PBMC_TCGGGACAGCTAGTTC	255.073593295149	120.63823701401344	56.660743045870454	0.0	151.55759765515555	0.0	84.19259932768463	148.9551277307334	0.0	0.0	0.0	0.0	0.0	0.0	0.0	0.0	0.0	0.0
GSM4138110_HNSCC_1_PBMC_TCTTCGGAGTCATCCA	169.87335790707738	104.27349689874463	57.38256276782432	110.61597923156351	38.59563224048858	0.0	111.03642583419642	0.0	0.0	0.0	0.0	0.0	0.0	0.0	108.25940030934161	0.0	41.99402499682755	0.0
GSM4138110_HNSCC_1_PBMC_TGAGAGGGTCCCTACT	282.75041233802796	65.68703751501894	50.09656631299728	0.0	102.15216690680133	0.0	0.0	0.0	0.0	0.0	293.38058400636163	0.0	0.0	0.0	0.0	0.0	236.04738963827384	0.0
GSM4138110_HNSCC_1_PBMC_TGATTTCGTTAAAGTG	342.86232934089014	288.87318319644066	66.65714297539523	219.45140191067355	0.0	0.0	79.86776620157204	0.0	0.0	0.0	0.0	0.0	142.12288677490707	0.0	0.0	0.0	0.0	0.0
GSM4138110_HNSCC_1_PBMC_TGCCAAATCATGTCCC	259.9201015713625	113.96368030049514	69.6817363086344	0.0	131.87760571340507	0.0	0.0	80.9926134282607	0.0	0.0	123.73982751649939	0.0	0.0	0.0	40.15830792601185	0.0	0.0	0.0
GSM4138110_HNSCC_1_PBMC_TGTATTCAGAATGTTG	292.7664638186622	92.00711668683655	85.99625229582985	223.633760559805	0.0	0.0	0.0	0.0	133.60227788167788	0.0	0.0	39.068408710763386	0.0	0.0	5.3300933570668905	0.0	54.87992912860957	0.0
GSM4138110_HNSCC_1_PBMC_TGTCCCAGTTCAGGCC	144.93082408812936	144.05913690547652	68.64219409235466	0.0	106.84714228451588	36.32341887689206	0.0	0.0	0.0	0.0	0.0	0.0	0.0	151.33646005877566	0.0	0.0	0.0	0.0
GSM4138110_HNSCC_1_PBMC_TTGCCGTCAATAGCGG	192.28830578823894	90.52799805433807	53.64501876380469	145.5042843164558	0.0	119.85231890344858	0.0	0.0	0.0	0.0	0.0	0.0	4.895046432968606	0.0	0.0	179.43632066305977	0.0	0.0
GSM4138110_HNSCC_1_PBMC_TTTATGCAGACTGGGT	203.7933485155202	143.9494642819232	37.642937527199166	108.09917846854785	0.0	0.0	0.0	0.0	0.0	0.0	60.09802361348098	0.0	0.0	0.0	55.60584775888374	0.0	38.34643623156558	0.0
GSM4138110_HNSCC_1_PBMC_AACGTTGAGTTTAGGA	107.03229464202482	54.417999390909834	58.45715677189101	65.2550542468493	0.0	53.78156330470245	21.075929028266213	0.0	0.0	0.0	0.0	0.0	94.28756328392596	0.0	0.0	0.0	0.0	4.500951897736009
GSM4138110_HNSCC_1_PBMC_AAGGCAGCAATCACAC	84.55339458151693	10.271623981079674	43.66664599642794	59.052874571812815	108.1392219928927	0.0	53.207363359106495	32.33583052010739	0.0	0.0	0.0	0.0	0.0	0.0	0.0	0.0	41.10869963940216	0.0
GSM4138110_HNSCC_1_PBMC_ACTGATGTCAATAAGG	76.35211841307509	59.36696769173027	31.063396269441174	48.45544440846646	0.0	0.0	15.935800309689236	0.0	0.0	0.0	26.04832814037521	0.0	18.438341339098123	0.0	19.18957259227348	0.0	0.0	0.0
GSM4138110_HNSCC_1_PBMC_AGCAGCCAGGCCCTCA	113.44931057915886	0.0	81.34771319430894	43.188365721705004	0.0	98.67481041977591	0.0	0.0	0.0	60.636437606265424	0.0	0.0	0.0	61.07019099634063	0.0	0.0	0.0	0.0
GSM4138110_HNSCC_1_PBMC_CATATTCCATATGAGA	106.9662754459171	26.386062740481783	90.55903247539054	0.0	93.12801761857035	68.00311544921513	3.1128071205187675	0.0	0.0	0.0	0.0	0.0	63.22715513957272	0.0	13.651751316800613	0.0	0.0	0.0
GSM4138110_HNSCC_1_PBMC_CCTCAGTCAACTGCGC	53.51418816077657	5.014659570988366	35.16513302585465	0.0	58.29271087116859	0.0	0.0	0.0	110.92540772625823	37.27170498656989	0.0	0.0	0.0	0.0	24.521486808737425	0.0	0.0	0.0
GSM4138110_HNSCC_1_PBMC_CGGTTAACACCTCGTT	50.146158946328846	97.36685150659484	28.372372175215542	33.845574733300374	0.0	0.0	0.0	0.0	0.0	0.0	0.0	0.0	48.17934899725655	0.0	0.0	0.0	0.0	37.87807903146965
GSM4138110_HNSCC_1_PBMC_CGTGTAATCTCCAGGG	49.01360536995002	45.38584331799947	19.683551244936922	57.67830769976951	0.0	47.19296842353516	0.0	27.992924063497764	0.0	0.0	0.0	0.0	0.0	0.0	0.0	0.0	0.0	0.0
GSM4138110_HNSCC_1_PBMC_CGTTGGGTCAGTGCAT	67.49905838800335	37.65290204439294	32.80702384681059	46.98348798931214	0.0	63.77573597486118	0.0	0.0	0.0	0.0	0.0	0.0	0.0	0.0	0.0	0.0	78.91382176406046	0.0
GSM4138110_HNSCC_1_PBMC_CTAGAGTAGCTATGCT	106.61143505100094	86.634208699575	51.775668539558595	89.98253689105006	0.0	0.0	36.510104197395364	23.150355436834584	0.0	0.0	0.0	0.0	0.0	0.0	55.286886218518994	0.0	0.0	54.70687414796544
GSM4138110_HNSCC_1_PBMC_GCATACATCGTTACAG	76.88227576903577	44.176958219709135	41.00494315847983	0.0	52.90215826208226	0.0	0.0	31.685405525039478	26.950254333178243	0.0	0.0	0.0	0.0	0.0	0.0	0.0	0.0	18.65210458360916
GSM4138110_HNSCC_1_PBMC_AAACGGGCAGTATCTG	57.451338636023266	33.60380129842309	150.43433061151026	45.650086219742306	0.0	0.0	0.0	0.0	24.37581465111226	0.0	0.0	0.0	42.80578104114655	0.0	9.499976739315116	0.0	0.0	0.0
GSM4138110_HNSCC_1_PBMC_AAAGATGTCTGATTCT	73.82844785427274	47.737206022769854	28.325463441876835	85.55817817874504	0.0	0.0	0.0	0.0	59.86971807792222	2.940991972382558	41.96073202028273	0.0	0.0	25.535721796926936	0.0	50.605612291348685	6.4394433968550935	0.0
GSM4138110_HNSCC_1_PBMC_AAAGTAGGTAGCGCTC	123.88054281145901	40.234218515963455	33.751755748453434	35.96885485843702	0.0	0.0	0.0	0.0	21.217898845985598	0.0	0.0	0.0	80.59569449966659	0.0	0.0	0.0	0.0	8.62127175705091
GSM4138110_HNSCC_1_PBMC_AACTCAGGTGGTCTCG	69.35515796345625	34.77419337846684	56.933099135995114	0.0	62.899159060710765	0.0	70.78269491754322	0.0	0.0	0.0	0.0	0.0	0.0	0.0	0.0	0.0	33.371735855609046	0.0
GSM4138110_HNSCC_1_PBMC_AACTCCCTCCAATGGT	82.92001306641689	75.9730780363491	60.44717368699088	26.036450378257598	35.25848072572693	104.12963587146622	0.0	79.85682883293583	0.0	0.0	0.0	0.0	0.0	0.0	0.0	0.0	0.0	0.0
GSM4138110_HNSCC_1_PBMC_AACTCTTAGTGGGTTG	92.22421432494087	43.43970206437358	49.02180607468652	0.0	74.93912834446245	0.0	0.0	24.23247058617467	68.61443359326587	0.0	0.0	0.0	39.588731947089244	0.0	0.0	0.0	0.0	0.0
GSM4138110_HNSCC_1_PBMC_AACTCTTGTCACACGC	167.9702833935088	59.63921330093108	24.006521062062635	0.0	3.7720384603038353	0.0	37.28990340433692	0.0	0.0	0.0	0.0	38.77501978222667	0.0	0.0	0.0	0.0	0.0	0.0
GSM4138110_HNSCC_1_PBMC_AACTTTCAGAAGGTTT	90.92277180840563	91.51882028278179	39.58518354658966	0.0	104.09720796573713	0.0	0.0	16.33129941504618	49.83472340332994	0.0	0.0	32.314394147497254	0.0	0.0	0.0	0.0	0.0	0.0
GSM4138110_HNSCC_1_PBMC_AAGGAGCTCCTTTCGG	98.32079418081038	112.79080774577274	53.550457665792585	33.99594648013073	94.96149717940594	0.0	73.43039782753317	64.03463283864397	0.0	0.0	0.0	0.0	0.0	0.0	0.0	0.0	0.0	0.0
GSM4138110_HNSCC_1_PBMC_AATCCAGAGTGCTGCC	120.39950110472509	53.279710823337	56.29551464008394	26.41534048536343	74.6570333158725	0.0	70.80979542299798	24.724258968811696	0.0	0.0	0.04289669635226659	0.0	35.99414332034945	0.0	0.0	0.0	0.0	0.0
GSM4138110_HNSCC_1_PBMC_AATCGGTGTCTAGCCG	92.82897678262214	66.68681296181728	104.87188529008054	54.19335569333381	1.4014645166776447	89.19683113953543	0.0	0.0	0.0	0.0	0.0	0.0	0.0	0.0	95.65101422911395	0.0	0.0	0.0
GSM4138110_HNSCC_1_PBMC_ACACCCTCATCTACGA	120.58061219471264	11.958687854196338	33.96135022313086	56.1476663239892	0.0	18.176388884183073	23.780694166458094	44.252654424594866	0.0	0.0	19.258193531333376	0.0	0.0	0.0	0.0	0.0	0.0	0.0
GSM4138110_HNSCC_1_PBMC_ACACCGGCACCATGTA	200.03857830446	194.054448967696	192.34266516934727	182.51035663948306	0.0	12.612807960511482	127.82331444900196	0.0	0.0	0.0	0.0	0.0	0.0	108.9863838487655	0.0	0.0	0.0	0.0
GSM4138110_HNSCC_1_PBMC_ACATCAGAGCGTTCCG	200.82341677070283	145.14291725578573	66.23885903721862	13.874410617352332	87.11641610967025	3.9238436080757557	82.16389778004343	0.0	0.0	0.0	0.0	0.0	0.0	29.467038211272556	0.0	125.62724868928693	0.0	0.0
GSM4138110_HNSCC_1_PBMC_ACCCACTCAATGTAAG	56.56711529917221	3.82523413663944	12.416223905080098	0.0	50.45168974525456	0.0	17.389215893002753	51.14348868070033	0.0	13.79704549396073	31.412337071679463	0.0	0.0	0.0	0.0	0.0	0.0	0.0
GSM4138110_HNSCC_1_PBMC_ACCCACTGTAAGTGTA	83.25115432759544	75.68537626863535	55.59472916427534	41.15739314222048	0.0	0.0	0.0	0.0	42.87408891457344	0.0	0.0	0.0	0.0	76.63200006322393	0.0	0.0	0.0	1.9820168418024957
GSM4138110_HNSCC_1_PBMC_ACCTTTATCATAACCG	108.06621410842213	88.88499879257222	53.3822654603476	51.17930437337466	17.40359664710328	0.0	0.0	0.0	0.0	0.0	78.59203942557386	0.0	0.0	0.0	0.0	0.0	107.45864605894398	0.0
GSM4138110_HNSCC_1_PBMC_ACGAGCCAGGTGTGGT	54.476145069467634	35.88929508195297	39.47604280390265	11.089187719734205	35.16524844436399	3.1040343280060174	0.0	106.17390703120716	39.123261849297165	0.0	0.07906262664260878	0.0	0.0	0.0	0.0	0.0	0.0	0.0
GSM4138110_HNSCC_1_PBMC_ACGATACCATATGAGA	97.3780644571681	0.0	26.79556837291391	10.43749080254558	17.827423436385015	55.624853085091566	0.0	39.46102154120172	0.0	46.618159578166846	0.0	0.0	0.0	0.0	0.0	0.0	0.0	0.0
GSM4138110_HNSCC_1_PBMC_ACGATACTCTGATTCT	95.1665927909649	24.87378907354261	58.6978241909631	34.32201607575867	0.0	0.0	64.95683511411598	54.71135754822253	0.0	0.0	0.0	0.0	0.0	0.0	0.0	0.0	0.0	0.0
GSM4138110_HNSCC_1_PBMC_ACGATGTCAGGCAGTA	101.04103569590993	0.0	33.70568408570968	23.131318575944785	16.930802902746684	40.22726499958466	0.0	0.0	33.141638981757744	36.20126468516704	0.0	0.0	0.0	52.263734293630094	0.0	0.0	0.0	0.0
GSM4138110_HNSCC_1_PBMC_ACGCAGCGTAGAGCTG	62.16492431393	91.3708798791687	12.938341824178119	8.330869600963151	29.27511157014329	5.104791549862296	0.0	0.0	0.0	2.6854729034807843	55.02500633839295	0.0	0.0	0.0	0.0	30.119596745305355	0.0	0.0
GSM4138110_HNSCC_1_PBMC_ACGCCGAAGGTAGCTG	72.34839583567843	37.92538281680246	35.51180613599735	0.0	103.9659331528753	0.0	0.0	0.0	21.773194589457923	0.0	0.0	0.0	0.0	0.0	23.78014581469541	0.0	0.0	0.0
GSM4138110_HNSCC_1_PBMC_ACGGGCTGTGATAAAC	71.63515441250269	73.80242216880099	30.423399588080464	44.378708871024614	0.0	0.0	0.0	0.0	4.021469065281766	0.0	64.38387045294722	0.0	0.0	103.46472197313959	0.0	0.0	0.0	0.0
GSM4138110_HNSCC_1_PBMC_ACGTCAACATCACGAT	91.56989853282586	86.72109555579144	34.41164896127162	38.94250467911483	0.0	23.978759811608235	0.0	0.0	0.0	0.0	0.0	0.0	0.0	16.50817318731177	0.0	0.0	0.0	0.0
GSM4138110_HNSCC_1_PBMC_ACTATCTAGGAATTAC	113.74600760575426	0.0	58.85526239393463	55.90106515138168	138.6270696812758	128.9608955506085	0.0	0.0	0.0	113.77716533103946	0.0	75.24045549039097	0.0	0.0	0.0	0.0	0.0	0.2213662306238915
GSM4138110_HNSCC_1_PBMC_ACTGATGTCGTTACGA	197.1347574300245	168.98940638625464	76.75749681634227	0.0	123.2339238782567	0.0	0.0	0.0	0.0	0.0	0.0	0.0	0.0	39.75498233023075	0.0	0.0	0.0	71.82497425205621
GSM4138110_HNSCC_1_PBMC_ACTTACTAGATAGGAG	58.6518113788881	47.22775117553895	61.71575176902987	114.65393961619769	0.0	9.437902553141786	0.0	0.0	12.76396243974893	0.0	21.640491443631408	0.0	0.0	0.0	0.0	57.582807508898526	0.0	0.0
GSM4138110_HNSCC_1_PBMC_ACTTGTTTCCACGACG	76.55200356607023	94.02385295800704	42.550329886796106	108.41197370349971	0.0	11.51653281500557	0.0	79.70759720482879	19.133010952207258	0.0	7.472276588693937	0.0	0.0	0.0	0.0	0.0	0.0	0.0
GSM4138110_HNSCC_1_PBMC_ACTTTCATCGTCACGG	116.69651772668013	73.81169765570272	18.07168420000078	0.0	61.029112041858575	54.60025877127359	0.0	0.0	0.0	40.18675962261818	0.0	0.0	0.0	0.0	0.0	23.218843162610042	0.0	0.0
GSM4138110_HNSCC_1_PBMC_AGATTGCTCATGCTCC	103.01037114477485	76.78200275873638	42.51117691504263	54.519369472979484	17.275178485795145	21.54235481938348	0.0	0.0	108.93666516853627	0.0	0.0	0.0	0.0	62.52137916079327	0.0	0.0	0.0	0.0
GSM4138110_HNSCC_1_PBMC_AGATTGCTCCTAGAAC	148.60405627235716	50.86931978872191	0.0	0.0	29.16063472720428	0.0	0.0	22.138490377104304	23.623085732376833	0.0	103.78183680272033	0.0	0.0	0.0	0.0	0.0	0.0	0.0
GSM4138110_HNSCC_1_PBMC_AGCAGCCTCACTCTTA	92.72199113181723	0.0	41.861623443999406	55.38597300557161	2.6697254967589434	46.270273693743746	0.0	0.0	0.0	35.245764044947	0.0	0.0	0.0	0.0	0.0	53.82970809236002	0.0	3.3854461829338596
GSM4138110_HNSCC_1_PBMC_AGCCTAAAGCGTGAAC	241.018562097073	0.0	47.15390711243452	96.64605630063794	0.0	0.0	0.0	0.0	93.95879510048124	81.67565676423327	0.0	3.4281677818767666	67.14620321178127	0.0	0.0	10.304210127820824	0.0	0.0
GSM4138110_HNSCC_1_PBMC_AGCCTAAGTCTCATCC	45.588395734682194	52.69077083687618	21.169150704027626	17.212477091103956	0.0	0.0	0.0	103.04845897154725	6.708195656365173	0.0	10.952535607149997	0.0	0.0	0.0	0.0	0.0	0.0	0.0
GSM4138110_HNSCC_1_PBMC_AGCGTATAGCCAGTTT	96.0578439235274	33.27105515410146	45.37302993155713	60.26277314459757	0.0	0.0	0.0	0.0	92.1260094084656	0.0	10.329223781927709	0.0	33.5002590794292	0.0	0.0	28.793673900230047	0.0	0.0
GSM4138110_HNSCC_1_PBMC_AGCGTCGAGCGCTCCA	74.48249504483341	52.50469354784842	43.84560040845972	28.901669574008586	48.43350403557498	0.0	0.0	19.988769469792892	51.06097400254479	0.0	0.0	0.0	12.826321218999228	0.0	0.0	0.0	0.0	0.936302966741783
GSM4138110_HNSCC_1_PBMC_AGCTCCTGTATCACCA	159.51294584639942	107.0472298307916	50.144061248508336	123.17782304706824	0.0	155.61702927979223	0.0	0.0	0.0	0.0	0.0	90.79528701583885	0.0	0.0	0.0	0.0	0.0	0.0
GSM4138110_HNSCC_1_PBMC_AGCTCTCAGTCGTTTG	143.32994997738035	109.88358337953632	49.028846724294866	85.14445857977456	0.0	60.53902966313229	0.0	0.0	0.0	0.0	0.0	0.0	0.0	96.34870883688968	0.0	0.0	0.0	4.973129595399449
GSM4138110_HNSCC_1_PBMC_AGCTTGAAGACTGGGT	117.21343726564145	78.97388064535643	38.57943865656944	41.91379492987739	0.0	66.98039610102292	0.0	0.0	0.0	0.0	0.0	0.0	0.0	0.0	63.96007039218436	0.0	0.0	0.0
GSM4138110_HNSCC_1_PBMC_AGGCCGTAGACTACAA	136.64240127467428	62.848819548120105	56.94323651223737	0.0	74.01864421471635	48.994891436424666	0.0	80.20252148421719	0.0	0.0	17.76028025014162	0.0	7.426055183780522	0.0	0.0	0.0	0.0	0.0
GSM4138110_HNSCC_1_PBMC_AGGGATGAGACCCACC	64.88549836248221	0.0	40.91631109641252	61.456145450250496	0.0	76.15300005316001	0.0	0.0	0.0	58.517615159395845	0.0	0.0	51.17152662993367	0.0	0.0	0.0	0.0	0.0
GSM4138110_HNSCC_1_PBMC_AGGGATGCATGTTCCC	96.16986557711228	77.13264578700124	46.28428500536419	93.89775823172987	0.0	88.93191647853878	0.0	0.0	0.0	0.0	0.0	0.0	80.6471026987112	0.0	0.0	0.0	0.0	0.0
GSM4138110_HNSCC_1_PBMC_AGTAGTCGTCAATGTC	72.18034098122297	78.27748570354983	47.286516801877724	0.0	43.95481863187878	0.0	57.13613724156129	0.0	0.0	0.0	0.0	0.0	0.0	0.0	44.329249567289104	0.0	0.0	0.0
GSM4138110_HNSCC_1_PBMC_AGTAGTCGTCCGAAGA	107.68088633843932	41.64984692878992	29.836803319080346	78.69127568752866	11.700433161050057	0.0	77.80641026025938	65.91267990449427	0.0	0.0	0.0	0.0	0.0	0.0	0.0	0.0	0.0	0.0
GSM4138110_HNSCC_1_PBMC_AGTGGGAAGGAGCGAG	144.58991899135432	81.87840846698934	120.64794291070073	0.0	109.6718356779032	32.28956755562188	0.0	0.0	0.0	0.0	70.72243119749496	0.0	3.758058328352636	0.0	108.68870828086683	0.0	0.0	0.0
GSM4138110_HNSCC_1_PBMC_AGTGTCAGTACCGGCT	96.14231907802038	0.0	5.591597156100787	0.0	68.65188211206689	0.0	0.0	0.0	159.83519942937153	49.24811614735489	0.0	0.0	0.0	31.458882752374006	0.0	90.54486516300203	0.0	0.0
GSM4138110_HNSCC_1_PBMC_ATAAGAGAGCTGATAA	47.21073732642707	36.21966698737039	27.486439589075545	8.69495668270563	27.4806734340741	86.75617590927631	0.0	0.0	0.0	0.0	0.0	18.5745117253408	0.0	0.0	0.0	0.0	0.0	0.0
GSM4138110_HNSCC_1_PBMC_ATCACGAGTCAAACTC	66.36881659696907	33.20867602965559	12.745991774211864	0.0	82.26671374111841	0.0	0.0	0.0	0.0	41.99207740472314	0.0	63.782548473995384	0.0	0.0	0.0	0.0	0.0	44.18089682823074
GSM4138110_HNSCC_1_PBMC_ATCATCTTCTGTGCAA	75.24920988865688	66.46399448675322	53.20006180931267	0.0	47.499026830915135	0.0	0.0	38.40077890856215	48.12412352791052	0.0	0.0	3.2665877964794516	0.0	0.0	0.0	0.0	0.0	0.0
GSM4138110_HNSCC_1_PBMC_ATCATGGGTCACTGGC	157.96186629323543	0.0	56.438131416743175	98.44494190217506	0.0	0.0	0.0	0.0	53.66250403088411	51.19880099419998	0.0	89.07163080902929	0.0	0.0	0.0	0.0	0.0	11.896192321804564
GSM4138110_HNSCC_1_PBMC_ATCTGCCCATACGCCG	86.47500895824739	30.004635061827255	67.22543151696782	58.22221098203122	16.294472387046227	0.0	67.50438090187188	0.0	0.0	0.0	0.0	0.0	0.0	0.0	0.0	43.25283513890853	0.0	0.0
GSM4138110_HNSCC_1_PBMC_ATGAGGGAGTGTACGG	92.39287401515023	87.94509412230268	52.33713828517496	0.0	74.37075467741263	50.01676872576089	0.0	0.0	0.0	0.0	0.0	0.0	10.251360290832139	55.378676520511945	0.0	34.68447542517627	0.0	0.0
GSM4138110_HNSCC_1_PBMC_ATGGGAGAGACCCACC	196.91587909868096	158.97661257341773	134.5913302985603	0.0	127.9781730747338	0.0	0.0	0.0	0.0	0.0	83.38454875359427	0.0	0.0	0.0	123.73692124176813	0.0	22.174628181563374	0.0
GSM4138110_HNSCC_1_PBMC_ATGTGTGTCCAGTAGT	62.30636464485136	18.454919713534224	28.610261240846263	44.57295294824229	8.421948730960711	0.0	0.0	0.0	0.0	0.0	56.69405512985208	0.0	76.16320583995136	0.0	0.0	0.0	0.0	0.0
GSM4138110_HNSCC_1_PBMC_ATTATCCAGCGCCTTG	98.65934923738892	0.0	74.0668654284521	75.6348412167038	19.36134975441544	0.0	0.0	0.0	0.0	79.6046087327704	0.0	30.45994258111528	0.0	0.0	0.0	45.922398877145056	0.0	73.96145941358031
GSM4138110_HNSCC_1_PBMC_ATTCTACAGATGTCGG	89.0128208202617	84.39223315385557	50.41681979958304	76.5747482196969	0.0	0.0	0.0	0.0	56.92602356238764	0.0	0.0	0.0	45.37560255962169	0.0	21.250479026456627	0.0	0.0	0.0
GSM4138110_HNSCC_1_PBMC_ATTGGACAGAAGGCCT	45.41574032354442	0.0	48.60271988724187	0.0	60.35443145517367	0.0	0.0	42.999711670070965	38.06868481160333	33.79664807438123	0.0	0.0	0.0	0.0	0.0	0.0	0.0	0.0
GSM4138110_HNSCC_1_PBMC_ATTGGTGCACAGGAGT	120.71134713326899	0.0	35.23379339367178	68.96609292182605	34.93553989516628	46.0975175003073	0.0	0.0	0.0	44.725303542393696	0.0	86.4568228370073	0.0	0.0	0.0	0.0	0.0	0.0
GSM4138110_HNSCC_1_PBMC_CAACCTCTCTAAGCCA	115.64814819476656	52.84544811730929	50.967560182875026	0.0	70.26585484201154	0.0	16.62862723552649	28.43084548462073	0.0	0.0	12.317754093530397	0.0	0.0	0.0	0.0	0.0	0.0	0.0
GSM4138110_HNSCC_1_PBMC_CAACTAGGTGTCCTCT	109.04376224842817	61.08917592863341	57.270628476687286	74.03983715002263	0.0	0.0	0.0	0.0	44.826688701565686	0.0	0.0	19.910020147403905	0.0	38.54823246472723	0.0	0.0	0.0	0.0
GSM4138110_HNSCC_1_PBMC_CAACTAGTCAAGATCC	40.26027046904658	40.17354229886858	32.20616410291429	14.649568907349794	0.0	65.78416947721021	0.0	0.0	0.0	26.462228870846456	0.0	82.06728423031623	0.0	0.0	0.0	0.0	0.0	0.0
GSM4138110_HNSCC_1_PBMC_CAAGAAATCACAAACC	44.84602935574163	120.07067268087651	30.950791277856734	0.0	43.654264140214984	0.0	0.1764441005637098	0.0	0.0	0.0	0.0	0.0	0.0	36.83991575551955	0.0	0.0	0.0	31.64022253443792
GSM4138110_HNSCC_1_PBMC_CAAGTTGCATGTTCCC	141.64430432149814	120.84274832809588	71.44359893008051	124.05787616244291	0.0	83.54018068556823	0.0	0.0	0.0	0.0	0.0	0.0	54.58443678934327	0.0	37.98707682322299	0.0	0.0	0.0
GSM4138110_HNSCC_1_PBMC_CACACTCTCAAGATCC	111.18860667037765	31.218839487056723	76.16440348984715	0.0	104.01119833849839	0.0	4.386045691417775	91.34101071128829	56.62784389718078	16.504926417155342	0.0	0.0	0.0	0.0	0.0	0.0	0.6426522615310966	0.0
GSM4138110_HNSCC_1_PBMC_CACAGGCTCCGCGTTT	74.0479765437149	0.0	55.9368091462856	0.0	60.735541907311806	0.0	6.8895283274215835	0.0	77.45023827008042	34.61101953578175	0.0	96.48669797540683	0.0	0.0	0.0	0.0	0.0	0.0
GSM4138110_HNSCC_1_PBMC_CACAGTAAGTTACCCA	66.24126466141921	81.19120676528658	43.786312518678095	46.541545987099546	0.0	0.0	88.68125787840894	0.0	0.0	0.0	0.0	0.0	0.0	0.0	0.0	37.872727843303466	63.42178433324438	0.0
GSM4138110_HNSCC_1_PBMC_CACATTTAGTAGCGGT	102.33958900594882	58.760289839717046	34.18986177035761	38.95978765307899	0.0	74.8850828423781	0.0	54.99844690246556	0.0	0.0	0.0	0.0	0.0	0.0	0.0	0.0	0.0	0.0
GSM4138110_HNSCC_1_PBMC_CACCACTTCCGCGGTA	52.93683050299655	75.99490135107915	17.28691821155957	62.23064935747081	60.377568976826346	29.710161469265252	0.0	18.766741539149788	0.0	0.0	0.0	0.0	0.0	0.0	15.70900231931301	0.0	0.15566078171781778	0.0
GSM4138110_HNSCC_1_PBMC_CAGAGAGAGCCACTAT	70.44395491782339	42.67518246123034	81.96278929629955	0.0	35.97200569394268	20.170939460724245	0.0	0.0	17.641732449523666	0.0	10.492581634044083	0.0	0.0	0.0	0.0	0.0	64.06992658116849	0.0
GSM4138110_HNSCC_1_PBMC_CAGCAGCGTGCAGTAG	53.89428511458886	0.0	14.808773504231999	28.598131054679847	43.55949764902028	0.0	0.0	0.0	0.0	15.135143343606163	37.171982911146785	29.161985440150094	0.0	0.0	0.0	0.0	0.0	0.0
GSM4138110_HNSCC_1_PBMC_CAGCATAAGTACTTGC	71.64065126013791	0.3085736914611229	78.65470480358292	0.0	67.15248523366425	0.0	0.0	0.0	0.0	55.075049713933915	13.17751586436612	0.0	0.0	71.89906059938498	0.0	0.0	0.0	0.0
GSM4138110_HNSCC_1_PBMC_CAGCATATCAGAGGTG	116.66841747210974	71.58684458153287	77.30717742135329	138.7512235588622	0.0	105.13836259448597	0.0	0.0	0.0	0.0	0.0	0.0	0.0	0.0	0.0	0.0	102.05856719807262	0.0
GSM4138110_HNSCC_1_PBMC_CAGCTAAGTTCCACGG	74.2586545424747	0.0	32.675566980303095	0.0	60.987458768267906	50.69108488833008	0.0	0.0	0.0	127.89305006195518	3.821884658265497	0.0	0.0	0.0	0.0	0.0	75.63463089363835	0.0
GSM4138110_HNSCC_1_PBMC_CATCGAAGTACTTCTT	170.12361804228456	55.711086120388764	32.65969346751735	32.94988417912787	14.743153730057832	0.0	0.0	0.0	76.36527581674416	63.71075329401026	20.781671835170428	41.17930544282528	0.0	0.0	0.0	0.0	0.0	0.0
GSM4138110_HNSCC_1_PBMC_CATCGGGAGAGCTTCT	75.03024854693432	47.61072752243697	14.728755510204106	0.0	31.997917127264397	0.0	13.90025717963737	0.0	0.0	0.0	0.0	0.0	0.0	0.0	0.0	0.0	19.513754000430602	0.0
GSM4138110_HNSCC_1_PBMC_CATTATCTCGATCCCT	121.8323166185377	71.28525809478948	54.98102314498783	115.25880518511012	0.0	119.59474108223831	0.0	0.0	0.0	0.0	0.0	0.0	0.0	58.18263141116246	0.0	0.0	0.0	0.0
GSM4138110_HNSCC_1_PBMC_CATTCGCAGTGAAGAG	138.26225486932012	0.0	70.95980987554539	0.0	130.88627200210888	0.0	0.0	0.0	141.00264115588638	86.30677288349227	0.0	0.0	0.0	95.33457730549169	0.0	0.0	0.0	0.0
GSM4138110_HNSCC_1_PBMC_CCACGGACAGATGGGT	105.2159080732856	123.73450105283064	43.40186353416555	0.0	128.4303151199375	0.0	136.1704973555906	0.0	0.0	0.0	0.0	0.0	41.563570835682214	0.0	51.72417244575261	0.0	0.0	0.0
GSM4138110_HNSCC_1_PBMC_CCACTACAGGTTCCTA	49.34210613750677	56.66818970257573	57.39741270041955	42.279600658808235	34.919050938937836	0.0	0.0	61.95577769128921	0.0	0.0	78.03286394387197	0.0	0.0	0.0	0.0	0.0	0.0	0.0
GSM4138110_HNSCC_1_PBMC_CCCAGTTAGGCACATG	61.79703154403898	38.686926805896135	53.269119086950994	0.0	82.3747620462063	0.0	34.42093647113734	53.11667682807766	0.0	0.0	0.0	0.0	0.0	0.0	0.0	0.0	0.0	0.0
GSM4138110_HNSCC_1_PBMC_CCCTCCTGTACAGCAG	93.16672493866564	45.332728092138254	61.448617723338	32.905544423956115	0.0	0.0	37.09753888618182	55.34267230596291	0.0	0.0	0.0	0.0	0.0	0.0	0.0	0.0	0.0	0.0
GSM4138110_HNSCC_1_PBMC_CCCTCCTTCCATGAAC	62.12556326212987	76.95558516726373	25.632208785093837	0.0	46.82995563753736	0.0	39.69751634016227	52.54878627400525	0.0	0.0	0.0	0.0	0.0	0.0	2.7950332689552355	0.0	0.0	0.0
GSM4138110_HNSCC_1_PBMC_CCGTACTGTTCCAACA	107.94727685467302	110.72781135041082	85.46142483642076	0.0	91.97597610500914	0.0	0.0	0.0	88.25781289341154	11.170460930329696	0.0	0.0	0.0	62.407747183496305	0.0	0.0	0.0	0.0
GSM4138110_HNSCC_1_PBMC_CCGTACTTCCGATATG	50.53386500056815	43.333723318245504	41.674357740676896	38.860427728487764	0.0	0.0	0.0	0.0	30.88820364074229	0.0	0.0	40.37320916819307	0.0	0.0	0.0	0.0	0.0	0.0
GSM4138110_HNSCC_1_PBMC_CCGTGGAAGGAGTACC	97.65120871788778	35.29547038341728	44.15591063132365	50.841375112606116	0.0	0.0	0.0	0.0	0.0	0.0	0.0	27.84254221346518	0.0	25.759545489863946	0.0	0.0	0.0	56.77190388008402
GSM4138110_HNSCC_1_PBMC_CCTAAAGAGCGCCTCA	127.57519693296253	101.05955128332329	168.36121230950297	0.0	171.61497562469017	0.0	0.0	0.0	0.0	0.0	85.49557842969057	0.0	104.95920425919448	0.0	0.0	0.0	0.0	0.0
GSM4138110_HNSCC_1_PBMC_CCTACACCACAGGCCT	71.20582098875462	0.0	33.00787069579731	108.36062086062127	0.0	0.0	0.0	0.0	70.16364282441728	84.57280781243337	0.0	67.73618352090038	0.0	0.0	0.0	0.0	0.0	0.0
GSM4138110_HNSCC_1_PBMC_CCTATTACACAAGACG	160.92871023476954	0.0	61.3526409855847	59.755071530300945	46.25773125659312	0.0	0.0	0.0	0.0	104.28923815579205	0.0	124.97654862808994	0.0	0.0	0.0	0.0	0.0	98.66262305180595
GSM4138110_HNSCC_1_PBMC_CCTTACGAGAATAGGG	72.06334693982147	28.67865873024817	46.065645226713585	0.0	47.08597025806053	0.0	0.0	0.0	21.60410284994661	3.674415310181373	63.56459314313622	125.97006135610067	0.0	0.0	0.0	0.0	0.0	0.0
GSM4138110_HNSCC_1_PBMC_CGAACATGTCCAGTAT	84.89161678295622	30.759462652358383	44.56053153275072	47.38845314287362	0.0	29.12779753284179	0.0	0.0	0.0	0.0	15.44595001269725	0.0	0.0	37.4655946625957	0.0	0.0	11.782633866832493	0.0
GSM4138110_HNSCC_1_PBMC_CGATCGGCAACACCCG	61.95291576037424	20.853178189947503	12.549118440598768	42.758907473147204	3.526116225369344	0.0	0.0	9.278269664196113	0.0	0.0	35.56482559845332	0.0	0.0	0.0	28.780358212173397	0.0	0.0	0.0
GSM4138110_HNSCC_1_PBMC_CGATGTATCCTTTCGG	90.90776759063009	31.96794053793679	44.88042492024049	34.81151428833547	28.336825586229494	0.0	0.0	0.0	0.0	0.0	52.56453820585995	0.0	0.0	0.0	50.08698381012102	0.0	0.0	0.0
GSM4138110_HNSCC_1_PBMC_CGCGGTAAGACACGAC	33.642832477414125	0.0	28.169727314669277	4.978257719941184	85.35120449835081	0.0	5.483889503499615	0.0	0.0	12.609197731326555	0.0	0.0	0.0	59.70272711383552	0.0	0.0	0.0	0.0
GSM4138110_HNSCC_1_PBMC_CGCGGTATCAGTCCCT	69.67108413261117	73.43678144587722	34.15668267398312	16.592791090522557	20.142152172130697	42.6697628388348	0.0	0.0	0.0	32.06529382242814	0.0	0.0	6.853925634267702	0.0	40.1660442820248	0.0	0.0	0.0
GSM4138110_HNSCC_1_PBMC_CGCTATCAGGTAGCCA	101.58685471594565	104.3260060910573	81.03936813141591	16.357250775901935	48.58878666885474	0.0	0.0	124.0635984812712	24.714284319889394	0.0	67.30266808648238	0.0	0.0	0.0	0.0	0.0	0.0	0.0
GSM4138110_HNSCC_1_PBMC_CGCTTCACAGTACACT	109.12990443072192	71.65697299188712	61.42611432274632	3.2922272907854078	63.161071892684205	84.38968153680739	0.0	0.0	0.0	0.0	0.0	0.0	0.0	0.0	57.45784868535656	0.0	0.0	0.0
GSM4138110_HNSCC_1_PBMC_CGGAGCTCAGACGCAA	61.358011771439976	61.51920356691894	20.874460133095152	0.0	73.56983660693807	0.0	0.0	0.0	52.61149519106502	0.0	0.0	34.894426237125444	0.0	0.0	0.0	5.76045851652559	0.0	0.0
GSM4138110_HNSCC_1_PBMC_CGGAGCTTCGCCTGAG	117.63847701908067	0.0	67.04754851357626	93.53657143917546	0.0	70.15667820992647	0.0	0.0	0.0	103.00465097428123	0.0	0.0	97.16388815717842	0.0	0.0	0.0	0.0	0.0
GSM4138110_HNSCC_1_PBMC_CGGCTAGTCACATAGC	146.7832835759389	80.23177615863982	100.00980244331777	143.30221135226427	0.0	0.0	72.97111821530181	0.0	0.0	0.0	0.0	0.0	0.0	95.49618576943739	0.0	0.0	0.0	0.0
GSM4138110_HNSCC_1_PBMC_CGGCTAGTCAGAGACG	57.26671922205184	36.09375394835008	22.40284844643092	118.92144792361597	0.0	0.0	1.3320995571781666	8.11902304297817	0.0	0.0	0.0	39.076852839039	0.0	0.0	0.0	0.0	0.0	58.470042078289055
GSM4138110_HNSCC_1_PBMC_CGGCTAGTCCTAAGTG	186.28405007422924	81.82871105415477	31.69276188144538	34.22801338653378	0.0	0.0	0.0	0.0	62.58792282680316	0.0	0.0	0.0	93.03239246485525	0.0	0.0	0.0	0.0	0.0
GSM4138110_HNSCC_1_PBMC_CGTAGCGAGAAGGGTA	87.0559526781973	99.93238489820877	42.722009712265205	27.04427602982595	47.89435579044435	27.56102694619002	0.0	0.0	0.0	0.0	6.926435948914219	0.0	0.0	0.0	107.96450796695498	0.0	17.83845654436607	0.0
GSM4138110_HNSCC_1_PBMC_CGTAGGCGTGGTAACG	57.333915791141784	99.39868273013366	32.8154328694457	0.0	46.954847883085726	0.0	0.0	0.0	0.0	0.0	15.012908064130553	0.0	0.0	0.0	0.0	82.11631733835	0.0	0.0
GSM4138110_HNSCC_1_PBMC_CGTCACTTCAAACCGT	96.12129814962815	114.82409323927314	49.41448262828892	18.883289012139194	36.21421234443794	48.779172139850495	0.0	68.80424818645686	0.0	0.0	0.0	0.0	0.0	0.0	0.0	0.0	0.0	0.0
GSM4138110_HNSCC_1_PBMC_CGTCCATAGCAGCGTA	47.73398653539958	9.868231741534942	60.64735226483849	7.800947636122237	36.28325985483541	0.0	0.0	63.91120605168897	0.0	0.0	15.40094425022157	0.0	0.0	0.0	0.0	0.0	0.0	0.0
GSM4138110_HNSCC_1_PBMC_CGTGTAAAGGTGTGGT	91.72959496836401	106.89404805332366	70.12515555338956	71.45698864201457	0.0	0.0	0.0	0.0	72.486022594345	0.0	0.0	0.0	62.7487642493758	0.0	0.0	0.0	0.0	0.0
GSM4138110_HNSCC_1_PBMC_CGTTGGGCAGGCGATA	99.96386034348531	32.31316194688016	46.68844749456391	71.84294758434606	0.0	0.0	34.467274454286255	0.0	0.0	6.985443200752142	18.2308451903619	0.0	0.0	0.0	0.0	0.0	42.33409631841216	0.0
GSM4138110_HNSCC_1_PBMC_CTACACCGTAGCTTGT	46.406421935205735	60.86584168716716	40.13725731104712	50.55580458759944	0.0	44.71415057716555	0.0	0.0	0.0	0.0	0.0	0.0	83.80301978639253	0.0	0.0	0.0	0.0	0.0
GSM4138110_HNSCC_1_PBMC_CTACGTCAGTGGGATC	95.82226367374386	0.0	76.92178786182016	96.86532138774834	5.7393308590536165	14.855942721601192	0.0	0.0	0.0	86.34937830453221	0.0	10.653975241626693	14.248918488203028	0.0	0.0	0.0	0.0	0.0
GSM4138110_HNSCC_1_PBMC_CTACGTCTCCACGAAT	38.494513083448524	33.135684741753686	50.68061032068963	0.0	45.96519523883773	26.880624644716022	0.0	0.0	0.0	0.0	0.0	0.0	0.0	0.0	0.0	0.0	61.624973554089586	0.0
GSM4138110_HNSCC_1_PBMC_CTAGCCTAGCCAACAG	69.61746443734208	70.89713700503269	34.683730987029186	29.01415078885159	65.0424810840461	62.68709072928311	0.0	0.0	0.0	0.0	0.0	21.45164001082337	0.0	0.0	0.0	18.37895540419142	0.0	0.0
GSM4138110_HNSCC_1_PBMC_CTCAGAATCGAATGGG	90.86257281970644	0.0	58.89124970583212	73.15190359775104	0.0	31.52285956787451	0.0	0.0	54.007424296649376	81.34657595357707	0.0	0.0	99.32321858686971	0.5041334028220479	0.0	0.0	0.0	0.0
GSM4138110_HNSCC_1_PBMC_CTCCTAGCAAGTCTGT	133.45090814712333	0.0	48.71377401578078	0.0	54.0706766096343	0.0	0.0	0.0	71.0628678539548	103.35644584510426	0.0	0.0	0.0	0.0	0.0	34.951288118632654	9.416541320818752	0.0
GSM4138110_HNSCC_1_PBMC_CTCGGAGAGCAGGTCA	104.27306390234301	92.24481516092206	65.42580636409588	98.61654970941537	0.0	0.0	0.0	19.938149630585883	37.14440133747942	0.0	0.0	0.0	47.05319726293857	0.0	0.0	0.0	0.0	0.0
GSM4138110_HNSCC_1_PBMC_CTCGTACTCAGCAACT	78.02333363008424	101.61773942147539	31.515470352412546	141.44793219482713	4.432708621640268	0.0	122.28513519414197	0.0	0.0	0.0	0.0	0.0	89.69521233165757	0.0	0.0	0.0	0.0	0.0
GSM4138110_HNSCC_1_PBMC_CTCGTCAAGCTCTCGG	143.77083975878884	100.20451287330067	74.69494276964457	0.0	188.371861746862	0.0	0.0	0.0	0.0	0.0	22.061899626426626	157.30662578282295	0.0	0.0	0.0	0.0	0.0	0.0
GSM4138110_HNSCC_1_PBMC_CTCTACGCAGATCGGA	30.81637470161588	49.58196343590824	43.472052598156345	40.1822975077289	0.0	19.54592392477291	0.0	0.0	0.0	0.0	15.401899860289523	0.0	0.0	0.0	25.45779859763852	0.0	0.0	0.0
GSM4138110_HNSCC_1_PBMC_CTCTGGTAGACAGGCT	33.74875580068536	20.126647593632434	36.873750010438336	16.43458842503993	12.805560534104826	0.0	17.759909986453906	0.0	0.0	38.02910405994352	41.885143744441876	62.08828383147331	0.0	0.0	0.0	15.775650303729131	0.0	0.0
GSM4138110_HNSCC_1_PBMC_CTCTGGTCACAGCCCA	134.28550233140214	0.0	52.01851586608442	88.07240360488699	0.0	0.0	43.80527808599312	0.0	0.0	71.44772827863153	0.0	0.0	0.0	0.0	0.0	0.0	107.71704586832867	0.0
GSM4138110_HNSCC_1_PBMC_CTGAAACCAGCCTTGG	60.35834739765545	153.62141508401214	1.7803493702630648	0.0	70.92292038388358	45.87917410451638	0.0	8.509878606914533	0.0	0.0	0.0	43.06049152053733	0.0	0.0	0.0	0.0	0.0	0.0
GSM4138110_HNSCC_1_PBMC_CTGAAACCAGTATGCT	78.3701290258849	40.3345013756272	53.5964041004717	39.123796012455806	0.0	0.0	35.67453546033517	0.0	0.0	0.0	53.08165726527781	0.0	0.0	89.45383227767684	0.0	0.0	0.0	0.0
GSM4138110_HNSCC_1_PBMC_CTGAAGTCAGCTGCTG	112.89971791970889	41.53575602721443	36.711319752996644	0.0	41.30885131602597	0.0	63.807332295757824	65.89495752780127	0.0	0.0	5.382327789104149	0.0	0.0	0.0	0.0	0.0	0.0	0.0
GSM4138110_HNSCC_1_PBMC_CTGAAGTGTTCTCATT	80.52811476205117	0.0	141.64865681275978	58.619919409592185	0.0	19.368463563805076	0.0	0.0	0.0	30.716004596202463	0.0	0.0	26.77713063906393	0.0	0.0	0.0	0.0	0.0
GSM4138110_HNSCC_1_PBMC_CTGTTTACAAAGGTGC	81.97497914141117	68.90884988733482	35.347056965947495	62.56711132574895	17.499272501371586	0.0	0.0	0.0	0.0	8.003894112267691	0.0	49.73100355025816	0.0	0.0	0.0	0.0	0.0	36.27269089880579
GSM4138110_HNSCC_1_PBMC_CTTAACTGTGACGCCT	47.48381468340043	17.827289505822193	52.81517520450965	64.23254275975322	0.0	0.0	36.70652048789002	0.0	0.0	0.0	0.0	0.0	0.0	0.0	0.0	0.0	82.36660449308049	0.0
GSM4138110_HNSCC_1_PBMC_CTTAGGAAGGTGATTA	166.92492339855306	172.9373239825354	113.2462049263976	0.0	110.00321279565074	0.0	152.85056921078723	0.0	0.0	0.0	0.0	0.0	0.0	132.54043620362347	0.0	0.0	0.0	0.0
GSM4138110_HNSCC_1_PBMC_CTTAGGACAGAGTGTG	77.45474236993446	68.96373703389835	20.037695666614	57.40036625927037	0.0	0.0	0.0	0.0	49.576827351550634	0.0	0.0	43.56325849895618	0.0	0.0	0.0	0.0	0.0	0.0
GSM4138110_HNSCC_1_PBMC_CTTGGCTCAAAGCGGT	111.88404513620128	93.58286060370277	60.74845900496604	77.71586619345665	0.0	54.324634096655686	0.0	73.2980231927617	0.0	0.0	0.0	12.076809364759209	10.719401953633808	0.0	0.0	0.0	0.0	0.0
GSM4138110_HNSCC_1_PBMC_GAAACTCGTCTTCTCG	157.14567064965215	60.79101967412297	75.23875111369821	0.0	109.87685032138339	132.01504926889282	0.0	0.0	0.0	0.0	0.0	0.0	0.0	74.49457339237327	0.0	0.0	0.0	0.0
GSM4138110_HNSCC_1_PBMC_GAAATGAAGAGCAATT	51.46349721445289	31.307708870153665	34.18529543637507	0.0	51.93217253534421	0.0	0.0	41.585433861431376	33.69430593348596	0.0	1.4341204569726582	0.0	0.0	0.0	0.0	0.0	0.0	0.0
GSM4138110_HNSCC_1_PBMC_GAACATCTCGGTTAAC	89.05870045592387	44.07917625119317	34.002783364534444	32.4848164835173	35.314092636070235	6.517105709027193	57.55006726288539	0.0	0.0	0.0	0.0	49.917373496361016	0.0	0.0	0.0	0.0	0.0	0.0
GSM4138110_HNSCC_1_PBMC_GAACCTATCGGCCGAT	85.40572561956961	46.398747285260185	21.32954335207104	81.32564723088632	10.201533402040436	0.0	0.0	0.0	4.81276175875561	0.0	0.0	0.0	0.0	55.7252817241803	0.0	0.0	0.0	74.98517846526033
GSM4138110_HNSCC_1_PBMC_GAATGAAGTTGGACCC	38.514147316018644	38.51555882943688	32.475322071670654	51.26147725711878	7.306681732013219	45.82651301741197	0.0	0.0	0.0	2.4555463777685254	0.0	28.08095858895652	0.0	0.0	0.0	0.0	0.0	0.0
GSM4138110_HNSCC_1_PBMC_GACAGAGAGAGCCTAG	74.75489033618867	48.82075960948158	6.8400591470830125	0.0	41.176755909687664	32.61560198602063	0.0	0.0	0.0	0.0	0.0	0.0	26.179605739179138	0.0	15.019509142840555	0.0	0.0	0.0
GSM4138110_HNSCC_1_PBMC_GACTAACAGGCAGGTT	73.1356849624125	59.03279891240707	104.34113183681431	89.12212480402235	0.0	117.34300372685878	0.0	0.0	0.0	0.0	0.0	0.0	106.54559132541402	0.0	0.0	0.0	0.0	0.0
GSM4138110_HNSCC_1_PBMC_GACTGCGGTATCTGCA	92.53030645946859	0.0	63.56766267745311	37.693359784866246	0.0	47.63235500966056	0.0	39.85039767391285	0.0	30.859582621719696	0.0	0.0	0.0	0.0	0.0	0.0	0.0	0.0
GSM4138110_HNSCC_1_PBMC_GACTGCGTCTAAGCCA	80.95675033658259	69.85886826529617	99.32329565581078	84.93399772410658	0.0	50.56718000754881	52.605062987678075	0.0	0.0	0.0	0.0	0.0	0.0	63.4766517580759	0.0	0.0	0.0	0.0
GSM4138110_HNSCC_1_PBMC_GATCGATGTGCTGTAT	163.27835484901115	64.51380237224392	82.30667406323855	115.14511623501346	0.0	44.14815333557584	0.0	0.0	0.0	0.0	0.0	0.0	0.0	52.55448313792902	0.0	0.0	0.0	0.0
GSM4138110_HNSCC_1_PBMC_GATCTAGAGGGCTCTC	80.9037368619595	86.67386669740353	5.074880296071857	0.0	77.09109321538776	0.0	50.26786067072522	0.0	0.0	0.0	0.0	0.0	0.0	46.44748662622343	0.0	0.0	0.0	0.0
GSM4138110_HNSCC_1_PBMC_GATCTAGCAAACCTAC	103.1694923151879	60.73180607200129	95.74143078589853	0.7077505944198381	100.2784485476101	0.0	0.0	0.0	87.08266249818303	1.7086070751441444	0.0	0.0	0.0	0.0	0.0	71.6151640667257	0.0	0.0
GSM4138110_HNSCC_1_PBMC_GATGAAAAGAAGGGTA	53.27011319543293	28.000140287919702	38.38182283455271	40.09233819764954	0.0	39.281768576145495	0.0	55.42220073464664	0.0	0.0	0.0	0.0	0.0	0.0	0.0	0.0	0.0	0.0
GSM4138110_HNSCC_1_PBMC_GATGCTAGTATGGTTC	89.73416572094335	0.0	70.72986689000358	64.21841133313433	10.577824084607133	0.0	0.0	0.0	0.0	41.04088679048689	0.0	0.0	0.0	95.60583755316475	0.0	0.0	0.0	22.233358186244985
GSM4138110_HNSCC_1_PBMC_GATTCAGAGCTATGCT	129.32423814531103	35.82597661465026	36.65770820576096	94.17311706198667	0.0	80.14001783315496	0.0	0.0	0.0	0.0	0.0	145.2106859831614	0.0	0.0	0.0	0.0	0.0	0.0
GSM4138110_HNSCC_1_PBMC_GCACATACATGAACCT	111.55817302549261	113.41574941338979	48.08882107717639	0.0	53.11059194344414	0.0	45.509615942646874	0.0	0.0	0.0	0.0	0.0	0.0	74.89305195235272	0.0	0.0	0.0	0.0
GSM4138110_HNSCC_1_PBMC_GCACATAGTCTTCTCG	111.6148627491977	59.09300924937807	78.54435364962154	47.20271176156995	16.92101359184669	0.0	0.0	0.0	30.702925551262034	0.0	0.0	0.0	0.0	87.13990102717153	0.0	0.0	0.0	0.0
GSM4138110_HNSCC_1_PBMC_GCAGTTATCCTACAGA	52.38413298810709	51.21025412069999	18.479993656498294	0.0	11.993808640240855	0.0	0.0	9.574907035372368	0.0	0.0	54.99369872030124	0.0	0.0	0.0	32.29465364051154	0.0	0.0	0.0
GSM4138110_HNSCC_1_PBMC_GCATACAAGACACGAC	115.12044906298054	61.30041648712066	116.10220879315172	0.0	117.30432663516305	0.0	0.0	0.0	84.45506730451363	18.662879978787064	0.0	0.0	0.0	23.53213193654469	0.0	65.61962929233391	0.0	0.46070730137751315
GSM4138110_HNSCC_1_PBMC_GCATGTATCTCATTCA	73.57129945394452	15.396119712217677	46.93167423154722	44.39964350323847	0.0	0.0	0.0	0.0	0.0	0.0	0.0	0.0	0.0	49.54401558349937	0.0	0.0	0.0	30.487346997862137
GSM4138110_HNSCC_1_PBMC_GCGAGAATCTATCCTA	61.13123944210123	87.75713078588542	35.79332121210307	31.546603710288256	43.07963689603792	39.312001520944925	0.0	0.0	0.0	0.0	0.0	44.1882031251553	0.0	0.0	0.0	0.0	0.0	0.0
GSM4138110_HNSCC_1_PBMC_GCGCAACCAGTACACT	75.06971865574708	67.24291098491965	45.836642502141416	48.67345437507144	0.0	0.0	27.531063741027022	0.0	0.0	0.0	0.0	0.0	40.35182362264053	0.0	0.0	0.0	0.0	0.0
GSM4138110_HNSCC_1_PBMC_GCGCAACTCACCGTAA	108.81529907379397	30.969233323759756	13.930650628740874	33.44543159168293	0.0	0.0	0.0	0.0	107.60342926397082	0.0	0.0	0.0	57.81240639031333	0.0	0.0	0.0	0.0	0.0
GSM4138110_HNSCC_1_PBMC_GCGGGTTTCTGTACGA	98.82540528754458	105.21436886442407	58.05791813977635	36.25774659266034	24.65204602723935	20.993746908259435	3.596412165786467	0.0	0.0	0.0	9.284778327043087	0.0	0.0	0.0	80.38930059174612	0.0	0.0	0.0
GSM4138110_HNSCC_1_PBMC_GCTGCAGCACAACGCC	68.54533880578396	65.92369731502474	59.69567471106564	57.7583939374093	0.0	3.5127421700833557	0.0	0.0	0.0	0.0	0.0	64.77974795267988	0.0	0.0	0.0	0.0	0.0	0.0
GSM4138110_HNSCC_1_PBMC_GGAACTTCAACTGGCC	70.6869718194635	0.0	63.583664366179114	84.30923836746798	0.0	42.29053841834178	0.0	0.0	0.0	45.59834081668444	0.0	0.0	105.10272405010033	0.0	0.0	0.0	0.0	0.0
GSM4138110_HNSCC_1_PBMC_GGAATAAAGAACAATC	59.98581156639205	27.158427191160875	61.81459319747163	15.972408199713605	33.48849627037795	0.0	41.678307773098204	23.779134742898723	0.0	0.0	0.0	0.0	44.024686015074785	0.0	0.0	0.0	0.0	0.0
GSM4138110_HNSCC_1_PBMC_GGACATTCACGGTTTA	79.30467376474977	31.696337366460824	43.82415922851528	33.171801251363384	33.71991483589169	40.96339567544929	0.0	89.79383690380308	0.0	0.0	0.0	0.0	0.0	0.0	0.0	0.0	0.0	0.0
GSM4138110_HNSCC_1_PBMC_GGCTCGATCCGCGTTT	42.818979585880626	189.13460735658165	40.33290400338041	0.0	35.744782856953705	0.0	0.0	30.620130272070302	31.558059207437573	0.0	0.0	0.0	0.0	0.0	0.0	0.0	0.0	0.0
GSM4138110_HNSCC_1_PBMC_GGGACCTAGCCAGGAT	80.85740690046265	52.064240940917294	37.019038765747794	0.0	74.38998017351317	0.0	0.0	0.0	48.27546320348652	0.0	0.0	27.600368478963993	0.0	0.0	0.0	35.99816124317581	0.0	0.0
GSM4138110_HNSCC_1_PBMC_GGGACCTCAGTCACTA	101.54916496488217	89.09437958095099	112.71013884264305	87.1669122930441	0.0	0.0	0.0	0.0	127.37467405098023	0.0	0.0	139.5534301349788	0.0	0.0	0.0	0.0	0.0	0.0
GSM4138110_HNSCC_1_PBMC_GGGAGATGTGTGCGTC	79.51570411184726	5.433870190743356	31.373646204517286	12.027443117403568	30.474803501737973	0.0	0.0	77.66541931030035	0.0	44.43977520701367	31.155830935146835	0.0	0.0	0.0	0.0	0.0	0.0	0.0
GSM4138110_HNSCC_1_PBMC_GGGAGATTCACGATGT	41.532970504183886	53.27811016267234	28.108295058391352	4.37945693023834	81.47304491209294	0.0	32.05582596131967	25.50934626837826	0.0	0.0	0.0	0.0	0.0	0.0	0.0	0.0	0.0	0.0
GSM4138110_HNSCC_1_PBMC_GGGTTGCGTCCGAAGA	112.49161872418703	105.71250578313425	74.69070235222406	19.577265884174444	54.37566283001898	39.90553327703254	0.0	54.84888646384389	10.280984954533443	0.0	0.0	0.0	0.0	0.0	0.0	0.0	0.0	0.0
GSM4138110_HNSCC_1_PBMC_GGTGAAGTCGCTTGTC	81.72422727159173	67.07341699736006	45.464520971330714	82.72448658083351	4.334368935064681	0.0	0.0	0.0	0.0	0.0	50.50241869481039	0.0	68.59269804669826	0.0	0.0	0.0	0.0	0.0
GSM4138110_HNSCC_1_PBMC_GGTGTTACAAACGCGA	116.72256611427389	115.34395946904702	60.017979191232406	54.55879202400487	0.0	4.499317061260873	51.43580116358925	0.0	0.0	0.0	0.0	44.6143062239854	0.0	0.0	0.0	0.0	0.0	5.30367446424519
GSM4138110_HNSCC_1_PBMC_GTAACTGTCTTCGAGA	65.11919690803568	107.58339247324571	65.01084679743359	81.32144750084463	0.0	59.28955128908581	0.0	0.0	0.0	0.0	0.0	0.0	39.7523407055154	0.0	0.0	17.585386453338003	0.0	0.0
GSM4138110_HNSCC_1_PBMC_GTAGGCCAGGTGTGGT	83.0613132791176	61.506382877942244	38.298812795404984	32.10919391664557	11.359678696142447	0.0	17.816239101288144	42.62899741924771	38.14584358197636	0.0	12.847021967877714	0.0	0.0	0.0	0.0	0.0	0.0	0.0
GSM4138110_HNSCC_1_PBMC_GTAGTCACAGATCCAT	73.53424589946005	57.35879230039585	40.55423016406279	57.885996479161484	0.0	65.61421292036229	0.0	0.0	0.0	0.0	0.0	0.0	76.63267226418188	0.0	0.0	0.0	0.0	0.0
GSM4138110_HNSCC_1_PBMC_GTAGTCAGTGGGTCAA	58.846729846028346	35.203903751270495	48.3783953665133	38.68687467048492	0.0	0.0	31.361872928883106	5.574643331765569	0.0	0.0	0.0	16.01867408804327	0.0	3.0910377398467808	0.0	0.0	23.728147543711557	0.0
GSM4138110_HNSCC_1_PBMC_GTATTCTAGGGTTTCT	122.32339801250335	52.041225382490104	41.72572623311164	75.92861011812961	0.0	114.34096852095492	0.0	0.0	0.0	39.796402981951516	0.0	0.0	0.0	0.0	35.419484447589305	0.0	0.0	0.0
GSM4138110_HNSCC_1_PBMC_GTATTCTTCCAAACTG	90.04369229662578	98.89036694289675	80.8513054587773	59.486358880997415	14.061963165869134	0.0	0.0	0.0	0.11677980968547913	0.0	56.764213735783855	0.0	24.235008104769243	0.0	0.0	52.57915526580303	0.0	0.0
GSM4138110_HNSCC_1_PBMC_GTCGTAACAGGAACGT	66.90084058674597	72.5412264667074	28.177554416215525	0.0	53.26076849972632	84.541182854414	0.0	0.0	0.0	0.0	0.0	0.0	0.0	0.0	0.0	34.38594487206759	3.110392568023431	0.0
GSM4138110_HNSCC_1_PBMC_GTCGTAAGTATGAAAC	71.56471369116835	51.049027338623844	37.02782512657222	15.10289701880119	27.614225288205844	19.790138612822158	0.0	0.0	0.0	0.0	0.0	0.0	0.0	0.0	0.0	0.0	64.27618799571546	0.0
GSM4138110_HNSCC_1_PBMC_GTCTCGTGTACGCACC	97.9548670345207	40.56139755567459	19.64116202822715	103.49990278298041	0.0	63.87606530227601	0.0	0.0	0.0	0.0	11.628404636640312	17.317890392979407	0.0	0.0	0.0	0.0	0.0	0.0
GSM4138110_HNSCC_1_PBMC_GTGGGTCAGAATGTGT	78.41212413373277	22.435907626723242	81.45726510631691	32.17066544292927	0.0	2.8062062616751917	0.0	33.66776644572909	0.0	0.0	31.55221110051093	0.0	0.0	0.0	0.0	0.0	0.0	0.0
GSM4138110_HNSCC_1_PBMC_GTTCATTGTAGCTGCC	92.95564243249952	54.358591280002265	88.80071785529218	39.58744010332163	23.695567512302837	0.0	70.6498919659709	0.0	0.0	16.89463092172565	0.0	0.0	0.0	0.0	0.0	0.0	111.14532852154473	0.0
GSM4138110_HNSCC_1_PBMC_GTTCATTTCCGCGGTA	92.95011737106833	88.24247177278768	48.30595229994731	65.12184503960624	0.0	54.30579797268805	0.0	0.0	0.0	0.0	0.0	0.0	0.0	0.0	82.88258465991879	0.0	0.0	0.0
GSM4138110_HNSCC_1_PBMC_GTTCTCGCACTATCTT	79.41552775958837	70.99300727640687	59.84704749948909	0.0	64.82141631190882	0.0	37.89981779145176	39.4762564615276	0.0	0.0	0.0	0.0	0.0	0.0	0.0	0.0	0.0	0.0
GSM4138110_HNSCC_1_PBMC_GTTCTCGTCAGAGACG	110.76021530468698	4.8560697952589615	47.28370186547335	45.75434771175665	0.0	0.0	0.0	27.752071682659725	90.54463454554026	27.30340932206119	0.0	17.78748693379905	0.0	0.0	0.0	0.0	0.0	0.0
GSM4138110_HNSCC_1_PBMC_TAAGCGTAGGTGCTTT	159.62626123520636	211.6207682564385	63.36311635609191	0.0	95.25677592838657	0.0	58.32170882387094	0.0	0.0	0.0	91.06477621307991	0.0	0.0	0.0	0.0	106.41410800460594	0.0	0.0
GSM4138110_HNSCC_1_PBMC_TACAGTGGTCATCGGC	120.74071324897187	119.6659392670743	43.25638876668961	75.44470797776198	0.0	0.0	91.02578939129029	0.0	0.0	0.0	0.0	0.0	114.77676408996963	0.0	0.0	0.0	0.0	0.0
GSM4138110_HNSCC_1_PBMC_TACCTTATCACGATGT	81.43416154835896	0.0	57.82227469010595	106.56696727205086	8.828808266162945	0.0	0.0	0.0	90.8267440449788	74.16604412418323	0.0	0.0	0.0	48.9965730474519	0.0	24.241123851779715	0.0	0.0
GSM4138110_HNSCC_1_PBMC_TACGGATTCTAACTTC	121.30708059192932	122.73075475540081	17.51712424695406	23.667000541269175	0.0	48.649359119486725	0.0	15.051363759377868	0.0	0.0	0.0	0.0	0.0	0.0	27.026411185685635	0.0	0.0	0.0
GSM4138110_HNSCC_1_PBMC_TACTTGTAGTCATCCA	104.464027974661	87.7672925984594	32.982239024321586	30.931345044940663	0.0	95.54852071731132	0.0	0.0	0.0	0.0	0.0	0.0	0.0	77.55037238212296	0.0	0.0	0.0	0.0
GSM4138110_HNSCC_1_PBMC_TACTTGTTCAGAGCTT	97.08156901635486	11.024838351269702	132.09873242165614	54.98243654532722	0.0	0.0	0.0	0.0	32.891855795560836	40.45605812759051	0.0	96.52783103228741	0.0	0.0	0.0	0.0	0.0	0.0
GSM4138110_HNSCC_1_PBMC_TAGACCAGTCCGAGTC	84.8836426281703	0.0	44.18092609609134	68.83630189765341	0.0	0.0	0.0	0.0	0.0	73.4168867856721	0.0	0.0	50.67064513366332	0.0	0.0	29.565657160059242	0.0	85.33828088336546
GSM4138110_HNSCC_1_PBMC_TAGAGCTGTTCCCTTG	78.88048904575602	55.610908879621576	52.67416877292467	0.0	43.6055302224919	32.653071573917295	0.0	15.73102367222804	5.500412822701888	16.542391088387415	10.346822375904583	42.66080514021078	0.0	0.0	0.0	0.0	0.0	0.0
GSM4138110_HNSCC_1_PBMC_TATCTCACACGGCGTT	94.70593049064351	85.15508295784288	77.52280065160751	0.0	79.5773064869365	0.0	29.08177115462068	0.0	0.0	0.0	0.0	0.0	0.0	0.0	67.8696118096663	0.0	0.0	0.0
GSM4138110_HNSCC_1_PBMC_TATCTCATCAACGGGA	138.5448135467813	77.60966091976618	48.053412827362756	75.82070632652334	0.0	11.38381351985325	0.0	0.0	30.93204758986232	0.0	9.410495655846887	0.0	0.0	0.0	106.04647195928823	0.0	0.0	0.0
GSM4138110_HNSCC_1_PBMC_TCACGAATCTGTCCGT	119.73697348892034	58.72576887952667	40.59214640396448	16.719130659187268	41.358814672138536	0.0	63.722219909060414	0.0	0.0	0.0	0.0	73.83288886814854	0.0	0.0	0.0	18.573979388770418	0.0	0.0
GSM4138110_HNSCC_1_PBMC_TCAGATGTCCGCGTTT	72.32974708787947	99.94041609206089	29.840789090937765	71.34559640181132	0.0	55.11754601534262	0.0	0.0	0.0	0.0	0.0	0.0	42.540393476345415	0.0	4.748012606843108	0.0	0.0	0.0
GSM4138110_HNSCC_1_PBMC_TCAGCAAAGGCGCTCT	42.13858730299368	0.0	4.562659480864295	142.38671747519075	0.0	4.591473782719692	0.0	0.0	0.0	105.01073797976073	0.0	0.0	0.0	9.79487353234703	0.0	0.0	43.44458650098995	0.0
GSM4138110_HNSCC_1_PBMC_TCATTACAGCGCTCCA	149.84620118847334	85.36729340338587	49.12718448453276	41.70952593503592	0.0	31.125009143258627	0.0	0.0	0.0	0.0	0.0	0.0	78.01111488108651	0.0	0.0	0.0	0.0	0.0
GSM4138110_HNSCC_1_PBMC_TCCCGATAGTGGAGAA	55.222229162915376	0.0	13.458650582112277	61.70175219885408	0.0	0.0	18.168406884745185	55.19287792439543	0.0	45.49107872801774	0.0	0.0	0.0	0.0	0.0	0.0	0.0	0.0
GSM4138110_HNSCC_1_PBMC_TCGCGAGGTAGCACGA	103.90587716605314	79.09449582661793	60.648752968103594	96.7749298808298	0.0	104.74739723778056	0.0	0.0	0.0	0.0	0.0	0.0	0.0	0.0	0.0	0.0	99.3935359264623	0.0
GSM4138110_HNSCC_1_PBMC_TCGGGACTCAACGAAA	74.39522275917966	52.13795553181778	11.306284612174336	76.43670648472056	6.272762360834103	0.0	0.0	0.0	0.0	0.0	69.59288302513397	0.0	0.0	0.0	0.0	0.0	68.15828154809577	0.0
GSM4138110_HNSCC_1_PBMC_TCGGGACTCGAGAGCA	114.25120868584867	74.0267638091563	135.2100408471698	0.0	119.70096796912249	64.52950739404935	0.0	0.0	0.0	0.0	0.0	98.1525225647282	0.0	0.0	0.0	0.0	0.0	0.0
GSM4138110_HNSCC_1_PBMC_TCGGTAATCACTCTTA	60.04772910618084	79.74087750734412	35.12343942724709	8.098584599094977	58.847780225538116	0.0	0.0	0.0	0.0	0.0	36.09197087065211	0.0	0.0	68.88473725549842	0.0	0.0	23.78502569503937	0.0
GSM4138110_HNSCC_1_PBMC_TCGTACCTCCGCAAGC	129.98363598354106	0.0	173.19473076089741	58.48339211644682	183.56381440598875	0.0	0.0	0.0	0.0	116.06080432037766	0.0	0.0	0.0	113.30091546636272	0.0	0.0	0.0	85.64405971061662
GSM4138110_HNSCC_1_PBMC_TCGTACCTCTGCCCTA	162.8391456645021	149.94016694223433	46.80226663855512	61.709489989192924	47.237595736794184	0.0	0.0	0.0	0.0	0.0	165.42453514154604	0.0	0.0	0.0	86.41023052130546	0.0	59.68408278887401	0.0
GSM4138110_HNSCC_1_PBMC_TCTATTGGTCTAAAGA	66.7578156081954	93.38179730445059	26.529767670074158	47.79321062812427	2.0871909091597396	0.0	0.0	74.37776193835079	0.0	0.0	63.86763651859421	0.0	0.0	0.0	0.0	0.0	0.0	0.0
GSM4138110_HNSCC_1_PBMC_TCTATTGGTTGGTTTG	117.35449029167444	38.35004689387261	40.22681623531974	17.795307206752888	31.010830604167722	65.34397069386264	0.0	65.3348061682543	0.0	0.0	0.0	0.0	0.0	0.0	0.0	0.0	0.0	0.0
GSM4138110_HNSCC_1_PBMC_TCTATTGTCTGCAGTA	83.3578700039798	60.050179809944396	47.765261948410675	39.277825646143256	0.0	0.0	30.753084136776227	25.052684979732216	0.0	0.0	0.0	0.0	0.0	0.0	0.0	0.0	0.0	0.0
GSM4138110_HNSCC_1_PBMC_TCTGAGACAGATAATG	98.4584166557145	65.72866506206113	86.0942389051296	0.0359649731768234	81.61614550407835	0.0	48.76013307589231	0.0	0.0	0.0	40.322449444563496	93.3249054535504	0.0	0.0	0.0	0.0	0.0	0.0
GSM4138110_HNSCC_1_PBMC_TCTGAGAGTAAGAGAG	100.13948946731327	64.66667812091914	47.18750770564084	60.1969404662523	0.0	60.28398514355128	0.0	0.0	0.0	0.0	0.0	0.0	0.0	0.0	0.0	23.303581709933013	31.107215590933233	0.0
GSM4138110_HNSCC_1_PBMC_TCTGAGATCCTTTCTC	78.75215483599175	69.87067726785315	40.05715323526287	22.55947059844918	32.790626513846775	59.21243464996637	0.0	39.664323166203125	0.0	0.0	0.0	0.0	0.0	0.0	57.5183290777572	0.0	0.0	0.0
GSM4138110_HNSCC_1_PBMC_TCTGGAATCTCAAACG	74.87290867931995	43.58979403958104	38.53926434676183	21.37395145679541	35.974062859798146	45.786136651411105	0.0	0.0	0.0	0.0	0.0	0.0	0.0	0.0	0.0	104.85507576998727	0.0	0.0
GSM4138110_HNSCC_1_PBMC_TCTTTCCAGTGGGCTA	72.77912505742314	63.051080133727396	36.30763363578575	54.37960448802929	4.700004151092626	21.11958475680152	0.0	0.0	40.51904536908105	0.0	0.0	0.0	0.0	0.0	0.0	0.0	96.0272448376166	0.0
GSM4138110_HNSCC_1_PBMC_TGAAAGACACTTCGAA	44.474757581639395	48.55732924909512	53.3521095080654	0.0	22.173866022496217	0.0	0.0	0.0	0.0	0.0	0.0	65.38139201815893	0.0	0.0	0.0	0.0	0.0	11.431610407710398
GSM4138110_HNSCC_1_PBMC_TGACAACGTTAAGGGC	91.49729767738587	116.14269818003699	48.06891951994711	103.45650012420455	0.0	78.06636609083537	0.0	0.0	0.0	31.525738426362725	0.0	0.0	93.89156072887786	0.0	0.0	0.0	0.0	0.0
GSM4138110_HNSCC_1_PBMC_TGACGGCAGCGCCTTG	83.97770849061354	65.75346773436196	33.95947256241826	28.636208749707446	9.571742929202891	0.0	0.0	54.99660932899851	39.677751053581886	0.0	35.69277686978499	0.0	74.07259532856649	0.0	22.286696630629052	0.0	0.0	0.0
GSM4138110_HNSCC_1_PBMC_TGACGGCGTTACGACT	100.03275078528789	68.26689445470574	38.85271524140165	50.89276255324501	0.0	51.68906266999166	0.0	0.0	0.0	0.0	0.0	0.0	0.0	0.0	0.0	57.52453859882698	0.0	0.0
GSM4138110_HNSCC_1_PBMC_TGACGGCTCGGTTCGG	105.97247618862832	75.83638878061642	57.06119904601313	62.84688971439834	11.772612784110038	33.34648125837566	0.0	52.03601915301605	0.0	0.0	48.676450489869616	0.0	0.0	0.0	0.0	0.0	0.0	0.0
GSM4138110_HNSCC_1_PBMC_TGACTAGAGAACTGTA	37.351890245366526	0.0	43.11109529507812	37.03550967113064	0.0	0.0	1.90003297526264	71.15614210098558	0.0	25.94075588951291	0.0	0.0	0.0	0.0	0.0	0.0	0.0	0.0
GSM4138110_HNSCC_1_PBMC_TGAGCATGTATTCTCT	184.72776731614587	244.72080180589708	50.8155901573509	0.0	223.34182949897996	0.0	0.0	0.0	0.0	0.0	121.1835055238626	0.0	0.0	135.67870793082352	0.0	0.0	0.0	0.0
GSM4138110_HNSCC_1_PBMC_TGCACCTTCCAGGGCT	176.86287087670533	57.692796634615156	47.884421654351016	0.0	75.37183340635612	0.0	159.35382256724452	0.0	0.0	0.0	0.0	0.0	0.0	0.0	0.0	100.43295435704748	0.0	0.0
GSM4138110_HNSCC_1_PBMC_TGCCAAATCGCGGATC	117.99746159902654	68.13554449457313	18.7547341143177	41.7522366245165	0.344938656944119	86.76420153353197	0.0	83.72060353322455	0.0	0.0	0.0	0.0	0.0	0.0	0.0	0.0	0.0	0.0
GSM4138110_HNSCC_1_PBMC_TGCCAAATCTTCCTTC	45.17015998341353	70.49418661123437	38.54554696990321	0.0	52.508518163627265	0.0	0.0	0.0	0.0	0.0	78.64699943190885	0.0	44.17847656102608	0.0	0.0	0.0	0.0	0.0
GSM4138110_HNSCC_1_PBMC_TGCCCATGTGGTCCGT	73.07688576454987	89.563390125441	47.76119928031507	60.243628494948545	0.0	38.94712802408267	0.0	0.0	0.0	0.0	0.0	0.0	0.0	0.0	0.0	34.57361569513159	12.854228758795838	0.0
GSM4138110_HNSCC_1_PBMC_TGCCCTACAAAGCAAT	93.83600735431467	71.09263441691262	67.85366195853622	66.80617920075252	0.0	0.0	0.0	37.600578108762505	20.065563635118746	0.0	29.145598784176354	0.0	0.0	45.610389660127346	0.0	0.0	0.0	0.0
GSM4138110_HNSCC_1_PBMC_TGCCCTAGTGTCGCTG	82.66967067813465	37.221171010943884	13.005364419980872	81.6400062526225	0.0	0.0	0.0	0.0	44.617949573355425	0.0	0.0	0.0	0.0	127.90796996148369	0.0	0.0	0.0	0.0
GSM4138110_HNSCC_1_PBMC_TGCGCAGAGGGCATGT	182.49705654718056	127.71619482329817	132.11668260245148	0.0	160.13349350183765	0.0	0.0	58.09998731590475	0.0	0.0	82.54032106314071	0.0	0.0	0.0	24.207309689992037	0.0	25.071315791056648	0.0
GSM4138110_HNSCC_1_PBMC_TGCTACCCACTACAGT	119.48828766367659	59.49885666975343	61.77631675460011	106.82320057469475	0.0	66.96991793519666	1.2515601058258763	0.0	0.0	0.0	0.0	0.0	73.44393882690024	0.0	0.0	0.0	0.0	0.0
GSM4138110_HNSCC_1_PBMC_TGCTACCCATTACGAC	84.88724462350623	14.119386247525673	32.30416479731203	34.75033383703781	27.973703808537035	22.12401983948965	0.0	0.0	0.0	31.61118371007392	0.0	0.0	0.0	0.0	48.16846983914249	0.0	0.0	14.696883092244105
GSM4138110_HNSCC_1_PBMC_TGCTACCTCAACCAAC	69.18395025788503	55.69604585501306	54.430243450705014	0.0	121.48989036733087	0.0	0.0	0.0	0.0	0.0	0.0	0.0	0.0	30.616692799299592	0.0	0.0	0.0	30.147446972005795
GSM4138110_HNSCC_1_PBMC_TGGACGCGTCATACTG	134.61583846442934	70.31028604717937	74.19058821689454	99.91071619253243	0.0	63.937354370719	0.0	0.0	0.0	0.0	0.0	79.2439608873151	0.0	0.0	0.0	0.0	0.0	0.0
GSM4138110_HNSCC_1_PBMC_TGGCCAGTCCTTAATC	141.76973701868675	58.11416121951467	27.97863733287937	0.0	73.22234247156914	100.57683462629177	18.6512994245787	3.0809139029825805	0.0	49.679286928245766	0.0	0.0	0.0	0.0	29.49257271366476	15.71457070381109	0.0	0.0
GSM4138110_HNSCC_1_PBMC_TGGCTGGCAGTCGATT	163.3669955653376	0.0	49.37794897299678	191.400187136777	0.0	131.65007591667202	0.0	0.0	0.0	123.88536963130646	0.0	0.0	0.0	88.74043926602698	0.0	0.0	0.0	0.0
GSM4138110_HNSCC_1_PBMC_TGGGAAGCAATGGAGC	91.58516493881265	39.63749359238509	31.31698450360057	0.0	20.57482107812214	44.25515463340314	0.0	0.0	0.0	0.0	0.0	0.0	0.0	0.0	43.679932815779715	0.0	0.0	0.0
GSM4138110_HNSCC_1_PBMC_TGGGCGTAGGGAGTAA	85.16536307461635	38.69215957212814	21.938840914185064	94.02059507203677	0.0	47.00113981182935	0.0	0.0	0.0	0.0	0.0	0.0	0.0	0.0	0.0	0.0	52.67277607916985	0.0
GSM4138110_HNSCC_1_PBMC_TGGGCGTGTTCGCGAC	118.4524351185801	65.13052781689373	19.71146751910457	75.92278730474341	0.0	40.40244979255454	0.0	27.606490650535	0.0	0.0	0.0	0.0	0.0	0.0	0.0	0.0	0.0	1.0514157426258006
GSM4138110_HNSCC_1_PBMC_TGGGCGTTCAACTCTT	8.32718784728909	34.47122601603137	94.18588795845804	15.524171458211972	17.356058330187995	27.187596908296776	0.0	0.0	0.0	0.0	0.0	0.0	92.58544094070965	0.0	0.0	0.0	0.0	0.0
GSM4138110_HNSCC_1_PBMC_TGGTTAGGTAGAAAGG	73.41178615968144	47.68746709415571	34.0994309535194	0.0	41.06646569144199	0.0	0.0	0.0	1.5641802511471876	0.0	62.62869024851401	39.95499705745547	0.0	0.0	0.0	0.0	0.0	0.0
GSM4138110_HNSCC_1_PBMC_TGGTTAGTCGTCCGTT	148.39170989999724	0.0	40.957049700419304	0.0	101.14510004063376	0.0	8.859032853482736	2.4355487025590907	54.10864069663007	90.60652429055185	0.0	73.50501732084746	0.0	0.0	0.0	0.0	0.0	2.2428162545891066
GSM4138110_HNSCC_1_PBMC_TTAACTCGTGTTCTTT	47.668708496975036	28.794895429929504	68.23153942357763	28.96954328295183	0.0	0.0	34.73899363378851	0.0	0.0	0.0	0.0	100.44554603133018	0.0	0.0	0.0	0.0	0.0	0.0
GSM4138110_HNSCC_1_PBMC_TTAACTCGTTAGTGGG	179.02668805103795	0.0	46.81359126916801	77.44380892637825	2.341002075491462	97.46997555415726	0.0	101.63101616826715	0.0	53.88831727895294	0.0	0.0	0.0	0.0	0.0	0.0	0.0	0.0
GSM4138110_HNSCC_1_PBMC_TTAGGCATCATGTCCC	64.48986486629991	61.216420551449076	30.130337453094505	0.0	40.6432319588168	40.65194993028968	3.8477712356005633	48.84228396847272	0.0	0.0	0.0	0.0	0.0	0.0	0.0	0.0	0.0	0.0
GSM4138110_HNSCC_1_PBMC_TTCTACAGTTGTGGAG	24.738810564870764	0.0	38.08578398214952	25.12927960963816	1.9189638432431404	0.0	0.0	0.0	87.1315163680547	13.731199864784312	59.92965325640804	0.0	35.05828000539589	0.0	0.0	0.0	0.0	0.0
GSM4138110_HNSCC_1_PBMC_TTCTCAATCCTCTAGC	106.94096363159957	69.30262013702594	51.251547874119076	17.314271456923752	52.767238670054745	0.0	59.21627099718535	0.0	0.0	0.0	0.0	0.0	66.8850069136965	42.35695214483426	0.0	0.0	0.0	0.0
GSM4138110_HNSCC_1_PBMC_TTCTCCTTCCCGACTT	59.37306882536893	0.0	33.40222215093726	0.0	82.05772040460549	52.51928639760463	0.0	25.75097965858892	0.0	33.72141812896774	0.0	0.0	0.0	0.0	0.0	0.0	0.0	0.0
GSM4138110_HNSCC_1_PBMC_TTGACTTCATGGAATA	83.2398958989604	59.34355649989082	52.648193480689436	0.0	51.07347456964542	0.0	0.0	0.0	34.63473494451506	0.0	0.0	0.0	68.2070224456964	0.0	0.0	0.0	0.0	35.91661010054853
GSM4138110_HNSCC_1_PBMC_TTGACTTTCAGGTAAA	104.3008615045185	0.0	52.57854647832792	0.0	86.28802791771965	0.0	0.0	0.0	9.76379615684493	50.695406869968046	17.13262762405564	0.0	0.0	61.154088188061586	0.0	0.0	0.0	20.574018314085958
GSM4138110_HNSCC_1_PBMC_TTGTAGGCAGCGTTCG	51.74168044288378	30.87193283499536	58.45325802936209	12.839850150767873	10.940571263499702	0.0	35.455956377988194	11.34704867035708	0.0	0.0	0.0	0.0	0.0	0.0	0.0	0.0	14.071395762144814	0.0
GSM4138110_HNSCC_1_PBMC_TTTACTGGTTCTGGTA	41.299683098197995	0.0	26.801349637398726	0.0	46.739888828403615	0.0	0.0	3.8424209627950816	44.07547053578828	89.58371694705255	0.0	15.770379538483557	0.0	0.0	0.0	0.0	0.0	0.0
GSM4138110_HNSCC_1_PBMC_TTTATGCGTTTGTGTG	50.24569233044031	50.406032598605016	18.781168941607252	0.2933501679832818	42.99873986962755	0.0	43.87771694043667	0.0	0.0	2.6838435079817584	0.0	0.0	0.0	0.0	0.0	57.371809228198714	0.0	0.0
GSM4138110_HNSCC_1_PBMC_TTTCCTCCAGATCCAT	99.51983191880018	155.68475937137936	50.737962913840605	47.3394646096825	0.0	0.0	0.0	0.0	39.85210614211505	0.0	0.0	12.727653440424573	27.853587275443424	0.0	0.0	0.0	0.0	0.0
GSM4138110_HNSCC_1_PBMC_TTTCCTCGTTCGCGAC	121.43914347781812	62.58108141662472	44.70435541298597	62.560519921762335	0.0	75.18655458725236	0.0	0.0	34.48944325714695	0.0	0.0	0.0	14.962183556514445	105.56652404591512	0.0	0.0	0.0	0.0
GSM4138110_HNSCC_1_PBMC_TTTGCGCCACGAAATA	81.13550648891486	79.62880651885374	78.77951800312549	47.97469751607946	13.310126486768667	0.0	0.0	53.986069500512215	0.0	0.0	40.29586893777986	0.0	0.0	0.0	0.0	0.0	0.0	0.0
GSM4138110_HNSCC_1_PBMC_TTTGCGCGTTTCCACC	20.393137940337688	84.81456074266944	43.09987921492758	71.3909685307561	0.0	0.0	0.0	0.0	0.0	14.560148529205383	53.71888780137089	0.0	61.140880843336575	16.526146447458135	0.0	0.0	0.0	0.0
GSM4138110_HNSCC_1_PBMC_TTTGGTTAGAATTGTG	78.95230713421527	81.1825649082109	24.4537311128956	22.84277991160048	43.4625318301371	38.504065182625375	24.020240795508435	0.0	0.0	0.0	0.0	0.0	0.0	0.0	71.308370726304	0.0	0.0	0.0
GSM4138110_HNSCC_1_PBMC_TTTGGTTAGAGCAATT	69.22832608783966	121.69547511934107	59.44145658430175	92.18820707530736	0.0	0.0	33.37665212133797	0.0	0.0	0.0	8.985725805208695	111.57266338365254	0.0	0.0	0.0	0.0	0.0	0.0
GSM4138110_HNSCC_1_PBMC_TTTGGTTGTCCGTGAC	100.83919477164743	46.211919314531656	66.4051545376988	80.147267803772	0.0	0.0	62.519929934800565	0.0	0.0	0.0	0.0	0.0	23.596184952977143	0.0	0.0	13.734792234486108	0.0	0.0
GSM4138110_HNSCC_1_PBMC_TTTGTCAAGTACGATA	125.92245267655709	53.452385507447886	58.08088964753402	0.6058486408555583	94.50716596780913	0.0	63.00029695679023	0.0	0.0	0.0	18.966892206415164	73.5177943459516	0.0	0.0	0.0	0.0	0.0	0.0
GSM4138110_HNSCC_1_PBMC_TTTGTCATCAGGCAAG	55.84405120213303	43.080641682989466	54.49935435144358	85.05965592899368	0.0	19.727913138239433	0.0	0.0	0.0	14.974035279883717	0.0	0.0	0.0	105.7455730938904	0.0	0.0	0.0	26.040353612079592
GSM4138110_HNSCC_1_PBMC_TTTGTCATCGCGTAGC	67.22949940019407	58.08984829148461	34.5196831756827	26.884940016958744	75.11655240355799	42.87569513615134	0.0	0.0	0.0	0.0	0.0	0.0	0.0	43.61260255816449	0.0	0.0	0.0	0.0
GSM4138110_HNSCC_1_PBMC_ACGGAGAAGCAGGCTA	103.77814826939104	0.0	71.02506252032607	88.70991888575797	8.106761001004141	0.0	0.0	40.64288562816618	0.0	70.12307212936467	0.0	0.0	0.0	0.0	0.0	0.0	0.0	32.24075320659327
GSM4138110_HNSCC_1_PBMC_ACTATCTGTCGAGTTT	148.95623107083657	45.38755876299512	83.93190146316323	0.0	122.95088210907481	0.6398308622716302	0.0	0.0	0.0	0.0	90.92933362802926	0.0	0.0	0.0	91.66701271435875	0.0	0.0	0.0
GSM4138110_HNSCC_1_PBMC_CAGTCCTGTAGAAGGA	101.74086477803972	96.08192372082638	50.25362238602222	0.0	59.0050129313588	0.0	56.57711131730734	0.0	0.0	0.0	0.0	0.0	32.460848776939294	0.0	10.486073774229705	30.103495467331626	0.0	0.0
GSM4138110_HNSCC_1_PBMC_CGATGTATCGGTCTAA	84.4165087141067	55.318338038464304	28.21745778080157	86.86535721634067	0.0	39.61307550046243	33.24582431235268	0.0	0.0	0.0	0.0	0.0	38.76363499542242	0.0	0.0	0.0	0.0	0.0
GSM4138110_HNSCC_1_PBMC_GACCTGGTCGCCAAAT	104.45484008973486	56.101293607386104	44.69868013553963	59.098603577925665	21.847446776775058	0.0	0.0	0.0	0.0	0.0	73.63073655046796	0.0	0.0	0.0	65.33286774945334	0.0	16.350378953264784	0.0
GSM4138110_HNSCC_1_PBMC_TACGGTACATGGTCAT	161.5497209705443	105.23987435269177	107.02573661502223	85.97529148245671	45.43530253438904	103.56353185912575	0.0	16.383415348057532	0.0	0.0	0.0	0.0	31.344879113120196	63.557501713038654	0.0	0.0	0.0	0.0
GSM4138110_HNSCC_1_PBMC_TTAGTTCTCGCGGATC	69.77737063877035	42.03430970763491	45.65450833299439	3.3834380054555577	57.951394462307434	0.0	0.0	0.0	0.0	0.0	54.49479951511699	0.0	0.0	37.85318713636708	0.0	0.0	0.0	0.0
GSM4138110_HNSCC_1_PBMC_AAAGCAACACGCGAAA	155.97804166820774	110.00271132797519	11.443078941499026	20.830176897847828	108.39807956967546	0.0	2.4693125988388274	96.33302345149059	0.0	0.0	113.17455908493564	0.0	0.0	0.0	53.78806736668766	0.0	0.0	0.0
GSM4138110_HNSCC_1_PBMC_AACTTTCGTGTATGGG	83.38740824169608	49.15206019149377	1.3106513229624017	62.95587152170966	0.0	0.0	0.0	0.0	0.0	0.0	75.81840508472935	0.0	0.0	21.60367801304868	0.0	0.0	0.0	0.0
GSM4138110_HNSCC_1_PBMC_AAGGAGCAGGGAAACA	144.97780682018518	79.0814424142979	44.29643072812801	25.1790081843649	44.21379445869434	5.111696395386551	0.0	0.0	8.217569586380833	0.0	53.742444940988776	0.0	0.0	0.0	41.93173013917687	0.0	0.0	0.0
GSM4138110_HNSCC_1_PBMC_AATCGGTGTAATCACC	135.9680500313865	66.1750338616	24.403969076614985	36.90365383224898	50.47246443743143	0.0	0.0	13.061197903010799	0.0	0.0	79.04030941687448	0.0	0.0	0.0	99.20354259931247	0.0	0.0	0.0
GSM4138110_HNSCC_1_PBMC_ATAACGCTCACAACGT	366.2032713280318	160.3652196328933	80.39983827602205	0.0	169.63146644054382	0.0	64.58630799678187	0.0	0.0	0.0	68.38339969709375	0.0	0.0	0.0	0.0	164.06883944386655	0.0	0.0
GSM4138110_HNSCC_1_PBMC_ATCATCTTCTGGCGAC	263.8544826604449	95.16032996980324	84.69402930374494	237.9779481926884	0.0	0.0	137.1328311957827	0.0	0.0	0.0	0.0	0.0	0.0	0.0	106.6309755633519	0.0	0.0	0.0
GSM4138110_HNSCC_1_PBMC_ATCCGAATCGTTTATC	167.43654178974168	72.09863205225497	27.255594738571503	0.0	157.48257995657727	57.381287716531176	32.04603104646209	64.03934211996277	0.0	0.0	0.0	0.0	0.0	0.0	0.0	0.0	0.0	0.0
GSM4138110_HNSCC_1_PBMC_ATGCGATTCGTGGGAA	178.77976684537384	124.3589259711734	96.39341072860068	55.11744889078723	73.26174734609499	67.61304263748725	0.0	0.0	0.0	0.0	0.0	0.0	0.0	0.0	17.794572169803413	0.0	52.89669088341791	0.0
GSM4138110_HNSCC_1_PBMC_CAAGAAATCAGGCAAG	83.63249142326815	61.571791278127385	31.62820829174485	47.7920403007724	26.4988466697487	0.0	0.0	0.0	0.0	0.0	57.87312761192055	0.0	0.0	68.4642555004652	0.0	0.0	0.0	0.0
GSM4138110_HNSCC_1_PBMC_CACAGGCCACACCGAC	211.93535726799004	178.9889674472899	66.26642051185988	0.0	252.90462719238002	83.45975541685812	38.06284161678157	0.0	0.0	0.0	0.0	15.119989169642094	0.0	132.8087694028775	0.0	0.0	0.0	0.0
GSM4138110_HNSCC_1_PBMC_CACTCCATCTGTACGA	53.5950171386987	62.02334492103019	5.581215132327671	25.927540184555326	47.274931497242925	0.0	84.29254401269178	0.0	0.0	0.0	0.0	0.0	22.73604357114238	9.9485088980782	0.5140909460129306	11.348187341419974	0.0	0.0
GSM4138110_HNSCC_1_PBMC_CCTTCCCTCGCCTGTT	64.07045955588625	57.30191319521112	60.066753825241854	0.0	41.72304893037357	3.0459234665165056	31.23206286947449	11.54418245508329	0.0	0.0	0.0	0.0	0.0	0.0	25.128082509126173	0.0	0.0	0.0
GSM4138110_HNSCC_1_PBMC_CGATTGAAGACTAAGT	170.6420537715553	147.62168697675378	52.0641608624508	53.280116291532316	54.004374131393625	70.66934983557758	6.994724444966297	0.0	0.0	0.0	0.0	0.0	51.627779600391186	0.0	0.0	0.0	0.0	0.0
GSM4138110_HNSCC_1_PBMC_CGGACGTTCTGAGTGT	57.962787314818	81.71700800110385	21.858725375232254	12.987636706560874	12.812278231119581	37.838285050305174	0.0	0.0	0.0	0.0	0.0	90.52130239254818	0.0	0.0	0.0	0.0	0.0	0.0
GSM4138110_HNSCC_1_PBMC_CGGGTCATCCCAACGG	77.95123593469324	65.05484230744102	1.1591085310438634	0.0	59.71225952791389	48.096391322729545	0.0	0.0	0.0	0.0	0.0	0.0	47.89782822174823	0.0	0.0	0.0	0.0	0.0
GSM4138110_HNSCC_1_PBMC_CTCGAGGCATAGACTC	166.02044111796957	193.95491075602763	27.652108902844056	0.0	151.95207444112793	143.03634141325938	0.0	0.0	0.0	0.0	54.40141713403656	0.0	0.0	0.0	0.0	22.926605983748598	77.04453270688911	0.0
GSM4138110_HNSCC_1_PBMC_CTCGTCACAATAAGCA	185.75555930580745	102.87649738979789	71.09003509853379	40.017007178187946	84.70441321012643	0.0	28.973027533743295	0.0	0.0	0.0	99.54854157470596	0.0	0.0	77.80956890863096	0.0	0.0	0.0	0.0
GSM4138110_HNSCC_1_PBMC_CTGATCCTCTTTAGGG	179.68917101048874	76.04763939612747	29.66983548943555	6.119760962241737	85.7932731582189	89.17349900451728	0.0	0.0	0.0	0.0	0.0	0.0	0.0	0.0	58.46288968280632	26.160351291651583	5.562626548653587	0.0
GSM4138110_HNSCC_1_PBMC_CTGTGCTTCTAACGGT	123.35369864264611	141.08782756295895	75.30869737398058	0.0	98.66908054641509	0.0	50.37176299263261	7.227289579937923	0.0	0.0	0.0	66.49963492028347	0.0	0.0	0.0	2.503592617369772	0.0	0.0
GSM4138110_HNSCC_1_PBMC_CTGTGCTTCTATCGCC	137.9695594240993	66.05262480055302	28.53140939474521	45.15814315510339	44.66644799297382	0.0	0.0	0.0	117.58323992002191	0.0	0.0	4.7337270815562755	61.703734373607865	0.0	0.0	34.766621575172444	0.0	0.0
GSM4138110_HNSCC_1_PBMC_GACTAACGTCGACTGC	174.64095273779571	88.48474714627105	32.504122144863054	0.0	118.5343893094054	59.134120728284906	0.0	0.0	0.0	0.0	0.0	0.0	34.43077948306958	0.0	0.0	20.630765441105442	0.0	0.0
GSM4138110_HNSCC_1_PBMC_GAGGTGATCGTCCGTT	128.93478441719793	123.50517937043006	28.343293291434716	0.0	193.4857625097079	0.0	0.0	89.92497225175643	0.0	0.0	122.75331816327311	0.0	0.0	0.0	0.0	0.0	0.0	0.0
GSM4138110_HNSCC_1_PBMC_GATCAGTAGTGTACTC	113.99106716093276	185.72781538035815	31.287728602554605	35.2254049810845	42.19752811853199	0.0	0.0	0.0	0.0	0.0	98.79043528479467	0.0	0.0	0.0	29.20817076696994	0.0	63.23443436946138	0.0
GSM4138110_HNSCC_1_PBMC_GCTCTGTAGTATCTCG	0.0	0.0	0.0	0.0	0.0	3030.1524932466646	0.0	0.0	397.5306150251554	0.0	0.0	0.0	0.0	0.0	0.0	0.0	0.0	0.0
GSM4138110_HNSCC_1_PBMC_GGAACTTTCCGATATG	137.55635674413298	74.7410165726423	21.189221172133855	0.0	98.78168179652947	0.0	56.408592791987225	50.62666070324693	0.0	0.0	0.0	0.0	0.0	0.0	34.471962829041395	0.0	0.0	0.0
GSM4138110_HNSCC_1_PBMC_GGACAGAAGCCATCGC	167.2143192669387	0.0	63.59884447279469	14.668804359077242	75.44728528430906	0.0	0.0	0.0	0.0	137.70639994056907	0.0	0.0	0.0	99.00076238614363	0.0	0.0	0.0	71.8607714859797
GSM4138110_HNSCC_1_PBMC_GGATGTTGTGCAGTAG	159.79318381712008	0.0	39.600334871430725	99.33077720169175	0.0	0.0	0.0	0.0	83.65776956581067	65.30575301070793	0.0	17.524830958155306	43.44155564682481	0.0	0.0	0.0	0.0	0.0
GSM4138110_HNSCC_1_PBMC_GTAACTGCAGCTGTTA	114.88937423450021	94.67331293864785	34.198906678169394	98.4907410820375	0.0	59.86602470827409	0.0	75.02748782839207	0.0	0.0	0.0	0.0	2.831964255947343	0.0	0.0	0.0	0.0	0.0
GSM4138110_HNSCC_1_PBMC_GTATTCTAGTAATCCC	247.79822945435387	144.59359287434114	91.58923086995208	0.0	150.9173703128357	0.0	0.0	0.0	0.0	0.0	116.62989344582658	103.3116514124823	0.0	0.0	0.0	0.0	0.0	0.0
GSM4138110_HNSCC_1_PBMC_GTGCAGCAGTCAAGCG	0.0	0.0	0.0	3039.4783940594602	0.0	0.0	0.0	0.0	0.0	0.0	0.0	0.0	0.0	0.0	0.0	0.0	0.0	0.0
GSM4138110_HNSCC_1_PBMC_GTGCATACACAGGCCT	109.65288107151353	122.47318717607581	32.52013346464342	131.73910153908196	0.0	2.4075516149812253	0.0	0.0	0.0	0.0	109.0181216142573	0.0	0.0	0.0	105.31263134079869	0.0	0.0	0.0
GSM4138110_HNSCC_1_PBMC_TACTCGCGTTTAGCTG	109.23002516833562	90.304176827814	32.89522646536019	0.0	71.34763796335048	0.0	0.0	0.0	76.83309023515659	0.0	0.0	0.0	126.99245212965577	0.0	0.0	0.0	0.0	0.0
GSM4138110_HNSCC_1_PBMC_TACTTACGTTATGCGT	92.00473400165052	125.77033997893926	30.394155929599705	119.19219850413363	0.0	0.0	0.0	0.0	50.3572450031683	17.297978644650225	0.0	0.0	25.50734435548467	0.0	72.08421663921644	0.0	0.0	0.0
GSM4138110_HNSCC_1_PBMC_TAGCCGGGTTCAACCA	129.22284010583596	116.87707369020887	41.111110648021565	0.0	108.30120899302082	0.0	14.283887446928697	0.0	6.977807504280331	0.0	38.945309095878066	24.605523400839516	0.0	20.55137273360687	0.0	0.0	0.0	0.0
GSM4138110_HNSCC_1_PBMC_TCAGCAATCCCAAGAT	267.0914739136341	0.0	41.55036590298134	62.69822454510433	56.056608314911934	92.19114663226213	0.0	0.0	0.0	155.79278456082992	0.0	0.0	0.0	139.14944024797524	0.0	0.0	0.0	0.0
GSM4138110_HNSCC_1_PBMC_TGACGGCGTTGAGTTC	0.0	2692.879963696891	0.0	0.0	0.0	0.0	0.0	0.0	0.0	281.8381336283143	0.0	0.0	0.0	0.0	0.0	0.0	0.0	0.0
GSM4138110_HNSCC_1_PBMC_TTGCGTCGTACTTCTT	175.43678014890537	101.73471573943407	100.67168323401302	0.0	90.916147689129	0.0	0.0	0.0	0.0	0.0	123.7463529651601	0.0	2.832833915848807	0.0	47.83264523949733	11.96687971938449	0.0	0.0
GSM4138110_HNSCC_1_PBMC_TTTGTCAGTTAAGATG	98.58774022912031	66.39806012864757	12.616983439640777	39.78139078313541	21.26880407825299	0.0	54.45475296449258	0.0	0.0	0.0	0.0	0.0	0.0	77.51231159870939	0.0	0.0	0.0	0.0
GSM4138110_HNSCC_1_PBMC_ACGCAGCTCGTCACGG	173.70380808537953	184.78387556561154	32.171388659258284	0.0	118.70630414583366	1.2369495757040776	27.12254398184881	0.0	0.0	7.927871720132435	104.3422485380205	0.0	0.0	62.76767625883394	19.243064220555564	0.0	34.63758013285407	0.0
GSM4138110_HNSCC_1_PBMC_ATCATCTAGGAATCGC	130.78801521987492	0.0	70.29696374300055	0.0	107.94729328977742	0.0	96.84166754598648	0.0	0.0	55.90959085735975	0.0	135.31510947159833	0.0	0.0	0.0	0.0	0.0	0.0
GSM4138110_HNSCC_1_PBMC_TCAACGAGTTACGGAG	316.4656562272102	0.0	144.834748656732	222.6659439272426	0.0	0.0	0.0	0.0	260.20552195474284	183.96276362305872	0.0	0.0	206.94079008237244	0.0	0.0	0.0	0.0	0.0
GSM4138110_HNSCC_1_PBMC_AAACCTGGTCTCCCTA	193.3192798937547	175.6518702544749	69.34338165232091	187.98585242737346	0.0	245.6140433565462	0.0	0.0	0.0	0.0	0.0	0.0	239.78886783754453	0.0	0.0	0.0	0.0	0.0
GSM4138110_HNSCC_1_PBMC_ACACCGGAGTACACCT	243.93503068739025	233.00337931444776	147.02293475689706	4.208273285429166	173.61973328903238	299.2868399254045	0.0	229.49290436938657	0.0	0.0	0.0	0.0	0.0	0.0	0.0	0.0	0.0	0.0
GSM4138110_HNSCC_1_PBMC_ACTGCTCGTGGTCCGT	219.44730099657724	156.34132607441322	113.83683318913789	120.70774136236507	63.04492382565631	10.542041235980806	0.0	0.0	0.0	0.0	156.84789104975997	0.0	0.0	199.78523641808985	0.0	0.0	0.0	0.0
GSM4138110_HNSCC_1_PBMC_AGCTCTCGTTAGTGGG	228.62782256096256	0.0	102.46463699660939	238.61827729581123	0.0	259.10683255136894	0.0	0.0	0.0	240.54460267388413	0.0	166.12678050299337	0.0	0.0	0.0	0.0	0.0	0.0
GSM4138110_HNSCC_1_PBMC_ATGGGAGAGGATGCGT	189.64842783968922	2.520873746982951	95.376755614517	0.0	263.7682961597572	0.0	0.0	0.0	232.019600163555	207.965864384943	0.0	0.0	0.0	285.8468519626149	0.0	0.0	0.0	0.0
GSM4138110_HNSCC_1_PBMC_ATTATCCTCGGAAATA	282.7452039170748	108.92615525066277	100.20292468824577	0.0	208.2669097200154	0.0	0.0	0.0	200.5357527100033	91.54866560314363	0.0	146.9115189815623	0.0	0.0	0.0	0.0	0.0	0.0
GSM4138110_HNSCC_1_PBMC_CATCAGATCGCAAACT	244.21849508269239	204.9393234626458	74.20115729907418	196.27955566503505	0.0	196.56715077793382	0.0	0.2986091051456394	0.0	0.0	0.0	82.96411779820006	91.03510930130923	0.0	0.0	0.0	0.0	0.0
GSM4138110_HNSCC_1_PBMC_CGTAGCGCATGCAACT	310.36208905671305	0.0	116.78240612441151	288.8263139758468	14.024902093713585	0.0	0.0	0.0	275.59406505360613	197.18240067156873	0.0	0.0	0.0	130.73663650519427	0.0	0.0	0.0	0.0
GSM4138110_HNSCC_1_PBMC_CGTCACTTCACGAAGG	286.5291346169831	222.94118670258692	114.16230643159673	0.0	177.77508940578178	0.0	0.0	0.0	197.74369510228564	0.0	0.0	0.0	0.0	0.0	0.0	230.85354771594038	9.445859883303827	0.0
GSM4138110_HNSCC_1_PBMC_GCATACACACCAGCAC	164.62959466578212	0.0	89.43569979589309	0.0	233.1841211516384	0.0	0.0	0.0	176.01283758617984	187.4079056263822	0.0	0.0	0.0	197.01259270452678	0.0	0.0	0.0	0.0
GSM4138110_HNSCC_1_PBMC_GCGACCAGTCGATTGT	240.3125921206188	0.0	124.85616529457609	0.0	223.24078444151831	193.69422922582714	0.0	188.2926165236636	0.0	178.61428465216736	0.0	0.0	0.0	0.0	0.0	0.0	0.0	0.0
GSM4138110_HNSCC_1_PBMC_TACTTACTCGGCGCAT	60.20211927976947	0.0	46.43559964720092	0.0	28.107420114444135	0.0	74.30318573605155	76.22291008825157	0.0	76.33523522321153	21.615060961390235	0.0	0.0	0.0	0.0	0.0	7.7926508329027095	0.0
GSM4138110_HNSCC_1_PBMC_ACCGTAAGTTACGTCA	88.87987026602957	0.0	113.3657101126491	52.66896491015843	58.47654893215812	0.0	113.71421101766303	181.36778402020823	0.0	93.0116943651591	0.0	0.0	0.0	0.0	0.0	0.0	0.0	41.37894705263785
GSM4138110_HNSCC_1_PBMC_ATCCACCAGACAGACC	66.12896892579303	0.0	153.66495765844684	93.99309328464362	0.0	0.0	65.24052033485106	0.0	0.0	48.41151303390269	0.0	0.0	0.0	0.0	93.38653015725303	0.0	0.0	0.0
GSM4138110_HNSCC_1_PBMC_ATGAGGGGTATATGGA	234.10888545986916	253.712357498357	180.39032266433665	191.6652787309786	108.05530509865645	59.90830683812847	147.57019011193972	0.0	0.0	34.719991637490224	0.0	0.0	0.0	0.0	186.79897501743235	0.0	0.0	0.0
GSM4138110_HNSCC_1_PBMC_CACCAGGGTCAGAATA	87.72589020963537	77.8379722627683	61.54910753979018	223.65087372927772	0.0	238.8101212958107	0.0	84.23723911935906	0.0	53.08911835322169	0.0	0.0	0.0	0.0	25.901079075506207	0.0	0.0	0.0
GSM4138110_HNSCC_1_PBMC_CAGCAGCTCAAAGTAG	126.01015775990268	97.57528943599094	71.32277848674082	69.09343758218876	53.10673243666729	0.0	174.7641279896387	0.0	0.0	0.0	0.0	0.0	0.0	85.81149567208827	0.0	0.0	0.0	0.0
GSM4138110_HNSCC_1_PBMC_CATCCACCAGTAACGG	75.35227382997009	165.28582465803643	98.90681740519149	0.0	164.2343581958045	0.0	0.0	0.0	0.0	0.0	106.89009477693827	0.0	173.41356274120298	0.0	0.0	0.0	0.0	0.0
GSM4138110_HNSCC_1_PBMC_CCTTTCTCATCCTAGA	178.46662124546734	145.41711844488134	70.01860035989995	0.0	92.27808426247829	0.0	0.0	0.0	0.0	0.0	0.0	135.19182530986905	0.0	0.0	0.0	0.0	0.0	122.30551431710478
GSM4138110_HNSCC_1_PBMC_CGTAGGCTCTACCAGA	104.54804748255846	127.8551317479973	95.56289112215251	0.0	129.0566836641592	0.0	97.86304314324411	0.0	0.0	0.0	0.0	149.49695822107097	0.0	0.0	0.0	0.0	0.0	33.73742136146777
GSM4138110_HNSCC_1_PBMC_CTGCCTAAGGACATTA	38.97028864878715	177.66573952789759	89.11250407852734	108.38440841858669	0.0	0.0	127.00490961538057	0.0	0.0	0.0	0.0	117.71009447419497	0.0	0.0	0.0	0.0	0.0	0.0
GSM4138110_HNSCC_1_PBMC_CTTTGCGGTGGTCCGT	114.99538488690159	127.25431612616478	61.32455737629558	0.0	119.40225970322801	0.0	56.83821495580101	101.70597046020045	0.0	0.0	0.0	0.0	0.0	0.0	0.0	0.0	0.0	0.0
GSM4138110_HNSCC_1_PBMC_GAAACTCAGACAAGCC	160.2339674971397	84.13605359626759	101.2999538936604	0.0	99.96346960675763	0.0	119.36230995729063	0.0	0.0	27.622938746143294	0.0	0.0	0.0	125.24693159524067	30.531811562337637	0.0	0.0	26.72044455210836
GSM4138110_HNSCC_1_PBMC_GACCAATAGCCCGAAA	166.77712582238962	0.0	138.98969845338394	0.0	250.3523579941869	0.0	152.41136345327615	0.0	0.0	172.25672499719894	0.0	187.15049331510508	0.0	0.0	0.0	0.0	0.0	0.0
GSM4138110_HNSCC_1_PBMC_GACCAATAGGGCTCTC	227.35271666142887	0.0	84.3161499698336	0.0	134.56537489391866	0.0	28.570057115240502	121.12329767876435	0.0	183.4054922588006	0.0	0.0	0.0	0.0	0.0	0.0	0.0	110.8165330585544
GSM4138110_HNSCC_1_PBMC_GATGCTATCCTCTAGC	186.01214684591508	0.0	140.2913973446494	197.21955755795943	0.0	0.0	177.04353848019238	0.0	0.0	152.87853979738068	0.0	0.0	28.582016939126273	90.44915787116189	0.0	0.0	0.0	0.0
GSM4138110_HNSCC_1_PBMC_GCTGCGATCCCGACTT	47.08091841218172	72.09343099606103	51.931226239831794	0.0	74.2768079970191	0.0	37.49306179800803	0.0	0.0	0.0	0.0	13.931990661796263	0.0	0.0	53.983900268059344	0.0	27.81745367380699	51.05537044098192
GSM4138110_HNSCC_1_PBMC_GTTACAGCAAGTTGTC	114.76246594215664	107.14109898057787	66.86045908306549	79.77624886535983	46.05065215767227	0.0	0.0	0.0	0.0	0.0	0.0	0.0	0.0	0.0	51.488489771240125	0.0	0.0	132.70143714384702
GSM4138110_HNSCC_1_PBMC_TAGGCATTCAGCGACC	116.4037558976851	0.0	106.49063062893394	168.19052857709917	0.0	0.0	107.77907124872739	0.0	0.0	130.87330469712188	0.0	0.0	0.0	0.0	151.74184382164518	0.0	0.0	0.0
GSM4138110_HNSCC_1_PBMC_TCGTACCTCCATGAAC	56.91646130231672	0.0	74.9190824598077	0.0	92.804178543451	81.56798586573457	0.0	0.0	0.0	96.21814385095287	0.0	284.37449359728595	0.0	0.0	0.0	0.0	0.0	0.0
GSM4138110_HNSCC_1_PBMC_TGCGCAGAGAGTCGGT	193.69265134193355	0.0	71.13821734473173	14.449410107206809	66.4431803400103	0.0	70.32845163872175	120.87949080911328	0.0	115.28625816035358	0.0	0.0	0.0	0.0	0.0	0.0	0.0	66.20266574808518
GSM4138110_HNSCC_1_PBMC_TTGCCGTTCCTATTCA	126.8240019919574	0.0	71.82751572952616	169.78773732962176	0.0	0.0	0.0	0.0	0.0	99.8274710243228	0.0	171.87917543273554	0.0	0.0	0.0	0.0	0.0	323.8223585977663
GSM4138110_HNSCC_1_PBMC_TTTACTGAGTCCCACG	111.00835405021348	70.38061987727953	97.78978065787825	0.0	169.03679425628198	0.0	267.7182325161753	120.63926948731495	0.0	0.0	0.0	0.0	0.0	0.0	0.0	0.0	0.0	0.0
GSM4138110_HNSCC_1_PBMC_ACGGGTCGTCTTGATG	66.09679079067202	102.13112568425579	62.2987050293026	55.81784354577954	0.0	0.0	0.0	33.71109435731577	54.38626982007778	0.0	0.0	0.0	40.126442692461524	0.0	0.0	0.0	0.0	0.0
GSM4138110_HNSCC_1_PBMC_AGTGAGGAGGAATCGC	60.3200708035695	58.93086721864615	63.16276881704083	42.397001747198495	0.0	74.34554171906883	0.0	0.0	14.26715631141611	0.0	0.0	0.0	0.0	114.13950504669538	0.0	0.0	0.0	0.0
GSM4138110_HNSCC_1_PBMC_ATGTGTGCAAGCTGGA	152.76640968731354	0.0	90.87529996457569	0.0	145.75194112081178	17.214129948937234	4.501438269036383	0.0	6.0836022192515955	168.7214168263381	0.0	0.0	127.87290343706051	0.0	0.0	0.0	0.0	36.85747587222447
GSM4138110_HNSCC_1_PBMC_CGACCTTAGTTACGGG	150.69902933575437	170.13230038286565	111.60298516453977	19.882526133013762	102.88955969617312	53.16878440569966	0.0	39.39815987631342	0.0	0.0	0.0	79.85039554664061	30.602364741107603	0.0	0.0	0.0	0.0	0.0
GSM4138110_HNSCC_1_PBMC_GCGACCACATGCATGT	146.99253803078528	108.95915460715962	58.84777582795288	0.0	91.79873347035272	0.0	143.28924267690428	66.77338494673847	0.0	0.0	0.0	0.0	0.0	0.0	0.0	0.0	29.005765517799812	0.0
GSM4138110_HNSCC_1_PBMC_GGATTACGTGCATCTA	152.87159315756438	68.26003411038903	71.02118283803303	100.67542053980978	2.709754089485623	113.85089236689387	0.0	0.0	0.0	0.0	0.0	0.0	0.0	0.0	100.7335961307967	0.0	0.0	0.0
GSM4138110_HNSCC_1_PBMC_GTGCAGCCACCAGATT	77.5969762862826	37.606567906431934	76.81434260639006	0.0	80.44789143500525	0.0	13.126844853058822	69.85705943340862	0.0	0.0	55.97264780114268	0.0	0.0	0.0	0.0	0.0	0.0	0.0
GSM4138110_HNSCC_1_PBMC_GTGCGGTTCTATGTGG	189.89849407335066	43.30812412870985	97.24424156688463	170.92559964308205	0.0	0.0	0.0	0.0	0.0	40.61415960286926	67.06792435680312	0.0	19.48442372022617	0.0	46.471062116323594	0.0	0.0	0.0
GSM4138110_HNSCC_1_PBMC_GTTCATTTCCCTCTTT	86.67193119928722	34.752852040849724	50.70392587645181	107.09631991775113	0.0	109.08504254731886	0.0	0.0	0.0	36.588979630824504	0.0	0.0	0.0	63.30439820793974	0.0	0.0	0.0	0.0
GSM4138110_HNSCC_1_PBMC_TCATTACGTAATCACC	89.57533441368247	141.7434604278479	49.884247092189554	0.0	215.01608666590752	0.0	0.0	0.0	0.0	0.0	135.37816350949007	0.0	0.0	77.52244053182247	0.0	28.28974317581916	0.0	0.0
GSM4138110_HNSCC_1_PBMC_TTGCCGTTCAGAAATG	138.16914494228848	33.05744052475893	59.40304367762643	17.302776819061137	50.081861851528906	49.33570181054102	0.0	0.0	17.03340540407111	71.54732139164565	0.0	0.0	98.86045177409945	0.0	0.0	0.0	0.0	0.0
GSM4138110_HNSCC_1_PBMC_TTTGCGCAGTAGCGGT	216.0426905781614	104.07909062616137	75.06157479587544	169.8809255541173	0.0	185.21562329501717	0.0	0.0	0.0	0.0	0.0	0.0	0.0	0.0	0.0	0.0	257.7967384023875	0.0
GSM4138110_HNSCC_1_PBMC_TTTGGTTAGCACAGGT	118.12119638925132	64.94021310158196	67.37483334045044	141.65750920992673	0.0	0.0	36.568643106893795	0.0	0.0	0.0	0.0	0.0	0.0	125.20460677135485	0.0	0.0	0.0	57.495676396260414
