	1	2	3	4	5	6	7	8	9	10	11	12	13	14	15
GSM4138110_HNSCC_1_PBMC_AAACCTGAGGAGCGTT	0.0	78.31904581122926	0.0	0.0	0.0	113.17667347226562	0.0	0.0	0.0	0.0	90.15435339465095	0.0	0.0	0.0	0.0
GSM4138110_HNSCC_1_PBMC_AAACCTGCAGATGAGC	88.78890949793849	0.0	88.52003491357021	0.0	104.51083477990578	0.0	0.0	0.0	0.0	0.0	0.0	0.0	0.0	0.0	0.0
GSM4138110_HNSCC_1_PBMC_AACGTTGAGACTGGGT	59.335956255151075	53.44846357689853	0.0	0.0	0.0	0.0	17.414548774804953	20.233201558952675	0.0	0.0	0.4975759094350731	0.0	0.0	0.0	0.0
GSM4138110_HNSCC_1_PBMC_AACGTTGGTTACGACT	148.7087002011794	39.57416191769075	0.0	0.0	0.0	3.4804727109337312	0.0	0.0	0.0	0.0	12.853158701040902	0.0	0.0	0.0	0.0
GSM4138110_HNSCC_1_PBMC_AACGTTGTCTAAGCCA	68.77737342113289	0.0	39.710736148834684	0.0	88.42480265861009	0.0	0.0	0.0	16.09670858686973	0.0	0.0	0.0	0.0	0.0	0.0
GSM4138110_HNSCC_1_PBMC_AACTCCCCATTTCAGG	44.37521352208604	91.03479344774736	0.0	0.0	0.0	7.9763738595579605	0.0	0.0	93.80137199520173	0.0	0.0	0.0	0.0	0.0	0.0
GSM4138110_HNSCC_1_PBMC_AAGCCGCCACTTCTGC	79.52709992480781	79.8386117608679	67.03627173457227	0.0	0.0	0.0	0.0	0.0	0.0	0.0	0.0	0.0	0.0	0.0	0.0
GSM4138110_HNSCC_1_PBMC_AAGGTTCGTCTCTTAT	59.22899415943106	126.90276476207231	54.66308360019233	0.0	0.0	0.0	0.0	0.0	0.0	0.0	0.0	0.0	0.0	0.0	0.0
GSM4138110_HNSCC_1_PBMC_AAGTCTGAGTACCGGA	60.144871533535124	0.0	0.0	0.0	53.11088150741102	0.0	38.752790753119235	0.0	13.102353061767628	0.0	0.0	0.0	0.0	0.0	0.0
GSM4138110_HNSCC_1_PBMC_AAGTCTGGTTGCCTCT	92.487332491379	0.0	51.85580076689014	56.339775439501274	0.0	0.0	0.0	0.0	0.0	0.0	0.0	0.0	0.0	0.0	0.0
GSM4138110_HNSCC_1_PBMC_AAGTCTGTCCAAACTG	48.43414794717468	0.0	65.94891004602289	97.05212059791111	0.0	57.34340691239614	0.0	0.0	0.0	0.0	0.0	0.0	0.0	0.0	0.0
GSM4138110_HNSCC_1_PBMC_ACATGGTCACATGGGA	77.90170366173818	0.0	0.0	0.0	68.99992479777451	0.0	0.0	48.265779914038866	0.0	0.0	0.0	0.0	0.0	0.0	0.0
GSM4138110_HNSCC_1_PBMC_ACGAGCCAGTATCTCG	84.88953144695611	62.19393675300207	0.0	3.7119747588847525	0.0	0.0	130.815527105176	0.0	0.0	0.0	0.0	0.0	0.0	0.0	0.0
GSM4138110_HNSCC_1_PBMC_ACGAGCCCACTTAACG	153.26052497549534	103.00704007979087	0.0	0.0	37.92401258119573	0.0	0.0	0.0	0.0	0.0	0.0	151.12466294274952	0.0	11.05057283341052	0.0
GSM4138110_HNSCC_1_PBMC_ACTATCTTCTTCCTTC	84.2262794256544	0.0	122.29790353314546	12.049034559772098	62.36327595408271	27.01534764788176	0.0	0.0	0.0	0.0	0.0	0.0	0.0	0.0	0.0
GSM4138110_HNSCC_1_PBMC_AGAGCTTAGAGCTGGT	67.52053175918381	127.75763787485849	89.68809436437411	0.0	0.0	0.0	0.0	0.0	0.0	0.0	0.0	0.0	0.0	0.0	0.0
GSM4138110_HNSCC_1_PBMC_AGATTGCGTCGCCATG	58.83204021927006	0.0	85.94959068601938	75.098115442146	0.0	0.0	0.0	0.0	0.0	0.0	0.0	0.0	0.0	0.0	0.0
GSM4138110_HNSCC_1_PBMC_AGCGTATGTTATCCGA	47.04619088010371	0.0	0.0	142.70837595813828	0.0	0.0	0.0	0.0	0.0	0.0	73.05111957348281	0.0	0.0	0.0	0.0
GSM4138110_HNSCC_1_PBMC_AGGCCACAGTACTTGC	50.170880361941016	57.75787804519489	100.06945143353465	0.0	0.0	0.0	0.0	0.0	0.0	0.0	0.0	0.0	0.0	0.0	0.0
GSM4138110_HNSCC_1_PBMC_AGGCCACCACTAAGTC	0.0	0.0	0.0	227.34088843345918	0.0	155.68922794462716	63.22934512099129	0.0	0.0	0.0	0.0	0.0	57.806064859639484	0.0	0.0
GSM4138110_HNSCC_1_PBMC_AGTAGTCTCTTAGCCC	71.21360012728394	0.0	71.67267220270539	0.0	26.877779991259835	0.0	0.0	0.0	0.0	0.0	0.0	0.0	0.0	0.0	0.0
GSM4138110_HNSCC_1_PBMC_AGTGAGGGTGGCCCTA	112.65295458832829	82.76945585902475	0.0	0.0	0.0	0.0	17.256669352229405	97.21935469047811	0.0	0.0	0.0	0.0	0.0	0.0	0.0
GSM4138110_HNSCC_1_PBMC_AGTGTCATCTCGCATC	75.21700693666892	49.05044506740822	0.0	0.0	0.0	0.0	0.0	4.043187776347162	0.14820653233974626	0.0	0.0	53.39522849993527	0.0	0.0	0.0
GSM4138110_HNSCC_1_PBMC_AGTTGGTCATGGTTGT	123.33177468117499	82.4222172107694	20.848339745105278	0.0	33.89543685220223	2.710936720183094	73.12985193758323	0.0	0.0	0.0	0.0	0.0	0.0	0.0	0.0
GSM4138110_HNSCC_1_PBMC_AGTTGGTTCTTGGGTA	40.53974919050736	68.41474947633023	0.0	0.0	0.0	43.02025019325656	0.0	0.0	0.0	0.0	0.0	51.59867236636196	0.0	0.0	0.0
GSM4138110_HNSCC_1_PBMC_ATCTACTAGGGTGTGT	327.64303612392695	125.61354243075297	0.0	60.38454053011941	0.0	0.0	0.0	203.04662084457527	0.0	0.0	0.0	0.0	0.0	0.0	0.0
GSM4138110_HNSCC_1_PBMC_ATCTACTAGTACGTTC	66.33345096496451	12.500763778194777	72.34007483890414	94.84210127727494	0.0	0.0	0.0	0.0	0.0	0.0	0.0	0.0	0.0	0.0	0.0
GSM4138110_HNSCC_1_PBMC_ATGAGGGCAAGCGATG	72.0715072332663	62.95828960208462	0.0	0.0	0.0	0.0	0.0	63.15459465306725	0.0	0.0	0.0	0.0	0.0	0.0	0.0
GSM4138110_HNSCC_1_PBMC_ATGAGGGCACACAGAG	50.23655932472589	45.06112881810101	29.795144910968148	0.0	0.0	0.0	0.0	0.0	0.0	0.0	0.0	0.0	34.5538411248523	0.0	0.0
GSM4138110_HNSCC_1_PBMC_ATGCGATGTTTGACAC	97.21372450215337	78.03893912391976	0.0	0.0	0.0	0.0	0.0	0.0	0.0	40.86926135917638	0.0	0.0	0.0	0.0	0.0
GSM4138110_HNSCC_1_PBMC_ATGTGTGCATGCGCAC	75.89849423080938	43.96173851654624	0.0	0.0	0.0	0.0	0.0	0.0	0.0	51.78386094430044	0.0	0.0	0.0	0.0	0.0
GSM4138110_HNSCC_1_PBMC_ATTACTCTCATGCTCC	76.18355920501669	0.0	0.0	63.65007871741336	0.0	0.0	0.0	0.0	0.0	0.0	0.0	0.0	112.13292243936657	0.0	0.0
GSM4138110_HNSCC_1_PBMC_ATTATCCGTCACACGC	31.235938496605744	0.0	0.0	43.20361329217408	70.07086802412711	73.18405638681416	0.0	80.92630779806149	0.0	0.0	0.0	0.0	0.0	0.0	0.0
GSM4138110_HNSCC_1_PBMC_ATTGGACAGAGATGAG	41.59173784072543	0.0	90.4771740358914	0.0	87.0331193624612	0.0	0.0	0.0	0.0	3.4241484790106185	0.0	0.0	0.0	0.0	0.0
GSM4138110_HNSCC_1_PBMC_ATTGGTGCAGTGAGTG	60.538243577849926	70.53049477002675	47.48399532815802	0.0	0.0	0.0	0.0	0.0	0.0	0.0	0.0	0.0	12.518979986943517	0.0	0.0
GSM4138110_HNSCC_1_PBMC_CAACCAAGTTATCGGT	50.504150541206975	36.25041383493144	77.74646704434663	11.983252989612973	0.0	0.0	0.0	0.0	0.0	0.0	0.0	0.0	0.0	0.0	0.0
GSM4138110_HNSCC_1_PBMC_CAACCAATCCTTGACC	59.55249272094419	82.09314713210591	38.643251688345536	0.8074547905672144	0.0	0.0	0.0	0.0	0.0	0.0	0.0	0.0	0.0	0.0	0.0
GSM4138110_HNSCC_1_PBMC_CACAGTAGTCTCCATC	54.51450145803566	53.656773419350216	26.83523660221036	0.0	0.0	0.0	0.0	74.13401345607467	0.0	0.0	0.0	0.0	0.0	0.0	0.0
GSM4138110_HNSCC_1_PBMC_CACATAGCAAAGCGGT	56.93054587945335	0.0	0.0	45.39245402957929	0.0	0.0	79.22872195470306	0.0	0.0	0.0	0.0	0.0	0.0	0.0	0.0
GSM4138110_HNSCC_1_PBMC_CACATAGCACCTCGTT	0.0	87.2092863983402	61.10066300164563	0.0	0.0	96.76735502346611	0.0	0.0	0.0	0.0	0.0	0.0	0.0	0.0	0.0
GSM4138110_HNSCC_1_PBMC_CACATTTGTGCACTTA	0.0	0.0	0.0	51.13566207876596	0.0005619873378608723	66.6583714655904	57.502998603119636	0.0	0.0	18.799805527597986	0.0	0.0	0.0	0.0	0.0
GSM4138110_HNSCC_1_PBMC_CACATTTTCCCATTAT	98.29851847720371	70.63455000603653	0.0	0.0	0.0	0.0	0.0	0.0	0.0	47.07350781269676	0.0	0.0	0.0	0.0	0.0
GSM4138110_HNSCC_1_PBMC_CACATTTTCTGGTTCC	74.29594366447029	9.697381255778017	57.75094721485156	56.82589846633416	0.0	0.0	0.0	0.0	0.0	0.0	0.0	0.0	0.0	0.0	0.0
GSM4138110_HNSCC_1_PBMC_CACCAGGTCGTGGGAA	99.84354485106324	90.05082965143058	0.0	0.0	0.0	0.0	0.0	25.41607056998315	3.5087136194995487	0.0	0.0	0.0	28.883137478963476	0.0	0.0
GSM4138110_HNSCC_1_PBMC_CAGCAGCCAATGGTCT	17.99381581326987	12.73318308964365	75.84183986607471	0.0	45.00160805219468	7.2523882770881976	0.0	0.0	0.0	0.0	0.0	0.0	0.0	0.0	0.0
GSM4138110_HNSCC_1_PBMC_CAGCATAGTCCGAGTC	48.57107451151322	0.0	0.0	0.0	102.1088194675142	0.0	0.0	0.0	0.0	0.0	0.0	33.86846774011909	0.0	0.0	0.0
GSM4138110_HNSCC_1_PBMC_CAGCCGAAGCCCAACC	23.852035823784306	46.56140579919304	20.36469097577263	29.161716874786006	0.0	72.12982328968032	7.354807932303926	4.4403323881779935	0.0	0.0	12.232078827542137	0.0	0.0	0.0	0.0
GSM4138110_HNSCC_1_PBMC_CAGCCGACATCGACGC	47.92129506587736	71.94210334830288	64.33741821566996	0.0	0.0	0.0	0.0	0.0	0.0	0.0	0.0	0.0	0.0	0.0	0.0
GSM4138110_HNSCC_1_PBMC_CATATTCTCCGCGTTT	84.15011125121394	43.73420582880851	0.0	30.932356714622653	0.0	0.0	0.0	0.0	0.0	47.54995928384818	0.0	0.0	0.0	0.0	0.0
GSM4138110_HNSCC_1_PBMC_CCAATCCCATTAGCCA	85.73718520836344	0.0	0.0	101.0120681240707	0.0	0.0	0.0	70.3136975923875	0.0	0.0	0.0	14.253426551887419	0.0	0.0	0.0
GSM4138110_HNSCC_1_PBMC_CCACGGAAGATCGGGT	66.04924739930543	0.0	0.0	0.0	65.48420120201845	0.0	0.0	125.62216732176594	0.0	0.0	0.0	4.369255272849722	0.0	0.0	0.0
GSM4138110_HNSCC_1_PBMC_CCATGTCAGAGGTAGA	64.55700956564112	77.89183985413507	0.0	0.0	0.0	0.0	0.0	0.0	0.0	0.0	0.0	103.01855586925664	0.0	0.0	0.0
GSM4138110_HNSCC_1_PBMC_CCATGTCCATGCCCGA	77.6224137067718	34.218855321033914	110.93717273009827	46.32020379767838	0.0	0.0	0.0	0.0	0.0	0.0	0.0	0.0	0.0	0.0	0.0
GSM4138110_HNSCC_1_PBMC_CCGGTAGAGCTCCTCT	78.06101629462464	0.0	48.157309959330036	92.2682607890339	0.0	0.0	0.0	0.0	0.0	0.0	0.0	0.0	0.0	0.0	0.0
GSM4138110_HNSCC_1_PBMC_CCTCTGAAGGGATCTG	61.05707847587447	0.0	67.90066753073458	0.0	53.65751275511873	0.0	0.0	0.0	0.0	0.0	0.0	0.0	0.0	0.0	0.0
GSM4138110_HNSCC_1_PBMC_CGAACATGTTCGTTGA	69.95003901275216	0.0	0.0	81.89896443308878	0.0	0.0	0.0	34.83990152426539	1.5381809358294998	0.0	0.0	0.0	0.0	0.0	0.0
GSM4138110_HNSCC_1_PBMC_CGAACATTCTGTCCGT	78.12077523631238	0.0	8.677891683507623	84.45244103583745	0.0	0.0	0.0	0.0	0.0	0.0	0.0	0.0	48.21548934192052	0.0	0.0
GSM4138110_HNSCC_1_PBMC_CGAATGTAGCGTCTAT	22.78097521444924	25.077194421991933	0.0	17.713434136832262	0.0	71.65274928408911	42.80610484619448	0.0	0.0	0.0	0.0	0.0	0.0	0.0	0.0
GSM4138110_HNSCC_1_PBMC_CGGGTCAAGTCTCGGC	63.435209844387074	16.135468289894003	0.0	103.70281078282709	0.0	0.0	0.0	0.0	0.0	51.02684602174724	0.0	0.0	0.0	0.0	0.0
GSM4138110_HNSCC_1_PBMC_CGTCTACCAAGCGTAG	56.436072319388	0.0	123.57436833915999	0.0	89.22809211011119	0.0	0.0	0.0	0.0	0.0	0.0	0.0	0.0	0.0	0.0
GSM4138110_HNSCC_1_PBMC_CGTGTCTAGGTCGGAT	115.465325870088	87.23080936209215	71.6431313243212	0.0	0.0	0.0	0.0	0.0	0.0	0.0	0.0	0.0	0.0	0.0	0.0
GSM4138110_HNSCC_1_PBMC_CGTTAGACATCCAACA	9.20605403615559	123.68648060619712	0.0	0.0	0.0	30.906111766898015	24.446461784947648	0.0	5.181200321546019	0.0	0.0	0.0	0.0	0.0	0.0
GSM4138110_HNSCC_1_PBMC_CGTTGGGCATATGCTG	49.13850209717483	69.47460138383245	67.39791733323426	0.0	0.0	0.0	0.0	0.0	0.0	0.0	0.0	0.0	0.0	0.0	0.0
GSM4138110_HNSCC_1_PBMC_CTAATGGTCTCGCTTG	68.07568996926183	0.0	46.865382327858335	38.4978523765116	0.0	0.0	0.0	0.0	0.0	0.0	0.0	0.0	0.0	0.0	0.0
GSM4138110_HNSCC_1_PBMC_CTACATTTCACCAGGC	0.0	0.0	62.036050911337284	67.85196205725181	0.0	77.71863719594762	0.0	0.0	0.0	0.0	0.0	0.0	0.0	0.0	0.0
GSM4138110_HNSCC_1_PBMC_CTACGTCTCGAACGGA	0.0	0.0	0.0	69.24794669103643	0.0	79.23232119274172	22.323715466179678	0.0	0.0	0.0	0.0	0.0	0.0	0.0	0.0
GSM4138110_HNSCC_1_PBMC_CTAGAGTCACTTACGA	68.56836309670175	11.498772317639489	0.0	44.95707308716738	0.0	0.0	0.0	0.0	101.3747391109195	0.0	0.0	0.0	0.0	0.0	0.0
GSM4138110_HNSCC_1_PBMC_CTCAGAATCCGGGTGT	75.01203146523812	51.33447853604124	0.0	0.0	0.0	0.0	0.0	0.0	0.0	0.0	0.0	0.0	82.52639941338856	0.0	0.0
GSM4138110_HNSCC_1_PBMC_CTCGGGATCAATACCG	33.66497791466113	108.69870429996666	167.25290771511638	0.0	0.0	7.687843688529112	0.0	0.0	0.0	0.0	0.0	0.0	0.0	0.0	0.0
GSM4138110_HNSCC_1_PBMC_CTCGTACAGATCGGGT	191.79752776217904	23.04533206064897	0.0	174.89614112349247	0.0	0.0	212.57379499264263	0.0	0.0	0.0	0.0	0.0	0.0	0.0	0.0
GSM4138110_HNSCC_1_PBMC_CTCGTACTCTGTCCGT	46.3502587507547	107.61260678638449	38.05147589129634	0.0	0.0	40.85581769516942	0.0	0.0	0.0	0.0	43.59706776531857	0.0	0.0	0.0	0.0
GSM4138110_HNSCC_1_PBMC_CTCTGGTAGGCGTACA	0.07051584230597416	46.160543712669856	41.67740375020595	0.0	10.137745625557157	51.554892508008294	0.0	0.0	0.0	0.0	0.0	0.0	0.0	0.0	0.0
GSM4138110_HNSCC_1_PBMC_CTGAAACTCCGAGCCA	34.23993749099294	0.0	63.64392861044774	63.648590647073874	0.0	0.0	0.0	20.615494664292864	0.0	0.0	0.0	0.0	0.0	0.0	0.0
GSM4138110_HNSCC_1_PBMC_CTGAAGTAGCGATCCC	74.67838923597941	35.269134397985624	0.0	0.0	38.53726771688522	0.0	0.0	23.42310223828366	0.0	0.0	0.0	32.15930519844757	0.0	0.0	0.0
GSM4138110_HNSCC_1_PBMC_CTGATAGAGATCTGCT	65.10184252800842	53.509958963743095	62.46652401637034	0.0	0.0	0.0	0.0	0.0	0.0	0.0	0.0	0.0	0.0	0.0	0.0
GSM4138110_HNSCC_1_PBMC_CTGATAGAGCCTTGAT	15.431675714706405	0.0	0.0	46.324924456538334	37.456655640940845	70.4207039380653	19.53701495579962	0.0	0.0	33.1064253153551	18.466213544337112	0.0	0.0	0.0	0.0
GSM4138110_HNSCC_1_PBMC_CTGCCTAAGGTGCTTT	26.071802647915916	111.82244188324452	0.0	0.0	0.0	101.77228098167475	0.0	0.0	0.0	0.0	27.87643396754262	0.0	0.0	0.0	0.0
GSM4138110_HNSCC_1_PBMC_CTGCCTATCACGACTA	58.75198285890977	32.43482713874908	0.0	25.853269267976604	0.0	0.0	29.615260396544826	0.0	0.0	0.0	58.210472313350046	0.0	0.0	0.0	0.0
GSM4138110_HNSCC_1_PBMC_CTGGTCTTCGAGAACG	45.326206112681014	0.0	44.76237986601883	54.803266425421675	0.0	0.0	0.0	0.0	0.0	0.0	0.0	0.0	0.0	0.0	0.0
GSM4138110_HNSCC_1_PBMC_CTGTTTAAGTGGAGTC	59.499206331359225	0.0	0.0	0.0	85.94326473284144	0.0	0.0	30.196371512409122	0.0	0.0	0.0	0.0	0.0	0.0	0.0
GSM4138110_HNSCC_1_PBMC_GAACATCTCCCTAATT	130.94350164076332	0.0	88.01411678703326	0.0	127.93459582087907	0.0	0.0	0.0	0.0	0.0	0.0	0.0	0.0	0.0	0.0
GSM4138110_HNSCC_1_PBMC_GAACCTATCTGAGGGA	36.7906066536756	59.887268439639065	35.80987285451492	0.0	0.0	10.901693534892754	0.0	0.0	0.0	0.0	0.0	31.699626562826047	0.0	0.0	0.0
GSM4138110_HNSCC_1_PBMC_GAATGAATCAGTTAGC	75.46504865876337	32.27427166588693	60.35437865259239	0.0	0.0	0.0	0.0	0.0	0.0	0.0	0.0	0.0	0.0	0.0	0.0
GSM4138110_HNSCC_1_PBMC_GATCGATAGTACACCT	0.0	45.33221585197718	0.0	20.62943076887516	0.0	66.42985925920624	0.0	21.770092538016442	0.0	0.0	0.0	34.39076357254607	0.0	0.0	0.0
GSM4138110_HNSCC_1_PBMC_GATCGATTCAGCATGT	83.82765169849706	121.15241588223608	88.49530112348756	0.0	0.0	0.0	0.0	0.0	0.0	0.0	0.0	0.0	0.0	0.0	0.0
GSM4138110_HNSCC_1_PBMC_GATGAAATCCAAGCCG	101.51111641293701	48.25650185055666	0.0	0.0	0.0	0.0	74.9575366006369	0.0	0.0	0.0	0.0	0.0	0.0	0.0	0.0
GSM4138110_HNSCC_1_PBMC_GCACATAAGGTGTGGT	71.76328441091955	0.0	54.60634697337608	83.4890549176731	0.0	0.0	0.0	0.0	0.0	0.0	0.0	0.0	0.0	0.0	0.0
GSM4138110_HNSCC_1_PBMC_GCACTCTGTACAGTGG	45.840051829742805	59.27824848934646	0.0	0.0	0.0	0.0	135.9636576665659	0.0	36.22370060693064	0.0	0.0	0.0	0.0	0.0	0.0
GSM4138110_HNSCC_1_PBMC_GCCTCTAAGTTAAGTG	45.057845444358705	28.113630685242967	28.1850859098544	0.0	25.3170696483103	0.0	0.0	10.49070098303328	14.623474715508227	0.0	0.0	0.0	0.0	0.0	0.0
GSM4138110_HNSCC_1_PBMC_GCCTCTAGTTGAACTC	57.99193256109713	0.0	7.47369359612616	0.0	64.24661192494226	0.0	12.963389488839924	0.0	0.0	0.0	34.66358403622868	0.31212133623028754	0.0	0.0	0.0
GSM4138110_HNSCC_1_PBMC_GCGAGAAAGTGACATA	62.43580550186344	161.00361530748447	0.0	0.0	0.0	0.0	80.44144396890043	0.0	0.0	0.0	0.0	0.0	0.0	0.0	0.0
GSM4138110_HNSCC_1_PBMC_GCTGCAGGTCCTCTTG	16.182763738902015	73.52799352912596	0.0	0.0	0.0	55.76287705957975	0.0	0.0	0.0	75.08771813028903	0.0	0.0	0.0	0.0	0.0
GSM4138110_HNSCC_1_PBMC_GGAAAGCAGTCAATAG	67.21338882980929	22.58503292094232	0.0	0.0	70.9807969299396	0.0	89.5727647449916	0.0	0.0	0.0	0.0	0.0	0.0	0.0	0.0
GSM4138110_HNSCC_1_PBMC_GGAACTTGTTTACTCT	44.18670051741986	0.0	0.0	68.99959351098623	0.0	0.0	0.0	45.82786735010472	0.0	0.0	0.0	0.0	0.0	0.0	0.0
GSM4138110_HNSCC_1_PBMC_GGCAATTGTCCTCTTG	108.95592313851824	21.183231796487547	54.17256793446594	0.0	0.0	0.0	0.0	0.0	0.0	0.0	0.0	0.0	0.0	0.0	0.0
GSM4138110_HNSCC_1_PBMC_GGGACCTAGGCCCTTG	79.028201297512	47.96441683242839	0.0	0.0	0.0	0.0	0.0	22.408558134945277	0.0	0.0	0.0	0.0	0.0	27.963941536561	0.0
GSM4138110_HNSCC_1_PBMC_GGGACCTTCGTCCAGG	45.8457592453777	0.0	78.32423592076002	0.0	51.61073153948123	0.0	0.0	0.0	0.0	0.0	0.0	0.0	0.0	0.0	0.0
GSM4138110_HNSCC_1_PBMC_GGGATGACAATGGTCT	37.117053138310915	0.0	3.829882844335297	18.548906873586624	68.87918674648523	0.0	0.0	0.0	0.0	39.16503534213899	0.0	0.0	0.0	25.221136374461707	0.0
GSM4138110_HNSCC_1_PBMC_GGGCACTGTCTAGGTT	85.5038073777726	107.13150770033859	84.44175493331295	0.0	0.0	0.0	0.0	0.0	0.0	0.0	0.0	0.0	0.0	0.0	0.0
GSM4138110_HNSCC_1_PBMC_GGTATTGTCCTTCAAT	65.56926162103574	85.62468502261001	0.0	0.0	0.0	0.0	0.0	41.520070307678786	0.0	0.0	0.0	0.0	4.854485364741272	0.0	0.0
GSM4138110_HNSCC_1_PBMC_GGTGTTACAATCCAAC	73.43571983064906	53.714775409577605	42.30069189182422	8.376993395143767	4.2671935940977335	0.0	0.0	0.0	0.0	0.0	0.0	0.0	0.0	0.0	0.0
GSM4138110_HNSCC_1_PBMC_GGTGTTACAGCCACCA	0.0	71.63732620896641	51.362995105451006	0.0	0.0	52.25405708990306	19.31897853445888	0.0	0.0	0.0	0.0	0.0	0.0	0.0	0.0
GSM4138110_HNSCC_1_PBMC_GTAACGTTCGTATCAG	107.14766766879595	0.0	135.80000358315974	106.79452860036817	0.0	0.0	0.0	0.0	0.0	0.0	0.0	0.0	0.0	0.0	0.0
GSM4138110_HNSCC_1_PBMC_GTATTCTTCTTCCTTC	70.50136927776919	34.35327797258811	67.57790276675887	42.35082785471536	0.0	0.0	0.0	0.0	0.0	0.0	0.0	0.0	0.0	0.0	0.0
GSM4138110_HNSCC_1_PBMC_GTCAAGTGTGGGTATG	69.40109860153594	88.43144732657538	0.0	0.0	0.0	0.0	0.0	51.85723925109357	0.0	0.0	0.0	0.0	0.0	0.0	0.0
GSM4138110_HNSCC_1_PBMC_GTCACGGGTGCAACGA	143.36574220768662	584.4489279805061	0.0	0.0	106.51260934889696	0.0	0.0	0.0	0.0	0.0	0.0	0.0	157.05196727140094	0.0	0.0
GSM4138110_HNSCC_1_PBMC_GTGCGGTCAAGGTGTG	65.85977513959385	26.05437130306427	78.51064856792556	0.0	80.75368618597763	0.0	0.0	0.0	0.0	0.0	0.0	0.0	0.0	0.0	0.0
GSM4138110_HNSCC_1_PBMC_GTGTGCGAGGAGCGAG	33.406700196844795	48.63498147839577	140.31106755718213	0.0	2.1840333697700443	0.0	0.0	0.0	0.0	0.0	0.0	0.0	0.0	0.0	0.0
GSM4138110_HNSCC_1_PBMC_GTGTGCGCAAGTCATC	75.90551232690275	0.0	0.0	0.0	118.75277343913886	0.0	0.0	55.98458487309339	0.0	0.0	0.0	0.0	0.0	0.0	0.0
GSM4138110_HNSCC_1_PBMC_TAAACCGTCATCTGTT	55.45262491768423	71.43922645760632	56.96764576809998	20.06819337305551	0.0	0.0	0.0	0.0	0.0	0.0	0.0	0.0	0.0	0.0	0.0
GSM4138110_HNSCC_1_PBMC_TAAGCGTCAATGGATA	0.0	60.97243692506312	0.0	10.923104338738074	0.0	69.26247773949962	0.0	6.8983960549152625	0.0	0.0	52.9382175320312	0.0	23.841750038061296	0.0	0.0
GSM4138110_HNSCC_1_PBMC_TACACGATCCTGCCAT	82.29060327587838	21.202069569442227	87.66452483740404	83.33778254551821	0.0	0.0	0.0	0.0	0.0	0.0	0.0	0.0	0.0	0.0	0.0
GSM4138110_HNSCC_1_PBMC_TACCTTAAGGCTAGAC	11.81957327172799	74.14717567837825	62.697731100885214	0.0	0.0	73.62255657848114	0.0	0.0	0.0	0.0	0.0	0.0	0.0	0.0	0.0
GSM4138110_HNSCC_1_PBMC_TACGGATCAGGGTATG	67.93407302543196	0.0	68.54117349752542	79.49391932812472	0.0	0.0	0.0	0.0	0.0	0.0	0.0	0.0	0.0	0.0	0.0
GSM4138110_HNSCC_1_PBMC_TAGAGCTCAGATGGCA	58.38901806330267	0.0	8.407443715629922	55.15097236107127	19.49802244753514	0.0	26.17658172745175	0.0	0.0	0.0	0.0	0.0	16.431675625320416	0.0	0.08597824789154374
GSM4138110_HNSCC_1_PBMC_TAGCCGGAGAAGGCCT	52.29408289052488	0.0	0.0	83.65510459139868	0.0	0.0	68.62273661558851	0.0	0.0	0.0	0.0	0.0	0.0	0.0	0.0
GSM4138110_HNSCC_1_PBMC_TATCTCAAGGTGCACA	56.63901400112689	0.0	0.0	45.167768498699296	0.0	22.457958898575722	33.66138353064497	0.0	0.0	0.0	0.0	0.0	0.0	0.0	0.0
GSM4138110_HNSCC_1_PBMC_TCACAAGGTTCATGGT	0.0	52.150833775954816	68.9132852287839	0.0	0.0	37.166013421824594	0.0	0.0	0.0	0.0	0.0	0.0	0.0	0.0	0.0
GSM4138110_HNSCC_1_PBMC_TCACAAGTCTTGACGA	0.0	214.18760084232645	0.0	0.0	0.0	572.2627070193641	0.0	0.0	0.0	0.0	0.0	0.0	229.25752154576435	0.0	0.0
GSM4138110_HNSCC_1_PBMC_TCGAGGCTCGGAAATA	66.12953545966181	91.00405932486264	88.71353770981779	5.740597265682361	0.0	0.0	0.0	0.0	0.0	0.0	0.0	0.0	0.0	0.0	0.0
GSM4138110_HNSCC_1_PBMC_TCTATTGGTTTAGGAA	73.86138692480849	71.79144733151439	56.201585087891694	0.0	0.0	0.0	0.0	0.0	0.0	0.0	0.0	0.0	0.0	0.0	0.0
GSM4138110_HNSCC_1_PBMC_TCTATTGTCATCTGCC	51.87344196602086	0.0	28.560861179047766	27.246599970690248	0.0	0.0	0.0	0.0	0.0	0.0	0.0	0.0	0.0	0.0	0.0
GSM4138110_HNSCC_1_PBMC_TCTTCGGCACCCTATC	0.0	101.01735225354429	0.0	0.0	0.0	79.19205816119948	60.37068318249869	0.0	0.0	0.0	0.0	0.0	0.0	0.0	0.0
GSM4138110_HNSCC_1_PBMC_TGGGCGTTCACAGGCC	279.76145407999707	519.0411606093907	0.0	0.0	26.37867546549239	0.0	0.0	0.0	0.0	0.0	0.0	0.0	209.70994528210525	0.0	0.0
GSM4138110_HNSCC_1_PBMC_TGTGTTTGTTAAAGAC	117.8047608457512	75.7367654230898	7.375698347147782	67.88526103287776	0.0	0.0	98.50542800395407	0.0	0.0	0.0	10.338448459245017	0.0	0.9720430074163128	0.0	0.0
GSM4138110_HNSCC_1_PBMC_TGTTCCGCACGGCGTT	329.5436845683916	0.0	0.0	0.0	179.1735973156575	0.0	0.0	0.0	0.0	0.0	0.0	0.0	0.0	220.2611817490336	0.0
GSM4138110_HNSCC_1_PBMC_TTAGGCAAGGCTAGCA	86.1899209050908	0.0	0.0	75.72771847518696	0.0	0.0	55.57039652041452	0.0	0.0	0.0	0.0	0.0	0.0	0.0	0.0
GSM4138110_HNSCC_1_PBMC_TTCCCAGCACATGGGA	74.89726062282007	0.0	0.0	0.0	72.7986780671764	49.85273668093291	0.0	0.0	0.0	0.0	0.0	0.0	44.97823804275173	0.0	0.0
GSM4138110_HNSCC_1_PBMC_TTCGGTCAGACCCACC	0.0	12.095132242046418	66.17273368292685	0.0	35.16793317917313	40.934208378539765	0.0	0.0	0.0	0.0	0.0	0.0	0.0	0.0	0.0
GSM4138110_HNSCC_1_PBMC_TTCTCCTTCCTCAATT	105.79195283542218	89.27786503752871	41.925524403203966	0.0	0.0	0.0	0.0	0.0	0.0	0.0	0.0	0.0	0.0	0.0	0.0
GSM4138110_HNSCC_1_PBMC_TTGAACGGTCGAAAGC	54.472677536230485	59.858061381172746	56.11979547043418	0.0	0.0	0.0	0.0	0.0	0.0	0.0	0.0	0.0	0.0	0.0	0.0
GSM4138110_HNSCC_1_PBMC_TTGCCGTAGTCAAGCG	69.9085974397002	0.0	12.979468868689779	0.0	70.52032963278386	0.0	0.0	80.52297416003327	0.0	0.0	0.0	0.0	0.0	0.0	0.0
GSM4138110_HNSCC_1_PBMC_TTGCGTCTCAAGGCTT	0.0	89.91684798948211	0.0	0.0	0.0	94.57698051720624	0.0	0.0	0.0	59.12007100800959	0.0	0.0	0.0	0.0	0.0
GSM4138110_HNSCC_1_PBMC_TTTATGCGTGCATCTA	53.54149866115148	68.80774482786045	0.0	0.0	0.0	0.0	6.013050814270843	0.0	0.0	0.0	30.83389565921215	0.0	0.0	0.0	0.0
GSM4138110_HNSCC_1_PBMC_TTTGCGCTCTTGTACT	78.68383762217329	0.0	0.0	38.16135525353869	0.0	0.0	83.36624392137196	0.0	0.0	0.0	0.0	0.0	0.0	0.0	0.0
GSM4138110_HNSCC_1_PBMC_TTTGGTTCACTTCTGC	0.0	105.48293133829435	4.607039959310819	40.47147486055596	0.0	108.51079359862922	75.27550349365313	0.0	0.0	0.0	0.0	0.0	0.0	0.0	0.0
GSM4138110_HNSCC_1_PBMC_CTACACCAGTTGTAGA	125.32611681474617	107.76709216043564	0.0	0.0	0.0	0.0	0.0	0.0	0.0	153.0918374013872	0.0	0.0	0.0	0.0	0.0
GSM4138110_HNSCC_1_PBMC_AACTGGTGTCAGAATA	35.38969575412123	41.673006447500825	52.98161281306956	0.0	39.60398935774629	0.0	0.0	0.0	0.0	0.0	0.0	0.0	0.0	0.0	0.0
GSM4138110_HNSCC_1_PBMC_AAACGGGTCCTCAACC	42.22031853646442	22.37408011203577	0.0	40.971268244518114	0.0	32.28205033089565	0.0	49.21711316418153	0.0	0.0	0.0	0.0	0.0	0.0	0.0
GSM4138110_HNSCC_1_PBMC_AAGGCAGAGGCGTACA	101.33904767605472	79.00969786374404	56.923646496953914	0.0	0.0	0.0	0.0	0.0	0.0	0.0	0.0	0.0	0.0	0.0	0.0
GSM4138110_HNSCC_1_PBMC_ACATGGTCAATGGAGC	30.508917277286066	0.0	55.31735433492147	101.46408327085402	0.0	36.21620999940304	0.0	0.0	0.0	0.0	0.0	0.0	0.0	0.0	0.0
GSM4138110_HNSCC_1_PBMC_ACGATGTGTTATCACG	13.435729954698623	53.303283977866435	40.70687080350176	0.0	0.0	73.31406252468909	9.080032535892277	0.0	0.0	0.0	0.0	0.0	0.0	0.0	0.0
GSM4138110_HNSCC_1_PBMC_ACGGCCATCTCCCTGA	123.33372121404797	90.260280620592	100.73308012662956	0.0	0.0	0.0	0.0	0.0	0.0	0.0	0.0	0.0	0.0	0.0	0.0
GSM4138110_HNSCC_1_PBMC_AGCTCTCTCATTGCCC	103.42641196152243	130.56187067332192	101.62288941037716	0.0	0.0	0.0	0.0	0.0	0.0	0.0	0.0	0.0	0.0	0.0	0.0
GSM4138110_HNSCC_1_PBMC_AGGTCATTCTCTAGGA	67.63505852549201	84.99448900472856	0.0	0.0	0.0	0.0	66.26466075155427	0.0	0.0	0.0	0.0	0.0	0.0	0.0	0.0
GSM4138110_HNSCC_1_PBMC_ATAGACCTCTGGTGTA	60.097886853491815	58.01331982836403	0.0	0.0	0.0	0.0	121.47262102284182	0.0	0.0	0.0	0.0	0.0	0.0	0.0	0.0
GSM4138110_HNSCC_1_PBMC_ATAGACCTCTTCCTTC	62.86884165949966	0.0	0.0	0.0	39.18702919856681	0.0	0.0	0.0	0.0	0.0	0.0	0.0	37.67853927185845	0.0	0.0
GSM4138110_HNSCC_1_PBMC_ATCTACTCACTGTGTA	45.08782697683594	49.895283138376264	84.03215193003402	0.0	31.634930329726913	0.0	0.0	0.0	0.0	0.0	0.0	0.0	0.0	0.0	0.0
GSM4138110_HNSCC_1_PBMC_ATCTGCCAGGAATCGC	53.884312762698336	0.0	0.0	0.0	84.55433510597726	0.0	63.57390654755586	0.0	0.0	0.0	0.0	0.0	0.0	0.0	0.0
GSM4138110_HNSCC_1_PBMC_ATGGGAGCATGGGAAC	118.16810305550973	0.0	0.0	0.0	260.56610739462815	0.0	0.0	0.0	0.0	0.0	0.0	0.0	148.18353878761792	0.0	0.0
GSM4138110_HNSCC_1_PBMC_ATGTGTGGTAGCTGCC	32.5199541741684	16.073241212982545	0.0	9.909126595571832	0.0	14.75467860373232	0.0	126.24731181167975	0.0	0.0	0.0	0.0	0.0	0.0	0.0
GSM4138110_HNSCC_1_PBMC_CACAAACCATCCCACT	97.79962226056956	55.275352174081114	0.0	16.611903438390232	0.0	0.0	0.0	0.0	63.05047332515296	0.0	0.0	0.0	0.0	0.0	0.0
GSM4138110_HNSCC_1_PBMC_CACCACTAGTTACCCA	108.00086982158733	83.43925740068751	0.0	0.0	0.0	0.0	0.0	62.304706241547834	0.0	0.0	0.0	12.17320268514732	0.0	0.0	0.0
GSM4138110_HNSCC_1_PBMC_CATGCCTTCAGCTCTC	72.5932031498903	0.0	64.96047366053965	99.12543643343881	7.11058246433085	0.0	15.846428418581011	0.0	0.0	0.0	0.0	0.0	0.0	0.0	0.0
GSM4138110_HNSCC_1_PBMC_CATGGCGCATGTTCCC	76.72701964620884	54.536506822926476	0.0	0.0	0.0	0.0	0.0	0.0	0.0	0.0	117.48987101759644	0.0	0.0	0.0	0.0
GSM4138110_HNSCC_1_PBMC_CCACCTAGTAGTACCT	14.958631502623684	116.34685809847761	0.0	0.0	0.0	55.07365808964611	47.56094641796672	0.0	0.0	0.0	0.0	0.0	0.0	0.0	0.0
GSM4138110_HNSCC_1_PBMC_CCGTTCAGTATATCCG	76.21702798930538	0.0	89.628958820188	70.11360883881754	0.0	0.0	0.0	0.0	0.0	0.0	0.0	0.0	0.0	0.0	0.0
GSM4138110_HNSCC_1_PBMC_CCTACACGTCCGAAGA	0.0	77.76160756245608	0.0	0.0	0.0	56.38551054653834	0.0	33.92952226132751	8.798448237899132	0.0	0.0	0.0	0.0	0.0	0.0
GSM4138110_HNSCC_1_PBMC_CCTCTGAGTCGCGAAA	105.02734930214646	86.24359277628093	0.0	21.198115661908165	0.0	0.0	96.51497110297105	0.0	0.0	0.0	0.0	0.0	0.0	0.0	0.0
GSM4138110_HNSCC_1_PBMC_CGCTGGAAGGCATGTG	87.93319536012955	67.58907614578212	82.75593778987398	0.0	0.0	0.0	0.0	0.0	0.0	0.0	0.0	0.0	0.0	0.0	0.0
GSM4138110_HNSCC_1_PBMC_CGGAGTCTCACAATGC	15.644322347224955	47.15070534145498	0.0	0.0	36.90920319573304	0.0	0.0	0.0	73.09424796304678	0.0	0.0	0.0	0.0	0.0	0.0
GSM4138110_HNSCC_1_PBMC_CGGCTAGAGCTACCGC	80.21497984045139	49.934246440647904	0.0	4.565555803318444	8.228208210871001	0.0	91.30285355929296	0.0	0.0	0.0	0.0	0.0	0.0	0.0	0.0
GSM4138110_HNSCC_1_PBMC_CGTTGGGCAAGCCGCT	0.0	0.0	0.0	36.6322306153173	21.937210116839257	65.9758495959566	50.85303358787727	0.0	0.0	0.0	0.0	0.0	0.0	0.0	0.0
GSM4138110_HNSCC_1_PBMC_CTCAGAAGTCCGACGT	51.37259959187061	0.0	0.0	0.0	75.64813748926808	0.0	0.0	0.0	70.2312111100926	0.0	0.0	0.0	0.0	0.0	0.0
GSM4138110_HNSCC_1_PBMC_CTCGTACCACGCGAAA	35.48685368557583	0.0	32.23678332352724	62.54590031284435	0.0	52.11992183401314	0.0	15.981310319075133	0.0	0.0	0.0	0.0	0.0	0.0	0.0
GSM4138110_HNSCC_1_PBMC_GAAATGAAGAGCCTAG	163.4531630031382	126.40404141698632	0.0	0.0	0.0	0.0	0.0	0.0	0.0	79.28671324938774	0.0	0.0	0.0	0.0	0.0
GSM4138110_HNSCC_1_PBMC_GACGTTATCTAACCGA	66.02404508090795	33.47552490716552	58.383440699596335	0.0	39.938061617317736	0.0	0.0	0.0	0.0	0.0	0.0	0.0	0.0	0.0	0.0
GSM4138110_HNSCC_1_PBMC_GACTGCGTCGGCATCG	106.1179187022949	0.0	73.43158553760692	59.69611845213374	0.0	0.0	0.0	0.0	0.0	0.0	0.0	0.0	0.0	0.0	0.0
GSM4138110_HNSCC_1_PBMC_GATGAGGAGGCTAGCA	30.11556365372525	0.0	0.0	57.61285069951326	0.0	26.202186676683176	0.0	0.0	0.0	0.0	0.0	79.46069053081776	0.0	0.0	0.0
GSM4138110_HNSCC_1_PBMC_GATTCAGCACCACGTG	87.02395870911916	0.0	0.0	31.724245844411694	0.0	0.0	0.0	70.55153482860936	0.0	0.0	0.0	0.0	0.0	0.0	0.0
GSM4138110_HNSCC_1_PBMC_GCAATCAGTAGCTCCG	34.5916620674866	18.402198982272147	56.56650445997081	12.742983041360208	19.807849633750674	0.0	0.0	0.0	0.0	0.0	0.0	0.0	0.0	0.0	0.0
GSM4138110_HNSCC_1_PBMC_GCGACCAGTAGCCTAT	172.14053908801534	94.28127175173114	0.0	0.0	0.0	0.0	0.0	0.0	0.0	0.0	0.0	51.858516700223774	0.0	0.0	0.0
GSM4138110_HNSCC_1_PBMC_GCTTCCATCTCATTCA	51.09693560413478	0.0	62.87989404314178	98.9900829179291	0.0	0.0	0.0	0.0	0.0	0.0	0.0	0.0	0.0	0.0	0.0
GSM4138110_HNSCC_1_PBMC_GCTTGAAAGACCTTTG	3.110924580879679	47.52526024045243	0.0	0.0	0.0	61.80671784121265	52.981556302468135	0.0	0.0	0.0	0.0	0.0	0.0	0.0	0.0
GSM4138110_HNSCC_1_PBMC_GGACAAGGTAATTGGA	0.0	54.60193765497026	0.0	0.0	0.0	139.51009918762617	0.0	0.0	22.50495593832062	0.0	0.0	0.0	43.691083912833435	0.0	0.0
GSM4138110_HNSCC_1_PBMC_GGCGTGTAGCACGCCT	38.96269304704411	33.34231931885574	43.77496676226194	23.099853318713745	0.0	3.6916004992632314	0.0	0.0	0.0	0.0	0.0	0.0	0.0	0.0	0.0
GSM4138110_HNSCC_1_PBMC_GGCGTGTAGCGTTTAC	67.8234883725424	46.33455592226359	35.050780575714946	0.0	0.0	0.0	0.0	0.0	0.0	0.0	0.0	0.0	0.0	0.0	0.0
GSM4138110_HNSCC_1_PBMC_GGCTGGTCAATGGACG	116.45937903036149	55.90606205202465	0.0	0.0	0.0	0.0	0.0	0.0	125.4818309486978	0.0	0.0	0.0	0.0	0.0	0.0
GSM4138110_HNSCC_1_PBMC_GGGAATGTCAGCTGGC	65.58335077007041	93.40374694004946	0.0	0.0	15.276910287732168	0.0	81.9722706331856	0.0	0.0	0.0	0.0	0.0	0.0	0.0	0.0
GSM4138110_HNSCC_1_PBMC_GGGTTGCAGATCGGGT	40.31784546685853	81.42634954494633	58.48431745584947	0.0	0.0	0.0	0.0	0.0	0.0	0.0	0.0	0.0	0.0	0.0	0.0
GSM4138110_HNSCC_1_PBMC_GGTATTGCACATTAGC	42.61116470142508	0.0	64.64996430453645	0.0	24.806156600751738	0.0	0.0	0.0	0.0	0.0	0.0	0.0	0.0	0.0	0.0
GSM4138110_HNSCC_1_PBMC_GGTGTTAGTGTGACCC	51.62671430383719	17.90850672346544	77.00878602227932	31.562133036106772	0.0	0.0	0.0	0.0	0.0	0.0	0.0	0.0	0.0	0.0	0.0
GSM4138110_HNSCC_1_PBMC_GTCACAAGTATCACCA	13.961212851810478	87.26637011911161	73.44345168890827	0.0	0.0	41.19981690122231	0.0	0.0	0.0	0.0	0.0	0.0	0.0	0.0	0.0
GSM4138110_HNSCC_1_PBMC_GTCACAATCGCAAGCC	41.08284412964469	0.0	77.48382802623767	0.0	57.037998594666604	0.0	0.0	0.0	0.0	0.0	0.0	0.0	0.0	0.0	0.0
GSM4138110_HNSCC_1_PBMC_GTCACGGCAAGCTGGA	43.71337894817375	0.0	0.0	42.082463229790086	0.0	0.0	0.0	1.6843873333254926	128.7858372909937	0.0	0.0	0.0	19.732098286197918	0.0	0.0
GSM4138110_HNSCC_1_PBMC_GTCGTAAAGGCATGTG	156.56663625777236	39.832455082608114	89.93159277653757	0.0	158.67796852157602	0.0	0.0	0.0	0.0	0.0	0.0	0.0	0.0	0.0	0.0
GSM4138110_HNSCC_1_PBMC_GTCGTAATCTTGCAAG	44.2661578173772	55.04348187329261	0.0	0.0	0.0	0.0	0.0	0.0	54.03531352063234	0.0	0.0	0.0	0.0	0.0	0.0
GSM4138110_HNSCC_1_PBMC_GTCTCGTCATGCGCAC	29.950343282829472	68.12347548339656	43.43102380993777	3.4424083744067135	0.0	6.922237117254812	0.0	0.0	0.0	0.0	0.0	0.0	37.325894490721424	0.0	0.0
GSM4138110_HNSCC_1_PBMC_GTGAAGGCACATTTCT	62.94946439886428	0.0	67.92155421942157	115.15402125800794	0.0	0.0	0.0	0.0	0.0	0.0	0.0	0.0	0.0	0.0	0.0
GSM4138110_HNSCC_1_PBMC_GTGCAGCAGACCGGAT	109.11843647419497	0.0	10.144401295664249	22.47143138826149	71.27483884195425	0.0	92.62384052784188	0.0	0.0	0.0	0.0	0.0	0.0	0.0	0.0
GSM4138110_HNSCC_1_PBMC_GTTAAGCTCATACGGT	69.10679035995966	0.0	66.0079427990783	44.88438386154738	0.0	4.519574069425561	0.0	0.0	0.0	0.0	0.0	0.0	0.0	0.0	0.0
GSM4138110_HNSCC_1_PBMC_TAAACCGAGGGTCGAT	54.42801113697792	74.0299417874106	65.74911510334948	0.0	0.0	0.0	0.0	0.0	0.0	0.0	0.0	0.0	0.0	0.0	0.0
GSM4138110_HNSCC_1_PBMC_TACCTTAAGGCTCTTA	107.91782997776416	20.168363929046905	0.0	71.39130614672975	0.0	0.0	59.05670375949331	0.0	0.0	0.0	0.0	0.0	0.0	0.0	0.0
GSM4138110_HNSCC_1_PBMC_TAGAGCTTCGTTGCCT	130.03473843012776	56.68055611567427	0.0	84.83940231687295	0.0	0.0	90.24287701575841	0.0	0.0	0.0	0.0	0.0	0.0	0.0	0.0
GSM4138110_HNSCC_1_PBMC_TAGGCATTCCCAGGTG	0.0	35.0043675153719	0.0	4.73067414689096	0.0	52.59196325280478	74.44158787286207	0.0	0.0	0.0	25.819727112026428	0.0	0.0	0.0	0.0
GSM4138110_HNSCC_1_PBMC_TCACAAGCACATCCGG	55.84723244135025	0.0	88.2835298020067	50.97838256034914	0.0	0.0	0.0	0.0	0.0	0.0	0.0	0.0	0.0	0.0	0.0
GSM4138110_HNSCC_1_PBMC_TCAGCTCCATGACGGA	101.47589346986535	0.0	37.26478512037857	35.23616823261518	0.0	0.0	0.0	0.0	0.0	0.0	0.0	0.0	0.0	0.0	0.0
GSM4138110_HNSCC_1_PBMC_TCGAGGCTCCAGGGCT	73.0170725312095	0.0	0.0	59.205630991945206	0.0	0.0	44.61037351485896	0.0	0.0	0.0	0.0	0.0	0.0	0.0	0.0
GSM4138110_HNSCC_1_PBMC_TCTATTGCAGTCAGCC	95.87369450247125	64.23154993339524	0.0	0.0	0.0	0.0	73.14644184560218	0.0	0.0	0.0	0.0	0.0	0.0	0.0	0.0
GSM4138110_HNSCC_1_PBMC_TCTCTAAGTGGTAACG	101.32709528365199	0.0	20.297354390504864	103.42231187358537	0.0	0.0	121.30318133859167	0.0	0.0	0.0	0.0	0.0	0.0	0.0	0.0
GSM4138110_HNSCC_1_PBMC_TCTGAGATCTAGCACA	84.69862982972137	47.34205319639343	11.061712743022076	0.0	0.0	0.0	46.52760184668999	0.0	0.0	0.0	0.0	0.0	0.0	0.0	0.0
GSM4138110_HNSCC_1_PBMC_TCTTTCCCACTGAAGG	95.60517847573743	58.86309845069016	0.0	54.610155207790804	0.0	0.0	0.0	0.0	0.0	0.0	0.0	0.0	76.79175862739957	0.0	48.438598180709725
GSM4138110_HNSCC_1_PBMC_TGACAACGTCATCCCT	73.89387676547366	116.61455751673083	25.793603951735793	0.0	0.0	0.0	0.0	76.54090193146516	0.0	0.0	0.0	0.0	0.0	0.0	0.0
GSM4138110_HNSCC_1_PBMC_TGAGCCGAGATGAGAG	72.71671841666837	58.57256491716689	5.129040288370316	0.0	0.0	0.0	67.36936726458845	0.0	0.0	0.0	0.0	0.0	0.0	0.0	0.0
GSM4138110_HNSCC_1_PBMC_TGCGGGTTCTGATTCT	62.67668157560545	14.615634722990398	0.0	51.46320009130799	0.0	0.0	35.18578211596153	0.0	0.0	0.0	0.0	0.0	0.0	0.0	0.0
GSM4138110_HNSCC_1_PBMC_TGGCTGGGTTCCAACA	12.236964989351346	88.67887870535375	79.94640265151497	0.0	0.0	61.10402898692332	0.0	0.0	0.0	0.0	0.0	0.0	0.0	0.0	0.0
GSM4138110_HNSCC_1_PBMC_TGTATTCGTGGCTCCA	88.03312159164516	51.506688314681604	0.0	31.86448839035018	0.0	0.0	28.304861082740207	0.0	0.0	141.3121639378092	0.0	0.0	0.0	0.0	0.0
GSM4138110_HNSCC_1_PBMC_TGTGGTAAGTATGACA	66.85800880144254	0.0	74.58946694121597	0.0	65.55105026916327	0.0	0.0	0.0	0.0	0.0	0.0	0.0	0.0	0.0	0.0
GSM4138110_HNSCC_1_PBMC_TTCCCAGGTCACTGGC	56.103772843783865	0.0	0.0	38.143462063078054	0.0	0.0	1.7981746671185888	8.00505525420906	0.0	49.64588749435107	3.5629724438622525	0.0	0.0	0.0	0.0
GSM4138110_HNSCC_1_PBMC_TTCGGTCCACCTCGGA	66.70665493403273	68.43371869276386	0.0	0.0	0.0	0.0	47.30168393251552	0.0	0.0	0.0	0.0	0.0	0.0	0.0	0.0
GSM4138110_HNSCC_1_PBMC_TTCTACATCCTTCAAT	14.242482140624213	0.0	70.34041156114267	63.875294507630656	0.0	38.65919094323792	0.0	0.0	0.0	0.0	0.0	0.0	0.0	0.0	0.0
GSM4138110_HNSCC_1_PBMC_AAAGTAGTCGGCATCG	228.84876881444748	68.53921872663369	248.11069575981853	172.5681686796012	0.0	0.0	0.0	0.0	0.0	0.0	0.0	0.0	0.0	0.0	0.0
GSM4138110_HNSCC_1_PBMC_ACACTGATCGTACCGG	176.20969475539368	107.84045091821028	127.6338491015734	0.0	0.0	0.0	0.0	0.0	0.0	0.0	0.0	0.0	0.0	0.0	0.0
GSM4138110_HNSCC_1_PBMC_ACAGCTATCAGCACAT	189.68065154744278	0.0	237.87713621456996	178.08896187714797	0.0	0.0	0.0	0.0	0.0	0.0	0.0	0.0	0.0	0.0	0.0
GSM4138110_HNSCC_1_PBMC_ACTGAACGTTATTCTC	181.20689432860462	129.78079710404648	0.0	27.671256299628848	0.0	0.0	178.6155673899197	42.80526877924568	0.0	0.0	0.0	0.0	0.0	0.0	0.0
GSM4138110_HNSCC_1_PBMC_ACTGAGTTCAGGTAAA	159.5721559427448	93.2703490627445	186.558833507069	42.03742106566756	0.0	0.0	0.0	0.0	0.0	0.0	0.0	0.0	0.0	0.0	0.0
GSM4138110_HNSCC_1_PBMC_ACTGCTCCAACCGCCA	167.29040571170424	131.8498318099126	152.25016690691302	0.0	0.0	0.0	0.0	0.0	0.0	0.0	0.0	0.0	0.0	0.0	0.0
GSM4138110_HNSCC_1_PBMC_ACTTACTAGTGGAGAA	246.52155605421106	91.88271418319073	254.77392495818307	137.94361787507748	0.0	0.0	0.0	0.0	0.0	0.0	0.0	0.0	0.0	0.0	0.0
GSM4138110_HNSCC_1_PBMC_ACTTGTTCAGTTCATG	353.41815569202265	0.0	311.18184446667664	0.0	260.0098449879299	0.0	0.0	0.0	0.0	0.0	0.0	0.0	0.0	0.0	0.0
GSM4138110_HNSCC_1_PBMC_AGAGTGGCAGGGATTG	170.99673459095123	131.30744608299207	133.2839009856988	37.751218902546306	2.843528799497517	0.0	0.0	0.0	0.0	0.0	0.0	0.0	0.0	0.0	0.0
GSM4138110_HNSCC_1_PBMC_AGATCTGGTGATAAGT	148.82676578662515	160.10391232733656	87.43149573912613	0.0	0.0	0.0	0.0	0.0	0.0	0.0	0.0	11.575863236793078	0.0	0.0	0.0
GSM4138110_HNSCC_1_PBMC_AGATTGCGTATAGGGC	259.52636272880653	197.75416060859652	198.64369554399946	0.0	18.779660009239237	0.0	0.0	0.0	0.0	0.0	0.0	0.0	0.0	0.0	0.0
GSM4138110_HNSCC_1_PBMC_AGCGGTCCATGCTGGC	157.45403665897732	249.34239558557056	0.0	43.75994515448939	0.0	0.0	0.0	0.0	18.061730232610493	93.32775497506057	0.0	0.0	0.0	0.0	0.0
GSM4138110_HNSCC_1_PBMC_AGGCCACTCAGCGATT	140.86526340225296	133.0704831468505	156.41493891515773	38.401148300861756	0.0	0.0	0.0	0.0	0.0	0.0	0.0	0.0	0.0	0.0	0.0
GSM4138110_HNSCC_1_PBMC_AGTAGTCCACAGTCGC	201.36672756550885	76.36720850052197	325.52570124965376	130.6630461579043	0.0	0.0	0.0	0.0	0.0	0.0	0.0	0.0	0.0	0.0	0.0
GSM4138110_HNSCC_1_PBMC_AGTGTCATCCCTAATT	174.35801363841475	21.96376635422407	157.2364552758749	0.0	109.16553540087463	0.0	0.0	0.0	0.0	0.0	0.0	0.0	0.0	0.0	0.0
GSM4138110_HNSCC_1_PBMC_ATCCACCGTGGTTTCA	320.74563445115876	303.2898482594685	0.0	13.616531081202346	0.0	0.0	424.52128430310324	0.0	0.0	0.0	0.0	0.0	0.0	0.0	0.0
GSM4138110_HNSCC_1_PBMC_ATCGAGTGTACTTAGC	183.02881830871783	0.0	255.39790399033325	0.0	237.5797245752526	0.0	0.0	0.0	0.0	0.0	0.0	0.0	0.0	0.0	0.0
GSM4138110_HNSCC_1_PBMC_CAACTAGTCTTGAGAC	139.04530696340626	25.802856836130307	174.07922513213887	159.02488555542882	0.0	0.0	0.0	0.0	0.0	0.0	0.0	0.0	0.0	0.0	0.0
GSM4138110_HNSCC_1_PBMC_CAAGGCCTCTAGCACA	100.2196705446992	103.29380359278679	106.33667565250974	0.0	25.97239291862405	0.0	0.0	0.0	0.0	0.0	0.0	0.0	0.0	0.0	0.0
GSM4138110_HNSCC_1_PBMC_CACAAACAGGCTACGA	202.76435099732723	0.0	0.0	147.62148956233864	0.0	0.0	211.89343204125677	0.0	0.0	0.0	0.0	0.0	0.0	0.0	0.0
GSM4138110_HNSCC_1_PBMC_CACATTTTCATTGCGA	136.99637149799406	0.0	227.87738244479849	125.89109438513073	0.0	0.0	0.0	0.0	0.0	0.0	0.0	0.0	0.0	0.0	0.0
GSM4138110_HNSCC_1_PBMC_CAGAGAGTCAGTTAGC	237.73160070413826	188.4971995462842	183.19185742645226	0.0	0.0	0.0	0.0	0.0	0.0	0.0	0.0	0.0	0.0	0.0	0.0
GSM4138110_HNSCC_1_PBMC_CAGCTGGGTCTCCACT	184.78388533810198	168.0535735304459	0.0	0.0	0.0	9.34926040254038	234.46112753798897	0.0	0.0	0.0	0.0	0.0	0.0	0.0	0.0
GSM4138110_HNSCC_1_PBMC_CAGCTGGGTGTTTGTG	170.7558429261585	0.0	128.72133832328956	142.24254367021294	0.0	0.0	0.0	0.0	0.0	0.0	0.0	0.0	0.0	0.0	0.0
GSM4138110_HNSCC_1_PBMC_CATATGGCAGGACGTA	158.05260960368486	279.07848397222386	164.2945187740166	0.0	0.0	0.0	0.0	0.0	0.0	0.0	0.0	0.0	0.0	0.0	0.0
GSM4138110_HNSCC_1_PBMC_CATATTCTCCACGTTC	142.06864073824238	24.214244337134776	142.89750265944903	166.64869130972326	0.0	0.0	0.0	0.0	0.0	0.0	0.0	0.0	0.0	0.0	0.0
GSM4138110_HNSCC_1_PBMC_CCAATCCCACGACTCG	124.86401168085979	0.0	10.009248970652205	95.60737572866555	0.0	0.0	0.0	117.03818164285119	0.0	0.0	0.0	0.0	0.0	0.0	0.0
GSM4138110_HNSCC_1_PBMC_CCTACCAGTCGGCTCA	224.49009023974045	136.53131204280226	0.0	36.339163518391764	0.0	0.0	226.19001210827696	0.0	0.0	0.0	0.0	0.0	0.0	0.0	0.0
GSM4138110_HNSCC_1_PBMC_CGAACATCAAGTTAAG	209.34219421685907	0.0	193.3998498080719	225.51981009293218	0.0	0.0	0.0	0.0	0.0	0.0	0.0	0.0	0.0	0.0	0.0
GSM4138110_HNSCC_1_PBMC_CGACCTTCATTACGAC	99.1165130265405	0.0	0.0	20.24078506655337	57.57788142950926	0.0	98.27800346600317	0.0	0.0	0.0	0.0	0.0	0.0	0.0	0.0
GSM4138110_HNSCC_1_PBMC_CGAGCACCATATACGC	234.22834529460175	276.89900076236626	0.0	0.0	0.0	0.0	0.0	16.34615855949055	0.0	246.97350061925914	0.0	0.0	0.0	0.0	0.0
GSM4138110_HNSCC_1_PBMC_CGATCGGCAACGATCT	177.0748968252992	120.22555978390936	198.3583446663764	0.0	40.071723040911856	0.0	0.0	0.0	0.0	0.0	0.0	0.0	0.0	0.0	0.0
GSM4138110_HNSCC_1_PBMC_CGATCGGGTTTGGGCC	135.91908323174474	181.6909617018721	0.0	0.0	0.0	0.0	0.0	0.0	211.43353119493756	0.0	0.0	0.0	0.0	0.0	0.0
GSM4138110_HNSCC_1_PBMC_CGCTATCCACCGAATT	253.31146856917903	0.0	193.96875310314923	256.0142969267809	0.0	0.0	0.0	0.0	0.0	0.0	0.0	0.0	0.0	0.0	0.0
GSM4138110_HNSCC_1_PBMC_CGGAGCTGTCGAACAG	261.7332791817486	107.18171638560365	239.5133507893058	0.0	70.94462146517483	0.0	0.0	0.0	0.0	0.0	0.0	0.0	0.0	0.0	0.0
GSM4138110_HNSCC_1_PBMC_CGTTCTGGTCTAAACC	188.64931752182585	0.0	229.18425648843828	0.0	166.20753939680304	0.0	0.0	0.0	0.0	0.0	0.0	0.0	0.0	0.0	0.0
GSM4138110_HNSCC_1_PBMC_CGTTGGGGTGTGTGCC	139.19186716341542	4.846110861957077	110.76976296365139	129.97670575272895	0.0	0.0	0.0	0.0	0.0	0.0	0.0	0.0	0.0	0.0	0.0
GSM4138110_HNSCC_1_PBMC_CTAATGGCACACATGT	154.8162910957289	0.0	187.34473097055925	0.0	155.48716693790593	0.0	0.0	0.0	0.0	0.0	0.0	0.0	0.0	0.0	0.0
GSM4138110_HNSCC_1_PBMC_CTACCCAGTTACCGAT	219.32187798495258	188.34729041475575	236.3748131026597	0.0	0.0	0.0	0.0	0.0	0.0	0.0	0.0	0.0	0.0	0.0	0.0
GSM4138110_HNSCC_1_PBMC_CTAGAGTCATCGGACC	154.99641668116098	124.09955467893039	0.0	0.0	0.0	0.0	0.0	0.0	0.0	0.0	159.3339910617339	73.7401716491089	0.0	5.391939887011774	0.0
GSM4138110_HNSCC_1_PBMC_CTCTGGTGTGTTCGAT	121.00667919454708	192.49950938566317	0.0	0.0	0.0	0.0	0.0	28.783734247605253	120.48955629151747	0.0	0.0	0.0	0.0	0.0	0.0
GSM4138110_HNSCC_1_PBMC_CTGATAGCATCAGTCA	112.4534383996289	91.55162569187789	188.73012579442712	32.54145540544233	0.0	0.0	0.0	0.0	0.0	0.0	0.0	0.0	0.0	0.0	0.0
GSM4138110_HNSCC_1_PBMC_CTGTTTACAATGTAAG	267.3875113133665	103.47576593841755	0.0	72.26238610287231	0.0	0.0	0.0	0.0	0.0	221.30281058813765	0.0	0.0	0.0	0.0	0.0
GSM4138110_HNSCC_1_PBMC_GAACCTATCTCTGTCG	98.99447055850509	32.14603392894079	8.191360893832703	69.7492733975025	0.0	0.0	84.76135605486289	0.0	0.0	0.0	0.0	0.0	0.0	0.0	0.0
GSM4138110_HNSCC_1_PBMC_GATCGCGTCAGGCGAA	109.21912366524656	91.95831279542587	138.33526930156324	42.03399395474769	0.0	0.0	0.0	0.0	0.0	0.0	0.0	0.0	0.0	0.0	0.0
GSM4138110_HNSCC_1_PBMC_GATCTAGCATACAGCT	341.19813090326244	0.0	187.88012907923112	142.44652089226815	0.0	0.0	0.0	0.0	0.0	0.0	0.0	0.0	0.0	0.0	0.0
GSM4138110_HNSCC_1_PBMC_GATGAAAGTAGAAGGA	105.2659855136869	77.14597101653887	89.63963392543238	22.97852084403384	0.0	0.0	0.0	0.0	0.0	3.755904188614075	0.0	0.0	0.0	0.0	0.0
GSM4138110_HNSCC_1_PBMC_GATGAAAGTCACCCAG	216.42435333399862	83.15673283384544	0.0	87.37857456688357	0.0	0.0	277.4071354793652	0.0	0.0	0.0	0.0	0.0	0.0	0.0	0.0
GSM4138110_HNSCC_1_PBMC_GCATACACATCTGGTA	357.9013707543477	263.23412790012503	283.5599000794344	0.0	0.0	0.0	0.0	0.0	0.0	0.0	0.0	0.0	0.0	0.0	0.0
GSM4138110_HNSCC_1_PBMC_GCGAGAATCGCACTCT	274.27727533508994	156.52472688185307	276.06235316251116	0.0	38.57960310047989	0.0	0.0	0.0	0.0	0.0	0.0	0.0	0.0	0.0	0.0
GSM4138110_HNSCC_1_PBMC_GCGCGATAGGAGCGTT	70.8249016033404	77.36450983347963	48.96758295277481	1.1732652137253847	15.589427589450708	0.0	0.0	106.44151753944489	0.0	0.0	0.0	0.0	0.0	0.0	0.0
GSM4138110_HNSCC_1_PBMC_GCTCTGTTCAGTTTGG	118.12119360320276	111.2076314376799	0.0	0.0	0.0	0.0	141.03551844290791	0.0	0.0	0.0	0.0	0.0	0.0	0.0	0.0
GSM4138110_HNSCC_1_PBMC_GCTGCGAGTCTAGTCA	229.87106395333566	32.06956052762197	116.67628747732243	69.03646964271431	0.0	0.0	0.0	71.84843766583683	0.0	0.0	0.0	0.0	0.0	0.0	0.0
GSM4138110_HNSCC_1_PBMC_GGCTCGATCAGGCGAA	135.66305208178915	113.90743989510133	158.3693777854141	0.0	0.0	0.0	0.0	0.0	0.0	0.0	0.0	0.0	0.0	0.0	0.0
GSM4138110_HNSCC_1_PBMC_GGGAATGTCTTCCTTC	0.0	0.0	0.0	0.0	0.0	0.0	413.1711396796776	2910.4949801256325	0.0	112.70512724192032	0.0	0.0	0.0	0.0	0.0
GSM4138110_HNSCC_1_PBMC_GGGCACTTCGTAGGTT	154.46953276252705	77.72223778563335	163.23713795594745	49.54120412231233	0.0	0.0	49.624474617305374	0.0	0.0	0.0	0.0	0.0	0.0	0.0	0.0
GSM4138110_HNSCC_1_PBMC_GTAGGCCAGTACTTGC	191.3750624528027	0.0	195.2375069977593	0.0	137.92391934163024	0.0	0.0	0.0	0.0	0.0	0.0	0.0	0.0	0.0	0.0
GSM4138110_HNSCC_1_PBMC_GTCACAATCTATCGCC	186.1664081412212	114.20280325304563	201.18780395466246	96.22587114117866	0.0	7.6699844744480945	0.0	0.0	0.0	0.0	0.0	0.0	0.0	0.0	0.0
GSM4138110_HNSCC_1_PBMC_GTCTCGTAGTAGCGGT	119.22466667229372	26.683664419352574	136.54624821083732	124.18049838556065	0.0	14.960854821684825	0.0	0.0	0.0	0.0	0.0	0.0	0.0	0.0	0.0
GSM4138110_HNSCC_1_PBMC_GTGCAGCTCTGTCTAT	281.58758603960104	0.0	367.57896802571264	198.04242332277138	0.0	0.0	0.0	0.0	0.0	0.0	0.0	0.0	0.0	0.0	0.0
GSM4138110_HNSCC_1_PBMC_GTGCATAGTACGCTGC	153.80587543514784	137.0573744743581	190.65741792312468	0.0	0.0	0.0	0.0	0.0	0.0	0.0	0.0	0.0	0.0	0.0	0.0
GSM4138110_HNSCC_1_PBMC_GTGCTTCAGTACGATA	107.68955218525805	144.3688335402305	116.60337290572912	0.0	0.0	93.03512972945892	0.0	0.0	0.0	53.114564900426686	0.0	0.0	0.0	0.0	0.0
GSM4138110_HNSCC_1_PBMC_TACAGTGCAATGACCT	146.6756026232615	149.0712113273795	131.41096507268833	0.0	0.0	0.0	0.0	0.0	0.0	0.0	0.0	0.0	0.0	0.0	0.0
GSM4138110_HNSCC_1_PBMC_TACTCATAGATCACGG	179.35458180933796	26.363951796295293	0.0	151.88702078343047	0.0	0.0	233.09074521844224	0.0	9.04167960569113	0.0	0.0	0.0	0.0	0.0	0.0
GSM4138110_HNSCC_1_PBMC_TACTCGCGTAAGGATT	249.1420289474233	148.5597006385055	196.12799944185323	0.0	0.0	0.0	0.0	0.0	0.0	0.0	0.0	0.0	0.0	0.0	0.0
GSM4138110_HNSCC_1_PBMC_TACTTGTCAAGTTAAG	211.19637909491732	0.0	246.83877352588803	201.07875278581412	0.0	0.0	0.0	0.0	0.0	0.0	0.0	0.0	0.0	0.0	0.0
GSM4138110_HNSCC_1_PBMC_TATCTCAAGGTGTGGT	121.367348423024	126.4786066625706	158.56364730252108	0.0	0.0	0.0	0.0	0.0	0.0	0.0	0.0	0.0	0.0	0.0	0.0
GSM4138110_HNSCC_1_PBMC_TCAGCTCCACCCATTC	267.0340494042094	0.0	207.4257922238669	0.0	244.93427633859147	0.0	0.0	0.0	0.0	0.0	0.0	0.0	0.0	0.0	0.0
GSM4138110_HNSCC_1_PBMC_TCGCGTTCAGCTGCTG	174.49332924585335	98.76150899401456	155.16669221882526	0.0	0.0	0.0	0.0	0.0	0.0	0.0	0.0	0.0	0.0	0.0	0.0
GSM4138110_HNSCC_1_PBMC_TCGGGACAGCTAGTTC	201.41706084763427	78.39011709655023	204.55049901715702	0.0	67.67752047116436	0.0	0.0	0.0	0.0	0.0	0.0	0.0	0.0	0.0	0.0
GSM4138110_HNSCC_1_PBMC_TCTTCGGAGTCATCCA	187.56196377576612	150.89607178886578	192.03952577652313	11.110792236679014	0.0	0.0	0.0	0.0	0.0	0.0	0.0	0.0	0.0	0.0	0.0
GSM4138110_HNSCC_1_PBMC_TGAGAGGGTCCCTACT	147.71503075117468	290.20470618656003	0.0	59.049370301434315	0.0	0.0	0.0	0.0	0.0	0.0	0.0	0.0	289.0129661546179	0.0	0.0
GSM4138110_HNSCC_1_PBMC_TGATTTCGTTAAAGTG	300.13148489929193	183.4707246276949	229.51521040909861	0.0	0.0	0.0	0.0	0.0	0.0	0.0	0.0	0.0	0.0	0.0	0.0
GSM4138110_HNSCC_1_PBMC_TGCCAAATCATGTCCC	183.42897401087183	188.45093247318584	0.0	0.0	0.0	0.0	0.0	57.66372010529506	118.593098512941	0.0	0.0	0.0	0.0	0.0	0.0
GSM4138110_HNSCC_1_PBMC_TGTATTCAGAATGTTG	276.77116192700186	203.46490984094964	0.0	0.0	0.0	0.0	158.08389043265345	0.0	0.0	0.0	0.0	0.0	0.0	0.0	0.0
GSM4138110_HNSCC_1_PBMC_TGTCCCAGTTCAGGCC	147.4132194531912	27.373081611573568	195.56695317801035	65.7126890586849	0.0	0.0	0.0	0.0	0.0	0.0	0.0	0.0	0.0	0.0	0.0
GSM4138110_HNSCC_1_PBMC_TTGCCGTCAATAGCGG	185.8412711900868	0.0	228.64871954312167	169.04641938234533	0.0	0.0	0.0	0.0	0.0	0.0	0.0	0.0	0.0	0.0	0.0
GSM4138110_HNSCC_1_PBMC_TTTATGCAGACTGGGT	24.244821749033164	116.3514906634305	68.28644822759406	0.0	0.0	126.4809014164644	12.779672255618625	61.492743382597084	0.0	0.0	0.0	0.0	0.0	0.0	0.0
GSM4138110_HNSCC_1_PBMC_AACGTTGAGTTTAGGA	91.83334888919012	74.9012116719752	120.96162790191939	0.0	39.304113034623455	0.0	0.0	0.0	0.0	0.0	0.0	0.0	0.0	0.0	0.0
GSM4138110_HNSCC_1_PBMC_AAGGCAGCAATCACAC	184.31319937727656	75.05279730885069	0.0	0.0	0.0	0.0	0.0	90.24687498972723	0.0	0.0	0.0	0.0	0.0	0.0	0.0
GSM4138110_HNSCC_1_PBMC_ACTGATGTCAATAAGG	0.0	26.99473716015461	58.35410244458325	27.678632459908066	13.203850531193932	67.43217176990328	0.0	0.0	0.0	0.0	0.0	0.0	0.0	0.0	0.0
GSM4138110_HNSCC_1_PBMC_AGCAGCCAGGCCCTCA	72.67182271462637	0.0	91.5774350391388	140.83589018178893	0.0	0.0	0.0	0.0	0.0	0.0	0.0	0.0	0.0	0.0	0.0
GSM4138110_HNSCC_1_PBMC_CATATTCCATATGAGA	119.73235938794329	0.0	103.28033841949532	110.2379538615217	0.0	0.0	0.0	0.0	0.0	0.0	0.0	0.0	0.0	0.0	0.0
GSM4138110_HNSCC_1_PBMC_CCTCAGTCAACTGCGC	74.78278520986318	18.365760481990954	40.115986645551395	5.341113099217947	108.77001691299184	0.0	0.0	0.0	0.0	0.0	0.0	0.0	0.0	0.0	0.0
GSM4138110_HNSCC_1_PBMC_CGGTTAACACCTCGTT	54.82779961116772	20.368442914478912	69.46022909299407	0.0	47.16260787471868	0.0	0.0	0.0	0.0	0.0	0.0	0.0	0.0	0.0	0.0
GSM4138110_HNSCC_1_PBMC_CGTGTAATCTCCAGGG	73.0322493429568	65.3904806982709	41.59787868583382	0.0	0.0	0.0	0.0	0.0	0.0	0.0	0.0	0.0	0.0	0.0	0.0
GSM4138110_HNSCC_1_PBMC_CGTTGGGTCAGTGCAT	62.93221982658237	85.75332816614939	0.0	0.0	0.0	0.0	0.0	95.62781435564506	0.0	0.0	0.0	0.0	0.0	0.0	0.0
GSM4138110_HNSCC_1_PBMC_CTAGAGTAGCTATGCT	119.54302934598101	0.0	108.35346872275356	0.0	130.71210421338384	0.0	0.0	0.0	0.0	0.0	0.0	0.0	0.0	0.0	0.0
GSM4138110_HNSCC_1_PBMC_GCATACATCGTTACAG	72.62609850114592	70.64420149474518	51.18815020783468	0.0	0.0	0.0	0.0	0.0	0.0	0.0	0.0	0.0	0.0	0.0	0.0
GSM4138110_HNSCC_1_PBMC_AAACGGGCAGTATCTG	74.54704044394373	40.900297702660346	0.0	31.82782246886401	0.0	0.0	0.0	0.0	74.5336134513936	0.0	0.0	0.0	3.13697861681658	0.0	0.0
GSM4138110_HNSCC_1_PBMC_AAAGATGTCTGATTCT	7.539718981534129	125.16937194850844	0.0	0.0	0.0	95.36970342939755	0.0	0.0	0.0	0.0	101.50554798835458	0.0	0.0	0.0	0.0
GSM4138110_HNSCC_1_PBMC_AAAGTAGGTAGCGCTC	59.25422615974438	22.43193453375904	0.0	35.557918352750455	0.0	0.0	0.0	0.0	0.0	0.0	0.0	50.000482406212576	0.0	55.94547074739241	0.0
GSM4138110_HNSCC_1_PBMC_AACTCAGGTGGTCTCG	81.25746451654548	98.88493230319725	0.0	0.0	0.0	0.0	8.211350215523186	0.0	0.0	0.0	43.74152942293673	0.0	0.0	0.0	0.0
GSM4138110_HNSCC_1_PBMC_AACTCCCTCCAATGGT	87.26321077537123	0.0	106.33978671776056	141.0353309184669	0.0	0.0	0.0	0.0	0.0	0.0	0.0	0.0	0.0	0.0	0.0
GSM4138110_HNSCC_1_PBMC_AACTCTTAGTGGGTTG	97.50121067725135	96.86324049734732	13.27837146601571	1.2358185511310702	0.0	0.0	0.0	0.0	0.0	16.354326909637827	0.0	0.0	33.7282889071574	22.50844134025502	0.0
GSM4138110_HNSCC_1_PBMC_AACTCTTGTCACACGC	3.6866122067048246	71.8747389041432	59.476430493496814	0.0	0.0	27.346103438911918	11.943334155933352	0.0	0.0	0.0	0.0	0.0	0.0	0.0	0.0
GSM4138110_HNSCC_1_PBMC_AACTTTCAGAAGGTTT	109.32578234967286	84.77866821504769	75.53299994455256	0.0	0.0	20.335830545200032	0.0	0.0	0.0	0.0	0.0	0.0	0.0	0.0	0.0
GSM4138110_HNSCC_1_PBMC_AAGGAGCTCCTTTCGG	0.0	82.72575086534687	0.0	0.0	34.64760181094331	159.4343146156132	0.0	0.0	95.05659963345812	0.0	0.0	0.0	0.0	0.0	0.0
GSM4138110_HNSCC_1_PBMC_AATCCAGAGTGCTGCC	129.74073892758406	107.3374399391425	0.0	0.0	0.0	0.0	0.0	0.0	0.0	88.24329349402548	0.0	0.0	0.0	0.0	0.0
GSM4138110_HNSCC_1_PBMC_AATCGGTGTCTAGCCG	86.90733356895602	0.0	126.31289404788423	53.72551340300485	82.71820460378964	0.0	0.0	0.0	0.0	0.0	0.0	0.0	0.0	0.0	0.0
GSM4138110_HNSCC_1_PBMC_ACACCCTCATCTACGA	75.85816153915827	84.78380927587398	0.0	0.0	0.0	0.0	0.0	0.0	65.18728482481187	0.0	0.0	0.0	0.0	0.0	0.0
GSM4138110_HNSCC_1_PBMC_ACACCGGCACCATGTA	167.58386755318134	241.82963443836599	0.0	0.0	0.0	82.37060970855275	35.82717147960842	0.0	0.0	140.0686226324357	0.0	0.0	0.0	0.0	0.0
GSM4138110_HNSCC_1_PBMC_ACATCAGAGCGTTCCG	103.35824881139962	119.64342142946785	0.0	28.7942161935119	0.0	44.55125036046425	0.0	0.0	0.0	0.0	0.0	207.7751496817724	0.0	0.0	0.0
GSM4138110_HNSCC_1_PBMC_ACCCACTCAATGTAAG	61.46525214719348	61.04616022480633	0.0	0.0	0.0	0.0	0.0	6.810087294522906	0.0	0.0	0.0	15.337938081706087	0.0	40.015327866882814	0.0
GSM4138110_HNSCC_1_PBMC_ACCCACTGTAAGTGTA	0.0	56.94002269954673	102.28513154632921	0.0	23.911510581618376	65.90421282751936	0.0	0.0	0.0	0.0	0.0	0.0	0.0	0.0	0.0
GSM4138110_HNSCC_1_PBMC_ACCTTTATCATAACCG	96.98326876599863	118.81443620968662	0.0	0.0	0.0	0.0	137.41984415979763	0.0	0.0	0.0	0.0	0.0	0.0	0.0	0.0
GSM4138110_HNSCC_1_PBMC_ACGAGCCAGGTGTGGT	61.88644512189858	0.0	121.99330003827824	0.0	63.72275367775754	0.0	0.0	0.0	0.0	0.0	0.0	0.0	0.0	0.0	0.0
GSM4138110_HNSCC_1_PBMC_ACGATACCATATGAGA	47.755683447826705	0.9004041651282536	0.0	77.60762490058033	2.613584931491298	0.0	0.0	0.0	60.48866739933566	0.0	0.0	0.0	0.0	0.0	0.0
GSM4138110_HNSCC_1_PBMC_ACGATACTCTGATTCT	55.4475772793218	52.044020648073435	76.54066461589262	41.65927217130295	0.0	0.0	0.0	0.0	0.0	0.0	0.0	0.0	0.0	0.0	0.0
GSM4138110_HNSCC_1_PBMC_ACGATGTCAGGCAGTA	59.552382711652186	0.0	0.0	98.63318480707898	0.0	0.0	0.0	0.0	0.0	0.0	0.0	73.6299710354986	0.0	0.0	0.0
GSM4138110_HNSCC_1_PBMC_ACGCAGCGTAGAGCTG	0.0	86.42308369830698	0.0	0.0	0.0	56.404918406010424	50.67128767840578	0.0	0.0	0.0	0.0	0.0	0.0	0.0	0.0
GSM4138110_HNSCC_1_PBMC_ACGCCGAAGGTAGCTG	122.22558336396206	0.0	0.0	24.695935153786838	19.549388505321776	0.0	0.0	41.15910909412905	0.0	0.0	0.0	0.0	0.0	0.0	0.0
GSM4138110_HNSCC_1_PBMC_ACGGGCTGTGATAAAC	0.0	96.08716913499401	0.0	0.0	0.0	64.67322846315483	0.0	0.0	0.0	0.0	124.75158946215241	0.0	0.0	0.0	0.0
GSM4138110_HNSCC_1_PBMC_ACGTCAACATCACGAT	0.0	10.590083252125787	0.0	19.006633702901453	27.572156684992024	63.22480252028937	0.0	41.958340900585966	0.0	0.0	0.0	0.0	0.0	0.0	0.0
GSM4138110_HNSCC_1_PBMC_ACTATCTAGGAATTAC	228.27846381613017	0.0	109.52910131910855	0.0	176.42509390521627	0.0	0.0	0.0	0.0	0.0	0.0	0.0	0.0	0.0	0.0
GSM4138110_HNSCC_1_PBMC_ACTGATGTCGTTACGA	0.0	81.86155494959623	0.0	0.0	59.228416163566195	176.83928347400712	0.0	0.0	0.0	0.0	0.0	92.48010059804683	0.0	0.0	0.0
GSM4138110_HNSCC_1_PBMC_ACTTACTAGATAGGAG	133.45281148842054	73.98215807633756	0.0	0.0	0.0	0.0	76.74286593106284	0.0	0.0	0.0	0.0	0.0	0.0	0.0	0.0
GSM4138110_HNSCC_1_PBMC_ACTTGTTTCCACGACG	133.54269324432425	73.06095913411451	98.58622332999713	0.0	0.0	0.0	6.66477544706481	0.0	0.0	0.0	0.0	0.0	0.0	0.0	0.0
GSM4138110_HNSCC_1_PBMC_ACTTTCATCGTCACGG	89.82050180801694	0.0	36.12296211108671	92.19069965129697	0.0	0.0	17.711292498066044	0.0	0.0	0.0	0.0	0.0	0.0	0.0	0.0
GSM4138110_HNSCC_1_PBMC_AGATTGCTCATGCTCC	97.66113370404601	0.0	89.67549296288445	0.0	165.48373753742516	0.0	0.0	0.0	0.0	0.0	0.0	0.0	0.0	0.0	0.0
GSM4138110_HNSCC_1_PBMC_AGATTGCTCCTAGAAC	51.45270732183987	153.59101650294988	0.0	0.0	0.0	0.0	0.0	0.0	48.2317853603226	0.0	0.0	0.0	0.0	0.0	0.0
GSM4138110_HNSCC_1_PBMC_AGCAGCCTCACTCTTA	38.53639814596541	0.0	0.0	77.07857195408582	0.0	37.67149467114182	74.66413287057692	0.0	0.0	0.0	0.0	0.0	0.0	0.0	0.0
GSM4138110_HNSCC_1_PBMC_AGCCTAAAGCGTGAAC	140.2229565900307	9.996132317720768	0.0	0.0	135.695492824661	0.0	127.64565506000717	0.0	0.0	0.0	0.0	0.0	0.0	0.0	0.0
GSM4138110_HNSCC_1_PBMC_AGCCTAAGTCTCATCC	31.400943534686313	0.0	90.40575721937076	36.91239913921207	0.0	0.0	0.0	5.023759415679731	4.926885323359667	0.0	0.0	0.0	0.0	17.310168312874758	0.0
GSM4138110_HNSCC_1_PBMC_AGCGTATAGCCAGTTT	80.22151372022823	69.65420942986964	6.5694163301110695	60.297555478867956	0.0	0.0	51.89857345994018	0.0	0.0	25.137839026129452	0.0	0.0	0.0	0.0	0.0
GSM4138110_HNSCC_1_PBMC_AGCGTCGAGCGCTCCA	97.87904845875848	80.04298881554168	53.03105308593062	0.0	0.0	0.0	0.0	0.0	0.0	0.0	0.0	0.0	0.0	0.0	0.0
GSM4138110_HNSCC_1_PBMC_AGCTCCTGTATCACCA	160.38501419913405	30.82907751088684	0.0	172.93227467324454	0.0	0.0	129.6718333665368	0.0	0.0	0.0	0.0	0.0	0.0	0.0	0.0
GSM4138110_HNSCC_1_PBMC_AGCTCTCAGTCGTTTG	120.47036356061365	68.22547767008898	27.888000648714595	22.344705678857913	21.452388962631705	0.0	11.92884982959739	0.0	0.0	12.70898694301467	23.34098194910623	57.1085359860475	0.0	0.0	0.0
GSM4138110_HNSCC_1_PBMC_AGCTTGAAGACTGGGT	69.26575908982537	0.0	0.0	102.38935646354628	0.0	0.0	0.0	92.78919735594695	0.0	0.0	0.0	0.0	0.0	0.0	0.0
GSM4138110_HNSCC_1_PBMC_AGGCCGTAGACTACAA	105.02550346648545	106.92919481509023	0.0	0.0	0.0	0.0	0.0	0.0	61.22010142906898	0.0	0.0	0.0	0.0	0.0	57.55181187501808
GSM4138110_HNSCC_1_PBMC_AGGGATGAGACCCACC	81.48340825349008	0.0	71.18377958834556	101.90356881083082	0.0	0.0	0.0	0.0	0.0	0.0	0.0	0.0	0.0	0.0	0.0
GSM4138110_HNSCC_1_PBMC_AGGGATGCATGTTCCC	120.43819857118302	0.0	107.41811780663676	124.73042923847498	0.0	0.0	0.0	0.0	0.0	0.0	0.0	0.0	0.0	0.0	0.0
GSM4138110_HNSCC_1_PBMC_AGTAGTCGTCAATGTC	0.0	89.90634318227019	67.78082708673992	0.0	0.0	67.30668550683302	0.0	0.0	0.0	0.0	0.0	0.0	0.0	0.0	0.0
GSM4138110_HNSCC_1_PBMC_AGTAGTCGTCCGAAGA	113.49385404886506	67.98734089415268	83.2954378725405	0.0	35.683322290071786	0.0	0.0	5.133584792520859	0.0	0.0	0.0	0.0	0.0	0.0	0.0
GSM4138110_HNSCC_1_PBMC_AGTGGGAAGGAGCGAG	152.14911561763662	141.30684266286508	152.94237881284172	14.42887249660539	5.308079521066463	0.0	0.0	0.0	0.0	0.0	0.0	0.0	0.0	0.0	0.0
GSM4138110_HNSCC_1_PBMC_AGTGTCAGTACCGGCT	0.0	180.5718360077781	142.58883187694124	0.0	0.0	84.80355314834354	0.0	0.0	0.0	0.0	0.0	0.0	0.0	0.0	0.0
GSM4138110_HNSCC_1_PBMC_ATAAGAGAGCTGATAA	49.11578458104429	20.76448175208807	31.932170802988285	84.22515787484014	0.0	0.0	0.0	0.0	0.0	0.0	0.0	0.0	0.0	0.0	0.0
GSM4138110_HNSCC_1_PBMC_ATCACGAGTCAAACTC	99.71734864328597	68.44550645753537	0.0	0.0	0.0	0.0	82.55558410916993	0.0	0.0	0.0	0.0	0.0	0.0	0.0	0.0
GSM4138110_HNSCC_1_PBMC_ATCATCTTCTGTGCAA	69.99785939825095	72.30127220288038	64.77185255447256	0.0	7.6233719192951614	0.0	0.0	0.0	0.0	0.0	0.0	0.0	0.0	0.0	0.0
GSM4138110_HNSCC_1_PBMC_ATCATGGGTCACTGGC	17.847702438878912	35.72795977613003	0.0	68.22236961376238	0.0	111.0519088639313	61.88136221188099	0.0	0.0	0.0	60.50875005986228	0.0	0.0	0.0	0.0
GSM4138110_HNSCC_1_PBMC_ATCTGCCCATACGCCG	95.5693584511771	98.94394781376599	27.02487894164218	0.0	0.0	0.0	37.79330684051391	0.0	0.0	0.0	0.0	0.0	0.0	0.0	0.0
GSM4138110_HNSCC_1_PBMC_ATGAGGGAGTGTACGG	0.0	87.89373565143039	129.27684973250734	0.0	0.0	101.46895455740116	0.0	0.0	0.0	0.0	0.0	0.0	0.0	0.0	0.0
GSM4138110_HNSCC_1_PBMC_ATGGGAGAGACCCACC	154.72696042038672	165.95750679907184	0.0	0.0	0.0	29.292990327112165	0.0	33.104076304378516	133.23406340818858	0.0	0.0	0.0	29.858481108271814	7.3194298466788865	0.0
GSM4138110_HNSCC_1_PBMC_ATGTGTGTCCAGTAGT	65.98848756013643	28.72469821179749	90.15410769841448	0.0	45.22786340363829	0.0	0.0	0.0	0.0	0.0	0.0	0.0	0.0	0.0	0.0
GSM4138110_HNSCC_1_PBMC_ATTATCCAGCGCCTTG	60.885515938094535	47.37737569511669	106.67183633580532	0.0	69.6024140109831	61.94499990841901	0.0	0.0	0.0	0.0	0.0	0.0	0.0	0.0	0.0
GSM4138110_HNSCC_1_PBMC_ATTCTACAGATGTCGG	0.0	92.99748156155529	93.79383598206255	0.0	0.0	102.8138507415314	0.0	0.0	0.0	0.0	0.0	0.0	0.0	0.0	0.0
GSM4138110_HNSCC_1_PBMC_ATTGGACAGAAGGCCT	76.03851578104273	1.4462740764530053	57.59826364762096	0.0	59.40215843944718	0.0	0.0	0.0	0.0	0.0	0.0	0.0	0.0	0.0	0.0
GSM4138110_HNSCC_1_PBMC_ATTGGTGCACAGGAGT	128.17427174193193	0.0	111.89123656489346	0.0	75.25854109172879	0.0	0.0	0.0	0.0	0.0	0.0	0.0	0.0	0.0	0.0
GSM4138110_HNSCC_1_PBMC_CAACCTCTCTAAGCCA	97.74786711100398	63.04812812222607	0.0	0.0	0.0	0.0	0.0	0.0	0.0	0.0	0.0	54.816316227773676	0.0	0.0	0.0
GSM4138110_HNSCC_1_PBMC_CAACTAGGTGTCCTCT	100.63880405627164	81.19604465515275	0.0	0.0	0.0	0.0	0.0	0.0	0.0	85.85073462976086	0.0	0.0	0.0	0.0	0.0
GSM4138110_HNSCC_1_PBMC_CAACTAGTCAAGATCC	30.013586417589533	0.0	38.99926937030078	89.48690690324268	0.0	0.0	59.5997458869049	0.0	0.0	0.0	0.0	0.0	0.0	0.0	0.0
GSM4138110_HNSCC_1_PBMC_CAAGAAATCACAAACC	8.023479365809727	65.47071884358496	0.0	0.0	0.0	58.269364561643386	0.0	0.0	0.0	0.0	59.1537093195853	0.0	0.0	0.0	0.0
GSM4138110_HNSCC_1_PBMC_CAAGTTGCATGTTCCC	163.4231504373824	0.0	133.29761846692645	66.18612372304536	70.07015896297206	0.0	0.0	0.0	0.0	0.0	0.0	0.0	0.0	0.0	0.0
GSM4138110_HNSCC_1_PBMC_CACACTCTCAAGATCC	131.92262086714948	99.75199350697517	0.0	0.0	0.0	0.0	0.0	27.044660180772528	92.59127384343624	0.0	0.0	0.0	0.0	0.0	0.0
GSM4138110_HNSCC_1_PBMC_CACAGGCTCCGCGTTT	80.03507749514078	110.84832821111989	116.51931047442942	0.0	1.2930815248439653	0.0	0.0	0.0	0.0	0.0	0.0	0.0	0.0	0.0	0.0
GSM4138110_HNSCC_1_PBMC_CACAGTAAGTTACCCA	5.270600545084739	119.69605346427946	124.77328776424156	0.0	0.2774666437072296	63.37423367155568	0.0	0.0	0.0	0.0	0.0	0.0	0.0	0.0	0.0
GSM4138110_HNSCC_1_PBMC_CACATTTAGTAGCGGT	62.862198285379115	0.0	0.0	104.66006992468772	0.0	0.0	0.0	0.0	0.0	0.0	0.0	53.87672190884044	0.0	24.93289465098355	0.0
GSM4138110_HNSCC_1_PBMC_CACCACTTCCGCGGTA	139.96291108516914	0.0	52.34949893508073	53.38666624651676	0.0	0.0	0.0	0.0	0.0	0.0	0.0	0.0	0.0	0.0	0.0
GSM4138110_HNSCC_1_PBMC_CAGAGAGAGCCACTAT	0.0	83.31047168554896	0.0	0.0	0.0	57.1621481942312	0.0	86.54925836721694	0.0	0.0	0.0	0.0	0.0	0.0	0.0
GSM4138110_HNSCC_1_PBMC_CAGCAGCGTGCAGTAG	0.0	48.68239691737844	40.13575031331008	0.0	0.0	81.599757180041	0.0	0.0	0.0	0.0	0.0	0.0	0.0	0.0	0.0
GSM4138110_HNSCC_1_PBMC_CAGCATAAGTACTTGC	90.8369844955002	49.71457553462884	0.0	0.0	0.0	0.0	0.0	0.0	0.0	95.27043900301763	0.0	0.0	0.0	0.0	0.0
GSM4138110_HNSCC_1_PBMC_CAGCATATCAGAGGTG	170.5317243173006	20.745706237546333	0.0	128.0530805659896	0.0	0.0	133.43905791781265	0.0	0.0	0.0	0.0	0.0	0.0	0.0	0.0
GSM4138110_HNSCC_1_PBMC_CAGCTAAGTTCCACGG	87.87521491149744	0.0	0.0	93.95774989299316	0.0	0.0	33.965111112682656	0.0	0.0	0.0	0.0	0.0	70.7047320344191	0.0	0.0
GSM4138110_HNSCC_1_PBMC_CATCGAAGTACTTCTT	0.0	145.17861735268272	0.0	0.0	0.0	82.70843382867355	0.0	0.0	0.0	0.0	76.04444482393178	5.286860428287657	0.0	0.0	0.0
GSM4138110_HNSCC_1_PBMC_CATCGGGAGAGCTTCT	31.915049325724016	19.06499760858757	32.95554265391139	4.357731475692942	10.753414871783333	15.440879200544865	3.812768580579537	0.0	0.0	0.0	0.0	0.0	0.0	0.0	0.0
GSM4138110_HNSCC_1_PBMC_CATTATCTCGATCCCT	145.23862323375312	0.0	3.127669153579676	158.59314997366485	0.0	0.0	84.65632648339276	0.0	0.0	0.0	0.0	0.0	0.0	0.0	0.0
GSM4138110_HNSCC_1_PBMC_CATTCGCAGTGAAGAG	164.1544655310602	187.39111600300035	0.0	0.0	0.0	0.0	97.30178120294667	0.0	0.0	0.0	33.628280844553906	0.0	0.0	0.0	0.0
GSM4138110_HNSCC_1_PBMC_CCACGGACAGATGGGT	162.26166294929575	0.0	126.54607681181514	0.0	181.32628076146503	0.0	0.0	0.0	0.0	0.0	0.0	0.0	0.0	0.0	0.0
GSM4138110_HNSCC_1_PBMC_CCACTACAGGTTCCTA	96.71979989914733	47.619074331545114	0.0	59.82172566149891	0.0	0.0	0.0	80.2526892922009	0.0	0.0	0.0	0.0	0.0	0.0	0.0
GSM4138110_HNSCC_1_PBMC_CCCAGTTAGGCACATG	101.17161091220723	30.49612187717774	70.76293781372908	30.71460363801153	0.0	0.0	0.0	0.0	0.0	0.0	0.0	0.0	0.0	0.0	0.0
GSM4138110_HNSCC_1_PBMC_CCCTCCTGTACAGCAG	56.477500980860796	0.0	79.22867106062282	0.0	70.14339862482086	0.0	0.0	0.0	0.0	0.0	0.0	0.0	0.0	0.0	0.0
GSM4138110_HNSCC_1_PBMC_CCCTCCTTCCATGAAC	66.91892619818458	0.0	8.666623193800886	0.0	65.28687287804865	0.0	0.0	66.60622804740747	0.0	0.0	0.0	0.0	0.0	0.0	0.0
GSM4138110_HNSCC_1_PBMC_CCGTACTGTTCCAACA	108.21255379631873	0.0	60.533306642788496	0.0	140.73655334075625	20.22155652022873	6.355774081856112	0.0	0.0	0.0	32.27044848397546	0.0	0.0	0.0	0.0
GSM4138110_HNSCC_1_PBMC_CCGTACTTCCGATATG	54.29267789728045	0.0	56.54668097185292	0.0	53.627255713272866	0.0	0.0	0.0	0.0	0.0	0.0	0.0	0.0	0.0	0.0
GSM4138110_HNSCC_1_PBMC_CCGTGGAAGGAGTACC	71.57579926812224	84.31869392417975	75.57972484933862	0.0	0.0	0.0	0.0	0.0	0.0	0.0	0.0	0.0	0.0	0.0	0.0
GSM4138110_HNSCC_1_PBMC_CCTAAAGAGCGCCTCA	221.7991179566408	156.45555839346054	150.17790575024353	0.0	0.0	0.0	0.0	0.0	0.0	0.0	0.0	0.0	0.0	0.0	0.0
GSM4138110_HNSCC_1_PBMC_CCTACACCACAGGCCT	0.0	5.135086950060251	0.0	94.74642128123864	0.0	130.6374169947562	90.34387701967638	0.0	0.0	0.0	0.0	0.0	0.0	0.0	0.0
GSM4138110_HNSCC_1_PBMC_CCTATTACACAAGACG	0.0	149.16337637217143	44.137700175778704	0.0	0.0	142.64178040142238	120.91341802652911	0.0	0.0	0.0	0.0	0.0	0.0	0.0	0.0
GSM4138110_HNSCC_1_PBMC_CCTTACGAGAATAGGG	64.39106268026936	109.88932284074335	0.0	0.0	0.0	0.0	143.84558776939082	0.0	0.0	0.0	0.0	0.0	0.0	0.0	0.0
GSM4138110_HNSCC_1_PBMC_CGAACATGTCCAGTAT	66.45489334974407	65.03869043072451	0.0	4.730017298239979	0.0	0.0	23.58184974915635	0.0	0.0	44.97226866090551	0.0	0.0	0.0	0.0	0.0
GSM4138110_HNSCC_1_PBMC_CGATCGGCAACACCCG	59.102350160711865	0.0	50.32595887170503	0.0	48.79858139487304	0.0	0.0	0.0	0.0	0.0	0.0	0.0	0.0	0.0	0.0
GSM4138110_HNSCC_1_PBMC_CGATGTATCCTTTCGG	83.00198866583138	57.47392446650702	70.82581982415192	20.995424782353968	0.0	0.0	0.0	0.0	0.0	0.0	0.0	0.0	0.0	0.0	0.0
GSM4138110_HNSCC_1_PBMC_CGCGGTAAGACACGAC	99.93483935805841	18.480219925571095	0.0	0.0	0.0	0.0	0.0	0.0	0.0	68.40450066771115	0.0	0.0	0.0	0.0	0.0
GSM4138110_HNSCC_1_PBMC_CGCGGTATCAGTCCCT	61.617463465553	17.5397795082136	72.05360898007049	58.64900826474335	0.0	0.0	0.0	0.0	0.0	0.0	0.0	0.0	0.0	0.0	0.0
GSM4138110_HNSCC_1_PBMC_CGCTATCAGGTAGCCA	98.79751129798261	140.47197880432523	157.99084436311423	0.0	0.0	0.0	0.0	0.0	0.0	0.0	0.0	0.0	0.0	0.0	0.0
GSM4138110_HNSCC_1_PBMC_CGCTTCACAGTACACT	94.5085478987309	0.0	0.0	124.32571930176383	0.0	0.0	0.0	75.28037413061503	10.864482166383205	0.0	0.0	0.0	0.0	0.0	0.0
GSM4138110_HNSCC_1_PBMC_CGGAGCTCAGACGCAA	89.73706954250392	75.772647331798	0.0	0.0	0.0	0.0	58.05439867799869	0.0	0.0	0.0	0.0	0.0	0.0	0.0	0.0
GSM4138110_HNSCC_1_PBMC_CGGAGCTTCGCCTGAG	127.78423827540303	28.03781172858032	132.06807120684692	84.34716688557761	4.287060968136668	0.0	0.0	0.0	0.0	0.0	0.0	0.0	0.0	0.0	0.0
GSM4138110_HNSCC_1_PBMC_CGGCTAGTCACATAGC	181.81504671205838	126.68727697756837	0.0	0.0	0.0	0.0	19.467297716268618	38.438475075571496	0.0	72.64313307592016	3.3161155680131165	0.0	0.0	0.0	0.0
GSM4138110_HNSCC_1_PBMC_CGGCTAGTCAGAGACG	120.58763292030945	11.007023048869367	61.5867590225224	41.985557133254275	24.83623932184231	12.527217939192376	0.0	0.0	0.0	0.0	0.0	0.0	0.0	0.0	0.0
GSM4138110_HNSCC_1_PBMC_CGGCTAGTCCTAAGTG	67.53872396100445	46.07661824187922	0.0	0.0	59.320010500261795	0.0	0.0	0.0	0.0	0.0	0.0	0.0	0.0	38.75256843352553	92.64609080767535
GSM4138110_HNSCC_1_PBMC_CGTAGCGAGAAGGGTA	101.32072037086155	8.547663075048625	154.37842060278837	63.14367890699575	0.0	0.0	0.0	0.0	0.0	0.0	0.0	0.0	0.0	0.0	0.0
GSM4138110_HNSCC_1_PBMC_CGTAGGCGTGGTAACG	44.38190084651131	46.16800051547549	85.24556175742273	0.0	0.580216395854014	23.310887941061562	19.800348942817184	0.0	0.0	0.0	0.0	0.0	0.0	0.0	0.0
GSM4138110_HNSCC_1_PBMC_CGTCACTTCAAACCGT	85.30357538515635	4.639367851938309	100.14989275330339	86.68045774706786	0.0	0.0	0.0	0.0	0.0	0.0	0.0	0.0	0.0	0.0	0.0
GSM4138110_HNSCC_1_PBMC_CGTCCATAGCAGCGTA	57.80705133568825	22.969791581675555	77.6513542753253	14.304284184313275	0.0	0.0	0.0	0.0	0.0	0.0	0.0	0.0	0.0	0.0	0.0
GSM4138110_HNSCC_1_PBMC_CGTGTAAAGGTGTGGT	103.6526893925101	0.0	64.22045480700315	0.0	118.44339913708268	0.0	0.0	0.0	0.0	0.0	0.0	29.912187840328226	0.0	0.0	0.0
GSM4138110_HNSCC_1_PBMC_CGTTGGGCAGGCGATA	92.68988359933282	82.32601462993074	0.0	0.0	0.0	0.0	64.87039883051406	0.0	0.0	0.0	0.0	0.0	0.0	0.0	0.0
GSM4138110_HNSCC_1_PBMC_CTACACCGTAGCTTGT	49.91999109351042	0.0	101.96806589969583	69.97839562283359	0.0	17.45133964932733	0.0	0.0	0.0	0.0	0.0	0.0	0.0	0.0	0.0
GSM4138110_HNSCC_1_PBMC_CTACGTCAGTGGGATC	124.13992183862148	0.0	55.19655508669622	58.75857201160096	0.0	8.43900550082834	0.0	0.0	0.0	0.0	0.0	0.0	0.0	0.0	0.0
GSM4138110_HNSCC_1_PBMC_CTACGTCTCCACGAAT	59.90365377708049	0.0	76.03944914062536	48.774407553048576	0.0	0.0	0.0	0.0	0.0	0.0	0.0	0.0	0.0	0.0	0.0
GSM4138110_HNSCC_1_PBMC_CTAGCCTAGCCAACAG	45.1663843269612	91.04746138075869	0.0	0.0	0.0	68.31412169117192	60.82342673208991	0.0	0.0	0.0	0.0	0.0	0.0	0.0	0.0
GSM4138110_HNSCC_1_PBMC_CTCAGAATCGAATGGG	101.34598319159957	0.0	30.318330515478184	123.76804089555584	0.0	0.0	0.0	0.0	0.0	0.0	0.0	97.1319401688026	0.0	0.0	0.0
GSM4138110_HNSCC_1_PBMC_CTCCTAGCAAGTCTGT	85.86990859207341	0.0	0.0	0.0	115.81587142867427	0.0	78.99605760072646	0.0	0.0	0.0	0.0	0.0	0.0	0.0	0.0
GSM4138110_HNSCC_1_PBMC_CTCGGAGAGCAGGTCA	128.83868035515533	23.872068353813788	98.32772007849859	56.27948223755797	0.0	0.0	0.0	0.0	0.0	0.0	0.0	0.0	0.0	0.0	0.0
GSM4138110_HNSCC_1_PBMC_CTCGTACTCAGCAACT	171.98454628651282	0.0	115.7678256130983	0.0	157.32433126109092	0.0	0.0	0.0	0.0	0.0	0.0	0.0	0.0	0.0	0.0
GSM4138110_HNSCC_1_PBMC_CTCGTCAAGCTCTCGG	227.89736068772058	0.0	0.0	0.0	72.51730122778298	0.0	0.0	0.0	0.0	0.0	0.0	0.0	196.1955026157244	0.0	0.0
GSM4138110_HNSCC_1_PBMC_CTCTACGCAGATCGGA	55.64862333130144	0.0	39.70007388307614	0.0	56.34868417895528	0.0	0.0	0.0	0.0	0.0	0.0	0.0	0.0	0.0	0.0
GSM4138110_HNSCC_1_PBMC_CTCTGGTAGACAGGCT	43.93215285839386	4.3356609550107486	93.39845717308208	0.0	78.00632801868323	0.0	0.0	0.0	0.0	0.0	0.0	0.0	0.0	0.0	0.0
GSM4138110_HNSCC_1_PBMC_CTCTGGTCACAGCCCA	0.0	0.0	140.02224172726264	0.0	83.65949639403702	117.0566450279699	0.0	0.0	0.0	0.0	0.0	0.0	0.0	0.0	0.0
GSM4138110_HNSCC_1_PBMC_CTGAAACCAGCCTTGG	17.776622672658462	0.0	0.0	80.48378667864311	0.0	77.9014500956322	77.44902221616377	0.0	0.0	0.0	0.0	0.0	0.0	0.0	0.0
GSM4138110_HNSCC_1_PBMC_CTGAAACCAGTATGCT	58.358545404930716	118.3068823667378	0.0	0.0	0.0	0.0	0.0	0.0	0.0	109.75676143028363	0.0	0.0	0.0	0.0	0.0
GSM4138110_HNSCC_1_PBMC_CTGAAGTCAGCTGCTG	64.25499605353208	0.0	89.69947623031642	0.0	97.49387454024115	0.0	0.0	0.0	0.0	0.0	0.0	0.0	0.0	0.0	0.0
GSM4138110_HNSCC_1_PBMC_CTGAAGTGTTCTCATT	87.47152621146614	0.0	0.0	67.12751947890497	0.0	0.0	0.0	0.0	0.0	0.0	0.0	0.0	54.59598526709186	0.0	0.0
GSM4138110_HNSCC_1_PBMC_CTGTTTACAAAGGTGC	41.32871691309906	66.52537312421401	0.0	0.0	0.0	61.36050913017295	73.06735677952847	0.0	0.0	0.0	0.0	0.0	0.0	0.0	0.0
GSM4138110_HNSCC_1_PBMC_CTTAACTGTGACGCCT	77.05656072993757	57.61612052171879	0.0	0.0	0.0	0.0	96.33914989980384	0.0	0.0	0.0	0.0	0.0	0.0	0.0	0.0
GSM4138110_HNSCC_1_PBMC_CTTAGGAAGGTGATTA	0.0	228.11000281992509	0.0	0.0	0.0	163.83143568437433	0.0	0.0	0.0	185.72155949871873	0.0	0.0	0.0	0.0	0.0
GSM4138110_HNSCC_1_PBMC_CTTAGGACAGAGTGTG	0.0	74.72024723555754	0.0	0.0	0.0	76.59690271817612	63.801280662068905	0.0	0.0	0.0	0.0	0.0	0.0	0.0	0.0
GSM4138110_HNSCC_1_PBMC_CTTGGCTCAAAGCGGT	109.2607316880781	0.0	128.42029462868368	97.44975675829156	0.0	0.0	0.0	0.0	0.0	0.0	0.0	0.0	0.0	0.0	0.0
GSM4138110_HNSCC_1_PBMC_GAAACTCGTCTTCTCG	145.40913312046746	0.0	68.07098154966864	179.00949252734242	0.0	0.0	0.0	0.0	0.0	0.0	0.0	41.93865416643597	0.0	0.0	0.0
GSM4138110_HNSCC_1_PBMC_GAAATGAAGAGCAATT	65.73313626284367	0.0	0.0	0.0	54.66273312705505	0.0	0.0	41.99598316474062	13.200772118697515	0.0	0.0	0.0	0.0	0.0	0.0
GSM4138110_HNSCC_1_PBMC_GAACATCTCGGTTAAC	0.0	0.0	0.0	0.0	89.43348357095456	87.07445894718565	0.0	0.0	0.0	0.0	70.42141621283021	0.0	0.0	0.0	0.0
GSM4138110_HNSCC_1_PBMC_GAACCTATCGGCCGAT	29.940804401321973	102.32827590758092	0.0	0.0	0.0	78.2768419155718	0.0	0.0	0.0	0.0	74.81647980966837	0.0	0.0	0.0	0.0
GSM4138110_HNSCC_1_PBMC_GAATGAAGTTGGACCC	70.93164454420798	0.0	41.378712061487526	65.44940993782046	0.0	0.0	0.0	0.0	0.0	0.0	0.0	0.0	0.0	0.0	0.0
GSM4138110_HNSCC_1_PBMC_GACAGAGAGAGCCTAG	57.321420218963	0.0	48.59885643770937	50.73490204980914	0.0	0.0	0.0	0.0	0.0	0.0	0.0	0.0	9.21959608486253	0.0	0.0
GSM4138110_HNSCC_1_PBMC_GACTAACAGGCAGGTT	116.89016573153116	0.0	27.919595814254627	162.07332274102728	0.0	0.0	0.0	0.0	0.0	17.40105072089967	0.0	87.56724367213447	0.0	0.0	0.0
GSM4138110_HNSCC_1_PBMC_GACTGCGGTATCTGCA	59.93676443013195	0.0	18.845869885591366	78.26515161409988	0.0	0.0	0.0	0.0	42.990534725486626	0.0	0.0	0.0	0.0	0.0	0.0
GSM4138110_HNSCC_1_PBMC_GACTGCGTCTAAGCCA	114.55367797720926	9.724620450219515	0.0	4.867315885509311	134.77522739231495	0.0	0.0	0.0	0.0	91.4965903388797	0.0	0.0	0.0	0.0	0.0
GSM4138110_HNSCC_1_PBMC_GATCGATGTGCTGTAT	2.2485772087314317	11.361008171061005	0.0	82.70113207726844	0.0	147.46906895902117	0.0	0.0	0.0	89.94928676720193	0.0	0.0	0.0	0.0	0.0
GSM4138110_HNSCC_1_PBMC_GATCTAGAGGGCTCTC	96.44929046781917	58.265484509642576	0.0	18.169111146527605	0.0	0.0	67.96822470910537	0.0	0.0	0.0	0.0	0.0	0.0	0.0	0.0
GSM4138110_HNSCC_1_PBMC_GATCTAGCAAACCTAC	131.12297014116666	51.46475645571526	102.5203972588888	80.75619517271637	0.0	0.0	0.0	0.0	0.0	0.0	0.0	0.0	0.0	0.0	0.0
GSM4138110_HNSCC_1_PBMC_GATGAAAAGAAGGGTA	53.6515317378808	0.0	0.0	0.0	58.99765171756425	0.0	68.64623814921812	0.9648016365465837	0.0	0.0	0.0	0.0	0.0	0.0	0.0
GSM4138110_HNSCC_1_PBMC_GATGCTAGTATGGTTC	99.00598723252058	55.48668788044821	79.78506407062179	0.0	0.0	0.0	0.0	39.72523895013044	0.0	0.0	0.0	0.0	0.0	0.0	0.0
GSM4138110_HNSCC_1_PBMC_GATTCAGAGCTATGCT	39.4519152740932	109.24812077337376	0.0	0.0	0.0	77.1134074793664	170.58155920436784	0.0	0.0	0.0	0.0	0.0	0.0	0.0	0.0
GSM4138110_HNSCC_1_PBMC_GCACATACATGAACCT	83.30795160244088	0.0	78.00212225517618	0.0	89.27957724961307	0.0	0.0	0.0	0.0	0.0	30.21036690261652	0.0	0.0	0.0	0.0
GSM4138110_HNSCC_1_PBMC_GCACATAGTCTTCTCG	93.44668759398994	71.82467773187685	73.75039420219854	0.0	0.0	0.0	42.82315948375572	0.0	0.0	0.0	0.0	0.0	0.0	0.0	0.0
GSM4138110_HNSCC_1_PBMC_GCAGTTATCCTACAGA	0.26898549425630913	0.0	31.892033600187908	0.0	74.12829306630078	26.23556182852554	0.0	0.0	0.0	0.0	0.0	24.89484662201741	0.0	0.0	0.0
GSM4138110_HNSCC_1_PBMC_GCATACAAGACACGAC	152.40770469865154	0.0	125.72202133476331	0.0	139.72451716404007	0.0	0.0	0.0	0.0	0.0	0.0	0.0	0.0	0.0	0.0
GSM4138110_HNSCC_1_PBMC_GCATGTATCTCATTCA	60.29819038269355	4.185434904682037	0.0	0.0	47.998323507385386	0.0	0.0	0.0	0.0	65.70730053677818	0.0	0.0	0.0	0.0	0.0
GSM4138110_HNSCC_1_PBMC_GCGAGAATCTATCCTA	95.54840966276798	57.274125584682864	0.0	12.563198119852775	0.0	0.0	65.14120037018806	0.0	0.0	0.0	0.7339441839303842	0.0	0.0	0.0	0.0
GSM4138110_HNSCC_1_PBMC_GCGCAACCAGTACACT	71.4077023348623	0.0	62.67712915369205	0.0	58.47921477374229	0.0	0.0	0.0	0.0	0.0	0.0	0.0	0.0	0.0	0.0
GSM4138110_HNSCC_1_PBMC_GCGCAACTCACCGTAA	51.11187077458978	108.90027001675688	78.29107079066105	0.0	19.927939758801617	0.0	0.0	0.0	0.0	0.0	0.0	0.0	0.0	0.0	0.0
GSM4138110_HNSCC_1_PBMC_GCGGGTTTCTGTACGA	92.89604764245881	51.02793253221188	100.50484450080917	25.734656701704868	0.0	0.0	0.0	10.937966814181696	0.0	0.0	0.0	0.0	0.0	0.0	0.0
GSM4138110_HNSCC_1_PBMC_GCTGCAGCACAACGCC	81.14721963687747	0.0	0.0	36.83743152897024	0.0	0.0	17.601700113793655	0.0	0.0	0.0	0.0	0.0	69.65829047858556	0.0	0.0
GSM4138110_HNSCC_1_PBMC_GGAACTTCAACTGGCC	107.27668132527019	0.0	126.64679814364037	72.8922719553775	0.0	0.0	0.0	0.0	0.0	0.0	0.0	0.0	0.0	0.0	0.0
GSM4138110_HNSCC_1_PBMC_GGAATAAAGAACAATC	66.60152031881489	68.11649339081153	85.44858737524682	0.0	0.0	0.0	0.0	0.0	0.0	0.0	0.0	0.0	0.0	0.0	0.0
GSM4138110_HNSCC_1_PBMC_GGACATTCACGGTTTA	87.2733537686021	59.70679831445732	0.0	6.055829504668581	0.0	0.0	0.0	0.0	107.69836305220473	0.0	0.0	0.0	0.0	0.0	0.0
GSM4138110_HNSCC_1_PBMC_GGCTCGATCCGCGTTT	68.00557843670423	79.07951626828337	0.0	0.0	0.0	0.0	0.0	0.0	0.0	0.0	0.0	0.0	61.617969298095176	0.0	0.0
GSM4138110_HNSCC_1_PBMC_GGGACCTAGCCAGGAT	93.81826977902928	60.12019079162175	0.0	14.629695531672644	0.0	0.0	33.16781796267448	0.0	0.0	0.0	44.242171377577925	0.0	0.0	0.0	6.849066531807462
GSM4138110_HNSCC_1_PBMC_GGGACCTCAGTCACTA	105.2260684292689	0.0	175.38916733708723	65.10690991041689	117.81792038821179	16.11203316976734	0.0	0.0	0.0	0.0	0.0	0.0	0.0	0.0	0.0
GSM4138110_HNSCC_1_PBMC_GGGAGATGTGTGCGTC	36.519191611265384	55.84746454751125	0.0	0.0	0.0	24.108828237637542	0.0	97.31579336624098	0.0	0.0	0.0	0.0	0.0	0.0	0.0
GSM4138110_HNSCC_1_PBMC_GGGAGATTCACGATGT	100.0599235779764	52.26429261973519	39.949839610618724	0.0	0.0	1.157663255234456	0.0	0.0	0.0	0.0	0.0	0.0	0.0	0.0	0.0
GSM4138110_HNSCC_1_PBMC_GGGTTGCGTCCGAAGA	109.72613557969377	71.69300090081387	52.419591382474785	26.725898061686895	0.0	0.0	0.0	36.47595711223362	0.0	0.0	0.0	0.0	0.0	0.0	0.0
GSM4138110_HNSCC_1_PBMC_GGTGAAGTCGCTTGTC	61.181695370894296	82.20426166906951	92.39429042953991	0.0	0.0	47.61434370761864	0.0	0.0	0.0	0.0	0.0	0.0	0.0	0.0	0.0
GSM4138110_HNSCC_1_PBMC_GGTGTTACAAACGCGA	88.24037336583318	89.88106425487933	0.0	18.578574259902062	0.0	0.0	79.15938151076614	0.0	0.0	0.0	0.0	0.0	0.0	0.0	0.0
GSM4138110_HNSCC_1_PBMC_GTAACTGTCTTCGAGA	0.0	0.0	84.97536832242041	100.60022318172634	0.0	108.80753514802407	0.0	0.0	0.0	0.0	0.0	0.0	0.0	0.0	0.0
GSM4138110_HNSCC_1_PBMC_GTAGGCCAGGTGTGGT	27.41038690739386	98.48701885906144	64.7102785645609	0.0	0.0	36.425039056111224	0.0	0.0	0.0	0.0	0.0	0.0	0.0	0.0	0.0
GSM4138110_HNSCC_1_PBMC_GTAGTCACAGATCCAT	79.90593150737641	0.0	97.08006574626556	93.2430949003105	0.0	0.0	0.0	0.0	0.0	0.0	0.0	0.0	0.0	0.0	0.0
GSM4138110_HNSCC_1_PBMC_GTAGTCAGTGGGTCAA	54.76877501678134	55.38300245862797	0.0	0.0	0.0	0.0	65.1440242817062	0.0	0.0	0.0	0.0	0.0	0.0	0.0	0.0
GSM4138110_HNSCC_1_PBMC_GTATTCTAGGGTTTCT	107.06711891808371	0.0	0.0	153.93423524434442	0.0	0.0	0.0	28.357180947901313	37.85663902019854	0.0	0.0	0.0	0.0	0.0	0.0
GSM4138110_HNSCC_1_PBMC_GTATTCTTCCAAACTG	0.0	76.27039302821791	9.539788910691598	27.65543018471922	0.0	104.56623095473643	98.31905213073824	0.0	0.0	0.0	0.0	0.0	0.0	0.0	0.0
GSM4138110_HNSCC_1_PBMC_GTCGTAACAGGAACGT	56.479596903898745	0.0	57.842090641704985	111.349186065702	0.0	16.280992689526386	0.0	0.0	0.0	0.0	0.0	0.0	0.0	0.0	0.0
GSM4138110_HNSCC_1_PBMC_GTCGTAAGTATGAAAC	56.46186755170261	0.0	0.0	45.39564885581556	0.0	4.069012223223489	83.46569269961633	0.0	0.0	0.0	0.0	0.0	0.0	0.0	0.0
GSM4138110_HNSCC_1_PBMC_GTCTCGTGTACGCACC	37.5184398832147	0.0	0.0	98.21934107295225	0.0	83.82020806528702	37.299775584686884	0.0	0.0	0.0	0.0	0.0	0.0	0.0	0.0
GSM4138110_HNSCC_1_PBMC_GTGGGTCAGAATGTGT	53.61014504497214	66.53589026080104	0.0	0.0	0.0	0.0	0.0	6.944542823408094	47.239119730085406	0.0	0.0	0.0	0.0	0.0	0.0
GSM4138110_HNSCC_1_PBMC_GTTCATTGTAGCTGCC	92.44645668523343	90.14563046380704	140.91915351387894	24.806545710984313	0.0	0.0	0.0	0.0	0.0	0.0	0.0	0.0	0.0	0.0	0.0
GSM4138110_HNSCC_1_PBMC_GTTCATTTCCGCGGTA	93.90198477259565	90.74914249260199	100.58585378839204	0.0	0.0	0.0	0.0	0.0	9.691527270460679	0.0	0.0	0.0	0.0	0.0	0.0
GSM4138110_HNSCC_1_PBMC_GTTCTCGCACTATCTT	91.2135476638286	54.68754075465659	5.218990801344038	0.0	18.22973595176724	0.0	0.0	58.366007427594404	0.0	0.0	0.0	0.0	0.0	0.0	0.0
GSM4138110_HNSCC_1_PBMC_GTTCTCGTCAGAGACG	49.703345437764604	70.60602078200304	0.0	48.32837909414207	0.0	18.050226978002364	0.0	15.122179720615032	53.78706745201167	0.0	0.0	0.0	0.0	0.0	0.0
GSM4138110_HNSCC_1_PBMC_TAAGCGTAGGTGCTTT	69.51537810692517	218.53864319836305	159.67058471692525	0.0	0.0	75.80792039519373	0.0	0.0	0.0	0.0	0.0	0.0	0.0	0.0	0.0
GSM4138110_HNSCC_1_PBMC_TACAGTGGTCATCGGC	108.40788817712581	135.78753788474904	150.27593036715982	0.0	0.0	0.0	0.0	0.0	0.0	0.0	0.0	0.0	0.0	0.0	0.0
GSM4138110_HNSCC_1_PBMC_TACCTTATCACGATGT	139.8402658406889	23.25353983613268	99.22115191439065	102.74517666600552	0.0	0.0	0.0	0.0	0.0	0.0	0.0	0.0	0.0	0.0	0.0
GSM4138110_HNSCC_1_PBMC_TACGGATTCTAACTTC	0.0	82.2075540308921	23.34722343208038	6.03678941123138	0.0	52.89005731792732	20.08700304708779	0.0	27.40801769271654	0.0	0.0	0.0	3.5102984546310765	0.0	0.0
GSM4138110_HNSCC_1_PBMC_TACTTGTAGTCATCCA	56.29866201686223	0.0	0.0	129.92200021055498	0.0	0.0	0.0	0.0	0.0	105.16430472313479	0.0	0.0	0.0	0.0	0.0
GSM4138110_HNSCC_1_PBMC_TACTTGTTCAGAGCTT	87.05339608856569	46.08570285963942	0.0	17.300354782451144	20.557666342676317	0.0	74.28421744615981	0.0	0.0	0.0	0.0	0.0	53.84928850951615	0.0	0.0
GSM4138110_HNSCC_1_PBMC_TAGACCAGTCCGAGTC	92.55090195213953	6.4228837396542255	104.83278341524893	0.0	112.32012958090982	0.0	0.0	0.0	0.0	0.0	0.0	0.0	0.0	0.0	0.0
GSM4138110_HNSCC_1_PBMC_TAGAGCTGTTCCCTTG	66.82337881202051	0.0	82.78303686730217	69.04903264008337	13.331804761337416	0.0	0.0	0.0	0.0	0.0	0.0	0.0	0.0	0.0	0.0
GSM4138110_HNSCC_1_PBMC_TATCTCACACGGCGTT	0.0	71.35745613396593	98.64261102909566	0.0	0.0	111.08771261458054	0.0	0.0	0.0	0.0	0.0	0.0	0.0	0.0	0.0
GSM4138110_HNSCC_1_PBMC_TATCTCATCAACGGGA	107.56660240506501	0.0	0.0	0.0	91.62220951019253	0.0	0.0	138.62261298004404	0.0	0.0	0.0	0.0	0.0	0.0	0.0
GSM4138110_HNSCC_1_PBMC_TCACGAATCTGTCCGT	46.029114403420714	89.33252964175004	0.0	0.0	7.842514976038382	36.270653998793385	119.57647132700889	0.0	0.0	0.0	0.0	0.0	0.0	0.0	0.0
GSM4138110_HNSCC_1_PBMC_TCAGATGTCCGCGTTT	24.708679281381873	87.41513336812623	22.028423547364127	0.0	0.0	69.84077853329906	0.0	0.0	0.0	0.0	0.0	31.545042915302385	18.13092434179489	0.0	0.0
GSM4138110_HNSCC_1_PBMC_TCAGCAAAGGCGCTCT	161.78868172210792	0.0	0.0	28.447680853173654	0.0	0.0	71.77698397556512	0.0	0.0	0.0	0.0	0.0	0.0	0.0	0.0
GSM4138110_HNSCC_1_PBMC_TCATTACAGCGCTCCA	74.77049694992665	0.0	112.4956113282955	0.0	73.37006604001152	0.0	0.0	0.0	0.0	0.0	0.0	0.0	0.878257138791701	0.0	0.0
GSM4138110_HNSCC_1_PBMC_TCCCGATAGTGGAGAA	75.23863971803405	0.0	0.0	0.0	35.36387382461453	0.0	0.0	69.27092354274659	0.0	0.0	0.0	0.0	0.0	0.0	0.0
GSM4138110_HNSCC_1_PBMC_TCGCGAGGTAGCACGA	125.26791698297112	0.0	128.96942002529394	145.09657202227973	0.0	0.0	0.0	0.0	0.0	0.0	0.0	0.0	0.0	0.0	0.0
GSM4138110_HNSCC_1_PBMC_TCGGGACTCAACGAAA	0.0	89.8657441712429	85.99623323784208	0.0	0.0	98.162268742128	0.0	0.0	0.0	0.0	0.0	0.0	0.0	0.0	0.0
GSM4138110_HNSCC_1_PBMC_TCGGGACTCGAGAGCA	156.84915285756784	53.43304352632421	0.0	69.40103953529395	0.0	0.0	134.46800584012558	0.0	0.0	0.0	0.0	0.0	0.0	0.0	0.0
GSM4138110_HNSCC_1_PBMC_TCGGTAATCACTCTTA	87.6719990477527	0.0	0.0	15.387161343368426	48.84775457730113	0.0	0.0	0.0	113.6164135410639	0.0	0.0	0.0	0.0	0.0	0.0
GSM4138110_HNSCC_1_PBMC_TCGTACCTCCGCAAGC	292.59805598628424	108.91305177372071	161.87175460168783	50.49890611348185	0.0	0.0	0.0	0.0	0.0	0.0	0.0	0.0	0.0	0.0	0.0
GSM4138110_HNSCC_1_PBMC_TCGTACCTCTGCCCTA	149.85265161452102	0.0	191.46357148664433	0.0	223.4574742199033	0.0	0.0	0.0	0.0	0.0	0.0	0.0	0.0	0.0	0.0
GSM4138110_HNSCC_1_PBMC_TCTATTGGTCTAAAGA	64.06071653487842	94.34998638702258	56.688480184987746	0.0	0.0	7.103807288312184	10.152972491367864	0.0	29.839092249092214	0.0	0.0	0.0	0.0	0.0	0.0
GSM4138110_HNSCC_1_PBMC_TCTATTGGTTGGTTTG	71.3899249160673	0.0	0.0	59.28193045298296	34.816852477362886	0.0	0.0	0.0	4.571477243117716	0.0	0.0	0.0	85.1536683576057	0.0	0.0
GSM4138110_HNSCC_1_PBMC_TCTATTGTCTGCAGTA	61.07454812669673	61.97010786412494	0.0	0.0	0.0	0.0	0.0	0.0	47.60689005841015	0.0	0.0	0.0	0.0	0.0	0.0
GSM4138110_HNSCC_1_PBMC_TCTGAGACAGATAATG	110.10401433275987	39.06653615155879	0.0	0.0	93.36747458303559	0.0	122.17514597502591	0.0	0.0	0.0	0.0	0.0	0.0	0.0	0.0
GSM4138110_HNSCC_1_PBMC_TCTGAGAGTAAGAGAG	83.99643239924431	0.0	0.0	94.29141966711711	0.0	0.0	79.97688517816934	0.0	0.0	0.0	0.0	0.0	0.0	0.0	0.0
GSM4138110_HNSCC_1_PBMC_TCTGAGATCCTTTCTC	77.90130024285028	0.0	120.2119558325249	89.85835565421284	0.0	0.0	0.0	0.0	0.0	0.0	0.0	0.0	0.0	0.0	0.0
GSM4138110_HNSCC_1_PBMC_TCTGGAATCTCAAACG	75.42504108586327	0.0	124.63791025493761	70.77064366545824	0.0	0.0	0.0	0.0	0.0	0.0	0.0	0.0	0.0	0.0	0.0
GSM4138110_HNSCC_1_PBMC_TCTTTCCAGTGGGCTA	0.0	50.03201346282255	0.0	39.080663545241876	0.0	77.6282064742826	116.70542671914306	0.0	0.0	0.0	0.0	0.0	0.0	0.0	0.0
GSM4138110_HNSCC_1_PBMC_TGAAAGACACTTCGAA	39.06668946368001	0.0	82.43080046832551	0.0	37.330231376150614	0.0	0.0	0.0	0.0	0.0	0.0	0.0	0.0	0.0	0.0
GSM4138110_HNSCC_1_PBMC_TGACAACGTTAAGGGC	139.60744966900452	0.0	128.07598682249005	125.45629995775057	0.0	0.0	0.0	0.0	0.0	0.0	0.0	0.0	0.0	0.0	0.0
GSM4138110_HNSCC_1_PBMC_TGACGGCAGCGCCTTG	58.990720257449155	88.75303119835678	174.46662624950804	0.0	15.85041083369907	0.0	0.0	0.0	0.0	0.0	0.0	0.0	0.0	0.0	0.0
GSM4138110_HNSCC_1_PBMC_TGACGGCGTTACGACT	74.74350499822674	0.0	83.25430976402382	6.863030990017747	76.4719328945417	0.0	0.0	0.0	0.0	0.0	0.0	0.0	0.0	0.0	0.0
GSM4138110_HNSCC_1_PBMC_TGACGGCTCGGTTCGG	96.1423420944836	0.0	0.0	120.66992179573647	0.0	6.40464502940624	0.0	0.0	74.03696066646053	0.0	0.0	0.0	6.2063976832453545	0.0	0.0
GSM4138110_HNSCC_1_PBMC_TGACTAGAGAACTGTA	49.41858012378317	19.017531572910695	83.79561355831244	1.6384682089222373	0.0	0.0	0.0	0.0	0.0	0.0	0.0	0.0	0.0	0.0	0.0
GSM4138110_HNSCC_1_PBMC_TGAGCATGTATTCTCT	0.0	142.54178760745393	0.0	55.95698937255537	0.0	281.70908295082154	0.0	43.38539318000212	0.0	0.0	0.0	149.82079291591808	0.0	0.0	0.0
GSM4138110_HNSCC_1_PBMC_TGCACCTTCCAGGGCT	107.37147355866779	200.32465311175025	137.5039587872184	0.0	0.0	0.0	0.0	0.0	0.0	0.0	0.0	0.0	0.0	0.0	0.0
GSM4138110_HNSCC_1_PBMC_TGCCAAATCGCGGATC	65.72385223055416	0.0	110.03792524395463	116.25964553737586	0.0	0.0	0.0	0.0	0.0	0.0	0.0	0.0	0.0	0.0	0.0
GSM4138110_HNSCC_1_PBMC_TGCCAAATCTTCCTTC	71.21820904228741	104.66249281678657	62.487004919842526	0.0	0.0	0.0	0.0	0.0	0.0	0.0	0.0	0.0	0.0	0.0	0.0
GSM4138110_HNSCC_1_PBMC_TGCCCATGTGGTCCGT	84.76237118679258	0.0	0.0	7.84244585090668	65.76060651608259	0.0	72.26851707912918	0.0	0.0	0.0	0.0	0.0	0.0	0.0	0.0
GSM4138110_HNSCC_1_PBMC_TGCCCTACAAAGCAAT	94.56185335003957	87.72857372260711	111.14712005266676	0.0	0.0	0.0	0.0	0.0	0.0	0.0	0.0	0.0	0.0	0.0	0.0
GSM4138110_HNSCC_1_PBMC_TGCCCTAGTGTCGCTG	95.03337676615362	14.709366515193013	0.0	28.12948524902745	20.89142976938696	1.3696622623648536	144.7209828289662	0.0	0.0	0.0	0.0	0.0	0.0	0.0	0.0
GSM4138110_HNSCC_1_PBMC_TGCGCAGAGGGCATGT	12.891614696433004	156.26610549553007	0.0	0.0	0.0	196.17790271753614	0.0	133.52740515872512	0.0	0.0	26.088964890185498	0.0	0.0	0.0	0.0
GSM4138110_HNSCC_1_PBMC_TGCTACCCACTACAGT	135.55420961094185	43.042047395281074	102.69230644107583	63.0488793084289	0.0	0.0	0.0	0.0	0.0	0.0	0.0	0.0	0.0	0.0	0.0
GSM4138110_HNSCC_1_PBMC_TGCTACCCATTACGAC	66.29659792538307	51.51123883727991	6.057070201751188	9.764467371614144	0.0	15.264789634245519	15.860649863901424	0.0	0.0	0.0	0.0	0.0	46.33122503057576	0.0	0.0
GSM4138110_HNSCC_1_PBMC_TGCTACCTCAACCAAC	0.0	49.03502102295701	47.83639209505135	11.363267252670093	0.0	141.47535834251454	0.0	0.0	0.0	0.0	3.9848636891065303	0.0	0.0	0.0	0.0
GSM4138110_HNSCC_1_PBMC_TGGACGCGTCATACTG	130.3811532924802	0.0	113.36059301099034	108.75742067904233	0.0	0.0	0.0	0.0	0.0	0.0	0.0	0.0	0.0	0.0	0.0
GSM4138110_HNSCC_1_PBMC_TGGCCAGTCCTTAATC	105.0361051463989	0.0	0.0	0.0	165.82685722821674	0.0	74.5815973317163	0.0	7.198287487041857	0.0	0.0	0.0	0.0	0.0	0.0
GSM4138110_HNSCC_1_PBMC_TGGCTGGCAGTCGATT	56.95761849537198	0.0	130.63174946469394	183.62997336387352	0.0	171.6546770430698	0.0	0.0	0.0	0.0	0.0	0.0	0.0	0.0	0.0
GSM4138110_HNSCC_1_PBMC_TGGGAAGCAATGGAGC	39.86411574930724	0.0	0.0	68.79256789667026	0.0	0.0	0.0	63.76982172007992	0.0	0.0	0.0	0.0	0.0	0.0	0.0
GSM4138110_HNSCC_1_PBMC_TGGGCGTAGGGAGTAA	110.04451364856698	0.0	0.0	68.83900177687484	0.0	0.0	71.02749705332393	0.0	0.0	0.0	0.0	0.0	0.0	0.0	0.0
GSM4138110_HNSCC_1_PBMC_TGGGCGTGTTCGCGAC	0.0	47.8195692383729	53.453837076130206	22.467336079507504	0.0	98.61163937149608	0.0	0.0	0.0	0.0	0.0	0.0	0.0	0.0	0.0
GSM4138110_HNSCC_1_PBMC_TGGGCGTTCAACTCTT	8.259438425719786	32.47695785725884	93.96572968832184	23.738703984773938	0.0	41.03107836115282	0.0	0.0	0.0	0.0	0.0	0.0	12.751330911369788	0.0	0.0
GSM4138110_HNSCC_1_PBMC_TGGTTAGGTAGAAAGG	0.0	89.10602131587993	58.86828522115578	0.0	0.0	59.35004052245084	0.0	0.0	0.0	0.0	0.0	0.0	0.0	0.0	0.0
GSM4138110_HNSCC_1_PBMC_TGGTTAGTCGTCCGTT	46.76851292751806	107.2121558958588	110.65088245318029	0.0	0.0	87.23802027363374	0.0	0.0	0.0	0.0	0.0	0.0	0.0	0.0	0.0
GSM4138110_HNSCC_1_PBMC_TTAACTCGTGTTCTTT	44.93682426783609	31.51860706467168	117.82001538306024	29.82043120364144	0.0	0.0	0.0	0.0	0.0	0.0	0.0	0.0	0.0	0.0	0.0
GSM4138110_HNSCC_1_PBMC_TTAACTCGTTAGTGGG	111.071002647508	0.0	137.54039780342436	138.67225674077187	0.0	0.0	0.0	0.0	0.0	0.0	0.0	0.0	0.0	0.0	0.0
GSM4138110_HNSCC_1_PBMC_TTAGGCATCATGTCCC	61.84484399651389	68.4870660224632	0.0	0.0	0.0	0.0	0.0	67.0479547228995	0.0	0.0	0.0	0.0	0.0	0.0	0.0
GSM4138110_HNSCC_1_PBMC_TTCTACAGTTGTGGAG	36.901488308520115	0.0	43.79863620359046	0.0	162.2052531270226	0.0	0.0	0.0	0.0	0.0	0.0	0.0	0.0	0.0	0.0
GSM4138110_HNSCC_1_PBMC_TTCTCAATCCTCTAGC	45.23574060102759	94.47716378196348	137.51296376777267	0.0	0.0	51.31244632771977	0.0	0.0	0.0	0.0	0.0	0.0	0.0	0.0	0.0
GSM4138110_HNSCC_1_PBMC_TTCTCCTTCCCGACTT	6.010378054912697	0.0	41.094351258358316	73.05972236688106	0.0	91.75603153467851	0.0	0.0	0.0	0.0	0.0	0.0	0.0	0.0	0.0
GSM4138110_HNSCC_1_PBMC_TTGACTTCATGGAATA	74.53713615344638	102.21878290672014	91.92179549534437	0.0	0.0	0.0	0.0	0.0	0.0	0.0	0.0	0.0	0.0	0.0	0.0
GSM4138110_HNSCC_1_PBMC_TTGACTTTCAGGTAAA	111.03290510412249	79.91269067194139	0.0	0.0	0.0	0.0	0.0	0.0	0.0	0.0	0.0	86.48382814991805	0.0	0.0	0.0
GSM4138110_HNSCC_1_PBMC_TTGTAGGCAGCGTTCG	0.0	60.91775824851263	0.0	0.0	0.0	39.60078554340664	41.32745504208006	0.0	0.0	0.0	0.0	0.0	0.0	0.0	0.0
GSM4138110_HNSCC_1_PBMC_TTTACTGGTTCTGGTA	64.37814475019871	0.0	26.26980209909591	0.0	69.79802512856469	0.0	0.0	0.0	0.0	0.0	0.0	0.0	11.897818552446811	0.0	0.0
GSM4138110_HNSCC_1_PBMC_TTTATGCGTTTGTGTG	56.686145048200075	16.34934481120614	72.99878056427525	46.986056989698824	0.0	0.0	0.0	0.0	0.0	0.0	0.0	0.0	0.0	0.0	0.0
GSM4138110_HNSCC_1_PBMC_TTTCCTCCAGATCCAT	82.8158479807629	0.0	76.9717501811941	0.0	89.54225594202673	0.0	0.0	0.0	0.0	0.0	0.0	0.0	0.0	0.0	0.0
GSM4138110_HNSCC_1_PBMC_TTTCCTCGTTCGCGAC	89.18331381640255	0.0	0.0	143.49547099080146	0.0	0.0	0.0	0.0	0.0	149.02479303968846	0.0	0.0	0.0	0.0	0.0
GSM4138110_HNSCC_1_PBMC_TTTGCGCCACGAAATA	89.96641242390076	0.0	80.9870209457723	82.1137723231124	0.0	0.0	0.0	0.0	0.3422889085791006	0.0	0.0	0.0	0.0	0.0	0.0
GSM4138110_HNSCC_1_PBMC_TTTGCGCGTTTCCACC	91.0371083445812	83.62060053208965	96.7552322662541	0.0	0.0	0.0	0.0	0.0	0.0	0.0	0.0	0.0	0.0	0.0	0.0
GSM4138110_HNSCC_1_PBMC_TTTGGTTAGAATTGTG	87.22422568171483	46.14271869369329	94.83206586359991	45.258967762639145	0.0	0.0	0.0	0.0	0.0	0.0	0.0	0.0	0.0	0.0	0.0
GSM4138110_HNSCC_1_PBMC_TTTGGTTAGAGCAATT	0.0	78.53742489156306	141.3273613385076	6.2894423848587255	0.0	121.16117060874502	0.0	0.0	0.0	0.0	0.0	0.0	0.0	0.0	0.0
GSM4138110_HNSCC_1_PBMC_TTTGGTTGTCCGTGAC	104.57334682401917	0.0	62.95129747543495	0.0	98.62383151394623	0.0	0.0	0.0	0.0	0.0	0.0	0.0	0.0	0.0	0.0
GSM4138110_HNSCC_1_PBMC_TTTGTCAAGTACGATA	121.91726428737866	88.69147133501012	0.0	30.645960647345753	0.0	0.0	102.29277423231822	0.0	0.0	0.0	0.0	0.0	0.0	0.0	0.0
GSM4138110_HNSCC_1_PBMC_TTTGTCATCAGGCAAG	104.98315881699953	0.0	118.46913997694124	75.21048644154955	0.0	0.0	7.0798872641702255	0.0	0.0	0.0	0.0	0.0	0.0	0.0	0.0
GSM4138110_HNSCC_1_PBMC_TTTGTCATCGCGTAGC	117.47027071045946	40.26094401834757	0.0	28.25119425562053	0.0	4.505964738439067	0.0	0.0	0.0	0.0	0.0	62.22964039027042	0.0	0.0	0.0
GSM4138110_HNSCC_1_PBMC_ACGGAGAAGCAGGCTA	124.80975549256766	0.0	69.61624358726365	0.0	73.25149990493547	0.0	0.0	0.0	0.0	0.0	0.0	0.0	0.0	0.0	0.0
GSM4138110_HNSCC_1_PBMC_ACTATCTGTCGAGTTT	156.27108159955688	0.0	125.48625332954403	43.40605437981424	92.96911724537003	0.0	0.0	0.0	0.0	0.0	0.0	0.0	0.0	0.0	0.0
GSM4138110_HNSCC_1_PBMC_CAGTCCTGTAGAAGGA	86.7208629434595	96.81934698358177	103.5199076317045	0.0	0.0	0.0	0.0	0.0	0.0	0.0	0.0	0.0	0.0	0.0	0.0
GSM4138110_HNSCC_1_PBMC_CGATGTATCGGTCTAA	107.89350878347315	0.0	59.37386094645865	18.381652660782514	80.30484284217741	0.0	0.0	0.0	0.0	0.0	0.0	0.0	0.0	0.0	0.0
GSM4138110_HNSCC_1_PBMC_GACCTGGTCGCCAAAT	85.27309469417352	105.75322634864959	107.17074952872558	0.0	0.0	18.931104110677587	0.0	0.0	0.0	0.0	0.0	0.0	0.0	0.0	0.0
GSM4138110_HNSCC_1_PBMC_TACGGTACATGGTCAT	175.27480466586096	124.19913524470827	156.09037642044413	41.347178054450964	0.0	0.0	0.0	0.0	0.0	0.0	0.0	0.0	0.0	0.0	0.0
GSM4138110_HNSCC_1_PBMC_TTAGTTCTCGCGGATC	78.54348701047563	81.8976754761809	0.0	0.0	0.0	0.0	56.16785328161473	0.0	0.0	0.0	0.0	0.0	0.0	0.0	0.0
GSM4138110_HNSCC_1_PBMC_AAAGCAACACGCGAAA	161.11465062631265	155.7028355791738	186.40724839610823	0.0	0.0	0.0	0.0	0.0	0.0	0.0	0.0	0.0	0.0	0.0	0.0
GSM4138110_HNSCC_1_PBMC_AACTTTCGTGTATGGG	24.28937689593064	94.05530067826194	39.278940652035864	0.0	0.0	53.614689358730296	0.0	0.0	0.0	0.0	0.0	0.0	0.0	0.0	0.0
GSM4138110_HNSCC_1_PBMC_AAGGAGCAGGGAAACA	100.86600761728624	52.51210746204503	75.52875339734769	55.10888138058374	0.0	0.0	0.0	0.0	0.0	0.0	0.0	0.0	0.0	0.0	0.0
GSM4138110_HNSCC_1_PBMC_AATCGGTGTAATCACC	113.43853263411421	111.9649336662451	141.6050482292031	0.0	0.0	0.0	0.0	0.0	0.0	0.0	0.0	0.0	0.0	0.0	0.0
GSM4138110_HNSCC_1_PBMC_ATAACGCTCACAACGT	237.5454884686107	50.78441580179182	0.0	0.0	170.8140980397619	0.0	0.0	0.0	0.0	0.0	240.8638970061179	0.0	0.0	0.0	0.0
GSM4138110_HNSCC_1_PBMC_ATCATCTTCTGGCGAC	291.7874801477526	205.0774625157932	161.77403737316646	0.0	0.0	0.0	0.0	0.0	0.0	0.0	0.0	0.0	0.0	0.0	0.0
GSM4138110_HNSCC_1_PBMC_ATCCGAATCGTTTATC	187.62728715902028	126.95821605271063	98.44489985906304	0.0	0.0	0.0	0.0	0.0	0.0	0.0	0.0	0.0	0.0	0.0	0.0
GSM4138110_HNSCC_1_PBMC_ATGCGATTCGTGGGAA	174.5147769896183	32.233921966964296	10.464499246693332	100.33016821819248	0.0	0.0	107.7163632567711	0.0	0.0	0.0	0.0	0.0	0.0	0.0	0.0
GSM4138110_HNSCC_1_PBMC_CAAGAAATCAGGCAAG	96.73117204871076	29.079630156197638	72.1703577751992	13.251139714204777	43.96919919157792	0.0	0.0	0.0	0.0	0.0	0.0	18.12488718958025	0.0	0.0	0.0
GSM4138110_HNSCC_1_PBMC_CACAGGCCACACCGAC	23.916660533827216	84.45652003367978	204.82267386215193	107.64408963547721	0.0	281.1472033808631	0.0	0.0	0.0	0.0	0.0	0.0	0.0	0.0	0.0
GSM4138110_HNSCC_1_PBMC_CACTCCATCTGTACGA	88.00516672054638	102.1206055594787	60.06285924204857	0.0	0.0	0.0	0.0	0.0	0.0	0.0	0.0	0.0	0.0	0.0	0.0
GSM4138110_HNSCC_1_PBMC_CCTTCCCTCGCCTGTT	65.68411108851583	65.55924495071685	57.27381827810661	0.0	0.0	0.0	0.0	0.0	0.0	0.0	0.0	0.0	0.0	0.0	0.0
GSM4138110_HNSCC_1_PBMC_CGATTGAAGACTAAGT	150.74409530183033	132.704744273185	97.44894667915865	0.0	2.1434159915289004	0.0	0.0	0.0	0.0	0.0	0.0	0.0	0.0	0.0	0.0
GSM4138110_HNSCC_1_PBMC_CGGACGTTCTGAGTGT	44.102100989670056	0.0	0.0	64.00010444339674	0.0	0.0	0.0	0.0	109.98139036565388	0.0	0.0	0.0	0.0	0.0	0.0
GSM4138110_HNSCC_1_PBMC_CGGGTCATCCCAACGG	76.81363102900546	0.0	66.438937549176	68.5938072467369	0.0	0.0	0.0	0.0	0.0	0.0	0.0	0.0	0.0	0.0	0.0
GSM4138110_HNSCC_1_PBMC_CTCGAGGCATAGACTC	194.1569017813241	0.0	148.5582789169222	0.0	260.24875342428055	0.0	0.0	0.0	0.0	0.0	0.0	0.0	0.0	0.0	0.0
GSM4138110_HNSCC_1_PBMC_CTCGTCACAATAAGCA	166.42266903276905	0.0	121.80467042774907	0.0	184.62889665005756	0.0	0.0	0.0	0.0	0.0	0.0	0.0	0.0	0.0	0.0
GSM4138110_HNSCC_1_PBMC_CTGATCCTCTTTAGGG	125.35343339079641	50.86610121974629	127.09130788335409	43.94616598733362	34.703416616628935	0.0	0.0	0.0	0.0	0.0	0.0	0.0	0.0	0.0	0.0
GSM4138110_HNSCC_1_PBMC_CTGTGCTTCTAACGGT	138.99648216302637	106.7567919213487	116.93575709492664	0.0	0.0	0.0	0.0	0.0	0.0	0.0	0.0	0.0	0.0	0.0	0.0
GSM4138110_HNSCC_1_PBMC_CTGTGCTTCTATCGCC	114.1648803042885	151.88340804329707	0.0	0.0	0.0	2.3563436535856446	130.51667083279781	0.0	0.0	0.0	0.0	0.0	0.0	0.0	0.0
GSM4138110_HNSCC_1_PBMC_GACTAACGTCGACTGC	151.73241262405315	0.0	0.0	102.88353569132765	0.0	0.0	92.17999522714412	0.0	0.0	0.0	0.0	0.0	0.0	0.0	0.0
GSM4138110_HNSCC_1_PBMC_GAGGTGATCGTCCGTT	226.2084508245269	38.16286940833345	31.563406405568436	128.48940757333577	0.0	0.0	0.0	0.0	92.70012300164008	0.0	0.0	0.0	0.0	0.0	0.0
GSM4138110_HNSCC_1_PBMC_GATCAGTAGTGTACTC	91.58003545003554	153.35815711663759	132.9668948058897	0.0	0.0	23.111013249452903	0.0	0.0	0.0	0.0	0.0	0.0	0.0	0.0	0.0
GSM4138110_HNSCC_1_PBMC_GCTCTGTAGTATCTCG	0.0	3383.8169898856663	0.0	0.0	46.202720178190845	0.0	0.0	0.0	0.0	0.0	0.0	0.0	0.0	0.0	0.0
GSM4138110_HNSCC_1_PBMC_GGAACTTTCCGATATG	126.0510604949114	41.05189938526222	87.08765957861932	0.0	48.76156106280948	0.0	0.0	22.205420216059192	5.4697332031029795	0.0	0.0	0.0	0.0	0.0	0.0
GSM4138110_HNSCC_1_PBMC_GGACAGAAGCCATCGC	131.72110810815113	100.46747620891976	0.0	0.0	29.34394679645097	0.0	0.0	0.0	0.0	0.0	34.02710413931171	109.65536375755278	0.0	0.0	0.0
GSM4138110_HNSCC_1_PBMC_GGATGTTGTGCAGTAG	98.75961585937529	33.54675832103971	0.0	33.790890425478466	55.071031573118205	30.766457829753037	0.0	0.0	0.0	94.29429506886898	0.0	0.0	0.0	0.0	0.0
GSM4138110_HNSCC_1_PBMC_GTAACTGCAGCTGTTA	128.65960048661978	0.0	32.61080962154915	96.65345120807294	0.0	0.0	0.0	0.0	51.05534383653317	0.0	0.0	0.0	23.962858644125856	0.0	0.0
GSM4138110_HNSCC_1_PBMC_GTATTCTAGTAATCCC	205.95677136943462	191.33801855292123	163.14121695361155	0.0	0.0	0.0	0.0	0.0	0.0	0.0	0.0	0.0	0.0	0.0	0.0
GSM4138110_HNSCC_1_PBMC_GTGCAGCAGTCAAGCG	2474.9569970697385	0.0	0.0	0.0	0.0	599.014817528442	0.0	0.0	0.0	0.0	0.0	0.0	0.0	0.0	0.0
GSM4138110_HNSCC_1_PBMC_GTGCATACACAGGCCT	167.57525235906567	153.35916105798094	137.45620572974929	0.0	0.0	0.0	0.0	0.0	0.0	0.0	0.0	0.0	0.0	0.0	0.0
GSM4138110_HNSCC_1_PBMC_TACTCGCGTTTAGCTG	100.30688875393844	0.0	157.0631015309385	0.0	112.05916109079135	0.0	0.0	0.0	0.0	0.0	0.0	0.0	0.0	0.0	0.0
GSM4138110_HNSCC_1_PBMC_TACTTACGTTATGCGT	86.33668809125504	92.59609623838693	131.08476326272483	0.0	0.0	63.666787989132224	0.0	0.0	0.0	0.0	0.0	0.0	0.0	0.0	0.0
GSM4138110_HNSCC_1_PBMC_TAGCCGGGTTCAACCA	140.77525826049902	104.9924017890525	80.26145782111524	0.0	0.0	0.0	0.0	0.0	0.0	0.0	0.0	0.0	0.0	0.0	0.0
GSM4138110_HNSCC_1_PBMC_TCAGCAATCCCAAGAT	43.789586068498686	38.735018119857486	0.0	119.55598202012736	0.0	126.3941561922596	195.89323713096604	0.0	0.0	1.6103572018851136	0.0	0.0	0.0	0.0	0.0
GSM4138110_HNSCC_1_PBMC_TGACGGCGTTGAGTTC	0.0	162.07703752363807	0.0	208.64596993034678	92.01384476132884	308.6165751746717	0.0	0.0	0.0	0.0	0.0	0.0	321.0755595718138	0.0	0.0
GSM4138110_HNSCC_1_PBMC_TTGCGTCGTACTTCTT	133.49699149761352	0.0	108.25222058087593	0.0	186.1028058793624	0.0	0.0	0.0	0.0	0.0	0.0	0.0	0.0	0.0	0.0
GSM4138110_HNSCC_1_PBMC_TTTGTCAGTTAAGATG	81.25567649186665	9.105442399632087	100.30493874176433	0.0	71.31160589432632	0.0	0.0	0.0	0.0	0.0	0.0	0.0	0.0	0.0	0.0
GSM4138110_HNSCC_1_PBMC_ACGCAGCTCGTCACGG	0.0	192.7893260591586	0.0	0.0	0.0	165.0565317408831	0.0	147.41847343192245	0.0	1.1494584638259155	0.0	16.97432485118055	0.0	0.0	0.0
GSM4138110_HNSCC_1_PBMC_ATCATCTAGGAATCGC	138.10237975393497	138.7359683748292	0.0	0.0	0.0	0.0	0.0	0.0	0.0	0.0	166.3036171754924	0.0	0.0	0.0	0.0
GSM4138110_HNSCC_1_PBMC_TCAACGAGTTACGGAG	294.792744110155	0.0	285.48735435278877	0.0	369.54302431838033	0.0	0.0	0.0	0.0	0.0	0.0	0.0	0.0	0.0	0.0
GSM4138110_HNSCC_1_PBMC_AAACCTGGTCTCCCTA	0.0	314.6594130592761	294.6119719649593	0.0	0.0	239.78758222106444	0.0	0.0	0.0	0.0	0.0	0.0	0.0	0.0	0.0
GSM4138110_HNSCC_1_PBMC_ACACCGGAGTACACCT	250.64576404880668	401.0007224693525	0.0	0.0	0.0	0.0	0.0	0.0	305.0302484066333	0.0	0.0	0.0	0.0	0.0	0.0
GSM4138110_HNSCC_1_PBMC_ACTGCTCGTGGTCCGT	0.0	246.76120747877906	0.0	0.0	0.0	240.24468977588484	0.0	0.0	0.0	259.077191965666	0.0	0.0	0.0	0.0	0.0
GSM4138110_HNSCC_1_PBMC_AGCTCTCGTTAGTGGG	304.7740675639414	0.0	0.0	349.7246314035224	0.0	0.0	236.18817680881955	0.0	0.0	0.0	0.0	0.0	0.0	0.0	0.0
GSM4138110_HNSCC_1_PBMC_ATGGGAGAGGATGCGT	0.0	313.93737762463195	0.0	0.0	0.0	325.313033533699	0.0	0.0	0.0	338.9370834874005	0.0	0.0	0.0	0.0	0.0
GSM4138110_HNSCC_1_PBMC_ATTATCCTCGGAAATA	275.96297793499366	291.61110888348816	74.74335419074751	0.0	0.0	0.0	143.61472025866877	0.0	0.0	0.0	0.0	0.0	0.0	0.0	0.0
GSM4138110_HNSCC_1_PBMC_CATCAGATCGCAAACT	56.488230680607735	275.7806025992247	0.0	0.0	0.0	204.51535005936003	0.0	0.0	173.94953044714552	0.0	0.0	0.0	0.0	0.0	64.67012303930304
GSM4138110_HNSCC_1_PBMC_CGTAGCGCATGCAACT	376.272406026533	372.42015179402193	0.0	0.0	0.0	0.0	0.0	0.0	0.0	0.0	0.0	207.20044773816724	0.0	0.0	0.0
GSM4138110_HNSCC_1_PBMC_CGTCACTTCACGAAGG	0.0	294.86080321594267	0.0	0.0	0.0	248.969127297523	0.0	0.0	0.0	0.0	0.0	325.2933687447414	0.0	0.0	0.0
GSM4138110_HNSCC_1_PBMC_GCATACACACCAGCAC	0.0	246.36345177470628	0.0	0.0	0.0	283.8900737838972	0.0	0.0	0.0	250.22575418434312	0.0	0.0	0.0	0.0	0.0
GSM4138110_HNSCC_1_PBMC_GCGACCAGTCGATTGT	287.0322791933321	283.13245126790207	0.0	0.0	0.0	0.0	0.0	0.0	253.38742966218086	0.0	0.0	0.0	0.0	0.0	0.0
GSM4138110_HNSCC_1_PBMC_TACTTACTCGGCGCAT	50.29246698814627	124.43305328574267	0.0	0.0	0.0	0.0	0.0	0.0	106.35720649571077	0.0	0.0	0.0	0.0	0.0	0.0
GSM4138110_HNSCC_1_PBMC_ACCGTAAGTTACGTCA	146.8224988921129	207.24518438509287	0.0	0.0	0.0	0.0	0.0	131.07241327532714	0.0	83.66777317488048	0.0	0.0	0.0	0.0	0.0
GSM4138110_HNSCC_1_PBMC_ATCCACCAGACAGACC	128.5820678173183	117.71593423400934	0.0	0.0	0.0	0.0	0.0	122.02878080053209	0.0	0.0	0.0	0.0	0.0	0.0	0.0
GSM4138110_HNSCC_1_PBMC_ATGAGGGGTATATGGA	0.0	119.19102296500424	269.5243508107146	206.66889349242032	0.0	383.76391823024903	0.0	0.0	0.0	0.0	0.0	0.0	0.0	0.0	0.0
GSM4138110_HNSCC_1_PBMC_CACCAGGGTCAGAATA	0.0	0.0	0.0	284.7976661142176	0.0	261.02960508338515	0.0	142.61939143375741	0.0	0.0	0.0	0.0	0.0	0.0	0.0
GSM4138110_HNSCC_1_PBMC_CAGCAGCTCAAAGTAG	157.29981047949406	0.0	34.430263926053	0.0	223.15652837801224	0.0	0.0	0.0	0.0	0.0	86.60790690070867	0.0	0.0	0.0	0.0
GSM4138110_HNSCC_1_PBMC_CATCCACCAGTAACGG	181.97032729672085	164.7670758466129	143.88985460144207	0.0	0.0	22.60495937979916	68.4731731647533	0.0	0.0	0.0	0.0	0.0	0.0	0.0	0.0
GSM4138110_HNSCC_1_PBMC_CCTTTCTCATCCTAGA	116.48376144844815	183.17098677987815	184.8599723264263	0.0	0.0	21.848060235225155	0.0	0.0	0.0	0.0	0.0	0.0	0.0	0.0	0.0
GSM4138110_HNSCC_1_PBMC_CGTAGGCTCTACCAGA	168.76692258532836	186.5456116991247	0.0	0.0	0.0	0.0	26.938436859126277	0.0	0.0	5.541735830010013	155.32133494640703	0.0	0.0	0.0	0.0
GSM4138110_HNSCC_1_PBMC_CTGCCTAAGGACATTA	145.7756662823825	0.0	0.0	184.1975365216282	0.0	0.0	33.24485173455115	0.0	0.0	0.0	118.65514082893029	0.0	0.0	0.0	0.0
GSM4138110_HNSCC_1_PBMC_CTTTGCGGTGGTCCGT	157.89062769142362	16.457527925825353	0.0	34.434818727783934	54.88958871008364	0.0	0.0	0.0	0.0	0.0	0.0	0.0	0.0	0.0	137.61823256530252
GSM4138110_HNSCC_1_PBMC_GAAACTCAGACAAGCC	143.8233160597005	206.9839087252707	0.0	0.0	0.0	0.0	0.0	200.50243357613482	0.0	0.0	0.0	0.0	0.0	0.0	0.0
GSM4138110_HNSCC_1_PBMC_GACCAATAGCCCGAAA	0.0	233.15614447625083	0.0	0.0	0.0	306.3986724481556	242.98648939853547	0.0	0.0	0.0	0.0	0.0	0.0	0.0	0.0
GSM4138110_HNSCC_1_PBMC_GACCAATAGGGCTCTC	194.85365628912308	138.58625036254205	95.86817866220171	76.06331060607287	0.0	0.0	0.0	0.0	0.0	0.0	0.0	0.0	0.0	0.0	85.19710978998594
GSM4138110_HNSCC_1_PBMC_GATGCTATCCTCTAGC	0.0	257.77671187676157	176.2727163815657	0.0	0.0	250.3831450068095	0.0	0.0	0.0	0.0	0.0	0.0	0.0	0.0	0.0
GSM4138110_HNSCC_1_PBMC_GCTGCGATCCCGACTT	95.62203861457868	117.41727808564399	0.0	0.0	0.0	0.0	0.0	0.0	0.0	0.0	115.93703836700058	0.0	0.0	0.0	0.0
GSM4138110_HNSCC_1_PBMC_GTTACAGCAAGTTGTC	161.7105684144376	179.05160217026489	86.15286428539746	0.0	0.0	0.0	0.0	0.0	0.0	0.0	0.0	0.0	0.0	0.0	0.0
GSM4138110_HNSCC_1_PBMC_TAGGCATTCAGCGACC	214.80990495798767	167.6984741086817	192.8028123816221	0.0	0.0	0.0	0.0	0.0	0.0	0.0	0.0	0.0	0.0	0.0	0.0
GSM4138110_HNSCC_1_PBMC_TCGTACCTCCATGAAC	119.64953817497744	0.0	0.0	122.6899587601229	0.0	0.0	310.53847373211823	0.0	0.0	0.0	0.0	0.0	0.0	0.0	0.0
GSM4138110_HNSCC_1_PBMC_TGCGCAGAGAGTCGGT	124.8970130054487	48.868411058731745	121.44805490599053	0.0	144.80236886908966	0.0	0.0	0.0	0.0	46.71368750401467	0.0	0.0	0.0	0.0	0.0
GSM4138110_HNSCC_1_PBMC_TTGCCGTTCCTATTCA	0.0	0.0	0.0	376.79422292771744	0.0	202.9250357809571	0.0	0.0	0.0	207.9460661760058	0.0	0.0	0.0	0.0	0.0
GSM4138110_HNSCC_1_PBMC_TTTACTGAGTCCCACG	202.0394262069602	0.0	153.42464694998876	0.0	317.4204077966608	0.0	0.0	0.0	0.0	0.0	0.0	0.0	0.0	0.0	0.0
GSM4138110_HNSCC_1_PBMC_ACGGGTCGTCTTGATG	0.0	12.700160549850585	101.0895771044918	80.5001511172716	0.0	83.10051640027024	0.0	0.0	0.0	0.0	0.0	0.0	0.0	0.0	0.0
GSM4138110_HNSCC_1_PBMC_AGTGAGGAGGAATCGC	0.0	71.97992364050499	0.0	48.30073212705648	0.0	63.364280915236485	99.93055206435136	0.0	0.0	34.88230600356495	0.0	0.0	0.0	0.0	0.0
GSM4138110_HNSCC_1_PBMC_ATGTGTGCAAGCTGGA	193.94472699221717	80.60024315134406	177.71893834608758	0.0	51.3651850849462	0.0	0.0	0.0	0.0	0.0	0.0	0.0	0.0	0.0	0.0
GSM4138110_HNSCC_1_PBMC_CGACCTTAGTTACGGG	174.6751008362745	52.000282304180445	201.383939089482	74.6383104558586	0.0	0.0	0.0	0.0	0.0	0.0	0.0	0.0	0.0	0.0	0.0
GSM4138110_HNSCC_1_PBMC_GCGACCACATGCATGT	128.64415226945798	192.889413184023	70.50819007126627	0.0	0.0	0.0	0.0	63.72900207444804	0.0	0.0	0.0	0.0	0.0	0.0	0.0
GSM4138110_HNSCC_1_PBMC_GGATTACGTGCATCTA	139.6098676246495	49.49811160547547	0.0	109.64155593747226	0.0	0.0	0.0	0.0	135.819198742039	0.0	0.0	0.0	0.0	0.0	0.0
GSM4138110_HNSCC_1_PBMC_GTGCAGCCACCAGATT	106.16659738755205	103.10465152566343	29.173418905304988	0.0	0.0	0.0	0.0	0.0	0.0	62.22177554422826	0.0	0.0	0.0	0.0	0.0
GSM4138110_HNSCC_1_PBMC_GTGCGGTTCTATGTGG	215.65659517651443	0.0	17.990534080438987	0.0	125.31762751659073	0.0	0.0	51.70580737049735	0.0	0.0	0.0	0.0	8.675996348209503	32.00386907261648	0.0
GSM4138110_HNSCC_1_PBMC_GTTCATTTCCCTCTTT	130.45172504690333	0.0	40.54029682995723	143.46767180008987	0.0	0.0	47.86056197578974	0.0	0.0	0.0	0.0	0.0	0.0	0.0	0.0
GSM4138110_HNSCC_1_PBMC_TCATTACGTAATCACC	167.35883432733306	183.141094801618	139.89015426743936	0.0	0.0	79.6507980851484	0.0	0.0	0.0	0.0	0.0	0.0	0.0	0.0	0.0
GSM4138110_HNSCC_1_PBMC_TTGCCGTTCAGAAATG	103.63744704481849	0.0	93.18122448565884	111.77562293536666	0.0	0.0	0.0	0.0	0.0	0.0	0.0	42.91452173029398	0.0	0.0	0.0
GSM4138110_HNSCC_1_PBMC_TTTGCGCAGTAGCGGT	160.01286608063	0.0	0.0	245.54515867982306	0.0	54.085135213904984	307.28919499822854	0.0	0.0	0.0	0.0	0.0	0.0	0.0	0.0
GSM4138110_HNSCC_1_PBMC_TTTGGTTAGCACAGGT	170.23928654581704	134.5149409542875	0.0	0.0	0.0	0.0	0.0	0.0	0.0	0.0	155.19396914543938	0.0	0.0	0.0	0.0
