	1	2	3	4	5	6	7	8	9	10	11	12	13	14	15	16	17	18	19	20	21	22	23	24	25	26	27	28
GSM4138110_HNSCC_1_PBMC_AAACCTGAGGAGCGTT	42.351422504736895	96.84459474646182	0.0	0.0	60.73637090315609	22.482836257513103	0.0	0.0	0.0	0.0	0.0	0.0	0.0	0.0	0.0	41.64327086845031	0.0	77.67301753891157	0.0	0.0	0.0	0.0	0.0	0.0	0.0	0.0	0.0	0.0
GSM4138110_HNSCC_1_PBMC_AAACCTGCAGATGAGC	90.92240112708285	61.421024663229	0.0	42.75093809104755	0.0	0.0	0.0	0.0	62.314881350006374	22.175464557604517	0.0	0.0	35.286554440819884	0.0	0.0	0.0	0.0	0.0	0.0	0.0	0.0	19.091608655365864	0.0	0.0	87.58006342133652	0.0	0.0	0.0
GSM4138110_HNSCC_1_PBMC_AACGTTGAGACTGGGT	13.524450624461883	46.39135808620321	0.0	32.90208974222759	0.0	12.706845792353436	15.983820522905928	44.440226547433035	0.0	0.0	0.0	0.0	0.0	0.0	0.0	0.0	0.0	0.0	28.695897131794908	0.0	0.0	0.0	0.0	0.0	14.032289868363987	0.0	0.0	0.0
GSM4138110_HNSCC_1_PBMC_AACGTTGGTTACGACT	52.83268180167546	134.41317245934704	0.0	0.0	0.0	7.388515915838505	0.0	0.0	0.0	14.374414475797991	0.0	0.0	0.0	0.0	0.0	0.0	0.0	0.0	0.0	1.174514741972456	0.0	0.0	0.0	75.14396578219811	0.0	0.0	0.0	0.0
GSM4138110_HNSCC_1_PBMC_AACGTTGTCTAAGCCA	47.44642007242544	54.18224776473751	37.07226302253995	71.24644002861109	0.0	11.686422555142453	0.0	0.0	7.02919774788155	0.0	0.0	0.0	0.0	0.0	0.0	6.882799018449323	0.0	0.0	0.0	0.0	0.0	32.95542023871548	0.0	0.0	0.0	0.0	0.0	0.0
GSM4138110_HNSCC_1_PBMC_AACTCCCCATTTCAGG	75.5407058837305	35.928442802954635	0.0	0.0	0.0	0.0	0.0	37.88994028216098	0.0	0.0	68.85272219939941	77.03795152643282	12.21729914787298	0.0	0.0	0.0	0.0	0.0	0.0	0.0	0.0	8.345942594720771	0.0	0.0	0.0	0.0	0.0	0.0
GSM4138110_HNSCC_1_PBMC_AAGCCGCCACTTCTGC	85.27330249391589	59.94212090066602	0.0	56.46325858553833	0.0	0.0	43.4314838463193	0.0	46.532166866643365	0.0	0.0	0.0	38.31744936952641	0.0	0.0	0.0	0.0	0.0	0.0	0.0	0.0	0.0	0.0	0.0	0.0	0.0	0.0	0.0
GSM4138110_HNSCC_1_PBMC_AAGGTTCGTCTCTTAT	47.32745123777134	42.08706957475479	40.94890612191211	100.09381701085609	0.0	11.694929081819687	0.0	0.0	0.0	0.0	0.0	0.0	0.0	0.0	0.0	0.0	0.0	0.0	0.0	0.0	0.0	0.0	67.54421776778764	0.0	0.0	0.0	0.0	0.0
GSM4138110_HNSCC_1_PBMC_AAGTCTGAGTACCGGA	106.66148694720559	41.243326414096984	0.0	0.0	0.0	0.0	46.2222702622344	0.0	0.0	0.0	29.334857814134136	31.991943878820443	9.366100237107029	0.0	0.0	0.0	0.0	0.0	0.0	0.0	0.0	0.0	0.0	0.0	0.0	0.0	0.0	0.0
GSM4138110_HNSCC_1_PBMC_AAGTCTGGTTGCCTCT	58.502812410421875	77.49883374964807	40.50703698010002	0.0	0.0	0.0	0.0	18.682261803947682	0.0	0.0	0.0	0.0	7.791713103639868	0.0	0.0	0.0	44.49666489862544	0.0	0.0	0.0	0.0	0.0	0.0	0.0	0.0	0.0	0.0	0.0
GSM4138110_HNSCC_1_PBMC_AAGTCTGTCCAAACTG	73.1214878754734	83.58118272943257	48.06085011755837	0.0	0.0	16.69315538404579	0.0	62.39824861983298	0.0	30.977377997964513	41.91593303272903	0.0	0.9352867338937941	0.0	0.0	0.0	0.0	0.0	0.0	0.0	0.0	0.0	0.0	0.0	0.0	0.0	0.0	0.0
GSM4138110_HNSCC_1_PBMC_ACATGGTCACATGGGA	35.04013844381036	49.01508510388564	30.003433864230498	0.0	32.4392342097507	1.0749493575901492	0.0	0.0	0.0	0.0	0.0	0.0	0.0	0.0	139.5966273056592	0.0	0.0	0.0	0.0	0.0	0.0	0.0	0.0	0.0	0.0	0.0	0.0	0.0
GSM4138110_HNSCC_1_PBMC_ACGAGCCAGTATCTCG	58.5018124615153	68.98340009917045	115.57763350093958	0.0	22.78719104060278	3.935629251988965	37.745890894991746	0.0	0.0	0.0	25.707207937891496	0.0	18.685302958768865	0.0	0.0	0.0	0.0	0.0	0.0	0.0	0.0	0.0	0.0	0.0	0.0	0.0	0.0	0.0
GSM4138110_HNSCC_1_PBMC_ACGAGCCCACTTAACG	165.5801370125871	108.72493173113335	40.10368411259109	0.0	0.0	0.0	0.0	89.97825877901235	0.0	0.0	99.08287847254796	0.0	37.84998097685245	0.0	0.0	0.0	0.0	83.13050336139732	0.0	0.0	0.0	0.0	0.0	0.0	0.0	0.0	0.0	0.0
GSM4138110_HNSCC_1_PBMC_ACTATCTTCTTCCTTC	59.56134238460686	94.73333502016989	0.0	0.0	0.0	0.0	4.7053695303478476	0.0	0.0	0.0	55.374619894827866	0.0	16.81837330805484	106.22380686141922	0.0	0.0	0.0	0.0	0.0	0.0	0.0	0.0	17.255861259766814	26.33088603794611	0.0	0.0	0.0	0.0
GSM4138110_HNSCC_1_PBMC_AGAGCTTAGAGCTGGT	77.93268178975858	46.99870766987138	69.4086831678141	0.0	0.0	0.0	0.0	62.987478850251236	0.0	100.62410409412045	0.0	0.0	24.70101972506791	0.0	0.0	0.0	0.0	0.0	0.0	0.0	0.0	0.0	0.0	0.0	0.0	0.0	0.0	0.0
GSM4138110_HNSCC_1_PBMC_AGATTGCGTCGCCATG	60.855409030397674	43.99379138641448	70.04740338052504	0.0	12.928075220492982	0.0	0.0	0.0	0.0	0.0	43.11796103472372	0.0	14.720631609195284	0.0	25.881607328496912	16.733673017298006	0.0	0.0	0.0	0.0	0.0	0.0	0.0	0.0	0.0	0.0	0.0	0.0
GSM4138110_HNSCC_1_PBMC_AGCGTATGTTATCCGA	82.10209536347516	31.747709862339928	55.27550950871148	0.0	0.0	0.0	0.0	35.674839404207304	0.0	0.0	122.26322661914158	0.0	21.852130684357263	0.0	0.0	0.0	0.0	0.0	0.0	0.0	0.0	0.0	0.0	0.0	0.0	0.0	0.0	0.0
GSM4138110_HNSCC_1_PBMC_AGGCCACAGTACTTGC	51.215619713031984	39.10388263983365	0.0	4.971320486533642	39.546799327952996	11.332769520026494	0.0	0.0	0.0	0.0	0.0	0.0	0.0	87.67444008608699	0.0	28.438159604621532	0.0	0.0	0.0	0.0	0.0	0.0	0.0	0.0	0.0	0.0	0.0	0.0
GSM4138110_HNSCC_1_PBMC_AGGCCACCACTAAGTC	108.81633234862369	109.47443094944474	0.0	0.0	0.0	32.04779825295991	25.73339553287588	174.1459928233067	0.0	0.0	0.0	80.55053337326085	0.0	0.0	36.66605643019041	0.0	155.41768644938304	0.0	0.0	0.0	0.0	0.0	0.0	0.007184840398573225	0.0	0.0	0.0	0.0
GSM4138110_HNSCC_1_PBMC_AGTAGTCTCTTAGCCC	27.049692891869352	49.46245116461544	0.0	0.0	0.0	0.0	0.0	0.0	0.0	0.0	0.0	0.0	19.767471158652196	52.33561139349761	0.0	122.54003925793732	0.0	0.0	0.0	0.0	0.0	0.0	0.0	0.0	0.0	0.0	0.0	0.0
GSM4138110_HNSCC_1_PBMC_AGTGAGGGTGGCCCTA	191.59898523819584	83.29289523336814	0.0	49.865122811036244	0.0	0.0	0.0	38.15451406665335	0.0	0.0	0.0	0.0	24.33069580020088	0.0	0.0	0.0	0.0	0.0	81.53936444955004	0.0	0.0	0.0	0.0	0.0	0.0	0.0	0.0	0.0
GSM4138110_HNSCC_1_PBMC_AGTGTCATCTCGCATC	122.11070450821121	56.038584273907794	0.0	0.0	0.0	0.0	0.0	0.0	37.064647105753245	27.872981295067717	0.0	0.0	11.730585520442453	0.0	27.257798941266174	0.0	0.0	0.0	0.0	0.0	0.0	0.0	0.0	0.0	0.0	0.0	0.0	0.0
GSM4138110_HNSCC_1_PBMC_AGTTGGTCATGGTTGT	84.84410451545807	99.7533450878335	71.79229174107142	60.01911967342683	24.228597814221143	0.0	0.0	0.0	0.0	0.0	0.0	0.0	30.94114104953082	0.0	0.0	75.86575079265684	0.0	0.0	0.0	0.0	0.0	0.0	0.0	0.0	0.0	0.0	0.0	0.0
GSM4138110_HNSCC_1_PBMC_AGTTGGTTCTTGGGTA	71.94563822936018	69.81459981737325	0.0	53.29449982431572	0.0	9.371759580431254	12.78918250314183	0.0	29.7293500354047	0.0	0.0	0.0	0.0	0.0	0.0	1.2986631882810835	0.0	0.0	8.61939466909189	0.0	0.0	0.0	0.0	0.0	0.0	0.0	0.0	8.592909271325153
GSM4138110_HNSCC_1_PBMC_ATCTACTAGGGTGTGT	88.44554205189368	274.3162685525712	172.073855270784	127.13490727474829	0.0	2.5677757406310926	0.0	0.0	0.0	0.0	0.0	0.0	12.553056019849064	0.0	0.0	0.0	0.0	0.0	0.0	0.0	0.0	0.0	0.0	0.0	190.1050747279226	0.0	0.0	0.0
GSM4138110_HNSCC_1_PBMC_ATCTACTAGTACGTTC	56.457186225702586	44.171431130106754	50.34343465988072	0.0	77.81702452253766	76.57151494115227	21.643549281736775	0.0	0.0	0.0	0.0	0.0	0.0	0.0	0.0	0.0	0.0	0.0	0.0	0.0	0.0	0.0	0.0	44.74105057370953	0.0	0.0	0.0	0.0
GSM4138110_HNSCC_1_PBMC_ATGAGGGCAAGCGATG	82.61332109560297	55.651407393969485	0.0	0.0	0.0	0.0	0.0	0.0	0.0	0.0	44.38749046372058	46.84160843430118	13.397379244051896	0.0	0.0	23.367271699435673	0.0	0.0	0.0	0.0	0.0	0.0	0.0	0.0	10.94057905916571	0.0	0.0	0.0
GSM4138110_HNSCC_1_PBMC_ATGAGGGCACACAGAG	74.68568695871288	32.61845682363418	0.0	0.0	17.880419916605835	11.53174182391112	0.0	0.0	0.0	0.0	0.0	44.86795281830533	8.741643934790847	0.0	0.0	0.0	0.0	0.1559802565755764	0.0	0.0	0.0	68.33302087786673	0.0	0.0	0.0	0.0	0.0	0.0
GSM4138110_HNSCC_1_PBMC_ATGCGATGTTTGACAC	51.649603591657915	83.14266621468704	30.08901686527461	63.24016832684248	0.0	19.79329756218122	0.0	0.0	0.0	0.0	0.0	0.0	0.0	0.0	0.0	0.0	0.0	0.0	0.0	0.0	0.0	0.0	0.0	0.0	22.858836093693213	0.0	0.0	0.0
GSM4138110_HNSCC_1_PBMC_ATGTGTGCATGCGCAC	86.95647139862456	56.03679760050375	0.0	21.485915878110994	0.0	12.448829602474218	0.0	43.69904512932603	0.0	0.0	0.0	0.0	0.0	19.888806884313393	0.0	6.019202566041563	0.0	0.0	0.0	0.0	0.0	0.0	0.0	0.0	0.0	14.053109227810744	0.0	0.0
GSM4138110_HNSCC_1_PBMC_ATTACTCTCATGCTCC	115.68385915968987	53.4914344913602	0.0	0.0	0.0	0.0	21.974838183622296	0.0	49.95684599357667	12.364487257578377	25.571451439350977	0.0	57.3488613184392	0.0	0.0	9.822449750361967	0.0	0.0	0.0	0.0	36.29538625283673	0.0	0.0	0.0	0.0	0.0	0.0	0.0
GSM4138110_HNSCC_1_PBMC_ATTATCCGTCACACGC	67.18240240948745	91.12363632813346	0.0	96.82728158567508	0.0	0.0	0.0	0.0	0.0	0.0	0.0	67.10410389590808	21.80449790246717	0.0	0.0	19.712191131307762	0.0	0.0	0.0	0.0	0.0	0.0	0.0	0.0	0.0	0.0	0.0	0.0
GSM4138110_HNSCC_1_PBMC_ATTGGACAGAGATGAG	87.80528237110175	22.02120278113958	73.0553134941488	0.0	0.0	20.547120011128474	0.0	54.98914647175015	0.0	61.58596766467036	0.0	0.0	0.0	0.0	0.0	0.0	0.0	0.0	0.0	0.0	0.0	0.0	0.0	0.0	0.0	0.0	0.0	0.0
GSM4138110_HNSCC_1_PBMC_ATTGGTGCAGTGAGTG	80.4289739912001	43.19494117013005	0.0	0.0	47.30895986474882	23.499002515938354	0.0	48.87446688234509	0.0	0.0	0.0	0.0	3.9396464311797654	0.0	0.9517603208302421	0.0	0.0	0.0	0.0	0.0	41.03184208302374	0.0	0.0	0.0	0.0	0.0	0.0	0.0
GSM4138110_HNSCC_1_PBMC_CAACCAAGTTATCGGT	32.81193544909043	40.47651196390269	68.02300309064718	0.0	26.52671516177207	0.17879587301559827	0.0	0.0	0.0	0.0	10.246704832945266	0.0	23.032149106863915	0.0	0.0	0.0	0.0	0.0	0.0	0.0	0.0	0.0	23.685434719075374	0.0	0.0	0.0	0.0	0.0
GSM4138110_HNSCC_1_PBMC_CAACCAATCCTTGACC	39.67164936826144	50.12635926151618	0.0	0.0	0.0	0.0	0.0	0.0	0.0	52.26535433973968	0.0	29.213721327314968	25.685486807141018	0.0	0.0	16.642751977665412	0.0	0.0	0.0	17.409209148096743	0.0	0.0	1.3418585069883724	0.0	0.0	0.0	0.0	0.0
GSM4138110_HNSCC_1_PBMC_CACAGTAGTCTCCATC	97.25734208102882	27.70823877957403	73.38399895365744	10.095599268268641	0.0	0.0	0.0	42.3609088035994	0.0	0.0	0.0	0.0	26.196558824398853	0.0	0.0	0.0	0.0	0.0	0.0	0.0	0.0	0.0	0.0	0.0	0.0	0.0	79.474199867745	0.0
GSM4138110_HNSCC_1_PBMC_CACATAGCAAAGCGGT	80.98722010001919	45.142724991698856	0.0	32.16269965922214	0.0	10.37934091946455	0.0	0.0	0.0	0.0	0.0	0.0	0.0	65.46968503608218	0.0	10.230353871026422	0.0	0.0	0.0	0.0	0.0	0.0	0.0	0.0	0.0	0.0	0.0	0.0
GSM4138110_HNSCC_1_PBMC_CACATAGCACCTCGTT	40.48718390534218	77.71882948515763	49.16872620693465	0.0	0.0	2.980645433418902	0.0	0.0	0.0	0.0	69.79617988528771	0.0	18.890038395515106	0.0	0.0	40.97101425735921	0.0	0.0	0.0	0.0	0.0	0.0	0.0	0.0	0.0	0.0	0.0	0.0
GSM4138110_HNSCC_1_PBMC_CACATTTGTGCACTTA	57.684201130182316	53.11801625887648	0.0	0.0	0.0	16.25865218710999	0.0	0.0	0.0	30.99147463403068	0.0	0.0	0.0	36.2272825611184	0.0	0.0	0.0	0.0	0.0	0.8348407923008919	0.0	0.0	44.829378230324	0.0	0.0	25.61883196490847	0.0	0.0
GSM4138110_HNSCC_1_PBMC_CACATTTTCCCATTAT	23.965968004855817	83.59450376912714	37.60471391575833	0.0	0.0	0.0	0.0	48.25166067763582	0.0	17.24135183906201	38.688954962496474	0.0	10.138694202660753	0.0	0.0	0.0	0.0	0.0	0.0	0.0	0.0	0.0	0.0	0.0	0.0	0.0	0.0	0.0
GSM4138110_HNSCC_1_PBMC_CACATTTTCTGGTTCC	80.5134573749468	53.87983201065133	40.06808427731198	0.0	0.0	11.322513099793147	0.0	56.276724139653425	0.0	43.195842700571866	0.0	0.0	0.0	0.0	0.0	0.0	0.0	0.0	0.0	0.0	0.0	0.0	0.0	0.0	0.0	0.0	0.0	0.0
GSM4138110_HNSCC_1_PBMC_CACCAGGTCGTGGGAA	91.5395372614853	78.27169547458477	0.0	0.0	0.0	12.434772269776435	66.54618318861657	0.0	36.792267870101384	61.21938422879549	0.0	0.0	10.310073736096665	0.0	0.0	0.0	0.0	0.0	0.0	0.0	0.0	0.0	0.0	0.0	0.0	0.0	0.0	0.0
GSM4138110_HNSCC_1_PBMC_CAGCAGCCAATGGTCT	56.1049673199075	14.433397935072627	0.0	7.473669776814267	0.0	0.0	24.373788406546385	0.0	0.0	34.334239341260165	0.0	63.344724394347075	11.079093888816786	0.0	0.0	0.0	0.0	0.0	0.0	2.2084766811717724	0.0	0.0	0.0	0.0	0.0	0.0	0.0	0.0
GSM4138110_HNSCC_1_PBMC_CAGCATAGTCCGAGTC	77.922097745081	32.604287895576476	0.0	83.01995487200486	0.0	35.183676328921635	0.0	0.0	0.0	0.0	0.0	0.0	0.0	13.445154343648348	0.0	25.762483250715675	0.0	0.0	3.803688658093717	0.0	0.0	0.0	0.0	0.0	0.0	0.0	0.0	0.0
GSM4138110_HNSCC_1_PBMC_CAGCCGAAGCCCAACC	71.59863401228196	78.99841695102309	28.218141404517592	53.91057871142418	0.0	17.823750512646235	0.0	49.087097240066576	0.0	0.0	0.0	0.0	0.0	0.0	0.0	0.0	0.0	0.0	0.0	0.0	0.0	0.0	0.0	0.0	0.0	0.0	0.0	0.0
GSM4138110_HNSCC_1_PBMC_CAGCCGACATCGACGC	59.35473199502473	32.38333146692518	48.2420066940731	0.0	0.0	0.0	54.17068031926813	0.0	0.0	48.339582897823476	0.0	0.0	23.384430099333812	0.0	0.0	0.0	0.0	0.0	0.0	0.0	0.0	0.0	0.0	0.0	0.0	0.0	0.0	0.0
GSM4138110_HNSCC_1_PBMC_CATATTCTCCGCGTTT	78.7785483326294	64.9050087005253	30.855155216867047	51.92913687795473	0.0	13.875276523118588	0.0	0.0	0.0	0.0	0.0	0.0	0.0	0.0	49.35872144645347	0.0	0.0	0.0	0.0	0.0	0.0	0.0	0.0	0.0	0.0	0.0	0.0	0.0
GSM4138110_HNSCC_1_PBMC_CCAATCCCATTAGCCA	117.82017811076973	63.04676017099726	62.377751495616515	0.0	0.0	18.194399793005008	0.0	43.505517104934924	0.0	52.01880867633823	21.656881549144355	0.0	0.0	0.0	0.0	0.0	0.0	0.0	0.0	0.0	0.0	0.0	0.0	0.0	0.0	0.0	0.0	0.0
GSM4138110_HNSCC_1_PBMC_CCACGGAAGATCGGGT	32.182690532942594	51.808136153609865	0.0	0.0	0.0	0.0	0.0	4.483167731974386	12.451354083300124	50.52809387989789	0.0	15.961366784185643	2.0626067092675067	43.02687068993787	45.99986422847782	0.0	0.0	0.0	46.70459620017825	0.0	0.0	0.0	0.0	0.0	0.0	0.0	0.0	0.0
GSM4138110_HNSCC_1_PBMC_CCATGTCAGAGGTAGA	85.4368761890203	46.18078594517259	0.0	57.080412235679006	0.0	0.0	0.0	21.343095164088915	82.17006603069835	0.0	0.0	0.0	34.21792474350516	0.0	0.0	0.0	0.0	0.0	1.7319770804008632	0.0	0.0	0.0	9.006300435542013	0.0	0.0	0.0	0.0	0.0
GSM4138110_HNSCC_1_PBMC_CCATGTCCATGCCCGA	92.36674895247306	59.15901118924565	0.0	39.686307612479574	0.0	0.0	0.0	0.0	0.0	2.059100686157889	0.0	25.096472091731403	39.179550798381065	39.32783450055275	4.4354727533656915	22.27211764603083	0.0	0.0	25.7074101311273	19.026423055433703	0.0	0.0	0.0	0.0	0.0	0.0	0.0	0.0
GSM4138110_HNSCC_1_PBMC_CCGGTAGAGCTCCTCT	62.31784050191398	61.120450423815875	0.0	70.4380309644203	0.0	9.56313854531078	0.0	0.0	0.0	0.0	0.0	33.193256096695656	0.0	0.0	0.0	56.1922293495624	0.0	0.0	0.0	0.0	0.0	0.0	0.0	0.0	0.0	0.0	0.0	0.0
GSM4138110_HNSCC_1_PBMC_CCTCTGAAGGGATCTG	50.643232112936715	48.14361284321072	0.0	35.51600929786929	0.0	14.805037099308858	0.0	0.0	0.0	0.0	0.0	54.26634936758515	0.0	0.0	0.0	0.0	0.0	0.0	0.0	0.0	0.0	42.1916652037261	0.0	0.0	0.0	0.0	0.0	0.0
GSM4138110_HNSCC_1_PBMC_CGAACATGTTCGTTGA	49.14323955991469	56.64271874795161	0.0	69.43630212265613	0.0	11.829149890901038	24.49669871039596	0.0	0.0	0.0	0.0	26.055146732797034	0.0	0.0	0.0	0.0	0.0	0.0	0.0	0.0	0.0	0.0	0.0	0.0	0.0	0.0	0.0	0.0
GSM4138110_HNSCC_1_PBMC_CGAACATTCTGTCCGT	50.33923551704955	61.06204403001658	41.971342339194514	61.21896274211002	0.0	17.762360502001016	0.0	64.59254778737682	0.0	0.0	0.0	0.0	0.0	0.0	0.0	0.0	0.0	0.0	0.0	0.0	0.0	0.0	0.0	0.0	0.0	0.0	0.0	0.0
GSM4138110_HNSCC_1_PBMC_CGAATGTAGCGTCTAT	80.26233483718792	76.9514729895622	25.215627467320388	0.0	0.0	27.613467004127305	0.0	0.0	0.0	0.0	21.173308480045627	0.0	0.0	0.0	0.0	0.0	0.0	0.0	0.0	0.0	0.0	0.0	20.51351715277528	21.82691927696296	0.0	0.0	0.0	0.0
GSM4138110_HNSCC_1_PBMC_CGGGTCAAGTCTCGGC	51.71877420102692	52.75586074562875	42.17107547658904	0.0	25.68470434379414	11.295076429468976	0.0	0.0	0.0	0.0	0.0	0.0	0.0	0.0	0.0	5.41459808489737	83.36273566953454	0.0	0.0	0.0	0.0	0.0	0.0	0.0	0.0	0.0	0.0	0.0
GSM4138110_HNSCC_1_PBMC_CGTCTACCAAGCGTAG	64.52444875775939	38.836585872257025	106.65512668059112	66.37324567926939	0.0	10.178587988258137	0.0	50.005659585973035	0.0	0.0	0.0	0.0	0.0	0.0	0.0	0.0	0.0	0.0	0.0	0.0	0.0	0.0	3.745613883643133	0.0	0.0	0.0	0.0	0.0
GSM4138110_HNSCC_1_PBMC_CGTGTCTAGGTCGGAT	73.59130955618316	91.51698150596219	0.0	13.743731025968895	0.0	0.0	40.4417150037241	0.0	52.089678182553016	45.0167894350365	0.0	0.0	44.847879685173126	0.0	9.97728623719119	11.339583308876714	0.0	0.0	0.0	0.0	0.0	0.0	0.0	0.0	0.0	0.0	0.0	0.0
GSM4138110_HNSCC_1_PBMC_CGTTAGACATCCAACA	92.58325332837904	27.278849699214973	15.034901793575544	26.993639480038286	0.0	10.685491231597963	0.0	0.0	0.0	80.77656619179417	0.0	0.0	0.0	0.0	0.0	9.864602072222308	0.0	0.0	0.0	0.0	0.0	0.0	0.0	0.0	0.0	0.0	0.0	0.0
GSM4138110_HNSCC_1_PBMC_CGTTGGGCATATGCTG	51.501827359580254	36.707836628469266	0.0	0.0	55.63430517840361	0.0	0.0	0.0	31.478377351374466	0.0	0.0	19.428202938332603	7.42462884673506	5.021130891658716	0.0	30.087902420590268	0.0	0.0	0.0	0.0	0.0	0.0	0.0	0.0	0.0	0.0	0.0	0.0
GSM4138110_HNSCC_1_PBMC_CTAATGGTCTCGCTTG	43.03687025651678	53.292778392967776	33.4960159218542	0.0	0.0	0.0	0.0	0.0	0.0	0.0	0.0	0.0	31.781987940757052	0.0	48.68590350867159	0.0	0.0	0.0	0.0	18.208403624234013	0.0	0.0	0.0	0.0	0.0	0.0	0.0	0.0
GSM4138110_HNSCC_1_PBMC_CTACATTTCACCAGGC	79.29100216014173	58.8610614488048	0.0	43.5753539541555	0.0	0.0	0.0	0.0	26.031954254158453	0.0	0.0	16.874037956691577	23.798694173501424	0.0	0.0	0.0	0.0	0.0	0.0	0.0	0.0	3.9059152839932434	0.0	0.0	0.0	0.0	0.0	50.36500180044704
GSM4138110_HNSCC_1_PBMC_CTACGTCTCGAACGGA	38.103029252300296	69.18482379911273	0.0	0.0	55.572163738253096	0.0	0.0	0.0	12.182927033279025	0.0	0.0	0.0	29.65217973834394	0.0	0.0	0.0	0.0	0.0	0.0	0.0	0.0	24.463367229369673	0.0	0.0	0.0	0.0	0.0	0.0
GSM4138110_HNSCC_1_PBMC_CTAGAGTCACTTACGA	80.05804478723508	51.72847112223915	84.37010654372827	0.0	41.64413371726428	14.117402816413973	0.0	1.3322460939716263	0.0	0.0	0.0	0.0	0.0	0.0	0.0	16.288993028502247	0.0	0.0	0.0	0.0	0.0	0.0	4.387288495913501	0.0	0.0	0.0	0.0	0.0
GSM4138110_HNSCC_1_PBMC_CTCAGAATCCGGGTGT	84.91180067515603	56.70927286924655	0.0	34.523067440671966	0.0	0.0	0.0	2.467382780329951	0.0	0.0	0.0	0.0	17.718784399761454	0.0	0.0	0.0	0.0	65.37009422657447	0.0	0.0	0.0	0.0	10.228035444423611	14.833859806923831	0.0	0.0	0.0	0.0
GSM4138110_HNSCC_1_PBMC_CTCGGGATCAATACCG	30.151939274134154	30.16348097884704	0.0	0.0	87.45532914281713	0.0	0.0	0.0	0.0	0.0	0.0	0.0	21.853997732536065	0.0	0.0	53.05291974941299	0.0	152.47713021339726	0.0	0.0	0.0	0.0	0.0	0.0	0.0	0.0	0.0	0.0
GSM4138110_HNSCC_1_PBMC_CTCGTACAGATCGGGT	143.35704045246533	145.18276372045318	0.0	108.63609319420603	0.0	0.0	0.0	203.07304093120047	38.035627191067114	19.700205993136482	0.0	1.2595944977732019	45.17515791803547	18.6200095845061	0.0	0.0	0.0	110.75580749990478	0.0	0.0	0.0	0.0	0.0	0.0	0.0	0.0	0.0	0.0
GSM4138110_HNSCC_1_PBMC_CTCGTACTCTGTCCGT	97.81693347797639	66.65429282047315	62.14046397494953	0.0	84.45079746731827	16.400095086275105	0.0	0.0	0.0	0.0	0.0	0.0	0.0	0.0	41.52189346071759	0.0	0.0	0.0	0.0	0.0	0.0	0.0	0.0	0.0	0.0	0.0	0.0	0.0
GSM4138110_HNSCC_1_PBMC_CTCTGGTAGGCGTACA	37.336492795481306	43.447735089362865	33.15419863794181	0.0	18.575022767102464	20.391586855394625	0.0	10.24249915778057	0.0	0.0	28.90159508170948	0.0	0.0	0.0	0.0	0.0	0.0	0.0	0.0	0.0	0.0	0.0	0.0	0.0	0.0	0.0	0.0	0.0
GSM4138110_HNSCC_1_PBMC_CTGAAACTCCGAGCCA	45.39607561619122	20.680610499596664	70.33602816749587	42.51179466615472	0.0	19.94539252333189	0.0	0.0	0.0	0.0	0.0	0.0	0.0	0.0	0.0	0.0	0.0	0.0	0.0	0.0	0.0	0.0	8.595234604269185	0.0	46.63484723863917	0.0	0.0	0.0
GSM4138110_HNSCC_1_PBMC_CTGAAGTAGCGATCCC	89.19907182771308	55.57676541264311	0.0	51.15436346669651	0.0	2.575979541103263	39.36556685156427	0.0	2.028773092351506	0.0	0.0	0.0	23.799934099997255	0.0	0.0	0.0	0.0	0.0	34.931339595844925	0.0	0.0	0.0	0.0	0.0	0.0	0.0	0.0	0.0
GSM4138110_HNSCC_1_PBMC_CTGATAGAGATCTGCT	42.02205247150616	47.46720787050302	0.0	0.0	26.10248194183872	20.709424162487966	55.086354053214805	27.363016367512785	0.0	0.0	0.0	0.0	0.0	45.68575860156758	5.070433674194773	0.0	0.0	0.0	0.0	0.0	0.0	0.0	0.0	0.0	0.0	0.0	0.0	0.0
GSM4138110_HNSCC_1_PBMC_CTGATAGAGCCTTGAT	65.8620730104827	68.58070185231544	0.0	0.0	24.324451618748846	27.963212281821317	0.0	0.0	0.0	0.0	0.0	54.042276936535096	0.0	0.0	49.00313421554849	5.520905721438624	35.98621088009698	0.0	0.0	0.0	0.0	0.0	0.0	0.0	0.0	0.0	0.0	0.0
GSM4138110_HNSCC_1_PBMC_CTGCCTAAGGTGCTTT	105.66351732976887	109.16005882450567	0.0	38.91475958334194	22.839932821058024	15.845560524539827	0.0	0.0	0.0	0.0	0.0	0.0	0.0	9.559928990828382	0.0	26.470618948091943	16.603695179470215	0.0	0.0	13.065485996462026	0.0	0.0	0.0	0.0	0.0	0.0	0.0	0.0
GSM4138110_HNSCC_1_PBMC_CTGCCTATCACGACTA	36.808257286908685	52.271491746847296	0.0	0.0	47.98220663599496	0.0	0.0	0.0	79.77967535480731	0.0	0.0	0.0	9.142057461542713	0.0	0.0	16.093257300127135	0.0	0.0	0.0	0.0	0.0	0.0	0.0	0.0	0.0	0.0	0.0	0.0
GSM4138110_HNSCC_1_PBMC_CTGGTCTTCGAGAACG	60.39043660913688	30.680703406502214	0.0	0.0	0.0	9.3470264194626	0.0	0.0	30.757559302509254	0.0	0.0	0.0	0.0	0.0	0.0	47.77254043216777	35.22401302307758	0.0	0.0	0.0	0.0	0.0	0.0	0.0	0.0	0.0	0.0	0.0
GSM4138110_HNSCC_1_PBMC_CTGTTTAAGTGGAGTC	53.2882942581212	43.9265694406506	17.1860471068331	0.0	66.81305068961447	0.0	0.0	0.0	0.0	0.0	0.0	0.0	16.163529416147295	0.0	0.0	4.94452985437135	0.0	0.0	0.0	0.0	0.0	40.06310617582226	0.0	0.0	0.0	0.0	0.0	0.0
GSM4138110_HNSCC_1_PBMC_GAACATCTCCCTAATT	108.09506275458855	103.00624821289614	63.8237392776487	82.98065379457763	0.0	43.24618125598797	0.0	48.47850985927265	0.0	0.0	0.0	0.0	0.0	0.0	0.0	0.0	0.0	0.0	0.0	15.087637001488062	0.0	0.0	0.0	0.0	0.0	0.0	0.0	0.0
GSM4138110_HNSCC_1_PBMC_GAACCTATCTGAGGGA	79.26114555893855	34.01054086932937	0.0	0.0	0.0	0.0	0.0	25.368435396245836	0.0	44.12487752899671	0.0	0.0	11.51720258707635	51.83757774974197	0.0	0.0	0.0	0.0	0.0	0.0	0.0	0.0	0.0	0.0	0.0	0.0	0.0	0.0
GSM4138110_HNSCC_1_PBMC_GAATGAATCAGTTAGC	46.6531455023689	61.25345045029321	47.17012421370185	13.414273244149161	0.0	0.7634459717036074	0.0	0.0	0.0	0.0	0.0	0.0	11.658370792584249	0.0	0.0	18.706895413756303	0.0	0.0	0.0	0.0	0.0	32.56049557660737	0.0	0.0	0.0	0.0	0.0	0.0
GSM4138110_HNSCC_1_PBMC_GATCGATAGTACACCT	82.55764026668382	48.49083289501835	39.369363474279666	46.41859286523703	0.0	23.370020126861473	0.0	0.0	0.0	0.0	0.0	0.0	0.0	0.0	2.442880672547936	0.0	0.0	0.0	0.0	0.0	0.0	0.0	0.0	0.0	32.120368386964124	0.0	0.0	0.0
GSM4138110_HNSCC_1_PBMC_GATCGATTCAGCATGT	73.25773785687106	63.08096322148313	68.81830115437414	0.0	0.0	0.0	0.0	67.59514935463298	0.0	0.0	93.65039008773017	0.0	18.236981305723194	0.0	0.0	0.0	0.0	0.0	0.0	0.0	0.0	0.0	0.0	0.0	0.0	0.0	0.0	0.0
GSM4138110_HNSCC_1_PBMC_GATGAAATCCAAGCCG	81.37429848026603	77.27867354847167	55.02396400569599	0.0	0.0	16.755630381614626	78.23707959097145	0.0	0.0	0.0	19.268856455701695	0.0	0.0	0.0	0.0	0.0	0.0	0.0	0.0	0.0	0.0	0.0	0.0	0.0	0.0	0.0	0.0	0.0
GSM4138110_HNSCC_1_PBMC_GCACATAAGGTGTGGT	48.58454667989913	49.556079192913295	35.363844790830775	5.314564878625217	0.0	11.29358613286684	0.0	0.0	0.0	41.92706066897801	0.0	0.0	0.0	0.0	0.0	0.0	0.0	0.0	0.0	0.0	0.0	118.78764826442446	0.0	0.0	0.0	0.0	0.0	0.0
GSM4138110_HNSCC_1_PBMC_GCACTCTGTACAGTGG	61.53852371514593	29.233191127499047	0.0	34.87873860285172	0.0	23.7461280006842	20.766655538809314	0.0	44.4739748762527	0.0	0.0	0.0	0.0	0.0	0.0	0.0	0.0	0.0	48.83633434788851	0.0	61.460547330234895	0.0	41.7387033422676	0.0	0.0	0.0	0.0	0.0
GSM4138110_HNSCC_1_PBMC_GCCTCTAAGTTAAGTG	57.63539373382435	32.585253923069324	0.0	0.0	32.436518446351776	13.725279562384486	0.0	28.236087867431635	0.0	0.0	6.8815194797130435	40.875426491484646	0.0	0.0	0.0	0.0	0.0	0.0	0.0	0.0	0.0	0.0	0.0	0.0	0.0	0.0	0.0	0.0
GSM4138110_HNSCC_1_PBMC_GCCTCTAGTTGAACTC	59.219144100578376	42.604856990297165	0.0	0.0	0.0	8.86157217185251	0.0	40.00952179753356	0.0	46.213724497021545	0.0	0.0	0.0	42.43614276245103	0.0	0.0	0.0	0.0	0.0	0.0	0.0	0.0	0.0	0.0	0.0	0.0	0.0	0.0
GSM4138110_HNSCC_1_PBMC_GCGAGAAAGTGACATA	51.283803549711365	50.767939327371764	0.0	0.0	148.11093142420813	0.0	0.0	22.777949486711886	0.0	0.0	0.0	0.0	13.99892028423349	0.0	2.1046378957694234	0.0	0.0	0.0	68.95651183433758	0.0	0.0	0.0	0.0	0.0	0.0	0.0	0.0	0.0
GSM4138110_HNSCC_1_PBMC_GCTGCAGGTCCTCTTG	71.12476523151359	56.750961770789324	60.320380955630604	0.0	10.801417600948145	0.0	0.0	0.0	0.0	0.0	47.424831682359475	0.0	25.21090254477702	0.0	0.0	0.0	0.0	0.0	0.0	0.0	0.0	8.568357214875647	0.0	0.0	0.0	0.0	8.384901991787705	0.0
GSM4138110_HNSCC_1_PBMC_GGAAAGCAGTCAATAG	92.51231125049333	50.502044869406475	0.0	0.0	0.0	0.0	37.75878010727702	0.0	0.0	71.21263201135078	0.0	0.0	12.539896930598104	71.2192969247546	0.0	0.0	0.0	0.0	0.0	0.0	0.0	0.0	0.0	0.0	0.0	0.0	0.0	0.0
GSM4138110_HNSCC_1_PBMC_GGAACTTGTTTACTCT	49.57293328016007	30.539749118441513	33.59683681812405	0.0	0.0	20.55823169523378	0.0	0.0	0.0	51.17805627415924	0.0	0.0	0.0	0.0	0.0	0.0	0.0	0.0	0.0	0.0	0.0	38.55934845385867	0.0	0.0	0.0	0.0	0.0	0.0
GSM4138110_HNSCC_1_PBMC_GGCAATTGTCCTCTTG	19.738209311111543	95.41459686555459	44.41981290400901	0.0	6.949905861202722	21.665774249910395	0.0	45.71799300385005	0.0	0.0	0.0	0.0	0.0	0.0	0.0	0.0	0.0	0.0	0.0	0.0	0.0	0.0	0.0	0.0	0.0	0.0	0.0	0.0
GSM4138110_HNSCC_1_PBMC_GGGACCTAGGCCCTTG	67.08528286497325	66.23664564961297	0.0	31.96150716843255	0.0	17.041953145595112	0.0	0.0	37.68873688760408	3.694807148321165	0.0	0.0	0.0	0.0	11.417032764948164	0.0	0.0	0.0	0.0	0.0	0.0	0.0	0.0	0.0	0.0	0.0	0.0	0.0
GSM4138110_HNSCC_1_PBMC_GGGACCTTCGTCCAGG	43.890677071862285	33.837663061371785	0.0	33.32841452423178	0.0	16.188701015829423	45.7702915813425	0.0	0.0	0.0	0.0	0.0	0.0	50.07065878832827	0.0	0.0	0.0	0.0	15.62831511285135	0.0	0.0	0.0	0.0	0.0	0.0	0.0	0.0	0.0
GSM4138110_HNSCC_1_PBMC_GGGATGACAATGGTCT	111.31177467738117	22.029349768968185	50.275025055737586	70.49187771727955	0.0	12.726127651112076	0.0	0.0	0.0	0.0	0.0	0.0	0.0	0.0	0.0	0.0	0.0	0.0	0.0	0.0	0.0	0.0	8.128978607500237	0.0	0.0	0.0	0.0	0.0
GSM4138110_HNSCC_1_PBMC_GGGCACTGTCTAGGTT	80.45074509247824	68.02573763434549	0.0	0.0	83.00269390478894	22.960438942984517	49.55691783951138	0.0	65.98773029270534	0.0	0.0	0.0	0.0	0.0	0.0	0.0	0.0	0.0	0.0	0.0	0.0	0.0	0.0	0.0	0.0	0.0	0.0	0.0
GSM4138110_HNSCC_1_PBMC_GGTATTGTCCTTCAAT	77.24243095692188	42.79488958619003	26.59318370608421	55.4729036849651	0.0	31.685750559676475	0.0	72.23980579572637	0.0	0.0	0.0	0.0	0.0	0.0	0.0	0.0	0.0	0.0	0.0	0.0	0.0	0.0	0.0	0.0	0.0	0.0	0.0	0.0
GSM4138110_HNSCC_1_PBMC_GGTGTTACAATCCAAC	65.37683031143804	58.73498308852093	28.247163226946697	48.974652787391065	0.0	14.535576462579957	34.352759855368596	0.0	0.0	0.0	0.0	0.0	0.0	0.0	0.0	0.0	0.0	0.0	0.0	0.0	0.0	0.0	0.0	0.0	0.0	0.0	0.0	0.0
GSM4138110_HNSCC_1_PBMC_GGTGTTACAGCCACCA	75.50180093246665	38.09235297911139	0.0	51.633624985032476	0.0	36.665076396970676	0.0	0.0	40.001057070616326	0.0	0.0	0.0	0.0	13.684097743826229	5.262862708356076	7.832062605309464	0.0	0.0	0.0	1.459472897683637	0.0	12.348667151607406	0.0	0.0	0.0	0.0	0.0	0.0
GSM4138110_HNSCC_1_PBMC_GTAACGTTCGTATCAG	118.22746079655035	80.49029184948265	0.0	0.0	70.77691646114842	2.488052741607174	0.0	0.0	0.0	0.0	0.0	0.0	30.356724240435994	78.74532561614294	0.0	80.33418927695426	0.0	0.0	28.274444946446952	0.0	0.0	0.0	0.0	0.0	0.0	0.0	0.0	0.0
GSM4138110_HNSCC_1_PBMC_GTATTCTTCTTCCTTC	50.88929441927455	55.60891037776786	53.67548671219905	58.07751436692813	0.0	20.432072164550508	0.0	0.0	0.0	0.0	0.0	0.0	1.2999262293736082	0.0	0.0	44.052637371253255	0.0	0.0	0.0	0.0	0.0	0.0	0.0	0.0	0.0	0.0	0.0	0.0
GSM4138110_HNSCC_1_PBMC_GTCAAGTGTGGGTATG	95.18212763164652	48.59962640002318	0.0	0.0	0.0	0.0	0.0	42.215911454031776	0.0	62.97714205176301	0.0	32.70792692641687	12.972218309061532	0.0	13.462011664324537	0.0	0.0	0.0	0.0	0.0	0.0	0.0	0.0	0.0	0.0	0.0	0.0	0.0
GSM4138110_HNSCC_1_PBMC_GTCACGGGTGCAACGA	9.828161010368728	24.334169979061308	0.0	0.0	79.73587239463885	0.3879489908244292	0.0	933.1592845880606	0.0	0.0	425.95850788439446	0.0	0.0	0.0	0.0	0.0	0.0	54.63359479542707	0.0	0.0	0.0	0.0	0.0	0.0	32.55878801114508	0.0	0.0	0.0
GSM4138110_HNSCC_1_PBMC_GTGCGGTCAAGGTGTG	56.2492024307328	48.04119750612782	62.37184183307892	0.0	80.83393396986494	0.0	0.0	0.0	0.0	0.0	0.0	0.0	1.5041707300347427	0.0	76.23987697402426	0.0	0.0	0.0	0.0	0.0	0.0	0.0	0.0	0.0	0.0	0.0	0.0	0.0
GSM4138110_HNSCC_1_PBMC_GTGTGCGAGGAGCGAG	24.154360826948125	23.72213966993172	130.64689679155424	0.0	21.80779669663974	12.480709669653217	0.0	0.0	0.0	0.0	19.448849343989995	0.0	0.0	0.0	0.0	0.0	0.0	0.0	0.0	0.0	0.0	13.828468446368015	0.0	15.539617835879417	0.0	0.0	0.0	0.0
GSM4138110_HNSCC_1_PBMC_GTGTGCGCAAGTCATC	57.82271753928713	60.49016431746091	0.0	0.0	0.0	13.655099191823542	0.0	0.0	0.0	0.0	104.18608083045217	15.999138374930531	0.0	0.0	0.0	21.9539394002888	0.0	28.394647908472365	0.0	0.0	0.0	0.0	0.0	0.0	0.0	0.0	0.0	0.0
GSM4138110_HNSCC_1_PBMC_TAAACCGTCATCTGTT	49.006857659686055	43.61720643340289	0.0	0.0	0.0	14.875975820661624	0.0	10.647450733430293	0.0	0.0	0.0	0.0	1.8881868736743035	0.0	0.0	0.0	77.6263666989527	44.38571986606343	0.0	0.0	0.0	0.0	0.0	0.0	20.96926280961026	0.0	0.0	0.0
GSM4138110_HNSCC_1_PBMC_TAAGCGTCAATGGATA	71.78252601460312	47.27347323113254	0.0	0.0	40.81064984935253	45.45546863013433	0.3849879331772062	79.69320338255005	61.933063831504384	0.0	0.0	0.0	0.0	0.0	0.0	0.0	0.0	0.0	0.0	0.0	0.0	0.0	0.0	0.0	0.0	0.0	0.0	0.0
GSM4138110_HNSCC_1_PBMC_TACACGATCCTGCCAT	74.22559794768964	55.70730921512713	0.0	0.0	0.0	66.18761012254133	0.0	0.0	61.14318366436789	66.107498080458	0.0	0.0	0.0	0.0	0.0	99.53251488351755	0.0	0.0	0.0	0.0	0.0	0.0	0.0	0.0	0.0	0.0	0.0	0.0
GSM4138110_HNSCC_1_PBMC_TACCTTAAGGCTAGAC	77.71828753890051	70.3716580321872	0.0	0.0	25.129748709281554	25.28890670267654	19.944020067192593	0.0	0.0	0.0	30.77379424200068	0.0	0.0	15.30607544006181	10.029760183932922	0.0	0.0	3.23298159049574	0.0	0.0	27.681388587578795	0.0	0.0	0.0	0.0	0.0	0.0	0.0
GSM4138110_HNSCC_1_PBMC_TACGGATCAGGGTATG	27.1693820691633	58.3160085983655	0.0	64.71244541469932	0.0	2.6377413072302716	0.0	0.0	59.097549295259995	0.0	0.0	0.0	15.223355233774466	0.0	0.0	9.15805388145759	0.0	0.0	0.0	0.0	0.0	27.022855097435468	0.0	0.0	0.0	0.0	0.0	0.0
GSM4138110_HNSCC_1_PBMC_TAGAGCTCAGATGGCA	82.47894378367866	38.93257750678258	0.0	0.0	47.97175979573719	0.0	0.0	0.0	0.0	0.0	0.0	0.0	11.574508511585481	0.9966140053677187	0.0	66.35672186329023	0.0	0.0	31.657935827732544	0.0	0.0	0.0	0.0	0.0	0.0	0.0	0.0	0.0
GSM4138110_HNSCC_1_PBMC_TAGCCGGAGAAGGCCT	80.716872466752	35.25500875863761	50.003332244569094	0.0	59.431175939301724	21.744302121599556	51.13800947486704	0.0	0.0	0.0	0.0	0.0	0.0	0.0	0.0	0.0	0.0	0.0	0.0	0.0	0.0	0.0	0.0	0.0	0.0	0.0	0.0	0.0
GSM4138110_HNSCC_1_PBMC_TATCTCAAGGTGCACA	80.94575769477231	62.88468910530724	0.0	0.0	0.0	16.336577150238682	0.0	0.0	18.440790909047752	26.77079116181863	0.0	0.0	0.0	0.0	0.0	0.0	0.0	0.0	0.0	0.0	0.0	0.0	0.0	0.0	31.07466424681598	0.0	0.0	0.0
GSM4138110_HNSCC_1_PBMC_TCACAAGGTTCATGGT	54.656749374428166	28.3232476198721	0.0	0.0	34.12951587361674	0.0	0.0	0.0	0.0	0.0	5.824116443462525	52.15422710454453	9.809393456165598	5.396579693768377	18.578887366391786	0.0	0.0	0.0	0.0	0.0	0.0	0.0	0.0	0.0	0.0	0.0	0.0	0.0
GSM4138110_HNSCC_1_PBMC_TCACAAGTCTTGACGA	171.19862502638048	477.86232674855825	0.0	0.0	140.87156063699757	0.0	0.0	0.0	0.0	0.0	0.0	0.0	37.42788251284169	181.38849929733016	239.56248048985415	0.0	0.0	0.0	0.0	0.0	0.0	0.0	0.0	0.0	0.0	0.0	0.0	0.0
GSM4138110_HNSCC_1_PBMC_TCGAGGCTCGGAAATA	89.37665760592962	49.688491713127895	31.68560632062298	0.0	75.67066404193783	18.64798701693903	0.0	0.0	0.0	0.0	0.0	9.00705473156458	0.0	0.0	36.26382668998173	0.0	0.0	0.0	29.198900794951875	0.0	0.0	0.0	0.0	0.0	0.0	0.0	0.0	0.0
GSM4138110_HNSCC_1_PBMC_TCTATTGGTTTAGGAA	67.31240595885136	60.05846803152217	41.81073215656087	0.0	0.0	0.0	0.0	0.0	0.0	53.80686357424896	0.0	0.0	14.199922490752055	0.0	34.18514878591841	0.0	0.0	0.0	0.0	0.0	0.0	0.0	0.0	0.0	0.0	0.0	0.0	0.0
GSM4138110_HNSCC_1_PBMC_TCTATTGTCATCTGCC	62.2737577622135	39.57729226914415	15.313342521546847	6.813305742924215	0.0	0.0	38.53721268528274	0.0	0.0	3.9615861340004974	0.0	0.0	2.2447434976137717	0.0	0.0	0.0	0.0	0.0	0.0	0.0	0.0	0.0	0.0	0.0	0.0	0.0	0.0	0.0
GSM4138110_HNSCC_1_PBMC_TCTTCGGCACCCTATC	99.79546554498566	63.916457373865896	0.0	0.0	82.51237359441812	6.371769701589293	0.0	0.0	0.0	0.0	0.0	0.0	0.0	42.921486012174725	24.54974682176691	0.0	0.0	0.0	0.0	0.0	0.0	0.0	0.0	0.0	0.0	0.0	0.0	0.0
GSM4138110_HNSCC_1_PBMC_TGGGCGTTCACAGGCC	0.0	0.0	0.0	0.0	0.0	0.0	2085.2216598375176	0.0	0.0	0.0	0.0	0.0	0.0	0.0	0.0	88.35886515690397	0.0	0.0	0.0	0.0	0.0	345.97573270261097	0.0	0.0	0.0	0.0	0.0	179.16422083678776
GSM4138110_HNSCC_1_PBMC_TGTGTTTGTTAAAGAC	66.7247916655799	88.70467874436726	0.0	0.0	101.60758308190617	23.341859189929828	135.08165379464998	0.0	0.0	0.0	0.0	0.0	0.7093322030786401	92.4639998713003	0.0	0.0	0.0	0.0	0.0	0.0	0.0	0.0	0.0	0.0	0.0	0.0	0.0	0.0
GSM4138110_HNSCC_1_PBMC_TGTTCCGCACGGCGTT	167.57448118948753	188.63046593984197	166.71133805062243	39.30211542331942	3.4167780331060507	40.51269693454572	0.0	153.8332055730403	0.0	0.0	89.46429147718794	0.0	0.0	0.0	0.0	0.0	0.0	0.0	0.0	0.0	0.0	0.0	0.0	0.0	0.0	0.0	0.0	0.0
GSM4138110_HNSCC_1_PBMC_TTAGGCAAGGCTAGCA	106.88521386418847	64.44878231620552	34.28379696917796	0.0	35.79509517855476	32.22015972240731	39.67562378016989	0.0	0.0	0.0	14.140686184376806	0.0	0.0	0.0	0.0	0.0	0.0	0.0	0.0	0.0	0.0	0.0	0.0	0.0	0.0	0.0	0.0	0.0
GSM4138110_HNSCC_1_PBMC_TTCCCAGCACATGGGA	8.36021887590374	111.59186717368219	0.0	0.0	0.0	0.0	0.0	0.0	30.652605862213413	5.87199449614453	48.238764361279976	0.0	5.651991528947082	0.0	0.0	0.0	0.0	0.0	0.0	0.0	5.184295699578139	0.0	73.03272254956582	0.0	0.0	0.0	0.0	0.0
GSM4138110_HNSCC_1_PBMC_TTCGGTCAGACCCACC	54.985778525893146	30.494868362961494	0.0	0.0	0.0	0.0	0.0	0.0	0.0	0.0	34.9892830075239	53.977238509087265	13.532913198006462	0.0	21.235004080153043	0.0	0.0	0.0	0.0	0.0	0.0	0.0	0.0	0.0	0.0	0.0	0.0	0.0
GSM4138110_HNSCC_1_PBMC_TTCTCCTTCCTCAATT	60.082735226079286	89.61764378479552	0.0	0.0	72.3597681210879	20.952719298451882	0.0	37.621759597449994	0.0	0.0	0.0	0.0	0.0	0.0	0.0	0.0	0.0	0.0	8.15069168472014	0.0	19.895629664733963	0.0	0.0	0.0	0.0	0.0	0.0	0.0
GSM4138110_HNSCC_1_PBMC_TTGAACGGTCGAAAGC	76.31564615533877	41.02043064708429	6.3222277638554205	0.0	43.230359446525235	0.0	0.0	0.0	0.0	0.0	0.0	0.0	11.319008336072223	34.5418221301384	0.0	0.0	0.0	0.0	0.0	0.0	0.0	0.0	0.0	0.0	0.0	0.0	11.639709186881317	14.454362436006862
GSM4138110_HNSCC_1_PBMC_TTGCCGTAGTCAAGCG	63.067251933177644	52.337976359280646	79.8847451822026	54.0069750333586	0.0	13.130266523262257	25.211439223902833	0.0	0.0	0.0	0.0	0.0	0.0	0.0	0.0	0.0	0.0	0.0	0.0	0.0	0.0	0.0	0.0	0.0	0.0	0.0	8.518090079807353	0.0
GSM4138110_HNSCC_1_PBMC_TTGCGTCTCAAGGCTT	63.08880148757288	80.65847161132042	0.0	0.0	71.68466636843782	24.981105925722364	32.93986482655474	0.0	0.0	0.0	0.0	0.0	0.0	0.0	0.0	0.0	0.0	0.0	0.0	0.0	44.68140606459285	0.0	0.0	0.0	0.0	0.0	0.0	0.0
GSM4138110_HNSCC_1_PBMC_TTTATGCGTGCATCTA	58.66930248362333	44.65294363616995	0.0	0.0	0.0	0.0	0.0	0.0	7.387587715894474	0.0	0.0	0.0	6.271873946974289	10.124776902628607	0.0	0.0	0.0	0.0	9.788866483135688	58.96614948509405	0.0	7.9534884341728365	0.0	0.0	0.0	0.0	0.0	0.0
GSM4138110_HNSCC_1_PBMC_TTTGCGCTCTTGTACT	58.75129262647523	66.20435080014148	0.0	24.854381396532606	0.0	17.68121546606331	0.0	0.0	0.0	0.0	0.0	0.0	0.0	71.19490952592776	11.338886423334488	9.832618912205739	0.0	0.0	0.0	0.0	0.0	0.0	0.0	0.0	0.0	0.0	0.0	0.0
GSM4138110_HNSCC_1_PBMC_TTTGGTTCACTTCTGC	114.94232684262414	87.2769390889986	0.0	0.0	118.01358117016271	0.0	43.14900345678262	0.0	56.1989659919963	0.0	0.0	0.0	36.5712261409964	0.0	0.0	0.0	0.0	0.0	0.0	0.0	0.0	0.0	0.0	0.0	0.0	0.0	0.0	0.0
GSM4138110_HNSCC_1_PBMC_CTACACCAGTTGTAGA	121.06082293746573	95.50889989315587	0.0	68.01769344561453	0.0	24.186548123305407	78.44401292647835	0.0	0.0	0.0	4.297897839479295	0.0	0.0	124.16147315493976	0.0	0.0	0.0	0.0	0.0	0.0	0.0	0.0	0.0	0.0	0.0	0.0	0.0	0.0
GSM4138110_HNSCC_1_PBMC_AACTGGTGTCAGAATA	36.28564989187954	25.312967008774475	0.0	55.72030611940421	0.0	12.921771834318653	20.457571067345395	0.0	0.0	0.0	0.0	0.0	0.0	43.66959257157765	0.0	7.877593109656928	12.158648328077119	0.0	0.0	0.0	0.0	0.0	0.0	0.0	0.0	0.0	0.0	0.0
GSM4138110_HNSCC_1_PBMC_AAACGGGTCCTCAACC	83.35920448526105	58.63495877116358	0.0	0.0	2.638158669411473	10.826163623383641	0.0	0.0	0.0	0.0	43.66001643164272	34.09621364922123	0.0	0.0	0.0	22.635207145643594	0.0	0.0	0.0	0.0	0.0	5.155629321858063	0.0	0.0	0.0	0.0	0.0	0.0
GSM4138110_HNSCC_1_PBMC_AAGGCAGAGGCGTACA	52.20764881597358	86.7258736569556	0.0	0.0	17.686376923894276	29.870378946393753	0.0	8.767032844766058	14.023852794073923	0.0	11.92893666489525	30.92900920388796	0.0	0.0	9.18614780820709	0.0	36.29845110594874	0.0	0.0	0.0	0.0	0.0	0.0	0.0	0.0	0.0	0.0	0.0
GSM4138110_HNSCC_1_PBMC_ACATGGTCAATGGAGC	124.3279578653717	46.13723091302365	31.5847708019964	76.99450102431426	0.0	0.0	0.0	33.33704324134689	0.0	0.0	0.0	0.0	26.310463836918014	0.0	0.0	0.0	0.0	0.0	0.0	0.0	0.0	0.0	0.0	0.0	0.0	0.0	0.0	0.0
GSM4138110_HNSCC_1_PBMC_ACGATGTGTTATCACG	50.41853665914425	74.98299694358421	0.0	0.0	40.137545671710726	11.04024883159136	0.0	0.0	0.0	0.0	0.0	38.004934686351625	10.637775783101743	0.0	16.373178058677357	8.219014761006406	0.0	0.0	0.0	0.0	0.0	0.0	0.0	0.0	0.0	0.0	0.0	0.0
GSM4138110_HNSCC_1_PBMC_ACGGCCATCTCCCTGA	114.04222701970859	96.60498053616142	0.0	61.61125857666177	0.0	29.975150366384856	56.6705968505051	0.0	0.0	0.0	0.0	23.244639150636246	0.0	0.0	0.0	0.0	0.0	52.97281277391211	0.0	0.0	0.0	0.0	0.0	0.0	0.0	0.0	0.0	0.0
GSM4138110_HNSCC_1_PBMC_AGCTCTCTCATTGCCC	80.72851935211531	70.26771788450806	72.41333325349413	84.1110522446413	0.0	70.25490410345036	0.0	81.47058579526474	0.0	0.0	0.0	0.0	0.0	0.0	0.0	0.0	0.0	0.0	0.0	0.0	0.0	0.0	0.0	0.0	42.72098577913634	0.0	0.0	0.0
GSM4138110_HNSCC_1_PBMC_AGGTCATTCTCTAGGA	81.03685607651741	50.19985774995105	0.0	0.0	0.0	0.0	0.0	0.0	0.0	60.867281395754034	0.0	0.0	7.981920417831228	48.351543623331615	0.0	58.97162008203596	0.0	0.0	0.0	0.0	0.0	0.0	0.0	0.0	0.0	0.0	0.0	0.0
GSM4138110_HNSCC_1_PBMC_ATAGACCTCTGGTGTA	65.14538902353215	44.841787731439766	0.0	0.0	39.4698728845699	0.0	0.0	0.0	0.0	0.0	0.0	0.0	19.766461721465166	18.445872134791973	0.0	40.153097242097	0.0	0.0	84.74165960346485	0.0	3.154789317476967	0.0	0.0	0.0	0.0	0.0	0.0	0.0
GSM4138110_HNSCC_1_PBMC_ATAGACCTCTTCCTTC	71.52254282226458	46.066235766142476	0.0	21.10012511319537	0.0	0.0	0.0	0.0	0.0	0.0	0.0	0.0	10.537373164078346	22.959599872672857	0.0	40.99990003908663	0.0	0.0	0.0	0.0	0.0	0.0	0.0	0.0	0.0	0.0	0.0	0.0
GSM4138110_HNSCC_1_PBMC_ATCTACTCACTGTGTA	69.99030135319227	28.017709772782478	64.8131253148969	0.0	0.0	0.0	0.0	63.796077935563254	0.0	55.761396830410284	0.0	0.0	25.38585946653494	0.0	0.0	0.0	0.0	0.0	0.0	0.0	0.0	0.0	0.0	0.0	0.0	0.0	0.0	0.0
GSM4138110_HNSCC_1_PBMC_ATCTGCCAGGAATCGC	74.05624281833119	36.8683282256153	0.0	0.0	60.05105908974684	20.11877004530051	0.0	0.0	35.51282063829348	0.0	0.0	0.0	6.793197117134926	0.0	56.952877748739425	0.0	0.0	0.0	9.701377480137065	0.0	0.0	0.0	0.0	0.0	0.0	0.0	0.0	0.0
GSM4138110_HNSCC_1_PBMC_ATGGGAGCATGGGAAC	86.39719830299774	75.48262729661225	0.0	0.0	148.87365310281422	0.0	0.0	169.94881282396852	0.0	0.0	42.528526805749536	0.0	13.100654027674102	109.5418765034594	0.0	0.0	0.0	0.0	0.0	0.0	0.0	0.0	0.0	0.0	0.0	0.0	86.21139655231842	0.0
GSM4138110_HNSCC_1_PBMC_ATGTGTGGTAGCTGCC	37.855806007295584	34.67834374288796	0.0	0.0	12.01666399048342	0.0	0.0	8.712403742365938	0.0	0.0	0.0	114.11037289161264	18.941166480758184	0.0	31.52533888205213	0.0	0.0	0.0	0.0	0.0	0.0	0.0	0.0	0.0	0.0	0.0	0.0	0.0
GSM4138110_HNSCC_1_PBMC_CACAAACCATCCCACT	94.01679943587025	75.78145152869631	37.66993450481842	11.44825421865608	35.88684521212444	15.481907352350671	53.23230147393634	0.0	5.807777952928862	0.0	0.0	0.0	0.0	0.0	0.0	0.0	0.0	0.0	0.0	0.0	0.0	0.0	0.0	0.0	0.0	0.0	0.0	0.0
GSM4138110_HNSCC_1_PBMC_CACCACTAGTTACCCA	98.44045004354994	85.88624000884786	0.0	0.0	0.0	7.489126888200371	0.0	0.0	0.0	0.0	0.0	0.0	14.922052592661137	0.0	20.7852481922136	28.804144612904018	58.43512612227371	0.0	54.23357736851971	0.0	0.0	0.0	0.0	0.0	0.0	0.0	0.0	0.0
GSM4138110_HNSCC_1_PBMC_CATGCCTTCAGCTCTC	68.44312520585333	54.69322567433754	0.0	0.0	0.0	25.33721677421903	0.0	67.10421527866536	0.0	0.0	79.35821487790105	0.0	0.0	52.18831504865483	0.0	0.0	0.0	0.0	0.0	0.0	0.0	0.0	0.0	0.0	0.0	9.938238261535888	0.0	0.0
GSM4138110_HNSCC_1_PBMC_CATGGCGCATGTTCCC	92.41511966728677	54.7561662996615	0.0	0.0	0.0	0.0	50.883991388824576	0.0	94.47864168960648	25.04413695539344	0.0	0.0	23.33006408151809	0.0	24.549252911531585	0.0	0.0	0.0	0.0	0.0	0.0	0.0	0.0	0.0	0.0	0.0	0.0	0.0
GSM4138110_HNSCC_1_PBMC_CCACCTAGTAGTACCT	75.69713071685574	53.98960487280185	30.871578589639366	0.0	0.0	0.0	46.610642532646814	0.0	0.0	95.09126435668828	0.0	0.0	16.34052116773663	0.0	0.0	0.0	0.0	0.0	0.0	0.0	0.0	0.0	0.0	0.0	0.0	0.0	0.0	0.0
GSM4138110_HNSCC_1_PBMC_CCGTTCAGTATATCCG	81.85134007237555	53.10288944841952	0.0	36.858589639205874	0.3560004615443945	30.63835670864992	0.0	0.0	0.0	0.0	0.0	4.588669726097389	17.63850326140941	0.0	0.0	0.0	0.0	59.898035871975694	0.0	0.0	0.0	0.0	79.25076861156055	0.0	0.0	0.0	0.0	0.0
GSM4138110_HNSCC_1_PBMC_CCTACACGTCCGAAGA	41.56473270640761	45.235073013925195	31.79186379870998	61.48753132165029	0.0	11.60958015637867	28.95980675393082	0.0	0.0	0.0	0.0	0.0	0.0	0.0	13.010410408045074	0.0	0.0	0.0	0.0	0.0	0.0	0.0	0.0	0.0	0.0	0.0	0.0	0.0
GSM4138110_HNSCC_1_PBMC_CCTCTGAGTCGCGAAA	128.025100520551	80.62991405708105	0.0	0.0	74.89131765592445	0.0	65.76740925911936	0.0	0.0	0.0	0.0	0.0	27.204658956718568	69.54829184997703	0.0	0.0	0.0	0.0	0.0	0.0	0.0	0.0	0.0	0.0	0.0	0.0	0.0	0.0
GSM4138110_HNSCC_1_PBMC_CGCTGGAAGGCATGTG	63.61986372541997	71.4437745539252	0.0	0.0	45.394186186319935	0.0	0.0	0.0	12.804187346972272	0.0	0.0	53.221862244788475	22.923005005260464	0.0	53.78035498122923	0.0	0.0	0.0	0.0	0.0	0.0	0.0	0.0	0.0	0.0	0.0	0.0	0.0
GSM4138110_HNSCC_1_PBMC_CGGAGTCTCACAATGC	74.95117682167572	1.48992363601309	57.612127099586125	0.0	30.24240731932571	4.482104031894494	0.0	0.0	0.0	0.0	35.11010794828039	0.0	12.148190949617387	0.0	0.0	22.19762176777281	0.0	0.0	0.0	0.0	0.0	12.16509587475784	0.0	0.0	0.0	0.0	0.0	0.0
GSM4138110_HNSCC_1_PBMC_CGGCTAGAGCTACCGC	114.25044120504052	60.3863386952735	0.0	3.546200305632016	34.71528659653099	20.242205676044385	0.0	0.0	0.0	0.0	0.0	68.57793623891533	0.0	0.0	44.67462604112593	0.0	0.0	0.0	0.0	0.0	0.0	0.0	0.0	0.0	0.0	0.0	0.0	0.0
GSM4138110_HNSCC_1_PBMC_CGTTGGGCAAGCCGCT	209.52637285048158	34.68551529775266	0.0	21.685099502318412	0.0	0.0	43.93740676657081	0.0	14.543146506175127	0.0	0.0	0.0	34.41004645262568	0.0	0.0	0.0	0.0	0.0	0.0	0.0	0.0	0.0	0.0	0.0	0.0	0.0	0.0	0.0
GSM4138110_HNSCC_1_PBMC_CTCAGAAGTCCGACGT	80.03477864759043	36.04833591290846	0.0	0.0	0.0	6.385815123982715	35.42145508303279	0.0	54.597306932022256	0.0	0.0	0.0	0.0	0.0	0.0	0.0	56.45262548994822	0.0	0.0	0.0	0.0	0.0	0.0	0.0	0.0	0.0	0.0	0.0
GSM4138110_HNSCC_1_PBMC_CTCGTACCACGCGAAA	72.081188464584	70.27110398644666	32.97388544177268	15.542327883226669	0.0	0.0	39.46931658535853	0.0	0.0	0.0	0.0	0.0	16.372675230397775	0.0	0.0	0.0	0.0	0.0	0.0	28.02360328055674	0.0	0.0	0.0	0.0	0.0	0.0	0.0	0.0
GSM4138110_HNSCC_1_PBMC_GAAATGAAGAGCCTAG	177.62331040843083	130.94929311607586	46.53346192343434	0.0	0.0	0.0	0.0	35.22377515522032	0.0	89.26943885955806	0.0	0.0	23.365922344247206	0.0	0.0	0.0	0.0	0.0	0.0	0.0	0.0	24.95088346866119	0.0	0.0	0.4073203494871498	0.0	0.0	0.0
GSM4138110_HNSCC_1_PBMC_GACGTTATCTAACCGA	65.89429946634924	47.54268372962491	6.5153380698490935	0.0	47.49249138028257	17.186601390360586	0.0	0.0	0.0	0.0	0.0	0.0	0.0	33.62381414405116	0.0	73.18436940818789	0.0	0.0	0.0	0.0	0.0	0.0	0.0	0.0	0.0	0.0	0.0	0.0
GSM4138110_HNSCC_1_PBMC_GACTGCGTCGGCATCG	43.33445444091493	92.07285716430773	0.0	0.0	41.43369422023661	25.911582175218477	0.0	0.0	0.0	0.0	0.0	0.0	0.0	60.05390883465171	0.0	1.6915130024518807	0.0	0.0	0.0	0.0	0.0	43.71787662410066	0.0	0.0	0.0	0.0	0.0	0.0
GSM4138110_HNSCC_1_PBMC_GATGAGGAGGCTAGCA	64.26034456621885	43.20802432012286	0.0	0.0	39.944672861904614	0.0	2.0873793766009543	0.0	0.0	0.0	0.0	0.0	21.39493672156894	0.0	7.250822960351104	23.631968895851003	0.0	62.783447791697334	0.0	0.0	0.0	0.0	0.0	0.0	0.0	0.0	0.0	0.0
GSM4138110_HNSCC_1_PBMC_GATTCAGCACCACGTG	72.33490256346906	69.7806199596643	0.0	0.0	11.246891384771672	0.0	47.88430300076711	0.0	53.883983458357	0.0	0.0	0.0	19.450789301401883	0.0	0.0	0.0	0.0	0.0	0.0	0.0	0.0	0.0	0.0	0.0	0.0	0.0	0.0	0.0
GSM4138110_HNSCC_1_PBMC_GCAATCAGTAGCTCCG	67.26986760430847	20.634848133172415	42.008111265595005	0.0	0.0	19.157485935165518	31.938838814819142	0.0	0.0	0.0	33.83046436669572	0.0	0.0	0.0	0.0	0.0	0.0	0.0	0.0	0.0	0.0	0.0	0.0	0.0	0.0	0.0	0.0	0.0
GSM4138110_HNSCC_1_PBMC_GCGACCAGTAGCCTAT	93.74674468563494	149.82807097422986	0.0	0.0	71.5688603085581	0.0	0.0	0.0	0.0	0.0	0.0	0.0	29.033603437277627	32.68602546502555	41.07417887221829	0.0	0.0	0.0	0.0	0.0	0.0	0.0	0.0	0.0	0.0	0.0	0.0	0.0
GSM4138110_HNSCC_1_PBMC_GCTTCCATCTCATTCA	51.050451909047204	40.067685208749445	38.27979992156745	0.0	83.09072119299911	0.0	0.0	33.08428880495445	0.0	0.0	0.0	0.0	10.10214241984076	0.0	0.0	0.0	0.0	12.796147063192212	0.0	0.0	0.0	0.0	0.0	0.0	0.0	0.0	0.0	0.0
GSM4138110_HNSCC_1_PBMC_GCTTGAAAGACCTTTG	38.659412165209574	56.24762816481106	33.04253288206329	0.0	0.0	3.8625406732720218	0.0	0.0	0.0	5.653837745796967	0.0	0.0	6.471971689321933	11.293831444318329	17.371384655707413	0.0	31.197450232427954	0.0	0.0	0.47572279405942297	0.0	0.0	0.0	0.0	0.0	0.0	0.0	0.0
GSM4138110_HNSCC_1_PBMC_GGACAAGGTAATTGGA	90.64934661445757	120.44617256676321	0.0	0.0	0.0	12.049086947002236	35.58476510445527	0.0	0.0	0.0	0.0	47.62169148567807	0.0	0.0	0.0	0.0	33.79824282525394	0.0	0.0	0.0	0.0	0.0	0.0	9.555787011472269	0.0	0.0	0.0	0.0
GSM4138110_HNSCC_1_PBMC_GGCGTGTAGCACGCCT	51.938857352664584	31.20358241212526	30.46372179182815	0.0	0.0	13.53613132015211	25.848067378231068	0.0	0.0	0.0	41.67350874732873	0.0	17.887636818468927	0.0	0.0	0.0	0.0	0.0	0.0	0.0	0.0	0.0	0.0	0.0	0.0	0.0	0.0	0.0
GSM4138110_HNSCC_1_PBMC_GGCGTGTAGCGTTTAC	45.59728507772633	56.28640969466004	0.0	33.787396826073724	0.0	15.836222624054658	0.0	0.0	0.0	0.0	0.0	0.0	0.0	0.0	23.2282893108654	0.0	0.1016170278707687	0.0	4.099620686212238	0.0	20.85973569982093	0.0	0.0	0.0	0.0	0.0	0.0	0.0
GSM4138110_HNSCC_1_PBMC_GGCTGGTCAATGGACG	72.00970760933554	93.55804302731026	106.62321579110231	0.0	0.0	21.13684211479228	0.0	57.38164361046526	0.0	33.43129805512678	0.0	0.0	0.0	0.0	0.0	0.0	0.0	0.0	0.0	0.0	0.0	0.0	0.0	0.0	0.0	0.0	0.0	0.0
GSM4138110_HNSCC_1_PBMC_GGGAATGTCAGCTGGC	136.12063607408507	42.566670757638285	0.0	0.0	0.0	19.894782784878025	46.389510059901454	0.0	52.08213722897506	0.0	0.0	0.0	0.0	3.6788034294535343	7.754199054254688	0.0	78.33853914870105	0.0	0.0	0.0	0.0	0.0	0.0	0.0	0.0	0.0	0.0	0.0
GSM4138110_HNSCC_1_PBMC_GGGTTGCAGATCGGGT	46.97176156342669	27.50282855373274	45.53245335326763	0.0	5.36561403174191	14.95132351846622	0.0	26.534143167491177	0.0	0.0	0.0	0.3466470241404057	0.0	0.0	0.0	0.0	58.0562056383176	0.0	0.0	0.0	0.0	0.0	18.751442918421585	0.0	0.0	0.0	0.0	0.0
GSM4138110_HNSCC_1_PBMC_GGTATTGCACATTAGC	69.88035529893226	29.672979500040167	0.0	8.69838508032485	0.0	19.42058883254852	0.0	30.46265103056132	0.0	0.0	0.0	26.668227062378346	0.0	0.0	0.0	0.0	0.0	0.0	0.0	0.0	22.661722872529307	0.0	0.0	0.0	0.0	0.0	0.0	0.0
GSM4138110_HNSCC_1_PBMC_GGTGTTAGTGTGACCC	37.59210055542219	40.56477227442336	0.0	0.0	9.198538526130587	11.311727726083918	0.0	4.737824449511455	0.0	0.0	24.456584408593642	65.56189508431159	0.0	0.0	0.0	6.141651179486173	0.0	0.0	0.0	0.0	0.0	33.69470906251297	0.0	0.0	0.0	0.0	0.0	0.0
GSM4138110_HNSCC_1_PBMC_GTCACAAGTATCACCA	164.72828984581096	29.610729297060796	43.15876632194971	0.0	0.0	0.0	0.0	52.79725543937631	0.0	36.92643182626875	18.639107631671173	0.0	11.87097336372765	0.0	0.0	0.0	0.0	0.0	0.0	0.0	0.0	0.0	0.0	0.0	0.0	0.0	0.0	0.0
GSM4138110_HNSCC_1_PBMC_GTCACAATCGCAAGCC	64.6111024772824	28.961205729057504	0.0	3.001159896571663	0.0	0.0	0.0	25.93546811210859	0.0	38.421135752284876	0.0	27.52747815085596	18.25687234461607	0.0	0.0	0.0	0.0	35.321945046090434	0.0	0.0	0.0	0.0	0.0	0.0	0.0	0.0	0.0	0.0
GSM4138110_HNSCC_1_PBMC_GTCACGGCAAGCTGGA	71.8962777700829	30.003301385355083	0.0	0.0	24.611143327073364	7.142219456163964	0.0	0.0	135.00432226469908	0.0	0.0	0.0	6.4965340929291004	0.0	0.0	0.0	0.0	0.0	0.0	0.0	0.0	0.0	0.0	35.27661704152891	0.0	0.0	0.0	0.0
GSM4138110_HNSCC_1_PBMC_GTCGTAAAGGCATGTG	130.532906816099	127.90901886408751	0.0	0.0	0.0	0.0	74.87634138149741	0.0	61.3092418229519	133.79717079409969	27.22249602818124	0.0	30.520596832656384	0.0	0.0	0.0	0.0	0.0	0.0	0.0	0.0	0.0	0.0	0.0	0.0	0.0	0.0	0.0
GSM4138110_HNSCC_1_PBMC_GTCGTAATCTTGCAAG	52.398983874473416	33.186512152070314	0.0	0.0	35.10637209935688	0.0	0.0	0.0	0.0	0.0	6.776539378468245	42.564342096150604	11.299300706587168	0.0	26.32464513063968	0.0	0.0	0.0	0.0	0.0	0.0	0.0	0.0	0.0	0.0	0.0	0.0	0.0
GSM4138110_HNSCC_1_PBMC_GTCTCGTCATGCGCAC	62.06460478141167	24.136128224874092	34.1028076297995	2.233860955145427	32.29046512715457	22.34285354458633	0.0	0.0	0.0	0.0	0.0	20.644278181932428	0.0	0.0	0.0	34.138467966923834	19.36775505855985	0.0	0.0	0.0	11.252506510121444	0.0	0.0	0.0	0.0	0.0	0.0	0.0
GSM4138110_HNSCC_1_PBMC_GTGAAGGCACATTTCT	71.70470989309473	44.75948435357682	49.935169484826815	0.0	0.0	0.0	50.8483698155538	0.0	0.0	91.07864397813009	0.0	0.0	29.422912435193115	0.0	0.0	0.0	0.0	0.0	0.0	0.0	0.0	0.0	0.0	0.0	0.0	0.0	0.0	0.0
GSM4138110_HNSCC_1_PBMC_GTGCAGCAGACCGGAT	117.65332765984454	86.98553667398583	8.447234544271893	0.0	0.0	0.0	57.09232449585722	0.0	71.47105345277797	0.0	18.988836372419936	0.0	9.787046973633872	0.0	0.0	0.0	47.34981159825911	0.0	0.0	0.0	0.0	0.0	0.0	0.0	0.0	0.0	0.0	0.0
GSM4138110_HNSCC_1_PBMC_GTTAAGCTCATACGGT	82.61130387355365	56.296514814905805	0.0	25.55704175054889	0.0	33.652362227052556	0.0	0.0	0.0	0.0	0.0	0.0	23.900296963278645	46.161571201834285	0.0	21.17834160112262	0.0	0.0	0.0	0.0	0.0	0.0	0.0	0.0	0.0	0.0	0.0	0.0
GSM4138110_HNSCC_1_PBMC_TAAACCGAGGGTCGAT	62.05821660134542	39.869805939478674	50.44170093648455	0.0	0.0	13.884021765947745	0.0	44.41883599650793	0.0	0.0	0.0	0.0	0.0	0.0	0.0	0.0	54.58039236943883	0.0	0.0	0.0	0.0	0.0	0.0	0.0	0.0	0.0	0.0	0.0
GSM4138110_HNSCC_1_PBMC_TACCTTAAGGCTCTTA	93.48322086773983	86.03065005926514	38.93730302547065	66.13538543128708	0.0	28.348958484459523	3.6200482633556472	47.979099204892805	0.0	0.0	0.0	0.0	0.0	0.0	0.0	0.0	0.0	0.0	0.0	0.0	0.0	0.0	0.0	0.0	0.0	0.0	0.0	0.0
GSM4138110_HNSCC_1_PBMC_TAGAGCTTCGTTGCCT	122.03275879567039	100.73600886094127	0.0	0.0	0.0	28.06392433183449	0.0	100.97420655812164	0.0	0.0	0.0	61.03847750114324	0.0	0.0	0.0	0.0	102.97723724144568	0.0	0.0	0.0	0.0	0.0	0.0	0.0	0.0	0.0	0.0	0.0
GSM4138110_HNSCC_1_PBMC_TAGGCATTCCCAGGTG	89.83412460701942	38.687534181226745	0.0	0.0	22.58208751566481	0.0	0.0	0.0	83.15184661805363	0.0	0.0	0.0	17.19437145963818	0.0	0.0	22.98035916041799	0.0	0.0	0.0	0.0	0.0	0.0	0.0	0.0	0.0	0.0	0.0	0.0
GSM4138110_HNSCC_1_PBMC_TCACAAGCACATCCGG	45.263121862764805	37.45396195049502	0.0	0.0	0.0	37.29165525678071	0.0	27.82316766325014	0.0	0.0	27.016328208380212	70.69122036664315	0.0	0.0	0.0	0.0	0.0	0.0	0.0	0.0	0.0	0.0	0.0	0.0	38.93139707801563	0.0	0.0	0.0
GSM4138110_HNSCC_1_PBMC_TCAGCTCCATGACGGA	55.88597352588952	87.3385271629816	0.0	0.0	0.0	29.450615270279965	20.457000673957754	0.0	24.86187475361324	0.0	21.855329850760793	0.0	0.0	0.0	0.0	0.0	0.0	0.0	0.0	0.0	0.0	0.0	0.0	0.0	0.0	0.0	0.0	0.0
GSM4138110_HNSCC_1_PBMC_TCGAGGCTCCAGGGCT	68.80255380349018	56.69972688566757	0.0	0.0	0.0	10.036368972685798	54.98410132648782	0.0	2.9817045862416784	0.0	0.0	0.0	0.0	26.100144844933833	0.0	0.0	37.12591252691284	0.0	0.0	0.0	0.0	0.0	0.0	0.0	0.0	0.0	0.0	0.0
GSM4138110_HNSCC_1_PBMC_TCTATTGCAGTCAGCC	125.84721505084975	73.71528097267107	0.0	34.7956258176656	0.0	14.37319611528961	0.0	51.640282432729705	0.0	0.0	0.0	0.0	0.0	49.388193073369166	0.0	0.0	0.0	0.0	0.0	2.2302573498992744	0.0	0.0	0.0	0.0	0.0	0.0	0.0	0.0
GSM4138110_HNSCC_1_PBMC_TCTCTAAGTGGTAACG	111.42751588678777	79.2136346506863	0.0	0.0	0.0	0.0	0.0	52.59938417314617	0.0	0.0	75.49230464611284	0.0	25.657125214996576	117.05556604809613	0.0	0.0	0.0	0.0	0.0	0.0	0.0	0.0	0.0	0.0	0.0	0.0	0.0	0.0
GSM4138110_HNSCC_1_PBMC_TCTGAGATCTAGCACA	53.58123305550368	70.45370713193796	0.0	0.0	0.0	20.477437517726283	0.0	48.61006687943574	0.0	27.37203306989833	0.0	0.0	0.0	0.0	0.0	0.0	0.0	36.67590657239288	0.0	0.0	0.0	0.0	0.0	0.0	0.0	6.952901529859816	0.0	0.0
GSM4138110_HNSCC_1_PBMC_TCTTTCCCACTGAAGG	97.68311578683758	71.94128980453941	0.0	45.28247955633779	7.1528484810866955	22.775703035041527	0.0	42.144008395485045	0.0	0.0	0.0	0.0	0.0	11.208232212078276	39.69898679878542	0.0	27.328511222298914	89.81753944735762	0.0	0.0	0.0	0.0	0.0	0.0	0.0	0.0	0.0	0.0
GSM4138110_HNSCC_1_PBMC_TGACAACGTCATCCCT	65.27436548376598	58.8959850124611	0.0	0.0	0.0	0.0	0.0	45.45082629918091	42.06383870155951	69.31093441875059	26.11451999902377	0.0	19.541927736777367	0.0	0.0	0.0	0.0	0.0	43.885599862228474	0.0	0.0	0.0	0.0	4.073319443517044	0.0	0.0	0.0	0.0
GSM4138110_HNSCC_1_PBMC_TGAGCCGAGATGAGAG	64.94088007002162	56.26618990382926	26.93918231747751	37.11273235178284	0.0	23.495669996501242	48.409248413024805	0.0	0.0	0.0	0.0	0.0	2.8075542356552456	0.0	0.0	0.0	0.0	28.947724705277906	0.0	0.0	0.0	0.0	0.0	0.0	0.0	0.0	0.0	0.0
GSM4138110_HNSCC_1_PBMC_TGCGGGTTCTGATTCT	62.048717223224564	50.97867376019723	0.0	0.0	53.909557202618956	10.109408854312333	0.0	18.007092583405214	0.0	0.0	0.0	24.040062769752794	0.0	0.0	0.0	0.0	0.0	0.0	0.0	0.0	0.0	0.0	0.0	0.0	0.0	0.0	0.0	0.0
GSM4138110_HNSCC_1_PBMC_TGGCTGGGTTCCAACA	53.160517937427784	57.91077876092758	64.31108550927247	0.0	28.343811616248804	0.0	21.58948257108857	22.48784222580509	0.0	0.0	38.35339033078571	0.0	14.93256163369014	0.0	0.0	0.0	0.0	0.0	0.0	0.0	0.0	0.0	15.038702533776071	0.0	0.0	0.0	0.0	0.0
GSM4138110_HNSCC_1_PBMC_TGTATTCGTGGCTCCA	111.20252358257999	62.70432397345961	0.0	49.268199959634096	0.0	0.0	50.442264202664525	0.0	0.0	0.0	0.0	0.0	19.108032898614912	144.4436247919314	31.104452846792622	0.0	0.0	0.0	0.0	0.0	0.0	0.0	0.0	0.0	0.0	0.0	0.0	0.0
GSM4138110_HNSCC_1_PBMC_TGTGGTAAGTATGACA	100.7595112706363	48.2785275682039	0.0	0.0	42.28216010774389	0.0	48.65282296137233	0.0	0.0	0.0	0.0	32.351867409276096	13.142400983445135	0.0	0.0	0.0	0.0	20.784866857139416	0.0	0.0	0.0	0.0	0.0	0.0	0.0	0.0	0.0	0.0
GSM4138110_HNSCC_1_PBMC_TTCCCAGGTCACTGGC	62.394461596040486	38.57982679464989	47.07522851952596	16.668700100967616	0.0	32.794112575410196	46.0943020530921	0.0	0.0	0.0	0.0	0.0	1.821418356412553	0.0	0.0	0.0	0.0	0.0	0.0	0.0	0.0	0.0	0.0	0.0	0.0	0.0	0.0	0.0
GSM4138110_HNSCC_1_PBMC_TTCGGTCCACCTCGGA	94.84091677771298	51.6715745467377	0.0	51.34616614067255	0.0	0.0	0.0	20.448762448176186	0.0	0.0	0.0	0.0	7.967885274998878	0.0	0.0	0.0	0.0	31.33518644248172	0.0	0.0	0.0	0.0	0.0	0.0	0.0	0.0	0.0	0.0
GSM4138110_HNSCC_1_PBMC_TTCTACATCCTTCAAT	60.006981133765436	39.55026464827109	0.0	47.89910205106325	0.0	11.66474990189452	0.0	0.0	0.0	0.0	0.0	0.0	15.406061421781867	51.656419877165305	28.328938345443436	0.0	0.0	3.5355962502704883	0.0	0.0	0.0	0.0	0.0	0.0	0.0	0.0	0.0	0.0
GSM4138110_HNSCC_1_PBMC_AAAGTAGTCGGCATCG	257.79424332976583	181.57882258702736	0.0	0.0	185.4560232740613	53.695381840280064	0.0	0.0	0.0	0.0	0.0	196.7479692087617	0.0	0.0	81.23315034632977	0.0	0.0	0.0	0.0	0.0	0.0	0.0	0.0	0.0	0.0	0.0	0.0	0.0
GSM4138110_HNSCC_1_PBMC_ACACTGATCGTACCGG	139.4851538758136	152.84562581555812	0.0	66.38425735904393	1.0344559148162042	18.55058490626584	42.4736268736921	0.0	70.80074499506044	11.976606679692473	0.0	0.0	1.716485065338617	0.0	0.0	0.0	0.0	0.0	29.947096199870877	0.0	0.0	0.0	0.0	0.0	0.0	0.0	0.0	0.0
GSM4138110_HNSCC_1_PBMC_ACAGCTATCAGCACAT	254.61450474906334	148.00383404966027	0.0	0.0	20.326876075190388	0.0	0.0	2.899660252351679	0.0	113.41703941984707	0.0	0.0	41.69437934623225	0.0	0.0	0.0	0.0	0.0	0.0	0.0	0.0	0.0	0.0	0.0	0.0	191.12157055645417	53.040644607082925	0.0
GSM4138110_HNSCC_1_PBMC_ACTGAACGTTATTCTC	233.51599226121567	142.29683958959203	0.0	38.88068555638637	0.0	20.88459141122466	0.0	0.0	0.0	0.0	0.0	179.06601107893692	3.618479020383304	0.0	76.60066157059883	0.0	0.0	0.0	0.0	69.85561190904934	0.0	0.0	0.0	0.0	0.0	0.0	0.0	0.0
GSM4138110_HNSCC_1_PBMC_ACTGAGTTCAGGTAAA	227.05509998505417	119.70661179907303	0.0	91.94204769649603	0.0	28.728572037942957	0.0	63.695687725100576	0.0	0.0	0.0	142.5153449269049	0.0	0.0	0.0	0.0	0.0	0.0	0.0	0.0	0.0	0.0	0.0	0.0	0.0	0.0	0.0	0.0
GSM4138110_HNSCC_1_PBMC_ACTGCTCCAACCGCCA	259.88840748599966	124.74300003227789	0.0	0.0	0.0	25.395737341069008	0.0	0.0	97.48477541063373	88.0959134580817	0.0	0.0	0.0	0.0	53.513505885781484	0.0	0.0	0.0	9.834395792613792	0.0	0.0	0.0	0.0	0.0	0.0	0.0	0.0	0.0
GSM4138110_HNSCC_1_PBMC_ACTTACTAGTGGAGAA	236.70424616711944	200.28229788351214	0.0	0.0	7.834745389102558	0.0	0.0	0.0	0.0	0.0	167.46405792779933	205.11603730976802	59.97856083395051	0.0	86.93648752119172	0.0	0.0	0.0	0.0	0.0	0.0	0.0	0.0	0.0	0.0	0.0	0.0	0.0
GSM4138110_HNSCC_1_PBMC_ACTTGTTCAGTTCATG	229.26693238427382	259.3397367832062	270.42549887442686	195.61827584668092	0.0	0.0	0.0	0.0	0.0	0.0	0.0	0.0	24.823007626542424	0.0	0.0	0.0	0.0	0.0	0.0	0.0	0.0	0.0	0.0	0.0	0.0	0.0	0.0	93.05163376678397
GSM4138110_HNSCC_1_PBMC_AGAGTGGCAGGGATTG	144.18432000043094	136.04344780236056	0.0	0.0	0.0	0.0	92.33020915515576	0.0	98.48899172280109	0.0	93.67937511958259	0.0	58.424722292375456	0.0	0.0	0.0	33.020830338521954	0.0	0.0	0.0	0.0	0.0	0.0	0.0	0.0	0.0	0.0	0.0
GSM4138110_HNSCC_1_PBMC_AGATCTGGTGATAAGT	187.2531241420773	107.1921301494527	0.0	0.0	63.63804353122524	23.88371596776594	0.0	0.0	0.0	0.0	46.247097545690075	0.0	0.0	0.0	0.0	112.37831894378002	0.0	0.0	60.01230477635853	0.0	0.0	0.0	0.0	0.0	0.0	0.0	0.0	0.0
GSM4138110_HNSCC_1_PBMC_AGATTGCGTATAGGGC	231.27569572057857	216.56732128349228	0.0	0.0	173.60461065188235	36.33332208616282	0.0	58.635964153542496	0.0	0.0	0.0	150.9502297012432	0.0	0.0	0.0	0.0	0.0	0.0	0.0	0.0	0.0	0.0	0.0	0.0	0.0	3.6458612190439905	0.0	0.0
GSM4138110_HNSCC_1_PBMC_AGCGGTCCATGCTGGC	265.8283307983304	113.18186960440393	0.0	0.0	0.0	0.0	72.25375742886027	0.0	65.09961009330897	238.19033082568825	0.0	0.0	30.9393432271099	0.0	0.0	0.0	0.0	0.0	0.0	0.0	0.0	0.0	0.0	0.0	0.0	0.0	0.0	0.0
GSM4138110_HNSCC_1_PBMC_AGGCCACTCAGCGATT	202.46360544148348	106.89892620432168	0.0	49.53323206843629	19.11290839536513	18.322561148999014	19.476526544767474	64.45172156080979	0.0	0.0	0.0	0.0	0.0	0.0	0.0	0.0	34.568592170113156	0.0	0.0	21.97069939193986	97.27325265769686	0.0	0.0	0.0	0.0	19.423273379505424	0.0	0.0
GSM4138110_HNSCC_1_PBMC_AGTAGTCCACAGTCGC	265.8140376287367	155.87050292580568	0.0	0.0	0.0	29.266683365646504	0.0	0.0	0.0	0.0	12.349804751661887	262.69151313662076	0.0	0.0	0.0	0.0	137.41283248667258	0.0	0.0	0.0	0.0	117.6395718788445	0.0	0.0	0.0	0.0	0.0	0.0
GSM4138110_HNSCC_1_PBMC_AGTGTCATCCCTAATT	150.05280686237842	142.50285438527004	0.0	0.0	0.0	0.7986756973546209	0.0	66.33363517485661	124.92525792247928	0.0	0.0	0.0	36.13239105778721	0.0	0.0	0.0	94.70101987018771	0.0	0.0	0.0	0.0	0.0	0.0	0.0	0.0	0.0	0.0	0.0
GSM4138110_HNSCC_1_PBMC_ATCCACCGTGGTTTCA	3161.4657529052706	0.0	0.0	0.0	0.0	0.0	0.0	0.0	0.0	0.0	0.0	0.0	0.0	0.0	0.0	0.0	0.0	0.0	0.0	0.0	0.0	0.0	0.0	0.0	0.0	0.0	0.0	0.0
GSM4138110_HNSCC_1_PBMC_ATCGAGTGTACTTAGC	229.73726802103934	139.36202044552584	0.0	0.0	182.66832475121998	0.0	0.0	41.68956117018825	0.0	0.0	0.0	203.8982101706161	44.19966378688976	0.0	52.76040931676078	0.0	0.0	0.0	0.0	0.0	0.0	0.0	0.0	0.0	0.0	0.0	0.0	0.0
GSM4138110_HNSCC_1_PBMC_CAACTAGTCTTGAGAC	229.01046510903657	103.20514992316009	0.0	0.0	0.0	0.0	0.0	0.0	0.0	143.9960631816646	0.0	133.81093283422268	28.284861069545475	0.0	0.0	44.4360060309938	0.0	0.0	0.0	0.0	0.0	0.0	0.0	0.0	0.0	0.0	0.0	0.0
GSM4138110_HNSCC_1_PBMC_CAAGGCCTCTAGCACA	121.38499636128874	75.71699400332727	0.0	0.0	100.26557053744943	0.0	0.0	0.0	0.0	0.0	0.0	38.96707071484939	37.32555577113108	0.0	44.16725997116332	4.161759613991122	0.0	0.0	41.58630811869761	0.0	0.0	0.0	0.0	0.0	0.0	0.0	0.0	0.0
GSM4138110_HNSCC_1_PBMC_CACAAACAGGCTACGA	193.20355106852534	166.41521327831074	115.36578169223877	0.0	0.0	21.234817000615575	0.0	16.089975296229742	0.0	109.06929473072348	0.0	0.0	0.0	0.0	0.0	0.0	0.0	0.0	0.0	0.0	60.72984575224412	0.0	40.04685595957129	0.0	0.0	0.0	0.0	0.0
GSM4138110_HNSCC_1_PBMC_CACATTTTCATTGCGA	166.381233544602	104.13943775187964	0.0	0.0	0.0	0.0	0.0	0.0	151.27200209967543	14.723497609935281	0.0	40.70548959918914	34.5493595655942	0.0	0.0	71.90470218265533	45.923608274327876	0.0	0.0	25.4003813474947	0.0	0.0	0.0	0.0	0.0	0.0	0.0	0.0
GSM4138110_HNSCC_1_PBMC_CAGAGAGTCAGTTAGC	278.46613037824636	188.7854463338405	0.0	0.0	0.0	0.0	0.0	0.0	0.0	132.08233435545668	0.0	0.30694702961254344	26.1520436749347	0.0	99.50785103746269	0.0	0.0	0.0	130.4929319745848	0.0	0.0	0.0	0.0	0.0	0.0	0.0	0.0	0.0
GSM4138110_HNSCC_1_PBMC_CAGCTGGGTCTCCACT	268.94275457495127	148.9989012120589	0.0	0.0	106.89517216725235	28.235756335408738	0.0	0.0	0.0	0.0	6.040989472931702	0.0	0.0	27.931613979220522	0.0	95.88479868921652	0.0	155.21649312409738	0.0	0.0	0.0	0.0	0.0	0.0	0.0	0.0	0.0	0.0
GSM4138110_HNSCC_1_PBMC_CAGCTGGGTGTTTGTG	144.511747471591	141.13207212529153	101.26306549785899	0.0	0.0	18.087653064720694	0.0	8.184608652817845	0.0	0.0	0.0	0.0	0.0	0.0	38.10148558649308	0.0	0.0	0.0	0.0	110.50136733421732	0.0	0.0	0.0	0.0	0.0	0.0	0.0	0.0
GSM4138110_HNSCC_1_PBMC_CATATGGCAGGACGTA	256.850777928949	124.59364325064729	0.0	245.05386009036235	0.0	13.373130612934037	0.0	0.2465210567701982	0.0	0.0	0.0	0.0	0.0	125.70127681307956	0.0	0.0	0.0	0.0	0.0	0.0	0.0	0.0	0.0	0.0	0.0	0.0	0.0	0.0
GSM4138110_HNSCC_1_PBMC_CATATTCTCCACGTTC	183.67359308349225	107.77508029331042	0.0	78.76705359167275	0.0	30.40560248504336	0.0	0.0	15.79021436286809	74.24949605186534	0.0	92.25549735786731	0.0	0.0	53.139026792035814	0.0	0.0	0.0	0.0	0.0	0.0	0.0	0.0	0.0	0.0	0.0	0.0	0.0
GSM4138110_HNSCC_1_PBMC_CCAATCCCACGACTCG	126.37820150981803	98.98223634762593	23.206960766009225	63.703428088065124	0.0	27.35064440920241	0.0	37.95139508726487	18.7131486428971	0.0	0.0	0.0	0.0	0.0	0.0	0.0	0.0	0.0	58.79852303442392	0.0	0.0	21.61049701933059	0.0	0.0	0.0	0.0	0.0	0.0
GSM4138110_HNSCC_1_PBMC_CCTACCAGTCGGCTCA	332.0835205634596	167.59310116888543	0.0	0.0	0.0	0.0	0.0	0.0	0.0	104.74340772002428	0.0	0.0	39.642061169893395	164.09091331400393	112.49343781184774	0.0	0.0	0.0	0.0	0.0	0.0	0.0	0.0	0.0	0.0	0.0	0.0	0.0
GSM4138110_HNSCC_1_PBMC_CGAACATCAAGTTAAG	272.2026928083585	158.28875880466137	0.0	0.0	97.31037164387057	0.0	0.0	0.0	136.75432767019123	0.0	63.3202784989362	0.0	64.76401434724868	0.0	114.66120208616347	0.0	0.0	0.0	0.0	0.0	0.0	0.0	0.0	0.0	0.0	0.0	0.0	0.0
GSM4138110_HNSCC_1_PBMC_CGACCTTCATTACGAC	129.57063186533512	74.44697672188222	61.32754312255751	13.300379434527153	7.839024086623563	0.0	0.0	60.852700702048026	0.0	0.0	0.0	12.0429675963779	10.105864735739614	0.0	0.0	0.0	0.0	0.0	0.0	26.65264263194045	0.0	0.0	0.0	0.0	0.0	0.0	0.0	0.0
GSM4138110_HNSCC_1_PBMC_CGAGCACCATATACGC	281.8526978784991	182.6742981783877	207.93877108698234	211.26516751414167	0.0	76.15632732031956	0.0	0.0	0.0	0.0	0.0	0.0	0.0	0.0	0.0	0.0	0.0	0.0	0.0	0.0	0.0	0.0	0.0	0.0	74.51959703256789	0.0	0.0	0.0
GSM4138110_HNSCC_1_PBMC_CGATCGGCAACGATCT	170.52022757874877	145.69077678161875	0.0	0.0	0.0	31.787137330453955	0.0	0.0	0.0	0.0	0.0	0.0	10.302426361195051	162.61008752522596	58.88984788335738	2.3938477287513344	0.0	0.0	0.0	120.2945640533815	0.0	0.0	0.0	0.0	0.0	0.0	0.0	0.0
GSM4138110_HNSCC_1_PBMC_CGATCGGGTTTGGGCC	251.85922465511123	96.72327628464615	0.0	0.0	0.0	0.0	0.0	28.623407160712773	0.0	0.0	0.0	114.54805560217963	44.46170745028961	0.0	0.0	0.0	0.0	52.48278277647374	0.0	138.59325564994796	0.0	6.716051987355304	0.0	0.0	0.0	0.7413426006608478	0.0	0.0
GSM4138110_HNSCC_1_PBMC_CGCTATCCACCGAATT	297.59482969967405	202.17413083967978	0.0	0.0	0.0	0.0	0.0	0.0	43.56367313579804	93.03744519205507	100.69218351882368	0.0	50.544166950256766	0.0	40.399984787446115	35.12288770009028	0.0	0.0	97.22332824947564	0.0	0.0	0.0	0.0	0.0	0.0	0.0	0.0	0.0
GSM4138110_HNSCC_1_PBMC_CGGAGCTGTCGAACAG	244.47780786264727	212.36135985086568	0.0	0.0	107.27313453006475	26.633812181716205	0.0	92.57043306942964	0.0	0.0	20.139707714327226	14.575389107904405	0.0	0.0	0.0	0.0	0.0	136.11543724847425	0.0	0.0	39.466649601183605	0.0	0.0	0.0	0.0	0.0	0.0	0.0
GSM4138110_HNSCC_1_PBMC_CGTTCTGGTCTAAACC	212.76605278496334	145.37564353137742	0.0	0.0	0.0	27.59382066121183	0.0	86.85279172592467	0.0	120.35236938975086	0.0	183.12461362083897	0.0	0.0	0.0	0.0	0.0	0.0	0.0	0.0	0.0	0.0	0.0	0.0	0.0	0.0	0.0	0.0
GSM4138110_HNSCC_1_PBMC_CGTTGGGGTGTGTGCC	133.44019114497476	113.82378673717915	0.0	103.00353829096402	0.0	0.0	27.510356437737723	0.0	82.42666096364877	0.0	0.0	0.0	54.71822235546964	0.0	16.266231391438545	0.0	0.0	0.0	0.0	0.0	0.0	0.0	0.0	0.0	0.0	0.0	0.0	0.0
GSM4138110_HNSCC_1_PBMC_CTAATGGCACACATGT	218.66842425942696	116.96663904357688	0.0	0.0	112.33459901703893	0.0	0.0	0.0	0.0	0.0	0.0	145.16097659666775	46.42463942935182	0.0	12.273890619042989	45.169168383164184	0.0	0.0	0.0	0.0	0.0	0.0	0.0	0.0	0.0	0.0	0.0	0.0
GSM4138110_HNSCC_1_PBMC_CTACCCAGTTACCGAT	198.32315144679592	183.3172007385513	0.0	0.0	144.73848575888832	24.176471261808043	0.0	28.501679451858436	0.0	0.0	0.0	196.2915578709224	0.0	0.0	5.531106716284348	18.872394720904968	0.0	0.0	0.0	0.0	0.0	0.0	17.012041669066342	0.0	0.0	0.0	0.0	0.0
GSM4138110_HNSCC_1_PBMC_CTAGAGTCATCGGACC	292.5363320077041	110.19247827479542	0.0	0.0	55.873580943210435	0.0	0.0	0.0	141.8506320978139	0.0	17.06321582485967	0.0	10.706350223838331	0.0	71.79946317503247	0.0	0.0	0.0	45.70019560416789	0.0	0.0	0.0	0.0	0.0	0.0	0.0	0.0	0.0
GSM4138110_HNSCC_1_PBMC_CTCTGGTGTGTTCGAT	246.00714297358292	82.57408743944123	0.0	0.0	14.541700790877723	0.0	7.366184443013227	0.0	105.11923623545162	0.0	132.35211324529996	0.0	43.788174288979555	0.0	0.0	0.0	0.0	0.0	0.0	0.0	0.0	0.0	0.0	45.62475418671185	0.0	0.0	0.0	0.0
GSM4138110_HNSCC_1_PBMC_CTGATAGCATCAGTCA	173.2926145333623	77.87704157396304	0.0	80.68442457933385	0.0	70.04349054239468	0.0	0.0	0.0	0.0	0.0	0.0	0.0	0.0	0.0	0.0	0.0	0.0	51.96576284677727	0.0	96.97872658313143	0.0	71.70048412214234	0.0	0.0	0.0	0.0	0.0
GSM4138110_HNSCC_1_PBMC_CTGTTTACAATGTAAG	262.64096284315224	220.61352600934606	175.3349926550291	127.03344283603508	0.0	21.691289591478345	0.0	68.22692207786403	0.0	0.0	0.0	0.0	0.0	0.0	0.0	0.0	0.0	0.0	0.0	0.0	0.0	0.0	0.0	0.0	0.0	0.0	0.0	0.0
GSM4138110_HNSCC_1_PBMC_GAACCTATCTCTGTCG	123.57496038127285	74.9228555943112	0.0	0.0	0.0	25.45821428413159	62.644656012527356	0.0	0.0	0.0	0.0	67.25175446160564	3.935538648738283	0.0	0.0	0.0	0.0	0.0	0.0	68.83739595251673	0.0	0.0	0.0	0.0	0.0	0.0	0.0	0.0
GSM4138110_HNSCC_1_PBMC_GATCGCGTCAGGCGAA	152.47299149218665	83.45891258377975	108.84696872205996	102.95988166543327	0.0	18.12667807456283	0.0	0.0	0.0	0.0	0.0	0.0	4.542762002679215	0.0	0.0	0.0	0.0	0.0	0.0	0.0	0.0	0.0	44.14379736642614	0.0	0.0	0.0	0.0	0.0
GSM4138110_HNSCC_1_PBMC_GATCTAGCATACAGCT	168.84686811867772	294.4017851870409	0.0	59.985412551057294	0.0	67.04941561337253	0.0	30.671337900572208	0.0	34.164463600611946	0.0	0.0	0.0	0.0	0.0	0.0	0.0	145.65873373732052	0.0	0.0	0.0	0.0	72.47445076333628	0.0	0.0	0.0	0.0	0.0
GSM4138110_HNSCC_1_PBMC_GATGAAAGTAGAAGGA	194.42003578059985	81.11825064002898	0.0	0.0	0.0	5.215690632602016	7.440688905485188	0.0	30.50271016155278	73.3703173011545	0.0	18.11646710123132	0.0	0.0	9.000063132668256	0.0	0.0	14.307644712276334	0.0	0.0	0.0	0.0	0.0	0.0	0.0	0.0	0.0	0.0
GSM4138110_HNSCC_1_PBMC_GATGAAAGTCACCCAG	289.7898441676797	171.3832287312141	0.0	0.0	0.0	0.0	65.4604368353742	0.0	198.84952253857415	120.6862686713876	0.0	0.0	19.457648152449774	26.22644845368655	0.0	0.0	0.0	0.0	0.0	0.0	0.0	0.0	0.0	0.0	0.0	0.0	0.0	0.0
GSM4138110_HNSCC_1_PBMC_GCATACACATCTGGTA	310.66016115173517	286.12407797814694	0.0	0.0	191.73122156289523	25.539219789965433	0.0	140.35920434124532	0.0	0.0	0.0	0.0	0.0	0.0	0.0	0.0	0.0	0.0	0.0	0.0	226.3884905225334	0.0	0.0	0.0	0.0	0.0	0.0	0.0
GSM4138110_HNSCC_1_PBMC_GCGAGAATCGCACTCT	237.92170798659734	225.871258648438	0.0	0.0	74.98001317302584	0.0	0.0	5.518962241964288	0.0	67.45618939028778	0.0	224.50360635031498	59.21306407950442	0.0	82.41136833029441	0.0	0.0	0.0	0.0	0.0	0.0	0.0	0.0	0.0	0.0	0.0	0.0	0.0
GSM4138110_HNSCC_1_PBMC_GCGCGATAGGAGCGTT	103.6550849610158	50.12701085104507	0.0	0.0	1.8062646308982895	21.398960673034026	0.0	46.31419037818731	0.0	67.09612286554254	0.0	0.0	0.0	0.0	0.0	0.0	0.0	0.0	0.0	0.0	132.72024982618052	0.0	0.0	0.0	0.0	0.0	0.0	0.0
GSM4138110_HNSCC_1_PBMC_GCTCTGTTCAGTTTGG	193.22110637546103	89.32326400533675	108.3437701006351	77.86493897186013	0.0	9.151435924496143	0.0	0.0	0.0	0.0	0.0	0.0	0.0	0.0	41.78333850254676	0.0	0.0	0.0	0.0	0.0	0.0	0.0	0.0	0.0	0.0	0.0	0.0	0.0
GSM4138110_HNSCC_1_PBMC_GCTGCGAGTCTAGTCA	220.93712055860325	186.39287015263935	0.0	2.8995543823216745	0.0	27.237303939748568	0.0	0.0	0.0	0.0	0.0	69.29137729019887	0.0	0.0	0.0	0.0	0.0	0.0	0.0	45.568684757606555	74.17095181112714	0.0	105.951701995486	0.0	0.0	0.0	0.0	0.0
GSM4138110_HNSCC_1_PBMC_GGCTCGATCAGGCGAA	161.8202053084485	109.24612220662817	0.0	0.0	34.33987181464957	0.0	0.0	0.0	129.09110028121071	0.0	47.78402172722581	0.0	12.174093453922955	0.0	44.40577514572088	0.0	0.0	0.0	0.0	0.0	0.0	0.0	0.0	0.0	0.0	0.0	0.0	0.0
GSM4138110_HNSCC_1_PBMC_GGGAATGTCTTCCTTC	0.0	0.0	0.0	0.0	0.0	0.0	0.0	0.0	3304.9857172989646	0.0	0.0	0.0	0.0	0.0	0.0	0.0	0.0	0.0	0.0	0.0	75.42284383253356	0.0	0.0	0.0	0.0	19.220769859542923	0.0	0.0
GSM4138110_HNSCC_1_PBMC_GGGCACTTCGTAGGTT	254.6890319381819	112.813961826247	0.0	0.0	0.0	0.0	0.0	0.0	164.39994219391963	0.0	78.54772164143948	0.0	33.926918945904994	0.0	75.25076764138642	0.0	0.0	0.0	0.0	0.0	0.0	0.0	0.0	0.0	0.0	0.0	0.0	0.0
GSM4138110_HNSCC_1_PBMC_GTAGGCCAGTACTTGC	193.45393561659097	153.40937928558967	159.7498243790574	77.72409347085771	26.373468983762198	32.93076027921015	0.0	37.326510818042635	0.0	0.0	0.0	0.0	0.0	0.0	0.0	0.0	0.0	0.0	0.0	0.0	0.0	0.0	0.0	0.0	0.0	0.0	0.0	0.0
GSM4138110_HNSCC_1_PBMC_GTCACAATCTATCGCC	262.0697238058914	151.90116089485258	0.0	0.0	160.82552267660645	53.43777049415065	0.0	0.0	116.51088230870766	0.0	0.0	0.0	0.0	0.0	54.74375924765268	0.0	0.0	0.0	36.67099777345311	0.0	0.0	0.0	0.0	0.0	0.0	0.0	0.0	0.0
GSM4138110_HNSCC_1_PBMC_GTCTCGTAGTAGCGGT	194.87973783272574	101.13026049669357	98.89654261936188	89.71732602184157	19.327740882053792	0.0	22.768093557800505	0.0	0.0	0.0	0.0	0.0	48.35386724047114	0.0	30.44198228136205	0.0	0.0	0.0	0.0	0.0	0.0	0.0	0.0	0.0	0.0	0.0	0.0	0.0
GSM4138110_HNSCC_1_PBMC_GTGCAGCTCTGTCTAT	289.17568151098925	228.34081736823205	0.0	137.60675653942343	0.0	36.8898819176931	0.0	76.74465088919554	0.0	0.0	0.0	0.0	0.0	298.79770816632004	49.79060656499282	0.0	0.0	0.0	0.0	0.0	0.0	0.0	0.0	0.0	0.0	0.0	0.0	0.0
GSM4138110_HNSCC_1_PBMC_GTGCATAGTACGCTGC	227.1225150492102	112.5077613814699	0.0	0.0	0.0	24.16193977142531	84.97734867416537	0.0	19.8388215995656	0.0	90.1237132283406	125.13477238553767	0.0	0.0	0.0	0.0	0.0	0.0	0.0	0.0	0.0	0.0	0.0	0.0	0.0	0.0	0.0	0.0
GSM4138110_HNSCC_1_PBMC_GTGCTTCAGTACGATA	152.28561988033843	172.85305835702212	0.0	0.0	115.74444326317295	20.91341195541459	0.0	0.0	0.0	0.0	0.0	50.798086112850946	4.166559497883648	0.0	38.9230984719135	0.0	0.0	0.0	88.91459638840408	0.0	0.0	0.0	0.0	0.0	0.0	0.0	0.0	0.0
GSM4138110_HNSCC_1_PBMC_TACAGTGCAATGACCT	158.79578239779212	111.43089838235133	9.718699623458082	0.0	105.08324238802776	21.262483477941007	0.0	0.0	0.0	0.0	0.0	0.0	0.0	87.81567725879441	0.0	0.0	0.0	0.0	0.0	0.0	0.0	0.0	93.84445984713784	0.0	0.0	0.0	0.0	0.0
GSM4138110_HNSCC_1_PBMC_TACTCATAGATCACGG	323.68984745670167	126.66452161405311	0.0	113.19981856068179	0.0	18.908990103031144	0.0	0.0	0.0	0.0	0.0	0.0	0.0	0.0	105.15153362993783	0.0	0.0	0.0	0.0	0.0	142.79607754697952	0.0	0.0	0.0	0.0	41.97030418010521	0.0	0.0
GSM4138110_HNSCC_1_PBMC_TACTCGCGTAAGGATT	165.63622144133947	209.82609090985625	0.0	0.0	98.99687011525431	31.135814092510316	0.0	0.0	0.0	0.0	0.0	0.0	0.0	155.91905399630699	0.0	115.34193260811634	0.0	0.0	0.0	0.0	0.0	0.0	0.0	0.0	0.0	0.0	0.0	0.0
GSM4138110_HNSCC_1_PBMC_TACTTGTCAAGTTAAG	209.3679069003784	169.21214486776324	0.0	0.0	0.0	22.189873118422756	0.0	0.0	97.13677905480618	143.6683401303878	0.0	105.4224700020542	0.0	0.0	4.0770969636478815	107.7415401014641	0.0	0.0	0.0	2.474056261925177	0.0	0.0	0.0	0.0	0.0	0.0	0.0	0.0
GSM4138110_HNSCC_1_PBMC_TATCTCAAGGTGTGGT	143.06908047319826	97.63946028562957	0.0	96.94758275788101	0.0	14.041232215784653	0.0	0.0	0.0	0.0	0.0	130.82854800388193	0.0	0.0	0.0	0.0	0.0	0.0	0.0	0.0	0.0	0.0	48.36021509819603	0.0	0.0	0.0	0.0	0.0
GSM4138110_HNSCC_1_PBMC_TCAGCTCCACCCATTC	347.90572256887214	218.5604285287762	63.01831747349945	173.90066632344696	0.0	23.13833829710146	0.0	0.0	81.64138030369638	0.0	0.0	0.0	0.0	0.0	0.0	0.0	0.0	0.0	0.0	0.0	0.0	117.44627249559643	0.0	0.0	0.0	0.0	0.0	0.0
GSM4138110_HNSCC_1_PBMC_TCGCGTTCAGCTGCTG	167.6658817238923	141.4244704118746	0.0	0.0	0.0	37.55693814471683	0.0	62.60657696675097	0.0	0.0	61.54678349863103	120.81627724387306	0.0	0.0	0.0	0.0	0.0	0.0	0.0	0.0	0.0	0.0	0.0	0.0	0.0	0.0	0.0	0.0
GSM4138110_HNSCC_1_PBMC_TCGGGACAGCTAGTTC	259.38491493186575	159.57208971161452	0.0	87.07497569360059	11.106978659789386	25.360863304347564	0.0	70.61595096099106	0.0	0.0	0.0	0.0	0.0	0.0	0.0	0.0	0.0	0.0	0.0	0.0	156.5102581455314	0.0	0.0	0.0	0.0	0.0	0.0	0.0
GSM4138110_HNSCC_1_PBMC_TCTTCGGAGTCATCCA	174.59684867731735	154.21784452457354	0.0	0.0	121.35239267596616	0.0	0.0	0.0	0.0	0.0	0.0	156.5638773505075	31.971566440685194	0.0	69.23279348030817	0.0	0.0	0.0	0.0	0.0	0.0	0.0	0.0	0.0	0.0	0.0	0.0	0.0
GSM4138110_HNSCC_1_PBMC_TGAGAGGGTCCCTACT	277.5029676751636	103.09902737104115	99.14211920822812	0.0	17.23924184585479	57.84631040319031	0.0	56.884015848982905	0.0	0.0	275.3003609289187	129.0748393657501	0.0	0.0	0.0	0.0	0.0	0.0	0.0	0.0	7.640300803113155	0.0	0.0	0.0	0.0	0.0	0.0	0.0
GSM4138110_HNSCC_1_PBMC_TGATTTCGTTAAAGTG	355.7045868294654	238.9547933170492	0.0	110.2073356095848	0.0	0.0	0.0	0.0	100.26221429435137	0.0	0.0	0.0	43.12776341807066	64.65418353606833	0.0	0.0	0.0	0.0	0.0	4.882623197647543	0.0	0.0	0.0	102.50768455500916	0.0	0.0	0.0	0.0
GSM4138110_HNSCC_1_PBMC_TGCCAAATCATGTCCC	260.11077052882905	139.45648563499796	0.0	0.0	137.14693538821413	20.71143090926597	0.0	0.0	0.0	0.0	0.0	0.0	0.0	0.0	0.0	0.0	0.0	0.0	129.96757019424692	0.0	0.0	0.0	82.84358902869188	0.0	0.0	0.0	0.0	0.0
GSM4138110_HNSCC_1_PBMC_TGTATTCAGAATGTTG	299.3099797125652	219.92633763747077	106.81191426295393	0.0	0.0	0.0	0.0	0.0	0.0	0.0	0.0	0.0	24.929891527872826	0.0	0.0	0.0	143.87778487756003	0.0	0.0	0.0	0.0	0.0	0.0	0.0	0.0	0.0	0.0	92.06404160415516
GSM4138110_HNSCC_1_PBMC_TGTCCCAGTTCAGGCC	155.36592194043843	116.54625018198077	0.0	0.0	16.951129691402286	0.0	0.0	0.0	37.18957160123173	0.0	37.02213492512662	122.17484107945711	31.833315660420656	0.0	0.0	0.0	0.0	0.0	0.0	0.0	0.0	84.06941759140724	0.0	0.0	0.0	0.0	0.0	0.0
GSM4138110_HNSCC_1_PBMC_TTGCCGTCAATAGCGG	196.59550715248233	147.73855889876722	50.60773565166354	128.9564677240484	0.0	35.74440488183219	56.78270076440829	0.0	0.0	0.0	0.0	27.058476690997658	0.0	0.0	5.673036516524273	0.0	0.0	110.10845939946435	0.0	0.0	0.0	0.0	0.0	0.0	0.0	0.0	0.0	0.0
GSM4138110_HNSCC_1_PBMC_TTTATGCAGACTGGGT	213.10280587982038	116.23206330074238	0.0	0.0	0.0	24.95624818074571	0.0	0.0	42.42008120241552	0.0	77.2860624617688	48.399715179832306	0.0	0.0	0.0	0.0	0.0	0.0	13.71118093262129	0.0	0.0	0.0	54.54076690211566	0.0	0.0	0.0	0.0	0.0
GSM4138110_HNSCC_1_PBMC_AACGTTGAGTTTAGGA	108.7231186860749	67.62114151260572	0.0	77.94078960193771	0.0	26.295231462271634	0.0	63.63514399160012	0.0	3.3781084953411185	0.0	0.0	0.0	96.73087440097017	0.0	0.0	0.0	0.0	0.0	2.9451617199442826	0.0	0.0	0.0	0.0	0.0	0.0	0.0	0.0
GSM4138110_HNSCC_1_PBMC_AAGGCAGCAATCACAC	82.22311451579681	163.28674463843905	0.0	52.392265624762835	0.0	0.0	0.0	0.0	72.62705668197019	0.0	0.0	0.0	27.289448482941	0.0	0.0	0.0	0.0	0.0	0.0	0.0	0.0	43.22630712531504	0.0	0.0	0.0	0.0	0.0	0.0
GSM4138110_HNSCC_1_PBMC_ACTGATGTCAATAAGG	78.85924150019005	49.329752347397694	40.0201637165813	0.0	0.0	0.0	37.37538124924669	0.0	0.0	0.0	0.0	0.0	30.002379925699746	0.0	0.0	0.0	47.12889699975396	0.0	0.0	0.0	0.0	0.0	0.0	0.0	0.0	0.0	0.0	0.0
GSM4138110_HNSCC_1_PBMC_AGCAGCCAGGCCCTCA	116.67014265507679	45.293407965744166	64.4328380075181	103.3516894796304	0.0	0.0	87.41635523935348	0.0	0.0	0.0	0.0	0.0	24.308980944771307	0.0	0.0	0.0	0.0	0.0	0.0	0.0	0.0	0.0	0.0	0.0	0.0	0.0	0.0	0.0
GSM4138110_HNSCC_1_PBMC_CATATTCCATATGAGA	106.0892486498723	91.18116527097162	15.39346993050844	22.943584765925824	0.0	0.0	0.0	0.0	60.863834354042375	0.0	0.0	0.0	27.56461559739757	0.0	0.0	92.0293809966725	48.910059144006205	0.0	0.0	0.0	0.0	0.0	0.0	0.0	0.0	0.0	0.0	0.0
GSM4138110_HNSCC_1_PBMC_CCTCAGTCAACTGCGC	55.66441073987578	59.89844191123271	0.0	0.0	0.0	18.624921697612667	39.68028986662385	0.0	26.56721841969858	0.0	45.31839545501031	0.0	0.0	0.0	0.0	0.0	69.33958535296634	0.0	0.0	0.0	0.0	0.0	0.0	0.0	0.0	0.0	0.0	0.0
GSM4138110_HNSCC_1_PBMC_CGGTTAACACCTCGTT	56.6979896099107	39.941393404383874	0.0	0.0	48.32634421426962	27.414454479416325	0.0	40.31048907603786	0.0	0.0	0.0	0.0	0.0	17.90805478514664	0.1228345893453592	0.0	0.0	35.301361717922276	0.0	0.0	0.0	0.0	0.0	0.0	0.0	0.0	0.0	0.0
GSM4138110_HNSCC_1_PBMC_CGTGTAATCTCCAGGG	52.37623428390453	59.47984038177908	6.8962217252262334	0.0	0.0	13.016818675125954	0.0	0.0	23.458674760427137	0.0	51.747525606319144	0.0	0.0	0.0	24.99566867278879	0.0	0.0	0.0	0.0	0.0	0.0	0.0	0.0	0.0	0.0	0.0	0.0	0.0
GSM4138110_HNSCC_1_PBMC_CGTTGGGTCAGTGCAT	69.00405011682771	48.00025099113624	79.63215040742786	65.3131413079445	0.0	23.743060598928878	30.59573536056179	0.0	0.0	0.0	0.0	0.0	0.46679046512912575	0.0	0.0	0.0	0.0	0.0	0.0	0.0	0.0	0.0	0.0	5.9030965672800315	0.0	0.0	0.0	0.0
GSM4138110_HNSCC_1_PBMC_CTAGAGTAGCTATGCT	110.89225360247038	92.85008135467753	0.0	48.14080942277866	49.35670014259737	40.877437657362826	38.47746323454499	0.0	41.323454612731716	0.0	2.2518257973211493	41.08955011946069	0.0	0.0	0.0	0.0	0.0	0.0	0.0	0.0	0.0	0.0	0.0	22.16778370003824	0.0	0.0	0.0	0.0
GSM4138110_HNSCC_1_PBMC_GCATACATCGTTACAG	76.61406065780396	55.09156088669991	0.0	0.0	0.0	0.0	9.256485461863459	6.278369282493452	0.0	0.0	49.87195990460494	0.0	27.42794920887546	0.0	28.943784695348686	0.0	0.0	0.0	33.452902104624044	0.0	0.0	0.0	0.0	0.0	0.0	0.0	0.0	0.0
GSM4138110_HNSCC_1_PBMC_AAACGGGCAGTATCTG	59.30359675172021	46.84500262319768	0.0	0.0	0.0	0.0	152.75589261878852	0.0	0.0	0.0	28.159351576699084	53.57883514072545	14.44090649535884	0.0	0.0	0.0	0.0	0.0	0.0	0.0	0.0	0.0	0.0	0.0	0.0	0.0	0.0	0.0
GSM4138110_HNSCC_1_PBMC_AAAGATGTCTGATTCT	75.86021464255008	85.79486222767689	84.6073630027607	0.0	0.0	26.31553062576661	0.0	33.742152961357554	0.0	103.66640685515031	0.0	0.0	0.0	0.0	0.0	0.0	0.0	0.0	0.0	2.194696774392078	0.0	0.0	0.0	0.0	0.0	0.0	0.0	0.0
GSM4138110_HNSCC_1_PBMC_AAAGTAGGTAGCGCTC	120.62471115580657	37.73736568624405	79.55983926744051	0.0	0.0	36.882984419858545	0.0	0.0	0.0	33.283191700456506	0.0	0.0	0.0	0.0	19.81619334580574	16.367128021455915	0.0	0.0	0.0	0.0	0.0	0.0	0.0	0.0	0.0	0.0	0.0	0.0
GSM4138110_HNSCC_1_PBMC_AACTCAGGTGGTCTCG	71.41199232172279	63.34100831924735	0.0	73.34969960007257	0.0	12.02021132582072	0.0	0.0	27.57778072836157	0.0	0.0	0.0	4.5695126166168585	0.0	0.0	60.25758456244042	0.0	0.0	7.841725563541844	0.0	0.0	0.0	0.0	0.0	0.0	0.0	0.0	0.0
GSM4138110_HNSCC_1_PBMC_AACTCCCTCCAATGGT	88.0463197102215	66.29333771495102	54.90211981947615	0.0	0.0	0.0	68.45243567468565	0.0	29.231427837473007	0.0	75.62435591322352	0.0	21.398919615829243	0.0	0.0	0.0	35.55767055312422	0.0	0.0	0.0	0.0	0.0	0.0	0.0	0.0	0.0	0.0	0.0
GSM4138110_HNSCC_1_PBMC_AACTCTTAGTGGGTTG	93.67070742352195	74.99353649663003	66.23672616407976	0.0	34.079950084179295	9.090955483177863	0.0	37.67308370344621	0.0	0.0	0.0	0.0	12.011318679015716	0.0	15.469722645120674	0.0	38.230516280799876	0.0	0.0	0.0	0.0	0.0	0.0	0.0	0.0	0.0	0.0	0.0
GSM4138110_HNSCC_1_PBMC_AACTCTTGTCACACGC	169.9767692422443	7.66627930568861	42.493556874703096	43.528751205947714	0.0	17.380431900084375	0.0	0.0	0.0	0.0	0.0	0.0	0.0	0.0	21.65817509367318	0.0	0.0	0.0	0.0	0.0	0.0	0.0	0.0	0.0	9.557331452268636	0.0	0.0	0.0
GSM4138110_HNSCC_1_PBMC_AACTTTCAGAAGGTTT	95.18732496026472	105.52661868972748	52.34358778151576	0.0	0.0	44.739333246467616	0.0	0.0	0.0	0.0	11.970838399815417	0.0	12.514685304675712	0.0	48.41829033117638	0.0	46.00887724344967	0.0	0.0	0.0	0.0	0.0	0.0	0.0	0.0	0.0	0.0	0.0
GSM4138110_HNSCC_1_PBMC_AAGGAGCTCCTTTCGG	105.26064959756272	133.4552373818974	0.0	85.21937932665276	0.0	0.0	65.83167208640687	0.0	71.34433930145454	0.0	0.0	0.0	35.711317951115966	0.0	0.0	0.0	0.0	0.0	0.0	0.0	0.0	0.0	0.0	0.0	0.0	0.0	0.0	0.0
GSM4138110_HNSCC_1_PBMC_AATCCAGAGTGCTGCC	121.56981862037672	100.35258275977618	63.6078198593743	48.064141360001	0.0	25.468715456902643	0.0	0.0	0.0	8.100212999000645	0.0	0.0	0.0	0.0	62.82423839296423	0.0	0.0	0.0	0.0	18.688800703155884	0.0	0.0	0.0	0.0	0.0	0.0	0.0	0.0
GSM4138110_HNSCC_1_PBMC_AATCGGTGTCTAGCCG	96.73252368134382	59.702211693524276	0.0	0.0	0.0	0.0	96.44059346075181	0.0	0.0	94.69597292136142	0.0	98.34487049051877	27.291357664190798	0.0	13.452522020230065	0.0	0.0	0.0	0.0	0.0	0.0	0.0	0.0	0.0	0.0	0.0	0.0	0.0
GSM4138110_HNSCC_1_PBMC_ACACCCTCATCTACGA	118.29074144462933	55.09089468149626	0.0	18.678659644607052	0.0	21.24981193995756	0.0	0.0	43.07989332165292	0.0	0.0	0.0	0.0	0.0	0.0	35.011867512608326	0.0	0.0	0.0	41.73746379397965	0.0	0.0	0.0	0.0	0.0	0.0	0.0	0.0
GSM4138110_HNSCC_1_PBMC_ACACCGGCACCATGTA	204.74010168475874	179.87297735607157	129.35279301716224	64.24998530209125	0.0	46.462407695733575	0.0	177.82588830683468	0.0	105.45505656315768	0.0	0.0	11.95802426359896	0.0	0.0	0.0	0.0	0.0	0.0	0.0	0.0	0.0	0.0	0.0	0.0	0.0	0.0	0.0
GSM4138110_HNSCC_1_PBMC_ACATCAGAGCGTTCCG	209.0911342441632	109.9727927321612	163.45598777422586	77.7134993264906	0.0	37.52292679364302	25.672126845558576	57.26665485386169	0.0	24.498786680752765	0.0	0.0	0.0	0.0	0.0	0.0	0.0	0.0	0.0	0.0	0.0	0.0	0.0	0.0	0.0	0.0	0.0	0.0
GSM4138110_HNSCC_1_PBMC_ACCCACTCAATGTAAG	55.542716749407674	49.7859704667818	0.0	49.12942355931935	0.0	25.934693963114018	13.464465925614496	0.0	50.01685610203043	0.0	0.0	0.0	0.0	0.0	0.0	0.0	0.0	0.0	0.0	0.0	0.0	0.0	0.0	0.0	0.0	0.0	0.0	0.0
GSM4138110_HNSCC_1_PBMC_ACCCACTGTAAGTGTA	88.05996721138467	43.03473016349407	79.811760531951	12.921709742738496	38.66481871465825	32.53862844711228	0.0	50.651026601915994	0.0	0.0	0.0	0.0	0.0	0.0	0.0	0.45238668841331225	0.0	0.0	0.0	0.0	0.0	0.0	0.0	0.0	12.518117324658085	0.0	0.0	0.0
GSM4138110_HNSCC_1_PBMC_ACCTTTATCATAACCG	111.26063856490288	72.64236354324449	0.0	0.0	0.0	42.471012636838715	0.0	14.632563217633738	111.29555808538625	0.0	56.504614834441064	0.0	0.0	0.0	0.0	0.0	30.031607565954868	0.0	0.0	0.0	0.0	0.0	0.0	0.0	48.588473351905705	0.0	0.0	0.0
GSM4138110_HNSCC_1_PBMC_ACGAGCCAGGTGTGGT	55.25368342741668	46.60840635068015	71.21212506824027	0.0	24.058684931497908	0.0	0.0	41.13305932979713	0.0	0.0	21.00658243722175	0.0	29.242430158110604	0.0	0.0	0.0	0.0	0.0	34.856256347848934	0.0	0.0	1.8257786980763524	0.0	0.0	0.0	0.0	0.0	0.0
GSM4138110_HNSCC_1_PBMC_ACGATACCATATGAGA	99.18940668552997	29.863593228571208	42.544831371455096	0.0	0.0	16.055420879072418	0.0	0.0	0.0	58.545572876534614	0.0	0.0	0.0	0.0	0.0	32.420933263741404	0.0	0.0	0.0	0.0	0.0	0.0	0.0	0.0	0.0	0.0	0.0	0.0
GSM4138110_HNSCC_1_PBMC_ACGATACTCTGATTCT	95.32557505213376	34.85215818176375	55.28747245708653	0.0	0.0	0.0	0.0	0.0	0.0	65.23041686613989	0.0	0.0	16.99904237264303	0.0	0.0	0.0	0.0	0.0	0.0	0.0	0.0	61.157213342500576	0.0	0.0	0.0	0.0	0.0	0.0
GSM4138110_HNSCC_1_PBMC_ACGATGTCAGGCAGTA	102.22145872229194	41.73433792456811	0.0	0.0	0.0	21.118980815791357	36.414808425652986	0.0	0.0	0.0	76.3351269320912	0.0	0.0	53.13141558450267	0.0	0.0	0.0	0.0	0.0	0.0	0.0	0.0	0.0	0.0	0.0	0.0	0.0	0.0
GSM4138110_HNSCC_1_PBMC_ACGCAGCGTAGAGCTG	69.56184624625315	43.79207232734761	0.0	0.0	71.12282725763528	17.964946135983745	0.0	17.33926690739353	0.0	0.0	0.0	0.0	0.0	0.0	6.995345962162617	0.0	0.0	36.87551689139329	0.0	0.0	0.0	0.0	0.0	0.0	0.0	0.0	0.0	0.0
GSM4138110_HNSCC_1_PBMC_ACGCCGAAGGTAGCTG	73.48356997352894	104.56493780154594	0.0	0.0	0.0	0.0	0.0	39.34953455499147	0.0	0.0	25.550815756645452	25.4584235716376	18.911664755311424	0.0	0.0	0.0	0.0	0.0	0.0	0.0	0.0	0.0	0.0	0.0	0.0	0.0	0.0	0.0
GSM4138110_HNSCC_1_PBMC_ACGGGCTGTGATAAAC	76.5306727150675	48.19140970199416	4.391800344052261	0.0	0.0	25.744913537898167	0.0	0.0	0.0	0.0	75.71477942940692	0.0	1.3735352603789923	0.0	0.0	3.5982063088301297	0.0	0.0	102.3431666752037	0.0	0.0	0.0	0.0	0.0	34.65059738695826	0.0	0.0	0.0
GSM4138110_HNSCC_1_PBMC_ACGTCAACATCACGAT	98.08471580279449	44.99989662787692	0.0	0.0	12.362391044027534	0.0	44.914422482372196	0.0	0.0	0.0	0.0	22.546950489097917	15.311948105931924	0.0	0.0	0.0	21.69447242198774	0.0	0.0	0.0	0.0	0.0	0.0	0.0	0.0	0.0	0.0	0.0
GSM4138110_HNSCC_1_PBMC_ACTATCTAGGAATTAC	121.4612407260704	200.62885357960394	32.469874641455554	141.09231518758176	0.0	30.669346792990908	50.55559060357392	20.291427885176013	0.0	0.0	0.0	0.0	0.0	50.11234769771815	0.0	0.0	0.0	0.0	0.0	0.0	0.0	0.0	0.0	0.0	0.0	0.0	0.0	0.0
GSM4138110_HNSCC_1_PBMC_ACTGATGTCGTTACGA	210.1738351025918	131.41191260244526	0.0	90.80546944179265	0.0	36.14504230817049	0.0	96.89667945223816	0.0	0.0	0.0	0.0	0.0	0.0	0.0	0.0	0.0	51.79221540943968	0.0	0.0	0.0	0.0	0.0	0.0	0.0	0.0	0.0	0.0
GSM4138110_HNSCC_1_PBMC_ACTTACTAGATAGGAG	61.995698444372415	113.51392713071684	60.49591304844692	0.0	0.0	15.272980260712703	41.47787754045961	0.0	0.0	49.15855596321923	0.0	0.0	0.0	0.0	25.503121459219212	0.0	0.0	0.0	0.0	0.0	0.0	0.0	0.0	0.0	0.0	0.0	0.0	0.0
GSM4138110_HNSCC_1_PBMC_ACTTGTTTCCACGACG	83.67625293523217	114.19232566753854	43.533886227181206	0.0	0.0	19.51521364221764	53.37703474859756	0.0	42.296335640187756	39.675753859512284	9.34006390414296	0.0	0.0	0.0	0.0	0.0	0.0	0.0	0.0	0.0	0.0	0.0	0.0	0.0	0.0	0.0	0.0	0.0
GSM4138110_HNSCC_1_PBMC_ACTTTCATCGTCACGG	123.43151737331412	66.98368830016214	0.0	0.0	0.0	0.0	0.0	0.0	0.0	66.69510200940198	0.0	30.795539662447652	34.6977119974238	0.0	31.39261170884825	0.0	0.0	0.0	0.0	0.0	0.0	0.0	0.0	0.0	0.0	0.0	0.0	0.0
GSM4138110_HNSCC_1_PBMC_AGATTGCTCATGCTCC	104.18231492445058	74.27167225094469	0.0	0.0	119.82455913352318	57.37698059006865	0.0	0.0	51.48630771812173	0.0	0.0	0.0	0.0	13.083674281534348	0.0	7.425412228053053	16.76175112915241	0.0	0.0	0.0	0.0	41.33434615543503	0.0	0.0	0.0	0.0	0.0	0.0
GSM4138110_HNSCC_1_PBMC_AGATTGCTCCTAGAAC	149.0369439354386	32.52109565384904	0.0	0.0	133.14382884601116	0.0	3.51492001976276	0.0	0.0	0.0	0.0	0.0	16.05927669713898	0.0	0.0	0.0	0.0	0.0	25.738057220200222	0.0	0.0	0.0	0.0	0.0	0.0	0.0	0.0	0.0
GSM4138110_HNSCC_1_PBMC_AGCAGCCTCACTCTTA	94.6505477876736	57.636646709027815	0.0	52.01453649483496	0.0	0.0	45.30442376268997	0.0	0.0	0.0	0.0	0.0	18.453580971642083	55.320149033816726	0.0	0.0	0.0	0.0	0.0	0.0	0.0	0.0	0.0	0.0	0.0	0.0	0.0	0.0
GSM4138110_HNSCC_1_PBMC_AGCCTAAAGCGTGAAC	242.03799875161874	100.67659071224512	0.0	0.0	0.0	32.21171915536134	0.0	0.0	0.0	0.0	101.81527832971982	0.0	0.0	85.36930258615934	0.0	0.0	0.0	0.0	0.0	0.0	0.0	0.0	0.0	0.0	0.0	0.0	56.09199451892616	0.0
GSM4138110_HNSCC_1_PBMC_AGCCTAAGTCTCATCC	49.65708060211081	20.8891891834298	0.0	0.0	0.0	0.0	0.4524381921492583	0.0	0.0	0.0	24.43960631706067	0.0	8.084752321394326	0.0	0.0	0.0	0.0	0.0	23.32586501881314	0.0	82.33575265367465	26.55397704744902	0.0	0.0	0.0	0.0	0.0	0.0
GSM4138110_HNSCC_1_PBMC_AGCGTATAGCCAGTTT	97.30028854140258	60.15520893133762	63.14543708582308	0.0	0.0	23.176261620931072	47.742608177317535	0.0	0.0	0.0	105.00974922374745	0.0	0.0	0.0	0.0	0.0	0.0	0.0	0.0	0.0	0.0	0.0	0.0	0.0	0.0	0.0	0.0	0.0
GSM4138110_HNSCC_1_PBMC_AGCGTCGAGCGCTCCA	75.95790283972147	78.92495188130918	0.0	0.0	0.0	35.770767040944655	0.0	0.0	0.0	39.21000786778727	0.0	0.0	0.0	34.73083910860415	0.0	48.62981098518592	0.0	0.0	0.0	16.849154904945127	0.0	0.0	0.0	0.0	0.0	0.0	0.0	0.0
GSM4138110_HNSCC_1_PBMC_AGCTCCTGTATCACCA	166.0981606392862	127.60503521655689	96.58713561054887	0.0	0.0	40.58005172802426	15.430646605160309	0.0	0.0	0.0	0.0	0.0	0.0	0.0	32.18959220273174	14.197081303387801	66.40364131288084	0.0	0.0	98.92269573654308	0.0	0.0	0.0	0.0	0.0	0.0	0.0	0.0
GSM4138110_HNSCC_1_PBMC_AGCTCTCAGTCGTTTG	149.97563248126843	91.39214343925718	0.0	53.45060959760272	24.042289367069113	0.0	0.0	0.0	0.0	0.0	0.0	0.7368510920895579	32.15301414006005	101.48575334783229	0.0	48.88323148949736	0.0	0.0	0.0	0.0	0.0	0.0	12.523893655046527	0.0	0.0	0.0	0.0	0.0
GSM4138110_HNSCC_1_PBMC_AGCTTGAAGACTGGGT	119.85339086319075	43.345942480897065	65.43368649122388	70.76861033657676	0.0	64.08851074234603	0.0	0.0	0.0	0.0	0.0	0.0	0.0	0.0	0.0	0.0	0.0	0.0	0.0	0.5271017794011631	0.0	26.522313358998506	0.0	19.083646053568135	0.0	0.0	0.0	0.0
GSM4138110_HNSCC_1_PBMC_AGGCCGTAGACTACAA	137.57304666429116	77.06698856504134	0.0	0.0	72.6466179235962	31.350212960329497	0.0	0.0	0.0	0.0	0.0	66.13016398237738	0.0	23.552255180611336	63.99246099375397	0.0	0.0	0.0	0.0	0.0	0.0	0.0	0.0	0.0	0.0	0.0	0.0	0.0
GSM4138110_HNSCC_1_PBMC_AGGGATGAGACCCACC	67.42190032779739	63.38005552325804	0.0	0.0	81.40989378191318	27.54186543910258	25.2063446937369	20.914089490186694	0.0	0.0	0.0	0.0	0.0	53.77535408840967	0.6334824726756633	0.0	0.0	0.0	0.0	0.0	0.0	0.0	0.0	0.0	0.0	0.0	0.0	0.0
GSM4138110_HNSCC_1_PBMC_AGGGATGCATGTTCCC	98.9192730518443	95.23657572627346	0.0	93.21248759545513	0.0	54.27440814183998	0.0	0.0	0.0	0.0	0.0	0.0	0.0	0.0	0.0	0.0	0.0	82.1279917123046	0.0	0.0	0.0	0.0	29.983232928686796	0.0	23.856406940639527	0.0	0.0	0.0
GSM4138110_HNSCC_1_PBMC_AGTAGTCGTCAATGTC	76.17002559722788	48.285113030428306	0.0	64.75428408993479	0.0	29.91598985912591	0.0	0.0	0.0	0.0	0.0	48.569299012692	0.0	0.0	49.971385000335836	6.150889271326774	0.0	0.0	0.0	0.0	0.0	0.0	0.0	0.0	0.0	0.0	0.0	0.0
GSM4138110_HNSCC_1_PBMC_AGTAGTCGTCCGAAGA	109.6932074470319	91.20797604118461	67.81345344972931	0.0	81.46109017792885	16.801178544340157	0.0	34.805879345440864	0.0	0.0	0.0	0.0	0.0	0.0	0.0	0.0	0.0	0.0	0.0	0.0	0.0	0.0	0.0	0.0	0.0	0.0	0.0	0.0
GSM4138110_HNSCC_1_PBMC_AGTGGGAAGGAGCGAG	146.36489434177386	111.35635507351542	114.12432730227445	0.0	109.46515823424235	60.403973634197385	0.0	126.3160742770249	0.0	0.0	0.0	0.0	0.0	0.0	0.0	0.0	0.0	0.0	0.0	0.0	0.0	0.0	0.0	0.0	0.0	0.0	0.0	0.0
GSM4138110_HNSCC_1_PBMC_AGTGTCAGTACCGGCT	99.07627196470233	69.63547326372463	0.0	0.0	0.0	0.0	10.950111751431779	0.0	0.0	162.66247046952432	0.0	0.0	32.33281672065375	122.78933987942597	0.0	0.0	0.0	0.0	0.0	0.0	0.0	0.0	0.0	0.0	0.0	0.0	0.0	0.0
GSM4138110_HNSCC_1_PBMC_ATAAGAGAGCTGATAA	47.413531896221926	36.02928433178724	19.13889204104905	0.0	87.81233196602346	0.0	0.0	0.0	0.0	0.0	0.0	0.0	34.75317903451268	0.0	0.0	0.0	0.0	0.0	0.0	0.0	0.0	0.0	0.0	0.0	0.0	0.0	30.520845016617976	0.0
GSM4138110_HNSCC_1_PBMC_ATCACGAGTCAAACTC	72.49505430263272	85.30435910934334	68.46665595036521	51.93806579697285	0.0	18.66414614398368	0.0	0.0	0.0	0.0	0.0	0.0	0.0	0.0	0.0	22.051786661867784	0.0	0.0	0.0	0.0	0.0	0.0	0.0	0.0	0.0	0.0	0.0	0.0
GSM4138110_HNSCC_1_PBMC_ATCATCTTCTGTGCAA	79.5906705552852	51.24581060694726	0.0	0.0	0.0	22.164284647060285	59.701168016499096	0.0	45.303848440547355	0.0	0.0	0.0	1.6049023466625627	0.0	0.0	0.0	55.17724389020828	0.0	0.0	0.0	0.0	0.0	0.0	0.0	0.0	0.0	0.0	0.0
GSM4138110_HNSCC_1_PBMC_ATCATGGGTCACTGGC	160.9510913124266	99.97281507707866	0.0	41.519762359621	0.0	20.646615977154838	62.27706024919686	0.0	0.0	0.0	0.0	0.0	0.0	90.78721908962902	0.0	0.0	0.0	0.0	0.0	28.64413260892796	0.0	0.0	0.0	0.0	0.0	0.0	0.0	0.0
GSM4138110_HNSCC_1_PBMC_ATCTGCCCATACGCCG	85.93331048152041	73.69489540537874	0.0	0.0	68.58076878699482	33.02610023957616	0.0	0.0	0.0	0.0	0.0	27.24380943481048	0.0	0.0	0.0	0.0	0.0	15.85951899116075	0.0	0.0	0.0	0.0	69.5246418177261	0.0	0.0	0.0	0.0	0.0
GSM4138110_HNSCC_1_PBMC_ATGAGGGAGTGTACGG	98.61070268683584	79.13290482360759	0.0	0.0	59.39225849700968	26.84581625862773	0.0	0.0	0.0	0.0	0.0	48.05940630699763	0.0	0.0	0.0	0.0	0.0	55.957185035671635	0.0	0.0	0.0	0.0	0.0	61.944883311939265	0.0	0.0	0.0	0.0
GSM4138110_HNSCC_1_PBMC_ATGGGAGAGACCCACC	204.28203288014478	135.80492072793837	156.4436769866238	0.0	0.0	0.0	0.0	153.41815858333882	0.0	0.0	100.71170768156553	0.0	44.429536019328076	0.0	0.0	0.0	0.0	0.0	0.0	0.0	0.0	0.0	0.0	0.0	0.0	0.0	0.0	0.0
GSM4138110_HNSCC_1_PBMC_ATGTGTGTCCAGTAGT	62.25155152025989	51.65296004782522	75.41600039342227	0.0	17.511038353636835	0.0	30.04641576682351	0.0	0.0	0.0	40.47068340888595	0.0	14.037348260062712	0.0	0.0	0.0	0.0	0.0	0.0	0.0	0.0	0.0	0.0	0.0	0.0	0.0	0.0	0.0
GSM4138110_HNSCC_1_PBMC_ATTATCCAGCGCCTTG	103.39177478229651	96.55221275744609	0.0	81.84328220170518	0.0	33.952401732325555	0.0	0.0	0.0	0.0	0.0	1.11730571233478	0.0	28.98366069631884	0.0	80.4798588284665	0.0	0.0	51.29897095619291	0.0	0.0	0.0	0.0	0.0	0.0	0.0	0.0	0.0
GSM4138110_HNSCC_1_PBMC_ATTCTACAGATGTCGG	94.4033835484087	81.21727926364046	0.0	0.0	9.709890797036941	0.0	14.784348473098463	7.03572067993905	0.0	0.0	57.099001748137695	71.85816564143082	22.886963516946118	0.0	0.0	38.068664165638296	0.0	0.0	0.0	0.0	0.0	0.0	0.0	0.0	0.0	0.0	0.0	0.0
GSM4138110_HNSCC_1_PBMC_ATTGGACAGAAGGCCT	46.59194649923275	61.619133722847515	0.0	0.0	41.03033105826528	20.612287962968654	33.266044476211974	0.0	43.6201572320653	0.0	0.0	0.0	2.2600132143776737	0.0	0.0	0.0	0.0	0.0	0.0	0.0	0.0	0.0	0.0	18.406037255239855	0.0	0.0	0.0	0.0
GSM4138110_HNSCC_1_PBMC_ATTGGTGCACAGGAGT	121.74264704245286	103.88649254998775	0.0	0.0	20.27684286008467	0.0	39.860758259334695	0.0	0.0	0.0	30.374619746509794	0.0	20.75851644892876	88.71062958485815	0.0	0.0	0.0	0.0	0.0	0.0	0.0	0.0	0.0	0.0	0.0	0.0	0.0	0.0
GSM4138110_HNSCC_1_PBMC_CAACCTCTCTAAGCCA	117.31651039865076	70.58680609277894	0.0	0.0	34.26852676958703	0.0	0.0	0.0	0.0	0.0	0.14729309321460332	0.0	25.245775765016642	31.246170006356532	0.0	55.9113654201195	0.0	0.0	0.0	0.0	0.0	0.0	0.0	0.0	0.0	0.0	0.0	0.0
GSM4138110_HNSCC_1_PBMC_CAACTAGGTGTCCTCT	113.19739469137049	75.36180035345612	61.948378374357574	0.0	0.0	0.0	0.0	0.0	0.0	0.0	42.05917524950136	0.0	16.365445563807985	0.0	0.0	64.32934371034425	9.622430820294554	0.0	0.0	0.0	0.0	0.0	0.0	0.0	0.0	0.0	0.0	0.0
GSM4138110_HNSCC_1_PBMC_CAACTAGTCAAGATCC	45.444435380425475	17.534367625430313	85.14603869989021	71.4839508547261	0.0	19.958514834591835	0.0	0.0	0.0	0.0	0.0	0.0	0.0	0.0	0.0	39.84475492788703	0.0	0.0	0.0	0.0	0.0	0.0	0.0	0.0	0.0	0.0	0.0	0.0
GSM4138110_HNSCC_1_PBMC_CAAGAAATCACAAACC	55.963081508474744	51.59234576626024	0.0	46.38664103473691	0.0	14.214689060267254	0.0	45.80796096006156	0.0	0.0	0.0	0.0	0.0	35.40491453018077	0.0	0.0	0.0	10.01701121364911	0.0	0.0	0.0	0.0	0.0	0.0	0.0	0.0	0.0	0.0
GSM4138110_HNSCC_1_PBMC_CAAGTTGCATGTTCCC	149.25533117930232	129.62079702963197	0.0	0.0	96.99747035785211	31.381483531820813	0.0	10.947941497464166	0.0	0.0	0.0	100.19578372758627	0.0	0.0	0.0	51.32889539613815	0.0	0.0	0.0	0.0	0.0	0.0	0.0	0.0	22.414296155296878	0.0	0.0	0.0
GSM4138110_HNSCC_1_PBMC_CACACTCTCAAGATCC	113.51080516487629	105.93265104802579	0.0	0.0	0.0	7.79567859775328	0.0	0.0	94.1656959100394	65.7765419805399	0.0	0.0	11.570165348755426	0.0	56.80907449076025	24.765947743697268	0.0	0.0	0.0	0.0	0.0	0.0	0.0	0.0	0.0	0.0	0.0	0.0
GSM4138110_HNSCC_1_PBMC_CACAGGCTCCGCGTTT	74.62950744843072	60.53133513260282	95.94930796979689	86.07110046877467	0.0	34.448698907503726	58.39999289822312	0.0	0.0	0.0	0.0	0.0	0.0	0.0	0.0	0.0	0.0	0.0	0.0	0.0	0.0	0.0	0.0	0.0	0.0	0.0	0.0	0.0
GSM4138110_HNSCC_1_PBMC_CACAGTAAGTTACCCA	71.80638975862996	50.46573368315285	21.59203522829081	0.0	96.75183682053827	25.490721869158804	52.96953346639182	0.0	83.77550383091788	0.0	0.0	0.0	0.0	0.0	0.0	0.0	0.0	0.0	0.0	0.0	0.0	0.0	0.0	0.0	0.0	0.0	0.0	0.0
GSM4138110_HNSCC_1_PBMC_CACATTTAGTAGCGGT	106.56714407146826	41.88663765375021	37.62085086307675	0.0	0.0	0.0	0.0	40.513591233986546	20.843305268689218	80.81424026071508	0.0	0.0	14.027117575678465	0.0	0.0	0.0	0.0	0.0	0.0	0.0	0.0	0.0	0.0	0.0	0.0	0.0	0.0	0.0
GSM4138110_HNSCC_1_PBMC_CACCACTTCCGCGGTA	55.369904098131045	122.6949098075333	37.54662383379886	0.0	0.0	52.95500407794927	25.454624996244295	0.0	0.0	35.837054591702234	0.0	0.0	0.0	0.0	0.0	0.0	0.0	0.0	0.0	0.0	0.0	0.0	0.0	0.0	0.0	0.0	0.0	0.0
GSM4138110_HNSCC_1_PBMC_CAGAGAGAGCCACTAT	72.89463710463524	37.87701718176467	66.68916395709925	0.0	0.0	0.0	86.0197982123877	0.0	0.0	0.0	24.40352594429526	0.0	13.436712677318209	0.0	0.0	0.0	28.0537036546292	0.0	0.0	0.0	0.0	0.0	0.0	0.0	0.0	0.0	0.0	0.0
GSM4138110_HNSCC_1_PBMC_CAGCAGCGTGCAGTAG	53.53121084732994	71.18297472266278	29.043890162316863	0.0	0.0	14.772818073512727	0.0	0.0	0.0	0.0	37.77138281581096	0.0	0.0	0.0	0.0	0.0	0.0	0.0	0.0	0.0	0.0	0.0	0.0	0.0	0.0	0.0	15.84033129029577	0.0
GSM4138110_HNSCC_1_PBMC_CAGCATAAGTACTTGC	75.65206974292173	67.61193098310599	0.0	0.0	19.013683756286106	21.59475361166539	0.0	0.0	0.0	0.0	0.0	0.0	0.0	73.95741525227454	0.0	84.58676164407348	0.0	0.0	0.0	0.0	0.0	0.0	0.0	0.0	0.0	0.0	0.0	0.0
GSM4138110_HNSCC_1_PBMC_CAGCATATCAGAGGTG	114.57095709767982	137.3258195603228	0.0	66.91968855689879	39.98364369013095	98.46923206471934	27.830861061439588	54.593364720407784	0.0	0.0	0.0	100.07228852209428	0.0	0.0	0.0	0.0	0.0	0.0	0.0	0.0	0.0	0.0	0.0	0.0	0.0	0.0	0.0	0.0
GSM4138110_HNSCC_1_PBMC_CAGCTAAGTTCCACGG	0.0	0.0	0.0	0.0	0.0	1283.5763528553637	0.0	0.0	0.0	0.0	0.0	0.0	102.72114415917034	0.0	0.0	0.0	0.0	0.0	0.0	0.0	0.0	0.0	0.0	0.0	0.0	0.0	0.0	0.0
GSM4138110_HNSCC_1_PBMC_CATCGAAGTACTTCTT	178.40645368179764	56.58684097145554	50.58623941138118	0.0	0.0	13.997495789280304	0.0	45.30849048012002	0.0	0.0	112.07855544672782	0.0	0.0	0.0	0.0	0.0	0.0	0.0	0.0	0.0	0.0	0.0	0.0	0.0	1.2405191780165414	0.0	0.0	0.0
GSM4138110_HNSCC_1_PBMC_CATCGGGAGAGCTTCT	77.8198006930776	34.85420999449954	0.0	18.847211499619146	0.0	0.0	0.0	0.0	22.723601553155476	0.0	0.0	0.0	13.437706851188846	0.0	0.0	20.210776504200425	0.0	0.0	0.0	0.0	0.0	0.0	0.0	0.0	0.0	0.0	0.0	0.0
GSM4138110_HNSCC_1_PBMC_CATTATCTCGATCCCT	124.31698113140676	115.92648178241768	60.86090962579438	123.69499496307537	0.0	0.0	62.419517363707996	0.0	0.0	0.0	0.0	0.0	44.17664777722804	0.0	0.0	0.0	0.0	0.0	0.0	0.0	0.0	0.0	0.0	0.0	0.0	0.0	0.0	0.0
GSM4138110_HNSCC_1_PBMC_CATTCGCAGTGAAGAG	141.44121951079478	130.05316223489254	97.49547536587916	0.0	146.3844514921366	66.81714305038808	35.57551103862746	0.0	0.0	0.0	0.0	0.0	0.0	0.0	0.0	0.0	0.0	0.0	0.0	0.0	0.0	0.0	0.0	42.58786850115019	0.0	0.0	0.0	0.0
GSM4138110_HNSCC_1_PBMC_CCACGGACAGATGGGT	112.89694049634969	133.12714474349514	0.0	146.88366563795822	0.0	0.0	57.085043602561555	0.0	0.0	0.0	0.0	0.0	51.46363466972971	19.416000342920153	0.0	0.0	0.0	0.0	80.31520648291134	0.0	0.0	0.0	0.0	0.0	0.0	0.0	0.0	0.0
GSM4138110_HNSCC_1_PBMC_CCACTACAGGTTCCTA	51.77172253310466	79.36287892107548	0.0	0.0	0.0	29.891624070217357	0.0	62.67943526759245	64.4873740451186	82.77025236026812	0.0	0.0	0.0	0.0	0.0	0.0	0.0	0.0	0.0	0.0	0.0	0.0	0.0	0.0	0.0	0.0	0.0	0.0
GSM4138110_HNSCC_1_PBMC_CCCAGTTAGGCACATG	62.28043488093469	81.26564901389773	53.652164213446056	36.58577685117993	0.0	0.0	0.0	0.0	0.0	0.0	0.0	0.0	35.17778523118674	0.0	56.32319137042212	0.0	0.0	0.0	0.0	0.0	0.0	0.0	0.0	0.0	0.0	0.0	0.0	0.0
GSM4138110_HNSCC_1_PBMC_CCCTCCTGTACAGCAG	94.57256488489128	32.16225760815121	56.29120678757255	0.0	18.815265015335104	0.0	0.0	65.85309879315764	0.0	0.0	20.764002376849987	0.0	39.64172841882105	0.0	0.0	0.0	0.0	0.0	0.0	0.0	0.0	0.0	0.0	0.0	0.0	0.0	0.0	0.0
GSM4138110_HNSCC_1_PBMC_CCCTCCTTCCATGAAC	64.1291584952703	49.46718155082428	0.0	45.51967311109734	0.0	19.389650211150776	0.0	0.0	0.0	0.0	0.0	24.46997914286296	36.01163154987348	0.0	33.37488711472269	0.0	0.0	0.0	0.0	0.0	32.56486521480216	0.0	0.0	0.0	0.0	0.0	0.0	0.0
GSM4138110_HNSCC_1_PBMC_CCGTACTGTTCCAACA	115.96802084334642	98.6695203579461	0.0	0.0	102.25505202134579	32.69711254256786	54.169366642524075	0.0	70.2846046552284	0.0	0.0	0.0	0.0	0.0	44.98987998347775	0.0	0.0	0.0	0.0	0.0	0.0	0.0	0.0	0.0	0.0	0.0	0.0	0.0
GSM4138110_HNSCC_1_PBMC_CCGTACTTCCGATATG	52.34291857444645	41.46131321160988	0.0	0.0	0.0	19.321304904317323	0.0	0.0	0.0	35.53853788741184	0.0	0.0	0.0	42.924006925354234	0.0	19.087998320510593	0.0	0.0	0.0	0.0	0.0	25.68430996032842	0.0	0.0	0.0	0.0	0.0	0.0
GSM4138110_HNSCC_1_PBMC_CCGTGGAAGGAGTACC	98.84586382362734	51.439958602469595	0.0	58.40904787461326	0.0	0.0	0.0	0.0	0.0	0.0	0.0	0.0	22.401744625715256	54.57803350349692	18.891409757419833	29.059626156565947	0.0	0.0	0.0	0.0	0.0	0.0	0.0	0.0	0.0	0.0	0.0	0.0
GSM4138110_HNSCC_1_PBMC_CCTAAAGAGCGCCTCA	130.65208433741503	174.37272557719038	0.0	0.0	0.0	65.45732444987894	0.0	0.0	0.0	0.0	93.85445358198626	0.0	0.0	0.0	0.0	0.0	0.0	52.6211327851515	0.0	0.0	0.0	0.0	177.6229875872085	0.0	0.0	55.39068286489762	0.0	0.0
GSM4138110_HNSCC_1_PBMC_CCTACACCACAGGCCT	77.98968680830355	111.31524932947463	7.678967458133731	0.0	22.055930189921654	0.0	0.0	0.0	0.0	0.0	56.860978641684305	0.0	27.867675628557606	64.54550561844778	0.0	2.88393583247095	0.0	0.0	0.0	0.0	0.0	0.0	39.71023642052089	0.0	0.0	0.0	0.0	0.0
GSM4138110_HNSCC_1_PBMC_CCTATTACACAAGACG	168.81313940282638	111.45861763090016	0.0	97.34978114614287	0.0	20.445058885187734	13.534069348847062	0.0	0.0	12.340650250523694	0.0	0.0	0.0	131.6276002150272	0.0	39.168341893420646	0.0	0.0	0.0	0.0	0.0	0.0	0.0	21.0217648435467	0.0	0.0	0.0	0.0
GSM4138110_HNSCC_1_PBMC_CCTTACGAGAATAGGG	72.52058602109965	47.466823932490286	0.0	0.0	0.0	0.0	48.79037508928897	0.0	126.39337015834435	10.6384250196572	76.6126970470817	0.0	22.7577229526052	0.0	0.0	0.0	0.0	0.0	0.0	0.0	0.0	0.0	0.0	0.0	0.0	0.0	0.0	0.0
GSM4138110_HNSCC_1_PBMC_CGAACATGTCCAGTAT	83.72364515801016	46.259314824062656	48.982150706884624	0.0	6.774992895015249	36.628698130243436	0.0	45.05670789832273	0.0	0.0	39.272713892119505	0.0	0.0	0.0	0.0	0.0	0.0	0.0	0.0	0.0	0.0	0.0	0.0	0.0	0.0	0.0	0.0	0.0
GSM4138110_HNSCC_1_PBMC_CGATCGGCAACACCCG	62.18324929891112	46.92774882173168	0.0	0.0	0.0	10.154487365865279	0.0	0.0	25.397145808323334	0.0	0.0	12.777531171037511	0.0	0.0	0.0	0.0	0.0	0.0	0.0	37.37011529350082	0.0	0.0	0.0	14.859288397967934	0.0	0.0	0.0	0.0
GSM4138110_HNSCC_1_PBMC_CGATGTATCCTTTCGG	89.62404960713592	63.15623673289159	0.0	0.0	52.64890493636957	0.0	0.0	0.0	0.0	0.0	0.0	49.789589393741835	38.814526932509125	0.0	0.0	0.0	1.0182252237364438	0.0	0.0	0.0	0.0	0.0	0.0	44.065620016313865	0.0	0.0	3.4009863343155544	0.0
GSM4138110_HNSCC_1_PBMC_CGCGGTAAGACACGAC	33.335472930650305	88.99179154828815	51.83069545566597	0.0	0.0	18.693137467069523	0.0	13.04407793977086	0.0	5.704173098683333	0.0	0.0	0.0	6.47090082789984	16.114135702699052	0.0	0.0	0.0	0.0	0.0	0.0	0.0	0.0	0.0	0.0	0.0	0.0	0.0
GSM4138110_HNSCC_1_PBMC_CGCGGTATCAGTCCCT	78.44007776701143	44.41680236885649	0.0	0.0	13.922667525269949	25.888591202368293	46.0557197199207	0.0	21.627643328885924	0.0	40.51806405443846	31.76045866417892	0.0	0.0	0.0	0.0	0.0	0.0	0.0	0.0	0.0	0.0	0.0	0.0	0.0	0.0	0.0	0.0
GSM4138110_HNSCC_1_PBMC_CGCTATCAGGTAGCCA	109.58033855053597	71.98383141816888	0.0	0.0	0.0	24.329099007380687	0.0	57.77206796282051	129.637161680801	0.0	102.8866926265779	0.0	0.0	0.0	0.0	0.0	0.0	0.0	0.0	0.0	0.0	0.0	0.0	0.0	35.06308459378375	0.0	0.0	0.0
GSM4138110_HNSCC_1_PBMC_CGCTTCACAGTACACT	112.07086224817681	70.86883212743254	0.0	0.0	91.40011238858938	21.646416122877	0.0	0.0	0.0	0.0	0.0	61.93737956632382	0.0	0.0	0.0	33.13182391560069	0.0	0.0	0.0	0.0	0.0	0.0	0.0	0.0	36.40116416934959	0.0	0.0	0.0
GSM4138110_HNSCC_1_PBMC_CGGAGCTCAGACGCAA	65.62173019096139	75.84567327285897	44.176817539244325	0.0	0.0	7.0285914193628045	0.0	27.95563878505972	0.0	0.0	58.8294248574951	0.0	13.896634267494516	0.0	0.0	0.0	0.0	0.0	0.0	0.0	0.0	0.0	0.0	0.0	0.0	0.0	0.0	0.0
GSM4138110_HNSCC_1_PBMC_CGGAGCTTCGCCTGAG	124.43277223404388	99.64394743992449	0.0	2.130519020290247	0.0	32.781228565694526	0.0	0.0	0.0	0.0	0.0	0.0	0.0	102.07057304350246	78.62220308608475	0.0	71.39899277955514	0.0	0.0	7.304977013273185	0.0	0.0	0.0	0.0	0.0	0.0	0.0	0.0
GSM4138110_HNSCC_1_PBMC_CGGCTAGTCACATAGC	148.6217266319046	144.7750662260217	98.69543298904631	80.62284005994152	0.0	43.997765731591265	0.0	0.0	0.0	0.0	0.0	0.0	0.0	0.0	0.0	76.20301701359678	0.0	0.0	0.0	0.0	0.0	0.0	31.39861839030035	0.0	0.0	0.0	0.0	0.0
GSM4138110_HNSCC_1_PBMC_CGGCTAGTCAGAGACG	58.833155254523724	118.1610359705224	48.653493218485636	62.05443618065907	0.0	21.65115251271196	1.3764581354653347	0.0	0.0	0.0	0.0	0.0	0.0	0.0	25.227717691719366	0.0	0.0	0.0	0.0	0.0	0.0	0.0	0.0	0.0	0.0	0.0	0.0	0.0
GSM4138110_HNSCC_1_PBMC_CGGCTAGTCCTAAGTG	189.21889098789708	38.82403504787063	0.0	0.0	0.0	0.0	0.0	40.37464428996789	0.0	56.08274896677453	16.244506355169836	0.0	21.80211828581726	0.0	0.0	0.0	0.0	97.17039790912162	0.0	0.0	0.0	0.0	0.0	0.0	0.0	0.0	0.0	0.0
GSM4138110_HNSCC_1_PBMC_CGTAGCGAGAAGGGTA	94.28283783265154	79.59287986294981	131.51485214385582	0.0	46.23915146929894	0.0	0.0	0.0	0.0	0.0	0.0	0.0	24.273242591687943	0.0	9.184619852645627	45.82443166576208	0.0	0.0	0.0	0.0	0.0	0.0	0.0	0.0	0.0	0.0	0.0	0.0
GSM4138110_HNSCC_1_PBMC_CGTAGGCGTGGTAACG	64.45908225654023	53.707493973565704	0.0	0.0	27.14840039282772	19.22664720863769	32.13144156594757	0.0	0.0	0.0	0.0	0.0	0.0	50.8705124296185	0.0	4.317274987647275	0.0	38.07428190005974	0.0	0.0	0.0	0.0	0.0	8.15604824749123	0.0	0.0	0.0	0.0
GSM4138110_HNSCC_1_PBMC_CGTCACTTCAAACCGT	103.56401509192878	59.430340799351015	74.90709810088954	0.0	60.145464911920456	15.022745647296755	61.881925469466935	0.0	0.0	0.0	0.0	0.0	29.395364155629032	0.0	0.0	0.0	0.0	0.0	0.0	0.0	0.0	0.0	0.0	0.0	0.0	0.0	0.0	0.0
GSM4138110_HNSCC_1_PBMC_CGTCCATAGCAGCGTA	46.75672753648035	43.58656150762813	0.0	0.0	0.0	0.0	61.28372386635411	0.0	63.08221631954276	0.0	0.0	0.0	15.179816374131265	0.0	0.0	0.0	0.0	0.0	0.0	15.30360845215734	0.0	0.0	0.0	0.0	0.0	0.0	0.0	0.0
GSM4138110_HNSCC_1_PBMC_CGTGTAAAGGTGTGGT	100.38737191882966	78.12857294884219	47.54672689196459	0.0	84.68347506787029	17.885133770193246	0.0	25.104969912918055	14.180886751349071	0.0	0.0	0.0	0.0	8.056348649061748	57.22729732193617	0.0	0.0	0.0	0.0	0.0	0.0	0.0	0.0	0.0	0.0	0.0	0.0	0.0
GSM4138110_HNSCC_1_PBMC_CGTTGGGCAGGCGATA	98.73242504628995	71.04413701190792	18.411623448656165	0.0	55.17744293056513	33.05007824052264	0.0	0.0	24.95574275126946	0.0	0.0	0.0	3.9678996250879677	0.0	0.0	49.540810576618505	0.0	0.0	0.0	0.0	0.0	0.0	0.0	0.0	0.0	0.0	0.0	0.0
GSM4138110_HNSCC_1_PBMC_CTACACCGTAGCTTGT	49.54231477065094	53.119073165539234	0.0	24.17973574356174	0.0	0.0	0.0	0.0	26.138279058960176	0.0	12.560542102296267	48.063651233088535	25.635354852799676	0.0	0.0	46.9918042661484	0.0	12.447937415245223	0.0	13.642754751543507	0.0	0.0	0.0	0.0	0.0	0.0	0.0	0.0
GSM4138110_HNSCC_1_PBMC_CTACGTCAGTGGGATC	101.01511700836177	106.49583991622117	30.05070676027444	23.705072278802692	0.0	30.719720976687004	86.80264449840817	0.0	0.0	0.0	0.0	0.0	0.0	0.0	0.0	0.0	0.0	0.0	0.0	0.0	0.0	0.0	0.0	0.0	0.0	0.0	0.0	0.0
GSM4138110_HNSCC_1_PBMC_CTACGTCTCCACGAAT	39.219432541293585	47.40231767314191	0.0	0.0	0.0	0.0	53.93118712680103	0.0	13.912306206521308	0.0	30.385409633707678	0.0	13.56925127034953	0.0	0.0	0.0	0.0	0.0	0.0	0.0	43.455636941201064	0.0	0.0	0.0	0.0	6.14525407293163	0.0	0.0
GSM4138110_HNSCC_1_PBMC_CTAGCCTAGCCAACAG	73.62700409703235	95.60480316705112	0.0	0.0	0.0	35.17866583320943	0.0	41.817548360388066	43.40745290514094	0.0	69.14040449458058	0.0	0.0	0.0	0.0	0.0	0.0	0.0	0.0	0.0	0.0	0.0	0.0	0.0	0.0	0.0	0.0	0.0
GSM4138110_HNSCC_1_PBMC_CTCAGAATCGAATGGG	95.6889817096668	75.43365875089052	0.0	0.0	0.0	29.131594863429626	0.0	0.0	0.0	0.0	92.48784190368012	0.0	16.36911519520104	101.6670789423112	0.0	66.8408750780891	0.0	0.0	0.0	0.0	0.0	0.0	0.0	0.0	0.0	0.0	0.0	0.0
GSM4138110_HNSCC_1_PBMC_CTCCTAGCAAGTCTGT	139.7367842527457	59.16634753042271	49.92868583225028	0.0	0.0	44.32994955835483	58.199051338243976	0.0	0.0	0.0	81.08502138230766	0.0	1.462148343033783	0.0	0.0	0.0	0.0	0.0	0.0	0.0	0.0	0.0	0.0	0.0	0.0	0.0	0.0	0.0
GSM4138110_HNSCC_1_PBMC_CTCGGAGAGCAGGTCA	110.49036164389045	101.14403870029695	72.16085497763275	24.140348176842718	0.0	33.2844563320296	17.234770395353344	0.0	0.0	19.22498378141056	1.3923272666899253	0.0	0.0	0.0	0.0	58.44415667482433	2.013437894121477	0.0	0.0	0.0	0.0	0.0	0.0	0.0	0.0	0.0	0.0	0.0
GSM4138110_HNSCC_1_PBMC_CTCGTACTCAGCAACT	83.8751976421097	141.7227262839145	95.88836103637952	63.443079733969775	0.0	0.0	10.051178968681022	32.7828348573041	0.0	59.6304398781648	0.0	0.0	47.652713438001264	0.0	0.0	0.0	0.0	0.0	0.0	5.290329391496705	0.0	0.0	0.0	0.0	0.0	0.0	0.0	0.0
GSM4138110_HNSCC_1_PBMC_CTCGTCAAGCTCTCGG	148.69430702968097	186.7885567220918	160.1304026061184	0.0	31.353339648632957	61.31937410552471	0.0	84.8319631337937	0.0	0.0	0.0	0.0	0.0	0.0	0.0	0.0	0.0	0.0	0.0	0.0	0.0	0.0	0.0	0.0	0.0	0.0	0.0	0.0
GSM4138110_HNSCC_1_PBMC_CTCTACGCAGATCGGA	34.12032727946122	42.91483934753411	0.0	0.0	40.832258884654685	13.968790041908646	0.0	48.69505539921705	0.0	0.0	0.0	8.17660700262168	0.0	0.0	0.0	0.0	0.0	20.296625730513558	0.0	0.0	0.0	0.0	0.0	0.0	0.0	0.0	0.0	0.0
GSM4138110_HNSCC_1_PBMC_CTCTGGTAGACAGGCT	38.69713846118829	32.337140863610784	81.68940206917631	0.722988043077679	64.72727493546388	9.915883046854397	0.0	43.38517438154016	0.0	0.0	0.0	0.0	0.0	0.0	0.0	0.0	0.0	0.0	0.0	0.0	0.0	0.0	0.0	0.0	0.0	0.0	0.0	0.0
GSM4138110_HNSCC_1_PBMC_CTCTGGTCACAGCCCA	137.9523423671507	91.56150942257038	0.0	51.360805761780526	0.0	0.0	60.719681893762946	0.0	111.52193612319624	0.0	0.0	0.0	21.295199477683163	0.0	0.0	0.0	0.0	0.0	0.0	0.0	0.0	0.0	0.0	0.0	0.0	0.0	0.0	0.0
GSM4138110_HNSCC_1_PBMC_CTGAAACCAGCCTTGG	67.8115194217851	77.30284302109544	0.0	0.9156838905310539	0.0	0.0	0.0	0.0	58.51571265158616	0.0	58.78821615305678	0.0	86.45201207537443	0.0	18.076268004004152	0.0	0.0	0.0	0.0	0.0	0.0	0.0	0.0	0.0	0.0	0.0	0.0	0.0
GSM4138110_HNSCC_1_PBMC_CTGAAACCAGTATGCT	79.67999443084022	39.29867107644276	89.07150845093338	0.0	0.0	18.631401937585814	0.0	45.244151950619816	0.0	7.711118591292705	0.0	0.0	15.513597983899427	0.0	12.194205925284795	0.0	0.0	0.0	0.0	82.05917272541022	0.0	0.0	0.0	0.0	0.0	0.0	0.0	0.0
GSM4138110_HNSCC_1_PBMC_CTGAAGTCAGCTGCTG	114.25336937365729	42.44932472904477	66.93070864336009	0.0	0.0	0.0	0.0	0.0	0.0	72.17841888840795	0.0	0.0	23.305694671632736	0.0	41.0439044812238	0.0	0.0	0.0	0.0	0.0	0.0	0.0	0.0	0.0	0.0	0.0	0.0	0.0
GSM4138110_HNSCC_1_PBMC_CTGAAGTGTTCTCATT	80.1904361614843	57.60855626300343	28.120305500545886	22.13048994371178	0.0	20.58454307526282	0.0	0.0	0.0	0.0	0.0	0.0	0.0	0.0	0.0	0.0	0.0	0.0	0.0	0.0	0.0	0.0	0.0	0.0	0.0	0.0	0.0	142.18770137680437
GSM4138110_HNSCC_1_PBMC_CTGTTTACAAAGGTGC	86.56214794482311	83.85146152444194	0.0	0.0	0.0	25.878964494461492	0.0	44.1727584873402	0.0	29.705813786939455	14.723744819805011	0.0	0.0	54.35977415747025	0.0	0.0	0.0	0.0	0.0	0.0	0.0	0.0	0.0	0.0	0.0	0.0	0.0	0.0
GSM4138110_HNSCC_1_PBMC_CTTAACTGTGACGCCT	47.774742373104786	62.952591369147406	0.0	0.0	38.38627447031721	14.306428702624606	0.0	0.0	0.0	0.0	0.0	82.15004225738359	0.0	0.0	0.0	0.0	0.0	0.0	0.0	0.0	0.0	0.0	53.04269984402034	0.0	0.0	0.0	0.0	0.0
GSM4138110_HNSCC_1_PBMC_CTTAGGAAGGTGATTA	181.32742711677238	120.23810093273994	0.0	0.0	173.69539166951623	38.10018419399378	0.0	0.0	0.0	0.0	0.0	141.55006092120033	0.0	0.0	0.0	131.19713828953715	0.0	0.0	0.0	0.0	0.0	0.0	0.0	0.0	0.0	0.0	0.0	0.0
GSM4138110_HNSCC_1_PBMC_CTTAGGACAGAGTGTG	83.27197135175516	61.82130518088276	0.0	0.0	0.0	0.0	28.41999371976579	0.0	0.0	56.77094647047417	0.0	0.0	13.826193801092213	47.86255824824739	0.0	0.0	0.0	0.0	0.0	0.0	0.0	0.0	0.0	0.0	0.0	0.0	0.0	0.0
GSM4138110_HNSCC_1_PBMC_CTTGGCTCAAAGCGGT	116.86464790242337	82.06704663378801	0.0	62.846289915303004	0.0	42.02073485966706	0.0	0.0	55.25893412514054	0.0	0.0	0.0	0.0	44.892032678109814	0.0	70.68238228386136	0.0	0.0	0.0	0.0	0.0	0.0	0.0	0.0	0.0	0.0	0.0	0.0
GSM4138110_HNSCC_1_PBMC_GAAACTCGTCTTCTCG	158.7798467343094	112.07441918596281	0.0	0.0	0.0	25.4298736249947	0.0	80.07719795414631	0.0	137.04672875108506	0.0	11.699634344033178	0.0	0.0	0.0	0.0	0.0	65.87144091789156	0.0	0.0	0.0	0.0	0.0	0.0	0.0	0.0	0.0	0.0
GSM4138110_HNSCC_1_PBMC_GAAATGAAGAGCAATT	52.29168071154137	51.8699821533894	42.78404896859516	0.0	38.71742653245839	18.087582695998186	0.0	0.0	0.0	0.0	0.0	0.0	0.0	0.0	0.0	16.348747486819963	0.0	0.0	0.0	0.0	0.0	0.0	0.0	0.0	20.087507435856335	0.0	0.0	0.0
GSM4138110_HNSCC_1_PBMC_GAACATCTCGGTTAAC	90.86217281415348	69.16546482541814	0.0	67.50023169498124	0.0	0.0	3.4890142809019626	0.0	52.17002230651485	0.0	0.0	0.0	22.277125928783725	0.0	34.912423837822146	0.0	0.0	0.0	0.0	0.0	0.0	0.0	0.0	0.0	0.0	0.0	0.0	0.0
GSM4138110_HNSCC_1_PBMC_GAACCTATCGGCCGAT	87.69775825987516	92.93679847277079	0.0	60.070709685787364	0.0	7.214408875041027	0.0	0.0	5.431445981624125	24.67839348188897	0.0	0.0	0.0	0.0	0.0	0.0	0.0	0.0	0.0	0.0	52.919064737227984	0.0	0.0	0.0	26.810888795040754	0.0	0.0	0.0
GSM4138110_HNSCC_1_PBMC_GAATGAAGTTGGACCC	41.48056986338552	60.823978697970645	0.0	49.601072109779956	0.0	3.8528553909505194	24.404713721065818	0.0	4.797853756655854	0.0	0.0	0.0	1.3791644763056468	26.506010978253563	0.0	13.213549247248638	0.0	0.0	0.0	0.0	0.0	0.0	0.0	0.0	0.0	0.0	0.0	0.0
GSM4138110_HNSCC_1_PBMC_GACAGAGAGAGCCTAG	77.35427360183363	44.55984374801651	0.0	0.0	0.0	0.0	0.0	12.731019865980755	0.0	25.117174532035815	0.0	31.726668669881526	15.657060646863	0.0	0.0	0.0	0.0	11.964458867310944	0.0	11.839945674875729	0.0	0.0	0.0	0.0	0.0	0.0	0.0	0.0
GSM4138110_HNSCC_1_PBMC_GACTAACAGGCAGGTT	73.73728143035754	88.60104687402168	0.0	0.0	0.0	0.0	0.0	0.0	0.0	0.0	0.0	0.0	61.43900968473734	64.0684026544847	0.0	90.14763963857972	119.13391771237748	42.13143616249366	0.0	0.0	0.0	18.04562202103921	0.0	0.0	0.0	0.0	0.0	0.0
GSM4138110_HNSCC_1_PBMC_GACTGCGGTATCTGCA	88.53297663999747	36.16418111493272	0.0	0.0	43.15178043194265	57.88216140716072	64.79028509287767	0.0	36.85706917847394	0.0	3.8799157841407674	0.0	8.268149785945546	0.0	0.0	0.0	0.0	0.0	0.0	0.0	0.0	0.0	0.0	0.0	0.0	0.0	0.0	0.0
GSM4138110_HNSCC_1_PBMC_GACTGCGTCTAAGCCA	86.49037323926186	88.16261029385717	67.73462744563038	0.0	0.0	17.109220235396677	0.0	47.852903533043104	0.0	102.6452887123822	0.0	0.0	0.0	0.0	0.0	0.0	0.0	0.0	0.0	5.752006228913028	0.0	0.0	0.0	0.0	0.0	0.0	59.175689334229396	0.0
GSM4138110_HNSCC_1_PBMC_GATCGATGTGCTGTAT	166.47259368026104	114.97182384766886	56.48716115688593	0.0	13.746157905086111	0.0	89.20901645813328	0.0	0.0	14.695364266239627	23.050778329325727	0.0	21.958826354895354	0.0	0.0	0.0	0.0	0.0	0.0	0.0	0.0	0.0	0.0	0.0	0.0	0.0	0.0	0.0
GSM4138110_HNSCC_1_PBMC_GATCTAGAGGGCTCTC	87.00301602354877	82.26041841762311	0.0	0.0	0.0	0.0	0.0	15.523861984478748	0.0	59.856436822974025	0.0	17.151027351316273	16.42804077106211	0.0	0.0	0.0	0.0	8.32309801006873	0.0	0.0	27.067982330838635	0.0	0.0	0.0	0.0	0.0	0.0	0.0
GSM4138110_HNSCC_1_PBMC_GATCTAGCAAACCTAC	105.45272874008788	102.77216889722926	0.0	0.0	0.0	0.0	0.0	0.0	0.0	0.0	68.93555746986772	30.739776711110732	29.15141204333982	43.89218772452646	77.52135358026023	24.038339671199275	24.413667717082586	0.0	0.0	0.0	0.0	0.0	0.0	0.0	0.0	0.0	0.0	0.0
GSM4138110_HNSCC_1_PBMC_GATGAAAAGAAGGGTA	52.51703430415619	39.128442165893254	0.0	39.46231723935762	0.0	39.21621503429892	0.0	0.0	0.5564703526654871	0.0	0.0	0.0	0.0	0.0	0.0	40.14187017131121	0.0	0.0	40.61473062473528	0.0	13.245355754904036	0.0	0.0	0.0	0.0	0.0	0.0	0.0
GSM4138110_HNSCC_1_PBMC_GATGCTAGTATGGTTC	92.9109611218471	73.7780676586623	92.27349012217489	26.779732721891936	0.0	0.0	0.0	0.0	0.0	0.0	0.0	0.0	12.679351128254803	0.0	0.0	39.05982153984316	0.0	5.252137652746524	0.0	0.0	0.0	0.0	0.0	0.0	35.41852117129884	0.0	0.0	0.0
GSM4138110_HNSCC_1_PBMC_GATTCAGAGCTATGCT	129.55138822856924	93.057683211776	145.05112341279295	81.57350689960998	0.0	33.201821720513315	0.0	0.0	0.0	0.0	0.0	0.0	0.0	0.0	18.980348892247505	20.996909755046953	0.0	0.0	0.0	0.0	0.0	0.0	0.0	0.0	0.0	0.0	0.0	0.0
GSM4138110_HNSCC_1_PBMC_GCACATACATGAACCT	120.70609478492612	58.69364379589579	81.99910961328409	0.0	58.460958806581914	0.0	0.0	0.0	0.0	0.0	0.0	0.0	23.294483202620743	0.0	61.682873716825796	0.0	0.0	0.0	0.0	0.0	0.0	0.0	0.0	0.0	0.0	0.0	0.0	0.0
GSM4138110_HNSCC_1_PBMC_GCACATAGTCTTCTCG	113.71326750096057	65.83156289473858	88.84446695941341	0.0	0.0	0.0	0.0	0.0	0.0	0.0	36.45644675669584	0.0	34.168800990527785	0.0	0.0	84.04279402963303	0.0	0.0	0.0	0.0	0.0	0.0	0.0	0.0	0.0	0.0	0.0	0.0
GSM4138110_HNSCC_1_PBMC_GCAGTTATCCTACAGA	55.26700806166278	14.84355042652972	44.45865197250701	0.0	0.0	0.0	23.915744087547182	0.0	0.0	0.0	59.84659277647376	0.0	17.5259983164591	0.0	0.0	0.0	0.0	0.0	0.0	0.0	0.0	0.0	0.0	0.0	0.0	0.0	0.0	0.0
GSM4138110_HNSCC_1_PBMC_GCATACAAGACACGAC	117.15210287563222	115.96927225005933	89.98844053712382	0.0	0.0	74.59385455743586	122.16045019406883	0.0	0.0	89.57005085727553	0.0	0.0	0.0	0.0	0.0	0.0	0.0	0.0	0.0	0.0	0.0	0.0	0.0	0.0	0.0	0.0	0.0	0.0
GSM4138110_HNSCC_1_PBMC_GCATGTATCTCATTCA	72.55773656494594	42.98426951132369	49.078877556373264	0.0	0.0	0.0	11.707356993785806	0.0	0.0	31.874221506048794	0.0	0.0	17.123408447165705	0.0	0.0	34.05640512559546	0.0	0.0	0.0	0.0	0.0	0.0	0.0	0.0	0.0	0.0	0.0	0.0
GSM4138110_HNSCC_1_PBMC_GCGAGAATCTATCCTA	67.92315801792365	79.7080410445588	0.0	49.546039754350474	0.0	0.0	45.79153707956684	0.0	0.0	0.0	0.0	0.0	17.19972511253781	0.0	0.0	0.0	0.0	0.0	26.110375692849644	0.0	0.0	0.0	0.0	0.0	0.0	24.556935555587696	0.0	0.0
GSM4138110_HNSCC_1_PBMC_GCGCAACCAGTACACT	78.77296273764468	51.84447395052927	43.92269553946764	30.526978080315356	0.0	0.0	0.0	0.0	0.0	0.0	0.0	0.0	24.43744364485258	0.0	53.131499989919	0.0	0.0	0.0	0.0	3.8670887756467094	0.0	0.0	0.0	0.0	0.0	0.0	0.0	0.0
GSM4138110_HNSCC_1_PBMC_GCGCAACTCACCGTAA	107.41954660760909	34.53213140831423	0.0	0.0	0.0	0.0	0.0	0.0	0.0	60.16465811710525	48.69629668966779	0.0	22.44238796960767	58.19519380374891	0.0	17.031125688722955	0.0	0.0	0.0	0.0	0.0	0.0	0.0	0.0	0.0	0.0	0.0	0.0
GSM4138110_HNSCC_1_PBMC_GCGGGTTTCTGTACGA	105.57996265101025	67.92601691773523	0.0	0.0	11.308935916717134	0.0	0.0	0.0	0.0	0.0	34.77919038764882	86.60947882851003	26.52714855063212	0.0	0.0	69.89448063797595	0.0	0.0	0.0	0.0	0.0	0.0	0.0	0.0	0.0	0.0	0.0	0.0
GSM4138110_HNSCC_1_PBMC_GCTGCAGCACAACGCC	73.47573752301972	61.19554621393507	68.22283354844825	0.0	0.0	0.0	0.0	67.24595696991577	0.0	0.26533261324388435	0.0	0.0	18.012515906855786	0.0	0.0	0.0	0.0	0.0	0.0	10.068457989124237	0.0	0.0	0.0	0.0	0.0	0.0	0.0	0.0
GSM4138110_HNSCC_1_PBMC_GGAACTTCAACTGGCC	74.29100962760391	86.68846991938788	0.0	36.349460886717104	10.897866345632146	7.444265030313418	0.0	67.47433405950972	0.0	0.0	0.0	0.0	7.215173222369074	0.0	0.0	0.0	0.0	106.59786049171352	0.0	0.0	0.0	0.0	0.0	0.0	0.0	0.0	0.0	0.0
GSM4138110_HNSCC_1_PBMC_GGAATAAAGAACAATC	60.71727730614808	50.86438429935733	0.0	44.103217710059994	0.0	12.791685260678081	0.0	0.0	0.0	0.0	0.0	0.0	0.0	0.0	0.0	63.69995733104461	0.0	0.0	69.01131016331749	0.0	0.0	0.0	0.0	0.0	0.0	0.0	0.0	0.0
GSM4138110_HNSCC_1_PBMC_GGACATTCACGGTTTA	79.30689975029101	67.00100719419528	29.98133510963229	42.81281620422366	0.0	18.01992032269971	47.4981368054632	0.0	59.363067912673465	0.0	0.0	0.0	6.524446272407712	0.0	0.0	0.0	0.0	0.0	0.0	0.0	0.0	0.0	0.0	0.0	0.0	0.0	0.0	0.0
GSM4138110_HNSCC_1_PBMC_GGCTCGATCCGCGTTT	57.41187372742692	47.921443204399694	42.350190082100866	0.0	0.0	51.70954478647928	0.0	35.612843779419045	0.0	52.761363868835545	0.0	0.0	0.0	0.0	0.0	0.0	0.0	0.0	0.0	0.0	0.0	0.0	0.0	26.564291833479277	0.0	0.0	0.0	0.0
GSM4138110_HNSCC_1_PBMC_GGGACCTAGCCAGGAT	84.29863280230319	76.23067759949629	66.62409816050108	0.0	0.0	1.9847476155007853	0.0	0.0	0.0	0.0	53.96337743257777	0.0	12.456724318224813	0.0	0.0	0.0	0.0	0.0	0.0	0.0	0.0	0.0	0.0	43.26804198928979	0.0	0.0	0.0	0.0
GSM4138110_HNSCC_1_PBMC_GGGACCTCAGTCACTA	106.93090689875214	90.14654094090861	0.0	0.0	0.0	0.0	0.0	0.0	0.0	0.0	0.0	0.0	37.414136320016055	104.34272397096542	0.0	61.66694227505691	119.76343823443902	0.0	39.735208940964036	15.665852511946307	0.0	0.0	0.0	0.0	0.0	0.0	0.0	59.43960519391634
GSM4138110_HNSCC_1_PBMC_GGGAGATGTGTGCGTC	81.84133459401	44.74191042240992	0.0	0.0	0.0	17.740975967258986	36.58331566528311	0.0	80.12006754978952	0.0	36.69619164996113	0.0	0.0	0.0	0.0	0.0	0.0	0.0	0.0	0.0	0.0	0.0	0.0	0.0	0.0	0.0	0.0	0.0
GSM4138110_HNSCC_1_PBMC_GGGAGATTCACGATGT	45.76441728747163	85.53058034355944	28.86208151521391	0.0	37.79370848317512	17.927594135473164	0.0	21.17055641758816	0.0	0.0	0.0	0.0	0.0	0.0	0.0	0.0	0.0	0.0	0.0	0.0	0.0	12.506009471026593	0.0	0.0	0.0	0.0	0.0	0.0
GSM4138110_HNSCC_1_PBMC_GGGTTGCGTCCGAAGA	117.62905213380326	78.58447612237586	59.14772225853185	0.0	51.319573704411795	56.08937586097771	0.0	0.0	0.0	0.0	9.095463287756246	0.0	0.0	0.0	85.76991128029438	0.0	0.0	0.0	0.0	0.0	0.0	0.0	0.0	0.0	0.0	0.0	0.0	0.0
GSM4138110_HNSCC_1_PBMC_GGTGAAGTCGCTTGTC	86.3558708235195	87.93662262674984	71.81199857952774	0.0	0.0	10.695095148743276	53.348078449438425	0.0	0.0	57.12051113573476	0.0	0.0	14.103020476069904	0.0	0.0	0.0	0.0	0.0	0.0	0.0	0.0	0.0	0.0	0.0	0.0	0.0	0.0	0.0
GSM4138110_HNSCC_1_PBMC_GGTGTTACAAACGCGA	120.96558788480937	59.54795854675918	47.367585925123905	66.59298953634017	5.3553579041458965	62.32252238089941	0.0	19.595140896282235	0.0	0.0	0.0	0.0	0.0	2.7891225633513503	0.0	0.0	0.0	0.0	0.0	0.0	0.0	51.711725528617954	0.0	0.0	0.0	0.0	0.0	0.0
GSM4138110_HNSCC_1_PBMC_GTAACTGTCTTCGAGA	72.59751746665478	87.71786727326734	0.0	0.0	8.178590117089291	0.0	45.13750872101255	30.945574053576042	49.70137287866931	28.813897456856516	33.48141926777183	14.581024723802908	33.0284255586622	0.0	0.5213305686151036	0.0	0.0	0.0	0.0	0.0	0.0	0.0	0.0	0.0	0.0	0.0	0.0	0.0
GSM4138110_HNSCC_1_PBMC_GTAGGCCAGGTGTGGT	85.95555638590831	46.51140949665757	45.12610425994801	73.84716040817955	0.0	11.949652981434971	18.66810520318893	0.0	0.0	0.0	0.0	0.0	19.979749341746583	0.0	25.869881119707486	0.0	0.0	0.0	0.0	0.0	0.0	0.0	0.0	0.0	0.0	0.0	0.0	0.0
GSM4138110_HNSCC_1_PBMC_GTAGTCACAGATCCAT	77.56709319388204	59.30459038794068	79.43422361411027	0.0	71.80432632225568	15.776794839976676	0.0	5.987205293745452	0.0	0.0	0.0	0.0	0.0	0.0	0.0	10.593702309933445	0.0	0.0	0.0	0.0	0.0	0.0	0.0	0.0	30.363921116095693	0.0	0.0	0.0
GSM4138110_HNSCC_1_PBMC_GTAGTCAGTGGGTCAA	59.42066671291764	39.22016894894712	49.55698453826814	0.0	0.0	22.571669633233554	0.0	0.0	0.0	34.00805139420317	0.0	0.0	0.0	0.0	0.0	0.0	0.0	0.0	0.0	0.0	0.0	0.0	51.0728741961434	0.0	0.0	0.0	0.0	0.0
GSM4138110_HNSCC_1_PBMC_GTATTCTAGGGTTTCT	128.20714626459076	80.92790238656288	0.0	122.82939335895527	0.0	28.379256231766853	50.81675966189388	0.0	14.110281352535502	0.0	0.0	0.0	0.0	0.0	1.932041897998579	0.0	0.0	0.0	26.867986518224573	0.0	0.0	0.0	0.0	0.0	0.0	0.0	0.0	0.0
GSM4138110_HNSCC_1_PBMC_GTATTCTTCCAAACTG	97.4145950548759	78.42878208797575	0.0	0.0	0.0	0.0	91.38077971601541	0.0	0.0	22.538762438926174	0.0	0.0	24.397025113653	83.2481322155843	0.0	0.0	0.0	0.0	0.0	45.33697256425659	0.0	0.0	0.0	0.0	0.0	0.0	0.0	0.0
GSM4138110_HNSCC_1_PBMC_GTCGTAACAGGAACGT	71.22421227601488	57.08626779868485	0.0	0.0	0.0	11.759099222079294	0.0	0.0	0.0	56.86731860770555	11.357019132198554	41.22889546165454	15.622824374148596	0.0	36.32173536010794	0.0	0.0	0.0	0.0	22.782348854635654	0.0	0.0	0.0	0.0	0.0	0.0	0.0	0.0
GSM4138110_HNSCC_1_PBMC_GTCGTAAGTATGAAAC	74.1120286188472	45.701769004202816	0.0	0.0	25.69825362011686	0.0	0.0	0.0	0.0	0.0	0.0	37.411056989929406	19.11146323720977	0.0	28.59880472578015	12.608050938572331	0.0	0.0	29.34021554098839	0.0	0.0	0.0	0.0	0.0	0.0	0.0	0.0	0.0
GSM4138110_HNSCC_1_PBMC_GTCTCGTGTACGCACC	97.73046836931542	104.2399619678239	0.0	0.0	0.0	0.0	24.70804307955253	0.0	0.0	0.0	79.97292250650239	0.0	12.912068153317222	0.0	0.0	0.0	0.0	0.0	20.44690768942458	0.0	0.0	0.0	0.0	0.0	0.0	0.0	0.0	0.0
GSM4138110_HNSCC_1_PBMC_GTGGGTCAGAATGTGT	76.24414378112566	32.63697164412571	0.0	0.0	29.405447498351432	0.0	1.2405122347793913	0.0	17.85516327700817	0.0	6.409292640109563	0.0	21.62556867876741	0.0	82.00681712927454	0.0	0.0	0.0	15.93172819577348	0.0	0.0	0.0	0.0	0.0	0.0	0.0	0.0	0.0
GSM4138110_HNSCC_1_PBMC_GTTCATTGTAGCTGCC	96.65146645421422	66.41046366832123	115.08567851581537	77.13436001957666	0.0	28.048537034215045	0.0	0.0	0.0	0.0	0.0	0.0	0.0	0.0	0.0	68.49125683752199	0.0	0.0	0.0	0.0	0.0	0.0	24.4788776009904	0.0	3.3455630241974803	0.0	0.0	0.0
GSM4138110_HNSCC_1_PBMC_GTTCATTTCCGCGGTA	98.30792049932609	69.00967996611793	0.0	0.0	64.7218252478004	0.0	0.0	0.0	0.0	0.0	0.0	86.2886551715158	34.89201225701514	0.0	9.062770014156717	35.672055447496604	0.0	0.0	0.0	0.0	0.0	12.221947954734906	0.0	0.0	0.0	0.0	0.0	0.0
GSM4138110_HNSCC_1_PBMC_GTTCTCGCACTATCTT	84.03303292820027	67.71980410125832	44.141065588555506	45.595109001740646	0.0	12.29989886482672	68.35976447565575	0.0	0.0	0.0	0.0	0.0	4.605504795118695	0.0	0.0	0.0	0.0	0.0	0.0	0.0	0.0	0.0	0.0	0.0	0.0	0.0	0.0	0.0
GSM4138110_HNSCC_1_PBMC_GTTCTCGTCAGAGACG	112.12804697432395	46.51612658134091	46.76264390757723	0.0	76.91193898616254	8.061442502082542	0.0	0.0	0.0	0.0	16.308223666054488	0.0	9.202064265282681	0.0	50.69751467969212	0.0	0.0	0.0	0.0	0.0	0.0	0.0	0.0	0.0	0.0	0.0	0.0	0.0
GSM4138110_HNSCC_1_PBMC_TAAGCGTAGGTGCTTT	177.52181500270055	108.43914102846387	121.51921312198454	172.0156853698572	0.0	36.141444560105604	0.0	0.0	0.0	0.0	0.0	0.0	0.0	0.0	89.88421495991923	0.0	0.0	0.0	0.0	0.0	0.0	0.0	0.0	0.0	0.0	0.0	0.0	0.0
GSM4138110_HNSCC_1_PBMC_TACAGTGGTCATCGGC	128.59670328620925	80.4642569449451	119.59824130987656	101.73790666007297	0.0	45.01862659540838	56.933427998895844	0.0	0.0	0.0	0.0	0.0	7.467239976777145	0.0	0.0	0.0	0.0	0.0	0.0	0.0	0.0	0.0	0.0	0.0	0.0	0.0	0.0	0.0
GSM4138110_HNSCC_1_PBMC_TACCTTATCACGATGT	85.25295154660947	115.84661868794228	27.634998497282528	36.78182255419757	0.0	0.0	64.66673848819615	0.0	48.20859267068972	0.0	0.0	0.0	45.185610510609195	0.0	0.0	0.0	34.587885309774606	0.0	0.0	25.031562495463703	0.0	0.0	0.0	0.0	0.0	0.0	0.0	0.0
GSM4138110_HNSCC_1_PBMC_TACGGATTCTAACTTC	131.52491152369151	32.7715277675814	12.413950698397535	0.0	63.09990259507359	0.0	0.0	0.0	0.0	0.0	0.0	7.742119138433804	18.39109596193315	0.0	0.0	32.71002065006487	0.0	0.0	30.649789304768795	0.0	0.0	0.0	0.0	0.0	0.0	0.0	0.0	0.0
GSM4138110_HNSCC_1_PBMC_TACTTGTAGTCATCCA	109.36536679704825	36.435319494640254	0.0	104.07558536735795	0.0	30.034153198553685	0.0	43.31042564946746	0.0	0.0	0.0	81.67180908535249	0.0	0.0	0.0	0.0	0.0	0.0	0.0	0.0	0.0	0.0	0.0	0.0	0.0	0.0	0.0	0.0
GSM4138110_HNSCC_1_PBMC_TACTTGTTCAGAGCTT	99.09133744435155	57.13453481575093	0.0	0.0	38.43764442198043	0.0	135.89659144630699	0.0	0.0	0.0	0.0	0.0	22.79646732324531	98.75737535181389	0.0	0.0	0.0	0.0	0.0	0.0	0.0	0.0	0.0	0.0	0.0	0.0	0.0	0.0
GSM4138110_HNSCC_1_PBMC_TAGACCAGTCCGAGTC	89.24908732038334	72.35972422699756	0.0	26.404563242601043	66.13104252339765	21.631328931397697	0.0	52.49905903581599	0.0	0.0	0.0	0.0	0.0	84.37479392641902	0.0	0.0	0.0	0.0	0.0	0.0	0.0	0.0	0.0	0.0	0.0	0.0	0.0	0.0
GSM4138110_HNSCC_1_PBMC_TAGAGCTGTTCCCTTG	78.50895833109392	44.1123466495208	58.505811570909664	0.0	0.0	81.64564186138006	22.539745223766104	0.0	0.0	0.0	51.587219126160626	0.0	0.0	0.0	0.0	0.0	0.0	0.0	0.0	0.0	0.0	0.0	0.0	35.88411127251401	0.0	0.0	0.0	0.0
GSM4138110_HNSCC_1_PBMC_TATCTCACACGGCGTT	99.4891623557534	83.13875134045185	0.0	0.0	38.65020888542939	29.86619408353772	0.0	86.87695905005094	0.0	0.0	0.0	39.632852317798374	0.0	28.97598308802216	0.0	0.0	0.0	0.0	3.786599137573454	0.0	0.0	0.0	0.0	0.0	0.0	0.0	0.0	0.0
GSM4138110_HNSCC_1_PBMC_TATCTCATCAACGGGA	141.849500527572	79.53156293925171	0.0	0.0	0.0	26.943439812576703	56.79933039132155	0.0	0.0	0.0	60.52979512078438	109.42133574614478	0.0	0.0	0.0	0.0	0.0	0.0	0.0	0.0	0.0	0.0	0.0	0.0	0.0	0.0	0.0	0.0
GSM4138110_HNSCC_1_PBMC_TCACGAATCTGTCCGT	120.65204174678456	58.9076782115534	0.0	0.0	0.0	41.721816715067824	0.0	32.53748756963275	87.83873236288889	0.0	0.0	6.191638756030741	0.0	0.0	0.0	0.0	67.18398837981101	0.0	0.0	0.0	0.0	0.0	0.0	0.0	13.615266628136913	0.0	0.0	0.0
GSM4138110_HNSCC_1_PBMC_TCAGATGTCCGCGTTT	79.70514147192856	77.11663344979787	0.0	0.0	65.79774145813698	29.612369957161643	22.138120853166193	0.0	0.0	0.0	0.0	0.0	0.0	53.25500685047507	0.0	0.0	0.0	0.0	0.0	0.0	0.0	0.0	0.0	18.990762341970246	0.0	0.0	0.0	0.0
GSM4138110_HNSCC_1_PBMC_TCAGCAAAGGCGCTCT	51.11954334591934	149.33189639891106	29.40501194420177	0.0	17.765989715035108	11.828805789971453	0.0	0.0	0.0	0.0	0.0	31.143776785064876	0.0	0.0	17.650992504900547	0.0	0.0	0.0	0.0	0.0	0.0	0.0	0.0	0.0	0.0	0.0	0.0	0.0
GSM4138110_HNSCC_1_PBMC_TCATTACAGCGCTCCA	155.81237606723434	47.71155375785325	0.0	41.644694040848414	0.0	15.906119394685886	58.417567317901444	0.0	0.0	0.0	0.0	0.0	0.0	14.883459492477595	0.0	0.0	0.0	0.0	68.41037042800134	0.0	0.0	0.0	0.0	0.0	0.0	0.0	0.0	0.0
GSM4138110_HNSCC_1_PBMC_TCCCGATAGTGGAGAA	57.28065678977577	61.8079104149646	56.91523178921059	22.588745986665767	0.0	21.96669217707249	0.0	0.0	0.0	0.0	0.0	0.0	0.0	0.0	0.0	0.0	0.0	0.0	0.0	0.0	0.0	0.0	0.0	0.0	18.43738134504294	0.0	0.0	0.0
GSM4138110_HNSCC_1_PBMC_TCGCGAGGTAGCACGA	108.29625347236332	99.42004669128946	0.0	9.896104623931002	0.0	33.86576937022571	69.52242140391432	0.0	0.0	101.17379287622448	0.0	103.46038278949531	0.0	0.0	0.0	0.0	0.0	0.0	0.0	0.0	0.0	0.0	0.0	0.0	0.0	0.0	0.0	0.0
GSM4138110_HNSCC_1_PBMC_TCGGGACTCAACGAAA	77.10418064104024	83.18499179094871	71.14549911666377	0.0	19.84914753193172	0.0	17.177584880664924	0.0	0.0	0.0	54.43958389546127	0.0	17.945720549823708	0.0	0.5673400287234824	0.0	0.0	0.0	0.0	0.0	0.0	0.0	0.0	0.0	0.0	0.0	0.0	0.0
GSM4138110_HNSCC_1_PBMC_TCGGGACTCGAGAGCA	118.641463646831	122.12459693058652	103.25521699787431	0.0	13.184841565803954	18.482043477761966	48.393060259698636	0.0	0.0	0.0	59.47668033512587	0.0	0.0	0.0	0.0	0.0	0.0	0.0	0.0	0.0	0.0	0.0	0.0	94.97381518593727	0.0	0.0	0.0	0.0
GSM4138110_HNSCC_1_PBMC_TCGGTAATCACTCTTA	66.07268199935662	70.74342706002196	96.64187779497274	0.0	34.84271754968395	0.0	0.0	44.730348327812685	0.0	0.0	10.82712347972993	0.0	20.1126925891329	0.0	0.0	0.0	0.0	0.0	0.0	0.0	0.0	0.0	0.0	0.0	0.0	0.0	0.0	0.0
GSM4138110_HNSCC_1_PBMC_TCGTACCTCCGCAAGC	138.9697245748408	247.67118122381314	0.0	98.39602910285728	0.0	25.782386573219824	0.0	185.80751071944584	0.0	0.0	0.0	0.0	0.0	58.30114727008465	0.0	0.0	0.0	60.82545265161609	0.0	0.0	0.0	0.0	0.0	0.0	0.0	0.0	0.0	0.0
GSM4138110_HNSCC_1_PBMC_TCGTACCTCTGCCCTA	172.20126193405343	114.5460522875411	152.6890261444922	0.0	0.0	0.0	0.0	9.093650868840083	0.0	142.71530806624318	34.04245830550413	0.0	68.05177192318699	0.0	0.0	27.13177023717408	0.0	0.0	0.0	0.0	0.0	0.0	0.0	0.0	27.199649396845224	0.0	0.0	0.0
GSM4138110_HNSCC_1_PBMC_TCTATTGGTCTAAAGA	69.89244339659466	53.422196996914344	0.0	0.0	71.03289386132283	66.43248810328753	0.0	35.6712061073691	77.05766832386091	0.0	0.0	0.0	0.0	0.0	0.0	0.0	0.0	0.0	0.0	0.0	0.0	0.0	0.0	0.0	0.0	0.0	0.0	0.0
GSM4138110_HNSCC_1_PBMC_TCTATTGGTTGGTTTG	119.15205777900513	49.652912145676844	35.350456677387285	67.8819573915253	0.0	22.3575407977889	0.0	0.0	30.978279340523223	0.0	0.0	0.0	0.0	0.0	0.0	0.0	0.0	0.0	0.0	0.0	0.0	0.0	0.0	44.13760977757106	0.0	0.0	0.0	0.0
GSM4138110_HNSCC_1_PBMC_TCTATTGTCTGCAGTA	87.22251914358901	42.35110424594354	29.369830171555485	37.02525541981142	0.0	12.811266038353779	0.0	0.0	0.0	0.0	0.0	0.0	0.0	0.0	0.0	0.0	0.0	0.0	0.0	0.0	0.0	0.0	0.0	0.0	55.015023086513445	0.0	0.0	0.0
GSM4138110_HNSCC_1_PBMC_TCTGAGACAGATAATG	102.47795663914174	83.85033791480691	96.81870506286134	5.470621138691453	23.50166449893667	27.176825190430613	0.0	92.1491761951445	0.0	54.26809706302037	10.860511865783607	0.0	0.0	0.0	0.0	0.0	0.0	0.0	0.0	0.0	0.0	0.0	0.0	0.0	0.0	0.0	0.0	0.0
GSM4138110_HNSCC_1_PBMC_TCTGAGAGTAAGAGAG	103.57846061563188	63.899772284447046	59.45694659677782	67.18782610063244	0.0	12.154194238192273	0.0	0.0	0.0	0.0	0.0	0.0	0.0	0.0	0.0	0.0	0.0	0.0	0.0	0.0	0.0	0.0	53.98567335054524	0.0	0.0	0.0	0.0	0.0
GSM4138110_HNSCC_1_PBMC_TCTGAGATCCTTTCTC	83.48658601124995	59.258585306392966	100.03016837759357	65.47436025044775	0.0	21.87810084829307	30.521344369112118	0.0	0.0	0.0	0.0	0.0	0.0	0.0	17.997043791527666	0.0	0.0	0.0	0.0	0.0	0.0	0.0	0.0	0.0	0.0	0.0	0.0	0.0
GSM4138110_HNSCC_1_PBMC_TCTGGAATCTCAAACG	76.0805071711637	57.7285781419339	106.09885691406554	49.04206584008843	0.0	28.27071886439267	0.0	0.7788468664283894	0.0	0.0	0.0	0.0	0.0	0.0	0.0	0.0	0.0	0.0	0.0	0.0	0.0	15.223112285060292	0.0	26.794773194095505	0.0	0.0	0.0	0.0
GSM4138110_HNSCC_1_PBMC_TCTTTCCAGTGGGCTA	76.58612915924819	60.68564861551581	98.92417397604798	0.0	0.0	31.031489129697455	18.289287317687556	3.2265040210249416	0.0	0.0	66.5510347639331	0.0	0.0	0.0	0.0	0.0	0.9616913965806096	0.0	0.0	0.0	0.0	0.0	0.0	0.0	0.0	0.0	20.79139310956624	0.0
GSM4138110_HNSCC_1_PBMC_TGAAAGACACTTCGAA	47.599231792087366	24.195972191798877	0.0	16.425279706413196	0.0	0.0	0.0	0.0	16.94637119904161	0.0	0.0	0.0	17.533229698115072	0.0	51.46073680735454	7.117779026720404	0.0	0.0	51.010704870921266	0.0	0.0	0.0	0.0	0.0	0.0	0.0	0.0	0.0
GSM4138110_HNSCC_1_PBMC_TGACAACGTTAAGGGC	102.60033193112154	110.13541452727029	101.68629663923056	93.45181279290412	0.0	48.93368780985964	0.0	0.0	0.0	0.0	0.0	0.0	0.0	0.0	65.45950175907251	0.0	0.0	0.0	0.0	0.0	0.0	0.0	0.0	0.0	0.0	0.0	0.0	0.0
GSM4138110_HNSCC_1_PBMC_TGACGGCAGCGCCTTG	86.15062100164492	39.45979228314303	0.0	0.0	0.0	0.0	0.0	0.0	151.71077776975687	23.57866827927916	22.243192692140305	0.0	46.856109183156285	0.0	0.0	40.36460920557987	34.47938210889865	0.0	0.0	0.0	0.0	0.0	0.0	0.0	0.0	0.0	0.0	0.0
GSM4138110_HNSCC_1_PBMC_TGACGGCGTTACGACT	104.75244725880115	54.41388141347732	61.202272444484706	0.0	0.0	20.062115183468666	0.0	0.0	0.0	0.0	58.89367212417696	0.0	0.0	0.0	46.82454806987394	0.0	0.0	0.0	0.0	0.0	0.0	0.0	0.0	0.0	0.0	0.0	0.0	0.0
GSM4138110_HNSCC_1_PBMC_TGACGGCTCGGTTCGG	109.4643057207266	78.17775616116276	56.4537615954384	0.0	0.0	0.0	2.8853877798940193	0.0	0.0	0.0	0.0	0.0	27.696617269370797	0.0	62.607505875553976	0.0	0.0	0.0	0.0	89.15579542016516	0.0	0.0	0.0	0.0	0.0	0.0	0.0	0.0
GSM4138110_HNSCC_1_PBMC_TGACTAGAGAACTGTA	38.515499416099395	38.14825716001726	0.0	0.0	0.0	0.0	46.063650058571895	0.0	71.82639032796718	0.0	4.321146966800468	0.0	11.414404551333535	0.0	0.0	0.0	0.0	0.0	0.0	0.0	0.0	0.0	0.0	0.0	0.0	0.0	0.0	0.0
GSM4138110_HNSCC_1_PBMC_TGAGCATGTATTCTCT	208.2657524148155	230.5886497232925	149.33899442508837	0.0	0.0	0.0	0.0	0.0	0.0	0.0	0.0	0.0	76.42545783701311	0.0	0.0	80.41928910369616	0.0	0.0	0.0	144.25340742654453	0.0	0.0	0.0	0.0	0.0	0.0	0.0	0.0
GSM4138110_HNSCC_1_PBMC_TGCACCTTCCAGGGCT	177.81886052301232	78.45462408025547	0.0	163.32387520539314	0.0	29.175958579853138	40.02572739849742	12.390780434269509	0.0	0.0	0.0	0.0	0.0	0.0	1.4121996184903423	0.0	0.0	102.5064380149713	0.0	0.0	0.0	0.0	0.0	0.0	0.0	0.0	0.0	0.0
GSM4138110_HNSCC_1_PBMC_TGCCAAATCGCGGATC	119.79643599675286	44.23034712069541	84.10454298139061	0.0	0.0	57.08114833389761	25.20041802510302	0.0	0.0	0.0	0.0	0.0	0.0	0.0	0.0	0.0	63.44588293893914	0.0	0.0	26.694949351919526	0.0	0.0	0.0	0.0	0.0	0.0	0.0	0.0
GSM4138110_HNSCC_1_PBMC_TGCCAAATCTTCCTTC	50.96679197131298	56.380136332288394	0.0	0.0	0.0	15.964515807560048	47.325597694989824	0.0	0.0	85.29898081229958	0.0	0.0	0.0	7.736000095445248	0.0	0.0	0.0	40.43966366088637	0.0	0.0	0.0	0.0	0.0	0.0	0.0	0.0	0.0	0.0
GSM4138110_HNSCC_1_PBMC_TGCCCATGTGGTCCGT	80.69303103460233	65.76503260828493	0.0	49.67526350009078	0.0	0.0	0.0	58.46580751229425	0.0	0.0	0.0	53.92067486124657	11.038627781531003	0.0	0.0	0.0	0.0	0.0	0.0	0.0	0.0	0.0	0.0	0.0	0.0	0.0	0.0	0.0
GSM4138110_HNSCC_1_PBMC_TGCCCTACAAAGCAAT	97.61713075321302	69.66212257509086	0.0	0.0	0.0	34.52496960503609	0.0	52.897819095335066	0.0	0.0	8.836764924960747	0.0	0.0	85.89154506646432	21.682716021690187	0.0	47.452149572101156	0.0	0.0	0.0	0.0	0.0	0.0	0.0	0.0	0.0	0.0	0.0
GSM4138110_HNSCC_1_PBMC_TGCCCTAGTGTCGCTG	83.24343696766044	82.3470217424841	0.0	0.0	0.0	15.457495933655617	0.0	0.0	0.0	48.21536905926113	0.0	0.0	0.0	0.0	0.0	0.0	0.0	128.21083569502116	0.0	0.0	0.0	0.0	0.0	0.0	0.0	0.0	17.2243086556034	0.0
GSM4138110_HNSCC_1_PBMC_TGCGCAGAGGGCATGT	187.18100935499433	163.44231779254198	0.0	0.0	0.0	0.0	0.0	0.0	113.04682431501641	0.0	94.88200111504072	0.0	69.92433218947076	0.0	0.0	0.0	0.0	0.0	0.0	0.0	0.0	0.0	0.0	143.2212179633024	0.0	0.0	0.0	0.0
GSM4138110_HNSCC_1_PBMC_TGCTACCCACTACAGT	118.33917827344627	107.76814768396406	0.0	0.0	59.582460547224755	55.085447908982744	0.0	66.49138242316772	0.0	0.0	12.36849745295534	0.0	0.0	0.0	0.0	0.0	0.0	73.88214282717401	0.0	0.0	0.0	0.0	0.0	0.0	0.0	0.0	0.0	0.0
GSM4138110_HNSCC_1_PBMC_TGCTACCCATTACGAC	86.65981709585354	64.52938507295562	0.0	41.06132977274593	0.0	23.27145377863412	0.0	37.06816446192411	0.0	0.0	0.0	49.70909939531068	0.0	0.0	0.0	0.0	0.0	0.0	0.0	0.0	0.0	0.0	0.0	0.0	0.0	0.0	0.0	0.0
GSM4138110_HNSCC_1_PBMC_TGCTACCTCAACCAAC	71.283569412222	122.2964986761963	0.0	0.0	27.778643701211102	11.065975547979514	57.64075224629093	0.0	0.0	0.0	8.307605681778016	0.0	6.95096957317194	33.83078275572624	0.0	0.0	0.0	0.0	0.0	0.0	0.0	0.0	0.0	3.439197980217477	0.0	0.0	0.0	0.0
GSM4138110_HNSCC_1_PBMC_TGGACGCGTCATACTG	138.89995162259336	102.8046129525067	14.18761575447159	0.0	4.857345162057315	8.801928416210284	0.0	22.22937345515472	0.0	0.0	66.13201600323312	0.0	11.94582561905191	69.32587247764509	0.0	0.0	0.0	0.0	0.0	0.0	0.0	0.0	0.0	0.0	0.0	0.0	60.02627025940455	0.0
GSM4138110_HNSCC_1_PBMC_TGGCCAGTCCTTAATC	143.39499454176573	73.50661945566993	0.0	0.0	125.44304018454467	107.68535939057924	37.094869015012556	0.0	0.0	0.0	0.0	49.45932197121041	0.0	0.0	0.0	0.0	0.0	0.0	0.0	0.0	0.0	0.0	0.0	0.0	0.0	0.0	0.0	0.0
GSM4138110_HNSCC_1_PBMC_TGGCTGGCAGTCGATT	170.3131110985369	194.21825481491484	95.4914005016843	0.0	143.49004039137031	0.0	0.0	0.0	0.0	0.0	0.0	0.0	50.052707905145034	0.0	62.91961101998044	0.4551636044659767	0.0	0.0	0.0	0.0	0.0	0.0	0.0	0.0	0.0	0.0	0.0	0.0
GSM4138110_HNSCC_1_PBMC_TGGGAAGCAATGGAGC	93.18983382789986	23.232935143433735	0.0	0.0	0.0	15.159680333939766	0.0	0.0	0.0	0.0	0.0	45.50027368670045	0.0	0.0	0.0	0.0	0.0	0.0	0.0	47.87903748928529	0.0	0.0	35.311147535743174	0.0	0.0	0.0	0.0	0.0
GSM4138110_HNSCC_1_PBMC_TGGGCGTAGGGAGTAA	85.38628768156867	94.70666592738453	3.505140490481963	0.0	49.22180781151949	0.0	25.753984562328245	0.0	0.0	0.0	0.0	49.99250332340584	29.597903642115078	0.0	0.0	0.0	0.0	0.0	0.0	0.0	0.0	0.0	0.0	0.0	0.0	0.0	0.0	0.0
GSM4138110_HNSCC_1_PBMC_TGGGCGTGTTCGCGAC	122.15994076528344	79.27290886019685	0.0	26.188859908776966	0.0	9.516613040099744	0.0	22.348880266130266	14.495821504147502	0.0	22.055931923299454	0.0	12.783857613680437	0.0	5.097364708123647	0.0	0.0	0.0	16.911760612737005	0.0	0.0	0.0	0.0	0.0	0.0	0.0	0.0	0.0
GSM4138110_HNSCC_1_PBMC_TGGGCGTTCAACTCTT	9.89459224963294	34.154777603353864	93.14284946549753	0.0	0.0	0.0	45.766118013106315	0.0	0.0	0.0	30.279979134072335	0.0	20.839074122007652	0.0	51.758270712203924	0.0	0.0	0.0	0.0	0.0	0.0	0.0	0.0	0.0	0.0	0.0	0.0	0.0
GSM4138110_HNSCC_1_PBMC_TGGTTAGGTAGAAAGG	75.66749396234631	44.35546795411428	0.0	0.0	39.014092199551015	0.0	0.0	0.0	0.0	0.0	30.615432459238583	0.0	12.103682086446518	17.260241953829965	0.0	39.11985981224909	0.0	0.0	25.945638924546955	0.0	0.0	0.0	0.0	0.0	0.0	0.0	0.0	0.0
GSM4138110_HNSCC_1_PBMC_TGGTTAGTCGTCCGTT	152.51627305405665	104.21013678668382	79.25901592220339	39.11062767687539	0.0	54.465200720537524	0.0	0.0	0.0	0.0	0.0	0.0	0.0	0.0	0.0	49.96504691470931	0.0	0.0	0.0	33.746604016320084	0.0	0.0	0.0	0.0	0.0	0.0	0.0	0.0
GSM4138110_HNSCC_1_PBMC_TTAACTCGTGTTCTTT	47.988907651042624	29.47249686993683	58.07744703882121	36.65726252603277	0.0	0.0	33.210438243062946	0.0	42.1132496629921	0.0	0.0	0.0	24.270315552960938	0.0	0.0	0.0	0.0	0.0	0.0	0.0	0.0	0.0	11.757251913950249	0.0	0.0	0.0	21.647348579247954	3.27637936881206
GSM4138110_HNSCC_1_PBMC_TTAACTCGTTAGTGGG	180.99385015783562	82.3031367476231	0.0	101.94614574427351	0.0	0.0	52.3506367551622	0.0	103.48418513526806	0.0	0.0	0.0	23.85039938901804	0.0	0.0	0.0	0.0	0.0	0.0	0.0	0.0	0.0	0.0	0.0	0.0	0.0	0.0	0.0
GSM4138110_HNSCC_1_PBMC_TTAGGCATCATGTCCC	67.11296084948597	43.617533104931425	50.54613333797697	50.05944798628204	0.0	32.882292473251475	0.0	0.0	0.0	0.0	0.0	0.0	0.0	0.0	0.0	36.35835329935373	0.0	0.0	0.0	0.0	0.0	0.0	0.0	0.0	0.0	0.0	0.0	0.0
GSM4138110_HNSCC_1_PBMC_TTCTACAGTTGTGGAG	24.930820862580013	26.9056949776921	0.0	0.0	0.0	12.983355685136685	0.0	0.0	0.0	0.0	147.48570742325896	0.0	0.0	34.61951873447782	0.0	0.0	0.0	0.0	0.0	0.0	0.0	0.0	24.515887689814914	0.0	13.908292301479412	0.0	0.0	0.0
GSM4138110_HNSCC_1_PBMC_TTCTCAATCCTCTAGC	110.99483467070621	72.77473813450234	0.0	0.0	66.20627868698347	25.937940357931183	0.0	0.0	0.0	0.0	0.0	0.0	1.8743355236323211	46.338790179363706	0.0	58.801515368106074	0.0	65.4534832057309	0.0	0.0	0.0	0.0	0.0	0.0	0.0	0.0	0.0	0.0
GSM4138110_HNSCC_1_PBMC_TTCTCCTTCCCGACTT	59.29681243191514	80.12297546444142	25.84378849599586	53.647251431058145	0.0	36.759324627662856	0.0	0.0	0.0	0.0	0.0	0.0	0.0	0.0	0.0	0.0	0.0	0.0	0.0	0.0	0.0	13.00381021527616	0.0	0.0	0.0	0.0	23.40578814243909	0.0
GSM4138110_HNSCC_1_PBMC_TTGACTTCATGGAATA	87.40492355622136	53.76754458047511	71.08821229472356	0.0	7.867896623416671	15.918811480470831	0.0	58.97048052055721	0.0	0.0	69.1503509604213	0.0	0.0	0.0	0.0	0.0	0.0	0.0	0.0	0.0	0.0	0.0	0.0	0.0	0.0	0.0	0.0	0.0
GSM4138110_HNSCC_1_PBMC_TTGACTTTCAGGTAAA	106.53977337723792	87.84711332159739	0.0	4.898592592065942	0.0	16.757511340824838	0.0	42.988508518864144	0.0	29.610482330891298	0.0	0.0	0.0	60.501535261730794	0.0	0.0	0.0	0.0	0.0	18.51450723630349	0.0	0.0	0.0	14.631768461441288	0.0	3.6131806249064264	0.0	0.0
GSM4138110_HNSCC_1_PBMC_TTGTAGGCAGCGTTCG	52.997465558026015	24.87674918685527	0.0	37.96594695696292	0.0	12.04584417615643	0.0	62.15204515521923	0.0	0.0	0.0	0.0	0.0	0.0	0.0	0.0	0.0	0.0	27.588469350591975	0.0	0.0	0.0	0.0	0.0	0.0	0.0	0.0	0.0
GSM4138110_HNSCC_1_PBMC_TTTACTGGTTCTGGTA	49.859268628573005	53.685742222802205	26.64838306751467	0.0	0.0	6.765717720197234	38.11831313525718	0.0	0.0	24.294342270506952	0.0	0.0	0.0	0.0	0.0	0.0	0.0	0.0	0.0	30.304316444737765	0.0	0.0	0.0	0.0	0.0	0.0	0.0	0.0
GSM4138110_HNSCC_1_PBMC_TTTATGCGTTTGTGTG	53.78125130178583	46.17560859483621	0.0	48.42826616953332	0.0	17.21703030242072	25.201082639795285	0.0	0.0	0.0	0.0	0.0	0.0	0.0	0.0	0.0	0.0	60.18244933972208	0.0	0.0	0.0	0.0	0.0	0.0	0.0	0.0	0.0	0.0
GSM4138110_HNSCC_1_PBMC_TTTCCTCCAGATCCAT	113.46822138609507	59.44556594482515	0.0	38.89573933748798	20.234262447694732	15.92518374903259	0.0	69.63222249034294	0.0	0.0	0.0	0.0	0.0	52.562461255454565	0.0	0.0	0.0	0.0	0.0	0.0	0.0	0.0	0.0	0.0	0.0	0.0	0.0	0.0
GSM4138110_HNSCC_1_PBMC_TTTCCTCGTTCGCGAC	122.75774264625277	65.86572095072026	0.0	115.68305808203445	0.0	0.0	51.12420583844924	0.0	0.0	0.0	0.0	0.0	22.76430731067226	123.22387425032706	0.0	0.0	0.0	0.0	0.0	0.0	0.0	0.0	0.0	0.0	0.0	0.0	0.0	0.0
GSM4138110_HNSCC_1_PBMC_TTTGCGCCACGAAATA	86.17596857850556	65.05022051635082	58.639564012098546	0.0	48.69059351323108	0.0	84.47621287466254	0.0	0.0	0.0	0.0	0.0	26.663440594454194	0.0	0.0	0.0	0.0	0.0	0.0	0.0	0.0	0.0	0.0	3.1195837204628694	0.0	0.0	0.0	0.0
GSM4138110_HNSCC_1_PBMC_TTTGCGCGTTTCCACC	28.59272357372437	77.03079497621553	83.51021684529374	0.0	15.77121972751114	0.0	0.0	0.0	0.0	0.0	49.09864135232374	0.0	20.9837406647056	0.0	0.0	55.080524231113365	0.0	0.0	0.0	0.0	0.0	0.0	0.0	0.0	0.0	0.0	0.0	0.0
GSM4138110_HNSCC_1_PBMC_TTTGGTTAGAATTGTG	80.4002643907231	68.2604832622098	71.9640465270871	67.54628470210902	0.0	73.3318153202198	0.0	16.703312575987507	0.0	0.0	0.0	0.0	0.0	0.0	11.943461245847763	3.000221899353601	0.0	0.0	0.0	0.0	0.0	0.0	0.0	0.0	0.0	0.0	0.0	0.0
GSM4138110_HNSCC_1_PBMC_TTTGGTTAGAGCAATT	79.65763312675553	99.52038297671255	120.06282272113647	0.0	56.811872138535946	0.0	73.52580258010147	0.0	0.0	0.0	0.0	0.0	22.015520985677437	0.0	0.0	0.0	0.0	0.0	0.0	0.0	0.0	0.0	0.0	0.0	0.0	0.0	0.0	0.0
GSM4138110_HNSCC_1_PBMC_TTTGGTTGTCCGTGAC	101.33908318267284	79.42340353889041	0.0	65.08558602495064	0.0	2.306941029187373	30.077170600078865	0.0	38.846133920488356	0.0	0.0	0.0	33.823012416102614	0.0	0.0	0.0	0.0	0.0	0.0	0.0	0.0	0.0	0.0	30.832764063149707	0.0	0.0	0.0	9.742098567091283
GSM4138110_HNSCC_1_PBMC_TTTGTCAAGTACGATA	125.54591916940673	93.56128862266836	74.1650160924328	0.0	0.0	0.0	0.0	0.0	0.0	83.73554164724048	0.0	0.0	56.699826009735325	0.0	37.426141746039185	24.799862181666665	0.0	0.0	0.0	0.0	0.0	0.0	0.0	0.0	0.0	0.0	0.0	0.0
GSM4138110_HNSCC_1_PBMC_TTTGTCATCAGGCAAG	59.70913955548473	87.01219021062595	108.08366681391222	51.425589301960265	0.0	22.59184658951643	5.022770547305758	55.40117962016482	0.0	0.0	0.0	0.0	0.0	0.0	0.0	0.0	0.0	0.0	0.0	0.0	0.0	0.0	0.0	0.0	0.0	0.0	0.0	0.0
GSM4138110_HNSCC_1_PBMC_TTTGTCATCGCGTAGC	71.73192605212601	104.88174636445176	0.0	0.0	0.0	0.0	41.20318340786015	0.0	0.0	49.28410493067408	0.0	0.0	12.836218796898635	46.99474530837482	0.0	0.0	0.0	0.0	0.0	0.0	0.0	0.0	0.0	0.0	0.0	0.0	0.0	0.0
GSM4138110_HNSCC_1_PBMC_ACGGAGAAGCAGGCTA	106.319130290932	99.14511151097484	0.0	0.0	0.0	37.904848605970805	36.00210208235502	0.0	43.82482603478619	38.94319267625878	0.0	0.0	0.0	0.0	0.0	0.0	0.0	0.0	0.0	0.0	0.0	0.0	0.0	41.71962693379605	0.0	0.0	0.0	0.0
GSM4138110_HNSCC_1_PBMC_ACTATCTGTCGAGTTT	147.31731043154048	122.32954379354568	0.0	0.0	16.366140255774383	0.0	87.69771228968222	0.0	0.0	62.030842032854856	16.181766150835756	92.36940555260446	39.75316077668673	0.0	0.0	0.0	0.0	0.0	0.0	0.0	0.0	0.0	0.0	0.0	0.0	0.0	0.0	0.0
GSM4138110_HNSCC_1_PBMC_CAGTCCTGTAGAAGGA	107.43743576604555	64.02371432632391	0.0	44.98281976781695	0.0	0.0	0.0	0.0	0.0	11.299852882895744	0.0	78.34137654502425	33.62144290336147	0.0	0.0	60.60775508445988	0.0	0.0	0.0	10.068251222580313	0.0	0.0	0.0	0.0	0.0	0.0	0.0	0.0
GSM4138110_HNSCC_1_PBMC_CGATGTATCGGTCTAA	88.40303331735012	88.20281738274323	0.0	0.0	0.0	0.0	0.0	0.0	0.0	76.9617859326094	0.0	0.0	22.023217362365504	41.62307350469889	34.50472847174433	0.0	0.0	0.0	0.0	0.0	0.0	0.0	0.0	0.0	0.0	0.0	0.0	0.0
GSM4138110_HNSCC_1_PBMC_GACCTGGTCGCCAAAT	106.79378273084684	82.19924661231782	20.36809293141867	0.0	78.04407066683962	0.0	50.22521372296708	0.0	16.729271193734686	0.0	0.0	1.4166264745511372	27.58937142280395	0.0	0.0	0.0	0.0	0.0	46.05462668461125	0.0	0.0	0.0	0.0	0.0	0.0	0.0	0.0	0.0
GSM4138110_HNSCC_1_PBMC_TACGGTACATGGTCAT	168.23299517535665	135.74361980371745	0.0	0.0	115.38575294647453	27.93915042648391	117.18637957551329	0.0	0.0	0.0	0.0	0.0	0.0	41.74721603270092	0.0	0.0	0.0	0.0	76.38196115253258	0.0	0.0	0.0	0.0	0.0	0.0	0.0	0.0	0.0
GSM4138110_HNSCC_1_PBMC_TTAGTTCTCGCGGATC	70.78708513004416	61.84621294509538	38.693217087340805	0.0	0.0	0.0	0.0	30.68649281613329	0.0	56.434423763779115	0.0	0.0	33.359484995102285	0.0	19.477307893607986	0.0	0.0	0.0	0.0	0.0	0.0	0.0	0.0	0.0	0.0	0.0	0.0	0.0
GSM4138110_HNSCC_1_PBMC_AAAGCAACACGCGAAA	160.1052877337038	134.06524923832572	0.0	126.59630412880924	0.0	0.0	0.0	0.0	156.66856244626848	0.0	0.0	0.0	38.01550114229451	0.0	0.0	0.0	0.0	0.0	0.0	0.0	0.0	0.0	0.0	0.0	0.0	0.0	0.0	23.588631083658715
GSM4138110_HNSCC_1_PBMC_AACTTTCGTGTATGGG	86.94529366563864	64.38367395994159	0.0	32.92496636280562	0.0	0.0	0.0	0.0	0.0	0.0	0.0	16.520819172285343	10.795056824480419	7.7874687645539025	0.0	0.0	31.855651819675238	0.0	0.7256254507654768	15.949526873301497	0.0	0.0	6.5423187444132935	0.0	0.0	0.0	0.0	0.0
GSM4138110_HNSCC_1_PBMC_AAGGAGCAGGGAAACA	149.05563429193955	72.77706664764492	0.0	0.0	0.0	0.0	52.717911747377585	0.0	0.0	0.0	75.40271790221587	46.3501665554585	26.06637834228542	0.0	0.0	0.0	0.0	0.0	0.0	0.0	0.0	0.0	0.0	0.0	0.0	0.0	0.0	0.0
GSM4138110_HNSCC_1_PBMC_AATCGGTGTAATCACC	139.61063023609051	91.19377466021908	0.0	0.0	0.0	18.365373785274734	8.886035340615875	0.0	71.29498638710106	41.155292176726434	0.0	44.97015573095093	0.0	0.0	22.780165243430723	0.0	0.0	0.0	0.0	44.91845356955881	0.0	0.0	0.0	0.0	0.0	0.0	0.0	0.0
GSM4138110_HNSCC_1_PBMC_ATAACGCTCACAACGT	372.0191089495869	177.7800443467854	0.0	0.0	0.0	64.49883339693913	0.0	82.00390344867563	0.0	0.0	0.0	0.0	0.0	0.0	0.0	0.0	147.40059103497754	172.47406074385017	0.0	0.0	0.0	0.0	0.0	0.0	16.70788093247888	0.0	0.0	0.0
GSM4138110_HNSCC_1_PBMC_ATCATCTTCTGGCGAC	274.67860269910295	225.73424109164446	0.0	0.0	142.8463846061841	0.0	0.0	0.0	0.0	0.0	0.0	19.53540208305216	18.544654838958404	0.0	0.0	24.237576987126317	0.0	0.0	97.1428538663196	0.0	0.0	0.0	27.52118401005623	0.0	44.51342284894457	0.0	0.0	0.0
GSM4138110_HNSCC_1_PBMC_ATCCGAATCGTTTATC	166.72349768178665	156.43747717065702	14.09488186162781	59.16392969536899	0.0	0.0	22.01531666835421	11.717356413433963	0.0	34.56618994105367	0.0	0.0	65.07501384752625	0.0	0.0	0.0	0.0	0.0	51.27443659450055	0.0	0.0	0.0	0.0	0.0	0.0	0.0	0.0	0.0
GSM4138110_HNSCC_1_PBMC_ATGCGATTCGTGGGAA	185.19211244250312	134.85311572242486	0.0	63.94125194735258	0.0	39.142440697854006	0.0	109.93879265945158	78.7173229589507	0.0	0.0	0.0	0.0	0.0	0.0	0.0	0.0	0.0	0.0	16.705406769067043	0.0	0.0	0.0	0.0	0.0	0.0	0.0	0.0
GSM4138110_HNSCC_1_PBMC_CAAGAAATCAGGCAAG	88.0241891332411	76.8497995164349	72.08111246920514	0.0	0.0	9.346236116343597	0.0	0.0	0.0	0.0	0.0	0.0	0.0	0.0	0.0	0.0	0.0	0.0	0.0	64.12927764988247	0.0	0.0	0.0	0.0	0.0	0.0	39.919682279138605	0.0
GSM4138110_HNSCC_1_PBMC_CACAGGCCACACCGAC	224.5875656682837	261.36225792679255	0.0	106.54257852768565	0.5813079163910757	25.3593218768078	0.0	0.0	0.0	35.04887143390673	0.0	0.0	9.276597400782505	0.0	87.63813370332706	0.0	0.0	0.0	160.88941892450356	0.0	0.0	0.0	0.0	0.0	0.0	0.0	0.0	0.0
GSM4138110_HNSCC_1_PBMC_CACTCCATCTGTACGA	56.24290412168017	75.50148358224502	0.0	86.85538842020664	2.1850629809238753	0.0	0.0	11.938342476710272	0.0	0.0	0.0	47.68005832838341	32.62969952951211	0.0	0.0	0.0	0.0	0.0	0.0	0.0	0.0	0.0	0.0	0.0	0.0	0.0	0.0	0.0
GSM4138110_HNSCC_1_PBMC_CCTTCCCTCGCCTGTT	68.14349877285649	45.553435569281426	0.0	36.04745468252669	4.540473364598395	13.541202650846447	0.0	52.49022226303625	34.6277871548233	0.0	0.0	5.419560244558495	0.0	0.0	13.962020156214129	0.0	0.0	0.0	0.0	0.0	0.0	0.0	0.0	0.0	0.0	0.0	0.0	0.0
GSM4138110_HNSCC_1_PBMC_CGATTGAAGACTAAGT	182.43206581166478	117.72127032808865	0.0	93.09495863010248	1.5238879922358788	0.0	0.0	0.0	62.46774974292645	0.0	0.0	0.0	22.05485710793366	0.0	0.0	41.4311110447542	0.0	0.0	0.0	0.0	0.0	27.682153934298555	0.0	0.0	0.0	0.0	0.0	0.0
GSM4138110_HNSCC_1_PBMC_CGGACGTTCTGAGTGT	65.5600328043811	31.752301927571448	96.13039937657302	35.599751088162414	0.0	0.0	0.0	0.0	0.0	11.417378307727185	0.0	0.0	12.131308118264942	0.0	31.95621299916206	0.0	0.0	0.0	0.0	0.0	0.0	0.0	0.0	0.0	0.0	0.0	0.0	0.0
GSM4138110_HNSCC_1_PBMC_CGGGTCATCCCAACGG	82.93619666391973	63.44527073519089	52.0619196671346	0.0	0.0	13.422633192699731	0.0	0.0	0.0	0.0	0.0	0.0	0.0	0.0	0.0	0.0	0.0	0.0	0.0	54.662494105425736	0.0	0.0	0.0	9.016452903354008	0.0	0.0	0.0	0.0
GSM4138110_HNSCC_1_PBMC_CTCGAGGCATAGACTC	180.3451030479781	160.91995442711695	0.0	0.0	0.0	0.0	0.0	33.54632273684602	0.0	154.357223528494	0.0	112.90490324070254	58.717764762760865	0.0	17.894743966239194	0.0	0.0	0.0	0.0	57.91051238690592	0.0	0.0	0.0	0.0	0.0	0.0	0.0	0.0
GSM4138110_HNSCC_1_PBMC_CTCGTCACAATAAGCA	190.5511790781648	130.02161906116768	6.316860599901366	0.0	0.0	30.56132140319094	81.87627377635185	0.0	0.0	62.03495338331903	0.0	0.0	0.0	77.45397117633848	0.0	0.0	0.0	0.0	0.0	76.666254137052	0.0	0.0	0.0	0.0	0.0	0.0	0.0	0.0
GSM4138110_HNSCC_1_PBMC_CTGATCCTCTTTAGGG	183.4528899028923	92.9616672275316	91.88228003561761	0.0	20.838991159816903	14.88976256828234	37.219006325285605	0.0	0.0	31.28954989908751	0.0	0.0	38.56692508360978	0.0	0.0	0.0	33.3946017952856	0.0	0.0	8.74972767111104	0.0	0.0	0.0	0.0	0.0	0.0	0.0	0.0
GSM4138110_HNSCC_1_PBMC_CTGTGCTTCTAACGGT	132.65378215434663	106.88609251110866	81.06870586122773	0.0	65.73405108033714	43.93077925373169	0.0	90.68262522394296	0.0	0.0	0.0	0.0	0.0	0.0	0.0	0.0	0.0	0.0	0.0	0.0	0.0	0.0	0.0	0.0	0.0	3.678279418226619	0.0	0.0
GSM4138110_HNSCC_1_PBMC_CTGTGCTTCTATCGCC	140.20940203449396	93.12256625545785	0.0	0.0	0.0	21.633093452552725	0.0	6.616452850169009	0.0	123.67392348126917	0.0	51.36829701087855	0.0	28.908096443028228	28.728556012492387	0.0	0.0	25.11411224134138	0.0	0.0	0.0	0.0	0.0	0.0	0.0	0.0	0.0	0.0
GSM4138110_HNSCC_1_PBMC_GACTAACGTCGACTGC	179.21864099839289	123.75603863359028	0.0	0.0	0.0	17.141529822777667	0.0	0.0	21.36377506350895	39.01250102897314	0.0	39.919557498052804	0.0	0.0	43.55481216304061	0.0	0.0	0.0	0.0	29.711461420850938	0.0	0.0	0.0	0.0	0.0	0.0	0.0	0.0
GSM4138110_HNSCC_1_PBMC_GAGGTGATCGTCCGTT	136.18105588066814	198.28670079923862	0.0	0.0	135.6089748273526	34.90813612339858	42.759065949729575	0.0	23.199559000424497	0.0	0.0	0.0	0.0	0.0	0.0	0.0	0.0	0.0	75.03960186081132	0.0	0.0	0.0	0.0	0.0	0.0	0.0	0.0	0.0
GSM4138110_HNSCC_1_PBMC_GATCAGTAGTGTACTC	129.179157624168	89.1139670889467	105.5551854855334	0.0	0.0	0.0	0.0	53.87430354279923	0.0	118.55065150328092	0.0	0.0	33.028817309137644	0.0	0.0	0.0	0.0	0.0	0.0	0.0	0.0	0.0	0.0	0.0	0.0	0.0	0.0	0.0
GSM4138110_HNSCC_1_PBMC_GCTCTGTAGTATCTCG	0.0	0.0	0.0	0.0	0.0	0.0	0.0	0.0	0.0	3194.2576576532147	0.0	0.0	0.0	0.0	0.0	0.0	202.57868744172544	0.0	0.0	0.0	0.0	0.0	0.0	0.0	0.0	0.0	0.0	0.0
GSM4138110_HNSCC_1_PBMC_GGAACTTTCCGATATG	142.22711798496172	103.22334604115092	0.0	0.0	0.0	0.0	0.0	0.0	78.30229181320993	64.61424896816567	0.0	11.12526229317957	16.288108509635734	0.0	30.655661052431704	0.0	0.0	0.0	0.0	0.0	0.0	0.0	0.0	0.0	0.0	0.0	0.0	0.0
GSM4138110_HNSCC_1_PBMC_GGACAGAAGCCATCGC	176.73495751237613	96.78364648444693	96.91481712701527	86.72205078254052	0.0	4.241799087559388	0.0	0.0	0.0	0.0	0.0	0.0	36.850457223463614	0.0	78.64835439078809	0.0	0.0	9.574606994182863	0.0	0.0	0.0	0.0	0.0	0.0	0.0	0.0	0.0	0.0
GSM4138110_HNSCC_1_PBMC_GGATGTTGTGCAGTAG	163.44660062933272	101.6651701631424	33.911099910542205	0.0	0.0	19.741126597493714	47.44383734434703	0.0	0.0	0.0	89.90383653596739	0.0	0.0	30.745447863244475	0.0	0.0	0.0	0.0	0.0	0.0	0.0	0.0	0.0	0.0	0.0	0.0	0.0	0.0
GSM4138110_HNSCC_1_PBMC_GTAACTGCAGCTGTTA	119.82887396170634	102.25668014672489	0.0	68.69296023147957	0.0	0.0	0.0	17.959847421209364	0.0	0.0	0.0	0.0	46.198338434486125	81.74253156831284	25.447160522843586	0.0	0.0	0.0	0.0	0.0	0.0	0.0	0.0	0.0	0.0	0.0	0.0	0.0
GSM4138110_HNSCC_1_PBMC_GTATTCTAGTAATCCC	258.8082749311407	160.48219640562237	95.5598626773892	0.0	0.0	24.128232433118555	0.0	0.0	0.0	37.36387827725252	94.95770551810467	0.0	4.1352421504629255	17.368408771235643	0.0	13.872793656716059	0.0	0.0	0.0	0.0	0.0	92.60198265763725	0.0	0.0	0.0	0.0	0.0	0.0
GSM4138110_HNSCC_1_PBMC_GTGCAGCAGTCAAGCG	0.0	3000.944098110507	0.0	0.0	0.0	0.0	0.0	0.0	0.0	0.0	0.0	0.0	0.0	0.0	0.0	0.0	0.0	0.0	0.0	0.0	0.0	0.0	0.0	0.0	0.0	0.0	0.0	0.0
GSM4138110_HNSCC_1_PBMC_GTGCATACACAGGCCT	119.25743355570108	139.55367133662085	0.0	0.0	125.00772919579676	0.0	0.0	0.0	0.0	0.0	0.0	112.8008421849392	18.30984527783281	0.0	0.0	47.72471463275923	0.0	0.0	0.0	0.0	0.0	0.0	0.0	0.0	0.0	0.0	0.0	0.0
GSM4138110_HNSCC_1_PBMC_TACTCGCGTTTAGCTG	116.19155006651184	78.03809895841434	0.0	0.0	0.0	0.0	0.0	0.0	0.0	81.29745014821299	0.0	0.0	18.422470379580556	131.2284320250555	0.0	0.0	0.0	0.0	0.0	5.963999598889475	0.0	42.50040969264769	0.0	0.0	0.0	0.0	0.0	0.0
GSM4138110_HNSCC_1_PBMC_TACTTACGTTATGCGT	102.8499794337512	126.0788110670861	0.0	0.0	0.0	0.0	0.0	0.0	0.0	50.98567505283848	0.0	105.57903621110688	41.37646280210194	0.0	0.0	46.98972396608658	0.0	0.0	0.0	15.242460995932442	0.0	0.0	0.0	0.0	0.0	0.0	0.0	0.0
GSM4138110_HNSCC_1_PBMC_TAGCCGGGTTCAACCA	136.8042303989917	116.13383733282508	0.0	0.0	0.0	0.0	0.0	0.0	53.54349892967253	0.0	41.55447057736883	0.0	21.828321381316027	0.0	55.80597528763942	0.0	31.71634578457661	0.0	0.0	0.0	0.0	0.0	0.0	0.0	0.0	0.0	0.0	0.0
GSM4138110_HNSCC_1_PBMC_TCAGCAATCCCAAGAT	277.1797919600638	127.66117633686657	0.0	0.0	111.68037925746312	0.0	59.939938966029814	0.0	91.59404271094165	0.0	0.0	0.0	20.920562100516243	57.96904232401612	0.0	0.0	0.0	0.0	0.0	0.0	0.0	0.0	0.0	0.0	0.0	0.0	0.0	0.0
GSM4138110_HNSCC_1_PBMC_TGACGGCGTTGAGTTC	287.00838884930755	228.81374591892285	0.0	0.0	0.0	62.97056049535781	0.0	0.0	0.0	191.06574958145117	0.0	197.6066913163443	0.0	0.0	0.0	0.0	162.24939121404304	42.30908264901199	0.0	0.0	0.0	0.0	0.0	0.0	313.70039358698375	0.0	0.0	0.0
GSM4138110_HNSCC_1_PBMC_TTGCGTCGTACTTCTT	180.80023714615672	95.22215438278435	0.0	0.0	0.0	0.0	111.506541174951	0.0	0.0	0.0	0.0	68.14411881398439	43.512116091830414	0.0	0.0	0.0	0.0	0.0	0.0	132.49498701888228	0.0	0.0	0.0	0.0	0.0	0.0	0.0	0.0
GSM4138110_HNSCC_1_PBMC_TTTGTCAGTTAAGATG	101.69312363099645	64.45013996462156	14.02300994857146	60.7892470379299	0.0	0.0	0.0	0.0	0.0	0.0	0.0	66.51896009547507	24.137464727054432	0.0	20.46074324012411	0.0	0.0	0.0	0.0	0.0	0.0	0.0	0.0	0.0	0.0	0.0	0.0	0.0
GSM4138110_HNSCC_1_PBMC_ACGCAGCTCGTCACGG	185.96166680174406	128.13265710312157	129.15080380629732	6.818534599501353	0.0	51.91164900185522	0.0	0.0	0.0	145.86173458618842	0.0	0.0	0.0	0.0	0.0	0.0	0.0	0.0	0.0	0.0	0.0	0.0	0.0	55.18943131442151	0.0	0.0	0.0	0.0
GSM4138110_HNSCC_1_PBMC_ATCATCTAGGAATCGC	131.30462553911005	106.75695016281495	135.78548737437606	100.49852640555336	0.0	41.08937478503471	75.77747702300793	0.0	0.0	0.0	0.0	0.0	0.0	0.0	0.0	0.0	0.0	0.0	0.0	0.0	0.0	0.0	0.0	0.0	0.0	0.0	0.0	0.0
GSM4138110_HNSCC_1_PBMC_TCAACGAGTTACGGAG	325.3704060470153	228.633161527906	0.0	0.0	61.32366294129942	66.50647724768034	82.99542365557483	0.0	0.0	0.0	9.635641700159942	216.6022436254938	1.0787793973594177	0.0	0.0	0.0	204.8518026738612	0.0	0.0	0.0	0.0	0.0	0.0	80.27376028188596	0.0	0.0	0.0	0.0
GSM4138110_HNSCC_1_PBMC_AAACCTGGTCTCCCTA	204.57943076138736	193.06117964603095	0.0	0.0	0.0	0.0	0.0	88.81802095999716	217.80669911966237	177.79459050637453	83.86317316378005	0.0	50.479632535637386	0.0	0.0	0.0	0.0	0.0	0.0	0.0	31.321680388338066	0.0	0.0	0.0	0.0	0.0	0.0	0.0
GSM4138110_HNSCC_1_PBMC_ACACCGGAGTACACCT	260.2232545831439	189.63267829620537	244.7086877083756	0.0	0.0	48.790419772433204	0.0	0.0	0.0	223.23672675525992	99.84146940690032	0.0	0.0	0.0	0.0	0.0	0.0	0.0	0.0	0.0	0.0	0.0	33.099122318353785	139.6856343615189	0.0	0.0	0.0	0.0
GSM4138110_HNSCC_1_PBMC_ACTGCTCGTGGTCCGT	225.5323751827398	185.02076287245404	0.0	0.0	0.0	46.5732022848857	117.25216242213322	0.0	0.0	0.0	184.28189346367844	209.15456675939382	0.0	0.0	0.0	0.0	0.0	0.0	0.0	0.0	0.0	0.0	0.0	13.085673379351908	0.0	0.0	0.0	0.0
GSM4138110_HNSCC_1_PBMC_AGCTCTCGTTAGTGGG	247.01919183449726	250.43479672215585	0.0	0.0	0.0	66.09767315420264	131.28870569782424	0.0	180.15600849920898	0.0	0.0	0.0	0.0	0.0	0.0	0.0	264.8282917043416	0.0	0.0	6.151364961209	0.0	0.0	0.0	0.0	0.0	0.0	0.0	0.0
GSM4138110_HNSCC_1_PBMC_ATGGGAGAGGATGCGT	208.0567930044769	270.155009383449	0.0	0.0	0.0	52.096082128645286	118.10726109815563	0.0	32.475790987436966	254.8096832374985	0.0	0.0	0.0	0.0	0.0	0.0	0.0	0.0	0.0	0.0	248.22452350367212	0.0	0.0	0.0	0.0	0.0	0.0	0.0
GSM4138110_HNSCC_1_PBMC_ATTATCCTCGGAAATA	288.8203749891587	217.0672175016288	12.728901888600571	0.0	25.514899202588214	32.45208621891201	0.0	0.0	37.92666166237116	0.0	136.04029977373503	0.0	33.06511820286665	109.87850207359409	0.0	0.0	56.9929155368004	0.0	0.0	0.0	0.0	0.0	0.0	123.1023957074814	0.0	0.0	0.0	0.0
GSM4138110_HNSCC_1_PBMC_CATCAGATCGCAAACT	259.2006176742473	197.85811096601378	0.0	0.0	0.0	0.0	97.68700715790844	0.0	187.98190199158998	0.0	220.39095856757854	0.0	40.54057432962011	0.0	0.0	0.0	0.0	0.0	0.0	0.0	0.0	0.0	0.0	0.0	0.0	0.0	0.0	0.0
GSM4138110_HNSCC_1_PBMC_CGTAGCGCATGCAACT	323.277434401588	311.0795435368964	136.81293245038492	0.0	0.0	49.92247171589446	0.0	0.0	0.0	0.0	294.925602321169	5.079310855081836	0.0	0.0	138.39971549531347	0.0	0.0	0.0	0.0	0.0	0.0	0.0	0.0	0.0	0.0	0.0	0.0	0.0
GSM4138110_HNSCC_1_PBMC_CGTCACTTCACGAAGG	299.52008628162855	188.93026410250403	58.22924127187823	0.0	221.13814196958435	61.69784649970494	0.0	0.0	187.96172012833048	0.0	0.0	3.592016866501763	0.0	2.7544233488814083	0.0	0.0	0.0	0.0	0.0	0.0	0.202357184565492	0.0	0.0	139.22552096569467	0.0	0.0	0.0	0.0
GSM4138110_HNSCC_1_PBMC_GCATACACACCAGCAC	179.46512769099846	237.04611654885917	13.234099890741925	0.0	0.0	35.5948036675761	110.51230368743065	0.0	192.50212308810745	196.84730303089364	0.0	0.0	0.0	0.0	0.0	0.0	0.0	0.0	0.0	0.0	0.0	0.0	0.0	0.0	0.0	0.0	0.0	0.0
GSM4138110_HNSCC_1_PBMC_GCGACCAGTCGATTGT	251.91209598407377	230.19498883727104	0.0	0.0	12.096060593725975	57.25374242459943	0.0	0.0	90.21333038991379	1.2182788486150697	86.70844455059994	78.90162795794994	0.0	0.0	144.15280154527082	0.0	109.78045589305671	0.0	27.847131801592045	0.0	0.0	0.0	0.0	0.0	0.0	0.0	0.0	0.0
GSM4138110_HNSCC_1_PBMC_TACTTACTCGGCGCAT	63.53867871152008	30.7386425138783	0.0	0.0	0.0	46.25201346566566	3.7325691665135223	0.0	62.036378012424066	0.0	0.0	0.0	0.0	0.0	0.0	0.0	101.1517051671329	0.0	0.0	0.0	21.962512915510754	0.0	0.0	50.70204529763431	0.0	0.0	0.0	0.0
GSM4138110_HNSCC_1_PBMC_ACCGTAAGTTACGTCA	94.34542796858372	114.66496017103314	61.612626442128104	124.341075327699	39.26496148026774	28.210038379696474	0.0	123.73852442683904	0.0	0.0	0.0	0.0	0.0	0.0	0.0	0.0	0.0	0.0	122.53638957535576	0.0	0.0	0.0	0.0	0.0	0.0	0.0	0.0	0.0
GSM4138110_HNSCC_1_PBMC_ATCCACCAGACAGACC	68.41552220198618	94.81212751821488	0.0	14.848691925891313	55.57055423812399	0.0	115.95013126528995	0.0	0.0	0.0	0.0	0.8044302240777441	18.279937389987424	0.0	0.0	0.0	0.0	0.0	0.0	0.0	94.12598454684401	0.0	37.33924023993918	0.0	0.0	0.0	0.0	0.0
GSM4138110_HNSCC_1_PBMC_ATGAGGGGTATATGGA	253.3083886964796	312.6403767421277	0.0	0.0	0.0	75.59150326696411	211.9816367212059	0.0	0.0	236.50142269141062	0.0	107.32873081867113	0.0	0.0	0.0	0.0	0.0	0.0	0.0	0.0	97.34463877192543	0.0	0.0	0.0	0.0	0.0	0.0	0.0
GSM4138110_HNSCC_1_PBMC_CACCAGGGTCAGAATA	95.44181749163437	225.76743417046498	109.94018289452953	0.0	250.10203263338957	56.66918277765884	0.0	9.785354948752095	0.0	0.0	0.0	0.0	0.0	0.0	65.95444810965269	0.0	0.0	0.0	5.951313919053909	0.0	0.0	0.0	0.0	0.0	0.0	0.0	0.0	0.0
GSM4138110_HNSCC_1_PBMC_CAGCAGCTCAAAGTAG	129.11902016180022	125.58245209660048	47.986178861817805	0.0	183.1551111851965	34.60715388897491	0.0	78.8397837980815	0.0	0.0	0.0	0.0	0.0	0.0	2.591375389310352	0.0	0.0	43.08634369053517	0.0	0.0	0.0	0.0	0.0	0.0	0.0	0.0	0.0	0.0
GSM4138110_HNSCC_1_PBMC_CATCCACCAGTAACGG	88.38910353688162	170.1103094691426	0.0	0.0	0.0	0.0	0.0	0.0	0.0	0.0	124.00370623668404	0.0	54.136068733044915	83.5943399516516	0.0	0.0	0.0	0.0	0.0	0.0	0.0	0.0	0.0	116.80093843528059	0.0	98.2561491177697	0.0	0.0
GSM4138110_HNSCC_1_PBMC_CCTTTCTCATCCTAGA	183.3753290101407	102.18408172987658	0.0	0.0	0.0	21.425212252829354	0.0	71.91335403534613	0.0	0.0	139.08117510198318	0.0	0.0	0.0	16.10237853674943	0.0	0.0	0.0	0.0	0.0	0.0	0.0	0.0	0.0	0.0	143.98504453003454	0.0	0.0
GSM4138110_HNSCC_1_PBMC_CGTAGGCTCTACCAGA	112.5376594536277	135.18099378658926	0.0	0.0	0.0	0.0	0.0	109.1356831708397	0.0	0.0	146.67085574441012	0.0	35.962728310180566	0.0	0.0	0.0	0.0	0.0	0.0	0.0	153.76739682705784	0.0	0.0	0.0	0.0	0.0	0.0	0.0
GSM4138110_HNSCC_1_PBMC_CTGCCTAAGGACATTA	53.96404076928785	118.65032820358452	0.0	0.0	146.6278093899584	0.0	0.0	0.0	0.0	0.0	0.0	0.0	37.5742194960334	128.39734362309164	110.47493755780464	0.0	0.0	0.0	0.0	0.0	0.0	0.0	0.0	0.0	0.0	0.0	0.0	0.0
GSM4138110_HNSCC_1_PBMC_CTTTGCGGTGGTCCGT	120.82738231307638	124.7511416503476	0.0	0.0	71.86147020025885	0.0	0.0	75.77016184788201	0.0	0.0	0.0	0.0	32.546600537752944	0.0	0.0	0.0	0.0	0.0	15.906465292032216	0.0	0.0	0.0	0.0	0.0	0.0	93.73171672688682	0.0	0.0
GSM4138110_HNSCC_1_PBMC_GAAACTCAGACAAGCC	162.90733428371757	105.35368951239744	0.0	0.0	0.0	0.0	0.0	105.16513494301785	0.0	0.0	157.13808713322413	106.56328620673038	33.109089962367364	0.0	7.71551700487857	0.0	0.0	0.0	0.0	0.0	54.845933081485136	0.0	0.0	0.0	0.0	0.0	0.0	0.0
GSM4138110_HNSCC_1_PBMC_GACCAATAGCCCGAAA	177.5963851161712	253.539964331398	178.44011268420425	0.0	0.0	61.24328935808592	157.1903180721775	0.0	0.0	0.0	168.39094610915754	0.0	0.0	0.0	0.0	0.0	0.0	0.0	0.0	0.0	17.335374833876987	0.0	0.0	0.0	0.0	0.0	0.0	0.0
GSM4138110_HNSCC_1_PBMC_GACCAATAGGGCTCTC	229.1416285746732	146.85241104501102	0.0	0.0	26.467519213785128	32.64845372511628	0.0	106.82248350938688	0.0	0.0	134.47849211780672	0.0	0.0	0.0	0.0	0.0	0.0	0.0	134.44264713295723	0.0	0.0	0.0	0.0	0.0	0.0	0.0	0.0	0.0
GSM4138110_HNSCC_1_PBMC_GATGCTATCCTCTAGC	190.2367969261617	195.24982724947225	0.0	0.0	194.35048212288282	42.634293588762496	0.0	0.0	0.0	0.0	0.0	0.0	0.0	21.841162060911298	0.0	156.25113281669954	0.0	0.0	0.0	0.0	0.0	0.0	0.0	0.0	0.0	108.22397639419982	0.0	0.0
GSM4138110_HNSCC_1_PBMC_GCTGCGATCCCGACTT	49.99075015761902	76.9478089302971	0.0	0.0	94.39882804173152	35.01728878758567	0.0	0.0	0.0	0.0	0.0	0.0	0.0	0.0	0.0	0.0	0.0	0.0	31.86382122135444	0.0	66.62576706606487	0.0	0.0	0.0	58.674684876343804	0.0	0.0	0.0
GSM4138110_HNSCC_1_PBMC_GTTACAGCAAGTTGTC	114.62847912803915	126.12108739918227	0.0	0.0	138.96268486470862	0.0	0.0	0.0	0.0	0.0	0.0	2.5841951962112026	102.1241485285414	0.0	75.48456500304854	0.0	0.0	49.77604715606008	0.0	0.0	0.0	0.0	0.0	0.0	0.0	0.0	0.0	0.0
GSM4138110_HNSCC_1_PBMC_TAGGCATTCAGCGACC	128.87283861281378	173.1657546808208	0.0	124.14534848262186	0.0	20.98799284674449	0.0	0.0	159.8302314994151	0.0	0.0	0.0	0.0	0.0	120.45932159722234	0.0	0.0	0.0	0.0	0.0	0.0	0.0	0.0	0.0	0.0	0.0	0.0	0.0
GSM4138110_HNSCC_1_PBMC_TCGTACCTCCATGAAC	64.1039762164259	98.67900292996971	0.0	0.0	0.0	16.941117400576253	84.96637074918412	0.0	0.0	0.0	92.88536177139288	0.0	0.0	0.0	0.0	0.0	0.0	0.0	0.0	0.0	288.3393955426509	0.0	0.0	0.0	0.0	0.0	0.0	0.0
GSM4138110_HNSCC_1_PBMC_TGCGCAGAGAGTCGGT	198.2016833545099	86.69362118445203	0.0	149.28117481780177	0.0	18.33473195211235	85.52081591869806	0.0	0.0	0.0	0.0	0.0	0.0	0.0	0.0	0.0	0.0	0.0	0.0	0.0	0.0	0.0	0.0	0.0	0.0	128.58630775430547	0.0	0.0
GSM4138110_HNSCC_1_PBMC_TTGCCGTTCCTATTCA	132.75875047634298	173.07852188354406	69.53777196521297	322.0358977822899	0.0	28.45865621690346	0.0	85.97328468938477	0.0	0.0	0.0	0.0	0.0	0.0	0.0	0.0	0.0	0.0	0.0	0.0	107.43150531942095	0.0	0.0	0.0	0.0	0.0	0.0	0.0
GSM4138110_HNSCC_1_PBMC_TTTACTGAGTCCCACG	112.99375880915423	168.53347904376895	123.17492414322497	0.0	272.7983664930465	5.140397914037409	0.0	102.9038979279583	0.0	0.0	0.0	0.0	34.737080421840865	0.0	0.0	0.0	0.0	0.0	0.0	0.0	0.0	0.0	0.0	0.0	0.0	0.0	0.0	0.0
GSM4138110_HNSCC_1_PBMC_ACGGGTCGTCTTGATG	73.3403651338999	60.401619165244256	78.60644546571591	0.0	12.563832573281449	0.0	0.0	0.0	0.0	0.0	52.844102623359596	0.0	37.86589326939314	0.0	0.0	72.56216260312199	0.0	0.0	0.0	0.0	0.0	0.0	0.0	0.0	0.0	0.0	0.0	0.0
GSM4138110_HNSCC_1_PBMC_AGTGAGGAGGAATCGC	65.00897041349565	46.537863248729906	0.0	0.0	0.0	12.132446406285839	52.19974285300918	0.0	116.86002475923561	94.66254801867973	0.0	0.0	0.0	0.0	0.0	0.0	0.0	0.0	0.0	0.0	0.0	0.0	0.0	16.936387442424824	0.0	0.0	0.0	0.0
GSM4138110_HNSCC_1_PBMC_ATGTGTGCAAGCTGGA	167.48209828223656	154.80169094282678	137.90577914957723	83.78262637439809	0.7595471910441437	8.478206465110802	64.50598241092133	45.57492720462533	0.0	0.0	0.0	0.0	22.52326177257115	0.0	0.0	0.0	0.0	0.0	0.0	0.10078310551831685	0.0	0.0	0.0	0.0	0.0	0.0	0.0	0.0
GSM4138110_HNSCC_1_PBMC_CGACCTTAGTTACGGG	163.99683565440483	129.9318111434534	159.40094870336694	0.0	0.0	41.23606217718629	0.0	0.0	0.0	72.60001220141719	0.0	0.0	0.0	0.0	0.0	0.0	0.0	0.0	0.0	0.0	0.0	129.86638471947646	0.0	0.0	0.0	0.0	0.0	0.0
GSM4138110_HNSCC_1_PBMC_GCGACCACATGCATGT	148.96961439035886	95.51252824302435	99.95390909552872	140.74768180372376	0.0	0.0	22.148738516111436	28.330966096135615	0.0	9.547182629232958	0.0	0.0	73.70275210112693	0.0	0.0	0.0	0.0	0.0	0.0	0.0	0.0	0.0	0.0	19.056680569694482	0.0	0.0	0.0	0.0
GSM4138110_HNSCC_1_PBMC_GGATTACGTGCATCTA	154.1622135341312	106.50240423491758	0.0	0.0	0.0	0.0	20.904534023220755	0.0	41.86682381584096	0.0	120.2330657445427	59.70567900444736	30.75841834322863	0.0	57.58972160312077	0.0	0.0	0.0	1.7668838896537404	0.0	0.0	0.0	0.0	0.0	0.0	0.0	0.0	0.0
GSM4138110_HNSCC_1_PBMC_GTGCAGCCACCAGATT	79.27497493231937	81.21276340922266	0.0	27.095699055375185	0.0	20.873785994400606	12.611411012405418	0.0	51.9521651835125	0.0	0.0	0.0	0.0	0.0	0.0	65.42903293350953	0.0	0.0	18.54757852726416	44.63791022835227	0.0	0.0	2.1234278924741545	0.0	0.0	0.0	0.0	0.0
GSM4138110_HNSCC_1_PBMC_GTGCGGTTCTATGTGG	192.36309936985614	173.3216510505069	26.635740557236556	0.0	76.45625744461167	6.940962043446522	0.0	105.76880803754523	21.14926508156915	0.0	0.0	0.0	25.78639513537505	0.0	0.0	0.0	0.0	0.0	0.0	0.0	22.878436140598836	0.0	0.0	0.0	0.0	0.0	0.0	0.0
GSM4138110_HNSCC_1_PBMC_GTTCATTTCCCTCTTT	91.29100506376842	108.7227232913049	0.0	35.50580096272911	0.0	29.549919349853845	0.0	56.91081850488432	0.0	39.36237572494646	40.56727747691743	0.0	0.0	10.124847788255556	0.0	0.0	0.0	57.30901346399124	0.0	0.0	0.0	0.0	0.0	0.0	0.0	0.0	0.0	0.0
GSM4138110_HNSCC_1_PBMC_TCATTACGTAATCACC	100.77356168019175	220.54216499180163	0.0	0.0	45.830620284674204	40.05809425909148	0.0	0.0	0.0	0.0	103.32355358432342	114.268812311214	0.0	0.0	36.89675215899288	29.790965588478848	0.0	0.0	0.0	0.0	0.0	0.0	0.0	0.0	0.0	0.0	0.0	0.0
GSM4138110_HNSCC_1_PBMC_TTGCCGTTCAGAAATG	141.40169778076486	71.22247525755381	0.0	38.56994381314406	0.0	86.07865971853728	69.01339555109367	0.0	0.0	0.0	15.617173004060447	99.57088911862957	0.0	0.0	0.0	0.0	0.0	0.0	0.0	19.337378647434612	0.0	0.0	0.0	0.0	0.0	0.0	0.0	0.0
GSM4138110_HNSCC_1_PBMC_TTTGCGCAGTAGCGGT	222.30807573775263	167.95037747080457	264.20096004379553	0.0	0.0	41.83600846670624	87.66349232428475	0.0	0.0	0.0	178.10593384798182	0.0	0.9568117472175879	0.0	0.0	0.0	11.02249299131551	0.0	0.0	0.0	0.0	0.0	0.0	0.0	0.0	0.0	0.0	0.0
GSM4138110_HNSCC_1_PBMC_TTTGGTTAGCACAGGT	119.3130320552502	138.61598336120866	128.20509944709656	98.51930699673662	0.0	27.177242526891547	0.0	0.0	0.0	0.0	0.0	0.0	0.0	0.0	0.0	0.0	0.0	0.0	0.0	0.0	0.0	0.0	0.0	75.72980520037618	0.0	0.0	0.0	0.0
