	1	2	3	4	5	6	7	8	9	10	11	12	13	14	15	16	17	18	19	20	21	22	23	24	25	26
GSM4138110_HNSCC_1_PBMC_AAACCTGAGGAGCGTT	38.870208643718186	93.77738498962349	34.27705471564283	7.035142452923178	37.05624494082519	0.0	49.45304641893877	21.884171521457638	0.0	0.0	0.0	0.0	75.18639561028132	0.0	0.0	0.0	0.0	0.0	0.0	0.0	0.0	0.0	0.0	0.0	0.0	0.0
GSM4138110_HNSCC_1_PBMC_AAACCTGCAGATGAGC	82.932913386856	54.7688374665527	79.14259036652783	0.0	0.0	0.0	0.0	0.0	0.0	23.846456566816087	0.0	0.0	0.0	5.985091292968043	0.0	0.0	96.42605902245013	0.0	54.82610999060075	0.0	31.947671248528206	27.572626409796065	0.0	0.0	0.0	0.0
GSM4138110_HNSCC_1_PBMC_AACGTTGAGACTGGGT	5.543270498471735	40.186451054854444	77.44208783429366	0.0	0.0	0.0	0.0	10.917139602512448	26.353370041057467	0.0	0.0	22.11447389163416	0.0	0.0	0.0	0.0	0.0	0.0	22.827259894129554	0.0	0.0	0.0	38.155177604984374	0.0	0.0	0.0
GSM4138110_HNSCC_1_PBMC_AACGTTGGTTACGACT	47.839363957604895	130.07382783536931	45.093748624442455	0.0	0.0	0.0	0.0	0.0	0.0	0.0	9.442546338043163	0.0	0.0	6.2278733763716945	0.0	0.0	69.07938370410302	0.0	0.0	0.0	0.0	0.0	0.0	0.0	0.0	0.0
GSM4138110_HNSCC_1_PBMC_AACGTTGTCTAAGCCA	44.488874120363164	51.535150935105534	29.66179828612958	0.0	0.0	41.86269941299924	0.0	0.0	0.0	0.0	0.0	0.0	0.0	0.0	0.0	0.0	36.016540592130994	0.0	0.0	0.0	0.0	11.049886488540308	0.0	0.0	67.53351823670599	0.0
GSM4138110_HNSCC_1_PBMC_AACTCCCCATTTCAGG	73.30708661261403	33.84672982858088	22.926321089669955	0.0	43.367615036534595	0.0	34.77033710355889	0.0	0.0	0.0	31.469458094231307	0.0	0.0	0.0	0.0	0.0	0.0	75.2631384908523	0.0	0.0	0.0	11.68334226908341	0.0	0.0	0.0	0.0
GSM4138110_HNSCC_1_PBMC_AAGCCGCCACTTCTGC	81.0721224134805	56.320263925399196	41.673999607563566	0.0	0.0	0.0	0.0	1.828769060634442	38.0458838512781	0.0	0.0	0.0	0.0	0.0	0.0	0.0	0.0	0.0	51.08583804794537	0.0	43.2834892757414	35.670609964264045	0.0	0.0	0.0	0.0
GSM4138110_HNSCC_1_PBMC_AAGGTTCGTCTCTTAT	46.48705338318136	41.45765789040477	7.366089526607224	0.0	0.0	0.0	0.0	11.52669510080899	0.0	40.30246317573837	99.8696768904936	0.0	0.0	0.0	66.55677882859334	0.0	0.0	0.0	0.0	0.0	0.0	0.0	0.0	0.0	0.0	0.0
GSM4138110_HNSCC_1_PBMC_AAGTCTGAGTACCGGA	105.7899504341435	40.67883084657236	9.71048393969466	28.047882232485723	0.0	0.0	0.0	0.0	45.12471553344112	0.0	0.0	0.0	0.0	9.166073157613118	0.0	0.0	0.0	31.152819484831937	0.0	0.0	0.0	0.0	0.0	0.0	0.0	0.0
GSM4138110_HNSCC_1_PBMC_AAGTCTGGTTGCCTCT	52.329581976489195	72.33090405809108	61.32630709836171	0.0	10.757035426100956	35.759327455318555	0.0	0.0	0.0	0.0	36.653689312813995	0.0	0.0	6.379032833601356	0.0	0.0	0.0	0.0	0.0	0.0	0.0	0.0	0.0	0.0	0.0	0.0
GSM4138110_HNSCC_1_PBMC_AAGTCTGTCCAAACTG	63.04832601104635	75.10901574584801	99.17852054170127	0.0	49.646376984989594	0.0	0.0	15.29619764847497	0.0	39.74567967465601	60.6305222986596	0.0	0.0	0.0	0.0	0.0	0.0	0.0	0.0	0.0	0.0	0.0	0.0	0.0	0.0	0.0
GSM4138110_HNSCC_1_PBMC_ACATGGTCACATGGGA	33.364338178090804	47.56232860703439	17.122449330665816	0.0	137.48838723791366	15.102573070221812	0.0	0.0	0.0	0.0	30.33761936481287	0.0	0.0	0.7060293309039616	0.0	13.640538786045555	0.0	0.0	0.0	0.0	0.0	0.0	0.0	0.0	0.0	0.0
GSM4138110_HNSCC_1_PBMC_ACGAGCCAGTATCTCG	48.808338110011924	61.090942951173744	95.17722745333606	36.08526129825383	25.307051307491733	0.0	0.0	4.415500329011101	0.0	108.287559958729	0.0	0.0	0.0	15.961291392912086	0.0	0.0	0.0	0.0	0.0	0.0	0.0	0.0	0.0	0.0	0.0	0.0
GSM4138110_HNSCC_1_PBMC_ACGAGCCCACTTAACG	154.85768223740968	99.35081004153274	109.6921917232834	0.0	76.00133844757676	114.92955948355659	0.0	0.0	0.0	0.0	85.08948760434826	0.0	0.0	35.33884081182143	0.0	0.0	0.0	0.0	0.0	0.0	0.0	0.0	0.0	0.0	0.0	0.0
GSM4138110_HNSCC_1_PBMC_ACTATCTTCTTCCTTC	55.09082070986925	91.19006854131014	44.90496671717399	49.49045411465777	0.0	0.0	0.0	0.0	18.49770790601835	0.0	0.0	0.0	0.0	15.807451348128133	24.08152427903949	0.0	0.0	0.0	0.0	0.0	102.59443472855043	0.0	0.0	0.0	0.0	0.0
GSM4138110_HNSCC_1_PBMC_AGAGCTTAGAGCTGGT	72.59991487700627	42.45887563336726	52.40714535550821	0.0	56.313311615495344	59.60470714389366	0.0	0.0	0.0	0.0	94.49547504656297	0.0	0.0	23.512716764761795	0.0	5.659115353809802	0.0	0.0	0.0	0.0	0.0	0.0	0.0	0.0	0.0	0.0
GSM4138110_HNSCC_1_PBMC_AGATTGCGTCGCCATG	57.28385247042827	40.87930091604871	35.497622887852664	51.638333258275004	37.80326742762972	67.66406682426177	0.0	0.0	0.0	0.0	0.0	0.0	0.0	13.918396845590806	0.0	0.0	0.0	0.0	0.0	0.0	0.0	0.0	0.0	0.0	0.0	0.0
GSM4138110_HNSCC_1_PBMC_AGCGTATGTTATCCGA	76.14787122007466	26.687553342404126	58.90725950439293	114.82457629673549	28.10386232996386	0.0	0.0	1.133338867953609	0.0	0.0	0.0	0.0	0.0	19.415637649592277	0.0	50.50355562386219	0.0	0.0	0.0	0.0	0.0	0.0	0.0	0.0	0.0	0.0
GSM4138110_HNSCC_1_PBMC_AGGCCACAGTACTTGC	45.10457488646157	34.19655274974658	60.42738007073472	27.32538682372876	2.222614592645707	13.032351967262198	6.084225945525012	0.0	17.910936137736876	0.0	0.0	0.0	69.7476027213705	4.695043767284608	0.4659236928436955	0.0	0.0	0.0	3.1373006060682544	0.0	0.0	5.136806478608663	0.0	0.0	0.0	0.0
GSM4138110_HNSCC_1_PBMC_AGGCCACCACTAAGTC	95.42947912116095	98.6223534013112	131.1750975592325	0.0	0.0	69.80862008070513	79.72966173341261	0.0	219.84520083653618	0.0	0.0	0.0	0.0	28.946465873753958	0.0	0.0	0.0	0.0	0.0	0.0	0.0	0.0	0.0	58.73832700475409	0.0	0.0
GSM4138110_HNSCC_1_PBMC_AGTAGTCTCTTAGCCC	24.865789507378743	47.690055422968776	19.59234740037796	0.0	0.0	0.0	0.0	3.0176737948656083	0.0	50.668952352800176	0.0	0.0	0.0	0.0	0.0	0.0	0.0	0.0	0.0	0.0	0.0	16.30285179564289	119.16243951301799	0.0	0.0	0.0
GSM4138110_HNSCC_1_PBMC_AGTGAGGGTGGCCCTA	187.09807960811867	79.35620745144512	46.882137090479006	0.0	32.088069929809755	0.0	43.94106700523423	0.0	0.0	0.0	0.0	77.56465956880504	0.0	0.0	0.0	0.0	0.0	0.0	0.0	0.0	0.0	23.29941539244514	0.0	0.0	0.0	0.0
GSM4138110_HNSCC_1_PBMC_AGTGTCATCTCGCATC	118.97652618833592	53.50364978629389	31.744590848096887	0.0	23.054331357346733	0.0	23.778873595412957	0.0	0.0	0.0	0.0	34.41239865946398	0.0	0.0	0.0	0.0	0.0	0.0	0.0	0.0	0.0	11.01598277373867	0.0	0.0	0.0	0.0
GSM4138110_HNSCC_1_PBMC_AGTTGGTCATGGTTGT	76.26202878516584	92.45150805307233	83.77434232180832	0.0	64.77572868428864	0.0	0.0	0.0	0.0	65.39804354141664	74.45161543950033	0.0	0.0	29.05970140931606	0.0	0.0	0.0	0.0	0.0	0.0	0.0	0.0	0.0	0.0	0.0	0.0
GSM4138110_HNSCC_1_PBMC_AGTTGGTTCTTGGGTA	70.3144188605467	68.39670953756838	16.94371893933003	0.0	0.0	18.56019734921526	51.17653971831285	7.466790344122719	0.0	18.482381509207272	0.0	0.0	0.0	0.0	0.0	0.0	20.503252881403302	0.0	0.0	0.0	0.0	1.5347136799196268	0.0	0.0	0.0	0.0
GSM4138110_HNSCC_1_PBMC_ATCTACTAGGGTGTGT	78.9668785994873	266.8780366457356	92.32283060244762	0.0	0.0	0.0	0.0	0.0	33.00963240603802	164.89485789568397	116.26802509389546	0.0	0.0	12.950531956159717	145.4042290243677	0.0	0.0	0.0	0.0	0.0	0.0	0.0	0.0	0.0	0.0	0.0
GSM4138110_HNSCC_1_PBMC_ATCTACTAGTACGTTC	49.792748927057374	38.9508329255608	65.43977072469048	54.59567453013291	0.0	45.059227034329275	0.0	6.971638117689976	58.10961368209531	0.0	0.0	0.0	0.0	5.729513493068561	0.0	0.0	0.0	0.0	14.539600852257477	0.0	0.0	62.197459934117255	0.0	0.0	0.0	0.0
GSM4138110_HNSCC_1_PBMC_ATGAGGGCAAGCGATG	77.62718260611659	51.472197094839224	49.23053895724072	0.0	20.17618097649022	42.92049752628319	38.019193078086126	0.0	0.0	0.0	0.0	0.0	0.0	12.306016304724364	7.836614954689996	0.0	0.0	0.0	0.0	0.0	0.0	0.0	0.0	0.0	0.0	0.0
GSM4138110_HNSCC_1_PBMC_ATGAGGGCACACAGAG	68.3079980056537	27.257376715179596	64.1817794173845	0.0	7.431995843109805	0.0	0.0	18.919043526355345	0.0	39.67253247227499	9.637479071835468	0.0	0.0	0.0	16.086671583815683	0.0	36.51704437934079	0.0	0.0	0.0	0.0	0.0	0.0	0.0	0.0	0.0
GSM4138110_HNSCC_1_PBMC_ATGCGATGTTTGACAC	49.91853010443484	81.51535174274652	16.570102221949007	0.0	20.562708444693655	0.0	0.0	19.37401958066098	0.0	28.820889669313466	61.96360735631376	0.0	0.0	0.0	0.0	0.0	0.0	0.0	0.0	0.0	0.0	0.0	0.0	0.0	0.0	0.0
GSM4138110_HNSCC_1_PBMC_ATGTGTGCATGCGCAC	84.8792577877198	54.239521712239664	20.650995952076432	0.0	47.06234358501056	0.0	18.946744637669237	1.4733560577249034	0.0	0.0	0.0	0.0	0.0	10.504521673541122	0.0	0.0	0.0	0.0	0.0	0.0	32.2989081943393	0.0	0.0	0.0	0.0	0.0
GSM4138110_HNSCC_1_PBMC_ATTACTCTCATGCTCC	104.29439593197662	44.10620633803688	114.76583386457841	22.833898368803137	0.0	0.0	0.0	0.0	0.0	0.0	0.0	76.7351249857577	0.0	54.95108799787108	0.0	0.0	16.94994612326104	0.0	0.0	0.0	0.0	0.0	0.0	0.0	0.0	0.0
GSM4138110_HNSCC_1_PBMC_ATTATCCGTCACACGC	60.044454246858564	85.17422024364969	70.62403604605628	0.0	0.0	61.4948925874822	0.0	20.357404954076646	0.0	0.0	0.0	0.0	0.0	0.0	10.331180845012836	0.0	0.0	0.0	0.0	0.0	0.0	0.0	0.0	87.83563530215723	0.0	0.0
GSM4138110_HNSCC_1_PBMC_ATTGGACAGAGATGAG	86.07641942975079	20.539038009947372	17.11372137738858	0.0	0.0	72.16570894726726	13.988734847041302	20.14436625382913	52.78727874099781	0.0	0.0	0.0	0.0	0.0	0.0	0.0	0.0	0.0	0.0	0.0	0.0	0.0	0.0	0.0	45.50122394182699	0.0
GSM4138110_HNSCC_1_PBMC_ATTGGTGCAGTGAGTG	76.94238864579233	40.1922944494294	35.55286326647595	42.595153332999296	45.333063661192085	0.0	0.0	26.78688197830214	0.0	0.0	0.0	0.0	0.0	0.0	0.0	0.0	0.0	0.0	0.0	0.0	0.0	0.0	0.0	0.0	0.0	38.094672443465875
GSM4138110_HNSCC_1_PBMC_CAACCAAGTTATCGGT	27.883402049669396	36.660720279350016	48.110415450808226	0.0	0.0	0.0	30.552955826439188	22.11572171303476	0.0	64.05533907035914	0.0	0.0	0.0	0.0	17.508461869911734	0.0	0.0	0.0	0.0	0.0	0.0	0.0	0.0	0.0	0.0	0.0
GSM4138110_HNSCC_1_PBMC_CAACCAATCCTTGACC	35.66461746120118	46.773932108057274	39.8745325697418	0.0	0.0	0.0	52.892616276580455	0.0	0.0	0.0	0.0	0.0	25.875494654549364	0.0	12.743925204896797	0.0	0.0	0.0	0.0	11.893410597806206	0.0	24.896157382886305	0.0	0.0	0.0	0.0
GSM4138110_HNSCC_1_PBMC_CACAGTAGTCTCCATC	97.39433574700602	27.73891680647955	0.0	0.0	0.0	73.50677905979772	0.0	17.72322761295685	23.09353312563357	0.0	10.390759823714662	0.0	0.0	0.0	0.0	0.0	0.0	0.0	0.0	0.0	0.0	8.598694932982967	98.67844407655684	0.0	0.0	0.0
GSM4138110_HNSCC_1_PBMC_CACATAGCAAAGCGGT	74.68547974681199	39.84575652588553	63.05672392818115	0.0	0.0	0.0	24.121799581210254	8.93224618110786	0.0	4.4728303947375165	0.0	0.0	0.0	0.0	0.0	0.0	1.9172164708560444	0.0	0.0	0.0	34.942107834807025	0.0	0.0	0.0	0.0	20.80885412870985
GSM4138110_HNSCC_1_PBMC_CACATAGCACCTCGTT	36.91993118989427	74.94098803664517	33.45252124795525	11.87843732115813	0.0	46.71709275228206	0.0	21.39564439558588	0.0	0.0	53.998570400133254	0.0	0.0	0.0	36.68866700460907	0.0	0.0	0.0	0.0	0.0	0.0	0.0	0.0	0.0	0.0	0.0
GSM4138110_HNSCC_1_PBMC_CACATTTGTGCACTTA	53.63552949736876	49.88708858522032	39.2294564453223	0.0	19.61404620422397	0.0	26.889755111579525	15.312152360064703	0.0	58.81136774074511	0.0	0.0	0.0	0.0	20.173720194746103	0.0	0.0	0.0	0.0	0.0	0.0	0.0	0.0	0.0	0.0	0.0
GSM4138110_HNSCC_1_PBMC_CACATTTTCCCATTAT	21.329873262443	81.48918684098302	25.490313135194903	0.0	45.094092410506924	35.702889956431044	52.74602260849298	0.0	0.0	0.0	0.0	0.0	0.0	9.645575433619817	0.0	0.0	0.0	0.0	0.0	0.0	0.0	0.0	0.0	0.0	0.0	0.0
GSM4138110_HNSCC_1_PBMC_CACATTTTCTGGTTCC	78.84488184603586	52.45304544962612	16.916494351923383	0.0	49.17154683558674	15.048875705730564	41.141726669067914	0.0	5.002391058221948	13.592657907148011	0.0	0.0	0.0	10.868192880799878	0.0	10.01550042404379	0.0	0.0	0.0	0.0	0.0	0.0	0.0	0.0	0.0	0.0
GSM4138110_HNSCC_1_PBMC_CACCAGGTCGTGGGAA	83.68779511986278	71.88586605306345	78.47465096108662	0.0	0.0	0.0	51.16505528000739	21.000338692509402	56.5195752596627	0.0	0.0	30.118473763241884	0.0	0.0	0.0	0.0	0.0	0.0	0.0	0.0	0.0	0.0	0.0	0.0	0.0	0.0
GSM4138110_HNSCC_1_PBMC_CAGCAGCCAATGGTCT	50.302359426405	9.788408547224375	58.3649679487133	0.0	0.0	0.0	4.603757288928169	9.711634721738127	0.0	0.0	0.0	0.0	0.0	0.0	16.895119415500613	0.0	0.0	58.58731313496189	0.0	0.0	0.0	0.0	0.0	25.662438943124364	6.1511737320451525	0.0
GSM4138110_HNSCC_1_PBMC_CAGCATAGTCCGAGTC	71.89869309973706	27.367364822990726	59.600001827344684	0.0	17.971089859084337	0.0	75.64257339360546	29.399966837545666	0.0	0.0	0.0	12.238623346123626	0.0	4.4598098411495295	0.0	0.0	0.0	0.0	0.0	0.0	0.0	0.0	0.0	0.0	0.0	0.0
GSM4138110_HNSCC_1_PBMC_CAGCCGAAGCCCAACC	67.66477296425538	75.84561846549548	38.99090120957057	0.0	44.126091267038696	25.070893829399783	0.0	16.920160988697276	0.0	0.0	0.0	0.0	0.0	0.0	0.0	0.0	0.0	0.0	48.87089263921708	0.0	0.0	0.0	0.0	0.0	0.0	0.0
GSM4138110_HNSCC_1_PBMC_CAGCCGACATCGACGC	51.69273107590385	26.134600299940303	76.55681892856542	0.0	0.0	41.90662087490877	0.0	0.0	44.21595191645482	0.0	38.56465565719261	0.0	0.0	0.0	0.0	0.0	0.0	0.0	0.0	0.0	0.0	21.69025534684453	0.0	0.0	0.0	0.0
GSM4138110_HNSCC_1_PBMC_CATATTCTCCGCGTTT	72.74857964475795	59.94678146799483	60.0853306423067	0.0	41.59803854545079	0.0	0.0	12.478402353098598	0.0	14.753786835199051	44.415287095375646	0.0	0.0	0.0	0.0	11.085092444776146	0.0	0.0	0.0	0.0	0.0	0.0	0.0	0.0	0.0	0.0
GSM4138110_HNSCC_1_PBMC_CCAATCCCATTAGCCA	108.96722137065935	56.010530668183826	87.52188049502183	0.0	32.25892860380549	0.0	0.0	16.158468875230117	0.0	0.0	62.53564995828429	0.0	0.0	0.0	0.0	55.02259936171177	0.0	0.0	0.0	0.0	0.0	0.0	0.0	0.0	0.0	0.0
GSM4138110_HNSCC_1_PBMC_CCACGGAAGATCGGGT	27.443882893647306	47.772625218818185	46.56701532969311	0.0	44.5542605932851	114.68277534137671	0.0	0.0	0.0	0.0	0.0	0.0	0.0	0.9537183941611505	0.0	0.0	0.0	0.0	0.0	0.0	0.0	0.0	0.0	0.0	44.63387210685943	0.0
GSM4138110_HNSCC_1_PBMC_CCATGTCAGAGGTAGA	78.33364084436313	40.06816327864581	70.67787046012945	0.0	21.271704002995648	0.0	0.0	0.0	0.0	0.0	48.08930534816889	0.0	0.0	0.0	0.0	7.793645871557702	0.0	0.0	0.0	0.0	70.38420505463242	32.698858172946885	0.0	0.0	0.0	0.0
GSM4138110_HNSCC_1_PBMC_CCATGTCCATGCCCGA	84.07661911584219	51.881664725736634	82.95050756044348	0.0	15.995984730236245	32.97224970970575	50.06242242922941	0.0	0.0	0.0	0.0	0.0	50.4304093367479	5.073435349309503	0.0	0.0	0.0	0.0	0.0	0.0	0.0	32.19721306178487	0.0	0.0	0.0	0.0
GSM4138110_HNSCC_1_PBMC_CCGGTAGAGCTCCTCT	57.256972431168	55.94960667537243	51.43545749084001	63.760226954557204	0.0	0.0	0.0	8.318388872677737	0.0	0.0	0.0	0.0	0.0	0.0	0.0	0.0	49.52776378735648	29.06708775172897	0.0	0.0	0.0	0.0	0.0	0.0	0.0	0.0
GSM4138110_HNSCC_1_PBMC_CCTCTGAAGGGATCTG	45.538324559193235	43.952604774419584	51.147321774550434	0.0	0.0	50.18000944463412	0.0	13.666372818272388	0.0	0.0	0.0	0.0	0.0	0.0	0.0	0.0	35.5581622031281	0.0	28.90700650241111	0.0	0.0	0.0	0.0	0.0	0.0	0.0
GSM4138110_HNSCC_1_PBMC_CGAACATGTTCGTTGA	45.723137749173425	53.833425033930865	33.64820351467959	0.0	0.0	0.0	0.0	0.0	20.21831678889815	0.0	0.0	0.0	0.0	0.0	0.0	0.0	0.0	23.29431611020002	65.22245885821715	0.0	0.0	10.984504470511201	0.0	0.0	0.0	0.0
GSM4138110_HNSCC_1_PBMC_CGAACATTCTGTCCGT	47.04940845383509	58.35800684102717	32.69070548496149	0.0	60.361353958481345	0.0	0.0	16.94066699300809	0.0	39.248408726863474	57.25304441210039	0.0	0.0	0.0	0.0	0.0	0.0	0.0	0.0	0.0	0.0	0.0	0.0	0.0	0.0	0.0
GSM4138110_HNSCC_1_PBMC_CGAATGTAGCGTCTAT	75.95359432141399	73.79637645245033	43.00859594278627	15.648595450700961	0.0	21.543382240285695	0.0	26.659846672079823	0.0	0.0	0.0	0.0	0.0	0.0	36.846307100810584	0.0	0.0	0.0	0.0	0.0	0.0	0.0	0.0	0.0	0.0	0.0
GSM4138110_HNSCC_1_PBMC_CGGGTCAAGTCTCGGC	49.483283149612674	51.10696047158647	22.252910604867377	0.0	0.0	0.0	0.0	10.752783685872442	0.0	40.23659064117245	107.03085712905707	0.0	0.0	0.0	0.0	0.0	2.4298363978086486	0.0	0.0	0.0	0.0	0.0	0.0	0.0	0.0	0.0
GSM4138110_HNSCC_1_PBMC_CGTCTACCAAGCGTAG	61.04085108424654	36.09376382952919	33.25165144148412	0.0	0.0	104.28190146765502	0.0	0.0	49.441865751512566	0.0	62.97009043601585	0.0	0.0	9.401468161532044	0.0	0.0	0.0	0.0	0.0	0.0	0.0	0.0	0.0	0.0	0.0	0.0
GSM4138110_HNSCC_1_PBMC_CGTGTCTAGGTCGGAT	69.23232901637375	88.09473125125923	43.71258187126274	0.0	31.879711657907276	0.0	53.20224880429604	44.16184820184391	0.3219016182326095	0.0	0.0	48.391330822497125	0.0	0.0	0.0	0.0	23.63030363026388	0.0	0.0	0.0	0.0	0.0	0.0	0.0	0.0	0.0
GSM4138110_HNSCC_1_PBMC_CGTTAGACATCCAACA	90.29548084158388	25.30976025763468	22.446559376992056	0.0	0.0	0.0	105.29594948973502	10.169829088785052	0.0	13.238993392875116	0.0	0.0	0.0	0.0	0.0	0.0	6.822615753811203	0.0	0.0	0.0	0.0	0.0	0.0	0.0	0.0	0.0
GSM4138110_HNSCC_1_PBMC_CGTTGGGCATATGCTG	46.58211112881848	32.457836183455896	49.04669934071746	49.06313795418206	0.0	0.0	0.0	0.0	0.0	0.0	0.0	51.916213080802315	0.0	0.0	23.86788613046901	0.0	0.0	0.0	0.0	0.0	0.0	6.34579371215532	0.0	0.0	0.0	0.0
GSM4138110_HNSCC_1_PBMC_CTAATGGTCTCGCTTG	39.05918898180875	49.85244055222572	39.224863841086446	0.0	33.15937713550835	0.0	0.0	0.0	10.394661341914032	13.812430814838013	0.0	0.0	0.0	31.082378875815643	0.0	16.543638094413954	0.0	0.0	0.0	10.916391598976045	0.0	0.0	0.0	2.318259450905334	0.0	0.0
GSM4138110_HNSCC_1_PBMC_CTACATTTCACCAGGC	71.98580433523527	52.914571596356126	72.00386052140185	0.0	0.0	37.05997947078325	0.0	0.0	0.0	0.0	0.0	0.0	0.0	22.257256963902908	0.0	0.0	45.11737636676935	0.0	34.179102027666595	0.0	0.0	0.0	0.0	0.0	0.0	0.0
GSM4138110_HNSCC_1_PBMC_CTACGTCTCGAACGGA	35.13722597400714	66.73690176795516	30.0306690315294	51.59724265979066	0.0	0.0	0.0	29.166723863984835	0.0	0.0	0.0	0.0	0.0	0.0	0.0	9.654250055575897	20.700480231918576	0.0	0.0	0.0	0.0	0.0	0.0	0.0	0.0	0.0
GSM4138110_HNSCC_1_PBMC_CTAGAGTCACTTACGA	73.31064138192562	45.83659055246983	67.45267819110686	0.0	0.0	13.08876796823369	0.0	0.0	0.0	0.0	32.94422446525675	0.0	0.0	10.040967858489696	0.0	65.90422963590366	13.330304275748384	0.0	0.0	0.0	0.0	2.403335706434452	0.0	0.0	0.0	0.0
GSM4138110_HNSCC_1_PBMC_CTCAGAATCCGGGTGT	79.91554142392683	52.56815199084764	50.103728604052826	0.0	0.0	52.42095380595852	0.0	16.57556491050393	21.111722221919234	0.0	0.0	0.0	9.019679028476702	0.0	0.0	0.0	0.0	0.0	28.007380592521457	0.0	0.0	0.0	0.0	0.0	0.0	0.0
GSM4138110_HNSCC_1_PBMC_CTCGGGATCAATACCG	21.389978548410824	22.623327471748738	85.79036138071264	76.44476198469195	0.0	0.0	0.0	0.0	0.0	0.0	0.0	0.0	146.33842907180806	19.947335603381383	0.0	0.0	41.596660213440714	0.0	0.0	0.0	0.0	0.0	0.0	0.0	0.0	0.0
GSM4138110_HNSCC_1_PBMC_CTCGTACAGATCGGGT	128.9880643713826	133.88560534073287	139.8260923433021	0.0	0.0	0.0	110.52962531668729	0.0	184.92222175874878	0.0	0.0	0.0	15.74789048858645	0.0	0.0	132.44251519653562	0.0	9.12638724090077	0.0	0.0	0.0	41.94357187147545	0.0	0.0	0.0	0.0
GSM4138110_HNSCC_1_PBMC_CTCGTACTCTGTCCGT	90.83669827490888	60.89254658516269	69.08640053374639	0.0	32.42687944886386	0.0	0.0	0.0	0.0	56.707712979309996	75.95293371949916	0.0	0.0	14.75547707555407	0.0	0.0	0.0	0.0	0.0	0.0	0.0	0.0	0.0	0.0	0.0	0.0
GSM4138110_HNSCC_1_PBMC_CTCTGGTAGGCGTACA	33.347760132883806	40.37936655508186	39.70477680510544	42.32554795567546	5.1377075592850145	0.0	0.0	19.493144786155327	0.0	29.85986160419605	0.0	0.0	0.0	0.0	0.0	0.0	0.0	0.0	0.0	0.0	0.0	0.0	0.0	0.0	0.0	0.0
GSM4138110_HNSCC_1_PBMC_CTGAAACTCCGAGCCA	42.07183197456181	17.88787272168967	33.055216397380676	0.0	0.0	67.70441465579607	0.0	19.146421283760084	0.0	0.0	38.41093984034796	0.0	0.0	0.0	50.95552033770185	0.0	0.0	0.0	0.0	0.0	0.0	0.0	0.0	0.0	0.0	0.0
GSM4138110_HNSCC_1_PBMC_CTGAAGTAGCGATCCC	86.40029340142448	53.28398240984753	28.516947614938783	0.0	0.0	0.0	46.831437384355056	25.868954413889455	35.574757283356604	0.0	0.7037638507982362	0.0	0.0	0.0	0.0	0.0	0.0	0.0	0.0	0.0	34.63713048844706	0.0	0.0	0.0	0.0	0.0
GSM4138110_HNSCC_1_PBMC_CTGATAGAGATCTGCT	39.8076559470532	45.68505670227823	21.972245422961194	23.12000509987835	52.77731918317189	0.0	0.0	20.186848212621367	32.1852018903302	0.0	0.0	0.0	26.528232710896468	0.0	0.0	0.0	0.0	0.0	0.0	0.0	17.401711855508424	0.0	0.0	0.0	0.0	0.0
GSM4138110_HNSCC_1_PBMC_CTGATAGAGCCTTGAT	59.45282040115379	62.99385068853442	63.88208621052766	52.14408231847131	46.271092574415	48.90803644605222	0.0	0.0	0.0	0.0	0.0	0.0	0.0	26.468122685102596	0.0	0.0	0.0	0.0	0.0	0.0	0.0	0.0	0.0	0.0	0.0	0.0
GSM4138110_HNSCC_1_PBMC_CTGCCTAAGGTGCTTT	100.79553095645494	104.95336432017993	48.74283544359301	20.82117878320242	0.0	0.0	0.0	14.810632196907	0.0	0.0	0.0	0.0	0.0	0.0	20.06240973246962	0.0	0.0	0.0	0.13764000033697557	53.20809721839852	5.5363242236578785	0.0	0.0	11.080997996928918	0.0	0.0
GSM4138110_HNSCC_1_PBMC_CTGCCTATCACGACTA	29.1274144999616	45.907977810291115	75.9607353552685	38.15200472181681	0.0	0.0	0.0	0.0	0.0	0.0	0.0	0.0	0.0	7.4055758901674755	0.0	0.0	6.256514241312397	0.0	0.0	0.0	73.57936068968664	0.0	0.0	0.0	0.0	0.0
GSM4138110_HNSCC_1_PBMC_CTGGTCTTCGAGAACG	58.53040558831996	28.992454720511407	19.516676279715387	0.0	37.347106589866456	0.0	0.0	1.922680722957347	0.0	0.0	0.0	0.0	11.112568747040006	0.0	7.902772877023452	0.0	0.0	0.0	0.0	11.838140274364248	18.064120380928763	6.953844485104475	0.0	20.917097639327924	0.0	0.0
GSM4138110_HNSCC_1_PBMC_CTGTTTAAGTGGAGTC	51.80444436302411	42.48806531018716	16.10986097611667	64.69122102739139	0.0	0.0	0.0	15.87472515385293	0.0	15.849448602418937	0.0	0.0	0.0	0.0	0.0	0.0	42.966494326180474	0.0	0.0	0.0	0.0	0.0	0.0	0.0	0.0	0.0
GSM4138110_HNSCC_1_PBMC_GAACATCTCCCTAATT	98.87270789741181	95.37485143452196	91.19880203811529	0.0	36.66513025680825	56.24443314484184	0.0	0.0	0.0	0.0	0.0	0.0	0.0	0.0	0.0	0.0	0.0	0.0	0.0	39.58838665641657	0.0	41.183173782898386	0.0	46.75510145576722	0.0	0.0
GSM4138110_HNSCC_1_PBMC_GAACCTATCTGAGGGA	77.05402712731	31.808491672954368	22.971107857144244	0.0	22.49330663205794	0.0	5.046890828327489	11.050087831581447	0.0	0.0	0.0	0.0	49.9721866822931	0.0	0.0	0.0	0.0	0.0	0.0	27.59093063891904	0.1255873283439792	0.0	0.0	0.0	8.473965726091333	0.0
GSM4138110_HNSCC_1_PBMC_GAATGAATCAGTTAGC	44.958889434440174	59.91684252696319	17.0600189740092	0.0	0.0	45.89638763238214	5.9664825265857235	12.157280006348312	0.0	0.0	5.22169326809279	0.0	0.0	0.0	0.0	0.0	49.19676682898931	0.0	0.0	0.0	0.0	0.0	0.0	0.0	0.0	0.0
GSM4138110_HNSCC_1_PBMC_GATCGATAGTACACCT	76.97220143549754	43.72629621120245	56.278599580131335	0.0	27.342047481399916	0.0	39.133586696207175	22.0374761480561	0.0	0.0	0.0	0.0	0.0	0.0	0.0	34.72335520894477	0.0	0.0	0.0	0.0	0.0	0.0	0.0	0.0	0.0	0.0
GSM4138110_HNSCC_1_PBMC_GATCGATTCAGCATGT	67.86794468604701	58.691653916995755	52.85022599968546	86.91203591649062	29.848577937739215	64.8042687480954	0.0	0.0	30.969943740844815	0.0	0.0	0.0	0.0	17.076808325530067	0.0	0.0	0.0	0.0	0.0	0.0	0.0	0.0	0.0	0.0	0.0	0.0
GSM4138110_HNSCC_1_PBMC_GATGAAATCCAAGCCG	78.15616957548727	74.85524252300425	33.35513847427445	0.0	0.0	32.84892526366825	0.0	16.054434575537293	74.15381023382866	0.0	14.810159644043557	0.0	0.0	0.0	0.0	19.473521009124827	0.0	0.0	0.0	0.0	0.0	0.0	0.0	0.0	0.0	0.0
GSM4138110_HNSCC_1_PBMC_GCACATAAGGTGTGGT	44.62246282370376	46.234276185400084	39.14735673700068	0.0	0.0	32.24744377432376	42.40333339151802	10.35475489581343	0.0	0.0	0.0	0.0	0.0	0.0	0.0	0.0	0.0	0.0	0.0	0.0	0.0	0.0	113.60251016239707	0.0	0.0	0.0
GSM4138110_HNSCC_1_PBMC_GCACTCTGTACAGTGG	56.27795671379558	25.01627895268954	52.340380845769936	0.0	7.48508269980874	0.0	0.0	22.506884745047564	20.576219635650773	0.0	0.0	150.4620119988496	0.0	0.0	27.65967788087147	0.0	0.0	0.0	28.063829667457245	0.0	0.0	0.0	0.0	0.0	0.0	0.0
GSM4138110_HNSCC_1_PBMC_GCCTCTAAGTTAAGTG	53.66317172584149	29.207372638496864	39.94685722286989	34.090658856954704	0.0	0.0	0.0	0.0	23.192324778294566	0.0	0.0	0.0	0.0	12.819590521019757	0.0	0.0	0.0	37.55841992143765	0.0	0.0	0.0	0.0	0.0	0.0	0.0	0.0
GSM4138110_HNSCC_1_PBMC_GCCTCTAGTTGAACTC	56.06848404593395	40.21396107473265	30.490061345233826	0.0	36.136455535323044	0.0	0.0	8.12272230605931	0.0	40.22392784559442	14.371271862936108	0.0	0.0	0.0	0.0	0.0	0.0	0.0	0.0	0.0	0.0	0.0	0.0	0.0	27.92195885568164	0.0
GSM4138110_HNSCC_1_PBMC_GCGAGAAAGTGACATA	47.08675782307884	47.42433164745603	41.7622325612991	121.62961113166796	19.592579595801872	0.0	20.9449640321404	0.0	0.0	2.5417949005114306	0.0	62.981090579256374	0.0	13.017360669546875	0.0	0.0	0.0	0.0	0.0	0.0	0.0	0.0	0.0	0.0	0.0	0.0
GSM4138110_HNSCC_1_PBMC_GCTGCAGGTCCTCTTG	68.66869774642159	54.78780978890776	22.488514352794173	0.0	0.0	0.0	0.0	24.80682077171509	0.0	59.07429321775468	56.348878249181446	0.0	0.0	0.0	0.0	0.0	0.0	0.0	0.0	0.0	0.0	0.0	13.802309423259912	0.0	0.0	0.0
GSM4138110_HNSCC_1_PBMC_GGAAAGCAGTCAATAG	86.34130819314387	45.52716882118774	61.00357623114201	0.0	0.0	0.0	0.0	11.104364304322853	29.79735291860193	66.43911948507323	63.782582613856306	0.0	0.0	0.0	0.0	0.0	0.0	0.0	0.0	0.0	0.0	0.0	0.0	0.0	0.0	0.0
GSM4138110_HNSCC_1_PBMC_GGAACTTGTTTACTCT	47.70805244714818	28.987776369552062	18.095909599774718	0.0	6.8324896472941035	32.24326201614637	48.91155297273117	20.2406819989876	0.0	0.0	0.0	0.0	0.0	0.0	26.94136285946428	0.0	2.5209444895608377	0.0	0.0	0.0	0.0	0.0	0.0	0.0	0.0	0.0
GSM4138110_HNSCC_1_PBMC_GGCAATTGTCCTCTTG	17.91623682361098	93.91851340096972	18.47976423205749	0.0	30.927025931421994	43.05554312345118	0.0	0.745488223019429	0.0	0.0	4.473786301478607	0.0	0.0	0.0	0.0	0.0	0.0	0.0	0.0	0.0	0.0	20.5190083479965	12.522466068689745	0.0	0.0	0.0
GSM4138110_HNSCC_1_PBMC_GGGACCTAGGCCCTTG	65.14190363770773	64.84518492949901	19.19110420774971	0.0	8.168219491849527	0.0	33.21663773966317	16.669098795796444	0.6546914304946007	0.0	0.0	36.152630815782736	0.0	0.0	0.0	0.0	0.0	0.0	0.0	0.0	0.0	0.0	0.0	0.0	0.0	0.0
GSM4138110_HNSCC_1_PBMC_GGGACCTTCGTCCAGG	40.02645609513255	30.834350961531445	38.17940318060436	0.0	0.0	0.0	28.438836077587624	0.0	40.74772340007918	0.0	0.0	0.0	60.276961851858225	0.0	0.0	0.0	0.0	0.0	0.0	0.0	2.280546131119347	15.289154875263117	0.0	0.0	0.0	0.0
GSM4138110_HNSCC_1_PBMC_GGGATGACAATGGTCT	105.1553872689997	16.8896553108176	60.63021552330963	0.0	0.2894706439461994	0.0	0.0	0.0	0.0	45.405348722386165	0.0	0.0	0.0	11.23155017473098	0.0	0.0	0.0	0.0	62.73184035039273	0.0	0.0	0.0	0.0	0.0	0.0	0.0
GSM4138110_HNSCC_1_PBMC_GGGCACTGTCTAGGTT	75.64176773933615	64.3760390340459	47.6941934984464	76.876710519463	0.0	0.0	0.0	21.92502168152308	43.474194020144665	0.0	0.0	1.8086674195172225	11.683447977109864	0.0	0.0	0.0	0.0	43.60894875236551	0.0	0.0	4.899736602930401	0.0	0.0	0.0	0.0	0.0
GSM4138110_HNSCC_1_PBMC_GGTATTGTCCTTCAAT	71.49887281244023	37.998362938578076	56.872788879589656	0.0	36.83919654664383	0.0	0.0	0.0	28.045006625236628	0.0	48.63078499068012	0.0	0.0	30.400334903961205	0.0	21.72831436407327	0.0	0.0	0.0	0.0	0.0	0.0	0.0	0.0	0.0	0.0
GSM4138110_HNSCC_1_PBMC_GGTGTTACAATCCAAC	60.79667161010943	54.91931845146527	45.48793972487624	0.0	0.0	0.0	0.0	13.506220566231901	0.0	24.53531416744186	0.0	0.0	0.0	0.0	0.0	0.0	1.4680213674372165	0.0	43.12486532656103	0.0	0.0	0.0	26.994648067882547	0.0	0.0	0.0
GSM4138110_HNSCC_1_PBMC_GGTGTTACAGCCACCA	72.54374008329292	35.496924126306986	29.320729716524514	0.0	21.66578761763405	0.0	0.0	35.96444426430422	0.0	0.0	0.0	0.0	0.0	0.0	0.0	0.0	0.0	0.0	2.570198239784262	0.0	51.384902923934526	0.0	0.0	46.7424985253012	0.0	0.0
GSM4138110_HNSCC_1_PBMC_GTAACGTTCGTATCAG	111.61291784808995	75.01239261497518	67.82202387262514	38.626076755647794	44.868095717657766	0.0	6.008997763952627	16.309769319200214	0.0	0.0	0.0	0.0	101.53783732365659	0.0	26.52796333463044	0.0	0.0	0.0	0.0	8.814315048365026	0.0	15.062402309103586	0.0	8.459776075989419	0.0	0.0
GSM4138110_HNSCC_1_PBMC_GTATTCTTCTTCCTTC	48.564249844733155	53.602409561516644	23.25870366241569	0.0	0.0	44.04956581875777	55.29154439470813	0.0	0.0	0.0	0.0	0.0	0.0	2.9806372186782806	17.78579203529784	7.825555121377141	23.09120846384014	0.0	0.0	0.0	0.0	18.253927720623786	0.0	0.0	0.0	0.0
GSM4138110_HNSCC_1_PBMC_GTCAAGTGTGGGTATG	90.08171899849854	44.10530546335747	52.26970774623752	0.0	48.95432073902447	0.0	49.18780127466848	0.0	0.0	0.0	0.0	4.277388909681559	0.0	0.0	0.0	0.0	0.0	23.97696539937241	0.0	7.249634659730074	0.0	11.767230384647247	0.0	0.0	0.0	0.0
GSM4138110_HNSCC_1_PBMC_GTCACGGGTGCAACGA	0.0	0.0	413.7481371943382	445.9161267392496	0.0	0.0	0.0	0.0	909.8692937596455	0.0	0.0	0.0	12.420430485965882	0.0	0.0	0.0	0.0	0.0	0.0	0.0	0.0	0.0	0.0	0.0	0.0	0.0
GSM4138110_HNSCC_1_PBMC_GTGCGGTCAAGGTGTG	52.14335162619591	44.75856825147358	40.36788363285719	0.0	50.48558567116276	0.0	75.70252519643205	0.0	20.446163340797103	59.11656270309527	0.0	0.0	0.0	0.5911626921067931	0.0	0.0	0.0	0.0	0.0	0.0	0.0	0.0	0.0	0.0	0.0	0.0
GSM4138110_HNSCC_1_PBMC_GTGTGCGAGGAGCGAG	18.844808474878246	19.439521975701922	51.666873943653826	32.937421529464764	0.0	0.0	0.0	0.0	0.0	0.0	1.6175811458190454	0.0	0.0	11.246873708124536	22.764566374251533	126.75939755072295	0.0	0.0	0.0	0.0	0.0	0.0	0.0	0.0	0.0	0.0
GSM4138110_HNSCC_1_PBMC_GTGTGCGCAAGTCATC	52.730957825938624	56.032680127147714	50.80182470562497	0.0	10.489855001078025	0.0	71.42147427011702	0.0	0.0	0.0	0.0	0.0	40.2016963083085	12.383545184052222	0.49790112502773537	0.0	4.410813979749561	0.0	0.0	0.0	0.0	0.0	0.0	0.0	26.254264096246896	0.0
GSM4138110_HNSCC_1_PBMC_TAAACCGTCATCTGTT	42.29820037510108	38.03653850261371	66.09292471873027	65.91844598008161	23.196197104557935	0.0	0.0	0.0	0.0	0.0	3.1303317250370335	0.0	39.009720952232634	15.278957273815577	0.0	0.0	0.0	0.0	0.0	0.0	0.0	0.0	0.0	0.0	0.0	0.0
GSM4138110_HNSCC_1_PBMC_TAAGCGTCAATGGATA	60.274217541958414	37.80225235757612	112.86182060925019	26.076599052015993	65.66518872250093	0.0	0.0	0.0	0.0	0.0	0.0	52.47202366779862	0.0	43.10982856673821	0.0	0.0	0.0	0.0	0.0	0.0	0.0	0.0	0.0	0.0	0.0	0.0
GSM4138110_HNSCC_1_PBMC_TACACGATCCTGCCAT	70.7012074924125	53.07095643258658	34.70867859078771	0.0	0.0	0.0	0.0	65.47464326112942	0.0	0.0	0.0	0.0	0.0	0.0	57.34003491197237	0.0	37.76193282628225	0.0	0.0	0.0	58.42464642915786	0.0	0.0	0.0	61.64093789046899	0.0
GSM4138110_HNSCC_1_PBMC_TACCTTAAGGCTAGAC	73.33550874484688	66.67553358994698	43.931916443822495	50.272375890870535	10.36223439403168	0.0	0.0	24.307679535284265	13.978596403318756	0.0	0.0	15.064049652313036	27.5218564598168	0.0	0.0	0.0	0.0	0.0	0.0	0.0	0.0	0.0	0.0	0.0	0.0	0.0
GSM4138110_HNSCC_1_PBMC_TACGGATCAGGGTATG	22.916675502219	54.64589018997347	42.5574174319834	0.0	0.0	0.0	0.0	0.0	0.0	0.0	0.0	55.5246819494786	0.0	16.967065869000166	0.0	0.0	30.611578521308964	0.0	0.0	0.0	0.0	0.0	0.0	7.328517608580788	51.98300717093281	0.0
GSM4138110_HNSCC_1_PBMC_TAGAGCTCAGATGGCA	79.64155958345938	36.51859647836462	28.534410241224194	44.22054622928735	0.0	0.0	0.0	0.0	0.0	23.09193231417923	0.0	0.0	0.0	10.985349258259625	62.83698252247106	7.276799060758984	0.0	0.0	0.0	0.0	0.0	0.0	0.0	0.0	0.0	0.0
GSM4138110_HNSCC_1_PBMC_TAGCCGGAGAAGGCCT	74.54895432848201	30.151417523756596	62.01140853539029	51.36301746419585	2.9549940854953967	0.0	0.0	20.39142225361742	31.89851577160415	30.18384274482812	0.0	0.0	0.0	0.0	8.269586985792797	14.74819291492957	0.0	0.0	0.0	0.0	0.0	0.0	0.0	0.0	0.0	0.0
GSM4138110_HNSCC_1_PBMC_TATCTCAAGGTGCACA	77.13505593465119	59.700328190167816	38.34238025620273	0.0	26.183036137907145	0.0	0.0	15.43096998737781	0.0	0.0	0.0	15.211384296941592	0.0	0.0	0.0	0.0	0.0	0.0	0.0	21.830890097189663	0.0	0.0	0.0	0.0	0.0	0.0
GSM4138110_HNSCC_1_PBMC_TCACAAGGTTCATGGT	49.971923538225155	24.370228666727584	47.132323122670456	0.0	12.433368365394156	53.85517691872076	33.99346412972046	0.0	0.0	0.0	0.0	0.0	0.0	0.0	0.0	0.0	0.0	0.0	0.0	0.0	0.0	8.773534046806553	0.0	0.0	0.0	0.0
GSM4138110_HNSCC_1_PBMC_TCACAAGTCTTGACGA	148.39001244303088	456.44389159363664	221.810316911611	112.4474569420325	211.54391522834763	0.0	0.0	0.0	0.0	0.0	0.0	0.0	0.0	24.508056381252064	0.0	0.0	0.0	0.0	0.0	0.0	163.58685330125576	7.432604446860615	0.0	0.0	0.0	0.0
GSM4138110_HNSCC_1_PBMC_TCGAGGCTCGGAAATA	87.10793097379998	47.87215822171797	22.980253934724242	30.395203770954687	33.28990254181687	68.28202916746177	0.0	18.149702204123702	0.0	0.0	0.0	0.0	0.0	0.0	0.0	0.0	0.0	0.0	0.0	0.0	0.0	0.0	0.0	42.38649615721241	0.0	0.0
GSM4138110_HNSCC_1_PBMC_TCTATTGGTTTAGGAA	64.45392731277236	57.83544841629375	27.949393667541123	0.0	30.473291942346545	39.60461798349872	0.0	13.685583229726191	0.0	0.0	50.5311278154752	0.0	0.0	0.0	0.0	0.0	0.0	0.0	0.0	0.0	0.0	0.0	0.0	0.0	0.0	0.0
GSM4138110_HNSCC_1_PBMC_TCTATTGTCATCTGCC	58.325358623299685	36.53840236695783	39.33690086096186	0.0	0.0	11.857104925857202	0.0	0.0	33.503374529564496	0.0	0.0	0.0	0.15244851197118842	1.3381896618423248	0.0	0.0	0.0	0.0	0.0	0.0	0.0	0.0	0.0	0.0	5.651755208477775	0.0
GSM4138110_HNSCC_1_PBMC_TCTTCGGCACCCTATC	93.94717361548231	58.81948284597014	58.976255318100634	74.8598481156077	16.88409555394513	0.0	0.0	0.0	0.0	0.0	0.0	0.0	38.22172029541255	5.010036131469538	0.0	0.0	0.0	0.0	0.0	0.0	0.0	0.0	0.0	0.0	0.0	0.0
GSM4138110_HNSCC_1_PBMC_TGGGCGTTCACAGGCC	0.0	0.0	0.0	0.0	0.0	0.0	0.0	0.0	0.0	0.0	0.0	0.0	0.0	0.0	0.0	0.0	255.29609800635836	0.0	0.0	0.0	0.0	0.0	2442.790284210099	0.0	0.0	0.0
GSM4138110_HNSCC_1_PBMC_TGTGTTTGTTAAAGAC	60.035107132507555	83.86639452799022	64.59311838255739	51.09898881987514	0.0	0.0	41.85270583102874	0.0	126.98728384712808	87.51243500960331	0.0	0.0	0.0	22.61850993282343	0.0	0.0	0.0	0.0	0.0	0.0	0.0	0.0	0.0	0.0	0.0	0.0
GSM4138110_HNSCC_1_PBMC_TGTTCCGCACGGCGTT	161.16521909099703	181.17081493637284	66.07338894656293	16.756054985794297	145.68773139214147	63.30401562631813	79.66502493752198	12.703647124805492	0.0	90.1451593599355	0.0	0.0	0.0	26.341636735569686	0.0	8.145571171009289	0.0	0.0	27.634666431057294	0.0	0.0	0.0	0.0	0.0	0.0	0.0
GSM4138110_HNSCC_1_PBMC_TTAGGCAAGGCTAGCA	101.58257456418148	60.08552696672484	55.15939922863508	42.89026756817111	0.0	0.0	0.0	0.0	30.077660776988363	0.0	0.0	0.0	0.0	0.0	2.443392332559963	29.675670180866724	0.0	0.0	0.0	0.0	0.0	30.961119990841386	0.0	0.0	0.0	0.0
GSM4138110_HNSCC_1_PBMC_TTCCCAGCACATGGGA	1.1662170939819263	106.47071972616683	69.16313911853833	45.073413426544896	0.0	0.0	0.0	0.0	0.0	0.0	0.0	30.022027441287253	0.0	0.0	50.25742925241187	0.0	14.01011289466294	0.0	0.0	0.0	0.0	4.0063404315352	0.0	0.0	0.0	0.0
GSM4138110_HNSCC_1_PBMC_TTCGGTCAGACCCACC	50.93089370615165	26.81936829591428	40.5139510526299	29.774273751838614	16.02311477351113	1.2505089947504016	0.0	6.785391200748081	0.0	0.0	0.0	0.0	34.59062944937746	0.0	0.0	0.0	0.0	14.876262427611694	0.0	0.0	0.0	5.848479635776947	0.0	0.0	0.0	0.0
GSM4138110_HNSCC_1_PBMC_TTCTCCTTCCTCAATT	57.586106517402996	87.26501894838403	26.087952102855773	68.90558859396417	34.33040824265005	0.0	0.0	0.0	0.0	0.0	0.0	25.95384877961824	0.0	20.195276408967782	0.0	0.0	0.0	0.0	0.0	0.0	0.0	0.0	0.0	0.0	0.0	0.0
GSM4138110_HNSCC_1_PBMC_TTGAACGGTCGAAAGC	73.21129853269426	38.365192800375056	31.397923720259133	0.0	0.0	0.0	0.0	10.604627318885083	0.0	38.63252437634965	39.50697967711665	0.0	0.0	0.0	0.0	0.0	22.02477934022607	0.0	0.0	0.0	0.0	0.0	0.0	0.0	0.0	0.0
GSM4138110_HNSCC_1_PBMC_TTGCCGTAGTCAAGCG	61.016400839229114	50.45395608209133	20.136945290029043	0.0	0.0	78.41200018803261	0.0	12.587640792962025	31.156967351869774	0.0	51.888137117988656	0.0	0.0	0.0	0.0	0.0	0.0	0.0	0.0	0.0	0.0	0.0	0.0	0.0	0.0	0.0
GSM4138110_HNSCC_1_PBMC_TTGCGTCTCAAGGCTT	57.06903857703479	76.02726610502874	59.66870582987011	63.8079786957725	0.0	0.0	0.0	0.0	25.201699842555733	0.0	0.0	4.062728388394093	0.0	23.50848833910713	0.0	0.0	0.0	35.708347121483555	0.0	0.0	0.0	0.0	0.0	0.0	0.0	0.0
GSM4138110_HNSCC_1_PBMC_TTTATGCGTGCATCTA	55.02854423401348	41.54580634664619	36.07602756514521	0.0	0.0	0.0	54.58640667292435	0.0	0.0	0.0	0.0	0.0	0.0	5.461333155880929	0.0	0.0	3.2212863595467667	0.0	0.0	0.0	24.30460116914523	0.0	0.0	0.0	0.0	0.0
GSM4138110_HNSCC_1_PBMC_TTTGCGCTCTTGTACT	51.77013115439152	60.484734752412315	69.30548101959545	0.0	5.673823077331792	0.0	0.0	16.016735032601446	0.0	0.0	0.0	0.0	40.38214832148203	0.0	6.498972258513509	0.0	0.0	0.0	15.858440300275667	0.0	25.10154985394086	0.0	0.0	0.0	0.0	0.0
GSM4138110_HNSCC_1_PBMC_TTTGGTTCACTTCTGC	111.3025967584676	84.27754092216436	36.4367247253285	8.924965812732278	0.0	53.313958816859376	0.0	35.913296539985616	27.624954918965933	0.0	104.66664551428795	0.0	0.0	0.0	10.916479043431014	0.0	0.0	0.0	0.0	0.0	0.0	0.0	0.0	0.0	0.0	0.0
GSM4138110_HNSCC_1_PBMC_CTACACCAGTTGTAGA	108.88552417312329	85.60458576649907	121.30290864755133	0.0	0.0	0.0	56.70434434019077	0.0	62.894414400695325	114.39700557300407	0.0	0.0	0.0	21.336655230917465	0.0	0.0	0.0	0.0	0.0	0.0	0.0	0.0	0.0	0.0	0.0	0.0
GSM4138110_HNSCC_1_PBMC_AACTGGTGTCAGAATA	32.41016057108082	21.900329387001168	38.60141383518594	0.0	1.5686596211219508	0.0	63.0868491361713	1.9955637823239503	0.0	0.0	0.0	0.0	0.0	9.976989153211703	21.77970785241211	0.0	0.0	0.0	0.0	0.0	40.479799395399944	0.0	0.0	0.0	0.0	0.0
GSM4138110_HNSCC_1_PBMC_AAACGGGTCCTCAACC	81.03070552200516	56.486549299075854	24.614089770407624	0.0	0.0	0.0	0.0	10.307205512686078	0.0	0.0	0.0	0.0	0.0	0.0	0.0	0.0	24.645236547875317	32.06347577104327	0.0	43.15448207336133	0.0	0.0	0.0	0.0	0.0	0.0
GSM4138110_HNSCC_1_PBMC_AAGGCAGAGGCGTACA	45.662961495615015	81.58081192991287	64.621849583849	0.0	9.610336523614071	0.0	0.0	28.446552734113038	0.0	39.602052844767385	0.0	0.0	0.0	0.0	0.0	0.0	0.0	0.0	0.0	57.53068782358376	0.0	0.0	0.0	0.0	0.0	0.0
GSM4138110_HNSCC_1_PBMC_ACATGGTCAATGGAGC	119.01285555660189	41.53499003234666	53.247312671608746	0.0	26.564366725927776	0.0	0.0	0.0	0.0	27.25938825883573	0.0	0.0	0.0	25.15196097893715	0.0	0.0	0.0	0.0	0.0	0.0	0.0	0.0	0.0	0.0	70.06657663798545	0.0
GSM4138110_HNSCC_1_PBMC_ACGATGTGTTATCACG	47.00435601395091	72.21809837349304	33.91206189938357	35.65728804742838	18.711814044096887	0.0	0.0	0.0	0.0	0.0	0.0	0.0	35.278301649422055	20.95883314215031	1.51195966098583	0.0	0.0	0.0	0.0	0.0	0.0	0.0	0.0	0.0	0.0	0.0
GSM4138110_HNSCC_1_PBMC_ACGGCCATCTCCCTGA	111.20737764257788	94.32655519469424	29.01612078643417	0.0	0.0	0.0	0.0	0.0	52.861274298966556	0.0	0.0	0.0	74.16209852968323	29.29302613167882	0.0	0.0	0.0	0.0	57.88427156893273	0.0	0.0	0.0	0.0	0.0	0.0	0.0
GSM4138110_HNSCC_1_PBMC_AGCTCTCTCATTGCCC	74.9037461560636	65.17794439516611	57.968313501601266	0.0	116.87768372950022	0.0	0.0	69.08100878114958	0.0	67.69150573590105	76.68909829560388	0.0	0.0	0.0	0.0	0.0	0.0	0.0	0.0	0.0	0.0	0.0	0.0	0.0	0.0	0.0
GSM4138110_HNSCC_1_PBMC_AGGTCATTCTCTAGGA	75.35842763321284	45.468498594255884	56.79615973306656	0.0	0.0	0.0	0.0	6.72428174094944	23.245913359187945	0.0	0.0	0.0	43.789913479204344	0.0	28.410943687995644	0.0	0.0	0.0	0.0	0.0	0.0	0.0	0.0	0.0	53.45014700673879	0.0
GSM4138110_HNSCC_1_PBMC_ATAGACCTCTGGTGTA	63.353469576375325	43.3118139211967	18.395054627623047	37.15137304746792	0.0	0.0	0.0	0.0	0.0	0.0	0.0	104.93267006317838	0.0	19.449694632186283	37.67209035516408	0.0	0.0	0.0	0.0	0.0	0.0	0.0	0.0	0.0	0.0	0.0
GSM4138110_HNSCC_1_PBMC_ATAGACCTCTTCCTTC	67.02067458743946	42.076355097850644	44.99543528201861	0.0	35.0342959541889	0.0	0.0	9.551403711082362	0.0	0.0	0.0	0.0	13.74194645029305	0.0	0.0	0.0	0.0	0.0	15.313330434313832	0.0	5.527494916030092	0.0	0.0	0.0	0.0	0.0
GSM4138110_HNSCC_1_PBMC_ATCTACTCACTGTGTA	65.21173588109694	23.96191163499547	47.90392349209691	0.0	0.0	61.01761555337622	0.0	10.724995805615924	57.69684646182555	0.0	8.601528898153166	0.0	0.0	9.890976147478781	0.0	0.0	0.0	0.0	0.0	0.0	0.0	3.747778831055843	0.0	13.456442190957427	27.463897379724564	0.0
GSM4138110_HNSCC_1_PBMC_ATCTGCCAGGAATCGC	71.82940614212474	34.98073186536943	22.20858490655667	57.304441890279755	40.24373040444432	0.0	0.0	26.59549572802547	13.75697681000196	0.0	0.0	33.99039742962023	0.0	0.0	0.0	0.0	0.0	9.37055547978755	0.0	0.0	0.0	0.0	0.0	0.0	0.0	0.0
GSM4138110_HNSCC_1_PBMC_ATGGGAGCATGGGAAC	67.28343973285621	60.50147849599432	187.2153319748296	166.79028934137304	0.0	0.0	0.0	8.763345205972954	137.14659712114582	0.0	0.0	0.0	0.0	0.0	0.0	0.0	0.0	0.0	0.0	0.0	93.70713796815352	0.0	95.31677977154102	0.0	0.0	0.0
GSM4138110_HNSCC_1_PBMC_ATGTGTGGTAGCTGCC	32.94311752586629	30.80742446878168	48.43274473165211	5.519735338413304	34.03710956768695	0.0	0.0	0.0	0.0	0.0	0.0	0.0	0.0	17.881481281669917	0.0	0.0	0.0	110.25445207020061	0.0	0.0	0.0	0.0	0.0	0.0	0.0	0.0
GSM4138110_HNSCC_1_PBMC_CACAAACCATCCCACT	84.10654366180549	67.50067517791123	98.45511484339866	0.0	0.0	0.0	0.0	8.974340359313077	40.6512888944974	0.0	34.54780025503843	35.106776950862624	0.0	0.0	0.0	0.0	0.0	0.0	0.0	0.0	0.0	4.125440939629584	0.0	0.0	0.0	0.0
GSM4138110_HNSCC_1_PBMC_CACCACTAGTTACCCA	94.93224697885853	82.82739071947934	35.21114305702947	0.0	44.962795630528326	0.0	0.0	0.0	0.0	0.0	0.0	37.76270784014038	0.0	0.0	0.0	0.0	0.0	0.0	0.0	53.953302958818966	13.50328879121444	21.664347416437803	0.0	0.0	0.0	0.0
GSM4138110_HNSCC_1_PBMC_CATGCCTTCAGCTCTC	63.97137041513195	50.95186005570534	44.476371867560566	73.72181717363874	61.46708100021551	0.0	0.0	24.32263633908473	0.0	0.0	0.0	0.0	0.0	0.0	0.0	0.0	0.0	0.0	0.0	0.0	56.26469525829962	0.0	0.0	0.0	0.0	2.2111236308174713
GSM4138110_HNSCC_1_PBMC_CATGGCGCATGTTCCC	87.20000047309973	50.33623154998194	52.966173605286535	0.0	62.798101062618315	0.0	0.0	22.158549975714806	5.836586570429466	0.0	0.0	73.19495846296566	0.0	0.0	0.0	0.0	0.0	16.93058419046873	0.0	10.60800192422704	0.0	0.0	0.0	7.473822732156661	0.0	0.0
GSM4138110_HNSCC_1_PBMC_CCACCTAGTAGTACCT	71.04623572807583	50.13793099779098	46.058329542302424	0.0	0.0	0.0	89.37819360096859	15.303140313818368	0.0	27.151996008638143	0.0	0.0	0.0	0.0	0.0	0.0	40.59605395840458	0.0	0.0	0.0	0.0	0.0	0.0	0.0	0.0	0.0
GSM4138110_HNSCC_1_PBMC_CCGTTCAGTATATCCG	75.77135274241779	48.04610759674797	59.6039187655066	0.0	0.0	0.5287293511149999	0.0	0.0	0.0	0.0	0.0	0.0	59.35915868257886	0.0	71.5377620105141	0.0	0.0	0.0	0.0	0.0	0.0	47.10026932786369	0.0	0.0	29.510212550035885	0.0
GSM4138110_HNSCC_1_PBMC_CCTACACGTCCGAAGA	39.99185400861495	44.20767167092665	15.59337234738807	0.0	2.1440308797827448	28.992211034536595	0.0	11.321492081687957	35.93283207808003	0.0	0.0	0.0	0.0	0.0	1.8721719028550132	1.5083263414238803	0.0	0.0	59.544690271827584	0.0	0.0	0.0	0.0	0.0	0.0	0.0
GSM4138110_HNSCC_1_PBMC_CCTCTGAGTCGCGAAA	121.0701329385368	75.09515292232189	69.89321282023242	65.7622052417162	0.0	0.0	0.0	25.62710894084708	56.80810058168884	0.0	0.0	0.0	0.0	0.0	0.0	0.0	0.0	0.0	0.0	0.0	63.71520649978119	0.0	0.0	0.0	0.0	0.0
GSM4138110_HNSCC_1_PBMC_CGCTGGAAGGCATGTG	59.755899632578824	68.23032618339214	38.14889897329847	40.461196462727095	48.742989955083985	63.148965691895725	0.0	22.15863639250141	0.0	0.0	0.0	0.0	0.0	0.0	0.0	0.0	0.0	0.0	0.0	0.0	0.0	0.0	0.0	0.0	0.0	0.0
GSM4138110_HNSCC_1_PBMC_CGGAGTCTCACAATGC	70.74117969221948	0.0	40.184876352043446	59.97668518021153	6.988353782258937	54.16855201590052	0.0	0.0	0.0	0.0	0.0	0.0	0.0	15.699561913145237	0.0	0.0	21.92763431532981	0.0	0.0	0.0	0.0	0.0	0.0	0.0	0.0	0.0
GSM4138110_HNSCC_1_PBMC_CGGCTAGAGCTACCGC	108.30309027288665	55.519948709277244	59.697308644352894	0.0	36.93947283658648	0.0	30.638603075033675	0.0	0.0	0.0	0.0	0.0	0.0	18.847093505161773	0.0	0.0	0.0	63.611111123121844	0.0	0.0	0.0	0.0	0.0	0.0	0.0	0.0
GSM4138110_HNSCC_1_PBMC_CGTTGGGCAAGCCGCT	204.32792918613094	30.25776213058771	52.09820851544456	0.0	32.02361657822423	0.0	0.0	0.0	5.207676621138405	0.0	14.979090709154216	0.0	0.0	33.56349503754281	0.0	10.179545059095151	0.0	0.0	0.0	0.0	0.0	0.0	0.0	0.0	0.0	0.0
GSM4138110_HNSCC_1_PBMC_CTCAGAAGTCCGACGT	75.2348273500667	31.914829458896794	48.59640152078814	26.782612558653728	0.0	0.0	0.0	5.174989893243269	29.21603235580748	0.0	0.0	50.539961007480905	0.0	0.0	0.0	0.0	0.0	0.0	0.0	0.0	0.0	0.0	0.0	23.35805404010024	0.0	0.0
GSM4138110_HNSCC_1_PBMC_CTCGTACCACGCGAAA	67.43871864957659	66.56740790080269	46.578670094268716	0.0	0.0	0.0	0.0	15.375695041090614	0.32290919577940913	0.0	0.0	0.0	0.0	0.0	33.25227675766699	29.1170125044322	0.0	0.0	0.0	0.0	0.0	0.0	0.0	37.51290777527763	0.0	0.0
GSM4138110_HNSCC_1_PBMC_GAAATGAAGAGCCTAG	169.27070903453472	123.80114058886512	84.38226822307925	0.0	0.0	3.799985585951676	26.905215974429336	21.457442895536264	0.0	35.71686271082076	0.0	0.0	0.0	0.0	26.528556796352632	0.0	23.329715200556794	0.0	0.0	1.559739807184366	0.0	0.0	0.0	17.227940624658093	32.70470522211596	0.0
GSM4138110_HNSCC_1_PBMC_GACGTTATCTAACCGA	63.696692403761105	45.686089056939025	21.813687943419744	44.54223268885092	0.0	0.0	0.0	16.70621115780038	0.0	38.552826607218634	0.0	0.0	0.0	0.0	70.55830091603161	0.0	0.0	0.0	0.0	0.0	0.0	0.0	0.0	0.0	0.0	0.0
GSM4138110_HNSCC_1_PBMC_GACTGCGTCGGCATCG	41.14025042559761	90.2048074285048	22.460480185008077	38.46187131530948	28.492167650397228	0.0	0.0	25.482495986625068	0.0	0.0	0.0	0.0	0.0	0.0	0.0	0.0	14.112778195435688	0.0	0.0	0.0	58.218820561658966	0.0	0.0	0.0	0.0	0.0
GSM4138110_HNSCC_1_PBMC_GATGAGGAGGCTAGCA	62.74775958085641	41.702163877055135	15.637444111284799	34.64712724093685	30.8668966660517	62.12959885894332	0.0	0.0	0.0	0.0	3.1752250963964617	0.0	0.0	21.20463230054577	0.0	0.0	0.0	0.0	0.0	0.0	0.0	0.0	0.0	0.0	0.0	0.0
GSM4138110_HNSCC_1_PBMC_GATTCAGCACCACGTG	68.86170981902289	66.78310377758443	35.539489346220144	6.507259921402508	0.0	0.0	0.0	0.0	43.38320622635554	0.0	0.0	0.0	0.0	18.73713953866081	0.0	0.0	0.0	0.0	0.0	0.0	51.04095728838062	0.0	0.0	0.0	0.0	0.0
GSM4138110_HNSCC_1_PBMC_GCAATCAGTAGCTCCG	60.12602891362814	14.893723787851641	70.60018505464092	0.0	0.0	0.0	0.0	17.450617378004967	22.841435041733597	36.14332176809105	24.795680213471726	0.0	0.0	0.0	0.0	0.0	0.0	0.0	0.0	0.0	0.0	0.0	0.0	0.0	0.0	0.0
GSM4138110_HNSCC_1_PBMC_GCGACCAGTAGCCTAT	88.8599812546721	146.04964359304435	48.178158073998965	64.97978836241936	34.849660936997545	0.0	0.0	28.334281024127787	0.0	28.717802508612042	0.0	0.0	0.0	0.0	0.0	0.0	0.0	0.0	0.0	0.0	0.0	0.0	0.0	0.0	0.0	0.0
GSM4138110_HNSCC_1_PBMC_GCTTCCATCTCATTCA	45.59684483707335	35.53940584535398	53.48362661281429	57.594324446109084	26.30326469646082	46.75555466217247	0.0	8.790670339970346	0.0	0.0	0.0	0.0	0.0	0.07609648555075132	0.0	0.0	0.0	0.0	0.0	18.49303934161526	0.0	0.0	0.0	0.0	0.0	0.0
GSM4138110_HNSCC_1_PBMC_GCTTGAAAGACCTTTG	35.28940267140968	53.49408683050248	32.60478164624011	0.0	13.065638649105212	7.39980745672136	0.0	0.0	0.0	34.416856529396284	33.60457347329685	0.0	0.0	9.575977987669582	0.0	0.0	0.0	0.0	0.0	0.0	0.0	0.0	0.0	0.0	0.0	0.0
GSM4138110_HNSCC_1_PBMC_GGACAAGGTAATTGGA	81.42229430008382	112.45984207157079	93.15607917856268	0.0	0.0	0.0	0.0	9.873036566065538	0.0	0.0	0.0	0.0	0.0	0.0	33.22997509167764	0.0	0.0	39.84921343727395	0.0	21.562429396257624	0.0	0.0	0.0	0.0	0.0	0.0
GSM4138110_HNSCC_1_PBMC_GGCGTGTAGCACGCCT	48.41836850351753	28.318274773122365	34.85910250075542	33.25926737452844	0.0	0.0	3.8343092931736176	30.783630995577447	10.081802484051988	27.644817245892593	0.0	0.0	0.0	0.0	7.750979951730349	0.0	3.5529697023513083	0.0	0.0	0.0	0.0	0.0	0.0	0.0	0.0	0.0
GSM4138110_HNSCC_1_PBMC_GGCGTGTAGCGTTTAC	42.692572991066854	54.091517992711516	28.659641205032077	0.0	19.50600025764621	0.0	30.235772237576658	0.09508336198494649	0.0	0.0	0.0	22.577694352150203	0.0	0.0	0.0	0.0	0.0	0.0	0.0	0.0	0.0	14.993373099003765	0.0	0.0	0.0	0.0
GSM4138110_HNSCC_1_PBMC_GGCTGGTCAATGGACG	68.66523005682981	90.51474324057656	33.56328446139974	0.0	53.10861565586974	53.28604039857364	0.0	20.337825482489063	0.0	0.0	0.0	0.0	0.0	0.0	0.0	50.69224721380963	0.0	0.0	0.0	0.0	0.0	0.0	0.0	0.0	29.174073216303	0.0
GSM4138110_HNSCC_1_PBMC_GGGAATGTCAGCTGGC	131.6298059976855	38.85021263396458	46.327228271291936	0.0	3.109658121127592	0.0	72.50762219442498	0.0	45.098131083753735	0.0	0.0	0.329163314813524	0.0	18.79156199723182	0.0	0.0	0.0	0.0	0.0	0.0	51.585163016585746	0.0	0.0	0.0	0.0	0.0
GSM4138110_HNSCC_1_PBMC_GGGTTGCAGATCGGGT	43.36735961247984	24.744979698580206	34.565629173354054	38.362132504277945	0.0	43.172299376110416	0.0	0.0	40.958883901980926	0.0	20.62517678692459	0.0	0.0	14.123821280839168	0.0	0.0	0.0	0.0	0.0	0.0	0.0	0.0	0.0	0.0	0.0	0.0
GSM4138110_HNSCC_1_PBMC_GGTATTGCACATTAGC	67.62339381601018	27.908110192736096	23.4557354166716	0.0	10.594903938328427	0.0	5.615481542137439	18.889227201902976	16.84797759398071	0.0	0.0	0.0	14.503166440547584	0.0	0.0	0.0	0.0	32.933817059939855	0.0	0.0	0.0	0.0	0.0	0.0	0.0	0.0
GSM4138110_HNSCC_1_PBMC_GGTGTTAGTGTGACCC	32.50445705087728	36.348480051550176	50.26056916934979	14.022819720904154	34.877776441646404	17.788447544104244	13.062729786113087	10.181537847488084	0.0	0.0	0.0	0.0	0.0	0.0	3.3119910982606933	0.0	0.0	43.62309588690945	0.0	0.0	0.0	0.0	0.0	0.0	0.0	0.0
GSM4138110_HNSCC_1_PBMC_GTCACAAGTATCACCA	160.75786217308644	26.114350228933613	40.39920698976381	0.0	47.573559851515675	0.0	0.0	11.072897734908247	0.0	39.927436269926	50.54865642931475	0.0	0.0	0.0	0.0	0.0	0.0	0.0	0.0	0.0	0.0	0.0	0.0	0.0	0.0	0.0
GSM4138110_HNSCC_1_PBMC_GTCACAATCGCAAGCC	61.013140205468474	25.784767155303353	35.81973147130393	0.0	21.36258753562938	0.0	28.950677094585206	17.560069893230715	0.0	0.0	0.0	0.0	60.069556627370815	0.0	0.0	0.0	0.0	0.0	2.3219204263869173	0.0	0.0	0.0	0.0	0.0	5.560195133671205	0.0
GSM4138110_HNSCC_1_PBMC_GTCACGGCAAGCTGGA	68.44161841633449	27.106998934261505	34.693641563466834	20.091555854801285	0.0	0.0	0.0	12.97169547667729	0.0	0.0	0.0	132.08716341053957	0.0	0.0	30.84018141047174	0.0	0.0	0.0	0.0	0.0	0.0	0.0	0.0	0.0	0.0	0.0
GSM4138110_HNSCC_1_PBMC_GTCGTAAAGGCATGTG	119.37248747235772	119.29108050965782	112.19393334580502	44.600575034622146	0.0	34.79379233593441	0.0	19.437888986559873	60.35143198348387	0.0	0.0	0.0	0.0	8.500222853319793	0.0	17.13279221802431	0.0	0.0	0.0	0.0	0.0	0.0	0.0	0.0	101.94560383347054	0.0
GSM4138110_HNSCC_1_PBMC_GTCGTAATCTTGCAAG	49.62415192472903	30.76545308146381	27.5829534931906	38.29982319389059	22.753229149923765	0.0	0.0	0.0	0.0	0.0	0.0	0.0	0.0	10.680176732953475	0.0	0.0	0.0	40.358959316640146	0.0	0.0	0.0	0.0	0.0	0.0	0.0	0.0
GSM4138110_HNSCC_1_PBMC_GTCTCGTCATGCGCAC	55.01615185751153	18.27754859338978	70.34031968068805	0.0	0.0	0.0	0.0	0.0	0.0	0.0	44.91126244938859	60.01396504944519	0.0	20.70986775045784	0.0	0.0	24.97229896301654	0.0	0.0	0.0	0.0	0.0	0.0	0.0	0.0	0.0
GSM4138110_HNSCC_1_PBMC_GTGAAGGCACATTTCT	65.03371922443091	39.31376338657279	65.7994945968203	0.0	0.0	0.0	0.0	0.0	8.234947337989865	2.807323746905852	83.36237039881803	0.0	0.0	0.0	0.0	41.64219860622174	0.0	0.0	0.0	0.0	0.0	27.888905342154484	33.90985749814616	0.0	0.0	0.0
GSM4138110_HNSCC_1_PBMC_GTGCAGCAGACCGGAT	109.45758117001058	80.03208614380652	83.01245884152752	0.0	0.0	0.0	36.46496797507449	0.0	46.30993941786435	0.0	0.0	12.778493654997693	0.0	0.0	0.0	60.342197969688264	0.0	0.0	0.0	19.246223924631682	0.0	7.834747901072154	0.0	0.0	0.0	0.0
GSM4138110_HNSCC_1_PBMC_GTTAAGCTCATACGGT	79.27387528180199	53.5966945651042	33.342951733428286	0.0	0.0	0.0	21.227033725726603	57.061599347849594	0.0	0.0	0.0	0.0	0.0	0.0	16.7905817354342	0.0	0.0	0.0	0.0	0.0	43.45444086422652	0.0	0.0	0.0	0.0	0.0
GSM4138110_HNSCC_1_PBMC_TAAACCGAGGGTCGAT	54.87089265719457	33.8341173585862	70.66641593975999	0.0	35.37515557531335	44.76003894346122	0.0	12.061506083035647	0.0	0.0	45.77996442545477	0.0	0.0	0.0	0.0	0.0	0.0	0.0	0.0	0.0	0.0	0.0	0.0	0.0	0.0	0.0
GSM4138110_HNSCC_1_PBMC_TACCTTAAGGCTCTTA	89.7240622795156	82.88559120377855	38.311626758451375	0.0	46.76056845478134	0.0	0.0	27.521452255776616	0.0	35.81350282690785	0.0	0.0	0.0	0.0	0.0	0.0	0.0	0.0	61.19582433962555	0.0	0.0	0.0	0.0	0.0	0.0	0.0
GSM4138110_HNSCC_1_PBMC_TAGAGCTTCGTTGCCT	116.63438321274396	96.19334285480146	55.25040297425959	19.13463936735285	94.21698365178358	0.0	0.0	0.0	0.0	0.0	0.0	0.0	49.8096242054092	0.0	0.0	0.0	0.0	6.6780999652215165	0.0	76.50610250538404	0.0	26.763943909281092	0.0	0.0	0.0	0.0
GSM4138110_HNSCC_1_PBMC_TAGGCATTCCCAGGTG	87.63280412316678	37.00955203362166	24.031004139970314	19.433655143612505	0.0	0.0	0.0	16.789554942525324	0.0	0.0	0.0	81.19629422806113	0.0	0.0	0.0	0.0	19.68908622967418	0.0	0.0	0.0	0.0	0.0	0.0	0.0	0.0	0.0
GSM4138110_HNSCC_1_PBMC_TCACAAGCACATCCGG	38.919870235725924	32.013380859963405	62.82122597328734	0.0	58.807895596231866	0.0	0.0	0.0	0.0	0.0	0.0	0.0	0.0	35.94409799031909	0.0	0.0	0.0	65.5524567937903	0.0	18.83865981107315	0.0	0.0	0.0	0.0	0.0	0.0
GSM4138110_HNSCC_1_PBMC_TCAGCTCCATGACGGA	52.57858341417178	84.69701951114338	33.683727442983816	0.0	0.0	0.0	17.51597659148019	28.751952364128964	16.12423065025849	0.0	0.0	0.0	0.0	0.0	0.0	0.0	0.0	0.0	0.0	0.0	22.009878553983793	0.0	0.0	0.0	0.0	0.0
GSM4138110_HNSCC_1_PBMC_TCGAGGCTCCAGGGCT	65.72180404485032	54.29466388868829	31.330799295024214	0.0	0.0	0.0	0.0	0.0	50.97192007040798	0.0	33.1469731811376	2.199561700370775	0.0	0.0	0.0	0.0	0.0	0.0	0.0	0.0	24.22351142751442	9.268441331677765	0.0	0.0	0.0	0.0
GSM4138110_HNSCC_1_PBMC_TCTATTGCAGTCAGCC	118.39350661092246	67.61121319648592	74.14473204673219	0.0	42.200669898934386	0.0	0.0	12.551299613937699	0.0	0.0	1.7697702824284534	0.0	0.0	0.0	0.0	0.0	0.0	0.0	21.82052482368985	0.0	43.20089241351411	0.0	0.0	3.7311448500055113	0.0	0.0
GSM4138110_HNSCC_1_PBMC_TCTCTAAGTGGTAACG	101.56121836258275	70.94465060429643	99.02049934886482	62.572474468460896	39.87405371535635	0.0	0.0	0.0	0.0	109.11891004109033	0.0	0.0	0.0	20.980794914010705	0.0	0.0	0.0	0.0	0.0	0.0	0.0	2.387284977146437	0.0	0.0	0.0	0.0
GSM4138110_HNSCC_1_PBMC_TCTGAGATCTAGCACA	51.05806728264842	68.3767887374765	25.220334914906694	0.0	0.0	0.0	24.14004276204956	0.0	45.48762880843006	0.0	0.0	0.0	41.59394284672154	19.72618170550103	0.0	0.0	0.0	0.0	0.0	0.0	0.0	0.0	0.0	0.0	0.0	0.0
GSM4138110_HNSCC_1_PBMC_TCTTTCCCACTGAAGG	82.73468629669031	59.52700085108515	146.87610200987504	0.0	46.06394808376751	0.0	0.0	9.827259650819455	14.439325825784769	0.0	0.0	0.0	88.95075246857085	0.0	0.0	0.0	0.0	0.0	36.35704844976077	0.0	0.0	9.461488069827466	2.4780824121622835	24.348889019757102	0.0	0.0
GSM4138110_HNSCC_1_PBMC_TGACAACGTCATCCCT	61.355438455912484	55.64201962092581	39.006769444079026	78.32377444499267	13.416880014007633	0.0	0.0	6.782195501728998	31.04686349831988	0.0	0.0	82.68029614643947	0.0	11.900808491245693	0.0	0.0	0.0	0.0	0.0	0.0	0.0	0.0	0.0	0.0	12.1482905234038	0.0
GSM4138110_HNSCC_1_PBMC_TGAGCCGAGATGAGAG	61.11809857116957	52.96756583579147	38.20164182680705	0.0	0.0	0.0	0.0	0.0	43.494355913562956	53.00490623010112	0.0	0.0	0.0	0.0	0.0	0.0	0.0	0.0	32.14053979585044	0.0	0.0	25.480523659631988	0.0	0.0	0.0	0.0
GSM4138110_HNSCC_1_PBMC_TGCGGGTTCTGATTCT	59.245639003303985	48.55140353319944	28.66411576953729	12.343992393454648	0.0	0.0	30.3218388813532	9.353649718746457	14.347929422790788	0.0	0.0	0.0	21.782441179827998	0.0	0.0	0.0	0.0	0.0	0.0	0.0	0.0	0.0	0.0	7.532827807574715	0.0	0.0
GSM4138110_HNSCC_1_PBMC_TGGCTGGGTTCCAACA	49.25334520665731	54.701231160023084	39.35632282973627	61.628301962375986	0.0	37.0163891527067	0.0	0.0	0.0	17.601053343223885	0.0	0.0	0.0	14.112525760639922	0.0	6.473159252847321	54.1046559902782	0.0	0.0	0.0	0.0	0.0	0.0	0.0	0.0	0.0
GSM4138110_HNSCC_1_PBMC_TGTATTCGTGGCTCCA	103.33402438395348	56.12536723401941	78.15436243175267	0.0	1.8578189781208099	0.0	0.0	17.503722293506087	69.68546273865894	138.0282012594692	0.0	0.0	0.0	0.0	0.0	0.0	0.0	0.0	39.070598890760955	0.0	0.0	0.0	0.0	0.0	0.0	0.0
GSM4138110_HNSCC_1_PBMC_TGTGGTAAGTATGACA	96.54429291640108	44.57645798305531	42.842229220509715	36.531940055398366	0.0	49.98763249766815	0.0	12.208181126473297	43.16792098554594	0.0	0.0	0.0	0.0	0.0	0.0	0.0	0.0	0.0	0.0	0.0	0.0	0.0	0.0	0.0	0.0	0.0
GSM4138110_HNSCC_1_PBMC_TTCCCAGGTCACTGGC	57.56711543945577	34.601490505036715	47.91105033271002	0.0	0.0	0.0	0.0	33.573842830006775	25.179965947516628	43.090340198826254	10.43864550527968	0.0	0.0	0.0	14.85133386940441	0.0	0.0	0.0	0.0	0.0	0.0	0.0	0.0	0.0	0.0	0.0
GSM4138110_HNSCC_1_PBMC_TTCGGTCCACCTCGGA	90.32491176303883	47.93888950903061	45.83645883535807	0.0	14.59841552682995	0.0	0.0	0.0	0.0	27.563315520980705	0.0	0.0	0.0	0.0	0.0	0.0	0.0	0.0	45.395590737898885	0.0	0.0	6.831455485922927	0.0	0.0	0.0	0.0
GSM4138110_HNSCC_1_PBMC_TTCTACATCCTTCAAT	56.72992651294963	37.036741098246985	32.08199785199185	0.0	24.16298988471428	0.0	43.892582531810845	26.40984480520626	0.0	0.0	0.0	0.0	52.74156425305745	0.0	0.0	0.0	0.0	0.0	0.0	0.0	0.0	0.0	0.0	0.0	0.0	0.0
GSM4138110_HNSCC_1_PBMC_AAAGTAGTCGGCATCG	240.95501690260778	167.58876821838365	167.02123434863822	0.0	33.396317338792365	0.0	0.0	0.0	26.178233772955952	0.0	0.0	0.0	122.98762639234249	0.0	0.0	0.0	0.0	60.05853529559971	0.0	163.95007642578972	0.0	49.974694105658216	0.0	0.0	0.0	0.0
GSM4138110_HNSCC_1_PBMC_ACACTGATCGTACCGG	126.79600748250573	143.00369314288156	125.30809627786778	0.0	0.0	0.0	54.66180217205582	17.280364811555014	26.34073438164151	0.0	0.0	90.25445054769969	0.0	0.0	0.0	0.0	0.0	0.0	0.0	0.0	0.0	0.0	0.0	8.360171024910843	0.0	0.0
GSM4138110_HNSCC_1_PBMC_ACAGCTATCAGCACAT	238.39669268400274	134.90643224929863	162.2034800205124	0.0	0.0	0.0	112.75937923276	37.99553237378032	28.255401130017972	0.0	0.0	0.0	0.0	0.0	0.0	0.0	7.003144124995894	0.0	0.0	0.0	0.0	0.0	0.0	0.0	0.0	177.46228116398282
GSM4138110_HNSCC_1_PBMC_ACTGAACGTTATTCTC	220.94208563050958	131.6999870593079	126.19843631978799	0.0	60.20705380689714	0.0	0.0	0.0	0.0	0.0	0.0	0.0	0.0	21.542767136458917	0.0	0.0	0.0	168.72171778910212	0.0	86.12674069991171	0.0	0.0	0.0	6.2874535193152825	0.0	0.0
GSM4138110_HNSCC_1_PBMC_ACTGAGTTCAGGTAAA	218.30627549872298	112.18294185871484	88.57896718048805	0.0	7.561715801842244	135.86967582256304	80.44427471050099	26.135496197627912	44.79176255006099	0.0	0.0	0.0	0.0	0.0	0.0	0.0	0.0	0.0	0.0	0.0	0.0	0.0	0.0	0.0	0.0	0.0
GSM4138110_HNSCC_1_PBMC_ACTGCTCCAACCGCCA	245.48160319799538	112.69978540461713	144.25332822705226	0.0	34.974140042741226	0.0	0.0	0.0	0.0	0.0	0.0	95.2605862172188	0.0	0.0	0.0	0.0	0.0	0.0	0.0	0.0	0.0	22.040516252151082	0.0	0.0	69.24710906237519	0.0
GSM4138110_HNSCC_1_PBMC_ACTTACTAGTGGAGAA	220.96599714168858	187.19942729863297	154.469670073351	0.0	57.50076878587933	0.0	0.0	0.0	9.399068394037377	0.0	0.0	0.0	43.63015524266982	0.0	0.0	0.0	0.0	148.93865687560734	0.0	156.36546241089172	0.0	56.992130756735136	0.0	0.0	0.0	0.0
GSM4138110_HNSCC_1_PBMC_ACTTGTTCAGTTCATG	212.49629174589336	245.35115651262683	149.61024978893465	0.0	0.0	258.0371809298987	0.0	0.0	0.0	0.0	193.18176750227857	0.0	0.0	21.002369652341784	0.0	0.0	70.79008569527304	0.0	0.0	0.0	0.0	0.0	0.0	0.0	0.0	0.0
GSM4138110_HNSCC_1_PBMC_AGAGTGGCAGGGATTG	135.56340756631388	128.82542523324122	85.61494556277916	93.88786997630423	0.0	0.0	0.0	57.154071000343926	0.0	0.0	0.0	91.2301295715755	0.0	0.0	81.53716703273093	0.0	0.0	0.0	0.0	21.680105157104034	0.0	0.0	0.0	0.0	0.0	0.0
GSM4138110_HNSCC_1_PBMC_AGATCTGGTGATAAGT	171.7789508518945	93.84223930670933	156.01822160041957	0.0	0.0	0.0	0.0	0.0	0.0	0.0	0.0	0.0	0.2966429673330928	20.23304922226184	0.0	0.0	91.81158860805101	0.19420566340720843	0.0	89.86473268762535	46.44410014202915	0.0	0.0	0.0	0.0	0.0
GSM4138110_HNSCC_1_PBMC_AGATTGCGTATAGGGC	211.57164519514828	200.34792330651905	194.30169431987542	0.0	34.01393053613045	0.0	148.2542861835131	31.663497508869618	0.0	0.0	0.0	0.0	138.61638924921866	0.0	0.0	0.0	0.0	0.0	0.0	0.0	0.0	0.0	0.0	0.0	0.0	0.0
GSM4138110_HNSCC_1_PBMC_AGCGGTCCATGCTGGC	251.10742190651877	101.07392442118588	147.31382049670137	0.0	0.0	25.83964265615074	0.0	27.717339707316413	52.94362292326214	22.888237040254204	0.0	0.0	0.0	0.0	0.0	4.083839092232512	0.0	0.0	0.0	219.58958484753853	0.0	0.0	0.0	0.0	0.0	0.0
GSM4138110_HNSCC_1_PBMC_AGGCCACTCAGCGATT	191.5922674929806	98.05380443948486	109.86540085086618	0.0	0.0	0.0	0.0	15.680246143281153	34.082442863754004	0.0	0.0	0.0	5.614401584418963	0.0	0.0	0.0	35.8957872567282	0.0	0.0	0.0	0.0	0.0	0.0	111.11024234767171	0.0	101.92141975989196
GSM4138110_HNSCC_1_PBMC_AGTAGTCCACAGTCGC	248.572476622663	142.43624979920534	170.0981936601769	0.0	94.102961059272	0.0	41.92279958229195	17.160352309791552	0.0	0.0	0.0	0.0	250.62436562607678	8.212789600452288	0.0	0.0	0.0	0.0	0.0	0.0	0.0	0.0	0.0	0.0	86.03123068141288	0.0
GSM4138110_HNSCC_1_PBMC_AGTGTCATCCCTAATT	140.54759961222445	134.72610051763627	94.34203899615272	0.0	54.310264766313566	0.0	2.5587124824760767	34.97705428108076	0.0	0.0	0.0	110.99618634908654	0.0	0.0	0.0	0.0	0.0	0.0	0.0	80.08595557465749	6.007455776079282	0.0	0.0	0.0	0.0	0.0
GSM4138110_HNSCC_1_PBMC_ATCCACCGTGGTTTCA	3164.2425283807715	0.0	0.0	0.0	0.0	0.0	0.0	0.0	0.0	0.0	0.0	0.0	0.0	0.0	0.0	0.0	0.0	0.0	0.0	0.0	0.0	0.0	0.0	0.0	0.0	0.0
GSM4138110_HNSCC_1_PBMC_ATCGAGTGTACTTAGC	214.62307120430393	126.68277919783169	149.91532445520588	162.73439030856963	75.55589415782823	192.50120650162057	0.0	0.0	0.0	0.0	0.0	0.0	0.0	0.0	0.0	0.0	0.0	0.0	0.0	0.0	0.0	41.45277228311536	0.0	0.0	0.0	0.0
GSM4138110_HNSCC_1_PBMC_CAACTAGTCTTGAGAC	220.3158604825465	95.23955867974796	89.67214177929432	0.0	0.0	0.0	0.0	0.0	0.0	0.0	0.0	0.0	24.163209991441665	0.0	32.631585546300926	0.0	0.0	102.37808975371601	0.0	133.03075463602764	0.0	26.196835073402855	0.0	0.0	0.0	0.0
GSM4138110_HNSCC_1_PBMC_CAAGGCCTCTAGCACA	113.94848105613457	69.8271822532657	73.30494807895161	90.7238980141419	16.364397335626016	74.72014208822314	0.0	0.0	0.0	0.0	0.0	0.0	0.0	35.75290186168328	22.382259626618065	0.0	0.0	0.0	0.0	0.0	0.0	0.0	0.0	0.0	0.0	0.0
GSM4138110_HNSCC_1_PBMC_CACAAACAGGCTACGA	184.69508712441768	159.44835426455546	86.96229511764658	0.0	0.0	169.33601831840053	12.352646623362833	19.28054988406553	0.0	0.0	0.0	0.0	0.0	0.0	0.8728627625457218	0.0	43.85168359854747	0.0	0.0	85.91411121023255	0.0	0.0	0.0	0.0	0.0	0.0
GSM4138110_HNSCC_1_PBMC_CACATTTTCATTGCGA	157.88029449916786	96.71201626616539	85.85573426279801	0.0	0.0	0.0	75.29139420195584	0.0	0.0	0.0	0.0	90.74016208307718	0.0	0.0	60.833604964935404	0.0	0.0	94.42462289428889	0.0	0.0	0.0	32.649654160591204	0.0	0.0	0.0	0.0
GSM4138110_HNSCC_1_PBMC_CAGAGAGTCAGTTAGC	260.0418519084818	173.56950381569965	185.89084806162703	0.0	75.4376120775021	0.0	0.0	21.945689467816376	0.0	0.0	0.0	15.828069380536855	78.56922368264604	0.0	0.0	0.0	0.0	0.0	0.0	107.93605635447067	20.908686988948478	0.0	0.0	0.0	0.0	0.0
GSM4138110_HNSCC_1_PBMC_CAGCTGGGTCTCCACT	253.9118672943218	136.08972128304174	154.10455295543852	71.77983119917151	0.0	0.0	0.0	0.0	0.0	0.0	0.0	0.0	170.83497940516665	0.0	0.0	0.0	75.72801041533418	0.0	20.866587275771263	0.0	0.0	24.514131354827835	0.0	0.0	0.0	0.0
GSM4138110_HNSCC_1_PBMC_CAGCTGGGTGTTTGTG	131.7704475777266	130.21662654579004	127.60600598850618	0.0	28.98506431101487	90.97037056153383	0.0	15.120399612337962	0.0	0.0	94.42872022554387	0.0	0.0	0.0	0.7703938922846445	0.0	0.0	0.0	0.0	0.0	0.0	0.0	0.0	0.0	0.0	0.0
GSM4138110_HNSCC_1_PBMC_CATATGGCAGGACGTA	241.05147013100685	111.3052672358074	138.8823874686357	0.0	0.0	0.0	223.53296366009914	0.0	0.0	112.81056181077074	0.0	0.0	0.0	9.780098425461562	0.0	0.0	0.0	0.0	0.0	0.0	0.0	0.0	0.0	0.0	0.0	0.0
GSM4138110_HNSCC_1_PBMC_CATATTCTCCACGTTC	172.8175410551418	99.20364323573338	106.82899351947461	0.0	39.35875936906269	99.4095274183	139.50309466399887	27.833730369409547	0.0	0.0	0.0	0.0	0.0	0.0	0.0	0.0	0.0	0.0	0.0	0.0	0.0	0.0	0.0	0.0	0.0	0.0
GSM4138110_HNSCC_1_PBMC_CCAATCCCACGACTCG	119.6737921587431	93.20932294336869	66.74264208668203	0.0	51.14317908022857	0.0	0.0	25.83737729384966	0.0	0.0	20.552678288450995	9.719620081689417	0.0	0.0	0.0	85.7423415886193	0.0	0.0	34.47916730519892	0.0	0.0	0.0	0.0	0.0	0.0	0.0
GSM4138110_HNSCC_1_PBMC_CCTACCAGTCGGCTCA	316.82295300366036	155.1626928156919	150.2233613451968	0.0	0.0	0.0	57.82864330624843	8.579848777040453	0.0	0.0	0.0	0.0	151.99170608956243	0.0	0.0	0.0	92.8648011953667	0.0	0.0	25.515604533466224	0.0	27.70497756125565	0.0	0.0	1.7982519694539154	0.0
GSM4138110_HNSCC_1_PBMC_CGAACATCAAGTTAAG	257.13388256171	145.68597688554843	151.1194500593897	141.19828472816684	32.49935994113204	0.0	0.0	0.0	9.697241833466935	0.0	0.0	0.0	122.03962882351604	0.0	0.0	0.0	52.42386293679683	0.0	0.0	0.0	2.3110943330352294	62.20083437227952	0.0	0.0	0.0	0.0
GSM4138110_HNSCC_1_PBMC_CGACCTTCATTACGAC	121.99055059506884	67.80114719132426	77.12196361143269	0.0	51.05748338081517	67.01725460322835	0.0	8.367369372305616	0.0	0.0	0.0	0.0	0.0	0.0	0.0	0.0	0.0	0.0	0.0	10.848907615619513	0.0	0.0	0.0	26.89554692276623	0.0	0.0
GSM4138110_HNSCC_1_PBMC_CGAGCACCATATACGC	263.09580209291664	167.50799086994562	181.67110420017275	0.0	0.0	193.89890949277785	0.0	70.15582554349326	50.340790469481114	0.0	190.12285416767097	0.0	0.0	0.0	0.0	0.0	0.0	0.0	0.0	0.0	0.0	0.0	0.0	0.0	0.0	0.0
GSM4138110_HNSCC_1_PBMC_CGATCGGCAACGATCT	160.6648302524563	137.45449171127538	98.75565868388881	0.0	48.320530563638506	0.0	0.0	40.19248212630428	0.0	154.63445385214385	0.0	0.0	0.0	0.0	0.0	0.0	0.0	0.0	0.0	107.68405565250293	0.0	0.0	0.0	0.0	0.0	0.0
GSM4138110_HNSCC_1_PBMC_CGATCGGGTTTGGGCC	242.19504875915234	88.78858928903209	97.169026409576	0.0	22.867905419581767	0.0	126.10316781839815	0.0	0.0	0.0	0.0	0.0	0.0	0.0	0.0	0.0	0.0	159.59336840372697	0.0	0.0	0.0	42.47032282043427	0.0	0.0	0.0	0.0
GSM4138110_HNSCC_1_PBMC_CGCTATCCACCGAATT	277.43885895075266	185.1929875727771	203.86555962217093	34.40218635404898	0.0	0.0	0.0	35.103169938420415	0.0	0.0	0.0	123.39024413679138	0.0	0.0	0.0	0.0	48.80146299897822	0.0	0.0	133.46064848783422	0.0	11.141303490465216	0.0	0.0	0.0	0.0
GSM4138110_HNSCC_1_PBMC_CGGAGCTGTCGAACAG	229.76748800475775	200.02882399028297	148.70724177332363	0.0	66.92030041282005	0.0	0.0	22.810142066112036	6.766014905027942	0.0	0.0	76.59575439624061	59.850661823094455	0.0	0.0	0.0	0.0	0.0	0.0	107.83497214312807	0.0	0.0	0.0	0.0	0.0	41.2830691340776
GSM4138110_HNSCC_1_PBMC_CGTTCTGGTCTAAACC	197.35563031044765	132.71359000388662	153.3882035013258	0.0	67.27794750278672	0.0	6.748260856932784	23.93094401584143	0.0	0.0	0.0	0.0	0.0	0.0	0.0	0.0	0.0	170.41223184978412	0.0	93.65009280590078	0.0	0.0	0.0	0.0	0.0	0.0
GSM4138110_HNSCC_1_PBMC_CGTTGGGGTGTGTGCC	123.60752383472091	105.97951104203025	96.15802227411609	0.0	0.0	0.0	0.0	52.871103987393916	31.468934538432144	0.0	0.0	74.19392872069913	0.0	0.0	0.0	0.0	0.0	0.0	90.58211576201687	0.0	0.0	0.0	0.0	0.0	0.0	0.0
GSM4138110_HNSCC_1_PBMC_CTAATGGCACACATGT	210.46605629186942	109.90715244743609	83.19794252200118	0.0	0.0	0.0	0.0	44.84923445396553	0.0	0.0	0.0	0.0	0.0	0.0	0.0	0.0	46.642626919008215	138.3857039417313	0.0	101.54747860583542	0.0	0.0	0.0	0.0	0.0	0.0
GSM4138110_HNSCC_1_PBMC_CTACCCAGTTACCGAT	179.1303081913174	167.81754266167945	187.7915498989425	0.0	0.0	0.0	0.0	9.455966411820146	36.203756941303915	0.0	0.0	0.0	181.23013507269994	10.290734134862845	9.661441232127297	0.0	0.0	0.0	0.0	120.51900826741107	0.0	0.0	0.0	0.0	0.0	0.0
GSM4138110_HNSCC_1_PBMC_CTAGAGTCATCGGACC	280.41904044338156	99.92964658001877	120.91027726964104	57.19394496499551	56.212835710558196	0.0	0.0	7.965254362115873	0.0	0.0	0.0	177.6766457658101	0.0	0.0	0.0	0.0	0.0	0.0	0.0	0.0	0.0	0.0	0.0	0.0	0.0	0.0
GSM4138110_HNSCC_1_PBMC_CTCTGGTGTGTTCGAT	236.88240929967415	74.6188230148091	94.68036643129967	0.0	0.0	0.0	0.0	0.0	24.582033487699118	0.0	0.0	24.99539423560874	0.0	0.0	16.34036078203542	0.0	0.0	72.16098768273062	0.0	134.74094756357098	0.0	41.87535543465789	0.0	0.0	0.0	0.0
GSM4138110_HNSCC_1_PBMC_CTGATAGCATCAGTCA	162.6206014141641	68.98035123369303	106.28498004676074	0.0	49.20522916513069	0.0	66.92865469359094	42.312671267687065	0.0	126.74234144989636	0.0	13.770293565765302	0.0	24.936775579628982	8.892252738968645	0.0	0.0	0.0	0.0	0.0	0.0	0.0	0.0	0.0	0.0	0.0
GSM4138110_HNSCC_1_PBMC_CTGTTTACAATGTAAG	253.54426925801604	213.54357370714413	89.13048207625975	0.0	56.93814580172859	102.24420867977834	63.31143373903027	19.44789146122166	0.0	65.5341053246382	0.0	0.0	0.0	0.0	0.0	0.0	0.0	0.0	52.230882512795034	0.0	0.0	0.0	0.0	0.0	0.0	0.0
GSM4138110_HNSCC_1_PBMC_GAACCTATCTCTGTCG	114.16228435290851	67.08917038124619	93.97279353578666	0.0	0.0	0.0	0.0	27.232379862593888	38.6280297235865	0.0	0.0	0.0	9.054812185590897	0.0	0.0	0.0	0.0	50.33867630038363	0.0	56.792851952147124	0.0	0.0	11.856603552274791	0.0	0.0	0.0
GSM4138110_HNSCC_1_PBMC_GATCGCGTCAGGCGAA	140.6687475347391	73.4390925060276	116.26197824647835	0.0	0.0	0.0	81.55356489906808	20.03782644248334	10.33728583607487	99.57767976811598	0.0	0.0	0.0	0.0	18.856224364657827	0.0	0.0	0.0	6.260651572364002	0.0	0.0	0.0	0.0	0.0	0.0	0.0
GSM4138110_HNSCC_1_PBMC_GATCTAGCATACAGCT	157.9097303061473	285.5423249757207	107.41477059208513	0.0	0.0	0.0	80.28817530262096	0.0	82.50414897615462	0.0	0.0	0.0	137.0630508614801	0.0	6.971790433581169	0.0	0.0	0.0	0.0	0.0	0.0	64.41719000363466	0.0	0.0	0.0	0.0
GSM4138110_HNSCC_1_PBMC_GATGAAAGTAGAAGGA	188.0867791268624	75.91533464900535	65.47830124887854	0.0	0.0	0.0	0.0	3.6591158899076324	7.921927210609275	0.0	0.0	9.239625714754245	48.2341051883556	0.0	0.0	0.0	0.0	0.0	0.0	0.0	0.0	0.0	0.0	0.0	65.10354645713069	0.0
GSM4138110_HNSCC_1_PBMC_GATGAAAGTCACCCAG	270.29046284380985	155.35156590827705	196.54736050424057	64.42455501040138	0.0	209.43010291799146	0.0	0.0	25.345638079129568	0.0	0.0	0.0	0.0	15.031722350493867	14.45420552744394	0.0	0.0	0.0	0.0	0.0	0.0	0.0	0.0	0.0	30.677307584170823	0.0
GSM4138110_HNSCC_1_PBMC_GCATACACATCTGGTA	293.12723890757366	272.38671296937326	173.1257368924866	0.0	118.27657033965588	0.0	0.0	19.42860097987823	0.0	0.0	0.0	0.0	0.0	0.0	0.0	0.0	0.0	0.0	0.0	170.06647708519543	0.0	0.0	0.0	0.0	0.0	212.33070039411243
GSM4138110_HNSCC_1_PBMC_GCGAGAATCGCACTCT	225.98223745088413	215.19003040536836	117.87852791770952	0.0	72.95346908469612	0.0	119.04443487803503	0.0	0.0	0.0	0.0	0.0	0.0	0.0	0.0	0.0	0.0	215.4326436950114	0.0	0.0	0.0	57.25835277357025	0.0	0.0	8.006037678176243	0.0
GSM4138110_HNSCC_1_PBMC_GCGCGATAGGAGCGTT	99.07850441111566	46.22499546693802	46.404195462221566	0.0	40.340778983644526	0.0	56.62837702301061	20.33469252401536	0.0	0.0	0.0	92.60708399039254	0.0	0.0	0.0	0.0	0.0	0.0	0.0	6.504524684878489	0.0	0.0	0.0	0.0	0.0	36.36702328639782
GSM4138110_HNSCC_1_PBMC_GCTCTGTTCAGTTTGG	185.79238939850018	83.05648499432488	76.1041737795327	0.0	31.889290589606148	102.28175980129105	0.0	7.40307383229935	0.0	0.0	0.0	0.0	0.0	0.0	0.0	0.0	0.0	0.0	68.03825393375043	0.0	0.0	0.0	0.0	0.0	0.0	0.0
GSM4138110_HNSCC_1_PBMC_GCTGCGAGTCTAGTCA	209.13669110683344	176.8832057660032	116.87562605721676	0.0	0.0	0.0	19.707689739773553	0.0	0.0	0.0	0.0	0.0	0.0	24.48911944755944	0.0	0.0	90.84096304796826	133.98840474462742	0.0	13.466118433277389	0.0	0.0	0.0	0.0	0.0	0.0
GSM4138110_HNSCC_1_PBMC_GGCTCGATCAGGCGAA	150.72708369287264	99.87617070740669	111.04788905525376	0.0	29.887118069195406	0.0	0.0	9.63028377745754	0.0	0.0	0.0	119.93312225961924	0.0	0.0	0.0	0.0	0.0	0.0	0.0	68.13427585045757	0.0	0.0	0.0	0.0	0.0	0.0
GSM4138110_HNSCC_1_PBMC_GGGAATGTCTTCCTTC	0.0	0.0	0.0	0.0	0.0	0.0	0.0	0.0	0.0	0.0	0.0	3321.886982908387	22.9717678933464	0.0	0.0	0.0	0.0	0.0	0.0	0.0	0.0	0.0	0.0	0.0	0.0	57.622590435451734
GSM4138110_HNSCC_1_PBMC_GGGCACTTCGTAGGTT	242.8478679303364	102.76154737575334	120.3432278407004	62.83987859974402	59.75641362837909	0.0	0.0	31.430901826965822	0.0	0.0	0.0	0.0	148.8456457672953	0.0	0.0	0.0	0.0	6.019372294937696	0.0	0.0	0.0	0.0	0.0	0.0	0.0	0.0
GSM4138110_HNSCC_1_PBMC_GTAGGCCAGTACTTGC	182.3771738193654	144.03972934194795	108.79349054326498	0.0	3.4945909755874514	103.48747683702724	0.0	0.0	19.928771151559996	0.0	0.0	0.0	0.0	30.46030528734395	0.0	47.39913036745717	0.0	0.0	90.01605344322383	0.0	0.0	0.0	0.0	0.0	0.0	0.0
GSM4138110_HNSCC_1_PBMC_GTCACAATCTATCGCC	241.24589974324934	134.69568372763808	208.1947524571148	0.0	27.942859046100008	0.0	0.0	0.0	0.0	0.0	0.0	135.60280912925768	0.0	0.0	0.0	0.0	0.0	0.0	0.0	133.69810809231143	0.0	48.73811406181061	0.0	0.0	0.0	0.0
GSM4138110_HNSCC_1_PBMC_GTCTCGTAGTAGCGGT	184.28888911757775	92.38877713600256	104.68416711399091	0.0	0.0	0.0	95.94021205011613	46.16638755557417	39.43646731123861	54.36274604473843	0.0	0.0	0.0	0.0	0.0	35.86446280999966	0.0	0.0	0.0	0.0	0.0	0.0	0.0	0.0	0.0	0.0
GSM4138110_HNSCC_1_PBMC_GTGCAGCTCTGTCTAT	269.59332144848554	211.49548764816186	192.14881417173635	0.0	102.5072739154553	0.0	0.0	0.0	0.0	0.0	112.82109969574415	0.0	285.00516751444115	32.2946303393095	0.0	0.0	0.0	0.0	0.0	0.0	0.0	0.0	0.0	0.0	0.0	0.0
GSM4138110_HNSCC_1_PBMC_GTGCATAGTACGCTGC	212.55266795971846	100.95947084462661	144.2705941763471	71.26932367675373	0.0	67.19500943900765	0.0	3.497139001867934	66.23070686407743	0.0	0.0	65.85654713168347	0.0	17.33222779725049	0.0	0.0	0.0	0.0	0.0	0.0	0.0	0.0	0.0	0.0	0.0	0.0
GSM4138110_HNSCC_1_PBMC_GTGCTTCAGTACGATA	141.56067723087358	164.31733195131548	106.30388438009722	102.01148979448196	25.05313872208381	0.0	0.0	22.762861538493166	0.0	0.0	0.0	130.78174702834266	0.0	0.0	0.0	0.0	0.0	0.0	0.0	0.0	0.0	0.0	0.0	0.0	0.0	0.0
GSM4138110_HNSCC_1_PBMC_TACAGTGCAATGACCT	150.96294461831346	104.70161060621082	78.69208165829384	0.0	0.0	0.0	15.636829196987659	19.34647221597892	0.0	91.20243573173504	0.0	0.0	0.0	0.0	83.85376848537084	0.0	0.0	0.0	0.0	79.34088848289453	0.0	0.0	0.0	0.0	0.0	0.0
GSM4138110_HNSCC_1_PBMC_TACTCATAGATCACGG	310.51519177116904	115.5267236012305	133.32091350115965	0.0	88.14417834837828	0.0	0.0	13.580277110203866	0.0	0.0	0.0	0.0	0.0	0.0	0.0	0.0	0.0	23.62255074632878	95.95788939883856	0.0	0.0	1.8763605716351177	0.0	0.0	0.0	150.28468566841957
GSM4138110_HNSCC_1_PBMC_TACTCGCGTAAGGATT	154.75722410808805	201.14521452205088	107.87109541258279	46.88921616674619	0.0	0.0	37.83090125827212	28.551152608209865	0.0	69.97947147342852	0.0	0.0	77.32853634309028	0.0	0.0	0.0	101.8379675429536	0.0	0.0	0.0	0.0	0.0	0.0	0.0	0.0	0.0
GSM4138110_HNSCC_1_PBMC_TACTTGTCAAGTTAAG	196.47729472189286	158.28664852693052	128.49124574323918	0.0	0.0	0.0	0.0	0.0	0.0	0.0	0.0	0.0	0.0	19.189117133527105	0.0	0.0	94.72736008693388	192.15301419646687	0.0	130.09310051028555	0.0	0.0	0.0	0.0	0.0	0.0
GSM4138110_HNSCC_1_PBMC_TATCTCAAGGTGTGGT	133.2928575283467	89.69567861019641	95.72708298029445	0.0	0.0	0.0	84.70035901994918	11.897009080478368	0.0	0.0	0.0	0.0	123.08755221345488	0.0	8.10166765749236	0.0	27.75611479995186	0.0	0.0	0.0	0.0	0.0	0.0	0.0	0.0	0.0
GSM4138110_HNSCC_1_PBMC_TCAGCTCCACCCATTC	320.2188599590712	196.7225004392092	270.11577415519287	0.0	11.910819836509187	0.0	0.0	16.853496872485337	24.138443226401925	0.0	139.04191537787995	0.0	0.0	0.0	0.0	122.539156957235	46.3744451622139	0.0	0.0	0.0	0.0	0.0	0.0	0.0	0.0	0.0
GSM4138110_HNSCC_1_PBMC_TCGCGTTCAGCTGCTG	159.28703789792968	134.77074471163007	83.4103534311482	0.0	51.991019234055095	0.0	0.0	35.74087547436514	0.0	0.0	0.0	0.0	0.0	0.0	0.0	0.0	0.0	113.98529647927046	0.0	50.64360236909633	0.0	0.0	0.0	0.0	0.0	0.0
GSM4138110_HNSCC_1_PBMC_TCGGGACAGCTAGTTC	247.7815510874608	149.76730951327622	116.90081894974158	0.0	55.694127805879994	0.0	83.2528889351372	22.768697734796692	0.0	0.0	0.0	68.99309981423964	0.0	0.0	0.0	0.0	0.0	0.0	0.0	0.0	0.0	0.0	0.0	0.0	0.0	77.69176909925856
GSM4138110_HNSCC_1_PBMC_TCTTCGGAGTCATCCA	164.36213117744296	145.8850455473957	100.86976161045193	0.0	56.39447079091313	0.0	0.0	0.0	0.0	0.0	0.0	0.0	0.0	0.0	0.0	0.0	0.0	148.18592697534245	0.0	108.39225119670152	0.0	29.816977493758845	0.0	0.0	0.0	0.0
GSM4138110_HNSCC_1_PBMC_TGAGAGGGTCCCTACT	271.41469433809607	97.73596711788129	61.574587229646006	0.0	48.89684625518034	231.53240647025387	0.0	0.0	0.0	0.0	0.0	0.0	0.0	0.0	0.0	0.0	0.0	0.0	0.0	285.8877738094932	0.0	56.00109181567929	0.0	0.0	0.0	0.0
GSM4138110_HNSCC_1_PBMC_TGATTTCGTTAAAGTG	327.9456204287751	215.45109914915528	278.85764255925676	0.0	43.447206181125594	0.0	28.96649100243844	20.02768468672938	22.939336310880712	0.0	0.0	0.0	0.0	0.0	0.0	0.0	0.0	0.0	9.889342516684678	39.81383549964065	141.7179545647632	16.62379305849676	0.0	0.0	0.0	0.0
GSM4138110_HNSCC_1_PBMC_TGCCAAATCATGTCCC	249.16697685627625	130.41607055909375	111.65991571028673	78.26958246320156	0.0	0.0	0.0	0.0	0.0	0.0	0.0	120.49868338110669	0.0	17.99661355574097	1.698297174947543	0.0	66.95991209274472	0.0	0.0	44.029287032513935	0.0	0.0	0.0	0.0	0.0	0.0
GSM4138110_HNSCC_1_PBMC_TGTATTCAGAATGTTG	291.42714641942064	211.7245565750558	90.88151786589007	0.0	0.0	49.31291811014036	0.0	0.0	0.0	0.0	132.6890804480584	0.0	0.0	22.79495322399374	0.0	50.05679246673413	80.71520059850218	0.0	0.0	0.0	0.0	0.0	0.0	0.0	0.0	0.0
GSM4138110_HNSCC_1_PBMC_TGTCCCAGTTCAGGCC	141.41158740146727	104.75495288939415	138.4962289008813	9.26312888817461	0.0	58.4182697361816	0.0	0.0	0.0	0.0	0.0	0.7063789028438223	0.0	28.92314582897887	0.0	0.0	66.28101215124273	88.96932151573415	0.0	0.0	0.0	0.0	0.0	26.579187259162993	0.0	0.0
GSM4138110_HNSCC_1_PBMC_TTGCCGTCAATAGCGG	187.7820945843574	140.82555103106316	86.73104925760194	0.0	0.0	181.21643107771368	60.71735862810074	0.0	51.352325788154616	0.0	0.0	0.0	0.0	0.0	0.0	0.0	0.0	0.0	56.80887823323683	0.0	0.0	33.63079014147789	0.0	0.0	0.0	0.0
GSM4138110_HNSCC_1_PBMC_TTTATGCAGACTGGGT	199.0220641074343	104.54698072091018	139.94152768716546	6.347576203700845	0.0	0.0	0.0	0.0	22.800483794617797	0.0	0.0	89.11162351801559	0.0	0.0	0.0	0.0	13.877536488957409	3.712563189612649	0.0	52.64048065874318	0.0	21.669887961991698	0.0	0.0	0.0	0.0
GSM4138110_HNSCC_1_PBMC_AACGTTGAGTTTAGGA	103.51127447222588	63.1333243158734	51.98501062795144	0.0	56.968811601328255	0.0	77.72580423394058	0.945654990533697	0.0	0.0	0.0	0.0	26.207704663945687	24.030351888309497	0.0	0.0	0.0	0.0	0.0	0.0	66.28682775643351	0.0	0.0	0.0	0.0	0.0
GSM4138110_HNSCC_1_PBMC_AAGGCAGCAATCACAC	81.52783205385835	161.6696377616172	8.325193682934442	51.417619605319054	42.2164470726646	0.0	0.0	27.29631029049152	0.0	0.0	0.0	72.1317153835034	0.0	0.0	0.0	0.0	0.0	0.0	0.0	0.0	0.0	0.0	0.0	0.0	0.0	0.0
GSM4138110_HNSCC_1_PBMC_ACTGATGTCAATAAGG	73.09031789922811	44.669795222886265	56.46489693103997	0.0	0.0	35.70190390649213	0.0	23.098604270032748	21.605093689050264	0.0	40.135178949566736	0.0	0.0	0.0	8.408636045368295	0.0	0.0	0.0	0.0	0.0	0.0	5.666878791379472	0.0	0.0	0.0	0.0
GSM4138110_HNSCC_1_PBMC_AGCAGCCAGGCCCTCA	110.90353240354044	40.40682377386822	57.4468119091314	0.0	0.0	0.0	0.0	23.080049308568654	0.0	29.862857170610454	0.0	0.0	0.0	0.0	80.23370728476573	29.858047010870738	0.0	0.0	96.05073163742614	0.0	0.0	0.0	0.0	0.0	0.0	0.0
GSM4138110_HNSCC_1_PBMC_CATATTCCATATGAGA	103.76016178787458	89.16527839755999	24.019429795236434	0.0	58.16280508988293	74.64996284457361	0.0	0.0	0.0	0.0	69.06401633437252	0.0	0.0	17.96479836937944	0.0	0.0	30.741559790344006	0.0	0.0	0.0	0.0	9.13090576005212	0.0	0.0	0.0	0.0
GSM4138110_HNSCC_1_PBMC_CCTCAGTCAACTGCGC	51.619126190833384	56.75195427386218	40.50790184388486	109.54306323927207	0.0	0.0	0.0	17.715802424542016	0.0	0.0	0.0	3.6744244556280377	0.0	0.0	0.0	0.0	0.0	19.4710302108707	0.0	0.0	0.0	0.0	34.31809800351249	0.0	0.0	0.0
GSM4138110_HNSCC_1_PBMC_CGGTTAACACCTCGTT	47.24560181937912	32.183679455826635	92.88549055259908	0.0	28.529728997135148	0.0	0.0	25.439777661972187	0.0	0.0	18.803659090488015	0.0	45.57870867348856	0.0	0.0	0.0	0.0	0.0	17.371302714268374	0.0	0.0	0.0	0.0	0.0	0.0	0.0
GSM4138110_HNSCC_1_PBMC_CGTGTAATCTCCAGGG	47.95521264488211	56.07010828403953	43.093781453778135	40.37834184442308	19.43292327242515	0.0	5.84190064301416	11.987899921232035	0.0	0.0	0.0	0.0	0.0	0.0	0.0	26.817119499187655	0.0	0.0	0.0	0.0	0.0	0.0	0.0	0.0	0.0	0.0
GSM4138110_HNSCC_1_PBMC_CGTTGGGTCAGTGCAT	65.3930604616151	44.7185972170764	35.445914460157965	0.0	0.0	77.1888824171328	0.0	0.0	2.5566243618472435	0.0	61.443425824393536	0.0	0.0	0.0	29.236074708362608	0.0	0.0	0.0	0.0	0.0	0.0	23.451556264163393	0.0	0.0	0.0	0.0
GSM4138110_HNSCC_1_PBMC_CTAGAGTAGCTATGCT	102.59947483376925	86.30240536768747	81.73618359308986	28.631527495325606	0.0	0.0	60.3725301355109	38.93271151618107	0.0	0.0	0.0	48.40624446118642	26.30156424404494	0.0	18.933561912045704	0.0	31.291000213621146	0.8365914667023652	0.0	0.0	0.0	0.0	0.0	0.0	0.0	0.0
GSM4138110_HNSCC_1_PBMC_GCATACATCGTTACAG	72.70631975500928	51.6055644372508	40.64881629298404	44.641042500499935	36.07144428866289	0.0	0.0	22.28906397084286	3.2560998852251686	0.0	0.0	29.987918080875883	0.0	0.0	0.0	0.0	0.0	0.0	0.0	0.0	0.0	4.3056381046089784	0.0	0.0	0.0	0.0
GSM4138110_HNSCC_1_PBMC_AAACGGGCAGTATCTG	56.06305430462978	44.148615695087365	32.01329600082771	23.931742627522166	0.0	51.15830454792082	0.0	13.768889457685894	19.204181906437057	0.0	0.0	0.0	0.0	0.0	0.0	0.0	0.0	0.0	0.0	0.0	0.0	0.0	129.42405441733536	0.0	0.0	0.0
GSM4138110_HNSCC_1_PBMC_AAAGATGTCTGATTCT	70.96616223274948	81.47847867949581	48.75556491364734	0.0	4.325375494545228	80.82563380236124	0.0	0.0	15.847794105302333	0.0	0.0	0.0	0.0	25.154484115116823	7.255683232936008	0.0	0.0	0.0	0.0	99.78846602027305	0.0	0.0	0.0	0.0	0.0	0.0
GSM4138110_HNSCC_1_PBMC_AAAGTAGGTAGCGCTC	117.0080091726804	34.32033337533192	36.73888081579781	0.0	31.400234583373894	19.502922037483017	28.586389600301832	0.0	0.0	57.48135619531878	0.0	0.0	0.0	36.22081182240557	0.0	0.0	0.0	0.0	0.0	0.0	0.0	0.0	0.0	0.0	0.0	0.0
GSM4138110_HNSCC_1_PBMC_AACTCAGGTGGTCTCG	68.11661230840696	60.50098109400779	32.79695273751456	0.0	0.0	0.0	0.0	0.0	0.0	0.0	0.0	32.70667723376413	0.0	0.0	17.495167118547492	0.0	38.47184384837203	0.0	69.24832682456454	0.0	0.0	15.848462751226991	0.0	0.0	0.0	0.0
GSM4138110_HNSCC_1_PBMC_AACTCCCTCCAATGGT	80.62896662332315	60.11760921055982	72.99618015231714	102.01360844124109	0.0	28.402440194941995	0.0	19.7648993486829	58.88140169136508	0.0	0.0	0.0	0.0	0.0	0.0	49.90841813748554	0.0	0.0	0.0	0.0	0.0	0.0	0.0	0.0	0.0	0.0
GSM4138110_HNSCC_1_PBMC_AACTCTTAGTGGGTTG	89.56538578850328	71.58291369340684	41.17474103738664	64.47735514192348	47.86978457500187	37.5977643374121	0.0	20.15803686915293	0.0	2.4325817050747554	2.6617060050674834	0.0	0.0	0.0	0.0	22.78704762254111	0.0	0.0	0.0	0.0	0.0	0.0	0.0	0.0	0.0	0.0
GSM4138110_HNSCC_1_PBMC_AACTCTTGTCACACGC	164.32543336859746	2.801800827753798	57.308536140436715	0.0	23.748979490419337	0.0	0.0	0.0	0.0	34.08932253964453	0.0	0.0	0.0	16.016586504363293	0.0	3.6721896638877545	0.0	0.0	36.12675061068517	0.0	0.0	0.0	0.0	0.0	0.0	0.0
GSM4138110_HNSCC_1_PBMC_AACTTTCAGAAGGTTT	86.82646736520056	98.19354044976832	83.59419122423935	47.19225409124866	37.67926013144841	0.0	0.0	42.38858026009468	0.0	22.89607039829232	0.0	0.0	0.0	12.917016303249678	0.0	22.633268666031253	0.0	0.0	0.0	0.0	0.0	0.0	0.0	0.0	0.0	0.0
GSM4138110_HNSCC_1_PBMC_AAGGAGCTCCTTTCGG	94.42771225033903	125.47386135104013	107.63889838567336	0.0	0.0	0.0	0.0	33.279834187376544	0.0	0.0	0.0	4.514556817936922	0.0	0.0	0.0	57.77449943806305	0.0	0.0	0.0	0.0	0.0	0.0	51.75905685309892	71.09325051557212	0.0	0.0
GSM4138110_HNSCC_1_PBMC_AATCCAGAGTGCTGCC	116.56183077301144	95.9950392706074	50.69728514821647	0.0	56.12917520102354	0.0	0.0	24.342379324285744	0.0	59.472019327015175	68.85076509685022	0.0	0.0	0.0	0.0	0.0	0.0	0.0	0.0	0.0	0.0	0.0	0.0	0.0	0.0	0.0
GSM4138110_HNSCC_1_PBMC_AATCGGTGTCTAGCCG	90.26648471693234	54.25513219754552	63.91236589755027	23.93767667515977	51.591051355604776	18.096714622529785	13.345489222686666	0.0	50.2438616790262	0.0	0.0	0.0	75.13904210430631	25.938943842239127	0.0	0.0	0.0	0.0	0.0	0.2523925724699454	0.0	0.0	0.0	28.19419335733592	20.854196394386307	0.0
GSM4138110_HNSCC_1_PBMC_ACACCCTCATCTACGA	117.44603994321635	54.43388980658049	9.96501866413517	0.0	0.0	0.0	39.439110814384456	21.15618409794654	0.0	0.0	19.944886396049228	0.0	0.0	0.0	33.60897924681628	42.414320238377705	0.0	0.0	0.0	0.0	0.0	0.0	0.0	0.0	0.0	0.0
GSM4138110_HNSCC_1_PBMC_ACACCGGCACCATGTA	187.0586703888162	163.3001487925701	175.99743238350015	0.0	155.33960046743078	20.671972186071095	148.30003892410906	0.0	0.0	0.0	0.0	0.0	0.0	51.37601802580714	0.0	94.20690957765369	0.0	0.0	0.0	0.0	0.0	2.886933674360368	0.0	0.0	0.0	0.0
GSM4138110_HNSCC_1_PBMC_ACATCAGAGCGTTCCG	195.0079997368462	98.56644549597564	138.1855337110459	0.0	65.21697666497322	152.16628748852312	84.35801302286089	34.19323773607894	0.0	0.0	0.0	0.0	0.0	0.0	0.0	0.0	0.0	0.0	0.0	0.0	0.0	0.0	0.0	0.0	0.0	0.0
GSM4138110_HNSCC_1_PBMC_ACCCACTCAATGTAAG	54.07005112470573	48.81370070553056	15.007186395407969	0.0	0.0	0.0	47.21019591999449	0.0	0.0	0.0	0.0	43.98416532930755	0.0	25.614145490221432	11.434238504271855	4.796031463514499	0.0	0.0	0.0	0.0	0.0	0.0	0.0	0.0	0.0	0.0
GSM4138110_HNSCC_1_PBMC_ACCCACTGTAAGTGTA	80.76987714453797	36.75088454913791	71.63335020226664	0.0	0.0	0.0	0.0	30.838081372088837	0.0	74.09112477325098	43.20549816127531	0.0	0.0	0.0	0.0	0.0	54.277717649894505	0.0	0.0	0.0	0.0	0.0	0.0	0.0	0.0	0.0
GSM4138110_HNSCC_1_PBMC_ACCTTTATCATAACCG	102.67680540721096	65.6749249817607	84.87487994567577	63.686944776157254	0.0	0.0	0.0	16.312579831532737	0.4202290772736636	0.0	0.0	0.0	0.0	0.0	51.96366673405745	104.52507254118672	0.0	0.0	0.0	11.936368099720637	0.0	24.12109968965731	0.0	0.0	0.0	0.0
GSM4138110_HNSCC_1_PBMC_ACGAGCCAGGTGTGGT	51.80269282662194	43.68827065157176	33.065376259266664	40.758475118508585	30.2034569636208	0.0	0.0	0.0	0.0	0.0	0.0	0.0	0.0	28.72863743570971	0.0	103.83151054723413	8.494243144366587	0.0	0.0	0.0	0.0	0.0	0.0	0.0	0.0	0.0
GSM4138110_HNSCC_1_PBMC_ACGATACCATATGAGA	94.70944104626275	25.884387065906065	44.96201401710754	0.0	0.0	18.078100932934188	0.0	15.021083389023854	0.0	0.0	54.47026197415457	0.0	0.0	0.0	0.0	20.544913441364255	26.300919456358944	0.0	0.0	0.0	0.0	0.0	0.0	0.0	0.0	0.0
GSM4138110_HNSCC_1_PBMC_ACGATACTCTGATTCT	92.97449729325513	32.77228839270862	23.372007413051655	0.0	0.0	0.0	0.0	16.503060133450212	0.0	0.0	62.99757828255027	0.0	0.0	0.0	0.0	53.30446300443348	57.98222573539087	0.0	0.0	0.0	0.0	0.0	0.0	0.0	0.0	0.0
GSM4138110_HNSCC_1_PBMC_ACGATGTCAGGCAGTA	98.96345230633234	38.974380994854506	33.6965863263707	72.01163899666423	17.971241858555043	0.0	0.0	0.0	14.174527830769772	50.47898019602972	0.0	0.0	0.0	20.27504917047539	0.0	0.0	0.0	0.0	0.0	0.0	0.0	0.0	0.0	0.0	0.0	0.0
GSM4138110_HNSCC_1_PBMC_ACGCAGCGTAGAGCTG	60.372274701124	36.12923180601981	91.71645633394415	59.009873778766966	12.585098597511392	0.0	0.0	0.0	0.0	0.0	0.0	0.0	29.163182829262496	0.0	0.0	0.0	0.0	0.0	0.0	0.0	0.0	15.758403174178982	0.0	0.0	0.0	0.0
GSM4138110_HNSCC_1_PBMC_ACGCCGAAGGTAGCTG	69.97197070370348	101.8388325795612	35.32499731061787	0.0	17.072970907485956	9.382109312492418	0.0	18.235362157834324	17.759304391033996	0.0	21.03521397290469	0.0	0.0	0.0	0.0	0.0	0.0	13.099455822099992	0.0	0.0	0.0	0.0	0.0	0.0	0.0	0.0
GSM4138110_HNSCC_1_PBMC_ACGGGCTGTGATAAAC	69.40475216488862	42.31898085906814	70.75288355879216	66.6397543041241	0.0	0.0	0.0	0.0	0.0	0.0	0.0	100.84665130635261	0.0	25.51924838563801	29.173753413602245	0.0	0.0	0.0	0.0	0.0	0.0	0.0	0.0	0.0	0.0	0.0
GSM4138110_HNSCC_1_PBMC_ACGTCAACATCACGAT	89.67423669042765	37.72989030985521	84.65195140357072	23.026929880531817	0.0	15.505474480669887	0.0	0.0	0.0	0.0	0.0	0.0	0.0	13.37708728716415	0.0	0.0	0.0	0.0	0.0	0.0	0.0	0.0	33.958949265147695	0.0	0.0	0.0
GSM4138110_HNSCC_1_PBMC_ACTATCTAGGAATTAC	110.31822072734326	192.01266686787733	109.33920817680107	0.0	0.0	0.0	0.0	0.0	56.848501286308995	73.53328130034676	0.0	0.0	0.0	27.92389304826243	0.0	0.0	0.0	0.0	34.72605255783404	0.0	0.0	0.0	0.0	0.0	92.23207794546292	0.0
GSM4138110_HNSCC_1_PBMC_ACTGATGTCGTTACGA	193.71823951897875	117.63392991044024	164.2903008628317	0.0	75.99413939882776	0.0	0.0	0.0	0.0	0.0	39.09549697190003	0.0	38.005514482256835	32.098215526429335	0.0	0.0	0.0	0.0	30.22942485218089	0.0	0.0	0.0	0.0	0.0	0.0	0.0
GSM4138110_HNSCC_1_PBMC_ACTTACTAGATAGGAG	57.301578725525886	109.75922196504835	46.27570433266464	18.865353104315957	4.789444408921039	56.932886547887826	0.0	14.23655775584259	56.25635496314618	0.0	0.0	0.0	0.0	0.0	0.0	0.0	0.0	0.0	0.0	24.235955499929386	0.0	0.0	0.0	0.0	0.0	0.0
GSM4138110_HNSCC_1_PBMC_ACTTGTTTCCACGACG	74.35572245920629	106.55263885939291	92.05338995879097	0.0	0.0	0.0	37.23490382370668	17.330192298172058	3.0942599573470653	0.0	0.0	0.0	0.0	0.0	0.0	78.32245823064966	33.45080689737247	0.0	0.0	0.0	0.0	0.0	4.803684745194311	0.0	0.0	0.0
GSM4138110_HNSCC_1_PBMC_ACTTTCATCGTCACGG	112.58901409225459	57.673785358629196	108.78202397630349	0.0	17.299524073177277	0.0	0.0	0.0	0.0	0.0	0.0	0.0	21.77233190508268	32.18781758413153	0.0	0.0	0.0	0.0	0.0	5.351455025337065	0.0	0.0	0.0	0.0	47.24202587328342	0.0
GSM4138110_HNSCC_1_PBMC_AGATTGCTCATGCTCC	97.06739289488978	68.27419461661943	71.06681221685251	0.0	0.0	0.0	127.55502879839375	0.0	0.0	0.0	0.0	38.47772111573696	12.268057621478118	55.509018418236785	0.0	0.0	39.59603101508962	7.934894389187826	0.0	0.0	0.0	0.0	0.0	0.0	0.0	0.0
GSM4138110_HNSCC_1_PBMC_AGATTGCTCCTAGAAC	144.71786669999992	27.943536466169704	48.277381142461955	126.58739006923878	0.0	0.0	0.0	15.052255647640788	0.0	0.0	0.0	21.35908865974146	0.0	0.0	0.0	0.0	0.0	0.0	0.0	0.0	0.0	0.0	0.0	0.0	0.0	0.0
GSM4138110_HNSCC_1_PBMC_AGCAGCCTCACTCTTA	91.38901737504742	54.94394876252155	33.55135468940599	0.0	0.0	0.0	0.0	0.0	40.97846483212982	0.0	47.7635964487494	0.0	52.64004615664856	17.752653329319934	0.0	0.0	0.0	0.0	0.0	0.0	0.0	0.0	0.0	0.0	0.0	0.0
GSM4138110_HNSCC_1_PBMC_AGCCTAAAGCGTGAAC	234.57569244492882	94.61050117100605	79.06835617097931	0.0	0.0	0.0	0.0	23.439942816374543	9.50387682261838	0.0	91.74684627239431	0.0	39.2259926840465	0.0	0.0	0.0	25.232056883452596	0.0	0.0	0.0	39.5415794403087	6.768860192139673	11.231019372279805	0.0	0.0	0.0
GSM4138110_HNSCC_1_PBMC_AGCCTAAGTCTCATCC	44.490217013702946	16.484036326124752	51.110937679476926	17.78561003455809	0.0	0.0	0.0	0.0	0.0	0.0	0.0	101.55073684877182	0.0	6.929011812352842	0.0	0.0	0.0	0.0	0.0	0.0	0.0	0.0	20.46067661911092	0.0	0.0	0.0
GSM4138110_HNSCC_1_PBMC_AGCGTATAGCCAGTTT	94.12204680676477	57.55631650303143	31.444649273642348	100.90358370971832	0.0	10.228960707218368	0.0	22.46084681648878	43.72940075623135	50.511956541435396	0.0	0.0	0.0	0.0	0.0	0.0	0.0	0.0	0.0	0.0	0.0	0.0	0.0	0.0	0.0	0.0
GSM4138110_HNSCC_1_PBMC_AGCGTCGAGCGCTCCA	71.11571010566432	74.66757988531225	48.5689663237343	0.0	42.42375051994312	0.0	49.85178453156408	0.0	0.0	0.0	0.0	0.0	0.0	34.64177412884017	0.0	0.0	0.0	0.0	0.0	0.0	30.674248377399053	0.0	0.0	0.0	0.0	0.0
GSM4138110_HNSCC_1_PBMC_AGCTCCTGTATCACCA	156.12484801828364	119.29056217115195	101.29412842892425	0.0	28.306049861403107	0.0	0.0	0.0	20.332851133911998	71.65948082515072	0.0	0.0	0.0	37.856559572361604	0.0	16.479043105754958	0.0	0.0	0.0	0.0	0.0	0.0	0.0	152.61078179039706	0.0	0.0
GSM4138110_HNSCC_1_PBMC_AGCTCTCAGTCGTTTG	139.36682496461458	82.86009415753158	104.97834724235808	0.0	0.0	0.0	0.0	0.0	0.0	0.0	0.0	0.0	86.51085222182698	29.688660647643864	47.96415161888673	0.0	0.0	0.0	0.0	0.0	7.0679664509085125	0.0	0.0	0.0	63.704350229364124	0.0
GSM4138110_HNSCC_1_PBMC_AGCTTGAAGACTGGGT	112.6125045445391	37.02549348064098	71.86951286248146	0.0	0.0	59.66166314270389	0.0	35.500416684079326	0.0	0.0	62.75427887857309	0.0	0.0	27.019230042028664	13.008850470425735	0.0	23.168614213338685	0.0	0.0	0.0	0.0	0.0	0.0	0.0	0.0	0.0
GSM4138110_HNSCC_1_PBMC_AGGCCGTAGACTACAA	131.8368847301057	72.0453322943003	59.68731786564349	64.8454161695929	24.923364349745547	0.0	0.0	30.158324659382757	31.28754616564557	0.0	0.0	0.0	84.90100207647349	0.0	0.0	0.0	0.0	0.0	0.0	0.0	0.0	0.0	0.0	0.0	0.0	0.0
GSM4138110_HNSCC_1_PBMC_AGGGATGAGACCCACC	61.762607175671725	58.93908762837712	56.1449672884638	74.34622927643576	0.0	0.0	0.0	0.0	39.59001264046159	0.0	0.0	0.0	0.0	26.27387435105531	0.0	0.0	0.0	0.0	0.0	0.0	49.11733876198105	0.0	0.0	0.0	0.0	0.0
GSM4138110_HNSCC_1_PBMC_AGGGATGCATGTTCCC	91.69036553491082	89.35605084903972	71.34795798699824	0.0	0.0	0.0	0.0	0.0	0.0	66.58803188901936	84.44433584855618	0.0	9.678754671161132	0.0	44.69279150641051	0.0	0.0	0.0	0.0	0.0	0.0	52.62480195506463	0.0	0.0	0.0	0.0
GSM4138110_HNSCC_1_PBMC_AGTAGTCGTCAATGTC	68.54798147629413	42.054057799122255	75.36110671463076	0.0	46.471896149487286	0.0	49.6342981722435	28.15425881941071	0.0	0.0	0.0	0.0	0.0	0.0	0.0	0.0	0.0	42.252852341233165	5.359119715104601	0.0	0.0	0.0	0.0	0.0	0.0	0.0
GSM4138110_HNSCC_1_PBMC_AGTAGTCGTCCGAAGA	105.56031091577965	87.99540815557125	39.994921568468875	76.03214451826274	29.842054325273278	0.0	0.0	0.0	0.0	15.916424750741538	0.0	0.0	0.0	15.845203600839282	0.0	48.692592630945796	0.0	0.0	0.0	0.0	0.0	0.0	0.0	0.0	0.0	0.0
GSM4138110_HNSCC_1_PBMC_AGTGGGAAGGAGCGAG	138.74299698658683	105.09425693655355	75.62359747068581	99.586022689679	116.88162864418307	108.22205109084919	0.0	58.281326011043426	0.0	0.0	0.0	0.0	0.0	0.0	0.0	0.0	0.0	0.0	0.0	0.0	0.0	0.0	0.0	0.0	0.0	0.0
GSM4138110_HNSCC_1_PBMC_AGTGTCAGTACCGGCT	94.39438805096184	65.95055909603487	46.030858329906145	156.9976632003584	0.0	0.0	0.0	18.322688070266608	0.0	0.0	0.0	0.0	76.89685874282107	13.08357392008121	4.940014733928718	0.0	0.0	0.0	0.0	0.0	42.36197817999063	0.0	0.0	0.0	0.0	0.0
GSM4138110_HNSCC_1_PBMC_ATAAGAGAGCTGATAA	44.1135633277896	33.632385708130684	32.41148209178093	83.63095915815664	0.0	2.2104005875988455	0.0	34.032469392783334	0.0	0.0	0.0	0.0	0.0	0.0	0.0	14.211676682006885	0.0	0.0	0.0	0.0	0.0	0.0	26.366805101017512	0.0	0.0	0.0
GSM4138110_HNSCC_1_PBMC_ATCACGAGTCAAACTC	65.18040882195649	78.85249245717256	72.79221633969073	0.0	0.0	0.0	0.0	16.92954377374087	0.0	62.69308448057287	42.83331667434619	0.0	0.0	0.0	12.616021954206353	0.0	0.0	0.0	0.0	0.0	0.0	0.0	0.0	0.0	0.0	0.0
GSM4138110_HNSCC_1_PBMC_ATCATCTTCTGTGCAA	73.2657021611964	45.961203861518605	62.66400917742087	47.18395776679659	0.0	0.0	0.0	22.40595794476263	51.59805921386509	0.0	0.0	30.62578273099015	0.0	0.0	0.0	9.45520182064795	0.0	0.0	0.0	0.0	0.0	0.0	0.0	0.0	0.0	0.0
GSM4138110_HNSCC_1_PBMC_ATCATGGGTCACTGGC	156.27095188831768	96.03968490908879	48.81930350765566	0.0	0.0	0.0	0.0	19.47810959627097	55.95972388726643	86.92740933689133	0.8007555003184907	0.0	0.0	0.0	0.0	0.0	0.0	0.0	0.0	0.0	0.0	0.0	0.0	63.0400652084474	0.0	0.0
GSM4138110_HNSCC_1_PBMC_ATCTGCCCATACGCCG	83.32403352503387	71.7592263111298	26.461772031066886	65.13814060252442	0.0	41.140209610546336	0.0	0.0	0.0	0.0	0.0	0.0	0.0	32.44910351911016	0.0	0.0	36.26233234288459	0.0	0.0	0.0	0.0	0.0	29.688876820732144	0.0	0.0	0.0
GSM4138110_HNSCC_1_PBMC_ATGAGGGAGTGTACGG	90.08350592475712	72.0071473087539	83.70859761350258	0.0	0.0	97.93334237591226	0.0	24.831273138276224	36.76313228750218	0.0	48.57648341649413	0.0	0.0	0.0	14.387282660016973	0.0	0.0	0.0	0.0	0.0	0.0	0.0	0.0	0.0	0.0	0.0
GSM4138110_HNSCC_1_PBMC_ATGGGAGAGACCCACC	189.2677152101844	123.2435629024045	153.0758017491735	0.0	133.94876107649685	105.74996025332545	78.18014523499704	40.91841085491216	0.0	37.897848649904475	0.0	0.0	0.0	0.0	0.0	0.0	0.0	0.0	0.0	2.59577093558736	0.0	0.0	0.0	0.0	0.0	0.0
GSM4138110_HNSCC_1_PBMC_ATGTGTGTCCAGTAGT	60.6669809924774	50.18742401264112	17.055330570204667	55.862133244453986	0.0	31.830594073705484	0.0	13.717843870490146	0.0	42.532735931460124	0.0	0.0	0.0	0.0	0.0	0.0	27.803427824411973	0.0	0.0	0.0	0.0	0.0	0.0	0.0	0.0	0.0
GSM4138110_HNSCC_1_PBMC_ATTATCCAGCGCCTTG	95.93627550311447	89.92751405324881	75.98692739584769	0.0	0.0	0.0	0.0	0.0	0.0	0.0	0.0	0.0	52.912644441106984	32.2534005123556	56.255156530952185	0.0	14.276862951133252	0.0	72.1470954576414	0.0	22.209327389721732	0.0	0.0	0.0	0.0	0.0
GSM4138110_HNSCC_1_PBMC_ATTCTACAGATGTCGG	86.23393586072197	74.60754730026007	80.34666544604693	56.25844362776391	0.0	0.0	0.0	21.079809852241755	24.85809156549458	0.0	0.0	0.0	65.2263969182765	0.0	24.78375572398809	0.0	0.0	0.0	0.0	0.0	0.0	0.0	0.0	0.0	0.0	0.0
GSM4138110_HNSCC_1_PBMC_ATTGGACAGAAGGCCT	43.4105489441898	59.10334870001981	31.708714534079178	36.88573714464169	0.0	0.0	0.0	22.421426719348165	0.0	0.0	0.0	5.406479732692131	14.934660261142104	0.0	47.67738503360684	0.0	0.0	0.0	0.0	0.0	20.653700120211255	0.0	0.0	0.0	0.0	0.0
GSM4138110_HNSCC_1_PBMC_ATTGGTGCACAGGAGT	117.53008182392217	100.80717003954354	43.061061692739344	45.013674871337905	0.0	0.0	0.0	19.821763940228657	34.26108426997264	0.0	0.0	0.0	0.0	0.0	0.0	0.0	0.0	0.0	0.0	0.0	85.2210131212258	0.0	0.0	0.0	0.0	0.0
GSM4138110_HNSCC_1_PBMC_CAACCTCTCTAAGCCA	112.49683816889785	66.5393151017387	49.823244657573895	27.96065275932402	49.19504346943107	0.0	0.0	0.0	0.0	0.0	0.0	0.0	0.0	0.0	0.0	0.0	0.0	0.0	0.0	0.0	27.07163877639776	24.168153339799925	0.0	0.0	0.0	0.0
GSM4138110_HNSCC_1_PBMC_CAACTAGGTGTCCTCT	107.32719594081696	70.03646002373044	59.31708155607964	0.0	56.59613423989782	0.0	0.0	0.0	0.0	57.38486510728703	44.21288033471918	0.0	0.0	15.006262874373402	0.0	0.0	0.0	0.0	0.0	0.0	0.0	0.0	0.0	0.0	0.0	0.0
GSM4138110_HNSCC_1_PBMC_CAACTAGTCAAGATCC	38.8954218820134	11.781792215796248	64.75500231624375	0.0	0.0	0.0	0.0	0.0	0.0	80.21071338312385	63.469917105143374	0.0	0.0	18.53218019097035	31.545288600716717	0.0	0.0	0.0	0.0	0.0	0.0	0.0	0.0	0.0	0.0	0.0
GSM4138110_HNSCC_1_PBMC_CAAGAAATCACAAACC	44.115182167684395	41.969029635797064	116.50771748185613	0.0	30.853494509474185	0.0	3.4029111860072434	11.378363368239219	0.0	35.77003341923751	0.0	0.0	0.0	0.0	0.0	0.0	0.0	0.0	27.7450166163557	0.0	0.0	0.0	0.0	0.0	0.0	0.0
GSM4138110_HNSCC_1_PBMC_CAAGTTGCATGTTCCC	137.5006353459115	119.9178201675415	116.17273946768827	81.57969978493921	69.92706278936879	22.514618953127183	0.0	0.0	0.0	0.0	0.0	0.0	68.23795467429335	0.0	0.0	0.0	0.0	0.0	0.0	0.0	0.0	28.702810949693202	0.0	0.0	0.0	0.0
GSM4138110_HNSCC_1_PBMC_CACACTCTCAAGATCC	108.9271344731055	101.87922465673684	45.94811509507296	0.0	75.83960362729754	0.0	52.216784813971366	18.35056852051094	0.0	0.0	0.0	90.41302031935456	0.0	0.0	0.0	0.0	0.0	0.0	0.0	0.0	0.0	0.0	0.0	0.0	7.5708388077354165	0.0
GSM4138110_HNSCC_1_PBMC_CACAGGCTCCGCGTTT	71.48154542519949	58.21367684140969	30.727528232634114	0.0	0.0	0.0	4.891630265534935	33.77781222270356	54.55757259860857	93.57597158448694	0.0	0.0	0.0	0.0	0.0	0.0	0.0	0.0	77.24699686312891	0.0	0.0	0.0	0.0	0.0	0.0	0.0
GSM4138110_HNSCC_1_PBMC_CACAGTAAGTTACCCA	63.94211294677254	44.01735579632778	77.50223502696993	80.39418332303975	0.0	99.41759627270459	0.7089200211608887	23.7832956499807	43.070459784029104	0.0	0.0	0.0	0.0	0.0	0.0	0.0	0.0	0.0	5.308205001018227	0.0	0.0	0.0	0.0	0.0	0.0	0.0
GSM4138110_HNSCC_1_PBMC_CACATTTAGTAGCGGT	100.89362491256547	37.15301257037451	56.84182721954665	0.0	33.26015919663134	0.0	22.64909176731698	0.0	0.0	0.0	51.030947822979414	0.0	0.0	12.755275568303034	0.0	53.87731961116955	0.0	0.0	0.0	0.0	0.0	0.0	0.0	0.0	0.0	0.0
GSM4138110_HNSCC_1_PBMC_CACCACTTCCGCGGTA	48.378726876241	117.33183272061487	68.37073710316282	0.0	0.0	8.139522911491913	26.95594379962924	51.42750882397249	16.660784981959896	0.0	0.0	13.607926452520243	0.0	0.0	0.0	9.960839036384577	0.0	0.0	0.0	0.0	0.0	0.0	0.0	0.0	0.0	0.0
GSM4138110_HNSCC_1_PBMC_CAGAGAGAGCCACTAT	68.73137036505122	34.46558558940133	41.34063450937301	47.182888050460434	0.0	0.0	0.0	0.0	80.76880963172101	0.0	0.0	0.0	0.0	12.489347557688308	0.0	63.27416359298751	0.0	0.0	0.0	0.0	0.0	0.0	0.0	0.0	0.0	0.0
GSM4138110_HNSCC_1_PBMC_CAGCAGCGTGCAGTAG	52.27034801754621	70.06948852936017	13.797733604215194	0.0	0.0	0.0	0.0	0.0	14.126602605955792	28.057745422478842	36.10006551937875	0.0	0.0	14.550688249050262	0.0	0.0	0.0	0.0	0.0	0.0	0.0	0.0	0.0	0.0	0.0	0.0
GSM4138110_HNSCC_1_PBMC_CAGCATAAGTACTTGC	70.43202962252167	63.177159879052596	52.7070023568684	0.0	0.0	0.0	0.0	0.0	0.0	69.74315203792158	12.184464833782567	0.0	0.0	20.32512498364045	2.0906647468682493	0.0	75.62599422613569	0.0	0.0	0.0	0.0	0.0	0.0	0.0	0.0	0.0
GSM4138110_HNSCC_1_PBMC_CAGCATATCAGAGGTG	108.34291611460847	132.2478230412713	62.24448830415232	0.0	74.47161875477114	0.0	99.11195391736658	97.11222438578193	0.0	0.0	0.0	0.0	0.0	0.0	0.0	0.0	0.0	95.00234754127332	0.0	0.0	0.0	0.0	0.0	0.0	0.0	0.0
GSM4138110_HNSCC_1_PBMC_CAGCTAAGTTCCACGG	0.0	0.0	0.0	0.0	0.0	0.0	0.0	1269.0017384131088	0.0	0.0	0.0	0.0	0.0	37.05073517885889	0.0	0.0	0.0	0.0	0.0	0.0	0.0	82.12987731732183	0.0	0.0	0.0	0.0
GSM4138110_HNSCC_1_PBMC_CATCGAAGTACTTCTT	166.88987763813984	46.80019311260108	115.72166215138414	87.36467344669673	31.72115927116125	0.0	0.0	0.0	0.0	40.92046551252484	0.0	0.0	0.0	11.257166711105919	0.0	0.0	0.0	0.0	0.0	9.593728732401997	0.0	0.0	0.0	0.0	0.0	0.0
GSM4138110_HNSCC_1_PBMC_CATCGGGAGAGCTTCT	73.18991968388818	30.905227805767815	46.100875029391496	0.0	14.164323058667513	0.0	0.0	12.395674479151479	0.0	0.0	0.0	0.0	0.0	0.0	0.0	0.0	0.0	18.901264077647735	12.958759564492276	0.0	0.0	0.0	0.0	0.0	0.0	0.0
GSM4138110_HNSCC_1_PBMC_CATTATCTCGATCCCT	117.7993794776575	110.5084203707987	67.1086915439319	0.0	0.0	49.13690675862234	0.0	42.94166585404476	24.258297934935293	0.0	0.0	0.0	0.0	0.0	0.0	6.170726314101178	29.181922148162123	0.0	0.0	0.0	0.0	0.0	0.0	115.18429708019218	0.0	0.0
GSM4138110_HNSCC_1_PBMC_CATTCGCAGTGAAGAG	133.27260425043772	124.22308726152686	79.90955950485416	0.0	0.0	24.711773580409336	0.0	0.0	68.08406302525603	0.0	136.51432327756584	0.0	0.0	64.57337498893519	0.0	66.05711470541962	0.0	0.0	0.0	0.0	0.0	0.0	0.0	0.0	0.0	0.0
GSM4138110_HNSCC_1_PBMC_CCACGGACAGATGGGT	101.02580417515932	123.71572148820911	116.64293888347248	0.0	0.0	0.0	7.032411131103324	49.16414225071311	41.886088706196674	0.0	0.0	0.0	0.0	0.0	0.0	0.0	0.0	0.0	125.0559830488745	0.0	90.04290553346263	0.0	0.0	0.0	0.0	0.0
GSM4138110_HNSCC_1_PBMC_CCACTACAGGTTCCTA	46.39555167413476	74.72004274359216	53.701972893995006	0.0	55.845740372531466	0.0	0.0	28.628650498578697	0.0	0.0	0.0	60.02132432274582	0.0	0.0	0.0	0.0	0.0	0.0	0.0	75.0092454687608	0.0	0.0	0.0	0.0	0.8958262124493165	0.0
GSM4138110_HNSCC_1_PBMC_CCCAGTTAGGCACATG	58.81879997363796	78.29439230458306	34.60700365620573	0.0	51.798152944390694	0.0	0.0	34.53313341107606	0.0	0.0	0.0	0.0	0.0	0.0	0.0	50.92745649626919	0.0	0.0	32.18270508144418	0.0	0.0	0.0	0.0	0.0	0.0	0.0
GSM4138110_HNSCC_1_PBMC_CCCTCCTGTACAGCAG	90.47842558154716	28.905237105228828	41.286045641528226	34.15239711866617	0.0	0.0	0.0	39.07348975709003	60.709121786415714	5.609999085561851	0.0	0.0	0.0	0.0	0.0	47.18416797294774	0.0	0.0	0.0	0.0	0.0	0.0	0.0	0.0	0.0	0.0
GSM4138110_HNSCC_1_PBMC_CCCTCCTTCCATGAAC	57.10255234150968	43.74975828225054	69.76160003000416	0.0	24.360593176666512	0.0	0.0	54.0455454887159	0.0	0.0	0.0	51.179414485116475	0.0	0.0	0.0	0.0	0.0	0.0	36.47722988660971	0.0	0.0	0.0	0.0	0.0	0.0	0.0
GSM4138110_HNSCC_1_PBMC_CCGTACTGTTCCAACA	104.00620094051274	89.1136894065665	117.24381972837617	86.79977605152227	51.5947879105769	0.0	0.0	30.06242690299017	32.69563681411125	0.0	0.0	60.46701472599417	0.0	0.0	0.0	0.0	0.0	0.0	0.0	0.0	0.0	0.0	0.0	0.0	0.0	0.0
GSM4138110_HNSCC_1_PBMC_CCGTACTTCCGATATG	48.23291289371742	37.98860672524916	40.32534352529126	0.0	0.0	0.0	0.0	12.250068884922696	0.0	0.0	0.0	0.0	0.0	6.151825744068627	39.584449676852735	0.0	0.0	0.0	0.0	30.299909311424514	39.534934485830846	0.0	0.0	0.0	0.0	0.0
GSM4138110_HNSCC_1_PBMC_CCGTGGAAGGAGTACC	95.47444504874484	48.389698512250035	33.36780761111576	0.0	43.547784718136235	0.0	0.0	0.0	0.0	51.87285351429069	54.58552471512751	0.0	0.0	0.0	0.0	0.0	0.0	0.0	0.0	0.0	0.0	21.739899917356993	0.0	0.0	0.0	0.0
GSM4138110_HNSCC_1_PBMC_CCTAAAGAGCGCCTCA	121.33638429864644	166.53505024588185	92.84800212202894	82.02734713937056	161.50408994957112	0.0	0.0	0.0	0.0	0.0	0.0	0.0	0.0	63.037997631562924	4.012986480180917	0.0	0.0	0.0	0.0	0.0	0.0	0.0	0.0	0.0	0.0	100.5051282264321
GSM4138110_HNSCC_1_PBMC_CCTACACCACAGGCCT	69.73921661077517	104.78044642304872	80.92917493152558	68.43864653254072	0.0	0.0	0.0	26.12184793908616	0.0	65.73315559861437	0.0	0.0	0.0	0.0	32.23286426193164	0.0	0.0	0.0	0.0	0.0	0.0	0.0	0.0	0.0	0.0	0.0
GSM4138110_HNSCC_1_PBMC_CCTATTACACAAGACG	158.64061826702644	103.05913043135426	101.4843935784265	0.0	0.0	0.0	0.0	0.0	0.0	0.0	56.50843844687014	0.0	0.0	18.03873196071123	60.85354285949124	0.0	0.0	0.0	5.865138267905966	0.0	123.3953457136912	0.0	0.0	0.0	34.17962223105144	0.0
GSM4138110_HNSCC_1_PBMC_CCTTACGAGAATAGGG	69.48006719944874	45.06985453663387	30.405632238095126	0.0	0.0	0.0	0.0	22.123054476855533	44.86163179703025	0.0	0.0	123.90933050705007	0.0	0.0	0.0	0.0	0.0	0.0	0.0	83.49666315152963	0.0	0.0	0.0	0.0	0.0	0.0
GSM4138110_HNSCC_1_PBMC_CGAACATGTCCAGTAT	81.15392447623177	44.15237209186738	27.44690279384622	0.0	0.0	46.877496667580104	0.0	4.307705540579769	41.518746227068554	0.0	42.679330018349894	0.0	0.0	31.56885509458097	0.0	0.0	0.0	0.0	0.0	0.0	0.0	0.0	0.0	0.0	0.0	0.0
GSM4138110_HNSCC_1_PBMC_CGATCGGCAACACCCG	60.276211597313484	45.23105338573808	20.061212275756784	0.0	0.0	0.0	0.0	9.72436823895507	12.326809660261778	0.0	0.0	36.5263719765242	0.0	0.0	0.0	0.0	0.0	0.0	0.0	0.0	0.0	0.0	0.0	34.855333703727965	0.0	0.0
GSM4138110_HNSCC_1_PBMC_CGATGTATCCTTTCGG	86.8192861625678	60.66209865146424	28.725518831816675	11.286578205761966	0.0	0.0	0.0	38.68575248414242	42.55577162318679	0.0	0.0	0.0	47.383519671318886	0.0	1.293405268373016	0.0	0.0	0.0	0.0	0.0	0.0	0.0	0.0	38.65071796318646	0.0	0.0
GSM4138110_HNSCC_1_PBMC_CGCGGTAAGACACGAC	32.21148085268263	88.0625568367046	11.157478130213288	0.0	10.411752521038332	0.0	0.0	18.489409150311737	17.347365816721616	54.835805451040414	4.290677414475515	0.0	0.0	0.0	0.0	0.0	0.0	0.0	0.0	0.0	2.798399654556416	0.0	0.0	0.0	0.0	0.0
GSM4138110_HNSCC_1_PBMC_CGCGGTATCAGTCCCT	68.07662732659635	36.03395792470306	101.43209978404184	41.144334343487316	0.0	8.207906798466235	0.0	23.621116203101664	32.98652635494215	0.0	0.0	0.0	0.0	0.0	0.0	0.0	0.0	36.78328672166648	0.0	0.0	0.0	0.0	0.0	0.0	0.0	0.0
GSM4138110_HNSCC_1_PBMC_CGCTATCAGGTAGCCA	99.17113970279152	63.5251899223495	101.92981092104054	0.0	79.83674560419394	0.0	0.0	22.03626309285353	0.0	0.0	0.0	0.0	0.0	0.0	0.0	0.0	0.0	0.0	0.0	89.84662720907681	121.41399103153721	0.0	0.0	0.0	0.0	0.0
GSM4138110_HNSCC_1_PBMC_CGCTTCACAGTACACT	105.04333896342698	65.13971372046267	69.33732241203738	36.08497007286213	0.0	0.0	0.0	20.04755735242854	0.0	0.0	0.0	0.0	0.0	0.0	0.0	0.0	60.634465060694765	56.17674070795627	0.0	46.34676782490132	0.0	0.0	0.0	0.0	0.0	0.0
GSM4138110_HNSCC_1_PBMC_CGGAGCTCAGACGCAA	59.58530412487866	71.01482952024925	59.22955864067992	0.0	20.35082613475047	0.0	51.19825056355004	19.638213136265435	0.0	39.34141284007736	0.0	0.0	0.0	0.0	0.0	0.0	0.0	0.0	0.0	0.0	0.0	0.0	0.0	0.0	0.0	0.0
GSM4138110_HNSCC_1_PBMC_CGGAGCTTCGCCTGAG	114.4189357218578	91.22776575207972	98.99748943976253	0.0	65.89807238535086	0.0	68.37619843363743	30.475266543149885	0.0	91.91770887753039	0.0	0.0	0.0	0.0	0.0	0.0	0.0	0.0	0.0	0.0	2.1353895756333343	0.0	0.0	0.0	0.0	0.0
GSM4138110_HNSCC_1_PBMC_CGGCTAGTCACATAGC	141.25264059694632	138.32716312618993	75.95337298558606	0.0	0.0	34.070031242214505	70.77965453295823	29.814537113910955	0.0	58.43292655613904	0.0	0.0	0.0	12.341786943153044	97.81027746426368	0.0	0.0	0.0	0.0	0.0	0.0	0.0	0.0	0.0	0.0	0.0
GSM4138110_HNSCC_1_PBMC_CGGCTAGTCAGAGACG	55.39013206455477	115.55727342696058	34.22055879568718	0.0	19.835284222372273	0.0	0.0	20.902295535013327	2.203959926114928	0.0	57.92916485483195	0.0	0.0	0.0	0.0	45.85294116177984	0.0	0.0	0.0	0.0	0.0	0.0	0.0	0.0	0.0	0.0
GSM4138110_HNSCC_1_PBMC_CGGCTAGTCCTAAGTG	181.461085233221	32.20400720784255	77.82975769496541	62.16727441108359	30.392681605286906	0.0	0.0	0.0	0.0	0.0	0.0	0.0	91.02562126643818	19.982979643341153	0.0	0.0	0.0	0.0	0.0	0.0	0.0	0.0	0.0	0.0	0.0	0.0
GSM4138110_HNSCC_1_PBMC_CGTAGCGAGAAGGGTA	84.41525070935056	71.70789718047502	96.61325139867216	33.56647291692177	0.0	124.10628716677287	0.0	22.16722133473769	0.0	0.0	0.0	0.0	0.0	0.0	21.017850386412483	0.0	21.268663343389097	0.0	0.0	0.0	0.0	0.0	0.0	0.0	0.0	0.0
GSM4138110_HNSCC_1_PBMC_CGTAGGCGTGGTAACG	54.93182879644938	45.844454013353655	94.92715979518331	14.634883138240331	0.0	0.0	0.0	0.0	0.0	0.0	0.0	0.0	81.08834586282406	0.0	32.44179745271316	0.0	0.0	0.0	0.0	0.0	0.0	16.971854219973725	0.0	0.0	0.0	0.0
GSM4138110_HNSCC_1_PBMC_CGTCACTTCAAACCGT	92.51025722430232	50.41273827206602	108.51094961406018	0.0	0.0	0.0	0.0	0.0	0.0	0.0	46.271423139552816	0.0	0.0	42.106893853665106	0.0	66.03498917356518	0.0	0.0	0.0	0.0	0.0	0.0	47.846364029859146	0.0	0.0	0.0
GSM4138110_HNSCC_1_PBMC_CGTCCATAGCAGCGTA	46.04414569229863	42.97141284012252	7.847024256320831	0.0	0.0	0.0	14.408313989627981	15.139503931473872	25.3765149987746	0.0	0.0	62.458634021508544	0.0	0.0	0.0	0.0	0.0	0.0	0.0	0.0	0.0	0.0	34.65631092315441	0.0	0.0	0.0
GSM4138110_HNSCC_1_PBMC_CGTGTAAAGGTGTGGT	89.79040355622726	69.71391937138357	104.51390491816592	40.77853041831058	41.563257284014746	0.0	30.17381643883416	15.452975778333846	27.390075254277225	57.15980932095565	0.0	0.0	0.0	0.0	0.0	0.0	0.0	0.0	0.0	0.0	3.9500438483953157	0.0	0.0	0.0	0.0	0.0
GSM4138110_HNSCC_1_PBMC_CGTTGGGCAGGCGATA	95.15445011181248	68.19453016593718	36.09612116416844	50.442815279291224	0.0	21.978204023164686	0.0	0.0	0.0	0.0	0.0	0.0	0.0	0.0	44.898515399353585	18.46265350058136	0.0	0.0	0.0	0.0	0.0	36.23229045088918	0.0	0.0	0.0	0.0
GSM4138110_HNSCC_1_PBMC_CTACACCGTAGCTTGT	43.730027112681775	48.07793589831425	58.060697076915275	0.0	0.0	0.0	0.0	0.0	0.0	0.0	0.0	0.0	82.03839044174451	24.384429135113383	39.43584558339252	0.0	0.0	0.0	0.0	42.89586427924135	0.0	0.0	0.0	0.0	0.0	0.0
GSM4138110_HNSCC_1_PBMC_CTACGTCAGTGGGATC	92.69374588130573	99.35679993068365	83.07669132706532	0.0	0.0	0.0	0.0	25.760654123670633	0.0	23.125181045149994	12.940211655637084	0.0	0.0	3.026730989046006	76.27923869371126	0.0	0.0	0.0	0.0	0.0	0.0	0.0	0.0	0.0	0.0	0.0
GSM4138110_HNSCC_1_PBMC_CTACGTCTCCACGAAT	36.04009530106103	44.82712072408096	31.55767371590147	26.274839907120455	33.483353225719725	0.0	0.0	3.7179435694179572	0.0	0.0	0.0	60.88376715816142	0.0	0.0	0.0	0.0	16.550878606622593	0.0	0.0	0.0	0.0	9.147721396430734	0.0	0.0	0.0	0.0
GSM4138110_HNSCC_1_PBMC_CTAGCCTAGCCAACAG	66.87721798807266	90.14195260095165	66.34673236568999	60.48940556624878	18.113998359885898	0.0	0.0	0.0	15.23787616576837	0.0	0.0	37.91667085194107	0.0	33.68249736996332	0.0	0.0	0.0	0.0	0.0	0.0	0.0	0.0	0.0	0.0	0.0	0.0
GSM4138110_HNSCC_1_PBMC_CTCAGAATCGAATGGG	87.9666040248135	68.71046227335057	76.96156584645456	82.69199299390752	0.0	0.0	0.0	43.84255499745829	0.0	0.0	0.0	0.0	95.5147311315964	0.0	56.90109050035873	0.0	0.0	0.0	0.0	0.0	0.0	0.0	0.0	0.0	0.0	0.0
GSM4138110_HNSCC_1_PBMC_CTCCTAGCAAGTCTGT	130.01354184736877	51.229837611434775	95.60525869197888	35.43397636468855	16.948560156774917	41.94295617454303	0.0	0.0	29.136985842780046	0.0	33.24025251069214	0.0	0.0	43.61524299354812	0.0	0.0	0.0	0.0	0.0	0.0	0.0	0.0	0.0	0.0	0.0	0.0
GSM4138110_HNSCC_1_PBMC_CTCGGAGAGCAGGTCA	101.63525165744801	94.3892857010883	87.62951003799968	0.0	0.0	64.96497670953178	0.0	0.0	10.826980928176287	0.0	35.465408355043316	0.0	0.0	31.146771618058143	53.44848780032331	0.0	0.0	0.0	0.0	0.0	0.0	0.0	0.0	0.0	0.0	0.0
GSM4138110_HNSCC_1_PBMC_CTCGTACTCAGCAACT	74.22262200171176	133.25073125500288	95.44819143369406	0.0	23.072447577373918	88.06485000221012	0.0	17.57012500884837	7.334926130104083	0.0	117.31009751089906	0.0	0.0	0.0	0.0	0.0	0.0	0.0	0.0	0.0	0.0	28.054068844294314	0.0	0.0	0.0	0.0
GSM4138110_HNSCC_1_PBMC_CTCGTCAAGCTCTCGG	139.18228876748765	179.28692459065587	93.52866867616488	18.964340852187206	72.83235570599271	0.0	0.0	0.0	0.0	153.2358845655121	0.0	0.0	0.0	0.0	0.0	0.0	0.0	0.0	0.0	0.0	0.0	58.89688522871176	0.0	0.0	0.0	0.0
GSM4138110_HNSCC_1_PBMC_CTCTACGCAGATCGGA	29.28440358445375	38.89560547641241	47.715251137780086	34.47914306477896	42.665407700294566	0.0	0.0	12.896456083789108	0.0	0.0	0.0	0.0	0.0	0.0	0.0	0.0	0.0	24.511413541447112	0.0	0.0	0.0	0.0	0.0	0.0	0.0	0.0
GSM4138110_HNSCC_1_PBMC_CTCTGGTAGACAGGCT	32.831889566282904	27.519258880038382	57.27226870566859	0.0	18.092226136062365	58.64878096569659	0.0	0.0	17.858852299014234	0.0	58.33106670521445	0.0	0.0	8.515660303166817	0.0	18.563298772430336	0.0	0.0	0.0	0.0	0.0	0.0	0.0	0.0	0.0	0.0
GSM4138110_HNSCC_1_PBMC_CTCTGGTCACAGCCCA	131.09355078162025	86.11668745270244	69.43052389825125	0.0	0.0	0.12416474788248455	41.14632876876988	19.8351944704269	51.66239020081891	0.0	0.0	19.386921706323935	0.0	0.0	0.0	0.0	0.0	86.27049362555888	1.0910790582588612	0.0	0.0	0.0	0.0	0.0	0.0	0.0
GSM4138110_HNSCC_1_PBMC_CTGAAACCAGCCTTGG	53.481898153024325	65.48759918018675	140.8460749373906	0.0	0.0	0.0	0.0	0.0	0.0	0.0	0.0	46.64690672536906	0.0	0.0	0.0	0.0	0.0	0.0	0.0	41.392673385964486	0.0	83.56493179054002	0.0	0.0	0.0	0.0
GSM4138110_HNSCC_1_PBMC_CTGAAACCAGTATGCT	75.93001211401557	35.99329513255388	36.993315780607354	0.0	52.56567239843891	0.0	0.0	27.962766003038155	0.0	86.2808081220483	85.7820860609004	0.0	0.0	5.391037700457299	0.0	0.0	0.0	0.0	0.0	0.0	0.0	0.0	0.0	0.0	0.0	0.0
GSM4138110_HNSCC_1_PBMC_CTGAAGTCAGCTGCTG	110.33963484106326	39.08596238790216	39.28529277831637	0.0	36.043840725529186	0.0	41.44103545773167	22.474001758740133	0.0	27.94532633603542	25.79314096785482	0.0	0.0	0.0	0.0	35.83452301181189	0.0	0.0	0.0	0.0	0.0	0.0	0.0	0.0	0.0	0.0
GSM4138110_HNSCC_1_PBMC_CTGAAGTGTTCTCATT	77.41471977439546	55.12792878959427	29.428467341851235	0.0	0.0	25.798575893711114	0.0	19.873570307019197	0.0	0.0	0.0	0.0	0.0	0.0	0.0	0.0	138.87826655031284	0.0	18.30002557524841	0.0	0.0	0.0	0.0	0.0	0.0	0.0
GSM4138110_HNSCC_1_PBMC_CTGTTTACAAAGGTGC	79.08716741049851	77.83089851993995	74.11105957884193	0.0	34.77460524692627	0.0	0.0	24.1450526409702	0.0	0.0	0.0	0.0	0.0	0.0	0.0	0.0	0.0	0.0	34.714207755921336	0.0	48.10948024894012	0.0	0.0	0.0	0.0	0.0
GSM4138110_HNSCC_1_PBMC_CTTAACTGTGACGCCT	46.16278219325288	61.51076797067753	16.01366034833077	36.09388409817531	0.0	0.0	0.0	0.0	0.0	0.0	0.0	0.0	0.0	13.98504056664269	0.0	0.0	51.16715262455234	81.09984263994147	0.0	0.0	0.0	0.0	0.0	0.0	0.0	0.0
GSM4138110_HNSCC_1_PBMC_CTTAGGAAGGTGATTA	164.326444832051	106.96927850876872	166.2938733308877	151.49223059073276	109.94043223721913	128.37435983497227	0.0	0.0	0.0	0.0	0.0	0.0	0.0	34.15674078749947	0.0	0.0	0.0	0.0	0.0	0.0	0.0	0.0	0.0	0.0	0.0	0.0
GSM4138110_HNSCC_1_PBMC_CTTAGGACAGAGTGTG	76.51118824059506	56.35846673494354	66.77734251892944	0.0	0.0	0.0	0.0	12.351192710206208	19.705407371023053	42.40460279813784	20.535987791804253	0.0	0.0	0.0	0.0	0.0	0.0	0.0	0.0	0.0	0.0	0.0	0.0	0.0	27.742601023465163	0.0
GSM4138110_HNSCC_1_PBMC_CTTGGCTCAAAGCGGT	108.02671955191143	74.54744391616634	88.12732068422108	0.0	0.0	0.0	0.0	27.358284146386286	0.0	0.0	0.0	60.20207064556538	0.0	12.582881637232386	59.25173037754022	0.0	0.0	0.0	51.56673732371496	0.0	32.68111241536756	0.0	0.0	0.0	0.0	0.0
GSM4138110_HNSCC_1_PBMC_GAAACTCGTCTTCTCG	153.1607190966692	107.53398964225468	58.211069708794575	0.0	72.85431989649683	0.0	0.0	0.0	0.0	10.564678344138994	0.0	0.0	58.720295361542284	24.062089918453196	0.0	0.0	0.0	0.0	0.0	0.0	0.0	0.0	0.0	0.0	129.76368657006924	3.4079824463164763
GSM4138110_HNSCC_1_PBMC_GAAATGAAGAGCAATT	49.26191216818969	49.457448148105186	29.67694990654542	34.79134323558023	0.0	0.0	0.0	17.51529586054041	0.0	0.0	0.0	0.0	0.0	0.0	0.0	40.409036110099294	32.61375774473117	0.0	0.0	0.0	0.0	0.0	0.0	0.0	0.0	0.0
GSM4138110_HNSCC_1_PBMC_GAACATCTCGGTTAAC	86.78912763374471	65.6619972758431	41.5252199173763	0.0	24.430706838433906	0.0	0.0	0.0	0.0	0.0	62.18574602569575	48.670289844116915	0.0	0.0	0.0	0.0	0.0	0.0	0.0	0.0	0.0	21.411312503010226	8.57724146728768	0.0	0.0	0.0
GSM4138110_HNSCC_1_PBMC_GAACCTATCGGCCGAT	83.25016135373448	88.99123159309842	45.53760674328017	0.0	0.0	0.0	0.0	6.108371718555094	0.0	16.94736525495057	78.97778681027049	37.77014397524768	0.0	0.0	20.98561776628355	0.0	0.0	0.0	0.0	0.0	0.0	0.0	0.0	0.0	0.0	0.0
GSM4138110_HNSCC_1_PBMC_GAATGAAGTTGGACCC	37.4995790597877	57.662778241595944	40.03139677316865	0.0	0.0	0.0	0.0	0.0	0.0	0.0	0.0	0.0	0.0	4.302242085668604	0.0	0.0	32.41155337202976	0.0	44.60926301306084	0.0	27.954687850496196	0.0	0.0	0.0	0.0	0.0
GSM4138110_HNSCC_1_PBMC_GACAGAGAGAGCCTAG	72.79957759714367	40.90042312960214	45.680218401952956	0.0	0.0	0.0	8.855771327916443	14.648785694193393	6.8227204806164865	0.0	0.0	0.0	39.97343917121763	0.0	0.0	0.0	0.0	0.0	0.0	0.0	0.0	0.0	0.0	14.354701000960874	7.86727655332028	0.0
GSM4138110_HNSCC_1_PBMC_GACTAACAGGCAGGTT	68.43593777413795	84.07867419355914	52.8078293036531	0.0	0.0	0.0	0.0	0.0	0.0	11.22574539338357	8.899571449286755	0.0	90.82828806250332	60.56675848031302	0.0	0.0	101.25541731541789	0.0	0.0	103.52603086560579	0.0	0.0	0.0	0.0	0.0	0.0
GSM4138110_HNSCC_1_PBMC_GACTGCGGTATCTGCA	86.20846192262363	34.307502757475625	24.264096429270097	43.813410259019825	0.0	18.710511412054753	0.0	50.415408014163525	0.0	0.0	0.0	0.0	0.0	15.962559583415874	0.0	16.17159820158447	0.0	0.0	0.0	0.0	0.0	0.0	61.397563921460815	0.0	0.0	0.0
GSM4138110_HNSCC_1_PBMC_GACTGCGTCTAAGCCA	79.56261410115219	82.52592612095906	67.4947380721783	0.0	43.19090721759428	62.25269954293257	0.0	0.0	0.0	0.0	100.60953839021579	0.0	0.0	15.481912290629051	0.0	0.0	0.0	0.0	0.0	0.0	0.0	0.0	55.14192154922501	0.0	0.0	0.0
GSM4138110_HNSCC_1_PBMC_GATCGATGTGCTGTAT	160.19352397106124	110.28760160337171	62.91469021546704	43.324164994915	0.0	18.130663279161812	0.0	0.0	80.92148918382493	0.0	0.0	0.0	0.0	20.57070993656907	0.0	33.28390084809716	0.0	0.0	0.0	0.0	0.0	0.0	0.0	0.0	0.0	0.0
GSM4138110_HNSCC_1_PBMC_GATCTAGAGGGCTCTC	78.5847043395815	75.36101052521236	83.6341834262646	0.0	4.734419063816229	0.0	0.0	14.463244352711111	0.0	0.0	0.0	13.200675930317123	14.359419485473252	0.0	0.0	0.0	0.0	0.0	0.0	12.903963206112008	18.05013517403876	0.0	0.0	13.230439925951357	22.893913908360723	0.0
GSM4138110_HNSCC_1_PBMC_GATCTAGCAAACCTAC	99.53012799286009	97.76532419833072	59.75577487571989	85.8410281999443	93.71782737499258	0.0	0.0	0.0	0.0	0.0	0.0	0.0	69.81971149817576	27.825635244847255	0.0	0.0	0.0	0.0	0.0	0.0	0.0	0.0	0.0	0.0	0.0	0.0
GSM4138110_HNSCC_1_PBMC_GATGAAAAGAAGGGTA	50.11882264037531	37.21157766303861	24.548201854096913	0.0	26.318722602950267	0.0	36.399164031602496	38.87399293652407	0.0	0.0	0.0	52.474749336176245	0.0	0.0	0.0	0.0	10.634124504146966	0.0	0.0	0.0	0.0	0.0	0.0	0.0	0.0	0.0
GSM4138110_HNSCC_1_PBMC_GATGCTAGTATGGTTC	88.85363069684861	69.81324825296599	40.47839515208357	0.0	62.86098274193833	94.6060006654019	0.0	3.230194717620371	0.0	0.0	21.845761321849494	0.0	0.0	0.0	6.377801631749074	0.0	0.0	0.0	0.0	0.0	0.0	8.484997021737714	0.0	0.0	0.0	0.0
GSM4138110_HNSCC_1_PBMC_GATTCAGAGCTATGCT	126.27995934394455	90.59060420202577	32.73948148781089	0.0	35.56515083819845	0.0	77.51448786204959	32.601473977103986	0.0	0.0	0.0	0.0	0.0	0.0	0.0	142.3666213567279	0.0	0.0	0.0	0.0	0.0	0.0	0.0	0.0	0.0	0.0
GSM4138110_HNSCC_1_PBMC_GCACATACATGAACCT	109.48750422362836	49.624394491104376	109.91318114068594	43.955879896718855	0.0	73.26084286344941	0.0	20.81804589776009	0.0	0.0	0.0	0.0	0.0	0.0	0.0	0.0	47.48806690160901	0.0	0.0	0.0	0.0	0.0	0.0	0.0	0.0	0.0
GSM4138110_HNSCC_1_PBMC_GCACATAGTCTTCTCG	108.05986873554164	61.11077156401296	55.710570990886914	0.0	76.94426154906813	44.271722148444795	29.220479224902522	0.0	0.0	40.174142612669094	0.0	0.0	0.0	0.0	0.0	0.0	0.0	0.0	0.0	0.0	0.0	32.94034121951887	0.0	0.0	0.0	0.0
GSM4138110_HNSCC_1_PBMC_GCAGTTATCCTACAGA	50.52103955581873	10.648761638943151	48.86200021062785	47.41264264779438	0.0	40.61154093602948	0.0	8.002840108281445	17.57172653157606	0.0	0.0	0.0	0.0	8.387905208755942	0.0	0.0	0.0	0.0	0.0	6.201718707576266	0.0	0.0	0.0	0.0	0.0	0.0
GSM4138110_HNSCC_1_PBMC_GCATACAAGACACGAC	109.80898011020693	110.46384682405663	72.72281924732658	0.0	0.0	84.01995894422704	80.17295520050456	72.99416070139137	112.96048401647943	0.0	0.0	0.0	0.0	0.0	0.0	0.0	0.0	0.0	0.0	0.0	0.0	0.0	0.0	0.0	0.0	0.0
GSM4138110_HNSCC_1_PBMC_GCATGTATCTCATTCA	71.09859955296268	42.016308325417306	14.052552558914309	0.0	0.0	0.0	0.0	16.902373143396968	0.0	0.0	19.515924237385228	0.0	0.0	0.0	44.009202507588824	48.052223185303106	0.0	0.0	0.0	0.0	0.0	0.0	0.0	0.0	10.598236398170467	0.0
GSM4138110_HNSCC_1_PBMC_GCGAGAATCTATCCTA	59.359614163599986	72.38650525688146	85.30919755681056	0.0	0.0	0.0	0.0	0.0	34.906325958864905	0.0	0.0	0.0	0.0	0.0	0.0	0.0	0.0	0.0	0.10225988617954393	0.0	0.0	15.239863394983082	0.0	38.2660446153114	0.0	43.523511999065335
GSM4138110_HNSCC_1_PBMC_GCGCAACCAGTACACT	72.17823966351011	46.29587730757389	64.52356227192664	0.0	25.61631316163571	0.0	0.0	0.0	19.02102258654489	38.61024570840921	26.223196847021093	0.0	0.0	0.0	0.0	0.0	0.0	0.0	0.0	0.0	0.0	23.094022201413917	0.0	0.0	0.0	0.0
GSM4138110_HNSCC_1_PBMC_GCGCAACTCACCGTAA	104.65697718553137	31.920979037525466	28.533987593669494	105.77169036569711	0.0	0.0	0.0	0.0	0.0	0.0	0.0	0.0	56.063218983245655	21.990143294512713	0.0	0.0	13.097560908853186	0.0	0.0	0.0	0.0	0.0	0.0	0.0	0.0	0.0
GSM4138110_HNSCC_1_PBMC_GCGGGTTTCTGTACGA	95.3578251253345	59.15005854728315	101.63522111744462	32.818085199283765	0.0	0.0	0.0	24.25825448663105	0.0	0.0	0.0	0.0	38.87517540470078	0.0	0.0	0.0	56.82852628060078	39.341510122261674	0.0	0.0	0.0	0.0	0.0	0.0	0.0	0.0
GSM4138110_HNSCC_1_PBMC_GCTGCAGCACAACGCC	67.01842336511389	55.86952416858882	63.75383304869203	0.0	37.904235387214	0.0	0.0	0.0	21.19990649056989	63.132857430979094	2.357316184307143	0.0	0.0	16.030136667258198	0.0	0.0	0.0	0.0	0.0	0.0	0.0	0.5046497028606127	0.0	0.0	0.0	0.0
GSM4138110_HNSCC_1_PBMC_GGAACTTCAACTGGCC	69.86421668363677	83.04735103248618	44.03218263245452	0.0	46.01501829120107	0.0	41.53060078821907	13.67562799273164	15.891238082669743	0.0	0.0	0.0	103.13048205800331	0.0	0.0	0.0	0.0	0.0	0.0	0.0	0.0	0.0	0.0	0.0	0.0	0.0
GSM4138110_HNSCC_1_PBMC_GGAATAAAGAACAATC	58.183025203285474	48.53278799502803	25.60970431436635	0.0	0.0	0.0	0.0	12.25345634755035	0.0	0.0	0.0	26.113902841677493	0.0	0.0	8.74995968270405	0.0	51.56884295907318	0.0	40.89269426241236	0.0	40.88697480878023	0.0	0.0	0.0	0.0	0.0
GSM4138110_HNSCC_1_PBMC_GGACATTCACGGTTTA	76.4126995690041	64.73138235644	29.3069031074455	0.0	0.0	0.0	0.0	23.968833963460213	43.68358348600113	0.0	0.0	0.0	0.0	0.0	0.0	87.12838840347523	0.0	0.0	0.0	0.0	0.0	0.0	0.0	38.9701100533717	0.0	0.0
GSM4138110_HNSCC_1_PBMC_GGCTCGATCCGCGTTT	38.98155591302475	32.65479020248876	181.38327284606154	0.0	0.0	0.0	0.0	47.619334706695746	23.659274792903783	0.0	0.0	0.0	0.0	0.0	0.0	27.076344411928897	15.181894531295672	0.0	0.0	0.0	0.0	0.0	0.0	0.0	29.186728711751158	0.0
GSM4138110_HNSCC_1_PBMC_GGGACCTAGCCAGGAT	79.14879676048542	72.26389222773254	50.525311243397965	47.33880272510584	0.0	0.0	0.0	0.0	36.845641285501884	62.49793476631418	0.0	0.0	0.0	13.265546124086141	0.0	0.0	0.0	0.0	0.0	0.0	0.0	0.0	0.0	0.0	0.0	0.0
GSM4138110_HNSCC_1_PBMC_GGGACCTCAGTCACTA	98.25361427931622	83.49975170588836	84.71233832608792	0.0	0.0	0.0	0.0	5.82328665252126	0.0	24.697597710952788	0.0	31.969478487386805	0.0	0.0	0.0	0.0	110.2044042934938	0.0	0.0	8.350293796241763	80.31195647095267	29.716407491400187	0.0	116.3462139849523	0.0	0.0
GSM4138110_HNSCC_1_PBMC_GGGAGATGTGTGCGTC	77.06647742206265	40.865202681676614	47.76761377370341	30.432399746683974	0.0	0.0	0.0	16.614108007296778	30.460076594456044	0.0	0.0	76.15302752037273	0.0	0.0	0.0	0.0	0.0	0.0	0.0	0.0	0.0	0.0	0.0	0.0	0.0	0.0
GSM4138110_HNSCC_1_PBMC_GGGAGATTCACGATGT	40.61226982616166	81.24948820923458	50.88800540057317	31.152341224814144	27.25067749290752	22.795691464064546	0.0	0.0	0.0	0.0	0.0	0.0	0.0	16.667235211022327	0.0	1.9086952225996539	0.0	0.0	0.0	0.0	0.0	0.0	0.0	0.0	0.0	0.0
GSM4138110_HNSCC_1_PBMC_GGGTTGCGTCCGAAGA	107.70239192970988	70.34416639079477	98.94730216598504	47.482606278225205	72.99921749278663	0.0	0.0	53.8483593481	0.0	50.925479998232746	0.0	0.0	0.0	0.0	0.0	0.0	0.0	0.0	0.0	0.0	0.0	0.0	0.0	0.0	0.0	0.0
GSM4138110_HNSCC_1_PBMC_GGTGAAGTCGCTTGTC	79.77922812645967	82.49010860384456	65.13845863236868	0.0	0.0	0.0	0.0	23.344457723905442	44.88283167038266	66.68104263283321	48.895636544375726	0.0	0.0	0.0	0.0	0.0	0.0	0.0	0.0	0.0	0.0	0.0	0.0	0.0	0.0	0.0
GSM4138110_HNSCC_1_PBMC_GGTGTTACAAACGCGA	110.18219480037925	50.32273666260364	107.23589464296083	0.0	57.55905240304945	0.0	0.0	9.633185502908747	0.0	41.39667712080987	0.0	0.0	0.0	49.997872508753076	0.0	0.0	0.0	0.0	58.023423432558964	0.0	0.0	0.0	0.0	0.0	0.0	0.0
GSM4138110_HNSCC_1_PBMC_GTAACTGTCTTCGAGA	62.031778211026584	79.09896741705252	103.96329289953356	0.0	63.38752694033185	0.0	56.98173141851472	0.0	0.0	0.0	0.0	17.965437506717524	37.55680183352106	30.644185022797714	0.0	0.0	0.0	0.0	0.0	0.0	0.0	0.0	0.0	0.0	0.0	0.0
GSM4138110_HNSCC_1_PBMC_GTAGGCCAGGTGTGGT	80.2662024634317	41.71921659570375	56.81843253617148	0.0	15.439944471647415	0.0	0.0	0.0	21.746553016363002	0.0	66.65157675972128	0.0	0.0	30.71297395489696	0.0	40.43571701006484	0.0	0.0	0.0	0.0	0.0	0.0	0.0	0.0	0.0	0.0
GSM4138110_HNSCC_1_PBMC_GTAGTCACAGATCCAT	71.77880373583521	54.79070353295063	56.00481440826102	64.43988383811346	39.81516263579559	0.0	0.0	14.425954030029992	0.0	75.01158712043626	0.0	0.0	0.0	0.0	0.0	0.0	0.0	0.0	0.0	0.0	0.0	0.0	0.0	0.0	0.0	0.0
GSM4138110_HNSCC_1_PBMC_GTAGTCAGTGGGTCAA	56.141575152978014	36.605221271576156	32.61713724916228	0.0	0.0	23.532152094948945	0.0	9.091107924570142	46.898590526749665	0.0	0.0	0.0	0.0	12.73798136452248	0.0	23.503678126071403	0.0	0.0	0.0	0.0	0.0	0.0	0.0	0.0	29.879715311325967	0.0
GSM4138110_HNSCC_1_PBMC_GTATTCTAGGGTTTCT	119.39933353808507	73.37344751425906	88.43356143717847	0.0	41.42266799485705	31.826024015693108	50.042592906566966	26.276444722992107	0.0	0.0	0.0	1.8378479741258964	0.0	0.0	0.0	0.0	0.0	0.0	61.472443200040686	0.0	0.0	0.0	0.0	0.0	0.0	0.0
GSM4138110_HNSCC_1_PBMC_GTATTCTTCCAAACTG	88.10396701520447	70.65681143710734	94.81152664232931	0.0	0.0	0.0	0.0	0.0	60.020015127972655	0.0	4.752241535304047	0.0	22.418865341254133	0.0	19.149070125535207	0.0	0.0	0.0	0.0	22.30105595167867	52.95474735604755	22.205758917133107	0.0	28.45585499009859	0.0	0.0
GSM4138110_HNSCC_1_PBMC_GTCGTAACAGGAACGT	64.18885307385679	51.459982635226	68.89306065125268	0.0	27.35823899506126	35.767447100618234	0.0	25.839644109509173	0.0	0.0	0.0	0.0	0.0	0.0	0.0	0.0	0.0	0.0	0.0	82.1798401591738	0.0	0.0	0.0	0.0	0.0	0.0
GSM4138110_HNSCC_1_PBMC_GTCGTAAGTATGAAAC	69.36737150250579	41.57294504152093	48.29937048830757	19.400787162493963	34.953458875905476	9.871886474920984	0.0	18.001965829890125	0.0	0.0	0.0	0.0	0.0	0.016869276452563652	0.0	0.0	0.0	52.98622242620519	0.0	0.0	0.0	0.0	0.0	0.0	0.0	0.0
GSM4138110_HNSCC_1_PBMC_GTCTCGTGTACGCACC	93.9030883064456	101.1713624252054	39.03876454480368	74.93430779063556	0.0	0.0	0.0	12.053644613747782	19.57494458572174	0.0	0.0	0.0	0.0	0.0	0.0	0.0	0.0	0.0	0.0	0.0	17.193678679542842	0.0	0.0	0.0	0.0	0.0
GSM4138110_HNSCC_1_PBMC_GTGGGTCAGAATGTGT	74.26636840243344	30.933095039482247	20.164699982931797	13.697149971191456	80.43641554681824	0.0	19.51221043315296	21.320311480226362	0.27207246950202446	0.0	0.0	32.06072689413448	0.0	0.0	0.0	0.0	0.0	0.0	0.0	0.0	0.0	0.0	0.0	0.0	0.0	0.0
GSM4138110_HNSCC_1_PBMC_GTTCATTGTAGCTGCC	89.833941609685	60.578489298504074	68.51548846079604	0.0	0.0	68.35224658029479	0.0	0.0	0.0	0.0	0.0	0.0	0.0	26.401548732234264	87.51138637391526	41.165607281065	0.0	0.0	68.25628487952612	0.0	0.0	0.0	0.0	0.0	0.0	0.0
GSM4138110_HNSCC_1_PBMC_GTTCATTTCCGCGGTA	89.96442677096726	61.88695820981977	83.61657819747607	53.670387537674124	46.26748296395051	73.75196523382726	0.0	0.0	0.0	0.0	0.0	0.0	0.0	33.05733483107079	0.0	0.0	0.0	5.750737003711885	0.0	0.0	0.0	0.0	0.0	0.0	0.0	0.0
GSM4138110_HNSCC_1_PBMC_GTTCTCGCACTATCTT	77.11568623238901	62.07548420243584	68.30082255493541	0.0	0.0	0.0	36.713867307139125	15.50654267829231	59.59249042160639	0.0	0.0	0.0	0.0	0.0	0.0	38.482774520298804	0.0	0.0	0.0	0.0	0.0	0.0	0.0	0.0	0.0	0.0
GSM4138110_HNSCC_1_PBMC_GTTCTCGTCAGAGACG	109.24675190799175	43.70187632301758	30.559407900612776	89.33316236220651	46.74346453203085	0.0	0.0	16.664240591741613	0.0	0.0	0.0	0.0	0.0	0.0	0.0	44.28272880509977	0.0	0.0	0.0	0.0	0.0	0.0	0.0	0.0	0.0	0.0
GSM4138110_HNSCC_1_PBMC_TAAGCGTAGGTGCTTT	156.67474617924213	91.12280587019949	204.89572947877343	0.0	0.0	104.69592589323418	0.0	31.34090459879028	60.04676066578981	0.0	145.60933823055416	0.0	0.0	0.0	0.0	0.0	0.0	0.0	0.0	0.0	0.0	0.0	3.0396412278677185	0.0	0.0	0.0
GSM4138110_HNSCC_1_PBMC_TACAGTGGTCATCGGC	116.89597681096097	71.02230401284355	114.2527812115682	0.0	0.0	101.15263452356815	0.0	50.026396267513476	42.345082400075746	9.2643614883747	86.94354986205288	0.0	0.0	0.0	0.0	0.0	0.0	0.0	0.0	0.0	0.0	0.0	0.0	0.0	0.0	0.0
GSM4138110_HNSCC_1_PBMC_TACCTTATCACGATGT	78.35193374703526	110.20918959545452	68.58638015984535	0.0	0.0	51.01090313579504	0.0	0.0	55.625074926299206	11.419126443590905	87.97659401200498	0.0	0.0	43.86373185442964	0.0	3.7821810988808187	0.0	0.0	0.0	0.0	4.079468478131968	0.0	0.0	0.0	0.0	0.0
GSM4138110_HNSCC_1_PBMC_TACGGATTCTAACTTC	119.47421772395381	22.898372143153967	118.97185002194801	47.56378124551282	0.0	41.050239952794186	0.0	0.0	0.0	0.0	0.0	0.0	0.0	15.63384476078728	11.826646027568993	0.0	5.369143415381627	0.0	0.0	0.0	0.0	0.0	0.0	0.0	0.0	0.0
GSM4138110_HNSCC_1_PBMC_TACTTGTAGTCATCCA	100.75263728612	29.493502647122813	84.24608684567717	0.0	32.474090708036094	3.4846147122675886	0.0	28.14926262523396	0.0	0.0	0.0	0.0	0.0	0.0	0.0	0.0	0.0	71.24919510400407	93.21383176157704	0.0	0.0	0.0	0.0	0.0	0.0	0.0
GSM4138110_HNSCC_1_PBMC_TACTTGTTCAGAGCTT	94.2691325439795	53.073467126717475	48.918496950358126	32.01741701342263	0.0	0.0	0.0	0.0	22.14578995722343	90.3712276052201	0.0	0.0	0.0	21.715800949713813	28.03157945872931	0.0	0.0	0.0	0.0	0.0	4.445982205509279	0.0	79.43331719123579	0.0	0.0	0.0
GSM4138110_HNSCC_1_PBMC_TAGACCAGTCCGAGTC	82.11489450376838	66.34129240069369	70.90587712074348	72.56131851840844	26.77287074754745	0.0	0.0	19.866291055339822	0.0	78.70380319726172	0.0	0.0	0.0	0.0	0.0	0.0	16.636267720186467	0.0	10.785630828837881	0.0	0.0	0.0	0.0	0.0	0.0	0.0
GSM4138110_HNSCC_1_PBMC_TAGAGCTGTTCCCTTG	72.18055597699146	38.985083217435	62.97894325689882	43.53202140612205	0.0	30.929254055531644	0.0	80.45793162602686	50.173045365799084	14.777027111146024	0.0	7.445831316271954	0.0	0.0	0.0	0.0	0.0	0.0	0.0	0.0	0.0	0.0	0.0	0.0	0.0	0.0
GSM4138110_HNSCC_1_PBMC_TATCTCACACGGCGTT	91.18565480089684	76.23406722479785	81.61516800483581	9.191858585125413	76.50143627738542	0.0	18.691515698315314	0.0	0.0	0.0	0.0	21.221817008679636	13.45614218161937	27.940682350619365	0.0	0.0	0.0	0.0	0.0	0.0	30.975423034915508	0.0	0.0	0.0	0.0	0.0
GSM4138110_HNSCC_1_PBMC_TATCTCATCAACGGGA	134.48288537093916	73.36044453912032	75.43540369088217	4.701925842870323	0.0	0.0	45.90084006137386	25.1606265583008	47.1519494574941	0.0	0.0	0.7626436355766408	52.28317044353274	0.0	0.0	0.0	0.0	50.151687479037115	0.0	0.0	0.0	0.0	0.0	0.0	0.0	0.0
GSM4138110_HNSCC_1_PBMC_TCACGAATCTGTCCGT	115.21253314544184	54.529429586083424	53.375965186588495	0.0	39.36965697597669	0.0	60.58093358031457	40.38528432633012	0.0	0.0	0.0	89.62943705872871	0.0	0.0	0.0	0.0	0.0	0.0	0.0	0.0	0.0	0.0	0.0	0.0	0.0	0.0
GSM4138110_HNSCC_1_PBMC_TCAGATGTCCGCGTTT	70.00410290898061	69.00021548698811	95.8850969553397	53.29240023728194	0.0	0.0	0.0	27.507040678354155	4.112175502542017	0.0	0.0	0.0	3.840243121896915	0.0	24.75314786490068	0.0	0.0	0.0	0.0	0.0	41.37687327030425	0.0	0.0	0.0	0.0	0.0
GSM4138110_HNSCC_1_PBMC_TCAGCAAAGGCGCTCT	40.70507706469891	140.78251175225694	103.12813918298842	4.203628765566305	4.299959779257225	52.24921233201713	0.0	8.333584551558063	0.0	0.0	0.0	0.0	0.0	1.0575192212428746	0.0	0.0	0.0	0.0	0.0	0.0	0.0	0.0	0.0	0.0	0.0	0.0
GSM4138110_HNSCC_1_PBMC_TCATTACAGCGCTCCA	147.50786081263013	40.81964474309824	82.24555699731523	0.0	0.0	0.0	0.0	0.0	20.018097853718906	0.0	0.0	0.0	0.0	13.908220860615572	9.50560672771378	0.0	18.371643809070303	0.0	29.413095493625196	0.0	76.52576185406225	0.0	0.0	0.0	1.475866664448966	0.0
GSM4138110_HNSCC_1_PBMC_TCCCGATAGTGGAGAA	53.001627347076855	58.0283366593822	42.98024408443676	0.0	0.0	0.0	17.072520898794465	15.05682547198852	0.0	28.97967386866732	0.0	0.0	0.0	5.824919765186434	12.839015106383666	24.49395157208707	0.0	0.0	0.0	0.0	0.0	0.0	0.0	0.0	0.0	0.0
GSM4138110_HNSCC_1_PBMC_TCGCGAGGTAGCACGA	100.55128462626945	93.50647461597656	75.54647886958071	0.0	0.0	0.0	101.59445485053438	32.195595959788974	59.64427522328684	0.0	0.0	0.0	0.0	0.0	0.0	0.0	0.0	97.22833669145159	0.0	0.0	0.0	0.0	0.0	0.0	0.0	0.0
GSM4138110_HNSCC_1_PBMC_TCGGGACTCAACGAAA	71.99478745017058	79.13356932740055	50.129539409073665	0.0	0.0	67.32611828450513	0.0	0.0	11.242191510042566	0.0	68.08880673868352	0.0	0.0	16.839425881101604	0.0	0.0	0.0	0.0	0.0	0.0	0.0	0.0	0.0	0.0	0.0	0.0
GSM4138110_HNSCC_1_PBMC_TCGGGACTCGAGAGCA	111.48120033424942	116.53601552630538	72.28008807066537	57.44557261071297	0.0	15.441953598769247	5.735296297449703	16.769005609656467	65.9692894149175	0.0	0.0	0.0	0.0	0.0	42.65438033577087	81.86100298337178	0.0	0.0	0.0	0.0	0.0	0.0	25.51510521600233	0.0	0.0	0.0
GSM4138110_HNSCC_1_PBMC_TCGGTAATCACTCTTA	58.314194537604926	63.87544732706012	77.18216621005466	35.552044667339175	34.79633111697534	90.64282001693256	0.0	18.41430245943541	0.0	0.0	0.0	0.0	0.0	0.0	0.0	0.0	0.0	0.0	0.0	0.0	0.0	0.0	0.0	0.0	0.0	0.0
GSM4138110_HNSCC_1_PBMC_TCGTACCTCCGCAAGC	127.4434141176391	238.7501451524484	111.58813463528323	0.0	172.1676857012012	0.0	44.790044383352004	23.105214223100575	0.0	0.0	0.0	0.0	110.05874517504874	0.0	0.0	0.0	0.0	0.0	38.948420252508704	0.0	0.0	0.0	0.0	0.0	0.0	0.0
GSM4138110_HNSCC_1_PBMC_TCGTACCTCTGCCCTA	157.9352354904578	102.49051872664339	140.36363547060492	0.0	0.0	141.5978608746046	0.0	0.0	0.0	0.0	159.3898186084698	0.0	0.0	0.0	0.0	0.0	45.27367294642742	0.0	0.0	0.0	0.0	65.19217525820424	0.0	0.0	0.0	0.0
GSM4138110_HNSCC_1_PBMC_TCTATTGGTCTAAAGA	61.340699651989645	46.472677817976745	84.63752535650563	59.975674511711446	24.764771473474813	0.0	0.0	64.65208327775575	0.0	0.0	0.0	69.92236682020045	0.0	0.0	0.0	0.0	0.0	0.0	0.0	0.0	0.0	0.0	0.0	0.0	0.0	0.0
GSM4138110_HNSCC_1_PBMC_TCTATTGGTTGGTTTG	115.61763139710891	46.664231612182135	36.19972544586927	0.0	0.0	28.972813963851486	0.0	21.570302089211797	0.0	0.0	40.31752373793364	0.0	0.0	0.0	39.543715309624055	34.535657075822215	0.0	0.0	0.0	0.0	0.0	0.0	0.0	22.940987478505043	0.0	0.0
GSM4138110_HNSCC_1_PBMC_TCTATTGTCTGCAGTA	81.38963341870159	37.12353387041514	58.8621300414537	0.0	0.0	0.0	29.459671200034418	11.341349207933884	0.0	21.16333024195031	0.0	0.0	0.0	0.0	27.19486862559483	3.2738568613087695	20.254884879630865	0.0	0.0	0.0	0.0	0.0	0.0	0.0	0.0	0.0
GSM4138110_HNSCC_1_PBMC_TCTGAGACAGATAATG	96.16100913344896	78.57968839655325	62.71329405117001	0.0	0.0	0.0	0.0	0.0	84.00861342870334	56.525738778291974	86.67325910364076	0.0	0.0	25.739821182776776	0.0	35.218166742715404	0.0	0.0	0.0	0.0	0.0	0.0	0.0	0.0	0.0	0.0
GSM4138110_HNSCC_1_PBMC_TCTGAGAGTAAGAGAG	97.3502280881666	58.7089761061002	62.80550329368323	0.0	32.90476080860841	35.84466337784187	0.0	0.0	0.0	18.318830226672265	0.0	0.0	0.0	10.625397158756618	12.939705433858315	0.0	0.0	0.0	7.891599356821892	0.0	0.0	0.0	0.0	51.208219307317556	0.0	0.0
GSM4138110_HNSCC_1_PBMC_TCTGAGATCCTTTCTC	76.67539049058048	53.7386299720542	67.32217882178834	0.0	26.11937828000882	71.29865053388593	40.308783229152716	20.27899602608025	13.532426551679126	0.0	0.0	0.0	0.0	0.0	0.0	23.616431504858333	0.0	0.0	16.60199255650437	0.0	0.0	0.0	0.0	0.0	0.0	0.0
GSM4138110_HNSCC_1_PBMC_TCTGGAATCTCAAACG	72.06704322271344	54.36205240617374	40.90589282990172	0.0	0.0	81.90520747451262	0.0	0.0	0.0	20.927970355720582	0.0	0.0	0.0	0.0	0.0	0.0	37.54582271697754	0.0	43.115435200633605	0.0	0.0	27.363952777140614	0.0	0.6346295002940194	0.0	0.0
GSM4138110_HNSCC_1_PBMC_TCTTTCCAGTGGGCTA	70.52461512733508	55.64121085689654	59.980289974249146	57.55903253210889	0.0	0.0	0.0	0.0	34.76618300083282	0.0	2.0862851228051165	0.0	0.0	29.679042885982227	0.0	94.09175528752179	0.0	0.0	0.0	0.0	0.0	0.0	0.0	0.0	0.0	0.0
GSM4138110_HNSCC_1_PBMC_TGAAAGACACTTCGAA	42.889182325948155	20.222054515085667	46.40610996959223	0.0	52.5495199016987	0.0	0.0	0.0	0.0	0.0	0.0	0.0	0.0	16.52631812118838	0.0	64.28872433390858	0.0	0.0	10.396257799324598	0.0	0.0	0.0	0.0	0.0	0.0	0.0
GSM4138110_HNSCC_1_PBMC_TGACAACGTTAAGGGC	88.1501644162244	98.2632873574228	141.72454013723242	0.0	47.22222363013655	33.88915241686164	75.22409086027771	45.479002538972736	0.0	56.13033955382144	0.0	0.0	0.0	0.0	0.0	0.0	0.0	0.0	0.0	0.0	0.0	0.0	0.0	0.0	0.0	0.0
GSM4138110_HNSCC_1_PBMC_TGACGGCAGCGCCTTG	80.12210991599339	34.61858889813386	59.93898109383293	8.727208297692684	0.0	113.98476684982379	4.497306147276774	0.0	0.0	0.0	0.0	33.2096725833847	0.0	0.0	32.52598464701563	0.0	0.0	0.0	0.0	59.41018372926719	0.0	45.57332545652035	0.0	0.0	0.0	0.0
GSM4138110_HNSCC_1_PBMC_TGACGGCGTTACGACT	98.18667735442492	48.83980477069042	65.5108605032382	34.674829935782746	38.43463971468902	0.0	0.0	13.180413849762855	0.0	56.02153507812252	0.0	0.0	0.0	5.324271876401908	0.0	0.0	0.0	0.0	0.0	15.63178907054157	0.0	0.0	0.0	0.0	0.0	0.0
GSM4138110_HNSCC_1_PBMC_TGACGGCTCGGTTCGG	102.22271522673874	72.11537820351941	72.66316235607431	0.0	0.0	0.0	0.0	0.0	56.006530157498894	0.0	0.0	0.0	0.0	0.0	0.0	50.404925954477854	0.0	0.0	0.0	79.86508223043744	0.0	26.136052788425584	0.0	0.0	0.0	0.0
GSM4138110_HNSCC_1_PBMC_TGACTAGAGAACTGTA	36.065057839665386	36.11378526208321	24.768042153231107	1.0374816937526716	0.0	0.0	0.0	10.932251792752474	42.95914105257578	0.0	0.0	69.77400904364573	0.0	0.0	0.0	0.0	0.0	0.0	0.0	0.0	0.0	0.0	0.0	0.0	0.0	0.0
GSM4138110_HNSCC_1_PBMC_TGAGCATGTATTCTCT	184.21175799465865	211.38227148951626	232.9051756710069	0.0	0.0	130.95288348608318	0.0	71.36609433583955	0.0	0.0	115.77588719216705	0.0	0.0	0.0	49.709666716962055	0.0	0.0	0.0	0.0	0.0	0.0	0.0	0.0	0.0	0.0	0.0
GSM4138110_HNSCC_1_PBMC_TGCACCTTCCAGGGCT	172.39086034890158	73.92254846397768	55.02791787732789	0.0	0.0	0.0	0.0	27.805005859131704	46.832193005290016	0.0	0.0	0.0	98.16621435110686	0.0	0.0	0.0	0.0	0.0	156.47747382816064	0.0	0.0	0.0	0.0	0.0	0.0	0.0
GSM4138110_HNSCC_1_PBMC_TGCCAAATCGCGGATC	113.47741262033414	39.15683333075602	61.55241355897198	0.0	0.0	0.0	82.4292750640462	56.010672489518136	17.246759781128112	79.08881275728783	0.0	0.0	0.0	0.0	0.0	0.0	0.0	0.0	0.0	0.0	0.0	0.0	0.0	0.0	0.0	0.0
GSM4138110_HNSCC_1_PBMC_TGCCAAATCTTCCTTC	43.882626496663036	50.943406910798586	68.49908668960911	0.0	0.24190190596882313	0.0	0.0	14.360389774872122	37.93473555473275	0.0	0.0	0.0	42.52999388238905	0.0	0.2121434354648365	0.0	0.0	0.0	0.0	6.212571825053735	0.0	0.0	0.0	70.56801203573846	0.0	0.0
GSM4138110_HNSCC_1_PBMC_TGCCCATGTGGTCCGT	71.84195179026602	58.37221901408179	87.8167852679358	0.0	47.29249398071132	46.780073185432364	0.0	9.001647566903488	0.0	0.0	10.737606423784891	0.0	0.0	0.0	0.0	0.0	0.0	0.0	16.714795516484262	0.0	0.0	0.0	0.0	10.72943450782791	0.0	0.0
GSM4138110_HNSCC_1_PBMC_TGCCCTACAAAGCAAT	90.86305202697326	64.14034210818991	66.96328050677414	47.639227045011495	66.13123045387333	0.0	0.0	32.892846117072786	0.0	0.0	0.0	0.0	0.0	0.0	0.0	0.0	0.0	0.0	0.0	0.0	80.35673687826684	0.0	0.0	0.0	0.0	0.0
GSM4138110_HNSCC_1_PBMC_TGCCCTAGTGTCGCTG	79.70340589685412	79.55721406451784	35.92116654313658	0.0	0.0	0.0	0.0	14.673495178841042	0.0	0.0	0.0	0.0	125.80434923165024	0.0	0.0	0.0	0.0	0.0	0.0	21.56239497196495	0.0	0.0	12.603615984440552	21.950801409360082	0.0	0.0
GSM4138110_HNSCC_1_PBMC_TGCGCAGAGGGCATGT	175.70601127544404	154.23958447945154	119.00913917778242	49.1715985585968	0.0	0.0	0.0	67.51602560624649	0.0	0.0	0.0	102.90885672614195	0.0	0.0	0.0	0.0	127.67854313371427	0.0	0.0	30.040068867035007	0.0	0.0	0.0	0.0	0.0	0.0
GSM4138110_HNSCC_1_PBMC_TGCTACCCACTACAGT	112.930148418608	103.37433550510225	54.28768662111814	0.0	44.659076470528774	0.0	0.0	53.393826825604435	14.894535231321237	0.0	0.0	0.0	69.53714522437194	0.0	0.0	0.0	0.0	0.0	0.0	64.94569449449455	0.0	0.0	0.0	0.0	0.0	0.0
GSM4138110_HNSCC_1_PBMC_TGCTACCCATTACGAC	82.36202805340318	60.88478650514291	43.14806529156091	0.0	31.598968975588186	46.305052697507634	0.0	22.369240549127646	0.0	0.0	0.0	0.0	0.0	0.0	0.0	0.0	0.0	0.0	35.411136618657665	0.0	0.0	0.0	0.0	0.0	0.0	0.0
GSM4138110_HNSCC_1_PBMC_TGCTACCTCAACCAAC	66.02169701326332	119.28491139137886	52.761202171053	29.00800858418914	0.0	0.0	0.0	16.781400110105	54.22066109886166	29.484482626158776	0.0	0.0	0.0	0.0	0.0	0.0	0.0	0.0	0.0	0.0	0.0	0.0	0.0	0.0	0.0	0.0
GSM4138110_HNSCC_1_PBMC_TGGACGCGTCATACTG	132.2323129738888	97.1774307205934	67.07601816892092	62.22442231475064	0.0	0.0	0.0	19.266131778013527	0.0	78.16267841635197	0.0	0.0	0.0	0.0	0.0	0.0	0.0	0.0	0.0	0.0	0.0	0.0	73.68828324054749	0.0	0.0	0.0
GSM4138110_HNSCC_1_PBMC_TGGCCAGTCCTTAATC	134.7143327405127	66.67312924954712	92.97471435804266	113.09446440737383	0.0	41.52726520231868	0.0	106.28055352475205	24.825661251106524	0.0	0.0	0.0	0.0	0.0	0.0	0.0	0.0	0.0	0.0	0.0	0.0	0.0	0.0	0.0	0.0	0.0
GSM4138110_HNSCC_1_PBMC_TGGCTGGCAGTCGATT	158.32220429259357	184.40217060355437	118.771914969331	127.83094686104985	47.984321569022455	85.84359296373239	0.0	47.43581098717449	0.0	0.0	0.0	0.0	0.0	0.0	0.0	0.0	0.0	0.0	0.0	0.0	0.0	0.0	0.0	0.0	0.0	0.0
GSM4138110_HNSCC_1_PBMC_TGGGAAGCAATGGAGC	89.40629345802672	20.062236703292395	38.32413679742622	0.0	0.0	0.0	43.04330848862565	14.237790549629658	0.0	0.0	0.0	0.0	0.0	0.0	30.382935832463282	0.0	0.0	42.38931558204734	0.0	0.0	0.0	0.0	0.0	0.0	0.0	0.0
GSM4138110_HNSCC_1_PBMC_TGGGCGTAGGGAGTAA	81.81042223305131	91.99923973284096	35.79610764769266	2.407247904485348	17.27995839309195	24.055632933457275	0.0	0.0	3.745365210655168	0.0	42.32234086927005	0.0	0.0	28.892903043101214	0.0	0.0	0.0	26.537529734036482	0.0	0.0	0.0	0.0	0.0	0.0	0.0	0.0
GSM4138110_HNSCC_1_PBMC_TGGGCGTGTTCGCGAC	116.07892515059662	74.03110678833593	61.575959107698154	0.0	19.574075659981066	0.0	40.215080944412875	20.967626750835638	0.0	0.0	0.0	0.0	0.0	0.0	0.0	0.0	0.0	0.0	0.0	0.0	26.292625758161776	0.0	0.0	0.0	0.0	0.0
GSM4138110_HNSCC_1_PBMC_TGGGCGTTCAACTCTT	6.594987121316536	31.44639605696327	32.574626861940345	0.0	0.0	0.0	26.102816277204738	0.0	93.19998507077152	90.72998131303513	0.0	0.0	0.0	0.0	0.0	0.0	0.0	0.0	0.0	0.0	0.0	20.129501336889533	0.0	0.0	0.0	0.0
GSM4138110_HNSCC_1_PBMC_TGGTTAGGTAGAAAGG	71.16874963837715	40.469078198756655	46.32656207538459	63.68860230733357	33.06671719311089	0.0	0.0	7.015547147324375	0.0	0.0	0.0	0.0	12.960580978168831	0.0	0.0	0.0	0.0	0.0	0.0	0.0	26.348448970922032	4.0572269504195075	0.0	0.0	0.0	0.0
GSM4138110_HNSCC_1_PBMC_TGGTTAGTCGTCCGTT	143.94726077661213	97.14127173971576	83.61896595641204	0.0	39.097329878696975	0.0	62.19950876061153	52.297788955836786	0.0	72.60961687530857	0.0	0.0	0.0	0.0	0.0	0.0	0.0	0.0	0.0	0.0	0.0	0.0	0.0	0.0	0.0	0.0
GSM4138110_HNSCC_1_PBMC_TTAACTCGTGTTCTTT	45.319630061205	27.48251122473828	26.244051437892672	0.0	0.0	0.0	0.0	5.797676647030812	0.0	98.37942649661828	0.0	0.0	0.0	0.0	0.0	0.0	21.183743880211455	0.0	24.92547606017467	0.0	0.0	17.88856691814752	45.36345942346721	8.302826224397315	0.0	0.0
GSM4138110_HNSCC_1_PBMC_TTAACTCGTTAGTGGG	175.92954086306585	78.0600321504896	51.61744457390531	0.0	0.0	0.0	0.0	22.785915626222767	23.205159603909483	0.0	0.0	99.09750906236437	0.0	0.0	22.50552465175265	0.0	0.0	0.0	95.48635577688464	0.0	0.0	0.0	0.0	0.0	0.0	0.0
GSM4138110_HNSCC_1_PBMC_TTAGGCATCATGTCCC	61.33064782986683	38.739436001470814	57.37763560121348	0.0	0.0	45.95806226611921	0.0	31.593722283309003	0.0	0.0	0.0	0.0	0.0	0.0	28.957829540139834	0.0	0.0	0.0	23.606919977964704	0.0	0.0	0.0	0.0	0.148372672079712	18.867754130585695	0.0
GSM4138110_HNSCC_1_PBMC_TTCTACAGTTGTGGAG	23.686470224932414	25.685914522625605	13.011190457207976	145.9989045573985	8.176542326062037	0.0	0.0	0.0	28.559134545126057	0.0	0.0	0.0	33.56962495648356	12.793910433459716	0.0	0.0	0.0	0.0	0.0	0.0	0.006663836511536439	0.0	0.0	0.0	0.0	0.0
GSM4138110_HNSCC_1_PBMC_TTCTCAATCCTCTAGC	104.18273902759415	67.47029972555288	66.59382619341257	57.40187917138321	0.0	26.119859446400014	0.0	26.295477985776454	0.0	51.39948116980502	0.0	0.0	28.974671097794616	0.0	50.287624737102156	0.0	0.0	0.0	0.0	0.0	0.0	0.0	0.0	0.0	0.0	0.0
GSM4138110_HNSCC_1_PBMC_TTCTCCTTCCCGACTT	56.3031694099431	77.8838018389367	29.75000931665046	0.0	0.0	0.0	0.0	0.0	0.0	23.50526120215142	0.0	0.0	0.0	0.0	0.0	0.0	21.418782791406052	0.0	49.864404074106126	0.0	0.0	35.938576938953275	11.153662211264937	0.0	0.0	0.0
GSM4138110_HNSCC_1_PBMC_TTGACTTCATGGAATA	81.65845027301319	49.04417321295992	57.55073945076	56.871567768665294	51.67262178262212	14.721132854133566	12.718203825040343	13.080953188592234	0.0	51.678636248266784	0.0	0.0	0.0	1.3306752839056744	0.0	0.0	0.0	0.0	0.0	0.0	0.0	0.0	0.0	0.0	0.0	0.0
GSM4138110_HNSCC_1_PBMC_TTGACTTTCAGGTAAA	101.7855429408853	83.98963499638752	48.730702517112334	0.0	0.0	0.0	46.778571992135106	0.0	51.3773746989046	0.0	0.0	0.0	0.0	15.536714337914631	0.0	0.0	0.0	0.0	0.0	0.0	26.766136741397567	0.0	0.0	0.0	0.0	33.26455778165694
GSM4138110_HNSCC_1_PBMC_TTGTAGGCAGCGTTCG	49.95135503204836	22.78323215044191	29.91086443519274	0.0	0.0	0.0	34.148700140840084	11.46634023392214	58.297477397405686	0.0	0.0	24.92683282775232	0.0	0.0	0.0	0.0	0.0	0.0	0.0	0.0	0.0	0.0	0.0	0.0	0.0	0.0
GSM4138110_HNSCC_1_PBMC_TTTACTGGTTCTGGTA	40.87060025391292	46.463989752526246	88.82949262483872	0.0	0.0	0.0	0.0	4.697706583015494	26.615431903496255	0.0	43.211016815562225	0.0	0.0	0.0	0.0	19.153517541555708	0.0	0.0	0.0	0.0	0.0	0.0	0.0	0.0	0.0	0.0
GSM4138110_HNSCC_1_PBMC_TTTATGCGTTTGTGTG	48.6415773303687	42.009877786639855	51.13112812905994	0.0	0.0	54.10635343328438	0.0	16.114639731061	6.625062490551562	0.0	41.974045905381246	0.0	1.9250038910786216	0.0	11.879596935525532	0.0	0.0	0.0	0.0	0.0	0.0	0.0	0.0	0.0	0.0	0.0
GSM4138110_HNSCC_1_PBMC_TTTCCTCCAGATCCAT	98.04094939494199	46.589089171748064	152.1375214067	0.0	50.16308830526142	0.0	35.766875409740805	12.368956592420954	0.0	39.78633283066017	0.0	0.0	0.0	0.0	0.0	0.0	0.0	0.0	3.426805364158401	0.0	0.0	0.0	0.0	0.0	0.0	0.0
GSM4138110_HNSCC_1_PBMC_TTTCCTCGTTCGCGAC	116.84686904832496	60.92806877708333	60.14085125638219	0.0	0.0	0.0	107.87013251905529	0.0	43.47286858758115	118.42468022022992	0.0	0.0	0.0	21.419632555224204	0.0	0.0	0.0	0.0	0.0	0.0	0.0	0.0	0.0	0.0	0.0	0.0
GSM4138110_HNSCC_1_PBMC_TTTGCGCCACGAAATA	78.5504721260275	58.613399012236165	76.39076692125047	38.783569199905415	0.0	52.27419307915433	0.0	24.984859462921406	77.81778611990349	0.0	0.0	0.0	0.0	0.0	0.0	0.0	0.0	0.0	0.0	0.0	0.0	0.0	0.0	0.0	0.0	0.0
GSM4138110_HNSCC_1_PBMC_TTTGCGCGTTTCCACC	18.7321278994203	68.6843058647414	96.49484554663455	52.403866178958346	42.55751294204444	0.0	0.0	14.765181041769763	0.0	75.74422511120498	0.0	0.0	0.0	4.045108495536945	0.0	0.0	0.0	0.0	0.0	0.0	0.0	0.0	0.0	0.0	0.0	0.0
GSM4138110_HNSCC_1_PBMC_TTTGGTTAGAATTGTG	73.13638889030254	62.09899819649969	72.33275665201187	0.0	22.274863814561385	0.0	0.0	71.83954642494753	0.0	66.22624422945901	0.0	0.0	0.0	0.0	0.0	0.0	0.0	0.0	0.0	0.0	0.0	0.0	0.0	58.20566374820228	0.0	0.0
GSM4138110_HNSCC_1_PBMC_TTTGGTTAGAGCAATT	67.57874456785134	89.95136223536178	118.28963712201185	41.28301150166703	0.0	0.0	0.0	19.368219445209405	58.45854884302478	5.696466951369639	0.0	0.0	0.0	0.0	0.0	104.5600383862293	0.0	0.0	0.0	0.0	0.0	0.0	0.0	0.0	0.0	0.0
GSM4138110_HNSCC_1_PBMC_TTTGGTTGTCCGTGAC	97.02713017326927	76.26987064993484	41.76845159429724	0.0	0.0	35.4290129391229	59.79003821829748	33.33313841098043	0.0	0.0	0.0	0.0	0.0	0.0	19.135499516100342	0.0	46.08720005725061	0.0	0.0	0.0	0.0	2.050435347323158	0.0	0.0	0.0	0.0
GSM4138110_HNSCC_1_PBMC_TTTGTCAAGTACGATA	120.75812968499994	89.55594422289195	47.83387725726645	0.0	55.99324323120385	34.789509648255134	0.0	55.71762866338141	0.0	2.175613028955094	77.93257866051013	0.0	0.0	0.0	0.0	33.32402341840211	0.0	0.0	0.0	0.0	0.0	0.0	0.0	0.0	0.0	0.0
GSM4138110_HNSCC_1_PBMC_TTTGTCATCAGGCAAG	54.19883046824334	82.63712947296193	55.31349949411482	0.0	22.728333751441973	0.0	0.0	0.0	30.590042705894515	103.63687527645749	44.266741043532285	0.0	0.0	21.32357996543666	0.0	0.0	0.0	0.0	0.0	0.0	0.0	0.0	0.0	0.0	0.0	0.0
GSM4138110_HNSCC_1_PBMC_TTTGTCATCGCGTAGC	66.02858010752165	100.13828134068409	56.70096054811699	0.0	0.0	0.0	0.0	0.0	33.85049063497015	42.35326433819356	0.0	0.0	0.0	0.0	0.0	0.0	0.0	0.0	0.0	0.0	0.0	11.54994135176609	0.0	0.0	42.019000601658504	0.0
GSM4138110_HNSCC_1_PBMC_ACGGAGAAGCAGGCTA	99.91257154672967	93.67457320560506	65.0505574770756	0.0	0.0	0.0	30.642461222124112	0.0	0.0	0.0	0.0	0.0	0.0	0.0	69.49615930468245	6.187921895590251	0.0	0.0	0.0	0.0	32.16155430916101	36.43004865084745	0.0	0.0	0.0	0.0
GSM4138110_HNSCC_1_PBMC_ACTATCTGTCGAGTTT	143.2506161004181	119.19963017345151	41.42698903727247	21.99716736830232	0.0	0.0	21.10499235839623	0.0	82.49194010406573	0.0	0.0	0.0	20.449368351199716	0.0	0.0	0.0	0.0	68.52363083015533	0.0	46.07842914853906	0.0	39.069046012684495	0.0	0.0	0.0	0.0
GSM4138110_HNSCC_1_PBMC_CAGTCCTGTAGAAGGA	98.11073987431666	56.234381037194275	92.44543178289469	0.0	0.0	42.452769298957726	54.37115199300237	0.0	0.0	0.0	0.0	0.0	21.427260706208727	0.0	48.60721133880896	0.0	0.0	6.976220379388456	0.0	0.0	0.0	31.54373602524369	0.0	0.0	0.0	0.0
GSM4138110_HNSCC_1_PBMC_CGATGTATCGGTCTAA	83.04373111476247	83.99144119064083	52.48763621651797	0.0	24.027566492162578	0.0	0.0	20.782281663099	3.5884042860837226	18.660756353462332	70.72018857675992	0.0	0.0	0.0	0.0	0.0	0.0	0.0	0.0	0.0	18.61325834728166	0.0	0.0	0.0	0.0	0.0
GSM4138110_HNSCC_1_PBMC_GACCTGGTCGCCAAAT	101.39289753378429	77.88830720023788	53.48978699270398	69.65119126732161	0.0	41.79121989234557	0.0	0.0	43.35195368657854	0.0	0.0	0.0	0.0	0.0	0.0	38.55491237405308	0.0	0.0	0.0	1.4516197444472732	0.0	26.37417988137718	0.0	0.0	0.0	0.0
GSM4138110_HNSCC_1_PBMC_TACGGTACATGGTCAT	157.96205297220607	127.4301797257823	102.57695337800531	66.89808049805345	0.0	0.0	34.942789685147574	25.52794197015011	104.1046422886449	0.0	0.0	19.685020634909936	78.30816761748866	0.0	0.0	0.0	0.0	0.0	0.0	0.0	11.673842712898633	0.0	0.0	0.0	0.0	0.0
GSM4138110_HNSCC_1_PBMC_TTAGTTCTCGCGGATC	66.85056750955572	58.629281499420465	38.9815852911713	51.42701962800316	45.12595980588328	12.844860069340465	0.0	32.70274068015277	0.0	22.641648239489236	0.0	0.0	0.0	0.0	0.0	0.0	0.0	0.0	0.0	0.0	0.0	0.0	0.0	0.0	0.0	0.0
GSM4138110_HNSCC_1_PBMC_AAAGCAACACGCGAAA	149.60629486961605	125.36886607289028	105.34415819929927	0.0	0.0	0.0	0.0	0.0	0.0	0.0	0.0	147.86049351564517	0.0	0.0	0.0	0.0	10.069706313214205	0.0	113.06871268656688	0.0	0.0	35.76486077549772	0.0	0.0	0.0	0.0
GSM4138110_HNSCC_1_PBMC_AACTTTCGTGTATGGG	82.16049225647804	60.42709382720561	47.85867823308435	0.0	0.0	0.0	12.566767022499727	0.0	0.0	0.0	0.0	0.0	5.944738864542542	9.791051645413924	0.34626613409809737	0.0	0.0	0.0	0.0	62.1857477257389	15.130033735808105	0.0	0.0	0.0	0.0	0.0
GSM4138110_HNSCC_1_PBMC_AAGGAGCAGGGAAACA	141.65254991615438	66.33246624272428	75.57002640383759	2.228229301143585	0.0	9.9328191705938	63.453104638037324	24.463952549898973	42.98629191535358	0.0	0.0	0.0	18.015987678375065	0.0	0.0	0.0	0.0	12.121539556021975	0.0	0.0	0.0	0.0	0.0	0.0	0.0	0.0
GSM4138110_HNSCC_1_PBMC_AATCGGTGTAATCACC	133.18193125183998	86.1393948120769	64.46601471542924	0.0	23.40013515095862	0.0	77.77577736442898	16.886615966638093	0.0	0.0	0.0	20.527886268723627	0.0	0.0	0.0	0.0	0.0	90.39222417987344	0.0	0.0	0.0	0.0	0.0	0.0	0.0	0.0
GSM4138110_HNSCC_1_PBMC_ATAACGCTCACAACGT	356.7202475278429	165.24347866967113	152.70419298684408	0.0	79.16512437461814	0.0	98.03010210177521	24.589346796866742	0.0	0.0	0.0	0.0	160.0942745897042	0.0	0.0	0.0	0.0	0.0	25.793963599317088	0.0	0.0	36.11296644768008	0.0	3.8512541978876906	0.0	0.0
GSM4138110_HNSCC_1_PBMC_ATCATCTTCTGGCGAC	264.27937645440295	217.89864985654737	94.40775649653442	0.0	0.0	0.0	0.0	0.0	0.0	0.0	133.5455644427658	0.0	0.0	16.30432137757738	84.187543522419	0.0	0.0	108.57115517296486	0.0	0.0	0.0	0.0	0.0	0.0	0.0	0.0
GSM4138110_HNSCC_1_PBMC_ATCCGAATCGTTTATC	160.17382170404645	151.54104200554812	65.72476816292108	0.0	0.0	0.0	6.649138093591863	64.04920718688828	25.323950506344314	0.0	0.0	0.0	0.0	0.0	0.0	59.897182763052356	0.0	0.0	28.12570078517977	0.0	0.0	0.0	0.0	0.0	50.46712690938567	0.0
GSM4138110_HNSCC_1_PBMC_ATGCGATTCGTGGGAA	173.28874163549952	124.74264622836031	118.77459273241345	0.0	16.0090656193778	0.0	65.50197335492936	0.0	78.48158333857684	0.0	0.0	41.382733256675614	0.0	0.0	0.0	0.0	0.0	27.478365701523785	0.0	0.0	0.0	36.39441005958284	0.0	0.0	0.0	0.0
GSM4138110_HNSCC_1_PBMC_CAAGAAATCAGGCAAG	81.81837375495665	72.1186722529832	60.234045011469384	0.0	0.0	67.18816760593671	0.0	7.968194387499337	0.0	0.0	0.0	0.0	0.0	0.0	0.0	0.0	0.0	0.0	0.0	0.0	0.0	0.0	32.20607444323134	56.3822033279172	0.0	0.0
GSM4138110_HNSCC_1_PBMC_CACAGGCCACACCGAC	207.22700474061918	247.12705008281614	172.8113712091571	0.0	65.58386562804175	0.0	9.807244112062188	30.70474338412622	0.0	0.0	0.0	146.20016768259472	0.0	0.0	0.0	0.0	0.0	0.0	80.21940334233959	29.693604765428958	0.0	0.0	0.0	0.0	0.0	0.0
GSM4138110_HNSCC_1_PBMC_CACTCCATCTGTACGA	50.51483508631128	70.65297327612335	57.16014002801896	0.0	4.588175241680247	0.0	81.79104574412692	25.779124013848044	0.0	0.0	0.0	0.0	22.870443285852108	0.0	0.0	0.0	0.0	19.995693615997425	0.0	0.0	0.0	5.65954313145682	0.0	0.0	0.0	0.0
GSM4138110_HNSCC_1_PBMC_CCTTCCCTCGCCTGTT	62.57497000762446	40.87248514920164	54.75297780295464	0.0	59.50097773322946	0.0	0.0	0.0	0.0	0.0	0.0	21.585614885659957	0.0	12.244189580232636	0.0	0.0	0.0	2.6299978914775726	33.47252590104084	0.0	11.278240069188392	0.0	0.0	0.0	0.0	0.0
GSM4138110_HNSCC_1_PBMC_CGATTGAAGACTAAGT	168.07948507916123	105.86827484585415	143.23059053213007	0.0	24.968593506267332	0.0	75.92487408041217	17.117730621573653	0.0	0.0	0.0	0.0	0.0	1.5965794163283193	0.0	0.0	25.79205600578415	0.0	0.0	0.0	50.5831907168203	0.0	0.0	0.0	0.0	0.0
GSM4138110_HNSCC_1_PBMC_CGGACGTTCTGAGTGT	57.577595390505806	24.97627928225844	79.50331184436703	0.0	21.61133977085793	0.0	0.0	9.212662455179046	0.0	81.87508283060853	0.0	0.0	0.0	1.0659839601175969	0.0	7.755763304383065	0.0	0.0	12.408643329985026	0.0	0.0	0.0	0.0	0.0	24.352530963806768	0.0
GSM4138110_HNSCC_1_PBMC_CGGGTCATCCCAACGG	76.58648060149957	58.02066916729521	63.052856909284785	2.5832770502215063	0.0	46.8906111719029	23.429635135373605	0.0	0.0	0.0	0.0	0.0	0.0	11.957471826791494	0.9031403446294083	0.18944612621527324	0.0	0.0	0.0	1.0860726233136029	0.0	0.0	0.0	3.2090014679735788	16.134546730043947	0.0
GSM4138110_HNSCC_1_PBMC_CTCGAGGCATAGACTC	161.2446924888084	145.0739632412482	185.8422457709751	0.0	27.246369601498515	97.41132187289234	0.0	54.88798477224586	0.0	0.0	190.34965993837974	0.0	0.0	0.0	0.0	0.0	0.0	0.0	0.0	0.0	0.0	0.0	0.0	0.0	0.0	0.0
GSM4138110_HNSCC_1_PBMC_CTCGTCACAATAAGCA	180.4732477870129	121.78942894712134	99.46906713569739	0.0	53.48276008779102	69.67913474824195	72.80997417123449	28.26227293871456	15.683404816159864	5.98347381481723	0.0	0.0	0.0	0.0	0.0	0.0	0.0	0.0	0.0	53.20938067303774	0.0	0.0	0.0	0.0	0.0	0.0
GSM4138110_HNSCC_1_PBMC_CTGATCCTCTTTAGGG	176.34885241875688	87.53553024549782	70.52862839267628	0.0	0.0	86.16678626878938	20.71980834436497	51.981196650174155	28.04636605719292	0.0	0.0	0.0	0.0	0.0	0.0	0.0	0.0	0.0	22.550209324226085	8.044013096206482	0.0	0.0	0.0	33.896505350598964	0.0	0.0
GSM4138110_HNSCC_1_PBMC_CTGTGCTTCTAACGGT	119.09094145726235	95.76046907126113	134.48805690453656	47.91026358826683	73.51188078119657	0.0	0.0	40.55648070725444	0.0	73.65526919764577	0.0	0.0	0.0	0.0	0.0	0.0	0.0	0.0	0.0	0.0	0.0	0.0	0.0	0.0	0.0	0.0
GSM4138110_HNSCC_1_PBMC_CTGTGCTTCTATCGCC	133.73078130163614	87.34839455485057	63.62872109515721	0.0	27.191158320744726	0.0	115.97046528546663	20.12245329069144	0.0	0.0	0.0	0.0	100.29041613883344	0.0	0.0	0.0	0.0	0.0	0.0	0.0	0.0	0.0	0.0	0.0	0.0	0.0
GSM4138110_HNSCC_1_PBMC_GACTAACGTCGACTGC	170.60321646795856	116.9066181881724	85.74456343331323	0.0	32.2689084370191	54.27555687192452	0.0	0.0	0.0	0.0	0.0	0.0	0.0	15.137546485171358	0.0	0.0	0.0	0.0	0.0	0.0	0.0	0.0	0.0	57.74248283879101	0.0	0.0
GSM4138110_HNSCC_1_PBMC_GAGGTGATCGTCCGTT	124.22057663674916	189.21808775553464	118.49735115571109	36.96196187325313	0.0	0.0	0.0	0.0	27.200893759707032	0.0	0.0	88.22048141312177	0.0	0.0	0.0	0.0	0.0	0.0	0.0	22.216156991383983	0.0	32.16946803399491	0.0	61.12184970794308	0.0	0.0
GSM4138110_HNSCC_1_PBMC_GATCAGTAGTGTACTC	111.00479687646813	74.04049931364345	179.76759173548456	0.0	4.451120285655068	90.6126641068431	0.0	28.83028742681042	0.0	0.0	95.85586974723813	0.0	0.0	0.0	0.0	0.0	26.126776998669666	0.0	0.0	0.0	0.0	0.0	0.0	0.0	0.0	0.0
GSM4138110_HNSCC_1_PBMC_GCTCTGTAGTATCTCG	0.0	0.0	0.0	103.96957564353943	0.0	0.0	3078.7301300687172	0.0	0.0	0.0	0.0	0.0	0.0	0.0	0.0	0.0	0.0	0.0	0.0	221.44381155023882	0.0	0.0	0.0	0.0	0.0	0.0
GSM4138110_HNSCC_1_PBMC_GGAACTTTCCGATATG	135.13878235995648	97.12296271274555	72.62336349633111	0.0	21.10217146318239	83.66836196936272	55.36702241849002	14.718026212574161	0.0	0.0	0.0	0.0	0.0	0.0	0.0	0.0	0.0	0.0	0.0	0.0	0.0	0.0	0.0	0.0	0.0	0.0
GSM4138110_HNSCC_1_PBMC_GGACAGAAGCCATCGC	163.35504364213028	85.83129829927553	132.21572071752297	0.0	43.91289831785381	0.0	0.0	0.0	17.624736860521665	95.71409327713887	0.0	0.0	0.0	0.0	0.0	0.0	0.0	0.0	69.61548780475516	0.0	0.0	38.12265718514299	0.0	0.0	0.0	0.0
GSM4138110_HNSCC_1_PBMC_GGATGTTGTGCAGTAG	157.3021276654533	96.37023326947295	62.77044210208721	81.92803850071468	0.0	0.0	0.0	18.246574120132248	39.092126033803616	59.73209626785288	0.0	0.0	0.0	0.0	0.0	0.0	0.0	0.0	0.0	0.0	0.0	0.0	0.0	0.0	0.0	0.0
GSM4138110_HNSCC_1_PBMC_GTAACTGCAGCTGTTA	111.09426336246642	94.95956382128769	88.47806995928275	0.0	32.08085324532983	0.0	0.0	24.897061925647396	0.0	0.0	0.0	0.0	0.0	0.0	0.0	0.0	0.0	0.0	57.253901696343945	0.0	74.36296103562923	19.349181974394945	0.0	0.0	0.0	0.0
GSM4138110_HNSCC_1_PBMC_GTATTCTAGTAATCCC	245.57322340175696	148.8605004859227	139.97889874509627	0.0	88.58324033209348	0.0	0.0	15.175357186677603	0.0	101.39561946270179	0.0	0.0	0.0	9.872437620043813	0.0	0.0	0.0	0.0	0.0	3.1611449345621168	0.0	0.0	0.0	111.43817538978143	0.0	0.0
GSM4138110_HNSCC_1_PBMC_GTGCAGCAGTCAAGCG	0.0	3002.606624706276	0.0	0.0	0.0	0.0	0.0	0.0	0.0	0.0	0.0	0.0	0.0	0.0	0.0	0.0	0.0	0.0	0.0	0.0	0.0	0.0	0.0	0.0	0.0	0.0
GSM4138110_HNSCC_1_PBMC_GTGCATACACAGGCCT	107.23181302442099	129.0289083927268	119.45510256765266	0.0	0.0	77.49623099336225	0.0	0.0	0.0	0.0	0.0	0.0	25.70671667261927	0.0	0.0	0.0	32.36743750226499	0.0	0.0	109.51609669220167	0.0	15.578815147317	0.0	0.0	0.0	0.0
GSM4138110_HNSCC_1_PBMC_TACTCGCGTTTAGCTG	107.25840281028985	70.47356885433149	87.03523375742279	0.0	0.0	0.0	76.22300389875477	16.429157801431593	0.0	61.7381861770853	0.0	0.0	0.0	0.0	9.920959020788926	0.0	21.548772944054896	0.0	0.0	0.0	62.49560570294376	0.0	0.0	0.0	0.0	0.0
GSM4138110_HNSCC_1_PBMC_TACTTACGTTATGCGT	88.8849883101768	114.60229740779515	136.70294109666204	0.0	0.0	94.69096088481919	48.64236122582103	38.339565906363475	0.0	0.0	0.0	0.0	0.0	0.0	0.0	0.0	29.12716542305769	0.0	0.0	0.0	0.0	0.0	0.0	0.0	0.0	0.0
GSM4138110_HNSCC_1_PBMC_TAGCCGGGTTCAACCA	125.58638335582378	106.83302095811102	112.9870156430785	58.73629475910301	0.0	0.0	0.0	19.381442863323212	0.0	0.0	0.0	0.0	0.0	0.0	0.0	44.19550607848648	0.0	0.0	0.0	0.0	0.0	0.0	40.67846717157382	0.0	0.0	0.0
GSM4138110_HNSCC_1_PBMC_TCAGCAATCCCAAGAT	262.7711090740203	115.89709838364439	150.62478487457574	91.69970570187436	0.0	0.0	0.0	10.742220077319963	19.765271900505656	0.0	0.0	0.0	136.98588308165998	6.473398111198389	20.848050348448854	0.0	0.0	0.0	0.0	0.0	0.0	0.0	0.0	0.0	0.0	0.0
GSM4138110_HNSCC_1_PBMC_TGACGGCGTTGAGTTC	0.0	0.0	2940.3448668015417	0.0	0.0	0.0	0.0	0.0	0.0	0.0	0.0	0.0	0.0	0.0	0.0	0.0	0.0	0.0	0.0	0.0	0.0	0.0	0.0	0.0	0.0	0.0
GSM4138110_HNSCC_1_PBMC_TTGCGTCGTACTTCTT	171.32687709553056	87.31756348961375	96.52334054952433	0.0	0.0	60.306392604138615	0.0	41.46009386401764	0.0	0.0	0.0	0.0	0.0	0.0	89.52774371514673	0.0	9.30819692922569	0.0	0.0	65.86409141898743	0.0	0.0	0.0	54.321146724802574	0.0	0.0
GSM4138110_HNSCC_1_PBMC_TTTGTCAGTTAAGATG	95.31384839408665	59.00148625992261	63.18063110678598	0.0	12.253361304403985	65.4818653356497	50.4422502361352	1.0272757425539134	0.0	10.071032353505231	0.0	0.0	0.0	0.0	0.0	0.0	0.0	0.0	2.196761752544504	0.0	0.0	21.67730270295738	0.0	0.0	0.0	0.0
GSM4138110_HNSCC_1_PBMC_ACGCAGCTCGTCACGG	167.4993246686087	113.83217926439255	184.20954769452214	0.0	0.0	113.55995734415424	0.0	47.94704753017195	0.0	0.0	0.0	0.0	0.0	0.0	31.079383203017603	0.0	0.0	0.0	0.0	0.0	0.0	0.0	0.0	0.0	129.09990925575144	0.0
GSM4138110_HNSCC_1_PBMC_ATCATCTAGGAATCGC	126.10855252861212	102.9811386806334	51.65207188743539	0.0	0.0	0.0	94.16006363252528	40.29380407814901	2.0536163664574887	131.77769096791548	0.0	0.0	0.0	0.0	0.0	0.0	66.90336000597293	0.0	0.0	0.0	0.0	0.0	0.0	0.0	0.0	0.0
GSM4138110_HNSCC_1_PBMC_TCAACGAGTTACGGAG	307.54909221915096	214.7011349165895	176.04517202059938	0.0	0.0	145.11601280106737	180.42128103811987	0.0	141.08798549270224	0.0	0.0	0.0	57.17093363033471	0.0	0.0	0.0	0.0	0.0	0.0	72.85711971383176	0.0	63.70847117180811	0.0	0.0	0.0	0.0
GSM4138110_HNSCC_1_PBMC_AAACCTGGTCTCCCTA	187.41565612170257	180.39778564978462	168.42878760162796	0.0	0.0	0.0	240.74641801943793	46.646973704377245	67.04501226090544	0.0	0.0	0.0	179.33794650436906	0.0	0.0	0.0	0.0	7.410608591201475	0.0	0.0	0.0	0.0	0.0	0.0	0.0	48.75627667346758
GSM4138110_HNSCC_1_PBMC_ACACCGGAGTACACCT	237.3648880607866	170.90660309308677	226.16446768774358	0.0	0.0	0.0	183.6590005961095	0.0	0.0	0.0	0.0	0.0	0.0	43.3690907278274	144.11321724024754	225.99996216957197	0.0	0.0	0.0	0.0	0.0	0.0	0.0	46.81334903011527	63.87483627683506	0.0
GSM4138110_HNSCC_1_PBMC_ACTGCTCGTGGTCCGT	210.1478846212539	177.00727758795557	151.47081261513603	164.36111990605878	0.0	196.62603775881647	0.0	42.75741396154043	110.81031828345671	0.0	0.0	0.0	0.0	0.0	0.0	0.0	0.0	0.0	0.0	0.0	0.0	0.0	0.0	0.0	0.0	0.0
GSM4138110_HNSCC_1_PBMC_AGCTCTCGTTAGTGGG	223.51347211860576	231.75639837327714	231.59400106157997	0.0	101.27933610004966	161.35383195630857	0.0	0.0	0.0	0.0	0.0	0.0	0.0	61.12065226160441	0.0	0.0	0.0	0.0	0.0	0.0	0.0	0.0	0.0	0.0	242.40688959718983	0.0
GSM4138110_HNSCC_1_PBMC_ATGGGAGAGGATGCGT	186.9627960840714	255.0137622298007	206.62396505609888	0.0	91.44162676202974	0.0	229.8254148730612	3.592832935477121	0.0	26.96582927752789	0.0	236.51050298638964	0.0	43.60851403095125	0.0	0.0	0.0	0.0	0.0	0.0	0.0	0.0	0.0	0.0	0.0	0.0
GSM4138110_HNSCC_1_PBMC_ATTATCCTCGGAAATA	269.6282681114695	201.642683573321	188.84394766909057	53.67497101183106	0.0	0.0	104.62578608147227	0.0	0.0	46.394025415204155	0.0	0.0	0.0	62.00935162736533	98.90669926260519	0.0	0.0	0.0	0.0	0.0	93.91190700344113	0.0	0.0	0.0	36.354573273422346	4.653905364492331
GSM4138110_HNSCC_1_PBMC_CATCAGATCGCAAACT	239.03445002540548	191.49463583229442	197.56358291844248	175.6363421958442	0.0	0.0	18.421156575877852	35.656456566299	71.49051910361925	0.0	0.0	79.40460522604192	0.0	0.0	0.0	0.0	0.0	90.23996528063977	0.0	0.0	0.0	0.0	0.0	0.0	0.0	0.0
GSM4138110_HNSCC_1_PBMC_CGTAGCGCATGCAACT	304.3831300618348	294.60870459682644	190.17856954910064	0.0	114.40730210263027	73.68596853058288	271.0478431175419	0.0	0.0	0.0	0.0	0.0	52.753784364421875	45.563761327281526	0.0	0.0	0.0	0.0	0.0	0.0	0.0	0.0	0.0	0.0	0.0	0.0
GSM4138110_HNSCC_1_PBMC_CGTCACTTCACGAAGG	278.2804568803738	172.14362685516036	210.48181349946753	0.0	0.0	0.0	194.3464338995859	0.0	0.0	0.0	0.0	11.83139654598923	0.0	56.84197600466907	112.20599324422732	0.0	0.0	0.0	0.0	0.0	223.6004037010614	0.0	0.0	0.0	0.0	0.0
GSM4138110_HNSCC_1_PBMC_GCATACACACCAGCAC	160.35805083250472	224.10458275656342	184.3603299375843	0.0	86.72047694890067	192.260988274833	0.0	19.122209432692237	0.0	0.0	173.6688803319012	0.0	0.0	12.168632069397017	0.0	0.0	0.0	0.0	0.0	0.0	0.0	0.0	0.0	0.0	0.0	0.0
GSM4138110_HNSCC_1_PBMC_GCGACCAGTCGATTGT	234.7860740805944	215.11258214705657	170.7507703703404	0.0	122.67047051380685	0.0	188.6369495587948	0.0	0.0	0.0	0.0	182.86532472675415	0.0	53.66352574075274	0.0	0.0	0.0	0.0	0.0	0.0	0.0	0.0	0.0	0.0	0.0	0.0
GSM4138110_HNSCC_1_PBMC_TACTTACTCGGCGCAT	56.1178745094572	25.316271367308083	71.35683497017139	22.33278394975804	0.0	0.0	69.20087135420049	44.907354783216505	45.196611613242084	0.0	0.0	78.55991225223181	0.0	0.0	0.0	0.0	0.0	0.0	0.0	0.0	0.0	0.0	0.0	0.5449219722117776	0.0	0.0
GSM4138110_HNSCC_1_PBMC_ACCGTAAGTTACGTCA	85.77657737526988	107.21403121886799	89.77768586334768	152.1176544579115	112.1567664118549	0.0	0.0	0.0	0.0	177.00741125969182	0.0	0.0	0.0	26.08781342255096	0.0	0.0	0.0	0.0	0.0	0.0	0.0	0.0	0.0	0.0	0.0	0.0
GSM4138110_HNSCC_1_PBMC_ATCCACCAGACAGACC	63.69118870183971	91.29193471633279	46.65971587668795	64.32762278943184	0.0	0.0	0.0	0.0	56.66726684839162	0.0	0.0	0.0	0.0	17.363513299338813	0.0	0.0	0.0	91.58712845597822	0.0	0.0	0.0	0.0	90.83158119963932	0.0	0.0	0.0
GSM4138110_HNSCC_1_PBMC_ATGAGGGGTATATGGA	225.7308612542569	290.63015281177877	276.7014799033429	0.0	0.0	0.0	202.45689403035283	0.0	176.15552409618616	0.0	0.0	38.77963355587966	142.8003989116045	69.08098439294628	0.0	0.0	0.0	0.0	0.0	0.0	0.0	0.0	0.0	0.0	0.0	0.0
GSM4138110_HNSCC_1_PBMC_CACCAGGGTCAGAATA	83.20234862757539	216.74103699635245	123.60852047932421	232.79376864921898	59.968545681721	102.14973143285496	0.0	0.0	0.0	0.0	0.0	0.0	0.0	54.773311216709125	0.0	3.4275201539019178	0.0	0.0	0.0	0.0	0.0	0.0	0.0	0.0	0.0	0.0
GSM4138110_HNSCC_1_PBMC_CAGCAGCTCAAAGTAG	119.87111117010612	117.68185550761959	93.3156345638753	169.98544095284774	69.82896997778215	83.89215526818018	0.0	0.0	0.0	0.0	0.0	0.0	0.0	32.45323957337276	0.0	0.0	0.0	0.0	0.0	0.0	0.0	0.0	0.0	0.0	0.0	0.0
GSM4138110_HNSCC_1_PBMC_CATCCACCAGTAACGG	72.84197436747998	158.12137237556178	158.40088920914917	103.5200456987289	0.0	0.0	0.0	0.0	0.0	0.0	0.0	0.0	71.28198743676353	50.84196921601381	96.30239138569836	0.0	0.0	0.0	0.0	0.0	97.63098776154514	0.0	0.0	0.0	0.0	0.0
GSM4138110_HNSCC_1_PBMC_CCTTTCTCATCCTAGA	169.74817373918393	90.36440625093965	138.7112198302788	0.0	70.19517926714609	0.0	121.45629782895485	0.0	0.0	0.0	0.0	0.0	0.0	18.193570598705243	0.0	0.0	0.0	0.0	0.0	0.0	0.0	0.0	0.0	0.0	0.0	133.15282678194652
GSM4138110_HNSCC_1_PBMC_CGTAGGCTCTACCAGA	100.71980658848017	125.00809575118464	120.92688713083955	0.0	93.87409669081632	0.0	131.6102863995393	0.0	0.0	0.0	0.0	0.0	0.0	33.11771382891802	0.0	0.0	0.0	0.0	0.0	0.0	0.0	0.0	0.0	0.0	0.0	144.12995639217453
GSM4138110_HNSCC_1_PBMC_CTGCCTAAGGACATTA	36.809864464373284	104.39697870687591	169.51867996021693	124.58175214888792	88.5132202752502	0.0	0.0	0.0	0.0	42.97210537333971	0.0	0.0	58.51427575717893	34.10883490155907	0.0	0.0	0.0	0.0	0.0	0.0	12.91165111568983	0.0	0.0	0.0	0.0	0.0
GSM4138110_HNSCC_1_PBMC_CTTTGCGGTGGTCCGT	108.86697158785228	115.50036135891611	119.09515539178747	56.40626739839232	60.44577827755467	0.0	0.0	0.0	0.0	0.0	0.0	0.0	0.0	30.006937465515744	0.0	0.0	0.0	0.0	0.0	0.0	0.0	0.0	0.0	0.0	0.0	99.68164855549414
GSM4138110_HNSCC_1_PBMC_GAAACTCAGACAAGCC	151.96046260231677	96.64297899074353	107.89914000226226	0.0	98.39502435970888	0.0	146.6935211129143	0.0	0.0	0.0	0.0	0.0	0.0	30.554818234347895	0.0	0.0	0.0	152.38014708514177	0.0	0.0	0.0	0.0	0.0	0.0	0.0	0.0
GSM4138110_HNSCC_1_PBMC_GACCAATAGCCCGAAA	161.51237055729257	241.0412882916376	161.91024419304125	50.734420847966724	0.0	0.0	0.0	57.38062265337705	136.6519857484147	0.0	0.0	0.0	0.0	0.0	0.0	2.982500867362085	0.0	0.0	0.0	0.0	0.0	0.0	0.0	0.0	97.14996381845332	179.2672933111763
GSM4138110_HNSCC_1_PBMC_GACCAATAGGGCTCTC	212.63573491782705	131.93751982762663	176.22018092603537	138.17202183607498	84.4205141371196	0.0	0.0	0.0	0.0	0.0	0.0	40.12278692700194	0.0	28.425964126716355	0.0	0.0	0.0	0.0	0.0	0.0	0.0	0.0	0.0	0.0	0.0	79.35413938055213
GSM4138110_HNSCC_1_PBMC_GATGCTATCCTCTAGC	176.91487278392242	177.5747431158373	146.96181576533422	0.0	0.0	0.0	176.4643812247494	0.0	0.0	3.4116491611708337	0.0	0.0	115.65592822699726	40.016907820276	136.5992582691222	0.0	0.0	0.0	0.0	0.0	0.0	0.0	0.0	0.0	0.0	0.0
GSM4138110_HNSCC_1_PBMC_GCTGCGATCCCGACTT	43.30168838842806	70.92161717402605	66.39535379484282	86.05994077812193	50.225624916930215	0.0	0.0	0.0	0.0	0.0	0.0	0.0	0.0	33.62502655765468	0.0	0.0	0.0	32.511030891923376	0.0	0.0	0.0	0.0	0.0	0.0	0.0	60.63833387751477
GSM4138110_HNSCC_1_PBMC_GTTACAGCAAGTTGTC	104.82679639203303	118.11486919473721	96.77309563753782	126.51825645914876	62.78856865404436	0.0	0.0	0.0	0.0	0.0	0.0	0.0	44.26684888429383	102.44978949724594	0.0	0.0	0.0	0.0	0.0	0.0	0.0	0.0	0.0	0.0	0.0	0.0
GSM4138110_HNSCC_1_PBMC_TAGGCATTCAGCGACC	114.8857095839345	162.7417706061476	127.23383767481917	0.0	65.56909810405728	32.21520520255377	0.0	10.437077556474986	24.029071408821252	0.0	0.0	94.94988026931091	0.0	7.878562358993767	0.0	22.042426881151638	0.0	0.0	107.55920388439216	0.0	0.0	0.0	14.548292396372554	0.0	0.0	0.0
GSM4138110_HNSCC_1_PBMC_TCGTACCTCCATGAAC	54.68670797959875	91.40887872939116	92.64480583097625	80.91453524781882	0.0	0.0	0.0	0.0	73.2505955727782	0.0	0.0	0.0	0.0	14.644897870980236	0.0	0.0	0.0	0.0	0.0	0.0	0.0	0.0	0.0	0.0	0.0	280.9964447018968
GSM4138110_HNSCC_1_PBMC_TGCGCAGAGAGTCGGT	187.13206242206047	77.73413612106269	111.30098577708729	0.0	0.0	0.0	0.0	0.0	71.43458373226814	0.0	0.0	0.0	0.0	11.62118145479563	0.0	0.0	0.0	0.0	135.00529745847948	0.0	0.0	3.786438819419899	0.0	0.0	0.0	119.48134750263581
GSM4138110_HNSCC_1_PBMC_TTGCCGTTCCTATTCA	123.67643229289362	165.18917880788447	97.13008912476931	0.0	49.299665694640545	0.0	0.0	0.0	0.0	169.08748456730893	0.0	0.0	0.0	0.0	23.520410684577367	0.0	0.0	0.0	312.17263626261473	0.0	0.0	26.475375158091705	0.0	0.0	0.0	0.0
GSM4138110_HNSCC_1_PBMC_TTTACTGAGTCCCACG	106.84499736462872	163.4338914794742	64.80204014581425	264.3199662125782	94.71404140107626	0.0	0.0	0.0	0.0	117.95744278643174	0.0	0.0	0.0	38.56799241954095	0.0	0.0	0.0	0.0	0.0	0.0	0.0	0.0	0.0	0.0	0.0	0.0
GSM4138110_HNSCC_1_PBMC_ACGGGTCGTCTTGATG	63.623087776894685	52.25757054506675	96.40657533659716	52.846038436671144	0.0	0.0	0.0	0.0	0.0	70.82344407781245	0.0	0.0	0.0	35.68002027037791	54.794707790730925	0.0	5.311628103873074	0.0	0.0	0.0	0.0	0.0	0.0	0.0	0.0	0.0
GSM4138110_HNSCC_1_PBMC_AGTGAGGAGGAATCGC	59.14920178982577	42.466737905046834	57.24566010374903	0.0	0.0	0.0	87.60058827199146	10.757890923962218	61.674436418346815	0.0	0.0	112.13643930686807	0.0	0.0	0.0	0.0	0.0	0.0	0.0	0.0	0.0	0.0	0.0	0.0	0.0	0.0
GSM4138110_HNSCC_1_PBMC_ATGTGTGCAAGCTGGA	150.88245847673008	140.96923417694106	164.87817998039267	17.281572860477922	0.0	124.75573088972382	0.0	0.0	89.14075478413795	0.0	39.34504997488264	0.0	0.0	27.160729031828357	0.0	0.0	0.0	0.0	6.387006192480837	0.0	0.0	0.0	0.0	0.0	0.0	0.0
GSM4138110_HNSCC_1_PBMC_CGACCTTAGTTACGGG	146.9795159433716	116.38150624541984	164.63971435118344	0.0	0.0	0.0	51.375946314178975	2.610269693843284	0.0	0.0	0.0	0.0	0.0	34.58234837514652	0.0	146.97982683425184	108.60877676597399	0.0	0.0	0.0	0.0	0.0	0.0	0.0	0.0	0.0
GSM4138110_HNSCC_1_PBMC_GCGACCACATGCATGT	138.94348582755555	87.08736989273982	99.55375118516007	0.0	0.0	44.8525443028499	73.69925164994028	0.0	47.77497821591681	0.0	0.0	0.0	0.0	0.0	9.001835745585124	46.92055160476485	0.0	0.0	63.77344541998138	0.0	0.0	71.68800766695726	0.0	0.0	0.0	0.0
GSM4138110_HNSCC_1_PBMC_GGATTACGTGCATCTA	147.72644894141123	101.05679224034448	65.66617237186503	0.0	68.93503745298644	0.0	111.8724050664993	0.0	1.2105723597293576	0.0	0.0	7.408701985418691	0.0	29.333153213924838	0.0	0.0	0.0	90.50277350367259	0.0	0.0	0.0	0.0	0.0	0.0	0.0	0.0
GSM4138110_HNSCC_1_PBMC_GTGCAGCCACCAGATT	75.71751579895825	78.05209596872012	36.123026277019456	0.0	0.0	0.0	24.449897203991302	3.9935903669939052	0.0	0.0	0.0	44.29446624312651	0.0	16.058268449981913	0.0	0.0	75.51598120565853	0.0	0.0	0.0	23.291895712395252	0.0	0.0	42.76221357316201	0.0	0.0
GSM4138110_HNSCC_1_PBMC_GTGCGGTTCTATGTGG	184.29356157468402	166.3497503535796	81.57635577375025	65.74217223519788	95.54476627042571	0.0	0.0	30.91729471517534	0.0	0.0	0.0	35.084387899766114	0.0	0.0	0.0	0.0	0.0	23.01215396190004	0.0	0.0	0.0	0.0	0.0	0.0	0.0	5.726936063867079
GSM4138110_HNSCC_1_PBMC_GTTCATTTCCCTCTTT	84.38877102571344	102.74701236166774	68.50317818123823	0.0	48.04288823146842	0.0	107.20469747103492	0.0	0.0	0.0	0.0	0.0	61.85812770180976	0.0	0.0	0.0	0.0	0.0	0.0	0.0	0.0	27.86216148921343	0.0	0.0	0.0	0.0
GSM4138110_HNSCC_1_PBMC_TCATTACGTAATCACC	86.86495295218454	209.20834229379975	135.92973087018197	131.87750589033425	49.10733931509499	103.4687420309735	0.0	0.0	0.0	0.0	0.0	0.0	0.0	36.94446680374696	0.0	0.0	0.0	0.0	0.0	0.0	0.0	0.0	0.0	0.0	0.0	0.0
GSM4138110_HNSCC_1_PBMC_TTGCCGTTCAGAAATG	132.1486599449624	63.26549579997075	92.29322856864528	0.0	0.0	0.0	0.0	0.0	57.16268706080713	0.0	61.577758429973954	0.0	92.3196764819624	84.16406017892976	0.0	0.0	0.0	0.0	0.0	0.0	0.0	0.0	0.0	0.0	0.0	0.0
GSM4138110_HNSCC_1_PBMC_TTTGCGCAGTAGCGGT	212.15763380580572	160.01978197714223	100.35770153282733	0.0	0.0	0.0	0.0	0.0	6.6413017339858955	0.0	178.941789314164	0.0	0.0	40.430213908102814	67.82810302340079	255.47941975606966	0.0	0.0	0.0	0.0	0.0	0.0	0.0	0.0	0.0	0.0
GSM4138110_HNSCC_1_PBMC_TTTGGTTAGCACAGGT	113.29677462838026	133.26994573073912	62.73874302235177	0.0	0.0	23.173750169348413	0.0	25.638970662231266	0.0	0.0	90.96238489326157	0.0	0.0	0.0	67.6094049188259	100.46617768414183	0.0	0.0	0.0	0.0	0.0	0.0	0.0	0.0	0.0	0.0
