	1	2	3	4	5	6	7	8	9	10	11	12	13	14	15	16	17	18	19	20	21	22	23	24	25	26	27	28	29	30	31
GSM4138110_HNSCC_1_PBMC_AAACCTGAGGAGCGTT	12.566663765801344	80.53823771151089	0.0	22.951531851055215	0.0	0.0	63.405586559279065	39.23393721681628	0.0	0.0	0.0	0.0	0.0	0.0	0.0	1.780312601506963	27.989363696667237	0.0	0.0	48.40435925248336	0.0	0.0	0.0	12.893997832648825	0.0	0.0	0.0	0.0	0.0	7.188206537390963	0.0
GSM4138110_HNSCC_1_PBMC_AAACCTGCAGATGAGC	83.68727568867968	79.99808669362874	16.59337153150485	33.57644906445866	0.0	0.0	0.0	0.0	60.23414319246321	0.0	0.0	66.2316503354367	0.0	0.0	0.0	0.0	0.0	0.0	0.0	0.0	0.0	0.0	42.9147277286342	0.0	0.0	0.0	0.0	0.0	0.0	62.09722148268893	0.0
GSM4138110_HNSCC_1_PBMC_AACGTTGAGACTGGGT	36.638350776890356	0.0	66.7535760486366	10.940491520683477	0.0	0.0	0.0	2.722439060818901	27.888773639779817	0.0	0.0	0.0	0.0	0.0	0.0	0.0	27.37039440576356	0.0	0.0	0.0	0.0	68.28581813247104	0.0	0.0	0.0	0.0	0.0	0.0	0.0	0.0	0.0
GSM4138110_HNSCC_1_PBMC_AACGTTGGTTACGACT	79.92792934184185	12.133427181132781	46.56223158634795	7.89315721096459	0.0	0.0	0.0	81.06655749913759	0.0	0.0	20.132890941156738	12.442598469070523	0.0	0.0	0.0	0.0	0.0	0.0	0.0	0.0	0.0	0.0	0.0	0.0	0.0	0.0	0.0	0.0	0.0	0.0	0.0
GSM4138110_HNSCC_1_PBMC_AACGTTGTCTAAGCCA	87.5618207064717	73.57700817985393	0.0	9.32258769544972	0.0	0.0	0.0	35.627067313006634	0.0	34.23138924385723	29.099397873706362	4.7067249542339376	0.0	0.0	0.0	0.0	0.0	0.0	0.0	0.0	0.0	0.0	0.0	0.0	37.620831888544274	0.0	0.0	0.0	0.0	0.0	0.0
GSM4138110_HNSCC_1_PBMC_AACTCCCCATTTCAGG	0.0	0.0	41.53382663728683	11.554483949578367	0.0	14.652258583296966	0.0	0.0	66.3702919179136	0.0	0.0	0.0	0.0	77.81277541892824	0.0	0.0	0.0	0.0	0.0	80.67136972515992	0.0	31.546324199947524	0.0	0.0	0.0	0.0	0.0	0.0	0.0	0.0	0.0
GSM4138110_HNSCC_1_PBMC_AAGCCGCCACTTCTGC	100.59383752064286	0.0	64.70883338020118	37.02023608216128	50.681454595723665	42.74463956553282	0.0	0.0	0.0	0.0	52.21759954360159	0.0	0.0	0.0	0.0	0.0	0.0	0.0	0.0	0.0	0.0	0.0	0.0	0.0	0.0	0.0	0.0	0.0	0.0	0.0	0.0
GSM4138110_HNSCC_1_PBMC_AAGGTTCGTCTCTTAT	27.020522296531812	0.0	17.944035476924483	12.253031210742577	47.99684176768846	0.0	0.0	0.0	101.89739337229011	0.0	0.0	0.0	0.0	12.942732191626733	0.0	0.0	0.0	0.0	0.0	0.0	0.0	0.0	70.74502961014066	0.0	0.0	0.0	0.0	0.0	0.0	0.0	0.0
GSM4138110_HNSCC_1_PBMC_AAGTCTGAGTACCGGA	53.77174462670625	0.0	66.12000378232592	9.60455557311618	41.256577198306836	49.05580429726455	20.31344357486492	0.0	0.0	10.544587536770942	0.0	0.0	0.0	0.0	0.0	0.0	0.0	0.0	0.0	0.0	0.0	0.0	0.0	0.0	0.0	0.0	0.15938622093048851	0.0	0.0	0.0	0.0
GSM4138110_HNSCC_1_PBMC_AAGTCTGGTTGCCTCT	51.599768782461275	0.0	47.21045702116498	8.276928683166904	0.0	0.0	0.0	0.0	0.0	0.0	0.0	0.0	0.0	0.0	47.500133524649115	0.0	0.0	0.0	0.0	50.48846602246361	0.0	0.0	23.042335515242392	0.0	0.0	0.0	0.0	0.0	0.0	0.0	0.0
GSM4138110_HNSCC_1_PBMC_AAGTCTGTCCAAACTG	55.63395987937833	0.0	41.40084284416039	18.63458996984578	0.0	0.0	36.668196092745355	0.0	0.0	41.46686119040987	0.0	0.0	0.0	0.0	0.0	0.0	41.73336940349974	0.0	0.0	0.0	19.776708109711585	43.22070345582667	0.0	0.0	0.0	25.184536410757445	0.0	0.0	0.0	0.0	0.0
GSM4138110_HNSCC_1_PBMC_ACATGGTCACATGGGA	0.0	0.0	0.0	0.7812931711878668	0.0	105.96531702451223	0.0	0.0	0.0	31.53930185115885	0.0	0.0	0.0	78.78941580705883	0.0	0.0	8.7612386458441	21.46137412798446	0.0	0.0	0.0	0.0	0.0	0.0	0.0	34.90061487644672	3.2966472016619948	0.0	0.0	0.0	0.0
GSM4138110_HNSCC_1_PBMC_ACGAGCCAGTATCTCG	64.74311525652908	0.0	35.25552701648927	22.762187145525896	0.0	41.229772730925895	0.0	0.0	0.0	10.862538931607286	0.0	0.0	1.4110885063303042	0.0	0.0	39.25903272484964	0.0	0.0	0.0	0.0	0.0	0.0	0.0	122.6206085633334	0.0	0.0	0.0	0.0	0.0	0.0	0.0
GSM4138110_HNSCC_1_PBMC_ACGAGCCCACTTAACG	120.30085828338332	145.02616745513666	0.0	36.81645965081735	0.0	0.0	0.0	0.0	0.0	0.0	0.0	0.0	0.0	0.0	0.0	97.4867762181631	0.0	0.0	0.0	136.17924747626094	0.0	91.62920614663281	0.0	0.0	0.0	0.0	0.0	0.0	0.0	0.0	0.0
GSM4138110_HNSCC_1_PBMC_ACTATCTTCTTCCTTC	23.237664524953328	0.0	53.35617822280454	16.314263877560002	0.0	0.0	55.12240951197947	0.0	0.0	0.0	0.0	0.0	114.52728159677206	66.12882006293103	0.0	0.0	0.0	0.0	50.81217314228683	0.0	0.0	0.0	0.0	0.0	0.0	0.0	0.0	0.0	0.0	0.0	0.0
GSM4138110_HNSCC_1_PBMC_AGAGCTTAGAGCTGGT	78.69424503936376	102.74706978701796	0.0	22.298637944930128	5.60255486492333	0.0	86.4307362737651	0.0	6.765954071318258	0.0	0.0	0.0	30.35102107726085	0.0	0.0	0.0	32.56210283987886	0.0	0.0	0.0	0.0	58.56903464362551	0.0	0.0	0.0	0.0	0.0	0.0	0.0	0.0	0.0
GSM4138110_HNSCC_1_PBMC_AGATTGCGTCGCCATG	64.03142653361213	67.52448771605765	0.0	13.343544580877072	0.0	0.0	0.0	41.02620343271967	0.0	0.0	0.0	0.0	0.0	0.0	0.0	51.883496345206886	0.0	0.0	0.0	71.32431250603072	0.0	0.0	0.0	0.0	0.0	0.0	0.0	0.0	0.0	0.0	0.0
GSM4138110_HNSCC_1_PBMC_AGCGTATGTTATCCGA	55.14295055623084	69.81386609879675	0.5863835961624175	20.93716624098663	0.0	32.36472510085792	0.0	0.35064212921188415	0.0	0.0	0.0	0.0	0.0	0.0	0.0	119.50552903808774	58.68631515044952	0.0	0.0	0.0	0.0	2.310572299465409	0.0	0.0	0.0	0.0	0.0	0.0	0.0	0.0	0.0
GSM4138110_HNSCC_1_PBMC_AGGCCACAGTACTTGC	35.99439199801095	71.61403239532028	0.0	9.79576792609689	34.539425624002234	16.691700358187383	0.0	9.349127741792836	0.0	39.870575893325395	0.0	53.41006915171427	0.0	17.0286950861145	0.0	0.0	0.0	0.0	0.0	0.0	0.0	0.0	0.0	0.0	0.0	0.0	0.0	0.0	0.0	0.0	0.0
GSM4138110_HNSCC_1_PBMC_AGGCCACCACTAAGTC	102.36444294354274	0.0	94.2296971425909	31.39056431227613	0.0	155.3521520637772	0.0	0.0	0.0	0.0	0.0	0.0	0.0	0.0	155.27313745206777	0.0	0.0	0.0	19.133960840238654	92.86618417262349	0.0	0.0	0.0	0.0	0.0	65.09291691785403	0.0	0.0	0.0	0.0	0.0
GSM4138110_HNSCC_1_PBMC_AGTAGTCTCTTAGCCC	52.83349260226509	47.321347469130586	0.0	18.503509440868303	0.0	0.0	0.0	120.13377525949976	0.0	0.0	0.0	0.0	53.165429577991986	0.0	0.0	0.0	0.0	0.0	0.0	0.0	0.0	0.0	0.0	0.0	0.0	0.0	0.0	0.0	0.0	0.0	0.0
GSM4138110_HNSCC_1_PBMC_AGTGAGGGTGGCCCTA	153.0612763864844	67.01788769733943	0.0	24.791001313311167	0.0	0.0	0.0	22.21272407423997	0.0	0.0	51.943286711352414	0.0	0.0	0.0	0.0	0.0	0.0	11.007470671684635	0.0	0.0	22.15057795188248	22.18160849306668	0.0	65.64965574539382	0.0	0.0	0.0	0.0	0.0	0.0	0.0
GSM4138110_HNSCC_1_PBMC_AGTGTCATCTCGCATC	67.31639688119165	0.0	42.76150566513702	13.033956014786812	0.0	33.887930647404296	33.19031755991157	0.0	0.0	0.0	0.0	0.0	0.0	0.0	0.0	0.0	0.0	0.0	0.0	0.0	0.0	0.0	0.0	0.0	0.0	0.0	51.986964380126466	0.0	0.0	0.0	0.0
GSM4138110_HNSCC_1_PBMC_AGTTGGTCATGGTTGT	96.75979291922206	24.850121590365873	39.20911746884008	30.230507082608895	0.0	23.239484557751027	0.0	55.045042558491964	0.0	1.5404926136577388	0.0	0.0	80.96475846433246	12.136031144796817	11.30515478109239	70.4640821560894	0.0	0.0	0.0	0.0	0.0	0.0	0.0	0.0	0.0	0.0	0.0	0.0	0.0	0.0	0.0
GSM4138110_HNSCC_1_PBMC_AGTTGGTTCTTGGGTA	35.45653107754373	66.63836330667442	0.0	9.783575704147955	0.0	0.0	0.0	16.375384843588694	56.43501806588744	0.0	0.0	0.0	0.0	0.0	0.0	0.0	0.0	49.3596798996106	0.0	0.0	0.0	0.0	0.0	0.0	0.0	0.0	0.0	0.0	10.530235610206189	0.0	0.0
GSM4138110_HNSCC_1_PBMC_ATCTACTAGGGTGTGT	40.38236131973842	0.0	83.94561808350426	18.86683971642731	0.0	0.0	0.0	0.0	146.1934009840503	0.0	0.0	0.0	0.0	47.3251935913696	0.0	0.0	209.55773373949197	0.0	0.0	0.0	0.0	0.0	210.20106768947412	0.0	0.0	0.0	0.0	0.0	0.0	0.0	0.0
GSM4138110_HNSCC_1_PBMC_ATCTACTAGTACGTTC	71.29460433282922	65.16962552803378	0.0	74.25291587520671	0.0	0.0	46.139497583078764	0.0	0.0	0.0	0.0	51.018492145629665	0.0	0.0	0.0	26.12762446127101	0.0	0.0	63.966838684932405	0.0	0.0	0.0	0.0	0.0	0.0	0.0	0.0	0.0	0.0	0.0	0.0
GSM4138110_HNSCC_1_PBMC_ATGAGGGCAAGCGATG	104.24825938605882	6.547753329355628	28.02225111848303	12.731664972829524	0.0	0.0	0.0	0.0	0.0	0.0	26.6976129740153	0.0	0.0	0.0	0.0	15.54328767796154	0.0	14.883727859654044	0.0	17.875951333867526	0.0	0.0	35.42770154987692	0.0	0.0	0.0	0.0	0.0	0.0	0.0	19.86443608023325
GSM4138110_HNSCC_1_PBMC_ATGAGGGCACACAGAG	28.203232726335543	29.05675673132255	0.0	19.597014255261843	4.540895692384646	0.0	0.0	68.28641482690612	0.0	0.0	15.371626156171637	40.40347316296815	0.0	57.20158382276101	0.0	0.0	0.0	0.0	0.0	3.686315089070206	0.0	0.0	0.0	0.0	0.0	0.0	0.0	0.0	0.0	0.0	0.0
GSM4138110_HNSCC_1_PBMC_ATGCGATGTTTGACAC	64.8928321914477	47.01394715984974	0.0	19.58204139726808	0.0	0.0	0.0	0.0	64.30435968472369	0.0	0.0	0.0	0.0	0.0	0.0	0.0	0.0	0.0	0.0	0.0	0.0	0.0	0.0	0.0	38.575543716228545	6.051950558399836	0.0	0.0	0.0	20.03371992137532	0.0
GSM4138110_HNSCC_1_PBMC_ATGTGTGCATGCGCAC	8.17364486341716	0.0	53.98418387127025	12.794663119847987	0.0	14.418683670587198	0.0	38.849768563968325	23.872169145572254	0.0	0.0	0.0	0.0	46.25772893765825	0.0	0.0	44.04421203801826	0.0	0.0	0.0	0.0	0.0	0.0	0.0	0.0	0.0	0.0	0.0	0.0	0.0	0.0
GSM4138110_HNSCC_1_PBMC_ATTACTCTCATGCTCC	65.01545547734139	85.3211382163887	0.0	56.91637737093841	95.50342969842242	0.0	0.0	34.04913558562285	0.0	38.50349407168074	0.0	0.0	0.0	0.0	0.0	0.0	0.0	0.0	0.0	0.0	0.0	0.0	0.0	0.0	0.0	0.0	0.0	0.0	0.0	0.0	0.0
GSM4138110_HNSCC_1_PBMC_ATTATCCGTCACACGC	117.46972478893854	41.40321774396296	8.994185581158375	20.52007077712439	56.90385393942849	0.0	0.0	20.641599393100474	93.45782611107047	0.0	0.0	0.0	0.0	0.0	0.0	0.0	0.0	0.0	0.0	0.0	16.480549980332185	0.0	0.0	0.0	0.0	0.0	0.0	0.0	0.0	0.0	0.0
GSM4138110_HNSCC_1_PBMC_ATTGGACAGAGATGAG	69.88298139915659	29.518803805496884	0.0	20.325060511949907	0.0	32.09705944263643	0.0	14.864212027071622	0.0	0.0	25.485178076649674	0.0	78.15093862116224	0.0	35.518606713638434	0.0	0.0	0.0	0.0	0.0	0.0	4.820005166005208	0.0	0.0	0.0	4.436513567767914	0.0	0.0	0.0	0.0	0.0
GSM4138110_HNSCC_1_PBMC_ATTGGTGCAGTGAGTG	74.99011615685106	28.60994931404172	25.347185172061117	26.499420320800294	0.0	26.773339671059546	0.0	0.0	0.0	45.17245013867875	0.0	0.0	0.0	0.0	0.0	0.0	0.0	0.0	0.0	0.0	0.0	0.0	0.0	0.0	0.0	23.316003209971	0.0	45.82086859692914	0.0	0.0	0.0
GSM4138110_HNSCC_1_PBMC_CAACCAAGTTATCGGT	42.09203264522761	0.0	35.83288228194562	22.659248137471433	0.0	0.0	0.0	0.0	0.0	35.60618018866462	0.0	29.39273014715581	0.0	0.0	0.0	0.0	23.990296445895897	0.0	0.0	0.0	12.262648233488761	0.0	23.92938278931474	4.780552335025619	0.0	0.0	0.0	0.0	0.0	0.0	0.0
GSM4138110_HNSCC_1_PBMC_CAACCAATCCTTGACC	58.12338417297589	0.0	79.29907417523876	23.64827958486508	0.724855043889509	0.0	0.0	14.471424373407622	63.783451943871405	0.0	0.0	0.0	0.0	0.0	0.0	0.0	0.0	0.0	0.0	27.809514602410026	0.0	0.0	0.04395719720395522	0.0	0.0	0.0	0.0	0.0	0.0	0.0	0.0
GSM4138110_HNSCC_1_PBMC_CACAGTAGTCTCCATC	0.0	0.0	32.041647042123415	26.222202245162904	0.0	0.0	0.0	0.0	0.0	0.0	0.0	80.11626641966683	0.0	72.05642255707923	10.44785917892602	0.0	0.0	0.0	124.13999872184297	0.0	0.0	0.0	0.0	0.0	0.0	0.0	0.0	0.0	0.0	0.0	0.0
GSM4138110_HNSCC_1_PBMC_CACATAGCAAAGCGGT	49.864414441335285	0.0	28.904495938313634	11.230272986839026	0.0	0.0	0.0	14.874634196986875	28.31993130268813	0.0	7.475656335329629	0.0	0.0	0.0	0.0	0.0	42.707456457824456	0.0	0.0	0.0	33.32649245628361	0.0	0.0	0.0	0.0	0.0	0.0	0.0	0.0	0.0	0.0
GSM4138110_HNSCC_1_PBMC_CACATAGCACCTCGTT	48.18636277059741	0.0	44.33659471528291	21.87973282106687	57.40422142798955	40.400148326022496	0.0	3.5712290612282276	0.0	0.0	0.0	0.0	0.0	0.0	0.0	71.42707061884457	0.0	0.0	0.0	0.0	0.0	0.0	0.0	0.0	0.0	0.0	0.0	0.0	0.0	0.0	0.0
GSM4138110_HNSCC_1_PBMC_CACATTTGTGCACTTA	42.16501002387337	0.0	40.453052683585845	15.85010552024426	0.0	0.0	0.0	0.0	23.32034952729716	0.0	7.868078808821226	0.0	0.0	22.91202394658141	0.0	0.0	0.0	0.0	0.0	0.0	0.0	0.0	46.027591373891134	67.41959008971313	0.0	0.0	0.0	0.0	0.0	0.0	0.0
GSM4138110_HNSCC_1_PBMC_CACATTTTCCCATTAT	0.0	0.0	48.953784802437475	10.33152426694907	0.0	51.63450449460793	59.12031953242701	0.0	0.0	0.0	0.0	0.0	0.0	27.612300768986692	0.0	0.0	0.0	0.0	0.0	0.0	0.0	0.0	0.0	0.0	0.0	0.0	0.0	46.20279851457642	0.0	0.0	0.0
GSM4138110_HNSCC_1_PBMC_CACATTTTCTGGTTCC	23.107147589434863	9.155500512833518	38.02248073489666	11.76483969207812	0.0	0.0	0.0	0.0	0.0	46.50730348193642	0.0	0.0	0.0	23.201028278931418	0.0	0.0	0.0	0.0	0.0	0.0	0.0	0.0	0.0	50.37248165983205	0.0	60.28986702395081	0.0	0.0	0.0	0.0	0.0
GSM4138110_HNSCC_1_PBMC_CACCAGGTCGTGGGAA	68.89833156317627	0.0	57.913137778564995	23.12784443101318	0.0	0.0	0.0	0.0	0.0	0.0	64.34149718401204	33.623185320935576	0.0	0.0	0.0	0.0	0.0	0.0	0.0	0.0	15.482486369069415	22.9025602184421	0.0	0.0	0.0	0.0	0.0	0.0	48.18142454207801	0.0	0.0
GSM4138110_HNSCC_1_PBMC_CAGCAGCCAATGGTCT	53.667891451758315	46.306436451530516	0.0	9.876629629068361	0.0	0.0	0.0	0.0	39.824383633432625	0.0	0.0	0.0	0.0	0.0	0.0	0.0	0.0	0.0	22.04452724944182	62.92478869558698	0.0	0.0	0.0	0.0	0.0	0.0	0.0	0.0	0.0	0.0	0.0
GSM4138110_HNSCC_1_PBMC_CAGCATAGTCCGAGTC	48.35846705463912	52.90180872707732	0.0	34.77516731257621	0.0	1.785033666025616	0.0	0.0	82.25897532547664	0.0	0.0	0.0	0.0	0.0	0.0	0.0	0.0	0.0	0.0	0.0	0.0	0.0	25.33441385124209	0.0	23.045791294196103	0.0	0.0	0.0	0.0	0.0	0.0
GSM4138110_HNSCC_1_PBMC_CAGCCGAAGCCCAACC	116.41249888546572	0.0	36.62656664845683	16.963497093568662	0.0	9.995221049543908	0.0	0.0	51.28395961051443	0.0	0.0	0.0	0.0	0.0	0.0	0.0	0.0	17.109621367788385	0.0	10.102054854244654	0.0	8.996019136259614	0.0	0.0	0.0	31.404830257536084	7.4694549757155295	0.0	0.0	0.0	0.0
GSM4138110_HNSCC_1_PBMC_CAGCCGACATCGACGC	47.19142041008892	0.0	84.88681908736145	21.64924785385289	47.99967174906297	29.968700578276284	0.0	0.0	43.32481769245985	0.0	0.0	0.0	0.0	0.0	0.0	0.0	0.0	0.0	11.00318537051808	0.0	0.0	0.0	0.0	0.0	0.0	0.0	0.0	0.0	9.912316634711429	0.0	0.0
GSM4138110_HNSCC_1_PBMC_CATATTCTCCGCGTTT	65.79003601118698	59.662948210874454	0.0	13.730058657085515	14.546243869110533	0.0	0.0	51.772624086840985	0.0	0.0	0.0	24.327401435025937	0.0	0.0	52.42024588775172	0.0	0.0	0.0	0.0	0.0	0.0	0.0	0.0	0.0	0.0	0.0	0.0	0.0	0.0	0.0	0.0
GSM4138110_HNSCC_1_PBMC_CCAATCCCATTAGCCA	100.62740325259351	76.52637869770544	0.0	17.4868346147353	37.95943336070724	0.0	0.0	0.0	59.240528426802705	0.0	12.542788386901009	0.0	0.0	0.0	0.0	0.0	0.0	32.47579449194708	0.0	0.0	0.0	44.930339342706944	0.0	0.0	0.0	0.0	0.0	0.0	0.0	0.0	0.0
GSM4138110_HNSCC_1_PBMC_CCACGGAAGATCGGGT	60.70426404218125	62.52319209124792	0.0	0.4415474051363202	0.0	0.0	0.0	47.748044758922596	0.0	27.982256354935657	4.976041444010841	0.0	0.0	0.0	0.0	12.49309178435682	0.0	40.62271795485929	0.0	0.0	0.0	0.0	0.0	0.0	0.0	0.0	0.0	0.0	0.0	0.0	77.19370392158271
GSM4138110_HNSCC_1_PBMC_CCATGTCAGAGGTAGA	55.147002122582435	38.930278090783894	46.86814582372256	33.10424372805392	0.0	25.889244197615145	0.0	0.0	0.0	0.0	54.67074724575098	0.0	0.0	0.0	0.0	0.0	0.0	79.85378725868844	0.0	0.0	0.0	0.0	4.13589450251105	0.0	0.0	0.0	9.100157635410238	0.0	0.0	0.0	0.0
GSM4138110_HNSCC_1_PBMC_CCATGTCCATGCCCGA	72.13366679843918	97.08183181020746	0.0	37.74458901643736	0.0	25.960008701956138	0.0	0.0	57.46592903723508	0.0	0.0	0.0	0.0	0.0	0.0	0.0	0.0	0.0	0.0	0.0	95.04955091141154	0.0	0.0	0.0	0.0	0.0	0.0	0.0	0.0	0.0	0.0
GSM4138110_HNSCC_1_PBMC_CCGGTAGAGCTCCTCT	39.06765749314898	0.0	39.360281934858534	10.247152524486014	0.0	0.0	0.0	0.0	73.93055228789828	0.0	0.0	0.0	0.0	0.0	0.0	0.0	0.0	43.722709848107655	0.0	0.0	0.0	0.0	0.0	0.0	0.0	0.0	0.0	0.0	0.0	60.367851512209455	0.0
GSM4138110_HNSCC_1_PBMC_CCTCTGAAGGGATCTG	79.34681877352035	60.77259284441445	0.0	12.945307490587236	0.0	0.0	0.0	0.0	29.286666473308944	0.0	0.0	24.59474859660501	0.0	0.0	0.0	0.0	0.0	0.0	0.0	26.817542025500654	0.0	13.512229651046052	0.0	0.0	0.0	0.0	0.0	0.0	0.0	26.040215164757008	2.7806171425687403
GSM4138110_HNSCC_1_PBMC_CGAACATGTTCGTTGA	37.843092108106	0.0	66.67830495851575	11.06376048589908	15.949601337679661	0.0	0.0	0.0	68.58937806411977	0.0	0.0	0.0	0.0	0.0	0.0	0.0	0.0	0.0	25.203169880861275	0.9594286644532422	0.0	0.0	0.0	0.0	0.0	0.0	2.0186804538804526	12.337431611861774	0.0	0.0	0.0
GSM4138110_HNSCC_1_PBMC_CGAACATTCTGTCCGT	0.0	29.98021623789293	10.6953945917887	15.859434599594266	0.0	62.35192565181615	0.0	0.0	54.90898561648504	0.0	0.0	0.0	0.0	111.97263491855416	0.0	0.0	13.800736594950408	0.0	0.0	0.0	7.828189906105565	0.0	0.0	0.0	20.960740872712343	0.0	0.0	0.0	0.0	0.0	0.0
GSM4138110_HNSCC_1_PBMC_CGAATGTAGCGTCTAT	110.94570965316983	67.87541286472151	0.0	25.950697370255615	29.974863367636715	0.0	0.0	0.0	0.0	16.987465459240045	0.0	0.0	0.0	0.0	0.0	0.0	0.0	0.0	41.78506090815672	0.0	0.0	0.0	0.0	0.0	0.0	0.0	0.0	0.0	0.0	0.0	0.0
GSM4138110_HNSCC_1_PBMC_CGGGTCAAGTCTCGGC	51.8270905937565	78.60933104735729	0.0	9.809651561241381	0.0	0.0	105.32068751205614	4.044603282063728	0.0	0.0	0.0	42.9712878141181	0.0	0.0	0.0	0.0	0.0	0.0	0.0	0.0	0.0	0.0	0.0	0.0	0.0	0.0	0.0	0.9439422543353676	0.0	0.0	0.0
GSM4138110_HNSCC_1_PBMC_CGTCTACCAAGCGTAG	117.03070995130362	0.0	139.0406133159772	5.028617967084307	0.0	0.0	0.0	0.0	48.48685327449942	0.0	0.0	0.0	0.0	0.0	0.0	0.0	0.0	59.30980117848577	41.49010404108048	0.0	0.0	0.0	0.0	0.0	0.0	0.0	33.25965677410732	0.0	0.0	0.0	0.0
GSM4138110_HNSCC_1_PBMC_CGTGTCTAGGTCGGAT	84.1427555249169	0.0	77.24941226971687	43.91171935068107	60.449059015361975	52.829405419223605	0.0	10.444369371045221	0.0	19.10950798426193	35.76192380042758	0.0	0.0	0.0	0.0	2.790381216978035	0.0	0.0	0.0	0.0	0.0	0.0	0.0	0.0	0.0	0.0	0.0	0.0	0.0	0.0	0.0
GSM4138110_HNSCC_1_PBMC_CGTTAGACATCCAACA	65.96065453858368	0.0	40.233519005586004	10.557016164654943	0.0	0.0	53.79604419975978	11.533111657532686	53.60665879903638	0.0	0.0	0.0	0.0	0.0	0.0	0.0	21.66938639494192	0.0	0.0	0.0	0.0	0.0	0.0	0.0	0.0	0.0	0.0	0.0	0.0	0.0	0.0
GSM4138110_HNSCC_1_PBMC_CGTTGGGCATATGCTG	40.8871530110253	27.560615859580334	0.0	7.671601077988257	0.0	0.0	0.0	32.33664454006354	0.0	0.0	0.0	0.0	0.0	0.0	0.0	56.35039667626382	0.0	0.0	0.0	0.0	0.0	0.0	0.0	0.0	0.0	0.0	0.0	0.0	0.0	0.0	61.86992650280425
GSM4138110_HNSCC_1_PBMC_CTAATGGTCTCGCTTG	42.5479145518359	0.0	80.65129900300747	30.29757977410782	35.54418005793358	46.772626197165486	0.0	0.0	0.0	0.0	0.0	0.0	0.0	0.0	14.649448711210404	0.0	0.0	0.0	0.0	0.0	0.0	0.0	0.0	0.0	0.0	0.0	0.0	0.0	0.0	0.0	0.0
GSM4138110_HNSCC_1_PBMC_CTACATTTCACCAGGC	82.6239489535778	0.0	51.35855000573032	23.15431939363686	0.0	0.0	0.0	0.0	42.21300907095366	0.0	0.0	49.448835051124426	0.0	0.0	0.0	0.0	0.0	0.0	0.0	0.0	0.0	42.032829388677264	0.0	0.0	0.0	0.0	0.0	0.0	0.0	13.48815307928496	0.0
GSM4138110_HNSCC_1_PBMC_CTACGTCTCGAACGGA	44.24488381466199	38.92944110287932	0.0	29.679016501530338	0.0	0.0	0.0	27.397205957530407	0.0	57.371173561042134	0.0	0.0	0.0	0.0	0.0	0.0	20.02764924082341	0.0	0.0	0.0	0.0	0.0	0.0	0.0	0.0	0.0	0.0	0.0	0.0	0.0	0.0
GSM4138110_HNSCC_1_PBMC_CTAGAGTCACTTACGA	0.0	0.0	45.772668009436	14.498173597728837	18.989602854317422	13.347048718537202	43.63596567482707	12.092170651212863	0.0	0.0	0.0	0.0	0.0	54.930945940974674	0.0	0.0	0.0	68.82261875221711	0.0	4.785485013719535	0.0	0.0	0.0	0.0	0.0	0.0	0.5319238121142471	0.0	0.0	0.0	0.0
GSM4138110_HNSCC_1_PBMC_CTCAGAATCCGGGTGT	28.373452868574514	0.0	67.87300827922216	17.250953578783513	0.0	0.0	0.0	0.0	33.31483506050928	0.0	0.0	0.0	2.474616506152126	41.96178506513803	0.0	0.0	0.0	0.0	28.63160228602611	69.27086977182174	0.0	0.0	0.0	0.0	0.0	0.0	0.0	0.0	0.0	0.0	0.0
GSM4138110_HNSCC_1_PBMC_CTCGGGATCAATACCG	39.94559269631711	0.0	38.53672081171408	20.807135190811493	0.0	0.0	85.02783623115192	52.026404460771886	0.0	0.0	0.0	0.0	0.0	0.0	0.0	0.0	0.0	0.0	0.0	151.18727678282698	0.0	0.0	0.0	0.0	0.0	0.0	0.0	0.0	0.0	0.0	0.0
GSM4138110_HNSCC_1_PBMC_CTCGTACAGATCGGGT	136.21661447658474	121.551251578562	0.0	44.36459734084693	0.0	0.0	0.0	0.0	0.0	13.729112615208212	114.81992978699192	0.0	0.0	0.0	0.0	0.0	180.1463411581154	0.0	187.09472736812583	0.0	0.0	0.0	0.0	0.0	4.966368971544688	19.822523154176814	0.0	0.0	0.0	0.0	0.0
GSM4138110_HNSCC_1_PBMC_CTCGTACTCTGTCCGT	67.62076385561154	64.43592118893477	0.0	16.614157467726326	0.0	3.8480351376615562	86.31309557420256	41.32809334142356	0.0	0.0	0.0	0.0	72.64603465974461	0.0	0.0	0.0	0.0	0.0	0.0	0.0	0.0	0.0	0.0	0.0	0.0	0.0	0.0	0.0	0.0	0.0	0.0
GSM4138110_HNSCC_1_PBMC_CTCTGGTAGGCGTACA	25.836693429454346	44.69022462264835	0.0	19.44837503066804	0.0	0.0	45.00287232530219	0.0	0.0	0.0	0.0	0.0	0.0	25.649781500806235	0.0	0.0	0.0	0.0	0.0	0.0	0.0	9.595685370589345	0.0	28.91205403845633	0.0	0.0	0.0	6.115067474694625	0.0	0.0	0.0
GSM4138110_HNSCC_1_PBMC_CTGAAACTCCGAGCCA	39.01660954011449	27.745626144274627	0.0	19.25264182864567	0.0	0.0	0.0	0.0	40.551919933868184	0.0	0.0	0.0	0.0	6.428015138346879	0.0	0.0	39.17941491547986	32.87006151056934	0.0	0.0	0.0	0.0	55.13613606632137	0.0	0.0	0.0	0.0	0.0	0.0	0.0	0.0
GSM4138110_HNSCC_1_PBMC_CTGAAGTAGCGATCCC	54.634034489772446	0.0	36.4201902791056	26.806200459705728	0.0	43.28020013866075	52.972061395298006	0.0	0.0	0.0	0.0	47.15513808655088	0.0	18.32796461342995	0.0	0.0	0.0	0.0	0.0	0.0	0.0	0.0	0.0	0.0	0.0	0.0	0.0	0.0	0.0	0.0	0.0
GSM4138110_HNSCC_1_PBMC_CTGATAGAGATCTGCT	66.7529397868973	40.16316476448656	0.0	19.45398014949606	0.0	0.0	0.0	0.0	2.5344695093832983	0.0	0.0	0.0	47.9279427373649	0.0	20.485460382472287	0.0	0.0	0.0	0.0	0.0	0.0	0.0	0.0	0.0	0.0	86.96132287317225	0.0	0.0	0.0	0.0	0.0
GSM4138110_HNSCC_1_PBMC_CTGATAGAGCCTTGAT	90.27451614330101	57.200700794574736	0.0	26.6894643739832	0.0	0.0	0.0	54.53807013603353	0.0	4.68461193166152	0.0	0.0	0.0	0.0	0.0	52.61712257395447	0.0	0.0	0.0	0.0	0.0	0.0	0.0	0.0	0.0	0.0	0.0	0.0	0.0	0.0	58.717983004377565
GSM4138110_HNSCC_1_PBMC_CTGCCTAAGGTGCTTT	53.6460249988429	0.0	91.49648124762649	16.88193170784364	0.0	0.0	0.0	33.65950636289797	0.0	0.0	0.0	0.0	0.0	0.0	97.34269538091011	0.0	27.314272639996375	0.0	0.0	0.0	0.0	0.0	0.0	0.0	0.0	0.0	0.0	0.0	0.0	0.0	0.0
GSM4138110_HNSCC_1_PBMC_CTGCCTATCACGACTA	42.36668280399244	37.31768008101657	0.0	8.88454988408463	0.0	0.0	48.22871023967366	17.686984548351436	0.0	0.0	0.0	0.0	0.0	0.0	0.0	0.0	0.0	0.0	0.0	0.0	0.0	0.0	0.0	0.0	0.0	0.0	84.85043874187403	0.0	0.0	0.0	0.0
GSM4138110_HNSCC_1_PBMC_CTGGTCTTCGAGAACG	42.13760427881898	9.675347544415489	10.366967807278524	9.81757702606126	37.777259627903526	0.0	0.0	50.66217201512289	35.38414459324234	0.0	0.0	0.0	0.0	0.0	1.8089870978043034	0.0	0.0	0.0	0.0	0.0	0.0	0.0	0.0	0.0	0.0	0.0	0.0	0.0	0.0	0.0	0.0
GSM4138110_HNSCC_1_PBMC_CTGTTTAAGTGGAGTC	62.78407367080616	0.0	26.991244103711466	15.736786172489508	0.0	0.0	0.0	46.28649293755734	0.0	54.123325839617216	0.0	0.0	0.0	1.5297019704349704	0.0	11.791989583470937	22.197507413168772	0.0	0.0	0.0	0.0	0.0	0.0	0.0	0.0	0.0	0.0	0.0	0.0	0.0	0.0
GSM4138110_HNSCC_1_PBMC_GAACATCTCCCTAATT	127.92114401604748	0.0	81.08260444326861	42.03022635554335	0.0	50.536082670396205	0.0	0.0	0.0	0.0	0.0	0.0	0.0	0.0	95.26206081865692	0.0	0.0	0.0	0.0	0.0	73.74307637764957	0.0	0.0	0.0	0.0	0.0	0.0	0.0	0.0	0.0	0.0
GSM4138110_HNSCC_1_PBMC_GAACCTATCTGAGGGA	32.950942134997206	42.62205943180374	0.0	12.258777724518183	0.0	0.0	26.86248951926913	0.0	20.34043202444109	0.0	0.0	0.0	60.565925265069446	0.0	0.0	0.0	0.0	0.0	0.0	0.0	0.0	0.0	0.0	0.0	0.0	28.89945512118213	0.0	0.0	0.0	0.0	0.0
GSM4138110_HNSCC_1_PBMC_GAATGAATCAGTTAGC	48.918465710895916	23.369264476855655	0.0	12.902340575158993	35.026058162906594	0.0	0.0	47.603886227630674	0.0	0.0	11.392408078003612	0.0	0.0	0.0	4.835162256171766	0.0	0.0	0.0	0.0	0.0	0.0	0.0	0.0	20.50759428003206	0.0	0.0	0.0	0.0	0.0	7.489978572445761	0.0
GSM4138110_HNSCC_1_PBMC_GATCGATAGTACACCT	2.245233482523839	0.0	99.65686813758451	21.420500040932094	0.9858863539977636	0.0	0.0	0.0	40.93141078120778	0.0	0.0	0.0	0.0	67.11228973248734	0.0	0.0	19.197698723261556	0.0	0.0	0.0	0.0	0.0	32.08445214451175	0.0	20.927171978908312	0.0	0.0	0.0	0.0	0.0	0.0
GSM4138110_HNSCC_1_PBMC_GATCGATTCAGCATGT	83.87742200085611	84.13652457191905	0.0	16.466347821526426	0.0	65.63825346789378	0.0	0.0	0.0	88.93221806141416	0.0	0.0	0.0	0.0	0.0	0.0	0.0	71.3012521722009	0.0	0.0	0.0	0.0	0.0	0.0	0.0	0.0	0.0	0.0	0.0	0.0	0.0
GSM4138110_HNSCC_1_PBMC_GATGAAATCCAAGCCG	62.251003916823635	0.0	37.589238958457194	17.81615552767465	0.0	0.0	0.0	0.0	0.0	24.418211667941456	0.0	7.077501062598559	0.0	0.0	0.0	0.0	0.0	0.0	0.0	0.0	0.0	0.0	0.0	8.767710156681451	0.0	0.0	0.0	51.94772548928915	84.03197644005508	0.0	0.0
GSM4138110_HNSCC_1_PBMC_GCACATAAGGTGTGGT	77.39768472948123	44.3839254960586	6.604422097192913	9.7682857280329	0.0	0.0	0.0	0.0	42.77089472117184	0.0	0.0	0.0	0.0	0.0	0.0	0.0	0.0	0.0	116.77947387749767	0.0	0.0	0.0	0.0	0.0	0.0	0.0	0.0	36.269930115225655	0.0	0.0	0.0
GSM4138110_HNSCC_1_PBMC_GCACTCTGTACAGTGG	62.49472038569774	9.722350552461698	0.0	23.751132077727377	0.0	64.82396116200674	0.0	0.0	35.2294127300628	0.0	0.0	141.9546309315809	0.0	0.0	0.0	0.0	18.49762305949307	0.0	0.0	0.0	0.0	0.0	0.0	0.0	0.0	0.0	0.0	0.0	0.0	0.0	0.0
GSM4138110_HNSCC_1_PBMC_GCCTCTAAGTTAAGTG	56.164526047906094	38.0973583040436	0.0	13.043428801412173	0.0	0.0	0.0	0.0	0.0	37.794763938342115	0.0	0.0	0.0	0.0	0.0	0.0	0.0	44.430266278670445	28.301588660822485	0.0	0.0	0.0	0.0	0.0	0.0	0.0	0.0	0.0	0.0	0.0	0.0
GSM4138110_HNSCC_1_PBMC_GCCTCTAGTTGAACTC	49.71175079442711	0.0	71.73672443725589	7.781625348844826	0.0	0.0	0.0	0.0	0.0	0.0	43.18742344483008	0.0	45.09332276420337	0.0	0.0	0.0	0.0	0.0	0.0	0.0	0.0	3.8124281773646644	20.23096555489652	0.0	0.0	0.3872365221688951	0.0	0.0	0.0	14.260243612566786	0.0
GSM4138110_HNSCC_1_PBMC_GCGAGAAAGTGACATA	85.37807183284629	64.4072906496024	0.0	11.985915691247339	17.038593322126914	0.0	141.1260763601367	21.767106056930555	0.0	0.0	0.0	0.0	0.0	0.0	0.0	0.0	0.0	51.43362637561224	0.0	0.0	0.0	0.0	0.0	0.0	0.0	0.0	0.0	0.0	0.0	0.0	0.0
GSM4138110_HNSCC_1_PBMC_GCTGCAGGTCCTCTTG	0.0	0.0	15.974237895668272	27.06993596446608	0.0	0.0	0.0	0.0	0.0	65.76661375334947	0.0	0.0	74.00497598184664	33.72168801167055	0.0	0.0	0.0	0.0	0.0	0.0	0.0	17.426752217939814	0.0	0.0	0.0	0.0	0.0	0.0	6.9659455605558485	0.0	0.0
GSM4138110_HNSCC_1_PBMC_GGAAAGCAGTCAATAG	116.10476771633843	0.0	40.213111394028445	11.533240186939425	0.0	37.80085239188518	65.10646951860794	0.0	0.0	0.0	2.2839558317364896	0.0	75.64022945853274	0.0	0.0	0.0	0.0	0.0	0.0	0.0	0.0	0.0	0.0	0.0	0.0	0.0	0.0	0.0	0.0	0.0	0.0
GSM4138110_HNSCC_1_PBMC_GGAACTTGTTTACTCT	33.6624352974564	0.0	56.63047867290433	19.800517602562067	36.152892348453506	4.173031188413012	0.0	0.0	0.0	0.0	49.26011918565558	0.0	0.0	0.0	0.0	0.0	0.0	0.0	0.0	0.0	0.0	0.0	0.0	0.0	0.0	0.0	0.0	0.0	0.0	33.68859996580146	0.0
GSM4138110_HNSCC_1_PBMC_GGCAATTGTCCTCTTG	59.78250223260225	29.56539821952942	1.6346594093396256	21.66765395067842	0.0	0.0	0.0	0.0	0.0	9.012605171943823	0.0	0.0	0.0	0.0	0.0	0.0	0.0	0.0	0.0	0.0	52.12964315662572	49.09529270434908	0.0	0.0	0.0	0.0	0.0	0.0	0.0	0.0	0.0
GSM4138110_HNSCC_1_PBMC_GGGACCTAGGCCCTTG	43.22630347624237	1.6406869544148308	40.27370627590766	17.829968837729712	49.06837117940079	16.46870996750104	0.0	0.0	0.0	0.0	39.61426346172936	0.0	0.0	0.0	0.0	0.0	0.0	0.0	0.0	0.0	0.0	0.0	0.0	0.0	0.0	0.0	0.0	0.0	0.0	0.0	0.0
GSM4138110_HNSCC_1_PBMC_GGGACCTTCGTCCAGG	51.64312132908809	34.732630178107144	7.140918199572074	15.276364925378667	0.0	23.15822216373428	0.0	0.0	30.673485828836604	0.0	0.0	67.37014840670602	0.0	0.0	0.0	0.0	0.0	0.0	21.737061652357607	0.0	0.0	0.0	0.0	0.0	0.0	0.0	0.0	0.0	0.0	0.0	0.0
GSM4138110_HNSCC_1_PBMC_GGGATGACAATGGTCT	64.55965151128657	0.0	32.79682667789908	13.199429699968139	0.0	0.0	0.0	0.0	4.50374347395938	0.0	67.37339092974617	43.90281788360584	0.0	0.0	0.0	0.0	0.0	0.0	0.0	0.0	0.0	0.0	11.771640299812802	15.367632425591909	0.0	0.0	0.0	0.0	0.0	0.0	0.0
GSM4138110_HNSCC_1_PBMC_GGGCACTGTCTAGGTT	77.02211584657053	82.04474872623159	0.0	21.809037753400858	0.0	41.88072731790011	0.0	0.0	0.0	80.34917343996835	0.0	0.0	0.0	0.0	0.0	0.0	0.0	0.0	7.672272971312342	15.294899015059785	0.0	0.0	0.0	21.484307463873275	0.0	0.0	0.0	0.0	0.0	0.0	34.805287354881614
GSM4138110_HNSCC_1_PBMC_GGTATTGTCCTTCAAT	0.0	0.0	28.20836610177164	31.91138969664707	0.0	0.0	0.0	0.0	0.0	0.0	57.07771181236512	0.0	0.0	57.93118333445734	0.0	0.0	0.0	0.0	0.0	0.0	0.0	57.85956226092887	0.0	0.0	0.0	17.856906760570972	0.0	35.27657765918049	0.0	0.0	0.0
GSM4138110_HNSCC_1_PBMC_GGTGTTACAATCCAAC	69.8369996422202	0.0	29.885384578508855	14.690438706711912	0.0	0.0	0.0	18.112170923884076	49.730157885799564	0.0	0.0	0.0	36.44282715766135	0.0	0.0	0.0	0.0	0.0	0.0	0.0	0.0	0.0	0.0	0.0	0.0	0.0	0.0	0.0	19.249541377527173	0.0	0.0
GSM4138110_HNSCC_1_PBMC_GGTGTTACAGCCACCA	50.914482765780136	34.39209351869921	4.2205808075304985	36.5300929430931	44.366367765469064	0.0	0.0	28.150270021256947	54.28916570919005	0.0	0.0	0.0	7.622431994861905	0.0	0.0	0.0	0.0	9.133262533155277	0.0	0.0	0.0	0.0	0.0	0.0	0.0	0.0	0.0	0.0	0.0	0.0	0.0
GSM4138110_HNSCC_1_PBMC_GTAACGTTCGTATCAG	155.45619171668434	88.61822959006155	0.0	30.435819331885433	81.0728054857323	0.0	0.0	77.8994950634371	0.0	31.34830254551549	0.0	0.0	29.81076663234567	0.0	0.0	31.661753143695872	0.0	0.0	0.0	0.0	0.0	0.0	0.0	0.0	0.0	0.0	0.0	0.0	0.0	0.0	0.0
GSM4138110_HNSCC_1_PBMC_GTATTCTTCTTCCTTC	91.52015266228706	20.560533416085374	22.72555017746387	20.238292952664406	50.7599711556546	0.0	0.0	42.49539683467442	53.57040127753567	0.0	0.0	0.0	0.0	0.0	0.0	0.0	0.0	4.729794819572024	0.0	0.0	0.0	0.0	0.0	0.0	0.0	0.0	0.0	0.0	0.0	0.0	0.0
GSM4138110_HNSCC_1_PBMC_GTCAAGTGTGGGTATG	45.147868740856566	56.132672477395126	0.0	13.587356996488579	43.581619909897675	0.0	37.69408417306225	0.0	28.420159080004886	0.0	0.0	0.0	0.0	0.0	0.0	0.0	0.0	0.0	0.0	0.0	0.0	59.82091305735945	0.0	0.0	0.0	0.0	0.0	0.0	0.0	0.0	0.0
GSM4138110_HNSCC_1_PBMC_GTCACGGGTGCAACGA	0.0	37.52651909703899	0.0	0.027393814053413932	0.0	0.0	0.0	0.0	0.0	174.94309029784162	0.0	1.5242045668714685	0.0	2.252774374791491	0.0	329.671061428128	0.0	0.0	0.0	1.9118693417952002	0.0	0.0	928.7849862286889	0.0	51.74841403586519	33.79760631300555	0.0	0.0	0.0	0.0	0.0
GSM4138110_HNSCC_1_PBMC_GTGCGGTCAAGGTGTG	62.956013967942354	34.2961863483609	0.0	1.204297300895045	0.0	77.46240097017626	66.01662333403267	0.0	0.0	14.163612669914455	0.0	0.0	0.0	0.0	0.0	0.0	39.32409273979056	0.0	0.0	0.0	0.0	0.0	0.0	0.0	28.19224458958269	0.0	0.0	0.0	0.0	0.0	0.0
GSM4138110_HNSCC_1_PBMC_GTGTGCGAGGAGCGAG	0.0	24.59652220076089	12.72416163707698	10.658660550654428	63.55288838322044	0.0	0.0	0.0	0.0	30.870875304081505	0.0	0.0	0.0	58.56650068201163	0.0	4.635696161242651	0.0	0.0	16.177402372552287	0.0	61.90833015601456	9.570520750356623	0.0	0.0	0.0	0.0	0.0	0.0	0.0	0.0	0.0
GSM4138110_HNSCC_1_PBMC_GTGTGCGCAAGTCATC	24.89035358294825	39.69839741007634	0.0	13.275562409749824	0.0	5.3047818550561585	0.0	18.308839591064512	0.0	54.3121252028962	0.0	0.0	10.399571985585302	45.64682001436866	0.0	49.42201544396284	39.468101849030354	0.0	0.0	0.0	0.0	0.0	0.0	0.0	0.8688904482817128	0.0	0.0	0.0	0.0	0.0	0.0
GSM4138110_HNSCC_1_PBMC_TAAACCGTCATCTGTT	35.62335742533273	72.2964750155011	0.0	15.739363084853851	0.0	0.0	0.0	30.62612959290474	0.0	0.0	0.0	0.0	46.946346959733894	0.0	75.1859412351215	0.0	0.0	0.0	0.0	0.0	0.0	0.0	0.0	0.0	0.0	0.0	0.0	0.0	0.0	0.14080438357161001	0.0
GSM4138110_HNSCC_1_PBMC_TAAGCGTCAATGGATA	71.36837138213174	0.0	58.650498322833194	44.16560599932047	66.20480259866395	79.6204153792889	21.34509830390951	0.0	0.0	16.932368853464965	0.0	0.0	0.0	0.0	0.0	0.0	0.0	0.0	0.0	0.0	0.0	0.0	0.0	0.0	0.0	0.0	0.0	0.0	0.0	0.0	0.0
GSM4138110_HNSCC_1_PBMC_TACACGATCCTGCCAT	120.19938048826035	65.15629341543945	0.0	63.52322904632397	0.0	0.0	0.0	55.38125321994982	0.0	0.0	58.047708591209975	0.0	0.0	0.0	0.0	0.0	0.0	0.0	0.0	0.0	61.0681921328805	0.0	0.0	0.0	0.0	0.0	0.0	0.0	0.0	40.33109709295874	0.0
GSM4138110_HNSCC_1_PBMC_TACCTTAAGGCTAGAC	55.66705836870943	83.1377126063056	0.0	24.699160112285707	50.2251185915397	9.009096893708401	0.0	17.054670345133445	0.0	55.85842016897767	0.0	4.048878670101801	0.0	0.0	0.0	0.0	0.0	0.0	0.0	0.0	0.0	0.0	0.0	0.0	0.0	0.0	0.0	0.0	5.434405746587284	0.0	0.0
GSM4138110_HNSCC_1_PBMC_TACGGATCAGGGTATG	47.254928437472444	42.83193089469062	0.0	17.19646036100588	62.9386127623216	0.0	0.0	36.591524261562775	6.663035897124629	0.0	56.625371995879526	0.0	0.0	0.0	0.0	0.0	0.0	0.0	0.0	0.0	0.0	0.0	0.0	0.0	0.0	0.0	0.0	0.0	0.0	0.0	0.0
GSM4138110_HNSCC_1_PBMC_TAGAGCTCAGATGGCA	103.22138886084896	0.0	42.97793267342986	10.216293113466788	0.0	18.766086441078695	17.566847375092717	33.28527493168853	0.0	0.0	0.0	0.0	0.0	0.0	0.0	25.595171352463932	0.0	0.0	12.799230484911789	0.0	35.320414535953965	0.0	0.0	0.0	0.0	0.0	0.0	0.0	0.0	0.0	0.0
GSM4138110_HNSCC_1_PBMC_TAGCCGGAGAAGGCCT	0.0	0.0	63.49470206353029	21.33444086001743	0.0	0.0	58.995340561690625	52.098135246424	0.0	0.0	0.0	0.0	0.0	44.95581471394833	0.0	0.0	39.90481276715106	0.0	0.0	0.0	0.0	0.0	0.0	0.0	15.809064543739781	0.0	0.0	0.0	0.0	0.0	0.0
GSM4138110_HNSCC_1_PBMC_TATCTCAAGGTGCACA	76.4546996915461	35.26223453845462	0.0	16.55119247841512	28.375154882820794	0.0	0.0	0.0	0.0	0.0	18.96985123083701	0.0	0.0	0.0	9.408452007403032	0.0	0.0	0.0	0.0	0.0	0.0	0.0	31.89032107348316	0.0	0.0	2.9882368747326415	0.0	0.0	0.0	0.0	0.0
GSM4138110_HNSCC_1_PBMC_TCACAAGGTTCATGGT	27.281108880765917	0.4577973650494668	55.830209875890425	9.36060216380308	0.0	18.737276968489002	39.040464228207476	0.0	0.0	0.0	0.0	0.0	0.0	0.0	0.0	0.0	61.16167526236286	0.0	0.0	0.0	0.0	0.0	0.0	0.0	0.0	0.0	0.0	0.0	0.0	0.0	0.0
GSM4138110_HNSCC_1_PBMC_TCACAAGTCTTGACGA	109.23571238018044	21.492770961133488	157.58334144709164	44.22242747239655	0.0	0.0	173.3167021562443	0.0	0.0	0.0	0.0	0.0	0.0	31.810877920039257	0.0	0.0	250.29082611395012	0.0	0.0	0.0	0.0	0.0	274.5659906925798	0.0	0.0	0.0	0.0	0.0	0.0	0.0	0.0
GSM4138110_HNSCC_1_PBMC_TCGAGGCTCGGAAATA	75.60873247211278	54.313059384968355	0.0	18.161069230268296	0.0	37.84739951164024	0.0	0.0	0.0	0.0	0.0	76.71595519033329	0.0	0.0	74.7787285474405	0.0	0.0	0.0	0.0	0.0	0.0	0.0	0.0	0.0	0.0	0.0	0.0	0.0	0.0	0.0	0.0
GSM4138110_HNSCC_1_PBMC_TCTATTGGTTTAGGAA	42.89537999502534	0.0	55.2594709182173	14.406175738562226	0.0	37.28731529321414	0.0	0.0	0.0	0.0	55.88769191578506	0.0	0.0	0.0	0.0	0.0	0.0	50.63516128763238	0.0	0.0	0.0	0.0	0.0	0.0	0.0	0.0	0.0	0.0	0.0	0.0	0.0
GSM4138110_HNSCC_1_PBMC_TCTATTGTCATCTGCC	85.15457099279269	0.0	72.56803412175556	0.05498898689493546	0.0	34.39054196453577	3.5030229182588157	0.0	0.0	0.0	0.0	13.830888943509107	0.0	0.0	0.0	0.0	0.0	0.0	0.0	0.0	0.0	0.0	0.0	0.0	0.0	0.0	0.0	0.0	0.0	0.0	0.0
GSM4138110_HNSCC_1_PBMC_TCTTCGGCACCCTATC	70.51758498014192	57.05411418082865	0.0	6.739103771007084	0.0	28.594817405151918	84.61476516047236	0.0	0.0	0.0	0.0	0.0	53.84993090215166	0.0	0.0	0.0	0.0	0.0	0.0	0.0	0.0	0.0	0.0	0.0	0.0	0.0	0.0	0.0	0.0	0.0	0.0
GSM4138110_HNSCC_1_PBMC_TGGGCGTTCACAGGCC	0.0	0.0	0.0	0.0	0.0	0.0	0.0	2182.5668902938746	0.0	0.0	0.0	0.0	0.0	0.0	0.0	0.0	0.0	0.0	0.0	0.0	0.0	0.0	0.0	0.0	0.0	0.0	0.0	0.0	510.8884094982031	0.0	0.0
GSM4138110_HNSCC_1_PBMC_TGTGTTTGTTAAAGAC	57.887449866353656	37.434285103481095	17.839012870553162	24.434811195254078	0.0	0.0	0.0	0.0	0.0	104.8540208208033	0.0	0.0	0.0	0.0	0.0	0.0	0.0	0.0	139.49927144070978	0.0	0.0	0.0	0.0	103.91060718518254	0.0	0.0	0.0	0.0	0.0	0.0	0.0
GSM4138110_HNSCC_1_PBMC_TGTTCCGCACGGCGTT	118.60552088987792	219.18467443722145	5.872333484809241	38.59714565090893	109.87635433218685	0.0	127.17286094526169	0.0	0.0	4.142871658588793	0.0	0.0	0.0	0.0	0.0	0.0	0.0	30.860876021261127	0.0	0.0	0.0	38.643005402873996	118.11717720162078	0.0	0.0	0.0	0.0	43.80691862297677	0.0	0.0	0.0
GSM4138110_HNSCC_1_PBMC_TTAGGCAAGGCTAGCA	56.765002383598436	60.60990974005294	8.420005303219257	32.722344966315475	0.0	0.0	3.0729363534291116	0.0	0.0	50.1303814768472	0.0	0.0	0.0	0.0	0.0	0.0	0.0	0.0	25.45596613106311	0.0	46.43848057132196	0.0	19.02579870334363	0.0	0.0	0.0	0.0	0.0	0.0	0.0	0.0
GSM4138110_HNSCC_1_PBMC_TTCCCAGCACATGGGA	0.0	9.706605381674521	0.0	4.57356970991889	0.0	0.0	0.0	0.0	0.0	1.001966052676363	0.0	0.0	0.0	121.42172483157272	0.0	50.47798329491692	0.0	0.0	0.0	0.0	0.0	0.0	73.80777697902128	0.0	0.0	0.0	40.79775316349976	0.0	0.0	0.0	0.0
GSM4138110_HNSCC_1_PBMC_TTCGGTCAGACCCACC	57.013857873464694	62.79205072039382	0.0	12.087781261740536	0.0	0.0	0.0	18.68993865837723	0.0	30.304557703624408	0.0	0.0	0.0	0.0	0.0	0.0	0.0	0.0	0.0	0.0	53.987145957619816	0.0	0.0	0.0	0.0	0.0	0.0	0.0	0.0	0.0	0.0
GSM4138110_HNSCC_1_PBMC_TTCTCCTTCCTCAATT	66.35688343063408	48.650616705634775	0.0	21.01241916705843	0.0	41.82495407116253	75.0044624664012	0.0	0.0	0.0	0.0	0.0	0.0	0.0	0.0	0.0	0.0	0.0	0.0	0.0	39.126230655247966	0.0	0.0	0.0	0.0	0.0	0.0	0.0	0.0	0.0	0.0
GSM4138110_HNSCC_1_PBMC_TTGAACGGTCGAAAGC	66.61351165704443	36.959500736896764	1.4962227094465832	11.196489321904602	0.0	0.0	20.199045642354488	0.0	0.0	0.0	17.263978531926597	0.0	47.19175518544704	0.0	0.0	5.498190127357894	0.0	0.0	0.0	0.0	0.0	0.0	0.0	0.0	0.0	0.0	0.0	0.0	27.85445440693176	0.0	0.0
GSM4138110_HNSCC_1_PBMC_TTGCCGTAGTCAAGCG	53.04509819741562	0.0	40.652878051414795	13.041030056129609	0.0	0.0	0.0	24.32238258651221	0.0	0.0	0.0	0.0	0.0	0.0	55.09618877039602	0.0	0.0	0.0	0.0	12.089601629384225	0.0	12.084300047702795	0.0	0.0	0.0	0.0	0.0	42.05387124733577	0.0	0.0	32.63934815519759
GSM4138110_HNSCC_1_PBMC_TTGCGTCTCAAGGCTT	68.58135829081642	1.1361573441364026	49.01377152570636	24.78536786374789	38.4908587353179	0.0	73.02342091321265	0.0	0.0	0.0	0.0	15.633272387141202	0.0	0.0	0.0	0.0	0.0	0.0	36.3705514431862	0.0	0.0	0.0	0.0	0.0	0.0	0.0	0.0	0.0	0.0	0.0	0.0
GSM4138110_HNSCC_1_PBMC_TTTATGCGTGCATCTA	56.893423136426144	0.0	29.478086641579342	6.236476613284803	0.0	0.0	0.0	1.3388433479818032	0.0	0.0	59.50733947471652	0.0	0.0	0.0	0.0	0.0	0.0	33.725422491415316	0.0	0.0	0.0	0.0	0.0	0.0	0.0	0.0	0.0	0.0	8.733939684750107	0.0	0.0
GSM4138110_HNSCC_1_PBMC_TTTGCGCTCTTGTACT	84.40579236142578	60.15259421368315	0.0	16.29974759228081	0.0	0.0	0.0	20.64878469326219	0.0	21.299131706640747	0.0	0.0	74.80539919559872	0.0	0.0	0.0	0.0	0.0	0.0	0.0	0.0	0.0	0.0	0.0	0.0	0.0	0.0	0.0	0.0	0.0	0.0
GSM4138110_HNSCC_1_PBMC_TTTGGTTCACTTCTGC	112.38586618763892	2.3865884488764486	56.75472393536114	36.40925960201139	11.03139293663886	0.0	70.79785821364399	0.0	0.0	0.0	0.0	57.4257684365296	0.0	0.0	39.68641508456229	8.090292971862931	0.0	0.0	0.0	0.0	0.0	0.0	0.0	0.0	0.0	0.0	0.0	0.0	47.2011168575163	0.0	0.0
GSM4138110_HNSCC_1_PBMC_CTACACCAGTTGTAGA	116.61900926693363	0.0	180.11256170878823	20.58742797893805	0.0	0.0	0.0	0.0	0.0	0.0	0.0	0.0	20.660915907004096	0.0	0.0	61.68751882870739	0.0	0.0	72.52640373057952	0.0	0.0	0.0	0.0	104.79944154328567	0.0	0.0	0.0	0.0	0.0	0.0	0.0
GSM4138110_HNSCC_1_PBMC_AACTGGTGTCAGAATA	49.67851398872085	0.0	53.91543215747788	11.247794126508923	0.0	25.152818554698854	0.0	0.0	8.268074547419083	0.0	0.0	0.0	41.97428683975008	0.0	54.163749419813534	0.0	0.0	0.0	0.0	0.0	0.0	0.0	0.0	0.0	0.0	0.0	0.0	0.0	0.0	0.0	0.0
GSM4138110_HNSCC_1_PBMC_AAACGGGTCCTCAACC	67.09335049337355	53.080866582133716	0.0	10.817439076461506	0.0	0.0	47.3043691402535	30.507645900462688	0.0	0.0	0.0	0.0	0.0	0.0	0.0	0.0	0.0	0.0	0.0	42.696874629435385	0.0	0.0	0.0	0.0	0.0	0.0	0.0	0.0	0.0	0.0	0.0
GSM4138110_HNSCC_1_PBMC_AAGGCAGAGGCGTACA	51.626650238962135	37.73915597155995	0.0	30.491775209881947	39.70503070193722	23.44959009941085	70.33723597962582	0.0	0.0	0.0	0.0	0.0	0.0	0.0	0.0	0.0	0.0	17.222656338010285	0.0	0.0	0.0	0.0	0.0	0.0	0.0	0.0	0.0	0.0	0.0	0.0	0.0
GSM4138110_HNSCC_1_PBMC_ACATGGTCAATGGAGC	69.47096772982992	65.10138358218023	0.0	26.640584927381855	42.73499282939376	21.55884926685867	0.0	14.670823829534077	0.0	0.0	78.52513399816935	0.0	0.0	0.0	0.0	0.0	0.0	0.0	0.0	0.0	0.0	0.0	0.0	0.0	0.0	0.5901565582381133	0.0	0.0	0.0	0.0	0.0
GSM4138110_HNSCC_1_PBMC_ACGATGTGTTATCACG	46.84625841079808	15.636790488836102	37.633249792696894	21.70215738918089	0.0	0.0	1.8865675147240242	27.68797180430068	0.0	40.10379081615034	0.0	0.0	17.776385734370812	0.0	0.0	0.0	7.1101568715616	0.0	0.0	0.0	21.90331419574336	0.0	0.0	0.0	0.0	0.0	0.0	0.0	0.0	0.0	0.0
GSM4138110_HNSCC_1_PBMC_ACGGCCATCTCCCTGA	108.0672359005653	0.0	79.77075580505945	29.49595901922554	0.0	0.0	0.0	0.0	61.77497919988878	0.0	0.0	0.0	0.0	0.0	0.0	0.0	0.0	0.0	60.05567645805879	87.9719997025832	0.0	0.0	0.0	0.0	0.0	0.0	0.0	0.0	0.0	0.0	0.0
GSM4138110_HNSCC_1_PBMC_AGCTCTCTCATTGCCC	140.97850549194786	63.92974394706899	25.336010447651006	66.81757000458667	0.0	0.0	0.0	21.436930914769622	0.0	0.0	0.0	0.0	0.0	0.0	73.20499909341702	0.0	0.0	0.0	18.988812097091337	0.0	0.0	0.0	0.0	50.99848475729199	0.0	0.0	0.0	19.549695825147708	0.0	78.02375173385218	0.0
GSM4138110_HNSCC_1_PBMC_AGGTCATTCTCTAGGA	64.32965510912402	46.69662659219134	30.02648992226924	7.1001221302404645	0.0	58.599670000558206	0.0	0.0	0.0	0.0	58.43927115151802	0.0	53.20451324879914	0.0	0.0	0.0	0.0	0.0	0.0	0.0	0.0	0.0	0.0	0.0	0.0	0.0	0.0	0.0	0.0	0.0	0.0
GSM4138110_HNSCC_1_PBMC_ATAGACCTCTGGTGTA	67.38308486210306	45.791433125465446	25.291462605158	18.348224822909078	0.0	38.3747731783652	0.0	0.0	0.0	0.0	0.0	0.0	0.0	0.0	0.0	35.12370618036608	108.12212089006304	0.0	0.0	0.0	0.0	0.0	0.0	0.0	0.0	0.0	0.0	0.0	0.0	0.0	0.0
GSM4138110_HNSCC_1_PBMC_ATAGACCTCTTCCTTC	43.04879884814514	0.0	55.263486654418706	10.604926321429854	26.828169556968277	0.0	0.0	43.03715258727572	0.0	0.0	22.04830989194524	0.0	0.0	0.0	0.0	0.0	0.0	0.0	0.0	0.0	3.564665359697646	0.0	0.0	0.0	0.0	0.0	0.0	0.0	0.0	0.0	0.0
GSM4138110_HNSCC_1_PBMC_ATCTACTCACTGTGTA	63.40333116526423	0.0	72.50901365202508	22.582344303526693	23.381163011821556	57.94088915028625	0.0	0.0	0.0	0.0	22.237610533034918	0.0	0.0	35.81442710481729	24.1322616393576	0.0	0.0	2.442670682630066	0.0	0.0	0.0	0.0	0.0	7.35995670899993	0.0	0.0	0.0	27.451735215735294	0.0	0.0	0.0
GSM4138110_HNSCC_1_PBMC_ATCTGCCAGGAATCGC	110.17695523201185	36.79713972536105	28.29884688677858	24.37904028428938	0.0	52.29875491057524	0.0	0.0	0.0	51.11770664511187	0.0	0.0	0.0	0.0	0.0	0.0	0.0	43.07542103592156	0.0	0.0	0.0	0.0	0.0	0.0	0.0	0.0	0.0	0.0	0.0	0.0	0.0
GSM4138110_HNSCC_1_PBMC_ATGGGAGCATGGGAAC	173.78225593550584	87.69340998899972	11.597466991266373	8.920734124637795	0.0	0.0	0.0	0.0	0.0	176.9155020847765	0.0	0.0	104.21758602474925	0.0	0.0	0.0	0.0	0.0	52.79686632884091	0.0	0.0	74.23498498004184	0.0	0.0	0.0	120.59226486961005	0.0	0.0	0.0	0.0	0.0
GSM4138110_HNSCC_1_PBMC_ATGTGTGGTAGCTGCC	57.042350069881415	2.4840821359052674	9.597360000084974	18.5644353237491	88.2467614004389	41.20824506509324	0.0	0.0	0.0	11.443965919561174	0.0	0.0	0.0	0.0	0.0	0.0	0.0	18.89887351481496	0.0	0.0	0.0	0.0	0.0	0.0	0.0	0.0	10.186189918361128	0.0	0.0	0.0	0.0
GSM4138110_HNSCC_1_PBMC_CACAAACCATCCCACT	56.47839619548677	0.0	97.2732867270022	15.012118636234064	12.330063838484866	0.0	32.76951674297027	55.257811545315306	0.0	0.0	0.0	0.0	0.0	0.0	0.0	15.023528582972803	0.0	0.0	0.0	0.0	4.280703995769268	0.0	0.0	11.193918655070494	0.0	0.0	0.0	25.177865217705993	0.0	0.0	0.0
GSM4138110_HNSCC_1_PBMC_CACCACTAGTTACCCA	83.4710230115902	0.0	73.81970874864093	22.319404321611284	0.0	53.17691439455248	0.0	0.0	59.79164735976535	0.0	0.0	0.0	0.0	0.0	0.0	0.0	36.782626261032625	20.910227403255885	0.0	0.0	7.952014533865503	0.0	0.0	0.0	0.0	0.0	0.0	0.0	0.0	0.0	0.0
GSM4138110_HNSCC_1_PBMC_CATGCCTTCAGCTCTC	113.03462369574345	0.0	39.35695687112857	23.693847625798245	0.0	65.68832567585635	74.34080137779169	0.0	0.0	0.0	0.0	0.0	50.2954247296666	0.0	0.0	0.0	0.0	0.0	0.0	0.0	0.0	0.0	0.0	14.022402508733546	0.0	0.0	0.0	0.0	0.0	0.0	0.0
GSM4138110_HNSCC_1_PBMC_CATGGCGCATGTTCCC	77.26389350772266	65.73633138819677	0.0	22.797445860087706	76.47818716399809	0.0	0.0	76.29207992237673	0.0	0.0	24.09298154060111	0.0	0.0	0.0	0.0	0.0	0.0	0.0	0.0	0.0	0.0	0.0	0.0	0.0	24.60099686362593	0.0	0.0	0.0	0.0	0.0	0.0
GSM4138110_HNSCC_1_PBMC_CCACCTAGTAGTACCT	99.88636166585397	8.096210792611268	61.729956625143245	14.52772208724497	0.0	0.0	0.0	44.077904778010435	0.0	0.0	89.00743275209231	0.0	32.1831897502331	0.0	0.0	0.0	0.0	0.0	0.0	0.0	0.0	0.0	0.0	0.0	0.0	0.0	0.0	0.0	0.0	0.0	0.0
GSM4138110_HNSCC_1_PBMC_CCGTTCAGTATATCCG	116.58920623248461	51.69695799580847	17.609385929322883	45.80886130600768	0.0	0.0	0.0	75.7122141811401	0.0	29.87978223216518	0.0	0.0	0.0	0.0	0.0	0.0	0.0	0.0	0.0	64.63099474559098	0.0	0.0	0.0	0.0	0.0	0.0	0.0	0.0	0.0	0.0	0.0
GSM4138110_HNSCC_1_PBMC_CCTACACGTCCGAAGA	77.85714939376534	0.0	19.196127203111825	10.770170756911737	34.482376289842726	5.765489589409337	0.0	36.29943952786891	0.0	0.0	35.98916947698427	0.0	0.0	0.0	22.56850137781472	0.0	0.0	0.0	0.0	0.0	0.0	0.0	0.0	0.0	0.0	0.0	0.0	0.0	0.0	0.0	0.0
GSM4138110_HNSCC_1_PBMC_CCTCTGAGTCGCGAAA	119.64205951030674	99.41077828386955	0.0	25.904029010389777	0.0	42.39200084497728	0.0	11.456771976520532	0.0	71.3829556962461	0.0	3.3435536561505024	74.32950769233842	0.0	0.0	0.0	0.0	0.0	9.499494241054803	0.0	0.0	0.0	0.0	0.0	0.0	0.0	0.0	0.0	2.6772991712642678	0.0	0.0
GSM4138110_HNSCC_1_PBMC_CGCTGGAAGGCATGTG	60.46896661903575	54.81450776624728	0.0	22.780006388600473	74.40620539661779	56.415981915234255	0.0	0.0	0.0	46.35257230924314	0.0	0.0	0.0	0.0	0.0	0.0	0.0	0.0	0.0	0.0	0.0	0.0	0.0	0.0	0.0	0.0	0.0	0.0	0.0	0.0	0.0
GSM4138110_HNSCC_1_PBMC_CGGAGTCTCACAATGC	64.16094261984651	48.756583187890975	0.0	14.848043766688969	35.84392622867512	0.0	58.42203171801986	30.47470522460798	0.0	0.0	0.0	0.0	0.0	11.980459239247256	0.0	0.0	0.0	0.0	0.0	0.0	0.0	0.0	0.0	0.0	19.234169022088363	0.0	0.0	0.0	0.0	0.0	0.0
GSM4138110_HNSCC_1_PBMC_CGGCTAGAGCTACCGC	83.57320265910172	78.8101973524329	0.0	19.730700794994124	0.0	20.966608372849592	37.80222420135149	25.520304068288016	0.0	0.0	0.0	0.0	0.0	0.0	0.0	0.0	66.91338673209701	0.0	0.0	0.0	7.2173755624393365	0.0	0.0	0.0	3.1929486384934664	0.0	0.0	0.0	0.0	0.0	0.0
GSM4138110_HNSCC_1_PBMC_CGTTGGGCAAGCCGCT	112.12374887714248	0.0	12.272438987893981	36.70367133366946	0.0	5.72155156316801	0.0	0.0	0.0	0.0	0.0	11.618071176966545	0.0	0.0	30.631261568800127	0.0	0.0	25.314419864021726	4.2068190645888315	0.0	0.0	0.0	0.0	0.0	0.0	0.0	0.0	0.0	45.05351317001284	0.0	0.0
GSM4138110_HNSCC_1_PBMC_CTCAGAAGTCCGACGT	122.25154696967832	0.3751866138007332	21.840214247136927	4.966604744869222	56.4275191756053	34.143299579069584	42.521307761300726	0.0	8.41242074292607	0.0	0.0	0.0	0.0	0.0	0.0	0.0	0.0	0.0	0.0	0.0	0.0	0.0	0.0	0.0	0.0	0.0	0.0	0.0	0.0	0.0	0.0
GSM4138110_HNSCC_1_PBMC_CTCGTACCACGCGAAA	36.86156766438335	0.0	59.199797920953934	17.092500421082352	44.23662226346423	0.0	0.0	26.740293585705224	47.60233091158263	0.0	0.0	0.0	0.0	0.0	0.0	0.0	0.0	0.0	17.362074317634917	0.0	0.0	0.0	0.0	0.0	0.0	0.0	0.0	0.0	0.0	0.0	0.0
GSM4138110_HNSCC_1_PBMC_GAAATGAAGAGCCTAG	126.17899321612786	0.0	117.27764811905243	23.96541370020382	17.24840589045411	0.0	0.0	56.011050429819356	0.0	0.0	93.02758829661752	0.0	0.0	0.0	0.0	0.0	0.0	2.8269470442365274	0.0	0.0	0.0	0.0	0.0	0.0	0.0	0.0	42.9203314290593	0.0	0.0	11.927192915267804	4.365454745566769
GSM4138110_HNSCC_1_PBMC_GACGTTATCTAACCGA	80.52320371546378	0.0	57.257573181671354	15.838018241638414	0.0	59.715224035653286	43.58500051753669	0.28491773653986474	0.0	0.0	0.0	0.0	42.62025562817716	0.0	0.0	0.0	0.0	0.0	0.0	0.0	0.0	0.0	0.0	0.0	0.0	0.0	0.0	0.0	0.0	11.53189970230836	0.0
GSM4138110_HNSCC_1_PBMC_GACTGCGTCGGCATCG	59.36211826006448	0.0	51.97802238166899	25.269496260491703	0.0	0.0	41.41577849839745	47.6622693227468	0.0	0.0	0.0	0.0	67.60253618301357	14.569924041699613	0.0	0.0	0.0	0.0	0.0	0.0	0.0	0.0	0.0	0.0	0.0	0.0	0.0	0.0	0.0	0.0	0.0
GSM4138110_HNSCC_1_PBMC_GATGAGGAGGCTAGCA	61.66447722872496	40.89001969494334	0.0	20.75990785575489	0.0	20.027866740807443	37.433470582261485	14.208729951348808	0.0	1.7617704109390506	0.0	54.19915678894638	0.0	0.0	0.0	0.0	0.0	0.0	0.0	13.395320812941534	0.0	0.0	0.0	0.0	0.0	0.0	0.0	0.0	0.0	0.0	0.0
GSM4138110_HNSCC_1_PBMC_GATTCAGCACCACGTG	62.953816251632944	24.620979595495093	33.268850248288985	19.304074460725044	0.0	0.0	0.0	40.94047454995246	0.0	12.362725153814498	0.0	62.71778857775519	0.0	0.0	0.0	0.0	0.0	0.0	0.0	0.0	0.0	0.0	0.0	0.0	0.0	0.0	0.0	0.0	9.673314536918841	0.0	0.0
GSM4138110_HNSCC_1_PBMC_GCAATCAGTAGCTCCG	70.66701693722891	28.247178655908705	0.0	18.43947439570165	0.0	0.0	31.25203861442947	0.0	0.0	0.0	0.0	44.25780727272767	0.0	0.0	0.0	0.0	0.0	0.0	24.067894599638798	0.0	0.0	0.0	0.0	0.0	0.0	0.0	0.0	0.0	7.372878035158935	0.0	0.0
GSM4138110_HNSCC_1_PBMC_GCGACCAGTAGCCTAT	0.0	27.450450841685534	22.438565149610668	29.377018981843655	0.0	48.742010986865225	48.94631177319918	0.0	0.0	0.0	0.0	0.0	50.419348898258654	135.63168499177968	25.91433540139131	0.0	0.0	0.0	0.0	0.0	0.0	0.0	0.0	0.0	0.0	0.0	0.0	0.0	0.0	0.0	0.0
GSM4138110_HNSCC_1_PBMC_GCTTCCATCTCATTCA	59.55991512291653	25.713272575697236	0.0	9.844062146921539	0.0	0.0	0.0	0.0	0.0	7.959224397205038	0.0	0.0	0.0	0.0	0.0	74.296241758036	0.0	0.0	0.0	0.0	2.9653029332938905	34.2498981116729	0.0	0.0	52.677701979187724	0.0	0.0	0.0	0.0	0.0	0.0
GSM4138110_HNSCC_1_PBMC_GCTTGAAAGACCTTTG	43.164468594652654	17.422225456944815	22.181036250341887	10.164919444978398	0.0	0.0	0.0	19.12688950319995	0.0	0.0	0.0	0.0	0.0	0.0	38.04878441505049	0.0	49.89464740394407	0.0	0.0	0.0	0.0	0.0	0.0	0.0	0.0	0.0	0.0	0.0	0.0	0.0	0.0
GSM4138110_HNSCC_1_PBMC_GGACAAGGTAATTGGA	65.22776645550947	0.0	39.936072154275465	10.830209582131577	56.78199930347177	0.0	0.0	47.267249794389265	0.0	0.0	0.0	0.0	0.0	109.44243209092639	30.626825441863122	0.0	0.0	0.0	0.0	0.0	0.0	0.0	0.0	0.0	0.0	0.0	0.0	0.0	0.0	0.0	0.0
GSM4138110_HNSCC_1_PBMC_GGCGTGTAGCACGCCT	47.33083223188789	0.0	38.144653453475875	30.777883561690142	5.750238346043599	26.11699963669128	27.677929537977867	0.0	0.0	12.79678261347871	0.0	0.0	0.0	0.0	0.0	0.0	0.0	0.0	0.0	0.0	0.0	0.0	0.0	28.00705853494052	0.0	0.0	0.0	0.0	0.0	0.0	0.0
GSM4138110_HNSCC_1_PBMC_GGCGTGTAGCGTTTAC	58.97409174362899	45.28664947537167	0.0	15.138074586671372	0.0	0.0	0.0	23.824925518163987	0.0	0.0	0.0	0.0	0.0	0.0	8.326214561677062	24.207339871117245	0.0	0.0	0.0	0.0	0.0	0.0	0.0	0.0	29.516068161567492	0.0	0.0	0.0	0.0	0.0	0.0
GSM4138110_HNSCC_1_PBMC_GGCTGGTCAATGGACG	65.50819171432681	112.05944165274059	0.0	19.83186010739985	0.0	0.0	0.0	0.0	0.0	0.0	31.45146132588459	0.0	0.0	0.0	0.0	0.0	0.0	14.292108265960765	0.0	0.0	0.0	36.00041123377997	0.0	0.0	0.0	21.32656198406389	0.0	97.68016184946059	0.0	0.0	0.0
GSM4138110_HNSCC_1_PBMC_GGGAATGTCAGCTGGC	119.48957670119894	41.93604295737596	16.640413243594303	19.211094048337912	0.0	3.050508615238367	0.0	51.960794377203435	0.0	0.0	0.0	63.12935315221293	0.0	0.0	75.73404958519349	0.0	0.0	0.0	0.0	0.0	0.0	0.0	0.0	0.0	0.0	0.0	0.0	0.0	0.0	0.0	0.0
GSM4138110_HNSCC_1_PBMC_GGGTTGCAGATCGGGT	76.63065928992145	54.05634257547009	0.0	12.74779236947857	43.062236288837106	0.0	0.0	0.0	0.0	16.80947990030097	0.0	0.0	0.0	0.0	39.37689639814584	0.0	0.0	0.0	40.84380641710254	0.0	0.0	0.0	0.0	0.0	0.0	0.0	0.0	0.0	0.0	0.0	0.0
GSM4138110_HNSCC_1_PBMC_GGTATTGCACATTAGC	107.607459068977	55.48648555762172	0.0	16.93205980849115	0.0	0.0	0.0	0.0	0.03331108156696433	0.0	0.0	0.0	0.0	0.0	0.0	0.0	0.0	0.0	0.0	0.0	0.0	0.0	0.0	0.0	0.0	25.775863260296997	0.0	46.60388120569354	0.0	0.0	0.0
GSM4138110_HNSCC_1_PBMC_GGTGTTAGTGTGACCC	43.8533531739317	74.56927053938894	0.0	9.622624802944685	0.0	0.0	0.0	41.43196792494109	0.0	28.92097242035532	0.0	0.0	0.0	0.0	0.0	0.0	0.0	23.80996938421009	0.0	32.659130377064066	0.0	0.0	0.0	0.0	0.0	0.0	8.391025932600535	0.0	0.0	0.0	0.0
GSM4138110_HNSCC_1_PBMC_GTCACAAGTATCACCA	0.0	36.51362700902506	0.0	14.712815724350095	0.0	0.0	24.71022440738868	0.0	40.969642934997346	0.0	0.0	0.0	62.742978136531704	45.32037592590109	0.0	0.0	0.0	0.0	0.0	0.0	0.0	0.0	62.50823515306435	0.0	0.0	0.0	0.0	0.0	0.0	0.0	0.0
GSM4138110_HNSCC_1_PBMC_GTCACAATCGCAAGCC	81.94641644700124	0.0	53.68275245412236	16.58476332203703	0.0	0.0	0.0	0.0	0.0	0.0	35.39968142989054	0.0	0.0	0.0	0.0	0.0	0.0	62.07274998337927	0.0	0.0	0.0	22.91027623514829	0.0	0.0	0.0	0.0	0.0	0.0	0.0	0.0	0.0
GSM4138110_HNSCC_1_PBMC_GTCACGGCAAGCTGGA	63.52143035090574	26.680856090660036	0.9349365907356753	13.564387696178832	19.3284467267397	0.0	0.0	26.842590518875735	0.0	24.31687870679463	0.0	0.0	0.0	0.0	0.0	0.0	4.4668316532368175	0.0	0.0	0.0	0.0	0.0	0.0	0.0	80.04066447188704	0.0	36.358097356329985	0.0	9.339333395375757	0.44407722840463326	0.0
GSM4138110_HNSCC_1_PBMC_GTCGTAAAGGCATGTG	151.7521902866568	0.0	95.22515089102012	29.03324358362718	22.316024937259108	61.03273853773615	0.0	0.0	0.0	102.39369632316632	0.0	50.27165797896696	0.0	15.061482095499489	0.0	54.9301107343192	0.0	0.0	15.659796256968718	0.0	0.0	0.0	0.0	0.0	0.0	0.0	0.0	0.0	0.0	0.0	0.0
GSM4138110_HNSCC_1_PBMC_GTCGTAATCTTGCAAG	35.540614656035956	56.69141590426787	0.0	10.669328693934697	0.0	0.0	0.0	25.991044264552954	0.0	40.49361389896351	0.0	0.0	0.0	0.0	0.0	0.0	0.0	0.0	0.0	45.646535566123	0.0	0.0	0.0	0.0	0.0	0.0	0.0	0.0	0.0	0.0	0.0
GSM4138110_HNSCC_1_PBMC_GTCTCGTCATGCGCAC	79.83943561398378	55.11717716509619	0.0	20.31352479119668	40.238801392573436	0.0	0.0	30.445997108500077	0.0	1.0040203715306044	2.0328176889949447	0.0	0.0	0.0	44.117571839633605	0.0	0.0	0.0	0.0	0.0	0.0	0.0	0.0	0.0	24.15571233298216	0.0	0.0	0.0	0.0	0.0	0.0
GSM4138110_HNSCC_1_PBMC_GTGAAGGCACATTTCT	98.18256418028668	24.929027899685888	31.60281246318097	27.73295014636395	0.0	0.0	0.0	0.0	0.0	32.04052726044816	53.19158908748707	0.0	0.0	0.0	0.0	0.0	50.546381728946756	0.0	0.0	0.0	0.0	0.0	0.0	0.0	0.0	0.0	0.0	0.0	48.270502300389026	0.0	0.0
GSM4138110_HNSCC_1_PBMC_GTGCAGCAGACCGGAT	116.38487526833907	0.0	117.35603458929322	8.018951401295794	86.12214502233844	15.777259606732592	0.0	39.875483812281225	0.0	0.0	4.30795084376842	0.0	0.0	0.0	56.879233607086135	0.0	0.0	0.0	0.0	0.0	0.0	0.0	0.0	0.0	0.0	0.0	0.0	0.0	0.0	0.0	0.0
GSM4138110_HNSCC_1_PBMC_GTTAAGCTCATACGGT	46.24224830496921	11.14420055195149	28.056147024721053	58.414942517755314	0.0	26.617428068568678	0.0	0.0	0.0	0.0	29.93489810427368	0.0	57.9387685601011	0.0	0.0	0.0	0.0	0.0	0.0	0.0	0.0	0.0	0.0	0.0	0.0	0.0	0.0	0.0	0.0	0.0	0.0
GSM4138110_HNSCC_1_PBMC_TAAACCGAGGGTCGAT	1.811657059229064	49.16055340760368	0.0	13.473315522123018	0.0	0.0	0.0	0.0	0.0	0.0	0.0	0.0	55.27538472644421	45.47221792753473	54.174405109986324	0.0	0.0	0.0	0.0	0.0	0.0	1.9307375619304135	0.0	0.0	0.0	43.411839183956005	0.0	0.0	0.0	0.0	0.0
GSM4138110_HNSCC_1_PBMC_TACCTTAAGGCTCTTA	0.0	0.0	75.28648304529105	28.53737573038139	50.43626088170666	55.689733567029606	0.0	0.0	68.42154373274339	0.0	0.0	0.0	0.0	68.83679247015279	0.0	0.0	0.0	0.0	0.0	0.0	0.0	0.0	0.0	0.0	0.0	0.0	0.0	0.0	0.0	0.0	0.0
GSM4138110_HNSCC_1_PBMC_TAGAGCTTCGTTGCCT	124.59439994660273	0.0	98.6911284260294	26.891656273436666	69.02826501035399	0.0	100.73265839709495	0.0	0.0	0.0	0.0	0.0	0.0	0.0	0.0	0.0	0.0	0.0	0.0	0.0	2.1548405134750257	101.95370212069055	0.0	0.0	0.0	0.0	0.0	0.0	0.0	0.0	0.0
GSM4138110_HNSCC_1_PBMC_TAGGCATTCCCAGGTG	27.948493419424167	0.0	45.0243554409489	18.179433670127526	0.0	0.0	27.505281273030647	28.119828061519907	0.0	0.0	0.0	0.0	0.0	0.0	0.0	0.0	0.0	0.0	0.0	0.0	0.0	0.0	0.0	0.0	0.0	0.0	94.56775078269864	0.0	0.0	0.0	0.0
GSM4138110_HNSCC_1_PBMC_TCACAAGCACATCCGG	20.050210706229635	66.47690843502164	14.787392443871354	34.79937384457512	0.0	0.0	0.0	0.0	20.524340954588624	0.0	0.0	0.0	0.0	35.68176089841911	0.0	0.0	68.66629785675532	0.0	0.0	0.0	0.0	0.0	27.434255901184205	0.0	0.0	35.06152877244388	0.0	0.0	0.0	0.0	0.0
GSM4138110_HNSCC_1_PBMC_TCAGCTCCATGACGGA	103.55339000053938	86.15341699973386	0.0	27.106452867237227	0.0	17.812693186569636	0.0	0.0	0.0	0.0	0.0	11.278185900211437	0.0	0.0	0.0	15.57534250775643	0.0	0.0	0.0	0.0	0.0	0.0	0.0	0.0	0.0	0.0	0.0	0.0	0.0	0.0	15.43260544427201
GSM4138110_HNSCC_1_PBMC_TCGAGGCTCCAGGGCT	64.4100792108581	30.81836911959025	9.744650679664257	10.007676713026255	0.0	0.0	0.0	0.0	0.0	0.0	0.0	36.963699517527864	0.0	0.0	37.99853035355059	0.0	0.0	0.0	57.56522309828721	0.0	0.0	0.0	0.0	0.0	0.0	0.0	0.0	0.0	0.0	0.0	0.0
GSM4138110_HNSCC_1_PBMC_TCTATTGCAGTCAGCC	86.79409115859882	78.19790324602617	0.0	14.479198342570697	0.0	0.0	0.0	0.0	15.408302917453192	0.0	0.0	0.0	61.86551273941285	0.0	23.316589234523796	0.0	0.0	0.0	0.0	0.0	0.0	0.0	0.0	0.0	0.0	55.52499974394896	0.0	0.0	0.0	0.0	0.0
GSM4138110_HNSCC_1_PBMC_TCTCTAAGTGGTAACG	104.63064103352458	69.11715110336209	0.0	25.227003138290243	0.0	0.0	52.88210266565304	0.0	22.333848140517077	0.0	0.0	0.0	126.99687547909791	0.0	0.0	0.0	0.0	0.0	0.0	0.0	0.0	55.260224680931266	0.0	0.0	0.0	0.0	0.0	0.0	0.0	0.0	0.0
GSM4138110_HNSCC_1_PBMC_TCTGAGATCTAGCACA	56.50764866982008	0.0	28.3562125434226	20.778841121262367	0.0	0.0	30.56134550151499	0.0	0.0	0.0	0.0	0.0	0.0	0.0	0.0	0.0	0.0	0.0	36.60943305668792	0.0	0.0	0.0	0.0	53.544224759522834	0.0	16.26220581752787	0.0	0.0	0.0	0.0	0.0
GSM4138110_HNSCC_1_PBMC_TCTTTCCCACTGAAGG	101.03897555992012	93.3288380051753	0.0	21.13221237095687	0.0	0.0	0.0	80.72613680181036	0.0	0.0	0.0	0.0	0.0	0.0	75.01382967693861	0.0	0.0	0.0	0.0	0.0	0.0	0.0	0.0	105.67186440087781	0.0	0.0	0.0	0.0	0.0	0.0	0.0
GSM4138110_HNSCC_1_PBMC_TGACAACGTCATCCCT	65.92318041414826	89.67291789547578	48.573986283334214	16.421447361004773	0.0	0.0	86.11962852176981	0.0	0.0	0.0	0.0	49.50017494027075	0.0	0.0	0.0	0.0	0.0	33.8442118663688	3.8759104258600923	0.0	0.0	19.26334086718633	0.0	0.0	0.0	19.98701845561043	0.0	0.0	0.0	0.0	0.0
GSM4138110_HNSCC_1_PBMC_TGAGCCGAGATGAGAG	64.01177498593697	69.89201159661965	0.0	25.296485200579088	3.580422773639108	48.14827871494846	0.0	0.0	34.32884134705808	0.0	0.0	41.728149007999704	2.501490497313135	0.0	0.0	0.0	0.0	0.0	0.0	0.0	0.0	0.0	0.0	12.029094029852796	0.0	0.0	0.0	0.0	0.0	0.0	0.0
GSM4138110_HNSCC_1_PBMC_TGCGGGTTCTGATTCT	42.91911781529929	67.64617600172949	0.0	9.225077127079446	0.0	0.0	52.14632526362592	0.0	0.0	0.0	0.0	0.0	0.0	10.253348420391715	0.0	0.0	0.0	0.0	0.0	28.38979161521851	0.0	0.0	0.0	0.0	0.0	17.88117479395153	0.0	0.0	0.0	0.0	0.0
GSM4138110_HNSCC_1_PBMC_TGGCTGGGTTCCAACA	35.92500966598163	25.724963474918706	71.05512195986766	13.632814167384467	0.0	3.2048062481979747	46.591655384707416	14.238997147148254	0.0	17.412180167961537	0.0	23.92206103232222	0.0	0.0	0.0	0.0	0.0	0.0	0.0	0.0	0.0	27.006202967997844	0.0	0.5477513260379894	0.0	0.0	0.0	42.37071715835386	0.0	13.157900238264219	0.0
GSM4138110_HNSCC_1_PBMC_TGTATTCGTGGCTCCA	122.7076297648555	8.165067331568629	59.75008437459132	17.868913709716065	87.38001530070603	72.32055523935738	0.0	0.0	30.927057543689376	0.0	0.0	0.0	0.0	0.0	13.71628382924624	0.0	62.45785608885075	0.0	0.0	0.0	0.0	9.037373047247385	0.0	0.0	0.0	0.0	0.0	0.0	0.0	0.0	0.0
GSM4138110_HNSCC_1_PBMC_TGTGGTAAGTATGACA	156.29360578904019	32.3048736239524	0.0	11.310340705342623	0.0	7.5971650123388335	0.0	0.0	0.0	35.05160720426411	0.0	0.0	0.0	0.0	0.0	0.0	0.0	0.0	39.055280806968376	54.75880460823237	0.0	0.0	0.0	0.0	0.0	0.0	0.0	0.0	0.0	0.0	0.0
GSM4138110_HNSCC_1_PBMC_TTCCCAGGTCACTGGC	74.59421367973822	57.374795817556105	0.0	33.13849783167798	47.876402719998374	0.0	0.0	44.01351114322421	0.0	12.022984850531778	0.0	0.0	0.0	0.0	0.0	0.0	0.0	0.0	0.0	0.0	0.0	0.0	0.0	0.0	0.0	0.0	0.0	0.0	0.0	0.0	0.0
GSM4138110_HNSCC_1_PBMC_TTCGGTCCACCTCGGA	67.23374793282932	0.0	30.694163825545182	8.8596039000133	0.0	4.453332786903813	0.0	0.0	54.44132930330124	0.0	0.0	0.0	12.891666444499018	0.0	0.0	0.0	0.0	0.0	0.0	0.0	0.0	0.0	0.0	29.891693528441465	0.0	21.067246194232027	0.0	0.0	0.0	0.0	0.0
GSM4138110_HNSCC_1_PBMC_TTCTACATCCTTCAAT	65.57959122998663	0.0	69.33622560355433	25.506371730897598	0.0	25.940300361371637	0.0	0.0	0.0	0.0	42.710216560986325	0.0	0.0	0.0	0.0	0.0	0.0	0.0	0.0	0.0	0.0	0.0	0.0	0.0	0.0	0.0	0.0	0.0	0.0	0.0	55.549080518146575
GSM4138110_HNSCC_1_PBMC_AAAGTAGTCGGCATCG	178.18469931053068	26.53906400984687	163.2791708048223	53.3026400394384	140.12203055500802	89.82133037417881	0.0	0.0	188.86520029884932	0.0	0.0	0.0	0.0	0.0	0.0	0.0	0.0	0.0	0.0	84.03927398119508	0.0	0.0	0.0	0.0	0.0	0.0	0.0	0.0	0.0	0.0	0.0
GSM4138110_HNSCC_1_PBMC_ACACTGATCGTACCGG	117.67055573317694	30.99059382053253	80.11949631069656	20.751193979916447	0.0	49.94703550794788	0.0	0.0	0.0	0.0	47.17702078050931	0.0	0.0	0.0	0.0	36.46193781186259	0.0	0.0	0.0	0.0	121.56681604454317	0.0	0.0	0.0	0.0	0.0	0.0	0.0	0.0	0.0	0.0
GSM4138110_HNSCC_1_PBMC_ACAGCTATCAGCACAT	189.82709223790204	34.91514358195421	104.72244502635799	41.9063090248388	216.41300144880714	0.0	0.0	0.0	0.0	0.0	3.398551741478998	0.0	0.0	0.0	0.0	133.89638399628473	0.0	0.0	0.0	0.0	0.0	64.39871475505831	0.0	0.0	0.0	0.0	0.0	0.0	0.0	0.0	0.0
GSM4138110_HNSCC_1_PBMC_ACTGAACGTTATTCTC	161.50023094455648	0.0	152.21059130985995	24.685610131562534	0.0	83.87738866382949	0.0	0.0	111.48852369423618	0.0	0.0	0.0	0.0	0.0	0.0	0.0	0.0	133.60187698354596	0.0	68.49200114259715	0.0	0.0	0.0	0.0	0.0	0.0	0.0	0.0	0.0	0.0	0.0
GSM4138110_HNSCC_1_PBMC_ACTGAGTTCAGGTAAA	127.44300948003563	126.93386456588111	9.903259977161603	28.942636664248443	0.0	0.0	0.0	0.0	0.0	0.0	0.0	0.0	0.0	0.0	97.28530687521699	0.0	0.0	0.0	0.0	166.17586435666246	0.0	0.0	72.23318199010421	0.0	0.0	0.0	0.0	0.0	0.0	0.0	0.0
GSM4138110_HNSCC_1_PBMC_ACTGCTCCAACCGCCA	159.5530357206961	108.27930691103971	10.0882332572329	26.91920751115655	135.4566639631942	64.38515552441966	0.0	0.0	0.0	0.0	95.3493979302016	0.0	0.0	0.0	0.0	0.0	0.0	0.0	0.0	0.0	0.0	0.0	0.0	0.0	0.0	0.0	0.0	0.0	0.0	0.0	0.0
GSM4138110_HNSCC_1_PBMC_ACTTACTAGTGGAGAA	166.0244890392487	0.0	243.4060322158647	58.158935908448804	138.0077868563777	91.71489133546903	0.0	0.0	0.0	0.0	174.6755341981679	7.33548975387422	0.0	0.0	0.0	0.0	0.0	0.0	0.0	75.23640354449915	0.0	0.0	0.0	0.0	0.0	0.0	0.0	0.0	0.0	0.0	6.8237531182659446
GSM4138110_HNSCC_1_PBMC_ACTTGTTCAGTTCATG	0.0	0.0	158.4641450525947	26.205543660736378	0.0	106.820991645397	0.0	0.0	0.0	0.0	203.12146106865006	0.0	0.0	240.27858668422394	0.0	0.0	0.0	194.5263657962321	0.0	0.0	0.0	0.0	0.0	84.54728429735322	0.0	0.0	0.0	0.0	0.0	0.0	0.0
GSM4138110_HNSCC_1_PBMC_AGAGTGGCAGGGATTG	149.2065089149821	0.0	114.88200780644047	57.60261929914907	112.99080867291059	95.43029162964287	0.0	0.0	0.0	0.0	5.452394763013615	0.0	0.0	0.0	119.9492042232209	0.0	0.0	0.0	0.0	0.0	0.0	0.0	0.0	0.0	0.0	0.0	0.0	0.0	0.0	0.0	0.0
GSM4138110_HNSCC_1_PBMC_AGATCTGGTGATAAGT	117.99791625227044	0.0	109.67397350849825	24.590102875750887	79.75738466794562	0.0	113.85696795576344	119.1531976430757	0.0	0.0	0.0	0.0	0.0	0.0	0.0	0.0	0.0	0.0	0.0	0.0	0.49947750045085804	0.0	0.0	0.0	0.0	0.0	0.0	0.0	0.0	0.0	0.0
GSM4138110_HNSCC_1_PBMC_AGATTGCGTATAGGGC	229.96311764387127	206.035976020074	0.0	34.27125905304266	0.0	0.0	171.4585490700731	0.0	0.0	0.0	0.0	0.0	0.0	0.0	0.0	0.0	179.4480634047589	0.0	0.0	0.0	0.0	62.056931875372115	0.0	0.0	0.0	0.0	0.0	0.0	0.0	0.0	0.0
GSM4138110_HNSCC_1_PBMC_AGCGGTCCATGCTGGC	113.1076537050267	0.0	153.48740697633323	32.640380433589065	93.92937098320087	83.11067613181343	0.0	0.0	0.0	0.0	245.6582334605642	0.0	0.0	0.0	0.0	0.0	0.0	0.0	0.0	0.0	0.0	0.0	0.0	0.0	0.0	0.0	0.0	0.0	0.0	0.0	0.0
GSM4138110_HNSCC_1_PBMC_AGGCCACTCAGCGATT	94.9829331014224	0.0	74.6554630600738	21.177820830380092	145.24172705898306	0.6861661964497089	88.08813028227327	65.280146241551	0.0	0.0	0.0	0.0	0.0	0.0	48.68601273337911	0.0	0.0	0.0	0.0	0.0	0.0	30.898301044391996	0.0	0.0	0.0	0.0	0.0	0.0	0.0	0.0	0.0
GSM4138110_HNSCC_1_PBMC_AGTAGTCCACAGTCGC	240.18106585590925	219.66255922073313	0.0	26.03507115492025	0.0	0.0	0.0	0.0	0.0	141.97473717658448	0.0	0.0	0.0	0.0	0.0	0.0	0.0	0.0	0.0	274.8097631210371	0.0	114.20827175408742	0.0	0.0	0.0	0.0	0.0	0.0	0.0	0.0	0.0
GSM4138110_HNSCC_1_PBMC_AGTGTCATCCCTAATT	175.15876864356085	46.97066718798806	109.801846990319	33.93801032380696	134.64578148754052	0.0	0.0	0.0	0.0	0.0	4.074254719612179	0.0	0.0	0.0	50.94732334048514	32.387335978158916	0.0	0.0	0.0	0.0	0.0	0.0	59.132281125659425	0.0	0.0	5.716091836095541	0.0	0.0	0.0	0.0	0.0
GSM4138110_HNSCC_1_PBMC_ATCCACCGTGGTTTCA	338.6058795910204	206.11668289914158	17.90971858333298	65.7224406985532	0.0	3.2545963642847866	0.0	204.27835348055385	218.15185600922308	0.0	0.0	0.0	0.0	0.0	0.0	0.0	0.0	377.2136461039378	0.0	0.0	0.0	0.0	0.0	0.0	0.0	0.0	0.0	0.0	0.0	0.0	0.0
GSM4138110_HNSCC_1_PBMC_ATCGAGTGTACTTAGC	260.3644826518457	74.2289622317286	91.14070225259684	40.37128983591467	0.0	92.10644112024994	0.0	0.0	163.51098146127535	7.45995355386648	0.0	0.0	0.0	0.0	0.0	0.0	0.0	0.0	0.0	214.27482548350005	0.0	0.0	0.0	0.0	0.0	0.0	0.0	0.0	0.0	0.0	0.0
GSM4138110_HNSCC_1_PBMC_CAACTAGTCTTGAGAC	109.79699914618617	91.95808841332402	38.033269550135024	29.755944989056474	158.18622543452776	0.24560826128740712	0.0	44.59772213835799	0.0	0.0	150.19462241279032	0.0	0.0	0.0	0.0	0.0	0.0	0.0	0.0	0.0	0.0	0.0	8.619344182044815	0.0	0.0	0.0	0.0	0.0	0.0	0.0	0.0
GSM4138110_HNSCC_1_PBMC_CAAGGCCTCTAGCACA	115.74774674701153	85.83097809825988	1.244231139125443	36.07633136552112	6.311648562657383	14.465917120471268	97.15062286350359	34.51810590051439	0.0	0.0	0.0	0.0	0.0	0.0	0.0	0.0	0.0	82.35042627765668	0.0	0.0	0.0	0.0	0.0	0.0	0.0	0.0	0.0	0.0	0.0	0.0	0.0
GSM4138110_HNSCC_1_PBMC_CACAAACAGGCTACGA	125.63665407476194	0.0	204.19630881456973	20.285273042013543	195.98812284890028	0.0	0.0	0.0	0.0	0.0	109.53595635991151	0.0	0.0	0.0	0.0	0.0	0.0	0.0	0.0	0.0	0.0	3.047027548637473	15.503294511403263	0.0	0.0	0.0	0.0	0.0	0.0	42.00754959570564	0.0
GSM4138110_HNSCC_1_PBMC_CACATTTTCATTGCGA	93.28913227478353	139.69617639271465	0.0	34.297910269441964	0.0	0.0	0.0	71.99228005240252	6.838481526320533	0.0	81.22298097988022	0.0	0.0	0.0	0.0	0.0	0.0	207.99906850925478	0.0	0.0	0.0	0.0	3.8340561382116327	0.0	0.0	0.0	0.0	0.0	0.0	0.0	0.0
GSM4138110_HNSCC_1_PBMC_CAGAGAGTCAGTTAGC	182.16151212726288	0.0	209.9357706358963	26.466761548498045	160.09087221373088	0.0	0.0	107.82995684473697	0.0	25.197062646240436	94.96009742512051	0.0	0.0	0.0	0.0	15.778293759251413	0.0	0.0	0.0	0.0	0.0	0.0	0.0	0.0	0.0	0.0	0.0	0.0	0.0	0.0	0.0
GSM4138110_HNSCC_1_PBMC_CAGCTGGGTCTCCACT	111.32149368555811	133.85182994051698	31.870218768425865	30.623371156996868	0.0	0.0	0.0	109.2900458846011	0.0	124.64733543547065	0.0	216.16346123755844	0.0	0.0	0.0	0.0	0.0	0.0	0.0	0.0	0.0	0.0	0.0	0.0	0.0	0.0	0.0	0.0	0.0	0.0	0.0
GSM4138110_HNSCC_1_PBMC_CAGCTGGGTGTTTGTG	97.57092280494219	31.962495989632455	44.96757263313938	20.158199612142766	60.050785243513836	23.287023647121803	0.0	0.0	119.47524647963833	0.0	0.0	0.0	0.0	0.0	0.0	0.0	0.0	56.404532580396996	0.0	0.0	8.934101012379271	0.0	34.82458083591182	0.0	0.0	0.0	0.0	0.0	0.0	0.0	0.0
GSM4138110_HNSCC_1_PBMC_CATATGGCAGGACGTA	128.32855613019768	0.0	228.52100571020952	12.583233790894178	145.2195989566505	3.7858756809303222	0.0	0.0	0.0	0.0	242.40669836914398	0.0	0.0	0.0	0.0	0.0	0.0	0.0	0.0	0.0	0.0	0.0	0.0	0.0	0.0	0.0	0.0	0.0	0.0	0.0	0.0
GSM4138110_HNSCC_1_PBMC_CATATTCTCCACGTTC	152.23965245475003	0.0	159.80719211763082	28.34948872510389	85.90537423594428	3.946089800176772	0.0	0.0	147.3030770917661	0.0	0.0	0.0	0.0	0.0	0.0	0.0	0.0	0.0	0.0	0.0	33.137217308237936	0.0	0.0	0.0	0.0	48.92424232346954	0.0	0.0	0.0	0.0	0.0
GSM4138110_HNSCC_1_PBMC_CCAATCCCACGACTCG	78.23398827118943	67.03460604586719	0.0	28.68363054370526	119.43191847149541	23.556850110955796	70.21173410446785	43.90853160258218	0.0	0.0	0.0	0.0	0.0	0.0	0.0	0.0	0.0	0.0	0.0	0.0	0.0	0.0	0.0	0.0	0.0	0.0	0.0	0.0	0.0	0.0	0.0
GSM4138110_HNSCC_1_PBMC_CCTACCAGTCGGCTCA	154.21786347219245	143.27052402048182	0.0	43.61098232346649	0.0	88.95552134741307	56.84809440703371	42.75130273083626	0.0	0.0	64.96880636775579	206.75459974608367	0.0	0.0	0.0	0.0	0.0	0.0	0.0	0.0	0.0	0.0	0.0	0.0	0.0	0.0	0.0	0.0	0.0	0.0	0.0
GSM4138110_HNSCC_1_PBMC_CGAACATCAAGTTAAG	190.79901320341756	15.433251756274965	150.3673660793837	64.34526563781453	0.0	122.13896379090674	164.11066973284787	0.0	0.0	0.0	0.0	0.0	0.0	0.0	0.0	0.0	0.0	0.0	0.0	0.0	0.0	0.0	0.0	0.0	0.0	0.0	164.47961915154397	0.0	0.0	0.0	0.0
GSM4138110_HNSCC_1_PBMC_CGACCTTCATTACGAC	46.88995966764793	0.0	79.33658457188538	11.544223683179087	36.00512552212974	0.0	54.54646830952593	0.0	0.0	0.0	0.0	0.0	0.0	0.0	0.0	0.0	0.0	0.0	0.0	0.0	54.770372556555095	0.0	29.07202483225903	0.0	0.0	38.770278224807406	0.0	0.0	0.0	0.0	0.0
GSM4138110_HNSCC_1_PBMC_CGAGCACCATATACGC	184.9300571427841	194.54702751926308	0.0	73.4332461130518	0.0	0.0	0.0	0.0	0.0	0.0	0.0	0.0	0.0	0.0	214.4301516121998	0.0	0.0	0.0	85.75268142624871	0.0	0.0	0.0	0.0	0.0	0.0	0.0	0.0	237.25763429704517	0.0	0.0	0.0
GSM4138110_HNSCC_1_PBMC_CGATCGGCAACGATCT	119.2552832948163	0.0	161.24379602345866	41.69109484903971	158.74310760900465	0.0	0.0	65.9857688035195	0.0	0.0	117.84836583015353	0.0	0.0	0.0	3.5332746443733885	0.0	21.945615491395625	0.0	0.0	0.0	0.0	0.0	0.0	0.0	0.0	0.0	0.0	0.0	0.0	0.0	0.0
GSM4138110_HNSCC_1_PBMC_CGATCGGGTTTGGGCC	146.3375209292484	119.82346144827335	7.050173808889098	45.19902263136115	0.0	0.0	0.0	0.0	142.5902589279907	0.0	0.0	0.0	0.0	0.0	0.0	0.0	0.0	0.0	0.0	190.83608692011808	0.0	0.0	26.562261551009687	0.0	0.0	0.0	0.0	0.0	0.0	16.731061262862617	0.0
GSM4138110_HNSCC_1_PBMC_CGCTATCCACCGAATT	180.7300735408393	103.78690873557143	83.01234165125449	52.09112111881517	0.0	0.0	0.0	89.3410233091094	0.0	118.36800450484557	84.93687940077166	0.0	0.0	0.0	0.0	0.0	177.6362424389234	0.0	0.0	0.0	0.0	0.0	0.0	0.0	0.0	0.0	0.0	0.0	0.0	0.0	0.0
GSM4138110_HNSCC_1_PBMC_CGGAGCTGTCGAACAG	172.18988527018644	146.41903641846326	39.79238219132755	27.115601335234864	11.116776004129695	103.62749767029409	133.93289588364175	0.0	0.0	0.0	0.0	206.34656020184858	0.0	0.0	0.0	0.0	0.0	0.0	0.0	0.0	0.0	0.0	0.0	0.0	0.0	0.0	0.0	3.6968867416368787	0.0	0.0	0.0
GSM4138110_HNSCC_1_PBMC_CGTTCTGGTCTAAACC	177.2565129474078	73.25365830550554	79.84469978922503	26.687364304349295	201.73779697467745	0.0	0.0	0.0	0.0	0.0	119.73027283337473	0.0	0.0	0.0	0.0	0.0	0.0	0.0	0.0	0.0	0.0	91.01718246469169	0.0	0.0	0.0	0.0	0.0	0.0	0.0	0.0	0.0
GSM4138110_HNSCC_1_PBMC_CGTTGGGGTGTGTGCC	78.73625320995897	44.48562196049391	57.644928658991624	55.63373994742223	0.0	43.303026572092946	0.0	0.0	0.0	0.0	0.0	0.0	0.0	0.0	107.61976691825818	0.0	101.06263153616929	0.0	7.458548803121309	0.0	0.0	0.0	0.0	0.0	0.0	0.0	0.0	0.0	0.0	0.0	0.0
GSM4138110_HNSCC_1_PBMC_CTAATGGCACACATGT	138.54428375050418	0.0	183.396687296919	45.1597170849052	161.58085621791918	0.0	0.0	60.0661744592499	0.0	79.27314358799258	31.22379912634834	0.0	0.0	0.0	0.0	0.0	0.0	0.0	0.0	0.0	0.0	0.0	0.0	0.0	0.0	0.0	0.0	0.0	0.0	0.0	0.0
GSM4138110_HNSCC_1_PBMC_CTACCCAGTTACCGAT	136.98564191449003	30.17812247578561	120.92076417077087	25.072327301851463	224.0505692043447	62.220811532025344	61.486620136997075	0.0	0.0	17.359754038446976	72.23961671843192	0.0	0.0	0.0	0.0	0.0	0.0	0.0	0.0	0.0	0.0	0.0	18.100731596597367	0.0	0.0	0.0	0.0	0.0	0.0	0.0	0.0
GSM4138110_HNSCC_1_PBMC_CTAGAGTCATCGGACC	113.57044983316908	147.3362241886821	0.0	13.417012611435599	214.1496054264394	84.94494955992538	0.0	0.0	0.0	0.0	0.0	5.702994223834245	0.0	0.0	0.0	84.15449546493785	0.0	0.0	0.0	0.0	0.0	0.0	0.0	0.0	0.0	0.0	0.0	0.0	0.0	0.0	0.0
GSM4138110_HNSCC_1_PBMC_CTCTGGTGTGTTCGAT	135.80968201207878	90.26351103809235	42.66980325978802	43.954090135964414	125.32254117116442	45.48935369542903	0.0	13.651551768195358	0.0	149.51823770406736	0.0	0.0	0.0	0.0	0.0	0.0	0.0	0.0	0.0	0.0	0.0	0.0	0.0	0.0	0.0	0.0	0.0	0.0	0.0	0.0	0.0
GSM4138110_HNSCC_1_PBMC_CTGATAGCATCAGTCA	99.99984926613216	9.624985658072825	113.15636102199177	68.79286909503601	39.482907372819184	73.21911360494282	11.355579531251136	1.8172789238046634	0.0	0.0	64.05442026071405	123.41503815063652	0.0	0.0	0.0	5.622650360818529	0.0	0.0	0.0	0.0	0.0	0.0	0.0	0.0	0.0	0.0	0.0	0.0	0.0	0.0	0.0
GSM4138110_HNSCC_1_PBMC_CTGTTTACAATGTAAG	151.52011801029107	120.41906028808636	49.55802860881065	24.306794443393265	0.0	84.97115356947471	4.188381807606713	0.0	43.330080368851455	0.0	14.077022649466747	0.0	0.0	0.0	78.53007041264846	0.0	0.0	0.0	0.0	0.0	0.0	0.0	0.0	0.0	0.0	0.0	0.0	213.5799944630627	0.0	0.0	0.0
GSM4138110_HNSCC_1_PBMC_GAACCTATCTCTGTCG	82.61682904771183	53.45909846612126	0.0	30.293622017887404	82.67366497894312	42.67181368192924	0.0	0.0	0.0	0.0	73.17713835077025	0.0	0.0	0.0	0.0	0.0	0.0	0.0	26.355330650023053	0.0	0.0	0.0	0.0	0.0	0.0	0.0	0.0	0.0	0.0	0.0	0.0
GSM4138110_HNSCC_1_PBMC_GATCGCGTCAGGCGAA	79.0873257736636	97.0224097054292	13.546019551517853	22.992464804928517	124.08543658344334	49.09575656824932	0.0	0.0	43.99986676638556	0.0	0.0	0.0	0.0	0.0	61.55781455128525	0.0	0.0	0.0	0.0	0.0	0.0	0.0	0.0	0.0	0.0	0.0	0.0	0.0	0.0	0.0	0.0
GSM4138110_HNSCC_1_PBMC_GATCTAGCATACAGCT	131.71887828801104	106.39795171457125	7.4820987755779935	69.79929446965048	189.4718705671819	0.0	41.04105925977056	0.0	74.00469451376753	0.0	0.0	0.0	0.0	0.0	0.0	0.0	0.0	0.0	0.0	1.5755728570492826	0.0	0.0	125.40495937328623	0.0	0.0	0.0	0.0	0.0	0.0	0.0	0.0
GSM4138110_HNSCC_1_PBMC_GATGAAAGTAGAAGGA	74.81730846954618	25.196491239256925	83.3968749930824	6.9050543355430625	0.0	25.1589515539988	0.0	0.0	0.0	80.70663553122358	0.0	84.63109914130848	0.0	0.0	0.0	0.0	0.0	0.0	0.0	0.0	0.0	0.0	0.0	0.0	0.0	0.0	0.0	0.0	0.0	0.0	0.0
GSM4138110_HNSCC_1_PBMC_GATGAAAGTCACCCAG	238.18516551187133	120.67237464338082	50.5079731398025	19.02643293820237	223.934167786581	72.66106257672443	0.0	0.0	0.0	0.0	120.92059840705515	0.0	26.616391705174873	0.0	0.0	0.0	0.0	0.0	0.0	0.0	0.0	0.0	0.0	0.0	0.0	0.0	0.0	0.0	0.0	0.0	0.0
GSM4138110_HNSCC_1_PBMC_GCATACACATCTGGTA	0.0	194.3731207916258	0.0	26.469428028729634	0.0	0.0	206.49553861735492	0.0	0.0	0.0	0.0	0.0	0.0	215.63020695836013	0.0	0.0	0.0	0.0	0.0	0.0	0.0	0.0	0.0	101.76883768015267	0.0	158.65918316672054	0.0	172.14856603287862	0.0	0.0	0.0
GSM4138110_HNSCC_1_PBMC_GCGAGAATCGCACTCT	270.42656344912336	111.9827674946777	69.2066165849591	56.142626107041515	0.0	0.0	0.0	0.0	0.0	138.95820816632886	0.0	0.0	0.0	0.0	0.0	0.0	0.0	0.0	0.0	246.53181930847015	0.0	71.87335983475357	0.0	0.0	0.0	0.0	0.0	0.0	0.0	20.798343827516323	0.0
GSM4138110_HNSCC_1_PBMC_GCGCGATAGGAGCGTT	63.34112526288199	16.01603049525042	39.977610826734406	21.595738117910305	0.0	49.8596719869365	0.0	0.0	0.0	0.0	70.91483887253648	0.0	0.0	0.0	0.0	0.0	0.0	0.0	0.0	0.0	143.2093787888851	0.0	0.0	0.0	0.0	0.0	0.0	0.0	0.0	0.0	0.0
GSM4138110_HNSCC_1_PBMC_GCTCTGTTCAGTTTGG	46.80228950815364	86.57297595746127	14.126331841137576	12.127807688669703	135.15129835545252	42.464567289081934	0.0	11.58057532607787	0.0	0.0	89.3379975983261	0.0	0.0	0.0	0.0	0.0	0.0	0.0	0.0	0.0	0.0	0.0	0.0	0.0	0.0	0.0	0.0	0.0	0.0	0.0	0.0
GSM4138110_HNSCC_1_PBMC_GCTGCGAGTCTAGTCA	176.5314920244615	123.14313365625638	0.0	28.55827861107441	111.04210883328768	0.0	0.0	117.70546621299363	56.1830785144213	0.0	0.0	0.0	0.0	0.0	0.0	0.0	0.0	0.0	0.0	0.0	62.40703360718515	0.0	0.0	0.0	0.0	0.0	0.0	0.0	0.0	0.0	0.0
GSM4138110_HNSCC_1_PBMC_GGCTCGATCAGGCGAA	79.02921883409563	84.66943954146068	0.0	14.271657586410925	152.63900112500625	54.91896509836447	91.12363905195622	0.0	0.0	0.0	0.0	0.0	0.0	0.0	0.0	0.0	0.0	0.0	0.0	0.0	0.0	0.0	0.0	0.0	0.0	0.0	0.0	0.0	0.0	0.0	0.0
GSM4138110_HNSCC_1_PBMC_GGGAATGTCTTCCTTC	0.0	0.0	0.0	0.0	0.0	0.0	0.0	0.0	0.0	0.0	0.0	250.44591266318517	0.0	0.0	0.0	0.0	0.0	3028.2207578896628	0.0	0.0	0.0	0.0	0.0	0.0	0.0	0.0	0.0	116.08825234889281	0.0	0.0	0.0
GSM4138110_HNSCC_1_PBMC_GGGCACTTCGTAGGTT	124.07240065815286	110.38390506570308	42.67586649183756	35.08585498664111	189.59775551754365	0.0	0.0	84.07821484966377	0.0	84.86663991404154	0.0	0.0	0.0	0.0	0.0	0.0	0.0	0.0	0.0	0.0	0.0	0.0	0.0	0.0	0.0	0.0	0.0	0.0	0.0	0.0	0.0
GSM4138110_HNSCC_1_PBMC_GTAGGCCAGTACTTGC	162.02693081422746	118.5035987917768	0.0	33.20374573145382	0.0	45.0407889423152	107.57350863702482	0.0	0.0	0.0	0.0	0.0	0.0	0.0	0.0	0.0	0.0	0.0	0.0	0.0	182.08006933807658	0.0	0.0	0.0	0.0	0.0	0.0	0.0	0.0	0.0	0.0
GSM4138110_HNSCC_1_PBMC_GTCACAATCTATCGCC	146.33697658217622	0.0	209.23802617512507	52.875178688492895	178.3493277127106	0.0	95.53083035820565	61.446398634149844	58.63024611204535	8.944438326293346	0.0	0.0	0.0	0.0	0.0	0.0	0.0	0.0	0.0	0.0	0.0	0.0	0.0	0.0	0.0	0.0	0.0	0.0	0.0	0.0	0.0
GSM4138110_HNSCC_1_PBMC_GTCTCGTAGTAGCGGT	112.37617793270475	39.05165779517298	78.28722775266742	48.943648908441745	84.78049437508474	60.47265236571694	0.0	0.0	10.986553812363923	0.0	0.0	0.0	0.0	0.0	101.65066832341617	0.0	0.0	5.909240034793609	0.0	0.0	0.0	0.0	0.0	0.0	0.0	0.0	27.89997488590049	0.0	0.0	0.0	0.0
GSM4138110_HNSCC_1_PBMC_GTGCAGCTCTGTCTAT	199.5574668728769	204.7340347139706	0.0	38.14616814799578	0.0	0.0	0.0	0.0	145.8311300706081	0.0	0.0	0.0	331.8297423242816	0.0	0.0	0.0	0.0	0.0	0.0	0.0	0.0	0.0	122.02389603462964	0.0	0.0	16.703241213926542	0.0	0.0	0.0	0.0	0.0
GSM4138110_HNSCC_1_PBMC_GTGCATAGTACGCTGC	132.94137463343878	30.066286480937094	119.61412742628916	24.295968863769293	0.0	90.89619410380867	0.0	0.0	0.0	3.9263692608665326	0.0	165.71981845099842	0.0	0.0	0.0	88.98254645835613	0.0	0.0	0.0	0.0	0.0	0.0	0.0	0.0	0.0	0.0	0.0	0.0	0.0	0.0	0.0
GSM4138110_HNSCC_1_PBMC_GTGCTTCAGTACGATA	106.78117272570177	141.16159798956704	0.0	25.805244668519475	163.11751253250995	47.5882440851917	0.0	0.0	0.0	121.61753201538033	0.0	0.0	0.0	0.0	0.0	0.0	0.0	0.0	0.0	0.0	0.0	0.0	0.0	0.0	0.0	0.0	0.0	0.0	0.0	0.0	0.0
GSM4138110_HNSCC_1_PBMC_TACAGTGCAATGACCT	122.7869414663544	33.80882935915094	47.38537634871865	21.940320004683766	116.6968782224302	0.0	0.0	0.0	0.0	0.0	0.0	0.0	0.0	0.0	0.0	109.11293987949595	0.0	0.0	0.0	0.0	0.0	0.0	101.01958996794495	0.0	0.0	0.0	0.0	0.0	0.0	0.0	0.0
GSM4138110_HNSCC_1_PBMC_TACTCATAGATCACGG	156.4785101177425	0.0	143.45255125271456	21.542227891318213	0.0	119.41806163375847	0.0	0.0	37.441257453812604	0.0	0.0	0.0	0.0	0.0	86.59298875111257	0.0	0.0	0.0	0.0	0.0	0.0	0.0	0.0	91.17776670464536	0.0	0.0	0.0	128.71756019473517	0.0	0.0	0.0
GSM4138110_HNSCC_1_PBMC_TACTCGCGTAAGGATT	136.33874341128438	134.3789826502821	20.83717623575087	31.65188618451222	183.0261303370611	0.0	105.39269603940427	124.46043008194448	0.0	0.0	0.0	0.0	0.0	0.0	0.0	0.0	0.0	0.0	0.0	0.0	0.0	0.0	0.0	0.0	0.0	0.0	0.0	0.0	0.0	0.0	0.0
GSM4138110_HNSCC_1_PBMC_TACTTGTCAAGTTAAG	151.90199540228025	157.44230700387178	0.0	22.52768840167496	227.5263258222377	54.49305911351213	0.0	65.24848334236694	0.0	0.0	63.341461966551456	0.0	0.0	0.0	0.0	86.40798777759966	0.0	0.0	0.0	0.0	0.0	0.0	0.0	0.0	0.0	0.0	0.0	0.0	0.0	0.0	0.0
GSM4138110_HNSCC_1_PBMC_TATCTCAAGGTGTGGT	82.08821208687903	44.10248326644365	51.96519881239953	14.938231715412666	148.0973133504445	0.0	0.0	0.0	101.12634853179688	0.0	0.0	0.0	0.0	0.0	0.0	0.0	0.0	0.0	0.0	0.0	0.0	0.0	54.89916822840258	0.0	0.0	0.0	0.0	0.0	0.0	0.0	0.0
GSM4138110_HNSCC_1_PBMC_TCAGCTCCACCCATTC	0.0	0.0	195.0041645005155	22.911445908046762	0.0	49.40174441204009	0.0	0.0	0.0	0.0	0.0	0.0	0.0	288.797372571997	175.46192061813133	0.0	0.0	0.0	78.42823311276626	0.0	0.0	0.0	0.0	0.0	14.985938814670183	0.0	0.0	0.0	0.0	0.0	163.07680969378163
GSM4138110_HNSCC_1_PBMC_TCGCGTTCAGCTGCTG	82.86286973619258	98.81408257513047	11.061687533473137	39.30477919174085	0.0	35.434505723916516	0.0	0.0	0.0	29.62924735025979	0.0	0.0	0.0	0.0	0.0	42.24434051701329	0.0	0.0	0.0	0.0	147.37951102916867	38.53495686883037	0.0	0.0	0.0	0.0	0.0	0.0	0.0	0.0	0.0
GSM4138110_HNSCC_1_PBMC_TCGGGACAGCTAGTTC	163.2520246936019	98.29851251492248	28.21928090352365	27.45167645250453	188.65853341227145	69.75522825388417	37.685534410472066	0.0	0.0	0.0	65.84824971032319	0.0	0.0	0.0	0.0	4.022403923889733	0.0	0.0	0.0	0.0	0.0	0.0	13.973366657620597	0.0	0.0	0.0	0.0	0.0	0.0	0.0	0.0
GSM4138110_HNSCC_1_PBMC_TCTTCGGAGTCATCCA	118.02601747653735	186.23346616345057	2.7233672685644943	30.947527905721106	0.0	72.84755011798323	120.8920269538286	0.0	0.0	0.0	0.0	0.0	0.0	0.0	0.0	0.0	0.0	0.0	0.0	174.1833501841526	0.0	0.0	0.0	0.0	0.0	0.0	0.0	0.0	0.0	0.0	0.0
GSM4138110_HNSCC_1_PBMC_TGAGAGGGTCCCTACT	114.59599166247581	156.51717734746418	0.0	56.943312889162335	0.0	0.0	156.30309515240057	0.0	0.0	102.95543990876376	0.0	0.0	0.0	48.65818427092824	0.0	33.84760560432246	0.0	0.0	0.0	2.047411878145664	0.0	63.83170511915588	0.0	48.164469803074795	0.0	0.0	0.0	207.77071772254857	0.0	0.0	0.0
GSM4138110_HNSCC_1_PBMC_TGATTTCGTTAAAGTG	194.39019553493316	183.57368689201942	20.29853933384234	46.60031593954223	212.89242018513357	0.0	0.0	0.0	0.0	0.0	130.60414585230166	0.0	0.0	0.0	0.0	0.0	0.0	0.0	105.05967639055474	0.0	0.0	0.0	0.0	0.0	0.0	0.0	0.0	0.0	0.34737032130030615	16.6440062190774	0.0
GSM4138110_HNSCC_1_PBMC_TGCCAAATCATGTCCC	134.08099028541392	203.69077776758633	0.0	20.66540640191005	70.17600679187595	0.0	101.28034089763801	89.49118458674752	0.0	38.86503460499931	0.0	0.0	0.0	0.0	0.0	0.0	0.0	0.0	0.0	0.0	84.35404573512874	0.0	0.0	0.0	0.0	0.0	0.0	0.0	0.0	0.0	0.0
GSM4138110_HNSCC_1_PBMC_TGTATTCAGAATGTTG	141.47035455736724	94.58365340308654	77.77756105535758	28.942076583136288	78.74002636891153	0.0	162.4414698423857	111.37141915779432	0.0	0.0	0.0	0.0	0.0	0.0	0.0	0.0	0.0	0.0	0.0	0.0	0.0	0.0	0.0	0.0	0.0	0.0	73.4017568682877	0.0	0.0	0.0	0.0
GSM4138110_HNSCC_1_PBMC_TGTCCCAGTTCAGGCC	59.28100226706765	0.0	140.999915588792	32.55546962895436	0.0	0.0	0.0	90.92006355173822	0.0	60.308190308744734	0.0	0.0	0.0	0.0	0.0	0.0	42.42987724517649	0.0	0.0	0.0	133.75955181813464	0.0	0.0	0.0	2.9976994006341067	0.0	0.0	0.0	0.0	0.0	0.0
GSM4138110_HNSCC_1_PBMC_TTGCCGTCAATAGCGG	140.26561887562002	0.0	191.25417391482353	34.52886216686798	0.0	65.47252883540907	0.0	0.0	23.94800339383435	2.9164879593458335	100.18627548213284	0.0	0.0	0.0	0.0	0.0	0.0	0.0	0.0	204.5610791562405	0.0	0.0	0.0	0.0	0.0	0.0	0.0	0.0	0.0	0.0	0.0
GSM4138110_HNSCC_1_PBMC_TTTATGCAGACTGGGT	99.04432573511927	10.895391218921603	99.46187509120796	27.021559624880712	131.90732884281712	0.0	9.085660501144888	0.0	0.0	58.803016457501045	9.671519089827589	0.0	0.0	0.0	0.0	9.755307972219363	0.0	0.0	0.0	0.0	0.0	0.0	66.04809152535019	0.0	0.0	0.0	0.0	0.0	0.0	0.0	0.0
GSM4138110_HNSCC_1_PBMC_AACGTTGAGTTTAGGA	131.33462855553998	12.538465777715063	51.89290767326392	24.619669875297262	0.0	29.98130441684137	0.0	0.0	68.57502580701126	0.0	10.968051930584096	0.0	102.28299968186003	0.0	0.0	0.0	0.0	0.0	0.0	0.0	0.0	33.2055945268894	0.0	0.0	0.0	0.0	0.0	0.0	0.0	0.0	0.0
GSM4138110_HNSCC_1_PBMC_AAGGCAGCAATCACAC	49.18905499971525	67.83713668078394	0.0	29.826679278057103	74.3774005917191	0.0	0.0	0.0	0.0	0.0	0.0	0.0	0.0	0.0	12.388184230176694	52.44465129284146	0.0	23.918625534374907	0.0	0.0	0.0	0.0	0.0	0.0	0.0	0.0	0.0	0.0	0.0	56.248709664814356	0.0
GSM4138110_HNSCC_1_PBMC_ACTGATGTCAATAAGG	35.250366906794724	66.38711360377556	0.0	27.900729013491905	0.0	25.314173933533265	0.0	0.0	0.0	0.0	0.0	0.0	0.0	70.59755633656695	40.62922653076557	0.0	0.0	0.0	9.115367244267876	40.74250305816022	0.0	0.0	0.0	0.0	0.0	0.0	0.0	0.0	0.0	0.0	0.0
GSM4138110_HNSCC_1_PBMC_AGCAGCCAGGCCCTCA	103.57986185842391	0.0	51.5196475784146	23.841715689555077	72.00187769501635	0.0	0.0	0.0	100.81230367404264	0.0	0.0	0.0	0.0	0.0	0.0	0.0	0.0	0.0	88.52902352333486	0.0	0.0	0.0	0.0	0.0	0.0	0.0	0.0	0.0	0.0	0.0	0.0
GSM4138110_HNSCC_1_PBMC_CATATTCCATATGAGA	115.46155284305657	104.28999598383196	0.0	25.836575112631728	0.0	0.0	0.0	81.82464190777061	0.0	0.0	0.0	0.0	0.0	0.0	67.3568673107684	0.0	0.0	0.0	0.0	0.0	0.7107688974281438	0.0	0.0	0.0	0.0	0.0	82.23396422559723	0.0	0.0	9.306289036003822	0.0
GSM4138110_HNSCC_1_PBMC_CCTCAGTCAACTGCGC	85.47239722336815	37.44663975547121	0.0	17.688484721450315	23.728097847369288	0.0	0.0	10.759996896323353	0.0	0.0	0.0	0.0	0.0	0.0	0.0	112.18722395858933	0.0	0.0	0.0	0.0	0.0	0.0	0.0	0.0	0.0	0.0	0.0	0.0	29.4076450706369	0.0	7.244154138183196
GSM4138110_HNSCC_1_PBMC_CGGTTAACACCTCGTT	53.096989788723725	48.680456945043716	0.6429103714659238	26.628974245261585	0.0	0.0	0.0	0.0	46.524036590305684	0.0	0.0	0.0	56.74474468531657	0.0	0.0	0.0	0.0	0.0	0.0	0.0	0.0	40.604776342703595	0.0	0.0	0.0	0.0	0.0	0.0	0.0	0.0	0.0
GSM4138110_HNSCC_1_PBMC_CGTGTAATCTCCAGGG	53.65420970202913	0.0	64.78252787076033	12.168837257500515	35.03069962940722	4.601853654287709	50.149638385607	0.0	0.0	0.0	0.0	0.0	0.0	0.0	0.0	0.0	0.0	0.0	0.0	0.0	0.0	0.0	0.0	0.0	0.0	20.650732849417764	0.0	0.0	0.0	0.0	0.0
GSM4138110_HNSCC_1_PBMC_CGTTGGGTCAGTGCAT	69.48288427288696	0.0	78.95258640218437	22.553142134621424	0.0	34.72952365670252	0.0	0.0	60.37378461671805	0.0	0.0	0.0	0.0	0.0	0.0	0.0	0.0	80.75974131531228	0.0	0.0	0.0	0.0	0.0	0.0	0.0	0.0	0.0	0.0	0.0	0.0	0.0
GSM4138110_HNSCC_1_PBMC_CTAGAGTAGCTATGCT	184.55233566358737	0.0	110.35452187794489	36.82053388616429	81.5427795882708	1.6764453048048864	0.0	52.90362419413097	0.0	20.11066552556299	0.0	0.33598208410953656	0.0	0.0	0.0	66.83479123630174	0.0	0.0	0.0	0.0	0.0	0.0	0.0	0.0	0.0	0.0	0.0	0.0	0.0	0.0	0.0
GSM4138110_HNSCC_1_PBMC_GCATACATCGTTACAG	76.36986571776757	0.0	72.6514354960873	26.173415214442098	33.399885702011446	43.740354690607155	0.0	0.0	0.0	46.6698334642065	0.0	0.0	0.0	0.0	0.0	0.0	4.28151367506393	0.0	0.0	0.0	0.0	0.0	0.0	0.0	0.0	0.0	0.0	0.0	0.0	0.0	0.0
GSM4138110_HNSCC_1_PBMC_AAACGGGCAGTATCTG	36.27457844508724	92.95974315806318	0.0	13.221716487124446	0.0	151.22289795741142	25.132686754165714	0.0	0.0	0.0	0.0	38.266421896498116	0.0	0.0	0.0	0.0	0.0	0.0	0.0	17.77547820836877	0.0	0.0	0.0	0.0	0.0	0.0	0.0	0.0	0.0	0.0	0.0
GSM4138110_HNSCC_1_PBMC_AAAGATGTCTGATTCT	61.71017264932542	0.0	78.29191092650599	26.03123026646524	94.49031347517985	0.0	0.0	0.0	0.0	0.0	48.43628989808372	0.0	0.0	0.0	58.45619057840132	0.0	0.0	0.0	0.0	0.0	0.0	5.036792628153895	31.620450716860418	0.0	0.0	0.0	0.0	0.0	0.0	0.0	0.0
GSM4138110_HNSCC_1_PBMC_AAAGTAGGTAGCGCTC	59.16860610675673	38.87587499829504	12.878144982424784	37.123536346010965	0.0	0.0	0.0	40.27566753667538	0.0	0.0	27.737048037262767	0.0	0.0	6.75548397180063	8.132390265784782	0.0	0.0	0.0	0.0	0.0	0.0	0.0	0.0	89.99908868879021	0.0	0.0	0.0	0.0	0.0	0.0	0.0
GSM4138110_HNSCC_1_PBMC_AACTCAGGTGGTCTCG	52.36393137893274	0.0	50.56567416578817	16.916298456162377	0.0	0.0	0.0	0.0	74.92829788327568	0.0	0.0	0.0	0.0	0.0	0.0	0.0	5.34965111714258	0.0	0.0	0.0	39.8060688957558	0.0	0.0	0.0	0.0	0.0	0.0	0.0	0.0	63.77345058106315	0.0
GSM4138110_HNSCC_1_PBMC_AACTCCCTCCAATGGT	99.11844621619474	122.46353158020018	0.0	18.653532337505098	0.0	27.722030789213303	102.37711256458672	35.72879981603212	0.0	0.0	0.0	0.0	0.0	0.0	0.0	0.0	64.20516019779552	0.0	0.0	0.0	0.0	0.0	0.0	0.0	19.677997524253744	0.0	0.0	0.0	0.0	0.0	0.0
GSM4138110_HNSCC_1_PBMC_AACTCTTAGTGGGTTG	58.04973845534056	79.89562193657255	0.0	20.923633939225958	0.0	0.0	0.0	0.0	0.0	57.91591614406586	0.0	0.0	0.0	11.12556870375124	0.0	15.06863680238381	0.0	0.0	0.0	0.0	0.0	55.71615252618034	0.0	0.0	0.0	0.0	0.0	75.36754819061699	0.0	0.0	0.0
GSM4138110_HNSCC_1_PBMC_AACTCTTGTCACACGC	40.55318145942657	0.0	40.788214893450125	19.568421232497492	0.0	28.066817014731217	0.0	11.446748013505642	51.26422172187207	0.0	0.0	0.0	5.330614306567323	0.0	0.0	0.0	0.0	54.1575955607157	0.0	0.0	0.0	0.0	0.0	0.0	0.0	0.0	0.0	0.0	0.0	0.0	0.0
GSM4138110_HNSCC_1_PBMC_AACTTTCAGAAGGTTT	78.98336728548392	0.0	70.1724329202918	56.947118931984875	0.0	16.45185534613111	0.0	35.56107302487992	0.0	0.0	0.0	0.0	39.88142990723486	28.37229176313356	58.65948713984344	0.0	23.95364016370606	0.0	0.0	0.0	0.0	0.0	0.0	0.0	0.0	0.0	0.0	0.0	0.0	0.0	0.0
GSM4138110_HNSCC_1_PBMC_AAGGAGCTCCTTTCGG	140.01697478161566	71.63416165255744	14.784628847337952	35.026655757631616	0.0	0.0	0.0	69.0957788075969	0.0	0.0	0.0	0.0	0.0	0.0	83.63839987345915	0.0	0.0	0.0	0.0	0.0	83.75331426410459	0.0	0.0	0.0	0.0	0.0	0.0	0.0	0.0	0.0	0.0
GSM4138110_HNSCC_1_PBMC_AATCCAGAGTGCTGCC	86.01854000995459	0.0	103.32896623811038	25.346740623978963	0.0	56.851579166301704	0.0	9.870109632116137	69.02919408203871	0.0	0.0	0.0	32.335055579400404	0.0	7.296070971615011	0.0	17.210669565642128	27.213587627240784	0.0	0.0	0.0	0.0	0.0	0.0	0.0	0.0	0.0	0.0	0.0	0.0	0.0
GSM4138110_HNSCC_1_PBMC_AATCGGTGTCTAGCCG	136.55212963783583	34.57809134462117	41.2680671525618	24.753455625126364	0.0	106.34339643717963	1.345126721906144	0.0	4.809950104992957	0.0	79.94361169142552	0.0	0.0	0.0	0.0	0.0	85.93586790208091	0.0	0.0	13.01673016720208	0.0	0.0	0.0	0.0	0.0	0.0	0.0	0.0	0.0	0.0	0.0
GSM4138110_HNSCC_1_PBMC_ACACCCTCATCTACGA	72.48078945888818	51.93341754808496	10.500504422637032	21.550897520210707	0.0	0.0	0.0	29.65104634064316	20.818277919457206	0.0	0.0	0.0	0.0	0.0	41.71725911215999	0.0	2.361332696385985	0.0	0.0	0.0	0.0	0.0	0.0	0.0	0.0	0.0	52.2876756437037	0.0	0.0	9.34327685727083	0.0
GSM4138110_HNSCC_1_PBMC_ACACCGGCACCATGTA	205.3263168657211	90.41816292526566	120.22788845654466	55.52088222906519	0.0	0.0	0.0	0.0	0.0	0.0	85.56839033890517	143.5877745545719	0.0	0.0	76.65898996295005	0.0	0.0	0.0	0.0	0.0	0.0	164.71649640161004	0.0	0.0	0.0	12.631632815864762	0.0	0.0	0.0	0.0	0.0
GSM4138110_HNSCC_1_PBMC_ACATCAGAGCGTTCCG	176.57463795848525	167.60066768730542	0.0	35.20452537859057	16.439292988680556	82.3859992669606	81.14875623692721	0.0	14.479609447228333	0.0	0.0	0.0	0.0	0.0	0.0	0.0	0.0	0.0	0.0	0.0	158.12031932303987	0.0	0.0	0.0	0.0	0.0	0.0	0.0	0.0	0.0	0.0
GSM4138110_HNSCC_1_PBMC_ACCCACTCAATGTAAG	51.04343726117426	56.578209856474274	0.0	25.183205493683083	0.0	0.0	0.0	13.9925014743035	0.0	0.0	47.73081324393781	54.502905435814256	0.0	0.0	0.0	0.0	0.0	0.0	0.0	0.0	0.0	0.0	0.0	0.0	0.0	0.0	0.0	0.0	0.0	0.0	0.0
GSM4138110_HNSCC_1_PBMC_ACCCACTGTAAGTGTA	86.87032968559474	104.19739312980573	0.0	29.924610619823657	0.0	0.0	43.86933206900746	55.612916321569294	0.0	0.0	0.0	0.0	77.58100030472069	0.0	0.0	0.0	0.0	0.0	0.0	0.0	0.0	0.0	0.0	0.0	0.0	0.0	0.0	0.0	0.0	3.5175387400398117	0.0
GSM4138110_HNSCC_1_PBMC_ACCTTTATCATAACCG	164.33701333805197	35.138694054277465	55.00046639013447	39.198949688844415	35.20767683881326	0.0	0.0	0.0	0.0	3.3863080983649128	0.0	0.0	0.0	0.0	0.0	72.72400825597538	0.0	76.46585194994044	0.0	0.0	0.0	0.0	16.756290141100074	0.0	0.0	5.242960347813323	0.0	0.0	0.0	36.68163790939244	0.0
GSM4138110_HNSCC_1_PBMC_ACGAGCCAGGTGTGGT	84.41200768777782	83.17408398988822	0.0	26.328789224691032	0.0	0.0	0.0	0.0	0.0	37.00829204877324	0.0	0.0	0.0	0.0	0.0	0.0	57.425759596203115	46.06115622680687	0.0	0.0	0.0	28.76027750534563	0.0	0.0	0.0	0.0	0.0	0.0	0.0	9.175561956802616	0.0
GSM4138110_HNSCC_1_PBMC_ACGATACCATATGAGA	37.234396658688084	0.0	43.591600795358744	15.142562274135175	46.227731382087434	0.0	0.0	32.07816385941414	0.0	0.0	55.24890317228879	0.0	0.0	59.90957212563963	0.0	0.0	0.0	0.0	0.0	0.0	0.0	0.0	0.0	0.0	0.0	0.0	0.0	0.0	0.0	0.0	0.0
GSM4138110_HNSCC_1_PBMC_ACGATACTCTGATTCT	39.09028362156624	36.13624243376998	0.0	18.16358526906627	0.0	0.0	15.4621431597697	0.0	0.0	0.0	54.15129278534062	44.43605754803345	0.0	0.0	0.0	0.0	0.0	1.6409492654673439	0.0	0.0	0.0	0.0	19.25627484850872	0.0	0.0	0.0	0.0	19.8043140628694	0.0	46.9801182521782	0.0
GSM4138110_HNSCC_1_PBMC_ACGATGTCAGGCAGTA	56.01240467385509	59.603613613805344	0.0	21.091537353873903	0.0	13.118594828454224	0.0	0.0	0.0	0.0	0.0	62.18723694674043	0.0	0.0	0.0	77.67436825151957	0.0	0.0	26.261588244728667	0.0	0.0	0.0	0.0	0.0	0.0	0.0	0.0	0.0	0.0	0.0	0.0
GSM4138110_HNSCC_1_PBMC_ACGCAGCGTAGAGCTG	0.0	52.304606052725546	0.0	17.811064616425192	0.0	26.294400667194274	23.685445221474748	0.0	0.0	0.0	0.0	0.0	0.0	44.84514714445517	0.0	47.938214578870344	0.0	0.0	0.0	0.0	43.59014679435164	0.0	0.0	0.0	0.0	0.0	0.0	0.0	0.0	0.0	0.0
GSM4138110_HNSCC_1_PBMC_ACGCCGAAGGTAGCTG	89.16305141740156	0.0	39.27230813836566	19.438659314582097	0.0	0.0	0.0	0.0	0.0	0.0	17.31431744879124	38.98211696973755	0.0	0.0	12.02128126834227	0.0	0.0	0.0	45.16758960294846	0.0	0.0	0.0	0.0	0.0	0.0	0.0	0.0	0.0	0.0	0.0	0.0
GSM4138110_HNSCC_1_PBMC_ACGGGCTGTGATAAAC	68.31542082958687	16.817343373524995	32.45598377329248	26.64472629401708	33.68140059218994	0.0	0.0	0.0	0.0	75.11875181080892	0.0	72.77122652321302	0.0	0.0	0.0	0.0	0.0	6.298071284224597	0.0	0.0	0.0	0.0	39.49878132338593	0.0	0.0	0.0	0.0	0.0	0.0	0.0	0.0
GSM4138110_HNSCC_1_PBMC_ACGTCAACATCACGAT	65.08909681359921	27.984794495266534	0.0	16.176136791812745	33.9035574138744	37.3138683954476	0.0	12.606978703441555	0.0	32.06388511180493	0.0	0.0	0.0	0.0	0.0	5.6774484148680235	0.0	0.0	0.0	0.0	0.0	0.0	0.0	0.0	0.0	0.0	0.0	0.0	0.0	0.0	0.0
GSM4138110_HNSCC_1_PBMC_ACTATCTAGGAATTAC	204.97394778296186	36.09454273168	98.61281676960094	28.20763269483336	0.0	72.70648145072323	0.0	0.0	0.0	0.0	86.97642737857402	96.07750807422437	0.0	0.0	48.38072026268298	0.0	0.0	0.0	0.0	0.0	0.0	0.0	0.0	0.0	0.0	0.0	0.0	0.0	0.0	0.0	0.0
GSM4138110_HNSCC_1_PBMC_ACTGATGTCGTTACGA	185.37231286449523	0.0	125.4313588661197	35.33064977250905	0.0	0.0	0.0	0.0	46.63595215757893	0.0	0.0	0.0	0.0	0.0	42.957632473667836	0.0	0.0	0.0	0.0	0.0	0.0	101.62816639644011	0.0	0.0	70.03477153573179	0.0	0.0	0.0	0.0	0.0	0.0
GSM4138110_HNSCC_1_PBMC_ACTTACTAGATAGGAG	101.2024423438932	0.0	101.66431667851236	13.436548325008935	49.378756735535006	66.20172740849866	45.00865433732399	0.0	0.0	0.0	0.0	16.71062701851751	0.0	0.0	0.0	0.0	0.0	0.0	0.0	0.0	0.0	0.0	0.0	0.0	0.0	0.0	0.0	0.0	0.0	0.0	0.0
GSM4138110_HNSCC_1_PBMC_ACTTGTTTCCACGACG	89.01584981852186	52.21573087361171	0.0	20.135430742098563	54.29831619828571	0.0	0.0	59.943482017861236	13.380738251367271	0.0	40.07514613279037	46.74243281630586	0.0	0.0	0.0	0.0	0.0	0.0	0.0	0.0	0.0	0.0	0.0	0.0	0.0	0.0	0.0	0.0	0.0	0.0	0.0
GSM4138110_HNSCC_1_PBMC_ACTTTCATCGTCACGG	117.74550086488844	6.013893304469415	36.31702355456665	34.8435467285885	42.053011696597665	35.2951916129641	0.0	0.0	0.0	0.0	0.0	0.0	0.0	0.0	67.2590446515777	0.0	0.0	0.0	0.0	0.0	0.0	0.0	0.0	0.0	0.0	0.0	0.0	0.0	0.0	0.0	0.0
GSM4138110_HNSCC_1_PBMC_AGATTGCTCATGCTCC	151.44499335579755	0.0	56.156042934881356	55.12484920174833	0.0	0.0	130.8120154474209	47.78751377679346	0.0	0.0	0.0	0.0	0.0	0.0	0.0	0.0	0.0	0.0	0.0	0.0	69.41721971847524	0.0	0.0	0.0	0.0	0.0	0.0	0.0	0.0	0.0	0.0
GSM4138110_HNSCC_1_PBMC_AGATTGCTCCTAGAAC	67.74800249610877	34.23519279623105	10.094692470351083	17.52744037782923	0.0	10.043362580516607	0.0	0.0	0.0	138.07122442909153	0.0	8.9612216156518	0.0	0.0	0.0	0.0	19.791576883143094	11.712923332205287	0.0	0.0	0.0	0.0	0.0	0.0	0.0	0.0	0.0	0.0	0.0	0.0	0.0
GSM4138110_HNSCC_1_PBMC_AGCAGCCTCACTCTTA	89.4595811749698	0.0	80.97157499089089	17.126841301506946	0.0	44.69611414948067	0.0	0.0	48.05255425236488	0.0	0.0	0.0	60.18648634519534	0.0	0.0	0.0	0.0	0.0	0.0	0.0	0.0	0.0	0.0	0.0	0.0	0.0	0.0	0.0	0.0	0.0	0.0
GSM4138110_HNSCC_1_PBMC_AGCCTAAAGCGTGAAC	0.0	110.5374550995599	5.522619437036569	32.74257845817498	0.0	0.0	0.0	0.0	0.0	0.0	0.0	0.0	107.52801371796532	157.4914957711627	0.0	105.08494501223416	0.0	0.0	0.0	0.0	0.0	0.0	0.0	0.0	0.0	0.0	0.0	0.0	63.55357818986864	0.0	0.0
GSM4138110_HNSCC_1_PBMC_AGCCTAAGTCTCATCC	0.0	28.016340155983865	10.840517278797412	6.903671359104466	94.67507144547224	0.0	20.325900737436335	25.053725976972466	0.0	0.0	0.0	0.0	0.0	59.73948502753161	0.0	0.0	0.0	0.0	0.0	0.0	11.056075347534774	0.0	0.0	0.0	0.0	0.0	0.0	0.0	0.0	0.0	0.0
GSM4138110_HNSCC_1_PBMC_AGCGTATAGCCAGTTT	93.63860558140931	49.25031642307353	6.229502703549499	22.598399009199028	0.0	42.40689498032407	103.9799194903211	7.017566985231264	0.0	0.0	0.0	51.03590095638416	19.671664862154476	0.0	0.0	0.0	0.0	0.0	0.0	0.0	0.0	0.0	0.0	0.0	0.0	0.0	0.0	0.0	0.0	0.0	0.0
GSM4138110_HNSCC_1_PBMC_AGCGTCGAGCGCTCCA	96.07249656670398	0.0	94.7541184401822	33.66413090964455	21.55291701750555	0.0	0.0	46.69625603225158	50.69915996744384	0.0	0.0	0.0	16.744849780480603	0.0	0.0	0.0	0.0	0.0	0.0	0.0	0.0	0.0	0.0	0.0	0.0	0.0	0.0	0.0	0.0	0.0	0.0
GSM4138110_HNSCC_1_PBMC_AGCTCCTGTATCACCA	190.81833010864025	0.0	121.50780498302099	38.009031851433384	107.3268736931999	62.59203241941242	0.0	0.0	0.0	0.0	0.0	0.0	0.0	0.0	159.65598140782163	0.0	0.0	0.0	0.0	0.0	0.0	0.0	0.0	0.0	0.0	0.0	0.0	0.0	0.0	0.0	0.0
GSM4138110_HNSCC_1_PBMC_AGCTCTCAGTCGTTTG	132.32110867859163	51.352873837766346	81.52727950990065	30.27961752755123	110.36892086306476	34.482383771242596	72.23420491692337	26.197455594959447	0.0	0.0	0.0	0.0	0.0	0.0	0.0	0.0	0.0	0.0	0.0	0.0	0.0	0.0	0.0	0.0	0.0	0.0	0.0	0.0	0.0	0.0	0.0
GSM4138110_HNSCC_1_PBMC_AGCTTGAAGACTGGGT	86.75883779029078	68.78777667941154	1.7697670791359459	63.41607117467862	52.58336682202278	0.0	0.0	46.8243043427428	0.0	0.0	0.0	0.0	0.0	0.0	69.73948351235627	0.0	0.0	0.0	0.0	0.0	0.0	0.0	0.0	0.0	0.0	0.0	0.0	0.0	0.0	0.0	19.74351202680387
GSM4138110_HNSCC_1_PBMC_AGGCCGTAGACTACAA	99.73413975687701	12.678777906765342	68.57474116211029	31.06117387500484	102.72511547155563	0.0	73.74024960253651	67.92605561295301	0.0	0.0	0.0	0.0	0.0	0.0	0.0	0.0	0.0	0.0	0.0	0.0	0.0	0.0	0.0	0.0	0.0	0.0	0.0	0.0	0.0	0.0	0.0
GSM4138110_HNSCC_1_PBMC_AGGGATGAGACCCACC	57.47152566706073	0.0	66.70766477900037	26.332969882677766	0.0	46.96187073828613	0.0	0.0	0.0	79.40582083976572	0.0	0.0	28.73300680786542	13.726889992715586	0.0	0.0	0.0	0.0	0.0	0.0	0.0	0.0	0.0	30.307589032898722	0.0	0.0	0.0	0.0	0.0	0.0	0.0
GSM4138110_HNSCC_1_PBMC_AGGGATGCATGTTCCC	152.4567731390581	67.82835073642968	14.882789105394922	51.65251064085735	0.0	0.0	0.0	0.0	85.79908545238209	0.0	0.0	0.0	0.0	0.0	0.0	0.0	0.0	0.0	0.0	0.0	0.0	0.0	52.233663342351576	86.42567017670983	0.0	0.0	0.0	0.0	0.0	0.0	0.0
GSM4138110_HNSCC_1_PBMC_AGTAGTCGTCAATGTC	49.74332064893155	55.123840545788696	0.0	29.784587345828637	56.16219915628522	13.609481366267433	0.0	44.62572580521684	0.0	39.2694776525927	0.0	0.0	0.0	0.0	0.0	26.066434164648484	0.0	0.0	0.0	0.0	0.0	0.0	0.0	0.0	0.0	0.0	0.0	0.0	0.0	0.0	0.0
GSM4138110_HNSCC_1_PBMC_AGTAGTCGTCCGAAGA	102.69992830068618	70.20790299009458	0.0	16.48735050623099	0.0	0.0	0.0	0.0	0.0	82.39503108941909	0.0	0.0	0.0	0.0	0.0	0.0	53.464646110080054	0.0	0.0	0.0	0.0	38.46766958546457	0.0	0.0	26.06701808195836	0.0	0.0	0.0	0.0	0.0	0.0
GSM4138110_HNSCC_1_PBMC_AGTGGGAAGGAGCGAG	165.16593463377177	129.24702235538135	0.0	57.571645379795285	0.0	0.0	0.0	57.99177210674862	0.0	0.0	0.0	0.0	0.0	0.0	0.0	102.20658324922469	0.0	0.0	0.0	0.0	0.0	66.40905472902551	0.0	0.0	0.0	0.0	0.0	121.37745044371528	0.0	0.0	0.0
GSM4138110_HNSCC_1_PBMC_AGTGTCAGTACCGGCT	56.1169889156136	0.0	64.44354163294255	33.029853007018254	0.0	0.0	0.0	0.0	0.0	16.57722258906026	149.63619710928674	0.0	81.88567154964274	0.0	0.0	0.0	0.0	0.0	0.0	0.0	0.0	0.0	0.0	0.0	52.941208507765715	0.0	0.0	0.0	15.937759389440716	0.0	0.0
GSM4138110_HNSCC_1_PBMC_ATAAGAGAGCTGATAA	78.052086413787	38.53706357141467	0.0	33.4771425767709	0.0	0.0	19.122282167636666	12.725223107760584	0.0	63.70236857418885	0.0	0.0	0.0	0.0	0.0	0.0	0.0	0.0	0.0	0.0	0.0	12.69310227285867	0.0	0.0	0.0	0.0	18.904984517657812	0.0	3.1266866336690686	0.0	0.0
GSM4138110_HNSCC_1_PBMC_ATCACGAGTCAAACTC	67.56520633401449	25.137328056555706	47.82919143687536	18.39326748943929	0.0	24.70942339576228	0.0	0.0	52.55002766857683	0.0	0.0	0.0	0.0	0.0	0.0	0.0	77.38175943496341	0.0	0.0	0.0	0.0	0.0	0.0	0.0	0.0	0.0	0.0	0.0	0.0	0.0	0.0
GSM4138110_HNSCC_1_PBMC_ATCATCTTCTGTGCAA	88.87894317485632	79.56874892496235	0.0	22.05978352654156	0.0	0.0	0.0	0.0	0.0	15.691722807000676	0.0	0.0	0.0	0.0	1.2741665354195526	32.66681330901149	0.0	0.0	57.02275580558948	0.0	0.0	0.0	0.0	0.0	0.0	0.0	47.18635684585906	0.0	0.0	0.0	0.0
GSM4138110_HNSCC_1_PBMC_ATCATGGGTCACTGGC	115.86627001912679	45.54896597612883	0.0	22.469685039785595	35.15935704501222	0.0	0.0	0.0	77.9024580245806	0.0	0.0	0.0	0.0	0.0	0.0	0.0	77.03427350200656	0.0	72.33890207077478	0.0	0.0	0.0	0.0	0.0	0.0	0.0	0.0	0.0	0.0	0.0	0.0
GSM4138110_HNSCC_1_PBMC_ATCTGCCCATACGCCG	74.3695242112009	42.11663474301566	0.17693615721713854	33.34237927091745	0.0	0.0	0.0	0.0	0.0	37.83698878259035	0.0	0.0	0.0	4.217656980936218	0.0	33.159892682164426	0.0	0.0	25.236598927380726	54.39157126585388	0.0	0.0	0.0	0.0	0.0	48.600077232546056	0.0	0.0	0.0	0.0	0.0
GSM4138110_HNSCC_1_PBMC_ATGAGGGAGTGTACGG	78.08520232839494	109.97026779289911	0.0	25.447250618757874	0.0	0.0	0.0	0.0	0.0	12.78399912070571	0.0	0.0	0.0	0.0	0.0	43.935720181224504	0.0	0.0	61.96464861885684	110.74236208867019	0.0	0.0	0.0	0.0	0.0	0.0	0.0	0.0	0.0	0.0	0.0
GSM4138110_HNSCC_1_PBMC_ATGGGAGAGACCCACC	165.02465465234835	224.95031466429697	0.0	41.31500369258927	0.0	129.47059611186643	92.44013537865469	0.0	0.0	0.0	0.0	0.0	0.0	0.0	0.0	0.0	54.753051023239074	0.0	0.0	0.0	111.7633862892725	20.759695972905458	0.0	0.0	0.0	0.0	0.0	0.0	0.0	0.0	0.0
GSM4138110_HNSCC_1_PBMC_ATGTGTGTCCAGTAGT	58.2843873977035	47.17058722940715	0.0	13.710973776570938	0.0	0.0	57.703512588220434	0.0	0.0	0.0	0.0	80.68452893273385	0.0	0.0	0.0	0.0	0.0	0.0	0.0	0.0	0.0	0.0	0.0	0.0	0.0	0.0	0.0	0.0	31.616128007762953	0.0	0.0
GSM4138110_HNSCC_1_PBMC_ATTATCCAGCGCCTTG	168.4368215464497	117.27562997112574	0.0	30.20829024219856	0.0	0.0	49.030676299550656	74.57372273840664	21.170602261413922	0.0	0.0	0.0	55.30185968246422	0.0	0.0	0.0	0.0	26.19482509337241	0.0	0.0	0.0	0.0	0.0	0.0	0.0	0.0	0.0	0.0	0.0	0.0	0.0
GSM4138110_HNSCC_1_PBMC_ATTCTACAGATGTCGG	101.8793441481971	99.8765759353949	0.0	21.29195480208428	0.0	0.0	58.80563211573315	58.68963726042775	0.0	3.6891075264764757	0.0	0.0	0.0	0.0	0.0	0.0	69.73342091557849	0.0	0.0	7.084912664546336	0.0	0.0	0.0	0.0	0.0	0.0	0.0	0.0	0.0	0.0	0.0
GSM4138110_HNSCC_1_PBMC_ATTGGACAGAAGGCCT	55.95486443322868	39.64642162755959	0.0	22.63722350553508	0.0	0.0	0.0	53.44867341923146	0.0	41.510806809055055	0.0	49.883259013794756	0.0	0.0	0.0	0.0	0.0	0.0	0.0	0.0	0.0	0.0	0.0	0.0	0.0	0.0	0.0	0.0	0.0	0.0	0.0
GSM4138110_HNSCC_1_PBMC_ATTGGTGCACAGGAGT	100.05679374565392	51.93187490631111	25.55115460943332	21.189658404943845	0.0	0.0	53.829889232137475	0.0	0.0	0.0	0.0	0.0	103.85428337817879	0.0	0.0	0.0	0.0	0.0	45.409585903266006	0.0	0.0	0.0	0.0	0.0	0.0	0.0	0.0	0.0	0.0	0.0	0.0
GSM4138110_HNSCC_1_PBMC_CAACCTCTCTAAGCCA	85.657142345949	0.0	31.835289933310868	26.59182965782135	0.0	0.0	39.776494515029974	62.99334169591693	0.0	0.0	0.0	0.0	0.0	0.0	0.0	0.0	0.0	46.71253662169702	0.0	0.0	0.0	0.0	0.0	0.0	0.0	0.0	0.0	0.0	0.0	0.0	0.0
GSM4138110_HNSCC_1_PBMC_CAACTAGGTGTCCTCT	89.79756161717106	0.0	72.8304504585754	16.260900913682274	0.0	0.0	0.0	67.45661762210864	0.09353380065517089	8.093951546083115	0.0	0.0	0.0	0.0	34.651253147279725	9.729897727447078	72.89805711036088	0.0	0.0	0.0	0.0	0.0	0.0	0.0	0.0	0.0	0.0	0.0	0.0	0.0	0.0
GSM4138110_HNSCC_1_PBMC_CAACTAGTCAAGATCC	30.922857432784674	49.53760101805165	0.0	17.622133619889542	0.0	0.0	0.0	34.85204003155185	62.97441863939634	0.0	0.0	0.0	80.21890995456167	45.79252051023357	0.0	0.0	0.0	0.0	0.0	0.0	0.0	0.0	0.0	0.0	0.0	0.0	0.0	0.0	0.0	0.0	0.0
GSM4138110_HNSCC_1_PBMC_CAAGAAATCACAAACC	86.51778548532002	32.25411714046353	11.101977042531914	12.923811243963208	0.0	44.54395626420716	0.0	0.0	42.26248617157326	0.0	0.0	0.0	47.82541097823339	0.0	0.0	0.0	0.0	0.0	0.0	0.0	0.0	0.2728879578997768	0.0	0.0	0.0	0.0	0.0	0.0	0.0	0.0	0.0
GSM4138110_HNSCC_1_PBMC_CAAGTTGCATGTTCCC	182.5065882766109	54.21987507511671	30.709349098986465	30.280844404810498	0.0	17.10832161497308	94.45901884995385	70.85820592345061	0.0	0.0	0.0	0.0	0.0	0.0	0.0	0.0	0.0	0.0	0.0	113.82288573900993	0.0	0.0	0.0	0.0	0.0	0.0	0.0	0.0	0.0	0.0	0.0
GSM4138110_HNSCC_1_PBMC_CACACTCTCAAGATCC	109.43983379600955	0.0	87.01334621534438	19.00582915659564	56.16479654305026	20.70806031364687	0.0	63.96808630795766	0.0	22.184413597016416	0.0	0.0	0.0	0.0	44.0288235751108	0.0	0.0	0.0	0.0	0.0	0.0	0.0	0.0	0.0	50.501493053092844	0.0	0.0	0.0	0.0	0.0	0.0
GSM4138110_HNSCC_1_PBMC_CACAGGCTCCGCGTTT	96.84383627310666	27.340616670479058	56.293591728620804	32.29324741209302	0.0	0.0	0.0	0.0	0.0	0.0	13.820005197838315	0.0	0.0	0.0	65.29945437642276	0.0	0.0	0.0	55.388075314157916	0.0	0.0	0.0	0.0	0.0	97.14417577124453	0.0	0.0	0.0	0.0	0.0	0.0
GSM4138110_HNSCC_1_PBMC_CACAGTAAGTTACCCA	98.79313343546495	63.17082380954728	0.0	23.582974973171364	0.0	0.0	65.6743968239397	30.89091565151136	0.0	24.6224607128916	0.0	0.0	0.0	0.0	0.0	0.0	0.0	0.0	19.613344085864437	0.0	0.0	0.0	0.0	0.0	106.22424793257476	0.0	0.0	0.0	0.0	0.0	0.0
GSM4138110_HNSCC_1_PBMC_CACATTTAGTAGCGGT	96.95756528771794	50.67784407538365	0.0	13.306140415547576	64.63727652597066	0.0	0.0	0.0	28.555420524970476	0.0	28.27859544050792	0.0	0.0	0.0	21.725868527336587	0.0	0.0	0.0	0.0	0.0	0.0	41.389817537915846	0.0	0.0	0.0	0.0	0.0	0.0	0.0	0.0	0.0
GSM4138110_HNSCC_1_PBMC_CACCACTTCCGCGGTA	63.97070674051798	49.192103633135154	13.062851835622526	53.124044084870754	0.0	0.0	0.0	0.0	0.0	0.0	40.43446334610964	0.0	0.0	0.0	0.0	0.0	0.0	0.0	14.65786243679899	0.0	51.952784708209755	0.0	0.0	0.0	0.0	16.981502095646793	0.0	0.0	0.0	0.0	0.0
GSM4138110_HNSCC_1_PBMC_CAGAGAGAGCCACTAT	63.54193326725605	35.118527046218325	7.6043905008329125	13.04685619118202	0.0	86.99093897798986	38.67535640382281	0.0	0.0	0.0	0.0	38.430948625421074	0.0	0.0	12.893646809949178	0.0	0.0	32.764913810220975	0.0	0.0	0.0	0.0	0.0	0.0	0.0	0.0	0.0	0.0	0.0	0.0	0.0
GSM4138110_HNSCC_1_PBMC_CAGCAGCGTGCAGTAG	18.552344260363018	75.67916635088172	0.0	14.415037816253937	0.0	0.0	0.0	0.0	0.0	0.0	0.0	0.0	36.51865305671682	16.01398989354088	0.0	38.742603205267	0.0	0.0	0.0	0.0	0.0	17.84029431275353	0.0	0.0	0.0	0.0	0.0	0.0	0.0	0.0	0.0
GSM4138110_HNSCC_1_PBMC_CAGCATAAGTACTTGC	56.996712325229396	74.55416803493705	0.0	21.100289096188988	0.0	0.0	0.0	55.67693990802572	0.0	0.0	0.0	0.0	81.7711281357023	0.0	0.0	19.173238466748888	0.0	0.0	0.0	0.0	0.0	0.0	0.0	0.0	0.0	0.0	0.0	0.0	0.0	30.53087862597835	0.0
GSM4138110_HNSCC_1_PBMC_CAGCATATCAGAGGTG	134.59677726540352	133.71207209593626	0.0	95.89632224524452	0.0	0.0	0.0	82.84898510901549	0.0	14.617261798314301	0.0	70.90275372471451	0.0	0.0	20.91345233283538	67.22270164375381	0.0	0.0	0.0	38.98562864004786	0.0	0.0	0.0	0.0	0.0	0.0	0.0	0.0	0.0	0.0	0.0
GSM4138110_HNSCC_1_PBMC_CAGCTAAGTTCCACGG	0.0	0.0	0.0	1379.9654844655918	0.0	0.0	0.0	0.0	0.0	0.0	0.0	0.0	0.0	0.0	0.0	0.0	0.0	0.0	0.0	0.0	0.0	0.0	0.0	0.0	0.0	0.0	0.0	0.0	0.0	0.0	0.0
GSM4138110_HNSCC_1_PBMC_CATCGAAGTACTTCTT	110.65863249601394	96.90881015852665	39.02575944063588	12.602008089427528	38.932240371898835	0.0	108.42321899885279	0.0	0.0	0.0	0.0	0.0	0.0	0.0	0.0	0.0	5.576282729609508	0.0	0.0	0.0	0.0	46.16622533435812	0.0	0.0	14.63245745059347	0.0	0.0	0.0	0.0	0.0	0.0
GSM4138110_HNSCC_1_PBMC_CATCGGGAGAGCTTCT	50.17356913655929	0.0	45.74966116324583	13.464062251135115	0.0	0.0	0.0	22.199752405293935	5.8253541523741434	0.0	13.22789504272639	0.0	0.0	0.0	0.0	0.0	0.0	9.716369747815078	0.0	3.3687257171240534	0.0	0.0	0.0	0.0	0.0	0.0	0.0	0.0	0.0	0.0	16.29970349165377
GSM4138110_HNSCC_1_PBMC_CATTATCTCGATCCCT	142.9232878485257	6.33373734181479	72.05936689981272	43.6230622380413	0.0	0.0	0.0	54.63246088254212	117.65685228309029	0.0	0.0	73.56852402088849	0.0	0.0	0.0	4.686464578528366	0.0	0.0	0.0	0.0	0.0	0.0	0.0	0.0	0.0	0.0	0.0	0.0	11.276493912022733	0.0	0.0
GSM4138110_HNSCC_1_PBMC_CATTCGCAGTGAAGAG	126.91544153908924	160.60086963862392	0.0	62.43138456457438	101.36440942634633	0.0	0.0	0.0	0.0	135.72522406876863	0.0	0.0	0.0	56.53885037267797	0.0	0.0	0.0	0.0	73.8600301193388	0.0	0.0	0.0	0.0	0.0	0.0	0.0	0.0	0.0	0.0	0.0	0.0
GSM4138110_HNSCC_1_PBMC_CCACGGACAGATGGGT	158.41116511387065	0.0	162.96628202994248	47.84108030292461	0.0	52.60468384500385	0.0	0.0	135.92593636795468	0.0	0.0	0.0	0.0	0.0	0.0	0.0	74.20652676361841	0.0	0.0	0.0	29.231652264752622	0.0	0.0	0.0	0.0	0.0	0.0	0.0	0.0	0.0	0.0
GSM4138110_HNSCC_1_PBMC_CCACTACAGGTTCCTA	65.83008725328907	0.0	102.70544103321265	27.92562496544595	66.98642486261829	0.0	0.0	0.0	0.0	0.0	17.56254439359972	0.0	0.0	0.0	60.22984818790052	0.0	0.0	0.0	0.0	0.0	0.0	48.19560491857039	0.0	0.0	0.0	11.896822636914642	0.0	0.0	0.0	0.0	0.0
GSM4138110_HNSCC_1_PBMC_CCCAGTTAGGCACATG	35.60096847084867	15.652668877549454	74.77630968832976	34.870630212006084	62.43663093045718	13.007495143478307	0.0	45.57093839451558	3.4104236656078117	0.0	33.93396531946227	0.0	0.0	0.0	0.0	0.0	0.0	0.0	0.0	0.0	0.0	0.0	0.0	0.0	0.0	0.0	0.0	0.0	0.0	0.0	0.0
GSM4138110_HNSCC_1_PBMC_CCCTCCTGTACAGCAG	88.05773466282373	0.0	99.4648206492597	37.098729292083405	0.0	0.0	30.62096828460658	0.0	0.0	0.8717990775359246	0.0	54.81085550900112	0.0	0.0	0.0	0.0	0.0	0.0	0.0	0.0	0.0	60.78040554036263	0.0	0.0	0.0	0.0	0.0	0.0	0.0	0.0	0.0
GSM4138110_HNSCC_1_PBMC_CCCTCCTTCCATGAAC	61.55369032913474	0.0	27.932387161277422	53.71299982891335	46.88357205039989	28.308077147313877	0.0	4.618822009265393	0.0	0.0	0.0	0.0	0.0	44.17179358265293	0.0	41.25778982700285	0.0	0.0	0.0	0.0	0.0	0.0	0.0	0.0	0.0	0.0	0.0	12.85983428580188	0.0	0.0	0.0
GSM4138110_HNSCC_1_PBMC_CCGTACTGTTCCAACA	0.0	0.0	91.36170444726764	30.700094929480148	77.29678572538809	98.42662560523932	0.0	0.0	0.0	96.67898025052241	0.0	0.0	0.0	149.00517115109184	0.0	0.0	0.0	0.0	0.0	0.0	0.0	0.0	0.0	0.0	0.0	0.0	0.0	0.0	0.0	0.0	0.0
GSM4138110_HNSCC_1_PBMC_CCGTACTTCCGATATG	100.07137897289988	0.0	32.01664123259645	17.560466880140616	0.0	0.0	29.89373423462571	42.16343183953024	0.0	0.0	0.0	0.0	42.8765841861514	0.0	0.0	0.0	0.0	0.0	0.0	0.0	0.0	0.0	0.0	0.0	0.0	0.0	0.0	0.0	0.0	0.0	0.0
GSM4138110_HNSCC_1_PBMC_CCGTGGAAGGAGTACC	68.59351222497072	0.0	77.49352244553148	21.896341349553847	0.0	0.0	0.0	48.896117471129664	57.08460510464491	0.0	0.0	0.0	61.57969595518954	0.0	0.0	0.0	0.0	0.0	0.0	0.0	0.0	0.0	0.0	0.0	0.0	0.0	0.0	0.0	0.0	0.0	0.0
GSM4138110_HNSCC_1_PBMC_CCTAAAGAGCGCCTCA	22.27627173563601	152.52684165191903	0.0	65.11407437135699	0.0	0.0	98.77896975936295	0.0	0.0	0.0	0.0	0.0	0.0	70.0130058145964	0.0	0.0	0.0	0.0	0.0	0.0	129.31206501506355	0.0	184.33240202731702	0.0	0.0	0.0	0.0	0.0	0.0	0.0	0.0
GSM4138110_HNSCC_1_PBMC_CCTACACCACAGGCCT	70.97868951285878	55.0828470888985	0.0	28.78074823235279	0.0	10.784525186766455	0.0	38.55742786738446	0.0	84.37868800792717	0.0	0.0	87.87265187615704	0.0	0.0	0.0	0.0	0.0	0.0	0.0	0.0	0.0	0.0	0.0	0.0	0.0	0.0	0.0	0.0	0.0	0.0
GSM4138110_HNSCC_1_PBMC_CCTATTACACAAGACG	102.72129634367134	114.80342732551252	0.0	21.06126940551406	0.0	18.16177581002442	18.93788074706549	16.985522851093407	0.0	0.0	94.6931292441322	0.0	150.72960107895628	0.0	0.0	0.0	0.0	0.0	44.97986155038369	0.0	0.0	0.0	0.0	0.0	0.0	0.0	0.0	0.0	0.0	0.0	0.0
GSM4138110_HNSCC_1_PBMC_CCTTACGAGAATAGGG	95.81195592324316	0.0	55.21911134283437	21.22842000709581	0.0	46.91754460750481	0.0	0.0	0.0	0.0	50.67748481174844	72.71485827311503	0.0	0.0	0.0	31.371525798798775	0.0	0.0	0.0	0.0	0.0	0.0	0.0	0.0	0.0	0.0	0.0	0.0	0.0	0.0	55.38361783076972
GSM4138110_HNSCC_1_PBMC_CGAACATGTCCAGTAT	65.49520569849805	41.986270200977806	0.0	36.2668357798719	0.0	0.0	0.0	0.0	0.0	0.0	0.0	56.4342536294296	0.0	2.305158104103313	0.0	46.79735757359899	0.0	0.0	0.0	0.0	0.0	47.41974541357005	0.0	0.0	0.0	0.0	0.0	0.0	0.0	0.0	0.0
GSM4138110_HNSCC_1_PBMC_CGATCGGCAACACCCG	61.29143298979895	0.0	68.60707638171922	8.944872297480906	40.8868358213793	0.0	0.0	0.0	0.0	0.0	0.0	0.0	0.0	0.0	33.954087486592385	0.0	0.0	0.0	7.618352428991408	0.0	0.0	1.842818421996321	0.0	0.0	0.0	4.271806982189013	0.0	0.0	0.0	0.0	0.0
GSM4138110_HNSCC_1_PBMC_CGATGTATCCTTTCGG	62.66471362834985	59.97548591595753	4.1112397645885475	38.746446872978325	59.57509655522257	0.0	0.0	0.0	0.0	0.0	0.0	0.0	0.0	0.0	54.94867876447924	0.0	0.0	0.0	0.0	0.0	0.0	0.0	0.0	0.0	0.0	0.0	0.0	0.0	50.306267309126596	0.0	0.0
GSM4138110_HNSCC_1_PBMC_CGCGGTAAGACACGAC	44.92039892326957	0.0	53.43628951950138	18.607585879641587	0.0	0.0	0.0	0.0	0.0	0.0	7.795235165593276	0.0	67.03200209964353	0.0	0.0	0.0	0.0	0.0	32.092281662304465	0.0	0.0	0.0	0.0	0.0	0.0	0.23531376261296336	0.0	0.0	0.0	0.0	0.0
GSM4138110_HNSCC_1_PBMC_CGCGGTATCAGTCCCT	66.09400872098875	84.84164321869822	0.0	24.310225214012714	20.504427429726285	7.44264090095118	0.0	0.0	0.0	50.296590468217005	0.0	0.0	0.0	0.0	0.0	0.0	0.0	0.0	36.54896461240277	0.0	0.0	0.0	0.0	0.0	0.0	0.0	0.0	0.0	0.0	0.0	35.24189844476609
GSM4138110_HNSCC_1_PBMC_CGCTATCAGGTAGCCA	112.4392024646097	92.00353098533571	0.0	22.6872678872903	0.0	0.0	37.832661211818575	0.0	60.32841866824393	0.0	0.0	0.0	0.0	0.0	0.0	0.0	0.0	0.0	0.0	0.0	0.0	0.0	17.58045635453565	0.0	0.0	74.28367960867583	135.27713190721525	0.0	0.0	0.0	0.0
GSM4138110_HNSCC_1_PBMC_CGCTTCACAGTACACT	82.84857419243771	71.2869347506137	0.8510940562561329	21.498993657728597	20.221871157354702	0.0	0.0	72.8380652074017	0.0	0.0	0.0	0.0	0.0	0.0	0.0	92.0552649361249	0.0	0.0	0.0	34.24604558834136	0.0	0.0	0.0	0.0	0.0	0.0	0.0	18.55606150415823	0.0	0.0	0.0
GSM4138110_HNSCC_1_PBMC_CGGAGCTCAGACGCAA	58.381981957239795	0.0	45.05615834860146	21.262935521184914	0.0	0.0	61.805049922677846	0.0	0.0	0.0	0.0	0.0	0.0	0.0	0.0	0.0	0.45448256712523544	0.0	0.0	0.0	0.0	0.0	0.0	0.0	54.09645988130357	32.26934319148153	0.0	0.0	0.0	0.0	0.0
GSM4138110_HNSCC_1_PBMC_CGGAGCTTCGCCTGAG	187.81122261549078	120.44193817926691	0.0	28.972104301905706	0.0	73.34618584036951	0.0	0.0	24.24847771195715	0.0	0.0	0.0	102.8874152804375	0.0	44.7113983799045	0.0	0.0	0.0	0.0	0.0	0.0	0.0	0.0	0.0	0.0	0.0	0.0	0.0	0.0	0.0	0.0
GSM4138110_HNSCC_1_PBMC_CGGCTAGTCACATAGC	148.91707916538277	50.705671785837694	126.10682031967661	41.40307710424184	44.083333623112104	0.0	0.0	12.145882616636785	74.45551275433465	0.0	0.0	0.0	38.88646003235591	0.0	0.0	0.0	0.0	25.907315594052218	0.0	0.0	0.0	0.0	94.56133817873018	0.0	0.0	0.0	0.0	0.0	0.0	0.0	0.0
GSM4138110_HNSCC_1_PBMC_CGGCTAGTCAGAGACG	71.6105220649852	0.0	43.02270834343677	22.559842145338717	0.0	33.78324722148464	0.0	0.0	67.28868352370115	0.0	0.0	0.0	0.0	0.0	0.0	0.0	15.186204665615564	0.0	0.0	0.0	48.62376211252558	0.0	0.0	0.0	0.0	0.0	0.0	0.0	0.0	0.0	0.0
GSM4138110_HNSCC_1_PBMC_CGGCTAGTCCTAAGTG	83.63818386596748	103.78307751905454	0.0	20.847406986759925	0.0	0.0	68.99751759612184	0.0	0.0	0.0	0.0	0.0	105.64901109420921	44.2074680377292	0.0	0.0	0.0	0.0	0.0	0.0	0.0	40.673704065021816	0.0	0.0	0.0	0.0	0.0	0.0	0.0	0.0	0.0
GSM4138110_HNSCC_1_PBMC_CGTAGCGAGAAGGGTA	136.69387491843744	95.75009405257991	0.0	21.547010188721718	0.0	0.0	0.0	51.57787824049929	0.0	37.536075549808615	0.0	132.22167130142108	0.0	0.0	0.0	0.0	0.0	0.0	0.0	0.0	0.0	0.0	0.0	0.0	0.0	0.0	0.0	0.0	0.0	0.0	0.0
GSM4138110_HNSCC_1_PBMC_CGTAGGCGTGGTAACG	95.399268696664	36.462891444859615	0.0	18.11657809957639	0.0	23.906638107652515	0.0	20.658337253520262	0.0	0.0	0.0	0.0	92.38484787214396	0.0	0.0	23.936379022572076	0.0	0.0	0.0	0.0	0.0	0.0	0.0	0.0	0.0	0.0	0.0	0.0	0.0	0.0	0.0
GSM4138110_HNSCC_1_PBMC_CGTCACTTCAAACCGT	101.68410239945273	76.16742472578417	0.0	43.144497683951	0.0	0.0	45.86004103514627	38.544026207697094	0.0	0.0	0.0	0.0	0.0	0.0	10.554547311951675	0.0	63.65955213183688	0.0	0.0	0.0	0.0	0.0	0.0	0.0	16.076952985291946	0.0	0.0	0.0	23.00720592686389	0.0	0.0
GSM4138110_HNSCC_1_PBMC_CGTCCATAGCAGCGTA	40.92985654461047	0.0	37.97267403372843	15.1319821149538	0.0	0.0	0.0	0.0	15.837334971040203	0.0	0.0	0.0	0.0	0.0	0.0	0.0	0.0	41.11271528896507	21.938658747820387	0.0	0.0	0.0	0.0	0.0	0.0	0.0	27.32781017112285	0.0	40.48725944371989	0.0	0.0
GSM4138110_HNSCC_1_PBMC_CGTGTAAAGGTGTGGT	145.57999578803742	100.63175779035767	0.0	14.869907133618579	0.0	78.05539135844846	74.63251859285162	0.0	0.0	0.0	0.0	0.0	0.5597105608137746	0.0	0.0	0.0	11.86081210887306	0.0	0.0	0.0	0.0	0.0	0.0	0.0	58.03865779461884	0.0	0.0	0.0	0.0	0.0	0.0
GSM4138110_HNSCC_1_PBMC_CGTTGGGCAGGCGATA	63.58476037071697	0.0	74.96140996591552	36.97493997419657	0.0	0.0	13.779405604713022	27.56747676425908	0.0	0.0	0.0	54.43573660292942	0.0	0.0	6.968129300328467	36.10350270471494	0.0	0.0	25.378505325740797	0.0	0.0	0.0	0.0	0.0	0.0	0.0	0.0	0.0	0.0	0.0	0.0
GSM4138110_HNSCC_1_PBMC_CTACACCGTAGCTTGT	71.80902694617588	40.67668927203753	23.55450352266293	24.027143610277353	0.0	29.019929326438014	26.22372600542496	15.8425226136242	19.46047760044761	0.0	0.0	0.0	0.0	0.0	0.0	0.0	0.0	0.0	0.0	87.77453084291858	0.0	0.0	0.0	0.0	0.0	0.0	0.0	0.0	0.0	0.0	0.0
GSM4138110_HNSCC_1_PBMC_CTACGTCAGTGGGATC	120.5546402358844	0.0	62.53376212645567	30.308032901993734	0.0	27.35843425896026	0.0	63.20077770896545	0.0	0.0	13.774519160008781	42.002425688011435	0.0	0.0	10.433106845336676	0.0	0.0	0.0	0.0	0.0	0.0	0.0	0.0	0.0	0.0	0.0	0.0	0.0	0.0	0.0	0.0
GSM4138110_HNSCC_1_PBMC_CTACGTCTCCACGAAT	40.788264954839896	65.33393244369947	0.0	12.083760120357338	0.0	0.0	0.0	51.61025552573169	0.0	0.1851522094008377	0.0	0.0	0.0	13.282377073725737	0.0	25.99080996905862	0.0	0.0	0.0	0.0	0.0	0.0	0.0	0.0	64.1629425585712	0.0	0.0	0.0	0.0	0.0	0.0
GSM4138110_HNSCC_1_PBMC_CTAGCCTAGCCAACAG	72.37784917239503	51.562288014867804	44.36414317691773	34.094239836627686	51.78720164058928	0.0	0.0	0.0	0.0	68.12318983188565	0.0	0.0	0.0	0.0	0.0	0.0	0.0	0.0	0.0	0.0	0.0	25.566449131045296	0.0	0.0	0.0	17.359623878170375	0.0	0.0	0.0	0.0	0.0
GSM4138110_HNSCC_1_PBMC_CTCAGAATCGAATGGG	96.58939857260245	90.5618263595985	0.0	43.98573574728203	0.0	0.0	88.94424663935798	66.24330678784095	0.0	0.0	0.0	0.0	107.49904302452413	0.0	0.0	0.0	0.0	0.0	0.0	0.0	0.0	0.0	0.0	0.0	0.0	0.0	0.0	0.0	0.0	0.0	0.0
GSM4138110_HNSCC_1_PBMC_CTCCTAGCAAGTCTGT	126.56787733726293	73.93387597616388	0.0	44.894827925103996	0.0	31.35634578954948	0.0	0.0	0.0	44.73743921142004	0.0	0.0	0.0	0.0	0.0	33.38093970681804	58.08052642022324	0.0	27.756170498865277	0.0	0.0	0.0	0.0	0.0	0.0	0.0	0.0	0.0	0.0	0.0	0.0
GSM4138110_HNSCC_1_PBMC_CTCGGAGAGCAGGTCA	118.02898119784471	93.72379984865653	25.937641629936394	31.323549905702286	35.70229842571475	0.0	7.094741252852281	74.8568457596213	26.307563289324417	0.0	8.641464571445942	43.147987373776	0.0	0.0	0.0	0.0	0.0	0.0	0.0	0.0	0.0	0.0	0.0	0.0	0.0	0.0	0.0	0.0	0.0	0.0	0.0
GSM4138110_HNSCC_1_PBMC_CTCGTACTCAGCAACT	199.30323703186085	0.0	111.47375622212346	43.70268502527242	96.74618313684965	0.0	0.0	0.0	116.4199858402392	0.0	0.0	0.0	0.0	0.0	0.0	0.0	0.0	0.0	0.0	0.0	0.0	38.149776431395246	0.0	0.0	0.0	0.0	0.0	0.0	0.0	0.0	0.0
GSM4138110_HNSCC_1_PBMC_CTCGTCAAGCTCTCGG	149.24266863014975	150.5453525016154	0.0	60.21011990416058	0.0	0.0	0.0	0.0	0.0	32.97756630015102	0.0	0.0	0.0	0.0	0.0	0.0	0.0	0.0	0.0	0.0	0.0	90.25652057438509	0.0	178.85720197987084	0.0	0.0	0.0	0.0	0.0	0.0	0.0
GSM4138110_HNSCC_1_PBMC_CTCTACGCAGATCGGA	91.33390163371304	20.971669979093093	0.0	12.467159357417604	21.779616826083743	0.0	35.710645364990675	0.0	0.0	0.0	0.0	0.0	0.0	0.0	0.0	0.0	0.0	0.0	0.0	0.0	6.283956284390978	46.43322032088686	0.0	0.0	0.0	0.0	0.0	0.0	0.0	0.0	0.0
GSM4138110_HNSCC_1_PBMC_CTCTGGTAGACAGGCT	72.91996641995611	31.948163949070995	2.923178857845018	8.241985689350113	0.0	0.0	11.109498180243527	0.0	48.88726610178095	0.0	0.0	80.21233025723811	0.0	2.3340307530692104	0.0	0.0	0.0	0.0	0.0	0.0	0.0	21.846208544084956	14.702011115343272	0.0	0.0	4.0725178792438745	0.0	0.0	0.0	0.0	0.0
GSM4138110_HNSCC_1_PBMC_CTCTGGTCACAGCCCA	164.91216705824183	40.11513016755934	40.56590819540582	19.834336859983566	0.0	0.0	0.0	0.0	46.62817642603946	0.0	0.0	0.0	0.0	0.0	0.0	0.0	0.0	0.0	14.145759382412619	0.0	0.0	0.0	0.0	0.0	0.0	0.0	119.76185402495587	0.0	46.76040657808551	0.0	0.0
GSM4138110_HNSCC_1_PBMC_CTGAAACCAGCCTTGG	104.32075702436316	74.74804803435292	13.974427681261647	83.88250075386418	3.306607023153177	0.31067594482465083	0.0	14.981103870198625	0.0	0.0	0.0	0.0	0.0	0.0	21.999366636624977	31.004447505498238	0.0	7.240553936899097	0.0	0.0	0.0	0.0	0.0	0.0	27.536338072775106	0.0	0.0	0.0	0.0	0.0	22.047785294116547
GSM4138110_HNSCC_1_PBMC_CTGAAACCAGTATGCT	80.53138102132948	0.0	83.97210476087686	32.035327293416955	89.0395439598969	54.126139904786356	0.0	0.0	83.42536145724804	0.0	0.0	0.0	0.0	0.0	0.0	0.0	0.0	0.0	0.0	0.0	0.0	0.0	0.0	0.0	0.0	0.0	0.0	0.0	0.0	0.0	0.0
GSM4138110_HNSCC_1_PBMC_CTGAAGTCAGCTGCTG	86.87469233515067	64.32799212922245	4.902514825198747	21.41542970197246	14.124060905950078	0.0	0.0	18.90050526813403	0.0	0.0	62.74073817423913	54.94804488439364	0.0	38.024737202736986	2.792734093608319	0.0	0.0	0.0	0.0	0.0	0.0	19.91874734133294	0.0	0.0	0.0	0.0	0.0	0.0	0.0	0.0	0.0
GSM4138110_HNSCC_1_PBMC_CTGAAGTGTTCTCATT	5.483666732824779	0.0	104.0648456009364	19.97596979461095	0.0	142.36135779000344	0.0	0.0	21.958520269912146	0.0	0.0	0.0	34.595182628282664	23.02031685592097	0.0	0.0	0.0	0.0	0.0	0.0	0.0	0.0	0.0	0.0	0.0	0.0	0.0	0.0	0.0	0.0	0.0
GSM4138110_HNSCC_1_PBMC_CTGTTTACAAAGGTGC	97.52724444729104	0.0	86.78775761141858	24.47322014979591	0.0	0.0	0.0	0.0	0.0	16.608663531833663	0.0	0.0	60.744598663993756	0.0	24.78271709001591	0.0	0.0	0.0	0.0	0.0	0.0	44.075550852664556	0.0	0.0	0.0	0.0	0.0	0.0	0.0	0.0	0.0
GSM4138110_HNSCC_1_PBMC_CTTAACTGTGACGCCT	27.401090118490956	67.71315580092447	0.0	12.926619059659727	0.0	0.0	0.0	0.0	0.0	34.854820104586786	0.0	0.0	0.0	39.60374814104109	0.0	0.0	0.0	0.0	0.0	0.0	84.45422808455612	0.0	0.0	0.0	0.0	0.0	0.0	0.0	0.0	51.76047812829549	0.0
GSM4138110_HNSCC_1_PBMC_CTTAGGAAGGTGATTA	151.03030674267828	177.16791320081145	0.0	35.66585867662294	0.0	0.0	0.0	129.81062068212762	0.0	167.4893608648882	0.0	0.0	0.0	0.0	0.0	0.0	0.0	0.0	0.0	0.0	0.0	0.0	0.0	0.0	0.0	0.0	0.0	0.0	0.0	0.0	151.98264222566016
GSM4138110_HNSCC_1_PBMC_CTTAGGACAGAGTGTG	84.25266656744164	106.88712258661305	0.0	11.714063626880396	0.0	25.278084250046003	0.0	0.0	0.0	50.4621685624231	0.0	0.0	49.50247769009457	0.0	0.0	0.0	0.0	0.0	0.0	0.0	0.0	0.0	0.0	0.0	0.0	0.0	0.0	0.0	0.0	0.0	0.0
GSM4138110_HNSCC_1_PBMC_CTTGGCTCAAAGCGGT	119.39450622722308	58.4862000162365	0.0	41.65803414211653	111.07342141522085	0.0	0.0	74.00887454020513	61.77884219058424	0.0	0.0	0.0	0.0	0.0	0.0	0.0	0.0	0.0	0.0	0.0	0.0	0.0	0.0	0.0	0.0	0.0	0.0	0.0	0.0	0.0	0.0
GSM4138110_HNSCC_1_PBMC_GAAACTCGTCTTCTCG	123.53067612991128	171.51545667635475	0.0	23.304050507563367	0.0	0.0	0.0	0.0	0.0	39.105348913168	0.0	0.0	0.0	0.0	0.0	92.47066117584134	30.155315265010433	0.0	0.0	0.0	0.0	79.08415299136615	0.0	0.0	57.30403799185146	0.0	0.0	0.0	0.0	0.0	0.0
GSM4138110_HNSCC_1_PBMC_GAAATGAAGAGCAATT	6.046596463589675	0.0	23.12361233892009	16.478060070497794	43.33527080181728	0.0	12.469042730577707	34.75803050752314	0.0	20.785939782161734	0.0	0.0	0.0	108.09914382940589	0.0	0.0	0.0	0.0	0.0	0.0	0.0	0.0	0.0	0.0	0.0	0.0	0.0	0.0	0.0	0.0	0.0
GSM4138110_HNSCC_1_PBMC_GAACATCTCGGTTAAC	120.49298847379615	13.873980294946156	36.80802701484558	21.042899343386996	57.93369286063407	30.068605725997884	0.0	8.825775108033822	63.932974814032136	0.0	0.0	0.0	0.0	0.0	0.0	0.0	0.0	0.0	0.0	0.0	0.0	0.0	0.0	0.0	0.0	0.0	0.0	0.0	0.0	0.0	0.0
GSM4138110_HNSCC_1_PBMC_GAACCTATCGGCCGAT	68.2095576232187	0.0	54.89326790828236	8.08697879099323	72.99802166328911	0.0	0.0	0.0	0.0	0.0	89.05340705552189	0.0	0.0	0.0	0.0	0.0	0.0	0.0	0.0	0.0	0.0	0.0	0.0	0.0	0.0	0.0	0.0	0.0	0.0	32.98023231023248	0.0
GSM4138110_HNSCC_1_PBMC_GAATGAAGTTGGACCC	54.20051998002347	0.0	43.92840212120189	4.877461981319095	36.58090381022128	38.815530890939705	0.0	0.0	48.99533627472199	0.0	0.0	0.0	0.0	0.0	0.0	0.0	0.0	0.0	0.0	0.0	0.0	0.0	0.0	0.0	0.0	0.0	0.0	0.0	0.0	0.0	0.0
GSM4138110_HNSCC_1_PBMC_GACAGAGAGAGCCTAG	34.88558906818888	60.25082644328275	0.0	15.852511151722737	0.0	0.0	0.0	0.0	0.0	0.0	38.8553340537724	0.0	0.0	0.0	0.0	0.0	0.0	0.0	0.9790149720835402	51.812210852967596	0.0	14.456203607813224	0.0	0.0	0.0	0.0	0.0	0.0	0.0	0.0	0.0
GSM4138110_HNSCC_1_PBMC_GACTAACAGGCAGGTT	0.0	82.25525315304004	0.0	59.58023553863643	0.0	0.0	115.76493031131814	108.04906704482357	0.0	0.0	0.0	0.0	112.07463729167038	95.95545731192836	0.0	0.0	0.0	0.0	0.0	0.0	0.0	0.0	0.0	0.0	0.0	0.0	0.0	0.0	0.0	0.0	0.0
GSM4138110_HNSCC_1_PBMC_GACTGCGGTATCTGCA	72.92129798617596	15.104013376648853	7.270213332092737	65.79602113198533	0.8013606784926438	0.0	0.0	0.0	0.0	48.50105463445085	0.0	44.502044634757105	0.0	0.0	0.0	0.0	0.0	0.0	0.0	0.0	0.0	0.0	0.0	0.0	0.0	0.0	0.0	0.0	67.80826214336179	0.0	0.0
GSM4138110_HNSCC_1_PBMC_GACTGCGTCTAAGCCA	74.66097124620606	22.177231316350444	68.57186526502248	13.621895817705154	0.0	0.0	0.0	0.0	0.0	0.0	96.4992563006234	2.9297528458973052	0.0	94.08494149375998	0.0	0.0	0.0	0.0	0.0	0.0	0.0	101.51281893476126	0.0	45.71656628508026	0.0	0.0	0.0	17.360307558143198	0.0	0.0	0.0
GSM4138110_HNSCC_1_PBMC_GATCGATGTGCTGTAT	139.17302508927034	78.99875300221163	0.0	22.553872256072992	5.850417994121031	66.83461909785723	0.0	29.38958320933592	0.0	55.51712976194206	0.0	0.0	0.0	0.0	0.0	0.0	36.17795167973976	0.0	0.0	0.0	0.0	0.0	0.0	0.0	33.06110363448339	0.0	0.0	0.0	0.0	0.0	0.0
GSM4138110_HNSCC_1_PBMC_GATCTAGAGGGCTCTC	46.98540638638633	0.0	70.94757942012862	17.214833540088105	0.0	0.0	0.0	0.0	0.0	0.0	63.94453513570559	0.0	2.4790831965591855	0.0	0.0	0.0	27.03930886684642	36.438163451915706	0.0	0.0	0.0	0.0	20.939095414464386	0.0	0.0	0.0	0.0	0.0	0.0	0.0	0.0
GSM4138110_HNSCC_1_PBMC_GATCTAGCAAACCTAC	104.51497450599521	0.0	111.61668101629903	27.78688730666572	83.43308978602806	101.41443759415672	0.0	0.7063676293489208	0.0	0.0	0.0	0.0	0.0	0.0	0.0	90.57923908590313	0.0	0.0	0.0	0.0	0.0	0.0	0.0	0.0	0.0	0.0	0.0	0.0	0.0	0.0	0.0
GSM4138110_HNSCC_1_PBMC_GATGAAAAGAAGGGTA	60.14120735333376	65.06368749726856	0.0	37.60104952081569	39.76961727477233	0.0	0.0	37.70925942062525	34.80125750609294	0.0	0.0	15.166199762360636	0.0	0.0	0.0	0.0	0.0	0.0	0.0	0.0	0.0	0.0	0.0	0.0	0.0	0.0	0.0	0.0	0.0	0.0	0.0
GSM4138110_HNSCC_1_PBMC_GATGCTAGTATGGTTC	92.82942193441399	53.650527303470916	0.7397126232336592	12.522475787826826	0.0	0.0	0.0	42.94947832526456	27.116258641901364	0.0	0.0	0.0	15.046054037628412	0.0	0.0	0.0	0.0	0.0	0.0	0.0	0.0	0.0	0.0	26.42299438422996	0.0	0.0	0.0	0.0	0.0	34.24667268128584	65.11134660044978
GSM4138110_HNSCC_1_PBMC_GATTCAGAGCTATGCT	79.75886329335293	0.0	79.00935888838963	34.04448272457987	150.76660104441837	0.0	0.0	46.78136692187677	0.0	0.0	0.0	0.0	0.0	0.0	86.20926767386297	0.0	0.0	0.0	0.0	0.0	0.0	0.0	0.0	0.0	10.118512542911267	0.0	0.0	0.0	0.0	0.0	0.0
GSM4138110_HNSCC_1_PBMC_GCACATACATGAACCT	136.81456651559654	62.40480690302274	0.0	21.795190099405076	76.41770551902168	61.29298401467841	0.0	0.0	0.0	53.668890427610144	0.0	0.0	0.0	0.0	0.0	0.0	0.0	0.0	0.0	0.0	0.0	0.0	0.0	0.0	0.0	0.0	0.0	0.0	0.0	0.0	9.148661934999302
GSM4138110_HNSCC_1_PBMC_GCACATAGTCTTCTCG	119.73997791618258	95.88202742917014	0.0	32.20708348215182	29.02768288499307	0.0	0.0	81.94293732498102	0.0	0.0	0.0	31.663375211016174	0.0	0.0	0.0	30.445480711242176	0.0	1.5955103215190767	0.0	0.0	0.0	0.0	0.0	0.0	0.0	0.0	0.0	0.0	0.0	0.0	30.166656741405635
GSM4138110_HNSCC_1_PBMC_GCAGTTATCCTACAGA	51.81531868788521	68.04027828208932	0.0	15.631962540876902	0.0	0.0	0.0	19.783834574853223	0.0	12.748962464161911	9.122759914859666	0.0	0.0	0.0	0.0	31.61229300330805	0.0	23.735787398950013	0.0	0.0	0.0	0.0	0.0	0.0	0.0	0.0	0.0	0.0	0.0	0.0	18.071598489831565
GSM4138110_HNSCC_1_PBMC_GCATACAAGACACGAC	141.261355725248	113.08737092804466	0.0	71.1129324935546	0.0	14.335417245703557	0.0	66.07702414140182	0.0	35.09505126469935	44.98388638811992	0.0	0.0	41.822071331119716	0.0	0.0	0.0	0.0	0.0	0.0	0.0	0.0	0.0	0.0	93.62427562372672	0.0	0.0	0.0	37.75590015647872	0.0	0.0
GSM4138110_HNSCC_1_PBMC_GCATGTATCTCATTCA	56.73611232685898	0.0	54.7948710945299	16.730401547046927	36.930360282706296	0.0	0.0	46.569375186343564	0.0	0.0	31.15056646258111	0.0	0.0	0.0	0.0	0.0	0.0	0.0	0.0	0.0	0.0	0.0	0.0	0.0	0.0	0.0	17.420994507820737	0.0	0.0	0.0	0.0
GSM4138110_HNSCC_1_PBMC_GCGAGAATCTATCCTA	64.74676279692028	36.50471657016336	29.196760645828057	16.951066279556702	59.64053018309233	0.0	0.0	11.954252997902733	0.0	0.0	42.25769164007788	0.0	0.0	0.0	7.8484946467878	0.0	0.0	0.0	24.000060890368637	0.0	0.0	0.0	0.0	0.0	0.0	0.0	0.0	0.0	12.270859143557994	0.0	0.0
GSM4138110_HNSCC_1_PBMC_GCGCAACCAGTACACT	134.7167138069011	11.532314338881456	31.064754084495664	22.40174890694977	0.0	50.51043129930285	0.0	0.0	0.0	0.0	27.005432078342626	0.0	43.110717467526534	0.0	0.0	0.0	0.0	1.1847252703945323	0.0	0.0	0.0	0.0	0.0	0.0	0.0	0.0	0.0	0.0	0.0	0.0	0.0
GSM4138110_HNSCC_1_PBMC_GCGCAACTCACCGTAA	68.18688059578898	39.2687962324151	0.0	22.77194379044972	0.0	0.0	0.0	20.554657043344857	0.0	110.71010781951973	0.0	0.0	0.0	0.0	0.0	0.0	0.0	0.0	0.0	0.0	0.0	0.0	0.0	0.0	0.0	0.0	0.0	0.0	0.0	0.0	67.38247113060311
GSM4138110_HNSCC_1_PBMC_GCGGGTTTCTGTACGA	98.10654121410325	51.716445463123314	27.996453756728872	25.55050415964689	0.0	0.0	43.83310414277343	70.36258232454297	0.0	0.0	0.0	0.0	0.0	0.0	0.0	0.0	0.0	0.0	0.0	0.0	93.79873236143371	0.0	0.0	0.0	0.0	0.0	0.0	0.0	0.0	0.0	0.0
GSM4138110_HNSCC_1_PBMC_GCTGCAGCACAACGCC	64.27655370976981	71.18235293660491	0.09573535575130633	17.001244814367	13.96408415293908	0.0	0.0	0.0	0.0	0.0	7.908725718824028	0.0	49.59766133707895	10.31809843101702	0.0	0.0	0.0	0.0	0.0	0.0	0.0	66.96334961641261	0.0	9.328766588680653	0.0	0.0	0.0	0.0	0.0	0.0	0.0
GSM4138110_HNSCC_1_PBMC_GGAACTTCAACTGGCC	80.02769194992234	61.74430602302616	0.0	14.433579827711792	0.0	0.0	47.9567574888821	0.0	0.0	0.0	0.0	0.0	0.0	0.0	0.0	0.0	0.0	0.0	0.0	0.0	0.0	70.18664243909777	0.0	115.45324147943879	0.0	0.0	0.0	0.0	0.0	0.0	0.0
GSM4138110_HNSCC_1_PBMC_GGAATAAAGAACAATC	6.759356874283019	63.40602448043711	0.0	12.257220611752672	0.0	0.0	0.0	23.304079404539046	0.0	29.408820725750267	0.0	0.0	0.0	41.18889137901651	13.53554328333426	0.0	0.0	0.0	0.0	0.0	0.0	0.0	0.0	0.0	0.0	0.0	74.22712836612024	0.0	0.0	40.74356305982549	0.0
GSM4138110_HNSCC_1_PBMC_GGACATTCACGGTTTA	78.29600780666976	85.96449946458156	0.0	23.19192407172706	93.99276748023107	46.845357959279816	0.0	0.0	39.44826264310647	0.0	0.0	0.0	0.0	0.0	0.0	0.0	0.0	0.0	0.0	0.0	0.0	0.0	0.0	0.0	0.0	0.0	0.0	0.0	0.0	0.0	0.0
GSM4138110_HNSCC_1_PBMC_GGCTCGATCCGCGTTT	68.06914691626812	54.97878685888209	0.0	50.41481767067367	0.0	0.0	0.0	0.0	0.0	0.0	49.68552148258384	45.13051455024887	0.0	0.0	0.0	0.0	0.0	0.0	0.0	0.0	0.0	4.137573406644402	0.0	0.0	0.0	0.0	0.0	0.0	0.0	57.17372773124499	0.0
GSM4138110_HNSCC_1_PBMC_GGGACCTAGCCAGGAT	62.26150592914872	63.72710001962353	7.007831600234967	14.453516439714459	76.74645238949937	0.0	0.0	0.0	0.0	53.60947718695532	0.0	0.0	0.0	0.0	0.0	2.1404410988842373	0.0	0.0	42.38460205886956	0.0	0.0	0.0	0.0	0.0	0.0	3.9880775895174243	0.0	0.0	0.0	0.0	0.0
GSM4138110_HNSCC_1_PBMC_GGGACCTCAGTCACTA	152.09269319562011	6.104739723159018	116.90917782430948	34.03757585275084	0.0	0.0	0.0	115.84481118461096	0.0	0.0	0.0	0.0	144.65112676268254	0.0	124.3885569314497	0.0	0.0	0.0	0.0	0.0	0.0	0.0	0.0	0.0	0.0	0.0	0.0	0.0	0.0	0.0	0.0
GSM4138110_HNSCC_1_PBMC_GGGAGATGTGTGCGTC	92.91550869771035	106.64385116487745	0.0	14.900311388315117	0.0	0.0	0.0	31.00323722005591	0.0	0.0	0.0	0.0	0.0	0.0	0.0	27.39598766007751	0.0	44.79849548723314	0.0	0.0	0.0	0.0	0.0	0.0	0.0	0.0	0.0	0.0	0.0	0.0	32.94353092956621
GSM4138110_HNSCC_1_PBMC_GGGAGATTCACGATGT	51.66876015257345	0.0	67.65501478576704	17.507393772800608	9.62282856720568	0.0	38.05133939833486	0.0	0.0	0.3573739231576886	0.0	0.0	0.0	0.0	0.0	0.0	0.0	26.711552815063452	0.0	0.0	0.0	35.752108053381505	0.0	0.0	0.0	0.0	0.0	0.0	0.0	0.0	0.0
GSM4138110_HNSCC_1_PBMC_GGGTTGCGTCCGAAGA	105.59622644072317	130.85629686172103	2.967677954639328	53.480109050819536	0.0	83.05683154545488	0.0	0.0	0.0	53.93582975203773	0.0	0.0	0.0	0.0	0.0	0.0	0.0	63.38923046222298	0.0	0.0	0.0	0.0	0.0	0.0	0.0	0.0	0.0	0.0	0.0	0.0	0.0
GSM4138110_HNSCC_1_PBMC_GGTGAAGTCGCTTGTC	83.19212445571723	91.19481915193414	0.0	23.945927533775265	0.0	25.664868398106822	0.0	28.73975809503332	0.0	55.85380313502011	0.0	32.309737694464374	46.76829491179289	0.0	0.0	0.0	0.0	0.0	0.0	0.0	0.0	0.0	0.0	0.0	0.0	0.0	0.0	0.0	0.0	0.0	0.0
GSM4138110_HNSCC_1_PBMC_GGTGTTACAAACGCGA	141.24028824479007	68.58072522328222	0.0	60.159973001441166	0.0	0.0	64.8923776034721	0.0	0.9166260415117975	0.0	0.0	0.0	26.547747730610826	0.0	0.0	0.0	0.0	0.0	0.0	0.0	28.09410376398165	0.0	33.037237031184375	0.0	0.0	37.1718420290509	0.0	0.0	0.0	0.0	0.0
GSM4138110_HNSCC_1_PBMC_GTAACTGTCTTCGAGA	76.77759322545435	61.72172095453662	10.907888032890078	32.38653841183715	0.0	78.71451279754453	0.0	0.0	0.0	20.879590428218258	0.0	0.0	0.0	0.0	8.066017945074513	41.27548840949419	0.0	0.0	0.0	0.0	73.07391610993	0.0	0.0	0.0	0.0	0.0	0.0	0.0	0.0	0.0	0.0
GSM4138110_HNSCC_1_PBMC_GTAGGCCAGGTGTGGT	65.2312109859881	91.52935388398629	0.0	30.55836139534339	0.0	0.0	0.0	43.0360723806176	0.0	0.0	0.0	48.211707867991066	0.0	0.0	69.66039732098649	0.0	0.0	0.0	0.0	0.0	0.0	0.0	0.0	0.0	0.0	0.0	0.0	0.0	0.0	0.0	0.0
GSM4138110_HNSCC_1_PBMC_GTAGTCACAGATCCAT	65.032961687903	0.0	64.1248806717298	15.293111373378094	0.0	0.0	0.0	0.0	0.0	71.1531459669879	0.0	0.0	0.0	0.0	0.0	0.0	0.0	0.0	0.0	0.0	0.0	0.0	48.4624172701014	0.0	86.0113145505866	0.0	0.0	0.0	0.0	0.0	0.0
GSM4138110_HNSCC_1_PBMC_GTAGTCAGTGGGTCAA	61.551906165607136	0.0	88.52473245368242	20.35136971412163	26.762160649830115	46.98878012399847	14.56203535283909	0.0	13.089810137461098	0.0	0.0	0.0	0.0	0.0	0.0	0.0	0.0	21.599989253491483	0.0	0.0	0.0	0.0	0.0	0.0	0.0	0.0	0.0	0.0	0.0	0.0	0.0
GSM4138110_HNSCC_1_PBMC_GTATTCTAGGGTTTCT	108.85837176282324	68.88888681243884	0.0	28.282866450251614	53.62317285702741	56.93173819621373	0.0	0.0	0.0	0.0	122.93767951771065	0.0	0.0	0.0	0.0	0.0	0.0	0.0	0.0	0.0	0.0	0.0	0.0	0.0	0.0	0.0	0.0	0.0	0.0	0.0	0.0
GSM4138110_HNSCC_1_PBMC_GTATTCTTCCAAACTG	58.2409332524329	0.0	132.58698811599587	23.070502401193473	0.0	90.66149580291989	0.0	0.0	47.94186766081062	0.0	17.191087681926625	0.0	89.90195087899394	0.0	0.0	0.0	0.0	0.0	0.0	0.0	0.0	0.0	0.0	0.0	0.0	0.0	0.0	0.0	0.0	0.0	0.0
GSM4138110_HNSCC_1_PBMC_GTCGTAACAGGAACGT	78.82703277511112	0.0	49.17980199786802	26.881654479374586	46.886097237494084	0.0	0.0	37.205893318465634	0.0	0.0	0.0	0.0	0.0	0.0	0.0	89.2377987482491	0.0	0.0	0.0	0.0	0.0	0.0	0.0	0.0	0.0	0.0	0.0	0.0	0.0	0.0	0.0
GSM4138110_HNSCC_1_PBMC_GTCGTAAGTATGAAAC	52.33793840624796	77.48056924532868	0.0	18.23174075781113	0.0	9.284083745416384	0.0	31.492895694357568	0.0	23.60889547424054	0.0	0.0	0.0	0.0	0.0	0.0	0.0	0.0	0.0	0.0	0.0	0.0	0.0	0.0	70.91807993704877	0.0	0.0	0.0	0.0	0.0	0.0
GSM4138110_HNSCC_1_PBMC_GTCTCGTGTACGCACC	75.39035827063533	61.12880035986892	0.0	13.924814155929349	36.94615543345705	31.055506506803088	85.41309139231986	0.0	0.0	0.0	0.0	0.0	0.0	0.0	0.0	0.0	0.0	0.0	0.578624485857456	0.0	0.0	0.0	0.0	0.0	0.0	0.0	0.0	0.0	0.0	0.0	0.0
GSM4138110_HNSCC_1_PBMC_GTGGGTCAGAATGTGT	50.50897809845997	50.67499304453907	0.0	21.269179427934642	39.36724527113171	84.21812615193042	35.50953973751064	0.0	0.0	0.0	0.0	0.0	0.0	0.0	0.0	0.0	0.0	0.0	0.0	0.0	0.0	0.0	0.0	0.0	0.0	0.0	0.0	0.0	0.0	0.0	0.0
GSM4138110_HNSCC_1_PBMC_GTTCATTGTAGCTGCC	120.74532928533966	9.821948801185819	47.36934236257784	26.701562695326214	0.0	0.0	0.0	0.0	0.0	0.0	72.81423788244415	0.0	0.0	0.0	0.0	0.0	120.09587168022574	0.0	0.0	0.0	0.0	0.0	96.25017724152676	0.0	0.0	0.0	0.0	0.0	0.0	0.0	0.0
GSM4138110_HNSCC_1_PBMC_GTTCATTTCCGCGGTA	124.24012910126619	59.382543683332734	14.960820826550139	33.088596713643206	90.10954022372886	0.0	52.88631060471582	55.53275243404195	0.0	6.195315365937604	0.0	0.0	0.0	0.0	0.0	0.0	0.0	0.0	0.0	0.0	0.0	0.0	0.0	0.0	0.0	0.0	0.0	0.0	0.0	0.0	0.0
GSM4138110_HNSCC_1_PBMC_GTTCTCGCACTATCTT	78.58836788407032	13.117993711002123	60.380791983604794	16.22261389575115	50.641641872253565	0.0	0.0	0.0	0.0	0.0	0.0	0.0	0.0	0.0	43.880612527452186	0.0	0.0	0.0	69.14730094141636	0.0	0.0	0.0	0.0	0.0	0.0	0.0	0.0	0.0	0.0	0.0	0.0
GSM4138110_HNSCC_1_PBMC_GTTCTCGTCAGAGACG	44.89643468232067	48.08361588592407	0.0	18.594059799788848	36.003430649667955	0.0	0.0	56.692280205873864	0.0	98.69816680472456	0.0	0.0	0.0	0.0	0.0	0.0	0.0	23.429124514724474	0.0	0.0	0.0	0.0	0.0	0.0	0.0	0.0	0.784107437726526	0.0	0.0	0.0	0.0
GSM4138110_HNSCC_1_PBMC_TAAGCGTAGGTGCTTT	53.17811094248293	141.7786401154474	0.0	34.90384408292841	0.0	0.0	0.0	91.6656313371614	0.0	0.0	0.0	0.0	0.0	85.89954573820738	168.47830375650898	0.0	0.0	0.0	0.0	0.0	134.4469853876179	0.0	0.0	0.0	0.0	0.0	0.0	0.0	0.0	0.0	0.0
GSM4138110_HNSCC_1_PBMC_TACAGTGGTCATCGGC	130.2704784190819	87.76595692836433	19.83107201200026	50.42300520927302	0.0	0.0	0.0	0.0	68.38382897250611	0.0	0.0	125.03933628919296	0.0	0.0	27.34655020818627	0.0	0.0	0.0	55.92345082876474	0.0	0.0	0.0	0.0	0.0	0.0	0.0	0.0	0.0	0.0	0.0	0.0
GSM4138110_HNSCC_1_PBMC_TACCTTATCACGATGT	106.2727393783419	94.83413662874582	7.697290765327016	43.7208821832574	0.0	65.48328697983074	0.0	0.0	0.0	0.0	1.4932198814647404	0.0	0.0	0.0	80.13840033022232	12.130809905314168	0.0	84.52200667233608	0.0	0.0	0.0	0.0	0.0	0.0	0.0	0.0	0.0	0.0	0.0	0.0	0.0
GSM4138110_HNSCC_1_PBMC_TACGGATTCTAACTTC	80.58807816930924	0.0	65.07332164797393	18.23168419999472	0.0	0.0	0.0	34.87265645110895	0.0	62.87453983078033	0.0	0.0	0.0	0.0	0.0	0.0	0.0	59.49393578984532	0.0	0.0	0.0	0.0	0.0	0.0	0.0	0.0	0.0	0.0	0.0	0.0	0.0
GSM4138110_HNSCC_1_PBMC_TACTTGTAGTCATCCA	130.33448065644026	0.0	118.10786399299255	26.13607845989955	0.0	0.0	0.0	0.0	89.91010533183949	0.0	0.0	0.0	0.0	0.0	0.0	0.0	0.0	0.0	0.0	76.75188965909236	0.0	10.95610145356696	0.0	0.0	0.0	24.560835578909543	0.0	0.0	0.0	0.0	0.0
GSM4138110_HNSCC_1_PBMC_TACTTGTTCAGAGCTT	92.2708254312943	105.75545648423757	0.0	20.721076471333937	0.0	0.0	0.0	69.2816518885397	0.0	9.667391837621278	0.0	100.853621510678	0.0	0.0	0.0	22.75609075793822	0.0	0.0	0.0	0.0	0.0	0.0	0.0	0.0	0.0	0.0	0.0	0.0	63.35262668451331	0.0	0.0
GSM4138110_HNSCC_1_PBMC_TAGACCAGTCCGAGTC	101.50691487017153	0.0	81.10754032714559	20.11451782591761	0.0	0.0	88.24817689148506	0.0	0.0	0.0	0.0	0.0	89.43547553833409	0.0	0.0	0.0	0.0	0.0	0.0	0.0	0.0	51.714343408226334	0.0	0.0	0.0	0.0	0.0	0.0	0.0	0.0	0.0
GSM4138110_HNSCC_1_PBMC_TAGAGCTGTTCCCTTG	84.04321762836373	95.73545250093039	0.0	78.84515344413785	0.0	0.0	0.0	0.0	0.0	44.05814154247005	0.0	0.0	0.0	0.0	0.0	0.0	0.0	0.0	54.29936558103615	0.0	0.0	0.0	0.0	0.0	57.727454024752255	0.0	0.0	0.0	0.0	0.0	0.0
GSM4138110_HNSCC_1_PBMC_TATCTCACACGGCGTT	114.33328209571265	60.38204401777808	0.0	29.019093100936285	81.50757945159829	72.09445742726389	0.0	0.0	0.0	37.384742619312135	0.0	0.0	0.0	0.0	0.0	0.0	0.0	0.0	0.0	0.0	0.0	0.0	16.617541344822914	0.0	0.0	0.0	0.0	0.0	0.0	0.0	0.0
GSM4138110_HNSCC_1_PBMC_TATCTCATCAACGGGA	150.24975337581031	103.80534875381299	6.011417574677409	24.680815268786297	0.0	54.963380519475	53.72621502884004	0.0	0.0	0.0	0.0	114.71723714013146	0.0	0.0	0.0	0.0	0.0	0.0	0.0	0.0	0.0	0.0	0.0	0.0	0.0	0.0	0.0	0.0	0.0	0.0	0.0
GSM4138110_HNSCC_1_PBMC_TCACGAATCTGTCCGT	119.7987316406209	58.08520752421053	5.40313783571842	40.61932391694116	0.0	0.0	0.0	46.89503141261259	0.0	0.0	0.0	0.0	0.0	0.0	63.479953434955874	0.6796909591021025	0.0	0.0	0.0	0.0	0.0	0.0	0.0	0.0	0.0	0.0	0.0	70.28388850204067	0.0	0.0	30.809268196502824
GSM4138110_HNSCC_1_PBMC_TCAGATGTCCGCGTTT	51.03181918870044	106.23120690575175	0.0	28.18086062852097	54.70037213525692	40.77387408560901	0.0	0.0	0.0	0.0	0.0	0.0	0.0	13.872199821667149	0.0	62.91969270975363	4.566292929340348	0.0	0.0	0.0	0.0	0.0	0.0	0.0	0.0	0.0	0.0	0.0	0.0	0.0	0.0
GSM4138110_HNSCC_1_PBMC_TCAGCAAAGGCGCTCT	69.55516825673863	56.37667146053577	0.0	12.870306958974442	0.0	8.488970639713612	0.0	17.629285616178628	0.0	24.831115728257704	0.0	0.0	0.0	0.0	0.0	0.0	0.0	0.0	0.0	78.41225280447276	0.0	0.0	0.0	0.0	0.0	0.0	0.0	0.0	0.0	0.0	0.0
GSM4138110_HNSCC_1_PBMC_TCATTACAGCGCTCCA	130.94404859107902	0.0	90.96460873655643	14.514795028259238	0.0	24.402858522807076	0.0	33.262450296797766	0.0	0.0	36.59489945224592	0.0	0.0	0.0	0.0	0.0	89.94159814525842	0.0	0.0	0.0	0.0	0.0	0.0	0.0	0.0	0.0	0.0	0.0	0.0	0.0	0.0
GSM4138110_HNSCC_1_PBMC_TCCCGATAGTGGAGAA	64.88376664700282	19.91897177914964	16.31061119525952	21.714285180395184	63.9652939830351	0.0	0.0	0.0	23.263741073411154	0.0	0.0	0.0	0.0	0.0	0.0	0.0	0.0	0.0	0.0	0.0	0.0	0.0	21.072886034591555	0.0	0.0	0.0	0.0	0.0	0.0	0.0	0.0
GSM4138110_HNSCC_1_PBMC_TCGCGAGGTAGCACGA	139.74291690562504	97.31717349856852	0.8012053154413139	31.654351429938067	0.0	68.56157954964094	0.0	0.0	0.0	0.0	105.11424826900407	108.93953591192998	0.0	0.0	0.0	0.0	0.0	0.0	0.0	0.33004182335158583	0.0	0.0	0.0	0.0	0.0	0.0	0.0	0.0	0.0	0.0	0.0
GSM4138110_HNSCC_1_PBMC_TCGGGACTCAACGAAA	82.97110590046	103.84110023534988	0.0	16.315551018431613	0.0	16.774999597558892	0.0	0.0	0.0	64.19097148392393	0.0	74.80332830486108	0.0	0.0	0.0	5.990211909445946	0.0	0.0	0.0	0.0	0.0	0.0	0.0	0.0	0.0	0.0	0.0	0.0	0.0	0.0	0.0
GSM4138110_HNSCC_1_PBMC_TCGGGACTCGAGAGCA	117.63728964635263	95.05527742704558	0.0	18.191982599798404	0.0	0.0	0.0	12.834195932560517	0.0	73.85785216503352	0.0	116.40228556337304	0.0	0.0	0.0	0.0	0.0	0.0	0.0	0.0	0.0	0.0	0.0	0.0	0.0	0.0	0.0	0.0	134.04386871725382	0.0	0.0
GSM4138110_HNSCC_1_PBMC_TCGGTAATCACTCTTA	0.0	0.0	43.74377871896234	19.054253821465306	49.60636698512499	44.970124090251325	0.0	0.0	0.0	42.97336837854639	0.0	5.565639079570402	0.0	103.64049600780925	0.0	0.0	46.07522733241109	0.0	0.0	0.0	0.0	0.0	0.0	0.0	0.0	0.0	0.0	0.0	0.0	0.0	0.0
GSM4138110_HNSCC_1_PBMC_TCGTACCTCCGCAAGC	132.78970502486146	51.463741693416836	97.17884396279764	26.68928029150048	0.0	0.0	0.0	0.0	0.0	0.0	0.0	0.0	6.796779857866661	3.243498073211425	106.50554611335619	0.0	0.0	0.0	0.0	0.0	0.0	0.0	0.0	116.80114580039401	0.450585979416082	197.27394439745595	0.0	24.019376846927834	0.0	0.0	0.0
GSM4138110_HNSCC_1_PBMC_TCGTACCTCTGCCCTA	267.4621470450349	55.810782166846664	92.64676079440382	62.28957995688726	0.0	0.0	0.0	33.07985945830754	0.0	0.0	0.0	0.0	0.0	0.0	0.0	157.97101245466507	0.0	0.0	0.0	0.0	0.0	21.808044014701686	0.0	0.0	151.31391965978918	0.0	0.0	0.0	0.0	0.0	0.0
GSM4138110_HNSCC_1_PBMC_TCTATTGGTCTAAAGA	88.74873686438151	81.89668373294911	0.0	64.02235141068246	0.0	0.0	64.32300123469872	0.0	0.0	0.0	0.0	0.0	0.0	0.0	0.0	0.0	0.0	70.0755438977638	0.0	0.0	0.0	0.0	0.0	0.0	0.0	32.49701400537858	0.0	0.0	0.0	0.0	7.404536948391239
GSM4138110_HNSCC_1_PBMC_TCTATTGGTTGGTTTG	152.04249637134726	79.02730996275145	0.0	19.61831439273607	0.0	0.0	0.0	0.0	0.0	0.0	0.0	0.0	0.0	0.0	58.18691752379758	0.0	0.0	0.0	0.0	0.0	0.0	0.0	39.981350033531406	0.0	66.57813644456121	0.0	0.0	0.0	0.0	0.0	0.0
GSM4138110_HNSCC_1_PBMC_TCTATTGTCTGCAGTA	72.43693962196839	48.9876824720002	2.9112547839133787	12.258003712689609	0.0	0.0	0.0	0.0	31.60818989597026	0.0	0.0	0.0	0.0	0.0	4.204226775035592	0.0	0.0	0.0	0.0	0.0	0.0	0.0	0.0	8.286527824681738	0.0	0.0	0.0	27.05191139083315	0.0	55.97668462280937	0.0
GSM4138110_HNSCC_1_PBMC_TCTGAGACAGATAATG	129.80277745573147	0.0	126.064384138576	23.968005652549632	0.0	32.31647596752952	0.0	0.0	0.0	84.52196560978518	0.0	0.0	0.0	0.0	0.0	0.0	0.0	0.0	0.0	0.0	0.0	0.0	0.0	0.0	0.0	55.01018083565758	97.39966224661123	0.0	0.0	0.0	0.0
GSM4138110_HNSCC_1_PBMC_TCTGAGAGTAAGAGAG	123.23577205322948	84.72386356746979	0.0	10.102886276972525	0.0	51.73877369735918	0.0	0.0	60.560368063578814	0.0	0.0	33.07576056396904	0.0	0.0	0.0	0.0	0.0	0.0	0.0	0.0	0.0	0.0	0.0	0.0	0.0	0.0	0.0	29.170404700422228	0.0	0.0	0.0
GSM4138110_HNSCC_1_PBMC_TCTGAGATCCTTTCTC	62.639911578059966	0.0	153.4465332124201	18.792540029240822	0.0	42.69395008862551	0.0	0.0	56.62538838622406	0.0	0.0	0.0	11.972390831734723	0.0	0.0	0.0	0.0	83.04641969268698	0.0	0.0	0.0	0.0	0.0	0.0	0.0	0.0	0.0	0.0	0.0	0.0	3.543660287077897
GSM4138110_HNSCC_1_PBMC_TCTGGAATCTCAAACG	116.6366584493389	0.0	79.27181697484549	25.515268867093432	105.44845534363783	0.0	0.0	0.0	3.666680016514765	0.0	10.134968064875059	0.0	0.0	0.0	26.39729395113606	0.0	0.0	0.0	0.0	0.0	0.0	10.923931863685489	0.0	0.0	0.0	0.0	0.0	0.0	0.0	27.72056664889675	0.0
GSM4138110_HNSCC_1_PBMC_TCTTTCCAGTGGGCTA	121.040256783359	65.46378493745507	20.40912640270132	28.06768766137719	23.866494295794155	0.0	0.0	0.0	0.0	21.207204722143832	16.37318969308478	73.46952457629253	0.0	0.0	0.0	20.62690459406097	0.0	0.0	4.178118386960798	0.0	0.0	21.820440151311697	0.0	0.0	0.0	0.0	0.0	0.0	11.444477892098522	0.0	0.0
GSM4138110_HNSCC_1_PBMC_TGAAAGACACTTCGAA	53.21782400619689	0.0	25.830749838609776	16.986831615116078	0.0	55.97934724563981	0.0	2.329236438072045	14.362493113165034	0.0	0.0	0.0	0.0	0.0	0.0	0.0	0.0	70.16796378038288	0.0	0.0	0.0	0.0	0.0	0.0	0.0	0.0	0.0	0.0	0.0	0.0	0.0
GSM4138110_HNSCC_1_PBMC_TGACAACGTTAAGGGC	12.333213280818416	90.77079069939585	30.331371172222596	46.8063067377637	51.6827391273775	65.38005089631017	0.0	0.0	0.0	89.4417622297829	0.0	0.0	57.18826775573022	98.41218989290478	0.0	0.0	0.0	0.0	0.0	0.0	0.0	0.0	0.0	0.0	0.0	0.0	0.0	0.0	0.0	0.0	0.0
GSM4138110_HNSCC_1_PBMC_TGACGGCAGCGCCTTG	129.1899096222551	5.721425529931966	58.85759481089743	44.001280585013326	0.0	0.0	0.0	35.461556748285126	0.0	0.0	0.0	0.0	0.0	0.0	1.5540155748952138	69.13235795250726	10.15250147328846	0.0	0.0	0.0	0.0	0.0	0.0	0.0	56.53744653919128	0.0	0.0	0.0	0.0	0.0	82.56438285391859
GSM4138110_HNSCC_1_PBMC_TGACGGCGTTACGACT	111.79216175556766	57.590028015072136	0.0	18.58378101677567	0.0	46.14882487809636	54.20999404261685	0.0	0.0	0.0	0.0	0.0	0.0	12.016102467789532	0.0	0.0	0.0	0.0	0.0	0.0	0.0	0.0	0.0	0.0	38.4261424871982	0.0	26.892752356617947	0.0	0.0	0.0	0.0
GSM4138110_HNSCC_1_PBMC_TGACGGCTCGGTTCGG	117.61886013326638	27.8000143387253	55.29369667612499	26.304669691771263	0.0	12.744300546860298	0.0	11.902472291929168	85.33951653450379	0.0	0.0	0.0	0.0	0.0	0.0	0.0	0.0	0.0	40.84777364804103	0.0	0.0	0.0	0.0	0.0	0.0	0.0	63.445210764651776	0.0	0.0	0.0	0.0
GSM4138110_HNSCC_1_PBMC_TGACTAGAGAACTGTA	30.09346211225344	0.0	98.89438359021403	9.37174517996585	42.182393245839464	41.54571481331677	0.0	0.0	0.0	0.0	0.0	0.0	0.0	0.0	0.0	0.0	0.0	27.64529364689883	0.0	0.0	0.0	0.0	0.0	0.0	0.0	0.0	0.0	0.0	0.0	0.0	0.0
GSM4138110_HNSCC_1_PBMC_TGAGCATGTATTCTCT	152.03733804808982	254.9391428371748	0.0	75.27758040685877	0.0	0.0	0.0	86.25957046120425	2.4811452697451086	0.0	0.0	0.0	0.0	0.0	142.03543008062186	0.0	0.0	0.0	0.0	172.12451918224622	0.0	0.0	0.0	0.0	0.0	0.0	0.0	0.0	0.0	0.0	0.0
GSM4138110_HNSCC_1_PBMC_TGCACCTTCCAGGGCT	91.93233275917927	103.09211011837266	0.0	27.939899817484026	28.44611601883214	0.0	0.0	33.53108349140519	0.0	0.0	0.0	8.435198511051725	0.0	57.70807895132608	158.92016620009434	0.0	0.0	0.0	15.592295238276888	0.0	0.0	0.0	0.0	76.39849946221386	0.0	6.721377268640319	0.0	0.0	0.0	0.0	0.0
GSM4138110_HNSCC_1_PBMC_TGCCAAATCGCGGATC	76.93262537972295	99.87334584339155	1.8310574239225739	55.749424244544905	32.38636343834514	7.467257285183639	0.0	0.0	86.72538477810377	0.0	0.0	0.0	0.0	0.0	0.0	0.0	0.0	56.74775052779162	0.7643930640786829	0.0	0.0	12.449755624050098	0.0	0.0	0.0	0.0	0.0	0.0	3.9016497737457754	0.0	0.0
GSM4138110_HNSCC_1_PBMC_TGCCAAATCTTCCTTC	93.10314245649475	54.042837343119714	0.0	14.06156168845197	48.70437722198907	0.0	0.0	44.89139954798105	0.0	0.0	0.0	0.0	0.0	0.0	79.47400197548379	0.0	0.0	0.0	0.0	0.0	0.0	0.0	0.0	0.0	0.0	0.0	0.0	0.0	0.0	0.0	0.0
GSM4138110_HNSCC_1_PBMC_TGCCCATGTGGTCCGT	116.28860166026247	0.0	25.308838782099507	10.560752180543425	60.735900964347046	0.0	0.0	0.0	0.0	0.0	0.0	0.0	0.0	0.0	47.83061755808544	0.0	0.0	0.0	0.0	0.0	0.0	60.174202054913394	0.0	0.0	0.0	0.0	0.0	0.0	0.0	0.0	0.0
GSM4138110_HNSCC_1_PBMC_TGCCCTACAAAGCAAT	117.58605685435471	38.972075523655505	36.755624183491804	32.68156615643725	35.99499895351413	0.0	0.0	0.0	0.0	0.0	0.0	0.0	15.625026492897042	0.0	0.0	51.38743208638218	0.0	0.0	0.0	0.0	0.0	68.84565882007158	0.0	38.744503284754565	0.0	4.7086807586064765	0.0	0.0	0.0	0.0	0.0
GSM4138110_HNSCC_1_PBMC_TGCCCTAGTGTCGCTG	0.0	0.0	11.42901350303821	17.53543650910938	0.0	0.0	0.0	0.0	0.0	0.0	56.446472669894526	0.0	0.0	61.453195835356176	0.0	0.0	0.0	0.0	26.47697714490778	144.97591215192134	0.0	0.0	0.0	0.0	0.0	0.0	0.0	0.0	0.0	0.0	0.0
GSM4138110_HNSCC_1_PBMC_TGCGCAGAGGGCATGT	161.0676609259133	168.400209444529	0.0	68.72459301011499	25.64876196976859	0.0	0.0	0.0	0.0	62.744321428382165	0.0	38.85127178746089	0.0	0.0	0.0	31.749676171075514	0.0	0.0	0.0	0.0	54.005279313951476	0.0	0.0	0.0	12.87226227632265	0.0	0.0	0.0	146.14282441869267	0.0	0.0
GSM4138110_HNSCC_1_PBMC_TGCTACCCACTACAGT	100.81628118035178	93.74133659286305	0.0	54.08611379254376	0.0	69.87611614057481	0.0	0.0	0.0	0.0	0.0	86.30259839575533	0.0	9.913725004917465	0.0	72.09318775941857	0.0	0.0	0.0	0.0	0.0	0.0	0.0	0.0	0.0	0.0	0.0	0.0	0.0	0.0	0.0
GSM4138110_HNSCC_1_PBMC_TGCTACCCATTACGAC	56.92519878726157	0.0	45.816453732972036	24.007509313193395	61.49543648255222	0.0	0.0	0.0	0.0	0.0	0.0	0.0	0.0	0.0	44.76091526450121	0.0	0.0	0.0	0.0	0.0	0.0	35.0718743051254	0.0	0.0	0.0	6.864081061539148	0.0	0.0	0.0	0.0	0.0
GSM4138110_HNSCC_1_PBMC_TGCTACCTCAACCAAC	63.97745624000498	0.0	50.20320263634326	19.452394183062108	0.0	0.0	32.99839888847244	0.0	9.32348642161744	1.012753941267027	0.0	51.65683130876913	0.0	0.0	0.0	0.0	0.0	0.0	69.46575086400867	0.0	0.0	0.0	0.0	0.0	0.0	0.0	0.0	0.0	0.0	0.0	0.0
GSM4138110_HNSCC_1_PBMC_TGGACGCGTCATACTG	95.3819527939209	72.64653713889179	0.0	21.90276535564144	60.51720931852027	0.0	0.0	0.0	0.0	0.0	0.0	0.0	41.655359939329294	0.0	0.0	76.54543398693586	0.0	0.0	0.0	0.0	0.0	90.03281933897165	0.0	0.0	0.0	0.0	0.0	0.0	0.0	0.0	0.0
GSM4138110_HNSCC_1_PBMC_TGGCCAGTCCTTAATC	35.13014599135745	0.0	68.19284358219092	108.13121415931134	0.0	43.02357958798527	128.08990635175144	0.0	0.0	0.0	0.0	25.727581061674847	0.0	61.247018216014986	0.0	0.0	0.0	38.78268019778057	0.0	0.0	0.0	0.0	0.0	0.0	0.0	0.0	0.0	0.0	0.0	0.0	0.0
GSM4138110_HNSCC_1_PBMC_TGGCTGGCAGTCGATT	187.79553531092967	167.35175192272996	0.0	48.24606658056403	0.0	60.91911436172652	140.7845957830687	6.134238672420742	0.0	0.0	0.0	0.0	0.0	0.0	0.0	0.0	113.82119801170444	0.0	0.0	0.0	0.0	0.0	0.0	0.0	0.0	0.0	0.0	0.0	0.0	0.0	0.0
GSM4138110_HNSCC_1_PBMC_TGGGAAGCAATGGAGC	64.62311108131244	0.0	38.20837983612235	15.067170124242882	0.0	0.0	0.0	0.0	0.0	0.0	47.52745887686852	51.624214743602685	0.0	0.0	0.0	0.0	0.0	0.0	0.0	0.0	0.0	0.0	36.78760038254028	0.0	0.0	0.0	0.0	0.0	0.0	0.0	0.0
GSM4138110_HNSCC_1_PBMC_TGGGCGTAGGGAGTAA	89.75743129548856	73.72011544998927	2.1652954013992574	29.034371506364174	0.0	28.448082356517215	49.17386678374064	0.0	0.0	0.0	0.0	63.240255218828814	0.0	0.0	0.0	0.0	0.0	0.0	0.0	0.0	0.0	0.0	0.0	0.0	0.0	0.0	0.0	0.0	0.0	0.0	0.0
GSM4138110_HNSCC_1_PBMC_TGGGCGTGTTCGCGAC	81.10665795391266	93.39755947039019	0.0	22.120987600713175	0.0	30.698298734542796	0.0	0.0	49.4502422086324	0.0	0.0	0.0	0.0	0.0	0.0	0.0	0.0	43.29784040501757	0.0	0.0	0.0	0.0	0.0	0.0	0.0	0.0	0.0	0.0	0.0	0.0	0.0
GSM4138110_HNSCC_1_PBMC_TGGGCGTTCAACTCTT	0.0	53.17364934441715	0.0	18.127185177699758	0.0	91.58238128625315	0.0	0.0	0.0	0.0	0.0	0.0	0.9182276236991709	67.8459969056009	0.0	21.38967677244786	0.0	0.0	0.0	0.0	85.93698272301295	0.0	0.0	0.0	0.0	0.0	0.0	0.0	0.0	0.0	0.0
GSM4138110_HNSCC_1_PBMC_TGGTTAGGTAGAAAGG	18.52142110681581	0.0	121.91543117434645	10.937163308963463	0.0	27.582718424276536	67.08079043125288	9.760166406643862	0.0	0.0	0.0	0.0	5.701537489474726	0.0	0.0	0.0	0.0	40.96520234981109	0.0	0.0	0.0	0.0	0.0	0.0	0.0	0.0	0.0	0.0	0.0	0.0	0.0
GSM4138110_HNSCC_1_PBMC_TGGTTAGTCGTCCGTT	89.24758299130272	124.72273091547308	0.0	52.75331307181061	0.0	51.04145723448675	0.0	0.0	17.70923245336812	0.0	51.4501508602191	0.0	0.0	50.05805854493255	0.0	0.0	5.029997789548192	0.0	0.0	0.0	0.0	0.0	0.0	0.0	84.51377849197804	0.0	0.0	0.0	0.0	0.0	0.0
GSM4138110_HNSCC_1_PBMC_TTAACTCGTGTTCTTT	90.50879728068686	0.0	28.116447647573178	22.605514011147026	0.0	45.008010528881954	0.0	22.09037563457397	30.77045342983265	0.0	0.0	0.0	0.0	0.0	0.0	0.0	0.0	53.44242872651608	0.0	0.0	0.0	0.0	0.0	45.31380321867066	0.0	0.0	0.0	0.0	0.0	0.0	0.0
GSM4138110_HNSCC_1_PBMC_TTAACTCGTTAGTGGG	95.32567595567913	0.0	125.79954742042278	24.000847031249574	0.0	57.046860831460044	0.0	0.0	103.36678941880326	0.0	0.0	0.0	0.0	0.0	0.0	0.0	0.0	74.96730285101899	0.0	0.0	0.0	0.0	0.0	0.0	0.0	0.0	44.61689501609301	0.0	0.0	0.0	0.0
GSM4138110_HNSCC_1_PBMC_TTAGGCATCATGTCCC	71.31733980255353	47.271141848116365	0.0	31.99216432849121	0.0	0.0	0.0	36.40353264111634	0.0	47.80711643732407	0.0	29.031899937095762	0.0	0.0	0.0	0.0	0.0	6.019084684402919	0.0	0.0	0.0	0.0	0.0	0.0	0.0	0.0	0.0	0.0	0.0	0.0	19.09637533397618
GSM4138110_HNSCC_1_PBMC_TTCTACAGTTGTGGAG	29.18478959765981	0.0	27.736185099084814	12.463429239912916	0.0	0.0	146.17467662806146	0.0	0.0	0.0	0.0	36.47233837962316	0.0	0.0	0.0	0.0	0.0	0.0	0.0	0.0	0.0	0.0	38.33399829282859	0.0	0.0	0.0	0.0	0.0	0.0	0.0	0.0
GSM4138110_HNSCC_1_PBMC_TTCTCAATCCTCTAGC	109.54398159003102	23.3084546105604	47.05885088565764	26.808317742623643	0.0	0.0	0.0	28.272335529612228	0.0	64.2240353520245	0.0	0.0	0.0	0.0	0.0	0.0	0.0	0.0	0.0	0.0	0.0	0.0	0.0	0.0	120.08827277289753	0.0	0.0	0.0	0.0	32.021947328882625	0.0
GSM4138110_HNSCC_1_PBMC_TTCTCCTTCCCGACTT	21.231684748329847	0.0	40.39795109957862	37.57493581293072	0.0	0.0	0.0	42.55914218273984	0.0	0.0	58.081147844096435	0.0	38.53334611427647	20.893463940200206	0.0	0.0	0.0	0.0	0.0	0.0	0.0	0.0	0.0	0.0	0.0	0.0	0.0	0.0	0.0	0.0	0.0
GSM4138110_HNSCC_1_PBMC_TTGACTTCATGGAATA	10.250530411856246	102.18543664659958	0.0	14.531863267061352	0.0	0.0	71.32237810855369	0.0	0.0	2.1804818545098827	0.0	0.0	0.0	49.6870468036691	0.0	0.0	0.0	0.0	0.0	0.0	0.0	51.93789821658473	0.0	0.0	74.95023595113082	0.0	0.0	0.0	0.0	5.63435191990516	0.0
GSM4138110_HNSCC_1_PBMC_TTGACTTTCAGGTAAA	68.69860797153537	55.3663167421493	0.0	17.906107898808575	0.0	0.0	0.0	0.0	0.0	0.0	58.91632786604724	0.0	0.0	0.0	0.0	0.0	0.0	0.0	59.36692656653831	0.0	0.0	0.0	0.0	80.28016755087947	0.0	5.28390107493586	0.0	0.0	0.0	0.0	0.0
GSM4138110_HNSCC_1_PBMC_TTGTAGGCAGCGTTCG	27.785743207675743	36.43857497740253	14.716343835710445	11.643036039903066	0.0	0.0	0.0	0.0	37.07368133703793	0.0	0.0	31.06486563703666	0.0	0.0	0.0	0.0	0.0	0.0	62.15017146643362	0.0	0.0	0.0	0.0	0.0	0.0	0.0	0.0	0.0	0.0	0.0	0.0
GSM4138110_HNSCC_1_PBMC_TTTACTGGTTCTGGTA	115.09955547403523	0.0	70.84105332670413	3.7037540144221994	0.0	0.0	0.0	0.0	0.0	0.0	26.34049316810093	0.0	0.0	0.0	17.732873647202698	0.0	0.0	0.0	0.0	0.0	0.0	0.0	0.0	0.0	22.515054081811417	0.0	0.0	0.0	32.07614676710022	0.0	0.0
GSM4138110_HNSCC_1_PBMC_TTTATGCGTTTGTGTG	76.77386939544728	43.36594964299695	0.0	16.122458560409672	0.0	0.0	0.0	0.0	44.60245990182187	0.0	0.0	0.0	62.487802322129816	0.0	0.0	0.0	0.0	0.0	24.326054281807767	0.0	0.0	0.0	0.0	0.0	0.0	0.0	0.0	0.0	0.0	0.0	0.0
GSM4138110_HNSCC_1_PBMC_TTTCCTCCAGATCCAT	100.43463547793382	67.89463668132035	0.0	15.269491855297835	0.0	0.0	15.51529870151084	0.0	0.0	0.0	0.0	0.0	0.0	0.0	0.0	41.7784410139224	0.0	0.0	0.0	0.0	0.0	0.0	5.4884945135344205	60.4998659076087	0.0	65.42457856242966	0.0	0.0	0.0	0.0	0.0
GSM4138110_HNSCC_1_PBMC_TTTCCTCGTTCGCGAC	105.29628413091106	0.0	63.79133169020207	22.545301255422487	0.0	54.00969045015356	0.0	0.0	115.08613129299668	0.0	0.0	0.0	60.74865582969418	0.0	0.0	0.0	0.0	0.0	0.0	0.0	0.0	0.0	0.0	72.40458322931376	0.0	0.0	0.0	0.0	0.0	0.0	0.0
GSM4138110_HNSCC_1_PBMC_TTTGCGCCACGAAATA	95.32475857897529	71.12051417337304	0.0	25.495485137693297	0.0	75.65617746659397	0.0	0.0	0.0	45.302724347758115	0.0	63.47299558008716	0.0	0.0	0.0	0.0	0.0	0.0	11.641315981616266	0.0	0.0	0.0	0.0	0.0	0.0	0.0	0.0	0.0	0.0	0.0	0.0
GSM4138110_HNSCC_1_PBMC_TTTGCGCGTTTCCACC	35.14765204917616	61.63728605189018	0.0	20.567835368677226	0.0	0.0	0.0	56.59757258771311	0.0	65.46600920021397	0.0	0.0	0.0	0.0	0.0	0.0	0.0	0.0	0.0	0.0	0.0	0.0	0.0	89.3677510398237	0.0	0.0	0.0	0.0	0.0	0.0	0.0
GSM4138110_HNSCC_1_PBMC_TTTGGTTAGAATTGTG	100.9734821998486	22.650107187647215	52.43038644048756	71.20488706097471	0.0	29.221579681884553	0.0	1.2804563297480736	16.533870109917146	0.0	0.0	0.0	0.0	0.0	46.166073430003486	0.0	39.52731525323664	0.0	0.0	0.0	0.0	0.0	0.0	0.0	0.0	0.0	36.12263518558806	0.0	0.0	0.0	0.0
GSM4138110_HNSCC_1_PBMC_TTTGGTTAGAGCAATT	121.49677074235704	60.22614795573302	32.615263628643056	19.965912865854083	0.0	0.0	0.0	0.0	0.0	0.0	0.0	0.0	0.0	0.0	0.0	51.212617323075136	0.0	0.0	71.9098140298802	0.0	0.0	0.0	0.0	0.0	123.89739561250481	0.0	0.0	0.0	0.0	0.0	0.0
GSM4138110_HNSCC_1_PBMC_TTTGGTTGTCCGTGAC	157.50349143332068	0.0	54.31867215017586	34.311006502283604	18.581013458250087	0.0	0.0	69.63673699246439	0.0	0.0	0.0	0.0	0.0	0.0	58.61659831106247	0.0	0.0	0.0	0.0	0.0	24.955310190949668	0.0	0.0	0.0	0.0	0.0	0.0	0.0	0.0	0.0	0.0
GSM4138110_HNSCC_1_PBMC_TTTGTCAAGTACGATA	98.28035637256089	54.43099722905902	36.45237372607993	56.31395772043747	0.0	57.68940040323731	29.171910647461782	8.364140695809033	0.0	10.548295849423926	45.17904860656218	0.0	0.0	0.0	0.0	0.0	86.99642314779678	0.0	0.0	0.0	0.0	0.0	0.0	0.0	0.0	0.0	0.0	0.0	0.0	0.0	0.0
GSM4138110_HNSCC_1_PBMC_TTTGTCATCAGGCAAG	60.96502029398079	48.976092313557004	8.434695339502351	20.498579769544705	59.09032833069596	19.4300310373653	0.0	0.0	45.141303600722956	0.0	0.0	0.0	27.05726791940879	68.6378172572414	0.0	0.0	0.0	0.0	12.935034269235532	0.0	0.0	16.555787189656325	0.0	23.74616060338929	0.0	9.67155766116976	0.0	0.0	0.0	0.0	0.0
GSM4138110_HNSCC_1_PBMC_TTTGTCATCGCGTAGC	60.55346610169143	29.736667190160894	29.572815990885747	13.679575455658187	0.0	47.47987495796539	0.0	0.0	20.557732701550727	0.0	33.525198820028066	0.0	36.347300823939854	0.0	0.0	0.0	0.0	0.0	0.0	0.0	0.0	0.0	0.0	25.115583719456428	0.0	0.0	0.0	0.0	0.0	0.0	0.0
GSM4138110_HNSCC_1_PBMC_ACGGAGAAGCAGGCTA	0.0	130.9416426330837	0.0	36.277731010039965	42.20733162075234	0.0	0.0	0.0	0.0	0.0	35.95172987225963	9.797720334544797	0.0	89.06512658637443	0.0	0.0	0.0	0.0	0.0	0.0	0.0	0.0	0.0	0.0	0.0	0.0	0.0	0.0	77.29373978944729	0.0	0.0
GSM4138110_HNSCC_1_PBMC_ACTATCTGTCGAGTTT	170.85265908997263	103.67137075928083	0.0	38.239715053606155	47.37518930927547	0.0	0.0	89.02890043259282	0.0	51.36967475300661	0.0	0.0	0.0	0.0	0.0	39.62914264538639	0.0	0.0	0.0	56.34753875405639	0.0	0.0	0.0	0.0	0.0	0.0	0.0	0.0	0.0	0.0	0.0
GSM4138110_HNSCC_1_PBMC_CAGTCCTGTAGAAGGA	69.72627936849074	0.0	50.62952375065757	34.257454492104976	0.0	65.79366307903632	0.0	0.0	69.88133140881014	0.0	0.0	0.0	0.0	0.0	0.0	0.0	0.0	0.0	0.0	91.25523320050536	0.0	0.0	0.0	0.0	0.0	0.0	0.0	0.0	0.0	0.0	0.0
GSM4138110_HNSCC_1_PBMC_CGATGTATCGGTCTAA	123.77935811534688	0.0	80.63657564769727	20.342278416607655	0.0	33.72476157407929	0.0	0.0	71.86361873185564	0.0	0.0	0.0	46.760708118328544	0.0	0.0	0.0	0.0	0.0	0.0	0.0	0.0	0.0	0.0	0.0	0.0	0.0	0.0	0.0	0.0	0.0	0.0
GSM4138110_HNSCC_1_PBMC_GACCTGGTCGCCAAAT	85.31405787611025	0.0	69.58011487075623	27.53127729506306	0.0	27.149705835990268	79.59853840857761	27.066499373216747	0.0	0.0	0.0	0.0	0.0	0.0	0.0	0.0	97.37009344491528	0.0	0.0	0.0	0.0	0.0	0.0	0.0	0.0	0.0	0.0	0.0	0.0	0.0	0.0
GSM4138110_HNSCC_1_PBMC_TACGGTACATGGTCAT	188.74408259413218	121.46926401027517	0.0	26.315693491423122	131.2818832060564	0.0	111.24096532523889	118.27215544841837	0.0	0.0	0.0	0.0	0.0	0.0	0.0	0.0	0.0	0.0	0.0	0.0	0.0	0.0	0.0	0.0	0.0	0.0	0.0	0.0	0.0	0.0	0.0
GSM4138110_HNSCC_1_PBMC_TTAGTTCTCGCGGATC	71.40172914547483	62.78880063600917	0.0	32.40099568096587	44.562127455672005	50.93843737674241	47.102170944321344	0.0	0.0	7.770055246863678	0.0	0.0	0.0	0.0	0.0	0.0	0.0	0.0	0.0	0.0	0.0	0.0	0.0	0.0	0.0	0.0	0.0	0.0	0.0	0.0	0.0
GSM4138110_HNSCC_1_PBMC_AAAGCAACACGCGAAA	177.28516349700044	24.372236422597464	104.26919893883584	36.07886325769707	169.18963635786565	0.0	0.0	0.0	121.22153049668154	0.0	0.0	0.0	0.0	0.0	0.0	0.0	0.0	0.0	0.0	0.0	0.0	0.0	0.0	0.0	0.0	0.0	0.0	0.0	24.97454203182572	0.0	0.0
GSM4138110_HNSCC_1_PBMC_AACTTTCGTGTATGGG	68.17813511107609	0.0	69.9419832692385	10.370523613185416	33.366182214327324	5.454635407879838	0.0	0.0	0.0	0.0	0.0	0.0	0.0	0.0	80.57915156152411	0.0	0.0	0.0	0.0	0.0	0.0	0.0	3.0502010737291907	0.0	0.0	0.0	0.0	0.0	0.0	0.0	0.0
GSM4138110_HNSCC_1_PBMC_AAGGAGCAGGGAAACA	96.43786053046786	133.47556943758292	0.0	24.88346938721146	0.0	52.788915666050165	0.0	0.0	72.38315756818434	0.0	0.0	0.0	0.0	0.0	0.0	0.0	0.0	0.0	0.0	55.19634123959783	0.0	0.0	0.0	0.0	0.0	0.0	0.0	0.0	0.0	0.0	0.0
GSM4138110_HNSCC_1_PBMC_AATCGGTGTAATCACC	100.79923501947295	72.42132715099007	41.102113930567036	17.696639367016434	128.45074429367406	0.0	0.0	34.20565710579389	0.0	0.0	85.61814051510653	0.0	0.0	0.0	0.0	0.0	0.0	0.0	0.0	0.0	0.0	0.0	0.0	0.0	0.0	0.0	0.0	0.0	0.0	0.0	0.0
GSM4138110_HNSCC_1_PBMC_ATAACGCTCACAACGT	262.99851767316716	159.07116297940362	4.663443209623931	65.19726434692757	0.0	0.0	0.0	0.0	0.0	0.0	0.0	0.0	0.0	0.0	0.0	153.84411162167254	0.0	0.0	15.030234011222174	208.76993201186752	0.0	0.0	0.0	0.0	0.0	97.46794863466326	0.0	0.0	0.0	0.0	0.0
GSM4138110_HNSCC_1_PBMC_ATCATCTTCTGGCGAC	188.89244290989225	31.23177047976589	108.2930496189203	21.620314469552834	157.65658489158872	0.0	122.57352248321772	0.0	0.0	33.533144597793935	0.0	0.0	0.0	0.0	0.0	0.0	0.0	0.0	0.0	0.0	0.0	0.0	113.94090982111774	0.0	0.0	0.0	0.0	0.0	0.0	0.0	0.0
GSM4138110_HNSCC_1_PBMC_ATCCGAATCGTTTATC	130.28818311111098	119.21731351812129	0.0	65.60920802838163	0.0	0.0	0.0	0.0	0.0	98.76194399417075	0.0	0.0	0.0	0.0	0.0	0.0	47.39471935986383	0.0	0.0	0.0	0.0	31.871835859224014	0.0	0.0	41.27349505738351	0.0	0.0	0.0	10.111852563839792	0.0	0.0
GSM4138110_HNSCC_1_PBMC_ATGCGATTCGTGGGAA	137.6510476109368	109.11115849173548	47.83005563066921	38.066962281782665	96.14780046596391	113.22951609861377	80.47697914925295	0.0	0.0	0.0	0.0	0.0	0.0	0.0	0.0	0.0	0.0	0.0	0.0	0.0	0.0	0.0	0.0	0.0	0.0	0.0	0.0	0.0	0.0	0.0	0.0
GSM4138110_HNSCC_1_PBMC_CAAGAAATCAGGCAAG	64.6512389980104	63.112862799387656	8.372888614943571	9.230546063144736	0.0	0.0	0.0	0.0	24.030390114848498	0.0	0.0	82.4422509205829	0.0	0.0	41.692648920929685	0.0	0.0	0.0	0.0	0.0	0.0	0.0	0.0	0.0	0.0	0.0	0.0	0.0	43.3952354115475	0.0	0.0
GSM4138110_HNSCC_1_PBMC_CACAGGCCACACCGAC	179.32874580269572	0.0	194.42528077703088	35.543817786038154	0.0	0.0	150.42451734609506	0.0	0.0	0.0	0.0	0.0	0.0	0.0	0.0	0.0	0.0	0.0	0.0	0.0	0.0	100.2609940664527	0.0	0.0	198.01473871446248	0.0	0.0	0.0	0.0	0.0	0.0
GSM4138110_HNSCC_1_PBMC_CACTCCATCTGTACGA	52.55091401824641	54.69454571233841	13.231383996912191	32.125748972557425	0.0	0.0	13.704289142681873	0.0	75.21149413490257	0.0	0.0	0.0	0.0	0.0	0.0	0.0	0.0	0.0	0.0	55.22372199757008	0.0	0.0	0.0	0.0	0.0	13.91997348944763	0.0	0.0	0.0	0.0	0.0
GSM4138110_HNSCC_1_PBMC_CCTTCCCTCGCCTGTT	106.65280083408202	53.22337245995837	0.0	11.548528176763822	0.0	0.0	33.74745133767986	36.33462115267161	0.0	0.0	0.0	0.0	0.0	0.0	0.0	0.0	0.0	0.0	0.0	0.0	40.204242913756985	19.456497631217623	0.0	0.0	0.0	7.596648731076041	0.0	0.0	0.0	0.0	0.0
GSM4138110_HNSCC_1_PBMC_CGATTGAAGACTAAGT	150.86272377656425	109.05248391162361	0.0	21.916124624353653	80.37548952775579	39.46409198367754	45.61713253331649	34.768124722283744	0.0	0.0	0.0	0.0	0.0	0.0	0.0	49.56886794086679	0.0	0.0	0.0	0.0	0.0	0.0	0.0	0.0	0.0	0.0	0.0	0.0	0.0	0.0	0.0
GSM4138110_HNSCC_1_PBMC_CGGACGTTCTGAGTGT	36.182259143862765	24.5598131362014	11.182335007078432	12.466460118303248	86.60859038902774	34.4289396398178	48.52775071277229	0.0	0.0	0.0	0.0	0.0	0.0	0.0	0.0	0.0	0.0	0.0	0.0	0.0	0.0	0.0	0.0	0.0	0.0	0.0	16.33406089188758	0.0	0.0	0.0	0.0
GSM4138110_HNSCC_1_PBMC_CGGGTCATCCCAACGG	70.21659166360769	18.364502080175903	21.480225761806548	13.811340432756502	0.0	0.0	0.0	0.0	56.91516327254049	0.0	0.0	0.0	0.0	0.0	0.0	0.0	0.0	44.685674481839655	0.0	0.0	0.0	0.0	13.231527616490126	0.0	0.0	0.0	0.0	0.0	0.0	0.0	17.547664885002582
GSM4138110_HNSCC_1_PBMC_CTCGAGGCATAGACTC	107.98170874047271	149.91632383478822	0.0	54.04621565701571	0.0	38.83078682749378	0.0	8.39388658773122	0.0	0.0	197.50530775090039	0.0	0.0	170.28929865341559	0.0	0.0	45.88304126743449	0.0	0.0	0.0	0.0	0.0	0.0	0.0	73.39248466146466	0.0	0.0	0.0	0.0	0.0	0.0
GSM4138110_HNSCC_1_PBMC_CTCGTCACAATAAGCA	180.21082841421705	112.27126472846547	0.0	29.905091495093213	0.0	86.43541825727543	137.69183844702772	0.0	0.0	0.0	0.0	0.0	0.0	0.0	0.0	0.0	0.0	0.0	0.0	0.0	101.2826338291855	0.0	0.0	0.0	0.0	0.0	0.0	0.0	0.0	0.0	0.0
GSM4138110_HNSCC_1_PBMC_CTGATCCTCTTTAGGG	148.63274914485828	39.27959172790916	73.73733523093644	52.694885492831816	78.96138349706612	40.0240607332689	92.01235894359276	0.0	0.48500016006691565	0.0	0.0	0.0	0.0	0.0	0.0	0.0	0.0	0.0	0.0	0.0	26.13630920639968	0.0	0.0	0.0	0.0	0.0	0.0	0.0	0.0	0.0	0.0
GSM4138110_HNSCC_1_PBMC_CTGTGCTTCTAACGGT	88.75678957431222	110.80359665684702	0.0	43.46114387874742	99.99707466310637	0.0	0.0	0.0	0.0	29.44530770980597	0.0	0.0	0.0	0.0	0.0	38.392678931994666	0.0	0.0	0.0	0.0	0.0	0.0	0.0	0.0	0.0	95.2094026778491	0.0	0.0	0.0	0.0	0.0
GSM4138110_HNSCC_1_PBMC_CTGTGCTTCTATCGCC	48.458030646472935	0.0	102.69197774317061	22.971111522716477	124.74799994605739	43.20232310252065	0.0	0.0	130.6732004192621	0.0	0.0	0.0	0.0	0.0	0.0	0.0	0.0	0.0	0.0	0.0	0.0	0.0	0.0	0.0	0.0	0.0	0.0	0.0	0.0	0.0	0.0
GSM4138110_HNSCC_1_PBMC_GACTAACGTCGACTGC	68.39108136185078	8.282753149353708	82.29068011322148	20.068095474652473	90.54543149518646	57.39715567562331	0.0	0.0	0.0	0.0	81.61993106942055	0.0	0.0	0.0	0.0	0.0	0.0	0.0	0.0	0.0	0.0	0.0	0.0	0.0	0.0	0.0	0.0	0.0	0.0	0.0	0.0
GSM4138110_HNSCC_1_PBMC_GAGGTGATCGTCCGTT	135.09212216560883	0.0	92.08189825375881	36.43374020396913	0.0	0.0	0.0	54.67968098621289	0.0	21.737137011243984	0.0	0.0	0.0	0.0	0.0	122.37782190319805	0.0	0.0	0.0	0.0	125.85599834143304	0.0	0.0	0.0	0.0	0.0	0.0	0.0	0.0	0.0	0.0
GSM4138110_HNSCC_1_PBMC_GATCAGTAGTGTACTC	104.52721875999391	0.0	141.17323629180558	31.29167538589058	7.026000417013104	0.0	0.0	0.0	0.0	0.0	113.57396589133663	0.0	0.0	0.0	0.0	0.0	0.0	0.0	0.0	0.0	104.53725046496544	52.50491728817135	0.0	0.0	0.0	0.0	0.0	0.0	0.0	0.0	0.0
GSM4138110_HNSCC_1_PBMC_GCTCTGTAGTATCTCG	0.0	0.0	0.0	0.0	0.0	0.0	3014.739447652489	0.0	62.02545531199871	0.0	111.64297255625549	0.0	0.0	0.0	200.91492270463286	0.0	0.0	0.0	0.0	0.0	0.0	0.0	0.0	0.0	0.0	0.0	0.0	0.0	0.0	0.0	0.0
GSM4138110_HNSCC_1_PBMC_GGAACTTTCCGATATG	119.72402764386017	59.94504369974275	7.413695073966516	16.972110457650846	45.72069632261004	32.93253444640453	0.0	4.387578281498338	0.0	0.0	68.22562127362536	0.0	0.0	0.0	0.0	0.0	0.0	0.0	0.0	0.0	0.0	0.0	0.0	0.0	0.0	0.0	0.0	0.0	0.0	0.0	60.70026003709185
GSM4138110_HNSCC_1_PBMC_GGACAGAAGCCATCGC	158.28626972658276	63.37209974699409	48.350797160241775	40.04226866739522	0.0	32.53001071650547	0.0	47.92584680349359	3.4397323691133175	0.0	0.0	0.0	0.0	0.0	79.61631205524027	0.0	0.0	0.0	0.0	0.0	0.0	0.0	0.0	70.99018308770009	47.41831355694441	0.0	0.0	0.0	0.0	0.0	0.0
GSM4138110_HNSCC_1_PBMC_GGATGTTGTGCAGTAG	88.32820239745746	0.0	112.71927912081792	20.491013894872772	0.0	54.174747720938214	94.40391045855542	0.0	0.0	0.0	0.0	0.0	0.0	0.0	0.0	0.0	83.38024577159187	0.0	0.0	0.0	0.0	0.0	0.0	0.0	0.0	0.0	0.0	0.0	0.0	0.0	0.0
GSM4138110_HNSCC_1_PBMC_GTAACTGCAGCTGTTA	133.80088961333743	0.0	136.30456536079637	43.543682162880415	0.0	40.791303418854454	0.0	0.0	60.94867749690945	0.0	0.0	0.0	0.0	0.0	0.0	0.0	87.20315629852112	0.0	0.0	0.0	0.0	0.0	0.0	0.0	0.0	0.0	0.0	0.0	0.0	0.0	0.0
GSM4138110_HNSCC_1_PBMC_GTATTCTAGTAATCCC	135.3501083332865	186.7605003218344	0.0	29.325528735275775	0.0	0.0	0.0	116.28473055503748	0.0	0.0	0.0	0.0	0.0	0.0	0.0	139.03665141837183	142.12999969466358	0.0	0.0	0.0	0.0	0.0	0.0	0.0	0.0	0.0	0.0	0.0	0.0	0.0	0.0
GSM4138110_HNSCC_1_PBMC_GTGCAGCAGTCAAGCG	243.9247072752665	209.87046247345873	78.54440229334186	48.209147403896644	0.0	8.797558766459884	0.0	212.42369962004202	55.698831483696914	193.09505610902053	0.0	0.0	0.0	0.0	0.0	0.0	0.0	191.1756323596846	0.0	0.0	0.0	0.0	0.0	44.87235268245112	0.0	0.0	0.0	169.53680753453227	0.0	0.0	0.0
GSM4138110_HNSCC_1_PBMC_GTGCATACACAGGCCT	87.82527399030648	98.30910992367036	0.0	19.120646725639293	0.0	0.0	131.02054522647367	55.7096624566008	0.0	0.0	0.0	0.0	43.193253826118514	0.0	0.0	0.0	5.289283174686311	0.0	0.0	55.62807202353327	28.513713093655298	0.0	0.0	0.0	0.0	0.0	0.0	0.0	0.0	0.0	0.0
GSM4138110_HNSCC_1_PBMC_TACTCGCGTTTAGCTG	114.44149135366848	0.0	101.25535985469087	16.812963946596156	0.0	0.0	0.0	0.0	48.1850667447162	0.0	34.62483159404016	0.0	10.314609603526112	0.0	0.0	0.0	0.0	0.0	0.0	0.0	127.09918744451643	0.0	0.0	0.0	0.0	0.0	0.0	0.0	0.0	41.81123297835153	0.0
GSM4138110_HNSCC_1_PBMC_TACTTACGTTATGCGT	47.217799457539	124.79395689641159	0.0	41.971489762171025	0.0	0.0	0.0	52.950193208038456	0.0	0.0	71.3744860369819	0.0	0.0	0.0	0.0	0.0	0.0	0.0	0.0	122.56753910004028	0.0	0.0	0.0	0.0	0.0	0.0	0.0	0.0	0.0	0.0	0.0
GSM4138110_HNSCC_1_PBMC_TAGCCGGGTTCAACCA	69.29403542295262	89.7352903429385	0.0	23.513502477071317	0.0	40.54524634888759	0.0	24.485792397339008	0.0	0.0	0.0	0.0	0.0	0.0	0.0	81.61018904668286	75.03089918932763	0.0	0.0	0.0	0.0	0.0	0.0	0.0	0.0	0.0	0.0	0.0	0.0	0.0	0.0
GSM4138110_HNSCC_1_PBMC_TCAGCAATCCCAAGAT	124.85144222629127	120.1711633418285	15.036139309541921	23.857988889006315	182.4072981770335	0.0	123.1454632203916	0.0	0.0	0.0	0.0	0.0	0.0	0.0	0.0	0.0	0.0	0.0	73.71978688770042	0.0	0.0	0.0	0.0	0.0	0.0	0.0	0.0	0.0	0.0	0.0	0.0
GSM4138110_HNSCC_1_PBMC_TGACGGCGTTGAGTTC	202.50960130491373	257.8827010099033	3.8127838807253642	62.00167682090395	0.0	0.0	54.493047819719	0.0	73.68925338063467	0.0	14.163501876497513	0.0	0.0	0.0	211.94313277722694	0.020301737738882247	0.0	0.0	0.0	268.55948836011413	0.0	0.0	321.30553496793084	0.0	0.0	0.0	0.0	0.0	0.0	0.0	0.0
GSM4138110_HNSCC_1_PBMC_TTGCGTCGTACTTCTT	187.7589534771563	0.0	155.24494970628194	40.05629643101215	73.1534444405305	107.3078920122564	0.0	0.0	121.65694710358154	0.0	0.0	0.0	0.0	0.0	0.0	0.0	0.0	0.0	0.0	0.0	0.0	0.0	0.0	0.0	0.0	0.0	0.0	0.0	0.0	0.0	0.0
GSM4138110_HNSCC_1_PBMC_TTTGTCAGTTAAGATG	93.14248229123592	0.0	68.92533890256641	23.454680519082075	88.34495070544605	21.97995610492239	0.0	0.0	36.4903404465768	22.352498876920052	0.0	0.0	0.0	0.0	0.0	0.0	0.0	0.0	0.0	0.0	0.0	0.0	0.0	0.0	0.0	0.0	0.0	0.0	0.0	0.0	0.0
GSM4138110_HNSCC_1_PBMC_ACGCAGCTCGTCACGG	194.92866336349866	187.13553922376187	21.217973298394156	47.89863755824948	16.86117553996962	0.0	0.0	0.0	0.0	126.75756654575821	12.696093715932175	43.46945363403334	26.26887149372843	0.0	0.0	0.0	0.0	0.0	49.609744154223485	0.0	0.0	0.0	0.0	0.0	0.0	0.0	46.73297048680465	0.0	0.0	0.0	0.0
GSM4138110_HNSCC_1_PBMC_ATCATCTAGGAATCGC	142.35860771284436	0.0	103.70058765849097	39.69776932413077	0.0	0.0	0.0	0.0	0.0	0.0	96.58747470448347	143.86100933179537	0.0	0.0	0.0	0.0	0.0	0.0	0.0	0.0	0.0	0.0	0.0	0.0	0.0	0.0	0.0	0.0	76.57571067084089	0.0	0.0
GSM4138110_HNSCC_1_PBMC_TCAACGAGTTACGGAG	2611.43232778354	0.0	0.0	0.0	0.0	0.0	0.0	0.0	0.0	0.0	0.0	0.0	0.0	294.4473977504291	0.0	0.0	0.0	0.0	0.0	0.0	0.0	0.0	0.0	0.0	0.0	0.0	0.0	0.0	0.0	0.0	0.0
GSM4138110_HNSCC_1_PBMC_AAACCTGGTCTCCCTA	83.78805722369135	260.6364185996912	19.305768578689243	41.65384076078085	0.0	0.0	233.2571606454557	0.0	0.0	0.0	0.0	0.0	0.0	249.23091805450736	0.0	0.0	0.0	10.82168854589153	73.60601085429875	0.0	0.0	0.0	0.0	168.56175656847788	0.0	0.0	65.13069398707057	0.0	0.0	0.0	0.0
GSM4138110_HNSCC_1_PBMC_ACACCGGAGTACACCT	395.08878101223877	368.88891222158617	22.796955500121573	35.78784670750954	228.5726312139014	0.0	0.0	0.0	0.0	144.1599731573929	0.09833552375190471	0.0	0.0	0.0	0.0	136.43049278908896	0.0	0.0	0.0	0.0	0.0	0.0	94.6083797293527	0.0	0.0	0.0	0.0	0.0	0.0	52.42830134129467	0.0
GSM4138110_HNSCC_1_PBMC_ACTGCTCGTGGTCCGT	277.35828978755933	32.42309277649694	270.1468807192105	39.60661981896268	0.0	0.0	0.0	0.0	0.0	0.0	0.0	209.71654336396026	0.0	0.0	0.0	161.5347742248553	0.0	0.0	118.31956318791075	0.0	0.0	0.0	0.0	0.0	0.0	0.0	0.0	0.0	0.0	0.0	0.0
GSM4138110_HNSCC_1_PBMC_AGCTCTCGTTAGTGGG	366.56203880561867	213.2817483750037	123.0715711762053	56.2822912320263	0.0	117.94879902039065	0.0	0.0	0.0	0.0	0.0	0.0	0.0	0.0	0.0	242.3870138664007	0.0	0.0	0.0	0.0	0.0	0.0	0.0	0.0	0.0	0.0	181.8151749010477	0.0	0.0	0.0	0.0
GSM4138110_HNSCC_1_PBMC_ATGGGAGAGGATGCGT	299.29315098636187	464.04519641771594	7.000297044661751	39.919003913255835	32.94888756981204	96.37113940914607	0.0	0.0	0.0	0.0	0.0	39.943164663435574	0.0	0.0	0.0	219.53943324566015	0.0	0.0	0.0	0.0	199.98151050040877	0.0	0.0	0.0	0.0	0.0	0.0	0.0	0.0	0.0	0.0
GSM4138110_HNSCC_1_PBMC_ATTATCCTCGGAAATA	342.12781930171235	314.867383082702	17.97168453000345	57.6004644037134	0.0	0.0	0.0	5.158849028769833	0.0	0.0	0.0	165.15650064853125	0.0	0.0	0.0	194.6093779706876	0.0	0.0	106.57549525351747	0.0	0.0	0.0	0.0	0.0	0.0	0.0	0.0	0.0	0.0	0.0	0.0
GSM4138110_HNSCC_1_PBMC_CATCAGATCGCAAACT	126.96554978300595	347.9787139182553	1.2565258169939961	31.093237042982153	0.0	0.0	0.0	0.0	0.0	0.0	0.0	0.0	0.0	230.15740691272944	0.0	187.62033458338044	0.0	0.0	79.17787161449755	0.0	0.0	0.0	0.0	0.0	0.0	0.0	181.73706526622766	0.0	0.0	0.0	0.0
GSM4138110_HNSCC_1_PBMC_CGTAGCGCATGCAACT	343.49920093040055	348.2347088805356	32.9142307259334	43.682032337788016	0.0	0.0	0.0	131.54551949566377	0.0	0.0	0.0	161.46402550686875	0.0	0.0	0.0	279.27216053051393	0.0	0.0	0.0	0.0	0.0	2.901935208245359	0.0	0.0	0.0	0.0	0.0	0.0	0.0	0.0	0.0
GSM4138110_HNSCC_1_PBMC_CGTCACTTCACGAAGG	310.9573235458869	367.7009839361054	0.0	53.17258134136114	0.0	6.103925668374933	195.1419212189992	119.22592238080422	0.0	0.0	0.0	254.43834824792097	0.0	0.0	0.0	0.0	0.0	0.0	0.0	0.0	0.0	0.0	0.0	0.0	0.0	0.0	0.0	0.0	0.0	0.0	0.0
GSM4138110_HNSCC_1_PBMC_GCATACACACCAGCAC	258.8009732336966	343.00039668101766	0.0	27.511207633284112	0.0	0.0	0.0	97.18885093846399	0.0	0.0	0.0	0.0	0.0	0.0	0.0	173.11937014157994	0.0	0.0	0.0	0.0	0.0	0.0	0.0	0.0	205.80169066789483	0.0	0.0	0.0	0.0	0.0	0.0
GSM4138110_HNSCC_1_PBMC_GCGACCAGTCGATTGT	344.62288638547915	381.6802580809946	0.0	46.932826456193084	0.0	126.56184607960965	67.34856706164152	0.0	0.0	0.0	0.0	0.0	0.0	0.0	0.0	111.20014212326737	93.03326439763958	91.58435904462617	0.0	0.0	0.0	0.0	0.0	0.0	0.0	0.0	8.948609289181237	0.0	0.0	0.0	0.0
GSM4138110_HNSCC_1_PBMC_TACTTACTCGGCGCAT	69.12525375467938	2.222398770044906	105.095582746682	40.671014086672095	79.48173580258121	0.0	0.0	0.0	0.0	0.0	0.0	0.0	0.0	0.0	91.23115501528378	0.0	0.0	0.0	46.03077407013566	0.0	0.0	0.0	0.0	0.0	0.0	0.0	0.0	0.0	0.0	0.0	0.0
GSM4138110_HNSCC_1_PBMC_ACCGTAAGTTACGTCA	134.62723410881753	0.0	311.161642986183	19.160876007867383	0.0	0.0	0.0	0.0	0.0	137.38980817904226	0.0	0.0	0.0	0.0	0.0	0.0	0.0	0.0	103.00187049050908	0.0	168.42448884120623	0.0	0.0	0.0	0.0	0.0	0.0	0.0	0.0	0.0	0.0
GSM4138110_HNSCC_1_PBMC_ATCCACCAGACAGACC	74.0005077234954	0.0	167.72645709014267	14.584383358444015	0.0	0.0	0.0	0.0	0.0	61.13187996703522	0.0	0.0	0.0	0.0	0.0	0.0	0.0	0.0	147.24252981396467	0.0	94.9209169803753	0.0	0.0	0.0	0.0	0.0	0.0	0.0	0.0	0.0	0.0
GSM4138110_HNSCC_1_PBMC_ATGAGGGGTATATGGA	0.0	3030.6215811793013	0.0	0.0	0.0	0.0	0.0	0.0	0.0	0.0	0.0	0.0	0.0	0.0	0.0	0.0	0.0	0.0	0.0	0.0	0.0	0.0	0.0	0.0	0.0	0.0	0.0	0.0	0.0	0.0	0.0
GSM4138110_HNSCC_1_PBMC_CACCAGGGTCAGAATA	129.20545867130997	177.8685379658192	133.28797735359137	49.346637027154436	0.0	68.2015885906725	0.0	0.0	0.0	234.71437797238562	0.0	0.0	0.0	0.0	0.0	0.0	120.13822330019836	0.0	0.0	0.0	0.0	0.0	0.0	0.0	0.0	0.0	0.0	0.0	0.0	0.0	0.0
GSM4138110_HNSCC_1_PBMC_CAGCAGCTCAAAGTAG	154.58198718712202	199.3708811192089	62.69232860646994	27.668470022637344	0.0	0.0	0.0	0.0	0.0	162.01991399152797	0.0	0.0	0.0	0.0	0.0	0.0	0.0	0.0	0.0	0.0	0.0	0.0	69.16172471227948	86.0088937547544	0.0	0.0	0.0	0.0	0.0	0.0	0.0
GSM4138110_HNSCC_1_PBMC_CATCCACCAGTAACGG	40.96163171559083	251.00371345306905	116.12144801119938	44.66841425788536	0.0	0.0	94.89875407533435	0.0	0.0	0.0	0.0	0.0	4.483549975025514	112.9591418156366	0.0	0.0	0.0	0.0	0.0	0.0	162.72206021196774	0.0	95.33701670711865	0.0	0.0	0.0	0.0	0.0	0.0	0.0	0.0
GSM4138110_HNSCC_1_PBMC_CCTTTCTCATCCTAGA	0.0	198.8764234950219	40.34102083044716	16.030018696090632	0.0	0.0	123.90661211370228	0.0	0.0	0.0	0.0	0.0	0.0	162.80810480085174	0.0	0.0	0.0	0.0	79.03055611945402	0.0	0.0	0.0	0.0	143.9068755664175	0.0	0.0	0.0	0.0	0.0	0.0	0.0
GSM4138110_HNSCC_1_PBMC_CGTAGGCTCTACCAGA	0.0	249.1642539408086	0.0	30.44437427168868	0.0	0.0	126.87522084187526	0.0	0.0	0.0	0.0	0.0	0.0	125.35423069508376	0.0	3.9493558147267396	0.0	0.0	0.0	0.0	153.06638020383573	98.92373379791475	0.0	0.0	0.0	0.0	0.0	0.0	0.0	0.0	0.0
GSM4138110_HNSCC_1_PBMC_CTGCCTAAGGACATTA	125.1793965532782	168.5879922153789	73.6247397969217	29.73486453730516	0.0	94.43282300934293	0.0	0.0	0.0	124.72034035609715	0.0	0.0	0.0	0.0	0.0	0.0	116.55210842536766	0.0	0.0	0.0	0.0	0.0	0.0	0.0	0.0	0.0	0.0	0.0	0.0	0.0	0.0
GSM4138110_HNSCC_1_PBMC_CTTTGCGGTGGTCCGT	0.0	0.0	197.65606188309144	29.65054827042658	0.0	0.0	0.0	0.0	0.0	66.76976957350946	0.0	0.0	0.0	84.0087956999303	0.0	0.0	0.0	0.0	0.0	0.0	117.97855872448484	0.0	62.072240284619404	0.0	0.0	11.543049763892563	0.0	0.0	0.0	0.0	0.0
GSM4138110_HNSCC_1_PBMC_GAAACTCAGACAAGCC	0.0	373.0424304793647	0.0	22.294244102249152	0.0	0.0	0.0	0.0	0.0	0.0	0.0	0.0	0.0	177.35508306162183	0.0	124.47995071527055	144.06652763528837	0.0	89.2211459687734	0.0	0.0	0.0	0.0	0.0	0.0	0.0	0.0	0.0	0.0	0.0	0.0
GSM4138110_HNSCC_1_PBMC_GACCAATAGCCCGAAA	134.24351171149414	502.39294029567475	179.3491067375283	43.03887171206126	0.0	0.0	117.36956121593305	0.0	0.0	0.0	0.0	0.0	0.0	83.037502119776	0.0	0.0	0.0	168.12267014747366	118.95748356661878	0.0	0.0	0.0	0.0	0.0	0.0	0.0	0.0	0.0	0.0	0.0	0.0
GSM4138110_HNSCC_1_PBMC_GACCAATAGGGCTCTC	86.93612042701476	0.0	244.9303022910523	31.87722723584677	0.0	0.0	0.0	0.0	0.0	3.90923111887373	0.0	0.0	0.0	0.0	0.0	159.47384562006087	156.44189322351593	0.0	0.0	0.0	0.0	111.05394200135302	0.0	0.0	0.0	0.0	0.0	0.0	0.0	0.0	0.0
GSM4138110_HNSCC_1_PBMC_GATGCTATCCTCTAGC	0.0	0.0	306.1737101812767	36.97754883311256	18.398276807856632	0.0	54.376398920647716	0.0	0.0	118.01265553506053	0.0	0.0	27.991288421572488	180.6366098220875	0.0	8.557463880062961	3.963589084802594	0.0	0.0	0.0	0.0	0.0	147.17908918725016	87.80033989563267	0.0	0.0	0.0	0.0	0.0	0.0	0.0
GSM4138110_HNSCC_1_PBMC_GCTGCGATCCCGACTT	26.700102410397307	99.78374813234815	45.28927724397169	32.12484848629637	0.0	0.0	79.65894257557181	0.0	0.0	9.378507046285733	0.0	0.0	0.0	0.0	0.0	0.0	0.0	0.0	0.0	0.0	100.51924136017082	0.0	55.54682931775757	0.0	0.0	0.0	0.0	0.0	0.0	0.0	0.0
GSM4138110_HNSCC_1_PBMC_GTTACAGCAAGTTGTC	113.41090208917339	123.26234597663196	155.07124485785025	91.8149301418025	0.0	63.59523524970379	0.0	0.0	0.0	121.77982465828057	0.0	0.0	0.0	0.0	0.0	0.0	48.625313733432215	0.0	0.0	0.0	0.0	0.0	0.0	0.0	0.0	0.0	0.0	0.0	0.0	0.0	0.0
GSM4138110_HNSCC_1_PBMC_TAGGCATTCAGCGACC	114.49688519445374	0.0	298.35603063526753	12.895372244570137	0.0	0.0	0.0	0.0	0.0	100.03050243026878	0.0	0.0	0.0	81.8049054866268	0.0	0.0	0.0	0.0	0.0	0.0	0.0	0.0	0.0	0.0	0.0	105.72816172624024	154.48941089897139	0.0	0.0	0.0	0.0
GSM4138110_HNSCC_1_PBMC_TCGTACCTCCATGAAC	80.39230604805306	0.0	191.32839252033304	12.203288412647927	0.0	0.0	79.02503787892957	0.0	0.0	0.0	0.0	0.0	0.0	9.920396338893102	0.0	0.0	0.0	0.0	75.59398560472674	0.0	284.5984140209807	0.0	0.0	0.0	0.0	0.0	0.0	0.0	0.0	0.0	0.0
GSM4138110_HNSCC_1_PBMC_TGCGCAGAGAGTCGGT	155.33735028601956	116.15520656433289	132.3844287457749	12.98199124029688	0.0	0.0	0.0	0.0	0.0	132.8658824295635	0.0	92.26166039246004	0.0	0.0	0.0	0.0	0.0	0.0	76.31308527652101	0.0	0.0	0.0	0.0	36.20515101642174	0.0	0.0	0.0	0.0	0.0	0.0	0.0
GSM4138110_HNSCC_1_PBMC_TTGCCGTTCCTATTCA	104.97329075605145	0.0	374.3699459896325	21.728506343972906	0.0	0.0	0.0	0.0	288.42502026343095	0.0	0.0	0.0	0.0	0.0	0.0	0.0	0.0	0.0	0.0	0.0	175.9989966023319	0.0	75.44259015891902	0.0	0.0	0.0	0.0	0.0	0.0	0.0	0.0
GSM4138110_HNSCC_1_PBMC_TTTACTGAGTCCCACG	0.0	0.0	282.851465060877	30.900344780592665	0.0	61.99707380257404	0.0	0.0	0.0	244.19842647520574	0.0	0.0	0.0	223.274620511959	0.0	0.0	113.46588836462645	0.0	0.0	0.0	0.0	0.0	24.206012373221498	0.0	0.0	0.0	0.0	0.0	0.0	0.0	0.0
GSM4138110_HNSCC_1_PBMC_ACGGGTCGTCTTGATG	85.26881934833075	74.85114577554052	3.5746750594558647	36.26589607764185	49.20073957380839	0.0	17.901357254822557	70.72889365255458	0.0	42.96546480348116	0.0	0.0	31.692044448105435	0.0	0.0	0.0	0.0	0.0	0.0	0.0	0.0	0.0	0.0	0.0	0.0	0.0	0.0	0.0	0.0	0.0	0.0
GSM4138110_HNSCC_1_PBMC_AGTGAGGAGGAATCGC	96.01973838699733	59.71670356775795	38.89628303377693	9.128552946800209	15.696494384610995	0.0	0.0	0.0	84.2850242231341	0.0	0.0	0.0	46.433648684717575	0.0	0.0	0.0	0.0	0.0	62.71042315622012	0.0	0.0	0.0	0.0	0.0	0.0	0.0	50.69265005325908	0.0	0.0	0.0	0.0
GSM4138110_HNSCC_1_PBMC_ATGTGTGCAAGCTGGA	326.8822049807956	177.68271451450323	0.0	23.783381079544778	0.0	0.9540072021192367	0.0	0.0	0.0	1.7063006695833094	0.0	0.0	132.21926803891282	0.0	10.26105234667821	48.05702393304083	0.0	0.0	96.53707986539524	0.0	0.0	0.0	0.0	0.0	0.0	0.0	0.0	0.0	0.0	0.0	0.0
GSM4138110_HNSCC_1_PBMC_CGACCTTAGTTACGGG	307.52093845838726	152.50585432448665	0.0	34.4552946312614	124.03707957189893	0.0	0.0	0.0	0.0	0.0	50.14003114939014	0.0	0.0	0.0	0.0	0.0	0.0	0.0	0.0	0.0	0.0	0.0	0.0	0.0	0.0	0.0	0.0	0.0	0.0	118.40260438486256	29.104617347913297
GSM4138110_HNSCC_1_PBMC_GCGACCACATGCATGT	154.89421163531554	0.0	129.65495643344877	71.40357860393893	106.54392763929054	0.0	0.0	0.0	0.0	0.0	142.23625561484337	0.0	0.0	0.0	0.0	0.0	0.0	0.0	67.7001293437005	0.0	0.0	0.0	0.0	0.0	0.0	0.0	0.0	0.0	0.0	0.0	0.0
GSM4138110_HNSCC_1_PBMC_GGATTACGTGCATCTA	110.93118338633268	0.0	140.30786802175436	29.7089359217735	0.0	80.70427789899706	18.92589633132097	0.0	0.0	53.235737209917154	26.19787846578766	0.0	0.0	0.0	0.0	20.195354860463016	0.0	103.20467144133502	0.0	0.0	12.984156701773028	0.0	0.0	0.0	0.0	0.0	0.0	0.0	0.0	0.0	0.0
GSM4138110_HNSCC_1_PBMC_GTGCAGCCACCAGATT	80.76980063190808	0.0	146.1329253661782	17.939294405316854	2.956333342780491	0.0	0.0	75.32359475001122	63.246697120126804	0.0	0.0	0.0	0.0	0.0	0.0	0.0	30.718009724223144	0.0	0.0	0.0	0.0	0.0	0.0	0.0	37.423626473516464	0.0	0.0	0.0	0.0	0.0	0.0
GSM4138110_HNSCC_1_PBMC_GTGCGGTTCTATGTGG	141.89156916510893	120.00440597096281	0.0	34.07126496605413	34.87498406501837	0.0	0.0	116.60987267635387	0.0	84.57405805462402	0.0	63.66282270139968	0.0	0.0	0.0	0.0	0.0	0.0	0.0	0.0	0.0	0.0	0.0	0.0	0.0	0.0	0.0	0.0	0.0	0.0	0.0
GSM4138110_HNSCC_1_PBMC_GTTCATTTCCCTCTTT	96.26042177283071	0.0	118.78736166612465	27.847996457861065	0.0	0.0	112.33929387035252	0.0	0.0	0.0	0.0	0.0	58.06616768412079	0.0	0.0	0.0	0.0	0.0	0.0	0.0	0.0	0.0	0.0	17.16868816438336	0.0	56.9474921443009	0.0	0.0	0.0	0.0	0.0
GSM4138110_HNSCC_1_PBMC_TCATTACGTAATCACC	170.30410455631198	188.63800061006344	0.0	37.056974397058035	81.58897771916874	0.0	0.0	66.59688085585029	0.0	75.90332307080322	0.0	0.0	39.03186512263382	0.0	0.0	66.90596876333709	0.0	0.0	0.0	5.46546802704701	0.0	0.0	0.0	0.0	0.0	0.0	0.0	0.0	0.0	0.0	0.0
GSM4138110_HNSCC_1_PBMC_TTGCCGTTCAGAAATG	79.26098893392096	0.0	119.0487309984847	84.97627088635612	0.0	70.9873407169825	0.0	0.0	2.139017314639079	0.0	0.0	38.57702106926224	26.426002861643177	0.0	0.0	70.93629159649579	0.0	0.0	0.0	45.187950909348736	0.0	0.0	0.0	0.0	0.0	0.0	0.0	0.0	0.0	0.0	0.0
GSM4138110_HNSCC_1_PBMC_TTTGCGCAGTAGCGGT	184.77581018913537	261.5899386662847	0.0	39.3455651158304	0.0	14.321248219664492	180.47495719978386	0.0	0.0	0.0	0.0	81.34774623024548	0.0	0.0	0.0	0.0	0.0	0.0	0.0	187.407563810455	0.0	0.0	71.48130907646036	0.0	0.0	0.0	0.0	0.0	0.0	0.0	0.0
GSM4138110_HNSCC_1_PBMC_TTTGGTTAGCACAGGT	104.79787234015393	0.0	153.8912514542771	25.64705006743528	138.93128204197873	0.0	0.0	0.0	0.0	0.0	80.98550187907996	0.0	0.0	0.0	14.887874001514685	0.0	0.0	0.0	0.0	0.0	0.0	0.0	0.0	0.0	0.0	0.0	0.0	0.0	0.0	77.02061814303613	0.0
