	1	2	3	4	5	6	7	8	9	10	11	12	13	14	15	16	17	18	19	20	21	22	23	24	25	26	27	28	29	30	31	32	33	34	35
GSM4138110_HNSCC_1_PBMC_AAACCTGAGGAGCGTT	13.282812893388858	79.22378499863673	64.69077487270894	0.0	0.0	0.0	89.07165624017016	22.625059124333827	0.0	0.0	0.0	0.0	0.0	0.0	0.0	27.771941705542858	0.0	0.0	0.0	0.0	0.0	0.0	0.0	0.0	18.736773595036873	0.0	0.0	0.0	0.0	0.0	0.0	0.0	0.0	0.0	0.0
GSM4138110_HNSCC_1_PBMC_AAACCTGCAGATGAGC	56.12842018641673	98.22432628765627	0.0	0.0	62.565770951687135	0.0	0.0	34.731763086640896	0.0	0.0	36.75036503382182	0.0	0.0	0.0	32.41731809158177	0.0	0.0	106.77143068934004	0.0	0.0	0.0	0.0	0.0	0.0	0.0	0.0	0.0	0.0	0.0	0.0	0.0	0.0	0.0	0.0	0.0
GSM4138110_HNSCC_1_PBMC_AACGTTGAGACTGGGT	61.98457958285456	61.830289264351386	0.0	0.0	24.377431081223563	0.0	25.073192327797855	0.0	10.286054976274443	0.0	0.0	0.0	0.0	0.0	0.0	69.50763611779259	0.0	0.0	0.0	0.0	0.0	0.0	0.0	0.0	0.0	0.0	0.0	0.0	0.0	0.0	0.0	0.0	0.0	0.0	0.0
GSM4138110_HNSCC_1_PBMC_AACGTTGGTTACGACT	52.21822942330152	59.857396016679935	0.0	22.512423956929663	0.0	0.0	0.0	8.899368148008028	0.0	0.0	0.0	0.0	0.0	83.33767236494872	15.459695456543164	0.0	0.0	0.0	0.0	0.0	0.0	0.0	0.0	0.0	0.0	0.0	0.0	0.0	0.0	0.0	0.0	0.0	0.0	0.0	0.0
GSM4138110_HNSCC_1_PBMC_AACGTTGTCTAAGCCA	64.91489257289199	73.73585297172976	0.0	65.0375570971941	0.0	0.0	0.0	10.469282253715713	0.0	0.0	0.0	0.0	0.0	0.0	44.732376382530134	0.0	0.0	37.34380793511641	0.0	0.0	0.0	0.0	0.0	0.0	0.0	0.0	0.0	0.0	0.0	0.0	0.0	0.0	0.0	0.0	0.0
GSM4138110_HNSCC_1_PBMC_AACTCCCCATTTCAGG	64.91996122939005	41.172183398099065	2.3993563006246448	0.0	50.61528787409595	47.585085640703895	0.0	12.443483424006159	0.0	0.0	80.47410292539483	14.31411055569997	0.0	0.0	0.0	0.0	0.0	0.0	0.0	0.0	0.0	0.0	0.0	0.0	0.0	0.0	0.0	0.0	0.0	0.0	0.0	0.0	0.0	0.0	0.0
GSM4138110_HNSCC_1_PBMC_AAGCCGCCACTTCTGC	104.48455036098646	60.93074132521927	0.0	0.0	51.1580905921195	6.872675357166904	10.407615122668735	37.43538361246532	0.0	0.0	0.0	0.0	0.0	0.0	0.0	0.0	0.0	0.0	30.089498357168324	0.0	6.08226055116433	0.0	0.0	39.89587064536448	0.0	0.0	0.0	0.0	0.0	0.0	0.0	0.0	0.0	0.0	0.0
GSM4138110_HNSCC_1_PBMC_AAGGTTCGTCTCTTAT	51.483238561664216	15.130780583793134	0.0	0.0	99.68722844739894	0.0	0.0	12.442292815225896	0.0	0.0	0.0	0.0	46.929089138053335	0.0	0.0	0.0	0.0	0.0	0.0	69.94661577611528	0.0	0.0	0.0	0.0	0.0	0.0	0.0	0.0	0.0	0.0	0.0	0.0	0.0	0.0	0.0
GSM4138110_HNSCC_1_PBMC_AAGTCTGAGTACCGGA	46.22895902409953	65.34737205862528	31.435350177538258	0.0	0.0	0.0	42.25901766770945	10.472334870493663	0.0	0.0	0.0	0.0	0.0	0.0	0.0	0.0	0.0	0.0	0.0	0.0	49.40074582521714	0.0	0.0	0.0	0.0	0.0	0.0	0.0	0.0	0.0	0.0	0.0	0.0	0.0	0.0
GSM4138110_HNSCC_1_PBMC_AAGTCTGGTTGCCTCT	48.76743585356413	45.851462926811124	27.8161036692565	0.0	0.0	0.0	0.0	0.0	8.65106136186191	0.0	50.40862837042923	19.53501507760453	0.0	0.0	0.0	0.0	0.0	0.0	23.646037325579396	0.0	0.0	0.0	0.0	0.0	0.0	0.0	0.0	0.0	0.0	0.0	0.0	0.0	0.0	0.0	0.0
GSM4138110_HNSCC_1_PBMC_AAGTCTGTCCAAACTG	109.01833548955797	31.8326052802871	71.74919841551363	0.0	0.0	0.0	56.30650302172408	18.04318767235652	0.0	0.0	0.0	0.0	0.0	0.0	0.0	37.709241235014346	0.0	0.0	0.0	0.0	0.0	0.0	0.0	0.0	0.0	0.0	0.0	0.0	27.50089159696958	0.0	0.0	0.0	0.0	0.0	0.0
GSM4138110_HNSCC_1_PBMC_ACATGGTCACATGGGA	46.19290981841992	2.1805013102621116	34.55533014392398	0.0	0.0	0.0	6.454193677923012	0.0	1.8641324674855824	0.0	0.0	0.0	0.0	0.0	0.0	140.70598017335064	0.0	0.0	0.0	0.0	0.0	0.0	0.0	0.0	2.1195263376736966	0.0	0.0	0.0	0.0	11.184176880340365	0.0	0.0	0.0	0.0	19.205768308071693
GSM4138110_HNSCC_1_PBMC_ACGAGCCAGTATCTCG	72.92941701748468	31.747694886062824	0.0	48.88860398163256	0.0	41.013475071989696	0.0	0.0	23.13595271773827	53.43897030326329	0.0	0.0	0.0	0.0	0.0	0.0	0.0	0.0	0.0	0.0	0.0	0.0	69.30297088198645	0.0	0.0	0.0	0.0	0.0	0.0	0.0	0.0	0.0	0.0	0.0	0.0
GSM4138110_HNSCC_1_PBMC_ACGAGCCCACTTAACG	93.63490003314355	143.30753093753927	0.0	99.80751612920763	0.0	8.596034242909536	137.2011837704016	38.61752286282542	0.0	0.0	0.0	0.0	0.0	0.0	0.0	85.22314639198433	0.0	0.0	0.0	0.0	0.0	0.0	0.0	0.0	0.0	0.0	0.0	0.0	0.0	0.0	0.0	0.9193950991224416	0.0	0.0	0.0
GSM4138110_HNSCC_1_PBMC_ACTATCTTCTTCCTTC	59.45976404917369	54.81395264991191	0.0	58.05589891929809	0.0	0.0	0.0	17.675822109944807	0.0	117.30039239493347	0.0	0.0	0.0	32.11636986561026	0.0	0.0	0.0	20.77463544816006	0.0	0.0	0.0	0.0	0.0	0.0	0.0	0.0	0.0	0.0	0.0	0.0	0.0	0.0	0.0	0.0	0.0
GSM4138110_HNSCC_1_PBMC_AGAGCTTAGAGCTGGT	120.83342669142118	94.24588996011555	0.0	0.0	88.34435487312423	38.508213125831816	0.0	0.0	22.256159559955453	0.0	64.45048348987162	0.0	0.0	0.0	0.0	0.0	0.0	0.0	16.94487375768027	0.0	0.0	0.0	0.0	0.0	0.0	0.0	0.0	0.0	0.6918284973718386	0.0	0.0	0.0	0.0	0.0	0.0
GSM4138110_HNSCC_1_PBMC_AGATTGCGTCGCCATG	47.57143440166433	67.36566913073672	0.0	53.165087760278325	0.0	0.0	0.0	12.84402958992806	1.2560079378343665	0.0	0.0	0.0	0.0	0.0	72.58565786148492	42.55583090997529	0.0	0.0	0.0	0.0	0.0	0.0	0.0	0.0	0.0	0.0	0.0	0.0	0.0	0.0	0.0	0.0	0.0	0.0	0.0
GSM4138110_HNSCC_1_PBMC_AGCGTATGTTATCCGA	54.99861287656302	68.51656561160516	118.80596358194904	0.0	0.0	0.0	58.57715957608949	21.57083128608781	0.0	0.0	0.0	0.0	0.0	0.0	0.0	35.25634545732025	0.0	0.0	0.0	0.0	0.0	0.0	0.0	0.0	0.0	0.0	0.0	0.0	0.0	0.0	0.0	0.0	0.0	0.0	0.0
GSM4138110_HNSCC_1_PBMC_AGGCCACAGTACTTGC	36.30320048649642	71.86666736189724	41.181642722273274	0.0	0.0	0.0	0.0	0.0	10.607709951678745	0.0	0.0	0.0	0.0	0.0	0.0	2.608737180437879	0.0	0.0	24.90621281074184	0.0	0.0	89.67497033754421	0.0	0.0	0.0	0.0	0.0	0.0	0.0	0.0	0.0	0.0	0.0	0.0	0.0
GSM4138110_HNSCC_1_PBMC_AGGCCACCACTAAGTC	55.11143355020452	97.53762651450512	0.0	0.0	0.0	0.0	0.0	0.0	32.8492553114299	0.0	0.0	159.36912487147808	0.0	0.0	0.0	0.0	97.40180820011422	0.0	0.0	96.45309622827577	146.02647435482632	0.0	0.0	0.0	0.0	0.0	0.0	0.0	0.0	0.0	0.0	0.0	0.0	0.0	0.0
GSM4138110_HNSCC_1_PBMC_AGTAGTCTCTTAGCCC	63.85631145534198	43.71201990622068	0.0	0.0	0.0	92.10232158928237	0.0	18.389581980600774	0.0	51.88126987097315	0.0	0.0	0.0	0.0	0.0	0.0	0.0	0.0	0.0	0.0	0.0	0.0	0.0	0.0	27.3019647014586	0.0	0.0	0.0	0.0	0.0	0.0	0.0	0.0	0.0	0.0
GSM4138110_HNSCC_1_PBMC_AGTGAGGGTGGCCCTA	85.86873855619297	71.7834139048958	0.0	0.0	45.91866461783794	34.97159104592652	0.0	27.159113065593395	0.0	0.0	0.0	12.598250964298375	0.0	0.0	0.0	0.0	0.0	0.0	0.0	0.0	0.0	0.0	105.25559533499253	0.0	0.0	0.0	0.0	0.0	0.0	0.0	14.49331681000084	0.0	0.0	0.0	0.0
GSM4138110_HNSCC_1_PBMC_AGTGTCATCTCGCATC	71.38108072219524	40.055302793748965	0.0	0.0	32.39986962821175	0.0	0.0	0.0	13.39204145658103	0.0	13.621193724007828	0.0	0.0	0.0	0.0	33.99999191810403	0.0	0.0	0.0	0.0	0.0	0.0	0.0	0.0	0.0	0.0	0.0	0.0	0.0	37.89977555530555	0.0	0.0	0.0	0.0	0.0
GSM4138110_HNSCC_1_PBMC_AGTTGGTCATGGTTGT	94.21320177905254	62.19338417407422	0.0	84.1085474968387	0.0	73.56753372794003	0.0	0.0	31.685018612516878	82.3131988838275	0.0	0.0	0.0	0.0	0.0	3.57987094394293	0.0	0.0	0.0	0.0	2.482828418030726	0.0	0.0	0.0	0.0	0.0	0.0	0.0	0.0	0.0	0.0	0.0	0.0	0.0	0.0
GSM4138110_HNSCC_1_PBMC_AGTTGGTTCTTGGGTA	48.49133542462534	63.48828796358115	0.0	0.0	16.45154449811492	0.0	0.0	0.0	9.678640518860677	0.0	0.13008895357813663	38.04151280607763	0.0	14.979420410160612	10.480430880565581	0.0	0.0	11.352879019574733	0.0	0.0	0.0	0.0	0.0	0.0	0.0	0.0	0.0	0.0	0.0	37.56546452259775	0.0	0.0	0.0	0.0	0.0
GSM4138110_HNSCC_1_PBMC_ATCTACTAGGGTGTGT	75.04831639964736	82.99400520290719	0.0	0.0	146.76309895287773	0.0	210.1881545411755	0.0	19.992308976187037	0.0	0.0	0.0	0.0	0.0	0.0	0.0	0.0	0.0	210.6459575188043	0.0	0.0	0.0	0.0	0.0	0.0	0.0	0.0	0.0	0.0	0.0	0.0	0.0	0.0	0.0	0.0
GSM4138110_HNSCC_1_PBMC_ATCTACTAGTACGTTC	72.23508968672088	63.13033303563959	71.2251096330532	0.0	0.0	0.0	0.0	0.0	73.93146333316844	0.0	0.0	0.0	0.0	28.18118886941083	0.0	0.0	0.0	35.246317802877115	0.0	0.0	0.0	0.0	0.0	0.0	0.0	0.0	0.0	51.27107837383463	0.0	0.0	0.0	0.0	0.0	0.0	0.0
GSM4138110_HNSCC_1_PBMC_ATGAGGGCAAGCGATG	65.77506043208244	36.59615840425183	0.0	46.04902530381324	0.0	0.0	0.0	0.0	14.397029192539753	0.0	56.3792641191312	0.0	0.0	0.0	0.0	0.0	0.0	0.0	0.0	38.29428974144861	0.0	0.0	0.0	0.0	0.0	0.0	0.0	0.0	0.0	0.0	0.0	0.0	0.0	0.0	0.0
GSM4138110_HNSCC_1_PBMC_ATGAGGGCACACAGAG	76.46307118125212	27.698450295549787	15.942657498788513	0.0	0.0	0.0	0.0	20.38189049836582	0.0	0.0	0.0	0.0	28.509427058487862	55.435589988560764	0.0	13.187610253844863	0.0	0.0	0.0	0.0	0.0	0.0	0.0	0.0	0.0	0.0	0.0	21.216337243061627	0.0	0.0	0.0	0.0	0.0	0.0	0.0
GSM4138110_HNSCC_1_PBMC_ATGCGATGTTTGACAC	74.307887654123	43.592240887815585	61.82197796743515	0.0	0.0	0.0	0.0	18.817095520298814	0.0	0.0	0.0	0.0	0.0	0.0	0.0	0.0	0.0	0.0	0.0	0.0	0.0	0.0	0.0	0.0	0.0	0.0	37.9437970040276	0.0	14.757935321061026	0.0	11.336784788652203	0.0	0.0	0.0	0.0
GSM4138110_HNSCC_1_PBMC_ATGTGTGCATGCGCAC	48.776077003256916	53.01405748208315	0.0	0.0	24.2069020344203	0.0	0.0	0.0	13.262062786783044	0.0	0.0	0.0	15.457257413338194	0.0	0.0	26.10518062453373	19.79535691239815	0.0	0.0	0.0	27.721246538351203	0.0	0.0	0.0	0.0	0.0	0.0	0.0	0.0	0.0	0.0	9.313084346425486	0.0	0.0	0.0
GSM4138110_HNSCC_1_PBMC_ATTACTCTCATGCTCC	39.29357238934979	85.46219638127423	0.0	41.29594141150695	0.0	30.979337561908764	0.0	57.88604580457662	0.0	0.0	0.0	0.0	0.0	0.0	52.14993794958358	5.079622368656125	0.0	0.0	0.0	0.0	0.0	0.0	0.0	45.68276462019344	0.0	0.0	0.0	0.0	0.0	0.0	0.0	0.0	0.0	0.0	0.0
GSM4138110_HNSCC_1_PBMC_ATTATCCGTCACACGC	68.09421690459024	54.36365532199572	49.62799528432726	0.0	47.9798891197605	24.365276412340986	72.82515987996109	0.0	21.55912564776044	0.0	0.0	0.0	0.0	0.0	0.0	0.0	0.0	0.0	0.0	0.0	0.0	0.0	0.0	0.0	0.0	0.0	0.0	0.0	0.0	0.0	0.0	0.0	0.0	5.363632467127001	0.0
GSM4138110_HNSCC_1_PBMC_ATTGGACAGAGATGAG	57.34746212085192	29.17301989940087	0.0	0.0	62.13563305127002	0.0	0.0	0.0	21.124675979355192	0.0	0.0	0.0	0.0	0.0	0.0	16.691541666419045	79.36792045036195	0.0	0.0	25.895138376925956	0.0	0.0	0.0	0.0	0.0	0.0	0.0	0.0	14.588681520660362	0.0	0.0	0.0	0.0	0.0	0.0
GSM4138110_HNSCC_1_PBMC_ATTGGTGCAGTGAGTG	40.268041670470275	56.242570658619165	48.524867186307205	0.0	0.0	0.0	0.0	0.0	27.380329183412893	0.0	49.27498119168896	0.0	0.0	0.0	0.0	52.54738029693138	0.0	0.0	0.0	0.0	0.0	0.0	0.0	0.0	0.0	0.0	0.0	0.0	0.0	0.0	0.0	0.0	0.0	0.0	0.0
GSM4138110_HNSCC_1_PBMC_CAACCAAGTTATCGGT	24.13696602257021	36.94583480410967	0.0	37.30297197725754	0.0	0.0	0.0	23.4024600169455	0.0	0.0	0.0	0.0	3.7374592530546122	0.0	0.0	0.0	0.0	25.099784880097687	0.0	0.0	0.0	8.202188373488768	0.0	0.0	0.0	0.0	0.0	60.17966787986061	0.0	0.0	0.0	0.0	0.0	0.0	0.0
GSM4138110_HNSCC_1_PBMC_CAACCAATCCTTGACC	47.24705196782301	78.47851678939436	0.0	0.0	64.43951343711186	15.625640830148532	0.0	24.1370699779217	0.0	0.0	29.693465937708176	0.0	0.0	0.0	0.0	0.0	0.0	0.0	0.0	0.0	0.0	0.0	0.0	0.0	0.0	0.0	0.0	0.0	0.0	0.0	0.0	0.0	0.0	0.0	0.0
GSM4138110_HNSCC_1_PBMC_CACAGTAGTCTCCATC	48.74393325352002	33.22293158617666	3.9894037262378808	1.7535239461277146	5.096477292382674	8.206060771017	0.0	0.0	26.840056331674536	0.0	0.0	1.7082549329734984	0.0	0.0	0.0	1.2331764112742372	0.0	115.2635439968883	0.0	0.0	0.0	82.74126820054465	0.0	0.0	0.0	0.0	0.0	0.0	0.0	0.0	0.0	0.0	0.0	0.0	0.0
GSM4138110_HNSCC_1_PBMC_CACATAGCAAAGCGGT	88.96576134372984	21.829973201320744	0.0	0.0	30.42441746874564	0.0	25.504537662270952	10.945440007515902	0.0	46.766384008377415	0.0	0.6273813614238064	0.0	0.0	0.0	0.0	0.0	0.0	0.0	0.0	0.0	0.0	0.0	0.0	12.724722054217203	0.0	0.0	0.0	0.0	0.0	0.0	0.0	0.0	0.0	0.0
GSM4138110_HNSCC_1_PBMC_CACATAGCACCTCGTT	89.48872125035197	36.0560929835408	0.0	65.92196735303743	0.0	0.0	0.0	21.047793160350427	0.0	0.0	29.391686319882417	0.0	19.502772092982713	0.0	0.0	0.0	0.0	0.0	0.0	0.0	41.80162842866245	0.0	0.0	4.499453209695031	0.0	0.0	0.0	0.0	0.0	0.0	0.0	0.0	0.0	0.0	0.0
GSM4138110_HNSCC_1_PBMC_CACATTTGTGCACTTA	69.61035245336701	37.9749945162773	0.0	0.0	0.0	0.0	0.0	16.270537019234514	0.0	66.84220356537315	0.0	30.352998276605092	0.0	0.0	0.0	0.0	0.0	0.0	0.0	45.86940089965539	0.0	0.0	0.0	0.0	0.0	0.0	0.0	0.0	0.0	0.0	0.0	0.0	0.0	0.0	0.0
GSM4138110_HNSCC_1_PBMC_CACATTTTCCCATTAT	28.96643397805862	47.40603597507203	0.0	58.79866353918274	0.0	51.18798773575966	0.0	0.0	10.741050840451758	0.0	0.0	0.0	22.72930022345973	0.0	0.0	0.0	23.39326790638881	0.0	0.0	0.0	0.0	0.0	0.0	0.0	0.0	0.0	0.0	0.0	0.0	0.0	0.0	0.0	0.0	0.0	0.0
GSM4138110_HNSCC_1_PBMC_CACATTTTCTGGTTCC	39.03622984385825	46.81154884696875	0.0	0.0	21.14042752538975	0.0	0.0	0.0	12.525882247572413	0.0	0.0	25.822944480886065	51.10009370499897	0.0	0.0	0.0	0.0	0.0	0.0	60.66339007358228	0.0	0.0	0.0	0.0	0.0	0.0	0.0	0.0	0.0	0.0	0.0	0.0	0.0	0.0	0.0
GSM4138110_HNSCC_1_PBMC_CACCAGGTCGTGGGAA	71.99704752103331	55.00880361059671	0.0	0.0	26.584655549132744	0.0	49.0644837270942	0.0	23.913534159254045	0.0	0.0	36.80584550339622	0.0	70.57593895342933	0.0	0.0	0.0	0.0	0.0	0.0	0.0	0.0	0.0	0.0	0.0	0.0	0.0	0.0	0.0	0.0	0.0	0.0	0.0	0.0	0.0
GSM4138110_HNSCC_1_PBMC_CAGCAGCCAATGGTCT	31.506729389153374	47.60956925200373	0.0	0.0	42.03823084629685	0.0	0.0	6.542001248056974	4.216841783032725	0.0	0.0	0.0	0.0	23.866656309562664	0.0	0.0	0.0	0.0	0.0	0.0	0.0	0.0	0.0	0.0	0.0	64.5069788541297	0.0	0.0	0.0	0.0	0.0	0.0	0.0	0.0	0.0
GSM4138110_HNSCC_1_PBMC_CAGCATAGTCCGAGTC	24.138579045639126	54.23724271054703	3.7257831352206185	0.0	80.6820670288927	0.0	25.55283986243856	35.50552022264265	0.0	0.0	0.0	0.0	0.0	0.0	0.0	0.0	0.0	0.0	0.0	21.828075147221107	7.012450062881852	0.0	0.0	0.0	0.0	0.0	0.0	0.0	0.0	0.0	0.0	0.0	0.0	0.0	0.0
GSM4138110_HNSCC_1_PBMC_CAGCCGAAGCCCAACC	66.6280702339725	40.36167373162163	0.0	0.0	56.13632034270686	0.8593705614776915	0.0	18.69077376690916	0.0	0.0	39.70701556537767	0.0	0.0	0.0	0.0	0.0	0.0	0.0	1.187249856984425	51.92594397025746	0.0	0.0	0.0	0.0	0.0	0.0	0.0	0.0	0.0	0.0	0.0	0.0	0.0	0.0	0.0
GSM4138110_HNSCC_1_PBMC_CAGCCGACATCGACGC	53.95472887338041	81.89516740682076	0.0	0.0	42.10728600981079	0.0	0.0	16.1826563489056	5.484748030832126	0.0	3.0166186460190856	0.0	0.0	0.0	0.0	0.0	1.3555697164494427	0.0	0.0	0.0	50.87859823373887	42.99822273961992	0.0	0.0	0.0	0.0	0.0	0.0	0.0	0.0	0.0	0.0	0.0	0.0	0.0
GSM4138110_HNSCC_1_PBMC_CATATTCTCCGCGTTT	49.456324767546775	59.54522117596594	0.0	36.448940139847714	16.904784680145053	53.28800999101383	0.0	14.388678297471367	0.0	0.0	0.0	0.0	0.0	0.0	40.256328910239205	0.0	0.0	0.0	0.0	0.0	0.0	0.0	0.0	0.0	0.0	0.0	0.0	0.0	0.0	0.31231463786378355	0.0	0.0	0.0	0.0	0.0
GSM4138110_HNSCC_1_PBMC_CCAATCCCATTAGCCA	72.63746662060827	77.83773404403529	21.56817115137168	0.0	0.0	0.0	0.0	18.662726342028684	0.0	0.0	32.04874264214889	52.729593947229375	0.0	0.0	0.0	0.0	1.7738333910586672	0.0	0.0	0.0	0.0	39.27221288043269	0.0	0.0	0.0	0.0	0.0	0.0	47.11077000466247	0.0	0.0	0.0	0.0	0.0	0.0
GSM4138110_HNSCC_1_PBMC_CCACGGAAGATCGGGT	49.6799039892493	61.69680792604285	0.0	0.0	46.25627171423245	0.0	0.0	1.2871587832854432	0.0	0.0	118.68891375637195	0.0	0.0	0.0	0.0	48.60230895047066	0.0	0.0	0.0	0.0	0.0	0.0	0.0	0.0	0.0	0.0	0.0	0.0	0.0	0.0	0.0	0.0	0.0	0.0	0.0
GSM4138110_HNSCC_1_PBMC_CCATGTCAGAGGTAGA	56.107286433269124	83.62151078179191	0.0	0.0	54.15329522381825	0.0	0.0	0.0	33.556336622908354	0.0	88.72096075473232	0.0	0.0	0.0	0.0	0.0	0.0	0.0	0.0	0.0	0.0	0.0	0.0	0.0	11.738355318928893	0.0	0.0	0.0	18.360317901599995	0.0	0.0	0.0	0.0	0.0	0.0
GSM4138110_HNSCC_1_PBMC_CCATGTCCATGCCCGA	102.06207125168828	90.00199404559426	0.0	0.0	53.731861156576045	24.620916967724487	36.55058135545527	37.72037693770913	0.0	0.0	0.9220601756926768	0.0	0.0	0.0	0.0	0.0	0.0	0.0	0.0	0.0	0.0	0.0	0.0	0.0	0.0	0.0	0.0	0.0	0.0	0.0	0.0	0.0	0.0	54.58742635154508	0.0
GSM4138110_HNSCC_1_PBMC_CCGGTAGAGCTCCTCT	50.00852959728351	36.43984160922684	71.5547232659105	0.0	0.0	0.0	0.0	0.0	10.472514804312704	0.0	0.0	0.0	0.0	0.0	0.0	0.0	0.0	0.0	0.0	0.0	0.0	0.0	42.73127069371426	0.0	59.926831817795	0.0	0.0	0.0	0.0	0.0	0.0	0.0	0.0	0.0	0.0
GSM4138110_HNSCC_1_PBMC_CCTCTGAAGGGATCTG	58.07354653869686	60.95855344400364	0.0	0.0	31.261380000390815	41.272292761413716	10.325764256969206	14.122546877496877	0.0	0.0	0.0	0.0	0.0	0.0	45.86540760694894	0.0	0.0	0.0	0.0	0.0	0.0	0.0	0.0	0.0	0.0	0.0	0.0	0.0	0.0	0.0	0.0	0.0	0.0	0.0	0.0
GSM4138110_HNSCC_1_PBMC_CGAACATGTTCGTTGA	39.01152010884891	65.45747853644549	0.0	0.0	68.09834337700902	25.226309653685906	0.0	0.0	11.144199247861343	0.0	0.0	0.0	31.231466030757392	0.0	0.0	0.0	0.0	0.0	0.0	0.0	0.0	0.0	0.0	0.0	0.0	0.0	0.0	0.0	0.0	0.0	0.0	0.0	0.0	0.0	0.0
GSM4138110_HNSCC_1_PBMC_CGAACATTCTGTCCGT	81.850909839133	42.175662368329704	0.0	0.0	57.37770641781938	62.57102964330106	0.0	13.458881166901802	3.831951429211554	0.0	0.0	0.0	0.0	0.0	0.0	0.0	0.0	0.0	0.0	0.0	1.9826352524270316	0.0	0.0	0.0	0.0	0.0	0.0	0.0	0.0	0.0	0.0	45.628545291162034	0.0	0.0	0.0
GSM4138110_HNSCC_1_PBMC_CGAATGTAGCGTCTAT	84.9548152787099	68.1420283045401	19.177216802265285	0.0	0.0	0.0	0.0	0.0	27.216046782769826	0.0	32.62014339546552	0.0	0.0	0.0	0.0	0.0	0.0	0.0	0.0	44.110174909743805	0.0	0.0	0.0	0.0	0.0	0.0	0.0	0.0	0.0	0.0	0.0	0.0	0.0	0.0	0.0
GSM4138110_HNSCC_1_PBMC_CGGGTCAAGTCTCGGC	43.74150633810614	78.19223222350342	104.64770871340531	0.0	0.0	5.131218903486241	0.0	0.0	10.014176441343148	0.0	0.0	0.0	0.0	0.0	45.035127731248835	0.0	0.0	0.0	0.0	0.0	0.0	0.0	0.0	0.0	0.0	0.0	0.0	0.0	0.0	0.0	0.0	0.0	0.0	0.0	0.0
GSM4138110_HNSCC_1_PBMC_CGTCTACCAAGCGTAG	98.56926676738313	137.80336987806623	0.0	0.0	49.635875387280464	0.0	0.0	6.174688755193987	0.0	0.0	0.0	0.0	0.0	0.0	0.0	0.0	95.15095811400705	0.0	0.0	43.1847065202076	0.0	0.0	0.0	0.0	0.0	0.0	0.0	0.0	0.0	0.0	0.0	0.0	0.0	0.0	0.0
GSM4138110_HNSCC_1_PBMC_CGTGTCTAGGTCGGAT	90.62941021334099	73.12036964195194	0.0	38.949194267612164	17.453861416572842	63.32570439348414	0.0	44.341308157355655	0.0	0.0	0.0	0.0	46.93911584034896	0.0	0.0	0.0	0.0	0.0	0.0	0.0	0.0	0.0	0.0	12.88618414588177	0.0	0.0	0.0	0.0	0.0	0.0	0.0	0.0	0.0	0.0	0.0
GSM4138110_HNSCC_1_PBMC_CGTTAGACATCCAACA	51.87633490972198	40.440472929600396	38.66819463652948	0.0	66.49514028682592	0.0	20.60264836041217	11.098113483403505	0.0	0.0	0.0	3.074586374957427	0.0	0.0	0.0	0.0	0.0	0.0	0.0	0.0	0.0	0.0	0.0	0.0	12.814066129720302	0.0	0.0	0.0	0.0	0.0	0.0	0.0	0.0	2.437229375617757	0.0
GSM4138110_HNSCC_1_PBMC_CGTTGGGCATATGCTG	38.49577992758692	26.292545076763354	0.0	55.886216310217804	0.0	21.322507736994446	0.0	8.109698250803422	0.0	0.0	0.0	0.0	0.0	0.0	33.26232755776919	0.0	0.0	0.0	0.0	0.0	0.0	0.0	28.55224613658991	0.0	11.398076011371225	0.0	0.0	0.0	0.0	0.0	0.0	0.0	0.0	0.0	0.0
GSM4138110_HNSCC_1_PBMC_CTAATGGTCTCGCTTG	48.45908199014604	78.03977786740126	0.0	10.529842704969056	0.0	46.44985183914762	34.97879683254802	0.0	30.564933991346845	0.0	0.0	3.1760366651188265	0.0	0.0	0.0	0.0	0.0	0.0	0.0	0.0	0.0	0.0	0.0	0.0	0.0	0.0	0.0	0.0	0.0	0.0	0.0	0.0	0.0	0.0	0.0
GSM4138110_HNSCC_1_PBMC_CTACATTTCACCAGGC	52.809600027190754	53.191830317333476	0.0	0.0	44.840635641299926	6.396501079094885	0.0	24.227184124119553	0.0	0.0	52.52522550955335	0.0	0.0	0.0	0.0	0.0	0.0	0.0	0.0	0.0	0.0	0.0	0.0	0.0	0.0	0.0	0.0	0.0	0.0	0.0	51.283560446221976	0.0	0.0	0.0	0.0
GSM4138110_HNSCC_1_PBMC_CTACGTCTCGAACGGA	76.25560398842205	32.69367266925621	0.0	53.216856576109144	0.0	25.68594075005922	15.545897562026205	29.63774882624956	0.0	0.0	1.4738963504151485	0.0	0.0	0.0	0.0	0.0	0.0	0.0	0.0	0.0	0.0	0.0	0.0	0.0	0.0	0.0	0.0	0.0	0.0	0.0	0.0	0.0	0.0	0.0	0.0
GSM4138110_HNSCC_1_PBMC_CTAGAGTCACTTACGA	83.07425811927178	40.140821557921946	16.670066355216342	0.0	23.354323146992606	24.094974315441256	0.0	0.0	14.245699671712762	0.0	90.40014015086822	0.0	0.0	0.0	0.0	0.0	0.0	0.0	0.0	0.0	0.0	0.0	0.0	0.0	0.0	0.0	0.0	0.0	0.0	0.0	0.0	0.0	0.0	0.0	0.0
GSM4138110_HNSCC_1_PBMC_CTCAGAATCCGGGTGT	50.94913931933693	68.46063703711977	0.0	0.0	34.89302247857518	0.0	0.0	18.052214467202816	0.0	0.0	0.0	0.0	0.0	0.0	12.32766625117905	0.0	0.0	0.0	0.0	30.337797672117308	0.0	22.070000528794885	0.0	0.0	0.0	38.95779183452367	0.0	0.0	0.0	0.0	0.0	0.0	0.0	0.0	0.0
GSM4138110_HNSCC_1_PBMC_CTCGGGATCAATACCG	54.43925394286027	35.68399835428613	82.55049610273332	0.0	0.0	0.0	0.0	20.053998095372428	0.0	0.0	0.0	0.0	0.0	0.0	0.0	0.0	0.0	51.79615342513599	0.0	0.0	0.0	0.0	0.0	0.0	0.0	0.0	148.41134614514888	0.0	0.0	0.0	0.0	0.0	0.0	0.0	0.0
GSM4138110_HNSCC_1_PBMC_CTCGTACAGATCGGGT	94.00313063192804	123.23272789326104	132.22555390097455	0.0	0.0	0.0	189.05666945266202	46.85291709186118	0.0	0.0	0.0	0.0	0.0	0.0	0.0	0.0	0.0	0.0	108.60730044984494	101.02867861798524	0.0	0.0	0.0	0.0	0.0	0.0	0.0	0.0	0.0	0.0	0.0	0.0	0.0	0.0	0.0
GSM4138110_HNSCC_1_PBMC_CTCGTACTCTGTCCGT	43.45056564865725	66.007306745317	88.22646595330596	0.0	0.0	0.0	0.0	2.8286971297696444	14.699225914334797	74.88045017102098	0.0	0.0	0.0	0.0	0.0	47.05983009977721	0.0	0.0	0.0	0.0	0.0	0.0	0.0	0.0	0.0	0.0	0.0	0.0	0.0	0.0	0.0	0.0	0.0	0.0	0.0
GSM4138110_HNSCC_1_PBMC_CTCTGGTAGGCGTACA	45.78515314746999	43.39241463203014	45.35954948732482	0.0	0.0	0.0	0.0	19.90077426686798	0.0	35.63962069775454	0.0	0.0	0.0	0.0	0.0	0.0	0.0	10.165526166809867	0.0	0.0	0.0	0.0	0.0	0.0	0.0	0.0	0.0	0.0	0.0	0.0	0.0	0.0	0.0	0.0	0.0
GSM4138110_HNSCC_1_PBMC_CTGAAACTCCGAGCCA	62.6736404190181	24.03637458849935	0.0	0.0	38.1159135850903	0.0	70.35781642521216	0.0	19.130940613836984	0.0	0.0	0.0	0.0	0.0	0.0	0.0	0.0	0.0	0.0	54.097142018281545	0.0	0.0	0.0	0.0	0.0	0.0	0.0	0.0	0.0	0.0	0.0	0.0	0.0	0.0	0.0
GSM4138110_HNSCC_1_PBMC_CTGAAGTAGCGATCCC	56.34618425083874	36.95729640293999	0.0	26.403779198295823	0.0	0.0	0.0	27.455964117682342	0.0	0.0	0.0	27.78455869665906	0.0	44.58313812098524	0.0	0.0	0.0	0.0	0.0	0.0	0.0	49.00352071753718	0.0	0.0	0.0	0.0	0.0	0.0	0.0	0.0	0.0	0.0	0.0	0.0	0.0
GSM4138110_HNSCC_1_PBMC_CTGATAGAGATCTGCT	77.20268735110417	36.81195509278866	0.0	0.0	21.459484721823657	0.0	0.0	0.0	19.262213742553598	47.18331832342911	0.0	0.0	0.0	85.79986103861359	0.0	0.0	0.0	0.0	0.0	0.0	0.0	0.0	0.0	0.0	0.0	0.0	0.0	0.0	0.0	0.0	0.0	0.0	0.0	0.0	0.0
GSM4138110_HNSCC_1_PBMC_CTGATAGAGCCTTGAT	60.34131864015759	58.52028245079913	0.0	60.02342538409982	0.0	23.207801947904542	0.0	0.0	27.714564357176727	0.0	0.0	0.0	0.0	0.0	0.0	33.593595641369944	0.0	0.0	0.0	0.0	0.0	0.0	61.70980505537564	0.0	0.0	0.0	0.0	0.0	0.0	0.0	0.0	0.0	0.0	0.0	0.0
GSM4138110_HNSCC_1_PBMC_CTGCCTAAGGTGCTTT	46.46148076198428	90.28881823225164	23.990537574872448	73.01992400610195	0.0	34.50106924293868	28.171879277912794	16.983675359741024	0.0	0.0	0.0	0.0	0.0	0.0	0.0	0.0	0.0	0.0	0.0	0.0	0.0	0.0	0.0	0.0	0.0	0.0	0.0	0.0	0.0	0.0	0.0	0.0	0.0	0.0	0.0
GSM4138110_HNSCC_1_PBMC_CTGCCTATCACGACTA	53.43550196624174	34.48291836926368	23.747876769691874	22.724677186767266	0.0	17.41463074114969	72.5455319485957	2.5798788744098795	6.152642360260622	10.970119477926744	0.0	0.0	0.0	0.0	0.0	0.0	0.0	0.0	0.0	0.0	0.0	0.0	0.0	0.0	0.0	0.0	0.0	0.0	0.0	0.0	0.0	0.0	0.0	0.0	0.0
GSM4138110_HNSCC_1_PBMC_CTGGTCTTCGAGAACG	53.18009013021535	17.16878107710024	0.0	0.0	35.46371808306561	0.0	0.0	9.74967760644981	0.0	0.0	31.19016122418653	0.0	0.0	0.0	0.0	19.661155750650305	5.578401289018692	0.0	0.0	0.0	30.610350431505875	0.0	0.0	0.0	0.0	0.0	0.0	0.0	0.0	0.0	0.0	0.0	0.0	0.0	0.0
GSM4138110_HNSCC_1_PBMC_CTGTTTAAGTGGAGTC	88.98519899735294	20.700659333569842	62.56201980956004	0.0	0.0	10.419695618989183	20.005051907741876	0.0	15.91187648408062	0.0	0.0	0.0	0.0	0.0	0.0	34.6474027928783	0.0	0.0	0.0	0.0	0.0	0.0	0.0	0.0	0.0	0.0	0.0	0.0	0.0	0.0	0.0	0.0	0.0	0.0	0.0
GSM4138110_HNSCC_1_PBMC_GAACATCTCCCTAATT	117.47624172242129	78.18662817507027	0.0	94.59950501650822	0.0	0.0	0.0	0.37212150834284924	43.05089922868903	0.0	0.0	0.0	74.92288608794364	0.0	0.0	0.0	0.0	0.0	0.0	32.6341908042925	19.37579583783414	0.0	0.0	0.0	0.0	0.0	0.0	0.0	0.0	0.0	0.0	0.0	0.0	0.0	0.0
GSM4138110_HNSCC_1_PBMC_GAACCTATCTGAGGGA	16.014807411132256	44.15108088177385	0.0	0.0	48.803811423884255	0.0	0.0	12.799581173761016	0.0	62.007617587997274	0.0	0.0	0.0	0.0	0.0	0.0	0.0	0.0	0.0	6.0974329451335265	23.867366841038898	0.0	0.0	0.0	0.0	0.0	0.0	0.0	0.0	0.0	0.0	0.0	0.0	0.0	0.0
GSM4138110_HNSCC_1_PBMC_GAATGAATCAGTTAGC	38.70579227924152	23.051128292553628	0.0	0.0	0.0	55.77324133478114	0.0	7.5434664383756385	6.042549404029765	0.0	0.0	17.060964906421503	0.0	0.0	0.0	0.0	0.0	0.0	0.0	0.0	0.0	0.0	0.0	0.0	0.0	0.0	0.0	0.0	0.0	0.0	0.0	56.314271699240194	0.0	0.0	0.0
GSM4138110_HNSCC_1_PBMC_GATCGATAGTACACCT	39.5949688679503	101.01516409597421	0.0	0.0	43.967488217012814	0.0	44.07586892409449	22.379614667011907	0.0	0.0	0.0	0.0	0.0	0.0	0.0	0.0	0.0	0.0	34.3056529688773	0.0	0.0	0.0	0.0	0.0	0.0	0.0	0.0	0.0	0.0	0.0	0.0	0.0	0.0	0.0	0.0
GSM4138110_HNSCC_1_PBMC_GATCGATTCAGCATGT	127.34521472034224	74.74356349279391	0.0	0.0	0.0	63.3147866172963	0.0	0.0	16.50822376008906	0.0	67.21749206691705	83.36606077610273	0.0	0.0	0.0	0.0	0.0	0.0	0.0	0.0	0.0	0.0	0.0	0.0	0.0	0.0	0.0	0.0	0.0	0.0	0.0	0.0	0.0	0.0	0.0
GSM4138110_HNSCC_1_PBMC_GATGAAATCCAAGCCG	72.38695790033478	33.76549311660337	0.0	23.007736134256678	0.0	0.0	26.140617725039878	0.0	18.0663093663865	0.0	23.027533570416022	0.0	0.0	0.0	0.0	0.0	0.0	0.0	83.54598222393534	0.0	0.0	0.0	0.0	0.0	0.0	0.0	0.0	0.0	0.0	17.60848313825175	0.0	0.0	0.0	0.0	0.0
GSM4138110_HNSCC_1_PBMC_GCACATAAGGTGTGGT	27.83290405670987	56.079193528077724	0.0	0.0	47.913380719276056	0.0	0.0	0.0	11.434673317283515	0.0	0.0	0.0	41.31498080502951	0.0	0.0	0.0	0.0	119.0253994262344	0.0	0.0	0.0	0.0	0.0	0.0	0.0	0.0	0.0	0.0	0.0	0.0	0.0	0.0	0.0	0.0	0.0
GSM4138110_HNSCC_1_PBMC_GCACTCTGTACAGTGG	47.991500311929094	10.322711957545124	0.0	0.0	10.451820445537805	0.0	0.0	0.0	24.304216456712993	0.0	0.0	25.695131224045483	0.0	65.66183242468772	0.0	0.0	0.0	0.0	0.0	0.0	0.0	131.27817471199657	0.0	0.0	0.0	0.0	30.68493612421748	0.0	0.0	0.0	0.0	0.0	0.0	0.0	0.0
GSM4138110_HNSCC_1_PBMC_GCCTCTAAGTTAAGTG	65.79672165723044	34.71635509988363	27.115105602059437	9.100896042622415	0.0	0.0	0.0	0.0	13.365304293747704	0.0	0.0	0.0	0.0	0.0	43.58710555993398	0.0	0.0	0.0	28.019219488120676	0.0	0.0	0.0	0.0	0.0	0.0	0.0	0.0	0.0	0.0	0.0	0.0	0.0	0.0	0.0	0.0
GSM4138110_HNSCC_1_PBMC_GCCTCTAGTTGAACTC	39.48163293516997	71.87902734567484	0.0	0.0	18.58461176628853	0.0	0.0	8.326747120870083	0.0	46.07134955393613	0.0	25.346395816336507	0.0	0.0	0.0	0.0	0.0	0.0	0.0	39.54050928426234	0.0	0.0	0.0	0.0	0.0	0.0	0.0	0.0	0.0	0.0	0.0	0.0	0.0	0.0	0.0
GSM4138110_HNSCC_1_PBMC_GCGAGAAAGTGACATA	27.1974522786448	70.97952154211772	146.69320083965442	0.0	0.0	25.8530322322107	0.0	0.0	13.859045829531274	0.0	0.0	0.0	0.0	0.0	0.0	0.0	62.27670525925435	0.0	0.0	0.0	0.0	0.0	0.0	0.0	0.0	0.0	0.0	0.0	0.0	11.671718075263708	0.0	0.0	0.0	0.0	0.0
GSM4138110_HNSCC_1_PBMC_GCTGCAGGTCCTCTTG	67.04518630365924	10.017852765393073	43.717707324101006	17.823983208912352	0.0	0.0	0.0	26.666070840468148	0.0	70.71033020925849	0.0	0.0	0.0	7.63273367538193	0.0	0.0	0.0	15.228293368114675	0.0	0.0	0.0	0.0	0.0	0.0	0.0	0.0	0.0	0.0	0.0	0.0	0.0	0.0	0.0	0.0	0.0
GSM4138110_HNSCC_1_PBMC_GGAAAGCAGTCAATAG	60.77399832559174	44.92826218853847	0.0	0.0	73.00255956513247	41.65136175442782	0.0	13.59843552365943	0.0	80.90508240335109	0.0	0.0	0.0	0.0	0.0	0.0	0.0	0.0	0.0	0.0	0.0	0.0	0.0	0.0	0.0	0.0	0.0	0.0	0.0	0.0	0.0	0.0	0.0	0.0	0.0
GSM4138110_HNSCC_1_PBMC_GGAACTTGTTTACTCT	50.024610828898105	52.79736898374975	0.0	0.0	0.0	0.0	0.0	19.992098373865105	0.0	0.0	0.0	47.201973817142594	0.0	0.0	0.0	0.0	34.63233460968153	0.0	0.0	0.0	0.0	0.0	0.0	0.0	36.85959029777604	0.0	0.0	0.0	0.0	0.0	0.0	0.0	0.0	0.0	0.0
GSM4138110_HNSCC_1_PBMC_GGCAATTGTCCTCTTG	64.0288204035007	28.612661314404424	0.0	8.27855033690141	0.0	0.0	0.0	0.0	21.890413616898897	0.0	51.86167783435649	0.0	0.0	0.0	0.0	0.0	0.0	48.63673448653829	0.0	0.0	0.0	0.0	0.0	0.0	0.0	0.0	0.0	0.0	0.0	0.0	0.0	0.0	0.0	0.0	0.0
GSM4138110_HNSCC_1_PBMC_GGGACCTAGGCCCTTG	27.372822454076708	41.3036901570109	0.0	0.0	26.140972072515492	0.0	0.0	0.0	18.544939624451995	0.0	0.0	14.987057479661138	0.0	0.0	50.55102158865957	0.0	0.0	0.0	0.0	0.0	17.785424984821617	0.0	0.0	0.0	0.0	0.0	0.0	0.0	0.0	0.0	0.0	0.0	0.0	0.0	0.0
GSM4138110_HNSCC_1_PBMC_GGGACCTTCGTCCAGG	34.64318396252962	42.96154237510273	0.0	0.0	0.0	0.0	0.0	15.901439595393255	0.0	0.0	0.0	32.269231564070544	0.0	45.88114133946178	0.0	0.0	0.0	0.0	0.0	0.0	0.0	0.0	0.0	0.0	0.0	69.07886890053345	0.0	0.0	0.0	0.0	0.0	0.0	0.0	0.0	0.0
GSM4138110_HNSCC_1_PBMC_GGGATGACAATGGTCT	105.2037285516958	24.79766422699191	0.0	0.0	66.72720833185791	0.0	0.0	0.0	13.158771498281919	0.0	0.0	0.0	0.0	0.0	0.0	0.0	0.0	0.0	0.0	0.0	4.878964451283998	0.0	0.0	0.0	0.0	0.0	0.0	0.0	4.554683184402824	55.4031588050092	0.0	0.0	0.0	0.0	0.0
GSM4138110_HNSCC_1_PBMC_GGGCACTGTCTAGGTT	83.78943853350539	77.64901536979262	0.0	0.0	78.58925436681596	13.821069976308713	0.0	0.0	22.31577407928415	0.0	71.34613468352669	0.0	0.0	18.42708398940209	0.0	10.55703185558973	0.0	6.601222158674157	0.0	0.0	0.0	0.0	0.0	0.0	0.0	0.0	0.0	0.0	0.0	0.0	0.0	0.0	0.0	0.0	0.0
GSM4138110_HNSCC_1_PBMC_GGTATTGTCCTTCAAT	110.4835701972448	18.39672329584304	0.0	0.0	50.33810894712584	0.0	0.0	0.0	31.3793620063142	0.0	0.0	0.0	0.0	0.0	0.0	0.0	0.0	0.0	0.0	18.212153588268873	0.0	0.0	30.241660691165873	0.0	0.0	0.0	0.0	0.0	0.0	0.0	54.606920658966665	0.0	0.0	0.0	0.0
GSM4138110_HNSCC_1_PBMC_GGTGTTACAATCCAAC	30.42294134584917	33.77394314380596	0.0	0.0	53.00062889458022	0.0	0.0	15.886775566876185	0.0	40.05211530579334	0.0	0.0	0.0	40.17603812824963	0.0	0.0	0.0	0.0	0.0	0.0	0.0	0.0	0.0	0.0	0.0	0.30941138685775144	0.0	0.0	0.0	0.0	0.0	0.0	0.0	0.0	0.0
GSM4138110_HNSCC_1_PBMC_GGTGTTACAGCCACCA	57.30435729802866	36.41055732197763	0.0	0.0	47.67899760257367	28.22595446740498	0.0	36.18753343142566	0.0	60.67754951958516	0.0	4.911164829899931	0.0	0.0	0.0	0.0	0.0	0.0	0.0	0.0	0.0	0.0	0.0	0.0	0.0	0.0	0.0	0.0	0.0	0.0	0.0	0.0	0.0	0.0	0.0
GSM4138110_HNSCC_1_PBMC_GTAACGTTCGTATCAG	105.66279029618833	90.95516328500807	3.3802610636633177	64.36729967106594	0.0	41.94176752564836	0.0	0.0	32.068994148201426	0.0	0.0	0.0	86.61904658467431	0.0	0.0	39.74744179438627	29.100334829209952	0.0	0.0	0.0	0.0	0.0	0.0	0.0	0.0	0.0	0.0	0.0	0.0	0.0	0.0	0.0	0.0	0.0	0.0
GSM4138110_HNSCC_1_PBMC_GTATTCTTCTTCCTTC	64.7721561597147	44.63764613447771	0.0	0.0	0.0	36.89100190535689	58.138131532835786	0.0	21.229932804760352	0.0	0.0	55.99015508580365	0.0	0.0	0.0	0.0	0.0	0.0	0.0	0.0	7.616623209129693	0.0	0.0	0.0	0.0	0.0	0.0	0.0	0.0	0.0	0.0	0.0	0.0	0.0	0.0
GSM4138110_HNSCC_1_PBMC_GTCAAGTGTGGGTATG	41.32226073337367	55.06470876720921	44.036183193026496	0.0	0.0	60.301323626277146	0.0	0.0	14.155429821463516	0.0	0.0	22.039875606162283	44.00146781918834	0.0	0.0	0.0	0.0	0.0	0.0	0.0	0.0	0.0	0.0	0.0	0.0	0.0	0.0	0.0	0.0	0.0	0.0	0.0	0.0	0.0	0.0
GSM4138110_HNSCC_1_PBMC_GTCACGGGTGCAACGA	17.265311660727537	34.445931031009344	0.0	502.88102793708686	0.0	0.0	0.0	0.0	0.0	0.0	0.0	0.0	0.0	0.0	0.0	0.0	0.0	0.0	0.0	956.8773978966155	0.0	0.0	0.0	28.99790759546585	0.0	0.0	4.6313565282277755	0.0	0.0	0.0	0.0	0.0	20.384239214874857	0.0	0.0
GSM4138110_HNSCC_1_PBMC_GTGCGGTCAAGGTGTG	99.05258078209928	26.40470729484776	23.401661813795908	52.373468928074736	0.0	52.26503186298016	58.647108074383596	0.0	1.3614858365994824	0.0	0.0	0.0	0.0	22.915925395460334	0.0	0.0	0.0	0.0	0.0	0.0	0.0	0.0	0.0	5.539649672590407	0.0	0.0	0.0	0.0	0.0	0.0	0.0	0.0	0.0	0.0	0.0
GSM4138110_HNSCC_1_PBMC_GTGTGCGAGGAGCGAG	46.65024457391469	37.15792476668962	15.675316935763544	20.70526851272048	0.0	0.0	0.0	0.0	11.392433265469682	0.0	0.0	0.0	28.898594037470048	0.0	0.0	0.0	97.41839216543518	26.599049017449982	0.0	0.0	0.0	0.0	0.0	0.0	0.0	0.0	0.0	0.0	0.0	0.0	0.0	0.0	0.0	0.0	0.0
GSM4138110_HNSCC_1_PBMC_GTGTGCGCAAGTCATC	37.13920446689935	42.37413480866616	11.627409958214994	95.42202484400435	0.0	2.70090926958831	54.01157739837922	14.496810910533062	0.0	0.0	0.0	0.0	0.0	0.0	0.0	1.4196849369688704	0.0	0.0	21.932769733693867	0.0	0.0	0.0	0.0	0.0	0.0	0.0	0.0	0.0	0.0	0.0	0.0	0.0	0.0	0.0	0.0
GSM4138110_HNSCC_1_PBMC_TAAACCGTCATCTGTT	36.69455188351736	70.08788048867555	0.0	74.49176365229238	0.0	0.0	0.0	0.0	15.740058214680062	0.0	0.0	0.0	0.0	0.0	0.0	0.0	46.81021804436397	0.0	0.0	0.0	0.0	0.0	0.0	0.0	0.0	0.0	0.0	0.0	30.899662906283982	0.0	0.0	0.0	0.0	0.0	0.0
GSM4138110_HNSCC_1_PBMC_TAAGCGTCAATGGATA	69.06444700705666	56.77649729029777	38.19293049035497	0.0	0.0	0.0	0.0	0.0	45.280457770469475	0.0	0.0	0.0	0.0	0.0	0.0	31.713993312151818	5.229388384168884	0.0	0.0	0.0	47.88465602139672	0.0	60.88009277960129	0.0	0.0	0.0	0.0	0.0	0.0	0.0	0.0	0.0	0.0	0.0	0.0
GSM4138110_HNSCC_1_PBMC_TACACGATCCTGCCAT	51.532043627773184	71.43179228204187	0.0	63.05540366869406	1.905227025493275	0.0	67.9505597531571	30.647021249853477	34.85649366518278	0.0	0.0	0.0	0.0	0.0	0.0	11.14487700971527	0.0	0.0	0.0	0.0	0.0	0.0	0.0	0.0	39.9293194106324	0.0	0.0	0.0	49.10174247915548	0.0	0.0	0.0	0.0	0.0	0.0
GSM4138110_HNSCC_1_PBMC_TACCTTAAGGCTAGAC	64.27538035742087	79.19380152648489	0.0	54.49874625311995	0.0	0.0	0.0	0.0	24.775364202932177	0.0	0.0	0.0	0.0	31.454355715005885	0.0	0.0	0.0	0.0	0.0	0.0	0.0	17.444769974556518	0.0	0.0	0.0	0.0	36.16687616649245	0.0	0.0	0.0	0.0	0.0	0.0	0.0	0.0
GSM4138110_HNSCC_1_PBMC_TACGGATCAGGGTATG	39.14377465800315	42.68315005391978	0.0	0.0	63.751910302197544	0.0	0.0	17.646536893824923	0.0	0.0	6.962189526023616	0.0	0.0	36.993611000208	24.812561976014603	0.0	0.0	0.0	0.0	0.0	0.0	31.91376826481936	0.0	0.0	0.0	0.0	0.0	0.0	0.0	0.0	0.0	0.0	0.0	0.0	0.0
GSM4138110_HNSCC_1_PBMC_TAGAGCTCAGATGGCA	69.19314658863038	44.80368351117384	10.462593318792807	35.9481069330703	0.0	0.0	38.85177401320391	11.718871404831537	0.0	0.0	0.0	0.0	0.0	45.76872278756972	0.0	0.0	0.0	0.0	0.0	0.0	0.0	0.0	0.0	0.0	21.163160740491392	0.0	0.0	0.0	0.0	0.0	0.0	0.0	0.0	0.0	0.0
GSM4138110_HNSCC_1_PBMC_TAGCCGGAGAAGGCCT	52.278744873438704	60.56516197769342	49.56781220888943	8.133329396880265	0.0	0.0	20.778962237993213	21.135587842834422	0.0	0.0	0.0	0.0	0.0	0.0	0.0	51.808347131744505	0.0	0.0	0.0	0.0	0.0	0.0	0.0	0.0	0.0	0.0	0.0	0.0	0.0	0.0	0.0	34.245231406233586	0.0	0.0	0.0
GSM4138110_HNSCC_1_PBMC_TATCTCAAGGTGCACA	59.00906823230278	35.15061955865312	0.0	29.951523466069034	0.0	0.0	0.0	0.0	17.357575620322415	0.0	0.0	0.0	0.0	0.0	0.0	0.0	0.0	0.0	36.3166763662331	0.0	0.0	0.0	0.0	30.098139355436054	0.0	0.0	0.0	0.0	0.0	0.0	0.0	0.0	0.0	0.0	0.0
GSM4138110_HNSCC_1_PBMC_TCACAAGGTTCATGGT	36.58240774560658	53.34321723586196	35.68177153121801	1.9905693260858441	0.0	0.0	27.055496997433913	9.237807534700023	0.0	0.0	0.0	0.0	0.0	0.0	33.19415567729356	0.0	0.0	0.0	0.0	0.0	18.403147313269752	0.0	0.0	0.0	0.0	0.0	0.0	0.0	0.0	0.0	0.0	0.0	0.0	0.0	0.0
GSM4138110_HNSCC_1_PBMC_TCACAAGTCTTGACGA	171.2744556617762	169.0778506172809	169.02014396836907	0.0	0.0	0.0	245.47512249766118	45.8101654268797	0.0	0.0	0.0	0.0	0.0	0.0	0.0	271.3438763798615	0.0	0.0	0.0	0.0	0.0	0.0	0.0	0.0	0.0	0.0	0.0	0.0	0.0	0.0	0.0	0.0	0.0	0.0	0.0
GSM4138110_HNSCC_1_PBMC_TCGAGGCTCGGAAATA	92.99774537850334	48.865522179065856	0.0	71.9911375111367	0.0	0.0	0.0	0.0	17.879490831379737	0.0	0.0	0.0	0.0	37.072958417163015	75.26214740672246	0.0	0.0	0.0	0.0	0.0	0.0	0.0	0.0	0.0	0.0	0.0	0.0	0.0	0.0	0.0	0.0	0.0	0.0	0.0	0.0
GSM4138110_HNSCC_1_PBMC_TCTATTGGTTTAGGAA	35.82785960986106	54.58536670182231	0.0	0.0	56.25018475191816	35.68837474653146	0.0	14.863545176132119	0.0	0.0	5.460542241922763	0.0	0.0	0.0	0.0	2.1140903297918463	0.0	0.0	0.0	0.0	0.0	0.0	45.83846676323662	0.0	0.0	0.0	0.0	0.0	0.0	0.0	0.0	0.0	0.0	0.0	0.0
GSM4138110_HNSCC_1_PBMC_TCTATTGTCATCTGCC	33.85217825941481	77.62176388433333	0.0	8.830353023582768	0.0	0.0	0.0	0.0	1.7542374402123988	0.0	0.0	0.0	0.0	37.45577539747721	18.998528134758256	0.0	0.0	0.0	0.0	0.0	0.0	0.0	0.0	0.0	0.0	0.0	0.0	0.0	0.0	0.0	0.0	0.0	0.0	0.0	0.0
GSM4138110_HNSCC_1_PBMC_TCTTCGGCACCCTATC	51.94174108266847	57.1922353259592	45.73277037542998	40.2357401299661	0.0	0.0	0.0	0.0	7.509889971411906	55.66549536425468	0.0	0.0	0.0	0.0	0.0	3.7119939044669525	0.0	0.0	2.451274935322933	0.0	24.09892497622251	0.0	0.0	0.0	0.0	0.0	0.0	0.0	0.0	0.0	0.0	0.0	0.0	0.0	0.0
GSM4138110_HNSCC_1_PBMC_TGGGCGTTCACAGGCC	0.0	0.0	0.0	0.0	0.0	0.0	0.0	0.0	0.0	0.0	0.0	0.0	0.0	777.089751110715	0.0	150.71719731761812	0.0	1658.1260444930679	0.0	0.0	0.0	0.0	0.0	0.0	82.4202291463268	0.0	0.0	0.0	0.0	0.0	0.0	0.0	0.0	0.0	0.0
GSM4138110_HNSCC_1_PBMC_TGTGTTTGTTAAAGAC	98.54705161786625	47.5910167856966	48.37989692045212	0.0	0.0	0.0	0.0	24.21124822504924	0.0	99.86183021294805	0.0	50.898570128852946	0.0	0.0	0.0	0.0	0.0	0.0	0.0	63.01092505952571	74.11536964623237	0.0	0.0	0.0	0.0	0.0	0.0	0.0	0.0	0.0	0.0	0.0	0.0	0.0	0.0
GSM4138110_HNSCC_1_PBMC_TGTTCCGCACGGCGTT	136.545919919256	217.83476883187473	128.4755203159437	0.0	0.0	0.0	0.0	0.0	39.01875561886824	0.0	0.0	0.0	183.01618991876077	0.0	0.0	0.0	0.0	0.0	0.0	155.93390617357858	0.0	0.0	0.0	0.0	0.0	0.0	0.0	0.0	0.0	0.0	0.0	0.0	0.0	0.0	0.0
GSM4138110_HNSCC_1_PBMC_TTAGGCAAGGCTAGCA	105.68328584200201	60.32224131520878	47.05480270873435	0.0	0.0	0.0	0.0	0.0	32.54110120722019	0.0	41.623337056022834	0.0	0.0	0.0	0.0	0.0	0.0	0.0	41.842918616824456	0.0	0.0	0.0	0.0	0.0	0.0	0.0	0.0	0.0	0.0	0.0	0.0	0.0	0.0	0.0	0.0
GSM4138110_HNSCC_1_PBMC_TTCCCAGCACATGGGA	9.571743180467552	22.56212958858015	51.59856638294958	0.0	11.675521908042125	0.0	0.0	7.678014817620675	0.0	0.0	0.0	0.0	51.538858982793556	0.0	0.0	0.0	0.0	0.0	80.80728044224124	0.0	0.0	0.0	0.0	0.0	0.0	0.0	0.0	0.0	0.0	0.0	0.0	0.0	0.0	0.0	0.0
GSM4138110_HNSCC_1_PBMC_TTCGGTCAGACCCACC	24.170540112488013	65.67772932475611	0.0	33.69445873218567	0.0	21.04522905493611	0.0	12.988036457744203	0.0	0.0	57.15795096178786	0.0	0.0	0.0	0.0	0.0	0.0	0.0	0.0	0.0	0.0	0.0	0.0	0.0	0.0	0.0	0.0	0.0	0.0	0.0	0.0	0.0	0.0	0.0	0.0
GSM4138110_HNSCC_1_PBMC_TTCTCCTTCCTCAATT	61.72944783584888	47.573975810519144	0.0	74.67688045457203	0.0	0.0	0.0	0.0	21.60607063707561	0.0	0.0	0.0	5.263466003922468	0.0	0.0	0.0	34.38970575579481	0.0	0.0	10.701903719536757	31.676427106107717	0.0	0.0	0.0	0.0	0.0	0.0	0.0	0.0	0.0	0.0	0.0	0.0	0.0	0.0
GSM4138110_HNSCC_1_PBMC_TTGAACGGTCGAAAGC	27.97778134338164	42.10204670720523	46.74907911192084	0.0	0.0	0.0	0.0	0.0	12.376366844853413	0.0	0.0	0.0	0.0	30.611264341630694	0.0	0.0	0.0	0.0	0.0	0.0	0.0	0.0	0.0	0.0	0.0	50.726722519451265	0.0	0.0	0.0	0.0	0.0	0.0	0.0	0.0	0.0
GSM4138110_HNSCC_1_PBMC_TTGCCGTAGTCAAGCG	59.166416876537795	38.11624469334332	0.0	54.07069911576839	0.0	0.0	0.0	0.0	13.25498266801739	0.0	86.05014531459672	0.0	0.0	0.0	0.0	36.28237398340373	0.0	0.0	0.0	0.0	0.0	0.0	0.0	0.0	0.0	0.0	0.0	0.0	0.0	0.0	0.0	0.0	0.0	0.0	0.0
GSM4138110_HNSCC_1_PBMC_TTGCGTCTCAAGGCTT	73.48827888889666	47.55311506207729	71.86392851702063	0.0	0.0	0.0	0.0	0.0	25.32079964800452	0.0	21.584195409002927	0.0	0.0	0.0	0.0	0.0	32.03601584295889	0.0	1.3871574876792383	0.0	35.01811977097127	0.0	0.0	0.0	0.0	0.0	0.0	0.0	0.0	0.0	0.0	0.0	0.0	0.0	0.0
GSM4138110_HNSCC_1_PBMC_TTTATGCGTGCATCTA	65.7021335430793	26.35459462709986	0.0	0.0	0.0	9.895841312227512	0.0	0.0	6.75496982192515	31.734073209486777	1.1762922971519583	58.076698333399435	0.0	0.0	0.0	0.0	0.0	0.0	0.0	0.0	0.0	0.0	0.0	0.0	0.0	0.0	0.0	0.0	0.0	0.0	0.0	0.0	0.0	0.0	0.0
GSM4138110_HNSCC_1_PBMC_TTTGCGCTCTTGTACT	52.48766310435923	62.36724126033801	24.355986536311118	0.0	0.0	23.132409587975904	0.0	0.0	17.52928838231457	77.76092010831088	0.0	0.0	0.0	0.0	0.0	0.0	0.0	0.0	0.0	0.0	0.0	0.0	0.0	0.0	0.0	0.0	0.0	0.0	0.0	0.0	0.0	0.0	0.0	0.0	0.0
GSM4138110_HNSCC_1_PBMC_TTTGGTTCACTTCTGC	107.37084694262111	55.97822896941238	118.11124645918238	0.0	0.0	0.0	0.0	36.84197374943051	0.0	0.0	0.0	0.0	0.0	0.0	32.03580071537833	43.00822032646484	0.0	0.0	0.0	0.0	0.0	0.0	0.0	37.187548199402535	0.0	0.0	0.0	0.0	5.204581561076782	0.0	0.0	0.0	0.0	0.0	0.0
GSM4138110_HNSCC_1_PBMC_CTACACCAGTTGTAGA	176.71839231142545	166.16547944142604	0.0	54.33858463790669	0.0	46.593560797119	0.0	20.38728687793747	0.0	119.4778563617267	0.0	0.0	0.0	0.0	0.0	0.0	0.0	0.0	22.937158208645304	0.0	0.0	0.0	0.0	0.0	0.0	0.0	0.0	0.0	0.0	0.0	0.0	0.0	0.0	0.0	0.0
GSM4138110_HNSCC_1_PBMC_AACTGGTGTCAGAATA	38.617238910010684	54.165436790484556	0.0	0.0	0.0	25.94805587419881	0.0	11.786791697579199	0.0	43.04870732695967	0.0	63.27504740668752	0.0	0.0	0.0	0.0	0.0	0.0	0.0	0.0	0.0	0.0	0.0	0.0	0.0	0.0	0.0	0.0	0.0	0.0	0.0	0.0	0.0	0.0	0.0
GSM4138110_HNSCC_1_PBMC_AAACGGGTCCTCAACC	46.69725893571195	54.678057093846895	49.03869455837136	0.0	0.0	0.0	0.0	11.564723766510506	0.0	0.0	0.0	0.0	0.0	0.0	0.0	0.0	0.0	0.0	0.0	0.0	0.0	0.0	44.23456078247784	0.0	32.0519583060756	0.0	0.0	0.0	0.0	0.0	0.0	0.0	0.0	0.0	0.0
GSM4138110_HNSCC_1_PBMC_AAGGCAGAGGCGTACA	85.42890563123153	31.202649503506766	65.90841345901434	0.0	0.0	21.709532137448342	0.0	0.0	30.113354916729225	0.0	43.28187765957146	0.0	0.0	0.0	0.0	0.0	10.417763244938351	0.0	0.0	0.0	0.0	0.0	0.0	0.0	0.0	0.0	0.0	0.0	0.0	0.0	0.0	0.0	0.0	0.0	0.0
GSM4138110_HNSCC_1_PBMC_ACATGGTCAATGGAGC	83.90833375685703	60.27840614833752	0.0	0.0	76.3332880545201	0.0	0.0	5.3108401477831775	21.574481955571887	0.0	0.0	0.0	41.54616589149442	0.0	0.0	10.801442406101165	0.0	0.0	4.7100988643993205	0.0	12.727402557094608	0.0	0.0	0.0	0.0	0.0	0.0	0.0	7.955973833871117	0.0	0.0	0.0	0.0	0.0	0.0
GSM4138110_HNSCC_1_PBMC_ACGATGTGTTATCACG	67.93741536905854	48.5507242283229	0.0	39.28760782600683	0.0	26.679694623638824	0.0	18.60794938703097	2.902177145652844	0.0	44.75535272337927	0.0	0.0	0.0	0.0	0.0	0.0	0.0	0.0	0.0	0.0	0.0	0.0	0.0	0.0	0.0	0.0	0.0	0.0	0.0	0.0	0.0	0.0	0.0	0.0
GSM4138110_HNSCC_1_PBMC_ACGGCCATCTCCCTGA	87.18792040800423	79.49097896116953	63.42511171696358	0.0	0.0	0.0	0.0	0.0	30.414704042281983	0.0	0.0	0.0	0.0	12.846192620753898	0.0	0.0	0.0	0.0	48.98373883157448	0.0	0.0	0.0	0.0	0.0	0.0	89.76132765069542	0.0	0.0	0.0	0.0	0.0	0.0	0.0	0.0	0.0
GSM4138110_HNSCC_1_PBMC_AGCTCTCTCATTGCCC	106.35746452475139	89.27168822705433	0.0	76.09412573199654	0.0	37.26086729009501	0.0	0.0	68.0423376701452	0.0	0.0	0.0	0.0	0.0	18.05395463587745	0.0	0.0	0.0	0.0	84.00623077923534	0.0	0.0	56.060180132940694	0.0	0.0	0.0	0.0	0.0	0.0	0.0	0.0	0.0	0.0	0.0	0.0
GSM4138110_HNSCC_1_PBMC_AGGTCATTCTCTAGGA	52.73001313361803	76.02462603912032	0.0	0.0	59.13957408848846	0.0	0.0	8.082835487684008	0.0	54.36013489671835	0.0	0.0	0.0	4.327200732181522	0.0	0.0	0.0	0.0	0.0	55.07702744505754	0.0	0.0	0.0	0.0	0.0	0.0	0.0	0.0	0.0	0.0	0.0	0.0	0.0	0.0	0.0
GSM4138110_HNSCC_1_PBMC_ATAGACCTCTGGTGTA	51.19927235172446	70.96524516324516	30.684617334475323	5.942234809664404	0.0	0.0	0.0	0.0	19.194638031385047	0.0	0.0	0.0	0.0	0.0	0.0	0.0	0.0	0.0	0.0	0.0	39.81651117803279	0.0	0.0	0.0	0.0	0.0	0.0	0.0	0.0	0.0	0.0	26.836716920582802	0.0	82.35096032496456	0.0
GSM4138110_HNSCC_1_PBMC_ATAGACCTCTTCCTTC	57.42415815448849	51.5597683852449	0.0	0.0	20.285498588170487	26.66077526378858	0.0	10.609574850240191	0.0	4.035280407229012	0.0	0.0	0.0	0.0	0.0	0.0	0.0	0.0	0.0	0.0	15.587083546428795	0.0	0.0	0.0	0.0	0.0	0.0	0.0	0.0	0.0	0.0	24.858633089272786	0.0	0.0	0.0
GSM4138110_HNSCC_1_PBMC_ATCTACTCACTGTGTA	49.44062440722957	76.76246411552279	0.0	0.0	0.0	0.0	0.0	24.108729897003272	0.0	0.07708703447309526	0.0	51.412062020559105	42.79554791687297	57.615508900183904	0.0	0.0	0.0	3.170332489860043	0.0	0.0	0.0	0.0	22.754327402814916	0.0	0.0	0.0	0.0	0.0	0.0	0.0	0.0	0.0	0.0	0.0	0.0
GSM4138110_HNSCC_1_PBMC_ATCTGCCAGGAATCGC	64.06391076825555	68.6563683036514	55.38557775514887	0.0	0.0	0.0	0.0	25.792080091892238	0.0	0.0	47.82730535090817	0.0	0.0	0.0	0.0	55.641602368451004	0.0	0.0	0.0	0.0	0.0	0.0	0.0	0.0	0.0	0.0	0.0	0.0	0.0	0.0	0.0	0.0	0.0	0.0	0.0
GSM4138110_HNSCC_1_PBMC_ATGGGAGCATGGGAAC	123.13747682240741	100.91422048785762	0.0	181.35204929499628	0.0	0.0	0.0	0.0	11.483487282790087	0.0	0.0	0.0	0.0	0.0	0.0	0.0	0.0	0.0	28.517396452716063	0.0	0.0	0.0	0.0	108.86411552809618	0.0	0.0	0.0	0.0	222.40935402110128	0.0	0.0	0.0	0.0	0.0	0.0
GSM4138110_HNSCC_1_PBMC_ATGTGTGGTAGCTGCC	28.091917713321823	14.606884534864992	14.217990692077306	0.0	0.0	0.0	0.0	0.0	19.462830043486264	0.0	0.0	0.0	119.9613026882327	0.0	0.0	0.0	0.0	0.0	43.23256206157923	0.0	0.0	0.0	0.0	0.0	0.0	0.0	0.0	0.0	0.0	0.0	0.0	0.0	0.0	0.0	0.0
GSM4138110_HNSCC_1_PBMC_CACAAACCATCCCACT	69.52412747230035	92.82966868147855	46.05171316665569	0.0	0.0	0.0	0.0	0.0	14.988055680109264	0.0	0.0	0.0	51.846670873133526	0.0	0.0	45.47891013375699	0.0	0.0	0.0	0.0	9.246392426496403	0.0	0.0	0.0	0.0	0.0	0.0	0.0	0.0	0.0	0.0	0.0	0.0	0.0	0.0
GSM4138110_HNSCC_1_PBMC_CACCACTAGTTACCCA	94.81129574751381	69.61179575844324	57.92054994020196	0.0	0.0	52.88966777045972	0.0	22.69098616710647	0.0	0.0	64.69527620397672	0.0	0.0	0.0	0.0	0.0	0.0	0.0	0.0	0.0	0.0	0.0	0.0	0.0	0.0	0.0	0.0	0.0	0.0	0.0	0.0	0.0	0.0	0.0	0.0
GSM4138110_HNSCC_1_PBMC_CATGCCTTCAGCTCTC	65.21301673927807	43.27579486561862	78.84110896010507	0.0	0.0	0.0	0.0	0.0	25.66457799842345	0.0	68.84139137985086	0.0	0.0	0.0	0.0	0.0	0.0	0.0	69.15491010516179	0.0	0.0	0.0	0.0	0.0	0.0	0.0	0.0	0.0	0.0	0.0	0.0	0.0	0.0	0.0	0.0
GSM4138110_HNSCC_1_PBMC_CATGGCGCATGTTCCC	79.2638572376557	62.01859711104619	0.0	23.622493639569168	0.0	74.21511048119116	49.89942264315357	23.45228504743652	0.0	0.0	0.0	0.0	0.0	0.0	0.0	2.2584187024672553	0.0	0.0	0.0	0.0	0.0	0.0	0.0	50.853965456649156	0.0	0.0	0.0	0.0	0.0	0.0	0.0	0.0	0.0	0.0	0.0
GSM4138110_HNSCC_1_PBMC_CCACCTAGTAGTACCT	84.16138995116619	69.13066789317615	0.0	0.0	90.13354776314279	42.33394827273739	0.0	15.81726221026028	0.0	33.93739684537343	0.0	0.0	0.0	0.0	0.0	3.1123848178400477	0.0	0.0	0.0	0.0	0.0	0.0	0.0	0.0	0.0	0.0	0.0	0.0	0.0	0.0	0.0	0.0	0.0	0.0	0.0
GSM4138110_HNSCC_1_PBMC_CCGTTCAGTATATCCG	80.27122769119758	71.18370482202427	33.31335735275681	0.0	0.0	78.49802214941937	39.774862467691875	47.346376617937516	0.0	28.26461080688427	0.0	0.0	0.0	0.0	0.0	0.0	0.0	0.0	0.0	0.0	0.0	0.0	0.0	0.0	0.0	0.0	0.0	0.0	0.0	0.0	0.0	0.0	0.0	0.0	0.0
GSM4138110_HNSCC_1_PBMC_CCTACACGTCCGAAGA	63.619433330455216	18.215226853448787	0.0	10.563302262474705	0.0	43.540156407846105	0.0	11.653899895166722	0.0	0.0	0.0	48.74881927897627	0.0	0.0	0.0	0.0	0.0	0.0	0.0	0.0	0.0	9.870770696007831	0.0	0.0	0.0	0.0	26.006245751178177	0.0	0.0	0.0	0.0	0.0	0.0	0.0	0.0
GSM4138110_HNSCC_1_PBMC_CCTCTGAGTCGCGAAA	80.04059197331611	102.02940845115342	0.0	74.98488964355602	0.0	32.32870463544791	0.0	27.319978126335233	0.0	0.0	0.0	0.0	0.0	0.0	81.44009742944365	36.6360761133981	0.0	0.0	0.0	0.0	0.0	0.0	0.0	0.0	0.0	0.0	0.0	0.0	0.0	0.0	0.0	0.0	0.0	0.0	0.0
GSM4138110_HNSCC_1_PBMC_CGCTGGAAGGCATGTG	45.5145314986162	54.85052799275493	0.0	47.56289155297341	0.0	57.56641146388212	0.0	23.31794950237271	0.0	0.0	75.9210551136436	0.0	0.0	0.0	0.0	0.0	0.0	0.0	0.0	0.0	0.0	0.0	0.0	0.0	0.0	0.0	0.0	0.0	0.0	0.0	0.0	0.0	0.0	0.0	0.0
GSM4138110_HNSCC_1_PBMC_CGGAGTCTCACAATGC	44.26462077708952	51.037472832382804	56.49659093050964	4.948540238180612	0.0	32.93555631005503	58.16455698040047	0.0	16.00511360320866	0.0	0.0	0.0	0.0	0.0	0.0	0.0	0.0	0.0	0.0	0.0	0.0	0.0	0.0	0.0	0.0	0.0	0.0	0.0	0.0	0.0	0.0	0.0	0.0	0.0	0.0
GSM4138110_HNSCC_1_PBMC_CGGCTAGAGCTACCGC	58.628426445427415	79.47978088799873	0.0	40.29397734952364	0.0	48.533816143942325	0.0	0.0	20.892954498748246	0.0	0.0	0.0	0.0	0.0	0.0	0.0	79.8566532808432	0.0	0.0	0.0	0.0	0.0	0.0	0.0	0.0	0.0	0.0	0.0	0.0	0.0	0.0	0.0	0.0	0.0	0.0
GSM4138110_HNSCC_1_PBMC_CGTTGGGCAAGCCGCT	68.08326443611743	14.614150174718182	0.0	0.0	34.760631607277304	0.0	0.0	0.0	38.27877167928688	0.0	41.51210922871108	0.0	0.0	19.38380362872067	0.0	38.8202163921611	0.0	0.0	0.0	0.0	0.0	0.0	0.0	0.0	0.0	0.0	0.0	0.0	0.0	0.0	0.0	0.0	0.0	0.0	0.0
GSM4138110_HNSCC_1_PBMC_CTCAGAAGTCCGACGT	35.23041115951916	32.02692136133227	0.0	59.7838566533964	0.0	0.0	0.0	0.0	7.458219084537806	0.0	0.0	0.0	0.0	39.81994348845402	0.0	0.0	27.99035791963829	0.0	0.0	0.0	0.0	0.0	0.0	37.0025406520664	0.0	0.0	0.0	0.0	0.0	0.0	0.0	0.0	0.0	0.0	0.0
GSM4138110_HNSCC_1_PBMC_CTCGTACCACGCGAAA	46.14757753268984	56.11244004203782	0.0	0.0	46.062761246094986	1.4162309792021242	0.0	17.123665815930465	0.0	0.0	0.0	0.0	0.0	0.0	0.0	0.0	0.0	0.0	0.0	42.32179947106643	0.0	0.0	43.26910354849384	0.0	0.0	0.0	0.0	0.0	0.0	0.0	0.0	0.0	0.0	0.0	0.0
GSM4138110_HNSCC_1_PBMC_GAAATGAAGAGCCTAG	116.13762298794232	113.7564292300678	0.0	0.0	5.427009426382025	69.27435654284415	0.0	25.316812625568875	0.0	0.0	50.191970827896675	87.4642854402982	18.431226813587667	0.0	0.0	0.0	0.0	0.0	0.0	0.0	0.0	0.0	0.0	0.0	0.0	0.0	0.0	0.0	0.0	0.0	0.0	0.0	0.0	0.0	0.0
GSM4138110_HNSCC_1_PBMC_GACGTTATCTAACCGA	81.02505572697191	54.262752916445066	3.7969472255484007	39.3813451711082	0.0	0.0	0.0	0.0	16.498817517992713	0.0	42.68190478756146	0.0	0.0	0.0	0.0	0.0	0.0	0.0	71.72647790554943	0.0	0.0	0.0	0.0	0.0	0.0	0.0	0.0	0.0	0.0	0.0	0.0	0.0	0.0	0.0	0.0
GSM4138110_HNSCC_1_PBMC_GACTGCGTCGGCATCG	103.18930155231436	45.29327342505777	37.58158792722704	0.0	0.0	4.133141006881471	0.0	0.0	25.3901854787337	57.65122570228326	0.0	0.0	0.0	0.0	0.0	42.21137969143679	7.124522649222241	0.0	0.0	0.0	0.0	0.0	0.0	0.0	0.0	0.0	0.0	0.0	0.0	0.0	0.0	0.0	0.0	0.0	0.0
GSM4138110_HNSCC_1_PBMC_GATGAGGAGGCTAGCA	39.55165729849962	42.424082878267804	41.30524623235714	0.0	0.0	35.94879977390177	0.0	21.34909530126465	0.0	0.0	0.0	0.0	0.0	0.0	0.0	0.0	0.0	0.0	0.0	0.0	0.0	0.0	0.0	0.0	0.0	0.0	69.73701182496643	0.0	0.0	0.0	0.0	0.0	0.0	0.0	0.0
GSM4138110_HNSCC_1_PBMC_GATTCAGCACCACGTG	21.750394280704015	61.58392678697848	16.400012545645847	0.0	0.0	0.0	0.0	0.0	20.47407285322728	0.0	0.0	0.0	0.0	53.53325953726174	0.0	0.0	0.0	0.0	0.0	0.0	0.0	0.0	0.0	0.0	0.0	0.0	66.6790003243162	0.0	0.0	0.0	0.0	0.0	0.0	0.0	0.0
GSM4138110_HNSCC_1_PBMC_GCAATCAGTAGCTCCG	38.002627879619745	31.19742181911344	20.621574260630037	0.0	6.41238777516993	0.0	0.0	0.0	19.70779895400864	0.0	0.0	7.381044430430315	0.0	33.70189806875801	23.49082179332103	0.0	0.0	0.0	0.0	0.0	0.0	0.0	0.0	0.0	0.0	0.0	0.0	23.89052581647441	0.0	0.0	0.0	0.0	0.0	0.0	0.0
GSM4138110_HNSCC_1_PBMC_GCGACCAGTAGCCTAT	82.49848929388394	54.08355508761755	78.13520560545955	0.0	0.0	53.249199139636794	0.0	18.726811805290794	11.305017584785727	55.89975952066826	0.0	0.0	0.0	0.0	0.0	0.0	0.0	0.0	0.0	0.0	0.0	0.0	0.0	0.0	0.0	0.0	0.0	0.0	0.0	0.0	0.0	0.0	0.0	0.0	0.0
GSM4138110_HNSCC_1_PBMC_GCTTCCATCTCATTCA	67.09286399580607	22.21287482864553	0.0	80.66621446353935	0.0	31.574076032543164	55.01643964797514	10.352949463398119	0.0	0.0	0.0	0.0	0.0	0.0	0.0	0.0	0.0	0.0	0.0	0.0	0.0	0.0	0.0	0.0	0.0	0.0	0.0	0.0	0.0	0.0	2.684501778472194	0.0	0.0	0.0	0.0
GSM4138110_HNSCC_1_PBMC_GCTTGAAAGACCTTTG	35.39851271326258	39.1611553918786	0.0	0.0	3.0288533400561457	0.0	0.0	0.0	10.34742593576139	0.0	0.0	35.542704772847515	0.0	0.0	0.0	19.847138382656468	0.0	0.0	0.0	0.0	0.0	0.0	0.0	50.610532545200144	0.0	0.0	0.0	0.0	0.0	0.0	0.0	0.0	0.0	0.0	0.0
GSM4138110_HNSCC_1_PBMC_GGACAAGGTAATTGGA	60.75989277532594	51.70286770520191	0.0	0.0	0.0	38.47578103954974	0.0	0.0	13.959695175418284	0.0	0.0	42.288654434304775	66.75721779374098	16.59830553212714	0.0	0.0	1.106334009443789	0.0	0.0	0.0	0.0	0.0	0.0	0.0	0.0	0.0	0.0	0.0	0.0	0.0	0.0	0.0	0.0	0.0	0.0
GSM4138110_HNSCC_1_PBMC_GGCGTGTAGCACGCCT	64.4949270908409	34.08708476822103	0.0	38.344033488361724	0.0	6.345200786419385	0.0	0.0	31.121885810333207	20.6787828712741	0.0	0.0	0.0	13.06520362237181	11.346852456419386	5.127509849045739	0.0	0.0	0.0	0.0	0.485317523575179	0.0	0.0	0.0	0.0	0.0	0.0	0.0	0.0	0.0	0.0	0.0	0.0	0.0	0.0
GSM4138110_HNSCC_1_PBMC_GGCGTGTAGCGTTTAC	71.92630026209899	41.00304855680033	0.0	30.61635323761422	0.0	23.550751454125834	28.43660399755106	15.114892636681747	0.0	0.0	0.0	0.0	0.0	0.0	0.0	0.0	0.0	0.0	0.0	0.0	0.0	0.0	0.0	0.0	0.0	0.0	0.0	0.0	0.0	0.0	0.0	0.0	0.0	0.0	0.0
GSM4138110_HNSCC_1_PBMC_GGCTGGTCAATGGACG	80.76813126074809	108.06554445922684	0.0	0.0	29.304001262759158	0.0	0.0	0.0	20.02860812842626	0.0	0.0	0.0	0.0	0.0	0.0	0.0	0.0	0.0	0.0	18.099957501378984	0.0	0.0	110.31933206300103	0.0	0.0	0.0	0.0	0.0	0.0	0.0	38.547959539669336	0.0	0.0	0.0	0.0
GSM4138110_HNSCC_1_PBMC_GGGAATGTCAGCTGGC	63.283642329782936	63.16102767791592	0.0	81.1908977475904	0.0	0.0	0.0	18.233734778040915	2.789992456416887	0.0	0.0	0.0	0.0	58.66539708651775	68.88632887803088	0.0	0.0	0.0	0.0	0.0	0.0	0.0	0.0	0.0	0.0	0.0	0.0	0.0	0.0	0.0	0.0	0.0	0.0	0.0	0.0
GSM4138110_HNSCC_1_PBMC_GGGTTGCAGATCGGGT	68.58719795228997	52.895078745713306	42.445802111798756	14.063406611651615	0.0	0.0	0.0	0.0	13.541890267631123	0.0	0.0	0.0	0.0	0.0	43.91779606356331	0.0	0.0	41.46466161307596	0.0	0.0	0.0	0.0	0.0	0.0	0.0	0.0	0.0	0.0	0.0	0.0	0.0	0.0	0.0	0.0	0.0
GSM4138110_HNSCC_1_PBMC_GGTATTGCACATTAGC	24.67676542330298	64.6208765730225	0.0	0.0	8.716570362247698	0.0	0.0	0.0	19.135353644981723	0.0	0.0	0.0	0.0	0.0	0.0	0.0	0.0	31.411829499682604	0.0	0.0	0.0	0.0	0.0	0.0	0.0	0.0	0.0	54.62419656595391	0.0	0.0	0.0	0.0	0.0	0.0	0.0
GSM4138110_HNSCC_1_PBMC_GGTGTTAGTGTGACCC	47.292882294860355	72.53799081663792	0.0	28.28489140408089	0.0	1.7805610015196514	0.0	9.854791508571711	0.0	39.540391413153365	24.976222985081336	0.0	0.0	0.0	0.0	11.234898126652169	0.0	0.0	0.0	0.0	0.0	0.0	0.0	0.0	25.628385261740892	0.0	0.0	0.0	2.6467847811387006	0.0	0.0	0.0	0.0	0.0	0.0
GSM4138110_HNSCC_1_PBMC_GTCACAAGTATCACCA	41.97287444570456	35.65512112493819	0.0	0.0	65.90997096237729	0.0	43.158104261502004	0.0	15.133598834639296	0.0	13.493008485108806	0.0	0.0	0.0	0.0	0.0	0.0	0.0	10.009560626836953	48.46382771463781	0.0	0.0	0.0	0.0	0.0	0.0	0.0	0.0	0.0	6.283073574215776	4.1750718171712595	0.0	0.0	0.0	0.0
GSM4138110_HNSCC_1_PBMC_GTCACAATCGCAAGCC	78.98691672491823	51.54723182725451	0.0	0.0	18.42440573385472	0.0	29.8117904148571	17.26854462654801	0.0	0.0	32.4719814970091	16.889673841214794	0.0	0.0	0.0	0.0	0.0	0.0	0.0	0.0	0.0	0.0	0.0	0.0	0.0	0.0	0.0	0.0	0.0	0.0	23.524059960802735	0.0	0.0	0.0	0.0
GSM4138110_HNSCC_1_PBMC_GTCACGGCAAGCTGGA	18.11901201931957	32.30870584495945	0.0	28.91025001945706	0.0	0.0	144.65132126384475	14.79802089627829	0.0	0.0	0.0	0.0	0.0	0.0	0.0	26.908093481416188	0.0	0.0	0.0	0.0	0.0	0.0	0.0	0.0	0.0	0.0	0.0	0.0	12.798452590391294	0.0	0.0	0.0	0.0	0.0	0.0
GSM4138110_HNSCC_1_PBMC_GTCGTAAAGGCATGTG	138.8222823677572	93.66696831291898	0.0	158.99132787999136	0.0	0.0	0.0	0.0	31.316798284873872	0.0	0.0	0.0	0.0	79.11718450399569	75.68890362214071	0.0	0.0	0.0	0.0	0.0	0.0	0.0	0.0	0.0	0.0	0.0	0.0	0.0	0.0	0.0	0.0	0.0	0.0	0.0	0.0
GSM4138110_HNSCC_1_PBMC_GTCGTAATCTTGCAAG	54.5199752656357	52.52406689716913	0.0	38.095954677028644	0.0	0.0	0.0	0.0	10.733733394059488	0.0	0.0	0.0	0.0	0.0	9.025333585383848	24.978985731231255	25.347112085876223	0.0	0.0	0.0	0.0	0.0	0.0	0.0	0.0	3.138922331508407	0.0	0.0	0.0	6.103635372472007	0.0	0.0	0.0	0.0	0.0
GSM4138110_HNSCC_1_PBMC_GTCTCGTCATGCGCAC	54.82934607594692	56.09996664786543	0.0	49.51431825689586	0.0	32.4338061057599	27.3417358430391	0.0	21.431706690991962	0.0	36.93089749904063	0.0	0.0	0.0	0.0	0.0	0.0	0.0	0.0	0.0	0.0	0.0	0.0	0.0	0.0	0.0	0.0	0.0	0.0	0.0	0.0	2.536582680356549	0.0	0.0	0.0
GSM4138110_HNSCC_1_PBMC_GTGAAGGCACATTTCT	49.30429981814613	60.65254010759267	89.945856225058	0.0	0.0	0.0	55.38269385236171	29.36594829556875	0.0	0.0	0.0	0.0	0.0	0.0	0.0	51.65034860786476	0.0	0.0	0.0	0.0	0.0	0.0	0.0	0.0	0.0	0.0	0.0	0.0	0.0	0.0	0.0	0.0	0.0	0.0	0.0
GSM4138110_HNSCC_1_PBMC_GTGCAGCAGACCGGAT	97.49577763349295	115.43472134694174	0.0	0.0	0.0	57.4225440127516	0.0	9.34609824848358	0.0	0.0	0.0	62.879108422129434	0.0	0.0	0.0	0.0	0.0	0.0	0.0	0.0	0.0	88.04989498200483	0.0	0.0	0.0	0.0	0.0	0.0	0.0	0.0	0.0	0.0	0.0	0.0	0.0
GSM4138110_HNSCC_1_PBMC_GTTAAGCTCATACGGT	25.87395230993262	40.77022624270024	0.0	0.0	32.00879793258441	0.0	0.0	9.249062746967686	50.16789213059494	59.840567676298555	0.0	0.0	0.0	0.0	0.0	9.7205337815827	0.0	0.0	0.0	0.0	10.05349860399134	0.0	0.0	0.0	8.192545589533088	0.0	0.0	0.0	0.0	0.0	0.0	0.0	0.0	0.0	0.0
GSM4138110_HNSCC_1_PBMC_TAAACCGAGGGTCGAT	48.65059516321932	47.379972202065	0.0	53.29128373598507	0.0	0.0	0.0	13.846313738271123	0.0	55.176300693227205	0.0	0.0	0.0	0.0	0.0	0.0	0.0	0.0	45.46692172441444	0.0	0.0	0.0	0.0	0.0	0.0	0.0	0.0	0.0	0.0	0.0	0.0	0.0	0.0	0.0	0.0
GSM4138110_HNSCC_1_PBMC_TACCTTAAGGCTCTTA	75.96641306630575	71.91488177545524	0.0	0.0	66.97612932692614	0.0	0.0	28.747754537001768	0.0	0.0	25.500111659905162	0.0	0.0	0.0	0.0	55.356215623913684	21.678352760382914	0.0	0.0	0.0	0.022416483802763242	2.7669499534824493	0.0	0.0	0.0	0.0	0.0	0.0	0.0	0.0	0.0	0.0	0.0	0.0	0.0
GSM4138110_HNSCC_1_PBMC_TAGAGCTTCGTTGCCT	77.66626246579949	101.17584054566426	0.0	105.35244753043769	0.0	0.0	0.0	0.0	28.772158349787684	0.0	0.0	0.0	27.89337033749312	0.0	0.0	0.0	0.0	61.63014169076371	0.0	0.0	0.0	0.0	45.83103550784826	0.0	0.0	0.0	0.0	0.0	0.0	0.0	42.786119891818345	0.0	2.2593641223973724	0.0	0.0
GSM4138110_HNSCC_1_PBMC_TAGGCATTCCCAGGTG	48.419173951873645	41.1001165820302	24.905929209077456	0.0	0.0	27.090415008195976	0.0	18.102647654049402	0.0	0.0	0.0	0.0	34.73705224884154	0.0	0.0	0.0	57.574513414029624	0.0	0.0	0.0	0.0	0.0	0.0	0.0	0.0	0.0	0.0	0.0	0.0	0.0	0.0	0.0	0.0	0.0	0.0
GSM4138110_HNSCC_1_PBMC_TCACAAGCACATCCGG	38.297405879773514	82.29864290364381	22.136164440896913	0.0	0.0	0.0	0.0	0.0	35.43009747130078	0.0	0.0	0.0	0.0	0.0	0.0	0.0	0.0	0.0	32.71731250692065	30.87412709005314	0.0	0.0	70.15185001437086	0.0	0.0	0.0	0.0	0.0	0.0	0.0	0.0	0.0	0.0	0.0	0.0
GSM4138110_HNSCC_1_PBMC_TCAGCTCCATGACGGA	47.6234984665339	90.25781271257296	0.0	0.0	0.0	0.0	0.0	0.0	28.855032469995418	0.0	0.0	21.63965130915296	0.0	0.0	32.39068588515887	0.0	0.0	0.0	0.0	0.0	21.734987328836276	0.0	0.0	0.0	0.0	0.0	0.0	0.0	0.0	0.0	0.0	0.0	0.0	0.0	0.0
GSM4138110_HNSCC_1_PBMC_TCGAGGCTCCAGGGCT	31.261938906610894	43.560914577095836	0.0	41.22086026613164	0.0	0.0	0.0	10.824357252346557	0.0	0.0	0.0	0.0	0.0	59.524478664792	0.0	0.0	0.0	0.0	0.0	0.0	0.0	0.0	0.0	0.0	0.0	0.0	40.38757211513477	0.0	0.0	0.0	0.0	0.0	0.0	0.0	0.0
GSM4138110_HNSCC_1_PBMC_TCTATTGCAGTCAGCC	109.42616930154266	72.03518081341777	0.0	0.0	21.676083070234522	0.0	0.0	0.6501882840965653	13.655448939586647	59.91054793712645	0.0	14.02513472834595	0.0	0.0	0.0	0.0	0.0	0.0	0.0	52.016612209596296	0.0	0.0	0.0	0.0	0.0	0.0	0.0	0.0	0.0	0.0	2.4761076795632446	0.0	0.0	0.0	0.0
GSM4138110_HNSCC_1_PBMC_TCTCTAAGTGGTAACG	130.1409851048506	62.00342243261019	61.03458168332914	0.0	10.73720448317993	1.8306697112981707	0.0	0.0	25.529510659475445	124.44593136372286	0.0	0.0	0.0	19.83722873849114	0.0	0.0	0.0	32.13691981406333	0.0	0.0	0.0	0.0	0.0	0.0	0.0	0.0	0.0	0.0	0.0	0.0	0.0	0.0	0.0	0.0	0.0
GSM4138110_HNSCC_1_PBMC_TCTGAGATCTAGCACA	126.24137571138459	16.32297687846281	0.0	0.0	0.0	0.0	0.0	0.0	20.241404576111414	0.0	31.921648911653925	22.52173845198498	0.0	0.0	0.0	0.0	0.0	48.38478306558207	0.0	0.0	0.0	0.0	0.0	0.0	0.0	0.0	0.0	0.0	0.0	0.0	0.0	0.0	14.95254064989726	0.0	0.0
GSM4138110_HNSCC_1_PBMC_TCTTTCCCACTGAAGG	104.47023444711498	88.9620708587353	9.009860465693142	64.7417860493086	0.0	81.23945558442077	0.0	21.517855785206716	0.0	105.4932227902069	0.0	0.0	0.0	0.0	0.0	0.0	0.0	0.0	0.0	0.0	0.0	0.0	0.0	0.0	0.0	0.0	0.0	0.0	0.0	0.0	0.0	0.0	0.0	0.0	0.0
GSM4138110_HNSCC_1_PBMC_TGACAACGTCATCCCT	53.301153336735425	137.9971279710995	42.410885332608956	24.634682047646777	0.0	0.0	0.0	17.341488660457344	0.0	0.0	0.0	20.029881335555658	0.0	0.0	0.0	0.0	0.0	0.0	14.65647200844225	0.0	0.0	0.0	84.55552353166848	0.0	0.0	0.0	0.0	0.0	29.521966532380784	0.0	0.0	0.0	0.0	0.0	0.0
GSM4138110_HNSCC_1_PBMC_TGAGCCGAGATGAGAG	46.91296596024102	70.31589000323488	0.0	0.0	35.84065983929361	49.34687218719264	0.0	26.2320085287196	0.0	0.0	0.0	0.0	0.0	0.0	0.0	0.0	16.625903416241098	0.0	0.0	0.0	0.0	35.02688958979411	0.0	0.0	0.0	9.921009077743138	0.0	0.0	0.0	0.0	0.0	0.0	0.0	0.0	0.0
GSM4138110_HNSCC_1_PBMC_TGCGGGTTCTGATTCT	51.81502469879384	66.13000115246523	0.0	51.79403959538804	0.0	0.0	12.649312068736378	0.0	9.606200748967362	0.0	0.0	0.0	0.0	0.0	0.0	0.0	0.0	0.0	18.160034000421007	0.0	0.0	0.0	0.0	0.0	0.0	0.0	14.327980484606297	0.0	0.0	0.0	0.0	0.0	0.0	1.5114276081272102	0.0
GSM4138110_HNSCC_1_PBMC_TGGCTGGGTTCCAACA	49.329534829822215	92.9839821227637	62.237255751176804	0.0	0.0	16.669206657203134	65.64141888258354	0.0	13.907921325057213	0.0	0.0	0.0	0.0	0.0	0.0	0.0	0.0	0.0	0.0	0.0	0.0	0.0	0.0	0.0	0.0	0.0	0.0	0.0	40.13853366229165	0.0	0.0	0.0	0.0	0.0	0.0
GSM4138110_HNSCC_1_PBMC_TGTATTCGTGGCTCCA	85.73649875686047	69.2484626214631	0.0	0.0	48.09711140322337	84.38473264222806	152.14128870548774	19.575064889173728	0.0	0.0	0.0	0.0	0.0	0.0	0.0	0.0	0.0	0.0	0.0	0.0	0.0	0.0	0.0	0.0	0.0	0.0	0.0	0.0	0.0	0.0	0.0	1.2334837118115538	0.0	0.0	0.0
GSM4138110_HNSCC_1_PBMC_TGTGGTAAGTATGACA	80.09897638719691	38.98074402266222	0.0	42.61631144375798	0.0	52.155301858672225	0.0	0.0	13.90132890940263	0.0	0.0	0.0	0.0	0.0	8.799841657916875	0.0	0.0	0.0	0.0	0.0	0.0	41.93839209420708	0.0	0.0	0.0	0.0	11.400645589921774	0.0	0.0	0.0	0.0	0.0	0.0	0.0	0.0
GSM4138110_HNSCC_1_PBMC_TTCCCAGGTCACTGGC	47.90642018022428	58.81057246770023	0.0	14.645600420713869	0.0	13.774608945479315	0.0	33.909690399885726	0.0	0.0	0.0	0.0	0.0	0.0	0.0	4.772925051907189	50.489258629525224	0.0	0.0	0.0	0.0	0.0	0.0	0.0	0.0	0.0	0.0	0.0	0.0	0.0	27.475650041647615	0.0	0.0	0.0	0.0
GSM4138110_HNSCC_1_PBMC_TTCGGTCCACCTCGGA	67.63194166690151	28.520313023246253	0.0	0.0	53.8258414615041	0.0	0.0	9.50681899782191	0.0	42.82491292233977	0.0	0.0	0.0	0.0	0.0	0.0	0.0	0.0	25.850733676548224	0.0	0.0	0.0	0.0	0.0	0.0	0.0	0.0	0.0	0.0	0.0	0.0	0.0	0.0	0.0	0.0
GSM4138110_HNSCC_1_PBMC_TTCTACATCCTTCAAT	58.19858158330001	67.04583687134398	0.0	0.23834628742934827	0.0	26.929702502460422	0.0	26.065828422285158	0.0	0.0	0.0	42.857834621881125	0.0	0.0	0.0	0.0	0.0	0.0	0.0	0.0	0.0	0.0	56.07622523326295	0.0	0.0	0.0	0.0	0.0	0.0	0.0	0.0	0.0	0.0	0.0	0.0
GSM4138110_HNSCC_1_PBMC_AAAGTAGTCGGCATCG	177.08391851425253	184.1717639780425	0.0	0.0	0.0	90.86782395460621	0.0	0.0	53.643373698743744	0.0	0.0	186.2133383660114	225.6172359277957	0.0	0.0	0.0	0.0	0.0	0.0	0.0	0.0	0.0	0.0	0.0	0.0	0.0	0.0	0.0	0.0	0.0	0.0	0.0	0.0	0.0	0.0
GSM4138110_HNSCC_1_PBMC_ACACTGATCGTACCGG	89.27589194909379	110.0928891562553	0.0	86.27392119601411	0.0	52.266218654508656	124.36004148115606	5.561927969981114	16.890534026980845	0.0	0.0	0.0	0.0	0.0	0.0	0.0	0.0	0.0	0.0	0.0	0.0	0.0	0.0	0.0	0.0	0.0	0.0	0.0	0.0	0.0	0.0	0.0	0.0	0.0	0.0
GSM4138110_HNSCC_1_PBMC_ACAGCTATCAGCACAT	125.8410275837939	142.9726142559672	66.02541895192971	70.29278494864003	0.0	0.0	0.0	44.76023839947917	0.0	0.0	0.0	7.153037436239123	0.0	0.0	0.0	17.559475954760238	0.0	51.14213901128808	0.0	0.0	0.0	0.0	0.0	0.0	0.0	0.0	0.0	154.08015517626964	0.0	0.0	0.0	0.0	68.31590604489304	0.0	0.0
GSM4138110_HNSCC_1_PBMC_ACTGAACGTTATTCTC	115.45748382024077	153.40724681230986	115.12054948110065	0.0	0.0	87.47101189525797	0.0	4.453592449766642	22.16779126356303	0.0	159.64801245272	0.0	0.0	0.0	0.0	0.0	0.0	0.0	0.0	0.0	0.0	0.0	46.250860962264184	0.0	0.0	0.0	0.0	0.0	0.0	0.0	0.0	0.0	0.0	0.0	0.0
GSM4138110_HNSCC_1_PBMC_ACTGAGTTCAGGTAAA	121.25175473502112	133.53789953121145	54.34895730125274	0.0	0.0	0.0	0.0	0.0	30.30147873551833	0.0	0.0	42.64177834854583	0.0	0.0	0.0	0.0	0.0	0.0	0.0	73.15360576082634	0.0	0.0	36.39528481557698	0.0	0.0	0.0	0.0	111.21309787149494	0.0	0.0	0.0	0.0	0.0	0.0	18.06095028719835
GSM4138110_HNSCC_1_PBMC_ACTGCTCCAACCGCCA	135.92694848778513	116.41132283281092	0.0	91.35574226090935	0.0	0.0	0.0	0.0	28.731439780418814	0.0	0.0	5.727582853311367	0.0	0.0	0.0	0.0	137.87569271841764	0.0	0.0	0.0	66.56892453936622	0.0	0.0	0.0	0.0	0.0	0.0	0.0	0.0	0.0	0.0	0.0	0.0	0.0	0.0
GSM4138110_HNSCC_1_PBMC_ACTTACTAGTGGAGAA	212.79775330804057	224.78623961805926	168.1919947331289	0.0	0.0	0.0	0.0	58.885327955479006	0.0	0.0	0.0	0.0	215.35707829199174	0.0	0.0	0.0	8.108683235724298	0.0	0.0	89.9799144102062	0.0	0.0	0.0	0.0	0.0	0.0	0.0	0.0	0.0	0.0	0.0	0.0	0.0	0.0	0.0
GSM4138110_HNSCC_1_PBMC_ACTTGTTCAGTTCATG	181.0077029534147	158.77979202786102	2.2155442752652568	0.0	205.9589904707421	0.0	0.0	29.818221028357716	0.0	0.0	0.0	0.0	0.0	0.0	0.0	111.21556377723788	133.51610808473768	0.0	0.0	0.0	0.0	0.0	0.0	151.2636378967563	0.0	0.0	0.0	0.0	0.0	0.0	0.0	0.0	0.0	0.0	0.0
GSM4138110_HNSCC_1_PBMC_AGAGTGGCAGGGATTG	110.12369005738032	115.8918185982618	0.0	0.0	0.0	0.0	0.0	59.860739871279016	0.0	0.0	61.1852000141624	128.60364619237495	0.0	0.0	55.50362216620765	0.0	0.0	0.0	0.0	0.0	98.12357081355482	0.0	0.0	0.0	0.0	0.0	0.0	0.0	0.0	0.0	0.0	0.0	0.0	0.0	0.0
GSM4138110_HNSCC_1_PBMC_AGATCTGGTGATAAGT	109.00447380355523	106.83322066080642	113.77165883769216	0.0	0.0	0.0	0.0	0.0	25.74281442430243	0.0	0.0	0.0	8.457276013713127	0.0	0.0	0.0	72.99673300327443	0.0	0.0	0.0	0.0	0.0	0.0	0.0	119.93472742253338	0.0	0.0	0.0	0.0	0.0	0.0	0.0	0.0	0.0	0.0
GSM4138110_HNSCC_1_PBMC_AGATTGCGTATAGGGC	209.0049714442897	201.8800272092263	0.0	172.30796690338005	0.0	0.0	181.38658354467333	36.81064080192402	0.0	0.0	0.0	0.0	0.0	0.0	0.0	0.0	0.0	0.0	64.59035210548761	0.0	0.0	0.0	0.0	0.0	0.0	0.0	0.0	0.0	0.0	0.0	0.0	0.0	0.0	0.0	0.0
GSM4138110_HNSCC_1_PBMC_AGCGGTCCATGCTGGC	112.86993570049071	149.22463281019748	0.0	0.0	0.0	83.52212589888656	0.0	33.563362601019115	0.0	0.0	0.0	244.14407573426706	0.0	0.0	0.0	0.0	94.22243600219066	0.0	0.0	0.0	0.0	0.0	0.0	0.0	0.0	0.0	0.0	0.0	0.0	0.0	0.0	0.0	0.0	0.0	0.0
GSM4138110_HNSCC_1_PBMC_AGGCCACTCAGCGATT	97.41494942733168	70.9678869487894	52.4319832869735	80.67155904290873	0.0	0.0	0.0	0.0	21.659731013040876	0.0	0.0	2.0108424409796015	144.93747584585344	0.0	0.0	0.0	0.0	98.21549998945233	0.0	0.0	0.0	0.0	0.0	0.0	0.0	0.0	0.0	0.0	0.0	0.0	0.0	0.0	0.0	0.0	0.0
GSM4138110_HNSCC_1_PBMC_AGTAGTCCACAGTCGC	212.40043143143296	215.30479411294831	137.5906237706973	6.844790997501334	0.0	118.3767477572278	0.0	28.03903796622783	0.0	0.0	0.0	0.0	0.0	0.0	269.1223916458986	0.0	0.0	0.0	0.0	0.0	0.0	0.0	0.0	0.0	0.0	0.0	0.0	0.0	0.0	0.0	0.0	0.0	0.0	0.0	0.0
GSM4138110_HNSCC_1_PBMC_AGTGTCATCCCTAATT	128.97585871211237	157.52668962978439	0.0	91.57973636438449	0.0	0.0	0.0	35.46824436029969	0.0	0.0	0.0	0.0	138.8951387045308	0.0	0.0	0.0	0.0	0.0	0.0	68.30183997348834	0.0	0.0	0.0	0.0	0.0	0.0	0.0	0.0	0.0	0.0	0.0	0.0	0.0	0.0	0.0
GSM4138110_HNSCC_1_PBMC_ATCCACCGTGGTTTCA	242.87681271738646	227.21093381001572	67.51027350216091	32.36893759980425	0.0	58.56323850599315	0.0	69.88734475584776	0.0	0.0	0.0	126.33293415361614	31.733594132364043	0.0	0.0	0.0	354.92318890324515	0.0	0.0	156.4333995586572	0.0	0.0	0.0	0.0	0.0	0.0	0.0	0.0	0.0	0.0	0.0	0.0	0.0	0.0	0.0
GSM4138110_HNSCC_1_PBMC_ATCGAGTGTACTTAGC	106.75988132462618	180.06532744826265	185.496425421424	0.0	0.0	0.0	0.0	45.47499128112009	0.0	0.0	228.75788394368396	0.0	0.0	0.0	0.0	0.0	0.0	0.0	0.0	0.0	101.95065517857896	0.0	0.0	0.0	0.0	0.0	0.0	0.0	0.0	0.0	0.0	0.0	0.0	0.0	0.0
GSM4138110_HNSCC_1_PBMC_CAACTAGTCTTGAGAC	122.74532668481902	124.1657475346096	0.0	0.0	0.0	0.0	0.0	29.16657699061875	1.3059791768655507	0.0	0.0	147.6209970264682	156.79105888074722	0.0	0.0	0.0	0.0	0.0	0.0	0.0	0.0	0.0	0.0	0.0	53.10573612137772	0.0	0.0	0.0	0.0	0.0	0.0	0.0	0.0	0.0	0.0
GSM4138110_HNSCC_1_PBMC_CAAGGCCTCTAGCACA	69.27346087166808	90.42604856311142	101.01609881345435	0.0	0.0	17.34478823521575	0.0	37.712660985497635	0.0	0.0	0.0	0.0	0.0	0.0	0.0	0.0	93.50338821434784	0.0	0.0	0.0	35.06748807933144	0.0	0.0	0.0	0.0	0.0	0.0	0.0	0.0	0.0	0.0	0.0	0.0	0.0	0.0
GSM4138110_HNSCC_1_PBMC_CACAAACAGGCTACGA	150.86045421828752	196.2483660260069	0.0	0.0	0.0	0.0	0.0	0.0	21.12927305977504	0.0	0.0	105.89812520528038	0.0	0.0	0.0	0.0	0.0	0.0	0.0	0.0	0.0	0.0	0.0	0.0	0.0	0.0	0.0	0.0	0.0	0.0	59.517748246866326	0.0	193.6227202840439	0.0	0.0
GSM4138110_HNSCC_1_PBMC_CACATTTTCATTGCGA	105.84979257762532	134.09190772101272	12.588580080270376	0.0	0.0	0.0	0.0	34.80658534428152	0.0	0.0	0.0	73.6742461611548	0.0	0.0	0.0	0.0	0.0	0.0	0.0	0.0	0.0	0.0	206.22429946776873	0.0	75.10879271654663	0.0	0.0	0.0	0.0	0.0	0.0	0.0	0.0	0.0	0.0
GSM4138110_HNSCC_1_PBMC_CAGAGAGTCAGTTAGC	145.45607491254344	206.62470738419523	0.0	139.3256441468584	0.0	0.0	32.39235040852242	28.745130585949326	0.0	0.0	0.0	0.0	0.0	0.0	0.0	110.42687239648372	0.0	0.0	0.0	0.0	0.0	0.0	0.0	131.67018923161692	0.0	0.0	0.0	0.0	0.0	0.0	0.0	0.0	0.0	0.0	0.0
GSM4138110_HNSCC_1_PBMC_CAGCTGGGTCTCCACT	167.67852843517605	153.1762682979042	0.0	42.67701064773702	74.53525449834575	0.0	0.0	0.0	30.202587994842734	0.0	0.0	0.0	0.0	106.3389978667241	0.0	0.0	0.0	0.0	0.0	0.0	0.0	0.0	0.0	0.0	0.0	210.44137807853173	0.0	0.0	0.0	0.0	0.0	0.0	0.0	0.0	0.0
GSM4138110_HNSCC_1_PBMC_CAGCTGGGTGTTTGTG	69.15224168608535	78.49044707343556	0.0	0.0	0.0	0.0	0.0	21.259943783857146	0.0	0.0	0.0	121.1484742509789	0.0	0.0	0.0	0.0	128.31300233757028	0.0	16.21057206366192	0.0	44.065543413147374	0.0	0.0	0.0	0.0	0.0	0.0	0.0	0.0	0.0	0.0	0.0	0.0	0.0	0.0
GSM4138110_HNSCC_1_PBMC_CATATGGCAGGACGTA	182.9507790525282	214.9200443052809	0.0	0.0	0.0	0.0	0.0	0.0	13.01970852268585	0.0	0.0	234.18979379093614	140.02547702957466	0.0	0.0	1.3257397462607179	0.0	0.0	0.0	0.0	0.0	0.0	0.0	0.0	0.0	0.0	0.0	0.0	0.0	0.0	0.0	0.0	0.0	0.0	0.0
GSM4138110_HNSCC_1_PBMC_CATATTCTCCACGTTC	103.968747270763	161.9439095894815	0.0	0.0	151.55116695339294	0.0	0.0	0.0	30.294542139795787	0.0	123.58089236685397	0.0	0.0	0.0	0.0	0.0	0.0	0.0	0.0	0.0	56.55014874276283	0.0	0.0	0.0	0.0	0.0	0.0	0.0	0.0	0.0	0.0	0.0	0.0	0.0	0.0
GSM4138110_HNSCC_1_PBMC_CCAATCCCACGACTCG	104.82793992164365	60.56312971348782	66.70055775212627	0.0	0.0	0.0	0.0	0.0	28.806714935240244	0.0	0.0	0.0	0.0	0.0	0.0	66.01626137857549	0.0	0.0	0.0	0.0	0.0	0.0	0.0	116.66290571436241	0.0	0.0	0.0	0.0	0.0	0.0	0.0	0.0	0.0	0.0	0.0
GSM4138110_HNSCC_1_PBMC_CCTACCAGTCGGCTCA	110.92641653984366	144.57797329956097	93.15418705258146	0.0	0.0	0.0	0.0	45.35471171093831	0.0	0.0	0.0	32.573337081202844	117.89468202117625	133.65381315451768	0.0	0.0	93.57918883004102	0.0	0.0	0.0	0.0	0.0	0.0	0.0	0.0	0.0	0.0	0.0	0.0	0.0	0.0	0.0	0.0	0.0	0.0
GSM4138110_HNSCC_1_PBMC_CGAACATCAAGTTAAG	183.7757583712342	159.43797536141216	142.81702750219063	20.72928012523462	0.0	122.48997881481404	0.0	66.04081149845503	0.0	0.0	0.0	0.0	166.15885485401134	0.0	0.0	0.0	0.0	0.0	0.0	0.0	0.0	0.0	0.0	0.0	0.0	0.0	0.0	0.0	0.0	0.0	0.0	0.0	0.0	0.0	0.0
GSM4138110_HNSCC_1_PBMC_CGACCTTCATTACGAC	51.54498692909417	76.89459082290318	53.53115212795523	0.0	0.0	0.0	0.0	0.0	12.074307823887128	0.0	0.0	0.0	90.22846761915774	0.0	0.0	0.0	0.0	0.0	0.0	67.3593200947593	0.0	0.0	0.0	0.0	0.0	0.0	0.0	0.0	0.0	0.0	0.0	0.0	0.0	0.0	0.0
GSM4138110_HNSCC_1_PBMC_CGAGCACCATATACGC	175.38581708765093	192.0261470441151	203.88609810072663	0.0	0.0	0.0	0.0	0.0	59.268338033068794	0.0	0.0	0.0	0.0	0.0	240.51756200772192	0.0	0.0	0.0	0.0	91.10125788768067	0.0	0.0	0.0	0.0	0.0	0.0	0.0	0.0	0.0	0.0	0.0	0.0	0.0	0.0	0.0
GSM4138110_HNSCC_1_PBMC_CGATCGGCAACGATCT	166.13743697196017	149.47326327987764	0.0	0.0	0.0	6.207026785652143	154.84664234351825	41.77567305401581	0.0	21.78027709867205	0.0	114.97323012918461	0.0	0.0	0.0	57.5644441515051	0.0	0.0	0.0	0.0	0.0	0.0	0.0	0.0	0.0	0.0	0.0	0.0	0.0	0.0	0.0	0.0	0.0	0.0	0.0
GSM4138110_HNSCC_1_PBMC_CGATCGGGTTTGGGCC	166.47308179818197	119.41260484344104	0.0	0.0	138.2729417235907	0.0	0.0	45.10951286835217	0.0	0.0	189.14856311930293	0.0	0.0	0.0	0.0	0.0	0.0	0.0	0.0	38.97565451651697	3.9443983776608444	0.0	0.0	0.0	0.0	0.0	0.0	0.0	0.0	0.0	0.0	0.0	0.0	0.0	0.0
GSM4138110_HNSCC_1_PBMC_CGCTATCCACCGAATT	131.7056971337992	187.69578509345143	0.0	207.05013378579702	0.0	63.458635411463725	183.05200849316972	54.06252790823746	0.0	0.0	0.0	0.0	0.0	0.0	0.0	29.706088034619324	0.0	0.0	0.0	0.0	0.0	0.0	0.0	0.0	0.0	0.0	0.0	0.0	0.0	0.0	0.0	0.0	0.0	0.0	0.0
GSM4138110_HNSCC_1_PBMC_CGGAGCTGTCGAACAG	201.65489824264446	176.41994033911303	0.0	0.0	0.0	0.0	0.0	0.0	27.973692752664327	0.0	0.0	129.26783118817426	0.0	0.0	218.4780845619051	0.0	0.0	0.0	103.02078171848449	0.0	0.0	0.0	0.0	0.0	0.0	0.0	0.0	0.0	0.0	0.0	0.0	0.0	0.0	0.0	0.0
GSM4138110_HNSCC_1_PBMC_CGTTCTGGTCTAAACC	151.1950167444007	150.83689820294794	0.0	0.0	0.0	0.0	0.0	0.0	28.520052997340976	0.0	0.0	121.01893862782454	205.64737694289568	0.0	0.0	0.0	0.0	93.4528847695902	0.0	0.0	0.0	0.0	0.0	0.0	0.0	0.0	0.0	0.0	0.0	0.0	0.0	0.0	0.0	0.0	0.0
GSM4138110_HNSCC_1_PBMC_CGTTGGGGTGTGTGCC	139.6055646631708	90.02210110142717	0.0	0.0	99.61872409742767	0.0	62.758343060416394	55.050743824962076	0.0	0.0	0.0	0.0	0.0	0.0	0.0	2.374423458945079	0.0	0.0	20.999733150403586	0.0	24.163349322240062	0.0	0.0	32.73647466600472	0.0	0.0	0.0	0.0	0.0	0.0	0.0	0.0	0.0	0.0	0.0
GSM4138110_HNSCC_1_PBMC_CTAATGGCACACATGT	106.6324122510971	181.88045991666243	94.7004797894093	18.3397294465634	0.0	1.4712320593152308	0.0	46.84666502296365	0.0	0.0	0.0	0.0	0.0	38.530524419354215	0.0	12.717651041579455	165.08531474724057	0.0	0.0	0.0	0.0	0.0	0.0	0.0	9.749673377478418	0.0	0.0	0.0	0.0	0.0	0.0	0.0	0.0	0.0	0.0
GSM4138110_HNSCC_1_PBMC_CTACCCAGTTACCGAT	151.7144161992613	144.0739447208017	144.61573118941385	0.0	0.0	0.0	0.0	0.0	25.956510554072718	0.0	0.0	3.435053485945912	221.73646082518863	0.0	0.0	0.0	0.0	0.0	0.0	0.0	47.51248389205318	0.0	0.0	0.0	0.0	0.0	0.0	0.0	32.3487166875453	0.0	0.0	0.0	0.0	0.0	0.0
GSM4138110_HNSCC_1_PBMC_CTAGAGTCATCGGACC	151.40206292486184	137.218679879156	0.0	79.28011063855361	0.0	43.41851636509879	0.0	0.0	13.940408147620817	0.0	0.0	0.0	0.0	0.0	0.0	39.44420727993592	216.59810288711893	0.0	0.0	0.0	0.0	0.0	0.0	0.0	0.0	0.0	0.0	0.0	0.0	0.0	0.0	0.0	0.0	0.0	0.0
GSM4138110_HNSCC_1_PBMC_CTCTGGTGTGTTCGAT	130.03677766197407	128.86762180223928	4.2166514113924	144.55129608982168	0.0	60.25098836048234	0.0	0.0	44.939347073532794	0.0	0.0	0.0	0.0	0.0	0.0	0.0	44.6819600877119	0.0	0.0	0.0	0.0	0.0	72.42900983955555	8.820858278853942	0.0	0.0	0.0	0.0	0.0	0.0	0.0	0.0	0.0	0.0	0.0
GSM4138110_HNSCC_1_PBMC_CTGATAGCATCAGTCA	94.36043277552805	120.80766731920163	37.32613140827663	0.0	0.0	0.0	0.0	0.0	69.71461147466883	0.0	0.0	43.55094928961154	0.0	0.0	0.0	0.0	0.0	75.48872092983326	0.0	0.0	0.0	0.0	0.0	0.0	0.0	0.0	0.0	163.05771564876625	0.0	0.0	0.0	0.0	0.0	0.0	0.0
GSM4138110_HNSCC_1_PBMC_CTGTTTACAATGTAAG	201.6152658565557	157.80835286065022	125.20400619750444	0.0	0.0	0.0	0.0	0.0	24.643348832870373	0.0	0.0	7.9556925271308705	18.635177973976834	0.0	0.0	0.0	0.0	0.0	0.0	0.0	0.0	0.0	0.0	0.0	0.0	0.0	0.0	0.0	0.0	0.0	82.33493558840684	0.0	190.2915192486925	0.0	0.0
GSM4138110_HNSCC_1_PBMC_GAACCTATCTCTGTCG	73.13630963652597	52.46442481176621	0.0	0.0	48.61819565681814	35.28702976818661	0.0	31.01733969446918	0.0	0.0	83.59538807393618	24.696798222379588	0.0	0.0	0.0	34.646184599968265	0.0	0.0	0.0	0.0	0.0	0.0	0.0	0.0	0.0	0.0	0.0	0.0	0.0	0.0	0.0	0.0	0.0	0.0	0.0
GSM4138110_HNSCC_1_PBMC_GATCGCGTCAGGCGAA	110.5059073455384	103.43954392150239	0.0	0.0	0.0	0.0	0.0	22.570564303055477	0.0	0.0	0.0	100.95305406719243	98.89110625637764	0.0	0.0	0.0	21.9834535785516	0.0	0.0	0.0	47.60324993209477	0.0	0.0	0.0	0.0	0.0	0.0	0.0	0.0	0.0	0.0	0.0	0.0	0.0	0.0
GSM4138110_HNSCC_1_PBMC_GATCTAGCATACAGCT	153.82136493345254	106.55064951814342	111.74932376493771	0.0	0.0	0.0	0.0	0.0	69.90779396604516	0.0	0.0	0.0	188.9336191575918	0.0	0.0	0.0	0.0	0.0	0.0	1.0077879933296412	122.8768265068212	0.0	0.0	0.0	0.0	0.0	0.0	0.0	0.0	0.0	0.0	0.0	0.0	0.0	0.0
GSM4138110_HNSCC_1_PBMC_GATGAAAGTAGAAGGA	50.89211004506933	109.14662240054739	82.46705154847292	0.0	0.0	19.859260202760762	0.0	0.0	7.874362230218518	0.0	0.0	0.0	0.0	0.0	86.77612745054066	0.0	0.0	0.0	0.0	0.0	7.164359906516599	0.0	0.0	0.0	0.0	0.13217622915627725	0.0	0.0	0.0	0.0	0.0	0.0	0.0	0.0	0.0
GSM4138110_HNSCC_1_PBMC_GATGAAAGTCACCCAG	165.11003490426253	173.5013755723967	0.0	56.310917451469564	71.25849919054328	0.0	0.0	22.276376558753707	0.0	0.0	0.0	0.0	0.0	77.81314841726335	258.23032394227016	0.0	0.0	0.0	0.0	0.0	0.0	0.0	0.0	0.0	0.0	0.0	0.0	0.0	0.0	0.0	0.0	0.0	0.0	0.0	0.0
GSM4138110_HNSCC_1_PBMC_GCATACACATCTGGTA	210.46288719022294	189.91771968042346	0.0	0.0	0.0	0.0	0.0	0.0	31.291869726277564	0.0	0.0	205.44311202592124	54.23653123870993	0.0	0.0	0.0	0.0	0.0	0.0	0.0	0.0	0.0	0.0	0.0	0.0	0.0	0.0	52.46751632926439	0.0	0.0	158.4525514129465	0.0	0.0	0.0	166.77671132877947
GSM4138110_HNSCC_1_PBMC_GCGAGAATCGCACTCT	119.9829898193002	194.51970441519484	154.14190314464818	0.0	0.0	11.103772210906003	0.0	61.28749839673308	0.0	0.0	258.4773446867815	0.0	0.0	0.0	0.0	0.0	0.0	0.0	0.0	0.0	17.96756272802775	0.0	0.0	0.0	0.0	0.0	0.0	0.0	0.0	0.0	74.35190052939996	0.0	0.0	0.0	0.0
GSM4138110_HNSCC_1_PBMC_GCGCGATAGGAGCGTT	83.98780121680859	50.779779752468855	16.130144130149397	0.0	0.0	0.0	0.0	0.0	21.998584335505097	0.0	0.0	51.836955981207495	141.62068239045607	0.0	0.0	0.0	0.0	0.0	0.0	0.0	48.62428688821237	0.0	0.0	0.0	0.0	0.0	0.0	0.0	0.0	0.0	0.0	0.0	0.0	0.0	0.0
GSM4138110_HNSCC_1_PBMC_GCTCTGTTCAGTTTGG	118.27228751052269	87.26089841056869	0.0	0.0	79.94528400917696	0.0	0.0	11.274394934138348	0.0	0.0	0.0	0.0	0.0	50.165564707385464	0.0	0.0	71.74299435475577	0.0	0.0	0.0	0.0	56.21160300992892	0.0	0.0	0.0	0.0	0.0	0.0	0.0	0.0	0.0	0.0	0.0	0.0	0.0
GSM4138110_HNSCC_1_PBMC_GCTGCGAGTCTAGTCA	102.76185370717013	128.7036308619851	0.0	0.0	0.0	122.87667028559315	0.0	31.1472296413405	0.0	0.0	0.0	63.27082427010504	0.0	0.0	0.0	0.0	33.14328283514098	0.0	0.0	0.0	0.0	0.0	0.0	0.0	0.0	0.0	0.0	0.0	0.0	0.0	0.0	0.0	147.2741632246627	0.0	0.0
GSM4138110_HNSCC_1_PBMC_GGCTCGATCAGGCGAA	76.10462518942374	82.15500620837565	58.694239307982215	28.386779487914797	0.0	55.58884195436531	0.0	14.889198473178457	0.0	0.0	0.0	3.50146481377823	147.6475294213808	0.0	0.0	0.0	5.0954713581968685	0.0	0.0	0.0	0.0	0.0	0.0	0.0	0.0	0.0	0.0	0.0	0.0	0.0	0.0	0.0	0.0	0.0	0.0
GSM4138110_HNSCC_1_PBMC_GGGAATGTCTTCCTTC	0.0	0.0	0.0	0.0	0.0	0.0	0.0	0.0	0.0	0.0	0.0	0.0	26.903986592461788	0.0	0.0	0.0	0.0	0.0	0.0	0.0	0.0	0.0	83.48480536206594	96.33011316328141	0.0	0.0	14.102924426985545	3161.7230504330564	0.0	0.0	0.0	0.34310176473575715	0.0	0.0	0.0
GSM4138110_HNSCC_1_PBMC_GGGCACTTCGTAGGTT	126.92701514569832	147.46111107178055	0.0	83.75420274646376	0.0	84.43486592957902	0.0	35.98557874561512	0.0	0.0	0.0	0.0	0.0	0.0	0.0	0.0	189.49468317024954	0.0	0.0	0.0	0.0	0.0	0.0	0.0	0.0	0.0	0.0	0.0	0.0	0.0	0.0	0.0	0.0	0.0	0.0
GSM4138110_HNSCC_1_PBMC_GTAGGCCAGTACTTGC	178.78929204399944	110.46894450114002	104.77561033117139	0.0	0.0	44.68047455772528	17.51130120759275	34.41553478286041	0.0	0.0	0.0	0.0	0.0	0.0	0.0	0.0	0.0	0.0	0.0	0.0	0.0	0.0	0.0	0.0	0.0	0.0	0.0	0.0	0.0	0.0	0.0	162.32809245566722	0.0	0.0	0.0
GSM4138110_HNSCC_1_PBMC_GTCACAATCTATCGCC	121.9982952964051	207.33468628921833	46.0744655133052	0.0	0.0	35.73328514510206	0.0	0.0	54.90691179195956	0.0	0.0	118.61415049451568	0.0	0.0	0.0	27.99871181912842	0.0	0.0	0.0	0.0	0.0	0.0	0.0	180.9097691027962	0.0	0.0	0.0	0.0	0.0	0.0	0.0	0.0	0.0	0.0	0.0
GSM4138110_HNSCC_1_PBMC_GTCTCGTAGTAGCGGT	150.79800068422355	108.0744868713971	0.0	0.0	0.0	0.0	0.0	49.00772846732282	0.0	0.0	0.0	107.03193314473927	115.18541883481954	0.0	0.0	0.0	0.0	0.0	0.0	0.0	58.68337718168463	0.0	0.0	0.0	0.0	0.0	0.0	0.0	0.0	0.0	0.0	0.0	0.0	0.0	0.0
GSM4138110_HNSCC_1_PBMC_GTGCAGCTCTGTCTAT	153.67473774766034	205.04879704269686	0.0	0.0	0.0	0.0	0.0	40.546788167458644	0.0	336.3399668351567	0.0	149.17787413698386	0.0	0.0	0.0	0.0	0.0	0.0	0.0	0.0	0.0	0.0	0.0	0.0	0.0	0.0	0.0	0.0	0.0	0.0	141.79695363447988	0.0	0.0	0.0	0.0
GSM4138110_HNSCC_1_PBMC_GTGCATAGTACGCTGC	134.81065690497752	142.99962113179197	0.0	92.22408773535676	0.0	0.0	0.0	0.0	25.818304140063997	0.0	0.0	0.0	0.0	90.3068390537714	165.88590324153222	0.0	0.0	0.0	0.0	0.0	0.0	0.0	0.0	0.0	0.0	0.0	0.0	0.0	0.0	0.0	0.0	0.0	0.0	0.0	0.0
GSM4138110_HNSCC_1_PBMC_GTGCTTCAGTACGATA	142.37927871125285	131.8590713667718	116.39768797571097	0.0	0.0	46.016369609622956	0.0	25.527457986312065	0.0	0.0	0.0	0.0	0.0	0.0	0.0	0.0	135.89934245912937	0.0	0.0	0.0	0.0	23.6567368399957	0.0	0.0	0.0	0.0	0.0	0.0	0.0	0.0	0.0	0.0	0.0	0.0	0.0
GSM4138110_HNSCC_1_PBMC_TACAGTGCAATGACCT	100.83694903663827	81.03961378634975	0.0	76.47178758457169	0.0	0.0	0.0	0.0	23.319808215434755	0.0	0.0	34.01189116614435	0.0	0.0	0.0	0.0	40.85853293563619	0.0	0.0	102.6481324584827	0.0	77.78605365460173	0.0	0.0	0.0	0.0	0.0	0.0	0.0	0.0	0.0	0.0	0.0	0.0	0.0
GSM4138110_HNSCC_1_PBMC_TACTCATAGATCACGG	149.65013408610065	138.9919137040202	0.0	0.0	0.0	0.0	0.0	0.0	22.89581716445173	0.0	0.0	123.36682172382642	220.39500509292677	0.0	0.0	0.0	0.0	0.0	0.0	0.0	120.12452412831608	0.0	0.0	0.0	0.0	0.0	0.0	0.0	0.0	0.0	0.0	0.0	0.0	0.0	0.0
GSM4138110_HNSCC_1_PBMC_TACTCGCGTAAGGATT	207.1088112789611	140.40302061776882	0.0	0.0	0.0	120.28496854000664	0.0	0.0	31.256495863715557	58.83515707322678	0.0	96.58956866056685	0.0	0.0	0.0	0.0	117.34917578190002	0.0	0.0	0.0	0.0	0.0	0.0	0.0	0.0	0.0	0.0	0.0	0.0	0.0	0.0	0.0	0.0	0.0	0.0
GSM4138110_HNSCC_1_PBMC_TACTTGTCAAGTTAAG	209.17994935902053	143.96875131250022	0.0	0.0	0.0	30.076756164211893	0.0	0.0	23.158990788658745	0.0	0.0	142.0745125973541	0.0	0.0	0.0	21.23181865544277	186.08876835862566	0.0	0.0	0.0	0.0	0.0	0.0	0.0	65.0368298085073	0.0	0.0	0.0	0.0	0.0	0.0	0.0	35.851341271458914	0.0	0.0
GSM4138110_HNSCC_1_PBMC_TATCTCAAGGTGTGGT	77.46226967716201	94.28242061710976	0.0	0.0	100.6191575382574	0.0	0.0	15.38680973040174	0.0	0.0	10.81930204222815	0.0	0.0	0.0	0.0	0.0	137.68537686732765	0.0	0.0	55.62357124306529	0.0	0.0	0.0	0.0	0.0	0.0	0.0	0.0	0.0	0.0	0.0	0.0	0.0	0.0	0.0
GSM4138110_HNSCC_1_PBMC_TCAGCTCCACCCATTC	174.26047386002116	203.07284859463076	0.0	0.0	123.32804734826722	0.0	0.0	27.309462571596832	0.0	0.0	0.0	62.675702993973836	0.0	0.0	0.0	136.3891647768621	0.0	0.0	0.0	0.0	0.0	0.0	0.0	0.0	0.0	0.0	188.64155804497872	0.0	0.0	0.0	0.0	0.0	0.0	0.0	0.0
GSM4138110_HNSCC_1_PBMC_TCGCGTTCAGCTGCTG	82.54278825453635	106.55312675050698	0.0	71.42244865837596	0.0	0.0	0.0	0.0	40.50645503801567	0.0	0.0	0.0	0.0	0.0	0.0	0.0	0.0	73.48611409172794	0.0	0.0	0.0	0.0	0.0	147.24922413739117	0.0	0.0	0.0	0.0	0.0	0.0	0.0	0.0	0.0	0.0	0.0
GSM4138110_HNSCC_1_PBMC_TCGGGACAGCTAGTTC	214.96662814005902	113.1916595470628	0.0	100.93218023516204	0.0	0.0	0.0	27.40765411471198	0.0	0.0	0.0	0.0	0.0	0.0	0.0	0.0	0.0	0.0	0.0	0.0	81.04104516502922	0.0	0.0	0.0	0.0	0.0	0.0	0.0	0.0	0.0	0.0	0.0	184.36390738492275	0.0	0.0
GSM4138110_HNSCC_1_PBMC_TCTTCGGAGTCATCCA	123.93045166353869	183.95133803007673	118.91131335416975	0.0	0.0	73.1524989651473	0.0	31.805048843372056	0.0	0.0	0.0	0.0	0.0	0.0	0.0	0.0	0.0	0.0	0.0	0.0	0.0	0.0	173.05188027137189	0.0	0.0	0.0	0.0	0.0	0.0	0.0	0.0	0.0	0.0	0.0	0.0
GSM4138110_HNSCC_1_PBMC_TGAGAGGGTCCCTACT	110.34769640961584	158.8717836220616	0.0	0.0	0.0	0.0	0.0	0.0	60.04882579175506	0.0	0.0	296.6250073412223	263.8425446570338	0.0	0.0	0.0	0.0	0.0	0.0	0.0	0.0	0.0	0.0	0.0	0.0	0.0	0.0	0.0	0.0	0.0	67.7941554660607	0.0	0.0	0.0	0.0
GSM4138110_HNSCC_1_PBMC_TGATTTCGTTAAAGTG	183.9456647430001	199.6899177812654	0.0	0.0	0.0	0.0	0.0	47.9727177930767	0.0	0.0	214.9787250697028	129.75230749268096	0.0	0.0	0.0	0.0	0.0	0.0	123.53343444537273	0.0	0.0	0.0	0.0	0.0	0.0	0.0	0.0	0.0	0.0	0.0	0.0	0.0	0.0	0.0	0.0
GSM4138110_HNSCC_1_PBMC_TGCCAAATCATGTCCC	149.05411240645435	195.62183099750698	137.3368007844505	0.0	0.0	0.0	0.0	0.0	21.56507659084236	0.0	0.0	0.0	0.0	88.3904219894511	0.0	0.0	0.0	0.0	0.0	0.0	0.0	153.48825694590667	0.0	0.0	0.0	0.0	0.0	0.0	0.0	0.0	0.0	0.0	0.0	0.0	0.0
GSM4138110_HNSCC_1_PBMC_TGTATTCAGAATGTTG	145.70404849659283	166.7622655358736	0.0	0.0	0.0	0.0	0.0	30.12616753688608	0.0	0.0	0.0	160.2051755038908	152.08429934160202	0.0	0.0	0.0	0.0	0.0	0.0	0.0	0.0	0.0	0.0	0.0	111.54305354168072	0.0	0.0	0.0	0.0	0.0	0.0	0.0	0.0	0.0	0.0
GSM4138110_HNSCC_1_PBMC_TGTCCCAGTTCAGGCC	76.31950634972048	135.57074800557427	0.0	58.02754634508884	0.0	0.0	177.69169754819237	32.603806104313485	0.0	0.0	0.0	0.0	0.0	89.34517707714335	0.0	0.0	0.0	0.0	0.0	0.0	0.0	0.0	0.0	0.0	0.0	0.0	0.0	0.0	0.0	0.0	0.0	0.0	0.0	0.0	0.0
GSM4138110_HNSCC_1_PBMC_TTGCCGTCAATAGCGG	117.19977118116553	190.37970771412094	128.8243418843693	0.0	0.0	0.0	0.0	36.07490093533734	0.0	0.0	0.0	0.0	0.0	0.0	0.0	0.0	0.0	0.0	0.0	22.01271702194173	0.0	0.0	205.78460859370102	0.0	45.30536860648824	0.0	0.0	0.0	0.0	0.0	0.0	0.0	0.0	0.0	0.0
GSM4138110_HNSCC_1_PBMC_TTTATGCAGACTGGGT	96.29597498178957	107.27112870012975	86.84091816413046	0.0	0.0	0.0	0.0	0.0	27.61254293066317	0.0	0.0	0.0	95.86699658806847	0.0	0.0	0.0	36.24458188258301	66.75391963065853	0.0	0.0	0.0	0.0	0.0	0.0	0.0	0.0	0.0	0.0	0.0	0.0	0.0	0.0	0.0	0.0	0.0
GSM4138110_HNSCC_1_PBMC_AACGTTGAGTTTAGGA	114.92398294682944	63.3128873635517	46.00877920421072	0.0	34.41491053737065	37.69906811931814	0.0	0.0	26.21300679203524	103.64780679508715	0.0	0.0	0.0	0.0	0.0	0.0	0.0	0.0	0.0	0.0	0.0	0.0	0.0	0.0	0.0	0.0	0.0	0.0	27.048329831066553	0.0	0.0	0.0	0.0	0.0	0.0
GSM4138110_HNSCC_1_PBMC_AAGGCAGCAATCACAC	26.30145243367317	69.2981394038177	40.179843298381485	26.482535025022973	0.0	0.0	0.0	0.0	30.51969158108944	0.0	100.37559213894883	0.0	0.0	0.0	0.0	0.0	0.0	0.0	0.0	0.0	0.0	0.0	0.0	0.0	0.0	0.0	0.0	0.0	57.82840196597677	0.0	0.0	0.0	0.0	0.0	0.0
GSM4138110_HNSCC_1_PBMC_ACTGATGTCAATAAGG	47.96318072002379	71.54585900978802	18.84617178343773	27.615808990399152	0.0	0.0	0.0	10.541145352658226	18.69204230326049	0.0	46.214934590959196	0.0	0.0	0.0	0.0	0.0	0.0	0.0	0.0	0.0	38.49171094113727	0.0	0.0	0.0	0.0	0.0	0.0	0.0	0.0	0.0	0.0	0.0	0.0	0.0	0.0
GSM4138110_HNSCC_1_PBMC_AGCAGCCAGGCCCTCA	108.79577310143142	47.22990054976307	0.0	0.0	99.2220200549656	0.0	46.38065667620515	24.59094675924236	0.0	0.0	0.0	0.0	0.0	0.0	0.0	0.0	18.404764821772687	0.0	0.0	0.0	88.66852946050518	0.0	0.0	6.8127797604901135	0.0	0.0	0.0	0.0	0.0	0.0	0.0	0.0	0.0	0.0	0.0
GSM4138110_HNSCC_1_PBMC_CATATTCCATATGAGA	150.59532211172558	94.64335956259173	0.0	46.809021342459005	0.0	0.0	0.0	26.1869914764149	0.0	0.0	0.0	15.89935869207164	79.70627762249049	0.0	0.0	16.921763459773917	0.0	0.0	0.0	0.0	0.0	0.0	0.0	0.0	72.4469077983319	0.0	0.0	0.0	0.0	0.0	0.0	0.0	0.0	0.0	0.0
GSM4138110_HNSCC_1_PBMC_CCTCAGTCAACTGCGC	31.550913603676733	41.72910845437629	0.0	117.47549216789304	0.0	44.088913316140946	25.975775784748674	19.039447376103052	0.0	0.0	0.0	0.0	0.0	0.0	0.0	0.0	0.0	0.0	0.0	0.0	0.0	0.0	0.0	0.0	0.0	10.393213221335635	0.0	0.0	0.0	0.0	0.0	0.0	0.0	0.0	0.0
GSM4138110_HNSCC_1_PBMC_CGGTTAACACCTCGTT	44.40511557764696	48.93341614028231	0.0	0.0	46.888718614133076	41.565521490062594	0.0	26.579205018764966	0.0	57.57337671462853	0.0	0.0	0.0	0.0	0.0	0.0	0.0	0.0	0.0	0.0	0.0	0.0	0.0	0.0	0.0	0.0	0.0	0.0	0.0	0.0	0.0	0.0	0.0	0.0	0.0
GSM4138110_HNSCC_1_PBMC_CGTGTAATCTCCAGGG	43.70360366704791	64.30644421512052	45.12693499623211	0.0	5.758972305631597	0.0	0.0	0.0	12.791056743476439	0.0	0.0	0.0	0.0	0.0	0.0	0.0	36.060821252634334	0.0	26.200031028598058	0.0	0.0	0.0	0.0	0.0	0.0	0.0	0.0	0.0	0.0	0.0	0.0	0.0	0.0	0.0	0.0
GSM4138110_HNSCC_1_PBMC_CGTTGGGTCAGTGCAT	64.15688237377299	77.2119416054919	0.0	0.0	60.304386093529025	0.0	0.0	23.043332114093474	0.0	0.0	81.31617128505768	0.0	0.0	3.531676392115594	0.0	0.0	0.0	0.0	24.670173853523785	0.0	7.215715863835073	0.0	0.0	0.0	0.0	0.0	0.0	0.0	0.0	0.0	0.0	0.0	0.0	0.0	0.0
GSM4138110_HNSCC_1_PBMC_CTAGAGTAGCTATGCT	100.61059583005877	117.26728125935485	20.089427785599597	75.32969062675348	0.0	0.0	0.0	0.0	40.0113214821994	0.0	0.0	0.0	0.0	0.0	60.03546284851388	4.751518080286793	0.0	0.0	0.0	0.0	0.0	30.022255566352904	0.0	0.0	55.938021035340746	0.0	0.0	0.0	0.0	0.0	0.0	0.0	0.0	0.0	0.0
GSM4138110_HNSCC_1_PBMC_GCATACATCGTTACAG	79.03998445484578	69.59565972464723	0.0	45.91268336619792	0.0	0.0	0.0	26.808745631502113	0.0	0.0	0.0	0.0	0.0	24.65046819736554	0.0	0.0	0.0	18.898889610288382	0.0	0.0	0.0	37.639687014868755	0.0	0.0	0.0	0.0	0.0	0.0	0.0	0.0	0.0	0.0	0.0	0.0	0.0
GSM4138110_HNSCC_1_PBMC_AAACGGGCAGTATCTG	127.06641797555055	78.71629063057428	6.453765700095021	0.0	8.044826883932698	0.0	0.0	0.0	12.04883287034557	0.0	0.0	0.0	0.0	75.21097481292837	47.552597628436665	0.0	0.0	69.96609904392274	0.0	0.0	0.0	0.0	0.0	0.0	0.0	0.0	0.0	0.0	0.0	0.0	0.0	0.0	0.0	0.0	0.0
GSM4138110_HNSCC_1_PBMC_AAAGATGTCTGATTCT	108.52362976275757	68.89801316612018	0.0	0.0	0.0	0.0	0.0	0.0	25.836928937135674	0.0	0.0	101.07498731213188	89.87327765843138	0.0	0.0	0.0	0.0	31.17808496207209	0.0	0.0	0.0	0.0	0.0	0.0	0.0	0.0	0.0	0.0	2.6048453399347724	0.0	0.0	0.0	0.0	0.0	0.0
GSM4138110_HNSCC_1_PBMC_AAAGTAGGTAGCGCTC	54.97288183592057	51.04100768255338	0.0	36.73066167459798	0.0	41.27895550749785	0.0	0.0	37.99979129817884	53.566612596781106	0.0	0.0	0.0	0.0	31.48929734805607	0.0	0.0	0.0	0.0	0.0	0.0	5.810037572875362	0.0	0.0	0.0	0.0	0.0	0.0	0.0	0.0	0.0	0.0	0.0	0.0	0.0
GSM4138110_HNSCC_1_PBMC_AACTCAGGTGGTCTCG	54.315742783782206	48.29028136288372	0.0	0.0	73.88952390316955	3.3171365490173024	45.194519537746565	17.191618984248006	0.0	0.0	0.0	0.0	0.0	0.0	0.0	60.4581457099721	0.0	0.0	0.0	0.0	0.0	0.0	0.0	0.0	0.0	0.0	0.0	0.0	0.0	0.0	0.0	0.0	0.0	0.0	0.0
GSM4138110_HNSCC_1_PBMC_AACTCCCTCCAATGGT	114.60193239789041	116.31957044027816	44.52718775553869	50.559332824450316	0.0	61.8082958974214	67.38629069833608	19.103738151678073	0.0	0.0	0.0	4.603533599587099	0.0	0.0	0.0	1.2844839721214631	0.0	0.0	0.0	0.0	0.0	0.0	0.0	0.0	0.0	0.0	15.295665666587942	0.0	0.0	0.0	0.0	0.0	0.0	0.0	0.0
GSM4138110_HNSCC_1_PBMC_AACTCTTAGTGGGTTG	117.1611502770941	69.4003621190807	0.0	67.15729908973493	0.0	0.0	30.097795641176468	20.63390924698435	0.0	0.0	40.821660077116036	0.0	0.0	0.0	0.0	53.17445218065332	0.0	0.0	0.0	0.0	0.0	0.0	0.0	0.0	0.0	0.0	0.0	0.0	0.0	0.0	0.0	0.0	0.0	0.0	0.0
GSM4138110_HNSCC_1_PBMC_AACTCTTGTCACACGC	56.739195175962664	37.20704994862273	0.0	0.0	48.96385630425582	0.0	0.0	0.0	19.422237613701114	46.62272437525738	0.0	0.0	0.0	0.0	0.0	31.207520961278096	11.317724424304217	0.0	0.0	0.0	7.454402593277241	0.0	0.0	0.0	0.0	0.0	0.0	0.0	0.0	0.0	0.0	0.0	0.0	0.0	0.0
GSM4138110_HNSCC_1_PBMC_AACTTTCAGAAGGTTT	86.27834182336751	69.74795410178858	0.0	60.45600103438594	0.0	53.81107913357579	55.778532646662626	58.389035387672315	0.0	0.0	0.0	0.0	0.0	0.0	0.0	0.0	0.0	0.0	0.0	0.0	0.0	0.0	0.0	0.0	0.0	0.0	0.0	0.0	0.0	10.066181875162648	0.0	0.0	0.0	0.0	0.0
GSM4138110_HNSCC_1_PBMC_AAGGAGCTCCTTTCGG	133.22465426592925	83.02616800225427	0.0	0.0	83.23805444775401	36.18904657306269	84.6927169885715	35.76081965482507	0.0	0.0	0.0	0.0	0.0	0.0	0.0	34.29523529627212	0.0	0.0	0.0	0.0	0.0	0.0	0.0	0.0	0.0	0.0	0.0	0.0	0.0	0.0	0.0	0.0	0.0	0.0	0.0
GSM4138110_HNSCC_1_PBMC_AATCCAGAGTGCTGCC	106.81800501472995	96.35694695081845	0.0	0.0	73.36689954203145	0.0	0.0	0.0	25.704035194173677	75.01770210331594	0.0	0.0	0.0	0.0	0.0	0.0	0.0	0.0	44.31605260109759	0.0	21.70708836042583	0.0	0.0	0.0	0.0	0.0	0.0	0.0	0.0	0.0	0.0	0.0	0.0	0.0	0.0
GSM4138110_HNSCC_1_PBMC_AATCGGTGTCTAGCCG	54.36285218689932	83.77795872381998	0.0	0.0	94.5238329003125	0.0	0.0	0.0	27.360012958336487	0.0	0.0	0.0	0.0	0.0	0.0	0.0	0.0	0.0	0.0	0.25942876640738854	111.52867228149847	0.0	0.0	0.0	0.0	106.89399122714653	0.0	0.0	0.0	0.0	0.0	0.0	0.0	0.0	0.0
GSM4138110_HNSCC_1_PBMC_ACACCCTCATCTACGA	54.84916951635489	62.50591762381927	0.0	0.0	63.77667452161183	0.0	56.486846692500194	0.0	22.32708524396876	0.0	0.0	0.0	0.0	0.0	0.0	26.337337479411836	0.0	0.0	0.0	0.0	0.0	0.0	0.0	0.0	0.0	0.0	0.0	0.0	14.024891170813865	0.0	0.0	0.0	0.0	0.0	0.0
GSM4138110_HNSCC_1_PBMC_ACACCGGCACCATGTA	210.5191683821491	202.18731824280178	0.0	0.0	160.26560528846687	0.0	0.0	1.9718617197003188	55.05597463298084	0.0	0.0	0.0	0.0	0.0	121.28271506852552	0.0	0.0	0.0	0.0	178.1721880940276	0.0	0.0	0.0	0.0	0.0	0.0	0.0	0.0	0.0	22.170326592272886	0.0	0.0	0.0	0.0	0.0
GSM4138110_HNSCC_1_PBMC_ACATCAGAGCGTTCCG	171.27440623696864	163.0838735452483	64.57649489502576	30.621503804367954	0.0	18.989160285724292	0.0	36.52423874505723	0.0	0.0	0.0	0.0	0.0	0.0	0.0	9.965766202007691	0.0	0.0	32.22178851955227	22.34943091188157	0.0	175.07934278555558	0.0	0.0	0.0	0.0	0.0	0.0	0.0	0.0	0.0	0.0	0.0	0.0	0.0
GSM4138110_HNSCC_1_PBMC_ACCCACTCAATGTAAG	100.60356777908136	46.66090546866425	0.0	34.007207874443615	7.787677354567408	0.0	0.0	24.319204871357545	0.0	0.0	0.0	0.0	0.0	0.0	49.911396414634005	11.426195805815507	0.0	0.0	0.0	0.0	0.0	0.0	0.0	0.0	0.0	0.0	0.0	0.0	0.0	0.0	0.0	0.0	0.0	0.0	0.0
GSM4138110_HNSCC_1_PBMC_ACCCACTGTAAGTGTA	77.14387656859378	101.82609362856545	44.46618784635118	0.0	0.0	60.37760790590721	0.0	0.0	30.502005022167868	78.54279092842499	0.0	0.0	0.0	0.0	0.0	0.0	0.0	0.0	0.0	0.0	0.0	0.0	0.0	0.0	0.0	0.0	0.0	0.0	0.0	0.0	0.0	0.0	0.0	0.0	0.0
GSM4138110_HNSCC_1_PBMC_ACCTTTATCATAACCG	147.91424438123357	87.1478032087145	0.0	76.99269576217723	0.0	0.0	0.0	0.0	40.54029044354066	0.0	113.40383957258655	0.0	0.0	0.0	0.0	0.0	0.0	0.0	42.66813191591889	17.983903746939433	0.0	0.0	0.0	0.0	0.0	0.0	0.0	0.0	0.0	0.0	0.0	0.0	0.0	0.0	0.0
GSM4138110_HNSCC_1_PBMC_ACGAGCCAGGTGTGGT	47.459135762487094	85.25856056991174	40.726014393768104	0.0	0.0	0.0	106.9768196469691	0.0	27.836000531635186	0.0	0.0	0.0	0.0	0.0	0.0	0.0	0.0	40.279317174273594	0.0	0.0	0.0	0.0	0.0	0.0	0.0	0.0	0.0	0.0	0.0	0.0	0.0	0.0	0.0	0.0	0.0
GSM4138110_HNSCC_1_PBMC_ACGATACCATATGAGA	69.32956437631876	44.305788668560545	13.864482272116378	35.18946532240408	8.817301169844619	34.318553641821524	0.0	1.3311930518598136	14.995839937238687	0.0	0.0	0.0	0.0	0.0	0.0	0.0	0.0	0.0	0.0	0.0	0.0	0.0	0.0	0.0	0.0	49.043908585365934	0.0	0.0	0.0	0.0	0.0	0.0	0.0	0.0	0.0
GSM4138110_HNSCC_1_PBMC_ACGATACTCTGATTCT	41.18869158911185	34.60147623770428	0.0	0.0	68.90031050646108	0.0	0.0	18.41502118305235	0.0	0.0	65.80603478505874	0.0	0.0	12.786772421573746	0.0	0.0	0.0	26.668950286494137	0.0	0.0	0.0	0.0	0.0	0.0	26.359548940785672	0.0	0.0	0.0	0.0	0.0	0.0	0.0	0.0	0.0	0.0
GSM4138110_HNSCC_1_PBMC_ACGATGTCAGGCAGTA	64.42699244953074	56.06500084820849	31.22759730426761	44.9454454290158	0.0	0.0	0.0	0.0	21.469249953771076	0.0	0.0	0.0	0.0	0.0	61.406608583849284	0.0	0.0	39.239083660148026	0.0	0.0	0.0	0.0	0.0	0.0	0.0	0.0	0.0	0.0	0.0	0.0	0.0	0.0	0.0	0.0	0.0
GSM4138110_HNSCC_1_PBMC_ACGCAGCGTAGAGCTG	71.8852694477866	46.38334420713356	68.07837523598779	0.0	0.0	24.94867530464924	0.0	0.0	17.782284035946084	0.0	41.03643473468772	0.0	0.0	0.0	0.0	0.0	0.0	0.0	0.0	0.0	0.0	0.0	0.0	0.0	0.0	0.0	0.0	0.0	0.0	0.0	0.0	0.0	0.0	0.0	0.0
GSM4138110_HNSCC_1_PBMC_ACGCCGAAGGTAGCTG	37.97202171541165	44.130558579488934	0.0	1.597565309129284	0.0	0.0	0.0	20.99281912233524	0.0	0.0	0.0	33.05954154338643	0.0	48.28661366691185	0.0	0.0	0.0	0.0	0.0	0.0	0.0	0.0	0.0	0.0	0.0	0.0	44.097567654480805	0.0	0.0	0.0	0.0	0.0	0.0	0.0	0.0
GSM4138110_HNSCC_1_PBMC_ACGGGCTGTGATAAAC	59.116014529479585	47.98903956316768	44.865532020838316	30.710378334744338	0.0	0.0	0.0	0.0	27.641651807570593	0.0	0.0	0.0	0.0	0.0	41.2377252279892	0.0	0.0	0.0	0.0	40.33013841596972	0.0	12.360471803747497	59.96104282494447	0.0	0.0	0.0	0.0	0.0	0.0	0.0	0.0	0.0	0.0	0.0	0.0
GSM4138110_HNSCC_1_PBMC_ACGTCAACATCACGAT	78.49211336473782	23.897512199793056	26.198381442675604	0.0	9.614911094631733	49.34344650880895	0.0	16.48223120859442	0.0	0.0	0.0	0.0	0.0	0.0	0.0	0.0	32.725277965644494	0.0	0.0	0.0	0.0	0.0	0.0	0.0	0.0	0.0	0.0	0.0	0.0	0.0	0.0	0.0	0.0	0.0	0.0
GSM4138110_HNSCC_1_PBMC_ACTATCTAGGAATTAC	159.53781701029988	134.4255216011854	0.0	0.0	0.0	0.0	0.0	0.0	30.981445267323117	0.0	0.0	138.51938069289602	0.0	0.0	0.0	0.0	0.0	76.60753007711715	0.0	0.0	0.0	68.7885339083932	0.0	0.0	0.0	0.0	0.0	32.12082112927983	0.0	0.0	0.0	0.0	0.0	0.0	0.0
GSM4138110_HNSCC_1_PBMC_ACTGATGTCGTTACGA	120.5373694196922	128.2619248069568	0.0	0.0	95.75298879595721	0.0	76.75575453209964	0.0	37.710802776449825	0.0	0.0	0.0	0.0	0.0	0.0	0.0	0.0	0.0	67.29961296171355	0.0	0.0	0.0	0.0	0.0	0.0	0.0	0.0	0.0	39.2670723405468	0.0	0.0	0.0	0.0	0.0	0.0
GSM4138110_HNSCC_1_PBMC_ACTTACTAGATAGGAG	74.06943985922314	102.9293366077892	31.07733410832006	0.0	16.396654314539454	0.0	0.0	14.893045631352667	0.0	0.0	0.0	0.0	0.0	67.55756837347245	0.0	0.0	0.0	0.0	0.0	0.0	0.0	68.96212922407666	0.0	0.0	0.0	0.0	0.0	0.0	0.0	0.0	0.0	0.0	0.0	0.0	0.0
GSM4138110_HNSCC_1_PBMC_ACTTGTTTCCACGACG	66.78024563440646	52.66557509972522	0.0	0.0	0.45081894080415186	0.0	0.0	4.834914317045328	16.403364981762536	0.0	0.0	54.95541194912335	0.0	61.727135098207505	103.21603212010024	0.0	0.0	0.0	0.0	0.0	0.0	0.0	0.0	0.0	0.0	0.0	0.0	0.0	0.0	0.0	0.0	0.0	0.0	0.0	0.0
GSM4138110_HNSCC_1_PBMC_ACTTTCATCGTCACGG	56.77595735032726	47.24455164669216	0.0	0.2364440348072431	72.95546914246519	0.0	33.7062802643275	37.10772640361239	0.0	0.0	0.0	0.0	0.0	0.0	0.0	39.60894304607309	0.0	0.0	0.0	0.0	0.0	0.0	0.0	14.332283591325888	0.0	0.0	0.0	0.0	0.0	0.0	0.0	0.0	0.0	0.0	0.0
GSM4138110_HNSCC_1_PBMC_AGATTGCTCATGCTCC	116.27130010207983	57.37490785974963	133.51217005346874	0.0	0.0	50.74097497740689	0.0	29.089831260431595	27.559279412764916	30.229196137075427	0.0	0.0	0.0	0.0	0.0	0.0	0.0	0.0	0.0	0.0	0.0	0.0	42.61054630646645	0.0	0.0	0.0	0.0	0.0	0.0	0.0	0.0	0.0	0.0	0.0	0.0
GSM4138110_HNSCC_1_PBMC_AGATTGCTCCTAGAAC	12.947745996426326	50.29784426817953	142.85926152590383	0.0	0.0	0.0	0.0	0.712062287297212	18.195807040207388	0.0	0.0	0.0	0.0	0.0	0.0	13.776910860314283	0.0	0.0	0.0	0.0	0.0	45.960100830661155	0.0	0.0	0.0	0.0	0.0	0.0	0.0	0.0	0.0	0.0	0.0	0.0	0.0
GSM4138110_HNSCC_1_PBMC_AGCAGCCTCACTCTTA	72.54368632256939	80.17422546183036	0.0	0.0	49.35933437940597	0.0	0.0	18.380512840302877	0.0	23.785550687884026	0.0	0.0	0.0	0.0	0.0	0.0	0.0	0.0	0.0	0.0	46.12089125619307	0.0	0.0	0.0	0.0	37.997434685970155	0.0	0.0	0.0	0.0	0.0	0.0	0.0	0.0	0.0
GSM4138110_HNSCC_1_PBMC_AGCCTAAAGCGTGAAC	83.30097825089905	122.37328523911113	0.0	112.7057917377403	0.0	0.0	0.0	0.0	35.074278295688124	114.96409483949088	0.0	0.0	0.0	55.85617260300515	0.0	0.0	0.0	12.561588935635799	0.0	0.0	0.0	0.0	0.0	0.0	0.0	0.0	0.0	0.0	0.0	0.0	0.0	0.0	0.0	0.0	0.0
GSM4138110_HNSCC_1_PBMC_AGCCTAAGTCTCATCC	74.58403888677032	34.93008304933694	18.373636000549876	0.0	0.0	16.209773881648402	0.0	0.0	7.429061201224334	0.0	0.0	0.0	0.0	8.188482620554968	0.0	0.0	0.0	0.0	0.0	0.0	0.0	0.0	0.0	104.09497938829038	0.0	0.0	0.0	0.0	0.0	0.0	0.0	0.0	0.0	0.0	0.0
GSM4138110_HNSCC_1_PBMC_AGCGTATAGCCAGTTT	107.42053137127232	50.68853575137562	16.96053148426965	84.90189965513515	0.0	0.0	0.0	0.0	23.02494513901884	0.0	0.0	0.0	0.0	31.61804128881686	0.0	17.030363897614485	0.0	0.0	0.0	0.0	0.0	50.22724677591811	0.0	0.0	0.0	0.0	19.409219769810814	0.0	0.0	0.0	0.0	0.0	0.0	0.0	0.0
GSM4138110_HNSCC_1_PBMC_AGCGTCGAGCGCTCCA	91.79623034367401	92.13572556589499	0.0	0.0	50.65669512741792	47.420614411699134	0.0	0.0	34.41194867248618	0.0	0.0	0.0	0.0	0.0	0.0	0.0	38.99522754717413	0.0	0.0	0.0	0.0	0.0	0.0	0.0	0.0	0.0	0.0	0.0	0.0	0.0	0.0	0.0	0.0	0.0	0.0
GSM4138110_HNSCC_1_PBMC_AGCTCCTGTATCACCA	151.7602817794759	120.51448282403715	139.05286257643726	22.94385778182947	0.0	0.0	35.71296922296081	0.0	39.848456199166144	28.589955912804253	0.0	0.0	0.0	0.0	0.0	0.0	35.081620122337775	0.0	0.0	0.0	66.36749167009462	0.0	0.0	11.923001528402045	0.0	0.0	0.0	0.0	0.0	0.0	0.0	0.0	0.0	0.0	0.0
GSM4138110_HNSCC_1_PBMC_AGCTCTCAGTCGTTTG	115.42468054728242	131.67062337457887	73.41242539927389	0.0	0.0	0.0	0.0	24.517388742257342	6.97128764567935	91.6681831337292	20.0191102442929	0.0	0.0	0.0	0.0	62.348263872689984	0.21220728926154162	0.0	0.0	0.0	0.0	0.0	0.0	0.0	0.0	0.0	0.0	0.0	0.0	0.0	0.0	0.0	0.0	0.0	0.0
GSM4138110_HNSCC_1_PBMC_AGCTTGAAGACTGGGT	85.62004296433393	67.73263954345535	0.0	0.0	69.02737848972903	7.399792714499743	65.23585222973287	63.4180253934656	0.0	0.0	0.0	0.0	0.0	39.72021730652998	7.395065470025364	0.0	0.0	0.0	0.0	0.0	0.0	0.0	0.0	0.0	0.0	0.0	0.0	0.0	0.0	0.0	0.0	0.0	0.0	0.0	0.0
GSM4138110_HNSCC_1_PBMC_AGGCCGTAGACTACAA	157.23605927577418	69.39511842501754	66.52887661962119	0.0	0.0	65.1146557567017	0.0	0.6517847477771307	29.793794353770586	0.0	0.0	0.0	72.00474521682365	0.0	0.0	0.0	25.216461767382956	0.0	0.0	0.0	0.0	0.0	0.0	0.0	0.0	0.0	0.0	0.0	0.0	0.0	0.0	0.0	0.0	0.0	0.0
GSM4138110_HNSCC_1_PBMC_AGGGATGAGACCCACC	65.88329819361057	65.56678713699404	0.0	0.0	79.20586958901465	0.0	0.0	0.0	27.07720113608799	59.68651808235709	0.0	0.0	0.0	0.0	0.0	47.54297497024362	0.0	0.0	0.0	0.0	0.0	0.0	0.0	0.0	0.0	0.0	0.0	0.0	0.0	0.0	0.0	0.0	0.0	0.0	0.0
GSM4138110_HNSCC_1_PBMC_AGGGATGCATGTTCCC	96.37883460716274	86.54931044040134	0.0	0.0	90.39912876327065	0.0	0.0	0.0	52.89058140040101	0.0	91.9263314412067	0.0	0.0	0.0	0.0	0.0	0.0	0.0	0.0	56.63227810527029	0.0	0.0	0.0	0.0	0.0	0.0	0.0	0.0	0.0	0.0	0.0	0.0	0.0	0.0	0.0
GSM4138110_HNSCC_1_PBMC_AGTAGTCGTCAATGTC	80.76839962069802	48.636682896249496	0.0	0.0	61.26770586726608	56.7372087563354	53.12740364084341	29.340414723483875	0.0	0.0	0.0	0.0	0.0	0.0	0.0	0.0	0.0	0.0	0.0	0.0	0.0	0.0	0.0	0.0	0.0	0.0	0.0	0.0	0.0	0.0	0.0	0.0	0.0	0.0	0.0
GSM4138110_HNSCC_1_PBMC_AGTAGTCGTCCGAAGA	80.69956233548503	70.05128221571155	65.830289075222	17.92541243361829	0.0	40.44307035989564	81.78042759577683	0.0	17.848725822595423	0.0	0.0	0.0	0.0	0.0	0.0	0.0	0.0	0.0	0.0	0.0	0.0	0.0	0.0	0.0	0.0	0.0	0.0	0.0	0.0	0.0	0.0	0.0	0.0	0.0	0.0
GSM4138110_HNSCC_1_PBMC_AGTGGGAAGGAGCGAG	120.95558424039054	129.9021644104352	7.132711831296849	98.53707427809454	0.0	0.0	0.0	0.0	58.770178670578126	0.0	0.0	0.0	0.0	0.0	125.6072995170931	0.0	0.0	0.0	0.0	77.4283951548561	0.0	0.0	0.0	0.0	0.0	0.0	0.0	0.0	50.373119447389826	0.0	0.0	0.0	0.0	0.0	0.0
GSM4138110_HNSCC_1_PBMC_AGTGTCAGTACCGGCT	74.9000426214012	59.09880007394562	0.0	163.37429565293652	0.0	0.0	0.0	33.27566695251315	0.0	132.99004109979265	0.0	0.0	0.0	15.312801215605315	0.0	0.0	0.0	0.0	0.0	0.0	0.0	0.0	0.0	0.0	0.0	0.0	0.0	0.0	0.0	0.0	0.0	0.0	0.0	0.0	0.0
GSM4138110_HNSCC_1_PBMC_ATAAGAGAGCTGATAA	37.07499185381998	42.3376998655474	86.52290033506704	0.0	0.0	0.0	0.0	34.567925080288106	0.0	0.0	0.0	0.0	0.0	0.0	0.0	31.57567773876044	0.0	0.0	0.0	0.0	0.0	0.0	0.0	0.0	0.0	0.0	0.0	0.0	0.0	22.982933537771572	0.0	0.0	0.0	0.0	0.0
GSM4138110_HNSCC_1_PBMC_ATCACGAGTCAAACTC	50.13183296720461	73.48022878638687	0.0	0.0	53.99049932269344	0.0	0.0	19.08531216538869	0.0	79.20455388521978	0.0	0.0	0.0	0.0	0.0	0.0	0.0	0.0	26.20827270856577	0.0	0.0	0.0	0.0	0.0	0.0	0.0	0.0	0.0	0.0	0.0	0.0	0.0	0.0	0.0	0.0
GSM4138110_HNSCC_1_PBMC_ATCATCTTCTGTGCAA	72.66734069204004	79.13492165894051	0.0	0.0	50.99180006615684	0.0	0.0	19.03672833720605	3.936080694163271	0.0	0.0	0.0	0.0	0.0	0.0	0.0	5.764443817633117	0.0	0.0	0.0	58.29305474078127	0.0	0.0	0.0	0.0	0.0	0.0	0.0	0.0	43.06050416636747	0.0	0.0	0.0	0.0	0.0
GSM4138110_HNSCC_1_PBMC_ATCATGGGTCACTGGC	103.78030419513577	43.7422049171773	0.0	0.0	77.98482347981033	0.0	0.0	23.52657740338036	0.0	0.0	0.0	0.0	0.0	0.0	0.0	0.0	113.31533709980734	0.0	0.0	0.0	73.86033900625287	0.0	0.0	0.0	0.0	0.0	0.0	0.0	0.0	0.0	0.0	0.0	0.0	0.0	0.0
GSM4138110_HNSCC_1_PBMC_ATCTGCCCATACGCCG	88.18732849891767	38.84670273478048	0.0	0.0	69.16783524104538	0.0	0.0	0.0	33.97379269514299	0.0	17.395361107398887	0.0	0.0	0.0	36.13486938302328	0.0	0.0	73.13873391061719	0.0	0.0	0.0	0.0	0.0	0.0	0.0	0.0	0.0	0.0	0.0	0.0	0.0	0.0	0.0	0.0	0.0
GSM4138110_HNSCC_1_PBMC_ATGAGGGAGTGTACGG	128.70422672301993	98.46966972964988	0.0	50.71422275385537	0.0	0.0	103.20606626435345	0.0	24.65985493759107	1.8575270670149633	0.0	0.0	0.0	0.0	0.0	0.0	0.0	0.0	0.0	59.47207429592974	0.0	0.0	0.0	0.0	0.0	0.0	0.0	0.0	0.0	0.0	0.0	0.0	0.0	0.0	0.0
GSM4138110_HNSCC_1_PBMC_ATGGGAGAGACCCACC	187.32522455737575	216.65426300513278	0.0	0.0	0.0	148.96769371861754	158.22266905366848	42.36317987024091	0.0	0.0	0.0	89.10991937614718	0.0	0.0	0.0	0.0	0.0	0.0	0.0	0.0	0.0	0.0	0.0	0.0	0.0	0.0	0.0	0.0	0.0	0.0	0.0	5.979314504046687	0.0	0.0	0.0
GSM4138110_HNSCC_1_PBMC_ATGTGTGTCCAGTAGT	53.1142684641458	45.65422262067356	15.673589457111573	42.23038636284012	0.0	32.156434999756094	61.768409998644564	14.27254379913979	0.0	0.0	0.0	0.0	0.0	0.0	19.2287524540898	0.0	0.0	0.0	0.0	0.0	0.0	0.0	0.0	0.0	0.0	0.0	0.0	0.0	0.0	0.0	0.0	0.0	0.0	0.0	0.0
GSM4138110_HNSCC_1_PBMC_ATTATCCAGCGCCTTG	84.93643213458846	125.51704271959399	78.25167600180222	0.0	0.0	0.0	0.0	0.0	32.72739046688675	70.42635079918064	19.489646790689225	0.0	0.0	72.77922988109965	0.0	0.0	0.0	0.0	0.0	0.0	0.0	0.0	0.0	0.0	6.863934365816016	0.0	0.0	0.0	0.0	0.0	0.0	0.0	0.0	0.0	0.0
GSM4138110_HNSCC_1_PBMC_ATTCTACAGATGTCGG	114.54669947027287	95.04004876486397	60.50479263998284	0.0	0.0	58.467896301383036	75.59895298474129	22.031631913491335	0.0	0.0	0.0	0.0	0.0	0.0	0.0	0.0	0.0	0.0	0.0	0.0	0.0	0.0	0.0	0.0	0.0	0.0	0.0	0.0	0.0	0.0	0.0	0.0	0.0	0.0	0.0
GSM4138110_HNSCC_1_PBMC_ATTGGACAGAAGGCCT	86.3852429770587	33.07838499891244	0.0	37.6589194856015	0.0	0.0	0.0	22.556315578072386	0.0	0.0	0.0	0.0	0.0	51.473132918061026	8.743144372583778	0.0	0.0	0.0	0.0	0.0	0.0	0.0	0.0	0.0	0.0	0.0	38.43838279174424	0.0	0.0	0.0	0.0	0.0	0.0	0.0	0.0
GSM4138110_HNSCC_1_PBMC_ATTGGTGCACAGGAGT	80.90250098393662	77.25672039903056	55.43815368973164	0.0	0.0	0.0	0.9231706794916374	11.216499724860885	11.250714724480433	98.4138392860349	0.0	0.0	0.0	0.0	0.0	0.0	0.0	0.0	0.0	0.0	46.97969180603916	0.0	0.0	6.186395907341547	0.0	0.0	0.0	0.0	0.0	0.0	0.0	0.0	0.0	0.0	0.0
GSM4138110_HNSCC_1_PBMC_CAACCTCTCTAAGCCA	68.50457256601297	31.765913257883913	40.967365976897455	0.0	0.0	64.50119221861658	0.0	27.386714996334195	0.0	0.0	48.36442878717468	0.0	0.0	0.0	0.0	0.0	0.0	0.0	0.0	0.0	0.0	0.0	0.0	0.0	0.0	0.0	0.0	0.0	0.0	0.0	0.0	0.0	0.0	0.0	0.0
GSM4138110_HNSCC_1_PBMC_CAACTAGGTGTCCTCT	62.067536268955735	73.96707808876081	55.14768685291392	0.0	0.0	69.44733701576692	4.512584698073708	0.0	17.458521587348496	71.18487821369716	0.0	0.0	0.0	0.0	0.0	0.0	0.0	0.0	0.0	0.0	0.0	0.0	0.0	0.0	0.0	0.0	0.0	0.0	0.0	0.0	0.0	0.0	0.0	0.0	0.0
GSM4138110_HNSCC_1_PBMC_CAACTAGTCAAGATCC	61.93955471814665	49.42934926681408	0.0	0.0	63.76337852132226	0.0	0.0	0.0	18.499650930552995	81.60347680600722	0.0	0.0	0.0	0.0	0.0	0.0	0.0	0.0	8.934095253938592	27.149058097640452	0.0	0.0	0.0	0.0	0.0	0.0	0.0	0.0	0.0	0.0	0.0	0.0	0.0	0.0	0.0
GSM4138110_HNSCC_1_PBMC_CAAGAAATCACAAACC	65.97325506113995	43.583827058119844	0.0	0.0	43.89474435650925	15.569850004880825	0.0	0.0	14.229948345261981	49.90216867091628	0.0	0.0	0.0	0.0	0.0	0.0	0.0	0.0	0.0	0.0	0.0	0.0	0.0	0.0	0.0	0.0	0.0	0.0	0.0	0.0	30.880358703282273	0.0	0.0	0.0	0.0
GSM4138110_HNSCC_1_PBMC_CAAGTTGCATGTTCCC	183.63655528043896	79.21097173808053	93.13361699958831	0.0	0.0	31.68794079127401	0.0	31.488598896011922	0.0	113.92725173641749	0.0	0.0	0.0	0.0	0.0	0.0	0.0	0.0	0.0	43.430997724744614	13.804223921083034	0.0	0.0	0.0	0.0	0.0	0.0	0.0	0.0	0.0	0.0	0.0	0.0	0.0	0.0
GSM4138110_HNSCC_1_PBMC_CACACTCTCAAGATCC	101.99112411377035	83.11174087588223	0.0	66.60670387314306	0.0	85.65918674912852	86.414567931069	20.04323245143601	0.0	0.0	0.0	0.0	0.0	0.0	0.0	0.0	0.0	0.0	0.0	0.0	0.0	0.0	0.0	18.28858851441457	0.0	0.0	0.0	0.0	0.0	0.0	0.0	2.741631338160554	0.0	0.0	0.0
GSM4138110_HNSCC_1_PBMC_CACAGGCTCCGCGTTT	91.31886931308264	81.23692831188038	0.0	0.0	0.0	0.0	0.0	32.85807882794041	0.0	0.0	0.0	78.54118081164061	0.0	55.83976472462099	0.0	0.0	0.0	0.0	0.0	0.0	0.0	0.0	0.0	0.0	0.0	0.0	8.267795793113553	0.0	0.0	0.0	0.0	89.64673875285604	0.0	0.0	0.0
GSM4138110_HNSCC_1_PBMC_CACAGTAAGTTACCCA	81.34862403621607	62.344634694855934	91.22994522017125	0.0	0.0	52.37722763530895	0.0	24.07441445311665	0.0	0.0	108.13573017725139	0.0	0.0	0.0	0.0	0.0	0.0	0.0	0.0	0.0	0.0	0.0	0.0	0.0	0.0	0.0	0.0	0.0	0.0	0.0	0.0	0.0	0.0	0.0	0.0
GSM4138110_HNSCC_1_PBMC_CACATTTAGTAGCGGT	77.39005868005748	50.54236407013029	0.0	0.0	80.12954393823516	43.08679446925978	8.225601925881932	2.7390540209249457	11.97110412026098	0.0	0.0	0.0	0.0	0.0	0.0	0.0	0.0	0.0	0.0	0.0	0.0	0.0	0.0	58.240291716871255	0.0	0.0	0.0	0.0	0.0	0.0	0.0	0.0	0.0	0.0	0.0
GSM4138110_HNSCC_1_PBMC_CACCACTTCCGCGGTA	60.576457842120604	60.982957710911556	0.0	0.0	40.396033669556886	0.0	52.358893331842445	53.1548480973745	0.0	0.0	0.0	0.0	0.0	0.0	0.0	0.0	0.0	0.0	25.366224513377233	6.873558023521477	0.0	0.0	0.0	0.0	0.0	0.0	0.0	0.0	0.0	0.0	0.0	0.0	0.0	0.0	0.0
GSM4138110_HNSCC_1_PBMC_CAGAGAGAGCCACTAT	49.36570108630472	42.45175078469799	52.56029404009184	0.0	0.0	0.0	0.0	13.982063620937753	0.0	0.0	0.0	0.0	0.0	0.0	22.73361153651858	0.0	0.0	87.81908386263818	0.0	0.0	0.0	0.0	0.0	0.0	0.0	1.837477614247795	0.0	0.0	0.0	48.034607875813464	0.0	0.0	0.0	0.0	0.0
GSM4138110_HNSCC_1_PBMC_CAGCAGCGTGCAGTAG	75.05262910582668	68.25728428949073	25.286368013702283	8.680458108460853	0.0	0.0	0.0	0.0	14.233783120756913	0.0	32.39371712433887	0.0	0.0	0.0	0.0	0.0	0.11478400023910303	15.484487702626625	0.0	0.0	0.0	0.0	0.0	0.0	0.0	0.0	0.0	0.0	0.0	0.0	0.0	0.0	0.0	0.0	0.0
GSM4138110_HNSCC_1_PBMC_CAGCATAAGTACTTGC	53.89875096000947	72.52242746914222	12.655541022660275	6.573695299641966	0.0	86.69791546121351	0.0	0.0	21.27322758615148	82.15357544255913	0.0	0.0	0.0	0.0	0.0	0.0	0.0	0.0	0.0	0.0	0.0	0.0	0.0	0.0	0.0	0.0	0.0	0.0	0.0	0.0	0.0	0.0	0.0	0.0	0.0
GSM4138110_HNSCC_1_PBMC_CAGCATATCAGAGGTG	145.1345851440657	127.02936288256693	7.818176466314387	70.61383747395993	0.0	0.0	0.0	0.0	96.78347074536761	0.0	0.0	22.457584287687904	0.0	0.0	108.99404080858453	82.85246321424431	0.0	0.0	0.0	0.0	0.0	0.0	0.0	0.0	0.0	0.0	0.0	0.0	0.0	0.0	0.0	0.0	0.0	0.0	0.0
GSM4138110_HNSCC_1_PBMC_CAGCTAAGTTCCACGG	0.0	0.0	0.0	0.0	0.0	0.0	0.0	160.52096410030518	1209.8815528545194	0.0	0.0	0.0	0.0	0.0	0.0	0.0	0.0	0.0	0.0	0.0	0.0	0.0	0.0	0.0	0.0	0.0	0.0	0.0	0.0	0.0	0.0	0.0	0.0	0.0	0.0
GSM4138110_HNSCC_1_PBMC_CATCGAAGTACTTCTT	96.86344935810361	134.71997151398818	106.60852865926844	2.4065307208916855	0.0	0.0	60.631282209983624	0.0	13.758643467314695	0.0	0.0	0.0	0.0	0.0	0.0	0.0	0.0	0.0	30.115831804507014	0.0	0.0	0.0	0.0	0.0	0.0	0.0	0.0	0.0	17.536176312277686	0.0	0.0	0.0	0.0	0.0	0.0
GSM4138110_HNSCC_1_PBMC_CATCGGGAGAGCTTCT	43.916722344611266	44.756815122714244	0.0	0.0	19.426017769732123	0.0	0.0	14.176652514053718	0.0	0.0	30.05476070374845	0.0	0.0	0.0	0.0	19.61082088502503	0.0	0.0	0.0	0.0	0.0	0.0	0.0	0.0	3.1998489431536514	0.0	0.0	0.0	0.0	0.0	0.0	0.0	0.0	0.0	0.0
GSM4138110_HNSCC_1_PBMC_CATTATCTCGATCCCT	115.61873784002573	77.4169818951407	8.802022641036155	0.0	115.02639241675686	22.566490454354557	0.0	45.37687071774266	0.0	0.0	0.0	0.0	0.0	0.0	0.0	45.816643890931374	0.0	0.0	0.0	0.0	0.0	76.53684352383598	0.0	0.0	0.0	0.0	0.0	0.0	0.0	0.0	0.0	0.0	0.0	0.0	0.0
GSM4138110_HNSCC_1_PBMC_CATTCGCAGTGAAGAG	118.3907069607493	162.55661147299398	0.0	142.0239237884971	0.0	0.0	0.0	0.0	65.522722948613	0.0	0.0	0.0	0.0	0.0	0.0	0.0	0.0	78.62242617169181	0.0	0.0	0.0	107.83762965999841	0.0	0.0	0.0	0.0	0.0	0.0	0.0	0.0	0.0	0.0	0.0	0.0	0.0
GSM4138110_HNSCC_1_PBMC_CCACGGACAGATGGGT	92.03717903564542	167.39075916927345	0.0	0.0	141.71226324419294	57.62804877132644	110.02904002880047	50.5104989173028	0.0	0.0	0.0	0.0	0.0	0.0	0.0	0.0	0.0	0.0	0.0	0.0	0.0	0.0	0.0	0.0	0.0	0.0	0.0	0.0	0.0	0.0	0.0	0.0	0.0	0.0	0.0
GSM4138110_HNSCC_1_PBMC_CCACTACAGGTTCCTA	63.25753989367402	99.58109805183143	0.0	0.0	77.6511585177004	0.0	36.899510228091984	28.413030117229667	0.0	0.0	0.0	0.0	0.0	0.0	0.0	0.0	0.0	0.0	60.773413818729345	0.0	0.0	0.0	0.0	10.169717794981192	0.0	0.0	0.0	0.0	0.0	20.1920486041837	0.0	0.0	0.0	0.0	0.0
GSM4138110_HNSCC_1_PBMC_CCCAGTTAGGCACATG	32.98358506710488	88.80749307830966	0.0	0.0	37.41723328174425	0.0	0.0	35.225586391437375	0.0	0.0	0.0	0.0	0.0	0.0	0.0	58.91265235008441	4.5904478989333155	0.0	0.0	0.0	0.0	0.0	0.0	39.0462260452938	0.0	0.0	0.0	0.0	0.0	19.00099853442978	0.0	0.0	0.0	0.0	0.0
GSM4138110_HNSCC_1_PBMC_CCCTCCTGTACAGCAG	109.80992436816652	92.9475526260675	0.0	28.645066225242356	0.0	0.0	0.0	0.0	37.62999874569762	0.0	0.0	0.0	0.0	0.0	0.0	0.0	0.0	59.56828494731704	0.0	0.0	0.0	0.0	0.0	0.0	0.0	0.0	0.0	52.80991902143413	0.0	0.0	0.0	0.0	0.0	0.0	0.0
GSM4138110_HNSCC_1_PBMC_CCCTCCTTCCATGAAC	84.83803779024974	27.56258371422413	0.0	42.90630598584926	0.0	0.0	0.0	0.0	54.409881186602476	0.0	0.0	0.0	0.0	0.0	0.0	34.806863258381824	0.0	0.0	0.0	0.0	0.0	0.0	61.74242966005422	0.0	0.0	0.0	0.0	0.0	0.0	0.0	0.0	0.0	0.0	0.0	0.0
GSM4138110_HNSCC_1_PBMC_CCGTACTGTTCCAACA	124.65161295078761	89.74376827252945	0.0	98.48956678555574	0.0	0.0	0.0	21.159713908042676	11.030994521730761	0.0	0.0	0.0	0.0	18.63550984569967	0.0	29.702502197942696	0.0	0.0	51.85712948238669	0.0	0.0	0.0	0.0	79.85976643486953	0.0	0.0	0.0	0.0	0.0	0.0	0.0	0.0	0.0	0.0	0.0
GSM4138110_HNSCC_1_PBMC_CCGTACTTCCGATATG	100.02721942236538	29.092758302259284	0.0	0.0	0.0	0.0	0.0	18.52377782871603	0.0	19.32865391810575	23.59864510041257	29.426421799886477	0.0	0.0	0.0	0.0	0.0	0.0	0.0	0.0	0.0	0.0	0.0	0.0	42.4615411161772	0.0	0.0	0.0	0.0	0.0	0.0	0.0	0.0	0.0	0.0
GSM4138110_HNSCC_1_PBMC_CCGTGGAAGGAGTACC	68.91347426221273	75.14535568134838	0.0	0.0	56.24335647184389	0.0	0.0	22.276231149813583	0.0	2.756350475982663	0.0	0.0	0.0	0.0	0.0	49.31858230381931	0.0	0.0	0.0	0.0	0.0	0.0	0.0	0.0	0.0	58.72706163514962	0.0	0.0	0.0	0.0	0.0	0.0	0.0	0.0	0.0
GSM4138110_HNSCC_1_PBMC_CCTAAAGAGCGCCTCA	109.16080390256177	146.84738692970598	68.23382970942203	28.139492054585354	0.0	0.0	0.0	0.0	67.02657955438934	0.0	0.0	0.0	0.0	0.0	0.0	0.0	0.0	0.0	182.95082373665534	0.0	0.0	0.0	0.0	0.0	0.0	0.0	127.40475339681157	0.0	0.0	0.0	0.0	0.0	0.0	0.0	0.0
GSM4138110_HNSCC_1_PBMC_CCTACACCACAGGCCT	68.23187197806037	53.031352388407505	83.87658940496848	0.0	0.0	0.0	0.0	29.357746459815736	0.0	88.18464890232582	0.0	0.0	0.0	0.0	0.0	0.0	0.0	0.0	0.0	13.13365284223548	36.79518572383467	0.0	0.0	0.0	0.0	0.0	0.0	0.0	0.0	0.0	0.0	0.0	0.0	0.0	0.0
GSM4138110_HNSCC_1_PBMC_CCTATTACACAAGACG	203.0440400806421	96.64063549594238	0.0	0.0	101.57116752016277	0.0	0.0	20.318379937148656	0.0	12.618386317926138	0.0	0.0	0.0	74.10303174019838	0.0	0.0	0.0	0.0	0.0	0.0	0.0	0.0	0.0	0.0	0.0	0.0	128.19952838930232	0.0	0.0	0.0	0.0	0.0	0.0	0.0	0.0
GSM4138110_HNSCC_1_PBMC_CCTTACGAGAATAGGG	72.7176410625755	55.167908662684916	0.0	83.91825327224241	0.0	0.0	0.0	22.297819910072313	0.0	0.0	0.0	0.0	0.0	48.80481483745875	130.2625095082673	0.0	0.0	0.0	0.0	0.0	0.0	0.0	0.0	0.0	0.0	0.0	0.0	0.0	0.0	0.0	0.0	0.0	0.0	0.0	0.0
GSM4138110_HNSCC_1_PBMC_CGAACATGTCCAGTAT	55.493217817604254	41.411160371942465	0.0	33.39178309055478	0.0	0.0	0.0	0.0	37.38467871016052	0.0	0.0	14.310211820478875	0.0	0.0	22.05002550042304	0.0	0.0	48.24769629263932	0.0	0.0	0.0	0.0	0.0	0.0	0.0	0.0	0.0	35.63666810876708	0.0	0.0	0.0	0.0	0.0	0.0	0.0
GSM4138110_HNSCC_1_PBMC_CGATCGGCAACACCCG	36.25693155008503	69.70648677200623	24.88162809365896	11.28899479009357	0.0	0.0	0.0	0.0	9.603150164963328	0.0	0.0	0.0	0.0	0.0	25.202283539608427	0.0	0.0	15.868131236516211	0.0	0.0	0.0	0.0	0.0	0.0	0.0	16.176399344705413	0.0	0.0	0.0	1.9877755780590571	0.0	0.0	0.0	0.0	0.0
GSM4138110_HNSCC_1_PBMC_CGATGTATCCTTTCGG	94.80712172144742	57.012001786584115	21.184285157146714	21.727192827747825	7.68057068427497	0.0	0.0	38.65485799572723	0.0	0.0	0.0	0.0	0.0	29.391249022580702	39.19376045131488	0.0	0.0	19.27036462333828	0.0	0.0	0.0	17.42097755670967	0.0	0.0	0.0	0.0	0.0	0.0	0.0	0.0	0.0	0.0	0.0	0.0	0.0
GSM4138110_HNSCC_1_PBMC_CGCGGTAAGACACGAC	47.723468631394134	51.24144257531515	0.0	0.0	7.2575471474544475	4.428379956288394	0.0	18.904460373307455	0.0	0.0	0.0	0.0	0.0	0.0	0.0	0.0	0.0	0.0	0.0	28.04870104939673	0.0	49.85952257439789	0.0	0.0	0.0	16.57132751635886	0.0	0.0	0.0	0.0	0.0	0.0	0.0	0.0	0.0
GSM4138110_HNSCC_1_PBMC_CGCGGTATCAGTCCCT	64.28205250091328	82.78612455403439	26.36158007934056	23.56033897624561	0.0	44.53114916478289	0.0	0.0	24.387980306979962	0.0	0.0	0.0	0.0	0.0	0.0	0.0	0.0	0.0	0.0	0.0	0.0	0.0	55.89911493737144	0.0	0.0	0.0	0.0	0.0	0.0	0.0	0.0	0.0	0.0	0.0	0.0
GSM4138110_HNSCC_1_PBMC_CGCTATCAGGTAGCCA	109.62854486466041	89.12451027357184	97.57411085452642	0.0	0.0	0.0	103.38799789274746	0.0	23.65288975048693	31.90613210264818	0.0	0.0	0.0	0.0	0.0	0.0	0.0	0.0	0.0	92.47620257586976	0.0	0.0	0.0	0.0	0.0	0.0	0.0	0.0	0.0	0.0	0.0	0.0	0.0	0.0	0.0
GSM4138110_HNSCC_1_PBMC_CGCTTCACAGTACACT	95.17442899666281	67.40411335328375	3.1965155143633783	81.35229049627596	0.0	72.69868978784712	0.0	0.0	21.83726594427794	0.0	71.965255605969	5.061573939549916	0.0	0.0	0.0	0.0	0.0	0.0	0.0	0.0	0.0	0.0	0.0	0.0	0.0	0.0	0.0	0.0	0.0	0.0	0.0	0.0	0.0	0.0	0.0
GSM4138110_HNSCC_1_PBMC_CGGAGCTCAGACGCAA	54.412442893653036	43.42588934066478	61.819561938165194	0.0	0.0	0.0	55.04658562776265	21.872820135624217	0.0	0.0	0.0	0.0	0.0	0.0	0.0	0.0	0.0	0.0	32.76047671900651	0.0	0.0	0.0	0.0	0.0	0.0	0.0	0.0	0.0	0.0	0.0	0.0	0.0	0.0	0.0	0.0
GSM4138110_HNSCC_1_PBMC_CGGAGCTTCGCCTGAG	125.74057794106014	124.6121434953346	0.0	0.0	0.0	0.0	0.0	31.25714094356956	0.0	108.62924178782495	0.0	74.93990494983092	0.0	0.0	0.0	0.0	0.0	0.0	0.0	0.0	78.07920877520755	0.0	0.0	0.0	0.0	0.0	0.0	0.0	0.0	0.0	0.0	0.0	0.0	0.0	0.0
GSM4138110_HNSCC_1_PBMC_CGGCTAGTCACATAGC	229.0859626906504	160.0620771466693	0.0	0.0	34.594060159717735	0.0	28.113268719977764	0.0	41.06606219588384	18.410743914292045	0.0	30.24523840548375	0.0	0.0	0.0	0.0	12.22816336883172	0.0	0.0	0.0	0.0	0.0	0.0	0.0	102.20318447588966	0.0	0.0	0.0	0.0	42.584962367170974	0.0	0.0	0.0	0.0	0.0
GSM4138110_HNSCC_1_PBMC_CGGCTAGTCAGAGACG	41.74991808621237	45.30215127479358	0.0	0.0	70.1161490022626	0.0	66.62607843213648	21.60246213229783	2.1154545237738183	0.0	0.0	0.0	0.0	0.0	0.0	0.0	0.0	0.0	35.92774373526542	0.0	0.0	0.0	0.0	0.0	0.0	0.0	0.0	0.0	0.0	0.0	0.0	0.0	0.0	0.0	0.0
GSM4138110_HNSCC_1_PBMC_CGGCTAGTCCTAAGTG	97.4499802056405	104.07210303040434	71.98152254209054	0.0	0.0	0.0	0.0	7.8265131131188115	14.774486604996051	108.09123871699903	0.0	0.0	0.0	0.0	0.0	0.0	0.0	0.0	0.0	0.0	0.0	0.0	0.0	0.0	0.0	0.0	0.0	0.0	43.18719179633628	0.0	0.0	0.0	0.0	0.0	0.0
GSM4138110_HNSCC_1_PBMC_CGTAGCGAGAAGGGTA	95.73496984115386	96.1937882022349	1.7143190827613928	39.635547751570144	0.0	54.98940538268296	0.0	20.444368585700595	2.6004892788838485	0.0	0.0	0.0	0.0	0.0	0.0	0.0	0.0	0.0	0.0	0.0	0.0	0.0	0.0	0.0	0.0	136.42737882268156	0.0	0.0	0.0	0.0	0.0	0.0	0.0	0.0	0.0
GSM4138110_HNSCC_1_PBMC_CGTAGGCGTGGTAACG	54.667902700289254	40.05986291339598	27.94209367323206	0.0	0.0	0.0	0.0	19.324610520911573	0.0	0.0	0.0	0.0	95.62987262067571	47.285836655829065	0.0	0.0	0.0	0.0	0.0	0.0	0.0	0.0	0.0	0.0	0.0	0.0	0.0	0.0	0.0	0.0	0.0	0.0	0.0	0.0	0.0
GSM4138110_HNSCC_1_PBMC_CGTCACTTCAAACCGT	98.84591981154927	72.40347980654444	0.0	56.13035472000331	0.0	62.4786238260147	61.88360314074643	43.19285732229274	0.0	0.0	0.0	0.0	0.0	0.0	0.0	0.0	0.0	0.0	0.0	0.0	0.0	0.0	0.0	18.376578371790277	0.0	0.0	0.0	0.0	0.0	0.0	0.0	0.0	0.0	0.0	0.0
GSM4138110_HNSCC_1_PBMC_CGTCCATAGCAGCGTA	65.22507595643296	32.94689333699032	0.0	0.0	0.0	0.0	0.0	15.160560379239104	0.0	0.0	0.0	12.847470906700956	0.0	61.08114401120502	0.0	0.0	0.0	0.0	0.0	0.0	0.0	0.0	0.0	0.0	0.0	66.0572129968054	0.0	0.0	0.0	0.0	0.0	0.0	0.0	0.0	0.0
GSM4138110_HNSCC_1_PBMC_CGTGTAAAGGTGTGGT	91.71782377122915	104.33104047471295	79.51264701375074	0.0	0.0	0.0	50.54761455979252	16.884438107274914	0.0	0.0	0.0	0.0	0.0	0.0	0.0	0.0	0.0	0.0	43.3568097479783	0.0	38.869302519183535	0.0	0.0	0.0	0.0	0.0	0.0	0.0	0.0	0.0	0.0	0.0	0.0	25.330498536362775	0.0
GSM4138110_HNSCC_1_PBMC_CGTTGGGCAGGCGATA	98.61807644517148	67.309269366845	52.302107668961966	0.0	0.0	0.0	0.0	35.92746632251356	0.0	0.0	0.0	0.0	0.0	0.0	51.357401859304574	0.0	0.0	0.0	0.0	0.0	51.34229062616181	0.0	0.0	0.0	0.0	0.0	0.0	0.0	0.0	0.0	0.0	0.0	0.0	0.0	0.0
GSM4138110_HNSCC_1_PBMC_CTACACCGTAGCTTGT	75.98501985911156	61.168665001964605	32.614017165313165	0.0	0.0	0.0	0.0	24.47232975464188	0.0	0.0	87.28284576898442	12.136349223827166	0.0	0.0	0.0	0.0	0.0	0.0	0.0	0.0	38.95351241088735	0.0	0.0	0.0	6.001678682586669	0.0	0.0	0.0	0.0	0.0	0.0	0.0	0.0	0.0	0.0
GSM4138110_HNSCC_1_PBMC_CTACGTCAGTGGGATC	83.19928395090848	64.40320484027927	0.0	18.22336348518276	9.565133135117941	0.0	0.0	4.963184985995999	26.69654117000726	0.0	0.0	0.0	0.0	92.93685556430741	45.935692201199274	0.0	0.0	0.0	0.0	0.0	0.0	0.0	0.0	0.0	0.0	0.0	0.0	0.0	0.0	0.0	0.0	0.0	0.0	0.0	0.0
GSM4138110_HNSCC_1_PBMC_CTACGTCTCCACGAAT	49.645324770648	63.36015224127984	0.0	26.566630274920392	0.0	0.0	64.65360200343943	12.7842736309407	0.0	0.0	0.0	0.0	0.0	0.0	0.0	51.95761210952701	0.0	0.0	0.0	0.0	0.0	0.0	0.0	0.0	0.0	0.0	0.0	0.0	0.0	0.0	0.0	0.0	0.0	0.0	0.0
GSM4138110_HNSCC_1_PBMC_CTAGCCTAGCCAACAG	69.61664164295719	93.49042132408711	0.0	68.16191119581926	0.0	0.0	0.0	0.0	34.871437541189195	0.0	0.0	0.0	0.0	0.0	0.0	0.0	0.0	0.0	0.0	0.0	0.0	0.0	0.0	52.002863268763726	0.0	0.0	0.0	0.0	43.27168686257063	0.0	0.0	0.0	0.0	0.0	0.0
GSM4138110_HNSCC_1_PBMC_CTCAGAATCGAATGGG	144.94572048352265	80.46494668374523	82.92771197733735	0.0	0.0	0.0	0.0	3.770108691811812	39.81117873876594	102.69408023943727	0.0	0.0	0.0	0.0	0.0	0.0	0.0	0.0	0.0	0.0	0.0	0.0	0.0	0.0	63.599619143757266	0.0	0.0	0.0	0.0	0.0	0.0	0.0	0.0	0.0	0.0
GSM4138110_HNSCC_1_PBMC_CTCCTAGCAAGTCTGT	71.35426252047527	78.63477713670054	0.0	83.52286327268587	0.0	0.0	63.49870339471415	46.70131113073759	0.0	0.0	0.0	0.0	0.0	0.0	0.0	16.388400543801698	0.0	0.0	46.60496259709429	0.0	0.0	0.0	0.0	0.0	0.0	0.0	0.0	0.0	0.0	0.0	0.0	0.0	0.0	0.0	0.0
GSM4138110_HNSCC_1_PBMC_CTCGGAGAGCAGGTCA	120.98924682245328	115.45397136874622	0.0	0.0	41.272548426069456	63.842453960950465	48.13723530659884	0.0	31.98308708235312	0.0	11.528688586650345	0.0	0.0	0.0	19.093842357514948	11.397631327742646	0.0	0.0	0.0	0.0	0.0	0.0	0.0	0.0	0.0	0.0	0.0	0.0	0.0	0.0	0.0	0.0	0.0	0.0	0.0
GSM4138110_HNSCC_1_PBMC_CTCGTACTCAGCAACT	99.92063334331854	120.28902276325775	0.0	0.0	125.71271635934507	0.0	0.0	46.84761876803079	0.0	0.0	0.0	0.0	106.4858655786711	0.0	0.0	45.42005522275675	0.0	0.0	0.0	0.0	0.0	0.0	0.0	0.0	0.0	0.0	0.0	0.0	0.0	0.0	0.0	0.0	0.0	0.0	0.0
GSM4138110_HNSCC_1_PBMC_CTCGTCAAGCTCTCGG	171.16197769231223	142.38957671541107	0.0	29.62271057645956	0.0	0.0	0.0	0.0	61.49928423882002	176.85462733236938	0.0	0.0	0.0	0.0	0.0	0.0	0.0	0.0	0.0	0.0	0.0	0.0	0.0	0.0	0.0	0.0	0.0	0.0	89.36285557767536	0.0	0.0	0.0	0.0	0.0	0.0
GSM4138110_HNSCC_1_PBMC_CTCTACGCAGATCGGA	38.28665625681208	25.99973561443598	39.936815534157276	1.1472811008348816	0.0	0.0	0.0	1.9984571816779935	12.220512968698568	0.0	0.0	0.0	33.22379082990983	0.0	0.0	0.0	0.0	0.0	0.0	0.0	0.0	0.0	0.0	0.0	0.0	0.0	0.0	0.0	49.85690643157251	0.0	0.0	0.0	0.0	0.0	0.0
GSM4138110_HNSCC_1_PBMC_CTCTGGTAGACAGGCT	16.613828526494707	41.42715485945199	62.39915356935578	0.0	0.0	0.0	0.0	0.0	10.118318529245432	0.0	0.0	3.2529710957264366	0.0	0.0	0.0	0.0	0.0	0.0	0.0	0.0	0.0	46.69786487543389	0.0	0.0	0.0	39.21823618897326	0.0	0.0	44.399586671583116	0.0	0.0	0.0	0.0	0.0	0.0
GSM4138110_HNSCC_1_PBMC_CTCTGGTCACAGCCCA	94.22355421398795	86.36087167344003	0.0	0.0	53.660737658897766	0.0	0.0	22.575023705265973	0.0	0.0	0.0	0.0	0.0	0.0	0.0	66.08914591860513	0.0	0.0	0.0	0.0	0.0	126.44135854034927	0.0	0.0	0.0	0.0	0.0	0.0	0.0	0.0	0.0	0.0	0.0	0.0	0.0
GSM4138110_HNSCC_1_PBMC_CTGAAACCAGCCTTGG	109.23540791879493	84.21337825207341	0.0	52.10122022611479	0.0	15.78772733313936	59.901078835377795	83.7341900328273	0.0	0.0	0.0	0.0	0.0	0.0	0.0	0.0	0.0	0.0	0.0	0.0	0.0	0.0	0.0	0.0	0.0	0.0	0.0	0.0	0.0	0.0	0.0	0.0	0.0	0.0	0.0
GSM4138110_HNSCC_1_PBMC_CTGAAACCAGTATGCT	60.51139238636738	84.49738851499436	0.0	0.0	85.14799542002395	0.0	0.0	0.0	33.32550293562913	91.11796455489262	0.0	0.0	0.0	0.0	0.0	19.25741787291113	0.0	0.0	0.0	0.0	36.175126375824505	0.0	0.0	0.0	0.0	0.0	0.0	0.0	0.0	0.0	0.0	0.0	0.0	0.0	0.0
GSM4138110_HNSCC_1_PBMC_CTGAAGTCAGCTGCTG	80.88636666260106	71.61038649987351	0.0	56.34248680029375	0.0	14.889504554558206	73.5691370408996	23.274506651171215	0.18608302823736303	0.0	0.0	13.391957419091243	0.0	27.034903138389694	0.0	0.0	0.0	0.0	0.0	0.0	0.0	0.0	0.0	0.0	0.0	0.0	0.0	0.0	0.0	0.0	0.0	0.0	0.0	0.0	0.0
GSM4138110_HNSCC_1_PBMC_CTGAAGTGTTCTCATT	39.91794503017761	101.06619177569405	0.0	0.0	20.65574421318744	0.0	0.0	0.0	19.926865146931423	0.0	0.0	0.0	0.0	25.969580617184842	0.0	0.0	33.8765364004742	113.90590531077859	0.0	0.0	0.0	0.0	0.0	0.0	0.0	0.0	0.0	0.0	0.0	0.0	0.0	0.0	0.0	0.0	0.0
GSM4138110_HNSCC_1_PBMC_CTGTTTACAAAGGTGC	121.49751382608667	79.58675462906558	0.0	38.240230604881184	0.0	0.0	0.0	24.95302462473971	0.0	58.72394205715941	0.0	0.0	0.0	0.0	0.0	0.0	0.0	42.84466988891679	0.0	0.0	0.0	0.0	0.0	0.0	0.0	0.0	0.0	0.0	0.0	0.0	0.0	0.0	0.0	0.0	0.0
GSM4138110_HNSCC_1_PBMC_CTTAACTGTGACGCCT	39.87171329563454	69.01620643367056	37.220447490394825	0.0	0.0	0.0	0.0	8.811182789819723	5.098661996139324	0.0	0.0	0.0	0.0	13.985952996224357	0.0	0.0	0.0	39.44632042723602	0.0	0.0	0.0	63.15247066423606	0.0	24.083804825436804	0.0	0.0	0.0	0.0	0.0	0.0	0.0	0.0	0.0	0.0	0.0
GSM4138110_HNSCC_1_PBMC_CTTAGGAAGGTGATTA	185.74977808992605	164.5009361718673	0.0	162.24609211316863	0.0	84.6864380819092	92.15741858721401	0.0	36.14121410098033	0.0	0.0	0.0	0.0	0.0	9.222716488005362	43.722217970289876	0.0	0.0	0.0	0.0	0.0	0.0	0.0	46.76392093330744	0.0	0.0	0.0	0.0	0.0	0.0	0.0	0.0	0.0	0.0	0.0
GSM4138110_HNSCC_1_PBMC_CTTAGGACAGAGTGTG	107.55486392796627	100.15262833601615	0.0	44.77714689668038	2.4008692491877954	0.0	0.0	12.086308922946916	0.0	47.34752121795181	0.0	0.0	0.0	0.0	0.0	0.0	0.0	0.0	0.0	0.0	24.328995479266396	0.0	0.0	0.0	0.0	0.0	0.0	0.0	0.0	0.0	0.0	0.0	0.0	0.0	0.0
GSM4138110_HNSCC_1_PBMC_CTTGGCTCAAAGCGGT	117.90917147815696	55.12165617515796	0.0	0.0	60.81137816892095	0.0	0.0	42.141212112705524	0.0	0.0	13.082251791097368	0.0	0.0	0.0	0.0	0.0	91.39132073230961	0.0	0.0	74.81545431577621	0.0	0.0	0.0	0.0	0.0	0.0	0.0	0.0	0.0	0.0	0.0	0.0	6.612243413568604	0.0	0.0
GSM4138110_HNSCC_1_PBMC_GAAACTCGTCTTCTCG	118.84421038260992	166.35483405850042	0.0	131.16245645056327	0.0	79.97121249155202	88.3321130026315	24.657127106207888	0.0	0.0	0.0	0.0	0.0	0.0	0.0	0.0	0.0	0.0	0.0	0.0	0.0	0.0	0.0	0.0	0.0	0.0	0.0	0.0	0.0	0.0	0.0	0.0	0.0	0.0	0.0
GSM4138110_HNSCC_1_PBMC_GAAATGAAGAGCAATT	61.006443648517156	27.367305195941704	0.0	38.51625792971314	0.0	0.0	13.882536364807194	7.293077671755167	10.8592278932532	0.0	0.0	0.0	0.0	0.0	0.0	0.0	0.0	38.43027242686182	0.0	0.0	0.0	34.71917111633149	0.0	0.0	0.0	0.0	0.0	0.0	0.0	0.0	0.0	0.0	0.0	0.0	0.0
GSM4138110_HNSCC_1_PBMC_GAACATCTCGGTTAAC	55.1471617936551	56.851178614304224	0.0	0.0	70.36641421561558	32.79602999109908	64.20221033459838	23.022620810426954	0.0	0.0	0.0	0.0	0.0	10.70218840898753	0.0	0.0	0.0	0.0	0.0	0.0	0.0	0.0	0.0	0.0	0.0	0.0	0.0	0.0	0.0	0.0	0.0	0.0	0.0	0.0	0.0
GSM4138110_HNSCC_1_PBMC_GAACCTATCGGCCGAT	70.649806583209	51.47362858865471	0.0	87.92030174994346	0.0	0.0	0.0	8.470207562728369	0.0	0.0	27.345061116338734	0.0	0.0	33.447994749956116	0.0	0.0	0.0	0.0	0.0	0.0	0.0	0.0	41.01422355972372	4.184916817287317	0.0	0.0	0.0	0.0	0.0	0.0	0.0	0.0	0.0	0.0	0.0
GSM4138110_HNSCC_1_PBMC_GAATGAAGTTGGACCC	49.75201898124037	42.96780017349745	0.0	0.0	48.950335741774445	0.0	0.0	5.4565061034487945	0.0	0.0	0.0	0.0	0.0	6.847262766559984	0.0	0.0	0.0	0.0	0.0	0.0	0.0	0.0	0.0	0.0	32.415219541668115	37.044898977611545	0.0	0.0	0.0	0.0	0.0	0.0	0.0	0.0	0.0
GSM4138110_HNSCC_1_PBMC_GACAGAGAGAGCCTAG	84.55742222237605	51.209784919098254	0.0	33.063947292271344	0.0	0.0	0.0	15.069844039948007	0.0	0.0	0.0	0.0	0.0	0.0	46.96740760287797	0.0	0.0	0.0	12.702004407782516	0.0	0.0	0.0	0.0	0.0	0.0	0.0	0.0	0.0	0.0	0.0	0.0	0.0	0.0	0.0	0.0
GSM4138110_HNSCC_1_PBMC_GACTAACAGGCAGGTT	105.61099966796908	77.55516749847358	113.89801295583592	0.0	0.0	107.9107894680403	0.0	59.67657794951015	0.0	111.46088018163749	0.0	0.0	0.0	0.0	0.0	0.0	0.0	0.0	0.0	0.0	0.0	0.0	0.0	0.0	0.0	0.0	0.0	0.0	0.0	0.0	0.0	0.0	0.0	0.0	0.0
GSM4138110_HNSCC_1_PBMC_GACTGCGGTATCTGCA	80.67318579132888	19.04176999687714	0.0	47.154878497100356	0.0	0.0	0.0	65.84867189346159	0.0	0.0	0.0	0.0	0.0	67.22484736014697	0.0	0.0	0.0	0.0	0.0	0.0	0.0	44.952897288984566	0.0	0.0	0.0	0.0	0.0	0.0	0.0	0.0	0.0	0.0	0.0	0.0	0.0
GSM4138110_HNSCC_1_PBMC_GACTGCGTCTAAGCCA	117.05791949022594	93.00493618043154	0.0	0.0	0.0	105.4079056838592	29.466959200326897	0.0	16.20965071461684	0.0	0.0	100.8152024652241	41.740863747370824	0.0	0.0	0.0	0.0	0.0	0.0	0.0	0.0	0.0	0.0	0.0	0.0	0.0	0.0	0.0	0.0	0.0	0.0	0.0	0.0	0.0	0.0
GSM4138110_HNSCC_1_PBMC_GATCGATGTGCTGTAT	95.93758424050347	80.15194278478273	0.0	59.67514701505715	0.0	99.39243557685467	71.22642645551804	24.51182734643286	0.0	0.0	0.0	0.0	0.0	0.0	0.0	0.0	0.0	0.0	0.0	0.0	0.0	0.0	0.0	8.32973231506293	0.0	0.0	0.0	0.0	0.0	0.0	0.0	0.0	0.0	0.0	0.0
GSM4138110_HNSCC_1_PBMC_GATCTAGAGGGCTCTC	50.0553603745769	68.83590189977565	0.0	0.0	0.0	0.0	24.597752473031505	17.659206192986098	0.0	41.002923874309474	0.0	63.103354625177545	0.0	0.0	0.0	0.0	0.0	0.0	20.995130104339818	0.0	0.0	0.0	0.0	0.0	0.0	0.0	0.0	0.0	0.0	0.0	0.0	0.0	0.0	0.0	0.0
GSM4138110_HNSCC_1_PBMC_GATCTAGCAAACCTAC	131.06039460750046	103.62861026335882	0.0	86.81057060505498	0.0	100.96526352679356	0.0	0.0	28.15357156873785	45.718700021721936	0.0	0.0	0.0	0.0	0.0	0.0	35.37248290177168	0.0	0.0	0.0	0.0	0.0	0.0	0.0	0.0	0.0	0.0	0.0	0.0	0.0	0.0	0.0	0.0	0.0	0.0
GSM4138110_HNSCC_1_PBMC_GATGAAAAGAAGGGTA	52.55457394574453	64.1307650463724	0.0	35.33776039284901	0.0	0.0	0.0	37.805723900472174	0.0	15.752631247791477	0.0	0.0	0.0	5.600533325038466	0.0	0.0	0.0	0.0	0.0	0.0	0.0	0.0	40.005175471583684	0.0	32.616723282563	0.0	0.0	0.0	0.0	0.0	0.0	0.0	0.0	0.0	0.0
GSM4138110_HNSCC_1_PBMC_GATGCTAGTATGGTTC	79.76711400132325	53.20427268784966	0.0	0.0	27.998839807028354	78.33460717814309	87.49746724585049	13.506997178678487	0.0	19.48826120421325	0.0	0.0	0.0	0.0	0.0	0.0	0.0	0.0	0.0	0.0	0.0	0.0	0.8149875113761548	0.0	0.0	0.0	0.0	0.0	0.0	0.0	0.0	0.0	0.0	0.0	0.0
GSM4138110_HNSCC_1_PBMC_GATTCAGAGCTATGCT	48.28199291221158	80.67165523397118	0.0	0.23783710036907868	54.18973527592854	49.31673435718866	0.0	35.265673135362285	0.0	0.0	0.0	34.57053765607561	163.6358152140928	0.0	0.0	0.0	0.0	0.0	0.0	0.0	0.0	0.0	0.0	0.0	0.0	0.0	0.0	0.0	0.0	0.0	0.0	0.0	0.0	0.0	0.0
GSM4138110_HNSCC_1_PBMC_GCACATACATGAACCT	41.00730795640407	71.97603311670971	0.0	63.42844311221591	0.0	8.262482189786514	0.0	0.0	24.340224099085937	0.0	95.07857944599274	0.0	0.0	0.0	0.0	59.67225637097958	0.0	0.0	0.0	0.0	0.0	0.0	0.0	0.0	0.0	0.0	0.0	0.0	0.0	0.0	0.0	0.0	0.0	0.0	0.0
GSM4138110_HNSCC_1_PBMC_GCACATAGTCTTCTCG	90.5683647217142	96.0514696833834	0.0	33.17835606232941	0.0	84.31228187233691	0.0	33.631628037523534	0.0	0.0	95.30754564835561	0.0	0.0	0.0	0.07224312921497106	0.0	0.0	0.0	0.0	0.0	0.0	0.0	0.0	0.0	0.0	0.0	0.0	0.0	0.0	0.0	0.0	0.0	0.0	0.0	0.0
GSM4138110_HNSCC_1_PBMC_GCAGTTATCCTACAGA	101.66147818141225	57.21148349225309	0.0	47.68085990672007	0.0	17.14210662826984	0.0	15.27652122856215	0.0	0.0	0.0	0.0	0.0	0.0	0.0	0.0	0.0	0.0	0.0	0.0	0.0	0.0	0.0	0.0	0.0	10.949950678745761	0.0	0.0	0.0	26.230820712894985	0.0	0.0	0.0	0.0	0.0
GSM4138110_HNSCC_1_PBMC_GCATACAAGACACGAC	125.9670450911981	114.84388862938458	0.0	85.75628845897987	0.0	5.619382897447567	75.2683936870225	0.0	74.46109532177489	0.0	0.0	0.0	0.0	0.0	20.406681613025537	0.0	0.0	45.75803933631451	70.58473679710883	0.0	0.0	0.0	0.0	0.0	0.0	0.0	0.0	0.0	0.0	0.0	0.0	3.703433067734314	0.0	0.0	0.0
GSM4138110_HNSCC_1_PBMC_GCATGTATCTCATTCA	35.01872432026204	55.694397717026405	0.0	33.34972109888367	0.0	47.97830825279909	3.059179561943756	17.770595030507458	0.0	4.754110705919511	45.9738321974072	0.0	0.0	0.0	0.0	0.0	2.6619098318139383	0.0	0.0	0.0	0.0	0.0	0.0	0.0	0.0	0.0	0.0	0.0	0.0	0.0	0.0	0.0	0.0	0.0	0.0
GSM4138110_HNSCC_1_PBMC_GCGAGAATCTATCCTA	113.13855175231943	56.463515761098584	29.184300489881075	14.986616081784069	0.0	0.0	0.0	16.456845342642847	0.0	0.0	0.0	0.0	0.0	45.584190528103065	0.0	0.0	0.0	0.0	0.0	0.0	0.0	54.98245122348708	0.0	0.0	0.0	0.0	0.0	0.0	0.0	0.0	0.0	0.0	0.0	0.0	0.0
GSM4138110_HNSCC_1_PBMC_GCGCAACCAGTACACT	96.4156009823904	44.102448087988975	0.0	0.0	30.55016248317261	0.0	0.0	23.966796157184614	0.0	0.0	48.22142031450854	0.0	0.0	0.0	0.0	0.0	0.0	0.0	0.0	0.0	53.59406787682931	0.0	0.0	0.0	0.0	0.0	0.0	0.0	0.0	0.0	0.0	0.0	0.0	0.0	0.0
GSM4138110_HNSCC_1_PBMC_GCGCAACTCACCGTAA	62.792136620591066	37.76471171095302	0.0	110.71018388648783	0.0	21.256501933263042	67.73063890873588	23.384217787891686	0.0	0.0	0.0	0.0	0.0	0.0	0.0	0.0	0.0	0.0	0.0	0.0	0.0	0.0	0.0	0.0	0.0	0.0	0.0	0.0	0.0	0.0	0.0	0.0	0.0	0.0	0.0
GSM4138110_HNSCC_1_PBMC_GCGGGTTTCTGTACGA	79.33819962098268	79.45304270131685	45.33456844629058	0.0	0.0	71.98184476452354	36.38590119339427	26.720393366495273	0.0	0.0	0.0	0.0	10.270122427033732	0.0	0.0	0.0	0.0	0.0	0.0	0.0	0.0	0.0	0.0	0.0	0.0	0.0	0.0	0.0	0.0	0.0	0.0	0.0	0.0	48.84981622958926	0.0
GSM4138110_HNSCC_1_PBMC_GCTGCAGCACAACGCC	81.93839209891719	67.46249135711105	0.0	0.0	0.0	0.0	61.19926844621287	0.0	17.591514120307302	0.0	0.0	6.72236002277615	0.0	0.0	0.0	0.0	0.0	0.0	0.0	11.38444393800371	0.0	0.0	10.981150962517013	0.0	0.0	0.0	0.0	0.0	0.0	0.0	55.37054101974976	0.0	0.0	0.0	0.0
GSM4138110_HNSCC_1_PBMC_GGAACTTCAACTGGCC	85.5113490488971	58.317094953010546	46.95493461087281	0.0	0.0	70.12876403547733	0.0	15.129951834076122	0.0	114.60105333749668	0.0	0.0	0.0	0.0	0.0	0.0	0.0	0.0	0.0	0.0	0.0	0.0	0.0	0.0	0.0	0.0	0.0	0.0	0.0	0.0	0.0	0.0	0.0	0.0	0.0
GSM4138110_HNSCC_1_PBMC_GGAATAAAGAACAATC	41.182086777870026	62.87283807279635	0.0	43.32973851046138	0.0	0.0	0.0	12.61037103075049	0.0	0.0	0.0	0.0	0.0	0.0	0.0	0.0	0.0	0.0	0.0	0.0	0.0	0.0	37.7564670101496	0.0	64.32536347514987	0.0	0.0	0.0	0.0	36.915109666354326	0.0	0.0	0.0	0.0	0.0
GSM4138110_HNSCC_1_PBMC_GGACATTCACGGTTTA	95.24437958322243	81.0472051332492	0.0	0.0	37.08583428197017	46.2047377852863	0.0	23.331185132379805	0.0	0.0	82.17926067238488	0.0	0.0	0.0	0.0	0.0	10.105752349427158	0.0	0.0	0.0	0.0	0.0	0.0	0.0	0.0	0.0	0.0	0.0	0.0	0.0	0.0	0.0	0.0	0.0	0.0
GSM4138110_HNSCC_1_PBMC_GGCTCGATCCGCGTTT	49.63197095601836	54.90301999960177	0.0	51.24237055062317	0.0	0.0	0.0	2.748210951419608	48.337392661711874	0.0	0.0	0.0	0.0	0.0	47.17181730271968	0.0	0.0	62.56117533887523	0.0	0.0	0.0	0.0	0.0	0.0	0.0	0.0	0.0	0.0	0.0	0.0	0.0	0.0	0.0	0.0	0.0
GSM4138110_HNSCC_1_PBMC_GGGACCTAGCCAGGAT	103.29237390306062	62.72556455825492	0.0	50.89192708168938	0.0	0.0	0.0	8.51155198848494	5.482173469390884	0.0	0.0	0.0	55.304464509826325	0.0	0.0	0.0	17.550449952246026	0.0	0.0	0.4770613241680145	0.0	0.0	0.0	0.0	0.0	0.0	0.0	0.0	0.0	0.0	43.48214907747984	0.0	0.0	0.0	0.0
GSM4138110_HNSCC_1_PBMC_GGGACCTCAGTCACTA	82.4701724074611	128.74480167156108	0.0	0.0	130.66555258100271	96.09235907380885	0.0	35.93985823439137	0.0	0.0	0.0	0.0	0.0	24.47735862378832	0.0	0.0	0.0	0.0	0.0	0.0	0.0	0.0	0.0	0.0	0.0	0.0	0.0	0.0	0.0	151.45970787407944	0.0	0.0	0.0	0.0	0.0
GSM4138110_HNSCC_1_PBMC_GGGAGATGTGTGCGTC	31.14384824074402	112.52192387542546	0.0	33.841066799613	0.0	35.38275625191685	0.0	0.0	16.548054788567427	0.0	0.0	0.0	0.0	0.0	0.0	0.0	0.0	0.0	0.0	0.0	0.0	0.0	34.492604146671994	0.0	0.0	0.0	0.0	0.0	0.0	49.20302713417103	0.0	0.0	0.0	0.0	0.0
GSM4138110_HNSCC_1_PBMC_GGGAGATTCACGATGT	77.58218013417044	61.477967750211484	35.25860858585464	0.0	0.0	34.34841105178152	0.0	17.428497556670912	0.0	0.0	0.0	0.0	0.0	0.0	0.0	0.0	3.6658547074339216	0.0	0.0	0.0	0.0	0.0	0.0	0.0	0.0	0.0	0.0	0.0	0.0	30.255991756004708	0.0	0.0	0.0	0.0	0.0
GSM4138110_HNSCC_1_PBMC_GGGTTGCGTCCGAAGA	125.46520479190963	127.15842003646736	51.103363530514905	0.0	0.0	12.299597579874124	0.0	0.0	54.12074197475277	0.0	61.62791406693631	0.0	0.0	0.0	0.0	69.83832328940744	0.0	0.0	0.0	0.0	0.0	0.0	0.0	0.0	0.0	0.0	0.0	0.0	0.0	0.0	0.0	0.0	0.0	0.0	0.0
GSM4138110_HNSCC_1_PBMC_GGTGAAGTCGCTTGTC	105.27346942753418	85.05749740502465	52.71006838716825	0.0	0.0	0.0	0.0	24.33245275543473	0.0	77.15983437950891	0.0	0.0	0.0	53.04026448016882	0.0	0.0	0.0	0.0	0.0	0.0	0.0	0.0	0.0	0.0	0.0	0.0	0.0	0.0	0.0	0.0	0.0	0.0	0.0	0.0	0.0
GSM4138110_HNSCC_1_PBMC_GGTGTTACAAACGCGA	138.93716676435912	65.01196411501343	65.23878639213204	0.0	0.0	0.0	0.0	0.0	60.596404899612956	55.13575114314736	0.0	0.0	0.0	0.0	0.0	0.0	0.0	0.0	11.541129121156587	59.59758255527593	0.0	0.0	0.0	0.0	0.0	0.0	0.0	0.0	0.0	0.0	0.0	0.0	0.0	0.0	0.0
GSM4138110_HNSCC_1_PBMC_GTAACTGTCTTCGAGA	94.29397767397721	67.37521701336043	0.0	67.74051092248729	0.0	75.58053119277282	0.0	1.085951453612051	31.83388973106099	0.0	19.635526218172068	0.0	0.0	0.0	0.0	0.0	0.0	0.0	0.0	0.0	2.1772811447002782	0.0	51.824944422454756	0.0	0.0	0.0	0.0	0.0	0.0	0.0	0.0	0.0	0.0	0.0	0.0
GSM4138110_HNSCC_1_PBMC_GTAGGCCAGGTGTGGT	88.80359778078966	85.98369086944868	0.0	0.0	65.92819464030998	36.986917429374145	0.0	29.96807152219317	0.0	0.0	0.0	0.0	0.0	5.229796775642074	46.20040163432732	0.0	0.0	0.0	0.0	0.0	0.0	0.0	0.0	0.0	0.0	0.0	0.0	0.0	0.0	0.0	0.0	0.0	0.0	0.0	0.0
GSM4138110_HNSCC_1_PBMC_GTAGTCACAGATCCAT	71.00243594972764	60.51937642981702	29.412413848900247	40.29437792580576	0.0	46.107616441937786	12.492587187210635	15.56054669997884	0.0	0.0	0.0	0.0	0.0	0.0	0.0	0.0	0.0	0.0	2.3266260926146707	0.0	0.0	0.0	0.0	0.0	0.0	0.0	0.0	0.0	0.0	0.0	0.0	73.05789622146465	0.0	0.0	0.0
GSM4138110_HNSCC_1_PBMC_GTAGTCAGTGGGTCAA	43.64845418060563	89.33724119782445	0.0	0.0	29.359577387275273	0.0	0.0	0.0	21.276684011552277	0.0	0.0	0.0	0.0	40.39208562187569	0.0	0.0	50.144132683024154	7.546152250088844	0.0	0.0	0.0	0.0	0.0	0.0	0.0	0.0	0.0	0.0	0.0	0.0	0.0	0.0	0.0	0.0	0.0
GSM4138110_HNSCC_1_PBMC_GTATTCTAGGGTTTCT	115.74641070200049	64.13589664971144	0.0	0.0	121.10901465810163	0.0	52.415491520241126	0.0	28.51806532331592	0.0	0.0	0.0	0.0	0.0	0.0	0.0	0.7249353393058842	0.0	57.30272341149481	0.0	0.0	0.0	0.0	0.0	0.0	0.0	0.0	0.0	0.0	0.0	0.0	0.0	0.0	0.0	0.0
GSM4138110_HNSCC_1_PBMC_GTATTCTTCCAAACTG	100.18125753032686	123.88233267345035	0.0	0.0	60.06423839249007	0.0	0.0	22.781689311639244	0.0	51.23946013378679	0.0	0.0	0.0	0.0	0.0	0.0	34.51656383943123	0.0	0.0	0.0	0.0	0.0	0.0	0.0	88.09878479008074	0.0	0.0	0.0	0.0	0.0	0.0	0.0	0.0	0.0	0.0
GSM4138110_HNSCC_1_PBMC_GTCGTAACAGGAACGT	30.75973980338808	53.36336659697742	0.0	93.69443313212922	0.0	28.12235266013093	0.0	27.918247658061855	0.0	0.0	0.0	0.0	0.0	0.0	0.0	12.507025996505911	0.0	0.0	0.0	0.0	0.0	0.0	0.0	51.54208535324882	0.0	0.0	0.0	0.0	0.0	0.0	0.0	0.0	0.0	0.0	0.0
GSM4138110_HNSCC_1_PBMC_GTCGTAAGTATGAAAC	36.92566365744478	77.07057114054437	25.014914510908834	0.0	0.0	3.530111472426766	0.0	0.0	18.979675669793536	0.0	0.0	0.0	72.50020434764264	0.0	0.0	38.439099417563796	0.0	0.0	0.0	0.0	0.0	0.0	0.0	0.0	0.0	0.0	0.0	0.0	0.0	0.0	0.0	0.0	0.0	0.0	0.0
GSM4138110_HNSCC_1_PBMC_GTCTCGTGTACGCACC	53.97037456165274	61.97545269350318	0.0	87.27315565658542	0.0	0.0	0.0	15.142622940421168	0.0	0.0	0.0	0.0	0.0	0.0	0.0	0.0	0.0	0.0	0.0	0.0	33.23295223788145	39.06543441439143	0.0	0.0	0.0	0.0	0.0	0.0	0.0	0.0	0.0	0.0	0.0	0.0	0.0
GSM4138110_HNSCC_1_PBMC_GTGGGTCAGAATGTGT	53.599164804632714	48.75202077191014	34.85082299514934	0.0	0.0	0.0	0.0	21.48838768352367	0.0	0.0	39.11747083303875	0.0	0.0	0.0	0.0	0.0	0.0	0.0	40.743272342295235	0.0	43.2271883721746	0.0	0.0	0.0	0.0	0.0	0.0	0.0	0.0	0.0	0.0	0.0	0.0	0.0	0.0
GSM4138110_HNSCC_1_PBMC_GTTCATTGTAGCTGCC	84.75964242094882	58.835052941506	23.165312776079613	0.0	53.02057169104076	0.0	105.41791283953377	5.273937491025589	23.315040816630813	0.0	0.0	0.0	0.0	0.0	0.0	0.0	0.0	0.0	0.0	0.0	0.0	0.0	0.0	18.15612148499941	98.4498167657031	0.0	0.0	0.0	0.0	0.0	0.0	0.0	0.0	0.0	0.0
GSM4138110_HNSCC_1_PBMC_GTTCATTTCCGCGGTA	95.3938755322413	74.85485944295156	61.61347396940399	0.0	0.0	22.794774188171214	0.0	34.65200976253624	0.0	0.0	0.0	0.0	0.0	0.0	0.0	34.99671240018803	93.06155345012421	0.0	0.0	0.0	0.0	0.0	0.0	0.0	0.0	0.0	0.0	0.0	0.0	0.0	0.0	0.0	0.0	0.0	0.0
GSM4138110_HNSCC_1_PBMC_GTTCTCGCACTATCTT	90.26694857777211	69.13718173655502	0.0	0.0	42.080528740401256	0.0	0.0	16.302482850121372	0.0	0.0	0.0	0.0	0.0	0.0	0.0	45.0002224346095	49.71315991842224	0.0	0.0	13.890843450205274	9.797994199492758	0.0	0.0	0.0	0.0	0.0	0.0	0.0	0.0	0.0	0.0	0.0	0.0	0.0	0.0
GSM4138110_HNSCC_1_PBMC_GTTCTCGTCAGAGACG	74.02423322858108	42.023543277219986	94.6468167366615	0.0	0.0	55.29592435960756	14.751028588605996	0.0	18.476557494029883	0.0	42.75486448084939	0.0	0.0	0.0	0.0	0.0	0.0	0.0	0.0	0.0	0.0	0.0	0.0	0.0	0.0	0.0	0.0	0.0	0.0	0.0	0.0	0.0	0.0	0.0	0.0
GSM4138110_HNSCC_1_PBMC_TAAGCGTAGGTGCTTT	184.95776002036746	129.33390730988316	0.0	0.0	0.0	0.0	125.0554698445103	0.0	34.912461047062976	0.0	0.0	160.8438415513794	0.0	0.0	0.0	90.04907821993585	0.0	0.0	0.0	0.0	0.0	0.0	5.375898866334685	0.0	0.0	0.0	0.0	0.0	0.0	0.0	0.0	0.0	0.0	0.0	0.0
GSM4138110_HNSCC_1_PBMC_TACAGTGGTCATCGGC	102.11631712536868	107.8211741009118	0.0	0.0	97.74030284697334	0.0	0.0	11.43634766753603	39.860395382608374	0.0	0.0	0.0	0.0	0.0	127.98748724604191	0.0	0.0	0.0	3.4157542482878056	51.09203669026159	3.842878107234183	0.0	0.0	0.0	0.0	0.0	0.0	0.0	0.0	0.0	0.0	0.0	0.0	0.0	0.0
GSM4138110_HNSCC_1_PBMC_TACCTTATCACGATGT	92.79574775329212	101.02154810921631	0.0	0.0	66.83438449420105	0.0	0.0	32.522395380240745	12.033444837902023	0.0	0.0	27.508479810362168	37.33393738590133	66.88624662223995	1.4599617157984273	0.0	0.0	0.0	0.0	0.0	0.0	47.02277468530107	0.0	0.0	0.0	0.0	0.0	0.0	0.0	0.0	0.0	0.0	0.0	0.0	0.0
GSM4138110_HNSCC_1_PBMC_TACGGATTCTAACTTC	72.69297953288672	63.7624528200108	63.02169336153913	0.0	0.0	0.0	28.836213040467484	18.958028466529996	0.0	0.0	31.412238724263187	0.0	0.0	0.0	0.04256828177844508	35.75507556522351	0.0	0.0	0.0	0.0	0.0	0.0	0.0	0.0	0.0	0.0	0.0	0.0	0.0	0.0	0.0	0.0	0.0	0.0	0.0
GSM4138110_HNSCC_1_PBMC_TACTTGTAGTCATCCA	107.09998791608993	117.44791281028783	0.0	0.0	91.06031974119657	0.0	78.76232988410257	27.456551856900326	0.0	0.0	0.0	0.0	0.0	0.0	0.0	0.0	0.0	37.69419910192818	0.0	0.0	0.0	0.0	0.0	0.0	0.0	0.0	0.0	0.0	0.0	0.0	0.0	0.0	0.0	0.0	0.0
GSM4138110_HNSCC_1_PBMC_TACTTGTTCAGAGCTT	60.44344282037519	106.89280643940901	0.0	35.535924791268364	0.0	0.0	0.0	0.0	22.154743517646317	0.0	0.0	0.0	0.0	133.75946430570698	104.3462532700016	0.0	0.0	0.0	0.0	0.0	0.0	0.0	0.0	0.0	0.0	0.0	0.0	0.0	0.0	0.0	0.0	0.0	0.0	0.0	0.0
GSM4138110_HNSCC_1_PBMC_TAGACCAGTCCGAGTC	136.32945800728714	72.64624852760731	83.59966817298339	0.0	0.0	1.736647286281868	0.0	0.0	20.243960827834552	86.24316999246508	0.0	0.0	0.0	0.0	0.0	0.0	0.0	0.0	0.0	0.0	0.0	0.0	0.0	0.0	0.0	0.0	0.0	0.0	0.0	0.0	48.413923457628435	0.0	0.0	0.0	0.0
GSM4138110_HNSCC_1_PBMC_TAGAGCTGTTCCCTTG	79.10414469785317	93.55914702153648	44.10431565554307	0.0	0.0	15.425933085458773	0.0	77.3946278562371	0.0	0.0	0.0	0.0	0.0	0.0	0.0	0.0	0.0	0.0	0.0	0.0	39.888745071061685	0.0	0.0	0.0	0.0	14.976078270676997	43.535895042554635	0.0	0.0	0.0	0.0	0.0	0.0	0.0	0.0
GSM4138110_HNSCC_1_PBMC_TATCTCACACGGCGTT	83.38706210251048	61.34105730235053	0.0	40.25028748169002	0.0	0.0	0.0	0.0	30.5125229425156	0.0	0.0	0.0	78.80643728858566	0.0	0.0	0.0	5.561726610011594	0.0	0.0	0.0	90.90507178202579	0.0	0.0	0.0	0.0	0.0	0.0	0.0	0.0	0.0	0.0	0.0	0.0	0.0	0.0
GSM4138110_HNSCC_1_PBMC_TATCTCATCAACGGGA	163.90158415500122	103.2332089423717	51.42352134755191	0.0	0.0	0.0	0.0	0.0	25.643487542849307	0.0	0.0	0.0	0.0	54.814327090104115	0.0	0.0	0.0	0.0	0.0	0.0	0.0	103.54248127218274	0.0	0.0	0.0	0.0	10.00285037013064	0.0	0.0	0.0	0.0	0.0	0.0	0.0	0.0
GSM4138110_HNSCC_1_PBMC_TCACGAATCTGTCCGT	83.8771343905755	64.94010539173333	0.0	67.63381945135077	0.0	0.0	19.549701708896407	40.94625800112223	0.0	0.0	85.02034532361786	0.0	0.0	0.0	0.0	0.0	0.0	0.0	0.0	0.0	0.0	0.0	0.0	0.0	0.0	0.0	0.0	0.0	49.731887581149294	0.0	0.0	0.0	0.0	0.0	0.0
GSM4138110_HNSCC_1_PBMC_TCAGATGTCCGCGTTT	35.71877538187576	107.7864078389032	0.0	0.0	65.49969250912163	0.0	0.0	28.949970616963228	0.0	0.0	62.28891586923325	0.0	0.0	0.0	0.0	0.0	0.0	0.0	42.98625260732206	0.0	0.0	0.0	0.0	0.0	0.0	0.0	0.0	0.0	0.0	0.0	0.0	0.0	0.0	0.0	0.0
GSM4138110_HNSCC_1_PBMC_TCAGCAAAGGCGCTCT	99.14389410334935	49.718846813236674	0.0	21.130110300288834	0.0	4.532512610100778	0.0	0.0	12.600819318358688	0.0	0.0	0.0	0.0	0.0	62.4595281636536	20.310158396739595	0.0	0.0	0.0	0.0	0.0	0.0	0.0	0.0	0.0	12.712377437010389	0.0	0.0	0.0	0.0	0.0	0.0	0.0	0.0	0.0
GSM4138110_HNSCC_1_PBMC_TCATTACAGCGCTCCA	92.83385660786253	92.0249856912032	0.0	0.0	40.21791589968447	60.71866964748369	93.73032863313679	16.30649113887949	0.0	0.0	0.0	0.0	0.0	0.0	0.0	0.0	0.0	0.0	0.0	0.0	0.0	0.0	0.0	0.0	0.0	0.0	0.0	0.0	0.0	0.0	0.0	0.0	0.0	0.0	0.0
GSM4138110_HNSCC_1_PBMC_TCCCGATAGTGGAGAA	52.39640164721058	36.26153161660113	0.0	0.0	0.0	0.0	10.595854443890678	0.0	22.51754880919763	0.0	0.0	24.289558468857475	0.0	0.0	0.0	0.0	0.0	0.0	0.0	8.076805531750718	0.0	0.0	0.0	54.50684280631183	0.0	0.0	0.0	0.0	0.0	0.0	13.887987589585732	0.0	0.0	0.0	0.0
GSM4138110_HNSCC_1_PBMC_TCGCGAGGTAGCACGA	114.71186929642316	96.94241081613687	0.0	0.0	106.93465411881226	70.67711624850125	0.0	0.0	33.4421334060817	0.0	0.0	0.0	0.0	0.0	111.78597584850515	0.0	0.0	0.0	0.0	0.0	0.0	0.0	0.0	0.0	0.0	0.0	0.0	0.0	0.0	0.0	0.0	0.0	0.0	0.0	0.0
GSM4138110_HNSCC_1_PBMC_TCGGGACTCAACGAAA	47.374816347714344	105.18897999017153	0.0	73.74289389265418	0.0	19.53900124659531	0.0	0.0	17.745440508817754	0.0	0.0	0.0	0.0	0.0	78.32940814287905	0.0	0.0	0.0	0.0	0.0	0.0	0.0	0.0	0.0	0.0	0.0	0.0	0.0	0.0	0.0	0.0	0.0	0.0	0.0	0.0
GSM4138110_HNSCC_1_PBMC_TCGGGACTCGAGAGCA	135.16933007196235	88.52664001760468	0.0	71.2509561074847	0.0	0.0	15.715624923808852	18.600866875484602	0.0	0.0	0.0	0.0	0.0	145.0983480495419	99.3457704595992	0.0	0.0	0.0	0.0	0.0	0.0	0.0	0.0	0.0	0.0	0.0	0.0	0.0	0.0	0.0	0.0	0.0	0.0	0.0	0.0
GSM4138110_HNSCC_1_PBMC_TCGGTAATCACTCTTA	45.98432635043147	49.18724828855295	42.18015706859878	6.671198395946613	0.0	23.67543948992425	0.0	6.240280962888815	14.76163145105622	0.0	0.0	0.0	0.0	0.0	0.0	0.0	80.26901700480981	0.0	0.0	8.817735837144326	0.0	26.658445728049116	0.0	0.0	0.0	0.0	0.0	0.0	0.0	0.0	16.278392185449352	0.0	0.0	0.0	0.0
GSM4138110_HNSCC_1_PBMC_TCGTACCTCCGCAAGC	101.37654944555429	148.93784312448642	0.0	0.0	23.642676177176224	0.0	0.0	0.0	28.349795783029364	0.0	0.0	85.81248202298545	111.00613287266094	0.0	0.0	0.0	40.288451047493595	0.0	199.54116549632036	0.0	0.0	0.0	0.0	0.0	0.0	0.0	0.0	0.0	0.0	0.0	0.0	0.0	0.0	0.0	0.0
GSM4138110_HNSCC_1_PBMC_TCGTACCTCTGCCCTA	253.90968942084316	140.5732622889571	0.0	157.74406367787427	0.0	47.98130442976169	1.2770653730454395	64.57345055361006	0.0	0.0	0.0	0.0	0.0	0.0	0.0	0.0	0.0	0.0	0.0	0.0	0.0	0.0	0.0	0.0	9.588894871110389	0.0	0.0	0.0	0.0	0.0	0.0	151.35974254643494	0.0	0.0	0.0
GSM4138110_HNSCC_1_PBMC_TCTATTGGTCTAAAGA	39.251792016851624	86.09355772762268	68.99884295017061	0.0	0.0	0.7846548646244824	0.0	48.56706611627669	16.34106945398384	0.0	67.12257429133027	0.0	0.0	0.0	15.364346264403954	0.0	0.0	0.0	0.0	11.307424184949868	0.0	0.0	0.0	0.0	0.0	0.0	0.0	0.0	0.0	0.0	23.911041644951922	0.0	0.0	0.0	0.0
GSM4138110_HNSCC_1_PBMC_TCTATTGGTTGGTTTG	97.56544468619025	82.02671684300279	0.0	0.0	63.243938169007755	0.0	72.05999307432175	0.0	21.795031839487095	0.0	0.0	0.0	0.0	0.0	0.0	0.0	0.0	0.0	0.0	44.25151480113013	0.0	0.0	0.0	0.0	0.0	0.0	0.0	0.0	0.0	0.0	0.0	0.0	0.0	0.0	0.0
GSM4138110_HNSCC_1_PBMC_TCTATTGTCTGCAGTA	70.23950029699789	50.16171980979621	0.0	0.0	35.36291584780114	0.0	0.0	0.0	12.297569841731436	0.0	0.0	0.0	0.0	0.0	0.0	0.0	0.0	0.0	0.0	0.0	0.0	0.0	0.0	0.0	56.40317225429398	0.0	0.0	0.0	0.0	0.0	0.0	0.0	0.0	33.05523697674228	2.615276403037226
GSM4138110_HNSCC_1_PBMC_TCTGAGACAGATAATG	88.72455326491175	127.76606862154853	59.13165833535127	0.0	0.0	0.0	0.0	0.0	25.833660475059343	0.2703122191956199	0.0	29.02121114015052	0.0	0.0	0.0	0.0	0.0	44.20477913360059	15.51398962210676	30.289150086739305	0.0	0.0	0.0	0.0	0.0	35.43740582139978	0.0	0.0	0.0	65.67002409530407	0.0	0.0	0.0	0.0	0.0
GSM4138110_HNSCC_1_PBMC_TCTGAGAGTAAGAGAG	63.804093308691506	90.05793156891487	0.0	0.0	66.30375504042375	0.0	0.0	0.0	12.371234709960982	0.0	0.0	0.0	0.0	55.396013866492446	0.0	0.0	0.0	0.0	0.0	0.0	0.0	0.0	29.508060768482245	0.0	0.0	0.0	0.0	38.7069858225947	0.0	0.0	0.0	0.0	0.0	0.0	0.0
GSM4138110_HNSCC_1_PBMC_TCTGAGATCCTTTCTC	73.91407563753738	148.86675623439126	0.0	0.0	54.77650762331513	0.0	0.0	19.00355597351481	0.0	0.0	17.45696166262243	0.0	0.0	42.588561345858885	80.04558680083701	0.0	0.0	0.0	0.0	0.0	0.0	0.0	0.0	0.0	0.0	0.0	0.0	0.0	0.0	0.0	0.0	0.0	0.0	0.0	0.0
GSM4138110_HNSCC_1_PBMC_TCTGGAATCTCAAACG	58.46587703281199	84.00423194604217	0.0	0.0	45.86784574911923	0.0	0.0	0.0	27.317997893578088	0.0	0.0	0.0	111.3772848641018	0.0	0.0	0.0	0.0	42.66056782884087	0.0	0.0	0.0	0.0	0.0	0.0	0.0	0.0	0.0	0.0	0.0	0.0	0.0	0.0	0.0	0.0	0.0
GSM4138110_HNSCC_1_PBMC_TCTTTCCAGTGGGCTA	125.5212317214982	80.92156886634108	0.0	57.20574505163038	0.0	0.0	0.0	0.0	28.696542918497347	0.0	0.0	0.0	0.0	37.87574799523417	0.0	0.0	0.0	0.0	0.0	0.0	0.0	97.2105501239271	0.0	0.0	0.0	0.0	0.0	0.0	0.0	0.0	0.0	0.0	0.0	0.0	0.0
GSM4138110_HNSCC_1_PBMC_TGAAAGACACTTCGAA	91.18156853637441	18.32930194310942	0.0	0.0	9.959799009316702	0.0	66.48126609931047	16.718991659400874	0.0	0.0	0.0	0.0	0.0	0.0	0.0	56.05643023897108	0.0	0.0	0.0	0.0	0.0	0.0	0.0	0.0	0.0	0.0	0.0	0.0	0.0	0.0	0.0	0.0	0.0	0.0	0.0
GSM4138110_HNSCC_1_PBMC_TGACAACGTTAAGGGC	143.63016791123442	111.68406403779557	0.0	80.61729463056265	0.0	40.73325336607338	0.0	0.0	47.10836733355742	104.32854628192722	0.0	4.632708072226648	1.5506697918595167	0.0	0.0	23.102904777724365	0.0	0.0	0.0	0.0	0.0	0.0	0.0	0.0	0.0	0.0	0.0	0.0	0.0	0.0	0.0	0.0	0.0	0.0	0.0
GSM4138110_HNSCC_1_PBMC_TGACGGCAGCGCCTTG	85.8109808094496	66.6167311892441	0.0	74.78411093347502	0.0	0.0	153.4102131998373	45.45540076426898	0.0	0.0	0.0	0.0	0.0	0.0	0.0	0.0	0.0	0.0	0.0	0.0	0.0	0.0	0.0	0.0	38.76384679153352	0.0	0.0	0.0	0.0	0.0	0.0	0.0	0.0	0.0	0.0
GSM4138110_HNSCC_1_PBMC_TGACGGCGTTACGACT	60.19928711924819	63.7430231307053	60.576764213777864	0.0	0.0	50.76815912426869	71.49094005184206	4.3329524822514935	16.180732102618627	0.0	0.0	0.0	0.0	0.0	0.0	0.0	0.0	0.0	0.0	0.0	0.0	0.0	0.0	0.0	0.0	0.0	0.0	0.0	0.0	0.0	0.0	0.0	0.0	0.0	0.0
GSM4138110_HNSCC_1_PBMC_TGACGGCTCGGTTCGG	70.03069449461428	86.54242046014285	58.40426349612259	31.08959478652336	0.0	0.0	0.0	27.810796636198145	0.0	0.0	0.0	0.0	48.45023444060881	0.0	0.0	65.56243361246561	0.0	0.0	0.0	0.0	3.3750187581255955	0.0	0.0	0.0	0.0	0.0	0.0	0.0	0.0	19.741281347390895	0.0	0.0	0.0	0.0	0.0
GSM4138110_HNSCC_1_PBMC_TGACTAGAGAACTGTA	31.16301028737073	97.23234096931903	0.0	0.0	0.0	0.0	0.0	9.675772664433275	0.0	0.0	0.0	0.0	0.0	0.0	69.67077793292974	0.0	0.0	0.0	21.40376015461103	0.0	20.115931173788706	0.0	0.0	0.0	0.0	0.0	0.0	0.0	0.0	0.0	0.0	0.0	0.0	0.0	0.0
GSM4138110_HNSCC_1_PBMC_TGAGCATGTATTCTCT	150.73404152591957	249.49538819425388	32.7054134589305	2.588830848913753	75.17377133071007	87.35543823024894	172.2115047549639	75.67782425289971	0.0	0.0	0.0	32.85459228984378	0.0	0.0	0.0	0.0	0.0	0.0	0.0	0.0	0.0	0.0	0.0	0.0	0.0	0.0	0.0	0.0	0.0	0.0	0.0	0.0	0.0	0.0	0.0
GSM4138110_HNSCC_1_PBMC_TGCACCTTCCAGGGCT	114.37260827591061	103.5724775016698	0.0	0.0	160.34168403143696	0.0	0.0	0.0	29.459722872386994	0.0	0.0	0.0	0.0	10.671374751600684	0.0	0.0	0.0	48.65336885068483	0.0	0.0	0.0	116.5216518746989	0.0	0.0	0.0	0.0	0.0	0.0	0.0	0.0	0.0	0.0	0.0	0.0	0.0
GSM4138110_HNSCC_1_PBMC_TGCCAAATCGCGGATC	76.46429281425888	99.91272937937848	1.318209253933367	0.0	0.0	25.174334614056164	0.0	55.41716088602646	0.0	89.32205992054674	0.0	84.61477137795872	0.0	0.0	0.0	0.0	0.0	0.0	0.0	0.0	0.0	0.0	0.0	0.0	0.0	0.0	0.0	0.0	0.0	0.0	0.0	0.0	0.0	0.0	0.0
GSM4138110_HNSCC_1_PBMC_TGCCAAATCTTCCTTC	72.9950427742102	53.09037330051707	0.0	19.971663653101782	60.4398518599988	0.0	0.0	0.0	15.037842371177064	21.747400186911655	0.0	0.0	0.0	0.0	6.761343542125404	7.35942677178136	0.0	0.0	1.0182382296515147	0.0	38.526818412193826	0.0	13.40902496206313	0.0	0.0	8.962635186478712	0.0	0.0	0.0	0.0	0.0	0.0	0.0	0.0	0.0
GSM4138110_HNSCC_1_PBMC_TGCCCATGTGGTCCGT	47.23327871171307	32.259935497439876	0.0	0.0	54.85142680576652	64.99575558118694	25.608157709039492	12.767322185384378	0.0	0.0	0.0	0.0	0.0	0.0	0.0	0.0	41.753968047053114	0.0	0.0	0.0	0.0	0.0	0.0	0.0	0.0	0.0	0.0	0.0	0.0	0.0	0.0	0.0	0.0	0.0	0.0
GSM4138110_HNSCC_1_PBMC_TGCCCTACAAAGCAAT	102.46148041985599	74.16616395991048	18.77881144032441	33.63461275155031	0.0	0.0	3.1964158925055424	0.0	33.35970435294576	88.81150684316626	0.0	0.0	0.0	0.0	0.0	30.073376595690938	0.0	0.0	45.16895598779812	0.0	0.0	0.0	0.0	0.0	0.0	0.0	0.0	0.0	0.0	0.0	0.0	0.0	0.0	0.0	0.0
GSM4138110_HNSCC_1_PBMC_TGCCCTAGTGTCGCTG	98.56730578685026	4.359363483051646	0.0	0.0	51.96785539461984	0.0	140.39515214981765	0.0	17.59301491145566	0.0	0.0	0.0	0.0	0.0	0.0	0.0	0.0	0.0	0.0	0.0	0.0	0.0	0.0	0.0	0.0	0.0	0.0	0.0	24.49101870997473	0.0	0.0	0.0	0.0	0.0	0.0
GSM4138110_HNSCC_1_PBMC_TGCGCAGAGGGCATGT	178.02047763323637	157.46945306853672	0.0	92.41378100779103	0.0	0.0	0.0	70.12658977334574	0.0	0.0	0.0	0.0	0.0	0.0	130.36033553366883	0.0	0.0	0.0	0.0	0.0	0.0	0.0	0.0	0.0	145.49382221279106	0.0	0.0	0.0	0.0	0.0	0.0	0.0	0.0	0.0	0.0
GSM4138110_HNSCC_1_PBMC_TGCTACCCACTACAGT	80.82408729284404	94.72908299181246	0.0	71.52512411322289	0.0	72.17609307016103	0.0	0.0	54.954722400930486	0.0	0.0	3.208184071882677	0.0	0.0	77.44703282560174	0.0	0.0	0.0	0.0	0.0	0.0	4.414413782762382	0.0	0.0	0.0	0.0	0.0	7.308543699105087	0.0	0.0	0.0	0.0	0.0	0.0	0.0
GSM4138110_HNSCC_1_PBMC_TGCTACCCATTACGAC	30.89279181252048	47.81609691874308	0.0	0.0	47.12393982696069	0.0	0.0	18.402790428742986	6.501186551273233	0.0	0.0	0.0	63.7744520939027	0.0	0.0	13.63692327503515	0.0	0.0	30.166918455251984	0.0	0.0	0.0	0.0	0.0	0.0	0.0	0.0	0.0	0.0	0.0	0.0	0.0	0.0	0.0	0.0
GSM4138110_HNSCC_1_PBMC_TGCTACCTCAACCAAC	64.42846366931505	48.06029462571461	42.652201121256866	0.0	0.0	0.0	0.0	19.744563630580537	0.0	0.0	0.0	0.0	0.0	0.0	0.0	0.0	0.0	69.64205719157985	0.0	0.0	0.0	0.0	0.0	0.0	0.0	51.74927331196697	0.0	0.0	0.0	0.0	0.0	0.0	0.0	0.0	0.0
GSM4138110_HNSCC_1_PBMC_TGGACGCGTCATACTG	80.58713165673069	72.10593577181982	77.4909720066001	0.0	0.0	0.0	0.0	22.971513639617903	0.0	0.0	0.0	0.0	0.0	0.0	0.0	0.0	0.0	0.0	0.0	0.0	0.0	0.36398481892582757	103.02517983058522	0.0	0.0	0.0	0.0	0.0	91.2004117118219	0.0	0.0	0.0	0.0	0.0	0.0
GSM4138110_HNSCC_1_PBMC_TGGCCAGTCCTTAATC	82.09782971743455	68.19851423958744	0.0	0.0	127.77599623635801	0.0	0.0	0.0	109.2192730124701	0.0	0.0	0.0	0.0	0.0	0.0	0.0	0.0	44.59259719024428	0.0	0.0	0.0	0.0	0.0	0.0	0.0	66.14919287473191	0.0	0.0	0.0	0.0	0.0	0.0	0.0	0.0	0.0
GSM4138110_HNSCC_1_PBMC_TGGCTGGCAGTCGATT	157.37583356151086	165.48034903246324	141.99781503254792	0.0	0.0	70.27455271141476	117.25975116100119	49.448894815246746	0.0	0.0	0.0	0.0	0.0	0.0	0.0	0.0	0.0	0.0	0.0	0.0	0.0	0.0	0.0	0.0	0.0	0.0	0.0	0.0	0.0	0.0	0.0	0.0	0.0	0.0	0.0
GSM4138110_HNSCC_1_PBMC_TGGGAAGCAATGGAGC	52.29618887798338	37.94829381153011	0.0	0.0	0.0	0.0	0.0	15.78274528519571	0.0	0.0	0.0	48.28806403927787	0.0	0.0	52.9591329576338	0.0	0.0	37.610937430018375	0.0	0.0	0.0	0.0	0.0	0.0	0.0	0.0	0.0	0.0	0.0	0.0	0.0	0.0	0.0	0.0	0.0
GSM4138110_HNSCC_1_PBMC_TGGGCGTAGGGAGTAA	44.14847658944389	79.70409506937737	53.5411564924503	0.0	0.0	31.871758049820677	0.0	16.73461881097976	13.81790799241778	0.0	0.0	0.0	0.0	0.0	37.06870079416479	0.0	0.0	0.0	0.0	0.0	0.0	0.0	0.0	0.0	0.0	30.55222896742112	0.0	0.0	0.0	0.0	0.0	0.0	0.0	0.0	0.0
GSM4138110_HNSCC_1_PBMC_TGGGCGTGTTCGCGAC	68.5204189049569	92.65550838214422	0.0	0.0	0.0	0.0	0.0	22.87844390702889	0.0	44.68811443314247	0.0	50.415871659669726	0.0	0.0	0.0	18.842106578329883	0.0	0.0	0.0	0.0	12.892209045052608	0.0	0.0	0.0	0.0	0.0	0.0	0.0	0.0	0.0	0.0	0.0	0.0	0.0	0.0
GSM4138110_HNSCC_1_PBMC_TGGGCGTTCAACTCTT	38.79867654385675	55.39330126383216	0.0	0.0	0.0	93.52143371796659	0.0	19.00200117241166	0.0	0.0	0.0	24.376020690718207	0.0	0.0	0.0	0.0	0.0	0.0	0.0	0.0	0.0	0.0	0.0	89.6333808480777	0.0	0.0	0.0	0.0	0.0	0.0	0.0	0.0	0.0	0.0	0.0
GSM4138110_HNSCC_1_PBMC_TGGTTAGGTAGAAAGG	29.07276612295992	119.17412068830924	65.61626120657466	0.0	0.0	0.0	0.0	11.042993272886235	0.0	0.0	0.0	0.0	0.0	0.0	0.0	36.69302541304439	45.712228105838975	0.0	0.0	0.0	0.0	0.0	0.0	0.0	0.0	0.0	0.0	0.0	0.0	0.0	0.0	0.0	0.0	0.0	0.0
GSM4138110_HNSCC_1_PBMC_TGGTTAGTCGTCCGTT	109.1536049733655	124.3542134831649	0.0	0.0	71.78704323115028	0.0	0.0	0.0	54.72364132358752	0.0	0.0	0.0	0.0	0.0	0.0	0.0	0.0	0.0	53.5792644438187	0.0	0.0	0.0	0.0	92.88117765705238	0.0	0.0	0.0	0.0	0.0	0.0	0.0	0.0	0.0	0.0	0.0
GSM4138110_HNSCC_1_PBMC_TTAACTCGTGTTCTTT	50.40596060735099	32.13407522618224	1.9080193099351774	0.0	16.45291746373297	69.8217327901648	0.0	24.139929296226423	0.0	0.0	102.46221863745173	16.28461371041093	0.0	0.0	0.0	0.0	0.0	0.0	0.0	0.0	0.0	0.0	0.0	0.0	0.0	0.0	0.0	0.0	0.0	0.0	0.0	0.0	0.0	0.0	0.0
GSM4138110_HNSCC_1_PBMC_TTAACTCGTTAGTGGG	90.64145183978195	123.73397771450367	0.0	0.0	103.13956219676861	0.0	0.0	24.987667045623933	0.0	0.0	99.23863027911429	0.0	0.0	0.0	0.0	0.0	0.0	0.0	33.30507606319112	24.484721085964118	0.0	0.0	0.0	0.0	0.0	20.605750908564058	0.0	0.0	0.0	0.0	0.0	0.0	0.0	0.0	0.0
GSM4138110_HNSCC_1_PBMC_TTAGGCATCATGTCCC	66.27598137883797	45.54939234392521	0.0	42.86616360925414	4.971498784596091	37.154478327599925	0.0	32.32871999820767	0.0	0.0	0.0	0.0	0.0	0.0	54.77098377761341	0.0	0.0	0.0	0.0	0.0	0.0	0.0	0.0	0.0	0.0	0.0	0.0	0.0	0.0	0.0	0.0	0.0	0.0	0.0	0.0
GSM4138110_HNSCC_1_PBMC_TTCTACAGTTGTGGAG	35.68152355297387	25.78854830908722	144.84122962513453	0.0	0.0	0.0	0.0	0.0	12.429126743365105	0.0	0.0	0.0	0.0	38.083430999728826	0.0	0.0	0.0	0.0	0.0	0.0	0.0	0.0	0.0	0.0	0.0	35.99499752795985	0.0	0.0	0.0	0.0	0.0	0.0	0.0	0.0	0.0
GSM4138110_HNSCC_1_PBMC_TTCTCAATCCTCTAGC	104.41130439136752	67.65653420659315	0.0	63.96783253422227	0.0	61.16193449665703	118.09090420921065	13.354413008701231	14.245047028863457	0.0	0.0	0.0	0.0	0.0	0.0	0.0	0.0	0.0	0.0	0.0	0.0	0.0	0.0	0.0	0.0	0.0	0.0	0.0	0.0	0.0	0.0	2.3630148740519075	0.0	0.0	0.0
GSM4138110_HNSCC_1_PBMC_TTCTCCTTCCCGACTT	71.57702396052301	34.06046589301531	0.0	0.0	53.91740443099148	0.0	0.0	37.364866103117514	0.0	0.0	0.0	0.0	0.0	12.252651696135596	0.0	28.727292478582747	35.92677633280968	0.0	0.0	0.0	0.0	0.0	0.0	0.0	0.0	0.0	0.0	0.0	0.0	0.0	0.0	0.0	0.0	0.0	0.0
GSM4138110_HNSCC_1_PBMC_TTGACTTCATGGAATA	70.92128799994892	97.92583855147402	71.98096509825561	0.0	0.0	0.0	73.87327463050083	0.0	14.974608799278412	0.0	0.0	0.0	0.0	0.0	0.0	0.0	0.0	0.0	26.423999132563022	0.0	0.0	0.0	0.0	0.0	0.0	0.0	0.0	0.0	30.723223582686664	0.0	0.0	0.0	0.0	0.0	0.0
GSM4138110_HNSCC_1_PBMC_TTGACTTTCAGGTAAA	81.00285478417703	50.904446683965645	0.0	57.07823572924122	0.0	0.0	0.0	0.0	18.376473400625937	42.73762747013787	0.0	0.0	0.0	0.0	0.0	0.0	4.850047655321361	63.651754550410814	0.0	0.0	0.0	0.0	0.0	31.71312001829474	0.0	0.0	0.0	0.0	0.0	0.0	0.0	0.0	0.0	0.0	0.0
GSM4138110_HNSCC_1_PBMC_TTGTAGGCAGCGTTCG	83.10212145654282	41.930111202845076	0.0	0.0	30.58093308841978	0.0	0.0	10.842897367857551	0.0	0.0	0.0	0.0	0.0	0.0	10.604750636481477	0.0	0.0	58.41891642862232	0.0	0.0	0.0	15.394558394326548	0.0	0.0	0.0	0.0	0.0	0.0	0.0	0.0	0.0	0.0	0.0	0.0	0.0
GSM4138110_HNSCC_1_PBMC_TTTACTGGTTCTGGTA	75.59122619085541	71.94578301497883	0.0	47.946896191673616	0.0	35.24985284750956	26.654827693817253	0.0	5.4155215888447055	0.0	0.0	0.0	0.0	0.0	0.0	0.0	0.0	0.0	0.0	0.0	0.0	0.0	0.0	0.0	0.0	0.0	0.0	0.0	0.0	0.0	0.0	0.0	0.0	0.0	0.0
GSM4138110_HNSCC_1_PBMC_TTTATGCGTTTGTGTG	67.85967441133543	42.13783606951671	0.0	0.0	44.95906540042941	0.0	63.27702771086272	16.795081483872234	0.0	0.0	0.0	0.0	0.0	0.0	0.0	0.0	0.0	0.0	0.0	0.0	25.347524444619943	0.0	0.0	0.0	0.0	0.0	0.0	0.0	0.0	0.0	0.0	0.0	0.0	0.0	0.0
GSM4138110_HNSCC_1_PBMC_TTTCCTCCAGATCCAT	79.0720298077701	68.09321458130307	59.10841566524482	0.0	0.0	0.0	23.190605903071518	4.786166456192637	11.485505722593594	0.0	39.4969024855535	0.0	0.0	0.0	0.0	0.0	0.0	0.0	72.56058102995448	0.0	0.0	0.0	0.0	0.0	0.0	0.0	0.0	0.0	0.0	0.0	0.0	0.0	0.0	0.0	0.0
GSM4138110_HNSCC_1_PBMC_TTTCCTCGTTCGCGAC	125.27405255258994	57.71271806123988	0.0	0.0	112.49407518853332	0.0	0.0	23.161563011525885	0.0	83.23838716744983	0.0	0.0	0.0	0.0	0.0	0.0	0.18926103503690175	0.0	30.052963524416953	0.0	23.093271750247318	0.0	0.0	0.0	0.0	0.0	0.0	0.0	0.0	45.88237136303349	0.0	0.0	0.0	0.0	1.2919238616870974
GSM4138110_HNSCC_1_PBMC_TTTGCGCCACGAAATA	46.01848384066223	75.23595977556364	50.088700197909056	0.0	0.0	0.0	0.0	27.047446825602414	0.0	0.0	0.0	0.0	0.0	71.01809642840381	68.70315897004939	0.0	0.0	18.888954647586164	0.0	0.0	0.0	0.0	0.0	0.0	0.0	0.0	0.0	0.0	0.0	0.0	0.0	0.0	0.0	0.0	0.0
GSM4138110_HNSCC_1_PBMC_TTTGCGCGTTTCCACC	53.4181042555863	57.384409617590705	0.0	62.96862942984458	0.0	0.0	0.0	20.34194823432817	0.0	81.30810152221952	0.0	0.0	0.0	0.0	0.0	0.0	0.0	0.0	0.0	0.0	0.0	0.0	0.0	0.0	55.63558101940604	6.2362755295679335	0.0	0.0	0.0	0.0	0.0	0.0	0.0	0.0	0.0
GSM4138110_HNSCC_1_PBMC_TTTGGTTAGAATTGTG	69.72656342344081	76.99145437443016	40.740399894638216	0.0	24.73234090553464	32.95254543524663	0.33404426939775905	71.52217632565404	0.0	0.0	2.1378741859776977	0.0	26.76675948437311	0.0	0.0	0.0	0.0	0.0	0.0	0.0	0.0	0.0	0.0	0.0	0.0	0.0	0.0	0.0	0.0	49.40534942623903	0.0	0.0	0.0	0.0	0.0
GSM4138110_HNSCC_1_PBMC_TTTGGTTAGAGCAATT	98.5242502270744	92.02174543963191	0.0	53.1727217573035	0.0	73.71212530643169	116.35325442996484	21.443797213516703	0.0	0.0	0.0	0.0	0.0	0.0	0.0	0.0	0.0	0.0	0.0	0.0	0.0	0.0	0.0	10.046672336845333	0.0	0.0	0.0	0.0	0.0	0.0	0.0	0.0	0.0	0.0	0.0
GSM4138110_HNSCC_1_PBMC_TTTGGTTGTCCGTGAC	93.2402372552989	59.09923832588221	0.0	0.0	64.6212518102232	0.0	0.0	36.4992008033072	0.0	0.0	50.03434207610826	0.0	0.0	74.30712662536173	0.0	0.0	0.0	0.0	0.0	0.0	0.0	0.0	0.0	0.0	0.0	0.0	0.0	0.0	0.0	0.0	0.0	0.0	0.0	0.0	0.0
GSM4138110_HNSCC_1_PBMC_TTTGTCAAGTACGATA	146.7629608491661	80.4192505539373	39.14822602547802	22.53163989543464	1.5718987683978207	63.609061755645875	82.34707265400004	56.06578497624875	0.0	0.0	0.0	15.556336168596063	0.0	0.0	0.0	0.0	0.0	0.0	0.0	0.0	0.0	0.0	0.0	0.0	0.0	0.0	0.0	0.0	0.0	0.0	0.0	0.0	0.0	0.0	0.0
GSM4138110_HNSCC_1_PBMC_TTTGTCATCAGGCAAG	104.71293173783721	57.143975893567585	0.0	0.0	47.12717499675865	11.904350412287819	0.0	21.96347857242804	0.0	0.0	0.0	0.0	112.23781358017972	9.141523400625664	0.0	0.0	0.0	0.40273185701053293	0.0	39.20155413756206	0.0	0.0	0.0	0.0	0.0	0.0	0.0	0.0	0.0	0.0	0.0	0.0	0.0	0.0	0.0
GSM4138110_HNSCC_1_PBMC_TTTGTCATCGCGTAGC	50.95396193611868	58.600220595908915	0.0	0.0	54.763963199115196	27.87876672298322	0.0	14.33408295416212	0.0	62.45346034406718	0.0	0.0	0.0	0.0	0.0	0.0	0.0	0.0	0.0	0.0	12.296145097476426	0.0	0.0	0.0	0.0	0.0	0.0	0.0	0.0	0.0	8.06691450613861	0.0	0.0	0.0	0.0
GSM4138110_HNSCC_1_PBMC_ACGGAGAAGCAGGCTA	75.04883399320204	130.43769502197568	0.0	0.0	0.0	0.0	0.0	37.44528451245796	0.0	0.0	0.0	36.94182976138253	0.0	78.25041074934681	36.31286262795646	0.0	0.0	0.0	0.0	0.0	0.0	0.0	0.0	0.0	0.0	17.176667031090055	0.0	0.0	0.0	0.0	0.0	0.0	0.0	0.0	0.0
GSM4138110_HNSCC_1_PBMC_ACTATCTGTCGAGTTT	152.91739540473537	100.69709303603021	35.371554099258915	56.447110425084425	0.0	0.0	0.0	39.98273887597923	0.0	0.0	105.68814181382635	0.0	0.0	52.71554926314131	0.0	0.0	0.0	0.0	0.0	0.0	37.740401345343884	0.0	0.0	0.0	0.0	0.0	0.0	0.0	0.0	0.0	0.0	0.0	0.0	0.0	0.0
GSM4138110_HNSCC_1_PBMC_CAGTCCTGTAGAAGGA	67.60194431251097	48.57325255998668	69.53777967608329	0.0	0.0	0.0	0.0	34.81676326350573	0.0	0.0	91.14402542006981	0.0	0.0	0.0	0.0	0.0	0.0	0.0	0.0	0.0	66.19597096714693	0.0	0.0	0.0	0.0	0.0	0.0	0.0	0.0	0.0	0.0	0.0	0.0	0.0	0.0
GSM4138110_HNSCC_1_PBMC_CGATGTATCGGTCTAA	62.12985845901248	85.90800923627198	0.0	0.0	0.0	0.0	0.0	22.52205023169456	0.0	0.0	14.248634349082035	77.92677735012182	0.0	0.0	0.0	0.0	7.009507745219296	0.0	1.5697793395189181	0.0	36.437373525335396	0.0	0.0	31.49403679122098	0.0	0.0	0.0	0.0	0.0	0.0	0.0	0.0	0.0	0.0	0.0
GSM4138110_HNSCC_1_PBMC_GACCTGGTCGCCAAAT	81.3567209058606	67.53851274375845	79.12587818700831	0.0	0.0	55.0371501080884	97.21538606182361	28.160606361184303	0.0	0.0	0.0	0.0	0.0	0.0	0.0	0.0	0.0	0.0	0.0	0.0	0.0	0.0	0.0	0.0	0.0	0.0	0.0	0.0	0.0	0.0	0.0	0.0	0.0	0.4326252251604737	0.0
GSM4138110_HNSCC_1_PBMC_TACGGTACATGGTCAT	152.32786749070522	120.46959912471812	113.96536823763422	0.0	0.0	121.27472313494916	0.0	28.380732787453855	0.0	0.0	0.0	0.0	0.0	0.0	0.0	0.0	0.0	0.0	0.0	0.0	0.0	0.0	0.0	135.06855027219785	0.0	0.0	0.0	0.0	0.0	0.0	0.0	0.0	0.0	0.0	0.0
GSM4138110_HNSCC_1_PBMC_TTAGTTCTCGCGGATC	66.64810228152847	61.504884941744244	54.76195302761154	0.0	0.0	0.0	0.0	33.026108897298506	0.0	0.0	45.1429194792465	0.0	0.0	50.75855566101683	0.0	0.0	0.0	0.5778197214493126	0.0	0.0	0.0	0.0	0.0	0.0	0.0	0.0	0.0	0.0	0.0	0.0	0.0	0.0	0.0	0.0	0.0
GSM4138110_HNSCC_1_PBMC_AAAGCAACACGCGAAA	118.24666538076337	131.84305808595272	0.0	0.0	126.14337533975768	0.0	0.0	37.999985767846646	0.0	0.0	57.6828177343944	0.0	0.0	30.071100734380252	0.0	0.0	0.0	0.0	0.0	0.0	0.0	116.93718631115355	0.0	0.0	0.0	0.0	0.0	0.0	0.0	0.0	0.0	0.0	0.0	0.0	0.0
GSM4138110_HNSCC_1_PBMC_AACTTTCGTGTATGGG	35.83614081481287	72.46643098569237	0.0	3.884686424744833	0.0	0.0	0.0	0.0	11.166992755625007	0.0	0.0	79.35928367728766	0.0	11.046941075827077	0.0	0.0	36.69078112827659	0.0	0.0	0.0	0.0	0.0	0.0	0.0	0.0	0.0	0.0	0.0	0.0	0.0	0.0	0.0	0.0	0.0	0.0
GSM4138110_HNSCC_1_PBMC_AAGGAGCAGGGAAACA	79.93266556405199	132.70789822658887	59.02235680148937	0.0	0.0	0.0	0.0	25.852518283462636	0.0	0.0	0.0	14.657245052864171	0.0	0.0	0.0	19.184632017401	0.0	0.0	0.0	0.0	34.926822357437736	0.0	0.0	0.0	0.0	56.638691603117174	0.0	0.0	0.0	0.0	0.0	0.0	0.0	0.0	0.0
GSM4138110_HNSCC_1_PBMC_AATCGGTGTAATCACC	108.64767328685039	108.91636379756027	0.0	0.0	0.0	34.22765971468978	0.0	0.0	18.357740238854014	0.0	0.0	84.07083083835484	0.0	0.0	0.0	0.0	127.9070486089344	0.0	0.0	0.0	0.0	0.0	0.0	0.0	0.0	0.0	0.0	0.0	0.0	0.0	0.0	0.0	0.0	0.0	0.0
GSM4138110_HNSCC_1_PBMC_ATAACGCTCACAACGT	249.44012688859365	157.25098942238614	0.0	153.55220424409046	0.0	0.0	0.0	0.0	64.61270417497265	0.0	210.6862841190194	0.0	0.0	24.41291041962225	0.0	0.0	0.0	89.78759720557977	0.0	0.0	0.0	0.0	0.0	0.0	0.0	0.0	0.0	0.0	0.0	0.0	0.0	0.0	0.0	0.0	0.0
GSM4138110_HNSCC_1_PBMC_ATCATCTTCTGGCGAC	154.2997858191996	138.10125993719322	15.532638840855276	142.84319318679968	0.0	19.2588898021759	0.0	0.0	24.1429938020369	0.0	0.0	0.0	161.69999109297015	0.0	0.0	0.0	0.0	0.0	0.0	96.6942322399414	0.0	0.0	0.0	0.0	0.0	0.0	0.0	0.0	0.0	0.0	0.0	0.0	0.0	0.0	0.0
GSM4138110_HNSCC_1_PBMC_ATCCGAATCGTTTATC	126.17229076500635	115.25319928080576	0.0	98.31425947892791	0.0	43.02688284047674	89.30227528394691	66.78126084594614	0.0	0.0	0.0	0.0	0.0	0.0	0.0	0.0	0.0	0.0	0.0	0.0	0.0	0.0	0.0	0.0	0.0	0.0	0.0	0.0	0.0	0.0	0.0	0.0	0.0	0.0	0.0
GSM4138110_HNSCC_1_PBMC_ATGCGATTCGTGGGAA	133.62643212554326	153.30274166252087	80.08803790349913	0.0	0.0	0.0	0.0	0.0	39.58303112349417	0.0	0.0	0.0	96.47201106260256	0.0	0.0	0.0	0.0	0.0	0.0	113.78823360533308	0.0	0.0	0.0	0.0	0.0	0.0	0.0	0.0	0.0	0.0	0.0	0.0	0.0	0.0	0.0
GSM4138110_HNSCC_1_PBMC_CAAGAAATCAGGCAAG	75.21496671812196	67.92821635911857	0.0	0.0	0.0	0.0	0.0	8.959052559546143	0.0	0.0	0.0	63.69363416782917	0.0	42.9110931131694	0.0	0.0	0.0	0.0	0.0	0.0	0.0	81.42124214885727	0.0	0.0	0.0	0.0	0.0	0.0	0.0	0.0	0.0	0.0	0.0	0.0	0.0
GSM4138110_HNSCC_1_PBMC_CACAGGCCACACCGAC	155.35018986350258	189.6025910107487	0.0	152.29920777729276	0.0	102.77942660074402	200.86706953585553	37.97199024513765	0.0	0.0	0.0	0.0	0.0	0.0	0.0	0.0	0.0	0.0	0.0	0.0	0.0	0.0	0.0	0.0	0.0	0.0	0.0	0.0	0.0	0.0	0.0	0.0	0.0	0.0	0.0
GSM4138110_HNSCC_1_PBMC_CACTCCATCTGTACGA	30.899808550809105	69.63158506625734	90.42412005106566	0.0	0.0	0.0	0.0	32.811999398784906	0.0	0.0	8.439504535062886	0.0	43.01363045381835	0.0	0.0	0.0	0.0	0.0	15.486913858610546	0.0	0.0	0.0	5.768527841503565	0.0	0.0	0.0	0.0	0.0	0.0	0.0	0.0	0.0	0.0	0.0	0.0
GSM4138110_HNSCC_1_PBMC_CCTTCCCTCGCCTGTT	45.08677831449417	59.34228734547362	39.93490473898098	0.0	0.0	10.689120527814927	46.18342410920313	13.424063296961773	0.0	0.0	0.0	0.0	0.0	0.0	0.0	8.92501262373566	0.0	0.0	48.19609854349257	0.0	0.0	0.0	0.0	0.0	0.0	0.0	0.0	0.0	0.0	0.0	0.0	0.0	0.0	0.0	0.0
GSM4138110_HNSCC_1_PBMC_CGATTGAAGACTAAGT	102.09416728019677	111.70993182660538	89.18504199743899	10.303078760096437	0.0	77.85748518341678	0.0	23.71020955019621	0.0	0.0	0.0	0.0	85.030376420778	0.0	0.0	0.0	0.0	0.0	0.0	0.0	0.0	0.0	0.0	0.0	0.0	0.0	0.0	0.0	0.0	0.0	0.0	0.0	0.0	0.0	0.0
GSM4138110_HNSCC_1_PBMC_CGGACGTTCTGAGTGT	76.40270784512043	28.837447976061885	43.69969789121504	0.0	0.0	32.06989908398562	98.93641750811646	12.095902331320087	0.0	0.0	0.0	0.0	0.0	0.0	0.0	0.0	0.0	0.0	0.0	0.0	0.0	0.0	0.0	0.0	0.0	0.0	0.0	0.0	0.0	0.0	0.0	0.0	0.0	0.0	0.0
GSM4138110_HNSCC_1_PBMC_CGGGTCATCCCAACGG	40.432818460011106	41.87880123410304	48.16262424373871	0.0	11.207182063929089	0.0	0.0	0.0	14.842738984493161	0.0	65.18939104909536	0.0	0.0	0.0	0.0	0.0	0.0	0.0	0.0	0.0	15.515959348346708	0.0	0.0	0.0	0.0	0.0	0.0	0.0	0.0	0.0	0.0	0.0	0.0	0.0	0.0
GSM4138110_HNSCC_1_PBMC_CTCGAGGCATAGACTC	133.51117521710086	161.59557467518908	0.0	211.93754448065573	0.0	0.0	133.67772691987932	59.0444906430309	0.0	0.0	0.0	0.0	0.0	0.0	0.0	49.70485789970158	0.0	7.675114142417578	0.0	0.0	0.0	0.0	0.0	0.0	0.0	0.0	0.0	0.0	0.0	0.0	0.0	0.0	0.0	0.0	0.0
GSM4138110_HNSCC_1_PBMC_CTCGTCACAATAAGCA	137.86984310351815	113.05170084536842	141.06813240268175	0.0	0.0	30.033157918396856	105.43692762646208	28.626094277251788	3.3450715678786787	0.0	0.0	0.0	0.0	7.838486129815776	0.0	0.0	0.0	0.0	0.0	0.0	51.82647963413674	0.0	0.0	0.0	0.0	0.0	0.0	0.0	0.0	0.0	0.0	0.0	0.0	0.0	0.0
GSM4138110_HNSCC_1_PBMC_CTGATCCTCTTTAGGG	110.9302962252978	113.92964620083968	95.6565771747951	0.0	0.0	43.134149376682096	0.0	54.453384163425575	0.0	0.0	0.0	0.0	0.0	0.0	0.0	0.0	0.0	0.0	0.0	0.0	0.0	108.8849855064031	0.0	0.0	0.0	0.0	0.0	0.0	0.0	0.0	0.0	0.0	0.0	0.0	0.0
GSM4138110_HNSCC_1_PBMC_CTGTGCTTCTAACGGT	106.83363240375361	105.07928255300318	64.93279352196508	0.0	0.0	0.0	48.95083849452571	0.0	43.43015863643235	1.3616013045223951	0.0	0.0	0.0	0.0	0.0	0.0	0.0	0.0	0.0	94.45821037408112	0.0	0.0	0.0	32.957095020838075	0.0	0.0	0.0	0.0	0.0	0.0	0.0	0.0	14.81952317825323	0.0	0.0
GSM4138110_HNSCC_1_PBMC_CTGTGCTTCTATCGCC	84.77212148122521	95.69265789263419	125.57310655247294	0.0	0.0	0.0	0.0	22.686359124278553	0.0	0.0	0.0	0.0	121.30322353155191	0.0	0.0	0.0	0.0	0.0	0.0	0.0	41.01138422370578	0.0	0.0	0.0	0.0	0.0	0.0	0.0	0.0	0.0	0.0	0.0	0.0	0.0	0.0
GSM4138110_HNSCC_1_PBMC_GACTAACGTCGACTGC	140.6011500953277	76.9670487089856	3.6877182657674425	69.25991310920104	0.0	0.0	0.0	3.6076774542518586	15.471585944376152	0.0	0.0	0.0	83.68426651022448	0.0	0.0	0.0	0.0	0.0	0.0	0.0	53.26447936169206	0.0	0.0	0.0	0.0	0.0	0.0	0.0	0.0	0.0	0.0	0.0	0.0	0.0	0.0
GSM4138110_HNSCC_1_PBMC_GAGGTGATCGTCCGTT	149.9372971378254	85.15187285762197	0.0	141.28367069615092	0.0	54.59502594823759	90.54783728538041	0.0	37.034445218138494	0.0	0.0	0.0	0.0	0.0	0.0	0.0	0.0	0.0	0.0	0.0	0.0	0.0	0.0	33.80605866779301	0.0	0.0	0.0	0.0	0.0	0.0	0.0	0.0	0.0	0.0	0.0
GSM4138110_HNSCC_1_PBMC_GATCAGTAGTGTACTC	134.80418601707777	133.0667052817156	0.0	0.0	0.0	0.0	0.0	31.834051023647394	0.0	0.0	0.0	109.13857726554168	108.73047707248197	0.0	0.0	0.0	0.0	50.97630198354021	0.0	0.0	0.0	0.0	0.0	0.0	0.0	0.0	0.0	0.0	0.0	0.0	0.0	0.0	0.0	0.0	0.0
GSM4138110_HNSCC_1_PBMC_GCTCTGTAGTATCTCG	0.0	0.0	3031.0691153935336	0.0	349.3377513706794	0.0	0.0	0.0	0.0	0.0	0.0	0.0	0.0	0.0	0.0	0.0	0.0	0.0	0.0	0.0	0.0	0.0	0.0	0.0	0.0	0.0	0.0	0.0	0.0	0.0	0.0	0.0	0.0	0.0	0.0
GSM4138110_HNSCC_1_PBMC_GGAACTTTCCGATATG	119.00026560494884	63.3921584647653	0.0	0.0	0.0	8.518118511766213	0.0	18.005821309141172	0.0	0.0	28.716995685290932	67.6448896550471	0.0	0.0	77.68815969161648	29.44736565213142	0.0	0.0	0.0	0.0	0.0	0.0	0.0	0.0	0.0	0.0	0.0	0.0	0.0	0.0	0.0	0.0	0.0	0.0	0.0
GSM4138110_HNSCC_1_PBMC_GGACAGAAGCCATCGC	104.93380038160751	114.90883131088283	4.451978710492949	0.0	37.27592627215112	84.28515252854295	94.2039742089658	42.52857679200346	0.0	7.37915173691813	0.0	45.89360289058071	0.0	0.0	0.0	0.0	0.0	0.0	0.0	0.0	0.0	0.0	22.079258575039454	0.0	0.0	0.0	0.0	0.0	0.0	0.0	0.0	0.0	0.0	0.0	0.0
GSM4138110_HNSCC_1_PBMC_GGATGTTGTGCAGTAG	144.2270137014494	101.91722324094458	9.047162194294964	78.39982447779414	0.0	0.0	78.13247284860348	20.093080498946286	0.0	0.0	0.0	0.0	0.0	50.77991252776378	0.0	0.0	0.0	0.0	0.0	0.0	0.0	0.0	0.0	0.0	0.0	0.0	0.0	0.0	0.0	0.0	0.0	0.0	0.0	0.0	0.0
GSM4138110_HNSCC_1_PBMC_GTAACTGCAGCTGTTA	128.98204077139746	132.6560627825412	0.0	0.0	60.45603721288438	42.08463563882513	11.070538845630027	44.65406454295699	0.0	0.0	0.0	0.0	0.0	0.0	0.0	0.0	0.0	0.0	0.0	0.0	0.0	0.0	0.0	0.0	0.0	0.0	0.0	0.0	0.0	0.0	0.0	0.38089038180319934	0.0	75.99671130557569	0.0
GSM4138110_HNSCC_1_PBMC_GTATTCTAGTAATCCC	131.372114558641	178.95017505093006	0.0	138.95425411119425	0.0	117.49636654639919	132.4740533242884	0.0	30.742469060116342	0.0	0.0	0.0	0.0	0.0	0.0	0.0	0.0	0.0	0.0	0.0	0.0	0.0	0.0	10.372671413437772	0.0	0.0	0.0	0.0	0.0	0.0	0.0	0.0	0.0	0.0	0.0
GSM4138110_HNSCC_1_PBMC_GTGCAGCAGTCAAGCG	166.9077182795254	291.4427212757964	226.95009990407567	0.0	28.431371513773456	127.29954617104272	292.74650107345735	51.68489729396066	0.0	116.51485375673927	0.0	0.0	0.0	0.0	0.0	61.246046503946054	3.493442671383567	0.0	0.0	20.552352908377895	17.952074449633198	0.0	0.0	0.0	0.0	0.0	0.0	0.0	0.0	0.0	0.0	0.0	0.0	0.0	0.0
GSM4138110_HNSCC_1_PBMC_GTGCATACACAGGCCT	129.35114349722966	89.60096132424853	125.20298469898624	0.0	0.0	53.591173470490105	0.0	0.0	19.135218561132344	0.0	0.0	0.0	128.36052181542505	0.0	0.0	0.0	0.0	0.0	0.0	0.0	0.0	0.0	0.0	0.0	0.0	0.0	0.0	0.0	0.0	0.0	0.0	0.0	0.0	0.0	0.0
GSM4138110_HNSCC_1_PBMC_TACTCGCGTTTAGCTG	111.932198745214	97.68408852418327	0.0	0.0	2.8683607581588513	0.0	30.14173205689216	18.159516450114246	0.0	0.0	0.0	79.64785757667856	0.0	0.0	0.0	0.0	0.0	0.0	0.0	0.0	0.0	71.35605962049938	0.0	0.0	0.0	0.0	36.03672049616324	0.0	42.36867377259959	0.0	0.0	0.0	0.0	0.0	0.0
GSM4138110_HNSCC_1_PBMC_TACTTACGTTATGCGT	41.32501948457303	123.10758308427393	0.0	0.0	0.0	0.0	0.0	42.37726222176211	0.0	34.384096131565	38.92826227951483	71.80191640542144	0.0	0.0	0.0	0.0	24.345823094989445	0.0	0.0	0.0	0.0	0.0	25.293800664202816	0.0	53.42723279179637	0.0	0.0	0.0	0.0	0.0	0.0	0.0	0.0	0.0	0.0
GSM4138110_HNSCC_1_PBMC_TAGCCGGGTTCAACCA	89.11934777568139	83.99440076955814	0.0	78.79411929413587	0.0	3.4461650285923167	73.40814975826056	23.68413354555385	0.0	0.0	0.0	0.0	0.0	44.95174748400055	0.0	15.206848583949991	0.0	0.0	0.0	0.0	0.0	0.0	0.0	0.0	0.0	0.0	0.0	0.0	0.0	0.0	0.0	0.0	0.0	0.0	0.0
GSM4138110_HNSCC_1_PBMC_TCAGCAATCCCAAGAT	174.84879486207547	123.57384628471692	116.63773267452675	0.0	0.0	60.08765523431382	62.83830162970484	24.00512319291534	0.0	11.922845131052767	0.0	0.0	0.0	0.0	0.0	10.91452490780249	91.64978489276277	0.0	0.0	0.0	0.0	8.111429065995495	0.0	0.0	0.0	0.0	0.0	0.0	0.0	3.0604959962716314	0.0	0.0	0.0	0.0	0.0
GSM4138110_HNSCC_1_PBMC_TGACGGCGTTGAGTTC	214.3460754897575	253.1286869594222	289.84323244510045	0.0	0.6703981296538422	0.0	168.37412063383655	62.370771428266245	0.0	0.0	0.0	61.4645642211826	0.0	0.0	0.0	0.0	0.0	245.84461795711914	0.0	0.0	0.0	0.0	98.82848286947437	0.0	0.0	0.0	0.0	0.0	0.0	0.0	72.50630446684937	0.0	0.0	0.0	0.0
GSM4138110_HNSCC_1_PBMC_TTGCGTCGTACTTCTT	102.37542258890704	161.77332044092415	0.0	0.0	126.51727586526319	1.6771240668690772	37.495504914496316	42.77125721336858	0.0	0.0	0.0	2.764431151849136	0.0	106.7906283002938	0.0	0.0	0.0	0.0	0.0	0.0	0.0	44.58938650934978	0.0	0.0	3.9107409185756135	0.0	0.0	0.0	0.0	0.0	0.0	0.0	0.0	0.0	0.0
GSM4138110_HNSCC_1_PBMC_TTTGTCAGTTAAGATG	85.33180652040497	67.28994916621608	59.072203519244425	0.0	0.0	22.969392856793494	0.0	24.20652921863789	0.0	0.0	0.0	0.0	9.630199273158418	0.0	0.0	0.0	79.4365224837579	0.0	0.0	0.0	0.0	0.0	0.0	0.0	0.0	0.0	0.0	0.0	0.0	0.0	0.0	0.0	0.0	0.0	0.0
GSM4138110_HNSCC_1_PBMC_ACGCAGCTCGTCACGG	348.680702948508	179.31433939847489	0.9673196896457361	13.926393917074499	105.97658977897424	0.0	0.0	44.06710417418154	0.0	0.0	0.0	0.0	0.0	0.0	24.984739939947044	0.0	0.0	0.0	0.0	41.73292766818922	0.0	0.0	0.0	0.0	0.0	0.0	93.97877332845658	0.0	0.0	0.0	0.0	0.0	0.0	0.0	0.0
GSM4138110_HNSCC_1_PBMC_ATCATCTAGGAATCGC	175.15833505206857	93.5729794582395	0.0	70.34787776332779	21.41253030653929	0.0	0.0	40.632337412156936	0.0	0.0	0.0	0.0	0.0	75.16462332495311	24.092695652346066	0.0	0.0	0.0	0.0	0.0	0.0	0.0	0.0	0.0	0.0	0.0	0.0	116.74523997459262	0.0	0.0	0.0	0.0	0.0	0.0	0.0
GSM4138110_HNSCC_1_PBMC_TCAACGAGTTACGGAG	377.5801077749969	280.98118802000806	108.29866696169287	145.77134500963518	0.0	17.12971922855848	0.0	0.0	63.587062052374094	0.0	0.0	0.0	0.0	0.0	228.60619479664425	0.0	0.0	0.0	0.0	141.30989746335402	0.0	0.0	0.0	0.0	0.0	0.0	0.0	0.0	0.0	0.0	0.0	0.0	0.0	0.0	0.0
GSM4138110_HNSCC_1_PBMC_AAACCTGGTCTCCCTA	337.38685674310585	269.4168720030936	230.82980841433542	0.0	0.0	75.04484750946091	0.0	0.0	44.153761875210634	0.0	0.0	0.0	207.38204968289614	0.0	0.0	0.0	0.0	0.0	0.0	0.0	0.0	0.0	0.0	0.0	0.0	36.32952946019541	0.0	0.0	0.0	0.0	0.0	0.0	0.0	0.0	0.0
GSM4138110_HNSCC_1_PBMC_ACACCGGAGTACACCT	3005.9041909456705	0.0	0.0	0.0	0.0	0.0	0.0	0.0	0.0	0.0	0.0	0.0	0.0	0.0	0.0	0.0	0.0	0.0	0.0	0.0	0.0	0.0	0.0	0.0	0.0	0.0	0.0	0.0	0.0	0.0	0.0	0.0	0.0	0.0	0.0
GSM4138110_HNSCC_1_PBMC_ACTGCTCGTGGTCCGT	312.9308404939768	287.8344290602108	155.307400693954	0.0	0.0	0.0	0.0	0.0	41.10968258291647	0.0	0.0	0.0	0.0	0.0	0.0	0.0	0.0	117.07622298120982	0.0	0.0	0.0	0.0	0.0	0.0	0.0	0.0	0.0	206.4705279797957	0.0	0.0	0.0	0.0	0.0	0.0	0.0
GSM4138110_HNSCC_1_PBMC_AGCTCTCGTTAGTGGG	338.0229045134441	327.88412713658414	0.0	0.0	0.0	24.8363619536633	0.0	59.60683948574572	0.0	0.0	0.0	243.07118635135416	0.0	0.0	0.0	96.7247297015816	0.0	0.0	0.0	0.0	0.0	164.4834522157756	0.0	0.0	0.0	0.0	19.70601751581201	0.0	0.0	0.0	0.0	0.0	0.0	0.0	0.0
GSM4138110_HNSCC_1_PBMC_ATGGGAGAGGATGCGT	300.67055875277686	461.5030881100729	74.1906216944154	0.0	143.0212801226745	0.0	85.42149124351971	0.0	42.162819743444345	0.0	0.0	0.0	0.0	0.0	0.0	66.08386800260125	0.0	0.0	0.0	31.62567806976869	0.0	0.0	0.0	0.0	0.0	69.28199789299154	0.0	117.88006037703809	0.0	0.0	0.0	0.0	0.0	0.0	0.0
GSM4138110_HNSCC_1_PBMC_ATTATCCTCGGAAATA	329.1510125889365	323.504840009717	0.0	193.94066146646784	0.0	53.5730784633681	0.0	0.5828672786236219	59.04253809598722	0.0	0.0	0.0	0.0	0.0	93.82505943921008	0.0	0.0	0.0	0.0	60.84350671386686	0.0	44.244018328622	0.0	0.0	0.0	0.0	28.852725426262612	0.0	0.0	0.0	0.0	0.0	0.0	0.0	0.0
GSM4138110_HNSCC_1_PBMC_CATCAGATCGCAAACT	350.3263256258267	338.5109311499204	0.0	188.1161031716197	0.0	0.0	0.0	34.38962732837724	0.0	0.0	0.0	0.0	0.0	0.0	0.0	0.0	0.0	74.73460762080856	0.0	0.0	0.0	180.95858211917113	0.0	0.0	0.0	0.0	0.0	0.0	0.0	0.0	0.0	0.0	0.0	0.0	0.0
GSM4138110_HNSCC_1_PBMC_CGTAGCGCATGCAACT	405.08622856353696	360.58986785429005	18.9525249487199	244.87693098406484	0.0	43.11454609482163	0.0	44.756935376136106	0.0	0.0	0.0	5.614050590960937	0.0	0.0	156.27840471916818	89.56416356139525	0.0	0.0	0.0	0.0	0.0	0.0	0.0	0.0	0.0	0.0	0.0	0.0	0.0	0.0	0.0	0.0	0.0	0.0	0.0
GSM4138110_HNSCC_1_PBMC_CGTCACTTCACGAAGG	304.98699269351965	358.9170393133024	193.58871037961816	0.0	0.0	99.12131246460537	0.0	0.0	55.235962462838835	0.0	0.0	0.0	0.0	0.0	0.0	0.21316012383747132	0.0	0.0	0.0	0.0	27.893743645601532	0.0	0.0	0.0	0.0	161.35670835527102	0.0	93.90571233026968	0.0	0.0	0.0	0.0	0.0	0.0	0.0
GSM4138110_HNSCC_1_PBMC_GCATACACACCAGCAC	226.58948883013488	304.30709884376955	0.0	177.0729647777649	0.0	103.03430556287077	0.0	29.852063219106956	0.0	0.0	0.0	0.0	0.0	0.0	0.0	0.0	0.0	0.0	0.0	0.0	0.0	0.0	0.0	211.41866207295598	0.0	0.0	0.0	0.0	0.0	0.0	0.0	0.0	0.0	0.0	0.0
GSM4138110_HNSCC_1_PBMC_GCGACCAGTCGATTGT	348.3203826889948	369.4602311686091	175.7750250001819	0.0	0.0	43.53844301350474	92.93012151320067	0.0	49.52345975725949	0.0	0.0	0.0	0.0	0.0	0.0	0.0	0.0	0.0	7.416945356759622	77.00219688226227	0.0	0.0	0.0	0.0	0.0	100.75151969390964	0.0	0.0	0.0	0.0	0.0	0.0	0.0	0.0	0.0
GSM4138110_HNSCC_1_PBMC_TACTTACTCGGCGCAT	239.506885744313	79.98223911322951	0.0	68.83056198407036	0.0	0.0	0.0	26.708541141795298	0.0	0.0	0.0	0.0	0.0	0.0	0.0	0.0	0.0	0.0	37.24095606584669	0.0	0.0	0.0	0.0	63.88318322577609	0.0	0.0	0.0	0.0	0.0	0.0	0.0	0.0	0.0	0.0	0.0
GSM4138110_HNSCC_1_PBMC_ACCGTAAGTTACGTCA	114.35693269435112	307.868374736972	137.82456242613296	0.0	0.0	0.0	0.0	0.0	20.31472157823476	0.0	0.0	0.0	72.62032313129522	0.0	0.0	0.0	0.0	0.0	105.46149334248746	0.0	0.0	0.0	0.0	0.0	0.0	0.0	0.0	0.0	0.0	0.0	0.0	0.0	97.917825955078	0.0	0.0
GSM4138110_HNSCC_1_PBMC_ATCCACCAGACAGACC	117.63925449528499	158.58553418681194	55.64686724910202	0.0	0.0	143.46200846190246	0.0	0.0	14.276332997445548	0.0	0.0	0.0	0.0	0.0	0.0	0.0	0.0	0.0	0.0	0.0	0.0	0.0	0.0	0.0	0.0	0.0	0.0	0.0	0.0	0.0	0.0	79.48847749713076	0.0	11.108320038974599	0.0
GSM4138110_HNSCC_1_PBMC_ATGAGGGGTATATGGA	0.0	3018.7263327970077	0.0	0.0	0.0	0.0	0.0	0.0	0.0	0.0	0.0	0.0	0.0	0.0	0.0	0.0	0.0	0.0	0.0	0.0	0.0	0.0	0.0	0.0	0.0	0.0	0.0	0.0	0.0	0.0	0.0	0.0	0.0	0.0	0.0
GSM4138110_HNSCC_1_PBMC_CACCAGGGTCAGAATA	162.06941761014681	300.34771263766885	225.56893204973292	0.0	0.0	0.0	0.0	0.0	50.62605665138527	0.0	0.0	0.0	0.0	0.0	0.0	0.0	0.0	0.0	0.0	0.0	67.73509366170788	113.53834380929321	0.0	0.0	0.0	0.0	3.911107884949596	0.0	0.0	0.0	0.0	0.0	0.0	0.0	0.0
GSM4138110_HNSCC_1_PBMC_CAGCAGCTCAAAGTAG	124.63794550225859	261.57600439479864	160.7477254793907	0.0	0.0	0.0	66.56671745575568	0.0	29.433824998345642	0.0	0.0	0.0	0.0	0.0	0.0	0.0	0.0	0.0	72.30138989294294	0.0	0.0	0.0	0.0	0.0	0.0	0.0	0.0	0.0	0.0	0.0	0.0	22.304615070953833	0.0	0.0	0.0
GSM4138110_HNSCC_1_PBMC_CATCCACCAGTAACGG	137.36483306595576	362.3176813517165	96.193011207461	0.0	0.0	0.0	0.0	0.0	45.857635329967074	0.0	0.0	0.0	0.0	0.0	0.0	0.0	0.0	0.0	96.98929149087492	0.0	0.0	0.0	0.0	0.0	0.0	0.0	0.0	0.0	0.0	0.0	0.0	156.3468557034228	12.486513840498667	0.0	0.0
GSM4138110_HNSCC_1_PBMC_CCTTTCTCATCCTAGA	94.77875088243812	244.549327777557	0.0	131.15050455676567	0.0	0.0	0.0	0.0	18.810069956467785	150.61330620000254	0.0	0.0	0.0	0.0	0.0	0.0	0.0	0.0	83.67515326966452	0.0	0.0	0.0	0.0	0.0	0.0	0.0	0.0	0.0	0.0	0.0	0.0	0.0	0.0	0.0	0.0
GSM4138110_HNSCC_1_PBMC_CGTAGGCTCTACCAGA	130.7650612831864	243.0357004187335	0.0	131.63142578068243	0.0	0.0	0.0	0.0	31.881542840317056	0.0	0.0	0.0	0.0	0.0	0.0	0.0	0.0	0.0	98.89336443420252	0.0	0.0	0.0	0.0	0.0	0.0	0.0	0.0	0.0	0.0	0.0	0.0	0.0	151.21901141118616	0.0	0.0
GSM4138110_HNSCC_1_PBMC_CTGCCTAAGGACATTA	210.26229508924254	224.00754559385302	74.62694115239798	39.12584561005481	0.0	0.0	0.0	0.0	29.593089125362283	0.0	0.0	0.0	0.0	0.0	0.0	90.16102006433633	0.0	0.0	0.0	0.0	0.0	0.0	0.0	0.0	0.0	0.0	98.49380489277411	0.0	0.0	0.0	0.0	9.590989669842752	0.0	0.0	0.0
GSM4138110_HNSCC_1_PBMC_CTTTGCGGTGGTCCGT	114.56871552575852	189.9355215793722	62.673313188272964	0.0	0.0	0.0	0.0	0.0	29.906277797135612	0.0	0.0	0.0	95.39516170926916	0.0	0.0	0.0	0.0	0.0	72.07396573135014	0.0	0.0	0.0	0.0	0.0	0.0	0.0	0.0	0.0	0.0	0.0	0.0	0.0	0.0	19.004788906171783	0.0
GSM4138110_HNSCC_1_PBMC_GAAACTCAGACAAGCC	169.55635197501417	363.2851216929406	0.0	126.57619526779678	0.0	0.0	0.0	0.0	24.982744200385504	0.0	0.0	0.0	0.0	0.0	0.0	90.48841674229078	0.0	0.0	0.0	0.0	0.0	0.0	0.0	0.0	0.0	0.0	0.0	144.37159183092993	0.0	0.0	0.0	0.0	0.0	0.0	0.0
GSM4138110_HNSCC_1_PBMC_GACCAATAGCCCGAAA	230.1760640570582	670.033180231024	113.94081194833787	0.0	0.0	0.0	0.0	0.0	44.26115902154396	0.0	0.0	0.0	0.0	0.0	0.0	0.0	0.0	0.0	81.35970018867191	0.0	38.09950607927007	0.0	0.0	0.0	0.0	0.0	0.0	0.0	0.0	0.0	0.0	0.0	167.1532825123564	0.0	0.0
GSM4138110_HNSCC_1_PBMC_GACCAATAGGGCTCTC	233.17137254243895	217.9115691754834	0.0	146.423241290285	0.0	0.0	2.534822669262706	30.16253446382248	0.0	0.0	0.0	0.0	0.0	0.0	0.0	0.0	0.0	0.0	102.88379644468792	0.0	0.0	0.0	0.0	0.0	0.0	0.0	139.17488901358087	0.0	0.0	0.0	0.0	0.0	0.0	0.0	0.0
GSM4138110_HNSCC_1_PBMC_GATGCTATCCTCTAGC	226.87046122809247	293.33956606068693	117.67906935340092	56.925710112406975	0.0	0.0	0.0	0.0	38.50463350562518	133.92339443539592	0.0	0.0	0.0	0.0	0.0	0.0	0.0	0.0	0.0	0.0	0.0	0.0	0.0	0.0	144.11994987527441	0.0	0.0	0.0	0.0	0.0	0.0	0.0	0.0	0.0	0.0
GSM4138110_HNSCC_1_PBMC_GCTGCGATCCCGACTT	53.696547713102305	140.07104881892604	85.50535051008083	0.0	0.0	0.0	0.0	0.0	31.40627536968055	0.0	0.0	0.0	0.0	0.0	0.0	0.0	0.0	0.0	53.68218129203439	0.0	0.0	0.0	0.0	0.0	0.0	0.0	0.0	0.0	0.0	0.0	0.0	0.0	0.0	97.65254930816057	0.0
GSM4138110_HNSCC_1_PBMC_GTTACAGCAAGTTGTC	150.40955897123595	267.0554800067941	116.55270371844149	0.0	0.0	0.0	0.0	0.0	93.12239573673644	0.0	0.0	0.0	44.73594994669125	0.0	0.0	0.0	0.0	0.0	61.961344735818095	0.0	0.0	0.0	0.0	0.0	0.0	0.0	0.0	0.0	0.0	0.0	0.0	0.0	0.0	0.0	0.0
GSM4138110_HNSCC_1_PBMC_TAGGCATTCAGCGACC	180.32480233863217	293.3658232841488	98.7081278506489	0.0	0.0	0.0	0.0	14.072579768367017	0.0	0.0	0.0	0.0	0.0	0.0	0.0	0.0	0.0	0.0	0.0	0.0	0.0	0.0	0.0	97.71445650316339	108.31226208469958	0.0	0.0	0.0	0.0	0.0	0.0	0.0	0.0	58.63030903683938	0.0
GSM4138110_HNSCC_1_PBMC_TCGTACCTCCATGAAC	82.80497483903014	188.91851626423713	0.0	79.58037529413463	0.0	0.0	0.0	0.0	12.83518202002399	0.0	0.0	0.0	284.76720961324094	39.69450394031885	0.0	0.0	0.0	35.83553889010117	0.0	0.0	0.0	0.0	0.0	0.0	0.0	0.0	0.0	0.0	0.0	0.0	0.0	0.0	0.0	0.0	0.0
GSM4138110_HNSCC_1_PBMC_TGCGCAGAGAGTCGGT	113.44120961188278	248.22382356135054	58.731550164660334	77.46839399577075	0.0	0.0	0.0	14.818600251959824	0.0	0.0	0.0	0.0	0.0	0.0	0.0	0.0	0.0	0.0	79.7973705047225	0.0	0.0	0.0	0.0	0.0	0.0	0.0	132.58293246497394	0.0	0.0	0.0	0.0	0.0	0.0	0.0	0.0
GSM4138110_HNSCC_1_PBMC_TTGCCGTTCCTATTCA	129.35314570711446	365.0807736426041	0.0	0.0	280.09184865597575	0.0	0.0	22.45054191503608	0.0	0.0	0.0	0.0	174.2374554643103	0.0	0.0	0.0	0.0	0.0	0.0	0.0	0.0	0.0	0.0	0.0	75.35072057914165	0.0	0.0	0.0	0.0	0.0	0.0	0.0	0.0	0.0	0.0
GSM4138110_HNSCC_1_PBMC_TTTACTGAGTCCCACG	146.97348999736337	287.1024149200625	246.79077210004493	0.0	0.0	0.0	0.0	0.0	33.94143803559105	0.0	0.0	0.0	0.0	0.0	0.0	0.0	0.0	0.0	93.30648597020998	0.0	0.0	0.0	0.0	0.0	0.0	0.0	121.0710132012365	0.0	0.0	0.0	0.0	0.0	0.0	0.0	0.0
GSM4138110_HNSCC_1_PBMC_ACGGGTCGTCTTGATG	72.82744121535477	77.44847786791463	41.96185639130272	19.76515098248452	0.0	0.0	0.0	36.8778876426097	0.0	45.71161724128853	36.4642221301867	0.0	0.0	0.0	0.0	71.78265433880249	0.0	0.0	0.0	0.0	0.0	0.0	0.0	0.0	0.0	0.0	0.0	0.0	0.0	0.0	0.0	0.0	0.0	0.0	0.0
GSM4138110_HNSCC_1_PBMC_AGTGAGGAGGAATCGC	52.21494246225693	101.71923699831879	0.0	0.0	15.537224996834748	0.0	0.0	11.053125321167517	0.0	0.0	0.0	73.00907573760135	0.0	0.0	0.0	0.0	0.0	0.0	65.81688318841363	0.0	0.0	0.0	0.0	0.0	0.0	0.0	0.0	0.0	0.0	116.76518225117307	0.0	0.0	0.0	0.0	0.0
GSM4138110_HNSCC_1_PBMC_ATGTGTGCAAGCTGGA	198.41720055994995	186.13875356299448	0.0	72.90557203749198	0.0	75.69326288394012	0.0	2.195153394077031	26.653753274524192	144.71060650755626	0.0	0.0	0.0	0.0	0.0	1.2632421855492737	0.0	0.0	30.049003673551788	0.0	0.0	0.0	0.0	0.0	0.0	0.0	0.0	0.0	0.0	0.0	0.0	0.0	0.0	0.0	0.0
GSM4138110_HNSCC_1_PBMC_CGACCTTAGTTACGGG	205.73764505186296	158.30641005795053	0.0	0.0	0.0	0.0	0.0	0.0	39.063978940794314	0.0	0.0	60.39212875804371	0.0	0.0	163.08456577733847	0.0	0.0	0.0	0.0	0.0	0.0	0.0	0.0	0.0	0.0	0.0	0.0	0.0	125.20802698648244	0.0	0.0	0.0	0.0	0.0	0.0
GSM4138110_HNSCC_1_PBMC_GCGACCACATGCATGT	136.5132707211102	127.01107677208257	0.0	0.0	142.98045607105445	0.0	0.0	72.80427780144845	0.0	0.0	0.0	0.0	0.0	32.29508021895539	81.70217724572744	0.0	0.0	37.360396671592255	0.0	0.0	0.0	26.79141167759798	0.0	0.0	0.0	0.0	0.0	0.0	0.0	0.0	0.0	0.0	0.0	0.0	0.0
GSM4138110_HNSCC_1_PBMC_GGATTACGTGCATCTA	151.96232990789522	130.43910691137455	0.0	0.6569297792230824	0.0	26.86524045202003	112.14695722748662	30.02812856660748	0.0	0.0	0.0	112.54490019666346	0.0	0.0	0.0	51.76357264450427	0.0	0.0	0.0	0.0	0.0	0.0	0.0	0.0	0.0	0.0	0.0	0.0	0.0	0.0	0.0	0.0	0.0	0.0	0.0
GSM4138110_HNSCC_1_PBMC_GTGCAGCCACCAGATT	80.2268728165533	142.89416093971687	0.0	4.097496605231867	58.32688926364752	1.0084722061966032	71.55940950626253	0.0	18.244803433287533	0.0	0.0	0.0	0.0	74.24389100208583	0.0	0.0	0.0	0.0	0.0	0.0	0.0	0.0	0.0	0.0	0.0	0.0	0.0	0.0	0.0	0.0	0.0	0.0	0.0	0.0	0.0
GSM4138110_HNSCC_1_PBMC_GTGCGGTTCTATGTGG	98.14892809582257	121.65074337581743	0.0	88.4535827152338	0.0	0.0	0.0	0.0	35.80966544809712	0.0	0.0	0.0	12.685070674798892	97.7192683950062	90.50432813967697	0.0	0.0	21.39906319932957	0.0	0.0	0.0	0.0	0.0	0.0	0.0	0.0	0.0	0.0	0.0	0.0	0.0	0.0	0.0	0.0	0.0
GSM4138110_HNSCC_1_PBMC_GTTCATTTCCCTCTTT	125.74456812005657	111.27459527714767	64.7171266254978	0.0	0.0	0.0	0.0	0.0	28.438367070985603	72.569143060141	0.0	43.5450726630878	0.0	0.0	0.0	0.0	0.0	0.0	0.0	55.587026214603874	0.0	0.0	0.0	0.0	0.0	0.0	0.0	0.0	0.0	0.0	0.0	0.0	0.0	0.0	0.0
GSM4138110_HNSCC_1_PBMC_TCATTACGTAATCACC	191.65218714123242	176.97196103748144	0.0	139.33082769088617	0.0	66.62554376672904	62.272196351605416	37.639644815321944	0.0	0.0	0.0	0.0	62.10652307943794	0.0	0.0	0.0	0.0	0.0	0.0	0.0	0.0	0.0	0.0	0.0	0.0	0.0	0.0	0.0	0.0	0.0	0.0	0.0	0.0	0.0	0.0
GSM4138110_HNSCC_1_PBMC_TTGCCGTTCAGAAATG	124.09769576504567	108.95207601598597	0.0	0.0	67.59270622626966	0.0	0.0	0.0	82.80708680807501	87.94263692383184	0.0	0.0	0.0	19.819386405583842	18.202991715300545	0.0	0.0	48.38478426736653	0.0	0.0	0.0	0.0	0.0	0.0	0.0	0.0	0.0	0.0	0.0	0.0	0.0	0.0	0.0	0.0	0.0
GSM4138110_HNSCC_1_PBMC_TTTGCGCAGTAGCGGT	176.58384193531793	255.89554295788133	151.0505701671603	28.15490221090775	0.0	0.0	244.06829220206956	41.274905311682666	0.0	0.0	0.0	0.0	0.0	0.0	0.0	0.0	0.0	81.50572331902178	0.0	5.900954397002911	0.0	0.0	0.0	0.0	0.0	0.0	0.0	0.0	0.0	0.0	0.0	25.202270722770827	0.0	0.0	0.0
GSM4138110_HNSCC_1_PBMC_TTTGGTTAGCACAGGT	144.79851845299558	144.61454539044178	0.0	0.0	91.0770926900688	0.0	0.0	25.059261209494263	0.0	0.0	0.0	0.0	0.0	74.24511711768754	0.0	0.0	134.92102708806016	0.0	0.0	0.0	0.0	0.0	0.0	0.0	0.0	0.0	0.0	0.0	0.0	0.0	0.0	0.0	0.0	0.0	0.0
