	1	2	3	4	5	6	7	8	9	10	11	12	13	14	15	16	17	18	19	20	21	22	23	24	25	26	27	28	29	30	31	32	33	34
GSM4138110_HNSCC_1_PBMC_AAACCTGAGGAGCGTT	83.1610493935758	0.0	0.0	0.0	68.2679094029918	0.0	82.9254586082507	30.688190201840037	0.0	0.0	0.0	0.0	0.0	0.0	0.0	0.0	9.407967196736054	0.0	17.72030713801828	0.0	0.0	0.0	0.0	0.0	0.0	0.0	0.0	0.0	0.0	0.0	0.0	0.0	0.0	0.0
GSM4138110_HNSCC_1_PBMC_AAACCTGCAGATGAGC	109.76312598056202	0.0	71.45598780609915	0.0	0.0	0.0	0.0	0.0	77.59550664500694	0.0	0.0	0.0	0.0	86.25741309610603	0.0	0.0	0.0	0.0	0.0	0.0	0.0	0.0	0.0	0.0	0.0	0.0	0.0	0.0	0.0	0.0	0.0	0.0	26.202418803103075	0.0
GSM4138110_HNSCC_1_PBMC_AACGTTGAGACTGGGT	72.40323212654371	0.0	0.0	0.0	32.41197039129694	0.0	0.0	0.0	0.0	0.0	0.0	0.0	0.0	0.0	31.877863580560184	0.0	0.0	0.0	73.93005372236767	0.0	0.0	0.0	0.0	0.0	0.0	0.0	0.0	0.0	0.0	0.0	0.0	0.0	0.0	0.0
GSM4138110_HNSCC_1_PBMC_AACGTTGGTTACGACT	68.80601183266384	28.95514565186072	0.0	0.0	0.0	0.0	0.0	0.0	0.0	0.0	0.0	0.0	0.0	87.59189143296638	0.0	21.25251059160609	0.0	0.0	0.0	0.0	0.0	0.0	0.0	0.0	0.0	0.0	0.0	0.0	0.0	0.0	0.0	0.0	0.0	0.0
GSM4138110_HNSCC_1_PBMC_AACGTTGTCTAAGCCA	84.52074741357195	73.23145500968322	0.0	0.0	0.0	0.0	0.0	0.0	0.0	51.93280502660151	0.0	0.0	0.0	42.10201089911591	0.0	0.0	0.0	0.0	0.0	0.0	0.0	0.0	0.0	0.0	0.0	0.0	0.0	0.0	0.0	0.0	0.0	0.0	0.0	0.0
GSM4138110_HNSCC_1_PBMC_AACTCCCCATTTCAGG	52.22619638723898	0.0	0.0	0.0	48.30140231227615	27.34714973118824	0.0	0.0	66.95650863300665	0.0	0.0	0.0	0.0	46.71973052671866	0.0	0.0	0.0	0.0	0.0	0.0	0.0	0.0	0.0	5.15352541592636	0.0	20.763352514582166	0.0	0.0	0.0	0.0	0.0	0.0	0.0	0.0
GSM4138110_HNSCC_1_PBMC_AAGCCGCCACTTCTGC	80.13722365375489	31.502844443174407	34.34665294785963	0.0	0.0	0.0	0.0	0.0	63.555953722617666	0.0	0.0	8.323606725097893	43.0778472553069	0.0	0.0	0.0	0.0	0.0	0.0	0.0	0.0	0.0	0.0	0.0	0.0	0.0	0.0	0.0	0.0	0.0	0.0	0.0	0.0	0.0
GSM4138110_HNSCC_1_PBMC_AAGGTTCGTCTCTTAT	24.041623206753886	0.0	0.0	53.0269207511732	106.41792171458172	0.0	0.0	0.0	0.0	0.0	0.0	73.81677783555875	0.0	0.0	0.0	0.0	0.0	0.0	0.0	0.0	0.0	0.0	0.0	0.0	0.0	0.0	0.0	0.0	0.0	0.0	0.0	0.0	0.0	0.0
GSM4138110_HNSCC_1_PBMC_AAGTCTGAGTACCGGA	73.4484443856981	0.0	37.665840414845064	0.0	0.0	0.0	0.0	0.0	0.0	0.0	0.008491461616070006	26.702288623814795	26.161000105507977	0.0	47.48298867433529	0.0	0.0	0.0	0.0	0.0	0.0	0.0	0.0	0.0	0.0	0.0	0.0	0.0	0.0	0.0	0.0	0.0	0.0	0.0
GSM4138110_HNSCC_1_PBMC_AAGTCTGGTTGCCTCT	54.10545245850706	0.0	7.988933044800173	0.0	0.0	45.585057701772826	0.0	0.0	55.94905373174815	0.0	0.0	22.36006353494013	0.0	0.0	0.0	0.0	0.0	0.0	4.662088782656603	0.0	0.0	0.0	0.0	0.0	0.0	0.0	0.0	0.0	0.0	0.0	0.0	0.0	0.0	0.0
GSM4138110_HNSCC_1_PBMC_AAGTCTGTCCAAACTG	49.86200155517722	1.266420386529168	0.0	0.0	0.0	4.919553140319265	0.0	0.0	0.0	0.0	0.0	63.121692622868636	0.0	0.0	0.0	0.0	68.44948616580284	79.23348528027547	9.848076437433607	0.0	0.0	0.0	0.0	0.0	0.0	0.0	0.0	0.0	0.0	0.0	0.0	0.0	0.0	0.0
GSM4138110_HNSCC_1_PBMC_ACATGGTCACATGGGA	9.31515801679343	40.18314181867488	0.0	0.0	0.0	0.0	0.0	43.98562085261143	0.0	0.0	0.0	6.858515363224934	73.027517697189	0.0	0.0	0.0	0.0	0.0	21.849690367062024	0.0	0.0	0.0	0.0	0.0	0.0	41.505634381473875	0.0	0.0	0.0	0.0	0.0	0.0	0.0	0.0
GSM4138110_HNSCC_1_PBMC_ACGAGCCAGTATCTCG	44.903018739923674	58.89960488382149	0.0	0.0	0.0	0.0	132.22090857216642	46.55270954248615	0.0	0.0	0.0	0.0	0.0	0.0	0.0	0.0	0.0	0.0	0.0	0.0	0.0	0.0	0.0	0.0	0.0	0.0	0.0	0.0	0.0	0.0	0.0	0.0	0.0	0.0
GSM4138110_HNSCC_1_PBMC_ACGAGCCCACTTAACG	161.15273152262347	113.17777485179766	0.0	142.19219746633337	0.0	0.0	0.0	0.0	8.339228669290137	0.0	0.0	0.0	0.0	0.0	0.0	0.0	0.0	0.0	101.6835395665094	0.0	0.0	0.0	0.0	0.0	0.0	0.0	0.0	0.0	0.0	0.0	0.0	0.0	0.0	0.0
GSM4138110_HNSCC_1_PBMC_ACTATCTTCTTCCTTC	65.38315976662754	0.0	37.70362193580352	0.0	0.0	0.0	0.0	0.0	0.0	0.0	0.0	0.0	0.0	8.320525118515269	93.68823948292301	0.0	0.0	28.408012704216922	0.0	0.0	49.48655698250979	0.0	0.0	0.0	30.47154471212115	0.0	0.0	0.0	0.0	0.0	0.0	0.0	0.0	0.0
GSM4138110_HNSCC_1_PBMC_AGAGCTTAGAGCTGGT	114.5164817144116	0.0	0.0	0.0	0.0	103.2915538499588	0.0	0.0	64.54165497767248	0.0	0.0	0.0	0.0	0.0	0.0	0.0	13.505254249104446	0.0	0.0	0.0	0.0	0.0	0.0	64.89261686238024	0.0	0.0	0.0	0.0	0.0	0.0	0.0	0.0	0.0	0.0
GSM4138110_HNSCC_1_PBMC_AGATTGCGTCGCCATG	75.90893803250414	0.0	0.0	0.0	59.84275529708152	0.0	0.0	46.11393701082953	0.0	52.51626992400036	0.0	0.0	0.0	0.0	0.0	0.0	0.0	0.0	0.0	25.82096363241987	0.0	0.0	0.0	0.0	0.0	0.0	0.0	0.0	0.0	0.0	0.0	0.0	0.0	0.0
GSM4138110_HNSCC_1_PBMC_AGCGTATGTTATCCGA	78.69922118383414	75.11156028955189	51.79928802812589	0.0	0.0	0.0	2.484449779937717	0.0	0.0	63.17763293286945	0.0	39.83346352844636	0.0	0.0	0.0	0.0	0.0	0.0	0.0	0.0	0.0	0.0	0.0	0.0	0.0	0.0	0.0	0.0	0.0	0.0	0.0	0.0	0.0	0.0
GSM4138110_HNSCC_1_PBMC_AGGCCACAGTACTTGC	78.58605239700329	0.0	0.0	0.0	46.2867315752687	0.0	0.0	0.0	0.0	0.0	94.02991305503473	0.0	0.0	30.016926894459363	0.0	0.0	0.0	0.0	0.0	0.0	0.0	0.0	0.0	0.0	0.0	0.0	0.0	0.0	0.0	0.0	0.0	0.0	0.0	0.0
GSM4138110_HNSCC_1_PBMC_AGGCCACCACTAAGTC	108.82694698221069	0.0	0.0	0.0	0.0	168.10555251192594	0.0	0.0	105.15729403099961	0.0	0.0	86.0921414096726	161.78229061017475	0.0	0.0	0.0	0.0	0.0	0.0	0.0	0.0	0.0	0.0	0.0	0.0	0.0	0.0	0.0	0.0	0.0	0.0	0.0	0.0	0.0
GSM4138110_HNSCC_1_PBMC_AGTAGTCTCTTAGCCC	55.913870129901774	0.0	0.0	0.0	0.0	0.0	60.5026741749511	0.0	0.0	0.0	0.0	0.0	0.0	77.95867992267729	0.0	0.0	0.0	0.0	0.0	0.0	0.0	47.553673469117825	0.0	0.0	0.0	0.0	0.0	0.0	0.0	0.0	0.0	0.0	0.0	0.0
GSM4138110_HNSCC_1_PBMC_AGTGAGGGTGGCCCTA	87.36872373111332	44.47472953350897	25.755924226016177	0.0	0.0	0.0	115.95457988334788	0.0	0.0	0.0	0.0	0.0	0.0	0.0	0.0	0.0	0.0	0.0	0.0	0.0	0.0	0.0	0.0	56.104284240863365	0.0	0.0	0.0	0.0	0.0	0.0	0.0	0.0	0.0	0.0
GSM4138110_HNSCC_1_PBMC_AGTGTCATCTCGCATC	52.119749087406525	13.32754080456535	28.137518860327475	0.0	0.0	0.0	0.0	39.06537596944158	0.0	0.0	0.0	0.0	0.0	0.0	0.0	0.0	0.0	0.0	0.0	59.60377938738169	0.0	0.0	0.0	0.0	0.0	0.0	0.0	0.0	0.0	0.0	0.0	0.0	0.0	0.0
GSM4138110_HNSCC_1_PBMC_AGTTGGTCATGGTTGT	79.24092092126163	97.35188688395027	0.0	0.0	0.0	0.0	93.9549079194034	0.0	0.0	0.0	0.0	87.14895226305613	0.0	0.0	0.0	0.0	0.0	0.0	0.0	0.0	0.0	0.0	0.0	0.0	0.0	0.0	0.0	0.0	0.0	0.0	0.0	0.0	0.0	0.0
GSM4138110_HNSCC_1_PBMC_AGTTGGTTCTTGGGTA	71.77570529252743	0.0	0.0	0.0	0.0	60.461582837720094	0.0	0.0	30.087307869072188	23.100566039777426	0.0	0.0	0.0	0.0	0.0	0.0	0.0	0.0	0.0	0.5034909997922419	0.0	0.0	28.842165163064745	0.0	0.0	0.0	0.0	0.0	0.0	0.0	0.0	1.0059952088837387	0.0	0.0
GSM4138110_HNSCC_1_PBMC_ATCTACTAGGGTGTGT	96.42136955292588	0.0	0.0	0.0	0.0	156.4348888576855	42.999174153431206	0.0	0.0	0.0	0.0	216.48324513117566	0.0	0.0	0.0	0.0	175.81627405836218	0.0	0.0	0.0	0.0	0.0	0.0	0.0	0.0	0.0	0.0	0.0	0.0	0.0	0.0	0.0	0.0	0.0
GSM4138110_HNSCC_1_PBMC_ATCTACTAGTACGTTC	80.46161846258727	0.0	0.0	0.0	85.5546714738289	0.0	0.0	0.0	0.0	0.0	0.0	0.0	0.0	0.0	0.0	64.55971586609984	0.0	0.0	0.0	0.0	71.95146281285199	0.0	0.0	0.0	0.0	0.0	0.0	0.0	0.0	0.0	0.0	0.0	0.0	0.0
GSM4138110_HNSCC_1_PBMC_ATGAGGGCAAGCGATG	48.081360759914176	54.58468126007223	0.0	0.0	0.0	0.0	0.0	0.0	0.0	56.84598168218077	0.0	5.648511687355017	0.0	0.0	0.0	0.0	0.0	0.0	0.0	7.061295300295281	0.0	0.0	0.0	37.355848582024656	0.0	0.0	0.0	0.0	0.0	0.0	0.0	0.0	0.0	0.0
GSM4138110_HNSCC_1_PBMC_ATGAGGGCACACAGAG	40.98192712199622	0.0	26.144731848473874	0.0	0.0	0.0	0.0	0.0	0.0	26.41370116462465	31.20423491076849	0.0	0.0	74.7018155504227	0.0	1.2421900201074205	0.0	0.0	0.0	0.0	0.0	0.0	0.0	0.0	0.0	0.0	0.0	0.0	0.0	0.0	0.0	0.0	0.0	0.0
GSM4138110_HNSCC_1_PBMC_ATGCGATGTTTGACAC	56.38035980933905	0.0	0.0	0.0	72.50356053202825	0.0	0.0	0.0	0.0	0.0	0.0	0.0	0.0	0.0	46.72952526939833	0.0	0.0	0.0	16.624253027181663	0.0	0.0	0.0	0.0	14.901089267795104	0.0	0.0	0.0	0.0	0.0	0.0	0.0	0.0	0.0	0.0
GSM4138110_HNSCC_1_PBMC_ATGTGTGCATGCGCAC	61.65927846869409	0.0	0.0	0.0	0.0	30.447100433667504	50.45504068301485	0.0	0.0	0.0	0.0	8.901561924199264	48.74093708945438	0.0	0.0	0.0	0.0	0.0	0.0	0.0	0.0	0.0	0.0	0.0	0.0	0.0	0.0	0.0	0.0	0.0	0.0	0.0	0.0	0.0
GSM4138110_HNSCC_1_PBMC_ATTACTCTCATGCTCC	96.9104151364803	49.944931698518964	0.0	39.71755477546317	0.0	0.0	0.0	41.3398756064217	0.0	0.0	66.78189121143863	0.0	0.0	0.0	0.0	0.0	0.0	0.0	0.0	0.0	0.0	0.0	0.0	0.0	0.0	0.0	0.0	0.0	0.0	0.0	0.0	0.0	0.0	0.0
GSM4138110_HNSCC_1_PBMC_ATTATCCGTCACACGC	66.48676583764312	0.0	0.0	86.60584004994557	107.40982173992589	0.0	0.0	6.564678228450939	0.0	0.0	0.0	0.0	0.0	0.0	0.0	0.0	0.0	0.0	0.0	0.0	0.0	22.910424470716947	0.0	0.0	0.0	0.0	0.0	0.0	0.0	0.0	0.0	0.0	0.0	0.0
GSM4138110_HNSCC_1_PBMC_ATTGGACAGAGATGAG	39.67720309311771	0.0	0.0	0.0	0.0	70.10337165216258	61.97611112754019	0.0	0.0	0.0	0.0	32.64135541273972	0.0	0.0	0.0	24.64048667726674	0.0	0.0	29.281636324187037	0.0	0.0	0.0	0.0	0.0	0.0	0.0	0.0	0.0	0.0	0.0	0.0	0.0	0.0	0.0
GSM4138110_HNSCC_1_PBMC_ATTGGTGCAGTGAGTG	64.79077035937375	0.0	55.26673015601729	0.0	0.0	0.0	0.0	0.0	55.61779489847869	0.0	0.0	0.0	22.84951018241081	0.0	0.0	0.0	0.0	0.0	0.0	0.0	33.32870236236275	0.0	0.0	0.0	0.0	0.0	0.0	0.0	0.0	0.0	0.0	0.0	0.0	0.0
GSM4138110_HNSCC_1_PBMC_CAACCAAGTTATCGGT	42.66946543453927	41.76368489928708	0.0	0.0	0.0	0.0	0.0	0.0	0.0	0.0	0.0	0.0	0.0	5.329871213899583	76.57836540902726	0.0	0.0	0.0	0.0	0.0	22.60504071157581	0.0	0.0	0.0	0.0	0.0	0.0	0.0	0.0	0.0	0.0	0.0	0.0	0.0
GSM4138110_HNSCC_1_PBMC_CAACCAATCCTTGACC	87.89978860642353	0.0	66.99981361670545	8.729722088299113	0.0	4.5003839553619995	0.0	0.0	27.562968142368465	0.0	0.0	0.0	0.0	0.0	0.0	0.0	0.0	0.0	0.0	0.0	0.0	19.763582905314422	0.0	0.0	0.0	0.0	0.0	0.0	0.0	0.0	0.0	0.0	0.0	0.0
GSM4138110_HNSCC_1_PBMC_CACAGTAGTCTCCATC	43.00390278718368	20.114090890475417	0.0	0.0	0.0	0.0	0.0	0.0	0.0	0.0	0.0	0.0	0.0	0.0	89.83796443954286	0.0	0.0	0.0	0.0	0.0	129.19804722705422	0.0	0.0	0.0	0.0	0.0	0.0	0.0	0.0	0.0	0.0	0.0	0.0	0.0
GSM4138110_HNSCC_1_PBMC_CACATAGCAAAGCGGT	36.279872434964986	0.0	28.684614125534434	32.1843000563508	0.0	8.563986555912464	49.599988862587075	0.0	0.0	0.0	0.0	0.0	0.0	0.0	0.0	0.0	0.0	4.62872597771598	0.0	0.0	0.0	18.79840994498055	0.0	0.0	0.0	0.0	0.0	0.0	0.0	0.0	0.0	0.0	0.0	0.0
GSM4138110_HNSCC_1_PBMC_CACATAGCACCTCGTT	51.37505615852308	78.00455923622596	0.0	10.158063397046663	0.0	0.0	0.0	0.0	0.0	0.1881144110813809	38.02513572469176	48.414432360632404	0.0	0.0	0.0	15.38761901431753	0.0	0.0	0.0	0.0	0.0	0.0	0.0	0.0	0.0	0.0	0.0	0.0	0.0	0.0	0.0	0.0	0.0	0.0
GSM4138110_HNSCC_1_PBMC_CACATTTGTGCACTTA	50.15814101947986	0.0	0.0	0.0	0.0	39.24183123416187	74.95841608239566	0.0	0.0	0.0	0.0	0.0	0.0	0.0	0.0	0.0	0.0	0.0	0.0	0.0	0.0	0.0	0.0	50.91607318589062	0.0	0.0	0.0	0.0	0.0	0.0	0.0	0.0	0.0	0.0
GSM4138110_HNSCC_1_PBMC_CACATTTTCCCATTAT	52.824681915376566	0.0	8.020583587405165	14.693989907017277	0.0	0.0	0.0	53.77062351841539	0.0	0.0	0.0	0.0	0.0	0.0	0.0	0.0	0.0	54.81206285784277	0.0	0.0	0.0	0.0	0.0	0.0	0.0	34.964339776498456	0.0	0.0	0.0	0.0	0.0	0.0	0.0	0.0
GSM4138110_HNSCC_1_PBMC_CACATTTTCTGGTTCC	54.00344012731179	14.934182415990668	28.446274964029815	26.724761731165994	0.0	9.022875256547643	14.995342626420507	0.0	0.0	0.0	14.193126801704294	30.068151155676453	0.0	0.0	0.0	0.0	0.0	0.0	0.0	0.0	31.957623918965286	0.0	0.0	0.0	0.0	0.0	0.0	0.0	0.0	0.0	0.0	0.0	0.0	1.5613496237281284
GSM4138110_HNSCC_1_PBMC_CACCAGGTCGTGGGAA	68.07996686441254	0.0	0.0	0.0	0.0	72.95850719610137	0.0	0.0	0.0	58.075493538550226	0.0	0.0	0.0	0.0	0.0	0.0	0.0	0.0	0.0	0.0	0.0	0.0	43.915513288431725	0.0	0.0	0.0	32.58529887981232	0.0	0.0	0.0	0.0	0.0	0.0	0.0
GSM4138110_HNSCC_1_PBMC_CAGCAGCCAATGGTCT	53.576472126703	0.0	46.3408495014592	0.0	0.0	0.0	0.0	0.0	0.0	0.0	0.0	0.0	0.0	26.504074518991853	68.45519542847626	0.0	0.0	0.0	0.0	0.0	0.0	0.0	0.0	0.0	0.0	0.0	0.0	0.0	0.0	0.0	0.0	0.0	0.0	0.0
GSM4138110_HNSCC_1_PBMC_CAGCATAGTCCGAGTC	61.02875492515225	32.888529094088355	0.0	0.0	56.982203958824456	0.0	0.0	0.0	0.0	0.0	0.0	0.0	32.132501468823286	0.0	0.0	0.0	30.89198454432763	0.0	0.0	0.0	0.0	0.0	0.0	0.0	0.0	0.0	0.0	0.0	0.0	0.0	0.0	0.0	0.0	0.0
GSM4138110_HNSCC_1_PBMC_CAGCCGAAGCCCAACC	52.19198629068136	0.0	0.0	0.0	0.0	64.59141133302356	0.0	0.0	47.73250269765468	0.0	0.0	59.17421398321457	0.0	0.0	0.0	0.0	0.0	0.0	0.0	0.0	0.0	0.0	0.0	0.0	0.0	0.0	0.0	0.0	0.0	0.0	0.0	0.0	0.0	0.0
GSM4138110_HNSCC_1_PBMC_CAGCCGACATCGACGC	91.96841483938468	0.0	1.3316318067206612	0.0	0.0	48.525543230171486	0.0	0.0	0.0	0.0	0.0	0.0	55.267628435561306	0.0	0.0	54.50204461989848	0.0	0.0	0.0	0.0	0.0	0.0	0.0	0.0	0.0	0.0	0.0	0.0	0.0	0.0	0.0	0.0	0.0	0.0
GSM4138110_HNSCC_1_PBMC_CATATTCTCCGCGTTT	68.28032528495095	0.0	0.0	0.0	60.310309979998834	0.0	46.61737248403446	23.143369775228237	0.0	0.0	0.0	0.0	0.0	0.0	0.0	0.0	0.0	0.0	33.821747901839395	0.0	0.0	0.0	0.0	0.0	0.0	0.0	0.0	0.0	0.0	0.0	0.0	0.0	0.0	0.0
GSM4138110_HNSCC_1_PBMC_CCAATCCCATTAGCCA	90.57972143579751	0.0	84.09667450819902	0.0	0.0	0.0	0.0	0.0	0.0	0.0	81.67121178725377	0.0	0.0	0.0	0.0	0.0	0.0	0.0	52.52733883986409	0.0	0.0	0.0	0.0	0.0	0.0	0.0	0.0	0.0	0.0	0.0	0.0	0.0	0.0	0.0
GSM4138110_HNSCC_1_PBMC_CCACGGAAGATCGGGT	69.34287142629705	51.95530925385459	0.0	0.0	0.0	0.0	0.0	9.380454477281292	83.38979533887816	0.0	0.0	0.0	0.0	0.0	0.0	0.0	0.0	0.0	42.48789136935204	40.18357577150196	0.0	0.0	0.0	0.0	0.0	0.0	0.0	0.0	0.0	0.0	0.0	0.0	0.0	0.0
GSM4138110_HNSCC_1_PBMC_CCATGTCAGAGGTAGA	95.03954019445332	53.896647709519044	0.0	0.0	0.0	0.0	0.0	0.0	97.02717646367515	0.0	0.0	0.0	0.0	0.0	0.0	0.0	0.0	9.04420792915611	0.0	0.0	0.0	0.0	0.0	0.0	0.0	0.0	0.0	35.302897937475905	0.0	0.0	0.0	0.0	0.0	0.0
GSM4138110_HNSCC_1_PBMC_CCATGTCCATGCCCGA	108.79546911925215	0.0	1.174537848192104	0.0	3.7719716005948554	62.92768655724062	0.0	0.0	84.39613619832556	0.0	0.0	0.0	32.86451631206898	0.0	0.0	0.0	20.79593320684053	0.0	0.0	0.0	0.0	0.0	0.0	0.0	0.0	0.0	0.0	0.0	0.0	0.0	0.0	0.0	0.0	0.0
GSM4138110_HNSCC_1_PBMC_CCGGTAGAGCTCCTCT	44.96847865700608	0.0	0.0	0.0	78.79181586392502	0.0	0.0	0.0	0.0	0.0	0.0	0.0	0.0	1.089216314787846	0.0	0.0	0.0	0.0	0.0	45.03050348315772	0.0	0.0	0.0	0.0	0.0	3.41940899971785	0.0	0.0	0.0	0.0	0.0	5.5416303421386655	56.78739964384478	0.0
GSM4138110_HNSCC_1_PBMC_CCTCTGAAGGGATCTG	71.13942459391976	0.0	0.0	0.0	0.0	0.0	0.0	0.0	0.0	0.0	0.0	0.0	0.0	0.0	0.0	0.0	0.0	38.926514730429275	38.353895068252534	0.0	0.0	0.0	0.0	7.225039141962116	62.940606750820876	0.0	0.0	0.0	0.0	0.0	0.0	0.0	0.0	0.0
GSM4138110_HNSCC_1_PBMC_CGAACATGTTCGTTGA	72.57576226676883	0.0	0.0	0.0	0.0	72.9719041681366	0.0	3.028030834418222	0.0	0.0	0.0	0.0	4.623509368528284	0.0	0.0	32.79395763836531	0.0	0.0	0.0	0.0	0.0	0.0	0.0	0.0	0.0	3.1699919081520953	0.0	0.0	20.40944936674243	0.0	0.0	0.0	0.0	0.0
GSM4138110_HNSCC_1_PBMC_CGAACATTCTGTCCGT	56.10949858712636	0.0	0.0	0.0	67.90425256674597	0.0	0.0	0.0	0.0	0.0	0.0	19.013629394580562	51.50592417066565	0.0	55.132043064993134	0.0	0.0	0.0	0.0	0.0	0.0	0.0	0.0	0.0	0.0	0.0	0.0	0.0	0.0	0.0	0.0	0.0	0.0	0.0
GSM4138110_HNSCC_1_PBMC_CGAATGTAGCGTCTAT	83.44026623925218	0.0	0.0	0.0	0.0	0.0	0.0	0.0	0.0	1.2894182015633566	0.0	34.938293502547495	0.0	15.600099983420161	0.0	0.0	0.0	31.05883301614234	0.0	41.93046110837923	0.0	0.0	0.0	0.0	0.0	0.0	0.0	0.0	0.0	0.0	0.0	0.0	0.0	0.0
GSM4138110_HNSCC_1_PBMC_CGGGTCAAGTCTCGGC	85.45891539252017	0.0	0.0	0.0	111.76918628308341	0.0	0.0	0.0	0.0	0.0	0.0	0.0	0.0	0.0	0.0	0.0	0.0	0.0	0.0	0.0	0.0	8.079897477459825	0.0	0.0	7.9299240677941905	0.0	0.0	0.0	0.0	41.982972322062956	0.0	0.0	0.0	0.0
GSM4138110_HNSCC_1_PBMC_CGTCTACCAAGCGTAG	153.48764313561162	0.0	0.0	0.0	0.0	60.931864696872196	0.0	0.0	0.0	0.0	0.0	34.92546536066765	0.0	0.0	0.0	104.87098410459554	0.0	0.0	0.0	0.0	14.794423584015266	0.0	0.0	0.0	0.0	0.0	0.0	0.0	0.0	0.0	0.0	0.0	0.0	0.0
GSM4138110_HNSCC_1_PBMC_CGTGTCTAGGTCGGAT	90.89892247747554	70.09915933727999	0.0	72.35143151127843	0.0	0.0	0.0	70.98677079724392	0.0	0.0	0.0	0.0	0.0	0.0	0.0	0.0	0.0	0.0	0.0	0.0	0.0	0.0	0.0	0.0	0.0	0.0	0.0	0.0	0.0	0.0	0.0	0.0	0.0	0.0
GSM4138110_HNSCC_1_PBMC_CGTTAGACATCCAACA	49.31697278448789	0.0	0.0	0.0	0.0	114.78600345722239	0.0	0.0	0.0	0.0	0.0	0.0	0.0	16.56278146710697	29.10486954833431	0.0	0.0	0.0	0.0	0.0	0.0	0.0	0.0	0.0	0.0	0.0	0.0	0.0	0.0	0.0	0.0	0.0	0.0	0.0
GSM4138110_HNSCC_1_PBMC_CGTTGGGCATATGCTG	32.917483506273214	61.107470478923005	0.0	0.0	0.0	0.0	52.446030635444124	0.0	0.0	0.0	0.0	0.0	0.0	0.0	0.0	0.0	0.0	0.0	0.0	13.882478569981734	0.0	35.47341722529366	0.0	0.0	0.0	0.0	0.0	0.0	0.0	0.0	0.0	0.0	0.0	0.0
GSM4138110_HNSCC_1_PBMC_CTAATGGTCTCGCTTG	88.19977064659774	0.0	21.53383262925674	42.15943762385349	0.0	0.0	0.0	50.94239425554606	0.0	0.0	0.0	0.0	0.0	0.0	0.0	0.0	0.0	0.0	0.0	0.0	0.0	0.0	0.0	0.0	0.0	0.0	0.0	0.0	0.0	0.0	0.0	0.0	0.0	0.0
GSM4138110_HNSCC_1_PBMC_CTACATTTCACCAGGC	63.46381358847808	0.0	22.37650800277104	0.0	29.798016459024865	0.0	0.0	0.0	0.0	59.723308035118016	0.0	0.0	0.0	0.0	0.0	0.0	0.0	0.0	0.0	0.0	0.0	0.0	0.0	62.408607148887704	0.0	0.0	0.0	0.0	0.0	0.0	0.0	0.0	0.0	0.0
GSM4138110_HNSCC_1_PBMC_CTACGTCTCGAACGGA	46.920939463234916	64.14914920551543	0.0	0.0	0.0	0.0	0.0	0.0	0.0	26.768274707072607	0.0	0.0	0.0	0.0	0.0	0.0	0.11171126919764572	0.0	0.0	0.0	0.0	31.81421350094366	0.0	0.0	0.0	0.0	0.0	0.0	0.0	0.0	0.0	0.0	0.0	0.0
GSM4138110_HNSCC_1_PBMC_CTAGAGTCACTTACGA	53.96661900264079	0.0	0.0	70.47144090118258	50.73663006651224	0.0	0.0	0.0	29.189296563122856	0.0	0.0	0.0	0.0	29.678429897709847	0.0	0.0	0.0	0.0	0.0	0.0	0.0	0.0	0.0	0.0	0.0	0.0	0.0	0.0	0.0	0.0	0.0	0.0	0.0	0.0
GSM4138110_HNSCC_1_PBMC_CTCAGAATCCGGGTGT	77.80788526755713	0.0	0.0	0.0	41.97478781343937	0.0	0.0	0.0	0.0	0.0	0.0	34.28536874823936	0.0	0.0	0.0	80.13480460243213	0.0	0.0	0.0	0.0	0.0	0.0	0.0	0.0	0.0	0.0	0.0	0.0	0.0	0.0	0.0	0.0	0.0	0.0
GSM4138110_HNSCC_1_PBMC_CTCGGGATCAATACCG	45.385690263405856	0.0	0.0	0.0	0.0	0.0	0.0	0.0	0.0	0.0	0.0	0.0	0.0	56.57388574489044	3.7131239243769834	152.45546228943144	0.0	90.59341748196034	0.0	0.0	0.0	0.0	0.0	0.0	0.0	0.0	0.0	0.0	0.0	0.0	0.0	0.0	0.0	0.0
GSM4138110_HNSCC_1_PBMC_CTCGTACAGATCGGGT	141.73409132295478	146.8816354765668	0.0	0.0	0.0	0.0	0.0	0.0	0.0	0.0	0.0	0.0	5.480591814482489	0.0	202.11080328242144	0.0	0.0	0.0	0.0	0.0	74.90144588754237	0.0	0.0	0.0	0.0	0.0	135.83336022378057	0.0	0.0	0.0	0.0	0.0	0.0	0.0
GSM4138110_HNSCC_1_PBMC_CTCGTACTCTGTCCGT	74.2374014668719	27.55676727018549	0.0	0.0	67.10424718338358	0.0	80.43756250514544	50.633431640572326	0.0	0.0	0.0	0.0	0.0	0.0	0.0	0.0	0.0	0.0	0.0	0.0	0.0	0.0	0.0	0.0	0.0	0.0	0.0	0.0	0.0	0.0	0.0	0.0	0.0	0.0
GSM4138110_HNSCC_1_PBMC_CTCTGGTAGGCGTACA	52.007308269211315	18.094272994824813	33.974237894781986	0.0	0.0	0.0	0.0	0.0	0.0	0.0	0.0	0.9978553716668046	0.0	0.0	13.680799766047505	0.0	0.0	0.0	0.0	0.0	12.994678554271259	0.0	0.0	0.0	0.0	0.0	0.0	0.0	0.0	28.071711255199748	0.0	0.0	0.0	0.0
GSM4138110_HNSCC_1_PBMC_CTGAAACTCCGAGCCA	35.195486741229246	0.0	0.0	0.0	0.0	46.42208388354267	0.0	0.0	0.0	0.0	0.0	40.81101358970415	0.0	0.0	0.0	0.0	62.01399446804212	0.0	18.160114410166514	16.028517424180656	0.0	0.0	0.0	0.0	0.0	0.0	0.0	0.0	0.0	0.0	0.0	0.0	0.0	0.0
GSM4138110_HNSCC_1_PBMC_CTGAAGTAGCGATCCC	47.92418592527464	0.0	0.0	0.0	0.0	62.55070438617067	0.0	0.0	0.0	0.0	56.842132244104825	0.0	0.0	28.45294190219754	0.0	0.0	0.0	0.0	0.0	0.0	0.0	0.0	0.0	0.0	0.0	0.0	0.0	0.0	21.134125419090967	0.0	0.0	0.0	0.0	0.0
GSM4138110_HNSCC_1_PBMC_CTGATAGAGATCTGCT	50.123779913835584	0.0	0.0	0.0	31.89693862587802	0.0	56.15958469985989	0.0	0.0	0.0	0.0	0.0	0.0	0.0	0.0	0.0	0.0	0.0	0.0	0.0	48.32420429294869	0.0	5.261771843275081	0.0	0.0	0.0	38.01664400683147	0.0	0.0	0.0	0.0	0.0	0.0	0.0
GSM4138110_HNSCC_1_PBMC_CTGATAGAGCCTTGAT	70.10936085165854	69.04828971527829	0.0	0.0	0.0	0.0	0.0	61.931248174164836	69.86314028471361	0.0	0.0	0.0	0.0	0.0	0.0	0.0	0.0	0.0	0.0	0.0	0.0	0.0	0.0	0.0	0.0	0.0	0.0	0.0	0.0	0.0	0.0	0.0	0.0	0.0
GSM4138110_HNSCC_1_PBMC_CTGCCTAAGGTGCTTT	98.91711685209738	14.858875500025194	0.0	0.0	89.0408341934185	0.0	0.0	19.47143348842124	0.0	0.0	0.0	0.0	0.0	0.0	0.0	0.0	34.09119887451746	0.0	0.0	0.0	0.0	18.615286594329614	0.0	0.0	0.0	0.0	0.0	0.0	0.0	0.0	0.0	0.0	0.0	0.0
GSM4138110_HNSCC_1_PBMC_CTGCCTATCACGACTA	43.34942778337578	0.0	0.0	0.0	53.47928944645354	0.0	0.0	0.0	0.0	89.31949679701343	0.0	0.0	0.0	0.0	0.0	0.0	0.0	0.0	0.0	0.0	0.0	21.063506763550482	0.0	0.0	0.0	0.0	0.0	0.0	0.0	0.0	0.0	0.0	0.0	0.0
GSM4138110_HNSCC_1_PBMC_CTGGTCTTCGAGAACG	25.97811231223971	0.0	0.0	0.0	42.32485479438889	0.0	0.0	0.0	39.648835805901776	0.0	3.0823857306947304	1.8828240837633516	52.166799456683954	0.0	0.0	0.0	0.0	0.0	0.0	0.0	0.0	0.0	0.0	0.0	0.0	0.0	0.0	0.0	0.0	0.0	0.0	0.0	0.0	0.0
GSM4138110_HNSCC_1_PBMC_CTGTTTAAGTGGAGTC	35.706570893961555	0.0	0.0	0.0	74.0909617497802	0.0	29.806392500328318	51.33313544657926	0.0	0.0	0.0	0.0	0.0	0.0	0.0	0.0	0.13819831944952157	0.0	0.0	0.0	0.0	0.0	0.0	0.0	0.0	0.0	0.0	0.0	0.0	0.0	0.0	0.0	0.0	0.0
GSM4138110_HNSCC_1_PBMC_GAACATCTCCCTAATT	99.695178483855	111.39050548777641	0.0	90.11736180509422	0.0	0.0	0.0	0.0	0.0	0.0	0.0	0.0	61.40968373245	0.0	0.0	0.0	0.0	0.0	0.0	0.0	0.0	0.0	0.0	0.0	0.0	0.0	0.0	0.0	0.0	0.0	0.0	0.0	0.0	0.0
GSM4138110_HNSCC_1_PBMC_GAACCTATCTGAGGGA	47.895350318213445	0.0	24.72423268928512	0.0	26.9569463874123	0.0	64.39285343344683	0.0	0.0	0.0	0.0	0.0	0.0	0.0	0.0	0.0	0.0	0.0	0.0	0.0	31.40333155019532	0.0	0.0	0.0	0.0	0.0	0.0	0.0	0.0	0.0	0.0	0.0	0.0	0.0
GSM4138110_HNSCC_1_PBMC_GAATGAATCAGTTAGC	30.14975075970792	22.461425024105257	0.0	61.40677765459791	0.0	0.0	0.0	0.0	0.0	0.0	0.0	0.0	0.0	58.55357174973584	0.0	0.0	0.0	0.0	0.0	0.0	0.0	0.0	0.0	0.0	0.0	0.0	0.0	0.0	0.0	0.0	0.0	0.0	0.0	0.0
GSM4138110_HNSCC_1_PBMC_GATCGATAGTACACCT	109.07756037650715	8.915774491749659	0.0	49.81901598986832	0.0	40.877040859949496	0.0	0.0	0.0	0.0	0.0	37.96736533008934	0.0	0.0	0.0	0.0	0.0	0.0	0.0	0.0	0.0	0.0	0.0	0.0	0.0	0.0	0.0	0.0	0.0	0.0	0.0	0.0	0.0	0.0
GSM4138110_HNSCC_1_PBMC_GATCGATTCAGCATGT	95.54676646190988	0.0	99.28054403770935	0.0	0.0	0.0	0.0	71.85815624862033	0.0	14.645831858996079	0.0	0.0	0.0	0.0	66.34609885021106	0.0	0.0	0.0	0.0	0.0	0.0	0.0	0.0	0.0	0.0	0.0	0.0	0.0	0.0	0.0	0.0	0.0	0.0	0.0
GSM4138110_HNSCC_1_PBMC_GATGAAATCCAAGCCG	46.44491463596304	32.63574197599972	0.0	0.0	0.0	0.0	0.0	0.0	75.43461261259141	0.0	0.0	0.0	0.0	0.0	0.0	0.0	0.0	0.0	0.0	0.0	0.0	0.0	0.0	0.0	0.0	0.0	0.0	88.65847520146643	0.0	0.0	0.0	0.0	0.0	0.0
GSM4138110_HNSCC_1_PBMC_GCACATAAGGTGTGGT	61.281246435341664	0.0	51.99120753758773	0.0	0.0	0.0	0.0	0.0	0.0	0.0	0.0	0.0	0.0	51.63793570069124	0.0	0.0	0.0	0.0	0.0	0.0	68.74261682373665	0.0	0.0	0.0	0.0	27.841724666628473	0.0	0.0	0.0	17.0431729177813	1.3234935332109774	0.0	0.0	0.0
GSM4138110_HNSCC_1_PBMC_GCACTCTGTACAGTGG	19.649590126406554	0.0	0.0	0.0	9.609514140878339	33.52733500933869	0.0	0.0	0.0	0.0	115.40271540582678	0.0	0.0	70.33063577013702	53.270848865003146	0.0	0.0	0.0	0.0	0.0	0.0	0.0	0.0	0.0	0.0	0.0	0.0	0.0	0.0	0.0	0.0	0.0	0.0	0.0
GSM4138110_HNSCC_1_PBMC_GCCTCTAAGTTAAGTG	45.808956540504525	0.0	44.85617561608385	0.0	0.0	0.0	0.0	0.0	0.0	51.108738963929326	0.0	32.70406088467823	0.0	0.0	0.0	0.0	0.0	0.0	0.0	0.0	0.0	0.0	0.0	0.0	0.0	0.0	0.0	0.0	0.0	0.0	0.0	0.0	0.0	0.0
GSM4138110_HNSCC_1_PBMC_GCCTCTAGTTGAACTC	78.76825291911297	0.0	35.04269194492823	0.0	0.0	13.996019835447251	50.44896140986828	0.0	0.0	0.0	0.0	35.054965613500706	0.0	0.0	0.0	0.0	0.0	0.0	7.377076828947702	0.0	0.0	0.0	0.0	0.0	0.0	0.0	0.0	0.0	0.0	0.0	0.0	0.0	0.0	0.0
GSM4138110_HNSCC_1_PBMC_GCGAGAAAGTGACATA	76.58489673348829	98.27238669511978	52.83923391757548	46.92784274930567	0.0	0.0	0.0	5.888753798290028	0.0	0.0	0.0	0.0	0.0	0.0	0.0	0.0	0.0	0.0	1.2771470029557643	30.725541576979136	0.0	0.0	0.0	21.00667631332964	0.0	0.0	0.0	0.0	0.0	0.0	0.0	0.0	0.0	0.0
GSM4138110_HNSCC_1_PBMC_GCTGCAGGTCCTCTTG	22.490647534630853	0.0	0.0	0.0	0.0	0.0	79.2816653389761	0.0	0.0	0.0	0.0	0.0	0.0	28.388936352270665	0.0	0.0	0.0	71.22747410668507	0.0	0.0	0.0	0.0	0.0	0.0	0.0	0.0	0.0	0.0	0.0	0.0	0.0	0.0	0.0	0.0
GSM4138110_HNSCC_1_PBMC_GGAAAGCAGTCAATAG	55.38854202523896	0.0	0.0	0.0	0.0	80.84700022687734	57.97316276208297	32.638215259817656	29.796746478444636	0.0	0.0	0.0	13.449245041880156	0.0	0.0	0.0	0.0	0.0	0.0	0.0	0.0	0.0	0.0	0.0	0.0	0.0	0.0	0.0	0.0	0.0	0.0	0.0	0.0	0.0
GSM4138110_HNSCC_1_PBMC_GGAACTTGTTTACTCT	62.29229322792324	22.50878071320372	31.91256785534012	41.12782246547868	0.0	0.0	0.0	0.0	0.0	0.0	0.0	0.0	0.0	0.03774560376657694	0.0	0.0	0.0	0.0	0.0	0.0	0.0	0.0	0.0	0.0	0.0	0.0	0.0	40.894651785543765	0.0	0.0	0.0	0.0	0.0	0.0
GSM4138110_HNSCC_1_PBMC_GGCAATTGTCCTCTTG	40.29722278284468	17.024813922065277	0.0	0.0	0.0	0.0	0.0	0.0	59.92874259676583	0.0	0.0	0.0	0.0	0.0	0.0	0.0	0.0	0.0	0.0	0.0	53.910838975331785	0.0	0.0	0.0	0.0	0.0	0.0	0.0	0.0	0.0	0.0	0.0	0.0	0.0
GSM4138110_HNSCC_1_PBMC_GGGACCTAGGCCCTTG	47.09681796914148	0.0	0.0	54.85380899705261	0.0	45.487630836438946	0.0	0.0	0.0	0.0	0.0	0.0	20.414993944303465	0.0	0.0	0.0	0.0	0.0	0.0	0.0	0.0	0.0	0.0	0.0	0.0	0.0	0.0	0.0	0.0	0.0	0.0	0.0	0.0	0.0
GSM4138110_HNSCC_1_PBMC_GGGACCTTCGTCCAGG	49.66380483848239	0.0	13.72703015679539	0.0	0.0	23.603851512870932	0.0	0.0	0.0	51.059130319692265	0.0	0.0	0.0	48.99443329554488	22.729418790416474	0.0	0.0	0.0	0.0	0.0	0.0	0.0	0.0	0.0	0.0	0.0	0.0	0.0	0.0	0.0	0.0	0.0	0.0	0.0
GSM4138110_HNSCC_1_PBMC_GGGATGACAATGGTCT	41.875515742076736	0.0	59.20472263978064	0.0	0.0	20.218868900030657	0.0	0.0	0.0	66.78665977558298	0.0	16.716802683610343	0.0	0.0	0.0	0.0	0.0	0.0	0.0	0.0	0.0	0.0	0.0	0.0	0.0	0.0	0.0	0.0	0.0	0.0	0.0	0.0	0.0	0.0
GSM4138110_HNSCC_1_PBMC_GGGCACTGTCTAGGTT	92.21733054093026	82.11172013994825	7.961701360413369	0.0	0.0	0.0	0.0	12.958651137110802	81.38828260054557	0.0	0.0	0.0	0.0	0.0	0.0	0.0	0.0	0.0	0.0	0.0	0.0	0.0	0.0	0.0	0.0	0.0	42.646899746013375	0.0	0.0	0.0	0.0	0.0	0.0	0.0
GSM4138110_HNSCC_1_PBMC_GGTATTGTCCTTCAAT	38.06457891311397	0.0	0.0	0.0	0.0	64.68964254290519	0.0	0.0	0.0	0.0	0.0	9.167780420067091	0.0	0.0	0.0	0.0	0.0	0.0	0.0	0.0	0.0	0.0	0.0	72.12071448888577	12.852649510093913	0.0	0.0	0.0	0.0	30.836796881297662	0.0	0.0	0.0	0.0
GSM4138110_HNSCC_1_PBMC_GGTGTTACAATCCAAC	39.87895247775344	0.0	0.0	0.0	0.0	57.33528384523316	44.641036571784014	0.0	0.0	0.0	0.0	0.0	0.0	0.0	0.0	0.0	0.0	0.0	0.0	0.0	0.0	0.0	42.95228244839028	0.0	0.0	0.0	0.0	0.0	0.0	0.0	0.0	0.0	0.0	0.0
GSM4138110_HNSCC_1_PBMC_GGTGTTACAGCCACCA	48.30083000228301	0.0	0.0	0.0	62.06234789473901	0.0	0.0	20.66662646562756	31.815475079762592	0.0	0.0	0.0	0.0	0.0	0.0	0.0	0.0	0.0	0.0	37.37893529694005	0.0	0.0	0.0	12.7819545095982	0.0	0.0	0.0	0.0	0.0	0.0	0.0	0.0	0.0	0.0
GSM4138110_HNSCC_1_PBMC_GTAACGTTCGTATCAG	109.56036704613393	82.25711007959052	0.0	128.7674851441846	0.0	0.0	0.0	42.378626234605775	0.0	0.0	0.0	0.0	38.13692727667571	0.0	0.0	0.0	0.0	0.0	0.0	0.0	0.0	9.359662158705385	0.0	0.0	0.0	0.0	0.0	0.0	0.0	0.0	0.0	0.0	0.0	0.0
GSM4138110_HNSCC_1_PBMC_GTATTCTTCTTCCTTC	56.42561658298052	0.0	0.0	12.362098580529672	0.0	64.7126198898771	0.0	0.0	10.621411862873224	0.0	43.13992578234498	0.0	0.0	0.0	0.0	0.0	0.0	0.0	0.0	0.0	0.0	49.607983155735354	0.0	0.0	0.0	0.0	0.0	0.0	0.0	0.0	0.0	0.0	0.0	0.0
GSM4138110_HNSCC_1_PBMC_GTCAAGTGTGGGTATG	62.802914219151575	0.0	72.22481038870906	0.0	0.0	0.0	0.0	63.3661115912342	0.0	0.0	49.174129226705546	0.0	0.0	0.0	0.0	0.0	0.0	0.0	0.0	0.0	0.0	0.0	0.0	0.0	0.0	0.0	0.0	0.0	0.0	0.0	0.0	0.0	0.0	0.0
GSM4138110_HNSCC_1_PBMC_GTCACGGGTGCAACGA	37.11387117430956	504.46132553251994	0.0	0.0	0.0	0.0	0.0	0.0	0.0	0.0	0.0	0.0	0.0	0.0	0.0	57.74256110345795	0.0	0.0	0.0	0.0	952.1711601997629	0.0	0.0	0.0	0.0	0.0	0.0	0.0	0.0	0.0	0.0	0.0	0.0	0.0
GSM4138110_HNSCC_1_PBMC_GTGCGGTCAAGGTGTG	41.38394438805708	87.07435005101159	0.0	0.0	0.0	0.0	38.14092289875433	0.0	0.0	0.0	6.628673521497825	0.0	0.0	0.0	29.190124802868986	0.0	0.0	0.0	0.0	0.0	0.0	0.0	0.0	0.0	0.0	0.0	0.0	0.0	81.12231788790126	0.0	0.0	0.0	0.0	0.0
GSM4138110_HNSCC_1_PBMC_GTGTGCGAGGAGCGAG	45.03257917265585	0.0	0.0	131.67523729101765	0.0	0.0	0.0	0.0	0.0	0.0	0.0	0.0	0.0	0.0	0.0	0.0	0.0	42.6638541629561	0.0	0.0	0.0	0.0	0.0	0.0	0.0	0.0	30.2645175647483	0.0	0.0	0.0	0.0	0.0	0.0	0.0
GSM4138110_HNSCC_1_PBMC_GTGTGCGCAAGTCATC	49.342872173295575	112.28117386992332	0.0	0.0	0.0	0.0	0.0	0.0	0.0	0.0	0.0	0.0	11.415635817331522	0.0	0.0	0.0	58.8089394014248	0.0	9.646676275899864	0.0	0.0	8.016433629281126	0.0	0.0	0.0	0.0	0.0	0.0	0.0	0.0	0.0	0.0	0.0	0.0
GSM4138110_HNSCC_1_PBMC_TAAACCGTCATCTGTT	77.01315171610388	79.95160785853714	0.0	0.0	0.0	0.0	0.0	0.0	0.0	0.0	0.0	0.0	0.0	0.0	0.0	51.64797211646562	0.0	0.0	34.09927551159234	0.0	0.0	0.0	0.0	0.0	0.0	0.0	0.0	0.0	0.0	0.0	0.0	0.0	0.0	0.0
GSM4138110_HNSCC_1_PBMC_TAAGCGTCAATGGATA	71.42184552170473	0.0	49.454185220234066	0.0	0.0	0.0	0.0	86.13025794465025	76.71700839726199	0.0	0.0	0.0	0.0	0.0	0.0	0.0	0.0	0.0	0.0	0.0	0.0	0.0	0.0	0.0	0.0	0.0	0.0	0.0	0.0	0.0	0.0	0.0	0.0	0.0
GSM4138110_HNSCC_1_PBMC_TACACGATCCTGCCAT	85.08143565330354	75.74189360026533	0.0	35.288875785177076	0.0	0.0	0.0	0.0	0.0	0.0	0.0	0.0	0.0	0.0	0.0	0.0	43.13358687150355	0.0	82.48957493160502	0.0	0.0	24.31790614337737	0.0	0.0	0.0	0.0	0.0	0.0	0.0	0.0	0.0	0.0	0.0	0.0
GSM4138110_HNSCC_1_PBMC_TACCTTAAGGCTAGAC	91.07509622906899	63.60608103327603	0.0	0.0	0.0	0.0	0.0	0.0	0.0	0.0	0.0	0.0	0.0	10.058089753073974	0.0	15.572373649731983	0.0	0.0	0.0	0.0	26.716071091152795	0.0	0.0	0.0	46.43061345806997	0.0	0.0	0.0	0.0	0.0	0.0	0.0	0.0	0.0
GSM4138110_HNSCC_1_PBMC_TACGGATCAGGGTATG	50.19031697573188	0.0	0.0	0.0	0.0	14.552410210461453	0.0	0.0	0.0	0.0	63.57834482789734	0.0	0.0	40.491594245727065	0.0	5.404283824761974	0.0	54.85655084034882	0.0	0.0	0.0	0.0	0.0	0.0	0.0	0.0	0.0	0.0	0.0	0.0	0.0	0.0	0.0	0.0
GSM4138110_HNSCC_1_PBMC_TAGAGCTCAGATGGCA	56.357651784445544	55.065035004511586	0.0	0.0	0.0	0.0	0.0	0.0	0.0	0.0	0.0	0.0	0.0	72.08951293779863	0.0	0.0	0.9974226613644099	0.0	0.0	0.0	0.0	0.0	0.0	0.0	45.48709751535981	0.0	0.0	0.0	0.0	0.0	0.0	0.0	0.0	0.0
GSM4138110_HNSCC_1_PBMC_TAGCCGGAGAAGGCCT	70.4065874586413	0.0	0.0	0.0	32.87190495624567	0.0	0.0	56.08670706276009	0.0	0.0	0.0	0.0	0.0	0.0	9.039513942574718	0.0	52.8709659751838	32.50836560794862	0.0	0.0	0.0	0.0	0.0	0.0	0.0	0.0	0.0	0.0	0.0	0.0	0.0	0.0	0.0	0.0
GSM4138110_HNSCC_1_PBMC_TATCTCAAGGTGCACA	45.61388574806098	37.919514841965025	0.0	36.63347822682124	0.0	0.0	0.0	0.0	0.0	0.0	0.0	40.9601377333694	0.0	0.0	0.0	0.0	0.0	0.0	0.0	0.6008946706723401	0.0	0.0	0.0	0.0	0.0	0.0	0.0	0.0	0.0	0.0	0.0	0.0	0.0	0.0
GSM4138110_HNSCC_1_PBMC_TCACAAGGTTCATGGT	59.85957639666406	23.69883496506924	0.0	0.0	18.91133725217734	0.0	0.0	0.0	0.0	64.5139489557094	0.0	1.814815311528904	19.33024312728573	0.0	0.0	0.0	0.0	0.0	0.0	0.0	0.0	0.0	0.0	0.0	0.0	0.0	0.0	0.0	0.0	0.0	0.0	0.0	0.0	0.0
GSM4138110_HNSCC_1_PBMC_TCACAAGTCTTGACGA	199.0685552076693	0.0	0.0	0.0	190.9599145727354	0.0	0.0	0.0	0.0	0.0	0.0	284.9727898756874	0.0	0.0	0.0	0.0	266.1893437087061	0.0	0.0	0.0	0.0	0.0	0.0	0.0	0.0	0.0	0.0	0.0	0.0	0.0	0.0	0.0	0.0	0.0
GSM4138110_HNSCC_1_PBMC_TCGAGGCTCGGAAATA	64.43955517206264	0.0	0.0	0.0	84.00476124492477	0.0	0.0	0.0	0.0	73.34648630988502	0.0	0.0	0.0	0.0	0.0	12.467266455920406	0.0	0.0	0.0	0.0	0.0	0.0	0.0	0.0	0.0	0.0	0.0	0.0	43.88731912199594	0.0	0.0	0.0	0.0	0.0
GSM4138110_HNSCC_1_PBMC_TCTATTGGTTTAGGAA	61.48012054692362	61.57393274275943	0.0	0.0	0.0	0.0	6.3076672624295975	40.055653954296986	0.0	27.731503684902453	0.0	0.0	0.6603328840855743	0.0	0.0	0.0	0.0	0.0	0.0	21.984227018941247	0.0	0.0	0.0	0.0	0.0	0.0	0.0	0.0	0.0	0.0	0.0	0.0	0.0	0.0
GSM4138110_HNSCC_1_PBMC_TCTATTGTCATCTGCC	83.13567293025213	0.0	0.0	0.0	0.0	0.0	0.0	0.0	0.0	22.411104684902945	0.0	0.0	0.0	0.0	0.0	0.0	0.0	12.808791278797154	0.0	0.0	0.0	0.0	0.0	0.0	0.0	0.0	0.0	0.0	39.80721921343734	0.0	0.0	0.0	0.0	0.0
GSM4138110_HNSCC_1_PBMC_TCTTCGGCACCCTATC	65.74397253831201	4.86172983883615	87.70850563110781	0.0	0.0	0.0	0.0	0.0	61.19846361968357	0.0	0.0	0.0	29.02911258308654	0.0	0.0	0.0	0.0	0.0	0.0	0.0	0.0	0.0	0.0	0.0	0.0	0.0	0.0	0.0	4.785469271469302	0.0	0.0	0.0	0.0	0.0
GSM4138110_HNSCC_1_PBMC_TGGGCGTTCACAGGCC	0.0	0.0	0.0	0.0	0.0	0.0	0.0	0.0	0.0	0.0	0.0	0.0	0.0	0.0	0.0	0.0	0.0	0.0	0.0	0.0	0.0	0.0	2667.044939193027	0.0	0.0	0.0	0.0	0.0	0.0	0.0	0.0	0.0	0.0	0.0
GSM4138110_HNSCC_1_PBMC_TGTGTTTGTTAAAGAC	64.88661388896764	0.0	0.0	0.0	0.0	0.0	111.58052734145302	0.0	0.0	0.0	0.0	0.0	144.3261432570358	0.0	0.0	0.0	0.0	112.79731064325598	0.0	0.0	0.0	0.0	0.0	0.0	0.0	0.0	0.0	0.0	0.0	0.0	0.0	0.0	0.0	0.0
GSM4138110_HNSCC_1_PBMC_TGTTCCGCACGGCGTT	242.22363828887066	0.0	22.538621040217635	181.8868197168665	124.65098037578073	0.0	0.0	0.0	17.54343358933258	0.0	0.0	129.25376916700014	37.34601894764237	0.0	0.0	0.0	0.0	0.0	0.0	0.0	0.0	0.0	0.0	0.0	0.0	0.0	0.0	0.0	0.0	0.0	0.0	0.0	0.0	0.0
GSM4138110_HNSCC_1_PBMC_TTAGGCAAGGCTAGCA	79.16467639818784	0.0	25.555221752805462	0.0	0.0	0.0	0.0	0.0	54.624589646387044	0.0	0.0	49.93588866804407	0.0	0.0	0.0	0.0	0.0	36.10304471697694	0.0	0.0	0.0	0.0	0.0	0.0	0.0	0.0	0.0	0.0	0.0	0.0	0.0	0.0	0.0	0.0
GSM4138110_HNSCC_1_PBMC_TTCCCAGCACATGGGA	24.73032442068104	0.0	31.952750069004086	0.0	33.17048979070792	0.0	11.604163446149984	0.0	0.0	0.0	0.0	0.0	0.0	0.0	0.0	0.0	0.0	0.0	0.0	0.0	0.0	0.0	0.0	0.0	0.0	41.40886489790978	0.0	81.75852832080038	0.0	0.0	0.0	0.0	0.0	0.0
GSM4138110_HNSCC_1_PBMC_TTCGGTCAGACCCACC	70.55763526695343	16.105371244392664	0.0	12.605571963424609	0.0	18.252042238711706	0.0	23.186436313961185	28.124797655689328	19.86410275698901	0.0	0.0	0.0	0.0	0.0	0.0	0.0	2.9692041303135652	0.0	0.0	0.0	0.0	0.0	0.0	0.0	0.0	0.0	0.0	0.0	0.0	0.0	0.0	0.0	0.0
GSM4138110_HNSCC_1_PBMC_TTCTCCTTCCTCAATT	58.93115694395579	0.0	60.75188673632804	29.39430524158067	22.685223625294828	0.0	0.0	0.0	0.0	0.0	0.0	36.61616227855831	10.630861527025086	0.0	17.985932109837595	0.0	0.0	0.0	0.0	0.0	0.0	0.0	0.0	0.0	0.0	0.0	0.0	0.0	0.0	0.0	0.0	0.0	0.0	0.0
GSM4138110_HNSCC_1_PBMC_TTGAACGGTCGAAAGC	47.49521531102312	0.0	0.0	0.0	51.05850048086894	0.0	0.0	0.0	0.0	54.41830007815675	0.0	0.0	0.0	0.0	0.0	0.0	0.0	0.0	0.0	0.0	0.0	0.0	29.390414225723546	0.0	0.0	0.0	0.0	0.0	0.0	0.0	0.0	3.5214187917980313	0.0	0.0
GSM4138110_HNSCC_1_PBMC_TTGCCGTAGTCAAGCG	48.34183289375075	0.0	0.0	0.0	61.751101822913434	0.0	0.0	25.610584228419008	92.90822373647484	0.0	0.0	0.0	0.0	0.0	0.0	0.0	0.0	0.0	15.007592349768792	0.0	0.0	0.0	0.0	0.0	0.0	0.0	0.0	0.0	0.0	0.0	0.0	0.0	0.0	0.0
GSM4138110_HNSCC_1_PBMC_TTGCGTCTCAAGGCTT	60.87166375546439	0.0	50.61572169649339	0.0	0.0	0.0	0.0	0.0	0.0	0.0	62.82234974047309	0.0	42.18874026794821	0.0	0.0	0.0	0.0	31.779134251961942	0.0	0.0	0.0	0.0	0.0	0.0	0.0	0.0	0.0	0.0	0.0	0.0	0.0	0.0	0.0	0.0
GSM4138110_HNSCC_1_PBMC_TTTATGCGTGCATCTA	36.97891360614205	0.0	66.04690683038709	0.0	0.0	0.0	0.0	0.0	0.0	7.652104686951279	0.0	0.0	0.0	14.351147699529609	0.0	0.0	0.0	0.0	0.0	32.13888807213355	0.0	0.0	0.0	0.0	0.0	0.0	0.0	0.0	0.0	0.0	0.0	0.0	0.0	0.0
GSM4138110_HNSCC_1_PBMC_TTTGCGCTCTTGTACT	71.99285291606436	0.0	0.0	0.0	0.0	0.0	84.27072650451544	0.0	0.0	0.0	0.0	0.0	27.21215210062129	0.0	0.0	0.0	0.0	31.731669413032083	0.0	0.0	0.0	0.0	0.0	0.0	0.0	0.0	0.0	0.0	0.0	0.0	0.0	0.0	0.0	0.0
GSM4138110_HNSCC_1_PBMC_TTTGGTTCACTTCTGC	75.50238809137838	0.0	0.0	0.0	133.46725186392962	0.0	0.0	0.0	0.0	73.7551981998079	0.0	0.0	0.0	0.0	0.0	0.0	8.899638899183742	0.0	34.49014482545686	0.0	0.0	0.0	0.0	0.0	0.0	0.0	0.0	22.14685388088381	0.0	0.0	0.0	0.0	0.0	0.0
GSM4138110_HNSCC_1_PBMC_CTACACCAGTTGTAGA	195.01012236160358	75.86093820403883	0.0	0.0	0.0	0.0	138.55551170872272	0.0	0.0	0.0	0.0	81.54372426355873	0.0	0.0	0.0	0.0	0.0	0.0	0.0	0.0	0.0	0.0	0.0	0.0	0.0	0.0	0.0	0.0	0.0	0.0	0.0	0.0	0.0	0.0
GSM4138110_HNSCC_1_PBMC_AACTGGTGTCAGAATA	60.99471682203962	0.0	0.0	0.0	0.0	68.52418187658454	47.611207931757505	0.0	0.0	0.0	0.0	0.0	0.0	5.847433393457927	0.0	0.0	0.0	0.0	0.0	0.0	0.0	16.56775197444189	0.0	0.0	0.0	0.0	0.0	0.0	6.459181407231687	0.0	0.0	0.0	0.0	0.0
GSM4138110_HNSCC_1_PBMC_AAACGGGTCCTCAACC	62.74445566983312	0.0	55.391889333881124	0.0	0.0	0.0	0.0	0.0	49.714615349077704	0.0	0.0	0.0	0.0	0.0	0.0	0.0	0.0	0.0	0.0	0.0	0.0	35.53422480934602	0.0	0.0	0.0	0.0	0.0	0.0	0.0	0.0	0.0	0.0	0.0	0.0
GSM4138110_HNSCC_1_PBMC_AAGGCAGAGGCGTACA	46.822407986678776	0.0	0.0	0.0	78.16755429961741	0.0	0.0	0.0	64.50705770992661	0.0	0.0	0.0	23.68889949612736	0.0	0.0	0.0	0.0	0.0	4.736067475094902	0.0	0.0	0.0	0.0	0.0	0.0	0.0	0.0	0.0	0.0	0.0	0.0	0.0	0.0	0.0
GSM4138110_HNSCC_1_PBMC_ACATGGTCAATGGAGC	75.48259432853352	87.85303502002878	0.0	29.793748965467987	0.0	0.0	19.816261569241277	0.0	0.0	0.0	2.313619212316003	0.0	5.452966350087455	0.0	0.0	0.0	0.0	0.0	37.331869901082634	0.0	0.0	0.0	0.0	0.0	0.0	0.0	0.0	0.0	0.0	0.0	0.0	0.0	0.0	0.0
GSM4138110_HNSCC_1_PBMC_ACGATGTGTTATCACG	60.77451973893106	48.56626519184663	0.0	0.0	0.0	0.0	0.0	31.929184552147934	44.8646473323768	8.321649262027163	0.0	0.0	0.0	0.0	0.0	0.0	0.0	0.0	0.0	0.0	0.0	0.0	0.0	0.0	0.0	0.0	0.0	0.0	0.0	0.0	0.0	0.0	0.0	0.0
GSM4138110_HNSCC_1_PBMC_ACGGCCATCTCCCTGA	95.36472592988835	0.0	49.82856242170131	0.0	25.912417487715263	0.0	0.0	0.0	0.0	0.0	0.0	0.0	17.183179439909125	8.67414468846975	0.0	100.99296346533863	0.0	0.0	0.0	0.0	40.063269260171786	0.0	0.0	0.0	0.0	0.0	0.0	0.0	2.508074119632081	0.0	0.0	0.0	0.0	0.0
GSM4138110_HNSCC_1_PBMC_AGCTCTCTCATTGCCC	111.42958575484813	93.15947817036427	0.0	0.0	0.0	0.0	0.0	0.0	0.0	0.0	0.0	131.53193809088413	0.0	0.0	0.0	0.0	0.0	0.0	0.0	0.0	0.0	0.0	0.0	0.0	52.96933353261415	0.0	0.0	0.0	0.0	37.212199760261726	0.0	0.0	0.0	0.0
GSM4138110_HNSCC_1_PBMC_AGGTCATTCTCTAGGA	85.03154985306602	65.76236444323304	0.0	0.0	0.0	0.0	4.480223332999044	0.0	0.0	55.479314990304765	0.0	0.0	0.0	62.841458226700176	0.0	0.0	0.0	0.0	0.0	0.0	0.0	0.0	0.0	0.0	0.0	0.0	0.0	0.0	0.0	0.0	0.0	0.0	0.0	0.0
GSM4138110_HNSCC_1_PBMC_ATAGACCTCTGGTGTA	80.65073027886422	0.0	6.563862976862276	0.0	0.0	0.0	0.0	0.0	0.0	0.0	0.0	0.0	43.843730435190345	0.0	115.67681503713739	0.0	0.0	37.4381197423853	0.0	0.0	0.0	0.0	0.0	0.0	0.0	0.0	0.0	0.0	0.0	0.0	0.0	0.0	0.0	0.0
GSM4138110_HNSCC_1_PBMC_ATAGACCTCTTCCTTC	61.238796272989426	21.93719864995581	0.0	35.40538985621146	0.0	0.0	0.0	0.0	0.0	0.0	0.0	0.0	44.152429195472514	0.0	0.0	0.0	0.0	5.501482960333567	0.0	0.0	0.0	2.24286482497236	0.0	0.0	0.0	0.0	0.0	0.0	0.0	0.0	0.0	0.0	0.0	0.0
GSM4138110_HNSCC_1_PBMC_ATCTACTCACTGTGTA	86.49772074141524	0.0	0.0	0.0	0.0	58.655873009176325	0.0	0.0	0.0	12.866933778641867	0.0	0.0	0.0	0.0	0.0	0.0	0.0	0.0	0.0	0.0	65.4535744934828	0.0	0.0	0.0	0.0	18.910015677789023	0.0	0.0	0.0	40.60758506952204	0.0	0.0	0.0	0.0
GSM4138110_HNSCC_1_PBMC_ATCTGCCAGGAATCGC	80.77508325847546	0.0	43.194710778948036	0.0	0.0	0.0	0.0	60.86105319241391	54.481037635356614	1.6645153585821997	0.0	0.0	0.0	0.0	0.0	0.0	0.0	21.57356497322448	0.0	0.0	0.0	0.0	0.0	0.0	0.0	0.0	0.0	0.0	0.0	0.0	0.0	0.0	0.0	0.0
GSM4138110_HNSCC_1_PBMC_ATGGGAGCATGGGAAC	120.44736103690558	196.1894163338811	0.0	0.0	0.0	0.0	121.88447813944543	0.0	0.0	0.0	0.0	127.97675418923596	0.0	0.0	0.0	0.0	0.0	0.0	131.63713875333562	0.0	0.0	0.0	0.0	0.0	0.0	0.0	0.0	0.0	0.0	0.0	0.0	0.0	0.0	0.0
GSM4138110_HNSCC_1_PBMC_ATGTGTGGTAGCTGCC	20.81817094627256	0.0	0.0	4.581530045785413	0.0	0.0	0.0	0.0	0.0	0.0	0.0	45.88515854240069	0.0	0.0	0.0	0.0	0.0	19.080011332952587	0.0	0.0	0.0	0.0	0.0	0.0	0.0	119.34041069389778	0.0	0.0	0.0	0.0	0.0	0.0	0.0	0.0
GSM4138110_HNSCC_1_PBMC_CACAAACCATCCCACT	104.70812607249307	0.0	53.60112726718664	59.91087505420229	1.5303562197015261	0.0	0.0	3.2747397431017866	0.0	0.0	0.0	0.0	56.59508792558545	0.0	0.0	0.0	0.0	0.0	0.0	0.0	0.0	0.0	0.0	0.0	0.0	0.0	0.0	0.0	0.0	0.0	0.0	0.0	0.0	0.0
GSM4138110_HNSCC_1_PBMC_CACCACTAGTTACCCA	86.11209578890343	0.0	8.470558877670236	0.0	0.0	61.815494517555216	0.0	59.761958700459324	75.713451031519	0.0	0.0	0.0	0.0	0.0	0.0	0.0	0.0	0.0	0.0	0.0	0.0	0.0	0.0	0.0	0.0	0.0	0.0	0.0	0.0	0.0	0.0	0.0	0.0	0.0
GSM4138110_HNSCC_1_PBMC_CATGCCTTCAGCTCTC	55.53415427803968	0.0	30.832168354981004	0.0	5.811502412360954	0.0	77.41846032422438	0.0	0.0	0.0	0.0	74.48318175077787	0.0	0.0	0.0	0.0	0.0	51.51950453268855	0.0	0.0	0.0	0.0	0.0	0.0	0.0	0.0	0.0	0.0	0.0	0.0	0.0	0.0	0.0	0.0
GSM4138110_HNSCC_1_PBMC_CATGGCGCATGTTCCC	76.05190197796493	34.28126006063085	0.0	0.0	0.0	0.0	0.0	10.064355396375932	0.0	0.0	0.0	0.0	43.55035696844946	0.0	0.0	0.0	0.0	0.0	0.0	110.6406528910399	0.0	0.0	0.0	0.0	0.0	0.0	28.848518551102853	0.0	0.0	0.0	0.0	0.0	0.0	0.0
GSM4138110_HNSCC_1_PBMC_CCACCTAGTAGTACCT	83.4219010656827	0.0	0.0	16.36726749575896	0.0	100.71745846830427	0.0	15.667149499660232	0.0	0.0	0.0	0.0	0.0	0.0	0.0	0.0	0.0	0.0	0.0	26.902103225202328	0.0	23.787344744453417	0.0	0.0	0.0	0.0	0.0	12.000704178394468	0.0	0.0	0.0	0.0	0.0	0.0
GSM4138110_HNSCC_1_PBMC_CCGTTCAGTATATCCG	87.5852804326585	19.92744842815784	8.251621385482869	0.0	0.0	0.0	0.0	7.243955701499999	0.0	0.0	0.0	0.0	34.06658837630241	0.0	0.0	0.0	79.71554219589471	17.81733288771666	0.0	0.0	0.0	0.0	0.0	44.41546150628988	0.0	0.0	0.0	0.0	0.0	0.0	0.0	0.0	0.0	0.0
GSM4138110_HNSCC_1_PBMC_CCTACACGTCCGAAGA	28.980749954011447	67.59828206257384	0.0	0.0	0.0	0.0	0.0	0.0	0.0	0.0	43.06961062520635	0.0	47.96493272404506	0.0	0.0	0.0	0.0	0.0	0.0	0.0	0.0	0.0	0.0	0.0	0.0	0.0	0.0	0.0	0.0	0.0	0.0	0.0	0.0	0.0
GSM4138110_HNSCC_1_PBMC_CCTCTGAGTCGCGAAA	116.56197023468484	26.817979424406406	59.393639623937	0.0	0.0	0.0	0.0	72.74350007013662	0.0	83.91461553646792	7.584171460662548	0.0	0.0	0.0	0.0	0.0	0.0	0.0	0.0	0.0	0.0	0.0	0.0	0.0	0.0	0.0	0.0	2.5468231005993816	0.0	0.0	0.0	0.0	0.0	0.0
GSM4138110_HNSCC_1_PBMC_CGCTGGAAGGCATGTG	63.86214440212882	54.5609165137593	0.0	0.0	0.0	0.0	0.0	0.0	0.0	0.0	48.63653242376265	0.0	12.578213172589601	0.0	0.0	33.62375797837185	0.0	0.0	0.0	0.0	0.0	0.0	48.52330661470881	0.0	0.0	0.0	0.0	0.0	0.0	0.0	0.0	0.0	0.0	0.0
GSM4138110_HNSCC_1_PBMC_CGGAGTCTCACAATGC	59.140955556087704	28.784853331510824	39.05685071706475	60.31937609936367	0.0	0.0	0.0	0.0	3.314797519714178	0.0	0.0	0.0	0.0	0.0	0.0	0.0	0.09393212863859919	0.0	0.0	0.0	0.0	0.0	0.0	36.3783774462933	0.0	0.0	0.0	0.0	0.0	0.0	0.0	0.0	0.0	0.0
GSM4138110_HNSCC_1_PBMC_CGGCTAGAGCTACCGC	90.30272682788328	48.43139049339167	0.0	43.97748205436095	0.0	0.0	0.0	52.10936074951503	0.0	0.0	0.0	0.0	0.0	0.0	0.0	0.0	0.0	0.0	0.0	43.243050524057935	0.0	0.0	0.0	0.954691385212975	0.0	0.0	0.0	0.0	0.0	0.0	0.0	0.0	0.0	0.0
GSM4138110_HNSCC_1_PBMC_CGTTGGGCAAGCCGCT	28.386016283740137	45.444592821688055	0.0	0.0	0.0	0.0	0.0	2.4525078583079507	10.220143000266589	41.13145626288772	0.0	0.0	0.0	11.653082229448275	0.0	0.0	0.0	0.0	0.0	0.0	0.0	0.0	24.177345481227498	0.0	0.0	0.0	25.76572115807362	0.0	0.0	0.0	0.0	0.0	0.0	0.0
GSM4138110_HNSCC_1_PBMC_CTCAGAAGTCCGACGT	38.00202254938527	0.0	49.23860919719495	68.97208726727325	15.231734163407987	0.0	0.0	0.0	0.0	0.0	0.0	0.0	0.0	0.0	0.0	0.0	0.0	0.0	0.0	0.0	42.512746894599786	0.0	0.0	0.0	0.0	0.0	0.0	0.0	0.0	0.0	0.0	0.0	0.0	0.0
GSM4138110_HNSCC_1_PBMC_CTCGTACCACGCGAAA	64.81152075581065	0.0	19.698596032875628	29.862899033532216	33.091953876849026	0.0	0.0	0.0	0.0	0.0	0.0	0.0	0.0	0.0	0.0	0.0	0.0	0.0	0.0	19.359539427674015	0.0	0.0	0.0	47.33901737037556	0.0	0.0	0.0	0.0	0.0	0.0	0.0	0.0	0.0	0.0
GSM4138110_HNSCC_1_PBMC_GAAATGAAGAGCCTAG	134.20369055063892	65.41438644347812	42.716043989373766	24.129969391537884	0.0	0.0	0.0	0.0	45.908236592275884	2.278963933760648	0.0	0.0	0.0	0.0	0.0	0.0	0.0	0.0	0.0	3.7933593761646245	0.0	0.0	0.0	77.5866200887856	0.0	5.807324696874612	0.0	0.0	0.0	0.0	0.0	0.0	0.0	0.0
GSM4138110_HNSCC_1_PBMC_GACGTTATCTAACCGA	68.06890653156101	24.044352639687286	29.486359434769295	0.0	0.0	0.0	0.0	0.0	51.90241099697946	0.0	0.0	77.5987487341942	0.0	0.0	0.0	0.0	0.0	0.0	0.0	0.0	0.0	0.0	0.0	0.0	0.0	0.0	0.0	0.0	0.0	0.0	0.0	0.0	0.0	0.0
GSM4138110_HNSCC_1_PBMC_GACTGCGTCGGCATCG	63.214629559593114	0.0	0.0	0.0	0.0	0.0	76.81765394181242	0.0	0.0	0.0	0.0	0.0	0.0	0.0	0.0	0.0	0.0	51.45960824089657	0.0	0.0	0.0	0.0	0.0	0.0	0.0	0.0	0.0	53.92357444177533	0.0	0.0	0.0	0.0	0.0	0.0
GSM4138110_HNSCC_1_PBMC_GATGAGGAGGCTAGCA	50.219942671298824	0.0	47.50934674357179	0.0	0.0	0.0	0.0	29.38107587444589	0.0	0.0	0.0	0.0	10.012269375389995	0.0	26.616617971497742	49.01024718540834	0.0	0.0	0.0	0.0	0.0	0.0	0.0	0.0	0.0	0.0	0.0	0.0	0.0	0.0	0.0	0.0	0.0	0.0
GSM4138110_HNSCC_1_PBMC_GATTCAGCACCACGTG	66.533021044038	0.0	0.0	0.0	0.0	0.0	0.0	0.0	0.0	23.946500345848477	0.0	0.0	0.0	0.0	0.0	0.0	0.0	20.621422611598994	0.0	0.0	0.0	0.0	22.030634071574255	0.0	46.67428613023122	0.0	33.91544272175364	0.0	0.0	0.0	0.0	0.0	0.0	0.0
GSM4138110_HNSCC_1_PBMC_GCAATCAGTAGCTCCG	38.66194116954	0.0	8.040222540953694	0.0	26.94274119806858	5.227379506937239	0.0	0.0	0.0	8.101643469959654	10.733191501079379	0.0	0.0	37.225439792510265	0.0	0.0	0.0	0.0	0.0	0.0	0.0	0.0	0.0	0.0	5.806238920420998	0.0	0.0	0.0	0.0	28.117349953014237	0.0	0.0	0.0	0.0
GSM4138110_HNSCC_1_PBMC_GCGACCAGTAGCCTAT	68.99028279929317	0.0	0.0	3.6003674888690975	91.96888464927858	0.0	62.53764825047236	59.333951252864864	0.0	0.0	0.0	0.0	0.0	0.0	0.0	0.0	0.0	0.0	0.0	0.0	0.0	0.0	0.0	0.0	0.0	0.0	0.0	0.0	0.0	0.0	0.0	0.0	0.0	0.0
GSM4138110_HNSCC_1_PBMC_GCTTCCATCTCATTCA	33.237197753021995	89.3090249656838	0.0	0.0	0.0	0.0	0.0	0.0	0.0	0.0	0.0	0.0	0.0	0.0	0.0	0.0	62.32735755717914	0.0	0.0	0.0	0.0	0.0	0.0	38.87175343417002	0.0	0.0	0.0	0.0	0.0	0.0	0.0	0.0	0.0	0.0
GSM4138110_HNSCC_1_PBMC_GCTTGAAAGACCTTTG	45.44248601022893	28.985061779851517	0.0	0.0	14.401013297607017	0.0	0.0	18.244089620351794	0.0	0.0	0.0	0.0	0.0	0.0	0.0	0.0	54.97333338432503	0.0	4.286956248311881	0.0	0.0	0.0	0.0	0.0	0.0	0.0	0.0	0.0	0.0	0.0	0.0	0.0	0.0	0.0
GSM4138110_HNSCC_1_PBMC_GGACAAGGTAATTGGA	62.09194885059567	31.435186313949735	0.0	75.02273594786764	18.916190848975077	0.0	0.0	0.0	0.0	0.0	0.0	0.0	0.0	59.394414029272745	0.0	0.0	0.0	0.0	0.0	0.0	0.0	0.0	0.0	0.0	0.0	0.0	0.0	0.0	0.0	0.0	0.0	0.0	0.0	0.0
GSM4138110_HNSCC_1_PBMC_GGCGTGTAGCACGCCT	46.78917860296255	33.787556343751895	14.100667130544645	0.0	0.0	0.0	22.66682598960724	0.0	0.0	0.0	0.0	0.0	15.408879440939286	0.0	0.0	0.0	0.0	0.0	0.0	0.0	0.0	0.0	0.0	0.0	0.0	0.0	0.0	0.0	15.20444236818132	18.250831252738124	0.0	0.0	0.0	0.0
GSM4138110_HNSCC_1_PBMC_GGCGTGTAGCGTTTAC	53.26924473009056	21.660359372127207	0.0	0.0	18.29579850387761	0.0	0.0	0.0	0.0	0.0	0.0	0.0	28.708874466309787	0.0	0.0	0.0	36.681820683827375	0.0	0.0	0.0	0.0	0.0	0.0	0.0	0.0	0.0	0.0	0.0	0.0	0.0	0.0	0.0	0.0	0.0
GSM4138110_HNSCC_1_PBMC_GGCTGGTCAATGGACG	121.85353374780018	23.373083773750068	16.72713324591061	0.0	0.0	0.0	0.0	0.0	0.0	0.0	0.0	0.0	0.0	0.0	0.0	0.0	0.0	0.0	0.0	7.908811624976277	0.0	0.0	0.0	62.65549841982039	0.0	103.62842010973637	0.0	0.0	0.0	8.389196262983404	0.0	0.0	0.0	0.0
GSM4138110_HNSCC_1_PBMC_GGGAATGTCAGCTGGC	74.57665907900257	89.9749648104748	0.0	0.0	0.0	0.0	0.0	0.0	0.0	72.17287248170535	0.0	0.0	0.0	0.0	0.0	0.0	0.0	0.0	0.0	0.0	0.0	0.0	51.49100941002713	0.0	4.551029405310187	0.0	12.21389264241193	0.0	0.0	0.0	0.0	0.0	0.0	0.0
GSM4138110_HNSCC_1_PBMC_GGGTTGCAGATCGGGT	64.38568205247333	17.414206588272194	37.05914244907328	0.0	10.945854716775152	0.0	0.0	0.0	0.0	9.407300116728985	0.0	0.0	0.0	0.0	0.0	0.0	0.0	0.0	0.0	0.0	46.54183248136117	0.0	0.0	0.0	14.273491169153314	0.0	0.0	0.0	0.0	28.02439554866896	0.0	0.0	0.0	0.0
GSM4138110_HNSCC_1_PBMC_GGTATTGCACATTAGC	69.97854584476923	0.0	0.0	0.0	13.02353778490172	0.0	0.0	0.0	0.0	0.0	0.0	0.0	0.0	0.0	0.0	0.0	0.0	0.0	0.0	0.0	34.04917698297695	0.0	0.0	0.0	0.0	0.0	0.0	0.0	0.0	58.71959559663701	0.0	0.0	0.0	0.0
GSM4138110_HNSCC_1_PBMC_GGTGTTAGTGTGACCC	80.76144834680859	34.36944215637135	0.0	0.0	0.0	0.0	0.0	0.0	0.0	0.0	0.0	0.0	0.0	0.0	0.0	0.0	0.0	0.0	44.76911835125905	69.92388262099783	0.0	0.0	0.0	0.0	0.0	0.0	0.0	0.0	0.0	0.0	0.0	0.0	0.0	0.0
GSM4138110_HNSCC_1_PBMC_GTCACAAGTATCACCA	43.26174172323803	0.0	0.0	0.0	0.0	71.63719974938228	68.32354866720968	0.0	0.0	0.0	0.0	66.10342445439022	0.0	0.0	0.0	0.0	0.0	0.0	0.0	0.0	0.0	0.0	0.0	0.0	0.0	0.0	0.0	0.0	0.0	0.0	0.0	0.0	0.0	0.0
GSM4138110_HNSCC_1_PBMC_GTCACAATCGCAAGCC	65.26598588628843	0.0	0.0	0.0	0.0	45.32702592680099	33.10267533200682	0.0	38.360387400775736	0.0	0.0	0.0	0.0	0.0	0.0	0.0	0.0	0.0	0.0	0.0	0.0	0.0	0.0	29.337125969840006	0.0	0.0	0.0	0.0	0.0	0.0	0.0	0.0	0.0	0.0
GSM4138110_HNSCC_1_PBMC_GTCACGGCAAGCTGGA	36.39680484147633	32.20471556215049	0.0	0.0	0.0	0.0	3.647911823536685	0.0	4.06238532237578	0.0	61.01799337927201	0.0	0.0	0.0	40.724724923405404	0.0	37.905237785092275	0.0	6.666410175025136	0.0	0.0	0.0	0.0	0.0	0.0	0.0	0.0	34.94118055134296	0.0	0.0	0.0	0.0	0.0	0.0
GSM4138110_HNSCC_1_PBMC_GTCGTAAAGGCATGTG	117.64979194332003	177.13566834224733	0.0	0.0	0.0	0.0	0.0	0.0	0.0	91.70705746383373	0.0	0.0	0.0	0.0	0.0	0.0	0.0	0.0	0.0	0.0	0.0	0.0	68.72467512957458	0.0	0.0	0.0	0.0	0.0	20.591803873530033	0.0	0.0	0.0	0.0	0.0
GSM4138110_HNSCC_1_PBMC_GTCGTAATCTTGCAAG	61.72457658043611	45.07821431358561	0.0	0.0	0.0	0.0	26.724697440392223	28.895476422766613	0.0	0.0	0.0	0.0	0.0	0.0	0.0	23.115845638715367	0.0	0.0	0.0	0.0	0.0	0.0	0.0	0.0	0.0	0.0	0.0	0.0	0.0	0.0	0.0	0.0	0.0	0.0
GSM4138110_HNSCC_1_PBMC_GTCTCGTCATGCGCAC	66.29969413107654	57.36569431294832	0.0	22.718270020845473	0.0	0.0	0.0	0.0	0.0	0.0	51.185992621290666	0.0	0.0	0.0	0.0	0.0	0.0	0.0	0.0	0.0	0.0	36.827478703961326	0.0	0.0	0.0	0.0	0.0	0.0	0.0	0.0	0.0	0.0	0.0	0.0
GSM4138110_HNSCC_1_PBMC_GTGAAGGCACATTTCT	70.68810158464584	3.8828634907258013	9.433221372384946	0.0	0.0	0.0	0.0	56.20076841904446	0.0	0.0	12.394122588572063	0.0	0.0	0.0	0.0	0.0	50.21026680365808	84.70617745361523	0.0	0.0	0.0	0.0	0.0	0.0	0.0	0.0	0.0	0.0	0.0	0.0	0.0	0.0	0.0	0.0
GSM4138110_HNSCC_1_PBMC_GTGCAGCAGACCGGAT	131.50825440374666	74.6277272357447	0.0	0.0	0.0	0.0	0.0	31.670355008191752	0.0	0.0	98.33737676416068	0.0	22.410566670967984	0.0	0.0	0.0	0.0	0.0	0.0	0.0	0.0	0.0	9.707799432960602	0.0	0.0	0.0	0.0	0.0	0.0	0.0	0.0	0.0	0.0	0.0
GSM4138110_HNSCC_1_PBMC_GTTAAGCTCATACGGT	50.01667141841091	0.0	0.0	0.0	0.0	33.14225109424476	67.15712405158159	0.0	0.0	0.0	0.0	0.0	0.0	0.0	0.0	0.0	0.0	5.988181807462689	0.0	0.0	0.0	0.0	0.0	0.0	0.0	0.0	0.0	32.6026465960074	0.0	0.0	0.0	0.0	0.0	0.0
GSM4138110_HNSCC_1_PBMC_TAAACCGAGGGTCGAT	56.09559332605858	0.0	0.0	18.45992372052936	60.19502132827052	0.0	0.0	0.0	0.0	0.0	2.86362303841565	8.841986602219048	0.0	0.0	0.0	1.8557147212266791	0.0	0.0	40.21786723351665	37.75114168667444	0.0	0.0	0.0	0.0	0.0	0.0	0.0	0.0	0.0	0.0	0.0	0.0	0.0	0.0
GSM4138110_HNSCC_1_PBMC_TACCTTAAGGCTCTTA	86.19598346456434	0.0	0.0	52.960145267539346	0.0	77.39812769473595	0.0	20.987871179402312	0.0	0.0	6.82702309963032	37.54485898686186	3.0970707540839673	0.0	0.0	0.0	0.0	0.0	0.0	0.0	0.0	0.0	0.0	0.0	0.0	0.0	0.0	0.0	0.0	0.0	0.0	0.0	0.0	0.0
GSM4138110_HNSCC_1_PBMC_TAGAGCTTCGTTGCCT	115.48187107889171	116.30677451056442	0.0	83.37152649501674	0.0	0.0	0.0	0.0	0.0	0.0	0.0	0.0	0.0	0.0	0.0	0.0	0.0	0.0	0.0	0.0	0.0	0.0	0.0	0.0	0.0	2.675842815475324	0.0	0.0	0.0	0.0	110.58777006393332	0.0	0.0	0.0
GSM4138110_HNSCC_1_PBMC_TAGGCATTCCCAGGTG	50.20590638803519	0.0	14.588104295652965	98.41329745533429	0.0	17.208461005514522	0.0	12.244835348860745	0.0	0.0	0.0	0.0	6.715602200726734	0.0	0.0	0.0	0.0	0.0	0.0	0.0	0.0	0.9483773257228449	0.0	2.3815810937851163	0.0	0.0	0.0	8.613414271030846	0.0	0.0	0.0	0.0	0.0	0.0
GSM4138110_HNSCC_1_PBMC_TCACAAGCACATCCGG	91.03659028821211	0.0	0.0	0.0	29.092325771844305	0.0	0.0	0.0	0.0	19.616490254842773	0.0	67.99663360713991	0.0	0.0	15.082133167846967	0.0	0.0	0.0	0.0	0.0	0.0	0.0	0.0	0.0	0.0	42.16789967700969	0.0	0.0	0.0	0.0	0.0	0.0	0.0	0.0
GSM4138110_HNSCC_1_PBMC_TCAGCTCCATGACGGA	100.27339708758976	29.03997607799399	0.0	0.0	0.0	0.0	0.0	0.0	15.305030916935682	24.089982005420225	0.0	0.0	26.196469138236562	0.0	0.0	0.0	0.0	0.0	0.0	0.0	0.0	0.0	0.0	0.0	0.0	0.0	0.0	0.0	0.0	0.0	0.0	0.0	0.0	0.0
GSM4138110_HNSCC_1_PBMC_TCGAGGCTCCAGGGCT	49.205723799577086	0.0	0.0	0.0	45.70244326469449	0.0	0.0	0.0	0.0	0.0	0.0	0.0	0.0	0.0	0.0	0.0	0.0	0.0	0.0	0.0	20.04475378509262	0.0	0.0	0.0	44.344770689653906	0.0	24.588615522763735	0.0	17.511094451894856	0.0	0.0	0.0	0.0	0.0
GSM4138110_HNSCC_1_PBMC_TCTATTGCAGTCAGCC	89.87573083144157	0.0	0.0	0.0	0.0	49.029301901791364	8.97814117425269	0.0	0.0	0.0	0.0	62.203588265401294	0.0	0.0	0.0	0.0	0.0	0.0	0.0	62.573934924401065	0.0	0.0	0.0	0.0	0.0	0.0	0.0	0.0	0.0	0.0	0.0	0.0	0.0	0.0
GSM4138110_HNSCC_1_PBMC_TCTCTAAGTGGTAACG	83.94413541192424	0.0	0.5006334174185523	0.0	0.0	84.7678124323616	0.0	0.0	0.0	105.19452915059901	0.0	0.0	0.0	0.0	33.72014069033754	0.0	0.0	3.2614467226886634	0.0	0.0	0.0	0.0	50.836859301386234	0.0	0.0	0.0	0.0	0.0	0.0	0.0	12.274738898424255	0.0	0.0	0.0
GSM4138110_HNSCC_1_PBMC_TCTGAGATCTAGCACA	37.16690986932779	0.0	37.08615128547958	0.0	0.0	0.0	0.0	0.0	58.461375392090886	0.0	2.3581964397088893	0.0	0.0	0.0	0.0	0.0	0.0	1.145229796372114	0.0	0.0	0.0	0.0	0.0	0.0	0.0	0.0	57.4585260546884	0.0	0.0	0.0	0.0	0.0	0.0	0.0
GSM4138110_HNSCC_1_PBMC_TCTTTCCCACTGAAGG	106.5366342647995	60.55386189544898	0.0	0.0	27.047998398453892	0.0	51.32777272991411	71.2354376442332	65.89169271001147	0.0	0.0	0.0	0.0	0.0	0.0	0.0	0.0	0.0	17.44175370889184	0.0	0.0	0.0	0.0	0.0	0.0	0.0	0.0	0.0	0.0	0.0	0.0	0.0	0.0	0.0
GSM4138110_HNSCC_1_PBMC_TGACAACGTCATCCCT	147.71279434194702	0.0	94.66186785281994	0.0	0.0	0.0	0.0	0.0	10.883823866355065	49.667671074364826	0.0	20.823094512570254	0.0	0.0	25.901563022144636	0.0	0.0	0.0	0.0	4.6541865687284405	0.0	0.0	0.0	0.0	0.0	0.0	0.0	27.5384918194676	0.0	0.0	0.0	0.0	0.0	0.0
GSM4138110_HNSCC_1_PBMC_TGAGCCGAGATGAGAG	79.69533077268358	0.0	0.0	0.0	43.17432317521966	0.0	0.0	53.49088101250585	0.0	0.0	0.0	0.0	0.0	0.0	0.0	68.37575793888684	0.0	0.0	0.0	0.0	0.0	0.0	0.0	0.0	0.0	0.0	0.0	0.0	0.0	0.0	0.0	0.0	0.0	0.0
GSM4138110_HNSCC_1_PBMC_TGCGGGTTCTGATTCT	74.87001228839044	0.0	31.486203323511905	0.0	27.02930357946132	0.0	0.0	0.0	0.0	0.0	0.0	21.873569328700906	0.0	0.0	34.372439656437564	0.0	0.0	0.0	0.0	0.0	0.0	0.0	0.0	0.0	0.0	0.0	0.0	0.0	0.0	0.0	0.0	0.0	0.0	0.0
GSM4138110_HNSCC_1_PBMC_TGGCTGGGTTCCAACA	101.96790908783623	0.0	63.950367847240436	0.0	0.0	0.0	0.0	0.0	0.0	0.0	0.0	0.0	0.0	0.0	71.51969077884858	0.0	0.0	5.097473831742587	0.0	0.0	0.0	0.0	0.0	0.0	0.0	0.0	0.0	60.57667757545213	0.0	0.0	0.0	0.0	0.0	0.0
GSM4138110_HNSCC_1_PBMC_TGTATTCGTGGCTCCA	84.16685395120055	57.172619606103815	2.147579925428293	0.0	0.0	0.0	49.74949919267167	90.42451587580642	0.0	0.0	0.0	0.0	0.0	0.0	0.0	0.0	113.69390609918673	0.0	0.0	0.0	0.0	0.0	0.0	0.0	0.0	0.0	0.0	0.0	0.0	0.0	0.0	0.0	0.0	0.0
GSM4138110_HNSCC_1_PBMC_TGTGGTAAGTATGACA	52.3139798588149	52.89883701389356	0.0	0.0	0.0	0.0	0.0	57.70641530648483	0.0	0.0	0.0	0.0	0.0	0.0	0.0	71.20142122254217	0.0	0.0	0.0	0.0	0.0	0.0	0.0	0.0	0.0	0.0	0.0	0.0	0.0	0.0	0.0	0.0	0.0	0.0
GSM4138110_HNSCC_1_PBMC_TTCCCAGGTCACTGGC	69.14265569687423	22.509788695660607	0.0	57.95386840957827	0.0	0.0	0.0	0.0	0.0	0.0	0.0	50.866229920789664	0.0	0.0	0.0	0.0	0.0	0.0	0.0	0.0	0.0	0.0	0.0	0.0	0.0	0.0	0.0	0.0	0.0	0.0	0.0	0.0	0.0	0.0
GSM4138110_HNSCC_1_PBMC_TTCGGTCCACCTCGGA	39.8838766083544	0.0	0.0	0.0	0.0	61.765600208984466	50.126175174256254	0.0	0.0	0.0	0.0	30.584499908190587	0.0	0.0	0.0	0.0	0.0	0.0	0.0	0.0	0.0	0.0	0.0	0.0	0.0	0.0	0.0	0.0	0.0	0.0	0.0	0.0	0.0	0.0
GSM4138110_HNSCC_1_PBMC_TTCTACATCCTTCAAT	78.568607107593	51.62576235318517	0.0	0.0	0.0	0.0	0.0	0.0	9.90177007980931	0.0	0.0	0.0	31.772768948159968	0.0	0.0	0.0	0.0	0.0	0.0	54.04490091583046	0.0	0.0	0.0	0.0	0.0	0.0	0.0	0.0	0.0	0.0	0.0	0.0	0.0	0.0
GSM4138110_HNSCC_1_PBMC_AAAGTAGTCGGCATCG	215.7652110097748	0.0	0.0	0.0	212.2143649059255	0.0	0.0	48.00581105829972	40.12618831853201	0.0	0.0	0.0	56.34048496305033	0.0	0.0	205.4866951267852	0.0	0.0	0.0	0.0	0.0	0.0	0.0	0.0	0.0	0.0	0.0	0.0	0.0	0.0	0.0	0.0	0.0	0.0
GSM4138110_HNSCC_1_PBMC_ACACTGATCGTACCGG	125.86916662583596	98.0041214086575	0.0	105.07096432569718	0.0	0.0	0.0	0.0	0.0	0.0	0.0	0.0	0.0	58.57005736381187	29.866711975109634	0.0	0.0	0.0	0.0	0.0	0.0	0.0	0.0	0.0	0.0	0.0	0.0	0.0	0.0	0.0	0.0	0.0	0.0	0.0
GSM4138110_HNSCC_1_PBMC_ACAGCTATCAGCACAT	165.99895145704622	123.57088160487008	37.677833976249715	0.0	0.0	0.0	0.0	2.44070285619002	0.0	0.0	115.72488544718234	0.0	0.0	73.06371917261944	0.0	122.81763441987351	0.0	0.0	3.274815830126011	0.0	0.0	0.0	0.0	0.0	0.0	0.0	0.0	0.0	0.0	0.0	0.0	0.0	0.0	0.0
GSM4138110_HNSCC_1_PBMC_ACTGAACGTTATTCTC	173.37064619235272	0.0	130.6084149137358	0.0	0.0	0.0	0.0	28.629625184118172	0.0	0.0	0.0	0.0	67.3061092101648	0.0	0.0	0.0	0.0	0.0	0.0	0.0	0.0	0.0	0.0	0.0	0.0	219.06171997569916	0.0	0.0	0.0	0.0	0.0	0.0	0.0	0.0
GSM4138110_HNSCC_1_PBMC_ACTGAGTTCAGGTAAA	154.70017098448517	0.0	0.0	0.0	113.3936007389047	0.0	0.0	0.0	0.0	0.0	0.0	82.22832400530959	0.0	0.0	0.0	0.0	0.0	0.0	0.0	0.0	0.0	0.0	0.0	0.0	0.0	0.0	0.0	0.0	0.0	180.28808193110302	0.0	0.0	0.0	0.0
GSM4138110_HNSCC_1_PBMC_ACTGCTCCAACCGCCA	139.7789822670737	105.0191796462423	9.777413720457554	153.29110307500446	0.0	0.0	0.0	60.762980553701475	0.0	0.0	0.0	0.0	15.566204890871383	0.0	0.0	0.0	0.0	0.0	0.0	0.0	0.0	0.0	0.0	0.0	0.0	0.0	0.0	0.0	0.0	0.0	0.0	0.0	0.0	0.0
GSM4138110_HNSCC_1_PBMC_ACTTACTAGTGGAGAA	263.2440411179922	0.0	198.17036632097938	61.925054917025726	0.0	0.0	0.0	0.0	0.0	0.0	0.0	31.084107487926126	74.97912776316566	0.0	0.0	186.26132835446504	0.0	0.0	0.0	0.0	0.0	0.0	0.0	0.0	0.0	0.0	0.0	0.0	0.0	0.0	0.0	0.0	0.0	0.0
GSM4138110_HNSCC_1_PBMC_ACTTGTTCAGTTCATG	189.42244834655332	0.0	0.0	140.82116824995123	0.0	231.1454249239525	164.32539196711025	0.0	0.0	0.0	0.0	0.0	0.0	0.0	0.0	0.0	0.0	0.0	0.0	0.0	0.0	0.0	122.8984764094235	0.0	0.0	0.0	0.0	0.0	0.0	0.0	0.0	0.0	0.0	0.0
GSM4138110_HNSCC_1_PBMC_AGAGTGGCAGGGATTG	138.07052605451716	111.22982400501799	34.595048442146116	12.889207733348913	0.0	0.0	0.0	0.0	0.0	17.20281312006026	0.0	0.0	107.96286312533952	0.0	0.0	0.0	0.0	0.0	0.0	102.40895657579952	0.0	0.0	0.0	0.0	0.0	0.0	0.0	0.0	0.0	0.0	0.0	0.0	0.0	0.0
GSM4138110_HNSCC_1_PBMC_AGATCTGGTGATAAGT	125.66791880836607	0.0	128.4987731865956	94.00188735686362	0.0	0.0	0.0	0.0	0.0	0.0	0.0	0.0	0.0	0.0	0.0	0.0	0.0	0.0	0.0	0.0	0.0	128.0617747398934	0.0	0.0	0.0	0.0	0.0	0.0	0.0	0.0	0.0	0.0	0.0	0.0
GSM4138110_HNSCC_1_PBMC_AGATTGCGTATAGGGC	236.91394621696594	30.995120839756073	52.23694995342687	0.0	0.0	0.0	0.0	0.0	0.0	0.0	0.0	0.0	0.0	0.0	205.13661292212174	0.0	0.0	114.45583173381712	79.3078983605542	0.0	0.0	0.0	0.0	0.0	0.0	0.0	0.0	0.0	0.0	0.0	0.0	0.0	0.0	0.0
GSM4138110_HNSCC_1_PBMC_AGCGGTCCATGCTGGC	169.52564622572206	0.0	260.3581131776217	33.69294055336472	0.0	0.0	0.0	91.8401335030613	0.0	0.0	73.99339578582271	0.0	0.0	0.0	0.0	0.0	0.0	0.0	0.0	0.0	0.0	0.0	0.0	0.0	0.0	0.0	0.0	0.0	0.0	0.0	0.0	0.0	0.0	0.0
GSM4138110_HNSCC_1_PBMC_AGGCCACTCAGCGATT	87.70756671363736	0.0	148.10910722697014	0.0	0.0	0.0	0.0	0.0	0.0	0.0	156.0608403336319	0.0	0.0	0.0	0.0	0.0	0.0	0.0	0.0	0.0	0.0	0.0	78.1430821295706	0.0	0.0	0.0	0.0	0.0	0.0	0.0	27.066552053001672	0.0	0.0	0.0
GSM4138110_HNSCC_1_PBMC_AGTAGTCCACAGTCGC	249.55668573161324	0.0	0.0	0.0	170.2316727091903	0.0	0.0	0.0	0.0	0.0	0.0	0.0	0.0	133.09207282345815	0.0	296.36648147041245	0.0	0.0	0.0	0.0	0.0	0.0	0.0	0.0	0.0	0.0	0.0	0.0	0.0	0.0	0.0	0.0	0.0	0.0
GSM4138110_HNSCC_1_PBMC_AGTGTCATCCCTAATT	180.4806295859988	65.93044115155446	43.23764660903778	0.0	0.0	0.0	0.0	0.0	0.0	0.0	154.11083675905178	78.30229832244166	0.0	0.0	0.0	0.0	0.0	0.0	0.0	0.0	0.0	0.0	0.0	0.0	0.0	0.0	0.0	0.0	0.0	0.0	0.0	0.0	0.0	0.0
GSM4138110_HNSCC_1_PBMC_ATCCACCGTGGTTTCA	270.57939266843704	31.929688521055635	0.0	96.88798065184147	0.0	226.97453436227744	161.7398080136039	0.0	0.0	0.0	0.0	64.2168225823493	81.2631111931642	0.0	0.0	0.0	0.0	0.0	88.36697603175398	9.539516486388559	0.0	0.0	0.0	0.0	0.0	147.55106447079024	0.0	0.0	0.0	0.0	0.0	0.0	0.0	0.0
GSM4138110_HNSCC_1_PBMC_ATCGAGTGTACTTAGC	200.2051536788889	0.0	203.23371759116162	0.0	0.0	0.0	0.0	79.72304889890678	242.109638263153	0.0	0.0	5.523790339964631	0.0	0.0	0.0	0.0	0.0	0.0	0.0	0.0	0.0	0.0	0.0	25.324004373171658	0.0	0.0	0.0	0.0	0.0	0.0	0.0	0.0	0.0	0.0
GSM4138110_HNSCC_1_PBMC_CAACTAGTCTTGAGAC	145.76957906055168	0.0	164.55309754062563	171.20517228908218	0.0	0.0	0.0	0.0	0.0	0.0	0.0	0.0	0.0	0.0	0.0	0.0	0.0	0.0	0.0	0.0	0.0	62.001156918662865	0.0	0.0	0.0	0.0	0.0	0.0	0.0	0.0	0.0	0.0	0.0	0.0
GSM4138110_HNSCC_1_PBMC_CAAGGCCTCTAGCACA	104.2248671987406	0.0	112.4122217672741	77.33586946883942	0.0	0.0	0.0	21.206657159622765	0.0	0.0	0.0	0.0	0.0	0.0	0.0	0.0	0.0	0.0	0.0	25.794508933497138	0.0	37.13162541529444	0.0	0.0	0.0	0.0	0.0	0.0	0.0	0.0	0.0	0.0	0.0	0.0
GSM4138110_HNSCC_1_PBMC_CACAAACAGGCTACGA	221.6190289196453	0.0	124.80958995554846	0.0	0.0	0.0	0.0	0.0	0.0	0.0	156.8342951999699	0.0	0.0	0.0	0.0	52.99327478067207	0.0	0.0	0.0	0.0	0.0	0.0	0.0	52.12044379350274	0.0	0.0	0.0	14.214538191716388	0.0	0.0	3.5518057583679568	0.0	0.0	0.0
GSM4138110_HNSCC_1_PBMC_CACATTTTCATTGCGA	153.7064136664682	0.0	100.97682242846517	0.0	0.0	0.0	0.0	0.0	0.0	0.0	0.0	0.0	0.0	0.0	0.0	0.0	0.0	0.0	0.0	119.09604369739773	0.0	83.45231194830153	0.0	0.0	0.0	100.47099071967202	0.0	0.0	0.0	0.0	0.0	0.0	0.0	0.0
GSM4138110_HNSCC_1_PBMC_CAGAGAGTCAGTTAGC	231.87635120662517	147.77705043205174	10.356015926617767	0.0	0.0	0.0	0.0	121.05306076687707	0.0	0.0	180.08021776693494	0.0	0.0	0.0	0.0	0.0	0.0	0.0	0.0	0.0	0.0	0.0	0.0	0.0	0.0	0.0	0.0	0.0	0.0	0.0	0.0	0.0	0.0	0.0
GSM4138110_HNSCC_1_PBMC_CAGCTGGGTCTCCACT	181.33142087265804	33.78210708645064	0.0	0.0	0.0	104.66964657692662	0.0	0.0	0.0	229.32986849196757	0.0	0.0	0.0	0.0	0.0	0.0	0.0	0.0	0.0	0.0	0.0	0.0	0.0	0.0	0.0	0.0	0.0	0.0	0.0	0.0	0.0	118.45655175740133	0.0	0.0
GSM4138110_HNSCC_1_PBMC_CAGCTGGGTGTTTGTG	90.9176524208184	0.0	0.0	106.76089545758889	130.7177820330137	0.0	0.0	0.0	0.0	16.771565907093223	0.0	18.946317441016326	46.67770833276582	0.0	0.0	0.0	0.0	0.0	0.0	13.152227997435135	0.0	0.0	0.0	0.0	0.0	0.0	0.0	0.0	0.0	0.0	0.0	0.0	0.0	0.0
GSM4138110_HNSCC_1_PBMC_CATATGGCAGGACGTA	245.98685248890845	0.0	0.0	118.75362524212181	0.0	254.738855686515	0.0	13.476795382511675	0.0	0.0	39.76680933841552	0.0	0.0	0.0	0.0	0.0	0.0	0.0	0.0	0.0	0.0	0.0	0.0	0.0	0.0	0.0	0.0	0.0	0.0	0.0	0.0	0.0	0.0	0.0
GSM4138110_HNSCC_1_PBMC_CATATTCTCCACGTTC	180.51111805445908	0.0	9.011326941657176	0.0	156.1102742964772	0.0	0.0	0.0	136.32166273749257	0.0	0.0	0.0	64.71055022919677	0.0	0.0	0.0	0.0	0.0	0.0	0.0	0.0	0.0	0.0	0.0	0.0	0.0	0.0	0.0	0.0	0.0	0.0	0.0	0.0	0.0
GSM4138110_HNSCC_1_PBMC_CCAATCCCACGACTCG	79.0305846022274	0.0	55.17255587066725	129.35465178536725	0.0	0.0	0.0	39.07439723017492	0.0	0.0	0.0	0.0	0.0	0.0	0.0	0.0	0.0	25.853718448643157	34.80955409746551	0.0	0.0	0.0	0.0	0.0	0.0	0.0	0.0	0.0	0.0	0.0	0.0	0.0	0.0	0.0
GSM4138110_HNSCC_1_PBMC_CCTACCAGTCGGCTCA	165.5882976975146	0.0	142.19866814744987	0.0	0.0	0.0	0.0	0.0	0.0	100.65049182987998	0.0	0.0	0.0	0.0	0.0	125.06581195221482	0.0	0.0	0.0	0.0	0.0	0.0	71.29214944721915	0.0	0.0	0.0	0.0	0.0	71.94043514187237	0.0	0.0	0.0	0.0	0.0
GSM4138110_HNSCC_1_PBMC_CGAACATCAAGTTAAG	193.58658472424312	104.28272082867561	0.0	188.29661097725048	85.38850624898876	0.0	0.0	137.30083899302852	0.0	0.0	0.0	0.0	0.0	0.0	0.0	0.0	0.0	0.0	0.0	0.0	0.0	0.0	0.0	0.0	0.0	0.0	0.0	0.0	0.0	0.0	0.0	0.0	0.0	0.0
GSM4138110_HNSCC_1_PBMC_CGACCTTCATTACGAC	86.11297595853499	0.0	60.46718477310153	0.0	0.0	0.0	0.0	0.0	0.0	0.0	96.14102256482609	71.23956252021706	0.0	0.0	0.0	0.0	0.0	0.0	0.0	0.0	0.0	0.0	0.0	0.0	0.0	0.0	0.0	0.0	0.0	0.0	0.0	0.0	0.0	0.0
GSM4138110_HNSCC_1_PBMC_CGAGCACCATATACGC	220.52084318658237	0.0	0.0	0.0	237.65721032029677	0.0	0.0	0.0	0.0	0.0	0.0	42.49653307780475	0.0	0.0	0.0	196.17231795054832	0.0	0.0	60.391855618990185	0.0	0.0	0.0	0.0	0.0	65.76194809816594	0.0	0.0	0.0	0.0	0.0	0.0	0.0	0.0	0.0
GSM4138110_HNSCC_1_PBMC_CGATCGGCAACGATCT	178.41120882688838	0.0	136.98404529904028	97.6736407320576	0.0	0.0	0.0	76.19193174161288	0.0	0.0	0.0	0.0	0.0	0.0	0.0	0.0	98.21248078215598	0.0	0.0	0.0	0.0	0.0	0.0	0.0	0.0	0.0	0.0	0.0	0.0	0.0	0.0	0.0	0.0	0.0
GSM4138110_HNSCC_1_PBMC_CGATCGGGTTTGGGCC	148.4051821353256	0.0	0.0	0.0	160.78399227765715	0.0	0.0	0.0	209.24666865476723	0.0	0.0	0.0	55.51891662279109	0.0	0.0	0.0	0.0	0.0	0.0	0.0	0.0	0.0	0.0	0.0	0.0	0.0	0.0	0.0	0.0	0.0	0.0	0.0	0.0	0.0
GSM4138110_HNSCC_1_PBMC_CGCTATCCACCGAATT	212.68898346026253	0.0	227.33018884309118	0.0	0.0	0.0	0.0	103.95318914115734	0.0	0.0	0.0	0.0	0.0	0.0	0.0	0.0	199.56887974078373	0.0	0.0	0.0	0.0	0.0	0.0	0.0	0.0	0.0	0.0	0.0	0.0	0.0	0.0	0.0	0.0	0.0
GSM4138110_HNSCC_1_PBMC_CGGAGCTGTCGAACAG	209.621494293765	0.0	107.07019177740099	0.0	47.705942588553	0.0	0.0	0.0	0.0	0.0	0.0	116.4812635710281	0.0	0.0	0.0	240.46835028501928	0.0	0.0	0.0	0.0	0.0	0.0	0.0	0.0	0.0	0.0	0.0	0.0	0.0	0.0	0.0	0.0	0.0	0.0
GSM4138110_HNSCC_1_PBMC_CGTTCTGGTCTAAACC	176.78629011057157	38.503158562468485	102.26778582101335	0.0	0.0	0.0	0.0	0.0	0.0	0.0	206.64410764735624	0.0	0.0	0.0	0.0	14.303779549583272	0.0	0.0	0.0	0.0	0.0	0.0	0.0	0.0	0.0	0.0	0.0	0.0	0.0	0.0	104.37604336013288	0.0	0.0	0.0
GSM4138110_HNSCC_1_PBMC_CGTTGGGGTGTGTGCC	116.13558441284276	56.954682783940456	62.47675334212045	22.75484006498884	0.0	0.0	0.0	0.0	0.0	0.0	0.0	26.965993383754395	32.03218554084191	0.0	0.0	0.0	90.8182976744822	0.0	0.0	0.0	0.0	0.0	0.0	0.0	0.0	0.0	0.0	0.0	0.0	0.0	0.0	0.0	0.0	0.0
GSM4138110_HNSCC_1_PBMC_CTAATGGCACACATGT	202.52003845118824	0.0	129.46010506185775	179.1064335285866	0.0	0.0	0.0	5.109732196045922	0.0	0.0	0.0	0.0	0.0	66.10980024672635	0.0	0.0	0.0	0.0	0.0	0.0	0.0	0.0	0.0	0.0	0.0	0.0	0.0	0.0	0.0	0.0	0.0	0.0	0.0	0.0
GSM4138110_HNSCC_1_PBMC_CTACCCAGTTACCGAT	169.60596330386133	0.0	168.76607398910002	0.0	0.0	0.0	0.0	74.15966879293633	0.0	1.9082415087198905	236.33376639602145	0.0	16.20149803526616	0.0	0.0	0.0	0.0	0.0	0.0	0.0	0.0	0.0	0.0	0.0	0.0	0.0	0.0	0.0	0.0	0.0	0.0	0.0	0.0	0.0
GSM4138110_HNSCC_1_PBMC_CTAGAGTCATCGGACC	161.54545019188686	97.64511883617374	0.0	0.0	0.0	0.0	0.0	87.27466511754376	0.0	0.0	79.03594034061409	0.0	0.0	0.0	0.0	152.6815614642667	0.0	0.0	0.0	0.0	0.0	0.0	0.0	0.0	0.0	0.0	0.0	0.0	5.662441140581584	0.0	0.0	0.0	0.0	0.0
GSM4138110_HNSCC_1_PBMC_CTCTGGTGTGTTCGAT	152.48005094460265	0.0	167.64874743195102	112.36165812457317	0.0	0.0	0.0	41.07760655167187	0.0	0.0	0.0	0.0	29.209098704824672	0.0	0.0	0.0	0.0	0.0	0.0	29.95083502522108	0.0	0.0	0.0	0.0	0.0	0.0	0.0	0.0	0.16556039653486548	0.0	0.0	0.0	0.0	0.0
GSM4138110_HNSCC_1_PBMC_CTGATAGCATCAGTCA	141.2914748875463	0.0	96.80666171544063	0.0	0.0	0.0	74.59556534724906	0.0	0.0	103.74188742995919	0.0	0.0	0.0	85.42018672447409	0.0	0.0	0.0	0.0	0.0	0.0	0.0	0.0	0.0	0.0	0.0	0.0	0.0	0.0	0.0	0.0	0.0	0.0	0.0	0.0
GSM4138110_HNSCC_1_PBMC_CTGTTTACAATGTAAG	190.65033545710708	0.0	158.54133765325082	0.0	0.0	0.0	0.0	0.0	0.0	0.0	0.0	96.15307985720655	0.0	0.0	0.0	0.0	0.0	0.0	0.0	0.0	0.0	0.0	0.0	0.0	0.0	0.0	0.0	0.0	0.0	230.09869514022847	0.0	0.0	0.0	0.0
GSM4138110_HNSCC_1_PBMC_GAACCTATCTCTGTCG	66.16547528790497	35.70168838950478	0.0	10.145221294789584	0.0	48.188298221670145	0.0	76.02328031934853	0.0	0.0	83.05600870256747	0.0	0.0	0.0	0.0	0.0	0.0	0.0	0.0	0.0	0.0	0.0	0.0	0.0	0.0	0.0	0.0	0.0	0.0	0.0	0.0	0.0	0.0	0.0
GSM4138110_HNSCC_1_PBMC_GATCGCGTCAGGCGAA	122.1440610925781	0.0	0.0	133.5294440985833	115.62632824908401	0.0	0.0	0.0	0.0	0.0	0.0	0.0	55.440808935712624	0.0	0.0	0.0	0.0	0.0	0.0	0.0	0.0	0.0	0.0	0.0	0.0	0.0	0.0	0.0	0.0	0.0	0.0	0.0	0.0	0.0
GSM4138110_HNSCC_1_PBMC_GATCTAGCATACAGCT	136.20591286932205	0.0	134.791955042957	204.5142966727049	0.0	0.0	0.0	0.0	0.0	0.0	0.0	137.15425151865858	0.0	0.0	0.0	5.082181507956627	0.0	0.0	0.0	0.0	0.0	0.0	0.0	0.0	0.0	0.0	0.0	0.0	0.0	0.0	0.0	0.0	0.0	0.0
GSM4138110_HNSCC_1_PBMC_GATGAAAGTAGAAGGA	117.69839895936062	0.0	89.20286370498853	0.0	0.0	0.0	0.0	0.0	0.0	92.56323079505876	0.0	0.0	0.0	30.374237897825754	0.0	0.0	0.0	0.0	0.0	0.0	0.0	0.0	0.0	0.0	0.0	0.0	0.0	0.0	0.0	0.0	0.0	0.0	0.0	0.0
GSM4138110_HNSCC_1_PBMC_GATGAAAGTCACCCAG	200.55419314626857	108.74192410667614	0.0	0.0	0.0	39.45764942591546	0.0	0.0	0.0	202.94504419174706	0.0	0.0	0.0	89.52313971464365	0.0	0.0	0.0	0.0	0.0	72.85582139443547	0.0	0.0	0.0	0.0	0.0	0.0	0.0	0.0	0.0	0.0	0.0	0.0	0.0	0.0
GSM4138110_HNSCC_1_PBMC_GCATACACATCTGGTA	225.54997074672985	0.0	232.1412396519422	0.0	0.0	0.0	0.0	0.0	0.0	0.0	0.0	0.0	0.0	0.0	0.0	0.0	0.0	0.0	0.0	0.0	0.0	0.0	0.0	173.59932035508243	0.0	0.0	0.0	0.0	0.0	296.22137435359724	0.0	0.0	0.0	0.0
GSM4138110_HNSCC_1_PBMC_GCGAGAATCGCACTCT	218.74970906330117	0.0	172.96084600568764	0.0	0.0	0.0	0.0	0.0	0.0	182.84209420324947	0.0	0.0	0.0	0.0	0.0	0.0	0.0	0.0	0.0	92.16534102429829	0.0	0.0	0.0	0.0	0.0	0.0	0.0	114.00705676388357	0.0	0.0	0.0	0.0	0.0	0.0
GSM4138110_HNSCC_1_PBMC_GCGCGATAGGAGCGTT	65.63383298518849	0.0	79.398533753594	51.42018568024571	0.0	0.0	0.0	0.0	0.0	0.0	99.6125309355825	31.40020983402519	23.60279497606343	0.0	0.0	0.0	0.0	0.0	0.0	0.0	0.0	0.0	0.0	0.0	0.0	0.0	0.0	0.0	0.0	0.0	0.0	0.0	0.0	0.0
GSM4138110_HNSCC_1_PBMC_GCTCTGTTCAGTTTGG	106.11101229369334	94.19456832029913	0.0	129.59926620505394	0.0	0.0	0.0	0.0	0.0	0.0	10.885556675873541	0.0	0.0	0.0	0.0	0.0	0.0	0.0	0.0	0.0	0.0	0.0	0.0	0.0	0.0	0.0	0.0	0.0	58.19974569661722	0.0	0.0	0.0	0.0	0.0
GSM4138110_HNSCC_1_PBMC_GCTGCGAGTCTAGTCA	147.17168394494848	0.0	35.39196770251393	193.26925008420343	24.049071873953082	17.929291124199935	0.0	0.0	0.0	0.0	0.0	0.0	0.0	0.0	0.0	0.0	0.0	0.0	0.0	0.0	0.0	130.5744563019689	0.0	0.0	0.0	0.0	0.0	0.0	0.0	0.0	0.0	0.0	0.0	0.0
GSM4138110_HNSCC_1_PBMC_GGCTCGATCAGGCGAA	95.163424531015	0.0	100.9967697556125	0.0	0.0	0.0	0.0	60.88801391597814	0.0	0.0	161.1647771514756	0.0	0.0	0.0	0.0	0.0	0.0	0.0	0.0	0.0	0.0	0.0	0.0	0.0	0.0	0.0	0.0	0.0	0.0	0.0	0.0	0.0	0.0	0.0
GSM4138110_HNSCC_1_PBMC_GGGAATGTCTTCCTTC	0.0	0.0	0.0	0.0	0.0	0.0	2958.334079634628	0.0	0.0	246.63076402117412	138.34687579285094	0.0	0.0	0.0	0.0	6.049981692205921	0.0	0.0	0.0	0.0	0.0	0.0	0.0	0.0	0.0	0.0	0.0	0.0	0.0	39.43481822412438	0.0	0.0	0.0	0.0
GSM4138110_HNSCC_1_PBMC_GGGCACTTCGTAGGTT	170.06647487616104	101.02480672049998	0.0	204.32776794410006	0.0	0.0	0.0	94.06542000153155	0.0	0.0	0.0	0.0	0.0	0.0	0.0	0.0	0.0	0.0	0.0	0.0	0.0	0.0	0.0	0.0	0.0	0.0	0.0	0.0	0.0	0.0	0.0	0.0	0.0	0.0
GSM4138110_HNSCC_1_PBMC_GTAGGCCAGTACTTGC	140.67712013741198	0.0	127.79782026825156	0.0	0.0	0.0	0.0	21.303797076310552	0.0	0.0	0.0	13.693887364084004	0.0	0.0	200.64520954560882	0.0	0.0	0.0	0.0	0.0	0.0	0.0	0.0	22.39502868735523	0.0	0.0	0.0	0.0	0.0	0.0	0.0	0.0	0.0	0.0
GSM4138110_HNSCC_1_PBMC_GTCACAATCTATCGCC	230.7744319723211	0.0	183.27809252273389	15.203622826574346	0.0	0.0	0.0	0.0	0.0	0.0	140.96674256092675	0.0	44.7230037292094	29.102942215916116	0.0	40.84327250320086	0.0	0.0	0.0	0.0	0.0	0.0	0.0	0.0	0.0	0.0	0.0	0.0	0.0	0.0	0.0	0.0	0.0	0.0
GSM4138110_HNSCC_1_PBMC_GTCTCGTAGTAGCGGT	135.3163082806766	0.0	128.34788097843236	88.52421085510656	0.0	0.0	0.0	0.0	0.0	45.22879777474983	0.0	0.0	70.3711478584449	0.0	0.0	0.0	0.0	0.0	0.0	0.0	0.0	0.0	0.0	0.0	0.0	0.0	0.0	0.0	0.0	0.0	0.0	0.0	0.0	0.0
GSM4138110_HNSCC_1_PBMC_GTGCAGCTCTGTCTAT	232.8803033169874	0.0	0.0	0.0	113.73618182087392	56.81697604515435	348.6765884291125	0.0	0.0	0.0	0.0	0.0	127.32706942776313	0.0	0.0	0.0	0.0	0.0	26.756768995220746	0.0	0.0	0.0	0.0	0.0	0.0	0.0	0.0	0.0	0.0	0.0	0.0	0.0	0.0	0.0
GSM4138110_HNSCC_1_PBMC_GTGCATAGTACGCTGC	165.64748909025906	109.50643327410629	0.0	0.0	0.0	0.0	0.0	0.0	0.0	0.0	70.07731251418046	0.0	0.0	0.0	0.0	111.07080367194399	0.0	0.0	0.0	0.0	0.0	0.0	23.62707350174527	0.0	0.0	0.0	0.0	0.0	76.5114134705611	0.0	0.0	0.0	0.0	0.0
GSM4138110_HNSCC_1_PBMC_GTGCTTCAGTACGATA	155.7354753102557	7.747792449523555	127.15195907895173	175.656394503357	0.0	0.0	0.0	0.0	0.0	0.0	0.0	0.0	56.0806973176689	0.0	0.0	0.0	0.0	0.0	0.0	0.0	0.0	0.0	0.0	0.0	0.0	0.0	0.0	0.0	0.0	0.0	0.0	0.0	0.0	0.0
GSM4138110_HNSCC_1_PBMC_TACAGTGCAATGACCT	98.47751889289783	0.9573115719352169	123.05920556082634	57.04923108885316	0.0	0.0	0.0	0.0	0.0	0.0	73.35481584622113	59.59120355117275	1.5387903254092938	0.0	0.0	0.0	0.0	0.0	0.0	0.0	0.0	0.0	0.0	37.16901466823838	0.0	0.0	0.0	11.464266829808702	0.0	0.0	0.0	0.0	0.0	0.0
GSM4138110_HNSCC_1_PBMC_TACTCATAGATCACGG	163.99546678036074	0.0	142.4242649436017	0.0	0.0	0.0	0.0	21.376033334222946	0.0	0.0	0.0	0.0	108.93805236269826	0.0	0.0	236.71266032550085	0.0	0.0	0.0	0.0	0.0	0.0	0.0	0.0	0.0	0.0	0.0	0.0	0.0	0.0	0.0	0.0	0.0	0.0
GSM4138110_HNSCC_1_PBMC_TACTCGCGTAAGGATT	174.60314319002734	0.0	122.94682363632866	59.989796889318754	0.0	0.0	0.0	134.51850776519703	0.0	0.0	138.35542366757758	0.0	0.0	0.0	0.0	0.0	0.0	0.0	0.0	0.0	0.0	0.0	0.0	0.0	0.0	0.0	0.0	0.0	0.0	0.0	0.0	0.0	0.0	0.0
GSM4138110_HNSCC_1_PBMC_TACTTGTCAAGTTAAG	177.888756852493	0.0	168.12801092463127	244.012141185442	0.0	0.0	0.0	64.81430985008362	0.0	0.0	0.0	0.0	0.0	0.0	0.0	0.0	0.0	0.0	0.0	0.0	0.0	65.48062818952975	0.0	0.0	0.0	0.0	0.0	0.0	0.0	0.0	0.0	0.0	0.0	0.0
GSM4138110_HNSCC_1_PBMC_TATCTCAAGGTGTGGT	107.67587354989867	0.0	0.0	22.258227517072807	0.0	110.22304744844358	0.0	0.0	0.0	0.0	104.14829153121566	0.0	0.0	0.0	0.0	30.744984740151278	0.0	0.0	0.0	0.0	0.0	0.0	0.0	61.0771365183681	0.0	0.0	0.0	0.0	0.0	0.0	0.0	0.0	0.0	0.0
GSM4138110_HNSCC_1_PBMC_TCAGCTCCACCCATTC	232.36513613333668	0.0	0.0	0.0	164.72520604836987	0.0	0.0	0.0	0.0	0.0	0.0	0.0	0.0	148.22783545017285	208.32834415763702	0.0	0.0	43.153403713319996	0.0	0.0	0.0	0.0	0.0	0.0	0.0	0.0	0.0	0.0	0.0	0.0	0.0	0.0	0.0	0.0
GSM4138110_HNSCC_1_PBMC_TCGCGTTCAGCTGCTG	122.76145288999108	59.49494581584045	24.316027660313544	89.9357501378725	0.0	0.0	0.0	0.0	0.0	0.0	68.80511666888232	0.0	0.0	80.95475999000777	0.0	0.0	0.0	0.0	0.0	0.0	0.0	0.0	0.0	0.0	0.0	0.0	0.0	0.0	0.0	0.0	0.0	0.0	0.0	0.0
GSM4138110_HNSCC_1_PBMC_TCGGGACAGCTAGTTC	148.46030277233484	0.0	127.68827171461503	65.686857141568	0.0	0.0	0.0	0.0	0.0	0.0	140.96862594551604	0.0	0.0	0.0	0.0	0.0	0.0	0.0	95.68051218782854	0.0	0.0	0.0	0.0	0.0	0.0	0.0	0.0	0.0	0.0	0.0	0.0	0.0	0.0	0.0
GSM4138110_HNSCC_1_PBMC_TCTTCGGAGTCATCCA	205.9659565688773	0.0	135.89916584427013	0.0	0.0	0.0	0.0	71.14262803984977	0.0	0.0	0.0	0.0	3.6472173615448806	0.0	0.0	0.0	0.0	0.0	0.0	0.0	0.0	0.0	0.0	7.365829774850342	0.0	187.5262661617162	0.0	0.0	0.0	0.0	0.0	0.0	0.0	0.0
GSM4138110_HNSCC_1_PBMC_TGAGAGGGTCCCTACT	181.08343337360205	0.0	315.45678518983345	0.0	0.0	0.0	0.0	0.0	0.0	0.0	0.0	0.0	0.0	0.0	0.0	50.29370143992994	0.0	0.0	0.0	0.0	0.0	0.0	0.0	77.54742395516809	0.0	228.28093082283985	0.0	0.0	0.0	0.0	0.0	0.0	0.0	0.0
GSM4138110_HNSCC_1_PBMC_TGATTTCGTTAAAGTG	231.27208089720227	0.0	154.40318479617568	0.0	0.0	0.0	0.0	0.0	236.9776805358636	0.0	0.0	0.0	0.0	0.0	0.0	0.0	0.0	0.0	0.0	0.0	137.52626609417035	0.0	0.0	0.0	0.0	0.0	0.0	0.0	0.0	0.0	0.0	0.0	0.0	0.0
GSM4138110_HNSCC_1_PBMC_TGCCAAATCATGTCCC	219.52739742961447	0.0	156.9869959966463	0.0	0.0	0.0	0.0	0.0	0.0	0.0	166.66962681500812	0.0	0.0	69.01798921456114	0.0	2.9845952916630725	0.0	0.0	0.0	0.0	0.0	0.0	0.0	0.0	0.0	0.0	0.0	0.0	29.788643725495433	0.0	0.0	0.0	0.0	0.0
GSM4138110_HNSCC_1_PBMC_TGTATTCAGAATGTTG	191.99649425076262	0.0	46.31851448638187	11.887116020758889	122.05882586856083	11.22151899240312	0.0	0.0	0.0	97.71744716989734	48.789615236808295	0.0	0.0	0.0	0.0	0.0	0.0	0.0	0.0	10.14064799166109	0.0	0.0	0.0	0.0	0.0	0.0	0.0	0.0	0.0	0.0	0.0	121.1185991661516	0.0	0.0
GSM4138110_HNSCC_1_PBMC_TGTCCCAGTTCAGGCC	149.95704806580582	68.92333501896246	0.0	0.0	0.0	0.0	0.0	0.0	0.0	0.0	0.0	0.0	0.0	96.71069455239002	187.9891509447599	0.0	0.0	0.0	0.0	0.0	0.0	0.0	0.0	0.0	0.0	0.0	0.0	0.0	0.0	0.0	0.0	0.0	0.0	0.0
GSM4138110_HNSCC_1_PBMC_TTGCCGTCAATAGCGG	210.61115904831252	0.0	145.42318631602998	0.0	0.0	0.0	0.0	35.050234086617984	184.26571898222372	0.0	0.0	0.0	41.399287643016095	0.0	0.0	0.0	0.0	0.0	0.0	0.0	0.0	0.0	0.0	0.0	0.0	36.10255815008977	0.0	0.0	0.0	0.0	0.0	0.0	0.0	0.0
GSM4138110_HNSCC_1_PBMC_TTTATGCAGACTGGGT	124.3468494043002	0.0	100.2165064117232	126.30840559432195	0.0	0.0	0.0	0.0	0.0	17.46836669454174	0.0	0.0	0.0	0.0	0.0	0.0	0.0	0.0	0.0	0.0	0.0	0.0	0.0	0.0	0.0	0.0	0.0	0.0	0.0	0.0	22.291815216233825	0.0	0.0	51.74912093270743
GSM4138110_HNSCC_1_PBMC_AACGTTGAGTTTAGGA	83.06971773227637	1.4147268545423337	80.42712358694438	0.0	0.0	13.615592777132706	116.97111163421232	0.0	0.0	0.0	0.0	0.0	0.0	0.0	0.0	0.0	0.0	0.0	4.196773884496775	0.0	0.0	0.0	0.0	68.9600960402471	0.0	0.0	0.0	0.0	0.0	0.0	0.0	0.0	0.0	0.0
GSM4138110_HNSCC_1_PBMC_AAGGCAGCAATCACAC	76.1309114809912	10.633589152407142	0.0	0.0	61.5789358359731	0.0	0.0	0.0	51.71170597974727	0.0	0.0	0.0	0.0	0.0	0.0	0.0	0.0	0.0	61.11116383899859	0.5912217498075942	0.0	0.0	0.0	0.0	0.0	53.0347233476313	0.0	0.0	0.0	0.0	0.0	0.0	0.0	0.0
GSM4138110_HNSCC_1_PBMC_ACTGATGTCAATAAGG	81.49511112239935	54.120019670990246	0.0	19.367913369708933	0.0	0.0	0.0	0.0	3.029418299027058	0.0	0.0	0.0	43.009219658448124	0.0	0.0	30.89136364839688	0.0	0.0	0.0	0.0	0.0	0.0	0.0	0.0	0.0	0.0	0.0	0.0	0.0	0.0	0.0	0.0	0.0	0.0
GSM4138110_HNSCC_1_PBMC_AGCAGCCAGGCCCTCA	66.20779016595347	0.0	0.0	84.29698949691955	0.0	112.515398377074	0.0	0.0	0.0	0.0	0.0	0.0	96.77548701167812	0.0	0.0	0.0	0.0	0.0	0.0	0.0	0.0	0.0	0.0	0.0	0.0	0.0	0.0	0.0	0.0	0.0	0.0	0.0	0.0	0.0
GSM4138110_HNSCC_1_PBMC_CATATTCCATATGAGA	119.98025253574575	81.69204312391864	0.0	44.517568791418235	0.0	0.0	51.95638042985288	30.855568815217655	0.0	0.0	0.0	0.0	0.0	0.0	0.0	0.0	0.0	0.0	0.0	0.0	0.0	33.363949534098815	0.0	0.0	0.0	0.0	0.0	35.7774915675059	0.0	0.0	0.0	0.0	0.0	0.0
GSM4138110_HNSCC_1_PBMC_CCTCAGTCAACTGCGC	48.19426674878805	122.66062931874417	0.0	0.0	0.0	0.0	0.0	46.97275941002503	0.0	40.993009941720054	0.0	0.0	0.0	0.0	0.0	0.0	0.0	0.0	0.0	0.0	0.0	0.0	0.0	0.0	0.0	0.0	0.0	0.0	0.0	0.0	0.0	0.0	0.0	0.0
GSM4138110_HNSCC_1_PBMC_CGGTTAACACCTCGTT	57.93403649916305	0.0	0.0	0.0	54.31762374953692	0.0	0.0	0.0	63.98959908435062	0.0	0.0	26.379641776763552	0.0	0.0	0.0	0.0	0.0	0.0	2.519552370989133	0.0	0.0	0.0	0.0	16.684170663382044	0.0	0.0	0.0	0.0	0.0	0.0	0.0	0.0	0.0	0.0
GSM4138110_HNSCC_1_PBMC_CGTGTAATCTCCAGGG	72.25289471328169	0.0	56.85810017527806	28.00934925816814	0.0	0.0	0.0	0.0	13.238428727736634	0.0	0.0	29.548020794799797	0.0	0.0	0.0	0.0	0.0	0.0	0.0	0.0	0.0	0.0	0.0	0.0	0.0	0.0	0.0	0.0	0.0	0.0	0.0	0.0	0.0	0.0
GSM4138110_HNSCC_1_PBMC_CGTTGGGTCAGTGCAT	89.13408444901852	67.47058029532882	0.0	0.0	1.4313482278444456	0.0	0.0	0.0	34.280585004178796	55.24239999978905	0.0	0.0	0.0	40.613309124578535	0.0	0.0	0.0	0.0	0.0	0.0	0.0	0.0	0.0	0.0	0.0	0.0	0.0	0.0	0.0	0.0	0.0	0.0	0.0	0.0
GSM4138110_HNSCC_1_PBMC_CTAGAGTAGCTATGCT	135.96565390986504	51.550630463208265	0.0	52.09132120127689	0.0	58.126457242092364	0.0	0.0	0.0	41.81670286465327	9.448843368308124	0.0	0.0	68.68005475395334	0.0	0.0	0.0	0.0	0.0	0.0	0.0	0.0	0.0	0.0	0.0	0.0	0.0	0.0	0.0	0.0	0.0	0.0	0.0	0.0
GSM4138110_HNSCC_1_PBMC_GCATACATCGTTACAG	83.91613541787034	46.003528560610064	0.0	0.0	0.0	0.0	0.0	0.0	0.0	0.0	31.573207280094927	0.0	0.0	13.659213985066557	15.99054235311113	0.0	0.0	10.827703727968453	0.0	0.0	36.29295122710281	0.0	0.0	0.0	0.0	0.0	0.0	0.0	0.0	0.0	0.0	0.0	0.0	0.0
GSM4138110_HNSCC_1_PBMC_AAACGGGCAGTATCTG	98.70479075709738	0.0	0.0	0.0	29.870941519410305	0.0	0.0	0.0	0.0	0.0	0.0	0.0	0.0	0.0	0.0	60.92842820235844	0.0	0.0	0.0	0.0	6.541425576480762	0.0	81.70798558391212	0.0	0.0	0.0	0.0	0.0	65.52343777935359	0.0	0.0	0.0	0.0	0.0
GSM4138110_HNSCC_1_PBMC_AAAGATGTCTGATTCT	87.67579794547704	0.0	115.47221990155083	84.8718427559644	0.0	0.0	17.704174600473753	0.0	0.0	0.0	0.0	0.0	0.0	0.0	0.0	0.0	0.0	0.0	0.0	0.0	0.0	0.0	0.0	0.0	0.0	0.0	0.0	42.032464441349944	0.0	0.0	0.0	0.0	0.0	0.0
GSM4138110_HNSCC_1_PBMC_AAAGTAGGTAGCGCTC	62.643621143820916	45.72996698765572	0.0	0.0	0.0	0.0	0.0	46.582672548554186	0.0	0.0	0.0	0.0	0.0	0.0	0.0	99.4406058332924	0.0	0.0	0.0	0.0	0.0	0.0	0.0	0.0	0.0	0.0	0.0	0.0	0.0	0.0	0.0	0.0	0.0	0.0
GSM4138110_HNSCC_1_PBMC_AACTCAGGTGGTCTCG	58.26553958088366	0.0	0.0	0.0	0.0	80.65887454030053	0.0	0.0	0.0	0.0	0.0	0.0	0.0	0.0	0.0	0.0	51.94680103906818	0.0	0.0	0.0	0.0	0.0	0.0	0.0	0.0	0.0	0.0	68.09704739144962	0.0	0.0	0.0	0.0	0.0	0.0
GSM4138110_HNSCC_1_PBMC_AACTCCCTCCAATGGT	135.34892867217675	100.67718110613359	2.824520146522708	0.0	2.7697752683906787	8.063717505565691	0.0	56.47412372239514	0.0	50.02551186350091	0.0	0.0	14.631103141748264	0.0	45.30323951008957	0.0	0.0	0.0	0.0	0.0	0.0	0.0	0.0	0.0	0.0	0.0	0.0	0.0	0.0	0.0	0.0	0.0	0.0	0.0
GSM4138110_HNSCC_1_PBMC_AACTCTTAGTGGGTTG	88.8282563269009	82.0149999067381	0.0	0.0	0.0	0.0	0.0	0.0	84.08109954885215	0.0	0.0	3.242107214155984	0.0	0.0	0.0	0.0	0.0	0.0	58.259481065178484	0.0	0.0	0.0	0.0	0.0	0.0	0.0	0.0	0.0	0.0	0.0	0.0	0.0	0.0	0.0
GSM4138110_HNSCC_1_PBMC_AACTCTTGTCACACGC	47.635931770115874	0.0	37.49504795182823	0.0	0.0	19.242756068193017	51.20368079669576	22.44060194873747	0.0	0.0	0.0	0.0	0.0	0.0	0.0	0.0	0.0	0.0	0.0	13.788721195171565	0.0	20.70855268751094	0.0	0.0	0.0	0.0	0.0	0.0	0.0	0.0	0.0	0.0	0.0	0.0
GSM4138110_HNSCC_1_PBMC_AACTTTCAGAAGGTTT	88.04080557573842	51.81790929233713	0.0	0.0	0.0	22.68644661727505	0.0	53.08908795968432	0.0	0.0	0.0	8.984670356940647	0.0	0.0	0.0	0.0	69.11702269399103	0.0	0.0	10.075390578581244	0.0	0.0	0.0	0.0	0.0	0.0	0.0	0.0	0.0	0.0	0.0	0.0	0.0	0.0
GSM4138110_HNSCC_1_PBMC_AAGGAGCTCCTTTCGG	106.4065837706205	100.75979125103112	0.0	18.371330216409635	0.0	0.0	0.0	8.312170179351744	0.0	0.0	0.0	0.0	0.0	0.0	0.0	0.0	82.32152611525056	0.0	72.12323815262174	0.0	0.0	0.0	0.0	0.0	0.0	0.0	0.0	0.0	0.0	0.0	0.0	0.0	0.0	0.0
GSM4138110_HNSCC_1_PBMC_AATCCAGAGTGCTGCC	114.67971346160076	0.0	0.0	0.0	0.0	87.04564937266397	0.0	0.0	87.42962110683648	0.0	0.0	52.997478229164145	21.05998291811284	0.0	0.0	0.0	0.0	0.0	0.0	0.0	0.0	0.0	0.0	0.0	0.0	0.0	0.0	0.0	0.0	0.0	0.0	0.0	0.0	0.0
GSM4138110_HNSCC_1_PBMC_AATCGGTGTCTAGCCG	94.62478228484318	0.0	40.18253049349821	0.0	0.0	62.58049477726001	0.0	0.0	0.0	114.57301773475665	0.0	0.0	40.54452602449576	75.48568068334792	0.0	0.0	0.0	0.0	0.0	0.0	0.0	0.0	0.0	0.0	0.0	0.0	0.0	0.0	0.0	0.0	0.0	0.0	0.0	0.0
GSM4138110_HNSCC_1_PBMC_ACACCCTCATCTACGA	73.0593953978068	0.0	0.0	0.0	35.390842385800696	36.18581985035661	0.0	8.616346173916735	0.0	0.0	0.0	0.0	0.0	0.0	0.0	0.0	0.0	0.0	36.30665282540575	63.67344105988211	0.0	0.0	0.0	0.0	0.0	0.0	0.0	0.0	0.0	0.0	0.0	0.0	0.0	0.0
GSM4138110_HNSCC_1_PBMC_ACACCGGCACCATGTA	239.28771698549994	110.48270747020764	78.00940440819653	0.0	0.0	0.0	0.0	0.0	0.0	50.138026393239016	0.0	78.87889575612266	0.0	0.0	0.0	0.0	0.0	0.0	115.24669420720492	0.0	0.0	0.0	0.0	0.0	118.53577987927987	0.0	0.0	0.0	0.0	0.0	0.0	0.0	0.0	0.0
GSM4138110_HNSCC_1_PBMC_ACATCAGAGCGTTCCG	192.267228321701	115.5460847845726	0.0	0.0	1.9242988002591277	0.0	0.0	0.0	0.0	0.0	194.75387867524725	0.0	96.03610730881945	0.0	0.0	0.0	0.0	0.0	0.0	0.0	0.0	0.0	0.0	0.0	0.0	0.0	0.0	0.0	0.0	0.0	0.0	0.0	0.0	0.0
GSM4138110_HNSCC_1_PBMC_ACCCACTCAATGTAAG	63.903471615740514	55.16149323302641	0.0	0.0	0.0	0.0	0.0	0.0	0.0	61.69004731049115	0.0	0.0	0.0	0.0	0.0	0.0	0.0	0.0	0.0	0.0	0.0	18.833917541142768	0.0	0.0	0.0	0.0	0.0	0.0	0.0	0.0	0.0	0.0	0.0	0.0
GSM4138110_HNSCC_1_PBMC_ACCCACTGTAAGTGTA	116.10823276148616	0.0	0.0	0.0	55.70689406794015	0.0	75.0686867354104	0.0	0.0	0.0	0.0	0.0	0.0	0.0	13.44748856847118	0.0	0.0	0.0	66.72551112518329	0.0	0.0	0.0	0.0	0.0	0.0	0.0	0.0	0.0	0.0	0.0	0.0	0.0	0.0	0.0
GSM4138110_HNSCC_1_PBMC_ACCTTTATCATAACCG	113.11786343396734	96.79524803175515	0.0	0.0	0.0	0.0	0.0	0.0	131.06121690442728	0.0	0.0	71.94727592251866	0.0	0.0	0.0	0.0	0.0	0.0	0.0	0.0	0.0	0.0	0.0	0.0	0.0	0.0	0.0	0.0	0.0	0.0	0.0	0.0	0.0	0.0
GSM4138110_HNSCC_1_PBMC_ACGAGCCAGGTGTGGT	96.0308998528453	0.0	0.0	0.0	0.0	0.0	0.0	0.0	0.0	0.0	0.0	0.0	0.0	0.0	113.6261721702803	0.0	0.0	48.18979473947748	20.0862579572844	0.0	0.0	0.0	0.0	5.782322172139127	0.0	0.0	0.0	0.0	0.0	0.0	18.909424160220066	0.0	0.0	0.0
GSM4138110_HNSCC_1_PBMC_ACGATACCATATGAGA	56.27801957986621	0.0	0.0	0.0	0.0	66.87071379481775	0.0	39.35927270380151	0.0	57.09720759547162	0.0	0.0	0.0	0.0	0.0	0.0	0.0	0.0	0.0	0.0	0.0	0.0	0.0	0.0	0.0	0.0	0.0	0.0	0.0	0.0	0.0	0.0	0.0	0.0
GSM4138110_HNSCC_1_PBMC_ACGATACTCTGATTCT	42.57108190928641	19.564547253365124	55.36259286704596	0.0	0.0	0.0	0.0	0.0	40.53662365825944	0.0	0.0	0.0	0.0	69.69807018892506	0.0	0.0	0.0	0.0	0.0	0.0	0.0	0.0	0.0	0.0	0.0	0.0	0.0	0.0	0.0	30.79835349009993	0.0	0.0	0.0	0.0
GSM4138110_HNSCC_1_PBMC_ACGATGTCAGGCAGTA	67.61776999798572	2.9033476660858053	0.0	0.0	0.0	82.12908515832584	0.0	0.0	0.0	34.122494629212795	2.845548966892028	0.0	0.0	44.47109546029835	0.0	0.0	0.0	0.0	0.0	0.0	0.0	0.0	0.0	0.0	32.39275977326323	0.0	0.0	0.0	0.0	0.0	0.0	0.0	0.0	0.0
GSM4138110_HNSCC_1_PBMC_ACGCAGCGTAGAGCTG	58.995708155676134	0.0	0.0	0.0	77.85069455558802	0.0	0.0	22.47872691102378	49.479656778614306	0.0	0.0	0.0	7.733318242418027	0.0	0.0	0.0	0.0	0.0	0.0	0.0	0.0	0.0	0.0	0.0	0.0	0.0	0.0	0.0	0.0	0.0	0.0	0.0	0.0	0.0
GSM4138110_HNSCC_1_PBMC_ACGCCGAAGGTAGCTG	51.700262946379226	0.0	0.0	0.0	0.0	40.42960938779925	0.0	0.0	0.0	0.0	0.0	0.0	0.0	0.0	49.665912656601186	0.0	0.0	0.0	0.0	0.0	0.0	0.0	0.0	0.0	0.0	0.0	0.0	0.0	51.91815972118963	0.0	0.0	0.0	0.0	0.0
GSM4138110_HNSCC_1_PBMC_ACGGGCTGTGATAAAC	59.5172377066592	84.46610931362494	0.0	0.0	0.0	0.0	0.0	0.0	0.0	95.3190678373255	26.314118582283236	29.763781554333157	0.0	15.508115350424845	0.0	0.0	0.0	0.0	0.0	0.0	0.0	0.0	0.0	0.0	0.0	0.0	0.0	0.0	0.0	0.0	0.0	0.0	0.0	0.0
GSM4138110_HNSCC_1_PBMC_ACGTCAACATCACGAT	37.28482988290216	38.00370021295138	8.015936539748717	0.0	0.0	0.0	0.0	54.94030246246128	0.0	0.0	0.0	0.0	0.0	0.0	0.0	41.7916441761181	0.0	0.0	0.0	0.0	0.0	0.0	0.0	0.0	0.0	0.0	0.0	0.0	0.0	0.0	0.0	0.0	0.0	0.0
GSM4138110_HNSCC_1_PBMC_ACTATCTAGGAATTAC	161.94453102837258	159.12230047055056	0.0	0.0	0.0	0.0	0.0	0.0	0.0	105.17246024339957	13.882857013002868	0.0	0.0	0.0	0.0	0.0	0.0	0.0	0.0	0.0	0.0	0.0	0.0	0.0	0.0	0.0	87.92878916212108	0.0	0.0	0.0	0.0	0.0	0.0	0.0
GSM4138110_HNSCC_1_PBMC_ACTGATGTCGTTACGA	150.3310440154204	0.0	0.0	0.0	112.22481453764117	0.0	73.292336820094	0.0	0.0	0.0	0.0	0.0	0.0	0.0	0.0	0.0	18.227453231246642	0.0	21.08212688782064	0.0	0.0	0.0	0.0	0.0	0.0	0.0	0.0	94.68486365458581	0.0	0.0	0.0	0.0	0.0	0.0
GSM4138110_HNSCC_1_PBMC_ACTTACTAGATAGGAG	115.37915879590153	0.0	26.5685784034129	0.0	0.0	30.492064173559747	0.0	0.0	0.0	13.892126201076819	63.511255254176156	0.0	0.0	0.0	0.0	0.0	0.0	0.0	0.0	0.0	0.0	0.0	72.97256293439611	0.0	0.0	0.0	0.0	0.0	0.0	0.0	0.0	0.0	0.0	0.0
GSM4138110_HNSCC_1_PBMC_ACTTGTTTCCACGACG	64.5641483071464	44.37909329605059	20.128545012112607	0.0	0.0	0.0	0.0	0.0	0.0	0.0	33.68740665813281	0.0	0.0	0.0	0.0	0.0	0.0	0.0	0.0	0.0	0.0	0.0	66.91234062522362	0.0	77.88482635282229	0.0	0.0	0.0	0.0	0.0	0.0	0.0	0.0	0.0
GSM4138110_HNSCC_1_PBMC_ACTTTCATCGTCACGG	59.188923746056766	77.67365490702237	0.0	56.66858597101659	0.0	4.825103137154718	0.0	44.93947212101022	0.0	0.0	0.0	0.0	0.0	0.0	0.0	0.0	0.0	0.0	0.0	0.0	0.0	0.0	0.0	0.0	0.0	0.0	0.0	0.0	0.0	0.0	0.0	0.0	0.0	0.0
GSM4138110_HNSCC_1_PBMC_AGATTGCTCATGCTCC	80.03096176607741	0.0	0.0	88.95775166758823	151.21408359527348	0.0	0.0	0.0	0.0	0.0	0.0	0.0	0.0	0.0	0.0	0.0	0.0	0.0	13.70952391132427	0.0	0.0	46.964000241078615	0.0	0.0	0.0	0.0	0.0	0.0	0.0	0.0	0.0	0.0	0.0	0.0
GSM4138110_HNSCC_1_PBMC_AGATTGCTCCTAGAAC	54.09179020969923	0.0	0.0	0.0	0.0	0.0	0.0	15.331601657244812	0.0	0.0	8.497310374862764	0.0	0.0	0.0	6.648530423222128	0.0	0.0	146.8598110095738	0.0	0.0	0.0	0.0	0.0	0.0	33.5179438366998	0.0	0.0	0.0	0.0	0.0	0.0	0.0	0.0	0.0
GSM4138110_HNSCC_1_PBMC_AGCAGCCTCACTCTTA	93.02523620607013	0.0	0.0	0.0	0.0	58.63854512073806	70.39679170753931	0.0	0.0	0.0	0.0	0.0	51.592207948994414	0.0	0.0	0.0	0.0	0.0	0.0	0.0	0.0	0.0	0.0	0.0	0.0	0.0	0.0	0.0	0.0	0.0	0.0	0.0	0.0	0.0
GSM4138110_HNSCC_1_PBMC_AGCCTAAAGCGTGAAC	138.1351420231645	0.0	0.0	0.0	0.0	124.34100927798586	105.12982139601476	0.0	0.0	0.0	0.0	0.0	0.0	0.0	0.0	0.0	20.6553940227361	0.0	0.0	0.0	0.0	0.0	0.0	0.0	0.0	0.0	0.0	0.0	0.0	0.0	75.59713673455852	0.0	0.0	0.0
GSM4138110_HNSCC_1_PBMC_AGCCTAAGTCTCATCC	46.8539824918455	0.0	27.40546144538881	0.0	0.0	0.0	0.0	25.236131929357892	0.0	0.0	112.23463016814246	0.0	0.0	0.0	0.0	0.0	0.0	0.0	0.0	0.0	0.0	0.0	4.114860534089263	0.0	0.0	0.0	0.0	0.0	0.0	0.0	0.0	0.0	0.0	0.0
GSM4138110_HNSCC_1_PBMC_AGCGTATAGCCAGTTT	69.05490362980152	0.0	115.85267258491056	0.0	0.0	0.0	0.0	0.0	0.0	0.0	82.05626564604705	0.0	0.0	56.399591534726774	0.0	0.0	0.0	0.0	0.0	0.0	0.0	0.0	0.0	0.0	0.0	0.0	0.0	0.0	0.0	0.0	0.0	0.0	0.0	0.0
GSM4138110_HNSCC_1_PBMC_AGCGTCGAGCGCTCCA	109.45118669791533	0.0	2.2731934255268995	0.0	0.0	61.20048795185362	50.767950196894525	20.099857653667517	0.0	0.0	0.0	0.0	0.0	0.0	0.0	0.0	0.0	0.0	1.7344055525236883	0.0	0.0	32.894627515136214	0.0	0.0	0.0	0.0	0.0	0.0	0.0	0.0	0.0	0.0	0.0	0.0
GSM4138110_HNSCC_1_PBMC_AGCTCCTGTATCACCA	146.9699318177285	3.2535528702520353	0.0	129.5047177116843	77.80493462600366	101.23945837884516	0.0	0.0	0.0	0.0	0.0	0.0	77.71829254642418	0.0	0.0	0.0	0.0	0.0	0.0	0.0	0.0	0.0	0.0	0.0	0.0	0.0	0.0	0.0	0.0	0.0	0.0	0.0	0.0	0.0
GSM4138110_HNSCC_1_PBMC_AGCTCTCAGTCGTTTG	151.8928253564815	0.0	0.0	50.59151911633206	0.0	0.0	75.17912356244558	14.871918457251668	0.0	0.0	0.0	0.0	0.0	0.0	0.0	0.0	0.0	88.96090170786849	0.0	0.0	0.0	56.154427776145006	0.0	0.0	0.0	0.0	0.0	0.0	0.0	0.0	0.0	0.0	0.0	0.0
GSM4138110_HNSCC_1_PBMC_AGCTTGAAGACTGGGT	86.19195966378155	0.0	0.0	0.0	83.5299668148797	0.0	0.0	0.0	59.931148360980366	0.0	0.0	0.0	0.0	55.676321983023094	0.0	0.0	5.014446183343727	0.0	0.0	21.42670573528176	0.0	0.0	0.0	0.0	0.0	0.0	0.0	0.0	0.0	0.0	0.0	0.0	0.0	0.0
GSM4138110_HNSCC_1_PBMC_AGGCCGTAGACTACAA	96.01260140479546	0.0	0.0	86.95240660948141	86.99446382507105	0.0	0.0	60.91350088963205	27.928124746471173	0.0	0.0	0.0	15.28029144721715	0.0	0.0	0.0	0.0	0.0	0.0	0.0	0.0	0.0	0.0	0.0	0.0	0.0	0.0	0.0	0.0	0.0	0.0	0.0	0.0	0.0
GSM4138110_HNSCC_1_PBMC_AGGGATGAGACCCACC	77.96576702983032	88.62249023311873	0.0	0.0	0.0	0.0	44.39104964665181	0.0	23.759653419373517	0.0	0.0	53.087352565841606	0.0	0.0	0.0	0.0	0.0	0.0	0.0	0.0	0.0	0.0	0.0	0.0	0.0	0.0	0.0	0.0	0.0	0.0	0.0	0.0	0.0	0.0
GSM4138110_HNSCC_1_PBMC_AGGGATGCATGTTCCC	105.89852828874024	0.0	0.0	0.0	105.44192528551474	0.0	20.431044566947516	0.0	66.85714882543394	0.0	0.0	5.891664068220474	7.5659828883797395	0.0	0.0	0.0	0.0	0.0	0.0	0.0	0.0	51.619961299996454	0.0	0.0	0.0	18.476561508771237	0.0	0.0	0.0	0.0	0.0	0.0	0.0	0.0
GSM4138110_HNSCC_1_PBMC_AGTAGTCGTCAATGTC	63.41110458789749	72.73207650858032	0.0	15.213257531309154	0.0	0.0	0.0	54.472536740699475	48.18879716654611	0.0	0.0	0.0	0.0	0.0	0.0	0.0	0.0	0.0	0.0	0.0	0.0	0.0	0.0	8.593118787235237	0.0	0.0	0.0	0.0	0.0	0.0	0.0	0.0	0.0	0.0
GSM4138110_HNSCC_1_PBMC_AGTAGTCGTCCGAAGA	83.77804779187534	0.0	0.0	0.0	0.0	0.0	0.0	34.809816967549	0.0	0.0	0.0	0.0	0.0	0.0	22.252390584512383	0.0	22.94914892138162	94.63971731014608	11.446837268987352	0.0	0.0	0.0	0.0	0.0	45.870373421324196	0.0	0.0	0.0	0.0	0.0	0.0	0.0	0.0	0.0
GSM4138110_HNSCC_1_PBMC_AGTGGGAAGGAGCGAG	153.31513828488985	74.27257828734209	0.0	142.30961253467558	49.92226121798958	0.0	0.0	0.0	0.0	0.0	0.0	0.0	0.0	0.0	0.0	0.0	0.0	0.0	138.64632182664073	0.0	0.0	0.0	0.0	0.0	0.0	0.0	0.0	0.0	0.0	0.0	0.0	0.0	0.0	0.0
GSM4138110_HNSCC_1_PBMC_AGTGTCAGTACCGGCT	73.65956632950208	174.3693388884465	0.0	0.0	0.0	0.0	0.0	0.0	0.0	0.0	0.0	0.0	0.0	21.701744539920494	142.7787390106581	0.0	0.0	0.0	0.0	0.0	0.0	0.0	0.0	0.0	0.0	0.0	0.0	0.0	0.0	0.0	0.0	0.0	0.0	0.0
GSM4138110_HNSCC_1_PBMC_ATAAGAGAGCTGATAA	50.98352341625959	0.0	93.63252646799188	0.0	0.0	0.0	0.0	35.53131551325252	29.4835969505927	0.0	0.0	0.0	0.0	0.0	0.0	0.0	0.0	0.0	0.0	0.0	0.0	0.0	0.0	0.0	0.0	0.0	0.0	0.0	0.0	0.0	0.0	0.0	0.0	0.0
GSM4138110_HNSCC_1_PBMC_ATCACGAGTCAAACTC	82.70049065394538	0.0	0.0	0.0	28.968161676996026	32.07280020753197	0.0	0.0	0.0	0.0	0.0	0.0	0.0	30.172253446250764	85.64682694248603	0.0	0.0	0.0	0.0	0.0	0.0	0.0	0.0	0.0	0.0	0.0	0.0	0.0	0.0	0.0	0.0	0.0	0.0	0.0
GSM4138110_HNSCC_1_PBMC_ATCATCTTCTGTGCAA	92.2683821285384	57.74774891637897	0.0	0.0	3.276986341675887	0.0	0.0	0.0	0.0	0.0	0.0	0.0	0.0	0.0	0.0	0.0	0.0	0.0	0.0	57.94817290494531	0.0	0.0	0.0	0.0	0.0	0.0	0.0	0.0	63.516206411777944	0.0	0.0	0.0	0.0	0.0
GSM4138110_HNSCC_1_PBMC_ATCATGGGTCACTGGC	61.652505758787214	0.0	0.0	60.247171143047645	91.60663658191397	0.0	0.0	0.0	0.0	0.0	3.6026444462181337	0.0	81.44969786306007	0.0	0.0	0.0	0.1885013004241204	0.0	0.0	0.0	0.0	0.0	0.0	0.0	0.0	61.048303958584235	0.0	0.0	0.0	0.0	0.0	0.0	0.0	0.0
GSM4138110_HNSCC_1_PBMC_ATCTGCCCATACGCCG	55.10758285310612	69.28301000774009	6.91017214504783	0.0	5.554566110539521	0.0	0.0	0.0	33.39728244435027	31.552862078675886	0.0	0.0	0.0	0.0	0.0	0.0	0.0	0.0	0.0	0.0	80.56010927634144	0.0	0.0	0.0	0.0	0.0	0.0	0.0	0.0	0.0	0.0	0.0	0.0	0.0
GSM4138110_HNSCC_1_PBMC_ATGAGGGAGTGTACGG	120.10686257471644	67.18402405946081	0.0	0.0	0.0	0.0	0.0	0.0	112.29484937076269	0.0	0.0	0.0	68.75359154571227	0.0	0.0	0.0	7.357003455369458	0.0	0.0	0.0	0.0	0.0	0.0	0.0	0.0	0.0	0.0	0.0	0.0	0.0	0.0	0.0	0.0	0.0
GSM4138110_HNSCC_1_PBMC_ATGGGAGAGACCCACC	249.80794415478695	0.0	113.67732907594565	0.0	0.0	0.0	106.46622831366042	154.73347802562492	0.0	0.0	0.0	0.0	0.0	0.0	0.0	79.19521573856935	0.0	0.0	0.0	0.0	0.0	0.0	0.0	0.0	0.0	0.0	0.0	7.7772842554614	0.0	0.0	0.0	0.0	0.0	0.0
GSM4138110_HNSCC_1_PBMC_ATGTGTGTCCAGTAGT	55.094202549276005	0.0	65.19114453529694	0.0	0.0	0.0	0.0	0.0	0.0	0.0	0.0	0.0	0.0	0.0	0.4610074947790581	0.0	0.0	0.0	0.0	0.0	0.0	0.0	0.0	0.0	86.99099732408602	0.0	0.0	0.0	0.0	0.0	0.0	35.8981007098546	0.0	0.0
GSM4138110_HNSCC_1_PBMC_ATTATCCAGCGCCTTG	141.08824408820223	0.0	53.23639020343773	0.0	37.22377433478124	0.0	0.0	0.0	5.815196685968713	94.88366001425962	0.0	0.0	0.0	87.06437454798021	0.0	0.0	0.0	0.0	0.0	0.0	0.0	0.0	0.0	0.0	0.0	0.0	0.0	0.0	0.0	0.0	0.0	0.0	0.0	0.0
GSM4138110_HNSCC_1_PBMC_ATTCTACAGATGTCGG	114.48442396035541	0.0	75.30336785198168	31.117878862826263	0.0	0.0	0.0	51.85283232936564	0.0	0.0	18.644039675583322	0.0	0.0	0.0	0.0	0.4862650162796017	38.29367850997123	0.0	3.0658659897459466	0.0	0.0	11.649809197887222	0.0	0.0	0.0	0.0	0.0	0.0	0.0	0.0	0.0	0.0	0.0	0.0
GSM4138110_HNSCC_1_PBMC_ATTGGACAGAAGGCCT	48.109953095317096	49.10503814081528	0.0	0.0	0.0	0.0	0.0	0.0	0.0	0.0	0.0	0.0	0.0	58.147242824975194	57.48023125430576	0.0	0.0	0.0	0.0	0.0	0.0	0.0	0.0	0.0	0.0	0.0	0.0	0.0	0.0	0.0	0.0	0.0	0.0	0.0
GSM4138110_HNSCC_1_PBMC_ATTGGTGCACAGGAGT	91.55459621189523	0.0	38.17818803432153	0.0	0.0	0.0	115.25443064203462	0.0	0.0	0.0	0.0	0.0	0.0	52.75875237222364	0.0	0.0	0.0	28.253087258102454	0.0	0.0	0.0	0.0	0.0	0.0	0.0	0.0	0.0	0.0	0.0	0.0	0.0	0.0	0.0	0.0
GSM4138110_HNSCC_1_PBMC_CAACCTCTCTAAGCCA	44.653824612395134	0.0	51.00939266725551	0.0	0.0	0.0	0.0	26.210527504741272	57.32635757538778	0.0	0.0	0.0	0.0	0.0	0.0	0.0	0.0	0.0	0.0	0.0	0.0	43.77795492643881	0.0	0.0	0.0	0.0	0.0	0.0	0.0	0.0	0.0	0.0	0.0	0.0
GSM4138110_HNSCC_1_PBMC_CAACTAGGTGTCCTCT	85.22944368757275	63.538022724398814	0.0	7.46145643293451	0.0	0.0	0.0	21.55985402904172	0.0	0.0	0.0	0.0	0.0	0.0	0.0	0.0	75.54575104722143	0.0	0.0	0.0	0.0	47.59209975473172	0.0	0.0	0.0	0.0	0.0	5.03309657029789	0.0	0.0	0.0	0.0	0.0	0.0
GSM4138110_HNSCC_1_PBMC_CAACTAGTCAAGATCC	60.454195381751724	0.0	0.0	0.0	0.0	71.55292241503084	89.02584993499784	0.0	0.0	0.0	0.0	41.09166000817616	0.0	0.0	0.0	0.0	0.0	0.0	0.0	0.0	0.0	0.0	0.0	0.0	0.0	0.0	0.0	0.0	0.0	0.0	0.0	0.0	0.0	0.0
GSM4138110_HNSCC_1_PBMC_CAAGAAATCACAAACC	54.84191647555379	52.2681552731431	0.0	0.0	0.0	0.0	0.0	0.0	42.40971778884342	0.0	0.0	51.39496859245471	0.0	0.0	0.0	0.0	0.0	0.0	0.0	0.0	0.0	0.0	0.0	0.0	0.0	14.951249784224247	0.0	0.0	0.0	0.0	0.0	0.0	0.0	0.0
GSM4138110_HNSCC_1_PBMC_CAAGTTGCATGTTCCC	109.73767123869925	0.0	0.0	0.0	116.7588894508884	0.0	0.0	0.0	134.21068531220334	0.0	0.0	16.224338383823525	85.68353310582371	0.0	0.0	0.0	0.0	0.0	0.0	0.0	0.0	0.0	0.0	0.0	0.0	0.0	0.0	0.0	0.0	0.0	0.0	0.0	0.0	0.0
GSM4138110_HNSCC_1_PBMC_CACACTCTCAAGATCC	100.57022570354953	79.77173309890038	0.0	82.65998027120753	0.0	0.0	0.0	48.26893808896611	0.0	0.0	0.0	0.0	0.0	0.0	0.0	0.0	36.26295370099838	0.0	44.66913902171088	0.0	0.0	0.0	0.0	0.0	0.0	0.0	0.0	0.0	0.0	0.0	0.0	0.0	0.0	0.0
GSM4138110_HNSCC_1_PBMC_CACAGGCTCCGCGTTT	97.73620803813316	44.781805867604334	0.0	0.0	46.74774893367508	0.0	0.0	0.0	0.0	0.0	62.65578900911721	0.0	0.0	0.0	0.0	0.0	0.0	0.0	0.0	0.0	0.0	0.0	0.0	0.0	46.73875361799066	0.0	63.30718735231764	0.0	0.0	0.0	0.0	0.0	0.0	0.0
GSM4138110_HNSCC_1_PBMC_CACAGTAAGTTACCCA	76.831309523647	0.0	0.0	0.0	102.93768616609685	0.0	0.0	0.0	118.05287460592221	0.0	0.0	0.0	58.4713704607857	0.0	0.0	0.0	0.0	0.0	0.0	0.0	0.0	0.0	0.0	0.0	0.0	0.0	0.0	0.0	0.0	0.0	0.0	0.0	0.0	0.0
GSM4138110_HNSCC_1_PBMC_CACATTTAGTAGCGGT	63.5689344330075	0.0	0.0	75.28417009028833	0.0	89.85386413836166	0.0	43.05739092658078	0.0	0.0	0.0	0.0	0.0	0.0	0.0	0.0	0.0	0.0	0.42666400816504424	0.0	0.0	0.0	0.0	5.113607157750278	0.0	0.0	0.0	0.0	0.0	0.0	0.0	0.0	0.0	0.0
GSM4138110_HNSCC_1_PBMC_CACCACTTCCGCGGTA	74.7015320708519	0.0	0.0	0.0	0.0	50.86329214852126	0.0	0.0	0.0	0.0	0.0	38.760498553324695	0.0	0.0	8.597920627807705	0.0	54.20300859146466	0.0	0.0	0.0	0.0	0.0	0.0	0.0	0.0	0.0	0.0	0.0	0.0	0.0	0.0	0.0	0.0	0.0
GSM4138110_HNSCC_1_PBMC_CAGAGAGAGCCACTAT	51.14841900183083	0.0	0.0	0.0	59.2708548755354	0.0	0.0	0.0	0.0	78.27119535287666	0.0	0.0	0.0	0.0	0.0	0.0	0.0	0.0	0.0	0.26271304321193084	0.0	0.0	0.0	0.0	0.0	0.0	92.09528720227715	0.0	0.0	0.0	0.0	0.0	0.0	0.0
GSM4138110_HNSCC_1_PBMC_CAGCAGCGTGCAGTAG	80.80691328201684	23.384341125722226	7.004352386223706	0.0	0.0	8.72270024284004	0.0	0.0	41.06303913348856	0.0	0.0	0.0	0.0	0.0	0.0	0.0	0.0	4.446607471869848	0.0	0.0	0.0	0.0	0.0	0.0	0.0	0.0	0.0	0.0	0.0	0.0	20.795226747815388	0.0	0.0	0.0
GSM4138110_HNSCC_1_PBMC_CAGCATAAGTACTTGC	82.51740921128116	0.0	0.0	0.0	27.09578206521498	0.0	0.0	0.0	0.0	0.0	0.0	0.0	0.0	90.6931806651852	74.4031659000432	0.0	14.693768231266235	0.0	0.0	0.0	0.0	0.0	0.0	0.0	0.0	0.0	0.0	0.0	0.0	0.0	0.0	0.0	0.0	0.0
GSM4138110_HNSCC_1_PBMC_CAGCATATCAGAGGTG	158.1013758123896	124.33207336047879	0.0	0.0	0.0	0.0	0.0	0.0	0.0	22.03555499586162	0.0	0.0	0.0	0.0	55.38351751813375	53.8770631392229	0.0	0.0	57.39599002106436	0.0	0.0	0.0	0.0	0.0	0.0	0.0	0.0	39.19276450792959	0.0	0.0	0.0	0.0	0.0	0.0
GSM4138110_HNSCC_1_PBMC_CAGCTAAGTTCCACGG	98.90055555879312	76.69668200340638	0.0	0.0	0.0	0.0	0.0	55.161346501944166	95.71740217029829	0.0	0.0	0.0	0.0	0.0	0.0	0.0	0.0	0.0	0.0	0.0	0.0	0.0	0.0	0.0	0.0	0.0	0.0	0.0	0.0	0.0	0.0	0.0	0.0	0.0
GSM4138110_HNSCC_1_PBMC_CATCGAAGTACTTCTT	150.78640976098072	0.0	121.33740422268167	42.414222476271625	0.0	0.0	0.0	0.0	0.0	0.0	0.0	0.0	0.0	0.0	28.710502969357453	0.0	0.0	0.0	0.0	0.0	0.0	0.0	0.0	26.596788572372365	0.0	0.0	0.0	27.645565779223347	0.0	0.0	0.0	0.0	0.0	0.0
GSM4138110_HNSCC_1_PBMC_CATCGGGAGAGCTTCT	52.92901971900572	9.63948849559072	15.298828671742076	0.0	0.0	0.0	0.0	12.234911471916565	15.234459166787664	0.0	0.0	0.0	0.0	0.0	0.0	0.0	0.0	0.0	0.0	20.280838649017856	0.0	14.101049140889115	0.0	0.0	0.0	0.0	0.0	0.0	0.0	0.0	0.0	0.0	0.0	0.0
GSM4138110_HNSCC_1_PBMC_CATTATCTCGATCCCT	98.89827398574447	81.9332806027461	0.0	0.0	58.9437577953609	0.0	0.0	77.63589598707328	0.0	0.0	91.47218721527344	0.0	0.0	0.0	0.0	0.0	0.0	0.0	0.0	0.0	0.0	0.0	0.0	0.0	0.0	0.0	0.0	0.0	0.0	0.0	0.0	0.0	0.0	0.0
GSM4138110_HNSCC_1_PBMC_CATTCGCAGTGAAGAG	186.36249779519093	160.1612319230889	0.0	0.0	0.0	0.0	0.0	0.0	0.0	0.0	124.9216856449598	0.0	0.0	31.77469915105701	0.0	0.0	0.0	0.0	0.0	0.0	56.503692405275956	0.0	0.0	0.0	0.0	0.0	1.1697948512972627	0.0	0.0	0.0	0.0	0.0	0.0	0.0
GSM4138110_HNSCC_1_PBMC_CCACGGACAGATGGGT	186.62124349145623	0.0	0.0	49.41930325833447	0.0	155.356179149524	0.0	65.84103112347638	0.0	0.0	0.0	0.0	0.0	0.0	0.0	0.0	73.63298329090443	0.0	0.0	0.0	0.0	0.0	0.0	0.0	0.0	0.0	0.0	0.0	0.0	0.0	0.0	0.0	0.0	0.0
GSM4138110_HNSCC_1_PBMC_CCACTACAGGTTCCTA	111.79098153292605	0.0	0.0	0.0	0.0	86.7248697990637	0.0	0.0	0.0	0.0	0.0	66.18397493843483	0.0	0.0	0.0	0.0	0.0	0.0	0.0	75.94714960822758	0.0	0.0	0.0	0.0	0.0	0.0	0.0	0.0	0.0	0.0	0.0	0.0	0.0	0.0
GSM4138110_HNSCC_1_PBMC_CCCAGTTAGGCACATG	97.23373483925866	0.0	0.0	19.700410054737695	0.0	38.1791977695888	0.0	62.85180612903208	0.0	0.0	0.0	0.0	0.0	0.0	0.0	0.0	0.0	5.018145193926164	0.0	49.215789076997	0.0	0.0	0.0	0.0	0.0	0.0	0.0	0.0	0.0	0.0	0.0	0.0	0.0	0.0
GSM4138110_HNSCC_1_PBMC_CCCTCCTGTACAGCAG	113.37776300723415	43.799310887985996	0.0	0.0	0.0	0.0	0.0	0.0	0.0	18.054248759885382	0.0	0.0	0.0	0.0	48.74074094805677	0.0	0.0	0.0	0.0	0.0	0.0	0.0	0.0	0.0	0.0	0.0	0.0	0.0	0.0	0.0	68.28002533763814	0.0	0.0	0.0
GSM4138110_HNSCC_1_PBMC_CCCTCCTTCCATGAAC	45.11960967537884	56.584063477527955	0.0	46.723868370443945	0.0	0.0	0.0	23.01104694303212	0.0	0.0	27.904024568562356	0.0	17.049198356183407	0.0	0.0	0.0	0.0	0.0	2.723333008517912	0.0	0.0	0.0	0.0	0.0	0.0	0.0	0.0	0.0	0.0	0.0	0.0	0.0	0.0	0.0
GSM4138110_HNSCC_1_PBMC_CCGTACTGTTCCAACA	111.67069423882546	114.94640713318176	0.0	0.0	0.0	0.0	0.0	0.0	0.0	0.0	37.39589396275142	0.0	0.0	109.33223329145422	0.0	0.0	0.0	0.0	0.0	0.0	0.0	0.0	0.0	0.0	57.27315153542585	0.0	0.0	0.0	0.0	0.0	0.0	0.0	0.0	0.0
GSM4138110_HNSCC_1_PBMC_CCGTACTTCCGATATG	45.87780814417464	0.0	42.28598784083023	0.0	0.0	0.0	0.0	0.0	54.126557163147424	0.0	0.0	0.0	0.0	0.0	0.0	0.0	0.0	0.0	0.0	0.0	0.0	49.43949699223332	0.0	0.0	0.0	0.0	0.0	0.0	0.0	0.0	0.0	0.0	0.0	0.0
GSM4138110_HNSCC_1_PBMC_CCGTGGAAGGAGTACC	87.79198794502199	0.0	0.0	0.0	4.642089185905604	60.95219008567337	0.0	54.65880443322201	0.0	70.00538570169857	0.0	0.0	0.0	0.0	0.0	0.0	0.0	0.0	0.0	0.0	0.0	0.0	0.0	0.0	0.0	0.0	0.0	0.0	0.0	0.0	0.0	0.0	0.0	0.0
GSM4138110_HNSCC_1_PBMC_CCTAAAGAGCGCCTCA	169.39164805166075	0.0	113.59286810449866	0.0	0.0	0.0	0.0	0.0	0.0	0.0	0.0	0.0	0.0	192.5724046918218	144.28645354514987	0.0	0.0	0.0	0.0	0.0	0.0	0.0	0.0	0.0	0.0	0.0	0.0	0.0	0.0	0.0	0.0	0.0	0.0	0.0
GSM4138110_HNSCC_1_PBMC_CCTACACCACAGGCCT	65.97291373429276	56.467498878552945	16.830619975576276	0.0	1.8994389805414091	0.0	72.26705074903074	0.0	0.0	0.0	0.0	0.0	0.0	55.32106087071615	0.0	0.0	0.0	18.895477246203843	0.0	24.796080175429942	0.0	0.0	0.0	0.0	0.0	0.0	0.0	0.0	0.0	0.0	0.0	0.0	0.0	0.0
GSM4138110_HNSCC_1_PBMC_CCTATTACACAAGACG	129.1151521752614	105.31486010419667	0.0	0.0	0.0	20.65183997741636	0.0	0.0	0.0	0.0	0.0	0.0	0.0	60.567492395363224	162.51162512310628	0.0	0.0	0.0	0.0	0.0	0.0	0.0	0.0	0.0	0.0	0.0	0.0	0.0	0.0	0.0	0.0	27.441772340565173	0.0	0.0
GSM4138110_HNSCC_1_PBMC_CCTTACGAGAATAGGG	68.26459780614871	93.75454574223639	0.0	0.0	0.0	0.0	0.0	0.0	0.0	139.12438791280073	0.0	0.0	0.0	54.88401146211057	0.0	0.0	0.0	0.0	0.0	0.0	0.0	0.0	0.0	0.0	0.0	0.0	0.0	0.0	0.0	0.0	0.0	0.0	0.0	0.0
GSM4138110_HNSCC_1_PBMC_CGAACATGTCCAGTAT	53.112280325817046	9.388449348058117	47.39961461232081	0.0	0.0	0.0	0.0	0.0	0.0	54.427287351677656	0.0	0.0	0.0	0.0	0.0	11.929630962910284	0.0	0.0	0.0	0.0	43.41229417269401	0.0	0.0	0.0	0.0	0.0	0.0	0.0	0.0	0.0	10.184691815630373	0.0	0.0	0.0
GSM4138110_HNSCC_1_PBMC_CGATCGGCAACACCCG	75.97797425858737	0.0	0.0	0.0	41.13607892923938	0.0	0.0	0.0	0.0	0.0	0.0	0.0	0.0	0.0	0.0	47.729291177501	0.0	0.0	0.0	0.0	0.0	0.0	0.0	0.0	0.0	0.0	0.0	0.0	0.0	0.0	18.574821611691632	0.0	0.0	0.0
GSM4138110_HNSCC_1_PBMC_CGATGTATCCTTTCGG	74.74376693046035	0.0	0.0	0.0	64.45329030153287	0.0	0.0	0.0	0.0	0.0	0.0	0.0	0.0	0.0	0.0	69.17595469245985	0.0	0.0	0.0	0.0	0.0	0.0	0.0	0.0	0.0	0.0	56.58937336581174	0.0	0.0	0.0	0.0	0.0	0.0	0.0
GSM4138110_HNSCC_1_PBMC_CGCGGTAAGACACGAC	60.314236754694996	0.0	14.05468411796912	0.0	0.0	0.0	0.0	3.669622507398838	0.0	0.0	72.70820670039818	0.0	0.0	0.0	0.0	0.0	0.0	0.0	27.682010892561408	0.0	0.0	0.0	0.0	4.952378667024193	0.0	0.0	0.0	0.0	0.0	0.0	0.0	0.0	0.0	0.0
GSM4138110_HNSCC_1_PBMC_CGCGGTATCAGTCCCT	94.56341403067344	59.2707170444424	0.0	0.0	0.0	0.0	0.0	0.0	0.0	0.0	0.0	0.0	0.36440460202091784	48.95744187737629	0.0	0.0	0.0	0.0	0.0	64.40366741292071	0.0	0.0	0.0	0.0	0.0	0.0	0.0	0.0	0.0	0.0	0.0	0.0	0.0	0.0
GSM4138110_HNSCC_1_PBMC_CGCTATCAGGTAGCCA	107.98923371840313	0.0	33.977305963717974	0.0	0.0	77.25565120448769	28.13248164350719	0.0	0.0	0.0	0.0	96.48957898575631	0.0	0.0	0.0	0.0	0.0	0.5940252188475361	0.0	119.85168736925792	0.0	0.0	0.0	3.9178257093714124	0.0	0.0	0.0	0.0	0.0	0.0	0.0	0.0	0.0	0.0
GSM4138110_HNSCC_1_PBMC_CGCTTCACAGTACACT	83.72093092642362	0.0	0.0	0.0	102.46424714516338	0.0	0.0	0.0	50.862561931834506	0.0	0.0	0.0	0.0	0.0	0.0	0.0	0.0	0.0	0.0	0.0	0.0	0.0	0.0	79.49860697879456	0.0	32.11434523169026	0.0	0.0	0.0	0.0	0.0	0.0	0.0	0.0
GSM4138110_HNSCC_1_PBMC_CGGAGCTCAGACGCAA	53.57921068390842	0.0	69.65709490175314	0.0	0.0	0.0	0.0	0.0	0.0	0.0	0.0	37.244133628862656	0.0	0.0	58.88074238337317	0.0	0.0	0.0	0.0	0.0	0.0	0.0	0.0	0.0	3.256588987346003	0.0	0.0	0.0	0.0	0.0	0.0	0.0	0.0	0.0
GSM4138110_HNSCC_1_PBMC_CGGAGCTTCGCCTGAG	146.39528233855503	0.0	0.0	0.0	0.0	91.31758693515128	123.4690283380725	0.0	0.0	0.0	0.0	87.50714111241447	0.0	0.0	0.0	0.0	0.0	0.0	0.0	0.0	0.0	0.0	0.0	0.0	0.0	0.0	0.0	0.0	0.0	0.0	0.0	0.0	0.0	0.0
GSM4138110_HNSCC_1_PBMC_CGGCTAGTCACATAGC	199.275789531721	0.0	53.29043130352882	0.0	0.0	40.454483028078556	4.0742417366661705	0.0	0.0	7.541804047977936	68.44975134340247	0.0	0.0	47.44855144082768	0.0	0.0	0.0	0.0	0.0	46.9401651453882	0.0	70.52120597681501	0.0	0.0	0.0	0.0	0.0	0.0	0.0	0.0	0.0	0.0	0.0	0.0
GSM4138110_HNSCC_1_PBMC_CGGCTAGTCAGAGACG	53.823314275441305	0.0	0.0	0.0	0.0	76.33101512124641	0.0	0.0	72.46270640672223	0.0	0.0	0.0	39.73844631397388	0.0	0.0	0.0	0.21000502058276554	0.0	0.0	0.0	0.0	0.0	0.0	0.0	0.0	0.0	0.0	0.0	0.0	0.0	0.0	0.0	0.0	0.0
GSM4138110_HNSCC_1_PBMC_CGGCTAGTCCTAAGTG	120.51731077154214	0.0	84.81795373539092	0.0	0.0	0.0	119.50518504325711	0.0	0.0	0.0	0.0	0.0	0.0	0.0	0.0	0.0	0.0	0.0	29.739980909916955	0.0	0.0	0.0	0.0	0.0	0.0	0.0	0.0	20.62286644071697	0.0	0.0	0.0	0.0	0.0	0.0
GSM4138110_HNSCC_1_PBMC_CGTAGCGAGAAGGGTA	112.67862523278978	0.0	0.0	0.0	54.16288886838822	0.0	0.0	61.91494760249748	0.0	147.66023974811566	0.0	0.0	0.0	0.0	0.0	0.0	0.0	0.0	0.0	0.0	0.0	0.0	0.0	0.0	0.0	0.0	0.0	0.0	0.0	0.0	0.0	0.0	0.0	0.0
GSM4138110_HNSCC_1_PBMC_CGTAGGCGTGGTAACG	49.79643696659945	0.0	0.0	0.0	35.773321064787496	0.0	102.93561306289833	0.0	0.0	0.0	0.0	0.0	0.0	51.89936993948513	0.0	0.0	0.0	0.0	0.0	0.0	0.0	0.0	0.0	0.0	0.0	0.0	0.0	0.0	0.0	0.0	0.0	0.0	0.0	0.0
GSM4138110_HNSCC_1_PBMC_CGTCACTTCAAACCGT	91.22653239057065	13.86617713479297	0.0	0.0	56.8202878662472	0.0	0.0	70.64454746676971	0.0	0.0	0.0	0.0	0.0	0.0	0.0	0.0	93.54226973657417	0.0	0.0	0.0	0.0	0.0	0.0	0.0	0.0	0.0	0.0	0.0	0.0	0.0	0.0	0.0	0.0	0.0
GSM4138110_HNSCC_1_PBMC_CGTCCATAGCAGCGTA	44.20026151906244	0.0	21.342011312544507	0.0	0.0	0.0	0.0	0.0	0.0	19.71955910946522	0.0	0.0	0.0	66.1121794134489	30.34752779407992	23.448808379948662	0.0	0.0	0.0	0.0	0.0	0.0	0.0	0.0	0.0	0.0	0.0	0.0	0.0	0.0	0.0	0.0	0.0	0.0
GSM4138110_HNSCC_1_PBMC_CGTGTAAAGGTGTGGT	119.62438081838818	0.0	0.0	0.0	91.58869545766308	0.0	65.53534098284118	0.0	0.0	0.0	0.0	83.45091449957407	5.2058055820693205	0.0	0.0	0.0	20.62472598335842	0.0	0.0	0.0	0.0	0.0	0.0	0.0	0.0	0.0	0.0	0.0	0.0	0.0	0.0	0.0	0.0	0.0
GSM4138110_HNSCC_1_PBMC_CGTTGGGCAGGCGATA	85.54408592309396	0.0	0.0	0.0	66.43451773592717	0.0	0.0	0.0	0.0	63.90650362111345	0.0	0.0	59.186489970106294	0.0	0.0	0.0	0.0	0.0	0.0	0.0	0.0	0.0	0.0	0.0	0.0	0.0	0.0	0.0	0.0	0.0	0.0	0.0	0.0	0.0
GSM4138110_HNSCC_1_PBMC_CTACACCGTAGCTTGT	74.89725753579191	0.0	55.2971601839402	0.0	0.0	0.0	0.0	0.0	96.56517367189812	0.0	0.0	0.0	50.95014112016314	0.0	0.0	0.0	0.0	0.0	0.0	0.0	0.0	0.0	0.0	0.0	0.0	0.0	0.0	0.0	0.0	0.0	0.0	0.0	0.0	0.0
GSM4138110_HNSCC_1_PBMC_CTACGTCAGTGGGATC	79.80518726528442	39.46181006386615	0.0	0.0	0.0	0.0	0.0	0.0	0.0	52.665172535842366	3.975172221406327	0.0	0.0	100.22554860377483	0.0	0.0	0.0	0.0	0.0	0.0	0.0	0.0	0.0	0.0	0.0	0.0	0.0	0.0	0.0	0.0	0.0	0.0	0.0	0.0
GSM4138110_HNSCC_1_PBMC_CTACGTCTCCACGAAT	72.15947056275473	29.898686668230123	3.209722071464033	0.0	0.0	0.0	0.0	55.75649636495525	0.0	0.0	0.0	0.0	0.0	0.0	0.0	0.0	51.54190553467665	0.0	0.0	0.0	0.0	0.0	0.0	0.0	18.94054191062026	0.0	0.0	0.0	0.0	0.0	0.0	0.0	0.0	0.0
GSM4138110_HNSCC_1_PBMC_CTAGCCTAGCCAACAG	107.36645805480553	78.45686428865048	0.0	61.77479466915782	0.0	0.0	0.0	0.0	0.0	0.0	0.0	0.0	0.0	0.0	0.0	0.0	0.0	0.0	49.45823806703004	0.0	0.0	0.0	0.0	0.0	0.0	0.0	0.0	0.0	0.0	0.0	0.0	0.0	0.0	0.0
GSM4138110_HNSCC_1_PBMC_CTCAGAATCGAATGGG	106.17651196080914	0.0	99.09206490968434	0.0	3.5901288124429187	0.0	107.67073773564424	0.0	0.0	0.0	0.0	0.0	0.0	0.0	0.0	0.0	0.0	0.0	0.0	12.603767089238534	0.0	74.84171981638241	0.0	0.0	0.0	0.0	0.0	0.0	0.0	0.0	0.0	0.0	0.0	0.0
GSM4138110_HNSCC_1_PBMC_CTCCTAGCAAGTCTGT	93.50461026078091	95.09327128047744	0.0	0.0	0.0	0.0	0.0	3.7013570197337606	0.0	0.0	0.0	60.73322718254668	0.0	0.0	0.0	0.0	74.37046514888543	0.0	5.376990974782522	0.0	0.0	0.0	0.0	0.0	0.0	0.0	0.0	0.0	0.0	0.0	0.0	0.0	0.0	0.0
GSM4138110_HNSCC_1_PBMC_CTCGGAGAGCAGGTCA	136.54447326715245	0.0	0.0	0.0	0.0	57.26714992304849	0.0	29.33683919162689	0.0	20.211053950327138	61.74298101509887	0.0	55.050371343685605	0.0	0.0	0.0	0.0	0.0	0.0	0.0	0.0	0.0	0.0	0.0	11.18493111774788	0.0	0.0	0.0	0.0	0.0	0.0	0.0	0.0	0.0
GSM4138110_HNSCC_1_PBMC_CTCGTACTCAGCAACT	139.7414572745618	0.0	0.0	0.0	0.0	140.42712530941895	0.0	0.0	6.210667775876428	0.0	23.42340075107141	0.0	0.0	0.0	0.0	90.60784777356584	0.0	0.0	3.9582823531458837	0.0	32.400191435787846	0.0	0.0	0.0	0.0	0.0	17.251235460121443	0.0	0.0	0.0	0.0	0.0	0.0	0.0
GSM4138110_HNSCC_1_PBMC_CTCGTCAAGCTCTCGG	173.64201197253743	30.500833264746163	23.191038848392676	0.0	0.0	0.0	198.38835359182127	0.0	0.0	0.0	0.0	0.0	0.0	0.0	0.0	0.0	0.0	0.0	103.29069306040476	0.0	0.0	0.0	0.0	0.0	0.0	0.0	0.0	0.0	0.0	0.0	0.0	0.0	0.0	0.0
GSM4138110_HNSCC_1_PBMC_CTCTACGCAGATCGGA	33.170002811176005	46.53247788293007	0.0	38.1939721810939	0.0	0.0	0.0	0.0	0.0	0.0	0.0	0.0	0.0	0.0	0.0	0.0	0.0	0.0	53.04338547619134	0.0	0.0	0.0	0.0	0.0	0.0	0.0	0.0	0.0	0.0	0.0	0.0	0.0	0.0	0.0
GSM4138110_HNSCC_1_PBMC_CTCTGGTAGACAGGCT	44.946181245963096	0.0	68.72437892748738	0.0	0.0	0.0	0.0	0.0	0.0	88.2717403271263	0.0	0.0	0.0	0.0	0.0	0.0	0.0	0.0	45.93622796208262	0.0	0.0	0.0	0.0	0.0	0.0	0.0	0.0	0.0	0.0	0.0	0.0	0.0	0.0	0.0
GSM4138110_HNSCC_1_PBMC_CTCTGGTCACAGCCCA	102.60785472144607	0.0	0.0	0.0	0.0	65.90641879234313	0.0	38.51980736689229	0.0	0.0	137.5411027862407	0.0	34.6258745922287	0.0	0.0	0.0	0.0	0.0	0.0	0.0	0.0	0.0	0.0	0.0	0.0	0.0	0.0	0.0	0.0	0.0	0.0	0.0	0.0	0.0
GSM4138110_HNSCC_1_PBMC_CTGAAACCAGCCTTGG	108.22815508410129	70.57035845732436	0.0	77.61821590409704	0.0	0.0	0.0	14.016910651014959	0.0	0.0	0.0	0.0	0.0	0.0	0.0	0.0	0.0	0.0	12.61349924559439	0.0	0.0	0.0	0.0	0.0	0.0	0.0	0.0	0.0	0.0	0.0	0.0	0.0	0.0	0.0
GSM4138110_HNSCC_1_PBMC_CTGAAACCAGTATGCT	96.87936547448705	0.0	0.0	11.398728822141512	0.0	94.17747594481955	76.47073679109079	45.4043567440085	0.0	0.0	0.0	0.0	0.0	0.0	0.0	0.0	0.0	0.0	0.0	11.719791514212409	0.0	0.0	0.0	0.0	0.0	0.0	0.0	15.456519048825605	0.0	0.0	0.0	0.0	0.0	0.0
GSM4138110_HNSCC_1_PBMC_CTGAAGTCAGCTGCTG	86.01864590470171	74.56661187736341	5.972353571715689	0.0	0.0	0.0	0.0	5.077855823601711	0.0	76.67071973897247	6.71102624410543	0.0	0.0	0.0	0.0	0.0	0.0	0.0	0.0	0.0	0.0	0.0	42.89946229507809	0.0	0.0	0.0	0.0	0.0	0.0	0.0	0.0	0.0	0.0	0.0
GSM4138110_HNSCC_1_PBMC_CTGAAGTGTTCTCATT	109.22059654087916	0.0	0.0	0.0	0.0	25.92269159417052	0.0	0.0	0.0	30.70813937207865	0.0	0.0	0.0	81.37400782412769	0.0	8.612156114519236	0.0	0.0	0.0	0.0	0.0	0.0	0.0	0.0	0.0	0.0	0.0	0.0	62.97546538942261	0.0	0.0	0.0	0.0	0.0
GSM4138110_HNSCC_1_PBMC_CTGTTTACAAAGGTGC	100.42787801937465	49.57089292563313	4.304414267636062	0.0	0.0	0.0	36.62106699947679	0.0	29.497673883680925	0.0	0.0	0.0	0.0	0.0	0.0	0.0	0.0	0.0	0.0	6.320326742120343	51.59897425933371	0.0	0.0	0.0	0.0	0.0	0.0	0.0	0.0	0.0	0.0	0.0	0.0	0.0
GSM4138110_HNSCC_1_PBMC_CTTAACTGTGACGCCT	76.17130851917541	0.0	0.0	0.0	0.0	0.0	0.0	0.0	0.0	0.0	92.24204915794832	0.0	0.0	57.45410990777195	0.0	0.0	0.0	42.996403628576466	0.0	0.0	0.0	0.0	0.0	0.0	0.0	0.0	0.0	0.0	0.0	0.0	0.0	0.0	0.0	0.0
GSM4138110_HNSCC_1_PBMC_CTTAGGAAGGTGATTA	196.0074212243469	186.35282800541745	0.0	0.0	0.0	0.0	0.0	34.21981820420304	0.0	0.0	0.0	0.0	0.0	0.0	0.0	0.0	0.0	0.0	107.49538423752398	169.58827080531134	0.0	0.0	0.0	0.0	0.0	0.0	0.0	0.0	0.0	0.0	0.0	0.0	0.0	0.0
GSM4138110_HNSCC_1_PBMC_CTTAGGACAGAGTGTG	117.60549314672656	60.37858695300604	0.0	0.0	0.0	0.0	0.0	0.0	0.0	0.0	0.0	0.0	31.56105752412894	0.0	0.0	0.0	0.0	0.0	0.0	58.709666577623715	0.0	0.0	0.0	0.0	0.0	0.0	0.0	0.0	0.0	0.0	0.0	0.0	0.0	0.0
GSM4138110_HNSCC_1_PBMC_CTTGGCTCAAAGCGGT	76.95640170043758	0.0	0.0	94.14415320870084	0.0	76.59698688322626	32.160669915723496	0.0	0.0	0.0	0.0	0.0	0.0	0.0	0.0	0.0	0.0	0.0	0.0	0.0	0.0	84.31546823116493	0.0	0.0	0.0	0.0	0.0	0.0	0.0	0.0	0.0	0.0	0.0	0.0
GSM4138110_HNSCC_1_PBMC_GAAACTCGTCTTCTCG	186.66158793248317	146.48762166294793	0.0	0.0	0.0	0.0	0.0	0.0	0.0	0.0	0.0	0.0	0.0	0.0	101.86953096319611	0.0	0.0	0.0	0.0	0.0	0.0	0.0	0.0	88.6743793476251	0.0	0.0	0.0	0.0	0.0	0.0	0.0	0.0	0.0	0.0
GSM4138110_HNSCC_1_PBMC_GAAATGAAGAGCAATT	38.189310588905826	46.74636489184832	0.0	0.0	0.0	0.0	0.0	0.0	0.0	0.0	0.0	0.0	0.0	43.48319504370061	56.00675989818214	0.0	0.0	0.0	0.0	0.0	0.0	0.0	0.0	0.0	0.0	0.0	0.0	0.0	0.0	0.0	0.0	0.0	0.0	0.0
GSM4138110_HNSCC_1_PBMC_GAACATCTCGGTTAAC	67.45688809659363	0.0	0.0	0.0	0.0	78.16818579156484	0.0	0.0	26.784677272140758	0.0	0.0	0.0	0.0	0.0	0.0	0.0	2.5295501000791134	0.0	0.0	42.288470298023945	0.0	0.0	47.71723898212134	0.0	0.0	0.0	0.0	0.0	0.0	0.0	0.0	0.0	0.0	0.0
GSM4138110_HNSCC_1_PBMC_GAACCTATCGGCCGAT	63.008805658109644	96.66915389162727	0.0	80.29561644202678	0.0	0.0	0.0	0.0	0.0	0.0	0.0	0.0	0.0	0.0	0.0	0.0	0.0	0.0	0.0	0.0	32.259102464670484	0.0	0.0	0.0	0.0	0.0	0.0	0.0	0.0	0.0	0.0	0.0	6.039308244426704	0.0
GSM4138110_HNSCC_1_PBMC_GAATGAAGTTGGACCC	51.158416098567834	0.0	0.0	0.0	0.0	54.46163202448761	0.0	0.0	0.0	17.911494362592915	0.0	0.0	0.0	42.56772746922542	24.52603854549897	0.0	0.0	0.0	0.0	0.0	0.0	0.0	0.0	0.0	0.0	0.0	0.0	0.0	0.0	0.0	0.0	0.0	0.0	0.0
GSM4138110_HNSCC_1_PBMC_GACAGAGAGAGCCTAG	65.2397548775908	43.718868866600175	0.0	0.0	0.0	0.0	0.0	0.0	56.50877625113613	0.0	0.0	0.0	0.0	0.0	0.0	0.0	0.0	0.0	18.64107282176069	0.0	0.0	0.0	0.0	0.0	0.0	0.0	0.0	0.0	0.0	0.0	0.0	0.0	0.0	0.0
GSM4138110_HNSCC_1_PBMC_GACTAACAGGCAGGTT	98.88568652398635	0.0	0.0	0.0	130.68198844725558	0.0	0.0	54.36387657747684	0.0	0.0	0.0	0.0	0.0	0.0	0.0	126.19142076514213	0.0	0.0	0.0	0.0	0.0	62.479508428386154	0.0	0.4258529032099703	0.0	0.0	0.0	0.0	0.0	0.0	0.0	0.0	0.0	0.0
GSM4138110_HNSCC_1_PBMC_GACTGCGGTATCTGCA	37.00938854231128	61.23211799302105	0.0	0.0	0.0	0.0	0.0	0.0	0.0	0.0	40.19338790690659	0.0	0.0	0.0	0.0	18.16217421467512	0.0	0.0	0.0	0.0	0.0	0.0	75.31044128740429	0.0	0.0	0.0	0.0	0.0	0.0	0.0	0.0	0.0	0.0	0.0
GSM4138110_HNSCC_1_PBMC_GACTGCGTCTAAGCCA	112.4221477941697	47.794547807782656	0.0	16.74777300148574	0.0	67.58187138530538	0.0	112.75263158530531	0.0	0.0	29.86641321171551	0.0	0.0	0.0	0.0	0.0	0.0	0.0	0.0	0.0	0.0	0.0	0.0	0.6611555509013745	0.0	0.0	0.0	0.0	0.0	37.24973075816207	0.0	0.0	0.0	0.0
GSM4138110_HNSCC_1_PBMC_GATCGATGTGCTGTAT	96.9655267799097	72.40971728794608	0.0	8.646410928632372	0.0	0.0	0.0	33.4728924250224	0.0	0.0	0.0	0.0	73.15476912952917	0.0	0.0	0.0	79.41293074488165	0.0	0.0	0.0	0.0	0.0	0.0	0.0	2.7848081778483045	0.0	0.0	0.0	0.0	0.0	0.0	0.0	0.0	0.0
GSM4138110_HNSCC_1_PBMC_GATCTAGAGGGCTCTC	78.27434591660034	0.0	0.0	0.0	0.0	69.80801922768343	71.94599698792898	0.0	0.0	0.0	0.0	24.981973429215792	0.0	0.0	0.0	0.0	0.0	0.0	0.0	0.0	0.0	0.0	0.0	0.0	0.0	0.0	0.0	0.0	0.0	0.0	0.0	0.0	0.0	0.0
GSM4138110_HNSCC_1_PBMC_GATCTAGCAAACCTAC	125.85139644629142	65.87276858565534	0.0	15.926778202385695	35.9370509879731	2.1372016950057064	0.0	67.6634105612894	0.0	0.0	0.0	0.0	42.68329337921807	0.0	0.0	0.0	0.0	0.0	0.0	80.29010421657316	0.0	0.0	0.0	0.0	0.0	0.0	0.0	0.0	0.0	0.0	0.0	0.0	0.0	0.0
GSM4138110_HNSCC_1_PBMC_GATGAAAAGAAGGGTA	75.39226504141352	44.09966983387634	0.0	0.0	0.0	0.0	0.0	0.0	5.151298946222467	49.18625617908139	0.0	0.0	0.0	0.0	0.0	0.0	0.0	0.0	0.0	9.696808169294133	0.0	0.0	0.0	0.0	0.0	0.0	0.0	0.0	43.20942713080309	0.0	0.0	0.0	0.0	0.0
GSM4138110_HNSCC_1_PBMC_GATGCTAGTATGGTTC	66.47564434761338	0.0	0.0	0.0	38.22552219278918	0.0	0.0	59.72701584637478	0.0	0.0	0.0	0.0	0.0	0.0	0.0	0.0	116.42877578034616	0.0	24.278883150750598	0.0	0.0	0.0	0.0	0.0	0.0	0.0	0.0	0.0	0.0	0.0	0.0	0.0	0.0	0.0
GSM4138110_HNSCC_1_PBMC_GATTCAGAGCTATGCT	91.26168990786705	41.676857325139096	0.0	171.50178112522715	0.0	55.558008061122955	0.0	53.885531354108075	0.0	0.0	0.0	0.0	0.0	0.0	0.0	0.0	0.0	0.0	0.0	0.0	0.0	0.0	0.0	0.0	0.0	0.0	0.0	0.0	0.0	0.0	0.0	0.0	0.0	0.0
GSM4138110_HNSCC_1_PBMC_GCACATACATGAACCT	80.51360480432764	70.04475539133212	0.0	0.0	0.0	0.0	0.0	71.64951840575142	100.94728249452059	0.0	0.0	0.0	0.0	0.0	0.0	0.0	0.0	0.0	0.0	0.0	0.0	0.0	0.0	0.0	0.0	0.0	0.0	0.0	0.0	0.0	0.0	0.0	0.0	0.0
GSM4138110_HNSCC_1_PBMC_GCACATAGTCTTCTCG	112.79657960311266	46.042447859947295	0.0	0.0	0.0	0.0	0.0	0.0	71.77364539716916	35.12613246475448	0.0	0.0	91.71824083798045	0.0	0.0	0.0	0.0	0.0	0.0	0.0	0.0	0.0	0.0	0.0	0.0	0.0	0.0	0.0	0.0	0.0	0.0	0.0	0.0	0.0
GSM4138110_HNSCC_1_PBMC_GCAGTTATCCTACAGA	74.08978840288944	60.429590874068616	0.0	0.0	0.0	0.0	0.0	24.14686258757077	0.0	0.0	0.0	0.0	0.0	0.0	0.0	0.0	0.0	0.0	0.0	48.40584439049863	0.0	0.0	0.0	0.0	0.0	0.0	0.0	0.0	0.0	0.0	0.0	0.0	0.0	0.0
GSM4138110_HNSCC_1_PBMC_GCATACAAGACACGAC	140.8861687559409	105.46149637909211	0.0	0.0	0.0	0.0	0.0	9.724924682514459	15.925395443454498	0.0	27.839719721582178	0.0	0.0	0.0	59.43330272550703	0.0	0.0	0.0	0.0	0.0	0.0	0.0	12.835242639355734	0.0	10.682813863066473	0.0	110.47487664736329	0.0	0.0	4.048399270971207	0.0	0.0	0.0	0.0
GSM4138110_HNSCC_1_PBMC_GCATGTATCTCATTCA	62.74153538608192	38.65388978161776	0.0	61.34868545919806	0.0	0.0	0.0	6.4487770918242475	0.0	0.0	0.0	0.0	0.0	0.0	0.0	0.0	0.0	0.0	0.0	0.0	0.0	44.60366915432746	0.0	0.0	0.0	0.0	0.0	0.0	0.0	0.0	0.0	0.0	0.0	0.0
GSM4138110_HNSCC_1_PBMC_GCGAGAATCTATCCTA	75.11439613999131	50.26734544623312	0.0	0.0	0.0	8.08105127068296	0.0	0.0	0.0	0.0	67.29715959208609	0.0	0.0	0.7332870668223378	0.0	0.0	0.0	0.0	0.0	0.0	0.0	0.0	52.532508959311606	0.0	0.0	0.0	0.0	0.0	0.0	0.0	0.0	0.0	0.0	0.0
GSM4138110_HNSCC_1_PBMC_GCGCAACCAGTACACT	60.806666717625674	43.21174622332801	0.0	0.0	0.0	0.0	0.0	0.0	59.612439508134734	0.0	0.0	0.0	60.769045135947934	0.0	0.0	0.0	0.0	0.0	0.0	0.0	0.0	0.0	0.0	0.0	0.0	0.0	0.0	0.0	0.0	0.0	0.0	0.0	0.0	0.0
GSM4138110_HNSCC_1_PBMC_GCGCAACTCACCGTAA	49.4278309892373	119.44649435500246	0.0	0.0	0.0	0.0	0.0	26.215276317693114	0.0	0.0	0.0	0.0	0.0	0.0	0.0	0.0	0.0	0.0	0.0	75.86377990674434	0.0	0.0	0.0	0.0	0.0	0.0	0.0	0.0	0.0	0.0	0.0	0.0	0.0	0.0
GSM4138110_HNSCC_1_PBMC_GCGGGTTTCTGTACGA	93.8952100189385	26.774508988691856	29.51044522922545	73.2562023779854	0.0	0.0	0.0	0.0	32.34872723723921	0.0	0.0	0.0	0.0	78.0185519562037	0.0	0.0	0.0	0.0	0.0	0.0	0.0	0.0	0.0	0.0	0.0	0.0	0.0	0.0	0.0	0.0	0.0	0.0	0.0	0.0
GSM4138110_HNSCC_1_PBMC_GCTGCAGCACAACGCC	81.44733577197668	0.0	0.0	38.719818273727675	0.0	17.232052768334267	0.0	0.0	0.0	0.0	0.0	9.714954902689406	0.0	0.0	0.0	0.0	42.85872994568009	0.0	54.997954261843915	0.0	0.0	0.0	0.0	8.112000534676868	0.0	0.0	0.0	0.0	0.0	0.0	0.0	0.0	0.0	0.0
GSM4138110_HNSCC_1_PBMC_GGAACTTCAACTGGCC	72.56760593514154	0.0	0.0	0.0	0.0	0.0	124.38108256649848	0.0	0.0	0.0	0.0	0.0	0.0	0.0	0.0	0.0	0.0	57.82062671120688	0.0	0.0	0.0	0.0	0.0	76.14659843618045	0.0	0.0	0.0	0.0	0.0	0.0	0.0	0.0	0.0	0.0
GSM4138110_HNSCC_1_PBMC_GGAATAAAGAACAATC	70.38210618716664	48.95858465368385	0.0	0.0	0.0	0.0	79.73536542542203	0.0	0.0	0.0	0.0	0.0	0.0	0.0	0.0	0.0	0.0	0.0	0.0	0.0	0.0	0.0	0.0	0.0	0.0	0.0	0.0	67.78853792444166	0.0	0.0	0.0	0.0	0.0	0.0
GSM4138110_HNSCC_1_PBMC_GGACATTCACGGTTTA	97.12355953106298	0.0	49.631330005930145	0.0	0.0	0.0	0.0	53.2242304880623	103.53876590656225	0.0	0.0	0.0	0.0	0.0	0.0	0.0	0.0	0.0	0.0	0.0	0.0	0.0	0.0	0.0	0.0	0.0	0.0	0.0	0.0	0.0	0.0	0.0	0.0	0.0
GSM4138110_HNSCC_1_PBMC_GGCTCGATCCGCGTTT	66.97599895856158	60.79216229697349	0.0	0.0	0.0	0.0	0.0	0.0	0.0	32.1555194751471	24.148377995541242	0.0	0.0	0.0	0.0	0.0	0.0	0.0	0.0	0.0	0.0	0.0	0.0	0.0	0.0	0.0	68.22433145259745	0.0	0.0	0.0	0.0	0.0	0.0	0.0
GSM4138110_HNSCC_1_PBMC_GGGACCTAGCCAGGAT	79.61650950151089	63.646753387184646	0.0	25.426235254716566	0.0	0.0	0.0	0.0	0.0	0.0	58.54625697133184	0.0	0.0	0.0	0.0	0.0	0.0	0.0	0.0	0.0	0.0	0.0	0.0	51.15582887109971	0.0	0.0	0.0	0.0	0.0	0.0	0.0	0.0	0.0	0.0
GSM4138110_HNSCC_1_PBMC_GGGACCTCAGTCACTA	143.7250364602107	0.0	0.0	0.0	143.05781282281353	0.0	71.00978176645808	0.0	67.89843642326748	0.0	0.0	0.0	0.0	0.0	0.0	0.0	0.0	0.0	0.0	23.64612557011578	0.0	54.5279793818065	0.0	0.0	0.0	0.0	0.0	0.0	0.0	0.0	0.0	72.62621489305808	0.0	0.0
GSM4138110_HNSCC_1_PBMC_GGGAGATGTGTGCGTC	118.662356716622	0.0	0.0	0.0	38.69643661241839	0.0	0.0	38.11003593119136	0.0	0.0	0.0	0.0	0.0	0.0	0.0	0.0	0.0	0.0	0.0	20.473174977372526	0.0	0.0	0.0	0.0	0.0	67.65617975425053	0.0	0.0	0.0	0.0	0.0	0.0	0.0	0.0
GSM4138110_HNSCC_1_PBMC_GGGAGATTCACGATGT	74.95446295039969	0.0	45.393207721531475	0.0	0.0	0.0	0.0	2.3416377141622426	0.0	42.93837575103341	0.0	0.0	0.0	0.0	0.0	0.0	0.0	0.0	37.75412093307571	0.0	0.0	0.0	0.0	0.0	0.0	0.0	0.0	0.0	0.0	0.0	0.0	0.0	0.0	0.0
GSM4138110_HNSCC_1_PBMC_GGGTTGCGTCCGAAGA	151.08172740180868	25.49135330355559	31.129138318612437	0.0	0.0	0.0	0.0	92.58500609742237	0.0	0.0	0.0	0.0	0.0	0.0	0.0	0.0	0.0	12.769325001930477	0.0	78.4501554140867	0.0	0.0	0.0	0.0	0.0	0.0	0.0	0.0	0.0	0.0	0.0	0.0	0.0	0.0
GSM4138110_HNSCC_1_PBMC_GGTGAAGTCGCTTGTC	103.32975062773727	62.16461181168768	4.451513032742771	0.0	0.0	0.0	58.150519952041776	0.0	0.0	26.575196643395	0.0	0.0	0.0	15.787225426921799	0.0	0.0	0.0	0.0	0.0	4.50539601052215	0.0	0.0	45.01624742321212	0.0	0.0	0.0	0.0	0.0	0.0	0.0	0.0	0.0	0.0	0.0
GSM4138110_HNSCC_1_PBMC_GGTGTTACAAACGCGA	91.43923976939983	0.0	0.0	0.0	85.63839803426923	0.0	26.33494603411515	0.0	44.667856279166415	0.0	0.0	82.76735024999454	0.0	0.0	0.0	0.0	2.577381654192691	0.0	0.0	0.0	0.0	0.0	0.0	0.0	0.0	0.0	0.0	0.0	0.0	0.0	0.0	0.0	0.0	0.0
GSM4138110_HNSCC_1_PBMC_GTAACTGTCTTCGAGA	84.55815715667362	80.89924611636307	0.0	83.45666705950308	0.0	0.0	0.0	0.0	0.0	0.0	0.0	47.50260772894978	37.85891141889858	0.0	0.0	0.0	0.0	0.0	0.0	0.0	0.0	0.0	0.0	0.0	0.0	0.0	0.0	0.0	0.0	0.0	0.0	0.0	0.0	0.0
GSM4138110_HNSCC_1_PBMC_GTAGGCCAGGTGTGGT	101.8419281454609	0.0	0.0	0.0	78.55874681181467	0.0	0.0	26.42945456006086	0.0	57.27942050130957	0.0	0.0	0.0	0.0	0.0	0.0	0.0	0.0	0.0	0.0	0.0	0.0	4.416249929178416	0.0	0.006302792523852808	0.0	18.13665777849546	0.0	0.0	0.0	0.0	0.0	0.0	0.0
GSM4138110_HNSCC_1_PBMC_GTAGTCACAGATCCAT	72.61078950742925	79.14668098602986	0.0	0.0	0.0	0.0	56.42861283631549	0.0	0.0	0.0	0.0	53.65682242325963	0.0	0.0	0.0	0.0	37.332235036847244	0.0	0.0	0.0	0.0	0.0	0.0	0.0	0.0	0.0	0.0	0.0	0.0	0.0	0.0	0.0	0.0	0.0
GSM4138110_HNSCC_1_PBMC_GTAGTCAGTGGGTCAA	98.24477816384827	0.0	0.0	14.675379505973712	0.0	0.0	0.0	0.0	22.23307465368628	0.0	0.0	0.0	0.0	0.0	0.0	0.0	0.0	35.89102143730638	0.0	19.11133593219051	51.99319679079496	0.0	0.0	0.0	0.0	0.0	0.0	0.0	0.0	0.0	0.0	0.0	0.0	0.0
GSM4138110_HNSCC_1_PBMC_GTATTCTAGGGTTTCT	84.15568571155303	0.0	0.0	0.0	0.0	136.03096070884294	0.0	0.0	66.86769242147822	0.0	0.0	0.0	65.90630557106898	0.0	0.0	0.0	0.0	0.0	0.0	0.0	0.0	0.0	0.0	0.0	0.0	0.0	0.0	0.0	0.0	0.0	0.0	0.0	0.0	0.0
GSM4138110_HNSCC_1_PBMC_GTATTCTTCCAAACTG	141.52823568839906	72.98612029277142	0.0	18.406523864232216	0.0	0.0	0.0	38.235044596902185	0.0	0.0	0.0	0.0	0.0	0.0	0.0	0.0	0.0	0.0	0.0	78.81122017569983	0.0	57.14441366275475	0.0	0.0	0.0	0.0	0.0	0.0	0.0	0.0	0.0	0.0	0.0	0.0
GSM4138110_HNSCC_1_PBMC_GTCGTAACAGGAACGT	60.51151544072391	99.47636393576028	0.0	56.953117559610966	0.0	0.0	0.0	43.94186984554566	0.0	0.0	0.0	0.0	0.0	0.0	0.0	0.0	0.0	0.0	0.0	0.0	0.0	0.0	0.0	0.0	0.0	0.0	0.0	0.0	0.0	0.0	0.0	0.0	0.0	0.0
GSM4138110_HNSCC_1_PBMC_GTCGTAAGTATGAAAC	84.54941634877402	0.0	17.215405301630735	77.56571520402271	0.0	0.0	0.0	45.23687147839757	0.0	0.0	0.0	0.0	0.0	0.0	0.0	0.0	0.0	13.50422376449901	0.0	0.0	0.0	0.0	0.0	0.0	0.0	0.0	0.0	0.0	0.0	0.0	0.0	0.0	0.0	0.0
GSM4138110_HNSCC_1_PBMC_GTCTCGTGTACGCACC	71.47966115644076	0.0	94.66007112242796	0.0	0.0	0.0	0.0	0.0	0.0	0.0	45.526952194092935	0.0	37.38593134935003	0.0	0.0	0.0	0.0	0.0	0.0	0.0	0.0	0.0	0.0	0.0	0.0	0.0	0.0	0.0	0.0	0.0	0.0	0.0	0.0	0.0
GSM4138110_HNSCC_1_PBMC_GTGGGTCAGAATGTGT	58.78145396315751	0.0	26.39306491329824	16.149305430402336	0.0	16.19129084131948	0.0	0.0	30.05413995691193	0.0	0.0	4.804396721673727	10.293643175004762	26.01138202579495	0.0	0.0	0.0	0.0	0.0	0.0	0.0	0.0	0.0	0.0	0.0	0.0	46.73154392564804	0.0	0.0	0.0	0.0	0.0	0.0	0.0
GSM4138110_HNSCC_1_PBMC_GTTCATTGTAGCTGCC	74.20555633864697	23.12426782515205	18.55994533458227	0.0	0.0	46.31153908266708	0.0	0.0	0.0	0.0	108.75771790897682	0.0	0.0	0.0	21.81080946884632	0.0	3.391915764984459	0.0	0.0	0.0	0.0	73.34312235609215	0.0	0.0	0.0	0.0	0.0	31.819367802922862	0.0	0.0	0.0	0.0	0.0	0.0
GSM4138110_HNSCC_1_PBMC_GTTCATTTCCGCGGTA	92.43837237812198	0.0	11.637122541105429	105.00248672060594	0.0	0.0	0.0	65.42469641416501	0.0	0.0	0.0	0.0	0.0	0.0	0.0	0.0	0.0	63.56691984120289	0.0	0.0	0.0	0.0	0.0	0.0	0.0	0.0	0.0	0.0	0.0	0.0	0.0	0.0	0.0	0.0
GSM4138110_HNSCC_1_PBMC_GTTCTCGCACTATCTT	84.23159782440361	24.887797736679435	0.0	47.233158180338954	0.0	28.512906603462763	0.0	0.0	0.0	0.0	0.0	70.19185994126906	5.071844266941739	0.0	0.0	12.502108271824357	0.0	0.0	0.0	0.0	0.0	0.0	0.0	0.0	0.0	0.0	0.0	0.0	0.0	0.0	0.0	0.0	0.0	0.0
GSM4138110_HNSCC_1_PBMC_GTTCTCGTCAGAGACG	54.879966110081924	104.58944813593631	0.0	0.0	0.0	0.0	0.0	60.65026928519622	66.22629919579836	0.0	0.0	0.0	0.0	0.0	0.0	0.0	0.0	0.0	0.0	0.0	0.0	0.0	0.0	0.0	0.0	0.0	0.0	0.0	0.0	0.0	0.0	0.0	0.0	0.0
GSM4138110_HNSCC_1_PBMC_TAAGCGTAGGTGCTTT	160.52089229374093	184.6039453618789	0.0	0.0	0.0	0.0	109.69311721252907	103.07427856630545	0.0	0.0	0.0	0.0	0.0	0.0	0.0	0.0	41.763823638733854	0.0	0.0	0.0	0.0	0.0	0.0	0.0	0.0	0.0	0.0	0.0	0.0	0.0	0.0	0.0	0.0	0.0
GSM4138110_HNSCC_1_PBMC_TACAGTGGTCATCGGC	127.64686662068259	0.0	0.0	0.0	0.0	113.0149780243423	0.0	0.0	0.0	0.0	0.0	0.0	0.0	0.0	0.0	142.38268458828136	0.0	0.0	0.0	0.0	66.8109696129709	0.0	0.0	0.0	0.0	0.0	0.0	0.0	0.0	0.0	0.0	0.0	0.0	0.0
GSM4138110_HNSCC_1_PBMC_TACCTTATCACGATGT	119.01329746704138	0.0	0.0	0.0	108.37093030951189	0.0	0.0	0.0	0.0	43.3110771716761	55.36934944938593	0.0	0.0	0.0	0.0	0.0	0.0	0.0	0.0	0.0	0.0	0.0	3.5314406136440795	0.0	0.0	0.0	0.0	0.0	71.52910358382884	0.0	0.0	0.0	0.0	0.0
GSM4138110_HNSCC_1_PBMC_TACGGATTCTAACTTC	76.49737158572313	0.0	72.94628371410978	0.0	0.0	0.0	0.0	31.763592404601432	0.0	68.9351461302022	0.0	0.0	0.0	0.0	0.0	0.0	0.0	0.0	0.0	0.0	0.0	9.382723228355319	0.0	0.0	0.0	0.0	0.0	0.0	0.0	0.0	0.0	0.0	0.0	0.0
GSM4138110_HNSCC_1_PBMC_TACTTGTAGTCATCCA	136.83982846906616	0.0	51.820824429167445	0.0	53.02231167559799	0.0	0.0	0.0	0.0	0.0	0.0	0.0	0.0	0.0	82.89599664264955	0.0	8.511527024939403	0.0	0.0	0.0	45.73611546633505	0.0	0.0	0.0	0.0	0.0	0.0	0.0	0.0	0.0	0.0	0.0	0.0	0.0
GSM4138110_HNSCC_1_PBMC_TACTTGTTCAGAGCTT	118.01243690397777	44.11086755977236	0.0	0.0	0.0	0.0	0.0	0.0	0.0	111.90550069808438	0.0	0.0	0.0	0.0	0.0	0.0	0.0	0.0	0.0	0.0	0.0	0.0	134.49000146248045	0.0	0.0	0.0	0.0	0.0	0.0	0.0	0.0	4.2664056379267725	0.0	0.0
GSM4138110_HNSCC_1_PBMC_TAGACCAGTCCGAGTC	95.26520567880671	0.0	61.345053373795494	0.0	39.404323453644444	0.0	100.94882712728356	0.0	0.0	0.0	0.0	1.8587918625625561	0.0	0.0	0.0	0.0	0.0	0.0	0.0	0.0	0.0	0.0	0.0	57.75208257491469	0.0	0.0	0.0	0.0	0.0	0.0	0.0	0.0	0.0	0.0
GSM4138110_HNSCC_1_PBMC_TAGAGCTGTTCCCTTG	112.10057697072698	18.122785596359336	0.0	0.0	40.9219384338554	0.0	0.0	0.0	8.438269096463369	10.72420940056916	0.0	0.0	64.03612934717822	0.0	13.691668232570338	0.0	0.0	0.0	0.0	0.0	0.0	0.0	0.0	0.0	39.911607460932935	0.0	0.0	0.0	0.0	0.0	0.0	0.0	0.0	0.0
GSM4138110_HNSCC_1_PBMC_TATCTCACACGGCGTT	76.87857042992898	52.01782032038989	0.0	93.32919424118919	0.0	0.0	1.7242786369197918	0.0	0.0	0.0	0.0	89.35601642636415	8.248045136673325	0.0	0.0	0.0	0.0	0.0	0.0	0.0	0.0	0.0	0.0	0.0	0.0	0.0	0.0	0.0	0.0	0.0	0.0	0.0	0.0	0.0
GSM4138110_HNSCC_1_PBMC_TATCTCATCAACGGGA	130.28906837040648	0.0	21.096003987514067	0.0	21.6005968289803	29.079085791276704	0.0	0.0	0.0	0.0	13.50280956414998	0.0	0.0	66.41391465768966	56.439886518467496	61.928615700351585	0.0	0.0	0.0	0.0	0.0	0.0	0.0	0.0	0.0	0.0	0.0	0.0	0.0	0.0	0.0	0.0	0.0	0.0
GSM4138110_HNSCC_1_PBMC_TCACGAATCTGTCCGT	81.17817481642658	80.15455623305778	0.0	0.0	0.0	0.0	0.0	0.0	116.24242658061858	0.0	0.0	0.0	0.0	0.0	0.0	0.0	0.0	0.0	57.1267352462115	0.0	0.0	0.0	0.0	0.0	0.0	0.0	0.0	0.0	0.0	0.0	0.0	0.0	0.0	0.0
GSM4138110_HNSCC_1_PBMC_TCAGATGTCCGCGTTT	116.15909548715422	0.0	0.0	23.735542984089346	72.05083658773873	0.0	0.0	0.0	44.23785181653673	0.0	0.0	39.94982922006503	6.67579327312042	0.0	0.0	0.0	0.0	0.0	0.0	0.0	0.0	0.0	0.0	0.0	0.0	0.0	0.0	0.0	0.0	0.0	0.0	0.0	0.0	0.0
GSM4138110_HNSCC_1_PBMC_TCAGCAAAGGCGCTCT	65.70254367752905	33.315109787754494	0.0	0.0	0.0	0.0	0.0	31.44352588852584	0.0	0.0	0.0	0.0	0.061387446143261325	0.0	0.0	86.18064336592943	0.0	0.0	0.0	0.0	0.0	0.0	0.0	0.0	0.0	0.0	0.0	0.0	0.0	0.0	0.0	0.0	0.0	0.0
GSM4138110_HNSCC_1_PBMC_TCATTACAGCGCTCCA	107.88484723793677	14.210708283562239	37.70377020995463	0.0	0.0	0.0	0.0	32.75658657513422	0.0	0.0	0.0	24.81582943245872	0.0	0.0	104.00881497619852	0.0	0.0	0.0	0.0	0.0	0.0	9.679850118606838	0.0	0.0	0.0	0.0	0.0	0.0	0.0	0.0	0.0	0.0	0.0	0.0
GSM4138110_HNSCC_1_PBMC_TCCCGATAGTGGAGAA	46.26177416799783	0.0	0.0	72.15106145910673	31.840829169720937	0.0	0.0	0.0	0.0	0.0	0.0	26.41993842038931	0.0	0.0	0.0	0.0	0.0	0.0	0.0	0.0	0.0	0.0	0.0	0.0	0.0	0.0	0.0	0.0	0.0	0.0	0.0	0.0	0.0	0.0
GSM4138110_HNSCC_1_PBMC_TCGCGAGGTAGCACGA	117.26603583708712	122.70381302308789	0.0	0.0	0.0	0.0	0.0	0.0	23.269623759929246	102.43021005716129	0.0	0.0	75.32201587031979	4.08981809887167	0.0	0.0	0.0	0.0	0.0	0.0	0.0	0.0	0.0	0.0	0.0	0.0	0.0	0.0	0.0	0.0	0.0	0.0	0.0	0.0
GSM4138110_HNSCC_1_PBMC_TCGGGACTCAACGAAA	113.90548465915771	80.43743587473564	0.0	0.0	0.0	0.0	0.0	0.0	0.0	0.0	0.0	0.0	0.0	23.28789281268311	0.0	0.0	0.0	0.0	0.0	0.0	0.0	0.0	0.0	0.0	71.18141487449913	0.0	0.0	0.0	0.0	13.289394088772262	0.0	0.0	0.0	0.0
GSM4138110_HNSCC_1_PBMC_TCGGGACTCGAGAGCA	110.47288567140492	87.861933753438	0.0	0.0	0.0	0.0	0.0	0.0	0.0	128.6476938496176	0.0	0.0	0.0	102.75071818433175	0.0	0.0	0.0	0.0	0.0	0.0	0.0	0.0	0.0	0.0	0.9869901069040429	0.0	52.56398257665889	0.0	0.0	0.0	0.0	0.0	0.0	0.0
GSM4138110_HNSCC_1_PBMC_TCGGTAATCACTCTTA	57.98611032197946	0.0	55.71589010575641	0.0	0.0	0.0	0.0	0.0	0.0	0.0	112.99161728068066	38.6674063550384	0.0	0.0	0.0	0.0	0.0	0.0	0.0	0.0	0.0	0.0	0.0	14.121902164535069	0.0	0.0	0.0	0.0	0.0	0.0	0.0	0.0	0.0	0.0
GSM4138110_HNSCC_1_PBMC_TCGTACCTCCGCAAGC	167.18596784222868	123.17881937694703	0.0	0.0	0.0	0.0	163.54582881282442	0.0	0.0	0.0	0.0	0.0	0.0	0.0	0.0	0.0	0.0	0.0	207.27361040752177	0.0	0.0	0.0	0.0	0.0	0.0	0.0	0.0	0.0	0.0	0.0	0.0	0.0	0.0	0.0
GSM4138110_HNSCC_1_PBMC_TCGTACCTCTGCCCTA	184.7707191066244	191.31078933993228	0.0	0.0	0.0	0.0	0.0	52.010063870680376	0.0	0.0	0.0	0.0	0.0	0.0	0.0	0.0	65.54904047742863	0.0	24.509951236062378	0.0	0.0	0.0	0.0	0.0	116.9606087980413	0.0	0.0	0.0	0.0	0.0	0.0	0.0	0.0	0.0
GSM4138110_HNSCC_1_PBMC_TCTATTGGTCTAAAGA	97.98173524681202	0.0	23.882291855509347	0.0	54.68543650381861	0.0	0.0	0.0	91.64829483355928	0.0	0.0	4.008305952189462	0.0	0.0	0.0	0.0	0.0	0.0	0.0	0.0	0.0	0.0	0.0	37.67984703935275	0.0	0.0	0.0	0.0	0.0	0.0	0.0	0.0	0.0	0.0
GSM4138110_HNSCC_1_PBMC_TCTATTGGTTGGTTTG	98.72450226968846	0.0	0.0	25.969822122670212	76.04729872026685	0.0	0.0	0.0	0.0	0.0	0.0	29.464151734766148	0.0	0.0	0.0	0.0	57.3674426422573	0.0	0.0	0.0	0.0	0.0	0.0	21.865956588097823	0.0	0.0	0.0	0.0	0.0	0.0	0.0	0.0	0.0	0.0
GSM4138110_HNSCC_1_PBMC_TCTATTGTCTGCAGTA	61.90838862290193	0.0	0.0	0.0	44.22427332979329	0.0	37.49326561166093	0.0	0.0	0.0	0.0	0.0	0.0	0.0	0.0	0.0	0.0	0.0	0.0	6.118715660334041	0.0	0.0	0.0	0.0	0.0	0.0	0.0	0.0	0.0	0.0	0.0	18.680997661153764	42.430406052075945	0.0
GSM4138110_HNSCC_1_PBMC_TCTGAGACAGATAATG	143.88408083039783	0.0	100.34893267131345	0.0	0.0	0.0	12.218479668523106	0.0	0.0	99.97772822737679	0.0	0.0	0.0	0.0	0.0	0.0	0.0	0.0	0.0	0.0	96.75992455864997	0.0	0.0	0.0	0.0	0.0	0.0	0.0	0.0	0.0	0.0	0.0	0.0	0.0
GSM4138110_HNSCC_1_PBMC_TCTGAGAGTAAGAGAG	100.96366242194797	0.0	52.33781661125281	0.0	0.0	21.90650616379598	0.0	0.0	0.0	0.0	0.0	0.0	0.0	60.60279153323145	0.0	0.0	0.0	0.0	0.0	0.0	0.0	0.0	0.0	0.0	0.0	0.0	0.0	0.0	0.0	75.43756209777014	0.0	0.0	0.0	0.0
GSM4138110_HNSCC_1_PBMC_TCTGAGATCCTTTCTC	161.73889331765344	0.0	0.0	0.0	0.0	64.414757913799	0.0	0.0	0.0	106.28987891919036	0.0	0.0	0.0	0.0	0.0	0.0	0.0	0.0	0.0	0.0	0.0	0.0	24.52071701472698	0.0	0.0	0.0	5.378735171613854	0.0	18.319228462125988	0.0	0.0	0.0	0.0	0.0
GSM4138110_HNSCC_1_PBMC_TCTGGAATCTCAAACG	95.18656771254565	0.0	0.0	0.0	54.687766421653855	0.0	0.0	0.0	0.0	0.0	11.636777325403871	0.0	0.0	0.0	0.0	107.7621080171848	0.0	0.0	0.0	0.0	0.0	0.0	0.0	0.0	0.0	0.0	47.71700703579212	0.0	0.0	0.0	0.0	0.0	0.0	0.0
GSM4138110_HNSCC_1_PBMC_TCTTTCCAGTGGGCTA	102.62259277150315	49.73197437388806	0.0	0.0	0.0	0.0	0.0	0.0	0.0	26.275441605112754	85.48815557363946	0.0	0.0	0.0	0.0	0.0	0.0	23.785463493407477	0.0	0.0	46.9362552235019	0.0	0.0	0.0	0.0	0.0	0.0	0.0	0.0	0.0	0.14498537554278979	0.0	0.0	0.0
GSM4138110_HNSCC_1_PBMC_TGAAAGACACTTCGAA	33.64771642332686	21.305451098437214	0.0	0.0	0.0	0.0	0.0	62.62797431237988	0.0	0.0	0.0	0.0	0.0	0.0	0.0	0.0	0.0	0.0	0.0	76.78162177025136	0.0	0.0	0.0	0.0	0.0	0.0	0.0	0.0	0.0	0.0	0.0	0.0	0.0	0.0
GSM4138110_HNSCC_1_PBMC_TGACAACGTTAAGGGC	137.7538733754037	82.04125300807016	22.992833849376503	11.277330565902858	0.0	0.0	106.92427582653698	50.64871488087508	0.0	0.0	0.0	0.0	24.461720009758803	0.0	0.0	0.0	0.0	0.0	0.0	5.456179220298584	0.0	0.0	0.0	0.0	0.0	0.0	0.0	0.0	0.0	0.0	0.0	0.0	0.0	0.0
GSM4138110_HNSCC_1_PBMC_TGACGGCAGCGCCTTG	83.60146823666818	87.97085257417379	0.0	0.0	0.0	0.0	0.0	42.03296614808998	99.2571114353176	0.0	0.0	0.0	0.0	0.0	0.0	0.0	30.828529122478557	0.0	0.0	35.21862673613062	0.0	4.366399228240037	0.0	0.0	0.0	0.0	0.0	0.0	0.0	0.0	0.0	0.0	0.0	0.0
GSM4138110_HNSCC_1_PBMC_TGACGGCGTTACGACT	74.63475197673776	0.0	60.37410024331725	0.0	8.624760083037177	0.0	72.55740307604627	0.0	0.0	0.0	0.0	0.0	18.60407920647529	0.0	0.0	0.0	6.569735639144334	0.0	0.0	0.0	0.0	0.0	0.0	36.79416732360561	0.0	0.0	0.0	0.0	0.0	0.0	0.0	0.0	0.0	0.0
GSM4138110_HNSCC_1_PBMC_TGACGGCTCGGTTCGG	99.49335418800773	0.0	55.18028053459429	20.908672216546375	0.0	44.423941887708864	14.443399142483278	15.086931968727939	0.0	0.0	0.0	0.0	59.68050883134929	0.0	0.0	18.63636513237003	0.0	0.0	0.0	23.294535015663687	0.0	0.0	0.0	0.0	0.0	0.0	0.0	0.0	0.0	0.0	0.0	0.0	0.0	0.0
GSM4138110_HNSCC_1_PBMC_TGACTAGAGAACTGTA	103.34849056918651	0.0	2.590207416406306	8.355712769759812	0.0	0.0	0.0	0.0	0.0	34.01130264754645	18.517617692588317	44.2647249230748	0.0	0.0	0.0	0.0	0.0	0.0	0.0	12.726228763984993	0.0	0.0	0.0	0.0	0.0	0.0	0.0	0.0	0.0	0.0	0.0	0.0	0.0	0.0
GSM4138110_HNSCC_1_PBMC_TGAGCATGTATTCTCT	277.2580830651009	123.70470582393605	0.0	0.0	0.0	42.913301342312984	0.0	44.323804105281965	0.0	108.69544491731281	0.0	0.0	0.0	0.0	57.52892723067839	0.0	0.0	0.0	34.64264766718164	0.0	0.0	21.48055632106588	0.0	0.0	26.86518015021149	0.0	0.0	0.0	0.0	0.0	0.0	0.0	0.0	0.0
GSM4138110_HNSCC_1_PBMC_TGCACCTTCCAGGGCT	123.08667335744718	0.0	0.0	0.0	176.31825160035905	0.0	0.0	0.0	0.0	0.0	0.0	0.0	0.0	0.0	0.0	130.746261271662	0.0	0.0	0.0	0.0	67.60789545601563	0.0	0.0	0.0	0.0	0.0	0.0	0.0	0.0	0.0	0.0	0.0	0.0	0.0
GSM4138110_HNSCC_1_PBMC_TGCCAAATCGCGGATC	116.47460703606667	0.0	0.0	0.0	99.08496980448719	0.0	59.50246614502085	11.99909158359198	0.0	0.0	0.0	0.0	0.0	0.0	0.0	0.0	0.0	0.0	0.0	0.0	0.0	0.0	0.0	20.549536595726316	0.0	0.0	0.0	0.0	0.0	41.68638697827379	0.0	0.0	0.0	0.0
GSM4138110_HNSCC_1_PBMC_TGCCAAATCTTCCTTC	65.36703542657847	90.20772324173164	0.0	59.24819802923612	0.0	0.0	0.0	0.0	0.0	0.0	0.0	0.0	52.12097450471754	0.0	0.0	0.0	0.0	0.0	0.0	0.0	0.0	0.0	0.0	0.0	0.0	0.0	0.0	0.0	0.0	0.0	0.0	0.0	0.0	0.0
GSM4138110_HNSCC_1_PBMC_TGCCCATGTGGTCCGT	40.477216559120315	61.23139686242797	0.0	73.01190864704255	0.0	0.0	0.0	0.0	0.0	0.0	0.0	0.0	0.0	0.0	0.0	0.0	0.0	0.0	67.58569498945215	0.0	0.0	0.0	0.0	0.9566322859873098	0.0	0.0	0.0	0.0	0.0	0.0	0.0	0.0	0.0	0.0
GSM4138110_HNSCC_1_PBMC_TGCCCTACAAAGCAAT	92.71444842150724	49.90704872389599	0.0	52.7049324857587	16.675342035312326	0.0	0.0	0.0	0.0	0.0	0.0	0.0	0.0	0.0	0.0	0.0	51.94761453761432	0.0	83.22257385463952	0.0	0.0	0.0	0.0	0.0	0.0	0.0	0.0	0.0	0.0	0.0	0.0	0.0	0.0	0.0
GSM4138110_HNSCC_1_PBMC_TGCCCTAGTGTCGCTG	20.773097802621436	64.38041291939558	0.0	0.0	0.0	0.0	0.0	0.0	0.0	0.0	0.0	0.0	0.0	0.0	0.0	151.33635940857633	0.0	0.0	11.830838242595076	0.0	0.0	0.0	0.0	0.8738748352275579	0.0	0.0	0.0	0.0	0.0	0.0	18.589298066525096	0.0	0.0	0.0
GSM4138110_HNSCC_1_PBMC_TGCGCAGAGGGCATGT	191.30951752814636	117.24011074043385	0.0	0.0	0.0	0.0	0.0	0.0	0.0	57.60306794614791	95.9336626016948	0.0	0.0	160.1838947556596	0.0	0.0	0.0	0.0	0.0	0.0	0.0	0.0	0.0	0.0	0.0	0.0	0.0	0.0	0.0	0.0	0.0	0.0	0.0	0.0
GSM4138110_HNSCC_1_PBMC_TGCTACCCACTACAGT	111.85564870170319	0.0	68.0517768352321	0.0	20.05888004299932	0.0	0.0	13.81334484678103	0.0	0.9434075218459136	0.0	0.0	4.32731798832088	4.448340601549511	0.0	54.057760794259686	0.0	0.0	0.0	0.0	0.0	0.0	0.0	0.0	0.0	0.0	0.0	0.0	56.87735487072593	46.86457533663603	0.0	0.0	0.0	0.0
GSM4138110_HNSCC_1_PBMC_TGCTACCCATTACGAC	54.76263731534824	0.0	0.0	0.0	52.538339310188455	0.0	0.0	0.0	0.0	0.0	0.0	28.315843791961814	0.0	0.0	0.0	68.96641171870496	0.0	0.0	18.675390392777583	0.0	0.0	0.0	0.0	0.0	0.0	0.0	0.0	0.0	0.0	0.0	0.0	0.0	0.0	0.0
GSM4138110_HNSCC_1_PBMC_TGCTACCTCAACCAAC	59.46616984847314	0.0	24.162630404647185	0.0	0.0	0.0	0.0	0.0	0.0	59.73096807182525	0.0	0.0	0.0	0.0	0.0	0.0	0.0	27.481852276208503	0.0	0.0	74.7463502281657	0.0	0.0	0.0	0.0	0.0	0.0	0.0	0.0	0.0	0.0	0.0	0.0	0.0
GSM4138110_HNSCC_1_PBMC_TGGACGCGTCATACTG	86.19605950751584	15.39072205577872	38.5939663888134	11.878074753135696	0.0	34.5008454642925	0.0	0.0	0.0	0.0	52.100256888832924	0.0	0.0	0.0	0.0	49.26060140557934	0.0	0.0	39.6819409667404	0.0	57.41764188300095	0.0	0.0	0.0	0.0	0.0	0.0	0.0	0.0	0.0	0.0	0.0	0.0	0.0
GSM4138110_HNSCC_1_PBMC_TGGCCAGTCCTTAATC	90.08329384687626	0.0	21.095508654464087	0.0	124.36761092132932	0.0	0.0	0.0	0.0	83.34824132646499	0.0	0.0	0.0	55.327476344326485	0.0	0.0	0.0	0.0	0.0	0.0	0.0	0.0	0.0	0.0	0.0	0.0	0.0	0.0	0.0	0.0	0.0	0.0	0.0	0.0
GSM4138110_HNSCC_1_PBMC_TGGCTGGCAGTCGATT	193.85840922157558	0.0	0.0	109.17445780414982	164.22142374785355	0.0	0.0	37.9237077900562	0.0	0.0	0.0	0.0	44.45041025101811	0.0	0.0	0.0	27.34926194548915	0.0	0.0	0.0	0.0	0.0	0.0	0.0	0.0	0.0	0.0	0.0	0.0	0.0	0.0	0.0	0.0	0.0
GSM4138110_HNSCC_1_PBMC_TGGGAAGCAATGGAGC	47.38492341310029	52.37503057762428	0.0	0.0	0.0	3.010250279972618	0.0	0.0	0.0	59.37636526295388	0.0	0.0	0.0	36.89968572124595	0.0	0.0	0.0	0.0	0.0	0.0	5.00005010929711	0.0	0.0	0.0	0.0	0.0	0.0	0.0	0.0	0.0	0.0	0.0	0.0	0.0
GSM4138110_HNSCC_1_PBMC_TGGGCGTAGGGAGTAA	89.16767777061781	0.0	0.0	0.0	0.0	0.0	0.0	36.00701126295836	0.0	74.60908926623931	0.0	0.0	0.0	0.0	0.0	0.0	0.0	60.987125877256446	0.0	0.0	0.0	0.0	0.0	0.0	0.0	0.0	0.0	0.0	0.0	0.0	0.0	0.0	0.0	0.0
GSM4138110_HNSCC_1_PBMC_TGGGCGTGTTCGCGAC	105.41829839616697	0.0	9.59423824829617	17.65443005010744	50.26611781422286	0.0	0.0	0.0	0.0	0.0	0.0	0.0	37.200708612723254	0.0	0.0	0.0	0.0	0.0	0.0	35.52327486695665	0.0	0.0	0.0	0.0	0.0	0.0	0.0	0.0	0.0	0.0	0.0	0.0	0.0	0.0
GSM4138110_HNSCC_1_PBMC_TGGGCGTTCAACTCTT	62.88671240532051	0.0	30.228911229403703	0.0	0.0	0.0	95.02507060903798	11.684584472844374	0.0	0.0	0.0	0.0	85.25914922876605	0.0	0.0	0.0	0.0	0.0	0.0	0.0	0.0	0.0	0.0	0.0	0.0	0.0	0.0	0.0	0.0	0.0	0.0	0.0	0.0	0.0
GSM4138110_HNSCC_1_PBMC_TGGTTAGGTAGAAAGG	124.4774480309864	0.0	0.0	0.0	0.0	0.0	24.747077771395386	39.119382311349604	12.40895190631875	0.0	0.0	0.0	0.0	0.0	0.0	0.0	0.0	69.97648000689972	0.0	12.173588158770418	0.0	0.0	0.0	0.0	0.0	0.0	0.0	0.0	0.0	0.0	0.0	0.0	0.0	0.0
GSM4138110_HNSCC_1_PBMC_TGGTTAGTCGTCCGTT	145.85018747630642	88.06949823115235	0.0	0.0	0.0	0.0	0.0	0.0	0.0	0.0	104.5570554836105	63.13950040484917	0.0	0.0	3.3641946725654823	0.0	0.0	0.0	0.0	0.0	0.0	0.0	0.0	0.0	0.0	0.0	0.0	0.0	0.0	0.0	0.0	0.0	0.0	0.0
GSM4138110_HNSCC_1_PBMC_TTAACTCGTGTTCTTT	42.13297806581518	0.0	42.16370826889984	0.0	0.0	0.0	0.0	51.52641689490726	109.43812742080961	0.0	0.0	0.0	0.0	0.0	0.0	0.0	0.0	0.0	0.0	0.0	0.0	0.0	0.0	4.796266080203514	0.0	0.0	0.0	17.76132680055854	0.0	0.0	0.0	0.0	0.0	0.0
GSM4138110_HNSCC_1_PBMC_TTAACTCGTTAGTGGG	140.071102694271	0.0	0.0	0.0	0.0	114.46161841408328	0.0	0.0	0.0	130.82052207711115	0.0	0.0	0.0	64.4389444513382	0.0	0.0	0.0	0.0	0.0	0.0	0.0	0.0	0.0	0.0	0.0	0.0	0.0	0.0	0.0	0.0	0.0	0.0	0.0	0.0
GSM4138110_HNSCC_1_PBMC_TTAGGCATCATGTCCC	58.43460092296222	57.88824715534561	0.0	0.0	0.0	0.0	0.0	5.71737067109929	0.0	63.933478692238246	0.0	0.0	0.0	0.0	0.0	0.0	0.0	0.0	0.0	0.0	0.0	37.05016013818276	0.0	0.0	0.0	0.0	0.0	0.0	0.0	0.0	0.0	0.0	0.0	0.0
GSM4138110_HNSCC_1_PBMC_TTCTACAGTTGTGGAG	32.328528905566245	0.0	31.390475560548364	0.0	46.3649885504106	72.24513891341181	0.0	0.0	0.0	40.47574247933405	0.0	0.0	0.0	12.122245342646444	0.0	0.0	0.0	0.0	0.0	0.0	0.0	0.0	6.129978994872471	0.0	0.0	0.0	0.6833142246394761	0.0	22.069649828265728	0.0	0.0	0.0	0.0	0.0
GSM4138110_HNSCC_1_PBMC_TTCTCAATCCTCTAGC	85.84844990282784	77.94249567730361	0.0	0.0	0.0	0.0	0.0	0.0	0.0	0.0	0.0	0.0	0.0	0.0	0.0	0.0	132.88677953442087	0.0	0.0	0.0	0.0	25.03972701535998	0.0	43.86188104041118	0.0	0.0	0.0	0.0	0.0	0.0	0.0	0.0	0.0	0.0
GSM4138110_HNSCC_1_PBMC_TTCTCCTTCCCGACTT	48.2527647755955	64.95138188245723	0.0	9.513474578328774	0.0	0.0	36.52562680070355	11.45897679364427	0.0	0.0	0.0	0.0	0.0	0.0	0.0	0.0	0.0	0.0	0.0	0.0	0.0	0.0	35.53839331601371	0.0	0.0	0.0	0.0	0.0	0.0	0.0	0.0	0.0	0.0	0.0
GSM4138110_HNSCC_1_PBMC_TTGACTTCATGGAATA	110.13797474545555	0.0	0.0	0.0	25.181368530332392	0.0	0.0	0.0	0.0	0.0	0.0	0.0	0.0	0.0	3.1624517221196564	0.0	78.8189311559684	56.08828838376048	62.285579196884115	0.0	0.0	0.0	0.0	0.0	0.0	0.0	0.0	0.0	0.0	0.0	0.0	0.0	0.0	0.0
GSM4138110_HNSCC_1_PBMC_TTGACTTTCAGGTAAA	64.83187363364316	21.5391836723555	0.0	79.11627452774779	0.0	45.90635680864643	0.0	0.0	0.0	0.0	9.510902278074669	0.0	0.0	0.0	0.0	0.0	0.0	0.0	0.0	0.0	69.7593140403387	0.0	0.0	0.0	0.0	0.0	0.0	0.0	0.0	0.0	0.0	0.0	0.0	0.0
GSM4138110_HNSCC_1_PBMC_TTGTAGGCAGCGTTCG	55.33023340668733	0.0	2.2887430436594913	0.0	0.0	38.30214041317314	0.0	0.0	0.0	0.0	8.534563115985772	0.0	0.0	0.0	0.0	26.521559041245634	0.0	0.0	0.0	0.0	64.34398542332332	0.0	0.0	0.0	0.0	0.0	0.0	0.0	0.0	0.0	0.0	0.0	0.0	0.0
GSM4138110_HNSCC_1_PBMC_TTTACTGGTTCTGGTA	83.89866380768491	0.0	0.0	0.0	0.0	56.79942811188143	0.0	0.0	0.0	0.0	0.0	0.0	0.0	0.0	0.0	0.0	8.849615825160736	0.0	0.0	0.0	0.0	0.0	37.06465374417825	0.0	25.642787461111297	0.0	0.0	0.0	0.0	0.0	0.0	2.789810262074815	0.0	0.0
GSM4138110_HNSCC_1_PBMC_TTTATGCGTTTGTGTG	53.90148863161943	0.0	0.0	0.0	53.66518810793459	0.0	0.0	0.0	0.0	0.0	0.0	0.0	30.4721950677547	0.0	71.34003090991816	0.0	0.0	0.0	0.0	0.0	0.0	0.0	0.0	0.0	0.0	0.0	0.0	0.0	0.0	0.0	0.0	0.0	0.0	0.0
GSM4138110_HNSCC_1_PBMC_TTTCCTCCAGATCCAT	81.66125345974002	0.0	0.0	0.0	69.44721663436364	0.0	71.78377338254913	0.0	0.0	0.0	0.0	78.27938392596228	0.0	0.0	0.0	0.0	0.0	0.0	0.0	0.0	0.0	0.0	0.0	0.0	0.0	0.0	0.0	0.0	0.0	0.0	0.0	0.0	0.0	0.0
GSM4138110_HNSCC_1_PBMC_TTTCCTCGTTCGCGAC	78.85500116228629	0.0	0.0	0.0	0.0	127.57903219243563	145.15448667858556	0.0	0.0	0.0	0.0	0.0	62.21183354298444	0.0	0.0	0.0	0.0	0.0	0.0	0.0	0.0	0.0	0.0	0.0	0.0	0.0	0.0	0.0	0.0	0.0	0.0	0.0	0.0	0.0
GSM4138110_HNSCC_1_PBMC_TTTGCGCCACGAAATA	84.48244241091211	0.0	57.42971779025788	0.0	0.0	0.0	0.0	0.0	27.326024148088766	47.99741429608305	0.0	0.0	0.0	0.0	0.0	0.0	0.0	0.0	0.0	0.0	0.0	0.0	0.0	0.0	0.0	0.0	94.76054493994363	0.0	0.0	0.0	0.0	0.0	0.0	0.0
GSM4138110_HNSCC_1_PBMC_TTTGCGCGTTTCCACC	67.29324014716963	19.059279024996773	51.66969033446407	0.0	0.0	0.0	0.0	0.0	0.0	0.0	0.0	0.0	0.0	0.0	0.0	0.0	0.0	0.0	0.0	0.0	0.0	0.0	0.0	0.0	0.0	0.0	0.0	59.91317384867566	0.0	94.2401528223938	0.0	0.0	0.0	0.0
GSM4138110_HNSCC_1_PBMC_TTTGGTTAGAATTGTG	93.91443304372564	0.0	0.0	0.0	78.88041045232762	0.0	6.801830191230147	0.0	50.91340589290754	0.0	33.70669166498557	0.0	40.87751432229784	0.0	0.0	0.0	0.0	0.0	0.0	0.0	0.0	0.0	0.0	0.0	0.0	0.0	0.0	0.0	0.0	0.0	0.0	0.0	0.0	0.0
GSM4138110_HNSCC_1_PBMC_TTTGGTTAGAGCAATT	108.81761304753367	65.93664714349408	0.0	0.0	0.0	0.0	0.0	12.641129902209281	0.0	0.0	0.0	54.32249512764562	0.0	0.0	0.0	0.0	137.76527738908558	0.0	0.0	0.0	0.0	0.0	0.0	13.938642782675355	0.0	0.0	0.0	0.0	0.0	0.0	0.0	0.0	0.0	0.0
GSM4138110_HNSCC_1_PBMC_TTTGGTTGTCCGTGAC	76.42621243672573	0.0	0.0	0.0	0.0	77.54582257617739	0.0	0.0	62.13727523827038	0.0	0.0	0.0	0.0	82.45660836141813	0.0	0.0	0.0	0.0	0.0	0.0	0.0	0.0	0.0	0.0	0.0	0.0	0.0	0.0	0.0	0.0	0.0	0.0	0.0	0.0
GSM4138110_HNSCC_1_PBMC_TTTGTCAAGTACGATA	107.58555209589328	83.02961942120677	16.784126335058385	73.53150465568498	0.0	0.0	0.0	72.5277469232559	0.0	0.0	0.0	0.0	2.7049657824869207	0.0	0.0	0.0	27.842965601955584	0.0	0.0	0.0	0.0	0.0	0.0	0.0	0.0	0.0	0.0	0.0	0.0	0.0	0.0	0.0	0.0	0.0
GSM4138110_HNSCC_1_PBMC_TTTGTCATCAGGCAAG	74.99449667718395	0.0	0.0	0.0	0.0	60.459706397582536	0.0	0.0	0.0	0.0	115.56415086754066	0.0	0.0	0.0	8.64286412360347	0.0	0.0	0.0	0.0	0.0	68.12542800244954	0.0	0.0	0.0	0.0	0.0	0.0	0.0	0.0	0.0	0.0	0.0	0.0	0.0
GSM4138110_HNSCC_1_PBMC_TTTGTCATCGCGTAGC	67.62109346631127	14.068982528711986	47.51410896171227	0.0	0.0	0.0	26.556853924243196	0.0	27.032196631754793	0.0	0.0	0.0	52.23123786702383	0.0	0.0	0.0	0.0	0.0	0.0	14.86900224089343	0.0	0.0	0.0	0.0	0.0	0.0	0.0	0.0	0.0	0.0	0.0	0.0	0.0	0.0
GSM4138110_HNSCC_1_PBMC_ACGGAGAAGCAGGCTA	145.12853985561728	48.1074315684335	0.0	0.0	0.0	0.0	0.0	0.0	0.0	19.815669485604925	44.159620710995185	0.0	0.0	0.0	0.0	0.0	0.0	0.0	0.0	0.0	0.0	0.0	0.0	0.0	0.0	0.0	0.0	0.0	0.0	0.0	0.0	84.97887161487516	0.0	0.0
GSM4138110_HNSCC_1_PBMC_ACTATCTGTCGAGTTT	127.33066807249476	106.9327600949854	5.544093574483205	0.0	0.0	0.0	0.0	0.0	110.80694682166471	0.0	12.94408631660627	0.0	61.5451427370973	25.389998196661058	0.0	0.0	0.0	0.0	0.0	0.0	0.0	0.0	15.153791622902913	0.0	0.0	0.0	0.0	0.0	0.0	0.0	0.0	0.0	0.0	0.0
GSM4138110_HNSCC_1_PBMC_CAGTCCTGTAGAAGGA	62.03416881463235	0.0	0.0	0.0	0.0	79.76691410211843	0.0	0.0	100.5318720130377	0.0	0.0	0.0	72.1657552388133	0.0	0.0	0.0	0.0	0.0	0.0	0.0	0.0	0.0	0.0	0.0	0.0	0.0	0.0	0.0	0.0	0.0	0.0	0.0	0.0	0.0
GSM4138110_HNSCC_1_PBMC_CGATGTATCGGTCTAA	97.61075537915936	0.0	0.0	16.651108553772517	0.0	86.410333731356	0.0	0.0	43.981291062905434	0.0	0.0	0.0	43.0272737789641	0.0	0.0	0.0	0.0	0.0	0.0	0.0	0.0	0.0	0.0	0.0	0.0	0.0	0.0	0.0	0.0	0.0	0.0	0.0	0.0	0.0
GSM4138110_HNSCC_1_PBMC_GACCTGGTCGCCAAAT	82.45282426037147	0.0	90.70340033411516	0.0	0.0	0.0	0.0	26.38390785348035	0.0	0.0	0.0	0.0	0.0	23.004659661760886	0.0	0.0	107.90593614619567	0.0	0.0	0.0	0.0	0.0	0.0	11.782102193679007	0.0	0.0	0.0	0.0	0.0	0.0	0.0	0.0	0.0	0.0
GSM4138110_HNSCC_1_PBMC_TACGGTACATGGTCAT	145.99195361168805	0.0	133.60900653017862	152.1650869285908	0.0	0.0	0.0	34.430700845641724	0.0	0.0	0.0	0.0	97.7853836791327	0.0	0.0	0.0	0.0	0.0	0.0	0.0	0.0	0.0	0.0	0.0	0.0	0.0	0.0	0.0	0.0	0.0	0.0	0.0	0.0	0.0
GSM4138110_HNSCC_1_PBMC_TTAGTTCTCGCGGATC	74.58746610185261	0.0	65.0051674487927	0.0	0.0	0.0	0.0	0.0	22.291770894435885	0.0	32.04389999150157	0.0	0.0	0.0	0.0	0.0	0.0	0.0	0.0	0.0	0.0	0.0	57.0777067012748	0.0	0.0	0.0	0.0	0.0	0.0	0.0	0.0	0.0	0.0	0.0
GSM4138110_HNSCC_1_PBMC_AAAGCAACACGCGAAA	153.0323608332338	0.0	40.44908754893906	0.0	101.48394625570313	0.0	0.0	0.0	0.0	0.0	0.0	0.0	0.0	39.40085767894526	0.0	189.96109167244646	0.0	0.0	0.0	0.0	0.0	0.0	0.0	0.0	0.0	0.0	0.0	0.0	0.0	0.0	0.0	0.0	0.0	0.0
GSM4138110_HNSCC_1_PBMC_AACTTTCGTGTATGGG	79.09316961524205	0.0	88.36756583541498	26.601140564962723	0.0	0.0	0.0	0.0	0.0	0.0	14.27338849535384	0.0	0.0	13.953522900799188	0.0	0.0	0.0	0.0	0.0	0.0	0.0	0.0	0.0	0.0	0.0	0.0	0.0	0.0	0.0	0.0	0.0	0.0	0.0	0.0
GSM4138110_HNSCC_1_PBMC_AAGGAGCAGGGAAACA	147.22154159032007	0.0	64.3849244336486	0.0	0.0	20.38016037554329	0.0	1.9002346002673731	0.0	0.0	0.0	0.0	58.48493979162028	0.0	0.0	66.68990542152862	0.0	0.0	0.0	0.0	0.0	0.0	0.0	0.0	0.0	0.0	0.0	0.0	0.0	0.0	0.0	0.0	0.0	0.0
GSM4138110_HNSCC_1_PBMC_AATCGGTGTAATCACC	127.33096164743777	0.0	69.74465196174724	136.14190487290477	0.0	27.94851925268077	0.0	0.0	0.0	0.0	3.6481336402180724	0.0	10.624320518170704	0.0	0.0	0.0	0.0	0.0	0.0	0.0	0.0	0.0	0.0	0.0	0.0	0.0	0.0	31.216399889984977	0.0	0.0	0.0	0.0	0.0	0.0
GSM4138110_HNSCC_1_PBMC_ATAACGCTCACAACGT	200.10443776527518	186.77890006042946	0.0	0.0	0.0	0.0	0.0	0.0	240.6654354474187	0.0	0.0	0.0	0.0	0.0	0.0	0.0	0.0	0.0	0.0	0.0	127.4879076891945	0.0	0.0	0.0	0.0	0.0	5.74016613185165	0.0	0.0	0.0	0.0	0.0	0.0	0.0
GSM4138110_HNSCC_1_PBMC_ATCATCTTCTGGCGAC	163.99125750239037	18.91755527821934	159.24796389145922	178.05420206636336	0.0	0.0	0.0	0.0	0.0	0.0	0.0	0.0	0.0	0.0	0.0	0.0	0.0	0.0	0.0	0.0	0.0	126.81469195118856	0.0	0.0	0.0	0.0	0.0	0.0	0.0	0.0	0.0	0.0	0.0	0.0
GSM4138110_HNSCC_1_PBMC_ATCCGAATCGTTTATC	140.25144762889678	117.43644659876921	0.0	0.0	0.0	0.0	0.0	0.0	0.0	0.0	0.0	0.0	0.0	0.0	107.24207904883326	0.0	0.0	0.0	0.0	0.0	0.0	0.0	0.0	54.13249910687774	0.0	0.0	0.0	0.0	0.0	0.0	0.0	0.0	0.0	0.0
GSM4138110_HNSCC_1_PBMC_ATGCGATTCGTGGGAA	177.61729230930865	89.87595430665422	8.311787458717506	112.72092112822834	0.0	0.0	0.0	0.0	0.0	0.0	0.0	0.0	0.0	0.0	0.0	0.0	0.0	0.0	0.0	0.0	0.0	0.0	0.0	123.92579180917807	0.0	0.0	0.0	0.0	0.0	0.0	0.0	0.0	0.0	0.0
GSM4138110_HNSCC_1_PBMC_CAAGAAATCAGGCAAG	80.23572058679392	0.0	0.0	0.0	0.0	72.67385326510403	0.0	0.0	0.0	0.0	44.24435999709403	0.0	0.0	0.0	45.370873332079256	0.0	0.0	0.0	0.0	0.0	0.0	0.0	47.969187175761896	0.0	0.0	0.0	0.0	0.0	0.0	0.0	0.0	0.0	0.0	0.0
GSM4138110_HNSCC_1_PBMC_CACAGGCCACACCGAC	217.3260350357854	172.245240410342	0.0	0.0	0.0	0.0	0.0	114.20997484379123	0.0	0.0	0.0	0.0	0.0	0.0	219.1187206094941	0.0	0.0	0.0	0.0	0.0	0.0	0.0	0.0	0.0	0.0	0.0	0.0	0.0	0.0	0.0	0.0	0.0	0.0	0.0
GSM4138110_HNSCC_1_PBMC_CACTCCATCTGTACGA	77.33566962072018	0.0	96.77983213676549	5.4887580075309375	0.0	0.0	0.0	0.0	0.0	0.0	0.0	0.0	19.002666375028884	0.0	0.0	0.0	0.0	0.0	0.0	0.0	0.0	0.0	0.0	0.0	0.0	57.46373652940548	0.0	0.0	0.0	0.0	0.0	0.0	0.0	0.0
GSM4138110_HNSCC_1_PBMC_CCTTCCCTCGCCTGTT	67.29355087752805	0.0	0.0	0.0	46.230450375381324	0.0	0.0	0.0	0.0	0.0	0.0	0.0	0.0	0.0	0.0	0.0	51.6957255960819	0.0	71.22112598552135	0.0	0.0	0.0	0.0	0.0	0.0	0.0	0.0	0.0	0.0	0.0	0.0	0.0	0.0	0.0
GSM4138110_HNSCC_1_PBMC_CGATTGAAGACTAAGT	129.44160975634824	63.038927075157176	50.07266019198073	96.92179645185428	0.0	0.0	0.0	0.0	0.0	0.0	0.0	0.0	23.46283274766815	0.0	0.0	0.0	0.0	0.0	0.0	0.0	0.0	0.0	0.0	61.769013238220396	0.0	0.0	0.0	0.0	0.0	0.0	0.0	0.0	0.0	0.0
GSM4138110_HNSCC_1_PBMC_CGGACGTTCTGAGTGT	41.40602758571532	11.217146323631997	20.75258980375006	107.40264841765752	21.263378570151712	0.0	0.0	37.458688192385885	0.0	0.0	0.0	0.0	0.0	0.0	0.0	0.0	0.0	0.0	0.0	0.0	0.0	0.0	0.0	0.0	0.0	0.0	0.0	0.0	0.0	0.0	0.0	0.0	0.0	0.0
GSM4138110_HNSCC_1_PBMC_CGGGTCATCCCAACGG	49.40005008043978	11.450537795142093	0.0	0.0	53.823649503480986	0.0	0.0	0.0	70.20109342522895	0.0	0.0	0.0	18.78775956696226	0.0	0.0	0.0	0.0	0.0	0.0	0.0	0.0	0.0	0.0	0.0	0.0	0.0	0.0	0.0	0.0	0.0	0.0	0.0	0.0	0.0
GSM4138110_HNSCC_1_PBMC_CTCGAGGCATAGACTC	187.3577678924992	231.27059577328808	0.0	0.0	0.0	0.0	0.0	0.40161338915103795	0.0	0.0	0.0	0.0	15.323738419500652	52.758648364659216	104.18737085551963	0.0	47.31923978938505	0.0	0.0	0.0	0.0	0.0	0.0	0.0	0.0	0.0	0.0	0.0	0.0	0.0	0.0	0.0	0.0	0.0
GSM4138110_HNSCC_1_PBMC_CTCGTCACAATAAGCA	136.75199359854292	0.0	38.91555192756422	0.0	120.65751697441358	0.0	0.0	0.0	0.0	0.0	81.76573460946898	0.0	0.0	0.0	39.67905949804129	0.0	0.0	0.0	0.0	0.0	0.0	0.0	0.0	0.0	0.0	0.0	0.0	0.0	99.31375755064995	0.0	0.0	0.0	0.0	0.0
GSM4138110_HNSCC_1_PBMC_CTGATCCTCTTTAGGG	135.85244833581876	0.0	97.19457122769334	0.0	0.0	15.263219270210387	0.0	25.16466912781424	0.0	0.0	124.16261834884263	0.0	27.480261103737675	0.0	0.0	0.0	0.0	0.0	0.0	0.0	0.0	0.0	0.0	0.0	0.0	0.0	0.0	0.0	0.0	0.0	0.0	0.0	0.0	0.0
GSM4138110_HNSCC_1_PBMC_CTGTGCTTCTAACGGT	124.9316291573164	0.0	0.0	112.24355872462415	80.6586605217852	0.0	0.0	0.0	0.0	0.0	0.0	103.30143389539339	0.0	0.0	0.0	0.0	0.0	0.0	0.0	0.0	0.0	0.0	0.0	0.0	0.0	0.0	0.0	0.0	0.0	0.0	0.0	0.0	0.0	0.0
GSM4138110_HNSCC_1_PBMC_CTGTGCTTCTATCGCC	110.71778189525098	25.43051601571492	0.0	41.7768035182898	111.70159097935085	0.0	0.0	0.0	89.41844969447544	0.0	0.0	0.0	47.44073459677088	0.0	0.0	0.0	0.0	0.0	0.0	0.0	0.0	0.0	0.0	0.0	0.0	0.0	0.0	0.0	0.0	0.0	0.0	0.0	0.0	0.0
GSM4138110_HNSCC_1_PBMC_GACTAACGTCGACTGC	100.07849771128356	90.42507965826312	0.0	98.93599143657212	0.0	0.0	0.0	0.0	0.0	0.0	0.0	0.0	62.88936892256506	0.0	0.0	0.0	0.0	0.0	0.0	0.0	0.0	0.0	0.0	0.0	0.0	0.0	0.0	0.0	0.0	0.0	0.0	0.0	0.0	0.0
GSM4138110_HNSCC_1_PBMC_GAGGTGATCGTCCGTT	111.33529083258695	161.125446752648	0.0	142.1154294210461	0.0	0.0	0.0	65.66923491783861	0.0	0.0	0.0	0.0	0.0	0.0	0.0	0.0	0.0	0.0	0.0	0.0	0.0	0.0	0.0	0.0	0.0	0.0	0.0	0.0	0.0	0.0	0.0	0.0	0.0	0.0
GSM4138110_HNSCC_1_PBMC_GATCAGTAGTGTACTC	156.90485233440867	0.0	126.79077349772788	43.561256615872594	0.0	0.0	0.0	0.0	0.0	0.0	80.94882661388955	0.0	0.0	0.0	0.0	0.0	0.0	0.0	0.0	0.0	0.0	0.0	0.0	0.0	0.0	0.0	0.0	0.0	0.0	0.0	60.758505611359105	0.0	0.0	0.0
GSM4138110_HNSCC_1_PBMC_GCTCTGTAGTATCTCG	0.0	0.0	0.0	0.0	0.0	3381.0954269000217	0.0	0.0	0.0	0.0	0.0	0.0	0.0	0.0	0.0	0.0	0.0	0.0	0.0	0.0	0.0	0.0	0.0	0.0	0.0	0.0	0.0	0.0	0.0	0.0	0.0	0.0	0.0	0.0
GSM4138110_HNSCC_1_PBMC_GGAACTTTCCGATATG	83.09469316636357	37.03673327479678	45.43770376141107	0.0	0.0	0.0	0.0	46.187882249699804	0.0	119.39749079038876	0.0	0.0	0.0	0.0	0.0	0.0	0.0	0.0	0.0	0.0	0.0	0.0	0.0	0.0	0.0	0.0	0.0	0.0	0.0	0.0	0.0	0.0	0.0	0.0
GSM4138110_HNSCC_1_PBMC_GGACAGAAGCCATCGC	134.60856657535558	99.6076093771791	3.338035089919884	0.0	0.0	0.0	137.44920202103938	52.40902449696735	0.0	0.0	0.0	0.0	40.50573177063503	0.0	0.0	0.0	0.0	0.0	0.0	0.0	0.0	0.0	0.0	0.0	0.0	0.0	0.0	0.0	0.0	0.0	0.0	0.0	0.0	0.0
GSM4138110_HNSCC_1_PBMC_GGATGTTGTGCAGTAG	125.4662910429902	0.0	31.704421978272855	0.0	0.0	73.47636687950624	0.0	0.0	0.0	0.0	0.0	0.0	0.0	40.71104974210013	76.68818475755144	0.0	17.039329252880442	0.0	0.0	0.0	0.0	0.0	0.0	0.0	0.0	0.0	0.0	0.0	20.182903115554414	0.0	0.0	0.0	0.0	0.0
GSM4138110_HNSCC_1_PBMC_GTAACTGCAGCTGTTA	157.7892812293478	0.0	27.048309977891144	0.0	0.0	50.745787994303335	0.0	0.0	0.0	0.0	0.0	0.0	0.0	0.0	0.0	0.0	103.72852031320062	0.0	0.0	0.0	0.0	0.0	0.0	52.01595093484653	0.0	0.0	0.0	0.0	0.0	0.0	0.0	0.0	0.0	0.0
GSM4138110_HNSCC_1_PBMC_GTATTCTAGTAATCCC	202.89036825357454	156.14878631351925	0.0	119.50276974211341	0.0	0.0	0.0	126.43338158365746	0.0	0.0	0.0	0.0	0.0	0.0	0.0	0.0	38.48978634065216	0.0	0.0	0.0	0.0	0.0	0.0	0.0	0.0	0.0	0.0	0.0	0.0	0.0	0.0	0.0	0.0	0.0
GSM4138110_HNSCC_1_PBMC_GTGCAGCAGTCAAGCG	321.645787350659	278.52880654582435	0.0	234.8570510868614	0.0	0.0	31.024525648662603	0.0	0.0	0.0	0.0	26.24794773680016	89.47633819267256	0.0	0.0	0.0	0.0	0.0	124.3961427187058	0.0	0.0	0.0	0.0	0.0	0.0	100.85165832538232	0.0	0.0	0.0	66.416687001294	0.0	0.0	0.0	0.0
GSM4138110_HNSCC_1_PBMC_GTGCATACACAGGCCT	111.05976135636499	0.0	141.6443789694628	142.50645185153198	0.0	0.0	0.0	21.560680629615664	0.0	0.0	0.0	0.0	0.0	0.0	0.0	0.0	0.0	0.0	0.0	0.0	0.0	12.859733694831924	0.0	0.0	0.0	0.0	0.0	27.962814873784513	0.0	0.0	0.0	0.0	0.0	0.0
GSM4138110_HNSCC_1_PBMC_TACTCGCGTTTAGCTG	116.45717633480606	0.0	0.0	0.0	0.0	96.39502364021308	0.0	0.0	0.0	0.0	1.4905440971855428	0.0	0.0	0.0	148.56175844521505	0.0	0.0	0.0	0.46252023067481496	0.0	0.0	0.0	0.0	0.0	0.0	0.0	0.0	49.768689337599056	0.0	0.0	0.0	0.0	0.0	0.0
GSM4138110_HNSCC_1_PBMC_TACTTACGTTATGCGT	133.41543811671318	24.74540528182572	0.0	0.0	0.0	54.657180133453444	0.0	46.70176825883832	0.0	95.89069935093126	0.0	0.0	0.0	0.0	0.0	0.0	0.0	0.0	0.0	34.496727335321005	0.0	0.0	0.0	0.0	0.0	0.0	0.0	11.435607570222588	0.0	0.0	0.0	0.0	0.0	0.0
GSM4138110_HNSCC_1_PBMC_TAGCCGGGTTCAACCA	99.61804239918935	90.83383313200088	0.0	0.0	0.0	0.0	0.0	44.03170009754961	0.0	0.0	0.0	0.0	0.0	0.0	0.0	0.0	0.0	0.0	0.0	83.96692374459391	0.0	0.0	26.508568277901354	0.0	0.0	0.0	0.0	0.0	0.0	0.0	0.0	0.0	0.0	0.0
GSM4138110_HNSCC_1_PBMC_TCAGCAATCCCAAGAT	152.07524518876332	0.0	3.5937000445096348	44.20951041053661	135.04444038794992	0.0	0.0	71.69478634852354	0.0	151.40214018385453	0.0	0.0	11.335329106465148	0.0	0.0	0.0	0.0	0.0	0.0	0.7280985153706255	0.0	0.0	0.0	0.0	0.0	0.0	0.0	0.0	0.0	0.0	0.0	0.0	0.0	0.0
GSM4138110_HNSCC_1_PBMC_TGACGGCGTTGAGTTC	290.98404395197736	0.0	0.0	102.90591816216141	0.0	380.84299711208234	190.56017603396378	0.0	0.0	0.0	0.0	86.25369637074346	0.0	0.0	0.0	0.0	0.0	0.0	65.6515066200316	0.0	18.318697818234774	0.0	0.0	0.0	0.0	0.0	0.0	0.0	0.0	0.0	124.53717279453883	0.0	0.0	40.86704188092631
GSM4138110_HNSCC_1_PBMC_TTGCGTCGTACTTCTT	180.80965620748935	0.0	0.0	0.0	0.0	144.3174436634766	0.0	0.0	0.0	0.0	95.4653378348257	0.0	0.0	0.0	0.0	0.0	0.0	0.0	0.0	0.0	0.0	0.0	0.0	0.0	0.0	0.0	0.0	0.0	121.2147141427362	0.0	0.0	0.0	0.0	0.0
GSM4138110_HNSCC_1_PBMC_TTTGTCAGTTAAGATG	82.39183978954323	43.69892498856897	26.911246558478556	99.32596402421507	0.0	0.0	0.0	29.431518174050233	0.0	0.0	0.0	0.0	0.0	0.0	0.0	0.0	0.0	0.0	0.0	0.0	0.0	0.0	0.0	0.0	0.0	0.0	0.0	0.0	0.0	0.0	0.0	0.0	0.0	0.0
GSM4138110_HNSCC_1_PBMC_ACGCAGCTCGTCACGG	235.37247558769104	123.4817796713763	40.577418002785734	0.0	0.0	0.0	0.0	0.0	0.0	0.0	0.0	65.27990972192916	0.0	0.0	0.0	0.0	0.0	0.0	0.0	0.0	0.0	0.0	0.0	0.0	156.65931945349053	0.0	0.0	0.0	0.0	0.0	0.0	0.0	0.0	0.0
GSM4138110_HNSCC_1_PBMC_ATCATCTAGGAATCGC	123.97134181803256	114.54356683420654	0.0	0.0	0.0	0.0	0.0	0.0	0.0	161.45083131595527	0.0	0.0	0.0	0.0	0.0	0.0	0.0	0.0	0.0	0.0	0.0	0.0	88.04948924395634	0.0	0.0	0.0	0.0	0.0	0.0	0.0	0.0	0.0	0.0	0.0
GSM4138110_HNSCC_1_PBMC_TCAACGAGTTACGGAG	344.02039329835105	222.9592218196402	40.8169057450404	0.0	36.11290605868678	2.022146468433891	0.0	0.0	0.0	90.89136081236654	0.0	144.79403757546294	40.26723358166654	0.0	0.0	141.9079194860784	0.0	0.0	0.0	0.0	0.0	0.0	0.0	0.0	0.0	0.0	0.0	0.0	0.0	37.764196169081266	0.0	0.0	0.0	0.0
GSM4138110_HNSCC_1_PBMC_AAACCTGGTCTCCCTA	324.65373405368626	0.0	153.22447138486834	0.0	75.64078966029778	43.93006130419941	260.15739212371625	0.0	0.0	0.0	0.0	0.0	0.0	0.0	0.0	20.380019274444315	0.0	0.0	0.0	0.0	0.0	0.0	0.0	98.0446033836785	0.0	0.0	0.0	0.0	0.0	0.0	0.0	0.0	0.0	0.0
GSM4138110_HNSCC_1_PBMC_ACACCGGAGTACACCT	442.0291090056125	326.0827358404412	0.0	219.83188701224552	0.0	0.0	0.0	0.0	0.0	0.0	50.63133995528924	175.70329463913245	0.0	0.0	0.0	0.0	0.0	0.0	0.0	0.0	0.0	0.0	0.0	0.0	0.0	0.0	0.0	0.0	0.0	0.0	0.0	0.0	0.0	0.0
GSM4138110_HNSCC_1_PBMC_ACTGCTCGTGGTCCGT	338.4669270956513	76.06918296493647	85.19817980040034	0.0	0.0	32.94395782058455	0.0	0.0	0.0	0.0	0.0	0.0	0.0	0.0	0.0	241.76350260705297	0.0	0.0	0.0	0.0	138.08817997773693	0.0	0.0	0.0	0.0	0.0	0.0	0.0	0.0	0.0	0.0	0.0	0.0	0.0
GSM4138110_HNSCC_1_PBMC_AGCTCTCGTTAGTGGG	384.2228211503978	0.0	0.0	0.0	0.0	286.1484129296899	0.0	0.0	0.0	0.0	222.00051275032777	0.0	145.79560987275013	0.0	0.0	0.0	0.0	0.0	0.0	0.0	0.0	0.0	0.0	0.0	0.0	0.0	0.0	0.0	0.0	0.0	0.0	0.0	0.0	0.0
GSM4138110_HNSCC_1_PBMC_ATGGGAGAGGATGCGT	511.14478090088096	0.0	0.0	0.0	254.85994979087056	0.0	0.0	99.4630894981281	0.0	0.0	305.66593553057345	0.0	0.0	0.0	0.0	0.0	0.0	0.0	18.864213104766478	0.0	0.0	0.0	0.0	0.0	0.0	0.0	0.0	0.0	0.0	0.0	0.0	0.0	0.0	0.0
GSM4138110_HNSCC_1_PBMC_ATTATCCTCGGAAATA	378.7832218974054	162.93731669419597	0.0	0.0	72.9383803482994	0.0	0.0	0.0	0.0	0.0	74.8635484779788	121.51007782899275	16.379040460940473	0.0	115.72320780715403	0.0	0.0	0.0	0.0	0.0	0.0	0.0	0.0	0.0	0.0	0.0	0.0	0.0	0.0	13.499686857201372	0.0	0.0	0.0	0.0
GSM4138110_HNSCC_1_PBMC_CATCAGATCGCAAACT	394.7844392623071	230.45785138620704	0.0	0.0	0.0	0.0	0.0	0.0	17.550334754362638	0.0	200.2299538708359	0.0	0.0	0.0	0.0	0.0	0.0	0.0	0.0	0.0	0.0	0.0	0.0	0.0	0.0	0.0	98.7012810284736	0.0	0.0	0.0	0.0	0.0	0.0	0.0
GSM4138110_HNSCC_1_PBMC_CGTAGCGCATGCAACT	426.3570212708096	152.81343326204896	0.0	0.0	166.2198299256085	0.0	0.0	30.30334104843869	0.0	135.59141174306512	13.674538966921553	0.0	0.0	0.0	0.0	49.91432201044709	0.0	0.0	129.7344743053252	0.0	0.0	0.0	0.0	0.0	0.0	0.0	0.0	0.0	0.0	0.0	0.0	0.0	0.0	0.0
GSM4138110_HNSCC_1_PBMC_CGTCACTTCACGAAGG	410.0037433659477	0.0	135.37834023420422	0.0	0.0	0.0	0.0	0.0	0.0	32.38946259443609	155.41900138461446	0.0	149.0055777188815	0.0	101.93781592143188	0.0	0.0	97.41489226426901	0.0	0.0	0.0	0.0	0.0	0.0	0.0	0.0	0.0	0.0	0.0	0.0	0.0	0.0	0.0	0.0
GSM4138110_HNSCC_1_PBMC_GCATACACACCAGCAC	341.2133914094694	205.21516876009449	0.0	0.0	0.0	0.0	0.0	0.0	0.0	0.0	0.0	0.0	0.0	0.0	0.0	0.0	0.0	0.0	0.0	0.0	0.0	0.0	0.0	0.0	236.22518956270923	0.0	119.2377345006959	0.0	0.0	0.0	0.0	0.0	0.0	0.0
GSM4138110_HNSCC_1_PBMC_GCGACCAGTCGATTGT	426.88257291450975	70.46470613745184	148.79547716798388	0.0	0.0	0.0	0.0	0.0	0.0	118.0262334255527	0.0	0.0	0.0	0.0	19.721785507832667	0.0	93.89682399817194	0.0	151.99041954337847	0.0	0.0	0.0	0.0	0.0	0.0	0.0	0.0	0.0	0.0	0.0	0.0	0.0	0.0	0.0
GSM4138110_HNSCC_1_PBMC_TACTTACTCGGCGCAT	118.4537813015136	97.76773886545985	0.0	0.0	0.0	0.0	0.0	0.0	0.0	0.0	88.53295277395209	0.0	0.0	0.0	0.0	0.0	0.0	0.0	0.0	0.0	0.0	0.0	0.0	0.0	0.0	0.0	54.475951844490496	0.0	0.0	0.0	0.0	0.0	0.0	0.0
GSM4138110_HNSCC_1_PBMC_ACCGTAAGTTACGTCA	326.7467135221383	0.0	0.0	0.0	0.0	0.0	0.0	0.0	0.0	0.0	0.0	113.63246176412629	0.0	0.0	0.0	183.10581929934645	0.0	153.399840466568	0.0	0.0	0.0	0.0	0.0	0.0	0.0	0.0	0.0	0.0	0.0	0.0	0.0	0.0	0.0	0.0
GSM4138110_HNSCC_1_PBMC_ATCCACCAGACAGACC	177.54663016553982	0.0	0.0	3.4975751069661527	0.0	0.0	0.0	0.0	0.0	0.0	0.0	150.97140783790397	0.0	0.0	0.0	99.69800250559067	0.0	70.86151703314016	0.0	0.0	0.0	0.0	0.0	0.0	0.0	0.0	0.0	0.0	0.0	0.0	0.0	0.0	0.0	0.0
GSM4138110_HNSCC_1_PBMC_ATGAGGGGTATATGGA	3021.8039693666155	0.0	0.0	0.0	0.0	0.0	0.0	0.0	0.0	0.0	0.0	0.0	0.0	0.0	0.0	0.0	0.0	0.0	0.0	0.0	0.0	0.0	0.0	0.0	0.0	0.0	0.0	0.0	0.0	0.0	0.0	0.0	0.0	0.0
GSM4138110_HNSCC_1_PBMC_CACCAGGGTCAGAATA	330.33184264105375	0.0	0.0	0.0	0.0	0.0	0.0	0.0	0.0	0.0	0.0	0.0	78.95801976380253	0.0	0.0	136.96646211438176	0.0	253.327165057917	0.0	0.0	0.0	0.0	0.0	0.0	0.0	0.0	0.0	0.0	0.0	0.0	0.0	0.0	0.0	0.0
GSM4138110_HNSCC_1_PBMC_CAGCAGCTCAAAGTAG	284.1038955914046	0.0	0.0	0.0	178.61071949440253	0.0	103.43365888780227	0.0	0.0	0.0	0.0	81.34972448722192	0.0	0.0	0.0	0.0	0.0	0.0	0.0	0.0	0.0	0.0	0.0	0.0	0.0	0.0	0.0	0.0	0.0	0.0	0.0	0.0	0.0	0.0
GSM4138110_HNSCC_1_PBMC_CATCCACCAGTAACGG	387.6184091209968	0.0	115.14658991247715	0.0	0.0	0.0	0.0	0.0	0.0	0.0	0.0	0.0	44.14878117674617	0.0	0.0	0.0	0.0	0.0	0.0	0.0	0.0	63.40157411438802	0.0	0.0	173.69603412374664	0.0	0.0	0.0	0.0	12.428803425514488	0.0	0.0	0.0	0.0
GSM4138110_HNSCC_1_PBMC_CCTTTCTCATCCTAGA	259.6233893116697	0.0	0.0	0.0	0.0	0.0	160.44523526471818	0.0	0.0	0.0	0.0	30.6688229057313	60.18485911489193	0.0	0.0	0.0	0.0	143.01663256150582	0.0	0.0	0.0	0.0	0.0	0.0	0.0	0.0	0.0	0.0	0.0	0.0	0.0	0.0	0.0	0.0
GSM4138110_HNSCC_1_PBMC_CGTAGGCTCTACCAGA	266.1597707914693	146.97622042053757	0.0	73.73398961931386	0.0	0.0	93.0910837649347	0.0	0.0	0.0	0.0	108.9555590023017	0.0	0.0	0.0	0.0	0.0	0.0	0.0	0.0	0.0	0.0	0.0	0.0	0.0	0.0	0.0	0.0	0.0	0.0	0.0	0.0	0.0	0.0
GSM4138110_HNSCC_1_PBMC_CTGCCTAAGGACATTA	258.45979725040513	0.0	0.0	0.0	0.0	0.0	32.81102551049546	51.27321763988372	0.0	0.0	0.0	0.0	0.0	0.0	0.0	0.0	98.51523467557277	140.17712092304976	0.0	0.0	0.0	0.0	0.0	0.0	0.0	0.0	0.0	0.0	52.79722683612428	0.0	0.0	0.0	0.0	0.0
GSM4138110_HNSCC_1_PBMC_CTTTGCGGTGGTCCGT	210.06673150618715	0.0	0.0	16.6202998648949	0.0	0.0	83.06728727408043	0.0	0.0	0.0	0.0	80.69807632020755	0.0	0.0	0.0	0.0	28.457277058005143	78.1311764274278	0.0	0.0	0.0	0.0	0.0	0.0	0.0	0.0	0.0	0.0	0.0	0.0	0.0	0.0	0.0	0.0
GSM4138110_HNSCC_1_PBMC_GAAACTCAGACAAGCC	391.8901158047105	145.60952463725243	0.0	0.0	0.0	0.0	0.0	0.0	0.0	0.0	0.0	0.0	102.82898486412155	0.0	0.0	0.0	0.0	0.0	0.0	0.0	0.0	0.0	0.0	0.0	163.59905014090293	0.0	0.0	0.0	0.0	0.0	0.0	0.0	0.0	0.0
GSM4138110_HNSCC_1_PBMC_GACCAATAGCCCGAAA	709.3386367706185	0.0	0.0	0.0	0.0	0.0	0.0	0.0	0.0	0.0	0.0	136.0390860458004	0.0	0.0	0.0	193.17007129328687	0.0	144.01855099171843	0.0	0.0	0.0	0.0	0.0	0.0	0.0	0.0	0.0	0.0	0.0	0.0	0.0	0.0	0.0	0.0
GSM4138110_HNSCC_1_PBMC_GACCAATAGGGCTCTC	255.92539259395568	0.0	0.0	0.0	0.0	0.0	0.0	0.0	0.0	0.0	0.0	0.0	0.0	0.0	0.0	0.0	0.0	175.38049429043895	118.42201325435755	0.0	0.0	0.0	0.0	0.0	167.23035250742302	0.0	0.0	0.0	0.0	0.0	0.0	0.0	0.0	0.0
GSM4138110_HNSCC_1_PBMC_GATGCTATCCTCTAGC	331.30192277493006	0.0	0.0	0.0	0.0	0.0	159.47730577471057	0.0	0.0	0.0	0.0	0.0	0.0	159.31328573682936	0.0	0.0	0.0	203.62755949740384	0.0	0.0	0.0	0.0	0.0	0.0	0.0	0.0	0.0	0.0	0.0	0.0	0.0	0.0	0.0	0.0
GSM4138110_HNSCC_1_PBMC_GCTGCGATCCCGACTT	150.61880096166337	0.0	0.0	0.0	0.0	0.0	0.0	0.0	0.0	0.0	0.0	58.54835495236543	0.0	0.0	0.0	0.0	105.59822587047864	94.47293163382822	0.0	0.0	0.0	0.0	0.0	0.0	0.0	0.0	0.0	0.0	0.0	0.0	0.0	0.0	0.0	0.0
GSM4138110_HNSCC_1_PBMC_GTTACAGCAAGTTGTC	299.05504341594906	0.0	0.0	0.0	0.0	0.0	0.0	72.41760891702607	0.0	0.0	0.0	0.0	3.106914401950485	0.0	0.0	0.0	67.23264948472145	140.9908402271906	0.0	0.0	0.0	0.0	0.0	0.0	0.0	0.0	0.0	0.0	0.0	0.0	0.0	0.0	0.0	0.0
GSM4138110_HNSCC_1_PBMC_TAGGCATTCAGCGACC	323.113280672011	0.0	0.0	0.0	122.67213144900886	0.0	134.83107543711938	0.0	0.0	0.0	0.0	0.0	118.97774712161544	0.0	0.0	0.0	1.56136942947669	0.0	0.0	0.0	0.0	0.0	0.0	0.0	0.0	38.32970691097522	0.0	0.0	0.0	0.0	0.0	0.0	0.0	0.0
GSM4138110_HNSCC_1_PBMC_TCGTACCTCCATGAAC	202.59354550931022	0.0	0.0	0.0	0.0	0.0	0.0	0.0	0.0	0.0	0.0	0.0	0.0	0.0	293.57163476029143	0.0	0.0	89.86591867479324	0.0	0.0	0.0	0.0	0.0	0.0	0.0	0.0	0.0	0.0	82.55597474582599	0.0	0.0	0.0	0.0	0.0
GSM4138110_HNSCC_1_PBMC_TGCGCAGAGAGTCGGT	266.67236369311246	0.0	0.0	0.0	0.0	0.0	0.0	0.0	0.0	0.0	0.0	87.5806492888197	0.0	0.0	124.21033717708474	0.0	0.0	150.73685040646288	0.0	0.0	0.0	0.0	0.0	0.0	20.686742747090886	0.0	0.0	0.0	0.0	0.0	0.0	0.0	0.0	0.0
GSM4138110_HNSCC_1_PBMC_TTGCCGTTCCTATTCA	390.8423123803197	0.0	0.0	0.0	0.0	282.0786956746499	0.0	0.0	0.0	0.0	189.8091557893684	87.1342524908856	0.0	0.0	0.0	0.0	0.0	0.0	0.0	0.0	0.0	0.0	0.0	0.0	0.0	0.0	0.0	0.0	0.0	0.0	0.0	0.0	0.0	0.0
GSM4138110_HNSCC_1_PBMC_TTTACTGAGTCCCACG	311.66050167087036	0.0	0.0	0.0	0.0	0.0	0.0	0.0	0.0	0.0	0.0	102.7071425162173	0.0	0.0	137.95673290496583	0.0	0.0	271.71836967809196	0.0	0.0	0.0	0.0	0.0	0.0	0.0	0.0	0.0	0.0	0.0	0.0	0.0	0.0	0.0	0.0
GSM4138110_HNSCC_1_PBMC_ACGGGTCGTCTTGATG	91.81723700772085	28.947521734424132	11.514353716589035	0.0	32.34899465770249	0.0	0.0	0.4877368735369506	92.25506394126698	0.0	0.0	0.0	0.0	0.0	0.0	0.0	0.0	0.0	0.0	0.0	0.0	77.70312788563345	0.0	0.0	0.0	0.0	0.0	0.0	0.0	0.0	0.0	0.0	0.0	0.0
GSM4138110_HNSCC_1_PBMC_AGTGAGGAGGAATCGC	110.50192714337304	0.0	47.561425872500095	0.0	4.324095569054583	43.46344120099839	122.81575148468905	0.0	0.0	0.0	0.0	67.40689456489899	2.2097244454498415	0.0	0.0	0.0	0.0	0.0	0.0	0.0	0.0	0.0	0.0	0.0	0.0	0.0	0.0	0.0	0.0	0.0	0.0	0.0	0.0	0.0
GSM4138110_HNSCC_1_PBMC_ATGTGTGCAAGCTGGA	219.413442023568	76.82150843386236	0.0	0.0	20.644917838054187	0.0	166.42578395287913	0.0	0.0	0.0	0.0	50.28607624474004	0.0	0.0	0.0	0.0	0.0	0.0	70.45190582461125	0.0	0.0	0.0	0.0	0.0	0.0	0.0	0.0	0.0	0.0	0.0	0.0	0.0	0.0	0.0
GSM4138110_HNSCC_1_PBMC_CGACCTTAGTTACGGG	193.0755816803226	86.35942019746977	0.0	0.0	0.0	0.0	0.0	0.0	0.0	0.0	0.0	0.0	0.0	0.0	0.0	0.0	0.0	0.0	61.42455090300723	186.27049210922203	0.0	0.0	0.0	78.79173026775779	0.0	0.0	0.0	0.0	0.0	0.0	0.0	0.0	0.0	0.0
GSM4138110_HNSCC_1_PBMC_GCGACCACATGCATGT	154.08155997551614	163.76997482382563	0.0	0.0	0.0	0.0	0.0	0.0	0.0	53.0305674508873	74.91474485101938	0.0	0.0	56.384394914279596	0.0	0.0	0.0	0.0	0.0	0.0	0.0	0.0	6.7226241285936466	0.0	0.0	0.0	18.742134375624342	0.0	0.0	0.0	0.0	0.0	0.0	0.0
GSM4138110_HNSCC_1_PBMC_GGATTACGTGCATCTA	156.39408482641588	71.13870977121184	23.02446450958373	0.0	0.0	38.53599267299773	0.0	83.98769946524023	0.0	14.317662901912973	0.0	0.0	5.496303653255768	0.0	115.15471846420567	0.0	0.0	0.0	0.0	0.0	0.0	0.0	0.0	0.0	0.0	0.0	0.0	0.0	0.0	0.0	0.0	0.0	0.0	0.0
GSM4138110_HNSCC_1_PBMC_GTGCAGCCACCAGATT	156.98347452284938	0.0	0.0	0.0	0.0	72.89440221415109	0.0	0.0	0.0	0.0	0.0	0.0	0.0	81.33193301510038	0.0	0.0	80.78354650379498	0.0	0.0	0.0	0.0	0.0	0.0	0.0	0.0	0.0	0.0	0.0	0.0	0.0	0.0	0.0	0.0	0.0
GSM4138110_HNSCC_1_PBMC_GTGCGGTTCTATGTGG	139.68524941585187	80.75779662309675	21.665443750522012	0.0	0.0	0.0	0.0	0.0	0.0	0.0	0.0	0.0	0.0	0.0	0.0	88.53241175617907	0.0	0.0	0.0	0.0	0.0	0.0	110.04132901255913	0.0	0.0	0.0	0.0	0.0	0.0	27.19788340490742	16.97897638279201	0.0	0.0	0.0
GSM4138110_HNSCC_1_PBMC_GTTCATTTCCCTCTTT	133.4307228284252	0.0	0.0	0.0	0.0	72.72008926000481	0.0	0.0	0.0	0.0	0.0	64.72892690368396	0.0	0.0	86.92451382848556	0.0	0.0	51.91416652609032	0.0	0.0	0.0	0.0	0.0	0.0	0.0	0.0	0.0	0.0	0.0	0.0	0.0	0.0	0.0	0.0
GSM4138110_HNSCC_1_PBMC_TCATTACGTAATCACC	209.57973690321722	163.94621790207353	0.0	34.040226310150246	0.0	0.0	112.15431204587243	80.22494614205797	0.0	0.0	0.0	0.0	0.0	0.0	0.0	0.0	0.0	0.0	0.0	0.0	0.0	0.0	0.0	0.0	0.0	0.0	0.0	0.0	0.0	0.0	0.0	0.0	0.0	0.0
GSM4138110_HNSCC_1_PBMC_TTGCCGTTCAGAAATG	135.14430061166794	0.0	0.0	0.0	87.80509015215577	0.0	0.0	0.0	0.0	125.03476596996845	0.0	0.0	0.0	80.40538398900891	0.0	0.0	0.0	0.0	0.0	0.0	0.0	0.0	0.0	0.0	0.0	0.0	0.0	0.0	0.0	0.0	0.0	0.0	0.0	0.0
GSM4138110_HNSCC_1_PBMC_TTTGCGCAGTAGCGGT	285.7027532418073	0.0	0.0	0.0	24.25420964633649	0.0	0.0	0.0	0.0	0.0	0.0	0.0	100.69316177717234	0.0	290.1478263533211	0.0	0.0	178.91288675251118	0.0	0.0	0.0	0.0	0.0	0.0	0.0	0.0	0.0	0.0	0.0	0.0	0.0	0.0	0.0	0.0
GSM4138110_HNSCC_1_PBMC_TTTGGTTAGCACAGGT	168.8072276206708	0.0	0.0	0.0	0.0	108.03055833343589	0.0	0.0	0.0	0.0	76.93125173876639	0.0	0.0	0.0	0.0	74.22706043994775	0.0	0.0	0.0	0.0	0.0	0.0	0.0	0.0	0.0	0.0	0.0	0.0	0.0	0.0	0.0	0.0	85.78030117653033	0.0
