	1	2	3	4	5	6	7	8	9	10	11	12	13	14	15	16	17	18	19	20
GSM4138110_HNSCC_1_PBMC_AAACCTGAGGAGCGTT	40.01934534001408	97.95995303076818	0.0	37.15780481659124	0.0	0.0	0.0	0.0	0.0	0.0	0.0	50.688928906987066	0.0	0.0	57.56587137694362	0.0	0.0	0.0	39.32212854512023	25.54123777946844
GSM4138110_HNSCC_1_PBMC_AAACCTGCAGATGAGC	86.79092101994658	57.15399665035553	0.22328710547743583	82.81262353472391	0.0	0.0	53.440938210695464	0.0	98.14512979096236	0.0	0.0	0.0	3.382340647474596	57.74605082120421	0.0	0.0	0.0	0.0	0.0	0.0
GSM4138110_HNSCC_1_PBMC_AACGTTGAGACTGGGT	6.482266225755106	40.68230263149638	0.0	79.74570163993002	0.0	0.0	0.0	0.0	65.43710324886871	0.0	22.54583588602916	0.0	0.0	0.0	0.0	23.653875558821948	0.0	0.0	0.0	0.0
GSM4138110_HNSCC_1_PBMC_AACGTTGGTTACGACT	48.39897504776721	132.25781080516907	46.73079182341567	0.0	0.0	0.0	0.0	9.332827727439179	70.42313453559039	0.0	0.0	0.0	0.0	0.0	0.0	0.0	0.0	0.0	0.0	0.0
GSM4138110_HNSCC_1_PBMC_AACGTTGTCTAAGCCA	45.61806846068021	52.59670613555404	31.242180820653452	0.0	0.0	42.8428639191507	68.79591460365577	0.0	36.69512686018284	0.0	0.0	0.0	0.0	0.0	0.0	0.0	0.0	0.0	0.0	0.0
GSM4138110_HNSCC_1_PBMC_AACTCCCCATTTCAGG	74.98458447775963	35.52409541153794	23.80830361353084	0.0	44.45370128416104	0.0	0.0	26.933905350995467	0.0	76.33465448595611	0.0	0.0	0.0	0.0	0.0	0.0	40.28529886414217	0.0	0.0	0.0
GSM4138110_HNSCC_1_PBMC_AAGCCGCCACTTCTGC	84.64371237674321	59.66103748770153	0.0	45.39082944385986	26.728886351247862	0.0	3.9006501624722203	0.0	12.459808080806367	0.0	0.0	0.0	49.66291212646869	45.76623535065133	0.0	0.0	0.0	0.0	0.0	0.0
GSM4138110_HNSCC_1_PBMC_AAGGTTCGTCTCTTAT	47.271469236744885	43.607128816305064	5.582454297161824	3.1309144722081297	0.0	0.0	0.0	0.0	68.1272889044179	0.0	40.69210487298717	0.0	0.0	0.0	0.0	101.60759410919123	0.0	0.0	0.0	0.0
GSM4138110_HNSCC_1_PBMC_AAGTCTGAGTACCGGA	108.56791332356867	41.54586869233092	6.728258495642555	4.156929029294347	4.042968222605723	0.0	0.0	0.0	41.54099725831032	31.449445391437774	0.0	0.0	0.0	0.0	28.50884301174003	0.0	0.0	0.0	0.0	0.0
GSM4138110_HNSCC_1_PBMC_AAGTCTGGTTGCCTCT	52.5474894674057	74.70128028471125	0.0	62.697131966095775	10.572044494444313	36.53271878515439	0.0	37.16957051363029	0.0	0.0	0.0	0.0	0.0	0.0	0.0	0.0	0.0	0.0	0.0	0.0
GSM4138110_HNSCC_1_PBMC_AAGTCTGTCCAAACTG	64.76401143790014	79.17688368874585	101.49940949410859	0.0	49.94566930802989	0.0	0.0	10.961109839941287	0.0	0.0	31.046656508430996	0.0	23.68109119346033	9.210593958722754	0.0	15.225699739717042	11.7131713855922	0.0	0.0	0.0
GSM4138110_HNSCC_1_PBMC_ACATGGTCACATGGGA	33.64075338429107	51.25417157017764	17.21952013139777	0.0	137.73614372588665	28.756507345277235	30.829535294237136	0.0	0.0	0.0	0.0	0.0	0.0	0.0	0.0	0.0	0.0	0.0	0.0	0.0
GSM4138110_HNSCC_1_PBMC_ACGAGCCAGTATCTCG	50.80585358191246	64.16816295057536	33.848383913902	64.8162780111282	19.243018708892755	0.0	0.0	7.179596192003331	6.820457356193837	0.0	0.0	0.0	6.009761972060353	109.62722838935132	0.0	0.0	23.51765891483259	0.0	0.0	0.0
GSM4138110_HNSCC_1_PBMC_ACGAGCCCACTTAACG	158.7040400154425	103.14974429540172	0.0	114.01854830475567	77.86106274552016	119.95548854242662	0.0	86.78975407536643	0.0	0.0	0.0	0.0	0.0	0.0	0.0	0.0	0.0	0.0	0.0	0.0
GSM4138110_HNSCC_1_PBMC_ACTATCTTCTTCCTTC	56.83641780251046	93.18737979182984	25.94336920184353	20.510304020019493	0.0	0.0	0.0	0.0	42.68366626914486	0.0	0.0	0.0	0.0	104.02420409483098	50.53511056695004	0.0	0.0	0.0	0.0	0.0
GSM4138110_HNSCC_1_PBMC_AGAGCTTAGAGCTGGT	73.84213696697773	45.19639520263014	47.26429700261828	8.179460298968934	58.51861310833665	66.9633597505956	0.0	96.02778075898995	0.0	0.0	0.0	0.0	0.0	0.0	0.0	0.0	0.0	0.0	0.0	0.0
GSM4138110_HNSCC_1_PBMC_AGATTGCGTCGCCATG	58.69386102094519	42.163584694358335	36.985894581491216	0.0	35.10206337430004	69.25734786075587	0.0	52.87380855952738	3.1666435369947132	0.0	0.0	0.0	0.0	0.0	0.0	0.0	0.0	0.0	0.0	0.0
GSM4138110_HNSCC_1_PBMC_AGCGTATGTTATCCGA	78.78039555039555	28.08001568791367	62.5975986820305	0.0	28.940826266203914	0.0	0.0	90.68444581969	0.0	2.9524874929814438	48.92096470061077	0.0	0.0	0.0	0.0	0.0	25.009755759069122	0.0	0.0	0.0
GSM4138110_HNSCC_1_PBMC_AGGCCACAGTACTTGC	46.2789414945261	34.983456587887595	0.0	62.95582055247385	20.959139282524465	0.0	0.0	0.0	0.0	0.0	0.0	46.14246780522592	37.17331371656203	0.0	0.0	0.0	0.0	8.37502545085351	0.0	29.11053424736168
GSM4138110_HNSCC_1_PBMC_AGGCCACCACTAAGTC	97.62322966936239	101.21489395423926	139.20550143142341	0.0	32.22702681253167	0.0	0.0	140.3816998557572	190.86399335900694	0.0	0.0	70.97413976061496	0.0	0.0	0.0	0.0	0.0	0.0	0.0	0.0
GSM4138110_HNSCC_1_PBMC_AGTAGTCTCTTAGCCC	26.52940813153327	49.573734402501586	9.596896130220273	12.037609557513557	121.50826606931139	0.0	0.0	0.0	0.0	0.0	0.0	52.28713395605262	0.0	0.0	0.0	0.0	0.0	0.0	0.0	0.0
GSM4138110_HNSCC_1_PBMC_AGTGAGGGTGGCCCTA	192.05558406001575	81.51069735632127	0.0	49.058987103490715	33.257530352740396	0.0	45.16762771476679	0.0	0.0	0.0	79.02162309077676	0.0	0.0	0.0	0.0	0.0	0.0	0.0	0.0	0.0
GSM4138110_HNSCC_1_PBMC_AGTGTCATCTCGCATC	120.91671417154349	54.233464427310984	9.797884038989773	23.655337076761096	23.53994755242103	0.0	6.650854075271209	0.0	0.0	0.0	34.984443597062196	0.0	0.0	0.0	17.676803099200605	0.0	0.0	0.0	0.0	0.0
GSM4138110_HNSCC_1_PBMC_AGTTGGTCATGGTTGT	77.42761924770477	98.10799739996305	2.0755696857086754	85.79866545020079	0.0	0.0	0.0	0.0	66.4534926932644	0.0	0.0	0.0	0.0	67.12513451538784	0.0	76.49189200738816	0.0	0.0	0.0	0.0
GSM4138110_HNSCC_1_PBMC_AGTTGGTTCTTGGGTA	72.41037426840111	69.94606102369981	17.752993209811564	0.0	4.875766634512713	0.0	0.0	0.0	0.0	0.0	37.54221552933965	0.0	22.833805517460473	0.0	29.336836264711373	0.0	0.0	0.0	15.404676916710867	0.0
GSM4138110_HNSCC_1_PBMC_ATCTACTAGGGTGTGT	79.80220832317072	275.0850614207178	94.72079105715761	0.0	0.0	166.16402860395553	118.28331684368449	0.0	178.450857491871	0.0	0.0	0.0	0.0	0.0	0.0	0.0	0.0	0.0	0.0	0.0
GSM4138110_HNSCC_1_PBMC_ATCTACTAGTACGTTC	55.38522861301585	43.54747548702174	40.295852339714735	33.849783836853426	61.26227646035989	0.0	73.95895563484846	0.0	0.0	49.92431204607511	0.0	0.0	0.0	0.0	0.0	0.0	0.0	0.0	0.0	0.0
GSM4138110_HNSCC_1_PBMC_ATGAGGGCAAGCGATG	78.93558141114056	52.86860429134743	13.075919677338682	37.99881279342456	6.039892881639981	43.796597028171746	0.0	0.0	22.270203085599526	0.0	0.0	0.0	0.0	0.0	38.91071783147085	0.0	0.0	0.0	0.0	0.0
GSM4138110_HNSCC_1_PBMC_ATGAGGGCACACAGAG	69.57961310586428	27.95312478557177	51.19467423180668	15.31302124075845	0.0	41.32175218065679	0.0	0.0	61.25040400204183	0.0	0.0	0.0	0.0	0.0	10.893905162817834	0.0	0.0	0.0	0.0	0.0
GSM4138110_HNSCC_1_PBMC_ATGCGATGTTTGACAC	50.00720679164685	85.0142344084207	0.0	18.564771262293366	0.0	0.0	64.1312857475753	0.0	18.220837683228822	0.0	0.0	0.0	0.0	29.98575096183586	0.0	0.0	0.0	0.0	3.0456120272728	0.0
GSM4138110_HNSCC_1_PBMC_ATGTGTGCATGCGCAC	87.18706205564902	56.12077580964672	18.390276959276555	3.3579685009537337	0.0	32.80928974766059	0.0	0.0	48.11470981825623	0.0	0.0	0.0	19.566004283115753	0.0	0.0	0.0	0.0	0.0	0.0	0.0
GSM4138110_HNSCC_1_PBMC_ATTACTCTCATGCTCC	108.18108622392964	47.67033000844217	122.44005047912461	0.0	0.0	0.0	0.0	25.78805846073571	0.0	80.82392453686872	0.0	0.0	0.0	0.0	0.0	0.0	0.0	0.0	18.714046809707007	0.0
GSM4138110_HNSCC_1_PBMC_ATTATCCGTCACACGC	62.30299752488115	87.17658878972296	0.0	73.43334819338378	0.0	0.0	18.122996831859773	0.0	10.971229121019672	62.82568685147233	0.0	0.0	0.0	0.0	71.68233074535564	0.0	0.0	0.0	0.0	0.0
GSM4138110_HNSCC_1_PBMC_ATTGGACAGAGATGAG	87.51792912895068	22.421466406597805	18.942617870508858	0.0	53.724830507411	47.50004220348043	0.0	60.72276192440089	0.0	0.0	0.0	0.0	0.0	0.0	0.0	0.0	0.0	0.0	0.0	26.724516750810867
GSM4138110_HNSCC_1_PBMC_ATTGGTGCAGTGAGTG	79.53663769331568	41.78127286559508	24.74216368164437	13.572633639444472	45.67503394173416	0.0	0.0	44.28474131848338	0.0	40.08343626766055	0.0	0.0	0.0	0.0	0.0	0.0	0.0	0.0	0.0	0.0
GSM4138110_HNSCC_1_PBMC_CAACCAAGTTATCGGT	30.481032219457244	38.19760930061645	51.5082140808881	0.0	0.0	0.0	0.0	0.0	18.03837336877275	0.0	0.0	65.48862785628941	0.0	0.0	0.0	31.91474848345994	0.0	0.0	0.0	0.0
GSM4138110_HNSCC_1_PBMC_CAACCAATCCTTGACC	39.32758934298699	48.30953981363161	0.0	41.94034076350523	0.0	0.0	0.0	0.0	13.436577842375856	0.0	0.0	0.0	0.0	0.0	67.13159878755367	0.0	0.0	27.019407086821733	0.0	0.0
GSM4138110_HNSCC_1_PBMC_CACAGTAGTCTCCATC	100.25490705649005	29.204128581565634	1.5938869770435733	0.0	123.24372223397123	0.0	7.431708689856501	0.0	0.0	0.0	50.44434013266921	0.0	0.0	0.0	0.0	4.979964172001	0.0	0.0	0.0	24.912403115537067
GSM4138110_HNSCC_1_PBMC_CACATAGCAAAGCGGT	76.89630694769407	40.22788305602764	59.741941278609524	5.798090580583218	0.0	0.0	0.0	0.0	2.237148088222814	0.0	0.0	0.0	0.0	60.81518900796564	24.71342391426319	0.0	0.0	0.0	0.0	0.0
GSM4138110_HNSCC_1_PBMC_CACATAGCACCTCGTT	37.39047503404014	80.50017902311436	24.429188676256	10.831960737047206	0.0	48.210000494405634	0.0	67.91170351434381	37.78214831388306	0.0	0.0	0.0	0.0	0.0	0.0	0.0	0.0	0.0	0.0	0.0
GSM4138110_HNSCC_1_PBMC_CACATTTGTGCACTTA	54.549554266490595	51.39445717516479	0.0	40.98111423312222	0.0	0.0	0.0	0.0	40.69017022157244	0.0	0.0	0.0	0.0	60.02663550420832	28.07057934570161	0.0	0.0	0.0	0.0	0.0
GSM4138110_HNSCC_1_PBMC_CACATTTTCCCATTAT	22.43723863552752	83.34536223986643	26.4279326435317	0.0	45.83180727601842	36.98143602905992	0.0	0.0	0.0	0.0	0.0	0.0	39.74286067287427	0.0	0.0	0.0	13.627033763263713	0.0	0.0	0.0
GSM4138110_HNSCC_1_PBMC_CACATTTTCTGGTTCC	81.07169902306146	54.25767166456158	0.0	17.710825935367218	54.482632378872914	39.302035407459854	0.0	0.0	0.0	0.0	0.0	0.0	41.79600089809824	0.0	0.0	0.013181812834373332	0.0	0.0	0.0	0.0
GSM4138110_HNSCC_1_PBMC_CACCAGGTCGTGGGAA	85.93565225633718	73.2426467947899	21.492253856609757	59.035247210725146	57.03294149073233	0.0	0.0	0.0	0.0	0.0	31.675089896664364	0.0	36.68505154416159	0.0	0.0	0.0	16.306021560508505	0.0	0.0	0.0
GSM4138110_HNSCC_1_PBMC_CAGCAGCCAATGGTCT	52.307959312969416	10.216401533669268	0.0	59.7859420784572	0.0	0.0	1.085764021750731	0.0	16.80155399488822	59.38743136931088	0.0	0.0	19.628619478645795	0.0	16.360756019755133	0.0	0.0	0.0	0.0	0.0
GSM4138110_HNSCC_1_PBMC_CAGCATAGTCCGAGTC	75.28660629536991	29.472768828650633	64.29485255237631	0.0	0.0	14.335366235669133	78.0106367059369	0.0	18.73423660968549	0.0	0.0	0.0	0.0	0.0	0.0	0.0	0.0	0.0	0.0	0.0
GSM4138110_HNSCC_1_PBMC_CAGCCGAAGCCCAACC	69.4570046723459	78.12176853877338	0.0	40.44424376756416	44.684207363797555	0.0	13.60567233026372	0.0	0.0	26.07936037845641	0.0	0.0	2.125614855442236	0.0	0.0	34.48419901054258	0.0	0.0	0.0	0.0
GSM4138110_HNSCC_1_PBMC_CAGCCGACATCGACGC	53.99445517740829	27.67010079790853	79.26496984759554	0.0	45.09565663582326	0.0	23.994857057686275	0.0	0.0	32.469646883595615	0.0	10.911309196161879	16.274957484349883	0.0	0.0	0.0	0.0	0.0	0.0	0.0
GSM4138110_HNSCC_1_PBMC_CATATTCTCCGCGTTT	74.04100176808883	61.87820049822136	53.50381495442565	9.125725822708295	41.921233268699986	0.0	0.0	45.395119163896524	0.0	0.0	26.538805542200492	0.0	0.0	0.0	0.0	0.0	0.0	0.0	0.0	0.0
GSM4138110_HNSCC_1_PBMC_CCAATCCCATTAGCCA	110.14079506831268	57.504713319438586	89.83286938139146	0.0	32.60171742932214	0.0	0.0	64.52623463915738	0.0	0.0	56.18833637117054	0.0	0.0	0.0	0.0	0.0	0.0	0.0	0.0	0.0
GSM4138110_HNSCC_1_PBMC_CCACGGAAGATCGGGT	27.221551205991215	48.53036118259444	30.25400802717613	16.8428794591457	44.8417485344875	116.36628728533735	0.0	0.0	0.0	0.0	0.0	0.0	0.0	0.0	0.0	44.79692785840213	0.0	0.0	0.0	0.0
GSM4138110_HNSCC_1_PBMC_CCATGTCAGAGGTAGA	81.82562910065249	42.49876809541962	0.0	75.27475218290422	0.0	80.53320889856236	0.0	0.0	22.369469535216677	0.0	0.0	0.0	50.20678284953954	0.0	0.0	0.0	0.0	0.0	0.0	0.0
GSM4138110_HNSCC_1_PBMC_CCATGTCCATGCCCGA	87.27509130341546	54.920707918974195	1.1067311403838196	86.96275151091544	16.56288440637374	86.53037873312603	0.0	0.0	0.0	0.0	0.0	0.0	0.0	0.0	52.16588743563051	0.0	0.0	0.0	0.0	0.0
GSM4138110_HNSCC_1_PBMC_CCGGTAGAGCTCCTCT	57.377708655223046	58.5411290857335	0.0	52.848874648816945	0.0	29.214196745441164	0.0	0.0	49.77965082874129	0.0	0.0	0.0	0.0	0.0	65.90868665668476	0.0	0.0	0.0	0.0	0.0
GSM4138110_HNSCC_1_PBMC_CCTCTGAAGGGATCTG	46.107138018024486	45.219031745887875	0.0	52.93300149667849	36.08064755368664	0.0	30.37661078917042	0.0	0.0	51.293798449123166	0.0	0.0	0.0	0.0	0.0	0.0	0.0	0.0	0.0	0.0
GSM4138110_HNSCC_1_PBMC_CGAACATGTTCGTTGA	46.74375225608166	55.797415237217436	0.0	34.58519861228874	21.1151501795425	24.130284289536885	0.0	0.0	0.0	0.0	0.0	0.0	65.86517368669182	0.0	0.0	0.0	0.0	0.0	0.0	0.0
GSM4138110_HNSCC_1_PBMC_CGAACATTCTGTCCGT	48.26758580446421	60.07731622345198	34.70049559948079	0.0	0.0	40.52782279776107	59.26742718720927	0.0	60.641278686313925	0.0	0.0	0.0	0.0	0.0	0.0	0.0	0.0	0.0	0.0	0.0
GSM4138110_HNSCC_1_PBMC_CGAATGTAGCGTCTAT	78.3509211020797	75.95713698161711	0.0	46.17450142802224	0.0	0.0	0.0	0.0	37.4969043725358	23.27918797060206	0.0	0.0	0.0	0.0	0.0	17.58580055443505	0.0	0.0	0.0	0.0
GSM4138110_HNSCC_1_PBMC_CGGGTCAAGTCTCGGC	50.68928399113706	53.24360156997962	0.0	23.032906290976292	0.0	40.98879801324292	0.0	45.46496714290659	0.0	0.0	0.0	0.0	0.0	0.0	0.0	0.0	63.18263049585501	0.0	2.452483759352085	0.0
GSM4138110_HNSCC_1_PBMC_CGTCTACCAAGCGTAG	61.84367423362743	38.155485556281	34.53011923054176	0.0	32.65954419620439	105.1287007750407	64.74470635412513	0.0	17.651629119311686	0.0	0.0	0.0	0.0	0.0	0.0	0.0	0.0	0.0	0.0	0.0
GSM4138110_HNSCC_1_PBMC_CGTGTCTAGGTCGGAT	73.01254459062648	93.25733938108755	18.69925903820028	29.108377662259166	30.573952808987066	0.0	0.0	0.0	26.4905005577504	0.0	50.97401295928764	0.0	56.212989584804646	0.0	0.0	0.0	0.0	0.0	0.0	0.0
GSM4138110_HNSCC_1_PBMC_CGTTAGACATCCAACA	92.79343951846357	26.54031771463063	19.47119085877043	3.82169757473892	0.0	0.0	6.289048148201361	0.0	0.0	0.0	13.64227436476456	0.0	0.0	0.0	100.82499538248521	0.0	0.0	0.0	6.37057837830291	0.0
GSM4138110_HNSCC_1_PBMC_CGTTGGGCATATGCTG	47.733835836748746	33.99308745151521	9.132233469016693	40.97347702006097	0.0	52.38603204104364	0.0	0.0	24.234734466158926	0.0	0.0	0.0	0.0	0.0	49.87909007038563	0.0	0.0	0.0	0.0	0.0
GSM4138110_HNSCC_1_PBMC_CTAATGGTCTCGCTTG	41.42628344866836	52.50538122121583	7.386892968237774	35.41106082840923	44.75996071714676	0.0	0.0	0.0	0.0	0.0	0.0	0.0	15.285181522748672	32.26302457456626	0.0	0.0	0.0	0.0	0.0	0.0
GSM4138110_HNSCC_1_PBMC_CTACATTTCACCAGGC	73.85181292850734	54.95731579021864	0.0	73.70437694509091	0.0	3.762625173640087	15.941789315842245	0.0	0.0	0.0	34.85627037699922	0.0	0.0	0.0	0.0	19.929241128137573	0.0	0.0	45.95025636478128	0.0
GSM4138110_HNSCC_1_PBMC_CTACGTCTCGAACGGA	37.624866858775775	68.9736389591865	33.10987747078618	0.0	0.0	0.0	0.0	0.0	0.0	0.0	11.421461191854052	0.0	0.0	0.0	53.795282209541	0.0	0.0	0.0	21.578733239640883	0.0
GSM4138110_HNSCC_1_PBMC_CTAGAGTCACTTACGA	74.94733581859899	47.04795943670025	0.0	69.49315180264927	0.0	81.57216276831785	0.0	9.465730778515525	7.0488505016132095	0.0	0.0	0.0	2.860121264395548	0.0	0.0	0.0	20.89376126168417	0.0	7.382197254867172	0.0
GSM4138110_HNSCC_1_PBMC_CTCAGAATCCGGGTGT	81.89680453934578	54.81126013766279	48.32272082512458	4.504873403044191	10.955445269068962	63.021059290068806	28.784404614575443	0.0	10.727325017891467	0.0	0.0	0.0	0.0	0.0	0.0	0.0	0.0	0.0	0.0	0.0
GSM4138110_HNSCC_1_PBMC_CTCGGGATCAATACCG	22.594123785671297	23.481877835148246	94.47721208681087	0.0	0.0	141.00179125476456	0.0	0.0	0.0	0.0	0.0	6.962466909697052	0.0	0.0	0.0	77.21967920589842	0.0	0.0	41.86281543849656	0.0
GSM4138110_HNSCC_1_PBMC_CTCGTACAGATCGGGT	134.5261530674959	137.6052637823542	121.79094267732387	23.09182623224061	79.77786179446731	0.0	113.62805695974248	0.0	106.65070843243195	0.0	0.0	120.30783052468526	0.0	38.43817027506854	0.0	0.0	0.0	1.627060406350298	0.0	0.0
GSM4138110_HNSCC_1_PBMC_CTCGTACTCTGTCCGT	92.18806575578475	64.02376564391983	71.06404952756328	0.0	32.51346330133816	0.0	0.0	0.0	0.0	0.0	0.0	0.0	0.0	0.0	77.02910166670542	0.0	0.0	9.158173106031954	0.0	48.54799921223274
GSM4138110_HNSCC_1_PBMC_CTCTGGTAGGCGTACA	35.237841521304624	41.947733124019905	41.93229820965712	0.0	5.589764619054622	0.0	14.43513103969239	6.335994038001909	0.0	0.0	3.6000294037428535	0.0	0.0	27.597454203919458	0.0	0.0	22.72504727365152	0.0	0.0	0.0
GSM4138110_HNSCC_1_PBMC_CTGAAACTCCGAGCCA	43.75040089490854	19.549902502794257	0.0	35.18011062603715	0.0	0.0	0.0	0.0	33.51928979174803	50.49215284549182	18.503836401884307	0.0	0.0	0.0	40.22660967870987	0.0	0.0	0.0	17.71122034858266	0.0
GSM4138110_HNSCC_1_PBMC_CTGAAGTAGCGATCCC	90.32927991518946	55.07463094634425	0.0	31.073704638801818	36.24747119547853	36.28155059417486	49.481383898634334	0.0	0.0	0.0	0.0	0.0	0.0	0.0	0.0	0.0	0.0	0.0	0.0	0.0
GSM4138110_HNSCC_1_PBMC_CTGATAGAGATCTGCT	41.24316732522732	47.17124162219738	0.0	24.34137277919144	64.21892627089362	0.0	0.0	0.0	21.574904554581693	0.0	0.0	0.0	0.0	45.39575435036731	0.0	24.424785519558707	0.0	0.0	0.0	0.0
GSM4138110_HNSCC_1_PBMC_CTGATAGAGCCTTGAT	61.69471655127635	65.04911587566829	66.94156846131537	0.0	47.48297382501553	0.0	37.525702646098864	16.162655316399277	0.0	38.72813466312738	0.0	11.902829137692462	0.0	0.0	0.0	0.0	0.0	0.0	0.0	0.0
GSM4138110_HNSCC_1_PBMC_CTGCCTAAGGTGCTTT	102.46259563000909	107.21679145743796	0.0	50.63325735958086	0.0	0.0	0.0	53.798062552000616	21.035593500275557	0.0	0.0	0.0	0.0	6.060565202521973	0.0	32.72200397054597	0.0	0.0	0.0	0.0
GSM4138110_HNSCC_1_PBMC_CTGCCTATCACGACTA	30.09261979828843	45.83274221017469	53.68656589980987	24.288112599859485	0.0	0.0	0.0	0.0	6.450740635172453	0.0	0.0	3.8336385127902264	0.0	70.15806071674132	38.83336334721382	0.0	0.0	0.0	0.0	0.0
GSM4138110_HNSCC_1_PBMC_CTGGTCTTCGAGAACG	59.62396332214339	29.47077211296875	20.44689125398528	0.0	0.0	30.008615943377634	0.0	10.359267273790826	45.957590488629215	0.0	0.0	0.0	23.116633597517446	0.0	0.0	0.0	0.0	0.0	0.0	0.0
GSM4138110_HNSCC_1_PBMC_CTGTTTAAGTGGAGTC	54.034509306692904	43.75089746207714	0.0	17.48846798430962	5.774739311787996	16.96340587114211	66.01069044695546	0.0	14.510844159551278	0.0	0.0	0.0	0.0	0.0	0.0	0.0	0.0	0.0	23.272555475730346	0.0
GSM4138110_HNSCC_1_PBMC_GAACATCTCCCTAATT	103.0890469211809	99.1629370393756	96.16409114683827	0.0	37.18788937902642	59.43393855484419	90.19165831881892	0.0	0.0	0.0	0.0	0.0	0.0	0.0	0.0	0.0	0.0	0.0	0.0	0.0
GSM4138110_HNSCC_1_PBMC_GAACCTATCTGAGGGA	78.78594149950713	32.99724765991421	15.932218896152067	7.916629392171909	22.99478370577554	0.0	0.0	41.85250793536523	0.0	0.0	0.0	0.0	0.0	0.0	0.0	0.0	0.0	50.93989253181279	0.0	0.0
GSM4138110_HNSCC_1_PBMC_GAATGAATCAGTTAGC	46.42097001263164	62.180521420534895	0.0	18.338128828908697	0.0	0.0	0.0	0.0	0.0	46.8662320201905	0.0	0.0	0.0	0.0	12.100293742621599	0.0	0.0	0.0	49.25837120291094	0.0
GSM4138110_HNSCC_1_PBMC_GATCGATAGTACACCT	79.12757703569933	46.27932137075109	59.4639602361444	0.0	0.0	35.92409063857678	30.387222737817535	0.0	28.39526192046913	0.0	0.0	0.0	6.008917045414741	0.0	0.0	3.917279676893239	0.0	0.0	0.0	0.0
GSM4138110_HNSCC_1_PBMC_GATCGATTCAGCATGT	69.23777046210738	60.52190978866428	55.096659693822424	0.0	61.7804406650484	66.73480728771199	0.0	0.0	0.0	0.0	0.0	0.0	0.0	0.0	0.0	0.0	88.21728180743143	0.0	0.0	0.0
GSM4138110_HNSCC_1_PBMC_GATGAAATCCAAGCCG	80.315346950971	78.98667893100063	4.6312720001445795	29.948882112330278	0.0	0.0	0.0	0.0	74.84337528385336	0.0	0.0	0.0	0.0	53.09278281749869	15.5891268105283	0.0	0.0	0.0	0.0	0.0
GSM4138110_HNSCC_1_PBMC_GCACATAAGGTGTGGT	44.95217558098824	47.49302085903641	40.469309054946855	0.0	119.60704398317354	0.0	42.41298598932047	0.0	0.0	32.47825396786988	0.0	0.0	0.0	0.0	0.0	0.0	0.0	0.0	0.0	0.0
GSM4138110_HNSCC_1_PBMC_GCACTCTGTACAGTGG	58.989028646304014	26.06830986687986	0.0	54.595085584917534	20.30949187188946	0.0	0.0	0.0	37.27231963477837	0.0	138.18186074884156	0.0	0.0	14.094653050798854	0.0	29.232961754695857	0.0	0.0	0.0	0.0
GSM4138110_HNSCC_1_PBMC_GCCTCTAAGTTAAGTG	55.70811949687469	29.931340080073014	41.71961015188719	0.42989314452507227	23.81704632352171	2.1223790199038186	0.0	34.63612278673094	0.0	36.146088733391984	0.0	0.0	0.0	0.0	0.0	0.0	0.0	0.0	0.0	0.0
GSM4138110_HNSCC_1_PBMC_GCCTCTAGTTGAACTC	57.64618333360903	41.546654985466745	0.0	30.863361388362364	36.338304316524834	0.0	43.35251051993579	0.0	0.0	0.0	0.0	0.0	0.0	0.0	0.0	0.0	0.0	40.889497816970255	0.0	0.0
GSM4138110_HNSCC_1_PBMC_GCGAGAAAGTGACATA	48.94527766489003	48.46195622798666	1.12785754713667	42.24523317121211	20.532822007943857	0.0	143.26761199714082	0.0	0.0	0.0	61.67319356880727	0.0	0.0	5.048632447173683	0.0	0.0	0.09706805279507785	0.0	0.0	0.0
GSM4138110_HNSCC_1_PBMC_GCTGCAGGTCCTCTTG	71.35224514817452	59.08565098498255	0.0	24.841385156966506	14.049750063212796	60.769878973617736	0.0	57.82404517866983	0.0	0.0	0.0	0.0	0.0	0.0	0.0	0.0	0.0	0.0	0.0	0.0
GSM4138110_HNSCC_1_PBMC_GGAAAGCAGTCAATAG	87.48489919431739	46.64651858684895	63.17184172224845	0.0	30.146803125881142	0.0	65.1031801773771	0.0	0.0	0.0	0.0	0.0	0.0	67.37317037517082	0.0	0.0	0.0	0.0	0.0	0.0
GSM4138110_HNSCC_1_PBMC_GGAACTTGTTTACTCT	50.01550104483564	31.47727827916751	19.987627318794313	0.0	0.0	0.0	22.11837759464125	6.779051799162139	37.49457384583317	33.27566001714497	0.0	0.0	0.0	0.0	21.373528965390292	0.0	0.0	0.0	0.0	0.0
GSM4138110_HNSCC_1_PBMC_GGCAATTGTCCTCTTG	19.246532354116784	97.381728612038	0.0	20.522027707594514	44.37200712237325	26.50865819203377	5.598559555239155	0.0	0.0	18.101143085491508	0.0	0.0	0.0	0.0	0.0	0.0	0.0	0.0	0.0	0.0
GSM4138110_HNSCC_1_PBMC_GGGACCTAGGCCCTTG	67.72660152488574	66.16437572359987	20.88950383441691	0.0	9.017897784931565	37.75929364509649	0.0	0.0	0.0	0.0	0.0	0.0	34.3662757074229	0.0	0.0	0.0	0.0	0.0	0.0	0.0
GSM4138110_HNSCC_1_PBMC_GGGACCTTCGTCCAGG	41.39824076139371	31.751831480587523	40.01333411227004	0.0	14.425701900130962	0.0	29.3985787128385	0.0	27.241433283468574	0.0	0.0	34.898449583702195	0.0	16.92362189673529	0.0	0.0	0.0	0.0	0.0	11.830163229102226
GSM4138110_HNSCC_1_PBMC_GGGATGACAATGGTCT	108.7323924760586	17.391251918509123	62.44816848331173	0.0	0.0	45.91024716578251	55.94855866127305	0.0	1.308632460629037	0.0	0.0	0.0	0.0	0.0	0.0	7.511504375873393	0.0	0.0	0.0	0.0
GSM4138110_HNSCC_1_PBMC_GGGCACTGTCTAGGTT	78.36026082864191	66.04944868152073	10.14305285091611	39.34615811642301	44.23655059148745	0.0	78.69432299160671	0.0	0.0	63.39831200989071	0.0	0.0	0.0	0.0	0.0	0.0	0.0	0.0	0.0	0.0
GSM4138110_HNSCC_1_PBMC_GGTATTGTCCTTCAAT	74.52103103050226	40.66640962903054	0.0	60.313340553022705	53.841071229756714	21.200311169569776	0.0	0.0	12.256835987826639	0.0	2.2520492684580944	0.0	0.0	0.0	0.0	51.15629453414518	0.0	0.0	0.0	0.0
GSM4138110_HNSCC_1_PBMC_GGTGTTACAATCCAAC	61.50189175741949	56.76277113043697	46.335441470374164	0.8097999319091244	28.854478248603392	0.0	0.0	0.0	0.0	0.0	0.0	25.409066943787867	44.55448762058734	0.0	0.0	0.0	0.0	0.0	0.0	0.0
GSM4138110_HNSCC_1_PBMC_GGTGTTACAGCCACCA	75.14742823730249	37.60112550328614	3.2839479254955717	30.025318849715127	22.475482349643283	0.0	0.0	46.13410549417317	0.0	0.0	52.380248126923696	0.0	0.0	1.5894489323214405	0.0	5.649706735333567	0.0	0.0	0.0	0.0
GSM4138110_HNSCC_1_PBMC_GTAACGTTCGTATCAG	115.67764019257112	77.15650604378996	0.052704971386417235	70.6542374347308	0.0	91.2580976475615	48.93390880122429	0.0	72.93962438570207	0.0	0.0	12.61235143493966	14.95824955091784	0.0	0.0	0.0	0.0	0.0	0.0	0.0
GSM4138110_HNSCC_1_PBMC_GTATTCTTCTTCCTTC	51.29802210611519	55.52769346919709	5.484278250739713	19.490439465653115	0.0	53.392335236732045	56.820672882696535	0.0	41.84939493178373	0.0	0.0	0.0	0.0	0.0	0.0	0.0	0.0	0.0	0.0	0.0
GSM4138110_HNSCC_1_PBMC_GTCAAGTGTGGGTATG	93.38628592190143	45.118141480869745	21.689672899174354	32.549053002453476	49.90036639123655	28.446515938597944	35.414974455664975	0.0	0.0	0.0	0.0	0.0	21.490729817272435	0.0	0.0	0.0	0.0	0.0	0.0	0.0
GSM4138110_HNSCC_1_PBMC_GTCACGGGTGCAACGA	0.0	0.0	0.0	418.5006101167976	0.0	0.0	0.0	0.0	919.7004586591281	0.0	0.0	0.0	0.0	0.0	367.0116076931476	0.0	76.2357532419937	11.815296724505364	0.0	0.0
GSM4138110_HNSCC_1_PBMC_GTGCGGTCAAGGTGTG	52.55391040042742	45.19683312396025	23.159061524898792	17.37050999717428	71.10136977911937	59.83787054863787	31.708466857618756	0.0	0.0	0.0	0.0	0.0	0.0	0.0	0.0	44.58021670046164	0.0	0.0	0.0	0.0
GSM4138110_HNSCC_1_PBMC_GTGTGCGAGGAGCGAG	18.97563833038213	21.65201417214917	0.0	54.06556648725971	0.0	0.0	0.0	35.125820755840415	23.568002386184546	21.704576227785562	105.97380429262202	0.0	0.0	0.0	0.0	0.0	0.0	0.0	0.0	0.0
GSM4138110_HNSCC_1_PBMC_GTGTGCGCAAGTCATC	54.18567994047806	56.88552483370024	0.0	53.40379176088596	0.0	41.74340504720242	0.0	0.0	0.0	0.0	0.0	0.0	0.0	0.0	98.51404757823589	0.0	0.0	0.0	15.72123752406702	0.0
GSM4138110_HNSCC_1_PBMC_TAAACCGTCATCTGTT	43.95537077659718	38.9887110180517	69.36939128734781	0.0	23.776723152996166	40.12268421966182	0.0	0.0	0.0	0.0	0.0	0.0	0.0	0.0	70.43882682020914	0.0	0.0	0.0	0.0	0.0
GSM4138110_HNSCC_1_PBMC_TAAGCGTCAATGGATA	63.64464506810626	40.38396406924864	119.36485730234324	0.0	67.3295341891463	0.0	0.0	28.345503944720615	0.0	0.0	55.27974452256544	0.0	0.0	0.0	0.0	0.0	0.0	0.0	0.0	0.0
GSM4138110_HNSCC_1_PBMC_TACACGATCCTGCCAT	75.77973945391616	56.87675787695248	0.6571181702797725	40.61920384293828	0.0	63.1375714571877	0.0	38.08247514053686	91.97660962573563	0.0	0.0	0.0	0.0	0.0	27.175944885421444	0.0	0.0	0.0	5.838555512597624	0.0
GSM4138110_HNSCC_1_PBMC_TACCTTAAGGCTAGAC	75.75724840059245	68.48508890415698	33.86738642923206	12.40078762024209	25.98283893645856	0.0	0.0	51.39764242974903	0.0	0.0	0.0	0.0	0.0	6.81794516711928	0.0	0.0	0.0	37.364771244031175	0.0	0.0
GSM4138110_HNSCC_1_PBMC_TACGGATCAGGGTATG	24.956464926426182	55.01704013570661	45.00355610743648	0.0	31.81778847716289	56.88256361211198	0.0	0.0	0.0	0.0	0.0	0.0	0.0	0.0	0.0	60.34491297574822	0.0	0.0	0.0	0.0
GSM4138110_HNSCC_1_PBMC_TAGAGCTCAGATGGCA	80.71784572993751	37.75449616879283	29.82666168469074	0.0	0.0	0.0	0.0	0.0	64.16377439482417	0.0	15.59515522166267	0.0	0.0	15.346836608363875	44.93748840653532	0.0	0.0	0.0	0.0	0.0
GSM4138110_HNSCC_1_PBMC_TAGCCGGAGAAGGCCT	76.31273018633804	31.330694081226284	64.49456447965362	0.0	43.684602204165856	0.0	0.0	0.0	0.0	25.192961340871456	14.95642904052618	0.0	0.0	6.435035674480501	0.0	53.15967814485436	0.0	0.0	0.0	0.0
GSM4138110_HNSCC_1_PBMC_TATCTCAAGGTGCACA	78.65485108075436	62.24198461086603	40.41697042075859	0.0	0.0	0.0	0.0	0.0	26.6127405138741	0.0	15.90757265453568	0.0	22.92121821756903	0.0	0.0	0.0	0.0	0.0	0.0	0.0
GSM4138110_HNSCC_1_PBMC_TCACAAGGTTCATGGT	51.139314970498006	24.83129052822259	23.39854508972677	25.367379485211234	13.015895497316498	7.426146314205418	18.225781057364376	0.0	0.0	0.0	0.0	0.0	16.434542923598396	0.0	0.0	0.0	0.0	47.010733080199635	0.0	0.0
GSM4138110_HNSCC_1_PBMC_TCACAAGTCTTGACGA	149.65338417627498	474.7932899972164	218.64597438367778	12.075416639093211	215.76826900326563	166.3558520579177	111.05490863295728	0.0	0.0	0.0	0.0	0.0	0.0	0.0	0.0	0.0	0.0	0.0	0.0	0.0
GSM4138110_HNSCC_1_PBMC_TCGAGGCTCGGAAATA	89.89460853817698	49.143196483186806	24.937939369115828	0.0	35.08381043713099	0.0	0.0	45.70708942383352	0.0	69.39261777005622	0.0	0.0	27.811056830526056	0.0	0.37948939554387123	0.0	0.0	0.0	0.0	0.0
GSM4138110_HNSCC_1_PBMC_TCTATTGGTTTAGGAA	66.31089062826327	58.806357827500555	29.22233425262319	0.0	30.52308664623298	0.0	52.06005403478661	0.0	0.24803250123905524	2.4915199915866504	38.08357329353866	0.0	0.0	0.0	0.0	0.0	0.0	0.0	0.0	0.0
GSM4138110_HNSCC_1_PBMC_TCTATTGTCATCTGCC	58.25277913274715	36.667539118934386	39.829364671830234	0.0	33.64933289201819	12.459861234283169	5.959544095586187	0.0	0.0	0.0	0.0	0.0	0.0	0.0	0.0	0.0	0.0	0.0	0.0	0.0
GSM4138110_HNSCC_1_PBMC_TCTTCGGCACCCTATC	94.48141561018653	59.47374351054856	39.24280075469633	21.299987734411207	17.128046870002958	0.0	0.0	0.0	0.0	0.0	0.0	0.0	0.0	0.0	75.18094684802809	0.0	0.0	38.7617738907246	0.0	0.0
GSM4138110_HNSCC_1_PBMC_TGGGCGTTCACAGGCC	0.0	0.0	0.0	0.0	197.81287250763427	0.0	0.0	0.0	1328.755638506212	0.0	0.0	0.0	0.0	0.0	0.0	0.0	0.0	0.0	1192.159559867084	0.0
GSM4138110_HNSCC_1_PBMC_TGTGTTTGTTAAAGAC	61.40392123252501	87.54397415078478	0.0	66.80048897759997	129.11821170410613	0.0	0.0	0.0	0.0	0.0	0.0	0.0	94.8628830315357	88.98219456221115	0.0	0.0	0.0	0.0	0.0	0.0
GSM4138110_HNSCC_1_PBMC_TGTTCCGCACGGCGTT	163.89396235860912	183.04939664786662	68.1018764860176	0.0	145.8262944594723	186.93165947286525	125.51891517662798	0.0	0.0	0.0	0.0	0.0	0.0	0.0	0.0	0.0	0.0	0.0	0.0	0.0
GSM4138110_HNSCC_1_PBMC_TTAGGCAAGGCTAGCA	106.15546438260716	63.52237437629729	0.0	58.05957450709516	0.0	0.0	0.0	0.0	33.486064435840014	0.0	0.0	25.241987538444462	45.28144665205264	6.003953709275923	0.0	0.0	0.0	0.0	0.0	0.0
GSM4138110_HNSCC_1_PBMC_TTCCCAGCACATGGGA	2.0428107842682217	107.09473274107314	0.0	70.1462403280824	0.0	0.0	46.001531714173865	0.0	24.32878308517111	0.0	30.375599764188006	0.0	0.0	0.0	0.0	0.0	0.0	0.0	40.16699004695785	0.0
GSM4138110_HNSCC_1_PBMC_TTCGGTCAGACCCACC	52.15250399783809	27.80463814604796	3.9818552179975564	38.17111880773978	16.65721808155767	52.036409750451554	0.0	30.24322234123486	0.0	0.0	0.0	0.0	0.0	0.0	0.0	0.0	0.0	0.0	0.0	0.0
GSM4138110_HNSCC_1_PBMC_TTCTCCTTCCTCAATT	59.25947218563555	88.60286836645069	0.3545012246137758	27.910377778440857	35.26553371693009	7.552137933368031	0.0	70.25828657983648	0.0	0.0	18.849711446450673	0.7047237767985124	0.0	0.0	0.0	0.0	0.0	0.0	0.0	0.0
GSM4138110_HNSCC_1_PBMC_TTGAACGGTCGAAAGC	74.44908648362423	40.153106586336996	31.947815412181143	0.0	22.704985037103523	10.541833442381986	40.34330173594109	0.0	0.0	0.0	0.0	29.008861571391513	0.0	0.0	0.0	0.0	0.0	0.0	0.0	0.0
GSM4138110_HNSCC_1_PBMC_TTGCCGTAGTCAAGCG	61.77762814431126	54.217691132121956	21.01405218508195	0.0	31.478077812195345	79.6591775544544	52.899412158264674	0.0	0.0	0.0	0.0	0.0	0.0	0.0	0.0	0.0	0.0	0.0	0.0	0.0
GSM4138110_HNSCC_1_PBMC_TTGCGTCTCAAGGCTT	59.73772635493754	77.1874163590338	54.13472180761162	9.2159285202447	21.751202988387394	0.0	65.32235377651561	0.0	4.423316109626097	0.0	0.6732527592561184	40.36181781169306	0.0	0.0	0.0	0.0	0.0	0.0	0.0	0.0
GSM4138110_HNSCC_1_PBMC_TTTATGCGTGCATCTA	56.36983727191442	41.720167560942166	37.27592721910268	0.0	3.611567028356112	0.0	0.0	10.218300952092772	0.0	0.0	0.1444553718659901	0.0	0.0	24.47418862235751	0.0	0.0	44.58511475839692	0.0	0.0	0.0
GSM4138110_HNSCC_1_PBMC_TTTGCGCTCTTGTACT	53.893252206924224	61.97156254070149	5.895432868461552	65.17884970595273	0.0	0.0	0.0	0.0	12.59616901537815	0.0	0.0	51.55080522467833	16.74446474553441	0.0	0.0	0.0	0.0	15.08455180022317	0.0	0.0
GSM4138110_HNSCC_1_PBMC_TTTGGTTCACTTCTGC	114.6365584810426	87.04498046809836	16.087381314414912	23.493689345524373	39.26129901241904	0.0	0.0	0.0	0.0	33.32126839448751	22.436226617709593	0.0	0.0	0.0	116.84894939000176	0.0	0.0	0.0	0.0	0.0
GSM4138110_HNSCC_1_PBMC_CTACACCAGTTGTAGA	111.09691039671841	88.76195798502468	124.56559509182811	0.0	64.02715309145944	116.93319730938848	0.0	0.0	0.0	0.0	0.0	0.0	0.0	0.0	0.0	58.16493654428591	0.0	0.0	0.0	0.0
GSM4138110_HNSCC_1_PBMC_AACTGGTGTCAGAATA	33.28023676542452	23.278713564366452	0.9864097212784636	40.0242113309803	0.0	0.0	0.0	0.0	24.429326545312858	0.0	0.0	31.300364016098346	0.0	9.811318637058855	0.0	63.907952103944446	0.0	0.0	0.0	0.0
GSM4138110_HNSCC_1_PBMC_AAACGGGTCCTCAACC	83.28987128688557	57.96984192838997	0.0	25.653300568626285	0.0	0.0	0.0	3.3931153789375377	25.109129961647216	32.37027821936812	0.0	0.0	0.0	0.0	0.0	0.0	40.33148348954428	0.0	0.0	0.0
GSM4138110_HNSCC_1_PBMC_AAGGCAGAGGCGTACA	47.726281820826415	84.77629319284837	68.11759348980011	0.0	10.232257677177886	41.52326098455112	0.0	31.712615013294133	0.0	0.0	0.0	0.0	0.0	0.0	0.0	0.0	27.41144767364521	0.0	0.0	0.0
GSM4138110_HNSCC_1_PBMC_ACATGGTCAATGGAGC	121.70525718808504	43.06979404125906	14.930158971150437	41.23182792500297	27.12062795782291	20.348703386019093	0.0	0.0	0.0	0.0	0.0	0.0	0.0	0.0	0.0	71.87649669138622	0.0	8.77065618221934	0.0	0.0
GSM4138110_HNSCC_1_PBMC_ACGATGTGTTATCACG	49.323959127900594	74.28791975117515	1.7232195434342954	34.52638033843405	0.0	0.0	0.0	0.0	21.361791884539407	0.0	0.0	18.823628938123687	0.0	0.0	0.0	0.0	36.520068489194244	17.77748031385844	0.0	0.0
GSM4138110_HNSCC_1_PBMC_ACGGCCATCTCCCTGA	114.53717562341268	96.77658770002184	0.3360016141332189	31.54925074947598	54.24410105899443	0.0	10.584016635716406	0.0	0.0	0.0	0.0	76.12954937715506	49.10409370052088	0.0	0.0	0.0	0.0	0.0	0.0	0.0
GSM4138110_HNSCC_1_PBMC_AGCTCTCTCATTGCCC	80.2373194399687	70.95955701325502	2.667641801314029	60.77684168798164	0.0	0.0	3.5836027386666798	0.0	118.99770986472994	0.0	0.0	0.0	77.92235151363526	58.58282329323417	0.0	0.0	0.0	0.0	0.0	13.759226996607625
GSM4138110_HNSCC_1_PBMC_AGGTCATTCTCTAGGA	76.79985792489406	46.44313558475616	0.0	57.679450564133106	0.0	0.0	0.0	0.0	52.19857326323721	0.0	0.0	0.0	0.0	0.3817194508240282	54.02642316866462	0.0	0.0	43.80616035170634	0.0	0.0
GSM4138110_HNSCC_1_PBMC_ATAGACCTCTGGTGTA	65.31032231518573	45.172601075622936	0.11570989537388228	20.100222490947253	0.0	0.0	38.23018091147306	0.0	38.81402796942301	0.0	0.0	0.0	0.0	106.7812752430625	0.0	0.0	0.0	0.0	0.0	0.0
GSM4138110_HNSCC_1_PBMC_ATAGACCTCTTCCTTC	68.34003327609715	43.45825594099764	0.0	46.39860060559777	0.0	19.78121450235147	15.631121724274207	0.0	35.78907392758549	0.0	0.0	0.0	0.0	0.0	0.0	0.0	0.0	0.0	0.0	0.0
GSM4138110_HNSCC_1_PBMC_ATCTACTCACTGTGTA	67.4129641105938	25.21606583350013	24.905766116230335	25.561298511490065	59.107556357437716	0.0	51.26019397918477	0.0	0.0	62.82300743073365	0.0	0.0	0.0	0.0	0.0	0.0	0.0	0.0	0.0	0.0
GSM4138110_HNSCC_1_PBMC_ATCTGCCAGGAATCGC	74.48458149288547	36.2257645712882	4.508283012886014	20.642302855813845	55.081178386132244	0.0	13.798853503718338	44.60592797160892	0.0	10.497638304070582	34.86172866408359	0.0	0.0	0.0	0.0	0.0	0.0	0.0	0.0	0.0
GSM4138110_HNSCC_1_PBMC_ATGGGAGCATGGGAAC	68.02149668745199	59.88485980215276	189.41882193746721	0.0	234.361016798227	0.0	168.53884835664644	0.0	0.0	0.0	0.0	0.0	0.0	94.50051910917175	0.0	0.0	0.0	0.0	0.0	0.0
GSM4138110_HNSCC_1_PBMC_ATGTGTGGTAGCTGCC	35.02659167657866	32.085200440127615	0.0	51.013266011778306	35.14346890787029	0.0	5.850442171946621	0.0	0.0	111.36917618072744	0.0	0.0	0.0	0.0	0.0	0.0	0.0	0.0	0.0	0.0
GSM4138110_HNSCC_1_PBMC_CACAAACCATCCCACT	86.1910237537015	69.12116434906487	0.0	99.79593574603606	0.0	36.20464782706475	35.76985100940287	0.0	41.2603135088552	0.0	0.0	0.0	0.0	0.0	0.0	0.0	0.0	0.0	0.0	0.0
GSM4138110_HNSCC_1_PBMC_CACCACTAGTTACCCA	97.22442544276336	84.33416446223008	14.280810317563054	23.262371321530427	45.752684900217034	0.0	0.0	0.0	0.0	0.0	52.74903973228176	0.0	0.0	0.0	55.52520377839791	0.0	0.0	0.0	0.0	0.0
GSM4138110_HNSCC_1_PBMC_CATGCCTTCAGCTCTC	66.23051725323764	52.02282016379598	0.0	46.891165628507665	62.38824231562604	0.0	52.8408044524689	13.388179385102807	0.0	0.0	0.0	33.58226437194113	0.0	26.635779962901072	0.0	9.357148146509672	0.0	0.0	0.0	0.0
GSM4138110_HNSCC_1_PBMC_CATGGCGCATGTTCCC	89.75542366372014	51.88364500312537	55.863111993974115	0.0	70.28802859937721	0.0	0.0	19.072571150096586	0.0	91.83401859100967	0.0	0.0	0.0	0.0	0.0	0.0	0.0	0.0	0.0	0.0
GSM4138110_HNSCC_1_PBMC_CCACCTAGTAGTACCT	73.08962616659768	50.95808827126925	19.5428246385045	28.36131580573793	0.0	0.0	78.61482196794793	11.549145036724935	41.64762169410009	0.0	0.0	0.0	0.0	28.228150639621614	0.0	0.0	0.0	0.0	0.0	0.0
GSM4138110_HNSCC_1_PBMC_CCGTTCAGTATATCCG	80.15677134903181	50.82579182665391	24.04043574071271	40.8841225107529	24.51352636143143	63.60959224779597	0.0	0.0	37.21420499385768	0.0	0.0	0.0	0.0	0.0	0.0	32.10771051004122	0.0	0.0	11.663472538591622	0.0
GSM4138110_HNSCC_1_PBMC_CCTACACGTCCGAAGA	41.639106339834804	45.46861943550466	15.314836038625081	1.3408870401645592	6.494543042524568	0.0	0.0	0.0	33.83259653639598	31.236279521979547	0.0	0.0	60.55616295269252	0.0	0.0	0.0	0.0	0.0	0.0	0.0
GSM4138110_HNSCC_1_PBMC_CCTCTGAGTCGCGAAA	124.67052637185198	76.22720201942985	4.039655747564904	68.69604882374567	57.70400087673276	24.95020003868652	39.10895368305184	0.0	0.0	0.0	0.0	20.799971814720433	16.99838921743793	19.592487186481456	11.113591348948242	0.0	0.0	0.0	0.0	0.10891743440033723
GSM4138110_HNSCC_1_PBMC_CGCTGGAAGGCATGTG	61.81933173749805	70.51532647116088	0.0	40.17170964128774	49.27808178192185	0.0	0.0	0.0	0.0	3.2507260256555615	0.0	35.862393634988734	0.0	0.0	41.72390252922369	0.0	0.0	25.615691687839018	0.0	0.0
GSM4138110_HNSCC_1_PBMC_CGGAGTCTCACAATGC	73.01758646868551	0.0	42.334333048405895	0.0	0.0	0.0	0.0	60.98494654015747	8.64611308736628	55.286421335906525	0.0	0.0	0.0	0.0	0.0	0.0	0.0	0.0	21.141257567024052	0.0
GSM4138110_HNSCC_1_PBMC_CGGCTAGAGCTACCGC	111.14383917826709	55.995886065339036	25.80558402423516	36.285349146231454	37.56313903153231	0.0	0.0	0.0	0.0	65.01000685261198	0.0	0.0	0.0	0.0	0.0	31.822287202028768	0.0	0.0	0.0	0.0
GSM4138110_HNSCC_1_PBMC_CGTTGGGCAAGCCGCT	208.5453547074855	32.408885105498925	0.0	56.35851484927413	38.51989856166973	0.0	0.0	0.0	0.0	0.0	12.043122964031195	0.0	0.0	0.0	0.0	16.840263113825785	0.0	0.0	0.0	0.0
GSM4138110_HNSCC_1_PBMC_CTCAGAAGTCCGACGT	76.31933364828576	32.582196650257295	13.713784359668416	35.24297527201166	29.32718914355041	50.84080058952138	51.90593985009679	0.0	0.0	0.0	0.0	0.0	0.0	0.0	0.0	0.0	0.0	0.0	0.0	0.0
GSM4138110_HNSCC_1_PBMC_CTCGTACCACGCGAAA	68.5686669756282	68.6449558471185	48.64179584024237	0.0	0.0	0.0	0.0	0.0	34.112538831980125	0.0	30.078716150378597	0.0	0.0	0.0	38.540232788397425	0.0	0.0	0.0	0.0	0.0
GSM4138110_HNSCC_1_PBMC_GAAATGAAGAGCCTAG	174.25798481103257	126.16234457454208	61.58515791768899	24.633270543758687	0.0	40.703413088003295	43.65323723267911	0.0	51.153302110481945	0.0	0.0	0.0	36.26730562677882	0.0	0.0	0.0	0.0	0.0	0.0	0.0
GSM4138110_HNSCC_1_PBMC_GACGTTATCTAACCGA	65.6680902400652	46.95676496904915	23.19220363006623	0.0	0.0	39.87686128406783	0.0	0.0	71.18869364045936	0.0	0.0	0.0	0.0	0.0	45.65451940191557	0.0	0.0	0.0	0.0	0.0
GSM4138110_HNSCC_1_PBMC_GACTGCGTCGGCATCG	44.372954966828736	91.42388723271542	24.978138125191894	0.0	44.504083604257545	60.01890070974672	19.29545833338198	0.0	0.0	0.0	0.0	0.0	5.494157616467347	0.0	0.0	14.769579631196246	0.0	0.0	0.0	0.0
GSM4138110_HNSCC_1_PBMC_GATGAGGAGGCTAGCA	65.3964257671769	43.576192692507085	0.0	17.792531119718507	31.65287477011766	11.381854980899378	0.0	0.0	0.0	0.0	0.0	52.62197563075874	39.251044834097385	0.0	0.0	0.0	0.0	0.0	0.0	0.0
GSM4138110_HNSCC_1_PBMC_GATTCAGCACCACGTG	71.0885434483285	67.8988238735964	37.119625891665244	0.0	44.22953059981417	0.0	0.0	0.0	0.0	0.0	8.523146206208857	0.0	7.361168960125204	44.011587919552156	0.0	0.0	0.0	0.0	0.0	0.0
GSM4138110_HNSCC_1_PBMC_GCAATCAGTAGCTCCG	62.39973604945537	16.71557293083739	8.860634109685606	63.878753886307855	17.22561142952502	0.0	6.020150008565614	0.0	6.089557770194248	0.0	0.0	0.0	4.794127479086721	37.17582987168208	0.0	0.0	15.038189321378754	0.0	0.0	0.0
GSM4138110_HNSCC_1_PBMC_GCGACCAGTAGCCTAT	91.34111673328161	148.74986556227623	46.18681146322055	5.028673728821041	35.700864045745284	0.0	0.0	67.44655490456118	0.0	0.0	0.0	0.0	0.0	30.43640574925953	0.0	0.0	0.0	0.0	0.0	0.0
GSM4138110_HNSCC_1_PBMC_GCTTCCATCTCATTCA	46.559398915936654	36.31253215321065	0.0	55.33408040561301	26.41219947298275	47.34135596988702	0.0	77.22201124118602	0.0	0.0	0.0	0.0	0.0	0.0	0.0	0.0	0.0	0.0	0.0	0.0
GSM4138110_HNSCC_1_PBMC_GCTTGAAAGACCTTTG	36.399408608784974	55.66613483659445	4.8497074317260305	28.847703525520977	13.526689316848545	0.0	0.0	0.0	0.0	0.0	0.0	0.0	0.0	42.373620789438135	0.0	0.0	34.17844731779894	0.0	0.0	0.0
GSM4138110_HNSCC_1_PBMC_GGACAAGGTAATTGGA	83.39076235242185	113.59907890377492	0.0	94.47703768846674	0.0	0.0	0.0	0.0	33.98893414721556	40.497012931489955	0.0	0.0	0.0	0.0	22.07276413570822	0.0	0.0	0.0	0.0	0.0
GSM4138110_HNSCC_1_PBMC_GGCGTGTAGCACGCCT	51.51413964164884	30.620758808123988	0.0	37.52249379139034	4.804000153563017	0.0	0.0	38.779065243037756	17.40381788272923	0.0	0.0	0.0	0.0	0.0	0.0	0.0	0.0	29.740771966951648	0.0	0.0
GSM4138110_HNSCC_1_PBMC_GGCGTGTAGCGTTTAC	44.264111538829276	55.864226849203106	0.0	29.89652145748617	20.19320640476589	23.569515446458166	15.390857923091138	0.0	0.0	0.0	0.0	0.0	15.944003188530324	0.0	0.0	0.0	0.0	0.0	0.0	0.0
GSM4138110_HNSCC_1_PBMC_GGCTGGTCAATGGACG	70.63525441902745	93.55530353651265	7.521811826886988	27.741725514332476	54.37620312776791	106.35212160936308	0.0	30.1404205802536	0.0	0.0	0.0	0.0	0.0	0.0	0.0	0.0	0.0	0.0	0.0	0.0
GSM4138110_HNSCC_1_PBMC_GGGAATGTCAGCTGGC	134.06163946189372	40.02859014563028	30.172492630561702	18.299498742155293	49.900362577433164	0.0	46.32155803612863	9.579321344584617	0.0	0.0	0.0	0.0	0.0	53.12401961441404	17.599273075034745	0.0	0.0	0.0	0.0	0.0
GSM4138110_HNSCC_1_PBMC_GGGTTGCAGATCGGGT	45.378206858716126	26.517749797253384	2.163231664616473	33.629939759328984	38.89564053733829	0.0	9.945124845332936	0.0	3.6000607801690614	31.167474226257983	0.0	0.0	0.0	0.0	0.0	0.0	49.962441378804	12.64000215871694	0.0	0.0
GSM4138110_HNSCC_1_PBMC_GGTATTGCACATTAGC	69.85367722397616	28.25299004833341	0.0	25.548870300338574	28.20647733107675	0.0	6.496865892295725	0.0	0.0	48.69654712745009	0.0	0.0	0.0	0.0	0.0	0.0	0.0	0.0	0.0	0.0
GSM4138110_HNSCC_1_PBMC_GGTGTTAGTGTGACCC	32.976925798051674	37.01783918739404	51.90543340547318	0.0	0.0	0.0	0.0	13.263144659361126	38.599383255642906	62.415085069226386	0.0	0.0	0.0	0.0	9.65600730356627	4.862010047951146	0.0	0.0	0.0	0.0
GSM4138110_HNSCC_1_PBMC_GTCACAAGTATCACCA	161.7739876984085	27.805209598612677	12.814068906929531	28.455756685526634	47.61043771185008	0.0	0.0	0.0	0.0	0.0	0.0	5.261696844485724	0.0	35.63766887864054	51.48532660723672	0.0	0.0	0.0	0.0	0.0
GSM4138110_HNSCC_1_PBMC_GTCACAATCGCAAGCC	63.14223135591798	26.584368461458105	0.0	38.09705005377907	22.011913207720703	61.77775480692105	0.0	0.0	0.0	0.0	0.0	0.0	0.0	0.0	0.0	37.89323418070121	0.0	0.0	0.0	0.0
GSM4138110_HNSCC_1_PBMC_GTCACGGCAAGCTGGA	70.22005186814734	27.3494317287622	36.47221390359761	0.0	0.019861721682552187	0.0	0.0	20.707075761776117	21.90638175863712	0.0	133.18050523835802	0.0	0.0	0.0	0.0	0.0	0.0	0.0	9.52721871938678	0.0
GSM4138110_HNSCC_1_PBMC_GTCGTAAAGGCATGTG	123.1539253338356	121.94064619456795	0.15525146638014314	114.20930819052212	61.42941174401453	48.91171346600591	149.51403211459902	0.0	0.0	0.0	3.6020366974419873	0.0	0.0	1.2253030241281995	0.0	0.0	0.0	0.0	0.0	0.0
GSM4138110_HNSCC_1_PBMC_GTCGTAATCTTGCAAG	51.37545502114407	31.592861113441998	28.743636602142573	0.0	24.004123554389967	41.27961216408056	0.0	29.13663586356481	0.0	0.0	0.0	0.0	3.016600414509128	0.0	0.0	0.0	6.552749114726948	0.0	0.0	0.0
GSM4138110_HNSCC_1_PBMC_GTCTCGTCATGCGCAC	57.064214454190314	19.720488654430792	0.0	72.61100684529333	0.0	0.0	0.0	38.81331009727421	25.65814178998889	61.597678633914676	0.0	0.0	7.492101840864437	0.0	0.0	0.0	0.0	0.0	0.0	0.0
GSM4138110_HNSCC_1_PBMC_GTGAAGGCACATTTCT	67.31566825961794	41.986032706108944	48.38122792950729	20.666101673044206	43.54234438696809	0.0	0.0	19.838350182777695	0.0	0.0	0.0	46.25119900516169	0.0	0.0	0.0	65.54900503468373	0.0	0.0	0.0	0.0
GSM4138110_HNSCC_1_PBMC_GTGCAGCAGACCGGAT	111.91654717330509	81.53336812705793	71.18057449673763	13.036135249733308	46.81866787319272	0.0	55.918219404229966	0.0	0.0	14.402834140124467	58.99962630154489	0.0	0.0	0.0	0.0	0.0	0.0	0.0	0.0	0.0
GSM4138110_HNSCC_1_PBMC_GTTAAGCTCATACGGT	85.0697660705006	57.05855471537288	41.488588591349	0.0	0.32329217374493735	0.0	0.0	0.0	18.833969666805498	0.0	0.0	4.371796497240868	0.0	40.404530413807684	0.0	23.681726720722356	0.0	0.0	0.0	1.9798525451611988
GSM4138110_HNSCC_1_PBMC_TAAACCGAGGGTCGAT	56.02157319828148	34.80140409518847	23.244222019594105	49.74465615247805	35.61290637555804	45.9618279608926	0.0	46.644364212165364	0.0	0.0	0.0	0.0	0.0	0.0	0.0	0.0	0.0	0.0	0.0	0.0
GSM4138110_HNSCC_1_PBMC_TACCTTAAGGCTCTTA	92.20694180262517	86.92262323157065	0.0	41.461361104166045	47.59513211517235	0.0	0.0	0.0	0.0	0.0	9.96691382016553	0.0	24.223935997667084	27.28831202000259	0.0	38.71527983814233	0.0	0.0	0.0	0.0
GSM4138110_HNSCC_1_PBMC_TAGAGCTTCGTTGCCT	121.2599660855986	98.13800452586709	0.0	57.161147053996565	96.5488766285958	0.0	0.0	31.767909708161003	0.0	0.0	0.0	26.11075998481926	0.0	0.0	0.0	0.0	65.26368569827459	31.5862100538456	0.0	0.0
GSM4138110_HNSCC_1_PBMC_TAGGCATTCCCAGGTG	89.85107940913184	38.0509636430185	0.0	25.57357741590809	0.0	0.0	2.5138174501556017	0.0	0.0	0.0	82.73226816739559	0.0	17.84452669092635	0.0	0.0	0.0	0.0	0.0	19.905489208954947	0.0
GSM4138110_HNSCC_1_PBMC_TCACAAGCACATCCGG	42.20799970157574	34.317290936477434	10.973824370035643	55.85772419962726	12.603608280112915	68.55403491603714	0.0	20.77326346359738	47.800069384745306	0.0	0.0	0.0	0.0	0.0	0.0	0.0	0.0	0.0	0.0	0.0
GSM4138110_HNSCC_1_PBMC_TCAGCTCCATGACGGA	55.92750812426502	87.25265309677776	33.777221794427426	2.100569182109885	16.965309670476316	23.737298847001348	0.0	0.0	0.0	0.0	0.0	0.0	0.0	0.0	0.0	0.0	19.058715873919255	0.0	0.0	0.0
GSM4138110_HNSCC_1_PBMC_TCGAGGCTCCAGGGCT	67.41056954941573	55.59219029409315	32.50470326212769	0.0	51.1348520132618	0.0	0.0	31.882720849136895	0.0	0.0	0.0	0.0	0.0	26.888682365680573	0.0	0.0	1.914443624600113	0.0	0.0	0.0
GSM4138110_HNSCC_1_PBMC_TCTATTGCAGTCAGCC	118.86021582425978	68.559107564425	19.028494360927944	57.46703900838536	43.09198942763795	0.0	0.0	28.031185234359175	0.0	0.0	0.0	0.0	0.0	43.97423111496329	0.0	0.0	0.0	0.0	0.0	0.0
GSM4138110_HNSCC_1_PBMC_TCTCTAAGTGGTAACG	104.30383117210924	72.69439625605827	44.21591578358038	58.03670439313268	40.41191222433343	0.0	5.915311450107116	0.0	0.0	0.0	0.0	61.70086768587847	58.13640390658498	49.52043029125538	0.0	0.0	0.0	0.0	0.0	0.0
GSM4138110_HNSCC_1_PBMC_TCTGAGATCTAGCACA	53.28970786253263	70.36129265750174	26.906758773496453	0.03291827469687287	46.54514991286653	0.0	0.0	0.0	0.0	0.0	0.0	14.063265842058051	25.35390610215579	0.0	0.0	0.0	0.0	9.015892800214448	0.0	19.637806002414283
GSM4138110_HNSCC_1_PBMC_TCTTTCCCACTGAAGG	85.77474376269024	60.736387179429116	149.97557036061778	0.0	63.601640652160825	87.5652386014721	59.0512715636975	0.0	0.0	0.0	0.0	0.0	3.2481219595819932	0.0	0.0	0.0	0.0	0.0	0.0	2.7671777039147423
GSM4138110_HNSCC_1_PBMC_TGACAACGTCATCCCT	63.594973910798934	56.49348847638568	41.58210839077215	0.0	45.28949032084844	0.0	0.0	91.29449888000802	0.0	4.532391182119493	79.29073581556666	0.0	0.0	0.0	0.0	0.0	0.0	0.0	0.0	0.0
GSM4138110_HNSCC_1_PBMC_TGAGCCGAGATGAGAG	63.53390477642009	55.852396240540685	0.0	40.26630508661695	26.54346587678336	0.0	33.64724029426981	0.0	18.210510960397837	0.0	0.0	0.0	0.0	0.0	0.0	0.0	0.0	54.86338915335999	0.0	0.0
GSM4138110_HNSCC_1_PBMC_TGCGGGTTCTGATTCT	61.16599807373422	49.75814934885809	0.0	29.988090795472544	14.933502513213117	0.0	0.0	0.0	0.0	0.0	0.0	2.1478506200515186	0.0	0.0	51.15535576389947	0.0	0.0	19.765283553882217	0.0	0.0
GSM4138110_HNSCC_1_PBMC_TGGCTGGGTTCCAACA	50.64217278671543	56.16604556099067	8.674961236762027	32.392728451546105	0.0	45.08190393341307	0.0	62.64974262461339	54.63811621888237	17.183670288919846	0.0	0.0	0.0	0.0	0.0	0.0	0.0	0.0	0.0	0.0
GSM4138110_HNSCC_1_PBMC_TGTATTCGTGGCTCCA	105.76157348301217	58.1651060715529	0.0	79.95604526964526	72.29562384851934	0.0	32.0745180130851	0.0	0.0	0.0	0.0	0.0	0.0	139.14470954239297	0.0	8.333247255436877	0.0	0.0	0.0	0.0
GSM4138110_HNSCC_1_PBMC_TGTGGTAAGTATGACA	98.65089326392375	45.8556332655474	8.825931348672757	35.457468820812124	44.1117315898833	17.291045424888825	37.29555704638258	0.0	0.0	0.0	0.0	0.0	0.0	0.0	0.0	0.0	0.0	4.711930715824996	0.0	28.839361849073157
GSM4138110_HNSCC_1_PBMC_TTCCCAGGTCACTGGC	59.915690063488526	38.0226932447814	34.15990128391879	17.616840903083894	41.134227210864346	0.0	12.411774697265965	0.0	0.0	0.0	0.0	0.0	0.0	45.22824296576136	0.0	0.0	0.0	0.0	0.0	0.0
GSM4138110_HNSCC_1_PBMC_TTCGGTCCACCTCGGA	91.81837191823537	48.88128902248095	23.347568469452206	23.504847969102492	14.988565911158833	0.0	0.0	0.0	0.0	0.0	0.0	27.983094480852987	0.0	0.0	0.0	46.03549466908996	0.0	0.0	0.0	0.0
GSM4138110_HNSCC_1_PBMC_TTCTACATCCTTCAAT	58.63624853189283	38.92229789411282	0.28112044519455115	34.59488483844981	25.602521445751577	0.0	0.0	0.0	0.0	0.0	0.0	24.491864159032772	0.0	0.0	0.0	45.45188971096448	0.0	0.0	0.0	30.422237877174965
GSM4138110_HNSCC_1_PBMC_AAAGTAGTCGGCATCG	245.53740596091822	172.51596754748516	77.29171859061265	95.76122248516278	60.799302827552935	186.53318789748744	0.0	0.0	0.0	0.0	0.0	0.0	0.0	0.0	104.6720645543542	0.0	64.52887710426637	0.0	0.0	0.0
GSM4138110_HNSCC_1_PBMC_ACACTGATCGTACCGG	129.337228059749	143.78684682586078	45.392558610292575	83.19596436265678	27.393692189816356	0.0	0.0	22.14913480713799	0.0	0.0	91.42572354033231	0.0	0.8790642022336588	0.0	0.0	41.15994019076562	0.0	0.0	0.0	0.0
GSM4138110_HNSCC_1_PBMC_ACAGCTATCAGCACAT	246.39895032050902	137.60542503981966	169.2109407894082	0.0	37.28702780052988	0.0	0.0	113.64009396276022	0.0	0.0	0.0	179.0651650479673	0.0	0.0	0.0	0.0	0.0	0.0	0.0	0.0
GSM4138110_HNSCC_1_PBMC_ACTGAACGTTATTCTC	224.5150009780995	133.8971312573389	129.8004135189107	0.0	62.64685368954592	0.0	93.51043995271006	0.0	0.0	169.73305654054383	0.0	0.0	0.0	0.0	0.0	0.0	0.0	0.0	0.0	0.0
GSM4138110_HNSCC_1_PBMC_ACTGAGTTCAGGTAAA	223.2017076170445	115.22823253619127	0.0	91.90443650924486	53.514504374156616	138.74815194767496	0.0	82.1788347509048	0.0	0.0	0.0	0.0	0.0	0.0	0.0	0.0	0.0	0.0	0.0	0.0
GSM4138110_HNSCC_1_PBMC_ACTGCTCCAACCGCCA	251.85887844322147	115.76250970465333	147.81143016443053	0.0	35.27958934816054	96.67396547769563	70.521992945566	0.0	0.0	0.0	0.0	0.0	0.0	0.0	0.0	0.0	0.0	0.0	0.0	0.0
GSM4138110_HNSCC_1_PBMC_ACTTACTAGTGGAGAA	226.88278707609965	193.1224815428009	3.0625666656567936	157.40327379390484	70.2769208901874	0.0	0.0	0.0	0.0	59.8182752717736	0.0	65.90584669228039	21.023904861279647	0.0	0.0	0.0	139.19704344202216	70.14353175814122	0.0	0.0
GSM4138110_HNSCC_1_PBMC_ACTTGTTCAGTTCATG	204.25572507889976	298.8983457672816	30.23223357471273	117.3810807549313	67.98574848114664	238.54829456598677	195.1498755429066	0.0	0.0	0.0	17.090195185807342	0.0	0.0	0.0	0.0	0.0	0.0	0.0	0.0	0.0
GSM4138110_HNSCC_1_PBMC_AGAGTGGCAGGGATTG	140.2537784113799	133.85936758135594	60.71572399792622	31.10624452850781	0.0	0.0	0.0	118.94321952307725	84.13953866003442	91.35276718846903	3.1803421447052225	0.0	0.0	0.0	0.0	0.0	0.0	0.0	0.0	0.0
GSM4138110_HNSCC_1_PBMC_AGATCTGGTGATAAGT	176.6288340593528	96.21694607131968	159.73664222137555	0.0	0.0	47.90653941545226	0.0	0.0	55.55005303755286	0.0	0.0	0.0	0.0	0.0	90.70367610916954	0.0	0.0	0.0	37.82309139379293	0.0
GSM4138110_HNSCC_1_PBMC_AGATTGCGTATAGGGC	215.0756058019222	205.5103696519746	0.0	199.85440301778397	35.60833610409733	0.0	150.31871435531335	0.0	0.0	0.0	0.0	140.39061359259026	0.0	0.0	0.0	0.0	0.0	0.0	0.0	0.0
GSM4138110_HNSCC_1_PBMC_AGCGGTCCATGCTGGC	259.4548045925669	102.75532619724959	153.47567371385094	0.0	53.342016348464824	53.6357436798119	0.0	14.416639713927177	0.0	0.0	0.0	0.0	0.0	0.0	0.0	0.0	207.8465601545697	0.0	0.0	0.0
GSM4138110_HNSCC_1_PBMC_AGGCCACTCAGCGATT	195.08059438218646	97.46831637922553	112.8366704617858	0.0	71.05957881837828	109.08386960383663	0.0	112.35776808173857	0.0	0.0	0.0	0.0	0.0	0.0	0.0	0.0	0.0	0.0	0.0	0.0
GSM4138110_HNSCC_1_PBMC_AGTAGTCCACAGTCGC	246.91994296316716	140.54991690132158	158.70172387487167	22.874172227405758	102.2239660044306	0.0	0.0	16.160464452144517	0.0	253.6847247652159	0.0	0.0	0.0	0.0	0.0	111.99147045486386	0.0	0.0	0.0	0.0
GSM4138110_HNSCC_1_PBMC_AGTGTCATCCCTAATT	145.37789744196502	138.72009906645607	53.09546511588425	45.07412021562719	56.64327196149205	0.0	0.0	45.520153307035244	0.0	119.10483444253215	0.0	0.0	38.58093610151444	0.0	0.0	0.0	0.0	0.0	0.0	0.0
GSM4138110_HNSCC_1_PBMC_ATCCACCGTGGTTTCA	3186.841528422695	0.0	0.0	0.0	0.0	0.0	0.0	0.0	0.0	0.0	0.0	0.0	0.0	0.0	0.0	0.0	0.0	0.0	0.0	0.0
GSM4138110_HNSCC_1_PBMC_ATCGAGTGTACTTAGC	219.37379211825106	129.98421757293036	96.65702113656677	57.68190079104426	77.07434800451414	197.3764757006516	167.50337232584306	0.0	0.0	0.0	0.0	0.0	0.0	0.0	0.0	0.0	0.0	0.0	0.0	0.0
GSM4138110_HNSCC_1_PBMC_CAACTAGTCTTGAGAC	226.8804295952379	97.80224125473856	0.0	93.13361620480181	0.0	0.0	0.0	121.93639443791726	34.22825290493671	83.01961212354915	0.0	44.866845531099244	0.0	0.0	0.0	0.0	12.208184571007953	0.0	0.0	0.0
GSM4138110_HNSCC_1_PBMC_CAAGGCCTCTAGCACA	118.26906391133582	72.8594856860548	12.337887549947505	65.712621110945	40.611470466283976	0.0	77.7566597161883	0.0	0.0	36.6227779715973	1.5763814249992496	38.45553782847236	0.0	0.0	15.047175344509736	0.0	0.0	0.0	0.0	0.0
GSM4138110_HNSCC_1_PBMC_CACAAACAGGCTACGA	188.30149804240762	164.66109520051776	88.25508407628166	0.0	1.7010936368182703	0.0	0.0	0.0	43.745743341516985	171.15670072372677	0.0	0.0	89.17415519193506	0.0	0.0	0.0	10.752658727123167	0.0	0.0	0.0
GSM4138110_HNSCC_1_PBMC_CACATTTTCATTGCGA	163.83389656791252	99.83606456930396	25.278244893733405	63.90359176294806	0.0	0.4440479223805638	20.57605807139784	0.0	63.48851805516273	98.62697904265679	0.0	88.03776159515841	0.0	0.0	56.14348013604961	0.0	0.0	0.0	0.0	0.0
GSM4138110_HNSCC_1_PBMC_CAGAGAGTCAGTTAGC	266.8110025091977	175.60965546291828	157.19565075645465	32.009723289321315	76.69231857200477	0.0	109.02699680380285	0.0	0.0	34.70517679303163	41.5985074200559	0.0	0.0	0.0	0.0	0.0	0.0	0.0	0.0	39.807437010520935
GSM4138110_HNSCC_1_PBMC_CAGCTGGGTCTCCACT	258.9836314568744	138.1818983346588	156.4416644166289	0.0	79.09360355773948	0.0	0.0	0.0	0.0	0.0	0.0	118.73498238505752	93.08079447884022	0.0	0.0	0.0	0.0	54.29474336742495	0.0	0.0
GSM4138110_HNSCC_1_PBMC_CAGCTGGGTGTTTGTG	133.2715935559954	136.05294349426387	131.47157669406653	0.0	30.405106067006248	0.0	0.0	33.99746717435963	0.0	91.46056735734793	0.0	0.0	0.0	0.0	61.461934038525015	0.0	0.0	0.0	0.0	0.0
GSM4138110_HNSCC_1_PBMC_CATATGGCAGGACGTA	243.40881921802242	113.05935683772756	117.38095455383028	25.672118622716	0.0	0.0	0.0	0.0	0.0	0.0	0.0	0.0	226.0575710443886	113.30767279969321	0.0	0.0	0.0	0.0	0.0	0.0
GSM4138110_HNSCC_1_PBMC_CATATTCTCCACGTTC	177.48738506094142	101.50839303416599	111.28806058362296	0.0	40.63640106775573	101.3359762669201	135.92556229353175	5.825551693674265	0.0	0.0	0.0	0.0	0.0	0.0	0.0	0.0	0.0	0.0	0.0	0.0
GSM4138110_HNSCC_1_PBMC_CCAATCCCACGACTCG	122.70943613938992	95.91982125925654	70.66926968369069	0.0	53.34075919377925	0.0	0.0	0.0	0.0	0.0	97.08094422580784	0.0	51.39862804856449	0.0	0.0	5.230480369366897	0.0	0.0	0.0	0.0
GSM4138110_HNSCC_1_PBMC_CCTACCAGTCGGCTCA	323.67593072489194	159.34642082709254	28.38878933787932	126.72094511239895	94.82705756483865	0.0	86.16010780260389	0.0	0.0	0.0	0.0	0.0	0.0	0.0	0.771806601557603	0.0	0.0	154.4993301752887	0.0	0.0
GSM4138110_HNSCC_1_PBMC_CGAACATCAAGTTAAG	266.64364899233846	149.26708374359066	65.83166610296378	90.77474612262466	98.8946347745179	127.9673073344923	0.0	0.0	0.0	0.0	0.0	0.0	42.89461714872611	0.0	0.0	0.0	101.48985976758657	0.0	0.0	0.0
GSM4138110_HNSCC_1_PBMC_CGACCTTCATTACGAC	123.94571645195029	68.60627722508345	24.218747654040925	54.571792081448926	51.13452417789809	0.0	0.0	0.0	0.0	67.6603950697063	0.0	0.0	21.494936034483878	0.0	16.984526065380095	0.0	0.0	0.0	0.0	0.0
GSM4138110_HNSCC_1_PBMC_CGAGCACCATATACGC	269.2595070804127	174.93414453215837	191.31944782730696	0.0	51.038130228783395	71.38227323304832	0.0	0.0	0.0	127.36641953893238	0.0	0.0	199.3295007281448	0.0	0.0	0.0	0.0	0.0	0.0	0.0
GSM4138110_HNSCC_1_PBMC_CGATCGGCAACGATCT	164.21877259877053	140.63005294443252	103.53323875489613	0.0	49.57249652846083	0.0	0.0	101.45791517252015	0.0	0.0	0.0	0.0	0.0	157.85519472244604	0.0	0.0	9.583202681328176	0.0	0.0	0.0
GSM4138110_HNSCC_1_PBMC_CGATCGGGTTTGGGCC	252.09157649513432	91.99905454421811	81.44847686654315	19.59464404834381	24.751592421156857	0.0	129.1582987585938	0.0	0.0	65.5826464699974	0.0	96.62635911847444	0.0	0.0	0.0	0.0	0.0	0.0	0.0	0.0
GSM4138110_HNSCC_1_PBMC_CGCTATCCACCGAATT	288.4308918250252	190.51525575313556	213.10725663382047	0.0	50.011659061421106	0.0	0.0	0.0	0.0	0.0	125.0512916169581	0.0	62.95359136284966	0.0	21.24314968936313	0.0	85.71807143220782	0.0	0.0	0.0
GSM4138110_HNSCC_1_PBMC_CGGAGCTGTCGAACAG	233.7936686036595	205.1256949495587	151.4161968140396	0.0	75.20879812407023	179.6549946792379	0.0	80.69717583486457	0.0	0.0	0.0	0.0	3.2928422664248886	0.0	0.0	0.0	24.855121315416763	0.0	0.0	0.0
GSM4138110_HNSCC_1_PBMC_CGTTCTGGTCTAAACC	202.3787503184662	135.68505646783302	157.14070492230874	0.0	67.76003379817071	174.45840451959785	101.65485767302597	0.0	0.0	0.0	0.0	0.0	0.0	0.0	0.0	0.0	0.0	0.0	0.0	0.0
GSM4138110_HNSCC_1_PBMC_CGTTGGGGTGTGTGCC	128.56168584943833	108.08028010849195	103.33068936956498	0.0	32.999759782986786	0.0	0.0	0.0	0.0	0.0	77.59871971342082	0.0	69.87085445227329	0.0	0.0	24.263400061794933	0.0	0.0	0.0	0.0
GSM4138110_HNSCC_1_PBMC_CTAATGGCACACATGT	217.899279036709	113.43920593295348	87.56056329697712	0.0	48.16074786633076	0.0	104.43907304394968	0.0	0.0	141.13353140643093	0.0	0.0	0.0	0.0	0.0	0.0	0.0	0.0	0.0	0.0
GSM4138110_HNSCC_1_PBMC_CTACCCAGTTACCGAT	183.4397279226067	170.7439278033782	194.0207114034119	0.0	31.475407306817633	0.0	21.544630221771815	0.0	15.531159058166521	83.52030162943208	0.0	56.18817074082336	0.0	0.0	100.31869752324586	0.0	0.0	22.10130100556033	0.0	20.013745057948956
GSM4138110_HNSCC_1_PBMC_CTAGAGTCATCGGACC	290.0846624783708	100.66487842794479	123.24672013925738	0.0	58.56138248644401	0.0	44.90363612199901	2.9719660782524078	0.0	0.0	178.02616362286747	0.0	0.0	0.0	0.0	0.0	8.526016728976337	0.0	0.0	0.0
GSM4138110_HNSCC_1_PBMC_CTCTGGTGTGTTCGAT	246.15739301491342	77.33248739194231	46.71864630748456	52.533610367509546	42.528032351095455	0.0	0.0	0.0	0.0	14.121587871467346	85.38286025772888	0.0	0.0	0.0	137.1867504836046	0.0	0.0	0.0	0.0	0.0
GSM4138110_HNSCC_1_PBMC_CTGATAGCATCAGTCA	169.49581675670584	73.01890154937851	114.19865637333248	0.0	0.0	0.0	70.62320885720652	0.0	60.25466123422443	99.07421951990538	0.0	46.17697515158694	0.0	0.0	0.0	0.0	0.0	0.0	0.0	0.0
GSM4138110_HNSCC_1_PBMC_CTGTTTACAATGTAAG	259.22965549092964	219.10207951201153	52.36194826736956	39.07082502069203	58.08210781227115	0.0	116.70060896145893	0.0	0.0	168.97507807449227	0.0	0.0	0.0	0.0	0.0	0.0	0.0	0.0	0.0	0.0
GSM4138110_HNSCC_1_PBMC_GAACCTATCTCTGTCG	118.2998859850773	68.67938954734669	98.63621389742462	0.0	51.37815265179779	0.0	58.60940156574056	0.0	0.0	59.21211661119478	0.0	1.479372086519263	0.0	0.0	0.0	0.0	0.0	0.0	0.0	0.0
GSM4138110_HNSCC_1_PBMC_GATCGCGTCAGGCGAA	142.32513563008928	75.56880621368074	19.802413266895833	99.81035624483819	29.69917952701342	0.0	9.299527237532086	0.0	0.0	0.0	0.0	101.1870804221499	0.0	0.0	80.56422610188673	0.0	0.0	0.0	0.0	0.0
GSM4138110_HNSCC_1_PBMC_GATCTAGCATACAGCT	164.56319609718028	291.32702518343046	32.034243114666246	82.02363516280391	93.22993737353127	141.96650521689142	64.29759954466718	0.0	0.0	0.0	0.0	0.0	18.9285008803403	0.0	0.0	0.0	0.0	0.0	0.0	0.0
GSM4138110_HNSCC_1_PBMC_GATGAAAGTAGAAGGA	189.9632341152616	75.90812026933172	66.83967492211112	0.0	8.237430304334069	58.1232333078151	0.0	0.0	0.0	0.0	0.0	0.0	0.0	0.0	0.0	65.42010989266277	0.0	0.0	0.0	0.0
GSM4138110_HNSCC_1_PBMC_GATGAAAGTCACCCAG	270.9396546735718	157.31785964447963	200.1027706638645	0.0	40.80262048246035	0.0	0.0	96.14577163123579	0.0	200.06034780664615	11.706588394966808	0.0	0.0	0.0	0.0	0.0	0.0	0.0	0.0	0.0
GSM4138110_HNSCC_1_PBMC_GCATACACATCTGGTA	300.37521877767233	279.5564588780541	0.0	175.27249569085123	120.81807180828424	150.164086911969	172.26333292601078	0.0	0.0	59.86318269805373	0.0	0.0	0.0	0.0	0.0	0.0	0.0	0.0	0.0	0.0
GSM4138110_HNSCC_1_PBMC_GCGAGAATCGCACTCT	232.548265395632	221.99735614383277	51.47322169774926	72.2363669456364	75.48744248263252	0.0	130.37377369577433	0.0	0.0	219.66294718879323	0.0	0.0	0.0	0.0	0.0	0.0	0.0	0.0	0.0	0.0
GSM4138110_HNSCC_1_PBMC_GCGCGATAGGAGCGTT	101.8785829423851	47.02137557896142	2.26497099981909	46.35441623943967	40.84379562991045	131.6190871365179	64.49663512301974	0.0	0.0	0.0	0.0	0.0	0.0	0.0	0.0	0.0	0.0	0.0	0.0	0.0
GSM4138110_HNSCC_1_PBMC_GCTCTGTTCAGTTTGG	187.07453089849434	83.53420213730496	28.116263205796685	49.31721954791595	32.2177817617165	0.0	0.0	0.0	0.0	0.0	0.0	0.0	59.86585358860669	103.34158276045852	0.0	9.043133633725022	0.0	0.0	0.0	0.0
GSM4138110_HNSCC_1_PBMC_GCTGCGAGTCTAGTCA	214.4622001093109	180.53064412856267	68.26275827398719	52.233370508834206	0.0	0.0	0.0	0.0	0.0	135.29387565970617	0.0	0.0	33.14394371952595	0.0	0.7792509484197905	0.0	0.0	0.0	93.51759175558628	0.0
GSM4138110_HNSCC_1_PBMC_GGCTCGATCAGGCGAA	155.39693478188516	100.35399175356208	23.644562580556514	89.65719479911036	30.06158020416692	0.0	0.0	0.0	0.0	0.8492790082537055	119.55186038212837	0.0	0.0	0.0	0.0	0.0	68.69282295485279	0.0	0.0	0.0
GSM4138110_HNSCC_1_PBMC_GGGAATGTCTTCCTTC	0.0	0.0	0.0	0.0	0.0	0.0	0.0	0.0	0.0	158.90540869549335	146.75360026442408	3064.707611222062	0.0	53.73899177052833	0.0	0.0	0.0	0.0	0.0	0.0
GSM4138110_HNSCC_1_PBMC_GGGCACTTCGTAGGTT	248.42331711534823	106.11175646262457	0.0	124.56702727789634	60.78053104974011	0.0	0.0	63.937556257980084	0.0	0.0	0.0	0.0	0.0	0.0	0.0	0.0	0.0	157.10123830067724	0.0	0.0
GSM4138110_HNSCC_1_PBMC_GTAGGCCAGTACTTGC	185.68712634955193	150.22348697057635	4.577655915712637	107.6177353889195	25.14786946101191	41.40168058383379	92.2798671484009	0.0	0.0	111.15262819406557	0.0	0.0	0.0	0.0	0.0	0.0	0.0	0.0	0.0	0.0
GSM4138110_HNSCC_1_PBMC_GTCACAATCTATCGCC	250.45398097000094	138.1235019231161	216.96904251482482	0.0	29.372759215213478	0.0	0.0	0.0	0.0	0.0	109.72342910022753	0.0	0.0	28.151847641829782	136.00738313858116	0.0	0.0	0.0	0.0	0.0
GSM4138110_HNSCC_1_PBMC_GTCTCGTAGTAGCGGT	190.03671251928077	95.18009722410952	75.6246040257217	35.01393630719232	41.395483088594354	0.0	0.0	0.0	0.0	0.0	2.18688696880825	0.0	99.22239111281142	90.91748046603904	0.0	0.0	0.0	0.0	0.0	0.0
GSM4138110_HNSCC_1_PBMC_GTGCAGCTCTGTCTAT	263.680661412845	215.55432933837162	0.0	194.02909671380942	108.98736295127425	0.0	0.0	0.0	0.0	0.0	0.0	0.0	0.0	0.0	0.0	0.0	111.79585885125805	291.0445421326964	0.0	0.0
GSM4138110_HNSCC_1_PBMC_GTGCATAGTACGCTGC	218.8275781898854	102.20353070006973	0.0	146.95849706324114	67.70522177312141	136.13302382589157	0.0	0.0	0.0	0.0	0.0	0.0	0.0	0.0	0.0	0.0	71.40157002344618	0.0	0.0	0.0
GSM4138110_HNSCC_1_PBMC_GTGCTTCAGTACGATA	144.27951873122046	166.40527119548608	108.93354314269162	0.0	27.019452345511215	0.0	0.0	103.31990357134296	0.0	0.0	0.0	0.0	0.0	0.0	0.0	0.0	0.0	0.0	0.0	133.35201627270618
GSM4138110_HNSCC_1_PBMC_TACAGTGCAATGACCT	155.31750653830068	107.23741153915238	70.80861760493234	9.954531577809677	0.0	92.55578758186213	0.0	0.0	86.03406276195966	0.0	0.0	0.0	0.0	0.0	96.2800115531731	0.0	0.0	0.0	0.0	0.0
GSM4138110_HNSCC_1_PBMC_TACTCATAGATCACGG	323.27089320735945	116.58902000533462	48.01584629871022	87.8731935864159	88.04279154722629	0.0	96.60792878904579	0.0	0.0	127.87131270547081	0.0	45.92792952714363	0.0	0.0	0.0	0.0	0.0	0.0	0.0	0.0
GSM4138110_HNSCC_1_PBMC_TACTCGCGTAAGGATT	157.34641811604922	204.25076986759873	83.75313988219226	27.720524825795874	13.323293829883003	0.0	35.11165455710199	23.913810599109066	0.0	0.0	0.0	135.15477764361458	0.0	0.0	0.0	27.639338536276153	0.0	0.0	90.95114242658853	14.447732403125757
GSM4138110_HNSCC_1_PBMC_TACTTGTCAAGTTAAG	200.45623583002387	161.53086607896216	131.2909737652037	0.0	0.0	0.0	0.0	0.0	16.9232295923948	70.2309280805995	0.0	122.87515599876218	131.35267769631508	0.0	0.0	0.0	0.0	0.0	80.99782538036314	0.0
GSM4138110_HNSCC_1_PBMC_TATCTCAAGGTGTGGT	135.23067085306224	90.25926436133547	77.88524504631766	20.635489470114493	0.0	0.0	0.0	0.0	36.552126702876144	0.0	0.0	123.8731612043148	0.0	0.0	0.0	85.5884098696258	0.0	0.0	0.0	0.0
GSM4138110_HNSCC_1_PBMC_TCAGCTCCACCCATTC	307.16759933046416	187.31198161842255	292.4169253595723	0.0	84.85650375168045	0.0	0.0	0.0	0.0	0.0	125.85113647225553	0.0	0.0	0.0	0.0	141.7781050267858	0.0	0.0	0.0	0.0
GSM4138110_HNSCC_1_PBMC_TCGCGTTCAGCTGCTG	165.2879266687089	137.36198870447183	87.71502637064863	0.0	53.211269913373876	0.0	0.0	52.447106112552305	0.0	116.42830531723803	0.0	0.0	0.0	0.0	0.0	0.0	0.0	0.0	0.0	0.0
GSM4138110_HNSCC_1_PBMC_TCGGGACAGCTAGTTC	253.8783435748208	151.10681136706455	0.0	120.4174019867643	56.88539805321056	0.0	84.23042137376628	0.0	0.0	0.0	148.4970925132964	0.0	0.0	0.0	0.0	0.0	0.0	0.0	0.0	0.0
GSM4138110_HNSCC_1_PBMC_TCTTCGGAGTCATCCA	169.24256046793747	148.9842294857097	0.0	104.07370744922639	57.41484197898167	0.0	110.73993282524675	0.0	0.0	150.1577207608254	0.0	0.0	0.0	0.0	0.0	0.0	0.0	0.0	0.0	0.0
GSM4138110_HNSCC_1_PBMC_TGAGAGGGTCCCTACT	281.9837966725807	101.66714000974393	0.0	65.7744105129859	50.54854249677473	0.0	0.0	0.0	0.0	236.2585906720093	0.0	0.0	292.33806124014814	0.0	0.0	0.0	0.0	0.0	0.0	0.0
GSM4138110_HNSCC_1_PBMC_TGATTTCGTTAAAGTG	342.4430195778819	218.91133631062317	161.17150750448764	127.02326137218785	66.77972391479608	142.06963463752066	79.90112069230943	0.0	0.0	0.0	0.0	0.0	0.0	0.0	0.0	0.0	0.0	0.0	0.0	0.0
GSM4138110_HNSCC_1_PBMC_TGCCAAATCATGTCCC	259.37058493717706	131.49227187121332	113.8052813373376	0.0	0.0	120.51232085371863	0.0	0.0	69.52148392820148	0.3367020241149191	0.0	0.0	0.0	0.0	123.49640739365702	0.0	0.0	0.0	0.0	0.0
GSM4138110_HNSCC_1_PBMC_TGTATTCAGAATGTTG	291.9509630869482	222.33673212202712	86.63125753333816	5.4882243084395865	0.0	0.0	0.0	0.0	0.0	73.0943427621266	15.732594371968613	10.680338154629254	0.0	0.0	134.0243372484465	0.0	0.0	0.0	85.48160762021003	0.0
GSM4138110_HNSCC_1_PBMC_TGTCCCAGTTCAGGCC	144.86668408068005	106.45079167648689	0.0	143.54826523432237	0.0	0.0	0.0	36.53398716063319	0.0	101.01525403979421	49.61203905726168	0.0	0.0	0.0	0.0	0.0	0.0	0.0	68.24815902356207	0.0
GSM4138110_HNSCC_1_PBMC_TTGCCGTCAATAGCGG	192.06500287743737	144.93284778708733	15.144945196847697	75.32037955914396	53.653774472105106	0.0	82.82573901148933	0.0	0.0	113.47665867657767	0.0	70.63743734199181	36.74894412373964	0.0	0.0	0.0	0.0	0.0	0.0	0.0
GSM4138110_HNSCC_1_PBMC_TTTATGCAGACTGGGT	203.51841404409836	107.77731109228415	0.0	143.45564934413227	37.644496263874544	0.0	0.0	0.0	0.0	93.87341586950322	0.0	0.0	0.0	0.0	0.0	0.0	59.98070604082358	0.0	0.0	0.0
GSM4138110_HNSCC_1_PBMC_AACGTTGAGTTTAGGA	106.88480302138514	65.0360559067208	0.0	54.207054064380024	58.50122488874281	94.1817989703041	79.29408005322462	0.0	0.0	0.0	0.0	0.0	0.0	0.0	0.0	0.0	0.0	0.0	0.0	0.0
GSM4138110_HNSCC_1_PBMC_AAGGCAGCAATCACAC	84.31147989748351	166.51446956917164	0.0	10.282579428614243	0.0	0.0	0.0	0.0	23.418235061936016	0.0	73.52052400763455	0.0	0.0	0.0	0.0	53.22377665241961	0.0	0.0	20.18547240746608	0.0
GSM4138110_HNSCC_1_PBMC_ACTGATGTCAATAAGG	76.21368025425188	48.20125881104221	54.25159568182715	4.8712550293691	0.0	37.632148111812	0.0	0.0	31.017104798181208	0.0	0.0	0.0	0.0	0.0	42.0210950117821	0.0	0.0	0.0	0.0	0.0
GSM4138110_HNSCC_1_PBMC_AGCAGCCAGGCCCTCA	113.24583159553838	43.01966873060472	0.0	60.35861436019036	0.0	0.0	0.0	0.0	81.363649805147	0.0	35.484731040067096	0.0	98.27513153207471	25.48465094026022	0.0	0.0	0.0	0.0	0.0	0.0
GSM4138110_HNSCC_1_PBMC_CATATTCCATATGAGA	106.45104686567235	92.7290631007236	26.36129424827375	0.0	29.76625921599845	76.83554532376448	0.0	0.0	60.71515977456212	0.0	0.0	0.0	71.05879013411791	0.0	0.0	0.0	0.0	0.0	0.0	0.0
GSM4138110_HNSCC_1_PBMC_CCTCAGTCAACTGCGC	53.35469552620227	57.98721646305219	42.25960675120446	0.0	35.36839963339648	24.543051559571282	0.0	110.77329396725942	0.0	0.0	0.0	0.0	0.0	0.0	0.0	0.0	0.0	0.0	0.0	0.0
GSM4138110_HNSCC_1_PBMC_CGGTTAACACCTCGTT	50.01883058912509	33.669746293478376	97.16578353093142	0.0	28.513068939752223	48.09854794091934	37.84431014638872	0.0	0.0	0.0	0.0	0.0	0.0	0.0	0.0	0.0	0.0	0.0	0.0	0.0
GSM4138110_HNSCC_1_PBMC_CGTGTAATCTCCAGGG	48.988687016127585	57.358127810191114	17.559530429835362	27.493430651180528	19.901595715508297	7.0192789717954	0.0	2.9790401572692424	0.0	0.0	20.650448160559016	0.0	20.589989316149737	0.0	0.0	23.5457970150236	0.0	0.0	0.0	0.0
GSM4138110_HNSCC_1_PBMC_CGTTGGGTCAGTGCAT	67.40311104220714	46.79001917076845	37.57225589789057	0.0	0.0	0.0	21.488730274705905	0.0	32.828477593485914	78.91445545419124	0.0	0.0	42.09818349898223	0.0	0.0	0.0	0.0	0.0	0.0	0.0
GSM4138110_HNSCC_1_PBMC_CTAGAGTAGCTATGCT	106.31847558967175	89.75940861713295	10.302397651367917	75.90158059646188	8.872757598132571	78.40185435083971	68.78299765363212	0.0	42.82181741606458	0.0	0.0	0.0	0.0	0.0	22.543522920200257	0.0	0.0	0.0	0.0	0.0
GSM4138110_HNSCC_1_PBMC_GCATACATCGTTACAG	76.69309792535343	52.786331877755	10.437019956618977	33.529317013484025	39.089838837421865	31.503429062572078	0.0	0.0	1.836708526060593	0.0	0.0	0.0	0.0	0.0	45.67025848957219	0.0	0.0	0.0	0.0	0.0
GSM4138110_HNSCC_1_PBMC_AAACGGGCAGTATCTG	57.2921904655733	45.343045471008224	21.154079762912914	12.41482722455239	150.57175164498554	52.233436303555315	0.0	24.31494818867114	0.0	0.0	0.0	0.0	0.0	0.0	0.0	0.0	0.0	0.0	0.0	0.0
GSM4138110_HNSCC_1_PBMC_AAAGATGTCTGATTCT	73.64146089152935	85.23561639249444	46.78986618922167	3.848939085292187	11.44280556888826	0.0	0.0	0.0	16.94843240182588	26.570536231002745	0.0	44.371377917739196	0.0	0.0	0.0	0.0	101.60579700258388	11.541930173250778	0.0	0.0
GSM4138110_HNSCC_1_PBMC_AAAGTAGGTAGCGCTC	123.50748057763572	35.84648165711595	40.1873080660872	0.0	0.0	80.47725426265238	0.0	0.0	0.0	0.0	0.0	0.0	0.0	0.0	0.0	29.779338938909877	0.0	0.0	33.82228746665732	0.0
GSM4138110_HNSCC_1_PBMC_AACTCAGGTGGTCTCG	69.25728154804256	62.66960434825893	0.0	34.59232911140099	0.0	0.0	0.0	0.0	56.85235638347516	0.0	33.51690239225136	0.0	70.66776806099783	0.0	0.0	0.0	0.0	0.0	0.0	0.0
GSM4138110_HNSCC_1_PBMC_AACTCCCTCCAATGGT	82.77395572595235	61.286454529032895	48.92401303236193	26.935925280866822	60.39932365714454	79.6096616674573	0.0	103.8393961444974	0.0	0.0	0.0	0.0	0.0	0.0	0.0	0.0	0.0	0.0	0.0	0.0
GSM4138110_HNSCC_1_PBMC_AACTCTTAGTGGGTTG	91.8369116955776	74.73578575951107	43.31859832852374	0.0	49.26574739918405	6.006099693762758	0.0	68.48461579213588	0.0	0.0	0.0	57.757552834552435	0.0	0.0	0.0	0.0	0.0	0.0	0.0	0.0
GSM4138110_HNSCC_1_PBMC_AACTCTTGTCACACGC	167.72331604334565	3.6567355898745633	20.16024243891201	39.26491285091336	0.0	0.0	16.53950533073552	0.0	24.041091206130826	0.0	10.365831221363349	0.0	20.690625308317937	28.352416290396786	0.0	0.0	0.0	0.0	0.0	0.0
GSM4138110_HNSCC_1_PBMC_AACTTTCAGAAGGTTT	90.61980380674993	103.72764900994882	24.23803858217289	66.81761829949363	39.65741519569431	0.0	0.0	49.980729426522196	0.0	0.0	2.0542222749536454	0.0	0.0	46.61863679291194	0.0	0.0	0.0	0.0	0.0	0.0
GSM4138110_HNSCC_1_PBMC_AAGGAGCTCCTTTCGG	98.08213899819272	128.59848361956688	89.6531372832786	22.882279234285473	53.70546136707405	0.0	73.37521915177598	0.0	0.0	0.0	63.96779768712901	0.0	0.0	0.0	0.0	0.0	0.0	0.0	0.0	0.0
GSM4138110_HNSCC_1_PBMC_AATCCAGAGTGCTGCC	120.10998170076006	100.38606443216733	6.692845179933433	46.29449564372537	56.526842559231284	60.81650895879312	0.0	0.0	0.0	0.0	0.0	0.0	70.75072429366047	0.0	0.0	0.0	0.0	0.0	0.0	0.0
GSM4138110_HNSCC_1_PBMC_AATCGGTGTCTAGCCG	92.75159983278141	55.61977297833299	66.52493979796282	0.0	104.75950463938528	95.48179963936657	0.0	88.66343512326779	0.0	0.0	0.0	0.0	0.0	0.0	0.0	0.0	0.0	0.0	0.0	0.0
GSM4138110_HNSCC_1_PBMC_ACACCCTCATCTACGA	120.30403367935777	56.05075332720176	11.919644031336661	0.0	0.0	0.0	0.0	61.16538635330535	33.95253685466337	0.0	43.76323431577546	0.0	0.0	0.0	0.0	0.0	0.0	0.0	0.0	0.0
GSM4138110_HNSCC_1_PBMC_ACACCGGCACCATGTA	199.81467551343636	180.18452401617884	193.54798549871848	0.0	0.0	0.0	0.0	0.0	192.72462949824006	0.0	0.0	109.28591457910537	140.04076718937264	0.0	0.0	0.0	0.0	0.0	0.0	0.0
GSM4138110_HNSCC_1_PBMC_ACATCAGAGCGTTCCG	200.25518069299062	100.84158438219568	53.50959183830948	90.26421557092529	54.185854845520765	0.0	0.0	0.0	12.27218210434764	0.0	155.06839780101765	0.0	86.07788889179662	0.0	0.0	0.0	0.0	0.0	0.0	0.0
GSM4138110_HNSCC_1_PBMC_ACCCACTCAATGTAAG	56.44700828208991	50.32137807580548	0.0	17.57267163899372	0.0	0.0	2.8301677881505225	0.0	12.4174584005651	0.0	50.89019888791277	0.0	45.99637119382403	0.0	0.0	0.0	0.0	0.0	0.0	0.0
GSM4138110_HNSCC_1_PBMC_ACCCACTGTAAGTGTA	83.00892530627212	40.967823007195875	75.5291573504835	0.0	12.324118148018218	76.45977478690351	0.0	0.0	43.23796926035907	0.0	0.0	0.0	44.9161800882106	0.0	0.0	0.0	0.0	0.0	0.0	0.0
GSM4138110_HNSCC_1_PBMC_ACCTTTATCATAACCG	107.63037170127116	68.42242250562616	88.80097154089634	0.0	0.0	0.0	0.0	0.0	53.29420715460165	49.59466655844856	57.84693020472645	0.0	0.0	0.0	77.89972693942566	0.0	0.6490336943385313	0.0	0.0	0.0
GSM4138110_HNSCC_1_PBMC_ACGAGCCAGGTGTGGT	54.37206217762576	46.1766128662391	0.0	35.81985315339418	0.0	0.0	0.0	42.441242344299575	39.332629846686935	0.0	71.35980109593403	0.0	0.0	34.432546395235676	0.0	0.0	0.0	0.0	0.0	0.0
GSM4138110_HNSCC_1_PBMC_ACGATACCATATGAGA	97.05750808021381	28.08961455191607	36.43278790808221	10.253691263566768	0.0	0.0	21.19456410923856	0.0	26.74533176989516	0.0	39.37760994538085	0.0	34.335095166844994	0.0	0.0	0.0	0.0	0.0	0.0	0.0
GSM4138110_HNSCC_1_PBMC_ACGATACTCTGATTCT	95.09203837724665	34.16415762928125	0.0	24.864795095038478	0.0	0.0	0.0	0.0	58.581177060577204	0.0	54.515613432537364	0.0	64.79469769222749	0.0	0.0	0.0	0.0	0.0	0.0	0.0
GSM4138110_HNSCC_1_PBMC_ACGATGTCAGGCAGTA	100.83450156620376	40.05366581725716	36.136989158299144	0.0	33.84184454461922	0.0	0.0	73.02180457722694	0.0	0.0	0.0	0.0	0.0	51.958080968945985	0.0	0.0	0.0	0.0	0.0	0.0
GSM4138110_HNSCC_1_PBMC_ACGCAGCGTAGAGCTG	62.02532957546091	37.43268208093858	0.0	93.8936922864219	13.036724974324597	0.0	60.1561915072817	0.0	0.0	30.068254617666735	0.0	0.0	0.0	0.0	0.0	0.0	0.0	0.0	0.0	0.0
GSM4138110_HNSCC_1_PBMC_ACGCCGAAGGTAGCTG	72.23270997563142	103.70132564177715	9.91352998793399	27.892365777291925	35.56457298570689	23.63217315474627	0.0	21.928961046262987	0.0	0.0	0.0	0.0	0.0	0.0	0.0	0.0	0.0	0.0	0.0	0.0
GSM4138110_HNSCC_1_PBMC_ACGGGCTGTGATAAAC	71.44295082337165	44.265045139277824	56.98761612693841	16.608681795228684	0.0	0.0	0.0	0.0	30.344238101247715	0.0	103.1382479827814	0.0	0.0	0.0	68.4412229690671	0.0	0.0	0.0	0.0	0.0
GSM4138110_HNSCC_1_PBMC_ACGTCAACATCACGAT	91.34940306251845	38.85123975015842	86.57253947820628	0.0	34.421152946861824	0.0	23.922640858581303	0.0	0.0	16.308017356095757	0.0	0.0	0.0	0.0	0.0	0.0	0.0	0.0	0.0	0.0
GSM4138110_HNSCC_1_PBMC_ACTATCTAGGAATTAC	113.59464919448367	193.68694177388173	34.21525194838645	78.75359308144265	59.00357094117059	0.0	129.33202158422154	0.0	0.0	0.0	0.0	0.0	0.0	75.16328953895867	0.0	0.0	0.0	0.0	0.0	0.0
GSM4138110_HNSCC_1_PBMC_ACTGATGTCGTTACGA	196.79234463182846	122.74369848149475	0.0	168.1421762428102	77.14668154823106	0.0	71.8434428843118	0.0	0.0	0.0	0.0	0.0	0.0	0.0	0.0	0.0	0.0	39.631929278099626	0.0	0.0
GSM4138110_HNSCC_1_PBMC_ACTTACTAGATAGGAG	58.57448900256271	113.97899093820894	47.16911968724649	0.0	61.8284562271634	0.0	43.87833057214434	0.0	0.0	8.498268018521369	0.0	0.0	0.0	0.0	0.0	0.0	0.0	28.04677905423109	0.0	21.09247720115204
GSM4138110_HNSCC_1_PBMC_ACTTGTTTCCACGACG	76.4115826863701	108.03028618479335	28.383510683235723	65.5426607804832	20.339653506027034	0.0	0.0	0.0	0.0	0.0	79.50018198735874	0.0	31.632743491541465	0.0	3.8295262398659435	0.0	2.700901304780166	0.0	22.19711510952818	0.0
GSM4138110_HNSCC_1_PBMC_ACTTTCATCGTCACGG	116.25081393632085	60.67941166069052	113.82224389341917	0.0	18.270129059422512	23.441035944204554	1.6699708810477407	52.4375719980381	0.0	0.0	0.0	0.0	0.0	0.0	0.0	0.0	0.19009022679354784	0.0	0.0	0.0
GSM4138110_HNSCC_1_PBMC_AGATTGCTCATGCTCC	102.73234637818538	71.72279084903947	0.0	76.48760273039628	0.0	0.0	130.81796142944125	0.0	42.42652368454099	0.0	0.0	62.17365020041511	0.0	0.0	0.0	0.0	0.0	0.0	0.0	0.0
GSM4138110_HNSCC_1_PBMC_AGATTGCTCCTAGAAC	148.11396400622704	29.0161725070759	50.763116728159346	0.0	0.0	0.0	31.492315950807782	32.35974122026898	0.0	0.0	22.053352842756446	0.0	0.0	0.0	63.5991030366362	0.0	0.0	0.0	0.0	0.0
GSM4138110_HNSCC_1_PBMC_AGCAGCCTCACTCTTA	92.56310407195825	57.92644600371984	1.9407256404259756	33.067811381206994	41.968285898353194	0.0	0.0	0.0	0.0	0.0	0.0	44.84517552031418	49.41673108476637	0.0	0.0	0.0	0.0	8.950453158059503	0.0	0.0
GSM4138110_HNSCC_1_PBMC_AGCCTAAAGCGTGAAC	240.50458655436586	96.52262500134394	3.3483069114284616	77.9812096894188	47.29391323161609	59.14971452294671	0.0	93.89686554199895	0.0	0.0	0.0	21.67687476273829	0.0	0.0	0.0	0.0	0.0	0.0	0.0	0.0
GSM4138110_HNSCC_1_PBMC_AGCCTAAGTCTCATCC	45.55963873275831	17.269577185293212	0.0	52.41766050250166	0.0	0.0	0.0	17.788534734116222	0.0	102.56079968912482	0.0	0.0	0.0	0.0	0.0	0.0	0.0	0.0	21.20517498137581	0.0
GSM4138110_HNSCC_1_PBMC_AGCGTATAGCCAGTTT	95.84837466487326	60.01380860872414	5.923251661956116	27.27651678415176	45.430395896226436	0.0	0.0	102.37073245864373	0.0	0.0	0.0	62.289642817495945	0.0	0.0	0.0	0.0	0.0	0.0	0.0	0.0
GSM4138110_HNSCC_1_PBMC_AGCGTCGAGCGCTCCA	74.258514673361	77.11887513137596	0.0	52.37173686784594	0.0	32.84915307302051	0.0	49.76621180639421	43.790807073332736	0.0	0.0	0.0	0.0	0.0	0.0	2.183318171931175	0.0	0.0	0.0	0.0
GSM4138110_HNSCC_1_PBMC_AGCTCCTGTATCACCA	159.23212081365617	122.77767501400571	106.81776400192402	0.0	50.258371001437055	0.0	0.0	155.11324164442678	0.0	0.0	72.81289323257265	0.0	0.0	17.87351159645279	0.0	0.0	0.0	0.0	0.0	0.0
GSM4138110_HNSCC_1_PBMC_AGCTCTCAGTCGTTTG	143.12401091719693	84.96488613342243	95.64095508821634	13.933598941570805	25.653226536870772	0.0	19.992857408238667	0.0	23.34962666155395	0.0	0.0	95.82084221529112	8.761155287102333	0.0	0.0	36.81170988796815	0.0	0.0	0.0	0.0
GSM4138110_HNSCC_1_PBMC_AGCTTGAAGACTGGGT	117.15022089359631	41.78611503065117	38.767895581060095	40.10198915182016	0.0	0.0	2.224301045883068	38.623147582698856	0.0	47.79670974635309	15.919517796410457	0.0	25.436500316070063	0.0	0.0	0.2595358648554149	0.0	0.0	38.53761674419188	0.0
GSM4138110_HNSCC_1_PBMC_AGGCCGTAGACTACAA	136.43166593975639	73.84158976048984	33.16547800009505	29.479768651707868	57.04027425980831	87.44587138849981	0.0	27.317796756066066	0.0	0.0	0.0	0.0	39.334799900426674	0.0	0.0	0.0	0.0	0.0	0.0	0.0
GSM4138110_HNSCC_1_PBMC_AGGGATGAGACCCACC	64.74453328746193	61.322815716694244	0.0	58.31644414859528	41.03108252778805	51.07557791821606	0.0	0.0	0.0	0.0	0.0	0.0	0.0	0.0	0.0	0.0	75.76945430216358	0.0	0.0	0.0
GSM4138110_HNSCC_1_PBMC_AGGGATGCATGTTCCC	96.12263862968194	93.69882258790031	67.98955588124208	8.932792477893448	0.0	80.55180093083582	26.181128163330133	0.0	46.29433213090693	0.0	0.0	0.0	62.2946765154556	0.0	0.0	0.0	0.0	0.0	0.0	0.0
GSM4138110_HNSCC_1_PBMC_AGTAGTCGTCAATGTC	72.04428009144634	43.84440606440974	0.0	78.15274308470369	47.072387978156634	44.25041009156778	15.195628175968006	0.0	0.15723851239797684	0.0	0.0	0.0	41.86133028306642	0.0	0.0	0.0	0.0	0.0	0.0	0.0
GSM4138110_HNSCC_1_PBMC_AGTAGTCGTCCGAAGA	107.37080504972927	90.24553831151862	0.0	41.42488131917354	30.055679627060858	0.0	77.8470698344026	0.0	0.0	0.0	29.34463592300419	0.0	0.0	36.29504844256607	0.0	0.0	0.0	0.0	0.0	0.0
GSM4138110_HNSCC_1_PBMC_AGTGGGAAGGAGCGAG	144.04643981995466	109.46164917927493	59.22529069743941	22.373347507476254	120.5366171634473	64.52012809170853	8.072364134719939	94.86621714128275	0.0	47.781763532663156	0.0	0.0	0.0	0.0	0.0	0.0	0.0	0.0	0.0	0.0
GSM4138110_HNSCC_1_PBMC_AGTGTCAGTACCGGCT	96.16303262312074	68.51866097599968	46.923350386778196	2.1637945343310987	5.7242922341762785	0.0	0.0	11.71991114106997	0.0	0.0	0.0	0.0	0.0	0.0	0.0	0.0	147.51786268535795	24.723565460388976	0.0	97.23681762350114
GSM4138110_HNSCC_1_PBMC_ATAAGAGAGCTGATAA	47.14884281468705	36.122332535813875	36.11322701006353	0.0	0.0	0.0	0.0	86.20416664898674	0.0	0.0	0.0	0.0	0.0	18.526785249714464	0.0	0.0	0.0	0.0	27.65303032946694	0.0
GSM4138110_HNSCC_1_PBMC_ATCACGAGTCAAACTC	66.26067096650229	82.04705835901662	23.848939785856732	50.98479747568767	0.0	0.0	0.0	0.0	12.735887551426481	0.0	0.0	0.0	0.0	63.698212741530476	44.2593176699343	0.0	0.0	0.0	0.0	0.0
GSM4138110_HNSCC_1_PBMC_ATCATCTTCTGTGCAA	75.09060557166343	47.2666394981829	66.21115740343431	0.0	30.132794594602736	0.0	0.0	48.31336685333675	22.90207103371471	0.0	9.30449685386265	0.0	0.0	32.30361775725059	0.0	0.0	0.0	0.0	0.0	0.0
GSM4138110_HNSCC_1_PBMC_ATCATGGGTCACTGGC	157.71860225886587	97.9974754430055	50.918677027393805	0.0	56.66620480550298	0.0	0.0	0.0	0.0	0.0	0.0	0.0	0.0	88.93895660396177	0.0	65.54904576111586	0.0	0.0	0.0	0.0
GSM4138110_HNSCC_1_PBMC_ATCTGCCCATACGCCG	86.20673668850125	74.14370229517863	18.750192609040024	11.15044868993407	0.0	0.0	67.4622343948551	0.0	0.0	0.0	0.0	41.25597831672973	0.0	0.0	0.0	0.0	0.0	0.0	67.13701568480306	2.0690881379824018
GSM4138110_HNSCC_1_PBMC_ATGAGGGAGTGTACGG	92.20542409250672	74.12037545530315	6.707200652748794	80.65730858144558	52.312396517133976	100.3054650839295	0.0	22.253007123651628	0.0	0.0	0.0	0.0	0.0	0.0	0.0	27.90374733062178	0.0	0.0	0.0	0.0
GSM4138110_HNSCC_1_PBMC_ATGGGAGAGACCCACC	196.24766095307476	127.42866303373053	53.08708684927391	105.03363657258731	135.05820496179345	95.62733499593362	50.26086224035862	0.0	0.0	0.0	10.337861028515235	39.99494441770657	0.0	0.0	0.0	0.0	33.00419224405726	0.0	0.0	0.0
GSM4138110_HNSCC_1_PBMC_ATGTGTGTCCAGTAGT	62.147974990987045	52.59197447462375	18.397729715023306	0.0	0.0	76.15856484695173	0.0	0.0	0.0	0.0	0.0	0.0	0.0	0.0	56.725593780018976	0.0	0.0	0.0	28.578759166173295	0.0
GSM4138110_HNSCC_1_PBMC_ATTATCCAGCGCCTTG	98.46019147609172	94.63845438916013	79.28942053941392	0.0	0.0	0.0	73.56941658993308	0.0	74.07105498182554	0.0	0.0	76.64833929930677	0.0	0.0	0.0	0.0	0.0	0.0	0.0	0.0
GSM4138110_HNSCC_1_PBMC_ATTCTACAGATGTCGG	88.94339929176428	76.38378356470312	0.0	83.89343692997646	27.113813573414745	0.0	0.0	0.0	23.246247927868726	3.470519263579666	0.0	63.03373338515969	0.0	0.0	57.16366693103559	0.0	0.0	0.0	0.0	0.0
GSM4138110_HNSCC_1_PBMC_ATTGGACAGAAGGCCT	45.366924988639575	60.070252587377645	19.79910085339312	13.940723357087798	0.0	35.1252280093406	0.0	38.13633864431952	48.463703659216954	0.0	0.0	0.0	0.0	0.0	0.0	0.0	0.0	7.762109904668077	0.0	0.0
GSM4138110_HNSCC_1_PBMC_ATTGGTGCACAGGAGT	120.44382623368739	103.68048905703957	0.0	44.52416418411231	35.232836321945804	0.0	46.044173921148676	0.0	0.0	0.0	0.0	0.0	0.0	86.3826939979478	0.0	0.0	0.0	0.0	0.0	0.0
GSM4138110_HNSCC_1_PBMC_CAACCTCTCTAAGCCA	115.34868997482312	69.7032792881042	0.0	52.66960868646037	0.0	28.442625792433375	7.986867627248417	0.0	51.02908412880354	0.0	0.0	0.0	20.97680992127518	0.0	0.0	0.0	0.0	0.0	0.0	0.0
GSM4138110_HNSCC_1_PBMC_CAACTAGGTGTCCTCT	108.87139966239539	73.7693551068324	0.0	60.89933520689932	0.0	41.59298002538089	0.0	30.75940554222198	57.181053141540644	0.0	0.0	0.0	0.0	16.808350826860313	14.101962486146087	0.0	0.0	0.0	0.0	0.0
GSM4138110_HNSCC_1_PBMC_CAACTAGTCAAGATCC	40.15074657983675	14.45628889956177	66.41556647090957	0.0	0.0	0.0	0.0	0.0	32.187429606300334	0.0	0.0	0.0	0.0	81.93231689563382	65.55009200357759	0.0	0.0	0.0	0.0	0.0
GSM4138110_HNSCC_1_PBMC_CAAGAAATCACAAACC	44.86433927369077	43.30341140977373	119.81804280879805	0.0	31.157116251240865	0.0	0.0	0.0	0.0	0.0	0.0	0.0	0.0	2.431117575080924	0.0	31.8238665671766	0.0	34.04097150086975	0.0	0.0
GSM4138110_HNSCC_1_PBMC_CAAGTTGCATGTTCCC	141.07893440306879	123.80930181441592	120.60957597699917	0.0	0.0	92.53307224854348	83.50816450361656	0.0	71.40182216114066	0.0	0.0	0.0	0.0	0.0	0.0	0.0	0.0	0.0	0.0	0.0
GSM4138110_HNSCC_1_PBMC_CACACTCTCAAGATCC	110.92321590416792	103.64849164528556	3.6609996284722928	43.918015394757454	76.14918714345085	0.0	7.185231010866684	51.990069701172	0.0	13.056770765156656	78.73908034779652	0.0	0.0	0.0	1.9964856434929996	0.0	0.0	0.0	0.0	0.0
GSM4138110_HNSCC_1_PBMC_CACAGGCTCCGCGTTT	73.96386021104372	60.374672127489525	0.0	34.32137405926769	55.93301066003624	0.0	0.0	19.29680982035432	0.0	0.0	0.0	0.0	0.0	96.30819838119642	0.0	65.26078092816255	0.0	0.0	0.0	0.0
GSM4138110_HNSCC_1_PBMC_CACAGTAAGTTACCCA	66.23555602348897	46.38642432377047	13.11313515703963	67.68299999518588	3.771931985045229	0.0	88.65020423685081	0.0	39.961188612578425	101.21292962918767	0.0	0.0	0.0	0.0	0.0	0.0	0.0	0.0	0.0	0.0
GSM4138110_HNSCC_1_PBMC_CACATTTAGTAGCGGT	102.24216752109909	38.9115205046126	41.941447323222484	16.541141766714432	34.399276368163164	49.166072605085425	0.0	41.42829782687654	0.0	0.0	0.0	0.0	0.0	5.613193871151975	0.0	33.153232798797205	0.0	0.0	0.0	0.0
GSM4138110_HNSCC_1_PBMC_CACCACTTCCGCGGTA	52.80447098607308	122.23679446907666	75.78441851497692	0.0	17.512156633642984	0.0	0.0	0.0	0.0	34.62209569741242	0.0	0.0	29.610329526159433	0.0	0.0	0.0	0.0	0.0	0.0	0.0
GSM4138110_HNSCC_1_PBMC_CAGAGAGAGCCACTAT	70.37872490584121	35.72624072193668	23.70966589286081	18.77399654558867	82.05406597067756	0.0	0.0	48.15487299546872	0.0	0.0	64.26415722245005	0.0	0.0	0.0	0.0	0.0	0.0	0.0	0.0	0.0
GSM4138110_HNSCC_1_PBMC_CAGCAGCGTGCAGTAG	53.8005800416217	71.97374473802357	15.028074283953766	0.0	14.890479795520022	0.0	0.0	4.3734134084456056	0.0	0.0	0.0	0.0	0.0	29.136715012791235	0.0	0.0	32.695061675398435	0.0	0.0	0.0
GSM4138110_HNSCC_1_PBMC_CAGCATAAGTACTTGC	71.68412120711102	66.43771417234714	34.763777630680174	20.603717120210316	0.0	0.0	0.0	13.35214836089747	44.897426146457406	0.0	0.0	0.0	0.0	0.0	0.0	0.0	0.0	0.0	33.563369501897206	71.4586560304035
GSM4138110_HNSCC_1_PBMC_CAGCATATCAGAGGTG	116.38678643347436	138.2030149865135	0.0	71.59589277859078	39.01262818694416	0.0	0.0	0.0	38.10888686172694	101.97747601062119	0.0	0.0	0.0	0.0	0.0	105.08883401288092	0.0	0.0	0.0	0.0
GSM4138110_HNSCC_1_PBMC_CAGCTAAGTTCCACGG	74.09232885305313	60.83502821879762	0.0	126.9929887370356	32.96364267074819	0.0	0.0	0.0	0.0	75.63290168551983	0.0	0.0	0.0	0.0	54.35958840277002	0.0	0.0	0.0	0.0	0.0
GSM4138110_HNSCC_1_PBMC_CATCGAAGTACTTCTT	169.79531602936189	47.4480842976921	40.429832858067044	78.58346350616357	0.0	0.0	97.37809954347007	0.0	32.698783309165364	0.0	0.8893852909237185	0.0	0.0	40.35852808675986	0.0	0.0	0.0	0.0	0.0	0.0
GSM4138110_HNSCC_1_PBMC_CATCGGGAGAGCTTCT	74.89144550919116	31.855753318085767	0.0	47.4536399777836	0.0	0.0	0.0	0.0	14.751124579990785	19.568614428248278	0.0	0.0	0.0	0.0	0.0	13.830166134483456	0.0	0.0	0.0	0.0
GSM4138110_HNSCC_1_PBMC_CATTATCTCGATCCCT	121.78492876976335	114.6448360178954	71.30465005013868	0.0	55.00811414609367	0.0	0.0	118.87024958517733	0.0	41.40822932299478	16.566002002450908	0.0	0.0	0.0	0.0	0.0	0.0	0.0	0.0	0.0
GSM4138110_HNSCC_1_PBMC_CATTCGCAGTGAAGAG	137.97830896956515	130.32807884378508	11.481046688896809	74.50172553362266	71.03262619071486	0.0	0.0	78.55115786873091	0.0	78.53001578526911	16.53787775563612	0.0	0.0	0.0	0.0	62.34241040363224	0.0	0.0	0.0	0.0
GSM4138110_HNSCC_1_PBMC_CCACGGACAGATGGGT	105.14005988935908	128.09717142481182	60.909110686090905	62.27111833187733	43.641504453156195	93.20892486585389	132.7882685456458	0.0	0.0	0.0	0.0	0.0	0.0	0.0	0.0	3.0520592469407886	0.0	0.0	0.0	0.0
GSM4138110_HNSCC_1_PBMC_CCACTACAGGTTCCTA	49.261620830269976	77.03218058789675	39.97710664701163	16.65339874030216	57.42598488260376	0.0	0.0	77.84807476153749	0.0	0.0	61.65593876656048	0.0	0.0	0.0	0.0	0.0	0.0	0.0	0.0	0.0
GSM4138110_HNSCC_1_PBMC_CCCAGTTAGGCACATG	61.72007828668868	82.031379202463	17.554535254447273	21.0365740471039	53.37019184371328	0.0	0.0	0.0	0.0	0.0	52.985309308301105	0.0	34.32608299985489	0.0	0.0	0.0	0.0	0.0	0.0	0.0
GSM4138110_HNSCC_1_PBMC_CCCTCCTGTACAGCAG	92.89358988757428	32.724481128107165	0.0	45.212246073976885	61.508329646357076	0.0	37.07838442880822	0.0	0.0	0.0	55.300608879053705	0.0	0.0	0.0	0.0	0.0	0.0	0.0	0.0	0.0
GSM4138110_HNSCC_1_PBMC_CCCTCCTTCCATGAAC	62.05058324068915	46.52701621191841	76.74894600968612	0.0	25.63623283065426	55.17569538657974	39.71784501253399	0.0	0.0	0.0	0.0	0.0	0.0	0.0	0.0	0.0	0.0	0.0	0.0	0.0
GSM4138110_HNSCC_1_PBMC_CCGTACTGTTCCAACA	107.60862471584224	91.59207156023638	24.599492358769535	97.13469988043018	57.131165290558236	0.0	8.864438354710218	0.0	28.137438958014002	0.0	62.327825030696616	0.0	0.0	0.0	0.0	79.66925694830813	0.0	0.0	0.0	0.0
GSM4138110_HNSCC_1_PBMC_CCGTACTTCCGATATG	50.33671847405168	38.89350603941245	0.0	43.14426326686676	0.0	0.0	0.0	0.0	41.48052777924347	0.0	0.0	0.0	0.0	40.312646826893484	30.989347567179294	0.0	0.0	0.0	0.0	0.0
GSM4138110_HNSCC_1_PBMC_CCGTGGAAGGAGTACC	97.4493828272566	50.67738861689879	20.14310712322466	15.10895861880513	44.1722864534165	0.0	0.0	0.0	0.0	0.0	0.0	31.435627334174086	56.535159372324365	15.163608554305291	0.0	0.0	0.0	0.0	0.0	6.910001684844295
GSM4138110_HNSCC_1_PBMC_CCTAAAGAGCGCCTCA	127.45025718604366	171.14763713424827	0.0	100.84570699956615	0.0	104.88339901720309	0.0	56.22192599426961	167.7164928881544	0.0	0.0	0.0	0.0	0.0	29.19280352372749	0.0	0.0	0.0	0.0	0.0
GSM4138110_HNSCC_1_PBMC_CCTACACCACAGGCCT	71.14871658757181	108.17395070148356	0.0	84.11411682785902	0.0	0.0	0.0	70.18491177608807	32.976296895127675	0.0	0.0	0.0	0.0	67.63841625178905	0.0	0.0	0.0	0.0	0.0	0.0
GSM4138110_HNSCC_1_PBMC_CCTATTACACAAGACG	160.56087289274112	106.01437288635351	0.0	103.58498408763326	0.0	0.0	0.0	0.0	61.34907919527723	0.0	0.0	0.0	0.0	124.78916909561522	98.40869127115944	0.0	0.0	0.0	0.0	0.0
GSM4138110_HNSCC_1_PBMC_CCTTACGAGAATAGGG	71.95185124915868	46.85606604278745	28.36877193102914	4.014222400488719	0.0	0.0	0.0	85.08493130026007	45.95806215069311	0.0	125.80391212687728	0.0	0.0	0.0	0.0	0.0	0.0	0.0	0.0	0.0
GSM4138110_HNSCC_1_PBMC_CGAACATGTCCAGTAT	84.5041342331894	47.19241411900983	30.806038388339488	0.0	5.599453530081353	0.0	0.0	0.0	38.93711073419022	0.0	0.0	49.23303586946404	19.79496783437373	0.0	0.0	0.0	24.68478734131138	0.0	0.0	0.0
GSM4138110_HNSCC_1_PBMC_CGATCGGCAACACCCG	61.841720514465855	46.18580677329357	20.851233815731756	0.0	12.595432084468495	37.92290890596987	0.0	35.56909854646618	0.0	0.0	0.0	0.0	0.0	0.0	0.0	0.0	0.0	0.0	0.0	0.0
GSM4138110_HNSCC_1_PBMC_CGATGTATCCTTTCGG	90.63709770005009	62.92027724424708	0.0	31.993757759362815	44.87962486763353	40.61311319148255	0.0	52.44500890187496	0.0	9.356798730464904	0.0	0.0	0.0	0.0	0.0	0.0	0.0	0.0	0.0	0.0
GSM4138110_HNSCC_1_PBMC_CGCGGTAAGACACGAC	33.58881566864504	89.93928724163096	12.593998528528846	0.0	28.253814022015018	0.0	0.0	5.531294432407072	0.0	0.0	0.0	0.0	0.0	59.34681813641908	0.0	0.0	0.0	0.0	0.0	0.0
GSM4138110_HNSCC_1_PBMC_CGCGGTATCAGTCCCT	69.64289397049419	36.679054086824216	105.21574384798431	0.0	34.1281411752724	19.64241206001155	0.0	42.52729943484623	0.0	27.300394296112913	0.0	0.0	0.0	0.0	0.0	0.0	0.0	0.0	0.0	0.0
GSM4138110_HNSCC_1_PBMC_CGCTATCAGGTAGCCA	101.4735904788123	64.77151731558725	61.96778542659347	42.12522221454682	0.0	104.65385665839054	0.0	77.07627013490003	80.94566040983779	0.0	0.0	0.0	0.0	19.142232172668123	0.0	0.0	14.786740270599747	0.0	0.0	0.0
GSM4138110_HNSCC_1_PBMC_CGCTTCACAGTACACT	108.94423136025439	66.37629680921737	63.08410296765776	8.306672198457692	0.0	0.0	0.0	84.10789904789831	61.27361255524687	57.397034804764516	0.0	0.0	0.0	0.0	0.0	0.0	0.0	0.0	0.0	0.0
GSM4138110_HNSCC_1_PBMC_CGGAGCTCAGACGCAA	61.32911414036681	73.37705645720906	0.0	61.17465533503364	20.99618729655595	0.0	0.0	52.57055142317745	0.0	0.0	0.0	0.0	0.0	29.79368570166084	0.0	0.0	0.0	10.824063406965662	0.0	0.0
GSM4138110_HNSCC_1_PBMC_CGGAGCTTCGCCTGAG	117.38276607091628	93.44126910132586	0.0	102.53706439296161	67.02330876601089	96.91613891963075	0.0	0.0	0.0	0.0	0.0	0.0	0.0	0.0	70.15293058003002	0.0	0.0	0.0	0.0	0.0
GSM4138110_HNSCC_1_PBMC_CGGCTAGTCACATAGC	146.50733764833205	142.78369234542666	10.777454368038864	69.26614087998863	0.0	0.0	0.0	0.0	99.84002187213582	0.0	90.23300721546593	4.879496911195589	0.0	0.0	0.0	73.13725199288939	0.0	0.0	0.0	0.0
GSM4138110_HNSCC_1_PBMC_CGGCTAGTCAGAGACG	57.11305334079094	118.69576986126499	0.0	35.96443299796708	22.55042532515034	0.0	59.64826173548048	0.0	0.0	0.0	4.767388693605799	0.0	0.0	42.37685650175471	0.0	0.0	0.0	0.0	0.0	0.0
GSM4138110_HNSCC_1_PBMC_CGGCTAGTCCTAAGTG	185.95161285280506	34.00695324479387	66.52792619612573	14.907744260837061	31.959953253081014	92.8289364271546	0.0	53.01884153585551	0.0	0.0	0.0	0.0	0.0	0.0	0.0	0.0	9.535222191278718	0.0	0.0	0.0
GSM4138110_HNSCC_1_PBMC_CGTAGCGAGAAGGGTA	86.77195280466978	74.81208421096768	0.0	99.4718160286443	0.0	0.0	0.0	0.0	35.553032695638436	125.67306683395086	0.0	0.0	0.0	0.0	34.598495640930345	0.0	0.0	0.0	7.0211958357854085	0.0
GSM4138110_HNSCC_1_PBMC_CGTAGGCGTGGTAACG	57.16119283901	46.808696067462755	65.01077961028813	33.60017511297915	0.0	0.0	15.168304597380654	0.0	0.0	0.0	0.0	80.51945991934055	0.0	0.0	0.0	0.0	0.0	1.6247872436087947	32.84441388376842	0.0
GSM4138110_HNSCC_1_PBMC_CGTCACTTCAAACCGT	95.90795187319763	54.92532139889625	0.0	114.44602197529922	49.52285045783378	0.0	0.0	48.63655513153551	0.0	0.0	68.5689997687439	0.0	0.0	0.0	0.0	0.0	0.0	0.0	0.0	0.0
GSM4138110_HNSCC_1_PBMC_CGTCCATAGCAGCGTA	47.637371933367156	43.993322375893925	9.705543982156165	0.0	60.66942194126161	0.0	0.0	0.0	0.0	0.0	63.64784204312848	0.0	10.62877865151623	0.0	0.0	0.0	4.745673463751356	0.0	0.0	0.0
GSM4138110_HNSCC_1_PBMC_CGTGTAAAGGTGTGGT	91.6332662248223	70.99463596090872	106.89464133346449	0.0	70.25191128311661	62.64923729673667	0.7572478589215552	50.60185376060435	0.0	0.0	0.0	0.0	0.0	0.0	0.0	20.868252881772644	0.0	0.0	0.0	0.0
GSM4138110_HNSCC_1_PBMC_CGTTGGGCAGGCGATA	99.78465859115954	71.62919789579269	0.9859038798408711	38.250840376316404	0.0	0.0	0.0	0.0	46.683674982281005	22.928102100003034	0.0	19.4588348145611	52.637550489496405	0.0	0.0	0.0	0.0	0.0	0.0	0.0
GSM4138110_HNSCC_1_PBMC_CTACACCGTAGCTTGT	46.34421660241323	50.42243781670002	17.98827790287198	42.61158090519346	0.0	63.065882533799794	42.576236047923615	0.0	40.1342934890603	13.843871114719272	0.0	6.791265443970109	2.033354028457581	0.0	0.0	0.0	0.0	0.0	0.0	0.0
GSM4138110_HNSCC_1_PBMC_CTACGTCAGTGGGATC	95.54337954222804	102.23691720374401	86.141646613136	0.0	0.0	7.4528093386481595	0.0	0.0	76.8927633696741	0.0	0.0	0.0	0.0	0.0	14.832964831018309	0.0	0.0	0.0	0.0	17.51331437718713
GSM4138110_HNSCC_1_PBMC_CTACGTCTCCACGAAT	38.37267341024787	45.798674460918676	0.0	33.090297030376654	12.51200254535178	0.0	0.0	0.0	0.0	61.635711479777264	0.0	0.0	0.0	0.0	26.885048498189104	0.0	0.0	0.0	38.01634953789886	0.0
GSM4138110_HNSCC_1_PBMC_CTAGCCTAGCCAACAG	69.51828735455723	93.62681560570829	0.0	70.62257211691322	34.78351232282295	0.0	0.0	62.56175340294276	0.0	15.33142199036095	24.534038705361727	0.0	0.0	0.0	0.0	0.0	0.0	0.0	0.0	0.0
GSM4138110_HNSCC_1_PBMC_CTCAGAATCGAATGGG	90.81044266505994	72.75126859495445	2.791261589224759	78.24861082826142	0.0	99.5628591609438	0.0	0.0	58.704032719723806	0.0	0.0	0.0	0.0	0.0	85.63959117427383	0.0	0.0	0.0	0.0	0.0
GSM4138110_HNSCC_1_PBMC_CTCCTAGCAAGTCTGT	133.27713468894257	53.90184189268121	102.99877352233638	0.0	48.72659632874286	0.0	0.0	70.9670082962468	0.0	10.979891884444616	0.0	32.96454521140436	0.0	0.0	0.0	0.0	0.0	0.4667299302872395	0.0	0.0
GSM4138110_HNSCC_1_PBMC_CTCGGAGAGCAGGTCA	104.05526664674967	98.37426317023002	90.66929624556383	1.3706077526504126	63.31379425626208	67.01134111865443	0.0	11.420712512910654	2.0786912312123906	0.0	0.0	0.0	0.0	0.0	0.0	25.634810373782685	0.0	0.0	0.0	0.0
GSM4138110_HNSCC_1_PBMC_CTCGTACTCAGCAACT	77.73291134051654	145.38729079285204	101.32328972657452	0.0	31.735451272257443	89.62758979179891	0.0	0.0	0.0	0.0	0.0	0.0	0.0	0.0	122.00761497998354	0.0	0.0	0.0	0.0	0.0
GSM4138110_HNSCC_1_PBMC_CTCGTCAAGCTCTCGG	143.51280130170505	187.38088980123572	31.833626326158335	67.93787076994349	75.22797011562471	157.4115034968948	0.0	0.0	0.0	0.0	0.0	0.0	0.0	0.0	0.0	0.0	21.97989997149068	0.0	0.0	0.0
GSM4138110_HNSCC_1_PBMC_CTCTACGCAGATCGGA	30.643295511696966	40.14176649040074	49.44692535349013	0.0	43.50255375586894	25.375753103193496	35.09762969252386	0.0	0.0	0.0	0.0	0.0	0.0	0.0	0.0	0.0	0.0	0.0	0.0	0.0
GSM4138110_HNSCC_1_PBMC_CTCTGGTAGACAGGCT	33.677969528202254	29.046066019938387	52.09359057391272	5.866021856566786	36.881971704237635	0.0	59.87979162225279	0.0	0.0	0.0	0.0	19.857932816722794	0.0	20.11248425605402	0.0	0.0	0.0	37.82639651535317	0.0	0.0
GSM4138110_HNSCC_1_PBMC_CTCTGGTCACAGCCCA	133.75333865724167	87.77845353538959	71.17643797448274	0.0	52.141142542885575	0.0	43.87132495175217	0.0	0.0	107.6965942862602	0.0	0.0	0.0	0.0	0.0	0.0	0.0	0.0	0.0	0.0
GSM4138110_HNSCC_1_PBMC_CTGAAACCAGCCTTGG	60.31397053431787	70.59006624314213	18.752102128684356	134.4134745567622	1.9686482695654905	0.0	38.961744689274035	0.0	0.0	51.57192023470493	0.0	0.0	6.816968824881854	0.0	0.0	0.0	0.0	0.0	0.0	0.0
GSM4138110_HNSCC_1_PBMC_CTGAAACCAGTATGCT	78.28931206915928	38.91436254946879	40.41536332007752	0.0	53.58365215314153	0.3371557399288746	0.0	88.54741153692726	0.0	0.0	0.0	0.0	0.0	88.43800580498652	0.0	0.0	0.0	0.0	0.0	0.0
GSM4138110_HNSCC_1_PBMC_CTGAAGTCAGCTGCTG	112.66248657511622	41.229185948421936	0.0	41.41473672106651	36.70125388245814	65.4946835215651	69.23914648975827	0.0	0.0	0.0	0.0	0.0	0.0	0.0	0.0	0.0	0.0	0.0	0.0	0.0
GSM4138110_HNSCC_1_PBMC_CTGAAGTGTTCTCATT	80.19297944445249	58.281192192265756	30.72960890979904	0.0	141.48405944900225	26.849938222881107	0.0	0.0	0.0	0.0	0.0	0.0	0.0	0.0	0.0	19.240678161003284	0.0	0.0	0.0	0.0
GSM4138110_HNSCC_1_PBMC_CTGTTTACAAAGGTGC	81.59662442142111	79.88081206142188	76.74877303088553	0.0	35.52769542475258	0.0	25.463041208863846	0.0	0.0	0.0	0.0	0.0	0.0	19.165622474469384	0.0	0.0	10.695425052802985	30.595313763285002	0.0	0.0
GSM4138110_HNSCC_1_PBMC_CTTAACTGTGACGCCT	47.38253744743285	64.0364031486526	13.132957605286098	4.568450090968156	0.0	0.0	0.0	0.0	52.62644797299378	82.22482226522361	0.0	0.0	0.0	0.0	0.0	36.795274434961335	0.0	0.0	0.0	0.0
GSM4138110_HNSCC_1_PBMC_CTTAGGAAGGTGATTA	166.50365516567584	109.48850288810347	3.802048408686426	168.94888416612696	0.0	88.23528561796964	0.0	0.0	112.64149516208992	43.25146270740956	0.0	0.0	0.0	0.0	38.74951988605099	114.63247460200631	0.0	0.0	0.0	0.0
GSM4138110_HNSCC_1_PBMC_CTTAGGACAGAGTGTG	77.35454081047997	57.29236202873126	35.07612490384446	33.737516588917934	20.065097397907547	0.0	0.0	49.46965751398121	0.0	0.0	0.0	0.0	0.0	43.46840065797165	0.0	0.0	0.0	0.0	0.0	0.0
GSM4138110_HNSCC_1_PBMC_CTTGGCTCAAAGCGGT	111.75496007576409	77.51443364761785	0.0	93.11128785545213	0.0	0.0	0.0	0.0	60.69967985864966	0.0	0.0	46.86482333426246	0.0	49.049494907534246	0.0	54.226074656760325	0.0	0.0	0.0	0.0
GSM4138110_HNSCC_1_PBMC_GAAACTCGTCTTCTCG	156.4270155751019	109.38233618720686	0.0	60.67088231328952	75.4099795059882	74.5381109105579	0.0	0.0	0.0	0.0	0.0	0.0	117.80274710496742	0.0	0.0	13.892683965016912	0.0	0.0	0.0	0.0
GSM4138110_HNSCC_1_PBMC_GAAATGAAGAGCAATT	51.36088452045715	51.757496550973	0.0	31.30383633550106	0.0	0.0	35.346242404962844	0.0	34.02647286464726	0.0	41.46367951870372	0.0	0.0	0.0	0.0	0.0	0.0	0.0	0.0	0.0
GSM4138110_HNSCC_1_PBMC_GAACATCTCGGTTAAC	89.00842007423833	67.49745133403553	43.89508703743122	0.0	34.09009226338047	0.0	63.98256184352543	0.0	0.0	0.0	49.913208434669166	0.0	0.0	0.0	0.0	0.0	0.0	0.0	0.0	0.0
GSM4138110_HNSCC_1_PBMC_GAACCTATCGGCCGAT	85.33183513980921	91.04534329836493	46.246571996523365	0.0	0.0	0.0	0.0	0.0	21.325733430551	0.0	0.0	36.31278669032951	0.0	1.725939301519434	79.8736720720956	0.0	0.0	0.0	0.0	17.169048671486877
GSM4138110_HNSCC_1_PBMC_GAATGAAGTTGGACCC	38.44169839096083	58.32436397874547	40.87942124898425	0.0	0.0	0.0	0.0	0.0	32.53038037535568	0.0	0.0	0.0	45.36263521298882	28.108918353846367	0.0	0.0	0.0	0.0	0.0	0.0
GSM4138110_HNSCC_1_PBMC_GACAGAGAGAGCCTAG	74.63220188637854	41.059271045605186	48.60512507471169	0.0	6.96209038625956	41.1941844045997	0.0	0.0	0.0	0.0	0.0	0.0	0.0	0.0	0.0	32.236629168073016	0.0	0.0	0.0	0.0
GSM4138110_HNSCC_1_PBMC_GACTAACAGGCAGGTT	73.10894822119245	88.90228267212866	0.0	59.02049559116567	35.31804738115496	106.4539623781186	0.0	93.35017611814892	52.33972809284259	0.0	0.0	0.0	0.0	0.0	0.0	0.0	23.223649121907755	0.0	16.660262320112192	0.0
GSM4138110_HNSCC_1_PBMC_GACTGCGGTATCTGCA	92.11166240171255	37.73628149232487	30.768140643730103	0.0	1.7021032079759406	39.51073905989456	0.0	32.007053689374665	0.0	0.0	0.0	0.0	0.0	0.0	0.0	15.589131543845532	0.0	0.0	61.961216009718115	0.0
GSM4138110_HNSCC_1_PBMC_GACTGCGTCTAAGCCA	80.93980580488514	84.56173730288934	22.700051061219014	46.948133690681104	99.48878085359657	40.50240238989303	48.28604801787415	36.00432739773804	0.0	1.3118558825823758	0.0	21.4065644275847	18.453699349758274	0.0	0.0	0.0	0.0	0.0	0.0	0.0
GSM4138110_HNSCC_1_PBMC_GATCGATGTGCTGTAT	163.13598706334372	114.59080271494034	39.86401899207572	24.640334566289273	82.34641224886711	0.0	0.0	0.0	0.0	0.0	52.45868192243404	0.0	43.66951500387945	0.0	0.0	0.4117315988298437	0.0	0.0	0.0	0.0
GSM4138110_HNSCC_1_PBMC_GATCTAGAGGGCTCTC	80.71158223628504	76.7663738332283	86.5587157119137	0.0	5.164794244099922	0.0	0.0	0.0	0.0	13.307517446602924	0.0	0.0	50.130203373938656	0.0	0.0	0.0	0.0	0.0	0.0	33.041431407773636
GSM4138110_HNSCC_1_PBMC_GATCTAGCAAACCTAC	102.90157832736841	100.76835483376617	4.1301957319768645	58.146227990122185	95.62134772799365	0.0	0.0	52.95894472476261	0.0	18.58991865843992	0.0	22.973610004364144	0.0	0.0	0.0	0.0	33.99430954349259	30.028909856016234	0.0	0.0
GSM4138110_HNSCC_1_PBMC_GATGAAAAGAAGGGTA	53.14828441247306	40.04365737956178	28.005167566792267	0.0	38.19155637682133	0.0	39.23481331035896	0.0	0.0	0.0	55.30468768889902	0.0	0.0	0.0	0.0	0.0	0.0	0.0	0.0	0.0
GSM4138110_HNSCC_1_PBMC_GATGCTAGTATGGTTC	89.53870928064212	74.59246000180418	32.64769482461145	8.375030533814753	0.0	44.795506021227496	21.649394870888557	0.0	70.66807083404525	0.0	0.0	0.0	0.0	0.0	0.61024001050233	0.0	0.0	0.0	0.0	50.538830882059756
GSM4138110_HNSCC_1_PBMC_GATTCAGAGCTATGCT	129.26713225929822	93.74958765396816	0.0	35.85334555172814	36.67527106916126	0.0	0.0	0.0	0.0	0.0	145.11337030031024	0.0	79.92956015352912	0.0	0.0	0.0	0.0	0.0	0.0	0.0
GSM4138110_HNSCC_1_PBMC_GCACATACATGAACCT	111.34849191330909	52.747658845693984	65.77244101803339	47.307890136582344	48.31864718914889	0.0	45.61192379059757	0.0	0.0	23.327168838037846	0.0	0.0	0.0	0.0	0.0	0.0	0.0	0.0	0.0	51.35876071114906
GSM4138110_HNSCC_1_PBMC_GCACATAGTCTTCTCG	111.31542471187052	64.03205952442791	0.0	58.925663418431846	0.0	0.0	0.0	0.0	78.40766488055172	0.0	0.0	19.259934833697326	0.0	17.154447719585136	30.876034887391423	0.0	0.0	0.0	0.0	50.49972031128907
GSM4138110_HNSCC_1_PBMC_GCAGTTATCCTACAGA	52.24493099114407	11.97291484206963	11.59954041172445	39.362600429464514	18.591304422778588	41.751877384863334	0.0	54.82307235236208	0.0	0.0	0.0	0.0	0.0	0.0	0.0	0.0	0.0	0.0	0.0	0.0
GSM4138110_HNSCC_1_PBMC_GCATACAAGACACGAC	114.94328053884915	116.77688888951664	37.47222742690251	42.27402734353306	98.3562323812613	29.535806868764688	84.90684209027691	0.0	17.518899452356315	0.0	0.0	0.0	0.0	0.0	0.0	0.0	0.0	0.0	0.0	59.58117307946916
GSM4138110_HNSCC_1_PBMC_GCATGTATCTCATTCA	73.4817522348588	44.015882959131204	0.0	15.49715287787318	0.0	0.0	0.0	0.0	46.91688906129916	0.0	49.05748143176829	0.0	30.534273744673712	0.0	0.0	0.0	0.0	0.0	0.0	0.0
GSM4138110_HNSCC_1_PBMC_GCGAGAATCTATCCTA	60.94619272393512	74.3539778579068	28.075008054960186	59.48288674798808	35.81093101821324	0.0	0.0	0.0	0.0	0.0	0.0	0.0	0.0	44.16144788792385	39.29768782726734	0.0	0.0	0.0	0.0	0.0
GSM4138110_HNSCC_1_PBMC_GCGCAACCAGTACACT	74.80090027252804	48.490950038406254	67.00346630323897	0.0	45.947172669492154	40.32323975579224	27.667096553119155	0.0	0.0	0.0	0.0	0.0	0.0	0.0	0.0	0.0	0.0	0.0	0.0	0.0
GSM4138110_HNSCC_1_PBMC_GCGCAACTCACCGTAA	108.65657723608751	33.25754854946216	0.0	30.883961557959893	0.0	57.82086870265848	26.831933970030903	31.63498226781251	0.0	0.0	0.0	0.0	0.0	0.0	0.0	0.0	48.89030495611376	0.0	14.015641116879953	0.0
GSM4138110_HNSCC_1_PBMC_GCGGGTTTCTGTACGA	98.62286966377259	60.85026300501358	19.71273652190923	85.22622017829805	0.0	80.20720979764045	0.0	0.0	34.79932132489743	0.0	0.0	0.0	0.0	0.0	34.003247928505296	0.0	0.0	0.0	23.05827806493261	0.0
GSM4138110_HNSCC_1_PBMC_GCTGCAGCACAACGCC	68.4633841982527	57.44832530162113	0.0	65.70116439419373	59.97894483304832	0.0	0.0	3.350792837682563	0.0	0.0	0.0	0.0	0.0	64.59277713339986	0.0	0.0	0.0	0.0	0.0	0.0
GSM4138110_HNSCC_1_PBMC_GGAACTTCAACTGGCC	70.59605738344969	84.019352873315	0.0	45.33817451975339	63.84719105967075	104.91589159896355	0.0	0.0	0.0	0.0	0.0	0.0	0.0	0.0	0.0	42.09443222493526	0.0	0.0	0.0	0.0
GSM4138110_HNSCC_1_PBMC_GGAATAAAGAACAATC	59.79012866579736	49.27246281111716	20.34611063649329	6.785331533285439	0.0	67.74188597219916	0.0	0.0	61.601545629077265	0.0	0.0	0.0	0.0	0.0	41.68170993129672	0.0	0.0	0.0	0.0	0.0
GSM4138110_HNSCC_1_PBMC_GGACATTCACGGTTTA	79.16017828948974	66.79878178213586	31.56456540310474	0.0	43.9024532836526	55.786861042535165	0.0	0.0	0.0	0.0	33.37569771330245	0.0	0.0	0.0	0.0	40.98777742382261	0.0	0.0	0.0	0.0
GSM4138110_HNSCC_1_PBMC_GGCTCGATCCGCGTTT	42.733492732267116	35.54838802868048	59.71880619193083	129.07970871032285	5.229532591366877	30.48126402719002	31.714418084338494	0.0	35.067875820820454	0.0	0.0	0.0	0.0	0.0	0.0	0.0	0.0	0.0	0.0	0.0
GSM4138110_HNSCC_1_PBMC_GGGACCTAGCCAGGAT	80.60765524086057	74.17021306874032	16.627209699213466	35.244383774717726	37.070534552867834	0.0	0.0	0.0	0.0	0.0	0.0	0.0	0.0	28.14111450880642	36.420523139271296	0.0	11.795951071121317	35.46814790938702	0.0	0.0
GSM4138110_HNSCC_1_PBMC_GGGACCTCAGTCACTA	101.44146462012391	87.14501403027248	7.644829038032112	81.10551301977529	0.0	0.0	0.0	127.32530611835561	5.96762904028634	0.0	0.0	6.573122898477939	0.0	132.83725450250915	0.0	0.0	0.0	0.0	106.3665901440802	0.0
GSM4138110_HNSCC_1_PBMC_GGGAGATGTGTGCGTC	79.28294605728767	42.38636156197814	11.675257707722013	37.93906792077114	7.871120000555175	0.0	0.0	0.0	23.503585206658734	0.0	77.54596285584188	0.0	0.0	0.0	31.227444506599333	0.0	0.0	0.0	0.0	0.0
GSM4138110_HNSCC_1_PBMC_GGGAGATTCACGATGT	41.52059397021655	85.27114114781888	53.21718178713442	0.0	28.042028300407495	0.0	0.0	0.0	0.0	0.0	25.410402893016453	0.0	0.0	0.0	32.06319012722215	0.0	0.0	0.0	0.0	0.0
GSM4138110_HNSCC_1_PBMC_GGGTTGCGTCCGAAGA	112.30346256063407	73.67576101441026	0.0	105.21867669365956	74.892137941086	0.0	0.0	50.2738010455764	0.0	0.0	26.786904531845433	0.0	0.0	27.707013925318243	0.0	0.0	0.0	0.0	0.0	0.0
GSM4138110_HNSCC_1_PBMC_GGTGAAGTCGCTTGTC	81.65898026130999	86.59414727022886	25.778671447160686	41.19939545823893	45.59431810577775	68.53833349493826	0.0	50.50255963425589	0.0	0.0	0.0	0.0	0.0	0.0	0.0	0.0	0.0	0.0	0.0	0.0
GSM4138110_HNSCC_1_PBMC_GGTGTTACAAACGCGA	116.2011156690031	54.312610419212916	115.0647028117501	0.0	53.544381389698074	0.0	61.24619446514746	0.0	6.463512193828711	0.0	0.0	44.79328380340394	0.0	0.0	0.0	0.0	0.0	0.0	0.0	0.0
GSM4138110_HNSCC_1_PBMC_GTAACTGTCTTCGAGA	64.99797215246217	81.04204617130124	35.67085612551392	71.65273468424976	65.0977253513769	0.0	0.0	58.850056339973925	0.0	25.960916216990224	5.658578413330879	11.62197354284694	0.0	0.0	0.0	0.0	0.0	11.56088609449411	0.0	2.56539544402883
GSM4138110_HNSCC_1_PBMC_GTAGGCCAGGTGTGGT	82.8359488110627	43.44484218905963	61.23237453360158	0.0	38.33359126025997	0.0	0.0	68.79998576271194	0.0	0.0	42.400985611877324	0.0	0.0	0.0	0.0	0.0	0.0	0.0	0.0	0.0
GSM4138110_HNSCC_1_PBMC_GTAGTCACAGATCCAT	73.39825553872896	57.64108738640512	0.0	57.39832192707375	0.0	76.5519478424838	30.78948094244448	0.47776366656454544	40.519990844259965	0.0	0.0	0.0	26.61981181464815	0.0	0.0	0.0	7.420563763848109	0.0	0.0	0.0
GSM4138110_HNSCC_1_PBMC_GTAGTCAGTGGGTCAA	58.58182480972437	38.51610631654057	35.18645349013609	0.0	46.984971643228256	0.0	30.532270216205475	0.0	1.3473016707285117	0.0	48.424948950739804	0.0	0.7687057314804709	0.0	0.0	0.0	0.0	0.0	0.0	0.0
GSM4138110_HNSCC_1_PBMC_GTATTCTAGGGTTTCT	122.00842239677475	75.7135289735312	81.40645412430248	10.216209311355238	41.91767412746037	35.456938890111495	0.0	0.0	0.0	0.0	0.0	0.0	113.779283815924	0.0	0.0	0.0	0.0	0.0	0.0	0.0
GSM4138110_HNSCC_1_PBMC_GTATTCTTCCAAACTG	89.86710958319104	73.32153993142026	98.55120804792564	0.0	53.324188463257215	0.0	0.0	30.469171815735812	27.47009996474176	0.0	0.0	76.83366366568384	0.0	0.0	0.0	0.0	26.30816651327509	0.0	0.0	0.0
GSM4138110_HNSCC_1_PBMC_GTCGTAACAGGAACGT	66.80984696826019	53.157728724701215	46.67314315839706	25.526729020508927	28.307469167557024	0.0	0.0	84.2770653227381	0.0	0.0	0.0	0.0	0.0	0.0	0.0	0.0	0.0	8.447567856233048	0.0	29.06493705590266
GSM4138110_HNSCC_1_PBMC_GTCGTAAGTATGAAAC	71.3219664113092	42.55760645029443	0.0	50.91348954325281	37.04855321144089	0.0	0.0	18.618633211739613	0.0	64.23985327686788	0.0	0.0	0.0	0.0	0.0	1.1154183816145642	0.0	0.0	0.0	0.0
GSM4138110_HNSCC_1_PBMC_GTCTCGTGTACGCACC	97.59404196239218	103.21728187736471	33.413004372722305	6.9997705702368425	19.68735660534503	0.0	0.0	0.0	0.0	0.0	0.0	0.0	0.0	17.42002192480413	75.03635896833269	0.0	0.3292611850564239	0.0	0.0	0.0
GSM4138110_HNSCC_1_PBMC_GTGGGTCAGAATGTGT	78.2281463616402	32.177209164979345	0.0	22.32521484875452	60.52459852471695	33.347542119642	29.38623881778027	0.0	20.85925077405854	0.0	0.0	0.0	0.0	0.0	5.065780801115796	0.0	0.0	0.0	0.0	0.0
GSM4138110_HNSCC_1_PBMC_GTTCATTGTAGCTGCC	92.73418979136555	63.07904555207521	0.0	71.1230152762259	0.0	0.0	25.617648991419987	0.0	88.60889178493284	20.00559253297336	91.16047729632021	0.0	36.4701260470225	0.0	8.383419443796127	0.0	0.0	0.0	0.0	0.0
GSM4138110_HNSCC_1_PBMC_GTTCATTTCCGCGGTA	92.81998567594457	64.87225359043633	30.50309473203002	57.49917580345832	48.270922612640966	82.57050764388724	0.0	54.383079224174935	0.0	0.0	0.0	0.0	0.0	0.0	0.0	0.0	0.0	0.0	0.0	0.0
GSM4138110_HNSCC_1_PBMC_GTTCTCGCACTATCTT	79.314957875458	64.42873348287594	70.89999612047703	0.0	59.88253371549123	0.0	37.87686031019128	0.0	0.0	0.0	39.28272069367944	0.0	0.0	0.0	0.0	0.0	0.0	0.0	0.0	0.0
GSM4138110_HNSCC_1_PBMC_GTTCTCGTCAGAGACG	110.61627335300757	45.54035264608222	0.0	32.11009389954072	47.432008297142126	0.0	0.0	4.788085599500733	0.0	0.0	34.997886363232226	0.0	0.0	10.49128636186609	0.0	85.68477373747976	0.0	0.0	0.0	0.0
GSM4138110_HNSCC_1_PBMC_TAAGCGTAGGTGCTTT	159.1840523126948	94.83661115173894	61.165128953724505	148.7556496336133	63.902240733610654	0.0	0.0	0.0	0.0	0.0	0.0	89.2594716826445	149.43535757993743	0.0	0.0	0.0	0.0	17.34809333309774	0.0	0.0
GSM4138110_HNSCC_1_PBMC_TACAGTGGTCATCGGC	120.68895979154043	75.1480266451092	84.7631174451587	34.600423435417596	43.39986537827481	114.61297389530752	0.0	0.0	0.0	0.0	0.0	0.0	90.84459302164295	0.0	0.0	0.0	0.0	0.0	0.0	0.0
GSM4138110_HNSCC_1_PBMC_TACCTTATCACGATGT	81.4347522152216	115.06631262428147	73.59490263267757	0.0	58.020881712083735	0.0	0.0	90.40532834477388	0.0	0.0	0.0	73.1934982689366	0.0	0.0	0.0	0.0	0.0	0.0	0.0	0.0
GSM4138110_HNSCC_1_PBMC_TACGGATTCTAACTTC	120.948126860851	23.642210215796197	0.0	122.3917100776083	0.0	0.0	0.0	48.664584455685535	0.0	32.46263660019869	0.0	9.551086274916011	0.0	0.0	0.0	0.0	0.0	0.0	17.50939026890543	0.0
GSM4138110_HNSCC_1_PBMC_TACTTGTAGTCATCCA	104.28106872639908	30.816130374663114	0.0	87.58075743420264	33.164393127324296	0.0	95.20212455045213	0.0	0.0	77.10835528095983	0.0	0.0	0.0	0.0	0.0	0.0	0.0	0.0	0.0	0.0
GSM4138110_HNSCC_1_PBMC_TACTTGTTCAGAGCTT	96.7178700407047	54.955225568535816	15.136987480179624	36.22482187278752	56.342198094331295	0.0	0.0	0.0	75.59395824054849	0.0	0.0	0.0	0.0	96.37816256390224	32.99338061936672	0.0	0.0	0.0	0.0	0.0
GSM4138110_HNSCC_1_PBMC_TAGACCAGTCCGAGTC	84.675062227467	68.53323458651886	73.30491783385142	0.0	44.273942253093814	0.0	85.25524493289963	0.0	0.0	0.0	0.0	80.24059862007664	0.0	0.0	0.0	0.0	0.0	0.0	0.0	0.0
GSM4138110_HNSCC_1_PBMC_TAGAGCTGTTCCCTTG	78.76299076164628	43.482048322584205	72.05951993337348	0.0	0.0	0.0	0.0	48.466994962297335	52.610530289561446	32.79266895167578	8.021891004051836	0.0	0.0	17.47208430479299	0.0	0.0	0.0	0.0	0.0	0.0
GSM4138110_HNSCC_1_PBMC_TATCTCACACGGCGTT	94.56113000467037	79.26625873806925	0.0	84.83554010868913	0.0	64.41359479672491	7.0858773145966785	0.0	77.35713233014664	0.0	0.0	3.364069578092304	22.068219120840766	0.0	0.0	0.0	0.0	0.0	0.0	0.0
GSM4138110_HNSCC_1_PBMC_TATCTCATCAACGGGA	138.14720046563158	75.53713921289335	0.0	77.54155540412563	48.13862001319341	105.69020782380083	51.889001294869715	0.0	0.0	0.0	0.0	0.0	0.0	0.0	0.0	0.0	0.0	0.0	0.0	0.0
GSM4138110_HNSCC_1_PBMC_TCACGAATCTGTCCGT	119.54324175982639	57.92022573693047	44.15414103543229	14.22718385806525	14.60259673098514	0.0	63.61247253294181	0.0	25.993899510359242	82.98373898124645	0.0	0.0	0.0	0.0	0.0	0.0	0.0	0.0	0.0	9.328884831109711
GSM4138110_HNSCC_1_PBMC_TCAGATGTCCGCGTTT	72.06835514861751	71.01014663157422	0.0	99.66747360739004	29.809670254068855	0.0	0.0	0.0	0.0	0.0	0.0	47.25710784529991	0.0	0.0	0.0	55.1560251057547	0.0	0.0	0.0	0.0
GSM4138110_HNSCC_1_PBMC_TCAGCAAAGGCGCTCT	42.090570377791295	141.45634985272088	0.0	104.59444434551415	4.773964330396236	0.0	0.0	0.0	0.0	53.39967794277956	0.0	0.0	0.0	0.0	0.0	4.6053850863771775	0.0	0.0	0.0	0.0
GSM4138110_HNSCC_1_PBMC_TCATTACAGCGCTCCA	149.54842844885584	41.599328206771744	85.14861179000985	0.0	0.0	77.91864637508539	31.196383184578004	0.0	49.07848700746978	0.0	0.0	0.0	0.0	0.0	0.0	0.0	0.0	0.0	0.0	0.0
GSM4138110_HNSCC_1_PBMC_TCCCGATAGTGGAGAA	55.19012597091477	61.16820870896698	0.0	45.552472861846255	0.0	0.0	18.28591824366734	0.0	13.390926036202325	0.0	54.88446111674761	0.0	0.0	0.0	0.0	0.0	0.0	0.0	0.0	0.0
GSM4138110_HNSCC_1_PBMC_TCGCGAGGTAGCACGA	103.73456876329143	96.4670316623624	49.308457473102386	29.705820633979936	60.77928449388868	0.0	0.0	0.0	0.0	99.33751566027516	0.0	0.0	96.50718885549522	0.0	0.0	7.677161355799038	0.0	0.0	0.0	0.0
GSM4138110_HNSCC_1_PBMC_TCGGGACTCAACGAAA	74.25226836997375	82.50925286380401	40.86015398213755	11.118252019990608	11.395679655786799	0.0	0.0	69.44145587234682	0.0	68.12936880109638	0.0	0.0	0.0	0.0	0.0	0.0	0.0	0.0	0.0	0.0
GSM4138110_HNSCC_1_PBMC_TCGGGACTCGAGAGCA	114.00487738657495	119.3852490164662	73.94383083510111	0.0	0.0	0.0	0.0	46.358788545422534	135.02923381295858	0.0	98.20658228377974	0.0	12.134847413492244	0.0	0.0	5.821610409332532	0.0	0.0	0.0	0.0
GSM4138110_HNSCC_1_PBMC_TCGGTAATCACTCTTA	59.939895949044825	66.55972172833363	0.0	79.24558262837535	0.0	0.0	0.0	0.0	35.03230878584614	0.0	92.50022877315784	0.0	0.0	0.0	36.4983403621229	0.0	0.0	0.0	0.0	0.0
GSM4138110_HNSCC_1_PBMC_TCGTACCTCCGCAAGC	129.7496091188728	240.308694416835	115.41928444271619	0.0	173.92887279544206	113.12707136002248	0.0	0.0	0.0	0.0	0.0	0.0	0.0	0.0	0.0	85.53273108215006	0.0	0.0	0.0	0.0
GSM4138110_HNSCC_1_PBMC_TCGTACCTCTGCCCTA	162.84154142004505	108.7521522858397	0.0	148.74213236967626	46.79287772372909	0.0	0.0	0.0	0.0	145.6887178080249	0.0	0.0	0.0	0.0	165.79844266803673	0.0	0.0	0.0	0.0	0.0
GSM4138110_HNSCC_1_PBMC_TCTATTGGTCTAAAGA	66.70525643050865	49.741223008037075	36.181200629232286	56.98340772647018	13.512796433942958	0.0	0.0	11.980566819629571	13.031567556990511	0.0	74.11994008161795	0.0	0.0	0.0	51.64904547976007	0.0	0.0	0.0	0.0	0.0
GSM4138110_HNSCC_1_PBMC_TCTATTGGTTGGTTTG	117.16743095115297	48.705660130282695	34.11970079242179	4.19720175415179	0.0	47.916711463829046	65.2876463960896	0.0	40.13078812757903	12.951729177856153	4.320179031172856	0.0	0.0	0.0	0.0	0.0	0.0	0.0	0.0	0.0
GSM4138110_HNSCC_1_PBMC_TCTATTGTCTGCAGTA	83.16237613360045	39.15629663562998	0.0	59.739461636385094	0.0	0.0	0.0	0.0	47.678150563029774	0.0	24.987219285949788	0.0	30.73288448805844	0.0	0.0	0.0	0.0	0.0	0.0	0.0
GSM4138110_HNSCC_1_PBMC_TCTGAGACAGATAATG	98.2790559952273	81.42845242561893	65.47024555604932	0.0	86.21644053874448	0.0	0.0	81.8507495079681	0.0	0.0	26.110948345241987	0.0	0.0	67.13313855950932	0.0	7.078812555516556	0.0	0.0	0.0	0.0
GSM4138110_HNSCC_1_PBMC_TCTGAGAGTAAGAGAG	99.84883114090766	59.88631805375307	0.0	64.46216114158356	0.0	0.0	60.126470585539536	0.0	47.187055055328884	14.44518118833537	0.0	40.076044565378545	0.0	0.0	0.0	0.0	0.0	0.0	0.0	0.0
GSM4138110_HNSCC_1_PBMC_TCTGAGATCCTTTCTC	78.51390822739516	55.26325292974439	0.0	69.55722510476055	40.29165026400224	97.00566106132933	0.0	0.0	0.0	0.0	0.0	0.0	58.82581221719758	0.0	0.0	0.0	0.0	0.0	0.0	0.0
GSM4138110_HNSCC_1_PBMC_TCTGGAATCTCAAACG	74.78459054709259	57.110878282079106	43.50416668437247	0.0	38.55564872251722	0.0	45.60833931062504	0.0	0.0	0.0	0.0	104.86124910172298	0.0	0.0	0.0	0.0	0.0	0.0	0.0	0.0
GSM4138110_HNSCC_1_PBMC_TCTTTCCAGTGGGCTA	72.72262869982447	58.85904673912281	0.0	62.93423356603219	36.406850500745136	0.0	23.432063240719522	38.01463171698799	0.0	12.221295102613265	83.7556774351809	0.0	0.0	0.0	0.0	0.0	0.0	0.0	0.0	0.0
GSM4138110_HNSCC_1_PBMC_TGAAAGACACTTCGAA	44.2637085125538	21.989510751822827	48.39316212765058	0.0	53.40816459240428	0.0	11.412126656169896	0.0	0.0	0.0	0.0	0.0	0.0	65.33820232684532	0.0	0.0	0.0	0.0	0.0	0.0
GSM4138110_HNSCC_1_PBMC_TGACAACGTTAAGGGC	91.4003498357399	102.86601897363839	0.0	147.28686989218497	48.30624111256008	93.77559707152568	0.0	0.0	0.0	0.0	0.0	0.0	0.0	0.0	0.0	78.02092430103136	0.0	0.0	0.0	0.0
GSM4138110_HNSCC_1_PBMC_TGACGGCAGCGCCTTG	83.72166536317496	37.957621966124776	65.57627760133985	0.0	0.0	151.18395974953037	75.43763474995257	0.0	33.91919414981838	0.0	0.0	0.0	0.0	0.0	0.0	0.0	0.0	0.0	0.0	0.0
GSM4138110_HNSCC_1_PBMC_TGACGGCGTTACGACT	99.82279465728627	50.719890133641584	0.0	67.93603788474447	38.98082630056932	0.0	51.696415608435814	0.0	0.0	0.0	0.0	57.56378305887633	0.0	0.0	0.0	0.0	0.0	0.0	0.0	0.0
GSM4138110_HNSCC_1_PBMC_TGACGGCTCGGTTCGG	105.61533903114801	74.57237420659393	75.59394641947593	0.0	57.08587129514009	0.0	81.90173145494562	0.0	0.0	7.211010439230078	44.57920308736617	0.0	0.0	0.0	0.0	0.0	0.0	0.0	0.0	0.0
GSM4138110_HNSCC_1_PBMC_TGACTAGAGAACTGTA	37.249907206878035	36.9342558292617	25.727367746048905	0.0	43.13033525506625	0.0	0.0	0.0	0.0	0.0	71.04906612706267	0.0	1.0078470365971324	0.0	0.8978655582409579	0.0	0.0	0.0	0.0	0.0
GSM4138110_HNSCC_1_PBMC_TGAGCATGTATTCTCT	184.80412157390805	222.7339568145099	0.0	243.74736252723235	0.0	0.0	0.0	121.260396509769	0.0	135.1269258751523	0.0	0.0	0.0	0.0	0.0	0.0	0.0	0.0	50.860948876786665	0.0
GSM4138110_HNSCC_1_PBMC_TGCACCTTCCAGGGCT	176.21480158845168	75.12641051543932	0.0	57.43714647481152	48.2361901169557	0.0	0.0	0.0	0.0	0.0	0.0	0.0	39.583500103708396	0.0	0.0	119.43161938230367	0.0	49.380038006583234	0.0	51.014266370952505
GSM4138110_HNSCC_1_PBMC_TGCCAAATCGCGGATC	117.9073746097258	41.95712304342646	56.13523386225708	11.751954335650966	19.10853569990707	0.0	0.0	9.599795098202192	0.0	0.0	66.52392485844693	0.0	0.0	16.847650067560192	0.0	76.58358656344777	0.0	0.0	0.0	0.0
GSM4138110_HNSCC_1_PBMC_TGCCAAATCTTCCTTC	45.225622463539764	52.216711178716025	18.6147485172164	51.689033513948544	38.521043550108416	44.19185759107426	0.0	78.43311412838136	0.0	0.0	0.0	0.0	0.0	0.0	0.0	0.0	0.0	0.0	0.0	0.0
GSM4138110_HNSCC_1_PBMC_TGCCCATGTGGTCCGT	72.97836269941175	59.896263658519786	42.421120496085194	46.9606604238271	47.94502578579714	0.0	32.78730553899836	0.0	0.0	34.99163540577116	0.0	11.27398459157665	0.0	0.0	0.0	6.075493302094364	0.0	1.1367907262740538	0.0	0.0
GSM4138110_HNSCC_1_PBMC_TGCCCTACAAAGCAAT	93.71481844226045	66.52959799609123	10.259024583292375	60.439804597105265	68.03969354150561	56.749870139211566	0.0	49.27403756670041	0.0	0.0	0.0	0.0	0.0	26.208774336571317	0.0	0.0	0.0	0.0	0.0	0.0
GSM4138110_HNSCC_1_PBMC_TGCCCTAGTGTCGCTG	82.56970634622142	81.37951420801842	37.2556290722201	0.0	13.180959723394125	0.0	33.32927844758439	0.0	0.0	0.0	0.0	100.70626399169551	0.0	0.0	11.226219759038276	0.0	0.0	0.5427167268816899	0.0	26.03256477841547
GSM4138110_HNSCC_1_PBMC_TGCGCAGAGGGCATGT	182.3493727444124	159.63927693400336	17.628452713781257	109.55667228095832	0.0	0.0	0.0	0.0	121.26144938995996	25.470252070259246	81.76672491133041	0.0	0.0	0.0	82.70526773366784	0.0	0.0	0.0	10.380055251129315	0.0
GSM4138110_HNSCC_1_PBMC_TGCTACCCACTACAGT	119.16440156851391	106.61703087039315	0.0	59.31558246028117	61.89495909709264	73.28245277266707	68.10287440201928	0.0	0.0	0.0	0.0	0.0	0.0	0.0	0.0	0.0	0.0	0.0	0.0	0.0
GSM4138110_HNSCC_1_PBMC_TGCTACCCATTACGAC	84.71081901656926	62.437801032408345	45.611235611469844	0.0	32.34609937275804	0.0	0.0	0.0	0.0	48.003290470579906	0.0	0.0	0.0	0.0	0.0	36.85253465361221	0.0	0.0	0.0	0.0
GSM4138110_HNSCC_1_PBMC_TGCTACCTCAACCAAC	68.86170547292699	121.14680649252912	18.720192097903293	36.68559730502492	54.63112036392406	0.0	0.0	0.0	0.0	0.0	0.0	0.0	30.04149034948449	0.0	0.0	0.0	0.0	0.0	0.0	30.54796963939403
GSM4138110_HNSCC_1_PBMC_TGGACGCGTCATACTG	134.384419873088	99.62145057370256	69.94169427913542	0.0	74.35881256418307	0.0	0.0	0.0	0.0	0.0	0.0	0.0	0.0	79.13790818514816	63.81449795485815	0.0	0.0	0.0	0.0	0.0
GSM4138110_HNSCC_1_PBMC_TGGCCAGTCCTTAATC	141.42558927256346	72.65803283478606	0.0	107.31769683732986	19.293085087437397	0.0	119.36351888530469	0.0	8.796315120906412	0.0	0.0	48.33705921660821	0.0	0.0	0.0	0.0	0.0	0.0	0.0	0.0
GSM4138110_HNSCC_1_PBMC_TGGCTGGCAGTCGATT	163.1859645206952	190.63962332539714	0.0	123.65747323052089	49.39404702675283	0.0	0.0	0.0	0.0	0.0	0.0	69.73586053777132	0.0	0.0	131.4020007318236	0.0	0.0	18.766474737399665	0.0	0.0
GSM4138110_HNSCC_1_PBMC_TGGGAAGCAATGGAGC	91.69843043555403	20.55866829954861	0.0	39.56014280532559	0.0	0.0	0.0	0.0	31.242966709904575	43.42492294544359	0.0	0.0	0.0	0.0	0.0	44.085868884354035	0.0	0.0	0.0	0.0
GSM4138110_HNSCC_1_PBMC_TGGGCGTAGGGAGTAA	84.92839152771599	93.72176467365294	30.11554372936832	8.54774984854321	22.11393668065189	0.0	46.89576351521298	0.0	0.0	48.131389436219784	4.531510954810048	0.0	0.0	0.0	0.0	0.0	0.0	0.0	0.0	0.0
GSM4138110_HNSCC_1_PBMC_TGGGCGTGTTCGCGAC	118.15536032774237	75.69507225850398	64.93530268089695	0.0	19.724622379035743	0.0	4.796134785462231	9.605746561476789	0.0	0.0	16.412367897733365	0.0	0.0	11.172640046478232	9.672828637225917	17.391358342130943	0.0	0.0	0.0	0.0
GSM4138110_HNSCC_1_PBMC_TGGGCGTTCAACTCTT	8.340912402962356	32.8208711556118	3.8555243229670375	30.545559472759088	94.20720717726965	92.50262611150535	27.149267854918683	0.0	0.0	0.0	0.0	0.0	0.0	0.0	0.0	0.0	0.0	0.0	0.0	0.0
GSM4138110_HNSCC_1_PBMC_TGGTTAGGTAGAAAGG	73.16294299624236	40.929561947186585	45.12965371865984	2.466553394787936	34.13129181208699	0.0	0.0	14.36930849158075	0.0	0.0	0.0	0.0	0.0	39.92780824121444	49.81163963889044	0.0	0.0	0.0	0.0	0.0
GSM4138110_HNSCC_1_PBMC_TGGTTAGTCGTCCGTT	148.24466913705174	100.70800473146353	0.0	90.08761394836138	0.0	0.0	65.34903740201452	0.0	40.95329873147095	0.0	0.0	0.0	0.0	75.9402348073149	0.0	0.0	0.0	0.0	0.0	0.0
GSM4138110_HNSCC_1_PBMC_TTAACTCGTGTTCTTT	47.567955691953834	28.9183409100804	27.366192782764177	1.2603678800940872	68.29211149278453	0.0	0.0	0.0	0.0	0.0	0.0	100.38571686618036	16.502433992340965	0.0	0.0	18.144018745519094	0.0	0.0	0.0	0.0
GSM4138110_HNSCC_1_PBMC_TTAACTCGTTAGTGGG	178.68197006424006	79.6221506718356	0.0	53.735034013253	38.65083176610201	0.0	0.0	0.0	8.213184606829222	0.0	101.01478828012107	0.0	0.0	0.0	0.0	97.33733256447746	0.0	0.0	0.0	0.0
GSM4138110_HNSCC_1_PBMC_TTAGGCATCATGTCCC	64.40359412156813	40.63656440075389	60.9307159733409	0.0	0.0	48.471729566580315	0.0	0.0	30.0625168876467	0.0	0.0	0.0	0.0	0.0	44.592399698585986	0.0	0.0	0.0	0.0	0.0
GSM4138110_HNSCC_1_PBMC_TTCTACAGTTGTGGAG	24.76092087157244	26.954609130583226	5.630500580971563	8.031857857283844	0.0	34.957444901524774	0.0	0.0	38.00432339897991	0.0	0.0	0.0	0.0	0.0	0.0	0.0	147.04992409409286	0.0	0.0	0.0
GSM4138110_HNSCC_1_PBMC_TTCTCAATCCTCTAGC	106.83880023597284	69.68946348699555	62.08124941212754	7.1667889299740635	0.0	109.14057029534274	59.32274498226911	0.0	51.115581042289705	0.0	0.0	0.0	0.0	0.0	0.0	0.0	0.0	0.0	0.0	0.0
GSM4138110_HNSCC_1_PBMC_TTCTCCTTCCCGACTT	59.24203233315499	81.58298752701523	32.905861812030835	0.5108060776403979	33.61080707914161	25.747236142096977	0.0	0.0	0.0	0.0	0.0	0.0	0.0	0.0	0.0	52.48478658812546	0.0	0.0	0.0	0.0
GSM4138110_HNSCC_1_PBMC_TTGACTTCATGGAATA	82.96423872564004	50.913776650296526	59.306651131025696	0.0	52.55406432113871	68.14007844664896	0.0	35.15829460040041	0.0	0.0	0.0	0.0	0.0	0.0	0.0	35.343760747419275	0.0	0.0	0.0	0.0
GSM4138110_HNSCC_1_PBMC_TTGACTTTCAGGTAAA	103.93870116219644	85.94038443253153	45.18971509774014	5.303282026433657	52.70156774056977	16.567706337760068	0.0	0.0	0.0	0.0	1.7168892660163153	0.0	47.510899680711915	42.71296492866694	0.0	0.0	0.0	0.0	0.0	0.0
GSM4138110_HNSCC_1_PBMC_TTGTAGGCAGCGTTCG	51.643156064097724	23.644438012616163	0.0	30.805612845454434	58.11827991469556	0.0	0.0	0.0	0.21737400588528283	1.1040387456570957	24.314917298168144	0.0	35.41546177785286	0.0	0.0	0.0	0.0	0.0	0.0	0.0
GSM4138110_HNSCC_1_PBMC_TTTACTGGTTCTGGTA	41.112484278710426	46.54373189292642	0.0	89.31035802929051	26.93151100249191	0.0	44.084184435683156	0.0	0.0	0.0	15.48133165891945	0.0	0.0	4.179091489086989	0.0	0.0	0.0	0.0	0.0	0.0
GSM4138110_HNSCC_1_PBMC_TTTATGCGTTTGTGTG	50.06237766458898	43.17974281958553	28.669714521425806	24.31802402838877	18.79673075914356	0.0	43.75798733589546	0.0	0.0	0.0	0.0	0.0	0.0	0.0	0.0	0.0	0.0	19.014868740226177	0.0	38.36459956315402
GSM4138110_HNSCC_1_PBMC_TTTCCTCCAGATCCAT	98.88612910215814	47.3402889675346	0.0	155.1579439375543	50.75978636374989	0.0	40.048887413788705	0.0	0.0	0.0	0.0	0.0	0.0	40.55870465920837	0.0	0.0	0.0	0.0	0.0	0.0
GSM4138110_HNSCC_1_PBMC_TTTCCTCGTTCGCGAC	121.05429979616353	62.45259119873075	62.366366402887024	0.0	44.73797507323562	0.0	0.0	0.0	0.0	0.0	0.0	120.25672053213194	0.0	0.0	0.0	109.55426432693652	0.0	0.0	0.0	0.0
GSM4138110_HNSCC_1_PBMC_TTTGCGCCACGAAATA	81.06087245879729	61.13833050826917	76.76607877290613	2.781167660939393	78.77389684247112	53.92842566447565	0.0	40.113728079862256	0.0	0.0	0.0	0.0	0.0	0.0	0.0	0.0	0.0	0.0	0.0	0.0
GSM4138110_HNSCC_1_PBMC_TTTGCGCGTTTCCACC	20.41967902343257	71.13691341076678	0.0	98.90114880080552	0.0	0.0	0.0	0.0	0.0	14.326282940040933	0.0	63.02504326326067	0.0	0.0	53.96516975756605	0.0	0.0	0.0	43.002291008035826	0.0
GSM4138110_HNSCC_1_PBMC_TTTGGTTAGAATTGTG	78.89615618086427	66.26158056087039	0.0	80.56094150133796	18.509927237777017	0.0	0.0	62.19614658419363	5.954326098424548	0.0	0.0	71.19344219145478	0.0	0.0	0.0	0.22018307568197198	0.0	0.0	0.0	0.0
GSM4138110_HNSCC_1_PBMC_TTTGGTTAGAGCAATT	69.02005205354905	91.97565485166491	112.97057691474119	8.47312583566442	59.58700155138567	0.0	0.0	42.30638336394664	0.0	0.0	89.44323301194025	0.0	0.0	22.03508119274524	0.0	0.0	0.0	0.0	0.0	0.0
GSM4138110_HNSCC_1_PBMC_TTTGGTTGTCCGTGAC	100.59393994214521	79.90138079599168	46.056726465787996	0.0	0.0	0.0	62.53138237375184	0.0	66.29170480377665	25.906986169696967	0.0	11.444003771592932	0.0	0.0	0.0	0.0	0.0	0.0	0.0	0.0
GSM4138110_HNSCC_1_PBMC_TTTGTCAAGTACGATA	125.59473239511799	94.78923268957743	0.0	53.265115091278	58.1677559463639	0.0	0.0	81.65867907213456	0.0	0.0	1.0409336116605559	30.16213916135871	0.0	41.251790274943254	0.0	0.0	0.0	0.0	0.0	1.0783020667991332
GSM4138110_HNSCC_1_PBMC_TTTGTCATCAGGCAAG	55.76800842647632	84.52856823713716	30.83968441381802	27.101715794007255	54.78787031194259	0.0	0.0	0.0	0.0	0.0	0.0	105.49697674748816	0.0	0.0	0.0	45.74613076588464	0.0	0.0	0.0	0.0
GSM4138110_HNSCC_1_PBMC_TTTGTCATCGCGTAGC	67.2453327479629	101.57080836678648	58.00204399612647	0.0	34.59123112557609	0.0	0.0	42.778154950748345	0.0	0.0	0.0	0.0	0.0	43.17729846260612	0.0	0.0	0.0	0.0	0.0	0.0
GSM4138110_HNSCC_1_PBMC_ACGGAGAAGCAGGCTA	103.56531346912635	96.70326440146597	47.87347495702985	21.787774667985552	0.0	40.644791943940085	29.095464552251464	0.0	71.0151462307964	0.0	0.0	0.0	0.0	0.0	3.15307113358937	0.0	0.0	0.0	0.0	0.0
GSM4138110_HNSCC_1_PBMC_ACTATCTGTCGAGTTT	148.35834798231016	122.53144298469857	4.330145541054077	40.81395768446393	83.8528240448444	0.0	91.68169471713914	0.0	0.0	91.53784997919546	0.0	0.0	0.0	0.0	0.0	0.0	0.0	0.0	0.0	0.0
GSM4138110_HNSCC_1_PBMC_CAGTCCTGTAGAAGGA	101.4460514515666	58.9360136851483	0.0	95.68956774471286	0.0	0.0	0.0	0.0	50.21578877832189	41.65580417285134	0.0	31.284358159721755	10.190409873209374	0.0	46.242834199435805	0.0	0.0	0.0	0.0	0.0
GSM4138110_HNSCC_1_PBMC_CGATGTATCGGTCTAA	84.30198877918967	86.63931563815524	15.241036271857821	39.84240346487579	28.30713373362709	38.72267375672059	72.85242739806189	0.0	0.0	0.0	0.0	0.0	0.0	0.0	0.0	0.0	0.0	0.0	0.0	0.0
GSM4138110_HNSCC_1_PBMC_GACCTGGTCGCCAAAT	104.22424864642622	80.76511133457171	2.8010722296425485	53.14840229620078	19.260430182950177	0.0	0.0	21.454441308730733	25.451533739604834	81.68106534221168	0.0	0.0	50.32824868173024	0.0	0.0	0.0	1.6143243671394596	0.0	0.0	0.0
GSM4138110_HNSCC_1_PBMC_TACGGTACATGGTCAT	161.26792564810847	130.651471962124	32.54442778752243	72.4871824735121	107.03898371781399	111.34518478287626	97.22432541186241	6.21526921057891	0.0	0.0	0.0	0.0	0.0	0.0	0.0	0.0	0.0	0.0	0.0	0.0
GSM4138110_HNSCC_1_PBMC_TTAGTTCTCGCGGATC	69.7053294434664	61.059267602047385	41.99990440246132	0.0	45.9962707912629	0.0	54.25709515738322	0.0	0.0	12.639471023078034	0.0	24.935550488155986	0.0	0.0	0.0	0.0	0.0	0.0	0.0	0.0
GSM4138110_HNSCC_1_PBMC_AAAGCAACACGCGAAA	155.75502379476285	128.70324039074748	109.7051727227148	0.0	11.575135816815358	150.0275411228612	75.33725682819943	0.0	0.0	0.0	0.0	0.0	40.20769004612513	0.0	0.0	0.0	0.0	0.0	0.0	0.0
GSM4138110_HNSCC_1_PBMC_AACTTTCGTGTATGGG	83.12751799001684	62.75289382436052	0.0	48.948675981552206	0.0	0.0	0.0	0.0	1.261614220687286	0.0	0.0	0.0	0.0	21.477443198855106	76.00068522799128	0.0	0.0	0.0	0.0	0.0
GSM4138110_HNSCC_1_PBMC_AAGGAGCAGGGAAACA	144.50233278785473	69.19446669089719	78.9574239233235	0.0	44.24197696415034	41.93198536038773	0.0	43.553974785088286	0.0	0.0	0.0	0.0	0.0	0.0	0.0	0.0	23.404636663124727	0.0	0.0	0.0
GSM4138110_HNSCC_1_PBMC_AATCGGTGTAATCACC	135.62112006109825	87.18488272069446	66.10951143406832	0.0	24.4018144456607	0.0	0.0	41.502552894015814	0.0	104.83493128993211	0.0	7.288159078963934	0.0	0.0	0.0	0.0	37.42867657604388	0.0	0.0	0.0
GSM4138110_HNSCC_1_PBMC_ATAACGCTCACAACGT	365.31264366953997	168.55661361924703	159.85253244823497	0.0	80.79641388721672	22.24183676897194	133.02902819586012	0.0	0.0	0.0	0.0	0.0	0.0	0.0	0.0	0.0	0.0	141.92409199681833	0.0	0.0
GSM4138110_HNSCC_1_PBMC_ATCATCTTCTGGCGAC	263.4633680257025	235.9089523160002	33.4057181006307	61.81148751780049	0.0	50.9831594399149	63.40136883525861	0.0	84.4269054915004	55.88834017898867	0.0	0.0	0.0	0.0	73.52246977338261	0.0	0.0	0.0	0.0	0.0
GSM4138110_HNSCC_1_PBMC_ATCCGAATCGTTTATC	166.92631371711528	156.59112698603533	71.92737566126507	0.0	27.49754863357361	0.0	89.3126878922616	0.0	0.0	0.0	64.01941636531576	0.0	0.0	0.0	0.0	0.0	0.0	0.0	0.0	0.0
GSM4138110_HNSCC_1_PBMC_ATGCGATTCGTGGGAA	178.36707152737532	128.16738998168967	104.59527522942324	19.052319587795658	30.69951467978552	0.0	59.981149303408635	0.0	65.66504418148405	70.79764440452628	0.0	0.0	7.573967502404461	0.0	0.0	0.0	0.0	0.0	0.0	0.0
GSM4138110_HNSCC_1_PBMC_CAAGAAATCAGGCAAG	83.43729799598572	73.79034775390221	61.68141314490683	0.0	31.985956382129743	68.19331188439317	0.0	57.62460361848559	0.0	0.0	0.0	0.0	0.0	0.0	0.0	0.0	0.0	0.0	0.0	0.0
GSM4138110_HNSCC_1_PBMC_CACAGGCCACACCGAC	211.58754612210512	252.05719156146256	0.0	178.26685660977031	66.71675832971773	0.0	84.30375629521785	0.0	0.0	0.0	58.41849318422263	0.0	37.0845373118857	89.25905257170275	0.0	0.0	0.0	0.0	0.0	0.0
GSM4138110_HNSCC_1_PBMC_CACTCCATCTGTACGA	53.50183073528699	72.9289558411517	61.807882313187314	0.0	5.756956813395546	0.0	45.889265394975645	0.0	0.0	0.0	0.0	44.56802841474145	38.10632769774172	0.0	0.0	0.0	0.0	0.0	0.0	0.0
GSM4138110_HNSCC_1_PBMC_CCTTCCCTCGCCTGTT	63.93934144619931	41.59341261323502	4.498004705969775	52.60841989699915	60.08722275108375	36.560879446308256	10.382546165673242	0.0	0.0	0.0	0.0	0.0	19.27591168274724	0.0	4.59611358107488	0.0	0.0	0.0	0.0	0.0
GSM4138110_HNSCC_1_PBMC_CGATTGAAGACTAAGT	170.27414565976318	107.01218518079442	147.11876093967095	0.0	51.922748013392436	51.71047830228861	77.72413829249949	0.0	0.0	0.0	0.0	0.0	0.0	0.0	0.0	0.0	0.0	0.0	0.0	0.0
GSM4138110_HNSCC_1_PBMC_CGGACGTTCTGAGTGT	57.88757989349306	25.730708302088832	8.025306969414697	73.45204171147658	21.9110437955408	0.0	0.0	7.629204215833614	0.0	6.7750568113636165	0.0	64.46360011928134	0.0	19.270736146917592	0.0	30.113305314399312	0.0	0.0	0.0	0.0
GSM4138110_HNSCC_1_PBMC_CGGGTCATCCCAACGG	77.82543680659563	59.654068318487035	64.60950805488821	0.0	0.0	36.92520461048837	0.0	0.0	1.348065003861211	0.0	0.0	10.973606882294462	35.62225353784529	0.0	0.0	0.0	12.008652734153783	0.0	0.0	0.0
GSM4138110_HNSCC_1_PBMC_CTCGAGGCATAGACTC	165.85337370117892	151.42789217285923	193.24595803872336	0.0	15.445940963722565	0.0	197.2223606725572	0.0	12.219098153352153	100.1913435252336	0.0	0.0	0.0	0.0	0.0	0.0	0.0	0.0	0.0	0.0
GSM4138110_HNSCC_1_PBMC_CTCGTCACAATAAGCA	185.54688395496214	124.26558426964277	96.4625195470864	6.1658475613927175	71.0547202404446	31.175079717754315	128.73929977227257	0.0	0.0	0.0	0.0	46.138883585192055	0.0	0.0	0.0	0.0	0.0	0.0	0.0	0.0
GSM4138110_HNSCC_1_PBMC_CTGATCCTCTTTAGGG	179.35468842268415	91.43179736841533	0.0	75.65905500248076	29.874555564710445	0.0	89.06051857536055	0.0	0.0	62.030130512788475	28.04522421171048	0.0	0.0	0.0	0.0	0.0	0.0	0.0	0.0	0.0
GSM4138110_HNSCC_1_PBMC_CTGTGCTTCTAACGGT	123.07697047145645	98.430742336871	15.672410039701765	124.85955958835169	75.21882475526083	20.50102059104998	0.0	0.0	0.0	0.0	0.0	0.0	0.0	55.76441873045884	50.43097729731961	0.0	0.0	0.0	0.0	0.0
GSM4138110_HNSCC_1_PBMC_CTGTGCTTCTATCGCC	137.7130943351926	89.1990257422592	9.753817326035303	56.17287662571998	28.750417897233483	0.0	0.0	0.0	0.0	0.0	0.0	101.19954338463836	117.47762409933843	0.0	0.0	0.0	0.0	0.0	0.0	0.0
GSM4138110_HNSCC_1_PBMC_GACTAACGTCGACTGC	174.42770889031544	118.16187339522024	69.42858115623262	18.557627405759668	32.66343544181928	0.0	0.0	4.284517249657778	0.0	55.12761899221987	0.0	0.0	47.35686268596926	0.0	0.0	0.0	7.168419650510592	0.0	0.0	0.0
GSM4138110_HNSCC_1_PBMC_GAGGTGATCGTCCGTT	128.7119784872715	192.641914491786	123.16988322645027	0.0	28.543852885574697	0.0	0.0	122.36924712131268	0.0	38.38205636378072	51.36494628719825	0.0	0.0	0.0	0.0	0.0	0.0	0.0	0.0	0.0
GSM4138110_HNSCC_1_PBMC_GATCAGTAGTGTACTC	113.80958144728896	77.09580680887983	115.12496443966255	70.18469354267042	6.49402663833259	0.0	0.0	0.0	24.766407080520963	92.48581975850671	0.0	0.0	8.911111927962938	0.0	89.60858958736438	0.0	0.0	0.0	0.0	0.0
GSM4138110_HNSCC_1_PBMC_GCTCTGTAGTATCTCG	0.0	0.0	0.0	0.0	0.0	0.0	0.0	3381.871014391073	0.0	0.0	0.0	0.0	0.0	0.0	38.3344977934887	0.0	0.0	0.0	0.0	0.0
GSM4138110_HNSCC_1_PBMC_GGAACTTTCCGATATG	137.25735098121342	98.48514122646301	74.62693995607121	0.0	21.247137597730557	85.09102538606298	56.39064270825808	0.0	0.0	0.0	0.0	0.0	0.0	0.0	0.0	0.0	0.0	0.0	0.0	0.0
GSM4138110_HNSCC_1_PBMC_GGACAGAAGCCATCGC	166.9557056139368	89.81161500006624	87.53231941777669	49.82893906489087	63.88346920718772	0.0	71.81169697534415	0.0	0.0	0.0	0.0	6.888444514832347	0.0	15.951473182384706	0.0	0.0	0.0	0.0	0.0	75.50281748481291
GSM4138110_HNSCC_1_PBMC_GGATGTTGTGCAGTAG	159.36845374761253	99.096629259954	65.169285412209	0.0	39.70244282207775	43.39377400608005	0.0	0.0	0.0	0.0	0.0	0.0	0.0	17.575171279975162	83.410105492896	0.0	0.0	0.0	0.0	0.0
GSM4138110_HNSCC_1_PBMC_GTAACTGCAGCTGTTA	114.82843738536316	98.18127950068988	0.0	94.2182335992613	34.43231230389006	77.70353366509572	0.0	0.0	0.0	0.0	0.0	0.0	7.68881696835884	0.0	0.0	51.86584000126309	0.0	0.0	0.0	0.0
GSM4138110_HNSCC_1_PBMC_GTATTCTAGTAATCCC	247.21819754930738	150.1542462677213	90.48905713240481	53.4721650113801	54.93334877205497	0.0	0.0	117.07590864812406	0.0	0.0	0.0	0.0	0.0	103.35472296598581	0.0	0.0	0.0	0.0	36.41736550205002	0.0
GSM4138110_HNSCC_1_PBMC_GTGCAGCAGTCAAGCG	0.0	3034.086876153677	0.0	0.0	0.0	0.0	0.0	0.0	0.0	0.0	0.0	0.0	0.0	0.0	0.0	0.0	0.0	0.0	0.0	0.0
GSM4138110_HNSCC_1_PBMC_GTGCATACACAGGCCT	109.65959505963423	131.35304621487393	0.0	121.5896741593304	0.0	104.96644081575312	0.0	0.0	0.0	0.0	0.0	0.0	0.0	0.0	31.40348488253962	0.0	79.887736457647	0.0	32.61435732279906	0.0
GSM4138110_HNSCC_1_PBMC_TACTCGCGTTTAGCTG	108.97907703994636	71.06511592552633	90.01153222915036	0.0	0.0	126.87632817941108	0.0	0.0	32.814745157950505	0.0	0.0	0.0	0.0	0.0	77.02521904146283	0.0	0.0	0.0	0.0	0.0
GSM4138110_HNSCC_1_PBMC_TACTTACGTTATGCGT	91.94325506493259	118.73616410362425	142.84573165910226	0.0	0.0	18.23314195858982	0.0	29.58201111923791	0.0	79.17402023986779	0.0	0.0	0.0	0.0	0.0	20.843427081700845	0.0	0.0	30.230960703278775	0.0
GSM4138110_HNSCC_1_PBMC_TAGCCGGGTTCAACCA	128.70642161041826	108.08510893283704	116.30189534581496	0.0	41.38624938284241	0.0	60.14599783476031	0.0	0.0	0.0	45.32326973133789	0.0	0.0	0.0	0.0	0.0	0.0	0.0	0.0	0.0
GSM4138110_HNSCC_1_PBMC_TCAGCAATCCCAAGAT	266.94749949314127	118.34950767160299	155.1669563260519	0.0	41.68219175109183	0.0	46.56197827762895	0.0	0.0	0.0	0.0	138.14325775894818	3.0495950767360362	0.0	0.0	0.0	42.57959811642547	0.0	0.0	0.0
GSM4138110_HNSCC_1_PBMC_TGACGGCGTTGAGTTC	0.0	0.0	0.0	2968.81916162985	0.0	0.0	0.0	0.0	0.0	0.0	0.0	0.0	0.0	0.0	0.0	0.0	0.0	0.0	0.0	0.0
GSM4138110_HNSCC_1_PBMC_TTGCGTCGTACTTCTT	175.0941375436764	90.54330209242066	0.0	101.42138831682149	16.645201423998945	0.0	0.0	123.572254368962	83.86909451611189	62.708271005408776	0.0	0.0	0.0	0.0	0.0	0.0	0.0	0.0	0.0	0.0
GSM4138110_HNSCC_1_PBMC_TTTGTCAGTTAAGATG	98.37374676634374	60.89582860701083	0.0	66.1263914164687	12.77534123466454	0.0	54.54288506156437	0.0	0.0	33.77235653591573	0.0	43.39255780936017	0.0	0.0	0.0	0.0	0.0	0.0	0.0	0.0
GSM4138110_HNSCC_1_PBMC_ACGCAGCTCGTCACGG	172.57893940215283	118.31443148065053	191.84521035764737	0.0	0.0	0.0	0.0	77.8625656960045	32.355956301074	92.65649286037855	0.0	23.869340644998577	0.0	0.0	0.0	54.86784798268892	0.0	0.0	0.0	0.0
GSM4138110_HNSCC_1_PBMC_ATCATCTAGGAATCGC	130.2251020968156	107.43802642040458	55.82336282290579	0.0	70.38761581336739	0.0	0.0	0.0	0.0	0.0	134.99428566421273	0.0	0.0	0.0	0.0	96.81743357935058	0.0	0.0	0.0	0.0
GSM4138110_HNSCC_1_PBMC_TCAACGAGTTACGGAG	315.45583896992906	221.25748017046942	182.084916064341	0.0	143.9746360226802	206.31937659220313	266.56560165044846	0.0	0.0	0.0	0.0	0.0	0.0	0.0	0.0	0.0	0.0	0.0	0.0	0.0
GSM4138110_HNSCC_1_PBMC_AAACCTGGTCTCCCTA	192.79992016946528	187.53578872683542	71.63616369883778	103.02456128207585	69.7868623152497	91.59875214383287	0.0	143.77086699571493	0.0	0.0	0.0	147.71538558655115	0.0	0.0	0.0	0.0	100.38835319113021	0.0	0.0	0.0
GSM4138110_HNSCC_1_PBMC_ACACCGGAGTACACCT	243.29656844237695	177.09944396876077	232.27850380876254	0.0	0.0	0.0	0.0	298.334985312165	147.01897780306905	0.0	228.71787879103945	0.0	0.0	0.0	0.0	0.0	0.0	0.0	0.0	0.0
GSM4138110_HNSCC_1_PBMC_ACTGCTCGTGGTCCGT	218.86212838073394	182.32764277383538	156.39290045320882	0.0	113.39432409757342	0.0	0.0	136.18228310656337	0.0	0.0	0.0	0.0	0.0	0.0	0.0	0.0	30.825692762116276	0.0	0.0	199.64419772849308
GSM4138110_HNSCC_1_PBMC_AGCTCTCGTTAGTGGG	229.1067854416071	238.49974766734684	240.98505953548147	0.0	104.96471644790118	0.0	0.0	247.2542429980684	0.0	0.0	0.0	166.18256622097243	0.0	0.0	0.0	0.0	0.0	0.0	0.0	0.0
GSM4138110_HNSCC_1_PBMC_ATGGGAGAGGATGCGT	192.1457096222728	260.24175198827385	213.4454525105637	0.0	96.07540337952624	0.0	0.0	0.0	0.0	0.0	269.0809508079919	0.0	0.0	0.0	0.0	233.17066277774353	0.0	0.0	0.0	0.0
GSM4138110_HNSCC_1_PBMC_ATTATCCTCGGAAATA	279.8848069998423	207.36031671661337	200.74914605730677	0.0	8.639175958050759	0.0	0.0	199.86935176090446	65.87702953140034	0.0	0.0	147.65663094831592	0.0	0.0	0.0	0.0	0.0	0.0	25.757147163255766	0.0
GSM4138110_HNSCC_1_PBMC_CATCAGATCGCAAACT	243.23010218578102	196.01858999961158	204.33231183733804	0.0	74.0363783188408	88.37206486416234	0.0	196.1608721273503	0.0	0.0	0.0	85.54783698183225	0.0	0.0	0.0	0.0	0.0	0.0	0.0	0.0
GSM4138110_HNSCC_1_PBMC_CGTAGCGCATGCAACT	309.9778364763838	301.98723445962344	196.62016017283264	0.0	116.6986158316174	0.0	0.0	274.9556216937676	0.0	0.0	8.655839043159498	121.04639069148807	0.0	0.0	0.0	0.0	0.0	0.0	0.0	0.0
GSM4138110_HNSCC_1_PBMC_CGTCACTTCACGAAGG	285.2374044187527	177.16870237363864	0.06670821503038309	218.60409454703597	0.0	0.0	0.0	0.0	114.8755046612306	0.0	240.91233240973423	0.0	0.0	0.0	0.0	197.75630559550203	0.0	0.0	0.0	0.0
GSM4138110_HNSCC_1_PBMC_GCATACACACCAGCAC	163.91695202376138	230.25063729189856	188.54549593571306	0.0	88.92772000872881	0.0	0.0	176.29095753908084	0.0	0.0	0.0	0.0	0.0	0.0	0.0	0.0	0.0	0.0	0.0	196.50844168547067
GSM4138110_HNSCC_1_PBMC_GCGACCAGTCGATTGT	239.83639660627887	221.1033526783196	177.5729636012946	0.0	0.0	0.0	0.0	193.45342406723032	0.0	187.0792878060568	0.0	0.0	0.0	0.0	0.0	0.0	0.0	0.0	126.55461108051482	0.0
GSM4138110_HNSCC_1_PBMC_TACTTACTCGGCGCAT	60.11303901575203	27.878813095011136	76.41077197873794	0.0	0.0	83.28470189030922	0.0	95.71596110402736	46.23283068891523	0.0	0.0	0.0	0.0	0.0	0.0	0.0	0.0	0.0	0.0	0.0
GSM4138110_HNSCC_1_PBMC_ACCGTAAGTTACGTCA	88.2468704993739	110.76947221038465	0.0	93.1478034560811	113.48399124491908	0.0	11.835109006878689	0.0	0.0	0.30025440532504977	0.0	0.0	139.99523593146748	179.87069886902125	0.0	3.24556300932664	0.0	0.0	0.0	0.0
GSM4138110_HNSCC_1_PBMC_ATCCACCAGACAGACC	65.89147874813207	93.88149724623565	0.0	48.692749400348305	114.20290640522559	0.0	0.0	0.0	38.259376574149606	92.60910399890989	0.0	0.0	65.45076361534022	0.0	0.0	0.0	0.0	0.0	0.0	0.0
GSM4138110_HNSCC_1_PBMC_ATGAGGGGTATATGGA	233.43404919866717	298.74977397176906	250.60407459569427	36.64322779202272	0.0	186.42630614922626	0.0	0.0	180.27495715935163	0.0	0.0	0.0	207.12597820680404	0.0	0.0	0.0	0.0	0.0	0.0	0.0
GSM4138110_HNSCC_1_PBMC_CACCAGGGTCAGAATA	87.61862786827395	222.28518080415716	0.0	130.56989503051838	61.889590252442495	109.54808694199319	0.0	0.0	0.0	0.0	0.0	0.0	80.6688018878453	0.0	0.0	157.53912321177435	0.0	0.0	0.0	0.0
GSM4138110_HNSCC_1_PBMC_CAGCAGCTCAAAGTAG	125.02617109819614	121.81813828812774	0.0	97.79590134884857	71.12734038308541	0.0	175.00065211075898	0.0	0.0	0.0	0.0	85.57042811444883	0.0	0.0	0.0	0.0	0.0	0.0	0.0	0.0
GSM4138110_HNSCC_1_PBMC_CATCCACCAGTAACGG	75.34439816254077	163.50720848326404	165.3302493991315	0.0	0.0	173.08057957802262	0.0	106.77545634092029	98.4874007031855	0.0	0.0	0.0	0.0	0.0	0.0	0.0	0.0	0.0	0.0	0.0
GSM4138110_HNSCC_1_PBMC_CCTTTCTCATCCTAGA	177.40287056310973	92.02115649388028	0.0	144.62145318399422	70.19297043919671	0.0	0.0	0.0	0.0	0.0	0.0	0.0	53.36366381829058	0.0	0.0	68.81223595134709	0.0	135.0786653779431	0.0	0.0
GSM4138110_HNSCC_1_PBMC_CGTAGGCTCTACCAGA	103.90549239699895	128.4636341880764	0.0	127.20244759262664	95.81387409472914	0.0	26.08903075846135	0.0	0.0	0.0	0.0	0.0	105.31914285979505	0.0	0.0	0.0	0.0	148.83045589077685	0.0	0.0
GSM4138110_HNSCC_1_PBMC_CTGCCTAAGGACATTA	38.864882891955105	108.28519723790208	0.0	176.62451473577988	89.79829835851505	0.0	0.0	0.0	0.0	0.0	0.0	117.20727072250027	126.60119784276382	0.0	0.0	0.0	0.0	0.0	0.0	0.0
GSM4138110_HNSCC_1_PBMC_CTTTGCGGTGGTCCGT	113.32049583975008	118.63554460468798	126.44255393761767	0.0	61.54383268810493	8.379155278272794	57.13908467999456	0.0	0.0	0.0	0.0	93.10448162768337	0.0	0.0	0.0	0.0	0.0	0.0	0.0	0.0
GSM4138110_HNSCC_1_PBMC_GAAACTCAGACAAGCC	158.86079058820465	99.67084820856721	0.0	111.96706765439357	101.35219747201789	65.1457035299072	0.0	0.0	0.0	90.02042360004425	0.0	0.0	145.76753579773046	0.0	0.0	0.0	0.0	0.0	0.0	0.0
GSM4138110_HNSCC_1_PBMC_GACCAATAGCCCGAAA	166.2696150519298	249.25216464922667	0.0	171.0119600523691	0.0	0.0	0.0	0.0	138.9493013006755	0.0	0.0	0.0	6.773384984662327	187.15910329792132	0.0	145.39153465478458	0.0	0.0	0.0	0.0
GSM4138110_HNSCC_1_PBMC_GACCAATAGGGCTCTC	222.37474466318065	133.86261124298744	182.43575038092902	0.0	85.5038704046946	121.32732281801748	0.0	0.0	0.0	0.0	0.0	0.0	0.0	0.0	0.0	139.6498758588459	0.0	0.0	0.0	0.0
GSM4138110_HNSCC_1_PBMC_GATGCTATCCTCTAGC	183.930967185457	196.15873576781158	0.0	148.81738435177627	0.0	0.0	0.0	0.0	136.66082786113134	0.0	0.0	0.0	0.0	0.0	189.73045985297176	0.0	0.0	118.307679852763	0.0	0.0
GSM4138110_HNSCC_1_PBMC_GCTGCGATCCCGACTT	46.78226356128665	74.12470425208247	0.0	71.44228380280187	0.0	0.0	0.0	0.0	51.76501969738847	0.0	0.0	95.5848110089339	0.0	0.0	0.0	88.50411287290376	0.0	0.0	0.0	0.0
GSM4138110_HNSCC_1_PBMC_GTTACAGCAAGTTGTC	114.14113857152608	125.52501239975203	0.0	107.07796407547403	66.85492044576742	51.13731144722552	0.0	0.0	0.0	0.0	0.0	0.0	132.48647032028643	0.0	0.0	0.0	0.0	0.0	0.0	0.0
GSM4138110_HNSCC_1_PBMC_TAGGCATTCAGCGACC	116.0228070881491	168.04720940971768	0.0	130.28971683820026	106.73893830187578	0.0	0.0	0.0	0.0	0.0	0.0	150.9973346517517	107.90420346725536	0.0	0.0	0.0	0.0	0.0	0.0	0.0
GSM4138110_HNSCC_1_PBMC_TCGTACCTCCATGAAC	56.51070989787522	92.68931129701187	0.0	95.36324272467273	75.16739174789774	0.0	0.0	0.0	0.0	77.18222276039089	133.38581191724617	0.0	81.5918717556408	0.0	0.0	0.0	0.0	72.90373580817662	0.0	0.0
GSM4138110_HNSCC_1_PBMC_TGCGCAGAGAGTCGGT	192.13016248102556	80.80688017746108	0.0	114.3893354121246	71.48235183338876	74.49628404824847	0.0	0.0	0.0	0.0	0.0	0.0	5.500191032499947	0.0	0.0	131.09763453294534	0.0	46.164296286104616	0.0	0.0
GSM4138110_HNSCC_1_PBMC_TTGCCGTTCCTATTCA	126.52683082058851	169.01208741345744	0.0	100.02347833514561	0.0	0.0	0.0	0.0	72.37475397521801	0.0	0.0	0.0	0.0	171.11301860596737	0.0	321.8609434148146	0.0	0.0	0.0	0.0
GSM4138110_HNSCC_1_PBMC_TTTACTGAGTCCCACG	110.45082243489853	168.3434646897671	0.0	70.30066521305405	21.782309395446756	0.0	268.83058176411095	0.0	75.40279635360079	5.237207376438922	0.0	0.0	0.0	23.28464280820182	0.0	0.0	0.0	91.7177524094311	0.0	0.0
GSM4138110_HNSCC_1_PBMC_ACGGGTCGTCTTGATG	66.15107225868279	55.678195763359774	51.41892622161002	50.067858051680915	0.0	73.73708340799138	0.0	20.94989491827174	55.05806749552492	0.0	0.0	0.0	0.0	0.0	0.0	0.0	33.45885801994121	0.0	7.109089436451881	0.0
GSM4138110_HNSCC_1_PBMC_AGTGAGGAGGAATCGC	60.35282270664312	42.40997837065298	0.0	58.929017474276925	33.045505147501295	0.0	0.0	88.42037206880654	29.982490463654397	0.0	0.0	0.0	0.0	113.37611024564497	0.0	0.0	0.0	0.0	0.0	0.0
GSM4138110_HNSCC_1_PBMC_ATGTGTGCAAGCTGGA	152.4924031381436	145.08043964813072	0.0	168.3314796976711	90.81284066678062	127.79412043601077	0.0	0.0	0.0	0.0	0.0	0.0	0.0	0.0	0.0	64.81049340199145	0.0	0.0	0.0	0.0
GSM4138110_HNSCC_1_PBMC_CGACCTTAGTTACGGG	150.50607707612292	122.32553907232658	145.93409656978574	23.856232682488013	0.0	149.7831447872551	0.0	53.135301500802704	111.23240087383311	0.0	0.0	0.0	0.0	0.0	0.0	0.0	0.0	0.0	0.0	0.0
GSM4138110_HNSCC_1_PBMC_GCGACCACATGCATGT	146.52906113986324	91.47805931157019	8.020625131670522	100.39612804880294	59.06626442610894	0.0	143.0395310946805	0.0	0.0	11.136702593940651	84.67509795431371	0.0	0.0	0.0	0.0	0.0	0.0	0.0	0.0	0.0
GSM4138110_HNSCC_1_PBMC_GGATTACGTGCATCTA	152.38137715822873	103.21833341439991	0.0	68.1917147772672	71.17771170460047	100.43952240698981	0.0	25.49110175212175	0.0	0.0	0.0	0.0	9.732756038076435	0.0	0.0	78.3405455637309	0.0	0.0	0.0	0.0
GSM4138110_HNSCC_1_PBMC_GTGCAGCCACCAGATT	77.54080387046449	79.90357382399564	2.237359963633024	35.2068739093792	0.0	69.6115928049134	41.15117742329268	27.926708987306625	63.74393957203158	0.0	0.0	0.0	0.0	0.0	0.0	0.0	0.0	0.0	13.03749445029693	0.0
GSM4138110_HNSCC_1_PBMC_GTGCGGTTCTATGTGG	189.393519484001	170.77663606349614	0.0	83.81301128404021	33.37757709791564	65.95385282169283	0.0	0.0	63.721330560491964	0.0	0.0	0.0	0.0	0.0	0.0	0.0	66.96112862027304	0.0	0.0	0.0
GSM4138110_HNSCC_1_PBMC_GTTCATTTCCCTCTTT	86.56097147523948	106.63184611310211	54.58313956700068	16.668188034741714	50.83758086694199	0.0	0.0	0.0	0.0	0.0	0.0	63.333301692385014	50.27147819487943	0.0	0.0	58.281970551738986	0.0	0.0	0.0	0.0
GSM4138110_HNSCC_1_PBMC_TCATTACGTAATCACC	89.47311647117247	214.28020771119793	121.70844017519796	19.403194539999955	49.96988935922608	0.0	0.0	135.20475820777574	0.0	0.0	0.0	0.0	0.0	0.0	0.0	0.0	0.0	47.42610971003931	0.0	58.415031551659126
GSM4138110_HNSCC_1_PBMC_TTGCCGTTCAGAAATG	137.8812421803768	67.29788224258833	63.457165786504184	40.654634195370136	38.77061786345253	98.73201043970802	0.0	0.0	20.557636829525133	0.0	0.0	0.0	0.0	0.0	0.0	66.46843603475187	0.0	0.0	0.0	0.0
GSM4138110_HNSCC_1_PBMC_TTTGCGCAGTAGCGGT	215.17643212511084	169.57900511597842	69.24376033111749	34.66864252470579	27.98457118913153	0.0	0.0	183.65562634566206	47.21945601358109	258.3003400310051	0.0	0.0	0.0	0.0	0.0	0.0	0.0	0.0	0.0	0.0
GSM4138110_HNSCC_1_PBMC_TTTGGTTAGCACAGGT	117.13909188759449	141.10444832652578	64.97705750029218	0.0	0.0	0.0	0.0	0.0	67.3665609006408	0.0	0.0	124.77440935002882	0.0	0.0	0.0	93.93001745887751	0.0	0.0	0.0	0.0
