	1	2	3	4	5	6	7	8	9	10	11	12	13	14	15	16	17	18	19	20	21	22	23	24	25	26	27	28	29
GSM4138110_HNSCC_1_PBMC_AAACCTGAGGAGCGTT	32.28105608793083	66.9455321166978	0.0	3.3974747852687908	29.322600274673366	0.0	88.33226573146588	0.0	20.17857684439738	69.34716652991816	0.0	0.0	0.0	0.0	0.0	50.83445831080167	0.0	0.0	0.0	0.0	0.0	0.0	0.0	33.79677654963042	0.0	0.0	0.0	0.0	0.0
GSM4138110_HNSCC_1_PBMC_AAACCTGCAGATGAGC	68.79674196418222	30.738580616456666	67.30481532289025	41.36362148332058	69.1850285943006	26.949992265297944	17.4399524821313	0.0	30.539179936926953	45.282049665939894	0.0	0.0	41.97428311285917	0.0	0.0	0.0	0.0	0.0	0.0	0.0	0.0	0.0	0.0	0.0	0.0	44.456566651286565	0.0	44.92444793057936	0.0
GSM4138110_HNSCC_1_PBMC_AACGTTGAGACTGGGT	0.0	27.244833918709837	24.213344484914042	56.22457377020065	68.70121068735823	26.39592325463497	5.509658189411786	0.0	8.692600377481533	0.0	0.0	0.0	12.517401813331858	25.519052204491583	13.531694847989947	0.0	0.0	0.0	0.0	0.0	0.0	0.0	0.0	0.0	0.0	33.30627310943799	0.0	0.0	0.0
GSM4138110_HNSCC_1_PBMC_AACGTTGGTTACGACT	34.55926745121012	31.0136501683389	57.360947332612945	32.33038643449645	35.35599558404059	32.34623118971697	87.25945815953398	0.0	3.48354551629013	0.0	0.0	0.0	0.0	0.0	0.0	0.0	0.0	0.0	0.0	0.0	0.0	0.0	0.0	0.0	0.0	61.94789383118756	0.0	0.0	0.0
GSM4138110_HNSCC_1_PBMC_AACGTTGTCTAAGCCA	28.55167869472824	29.643988944866134	75.66563548758579	55.09593713370799	18.223930131301714	0.0	40.01594759783823	0.0	7.596280435930113	0.0	0.0	0.0	0.0	0.0	29.388945961886247	42.568973686433914	0.0	0.0	0.0	7.798413300817753	2.120647382343677	0.0	0.0	0.0	0.0	27.963988124886153	0.0	0.0	0.0
GSM4138110_HNSCC_1_PBMC_AACTCCCCATTTCAGG	56.6240717648337	71.82407160154114	56.142126091927466	44.57564702434536	10.766160752393994	20.8499120318039	0.0	0.0	0.0	0.0	32.179206495546076	10.970954883417031	0.0	0.0	0.0	0.0	8.004067479982226	0.0	0.0	3.920457458521644	14.751125144337786	0.0	62.01401602348102	0.0	0.0	0.0	8.172007145955462	15.535489409336476	0.0
GSM4138110_HNSCC_1_PBMC_AAGCCGCCACTTCTGC	59.0428230941433	74.22680156765168	72.50295368282403	82.74292564540303	25.071050354359727	11.487507660290815	27.9267086078478	0.0	32.74643417535051	25.708900847396663	0.0	8.258130987329713	0.0	18.47803410772306	0.0	0.0	0.0	0.0	0.0	19.28580788319023	11.199117341801434	0.0	0.0	0.0	0.0	0.0	0.0	0.0	0.0
GSM4138110_HNSCC_1_PBMC_AAGGTTCGTCTCTTAT	35.90383735714318	56.591566015410955	20.860177784067904	36.097563140683654	0.0	29.499938943121645	3.3879233534891777	31.40612417524194	9.225786189150561	0.0	0.0	0.0	0.0	0.0	0.0	0.0	0.0	0.0	0.0	88.92910133142192	0.0	0.0	0.0	4.390336458049846	0.0	56.32940691794321	0.0	0.0	0.0
GSM4138110_HNSCC_1_PBMC_AAGTCTGAGTACCGGA	89.08570277361139	116.65693303075211	27.98491593174492	24.014740677949117	0.0	19.849042150377628	6.841429851138979	0.0	5.517767583739702	0.0	14.310606362741991	0.0	0.0	36.56680948917473	18.7363490921043	0.0	0.0	0.0	0.0	0.0	0.0	0.0	0.0	0.0	0.0	0.0	0.0	0.0	0.0
GSM4138110_HNSCC_1_PBMC_AAGTCTGGTTGCCTCT	41.68216920465997	50.86125763776275	29.89659272900027	30.43482431408552	53.11131171071156	63.797089494287505	0.0	0.0	4.030517095327251	0.0	0.25651937503029026	0.0	0.0	0.0	0.0	0.0	0.0	0.0	0.0	26.675013407202613	0.0	0.0	26.67631619336049	5.463534626584069	0.0	0.0	0.0	0.0	0.0
GSM4138110_HNSCC_1_PBMC_AAGTCTGTCCAAACTG	50.25682290317469	32.00505167622775	23.180106670578056	88.25465352454027	87.28336197892361	65.50349891415532	0.0	0.0	0.0	0.0	24.870038437828274	10.360096450126152	0.0	0.0	28.34756651546178	0.0	12.51453549124404	0.0	32.21069547619898	0.0	21.821596709642055	0.0	0.0	0.0	0.0	0.0	0.0	0.0	0.0
GSM4138110_HNSCC_1_PBMC_ACATGGTCACATGGGA	19.095974755563862	59.95696003557618	60.15687168089741	23.156776271823972	6.972943866125617	36.40357874027136	0.0	0.0	0.0	0.0	0.0	71.77161828164272	0.0	0.0	0.0	17.769032907543412	0.0	0.0	58.10185784768092	0.0	0.0	17.0157233629015	0.0	0.0	0.0	0.0	0.0	0.0	0.0
GSM4138110_HNSCC_1_PBMC_ACGAGCCAGTATCTCG	36.227623396615336	42.61880333021118	38.81303370932812	50.805310512933715	85.05859422768066	51.46698627249985	0.0	0.0	0.0	97.35481322220657	0.0	0.0	0.0	19.141058758250185	0.0	15.282033786260662	17.59477723961811	0.0	0.0	0.0	0.0	0.0	0.0	0.0	8.89773430203591	0.0	0.0	0.0	0.0
GSM4138110_HNSCC_1_PBMC_ACGAGCCCACTTAACG	128.7580000609741	130.1052397875927	80.1690923848983	58.60376959497565	90.23628075170286	78.7158111616818	0.0	0.0	0.0	0.0	0.0	0.0	0.0	0.0	0.0	61.8010076343661	29.452518856071773	0.0	62.57589351386069	0.0	0.0	0.0	93.73853601572996	0.0	0.0	0.0	0.0	0.0	0.0
GSM4138110_HNSCC_1_PBMC_ACTATCTTCTTCCTTC	38.377772694600665	65.86836906189357	66.25472293391341	35.71917396097901	33.31004942902376	77.9293990147069	0.0	0.0	12.129872982429903	89.7303629273078	35.009776806418564	0.0	0.0	27.970786399038722	0.0	0.0	0.0	0.0	0.0	0.0	0.0	0.0	0.0	0.0	0.0	0.0	0.0	0.0	6.219683131037379
GSM4138110_HNSCC_1_PBMC_AGAGCTTAGAGCTGGT	50.722112905529066	73.96411541367681	53.323178782349615	107.73480070939672	35.31465212609025	25.783445497353487	0.0	0.0	17.713128861437134	25.53053942205425	0.0	0.0	13.01418991500184	0.0	21.017844123462734	0.0	1.024492439970044	0.0	14.726026638723912	0.0	59.62429729660255	0.0	0.0	0.0	0.0	0.0	29.81529818443005	0.0	0.0
GSM4138110_HNSCC_1_PBMC_AGATTGCGTCGCCATG	43.75636898039507	55.086082291210836	49.19196737780992	34.349705273477944	25.711684515502306	0.0	30.541405592267964	0.0	0.0	0.0	0.0	31.243319058546316	0.0	0.0	0.0	39.39996647553482	10.875470031469565	0.0	0.0	0.0	0.0	0.0	56.06375283138128	0.0	0.0	0.0	0.0	0.0	0.0
GSM4138110_HNSCC_1_PBMC_AGCGTATGTTATCCGA	64.33650953848937	41.72976246700133	38.05321321180251	41.89661427516993	49.79978491874254	0.0	17.796997050680883	0.0	18.047195073134198	40.93726814866787	0.0	22.158842487823925	0.0	0.0	0.0	28.850421433490133	0.0	0.0	0.0	0.0	0.0	0.0	0.0	0.0	74.84133679920154	0.0	0.0	0.0	0.0
GSM4138110_HNSCC_1_PBMC_AGGCCACAGTACTTGC	35.40225049766216	26.913482348010415	42.88577409248402	27.968600847476072	53.40913911275526	26.77074531180212	0.0	0.0	2.1874455690121373	75.14998622049538	0.0	15.864079122050999	0.0	0.0	0.0	27.771013355562744	5.559623840698324	0.0	0.0	0.0	0.0	0.0	0.0	0.0	0.0	0.0	0.0	0.0	0.0
GSM4138110_HNSCC_1_PBMC_AGGCCACCACTAAGTC	72.90626049348805	150.2500167712174	63.8540666904155	14.846903190769014	114.45237529257065	80.09338275700064	0.0	0.0	6.742871420153017	0.0	0.0	0.0	92.22720101844149	0.0	0.0	0.0	16.88372832736132	0.0	101.38600944067475	27.506268696967307	0.0	0.0	52.666281194565016	107.2884401160068	0.0	0.0	0.0	0.0	0.0
GSM4138110_HNSCC_1_PBMC_AGTAGTCTCTTAGCCC	11.240871769966057	42.908503789953855	37.62963254849987	54.43371568454942	8.08777562265702	36.74781068649042	0.0	0.0	16.372167635189456	39.26389816810987	0.0	11.551094467475783	0.0	0.0	0.0	0.0	0.0	0.0	0.0	0.0	0.0	0.0	0.0	4.665601723824604	0.0	0.0	94.2023768785987	0.0	0.0
GSM4138110_HNSCC_1_PBMC_AGTGAGGGTGGCCCTA	162.97179820677826	77.83731649153665	115.01508316946538	45.54943268324816	30.14132117508498	60.88370980933952	0.0	0.0	18.12906841410816	0.0	0.0	0.0	13.197963197503944	0.0	0.0	0.0	0.0	52.94221342736171	20.192344725892564	0.0	9.601834677372796	6.857033775687282	0.0	0.0	0.0	0.0	0.0	0.0	0.0
GSM4138110_HNSCC_1_PBMC_AGTGTCATCTCGCATC	105.58539658221203	49.01940232743989	39.27308298608834	49.84138080175461	21.650751581246848	43.22634054707931	0.0	0.0	8.123178841203991	0.0	11.579204824060607	16.36090966907625	0.0	0.0	0.0	0.0	0.0	23.907640883941678	0.0	0.0	0.0	0.0	0.0	0.0	0.0	0.0	0.0	0.0	0.0
GSM4138110_HNSCC_1_PBMC_AGTTGGTCATGGTTGT	56.45605645726626	59.29598013649787	78.54139514289889	66.57595209950345	68.84068163507843	77.47251627057908	0.0	0.0	10.751087263799445	48.82473055657627	0.0	54.91337619359444	55.03042795613973	0.0	0.0	0.0	13.906764253369591	0.0	0.0	0.0	0.0	0.0	0.0	0.0	0.0	0.0	0.0	0.0	0.0
GSM4138110_HNSCC_1_PBMC_AGTTGGTTCTTGGGTA	60.71590935912393	41.69361326342743	17.936170984978055	38.846143418821796	9.792702409814714	0.0	61.22628433372312	0.0	6.976403963208667	29.536018129738387	0.0	0.0	42.39108530527667	15.751954375625006	0.0	0.0	0.0	0.0	0.0	0.0	0.0	0.0	0.0	0.0	0.0	0.0	0.0	0.0	0.0
GSM4138110_HNSCC_1_PBMC_ATCTACTAGGGTGTGT	63.38936026301339	87.6534263792076	40.95730139636026	36.34228260689617	80.41579247956663	119.27139749792896	134.2825896931939	0.0	9.527792177378187	0.0	53.84679441892742	0.0	0.0	0.0	150.66789992234425	0.0	0.0	0.0	170.2759576857662	0.0	47.0819102330194	0.0	0.0	0.0	0.0	0.0	0.0	0.0	0.0
GSM4138110_HNSCC_1_PBMC_ATCTACTAGTACGTTC	33.31980729092826	67.57251952600735	50.69210701450193	54.52045432422552	52.88045024249769	25.843531634254223	0.0	31.766899774551	0.0	0.0	14.158057920104726	0.0	0.0	0.0	0.0	39.866152145139765	70.90083851086688	0.0	0.0	0.0	0.0	0.0	0.0	0.0	0.0	0.0	0.0	0.0	49.42976246486696
GSM4138110_HNSCC_1_PBMC_ATGAGGGCAAGCGATG	56.320692546394646	109.23648946253702	74.53198425521254	33.100218980262646	34.07136257930402	0.0	34.56490119666097	0.0	7.519596258808685	0.0	0.0	0.0	0.0	0.0	0.0	0.0	0.0	26.598543273427925	0.0	0.0	16.972695783082905	0.0	0.0	17.313011116263368	2.6869302566508235	0.0	0.0	0.0	0.0
GSM4138110_HNSCC_1_PBMC_ATGAGGGCACACAGAG	53.08932721911365	29.892473026776536	63.44620769076797	56.98629050649867	52.61174331195023	15.896623320687612	0.0	18.639600600090414	15.64197778613678	0.0	0.0	38.96869022091571	0.0	0.0	0.0	0.0	0.0	0.0	0.0	0.0	0.0	9.248900316399437	0.0	12.852244703573412	0.0	0.0	0.0	0.0	0.0
GSM4138110_HNSCC_1_PBMC_ATGCGATGTTTGACAC	37.92440977667138	17.82484091983981	46.67260681514301	63.03141056207172	7.280752332275454	2.8139612516410795	69.92962261701389	0.0	16.761947575596864	0.0	0.0	0.0	0.0	0.0	18.470391628813665	0.0	0.0	0.0	0.0	48.93902308461494	0.0	0.0	0.0	14.490001213923023	0.0	0.0	0.0	0.0	0.0
GSM4138110_HNSCC_1_PBMC_ATGTGTGCATGCGCAC	75.77664962478991	18.147631774656197	38.08578722686918	36.95820708624671	13.8816387027749	0.0	47.620567218010585	0.0	9.163031770683691	0.0	0.0	0.0	10.206955601563887	0.0	0.0	0.0	0.8136410122461983	0.0	34.22456026451087	0.0	0.0	25.136970436646912	0.0	8.154558198353689	0.0	0.0	0.0	0.0	0.0
GSM4138110_HNSCC_1_PBMC_ATTACTCTCATGCTCC	90.03361867527194	90.58659564189527	37.88971645296428	13.298346135483703	104.52001417903512	0.0	32.56534877798327	0.0	51.65147089674049	0.0	0.0	0.0	0.0	10.176952203645197	0.0	0.0	0.0	66.21534698907628	0.0	0.0	0.0	0.0	0.0	0.0	11.46572807146586	0.0	0.0	0.0	0.0
GSM4138110_HNSCC_1_PBMC_ATTATCCGTCACACGC	41.688230552319396	46.176782829823864	93.98699345268054	42.10071086896765	57.66975698438837	0.0	71.54860718046264	47.546748079068884	16.30593958843762	0.0	0.0	0.0	0.0	0.0	0.0	0.0	0.0	0.0	0.0	71.11323795976871	0.0	0.0	0.0	1.4850977308216227	0.0	0.0	0.0	0.0	0.0
GSM4138110_HNSCC_1_PBMC_ATTGGACAGAGATGAG	74.39866353839972	21.886858390622535	53.05737048540339	42.80012751573826	8.696385062222626	8.741877132956107	3.2594154010231677	0.0	5.768449069461346	58.68906406148631	15.131170995088235	3.9879183965480474	30.923350961471478	0.0	0.0	0.0	11.76743266763116	0.0	42.85752160368821	0.0	2.6668927879628965	0.0	3.6466929342249985	0.0	0.0	0.0	0.0	0.0	0.0
GSM4138110_HNSCC_1_PBMC_ATTGGTGCAGTGAGTG	58.66164805359437	121.08936965540398	50.72139709245999	13.856936281646595	22.643583076704015	25.20333202078783	0.0	0.0	22.474196963376922	0.0	27.646948037982654	20.074985303108313	0.0	0.0	0.0	0.0	0.0	0.0	16.03015104463312	0.0	0.0	24.598342719952555	0.0	0.0	0.0	0.0	0.0	0.0	0.0
GSM4138110_HNSCC_1_PBMC_CAACCAAGTTATCGGT	22.445352129475488	2.4572420622340845	34.533686276886016	15.640655167078144	44.2370654047805	32.62557103885206	0.0	57.827244885058995	21.07018488998752	0.0	0.0	0.0	25.646780798545347	0.0	0.0	0.0	0.0	0.0	0.0	0.0	0.0	1.6524847274893775	0.0	14.882538502530842	0.0	0.0	0.0	0.0	0.0
GSM4138110_HNSCC_1_PBMC_CAACCAATCCTTGACC	24.250903463522512	24.663357772169327	49.36923827418654	41.68482429059284	31.439058681293968	38.338035870167644	0.0	17.09115507345382	22.4450957825502	0.0	23.589030766977313	0.0	30.2831331399799	0.0	0.0	0.0	0.0	0.0	0.0	0.0	0.0	0.0	0.0	2.865706443538142	0.0	0.0	0.0	4.185711105568647	0.0
GSM4138110_HNSCC_1_PBMC_CACAGTAGTCTCCATC	83.40810309504388	45.17105427122569	52.927146552304265	29.796709856921783	0.0	17.029282893916285	0.0	62.44535112285636	23.30145866686022	0.0	0.0	0.0	0.0	0.0	0.0	0.0	0.0	0.0	15.945110209616026	0.0	0.0	0.0	0.0	0.0	0.0	0.0	97.86199305495755	0.0	0.0
GSM4138110_HNSCC_1_PBMC_CACATAGCAAAGCGGT	59.92631261686141	66.95917709833027	18.82551119838947	67.5046922127228	50.9114690044109	28.19500967449222	0.0	0.0	5.841677391481771	32.972694900249856	0.0	0.0	0.0	0.0	15.282372349017594	0.0	0.0	0.0	0.0	9.261979261568062	0.0	0.0	0.0	0.0	0.0	0.0	0.0	0.0	0.0
GSM4138110_HNSCC_1_PBMC_CACATAGCACCTCGTT	24.188229917506042	31.529239432526854	25.644204555392815	81.27433921190242	23.127927093029808	0.0	65.52914229752182	35.28817075304199	18.54827821471618	0.0	0.0	0.0	0.0	0.0	0.0	28.39989410945517	0.0	0.0	0.0	0.0	0.0	0.0	0.0	29.960343517337133	23.98300301041401	0.0	0.0	0.0	0.0
GSM4138110_HNSCC_1_PBMC_CACATTTGTGCACTTA	40.06740004732226	42.98747203688532	44.62732619231396	53.882374629124804	29.016425589099924	0.0	39.45595834174863	0.0	0.0	34.61281520847375	0.0	0.0	14.069466288148984	0.0	0.0	0.0	12.324989088711368	0.0	16.576612079218513	0.0	0.0	13.27217813320561	0.0	16.093361549208364	0.0	0.0	0.0	0.0	0.0
GSM4138110_HNSCC_1_PBMC_CACATTTTCCCATTAT	11.226917157835446	86.64607674737302	9.167294119124767	13.068833657082445	17.847499021606744	72.61035164775166	0.0	0.0	0.0	0.0	44.16817227938201	0.0	0.0	39.51417890199736	0.0	0.0	7.124419499998081	0.0	0.0	0.0	0.0	0.0	27.326752393463426	0.0	0.0	0.0	0.0	0.0	0.0
GSM4138110_HNSCC_1_PBMC_CACATTTTCTGGTTCC	67.67008058514779	68.63323962911024	25.894236761972333	21.2466346318071	8.625508757953158	43.39150846927908	0.0	30.025049056528445	8.3231952842415	0.0	0.0	0.0	31.56763962370351	0.0	0.0	0.0	0.0	0.0	48.36726255581078	0.0	0.0	0.0	0.0	0.0	0.0	0.0	0.0	0.0	0.0
GSM4138110_HNSCC_1_PBMC_CACCAGGTCGTGGGAA	71.37629578099013	31.69345311235839	43.244952843175014	52.22950809645382	69.09311157585796	48.9287488063205	13.476992787606424	0.0	18.308623684893053	0.0	0.0	0.0	0.0	50.185646297847676	20.51336957517494	0.0	0.0	0.0	0.0	3.712116653318554	35.61520729542528	0.0	0.0	0.0	0.0	0.0	0.0	0.0	0.0
GSM4138110_HNSCC_1_PBMC_CAGCAGCCAATGGTCT	41.28690093748858	24.856225237324352	43.5570675746098	19.956685518423264	51.90582726393774	0.0	2.932672551132748	0.0	0.0	0.0	28.610173223582688	0.0	0.0	12.506225585130375	0.0	0.0	7.756229695935011	0.0	0.0	0.0	0.0	0.0	51.6425084200566	0.0	0.0	0.0	0.0	0.0	0.0
GSM4138110_HNSCC_1_PBMC_CAGCATAGTCCGAGTC	65.28900640580117	15.538653190594962	36.39197457093099	11.862920617304596	54.839253007357776	22.74518202294123	0.0	0.0	32.39197025155984	0.0	0.0	3.8113456490952697	69.29901733910137	0.0	7.526041192298934	0.0	0.0	0.0	0.0	0.0	0.0	0.0	0.0	11.171828458000212	0.0	0.0	0.0	0.0	0.0
GSM4138110_HNSCC_1_PBMC_CAGCCGAAGCCCAACC	49.666269967270466	42.85596225693318	94.47035204534157	40.728586534796875	26.568721801903376	54.34617613812735	7.908371174717638	0.0	12.965997279157216	0.0	0.0	0.0	32.75082050777525	0.0	11.50572416800698	0.0	0.0	0.0	35.11495916007889	0.0	0.0	0.0	0.0	0.0	0.0	0.0	0.0	0.0	0.0
GSM4138110_HNSCC_1_PBMC_CAGCCGACATCGACGC	38.21986472544117	69.51375739785223	30.10476454180274	41.492453190286184	65.97089633188868	15.346599869121205	0.0	31.13846870181989	18.781973266904682	0.0	0.0	0.0	0.0	37.47907887458067	0.0	0.0	0.0	0.0	0.0	26.345754600733336	0.0	0.0	0.0	0.0	0.0	0.0	0.0	0.0	0.0
GSM4138110_HNSCC_1_PBMC_CATATTCTCCGCGTTT	58.02478833839199	84.4888724489798	41.277101846013515	26.47778162246669	49.3275564654246	48.03001343054824	0.0	2.016545927486409	9.26167857991851	0.0	0.0	34.127951890406216	1.4039973873454008	0.0	0.0	3.7716430199776254	0.0	12.051841627423014	0.0	26.08692781189674	0.0	0.0	0.0	0.0	0.0	0.0	0.0	0.0	0.0
GSM4138110_HNSCC_1_PBMC_CCAATCCCATTAGCCA	86.78252080899146	121.03720699212863	66.5959475503551	39.312493331996734	71.30745218591225	16.598611001459652	21.30810684918704	38.028843279471225	11.25422924002273	0.0	43.42771435259584	0.0	0.0	0.0	0.0	0.0	0.0	0.0	0.0	0.0	0.0	0.0	0.0	0.0	0.0	0.0	21.09677861860015	0.0	0.0
GSM4138110_HNSCC_1_PBMC_CCACGGAAGATCGGGT	16.443753967153288	17.313459126534845	50.981067610629296	41.270903117199865	38.4452575115934	39.838621017867695	0.0	0.0	0.0	62.45320175997766	0.0	39.049444143636016	0.0	0.0	0.0	0.0	0.0	43.31424781593844	0.0	0.0	34.279364901246566	0.0	0.0	0.0	0.0	0.0	0.0	0.0	0.0
GSM4138110_HNSCC_1_PBMC_CCATGTCAGAGGTAGA	64.9879321944336	62.56997906403068	35.10149825531455	40.96986378668336	60.70286243452619	29.747380226342138	0.0	0.0	29.632116933693535	43.739909007179634	0.0	0.0	0.0	0.0	0.0	0.0	0.0	23.83728812423501	0.0	0.0	35.74137649098594	0.0	0.0	0.0	0.0	0.0	0.0	14.40913134514866	0.0
GSM4138110_HNSCC_1_PBMC_CCATGTCCATGCCCGA	63.602575256854934	92.13333139621653	41.934174023092645	82.72375905862441	66.92631256317594	0.0	36.21779716786569	0.0	26.48600756222723	0.0	23.987940632343836	5.5193468890477675	0.0	0.0	66.80058571028219	0.0	6.269275956896074	0.0	0.0	6.926529706721892	0.0	0.0	0.0	0.0	0.0	0.0	0.0	0.0	0.0
GSM4138110_HNSCC_1_PBMC_CCGGTAGAGCTCCTCT	49.583741882867265	16.311823582623795	20.759933568521983	40.43756606295013	45.52488755299597	0.0	52.08154635782928	0.0	6.136695553178179	0.0	41.03448477416742	0.0	15.08205238620076	0.0	0.0	0.0	0.6094750959479848	0.0	0.0	0.0	0.0	0.0	22.85784364550005	0.0	0.0	7.827617808496997	0.0	37.7186669186156	0.0
GSM4138110_HNSCC_1_PBMC_CCTCTGAAGGGATCTG	31.79097672351555	27.8554287091755	65.979785989354	45.242589381532305	41.24325443658555	0.0	33.634254934022096	0.0	10.64751673760811	0.0	0.0	0.0	0.0	0.0	0.0	0.0	0.0	0.0	0.0	0.0	15.826723487522576	0.0	39.38068017000163	0.0	0.0	0.0	0.0	28.68666993200139	0.0
GSM4138110_HNSCC_1_PBMC_CGAACATGTTCGTTGA	38.02398061397937	21.395974739773617	26.78666853710306	32.81989439568091	27.815575146191563	48.00026748612104	0.0	0.0	6.047888731715898	0.0	0.0	0.0	57.602589286594444	16.119321818534402	0.0	0.0	3.052881501074773	0.0	0.0	0.0	0.0	5.92613068367604	11.071083561275918	0.0	0.0	0.0	0.0	0.0	0.0
GSM4138110_HNSCC_1_PBMC_CGAACATTCTGTCCGT	26.23596398673587	61.67703466984208	90.69825461327274	58.57075265112366	17.89089699104035	42.31484440694725	0.0	0.0	0.0	0.0	0.0	49.823980806599074	19.34078007076361	0.0	23.36731656750101	0.0	12.395386234683214	0.0	0.0	18.689925798657452	0.0	0.0	0.0	0.0	0.0	0.0	0.0	0.0	0.0
GSM4138110_HNSCC_1_PBMC_CGAATGTAGCGTCTAT	55.93587974002919	50.274117801745085	87.9448000374425	63.5442796009223	28.324351182625318	57.97062095850786	0.0	6.087617924513277	22.26728209140844	0.0	0.0	0.0	0.0	9.92336842551665	0.0	0.0	0.0	0.0	0.0	0.0	0.0	0.0	0.0	16.395483441383288	0.0	0.0	0.0	0.0	0.0
GSM4138110_HNSCC_1_PBMC_CGGGTCAAGTCTCGGC	35.81749663168443	68.66761524668135	37.276933928530894	32.936893654610266	11.808468101954878	0.0	39.9607391525684	0.0	7.619632644470928	0.0	55.61117174537268	0.0	0.0	0.0	0.0	38.033219975139076	0.0	0.0	0.0	0.0	0.0	29.277743403964998	0.0	0.0	0.0	0.0	0.0	0.0	0.0
GSM4138110_HNSCC_1_PBMC_CGTCTACCAAGCGTAG	38.84563547395084	26.153746257046596	110.28472070584043	93.34553731060537	17.311790061548876	19.79761797385572	0.0	0.0	4.642987700757151	0.0	0.0	0.0	40.71473022412054	0.0	0.0	0.0	0.0	83.32980725166092	0.0	0.0	0.0	0.0	0.0	0.0	0.0	0.0	0.0	0.0	38.00046585794861
GSM4138110_HNSCC_1_PBMC_CGTGTCTAGGTCGGAT	53.272924460662196	27.218092922815668	62.08396800272248	76.17444050305222	31.492374509801863	37.60908666978066	38.32532242097724	35.81487111215735	40.70611955584444	0.0	0.0	47.9742037307707	22.852423425957525	0.0	0.0	0.0	0.0	0.0	0.0	0.0	14.836386164055511	0.0	0.0	0.0	0.0	0.0	0.0	0.0	0.0
GSM4138110_HNSCC_1_PBMC_CGTTAGACATCCAACA	76.23725720899733	67.39632904513694	44.715151730257666	32.242728174570864	12.261148271060417	0.0	14.336109841665385	0.0	7.057132151261104	0.0	0.0	0.0	0.0	0.0	2.545113488597671	0.0	0.0	0.0	0.0	63.79322438233994	28.615185916323497	0.0	0.0	0.0	0.0	0.0	0.0	0.0	0.0
GSM4138110_HNSCC_1_PBMC_CGTTGGGCATATGCTG	37.35462341905824	46.31453232615409	23.54396093654007	24.393163596762918	41.89052956874506	0.0	25.55491965567643	0.0	4.349077767639282	0.0	0.0	0.0	0.0	0.0	0.0	40.96001378221831	0.0	44.79905981160489	0.0	0.0	0.0	0.0	0.0	0.0	0.0	0.0	0.0	19.185097294547504	0.0
GSM4138110_HNSCC_1_PBMC_CTAATGGTCTCGCTTG	27.103248246248395	58.13478898513023	28.857361029905867	38.94027527980857	30.03391469113567	40.482265274702314	0.0	0.0	28.312969335350388	0.0	0.0	0.0	2.219799142487003	37.412295063411136	20.754247987019557	0.0	0.0	0.0	0.0	0.0	0.0	0.0	0.0	0.0	0.0	0.0	0.0	0.0	0.0
GSM4138110_HNSCC_1_PBMC_CTACATTTCACCAGGC	58.82775931502393	37.89892497534012	62.37829017430616	32.4845406224495	62.496994027230286	34.47527239878334	8.340631039384476	0.0	0.0	17.96731310504783	0.0	0.0	0.0	0.0	0.0	0.0	19.14170252950175	8.871374459153897	0.0	22.15020304685803	0.0	0.0	0.0	0.0	0.0	38.426968062530115	0.0	0.0	0.0
GSM4138110_HNSCC_1_PBMC_CTACGTCTCGAACGGA	23.667495025064984	32.42540661328934	24.59878890278222	65.26420254958472	21.002116105102886	0.0	58.034706417586854	0.0	26.690042826369048	0.0	40.40025765820677	0.0	0.0	0.0	0.24050830862483144	0.0	0.0	0.0	0.0	0.0	0.0	0.0	0.0	0.0	0.0	0.0	0.0	14.5986606295435	0.0
GSM4138110_HNSCC_1_PBMC_CTAGAGTCACTTACGA	59.81871241756434	50.43275789339065	28.170453376299168	65.05495005880401	56.860024670646645	0.0	35.71014992009738	67.41904832478632	0.0	0.0	20.003917388462764	0.0	0.0	0.0	0.0	0.0	9.586004993088006	0.0	0.0	0.0	0.0	0.0	0.0	0.0	0.0	0.0	0.0	6.3277361389124325	0.0
GSM4138110_HNSCC_1_PBMC_CTCAGAATCCGGGTGT	67.28373539554802	39.6506121928483	52.50509498675597	34.80087749840527	41.082959922072234	42.94972227391429	0.0	0.0	4.967183963950422	0.0	16.50362573230104	0.0	0.0	0.0	0.0	0.0	8.913085190094352	0.0	1.5061651993717795	0.0	0.0	0.0	51.38897063275436	0.0	0.0	0.0	0.0	0.0	13.283797705198804
GSM4138110_HNSCC_1_PBMC_CTCGGGATCAATACCG	7.094997948196227	106.1395147392078	15.85993708473738	34.00978830494646	74.56536114680648	0.0	11.074001491998445	0.0	16.611522392619808	0.0	63.68960875056021	6.915419766116446	0.0	0.0	0.0	0.0	0.0	0.0	0.0	0.0	0.0	0.0	132.1471990178515	0.0	0.0	0.0	0.0	27.4709577449971	0.0
GSM4138110_HNSCC_1_PBMC_CTCGTACAGATCGGGT	102.24038430870708	131.48100215314668	91.80209524059188	50.95974757486565	120.00054449692959	112.29101636483892	0.0	0.0	36.00372199029997	0.0	0.0	0.0	87.09593709791044	0.0	136.66535303335934	0.0	0.0	0.0	166.35077782444878	0.0	0.0	0.0	0.0	0.0	0.0	0.0	0.0	0.0	4.769744046373949
GSM4138110_HNSCC_1_PBMC_CTCGTACTCTGTCCGT	76.00646550580691	93.45281253549223	40.651371709591274	17.34023366723675	58.41355220948623	48.75525576486866	0.0	0.0	0.0	44.99350611111898	31.332750674950194	25.31364055549391	0.0	0.0	0.0	31.63467784285819	11.399349594850548	0.0	0.0	0.0	0.0	0.0	0.0	0.0	0.0	0.0	0.0	0.0	0.0
GSM4138110_HNSCC_1_PBMC_CTCTGGTAGGCGTACA	22.078670831110077	45.9418493690569	37.15559938731236	32.9429494513914	31.317924087292827	31.26917489484009	0.0	0.0	17.024891554682494	0.0	29.972253579810317	0.0	0.0	0.0	0.0	0.8258191436078252	0.0	0.0	0.0	0.0	0.0	20.88815694623926	0.0	0.0	1.2660481329516495	0.0	0.0	0.0	0.0
GSM4138110_HNSCC_1_PBMC_CTGAAACTCCGAGCCA	31.346464674887745	32.28935068078851	29.336010236340844	52.6064903254152	24.747166686144812	3.746891581244968	6.04265341816101	0.0	16.88952297925186	0.0	0.0	0.0	0.0	0.0	36.433835184468975	0.0	0.0	21.96589679647161	0.0	27.773895390554518	0.0	0.0	0.0	38.338183867936095	0.0	7.039203297389982	0.0	0.0	0.0
GSM4138110_HNSCC_1_PBMC_CTGAAGTAGCGATCCC	75.06920190744994	21.672869173009634	53.58996607028881	38.717715591491434	20.25547952305601	31.377636584706366	13.32646083925752	26.08406914627507	23.348002124562296	0.0	0.0	0.0	36.967867390207175	30.02845878361315	0.0	0.0	0.0	0.0	0.0	0.0	0.0	0.0	0.0	0.0	0.0	0.0	0.0	0.0	0.0
GSM4138110_HNSCC_1_PBMC_CTGATAGAGATCTGCT	25.6671463841098	32.66735142730583	49.916548170033735	65.18371301648531	11.212506757696682	34.942420679256735	0.0	0.0	0.718852368863108	32.616702187296	9.633041501340466	0.0	0.0	0.0	0.0	0.0	16.186599490730092	0.0	31.748961502818695	0.0	0.0	0.0	0.0	45.751165342748884	0.0	0.0	0.0	0.0	0.0
GSM4138110_HNSCC_1_PBMC_CTGATAGAGCCTTGAT	40.19947437395852	98.71163709815396	64.53036889712396	33.38741762541043	49.94537693837746	0.0	47.93994189567854	0.0	18.560494975341072	0.0	0.0	36.63120146812053	0.0	0.0	0.0	35.47931943313606	3.50141919515908	33.12591808993222	0.0	0.0	0.0	0.0	0.9216718542517548	0.0	0.0	0.0	0.0	0.0	0.0
GSM4138110_HNSCC_1_PBMC_CTGCCTAAGGTGCTTT	91.64679967170082	22.898828807851714	32.53675402300732	34.07031359981326	42.00118819230705	0.0	98.59734199155407	0.0	0.0	0.0	0.0	15.635939593821956	0.0	0.0	0.0	75.78839297725756	12.771460141443402	0.0	0.0	0.9985084320814076	0.0	0.0	0.0	0.0	0.0	0.0	0.0	0.0	0.0
GSM4138110_HNSCC_1_PBMC_CTGCCTATCACGACTA	19.461388359089355	39.11812782770757	23.69181258961273	39.448389574400615	67.91203598053787	38.439923806274635	0.0	0.0	5.237419369550005	65.59532318942796	29.15664443699146	0.7966772918566634	0.0	0.5854627678020521	0.0	0.0	0.0	0.0	0.0	0.0	0.0	0.0	0.0	0.0	0.0	0.0	0.0	0.0	0.0
GSM4138110_HNSCC_1_PBMC_CTGGTCTTCGAGAACG	48.502542935574745	39.84075845698415	23.727542567590312	39.71391910716888	11.916662532309182	0.0	21.46399379609835	21.35232015013492	6.799840515051818	0.0	0.0	0.0	15.974018974132692	0.0	0.0	0.0	0.0	0.0	0.0	7.568863601512072	0.0	0.0	0.0	40.296839504626206	0.0	0.0	0.0	0.0	0.0
GSM4138110_HNSCC_1_PBMC_CTGTTTAAGTGGAGTC	37.844722808314536	28.008125246283985	44.17698909389538	75.1059091803229	5.326912427937228	32.09633009642851	0.0	0.0	12.860808877611916	0.0	50.90479093039191	0.0	0.0	0.0	0.0	0.0	0.0	0.0	0.0	0.0	0.0	4.528037456326749	0.0	0.0	0.0	0.0	0.0	35.65994445329432	0.0
GSM4138110_HNSCC_1_PBMC_GAACATCTCCCTAATT	71.88866282839551	108.31672172448809	88.19390321692951	83.16873798656887	71.00862457154041	29.785072743965507	44.52254954139605	35.217732957428815	35.282008069726736	0.0	0.0	22.947442729794513	0.0	0.0	0.0	0.0	0.0	0.0	0.0	61.4767746496696	0.0	0.0	0.0	0.0	0.0	0.0	0.0	0.0	0.0
GSM4138110_HNSCC_1_PBMC_GAACCTATCTGAGGGA	68.15994097572958	75.98156789157335	14.935092539876832	0.0	16.570570209232045	0.0	24.693154862249553	0.0	0.0	43.314990328092144	31.06586338731281	0.0	3.1013234613248493	0.0	0.0	0.0	8.924934069819294	0.0	17.944041255653318	0.0	0.0	0.0	0.0	0.0	0.0	0.0	0.0	0.0	0.0
GSM4138110_HNSCC_1_PBMC_GAATGAATCAGTTAGC	35.87149406363082	35.30846079279446	32.76356081979632	23.637038050616102	10.62591824275461	52.85148615426684	0.0	38.45341538898891	10.111057964657824	0.0	0.0	0.0	0.0	0.0	0.0	0.0	0.0	0.0	0.0	0.0	3.1983077961879713	0.0	0.0	0.0	0.0	0.0	0.0	44.52484412524321	0.0
GSM4138110_HNSCC_1_PBMC_GATCGATAGTACACCT	62.87939920407376	61.68814295543941	54.57660890833248	26.20028713326427	45.942076639959346	32.71989038330851	0.0	0.0	18.98934998970051	0.0	0.0	0.0	26.838720750410694	0.0	23.847388382749205	0.0	0.0	0.0	20.36064666358516	0.0	0.0	0.0	0.0	0.0	0.0	0.0	0.0	0.0	0.0
GSM4138110_HNSCC_1_PBMC_GATCGATTCAGCATGT	42.687899927114444	116.54416102664726	50.28924168088237	104.61958781499798	33.15009082753683	38.544148534668146	0.0	0.0	11.460801045744882	19.020810943167305	0.0	39.97232863538681	0.0	7.450498794995576	0.0	0.0	0.0	3.05340138163672	0.0	0.0	0.0	8.860113260162379	12.536552074325051	0.0	63.0476480099764	0.0	0.0	0.0	0.0
GSM4138110_HNSCC_1_PBMC_GATGAAATCCAAGCCG	65.229164199085	45.014656349286845	36.28837959308298	53.0266383987181	23.71899683411269	64.56515598360208	0.0	0.0	13.30428721053475	0.0	0.0	0.0	0.0	67.12741466853564	0.0	0.0	0.0	0.0	0.0	0.0	0.0	41.446730375096635	0.0	0.0	3.0967289241519307	0.0	0.0	0.0	0.0
GSM4138110_HNSCC_1_PBMC_GCACATAAGGTGTGGT	33.51078887257802	26.722968170744867	67.67112733450328	13.438789407391603	31.945214849545817	38.00037863419269	0.0	23.73888121789912	0.0	0.0	10.667951674472475	0.0	0.0	0.0	0.0	2.845418094583898	7.809863289028338	0.0	0.0	0.022735741772386867	5.254216436492036	0.0	0.0	0.0	13.84457495157506	107.87725522040253	0.0	0.0	0.0
GSM4138110_HNSCC_1_PBMC_GCACTCTGTACAGTGG	43.86397648943614	61.99062127132433	40.45118435318817	24.81091396189403	43.28780269937858	14.953507136677956	0.0	0.0	19.75735868155549	0.0	0.0	0.0	17.084857847372067	49.49813097195239	117.349277146077	0.0	0.0	23.613468103564482	0.0	0.0	0.0	0.0	0.0	0.0	0.0	0.0	0.0	0.0	0.0
GSM4138110_HNSCC_1_PBMC_GCCTCTAAGTTAAGTG	40.06864142191249	56.78708738593859	36.045717668400414	49.94723175934737	29.6906062185356	18.549097848344896	0.0	0.0	9.765002461294218	0.0	0.0	0.0	0.0	0.0	0.0	0.0	0.0	1.011941217741787	0.0	0.0	0.0	0.0	25.710764312970497	0.0	21.576563856408104	0.0	0.0	0.0	16.040438334882523
GSM4138110_HNSCC_1_PBMC_GCCTCTAGTTGAACTC	45.20542616282345	44.344137141299846	37.536541393760096	30.20836618500638	22.519455723953076	31.613227903257542	0.0	0.0	0.0	31.53397287054288	0.0	0.0	18.760007421402637	0.0	0.0	0.0	5.706213388003943	0.0	30.550170267358293	0.0	13.694223841298438	0.0	0.0	0.0	0.0	0.0	0.0	0.0	0.0
GSM4138110_HNSCC_1_PBMC_GCGAGAAAGTGACATA	32.290796918930624	62.318099822943346	73.48595145436967	9.155845868772786	31.59352039640194	35.66470066018843	0.0	54.741755202275584	9.830496602231682	0.0	25.040251410176086	12.427535070968679	0.0	0.0	0.0	5.982903970285622	0.0	0.0	0.0	0.0	0.0	0.0	0.0	0.0	99.21871553140669	0.0	0.0	0.0	0.0
GSM4138110_HNSCC_1_PBMC_GCTGCAGGTCCTCTTG	60.04109900728474	35.77078172572458	9.576238489734953	51.09470121607457	15.6120035417894	48.01130879154382	0.0	0.0	0.0	50.76109817259425	46.7496988839915	0.0	0.0	0.0	0.0	0.0	22.777017363110726	0.0	0.0	0.0	0.0	0.0	0.0	0.0	0.0	0.0	9.308695449136385	0.0	0.0
GSM4138110_HNSCC_1_PBMC_GGAAAGCAGTCAATAG	65.2249422108018	94.4115407349079	88.71540216622361	27.8927403418865	46.01620868098672	2.759299608407829	26.050701732202914	0.0	6.431189825103074	50.59505727795702	0.0	0.0	29.253023610282312	19.542099060302164	0.0	0.0	0.0	0.0	0.0	0.0	16.151654371752947	0.0	0.0	0.0	0.0	0.0	0.0	0.0	0.0
GSM4138110_HNSCC_1_PBMC_GGAACTTGTTTACTCT	39.156776443043434	20.765702823212035	23.09976118067257	46.41406000811652	11.426190365684885	21.12458587391944	1.4894988699050555	25.11073202845664	18.520645515481448	0.0	0.0	7.079084125841705	0.0	0.0	0.0	0.0	0.0	0.0	0.0	0.0	40.48177786993572	0.0	0.0	23.639525797028952	0.0	0.0	0.0	1.0166606953879194	0.0
GSM4138110_HNSCC_1_PBMC_GGCAATTGTCCTCTTG	5.9358196312485845	30.319454869472985	41.43988354062391	49.34678977183119	8.942238990289473	46.7169956831387	37.867762104896926	0.0	12.356910252145445	32.47902300737377	0.0	0.0	0.0	0.0	0.0	0.0	6.262567565285092	0.0	0.0	0.0	0.0	0.0	0.0	0.0	0.0	0.0	36.18400385264971	0.0	0.0
GSM4138110_HNSCC_1_PBMC_GGGACCTAGGCCCTTG	57.04690459917437	44.66523811166877	26.684025999774263	11.458954075557601	13.243238955013393	58.14240769226889	0.0	29.99966775180919	14.817149591960499	0.0	0.0	0.0	0.0	4.87492728244122	0.0	0.0	0.0	0.0	0.0	0.0	26.1733063327609	0.0	0.0	0.0	0.0	0.0	0.0	0.0	0.0
GSM4138110_HNSCC_1_PBMC_GGGACCTTCGTCCAGG	32.37269909296391	6.709074135484009	43.02427700465589	26.049747395703527	32.80117612292183	25.072292970042557	0.0	0.0	13.651387621091649	56.71050691815371	0.0	0.0	21.241964290481082	37.05419821879071	0.0	0.0	0.0	0.0	0.0	0.0	0.0	0.0	0.0	0.0	0.0	0.0	0.0	0.0	0.0
GSM4138110_HNSCC_1_PBMC_GGGATGACAATGGTCT	87.51917766188414	66.35552586487036	30.980572148156508	82.34434428490971	45.894435769540614	3.283619790650404	0.0	0.0	5.998900910098266	30.9186278218267	0.0	0.0	0.0	0.0	0.0	0.0	1.4839247790812256	0.0	0.0	0.0	44.63179244815716	0.0	0.09300192211099309	0.0	0.0	0.0	0.0	0.0	0.0
GSM4138110_HNSCC_1_PBMC_GGGCACTGTCTAGGTT	58.49167529955289	56.77703781070974	54.14091748119404	67.75759006645428	34.77827649602074	50.859977079250875	0.0	0.0	18.127099587045272	48.43527921463877	0.0	0.0	0.0	34.662945839234915	0.0	0.0	0.0	0.0	0.0	0.0	0.0	0.0	0.0	0.0	60.733527041323015	0.0	0.0	0.0	0.0
GSM4138110_HNSCC_1_PBMC_GGTATTGTCCTTCAAT	58.663679729482986	11.578179429332097	31.678336095340445	96.88516934303674	46.126096302328705	28.739712587830024	0.0	0.0	15.552222123020291	0.0	0.0	0.0	0.0	0.0	0.0	0.0	12.047467295877981	0.0	36.263424970868	27.707613820618946	6.530498380823691	10.649097252691032	0.0	0.0	0.0	0.0	21.66280090593459	0.0	0.0
GSM4138110_HNSCC_1_PBMC_GGTGTTACAATCCAAC	49.431965250873205	53.2049183168105	50.90064377844166	8.40656564217244	37.55032289940528	44.54600196739476	1.4609472292680616	0.0	0.0	16.112820994825732	0.0	0.0	33.34187596446154	14.816872045068212	0.0	0.0	10.859457405506035	0.0	0.0	0.0	0.0	0.0	0.0	0.0	0.0	8.140204941628237	0.0	0.0	0.0
GSM4138110_HNSCC_1_PBMC_GGTGTTACAGCCACCA	62.17040694414662	32.41708501627522	32.40514164008881	43.944687673958	21.459977009277676	0.0	27.71154137097304	0.0	33.64349403052971	42.99748971703996	0.0	16.34026812717977	0.0	0.0	0.0	0.0	0.0	0.0	0.0	39.27791378770556	0.0	0.0	0.0	0.0	0.0	0.0	0.0	0.0	0.0
GSM4138110_HNSCC_1_PBMC_GTAACGTTCGTATCAG	86.35697568522738	40.983190060088994	128.9254256018982	78.83282614356953	49.99013843284938	56.41090684222024	0.0	82.51392338661472	26.03987741640294	0.0	0.0	59.08608591378699	0.0	0.0	0.0	39.13980188582401	0.0	0.0	0.0	0.0	0.0	0.0	0.0	0.0	0.0	0.0	0.0	0.0	0.0
GSM4138110_HNSCC_1_PBMC_GTATTCTTCTTCCTTC	29.68609063812001	75.57896057589123	71.27866512040184	43.718502490949014	9.760055155056918	0.0	39.05899418981948	37.59396384759078	17.17802477796319	0.0	0.0	0.0	35.21678213543255	0.0	0.0	0.0	0.0	0.0	0.0	3.265395503674482	0.0	0.0	0.0	15.193598799549994	0.0	0.0	0.0	16.322347085190504	0.0
GSM4138110_HNSCC_1_PBMC_GTCAAGTGTGGGTATG	80.55192351451694	48.23688378702975	24.502539630623545	24.5705920464216	45.141491686679245	0.0	36.841052215872885	21.14654902994974	9.75536783200502	0.0	40.15652855987696	30.584478170485433	7.744795581903119	0.0	0.0	0.0	0.0	0.0	13.506502257739067	0.0	0.0	0.0	0.0	0.0	0.0	0.0	0.0	0.0	0.0
GSM4138110_HNSCC_1_PBMC_GTCACGGGTGCAACGA	0.0	0.0	0.0	0.0	412.84719477311955	0.0	0.0	0.0	0.0	0.0	0.0	0.0	0.0	0.0	0.0	446.5639092864036	0.0	0.0	907.433199241174	0.0	0.0	0.0	11.928097076491524	0.0	0.0	0.0	0.0	0.0	0.0
GSM4138110_HNSCC_1_PBMC_GTGCGGTCAAGGTGTG	38.72443184499147	15.285036933797707	41.4138405504408	86.03672460301861	29.42791489534226	34.732092258826796	0.0	0.0	0.0	12.24341874217445	36.62914084398894	63.931681699811946	0.0	0.0	35.24220440823344	25.148401080339138	0.0	0.0	0.0	0.0	0.0	0.0	0.0	0.0	0.0	0.0	0.0	0.0	0.0
GSM4138110_HNSCC_1_PBMC_GTGTGCGAGGAGCGAG	7.8726073338268705	30.9268321764938	47.952242086813975	35.959991023461015	43.210072919712466	11.147034584372005	0.0	115.61108017689858	8.88235666267608	0.0	0.0	0.0	0.0	0.0	0.0	24.388258722895376	0.0	0.0	0.0	0.0	0.0	0.0	0.0	0.0	0.0	17.075586762992014	0.0	0.0	0.0
GSM4138110_HNSCC_1_PBMC_GTGTGCGCAAGTCATC	40.79079995140389	47.11945942770286	53.10036229500249	17.79503728515888	42.494609764665455	46.926251782606165	0.0	0.0	9.892448583248704	0.0	0.0	0.0	0.0	0.0	31.43243855510884	0.0	0.0	0.0	0.0	0.0	0.0	0.0	0.0	9.567185793741903	87.3355311790754	0.0	0.0	0.0	0.0
GSM4138110_HNSCC_1_PBMC_TAAACCGTCATCTGTT	34.21469000695328	30.60232535573978	23.722945337006383	30.203503268829557	59.72580118754495	31.838172558709054	0.0	0.0	13.445825934948253	32.30119361053055	0.0	0.0	0.0	0.0	0.0	61.416222242075364	0.0	0.0	0.0	0.0	0.0	0.0	0.0	19.062588510553283	0.0	0.0	0.0	0.0	0.0
GSM4138110_HNSCC_1_PBMC_TAAGCGTCAATGGATA	47.653398826438085	31.249150959055896	49.65956621206594	49.982250632444604	102.80819394729629	28.28155720208214	0.0	42.63674582450224	0.0	0.0	14.456637433788707	21.270521823982293	0.0	37.65555835376856	0.0	0.0	39.81435920255868	0.0	0.0	0.0	0.0	0.0	0.0	0.0	0.0	0.0	0.0	0.0	0.0
GSM4138110_HNSCC_1_PBMC_TACACGATCCTGCCAT	48.30956683066395	99.23083471725192	99.41789410740321	24.412355665231544	19.234647776308428	32.78306414215482	2.326042889991694	0.0	7.1563438734973035	0.0	0.0	0.0	0.0	0.0	42.05260278628426	0.0	52.98303684368888	0.0	0.0	0.0	42.65321781614973	0.0	0.0	47.89118001643101	0.0	36.02687314929988	0.0	9.411553410865236e-05	0.0
GSM4138110_HNSCC_1_PBMC_TACCTTAAGGCTAGAC	59.74355934415046	56.41792780351752	34.88622597911813	51.025758721360816	33.69653234067517	56.071136057824376	0.0	31.845712546838048	21.285694510664932	0.0	0.0	0.0	0.0	17.329700448133405	0.0	37.65429690575294	0.0	0.0	0.0	0.0	0.0	0.0	0.0	0.0	0.0	0.0	0.0	0.0	0.0
GSM4138110_HNSCC_1_PBMC_TACGGATCAGGGTATG	7.3002919954612	121.22907493244266	24.680468141716855	17.582740871186086	30.955921592921147	41.52052074175265	0.0	43.645245277921155	13.352736755776897	0.0	0.0	0.0	0.0	22.791058477379742	0.0	0.0	0.0	0.0	0.0	12.322558709232348	33.685299522090205	0.0	0.0	0.0	0.0	0.0	0.0	0.0	0.0
GSM4138110_HNSCC_1_PBMC_TAGAGCTCAGATGGCA	58.67048422115882	89.94896362601246	78.8524375300436	43.464545282816474	13.732139225007815	0.0	20.078984550543634	0.0	6.3330917000487545	0.0	0.0	0.0	0.0	52.088028706974086	14.733020427021168	25.894209435231772	0.0	0.0	0.0	0.0	0.0	0.0	0.0	0.0	0.0	0.0	0.0	0.0	0.0
GSM4138110_HNSCC_1_PBMC_TAGCCGGAGAAGGCCT	63.880610126688374	45.88915064982768	26.246801540588393	38.91926355999249	53.85235441991565	21.778303469407287	0.0	0.0	17.9507416688103	0.0	0.0	37.76032684678291	0.0	0.0	36.418894330575675	41.579245766699735	0.0	0.0	0.0	0.0	0.0	0.0	0.0	0.0	0.0	0.0	0.0	0.0	0.0
GSM4138110_HNSCC_1_PBMC_TATCTCAAGGTGCACA	63.6107602605725	43.04948246188811	53.788733294065494	38.76853855445691	28.600989070927554	18.008057694604922	31.429996608939717	5.061698906819514	12.533250995801188	0.0	0.0	0.0	0.0	0.0	0.0	0.0	0.0	0.0	16.489802722024685	0.0	9.79671877766313	0.0	0.0	2.9466294773561477	0.0	0.0	0.0	0.0	0.0
GSM4138110_HNSCC_1_PBMC_TCACAAGGTTCATGGT	40.50441234090746	64.15172008023066	11.513646563290617	25.137934554241266	39.77198704580018	16.585126038600755	0.0	0.0	0.0	34.106107492309064	0.0	7.665302200527328	0.0	0.0	0.0	25.435855007408357	6.534521310686283	11.95834284548935	0.0	0.0	0.0	0.0	0.0	0.0	0.0	0.0	0.0	0.0	0.0
GSM4138110_HNSCC_1_PBMC_TCACAAGTCTTGACGA	121.2993075851609	133.12706997711246	55.56203557858777	107.43541345204673	194.19642278766412	210.51571703548572	226.54202378034483	0.0	0.0	0.0	86.99304012767979	197.19402150693364	0.0	0.0	141.3395077205833	0.0	26.52640616178767	0.0	0.0	0.0	0.0	0.0	0.0	0.0	0.0	0.0	0.0	0.0	0.0
GSM4138110_HNSCC_1_PBMC_TCGAGGCTCGGAAATA	70.22358273596831	49.7340764959418	51.001879205262945	76.26813823922029	10.206848713525266	34.888072875259866	0.0	0.0	0.0	0.0	0.0	24.548085618447445	16.20429050758477	0.0	0.0	40.40170060713672	14.322960180305628	54.44236879967862	0.0	0.0	0.0	0.0	0.0	0.0	0.0	0.0	0.0	0.0	0.0
GSM4138110_HNSCC_1_PBMC_TCTATTGGTTTAGGAA	55.70943692155425	40.18102619163683	27.058770836425072	23.388220076899607	21.43016142712109	50.81276838627162	0.0	1.7133853865792608	11.638104984796849	16.901173604074604	0.0	26.15557043049376	16.40896316263095	0.0	0.0	0.0	0.0	13.880279515439558	0.0	0.0	25.91017373961101	0.0	0.0	0.0	0.0	0.0	0.0	0.0	0.0
GSM4138110_HNSCC_1_PBMC_TCTATTGTCATCTGCC	44.111868956149365	36.27538253034965	75.32706104105148	20.210452679089553	29.301381897366465	25.541661840605492	0.0	0.0	0.0	1.5580568560540273	0.0	0.0	0.0	25.76662921742252	0.0	0.0	0.0	0.0	0.0	0.0	0.0	0.0	0.0	0.0	0.0	0.0	0.0	0.0	0.0
GSM4138110_HNSCC_1_PBMC_TCTTCGGCACCCTATC	81.01718309354997	51.990490827608774	46.942912834438744	30.67966704238667	49.414768864407485	0.0	49.203431984875806	0.0	0.0	28.291444086910513	34.431283173809916	10.627784061892308	0.0	0.0	0.0	29.160850962938337	2.14349600582498	0.0	0.0	0.0	0.0	0.0	0.0	0.0	0.0	0.0	0.0	0.0	0.0
GSM4138110_HNSCC_1_PBMC_TGGGCGTTCACAGGCC	0.0	0.0	0.0	0.0	0.0	0.0	0.0	0.0	0.0	0.0	0.0	0.0	0.0	70.52373441971893	0.0	0.0	0.0	0.0	0.0	0.0	0.0	0.0	0.0	0.0	0.0	347.2331172579087	2277.419914476918	0.0	0.0
GSM4138110_HNSCC_1_PBMC_TGTGTTTGTTAAAGAC	44.41126825051459	63.513009572995905	26.990924594865856	79.35661015297656	51.9319920815067	71.08955564382373	0.0	0.0	0.0	44.17409138870856	74.6490733131387	0.0	0.9003465562811923	118.53122283601458	0.0	2.1626709042071974	19.08029776801487	0.0	0.0	0.0	0.0	29.680699757706808	0.0	0.0	0.0	0.0	0.0	0.0	0.0
GSM4138110_HNSCC_1_PBMC_TGTTCCGCACGGCGTT	131.6741377720477	111.83181432220849	78.95302889814465	114.664767578252	44.156897658196904	160.55787413772313	0.0	137.52249566161004	32.37994953587886	0.0	96.6414620814267	0.0	0.0	0.0	0.0	0.0	0.0	0.0	111.71886639217394	0.0	0.0	0.0	0.0	18.497964003726516	0.0	0.0	0.0	0.0	0.0
GSM4138110_HNSCC_1_PBMC_TTAGGCAAGGCTAGCA	85.06956965384737	58.42367765338079	25.65113005938248	86.56533300202786	42.555107084816626	47.709517765418326	0.0	0.0	27.547930863177065	0.0	27.493998877174345	24.36268219079773	0.0	0.0	0.0	0.0	0.0	0.0	0.0	0.0	0.0	16.12309541186815	0.0	0.0	0.0	0.0	0.0	0.0	0.0
GSM4138110_HNSCC_1_PBMC_TTCCCAGCACATGGGA	0.0	46.318139776192396	101.97952248100903	0.0	57.07782362119258	0.0	92.83788248815856	0.0	0.0	0.0	0.0	0.0	0.0	0.0	0.0	0.0	0.22458435223166445	0.0	0.0	0.0	0.0	17.501991090363205	0.0	0.0	31.48029105200734	55.61573362682843	0.0	0.0	0.0
GSM4138110_HNSCC_1_PBMC_TTCGGTCAGACCCACC	40.40078377596803	43.31356599819963	47.4300414579668	12.713116370073653	33.056819247397875	0.0	19.04817361755132	42.898360970222015	0.0	0.0	7.44076203859966	10.941593287437403	0.0	0.0	0.0	13.470526207578413	10.254541543342473	0.0	0.0	0.0	0.0	0.0	0.0	0.0	0.0	0.0	0.0	0.0	0.0
GSM4138110_HNSCC_1_PBMC_TTCTCCTTCCTCAATT	43.86596424413567	51.909188714490455	44.2995525214093	43.65551806551996	16.105562882251768	76.90447123598018	0.0	15.495654754493891	17.309222452558178	0.0	56.821294658834084	27.180989536658913	0.0	0.0	0.0	0.0	0.0	0.0	0.08905724886422532	0.0	0.0	0.0	0.0	0.0	0.0	0.0	0.0	0.0	0.0
GSM4138110_HNSCC_1_PBMC_TTGAACGGTCGAAAGC	63.21072993475125	32.30319495659042	52.414631871083586	11.473714534672435	24.954129343316048	30.837590959868578	0.0	0.0	0.0	31.065858415337765	14.775777151282822	0.0	0.0	0.0	0.0	15.991057613513933	8.398250169153698	0.0	0.0	0.0	0.0	0.0	0.0	0.0	0.0	17.21259969673249	0.0	0.0	0.0
GSM4138110_HNSCC_1_PBMC_TTGCCGTAGTCAAGCG	49.27485002839923	45.53829501880074	33.78464890226005	44.94900150903628	11.3134498872567	19.79955698595053	21.685729716797162	0.0	0.0	0.0	0.0	0.0	0.0	1.8504596267830893	0.0	0.0	9.879427765201235	56.744767779173266	23.237406207455503	40.36181169390646	0.0	0.0	11.435560202986233	0.0	0.0	0.0	0.0	0.0	0.0
GSM4138110_HNSCC_1_PBMC_TTGCGTCTCAAGGCTT	40.7199888897079	80.58393737420695	40.756689678975334	49.903451852921876	47.10225987091272	62.73987417592724	0.0	26.927611291648176	19.918237670950845	0.0	49.33131255196976	0.0	0.0	16.914712834075004	0.0	0.0	0.0	0.0	0.0	0.0	0.0	0.0	0.0	0.0	0.0	0.0	0.0	0.0	0.0
GSM4138110_HNSCC_1_PBMC_TTTATGCGTGCATCTA	43.9244430858972	22.618508315131397	38.58590799152645	51.90053830159471	27.386916801284826	33.29841601769053	0.0	0.0	3.064092037708386	15.530549961157249	0.0	0.0	43.47121891249247	0.0	0.0	0.0	0.0	0.0	0.0	0.0	0.0	0.0	0.0	0.0	0.0	0.0	0.0	0.0	0.0
GSM4138110_HNSCC_1_PBMC_TTTGCGCTCTTGTACT	36.62092647344132	54.0417172829724	65.29063057964291	32.75884314884535	58.32126991194778	48.82129381133692	0.0	0.0	0.0	53.998312757966644	2.5250803630785867	4.781506080461616	0.0	0.0	0.0	0.0	12.59408062254589	0.0	0.0	0.0	0.0	0.0	0.0	0.0	0.0	0.0	0.0	0.0	0.0
GSM4138110_HNSCC_1_PBMC_TTTGGTTCACTTCTGC	87.53212445412065	91.6287878107645	76.06372634200135	78.17634956867289	18.74012390087311	0.0	65.79827649972212	0.0	30.7638581980998	0.0	0.0	0.0	0.0	26.36639161053329	26.497125221213768	91.5796482521282	0.0	8.149924694726284	0.0	0.0	0.0	0.0	0.0	0.0	0.0	0.0	0.0	0.0	0.0
GSM4138110_HNSCC_1_PBMC_CTACACCAGTTGTAGA	77.20104533029003	100.12535373072141	78.43206043944701	157.03705661345185	95.87050087129522	0.0	61.36703025064958	0.0	0.0	88.28948839903114	0.0	46.61378191570428	26.018630022524995	0.0	0.0	0.0	14.484266594689148	0.0	0.0	0.0	0.0	0.0	0.0	0.0	0.0	0.0	0.0	0.0	0.0
GSM4138110_HNSCC_1_PBMC_AACTGGTGTCAGAATA	21.303850316493275	44.060986929763	39.513028405529965	28.991253271520876	30.602258410737804	0.0	13.630215674040688	0.0	9.589795879208655	31.928315328559588	0.0	6.8443890331233295	53.0506631596796	10.987249652807057	0.0	0.0	0.0	0.0	0.0	0.0	0.0	0.0	0.0	0.0	0.0	0.0	0.0	0.0	0.0
GSM4138110_HNSCC_1_PBMC_AAACGGGTCCTCAACC	70.16130084096771	22.409738301155265	51.08669420761072	32.70520876154042	17.07082209927074	0.0	48.77165611628838	0.0	8.085703219773809	0.0	33.58378494143136	0.0	0.0	0.0	0.0	0.0	0.0	0.0	0.0	0.0	0.0	0.0	23.870345795222736	0.0	0.0	0.0	0.0	19.315861656972366	0.0
GSM4138110_HNSCC_1_PBMC_AAGGCAGAGGCGTACA	33.23783302119593	43.5808320874663	24.47606286367028	67.3645528468937	53.92205519694106	66.99522866603652	4.349650676831496	29.303164486680707	25.58360557947968	0.0	45.379559610069386	3.1270977288385033	0.0	0.0	0.0	0.0	0.0	0.0	0.0	0.0	0.0	0.0	0.0	0.0	0.0	0.0	0.0	0.0	0.0
GSM4138110_HNSCC_1_PBMC_ACATGGTCAATGGAGC	104.0052074991146	51.816352877659504	41.411686591250245	64.39590107186704	41.741763210776746	30.088990027208315	0.0	15.212882279587795	0.0	0.0	0.0	0.0	0.0	0.0	0.0	0.0	21.768115862659446	0.0	18.693970588237786	0.0	55.72881732835705	0.0	0.0	0.0	0.0	0.0	0.0	0.0	0.0
GSM4138110_HNSCC_1_PBMC_ACGATGTGTTATCACG	35.16371685068817	44.28527323597808	26.642634655767882	55.226146868604374	24.58791970557646	0.0	63.03601605639899	0.0	0.0	19.079043248236065	6.8114338064375834	11.167855535480452	0.0	2.8761471914677927	0.8469060647404191	17.575025095976436	18.288369247021414	0.0	0.0	0.0	0.0	3.825320570687449	1.797780152863351	0.0	0.0	0.0	0.0	0.0	0.0
GSM4138110_HNSCC_1_PBMC_ACGGCCATCTCCCTGA	90.67387689167312	68.88534923414932	78.95728838272153	62.290249411490926	14.199446778907047	78.46789780672002	0.0	0.0	0.0	0.0	34.51009729365099	0.0	0.0	42.477557931191775	0.0	0.0	24.65050548347461	0.0	0.0	1.059647596910572	3.4805279209323357	0.0	57.7911213804548	0.0	0.0	0.0	0.0	0.0	0.0
GSM4138110_HNSCC_1_PBMC_AGCTCTCTCATTGCCC	46.12691945555663	101.93354731071186	112.7528395852024	78.18290761500496	37.234131311450035	0.0	43.19863660161609	0.0	62.62327638280809	0.0	0.0	0.0	50.6999732118712	0.0	0.0	0.0	0.0	0.0	7.9009744611048305	0.0	0.0	45.48900737253717	0.0	94.39594471114113	0.0	0.0	0.0	0.0	0.0
GSM4138110_HNSCC_1_PBMC_AGGTCATTCTCTAGGA	61.94344730082348	53.19312316388441	45.905683488316164	37.92537417581116	46.929280221997516	0.0	35.20406209264396	0.0	3.724572025378253	33.359738012353624	0.0	44.805900711903	0.0	0.0	0.0	0.0	0.0	0.0	0.0	0.0	41.47772844429625	0.0	0.0	0.0	0.0	0.0	0.0	0.0	0.0
GSM4138110_HNSCC_1_PBMC_ATAGACCTCTGGTGTA	48.814234359355765	56.477168307205574	52.76235557258282	39.23742150217727	7.90200253220145	32.031146900344105	0.0	0.0	0.0	0.0	24.217290759421505	0.0	0.0	0.0	93.44487548222601	0.0	16.14637597203971	0.0	0.0	0.0	0.0	0.0	0.0	30.394021544079894	0.0	0.0	0.0	0.0	0.0
GSM4138110_HNSCC_1_PBMC_ATAGACCTCTTCCTTC	57.431134279211115	28.211366145641808	25.22176878547532	47.936112840130725	37.25115571791219	0.0	35.1628096412808	11.485711297824102	0.0	0.0	0.0	25.963163658645435	0.0	0.0	0.0	0.0	7.422070540081333	0.0	0.0	6.000048070893834	0.0	0.0	0.0	4.185501813393742	0.0	0.0	0.0	0.0	0.0
GSM4138110_HNSCC_1_PBMC_ATCTACTCACTGTGTA	46.28641325330677	75.60744381691302	83.67371171524559	29.48603832200974	34.84473035157527	0.0	9.307544166120527	0.0	20.09153431235508	0.0	0.0	0.0	13.230428944788802	48.122262880995926	0.0	0.0	0.0	0.0	0.0	20.18025529831026	0.0	46.386780551822355	0.0	0.0	0.0	0.0	0.0	0.0	0.0
GSM4138110_HNSCC_1_PBMC_ATCTGCCAGGAATCGC	54.29345580814746	25.05498418566869	98.6197112752766	48.94654313645525	10.009343460625121	22.14184017588578	0.0	0.0	22.719625608377253	14.04520938793656	41.40584536262917	45.41209917527522	0.0	0.0	0.0	0.0	0.0	16.267043526883114	0.0	0.0	0.0	0.0	0.0	0.0	0.0	0.0	0.0	0.0	0.0
GSM4138110_HNSCC_1_PBMC_ATGGGAGCATGGGAAC	42.11804290877635	6.906075370780997	148.81820641160323	94.98262997166778	168.94777369091415	41.97438871829767	0.0	0.0	0.0	74.33398726971318	0.0	0.0	0.0	0.0	0.0	143.24227089197106	3.3646253446797827	0.0	12.459788638335155	0.0	0.0	0.0	0.0	0.0	0.0	0.0	80.7904394446132	0.0	125.79183018743285
GSM4138110_HNSCC_1_PBMC_ATGTGTGGTAGCTGCC	22.610943050928658	50.14597987626062	41.321609808595866	8.469690976163054	40.9998671131055	22.481504652074143	0.0	102.45291222963486	0.0	0.0	0.0	28.57696979644977	0.0	0.0	0.0	0.0	15.515434210967115	0.0	0.0	0.0	0.0	0.0	0.0	0.0	0.0	0.0	0.0	0.0	0.0
GSM4138110_HNSCC_1_PBMC_CACAAACCATCCCACT	69.42879309710995	71.11794515681922	29.548466485350875	51.953520928824666	87.2053710155488	0.0	56.115877271263386	0.0	9.992307271497006	0.0	21.2563734645854	32.89779540169016	0.0	0.29674719082640716	0.0	0.0	0.0	0.0	0.0	0.0	0.0	23.660808234665218	0.0	0.0	0.0	0.0	0.0	0.0	0.0
GSM4138110_HNSCC_1_PBMC_CACCACTAGTTACCCA	75.23897547219802	81.72059225276206	52.847998494781244	72.00934768358331	20.112953858388533	0.0	67.59371226086056	35.74359658488912	14.061826699433523	0.0	35.92632765459394	34.878756475745405	0.0	0.0	0.0	0.0	3.2415278466830983	0.0	0.0	0.0	0.0	0.0	0.0	0.0	0.0	0.0	0.0	0.0	0.0
GSM4138110_HNSCC_1_PBMC_CATGCCTTCAGCTCTC	43.758103007675714	73.75149530858138	90.50353846131937	37.60001975780176	30.26023007487123	35.3509811136698	0.0	0.0	19.847395420097946	36.61904617373104	56.21666390794562	51.32436915818706	0.0	0.0	0.0	0.0	0.0	0.0	0.0	0.0	0.0	6.784627482012745	0.0	0.0	0.0	0.0	0.0	0.0	0.0
GSM4138110_HNSCC_1_PBMC_CATGGCGCATGTTCCC	73.23952231657479	22.398923240517764	56.31669026959884	64.7946367776933	42.391885666601894	40.085412241164036	0.0	1.7414991252050545	19.214284219389146	0.0	0.0	61.49643373722193	0.0	0.0	4.8933183728551	0.0	0.0	72.14595929179282	0.0	0.0	4.836314897580774	0.0	0.0	0.0	0.0	0.0	0.0	0.0	0.0
GSM4138110_HNSCC_1_PBMC_CCACCTAGTAGTACCT	50.60214494541678	70.14429721869251	77.07046753517214	63.39913365860356	30.87824582594245	0.0	34.312863050447724	0.0	10.825468559967172	10.958963127613364	0.0	0.0	0.0	30.288933902107622	0.0	0.0	0.0	0.0	0.0	0.0	70.5423679518355	0.0	0.0	0.0	0.0	0.0	0.0	0.0	0.0
GSM4138110_HNSCC_1_PBMC_CCGTTCAGTATATCCG	55.11745590946722	55.36882311311534	95.54857535080168	57.3525943767867	44.702453946594936	0.0	32.54747746986236	0.0	42.361074917020275	0.0	11.003897273315467	0.6560182427511813	0.0	41.82598273059292	0.0	0.0	0.0	0.0	0.0	0.0	0.0	0.0	43.642643206752105	17.645305004001862	0.0	0.9602137305998918	0.0	0.0	0.0
GSM4138110_HNSCC_1_PBMC_CCTACACGTCCGAAGA	27.468659188959254	13.585526184404152	63.67239293288533	49.540002383863026	6.512440738947028	34.792212634264494	0.0	20.7373248641279	8.67477528977265	0.0	0.0	33.64678171147453	39.23642542126183	0.0	0.0	0.0	0.0	0.0	0.0	8.21935267757116	0.0	0.0	0.0	0.0	0.0	0.0	0.0	0.0	0.0
GSM4138110_HNSCC_1_PBMC_CCTCTGAGTCGCGAAA	99.3097741100472	72.06320328402637	91.72127388568138	53.24356249643364	54.3581371651601	58.181889932459235	0.0	0.0	0.023234043933473933	47.48263657505461	46.82435577681115	0.0	0.0	46.036260884867545	0.0	0.0	20.792656758815962	0.0	0.0	0.0	0.0	0.0	0.0	0.0	0.0	0.0	0.0	0.0	0.0
GSM4138110_HNSCC_1_PBMC_CGCTGGAAGGCATGTG	47.941424187276105	49.69453060719485	41.96568837328047	28.779738985960986	29.67980242003163	58.96453130279879	0.0	34.05615131650266	0.0	19.786262982562416	6.976839662988586	42.947085790374786	0.0	0.0	0.0	22.940027735153937	19.38148510323921	0.0	0.0	0.0	0.0	0.0	0.0	0.0	0.0	0.0	0.0	0.0	0.0
GSM4138110_HNSCC_1_PBMC_CGGAGTCTCACAATGC	56.788121688988134	36.164988108421305	63.353565229240886	29.570297576299076	30.1171116969591	0.0	0.0	42.79234653773003	0.0	0.0	40.33203240643337	0.0	0.0	0.0	0.0	4.278250059269033	12.628538115656673	0.0	0.0	0.0	0.0	0.0	0.0	0.0	3.0204531777131716	0.0	0.0	21.844563776766933	0.0
GSM4138110_HNSCC_1_PBMC_CGGCTAGAGCTACCGC	93.62656521709297	48.403655479039934	61.31129996777213	38.16463856896029	49.05683866528258	44.16170039382713	0.0	0.0	0.0	0.0	0.0	29.668268619478575	17.505561197267234	0.0	40.237273488040074	0.0	15.549273856640047	0.0	0.0	0.0	0.0	0.0	12.165402211322274	0.0	0.0	0.0	0.0	0.0	0.0
GSM4138110_HNSCC_1_PBMC_CGTTGGGCAAGCCGCT	189.59895538174277	34.7433970703803	75.3197236259434	31.381445802295882	42.1748272979235	19.54597737892736	0.0	0.0	27.051617958938678	0.0	0.0	30.190564600100036	0.0	0.0	0.0	0.0	2.917699797072841	0.0	0.0	2.0859783890129027	0.0	0.0	0.0	0.0	0.0	0.0	0.0	0.0	0.0
GSM4138110_HNSCC_1_PBMC_CTCAGAAGTCCGACGT	59.73438214742045	27.745264562835466	107.18910896615323	8.818648526032822	38.94824345258125	20.618628640203504	0.0	39.97883793258466	1.8787601235853217	0.0	37.45381359478564	0.0	0.0	21.87490840833517	0.0	0.0	0.0	0.0	0.0	0.0	0.0	0.0	0.0	0.0	0.0	0.0	0.0	0.0	0.0
GSM4138110_HNSCC_1_PBMC_CTCGTACCACGCGAAA	59.55101801248885	29.817185192547985	18.48903634860816	34.39465145994137	40.42566268294552	0.0	60.40746762315504	0.0	13.649208295669146	9.147404490194466	2.432798076273015	0.0	0.0	29.46511006019604	0.0	0.0	0.0	13.222820609364659	0.0	27.64392299678769	0.0	0.0	0.0	0.0	0.0	0.0	0.0	0.0	0.0
GSM4138110_HNSCC_1_PBMC_GAAATGAAGAGCCTAG	147.09084869533146	50.75886020792512	86.84579126609968	86.22560063138607	67.87142388246585	0.0	107.95876430903157	0.0	16.862494659908734	21.12202013788991	0.0	0.0	0.0	0.0	0.0	0.0	0.0	0.0	5.0942366573035915	0.0	57.86478068880831	1.1552134490241313	0.0	10.751549203808581	0.0	0.0	0.0	22.78196673403997	0.0
GSM4138110_HNSCC_1_PBMC_GACGTTATCTAACCGA	46.78874309342489	45.69745133932959	61.584065315753314	66.87868516886117	9.385463653498027	32.86049710387132	0.0	0.0	13.072117505595905	25.06670710226795	28.96863581586684	0.0	0.0	0.0	0.0	0.0	0.0	0.0	0.0	0.0	0.0	0.0	0.0	61.76394869965416	0.0	0.0	0.0	0.0	0.0
GSM4138110_HNSCC_1_PBMC_GACTGCGTCGGCATCG	22.696303295676934	61.97517598307141	47.73915315708745	85.61487767237443	8.198286953683086	75.91705101639873	0.0	0.0	0.0	43.21846343577529	21.1340958976131	0.0	0.0	0.0	0.0	0.0	21.299303209432004	0.0	0.0	0.0	0.0	0.0	0.0	0.0	0.0	0.0	0.0	32.93806866837766	0.0
GSM4138110_HNSCC_1_PBMC_GATGAGGAGGCTAGCA	49.7590455290743	66.48802027607437	44.19823616761944	22.388792309087854	6.15654016064945	0.0	31.520915133192865	0.0	12.677111563718794	0.0	26.699096583770537	24.502338030117397	0.0	0.0	0.0	0.0	5.34577548871913	0.0	0.0	0.0	0.0	0.0	51.411578332397646	0.0	0.0	0.0	0.0	0.0	0.0
GSM4138110_HNSCC_1_PBMC_GATTCAGCACCACGTG	59.30410895291321	36.32765000392277	48.68257153534846	5.951525325364598	29.156236586734767	59.41938551007598	0.0	0.0	8.682637670529692	0.0	0.0	6.162966030619218	0.0	1.914527182565834	0.0	0.0	7.813532830479844	0.0	30.5153431417755	0.0	0.0	44.085109631773534	0.0	0.0	0.0	0.0	0.0	0.0	0.0
GSM4138110_HNSCC_1_PBMC_GCAATCAGTAGCTCCG	49.03970614298603	35.31509614549849	54.68573176002299	18.413026224128423	63.03143421238837	0.0	6.359673622148614	0.0	0.0	0.0	15.21309719443513	0.0	0.0	17.4745658894308	0.0	0.0	15.025131455323596	0.0	0.0	0.0	0.0	27.848646611479396	0.0	0.0	0.0	0.0	0.0	0.0	0.0
GSM4138110_HNSCC_1_PBMC_GCGACCAGTAGCCTAT	70.58883210873995	17.212828021885713	107.78207657938381	53.06252626797173	35.527896996512744	130.3086182307033	2.08325329135808	0.0	24.313023186921992	15.131775547726244	0.0	25.954425695048837	0.0	0.0	0.0	48.702682354492076	0.0	0.0	0.0	0.0	0.0	0.0	0.0	0.0	0.0	0.0	0.0	0.0	0.0
GSM4138110_HNSCC_1_PBMC_GCTTCCATCTCATTCA	33.37929359097576	37.7837805200825	39.3613229868161	51.44936910171242	43.9271380383751	26.02794853039918	0.13231496776987084	0.0	6.243099684980647	0.0	0.0	0.0	0.0	0.0	36.850146759476125	64.51722172636963	0.0	0.0	5.187866419197148	0.0	0.0	0.0	0.0	0.0	0.0	0.0	14.614329199972605	0.0	0.0
GSM4138110_HNSCC_1_PBMC_GCTTGAAAGACCTTTG	28.138434779914018	15.857236449252762	31.716863069748236	25.751798659881867	27.199891759732093	48.05901306031542	0.0	0.0	2.5483472635208892	35.93269627343227	0.0	9.543680490426862	26.483974607422457	0.0	0.0	0.0	5.446501872634673	0.0	0.0	0.0	0.0	0.0	0.0	0.0	0.0	0.0	0.0	0.0	0.0
GSM4138110_HNSCC_1_PBMC_GGACAAGGTAATTGGA	59.41128637329898	33.45339559046392	148.11007196148566	22.008282539213116	78.88773026436567	0.0	97.22180910134237	24.75065249498684	5.1864770043748365	0.0	0.0	22.90574065865567	3.415515280283069	0.0	0.0	0.0	0.0	0.0	0.0	0.0	0.0	0.0	0.0	0.0	0.0	0.0	0.0	0.0	0.0
GSM4138110_HNSCC_1_PBMC_GGCGTGTAGCACGCCT	34.21066189450896	77.03172464153928	25.83142575434593	48.394999639204705	24.04000225152261	0.0	16.864229950450483	0.0	27.519687538511803	0.0	0.0	0.0	0.0	14.0191921069335	0.0	0.0	0.0	0.0	0.0	0.0	0.0	16.084350955368084	0.0	0.0	24.13043215297636	0.0	0.0	0.0	0.0
GSM4138110_HNSCC_1_PBMC_GGCGTGTAGCGTTTAC	29.691159012004967	36.7650833071574	40.996923209349376	59.82931994309974	18.46799752196677	43.938111634115494	0.0	0.0	0.0	0.0	0.0	12.728324159186874	17.671227768682655	0.0	12.178812285832977	0.0	12.231555630522116	0.0	0.0	0.0	0.0	0.0	0.0	0.0	0.0	0.0	0.0	0.0	0.0
GSM4138110_HNSCC_1_PBMC_GGCTGGTCAATGGACG	53.13242773593575	47.483705904049614	46.47046250867208	71.40591034022258	21.861826873859805	78.82992723544496	0.0	0.0	16.940738811836745	0.0	0.0	0.0	0.0	0.0	0.0	0.0	0.0	86.66191432636967	44.78952762632792	0.0	14.286779746356958	3.0925238774755996	0.0	0.0	0.0	0.0	0.0	0.0	0.0
GSM4138110_HNSCC_1_PBMC_GGGAATGTCAGCTGGC	112.84752871820254	51.46399905716372	95.15663106855597	36.54075992513391	33.436861375677545	24.60425611088896	0.0	0.0	0.0	38.32038000986878	0.0	14.062512478979697	45.765190079793136	24.992694763473864	0.0	0.0	14.748512669240695	0.0	0.0	10.44834495875106	0.0	0.0	0.0	0.0	0.0	0.0	0.0	0.0	0.0
GSM4138110_HNSCC_1_PBMC_GGGTTGCAGATCGGGT	27.79613186742352	43.9747776777309	62.24331649519117	55.42543646296101	23.120631902356386	0.0	12.715516065327765	15.59538766727424	0.0	0.0	0.0	0.0	0.0	0.0	0.0	44.4922807096726	10.640072372791252	0.0	16.505862890803126	0.0	0.0	15.02928247708666	0.0	0.0	0.0	0.0	0.0	0.0	16.16551621366185
GSM4138110_HNSCC_1_PBMC_GGTATTGCACATTAGC	51.84177467014497	37.52944482535705	98.67094001521373	6.643030558765494	13.06224929923154	15.841336528643977	0.0	0.0	1.2096308578557788	0.0	0.0	0.0	0.0	0.0	0.0	0.0	14.13656336988744	0.0	19.02452654641852	0.0	0.0	32.641070752182195	3.627949133408597	0.0	0.0	0.0	0.0	0.0	0.0
GSM4138110_HNSCC_1_PBMC_GGTGTTAGTGTGACCC	21.859794163631193	37.86472807201462	33.12980355110302	40.739760673807595	42.03414319248544	0.0	28.12047776368489	0.0	0.0	0.0	0.0	0.0	0.0	0.0	0.0	16.446138517575257	7.8258443175581425	0.0	0.0	0.0	0.0	0.0	52.76271195822658	26.50272433376256	0.7060761928279293	0.0	0.0	6.103432560522165	0.0
GSM4138110_HNSCC_1_PBMC_GTCACAAGTATCACCA	153.42948652324137	35.77545593428205	17.867944115308905	20.628171433663667	35.09410051894835	0.0	20.62967507945731	0.0	9.401583816800548	33.960417221215714	21.84059413435554	0.0	22.266043156264093	0.0	0.0	0.0	0.0	0.0	43.743584760342834	0.0	0.0	0.0	0.0	0.0	0.0	0.0	0.0	0.0	0.0
GSM4138110_HNSCC_1_PBMC_GTCACAATCGCAAGCC	43.63740167086426	53.3403408858472	63.19913206801999	63.0312304140014	22.877244562006986	0.0	12.677386057556282	0.0	13.753863350164224	46.22460000486152	0.0	0.0	0.0	0.0	0.0	0.0	0.0	0.0	12.385662516429994	0.0	20.729204741525834	0.0	0.0	0.0	0.0	0.0	0.0	0.0	0.0
GSM4138110_HNSCC_1_PBMC_GTCACGGCAAGCTGGA	58.37925644438672	48.2661056369209	48.805271856657654	0.0	27.955135352882312	19.134591826381538	0.0	0.0	10.640722460294617	0.0	0.0	0.0	0.0	9.520794943219894	124.99417583785713	12.053179510154512	0.0	0.0	0.0	0.0	0.0	0.0	0.0	4.940479367884918	0.0	11.445246063418145	0.0	0.0	0.0
GSM4138110_HNSCC_1_PBMC_GTCGTAAAGGCATGTG	88.94684170326002	85.7186763782538	124.44162580541663	98.60886546066604	89.65199450499128	95.47094504907292	0.0	0.0	0.0	28.581874171132117	0.0	0.0	49.471727727798836	45.23069350834519	0.0	0.0	21.303515325255315	0.0	0.0	0.0	69.22625165840194	0.0	0.0	0.0	0.0	0.0	0.0	0.0	0.0
GSM4138110_HNSCC_1_PBMC_GTCGTAATCTTGCAAG	39.883194498432104	33.443348433220166	22.09552040524793	47.87352164086531	20.063597587586425	6.454452734544967	16.912471442154363	0.0	8.61884190787798	0.0	0.0	17.70584698230982	0.0	0.0	0.0	0.0	0.0	0.0	0.0	0.0	0.0	0.0	32.27104878378981	0.0	28.982870138267252	0.0	0.0	0.0	0.0
GSM4138110_HNSCC_1_PBMC_GTCTCGTCATGCGCAC	40.152675297433085	48.068326574440455	63.86172961036006	37.87313646534365	59.69110439672125	0.0	6.894121901737464	34.29317343132972	0.0	0.0	0.0	12.414587542161783	31.489189876913766	0.0	0.0	0.0	17.38849682993	14.543317491208398	0.0	0.0	0.0	0.0	0.0	0.0	0.0	0.0	0.0	5.172078970300505	0.0
GSM4138110_HNSCC_1_PBMC_GTGAAGGCACATTTCT	45.44023982814539	101.17076647167413	75.39589428229144	21.30784747238443	51.91117667990608	23.52454904080657	0.0	16.173377066552366	0.0	0.0	0.005311790835102528	0.0	0.0	32.67135488846954	13.33256590655314	15.61521409974252	23.451771949746167	0.0	0.0	7.047032962398652	43.29021874468332	0.0	0.0	0.0	0.0	0.0	0.0	0.0	0.0
GSM4138110_HNSCC_1_PBMC_GTGCAGCAGACCGGAT	85.97801674649149	78.71203675948941	86.95522753300096	73.42230744704376	65.32639542423681	8.775522858963958	53.293763426282	13.60736718396501	2.874488816295636	0.0	0.0	0.0	34.62668684322917	34.623819663958336	0.0	0.0	0.0	41.31718215389758	0.0	0.0	0.0	0.0	0.0	0.0	0.0	0.0	0.0	0.0	0.0
GSM4138110_HNSCC_1_PBMC_GTTAAGCTCATACGGT	72.26790326234196	31.188648751056803	29.244584991691834	10.251870266191503	28.412134008405083	47.938494823095695	0.0	0.0	0.0	38.12566620734699	0.0	0.0	2.6553721827020875	13.415582366156695	0.0	0.0	55.15374748834076	0.0	0.0	3.489268658219511	8.878238913122086	0.0	0.0	0.0	0.0	0.0	0.0	0.0	0.0
GSM4138110_HNSCC_1_PBMC_TAAACCGAGGGTCGAT	43.75582989268846	55.61291525951633	27.507313037083648	33.01242547941247	62.11146821163723	0.0	25.258396614954478	0.0	0.0	35.54943017889228	0.0	0.0	0.0	0.0	0.0	35.46910240475524	9.595091880405452	0.0	29.63116048525739	0.0	0.0	0.0	0.0	0.0	0.0	0.0	0.0	0.0	0.0
GSM4138110_HNSCC_1_PBMC_TACCTTAAGGCTCTTA	74.11617052227656	63.30128309909983	42.62603358236054	57.0134992849352	26.70701252077925	70.73524054432272	0.0	22.75057447098592	24.083462143914563	0.0	0.0	38.67183621554982	0.0	0.0	0.0	0.0	0.0	0.0	0.0	23.444950515781667	23.208589210597534	0.0	0.0	0.0	0.0	0.0	0.0	0.0	0.0
GSM4138110_HNSCC_1_PBMC_TAGAGCTTCGTTGCCT	94.74471667107841	69.42046169418485	97.15219878404992	50.789204459873375	39.94824675784013	26.961332428939865	52.49622808575398	40.274992035721546	0.0	0.0	0.0	0.0	0.0	0.0	0.0	76.81757138012324	21.92343177457773	0.0	0.0	0.0	0.0	0.0	0.0	0.0	0.0	0.0	82.71436409160236	0.0	0.0
GSM4138110_HNSCC_1_PBMC_TAGGCATTCCCAGGTG	79.5098430741009	36.75843370849784	8.643010461351542	36.758847263988436	18.005269105209912	30.651591455407438	0.0	0.0	15.125049912599897	0.0	12.407848057783395	9.789769609679206	0.0	0.0	74.76915588955518	0.0	0.0	0.0	0.0	0.0	0.0	0.0	0.0	0.0	0.0	6.0180677104088	0.0	0.0	0.0
GSM4138110_HNSCC_1_PBMC_TCACAAGCACATCCGG	23.467302985231257	97.15041028667173	39.396430820677196	23.068947125054198	51.457164626272956	12.563905649916027	7.0062523651463176	0.0	32.24870399767218	0.0	0.0	0.0	0.0	0.0	0.0	0.0	0.0	32.827347751358815	19.5550794810225	5.676969295302062	0.0	13.3445970111832	7.3896991304313495	31.34833976072698	0.0	0.0	0.0	0.0	0.0
GSM4138110_HNSCC_1_PBMC_TCAGCTCCATGACGGA	38.19102107293895	8.42029924261087	94.48554320174888	35.597512911605335	23.92423486028062	74.2051698660332	0.0	0.0	0.0	11.515539116305739	0.0	0.0	4.681335752918845	9.130310511427549	0.0	0.0	25.482763392048735	0.0	0.0	0.0	0.0	0.0	0.0	0.0	0.0	0.0	0.0	0.0	0.0
GSM4138110_HNSCC_1_PBMC_TCGAGGCTCCAGGGCT	55.32701025206396	39.39741429603069	48.427625072243025	13.818198836465044	24.24970560016534	46.17308640081006	0.0	0.0	0.0	0.0	0.0	0.0	0.0	45.854937965998495	18.904313222593892	8.206303757437173	6.91358277876285	0.0	0.0	16.125902482730865	0.0	0.0	0.0	0.0	0.0	0.0	0.0	0.0	0.0
GSM4138110_HNSCC_1_PBMC_TCTATTGCAGTCAGCC	100.76158846548998	40.58472379733832	54.768482215695556	89.53596746871487	60.64567752934516	54.18598339785409	0.0	0.0	0.0	29.017475516662945	0.0	0.0	10.34200163881346	0.0	0.0	0.0	8.759574545946416	0.0	32.88415365683163	0.0	0.0	0.0	0.0	0.0	0.0	0.0	0.0	0.0	0.0
GSM4138110_HNSCC_1_PBMC_TCTCTAAGTGGTAACG	78.81135064551506	69.59082617060143	66.62271979481909	100.94229704791414	81.64138117131368	53.60431796333323	0.0	0.0	10.874050844822863	90.61871088310593	41.322307600790815	0.0	0.0	0.0	0.0	0.0	7.571489838836747	0.0	0.0	0.0	0.0	0.0	0.0	0.0	0.0	0.0	28.087926023865258	0.0	0.0
GSM4138110_HNSCC_1_PBMC_TCTGAGATCTAGCACA	36.280997595689634	21.46463073254627	28.995077307025852	113.2569215004234	12.958564381532039	0.0	57.458446395927034	0.0	6.0051762082382405	28.68311359279534	8.534455931480025	0.0	0.0	0.0	0.0	0.0	10.619689138356918	0.0	37.216984767415205	0.0	0.0	0.0	0.0	0.0	0.0	0.0	0.0	0.0	0.0
GSM4138110_HNSCC_1_PBMC_TCTTTCCCACTGAAGG	61.94304443422854	70.13987776067609	68.4456858052755	77.87961325260976	130.70649875604946	43.78810246593037	0.0	0.0	14.780423654831804	72.17262778404084	0.0	52.29788588055337	41.27285051537531	0.0	0.0	0.0	0.0	0.0	0.0	0.0	0.0	0.0	0.0	0.0	0.0	0.0	0.0	0.0	0.0
GSM4138110_HNSCC_1_PBMC_TGACAACGTCATCCCT	46.55559842306894	43.73075657040271	57.583862388413955	50.5302869145708	28.03528075481354	44.25383921346919	0.0	0.0	0.0	0.0	76.97994374779034	8.066826491320969	0.0	0.0	0.0	0.0	15.408358849473862	71.15687448648156	28.81549365176954	0.0	0.0	0.0	0.0	0.0	0.0	0.0	0.0	0.0	0.0
GSM4138110_HNSCC_1_PBMC_TGAGCCGAGATGAGAG	48.15327458606838	50.56729887590293	48.20701534026522	33.13035753386358	28.844313752361074	43.03818930602018	0.0	0.0	0.0	42.71260700354669	0.0	32.007479931694014	0.0	0.0	0.0	0.0	22.519371255060804	0.0	4.979676855540338	20.409523370002624	0.0	0.0	0.0	0.0	0.0	0.0	0.0	0.0	0.0
GSM4138110_HNSCC_1_PBMC_TGCGGGTTCTGATTCT	49.98199027412007	6.209932011417938	42.191469979674295	45.5692896714055	21.826846779749086	0.0	42.04574239497563	0.0	0.0	0.0	41.32458869405239	0.0	0.0	0.0	0.0	0.0	7.370749442300608	0.0	9.535216610479615	0.0	0.0	0.0	14.362074072369806	0.0	0.0	0.0	0.0	0.0	0.0
GSM4138110_HNSCC_1_PBMC_TGGCTGGGTTCCAACA	35.155182262581306	94.47159467465738	17.87328749851782	38.30465431395148	28.51900491559977	22.345281898276475	20.513027652415975	0.0	10.855407328803901	1.7215155133354734	49.319205728546734	20.467324806922267	0.0	26.222849146489914	32.09137241005502	0.0	0.0	0.0	0.0	0.0	0.0	15.493726788364103	0.0	0.0	0.0	0.0	0.0	0.0	0.0
GSM4138110_HNSCC_1_PBMC_TGTATTCGTGGCTCCA	80.44311340307257	84.99965405282657	92.26241259418094	53.73308627045704	61.639478946774204	0.0	38.60296776814505	0.0	12.502854515877843	13.67270032011031	0.0	0.0	0.0	60.146901203825216	0.6030019180373525	0.0	0.0	0.0	0.0	18.657871564433094	0.0	106.0613968364045	0.0	0.0	0.0	0.0	0.0	0.0	0.0
GSM4138110_HNSCC_1_PBMC_TGTGGTAAGTATGACA	74.9008326260104	23.210934748163382	135.0168621570537	51.27308688062256	28.202729594716633	7.401247143669231	21.59107823950345	0.0	7.559787700513451	0.0	0.0	0.0	0.0	32.5710334693219	0.0	17.419020305847148	0.0	0.0	0.0	0.0	0.0	0.0	33.62908633789055	0.0	0.0	0.0	0.0	0.0	0.0
GSM4138110_HNSCC_1_PBMC_TTCCCAGGTCACTGGC	45.4393520936104	23.30753431026184	62.06112066895178	35.1178391175408	39.19201573781923	9.0305021857952	16.5253166531602	33.56988635944651	30.927979255126782	0.0	0.0	1.0673099506436292	0.0	26.942585527439046	0.0	0.0	0.0	0.0	0.0	0.0	0.0	0.0	0.0	5.81656216153103	0.0	0.0	0.0	0.0	0.0
GSM4138110_HNSCC_1_PBMC_TTCGGTCCACCTCGGA	77.96298671055526	37.24619442021227	42.24432107740807	46.94688632073453	36.53241127644275	27.44435560195498	11.131068072674994	0.0	4.276875495590732	17.92854002557281	0.0	0.0	17.65976013516625	0.0	0.0	0.0	0.0	0.0	8.372963133565912	16.105183154756215	0.0	0.0	0.0	0.0	0.0	0.0	0.0	0.0	0.0
GSM4138110_HNSCC_1_PBMC_TTCTACATCCTTCAAT	44.626951455970286	19.38646511838764	54.09588692667306	51.023163378823696	22.966165059088745	27.832574883498214	0.0	0.0	0.0	42.89981214078881	0.0	18.026386475221567	32.20200384332929	0.0	0.0	0.0	23.678870816642956	0.0	0.0	0.0	0.0	0.0	0.0	0.0	0.0	0.0	0.0	0.0	0.0
GSM4138110_HNSCC_1_PBMC_AAAGTAGTCGGCATCG	204.386236165712	133.88063077631335	113.29698117773493	130.98929001354637	139.69908832052622	0.0	139.6275743969478	154.2917229500914	0.0	0.0	129.98203715785309	41.08061520025104	0.0	0.0	0.0	0.0	41.4783552575324	0.0	0.0	0.0	0.0	0.0	0.0	0.0	0.0	0.0	0.0	0.0	0.0
GSM4138110_HNSCC_1_PBMC_ACACTGATCGTACCGG	107.60820546536546	54.64704493562427	80.54394595729052	57.53884406563908	111.12373348738423	0.0	128.03184401674096	0.0	13.255511155862804	0.0	0.0	0.0	0.0	16.8652817939649	76.08463157037937	18.32933524817693	0.0	0.0	0.0	19.574237372816626	0.0	0.0	0.0	0.0	7.748569209884824	0.0	0.0	0.0	0.0
GSM4138110_HNSCC_1_PBMC_ACAGCTATCAGCACAT	206.75926217068198	106.61636587224656	134.09762291860565	73.62128638321484	139.2355261291924	83.73000477125267	26.5824386386932	153.95882427713917	32.04108291966714	0.0	0.0	0.0	0.0	11.295316172784354	0.0	0.0	0.0	0.0	0.0	0.0	0.0	0.0	0.0	0.0	85.17678275044102	0.0	8.176161843663364	0.0	0.0
GSM4138110_HNSCC_1_PBMC_ACTGAACGTTATTCTC	195.22770857325978	62.84406145067101	116.84751778368711	76.90154389067379	107.41113175838598	0.0	112.80735417679904	0.0	16.078479359562273	0.0	0.0	2.4751455999611123	0.0	45.12790461594158	0.0	0.0	0.0	0.0	0.0	69.0886434319737	0.0	0.0	148.78841193867495	0.0	0.0	0.0	0.0	0.0	0.0
GSM4138110_HNSCC_1_PBMC_ACTGAGTTCAGGTAAA	197.14474545387003	33.35675750528212	87.0095933806559	92.97024023002564	73.12320972097612	47.955353725201924	49.17968233194049	0.0	21.864629821720936	0.0	0.0	0.0	60.653860841514955	0.0	0.0	0.0	0.0	0.0	41.62837504756793	0.0	0.0	0.0	118.37110305549623	0.0	0.0	0.0	0.0	0.0	0.0
GSM4138110_HNSCC_1_PBMC_ACTGCTCCAACCGCCA	220.38224243730437	51.40975339938098	107.00683484846697	94.39444709307264	125.60571794397528	94.25573770422922	0.0	76.24996408801111	16.759116726837057	0.0	0.0	22.340456138533252	0.0	0.0	0.0	0.0	0.0	0.0	0.0	6.986473047451055	39.195275693024314	0.0	0.0	0.0	0.0	0.0	0.0	0.0	0.0
GSM4138110_HNSCC_1_PBMC_ACTTACTAGTGGAGAA	182.94330085390257	122.07041000875488	104.37713132602144	177.96425621529994	124.86303391839951	157.95409362965518	0.0	160.73235861104712	48.77758836769187	0.0	0.0	0.0	0.0	46.93151871155287	0.0	50.74696335076251	0.0	0.0	0.0	0.0	0.0	0.0	0.0	0.0	68.00874425648229	0.0	0.0	0.0	0.0
GSM4138110_HNSCC_1_PBMC_ACTTGTTCAGTTCATG	171.67475210274944	183.55078644751043	165.23968735089397	111.8187173043263	120.94479512173126	173.70475066970815	40.72171128976757	0.0	0.0	0.0	0.0	52.24058145845884	90.48866803406393	0.0	0.0	0.0	11.896641555266866	52.28764359707814	0.0	47.07131936671636	0.0	146.46255654700198	0.0	0.0	0.0	0.0	0.0	0.0	0.0
GSM4138110_HNSCC_1_PBMC_AGAGTGGCAGGGATTG	109.65397902235523	71.16735462277555	112.70184903303291	78.19637279550363	67.00601856968261	0.0	109.38289539714337	15.089644589450202	0.0	0.0	0.0	0.0	0.0	68.32889856057764	0.0	91.86807418744252	50.81334254207278	56.29690956590393	0.0	0.0	0.0	0.0	0.0	0.0	0.0	0.0	0.0	0.0	0.0
GSM4138110_HNSCC_1_PBMC_AGATCTGGTGATAAGT	150.48280662227256	66.90318991299642	73.69607536292996	73.67385293404513	139.55367411482774	0.0	78.35907636450803	30.97868856574	15.849893200709799	0.0	37.37814565621036	0.0	0.0	0.0	0.0	0.0	0.0	0.0	0.0	0.0	0.0	0.0	0.0	29.7075455578829	33.20577772387803	0.0	0.0	51.68837147932696	0.0
GSM4138110_HNSCC_1_PBMC_AGATTGCGTATAGGGC	165.42905544583294	157.84796316699143	161.9741710509229	152.00036264217468	159.66017084720562	164.46381728368402	0.0	0.0	21.919487497957032	0.0	0.0	0.0	0.0	0.0	106.06648343693949	50.686789117554525	0.0	0.0	10.079365660786035	0.0	0.0	0.0	0.0	0.0	55.55218994774427	0.0	0.0	0.0	0.0
GSM4138110_HNSCC_1_PBMC_AGCGGTCCATGCTGGC	231.3240087637009	59.38381666603987	64.86181724492026	78.95787327204164	131.89237778553786	0.0	86.11546931430678	37.57493962279129	23.578971612595964	0.0	0.0	0.0	0.0	43.51871918573668	0.0	0.0	0.0	0.0	0.0	0.0	200.1816994401805	0.0	0.0	0.0	0.0	0.0	0.0	0.0	0.0
GSM4138110_HNSCC_1_PBMC_AGGCCACTCAGCGATT	172.77728842214037	92.18332114981104	45.343835983909116	56.83074659715653	95.5257533046411	82.95979234554846	0.0	93.25799300745369	11.57436779239953	0.0	0.0	0.0	0.0	60.238306211445845	0.0	75.17635515803063	0.0	0.0	0.0	18.791260005777016	0.0	0.0	0.0	0.0	0.0	0.0	0.0	0.0	0.0
GSM4138110_HNSCC_1_PBMC_AGTAGTCCACAGTCGC	202.5686736174391	140.3731655831016	177.4286773362295	161.3597217605394	135.97360789337415	106.60237444445642	0.0	0.0	0.0	0.0	85.5412222697271	0.0	0.0	0.0	0.0	0.0	15.164404507521525	0.0	0.0	0.0	0.0	0.0	210.81216575089084	0.0	0.0	0.0	54.57052150340312	14.738193249786965	0.0
GSM4138110_HNSCC_1_PBMC_AGTGTCATCCCTAATT	108.6076617819962	85.84648753824395	138.9615649733192	97.15641576785401	71.11430907294003	90.88068887864259	19.411595965689642	93.28432976524245	28.27699162378338	0.0	0.0	0.0	0.0	0.0	0.0	41.27783113270706	0.0	0.0	38.0511979408343	12.351517024114312	0.0	0.0	0.0	0.0	0.0	0.0	0.0	0.0	0.0
GSM4138110_HNSCC_1_PBMC_ATCCACCGTGGTTTCA	3158.3560877240516	0.0	0.0	0.0	0.0	0.0	0.0	0.0	0.0	0.0	0.0	0.0	0.0	0.0	0.0	0.0	0.0	0.0	0.0	0.0	0.0	0.0	0.0	0.0	0.0	0.0	0.0	0.0	0.0
GSM4138110_HNSCC_1_PBMC_ATCGAGTGTACTTAGC	169.64389026707374	194.72382342817397	209.13212472205313	41.17596532995705	119.13611668535208	91.53239701417152	0.0	0.0	22.70860258862615	118.80619133328562	125.55747751712146	52.752754362746245	0.0	0.0	0.0	0.0	7.789716795850382	0.0	0.0	0.0	0.0	0.0	39.163787372892486	0.0	0.0	0.0	0.0	0.0	0.0
GSM4138110_HNSCC_1_PBMC_CAACTAGTCTTGAGAC	198.36436199477228	66.83227669592704	64.87289066712712	93.09466693716004	73.25281936252412	0.0	79.53404268355352	109.33543073327039	21.837256319612294	0.0	0.0	11.68240764835802	1.8309491160851277	0.0	0.0	0.0	0.0	0.0	0.0	0.0	110.00698802655361	0.0	0.0	9.925056977880093	0.0	0.0	0.0	0.0	0.0
GSM4138110_HNSCC_1_PBMC_CAAGGCCTCTAGCACA	95.25779206751253	50.06980609194852	90.89838834412433	44.68364279798112	60.02034093665919	42.08253196867679	13.394326433801075	60.44786376253121	31.74978003739404	0.0	74.37860547335882	4.0430527974054655	0.0	25.469960029922305	0.0	0.0	0.0	0.0	0.0	0.0	0.0	0.0	0.0	0.0	0.0	0.0	0.0	0.0	0.0
GSM4138110_HNSCC_1_PBMC_CACAAACAGGCTACGA	157.61001195882076	68.28250746429514	84.88769854340217	128.18311899026298	66.4096833982835	138.83667205839546	0.0	147.52288616262905	13.58962597261423	0.0	0.0	0.0	72.0582847918646	0.0	0.0	0.0	0.0	0.0	0.0	0.0	0.0	0.0	0.0	0.0	0.0	0.0	0.0	30.915049776766715	0.0
GSM4138110_HNSCC_1_PBMC_CACATTTTCATTGCGA	137.18261676268946	71.10067979695357	57.797246461071595	84.92685324380663	70.43915249447463	0.0	81.30854840628145	57.01073783174729	28.506043057841183	0.0	0.0	0.0	55.94039782525337	0.0	0.0	0.0	0.0	111.28283955716977	0.0	0.0	0.0	0.0	0.0	50.13555336053667	0.0	0.0	0.0	0.0	0.0
GSM4138110_HNSCC_1_PBMC_CAGAGAGTCAGTTAGC	226.86910377587952	115.5708583500231	122.34433970158888	97.47940688349905	160.82002919676475	0.0	147.85756953632088	90.32525610062311	14.918303370945669	0.0	0.0	58.96876235179535	0.0	0.0	0.0	30.024850726618794	0.0	0.0	0.0	0.0	36.107951679470396	0.0	0.0	0.0	12.171686933001128	0.0	0.0	0.0	0.0
GSM4138110_HNSCC_1_PBMC_CAGCTGGGTCTCCACT	229.03644791641068	73.2368052751119	51.33420337796606	133.86687554260715	134.8817484665871	117.91744908429226	0.0	0.0	0.0	138.3546506144588	0.0	0.0	0.0	63.2811575047836	0.0	69.12302479234216	19.30775116310738	11.451465436423952	0.0	0.0	0.0	0.0	0.0	0.0	0.0	0.0	0.0	0.0	0.0
GSM4138110_HNSCC_1_PBMC_CAGCTGGGTGTTTGTG	118.42362542239962	32.37201112573772	60.88523487920717	37.432958184892314	117.52485106337295	0.0	121.10523795602522	79.83059861597502	12.397669599933296	0.0	0.0	23.5870087571887	81.9885648341531	0.0	0.0	0.0	0.0	0.0	0.0	0.0	0.0	0.0	0.0	0.0	0.0	0.0	0.0	0.0	0.0
GSM4138110_HNSCC_1_PBMC_CATATGGCAGGACGTA	207.16992603114178	123.70371933272246	70.98238118500086	154.02528585711522	110.73728044498277	84.29379743117087	0.0	0.0	2.5671645389831026	84.98274598423185	0.0	0.0	182.18529681340223	0.0	0.0	0.0	0.0	0.0	0.0	0.0	5.183254195247646	0.0	0.0	0.0	0.0	0.0	0.0	0.0	0.0
GSM4138110_HNSCC_1_PBMC_CATATTCTCCACGTTC	145.55381087922996	86.12425511661966	116.80462738845625	72.59181853138	87.18415361527808	78.09219330792908	0.0	78.54993685055706	22.01504246565813	0.0	0.0	12.705492332372469	0.0	0.0	0.0	0.0	0.0	0.0	12.996517596796473	41.68867917547546	72.79772801357967	0.0	0.0	0.0	0.0	0.0	0.0	0.0	0.0
GSM4138110_HNSCC_1_PBMC_CCAATCCCACGACTCG	99.17921006209595	107.62064071400593	36.03902875897769	73.31868021955208	50.9451266185242	77.10813559096505	0.0	78.83223242440683	21.368542246792106	0.0	36.38958395429352	22.8224343516035	0.0	0.0	0.0	0.0	0.0	0.0	17.405540339114303	0.0	0.0	0.0	0.0	0.0	0.0	0.0	0.0	0.0	0.0
GSM4138110_HNSCC_1_PBMC_CCTACCAGTCGGCTCA	291.5591880920298	109.9287756154949	88.89222065294108	55.07233835507287	131.98276888186567	41.777925922566105	93.74440130944748	0.0	30.692531534865896	132.3427579396613	63.484656610461926	0.0	0.0	80.66044018922969	0.0	0.0	0.0	0.0	0.0	0.0	0.0	0.0	0.0	0.0	0.0	0.0	0.0	0.0	0.0
GSM4138110_HNSCC_1_PBMC_CGAACATCAAGTTAAG	217.49391327121947	158.0958741397317	121.94718813313928	128.27229967106402	121.50613627128453	88.30380142494415	26.569841311872548	93.6471661204261	0.0	0.0	105.19714241276226	0.0	0.0	75.05330599891882	0.0	0.0	52.0881644862942	0.0	0.0	0.0	0.0	0.0	0.0	0.0	0.0	0.0	0.0	0.0	0.0
GSM4138110_HNSCC_1_PBMC_CGACCTTCATTACGAC	112.28606547297231	46.37856144288806	20.172510584521493	32.7684679156859	69.82171189363245	60.40450479901276	0.0	59.49747819823166	6.298615029837687	0.0	29.16998607681759	0.0	0.0	0.0	0.0	0.0	0.0	0.0	45.87626808084447	0.0	0.0	0.0	0.0	0.0	0.0	0.0	0.0	0.0	0.0
GSM4138110_HNSCC_1_PBMC_CGAGCACCATATACGC	226.97077608133742	121.04009432821154	117.05392830757644	130.96942395674662	154.53713114700906	140.66372125593168	0.0	164.75468273922863	62.57534070016569	0.0	0.0	0.0	0.0	0.0	0.0	0.0	0.0	0.0	0.0	154.16817604855834	0.0	0.0	0.0	6.2347030710609195	0.0	27.43930944266789	0.0	0.0	0.0
GSM4138110_HNSCC_1_PBMC_CGATCGGCAACGATCT	133.1420713264634	76.41105439753305	73.40709438414679	142.21812603807228	77.08648202154315	0.0	116.63144583089094	0.0	34.138293224488585	76.58190201423089	0.0	34.16129904452603	80.56291624120415	0.0	55.14673222809147	0.0	0.0	0.0	0.0	0.0	0.0	0.0	0.0	0.0	0.0	0.0	0.0	0.0	0.0
GSM4138110_HNSCC_1_PBMC_CGATCGGGTTTGGGCC	216.15434359233222	34.369974109065055	97.91290662353082	135.7929886946455	77.50547141094667	69.79735044907876	0.0	92.09370460869985	37.49040934885909	0.0	0.0	0.0	0.0	0.0	0.0	0.0	0.0	0.0	0.0	100.46832978635054	0.0	46.529906406512005	0.0	9.618694312209369	0.0	0.0	0.0	0.0	0.0
GSM4138110_HNSCC_1_PBMC_CGCTATCCACCGAATT	241.44328093151952	182.8973479255454	108.17507258989994	68.83488472104588	176.61717166307017	0.0	157.23273269072735	0.0	37.96711104056324	0.0	0.0	0.0	0.0	31.689849260516336	97.45683328791192	0.0	0.0	0.0	0.0	0.0	0.0	0.0	0.0	0.0	137.26288210417144	0.0	0.0	0.0	0.0
GSM4138110_HNSCC_1_PBMC_CGGAGCTGTCGAACAG	193.204690510414	121.4678722732743	104.96479056490475	154.63034423163583	120.7685166183038	0.0	172.21294414828813	114.21388309052813	15.097105048585933	0.0	50.818926750969354	26.632567571108346	0.0	0.0	0.0	22.99353806761775	0.0	0.0	27.88333384064569	0.0	0.0	34.53732658717822	0.0	0.0	0.0	0.0	0.0	0.0	0.0
GSM4138110_HNSCC_1_PBMC_CGTTCTGGTCTAAACC	161.19630930440263	150.30609328220308	119.84014897466588	101.27753932598601	126.63082533155897	104.20109337391484	0.0	142.57260761992833	16.096882338135423	0.0	0.0	0.0	0.0	0.0	0.0	0.0	0.0	0.0	48.66926248784163	17.789949205339646	50.2476563665235	0.0	0.0	0.0	0.0	0.0	0.0	0.0	0.0
GSM4138110_HNSCC_1_PBMC_CGTTGGGGTGTGTGCC	102.94971606098375	75.29539146828475	35.40932739068381	115.39504908344537	78.6895293723938	89.53644551147136	0.0	0.0	48.408661676912644	0.0	0.0	0.0	0.0	20.498304423970936	57.237287615294	0.0	0.0	0.0	0.0	69.77666780974474	0.0	0.0	0.0	0.0	0.0	0.0	0.0	0.0	0.0
GSM4138110_HNSCC_1_PBMC_CTAATGGCACACATGT	185.96354625867968	59.35672055594677	104.70133111127878	81.55289655478342	65.70823167809334	15.020963697263603	76.78999837029839	119.39536077420308	39.70480819480867	0.0	13.460997410934324	34.47966688277134	0.0	0.0	0.0	0.0	0.0	0.0	0.0	0.0	0.0	0.0	0.0	0.0	65.7119024396403	0.0	0.0	0.0	0.0
GSM4138110_HNSCC_1_PBMC_CTACCCAGTTACCGAT	151.4816151844913	101.80756243232943	78.57417877798105	110.11938496726775	165.55852528500836	0.0	146.25011554873126	159.1713317486349	13.938623755619735	0.0	70.84549280321595	0.0	0.0	31.55444544329122	0.0	0.0	0.0	0.0	0.0	0.0	0.0	0.0	0.0	0.0	23.473668699864255	0.0	0.0	0.0	0.0
GSM4138110_HNSCC_1_PBMC_CTAGAGTCATCGGACC	256.0583066246328	86.07372598227313	55.223724328795754	115.02021090521595	101.56986819376864	81.36293239079362	0.0	158.261333893619	2.972964547159453	0.0	0.0	16.910112339627307	0.0	26.65841287803615	0.0	34.14880875212671	0.0	0.0	0.0	0.0	0.0	0.0	0.0	0.0	0.0	0.0	0.0	0.0	0.0
GSM4138110_HNSCC_1_PBMC_CTCTGGTGTGTTCGAT	207.21637344511677	121.83723096444182	84.47303093775606	93.15326430379798	73.03344420642256	0.0	52.07804282716963	74.68559558420958	35.44005303023454	0.0	0.0	0.0	0.0	26.235371956008265	0.0	0.0	0.0	0.0	0.0	0.0	0.0	0.0	0.0	0.0	108.464670851152	0.0	0.0	0.0	0.0
GSM4138110_HNSCC_1_PBMC_CTGATAGCATCAGTCA	135.9196112433345	167.08819852505258	54.15890564127228	57.137997674632366	86.56329989173554	37.25820570898747	9.930532300785163	50.912211461869916	20.640769782761257	0.0	43.64631121843547	0.0	0.0	44.36292972003326	0.0	0.0	40.35034934866078	0.0	0.0	0.0	0.0	68.62016581038708	0.0	0.0	0.0	0.0	0.0	0.0	0.0
GSM4138110_HNSCC_1_PBMC_CTGTTTACAATGTAAG	221.2355958545949	96.5619426960839	84.54500803079704	159.76788889737733	64.28625036584282	188.73653803208325	0.0	141.02253384948085	12.761858527067806	0.0	0.0	0.0	47.37701601013045	0.0	0.0	0.0	0.0	0.0	39.88624300150363	36.84560463358631	0.0	0.0	0.0	0.0	0.0	0.0	0.0	0.0	0.0
GSM4138110_HNSCC_1_PBMC_GAACCTATCTCTGTCG	101.71197814744025	23.499056478274262	53.659614534931286	48.78253024787093	84.46560089185668	57.98657790078838	0.0	49.784545408316745	24.646747108312752	0.0	0.0	0.0	31.614908385983682	44.345452352721004	0.0	0.0	0.0	0.0	0.0	0.0	13.250277313521275	0.0	0.0	0.0	0.0	0.0	0.0	0.0	0.0
GSM4138110_HNSCC_1_PBMC_GATCGCGTCAGGCGAA	120.95505430362608	85.88586639715949	39.08229109456698	85.05787031521918	100.92111562924453	0.0	58.28749157346816	83.12338133130133	15.767865422890974	0.0	0.0	0.0	0.0	18.876692601673795	0.0	0.0	0.0	0.0	0.0	69.07549103858939	0.0	0.0	0.0	0.0	0.0	0.0	0.0	0.0	0.0
GSM4138110_HNSCC_1_PBMC_GATCTAGCATACAGCT	131.71002661444578	106.80776583590554	65.42411972916643	105.11266363267694	87.42062843712549	265.0050230242295	0.0	115.58696087095574	0.0	0.0	55.9618997564047	0.0	0.0	0.0	0.0	0.0	57.71471746212772	0.0	12.800493737701174	0.0	0.0	0.0	0.0	62.48060666019465	0.0	0.0	0.0	0.0	0.0
GSM4138110_HNSCC_1_PBMC_GATGAAAGTAGAAGGA	173.4175284773734	82.64378247973697	41.41451592982959	23.671071657536483	55.004475354732385	63.98537158672489	0.0	0.0	0.4238310312691053	9.183001456608983	0.0	0.7971789619632642	0.0	0.0	0.0	0.0	0.0	37.23567415228798	0.0	0.0	52.512731660222705	0.0	0.0	0.0	0.0	0.0	0.0	0.0	0.0
GSM4138110_HNSCC_1_PBMC_GATGAAAGTCACCCAG	232.203532430653	94.83676699796578	176.0124333513696	107.35010852194527	168.19446965158934	126.62098685630139	0.0	0.0	6.770411793936774	180.31236579241732	61.186304231859665	0.0	0.0	21.603884879349607	0.0	0.0	0.0	0.0	0.0	0.0	0.0	0.0	0.0	0.0	0.0	0.0	0.0	0.0	0.0
GSM4138110_HNSCC_1_PBMC_GCATACACATCTGGTA	257.2799773205093	86.35291430172137	133.71071679981378	149.68366846013564	146.46880308412156	244.81424982827934	0.0	0.0	12.181265318011889	0.0	0.0	0.0	43.41534263173176	0.0	0.0	0.0	0.0	0.0	98.96590547940983	0.0	0.0	184.08901423900446	0.0	0.0	92.07047277342272	0.0	0.0	0.0	0.0
GSM4138110_HNSCC_1_PBMC_GCGAGAATCGCACTCT	186.77227368431343	94.50994701776457	224.24968531072005	63.14092730127857	91.27133521285572	186.3215055175991	0.0	0.0	48.3933727182283	0.0	0.0	53.7801840758453	0.0	0.0	0.0	2.0737203621262195	0.0	0.0	0.0	0.0	3.7729541301277005	0.0	185.32313853955014	0.0	87.34894519418779	0.0	0.0	0.0	0.0
GSM4138110_HNSCC_1_PBMC_GCGCGATAGGAGCGTT	85.41897045740582	38.03512422766386	38.01502170800467	66.89376377977025	35.89756034882706	0.0	35.94032363280245	118.19656698854075	17.475235025455653	0.0	13.606269605367315	21.474178296346764	0.0	0.0	0.0	0.0	0.0	0.0	11.733672523282404	0.0	4.823154294956167	0.0	0.0	0.0	31.417473631252452	0.0	0.0	0.0	0.0
GSM4138110_HNSCC_1_PBMC_GCTCTGTTCAGTTTGG	170.05812662927832	76.970360666526	1.1560373047349315	95.64929673833251	63.16121661060802	70.74353758608952	0.0	88.47731288170995	0.0	0.0	0.0	23.509064654613987	0.0	0.0	0.0	0.0	3.962061690083545	0.0	0.0	52.023074237937514	0.0	0.0	0.0	0.0	0.0	0.0	0.0	0.0	0.0
GSM4138110_HNSCC_1_PBMC_GCTGCGAGTCTAGTCA	181.84009961228008	91.50323005289833	125.06300220479977	54.02826235110899	97.79472258451192	0.0	156.10985687319902	113.81987382520244	18.615264579320318	0.0	0.0	0.0	0.0	66.78010039751823	0.0	0.0	0.0	0.0	0.0	9.479659368122899	0.0	0.0	0.0	0.0	0.0	10.311037767538108	0.0	0.0	0.0
GSM4138110_HNSCC_1_PBMC_GGCTCGATCAGGCGAA	136.03824563544705	64.80859560888376	40.02209551881171	45.38703430782663	99.84856817165584	88.57475376823237	0.0	108.80748636879672	6.649364166222101	0.0	28.335842361972958	22.662365543702364	11.363403659482426	0.0	0.0	14.913948135442473	0.0	0.0	0.0	0.0	0.0	0.0	0.0	0.0	0.0	0.0	0.0	0.0	0.0
GSM4138110_HNSCC_1_PBMC_GGGAATGTCTTCCTTC	0.0	0.0	0.0	0.0	0.0	0.0	0.0	8.712833781176897	0.0	0.0	0.0	0.0	0.0	0.0	50.89686606061506	0.0	0.0	3280.1178024119217	0.0	0.0	0.0	58.26404683669796	0.0	0.0	0.0	0.0	0.0	0.0	0.0
GSM4138110_HNSCC_1_PBMC_GGGCACTTCGTAGGTT	219.925756004517	63.44417265018097	77.02575669581121	94.80928055310459	102.93965950045279	75.58836478528069	9.892441024828264	136.38342995551204	26.42533023090891	0.0	0.0	48.05146781381261	0.0	0.0	0.0	41.668353759560844	0.0	0.0	0.0	0.0	0.0	0.0	0.0	0.0	0.0	0.0	0.0	0.0	0.0
GSM4138110_HNSCC_1_PBMC_GTAGGCCAGTACTTGC	148.22915049493346	120.14492191805441	103.75639853644432	133.49635925434615	83.30234626291836	115.47929672864362	2.2014610194469335	0.0	22.96760136216632	0.0	58.01399334496261	0.0	0.0	0.0	122.8016435637196	0.0	0.0	0.0	5.5502313774386325	0.0	0.0	0.0	0.0	0.0	0.0	0.0	0.0	0.0	0.0
GSM4138110_HNSCC_1_PBMC_GTCACAATCTATCGCC	211.39170405995216	136.35360057577296	89.87017615063701	77.08971442288929	185.36969722720883	0.0	111.44404796498333	113.39244732076948	42.35906232091418	0.0	107.59961541557878	13.060241052229134	0.0	0.0	0.0	0.0	0.0	0.0	0.0	0.0	0.0	0.0	0.0	0.0	0.0	0.0	0.0	0.0	0.0
GSM4138110_HNSCC_1_PBMC_GTCTCGTAGTAGCGGT	159.97938802024967	70.53477362737031	65.2627012405491	120.13406888118804	85.87845921399762	74.04656019072344	0.0	70.11217961809714	41.0608192751802	0.0	0.0	0.0	71.97189436434314	27.22110310711063	0.0	0.0	0.0	0.0	0.0	0.0	0.0	0.0	0.0	0.0	0.0	0.0	0.0	0.0	0.0
GSM4138110_HNSCC_1_PBMC_GTGCAGCTCTGTCTAT	235.78606292240406	112.9009290035461	133.80430129974798	98.77068453505112	167.84862711952746	186.05223315589407	0.0	0.0	0.0	256.0705228676153	0.0	0.0	6.357973718115808	0.0	0.0	0.0	25.0259858636534	0.0	0.0	75.18201045348654	0.0	0.0	0.0	0.0	0.0	0.0	84.64094507458022	0.0	0.0
GSM4138110_HNSCC_1_PBMC_GTGCATAGTACGCTGC	186.7163230563376	83.54537497295473	84.44610589638688	99.75750876491591	124.64574471858103	80.57723906693488	0.0	112.7512190994894	15.150258005831745	0.0	0.0	0.0	0.0	53.30925702332936	0.0	0.0	0.0	0.0	0.0	0.0	0.0	0.0	0.0	0.0	47.23906959801019	0.0	0.0	0.0	0.0
GSM4138110_HNSCC_1_PBMC_GTGCTTCAGTACGATA	114.09909448318643	130.33217578323956	54.53364228706645	108.64460826348325	84.6858660810592	142.10840620466476	0.0	108.60615510734613	16.58223275207768	0.0	0.0	6.589555575071363	0.0	4.367977659866517	0.0	76.12139182263864	0.0	0.0	0.0	0.0	0.0	0.0	0.0	0.0	0.0	0.0	0.0	0.0	0.0
GSM4138110_HNSCC_1_PBMC_TACAGTGCAATGACCT	128.1781922907967	83.61330854196812	81.81464080047445	65.66529312969824	62.13659303301423	62.73352185735879	24.615502130966306	73.69319550207422	14.489555092791147	0.0	0.0	0.0	0.0	0.0	0.0	74.45426768780548	0.0	0.0	0.0	0.0	0.0	0.0	0.0	72.2127775968033	0.0	0.0	0.0	0.0	0.0
GSM4138110_HNSCC_1_PBMC_TACTCATAGATCACGG	284.60678104501847	60.83947107935476	97.00669755487654	104.12013690238165	113.53268688962237	96.62223668092449	0.0	0.0	10.407833408393575	0.0	0.0	2.174317863597057	0.0	67.59723588736463	0.0	0.0	0.0	0.0	4.8905874130147495	71.85041356915949	0.0	153.84216920361723	0.0	0.0	0.0	0.0	0.0	0.0	0.0
GSM4138110_HNSCC_1_PBMC_TACTCGCGTAAGGATT	117.40277908728376	162.93938997259406	69.98219746163845	166.97126916477168	78.83835677304879	0.0	171.52270454623763	97.18715178080353	20.412518883367945	19.4346382410366	49.68490152571258	0.0	0.0	81.6237918439449	0.0	0.0	0.0	0.0	0.0	0.0	0.0	0.0	0.0	0.0	0.0	0.0	0.0	0.0	0.0
GSM4138110_HNSCC_1_PBMC_TACTTGTCAAGTTAAG	156.03847220063747	184.70393702280253	81.173730009353	163.00239798152793	97.30488833828186	0.0	126.56664021111641	159.9766316958981	10.490519994742357	0.0	0.0	74.10555473406114	28.206131931778383	0.0	0.0	0.0	0.0	0.0	0.0	0.0	63.421800695879476	0.0	0.0	0.0	0.0	0.0	0.0	0.0	0.0
GSM4138110_HNSCC_1_PBMC_TATCTCAAGGTGTGGT	119.73910574074077	32.884097680862986	51.88658932029259	55.46650113172649	85.55811906837108	13.134775074636611	66.40364385441839	79.11236483960982	9.049553866656202	0.0	0.0	0.0	13.009785925895304	0.0	0.0	0.0	0.0	0.0	27.157088819925498	58.39095442352301	0.0	32.73557248357688	0.0	0.0	0.0	0.0	0.0	1.6903221820863656	0.0
GSM4138110_HNSCC_1_PBMC_TCAGCTCCACCCATTC	277.5417694167888	106.09265599366732	213.62164144671493	103.74450077934293	240.975074137114	163.36241807654142	0.0	0.0	0.0	0.0	0.0	0.0	100.17615658244937	0.0	0.0	0.0	7.398839059654466	89.91980086080547	0.0	0.0	0.0	0.0	0.0	0.0	0.0	0.0	61.02488920699268	0.0	0.0
GSM4138110_HNSCC_1_PBMC_TCGCGTTCAGCTGCTG	138.92426129767972	128.73768558174135	37.039155791316006	46.98307866003319	68.0411479820914	95.27300859224711	22.50906901495228	98.06794586155937	31.3415938996443	0.0	0.0	19.601331978198253	0.0	21.762989010583883	0.0	0.0	0.0	0.0	0.0	0.0	0.0	0.0	0.0	0.0	32.98207709608969	0.0	0.0	0.0	0.0
GSM4138110_HNSCC_1_PBMC_TCGGGACAGCTAGTTC	213.00289466786782	101.82970910908597	94.23767369521555	167.54368648186139	90.18829596965325	123.56359484597563	0.0	118.87963371042916	15.737835340165972	0.0	10.066390819853249	0.0	39.84692523178849	0.0	0.0	0.0	0.0	0.0	37.49966948783887	0.0	0.0	0.0	0.0	0.0	0.0	0.0	0.0	0.0	0.0
GSM4138110_HNSCC_1_PBMC_TCTTCGGAGTCATCCA	138.09802773924787	99.71647880938806	77.57952594579525	97.66965832723969	81.05666264424933	125.2631251228256	0.0	0.0	24.056759297381767	0.0	45.41326017348028	42.608722865448655	0.0	0.0	0.0	38.35053792447672	0.0	0.0	0.0	0.0	0.0	0.0	126.97347677332684	0.0	0.0	0.0	0.0	0.0	0.0
GSM4138110_HNSCC_1_PBMC_TGAGAGGGTCCCTACT	242.09833636689433	104.92127532930614	116.8917127333355	70.01578982012974	41.434273587962934	5.956591401893006	69.8164662966217	208.50907172474894	49.69647775516963	0.0	258.9150805217957	0.0	0.0	0.0	0.0	0.0	0.0	0.0	34.45477447739849	0.0	0.0	0.0	0.0	0.0	0.0	0.0	0.0	0.0	0.0
GSM4138110_HNSCC_1_PBMC_TGATTTCGTTAAAGTG	294.12833652117314	115.98564990510151	110.55365488408505	119.64000984494363	251.13764979388412	40.02862593460411	150.25514147887742	115.98745078442438	29.695857257180936	0.0	0.0	0.0	0.0	0.0	0.0	0.0	0.0	0.0	0.0	47.886938606034334	0.0	0.0	0.0	49.67470329806233	0.0	0.0	0.0	0.0	0.0
GSM4138110_HNSCC_1_PBMC_TGCCAAATCATGTCCC	219.2562488747296	110.57767401263865	81.99514229688525	116.87625429721209	89.23490725375713	107.11589889838709	0.0	97.43224095292825	11.72614449499261	0.0	84.00871356419033	0.0	0.0	53.25881161014879	0.0	0.0	0.0	0.0	0.0	0.0	0.0	0.0	0.0	0.0	11.008549612944844	0.0	0.0	0.0	0.0
GSM4138110_HNSCC_1_PBMC_TGTATTCAGAATGTTG	261.55063388674466	119.60451180203191	75.17169407130733	98.87480586576186	70.06192375957917	0.0	191.45976157996319	76.66937200403828	0.0	0.0	106.44986919015433	0.0	0.0	0.0	0.0	0.0	16.5953516692434	0.0	0.0	0.0	0.0	0.0	0.0	0.0	0.0	0.0	0.0	65.46534095762557	0.0
GSM4138110_HNSCC_1_PBMC_TGTCCCAGTTCAGGCC	121.35165745083528	157.04204683363528	14.21134330419904	43.77907633183798	122.52848735982697	87.875716837329	0.0	0.0	24.39797474158491	0.0	18.714824899702545	2.515871280084195	0.0	0.0	131.68907880195428	0.0	0.0	0.0	0.0	0.0	0.0	0.0	0.0	0.0	0.0	0.0	0.0	53.14296409310189	0.0
GSM4138110_HNSCC_1_PBMC_TTGCCGTCAATAGCGG	160.4550709496573	89.48618392771772	102.17363073704071	88.9012826520513	67.02581841244282	119.42817347209585	0.0	158.67355222499506	28.09021704222716	0.0	11.635112571656549	0.0	0.0	37.475139383937844	0.0	0.0	0.0	0.0	0.0	63.108831359234834	17.657388913741727	0.0	0.0	0.0	0.0	0.0	0.0	0.0	0.0
GSM4138110_HNSCC_1_PBMC_TTTATGCAGACTGGGT	181.56531942832572	66.05736099526975	52.76969290946924	60.85441528358903	126.65145737536315	91.00974280536047	0.0	79.44769458204838	17.93236797845955	0.0	41.859973395242186	0.0	0.0	27.510863610764023	0.0	0.0	0.0	0.0	0.0	0.0	0.0	0.0	0.0	0.0	1.436156349883665	0.0	0.0	0.0	0.0
GSM4138110_HNSCC_1_PBMC_AACGTTGAGTTTAGGA	77.7277999392848	81.74292234739914	98.4470132448989	84.59084252470493	32.99980552923927	43.42457674239287	0.0	0.0	0.0	72.40413543062617	27.97530414102567	0.0	26.01534565521745	0.0	0.0	0.0	19.296616874729228	0.0	43.70871374802556	0.0	0.0	0.0	0.0	0.0	0.0	0.0	0.0	0.0	0.0
GSM4138110_HNSCC_1_PBMC_AAGGCAGCAATCACAC	70.8717468694751	81.31859504299635	21.578739038818398	3.265932245561125	1.034355622186218	0.0	154.49704100590125	0.0	24.805502402427322	0.0	0.0	0.0	0.0	0.0	0.0	0.0	0.0	64.01684380144295	0.0	42.749686093637145	0.0	0.0	0.0	0.0	0.0	0.0	0.0	36.94435776129468	0.0
GSM4138110_HNSCC_1_PBMC_ACTGATGTCAATAAGG	56.31367453471103	48.28677306504439	89.51509408928906	27.467456720453207	44.59401311798299	0.0	31.960161506519185	0.0	25.07150388732383	0.0	0.0	9.590443296310912	0.0	12.239078691691832	0.0	0.0	0.0	0.0	0.0	25.37541424515563	0.0	0.0	22.80571884153134	0.0	0.0	0.0	0.0	0.0	0.0
GSM4138110_HNSCC_1_PBMC_AGCAGCCAGGCCCTCA	89.34652872513385	68.21133063163967	70.81691607529466	83.07381960225281	41.533674669911335	0.0	24.287255317642867	6.752812699884637	18.457782326516256	36.01184788560091	0.0	0.0	0.0	68.93888101781437	0.0	0.0	0.0	0.0	0.0	75.49236151815823	0.0	0.0	0.0	0.0	0.0	0.0	0.0	0.0	0.0
GSM4138110_HNSCC_1_PBMC_CATATTCCATATGAGA	75.39140918816526	90.7309508225461	80.1615049800199	128.92644802695855	2.2091647689765184	0.0	67.48609862588238	0.0	20.92419299981498	0.0	0.0	45.71172415621577	41.93785666623999	0.0	51.33624424035132	0.0	0.0	0.0	0.0	0.0	0.0	0.0	0.0	0.0	0.0	0.0	0.0	28.29080551754973	0.0
GSM4138110_HNSCC_1_PBMC_CCTCAGTCAACTGCGC	39.50264560054413	30.90852469780175	71.80254074125332	13.390939719148465	32.44405813637145	47.48899317569701	0.0	0.0	0.0	0.0	0.0	26.363199752323087	39.43683599962824	2.360350239574797	0.0	16.723252623384056	14.965791448373006	14.533469297561293	0.0	0.0	0.0	0.0	0.0	0.0	42.85247735233587	0.0	0.0	0.0	0.0
GSM4138110_HNSCC_1_PBMC_CGGTTAACACCTCGTT	36.47674808513341	48.57288175514867	34.50205265750436	27.007535651871105	84.90534756856901	23.783839764782332	0.0	0.0	0.0	37.15412044718004	24.229540145337985	6.834554145083943	0.0	0.0	0.0	2.3749482483566386	22.71733941346049	0.0	16.278648523489753	0.0	0.0	0.0	0.0	0.0	0.0	0.0	0.0	0.0	0.0
GSM4138110_HNSCC_1_PBMC_CGTGTAATCTCCAGGG	37.20787252277399	39.00103682587234	39.50128343458594	32.00146839595806	35.20432904304393	47.54467115179783	0.0	18.402706980358445	9.576662359317975	0.0	36.59741036172018	2.7977772601384947	0.0	0.0	0.0	0.0	0.0	0.0	11.141618073681089	0.0	0.0	0.0	0.0	0.0	0.0	0.0	0.0	0.0	0.0
GSM4138110_HNSCC_1_PBMC_CGTTGGGTCAGTGCAT	49.368772258098154	65.96830219339	51.19587100556687	50.97976666692481	23.642506839414246	0.0	32.46182186074372	0.0	19.784060174265576	0.0	0.0	23.770339480283766	45.82330614493245	0.0	0.0	0.0	0.0	63.1002684922922	0.0	0.0	0.0	0.0	0.0	0.0	0.0	0.0	0.0	0.0	0.0
GSM4138110_HNSCC_1_PBMC_CTAGAGTAGCTATGCT	72.53646901244124	70.35543603522433	157.8943980351231	68.80179584917687	60.55351617850397	0.0	63.51976961701755	53.42661850044654	32.39017100983997	0.0	0.0	0.0	40.47999189230564	0.0	0.0	15.665899220790799	0.0	0.0	0.0	0.0	0.0	0.0	0.0	0.0	6.376679428560086	35.2719412149449	0.0	0.0	0.0
GSM4138110_HNSCC_1_PBMC_GCATACATCGTTACAG	46.01495620575252	192.77781020336639	39.93529844501137	47.06996331099148	21.01195965311822	29.347553961579923	0.0	9.580530319975054	14.375356352161896	0.0	0.0	20.6945695518197	0.0	4.981253334463234	0.0	0.0	6.012736159382374	0.0	0.0	0.0	0.0	0.0	0.0	0.0	21.931123784514774	0.0	0.0	0.0	0.0
GSM4138110_HNSCC_1_PBMC_AAACGGGCAGTATCTG	37.53008445091903	78.99336658992698	10.096480497920641	118.26323402860284	16.546336595357104	29.52399483035732	0.0	0.0	0.0	0.0	5.346809986609039	0.0	0.0	138.61568802223994	0.0	0.0	9.693126495306878	0.0	0.0	0.0	0.0	0.0	34.887438043587764	0.0	0.0	0.0	0.0	0.0	0.0
GSM4138110_HNSCC_1_PBMC_AAAGATGTCTGATTCT	53.12368559571722	69.1305398860845	31.686155548093538	92.41528816803823	34.561187516822855	0.0	67.92042231897095	65.75697705594266	14.945906391273704	0.0	0.0	0.0	0.0	0.0	0.0	0.0	6.3094094996355885	0.0	17.963546020183912	82.15358480053443	0.0	0.0	0.0	0.0	0.0	0.0	0.0	0.0	0.0
GSM4138110_HNSCC_1_PBMC_AAAGTAGGTAGCGCTC	104.527234762828	47.33662062711278	42.85860592243786	35.37907910042505	27.868917699667282	25.199466080407355	0.0	0.0	0.0	40.90930984554001	0.0	25.287517045676015	17.63235650180845	0.0	0.0	0.0	33.147158011610536	0.0	0.0	0.0	0.0	25.811353650024365	0.0	0.0	0.0	0.0	0.0	0.0	0.0
GSM4138110_HNSCC_1_PBMC_AACTCAGGTGGTCTCG	55.343500524492775	67.05076556421811	29.819810948417686	37.44257767563615	22.99564967047073	0.0	50.5222472527024	0.0	13.114285177494182	0.0	0.0	0.0	57.415586111679836	0.0	22.724706243790116	0.0	0.0	0.0	0.0	0.0	0.0	0.0	0.0	3.1142200236431528	0.0	0.0	0.0	46.263524409125544	0.0
GSM4138110_HNSCC_1_PBMC_AACTCCCTCCAATGGT	55.43699165835485	99.62644877641958	70.96478931795968	94.41524371663688	53.92065327754537	32.36445080178199	7.971275199659584	0.0	14.230433114417528	0.0	32.958825534166216	46.096654008232846	0.0	0.0	57.92748188561427	30.232687249290937	0.0	0.0	0.0	0.0	0.0	0.0	0.0	0.0	15.106109897625343	0.0	0.0	0.0	0.0
GSM4138110_HNSCC_1_PBMC_AACTCTTAGTGGGTTG	72.00732133887715	45.13531537647184	40.73438789889946	103.08444959438052	27.09868681185734	58.32517851164912	0.0	0.0	16.551437157810327	0.0	0.0	0.0	0.0	0.0	0.0	49.60377984305327	0.0	0.0	38.54296400893896	0.0	0.0	47.583346640695446	0.0	0.0	0.0	0.0	0.0	0.0	0.0
GSM4138110_HNSCC_1_PBMC_AACTCTTGTCACACGC	155.06608642812762	46.876079397918616	10.51714773541831	35.66275370950679	50.06086996974062	0.0	0.0	0.0	13.97545038896338	30.055724511611928	0.0	18.96304759156738	0.0	0.0	0.0	0.0	0.0	0.0	0.0	0.0	27.470620692619907	0.0	0.0	0.0	0.0	0.0	0.0	0.0	0.0
GSM4138110_HNSCC_1_PBMC_AACTTTCAGAAGGTTT	66.23382568859215	78.57018636036833	74.72187077104996	55.77435147025293	68.4491988224927	0.0	82.55175716653001	0.0	51.008828302383364	29.361128707283612	0.0	27.44364111605912	0.0	0.0	0.0	28.94885519043268	0.0	0.0	0.0	0.0	0.0	0.0	0.0	0.0	0.0	0.0	0.0	0.0	0.0
GSM4138110_HNSCC_1_PBMC_AAGGAGCTCCTTTCGG	68.64149521899405	64.27476932770146	100.5440794130505	100.41920733869321	88.02143671950293	105.0627456407809	0.0	0.0	27.937282998156803	0.0	0.0	0.0	0.0	38.93571097374428	42.24582902235548	0.0	0.0	0.0	0.0	46.86168901613962	0.0	0.0	0.0	0.0	0.0	0.0	0.0	0.0	0.0
GSM4138110_HNSCC_1_PBMC_AATCCAGAGTGCTGCC	94.74291321130751	97.16504266750655	50.55639091020141	82.4071791953107	34.097026260560305	10.8504711167873	68.27430052069279	0.0	19.560156808857847	41.3518361494743	0.0	45.024170331147616	12.789224480002868	0.0	0.0	0.0	0.0	0.0	0.0	35.25249463916736	0.0	0.0	0.0	0.0	0.0	0.0	0.0	0.0	0.0
GSM4138110_HNSCC_1_PBMC_AATCGGTGTCTAGCCG	67.13078741578082	90.83102548540562	113.8329012131214	23.757180120840708	48.10496601548941	22.65941129466214	13.596472608844016	0.0	20.70023856062805	32.78885318231	19.98678731129574	90.39891963680866	0.0	0.0	3.0039154898736897	0.0	0.0	0.0	0.0	0.0	46.865387386827074	0.0	40.16708918807911	0.0	0.0	0.0	0.0	0.0	0.0
GSM4138110_HNSCC_1_PBMC_ACACCCTCATCTACGA	105.00874152660477	30.22834325565423	52.76590126244456	39.01845433962235	1.2888971512937335	6.273135308987965	38.93698427837172	0.0	18.50129675375763	0.0	0.0	0.0	48.2702810061748	0.0	33.04262495458005	0.0	0.0	0.0	0.0	0.0	0.0	0.0	0.0	27.588314364930504	0.0	0.0	0.0	0.0	0.0
GSM4138110_HNSCC_1_PBMC_ACACCGGCACCATGTA	144.2990876244519	130.41081174893893	146.12798997819317	165.50121179934277	144.54664368512138	89.29273133438826	43.335429375902905	0.0	0.0	0.0	0.0	0.0	0.0	0.0	0.0	0.0	44.93689674874529	80.67333812655998	133.20745200074575	0.0	106.86143255221434	0.0	0.0	0.0	0.0	0.0	0.0	0.0	0.0
GSM4138110_HNSCC_1_PBMC_ACATCAGAGCGTTCCG	162.5558354737365	60.77478307725601	132.1735192225765	138.48075206137878	113.82973510808677	37.10676821644025	37.32293027948045	126.60084415435587	27.498335672518568	0.0	9.401151940226296	25.325171810375533	41.5298084727432	0.0	0.0	0.0	0.0	0.0	23.444345499434316	2.5935706256975846	0.0	0.0	0.0	0.0	0.0	0.0	0.0	0.0	0.0
GSM4138110_HNSCC_1_PBMC_ACCCACTCAATGTAAG	39.467112629058896	35.12492611895659	30.48646504201917	92.9149590424444	3.26941889007149	37.48613277299826	0.0	0.0	22.48242456789889	0.0	0.0	0.0	32.428092532333935	3.7380396063108825	0.0	0.0	0.0	36.43927421705927	0.0	0.0	0.0	0.0	0.0	0.0	0.0	0.0	0.0	0.0	0.0
GSM4138110_HNSCC_1_PBMC_ACCCACTGTAAGTGTA	61.737473641654965	70.04151164833354	66.56060301210294	60.583888893679195	57.43923122423208	22.525346519865657	0.0	0.0	26.610002962296054	57.28677539668395	25.165211319986337	0.0	0.0	0.0	0.0	0.0	0.0	0.0	0.0	0.0	0.0	0.0	0.0	0.0	0.0	44.73381075961947	0.0	0.0	0.0
GSM4138110_HNSCC_1_PBMC_ACCTTTATCATAACCG	72.06305983964745	64.27635730175454	130.84526616879822	118.19153723792591	62.15876207632344	42.655452141460074	0.0	38.972565742431144	33.93687684637206	0.0	0.0	0.0	0.0	0.0	0.0	46.97716083724997	0.0	41.2345436617089	1.3588283048261856	0.0	0.0	0.0	0.0	35.451363493837114	0.0	0.0	0.0	0.0	0.0
GSM4138110_HNSCC_1_PBMC_ACGAGCCAGGTGTGGT	34.35578638778406	75.2620372584805	70.8595638876816	31.51077558719968	20.66925501036346	29.97732727633955	0.0	0.0	24.583921499246234	0.0	25.676358869581236	0.0	0.0	0.0	58.76324833318165	0.0	0.0	31.084701359650502	0.0	0.0	0.0	0.0	0.0	0.0	0.0	0.0	0.0	29.842619808015993	0.0
GSM4138110_HNSCC_1_PBMC_ACGATACCATATGAGA	78.27448821566058	38.47613686020857	76.02185172238589	49.09175587630348	33.69325020766085	0.0	13.923629478856133	26.093661698027987	11.468067274342934	0.0	0.0	0.0	0.0	18.413771309146483	0.0	0.0	0.0	0.0	0.0	0.0	37.94463294460108	0.0	0.0	0.0	0.0	0.0	0.0	0.0	0.0
GSM4138110_HNSCC_1_PBMC_ACGATACTCTGATTCT	84.85646823585836	38.009368360917804	19.96506412353673	26.353066943564674	17.505958910436604	26.675106516467014	0.0	0.617872734651202	14.793140919155878	0.0	0.0	0.0	20.861402248462685	0.0	0.0	0.0	0.0	15.95462682586562	0.0	0.0	34.02050453850037	29.60595036160065	0.0	0.0	0.0	0.0	0.0	53.97904043918311	0.0
GSM4138110_HNSCC_1_PBMC_ACGATGTCAGGCAGTA	84.18094483849164	76.2698346083414	30.697736436781206	45.77039183542121	22.76537837894907	27.322527334699707	0.0	0.0	0.0	38.891376497552265	0.0	8.469929995077182	0.0	16.21836926016057	0.0	10.604097052648678	16.94234388345747	0.0	0.0	0.0	0.0	0.0	0.0	0.0	48.0808880003124	0.0	0.0	0.0	0.0
GSM4138110_HNSCC_1_PBMC_ACGCAGCGTAGAGCTG	51.91976119290708	4.172157201945927	25.85394252086634	60.25494521993984	84.55253940600878	30.10305340501772	0.0	22.04495035456257	0.0	0.0	40.19407818982675	8.16892092455942	0.0	0.0	0.0	10.145365676442813	13.960660414696742	0.0	0.0	0.0	0.0	0.0	0.0	0.0	0.0	0.0	0.0	0.0	0.0
GSM4138110_HNSCC_1_PBMC_ACGCCGAAGGTAGCTG	58.30423842094887	26.201137120667212	69.78794264958458	15.270347068800252	27.79200801867142	92.92552065088296	0.0	0.0	15.71380630217855	0.0	0.0	7.3594728645501695	1.92103581207541	0.0	0.0	0.0	0.0	0.0	0.0	0.3035672659509772	8.816862345258711	0.0	14.104220838095879	0.0	0.0	0.0	21.72082854659414	0.0	0.0
GSM4138110_HNSCC_1_PBMC_ACGGGCTGTGATAAAC	54.05448823410036	80.32368466950528	43.045124270779326	35.77572725241616	59.21505614813632	29.604570343757352	0.2787444307815929	45.93936892853604	16.522080952398568	0.0	0.0	0.0	0.0	0.0	0.0	50.45038753358474	5.461486649366685	43.012260315363136	0.0	0.0	0.0	0.0	0.0	21.258731610403224	2.6993283968937303	0.0	0.0	0.0	0.0
GSM4138110_HNSCC_1_PBMC_ACGTCAACATCACGAT	75.80262689336283	55.18160363215797	34.56758013189398	52.837481092251345	74.13527967866023	0.0	27.39125411800481	4.697807087988338	10.38328704169885	0.0	10.512571190783206	27.064184244019007	0.0	0.0	0.0	0.0	0.0	0.0	0.0	0.0	0.0	0.0	0.0	0.0	0.0	0.0	0.0	0.0	0.0
GSM4138110_HNSCC_1_PBMC_ACTATCTAGGAATTAC	72.21051546950957	118.11012440106387	156.7328876992508	114.20974797957707	81.5063193593092	162.06802640019836	0.0	0.0	19.651404482319403	44.1541846513725	0.0	0.0	66.25643815542101	37.583818054326784	0.0	0.0	0.0	0.0	0.0	0.0	25.63410379787429	0.0	0.0	0.0	0.0	0.0	0.0	0.0	0.0
GSM4138110_HNSCC_1_PBMC_ACTGATGTCGTTACGA	163.6551059277292	90.66286464490291	136.71138797261358	71.7148149762176	143.19180130441387	95.05693203849218	0.0	0.0	0.0	0.0	0.0	0.0	42.573090725810665	0.0	15.54667574349408	0.0	25.5227866983991	0.0	0.0	0.0	0.0	0.0	0.0	0.0	0.0	0.0	60.65175481946983	0.0	0.0
GSM4138110_HNSCC_1_PBMC_ACTTACTAGATAGGAG	37.28675988538993	69.80532964601649	79.71026824493171	53.9796094241495	31.877192813176322	94.14958598279546	0.0	41.25416261517618	0.0	0.0	25.361494506619444	31.413083330468844	0.0	19.523464608872924	0.0	0.0	9.79102956235103	0.0	0.0	0.0	0.0	0.0	0.0	0.0	0.0	0.0	0.0	0.0	0.0
GSM4138110_HNSCC_1_PBMC_ACTTGTTTCCACGACG	58.257708708047886	71.32871121246826	56.85068927103002	35.68364755319916	80.32025562476231	93.8798977549682	0.0	65.80543228640022	13.751056588735995	0.0	0.0	9.317670511738049	0.0	24.180881930643615	0.0	0.0	0.0	0.0	0.0	0.0	22.922559851660544	0.0	0.0	0.0	0.0	0.0	0.0	0.0	0.0
GSM4138110_HNSCC_1_PBMC_ACTTTCATCGTCACGG	94.01561965166015	77.46666751548696	85.22396215720393	19.328693373134666	95.8342657493329	8.952401873009158	34.564696845628895	0.0	0.0	8.248953348542006	0.0	8.421808680779195	0.0	0.0	0.0	0.0	28.038325571200808	0.0	0.0	0.0	37.021599517626	0.0	0.0	0.0	0.0	0.0	0.0	0.0	0.0
GSM4138110_HNSCC_1_PBMC_AGATTGCTCATGCTCC	68.53898942956141	91.32172972714925	116.16359071110274	81.091396865851	50.317900360328174	0.0	46.586023181739044	37.18721818270785	0.0	0.0	101.98984067734642	0.0	0.0	0.0	0.0	0.0	49.1535355090319	0.0	0.0	0.0	0.0	0.0	0.0	0.0	0.0	0.0	0.0	25.333247062283235	0.0
GSM4138110_HNSCC_1_PBMC_AGATTGCTCCTAGAAC	131.37459877063304	85.97702763252008	39.15819568881967	0.0	38.622434230347366	0.0	17.325515785043326	0.0	12.0305341603077	0.0	114.84506309864491	0.0	0.0	0.0	12.075047869083958	0.0	0.0	0.0	0.0	0.0	0.0	0.0	0.0	0.0	0.0	0.0	0.0	0.0	0.0
GSM4138110_HNSCC_1_PBMC_AGCAGCCTCACTCTTA	73.95322726237127	51.6979311307088	68.98009855711726	56.043556317617856	21.04614061543777	41.554146048436316	0.0	0.0	0.0	39.21420648789798	0.0	32.25938569461616	0.0	0.0	0.0	0.0	13.882545803801085	0.0	0.0	0.0	31.646420599101013	0.0	0.0	0.0	0.0	0.0	0.0	0.0	0.0
GSM4138110_HNSCC_1_PBMC_AGCCTAAAGCGTGAAC	205.41832055156456	141.16578438816597	109.44917776850038	35.1014936284265	59.35189869015563	2.9303203709368084	68.58552159725888	0.0	0.0	51.69190058157518	42.5765991123305	0.0	0.0	1.024571788311176	0.0	24.802813703256305	23.79698626907487	0.0	0.0	0.0	0.0	6.1044107425240925	0.0	0.0	0.0	30.823016335614383	0.0	0.0	0.0
GSM4138110_HNSCC_1_PBMC_AGCCTAAGTCTCATCC	31.59274285024449	28.19675191417325	43.19451060973693	63.06059182109441	41.27236414296565	0.0	6.987706630667203	91.39257146579146	4.168376599652201	0.0	5.471438105473687	0.0	0.0	13.737163599514613	0.0	0.0	0.0	0.0	0.0	0.0	0.0	0.0	0.0	0.0	0.0	0.0	0.0	0.0	0.0
GSM4138110_HNSCC_1_PBMC_AGCGTATAGCCAGTTT	74.32520855554851	56.74595307905534	65.12308758416599	84.99923666305949	16.678113422333347	7.210390554106991	35.169881087384354	0.0	18.170608410412488	15.314980406418153	82.30730351409834	33.44374516806531	0.0	0.0	0.0	0.0	0.0	0.0	0.0	0.0	0.0	29.289559995181726	0.0	0.0	0.0	0.0	0.0	0.0	0.0
GSM4138110_HNSCC_1_PBMC_AGCGTCGAGCGCTCCA	47.49602943032256	108.7816472372689	68.08168217612352	68.99377234339764	31.06389521750365	56.120017657333854	0.0	12.338761834765162	0.0	0.0	0.0	30.268185721938252	22.24550326621937	0.0	0.0	0.0	29.32101084586873	0.0	0.0	0.0	6.24241522906727	0.0	0.0	0.0	0.0	0.0	0.0	0.0	0.0
GSM4138110_HNSCC_1_PBMC_AGCTCCTGTATCACCA	122.24393306242187	78.96021688758255	147.29844904259676	113.79167726592996	76.65225355539181	94.17854586258093	0.0	61.934877587808565	30.522676908682154	0.0	0.0	31.98593676802556	0.0	0.0	0.0	0.0	0.0	0.0	0.0	121.45587408038038	0.0	0.0	0.0	0.0	0.0	0.0	0.0	0.0	0.0
GSM4138110_HNSCC_1_PBMC_AGCTCTCAGTCGTTTG	109.5571143124255	134.56264535473122	91.83161124389471	80.1956708249035	82.89851721352339	0.0	59.29865323878916	5.833985115003716	23.22346409011046	64.68994575910982	37.393563250501884	11.109258518008033	0.0	21.71411581036056	0.0	0.0	0.0	0.0	0.0	0.0	0.0	0.0	0.0	0.0	0.0	0.0	0.0	0.0	0.0
GSM4138110_HNSCC_1_PBMC_AGCTTGAAGACTGGGT	93.25181528496726	84.87954526118581	55.910901880878725	60.551022307852726	57.46630474304674	0.0	22.25697998408914	0.0	0.0	0.0	0.0	0.0	0.0	0.0	0.0	0.0	57.99309557893026	43.67002363846083	0.0	44.368827675782065	0.0	0.0	0.0	9.376343988680732	0.0	5.5237363940236754	0.0	11.579246036528165	0.0
GSM4138110_HNSCC_1_PBMC_AGGCCGTAGACTACAA	106.9010345543933	71.66367833291004	58.0661402043703	133.36609786074533	40.341545485369565	53.34820280935573	0.0	64.56097090765157	24.68382698653567	0.0	40.794716005906004	43.37284221838631	0.0	0.0	0.0	0.0	0.0	0.0	0.0	0.0	0.0	0.0	0.0	0.0	0.0	0.0	0.0	0.0	0.0
GSM4138110_HNSCC_1_PBMC_AGGGATGAGACCCACC	44.825219550326715	81.5448868749165	47.41986221913827	45.66086366209252	43.73289595723204	21.772234350170166	23.49023165028461	0.0	0.0	3.980605442322796	59.26976887344108	7.3904328951443885	0.0	0.0	0.0	0.0	22.321155899496564	0.0	23.544514160214014	0.0	0.0	32.05711996064764	0.0	0.0	0.0	0.0	0.0	0.0	0.0
GSM4138110_HNSCC_1_PBMC_AGGGATGCATGTTCCC	61.97099803513024	124.22008484480293	117.42714020182922	59.18546460662234	49.941300285159215	0.0	66.23773486493572	0.0	45.9186426107044	0.0	0.0	0.0	57.85550384417133	0.0	0.0	0.0	0.0	0.0	0.0	0.0	0.0	53.700664459621976	0.0	20.917031441162916	0.0	8.975374236345568	0.0	0.0	0.0
GSM4138110_HNSCC_1_PBMC_AGTAGTCGTCAATGTC	56.55273991241615	37.66712599357783	25.855090704343777	66.04713321733028	65.65857676382478	32.79262631682701	0.0	0.0	25.624420382710532	0.0	0.0	40.10255898118868	24.792081744589357	0.0	0.0	0.8730286470008033	0.0	0.0	0.0	16.105733290955094	1.0140166371220374	0.0	32.25603845544054	0.0	0.0	0.0	0.0	0.0	0.0
GSM4138110_HNSCC_1_PBMC_AGTAGTCGTCCGAAGA	87.4565001751517	54.09270785717649	75.79203394835119	55.6444839786224	26.774868097478493	74.03245540205965	0.0	0.0	11.868921939346263	0.0	0.0	20.42496913576153	0.0	0.0	50.22998345666151	59.64884822471756	0.0	0.0	0.0	0.0	0.0	0.0	0.0	0.0	0.0	0.0	0.0	0.0	0.0
GSM4138110_HNSCC_1_PBMC_AGTGGGAAGGAGCGAG	105.26216895760035	134.71236561079576	124.95018250531862	81.9350564438185	51.3489036228485	78.93152161173948	0.0	64.21273356809202	51.00576873326936	0.0	0.0	0.0	0.0	0.0	0.0	69.83592970525602	0.0	0.0	99.69330919640063	0.0	0.0	0.0	17.7079098903242	0.0	0.0	0.0	0.0	0.0	0.0
GSM4138110_HNSCC_1_PBMC_AGTGTCAGTACCGGCT	79.29658948576082	79.22468021133896	26.674930332727467	53.93810644850255	34.22067009255944	53.46413856459066	0.0	0.0	0.0	106.73421328866796	0.0	0.0	0.0	0.0	0.0	60.5542510755678	27.891165769349325	0.0	0.0	65.54927407732555	16.08701044321658	0.0	0.0	0.0	0.0	0.0	0.0	0.0	0.0
GSM4138110_HNSCC_1_PBMC_ATAAGAGAGCTGATAA	29.191644446383314	68.85543564448682	62.9897047402058	17.410579245855477	22.104175228696196	21.574170008237125	0.0	0.0	30.827389441143918	5.021852930863655	62.018772642236875	0.0	0.0	18.549640899004615	0.0	8.94212704628705	0.0	0.0	0.0	0.0	0.0	0.0	0.0	0.0	0.0	0.0	0.4931248892432447	0.0	0.0
GSM4138110_HNSCC_1_PBMC_ATCACGAGTCAAACTC	53.61700710845804	32.72594111211761	48.24917842575173	34.43735010153953	64.1178100274068	0.0	70.92427343372921	0.0	0.0	53.38734093059105	0.0	7.013182385274695	0.0	0.0	0.0	0.0	14.458446663116046	0.0	0.0	32.08494395984307	0.0	0.0	0.0	0.0	0.0	0.0	0.0	0.0	0.0
GSM4138110_HNSCC_1_PBMC_ATCATCTTCTGTGCAA	56.19272354434417	48.149414486067464	69.50755282945184	56.14790230042545	50.18434425501039	0.0	33.134957736870334	15.463114733721358	18.75122450480167	0.0	30.85906336870373	0.0	0.0	42.920186200482576	0.0	0.08769252813117898	0.0	11.385254312269232	0.0	0.0	0.0	0.0	0.0	0.0	0.6002579620767152	0.0	0.0	0.0	0.0
GSM4138110_HNSCC_1_PBMC_ATCATGGGTCACTGGC	136.08344857517739	63.454844580905274	74.90092788141973	68.36664855876211	34.12353864053108	80.26830317742021	0.0	0.0	15.096770658650298	0.0	0.0	41.47500626915106	44.0203030646969	4.224755381265344	0.0	0.0	0.0	0.0	0.0	1.1862137342677128	0.0	70.78648642586903	0.0	0.0	0.0	0.0	0.0	0.0	0.0
GSM4138110_HNSCC_1_PBMC_ATCTGCCCATACGCCG	63.12801983015572	105.93036277135694	45.28806635822728	60.66152796777198	11.269726057013896	55.28641564000814	0.0	0.0	28.061944328045257	3.1821692806629627	16.519414136355227	0.0	0.0	0.0	0.0	30.547246351579826	0.0	0.0	0.0	0.0	0.0	0.0	21.82694845515409	0.0	0.0	55.62828446249497	0.0	0.0	0.0
GSM4138110_HNSCC_1_PBMC_ATGAGGGAGTGTACGG	67.85352983733739	83.40810903435022	44.14834553070789	112.0455288695228	65.57268264870598	54.835174963603166	0.0	0.0	11.65292597878363	0.0	0.0	0.0	0.0	0.0	0.0	27.002585936868034	8.291927004822286	0.0	0.0	0.0	0.0	0.0	78.53860985935779	0.0	0.0	0.0	0.0	0.0	39.4717093258419
GSM4138110_HNSCC_1_PBMC_ATGGGAGAGACCCACC	141.54672602957174	262.84150887601186	99.92163926235634	136.56641640157093	116.32377281003119	63.73532861243644	20.72788036014059	0.0	30.461844937456068	0.0	24.50187589078135	109.225301046145	14.169185326768828	0.0	106.35090070576547	0.0	0.0	0.0	0.0	0.0	0.0	0.0	0.0	0.0	0.0	0.0	0.0	0.0	0.0
GSM4138110_HNSCC_1_PBMC_ATGTGTGTCCAGTAGT	49.34415444205678	31.87472677141754	42.79533487577434	41.16951607998828	8.685284380131542	0.0	41.924413986261726	0.0	11.233970678122718	27.74738238644972	45.42775924780699	0.0	0.0	22.105668937614453	26.35386975138014	0.0	0.0	10.510734791954816	0.0	0.0	0.0	0.0	0.0	0.0	0.0	0.0	0.0	0.0	0.0
GSM4138110_HNSCC_1_PBMC_ATTATCCAGCGCCTTG	66.9830743203604	85.77046810437835	143.5729718256608	54.92394097454214	55.88919038855686	0.0	68.55960480594985	0.0	25.89380559987612	53.92288539877709	47.133558906548735	17.661957251662912	0.0	0.0	0.0	0.0	0.0	0.0	0.0	0.0	0.0	0.0	0.0	38.56176673178624	0.0	0.0	0.0	0.0	0.0
GSM4138110_HNSCC_1_PBMC_ATTCTACAGATGTCGG	63.88776294027809	71.23933184575796	72.00346374119962	92.03303643419144	63.074763285652274	15.242140170005932	41.91599664513138	0.0	2.155388612254204	0.0	35.50825331758788	7.484920825747807	0.0	28.069687342266402	0.0	0.0	13.983711676906209	0.0	0.0	0.0	0.0	0.0	47.117019208566404	2.350224787243361	0.0	0.0	0.0	0.0	0.0
GSM4138110_HNSCC_1_PBMC_ATTGGACAGAAGGCCT	30.462718701737558	28.417280780996897	35.39839816370145	75.0889388300797	21.509287975171453	34.31373279358227	14.830126654242155	0.0	19.47735179360467	0.0	0.0	0.0	0.0	40.72829850694592	29.372441374887323	15.80618862725876	0.0	0.8048384845885043	0.0	0.0	0.0	0.0	0.0	0.0	8.142461385344296	0.0	0.0	0.0	0.0
GSM4138110_HNSCC_1_PBMC_ATTGGTGCACAGGAGT	97.23730766339781	87.3401417789238	67.16391621736193	51.24033805431769	28.45491704867149	83.89923178315684	0.4972057798123973	0.0	0.0	69.65095699383353	27.503482425965228	0.0	0.0	24.257547737778616	0.0	0.0	15.354411710128227	0.0	0.0	0.0	0.0	0.0	0.0	0.0	0.0	0.0	0.0	0.0	0.0
GSM4138110_HNSCC_1_PBMC_CAACCTCTCTAAGCCA	100.17298360666237	10.705090727803482	60.26229661645455	45.98660331231942	40.80567717469282	0.0	58.16196600634977	0.0	0.0	18.16616788019369	17.173011645966792	43.59730607615804	0.0	0.0	0.0	0.0	21.684295918165624	0.0	0.0	0.0	0.0	0.0	0.0	0.0	0.0	0.0	0.0	0.0	0.0
GSM4138110_HNSCC_1_PBMC_CAACTAGGTGTCCTCT	92.82793726689737	32.62214036623169	67.0719979265109	42.3006360185504	48.88458298436094	0.0	60.17906616981717	0.0	0.0	0.0	0.0	49.6085028016964	0.0	0.0	46.00261312356701	9.157308714691956	11.898882661065247	0.0	0.0	21.30515648826089	0.0	0.0	0.0	0.0	0.7044013327880154	0.0	0.0	0.0	0.0
GSM4138110_HNSCC_1_PBMC_CAACTAGTCAAGATCC	23.28930357114368	52.527238938791925	60.96743673000586	46.95332707251878	52.896516435027834	0.0	0.3455067819615466	0.0	15.077932729258851	44.77200704355237	0.0	0.0	39.94778051313788	0.0	0.0	0.0	0.0	0.0	0.0	8.606360031964003	0.0	22.106683020410493	0.0	23.6785849525035	0.0	0.0	0.0	0.0	0.0
GSM4138110_HNSCC_1_PBMC_CAAGAAATCACAAACC	29.490151489376064	43.742875872931855	64.209579869121	41.62754184330827	105.48269122993841	30.713092514106407	0.0	0.0	0.0	24.386763313141287	0.0	10.796516529160012	0.0	0.0	0.0	0.0	8.17285039176291	0.0	12.552975178712858	17.677730686221548	0.0	0.0	0.0	0.0	0.0	0.0	0.0	0.0	0.0
GSM4138110_HNSCC_1_PBMC_CAAGTTGCATGTTCCC	103.99606428650817	69.52501154476573	132.36490081358966	142.86525846921197	90.81173901268721	16.70697286005907	78.11356995877792	0.0	21.620222794564658	64.2112706551742	50.16593933501957	0.0	0.0	0.0	0.0	0.0	0.0	0.0	0.0	0.0	0.0	0.0	0.0	52.86984121179228	0.0	0.0	0.0	0.0	0.0
GSM4138110_HNSCC_1_PBMC_CACACTCTCAAGATCC	86.55946374457199	80.14979720818702	76.27122725767394	75.7565120948297	29.071866873739534	84.58891416743462	0.0	46.37558530862299	13.425943481664953	0.0	0.0	64.2514230315133	0.0	0.0	0.0	0.0	0.0	26.397816149750447	0.0	0.0	39.30936612325746	0.0	0.0	0.0	0.0	0.0	0.0	0.0	0.0
GSM4138110_HNSCC_1_PBMC_CACAGGCTCCGCGTTT	51.30687573139013	56.92040768019742	76.31205452056061	75.93359119899377	15.840065102307753	42.49842428309917	0.0	0.0	29.29696451123297	0.0	0.0	0.0	0.0	44.06846607183828	77.48290989480066	0.0	0.0	0.0	0.0	62.950809342888334	0.0	0.0	0.0	0.0	0.0	0.0	0.0	0.0	0.0
GSM4138110_HNSCC_1_PBMC_CACAGTAAGTTACCCA	44.98494886582742	60.31718267000651	75.45848444805291	59.64756796984901	62.90343029466561	0.0	29.57550162261617	0.0	19.58171509698441	0.0	0.0	33.40104781775739	0.0	0.0	84.03425379762301	69.2440888491458	0.0	0.0	0.0	0.0	0.0	0.0	0.0	0.0	0.0	0.0	0.0	0.0	0.0
GSM4138110_HNSCC_1_PBMC_CACATTTAGTAGCGGT	84.11854286100115	41.686950634674034	72.94582083595182	55.04595339388291	44.51048020449451	24.513688849736457	0.0	0.0	0.0	0.0	0.0	3.058311735430481	49.78965990712274	0.0	40.786165346708316	0.0	9.054216473479364	0.0	13.855110464267312	0.0	8.351169698772708	0.0	0.0	0.0	0.0	0.0	7.80523741720762	0.0	0.0
GSM4138110_HNSCC_1_PBMC_CACCACTTCCGCGGTA	36.71929457113025	39.81947390606379	39.86607671188807	40.972345042425566	59.48503708883162	108.03332729384572	0.0	0.0	48.72384695428912	0.0	0.0	0.0	0.0	9.763405672573302	22.699273811611462	0.0	0.0	0.0	0.9811374586010707	0.0	16.216294477885423	0.0	0.0	0.0	0.0	0.0	0.0	0.0	0.0
GSM4138110_HNSCC_1_PBMC_CAGAGAGAGCCACTAT	57.62856673024755	31.416780423446415	47.084691919710956	33.998908917811846	33.20790495027778	26.071481192646296	0.0	0.0	10.113906909934315	0.0	0.0	75.19669882683004	0.0	0.0	0.0	37.104186717090705	0.0	54.095995521393306	0.0	0.0	0.0	0.0	0.0	0.0	0.0	0.0	0.0	0.0	0.0
GSM4138110_HNSCC_1_PBMC_CAGCAGCGTGCAGTAG	40.32524577037877	46.41421051013939	16.06601333201266	68.07531863040737	4.285462918821974	60.73680093806945	0.0	0.0	0.0	17.722532361196937	24.16018062203074	0.0	0.0	0.0	0.0	0.0	11.813595578200609	0.0	0.0	0.0	0.0	0.0	0.0	0.0	0.0	0.0	0.0	0.0	7.674179052409208
GSM4138110_HNSCC_1_PBMC_CAGCATAAGTACTTGC	58.0283807788295	51.30205578442211	37.21156890728947	39.78017297984146	43.415029851901025	0.0	53.90815196787904	0.0	17.62898962927425	59.76231631637905	0.0	0.0	0.0	0.0	0.0	0.8461280773818337	0.0	0.0	0.0	0.0	0.0	0.0	0.0	2.3557112516504635	0.0	68.99910109160919	0.0	0.0	0.0
GSM4138110_HNSCC_1_PBMC_CAGCATATCAGAGGTG	78.85118148758869	92.5648103495275	96.87910243077746	118.25170080635161	39.98845376655593	109.40443080244553	0.0	24.783586735808928	91.24763775669213	0.0	0.0	59.162659334266436	71.23372708663597	0.0	0.0	0.0	0.0	0.0	0.0	0.0	0.0	0.0	46.484941278851636	0.0	0.0	0.0	0.0	0.0	0.0
GSM4138110_HNSCC_1_PBMC_CAGCTAAGTTCCACGG	0.0	0.0	0.0	0.0	0.0	0.0	0.0	0.0	0.0	0.0	0.0	0.0	0.0	0.0	0.0	0.0	1383.221781224328	0.0	0.0	0.0	0.0	0.0	0.0	0.0	0.0	0.0	0.0	0.0	0.0
GSM4138110_HNSCC_1_PBMC_CATCGAAGTACTTCTT	145.5904512163113	67.06834265420441	78.83458787029011	71.89851152837987	99.93609615133441	0.0	30.678270494827967	0.0	0.0	0.0	77.78183681263283	20.84440987069881	0.0	0.0	24.21434672056846	0.0	6.591517839954892	0.0	0.0	0.0	0.0	0.0	0.0	0.0	0.0	0.0	0.0	0.0	0.0
GSM4138110_HNSCC_1_PBMC_CATCGGGAGAGCTTCT	64.81454065973386	18.215427410511765	34.981901119877556	31.856418357430414	39.78759730947934	0.0	24.836251726864404	0.0	10.662829026493757	0.0	0.0	10.06702648153936	4.937907865896765	0.0	0.0	0.0	0.0	0.786328577822562	0.0	0.0	0.0	0.0	11.567781804183879	0.0	0.0	0.0	0.0	0.0	0.0
GSM4138110_HNSCC_1_PBMC_CATTATCTCGATCCCT	91.86304857226403	73.60727933401684	105.856894081733	82.43274575845614	48.28840017156093	90.70859704014075	0.0	0.0	37.35623584321387	0.0	0.0	0.0	0.0	40.7382419300942	35.37904941237458	91.19739253310087	0.0	0.0	0.0	0.0	0.0	0.0	0.0	0.0	0.0	0.0	0.0	0.0	0.0
GSM4138110_HNSCC_1_PBMC_CATTCGCAGTGAAGAG	98.38251111166717	122.93853771247466	147.71306108009966	83.40554686231572	55.04671310250248	96.46176476651078	0.0	63.36764478857075	0.0	0.0	0.0	15.447111120356364	62.25468165703555	0.0	0.0	0.0	56.748352291841826	0.0	34.91395190744487	0.0	0.0	0.0	0.0	0.0	42.76074642160845	0.0	0.0	0.0	0.0
GSM4138110_HNSCC_1_PBMC_CCACGGACAGATGGGT	65.86592193320553	188.10619810226788	119.38413318032315	50.73768391030135	91.28253227175976	71.52172345123215	23.453197907447127	0.0	41.28899746180446	0.0	0.0	0.0	0.0	24.558241019415224	63.64752659676046	0.0	0.0	0.0	0.0	0.0	101.37614666977383	0.0	0.0	0.0	0.0	0.0	0.0	0.0	0.0
GSM4138110_HNSCC_1_PBMC_CCACTACAGGTTCCTA	31.397415226863338	53.27604573479508	49.87459268437382	52.495561595360066	42.522624282946026	21.56717899198877	41.686270915865265	0.0	25.359169421371938	0.0	0.0	0.0	26.13527375063852	0.0	0.0	0.0	0.0	48.19856676811795	47.98982598819259	0.0	35.814897154898816	0.0	0.0	0.0	0.0	0.0	0.0	0.0	0.0
GSM4138110_HNSCC_1_PBMC_CCCAGTTAGGCACATG	51.009842528567106	33.503408903842946	22.903088797567325	25.447101787477997	28.696375358677827	72.17595370954007	0.0	0.0	32.678406420828146	0.0	0.0	47.91843044406776	0.0	0.0	0.0	0.0	0.0	44.4058437828957	0.0	0.0	24.637085040452682	0.0	0.0	0.0	0.0	0.0	0.0	0.0	0.0
GSM4138110_HNSCC_1_PBMC_CCCTCCTGTACAGCAG	69.73818205572488	51.67673679260638	67.20287044616035	97.59693845792067	25.78754771963832	13.103523375021796	0.0	0.0	34.608701791392356	0.0	14.517015018397872	0.0	0.0	0.0	0.0	0.0	0.0	5.576307874389992	38.49123186112198	0.0	0.0	30.166880161750292	0.0	0.0	0.0	0.0	0.0	0.0	11.163336260779502
GSM4138110_HNSCC_1_PBMC_CCCTCCTTCCATGAAC	39.207029860140466	37.19710864899982	82.5575796753805	60.389649009921065	56.7440111199752	30.333621315004372	0.0	37.56728298234161	50.06343396864773	0.0	0.0	15.511947690937312	4.263332258575335	0.0	0.0	0.0	0.0	0.0	0.0	15.631072472619106	0.0	0.0	0.0	0.0	0.0	0.0	0.0	0.0	0.0
GSM4138110_HNSCC_1_PBMC_CCGTACTGTTCCAACA	77.66823296370217	60.964191931404834	114.07189068880562	92.94451674786683	97.86708265453244	69.02819106112257	0.0	40.271836187197906	24.28235815815162	0.0	0.0	70.84128816323889	0.0	0.0	0.0	53.60886424040063	0.0	0.0	0.0	0.0	0.0	0.0	0.0	0.0	8.845725005035817	0.0	0.0	0.0	0.0
GSM4138110_HNSCC_1_PBMC_CCGTACTTCCGATATG	31.358543908120996	2.489553877985339	82.0582899792498	89.40162516079019	27.00389106776505	25.96002793758412	0.0	0.0	0.0	26.163619542520575	13.74592182634817	0.0	0.0	0.0	0.0	0.0	14.74718003870328	0.0	0.0	0.0	0.0	0.0	0.0	30.967856050835028	0.0	0.0	0.0	0.0	0.0
GSM4138110_HNSCC_1_PBMC_CCGTGGAAGGAGTACC	80.7710520933907	50.149027833123355	47.80952464096515	54.27552517726864	22.315725995440815	37.34664149636723	0.0	0.0	15.655744291029789	40.262399722747645	0.0	36.161477660616995	1.6203642255265824	0.0	0.0	0.0	2.8246019998140057	0.0	0.0	38.68070484518136	0.0	0.0	0.0	0.0	0.0	0.0	0.0	0.0	0.0
GSM4138110_HNSCC_1_PBMC_CCTAAAGAGCGCCTCA	100.94074855826729	76.31310595230366	54.97091943780756	84.87142465591901	76.37129287189632	0.0	151.19259528555975	0.0	58.797124598576424	0.0	36.15584997132588	0.0	0.0	0.0	2.2734113301543273	9.206800333949989	0.0	0.0	0.0	0.0	0.0	81.55305832135568	0.0	137.8081613634587	17.489506986112502	0.0	0.0	16.6505417312469	0.0
GSM4138110_HNSCC_1_PBMC_CCTACACCACAGGCCT	56.89188497262128	46.058496114534755	42.28858662625929	45.36329350227452	70.98966752262697	0.0	94.66926679396056	0.0	23.21924604138234	55.24035239853926	52.703569937779555	0.0	0.0	0.0	0.0	3.876627293155167	0.0	0.0	0.0	0.0	0.0	0.0	0.0	25.636073835810222	0.0	0.0	0.0	0.0	0.0
GSM4138110_HNSCC_1_PBMC_CCTATTACACAAGACG	129.89907968671793	85.78372261289938	48.11220760035623	176.07740370436	78.27034932212524	0.0	81.44697889042439	0.0	0.0	99.28701676029003	63.2158123796273	0.0	0.0	45.41024629424552	0.0	0.0	11.954469791740891	0.0	0.0	4.561137219435486	0.0	0.0	0.0	0.0	0.0	0.0	0.0	0.0	0.0
GSM4138110_HNSCC_1_PBMC_CCTTACGAGAATAGGG	50.04592037793944	71.16031729793747	74.19756786515595	52.59464259972264	16.411720345468183	0.0	29.929568578961074	0.0	17.878391382625335	0.0	0.0	0.0	0.0	35.05533161833133	0.0	0.0	0.0	108.93187266972203	0.0	0.0	65.86683372211618	0.0	0.0	0.0	0.0	0.0	0.0	0.0	0.0
GSM4138110_HNSCC_1_PBMC_CGAACATGTCCAGTAT	65.60029728085055	77.26110857201526	44.12434851295804	34.323803140553714	16.58510963437389	31.904354657424435	0.0	0.0	32.55250067123963	34.84484656751128	13.922126484408224	0.0	0.0	0.0	0.0	11.641275004522853	0.0	0.0	0.0	0.0	0.0	0.0	0.0	0.0	3.789119295184234	0.0	12.69647654654846	0.0	21.11986761185345
GSM4138110_HNSCC_1_PBMC_CGATCGGCAACACCCG	49.63327216331127	25.633392360603096	51.727045900902105	27.499817643811806	12.696790973377146	0.0	37.43639128919213	0.0	7.3581817570165455	0.0	0.0	0.0	0.0	0.0	0.0	0.0	0.0	28.567718634906004	7.015391569719727	25.34429619305915	0.0	0.0	0.0	0.0	0.0	0.0	0.0	0.0	0.0
GSM4138110_HNSCC_1_PBMC_CGATGTATCCTTTCGG	70.53694464418489	58.08066050544191	35.79932056576294	79.00690329820293	16.151410810765796	20.26070118475376	27.9417890642001	34.29248037478043	34.87361880632072	0.0	0.0	0.0	0.0	0.0	0.0	34.39327950036771	0.0	0.0	0.0	0.0	0.0	0.0	0.0	0.0	0.0	27.225746513798395	0.0	0.0	7.918263130742073
GSM4138110_HNSCC_1_PBMC_CGCGGTAAGACACGAC	17.824288571450218	93.52444187640396	22.953771926417055	30.159699779096304	0.0	75.82429190089428	0.0	0.0	11.488082152276542	45.902580348813906	0.0	2.8908316078368355	0.0	0.0	0.0	0.0	3.603426148664736	0.0	16.338516167759867	0.0	0.0	0.0	0.0	0.0	0.0	0.0	0.0	0.0	0.0
GSM4138110_HNSCC_1_PBMC_CGCGGTATCAGTCCCT	51.21636687698885	92.67638139090607	41.30462571726818	43.04492271091809	88.81806082719153	22.30471064772012	0.0	0.0	19.72568530112342	0.0	0.0	0.0	0.0	24.337297109571473	0.0	26.188315168896796	0.0	1.1982329482356868	0.0	0.0	0.0	0.0	30.36825254951567	0.0	0.0	0.0	0.0	0.0	0.0
GSM4138110_HNSCC_1_PBMC_CGCTATCAGGTAGCCA	76.88189945168376	67.65834801957473	80.7412009068194	83.31315139199477	84.86012739395032	46.3482399981918	0.0	0.0	0.0	92.57129799579926	69.13574199749908	0.0	0.0	0.0	0.0	0.0	17.014127116490656	0.0	68.16372792488123	0.0	0.0	11.04179379187057	0.0	0.0	0.0	0.0	0.0	0.0	0.0
GSM4138110_HNSCC_1_PBMC_CGCTTCACAGTACACT	84.84708286471057	93.3757580198986	48.4519935096769	69.21307623838632	53.93518502127993	48.19989431195852	0.9567559239258069	40.22269832857718	15.662903886752716	0.0	0.0	0.0	0.0	0.0	0.0	63.923608527772146	0.0	0.0	0.0	0.0	0.0	0.0	0.0	50.36701375418003	0.0	0.0	0.0	0.0	0.0
GSM4138110_HNSCC_1_PBMC_CGGAGCTCAGACGCAA	47.89503169714606	50.630766375181274	35.456378969766405	34.825752237058154	50.33520675998893	0.0	61.775570185111846	0.0	17.086586412077313	0.0	0.0	0.0	40.72217162719215	0.0	30.010980430781988	0.0	0.0	0.0	14.380593954966265	0.0	0.0	0.0	0.0	0.0	0.0	0.0	0.0	0.0	0.0
GSM4138110_HNSCC_1_PBMC_CGGAGCTTCGCCTGAG	81.31262618638219	86.68666797226753	154.68624204636268	91.41444642819513	75.0711326102495	0.0	66.45231920376881	0.0	0.0	68.7003642487565	0.0	49.32299865972298	38.39512135913085	0.0	0.0	0.0	23.159652005299193	0.0	0.0	0.0	0.0	0.0	0.0	0.0	0.0	0.0	0.0	0.0	0.0
GSM4138110_HNSCC_1_PBMC_CGGCTAGTCACATAGC	102.62845150508477	106.58418269602807	98.34129357224194	204.71705699644076	45.71837030428113	0.0	109.62330113670869	0.0	34.04849722540602	0.0	0.0	10.767257206800263	33.18994679139728	0.0	0.0	0.0	0.0	0.0	0.0	0.0	0.0	60.683507869724	0.0	43.32942450014313	0.0	0.0	0.0	23.3608532354998	0.0
GSM4138110_HNSCC_1_PBMC_CGGCTAGTCAGAGACG	45.52623199538947	21.84132720219616	51.95211801536059	23.290722013269555	27.413103444786373	0.0	108.1288384780255	0.0	18.747157984610112	0.0	0.0	17.36196031102478	48.77624780003173	0.0	38.33313139740329	0.0	0.0	0.0	0.0	0.0	0.0	0.0	0.0	0.0	0.0	0.0	0.0	0.0	0.0
GSM4138110_HNSCC_1_PBMC_CGGCTAGTCCTAAGTG	157.3910646671809	84.5851820899873	93.97122070825505	65.18612053198898	60.54679617203365	8.342926028007438	5.521844811137543	0.0	0.0	72.10775581554742	40.959619228887	0.0	0.0	0.0	0.0	0.0	14.749457446849135	0.0	18.125630056126553	0.0	0.0	0.0	0.0	0.0	0.0	0.0	0.0	0.0	0.0
GSM4138110_HNSCC_1_PBMC_CGTAGCGAGAAGGGTA	57.737537778408566	101.8647708926293	106.61931790782765	63.26802774185539	77.61644465258672	2.684005191071852	48.08826312342078	0.0	16.23466031301892	0.0	0.0	27.916171442971308	0.0	1.2490774068502941	0.0	9.870259605645922	0.0	22.133331507295743	0.0	0.0	0.0	0.0	80.37921453852879	0.0	0.0	0.0	0.0	0.0	0.0
GSM4138110_HNSCC_1_PBMC_CGTAGGCGTGGTAACG	34.18954435790234	125.52981257183308	64.8208723973142	19.62448126340166	79.50762961199797	28.857715702052403	0.0	0.0	12.322098129931927	65.1922565919172	0.0	10.96325311119037	0.0	10.825280591732197	0.0	0.0	0.0	0.0	0.0	0.0	0.0	0.0	0.0	0.0	0.0	0.0	0.0	0.0	0.0
GSM4138110_HNSCC_1_PBMC_CGTCACTTCAAACCGT	72.21147458678016	66.15018386424055	70.80352880722336	73.7439513885149	93.00021717681824	34.788782712256705	0.0	0.0	27.666870617915468	0.0	0.0	0.0	0.0	37.588716635345826	49.299707939665176	27.23900170072474	9.75926891522253	0.0	0.0	0.0	0.0	0.0	0.0	0.0	0.0	0.0	0.0	0.0	0.0
GSM4138110_HNSCC_1_PBMC_CGTCCATAGCAGCGTA	34.56303623274232	43.13144891460466	23.524714192085565	55.03665765874968	0.0	21.731699923705165	12.228823399675761	0.0	12.57900562580872	0.0	0.0	0.0	3.291029089204178	54.160573921502525	0.0	0.0	0.0	52.95573252563861	0.0	0.0	0.0	0.0	0.0	0.0	0.0	0.0	0.0	0.0	0.0
GSM4138110_HNSCC_1_PBMC_CGTGTAAAGGTGTGGT	65.04496984670683	65.15101458277827	120.0253578296616	62.40165474901051	86.68112984779782	50.7110272860932	0.0	0.0	10.00550410673556	24.911527338761804	48.996848188710956	56.57413773745359	0.0	0.0	17.520110069270213	0.0	0.0	0.0	0.0	0.0	0.0	0.0	0.0	0.0	0.0	0.0	0.0	0.0	0.0
GSM4138110_HNSCC_1_PBMC_CGTTGGGCAGGCGATA	80.35145226858283	30.224498965121246	38.21011139282091	87.09880016359797	24.496217611945607	0.0	57.32429763305042	0.0	33.224035005291014	10.479825622957422	0.0	0.0	0.0	0.0	0.0	35.91441062671003	0.0	17.80439454989797	0.0	0.0	0.0	0.0	0.0	37.28774997037247	0.0	0.0	0.0	0.0	0.0
GSM4138110_HNSCC_1_PBMC_CTACACCGTAGCTTGT	27.197468130239315	60.26393466906848	51.59780639695074	60.6614734238875	45.33121081046693	0.0	35.62003239543377	0.0	20.78104008199282	68.62170756112451	27.617559427801844	0.5936254576480613	0.0	0.0	0.0	0.0	0.0	0.0	0.0	0.0	0.0	0.0	0.0	30.352900107594177	0.0	0.0	0.0	0.0	0.0
GSM4138110_HNSCC_1_PBMC_CTACGTCAGTGGGATC	71.99817193305842	64.7341974096112	88.28277541228628	50.66675007050109	67.85320096535541	0.0	83.8894584590341	0.0	24.21439952178545	7.26307767941461	0.0	15.960497245796924	0.0	48.418542606796635	0.0	0.0	0.0	0.0	0.0	0.0	0.0	0.0	0.0	0.0	0.0	0.7444629577282348	0.0	0.0	0.0
GSM4138110_HNSCC_1_PBMC_CTACGTCTCCACGAAT	21.116620193867785	82.72715449832273	37.47772825104556	35.8359323044286	20.33206239279137	32.592239841787105	0.0	0.0	9.51720550570874	0.0	0.0	0.0	0.0	42.28123525453327	47.21862242023798	0.0	0.0	0.0	0.0	0.0	0.0	2.070642168351235	0.0	0.0	13.249385934377607	0.0	0.0	0.0	0.0
GSM4138110_HNSCC_1_PBMC_CTAGCCTAGCCAACAG	48.52717652219704	98.33832437396879	45.3723391605619	48.334324038959686	52.47331924155381	0.0	75.3168689908576	23.51255899405405	29.639057621215176	0.0	0.0	0.0	0.0	0.0	0.0947272126285964	0.0	0.0	0.0	23.83841704583147	0.0	0.0	0.0	0.0	0.0	44.234032651638856	0.0	0.0	0.0	0.0
GSM4138110_HNSCC_1_PBMC_CTCAGAATCGAATGGG	63.71106635116879	70.14022295109585	61.33926577838463	126.39603429048856	57.8631714071924	0.0	50.86866133369552	0.0	0.0	75.35925714754337	58.998295022315006	0.0	0.0	0.0	0.0	0.0	38.395072565498076	0.0	0.0	0.0	0.0	0.0	0.0	44.09540609601517	0.0	0.0	0.0	0.0	0.0
GSM4138110_HNSCC_1_PBMC_CTCCTAGCAAGTCTGT	109.78395221411418	62.67648933628807	97.16514292028695	40.63385643332051	81.7527148294816	35.71031301435809	0.0	0.0	0.0	0.0	0.0	35.111053494890605	0.0	0.0	26.83543110464436	0.0	39.06112984766778	0.0	0.0	0.0	0.0	0.0	0.0	0.803865384878852	50.9011711286058	0.0	0.0	0.0	0.0
GSM4138110_HNSCC_1_PBMC_CTCGGAGAGCAGGTCA	74.81408585646771	104.09926049503012	82.27279558099869	93.9268635000838	67.08813692869644	72.92248477388628	0.0	17.648278095692262	25.307057602141064	16.338295376717973	10.764045161307358	50.65947972135873	0.0	0.0	5.019097100180884	0.0	0.0	4.380381065468485	0.0	0.0	0.0	0.0	0.0	0.0	0.0	0.0	0.0	0.0	0.0
GSM4138110_HNSCC_1_PBMC_CTCGTACTCAGCAACT	42.41695108217458	77.91651272030714	170.02385302961784	65.05235492339926	73.46851320068379	0.0	110.37999053332966	63.762222101954244	0.0	0.0	0.0	0.0	88.05983690064629	14.906202914552011	0.0	0.0	38.381501301811404	0.0	0.0	0.0	0.0	0.0	0.0	0.0	0.0	0.0	0.0	0.0	0.0
GSM4138110_HNSCC_1_PBMC_CTCGTCAAGCTCTCGG	108.53716464376788	78.42347381721873	101.65500333968247	136.3348838557825	69.26754468843085	155.39606885713638	0.0	0.0	46.42004001583719	8.638503808279415	0.0	0.0	0.0	0.0	0.0	0.0	5.75016636122827	0.0	27.49594151380667	0.0	0.0	117.75269584285186	0.0	0.0	0.0	0.0	27.85987483810018	0.0	0.0
GSM4138110_HNSCC_1_PBMC_CTCTACGCAGATCGGA	16.628477409926983	22.001099432872333	79.74143027169735	20.01446326764462	39.26513398033215	29.540397102546294	0.0	15.368241967938065	10.130665996183193	0.0	0.0	0.0	0.0	0.0	0.0	23.68481861168537	0.0	0.0	36.33608181651417	0.0	0.0	0.0	0.0	0.0	0.0	0.0	0.0	0.0	0.0
GSM4138110_HNSCC_1_PBMC_CTCTGGTAGACAGGCT	23.163529049012322	23.323108743750346	67.41174607479932	0.8764540359963451	50.98405862087263	20.276167328036692	0.0	21.088211903765604	0.0	21.506810226619567	50.09521479173841	0.0	0.0	0.0	0.0	0.0	6.307538514641671	27.16000758988385	31.28031868885082	0.0	0.0	0.0	0.0	0.0	0.0	0.0	0.0	0.0	0.0
GSM4138110_HNSCC_1_PBMC_CTCTGGTCACAGCCCA	103.674955514381	81.01728570007425	131.77506413165997	57.41024450466833	50.28602240008462	65.05942777578841	0.0	31.540121646599026	13.906562724420676	0.0	0.0	0.0	0.0	38.33320884625328	53.800998038438195	0.0	0.0	0.0	0.0	0.0	18.494539316193265	0.0	0.0	0.0	0.0	0.0	0.0	0.0	0.0
GSM4138110_HNSCC_1_PBMC_CTGAAACCAGCCTTGG	32.53154545338094	48.647095686899796	75.77072811148186	86.29771969818522	123.15844090877117	49.38451282533199	0.0	0.0	78.79258291042409	0.0	0.0	0.0	20.071913047494014	0.0	30.002902682626775	0.0	0.0	0.0	0.0	0.0	0.0	0.0	0.0	0.0	0.0	0.0	0.0	0.0	0.0
GSM4138110_HNSCC_1_PBMC_CTGAAACCAGTATGCT	56.78867994867352	94.77709356882197	60.35988663909441	41.16640842162041	23.290040529196006	0.0	21.01149371830792	0.0	9.348838280547422	71.14264594304858	0.0	42.9515052800946	68.16778733619512	0.0	0.0	0.0	19.606191427790122	0.0	0.0	0.0	0.0	0.0	0.0	0.0	0.0	0.0	0.0	0.0	0.0
GSM4138110_HNSCC_1_PBMC_CTGAAGTCAGCTGCTG	85.81199845445944	98.15985314644246	97.5786520055531	51.760091737067874	22.037358230488252	20.04761870663836	0.0	0.0	17.027418626880166	43.70867471894871	0.0	23.72649659920765	0.0	0.0	0.0	0.0	0.0	1.1886260173858336	0.0	0.0	45.717088734956306	0.0	0.0	0.0	0.0	0.0	0.0	0.0	0.0
GSM4138110_HNSCC_1_PBMC_CTGAAGTGTTCTCATT	68.25020556078655	48.70683166599248	14.892960913906958	33.98023634011403	22.5071030426201	47.92015153849714	0.0	0.0	0.0	17.52924424303846	0.0	5.070808338810292	9.667777459224405	128.34931972338322	0.0	0.0	17.76578466335855	0.0	0.0	0.0	0.0	0.0	0.0	0.0	0.0	0.0	0.0	0.0	0.0
GSM4138110_HNSCC_1_PBMC_CTGTTTACAAAGGTGC	58.10562097975597	49.99384078096297	68.21307941693577	101.40559802635279	57.861484430916946	61.95163530513548	0.0	0.0	11.27813613360591	31.36027063157239	0.0	0.0	14.732613266578692	0.0	0.0	0.0	8.270370461052583	0.0	14.667592365167817	0.0	0.0	0.0	0.0	0.0	0.0	0.0	9.046793793816033	0.0	0.0
GSM4138110_HNSCC_1_PBMC_CTTAACTGTGACGCCT	34.57546829437118	27.486249005570482	57.25047840427795	31.23946795586054	7.927488889194159	0.0	53.086166866510226	62.953047538457064	11.417747724265867	0.0	25.920428928564526	0.0	0.0	0.0	0.0	0.0	0.0	0.0	0.0	0.0	0.0	0.0	8.76122150397855	18.061376166617926	0.0	16.720701801697153	0.0	10.338646014456716	0.0
GSM4138110_HNSCC_1_PBMC_CTTAGGAAGGTGATTA	123.8559883923284	197.07658862263105	89.94812850975434	144.53391382151347	134.93140199900844	73.91530780259802	0.0	0.0	0.0	0.0	0.0	88.57371372472608	0.0	0.0	0.0	114.3036507280031	25.01503798587541	94.95493472301474	0.0	0.0	0.0	0.0	0.0	0.0	0.0	0.0	0.0	0.0	0.0
GSM4138110_HNSCC_1_PBMC_CTTAGGACAGAGTGTG	50.55637409004899	141.2587583286408	51.42956775414005	83.43423943775053	46.79600090409447	35.15585630303255	0.0	0.0	0.0	21.59881563783556	0.0	0.0	0.0	6.407224972448981	0.0	0.0	6.436171367352195	0.0	0.0	0.0	24.552787225790535	0.0	0.0	0.0	0.0	0.0	0.0	0.0	0.0
GSM4138110_HNSCC_1_PBMC_CTTGGCTCAAAGCGGT	83.75516907920466	87.5031788749652	79.41843176873087	85.55980482282651	69.75642438421413	0.0	55.98157728621266	73.72339811014416	34.78818354929697	0.0	0.0	0.0	28.394464648011862	0.0	0.0	0.0	0.0	0.0	0.0	0.0	0.0	0.0	0.0	47.029182721740646	0.0	0.0	0.0	0.0	0.0
GSM4138110_HNSCC_1_PBMC_GAAACTCGTCTTCTCG	121.243658711211	154.22670848860662	83.72856430861437	90.35034990303956	34.913757687461064	82.22779387584572	0.0	0.0	17.13095416797844	0.0	0.0	0.0	0.0	0.0	48.201214256803716	0.0	0.0	0.0	56.31295194193557	0.0	101.2821840936514	0.0	0.0	0.0	0.0	0.0	0.0	0.0	0.0
GSM4138110_HNSCC_1_PBMC_GAAATGAAGAGCAATT	32.50330483477363	26.42138981321869	98.39021879639297	40.25067354793926	18.13322640897589	0.0	37.174714292911986	10.894163687214501	13.809116193164558	0.0	0.0	0.0	0.0	0.0	16.43277663708068	19.872567402258557	0.0	0.0	0.0	0.0	0.0	0.0	0.0	13.115773686054055	0.0	0.0	0.0	11.156791444485613	0.0
GSM4138110_HNSCC_1_PBMC_GAACATCTCGGTTAAC	68.64346600823637	48.39282351695138	99.75332717288734	28.871755098694727	29.117431636914496	52.05732531194634	0.0	3.0015663137697253	17.352866136051276	0.0	0.0	20.879732438489853	46.44739354307261	3.312655640339376	17.442312723489273	0.0	0.0	14.9664246873511	0.0	0.0	0.0	0.0	0.0	0.0	0.0	0.0	0.0	0.0	0.0
GSM4138110_HNSCC_1_PBMC_GAACCTATCGGCCGAT	70.25372280236736	35.749275910934735	42.634726529724816	53.67859490249473	35.752199041896404	0.0	80.04008198662378	44.490012153142615	3.394113929679578	0.0	0.0	0.0	66.80458901902817	0.0	0.0	0.0	0.0	0.0	0.0	0.0	0.0	0.0	0.0	11.478019424773187	0.0	0.0	0.0	2.8801584263724544	0.0
GSM4138110_HNSCC_1_PBMC_GAATGAAGTTGGACCC	27.223067810618236	27.39594869731103	39.28633978461058	37.70799667812927	32.44601290026269	0.0	49.9627650553264	0.0	2.1154846496372723	20.03509720614675	0.0	0.0	0.0	27.305660649491667	0.0	0.0	0.0	0.0	0.0	0.0	34.70532434853257	0.0	0.0	0.0	0.0	0.0	0.0	0.0	0.0
GSM4138110_HNSCC_1_PBMC_GACAGAGAGAGCCTAG	60.20160896243684	57.25288243485952	10.076650980598625	72.43986928605493	35.05431739846848	30.754955924745516	0.0	0.0	11.901820024661182	0.0	0.0	0.0	0.0	0.0	0.0	0.0	0.0	0.0	0.03887812959327819	0.0	18.587301210418744	0.0	28.99391620676169	0.0	0.0	0.0	0.0	0.0	0.0
GSM4138110_HNSCC_1_PBMC_GACTAACAGGCAGGTT	48.31135581306213	52.52370478762691	69.93058106411246	87.06247648175365	37.59124423284952	45.88903500243329	23.11325690385801	0.0	55.51988987728707	85.77065472753516	0.0	48.456107089164654	93.27728712074023	0.0	0.0	0.0	0.3156314749971063	0.0	0.0	0.0	0.0	0.0	0.0	0.0	0.0	42.465153794842195	0.0	0.0	0.0
GSM4138110_HNSCC_1_PBMC_GACTGCGGTATCTGCA	70.44456061472422	58.60031946242665	46.5000977902694	58.621212022041675	12.47356316073174	21.96930383387862	0.0	22.546908231295784	62.2374669852148	0.0	0.0	0.0	0.0	53.60527309315357	0.0	29.371333369751177	0.0	0.0	0.0	0.0	0.0	0.0	0.0	0.0	0.0	0.0	0.0	0.0	0.0
GSM4138110_HNSCC_1_PBMC_GACTGCGTCTAAGCCA	46.11455425414161	125.01503486880574	135.64030019139764	80.29751706780912	43.63219114719639	56.39394892390076	0.0	0.0	3.0363534461575794	0.0	0.0	0.0	69.88479848683949	0.0	0.0	0.0	5.0563906371220515	0.0	0.0	0.0	0.0	36.04373386391104	0.0	0.0	0.0	0.0	81.37958984170682	0.0	0.0
GSM4138110_HNSCC_1_PBMC_GATCGATGTGCTGTAT	137.5816829343053	64.49229265113767	101.27660047406675	60.10587269868771	46.877775093993996	0.0	92.6735573777947	0.0	15.646569351319945	0.0	0.0	69.9299419331221	0.0	0.0	33.82573275192643	0.0	0.0	0.0	0.0	0.0	0.0	0.0	0.0	0.0	23.348385453304143	0.0	0.0	0.0	0.0
GSM4138110_HNSCC_1_PBMC_GATCTAGAGGGCTCTC	68.66352560791539	46.94214761663043	23.141437579578515	32.09618587047145	75.90157650135377	0.0	67.64827418619404	0.0	12.402994544264882	0.0	0.0	0.0	0.0	0.0	37.84558094215182	0.0	0.0	0.0	0.0	0.0	40.05184173701884	0.0	0.0	0.0	0.0	0.0	0.0	0.0	0.0
GSM4138110_HNSCC_1_PBMC_GATCTAGCAAACCTAC	74.46590471914689	83.43324570299411	69.97153795606465	110.42064279393725	40.28913453992217	0.0	78.5719149603866	0.0	22.427615182351424	49.56820102344941	3.1157247129978183	80.83459633004541	0.0	0.0	0.0	58.860330368965165	0.0	0.0	0.0	0.0	0.0	0.0	0.0	0.0	0.0	0.0	0.0	0.0	0.0
GSM4138110_HNSCC_1_PBMC_GATGAAAAGAAGGGTA	37.94103842338366	30.775179064483172	48.7552918721956	43.97338120280621	15.765796941449441	0.0	28.00311810571284	0.0	36.20600765361382	0.0	0.0	30.760521850332925	25.067360110419237	0.0	0.0	0.0	0.0	42.97273126679138	0.0	0.0	0.0	0.0	0.0	0.0	0.0	0.0	0.0	0.0	0.0
GSM4138110_HNSCC_1_PBMC_GATGCTAGTATGGTTC	72.60178438987487	36.34488450076788	68.99221794670156	58.66643446973872	28.571961900196957	0.0	58.677452368961795	0.0	0.0	81.49689658071428	6.6444538130889645	6.3646838610799055	0.0	0.0	0.0	0.0	8.23843623175164	0.0	0.0	0.0	0.0	0.0	0.0	54.744089480591605	0.0	0.0	0.0	0.0	0.0
GSM4138110_HNSCC_1_PBMC_GATTCAGAGCTATGCT	112.04698323402582	64.62119796975735	53.54957738493987	24.607149747430856	22.837900991529427	79.32114389330779	0.0	79.69459755853053	29.44046046604818	0.0	0.0	28.73660061855173	65.20389664200526	0.0	51.06982477819799	0.0	0.0	0.0	0.0	0.0	0.0	0.0	0.0	0.0	0.0	0.0	0.0	0.0	0.0
GSM4138110_HNSCC_1_PBMC_GCACATACATGAACCT	90.85074185405979	60.96961138839766	112.36800100588044	6.906297590567735	97.01568594112133	35.45532684392718	0.0	13.16697570701858	16.806206599682152	23.181920570395224	0.0	38.73123199774082	0.0	0.0	0.0	28.713210245107526	0.0	21.35693588750077	0.0	0.0	0.0	0.0	0.0	0.0	0.0	0.0	0.0	0.0	0.0
GSM4138110_HNSCC_1_PBMC_GCACATAGTCTTCTCG	82.17141216542413	115.12513960866582	88.9685514996188	61.25401035924841	36.93769256954734	0.0	40.83142832029091	0.0	27.17591117178431	64.2506393130021	0.0	52.094188945983454	6.415942700059263	0.0	0.0	0.0	0.0	0.0	0.0	0.0	0.0	0.0	0.0	11.742542316985029	0.0	0.0	0.0	0.0	0.0
GSM4138110_HNSCC_1_PBMC_GCAGTTATCCTACAGA	36.97236473461199	11.041811331825334	36.634319978354604	98.15555222832057	37.740925048096805	1.0160493101619967	0.0	0.0	13.635647506260225	0.0	0.0	0.0	0.0	10.48068469040799	0.0	0.0	0.0	28.56142869149157	0.0	0.0	0.0	0.0	0.0	0.0	39.51258486900694	0.0	0.0	0.0	0.0
GSM4138110_HNSCC_1_PBMC_GCATACAAGACACGAC	74.60163546959807	124.88544526733159	144.81578424779573	88.19479258733523	47.571010533850334	82.52298475568534	0.0	0.0	0.0	0.0	0.0	95.1250226542345	0.0	0.0	0.0	0.0	64.7191936844372	13.099252633686616	0.0	0.0	44.531915029586216	43.76059229025978	0.0	0.0	4.155046274027422	0.0	0.0	0.0	0.0
GSM4138110_HNSCC_1_PBMC_GCATGTATCTCATTCA	60.44301403464667	41.90942774768156	43.075884841097654	22.68782227289033	6.613952840720951	0.0	33.58877332359444	2.111827790425676	4.526647973743601	0.0	0.0	0.0	0.9076680739921485	38.54453103321198	31.46717206325247	0.0	9.928453567722308	6.02760473763028	0.0	0.0	19.787705209398336	0.0	0.0	0.0	0.0	0.0	0.0	0.0	0.0
GSM4138110_HNSCC_1_PBMC_GCGAGAATCTATCCTA	42.87982092361586	45.067991625537125	35.02640097132312	96.74578743846016	72.1010871461128	0.0	60.168247980813774	30.00957615653239	11.810526495095095	0.0	0.0	0.0	0.0	26.15510008033306	0.0	0.0	0.0	0.0	0.0	16.53082621884072	5.475240715055324	0.0	0.0	0.0	0.0	0.0	0.0	0.0	0.0
GSM4138110_HNSCC_1_PBMC_GCGCAACCAGTACACT	48.09867316216137	69.37102663271457	107.62509822520889	66.71434716206544	47.09758735877465	28.116642128106815	0.0	0.0	17.725463600197983	20.053769281640513	0.0	32.75276537723333	0.0	0.0	0.0	0.0	0.0	0.0	0.0	0.0	4.313002419522239	0.0	0.0	0.0	0.0	0.0	0.0	0.0	0.0
GSM4138110_HNSCC_1_PBMC_GCGCAACTCACCGTAA	91.4729969514503	41.55501906596975	45.48486540884267	44.97434787372465	19.152263944724318	0.0	22.599684459489755	0.0	0.0	28.67905615461054	0.0	6.714633490288795	0.0	0.0	3.4183797827506677	0.0	18.913876595791685	6.786648547160198	0.0	0.0	0.0	0.0	6.627803888450789	0.0	93.46444775958022	0.0	0.0	0.0	0.0
GSM4138110_HNSCC_1_PBMC_GCGGGTTTCTGTACGA	74.2817927648271	100.42643747534633	65.97488822407581	49.6785739778566	86.00035173336214	0.0	42.81351223461219	62.14300703157612	19.573594092478007	0.0	14.34454993073215	0.0	0.0	0.0	0.0	0.0	0.0	0.0	0.0	0.0	0.0	0.0	0.0	0.0	0.0	46.18284154241689	0.0	0.0	0.0
GSM4138110_HNSCC_1_PBMC_GCTGCAGCACAACGCC	49.364119574658694	64.05520532789541	49.25611771286908	61.972255391865325	49.385196867977236	41.784911433672846	0.0	0.0	0.0	48.430767176136385	0.0	0.0	0.0	0.0	0.0	0.0	12.564555354408006	0.0	25.19058278694213	0.0	0.0	0.0	0.0	0.0	0.0	0.0	22.783874710394	0.0	0.0
GSM4138110_HNSCC_1_PBMC_GGAACTTCAACTGGCC	52.50737064295997	65.10864147726373	53.05271510711813	63.865531200432144	30.969517409790015	69.54253108293727	0.0	0.0	0.0	0.0	25.46815590590904	0.0	0.0	0.0	0.0	0.0	9.810768817093049	0.0	0.0	0.0	0.0	0.0	88.63861495188617	0.0	0.0	0.0	52.614582245682456	0.0	0.0
GSM4138110_HNSCC_1_PBMC_GGAATAAAGAACAATC	47.40065215823419	47.20117537087899	33.585908530993926	30.483343103457823	17.51576612206988	0.0	40.359919387435816	0.0	9.886671137431135	2.914844571974372	0.0	0.0	0.0	0.0	0.0	0.0	0.0	55.558060034746404	0.0	30.97866242680716	0.0	0.0	0.0	15.724914069975357	0.0	0.0	0.0	39.1296977805565	0.0
GSM4138110_HNSCC_1_PBMC_GGACATTCACGGTTTA	57.27091138115528	66.98142872945449	54.68113297731823	79.47932637915089	14.700758457656585	49.73435101545659	0.0	5.9174223509750155	0.0	0.0	0.0	0.0	0.0	33.915065155251824	0.0	0.0	19.64250167300425	46.60499538736408	0.0	0.0	20.958432333841035	18.889221081648003	0.0	0.0	0.0	0.0	0.0	0.0	0.0
GSM4138110_HNSCC_1_PBMC_GGCTCGATCCGCGTTT	28.24464207391416	37.35427609051098	45.6256673940051	25.927093144084637	173.42303573857546	0.8694496025626272	23.677313177588964	18.727137089932555	29.50539982763057	0.0	0.0	0.0	0.0	0.0	0.0	0.0	15.470509241003695	0.0	15.615955603088226	0.0	19.49658467388104	0.0	0.0	0.0	0.0	0.0	0.0	17.782088196404903	0.0
GSM4138110_HNSCC_1_PBMC_GGGACCTAGCCAGGAT	62.96005082972299	53.485290934215996	33.80420760017323	87.27460626632536	37.565748203503254	59.55486953063708	0.0	48.864326037665926	0.0	0.0	0.0	0.0	0.0	0.0	0.0	0.0	9.73728767746261	0.0	0.0	0.0	0.0	0.0	0.0	0.0	31.566213513985915	0.0	0.0	0.0	28.103632051120893
GSM4138110_HNSCC_1_PBMC_GGGACCTCAGTCACTA	71.20641885502538	92.00718942913198	126.00096023045054	52.763081990317986	65.46118254710244	0.0	62.420286588703014	0.0	29.852711955214154	116.65914133745925	0.0	0.0	29.64206777584794	0.0	0.0	0.0	0.0	0.0	0.0	70.88625308875245	0.0	0.0	0.0	0.0	0.0	96.9215397902783	0.0	0.0	0.0
GSM4138110_HNSCC_1_PBMC_GGGAGATGTGTGCGTC	61.168304924131526	51.84427878492778	83.10258991115897	18.722203850187167	37.07494588641242	0.0	28.76884446915335	0.0	13.190688333105758	0.0	0.0	0.0	0.0	22.816170892499624	0.0	17.17399162397969	0.0	64.58772557822385	0.0	0.0	0.0	0.0	0.0	0.0	0.0	0.0	0.0	0.0	0.0
GSM4138110_HNSCC_1_PBMC_GGGAGATTCACGATGT	27.35121195951339	48.09145376744161	30.15658974954963	64.37508715503733	40.24054168477741	70.94748811423378	0.0	13.334027918969737	13.94026646635703	0.0	18.608846737015764	17.86690673015625	0.0	0.0	0.0	0.0	0.0	0.0	0.0	0.0	0.0	0.0	0.0	0.0	0.0	0.0	2.23427161593366	0.0	0.0
GSM4138110_HNSCC_1_PBMC_GGGTTGCGTCCGAAGA	83.13188926677938	79.39987497513752	73.9390114175362	103.71076700648236	79.96471572163642	51.549890814311546	0.0	0.0	43.00029143762333	24.50982170649667	24.448363690493732	60.45049121606937	0.0	0.0	0.0	0.0	5.397377603411545	6.64742623152384	0.0	0.0	0.0	0.0	0.0	0.0	0.0	0.0	0.0	0.0	0.0
GSM4138110_HNSCC_1_PBMC_GGTGAAGTCGCTTGTC	59.97171558636166	71.42889565135462	53.66360582666879	85.70012503633063	49.84073831814792	14.065186097285903	53.05656382322667	0.0	0.0	49.71387930261999	0.0	0.0	0.0	34.67852597275803	0.0	0.0	18.8955282984739	0.0	0.0	0.0	29.84244236344846	0.0	0.0	0.0	0.0	0.0	0.0	0.0	0.0
GSM4138110_HNSCC_1_PBMC_GGTGTTACAAACGCGA	80.83656584386335	100.61207816485275	100.27434986922458	102.50776135401954	84.98015254163955	27.958888705997445	0.0	0.0	0.0	18.30991793999852	13.80338784360008	0.0	17.24651826698794	0.0	0.0	0.0	53.08290450199473	0.0	0.0	0.0	0.0	0.0	0.0	42.66802503235012	0.0	0.0	0.0	0.0	0.0
GSM4138110_HNSCC_1_PBMC_GTAACTGTCTTCGAGA	44.89174588987915	62.948003740986984	46.83467343538345	71.66878647010276	90.302158216954	65.68377704616636	0.0	41.94070950702955	0.0	0.0	0.0	54.38578237862276	0.0	0.0	0.0	40.71432310836035	26.839826045489144	0.0	0.0	0.0	0.0	0.0	0.0	0.0	0.0	0.0	0.0	0.0	0.0
GSM4138110_HNSCC_1_PBMC_GTAGGCCAGGTGTGGT	61.736191509271	81.38161461686784	40.322779273033085	74.01980057097697	42.60555522376343	27.280158215095238	0.0	0.0	0.00348101598336147	0.0	0.0	27.710413009057074	48.57814389958267	0.0	0.0	0.0	26.507398360648562	25.237902350095258	0.0	0.5835573187604807	0.0	0.0	0.0	0.0	0.0	0.0	0.0	0.0	0.0
GSM4138110_HNSCC_1_PBMC_GTAGTCACAGATCCAT	58.47337043399311	40.71366328577127	43.92510972368553	55.284645037502486	45.67738483218342	44.48279852789789	0.0	0.0	11.561402238118625	29.742242927899223	0.0	0.0	0.0	0.0	0.0	51.78300208570964	0.0	0.0	5.773536701210513	0.0	0.0	34.01588951509703	0.0	27.145896478193663	0.0	0.0	0.0	0.0	0.0
GSM4138110_HNSCC_1_PBMC_GTAGTCAGTGGGTCAA	38.72431856357109	108.03122356928016	44.52280848409234	27.51632676820371	20.039008630267315	22.250712274435614	0.0	17.06925767038377	17.824666140939414	0.0	15.171659455859706	0.0	0.0	37.945535923005416	0.0	0.0	0.0	16.21289212867124	0.0	0.0	0.0	0.0	0.0	0.0	0.0	0.0	0.0	0.0	0.0
GSM4138110_HNSCC_1_PBMC_GTATTCTAGGGTTTCT	96.12882707738154	87.64905150000423	69.2482367117361	83.57999775670294	70.93860694622589	55.549052206680344	0.0	15.552012580896328	21.24710572907106	0.0	0.0	29.734223918811775	89.68916700675649	0.0	0.0	0.0	0.0	0.0	0.0	0.0	0.0	0.0	0.0	0.0	0.0	0.0	0.0	0.0	0.0
GSM4138110_HNSCC_1_PBMC_GTATTCTTCCAAACTG	71.35162350320165	58.54844010038566	32.49152280543923	88.09198014481234	81.3235754236948	57.608806309558815	0.0	0.0	18.67081755775184	61.56103448856059	0.0	0.0	39.20075984094339	70.42150239280102	0.0	0.0	0.0	0.0	0.0	0.0	0.0	0.0	0.0	0.0	0.0	0.0	0.0	0.0	0.0
GSM4138110_HNSCC_1_PBMC_GTCGTAACAGGAACGT	51.112147775532826	62.04165254608175	59.88980483182838	7.608948539570658	59.765351822629064	40.93615949711187	0.0	25.501607011643046	0.0	0.0	0.0	21.058500233965617	0.0	0.0	0.0	0.0	22.865511607149685	0.0	0.0	64.46591872781421	6.668128113077943	0.0	0.3632636215848731	0.0	0.0	0.0	0.0	0.0	0.0
GSM4138110_HNSCC_1_PBMC_GTCGTAAGTATGAAAC	58.88411528149792	42.41490042422066	38.5909437448152	25.166581093232573	40.68479796530473	33.570428190254006	0.0	14.443200818927291	0.0	0.0	10.208179790898647	29.72487727915039	0.0	0.0	14.898890530741761	0.0	15.647793913237301	25.330229615129845	0.0	0.0	0.0	0.0	0.0	0.0	0.0	0.0	0.0	0.0	0.0
GSM4138110_HNSCC_1_PBMC_GTCTCGTGTACGCACC	82.24641716844901	29.376999948828125	52.28646473959533	34.474583295773726	30.500083527069226	0.0	92.37151300195937	8.575023822166157	9.612044056325832	0.0	0.0	0.0	0.0	13.860270262950008	0.0	0.0	0.0	0.0	0.0	0.0	0.0	0.0	0.0	0.0	64.47646585016662	0.0	0.0	0.0	0.0
GSM4138110_HNSCC_1_PBMC_GTGGGTCAGAATGTGT	61.26053078975805	65.61254959889915	31.165520832523523	38.70833489202607	10.354384748776702	0.0	20.573773829272316	22.01120007278803	18.485720020897368	0.0	21.6575705199762	74.00722041916912	0.0	0.0	0.0	0.0	0.0	0.0	0.0	0.0	0.0	0.0	0.0	0.0	0.0	0.0	0.0	0.0	0.0
GSM4138110_HNSCC_1_PBMC_GTTCATTGTAGCTGCC	68.95965623052412	59.199588320464414	93.42558772124953	57.519029348482384	53.309516959542165	0.0	45.057743792134616	0.0	21.886328004567957	0.0	0.0	0.0	12.186196458637427	0.0	92.89638598722603	0.0	0.0	0.0	0.0	0.0	37.08010710227022	0.0	0.0	77.11240879120517	0.0	0.0	0.0	0.0	0.0
GSM4138110_HNSCC_1_PBMC_GTTCATTTCCGCGGTA	64.58196835050632	103.1518117379069	91.97505182494864	63.40746645635002	65.20282351606761	0.0	42.329382723884315	59.76204044387662	0.0	0.0	31.473296909705684	27.58211223390925	0.0	0.0	0.0	0.0	27.363738622125467	0.0	0.0	0.0	0.0	0.0	0.0	0.0	0.0	0.0	0.0	5.801604381094615	0.0
GSM4138110_HNSCC_1_PBMC_GTTCTCGCACTATCTT	58.50168355614155	79.10170961783466	49.86170814578059	68.57100428847727	53.89557096462412	0.0	47.355691416429124	23.082787227895455	11.288152684160238	0.0	0.0	0.0	0.0	49.90830581018362	0.0	0.0	0.0	0.0	0.0	19.243982121972227	0.0	0.0	0.0	0.0	0.0	0.0	0.0	0.0	0.0
GSM4138110_HNSCC_1_PBMC_GTTCTCGTCAGAGACG	98.25198489781818	40.4401861639263	19.23132415501791	57.56253938790144	21.843860292158265	35.55332928972878	0.0	34.862835886297866	0.0	0.0	0.0	41.06018501468947	0.0	0.0	0.0	41.31907356006364	14.196720960029536	0.0	0.0	0.0	0.0	0.0	0.0	0.0	37.30398981803131	0.0	0.0	0.0	0.0
GSM4138110_HNSCC_1_PBMC_TAAGCGTAGGTGCTTT	124.87811775164896	110.77742214557273	82.39864639963834	146.7239791982012	179.46138466332172	0.0	66.79700706699386	13.296538647184619	24.47195320844592	0.0	0.0	26.199098699872337	114.71152549531779	20.467805075522783	0.0	0.0	0.0	31.85470470803314	0.0	0.0	0.0	32.84010619218329	0.0	0.0	0.0	0.0	0.0	0.0	0.0
GSM4138110_HNSCC_1_PBMC_TACAGTGGTCATCGGC	90.01528184869933	117.45370720793072	93.12786951512109	67.03937252761891	94.57920764821752	49.73180519521036	0.0	0.0	43.81881783259453	88.63006669206676	0.0	0.0	62.7833523487806	28.594351556914166	0.0	0.0	0.0	0.0	0.0	0.0	0.0	0.0	0.0	0.0	0.0	0.0	0.0	0.0	0.0
GSM4138110_HNSCC_1_PBMC_TACCTTATCACGATGT	59.037418585155436	42.85846681444878	81.53783505984347	72.96713124464563	54.49859193984751	16.957868346900362	78.72385115021807	0.0	0.0	55.092820274852066	0.0	0.0	45.75875227033337	45.99668752465941	0.0	0.0	39.344147733681154	0.0	0.0	23.735168553192867	0.0	0.0	0.0	0.0	0.0	0.0	0.0	0.0	0.0
GSM4138110_HNSCC_1_PBMC_TACGGATTCTAACTTC	102.52795762162013	81.97990142700431	48.09607909862171	43.736392465587066	106.63934698015828	9.57605281979296	0.0	0.0	0.0	27.80189451047306	32.66897463646811	8.82354036935007	0.0	0.0	0.0	0.0	11.812451000916566	0.0	0.0	0.0	0.0	0.0	0.0	0.0	0.0	0.0	0.0	0.0	0.0
GSM4138110_HNSCC_1_PBMC_TACTTGTAGTCATCCA	78.46747331943311	22.416697352035797	112.25366005882925	91.55790344702474	67.67418367552804	13.218878947454613	0.0	0.0	23.40283291934476	0.0	0.0	2.2046809515952672	0.0	0.0	0.0	0.0	0.0	0.0	19.044473301846235	71.48688942187873	0.0	0.0	57.193430573864575	0.0	0.0	0.0	0.0	0.0	0.0
GSM4138110_HNSCC_1_PBMC_TACTTGTTCAGAGCTT	76.38739279695996	59.463739848770196	74.7202305809737	44.2792881482168	36.27608534740407	19.792712003917703	19.638815337332833	0.0	17.842955063792168	81.15747519483679	0.0	0.0	0.0	120.63004807153567	0.0	16.35487436542418	0.0	0.0	0.0	0.0	0.0	0.0	0.0	0.0	0.0	0.0	0.0	0.0	0.0
GSM4138110_HNSCC_1_PBMC_TAGACCAGTCCGAGTC	58.40315430761968	67.79686671116592	68.6367030915011	114.85755675311925	52.37087281008958	48.24372106043584	0.0	0.0	0.0	59.20723177742991	60.59501194108249	0.0	0.0	0.0	0.0	0.0	14.717833194803683	0.0	30.899523651377066	0.0	0.0	0.0	0.0	0.0	0.0	0.0	0.0	0.0	0.0
GSM4138110_HNSCC_1_PBMC_TAGAGCTGTTCCCTTG	53.46802891774761	65.59912255570674	64.38117922340402	63.97414260166973	49.030039532411415	24.37596879030064	0.0	0.0	75.97673261068367	0.0	0.0	0.0	0.0	0.0	0.0	26.283372108848276	0.0	0.0	0.0	0.0	0.0	38.40124759598146	0.0	40.84303730365595	0.0	0.0	0.0	0.0	0.0
GSM4138110_HNSCC_1_PBMC_TATCTCACACGGCGTT	71.4213305744904	61.248124239529105	84.90160082701478	54.36214013423072	66.97387860426956	61.062079494869295	0.0	50.777487096897055	23.62323106825016	0.0	10.200433256449289	53.02479296214635	0.0	0.0	0.0	0.0	0.0	0.0	0.0	0.0	0.0	0.0	0.0	13.306176632398051	0.0	0.0	0.0	0.0	0.0
GSM4138110_HNSCC_1_PBMC_TATCTCATCAACGGGA	104.62446652890247	57.022346413522506	113.9250108891192	135.41815895415806	53.14161382538083	51.09264903276061	0.0	79.64518549317748	18.907303427060068	0.0	22.679833815807804	2.2457466138334636	0.0	29.666912431444064	0.0	0.0	0.0	0.0	0.0	0.0	0.0	0.0	0.0	0.0	0.0	0.0	0.0	0.0	0.0
GSM4138110_HNSCC_1_PBMC_TCACGAATCTGTCCGT	93.44850871987315	72.98885874321815	90.62939468249131	55.43218191471266	37.74210001352793	37.767803918926575	0.0	0.0	35.847820563543074	0.0	0.0	0.0	41.13303011251589	0.0	0.0	0.0	0.0	73.10648714698833	19.423929186824388	0.0	0.0	0.0	0.0	0.0	0.0	0.0	0.0	8.99136308139555	0.0
GSM4138110_HNSCC_1_PBMC_TCAGATGTCCGCGTTT	58.78428592504928	41.076153825993934	49.120670789797494	21.841712019795793	87.74970916758026	48.86130744616784	11.556020640516918	8.302308225503468	24.961839105683303	0.0	0.0	16.481282680935962	0.0	5.791920386338324	28.58173171220672	43.47269388621277	0.0	0.0	0.0	0.0	0.0	0.0	0.0	0.0	0.0	0.0	0.0	0.0	0.945223479901128
GSM4138110_HNSCC_1_PBMC_TCAGCAAAGGCGCTCT	26.415634114148062	28.697789466556568	36.32100444946661	76.11134948865191	90.93079983018069	129.67974834975922	0.0	38.74481293717389	6.333353606546915	0.0	0.0	0.0	0.0	0.0	0.0	0.0	0.0	0.0	0.0	0.0	0.0	0.0	1.0034931040957389	0.0	0.0	0.0	0.0	0.0	0.0
GSM4138110_HNSCC_1_PBMC_TCATTACAGCGCTCCA	124.42226955173965	68.92222853749129	100.15751842256444	63.02639084543704	65.77050445613179	23.303874423622283	0.0	0.0	0.0	0.0	0.0	0.0	0.0	36.26940390706984	59.12759729651573	0.0	8.869428610525238	0.0	0.0	0.0	10.207769721356945	0.0	0.0	0.0	0.0	0.0	0.0	0.0	0.0
GSM4138110_HNSCC_1_PBMC_TCCCGATAGTGGAGAA	38.78016848452869	68.65374579983491	42.563864876994465	31.638593003132222	32.772643624364385	0.0	47.39314090504901	10.381493825666292	17.802810099943713	0.0	0.0	0.0	4.828164839920792	0.0	31.989479348112454	0.0	0.0	0.0	0.0	0.0	0.0	0.0	0.0	5.932171426104784	0.0	0.0	0.0	0.0	0.0
GSM4138110_HNSCC_1_PBMC_TCGCGAGGTAGCACGA	72.5411885044761	101.03829289298044	104.84065509376579	82.4017637482885	55.00865212242196	71.39278051158053	0.0	0.0	26.004013031233214	0.0	0.0	0.0	0.0	45.62077711092287	0.0	0.0	0.0	0.0	0.0	0.0	75.76576392052338	0.0	75.29456128681487	0.0	0.0	0.0	0.0	0.0	0.0
GSM4138110_HNSCC_1_PBMC_TCGGGACTCAACGAAA	57.37031887509292	44.67851378828033	68.10146455584935	33.67228884234191	40.00002275119148	67.96935562940328	0.0	0.0	13.646679504188107	0.0	0.0	0.0	0.0	4.138512041910919	0.0	23.50478131632766	0.0	0.0	0.0	0.0	0.0	0.0	54.96443035424771	0.0	31.28600472164609	0.0	0.0	0.0	0.0
GSM4138110_HNSCC_1_PBMC_TCGGGACTCGAGAGCA	84.46052762107952	105.5282715412776	75.05758214266095	103.76307242039302	51.81551640413993	0.0	95.27489931594073	15.566368054765487	10.916415280212336	0.0	0.0	0.0	0.0	0.5735071898082115	0.0	4.086673632333699	0.0	59.20746337417469	0.0	0.0	0.0	0.0	0.0	0.0	34.14282584650921	119.12144701228506	0.0	0.0	0.0
GSM4138110_HNSCC_1_PBMC_TCGGTAATCACTCTTA	36.359291706641535	139.61034388317927	73.42732175050513	9.098343195156593	61.34010618387065	0.0	46.50398619926011	73.69969643278156	11.249370660845036	0.0	17.816486467116682	12.934349196212025	0.0	0.0	0.0	0.0	2.045862925020421	0.0	10.681964181281622	0.0	0.0	0.0	0.0	0.0	0.0	0.0	0.0	0.09807136657701312	0.0
GSM4138110_HNSCC_1_PBMC_TCGTACCTCCGCAAGC	102.75240036511018	105.50516868032604	88.52969914405554	61.331217726417364	92.83482868925115	218.91818903891496	0.0	0.0	17.565009938132004	0.0	0.0	0.0	61.63303201504213	0.0	0.0	0.0	0.0	0.0	158.79446239992308	0.0	0.0	0.0	90.17227685838316	0.0	0.0	0.0	0.0	0.0	0.0
GSM4138110_HNSCC_1_PBMC_TCGTACCTCTGCCCTA	106.1197340132304	111.26630139686544	208.91162784066384	216.12213785762418	100.53113061043815	0.0	64.20409322748026	0.0	53.89587839403393	0.0	0.0	12.190492017087974	75.47090667182559	0.0	99.9794905174942	0.0	0.0	0.0	0.0	0.0	33.94124903406748	0.0	0.0	0.0	0.0	0.0	0.0	6.748185753346022	0.0
GSM4138110_HNSCC_1_PBMC_TCTATTGGTCTAAAGA	45.155303965864526	71.39043495534415	71.36764996080564	18.199093947250116	73.06698860553841	0.0	33.66150405367614	0.0	61.047131204988226	0.0	28.100578042373616	0.0	0.0	0.0	0.0	18.295954111408754	0.0	57.9623649963131	16.840907519082005	0.0	0.0	0.0	0.0	0.0	0.0	0.0	0.0	0.0	0.0
GSM4138110_HNSCC_1_PBMC_TCTATTGGTTGGTTTG	91.95133095211425	28.104777575565592	131.39557923192552	74.24403993012099	19.80730200636786	10.52371488092116	18.792009937995356	0.0	16.48321894072819	0.0	0.0	0.0	21.97223858324639	0.0	45.56573107061003	0.0	0.0	0.0	0.0	19.49660956913961	0.0	0.0	0.0	27.7475996109885	0.0	0.0	0.0	0.0	0.0
GSM4138110_HNSCC_1_PBMC_TCTATTGTCTGCAGTA	64.13808972740148	71.47932552532285	46.71667095622106	51.07424497760526	46.37861185323518	0.0	25.113609547012764	0.0	7.793805649656025	0.0	0.0	0.0	14.72386211945104	0.0	0.0	0.0	0.0	0.0	0.0	0.0	0.0	11.63798618557761	0.0	2.852862580172473	0.0	0.0	0.0	36.26905221988635	0.0
GSM4138110_HNSCC_1_PBMC_TCTGAGACAGATAATG	73.26726969549394	52.11800589292366	109.41971772761656	69.98659162696985	46.205303224739076	61.36272291015429	0.0	0.0	20.85995336545954	43.066403209558466	65.18155253581136	0.0	0.0	0.0	0.0	0.0	0.0	30.250269539483963	72.43919901308632	0.0	0.0	0.0	0.0	0.0	0.0	0.0	0.0	0.0	0.0
GSM4138110_HNSCC_1_PBMC_TCTGAGAGTAAGAGAG	75.95360828755874	71.11873689921602	100.92335544990792	37.627411958350436	47.97464409523386	0.0	42.51062358659807	38.53823338914875	5.996449709522031	0.0	40.66033206238183	30.786793385139244	0.0	0.0	0.0	0.0	0.0	0.0	0.0	0.0	0.0	0.0	0.0	4.638013127422712	0.0	0.0	0.0	0.0	0.0
GSM4138110_HNSCC_1_PBMC_TCTGAGATCCTTTCTC	59.701985521770695	63.638687811756405	47.341478875681396	68.07252851438233	54.1918891131043	40.46326367696008	0.0	0.0	0.0	40.195196593034716	0.0	31.106715108234493	40.80542584307452	0.0	0.0	0.0	16.499668194674967	40.23131777433946	0.0	0.0	0.0	0.0	0.0	0.0	0.0	0.0	0.0	0.0	0.0
GSM4138110_HNSCC_1_PBMC_TCTGGAATCTCAAACG	52.410182594975474	52.114381134520386	100.77033466770858	39.26918540254916	27.48087303064351	0.0	39.68105060569858	88.42716196679248	23.07171975598212	0.0	0.0	0.0	15.565160494222118	0.0	0.0	0.0	0.0	0.0	0.0	10.995472734624663	0.0	0.0	0.0	0.0	0.0	27.904982447705663	0.0	0.0	0.0
GSM4138110_HNSCC_1_PBMC_TCTTTCCAGTGGGCTA	43.944072924971096	80.65117706570427	92.69238957985674	102.90244841480305	40.192887485830944	28.408172261787563	6.869797701471303	72.69198505154276	0.4457282758995468	0.0	15.862610456850271	0.0	0.0	20.9809155858521	0.0	15.573080305972088	23.29786643968806	0.0	0.0	0.0	0.0	0.0	0.0	0.0	3.4750840595903667	0.0	0.0	0.0	0.0
GSM4138110_HNSCC_1_PBMC_TGAAAGACACTTCGAA	29.798400069271054	27.513847891290016	32.66099476226961	79.37870545367927	35.472102085853585	10.315482593309357	0.0	0.0	0.0	7.427198295832295	0.0	45.281814011957394	0.0	0.0	0.0	0.0	13.676766452556825	45.573640665274944	0.0	0.0	0.0	0.0	0.0	0.0	0.0	0.0	0.0	0.0	0.0
GSM4138110_HNSCC_1_PBMC_TGACAACGTTAAGGGC	64.29499855970352	61.54215214951036	73.54066947744371	119.8626942778535	122.33937653443068	25.560559560598072	54.650156410058386	0.0	0.0	69.6745800814709	0.0	34.78147195655557	51.655084998323346	0.0	0.0	0.0	40.05809171775914	0.0	0.0	0.0	0.0	0.0	0.0	0.0	0.0	0.0	0.0	0.0	0.0
GSM4138110_HNSCC_1_PBMC_TGACGGCAGCGCCTTG	54.226454822479134	102.70104013406146	102.44470127465253	57.131013048739035	41.392902990267764	14.337694131494803	0.0	0.0	39.83745972559366	32.071864232075285	0.0	12.220543328807384	15.878178828098841	0.0	27.311160446764013	0.0	0.0	67.5745397352713	0.0	0.0	4.1471326101035615	0.0	0.0	7.426564961030301	29.747503519284855	0.0	0.0	0.0	0.0
GSM4138110_HNSCC_1_PBMC_TGACGGCGTTACGACT	77.92024405643636	70.74236775722385	99.42857927383325	30.131604619960076	51.34860531624424	33.35076803263111	0.0	0.0	0.0	31.260820751925404	33.198357122109186	28.423571271172733	0.0	0.0	0.0	0.0	13.983413782544595	0.0	0.0	0.0	0.0	9.432681965184486	0.0	0.0	0.0	0.0	0.0	0.0	0.0
GSM4138110_HNSCC_1_PBMC_TGACGGCTCGGTTCGG	80.65186216101023	85.11989149258197	89.87279708766025	40.315353556145645	57.31519731337288	55.517575217200466	0.0	0.0	21.476186992089577	0.0	0.0	45.43309051710602	61.129359140678915	0.0	0.0	0.0	0.0	34.19785861116274	0.0	0.0	0.0	0.0	0.0	0.0	0.0	0.0	0.0	0.0	0.0
GSM4138110_HNSCC_1_PBMC_TGACTAGAGAACTGTA	23.926739050674314	74.18447122998776	20.668347906832008	26.111045998824647	15.065435723768681	25.823927210543822	0.0	0.0	8.193088382353034	0.0	0.0	0.0	0.0	35.47235662651152	0.0	0.0	0.0	60.040484016575306	0.0	0.0	0.0	0.0	0.0	0.0	0.0	0.0	0.0	0.0	0.0
GSM4138110_HNSCC_1_PBMC_TGAGCATGTATTCTCT	154.46921018200396	107.5191333061439	97.68392798054344	112.65106156964431	210.11077400258245	169.6056364997406	18.152722681704386	0.0	65.16480594779755	0.0	0.0	34.803067460851835	0.0	0.0	0.0	0.0	0.0	0.0	0.0	85.19480908454555	0.0	0.0	104.03049835057332	0.0	0.0	0.0	0.0	0.0	0.0
GSM4138110_HNSCC_1_PBMC_TGCACCTTCCAGGGCT	142.8129150858951	109.15606001722183	110.02514794146744	77.69002224610611	34.08257544688771	51.32811474378392	0.0	75.39459967568061	21.44719455826481	0.0	0.0	0.0	130.07422262565277	32.17680006052499	0.0	0.0	0.0	0.0	0.0	0.0	0.0	0.0	0.0	0.0	0.0	0.0	0.0	0.0	0.0
GSM4138110_HNSCC_1_PBMC_TGCCAAATCGCGGATC	98.0552188164116	41.90139256359439	55.909144768247884	62.29014948119636	49.81549397044713	27.46896611135321	0.0	0.0	49.34508710886263	0.0	0.0	0.0	67.9335830166277	9.41902566585313	0.0	0.0	2.964477280402927	0.0	0.0	0.0	0.0	66.33015219663677	0.0	0.0	0.0	0.0	0.0	0.0	0.0
GSM4138110_HNSCC_1_PBMC_TGCCAAATCTTCCTTC	24.44317383025953	82.16843516766544	69.4419063913898	49.842836655304914	53.92141452242579	34.51857809265893	0.7142060058967269	27.36069381368276	9.919332498621504	0.0	0.0	28.564233054343237	0.0	0.0	0.0	0.0	0.0	0.0	0.0	59.0945525432953	0.0	0.0	0.0	0.0	0.0	0.0	0.0	0.0	0.0
GSM4138110_HNSCC_1_PBMC_TGCCCATGTGGTCCGT	53.13590512503802	83.06320082572434	88.58747021934569	11.509643577750683	74.97023721663926	26.22419153554587	17.546799276161526	0.0	4.910651123608335	0.0	0.0	0.0	22.38872688148206	0.0	33.07979015474767	0.0	0.0	0.0	0.0	0.3841913485190786	0.0	0.0	0.0	0.0	0.0	0.0	37.9498432582746	0.0	0.0
GSM4138110_HNSCC_1_PBMC_TGCCCTACAAAGCAAT	67.35469419814943	78.1901335859727	87.77335648909899	75.53399169863346	49.558815063709005	24.90020928648885	21.035915071586114	0.0	27.790451815221132	0.0	0.0	7.56201934272115	0.0	0.0	62.02638661526347	26.258367667322666	0.0	0.0	31.173418838979387	0.0	0.0	0.0	0.0	0.0	0.0	0.0	15.257325498853788	0.0	0.0
GSM4138110_HNSCC_1_PBMC_TGCCCTAGTGTCGCTG	65.09419626145522	53.4477895157445	27.20796524938459	74.43068287520751	24.617604748441778	0.0	68.3297974982597	0.0	11.586107463180344	0.0	0.0	0.0	0.0	0.0	0.0	0.0	0.0	0.0	0.0	19.546702476815785	10.064634886892007	0.0	112.86781564243448	0.0	0.0	5.026346254954417	0.0	0.0	0.0
GSM4138110_HNSCC_1_PBMC_TGCGCAGAGGGCATGT	139.66270913126093	120.9111188986178	106.8833466575717	141.00916916923643	91.79194391797651	0.0	126.97680130655257	0.0	60.08502298511037	0.0	0.0	0.0	0.0	0.0	75.05658966184149	0.0	0.0	0.0	0.0	0.0	0.0	0.0	0.0	0.0	46.59741525672146	109.2311924108602	0.0	0.0	0.0
GSM4138110_HNSCC_1_PBMC_TGCTACCCACTACAGT	91.50336317223234	84.56724273121273	79.7503645101949	52.27068714301738	39.10285934124496	86.66346610211217	0.0	52.93940995547099	49.01923853978368	0.0	0.0	48.70285817963511	0.0	0.0	0.0	46.077283168478466	0.0	0.0	0.0	0.0	0.0	0.0	0.0	0.0	0.0	0.0	0.0	0.0	0.0
GSM4138110_HNSCC_1_PBMC_TGCTACCCATTACGAC	72.85229652969566	45.95721901783607	37.185153192860376	11.69388451513456	36.43065754021151	38.17298075227178	15.248650996494025	17.677599942643756	0.0	0.0	0.0	0.0	0.0	0.0	0.0	0.0	20.070733116562938	0.0	26.771295346427138	27.39819371338791	0.0	0.0	21.320200123508382	0.0	0.0	0.0	0.0	0.0	0.0
GSM4138110_HNSCC_1_PBMC_TGCTACCTCAACCAAC	54.8649163878344	30.74413889524019	38.13299143108031	44.02962828396476	44.6548239640281	109.81344766329978	0.0	0.0	0.0	20.82016219458954	19.05725366300534	0.0	0.0	48.577785382720144	0.0	0.0	14.39208272972872	0.0	0.0	0.0	0.0	0.0	0.0	0.0	0.0	0.0	0.0	0.0	0.0
GSM4138110_HNSCC_1_PBMC_TGGACGCGTCATACTG	115.62295444363582	53.54775042437356	62.10987455208389	52.52408533831604	54.99624012654484	39.67909219909259	44.9233137056869	29.015721853802763	15.665420411018845	36.142071867952666	47.37735438165247	0.0	0.0	0.0	0.0	0.0	0.0	0.0	0.0	0.0	0.0	0.0	0.0	0.0	0.0	0.0	65.27201921359422	0.0	0.0
GSM4138110_HNSCC_1_PBMC_TGGCCAGTCCTTAATC	117.19842897815566	46.92190755356446	64.39199734075633	54.200607554021786	80.36675453274445	53.18345687221939	0.0	0.0	103.29438614290241	0.0	98.51245573542312	0.0	0.0	17.10215579826302	0.0	0.0	0.0	0.0	0.0	0.0	0.0	0.0	29.162797290016588	0.0	0.0	0.0	0.0	0.0	0.0
GSM4138110_HNSCC_1_PBMC_TGGCTGGCAGTCGATT	125.09858239306371	75.91925082062497	142.44269479486405	119.65157281366594	94.22059078705837	0.0	159.5899247422418	0.0	40.2797202301428	0.0	56.61001481975753	31.389948916731342	0.0	0.0	59.944731541212384	40.536555964421034	0.0	0.0	0.0	0.0	0.0	0.0	0.0	0.0	0.0	0.0	0.0	0.0	0.0
GSM4138110_HNSCC_1_PBMC_TGGGAAGCAATGGAGC	77.68912711665433	33.468038352032984	46.19314771516064	36.28763559127397	30.049345821494306	11.45892568652994	0.0	0.0	11.848183425827745	0.0	0.0	0.0	32.46318501462204	0.0	2.315287148285257	0.0	0.0	0.0	0.0	0.0	0.0	0.0	31.17862279720565	24.543914815283507	0.0	0.0	0.0	0.0	0.0
GSM4138110_HNSCC_1_PBMC_TGGGCGTAGGGAGTAA	65.23572279189885	77.50743855337942	67.43162176594433	20.48065095179245	24.31837420934429	78.54900094548154	0.0	11.616173825549094	25.203087946691088	0.0	30.657143136995273	12.975654955465195	0.0	0.0	0.0	0.0	0.0	0.0	0.0	0.0	0.0	0.0	26.616475547955858	0.0	0.0	0.0	0.0	0.0	0.0
GSM4138110_HNSCC_1_PBMC_TGGGCGTGTTCGCGAC	100.38652925525228	56.65392216300284	55.27170075133218	48.312721694034074	49.89811580728704	0.0	62.0880701350393	0.0	0.0	14.190923756589857	26.219155278742157	11.59948951594688	0.0	0.0	0.0	0.0	17.40984748332835	0.0	0.0	0.0	0.0	0.0	0.0	0.0	0.0	0.0	0.0	0.0	0.0
GSM4138110_HNSCC_1_PBMC_TGGGCGTTCAACTCTT	0.0	21.481330138350806	62.96259680302416	31.277216859273548	23.797567655147528	22.347268635539216	0.0	0.0	17.481513887528738	80.97979324894365	2.0097259236168727	87.2390403574959	0.0	0.0	0.0	12.677275053354515	0.0	0.0	0.0	0.0	0.0	0.0	0.0	0.0	0.5034705206522557	0.0	0.0	0.0	0.0
GSM4138110_HNSCC_1_PBMC_TGGTTAGGTAGAAAGG	61.836395475563904	67.08139082336344	6.821267538172453	25.02509877105191	38.92780703886295	32.82284335827658	0.0	0.0	9.01765922020931	31.932439712458674	55.54469099445578	28.41620087013277	0.0	0.0	0.0	0.0	0.0	0.0	0.0	0.0	0.0	0.0	0.0	0.0	0.0	0.0	0.0	0.0	0.0
GSM4138110_HNSCC_1_PBMC_TGGTTAGTCGTCCGTT	115.31504917477919	117.13799277261882	100.28833478597075	75.67767880520208	62.73225031944305	0.0	74.90331363882275	0.0	46.15976404792793	17.33844060640866	0.0	0.0	36.49129962084451	0.0	32.698690526177494	0.0	0.0	0.0	0.0	0.0	0.0	0.0	0.0	24.753806135703034	0.0	0.0	0.0	0.0	0.0
GSM4138110_HNSCC_1_PBMC_TTAACTCGTGTTCTTT	30.18329532692003	41.638908759360206	76.55434595256017	32.22454325586492	15.562325675235282	15.796697936063785	0.0	0.0	20.5766130371569	0.0	19.903895600271593	0.0	0.0	59.10163097515001	0.0	0.0	0.0	0.0	0.0	0.0	0.0	86.56222682215574	0.0	0.0	0.0	0.0	0.0	0.0	0.0
GSM4138110_HNSCC_1_PBMC_TTAACTCGTTAGTGGG	153.47654757948447	109.0137159965049	58.43517093864288	63.30160659432587	35.150954915692544	0.0	60.42809993847167	0.0	17.866993716010043	45.06487804955937	0.0	34.483635804376945	39.91700469267118	0.0	0.0	0.0	0.0	36.809182695468486	0.0	0.0	35.109305823854925	0.0	0.0	0.0	0.0	0.0	0.0	0.0	0.0
GSM4138110_HNSCC_1_PBMC_TTAGGCATCATGTCCC	45.891557475025614	65.20997138682414	48.776309001684815	46.51472032934887	45.72016098345198	26.742085490849806	0.0	0.0	28.188667165617222	0.0	0.0	3.4646810516769873	0.0	17.5917664440143	0.0	25.14034525448148	0.0	33.304098049938496	0.0	3.385481529856637	0.0	0.0	0.0	0.0	0.0	0.0	0.0	0.0	0.0
GSM4138110_HNSCC_1_PBMC_TTCTACAGTTGTGGAG	17.029134674737485	16.83521274868701	20.73421716737828	31.112181036373936	7.958156747195605	0.0	20.92182213036525	0.0	0.0	28.31203037299314	113.64647040078368	0.0	0.0	0.0	0.0	26.094962726471156	11.241730938229306	0.0	0.0	0.0	0.0	0.0	0.0	33.31623615784807	0.0	0.0	0.0	0.0	0.0
GSM4138110_HNSCC_1_PBMC_TTCTCAATCCTCTAGC	84.33196346257496	43.02880723867218	80.52730798241204	81.32744492731277	51.814257495459884	0.0	52.33811535095228	0.0	22.081564119260975	0.0	0.0	0.0	0.0	0.0	90.39390497683554	38.62077473878377	0.0	0.0	0.0	0.0	0.0	0.0	0.0	39.61941133389091	0.0	0.0	0.0	0.47108301660761576	0.0
GSM4138110_HNSCC_1_PBMC_TTCTCCTTCCCGACTT	46.13845988552705	32.69638478274287	19.610381735944895	58.157233618469704	21.647631090986067	69.84990797127824	0.0	0.0	30.105436300436416	4.69545782583639	0.0	0.0	39.44455091472523	0.0	0.0	0.0	3.570306073943811	0.0	0.0	0.0	0.0	10.027208279292323	0.0	0.0	0.0	0.0	16.647612340427806	10.57185066822238	0.0
GSM4138110_HNSCC_1_PBMC_TTGACTTCATGGAATA	64.55665581863828	87.83359513079512	37.018664949178735	54.95599525502254	44.521435179939175	35.26078515397249	0.0	0.0	0.0	13.39713163297252	54.183045776299736	0.0	0.0	0.0	39.203036355689825	0.0	10.639606708385019	0.0	34.00139474382021	0.0	0.0	0.0	0.0	0.0	0.0	0.0	0.0	8.711602064733855	0.0
GSM4138110_HNSCC_1_PBMC_TTGACTTTCAGGTAAA	84.83453060769129	89.13765732727508	34.360266651542744	54.427306962788215	35.98622739131378	70.1790483048675	0.0	0.0	0.0	0.0	0.0	0.0	23.52324214620036	0.0	0.0	0.0	11.789117718901295	0.0	25.511519620681707	7.9447780020929875	0.0	46.64681358870791	0.0	0.0	0.0	0.0	17.03851701986808	0.0	0.0
GSM4138110_HNSCC_1_PBMC_TTGTAGGCAGCGTTCG	38.71200591698123	39.76872638243813	9.36744849139184	76.58404902808466	20.480180025581756	9.937478583425975	3.7004000124907717	15.50181328214609	9.041198114468298	0.0	0.0	0.0	21.513855719841775	0.0	0.0	0.0	0.0	0.0	0.0	0.0	0.9655451002784882	0.0	0.0	0.0	0.0	51.98203780034683	0.0	0.0	0.0
GSM4138110_HNSCC_1_PBMC_TTTACTGGTTCTGGTA	21.406967369035613	40.70396767031988	98.0786620507335	56.06299805111927	74.96223196384685	31.71535482154366	0.0	0.0	0.0	0.0	0.0	0.0	3.7098593406924776	16.97221584678834	4.456306966811626	0.0	0.44256432839829624	0.0	0.0	21.60970026132187	0.0	0.0	0.0	0.0	0.0	0.0	0.0	0.0	0.0
GSM4138110_HNSCC_1_PBMC_TTTATGCGTTTGTGTG	32.80512138881736	58.02791823843061	56.16283446509519	49.2414822982573	39.392809392675474	6.328023887955452	23.275473764080342	0.0	12.685537274913372	35.558161323694996	0.0	0.0	4.86571874801083	10.586067093423283	7.99172679480895	0.0	0.0	0.0	0.0	22.246881310229092	0.0	0.0	0.0	0.0	0.0	0.0	0.0	0.0	0.0
GSM4138110_HNSCC_1_PBMC_TTTCCTCCAGATCCAT	78.11322924499935	96.47004375862005	64.78622126323042	43.20730333813346	137.0909985742678	30.961967819421798	0.0	0.0	7.965007776862058	5.523588717003243	21.808090027245935	0.0	0.0	0.0	0.0	0.0	0.0	0.0	39.92633299596088	0.0	0.0	19.053254286223858	0.0	0.0	0.0	0.0	0.0	0.0	0.0
GSM4138110_HNSCC_1_PBMC_TTTCCTCGTTCGCGAC	95.0705972834116	55.08143855861392	70.62034993734137	99.83361355774525	43.709998234343175	42.379538197967676	2.0624268738296827	0.0	0.0	100.87530821672783	0.0	10.871181102643257	87.24978120614716	14.40403906419727	0.0	0.0	16.756197513498197	0.0	6.989413147665384	0.0	0.0	0.0	0.0	0.0	0.0	0.0	0.0	0.0	0.0
GSM4138110_HNSCC_1_PBMC_TTTGCGCCACGAAATA	57.63717116933275	130.62614404767595	67.083307875315	14.17610830380966	61.57425596558144	41.57545870706532	0.0	1.419124223011826	20.324242058723534	0.0	21.550260436108093	29.392140312964283	0.0	0.0	0.0	0.0	0.0	35.010872167726475	0.0	0.0	0.0	0.0	0.0	38.04356226064065	0.0	0.0	0.0	0.0	0.0
GSM4138110_HNSCC_1_PBMC_TTTGCGCGTTTCCACC	9.719399975904922	40.50257134229927	16.472872633201764	40.89525629912263	88.99528610084568	0.0	62.043286855665556	0.0	0.0	0.0	0.0	20.170138820358574	0.0	0.0	0.0	0.0	16.651248406390785	0.0	0.0	0.0	0.0	67.46044489313712	0.0	17.652230899834397	43.66309028331445	0.0	0.0	0.0	0.0
GSM4138110_HNSCC_1_PBMC_TTTGGTTAGAATTGTG	55.256807633437624	52.28500626613781	79.28953883920875	48.660874303303174	59.29058233209442	5.185054122007437	43.5378816918565	49.64828415201249	67.7833826880694	2.4712782479120348	0.0	13.47186241879959	0.0	0.0	0.0	0.0	0.0	0.0	0.0	41.97994519175882	0.0	0.0	0.0	0.0	0.0	0.0	0.0	0.0	0.0
GSM4138110_HNSCC_1_PBMC_TTTGGTTAGAGCAATT	42.11776925277219	110.41640302023063	87.25807880970753	65.77500453946867	99.30785170793322	69.46444698093414	0.0	0.0	13.579688067427965	0.0	0.0	0.0	0.0	45.436223054906776	89.84153338940874	14.757858845119264	0.0	0.0	0.0	0.0	0.0	0.0	0.0	0.0	3.7916027045207934	0.0	0.0	0.0	0.0
GSM4138110_HNSCC_1_PBMC_TTTGGTTGTCCGTGAC	72.2793699748586	49.04054271066484	130.70523203755891	64.43965055324561	24.475441860627804	0.0	57.67226444409338	17.098036876070545	30.10049982057132	0.0	0.0	0.0	37.49875781449177	0.0	0.0	0.0	0.0	0.0	0.0	0.0	0.0	0.0	0.0	0.0	0.0	53.04865633177194	0.0	0.0	0.0
GSM4138110_HNSCC_1_PBMC_TTTGTCAAGTACGATA	96.2296807339393	82.13494584722763	58.749651851539014	121.4157393296635	28.653294407051373	70.54634846982157	0.0	0.0	50.422822077803175	17.58388924125681	32.0043446636855	43.22327898635452	0.0	0.0	32.196945208880784	0.0	0.0	0.0	0.0	0.0	21.927490883753983	0.0	0.0	0.0	0.0	0.0	0.0	0.0	0.0
GSM4138110_HNSCC_1_PBMC_TTTGTCATCAGGCAAG	32.19239855513938	35.96906417328709	105.9615002460211	80.7564161420214	39.32258420376767	66.1534665198116	0.0	81.22736617302074	15.638875189409019	1.5271806973729696	0.0	37.67191456526817	0.0	0.0	0.0	0.0	0.9816556563512677	0.0	4.435823080598847	23.772622599392392	0.0	3.145829046741315	0.0	0.0	0.0	0.0	0.0	0.0	0.0
GSM4138110_HNSCC_1_PBMC_TTTGTCATCGCGTAGC	54.70330617114551	47.90998850036942	36.893399194586216	31.31258049914592	48.21817607175716	85.40715346483047	5.895927378852698	0.0	0.0	21.221227169063926	0.0	28.24938512282742	0.0	0.0	0.0	0.0	9.000856997876882	0.0	0.0	0.0	31.77465561346476	12.279650638021419	0.0	0.0	0.0	0.0	0.0	0.0	0.0
GSM4138110_HNSCC_1_PBMC_ACGGAGAAGCAGGCTA	84.23224677516276	23.181497647165674	70.33267902115674	64.05706284866885	53.47344941318011	0.0	82.35822176575257	26.38171087378347	0.0	0.0	0.0	0.0	15.966605065400291	61.398434745005844	0.0	0.0	32.97764597345089	0.0	0.0	0.0	0.0	0.0	0.0	0.0	0.0	0.0	0.0	0.0	0.0
GSM4138110_HNSCC_1_PBMC_ACTATCTGTCGAGTTT	113.56675954698912	44.26477670038895	134.69535481233933	123.59226453824152	19.489948524931993	0.0	97.16466259360784	65.6065133449036	32.58469872407926	0.0	0.0	0.0	0.0	67.3171624454002	0.0	54.34724493801818	0.0	0.0	0.0	0.0	0.0	0.0	0.0	0.0	6.877285608940479	0.0	0.0	0.0	0.0
GSM4138110_HNSCC_1_PBMC_CAGTCCTGTAGAAGGA	84.6116102166903	56.292887646173384	39.785112031052655	43.184170572921964	82.13756699733614	0.0	45.97750920692635	0.0	28.618210426177505	0.0	0.0	0.0	42.105025641690034	0.03252364679475498	0.0	0.0	0.0	0.0	0.0	0.0	0.0	0.0	59.8899722990822	41.744515797721384	0.0	0.0	0.0	0.0	0.0
GSM4138110_HNSCC_1_PBMC_CGATGTATCGGTCTAA	63.2084054600324	56.31400420508905	102.6512059196276	37.60713888113496	38.60825816081376	68.6545885487717	0.0	0.0	15.605746359424343	22.620469548310407	0.0	17.98381562415518	27.44460914539368	0.0	0.0	0.0	0.8951354795138623	0.0	0.0	0.0	25.383337585842582	0.0	0.0	0.0	0.0	0.0	0.0	0.0	0.0
GSM4138110_HNSCC_1_PBMC_GACCTGGTCGCCAAAT	80.9390384423452	109.39849657925245	51.20789866171082	52.61138045271971	38.30482278533982	48.89431947911867	12.283192658710824	0.0	21.809329087538362	0.0	13.368542847981034	0.0	0.0	32.940072416450654	64.56698318762594	39.47869143195784	0.0	0.0	0.0	0.0	0.0	0.0	0.0	0.0	0.0	0.0	0.0	0.0	0.0
GSM4138110_HNSCC_1_PBMC_TACGGTACATGGTCAT	125.06789036426775	73.59526353247098	145.07168698443317	114.14117284057521	78.80932883086174	49.888299509580044	52.684125548299846	84.4357333580647	0.0	0.0	71.83932026272544	0.0	0.0	87.37176711421473	0.0	0.0	18.398651199722565	0.0	0.0	0.0	0.0	0.0	0.0	0.0	0.0	0.0	0.0	0.0	0.0
GSM4138110_HNSCC_1_PBMC_TTAGTTCTCGCGGATC	48.37628727276254	104.65540387034521	45.41109472268099	43.34393889860899	25.21820780141003	43.58793795592426	0.0	21.000552450486982	28.327199760488522	0.0	35.11887008507357	0.0	0.0	35.64017018796361	0.0	0.0	0.0	0.0	0.0	0.0	0.0	0.0	0.0	0.0	0.0	0.0	0.0	0.0	0.0
GSM4138110_HNSCC_1_PBMC_AAAGCAACACGCGAAA	116.87224464421041	112.16030986795616	134.67644928357916	76.7896582993179	81.0135862444518	0.0	100.3825376957684	123.55256049383019	28.599671487309326	0.0	0.0	0.0	0.0	0.0	0.0	0.0	0.0	0.0	0.0	83.01597103251233	0.0	0.0	0.0	0.0	0.0	0.0	0.0	0.0	0.0
GSM4138110_HNSCC_1_PBMC_AACTTTCGTGTATGGG	69.7436462863792	48.32933474591231	50.158181510585806	19.325678359340564	38.89362637256003	0.0	50.77709638213162	12.006260088125059	7.005786655121179	0.0	0.0	0.0	63.231994496017904	0.0	0.0	0.0	0.0	0.0	0.0	0.0	0.0	0.0	0.0	0.0	0.0	0.0	0.0	0.0	0.0
GSM4138110_HNSCC_1_PBMC_AAGGAGCAGGGAAACA	121.04489403581721	82.84436385324054	68.00765230446657	58.87927208889034	60.565494812324495	0.0	50.593571477736894	0.0	19.867307036983643	0.0	47.38664858526761	26.680501239441337	0.0	5.972853990947108	0.0	0.0	0.0	0.0	0.0	0.0	0.0	0.0	24.069134258591628	0.0	0.0	0.0	0.0	0.0	0.0
GSM4138110_HNSCC_1_PBMC_AATCGGTGTAATCACC	109.7405909455605	97.58948893527547	64.73219581847292	83.20697968253475	46.75347984131972	67.35316754762162	0.0	92.54380234792905	11.767602237975602	0.0	0.0	11.289926502968106	37.764354617982725	0.0	0.0	0.0	0.0	0.0	0.0	18.32276373980553	0.0	0.0	0.0	0.0	0.0	0.0	0.0	0.0	0.0
GSM4138110_HNSCC_1_PBMC_ATAACGCTCACAACGT	294.73619030661257	320.3717980032527	155.72260297419996	166.17190608942536	106.66732349797306	115.84704609981071	0.0	0.0	46.9530267624142	111.66952083551267	0.0	0.0	63.84930610043494	0.0	0.0	0.0	0.0	0.0	0.0	9.046637085667243	0.0	0.0	0.0	47.867693682094995	0.0	0.0	0.0	0.0	0.0
GSM4138110_HNSCC_1_PBMC_ATCATCTTCTGGCGAC	232.1580541023605	116.14736496503225	122.30039120627757	98.57324292430192	70.97032885313536	150.84281963068574	40.87185149070594	83.54311268957186	9.217955840837657	0.0	0.0	0.0	0.0	0.0	0.0	0.0	0.0	0.0	0.0	0.0	0.0	0.0	0.0	67.16071168607395	100.70300670621174	0.0	0.0	0.0	0.0
GSM4138110_HNSCC_1_PBMC_ATCCGAATCGTTTATC	132.22349178935556	117.22921047762706	82.3554716749481	90.13023899440176	44.840230093913824	128.86713258994615	0.0	0.0	58.26093872854986	0.0	0.0	0.0	0.0	10.995728599304302	38.69191453704968	0.0	0.0	0.0	0.0	0.0	59.704579902116365	0.0	0.0	0.0	0.0	0.0	0.0	0.0	0.0
GSM4138110_HNSCC_1_PBMC_ATGCGATTCGTGGGAA	141.71097902266868	147.45876705775606	87.29409937832608	93.18226299350871	94.91187019044351	99.92827806394331	0.0	44.3852097689118	29.43078769365773	0.0	0.0	0.0	36.862983559172356	0.0	0.0	0.0	0.0	0.0	78.1896440862417	0.0	0.0	0.0	0.0	0.0	0.0	0.0	0.0	0.0	0.0
GSM4138110_HNSCC_1_PBMC_CAAGAAATCAGGCAAG	68.44480105647956	42.30524405482929	40.3166019422456	59.03809603367928	49.817169327516815	61.54685206340715	0.0	55.950481151854305	5.0171206699824396	0.0	0.0	0.0	33.71749848507357	25.252923824882824	0.0	0.0	0.0	0.0	0.0	9.75833919795565	0.0	0.0	0.0	0.0	0.0	0.0	0.0	0.0	0.0
GSM4138110_HNSCC_1_PBMC_CACAGGCCACACCGAC	172.3745339331519	136.70223518663065	114.38247284692066	103.75860298158197	146.16141371732544	0.0	219.84585550656718	0.0	23.28658786798862	0.0	0.0	47.88122482372448	4.161678853829913	0.0	122.53121184242866	48.41239815856719	0.0	0.0	0.0	0.0	0.0	0.0	0.0	0.0	35.730481344352874	0.0	0.0	0.0	0.0
GSM4138110_HNSCC_1_PBMC_CACTCCATCTGTACGA	38.77171788258281	71.86002314954244	33.984798476335726	13.12945691940761	48.430455228049915	61.07914995549446	0.0	21.90273791679851	28.950971596963516	0.0	21.99840068302169	0.0	15.84068259602947	0.0	0.0	33.51204311436742	0.0	0.0	0.0	0.0	0.0	0.0	12.10820657844081	0.0	0.0	0.0	0.0	0.0	0.0
GSM4138110_HNSCC_1_PBMC_CCTTCCCTCGCCTGTT	45.290217621174186	57.63885076907563	90.19176403012796	22.215228598014185	42.44382071774483	27.67910619762351	0.0	0.0	8.522492381716306	0.0	18.702732619387586	14.105087169132773	0.0	0.0	23.124325467493104	0.0	0.0	0.0	36.801044077754874	0.0	0.0	0.0	0.0	0.0	0.0	0.0	0.0	0.0	0.0
GSM4138110_HNSCC_1_PBMC_CGATTGAAGACTAAGT	139.55523081116752	129.48635315883297	102.46085882239197	55.598237366910986	122.49362559702782	79.77327670440991	3.5320789940428416	29.481373311273398	12.522184814228304	0.0	0.0	6.1794594331044035	0.0	30.321418846749683	0.0	0.0	0.0	0.0	0.0	51.208685808375336	0.0	0.0	0.0	0.0	0.0	0.0	0.0	0.0	0.0
GSM4138110_HNSCC_1_PBMC_CGGACGTTCTGAGTGT	47.14973235090259	39.82696574253702	12.317548986507408	61.653868187933426	70.83638090565945	10.425051710712172	6.627022921193699	0.8849956188475953	0.0	0.0	13.092328149682205	16.182824375238322	0.0	0.0	79.65477029969628	0.0	8.004806204080738	0.0	0.0	0.0	13.186781397684214	0.0	0.0	0.0	0.0	0.0	0.0	0.0	0.0
GSM4138110_HNSCC_1_PBMC_CGGGTCATCCCAACGG	64.46596852259637	52.453949432165956	47.756350491061454	17.000380598512628	53.98214421448448	48.53451913701715	0.0	0.0	0.0	37.731839314787614	10.522137029971223	0.0	0.0	0.0	0.0	0.0	9.226733505338819	0.0	0.0	24.829208569298103	0.0	0.0	0.0	0.0	0.0	0.0	0.0	0.0	0.0
GSM4138110_HNSCC_1_PBMC_CTCGAGGCATAGACTC	115.03511445771564	164.22692511445442	225.49731945368973	69.99423256316042	153.64019125289684	0.0	109.4609310244162	0.0	44.53083002666174	0.0	0.0	4.694306751317964	105.06697052187467	0.0	63.48867653306145	0.0	0.0	0.0	0.0	0.0	43.17265689087883	0.0	0.0	0.0	0.0	0.0	0.0	0.0	0.0
GSM4138110_HNSCC_1_PBMC_CTCGTCACAATAAGCA	148.47810305204948	96.76267467137774	132.81336937167544	94.06313330875385	76.28380152839077	37.21519549244399	60.132045792584755	22.28359149753704	21.32465512469613	0.0	52.131936669332276	53.150275146849644	0.0	0.0	29.038375909514762	0.0	0.0	0.0	0.0	44.72543316593471	0.0	0.0	0.0	0.0	0.0	0.0	0.0	0.0	0.0
GSM4138110_HNSCC_1_PBMC_CTGATCCTCTTTAGGG	151.02061184235154	62.769485737500624	112.98620993513038	79.4553159950027	52.26253816836176	66.65243343467698	1.2880797012423024	55.505019860576425	0.0	0.0	27.739042887568786	0.0	0.0	15.562220137244172	10.926445788477585	33.15649414098016	46.324189133228295	0.0	0.0	1.2576923943192533	0.0	0.0	0.0	0.0	0.0	0.0	0.0	0.0	0.0
GSM4138110_HNSCC_1_PBMC_CTGTGCTTCTAACGGT	99.7379542590944	72.5284572256195	50.42859101289845	80.35743601743638	119.2488807331959	80.64720189697498	0.0	58.03651675649064	36.4052101419745	0.0	0.0	0.0	0.0	0.0	0.0	29.962257263815808	0.0	0.0	63.378763357221786	0.0	0.0	0.0	0.0	0.0	0.0	0.0	0.0	0.0	0.0
GSM4138110_HNSCC_1_PBMC_CTGTGCTTCTATCGCC	118.3365811026832	93.28201921904918	12.43145728399477	62.39233063785717	51.317567180826856	75.15628315001275	0.0	87.47967366088955	0.8243726601638374	0.0	24.293554874529686	18.952391758351805	0.0	0.0	0.0	0.0	15.769043204122077	0.0	0.0	0.0	61.016703260839755	0.0	0.0	0.0	15.538539145756049	0.0	0.0	0.0	0.0
GSM4138110_HNSCC_1_PBMC_GACTAACGTCGACTGC	150.98484249963062	88.73782580474467	16.22842459244357	110.02564542188995	69.48463210274652	101.22287516609583	0.0	37.92494096236143	10.951862065093318	0.0	0.0	22.07622372172674	0.0	0.0	0.0	0.0	0.0	0.0	0.0	37.945914872083925	0.33652732950342495	0.0	0.0	0.0	0.0	0.0	0.0	0.0	0.0
GSM4138110_HNSCC_1_PBMC_GAGGTGATCGTCCGTT	99.17804259931425	64.8364794705883	84.1480628464713	111.93082910247946	98.75086881481418	169.2384476115944	0.0	0.0	27.072529893532614	0.0	0.0	0.0	0.0	14.791372848035154	68.6784167020947	96.42455513185058	0.0	0.0	0.0	0.0	0.0	0.0	0.0	0.0	0.0	0.0	0.0	0.0	0.0
GSM4138110_HNSCC_1_PBMC_GATCAGTAGTGTACTC	84.86740350295692	108.30178342670918	62.16110055973357	105.62857077568482	159.55969610637558	53.760909023780904	0.0	68.64876361718228	23.59246309761195	0.0	0.0	0.0	0.0	0.0	0.0	0.0	0.0	0.0	0.0	14.218581459861673	56.46979359888098	0.0	0.0	0.0	0.0	0.0	0.0	17.08842700513553	0.0
GSM4138110_HNSCC_1_PBMC_GCTCTGTAGTATCTCG	0.0	0.0	0.0	0.0	0.0	0.0	0.0	0.0	0.0	0.0	131.7495967692298	0.0	2982.803259356649	0.0	0.0	158.7876337492358	0.0	0.0	0.0	0.0	5.886045719500185	0.0	0.0	0.0	119.47012440596751	0.0	0.0	0.0	0.0
GSM4138110_HNSCC_1_PBMC_GGAACTTTCCGATATG	114.92968852505611	30.99092032355225	83.77882975815336	90.22987206763136	57.74499537964939	82.40614382559069	0.0	0.0	10.421162484603718	0.0	0.0	11.12290564784446	0.0	0.0	0.0	0.0	0.0	67.56089495105206	0.0	0.0	36.12092392933756	0.0	0.0	0.0	0.0	0.0	0.0	0.0	0.0
GSM4138110_HNSCC_1_PBMC_GGACAGAAGCCATCGC	137.05333101185707	76.45294035183873	119.03728590362624	66.26456828096008	113.63653004679317	0.0	66.05972751589789	0.0	0.0	45.85704701695581	0.0	48.68833131539392	45.92539057601216	0.0	0.0	0.0	32.19717762463655	0.0	0.0	0.0	0.0	29.67870115912001	0.0	0.0	0.0	0.0	0.0	0.0	0.0
GSM4138110_HNSCC_1_PBMC_GGATGTTGTGCAGTAG	135.4523338296478	58.105107783682	47.72330233574423	124.62042669698198	45.51249239035324	0.0	80.29716133569099	0.0	0.0	0.0	60.537447790894696	8.458472572972196	0.0	19.696235078255093	41.71701433462441	0.0	13.637568469380794	0.0	0.0	0.0	0.0	0.0	0.0	0.0	0.0	0.0	0.0	0.0	0.0
GSM4138110_HNSCC_1_PBMC_GTAACTGCAGCTGTTA	79.07244323075702	142.81427233012403	94.31017269540504	96.07973866721741	64.31535417257095	0.0	69.74885472015575	0.0	37.161016533137605	0.0	0.0	15.67823860462523	0.0	0.0	49.40526526989049	0.0	0.0	0.0	0.0	28.000892432544283	0.0	0.0	0.0	0.0	0.0	0.0	0.0	0.0	0.0
GSM4138110_HNSCC_1_PBMC_GTATTCTAGTAATCCC	213.86839804172212	172.0097622637914	73.98159743003335	83.49510553171535	116.17403688153314	0.0	123.48384041588564	0.0	18.0088514405786	32.13152056375159	0.0	59.96512056299999	0.0	12.167085290267321	44.33076279418056	28.54703561020938	0.0	0.0	0.0	0.0	0.0	0.0	0.0	0.0	57.541285526184346	0.0	0.0	0.0	0.0
GSM4138110_HNSCC_1_PBMC_GTGCAGCAGTCAAGCG	0.0	0.0	0.0	0.0	0.0	2998.5112343271926	0.0	0.0	0.0	0.0	0.0	0.0	0.0	0.0	0.0	0.0	0.0	0.0	0.0	0.0	0.0	0.0	0.0	0.0	0.0	0.0	0.0	0.0	0.0
GSM4138110_HNSCC_1_PBMC_GTGCATACACAGGCCT	83.33696226865725	122.27751996569717	39.22548632760176	94.10008638437321	100.42449021131382	110.43321184920151	0.0	73.0721382638825	10.264057495534749	2.9759203817090767	87.59318153562945	0.0	0.0	5.432226139969548	0.0	0.0	0.0	0.0	0.0	0.0	0.0	0.0	7.284507199347962	0.0	0.0	0.0	0.0	14.387269168439143	0.0
GSM4138110_HNSCC_1_PBMC_TACTCGCGTTTAGCTG	83.00805958732552	77.93110165007043	81.922395254929	88.6972504754234	69.04116404381298	0.0	52.403345088233294	0.0	11.211782223461018	105.00801545198941	0.0	0.0	0.0	0.0	0.0882620875218935	0.0	0.0	0.0	0.0	0.0	53.796708946890135	0.0	0.0	0.0	0.0	0.0	0.0	19.09199622766554	0.0
GSM4138110_HNSCC_1_PBMC_TACTTACGTTATGCGT	77.29068947020998	85.87952464540392	17.638026913297008	19.425591374415006	127.77946546821688	21.755528776596446	83.1983487148946	0.0	0.0	58.53430512903859	0.0	13.409846730296573	38.53784887609781	9.896212048684989	0.0	0.0	35.4967649589493	0.0	0.0	0.0	0.0	0.0	26.24326888359395	0.0	0.0	0.0	0.0	0.0	0.0
GSM4138110_HNSCC_1_PBMC_TAGCCGGGTTCAACCA	110.46848228036775	65.1125340751908	30.930579947686425	62.20784178269567	100.89502231445749	65.53753905265866	29.402288365426173	0.0	16.0806906187511	0.0	0.0	0.0	0.0	33.61439078737967	32.029090425476646	42.198579386198	0.0	0.0	0.0	0.0	0.0	0.0	0.0	0.0	2.442636542611409	0.0	0.0	0.0	0.0
GSM4138110_HNSCC_1_PBMC_TCAGCAATCCCAAGAT	234.97244823315359	100.50519913232131	59.65180069724514	130.3257437654716	129.05101087508007	85.63339247476003	8.235873913759743	85.76986557498809	11.771023293093442	26.58685331933549	65.90696750286101	0.0	0.0	26.39703231628562	2.252737644822061	0.0	0.0	0.0	0.0	0.0	0.0	0.0	0.0	0.0	0.0	0.0	0.0	0.0	0.0
GSM4138110_HNSCC_1_PBMC_TGACGGCGTTGAGTTC	0.0	0.0	0.0	0.0	2931.5128932517955	0.0	0.0	0.0	0.0	0.0	0.0	0.0	0.0	0.0	0.0	0.0	0.0	0.0	0.0	0.0	0.0	0.0	0.0	0.0	0.0	0.0	0.0	0.0	0.0
GSM4138110_HNSCC_1_PBMC_TTGCGTCGTACTTCTT	135.4165251084276	146.67947221904475	148.90334904844724	60.89480381448626	71.7753621507756	0.0	59.4983520793592	20.736348016920903	33.51445834501301	0.0	0.0	0.0	0.0	81.34002760422854	12.865315622998496	0.0	0.0	0.0	0.0	88.97702857434705	0.0	0.0	0.0	0.0	0.0	0.0	0.0	0.0	0.0
GSM4138110_HNSCC_1_PBMC_TTTGTCAGTTAAGATG	80.16787334913562	14.672146357619303	70.88388306249612	68.69504043965212	51.645558480036314	39.87143289519355	8.219626550811311	63.544917349312165	19.696932685347164	0.0	0.0	4.674740669069183	0.0	0.0	0.0	0.0	0.0	0.0	0.0	0.0	37.84893133111543	0.0	0.0	0.0	0.0	0.0	0.0	0.0	0.0
GSM4138110_HNSCC_1_PBMC_ACGCAGCTCGTCACGG	109.76935697227363	182.55187266292882	115.21702277466625	319.4343778790055	136.61470232967764	69.2372256836508	0.0	0.0	36.113971859353896	0.0	0.0	0.0	0.0	0.0	5.594984815656629	0.0	0.0	0.0	0.0	0.0	72.87532237898364	60.47648552918112	0.0	0.0	0.0	0.0	0.0	0.0	1.4155268405078225
GSM4138110_HNSCC_1_PBMC_ATCATCTAGGAATCGC	92.740835255913	114.43972189445645	96.61149122820724	142.90587831203524	26.119081977255675	76.43740172775041	0.0	0.0	32.86627147648854	0.0	0.0	0.0	61.99206536196079	51.80328243552264	0.0	0.0	0.0	34.697252187306766	0.0	0.0	0.0	68.37690605717266	0.0	0.0	0.0	0.0	0.0	0.0	0.0
GSM4138110_HNSCC_1_PBMC_TCAACGAGTTACGGAG	0.0	0.0	2909.9184601028337	0.0	0.0	0.0	0.0	0.0	0.0	0.0	0.0	0.0	0.0	0.0	0.0	0.0	0.0	0.0	0.0	0.0	0.0	0.0	0.0	0.0	0.0	0.0	0.0	0.0	0.0
GSM4138110_HNSCC_1_PBMC_AAACCTGGTCTCCCTA	107.33225158858544	314.59440806510014	249.52370530911674	268.5449929161891	107.60011222193194	101.26879793338341	14.963099285862999	0.0	29.20512406728322	0.0	167.10373661063028	0.0	0.0	26.206600542948088	0.0	0.0	0.0	0.0	0.0	0.0	0.0	172.97591773439495	0.0	0.0	0.0	0.0	0.0	0.0	0.0
GSM4138110_HNSCC_1_PBMC_ACACCGGAGTACACCT	0.0	0.0	0.0	3035.3785636195244	0.0	0.0	0.0	0.0	0.0	0.0	0.0	0.0	0.0	0.0	0.0	0.0	0.0	0.0	0.0	0.0	0.0	0.0	0.0	0.0	0.0	0.0	0.0	0.0	0.0
GSM4138110_HNSCC_1_PBMC_ACTGCTCGTGGTCCGT	137.76601719179726	301.86211810023235	198.46376862667606	251.8765477344001	97.23663520524464	115.82664751550523	0.0	0.0	27.72046167044285	0.0	0.0	0.0	0.0	74.14608447750025	0.0	98.73055083557225	0.0	0.0	0.0	0.0	0.0	0.0	139.9947514538277	0.0	0.0	0.0	0.0	0.0	0.0
GSM4138110_HNSCC_1_PBMC_AGCTCTCGTTAGTGGG	147.09401655092478	225.75401949922065	287.10801494159944	273.10526589378395	172.7685863763941	172.98371361572788	0.0	0.0	0.0	0.0	0.0	63.23991137080974	170.45612806281207	0.0	101.50603506429137	0.0	43.42440940834198	0.0	0.0	0.0	0.0	0.0	0.0	0.0	0.0	0.0	0.0	0.0	0.0
GSM4138110_HNSCC_1_PBMC_ATGGGAGAGGATGCGT	108.86857096005916	335.40561412116483	229.41248382242426	252.5061489544147	146.77881045201573	191.42568778046137	0.0	65.77887181972554	0.0	0.0	156.6663065585426	51.376369409718805	0.0	0.0	0.0	0.0	29.53768584751534	0.0	0.0	0.0	0.0	136.57060077661401	0.0	0.0	0.0	0.0	0.0	0.0	0.0
GSM4138110_HNSCC_1_PBMC_ATTATCCTCGGAAATA	189.72055460791412	316.70980916541134	252.87583971238857	258.3471045793074	129.02800339187198	0.0	139.03657573913404	0.0	43.64661809054304	56.486639016021044	0.0	0.0	0.0	35.38939807133976	0.0	121.4312394900696	0.0	0.0	0.0	0.0	0.0	26.094050904354322	0.0	22.650399027320557	0.0	0.0	0.0	0.0	0.0
GSM4138110_HNSCC_1_PBMC_CATCAGATCGCAAACT	156.64287447661775	293.513770212134	275.18084529805384	286.4702572570592	135.22180217516097	117.59630176709437	0.0	0.0	18.493820986183586	0.0	0.0	0.0	0.0	30.310804188492014	106.15070233491343	118.60843288609061	0.0	0.0	0.0	0.0	0.0	0.0	0.0	0.0	0.0	0.0	0.0	0.0	0.0
GSM4138110_HNSCC_1_PBMC_CGTAGCGCATGCAACT	214.92491894655495	387.501757048771	229.09168531500728	324.34228562556416	121.63471950297159	68.8658494853431	155.94805712129505	0.0	0.0	55.148003871847116	0.0	0.0	7.23102298602335	0.0	0.0	180.57372405338873	25.613099726515138	0.0	67.71905034706377	0.0	0.0	0.0	0.0	0.0	0.0	0.0	0.0	0.0	0.0
GSM4138110_HNSCC_1_PBMC_CGTCACTTCACGAAGG	203.97583190484707	299.26878059187294	229.64004319984218	243.1381346651951	154.41640959967688	33.29795070658193	79.90610975399241	0.0	7.6697262424083865	0.0	125.99048273237655	0.0	0.0	74.32029443110571	0.0	0.0	32.56055690894689	0.0	0.0	0.0	0.0	177.3352523413741	0.0	0.0	0.0	0.0	0.0	0.0	0.0
GSM4138110_HNSCC_1_PBMC_GCATACACACCAGCAC	94.851903966696	315.5846382470885	189.3287291023696	184.92252360937542	133.88720093967336	168.84802859634283	0.0	0.0	16.499031123566475	0.0	0.0	53.36388733080569	0.0	0.0	138.4208431525389	0.0	0.0	0.0	0.0	113.33854844499652	0.0	0.0	0.0	0.0	0.0	0.0	0.0	0.0	0.0
GSM4138110_HNSCC_1_PBMC_GCGACCAGTCGATTGT	0.0	2780.7392727454994	0.0	0.0	0.0	0.0	0.0	0.0	0.0	0.0	0.0	0.0	0.0	0.0	0.0	0.0	0.0	0.0	0.0	0.0	0.0	0.0	0.0	0.0	0.0	0.0	0.0	0.0	0.0
GSM4138110_HNSCC_1_PBMC_TACTTACTCGGCGCAT	26.975080470876026	49.05801211421074	29.468831593469716	257.6447833481614	44.620594648784305	2.802760666479667	0.0	21.411886144879375	37.17075187164361	0.0	0.0	0.0	0.0	0.0	29.679970230670577	59.7440792947562	0.0	0.0	0.0	0.0	0.0	0.0	0.0	0.0	0.0	0.0	0.0	0.0	28.839485154442805
GSM4138110_HNSCC_1_PBMC_ACCGTAAGTTACGTCA	47.66548931541529	171.7350615549526	115.19102741096108	104.70126564324381	61.21620608377512	30.262366534531385	47.14863007213204	0.0	0.0	0.0	0.0	92.1195972296896	0.0	0.0	0.0	118.20147141424006	17.474154714825655	0.0	0.0	0.0	0.0	146.87462838515347	0.0	0.0	0.0	0.0	0.0	0.0	0.0
GSM4138110_HNSCC_1_PBMC_ATCCACCAGACAGACC	39.34091076067993	99.01342966788664	50.9251101264114	109.69230447739373	27.20884151430928	71.85852650733669	0.0	0.0	0.0	0.0	41.60113433872263	0.0	0.0	0.0	0.0	0.0	11.846976416150994	0.0	0.0	0.0	0.0	58.067951854225534	13.385831109794704	0.0	0.0	133.92103649544046	0.0	0.0	0.0
GSM4138110_HNSCC_1_PBMC_ATGAGGGGTATATGGA	138.7227005136478	349.0325978247852	228.60057782890428	339.738111926143	208.68826033676834	221.64669505149567	0.0	38.164225669795265	0.0	0.0	0.0	86.88895436632033	120.6855362991995	44.32304549217588	0.0	0.0	49.765845338671895	73.79447095060873	0.0	0.0	0.0	0.0	0.0	0.0	0.0	0.0	0.0	0.0	0.0
GSM4138110_HNSCC_1_PBMC_CACCAGGGTCAGAATA	40.95271267020102	218.67363450757261	86.2672170159402	137.53987087859875	90.86362809546678	182.54796724247055	0.0	0.0	0.0	0.0	195.78967968118613	38.43116055930344	0.0	0.0	0.0	0.0	43.93703378744717	0.0	0.0	0.0	0.0	72.13904183408536	0.0	0.0	0.0	0.0	0.0	0.0	0.0
GSM4138110_HNSCC_1_PBMC_CAGCAGCTCAAAGTAG	84.71912386543372	116.66967370988405	133.16095256999398	107.32151716645338	66.84116974605718	0.0	90.98698651091016	0.0	24.72941733208908	0.0	138.84649786944718	52.0443778171666	0.0	0.0	0.0	0.0	0.0	0.0	0.0	0.0	0.0	0.0	56.322008878445295	0.0	0.0	0.0	0.0	0.0	0.0
GSM4138110_HNSCC_1_PBMC_CATCCACCAGTAACGG	30.350396459463916	182.97825335648488	128.86992288682836	127.24208316820175	125.90996900236233	0.0	124.64700087922346	0.0	0.0	0.0	65.3678027525493	0.0	0.0	0.0	0.0	0.0	41.13189041835455	0.0	0.0	0.0	0.0	135.38636175597662	0.0	74.75074010712119	0.0	0.0	0.0	0.0	0.0
GSM4138110_HNSCC_1_PBMC_CCTTTCTCATCCTAGA	139.96501375299863	83.1456059954657	139.20395538099473	72.18944788850996	116.02395186883122	68.34698445391932	0.0	0.0	0.0	0.0	0.0	55.73288454648274	95.26994483815658	0.0	0.0	0.0	11.700657250911167	0.0	0.0	0.0	0.0	109.78634052392407	0.0	0.0	0.0	0.0	0.0	0.0	0.0
GSM4138110_HNSCC_1_PBMC_CGTAGGCTCTACCAGA	68.56760223344288	122.96812905266158	96.04638831070147	114.51590114721944	95.59209674626567	0.0	100.35219703223052	0.0	0.0	0.0	0.0	0.0	102.09602659950922	0.0	0.0	0.0	26.032953493159734	0.0	0.0	0.0	0.0	118.39684028052964	0.0	0.0	0.0	0.0	76.907884180706	0.0	0.0
GSM4138110_HNSCC_1_PBMC_CTGCCTAAGGACATTA	0.0	131.32307428407506	89.77440467205436	193.17091666581558	137.2200203295603	0.0	74.65113314678035	0.0	0.0	0.0	6.240612534264342	68.31906211940404	0.0	0.0	0.0	79.88463744961463	25.096932249608976	0.0	0.0	0.0	0.0	82.16750507167382	0.0	0.0	0.7328736005119162	0.0	0.0	0.0	0.0
GSM4138110_HNSCC_1_PBMC_CTTTGCGGTGGTCCGT	84.83967700775683	96.6659288907488	52.71108186968049	98.04477066160304	100.10431423300045	96.93951303781238	0.0	0.0	0.0	0.0	34.67683347992782	0.0	0.0	0.0	0.0	0.0	24.586289816425147	0.0	48.31914689313152	0.0	0.0	81.00188626051441	0.0	0.0	0.0	0.0	0.0	0.0	0.0
GSM4138110_HNSCC_1_PBMC_GAAACTCAGACAAGCC	107.26360341164352	143.1449030493162	156.62936552475895	161.31229377832156	73.82448574519046	61.889377407905364	0.0	0.0	0.0	0.0	0.0	75.7560705643575	104.61593285665145	0.0	117.18765990668902	0.0	20.747647045424216	0.0	0.0	0.0	0.0	0.0	0.0	0.0	0.0	0.0	0.0	0.0	0.0
GSM4138110_HNSCC_1_PBMC_GACCAATAGCCCGAAA	96.90122596541215	240.28570166122793	194.8153777980733	240.8734353163589	110.44555643210502	190.20933999518908	0.0	0.0	42.98394727349726	0.0	88.7185275356523	0.0	0.0	0.0	0.0	0.0	0.0	130.66828612465352	0.0	0.0	0.0	0.0	0.0	0.0	0.0	0.0	0.0	0.0	103.17286413252762
GSM4138110_HNSCC_1_PBMC_GACCAATAGGGCTCTC	167.77581053580786	266.93658535356576	8.306425825547052	193.85704015777304	139.91088678404577	97.60521135690236	0.0	0.0	0.0	0.0	0.0	0.0	0.0	0.0	84.5955913312432	0.0	19.0073013028644	0.0	61.4277369795851	0.0	0.0	0.0	0.0	0.0	98.33237187264481	0.0	0.0	0.0	0.0
GSM4138110_HNSCC_1_PBMC_GATGCTATCCTCTAGC	121.25128176421534	163.02257663119525	121.8404549079471	235.82497415159474	107.19071033077023	0.0	151.24265959863268	37.88060303669393	15.733325509644029	0.0	129.6605275493604	0.0	0.0	0.0	0.0	0.0	12.802060182237964	0.0	0.0	0.0	0.0	40.09458759536933	0.0	109.94728411375873	0.0	0.0	0.0	0.0	0.0
GSM4138110_HNSCC_1_PBMC_GCTGCGATCCCGACTT	31.569297389843374	58.71485561854377	14.463364220133093	52.60201206303237	56.1258165812621	53.90621348481743	8.025913586827432	0.0	0.0	0.0	74.9664755371517	0.0	0.0	0.0	83.7335101880547	0.0	30.69540344107667	0.0	0.0	0.0	0.0	0.0	0.0	44.177843374763555	0.0	0.0	0.0	0.0	0.0
GSM4138110_HNSCC_1_PBMC_GTTACAGCAAGTTGTC	67.05045918017285	189.54226043016504	78.82715338209752	135.36716380268496	67.04542678561569	84.28361987978724	3.257615973937233	0.0	0.0	0.0	91.52356295947928	43.38414052866178	0.0	0.0	0.0	0.0	90.58084587321014	0.0	0.0	0.0	0.0	0.0	13.949956252826853	0.0	0.0	0.0	0.0	0.0	0.0
GSM4138110_HNSCC_1_PBMC_TAGGCATTCAGCGACC	69.71537848579494	158.53746713004674	160.70964715030377	157.48996595864386	91.49897385693596	0.0	127.90329029819792	113.2695567964557	8.012140337489896	0.0	0.0	0.0	0.0	0.0	0.0	0.0	0.0	0.0	80.27181542461389	64.94140570525539	0.0	0.0	0.0	0.0	0.0	0.0	0.0	0.0	0.0
GSM4138110_HNSCC_1_PBMC_TCGTACCTCCATGAAC	31.578540912089746	92.33627040584291	73.39579361081981	73.67421835657176	75.07359112383689	6.661021703484911	66.2634551694289	0.0	9.773049919967859	0.0	32.37839003748762	8.270771909643363	0.0	52.74037740668512	262.7640206965945	0.0	0.0	0.0	0.0	0.0	0.0	0.0	0.0	0.0	27.476039362758748	0.0	0.0	0.0	0.0
GSM4138110_HNSCC_1_PBMC_TGCGCAGAGAGTCGGT	151.5595462261157	138.9281063194831	124.05564401952438	89.20913950934946	85.58998295586565	0.0	50.49662259613566	0.0	5.633443204641633	0.0	0.0	0.0	42.28952300749584	0.0	0.0	36.43611496181971	2.298009514684871	0.0	54.150742846709406	0.0	24.751204094664246	93.15016614320419	0.0	0.0	0.0	0.0	0.0	0.0	0.0
GSM4138110_HNSCC_1_PBMC_TTGCCGTTCCTATTCA	91.33546199559795	133.05655911697664	82.43896855689776	128.611930805657	72.63184517408507	140.02250253143288	0.0	0.0	19.098720785667762	0.0	0.0	1.5511520182005323	270.4030851087449	0.0	143.68291444728806	0.0	0.0	0.0	0.0	0.0	0.0	0.0	0.0	56.48721184903864	0.0	0.0	0.0	0.0	0.0
GSM4138110_HNSCC_1_PBMC_TTTACTGAGTCCCACG	59.31518447478049	155.43815572828288	201.04527861979042	121.2689483341393	30.013913302243513	126.52420328378957	0.0	28.784379107907284	0.0	0.0	223.63677294877368	65.44795157171927	0.0	0.0	29.194184028672325	0.0	27.916792865588498	0.0	5.19293012050159	0.0	0.0	23.761678147067713	0.0	0.0	0.0	0.0	0.0	0.0	0.0
GSM4138110_HNSCC_1_PBMC_ACGGGTCGTCTTGATG	46.095672061857115	65.77011905418917	61.7045983935666	51.58313326377745	83.24910284946208	0.0	39.10110049517139	0.0	0.0	56.592206046341055	0.0	5.123631948940002	0.0	0.0	0.0	37.22969445968093	31.743710533011054	0.0	0.0	0.0	0.0	0.0	0.0	26.96481434514557	0.0	19.114386123297276	0.0	0.0	0.0
GSM4138110_HNSCC_1_PBMC_AGTGAGGAGGAATCGC	42.7632532022187	37.43929482079776	85.75128025715422	39.77039689326813	45.67538936842602	29.43511544468495	0.0	0.0	7.3417402357238135	0.0	4.835948092273382	0.0	67.85956433383849	53.52501549883405	0.0	0.0	0.0	0.0	0.0	0.0	0.0	99.64287578129746	0.0	0.0	0.0	0.0	0.0	0.0	0.0
GSM4138110_HNSCC_1_PBMC_ATGTGTGCAAGCTGGA	100.16614980105197	69.55830311674102	285.9409341251157	147.11026788981587	128.92103372313824	0.0	103.97789153989442	0.0	0.0	74.96279969877264	0.0	18.954389785115676	0.0	0.0	0.0	11.021193789887798	16.22679256144896	0.0	44.77333265562341	5.972736565098519	0.0	0.0	10.390416782593155	0.0	0.0	0.0	0.0	0.0	0.0
GSM4138110_HNSCC_1_PBMC_CGACCTTAGTTACGGG	92.30569550182618	150.11298217688022	253.4386687775942	153.13461860001033	124.33119349622291	74.4893021557142	0.0	0.0	25.332579227964576	102.69750038146213	0.0	0.0	0.0	0.0	0.0	0.0	0.0	0.0	0.0	0.0	1.6469440484015172	0.0	0.0	0.0	0.0	0.0	0.0	81.05069250717581	0.0
GSM4138110_HNSCC_1_PBMC_GCGACCACATGCATGT	108.09664373359715	91.8318090690343	116.95409578214026	104.39953274614298	76.96758103380454	63.848910531014155	0.0	67.93973317034649	65.15884453353964	0.0	0.0	0.0	109.17811599721922	0.6795420605446593	0.0	0.0	0.0	0.0	40.48371903723313	0.0	0.0	0.0	0.0	0.0	0.0	0.0	0.0	0.0	0.0
GSM4138110_HNSCC_1_PBMC_GGATTACGTGCATCTA	115.62584780171191	155.0335410163737	63.39791759076431	120.30627733704698	41.19638570262105	52.81213458652211	22.751762776157484	21.99959469014132	10.726746811989285	0.0	0.0	53.62788247747534	0.0	0.0	0.0	0.0	11.47669489186725	50.278434885404536	0.0	0.0	0.0	0.0	0.0	0.0	82.07316865509773	0.0	0.0	0.0	0.0
GSM4138110_HNSCC_1_PBMC_GTGCAGCCACCAGATT	51.35781901743832	133.65340790064516	56.767155311955555	64.4020109904965	17.90965077633854	0.0	58.71053118479411	0.0	14.612008726282026	18.449539717946116	0.0	0.0	35.50767060773593	5.090507831353013	0.0	0.0	0.0	30.023522906929436	0.0	9.836041629301722	0.0	0.0	0.0	0.0	0.0	57.88042772203519	0.0	0.0	0.0
GSM4138110_HNSCC_1_PBMC_GTGCGGTTCTATGTGG	159.08679405614194	103.41790227034005	94.6761738601649	56.28879471946302	63.74388712068066	0.0	147.03860298896618	45.09720506287115	0.0	0.0	0.0	0.0	0.0	0.0	0.0	43.73923425897475	25.178191843309172	0.0	82.500272400742	0.0	0.0	0.0	0.0	0.0	0.0	0.0	0.0	0.0	0.0
GSM4138110_HNSCC_1_PBMC_GTTCATTTCCCTCTTT	57.45249907238067	128.4008701471071	58.95317974557409	98.6466560894433	48.23756650082484	81.58118136108368	0.0	0.0	0.0	40.08167077140474	81.68881712174654	0.0	0.0	0.0	0.0	0.0	21.781715841782376	0.0	33.971840230065766	0.0	0.0	0.0	0.0	0.0	0.0	0.0	0.0	0.0	0.0
GSM4138110_HNSCC_1_PBMC_TCATTACGTAATCACC	50.73752364118922	94.35244172482983	123.37361264484906	163.39668098050774	107.894264675549	27.97529782860921	153.74632368944634	15.263721187931294	0.0	48.84839920765035	0.0	30.40432954233349	0.0	0.0	0.0	96.86836652641257	28.942594063075216	0.0	0.0	0.0	0.0	0.0	9.555449181292891	0.0	0.0	0.0	0.0	0.0	0.0
GSM4138110_HNSCC_1_PBMC_TTGCCGTTCAGAAATG	108.03570467549127	120.72877328355077	38.408345450969655	99.53647239202499	73.28546846992262	44.330869425229835	0.0	0.0	0.0	72.21480357489469	0.0	2.2308187895870284	0.0	42.351188765878014	0.0	0.0	78.25614196383883	0.0	0.0	38.893973916379615	0.0	0.0	0.0	0.0	0.0	0.0	0.0	0.0	0.0
GSM4138110_HNSCC_1_PBMC_TTTGCGCAGTAGCGGT	168.54680008830613	181.20756143573095	132.6655942185315	140.34816615294486	68.705939112823	126.25090591447434	0.0	0.0	31.10195213031586	0.0	137.11883990234736	36.97355433772738	0.0	0.0	0.0	0.0	0.0	0.0	0.0	0.0	0.0	94.40603372718621	119.78875820611003	15.900424466516997	0.0	0.0	0.0	0.0	0.0
GSM4138110_HNSCC_1_PBMC_TTTGGTTAGCACAGGT	83.13447238577301	126.71821429465099	63.11138352058562	124.86903942758946	39.91777373003234	0.0	110.85851365611761	22.53343478641595	0.0	74.80934691826295	0.0	0.0	62.66747852497728	0.0	0.0	0.0	19.05878381561284	0.0	0.0	0.0	0.0	0.0	0.0	52.21129258369327	0.0	0.0	0.0	0.0	0.0
