	1	2	3	4	5	6	7	8	9	10	11	12	13	14	15	16	17	18	19	20	21	22	23	24	25	26	27	28	29	30	31	32
GSM4138110_HNSCC_1_PBMC_AAACCTGAGGAGCGTT	13.333534193832007	79.68456685943667	0.0	22.53853820982194	0.0	0.0	0.0	0.0	0.0	0.0	65.28334850510859	0.0	0.0	0.0	0.0	0.0	0.0	0.0	0.0	89.23605041969664	0.0	27.045503890029682	0.0	0.0	0.0	19.484907317279312	0.0	0.0	0.0	0.0	0.0	0.0
GSM4138110_HNSCC_1_PBMC_AAACCTGCAGATGAGC	56.36073381955472	98.04499823270108	0.0	34.83002235266913	0.0	0.0	0.0	0.0	69.16815423146609	0.0	0.0	62.90509278275297	0.0	0.0	0.0	0.0	0.0	0.0	0.0	0.0	0.0	0.0	0.0	0.0	0.0	107.12647303210989	0.0	0.0	0.0	0.0	0.0	0.0
GSM4138110_HNSCC_1_PBMC_AACGTTGAGACTGGGT	62.5819728496859	61.45346106665581	0.0	10.325560960528541	0.0	0.0	0.0	6.104044744942207	0.0	0.0	24.405078994718654	0.0	0.0	0.0	0.0	0.0	0.0	0.0	0.0	0.0	25.056662784790234	0.0	0.0	0.0	0.0	51.66638076253284	0.0	0.0	0.0	12.029961264137905	0.0	0.0
GSM4138110_HNSCC_1_PBMC_AACGTTGGTTACGACT	52.94586599994987	60.1132635308319	0.0	8.879727447157737	83.30040924912652	0.0	0.0	0.0	15.38573938838057	0.0	0.0	0.0	0.0	0.0	0.0	0.0	22.717879023010084	0.0	0.0	0.0	0.0	0.0	0.0	0.0	0.0	0.0	0.0	0.0	0.0	0.0	0.0	0.0
GSM4138110_HNSCC_1_PBMC_AACGTTGTCTAAGCCA	65.8308534257256	74.0723154542411	65.2793162358228	10.37005391222095	0.0	0.0	0.0	0.0	44.665517138105606	0.0	0.0	0.0	0.0	0.0	0.0	0.0	0.0	0.0	0.0	0.0	0.0	37.624617425988525	0.0	0.0	0.0	0.0	0.0	0.0	0.0	0.0	0.0	0.0
GSM4138110_HNSCC_1_PBMC_AACTCCCCATTTCAGG	65.41438268991612	41.12686887809639	0.0	12.245172407052374	0.0	67.47770393861569	0.0	0.0	0.0	0.0	0.0	0.0	0.0	0.0	0.0	0.0	0.0	0.0	0.0	81.84339379465271	0.0	0.0	47.552067335541	0.0	0.0	0.0	0.0	0.0	0.0	0.0	0.0	0.0
GSM4138110_HNSCC_1_PBMC_AAGCCGCCACTTCTGC	105.3796385096703	60.94782791056552	0.0	37.2142387619285	43.260022660693075	0.0	32.66274170011117	0.0	0.0	17.683754848991523	0.0	51.30599720158564	0.0	0.0	0.0	0.0	0.0	0.0	0.0	0.0	0.0	0.0	0.0	0.0	0.0	0.0	0.0	0.0	0.0	0.0	0.0	0.0
GSM4138110_HNSCC_1_PBMC_AAGGTTCGTCTCTTAT	51.66142672728646	15.252407295711738	0.0	12.362505742841995	0.0	100.00903411316098	46.904861032206945	0.0	0.0	0.0	0.0	0.0	0.0	0.0	1.0294309762644471	0.0	0.0	0.0	0.0	0.0	0.0	0.0	0.0	0.0	0.0	69.14208799182299	0.0	0.0	0.0	0.0	0.0	0.0
GSM4138110_HNSCC_1_PBMC_AAGTCTGAGTACCGGA	46.285055157012714	65.58776571877253	31.60742225498599	10.471226817107851	34.56275935564551	0.0	0.0	0.0	21.002872148638524	0.0	0.0	0.0	0.0	1.6885836163407377	0.0	0.0	0.0	15.108606477539402	0.0	0.0	19.464837683159047	0.0	0.0	0.0	0.0	0.0	0.0	0.0	0.0	0.0	0.0	0.0
GSM4138110_HNSCC_1_PBMC_AAGTCTGGTTGCCTCT	48.82922563936209	45.975800686821174	0.0	8.711751901871773	10.465299378865739	0.0	0.0	0.0	0.0	0.0	0.0	43.623128409192226	50.610378572108644	0.0	0.0	0.0	3.913305929426242	13.123398684512392	0.0	0.0	0.0	0.0	0.0	0.0	0.0	0.0	0.0	0.0	0.0	0.0	0.0	0.0
GSM4138110_HNSCC_1_PBMC_AAGTCTGTCCAAACTG	109.28995682284824	31.722749577030278	17.96211346441811	18.145911726667503	0.0	4.088367644170903	0.0	31.78431207598698	0.0	0.0	48.54797860825601	1.2263160969733296	0.0	0.0	0.0	0.0	0.0	10.59459521360001	56.39971655838011	0.0	0.0	0.0	23.039981253299082	0.0	0.0	0.0	0.0	0.0	0.0	0.0	0.0	0.0
GSM4138110_HNSCC_1_PBMC_ACATGGTCACATGGGA	46.4120761330594	2.1517931193036164	0.0	1.9228567490320982	143.42755053561828	0.0	0.0	0.0	0.0	0.0	34.850355046333334	0.0	0.0	0.0	0.0	0.0	0.0	0.0	0.0	36.830684103786815	0.0	0.0	0.0	0.0	0.0	0.0	0.0	0.0	0.0	0.0	0.0	0.0
GSM4138110_HNSCC_1_PBMC_ACGAGCCAGTATCTCG	73.17586015139798	31.944582296497547	48.93452490215819	23.191103097298942	41.150725432976245	0.0	0.0	0.0	0.0	123.38056951982341	0.0	0.0	0.0	0.0	0.0	0.0	0.0	0.0	0.0	0.0	0.0	0.0	0.0	0.0	0.0	0.0	0.0	0.0	0.0	0.0	0.0	0.0
GSM4138110_HNSCC_1_PBMC_ACGAGCCCACTTAACG	93.88375966439878	145.01734595318547	99.78439922752057	38.755105317909866	0.0	0.0	0.0	94.11043206893636	0.0	0.0	0.0	0.0	0.0	0.0	0.0	0.0	0.0	0.0	0.0	138.4723174385593	0.0	0.0	0.0	0.0	0.0	0.0	0.0	0.0	0.0	0.0	0.0	0.0
GSM4138110_HNSCC_1_PBMC_ACTATCTTCTTCCTTC	59.550312622537874	55.20862966453967	58.30581417349797	17.637680757229827	21.39222145194017	0.0	0.0	0.0	0.0	117.26523771843777	0.0	0.0	0.0	0.0	0.0	0.0	0.0	31.748208788333194	0.0	0.0	0.0	0.0	0.0	0.0	0.0	0.0	0.0	0.0	0.0	0.0	0.0	0.0
GSM4138110_HNSCC_1_PBMC_AGAGCTTAGAGCTGGT	121.43601491304881	93.92294044370601	0.0	22.283991110180576	0.0	88.23021543460558	0.0	0.0	0.0	0.0	0.0	0.0	64.4502781670569	0.0	0.0	0.0	0.0	0.0	0.0	0.0	0.0	0.0	56.49084458908302	0.0	0.0	0.0	0.0	0.0	0.0	0.0	0.0	0.0
GSM4138110_HNSCC_1_PBMC_AGATTGCGTCGCCATG	47.83355985416339	67.62106105291059	53.34904731918123	14.12509220280207	36.69461970460549	0.0	0.0	5.91893809697775	0.0	0.0	0.0	0.0	0.0	0.0	0.0	72.82367642456809	0.0	0.0	0.0	0.0	0.0	0.0	0.0	0.0	0.0	0.0	0.0	0.0	0.0	0.0	0.0	0.0
GSM4138110_HNSCC_1_PBMC_AGCGTATGTTATCCGA	55.264054923823096	68.68866319258463	119.25851617178108	21.3514155957337	0.0	0.0	0.0	35.32548127239916	22.254962722383546	36.45807178104318	0.0	0.0	0.0	0.0	0.0	0.0	0.0	0.0	0.0	0.0	0.0	0.0	0.0	0.0	0.0	0.0	0.0	0.0	0.0	0.0	0.0	0.0
GSM4138110_HNSCC_1_PBMC_AGGCCACAGTACTTGC	36.749597285341515	72.21712063951445	41.476709319756665	10.579717307757926	23.79710128553273	0.0	0.0	0.0	89.60858133885525	0.0	0.0	0.0	0.0	0.0	3.701427349934993	0.0	0.0	0.0	0.0	0.0	0.0	0.0	0.0	0.0	0.0	0.0	0.0	0.0	0.0	0.0	0.0	0.0
GSM4138110_HNSCC_1_PBMC_AGGCCACCACTAAGTC	55.44495793713583	98.01516442075359	0.0	32.83461525828679	243.17943660678466	85.43802908586396	97.24018037496823	0.0	0.0	0.0	0.0	0.0	0.0	0.0	0.0	0.0	74.31765883316831	0.0	0.0	0.0	0.0	0.0	0.0	0.0	0.0	0.0	0.0	0.0	0.0	0.0	0.0	0.0
GSM4138110_HNSCC_1_PBMC_AGTAGTCTCTTAGCCC	64.50676840775726	43.81199689430104	0.0	18.44419420865096	31.431410564577604	0.0	0.0	0.0	0.0	51.7919557024729	0.0	0.0	0.0	0.0	0.0	0.0	0.0	0.0	0.0	0.0	0.0	88.09157154471455	0.0	0.0	0.0	0.0	0.0	0.0	0.0	0.0	0.0	0.0
GSM4138110_HNSCC_1_PBMC_AGTGAGGGTGGCCCTA	86.33057268442063	72.39316054796436	2.091347111998017	27.094048296533266	0.0	31.751362651339335	0.0	0.0	0.0	0.0	3.818172358031852	20.965417090571933	105.35723956246423	0.0	0.0	0.0	0.0	0.0	0.0	0.0	0.0	0.0	49.48489905716357	0.0	0.0	0.0	0.0	0.0	0.0	0.0	0.0	0.0
GSM4138110_HNSCC_1_PBMC_AGTGTCATCTCGCATC	71.84299295347545	39.996752722527376	0.0	13.456996828768796	12.138937176999404	32.413025064967265	0.0	21.992900433508172	0.0	0.0	0.0	0.0	0.0	0.0	0.0	0.0	0.0	0.0	0.0	0.0	51.55515995597031	0.0	0.0	0.0	0.0	0.0	0.0	0.0	0.0	0.0	0.0	0.0
GSM4138110_HNSCC_1_PBMC_AGTTGGTCATGGTTGT	94.96803089113838	62.82449555369773	48.776391015087896	31.7291502035519	33.08759762024447	0.0	0.0	1.3454725994557932	0.0	82.33536974610152	35.57256992741783	0.0	0.0	0.0	42.683968461988975	0.0	0.0	0.0	0.0	0.0	0.0	2.7946558516787916	0.0	0.0	0.0	0.0	0.0	0.0	0.0	0.0	0.0	0.0
GSM4138110_HNSCC_1_PBMC_AGTTGGTTCTTGGGTA	48.68940178912492	63.53944461856744	0.0	9.756381632032499	0.0	54.59873205643143	0.0	17.797973558411247	0.0	0.0	0.0	0.0	48.12963128224005	0.0	0.0	0.0	0.0	0.0	0.0	0.0	0.0	8.61000043841683	0.0	0.0	0.0	0.0	0.0	0.0	0.0	0.0	0.0	0.0
GSM4138110_HNSCC_1_PBMC_ATCTACTAGGGTGTGT	75.69067125775999	83.23310158990851	0.0	20.08641480343248	0.0	146.80612129292783	0.0	0.0	0.0	0.0	0.0	0.0	0.0	0.0	0.0	0.0	0.0	210.94837092999407	0.0	0.0	210.4883433853278	0.0	0.0	0.0	0.0	0.0	0.0	0.0	0.0	0.0	0.0	0.0
GSM4138110_HNSCC_1_PBMC_ATCTACTAGTACGTTC	72.27358772238573	63.0287774720462	0.0	74.25121840022247	0.0	0.0	0.0	0.0	0.0	0.0	71.95164628480478	0.0	0.0	0.0	0.0	51.34068258878413	0.0	0.0	0.0	0.0	0.0	0.0	0.0	0.0	0.0	0.0	0.0	0.0	64.0915137211416	0.0	0.0	0.0
GSM4138110_HNSCC_1_PBMC_ATGAGGGCAAGCGATG	66.05378909876039	37.075357208666205	46.08506476602613	14.447065466554305	21.59671139985786	0.0	0.0	0.0	56.44222610797789	0.0	0.0	0.0	0.0	0.0	16.8628446421419	0.0	0.0	0.0	0.0	0.0	0.0	0.0	0.0	0.0	0.0	0.0	0.0	0.0	0.0	0.0	0.0	0.0
GSM4138110_HNSCC_1_PBMC_ATGAGGGCACACAGAG	77.4963109548097	27.66659781569617	15.99780275135067	20.181796147594504	0.0	0.0	0.0	69.24430708536497	20.77289819717166	0.0	0.0	0.0	0.0	0.0	0.0	28.859334569722694	0.0	0.0	0.0	0.0	0.0	0.0	0.0	0.0	0.0	0.0	0.0	0.0	0.0	0.0	0.0	0.0
GSM4138110_HNSCC_1_PBMC_ATGCGATGTTTGACAC	75.03450031404255	43.6017993719127	0.0	18.804435277754017	0.0	0.0	0.0	0.0	0.0	0.0	62.36798478364564	0.0	0.0	0.0	0.0	0.0	0.0	0.0	0.0	0.0	0.0	0.0	0.0	0.0	37.90604249850979	26.080649406875402	0.0	0.0	0.0	0.0	0.0	0.0
GSM4138110_HNSCC_1_PBMC_ATGTGTGCATGCGCAC	49.27744138808187	53.01797901366091	0.0	13.318496857039912	32.89360817548159	24.075637287555132	0.0	0.0	0.0	25.8420489523505	0.0	0.0	0.0	0.0	21.22622600966073	0.0	0.0	0.0	18.75473375464506	0.0	0.0	0.0	0.0	0.0	0.0	0.0	0.0	0.0	0.0	0.0	0.0	0.0
GSM4138110_HNSCC_1_PBMC_ATTACTCTCATGCTCC	39.51694850269698	86.91953432939505	41.13407310638412	57.97012568287854	0.0	0.0	3.5284441555197086	36.01587516767428	0.0	0.0	0.0	0.0	0.0	0.0	0.0	0.0	0.0	0.0	0.0	0.0	0.0	0.0	0.0	0.0	18.787179906208117	0.0	0.0	75.71725923104988	0.0	0.0	0.0	0.0
GSM4138110_HNSCC_1_PBMC_ATTATCCGTCACACGC	68.4903884436433	54.401974952781856	0.0	21.737915858441497	0.0	0.0	0.0	0.0	0.0	0.0	68.02869481365776	30.01982167872257	0.0	0.0	24.440073868655414	0.0	0.0	0.0	78.29241275650917	0.0	0.0	0.0	0.0	0.0	0.0	0.0	0.0	0.0	0.0	0.0	0.0	0.0
GSM4138110_HNSCC_1_PBMC_ATTGGACAGAGATGAG	57.97397223288877	29.20002246848212	0.0	21.168844530336383	7.934849195061979	0.0	79.32790983534761	0.0	0.0	0.0	0.0	0.0	0.0	0.0	0.0	0.0	62.07365873977068	49.419182117700956	0.0	0.0	0.0	0.0	0.0	0.0	0.0	0.0	0.0	0.0	0.0	0.0	0.0	0.0
GSM4138110_HNSCC_1_PBMC_ATTGGTGCAGTGAGTG	40.70359627879272	56.93428563350468	48.599818699480885	27.50489261440934	52.615681076209576	0.0	0.0	0.0	0.0	0.0	0.0	0.0	0.0	0.0	0.0	0.0	0.0	0.0	0.0	0.0	0.0	0.0	0.0	0.0	0.0	0.0	0.0	0.0	0.0	0.0	49.38128457539391	0.0
GSM4138110_HNSCC_1_PBMC_CAACCAAGTTATCGGT	24.22029728961435	37.12812153348925	37.47149564097686	23.39705126545051	0.0	0.0	0.0	0.0	0.0	0.0	0.0	0.0	0.0	0.0	0.0	0.0	0.0	7.443974021585772	0.0	0.0	0.0	0.0	0.0	0.0	0.0	17.78034035633053	72.2267487499481	0.0	0.0	0.0	0.0	0.0
GSM4138110_HNSCC_1_PBMC_CAACCAATCCTTGACC	47.6944842155406	78.72199872571747	0.0	24.098747777280636	0.0	64.56956384058624	0.0	0.0	0.0	0.0	0.0	0.0	3.970892233457866	0.0	0.0	21.673337228939225	0.0	0.0	0.0	0.0	0.0	15.66322302119738	0.0	0.0	0.0	0.0	0.0	0.0	0.0	0.0	3.9726812761818366	0.0
GSM4138110_HNSCC_1_PBMC_CACAGTAGTCTCCATC	48.979848113008785	33.418998596223965	0.0	26.879309757400893	0.0	0.0	0.0	79.6868415466608	63.93204072208891	0.0	0.0	12.732957543216488	0.0	0.0	0.0	0.0	0.0	0.0	0.0	0.0	0.0	0.0	0.0	0.0	18.639198317375236	0.0	0.0	0.0	46.19312381648892	0.0	0.0	0.0
GSM4138110_HNSCC_1_PBMC_CACATAGCAAAGCGGT	89.332680644321	21.469426616768324	0.0	10.923224209302465	0.0	31.210002136279154	0.0	0.0	0.0	0.0	0.0	0.0	0.0	0.0	0.0	0.0	0.0	0.0	72.22596115136132	0.0	0.0	12.922695768670753	0.0	0.0	0.0	0.0	0.0	0.0	0.0	0.0	0.0	0.0
GSM4138110_HNSCC_1_PBMC_CACATAGCACCTCGTT	92.19321355719823	36.15550029517312	0.0	20.98186335790212	12.539834845320838	0.0	0.0	0.0	53.16246645126063	0.0	0.0	0.0	0.0	0.0	29.550272054498155	0.0	66.20031816579372	0.0	0.0	0.0	0.0	0.0	0.0	0.0	0.0	0.0	0.0	0.0	0.0	0.0	0.0	0.0
GSM4138110_HNSCC_1_PBMC_CACATTTGTGCACTTA	69.92706449732172	37.70165782739503	0.0	16.23075630797966	0.0	30.425850980806917	0.0	0.0	0.0	66.98929830841911	0.0	0.0	0.0	0.0	0.0	0.0	0.0	18.408815194250955	0.0	0.0	0.0	0.0	0.0	0.0	0.0	27.589971249207423	0.0	0.0	0.0	0.0	0.0	0.0
GSM4138110_HNSCC_1_PBMC_CACATTTTCCCATTAT	28.683235500482347	47.864571643266345	58.89007315185789	10.792353451372982	0.0	0.0	0.0	51.57876085014084	0.0	46.15097314940955	0.0	0.0	0.0	0.0	0.0	0.0	0.0	0.0	0.0	0.0	0.0	0.0	0.0	0.0	0.0	0.0	0.0	0.0	0.0	0.0	0.0	0.0
GSM4138110_HNSCC_1_PBMC_CACATTTTCTGGTTCC	39.30768016367311	46.869238209677526	9.225943564071027	12.535125941515393	0.0	0.1335543606557346	51.07778097002086	0.0	0.0	0.0	0.0	37.67413302211768	0.0	0.0	0.0	0.0	0.0	60.93618765401529	0.0	0.0	0.0	0.0	0.0	0.0	0.0	0.0	0.0	0.0	0.0	0.0	0.0	0.0
GSM4138110_HNSCC_1_PBMC_CACCAGGTCGTGGGAA	72.42602436473962	55.07583924882458	0.0	23.932145025006353	0.0	41.747500575642846	0.0	66.82051100751202	48.933869876974335	0.0	0.0	21.704748014208086	0.0	0.0	0.0	0.0	0.0	0.0	0.0	0.0	0.0	0.0	4.49328396671667	0.0	0.0	0.0	0.0	0.0	0.0	0.0	0.0	0.0
GSM4138110_HNSCC_1_PBMC_CAGCAGCCAATGGTCT	31.36432456914278	47.546498424233064	33.50854839945839	10.733374053195721	0.0	8.577928529864677	0.0	0.0	0.0	0.0	0.0	0.0	0.0	0.0	23.78355394084111	0.0	0.0	0.0	0.0	65.01533032107847	0.0	0.0	0.0	0.0	0.0	0.0	0.0	0.0	0.0	0.0	0.0	0.0
GSM4138110_HNSCC_1_PBMC_CAGCATAGTCCGAGTC	23.922375366677663	54.92315192321057	0.0	35.533354643883676	1.424831410216135	0.0	0.0	0.0	0.0	0.0	84.8051178377843	0.0	0.0	25.501867958109628	27.395352873391214	0.0	0.0	0.0	0.0	0.0	0.0	0.0	0.0	0.0	0.0	0.0	0.0	0.0	0.0	0.0	0.0	0.0
GSM4138110_HNSCC_1_PBMC_CAGCCGAAGCCCAACC	67.01480497846171	40.62836598547335	0.0	18.70366650662113	4.428404149861012	56.20440811514483	0.0	0.0	11.440839585103642	0.0	0.0	0.0	25.615395899317747	0.0	0.0	0.0	0.0	30.079522817077216	0.0	0.0	2.529661107343617	0.0	19.599308805666382	0.0	0.0	0.0	0.0	0.0	0.0	0.0	0.0	0.0
GSM4138110_HNSCC_1_PBMC_CAGCCGACATCGACGC	54.364694555006615	81.89667646499151	0.0	21.812484753647052	50.90691442105875	42.184888622153885	10.104782249371935	0.0	14.751407969100157	0.0	0.0	0.0	6.2783856276879035	0.0	0.0	0.0	0.0	0.0	0.0	0.4777475491906403	0.0	0.0	0.0	15.777213432741108	0.0	0.0	0.0	0.0	0.0	0.0	0.0	0.0
GSM4138110_HNSCC_1_PBMC_CATATTCTCCGCGTTT	49.88779939647609	60.07296577941414	0.0	14.327326048863902	0.0	0.0	8.796186279301352	53.187781982991304	0.0	0.0	44.36868984141179	0.0	0.0	0.0	0.0	0.0	9.33234709239144	0.0	0.0	0.0	0.0	0.0	0.0	11.012101148660667	0.0	0.0	0.0	20.76817489304123	0.0	0.0	0.0	0.0
GSM4138110_HNSCC_1_PBMC_CCAATCCCATTAGCCA	73.08052768830522	77.7631730303495	0.0	18.734021515244276	0.0	74.45756050074257	66.99271133717357	0.0	0.0	0.0	0.0	0.0	0.0	0.0	0.0	0.0	0.0	0.0	0.0	0.0	0.0	0.0	47.13476758570793	6.2719049001268905	0.0	0.0	0.0	0.0	0.0	0.0	0.0	0.0
GSM4138110_HNSCC_1_PBMC_CCACGGAAGATCGGGT	49.731794840921204	62.091727095052455	0.0	1.1124331319456207	4.283380106221741	0.0	0.0	44.56083731599002	0.0	0.0	0.0	46.399847345339055	0.0	0.0	0.0	0.0	0.0	0.0	0.0	0.0	42.59741724651612	0.0	0.0	0.0	0.0	0.0	0.0	76.30240100977896	0.0	0.0	0.0	0.0
GSM4138110_HNSCC_1_PBMC_CCATGTCAGAGGTAGA	56.37069149720643	83.70840858989565	54.29992885749409	33.84970534950408	0.0	0.0	0.0	0.0	0.0	0.0	0.0	0.0	88.82832421964555	0.0	0.0	0.0	0.0	0.0	0.0	0.0	0.0	0.0	0.0	0.0	0.0	30.19744854105628	0.0	0.0	0.0	0.0	0.0	0.0
GSM4138110_HNSCC_1_PBMC_CCATGTCCATGCCCGA	102.55989413883663	90.27768580713305	0.0	37.801186100419386	24.680007696956125	53.679867469827705	0.0	0.0	0.0	0.0	0.0	0.0	8.646029956443979	76.975248335426	0.0	0.0	0.0	0.0	0.5190818290473699	0.0	0.0	0.0	0.0	0.0	0.0	0.0	0.0	0.0	0.0	0.0	6.0489482503016205	0.0
GSM4138110_HNSCC_1_PBMC_CCGGTAGAGCTCCTCT	50.5281592152062	36.41274288652437	0.0	10.550536023472116	0.0	0.0	0.0	0.0	0.0	0.0	72.04880121464785	0.0	0.0	0.0	0.0	0.0	0.0	0.0	0.0	0.0	42.70411066117374	60.19791342948424	0.0	0.0	0.0	0.0	0.0	0.0	0.0	0.0	0.0	0.0
GSM4138110_HNSCC_1_PBMC_CCTCTGAAGGGATCTG	58.87302642366491	61.32227961193426	0.0	14.200328766472706	0.0	31.054520971110744	0.0	0.0	0.0	0.0	0.0	0.0	0.0	0.0	0.0	56.365210755842	0.0	0.0	0.0	0.0	0.0	0.0	41.38682142114399	0.0	0.0	0.0	0.0	0.0	0.0	0.0	0.0	0.0
GSM4138110_HNSCC_1_PBMC_CGAACATGTTCGTTGA	39.406948264496684	65.11336027947986	0.0	11.252355913111964	8.244360414800996	68.08415007415675	0.0	16.145766772270186	0.0	0.0	0.0	0.0	0.0	0.0	0.0	0.0	0.0	0.0	0.0	31.294688945507517	0.0	0.0	0.9372516604631801	0.0	0.0	0.0	0.0	0.0	0.0	0.0	0.0	0.0
GSM4138110_HNSCC_1_PBMC_CGAACATTCTGTCCGT	82.09808519151287	41.9759054194517	0.0	17.299968156060096	64.83695912508882	57.453965248212235	0.0	0.0	0.0	0.0	0.0	0.0	0.0	0.0	0.0	0.0	0.0	0.0	45.62691633401716	0.0	0.0	0.0	0.0	0.0	0.0	0.0	0.0	0.0	0.0	0.0	0.0	0.0
GSM4138110_HNSCC_1_PBMC_CGAATGTAGCGTCTAT	85.6582335549397	68.43176027016689	19.31018263611348	27.252886136016	0.0	0.0	0.0	0.0	32.54432662929228	0.0	0.0	0.0	0.0	0.0	44.160983158312355	0.0	0.0	0.0	0.0	0.0	0.0	0.0	0.0	0.0	0.0	0.0	0.0	0.0	0.0	0.0	0.0	0.0
GSM4138110_HNSCC_1_PBMC_CGGGTCAAGTCTCGGC	44.386017812877135	77.91302962690001	0.0	10.036761228416355	0.0	0.0	0.0	0.0	0.0	0.0	0.0	0.0	0.0	0.0	0.0	0.0	105.75657831922982	0.0	0.0	0.0	0.0	4.967709463797555	0.0	44.8775108404427	0.0	0.0	0.0	0.0	0.0	0.0	0.0	0.0
GSM4138110_HNSCC_1_PBMC_CGTCTACCAAGCGTAG	98.64325877569112	137.65907793028313	0.0	6.185439579341499	0.0	49.78253945961278	0.0	0.0	94.57002084438712	0.0	0.0	0.0	0.0	0.0	0.0	0.0	0.0	0.0	0.0	0.0	0.0	0.0	0.0	0.0	0.0	0.0	0.0	0.0	43.5207773372286	0.0	0.0	0.0
GSM4138110_HNSCC_1_PBMC_CGTGTCTAGGTCGGAT	91.28206119647342	73.43946806909136	56.58895116792864	44.16663356396455	0.0	0.0	59.86082698947619	63.32945009225792	0.0	0.0	0.0	0.0	0.0	0.0	0.0	0.0	0.0	0.0	0.0	0.0	0.0	0.0	0.0	0.0	0.0	0.0	0.0	0.0	0.0	0.0	0.0	0.0
GSM4138110_HNSCC_1_PBMC_CGTTAGACATCCAACA	52.1817740032753	40.20663683461805	0.0	11.142683974656814	0.0	108.68590588805499	0.0	0.0	0.0	0.0	0.0	0.0	0.0	0.0	0.0	0.0	0.0	0.0	0.0	0.0	0.0	12.880573497654192	0.0	0.0	23.01592451954507	0.0	0.0	0.0	0.0	0.0	0.0	0.0
GSM4138110_HNSCC_1_PBMC_CGTTGGGCATATGCTG	39.258545459516775	26.50772822308531	56.34692066596494	7.935959456905354	0.0	0.0	0.0	0.0	0.0	3.4594682000775028	0.0	0.0	0.0	0.0	32.76591228401484	0.0	0.0	0.0	0.0	14.299564957625	0.0	0.0	0.0	0.0	0.0	0.0	0.0	44.28653881500866	0.0	0.0	0.0	0.0
GSM4138110_HNSCC_1_PBMC_CTAATGGTCTCGCTTG	48.31102735902618	78.15345513232346	0.0	30.58415758749732	0.0	0.0	34.99621054291608	46.59376447966413	0.0	0.0	0.0	13.832011999139032	0.0	0.0	0.0	0.0	0.0	0.0	0.0	0.0	0.0	0.0	0.0	0.0	0.0	0.0	0.0	0.0	0.0	0.0	0.0	0.0
GSM4138110_HNSCC_1_PBMC_CTACATTTCACCAGGC	53.14848238031889	53.0632878797729	0.0	24.291654851739985	0.0	44.91370414315462	0.0	0.0	52.6374971527563	0.0	0.0	0.0	0.0	0.0	0.0	0.0	0.0	0.0	0.0	0.0	0.0	0.0	57.9172412538541	0.0	0.0	0.0	0.0	0.0	0.0	0.0	0.0	0.0
GSM4138110_HNSCC_1_PBMC_CTACGTCTCGAACGGA	76.30345456299692	32.82624129189802	0.0	29.560874106619963	0.0	0.0	0.0	0.0	17.035058741338222	0.0	53.46200193653757	0.0	0.0	0.0	0.0	0.0	0.0	0.0	0.0	0.0	0.0	25.81769395581138	0.0	0.0	0.0	0.0	0.0	0.0	0.0	0.0	0.0	0.0
GSM4138110_HNSCC_1_PBMC_CTAGAGTCACTTACGA	83.60929639967632	39.72732371848592	40.09188755086567	14.313718670477668	0.0	0.0	0.0	20.54542820832255	0.0	0.0	0.0	0.0	90.4566941251045	0.0	0.0	0.0	0.0	0.0	0.0	0.0	0.0	0.0	3.587073682668506	0.0	0.0	0.0	0.0	0.0	0.0	0.0	0.0	0.0
GSM4138110_HNSCC_1_PBMC_CTCAGAATCCGGGTGT	51.01308691382193	68.35305330419575	0.0	18.12480552430696	0.0	32.35310395094312	0.0	0.0	0.0	0.0	2.571418311860514	0.0	0.0	0.0	0.0	73.71475066612831	0.0	26.616776124260333	0.0	0.0	0.0	0.0	3.7116361783765157	0.0	0.0	0.0	0.0	0.0	0.0	0.0	0.0	0.0
GSM4138110_HNSCC_1_PBMC_CTCGGGATCAATACCG	54.873871103639495	34.94289749664223	0.0	20.129765706302152	0.0	67.82507615391793	0.0	0.0	0.0	0.0	14.80542647987227	0.0	0.0	0.0	0.0	150.26132125770354	0.0	0.0	0.0	0.0	0.0	51.803672255766756	0.0	0.0	0.0	0.0	0.0	0.0	0.0	0.0	0.0	0.0
GSM4138110_HNSCC_1_PBMC_CTCGTACAGATCGGGT	94.50693617360612	123.85294571436145	0.0	46.71987157731473	11.634534178336786	0.0	0.0	0.0	0.0	0.0	0.0	132.80145386280455	0.0	189.22725620429927	0.0	0.0	0.0	104.7311848126116	0.0	0.0	0.0	0.0	93.44263204069492	0.0	0.0	0.0	0.0	0.0	0.0	0.0	0.0	0.0
GSM4138110_HNSCC_1_PBMC_CTCGTACTCTGTCCGT	43.52341497193768	66.01816030286976	0.0	17.677513373721908	0.0	0.0	0.0	47.09997417217642	0.0	74.97127703136658	88.63223688566164	0.0	0.0	0.0	0.0	0.0	0.0	0.0	0.0	0.0	0.0	0.0	0.0	0.0	0.0	0.0	0.0	0.0	0.0	0.0	0.0	0.0
GSM4138110_HNSCC_1_PBMC_CTCTGGTAGGCGTACA	46.21265535430055	43.82210830988844	45.39120502355427	19.91603084977098	0.0	0.0	0.0	0.0	0.0	20.613345999067924	0.0	0.0	0.0	0.0	0.0	0.0	0.0	0.0	0.0	0.0	0.0	0.0	10.282566100062459	0.0	0.0	0.0	14.955788209329716	0.0	0.0	0.0	0.0	0.0
GSM4138110_HNSCC_1_PBMC_CTGAAACTCCGAGCCA	62.83057315421245	23.903792554315206	0.0	19.24589233673074	0.0	0.0	0.0	0.0	0.0	0.0	0.0	38.20878047660348	0.0	16.84031600559472	0.0	0.0	0.0	0.0	0.0	0.0	53.604864672411715	0.0	0.0	0.0	0.0	54.314498327722006	0.0	0.0	0.0	0.0	0.0	0.0
GSM4138110_HNSCC_1_PBMC_CTGAAGTAGCGATCCC	56.838164209043406	36.641813865637886	7.512826514458424	27.362626880110607	21.02676077047741	0.0	0.0	23.65472996328758	0.0	0.0	46.934200426967585	0.0	0.0	0.0	0.0	0.0	0.0	0.0	0.0	0.0	0.0	0.0	0.0	35.94049405565278	13.002385850719362	0.0	0.0	0.0	0.0	0.0	0.0	0.0
GSM4138110_HNSCC_1_PBMC_CTGATAGAGATCTGCT	77.57344059728251	36.64883093607505	0.0	19.33825957662562	55.85276836167695	0.0	0.0	0.0	0.0	46.92872165747502	21.636348129719075	0.0	0.0	0.0	0.0	0.0	0.0	0.0	0.0	0.0	0.0	0.0	30.801368473186045	0.0	0.0	0.0	0.0	0.0	0.0	0.0	0.0	0.0
GSM4138110_HNSCC_1_PBMC_CTGATAGAGCCTTGAT	60.63870486717468	58.92897791039955	14.135930862269046	27.827182809788354	0.0	0.0	0.0	56.984340568664415	0.0	0.0	41.78083390980315	0.0	39.68390692716006	0.0	0.0	0.0	4.240361536758596	0.0	0.0	0.0	0.0	0.0	0.0	0.0	0.0	0.0	0.0	22.01223939386703	0.0	0.0	0.0	0.0
GSM4138110_HNSCC_1_PBMC_CTGCCTAAGGTGCTTT	47.41747905764309	90.5951776771685	0.0	16.962232593054676	7.998686085034649	0.0	0.0	0.0	0.0	0.0	97.64360199784616	0.0	0.0	0.0	26.45626717512625	0.0	0.0	0.0	28.000415353544312	0.0	0.0	0.0	0.0	0.0	0.0	0.0	0.0	0.0	0.0	0.0	0.0	0.0
GSM4138110_HNSCC_1_PBMC_CTGCCTATCACGACTA	53.81341391666098	34.29911614903375	0.0	8.77521560541369	0.0	0.0	0.0	0.0	0.0	0.0	26.362913496769583	0.0	0.0	0.0	0.0	0.0	20.291273884044088	0.0	0.0	0.0	83.79851914453103	17.348468311512868	0.0	0.0	0.0	0.0	0.0	0.0	0.0	0.0	0.0	0.0
GSM4138110_HNSCC_1_PBMC_CTGGTCTTCGAGAACG	53.7720650012648	17.004389721483832	0.0	9.752476407110526	0.0	35.49865442140562	0.0	0.0	0.0	0.0	0.0	0.0	36.70518380948991	0.0	50.49773999232357	0.0	0.0	0.0	0.0	0.0	0.0	0.0	0.0	0.0	0.0	0.0	0.0	0.0	0.0	0.0	0.0	0.0
GSM4138110_HNSCC_1_PBMC_CTGTTTAAGTGGAGTC	89.08905869417345	21.388060948556628	0.0	15.944819152443754	0.0	0.0	0.0	32.20905809886459	0.0	0.0	62.85170487654351	0.0	0.0	0.0	0.0	0.0	0.0	0.0	0.0	0.0	19.920655247458225	12.950925700910723	0.0	0.0	0.0	0.0	0.0	0.0	0.0	0.0	0.0	0.0
GSM4138110_HNSCC_1_PBMC_GAACATCTCCCTAATT	118.59865307349112	78.62518281007794	0.0	43.59843055726286	51.90112540106913	0.0	0.0	0.0	0.0	0.0	0.0	95.50502371879166	37.23855871929789	0.0	0.0	0.0	0.0	0.0	0.0	0.0	0.0	0.0	0.0	0.0	0.0	0.0	0.0	0.0	0.0	0.0	37.557574055915836	0.0
GSM4138110_HNSCC_1_PBMC_GAACCTATCTGAGGGA	16.003157182766465	44.08168710894266	0.0	12.767132550352727	0.0	48.92271765316325	0.0	0.0	0.0	62.05471183040027	0.0	0.0	0.0	0.0	0.0	0.0	0.0	30.099031411782324	0.0	0.0	0.0	0.0	0.0	0.0	0.0	0.0	0.0	0.0	0.0	0.0	0.0	0.0
GSM4138110_HNSCC_1_PBMC_GAATGAATCAGTTAGC	38.73502714303165	23.418829523627316	0.0	13.599485789820049	0.0	0.0	45.47414953860803	37.564250295854	0.0	5.73251336148861	0.0	17.22023215383847	0.0	5.299136543324575	0.0	0.0	0.0	0.0	0.0	0.0	0.0	18.351473819848863	0.0	0.0	0.0	0.0	0.0	0.0	0.0	0.0	0.0	0.0
GSM4138110_HNSCC_1_PBMC_GATCGATAGTACACCT	40.05422246434305	101.55146230207492	0.0	22.513221485221962	34.219713841270384	43.963546136073624	0.0	0.0	0.0	0.0	0.0	0.0	0.0	0.0	0.0	0.0	0.0	0.0	44.00094406143347	0.0	0.0	0.0	0.0	0.0	0.0	0.0	0.0	0.0	0.0	0.0	0.0	0.0
GSM4138110_HNSCC_1_PBMC_GATCGATTCAGCATGT	127.94428337143887	75.02200883888506	83.69763247696183	16.56660551618352	45.61728006164753	0.0	0.0	17.846001707077193	67.13623233602871	0.0	0.0	0.0	0.0	0.0	0.0	0.0	0.0	0.0	0.0	0.0	0.0	0.0	0.0	0.0	0.0	0.0	0.0	0.0	0.0	0.0	0.0	0.0
GSM4138110_HNSCC_1_PBMC_GATGAAATCCAAGCCG	72.70648523099291	34.1441066929257	22.914575942719136	18.08297784911472	83.94578172327161	0.0	0.0	0.0	0.0	35.93421236705916	0.0	0.0	0.0	0.0	0.0	0.0	0.0	0.0	0.0	0.0	0.0	0.0	0.0	0.0	0.0	0.0	2.394131222898438	0.0	0.0	0.0	28.576718386638493	0.0
GSM4138110_HNSCC_1_PBMC_GCACATAAGGTGTGGT	27.934891959113582	56.229152811299635	0.0	11.372098829383539	0.0	48.03227463911657	0.0	0.0	0.0	0.0	0.0	0.0	0.0	0.0	0.0	41.18036306085869	0.0	0.0	0.0	0.0	0.0	0.0	0.0	0.0	0.0	0.0	0.0	0.0	120.15077677089074	0.0	0.0	0.0
GSM4138110_HNSCC_1_PBMC_GCACTCTGTACAGTGG	48.06133256167239	9.991528519993265	0.0	24.3593163724826	45.27899932905882	36.27154132292291	0.0	0.0	150.61852175984157	0.0	0.0	0.0	0.0	0.0	20.92431533159624	0.0	0.0	0.0	0.0	0.0	0.0	0.0	0.0	0.0	11.486908164095345	0.0	0.0	0.0	0.0	0.0	0.0	0.0
GSM4138110_HNSCC_1_PBMC_GCCTCTAAGTTAAGTG	66.07823662399156	34.9839118369326	36.34485154098032	13.483299150165292	0.0	0.0	0.0	0.0	0.29453602338245366	0.0	0.0	0.0	0.0	0.0	0.0	0.0	0.0	28.054449811430054	0.0	0.0	0.0	0.0	0.0	43.30436393354862	0.0	0.0	0.0	0.0	0.0	0.0	0.0	0.0
GSM4138110_HNSCC_1_PBMC_GCCTCTAGTTGAACTC	39.64511334434481	71.67604719867394	0.0	8.32413987833104	0.0	44.08868176691482	0.0	0.0	0.0	45.98930882386257	0.0	0.0	0.0	0.0	0.0	0.0	0.0	39.650210528212725	0.0	0.0	0.0	0.0	0.0	0.0	0.0	0.0	0.0	0.0	0.0	0.0	0.0	0.0
GSM4138110_HNSCC_1_PBMC_GCGAGAAAGTGACATA	27.334773064594962	70.65742666721736	102.17289601166136	13.983578505603695	0.0	0.0	30.316493398613158	0.0	0.0	3.89547427832659	45.10881458545323	0.0	0.0	0.0	0.0	0.0	0.0	0.0	0.0	0.0	39.86034409756579	0.0	25.80725965544238	0.0	0.0	0.0	0.0	0.0	0.0	0.0	0.0	0.0
GSM4138110_HNSCC_1_PBMC_GCTGCAGGTCCTCTTG	67.25982789835803	10.0073217404268	61.84980252268418	26.60259113281571	0.0	0.0	0.0	0.0	0.0	70.70922648654388	0.0	0.0	0.0	0.0	0.0	0.0	0.0	0.0	0.0	0.0	0.0	1.8472629570014703	11.620895590711736	0.0	0.0	0.0	0.0	0.0	9.148327565907872	0.0	0.0	0.0
GSM4138110_HNSCC_1_PBMC_GGAAAGCAGTCAATAG	61.31683576759192	44.9756379458385	0.0	13.584097044282858	41.869339035024716	73.05763557529177	0.0	0.0	0.0	80.88808181377185	0.0	0.0	0.0	0.0	0.0	0.0	0.0	0.0	0.0	0.0	0.0	0.0	0.0	0.0	0.0	0.0	0.0	0.0	0.0	0.0	0.0	0.0
GSM4138110_HNSCC_1_PBMC_GGAACTTGTTTACTCT	50.37425206477223	52.94074455314638	0.0	20.010450075178753	0.0	16.792762181355524	34.60510049011845	0.0	0.0	0.0	0.0	30.532782375044654	0.0	0.0	11.112601842350108	0.0	0.0	0.0	0.0	0.0	0.0	0.21258167998606556	22.950269779872013	0.0	0.0	2.6978338810603275	0.0	0.0	0.0	0.0	0.0	0.0
GSM4138110_HNSCC_1_PBMC_GGCAATTGTCCTCTTG	64.31622901326791	28.800973830405738	8.24538936636163	21.9228545638485	0.0	0.0	0.0	0.0	0.0	0.0	0.0	0.0	22.65844841552279	0.0	0.0	0.0	0.0	0.0	16.568369933547213	0.0	0.0	0.0	0.0	0.0	0.0	0.0	0.0	0.0	49.14881621845542	0.0	12.555350160711994	0.0
GSM4138110_HNSCC_1_PBMC_GGGACCTAGGCCCTTG	27.090926853294345	43.003091997559395	0.0	18.530788729487416	17.711892703004153	11.77113338245069	16.95433925379023	0.0	0.0	0.0	0.0	29.43178127771173	0.0	0.0	0.0	33.700707992024284	0.0	0.0	0.0	0.0	0.0	0.0	0.0	0.0	0.0	0.0	0.0	0.0	0.0	0.0	0.0	0.0
GSM4138110_HNSCC_1_PBMC_GGGACCTTCGTCCAGG	34.70103526408277	42.82439273221451	0.0	15.928655070073484	45.619293396373976	32.32293599530548	0.0	0.0	69.14716255771191	0.0	0.0	0.0	0.0	0.0	0.6196653596574695	0.0	0.0	0.0	0.0	0.0	0.0	0.0	0.0	0.0	0.0	0.0	0.0	0.0	0.0	0.0	0.0	0.0
GSM4138110_HNSCC_1_PBMC_GGGATGACAATGGTCT	105.9670107035874	24.662943524345675	0.0	13.17509504264344	0.0	23.80325941862293	0.0	0.0	24.145717213129185	0.0	0.0	43.1428665397386	0.0	0.0	0.0	0.0	0.0	9.546476848286972	0.0	0.0	0.0	0.0	0.0	31.26922163517622	0.0	0.0	0.0	0.0	0.0	0.0	0.0	0.0
GSM4138110_HNSCC_1_PBMC_GGGCACTGTCTAGGTT	84.58979381003827	78.35566360196498	79.27598250095365	22.301083193703292	49.678242611373285	0.0	0.0	0.0	0.0	0.0	0.0	0.0	34.39907771155776	0.0	0.0	0.0	0.0	0.0	0.0	0.0	0.0	0.0	0.0	0.0	0.0	0.0	0.0	0.0	0.0	0.0	36.69209350177287	0.0
GSM4138110_HNSCC_1_PBMC_GGTATTGTCCTTCAAT	112.22272294435778	18.262213429974558	0.0	31.514708358062304	0.0	0.0	0.0	0.0	0.0	0.0	0.0	50.49825023247499	0.0	0.0	0.0	30.260091863936132	0.0	0.0	0.0	0.0	0.0	0.0	72.86285014453534	0.0	0.0	0.0	0.0	0.0	0.0	0.0	0.0	0.0
GSM4138110_HNSCC_1_PBMC_GGTGTTACAATCCAAC	30.665868439852147	33.53455409335052	0.0	15.801729635931194	0.0	53.17117011756143	0.0	40.358736050817285	0.0	0.0	0.0	0.0	0.0	0.0	0.0	0.0	0.0	0.0	0.0	0.0	0.0	0.0	0.0	40.26865277571213	0.0	0.0	0.0	0.0	0.0	0.0	0.0	0.0
GSM4138110_HNSCC_1_PBMC_GGTGTTACAGCCACCA	57.7730709829556	36.14850894465859	0.0	36.44805489286495	0.0	52.89352742829596	0.0	25.58273022594293	0.0	0.0	0.0	0.0	59.40684762513738	0.0	0.0	0.0	0.0	0.0	0.0	0.0	1.1414311295556974	2.581529889511657	0.0	0.0	0.0	0.0	0.0	0.0	0.0	0.0	0.0	0.0
GSM4138110_HNSCC_1_PBMC_GTAACGTTCGTATCAG	106.34793510226355	91.32790897767406	67.90844130287628	32.21547405099158	70.54448233897526	0.0	115.72685853524365	0.0	0.0	0.0	0.0	0.0	0.0	0.0	11.454097528911483	0.0	0.0	0.0	0.0	0.0	0.0	0.0	0.0	0.0	0.0	0.0	0.0	0.0	0.0	0.0	0.0	0.0
GSM4138110_HNSCC_1_PBMC_GTATTCTTCTTCCTTC	64.94577910679055	44.584802968646486	0.0	21.32681991534955	0.0	56.0586336212673	0.0	0.0	0.0	0.0	0.0	0.0	58.20679840366152	0.0	35.0426107472366	0.0	0.0	0.0	0.0	0.0	0.0	9.737781673612334	0.0	0.0	0.0	0.0	0.0	0.0	0.0	0.0	0.0	0.0
GSM4138110_HNSCC_1_PBMC_GTCAAGTGTGGGTATG	41.71976499097012	55.11871765030308	0.0	14.2289048510221	0.0	66.24335783855183	0.0	60.31184510491084	0.0	0.0	0.0	0.0	0.0	0.0	0.0	0.0	0.0	0.0	43.95225649360166	0.0	0.0	0.0	0.0	0.0	0.0	0.0	0.0	0.0	0.0	0.0	0.0	0.0
GSM4138110_HNSCC_1_PBMC_GTCACGGGTGCAACGA	15.915015039752818	35.32403143565768	483.61126236087966	0.0	0.0	0.0	0.0	0.0	0.0	0.0	19.59398331649469	0.0	0.0	0.0	0.0	54.69736145939911	0.0	959.0652282682847	0.0	0.0	0.0	0.0	0.0	0.0	0.0	0.0	0.0	0.0	0.0	0.0	0.0	0.0
GSM4138110_HNSCC_1_PBMC_GTGCGGTCAAGGTGTG	99.57478180889558	26.829315463767518	46.022332729776174	1.2953416137676736	1.497470602725347	0.0	0.0	74.03614783459034	0.0	0.0	29.881049691173807	0.0	0.0	28.338461048621404	0.0	0.0	0.0	0.0	0.0	0.0	0.0	0.0	0.0	0.0	35.70654468565091	0.0	0.0	0.0	0.0	0.0	0.0	0.0
GSM4138110_HNSCC_1_PBMC_GTGTGCGAGGAGCGAG	47.20989914078583	37.26402216226815	36.58378333800177	11.645726681487506	0.0	0.0	126.43173709691919	0.0	0.0	0.0	0.0	0.0	0.0	0.0	0.0	0.0	0.0	0.0	0.0	0.0	0.0	0.0	0.0	0.0	0.0	0.0	0.0	0.0	0.0	26.772249426136202	0.0	0.0
GSM4138110_HNSCC_1_PBMC_GTGTGCGCAAGTCATC	37.55496257303548	42.509442184192956	107.20437258247692	14.500508750892573	0.0	0.0	0.0	0.0	0.0	0.0	0.0	0.0	0.0	53.91942384823788	0.0	0.0	0.0	0.0	0.0	0.0	0.0	26.0444450705266	0.0	0.0	0.0	0.0	0.0	0.0	0.0	0.0	0.0	0.0
GSM4138110_HNSCC_1_PBMC_TAAACCGTCATCTGTT	37.231061091916914	70.91718015383955	0.0	15.750199769499988	20.66883015747993	0.0	0.0	0.0	0.0	37.12866980975133	0.0	0.0	0.0	0.0	0.0	9.63073424001252	74.8296938867892	0.0	0.0	0.0	0.0	0.0	0.0	0.0	0.0	0.0	0.0	0.0	0.0	10.228520356814306	0.0	0.0
GSM4138110_HNSCC_1_PBMC_TAAGCGTCAATGGATA	69.31621021540792	56.75523293061972	26.257807281338906	45.34202855668965	80.09543798251394	0.0	66.35265807982105	0.0	0.0	0.0	11.925550115947466	0.0	0.0	0.0	0.0	0.0	0.0	0.0	0.0	0.0	0.0	0.0	0.0	0.0	0.0	0.0	0.0	0.0	0.0	0.0	0.0	0.0
GSM4138110_HNSCC_1_PBMC_TACACGATCCTGCCAT	52.224834942166304	71.89388975356874	0.0	65.75770232637981	0.0	0.0	0.0	0.0	0.0	0.0	0.0	65.14032350881845	0.0	48.4673822010509	49.115478224464816	0.0	0.0	0.0	19.262824734789305	0.0	0.0	51.436241619056354	0.0	0.0	0.0	0.0	0.0	0.0	0.0	0.0	0.0	0.0
GSM4138110_HNSCC_1_PBMC_TACCTTAAGGCTAGAC	64.92540091048811	80.07096889268843	33.86576057999337	24.7583172642778	10.18700102443702	0.0	0.0	21.198576187294005	0.0	0.0	20.634110961184213	0.0	0.0	0.0	0.0	0.0	0.0	0.0	0.0	0.0	0.0	0.0	0.0	0.0	53.47039657895406	0.0	0.0	0.0	0.0	0.0	0.0	0.0
GSM4138110_HNSCC_1_PBMC_TACGGATCAGGGTATG	39.513846899285376	42.51875132372184	0.0	17.58661205969556	0.0	35.05893231844991	37.3416938458518	37.43683016544236	26.374304139771752	0.0	0.0	28.76122518162284	0.0	0.0	0.0	0.0	0.0	0.0	0.0	0.0	0.0	0.0	0.0	0.0	0.0	0.0	0.0	0.0	0.0	0.0	0.0	0.0
GSM4138110_HNSCC_1_PBMC_TAGAGCTCAGATGGCA	69.67432400887154	44.89060368725001	46.518780544767445	11.679478749799053	0.0	0.0	0.0	0.0	0.0	0.0	0.0	0.0	0.0	24.695351811003007	67.73003996512064	0.0	0.0	0.0	0.0	0.0	0.0	0.0	0.0	0.0	13.91333007948902	0.0	0.0	0.0	0.0	0.0	0.0	0.0
GSM4138110_HNSCC_1_PBMC_TAGCCGGAGAAGGCCT	52.67437128471298	60.80507013466598	0.0	20.98577880559582	0.022424457350917235	0.0	0.0	51.891341382587754	0.0	0.0	57.923330214979536	0.0	0.0	55.10141849707643	0.0	0.0	0.0	0.0	0.0	0.0	0.0	0.0	0.0	0.0	0.0	0.0	0.0	0.0	0.0	0.0	0.0	0.0
GSM4138110_HNSCC_1_PBMC_TATCTCAAGGTGCACA	59.769389396707915	35.479450666820114	0.0	17.364810780444085	0.0	0.0	23.790311151756832	0.0	0.0	0.0	0.0	29.992470808577398	0.0	0.0	0.0	0.0	0.0	36.41580486785564	0.0	0.0	0.0	0.0	0.0	0.0	0.0	0.0	0.0	6.219476393486495	0.0	0.0	0.0	0.0
GSM4138110_HNSCC_1_PBMC_TCACAAGGTTCATGGT	36.54063361198253	53.89850293481237	0.0	9.13554077079609	18.48029195619478	0.0	0.0	0.0	60.34046876264495	0.0	37.92015972516689	0.0	0.0	0.0	0.0	0.0	0.0	0.0	0.0	0.0	0.0	0.0	0.0	0.0	0.0	0.0	0.0	0.0	0.0	0.0	0.0	0.0
GSM4138110_HNSCC_1_PBMC_TCACAAGTCTTGACGA	170.94778115261008	169.74110984689204	0.0	46.144285116257976	273.1370877346957	0.0	0.0	0.0	0.0	0.0	169.1482928441002	0.0	0.0	109.15166438171688	0.0	0.0	0.0	0.0	136.70173066148627	0.0	0.0	0.0	0.0	0.0	0.0	0.0	0.0	0.0	0.0	0.0	0.0	0.0
GSM4138110_HNSCC_1_PBMC_TCGAGGCTCGGAAATA	93.61145518818356	49.38042442419234	0.0	17.912933301953416	37.39290949915829	0.0	0.0	0.0	75.3418345374522	0.0	36.28274330052416	0.0	0.0	0.0	0.0	0.0	36.05314141625915	0.0	0.0	0.0	0.0	0.0	0.0	0.0	0.0	0.0	0.0	0.0	0.0	0.0	0.0	0.0
GSM4138110_HNSCC_1_PBMC_TCTATTGGTTTAGGAA	36.09270932394031	54.7589673963034	56.56404935869426	14.829528238069711	38.04974530611904	0.0	0.0	0.0	0.0	0.0	0.0	0.0	51.307412024100195	0.0	0.0	0.0	0.0	0.0	0.0	0.0	0.0	0.0	0.0	0.0	0.0	0.0	0.0	0.0	0.0	0.0	0.0	0.0
GSM4138110_HNSCC_1_PBMC_TCTATTGTCATCTGCC	34.05257131024486	77.46116595436816	1.7343755287676437	1.740790937839118	34.97122951910944	7.138514879440517	0.0	3.006384568534182	0.0	0.0	0.0	0.0	0.0	0.0	0.0	11.883414960474749	0.0	0.0	0.0	0.0	0.0	0.0	0.0	7.079960040392903	0.0	0.0	0.0	0.0	0.0	0.0	0.0	0.0
GSM4138110_HNSCC_1_PBMC_TCTTCGGCACCCTATC	52.18682031113228	57.6046791852005	54.330518570734725	7.531755058132536	30.267920754548935	0.0	0.0	0.0	0.0	55.617115353012636	31.9513558796801	0.0	0.0	0.0	0.0	0.0	0.0	0.0	0.0	0.0	0.0	0.0	0.0	0.0	0.0	0.0	0.0	0.0	0.0	0.0	0.0	0.0
GSM4138110_HNSCC_1_PBMC_TGGGCGTTCACAGGCC	0.0	0.0	0.0	0.0	0.0	0.0	0.0	1564.3786511733224	0.0	0.0	0.0	0.0	0.0	0.0	0.0	0.0	0.0	766.3647874783414	0.0	0.0	0.0	362.1925362001823	0.0	0.0	0.0	0.0	0.0	0.0	0.0	0.0	0.0	0.0
GSM4138110_HNSCC_1_PBMC_TGTGTTTGTTAAAGAC	99.40201493191688	47.345984280781	99.80219545252105	24.251911810981508	65.8681405907244	0.0	0.0	0.0	0.0	100.09281452682237	0.0	0.0	0.0	0.0	71.55723481592962	0.0	0.0	0.0	0.0	0.0	0.0	0.0	0.0	0.0	0.0	0.0	0.0	0.0	0.0	0.0	0.0	0.0
GSM4138110_HNSCC_1_PBMC_TGTTCCGCACGGCGTT	137.52282356485566	218.62289548335173	127.37668207383197	39.16922835745084	154.21189159928213	0.0	10.878976373748293	0.0	0.0	0.0	1.2937403010002655	0.0	126.55273278823117	0.0	0.0	0.0	0.0	2.309434621804182	45.346781680961584	0.0	0.0	0.0	0.0	0.0	0.0	0.0	0.0	0.0	0.0	0.0	0.0	0.0
GSM4138110_HNSCC_1_PBMC_TTAGGCAAGGCTAGCA	105.40684949623191	60.004219320964694	47.363274173869826	32.766744955647845	41.91532749038903	0.0	0.0	0.0	0.0	0.0	0.0	0.0	0.0	0.0	0.0	0.0	0.0	0.0	41.81900740342128	0.0	0.0	0.0	0.0	0.0	0.0	0.0	0.0	0.0	0.0	0.0	0.0	0.0
GSM4138110_HNSCC_1_PBMC_TTCCCAGCACATGGGA	9.51737689514839	23.00791242742607	17.73697624604687	7.698390482122668	0.0	45.644008638186946	51.51440444976593	0.0	0.0	0.0	0.0	0.0	0.0	0.0	81.31524620995238	0.0	0.0	0.0	0.0	0.0	0.0	0.0	0.0	0.0	0.0	0.0	0.0	0.0	0.0	0.0	0.0	0.0
GSM4138110_HNSCC_1_PBMC_TTCGGTCAGACCCACC	24.45766764738549	65.76250249760936	27.21205854213551	12.941391959621638	0.0	0.0	0.0	21.10144736644662	38.800436005716655	0.0	0.0	0.0	18.479858141793265	0.0	0.0	0.0	6.489945779027348	0.0	0.0	0.0	0.0	0.0	0.0	0.0	0.0	0.0	0.0	0.0	0.0	0.0	0.0	0.0
GSM4138110_HNSCC_1_PBMC_TTCTCCTTCCTCAATT	62.36304610978481	47.37108130211527	0.0	21.690035585935654	42.521911844151326	0.0	0.0	0.0	0.0	0.0	74.7337947808981	0.0	0.0	0.0	0.0	0.0	0.0	0.0	39.5806912895861	0.0	0.0	0.0	0.0	0.0	0.0	0.0	0.0	0.0	0.0	0.0	0.0	0.0
GSM4138110_HNSCC_1_PBMC_TTGAACGGTCGAAAGC	28.30024884749365	42.2898333498214	45.62975120410039	12.291862341559744	0.0	0.0	0.0	0.0	0.0	42.2856198000483	0.0	0.0	0.0	0.0	0.0	0.0	1.3552127263422085	0.0	0.0	0.0	0.0	0.0	0.0	8.493842566888409	0.0	0.0	0.0	0.0	30.59187145369289	0.0	0.0	0.0
GSM4138110_HNSCC_1_PBMC_TTGCCGTAGTCAAGCG	59.69567323932115	38.071467601798304	0.0	13.2695650090031	0.4630520698669754	0.0	0.0	35.895584170861916	0.0	0.0	1.2694798391886715	0.0	0.0	0.0	0.0	0.0	52.85715766490084	0.0	0.0	0.0	0.0	0.0	0.0	0.0	0.0	0.0	0.0	23.37088594364471	0.0	0.0	62.80733907305539	0.0
GSM4138110_HNSCC_1_PBMC_TTGCGTCTCAAGGCTT	74.13974316168493	47.181898885866175	71.99767992539502	25.32334897234939	36.513187035865265	0.0	0.0	0.0	0.0	0.0	0.0	0.0	53.7143719904374	0.0	0.0	0.0	0.0	0.0	0.0	0.0	0.0	0.0	0.0	0.0	0.0	0.0	0.0	0.0	0.0	0.0	0.0	0.0
GSM4138110_HNSCC_1_PBMC_TTTATGCGTGCATCTA	66.15654728826448	26.276662344917014	0.0	6.790348137151056	0.0	58.06135022788213	0.0	0.0	0.0	0.0	0.0	0.0	0.0	0.0	0.0	0.0	0.0	0.0	0.0	0.0	32.907391267946984	9.969494991280952	0.0	0.0	0.0	0.0	0.0	0.0	0.0	0.0	0.0	0.0
GSM4138110_HNSCC_1_PBMC_TTTGCGCTCTTGTACT	52.92208050831477	62.279369075474996	24.46342974091683	17.585467862279202	19.637700380440616	0.0	0.0	0.0	0.0	77.89890978901732	0.0	0.0	0.0	0.0	3.560465845172515	0.0	0.0	0.0	0.0	0.0	0.0	0.0	0.0	0.0	0.0	0.0	0.0	0.0	0.0	0.0	0.0	0.0
GSM4138110_HNSCC_1_PBMC_TTTGGTTCACTTCTGC	108.39192019602648	56.48879199893017	99.46433339122173	36.95667020119998	0.0	0.0	0.0	48.20697261324844	69.12253589800474	0.0	4.347233854679661	0.0	0.0	0.0	0.0	0.0	14.676822541453527	0.0	0.0	0.0	0.0	0.0	0.0	0.0	0.0	0.0	0.0	0.0	0.0	0.0	0.0	0.0
GSM4138110_HNSCC_1_PBMC_CTACACCAGTTGTAGA	176.67899403182062	167.01762716925066	0.0	20.386290781722064	66.26797859805622	0.0	0.0	3.569008781972751	0.0	119.76022824475359	0.0	0.0	0.0	0.0	0.0	0.0	54.52433815208302	0.0	0.0	0.0	0.0	0.0	0.0	0.0	0.0	0.0	0.0	0.0	0.0	0.0	0.0	0.0
GSM4138110_HNSCC_1_PBMC_AACTGGTGTCAGAATA	38.710585719048915	53.97405772479075	0.0	11.795477483708577	10.839997506892114	63.283329077790285	0.0	0.0	0.0	43.009285797115965	0.0	0.0	0.0	0.0	15.33166618577675	0.0	0.0	0.0	0.0	0.0	0.0	0.0	0.0	0.0	0.0	0.0	0.0	0.0	0.0	0.0	0.0	0.0
GSM4138110_HNSCC_1_PBMC_AAACGGGTCCTCAACC	46.94754023504267	54.27944275857282	44.707594870633784	11.624041903907374	0.0	0.0	0.0	0.0	0.0	0.0	0.0	0.0	0.0	0.0	19.060937389985117	0.0	4.415935016783662	0.0	0.0	44.54262889458694	0.0	13.166497180608054	0.0	0.0	0.0	0.0	0.0	0.0	0.0	0.0	0.0	0.0
GSM4138110_HNSCC_1_PBMC_AAGGCAGAGGCGTACA	86.09422735239525	31.055485293323237	0.0	30.182781049461912	7.134857840691844	66.03210093630814	0.0	14.622311804060706	0.0	0.0	0.0	0.0	53.69585782785472	0.0	0.0	0.0	0.0	0.0	0.0	0.0	0.0	0.0	0.0	0.0	0.0	0.0	0.0	0.0	0.0	0.0	0.0	0.0
GSM4138110_HNSCC_1_PBMC_ACATGGTCAATGGAGC	84.37680742032705	60.833399708168706	0.0	26.97336439207329	36.56201235008787	0.0	24.284295225091796	0.0	0.0	0.0	0.0	76.47739498844841	0.0	0.0	0.0	0.0	0.0	0.0	0.0	0.0	0.0	0.0	0.0	0.0	16.999750570800057	0.0	0.0	0.0	0.0	0.0	0.0	0.0
GSM4138110_HNSCC_1_PBMC_ACGATGTGTTATCACG	68.50677642292322	48.45995201545216	39.42440684513305	21.612061334122277	24.07738682583981	0.0	0.0	2.703568605992221	0.0	0.0	0.0	0.0	44.82016042851887	0.0	0.0	0.0	0.0	0.0	0.0	0.0	0.0	0.0	0.0	0.0	0.0	0.0	0.0	0.0	0.0	0.0	0.0	0.0
GSM4138110_HNSCC_1_PBMC_ACGGCCATCTCCCTGA	88.18853991285812	79.48433035372311	28.133771691990468	30.459203170264136	62.090502156685226	0.0	0.0	0.0	0.0	0.0	35.375466620874626	0.0	0.0	0.0	0.0	87.18499306380161	0.0	0.0	0.0	2.7621280215038144	0.0	0.0	0.0	0.0	0.0	0.0	0.0	0.0	0.0	0.0	0.0	0.0
GSM4138110_HNSCC_1_PBMC_AGCTCTCTCATTGCCC	107.1574893835857	90.07869938707505	0.0	68.38402003477792	0.0	0.0	0.0	0.0	0.0	0.0	0.0	0.0	0.0	0.0	0.0	0.0	76.21149693907043	121.54003585108173	0.0	4.697256886477125	0.0	0.0	0.0	0.0	0.0	0.0	56.73825158200744	0.0	0.0	0.0	12.546200254402189	0.0
GSM4138110_HNSCC_1_PBMC_AGGTCATTCTCTAGGA	53.15291200280655	76.29382521833311	0.0	8.041852847769801	54.64077352507731	0.4037935095094484	0.0	1.1307699728636385	0.0	54.27416647320257	0.0	58.97704268250187	0.0	0.0	3.8883661689181945	0.0	0.0	0.0	0.0	0.0	0.0	0.0	0.0	0.0	0.0	0.0	0.0	0.0	0.0	0.0	0.0	0.0
GSM4138110_HNSCC_1_PBMC_ATAGACCTCTGGTGTA	51.620111597557056	71.13972451550025	22.830011917447745	19.25894111203148	26.17170180960206	0.0	64.51185215301696	0.0	0.0	0.0	0.0	0.0	0.0	0.0	13.680192767701962	0.0	13.890239770090435	0.0	0.0	0.0	45.01741518469726	0.0	0.0	0.0	0.0	0.0	0.0	0.0	0.0	0.0	0.0	0.0
GSM4138110_HNSCC_1_PBMC_ATAGACCTCTTCCTTC	58.0289897571102	51.443962739128146	0.0	10.535830407179859	0.0	0.0	0.0	0.0	0.0	0.0	0.0	20.165918035521287	0.0	0.0	42.60988758404026	0.0	0.0	0.0	28.951182241836232	0.0	0.0	0.0	0.0	0.0	0.0	0.0	0.0	0.0	0.0	0.0	0.0	0.0
GSM4138110_HNSCC_1_PBMC_ATCTACTCACTGTGTA	49.375173249330786	76.94116570680981	0.0	24.156248303814948	21.938885497786345	0.0	0.0	0.0	0.0	0.0	0.0	51.57106396469071	0.0	0.0	0.0	44.078210124368916	0.0	39.54975109661526	0.0	21.531837371944878	0.0	0.0	0.0	0.0	0.0	0.0	0.0	0.0	0.0	0.0	0.0	0.0
GSM4138110_HNSCC_1_PBMC_ATCTGCCAGGAATCGC	64.56298696907336	68.55423852085667	32.40032609069278	25.787452053853126	0.0	0.0	0.0	55.721076893568856	14.927886510238817	0.0	23.32012322498061	0.0	32.79629930767079	0.0	0.0	0.0	0.0	0.0	0.0	0.0	0.0	0.0	0.0	0.0	0.0	0.0	0.0	0.0	0.0	0.0	0.0	0.0
GSM4138110_HNSCC_1_PBMC_ATGGGAGCATGGGAAC	124.05862333825124	101.80018849826865	181.56768647161425	11.44250289168679	0.0	0.0	0.0	0.0	0.0	109.26070773896748	0.0	0.0	0.0	0.0	0.0	0.0	0.0	164.17138338565846	0.0	0.0	0.0	0.0	0.0	0.0	0.0	0.0	0.0	0.0	86.5582184084263	0.7076864610477968	0.0	0.0
GSM4138110_HNSCC_1_PBMC_ATGTGTGGTAGCTGCC	28.09095798959918	14.624968707394855	0.0	19.499886990603045	43.338936917961526	0.0	120.14695509073752	0.0	0.0	0.0	14.29639640722586	0.0	0.0	0.0	0.0	0.0	0.0	0.0	0.0	0.0	0.0	0.0	0.0	0.0	0.0	0.0	0.0	0.0	0.0	0.0	0.0	0.0
GSM4138110_HNSCC_1_PBMC_CACAAACCATCCCACT	70.18401999484273	93.30433256401139	29.82263298495757	15.09300354116082	55.05269944413286	0.0	0.0	0.0	0.0	0.0	16.21627749517027	0.0	0.0	0.0	0.0	0.0	0.0	0.0	0.4275351542945924	50.68905979075847	0.046826224212250876	0.0	0.0	0.0	0.0	0.0	0.0	0.0	0.0	0.0	0.6024472198849125	0.0
GSM4138110_HNSCC_1_PBMC_CACCACTAGTTACCCA	94.9086013215778	69.44200843509381	0.0	22.722389134814165	53.131443956927654	57.98157514714302	0.0	0.0	0.0	0.0	0.0	0.0	48.9404072025687	0.0	0.0	0.0	0.0	0.0	14.460003048569456	0.0	1.2847670613973405	0.0	0.0	0.0	0.0	0.0	0.0	0.0	0.0	0.0	0.0	0.0
GSM4138110_HNSCC_1_PBMC_CATGCCTTCAGCTCTC	65.47519058151816	43.25114674637509	0.0	25.651046052894163	69.33560110920027	2.514394100727524	0.0	0.0	0.0	68.99869761194077	64.80644053831683	11.620216449441648	0.0	0.0	0.0	0.0	0.0	0.0	0.0	0.0	0.0	0.0	0.0	0.0	0.0	0.0	0.0	0.0	0.0	0.0	0.0	0.0
GSM4138110_HNSCC_1_PBMC_CATGGCGCATGTTCCC	80.33206498730492	62.83519593588846	13.836263058626164	23.288327704405933	54.739924792891436	0.0	83.02345060074015	22.063335574629768	0.0	0.0	0.0	9.512314343315738	0.0	0.0	0.0	0.0	0.0	0.0	0.0	0.0	0.0	0.0	0.0	0.0	0.0	0.0	0.0	17.826243117462926	0.0	0.0	0.0	0.0
GSM4138110_HNSCC_1_PBMC_CCACCTAGTAGTACCT	84.59367394923035	69.10165549096315	10.608679547346885	15.730013987743789	14.54859233048132	4.131568235029118	27.10376802995604	3.9571998936002504	0.0	6.603834560711732	0.0	75.58359225627221	0.0	0.0	27.184965971328182	0.0	0.0	0.0	0.0	0.0	0.0	0.0	0.0	0.0	0.0	0.0	0.0	0.0	0.0	0.0	0.0	0.0
GSM4138110_HNSCC_1_PBMC_CCGTTCAGTATATCCG	80.4220711061403	71.26771915273447	0.0	47.42010383952794	0.0	0.0	0.0	0.0	0.0	68.09244916214837	33.265760141522996	0.0	0.0	0.0	78.92404909533032	0.0	0.0	0.0	0.0	0.0	0.0	0.0	0.0	0.0	0.0	0.0	0.0	0.0	0.0	0.0	0.0	0.0
GSM4138110_HNSCC_1_PBMC_CCTACACGTCCGAAGA	64.0976139785743	18.979318794948657	0.0	11.639545375750199	43.5479463852586	0.0	35.876554156005106	0.0	0.0	0.0	0.0	59.665808934398534	0.0	0.0	0.0	0.0	0.0	0.0	0.0	0.0	0.0	0.0	0.0	0.0	0.0	0.0	0.0	0.0	0.0	0.0	0.0	0.0
GSM4138110_HNSCC_1_PBMC_CCTCTGAGTCGCGAAA	80.56799647762304	101.6499020519672	75.24418467145024	27.336205042044003	69.31217446372847	0.0	0.0	0.0	60.97056375293612	0.0	0.0	0.0	0.0	0.0	0.0	0.0	0.0	0.0	0.0	0.0	0.0	0.0	0.0	3.3804617655502667	17.08270566432173	0.0	0.0	0.0	0.0	0.0	0.0	0.0
GSM4138110_HNSCC_1_PBMC_CGCTGGAAGGCATGTG	45.85548574494981	55.14615636947441	47.65796356516215	23.2993742000993	28.670237798371463	0.0	0.0	29.048519692683367	75.84010764376532	0.0	0.0	0.0	0.0	0.0	0.0	0.0	0.0	0.0	0.0	0.0	0.0	0.0	0.0	0.0	0.0	0.0	0.0	0.0	0.0	0.0	0.0	0.0
GSM4138110_HNSCC_1_PBMC_CGGAGTCTCACAATGC	44.48240059438206	51.26047621453188	61.67104063431197	16.068617564996238	0.0	0.0	0.0	17.94342251434695	0.0	0.0	0.0	0.0	0.0	35.225255969019635	0.0	0.0	0.0	0.0	0.0	0.0	0.0	0.0	14.931569472427261	0.0	0.0	0.0	0.0	0.0	0.0	0.0	22.92596429883071	0.0
GSM4138110_HNSCC_1_PBMC_CGGCTAGAGCTACCGC	58.846232060532266	80.0177545906214	40.21627716795102	20.89188559637608	0.0	0.0	0.0	48.56202741505559	0.0	0.0	0.0	0.0	0.0	73.29940001326007	0.0	0.0	0.0	0.0	0.0	0.0	6.447061618069148	0.0	0.0	0.0	0.0	0.0	0.0	0.0	0.0	0.0	0.0	0.0
GSM4138110_HNSCC_1_PBMC_CGTTGGGCAAGCCGCT	69.07650397637298	15.363110921541747	0.0	38.629083812254166	7.786923898663366	0.0	0.0	50.60643101267813	41.20817511759174	0.0	0.0	34.903731169976055	0.0	0.0	0.0	0.0	0.0	0.0	0.0	0.0	0.0	0.0	0.0	0.0	0.0	0.0	0.0	0.0	0.0	0.0	0.0	0.0
GSM4138110_HNSCC_1_PBMC_CTCAGAAGTCCGACGT	35.35364551672199	31.80353184522839	33.6812832742699	7.448693867951499	0.0	0.0	0.0	40.166581861407956	0.0	0.0	0.0	0.0	0.0	0.0	0.0	0.0	26.36217739020085	0.0	0.0	0.0	0.0	0.0	0.0	64.83873124000989	0.0	0.0	0.0	0.0	0.0	0.0	0.0	0.0
GSM4138110_HNSCC_1_PBMC_CTCGTACCACGCGAAA	46.31506792013911	56.49838603710057	46.26206833917657	17.088184081097534	0.0	0.0	43.38895364520981	0.0	0.0	0.0	0.0	0.0	0.0	0.0	43.82104855024707	0.0	0.0	0.0	0.0	0.0	0.0	0.0	0.0	0.0	0.0	0.0	0.0	0.0	0.0	0.0	0.0	0.0
GSM4138110_HNSCC_1_PBMC_GAAATGAAGAGCCTAG	116.45153830408225	114.54020827476882	0.0	25.15990366200242	0.0	0.0	0.0	23.325359425687186	0.0	0.0	0.0	93.56273143233513	24.482393393754197	0.0	0.0	0.0	0.0	0.0	0.0	0.0	44.036028006008394	0.0	41.901506101467035	0.0	0.0	0.0	0.0	0.0	0.0	4.075570084069086	0.0	0.0
GSM4138110_HNSCC_1_PBMC_GACGTTATCTAACCGA	81.3249530579126	54.70597559834427	43.03366839906993	16.498747037595816	0.0	0.0	0.0	0.0	0.0	0.0	0.0	0.0	42.57706825825573	0.0	72.2452801193535	0.0	0.0	0.0	0.0	0.0	0.0	0.0	0.0	0.0	0.0	0.0	0.0	0.0	0.0	0.0	0.0	0.0
GSM4138110_HNSCC_1_PBMC_GACTGCGTCGGCATCG	104.13696491821494	45.164702514942235	0.0	25.400701036228174	0.0	0.0	0.0	0.0	0.0	64.72462325794785	37.66248898533511	0.0	0.0	0.0	0.0	0.0	0.0	0.0	0.0	0.0	0.0	46.42812956636147	0.0	0.0	0.0	0.0	0.0	0.0	0.0	0.0	0.0	0.0
GSM4138110_HNSCC_1_PBMC_GATGAGGAGGCTAGCA	39.82826687647575	42.289910547631585	41.40316736321478	21.5612943261703	36.00424493674231	0.0	0.0	0.0	0.0	0.0	0.0	0.0	0.0	0.0	0.0	70.06759082238835	0.0	0.0	0.0	0.0	0.0	0.0	0.0	0.0	0.0	0.0	0.0	0.0	0.0	0.0	0.0	0.0
GSM4138110_HNSCC_1_PBMC_GATTCAGCACCACGTG	22.101879137805767	62.00185092361092	16.60605478099351	20.540808445825125	16.792142590829656	0.0	0.0	36.755548244519034	18.007681420791023	0.0	0.0	0.0	0.0	0.0	0.0	0.0	0.0	0.0	0.0	0.0	0.0	0.0	0.0	0.0	0.0	0.0	48.739720985644496	0.0	0.0	0.0	0.0	0.0
GSM4138110_HNSCC_1_PBMC_GCAATCAGTAGCTCCG	37.99221757126259	31.101087499432367	34.615493434070494	19.715343999036453	0.0	0.0	0.0	33.75456559029488	0.0	0.0	0.0	0.0	0.0	0.0	0.0	0.0	0.0	0.0	0.0	0.0	0.0	0.0	0.0	0.0	0.0	0.0	47.511861387166306	0.0	0.0	0.0	0.0	0.0
GSM4138110_HNSCC_1_PBMC_GCGACCAGTAGCCTAT	83.42157495525424	53.85163948888892	0.0	30.21179739594591	40.02403331561184	0.0	0.0	12.917270473502525	0.0	34.45540743991401	80.06542407492307	0.0	21.086597337752032	0.0	0.0	0.0	0.0	0.0	0.0	0.0	0.0	0.0	0.0	0.0	0.0	0.0	0.0	0.0	0.0	0.0	0.0	0.0
GSM4138110_HNSCC_1_PBMC_GCTTCCATCTCATTCA	68.70853115457093	22.572150938292477	22.278179101902886	10.311918795917261	0.0	0.0	0.0	0.0	0.0	0.0	58.57039527791467	0.0	0.0	54.87492437927555	0.0	0.0	0.0	0.0	0.0	0.0	0.0	0.0	34.15967192145393	0.0	0.0	0.0	0.0	0.0	0.0	0.0	0.0	0.0
GSM4138110_HNSCC_1_PBMC_GCTTGAAAGACCTTTG	35.449863807133205	39.47876297513464	38.65208058435182	10.36358580042249	19.94734891918815	0.0	0.0	0.0	0.0	50.72598972765656	0.0	0.0	0.0	0.0	0.0	0.0	0.0	0.0	0.0	0.0	0.0	0.0	0.0	0.0	0.0	0.0	0.0	0.0	0.0	0.0	0.0	0.0
GSM4138110_HNSCC_1_PBMC_GGACAAGGTAATTGGA	61.23306426873749	51.76299563571297	0.0	13.972247109195136	43.863248785183615	0.0	67.9122531818084	0.0	0.0	0.0	0.0	0.0	0.0	0.0	11.531995748348356	0.0	42.54376701791908	0.0	0.0	0.0	0.0	0.0	0.0	0.0	0.0	0.0	0.0	0.0	0.0	0.0	0.0	0.0
GSM4138110_HNSCC_1_PBMC_GGCGTGTAGCACGCCT	64.53715456984813	34.18378699201095	38.33021292999161	31.265910680664966	21.008447147880485	0.0	0.0	4.3307219807678194	0.0	32.139842115089735	0.0	0.0	0.0	0.0	0.0	0.0	0.0	0.0	0.0	0.0	0.0	0.0	0.0	0.0	0.0	0.0	0.0	0.0	0.0	0.0	0.0	0.0
GSM4138110_HNSCC_1_PBMC_GGCGTGTAGCGTTTAC	72.81404698017101	41.43004229206054	0.0	15.09845007054424	23.551235975396104	0.0	0.0	0.0	0.0	0.0	30.702614714935248	0.0	0.0	27.94829483022221	0.0	0.0	0.0	0.0	0.0	0.0	0.0	0.0	0.0	0.0	0.0	0.0	0.0	0.32963801466258286	0.0	0.0	0.0	0.0
GSM4138110_HNSCC_1_PBMC_GGCTGGTCAATGGACG	80.9449714152442	107.7148860922546	29.50461648525528	20.112044285117893	0.0	0.0	0.0	0.0	0.0	0.0	0.0	0.0	16.631947406492422	0.0	0.0	0.0	0.0	0.0	0.0	0.0	39.78625475188258	0.0	56.824706336492994	0.0	0.0	0.0	54.079635068861876	0.0	0.0	0.0	0.0	0.0
GSM4138110_HNSCC_1_PBMC_GGGAATGTCAGCTGGC	63.82904690574822	63.25731371859678	40.414655451660416	21.02473063639787	39.93567290646699	0.0	0.0	19.40410191173018	68.78733241616422	0.0	40.957586987432585	0.0	0.0	0.0	0.0	0.0	0.0	0.0	0.0	0.0	0.0	0.0	0.0	0.0	0.0	0.0	0.0	0.0	0.0	0.0	0.0	0.0
GSM4138110_HNSCC_1_PBMC_GGGTTGCAGATCGGGT	68.64796742918458	53.032560265023584	21.20276906868528	13.498327929806383	0.0	0.0	0.0	0.0	0.0	0.0	0.0	0.0	0.0	0.0	0.0	44.020822150589204	35.47370416039584	0.0	0.0	0.0	0.0	0.0	41.746699596189224	0.0	0.0	0.0	0.0	0.0	0.0	0.0	0.0	0.0
GSM4138110_HNSCC_1_PBMC_GGTATTGCACATTAGC	24.749109095305386	64.74689005837823	8.879352510016561	19.2073909182679	0.0	0.0	0.0	0.0	0.0	0.0	0.0	0.0	0.0	0.0	0.0	54.95772440708186	0.0	0.0	0.0	0.0	0.0	0.0	10.561924890087008	0.0	0.0	0.0	0.0	0.0	12.007823495720087	8.80723905550424	0.0	0.0
GSM4138110_HNSCC_1_PBMC_GGTGTTAGTGTGACCC	47.34247855712638	72.67835650950761	12.128328947781283	9.904386375235758	11.239463663298496	0.0	0.0	0.0	0.0	0.0	16.092326365369424	0.0	0.45381848779575473	0.0	1.030448974742813	0.0	0.0	0.0	0.0	0.0	64.14050210089779	0.0	0.0	0.0	0.0	29.265599038710405	0.0	0.0	0.0	0.0	0.0	0.0
GSM4138110_HNSCC_1_PBMC_GTCACAAGTATCACCA	42.308208623543905	35.621508046746825	0.0	15.084036042321495	0.0	65.7078048441955	0.0	0.0	0.0	36.19844026307142	0.0	0.0	26.79031756771358	0.0	0.0	0.0	0.0	0.0	0.0	0.0	0.0	0.0	62.921574872241436	0.0	0.0	0.0	0.0	0.0	0.0	0.0	0.0	0.0
GSM4138110_HNSCC_1_PBMC_GTCACAATCGCAAGCC	79.40191813981984	51.45378369602001	0.0	17.16971703007367	0.0	35.38103202940944	0.0	0.0	0.0	0.0	0.0	0.0	20.205505555729285	0.0	0.0	0.0	0.0	0.0	0.0	0.0	42.311727005977424	0.0	23.629123007126452	0.0	0.0	0.0	0.0	0.0	0.0	0.0	0.0	0.0
GSM4138110_HNSCC_1_PBMC_GTCACGGCAAGCTGGA	18.27439565880829	32.48454286058594	29.130726692242007	14.733811042203817	39.87486884029304	0.0	78.44388137196653	0.0	0.0	0.0	0.0	0.0	0.0	66.17224138029493	0.0	0.0	0.0	0.0	0.0	0.0	0.0	0.0	0.0	0.0	0.0	0.0	0.0	0.0	0.0	0.0	0.0	0.0
GSM4138110_HNSCC_1_PBMC_GTCGTAAAGGCATGTG	139.61718038656062	94.3161901152667	125.58485759924862	31.3943557540864	43.97560955961439	0.0	0.0	35.42850772298924	75.52344908411317	0.0	0.0	33.87820728648913	0.0	0.0	0.0	0.0	0.0	0.0	0.0	0.0	0.0	0.0	0.0	0.0	0.0	0.0	0.0	0.0	0.0	0.0	0.0	0.0
GSM4138110_HNSCC_1_PBMC_GTCGTAATCTTGCAAG	55.103028292805966	52.72301139838149	38.11551238122684	10.720596673701957	3.996104734118708	0.0	0.0	21.097723823996766	0.0	0.0	0.0	0.0	0.0	0.0	0.0	35.228811679787064	0.0	0.0	0.0	8.46570847403588	0.0	0.0	0.0	0.0	0.0	0.0	0.0	0.0	0.0	0.0	0.0	0.0
GSM4138110_HNSCC_1_PBMC_GTCTCGTCATGCGCAC	55.35085299014986	56.416814960134175	49.548558369853595	21.519665943459383	0.0	0.0	15.491176349785619	0.0	0.0	0.0	0.0	0.0	0.0	25.159909236607767	0.0	0.0	0.0	0.0	0.0	0.0	0.0	32.44674435183605	0.0	0.0	0.0	0.0	0.0	26.178063109497817	0.0	0.0	0.0	0.0
GSM4138110_HNSCC_1_PBMC_GTGAAGGCACATTTCT	49.734155128389936	60.86372816298244	90.24131328982418	29.32464611968577	0.0	0.0	0.0	51.798895050160965	0.0	0.0	0.0	0.0	0.0	55.29437362548656	0.0	0.0	0.0	0.0	0.0	0.0	0.0	0.0	0.0	0.0	0.0	0.0	0.0	0.0	0.0	0.0	0.0	0.0
GSM4138110_HNSCC_1_PBMC_GTGCAGCAGACCGGAT	98.02146794755562	116.25500336447094	30.94901821074957	9.220269569598184	57.723544282667824	0.0	0.0	0.0	66.94878720820148	0.0	0.0	0.0	0.0	0.0	0.0	0.0	31.949125858059865	0.0	0.0	0.0	0.0	0.0	0.0	21.025645363800937	0.0	0.0	0.0	0.0	0.0	0.0	0.0	0.0
GSM4138110_HNSCC_1_PBMC_GTTAAGCTCATACGGT	26.098872080298904	40.79762284863285	0.0	59.42610676893447	0.0	32.00080028141164	0.0	0.0	0.0	59.81643988110419	0.0	0.0	0.0	0.0	28.082726832640716	0.0	0.0	0.0	0.0	0.0	0.0	0.0	0.0	0.0	0.0	0.0	0.0	0.0	0.0	0.0	0.0	0.0
GSM4138110_HNSCC_1_PBMC_TAAACCGAGGGTCGAT	50.00900222085065	47.30173853326137	0.0	13.808616993294166	45.519597471490776	0.0	0.0	0.0	0.0	55.06585963617526	0.0	0.0	0.0	0.0	0.0	0.0	53.464944452247124	0.0	0.0	0.0	0.0	0.0	0.0	0.0	0.0	0.0	0.0	0.0	0.0	0.0	0.0	0.0
GSM4138110_HNSCC_1_PBMC_TACCTTAAGGCTCTTA	76.71837275472454	71.94432576433984	0.0	28.563967961727396	38.73284573748853	67.05963231112096	49.890064226332925	16.90459113350308	0.0	0.0	0.0	0.0	0.0	0.0	0.0	0.0	0.0	0.0	0.0	0.0	0.0	0.0	0.0	0.0	0.0	0.0	0.0	0.0	0.0	0.0	0.0	0.0
GSM4138110_HNSCC_1_PBMC_TAGAGCTTCGTTGCCT	78.26968732110768	101.98749624727265	43.7683148463989	28.72522999192436	0.0	0.0	0.0	0.0	0.0	0.0	0.0	0.0	0.0	0.0	0.0	0.0	61.55712455237887	0.0	75.76129481199894	0.0	0.0	0.0	105.44122305179418	0.0	0.0	0.0	0.0	0.0	0.0	0.0	0.0	0.0
GSM4138110_HNSCC_1_PBMC_TAGGCATTCCCAGGTG	48.51056845269373	40.96361482203043	24.980467328543874	18.401887603515778	0.0	0.0	0.0	0.0	0.0	0.0	0.0	0.0	0.0	0.0	0.0	0.0	0.0	0.0	0.0	0.0	92.52278405456742	27.115749632018357	0.0	0.0	0.0	0.0	0.0	0.0	0.0	0.0	0.0	0.0
GSM4138110_HNSCC_1_PBMC_TCACAAGCACATCCGG	38.8453741412031	82.2419937812085	0.0	35.612102770770704	0.0	22.096566102072156	0.0	0.0	0.0	0.0	0.0	0.0	0.0	0.0	0.0	0.0	0.0	63.76374071491479	0.0	61.109410223121934	9.206954657073558	0.0	0.0	0.0	0.0	0.0	0.0	0.0	0.0	0.0	0.0	0.0
GSM4138110_HNSCC_1_PBMC_TCAGCTCCATGACGGA	48.080399978832595	91.19808591519741	21.43564313397105	28.920320783482154	15.021053635213342	0.0	0.0	0.0	32.27220335455219	0.0	0.0	0.0	0.0	0.0	6.865780015575568	0.0	0.0	0.0	0.0	0.0	0.0	0.0	0.0	0.0	0.0	0.0	0.0	0.0	0.0	0.0	0.0	0.0
GSM4138110_HNSCC_1_PBMC_TCGAGGCTCCAGGGCT	31.502103135716304	43.6147331439592	0.0	10.761719670596705	0.0	0.0	0.0	46.790287166461	0.0	0.0	0.0	0.0	0.0	0.0	0.0	0.0	41.44359503080891	0.0	0.0	0.0	0.0	0.0	0.0	0.0	40.28230224656398	0.0	0.0	0.0	13.023851089367371	0.0	0.0	0.0
GSM4138110_HNSCC_1_PBMC_TCTATTGCAGTCAGCC	110.86302802689173	71.85160024625615	0.0	14.263263703171242	0.0	22.553917854515536	0.0	0.0	0.0	21.611483654325543	0.0	13.030778421587243	0.923517483295317	0.0	0.0	0.0	0.0	54.69228546844654	0.0	0.0	12.078353683671477	0.0	0.0	0.0	0.0	0.0	0.0	25.002740438404523	0.0	0.0	0.0	0.0
GSM4138110_HNSCC_1_PBMC_TCTCTAAGTGGTAACG	130.7582505825364	62.011681255440685	71.95128682083585	25.584292521709358	0.0	0.0	0.0	0.0	0.0	124.46311303637839	0.0	0.0	0.0	0.0	0.0	0.0	0.0	0.0	0.0	0.0	0.0	0.0	54.313104422891655	0.0	0.0	0.0	0.0	0.0	0.0	0.0	0.0	0.0
GSM4138110_HNSCC_1_PBMC_TCTGAGATCTAGCACA	126.48530162362121	16.154364284843904	0.0	20.241570217705092	0.0	22.554950543141207	0.0	0.0	0.0	14.261341819887887	0.0	0.0	32.3780290609922	0.0	0.0	0.0	0.0	49.01071219880918	0.0	0.0	0.0	0.0	0.0	0.0	0.0	0.0	0.0	0.0	0.0	0.0	0.19340672180678645	0.0
GSM4138110_HNSCC_1_PBMC_TCTTTCCCACTGAAGG	105.41811705773381	89.83168561314275	0.0	21.304470172478588	0.0	0.0	0.0	81.16636294407306	0.0	105.56921268950236	74.06533195744876	0.0	0.0	0.0	0.0	0.0	0.0	0.0	0.0	0.0	0.0	0.0	0.0	0.0	0.0	0.0	0.0	0.0	0.0	0.0	0.0	0.0
GSM4138110_HNSCC_1_PBMC_TGACAACGTCATCCCT	53.98947000179012	138.26781190851867	87.17059322231918	17.195521666417882	0.0	0.0	0.0	0.0	0.0	0.0	0.0	0.0	3.163722799698355	0.0	0.0	0.0	0.0	31.43206463256022	0.0	0.0	37.529699957653065	0.0	0.0	0.0	0.0	12.789306635583287	43.88643141989904	0.0	0.0	0.0	0.0	0.0
GSM4138110_HNSCC_1_PBMC_TGAGCCGAGATGAGAG	47.28848926916552	70.28940457421028	23.84151353783732	26.0697621332029	49.63504910116543	0.0	0.0	0.0	0.0	61.68420187809433	12.02791712020278	0.0	0.0	0.0	0.0	0.0	0.0	0.0	0.0	0.0	0.0	0.0	0.0	0.0	0.0	0.0	0.0	0.0	0.0	0.0	0.0	0.0
GSM4138110_HNSCC_1_PBMC_TGCGGGTTCTGATTCT	51.88129033131244	66.17053616078341	51.9654845011662	9.603662259998902	4.917134430369906	0.0	0.0	0.0	0.0	0.0	0.0	0.0	0.0	0.0	0.0	0.0	0.0	13.380810494011742	0.0	0.0	0.0	0.0	0.0	0.0	28.475014127886144	0.0	0.0	0.0	0.0	0.0	0.0	0.0
GSM4138110_HNSCC_1_PBMC_TGGCTGGGTTCCAACA	49.58195792022883	93.4887124983488	62.34094435615888	13.907207228212105	0.0	0.0	0.0	2.6580265954597118	14.377855061891252	0.0	0.0	0.0	0.0	0.0	0.0	0.0	0.0	0.0	0.0	0.0	0.0	54.31646577811092	0.0	0.0	27.812398120885874	0.0	23.350940208583292	0.0	0.0	0.0	0.0	0.0
GSM4138110_HNSCC_1_PBMC_TGTATTCGTGGCTCCA	86.16146058679668	69.89498124525205	0.0	19.372492537404376	0.0	0.0	0.0	41.93021662248098	0.0	62.006024351281425	0.0	48.13514643917825	0.0	72.3030463609716	0.0	0.0	0.0	0.0	19.10373241534311	0.0	0.0	0.0	42.409887260785474	0.0	0.0	0.0	0.0	0.0	0.0	0.0	0.0	0.0
GSM4138110_HNSCC_1_PBMC_TGTGGTAAGTATGACA	80.92299233992716	39.11766879778309	42.75082616414245	13.890163444014625	0.0	0.0	0.0	52.21092913381351	0.0	0.0	0.0	0.0	0.0	0.0	0.0	62.21889946497238	0.0	0.0	0.0	0.0	0.0	0.0	0.0	0.0	0.0	0.0	0.0	0.0	0.0	0.0	0.0	0.0
GSM4138110_HNSCC_1_PBMC_TTCCCAGGTCACTGGC	48.189685044392455	59.2981593191421	14.62367013457302	33.93628751011431	46.207070845259246	0.0	50.46789432971974	0.0	0.0	0.0	0.0	0.0	0.0	0.0	0.0	0.0	0.0	0.0	0.0	0.0	0.0	0.0	0.0	0.0	0.0	0.0	0.0	0.0	0.0	0.0	0.0	0.0
GSM4138110_HNSCC_1_PBMC_TTCGGTCCACCTCGGA	67.85937597202376	28.6231027386443	0.0	9.484546710812822	26.060102794346005	44.1018172448002	0.0	0.0	0.0	42.79333766169571	0.0	9.672803400482987	0.0	0.0	0.0	0.0	0.0	0.0	0.0	0.0	0.0	0.0	0.0	0.0	0.0	0.0	0.0	0.0	0.0	0.0	0.0	0.0
GSM4138110_HNSCC_1_PBMC_TTCTACATCCTTCAAT	59.32599681502201	68.0805070051715	0.0	25.884754662597725	26.805675029858204	0.0	0.0	0.0	0.0	8.944045687558727	0.0	43.1359708223357	0.0	0.0	0.0	0.0	0.0	0.0	0.0	0.0	0.0	0.0	0.0	0.0	0.0	0.0	0.0	47.30160903126642	0.0	0.0	0.0	0.0
GSM4138110_HNSCC_1_PBMC_AAAGTAGTCGGCATCG	179.00363127168615	184.47344190595587	103.35864910577597	54.07932248436253	18.057989346424726	47.51478794002229	0.0	72.84185744389798	0.0	0.0	36.54180141373948	0.0	224.31130585890213	0.0	0.0	0.0	0.0	0.0	0.0	0.0	0.0	0.0	0.0	0.0	0.0	0.0	0.0	0.0	0.0	0.0	0.0	0.0
GSM4138110_HNSCC_1_PBMC_ACACTGATCGTACCGG	90.36704678895777	111.26755703943842	86.23673218581091	22.454562681885147	0.0	0.0	0.0	52.165037327806694	0.0	0.0	0.0	0.0	0.0	124.29076516525119	0.0	0.0	0.0	0.0	0.0	0.0	0.0	0.0	0.0	0.0	0.0	0.0	0.0	0.0	0.0	0.0	0.0	0.0
GSM4138110_HNSCC_1_PBMC_ACAGCTATCAGCACAT	126.7496917117763	143.1639533250921	96.35820621718207	44.96421452142432	0.0	8.365757370833867	0.0	47.628948309750264	0.0	0.0	38.80578383369826	0.0	0.0	0.0	0.0	186.03204113115655	0.0	0.0	0.0	0.0	0.0	0.0	0.0	0.0	0.0	0.0	36.771954742451626	0.0	0.0	21.819984917880998	0.0	0.0
GSM4138110_HNSCC_1_PBMC_ACTGAACGTTATTCTC	116.25131244029176	153.60434652583123	0.0	26.74360051122957	40.143840050158104	115.63591238670269	0.0	47.52481619551875	0.0	0.0	0.0	0.0	182.43742462824272	0.0	0.0	0.0	0.0	0.0	0.0	23.743850499196956	0.0	0.0	0.0	0.0	0.0	0.0	0.0	0.0	0.0	0.0	0.0	0.0
GSM4138110_HNSCC_1_PBMC_ACTGAGTTCAGGTAAA	122.01950244408108	133.9936280886162	77.06227288910607	30.418113139963715	0.0	0.0	0.0	0.0	0.0	0.0	18.97029386205065	0.0	0.0	0.0	0.0	130.17905778145632	1.11743232582347	73.24746653894258	0.0	36.58090718027305	0.0	0.0	0.0	0.0	0.0	0.0	0.0	0.0	0.0	0.0	0.0	0.0
GSM4138110_HNSCC_1_PBMC_ACTGCTCCAACCGCCA	137.65988868764845	116.77962961170687	97.25693387526407	28.816160785766424	66.81110285228122	0.0	137.56303502439522	0.0	0.0	0.0	0.0	0.0	0.0	0.0	0.0	0.0	0.0	0.0	0.0	0.0	0.0	0.0	0.0	0.0	0.0	0.0	0.0	0.0	0.0	0.0	0.0	0.0
GSM4138110_HNSCC_1_PBMC_ACTTACTAGTGGAGAA	214.29682752494716	228.53987796421086	169.8438214906799	58.06236671928095	22.56115818872505	0.0	0.0	67.28832497931256	222.89106284773607	0.0	0.0	0.0	0.0	0.0	0.0	0.0	0.0	0.0	0.0	0.0	0.0	0.0	0.0	0.0	0.0	0.0	0.0	0.0	0.0	0.0	0.0	0.0
GSM4138110_HNSCC_1_PBMC_ACTTGTTCAGTTCATG	181.84569166965883	160.26577715395175	142.58359660126033	29.832106033032282	0.0	29.938029064843	0.0	111.66511605547214	0.0	285.0194107150148	0.0	35.92903229559429	0.0	0.0	0.0	0.0	0.0	0.0	0.0	0.0	0.0	0.0	0.0	0.0	0.0	0.0	0.0	0.0	0.0	0.0	0.0	0.0
GSM4138110_HNSCC_1_PBMC_AGAGTGGCAGGGATTG	111.35005591457875	115.87510873689762	129.15602005686821	59.258151577672265	0.0	0.0	0.0	0.0	116.77241082965003	0.0	0.0	0.0	0.0	0.0	98.82592681428696	0.0	0.0	0.0	0.0	0.0	0.0	0.0	0.0	0.0	0.0	0.0	0.0	0.0	0.0	0.0	0.0	0.0
GSM4138110_HNSCC_1_PBMC_AGATCTGGTGATAAGT	109.74931639726633	107.17515640758742	114.18773389229467	25.824923575805	0.0	0.0	70.37099955981947	0.0	0.0	0.0	0.0	0.0	0.0	0.0	97.80424790552776	0.0	0.0	0.0	0.0	0.0	10.864643391479207	22.716958776600144	0.0	0.0	0.0	0.0	0.0	0.0	0.0	0.0	0.0	0.0
GSM4138110_HNSCC_1_PBMC_AGATTGCGTATAGGGC	211.61771789981375	201.80944043776753	0.0	36.74712214006174	0.0	0.0	0.0	64.75119557559543	0.0	0.0	171.4469640647697	0.0	0.0	181.5525194391926	0.0	0.0	0.0	0.0	0.0	0.0	0.0	0.0	0.0	0.0	0.0	0.0	0.0	0.0	0.0	0.0	0.0	0.0
GSM4138110_HNSCC_1_PBMC_AGCGGTCCATGCTGGC	113.41993703302478	149.49863147801435	0.0	33.95514740628615	83.92688087885139	191.87364855066616	94.00533616524835	0.0	0.0	0.0	0.0	53.0508719905531	0.0	0.0	0.0	0.0	0.0	0.0	0.0	0.0	0.0	0.0	0.0	0.0	0.0	0.0	0.0	0.0	0.0	0.0	0.0	0.0
GSM4138110_HNSCC_1_PBMC_AGGCCACTCAGCGATT	98.44448518204868	71.20713484725168	135.99439608860624	21.722493834168105	0.0	0.0	0.0	0.0	0.0	0.0	0.0	0.0	0.0	0.0	0.0	0.0	0.0	0.0	0.0	0.0	0.0	0.0	97.34027724939051	0.0	0.0	0.0	144.72477386628685	0.0	0.0	0.0	0.0	0.0
GSM4138110_HNSCC_1_PBMC_AGTAGTCCACAGTCGC	213.45390614484276	215.3081988818337	0.0	28.605290662774728	0.0	143.51973980456947	0.0	0.0	0.0	0.0	0.0	0.0	0.0	0.0	0.0	277.4773828990257	0.0	0.0	0.0	0.0	0.0	0.0	117.94103651288053	0.0	0.0	0.0	0.0	0.0	0.0	0.0	0.0	0.0
GSM4138110_HNSCC_1_PBMC_AGTGTCATCCCTAATT	130.46427585789692	157.9570509466574	70.91989473357535	35.611040943986765	0.0	0.0	87.58800288743234	0.0	51.49810313972703	0.0	0.0	0.0	0.0	0.0	0.0	0.0	20.90349990868258	68.59617079374044	0.0	0.0	0.0	0.0	0.0	0.0	0.0	0.0	0.0	0.0	0.0	0.0	0.0	0.0
GSM4138110_HNSCC_1_PBMC_ATCCACCGTGGTTTCA	245.51471229392837	227.72161240651258	88.9734291294343	70.05504004366232	189.58267601431842	0.0	0.0	26.31761866950062	0.0	89.24767758164629	30.546893178881685	0.0	0.0	0.0	0.0	0.0	107.17791303796204	0.0	0.0	239.14114781952787	58.234711386163916	0.0	0.0	0.0	0.0	0.0	0.0	0.0	0.0	0.0	0.0	0.0
GSM4138110_HNSCC_1_PBMC_ATCGAGTGTACTTAGC	106.66906660275268	179.6667874892355	188.47220935143974	44.91891375083521	102.50655637549512	0.0	0.0	0.0	0.0	0.0	0.0	0.0	228.5903955164061	0.0	0.0	0.0	0.0	0.0	0.0	0.0	0.0	0.0	0.0	0.0	0.0	0.0	0.0	0.0	0.0	0.0	0.0	0.0
GSM4138110_HNSCC_1_PBMC_CAACTAGTCTTGAGAC	123.12740196436557	124.48200523648013	74.48633957049384	30.5277156208736	0.0	73.59580101775185	157.02230706497372	0.0	0.0	0.0	0.0	0.0	0.0	0.0	53.37850627416209	0.0	0.0	0.0	0.0	0.0	0.0	0.0	0.0	0.0	0.0	0.0	0.0	0.0	0.0	0.0	0.0	0.0
GSM4138110_HNSCC_1_PBMC_CAAGGCCTCTAGCACA	69.42460362535442	90.42958256119502	101.63209651936675	37.76438629983938	33.179131535145316	0.0	13.090106031861726	0.0	0.0	0.0	0.0	0.0	0.0	0.0	19.487208678652834	0.0	0.0	0.0	0.0	0.0	80.25367507676344	0.0	0.0	0.0	0.0	0.0	0.0	0.0	0.0	0.0	0.0	0.0
GSM4138110_HNSCC_1_PBMC_CACAAACAGGCTACGA	151.32287203197845	196.87452539861863	0.0	21.220575920531157	0.0	106.0550885454107	0.0	0.0	0.0	0.0	0.0	0.0	0.0	0.0	0.0	193.56206183384518	0.0	0.0	0.0	0.0	0.0	0.0	0.0	0.0	0.0	59.83762194239875	0.0	0.0	0.0	0.0	0.0	0.0
GSM4138110_HNSCC_1_PBMC_CACATTTTCATTGCGA	106.21978763348493	134.39412747232578	0.0	34.84835033148782	0.0	86.15945213102367	0.0	0.0	0.0	0.0	0.0	0.0	0.0	0.0	76.00448996775846	0.0	0.0	0.0	0.0	206.857860801692	0.0	0.0	0.0	0.0	0.0	0.0	0.0	0.0	0.0	0.0	0.0	0.0
GSM4138110_HNSCC_1_PBMC_CAGAGAGTCAGTTAGC	146.44618670111979	208.6610718695882	139.51120138635955	28.6429867724194	0.0	0.0	163.7858022876919	111.08467779696579	0.0	0.0	0.0	0.0	0.0	0.0	0.0	0.0	0.0	0.0	0.0	0.0	0.0	0.0	0.0	0.0	0.0	0.0	0.0	0.0	0.0	0.0	0.0	0.0
GSM4138110_HNSCC_1_PBMC_CAGCTGGGTCTCCACT	168.6701701494648	153.58460330978278	117.78922243291883	30.249792649603826	0.0	0.0	0.0	0.0	142.03821226876892	0.0	0.0	0.0	0.0	0.0	106.68619901242427	0.0	0.0	0.0	0.0	0.0	0.0	0.0	0.0	0.0	0.0	0.0	68.64137868416537	0.0	0.0	0.0	0.0	0.0
GSM4138110_HNSCC_1_PBMC_CAGCTGGGTGTTTGTG	69.92005754678341	78.01565068127822	0.0	21.240916408507868	56.22197682886911	121.58159837645846	36.08405800091485	0.0	65.766257905996	0.0	0.0	0.0	0.0	0.0	4.2841883067142685	0.0	0.0	0.0	0.0	0.0	10.196805453223089	0.0	0.0	0.0	0.0	0.0	0.0	16.195398993849224	0.0	0.0	0.0	0.0
GSM4138110_HNSCC_1_PBMC_CATATGGCAGGACGTA	185.13424629965513	215.01527196962164	0.0	13.063939618094002	0.0	0.0	108.12861341859184	1.3082917336620674	0.0	31.67915740992984	0.0	235.8174623888328	0.0	0.0	0.0	0.0	0.0	0.0	0.0	0.0	0.0	0.0	0.0	0.0	0.0	0.0	0.0	0.0	0.0	0.0	0.0	0.0
GSM4138110_HNSCC_1_PBMC_CATATTCTCCACGTTC	105.36118949609731	161.57766017029823	0.0	30.347771880812374	56.811974672041	151.94646925990443	0.0	0.0	0.0	0.0	0.0	0.0	40.45231250873256	0.0	0.0	0.0	0.0	0.0	83.13446766769516	0.0	0.0	0.0	0.0	0.0	0.0	0.0	0.0	0.0	0.0	0.0	0.0	0.0
GSM4138110_HNSCC_1_PBMC_CCAATCCCACGACTCG	105.02970368921058	60.65688724241931	57.89226241303823	28.74686738694195	0.0	8.840262197551958	117.09323299833281	66.31558262485454	0.0	0.0	0.0	0.0	0.0	0.0	0.0	0.0	0.0	0.0	0.0	0.0	0.0	0.0	0.0	0.0	0.0	0.0	0.0	0.0	0.0	0.0	0.0	0.0
GSM4138110_HNSCC_1_PBMC_CCTACCAGTCGGCTCA	111.4571839769893	144.77312981810485	126.32339334940364	45.074182188646446	32.087798365633475	0.0	0.0	102.67734197056531	196.4797771971835	0.0	0.0	0.0	0.0	0.0	0.0	0.0	0.0	0.0	0.0	0.0	0.0	0.0	0.0	14.856314152827812	0.0	0.0	0.0	0.0	0.0	0.0	0.0	0.0
GSM4138110_HNSCC_1_PBMC_CGAACATCAAGTTAAG	184.8096793607178	161.0792741368053	164.20654645620098	65.83549587089863	0.0	0.0	164.63927632678534	123.58764053803539	0.0	0.0	0.0	0.0	0.0	0.0	0.0	0.0	0.0	0.0	0.0	0.0	0.0	0.0	0.0	0.0	0.0	0.0	0.0	0.0	0.0	0.0	0.0	0.0
GSM4138110_HNSCC_1_PBMC_CGACCTTCATTACGAC	51.92201642287546	76.98538281688555	52.735414513108495	12.172905539186058	0.0	0.990180233992388	24.110443570179374	0.0	58.75782660451654	0.0	0.0	0.0	0.0	0.0	0.0	0.0	0.0	67.70243752746391	7.4228866943753955	0.0	0.0	0.0	0.0	0.0	0.0	0.0	0.0	0.0	0.0	0.0	0.0	0.0
GSM4138110_HNSCC_1_PBMC_CGAGCACCATATACGC	181.75215340451848	190.9697756693129	0.0	59.494704548603124	0.0	0.0	0.0	0.0	240.05953688374385	0.0	198.22214093978465	0.0	0.0	0.0	0.0	0.0	11.091409762413836	0.0	0.0	0.0	0.0	0.0	0.0	0.0	0.0	0.0	0.0	0.0	89.17673055493782	0.0	0.0	0.0
GSM4138110_HNSCC_1_PBMC_CGATCGGCAACGATCT	167.41102765081465	149.73946760032334	14.876441412026368	41.10223267891551	0.0	0.0	176.47155372165386	64.0317566756304	0.0	0.0	0.0	100.37680275276803	0.0	0.0	0.0	0.0	0.0	0.0	0.0	0.0	0.0	0.0	0.0	0.0	0.0	0.0	0.0	0.0	0.0	0.0	0.0	0.0
GSM4138110_HNSCC_1_PBMC_CGATCGGGTTTGGGCC	168.48864984423201	119.06546212568769	0.0	45.096720043434836	0.0	139.08689896768155	0.0	0.0	0.0	0.0	0.0	0.0	0.0	0.0	0.0	0.0	0.0	0.0	0.0	0.0	0.0	0.0	0.0	0.0	0.0	42.87093267216852	0.0	0.0	0.0	0.0	189.92080978895848	0.0
GSM4138110_HNSCC_1_PBMC_CGCTATCCACCGAATT	133.21994990481087	188.3932436079771	208.53167216220038	52.83533922355486	0.0	0.0	0.0	93.3229009081702	0.0	0.0	0.0	0.0	0.0	182.25470463832508	0.0	0.0	0.0	0.0	0.0	0.0	0.0	0.0	0.0	0.0	0.0	0.0	0.0	0.0	0.0	0.0	0.0	0.0
GSM4138110_HNSCC_1_PBMC_CGGAGCTGTCGAACAG	202.7484964678825	176.51427937380967	129.94882661426865	28.0140264610325	102.97609862592459	0.0	0.0	0.0	0.0	0.0	0.0	0.0	0.0	0.0	0.0	214.58331816299506	0.0	0.0	0.0	4.31625098122697	0.0	0.0	0.0	0.0	0.0	0.0	0.0	0.0	0.0	0.0	0.0	0.0
GSM4138110_HNSCC_1_PBMC_CGTTCTGGTCTAAACC	152.25162932109822	151.48910184015335	64.57855953843736	28.706560577716413	0.0	57.035561956842294	0.0	0.0	0.0	0.0	0.0	0.0	0.0	0.0	0.0	204.92667839711473	0.0	0.0	0.0	0.0	0.0	0.0	0.0	0.0	0.0	0.0	0.0	0.0	0.0	93.59134208281691	0.0	0.0
GSM4138110_HNSCC_1_PBMC_CGTTGGGGTGTGTGCC	141.23924954622262	90.21167678269475	0.0	54.253237707810364	47.73820612109815	0.0	0.0	0.0	0.0	0.0	0.0	100.13399620659804	0.0	95.12030042064688	0.0	0.0	0.0	0.0	0.0	0.0	0.0	0.0	0.0	0.0	0.0	0.0	0.0	0.0	0.0	0.0	0.0	0.0
GSM4138110_HNSCC_1_PBMC_CTAATGGCACACATGT	107.1005670680078	182.6195308265465	113.77291873950573	46.30658211879715	0.0	0.0	164.82388435394998	62.905237525049124	0.0	0.0	0.0	0.0	0.0	0.0	0.0	0.0	0.0	0.0	0.0	0.0	0.0	0.0	0.0	0.0	0.0	0.0	0.0	0.0	0.0	0.0	0.0	0.0
GSM4138110_HNSCC_1_PBMC_CTACCCAGTTACCGAT	152.60176107423976	144.34493021876204	149.33353372484214	26.01781244406806	80.21141443851383	0.0	54.61247016713443	0.0	167.58816178579985	0.0	0.0	0.0	0.0	0.0	0.0	0.0	0.0	0.0	0.0	0.0	0.0	0.0	0.0	0.0	0.0	0.0	0.0	0.0	0.0	0.0	0.0	0.0
GSM4138110_HNSCC_1_PBMC_CTAGAGTCATCGGACC	153.5210734154306	137.7636026038296	2.327253810857542	13.890003938313512	81.01861470571613	0.0	164.07130004065993	2.3299089770858705	52.12453256656649	0.0	76.87968912783242	0.0	0.0	0.0	0.0	0.0	0.0	0.0	0.0	0.0	0.0	0.0	0.0	0.0	0.0	0.0	0.0	0.0	0.0	0.0	0.0	0.0
GSM4138110_HNSCC_1_PBMC_CTCTGGTGTGTTCGAT	131.05241210565728	128.90145361352032	149.60378330251837	45.13628505892362	60.44664631273768	0.0	125.97610388473235	0.0	0.0	0.0	0.0	0.0	0.0	0.0	0.0	0.0	0.0	0.0	0.0	0.0	0.0	0.0	0.0	0.0	0.0	0.0	0.0	0.0	0.0	0.0	0.0	0.0
GSM4138110_HNSCC_1_PBMC_CTGATAGCATCAGTCA	95.32805759219589	120.4880782546436	81.22817338661916	69.67894530856103	0.0	0.0	0.0	0.0	0.0	0.0	0.0	0.0	0.0	0.0	21.76474069509527	0.0	0.0	0.0	0.0	0.0	0.0	54.03254094609898	0.0	0.0	0.0	0.0	163.49213942460779	0.0	0.0	0.0	0.0	0.0
GSM4138110_HNSCC_1_PBMC_CTGTTTACAATGTAAG	202.74533759984502	157.89374417999016	133.8795320217394	24.77829520283947	25.260485039387394	0.0	0.0	0.0	0.0	0.0	0.0	0.0	0.0	0.0	0.0	0.0	0.0	57.437584872950616	0.0	0.0	0.0	0.0	0.0	0.0	0.0	0.0	208.81121529202605	0.0	0.0	0.0	0.0	0.0
GSM4138110_HNSCC_1_PBMC_GAACCTATCTCTGTCG	73.70572613599153	52.308943461025116	0.0	31.143464245378745	70.18105653065744	73.6448890753926	0.0	0.0	0.0	0.0	0.0	0.0	83.58802585446357	0.0	0.0	0.0	0.0	0.0	0.0	0.0	0.0	0.0	0.0	0.0	0.0	0.0	0.0	0.0	0.0	0.0	0.0	0.0
GSM4138110_HNSCC_1_PBMC_GATCGCGTCAGGCGAA	111.68987594408766	103.3872933976853	0.0	22.5815519246045	47.22275526908457	101.16981434109903	121.04182470422887	0.0	0.0	0.0	0.0	0.0	0.0	0.0	0.4620447527480679	0.0	0.0	0.0	0.0	0.0	0.0	0.0	0.0	0.0	0.0	0.0	0.0	0.0	0.0	0.0	0.0	0.0
GSM4138110_HNSCC_1_PBMC_GATCTAGCATACAGCT	154.55236047655094	106.53224927499238	112.13409790113846	70.67095324563465	0.0	0.0	0.0	0.0	0.0	0.0	0.0	0.0	0.0	0.0	44.20106198025086	28.830008341490256	0.0	80.26341361383261	0.0	155.71274273395514	0.0	0.0	0.0	0.0	0.0	0.0	4.375085751504075	0.0	0.0	0.0	0.0	0.0
GSM4138110_HNSCC_1_PBMC_GATGAAAGTAGAAGGA	50.99237939346206	109.58903518266312	82.92121796830207	7.894553921493756	27.147070763060352	0.0	0.0	0.0	87.12185931055848	0.0	0.0	0.0	0.0	0.0	0.0	0.0	0.0	0.0	0.0	0.0	0.0	0.0	0.0	0.0	0.0	0.0	0.0	0.0	0.0	0.0	0.0	0.0
GSM4138110_HNSCC_1_PBMC_GATGAAAGTCACCCAG	165.4714600074057	173.95400776676368	97.50093447185738	22.058713166732645	78.67925532141632	0.0	0.0	0.0	148.924423155898	0.0	0.0	0.0	0.0	0.0	0.0	0.0	30.599788995477404	0.0	0.0	0.0	0.0	0.0	0.0	109.43316418553597	0.0	0.0	0.0	0.0	0.0	0.0	0.0	0.0
GSM4138110_HNSCC_1_PBMC_GCATACACATCTGGTA	211.41399341730656	191.05557085841284	206.4123053542521	31.403416434324182	0.0	0.0	0.0	0.0	0.0	0.0	0.0	0.0	0.0	0.0	0.0	0.0	0.0	0.0	0.0	21.438644913922627	0.0	0.0	159.2032165983423	0.0	0.0	0.0	252.2765211713443	0.0	0.0	0.0	0.0	0.0
GSM4138110_HNSCC_1_PBMC_GCGAGAATCGCACTCT	120.66708266993705	194.77404384820204	154.60919072357441	61.17169125583179	0.0	0.0	0.0	87.84166109066658	0.0	0.0	0.0	0.0	0.0	0.0	0.0	0.0	0.0	0.0	0.0	260.7497896395973	0.0	0.0	0.0	0.0	0.0	0.0	0.0	0.0	0.0	15.75093848886895	0.0	0.0
GSM4138110_HNSCC_1_PBMC_GCGCGATAGGAGCGTT	84.24207671142989	50.88571223388849	29.728809813839387	21.953326113483065	48.979318130580914	38.53521809015843	141.32386539097797	0.0	0.0	0.0	0.0	0.0	0.0	0.0	0.0	0.0	0.0	0.0	0.0	0.0	0.0	0.0	0.0	0.0	0.0	0.0	0.0	0.0	0.0	0.0	0.0	0.0
GSM4138110_HNSCC_1_PBMC_GCTCTGTTCAGTTTGG	120.47408493698838	88.1745779087226	0.0	11.159704585474628	22.682911209577966	0.0	127.8458451368504	0.0	0.0	0.0	0.0	80.7124476404136	0.0	0.0	0.0	0.0	0.0	0.0	0.0	0.0	0.0	0.0	27.34527771598281	0.0	0.0	0.0	0.0	0.0	0.0	0.0	0.0	0.0
GSM4138110_HNSCC_1_PBMC_GCTGCGAGTCTAGTCA	103.46375710893405	128.79505687322379	0.0	31.208799684240784	0.0	63.39739542180685	132.29440162066396	0.0	0.0	0.0	0.0	0.0	0.0	0.0	0.0	0.0	0.0	0.0	48.29546136644217	0.0	0.0	123.23014161515238	0.0	0.0	0.0	0.0	0.0	0.0	0.0	0.0	0.0	0.0
GSM4138110_HNSCC_1_PBMC_GGCTCGATCAGGCGAA	76.87617644103629	82.43759513967527	91.05559388196032	14.765307613854352	40.084553618657296	0.0	153.00148550229326	15.549224004067012	0.0	0.0	0.0	0.0	0.0	0.0	0.0	0.0	0.0	0.0	0.0	0.0	0.0	0.0	0.0	0.0	0.0	0.0	0.0	0.0	0.0	0.0	0.0	0.0
GSM4138110_HNSCC_1_PBMC_GGGAATGTCTTCCTTC	0.0	0.0	0.0	0.0	0.0	0.0	0.0	0.0	392.6997313438138	2820.6629828501586	0.0	0.0	0.0	0.0	0.0	0.0	0.0	0.0	0.0	0.0	0.0	0.0	0.0	0.0	180.5669297183551	0.0	0.0	0.0	0.0	0.0	0.0	0.0
GSM4138110_HNSCC_1_PBMC_GGGCACTTCGTAGGTT	128.333587537453	148.14011121345737	83.97373191456668	36.00332052380164	0.0	0.0	189.22907033927993	84.62301349620424	0.0	0.0	0.0	0.0	0.0	0.0	0.0	0.0	0.0	0.0	0.0	0.0	0.0	0.0	0.0	0.0	0.0	0.0	0.0	0.0	0.0	0.0	0.0	0.0
GSM4138110_HNSCC_1_PBMC_GTAGGCCAGTACTTGC	179.6736808342555	111.19351892272498	105.06798415886924	34.45155303313993	0.0	0.0	0.0	44.931588138566106	0.0	0.0	0.0	0.0	0.0	97.4352297344417	0.0	0.0	0.0	0.0	39.41174897993043	43.25457343950946	0.0	0.0	0.0	0.0	0.0	0.0	0.0	0.0	0.0	0.0	0.0	0.0
GSM4138110_HNSCC_1_PBMC_GTCACAATCTATCGCC	122.32213621795094	207.7648339624098	165.5067333100372	54.776990146646355	48.94765051076778	0.0	180.83685452361087	14.846293875755048	0.0	0.0	0.0	0.0	0.0	0.0	0.0	0.0	0.0	0.0	0.0	0.0	0.0	0.0	0.0	0.0	0.0	0.0	0.0	0.0	0.0	0.0	0.0	0.0
GSM4138110_HNSCC_1_PBMC_GTCTCGTAGTAGCGGT	151.70051500038534	107.94659059734138	107.85598157376984	48.783501291834995	58.825112893003556	0.0	27.87872886519319	0.0	78.23677158036712	0.0	0.0	0.0	0.0	0.0	0.0	0.0	0.0	0.0	0.0	0.0	8.795010067952086	0.0	0.0	0.0	0.0	0.0	0.0	0.0	0.0	0.0	0.0	0.0
GSM4138110_HNSCC_1_PBMC_GTGCAGCTCTGTCTAT	155.04914476769588	205.6095582562998	0.0	40.54541052641051	0.0	149.76871920978414	0.0	0.0	0.0	333.51440642018105	0.0	0.0	0.0	0.0	0.0	0.0	0.0	0.0	0.0	0.0	0.0	44.274041247885336	0.0	0.0	0.0	98.55767875031188	0.0	0.0	0.0	0.0	0.0	0.0
GSM4138110_HNSCC_1_PBMC_GTGCATAGTACGCTGC	136.42271787698104	144.39932561077856	92.11095419373714	25.699273225035373	91.541149154602	0.0	0.0	0.0	165.93242208335948	0.0	0.0	0.0	0.0	0.0	0.0	0.0	0.0	0.0	0.0	0.0	0.0	0.0	0.0	0.0	0.0	0.0	0.0	0.0	0.0	0.0	0.0	0.0
GSM4138110_HNSCC_1_PBMC_GTGCTTCAGTACGATA	143.88012168176274	132.11257339460553	116.99634850934027	25.422498369144456	46.1765325143301	0.0	72.49835433962565	0.0	87.25864049543544	0.0	0.0	0.0	0.0	0.0	0.0	0.0	0.0	0.0	0.0	0.0	0.0	0.0	0.0	0.0	0.0	0.0	0.0	0.0	0.0	0.0	0.0	0.0
GSM4138110_HNSCC_1_PBMC_TACAGTGCAATGACCT	101.86387941003854	80.78319997068395	93.44490854936058	23.33436287314795	0.0	0.0	118.84863970309634	0.0	0.0	0.0	17.367536915930007	0.0	0.0	0.0	12.714871684805711	0.0	0.0	0.0	0.0	0.0	0.0	0.0	0.0	0.0	0.0	89.99362319013433	0.0	0.0	0.0	0.0	0.0	0.0
GSM4138110_HNSCC_1_PBMC_TACTCATAGATCACGG	150.44364310435435	139.72580650395284	76.10866803797023	22.849650370805957	120.76729341781704	37.87224942026337	0.0	0.0	0.0	0.0	0.0	9.73963425384978	0.0	0.0	0.0	0.0	0.0	0.0	0.0	221.0328321899696	0.0	0.0	0.0	0.0	0.0	0.0	0.0	0.0	0.0	0.0	0.0	0.0
GSM4138110_HNSCC_1_PBMC_TACTCGCGTAAGGATT	208.7301714413149	140.50697615102493	96.77613237983401	31.337906332364813	0.0	0.0	176.2093563732472	0.0	0.0	0.0	0.0	0.0	0.0	0.0	0.0	0.0	0.0	0.0	0.0	0.0	0.0	120.88105777377281	0.0	0.0	0.0	0.0	0.0	0.0	0.0	0.0	0.0	0.0
GSM4138110_HNSCC_1_PBMC_TACTTGTCAAGTTAAG	210.95275294970475	144.23067937205224	109.01643026818037	23.157771403648304	30.68376324707325	33.500311182740354	221.82872636950322	86.06356676520606	0.0	0.0	0.0	0.0	0.0	0.0	0.0	0.0	0.0	0.0	0.0	0.0	0.0	0.0	0.0	0.0	0.0	0.0	0.0	0.0	0.0	0.0	0.0	0.0
GSM4138110_HNSCC_1_PBMC_TATCTCAAGGTGTGGT	77.98196030529358	93.92574958880859	0.0	15.375308106398766	0.0	100.8838845887695	148.7190731937606	0.0	0.0	0.0	0.0	0.0	0.0	0.0	0.0	0.0	0.0	0.0	0.0	0.0	0.0	0.0	0.0	0.0	0.0	55.60244217346136	0.0	0.0	0.0	0.0	0.0	0.0
GSM4138110_HNSCC_1_PBMC_TCAGCTCCACCCATTC	179.20385550298718	202.55654255416886	0.0	27.36990527983235	7.325184237985437	0.0	0.0	0.0	0.0	0.0	0.0	186.1960669528707	0.0	0.0	0.0	0.0	0.0	0.0	0.0	0.0	29.22307723714058	128.86641140414338	0.0	2.576353009067998	0.0	0.0	0.0	157.23810716756628	0.0	0.0	0.0	0.0
GSM4138110_HNSCC_1_PBMC_TCGCGTTCAGCTGCTG	83.06980020217637	107.24436912951546	71.58349824066664	40.72197267309924	0.0	0.0	0.0	74.26549861612972	0.0	0.0	0.0	0.0	0.0	0.0	0.0	0.0	0.0	0.0	147.2488807321136	0.0	0.0	0.0	0.0	0.0	0.0	0.0	0.0	0.0	0.0	0.0	0.0	0.0
GSM4138110_HNSCC_1_PBMC_TCGGGACAGCTAGTTC	217.59497628106962	113.49063765408181	100.91475342985014	27.28326806829933	26.048956610038154	0.0	184.0269792971056	0.0	0.0	0.0	0.0	0.0	0.0	0.0	0.0	0.0	0.0	55.1967209601575	0.0	0.0	0.0	0.0	0.0	0.0	0.0	0.0	0.0	0.0	0.0	0.0	0.0	0.0
GSM4138110_HNSCC_1_PBMC_TCTTCGGAGTCATCCA	124.57821185980697	184.5024385292107	0.0	31.710253848905573	73.27269512988062	0.0	0.0	0.0	0.0	0.0	119.65102732537582	0.0	0.0	0.0	0.0	0.0	0.0	0.0	0.0	173.75266451984493	0.0	0.0	0.0	0.0	0.0	0.0	0.0	0.0	0.0	0.0	0.0	0.0
GSM4138110_HNSCC_1_PBMC_TGAGAGGGTCCCTACT	110.69356023238805	159.46331923601417	298.54667675751523	60.7500101412181	0.0	0.0	0.0	0.0	0.0	0.0	0.0	0.0	0.0	0.0	0.0	0.0	0.0	0.0	0.0	263.74481926844044	0.0	0.0	57.90485350367749	0.0	0.0	0.0	0.0	0.0	0.0	9.79852667544724	0.0	0.0
GSM4138110_HNSCC_1_PBMC_TGATTTCGTTAAAGTG	185.64176501550293	198.89356760417652	130.66360586320766	47.69256913974873	0.0	0.0	0.0	0.0	0.0	0.0	0.0	0.0	215.20743962683	0.0	0.0	0.0	0.0	0.0	0.0	0.0	0.0	0.0	0.0	0.0	0.0	8.0908809878824	0.0	0.0	115.53878431418096	0.0	0.0	0.0
GSM4138110_HNSCC_1_PBMC_TGCCAAATCATGTCCC	149.53142282985877	196.33243473532556	138.25781944380518	21.553716471814262	0.0	0.0	0.0	0.0	109.17693366048776	0.0	0.0	0.0	0.0	0.0	89.62395709866881	0.0	0.0	0.0	0.0	0.0	0.0	0.0	0.0	0.0	43.9509021141301	0.0	0.0	0.0	0.0	0.0	0.0	0.0
GSM4138110_HNSCC_1_PBMC_TGTATTCAGAATGTTG	146.28253100585778	167.1895642596883	160.9726764518838	30.116036012598393	0.0	0.0	0.0	0.0	112.46810819813982	0.0	0.0	0.0	0.0	0.0	0.0	0.0	0.0	0.0	0.0	0.0	18.5363540370708	112.11638443741747	0.0	20.746197292535925	0.0	0.0	0.0	0.0	0.0	0.0	0.0	0.0
GSM4138110_HNSCC_1_PBMC_TGTCCCAGTTCAGGCC	76.83541662039298	135.81439458789654	47.980879578340414	32.234224225477334	0.0	0.0	0.0	0.0	134.76796060177247	0.0	0.0	0.0	0.0	42.895722962822326	0.0	0.0	10.113681989127846	0.0	0.0	0.0	0.0	90.33095264764637	0.0	0.0	0.0	0.0	0.0	0.0	0.0	0.0	0.0	0.0
GSM4138110_HNSCC_1_PBMC_TTGCCGTCAATAGCGG	117.90411368933638	189.0541552517353	99.54503441436451	36.02255235620303	38.76699364237954	29.688230790348577	0.0	28.971437010867458	0.0	0.0	0.0	0.0	0.0	0.0	0.0	168.67354308572837	0.0	0.0	0.0	38.154962906573616	0.0	0.0	0.0	0.0	0.0	0.0	0.0	0.0	0.0	0.0	0.0	0.0
GSM4138110_HNSCC_1_PBMC_TTTATGCAGACTGGGT	96.87904901200213	107.4529461323426	87.51411413599254	27.71609031181478	0.0	0.0	0.0	0.0	132.1215400701355	0.0	0.0	0.0	0.0	0.0	0.0	0.0	0.0	20.243975415336426	0.0	0.0	0.0	0.0	0.32371223724640275	0.0	0.0	0.0	0.0	0.0	45.98505697932179	0.0	0.0	0.0
GSM4138110_HNSCC_1_PBMC_AACGTTGAGTTTAGGA	115.31243929420658	63.00194007569378	0.0	26.34024836084368	8.102536228070658	0.0	0.0	56.78954331060709	0.0	103.75614297414052	80.73678022754278	0.0	0.0	0.0	0.0	0.0	0.0	0.0	0.0	0.0	0.0	0.0	0.0	0.0	0.0	0.0	0.0	0.0	0.0	0.0	0.0	0.0
GSM4138110_HNSCC_1_PBMC_AAGGCAGCAATCACAC	26.838865134767538	69.67556156667831	0.0	30.563071792575062	0.0	0.0	61.65523157987542	0.0	0.0	0.0	67.06796327851458	0.0	0.0	0.0	0.0	0.0	0.0	12.79046958295476	0.0	0.0	38.899393685427775	0.0	0.0	0.0	0.0	0.0	0.0	0.0	0.0	45.015950075256285	0.0	0.0
GSM4138110_HNSCC_1_PBMC_ACTGATGTCAATAAGG	48.18908996661358	71.96674694724635	0.0	29.356218424784743	38.7300762764588	0.0	0.0	0.0	0.0	0.0	0.0	0.0	0.0	0.0	0.0	0.5356197548852276	46.57303234306553	0.0	0.0	45.79991048355304	0.0	0.0	0.0	0.0	0.0	0.0	0.0	0.0	0.0	0.0	0.0	0.0
GSM4138110_HNSCC_1_PBMC_AGCAGCCAGGCCCTCA	109.20935060709297	47.54325417020803	0.0	24.4980394151221	0.0	0.0	71.5057871407079	0.0	0.0	0.0	0.0	99.7366789492538	0.0	0.0	89.09987255935569	0.0	0.0	0.0	0.0	0.0	0.0	0.0	0.0	0.0	0.0	0.0	0.0	0.0	0.0	0.0	0.0	0.0
GSM4138110_HNSCC_1_PBMC_CATATTCCATATGAGA	152.00001732057692	94.93113485591083	0.0	26.251851066751478	0.0	0.0	0.0	89.70715933207238	0.0	0.0	0.0	20.923365456181195	0.0	0.0	0.0	0.0	41.82055841300435	0.0	79.44191017947605	0.0	0.0	0.0	0.0	0.0	0.0	0.0	0.0	0.0	0.0	0.0	0.0	0.0
GSM4138110_HNSCC_1_PBMC_CCTCAGTCAACTGCGC	32.56071782080071	42.81256459668252	117.68636538740209	19.103701681218695	0.0	0.0	0.0	44.02364240798458	36.20562981872238	0.0	0.0	0.0	0.0	0.0	0.0	0.0	0.0	0.0	0.0	0.0	0.0	0.0	0.0	0.0	0.0	0.0	0.0	0.0	0.0	0.0	0.0	0.0
GSM4138110_HNSCC_1_PBMC_CGGTTAACACCTCGTT	44.78965111088347	48.89398745438495	0.0	26.679125658005375	12.602596899545405	0.0	0.0	28.916738024179153	0.0	57.59873782462971	47.14039070067635	0.0	0.0	0.0	0.0	0.0	0.0	0.0	0.0	0.0	0.0	0.0	0.0	0.0	0.0	0.0	0.0	0.0	0.0	0.0	0.0	0.0
GSM4138110_HNSCC_1_PBMC_CGTGTAATCTCCAGGG	44.02046626692703	64.48702519851662	0.0	12.807542610428573	26.251942474400828	50.92992757199358	35.96982175253371	0.0	0.0	0.0	0.0	0.0	0.0	0.0	0.0	0.0	0.0	0.0	0.0	0.0	0.0	0.0	0.0	0.0	0.0	0.0	0.0	0.0	0.0	0.0	0.0	0.0
GSM4138110_HNSCC_1_PBMC_CGTTGGGTCAGTGCAT	65.03954698889393	77.168193476214	0.0	23.09591344348842	35.477463950263626	60.37766493919165	0.0	0.0	0.0	0.0	0.0	0.0	81.38137494338993	0.0	0.0	0.0	0.0	0.0	0.0	0.0	0.0	0.0	0.0	0.0	0.0	0.0	0.0	0.0	0.0	0.0	0.0	0.0
GSM4138110_HNSCC_1_PBMC_CTAGAGTAGCTATGCT	101.07064047832155	117.25012067102062	95.54441083355486	39.98287376941028	0.0	0.0	0.0	0.0	33.27439165489581	0.0	0.0	0.0	0.0	0.0	60.96878803606299	0.0	0.0	0.0	0.0	0.0	0.0	0.0	0.0	56.784747096645965	0.0	0.0	0.0	0.0	0.0	0.0	0.0	0.0
GSM4138110_HNSCC_1_PBMC_GCATACATCGTTACAG	79.21813931879016	69.73637061029089	46.02784799591684	26.57915498181843	40.98871275985893	0.0	0.0	0.0	0.0	0.0	0.0	0.0	0.0	0.0	0.0	0.0	0.0	3.13411274585151	0.0	0.0	0.0	0.0	0.0	0.0	37.51397997507003	0.0	0.0	0.0	0.0	0.0	0.0	0.0
GSM4138110_HNSCC_1_PBMC_AAACGGGCAGTATCTG	126.9046581416999	78.29927130907252	0.0	12.132649965265145	0.0	14.84541996352987	0.0	103.03941287277547	0.0	0.0	0.0	0.0	0.0	0.0	0.0	29.23225960748797	0.0	42.553946925206134	0.0	0.0	0.0	0.0	0.0	9.460292487779528	8.793618886588312	0.0	0.0	0.0	0.0	0.0	0.0	0.0
GSM4138110_HNSCC_1_PBMC_AAAGATGTCTGATTCT	109.03160010211212	69.25055234689687	8.891496139914624	25.906824986902222	27.486635478759446	0.0	89.91310163421389	0.0	0.0	0.0	0.0	92.44808613194262	0.0	0.0	1.394925341122274	0.0	0.0	5.31282286052621	0.0	0.0	0.0	0.0	0.0	0.0	0.0	0.0	0.0	0.0	0.0	0.0	0.0	0.0
GSM4138110_HNSCC_1_PBMC_AAAGTAGGTAGCGCTC	55.467238739917775	51.252536578627165	0.0	38.1780946563264	0.0	0.0	0.0	41.349050086494294	0.0	11.011571585094881	0.0	36.761353913480335	0.0	0.0	0.0	79.9703059240532	0.0	0.0	0.0	0.0	0.0	0.0	0.0	0.0	0.0	0.0	0.0	0.0	0.0	0.0	0.0	0.0
GSM4138110_HNSCC_1_PBMC_AACTCAGGTGGTCTCG	55.42641557896988	48.53068785021055	0.0	17.036217770031435	0.0	61.04236899291958	0.0	4.892141774533781	0.0	0.0	0.0	13.013688341269862	0.0	25.091359639133582	0.0	0.0	0.0	0.0	19.91655750469103	0.0	0.0	58.981637333875774	0.0	0.0	0.0	0.0	0.0	0.0	0.0	0.0	0.0	0.0
GSM4138110_HNSCC_1_PBMC_AACTCCCTCCAATGGT	115.40332773132673	116.90665333153099	51.980610991743106	18.917857825288976	63.37914432717286	0.0	0.0	0.0	60.62945452202841	0.0	26.140557359079104	0.0	0.0	0.0	0.0	0.0	21.719829963125882	0.0	0.0	0.0	0.0	0.0	0.0	3.6591138932000806	0.0	0.0	0.0	18.279349269653224	0.0	0.0	0.0	0.0
GSM4138110_HNSCC_1_PBMC_AACTCTTAGTGGGTTG	118.85620765175427	70.31278829088546	67.10251007355683	20.635159901655136	13.615118341521347	0.0	0.0	39.59808476381437	0.0	0.0	0.0	0.0	0.0	0.0	0.0	0.0	0.0	0.0	0.0	0.0	0.0	0.0	0.0	0.0	0.0	0.0	0.0	0.0	0.0	0.0	57.90974004410555	12.811571108271554
GSM4138110_HNSCC_1_PBMC_AACTCTTGTCACACGC	57.07996551176138	37.091246200531494	0.0	19.61323429355497	18.995551860345913	0.0	0.0	0.0	0.0	0.0	0.0	49.179991219130805	0.0	0.0	19.807476546649834	0.0	0.0	0.0	0.0	0.0	57.96740258958564	0.0	0.0	0.0	0.0	0.0	0.0	0.0	0.0	0.0	0.0	0.0
GSM4138110_HNSCC_1_PBMC_AACTTTCAGAAGGTTT	86.62454160237229	69.93493041095232	17.02871389903969	58.05683512984447	54.17609971784636	0.0	0.0	0.0	0.0	0.0	37.5627817333837	0.0	12.280235233506223	15.898437167254599	0.0	0.0	5.863294550243596	0.0	0.0	0.0	1.2218990027846452	0.0	0.0	0.0	0.0	0.0	0.0	36.53780064349828	0.0	0.0	0.0	0.0
GSM4138110_HNSCC_1_PBMC_AAGGAGCTCCTTTCGG	134.7583943724165	83.1665575363615	0.0	35.49215364854485	0.0	0.0	0.0	70.48041453439845	0.0	0.0	0.0	83.53382587723522	14.97780096893606	64.0482922563443	0.0	0.0	0.0	0.0	5.423474818815538	0.0	0.0	0.0	0.0	0.0	0.0	0.0	0.0	0.0	0.0	0.0	0.0	0.0
GSM4138110_HNSCC_1_PBMC_AATCCAGAGTGCTGCC	107.38373576023041	97.37819166852213	0.0	25.74043001212971	66.36448501590372	24.240216989326857	0.0	0.0	0.0	0.0	0.0	49.15489188072762	74.715829877871	0.0	0.0	0.0	0.0	0.0	0.0	0.0	0.0	0.0	0.0	0.0	0.0	0.0	0.0	0.0	0.0	0.0	0.0	0.0
GSM4138110_HNSCC_1_PBMC_AATCGGTGTCTAGCCG	54.47399575342916	84.03727049859019	18.42263428984554	27.3915544765178	112.26695913095827	76.25365472740297	0.0	0.0	76.44663366701484	0.0	0.0	0.0	0.9917873557437157	0.0	0.0	0.0	0.0	0.0	0.0	0.0	29.466462642814488	0.0	0.0	0.0	0.0	0.0	0.0	0.0	0.0	0.0	0.0	0.0
GSM4138110_HNSCC_1_PBMC_ACACCCTCATCTACGA	55.02748816337835	62.931170170717614	0.0	22.34831913777995	40.61170908832095	23.655752587929346	8.472069157851127	0.0	0.0	0.0	0.0	0.0	0.0	0.0	0.0	0.0	40.21405523587693	0.0	0.0	0.0	20.717073161533147	0.0	0.0	0.0	0.0	0.0	0.0	27.24681411016697	0.0	0.0	0.0	0.0
GSM4138110_HNSCC_1_PBMC_ACACCGGCACCATGTA	211.8819485951818	203.24829610974518	0.0	57.086300438005324	55.320187303473574	147.6491079367923	0.0	0.0	138.5428919659194	0.0	0.0	12.98668867976388	0.0	0.0	0.0	0.0	0.0	0.0	0.0	0.0	0.0	0.0	122.98892739002117	4.731140309283636	0.0	0.0	0.0	0.0	0.0	0.0	0.0	0.0
GSM4138110_HNSCC_1_PBMC_ACATCAGAGCGTTCCG	171.98858442671033	163.11239190037435	84.32896913191723	36.593679379051515	83.90040016452663	10.999061871614407	175.37590218656263	0.0	0.0	0.0	0.0	0.0	0.0	0.0	0.0	0.0	0.0	0.0	0.0	0.0	0.0	0.0	0.0	0.0	0.0	0.0	0.0	0.0	0.0	0.0	0.0	0.0
GSM4138110_HNSCC_1_PBMC_ACCCACTCAATGTAAG	102.30007089924467	47.28923144759978	0.0	24.373513848225596	0.0	0.0	0.0	0.0	49.7554901236709	0.0	0.0	17.960097497984293	0.0	0.0	0.0	0.0	23.809849922901495	0.0	0.0	0.0	0.0	11.325712690607888	0.0	0.0	0.0	0.0	0.0	0.0	0.0	0.0	0.0	0.0
GSM4138110_HNSCC_1_PBMC_ACCCACTGTAAGTGTA	77.25872753301127	102.9902498731836	40.050627264310535	30.517696188292398	0.0	4.36908743913066	0.0	0.0	0.0	78.59506093623025	0.0	0.0	0.0	0.0	0.0	0.0	0.0	0.0	0.0	0.0	0.0	48.1100548294263	12.278438189645495	0.0	0.0	0.0	0.0	0.0	0.0	0.0	0.0	0.0
GSM4138110_HNSCC_1_PBMC_ACCTTTATCATAACCG	148.52085188595802	87.78335010081999	37.37687162537477	40.747596103341024	51.55883380686833	0.0	0.0	0.0	0.0	0.0	21.661480860899708	0.0	113.35220176218718	0.0	0.0	0.0	18.024614068048937	9.277174348176311	0.0	0.0	0.0	0.0	0.0	0.0	0.0	0.0	0.0	0.0	0.0	0.0	0.0	0.0
GSM4138110_HNSCC_1_PBMC_ACGAGCCAGGTGTGGT	47.55662090002739	85.26538934813979	40.80007787762025	28.079409047710488	0.0	0.0	0.0	0.0	0.0	0.0	0.0	0.0	0.0	0.0	0.0	0.0	0.0	0.0	0.0	0.0	0.0	0.0	0.9377453920305424	107.1849165281488	0.0	39.8428932286418	0.0	0.0	0.0	0.0	0.0	0.0
GSM4138110_HNSCC_1_PBMC_ACGATACCATATGAGA	70.3184186577514	44.63480019383946	57.92800091164771	16.30557577289198	0.0	0.0	0.0	8.40646614291053	31.57287436316747	0.0	0.0	0.0	0.0	0.0	24.32911350993815	0.0	0.0	0.0	0.0	0.0	0.0	1.6430556358565496	0.0	17.312757008413374	0.0	0.0	0.0	0.0	0.0	0.0	0.0	0.0
GSM4138110_HNSCC_1_PBMC_ACGATACTCTGATTCT	41.144615022403606	34.72018300851444	20.09409362561354	18.45459930041693	0.0	46.73770305257245	0.0	0.0	0.0	0.0	0.0	2.348355542329619	65.8105214474498	0.0	0.0	0.0	0.0	0.0	0.0	0.0	0.0	57.222120245765645	0.0	0.0	0.0	9.041545439497886	0.0	0.0	0.0	0.0	0.0	0.0
GSM4138110_HNSCC_1_PBMC_ACGATGTCAGGCAGTA	64.89468255732918	56.55858396574543	76.53925843889904	21.596369767793657	0.0	0.0	0.0	39.10689371264746	55.06423065326852	4.715483316498866	0.0	0.0	0.0	0.0	0.0	0.0	0.0	0.0	0.0	0.0	0.0	0.0	0.0	0.0	1.546973748325943	0.0	0.0	0.0	0.0	0.0	0.0	0.0
GSM4138110_HNSCC_1_PBMC_ACGCAGCGTAGAGCTG	72.07722578507861	46.67545589017587	0.0	17.80375945355367	6.657619416686093	0.0	0.0	18.269347185619576	0.0	0.0	68.41172211766545	0.0	0.0	0.0	0.0	0.0	0.0	0.0	0.0	0.0	0.0	0.0	0.0	0.0	0.0	0.0	0.0	0.0	0.0	0.0	41.11257875159528	0.0
GSM4138110_HNSCC_1_PBMC_ACGCCGAAGGTAGCTG	38.18383811894431	44.14168244999546	0.0	21.007393690005014	0.0	0.0	0.0	0.0	0.0	0.0	0.0	0.0	0.0	0.0	0.0	44.223484087225344	34.72365406820117	0.0	0.0	0.0	0.0	0.0	48.719697841179624	0.0	0.0	0.0	0.0	0.0	0.0	0.0	0.0	0.0
GSM4138110_HNSCC_1_PBMC_ACGGGCTGTGATAAAC	59.26520955431854	48.41594364327021	75.82356070284874	27.640150553698465	0.0	0.0	0.0	0.0	113.74505675431246	0.0	0.0	0.0	0.0	0.0	40.50779093350716	0.0	0.0	0.0	0.0	0.0	0.0	0.0	0.0	0.0	0.0	0.0	0.0	0.0	0.0	0.0	0.0	0.0
GSM4138110_HNSCC_1_PBMC_ACGTCAACATCACGAT	78.32474837588147	24.09028705049788	35.96995386097009	16.5999203039279	7.290503664506365	0.0	0.0	42.205969161391764	20.883582617170855	0.0	0.0	0.0	0.0	0.0	0.0	0.0	0.0	0.0	0.0	0.0	0.0	0.0	0.0	11.782897744280495	0.0	0.0	0.0	0.0	0.0	0.0	0.0	0.0
GSM4138110_HNSCC_1_PBMC_ACTATCTAGGAATTAC	161.07609498969194	135.25545967266606	20.917229806031987	31.00954187034653	15.258625192045951	0.0	0.0	0.0	8.314659689191043	0.0	0.0	118.40275112036689	0.0	0.0	0.0	0.0	0.0	61.3789684909107	0.0	0.0	0.0	0.0	0.0	92.40559375647692	0.0	0.0	0.0	0.0	0.0	0.0	0.0	0.0
GSM4138110_HNSCC_1_PBMC_ACTGATGTCGTTACGA	121.73736275968743	128.8601802130021	0.0	37.923235555283696	0.0	28.734429357055497	0.0	0.0	0.0	0.0	0.0	67.12892236135013	0.0	76.4529024815375	0.0	0.0	0.0	0.0	0.0	0.0	0.0	0.0	0.0	0.0	0.0	0.0	0.0	0.0	0.0	106.61983503377482	0.0	0.0
GSM4138110_HNSCC_1_PBMC_ACTTACTAGATAGGAG	74.04957800339855	102.75373820794088	0.0	14.879802421941353	0.0	47.59632828426035	0.0	68.34585138540385	35.773817686654105	0.0	0.0	0.0	0.0	0.0	0.0	0.0	0.0	0.0	0.0	0.0	0.0	0.0	0.0	33.13085448813473	0.0	0.0	0.0	0.0	0.0	0.0	0.0	0.0
GSM4138110_HNSCC_1_PBMC_ACTTGTTTCCACGACG	67.15837901197078	52.713994048304926	0.0	21.287955067081697	0.0	55.51488953515287	0.0	61.869322440696614	103.31649789175893	0.0	0.0	0.0	0.0	0.0	0.0	0.0	0.0	0.0	0.0	0.0	0.0	0.0	0.0	0.0	0.0	0.0	0.0	0.0	0.0	0.0	0.0	0.0
GSM4138110_HNSCC_1_PBMC_ACTTTCATCGTCACGG	57.56399456300552	47.75413805182126	0.0	36.98786207780653	39.77629079327588	0.0	38.095997196619585	0.0	0.0	0.0	0.0	73.41323828403682	0.0	0.0	0.0	0.0	0.0	0.0	0.0	0.0	9.853194960550882	0.0	0.0	0.0	0.0	0.0	0.0	0.0	0.0	0.0	0.0	0.0
GSM4138110_HNSCC_1_PBMC_AGATTGCTCATGCTCC	116.76833146172515	57.06241454767443	0.0	57.1637952418168	0.0	133.43316348116898	0.0	0.0	0.0	0.0	0.0	0.0	0.0	0.0	0.0	0.0	0.0	0.0	73.01222141517246	0.0	0.0	45.160110662870366	0.0	0.0	0.0	5.864312622681733	0.0	0.0	0.0	0.0	0.0	0.0
GSM4138110_HNSCC_1_PBMC_AGATTGCTCCTAGAAC	13.168359101813126	50.52903447002517	143.39605714232184	18.903821596014147	13.8380554993732	0.0	45.92306182294817	0.0	0.0	0.0	0.0	0.0	0.0	0.0	0.0	0.0	0.0	0.0	0.0	0.0	0.0	0.0	0.0	0.0	0.0	0.0	0.0	0.0	0.0	0.0	0.0	0.0
GSM4138110_HNSCC_1_PBMC_AGCAGCCTCACTCTTA	72.98492635164573	80.66676453214227	0.0	18.371941259927915	46.29101342090628	49.31697651725191	0.0	0.0	0.0	61.74814577985116	0.0	0.0	0.0	0.0	0.0	0.0	0.0	0.0	0.0	0.0	0.0	0.0	0.0	0.0	0.0	0.0	0.0	0.0	0.0	0.0	0.0	0.0
GSM4138110_HNSCC_1_PBMC_AGCCTAAAGCGTGAAC	83.9422689933694	122.50329478629547	0.0	35.066173682625774	0.0	0.0	0.0	64.2916042566166	0.0	0.0	0.0	0.0	0.0	0.0	0.0	0.0	112.79180105967204	0.0	114.48324135143373	0.0	0.0	0.0	0.0	0.0	0.0	0.0	0.0	0.0	4.708240164822294	0.0	0.0	0.0
GSM4138110_HNSCC_1_PBMC_AGCCTAAGTCTCATCC	74.90151916320819	34.73141736290297	18.41454306713581	7.457131036051915	0.0	0.0	0.0	24.583036052168534	0.0	0.0	0.0	0.0	0.0	0.0	0.0	0.0	0.0	0.0	0.0	0.0	0.0	0.0	0.0	0.0	104.1152418371354	0.0	0.0	0.0	0.0	0.0	0.0	0.0
GSM4138110_HNSCC_1_PBMC_AGCGTATAGCCAGTTT	107.13605550078535	50.76905392878522	102.16554182379426	23.113265896787073	35.0035075393785	0.0	0.0	14.172126456210995	0.0	0.0	0.0	0.0	0.0	0.0	0.0	0.0	0.0	0.0	0.0	0.0	0.0	0.0	0.0	69.67050239918203	0.0	0.0	0.0	0.0	0.0	0.0	0.0	0.0
GSM4138110_HNSCC_1_PBMC_AGCGTCGAGCGCTCCA	92.28242765189908	92.1165518379825	0.0	34.82225820486799	9.286242416429427	50.71474126077442	38.7372637129875	0.0	0.0	0.0	0.0	0.0	0.0	0.0	0.0	0.0	0.0	0.0	0.0	0.0	0.0	38.278741584914414	0.0	0.0	0.0	0.0	0.0	0.0	0.0	0.0	0.0	0.0
GSM4138110_HNSCC_1_PBMC_AGCTCCTGTATCACCA	153.64617648390228	121.63181098443906	0.0	40.07516904049508	62.618113475800165	0.0	110.99504516591715	0.0	0.0	0.0	0.0	0.0	0.0	0.0	3.6125353305420225	0.0	162.52581287278815	0.0	0.0	0.0	0.0	0.0	0.0	0.0	0.0	0.0	0.0	0.0	0.0	0.0	0.0	0.0
GSM4138110_HNSCC_1_PBMC_AGCTCTCAGTCGTTTG	115.55352135387574	131.41804807679443	62.74782353628403	31.61935459601092	49.785183473708294	0.0	0.0	0.0	0.0	0.0	10.81751735024031	0.0	111.96986138056268	0.0	2.845536762717287	0.0	0.0	0.0	0.0	0.0	0.0	10.00558515152705	0.0	0.0	0.0	0.0	0.0	0.0	0.0	0.0	0.0	0.0
GSM4138110_HNSCC_1_PBMC_AGCTTGAAGACTGGGT	86.31875887214386	68.18141046783879	0.0	63.40386170671959	0.0	0.0	0.0	0.0	69.55362713321502	0.0	69.27341546809069	0.0	0.0	0.0	0.0	0.0	0.0	0.0	0.0	0.0	0.0	43.91867980964711	3.523318044648428	0.0	0.0	0.0	0.0	2.9856923680074012	0.0	0.0	0.0	0.0
GSM4138110_HNSCC_1_PBMC_AGGCCGTAGACTACAA	158.99119389399402	69.34662702684616	54.156922434324535	30.775492045994532	39.38072539726184	0.0	21.85180525687771	25.786312103289596	0.0	75.23682115128378	0.0	0.0	0.0	0.0	0.0	0.0	12.489178884341653	0.0	0.0	0.0	0.0	0.0	0.0	0.0	0.0	0.0	0.0	0.0	0.0	0.0	0.0	0.0
GSM4138110_HNSCC_1_PBMC_AGGGATGAGACCCACC	66.1500652681188	65.32893687943086	79.24953607433544	27.320577636993534	21.2784088285135	0.0	0.0	26.509986299073976	0.0	59.628229952396325	0.0	0.0	0.0	0.0	0.0	0.0	0.0	0.0	0.0	0.0	0.0	0.0	0.0	0.0	0.0	0.0	0.0	0.0	0.0	0.0	0.0	0.0
GSM4138110_HNSCC_1_PBMC_AGGGATGCATGTTCCC	96.95674545583472	86.80522064049137	0.0	53.15289718479705	0.0	90.68804117637107	0.0	0.0	0.0	0.0	0.0	0.0	0.0	0.0	56.84440193561182	0.0	0.0	0.0	0.0	92.02729721172001	0.0	0.0	0.0	0.0	0.0	0.0	0.0	0.0	0.0	0.0	0.0	0.0
GSM4138110_HNSCC_1_PBMC_AGTAGTCGTCAATGTC	81.73236192621815	48.64287286324279	0.0	29.365232585591954	3.37293983917142	0.0	0.0	13.184859401421999	0.0	0.0	61.627109896777455	0.0	0.0	53.08939405554207	0.0	0.0	0.0	0.0	0.0	0.0	0.0	0.0	40.133918994384494	0.0	0.0	0.0	0.0	0.0	0.0	0.0	0.0	0.0
GSM4138110_HNSCC_1_PBMC_AGTAGTCGTCCGAAGA	81.27482963438243	70.40979191249197	0.0	17.948150737706758	7.08768744121204	0.0	0.0	33.43370122251378	0.0	0.0	84.13641547937827	0.0	0.0	81.70924279869783	0.0	0.0	0.0	0.0	0.0	0.0	0.0	0.0	0.0	0.0	0.0	0.0	0.0	0.0	0.0	0.0	0.0	0.0
GSM4138110_HNSCC_1_PBMC_AGTGGGAAGGAGCGAG	121.27555547335385	131.0642348670087	0.0	59.00139320169699	128.3620913424349	0.0	0.0	0.0	0.0	0.0	106.40001157742955	0.0	0.0	0.0	0.0	125.86171269922116	0.0	0.0	0.0	0.0	0.0	0.0	0.0	0.0	0.0	0.0	0.0	0.0	0.0	0.0	0.0	0.0
GSM4138110_HNSCC_1_PBMC_AGTGTCAGTACCGGCT	75.15199590737406	59.80772650580798	164.09577315500323	33.154178323112774	0.0	0.0	0.0	0.0	0.0	133.14514582712198	0.0	0.0	0.0	0.0	0.0	0.0	0.0	0.0	0.0	0.0	0.0	15.075646196869437	0.0	0.0	0.0	0.0	0.0	0.0	0.0	0.0	0.0	0.0
GSM4138110_HNSCC_1_PBMC_ATAAGAGAGCTGATAA	37.01229081952611	42.21388819477092	86.93075342466706	34.65425472268738	0.0	0.0	0.0	31.635639814719056	0.0	0.0	0.0	0.0	22.985982042661423	0.0	0.0	0.0	0.0	0.0	0.0	0.0	0.0	0.0	0.0	0.0	0.0	0.0	0.0	0.0	0.0	0.0	0.0	0.0
GSM4138110_HNSCC_1_PBMC_ATCACGAGTCAAACTC	50.601880330189886	73.37153535020649	0.0	19.166403150776496	0.0	53.960880244353106	0.0	0.0	33.683334039329125	43.235570033487676	0.0	0.0	0.0	0.0	26.336995319242433	0.0	0.0	0.0	0.0	0.0	0.0	0.0	0.0	2.1674698309318927	0.0	0.0	0.0	0.0	0.0	0.0	0.0	0.0
GSM4138110_HNSCC_1_PBMC_ATCATCTTCTGTGCAA	73.11368898084957	79.24188899342346	51.0474282051198	22.918402576483995	58.590120786198995	0.0	48.78594163662586	0.0	0.0	0.0	0.0	0.0	0.0	0.0	0.0	0.0	0.0	0.0	0.0	0.0	0.0	0.0	0.0	0.0	0.0	0.0	0.0	0.0	0.0	0.0	0.0	0.0
GSM4138110_HNSCC_1_PBMC_ATCATGGGTCACTGGC	104.93020269323847	43.666445412637735	0.0	23.537396050951212	74.07648748392727	77.95512810991632	113.41625681173083	0.0	0.0	0.0	0.0	0.0	0.0	0.0	0.0	0.0	0.0	0.0	0.0	0.0	0.0	0.0	0.0	0.0	0.0	0.0	0.0	0.0	0.0	0.0	0.0	0.0
GSM4138110_HNSCC_1_PBMC_ATCTGCCCATACGCCG	88.6404935536806	38.64944555751467	69.47925944138856	33.99121903991802	0.0	0.0	0.0	0.0	0.0	0.0	0.0	0.0	0.0	0.0	0.0	53.50539821073513	0.0	0.0	0.0	0.0	0.0	0.0	7.08678490715807	0.0	0.0	66.52243597095284	0.0	0.0	0.0	0.0	0.0	0.0
GSM4138110_HNSCC_1_PBMC_ATGAGGGAGTGTACGG	130.8575690109091	99.67108574125754	0.0	24.81557693468034	44.45690495652072	0.0	0.0	0.0	0.0	0.0	50.55634189267041	0.0	0.0	0.0	14.988962313532644	96.86489406580176	0.0	0.0	0.0	8.485260013523657	0.0	0.0	0.0	0.0	0.0	0.0	0.0	0.0	0.0	0.0	0.0	0.0
GSM4138110_HNSCC_1_PBMC_ATGGGAGAGACCCACC	187.88671328150122	216.62323777463226	89.32197758311831	42.17771667873662	0.0	0.0	0.0	149.6562824225401	0.0	0.0	0.0	0.0	0.0	0.0	0.0	0.0	0.0	0.0	0.0	164.44919822910907	0.0	0.0	0.0	0.0	0.0	0.0	0.0	0.0	0.0	0.0	0.0	0.0
GSM4138110_HNSCC_1_PBMC_ATGTGTGTCCAGTAGT	53.81499019057829	46.09529462076309	58.058346577297684	14.12950796909647	0.0	0.0	0.0	32.163419701887676	0.0	23.186023214478965	0.0	0.0	0.0	0.0	0.0	58.13170373067123	0.0	0.0	0.0	0.0	0.0	0.0	0.0	0.0	0.0	0.0	0.0	0.0	0.0	0.0	0.0	0.0
GSM4138110_HNSCC_1_PBMC_ATTATCCAGCGCCTTG	85.32964300041773	124.89959207646174	0.0	32.77391809513801	0.0	78.38430219904137	0.0	0.0	19.168530662946452	0.0	0.0	0.0	70.58845600156864	0.0	0.0	0.0	0.0	0.0	0.0	0.0	0.0	80.87826182474406	0.0	0.0	0.0	0.0	0.0	0.0	0.0	0.0	0.0	0.0
GSM4138110_HNSCC_1_PBMC_ATTCTACAGATGTCGG	114.34565528687638	94.84608593319759	60.60056930831906	21.932895384410887	25.75413405243566	0.0	0.0	31.60402950373986	0.0	0.0	0.0	0.0	0.0	2.2605346391350745	0.0	0.0	0.0	0.0	0.0	73.54458344929654	0.0	1.3697052027720817	0.0	0.0	0.0	0.0	0.0	0.0	0.0	0.0	0.0	0.0
GSM4138110_HNSCC_1_PBMC_ATTGGACAGAAGGCCT	87.1876097545008	33.27235694094151	37.71659495376539	22.391844376193593	0.0	0.0	0.0	0.0	32.36140921708958	0.0	0.0	0.0	0.0	0.0	52.07836931617903	0.0	0.0	0.0	0.0	0.0	0.0	0.0	0.0	0.0	14.677988674621004	0.0	0.0	0.0	0.0	0.0	0.0	0.0
GSM4138110_HNSCC_1_PBMC_ATTGGTGCACAGGAGT	80.79455485687792	77.3161483657364	55.59140857352421	22.541686997739514	47.29288760983614	0.0	0.0	0.0	0.0	105.69032994042183	0.0	0.0	0.0	0.0	0.0	0.0	0.0	0.0	0.0	0.0	0.0	0.0	0.0	0.0	0.0	0.0	0.0	0.0	0.0	0.0	0.0	0.0
GSM4138110_HNSCC_1_PBMC_CAACCTCTCTAAGCCA	69.18250649923428	31.84069227102352	0.0	27.422015052744413	0.0	0.0	0.0	0.0	0.0	17.904876102326273	0.0	0.0	0.0	0.0	64.72350780861991	0.0	41.13458652560643	0.0	0.0	0.0	30.53104074728532	0.0	0.0	0.0	0.0	0.0	0.0	0.0	0.0	0.0	0.0	0.0
GSM4138110_HNSCC_1_PBMC_CAACTAGGTGTCCTCT	62.62629269858117	74.22287184409136	0.0	17.476869030102904	0.0	0.0	0.0	0.0	0.0	0.0	0.0	9.86157342110027	0.0	72.18848401244409	0.0	0.0	45.36146425929573	0.0	3.261278391493209	0.0	0.0	69.70827638242056	0.0	0.0	0.0	0.0	0.0	0.0	0.0	0.0	0.0	0.0
GSM4138110_HNSCC_1_PBMC_CAACTAGTCAAGATCC	62.3437428041621	49.58353743057156	0.0	18.535029044513674	0.0	63.650921286483445	0.0	0.0	0.0	81.63342511579508	0.0	0.0	0.0	0.0	36.50392025635752	0.0	0.0	0.0	0.0	0.0	0.0	0.0	0.0	0.0	0.0	0.0	0.0	0.0	0.0	0.0	0.0	0.0
GSM4138110_HNSCC_1_PBMC_CAAGAAATCACAAACC	66.26429359601998	43.87565936466417	0.0	14.28276765297274	46.69689817249351	43.99315154125972	0.0	0.0	0.0	39.50458516282263	0.0	0.0	0.0	0.0	0.0	0.0	0.0	0.0	0.0	10.26491889695631	0.0	0.0	0.0	0.0	0.0	0.0	0.0	0.0	0.0	0.0	0.0	0.0
GSM4138110_HNSCC_1_PBMC_CAAGTTGCATGTTCCC	185.09293645627645	79.24580398327983	0.0	31.65358570589774	83.57675698658643	0.0	0.0	0.0	0.0	113.69050854945984	93.34553012246118	0.0	0.0	0.0	5.675749654430068	0.0	0.0	0.0	0.0	0.0	0.0	0.0	0.0	0.0	0.0	0.0	0.0	0.0	0.0	0.0	0.0	0.0
GSM4138110_HNSCC_1_PBMC_CACACTCTCAAGATCC	103.05277170495538	84.75078997822891	0.0	20.004944252380987	86.17808061048586	0.0	0.0	0.0	0.0	0.0	0.0	66.37544276144294	0.0	11.951876216846737	0.0	0.0	0.0	0.0	0.0	0.0	0.0	0.0	0.0	0.0	0.0	0.0	0.0	95.39746874824597	0.0	0.0	0.0	0.0
GSM4138110_HNSCC_1_PBMC_CACAGGCTCCGCGTTT	92.8406479417522	81.08468638126008	0.0	32.65728855690536	31.344352625247616	0.0	0.0	13.568950727156146	0.0	0.0	0.0	79.04613918392697	0.0	0.0	0.0	0.0	0.0	0.0	0.0	0.0	0.0	0.0	0.0	0.0	97.6370726868845	0.0	0.0	0.0	11.370698481701757	0.0	0.0	0.0
GSM4138110_HNSCC_1_PBMC_CACAGTAAGTTACCCA	82.16545885167642	62.72341669476222	38.29523793674928	24.06641132145906	52.41757924219169	0.0	0.0	0.0	0.0	0.0	53.380797664592905	0.0	83.38115407573095	0.0	0.0	0.0	0.0	0.0	0.0	0.0	0.0	0.0	0.0	0.0	0.0	0.0	0.0	0.0	0.0	0.0	24.778461862034725	0.0
GSM4138110_HNSCC_1_PBMC_CACATTTAGTAGCGGT	78.10849697337729	50.709916119357636	0.0	14.819938602445335	8.530437267618503	80.22883068445691	5.906996433975826	34.62072746247516	2.3101685790651945	13.559896026834679	0.0	0.0	0.0	39.87426828552131	0.0	0.0	0.0	0.0	0.0	0.0	0.0	0.0	0.0	0.0	0.0	0.0	0.0	4.749182057673655	0.0	0.0	0.0	0.0
GSM4138110_HNSCC_1_PBMC_CACCACTTCCGCGGTA	60.81932858315611	60.77347122429826	0.0	53.2145124257984	32.28659709782436	40.59752471436136	0.0	0.0	0.0	0.0	0.0	0.0	0.0	52.347342653964866	0.0	0.0	0.0	0.0	0.017780208515438642	0.0	0.0	0.0	0.0	0.0	0.0	0.0	0.0	0.0	0.0	0.0	0.0	0.0
GSM4138110_HNSCC_1_PBMC_CAGAGAGAGCCACTAT	49.55151402860967	42.91725429009914	44.577715349925676	13.936614780739779	88.29159762107889	0.0	0.0	0.0	64.16493886035596	0.0	0.0	8.19094721599175	0.0	0.0	0.0	0.0	0.0	0.0	0.0	0.0	0.0	0.0	0.0	0.0	0.0	0.0	0.0	8.48541973303546	0.0	0.0	0.0	0.0
GSM4138110_HNSCC_1_PBMC_CAGCAGCGTGCAGTAG	75.50421304790271	68.59949247632062	34.040845951415506	14.32606268252942	0.0	0.0	25.865034767806026	0.0	0.0	6.5925630800764266	0.0	0.0	0.0	0.0	0.0	0.0	0.0	0.0	0.0	0.0	0.0	0.0	0.0	0.0	0.0	0.0	0.0	0.0	0.0	15.557453352627528	0.0	0.0
GSM4138110_HNSCC_1_PBMC_CAGCATAAGTACTTGC	54.493205893931744	72.933638574977	15.0129862197345	21.26558554042329	0.0	0.0	0.0	0.0	0.0	82.02514665284056	4.2148866002905505	0.0	0.0	0.0	0.0	0.0	0.0	0.0	0.0	0.0	0.0	86.94887440628041	0.0	0.0	0.0	0.0	0.0	0.0	0.0	0.0	0.0	0.0
GSM4138110_HNSCC_1_PBMC_CAGCATATCAGAGGTG	145.89228722882297	127.86761961019769	0.0	97.16718523176888	0.0	0.0	0.0	82.92210443271415	0.0	0.0	100.93559518141586	0.0	0.0	0.0	0.0	109.22417960751983	0.0	0.0	0.0	0.0	0.0	0.0	0.0	0.0	0.0	0.0	0.0	0.0	0.0	0.0	0.0	0.0
GSM4138110_HNSCC_1_PBMC_CAGCTAAGTTCCACGG	0.0	0.0	0.0	1373.6235487532338	0.0	0.0	0.0	0.0	0.0	0.0	0.0	0.0	0.0	0.0	0.0	0.0	0.0	0.0	0.0	0.0	0.0	0.0	0.0	0.0	0.0	0.0	0.0	0.0	0.0	0.0	0.0	0.0
GSM4138110_HNSCC_1_PBMC_CATCGAAGTACTTCTT	97.54103159480235	135.03569848423882	109.33860328490145	13.866303395833645	0.0	0.0	0.0	28.819670136864314	0.0	0.9624560889937981	0.0	0.0	0.0	51.83269695025188	0.0	0.0	0.0	12.593888321176408	0.0	0.0	0.0	5.428761784361443	0.0	0.0	0.0	0.0	7.684414608172667	0.0	0.0	0.7728677196699985	0.0	0.0
GSM4138110_HNSCC_1_PBMC_CATCGGGAGAGCTTCT	44.10095023971114	44.741241751677805	0.0	13.969053311764283	0.0	19.461882972954626	0.0	22.928116042471263	0.0	0.0	0.0	0.0	0.0	0.0	0.0	0.0	0.0	0.0	0.0	0.0	30.102946140893405	0.0	0.0	0.0	0.0	0.0	0.0	0.0	0.0	0.0	0.0	0.0
GSM4138110_HNSCC_1_PBMC_CATTATCTCGATCCCT	116.6470797449248	78.08551787528856	112.2527821318677	44.84911756523397	0.0	0.0	0.0	48.49388596417535	54.88896183549029	0.0	1.5968991003645965	0.0	0.0	0.0	0.0	0.0	10.658514586066621	0.0	21.44903166932774	0.0	0.0	19.885917955119808	0.0	0.0	0.0	0.0	0.0	0.0	0.0	0.0	0.0	0.0
GSM4138110_HNSCC_1_PBMC_CATTCGCAGTGAAGAG	119.46302193794796	164.49908805418661	92.3986782918673	65.78165412014977	69.45669393187859	0.0	0.0	0.0	0.0	0.0	49.59472209521613	0.0	0.0	0.0	0.0	0.0	0.0	0.0	107.64064525124184	0.0	0.0	0.0	9.47935618492585	0.0	0.0	0.0	0.0	0.0	0.0	0.0	0.0	0.0
GSM4138110_HNSCC_1_PBMC_CCACGGACAGATGGGT	92.90511629525226	166.5710701331618	0.0	49.52585606550146	0.0	142.34709718984158	0.0	57.81665786466394	0.0	0.0	0.0	0.0	0.0	82.73453508763524	0.0	0.0	0.0	0.0	27.280927095327097	0.0	0.0	0.0	0.0	0.0	0.0	0.0	0.0	0.0	0.0	0.0	0.0	0.0
GSM4138110_HNSCC_1_PBMC_CCACTACAGGTTCCTA	63.51036992446027	100.6123835399526	0.0	28.38632840144915	33.087349752114065	0.0	0.0	0.0	0.0	0.0	0.0	77.8687422290476	0.0	0.0	0.0	0.0	0.0	27.704399991156706	0.0	0.0	0.0	0.0	0.0	0.0	0.0	0.0	0.0	67.39763524527093	0.0	0.0	0.0	0.0
GSM4138110_HNSCC_1_PBMC_CCCAGTTAGGCACATG	33.02538482027897	89.20770486728796	0.0	35.11598263813544	17.939316071531774	37.505869947836274	36.738101099842154	41.123311604441824	0.0	0.0	0.0	0.0	0.0	0.0	0.0	0.0	0.0	0.0	0.0	0.0	0.0	0.0	0.0	0.0	0.0	0.0	0.0	26.05303511156699	0.0	0.0	0.0	0.0
GSM4138110_HNSCC_1_PBMC_CCCTCCTGTACAGCAG	109.75852325624382	93.67292952982882	28.724359588048177	37.45784076371524	0.0	0.0	0.0	0.0	26.30000907265995	0.0	0.0	0.0	0.0	0.0	0.0	0.0	0.0	0.0	0.0	0.0	0.0	0.0	51.92529609193653	23.797494126585946	2.8225228307948873	0.0	0.0	0.0	0.0	7.962804929562268	0.0	0.0
GSM4138110_HNSCC_1_PBMC_CCCTCCTTCCATGAAC	85.02725617817666	28.02871950097285	0.0	54.59192752370036	34.97291539981441	0.0	0.0	0.0	0.0	0.0	0.0	0.0	0.0	0.0	0.0	61.92844621442151	43.03465296163335	0.0	0.0	0.0	0.0	0.0	0.0	0.0	0.0	0.0	0.0	0.0	0.0	0.0	0.0	0.0
GSM4138110_HNSCC_1_PBMC_CCGTACTGTTCCAACA	125.91105779128918	90.42662309943515	37.76433468261182	32.2212277426911	100.95518252723107	0.0	25.199711983777416	0.0	54.502315371885	0.0	60.78035742631059	0.0	0.0	0.0	0.0	0.0	0.0	0.0	0.0	0.0	0.0	0.0	0.0	0.0	0.0	0.0	0.0	0.0	0.0	0.0	0.0	0.0
GSM4138110_HNSCC_1_PBMC_CCGTACTTCCGATATG	100.90856639704874	29.04252323056107	0.0	18.183270997322605	0.0	29.396775541832984	0.0	0.0	0.0	0.0	0.0	0.0	42.798178293013095	0.0	0.0	0.0	0.0	0.0	0.0	0.0	0.0	42.759156243366704	0.0	0.0	0.0	0.0	0.0	0.0	0.0	0.0	0.0	0.0
GSM4138110_HNSCC_1_PBMC_CCGTGGAAGGAGTACC	69.41822798258814	75.02353638789968	0.0	22.127997386905296	49.5415425269252	56.377289412578826	0.0	0.0	61.487612536995066	0.0	0.0	0.0	0.0	0.0	0.0	0.0	0.0	0.0	0.0	0.0	0.0	0.0	0.0	0.0	0.0	0.0	0.0	0.0	0.0	0.0	0.0	0.0
GSM4138110_HNSCC_1_PBMC_CCTAAAGAGCGCCTCA	109.35668947799994	147.80670300620798	96.56003498354552	67.04285026205605	0.0	0.0	0.0	0.0	0.0	0.0	0.0	0.0	0.0	0.0	0.0	0.0	0.0	0.0	0.0	0.0	0.0	0.0	0.0	0.0	127.59031104689988	183.16022418059538	0.0	0.0	0.0	0.0	0.0	0.0
GSM4138110_HNSCC_1_PBMC_CCTACACCACAGGCCT	68.78140360852524	53.2188886934138	84.11931491945317	29.228974411665533	0.0	0.0	4.379647024185263	0.0	0.0	22.125731486107146	0.0	0.0	0.0	0.0	50.27951976978835	0.0	0.0	0.0	0.0	0.0	61.473799768839875	0.0	0.0	0.0	0.0	0.0	0.0	0.0	0.0	0.0	0.0	0.0
GSM4138110_HNSCC_1_PBMC_CCTATTACACAAGACG	203.86492824993582	96.63317365051073	101.8421349658027	20.173152722488982	0.0	0.0	0.0	0.0	0.0	0.0	0.0	0.0	0.0	0.0	60.73005821959399	0.0	0.0	0.0	0.0	0.0	0.0	14.178238420036765	0.0	0.0	140.78498678937586	0.0	0.0	0.0	0.0	0.0	0.0	0.0
GSM4138110_HNSCC_1_PBMC_CCTTACGAGAATAGGG	73.75991351568851	55.605048675596684	84.05609359103951	22.237038092805108	48.89451493746383	0.0	0.0	0.0	130.6059411875824	0.0	0.0	0.0	0.0	0.0	0.0	0.0	0.0	0.0	0.0	0.0	0.0	0.0	0.0	0.0	0.0	0.0	0.0	0.0	0.0	0.0	0.0	0.0
GSM4138110_HNSCC_1_PBMC_CGAACATGTCCAGTAT	55.81571590462678	41.72917094263924	47.832275955395524	37.54684710193636	0.0	0.0	0.0	0.0	0.0	0.0	0.0	0.0	0.0	0.0	0.0	0.0	0.0	0.0	0.0	0.0	0.0	0.0	0.0	57.72825840517575	0.0	9.212762083364046	0.0	0.0	0.0	39.26623245364356	0.0	0.0
GSM4138110_HNSCC_1_PBMC_CGATCGGCAACACCCG	36.409550689173294	70.29325420104666	0.0	9.65084056724422	0.0	0.0	11.437550688284203	0.0	31.95468309175536	0.0	0.0	0.0	0.0	0.0	0.0	0.0	36.43547198483281	15.687741318179844	0.0	0.0	0.0	0.0	0.0	0.0	0.0	0.0	0.0	0.0	0.0	0.0	0.0	0.0
GSM4138110_HNSCC_1_PBMC_CGATGTATCCTTTCGG	95.30268234404278	57.43750245396659	50.95703293958242	38.484391890006734	4.799026665702922	0.0	4.0657468602718705	0.0	39.19860026424593	0.0	0.0	0.0	0.0	0.0	0.0	0.0	0.0	0.0	0.0	0.0	0.0	0.0	0.0	13.213240204731818	0.0	0.0	0.0	0.0	43.964200760305744	0.0	0.0	0.0
GSM4138110_HNSCC_1_PBMC_CGCGGTAAGACACGAC	48.1163359842946	51.39233515612537	5.039576310410011	18.885802470012617	8.581220187142613	2.168339438937833	0.0	0.0	66.7147715190432	0.0	0.0	0.0	0.0	0.0	0.0	0.0	0.0	23.931916164319198	0.0	0.0	0.0	0.0	0.0	0.0	0.0	0.0	0.0	0.0	0.0	0.0	0.0	0.0
GSM4138110_HNSCC_1_PBMC_CGCGGTATCAGTCCCT	64.65747596844572	82.98295318088125	50.11304791840405	24.504765956589747	44.66967010727944	0.0	0.0	0.0	11.146616963507165	0.0	0.0	0.0	0.0	0.0	0.0	0.0	0.0	0.0	0.0	6.536462823844443	11.761164266554754	0.0	0.0	0.0	0.0	0.0	0.0	26.542900766391075	0.0	0.0	0.0	0.0
GSM4138110_HNSCC_1_PBMC_CGCTATCAGGTAGCCA	110.04305263197577	89.24401060888252	97.91536492526456	23.695785526171527	0.0	0.0	0.0	0.0	0.0	135.49739176772587	0.0	0.0	0.0	0.0	0.0	0.0	0.0	92.61187392034975	0.0	0.0	0.0	0.0	0.0	0.0	0.0	0.0	0.0	0.0	0.0	0.0	0.0	0.0
GSM4138110_HNSCC_1_PBMC_CGCTTCACAGTACACT	96.14527839229946	67.68158879291148	90.02370528967154	21.86548300802238	0.0	0.0	0.0	0.0	0.0	0.0	0.0	0.0	13.079976664518322	0.0	34.74872322743251	0.0	0.0	0.0	23.919377873554737	34.56510611260129	0.0	38.00544702142971	0.0	0.0	0.0	0.0	0.0	0.0	0.0	0.0	0.29786599438670713	0.0
GSM4138110_HNSCC_1_PBMC_CGGAGCTCAGACGCAA	54.785908847808585	43.80301558465981	0.0	21.819914502903856	29.36350558812799	0.0	0.0	0.0	0.0	0.0	0.0	0.0	0.0	36.215694831866486	0.0	0.0	61.90842971250958	3.4523766317843756	0.0	0.0	0.0	0.0	0.0	0.0	18.81957280311486	0.0	0.0	0.0	0.0	0.0	0.0	0.0
GSM4138110_HNSCC_1_PBMC_CGGAGCTTCGCCTGAG	126.66272832954813	124.18690593503966	0.0	31.307997848023565	78.40537856635251	74.14762415529138	0.0	0.0	0.0	108.79062178631025	0.0	0.0	0.0	0.0	0.0	0.0	0.6899153506636312	0.0	0.0	0.0	0.0	0.0	0.0	0.0	0.0	0.0	0.0	0.0	0.0	0.0	0.0	0.0
GSM4138110_HNSCC_1_PBMC_CGGCTAGTCACATAGC	229.92604456929752	159.97361122250072	0.0	41.16438303367544	0.0	64.73115493179841	0.0	0.0	0.0	0.0	0.0	0.0	0.0	0.0	102.77818856822421	0.0	0.0	0.0	0.0	56.215776789720344	45.13861165926928	0.0	0.0	0.0	0.0	0.0	0.0	0.0	0.0	0.0	0.0	0.0
GSM4138110_HNSCC_1_PBMC_CGGCTAGTCAGAGACG	42.10391225377599	45.22552347261029	0.0	23.712869838184396	36.04850969228817	70.19320699319354	0.0	0.0	0.0	0.0	0.0	0.0	0.0	37.90912512440855	0.0	0.0	0.0	0.0	28.717760884715684	0.0	0.0	0.0	0.0	0.0	0.0	0.0	0.0	0.0	0.0	0.0	0.0	0.0
GSM4138110_HNSCC_1_PBMC_CGGCTAGTCCTAAGTG	97.44134800624268	104.39569792748937	0.0	22.724369507778	0.0	71.81766344676412	0.0	0.0	0.0	108.43170417485271	0.0	0.0	0.0	0.0	0.0	0.0	0.0	0.0	0.0	0.0	0.0	0.0	0.0	0.0	0.0	0.0	0.0	0.0	0.0	43.367393312026344	0.0	0.0
GSM4138110_HNSCC_1_PBMC_CGTAGCGAGAAGGGTA	95.88455599271943	97.37961804241105	0.0	23.103659824762982	3.491847070648813	0.0	0.0	51.42809864107264	136.6995194601533	0.0	41.5546259748404	0.0	0.0	0.0	0.0	0.0	0.0	0.0	0.0	0.0	0.0	0.0	0.0	0.0	0.0	0.0	0.0	0.0	0.0	0.0	0.0	0.0
GSM4138110_HNSCC_1_PBMC_CGTAGGCGTGGTAACG	55.302523691704096	39.7954167142902	28.031490630845095	19.099530475805796	0.0	0.0	0.0	0.0	0.0	96.18084817626132	0.0	0.0	0.0	0.0	47.735191688614854	0.0	0.0	0.0	0.0	0.0	0.0	0.0	0.0	0.0	0.0	0.0	0.0	0.0	0.0	0.0	0.0	0.0
GSM4138110_HNSCC_1_PBMC_CGTCACTTCAAACCGT	100.33801262632404	73.2403433998804	0.0	43.41138218447425	0.0	0.0	0.0	62.39758585632343	0.0	0.0	56.13914470591662	0.0	0.0	80.04571832328803	0.0	0.0	0.0	0.0	0.0	0.0	0.0	0.0	0.0	0.0	0.0	0.0	0.0	0.0	0.0	0.0	0.0	0.0
GSM4138110_HNSCC_1_PBMC_CGTCCATAGCAGCGTA	65.51417772110489	32.916595422441986	0.0	14.939611752458399	0.0	12.949053879137825	0.0	0.0	12.308348469030294	0.0	0.0	0.0	0.0	0.0	0.0	0.0	0.0	0.0	0.0	0.0	33.31505152996816	0.0	0.0	20.481967374999943	0.0	0.0	0.0	0.0	60.93891116643257	0.0	0.0	0.0
GSM4138110_HNSCC_1_PBMC_CGTGTAAAGGTGTGGT	91.86692592949551	104.46023603213398	0.0	16.94698856776572	82.38820425624938	0.0	0.0	0.0	0.0	0.0	79.84601393833186	0.0	0.0	69.72328291630507	0.0	0.0	0.0	0.0	6.127418989669461	0.0	0.0	0.0	0.0	0.0	0.0	0.0	0.0	0.0	0.0	0.0	0.0	0.0
GSM4138110_HNSCC_1_PBMC_CGTTGGGCAGGCGATA	99.4060464706963	67.4468065627442	0.0	36.135032993740346	0.0	0.0	0.0	0.0	51.23649425041259	0.0	52.61814479920743	0.0	0.0	0.0	51.57106639505987	0.0	0.0	0.0	0.0	0.0	0.0	0.0	0.0	0.0	0.0	0.0	0.0	0.0	0.0	0.0	0.0	0.0
GSM4138110_HNSCC_1_PBMC_CTACACCGTAGCTTGT	76.3274915270851	61.33370844005263	8.2687614659785	24.480798268906607	0.0	36.60561900351064	0.0	0.0	47.71342089395652	0.0	0.0	0.0	39.665807888519325	0.0	45.191249749281596	0.0	0.0	0.0	0.0	0.0	0.0	0.0	0.0	0.0	0.0	0.0	0.0	0.0	0.0	0.0	0.0	0.0
GSM4138110_HNSCC_1_PBMC_CTACGTCAGTGGGATC	83.75841274930296	64.4428002519253	27.840334094583365	31.68105528321096	0.0	0.0	0.0	0.0	45.814158983228346	0.0	0.0	0.0	0.0	0.0	93.73092084945424	0.0	0.0	0.0	0.0	0.0	0.0	0.0	0.0	0.0	0.0	0.0	0.0	0.0	0.0	0.0	0.0	0.0
GSM4138110_HNSCC_1_PBMC_CTACGTCTCCACGAAT	49.88751878070853	64.38453727546191	26.583608127256543	12.70874698666181	0.0	0.0	0.0	52.14655217596714	0.0	0.0	0.0	0.0	0.0	64.6140688194601	0.0	0.0	0.0	0.0	0.0	0.0	0.0	0.0	0.0	0.0	0.0	0.0	0.0	0.0	0.0	0.0	0.0	0.0
GSM4138110_HNSCC_1_PBMC_CTAGCCTAGCCAACAG	70.36688518004311	94.17883989638173	65.88265159539233	34.98464207795342	0.0	0.0	45.501258852810466	0.0	0.0	0.0	0.0	0.0	0.0	0.0	0.0	0.0	2.0594976592946295	0.0	6.4679148694391735	0.0	0.0	0.0	0.0	0.0	0.0	0.0	0.0	0.0	0.0	43.44603399047767	0.0	0.0
GSM4138110_HNSCC_1_PBMC_CTCAGAATCGAATGGG	145.60051260225177	80.27653602970074	83.01241958332362	43.62282461002937	0.0	0.0	0.0	0.0	0.0	102.64017419854666	0.0	0.0	0.0	0.0	64.2230160760757	0.0	0.0	0.0	0.0	0.0	0.0	0.0	0.0	0.0	0.0	0.0	0.0	0.0	0.0	0.0	0.0	0.0
GSM4138110_HNSCC_1_PBMC_CTCCTAGCAAGTCTGT	72.58977766330027	78.44937219557885	65.94131584792439	46.51407858877405	0.0	0.0	0.0	0.0	0.0	0.0	12.979586615854052	0.0	0.0	63.386678698076125	0.0	0.0	4.582747213113339	63.22466860614302	0.0	0.0	0.0	0.0	0.0	0.0	0.0	0.0	0.0	0.0	0.0	0.0	0.0	0.0
GSM4138110_HNSCC_1_PBMC_CTCGGAGAGCAGGTCA	122.13882517221833	115.5575652008803	0.0	32.03783539324879	52.42991903977012	41.08535726936908	0.0	0.0	78.62795369310352	0.0	0.0	0.0	0.0	0.0	23.13108928176693	0.0	0.0	0.0	0.0	0.0	0.0	0.0	0.0	0.0	0.0	0.0	0.0	0.0	0.0	0.0	0.0	0.0
GSM4138110_HNSCC_1_PBMC_CTCGTACTCAGCAACT	100.70607320980379	120.00385310879106	0.0	46.838922616860515	9.814671435939085	126.66589641371874	0.0	35.61571445204901	0.0	0.0	0.0	0.0	0.0	0.0	0.0	0.0	0.0	0.0	0.0	0.0	0.0	0.0	0.0	0.0	0.0	0.0	0.0	0.0	0.0	0.0	106.6095780559827	0.0
GSM4138110_HNSCC_1_PBMC_CTCGTCAAGCTCTCGG	170.67601088813865	142.6939226095051	29.959043570295776	61.17345412818453	0.0	0.0	0.0	0.0	0.0	177.27551179672346	0.0	0.0	0.0	0.0	0.0	0.0	0.0	0.0	0.0	0.0	0.0	0.0	0.0	0.0	0.0	0.0	0.0	0.0	0.0	89.9082527712667	0.0	0.0
GSM4138110_HNSCC_1_PBMC_CTCTACGCAGATCGGA	38.880402154226445	26.147225985363015	4.889653899207101	14.219670859446385	0.0	0.0	23.168657229318136	0.0	0.0	0.0	36.28723430954355	0.0	0.0	0.0	0.0	0.0	0.0	0.0	0.7942254671957942	9.270050881504954	0.0	0.0	0.0	0.0	0.0	0.0	0.0	0.0	0.0	50.06716631219341	0.0	0.0
GSM4138110_HNSCC_1_PBMC_CTCTGGTAGACAGGCT	16.95415993203237	41.42253820123008	17.62352209445221	10.112562828285755	0.0	0.0	0.0	0.0	0.0	0.0	0.0	48.27330294693905	0.0	0.0	0.0	0.0	0.0	44.576221507505025	0.0	0.0	0.0	0.0	0.0	86.09402148939108	0.0	0.0	0.0	0.0	0.0	0.0	0.0	0.0
GSM4138110_HNSCC_1_PBMC_CTCTGGTCACAGCCCA	94.72838231797824	86.33190354618692	0.0	22.4043232837799	48.472178121564845	53.71176263167155	85.4874568449404	17.85339884531344	0.0	0.0	0.0	0.0	0.0	0.0	0.0	0.0	0.0	0.0	32.78400488209648	0.0	0.0	0.0	0.0	8.270937932407156	0.0	0.0	0.0	0.0	0.0	0.0	0.0	0.0
GSM4138110_HNSCC_1_PBMC_CTGAAACCAGCCTTGG	110.18439582249489	84.76869087204544	52.09901247374944	83.60885624395921	0.0	0.0	0.0	15.72725209323496	0.0	0.0	0.0	0.0	0.0	6.217533561807741	0.0	0.0	0.0	0.0	0.0	12.126204207431213	0.0	0.0	0.0	0.0	0.0	0.0	0.0	41.528031381075245	0.0	0.0	0.0	0.0
GSM4138110_HNSCC_1_PBMC_CTGAAACCAGTATGCT	60.46847904505815	84.19865193160184	0.0	33.41159916299807	55.778184529644854	85.1569182721741	91.09422647251786	0.0	0.0	0.0	0.0	0.0	0.0	0.0	0.0	0.0	0.0	0.0	0.0	0.0	0.0	0.0	0.0	0.0	0.0	0.0	0.0	0.0	0.0	0.0	0.0	0.0
GSM4138110_HNSCC_1_PBMC_CTGAAGTCAGCTGCTG	81.54760891786894	72.15406574933509	0.0	23.480805675786353	0.0	0.0	0.0	42.25792937759709	28.62862837187277	0.0	0.0	69.87340755235219	0.0	0.0	0.0	0.0	0.0	0.0	0.0	0.0	0.0	0.0	0.0	40.104749645169136	4.660433033217878	0.0	0.0	0.0	0.0	0.0	0.0	0.0
GSM4138110_HNSCC_1_PBMC_CTGAAGTGTTCTCATT	40.20295360060968	99.28733468151854	0.0	19.997774943439843	141.94868281026734	20.565147670707468	0.0	0.0	6.693622907000729	0.0	0.0	0.0	0.0	0.0	0.0	0.0	0.0	0.0	0.0	0.0	0.0	0.0	0.0	26.98997764810056	0.0	0.0	0.0	0.0	0.0	0.0	0.0	0.0
GSM4138110_HNSCC_1_PBMC_CTGTTTACAAAGGTGC	122.02041386962692	80.02331136849573	38.29894814147456	24.958517719210363	0.0	0.0	0.0	0.0	0.0	58.44545978273864	0.0	0.0	0.0	0.0	0.0	0.0	0.0	0.0	0.0	0.0	0.0	0.0	0.0	0.0	0.0	0.0	0.0	0.0	0.0	43.26355083397953	0.0	0.0
GSM4138110_HNSCC_1_PBMC_CTTAACTGTGACGCCT	40.12074202482941	69.38953708195521	37.49983037287892	13.952489324160203	0.0	0.0	0.0	0.0	0.0	0.0	0.0	0.0	0.0	0.0	0.0	0.0	0.0	0.0	0.0	0.0	0.0	0.0	0.0	87.1056797359534	0.0	53.75113372163931	0.0	0.0	0.0	0.0	0.0	0.0
GSM4138110_HNSCC_1_PBMC_CTTAGGAAGGTGATTA	190.27213735775533	166.81294347061447	0.0	36.09462439239782	113.35402211902156	0.0	0.0	15.315339490353194	0.0	0.0	162.49054372016923	0.0	0.0	0.0	0.0	0.0	0.0	0.0	0.0	0.0	0.0	0.0	0.0	0.0	0.0	0.0	0.0	148.29124941923163	0.0	0.0	0.0	0.0
GSM4138110_HNSCC_1_PBMC_CTTAGGACAGAGTGTG	108.19172539941286	100.32498173898297	47.34935144483444	11.971476152245398	24.515579987529804	0.0	0.0	0.0	0.0	0.0	0.0	0.0	0.0	0.0	0.0	0.0	0.0	0.0	0.0	0.0	47.22405942613823	0.0	0.0	0.0	0.0	0.0	0.0	0.0	0.0	0.0	0.0	0.0
GSM4138110_HNSCC_1_PBMC_CTTGGCTCAAAGCGGT	118.8384104370405	55.038822542527335	0.0	42.201272594276006	0.0	60.8005699856867	0.0	0.0	0.0	0.0	0.0	0.0	12.201327148223125	0.0	75.14675342837442	0.0	0.0	0.0	98.9571969346004	0.0	0.0	0.0	0.0	0.0	0.0	0.0	0.0	0.0	0.0	0.0	0.0	0.0
GSM4138110_HNSCC_1_PBMC_GAAACTCGTCTTCTCG	120.626796568861	168.23983791331335	0.0	24.637786151420475	0.0	0.0	0.0	0.0	0.0	0.0	0.0	131.32341817945647	0.0	81.22597564835247	0.0	6.666973093035489	0.0	0.0	0.0	0.0	0.0	0.0	80.05707063461142	0.0	0.0	0.0	0.0	0.0	0.0	0.0	0.0	0.0
GSM4138110_HNSCC_1_PBMC_GAAATGAAGAGCAATT	61.59732707382197	27.66639745980064	0.0	18.158095346107313	0.0	0.0	0.0	0.0	48.462766802523426	0.0	38.62665108709795	0.0	0.0	0.0	38.82896670157997	0.0	0.0	0.0	0.0	0.0	0.0	0.0	0.0	0.0	0.0	0.0	0.0	0.0	0.0	0.0	0.0	0.0
GSM4138110_HNSCC_1_PBMC_GAACATCTCGGTTAAC	55.62827827981306	56.77796916001321	0.0	22.920508803659153	0.0	45.567453819538336	34.807330545505366	43.67108601209676	3.510352305721211	0.0	0.0	24.863403985285856	4.137572371273228	0.0	0.0	0.0	0.0	0.0	0.0	0.0	0.0	0.0	0.0	0.0	0.0	0.0	0.0	21.851328730644994	0.0	0.0	0.0	0.0
GSM4138110_HNSCC_1_PBMC_GAACCTATCGGCCGAT	71.41733148310418	52.31471740363622	54.221176820790745	8.376496913854496	0.0	0.0	72.70334645172963	0.0	0.0	0.0	0.0	34.07514453171281	0.0	0.0	0.0	0.0	0.0	0.0	0.0	0.0	0.0	0.0	0.0	0.0	0.0	33.274432807263	0.0	0.0	0.0	0.0	0.0	0.0
GSM4138110_HNSCC_1_PBMC_GAATGAAGTTGGACCC	50.00535095043966	42.7581239916317	0.0	5.368883035427283	0.0	49.02121917402522	0.0	39.42893838543607	37.09709366714756	0.0	0.0	0.0	0.0	0.0	0.0	0.0	0.0	0.0	0.0	0.0	0.0	0.0	0.0	0.0	0.0	0.0	0.0	0.0	0.0	0.0	0.0	0.0
GSM4138110_HNSCC_1_PBMC_GACAGAGAGAGCCTAG	85.51802965014366	51.59710680957772	0.0	14.984781144024467	12.703377777441776	0.3722715356206754	0.0	0.0	0.0	0.0	0.0	32.58410097583232	0.0	0.0	0.0	47.03967345869174	0.0	0.0	0.0	0.0	0.0	0.0	0.0	0.0	0.0	0.0	0.0	0.0	0.0	0.0	0.0	0.0
GSM4138110_HNSCC_1_PBMC_GACTAACAGGCAGGTT	105.86838333625032	78.09260956677828	0.0	60.16006191300613	0.0	0.0	0.0	0.0	0.0	110.98501160120978	0.0	0.0	0.0	0.0	0.0	0.0	114.24763855906976	0.0	0.0	0.0	0.0	102.84224616603318	5.195184939824976	0.0	0.0	0.0	0.0	0.0	0.0	0.0	0.0	0.0
GSM4138110_HNSCC_1_PBMC_GACTGCGGTATCTGCA	81.6080055926455	19.07250209974938	47.20938913217935	65.85657767660369	0.0	0.0	0.0	67.65471704525565	19.416230201911134	0.0	0.0	0.0	0.0	0.0	0.0	0.0	0.0	0.0	0.0	0.0	0.0	0.0	0.0	0.0	25.256737405875196	0.0	0.0	0.0	0.0	0.0	0.0	0.0
GSM4138110_HNSCC_1_PBMC_GACTGCGTCTAAGCCA	117.61038540882859	93.28838364413683	44.33761272569413	16.27758306642958	0.0	0.0	0.0	22.791777566571422	0.0	0.0	0.0	34.59668879627672	0.0	0.0	0.0	34.17683842703964	22.267692519007266	0.0	0.0	7.123976985745128	0.0	0.0	82.89298769067446	0.0	0.0	0.0	29.831211073396133	0.0	0.0	0.0	0.0	0.0
GSM4138110_HNSCC_1_PBMC_GATCGATGTGCTGTAT	96.74466846502614	81.16027609026601	59.60852300394866	24.507492484308163	99.88804149642588	0.0	0.0	0.0	0.0	0.0	0.0	0.0	0.0	79.31676824070409	0.0	0.0	0.0	0.0	0.0	0.0	0.0	0.0	0.0	0.0	0.0	0.0	0.0	0.0	0.0	0.0	0.0	0.0
GSM4138110_HNSCC_1_PBMC_GATCTAGAGGGCTCTC	50.35318277685524	68.85044884560976	0.0	17.547878161993882	21.016388694464975	27.661470353762216	0.0	0.0	0.0	44.583008115189095	0.0	35.75607572423996	0.0	0.0	0.0	0.0	0.0	0.0	21.035737747865923	0.0	0.0	0.0	0.0	0.0	0.0	0.0	0.0	0.0	0.0	0.0	0.0	0.0
GSM4138110_HNSCC_1_PBMC_GATCTAGCAAACCTAC	132.26633121084916	104.03272818379718	86.92846198707952	28.188851444489497	93.19006787748069	0.0	9.104887419918715	0.0	0.0	0.0	0.0	0.0	0.0	0.0	8.01723636958834	0.0	0.08360648100651777	0.0	0.0	0.0	0.0	0.0	0.0	0.0	0.0	0.0	0.0	71.82054615391631	0.0	0.0	0.0	0.0
GSM4138110_HNSCC_1_PBMC_GATGAAAAGAAGGGTA	52.61104367764011	64.22325690229971	0.0	37.696639120862436	31.30910999283103	7.848271007738316	0.0	0.0	0.0	0.0	27.529041150961685	0.0	0.0	0.0	7.298191395307525	0.0	0.0	0.0	0.0	0.0	0.0	0.0	0.0	55.836373470267816	0.0	0.0	0.0	0.0	0.0	0.0	0.0	0.0
GSM4138110_HNSCC_1_PBMC_GATGCTAGTATGGTTC	79.81128386288012	53.63284129897381	0.0	13.36002194198736	16.362034131348256	27.958319403225463	0.0	0.0	0.0	84.39148251287874	0.0	0.0	0.0	0.0	62.4080053867311	0.0	0.0	0.0	0.0	0.0	0.0	0.0	0.0	0.0	0.0	0.0	0.0	23.59647509571123	0.0	0.0	0.0	0.0
GSM4138110_HNSCC_1_PBMC_GATTCAGAGCTATGCT	48.545857527525726	81.04925367520183	66.88053404885773	35.34732103291827	0.0	0.0	163.99225310872217	42.83236161414528	0.0	0.0	6.6170134587956735	14.52968640297001	0.0	0.0	0.0	0.0	1.3532767918548336	0.0	0.0	0.0	0.0	6.341541405780101	0.0	0.0	0.0	0.0	0.0	0.0	0.0	0.0	0.0	0.0
GSM4138110_HNSCC_1_PBMC_GCACATACATGAACCT	41.787890818748394	72.5570118193355	63.007798996948324	24.448784117749064	59.2592361278986	0.0	0.0	8.807514954610673	0.0	0.0	0.6636601013533838	0.0	37.88904410446604	0.0	0.0	0.0	0.0	0.0	0.0	0.0	0.0	0.0	0.0	0.0	0.0	0.0	0.0	0.0	0.0	0.0	57.032432730734484	0.0
GSM4138110_HNSCC_1_PBMC_GCACATAGTCTTCTCG	91.12410406929665	96.4269819041063	11.629494576158796	33.695208141478	84.64453089579797	0.0	0.0	0.0	94.3342578051136	0.0	0.0	0.0	1.0341063830330326	0.0	0.0	0.0	21.594483170692122	0.0	0.0	0.0	0.0	0.0	0.0	0.0	0.0	0.0	0.0	0.0	0.0	0.0	0.0	0.0
GSM4138110_HNSCC_1_PBMC_GCAGTTATCCTACAGA	102.76472709162195	58.69923488583038	47.67812442081554	15.212801651974901	17.119953322877823	0.0	0.0	0.0	0.0	0.0	0.0	0.0	0.0	0.0	0.0	0.0	0.0	0.0	0.0	6.295575314660569	30.694808231620748	0.0	0.0	0.0	0.0	0.0	0.0	0.0	0.0	0.0	0.0	0.0
GSM4138110_HNSCC_1_PBMC_GCATACAAGACACGAC	127.73867489712995	115.87800675091655	81.64236640771519	74.28039555679626	0.0	0.0	0.0	122.71431201113191	47.3546424238736	0.0	0.0	3.7691152630480436	0.0	0.0	0.0	0.0	0.0	0.0	0.0	0.0	0.0	0.0	0.0	0.0	51.77173764654096	0.0	0.0	0.0	0.0	0.0	0.0	0.0
GSM4138110_HNSCC_1_PBMC_GCATGTATCTCATTCA	35.20779756087	56.09476456490139	33.39372744454434	17.632622028814048	0.0	0.0	27.853382850818107	0.0	0.0	0.0	0.0	0.0	10.008812164649422	0.0	48.26660279148006	0.0	0.0	0.0	0.0	0.0	18.58671302951299	0.0	0.0	0.0	0.0	0.0	0.0	0.0	0.0	0.0	0.0	0.0
GSM4138110_HNSCC_1_PBMC_GCGAGAATCTATCCTA	113.90775960558402	56.39997852234072	44.405971317141976	16.44369324795742	0.0	0.0	54.94285810412807	45.64909182845824	0.0	0.0	0.0	0.0	0.0	0.0	0.0	0.0	0.0	0.0	0.0	0.0	0.0	0.0	0.0	0.0	0.0	0.0	0.0	0.0	0.0	0.0	0.0	0.0
GSM4138110_HNSCC_1_PBMC_GCGCAACCAGTACACT	97.3117094523577	44.30007559971686	0.0	23.890167472298973	53.779205499362085	0.0	0.0	0.0	0.0	0.0	0.0	30.57218078513362	48.13376620454393	0.0	0.0	0.0	0.0	0.0	0.0	0.0	0.0	0.0	0.0	0.0	0.0	0.0	0.0	0.0	0.0	0.0	0.0	0.0
GSM4138110_HNSCC_1_PBMC_GCGCAACTCACCGTAA	63.024731475439346	37.95078217650913	110.90146303390794	23.429591391067703	0.0	0.0	0.0	0.0	0.0	0.0	0.0	0.0	0.0	0.0	0.0	0.0	0.0	0.0	0.0	0.0	0.0	21.32412209235127	0.0	0.0	0.0	0.0	0.0	67.92698885774708	0.0	0.0	0.0	0.0
GSM4138110_HNSCC_1_PBMC_GCGGGTTTCTGTACGA	79.40606071122203	79.65222132820419	5.457993878038574	26.687333353104904	0.0	0.0	0.0	0.0	0.0	0.0	0.0	0.0	0.0	0.0	0.0	0.0	39.88923754005487	0.0	95.68020048572339	0.0	0.0	72.23695935752522	0.0	0.0	0.0	0.0	0.0	0.0	0.0	0.0	0.0	0.0
GSM4138110_HNSCC_1_PBMC_GCTGCAGCACAACGCC	82.32390127432218	67.92021102135168	0.0	17.567947609781072	0.0	0.0	0.0	0.0	0.0	71.37948384321881	0.0	0.0	0.0	0.0	0.0	0.0	6.660969299713414	0.0	0.0	0.0	0.8271294442577561	0.0	0.0	0.0	0.0	0.0	0.0	0.0	0.0	66.97561234223488	0.0	0.0
GSM4138110_HNSCC_1_PBMC_GGAACTTCAACTGGCC	85.65600835929482	58.50983297099683	22.643142689307858	15.142879382047795	0.0	0.0	0.0	23.525617859792575	0.0	0.0	24.292776067379755	0.0	0.0	0.0	0.0	0.0	0.0	0.0	0.0	115.08578991307215	0.0	0.0	46.78871665625129	0.0	0.0	0.0	0.0	0.0	0.0	0.0	0.0	0.0
GSM4138110_HNSCC_1_PBMC_GGAATAAAGAACAATC	41.51731795112175	62.82813561018661	0.0	12.579395804976034	0.0	0.0	0.0	0.0	0.0	0.0	6.427616613280086	37.03689258637498	0.0	0.0	39.65109105147408	0.0	0.0	0.0	0.0	0.0	74.94917878122497	0.0	0.0	0.0	0.0	25.05570458944576	0.0	0.0	0.0	0.0	0.0	0.0
GSM4138110_HNSCC_1_PBMC_GGACATTCACGGTTTA	95.5414999286428	80.90779316351198	0.0	23.373453634772478	9.077117463715227	37.20876801010519	0.0	37.242625271066444	0.0	0.0	0.0	0.0	76.11660159791039	0.0	0.0	0.0	0.0	0.0	0.0	0.0	16.220829852898234	0.0	0.0	0.0	0.0	0.0	0.0	0.0	0.0	0.0	0.0	0.0
GSM4138110_HNSCC_1_PBMC_GGCTCGATCCGCGTTT	50.12916473546617	55.67713838575134	51.43130083558695	51.08660338958082	0.0	0.0	0.0	0.0	47.020678232602094	0.0	0.0	0.0	0.0	0.0	0.0	0.0	0.0	0.0	0.0	0.0	0.0	0.0	0.0	0.0	0.0	0.0	0.0	0.0	0.0	62.784680441726316	0.0	0.0
GSM4138110_HNSCC_1_PBMC_GGGACCTAGCCAGGAT	104.34127615995783	62.75498543753555	50.8025641510721	14.059436393473723	0.0	0.0	72.77541961376615	0.0	0.0	0.0	0.0	0.0	0.0	0.0	0.0	0.0	0.0	28.406672703456586	0.0	0.0	0.0	0.0	1.4316208264260395	0.0	0.0	0.0	0.0	0.0	14.361436595870101	0.0	0.0	0.0
GSM4138110_HNSCC_1_PBMC_GGGACCTCAGTCACTA	82.56021646455702	128.73476776554068	0.0	35.6624380089791	0.0	0.0	0.0	0.0	0.0	0.0	0.0	0.0	132.994741329713	0.0	26.231277724991568	0.0	131.0726165183022	0.0	0.0	0.0	0.0	95.0692380444187	0.0	0.0	0.0	0.0	0.0	18.332924397621422	0.0	0.0	0.0	0.0
GSM4138110_HNSCC_1_PBMC_GGGAGATGTGTGCGTC	31.598683947516143	112.96826059616463	0.0	16.523592110332142	35.46312890621906	0.0	0.0	0.0	0.0	0.0	27.43694797074116	0.0	0.0	0.0	0.0	0.0	6.421964270276412	0.0	0.0	25.98738061953953	57.842200539133984	0.0	0.0	0.0	0.0	0.0	0.0	0.0	0.0	0.0	0.0	0.0
GSM4138110_HNSCC_1_PBMC_GGGAGATTCACGATGT	77.73017699535552	62.06291742118031	9.638577304435136	17.475037290876468	0.0	0.0	0.0	0.0	0.0	0.0	25.59344923689628	0.0	0.0	0.0	0.0	0.0	0.0	0.0	0.0	0.0	0.0	0.0	34.52168161716743	33.954866424546026	0.0	0.0	0.0	0.0	0.0	0.0	0.0	0.0
GSM4138110_HNSCC_1_PBMC_GGGTTGCGTCCGAAGA	125.67786677252502	127.85718844049462	51.21841557667318	54.205682682780484	0.0	0.0	0.0	82.3225069322277	0.0	0.0	0.0	0.0	0.0	0.0	0.0	0.0	0.0	0.0	0.0	0.0	61.61018577365425	0.0	0.0	0.0	0.0	0.0	0.0	0.0	0.0	0.0	0.0	0.0
GSM4138110_HNSCC_1_PBMC_GGTGAAGTCGCTTGTC	105.950141463658	85.30503853910491	52.890068459445835	24.296252366663413	5.166282730589251	0.0	0.0	48.41898933914372	0.0	71.58289874326982	0.0	0.0	0.0	0.0	0.0	0.0	0.0	0.0	0.0	0.0	5.427646224972382	0.0	0.0	0.0	0.0	0.0	0.0	0.0	0.0	0.0	0.0	0.0
GSM4138110_HNSCC_1_PBMC_GGTGTTACAAACGCGA	138.99261291942983	64.97206332443471	0.0	61.20982224000472	0.0	19.946066138512467	0.0	0.0	0.0	0.0	45.43393489216766	0.0	0.0	0.0	0.0	0.0	0.0	71.20394569619975	54.9952433887185	0.0	0.0	0.0	0.0	0.0	0.0	0.0	0.0	0.0	0.0	0.0	0.0	0.0
GSM4138110_HNSCC_1_PBMC_GTAACTGTCTTCGAGA	94.75911814502753	67.62467106897394	67.81524130715255	33.1038688793748	71.10161380698455	0.0	0.0	6.985749879203014	0.0	0.0	0.0	0.0	0.0	0.0	0.0	0.0	0.0	0.0	71.41192400081479	0.0	0.0	0.0	0.0	0.0	0.0	0.0	0.0	0.0	0.0	0.0	0.0	0.0
GSM4138110_HNSCC_1_PBMC_GTAGGCCAGGTGTGGT	89.87404223797549	85.97260375071595	0.0	29.855974108856625	33.364333238754966	16.370004315107852	0.0	8.858356793990554	46.099211576383034	0.0	0.0	49.853976132133035	0.0	0.0	0.0	0.0	0.0	0.0	0.0	0.0	0.0	0.0	0.0	0.0	0.0	0.0	0.0	0.0	0.0	0.0	0.0	0.0
GSM4138110_HNSCC_1_PBMC_GTAGTCACAGATCCAT	71.39737394152337	61.20449452843444	0.0	15.534490858307137	48.5370698351206	0.0	0.0	0.0	0.0	0.0	70.04853529862744	0.0	0.0	0.0	0.0	0.0	0.0	0.0	85.5429789933306	0.0	0.0	0.0	0.0	0.0	0.0	0.0	0.0	0.0	0.0	0.0	0.0	0.0
GSM4138110_HNSCC_1_PBMC_GTAGTCAGTGGGTCAA	43.6633485499354	89.11461112748204	0.0	21.374592511379756	0.0	29.334036884971546	35.638694048904824	0.0	0.0	0.0	0.0	0.0	0.0	0.0	0.0	0.0	0.0	48.40024683783771	0.0	0.0	0.0	0.0	0.0	0.0	0.0	0.0	0.0	14.53795672045774	0.0	0.0	0.0	0.0
GSM4138110_HNSCC_1_PBMC_GTATTCTAGGGTTTCT	117.09348652730026	64.37934966375754	0.0	28.634673099698446	57.340951281775816	0.0	31.287685549889286	0.0	0.0	0.0	0.0	121.39714102501718	0.0	21.699340268206022	0.0	0.0	0.0	0.0	0.0	0.0	0.0	0.0	0.0	0.0	0.0	0.0	0.0	0.0	0.0	0.0	0.0	0.0
GSM4138110_HNSCC_1_PBMC_GTATTCTTCCAAACTG	100.30082513441229	123.83405512514825	19.71977948270074	22.65506249540906	59.6936763450063	12.860576334433873	12.140097238234631	28.813110778993757	0.0	41.35225448390657	0.0	27.556901492878605	0.0	0.0	0.0	0.0	0.0	0.0	0.0	0.0	32.19068167757087	0.0	0.0	0.0	0.0	0.0	0.0	0.0	0.0	0.0	0.0	0.0
GSM4138110_HNSCC_1_PBMC_GTCGTAACAGGAACGT	31.12381293988477	53.989173421043695	0.0	27.755744586007467	0.0	0.0	51.73911539253605	40.688209859915005	0.0	0.0	10.771049911668756	47.29626054627481	0.0	0.0	0.0	0.0	36.021320839386476	0.0	0.0	0.0	0.0	0.0	0.0	0.0	0.0	0.0	0.0	0.0	0.0	0.0	0.0	0.0
GSM4138110_HNSCC_1_PBMC_GTCGTAAGTATGAAAC	37.22155646349107	77.77464748777962	24.95997501946299	18.947570814361807	0.0	0.0	0.0	42.067469502288546	0.0	0.0	0.0	0.0	0.0	72.46695638678733	0.0	0.0	0.0	0.0	0.0	0.0	0.0	0.0	0.0	0.0	0.0	0.0	0.0	0.0	0.0	0.0	0.0	0.0
GSM4138110_HNSCC_1_PBMC_GTCTCGTGTACGCACC	54.4740158512315	62.02177442690656	87.50937058499088	15.149891614183723	33.3933310680496	0.0	6.1874789218405075	0.0	32.8134431349343	0.0	0.0	0.0	0.0	0.0	0.0	0.0	0.0	0.0	0.0	0.0	0.0	0.0	0.0	0.0	0.0	0.0	0.0	0.0	0.0	0.0	0.0	0.0
GSM4138110_HNSCC_1_PBMC_GTGGGTCAGAATGTGT	53.88225961026926	48.64639223124078	0.0	21.528713010679322	84.3526625825435	15.649976991505248	7.199095683483368	0.0	31.850562666244613	0.0	19.2151837632331	0.0	0.0	0.0	0.0	0.0	0.0	0.0	0.0	0.0	0.0	0.0	0.0	0.0	0.0	0.0	0.0	0.0	0.0	0.0	0.0	0.0
GSM4138110_HNSCC_1_PBMC_GTTCATTGTAGCTGCC	85.17761762127476	59.0151754845779	76.3248100788214	28.613641041829432	0.0	0.0	0.0	0.0	0.0	0.0	0.0	0.0	0.0	123.4774039197561	0.0	0.0	0.0	0.0	0.0	0.0	0.0	0.0	0.0	0.0	0.0	98.90086322668628	0.0	0.0	0.0	0.0	0.0	0.0
GSM4138110_HNSCC_1_PBMC_GTTCATTTCCGCGGTA	95.71323206877747	74.98115982500421	61.796535068463896	34.765287113761296	0.0	0.0	67.36350713541098	55.265784637698076	0.0	0.0	0.0	0.0	0.0	0.0	0.0	0.0	0.0	0.0	0.0	12.769756593750346	12.736322903134635	2.744354401906206	0.0	0.0	0.0	0.0	0.0	0.0	0.0	0.0	0.0	0.0
GSM4138110_HNSCC_1_PBMC_GTTCTCGCACTATCTT	91.35293598695074	69.13613730691405	0.0	16.287878165962137	69.06351630677096	30.08036200153197	49.58283175086793	0.0	0.0	0.0	0.0	11.965871841481185	0.0	0.0	0.0	0.0	0.0	0.0	0.0	0.0	0.0	0.0	0.0	0.0	0.0	0.0	0.0	0.0	0.0	0.0	0.0	0.0
GSM4138110_HNSCC_1_PBMC_GTTCTCGTCAGAGACG	74.15063919762403	42.30860054321277	0.0	18.52640351310159	40.22855454769407	0.0	0.0	15.201192682895456	0.0	0.0	94.99877713715773	0.0	57.474855312066346	0.0	0.0	0.0	0.0	0.0	0.0	0.0	0.0	0.0	0.0	0.0	0.0	0.0	0.0	0.0	0.0	0.0	0.0	0.0
GSM4138110_HNSCC_1_PBMC_TAAGCGTAGGTGCTTT	187.1848654832362	130.22083950212948	0.0	34.87358616941843	90.15980705215455	0.0	0.0	0.0	0.0	0.0	0.0	162.11961986637027	0.0	114.80906493240252	0.0	0.0	0.0	0.0	0.0	0.0	15.222352422921299	0.0	0.0	0.0	0.0	0.0	0.0	0.0	0.0	0.0	0.0	0.0
GSM4138110_HNSCC_1_PBMC_TACAGTGGTCATCGGC	102.55461227390339	107.90101202525325	0.0	51.517814941935264	58.554643406746315	52.92255005707444	0.0	0.0	128.04835949461986	0.0	0.0	45.06691312246289	0.0	0.0	0.0	0.0	0.0	0.0	0.0	0.0	0.0	0.0	0.0	0.0	0.0	0.0	0.0	0.0	0.0	0.0	0.0	0.0
GSM4138110_HNSCC_1_PBMC_TACCTTATCACGATGT	93.1706931189064	101.18241540945101	0.0	44.67286407486487	13.844662961325678	0.0	0.0	52.97053605650515	74.93146055875111	0.0	0.0	0.0	0.0	0.0	0.0	0.0	94.90803443388954	0.0	0.0	0.0	0.0	0.0	0.0	11.057279337222928	0.0	0.0	0.0	0.0	0.0	0.0	0.0	0.0
GSM4138110_HNSCC_1_PBMC_TACGGATTCTAACTTC	73.31693546412446	63.559936176472824	63.0862735718645	19.089829437699805	7.1262759319696745	0.0	0.0	0.0	55.94972148862717	0.0	0.0	0.0	0.0	0.0	5.18689775377503	0.0	0.0	0.0	0.0	0.0	0.0	23.558181649027787	0.0	4.4256707162422355	0.0	0.0	0.0	0.0	0.0	0.0	0.0	0.0
GSM4138110_HNSCC_1_PBMC_TACTTGTAGTCATCCA	107.66379051075228	116.85591091459823	0.0	27.51568478248331	0.0	0.0	0.0	25.02619950245344	0.0	0.0	0.0	91.53920503093794	0.0	0.0	0.0	79.15731937599863	0.0	12.841916246773454	0.0	0.0	0.0	0.0	0.0	0.0	0.0	0.0	0.0	0.0	0.0	0.0	0.0	0.0
GSM4138110_HNSCC_1_PBMC_TACTTGTTCAGAGCTT	60.80910665850454	107.4205926946328	35.532682116756895	22.163049765154888	67.5505702960297	0.0	0.0	67.60125208709931	104.07412787173116	0.0	0.0	0.0	0.0	0.0	0.0	0.0	0.0	0.0	0.0	0.0	0.0	0.0	0.0	0.0	0.0	0.0	0.0	0.0	0.0	0.0	0.0	0.0
GSM4138110_HNSCC_1_PBMC_TAGACCAGTCCGAGTC	137.06118955491968	72.942201297943	83.84485904723645	20.280264063901406	0.0	0.0	0.0	5.991799874174609	0.0	85.99230321573346	0.0	0.0	0.0	0.0	0.0	0.0	0.0	2.219390909546681	0.0	0.0	0.0	0.0	42.02104812421821	0.0	0.0	0.0	0.0	0.0	0.0	0.0	0.0	0.0
GSM4138110_HNSCC_1_PBMC_TAGAGCTGTTCCCTTG	79.82187787362338	94.0047068242443	44.221224749131295	77.5046318474209	0.0	0.0	0.0	0.0	0.0	0.0	0.0	0.0	0.0	0.0	55.32773412157871	0.0	0.0	0.0	0.0	0.0	0.0	0.0	0.0	0.0	21.586655200081402	0.0	0.0	4.348963843443295	0.0	0.0	32.50503169426864	0.0
GSM4138110_HNSCC_1_PBMC_TATCTCACACGGCGTT	83.78291600569352	61.50445918863201	26.699065173798857	30.64330818417749	91.28435963250338	0.0	84.50632398308426	0.0	0.0	0.0	13.624427957036302	0.0	0.0	0.0	0.0	0.0	0.0	0.0	0.0	0.0	0.0	0.0	0.0	0.0	0.0	0.0	0.0	0.0	0.0	0.0	0.0	0.0
GSM4138110_HNSCC_1_PBMC_TATCTCATCAACGGGA	164.17138942101215	103.40963689228569	17.573899695652727	25.731089732966584	45.09622080595239	30.284061971729763	0.0	9.984654378068164	0.0	0.0	3.5202102897006533	0.0	0.0	0.0	0.0	0.0	0.0	0.0	0.0	0.0	0.0	0.0	0.0	0.0	73.81877481071865	0.0	39.82687821740936	0.0	0.0	0.0	0.0	0.0
GSM4138110_HNSCC_1_PBMC_TCACGAATCTGTCCGT	84.7254273636955	65.28591895103892	65.92188319933588	40.9648915251111	49.99147859726817	0.0	0.0	0.0	104.67384633699288	0.0	0.0	0.0	0.0	0.0	0.0	0.0	1.7145588930409237	0.0	0.0	0.0	0.0	0.0	0.0	0.0	0.0	0.0	0.0	0.0	0.0	0.0	0.0	0.0
GSM4138110_HNSCC_1_PBMC_TCAGATGTCCGCGTTT	36.19653025020348	108.63922695915892	0.0	28.934260583619796	40.96317813900593	0.0	0.0	0.0	0.0	0.0	65.86456795420384	0.0	62.08803095086835	0.0	1.993985640312546	0.0	0.0	0.0	0.0	0.0	0.0	0.0	0.0	0.0	0.0	0.0	0.0	0.0	0.0	0.0	0.0	0.0
GSM4138110_HNSCC_1_PBMC_TCAGCAAAGGCGCTCT	100.13549436214149	49.75726867075382	0.0	12.595437988654291	15.066287699847695	0.0	0.0	9.755800372571672	0.0	0.0	21.213474498530328	0.0	0.0	0.0	0.0	22.6506400209761	0.0	0.0	0.0	52.85482841533492	0.0	0.0	0.0	0.0	0.0	0.0	0.0	0.0	0.0	0.0	0.0	0.0
GSM4138110_HNSCC_1_PBMC_TCATTACAGCGCTCCA	93.18683236625148	92.7018762990837	0.0	16.261816172361723	21.85981826669563	0.0	0.0	38.95139369863802	0.0	0.0	0.0	40.25268074335412	0.0	93.62484962143893	0.0	0.0	0.0	0.0	0.0	0.0	0.0	0.0	0.0	0.0	0.0	0.0	0.0	0.0	0.0	0.0	0.0	0.0
GSM4138110_HNSCC_1_PBMC_TCCCGATAGTGGAGAA	52.34830719208852	36.25534437464107	0.0	22.644194489446267	0.0	0.0	65.21350755791259	0.0	0.0	0.0	24.37378788740367	0.0	0.0	0.0	22.139870212193458	0.0	0.0	0.0	0.0	0.0	0.0	0.0	0.0	0.0	0.0	0.0	0.0	0.0	0.0	0.0	0.0	0.0
GSM4138110_HNSCC_1_PBMC_TCGCGAGGTAGCACGA	115.52416070837972	97.44632141592098	59.837782162408416	33.672348180681205	70.80725775776513	0.0	0.0	0.0	5.748954673711237	0.0	0.0	47.45673924091676	0.0	0.0	0.0	106.27604352353033	0.0	0.0	0.0	0.0	0.0	0.0	0.0	0.0	0.0	0.0	0.0	0.0	0.0	0.0	0.0	0.0
GSM4138110_HNSCC_1_PBMC_TCGGGACTCAACGAAA	47.78478600884534	106.28672614416239	73.87283737058395	17.77480643545421	19.44836668615381	0.0	0.0	0.0	0.0	0.0	0.0	0.0	0.0	0.0	0.0	78.55706271356597	0.0	0.0	0.0	0.0	0.0	0.0	0.0	0.0	0.0	0.0	0.0	0.0	0.0	0.0	0.0	0.0
GSM4138110_HNSCC_1_PBMC_TCGGGACTCGAGAGCA	136.15904237940725	88.68939560374614	71.31968878765214	18.521054470504918	85.04565037041627	0.0	0.0	61.648870741041705	114.92853327780294	0.0	0.0	0.0	0.0	0.0	0.0	0.0	0.0	0.0	0.0	0.0	0.0	0.0	0.0	0.0	0.0	0.0	0.0	0.0	0.0	0.0	0.0	0.0
GSM4138110_HNSCC_1_PBMC_TCGGTAATCACTCTTA	45.93844569189327	49.37535642517595	48.98666766807218	21.046284657044346	8.657478448917175	0.0	107.0268592430921	0.0	0.0	0.0	0.0	0.0	0.0	0.0	0.0	0.0	0.0	0.0	0.0	0.0	0.0	0.0	40.28620959469979	0.0	0.0	0.0	0.0	0.0	0.0	0.0	0.0	0.0
GSM4138110_HNSCC_1_PBMC_TCGTACCTCCGCAAGC	102.74697535759576	149.70082425350725	0.0	28.226538114159723	0.0	40.98702735912816	0.0	0.0	0.0	151.56727031789515	0.0	68.766925471099	0.0	0.0	0.0	0.0	0.0	62.234104309128085	0.0	0.0	0.0	0.0	0.0	0.0	0.0	0.0	0.0	0.0	0.0	137.2464661493234	0.0	0.0
GSM4138110_HNSCC_1_PBMC_TCGTACCTCTGCCCTA	259.13384030588634	141.90365738533464	157.4660719426056	64.02804498077973	0.0	0.0	0.0	57.39430264556427	0.0	0.0	0.0	0.0	0.0	152.42780107063442	0.0	0.0	0.0	0.0	0.0	0.0	0.0	0.0	0.0	0.0	0.0	0.0	0.0	0.0	0.0	0.0	0.0	0.0
GSM4138110_HNSCC_1_PBMC_TCTATTGGTCTAAAGA	39.57133861647552	86.77710126658636	41.96524989435075	64.99745449958455	8.620424056113972	0.0	0.0	0.0	82.4813053985458	0.0	27.290218662144046	0.0	0.0	0.0	0.0	0.0	0.0	27.430614544895064	0.0	0.0	0.0	0.0	0.0	0.0	0.0	0.0	0.0	0.0	0.0	0.0	0.0	0.0
GSM4138110_HNSCC_1_PBMC_TCTATTGGTTGGTTTG	97.91620305855744	82.80180679659583	0.0	21.822472474430015	0.0	0.0	0.0	0.0	0.0	0.0	0.0	0.0	0.0	18.30509615192502	39.44193415156628	0.0	63.38970418586499	0.0	53.65466017067271	0.0	0.0	0.0	0.0	0.0	0.0	4.836785407678323	0.0	0.0	0.0	0.0	0.0	0.0
GSM4138110_HNSCC_1_PBMC_TCTATTGTCTGCAGTA	70.53268331023347	50.135679681554016	0.0	12.266401887456894	0.0	25.868598483663355	0.0	0.0	0.0	0.0	0.0	9.66995438771108	35.65021736000874	0.0	32.031343822653774	0.0	0.0	0.0	0.0	0.0	0.0	0.0	0.0	0.0	0.0	24.700616961028484	0.0	0.0	0.0	0.0	0.0	0.0
GSM4138110_HNSCC_1_PBMC_TCTGAGACAGATAATG	89.40496294127438	127.93860506432026	88.4262023905118	25.95222998414517	0.0	0.0	0.0	0.0	0.0	0.0	0.0	0.0	0.0	0.0	0.0	0.0	0.0	90.52828086694534	0.0	0.0	8.250575678371447	0.0	0.0	93.20796781489094	0.0	0.0	0.0	0.0	0.0	0.0	0.0	0.0
GSM4138110_HNSCC_1_PBMC_TCTGAGAGTAAGAGAG	63.991803349701655	89.84813562490135	0.0	12.421994261693985	47.358024134919376	66.39218506921803	0.0	0.0	0.0	0.0	0.0	0.0	0.0	0.0	8.70932211457471	0.0	0.0	0.0	0.0	0.0	0.0	0.0	0.0	0.0	0.0	0.0	68.23139246491932	0.0	0.0	0.0	0.0	0.0
GSM4138110_HNSCC_1_PBMC_TCTGAGATCCTTTCTC	74.40771684374604	148.9869966231405	0.0	19.022670129773605	4.178127337978643	54.79088862132866	0.0	38.335609176552296	97.66441250348251	0.0	0.0	0.0	0.0	0.0	0.0	0.0	0.0	0.0	0.0	0.0	0.0	0.0	0.0	0.0	0.0	0.0	0.0	0.0	0.0	0.0	0.0	0.0
GSM4138110_HNSCC_1_PBMC_TCTGGAATCTCAAACG	58.956739069013025	84.37828700866491	20.897961598869077	27.3840299130432	0.0	0.0	0.0	0.0	0.0	0.0	0.0	25.174125662817634	14.51563462888129	0.0	0.0	57.579551180716	0.0	0.0	0.19286035881072697	0.0	0.0	0.0	42.90456743361507	0.0	0.0	0.0	38.86609481670306	0.0	0.0	0.0	0.0	0.0
GSM4138110_HNSCC_1_PBMC_TCTTTCCAGTGGGCTA	125.76309080145512	81.62083902666097	57.286726887347456	28.804232458689754	0.0	0.0	16.835524488680857	0.0	0.0	0.0	0.0	0.0	0.0	0.0	0.0	0.0	0.0	0.0	0.0	0.0	0.0	0.0	18.367421499548787	80.32767419616714	0.0	0.0	0.0	0.0	19.56251121086378	0.0	0.0	0.0
GSM4138110_HNSCC_1_PBMC_TGAAAGACACTTCGAA	91.8901344069521	18.364044558734967	0.0	16.780563200323044	0.0	0.0	0.0	56.38034941435777	0.0	0.0	0.0	9.714118512287195	34.830815398320034	0.0	0.0	0.0	0.0	0.0	0.0	0.0	17.338004103127048	0.0	0.0	0.0	0.0	0.0	0.0	14.303922417109721	0.0	0.0	0.0	0.0
GSM4138110_HNSCC_1_PBMC_TGACAACGTTAAGGGC	145.3818328899479	112.42549832562348	85.0368544992254	47.145275478120965	64.12458602906052	0.0	0.0	0.0	0.0	97.58268975976422	0.0	0.0	0.0	0.0	0.0	0.0	0.0	0.0	0.0	0.0	0.0	0.0	0.0	0.0	0.0	0.0	0.0	8.091600217643343	0.0	0.0	0.0	0.0
GSM4138110_HNSCC_1_PBMC_TGACGGCAGCGCCTTG	86.70884989993785	66.903380673067	74.94895445431504	45.45562351560053	32.4353882954212	0.0	0.0	0.0	0.0	0.0	0.0	0.0	0.0	0.0	2.5335518080718806	0.0	0.0	0.0	0.0	0.0	0.0	3.947919886027899	0.0	0.0	0.0	0.0	0.0	153.6670661122881	0.0	0.0	0.0	0.0
GSM4138110_HNSCC_1_PBMC_TGACGGCGTTACGACT	60.331721340063034	63.531906783117634	0.0	20.6482438830474	0.0	0.0	0.0	0.0	0.0	34.18585203960852	60.679144012279416	0.0	0.0	32.276967842919206	0.0	0.0	0.0	0.0	0.0	0.0	5.130566509526737	0.0	50.742486211257194	0.0	0.0	0.0	0.0	0.0	0.0	0.0	0.0	0.0
GSM4138110_HNSCC_1_PBMC_TGACGGCTCGGTTCGG	70.35011195667433	86.58643414028124	89.78449437863291	27.73485076822054	69.41408989941156	0.0	0.0	0.0	0.0	0.0	0.0	0.0	0.0	0.0	0.0	0.0	0.0	0.0	0.0	0.0	57.50682446209605	0.0	0.0	0.0	0.0	0.0	0.0	10.649695395602764	0.0	0.0	0.0	0.0
GSM4138110_HNSCC_1_PBMC_TGACTAGAGAACTGTA	31.267538056728995	97.46413211908161	0.0	9.582523757344108	16.735879509182542	0.0	0.0	0.0	69.76412558784216	0.0	0.0	0.0	0.0	0.0	0.0	0.0	0.0	24.862452543413447	0.0	0.0	0.0	0.0	0.0	0.0	0.0	0.0	0.0	0.0	0.0	0.0	0.0	0.0
GSM4138110_HNSCC_1_PBMC_TGAGCATGTATTCTCT	151.52727053360752	248.99480976060144	0.0	75.98060691208336	0.0	0.0	0.0	39.38744130812527	172.16731876777004	0.0	0.0	139.6945712930374	0.0	0.0	0.0	0.0	4.340763236164214	0.0	0.0	0.0	0.0	48.00154537615491	0.0	0.0	0.0	0.0	0.0	0.0	0.0	0.0	0.0	0.0
GSM4138110_HNSCC_1_PBMC_TGCACCTTCCAGGGCT	115.3541491919684	103.76272821612025	0.0	29.55265367976856	59.09833142080047	0.0	0.0	0.0	0.0	0.0	0.0	0.0	0.0	0.0	0.0	117.0747996513481	161.6092965721029	0.0	0.0	0.0	0.0	0.0	0.0	0.0	0.0	0.0	0.0	0.0	0.0	0.0	0.0	0.0
GSM4138110_HNSCC_1_PBMC_TGCCAAATCGCGGATC	77.1099364685062	99.4558801217796	0.0	55.342716935369886	5.588630359774352	86.18334649000617	0.0	14.434331264922998	0.0	0.0	0.0	0.0	0.0	0.0	0.0	0.0	0.0	0.0	0.0	0.0	89.4129756696992	0.0	5.173762207007885	0.0	0.0	0.0	0.0	0.0	0.0	0.0	0.0	0.0
GSM4138110_HNSCC_1_PBMC_TGCCAAATCTTCCTTC	73.86413729494282	54.10067194840284	0.0	15.072682227741677	46.92442566687538	0.0	50.64721450103206	0.0	0.0	0.0	0.0	81.08183718461065	0.0	0.0	0.0	0.0	0.0	0.0	0.0	0.0	0.0	0.0	0.0	0.0	0.0	0.0	0.0	0.0	0.0	0.0	0.0	0.0
GSM4138110_HNSCC_1_PBMC_TGCCCATGTGGTCCGT	47.550698037115424	32.09361464177614	0.0	12.770599812327132	0.0	0.0	67.45431531777758	0.0	0.0	0.0	0.0	54.92412986700186	0.0	0.0	0.0	0.0	0.0	0.0	0.0	0.0	0.0	0.0	65.18331127152562	0.0	0.0	0.0	0.0	0.0	0.0	0.0	0.0	0.0
GSM4138110_HNSCC_1_PBMC_TGCCCTACAAAGCAAT	103.36348694488032	74.34568583365501	0.0	33.49200314292305	49.986723793512745	0.0	15.484838489108654	0.0	0.0	76.37620109696535	0.0	0.0	0.0	0.0	0.0	0.0	52.551559540611116	0.0	0.0	0.0	0.0	0.0	25.304295403228267	0.0	0.0	0.0	0.0	0.0	0.0	0.0	0.0	0.0
GSM4138110_HNSCC_1_PBMC_TGCCCTAGTGTCGCTG	98.9537000749507	4.188457718256978	0.0	17.570855416918548	0.0	0.0	0.0	0.0	0.0	0.0	0.0	52.107138227593644	0.0	0.0	0.0	0.0	0.0	0.0	0.0	140.6897047460441	0.0	0.0	0.0	0.0	0.0	0.0	0.0	0.0	24.68997571782566	0.0	0.0	0.0
GSM4138110_HNSCC_1_PBMC_TGCGCAGAGGGCATGT	178.90099050647154	160.7154336749173	92.00165166268972	69.97691779006031	0.0	0.0	0.0	0.0	0.0	0.0	0.0	0.0	0.0	0.0	0.0	0.0	0.0	0.0	0.0	0.0	0.0	145.93258837864542	0.0	0.0	129.92213216276198	0.0	0.0	0.0	0.0	0.0	0.0	0.0
GSM4138110_HNSCC_1_PBMC_TGCTACCCACTACAGT	80.97343200720803	94.76719716205007	74.9315904194477	55.15548286034409	72.37286935168785	0.0	0.0	0.0	0.0	0.0	0.0	0.0	0.0	0.0	0.0	89.57565084639913	0.0	0.0	0.0	0.0	0.0	0.0	0.0	0.0	0.0	0.0	0.0	0.0	0.0	0.0	0.0	0.0
GSM4138110_HNSCC_1_PBMC_TGCTACCCATTACGAC	31.1506553231718	47.8106970651837	0.0	24.90180758066792	43.994231348830795	0.0	63.98764912568493	0.0	0.0	0.0	0.0	47.21839153911446	0.0	0.0	0.0	0.0	0.0	0.0	0.0	0.0	0.0	0.0	0.0	0.0	0.0	0.0	0.0	0.0	0.0	0.0	0.0	0.0
GSM4138110_HNSCC_1_PBMC_TGCTACCTCAACCAAC	64.70120791116335	48.128168958962604	43.15656714161993	19.787930738902006	0.0	0.0	0.0	0.0	7.681034420238227	0.0	0.0	0.0	0.0	0.0	0.0	0.0	0.0	0.0	0.0	0.0	0.0	0.0	0.0	44.0927295505591	0.0	0.0	0.0	0.0	69.42122449471785	0.0	0.0	0.0
GSM4138110_HNSCC_1_PBMC_TGGACGCGTCATACTG	80.5432325026739	72.16127201714562	61.957973033224086	22.998286075047446	0.0	0.0	66.71560617159813	16.480552842337136	0.0	11.77255579785104	0.0	0.0	25.087054553861563	0.0	0.0	0.0	15.950561454738198	0.0	0.0	0.0	0.0	0.0	0.0	0.0	0.0	0.0	0.0	0.0	0.0	74.94864260340083	0.0	0.0
GSM4138110_HNSCC_1_PBMC_TGGCCAGTCCTTAATC	82.32702536702043	67.40169255702044	129.1781291801676	108.45376205192153	31.47759078039547	0.0	0.0	0.0	0.0	0.0	0.0	0.0	0.0	0.0	13.039428875345054	0.0	0.0	0.0	0.0	0.0	0.0	0.0	0.0	66.22790937619199	0.0	0.0	0.0	0.0	0.0	0.0	0.0	0.0
GSM4138110_HNSCC_1_PBMC_TGGCTGGCAGTCGATT	157.96829883449448	165.56696431945832	0.0	49.70459050412123	70.5052918721882	0.0	0.0	0.0	0.0	0.0	143.04936368527382	0.0	0.0	94.55156701638047	0.0	0.0	0.0	0.0	22.420845366465475	0.0	0.0	0.0	0.0	0.0	0.0	0.0	0.0	0.0	0.0	0.0	0.0	0.0
GSM4138110_HNSCC_1_PBMC_TGGGAAGCAATGGAGC	52.58358076723002	38.01233114234575	18.42806946229654	15.759297691842855	0.0	0.0	0.0	0.0	53.012456544437036	0.0	0.0	0.0	0.0	0.0	0.0	0.0	30.08834817442107	0.0	0.0	0.0	0.0	0.0	37.88586911118735	0.0	0.0	0.0	0.0	0.0	0.0	0.0	0.0	0.0
GSM4138110_HNSCC_1_PBMC_TGGGCGTAGGGAGTAA	44.33026293373973	79.84854537310754	0.0	30.57581463606744	0.0	0.0	0.0	31.755279788300033	0.0	0.0	53.805809542494664	0.0	0.0	0.0	0.0	0.0	0.0	0.0	0.0	0.0	0.0	0.0	0.0	67.86292699158575	0.0	0.0	0.0	0.0	0.0	0.0	0.0	0.0
GSM4138110_HNSCC_1_PBMC_TGGGCGTGTTCGCGAC	69.09241181479877	92.40947149290807	0.0	22.997569606687087	30.616930274242065	50.40220971825113	0.0	0.0	0.0	0.0	0.0	0.0	0.0	0.0	1.4075051125368643	0.0	0.0	0.0	0.0	0.0	44.657753866844516	0.0	0.0	0.0	0.0	0.0	0.0	0.0	0.0	0.0	0.0	0.0
GSM4138110_HNSCC_1_PBMC_TGGGCGTTCAACTCTT	38.80478048435406	55.536116379754496	12.177367699245785	18.968535720436304	29.41257037210817	0.0	0.0	64.25623996015635	0.0	0.0	8.097667561980634	0.0	0.0	0.0	0.0	0.0	4.139081231983468	0.0	89.70081256641772	0.0	0.0	0.0	0.0	0.0	0.0	0.0	0.0	0.0	0.0	0.0	0.0	0.0
GSM4138110_HNSCC_1_PBMC_TGGTTAGGTAGAAAGG	29.25438441308497	119.54574048583365	65.77220688807219	10.944620638311012	23.15797548646947	0.0	0.0	13.693949610598327	0.0	5.258145124947446	0.0	0.0	0.0	0.0	0.0	0.0	0.0	0.0	0.0	0.0	40.3987108055552	0.0	0.0	0.0	0.0	0.0	0.0	0.0	0.0	0.0	0.0	0.0
GSM4138110_HNSCC_1_PBMC_TGGTTAGTCGTCCGTT	110.30018746770283	124.98576296731798	25.42237699781409	54.203683166680364	53.734832368538434	0.0	0.0	0.0	0.0	0.0	0.0	46.365801636520644	0.0	0.0	0.0	0.0	0.0	0.0	0.0	0.0	0.0	0.0	0.0	0.0	92.59065119584297	0.0	0.0	0.0	0.0	0.0	0.0	0.0
GSM4138110_HNSCC_1_PBMC_TTAACTCGTGTTCTTT	50.380932907451665	31.572287707414834	0.0	24.14406611510295	0.0	34.81206918307306	0.0	70.01507338439112	0.0	0.0	0.0	0.0	102.77460331076065	0.0	0.0	0.0	0.0	0.0	0.0	0.0	0.0	0.0	0.0	0.0	0.0	0.0	0.0	0.0	0.0	0.0	0.0	0.0
GSM4138110_HNSCC_1_PBMC_TTAACTCGTTAGTGGG	91.3405314322075	123.12042547004151	0.0	24.9970088150433	13.113671516920794	103.15832462747606	0.0	0.0	16.857343210306084	0.0	0.0	0.0	38.64327955004182	0.0	0.0	0.0	0.0	44.85661203587789	0.0	0.0	4.365499529318106	0.0	0.0	60.117250413843266	0.0	0.0	0.0	0.0	0.0	0.0	0.0	0.0
GSM4138110_HNSCC_1_PBMC_TTAGGCATCATGTCCC	66.77123069041883	45.71934514291574	47.43898740295271	32.34401949167878	0.0	0.0	0.0	0.0	54.78665396410258	0.0	0.0	0.4724393589109579	0.0	0.0	37.26769085765936	0.0	0.0	0.0	0.0	0.0	0.0	0.0	0.0	0.0	0.0	0.0	0.0	0.0	0.0	0.0	0.0	0.0
GSM4138110_HNSCC_1_PBMC_TTCTACAGTTGTGGAG	36.092876772325134	25.870527169015947	50.966797515921954	12.41641391858665	0.0	0.0	0.0	0.0	0.0	0.0	0.0	0.0	0.0	0.0	38.08869669787445	0.0	94.3341190460774	0.0	0.0	0.0	0.0	0.0	0.0	0.0	0.0	0.0	35.95261371794935	0.0	0.0	0.0	0.0	0.0
GSM4138110_HNSCC_1_PBMC_TTCTCAATCCTCTAGC	105.71642061708941	67.73145195748953	0.0	28.020735479984815	0.0	0.0	0.0	0.0	0.0	0.0	64.1390133481691	0.0	0.0	120.58834866259103	0.0	0.0	0.0	0.0	0.0	0.0	0.0	61.22913683238619	0.0	0.0	0.0	0.0	0.0	0.0	0.0	0.0	0.0	0.0
GSM4138110_HNSCC_1_PBMC_TTCTCCTTCCCGACTT	72.03993435848842	34.46904753871586	0.0	37.29276098842137	0.0	0.0	0.0	41.09683383514268	0.0	5.523337759071049	0.0	54.464303962438	0.0	0.0	0.0	0.0	0.0	0.0	30.137472082035554	0.0	0.0	0.0	0.0	0.0	0.0	0.0	0.0	0.0	0.0	0.0	0.0	0.0
GSM4138110_HNSCC_1_PBMC_TTGACTTCATGGAATA	70.9331658271037	98.77420486067538	2.7501181606776073	14.998051601783468	0.0	0.0	0.0	26.48846616416378	0.0	0.0	69.3378365565825	0.0	0.0	74.00343040100829	0.0	0.0	0.0	0.0	0.0	0.0	0.0	0.0	0.0	0.0	0.0	3.7378730466543884	0.0	0.0	0.0	26.941750824229413	0.0	0.0
GSM4138110_HNSCC_1_PBMC_TTGACTTTCAGGTAAA	81.75841316976583	51.41648328600884	13.814668512423554	18.36744937652029	0.0	0.0	0.0	0.0	0.0	79.20013447351428	0.0	33.78908044130694	0.0	0.0	0.0	0.0	9.468042650248515	0.0	0.0	0.0	0.0	0.0	0.0	0.0	0.0	0.0	0.0	0.0	54.35551494043045	9.825392973642005	0.0	0.0
GSM4138110_HNSCC_1_PBMC_TTGTAGGCAGCGTTCG	83.29667167838403	42.00481425821181	0.0	10.808076702781214	0.0	30.670861085972263	0.0	0.0	25.90516681362948	0.0	0.0	0.0	0.0	0.0	0.0	0.0	0.0	0.0	0.0	0.0	0.0	0.0	0.0	0.0	0.0	0.0	0.0	0.0	58.96246810288264	0.0	0.0	0.0
GSM4138110_HNSCC_1_PBMC_TTTACTGGTTCTGGTA	76.24542529066987	73.13936611029516	0.0	5.372044042376375	0.0	0.0	0.0	35.23588399538931	0.0	0.0	0.0	34.861515302026305	0.0	5.964315612846254	0.0	0.0	13.064506317970986	0.0	0.0	0.0	0.0	0.0	0.0	0.0	20.41666741183725	0.0	0.0	0.0	0.0	0.0	0.0	0.0
GSM4138110_HNSCC_1_PBMC_TTTATGCGTTTGTGTG	68.54605402905342	42.36686025813517	0.0	16.636417447055543	25.384323253076424	45.10804979070174	0.0	0.0	0.0	0.0	0.0	0.0	0.0	63.2739581812549	0.0	0.0	0.0	0.0	0.0	0.0	0.0	0.0	0.0	0.0	0.0	0.0	0.0	0.0	0.0	0.0	0.0	0.0
GSM4138110_HNSCC_1_PBMC_TTTCCTCCAGATCCAT	79.4325969329005	68.15013673855658	0.0	16.30469241448249	0.0	0.0	0.0	0.0	0.0	62.71175662055281	59.266713843615754	0.0	0.0	0.0	0.0	0.0	0.0	72.70319046657094	0.0	0.0	0.0	0.0	0.0	0.0	0.0	0.0	0.0	0.0	0.0	0.0	0.0	0.0
GSM4138110_HNSCC_1_PBMC_TTTCCTCGTTCGCGAC	125.33174462148871	57.641129799455605	0.0	23.058584054842374	53.4465115227541	112.59179533772705	0.0	0.0	0.0	131.20070126651157	0.0	0.0	0.0	0.0	0.0	0.0	0.0	0.0	0.0	0.0	0.0	0.0	0.0	0.0	0.0	0.0	0.0	0.0	0.0	0.0	0.0	0.0
GSM4138110_HNSCC_1_PBMC_TTTGCGCCACGAAATA	46.24998465432355	75.60535994119302	50.26420504636346	27.048904610973473	91.10640415819695	0.0	0.0	0.0	68.47960371146284	0.0	0.0	0.0	0.0	0.0	0.0	0.0	0.0	0.0	0.0	0.0	0.0	0.0	0.0	0.0	0.0	0.0	0.0	0.0	0.0	0.0	0.0	0.0
GSM4138110_HNSCC_1_PBMC_TTTGCGCGTTTCCACC	53.5907149454384	57.798960930171695	63.34105869860205	20.39279643874192	0.0	0.0	0.0	55.658634523804345	0.0	2.2743894325399623	0.0	0.0	0.0	0.0	0.0	0.0	0.0	0.0	0.0	63.8690838431588	0.0	0.0	0.0	0.0	0.0	0.0	21.433336507077172	0.0	0.0	0.0	0.0	0.0
GSM4138110_HNSCC_1_PBMC_TTTGGTTAGAATTGTG	70.38450519638754	76.83673594364815	65.6426862704931	71.60553890961562	30.837557855782933	0.0	0.0	1.8063630516468514	0.0	0.0	0.0	0.0	78.6918252985576	0.0	0.38752642810216187	0.0	0.0	0.0	0.0	0.0	0.0	0.0	0.0	0.0	0.0	0.0	0.0	0.0	0.0	0.0	0.0	0.0
GSM4138110_HNSCC_1_PBMC_TTTGGTTAGAGCAATT	99.23146637419023	92.5785585311082	20.02577681192953	21.33505228034447	63.32027909801001	0.0	0.0	10.766514414405002	0.0	0.0	33.17857587311805	0.0	0.0	126.25210307202276	0.0	0.0	0.0	0.0	0.0	0.0	0.0	0.0	0.0	0.0	0.0	0.0	0.0	0.0	0.0	0.0	0.0	0.0
GSM4138110_HNSCC_1_PBMC_TTTGGTTGTCCGTGAC	94.53083276733912	59.07673078158105	0.0	36.21135511242002	0.0	0.0	0.0	0.0	0.0	0.0	0.0	64.97085169668306	2.622033131622806	0.0	31.66164091501023	0.0	0.0	0.0	0.0	0.0	0.0	42.99748325604067	0.0	0.0	0.0	0.0	0.0	0.0	0.0	0.0	47.26511570959225	0.0
GSM4138110_HNSCC_1_PBMC_TTTGTCAAGTACGATA	147.46785837685337	80.57096668482562	38.52084051957022	56.30904288805006	0.0	23.288786702920685	0.0	63.66985346598228	0.0	0.0	0.0	17.114312637790214	0.0	82.27917090368736	0.0	0.0	0.0	0.0	0.0	0.0	0.0	0.0	0.0	0.0	0.0	0.0	0.0	0.0	0.0	0.0	0.0	0.0
GSM4138110_HNSCC_1_PBMC_TTTGTCATCAGGCAAG	105.12834547016632	57.267537377057955	0.0	22.010199925038872	0.0	47.19981831765185	18.461675153284038	0.0	0.0	0.0	0.0	0.0	88.51556434964866	0.0	0.0	0.0	0.0	0.0	5.270310992344184	0.0	0.0	0.0	60.98223063168648	0.0	0.0	0.0	0.0	0.0	0.0	0.0	0.0	0.0
GSM4138110_HNSCC_1_PBMC_TTTGTCATCGCGTAGC	51.1325644700849	58.85198708915243	0.0	14.315163087413538	48.48623136247311	54.815351897822886	0.0	0.0	0.0	62.42770966452195	0.0	0.0	0.0	0.0	0.0	0.0	0.0	0.0	0.0	0.0	0.0	0.0	0.0	0.0	0.0	0.0	0.0	0.0	0.0	0.0	0.0	0.0
GSM4138110_HNSCC_1_PBMC_ACGGAGAAGCAGGCTA	75.75634364058648	130.10605285002998	0.0	37.40246449103299	0.0	37.00237258843381	0.0	0.0	53.5118295294815	0.0	0.0	0.0	0.0	0.0	78.80241156454	0.0	0.0	0.0	0.0	0.0	0.0	0.0	0.0	0.0	0.0	0.0	0.0	0.0	0.0	0.0	0.0	0.0
GSM4138110_HNSCC_1_PBMC_ACTATCTGTCGAGTTT	153.86457776799188	100.95488488008402	92.27887985296788	39.96341058611734	91.4190001243263	0.0	0.0	0.0	12.864274681096864	0.0	0.0	0.0	0.0	0.0	0.0	78.94205960737617	0.0	0.0	0.0	13.690283770445944	0.0	0.0	0.0	0.0	0.0	0.0	0.0	0.0	0.0	0.0	0.0	0.0
GSM4138110_HNSCC_1_PBMC_CAGTCCTGTAGAAGGA	68.0078365687605	48.6365413854892	0.0	34.753855188114585	0.0	69.6619477181984	0.0	0.0	0.0	0.0	0.0	0.0	91.1565016962854	0.0	66.60913207497832	0.0	0.0	0.0	0.0	0.0	0.0	0.0	0.0	0.0	0.0	0.0	0.0	0.0	0.0	0.0	0.0	0.0
GSM4138110_HNSCC_1_PBMC_CGATGTATCGGTCTAA	62.88728027511483	85.73248237985442	0.0	22.41468335825909	38.21077661153504	78.08840309961829	0.0	0.0	0.0	0.0	0.0	0.0	25.700756052185437	0.0	0.0	0.0	0.0	0.0	0.0	0.0	27.01784370185647	0.0	0.0	0.0	0.0	0.0	0.0	0.0	0.0	0.0	0.0	0.0
GSM4138110_HNSCC_1_PBMC_GACCTGGTCGCCAAAT	82.14250603319103	67.52198056753049	79.45312575515243	28.212476283408048	34.9403090491093	0.0	0.0	20.141908150028975	0.0	0.0	0.0	0.0	0.0	97.54527213958067	0.0	0.0	0.0	0.0	0.0	0.0	0.0	0.0	0.0	0.0	0.0	0.0	0.0	0.0	0.0	0.0	0.0	0.0
GSM4138110_HNSCC_1_PBMC_TACGGTACATGGTCAT	153.58886838004736	121.01194161869337	82.56765318630744	28.180811561247822	122.01326958531543	0.0	134.87473610932145	0.0	0.0	0.0	31.505252640859737	0.0	0.0	0.0	0.0	0.0	0.0	0.0	0.0	0.0	0.0	0.0	0.0	0.0	0.0	0.0	0.0	0.0	0.0	0.0	0.0	0.0
GSM4138110_HNSCC_1_PBMC_TTAGTTCTCGCGGATC	67.06630086691987	61.36962435053507	55.012106524623135	33.1189353441719	0.0	0.0	28.413773893575286	0.0	0.0	0.0	0.0	0.0	0.0	0.0	0.0	0.0	0.0	0.0	16.627765441281287	0.0	0.0	0.0	51.525027990902565	0.0	0.0	0.0	0.0	0.0	0.0	0.0	0.0	0.0
GSM4138110_HNSCC_1_PBMC_AAAGCAACACGCGAAA	119.38000814500813	132.12595631721578	0.0	37.81721144400345	0.0	24.100266710690768	162.6944100088602	29.676016291577636	0.0	0.0	0.0	102.53723953427834	12.319721357102862	0.0	0.0	0.0	0.0	0.0	0.0	0.0	0.0	0.0	0.0	0.0	0.0	0.0	0.0	0.0	0.0	0.0	0.0	0.0
GSM4138110_HNSCC_1_PBMC_AACTTTCGTGTATGGG	36.223248737920684	72.49293821885533	53.7227762768071	11.307760184749604	0.0	0.0	36.58565252204048	0.0	0.0	0.0	0.0	0.0	0.0	0.0	10.917310080002226	0.0	30.004269775431574	0.0	0.0	0.0	0.0	0.0	0.0	0.0	0.0	0.0	0.0	0.0	0.0	0.0	0.0	0.0
GSM4138110_HNSCC_1_PBMC_AAGGAGCAGGGAAACA	80.67708928770257	132.63995039371656	58.866621590189126	25.64611269240732	40.03469814104131	0.0	0.0	0.0	0.0	0.0	0.0	0.0	0.0	0.0	14.361580182393103	56.78268698636778	14.952008681700224	0.0	0.0	0.0	0.0	0.0	0.0	0.0	0.0	0.0	0.0	0.0	0.0	0.0	0.0	0.0
GSM4138110_HNSCC_1_PBMC_AATCGGTGTAATCACC	109.43884422822899	109.14776298834998	0.0	18.359796232303896	0.0	84.17506291540006	127.75248014308646	30.171025076251905	0.0	0.0	0.0	0.0	0.0	0.0	0.0	0.0	0.0	0.0	0.0	0.0	0.0	4.1544686967964175	0.0	0.0	0.0	0.0	0.0	0.0	0.0	0.0	0.0	0.0
GSM4138110_HNSCC_1_PBMC_ATAACGCTCACAACGT	258.2589420759597	156.96251558363318	117.67146621827735	64.90932897879273	4.64466865495131	0.0	0.0	0.0	40.706664918435756	0.0	0.0	0.0	0.0	0.0	7.16767974569575	169.2647215619068	35.44581824135844	102.89038408080324	0.0	0.0	0.0	0.0	0.0	0.0	0.0	0.0	0.0	0.0	0.0	0.0	0.0	0.0
GSM4138110_HNSCC_1_PBMC_ATCATCTTCTGGCGAC	155.08437681801797	138.70680895686073	0.0	24.165150793893588	0.0	0.0	0.0	0.0	0.0	0.0	159.1480552926964	0.0	135.47952720820697	20.441377012071463	117.06123454256638	0.0	0.0	0.0	0.0	0.0	4.993240004886153	0.0	0.0	0.0	0.0	0.0	0.0	0.0	0.0	0.0	0.0	0.0
GSM4138110_HNSCC_1_PBMC_ATCCGAATCGTTTATC	127.48064991179092	115.82577164419479	45.591118264026825	66.19944419570929	0.0	0.0	0.0	0.0	0.0	0.0	24.328844211556895	28.427489245980812	0.0	89.19354503197117	0.0	0.0	0.0	0.0	0.0	0.0	0.0	0.0	43.0357093113825	0.0	0.0	0.0	0.0	0.0	0.0	0.0	0.0	0.0
GSM4138110_HNSCC_1_PBMC_ATGCGATTCGTGGGAA	133.92930391713492	153.59330633044516	0.0	39.76113337268073	0.0	37.759115410550756	39.096829207700395	0.0	6.509098143256409	0.0	42.49257497097978	0.0	50.90183583490383	0.0	0.0	0.0	0.0	114.19684314908963	0.0	0.0	0.0	0.0	0.0	0.0	0.0	0.0	0.0	0.0	0.0	0.0	0.0	0.0
GSM4138110_HNSCC_1_PBMC_CAAGAAATCAGGCAAG	76.16413496491626	67.95369026942636	0.0	8.979749255197573	0.0	63.73491060154067	0.0	9.059592455714125	0.0	0.0	0.0	0.0	0.0	0.0	0.0	0.0	0.0	0.0	0.0	0.0	0.0	0.0	0.0	27.70880446598822	0.0	0.0	53.87311250778935	0.0	34.123230969851576	0.0	0.0	0.0
GSM4138110_HNSCC_1_PBMC_CACAGGCCACACCGAC	156.99550523916102	191.98357881072582	151.9205065838969	37.70472510218096	0.0	0.0	0.0	102.95884062734531	0.0	0.0	0.0	0.0	0.0	200.5538113127375	0.0	0.0	0.0	0.0	0.0	0.0	0.0	0.0	0.0	0.0	0.0	0.0	0.0	0.0	0.0	0.0	0.0	0.0
GSM4138110_HNSCC_1_PBMC_CACTCCATCTGTACGA	31.002431656188598	69.6612481028631	91.00227415371464	32.8319791501817	15.478031260080456	0.0	0.0	0.0	0.0	0.0	0.0	0.0	0.0	0.0	0.0	0.0	0.0	0.0	0.0	57.38116465899544	0.0	0.0	0.0	0.0	0.0	0.0	0.0	0.0	0.0	0.0	0.0	0.0
GSM4138110_HNSCC_1_PBMC_CCTTCCCTCGCCTGTT	45.610920341818655	59.255054478726244	11.120028469401953	13.465786909236348	0.0	0.0	0.0	10.375981393097497	0.0	0.0	28.920217809834334	0.0	0.0	15.316067037697016	0.0	0.0	0.0	0.0	30.871956337732016	0.0	0.0	0.0	0.0	0.0	0.0	57.41229752693144	0.0	0.0	0.0	0.0	0.0	0.0
GSM4138110_HNSCC_1_PBMC_CGATTGAAGACTAAGT	103.3353165959121	111.74922186584801	13.949837069923317	23.639188671210686	0.0	0.0	85.100338232064	41.18426727088707	0.0	0.0	85.9570213483702	0.0	0.0	0.0	0.0	0.0	0.0	0.0	0.0	0.0	0.0	36.735714047331875	0.0	0.0	0.0	0.0	0.0	0.0	0.0	0.0	0.0	0.0
GSM4138110_HNSCC_1_PBMC_CGGACGTTCTGAGTGT	76.70614701009133	28.632638031852455	0.0	12.138187136293036	22.79190198827533	43.74256980571275	99.05655791783916	9.465698352897382	0.0	0.0	0.0	0.0	0.0	0.0	0.0	0.0	0.0	0.0	0.0	0.0	0.0	0.0	0.0	0.0	0.0	0.0	0.0	0.0	0.0	0.0	0.0	0.0
GSM4138110_HNSCC_1_PBMC_CGGGTCATCCCAACGG	40.44572065289486	42.25940844646488	0.0	14.889823663760197	0.0	59.71523016509893	0.0	0.0	0.0	0.0	0.0	0.0	65.17388075117994	0.0	15.584697163746966	0.0	0.0	0.0	0.0	0.0	0.0	0.0	0.0	0.0	0.0	0.0	0.0	0.0	0.0	0.0	0.0	0.0
GSM4138110_HNSCC_1_PBMC_CTCGAGGCATAGACTC	134.76796548163287	163.02832887649086	0.0	58.61146546850198	0.0	0.0	0.0	57.645766198998615	0.0	0.0	0.0	212.4158321797092	0.0	133.44773116918918	0.0	0.0	0.0	0.0	0.0	0.0	0.0	0.0	0.0	0.0	0.0	0.0	0.0	0.0	0.0	0.0	0.0	0.0
GSM4138110_HNSCC_1_PBMC_CTCGTCACAATAAGCA	138.5809882261039	113.26754865381923	0.0	32.072391079432094	90.11506240454258	141.44101167796677	0.0	0.0	0.0	0.0	0.0	0.0	0.0	0.0	0.0	0.0	0.0	0.0	105.3195395651757	0.0	0.0	0.0	0.0	0.0	0.0	0.0	0.0	0.0	0.0	0.0	0.0	0.0
GSM4138110_HNSCC_1_PBMC_CTGATCCTCTTTAGGG	111.55375712288121	114.11081835440841	95.97421513103372	54.34778253042312	34.930321629096724	0.0	29.560276997289602	8.243527732650735	28.7778113781837	0.0	0.0	0.0	0.0	0.0	0.0	0.0	0.0	0.0	0.0	0.0	0.0	0.0	0.0	50.55899063628483	0.0	0.0	0.0	0.0	0.0	0.0	0.0	0.0
GSM4138110_HNSCC_1_PBMC_CTGTGCTTCTAACGGT	107.64694427893586	105.3255299918742	0.0	43.48652304764065	0.0	0.0	0.0	0.0	0.0	0.0	65.48887459347578	0.0	0.0	0.0	0.0	0.0	0.0	94.53255540272016	98.2975191044702	0.0	0.0	0.0	0.0	0.0	0.0	0.0	0.0	0.0	0.0	0.0	0.0	0.0
GSM4138110_HNSCC_1_PBMC_CTGTGCTTCTATCGCC	84.96513156524124	95.52020510707922	0.0	22.99963114345525	41.29373994854123	126.29800831171572	0.0	0.0	0.0	0.0	0.0	0.0	121.19614124484457	0.0	0.0	0.0	0.0	0.0	0.0	0.0	0.0	0.0	0.0	0.0	0.0	0.0	0.0	0.0	0.0	0.0	0.0	0.0
GSM4138110_HNSCC_1_PBMC_GACTAACGTCGACTGC	141.47468552139642	77.4498161457923	44.02488338112069	19.19141643937957	53.47587613352855	0.0	83.55720410428445	0.0	0.0	0.0	0.0	29.137412504960746	0.0	0.0	0.0	0.0	0.0	0.0	0.0	0.0	0.0	0.0	0.0	0.0	0.0	0.0	0.0	0.0	0.0	0.0	0.0	0.0
GSM4138110_HNSCC_1_PBMC_GAGGTGATCGTCCGTT	152.28067096932023	85.35440767333161	141.5226879284433	37.12849596100205	54.85277587987204	0.0	19.748748494008986	0.0	0.0	0.0	0.0	0.0	0.0	56.490356700635985	0.0	0.0	0.0	0.0	47.94076872602735	0.0	0.0	0.0	0.0	0.0	0.0	0.0	0.0	0.0	0.0	0.0	0.0	0.0
GSM4138110_HNSCC_1_PBMC_GATCAGTAGTGTACTC	135.09155359741362	133.00591859449682	0.0	31.845823825575273	0.0	0.0	48.362856787248184	0.0	0.0	0.0	0.0	109.59809139344301	0.0	6.3260062443550655	0.0	0.0	0.0	0.0	0.0	38.20630085779854	0.0	0.0	51.415108275077564	0.0	0.0	0.0	15.824990399203498	0.0	0.0	0.0	0.0	0.0
GSM4138110_HNSCC_1_PBMC_GCTCTGTAGTATCTCG	0.0	0.0	2665.2269306506323	0.0	0.0	426.0231659148646	0.0	0.0	0.0	0.0	0.0	297.7195765776607	0.0	0.0	0.0	0.0	0.0	0.0	0.0	0.0	0.0	0.0	0.0	0.0	0.0	0.0	0.0	0.0	0.0	0.0	0.0	0.0
GSM4138110_HNSCC_1_PBMC_GGAACTTTCCGATATG	119.58121228697401	63.709370415104175	67.77448250674506	17.920972516715665	0.0	0.0	0.0	38.148582470035656	106.48877753441504	0.0	0.0	0.0	0.0	0.0	0.0	0.0	0.0	0.0	0.0	0.0	0.0	0.0	0.0	0.0	0.0	0.0	0.0	0.0	0.0	0.0	0.0	0.0
GSM4138110_HNSCC_1_PBMC_GGACAGAAGCCATCGC	105.75031786043716	114.80834582309924	73.08276010144185	41.84539384476502	34.59692858351219	0.0	0.0	50.13710840984038	0.0	123.85165577542843	0.0	15.00670188616036	0.0	0.0	0.0	0.0	0.0	0.0	0.0	0.0	0.0	0.0	0.0	0.0	0.0	0.0	0.0	0.0	0.0	0.0	0.0	0.0
GSM4138110_HNSCC_1_PBMC_GGATGTTGTGCAGTAG	145.3050165993716	101.3390444930832	64.54538854376749	20.052552562557153	0.0	17.97219715736091	0.0	51.22604063106134	0.0	0.0	5.098755029621076	0.0	0.0	47.435312287757014	0.0	0.0	0.0	0.0	30.436788670584463	0.0	0.0	0.0	0.0	0.0	0.0	0.0	0.0	0.0	0.0	0.0	0.0	0.0
GSM4138110_HNSCC_1_PBMC_GTAACTGCAGCTGTTA	129.08414989645507	131.8623166274701	0.0	44.165755781809374	0.0	60.82911763799443	0.0	0.0	0.0	0.0	0.0	0.0	0.0	82.17920915334285	0.0	0.0	0.0	0.0	5.452397556148453	0.0	0.0	0.0	42.2836030207072	0.0	0.0	0.0	0.0	0.0	0.0	0.0	0.0	0.0
GSM4138110_HNSCC_1_PBMC_GTATTCTAGTAATCCC	131.76451696435456	182.19234542162317	11.24651308619355	30.81285109313701	0.0	0.0	142.62230480289853	117.3058314976063	0.0	0.0	96.24683890414698	31.29570332131157	0.0	0.0	0.0	0.0	0.0	0.0	0.0	0.0	0.0	0.0	0.0	0.0	0.0	0.0	0.0	0.0	0.0	0.0	0.0	0.0
GSM4138110_HNSCC_1_PBMC_GTGCAGCAGTCAAGCG	168.34151969683128	292.11268857213577	0.0	51.68508507004227	227.92721398324178	0.0	0.0	0.0	0.0	360.2757926699249	0.0	255.94414607557144	0.0	0.0	0.0	0.0	0.0	0.0	0.0	0.0	0.0	0.0	0.0	0.0	0.0	0.0	0.0	0.0	0.0	0.0	0.0	52.878886579063256
GSM4138110_HNSCC_1_PBMC_GTGCATACACAGGCCT	129.93305223112563	89.38301395207237	125.60369881514856	19.206215601510994	0.0	0.0	0.0	0.0	0.0	0.0	0.0	0.0	99.07637207456985	0.0	0.0	0.0	0.0	0.0	0.0	29.366741865179204	0.0	53.853166201419945	0.0	0.0	0.0	0.0	0.0	0.0	0.0	0.0	0.0	0.0
GSM4138110_HNSCC_1_PBMC_TACTCGCGTTTAGCTG	112.81105835315965	97.861587537872	0.0	18.037971703357105	0.0	82.53474346400343	0.0	0.0	0.0	0.0	0.0	0.0	0.0	0.0	0.0	0.0	0.0	0.0	0.0	0.0	0.0	0.0	0.0	0.0	137.39704284018293	42.667207497014196	0.0	0.0	0.0	0.0	0.0	0.0
GSM4138110_HNSCC_1_PBMC_TACTTACGTTATGCGT	41.928235917258405	123.65003945770111	0.0	42.17493717603217	0.0	65.88221594449342	0.0	3.4867097317904396	0.0	0.0	0.0	5.9547454847820225	0.0	0.0	0.0	0.0	0.0	0.0	0.0	0.0	123.00224108308808	50.123558997563556	0.0	0.0	0.0	0.0	0.0	0.0	0.0	0.0	0.0	0.0
GSM4138110_HNSCC_1_PBMC_TAGCCGGGTTCAACCA	90.02181506888867	84.340824383124	78.99065531038578	23.576851098814313	0.0	0.0	0.0	64.23539108299569	0.0	0.0	0.0	0.0	0.0	0.0	0.0	0.0	0.0	0.0	0.0	0.0	73.24629897712306	0.0	0.0	0.0	0.0	0.0	0.0	0.0	0.0	0.0	0.0	0.0
GSM4138110_HNSCC_1_PBMC_TCAGCAATCCCAAGAT	175.17206267409927	123.8717799377382	117.06643216871666	23.788184330120927	24.448139632297192	0.0	26.135863716755306	0.7950698236204051	0.0	0.0	0.0	0.0	0.0	0.0	35.90157880436044	0.0	0.0	0.0	0.0	0.0	0.0	6.919205569142186	0.0	151.52705160299007	0.0	0.0	0.0	0.0	3.3470194423275177	0.0	0.0	0.0
GSM4138110_HNSCC_1_PBMC_TGACGGCGTTGAGTTC	215.12028226277943	254.08532627007412	0.0	62.5089384941237	0.0	319.77512238022257	0.0	0.0	0.0	85.80639786628058	0.0	32.294986768486254	0.0	70.92261831398964	0.0	0.0	0.0	16.02678410166099	0.0	110.57120031301203	0.0	0.0	0.0	0.0	0.0	305.04025573558704	0.0	0.0	0.0	0.0	0.0	0.0
GSM4138110_HNSCC_1_PBMC_TTGCGTCGTACTTCTT	102.7481705015707	161.72520563129837	0.0	42.50981082344146	113.90003353257622	123.51169940895207	0.0	0.0	81.744932447659	0.0	0.0	6.175939015835669	0.0	0.0	0.0	0.0	0.0	0.0	0.0	0.0	0.0	0.0	0.0	0.0	0.0	0.0	0.0	0.0	0.0	0.0	0.0	0.0
GSM4138110_HNSCC_1_PBMC_TTTGTCAGTTAAGATG	85.93907447194516	67.05014460042042	0.0	24.194218257493688	0.0	0.0	89.16579268001774	23.013341662795117	0.0	0.0	24.20656175050672	35.100475079848785	0.0	0.0	0.0	0.0	0.0	0.0	0.0	0.0	0.0	0.0	0.0	0.0	0.0	0.0	0.0	0.0	0.0	0.0	0.0	0.0
GSM4138110_HNSCC_1_PBMC_ACGCAGCTCGTCACGG	358.0401075389363	178.22023322562384	0.0	43.7437528150984	0.0	0.0	0.0	0.0	0.0	0.0	0.0	120.6466054630145	0.0	0.0	41.245302518413794	54.53101274789049	0.0	0.0	34.62484911187617	0.0	0.0	0.0	0.0	1.5508993369454815	0.0	0.0	27.458433129031903	0.0	0.0	0.0	0.0	0.0
GSM4138110_HNSCC_1_PBMC_ATCATCTAGGAATCGC	177.34231420606707	94.01538907048318	52.686030034303165	40.11621565169422	0.0	0.0	0.0	75.4451012286085	0.0	0.0	0.0	39.22167722953427	0.0	0.0	0.0	0.0	0.0	0.0	0.0	0.0	0.0	0.0	0.0	141.19689319399552	0.0	0.0	0.0	0.0	0.0	0.0	0.0	0.0
GSM4138110_HNSCC_1_PBMC_TCAACGAGTTACGGAG	380.228223876852	282.17601853644777	238.70653508131096	63.776508606772545	84.26581397707726	0.0	0.0	0.0	0.0	0.0	0.0	0.0	0.0	0.0	0.0	228.70573812160973	15.737599602312738	0.0	0.0	0.0	0.0	0.0	0.0	0.0	0.0	0.0	0.0	0.0	74.58257833310218	0.0	0.0	0.0
GSM4138110_HNSCC_1_PBMC_AAACCTGGTCTCCCTA	338.5457437896237	269.29489565211287	0.0	44.548273085982885	0.0	231.30807188673293	0.0	0.0	0.0	0.0	0.0	0.0	0.0	0.0	0.0	0.0	0.0	0.0	0.0	235.3339277612832	0.0	0.0	52.72791040852585	0.0	0.0	0.0	8.929693931669934	0.0	22.715593992305134	0.0	0.0	0.0
GSM4138110_HNSCC_1_PBMC_ACACCGGAGTACACCT	3019.1297027817777	0.0	0.0	0.0	0.0	0.0	0.0	0.0	0.0	0.0	0.0	0.0	0.0	0.0	0.0	0.0	0.0	0.0	0.0	0.0	0.0	0.0	0.0	0.0	0.0	0.0	0.0	0.0	0.0	0.0	0.0	0.0
GSM4138110_HNSCC_1_PBMC_ACTGCTCGTGGTCCGT	310.68189986633837	288.4959090568385	156.70118433621658	41.26155936237614	0.0	0.0	0.0	0.0	0.0	0.0	0.0	0.0	0.0	0.0	0.0	0.0	0.0	0.0	0.0	0.0	0.0	0.0	0.0	0.0	134.864401521282	0.0	72.61947915571668	0.0	117.90975815137743	0.0	0.0	0.0
GSM4138110_HNSCC_1_PBMC_AGCTCTCGTTAGTGGG	340.0810642378488	329.5162591444265	0.0	59.73643663125948	121.93337983622148	243.59947149327695	0.0	0.0	0.0	0.0	0.0	0.0	0.0	0.0	0.0	0.0	0.0	0.0	184.65035609391302	0.0	0.0	0.0	0.0	0.0	0.0	0.0	0.0	0.0	0.0	0.0	0.0	0.0
GSM4138110_HNSCC_1_PBMC_ATGGGAGAGGATGCGT	301.7438042037264	461.7440352550066	0.0	42.48222032430499	0.0	217.32076572828834	63.16937466870489	0.0	0.0	0.0	0.0	0.0	0.0	0.0	0.0	0.0	0.0	0.0	159.86004300891184	0.0	0.0	0.0	0.0	0.0	0.0	0.0	50.19235263151329	0.0	0.0	97.9386079164908	0.0	0.0
GSM4138110_HNSCC_1_PBMC_ATTATCCTCGGAAATA	331.7117272643019	324.3057838324064	114.03652653297638	59.92669004716327	114.96879648738572	0.0	0.0	0.0	166.9922288259802	0.0	0.0	0.0	0.0	0.0	0.0	0.0	79.94878105043425	0.0	0.0	0.0	0.0	0.0	0.0	0.0	0.0	0.0	0.0	0.0	0.0	0.0	0.0	0.0
GSM4138110_HNSCC_1_PBMC_CATCAGATCGCAAACT	352.5811692793962	339.77425894281646	186.78947613105336	34.34612337068095	0.0	0.0	0.0	0.0	0.0	0.0	0.0	0.0	0.0	0.0	0.0	0.0	0.0	0.0	182.7799974849013	0.0	0.0	0.0	0.0	0.0	0.0	0.0	0.0	0.0	80.85327404690636	0.0	0.0	0.0
GSM4138110_HNSCC_1_PBMC_CGTAGCGCATGCAACT	407.4766593599012	361.3356842454351	79.13987515393022	45.10925686780628	133.71444929393886	0.0	0.0	0.0	156.15233004840115	0.0	25.273716418640394	0.0	0.0	0.0	0.0	0.0	165.49449051316842	0.0	0.0	0.0	0.0	0.0	0.0	0.0	0.0	0.0	0.0	0.0	0.0	0.0	0.0	0.0
GSM4138110_HNSCC_1_PBMC_CGTCACTTCACGAAGG	306.49076982329825	359.3760671512958	184.5613891819502	55.61624555437034	128.01288026244677	0.0	0.0	0.0	0.0	0.0	0.0	0.0	0.0	0.0	0.0	0.0	9.075463633000686	0.0	0.0	0.0	0.0	0.0	0.0	25.625591821261132	0.0	0.0	229.88033159872424	0.0	0.0	0.0	0.0	0.0
GSM4138110_HNSCC_1_PBMC_GCATACACACCAGCAC	242.01625121619114	337.36532374983506	0.0	27.63684684520742	0.0	0.0	0.0	100.5353603843383	0.0	0.0	0.0	173.4157581044301	0.0	0.0	0.0	0.0	0.0	0.0	0.0	0.0	0.0	0.0	0.0	0.0	0.0	0.0	0.0	201.8544903763788	0.0	0.0	5.326034756692759	0.0
GSM4138110_HNSCC_1_PBMC_GCGACCAGTCGATTGT	350.9143636130671	370.6915289231146	0.0	49.6555707927796	92.63839690646613	0.0	0.0	0.0	0.0	0.0	52.36216928122296	0.0	0.0	0.0	0.0	0.0	123.58450252975132	35.88942916459821	0.0	0.0	0.0	0.0	0.0	193.50954228407647	0.0	0.0	0.0	0.0	0.0	0.0	0.0	0.0
GSM4138110_HNSCC_1_PBMC_TACTTACTCGGCGCAT	254.97682556410712	78.20913040471247	0.0	25.239027883703013	37.268340184866865	0.0	0.0	0.0	64.30205665190319	0.0	0.0	0.0	0.0	0.0	0.0	0.0	70.10227613842822	0.0	0.0	0.0	0.0	0.0	0.0	0.0	0.0	0.0	0.0	0.0	0.0	0.0	0.0	0.0
GSM4138110_HNSCC_1_PBMC_ACCGTAAGTTACGTCA	114.87652532935404	309.3244122069767	0.0	20.83811256902963	0.0	0.0	0.0	0.0	0.0	0.0	138.09034291452278	0.0	0.0	0.0	0.0	0.0	0.0	0.0	0.0	0.0	0.0	0.0	106.1328916915078	32.303734931010986	0.0	0.0	138.285880048529	0.0	0.0	0.0	0.0	0.0
GSM4138110_HNSCC_1_PBMC_ATCCACCAGACAGACC	118.10163374444214	158.41596249311348	37.32178356647478	14.612732540183323	0.0	0.0	0.0	0.0	0.0	0.0	18.183773760569295	0.0	0.0	0.0	0.0	0.0	0.0	0.0	90.89962121070337	0.0	0.0	0.0	0.0	0.0	0.0	0.0	0.0	0.0	144.83939673495837	0.0	0.0	0.0
GSM4138110_HNSCC_1_PBMC_ATGAGGGGTATATGGA	0.0	3027.685566745674	0.0	0.0	0.0	0.0	0.0	0.0	0.0	0.0	0.0	0.0	0.0	0.0	0.0	0.0	0.0	0.0	0.0	0.0	0.0	0.0	0.0	0.0	0.0	0.0	0.0	0.0	0.0	0.0	0.0	0.0
GSM4138110_HNSCC_1_PBMC_CACCAGGGTCAGAATA	162.54522546620228	300.525863128156	0.0	50.93682952800986	67.18968505125744	0.0	0.0	0.0	0.0	0.0	230.20975928180613	0.0	0.0	0.0	0.0	0.0	0.0	0.0	0.0	0.0	0.0	0.0	0.0	0.0	117.06795423307008	0.0	0.0	0.0	0.0	0.0	0.0	0.0
GSM4138110_HNSCC_1_PBMC_CAGCAGCTCAAAGTAG	124.67424270586571	261.8146093835657	0.0	29.988259440315954	71.81048869440123	0.0	0.0	0.0	0.0	0.0	165.02740365922813	0.0	0.0	0.0	0.0	0.0	0.0	0.0	0.0	88.91516415371018	0.0	0.0	0.0	0.0	0.0	0.0	0.0	0.0	0.0	0.0	0.0	0.0
GSM4138110_HNSCC_1_PBMC_CATCCACCAGTAACGG	137.11946161148586	364.63259057801685	95.64265607252592	45.38367645337524	0.0	0.0	0.0	0.0	0.0	169.11341163609364	0.0	0.0	0.0	0.0	97.89304726708832	0.0	0.0	0.0	0.0	0.0	0.0	0.0	0.0	0.0	0.0	0.0	0.0	0.0	0.0	0.0	0.0	0.0
GSM4138110_HNSCC_1_PBMC_CCTTTCTCATCCTAGA	95.48207150765397	244.25725659020566	0.0	18.83681380201912	84.2715554697625	0.0	0.0	0.0	0.0	150.45558186509237	0.0	0.0	0.0	0.0	0.0	0.0	130.66360048744642	0.0	0.0	0.0	0.0	0.0	0.0	0.0	0.0	0.0	0.0	0.0	0.0	0.0	0.0	0.0
GSM4138110_HNSCC_1_PBMC_CGTAGGCTCTACCAGA	130.92391224434513	244.10866536828104	0.0	31.937362210435875	99.87010629675393	130.35701157620838	0.0	0.0	0.0	0.0	0.0	0.0	0.0	0.0	0.0	0.0	0.0	0.0	151.4870381054675	0.0	0.0	0.0	0.0	0.0	0.0	0.0	0.0	0.0	0.0	0.0	0.0	0.0
GSM4138110_HNSCC_1_PBMC_CTGCCTAAGGACATTA	209.92715601676147	225.5192593101234	0.0	29.961634968547088	0.0	0.0	0.0	90.2836640156038	0.0	108.4104887994545	114.3742273990354	0.0	0.0	0.0	0.0	0.0	0.0	0.0	0.0	0.0	0.0	0.0	0.0	0.0	0.0	0.0	0.0	0.0	0.0	0.0	0.0	0.0
GSM4138110_HNSCC_1_PBMC_CTTTGCGGTGGTCCGT	115.00128688531336	190.2299884545762	0.0	30.467555261500024	0.0	0.0	0.0	0.0	0.0	0.0	62.76075288047178	0.0	0.0	0.0	0.0	0.0	0.0	72.06258758812675	114.8619695450604	0.0	0.0	0.0	0.0	0.0	0.0	0.0	0.0	0.0	0.0	0.0	0.0	0.0
GSM4138110_HNSCC_1_PBMC_GAAACTCAGACAAGCC	170.29964165436076	364.1092915789433	0.0	24.80079750731141	91.3717556803519	0.0	0.0	0.0	0.0	0.0	0.0	0.0	0.0	0.0	0.0	0.0	125.36775296068164	0.0	0.0	0.0	0.0	0.0	0.0	0.0	144.96121869629695	0.0	0.0	0.0	0.0	0.0	0.0	0.0
GSM4138110_HNSCC_1_PBMC_GACCAATAGCCCGAAA	231.19693470160047	672.234314391102	0.0	44.43924018753377	76.99715993807398	0.0	0.0	0.0	59.360865801847766	0.0	0.0	113.70685506181248	108.05665366212584	0.0	0.0	0.0	0.0	42.58838998524292	0.0	0.0	0.0	0.0	0.0	0.0	0.0	0.0	0.0	0.0	0.0	0.0	0.0	0.0
GSM4138110_HNSCC_1_PBMC_GACCAATAGGGCTCTC	241.12881727264093	218.7899953280977	0.0	30.033413632176696	59.231501438784115	0.0	0.0	43.14298478033408	0.0	0.0	145.75728476349872	0.0	0.0	0.0	0.0	0.0	0.0	0.0	0.0	0.0	0.0	0.0	0.0	0.0	141.2178883415773	0.0	0.0	0.0	0.0	0.0	0.0	0.0
GSM4138110_HNSCC_1_PBMC_GATGCTATCCTCTAGC	227.9654354208372	293.3779086172549	0.0	38.93236457464148	0.0	0.0	0.0	0.0	0.0	0.0	175.0416980306297	0.0	133.39343166111124	0.0	0.0	0.0	0.0	0.0	0.0	0.0	0.0	145.920462537294	0.0	0.0	0.0	0.0	0.0	0.0	0.0	0.0	0.0	0.0
GSM4138110_HNSCC_1_PBMC_GCTGCGATCCCGACTT	53.80413564889405	140.26847168211853	0.0	32.07285799473925	0.0	0.0	0.0	0.0	0.0	0.0	86.09487618360917	0.0	0.0	97.62736217799558	53.70082247565732	0.0	0.0	0.0	0.0	0.0	0.0	0.0	0.0	0.0	0.0	0.0	0.0	0.0	0.0	0.0	0.0	0.0
GSM4138110_HNSCC_1_PBMC_GTTACAGCAAGTTGTC	152.0947558024349	268.82018677651087	0.0	95.36551192515203	62.212619000400956	0.0	0.0	0.0	0.0	0.0	116.06733724027103	0.0	44.52423453026262	0.0	0.0	0.0	0.0	0.0	0.0	0.0	0.0	0.0	0.0	0.0	0.0	0.0	0.0	0.0	0.0	0.0	0.0	0.0
GSM4138110_HNSCC_1_PBMC_TAGGCATTCAGCGACC	182.23138975581094	293.9751205150456	0.0	14.351072842721804	108.42197703552746	0.0	0.0	0.0	0.0	0.0	0.0	100.06975761357236	0.0	0.0	0.0	0.0	0.0	0.0	122.97483993960498	24.46717066893896	0.0	0.0	0.0	8.840988364153873	0.0	0.0	0.0	0.0	0.0	0.0	0.0	0.0
GSM4138110_HNSCC_1_PBMC_TCGTACCTCCATGAAC	83.49502976922298	189.31876917891555	79.62599216111322	12.751279166359765	35.99805114663241	0.0	0.0	0.0	0.0	0.0	0.0	0.0	0.0	0.0	0.0	0.0	0.0	0.0	0.0	0.0	0.0	0.0	0.0	0.0	284.47659415549424	0.0	0.0	0.0	40.259024171810374	0.0	0.0	0.0
GSM4138110_HNSCC_1_PBMC_TGCGCAGAGAGTCGGT	114.52170593253675	249.9657751316538	99.36524346673436	14.915788785749859	0.0	0.0	0.0	0.0	0.0	0.0	37.04441514230714	0.0	0.0	0.0	0.0	0.0	0.0	0.0	0.0	0.0	0.0	0.0	0.0	0.0	0.0	0.0	132.7830308603406	0.0	79.58314446251367	0.0	0.0	0.0
GSM4138110_HNSCC_1_PBMC_TTGCCGTTCCTATTCA	131.88440783200645	364.2703154626408	0.0	21.06498158890419	0.0	279.78046343610947	0.0	0.0	0.0	0.0	0.0	0.0	0.0	0.0	0.0	0.0	0.0	75.64203200289707	0.0	174.2510930760463	0.0	0.0	0.0	0.0	0.0	0.0	0.0	0.0	0.0	0.0	0.0	0.0
GSM4138110_HNSCC_1_PBMC_TTTACTGAGTCCCACG	147.3270571640255	287.11188570309645	0.0	34.35443159490775	92.7341989997769	0.0	0.0	0.0	0.0	0.0	250.10653629457374	0.0	0.0	0.0	0.0	0.0	0.0	0.0	0.0	0.0	0.0	0.0	0.0	0.0	121.05630259580325	0.0	0.0	0.0	0.0	0.0	0.0	0.0
GSM4138110_HNSCC_1_PBMC_ACGGGTCGTCTTGATG	73.16082602237026	77.6886446993043	61.81908756787544	37.014053042113225	0.0	0.0	0.0	0.0	0.0	55.057103363918664	0.0	0.0	27.005733088571954	0.0	69.24188377813856	0.0	0.0	0.0	0.0	0.0	0.0	2.913346296708809	0.0	0.0	0.0	0.0	0.0	0.0	0.0	0.0	0.0	0.0
GSM4138110_HNSCC_1_PBMC_AGTGAGGAGGAATCGC	52.431281724711766	102.21858049126291	0.0	10.844920930803658	38.01227790518839	88.6420190314376	0.0	0.0	0.0	117.0241241469254	0.0	0.0	0.0	0.0	9.170750150008274	0.0	0.0	0.0	0.0	0.0	0.0	0.0	0.0	0.0	0.0	0.0	0.0	0.0	18.69445603908019	0.0	0.0	0.0
GSM4138110_HNSCC_1_PBMC_ATGTGTGCAAGCTGGA	199.1291614627747	186.9837367841099	38.82440635466821	28.980355370181204	57.90487877260331	0.0	0.0	49.63210390167391	0.0	144.74806721115476	34.11277622111106	0.0	0.0	0.0	0.0	0.0	0.0	0.0	0.0	0.0	0.0	0.0	0.0	0.0	0.0	0.0	0.0	0.0	0.0	0.0	0.0	0.0
GSM4138110_HNSCC_1_PBMC_CGACCTTAGTTACGGG	209.45971365658556	158.38644665583837	0.0	39.15827584616671	0.0	59.81875494806999	0.0	0.0	162.9911086489996	0.0	0.0	0.0	0.0	0.0	0.0	0.0	0.0	0.0	0.0	0.0	0.0	0.0	0.0	0.0	0.0	125.97635446875071	0.0	0.0	0.0	0.0	0.0	0.0
GSM4138110_HNSCC_1_PBMC_GCGACCACATGCATGT	137.11715359505277	126.94537436646209	0.0	72.12859260177422	0.0	0.0	0.0	0.0	108.5635508164537	0.0	0.0	143.90872844490167	0.0	0.0	0.0	0.0	0.0	69.89809619754594	0.0	0.0	0.0	0.0	0.0	0.0	0.0	0.0	0.0	0.0	0.0	0.0	0.0	0.0
GSM4138110_HNSCC_1_PBMC_GGATTACGTGCATCTA	152.95322709196228	130.0770208705814	113.59106034666624	30.077563335847557	13.75657954214409	0.0	0.0	65.08396821164177	0.0	0.0	0.0	0.0	12.766594884612166	0.0	0.0	0.0	0.0	0.0	0.0	7.294621095808649	92.24727043547357	0.0	0.0	0.0	0.0	0.0	0.0	0.0	0.0	0.0	0.0	0.0
GSM4138110_HNSCC_1_PBMC_GTGCAGCCACCAGATT	80.47780564721644	143.33282813162455	0.0	18.222427536776618	0.0	34.5094048524757	0.0	7.499234039584877	0.0	0.0	0.0	0.0	0.0	17.247138360141967	0.0	0.0	28.247983877673708	0.0	0.0	0.0	24.90021158077484	68.46349651080791	0.0	0.0	0.0	0.0	0.0	29.2657087278174	0.0	0.0	0.0	0.0
GSM4138110_HNSCC_1_PBMC_GTGCGGTTCTATGTGG	98.98454995719557	122.01339053366486	88.76078251328893	35.9190183388794	54.15153505337826	0.0	0.0	66.06518413536763	24.58036053846504	0.0	0.0	0.0	0.0	0.0	0.0	43.9881552889655	0.0	0.0	0.0	0.0	0.0	0.0	0.0	0.0	0.0	0.0	34.366365229961964	0.0	0.0	0.0	0.0	0.0
GSM4138110_HNSCC_1_PBMC_GTTCATTTCCCTCTTT	125.80286451676395	111.32984136350915	0.0	28.44963935796702	0.0	108.54974154844868	0.0	0.0	0.0	72.49326829816962	0.0	0.0	0.0	0.0	0.0	0.0	0.0	55.758737903490406	0.0	0.0	0.0	0.0	0.0	0.0	0.0	0.0	0.0	0.0	0.0	0.0	0.0	0.0
GSM4138110_HNSCC_1_PBMC_TCATTACGTAATCACC	193.7934265052352	180.14566295925877	0.0	37.63521648783059	0.0	0.0	0.0	62.50712811603686	0.0	101.47713073606275	139.2731027449846	0.0	0.0	18.652336779030957	0.0	0.0	0.0	0.0	0.0	0.0	3.894174933120821	3.846971864371564	0.0	0.0	0.0	0.0	0.0	0.0	0.0	0.0	0.0	0.0
GSM4138110_HNSCC_1_PBMC_TTGCCGTTCAGAAATG	125.26186832550633	109.63764435701661	0.0	83.45510505539748	68.7468614704435	0.0	0.0	0.0	87.12552591832457	0.0	67.59231175307315	0.0	0.0	0.0	0.0	18.88662476521752	0.0	0.0	0.0	0.0	0.0	0.0	0.0	0.0	0.0	0.0	0.0	0.0	0.0	0.0	0.0	0.0
GSM4138110_HNSCC_1_PBMC_TTTGCGCAGTAGCGGT	177.74412990006672	255.79108285393292	45.05005162241288	41.412435548038324	71.86590830187883	134.61734798356878	0.0	0.0	0.0	0.0	0.0	0.0	0.0	0.0	16.014948919479416	251.58653467865702	0.0	0.0	0.0	0.0	0.0	0.0	0.0	0.0	0.0	0.0	18.20833343969118	0.0	0.0	0.0	0.0	0.0
GSM4138110_HNSCC_1_PBMC_TTTGGTTAGCACAGGT	147.09071627690003	143.59667239010616	0.0	25.043979163479737	0.0	85.7551207823595	0.0	0.0	134.8632409113878	0.0	0.0	4.610653363278549	0.0	0.0	75.87620492195626	0.0	0.0	0.0	0.0	0.0	0.0	0.0	0.0	0.0	0.0	0.0	0.0	0.0	0.0	0.0	0.0	0.0
