	1	2	3	4	5	6	7	8	9	10	11	12	13	14	15	16
GSM4138110_HNSCC_1_PBMC_AAACCTGAGGAGCGTT	0.0	0.0	112.79455081047408	78.12887820531675	0.0	0.0	0.0	0.0	0.0	0.0	49.86631875301265	0.0	40.067831613275686	0.0	0.0	0.0
GSM4138110_HNSCC_1_PBMC_AAACCTGCAGATGAGC	88.4487693865639	84.74423349155285	0.0	0.0	104.90606176646041	0.0	0.0	3.5263511350468573	0.0	0.0	0.0	0.0	0.0	0.0	0.0	0.0
GSM4138110_HNSCC_1_PBMC_AACGTTGAGACTGGGT	0.0	0.0	58.908956145883955	0.0	0.0	32.01611443546552	22.28312128110323	0.0	0.0	0.0	0.0	38.064449152403924	0.0	0.0	0.0	0.0
GSM4138110_HNSCC_1_PBMC_AACGTTGGTTACGACT	55.75735812378691	0.0	95.92579425821317	0.0	0.0	40.83379493825199	0.0	0.0	0.0	0.0	0.0	0.0	12.706103845201046	0.0	0.0	0.0
GSM4138110_HNSCC_1_PBMC_AACGTTGTCTAAGCCA	68.7722330904689	0.0	0.0	81.97538757254166	0.0	0.0	0.0	0.0	55.63729547539083	6.147264376780166	0.0	0.0	0.0	0.0	0.0	0.0
GSM4138110_HNSCC_1_PBMC_AACTCCCCATTTCAGG	52.33653899459347	0.0	0.0	90.83602239811034	0.0	0.0	0.0	45.66422196644308	47.925316068990576	0.0	0.0	0.0	0.0	0.0	0.0	0.0
GSM4138110_HNSCC_1_PBMC_AAGCCGCCACTTCTGC	42.581108914996776	66.94375468002178	36.619425059069364	0.0	0.0	80.40794673309696	0.0	0.0	0.0	0.0	0.0	0.0	0.0	0.0	0.0	0.0
GSM4138110_HNSCC_1_PBMC_AAGGTTCGTCTCTTAT	59.362684365693895	54.527854612565086	0.0	126.5600653647836	0.0	0.0	0.0	0.0	0.0	0.0	0.0	0.0	0.0	0.0	0.0	0.0
GSM4138110_HNSCC_1_PBMC_AAGTCTGAGTACCGGA	59.95491432890508	0.0	0.0	0.0	53.506409850459484	0.0	0.0	51.73146070491107	0.0	0.0	0.0	0.0	0.0	0.0	0.0	0.0
GSM4138110_HNSCC_1_PBMC_AAGTCTGGTTGCCTCT	92.20703683544724	51.88869991807236	0.0	0.0	0.0	0.0	0.0	0.0	0.0	56.24348056739577	0.0	0.0	0.0	0.0	0.0	0.0
GSM4138110_HNSCC_1_PBMC_AAGTCTGTCCAAACTG	0.0	65.74078665084176	104.96178232995285	0.0	23.493517880864847	11.992700078376831	63.29289321949588	0.0	0.0	0.0	0.0	0.0	0.0	0.0	0.0	0.0
GSM4138110_HNSCC_1_PBMC_ACATGGTCACATGGGA	23.71535861990051	0.0	53.293673153894794	0.0	70.70718755452165	0.0	0.0	0.0	47.44405418385917	0.0	0.0	0.0	0.0	0.0	0.0	0.0
GSM4138110_HNSCC_1_PBMC_ACGAGCCAGTATCTCG	84.82209771763215	0.0	0.0	49.097934457285795	16.720443484002416	0.0	0.0	113.27722427128715	0.0	0.0	0.0	17.541955677258926	0.0	0.0	0.0	0.0
GSM4138110_HNSCC_1_PBMC_ACGAGCCCACTTAACG	152.4738721678644	0.0	0.0	0.0	14.728955285446153	0.0	0.0	0.0	0.0	126.290555537594	0.0	0.0	0.0	161.77010711165994	0.0	0.0
GSM4138110_HNSCC_1_PBMC_ACTATCTTCTTCCTTC	0.0	0.0	110.85277121685189	0.0	49.75611827515442	0.0	25.27273332919911	0.0	0.0	0.0	0.0	121.74880792472058	0.0	0.0	0.0	0.0
GSM4138110_HNSCC_1_PBMC_AGAGCTTAGAGCTGGT	38.17377426533793	89.61955721437714	29.033607939840625	45.284823844606684	12.819001961074251	69.96054469838775	0.0	0.0	0.0	0.0	0.0	0.0	0.0	0.0	0.0	0.0
GSM4138110_HNSCC_1_PBMC_AGATTGCGTCGCCATG	58.692877569599965	85.78398729307241	0.0	0.0	0.0	0.0	0.0	0.0	0.0	74.92863545788964	0.0	0.0	0.0	0.0	0.0	0.0
GSM4138110_HNSCC_1_PBMC_AGCGTATGTTATCCGA	41.49090093278663	0.0	5.409414431104502	0.0	0.0	0.0	143.23963450849322	24.456306921179657	0.0	0.0	41.89402780528304	0.0	6.361125491271546	0.0	0.0	0.0
GSM4138110_HNSCC_1_PBMC_AGGCCACAGTACTTGC	0.0	93.38411795527446	50.00120590615252	0.0	11.75568710346577	46.65617171993435	0.0	6.390558617411361	0.0	0.0	0.0	0.0	0.0	0.0	0.0	0.0
GSM4138110_HNSCC_1_PBMC_AGGCCACCACTAAGTC	0.0	0.0	154.64279425880207	0.0	0.0	0.0	232.0527946542524	120.08530138904628	0.0	0.0	0.0	0.0	0.0	0.0	0.0	0.0
GSM4138110_HNSCC_1_PBMC_AGTAGTCTCTTAGCCC	71.08576222283178	71.37155627345498	0.0	0.0	27.274808933623575	0.0	0.0	0.0	0.0	0.0	0.0	0.0	0.0	0.0	0.0	0.0
GSM4138110_HNSCC_1_PBMC_AGTGAGGGTGGCCCTA	0.0	0.0	112.13794196556472	78.1358419523701	3.4365780892876505	1.1317365724686081	0.0	0.0	23.685110715548447	0.0	35.587083437270856	0.0	42.51043216723718	0.0	12.630163007271207	0.0
GSM4138110_HNSCC_1_PBMC_AGTGTCATCTCGCATC	19.41054176257129	0.0	55.52078541256699	38.20921499279019	10.725051929494287	0.0	0.0	0.0	0.0	0.0	0.0	57.84837485730136	0.0	0.0	0.0	0.0
GSM4138110_HNSCC_1_PBMC_AGTTGGTCATGGTTGT	11.706000706749345	94.13907945818342	113.77659011126903	0.0	116.76000070171212	0.0	0.0	0.0	0.0	0.0	0.0	0.0	0.0	0.0	0.0	0.0
GSM4138110_HNSCC_1_PBMC_AGTTGGTTCTTGGGTA	0.0	0.0	83.22633328149033	68.21469129647015	0.0	0.0	0.0	0.0	0.0	0.0	0.0	51.54857013307438	0.0	0.0	0.0	0.0
GSM4138110_HNSCC_1_PBMC_ATCTACTAGGGTGTGT	326.8676669220649	0.0	0.0	0.0	146.87857713093763	0.0	39.32315966110479	0.0	2.449528988439147	0.0	0.0	200.32392817381705	0.0	0.0	0.0	0.0
GSM4138110_HNSCC_1_PBMC_ATCTACTAGTACGTTC	46.42547906443671	72.0737357647387	19.61389650613472	0.0	83.59679625522878	24.577375066596723	0.0	0.0	0.0	0.0	0.0	0.0	0.0	0.0	0.0	0.0
GSM4138110_HNSCC_1_PBMC_ATGAGGGCAAGCGATG	68.58301248582266	0.32782240225235754	3.345596184850541	0.0	59.1814853519746	4.106355432178813	0.0	0.0	57.13969090402516	0.0	0.0	0.0	0.0	0.0	5.51955637196679	0.0
GSM4138110_HNSCC_1_PBMC_ATGAGGGCACACAGAG	6.171808594794921	64.33713502747547	43.876097512243916	15.237627997885099	0.0	29.83961464196406	0.0	0.0	0.0	0.0	0.0	0.0	0.0	0.0	0.0	0.0
GSM4138110_HNSCC_1_PBMC_ATGCGATGTTTGACAC	86.48751437664127	0.0	10.445233033283156	0.0	12.615793332091561	0.0	65.70177265186442	0.0	0.0	0.0	31.739247067450982	0.0	0.0	0.0	9.111003151517734	0.0
GSM4138110_HNSCC_1_PBMC_ATGTGTGCATGCGCAC	28.80910944573616	0.0	46.65348459205969	0.0	0.0	8.4822704006145	35.89537162877284	0.0	0.0	0.0	0.0	0.0	0.0	0.0	51.788279276758914	0.0
GSM4138110_HNSCC_1_PBMC_ATTACTCTCATGCTCC	76.19467012607178	0.0	0.0	0.0	0.0	0.0	56.01407588508539	111.64980457949238	0.0	7.6990495547547795	0.0	0.0	0.0	0.0	0.0	0.0
GSM4138110_HNSCC_1_PBMC_ATTATCCGTCACACGC	0.0	81.08603699397246	104.22230844215312	113.0125088167918	0.0	0.0	0.0	0.0	0.0	0.0	0.0	0.0	0.0	0.0	0.0	0.0
GSM4138110_HNSCC_1_PBMC_ATTGGACAGAGATGAG	41.62784062287294	0.0	0.0	67.64535730410489	0.0	0.0	0.0	93.41558405508782	0.0	19.168484977516037	0.0	0.0	0.0	0.0	0.0	0.0
GSM4138110_HNSCC_1_PBMC_ATTGGTGCAGTGAGTG	48.59706142570197	60.00110250348521	11.699456074801873	0.0	33.43317750916747	37.47615740586854	0.0	0.0	0.0	0.0	0.0	0.0	0.0	0.0	0.0	0.0
GSM4138110_HNSCC_1_PBMC_CAACCAAGTTATCGGT	0.0	77.64431182699107	50.23719998891908	0.0	0.0	1.5047281071417515	47.200179920377536	0.0	0.0	0.0	0.0	0.0	0.0	0.0	0.0	0.0
GSM4138110_HNSCC_1_PBMC_CAACCAATCCTTGACC	0.0	32.560773747649186	59.26477312732659	64.05263251949599	0.0	0.0	0.0	0.0	0.0	18.59358829098149	6.107634771911289	0.0	0.0	0.0	0.0	0.0
GSM4138110_HNSCC_1_PBMC_CACAGTAGTCTCCATC	49.62108642819279	69.30212358917811	4.72365609965916	26.124007037029426	17.07844414956322	10.534364984745016	0.0	31.636149582176937	0.0	0.0	0.0	0.0	0.0	0.0	0.0	0.0
GSM4138110_HNSCC_1_PBMC_CACATAGCAAAGCGGT	56.79541730679548	0.0	0.0	39.18135625126884	0.0	0.0	0.0	0.0	0.0	6.057969024648999	0.0	77.81258632220647	0.0	0.0	0.0	1.4008735460747648
GSM4138110_HNSCC_1_PBMC_CACATAGCACCTCGTT	0.0	60.934461780072674	96.29095023796671	47.144462450111746	0.0	40.08092002749129	0.0	0.0	0.0	0.0	0.0	0.0	0.0	0.0	0.0	0.0
GSM4138110_HNSCC_1_PBMC_CACATTTGTGCACTTA	0.0	54.329308468730474	66.41652102796584	0.0	0.0	0.0	51.380763047710595	0.0	0.0	0.0	22.11191731337394	0.0	0.0	0.0	0.0	0.0
GSM4138110_HNSCC_1_PBMC_CACATTTTCCCATTAT	0.0	14.620194392365176	97.5416288019696	0.0	0.0	71.49485269123734	0.0	0.0	0.0	0.0	0.0	0.0	0.0	0.0	32.36523603647633	0.0
GSM4138110_HNSCC_1_PBMC_CACATTTTCTGGTTCC	74.09539538651596	57.5662820846406	0.0	0.0	0.0	15.967882403127565	50.845367327596044	0.0	0.0	0.0	0.0	0.0	0.0	0.0	0.0	0.0
GSM4138110_HNSCC_1_PBMC_CACCAGGTCGTGGGAA	99.49543418199902	0.0	0.0	0.0	0.0	90.60948587957712	0.0	0.0	57.665065076059626	0.0	0.0	0.0	0.0	0.0	0.0	0.0
GSM4138110_HNSCC_1_PBMC_CAGCAGCCAATGGTCT	0.0	75.76741931678444	25.132873292510972	57.6129663872688	0.0	0.0	0.0	0.0	0.0	0.0	0.0	0.0	0.0	0.0	0.0	0.0
GSM4138110_HNSCC_1_PBMC_CAGCATAGTCCGAGTC	48.265606118266696	0.0	0.0	0.0	102.19624775339048	0.0	0.0	0.0	0.0	0.0	0.0	0.0	0.0	33.751928680386634	0.0	0.0
GSM4138110_HNSCC_1_PBMC_CAGCCGAAGCCCAACC	34.96378871037269	44.37677782997692	60.957730281804416	0.0	57.30491490958828	18.67220102225799	0.0	0.0	0.0	0.0	0.0	0.0	0.0	0.0	0.0	0.0
GSM4138110_HNSCC_1_PBMC_CAGCCGACATCGACGC	40.7429170327962	64.41567108182448	7.0557643454797425	71.7889962515426	0.0	0.0	0.0	0.0	0.0	0.0	0.0	0.0	0.0	0.0	0.0	0.0
GSM4138110_HNSCC_1_PBMC_CATATTCTCCGCGTTT	84.02202211202322	0.0	0.0	74.28859678147259	0.0	0.0	0.0	0.0	38.04248855628233	0.19010302252179057	0.0	7.03694961445278	0.0	0.0	2.355599788307459	0.0
GSM4138110_HNSCC_1_PBMC_CCAATCCCATTAGCCA	68.39486980910182	0.0	16.99844942876973	0.0	0.0	0.0	0.0	0.0	0.0	100.77913856797203	0.0	17.389699778454435	0.0	0.0	67.17728511027374	0.0
GSM4138110_HNSCC_1_PBMC_CCACGGAAGATCGGGT	65.69750711036785	0.0	0.0	0.0	0.0	61.7230267599903	4.879475137824471	0.0	0.0	0.0	0.0	0.0	0.0	129.7093332131776	0.0	0.0
GSM4138110_HNSCC_1_PBMC_CCATGTCAGAGGTAGA	64.41868672143254	0.0	0.0	77.71461093584169	0.0	0.0	0.0	0.0	0.0	0.0	0.0	0.0	0.0	102.8086833821329	0.0	0.0
GSM4138110_HNSCC_1_PBMC_CCATGTCCATGCCCGA	77.43030005741326	110.79396213399691	0.0	0.0	0.0	48.07947686288792	33.14788166460375	0.0	0.0	0.0	0.0	0.0	0.0	0.0	0.0	0.0
GSM4138110_HNSCC_1_PBMC_CCGGTAGAGCTCCTCT	77.93139065268069	47.94446232296351	0.0	0.0	0.0	41.072475243638614	51.724836323334074	0.0	0.0	0.0	0.0	0.0	0.0	0.0	0.0	0.0
GSM4138110_HNSCC_1_PBMC_CCTCTGAAGGGATCTG	0.53512868529059	67.68487048436288	60.259296318287426	53.46233722504396	0.0	0.0	0.0	0.0	0.0	0.0	0.0	0.0	0.0	0.0	0.0	0.0
GSM4138110_HNSCC_1_PBMC_CGAACATGTTCGTTGA	69.64508461542394	0.0	0.0	0.0	0.0	0.0	82.57714029910278	0.0	36.21885036978359	0.0	0.0	0.0	0.0	0.0	0.0	0.0
GSM4138110_HNSCC_1_PBMC_CGAACATTCTGTCCGT	77.80227577489832	0.0	0.0	0.0	85.569819119062	0.0	0.0	0.0	25.665357939906123	0.0	0.0	30.91335219179744	0.0	0.0	0.0	0.0
GSM4138110_HNSCC_1_PBMC_CGAATGTAGCGTCTAT	94.28245505488293	0.0	0.0	0.0	0.0	43.544700577826205	0.0	0.0	42.63757542620708	0.0	0.0	0.0	0.0	0.0	0.0	0.0
GSM4138110_HNSCC_1_PBMC_CGGGTCAAGTCTCGGC	63.31931522741684	0.0	0.0	0.0	0.0	0.0	0.0	0.0	0.0	119.6504412277629	0.0	0.0	0.0	0.0	50.95548547849233	0.0
GSM4138110_HNSCC_1_PBMC_CGTCTACCAAGCGTAG	56.17915309721521	123.54198473330946	0.0	0.0	90.07090515833548	0.0	0.0	0.0	0.0	0.0	0.0	0.0	0.0	0.0	0.0	0.0
GSM4138110_HNSCC_1_PBMC_CGTGTCTAGGTCGGAT	115.17852303928841	71.59087083778931	0.0	87.07852283716738	0.0	0.0	0.0	0.0	0.0	0.0	0.0	0.0	0.0	0.0	0.0	0.0
GSM4138110_HNSCC_1_PBMC_CGTTAGACATCCAACA	40.08857576046983	0.0	0.0	123.47652224103541	0.0	0.0	0.0	20.6954982734722	0.0	0.0	8.926400150091478	0.0	0.0	0.0	0.0	0.0
GSM4138110_HNSCC_1_PBMC_CGTTGGGCATATGCTG	0.0	67.27624059838104	48.89786404270715	69.35338357174348	0.0	0.0	0.0	0.0	0.0	0.0	0.0	0.0	0.0	0.0	0.0	0.0
GSM4138110_HNSCC_1_PBMC_CTAATGGTCTCGCTTG	40.97640549134489	46.898051040893144	26.95895195254826	24.12667608736704	0.0	0.0	0.0	0.0	0.0	14.222007799253456	0.0	0.0	0.0	0.0	0.0	0.0
GSM4138110_HNSCC_1_PBMC_CTACATTTCACCAGGC	0.0	61.938461240237075	77.48507793610571	0.0	0.0	12.42490591377524	55.72495236788107	0.0	0.0	0.0	0.0	0.0	0.0	0.0	0.0	0.0
GSM4138110_HNSCC_1_PBMC_CTACGTCTCGAACGGA	0.0	0.0	79.07065995222004	69.0974023785914	0.0	0.0	0.0	19.438806580815935	0.0	0.0	2.884861059049486	0.0	0.0	0.0	0.0	0.0
GSM4138110_HNSCC_1_PBMC_CTAGAGTCACTTACGA	68.50290185288692	0.0	0.0	0.0	14.84444482989404	12.102568634162928	29.68437924006897	0.0	101.09490683046366	0.0	0.0	0.0	0.0	0.0	0.0	0.0
GSM4138110_HNSCC_1_PBMC_CTCAGAATCCGGGTGT	11.877456594535696	0.0	62.78015528384348	0.0	52.03423973840553	0.0	0.0	0.0	0.0	0.0	0.0	0.0	0.0	0.0	0.0	82.18831416346167
GSM4138110_HNSCC_1_PBMC_CTCGGGATCAATACCG	41.35790345110113	167.40040854312596	0.0	108.41837676359991	0.0	0.0	0.0	0.0	0.0	0.0	0.0	0.0	0.0	0.0	0.0	0.0
GSM4138110_HNSCC_1_PBMC_CTCGTACAGATCGGGT	162.3381455003393	0.0	28.635923374986465	0.0	0.0	40.38954283260042	159.48053357430774	212.28081248262288	0.0	0.0	0.0	0.0	0.0	0.0	0.0	0.0
GSM4138110_HNSCC_1_PBMC_CTCGTACTCTGTCCGT	0.0	50.091292430840376	86.88877287911785	107.3501116085708	0.0	0.0	0.0	0.0	0.0	0.0	0.0	0.0	31.584496014399175	0.0	0.0	0.0
GSM4138110_HNSCC_1_PBMC_CTCTGGTAGGCGTACA	0.0	41.68035777862087	51.57027371250008	56.2063191483266	0.0	0.0	0.0	0.0	0.0	0.0	0.0	0.0	0.0	0.0	0.0	0.0
GSM4138110_HNSCC_1_PBMC_CTGAAACTCCGAGCCA	34.15849551851151	84.30876730840944	0.0	0.0	25.402484069119804	26.094466365120738	12.338389146695171	0.0	0.0	0.0	0.0	0.0	0.0	0.0	0.0	0.0
GSM4138110_HNSCC_1_PBMC_CTGAAGTAGCGATCCC	74.33836955391548	0.0	0.0	73.73745827380952	0.0	0.0	0.0	0.0	0.0	0.0	0.0	55.49998473872789	0.0	0.0	0.0	0.0
GSM4138110_HNSCC_1_PBMC_CTGATAGAGATCTGCT	10.12723229253798	62.315196703591546	54.49670156394432	0.0	9.899634043491522	44.180483377140874	0.0	0.0	0.0	0.0	0.0	0.0	0.0	0.0	0.0	0.0
GSM4138110_HNSCC_1_PBMC_CTGATAGAGCCTTGAT	0.0	0.0	85.55874019478497	0.0	84.04037804019136	0.0	0.0	68.21788680777	0.0	0.0	2.812848810374994	0.0	0.0	0.0	0.0	0.0
GSM4138110_HNSCC_1_PBMC_CTGCCTAAGGTGCTTT	0.0	0.0	127.46142715431873	0.0	0.0	112.03413891735156	0.0	0.0	0.0	0.0	0.0	0.0	27.847763015990623	0.0	0.0	0.0
GSM4138110_HNSCC_1_PBMC_CTGCCTATCACGACTA	33.00058343905603	28.27332969718538	25.564509388401948	46.348595059655196	0.0	0.0	0.0	52.08845454098746	0.0	11.844086513061649	0.0	7.480393026927665	0.0	0.0	0.0	0.0
GSM4138110_HNSCC_1_PBMC_CTGGTCTTCGAGAACG	45.27020638333134	0.0	0.0	0.0	0.0	0.0	29.917503587229678	0.0	8.167276031349843	24.87296984160249	0.0	0.0	0.0	36.427248656618005	0.0	0.0
GSM4138110_HNSCC_1_PBMC_CTGTTTAAGTGGAGTC	59.350904514599016	0.0	0.0	43.83513993742654	0.0	0.0	0.0	0.0	0.0	41.81310760602199	0.0	0.0	0.0	30.14529264189208	0.0	0.0
GSM4138110_HNSCC_1_PBMC_GAACATCTCCCTAATT	130.717251961212	87.86046293845165	0.0	127.52412881707279	0.0	0.0	0.0	0.0	0.0	0.0	0.0	0.0	0.0	0.0	0.0	0.0
GSM4138110_HNSCC_1_PBMC_GAACCTATCTGAGGGA	29.746324557250006	67.43008882021036	17.77208374653944	0.0	0.0	60.245002934506616	0.0	0.0	0.0	0.0	0.0	0.0	0.0	0.0	0.0	0.0
GSM4138110_HNSCC_1_PBMC_GAATGAATCAGTTAGC	75.43732192631866	41.814274838504396	0.0	0.0	32.475019052470124	0.0	0.0	0.0	0.0	0.0	18.340797716708302	0.0	0.0	0.0	0.0	0.0
GSM4138110_HNSCC_1_PBMC_GATCGATAGTACACCT	0.0	56.211464191475685	66.1645986833009	0.0	58.09591398520345	7.956274738136712	0.2332291955598984	0.0	0.0	0.0	0.0	0.0	0.0	0.0	0.0	0.0
GSM4138110_HNSCC_1_PBMC_GATCGATTCAGCATGT	83.63623819052529	88.48396766700012	0.0	36.89656874578764	0.0	0.0	0.0	0.0	0.0	84.08670529548769	0.0	0.0	0.0	0.0	0.0	0.0
GSM4138110_HNSCC_1_PBMC_GATGAAATCCAAGCCG	101.18172551614771	64.95548878836183	0.0	0.0	0.0	48.5723932209917	0.0	0.0	0.0	0.0	10.223640572523076	0.0	0.0	0.0	0.0	0.0
GSM4138110_HNSCC_1_PBMC_GCACATAAGGTGTGGT	71.68428503478854	54.48160177381793	0.0	0.0	31.525944134094892	0.0	52.14245080130861	0.0	0.0	0.0	0.0	0.0	0.0	0.0	0.0	0.0
GSM4138110_HNSCC_1_PBMC_GCACTCTGTACAGTGG	23.636480930727252	0.0	21.95260286039485	2.1121908376881	57.23437851597202	0.0	0.0	0.0	140.1367862381735	0.0	0.0	32.113473937423606	0.0	0.0	0.0	0.0
GSM4138110_HNSCC_1_PBMC_GCCTCTAAGTTAAGTG	44.80547929743219	53.32180191435757	0.0	0.0	53.831168899210006	0.0	0.0	0.0	0.0	0.0	0.0	0.0	0.0	0.0	0.0	0.0
GSM4138110_HNSCC_1_PBMC_GCCTCTAGTTGAACTC	57.77093855637542	18.810447454668456	0.0	64.06142353683389	0.0	0.0	0.0	0.0	0.0	0.0	15.380234877094807	0.0	0.0	21.255106128392907	0.0	0.0
GSM4138110_HNSCC_1_PBMC_GCGAGAAAGTGACATA	62.177517335528	80.5345472556223	0.0	0.0	161.85196281025824	0.0	0.0	0.0	0.0	0.0	0.0	0.0	0.0	0.0	0.0	0.0
GSM4138110_HNSCC_1_PBMC_GCTGCAGGTCCTCTTG	0.0	0.0	71.83237675862374	73.4011434490785	0.0	0.0	0.0	0.0	0.0	0.0	38.87318276655528	6.05458300457214	0.0	0.0	30.033526626285575	0.0
GSM4138110_HNSCC_1_PBMC_GGAAAGCAGTCAATAG	24.535084943951446	0.0	42.55884025871624	93.32157102077404	0.0	0.0	0.0	89.57638788645892	0.0	0.0	0.0	0.0	0.0	0.0	0.0	0.0
GSM4138110_HNSCC_1_PBMC_GGAACTTGTTTACTCT	44.15543610859141	0.0	0.0	66.87866575994941	0.0	0.0	0.0	0.0	45.80255132035688	1.9499649998679327	0.0	0.0	0.0	0.0	0.0	0.0
GSM4138110_HNSCC_1_PBMC_GGCAATTGTCCTCTTG	108.71826024938474	53.97694894350934	0.0	0.0	4.293963562978045	17.643104337653003	0.0	0.0	0.0	0.0	0.0	0.0	0.0	0.0	0.0	0.0
GSM4138110_HNSCC_1_PBMC_GGGACCTAGGCCCTTG	7.140456314689264	0.0	71.47966768700863	47.832102774861845	0.0	0.0	0.0	0.0	0.0	0.0	0.0	0.0	0.0	50.35420775799057	0.0	0.0
GSM4138110_HNSCC_1_PBMC_GGGACCTTCGTCCAGG	45.82190678913297	78.21146438464051	0.0	32.895242086351196	0.0	0.0	0.0	0.0	0.0	18.55261165722195	0.0	0.0	0.0	0.0	0.0	0.0
GSM4138110_HNSCC_1_PBMC_GGGATGACAATGGTCT	36.94217849178102	68.34427883339264	0.0	87.19236089085379	0.0	0.0	0.0	0.0	0.0	0.0	0.0	0.0	0.0	0.0	0.0	0.0
GSM4138110_HNSCC_1_PBMC_GGGCACTGTCTAGGTT	85.44544949015432	46.708964092902065	0.0	106.94931963317269	0.0	0.0	0.0	37.50606161304366	0.0	0.0	0.0	0.0	0.0	0.0	0.0	0.0
GSM4138110_HNSCC_1_PBMC_GGTATTGTCCTTCAAT	65.2114134399037	35.10332737156297	0.0	0.0	85.93120964227201	0.0	0.0	0.0	0.0	0.0	0.0	0.0	0.0	0.0	11.27221041740635	0.0
GSM4138110_HNSCC_1_PBMC_GGTGTTACAATCCAAC	73.28171022754749	42.175650498008395	0.0	36.189711007625746	6.315171552944342	23.926582457747124	0.0	0.0	0.0	0.0	0.0	0.0	0.0	0.0	0.0	0.0
GSM4138110_HNSCC_1_PBMC_GGTGTTACAGCCACCA	0.0	70.75815010569664	52.06910228757033	71.52999953703454	0.0	0.0	0.0	0.0	0.0	0.0	0.0	0.0	0.0	0.0	0.0	0.0
GSM4138110_HNSCC_1_PBMC_GTAACGTTCGTATCAG	0.0	135.60721859380465	106.66528343415219	90.31246459985029	0.0	0.0	16.35297952978728	0.0	0.0	0.0	0.0	0.0	0.0	0.0	0.0	0.0
GSM4138110_HNSCC_1_PBMC_GTATTCTTCTTCCTTC	70.32654305993073	67.40203232225682	0.0	0.0	76.9615479594981	0.0	0.0	0.0	0.0	0.0	0.0	0.0	0.0	0.0	0.0	0.0
GSM4138110_HNSCC_1_PBMC_GTCAAGTGTGGGTATG	69.0299688360666	0.0	0.0	0.0	88.6587244739298	0.0	0.0	0.0	51.754714028458075	0.0	0.0	0.0	0.0	0.0	0.0	0.0
GSM4138110_HNSCC_1_PBMC_GTCACGGGTGCAACGA	136.72485466455313	0.0	0.0	0.0	126.488423580577	618.2589305174647	0.0	144.6855573687456	0.0	0.0	0.0	0.0	0.0	0.0	0.0	0.0
GSM4138110_HNSCC_1_PBMC_GTGCGGTCAAGGTGTG	65.67249546462695	78.3981874180128	0.0	106.63434690800369	0.0	0.0	0.0	0.0	0.0	0.0	0.0	0.0	0.0	0.0	0.0	0.0
GSM4138110_HNSCC_1_PBMC_GTGTGCGAGGAGCGAG	33.194734416924625	140.01648582446677	0.0	0.0	52.34668833136273	0.0	0.0	0.0	0.0	0.0	0.0	0.0	0.0	0.0	0.0	0.0
GSM4138110_HNSCC_1_PBMC_GTGTGCGCAAGTCATC	75.82444631048311	0.0	0.0	0.0	0.0	0.0	0.0	0.0	46.95445627247262	118.30501006895572	0.0	0.0	0.0	8.967156694537538	0.0	0.0
GSM4138110_HNSCC_1_PBMC_TAAACCGTCATCTGTT	55.06764889170229	56.7205433478825	0.0	0.0	0.0	93.21019248064005	0.0	0.0	0.0	0.0	0.0	0.0	0.0	0.0	0.0	0.0
GSM4138110_HNSCC_1_PBMC_TAAGCGTCAATGGATA	0.0	0.0	68.89903838265225	0.0	0.0	72.81767423381037	0.0	45.2861312024782	0.0	0.0	0.0	25.295167581267737	12.829884697205346	0.0	0.0	0.0
GSM4138110_HNSCC_1_PBMC_TACACGATCCTGCCAT	81.99576800034566	87.51658153506332	0.0	0.0	0.0	44.63791070393381	60.13253693643178	0.0	0.0	0.0	0.0	0.0	0.0	0.0	0.0	0.0
GSM4138110_HNSCC_1_PBMC_TACCTTAAGGCTAGAC	0.0	39.52946875597408	85.30337400486142	69.41172298678867	0.0	0.0	0.0	0.0	0.0	4.63858267088122	23.070118272965356	0.0	0.0	0.0	0.0	0.0
GSM4138110_HNSCC_1_PBMC_TACGGATCAGGGTATG	67.65477275275802	68.55280743944856	0.0	0.0	0.0	0.0	0.0	0.0	0.0	79.32758347006522	0.0	0.0	0.0	0.0	0.0	0.0
GSM4138110_HNSCC_1_PBMC_TAGAGCTCAGATGGCA	58.194159576565916	0.0	0.0	0.0	32.19278184819732	0.0	42.64184278499865	0.0	0.0	0.0	0.0	51.17551065090677	0.0	0.0	0.0	0.0
GSM4138110_HNSCC_1_PBMC_TAGCCGGAGAAGGCCT	52.16179831673652	0.0	0.0	46.745600361486076	0.0	0.0	2.8285676271643836	68.61603008439386	0.0	33.9105066101906	0.0	0.0	0.0	0.0	0.0	0.0
GSM4138110_HNSCC_1_PBMC_TATCTCAAGGTGCACA	14.881397683282401	0.0	64.08420631723206	14.577517164891084	0.0	0.0	30.548302795973065	33.6632197210167	0.0	0.0	0.0	0.0	0.0	0.0	0.0	0.0
GSM4138110_HNSCC_1_PBMC_TCACAAGGTTCATGGT	0.0	68.81959371158419	37.06241011933099	0.0	0.0	52.29007697168277	0.0	0.0	0.0	0.0	0.0	0.0	0.0	0.0	0.0	0.0
GSM4138110_HNSCC_1_PBMC_TCACAAGTCTTGACGA	351.40866295708264	229.1282784297823	219.6503553686785	0.0	216.49746246692314	0.0	0.0	0.0	0.0	0.0	0.0	0.0	0.0	0.0	0.0	0.0
GSM4138110_HNSCC_1_PBMC_TCGAGGCTCGGAAATA	52.30503811785323	88.53274762479826	13.697600724150497	7.154682046891332	0.0	89.85918699091347	0.0	0.0	0.0	0.0	0.0	0.0	0.0	0.0	0.0	0.0
GSM4138110_HNSCC_1_PBMC_TCTATTGGTTTAGGAA	73.74935349821986	56.05817471471661	0.0	0.0	22.412829428741016	49.69544820493646	0.0	0.0	0.0	0.0	0.0	0.0	0.0	0.0	0.0	0.0
GSM4138110_HNSCC_1_PBMC_TCTATTGTCATCTGCC	51.821814812608835	28.45778915781516	0.0	0.0	20.092233947706937	0.0	7.371875948173757	0.0	0.0	0.0	0.0	0.0	0.0	0.0	0.0	0.0
GSM4138110_HNSCC_1_PBMC_TCTTCGGCACCCTATC	0.0	0.0	79.11892953093196	100.71308046102199	0.0	0.0	0.0	41.04361311604186	0.0	0.0	0.0	0.0	19.28518432381642	0.0	0.0	0.0
GSM4138110_HNSCC_1_PBMC_TGGGCGTTCACAGGCC	278.4806857205782	0.0	0.0	0.0	347.0186863995439	206.8802710459323	0.0	0.0	0.0	0.0	0.0	206.4797093903277	0.0	0.0	0.0	0.0
GSM4138110_HNSCC_1_PBMC_TGTGTTTGTTAAAGAC	117.15641181377583	117.32009489383702	0.0	0.0	0.0	145.24555733842055	0.0	0.0	0.0	0.0	0.0	0.0	0.0	0.0	0.0	0.0
GSM4138110_HNSCC_1_PBMC_TGTTCCGCACGGCGTT	326.4922498148652	0.0	0.0	177.59689721531913	0.0	0.0	0.0	0.0	0.0	0.0	0.0	0.0	0.0	220.1042282667164	0.0	0.0
GSM4138110_HNSCC_1_PBMC_TTAGGCAAGGCTAGCA	86.14421036057627	0.0	0.0	28.393780001626073	0.0	0.0	0.0	55.56054738989733	0.0	47.06798992328733	0.0	0.0	0.0	0.0	0.0	0.0
GSM4138110_HNSCC_1_PBMC_TTCCCAGCACATGGGA	0.0	0.0	124.01100698156982	0.0	74.51177634385148	0.0	0.0	44.58742114749431	0.0	0.0	0.0	0.0	0.0	0.0	0.0	0.0
GSM4138110_HNSCC_1_PBMC_TTCGGTCAGACCCACC	0.0	66.02806453438207	40.86281379800736	0.0	37.18074742830703	10.194315875126305	0.0	0.0	0.0	0.0	0.0	0.0	0.0	0.0	0.0	0.0
GSM4138110_HNSCC_1_PBMC_TTCTCCTTCCTCAATT	105.37472044651375	41.769747181291116	0.0	0.0	90.12313149350405	0.0	0.0	0.0	0.0	0.0	0.0	0.0	0.0	0.0	0.0	0.0
GSM4138110_HNSCC_1_PBMC_TTGAACGGTCGAAAGC	54.53571024897537	56.105740185593206	0.0	59.700228889785514	0.0	0.0	0.0	0.0	0.0	0.0	0.0	0.0	0.0	0.0	0.0	0.0
GSM4138110_HNSCC_1_PBMC_TTGCCGTAGTCAAGCG	69.61984865583983	40.96134946341131	0.0	0.0	33.3733023526726	37.40962539998542	0.0	0.0	52.418067649363124	0.0	0.0	0.0	0.0	0.0	0.0	0.0
GSM4138110_HNSCC_1_PBMC_TTGCGTCTCAAGGCTT	0.0	0.0	94.41540539574403	89.65289227575195	0.0	0.0	0.0	0.0	0.0	0.0	59.11697219752606	0.0	0.0	0.0	0.0	0.0
GSM4138110_HNSCC_1_PBMC_TTTATGCGTGCATCTA	17.78732928597061	4.539051133222455	35.522455272495534	68.67435686692181	0.0	0.0	0.0	32.28870230414382	0.0	0.0	0.0	0.0	0.0	0.0	0.0	0.0
GSM4138110_HNSCC_1_PBMC_TTTGCGCTCTTGTACT	0.0	71.61165499778062	78.30583897444414	0.0	0.0	0.0	38.23216886323754	12.05434793331557	0.0	0.0	0.0	0.0	0.0	0.0	0.0	0.0
GSM4138110_HNSCC_1_PBMC_TTTGGTTCACTTCTGC	0.0	0.0	108.13836590966022	0.0	0.0	146.44303568801408	0.0	79.75359335126316	0.0	0.0	0.0	0.0	0.0	0.0	0.0	0.0
GSM4138110_HNSCC_1_PBMC_CTACACCAGTTGTAGA	0.0	0.0	124.71415014380628	107.60336799349624	0.0	0.0	0.0	0.0	0.0	0.0	0.0	0.0	0.0	152.89476043455468	0.0	0.0
GSM4138110_HNSCC_1_PBMC_AACTGGTGTCAGAATA	35.312577515655526	53.01134875586943	0.0	81.17306241732612	0.0	0.0	0.0	0.0	0.0	0.0	0.0	0.0	0.0	0.0	0.0	0.0
GSM4138110_HNSCC_1_PBMC_AAACGGGTCCTCAACC	0.0	0.0	74.40942795721963	5.678141991716179	0.0	0.0	0.0	0.0	0.0	57.546738482852334	12.645663742472573	0.0	0.0	0.0	36.513767967812875	0.0
GSM4138110_HNSCC_1_PBMC_AAGGCAGAGGCGTACA	101.17900120295145	56.89786874107173	0.0	76.94361702952288	0.0	0.0	0.0	0.0	0.0	1.9703618768444817	0.0	0.0	0.0	0.0	0.0	0.0
GSM4138110_HNSCC_1_PBMC_ACATGGTCAATGGAGC	0.0	55.153582103729	66.53579925567561	0.0	0.0	0.0	86.51903642408574	0.0	0.0	15.09520107927933	0.0	0.0	0.0	0.0	0.0	0.0
GSM4138110_HNSCC_1_PBMC_ACGATGTGTTATCACG	30.736189098072245	49.756843258907494	55.86244976448122	0.0	0.0	53.58190615602686	0.0	0.0	0.0	0.0	0.0	0.0	0.0	0.0	0.0	0.0
GSM4138110_HNSCC_1_PBMC_ACGGCCATCTCCCTGA	122.9753853879642	100.6461061338128	0.0	0.0	2.472233097264511	88.17125040655542	0.0	0.0	0.0	0.0	0.0	0.0	0.0	0.0	0.0	0.0
GSM4138110_HNSCC_1_PBMC_AGCTCTCTCATTGCCC	103.15922369410998	101.58861740841961	0.0	130.46014102520647	0.0	0.0	0.0	0.0	0.0	0.0	0.0	0.0	0.0	0.0	0.0	0.0
GSM4138110_HNSCC_1_PBMC_AGGTCATTCTCTAGGA	67.40124303503133	48.76227574160891	0.0	0.0	0.0	85.43584419931919	0.0	17.53859415995642	0.0	0.0	0.057407030253703535	0.0	0.0	0.0	0.0	0.0
GSM4138110_HNSCC_1_PBMC_ATAGACCTCTGGTGTA	5.8134789293360605	0.0	53.91925366074587	0.0	0.0	58.48744717540079	0.0	0.0	0.0	0.0	121.52334685662284	0.0	0.0	0.0	0.0	0.0
GSM4138110_HNSCC_1_PBMC_ATAGACCTCTTCCTTC	62.654100575309364	37.528557692534335	0.0	0.0	0.0	39.73734228026469	0.0	0.0	0.0	0.0	0.0	0.0	0.0	0.0	0.0	0.0
GSM4138110_HNSCC_1_PBMC_ATCTACTCACTGTGTA	44.995242544137135	83.86357073299222	0.0	0.0	82.00402982079605	0.0	0.0	0.0	0.0	0.0	0.0	0.0	0.0	0.0	0.0	0.0
GSM4138110_HNSCC_1_PBMC_ATCTGCCAGGAATCGC	53.75883178610451	22.923694175282417	0.0	0.0	84.62502529574151	0.0	0.0	40.658439685987545	0.0	0.0	0.0	0.0	0.0	0.0	0.0	0.0
GSM4138110_HNSCC_1_PBMC_ATGGGAGCATGGGAAC	117.1730094908003	0.0	0.0	0.0	266.6758945059458	0.0	0.0	66.64610205517286	0.0	0.0	0.0	80.14601945721844	0.0	0.0	0.0	0.0
GSM4138110_HNSCC_1_PBMC_ATGTGTGGTAGCTGCC	35.56855008912846	0.0	11.471145508192953	0.0	9.062970843719809	17.930020394636255	0.0	0.0	125.82363843103	0.0	0.0	0.0	0.0	0.0	0.0	0.0
GSM4138110_HNSCC_1_PBMC_CACAAACCATCCCACT	97.44684606272305	0.0	0.0	0.0	22.985009462564182	49.55271475201415	0.0	0.0	61.499988788053486	0.0	0.0	1.3961430084641289	0.0	0.0	0.0	0.0
GSM4138110_HNSCC_1_PBMC_CACCACTAGTTACCCA	0.0	0.0	107.5616529165733	83.34700109327319	0.0	0.0	0.0	0.0	34.06312488080855	0.0	0.0	12.557014735992079	0.0	27.754234142062884	0.0	0.0
GSM4138110_HNSCC_1_PBMC_CATGCCTTCAGCTCTC	72.50069913092433	80.79394908385227	0.0	0.0	87.75125053642181	0.0	10.151079690930723	0.0	0.0	8.466123426624296	0.0	0.0	0.0	0.0	0.0	0.0
GSM4138110_HNSCC_1_PBMC_CATGGCGCATGTTCCC	0.0	0.0	76.27227091290258	0.0	0.0	55.64124135484568	0.0	0.0	0.0	0.0	44.1679783611107	0.0	73.04719523254056	0.0	0.0	0.0
GSM4138110_HNSCC_1_PBMC_CCACCTAGTAGTACCT	68.37032986562672	0.0	1.7002494525660967	0.0	116.86366006564991	0.0	0.0	47.40109116637889	0.0	0.0	0.0	0.0	0.0	0.0	0.0	0.0
GSM4138110_HNSCC_1_PBMC_CCGTTCAGTATATCCG	76.23518263939899	89.53262727360247	0.0	15.270628028969556	0.0	0.0	0.0	0.0	0.0	54.664952320591986	0.0	0.0	0.0	0.0	0.0	0.0
GSM4138110_HNSCC_1_PBMC_CCTACACGTCCGAAGA	0.0	0.0	56.21657087022872	0.0	69.94321233011354	8.26569018928146	0.0	0.0	42.620787504650586	0.0	0.0	0.0	0.0	0.0	0.0	0.0
GSM4138110_HNSCC_1_PBMC_CCTCTGAGTCGCGAAA	73.23973131168223	16.157908488186717	31.512924435117885	0.0	12.107489258229263	0.0	95.78517934533762	53.86656400807509	0.0	0.0	0.0	0.0	0.0	0.0	26.47057014108928	0.0
GSM4138110_HNSCC_1_PBMC_CGCTGGAAGGCATGTG	3.154064890309902	82.75746421380092	84.40990340700839	65.66733814861597	0.0	1.8834317888392766	0.0	0.0	0.0	0.0	0.0	0.0	0.0	0.0	0.0	0.0
GSM4138110_HNSCC_1_PBMC_CGGAGTCTCACAATGC	15.636837872478823	0.0	0.0	83.54949819915635	0.3376141957465488	0.0	0.0	73.01160156222151	0.0	0.0	0.0	0.0	0.0	0.0	0.0	0.0
GSM4138110_HNSCC_1_PBMC_CGGCTAGAGCTACCGC	0.0	0.0	79.77807368975598	0.0	57.04439629313887	6.949859941438716	0.0	16.415960471589823	0.0	0.0	74.64477199523371	0.0	0.0	0.0	0.0	0.0
GSM4138110_HNSCC_1_PBMC_CGTTGGGCAAGCCGCT	0.0	0.0	65.68972575240109	0.0	14.103116781124784	19.50610724805328	25.130391402185367	50.845933481425284	0.0	0.0	0.0	0.0	0.0	0.0	0.0	0.0
GSM4138110_HNSCC_1_PBMC_CTCAGAAGTCCGACGT	51.16870118239938	0.0	0.0	0.0	76.0232459805748	0.0	0.0	0.0	0.0	0.0	0.0	70.0515850564535	0.0	0.0	0.0	0.0
GSM4138110_HNSCC_1_PBMC_CTCGTACCACGCGAAA	0.0	48.26652158597528	87.2272335956958	0.0	0.0	62.873754195087095	0.0	0.0	0.0	0.0	0.0	0.0	0.0	0.0	0.0	0.0
GSM4138110_HNSCC_1_PBMC_GAAATGAAGAGCCTAG	0.0	0.0	162.92578674195175	0.0	5.280399971625155	121.43726316411146	0.0	0.0	0.0	0.0	38.31582985468442	0.0	0.0	0.0	40.807144371960554	0.0
GSM4138110_HNSCC_1_PBMC_GACGTTATCTAACCGA	65.89872888514653	58.22030181597191	0.0	0.0	74.06665762885095	0.0	0.0	0.0	0.0	0.0	0.0	0.0	0.0	0.0	0.0	0.0
GSM4138110_HNSCC_1_PBMC_GACTGCGTCGGCATCG	105.95976902906428	73.44252764501036	0.0	0.0	0.0	0.0	0.0	0.0	0.0	59.58703727438755	0.0	0.0	0.0	0.0	0.0	0.0
GSM4138110_HNSCC_1_PBMC_GATGAGGAGGCTAGCA	0.0	0.0	56.099235869078434	0.0	0.0	0.0	0.0	0.0	0.0	57.48704072362079	0.0	0.0	0.0	79.11573807012941	0.0	0.0
GSM4138110_HNSCC_1_PBMC_GATTCAGCACCACGTG	61.06625204069741	0.0	25.662326767826972	0.0	0.0	0.0	32.22014111046352	0.0	0.0	0.0	0.0	70.48149290929265	0.0	0.0	0.0	0.0
GSM4138110_HNSCC_1_PBMC_GCAATCAGTAGCTCCG	33.92961359300897	26.75757568287615	0.5691363180401885	0.0	51.26483224648019	0.0	0.0	0.0	0.0	0.0	0.0	29.611894802219663	0.0	0.0	0.0	0.0
GSM4138110_HNSCC_1_PBMC_GCGACCAGTAGCCTAT	0.0	0.0	171.67740700715444	0.0	95.1910325050742	0.0	0.0	0.0	0.0	0.0	0.0	12.912169703572781	0.0	0.0	38.83380918138414	0.0
GSM4138110_HNSCC_1_PBMC_GCTTCCATCTCATTCA	51.0600261778451	62.768603497209256	0.0	0.0	0.0	0.0	0.0	0.0	0.0	98.81485718163428	0.0	0.0	0.0	0.0	0.0	0.0
GSM4138110_HNSCC_1_PBMC_GCTTGAAAGACCTTTG	0.0	0.0	64.86755445095983	47.42489549444125	0.0	0.0	0.0	0.0	0.0	0.0	0.0	0.0	52.90215486463522	0.0	0.0	0.0
GSM4138110_HNSCC_1_PBMC_GGACAAGGTAATTGGA	0.0	0.0	138.8263695316579	0.0	21.367738922631993	34.30746284328278	0.0	0.0	65.93780747756794	0.0	0.0	0.0	0.0	0.0	0.0	0.0
GSM4138110_HNSCC_1_PBMC_GGCGTGTAGCACGCCT	42.62811794423998	43.761271830462206	0.0	12.337045005972323	0.0	14.593193922214706	28.669825244492042	0.0	0.0	0.9314358829962787	0.0	0.0	0.0	0.0	0.0	0.0
GSM4138110_HNSCC_1_PBMC_GGCGTGTAGCGTTTAC	1.2480820251839893	34.9800701729721	66.32009523513523	46.2858922874031	0.0	0.0	0.0	0.0	0.0	0.0	0.0	0.0	0.0	0.0	0.0	0.0
GSM4138110_HNSCC_1_PBMC_GGCTGGTCAATGGACG	73.59389217952847	0.0	42.23250835222246	0.0	0.0	56.79970933212439	0.0	0.0	125.19215272959387	0.0	0.0	0.0	0.0	0.0	0.0	0.0
GSM4138110_HNSCC_1_PBMC_GGGAATGTCAGCTGGC	0.0	0.0	65.50514348813023	0.0	109.08193906652788	0.0	0.0	81.80406802999698	0.0	0.0	0.0	0.0	0.0	0.0	0.0	0.0
GSM4138110_HNSCC_1_PBMC_GGGTTGCAGATCGGGT	40.25753495748504	58.43108500636751	0.0	0.0	67.4851643220113	14.240119508730144	0.0	0.0	0.0	0.0	0.0	0.0	0.0	0.0	0.0	0.0
GSM4138110_HNSCC_1_PBMC_GGTATTGCACATTAGC	42.43745550594064	64.53564645902813	0.0	0.0	25.346387755163626	0.0	0.0	0.0	0.0	0.0	0.0	0.0	0.0	0.0	0.0	0.0
GSM4138110_HNSCC_1_PBMC_GGTGTTAGTGTGACCC	51.454226921065235	76.98550028997741	0.0	0.0	0.0	49.90823300759264	0.0	0.0	0.0	0.0	0.0	0.0	0.0	0.0	0.0	0.0
GSM4138110_HNSCC_1_PBMC_GTCACAAGTATCACCA	47.394749326014185	73.28823946037723	7.618604015702704	0.0	0.0	88.02454338319173	0.0	0.0	0.0	0.0	0.0	0.0	0.0	0.0	0.0	0.0
GSM4138110_HNSCC_1_PBMC_GTCACAATCGCAAGCC	40.98662443987314	77.53807743019752	0.0	19.573024330325644	0.0	0.0	0.0	0.0	0.0	37.32485714039583	0.0	0.0	0.0	0.0	0.0	0.0
GSM4138110_HNSCC_1_PBMC_GTCACGGCAAGCTGGA	23.21083497320909	0.0	20.317607864642646	0.0	0.0	0.0	42.40800594327775	0.0	84.90187818444532	0.0	0.0	65.20530427442823	0.0	0.0	0.0	0.0
GSM4138110_HNSCC_1_PBMC_GTCGTAAAGGCATGTG	148.65047347228338	89.94988366307494	7.86863013533388	198.0676111264656	0.0	0.0	0.0	0.0	0.0	0.0	0.0	0.0	0.0	0.0	0.0	0.0
GSM4138110_HNSCC_1_PBMC_GTCGTAATCTTGCAAG	44.19788528904199	0.0	0.0	0.0	4.255862659049501	50.96011640959059	0.0	0.0	53.920930251893495	0.0	0.0	0.0	0.0	0.0	0.0	0.0
GSM4138110_HNSCC_1_PBMC_GTCTCGTCATGCGCAC	2.060624871700481	30.1534027038193	34.73636592812583	0.0	31.77166712178828	40.045199109920546	0.0	0.0	38.90687042735525	0.0	0.0	0.0	0.0	0.0	11.412549233943198	0.0
GSM4138110_HNSCC_1_PBMC_GTGAAGGCACATTTCT	62.66082477737965	67.8373579843608	0.0	0.0	17.644039771548115	0.0	98.10242036392977	0.0	0.0	0.0	0.0	0.0	0.0	0.0	0.0	0.0
GSM4138110_HNSCC_1_PBMC_GTGCAGCAGACCGGAT	108.96458360286631	81.73598152959707	0.0	0.0	94.39833058236592	0.0	0.0	21.17054329978844	0.0	0.0	0.0	0.0	0.0	0.0	0.0	0.0
GSM4138110_HNSCC_1_PBMC_GTTAAGCTCATACGGT	51.067948813414915	65.95017088620948	22.441389839271004	0.0	0.0	0.0	0.0	0.0	0.0	44.82619049009086	0.0	0.0	0.0	0.0	0.0	0.0
GSM4138110_HNSCC_1_PBMC_TAAACCGAGGGTCGAT	54.3265854969515	65.6215077311146	0.0	74.02115186391279	0.0	0.0	0.0	0.0	0.0	0.0	0.0	0.0	0.0	0.0	0.0	0.0
GSM4138110_HNSCC_1_PBMC_TACCTTAAGGCTCTTA	100.81145699296619	0.0	6.7821244622452	0.0	0.0	74.02154448163037	18.157772282170868	58.893815999059335	0.0	0.0	0.0	0.0	0.0	0.0	0.0	0.0
GSM4138110_HNSCC_1_PBMC_TAGAGCTTCGTTGCCT	0.0	0.0	129.13646400542862	0.0	123.06360631961806	0.0	21.12229573954218	89.89878865606056	0.0	0.0	0.0	0.0	0.0	0.0	0.0	0.0
GSM4138110_HNSCC_1_PBMC_TAGGCATTCCCAGGTG	0.0	0.0	52.45836703559932	39.684873206582914	0.0	0.0	0.0	45.396412877534694	0.0	0.0	0.0	0.0	54.701373824762754	0.0	0.0	0.0
GSM4138110_HNSCC_1_PBMC_TCACAAGCACATCCGG	55.65226608832554	87.95268916358596	0.0	0.0	0.0	0.0	51.57996759478317	0.0	0.0	0.0	0.0	0.0	0.0	0.0	0.0	0.0
GSM4138110_HNSCC_1_PBMC_TCAGCTCCATGACGGA	0.0	37.19266251173846	100.98091334705255	0.0	0.0	0.0	35.71554924562119	0.0	0.0	0.0	0.0	0.0	0.0	0.0	0.0	0.0
GSM4138110_HNSCC_1_PBMC_TCGAGGCTCCAGGGCT	72.86394671104233	0.0	0.0	0.0	0.0	0.0	59.61148491355297	44.47239278446447	0.0	0.0	0.0	0.0	0.0	0.0	0.0	0.0
GSM4138110_HNSCC_1_PBMC_TCTATTGCAGTCAGCC	95.6453083885533	0.0	0.0	0.0	0.0	64.82475369803113	0.0	73.01832647658287	0.0	0.0	0.0	0.0	0.0	0.0	0.0	0.0
GSM4138110_HNSCC_1_PBMC_TCTCTAAGTGGTAACG	70.21855454738262	33.26403140869199	30.819448105518806	24.039815346303033	0.0	0.0	0.0	108.23495809499858	0.0	79.23762006634762	0.0	0.0	0.0	0.0	0.0	0.0
GSM4138110_HNSCC_1_PBMC_TCTGAGATCTAGCACA	84.52511422177146	57.75955786083441	0.0	44.69238306757629	0.0	2.5526977493218577	0.0	0.0	0.0	0.0	0.0	0.0	0.0	0.0	0.0	0.0
GSM4138110_HNSCC_1_PBMC_TCTTTCCCACTGAAGG	0.0	0.0	95.38241753384588	0.0	113.66721039983163	0.0	0.0	124.83423453368167	0.0	0.0	0.0	0.0	0.0	0.0	0.0	0.0
GSM4138110_HNSCC_1_PBMC_TGACAACGTCATCCCT	0.0	102.44991017267563	73.56085766320415	116.56547274486482	0.0	0.0	0.0	0.0	0.0	0.02116807637496188	0.0	0.0	0.0	0.0	0.0	0.0
GSM4138110_HNSCC_1_PBMC_TGAGCCGAGATGAGAG	72.67413509065393	65.44870679433845	0.0	58.492339218871265	0.0	0.0	0.0	0.0	0.0	0.0	0.0	0.0	0.0	0.0	0.0	7.232862217582614
GSM4138110_HNSCC_1_PBMC_TGCGGGTTCTGATTCT	62.45981303429539	0.0	0.0	0.0	0.0	0.0	66.7833494551318	35.092724671954045	0.0	0.0	0.0	0.0	0.0	0.0	0.0	0.0
GSM4138110_HNSCC_1_PBMC_TGGCTGGGTTCCAACA	61.00663322513723	79.84870809465798	12.211013723646783	17.021951934485724	0.0	71.81532545281138	0.0	0.0	0.0	0.0	0.0	0.0	0.0	0.0	0.0	0.0
GSM4138110_HNSCC_1_PBMC_TGTATTCGTGGCTCCA	87.73964891237235	0.0	0.0	0.0	83.65262665371493	0.0	0.0	0.0	0.0	0.0	0.0	169.64347700975173	0.0	0.0	0.0	0.0
GSM4138110_HNSCC_1_PBMC_TGTGGTAAGTATGACA	48.61548027043041	74.30136040937772	17.99372455441685	0.0	66.59580081754538	0.0	0.0	0.0	0.0	0.0	0.0	0.0	0.0	0.0	0.0	0.0
GSM4138110_HNSCC_1_PBMC_TTCCCAGGTCACTGGC	56.00740381175364	0.0	0.0	36.95383024609042	0.0	0.0	0.0	0.0	0.0	1.0609883496447523	22.885158220015537	40.10782611285284	0.0	0.0	0.0	0.0
GSM4138110_HNSCC_1_PBMC_TTCGGTCCACCTCGGA	66.46732072565638	0.0	0.0	68.3148986119792	0.0	0.0	0.0	0.0	0.0	0.0	47.35293420852906	0.0	0.0	0.0	0.0	0.0
GSM4138110_HNSCC_1_PBMC_TTCTACATCCTTCAAT	0.0	70.17202311322994	52.75459389552227	0.0	0.0	0.0	64.18857013470502	0.0	0.0	0.0	0.0	0.0	0.0	0.0	0.0	0.0
GSM4138110_HNSCC_1_PBMC_AAAGTAGTCGGCATCG	228.52913612647455	247.83086841861493	0.0	88.13096804319932	0.0	153.2107321238862	0.0	0.0	0.0	0.0	0.0	0.0	0.0	0.0	0.0	0.0
GSM4138110_HNSCC_1_PBMC_ACACTGATCGTACCGG	134.76501521599775	127.45924427759408	41.184416553552666	107.73314412023679	0.0	0.0	0.0	0.0	0.0	0.0	0.0	0.0	0.0	0.0	0.0	0.0
GSM4138110_HNSCC_1_PBMC_ACAGCTATCAGCACAT	74.0214447837434	237.62556054256862	114.8903148822629	0.0	115.2878317920417	0.0	64.06099472580097	0.0	0.0	0.0	0.0	0.0	0.0	0.0	0.0	0.0
GSM4138110_HNSCC_1_PBMC_ACTGAACGTTATTCTC	166.3121932394594	0.0	14.718030708492556	157.21863637762596	0.0	0.0	0.0	0.0	30.978040191822327	0.0	190.27812290010263	0.0	0.0	0.0	0.0	0.0
GSM4138110_HNSCC_1_PBMC_ACTGAGTTCAGGTAAA	159.33788951248627	186.3820039097448	0.0	135.12164121853016	0.0	0.0	0.0	0.0	0.0	0.0	0.0	0.0	0.0	0.0	0.0	0.0
GSM4138110_HNSCC_1_PBMC_ACTGCTCCAACCGCCA	166.86113043990062	152.0349870143612	0.0	131.78112638326434	0.0	0.0	0.0	0.0	0.0	0.0	0.0	0.0	0.0	0.0	0.0	0.0
GSM4138110_HNSCC_1_PBMC_ACTTACTAGTGGAGAA	234.22865888768138	254.62222699709832	11.528729153382198	0.0	0.0	231.13006621256076	0.0	0.0	0.0	0.0	0.0	0.0	0.0	0.0	0.0	0.0
GSM4138110_HNSCC_1_PBMC_ACTTGTTCAGTTCATG	353.49512411108924	310.4976729234959	0.0	26.373473752737844	233.59019428906075	0.0	0.0	0.0	0.0	0.0	0.0	0.0	0.0	0.0	0.0	0.0
GSM4138110_HNSCC_1_PBMC_AGAGTGGCAGGGATTG	170.91364420303572	133.1214642088179	0.0	171.69439400573498	0.0	0.0	0.0	0.0	0.0	0.0	0.0	0.0	0.0	0.0	0.0	0.0
GSM4138110_HNSCC_1_PBMC_AGATCTGGTGATAAGT	46.42532651069637	99.06349976192617	101.54909622189746	75.05256669128732	0.0	85.18538929548448	0.0	0.0	0.0	0.0	0.0	0.0	0.0	0.0	0.0	0.0
GSM4138110_HNSCC_1_PBMC_AGATTGCGTATAGGGC	258.9355474842477	198.30988138943906	0.0	36.13612526025243	0.0	181.1144555241651	0.0	0.0	0.0	0.0	0.0	0.0	0.0	0.0	0.0	0.0
GSM4138110_HNSCC_1_PBMC_AGCGGTCCATGCTGGC	157.17310814785887	10.78639630084345	0.0	78.13829561074617	0.0	0.0	0.0	0.0	14.011010683448704	214.22907331449528	0.0	13.118971622453838	0.0	0.0	59.21162778589295	14.310633301971073
GSM4138110_HNSCC_1_PBMC_AGGCCACTCAGCGATT	140.55204106095061	156.27197692997845	0.0	150.25107900491454	0.0	0.0	0.0	0.0	0.0	21.012385954164888	0.0	0.0	0.0	0.0	0.0	0.0
GSM4138110_HNSCC_1_PBMC_AGTAGTCCACAGTCGC	200.7840606316842	324.85993364551825	0.0	0.0	0.0	48.99329799797364	159.9740637379829	0.0	0.0	0.0	0.0	0.0	0.0	0.0	0.0	0.0
GSM4138110_HNSCC_1_PBMC_AGTGTCATCCCTAATT	173.9059560758412	157.1864609309795	0.0	130.94002695738845	0.0	0.0	0.0	0.0	0.0	0.0	0.0	0.0	0.0	0.0	0.0	0.0
GSM4138110_HNSCC_1_PBMC_ATCCACCGTGGTTTCA	305.4200662874748	0.0	14.793175576645229	0.0	281.05997094972986	0.0	36.41455621636342	424.0096884172337	0.0	0.0	0.0	0.0	0.0	0.0	0.0	0.0
GSM4138110_HNSCC_1_PBMC_ATCGAGTGTACTTAGC	182.76742885329335	255.028262120862	0.0	0.0	237.42875021562338	0.0	0.0	0.0	0.0	0.0	0.0	0.0	0.0	0.0	0.0	0.0
GSM4138110_HNSCC_1_PBMC_CAACTAGTCTTGAGAC	138.70218603358333	174.05091114922567	0.0	184.2427492097058	0.0	0.0	0.0	0.0	0.0	0.0	0.0	0.0	0.0	0.0	0.0	0.0
GSM4138110_HNSCC_1_PBMC_CAAGGCCTCTAGCACA	100.04874198445158	106.27901530073896	0.0	0.0	128.99421691980584	0.48552107541115425	0.0	0.0	0.0	0.0	0.0	0.0	0.0	0.0	0.0	0.0
GSM4138110_HNSCC_1_PBMC_CACAAACAGGCTACGA	185.52276712718628	201.40803702118916	16.63801713644441	147.32386400673565	0.0	0.0	0.0	0.0	0.0	0.0	11.214337655326423	0.0	0.0	0.0	0.0	0.0
GSM4138110_HNSCC_1_PBMC_CACATTTTCATTGCGA	136.8032464704317	227.67364312273477	0.0	125.50863428052959	0.0	0.0	0.0	0.0	0.0	0.0	0.0	0.0	0.0	0.0	0.0	0.0
GSM4138110_HNSCC_1_PBMC_CAGAGAGTCAGTTAGC	0.0	182.90212760141762	236.37269485021383	0.0	108.51141904687783	81.30109986363705	0.0	0.0	0.0	0.0	0.0	0.0	0.0	0.0	0.0	0.0
GSM4138110_HNSCC_1_PBMC_CAGCTGGGTCTCCACT	42.142033446769815	143.6167564055149	151.18463272892657	167.97891036943582	0.0	0.0	0.0	91.48511788192181	0.0	0.0	0.0	0.0	0.0	0.0	0.0	0.0
GSM4138110_HNSCC_1_PBMC_CAGCTGGGTGTTTGTG	170.5028450341737	128.71825555661357	0.0	113.96877075779011	0.0	0.0	0.0	0.0	0.0	27.85688339023626	0.0	0.0	0.0	0.0	0.0	0.0
GSM4138110_HNSCC_1_PBMC_CATATGGCAGGACGTA	107.89181934326668	164.2238849442798	49.71979632936286	278.7142518353312	0.0	0.0	0.0	0.0	0.0	0.0	0.0	0.0	0.0	0.0	0.0	0.0
GSM4138110_HNSCC_1_PBMC_CATATTCTCCACGTTC	142.03706041137633	142.7583838833456	0.0	190.38166505287904	0.0	0.0	0.0	0.0	0.0	0.0	0.0	0.0	0.0	0.0	0.0	0.0
GSM4138110_HNSCC_1_PBMC_CCAATCCCACGACTCG	124.44058552247932	59.348809423344655	0.0	0.0	0.0	0.0	96.03613345398826	0.0	24.069363711109222	0.0	0.0	43.60642126703657	0.0	0.0	0.0	0.0
GSM4138110_HNSCC_1_PBMC_CCTACCAGTCGGCTCA	224.13254704592708	0.0	0.0	172.65085173655902	0.0	0.0	0.0	225.79084258393436	0.0	0.0	0.0	0.0	0.0	0.0	0.0	0.0
GSM4138110_HNSCC_1_PBMC_CGAACATCAAGTTAAG	209.01655645981697	193.19575194189295	0.0	91.350441887642	0.0	0.0	52.6068554906018	0.0	0.0	81.27596049540043	0.0	0.0	0.0	0.0	0.0	0.0
GSM4138110_HNSCC_1_PBMC_CGACCTTCATTACGAC	98.83208697003735	62.63893712694417	0.0	0.0	0.0	78.2729248627962	0.0	35.69861075222565	0.0	0.0	0.0	0.0	0.0	0.0	0.0	0.0
GSM4138110_HNSCC_1_PBMC_CGAGCACCATATACGC	1.672995736614952	0.0	231.760983464485	276.2050671322766	0.0	0.0	0.0	0.0	4.816772507920061	0.0	57.87556915131502	0.0	0.0	0.0	200.81524371307788	0.0
GSM4138110_HNSCC_1_PBMC_CGATCGGCAACGATCT	176.76724135853098	198.19850922631957	0.0	160.13340037529463	0.0	0.0	0.0	0.0	0.0	0.0	0.0	0.0	0.0	0.0	0.0	0.0
GSM4138110_HNSCC_1_PBMC_CGATCGGGTTTGGGCC	135.74600729262215	0.0	0.0	181.3589887418361	0.0	0.0	0.0	44.41009415770588	166.53655122766352	0.0	0.0	0.0	0.0	0.0	0.0	0.0
GSM4138110_HNSCC_1_PBMC_CGCTATCCACCGAATT	150.12569528781975	194.07989748210682	102.6298047510441	0.0	0.0	0.0	0.0	0.0	0.0	255.1146557037037	0.0	0.0	0.0	0.0	0.0	0.0
GSM4138110_HNSCC_1_PBMC_CGGAGCTGTCGAACAG	260.81758108504164	238.5697824118472	0.0	0.0	0.0	179.10813786324857	0.0	0.0	0.0	0.0	0.0	0.0	0.0	0.0	0.0	0.0
GSM4138110_HNSCC_1_PBMC_CGTTCTGGTCTAAACC	188.18271880074772	228.45410602483125	0.0	0.0	50.55574532064104	116.54467192889811	0.0	0.0	0.0	0.0	0.0	0.0	0.0	0.0	0.0	0.0
GSM4138110_HNSCC_1_PBMC_CGTTGGGGTGTGTGCC	16.276874285125	110.6637632552293	122.33237714722684	134.6611656823953	0.0	0.0	0.0	0.0	0.0	0.0	0.0	0.0	0.0	0.0	0.0	0.0
GSM4138110_HNSCC_1_PBMC_CTAATGGCACACATGT	154.52895381707415	187.1666591961381	0.0	155.0997558327656	0.0	0.0	0.0	0.0	0.0	0.0	0.0	0.0	0.0	0.0	0.0	0.0
GSM4138110_HNSCC_1_PBMC_CTACCCAGTTACCGAT	218.9816088604078	236.2360063401355	0.0	188.06856316995302	0.0	0.0	0.0	0.0	0.0	0.0	0.0	0.0	0.0	0.0	0.0	0.0
GSM4138110_HNSCC_1_PBMC_CTAGAGTCATCGGACC	35.261549173134405	0.0	119.13308250584237	123.94208511267327	0.0	0.0	0.0	0.0	0.0	0.0	0.0	0.0	232.84844066412683	5.252136080165365	0.0	0.0
GSM4138110_HNSCC_1_PBMC_CTCTGGTGTGTTCGAT	89.75794486244929	0.0	30.916596314925044	192.04425293174967	0.0	0.0	0.0	0.0	149.21449496194782	0.0	0.0	0.0	0.0	0.0	0.0	0.0
GSM4138110_HNSCC_1_PBMC_CTGATAGCATCAGTCA	112.21373969564462	188.58081150108887	0.0	123.8774062219182	0.0	0.0	0.0	0.0	0.0	0.0	0.0	0.0	0.0	0.0	0.0	0.0
GSM4138110_HNSCC_1_PBMC_CTGTTTACAATGTAAG	267.04208408645013	0.0	0.0	175.24588858157603	0.0	0.0	0.0	0.0	157.28269035279698	0.0	63.66981095644184	0.0	0.0	0.0	0.0	0.0
GSM4138110_HNSCC_1_PBMC_GAACCTATCTCTGTCG	0.0	76.31387165731515	98.7151485116085	18.89990212755547	0.0	0.0	0.0	17.003586742346045	0.0	82.68182586784161	0.0	0.0	0.0	0.0	0.0	0.0
GSM4138110_HNSCC_1_PBMC_GATCGCGTCAGGCGAA	109.06392451818463	138.15008625796304	0.0	133.7682849499327	0.0	0.0	0.0	0.0	0.0	0.0	0.0	0.0	0.0	0.0	0.0	0.0
GSM4138110_HNSCC_1_PBMC_GATCTAGCATACAGCT	340.2185135224082	187.46860967833183	0.0	0.0	0.0	24.505818610808603	118.72096934284531	0.0	0.0	0.0	0.0	0.0	0.0	0.0	0.0	0.0
GSM4138110_HNSCC_1_PBMC_GATGAAAGTAGAAGGA	105.23682433729427	80.72778293788743	0.0	93.72761607919756	0.0	0.0	0.0	0.0	12.533235995324583	6.139978676238495	0.0	0.0	0.0	0.0	0.0	0.0
GSM4138110_HNSCC_1_PBMC_GATGAAAGTCACCCAG	203.7243759758306	0.0	12.075018682801591	102.74781141461978	0.0	19.46129055748349	48.15632710549432	0.0	0.0	0.3028054225647795	276.9380820899649	0.0	0.0	0.0	0.0	0.0
GSM4138110_HNSCC_1_PBMC_GCATACACATCTGGTA	356.68619443483385	283.1740252326587	0.0	0.0	0.0	264.67024065516785	0.0	0.0	0.0	0.0	0.0	0.0	0.0	0.0	0.0	0.0
GSM4138110_HNSCC_1_PBMC_GCGAGAATCGCACTCT	273.80268101281126	275.8787443646067	0.0	194.9199571308326	0.0	0.0	0.0	0.0	0.0	0.0	0.0	0.0	0.0	0.0	0.0	0.0
GSM4138110_HNSCC_1_PBMC_GCGCGATAGGAGCGTT	70.56680703490076	87.64812215360575	0.0	94.01054722895856	0.0	0.0	0.0	0.0	67.70384708493299	0.0	0.0	0.0	0.0	0.0	0.0	0.0
GSM4138110_HNSCC_1_PBMC_GCTCTGTTCAGTTTGG	117.83638888945684	0.0	0.0	111.00479823984338	0.0	0.0	0.0	140.99859665871477	0.0	0.0	0.0	0.0	0.0	0.0	0.0	0.0
GSM4138110_HNSCC_1_PBMC_GCTGCGAGTCTAGTCA	196.90080526825741	29.845552014135777	32.632400988639375	98.89347861193342	0.0	0.0	2.070744832706914	0.0	0.0	0.0	0.0	0.0	157.98556756974642	0.0	0.0	0.0
GSM4138110_HNSCC_1_PBMC_GGCTCGATCAGGCGAA	72.84364152280382	142.81974822245056	62.33612854689799	113.71564830864729	0.0	0.0	0.0	0.0	15.48043165095021	0.0	0.0	0.0	0.0	0.0	0.0	0.0
GSM4138110_HNSCC_1_PBMC_GGGAATGTCTTCCTTC	0.0	0.0	0.0	0.0	0.0	0.0	0.0	3166.674675371886	209.46806400514959	0.0	0.0	55.68134778950452	0.0	0.0	0.0	0.0
GSM4138110_HNSCC_1_PBMC_GGGCACTTCGTAGGTT	154.07574329364138	212.94519583536643	0.0	0.0	74.60102979851261	32.995275581806474	19.99864985073986	0.0	0.0	0.0	0.0	0.0	0.0	0.0	0.0	0.0
GSM4138110_HNSCC_1_PBMC_GTAGGCCAGTACTTGC	191.01190030545948	194.94344099690014	0.0	137.73078486698594	0.0	0.0	0.0	0.0	0.0	0.0	0.0	0.0	0.0	0.0	0.0	0.0
GSM4138110_HNSCC_1_PBMC_GTCACAATCTATCGCC	82.28642002859881	201.30556899895274	110.98499007809765	209.90929870668563	0.0	0.0	0.0	0.0	0.0	0.0	0.0	0.0	0.0	0.0	0.0	0.0
GSM4138110_HNSCC_1_PBMC_GTCTCGTAGTAGCGGT	0.0	136.49095967157407	133.74991250169774	150.4089063418723	0.0	0.0	0.0	0.0	0.0	0.0	0.0	0.0	0.0	0.0	0.0	0.0
GSM4138110_HNSCC_1_PBMC_GTGCAGCTCTGTCTAT	280.6231360535162	367.3815488098891	0.0	0.0	0.0	37.2640790915591	162.95937073160144	0.0	0.0	0.0	0.0	0.0	0.0	0.0	0.0	0.0
GSM4138110_HNSCC_1_PBMC_GTGCATAGTACGCTGC	153.51036485715076	190.31679480951618	0.0	136.83900411331544	0.0	0.0	0.0	0.0	0.0	0.0	0.0	0.0	0.0	0.0	0.0	0.0
GSM4138110_HNSCC_1_PBMC_GTGCTTCAGTACGATA	0.0	0.0	200.05374497432143	0.0	8.381523677521715	136.55092783103908	0.0	0.0	0.0	0.0	168.93743584147194	0.0	0.0	0.0	0.0	0.0
GSM4138110_HNSCC_1_PBMC_TACAGTGCAATGACCT	146.42000200662517	131.32464712827175	0.0	148.7924506952105	0.0	0.0	0.0	0.0	0.0	0.0	0.0	0.0	0.0	0.0	0.0	0.0
GSM4138110_HNSCC_1_PBMC_TACTCATAGATCACGG	179.03799673444416	0.0	0.0	177.70279838362626	0.0	0.0	0.0	162.43725232701885	79.5655263229626	0.0	0.0	0.0	0.0	0.0	0.0	0.0
GSM4138110_HNSCC_1_PBMC_TACTCGCGTAAGGATT	248.06473812917008	195.95519393812543	0.0	148.4771473226476	0.0	0.0	0.0	0.0	0.0	0.0	0.0	0.0	0.0	0.0	0.0	0.0
GSM4138110_HNSCC_1_PBMC_TACTTGTCAAGTTAAG	210.84785559482629	246.85715222317876	0.0	116.57758206016605	0.0	0.0	0.0	0.0	0.0	83.85388558232322	0.0	0.0	0.0	0.0	0.0	0.0
GSM4138110_HNSCC_1_PBMC_TATCTCAAGGTGTGGT	121.07902957930894	158.60609521016588	0.0	126.36691660926152	0.0	0.0	0.0	0.0	0.0	0.0	0.0	0.0	0.0	0.0	0.0	0.0
GSM4138110_HNSCC_1_PBMC_TCAGCTCCACCCATTC	266.2376430650858	0.0	0.0	42.45243528632403	201.91438434764427	0.0	0.0	0.0	0.0	0.0	0.0	209.87629320572805	0.0	0.0	0.0	0.0
GSM4138110_HNSCC_1_PBMC_TCGCGTTCAGCTGCTG	129.32930667572637	155.15540817779396	44.59246716828399	98.65783521457031	0.0	0.0	0.0	0.0	0.0	0.0	0.0	0.0	0.0	0.0	0.0	0.0
GSM4138110_HNSCC_1_PBMC_TCGGGACAGCTAGTTC	200.85906644123904	204.26216920332814	0.0	0.0	40.461796645995044	106.31541255695505	0.0	0.0	0.0	0.0	0.0	0.0	0.0	0.0	0.0	0.0
GSM4138110_HNSCC_1_PBMC_TCTTCGGAGTCATCCA	187.24023249804875	191.81995034005868	0.0	161.6909930186075	0.0	0.0	0.0	0.0	0.0	0.0	0.0	0.0	0.0	0.0	0.0	0.0
GSM4138110_HNSCC_1_PBMC_TGAGAGGGTCCCTACT	147.64713516566414	0.0	0.0	348.2904273341346	0.0	0.0	0.0	157.9115884877994	129.67655013708796	0.0	0.0	0.0	0.0	0.0	0.0	0.0
GSM4138110_HNSCC_1_PBMC_TGATTTCGTTAAAGTG	299.62204020544596	229.44293328520533	0.0	141.3025868671118	0.0	42.152386795058455	0.0	0.0	0.0	0.0	0.0	0.0	0.0	0.0	0.0	0.0
GSM4138110_HNSCC_1_PBMC_TGCCAAATCATGTCCC	182.89988018598717	0.0	0.0	0.0	0.0	188.9093763401577	0.0	0.0	176.20080924110445	0.0	0.0	0.0	0.0	0.0	0.0	0.0
GSM4138110_HNSCC_1_PBMC_TGTATTCAGAATGTTG	276.4609713324929	0.0	0.0	120.67844697482673	0.0	0.0	0.0	68.75151540384893	0.0	82.39734942784766	0.0	0.0	89.2287181059736	0.0	0.0	0.0
GSM4138110_HNSCC_1_PBMC_TGTCCCAGTTCAGGCC	0.0	195.38558174673517	146.4516857896284	0.0	0.0	0.0	94.25156330698123	0.0	0.0	0.0	0.0	0.0	0.0	0.0	0.0	0.0
GSM4138110_HNSCC_1_PBMC_TTGCCGTCAATAGCGG	185.5159668545274	228.30222758535893	0.0	0.0	0.0	59.571853192469256	109.92297199775174	0.0	0.0	0.0	0.0	0.0	0.0	0.0	0.0	0.0
GSM4138110_HNSCC_1_PBMC_TTTATGCAGACTGGGT	0.0	56.87585218044385	150.30407394563878	0.0	0.0	116.81770782734061	0.0	0.0	85.4825071831666	0.0	0.0	0.0	0.0	0.0	0.0	0.0
GSM4138110_HNSCC_1_PBMC_AACGTTGAGTTTAGGA	87.19521711641436	110.48574680476224	4.30437363405763	0.0	114.76307357176105	0.0	0.0	10.204973868669706	0.0	0.0	0.0	0.0	0.0	0.0	0.0	0.0
GSM4138110_HNSCC_1_PBMC_AAGGCAGCAATCACAC	153.92734805175766	0.0	29.770628503316914	74.8982086661061	0.0	0.0	0.0	0.0	90.32114890414215	0.0	0.0	0.0	0.0	0.0	0.0	0.0
GSM4138110_HNSCC_1_PBMC_ACTGATGTCAATAAGG	0.0	58.142643465829245	67.34506764100125	0.0	68.28471365637854	0.0	0.0	0.0	0.0	0.0	0.0	0.0	0.0	0.0	0.0	0.0
GSM4138110_HNSCC_1_PBMC_AGCAGCCAGGCCCTCA	72.44213127361407	91.42052224794959	0.0	0.0	0.0	0.0	141.59256867785086	0.0	0.0	0.0	0.0	0.0	0.0	0.0	0.0	0.0
GSM4138110_HNSCC_1_PBMC_CATATTCCATATGAGA	119.54241715632678	103.18922331227745	0.0	109.92526915868707	0.0	0.0	0.0	0.0	0.0	0.0	0.0	0.0	0.0	0.0	0.0	0.0
GSM4138110_HNSCC_1_PBMC_CCTCAGTCAACTGCGC	0.0	40.02549623081173	74.56389452732385	19.860805236707794	38.16125529964487	0.0	0.0	0.0	0.0	74.38215278374855	0.0	0.0	0.0	0.0	0.0	0.0
GSM4138110_HNSCC_1_PBMC_CGGTTAACACCTCGTT	54.671286107714586	69.27022929378296	0.0	67.42775485344391	0.0	0.0	0.0	0.0	0.0	0.0	0.0	0.0	0.0	0.0	0.0	0.0
GSM4138110_HNSCC_1_PBMC_CGTGTAATCTCCAGGG	0.0	41.615940943979645	72.55570946854783	65.16765057377371	0.0	0.0	0.0	0.0	0.0	0.0	0.0	0.0	0.0	0.0	0.0	0.0
GSM4138110_HNSCC_1_PBMC_CGTTGGGTCAGTGCAT	62.825927940573095	0.0	0.0	0.0	46.09171512552096	39.879008267229175	0.0	0.0	95.48445759702275	0.0	0.0	0.0	0.0	0.0	0.0	0.0
GSM4138110_HNSCC_1_PBMC_CTAGAGTAGCTATGCT	0.0	108.29314546634167	119.14199044873365	130.3664947079606	0.0	0.0	0.0	0.0	0.0	0.0	0.0	0.0	0.0	0.0	0.0	0.0
GSM4138110_HNSCC_1_PBMC_GCATACATCGTTACAG	72.33917941211148	50.93489555952073	0.0	0.0	22.72988865584478	48.94231959867074	0.0	0.0	0.0	0.0	0.0	0.0	0.0	0.0	0.0	0.0
GSM4138110_HNSCC_1_PBMC_AAACGGGCAGTATCTG	74.39522344394723	77.76150726402652	0.0	16.788288189730427	0.0	0.0	0.43302974812147016	0.0	0.0	55.449241623127875	0.0	0.0	0.0	0.0	0.0	0.0
GSM4138110_HNSCC_1_PBMC_AAAGATGTCTGATTCT	0.0	0.0	102.53140325157314	0.0	0.0	125.9964129741191	0.0	89.25518035623034	0.0	0.0	0.0	0.0	11.97245599358861	0.0	0.0	0.0
GSM4138110_HNSCC_1_PBMC_AAAGTAGGTAGCGCTC	59.12715267234788	0.0	0.0	0.0	41.20192983655475	2.7509016231971266	14.242971732254931	0.0	0.0	0.0	0.0	0.0	0.0	105.66134919012768	0.0	0.0
GSM4138110_HNSCC_1_PBMC_AACTCAGGTGGTCTCG	80.59396544034153	0.0	0.49794459507254196	98.76399060746843	0.0	0.0	0.0	25.1110754954966	0.0	0.0	0.0	0.0	26.800077076462603	0.0	0.0	0.0
GSM4138110_HNSCC_1_PBMC_AACTCCCTCCAATGGT	87.0978502343162	106.32722290699618	0.0	0.0	0.0	0.0	92.22490162865624	0.0	0.0	48.79242815272889	0.0	0.0	0.0	0.0	0.0	0.0
GSM4138110_HNSCC_1_PBMC_AACTCTTAGTGGGTTG	31.114305076864376	63.93246143600436	66.10629398182434	20.056023962911464	0.0	0.0	0.0	0.0	22.05359921857358	77.91205301320083	0.0	0.0	0.0	0.0	0.0	0.0
GSM4138110_HNSCC_1_PBMC_AACTCTTGTCACACGC	0.0	71.41699000025687	30.951156107443133	69.8718290243542	0.0	1.8683382432617615	0.0	0.0	0.0	0.0	0.0	0.0	0.0	0.0	0.0	0.0
GSM4138110_HNSCC_1_PBMC_AACTTTCAGAAGGTTT	0.0	75.45628802000962	129.07999131384145	0.0	69.39042743617192	16.088600128885606	0.0	0.0	0.0	0.0	0.0	0.0	0.0	0.0	0.0	0.0
GSM4138110_HNSCC_1_PBMC_AAGGAGCTCCTTTCGG	0.0	0.0	159.41464262777504	117.14577825826667	0.0	0.0	0.0	31.63780935107418	63.24056427196442	0.0	0.0	0.0	0.0	0.0	0.0	0.0
GSM4138110_HNSCC_1_PBMC_AATCCAGAGTGCTGCC	0.0	0.0	129.11457581203013	107.11048036074486	0.0	0.0	0.0	0.0	0.0	0.0	0.0	0.0	0.0	0.0	88.33371932287318	0.0
GSM4138110_HNSCC_1_PBMC_AATCGGTGTCTAGCCG	86.7359208134653	126.13742968001458	0.0	0.0	0.0	0.0	95.53896894539635	0.0	0.0	40.92449744357981	0.0	0.0	0.0	0.0	0.0	0.0
GSM4138110_HNSCC_1_PBMC_ACACCCTCATCTACGA	75.75880117862252	0.0	0.0	84.55559944514506	0.0	0.0	0.0	0.0	65.1211523344338	0.0	0.0	0.0	0.0	0.0	0.0	0.0
GSM4138110_HNSCC_1_PBMC_ACACCGGCACCATGTA	0.0	0.0	248.93480539515792	0.0	0.0	169.45518852653458	74.4381273021335	0.0	0.0	0.0	0.0	0.0	175.59832892304712	0.0	0.0	0.0
GSM4138110_HNSCC_1_PBMC_ACATCAGAGCGTTCCG	0.0	0.0	147.2959565416346	0.0	0.0	88.89748313377878	60.40069919629538	0.0	0.0	0.0	0.0	0.0	207.38799360558772	0.0	0.0	0.0
GSM4138110_HNSCC_1_PBMC_ACCCACTCAATGTAAG	0.0	0.0	61.1157602051901	60.99728304838412	0.0	0.0	0.0	0.0	27.998212973894457	0.0	0.0	0.0	0.0	34.081118274775676	0.0	0.0
GSM4138110_HNSCC_1_PBMC_ACCCACTGTAAGTGTA	0.0	102.14124980455325	65.71291619069662	80.71999265567918	0.0	0.0	0.0	0.0	0.0	0.0	0.0	0.0	0.0	0.0	0.0	0.0
GSM4138110_HNSCC_1_PBMC_ACCTTTATCATAACCG	32.0544589453704	0.0	64.61790457032325	0.0	119.18980800169707	0.0	0.0	0.0	0.0	0.0	137.3075407647321	0.0	0.0	0.0	0.0	0.0
GSM4138110_HNSCC_1_PBMC_ACGAGCCAGGTGTGGT	61.68776388856937	122.02720044749921	0.0	0.0	64.14619598485652	0.0	0.0	0.0	0.0	0.0	0.0	0.0	0.0	0.0	0.0	0.0
GSM4138110_HNSCC_1_PBMC_ACGATACCATATGAGA	47.76088629586911	0.0	0.0	55.56089101490988	0.0	0.0	0.0	0.0	60.454164189598565	25.431500717710257	0.0	0.0	0.0	0.0	0.0	0.0
GSM4138110_HNSCC_1_PBMC_ACGATACTCTGATTCT	18.24412813121811	76.54692141550728	36.77154826425158	19.745228566411487	0.0	74.1597184148772	0.0	0.0	0.0	0.0	0.0	0.0	0.0	0.0	0.0	0.0
GSM4138110_HNSCC_1_PBMC_ACGATGTCAGGCAGTA	59.37681024809437	0.0	0.0	0.0	0.0	0.0	99.31161635724055	0.0	0.0	0.0	73.22028037021747	0.0	0.0	0.0	0.0	0.0
GSM4138110_HNSCC_1_PBMC_ACGCAGCGTAGAGCTG	0.0	0.0	56.27481258844327	0.0	86.7309796409648	0.0	0.0	41.07498637900207	0.0	0.0	0.0	0.0	9.514224930507433	0.0	0.0	0.0
GSM4138110_HNSCC_1_PBMC_ACGCCGAAGGTAGCTG	0.0	0.0	121.83773037134553	0.0	44.74106703694274	0.0	0.0	0.0	41.06669445682814	0.0	0.0	0.0	0.0	0.0	0.0	0.0
GSM4138110_HNSCC_1_PBMC_ACGGGCTGTGATAAAC	0.0	0.0	64.45472451525859	0.0	19.25466983410792	77.40317220202922	0.0	0.0	0.0	0.0	124.32843934992749	0.0	0.0	0.0	0.0	0.0
GSM4138110_HNSCC_1_PBMC_ACGTCAACATCACGAT	13.80486594584534	0.0	49.0497906760795	0.0	24.54942713631243	32.997778142617605	0.0	0.0	0.0	0.0	41.93450651205672	0.0	0.0	0.0	0.0	0.0
GSM4138110_HNSCC_1_PBMC_ACTATCTAGGAATTAC	0.0	109.57032255905679	227.46200841051026	175.93763757975807	0.0	0.0	0.0	0.0	0.0	0.0	0.0	0.0	0.0	0.0	0.0	0.0
GSM4138110_HNSCC_1_PBMC_ACTGATGTCGTTACGA	0.0	0.0	176.34648589847353	117.0589562355006	23.918294272137672	0.0	0.0	0.0	0.0	0.0	92.29790894073693	0.0	0.0	0.0	0.0	0.0
GSM4138110_HNSCC_1_PBMC_ACTTACTAGATAGGAG	36.63311289605518	0.0	96.39489063314838	73.94071576347805	0.0	0.0	0.0	76.774338800164	0.0	0.0	0.0	0.0	0.0	0.0	0.0	0.0
GSM4138110_HNSCC_1_PBMC_ACTTGTTTCCACGACG	100.37197613547713	105.23341001980992	32.70423492731853	0.0	29.155873265924015	44.173215236842545	0.0	0.0	0.0	0.0	0.0	0.0	0.0	0.0	0.0	0.0
GSM4138110_HNSCC_1_PBMC_ACTTTCATCGTCACGG	82.02926379048259	54.04629986817002	7.520483446985018	9.704736288556404	0.0	0.0	0.0	0.0	0.0	82.22885566566423	0.0	0.0	0.0	0.0	0.0	0.0
GSM4138110_HNSCC_1_PBMC_AGATTGCTCATGCTCC	14.45103828962676	89.557462437077	82.73519166653081	0.0	166.0486899535207	0.0	0.0	0.0	0.0	0.0	0.0	0.0	0.0	0.0	0.0	0.0
GSM4138110_HNSCC_1_PBMC_AGATTGCTCCTAGAAC	35.755794620191615	0.0	15.539605445666465	153.35899897892708	0.0	0.0	0.0	0.0	48.22343442004948	0.0	0.0	0.0	0.0	0.0	0.0	0.0
GSM4138110_HNSCC_1_PBMC_AGCAGCCTCACTCTTA	28.73211294951523	0.0	47.32492436943351	30.526284123006562	0.0	0.0	0.0	74.60261944923482	0.0	46.31176909232146	0.0	0.0	0.0	0.0	0.0	0.0
GSM4138110_HNSCC_1_PBMC_AGCCTAAAGCGTGAAC	111.32358895158967	0.0	28.663263039506177	103.40862475763873	40.16101028185148	1.992244119563446	0.0	127.48209897675775	0.0	0.0	0.0	0.0	0.0	0.0	0.0	0.0
GSM4138110_HNSCC_1_PBMC_AGCCTAAGTCTCATCC	31.491849661084952	0.0	0.0	0.0	0.0	0.0	0.0	0.0	117.2398125115623	36.8467688771241	0.0	0.0	0.0	0.0	0.0	0.0
GSM4138110_HNSCC_1_PBMC_AGCGTATAGCCAGTTT	80.13102775556519	83.87367431585942	0.0	26.339256491758267	0.0	0.0	0.0	0.0	0.0	103.41126284476202	0.0	0.0	0.0	0.0	0.0	0.0
GSM4138110_HNSCC_1_PBMC_AGCGTCGAGCGCTCCA	27.205253496156285	53.09800044515728	70.33747976650228	79.96254420057664	0.0	0.0	0.0	0.0	0.0	0.0	0.0	0.0	0.0	0.0	0.0	0.0
GSM4138110_HNSCC_1_PBMC_AGCTCCTGTATCACCA	158.50138014059078	0.0	1.5066169756331098	0.0	76.39129801691095	0.0	82.40687990204809	129.3839253741565	0.0	45.1706717103094	0.0	0.0	0.0	0.0	0.0	0.0
GSM4138110_HNSCC_1_PBMC_AGCTCTCAGTCGTTTG	17.055685368258732	55.70050118100458	102.97078282454274	0.0	66.41691757268923	45.90884641963696	0.0	0.0	0.0	0.0	77.20297928032622	0.0	0.0	0.0	0.0	0.0
GSM4138110_HNSCC_1_PBMC_AGCTTGAAGACTGGGT	13.990002105079398	0.0	54.97567171135749	0.0	0.0	0.0	102.99087736162377	0.0	92.49348760574797	0.0	0.0	0.0	0.0	0.0	0.0	0.0
GSM4138110_HNSCC_1_PBMC_AGGCCGTAGACTACAA	104.8045982890627	0.0	0.0	41.21436763508355	0.0	0.0	0.0	0.0	52.66212506470008	65.53573107757377	0.0	0.0	0.0	0.0	0.0	65.98205464712669
GSM4138110_HNSCC_1_PBMC_AGGGATGAGACCCACC	44.03785631716866	70.9745761690438	37.0095236661163	0.0	0.0	0.0	103.456477130336	0.0	0.0	0.0	0.0	0.0	0.0	0.0	0.0	0.0
GSM4138110_HNSCC_1_PBMC_AGGGATGCATGTTCCC	109.21677368782632	107.35856322661962	11.057374645108329	57.298788399381294	0.0	0.0	0.0	0.0	0.0	66.94090879590188	0.0	0.0	0.0	0.0	0.0	0.0
GSM4138110_HNSCC_1_PBMC_AGTAGTCGTCAATGTC	0.0	67.66060415896617	67.1123553725991	0.0	33.28305906799637	42.96990131302632	13.923794326776129	0.0	0.0	0.0	0.0	0.0	0.0	0.0	0.0	0.0
GSM4138110_HNSCC_1_PBMC_AGTAGTCGTCCGAAGA	113.20540299974964	88.26954261163844	0.0	0.0	103.85535678966123	0.0	0.0	0.0	0.0	0.0	0.0	0.0	0.0	0.0	0.0	0.0
GSM4138110_HNSCC_1_PBMC_AGTGGGAAGGAGCGAG	151.72357214015824	0.0	0.0	0.0	162.36343442935492	0.0	0.0	0.0	152.08283503493024	0.0	0.0	0.0	0.0	0.0	0.0	0.0
GSM4138110_HNSCC_1_PBMC_AGTGTCAGTACCGGCT	0.0	142.54856968496384	84.58416978070785	180.4200679002732	0.0	0.0	0.0	0.0	0.0	0.0	0.0	0.0	0.0	0.0	0.0	0.0
GSM4138110_HNSCC_1_PBMC_ATAAGAGAGCTGATAA	48.96765135493992	31.90968131099616	0.0	0.0	0.0	0.0	105.23632697704869	0.0	0.0	0.0	0.0	0.0	0.0	0.0	0.0	0.0
GSM4138110_HNSCC_1_PBMC_ATCACGAGTCAAACTC	99.66000937261052	0.0	0.0	68.36248851089226	0.0	0.0	0.0	82.51668762415474	0.0	0.0	0.0	0.0	0.0	0.0	0.0	0.0
GSM4138110_HNSCC_1_PBMC_ATCATCTTCTGTGCAA	69.69329953371704	55.490233408591514	0.0	0.0	80.92419981206969	0.0	0.0	0.0	0.0	0.0	0.0	9.081792258625777	0.0	0.0	0.0	0.0
GSM4138110_HNSCC_1_PBMC_ATCATGGGTCACTGGC	0.0	0.0	128.32856956952588	0.0	55.95865431898753	31.88166567831861	17.724823525314584	0.0	0.0	0.0	0.0	0.0	121.94843609864874	0.0	0.0	0.0
GSM4138110_HNSCC_1_PBMC_ATCTGCCCATACGCCG	95.29197372116656	65.07593986997982	0.0	98.6372315705116	0.0	0.0	0.0	0.0	0.0	0.0	0.0	0.0	0.0	0.0	0.0	0.0
GSM4138110_HNSCC_1_PBMC_ATGAGGGAGTGTACGG	0.0	129.01953033246693	101.21088311758754	0.0	0.0	88.23101451435234	0.0	0.0	0.0	0.0	0.0	0.0	0.0	0.0	0.0	0.0
GSM4138110_HNSCC_1_PBMC_ATGGGAGAGACCCACC	14.773268026589472	0.0	168.9094752376009	165.65262854768804	0.0	0.0	0.0	110.4001631792164	92.68592943780259	0.0	0.0	0.0	0.0	0.0	0.0	0.0
GSM4138110_HNSCC_1_PBMC_ATGTGTGTCCAGTAGT	0.0	34.38704874494518	65.7361872831188	61.41392398896272	0.0	0.0	0.0	0.0	0.0	12.496904455033155	0.0	0.0	0.0	0.0	55.444858067802045	0.0
GSM4138110_HNSCC_1_PBMC_ATTATCCAGCGCCTTG	72.25093548006042	106.77133582284307	50.41262048846295	116.72056619714091	0.0	0.0	0.0	0.0	0.0	0.0	0.0	0.0	0.0	0.0	0.0	0.0
GSM4138110_HNSCC_1_PBMC_ATTCTACAGATGTCGG	0.0	93.66128523725689	102.4492175134197	0.0	58.71358036589792	34.90131716870506	0.0	0.0	0.0	0.0	0.0	0.0	0.0	0.0	0.0	0.0
GSM4138110_HNSCC_1_PBMC_ATTGGACAGAAGGCCT	75.83635223700709	57.585310482971856	0.0	60.75180300116938	0.0	0.0	0.0	0.0	0.0	0.0	0.0	0.0	0.0	0.0	0.0	0.0
GSM4138110_HNSCC_1_PBMC_ATTGGTGCACAGGAGT	120.02355585237271	111.86877729626086	7.8010179095025105	0.0	75.44371158669242	0.0	0.0	0.0	0.0	0.0	0.0	0.0	0.0	0.0	0.0	0.0
GSM4138110_HNSCC_1_PBMC_CAACCTCTCTAAGCCA	0.0	0.0	97.08789674681317	63.03630838738157	0.0	0.0	0.0	0.0	0.0	0.0	0.0	26.72838719227951	0.0	0.0	27.97455638289267	0.0
GSM4138110_HNSCC_1_PBMC_CAACTAGGTGTCCTCT	100.62393663968177	0.0	0.0	81.11252016732107	0.0	0.0	0.0	0.0	0.0	0.0	79.60846317690748	0.0	0.0	0.0	6.012153039785814	0.0
GSM4138110_HNSCC_1_PBMC_CAACTAGTCAAGATCC	29.89984579142589	98.75123176940407	0.0	0.0	0.0	0.0	89.83707627838339	0.0	0.0	0.0	0.0	0.0	0.0	0.0	0.0	0.0
GSM4138110_HNSCC_1_PBMC_CAAGAAATCACAAACC	0.0	0.0	66.0489875568025	65.33789060557929	0.0	0.0	0.0	0.0	0.0	0.0	59.306028970025025	0.0	0.0	0.0	0.0	0.0
GSM4138110_HNSCC_1_PBMC_CAAGTTGCATGTTCCC	0.0	133.0633583080433	162.7231379676536	0.0	117.80622303735872	0.0	19.731294515728575	0.0	0.0	0.0	0.0	0.0	0.0	0.0	0.0	0.0
GSM4138110_HNSCC_1_PBMC_CACACTCTCAAGATCC	131.69154991781988	0.0	0.0	0.0	100.05847852209632	0.0	0.0	0.0	119.44189602985219	0.0	0.0	0.0	0.0	0.0	0.0	0.0
GSM4138110_HNSCC_1_PBMC_CACAGGCTCCGCGTTT	79.83055233694566	116.35486980973931	0.0	112.07384588628051	0.0	0.0	0.0	0.0	0.0	0.0	0.0	0.0	0.0	0.0	0.0	0.0
GSM4138110_HNSCC_1_PBMC_CACAGTAAGTTACCCA	0.0	124.41204610020641	68.26787323522491	0.0	120.89404964732154	0.0	0.0	0.0	0.0	0.0	0.0	0.0	0.0	0.0	0.0	0.0
GSM4138110_HNSCC_1_PBMC_CACATTTAGTAGCGGT	62.72611476945864	0.0	0.0	0.0	0.0	0.0	0.0	0.0	0.0	104.45508139680706	0.0	50.57646392422771	0.0	28.169185272266155	0.0	0.0
GSM4138110_HNSCC_1_PBMC_CACCACTTCCGCGGTA	139.88158288496416	52.335011918484405	0.0	53.22822014029961	0.0	0.0	0.0	0.0	0.0	0.0	0.0	0.0	0.0	0.0	0.0	0.0
GSM4138110_HNSCC_1_PBMC_CAGAGAGAGCCACTAT	0.0	0.0	57.02005057634802	0.0	0.0	83.726000397124	0.0	0.0	39.351689721843144	0.0	0.26916602196397016	0.0	46.4881163631424	0.0	0.0	0.0
GSM4138110_HNSCC_1_PBMC_CAGCAGCGTGCAGTAG	0.0	40.03435673634312	81.40350535912485	0.0	0.0	49.287580851334475	0.0	0.0	0.0	0.0	0.0	0.0	0.0	0.0	0.0	0.0
GSM4138110_HNSCC_1_PBMC_CAGCATAAGTACTTGC	0.0	0.0	90.2559280190341	0.0	0.0	49.926219892749934	0.0	0.0	0.0	0.0	95.2382909876782	0.0	0.0	0.0	0.0	0.0
GSM4138110_HNSCC_1_PBMC_CAGCATATCAGAGGTG	169.88985993004144	133.86065044267016	0.0	0.0	93.11856656646286	56.0942759304812	0.0	0.0	0.0	0.0	0.0	0.0	0.0	0.0	0.0	0.0
GSM4138110_HNSCC_1_PBMC_CAGCTAAGTTCCACGG	87.74183154538468	0.0	0.0	0.0	0.0	0.0	0.0	0.0	104.26680782115889	93.7290868572124	0.0	0.0	0.0	0.0	0.0	0.0
GSM4138110_HNSCC_1_PBMC_CATCGAAGTACTTCTT	0.0	0.0	82.64237104826705	144.8816813693175	0.0	0.0	0.0	0.0	0.0	0.0	0.0	0.0	81.28448335803392	0.0	0.0	0.0
GSM4138110_HNSCC_1_PBMC_CATCGGGAGAGCTTCT	0.0	32.063249990312464	47.25473367738257	34.106612568742605	0.0	0.0	0.0	0.0	0.0	0.0	4.67259710834658	0.0	0.0	0.0	0.0	0.0
GSM4138110_HNSCC_1_PBMC_CATTATCTCGATCCCT	144.93429059624015	32.26040727583615	0.0	0.0	0.0	0.0	148.42779757753792	16.071996196905662	0.0	10.2601582405978	39.50838172043662	0.0	0.0	0.0	0.0	0.0
GSM4138110_HNSCC_1_PBMC_CATTCGCAGTGAAGAG	0.0	20.54042291330755	163.3630065483938	0.0	2.717647981168705	186.2556052530954	0.0	13.058701091883245	0.0	0.0	97.1637603593188	0.0	0.0	0.0	0.0	0.0
GSM4138110_HNSCC_1_PBMC_CCACGGACAGATGGGT	162.1150346424562	126.48426338682044	0.0	180.8697661298373	0.0	0.0	0.0	0.0	0.0	0.0	0.0	0.0	0.0	0.0	0.0	0.0
GSM4138110_HNSCC_1_PBMC_CCACTACAGGTTCCTA	59.29746372959573	0.0	37.246671323794445	107.29393434611897	0.0	0.0	0.0	0.0	80.1264175978514	0.0	0.0	0.0	0.0	0.0	0.0	0.0
GSM4138110_HNSCC_1_PBMC_CCCAGTTAGGCACATG	101.04836851413654	0.0	0.0	61.104237496322696	0.0	0.0	0.0	0.0	14.954378345098226	0.0	0.0	55.53585189328123	0.0	0.0	0.0	0.0
GSM4138110_HNSCC_1_PBMC_CCCTCCTGTACAGCAG	56.45643110238098	79.22000394661343	0.0	69.96224414244504	0.0	0.0	0.0	0.0	0.0	0.0	0.0	0.0	0.0	0.0	0.0	0.0
GSM4138110_HNSCC_1_PBMC_CCCTCCTTCCATGAAC	0.0	0.0	66.53190195327919	0.0	57.598434162337135	8.533355685148873	0.0	0.0	74.900889401336	0.0	0.0	0.0	0.0	0.0	0.0	0.0
GSM4138110_HNSCC_1_PBMC_CCGTACTGTTCCAACA	0.0	0.0	127.87905866455786	0.0	142.5658810137757	0.0	0.0	0.0	0.0	0.0	98.67477300204915	0.0	0.0	0.0	0.0	0.0
GSM4138110_HNSCC_1_PBMC_CCGTACTTCCGATATG	0.752085305893832	56.432436663879514	53.34422017861138	0.0	54.10705310989287	0.0	0.0	0.0	0.0	0.0	0.0	0.0	0.0	0.0	0.0	0.0
GSM4138110_HNSCC_1_PBMC_CCGTGGAAGGAGTACC	71.42170535083856	75.60372852892048	0.0	84.10865271011323	0.0	0.0	0.0	0.0	0.0	0.0	0.0	0.0	0.0	0.0	0.0	0.0
GSM4138110_HNSCC_1_PBMC_CCTAAAGAGCGCCTCA	221.11953798239313	149.74216926111217	0.0	0.0	0.0	157.08295046153512	0.0	0.0	0.0	0.0	0.0	0.0	0.0	0.0	0.0	0.0
GSM4138110_HNSCC_1_PBMC_CCTACACCACAGGCCT	0.0	47.66838457990629	130.29233407312603	0.0	13.953106010777747	43.45484397550083	43.359935231856255	42.66360613443481	0.0	0.0	0.0	0.0	0.0	0.0	0.0	0.0
GSM4138110_HNSCC_1_PBMC_CCTATTACACAAGACG	142.80256315193188	0.0	0.0	148.88470779541953	0.0	0.0	0.0	164.86514815422888	0.0	0.0	0.0	0.0	0.0	0.0	0.0	0.0
GSM4138110_HNSCC_1_PBMC_CCTTACGAGAATAGGG	64.2102930467824	0.0	0.0	0.0	49.48018969009752	60.68692852053376	0.0	105.5504983780476	0.0	0.0	0.0	38.15827211149937	0.0	0.0	0.0	0.0
GSM4138110_HNSCC_1_PBMC_CGAACATGTCCAGTAT	66.27558323849345	34.400740641510815	0.0	0.0	25.996401496321024	44.02963661428379	0.0	34.11061197377837	0.0	0.0	0.0	0.0	0.0	0.0	0.0	0.0
GSM4138110_HNSCC_1_PBMC_CGATCGGCAACACCCG	59.1596777792813	50.10806028449628	0.0	0.0	48.77459532264671	0.0	0.0	0.0	0.0	0.0	0.0	0.0	0.0	0.0	0.0	0.0
GSM4138110_HNSCC_1_PBMC_CGATGTATCCTTTCGG	82.68389467341296	70.6898848395349	0.0	0.0	0.0	78.82475234875957	0.0	0.0	0.0	0.0	0.0	0.0	0.0	0.0	0.0	0.0
GSM4138110_HNSCC_1_PBMC_CGCGGTAAGACACGAC	0.0	21.654215783167754	99.60616568362296	18.42812539305078	0.0	0.0	0.0	0.0	0.0	0.0	46.76236179915495	0.0	0.0	0.0	0.0	0.0
GSM4138110_HNSCC_1_PBMC_CGCGGTATCAGTCCCT	61.485570591856636	71.83677889550998	0.0	0.0	0.0	0.0	76.8887361309039	0.0	0.0	0.0	0.0	0.0	0.0	0.0	0.0	0.0
GSM4138110_HNSCC_1_PBMC_CGCTATCAGGTAGCCA	16.70991429567879	111.91296317418895	81.64164695068341	0.0	83.77842332905847	57.505213811471194	0.0	0.0	0.0	0.0	0.0	45.68166800654894	0.0	0.0	0.0	0.0
GSM4138110_HNSCC_1_PBMC_CGCTTCACAGTACACT	94.33176544322164	0.0	0.0	0.0	0.0	0.0	0.0	0.0	86.11325512041425	124.05068758486517	0.0	0.0	0.0	0.0	0.0	0.0
GSM4138110_HNSCC_1_PBMC_CGGAGCTCAGACGCAA	89.70542048338893	0.0	0.0	19.594311025328125	0.0	0.0	0.0	58.06960236438569	0.0	56.027221525701734	0.0	0.0	0.0	0.0	0.0	0.0
GSM4138110_HNSCC_1_PBMC_CGGAGCTTCGCCTGAG	127.5271699586082	131.80050227623795	0.0	0.0	29.52951808933749	42.11430609953211	45.44163006667268	0.0	0.0	0.0	0.0	0.0	0.0	0.0	0.0	0.0
GSM4138110_HNSCC_1_PBMC_CGGCTAGTCACATAGC	181.44687184565737	0.0	0.0	0.0	69.65866004151094	57.65368178243031	0.0	0.0	0.0	0.0	133.64406681865546	0.0	0.0	0.0	0.0	0.0
GSM4138110_HNSCC_1_PBMC_CGGCTAGTCAGAGACG	33.61227406425707	61.57114554889825	99.15376230322633	77.71621773853118	0.0	0.0	0.0	0.0	0.0	0.0	0.0	0.0	0.0	0.0	0.0	0.0
GSM4138110_HNSCC_1_PBMC_CGGCTAGTCCTAAGTG	0.0	0.0	67.22263142896793	54.4202644046488	0.0	0.0	0.0	0.0	0.0	50.81064868039197	0.0	0.0	0.0	130.0728778418011	0.0	1.2472817459487557
GSM4138110_HNSCC_1_PBMC_CGTAGCGAGAAGGGTA	101.2613770300251	154.20914111735567	0.0	15.068197790557054	0.0	56.6881086351349	0.0	0.0	0.0	0.0	0.0	0.0	0.0	0.0	0.0	0.0
GSM4138110_HNSCC_1_PBMC_CGTAGGCGTGGTAACG	0.0	105.06896105782613	67.5728920338853	0.0	46.82555769849911	0.0	0.0	0.0	0.0	0.0	0.0	0.0	0.0	0.0	0.0	0.0
GSM4138110_HNSCC_1_PBMC_CGTCACTTCAAACCGT	85.16933343452853	99.97715286793992	0.0	50.41747993142417	0.0	0.0	0.0	0.0	0.0	40.75338458120231	0.0	0.0	0.0	0.0	0.0	0.0
GSM4138110_HNSCC_1_PBMC_CGTCCATAGCAGCGTA	57.72147842779876	0.0	0.0	37.186855954332714	0.0	0.0	0.0	0.0	0.0	0.0	0.0	77.30022927598252	0.0	0.0	0.0	0.0
GSM4138110_HNSCC_1_PBMC_CGTGTAAAGGTGTGGT	0.0	94.1469971667801	103.1709219019652	112.77467387003178	0.0	0.0	0.0	0.0	0.0	5.3674064828394785	0.0	0.0	0.0	0.0	0.0	0.0
GSM4138110_HNSCC_1_PBMC_CGTTGGGCAGGCGATA	85.58391814571287	0.0	6.981585125880159	82.12991678224766	0.0	0.0	0.0	64.86868005142682	0.0	0.0	0.0	0.0	0.0	0.0	0.0	0.0
GSM4138110_HNSCC_1_PBMC_CTACACCGTAGCTTGT	67.36228848137141	101.89473306293034	0.0	0.0	0.0	26.63731090553524	43.54755901316773	0.0	0.0	0.0	0.0	0.0	0.0	0.0	0.0	0.0
GSM4138110_HNSCC_1_PBMC_CTACGTCAGTGGGATC	0.0	55.11616216009323	132.01642491979263	0.0	0.0	18.825324427812394	40.364641795475	0.0	0.0	0.0	0.0	0.0	0.0	0.0	0.0	0.0
GSM4138110_HNSCC_1_PBMC_CTACGTCTCCACGAAT	59.7733178704926	75.8368554072106	0.0	0.0	0.0	0.0	49.330667633079955	0.0	0.0	0.0	0.0	0.0	0.0	0.0	0.0	0.0
GSM4138110_HNSCC_1_PBMC_CTAGCCTAGCCAACAG	0.0	0.0	113.1287211137505	0.0	0.0	91.55158464443777	0.0	60.68901556586586	0.0	0.0	0.0	0.0	0.0	0.0	0.0	0.0
GSM4138110_HNSCC_1_PBMC_CTCAGAATCGAATGGG	101.05265017650558	126.95770009783357	0.0	0.0	0.0	7.949403365062691	116.00502755406552	0.0	0.0	0.0	0.0	0.0	0.0	0.0	0.44285586541662186	0.0
GSM4138110_HNSCC_1_PBMC_CTCCTAGCAAGTCTGT	85.80783881092172	0.0	0.0	0.0	49.986986927954845	0.0	0.0	78.97332946777308	0.0	65.68968578624913	0.0	0.0	0.0	0.0	0.0	0.0
GSM4138110_HNSCC_1_PBMC_CTCGGAGAGCAGGTCA	128.64868180076587	98.191439136922	0.0	0.0	0.0	0.0	80.54929726642287	0.0	0.0	0.0	0.0	0.0	0.0	0.0	0.0	0.0
GSM4138110_HNSCC_1_PBMC_CTCGTACTCAGCAACT	171.8086749943027	115.77291831516493	0.0	156.87497729166904	0.0	0.0	0.0	0.0	0.0	0.0	0.0	0.0	0.0	0.0	0.0	0.0
GSM4138110_HNSCC_1_PBMC_CTCGTCAAGCTCTCGG	227.33969144541462	0.0	0.0	0.0	0.0	73.14669014292053	0.0	0.0	0.0	0.0	0.0	195.46765985729766	0.0	0.0	0.0	0.0
GSM4138110_HNSCC_1_PBMC_CTCTACGCAGATCGGA	55.50048627730423	39.42921433936002	0.0	0.0	57.50970906919809	0.0	0.0	0.0	0.0	0.0	0.0	0.0	0.0	0.0	0.0	0.0
GSM4138110_HNSCC_1_PBMC_CTCTGGTAGACAGGCT	43.76447783480978	93.25077746892946	0.0	0.0	82.76330159548449	0.0	0.0	0.0	0.0	0.0	0.0	0.0	0.0	0.0	0.0	0.0
GSM4138110_HNSCC_1_PBMC_CTCTGGTCACAGCCCA	0.0	140.1020600539942	116.8849772071226	0.0	82.36745956317311	0.0	0.0	0.0	0.0	1.2784290321750214	0.0	0.0	0.0	0.0	0.0	0.0
GSM4138110_HNSCC_1_PBMC_CTGAAACCAGCCTTGG	35.538175039757064	0.0	60.074516810382036	80.25942426673943	0.0	0.0	0.0	77.39861367579411	0.0	0.0	0.0	0.0	0.0	0.0	0.0	0.0
GSM4138110_HNSCC_1_PBMC_CTGAAACCAGTATGCT	53.877180328474914	0.0	4.282494235503917	118.06617719674276	0.0	0.0	0.0	0.0	0.0	0.0	109.72881451914172	0.0	0.0	0.0	0.0	0.0
GSM4138110_HNSCC_1_PBMC_CTGAAGTCAGCTGCTG	64.0452838024684	82.88135653356672	0.0	0.0	97.70175106125164	0.0	0.0	0.0	3.4083876495385628	0.0	0.0	3.223493954412345	0.0	0.0	0.0	0.0
GSM4138110_HNSCC_1_PBMC_CTGAAGTGTTCTCATT	87.16669663007374	54.502694425274655	0.0	0.0	0.0	0.0	68.09283946479815	0.0	0.0	0.0	0.0	0.0	0.0	0.0	0.0	0.0
GSM4138110_HNSCC_1_PBMC_CTGTTTACAAAGGTGC	0.0	0.0	102.3752374356549	0.0	8.043996386909766	59.22117685286428	0.0	72.92523676613362	0.0	0.0	0.0	0.0	0.0	0.0	0.0	0.0
GSM4138110_HNSCC_1_PBMC_CTTAACTGTGACGCCT	76.99323648278563	0.0	0.0	0.0	15.37789785057807	42.72275372645428	0.0	96.04373620134929	0.0	0.0	0.0	0.0	0.0	0.0	0.0	0.0
GSM4138110_HNSCC_1_PBMC_CTTAGGAAGGTGATTA	0.0	0.0	163.32217086620668	0.0	126.44153086033681	102.4551807775277	0.0	0.0	0.0	0.0	177.5345572516299	0.0	0.0	0.0	7.460238947321693	0.0
GSM4138110_HNSCC_1_PBMC_CTTAGGACAGAGTGTG	0.0	64.07173073503532	76.32724157430947	0.0	30.012490009908984	45.07655335882055	0.0	0.0	0.0	0.0	0.0	0.0	0.0	0.0	0.0	0.0
GSM4138110_HNSCC_1_PBMC_CTTGGCTCAAAGCGGT	109.01500372497252	128.4821202118237	0.0	42.88120377061974	0.0	0.0	54.53949706417064	0.0	0.0	0.0	0.0	0.0	0.0	0.0	0.0	0.0
GSM4138110_HNSCC_1_PBMC_GAAACTCGTCTTCTCG	144.93848628205006	110.06977385126889	0.0	0.0	0.0	0.0	0.0	0.0	0.0	178.56827123713342	0.0	0.0	0.0	0.0	0.0	0.0
GSM4138110_HNSCC_1_PBMC_GAAATGAAGAGCAATT	65.55102941108017	0.0	0.0	0.0	54.82599223327887	0.0	0.0	0.0	55.108773088094416	0.0	0.0	0.0	0.0	0.0	0.0	0.0
GSM4138110_HNSCC_1_PBMC_GAACATCTCGGTTAAC	0.0	0.0	86.7238518169442	0.0	90.05425583966358	0.0	0.0	70.19619121218206	0.0	0.0	0.0	0.0	0.0	0.0	0.0	0.0
GSM4138110_HNSCC_1_PBMC_GAACCTATCGGCCGAT	19.587954155733975	0.0	88.39568594838896	0.0	0.0	102.75493840901167	0.0	0.0	0.0	0.0	74.82808945741563	0.0	0.0	0.0	0.0	0.0
GSM4138110_HNSCC_1_PBMC_GAATGAAGTTGGACCC	0.0	41.34605216322765	70.66479461826192	0.0	0.0	0.0	65.45252758797938	0.0	0.0	0.0	0.0	0.0	0.0	0.0	0.0	0.0
GSM4138110_HNSCC_1_PBMC_GACAGAGAGAGCCTAG	57.17166471740633	0.0	0.0	0.0	0.0	0.0	0.0	0.0	29.773248408580308	50.74988958413803	0.0	0.0	0.0	0.0	0.0	27.805600894402417
GSM4138110_HNSCC_1_PBMC_GACTAACAGGCAGGTT	116.56486395163707	133.12678981340585	0.0	0.0	0.0	0.0	0.0	0.0	0.0	161.7655908318247	0.0	0.0	0.0	0.0	0.0	0.0
GSM4138110_HNSCC_1_PBMC_GACTGCGGTATCTGCA	59.894626310483645	0.0	0.0	0.0	0.0	1.7943523906450385	76.63618427728244	0.0	61.68664030975803	0.0	0.0	0.0	0.0	0.0	0.0	0.0
GSM4138110_HNSCC_1_PBMC_GACTGCGTCTAAGCCA	0.0	60.44383920393639	114.04693016574397	149.00282563376817	0.0	0.0	0.0	0.0	0.0	0.0	29.180022343947545	0.0	0.0	0.0	1.9129004320756002	0.0
GSM4138110_HNSCC_1_PBMC_GATCGATGTGCTGTAT	104.33449285250684	0.0	45.297097140705354	52.031965307498616	0.0	0.0	0.0	0.0	0.0	41.823566047052154	89.81773412087914	0.0	0.0	0.0	0.0	0.0
GSM4138110_HNSCC_1_PBMC_GATCTAGAGGGCTCTC	40.58208838603986	0.0	55.607062558062836	76.33415234118831	0.0	0.0	0.0	67.9294868761417	0.0	0.0	0.0	0.0	0.0	0.0	0.0	0.0
GSM4138110_HNSCC_1_PBMC_GATCTAGCAAACCTAC	130.7971635994247	102.43125203648898	0.0	0.0	0.0	125.69795759472684	6.937439018966443	0.0	0.0	0.0	0.0	0.0	0.0	0.0	0.0	0.0
GSM4138110_HNSCC_1_PBMC_GATGAAAAGAAGGGTA	53.454752296178235	0.0	0.0	0.0	59.533350126307944	0.0	0.0	0.0	0.0	0.0	69.4289585743382	0.0	0.0	0.0	0.0	0.0
GSM4138110_HNSCC_1_PBMC_GATGCTAGTATGGTTC	82.11916502561448	119.335792437665	16.437494217035795	0.0	35.1996883563703	20.999773226232655	0.0	0.0	0.0	0.0	0.0	0.0	0.0	0.0	0.0	0.0
GSM4138110_HNSCC_1_PBMC_GATTCAGAGCTATGCT	0.0	105.8372451132862	116.24920132549758	0.0	0.0	103.78358910966243	5.857267473701287	64.9446797516769	0.0	0.0	0.0	0.0	0.0	0.0	0.0	0.0
GSM4138110_HNSCC_1_PBMC_GCACATACATGAACCT	4.260079174338341	108.22181422642618	78.70483998664179	0.0	89.49990238877271	0.0	0.0	0.0	0.0	0.0	0.0	0.0	0.0	0.0	0.0	0.0
GSM4138110_HNSCC_1_PBMC_GCACATAGTCTTCTCG	93.17586728291877	22.77817148482863	0.0	0.0	31.525059772279377	40.8325406327001	0.0	0.0	0.0	0.0	93.5070537464863	0.0	0.0	0.0	0.0	0.0
GSM4138110_HNSCC_1_PBMC_GCAGTTATCCTACAGA	0.0	1.2009963818049445	26.533443488259703	73.93286035830559	0.0	0.0	0.0	0.0	8.321251357372246	0.0	0.0	0.0	0.0	47.09898733792888	0.0	0.0
GSM4138110_HNSCC_1_PBMC_GCATACAAGACACGAC	152.13734324526115	125.55468042977068	0.0	0.0	140.06736505517162	0.0	0.0	0.0	0.0	0.0	0.0	0.0	0.0	0.0	0.0	0.0
GSM4138110_HNSCC_1_PBMC_GCATGTATCTCATTCA	60.05933141736501	0.0	0.0	0.0	0.0	52.62096903416351	0.0	0.0	0.0	0.0	65.552887092184	0.0	0.0	0.0	0.0	0.0
GSM4138110_HNSCC_1_PBMC_GCGAGAATCTATCCTA	95.36326658526319	21.217152122763814	0.0	0.0	0.0	70.21669651210229	0.0	44.64605694164882	0.0	0.0	0.0	0.0	0.0	0.0	0.0	0.0
GSM4138110_HNSCC_1_PBMC_GCGCAACCAGTACACT	71.26852494678681	62.54265148222086	0.0	0.0	58.58540865581538	0.0	0.0	0.0	0.0	0.0	0.0	0.0	0.0	0.0	0.0	0.0
GSM4138110_HNSCC_1_PBMC_GCGCAACTCACCGTAA	48.08213392412657	78.10627309509823	2.897362373456804	128.55085736669636	0.0	0.0	0.0	0.0	0.0	0.0	0.0	0.0	0.0	0.0	0.0	0.0
GSM4138110_HNSCC_1_PBMC_GCGGGTTTCTGTACGA	51.88666895850741	111.41754053865114	40.523177407868324	0.0	76.99444991853451	0.0	0.0	0.0	0.0	0.0	0.0	0.0	0.0	0.0	0.0	0.0
GSM4138110_HNSCC_1_PBMC_GCTGCAGCACAACGCC	81.13863815151937	0.0	0.0	0.0	0.0	0.0	36.82733477425233	0.0	0.0	0.0	0.0	87.04602774615653	0.0	0.0	0.0	0.0
GSM4138110_HNSCC_1_PBMC_GGAACTTCAACTGGCC	107.04310966855294	126.54557132911972	0.0	0.0	0.0	0.0	72.24090972785073	0.0	0.0	0.7857969880076868	0.0	0.0	0.0	0.0	0.0	0.0
GSM4138110_HNSCC_1_PBMC_GGAATAAAGAACAATC	66.44664094046662	85.3450973078265	0.0	68.02843975268155	0.0	0.0	0.0	0.0	0.0	0.0	0.0	0.0	0.0	0.0	0.0	0.0
GSM4138110_HNSCC_1_PBMC_GGACATTCACGGTTTA	87.08132811193789	0.0	0.0	65.63878160312665	0.0	0.0	0.0	0.0	0.0	0.0	0.0	107.7562016652524	0.0	0.0	0.0	0.0
GSM4138110_HNSCC_1_PBMC_GGCTCGATCCGCGTTT	67.75099460065857	0.0	0.0	5.6652490130334225	73.5396256820145	0.0	0.0	0.0	49.12064051794916	0.0	0.0	12.25016250244223	0.0	0.0	0.0	0.0
GSM4138110_HNSCC_1_PBMC_GGGACCTAGCCAGGAT	93.59159698212788	0.0	0.0	0.0	0.0	75.22402290442892	0.0	79.24150523561057	0.0	0.0	0.0	0.0	4.849675632219677	0.0	0.0	0.0
GSM4138110_HNSCC_1_PBMC_GGGACCTCAGTCACTA	60.00386973048406	175.3954429792158	61.158899526243594	182.539076815515	0.0	0.0	0.0	0.0	0.0	0.0	0.0	0.0	0.0	0.0	0.0	0.0
GSM4138110_HNSCC_1_PBMC_GGGAGATGTGTGCGTC	0.0	0.0	60.413151150745165	0.0	55.83776320831549	0.41892818100027324	0.0	0.0	0.0	0.0	0.0	97.17334767724682	0.0	0.0	0.0	0.0
GSM4138110_HNSCC_1_PBMC_GGGAGATTCACGATGT	7.532739933496586	39.91062599494172	93.05977384467475	0.0	20.012531941488767	32.70846134374711	0.0	0.0	0.0	0.0	0.0	0.0	0.0	0.0	0.0	0.0
GSM4138110_HNSCC_1_PBMC_GGGTTGCGTCCGAAGA	93.85624558274381	41.142170751496906	15.401499156726771	0.0	50.69276712963592	5.421943363700321	42.72046656785663	0.0	0.0	0.0	0.0	47.710808697253476	0.0	0.0	0.0	0.0
GSM4138110_HNSCC_1_PBMC_GGTGAAGTCGCTTGTC	0.0	92.32714271309206	108.58986458824307	51.61755719323994	0.0	30.347083063097262	0.0	0.0	0.0	0.1921502179766245	0.0	0.0	0.0	0.0	0.0	0.0
GSM4138110_HNSCC_1_PBMC_GGTGTTACAAACGCGA	88.05765184463479	0.0	0.0	0.0	108.86157362918367	0.0	0.0	79.01848238710446	0.0	0.0	0.0	0.0	0.0	0.0	0.0	0.0
GSM4138110_HNSCC_1_PBMC_GTAACTGTCTTCGAGA	0.0	84.89319132846231	108.48016209225226	0.0	0.0	0.0	101.06932382972755	0.0	0.0	0.0	0.0	0.0	0.0	0.0	0.0	0.0
GSM4138110_HNSCC_1_PBMC_GTAGGCCAGGTGTGGT	5.54608053056135	0.0	58.096106047689304	98.30176480875802	0.0	0.0	0.0	0.0	0.0	0.0	0.0	64.52144631876037	0.0	0.0	0.0	0.0
GSM4138110_HNSCC_1_PBMC_GTAGTCACAGATCCAT	10.593885296429193	57.7638385397302	69.01907578620256	0.0	0.0	0.0	22.164790539195046	0.0	0.0	70.9757075022319	0.0	0.0	0.0	39.16281741772891	0.0	0.0
GSM4138110_HNSCC_1_PBMC_GTAGTCAGTGGGTCAA	54.70402683131572	0.0	0.0	0.0	55.81476403590392	0.0	0.0	29.125804370735995	10.79023360169302	0.0	25.018690686841428	0.0	0.0	0.0	0.0	0.0
GSM4138110_HNSCC_1_PBMC_GTATTCTAGGGTTTCT	73.58513461472758	0.0	33.0916654905407	0.0	0.0	0.0	0.0	0.0	66.20739751118761	153.7331768570114	0.0	0.0	0.0	0.0	0.0	0.0
GSM4138110_HNSCC_1_PBMC_GTATTCTTCCAAACTG	0.0	51.54991802755882	104.33870455032253	0.0	0.0	0.0	0.0	56.50491863891945	0.0	103.80201531524168	0.0	0.0	0.0	0.0	0.0	0.0
GSM4138110_HNSCC_1_PBMC_GTCGTAACAGGAACGT	0.0	23.198977488649245	72.70886411145624	0.0	0.0	0.0	44.774170567478734	34.42869265799437	0.0	66.50781044605175	0.0	0.0	0.0	0.0	0.0	0.0
GSM4138110_HNSCC_1_PBMC_GTCGTAAGTATGAAAC	3.581966308603241	0.0	56.69993198290432	0.0	18.245835545829774	20.358305287642537	7.037448465671121	83.37277587217555	0.0	0.0	0.0	0.0	0.0	0.0	0.0	0.0
GSM4138110_HNSCC_1_PBMC_GTCTCGTGTACGCACC	76.99143415523454	0.0	44.3174828176685	0.0	0.0	0.0	0.0	37.23666967566698	0.0	98.02574766620806	0.0	0.0	0.0	0.0	0.0	0.0
GSM4138110_HNSCC_1_PBMC_GTGGGTCAGAATGTGT	53.52523589073527	0.0	0.0	31.312749806555708	28.365182219339683	0.0	0.0	0.0	54.187438347403976	6.836215597201091	0.0	0.0	0.0	0.0	0.0	0.0
GSM4138110_HNSCC_1_PBMC_GTTCATTGTAGCTGCC	68.28168283113878	140.9377916484088	23.912815716324555	104.95624330751737	0.0	9.794929157142922	0.0	0.0	0.0	0.0	0.0	0.0	0.0	0.0	0.0	0.0
GSM4138110_HNSCC_1_PBMC_GTTCATTTCCGCGGTA	93.63536594883263	110.19106479403507	0.0	0.0	17.33190683696863	73.92672362280331	0.0	0.0	0.0	0.0	0.0	0.0	0.0	0.0	0.0	0.0
GSM4138110_HNSCC_1_PBMC_GTTCTCGCACTATCTT	90.73902948581751	0.0	0.0	0.0	73.37356930560185	0.0	0.0	0.0	13.715229703179162	0.0	0.0	49.774160565908964	0.0	0.0	0.0	0.0
GSM4138110_HNSCC_1_PBMC_GTTCTCGTCAGAGACG	11.990604791106081	0.0	55.433522903710475	0.0	0.0	119.80611503863828	0.0	0.0	44.76929646308624	0.0	0.0	23.9817287462838	0.0	0.0	0.0	0.0
GSM4138110_HNSCC_1_PBMC_TAAGCGTAGGTGCTTT	0.0	0.0	145.01809664550413	0.0	148.20073086119223	71.38532610001265	0.0	0.0	0.0	0.0	0.0	0.0	154.81466484294418	3.6617764224843685	0.0	0.0
GSM4138110_HNSCC_1_PBMC_TACAGTGGTCATCGGC	42.792914580221236	150.1936563546845	65.39075696441994	135.48470101505993	0.0	0.0	0.0	0.0	0.0	0.0	0.0	0.0	0.0	0.0	0.0	0.0
GSM4138110_HNSCC_1_PBMC_TACCTTATCACGATGT	0.0	98.94043858309077	139.4831153432216	0.0	0.0	43.759512769871755	83.15709048865592	0.0	0.0	0.0	0.0	0.0	0.0	0.0	0.0	0.0
GSM4138110_HNSCC_1_PBMC_TACGGATTCTAACTTC	39.59666045192884	48.06802690183624	13.17357323154071	39.45112128791377	0.0	0.0	0.0	0.0	26.358867561841482	48.64815593284237	0.0	0.0	0.0	0.0	0.0	0.0
GSM4138110_HNSCC_1_PBMC_TACTTGTAGTCATCCA	0.0	0.0	56.04895808278857	0.0	60.04126801684329	0.0	70.45488997736001	0.0	0.0	0.0	104.96153441880583	0.0	0.0	0.0	0.0	0.0
GSM4138110_HNSCC_1_PBMC_TACTTGTTCAGAGCTT	86.87430961165127	0.0	0.0	0.0	41.761311577177246	42.99116705181866	0.0	60.99143396016206	0.0	0.0	0.0	66.79764960771475	0.0	0.0	0.0	0.0
GSM4138110_HNSCC_1_PBMC_TAGACCAGTCCGAGTC	92.34126965414585	104.88973535937166	0.0	118.43745228282404	0.0	0.0	0.0	0.0	0.0	0.0	0.0	0.0	0.0	0.0	0.0	0.0
GSM4138110_HNSCC_1_PBMC_TAGAGCTGTTCCCTTG	66.69499682297827	82.71395736764957	0.0	0.0	72.44775896509555	0.0	10.13337823556071	0.0	0.0	0.0	0.0	0.0	0.0	0.0	0.0	0.0
GSM4138110_HNSCC_1_PBMC_TATCTCACACGGCGTT	0.0	98.14443849030799	110.62182085784255	0.0	72.86761353985382	0.0	0.0	0.0	0.0	0.0	0.0	0.0	0.0	0.0	0.0	0.0
GSM4138110_HNSCC_1_PBMC_TATCTCATCAACGGGA	107.13942354313807	58.53259218558564	0.0	0.0	92.01971481702412	0.0	0.0	0.0	79.91026514126055	0.0	0.0	0.0	0.0	0.0	0.0	0.0
GSM4138110_HNSCC_1_PBMC_TCACGAATCTGTCCGT	82.20600069723757	0.0	0.0	96.95088623661923	0.0	0.0	0.0	79.26141884400779	0.0	0.0	0.0	0.0	40.317627104216065	0.0	0.0	0.0
GSM4138110_HNSCC_1_PBMC_TCAGATGTCCGCGTTT	41.85472098684929	71.63883078358782	52.4174451768386	0.0	51.94587247293225	35.889314511644905	0.0	0.0	0.0	0.0	0.0	0.0	0.0	0.0	0.0	0.0
GSM4138110_HNSCC_1_PBMC_TCAGCAAAGGCGCTCT	161.3812553322296	0.0	0.0	0.0	0.0	0.0	12.269688470403793	46.31721344706146	25.181051557465832	16.207281579243414	0.0	0.0	0.0	0.0	0.0	0.0
GSM4138110_HNSCC_1_PBMC_TCATTACAGCGCTCCA	74.59685808612488	113.12480062357751	0.0	0.0	74.15568603936225	0.0	0.0	0.0	0.0	0.0	0.0	0.0	0.0	0.0	0.0	0.0
GSM4138110_HNSCC_1_PBMC_TCCCGATAGTGGAGAA	75.17373880082096	0.0	0.0	0.0	35.46369928902858	0.0	0.0	0.0	69.04158363956086	0.0	0.0	0.0	0.0	0.0	0.0	0.0
GSM4138110_HNSCC_1_PBMC_TCGCGAGGTAGCACGA	125.06859253101554	128.95211488368952	0.0	0.0	0.0	0.0	0.0	0.0	0.0	144.70401236210378	0.0	0.0	0.0	0.0	0.0	0.0
GSM4138110_HNSCC_1_PBMC_TCGGGACTCAACGAAA	0.0	86.01020809447621	98.08121752781142	20.493936569996947	0.0	0.0	0.0	0.0	0.0	69.21495046718474	0.0	0.0	0.0	0.0	0.0	0.0
GSM4138110_HNSCC_1_PBMC_TCGGGACTCGAGAGCA	133.87333515731342	0.0	22.51868738941689	0.0	20.167218555295015	102.95907162107326	0.0	134.43508986896873	0.0	0.0	0.0	0.0	0.0	0.0	0.0	0.0
GSM4138110_HNSCC_1_PBMC_TCGGTAATCACTCTTA	87.36219524308535	0.0	0.0	0.0	63.17727996579904	1.8874863175094778	0.0	0.0	113.19509005687141	0.0	0.0	0.0	0.0	0.0	0.0	0.0
GSM4138110_HNSCC_1_PBMC_TCGTACCTCCGCAAGC	291.2538956921094	161.08064945861955	0.0	0.0	6.823263079773369	155.19897459001044	0.0	0.0	0.0	0.0	0.0	0.0	0.0	0.0	0.0	0.0
GSM4138110_HNSCC_1_PBMC_TCGTACCTCTGCCCTA	33.15551377457889	191.49234359256081	116.25861155901245	222.5370915935987	0.0	0.0	0.0	0.0	0.0	0.0	0.0	0.0	0.0	0.0	0.0	0.0
GSM4138110_HNSCC_1_PBMC_TCTATTGGTCTAAAGA	23.021018751643524	0.19947700200891602	48.02480125135779	94.10582086082043	0.0	0.0	0.0	0.0	63.156273529802135	0.0	0.0	33.15542351576304	0.0	0.0	0.0	0.0
GSM4138110_HNSCC_1_PBMC_TCTATTGGTTGGTTTG	0.05207266701167233	0.0	71.03826286188311	0.0	94.72416684839565	0.0	0.0	0.0	89.48210274515309	0.0	0.0	0.0	0.0	0.0	0.0	0.0
GSM4138110_HNSCC_1_PBMC_TCTATTGTCTGCAGTA	60.92527811202067	0.0	0.0	61.868514431076854	0.0	0.0	0.0	0.0	47.58149915023694	0.0	0.0	0.0	0.0	0.0	0.0	0.0
GSM4138110_HNSCC_1_PBMC_TCTGAGACAGATAATG	109.76053401413203	0.0	0.0	0.0	132.7149264458711	0.0	0.0	0.0	0.0	0.0	0.0	122.16311346920433	0.0	0.0	0.0	0.0
GSM4138110_HNSCC_1_PBMC_TCTGAGAGTAAGAGAG	84.02859978141623	0.0	0.0	86.16653275677197	0.0	0.0	0.0	79.88168084609316	0.0	7.830377153835067	0.0	0.0	0.0	0.0	0.0	0.0
GSM4138110_HNSCC_1_PBMC_TCTGAGATCCTTTCTC	77.81945010822199	120.12517943906572	0.0	0.0	0.0	0.0	0.0	0.0	0.0	89.7247523667267	0.0	0.0	0.0	0.0	0.0	0.0
GSM4138110_HNSCC_1_PBMC_TCTGGAATCTCAAACG	75.27468816992831	124.52256512756657	0.0	0.0	0.0	0.0	70.96081601215609	0.0	0.0	0.0	0.0	0.0	0.0	0.0	0.0	0.0
GSM4138110_HNSCC_1_PBMC_TCTTTCCAGTGGGCTA	0.0	0.0	77.48065784528602	0.0	36.53910634504802	0.2864492336810467	52.99160834484317	116.48927493896859	0.0	0.0	0.0	0.0	0.0	0.0	0.0	0.0
GSM4138110_HNSCC_1_PBMC_TGAAAGACACTTCGAA	26.983493246590537	82.43379262337254	11.778176474967736	0.0	37.64818331361396	0.0	0.0	0.0	0.0	0.0	0.0	0.0	0.0	0.0	0.0	0.0
GSM4138110_HNSCC_1_PBMC_TGACAACGTTAAGGGC	139.28021793189473	128.09260872160624	0.0	0.0	0.0	0.0	0.0	0.0	0.0	125.17969015211656	0.0	0.0	0.0	0.0	0.0	0.0
GSM4138110_HNSCC_1_PBMC_TGACGGCAGCGCCTTG	58.94881255712782	174.41901276809057	0.0	104.36152419658431	0.0	0.0	0.0	0.0	0.0	0.0	0.0	0.0	0.0	0.0	0.0	0.0
GSM4138110_HNSCC_1_PBMC_TGACGGCGTTACGACT	39.14379230656991	83.13315818655379	35.374277025382476	0.0	84.05821922785665	0.0	0.0	0.0	0.0	0.0	0.0	0.0	0.0	0.0	0.0	0.0
GSM4138110_HNSCC_1_PBMC_TGACGGCTCGGTTCGG	102.53234643620824	0.0	0.0	0.0	95.12002379966137	0.0	25.698274906073877	0.0	53.3146975917487	0.0	0.0	26.75880832268223	0.0	0.0	0.0	0.0
GSM4138110_HNSCC_1_PBMC_TGACTAGAGAACTGTA	49.32806951016607	83.60859610079	0.0	0.0	0.0	20.986277418043702	0.0	0.0	0.0	0.0	0.0	0.0	0.0	0.0	0.0	0.0
GSM4138110_HNSCC_1_PBMC_TGAGCATGTATTCTCT	0.0	49.978467029218876	281.36708114896567	0.0	0.0	0.0	0.0	0.0	0.0	198.31338274729484	142.29876801602026	0.0	0.0	0.3753640968638985	0.0	0.0
GSM4138110_HNSCC_1_PBMC_TGCACCTTCCAGGGCT	0.0	137.23188414125033	106.85925379616845	200.06076993107044	0.0	0.0	0.0	0.0	0.0	0.0	0.0	0.0	0.0	0.0	0.0	0.0
GSM4138110_HNSCC_1_PBMC_TGCCAAATCGCGGATC	11.22066649278742	26.1182065115855	54.22310777345416	0.0	0.0	0.0	0.0	0.0	0.0	116.08062715281943	0.0	83.6025977243084	0.0	0.0	0.0	0.0
GSM4138110_HNSCC_1_PBMC_TGCCAAATCTTCCTTC	0.0	62.33020868988681	70.86415194435152	0.0	0.0	105.3712398410892	0.0	0.0	0.0	0.0	0.0	0.0	0.0	0.0	0.0	0.0
GSM4138110_HNSCC_1_PBMC_TGCCCATGTGGTCCGT	0.0	0.0	84.3648652832995	0.0	74.24099836326039	0.0	0.0	72.0898560613127	0.0	0.0	0.0	0.0	0.0	0.0	0.0	0.0
GSM4138110_HNSCC_1_PBMC_TGCCCTACAAAGCAAT	28.437987445505296	111.00060682948558	65.57443228344597	0.0	45.15769689295963	43.09417996959272	0.0	0.0	0.0	0.0	0.0	0.0	0.0	0.0	0.0	0.0
GSM4138110_HNSCC_1_PBMC_TGCCCTAGTGTCGCTG	0.6680981946751701	0.0	95.41346463652086	63.59449761711017	0.0	0.0	0.0	0.0	0.0	0.0	144.87885689993308	0.0	0.0	0.0	0.0	0.0
GSM4138110_HNSCC_1_PBMC_TGCGCAGAGGGCATGT	0.0	0.0	208.7460176413566	0.0	3.893390527831813	153.27148625266562	0.0	0.0	0.0	0.0	0.0	0.0	159.32884459155517	0.0	0.0	0.0
GSM4138110_HNSCC_1_PBMC_TGCTACCCACTACAGT	71.57171976747878	102.60782965411123	63.51296435276328	0.0	40.451335679056854	66.17479054200622	0.0	0.0	0.0	0.0	0.0	0.0	0.0	0.0	0.0	0.0
GSM4138110_HNSCC_1_PBMC_TGCTACCCATTACGAC	0.0	0.0	81.19583739805805	0.0	0.0	44.97637528077626	16.995756004132545	33.3838012734283	34.59834875760272	0.0	0.0	0.0	0.0	0.0	0.0	0.0
GSM4138110_HNSCC_1_PBMC_TGCTACCTCAACCAAC	0.0	51.796147614954265	141.08803288882007	0.0	7.240289894210149	53.57304877655051	0.0	0.0	0.0	0.0	0.0	0.0	0.0	0.0	0.0	0.0
GSM4138110_HNSCC_1_PBMC_TGGACGCGTCATACTG	82.41278208015123	113.29588220818519	47.72810217727148	0.0	0.0	0.0	109.1358808486515	0.0	0.0	0.0	0.0	0.0	0.0	0.0	0.0	0.0
GSM4138110_HNSCC_1_PBMC_TGGCCAGTCCTTAATC	105.12814134513829	0.0	0.0	165.30892150997633	0.0	0.0	0.0	29.82598830682012	0.0	0.0	0.0	0.0	0.0	0.0	0.0	51.95183862000937
GSM4138110_HNSCC_1_PBMC_TGGCTGGCAGTCGATT	0.0	130.68632364799157	228.51724530107276	117.71972928856427	6.7996035126251835	0.0	58.81470236569455	0.0	0.0	0.0	0.0	0.0	0.0	0.0	0.0	0.0
GSM4138110_HNSCC_1_PBMC_TGGGAAGCAATGGAGC	39.875126879129986	0.0	0.0	0.41902366465942625	0.0	0.0	0.0	0.0	63.567864255530516	68.19693059357394	0.0	0.0	0.0	0.0	0.0	0.0
GSM4138110_HNSCC_1_PBMC_TGGGCGTAGGGAGTAA	0.0	0.0	109.75292310312183	68.67040939689429	0.0	0.0	0.0	70.99392815893356	0.0	0.0	0.0	0.0	0.0	0.0	0.0	0.0
GSM4138110_HNSCC_1_PBMC_TGGGCGTGTTCGCGAC	47.476301391714486	53.38866536156598	50.995673556879574	0.0	70.59471475140955	0.0	0.0	0.0	0.0	0.0	0.0	0.0	0.0	0.0	0.0	0.0
GSM4138110_HNSCC_1_PBMC_TGGGCGTTCAACTCTT	0.0	106.58822305180622	49.089491535959205	0.0	57.06306573255037	0.0	0.0	0.0	0.0	0.0	0.0	0.0	0.0	0.0	0.0	0.0
GSM4138110_HNSCC_1_PBMC_TGGTTAGGTAGAAAGG	0.0	58.91661445691653	59.23398917580267	88.9054093913232	0.0	0.0	0.0	0.0	0.0	0.0	0.0	0.0	0.0	0.0	0.0	0.0
GSM4138110_HNSCC_1_PBMC_TGGTTAGTCGTCCGTT	0.0	0.0	133.71003155826287	63.48319161356398	43.36884530808462	0.31808001644940215	0.0	0.0	0.0	0.0	0.0	110.32256218944639	0.0	0.0	0.0	0.0
GSM4138110_HNSCC_1_PBMC_TTAACTCGTGTTCTTT	44.80416771522206	117.67751985764245	0.0	0.0	14.49980210111981	47.13934050554833	0.0	0.0	0.0	0.0	0.0	0.0	0.0	0.0	0.0	0.0
GSM4138110_HNSCC_1_PBMC_TTAACTCGTTAGTGGG	110.9664531656945	137.41563328376583	0.0	17.03110552459593	0.0	0.0	0.0	0.0	0.0	121.29292725382972	0.0	0.0	0.0	0.0	0.0	0.0
GSM4138110_HNSCC_1_PBMC_TTAGGCATCATGTCCC	61.618542143044934	0.0	0.0	0.0	0.0	69.24080631198198	0.0	0.0	66.85935440791427	0.0	0.0	0.0	0.0	0.0	0.0	0.0
GSM4138110_HNSCC_1_PBMC_TTCTACAGTTGTGGAG	36.82727912747349	43.7508047514526	0.0	95.72825842300159	0.0	0.0	0.0	0.0	0.0	66.14309544529745	0.0	0.0	0.0	0.0	0.0	0.0
GSM4138110_HNSCC_1_PBMC_TTCTCAATCCTCTAGC	0.0	137.12538367196075	96.198609579422	0.0	95.51564550047675	0.0	0.0	0.0	0.0	0.0	0.0	0.0	0.0	0.0	0.0	0.0
GSM4138110_HNSCC_1_PBMC_TTCTCCTTCCCGACTT	0.0	41.071405867632926	97.49228905483587	72.90940468748245	0.0	0.0	0.0	0.0	0.0	0.0	0.0	0.0	0.0	0.0	0.0	0.0
GSM4138110_HNSCC_1_PBMC_TTGACTTCATGGAATA	74.30285514552097	91.65277119729217	0.0	0.0	0.0	102.73871233349286	0.0	0.0	0.0	0.0	0.0	0.0	0.0	0.0	0.0	0.0
GSM4138110_HNSCC_1_PBMC_TTGACTTTCAGGTAAA	0.0	0.0	110.40257045962795	0.0	0.0	80.48734913804168	0.0	0.0	0.0	0.0	0.0	0.0	19.704719908697168	66.483345248095	0.0	0.0
GSM4138110_HNSCC_1_PBMC_TTGTAGGCAGCGTTCG	0.0	41.55412106911183	39.38197207281067	35.761524315220925	0.0	25.064709100121537	0.0	0.0	0.0	0.0	0.0	0.0	0.0	0.0	0.0	0.0
GSM4138110_HNSCC_1_PBMC_TTTACTGGTTCTGGTA	64.16793254450684	18.84568265579432	0.0	0.0	71.14294482262594	0.0	0.0	0.0	0.0	0.0	0.0	19.024135775410972	0.0	0.0	0.0	0.0
GSM4138110_HNSCC_1_PBMC_TTTATGCGTTTGTGTG	2.267532428566212	73.02434411462829	54.22985257410513	63.18662685842006	0.0	0.0	0.0	0.0	0.0	0.0	0.0	0.0	0.0	0.0	0.0	0.0
GSM4138110_HNSCC_1_PBMC_TTTCCTCCAGATCCAT	55.30040439210837	76.81404206425844	27.29693854020825	0.0	90.36253872248949	0.0	0.0	0.0	0.0	0.0	0.0	0.0	0.0	0.0	0.0	0.0
GSM4138110_HNSCC_1_PBMC_TTTCCTCGTTCGCGAC	88.96162243580328	0.0	0.0	0.0	0.0	0.0	144.75787106741632	0.0	0.0	0.0	0.0	0.0	0.0	0.0	130.3408580104301	18.39101846107839
GSM4138110_HNSCC_1_PBMC_TTTGCGCCACGAAATA	89.74439355962048	49.13928442393531	0.0	0.0	0.0	55.478600827146984	0.0	0.0	32.021725370761345	26.66334954719428	0.0	0.0	0.0	0.0	0.0	0.0
GSM4138110_HNSCC_1_PBMC_TTTGCGCGTTTCCACC	90.75070535170575	96.47257873722103	0.0	74.75714877559763	0.0	8.805705375408388	0.0	0.0	0.0	0.0	0.0	0.0	0.0	0.0	0.0	0.0
GSM4138110_HNSCC_1_PBMC_TTTGGTTAGAATTGTG	49.431578763312444	94.6502015191764	37.6377223377332	91.23668508106853	0.0	0.0	0.0	0.0	0.0	0.0	0.0	0.0	0.0	0.0	0.0	0.0
GSM4138110_HNSCC_1_PBMC_TTTGGTTAGAGCAATT	0.0	141.10851830825612	120.80081556806783	0.0	19.099983761997294	66.64953515846521	0.0	0.0	0.0	0.0	0.0	0.0	0.0	0.0	0.0	0.0
GSM4138110_HNSCC_1_PBMC_TTTGGTTGTCCGTGAC	104.52304185325424	62.873003734481266	0.0	98.24660767041298	0.0	0.0	0.0	0.0	0.0	0.0	0.0	0.0	0.0	0.0	0.0	0.0
GSM4138110_HNSCC_1_PBMC_TTTGTCAAGTACGATA	121.69362679538519	10.692653929628694	0.0	113.58035199645843	0.0	0.0	0.0	91.60918211441118	0.0	5.533104318745248	0.0	0.0	0.0	0.0	0.0	0.0
GSM4138110_HNSCC_1_PBMC_TTTGTCATCAGGCAAG	99.4104146928416	125.81880333585278	5.190074261796184	75.11196729192946	0.0	0.0	0.0	0.0	0.0	0.0	0.0	0.0	0.0	0.0	0.0	0.0
GSM4138110_HNSCC_1_PBMC_TTTGTCATCGCGTAGC	0.0	0.0	121.41950309172974	0.0	0.0	20.326619360877075	48.41590456196806	0.0	0.0	0.0	62.26635699001053	0.0	0.0	0.0	0.0	0.0
GSM4138110_HNSCC_1_PBMC_ACGGAGAAGCAGGCTA	124.56965114317204	50.79073942642418	0.0	73.10265898644657	0.0	0.0	0.0	0.0	18.512148185245454	0.0	0.0	0.0	0.0	0.1988856945062543	0.0	0.0
GSM4138110_HNSCC_1_PBMC_ACTATCTGTCGAGTTT	155.77117292107897	53.17656829623722	0.0	136.09779611434004	0.0	0.0	0.0	0.0	42.87396996807525	0.0	0.0	0.0	19.265388418752753	9.841615360229639	0.0	0.0
GSM4138110_HNSCC_1_PBMC_CAGTCCTGTAGAAGGA	76.36349414456157	103.42865332936306	10.18524421618911	96.72014808916157	0.0	0.0	0.0	0.0	0.0	0.0	0.0	0.0	0.0	0.0	0.0	0.0
GSM4138110_HNSCC_1_PBMC_CGATGTATCGGTCTAA	107.8053225661202	59.366849746837765	0.0	98.4437018161307	0.0	0.0	0.0	0.0	0.0	0.0	0.0	0.0	0.0	0.0	0.0	0.0
GSM4138110_HNSCC_1_PBMC_GACCTGGTCGCCAAAT	7.541588734232072	107.18764376176962	96.32151852352345	11.451612078521856	0.0	94.5094362919907	0.0	0.0	0.0	0.0	0.0	0.0	0.0	0.0	0.0	0.0
GSM4138110_HNSCC_1_PBMC_TACGGTACATGGTCAT	174.83785781345043	155.98073191450737	0.0	165.29186770338984	0.0	0.0	0.0	0.0	0.0	0.0	0.0	0.0	0.0	0.0	0.0	0.0
GSM4138110_HNSCC_1_PBMC_TTAGTTCTCGCGGATC	0.0	38.432440790891604	78.13290743826856	81.7323771231003	0.0	0.0	0.0	0.0	0.0	0.0	18.034647751199508	0.0	0.0	0.0	0.0	0.0
GSM4138110_HNSCC_1_PBMC_AAAGCAACACGCGAAA	9.192969616168222	186.18726621830086	151.46181581891378	155.48627170568443	0.0	0.0	0.0	0.0	0.0	0.0	0.0	0.0	0.0	0.0	0.0	0.0
GSM4138110_HNSCC_1_PBMC_AACTTTCGTGTATGGG	0.0	39.2408599212572	77.7403083683261	93.90396431520713	0.0	0.0	0.0	0.0	0.0	0.0	0.0	0.0	0.0	0.0	0.0	0.0
GSM4138110_HNSCC_1_PBMC_AAGGAGCAGGGAAACA	100.81721658844413	75.43319862290663	0.0	91.87940058249761	0.0	0.0	0.0	0.0	0.0	15.534099502995351	0.0	0.0	0.0	0.0	0.0	0.0
GSM4138110_HNSCC_1_PBMC_AATCGGTGTAATCACC	89.36753334221298	141.694560256829	23.826789836262254	111.77086295010707	0.0	0.0	0.0	0.0	0.0	0.0	0.0	0.0	0.0	0.0	0.0	0.0
GSM4138110_HNSCC_1_PBMC_ATAACGCTCACAACGT	0.0	0.0	236.49205883630455	221.04325802745564	0.0	0.0	0.0	0.0	0.0	0.0	0.0	0.0	240.6786418735827	0.0	0.0	0.0
GSM4138110_HNSCC_1_PBMC_ATCATCTTCTGGCGAC	292.2524001800143	161.66150532590083	0.0	204.18995634509116	0.0	0.0	0.0	0.0	0.0	0.0	0.0	0.0	0.0	0.0	0.0	0.0
GSM4138110_HNSCC_1_PBMC_ATCCGAATCGTTTATC	0.0	92.16944776106865	186.87926344355353	73.81355762841345	43.04459358845366	10.12356495112312	0.0	0.0	0.0	0.0	6.191818564807781	0.0	0.0	0.0	0.0	0.0
GSM4138110_HNSCC_1_PBMC_ATGCGATTCGTGGGAA	174.47126633441238	0.0	0.0	121.28214937267096	0.0	0.0	0.0	118.03892837500774	0.0	11.015319433510045	0.0	0.0	0.0	0.0	0.0	0.0
GSM4138110_HNSCC_1_PBMC_CAAGAAATCAGGCAAG	96.47542703486343	33.3262981646993	0.0	86.19343591493124	0.0	0.0	0.0	0.0	0.0	0.0	0.0	0.0	0.0	0.0	56.542637659006594	0.0
GSM4138110_HNSCC_1_PBMC_CACAGGCCACACCGAC	0.0	204.72328214912181	304.3568970417777	191.96716003361152	0.0	0.0	0.0	0.0	0.0	0.0	0.0	0.0	0.0	0.0	0.0	0.0
GSM4138110_HNSCC_1_PBMC_CACTCCATCTGTACGA	2.625540173105013	59.95877396097529	84.91871439491854	0.0	0.0	102.51617601799049	0.0	0.0	0.0	0.0	0.0	0.0	0.0	0.0	0.0	0.0
GSM4138110_HNSCC_1_PBMC_CCTTCCCTCGCCTGTT	65.45449624493226	57.14551431825333	0.0	65.44928103430951	0.0	0.0	0.0	0.0	0.0	0.0	0.0	0.0	0.0	0.0	0.0	0.0
GSM4138110_HNSCC_1_PBMC_CGATTGAAGACTAAGT	150.6415073861305	97.32403644689933	0.0	134.62822630544187	0.0	0.0	0.0	0.0	0.0	0.0	0.0	0.0	0.0	0.0	0.0	0.0
GSM4138110_HNSCC_1_PBMC_CGGACGTTCTGAGTGT	44.002940743674564	65.05212932898364	0.0	38.08125943809894	0.0	0.0	0.0	45.101571279161334	0.0	25.769584084456373	0.0	0.0	0.0	0.0	0.0	0.0
GSM4138110_HNSCC_1_PBMC_CGGGTCATCCCAACGG	76.70944784198609	66.42350382629448	0.0	0.0	0.0	0.0	0.0	0.0	0.0	68.3839841929407	0.0	0.0	0.0	0.0	0.0	0.0
GSM4138110_HNSCC_1_PBMC_CTCGAGGCATAGACTC	0.0	148.74420205212567	193.7921528320722	235.27429437344622	0.0	0.0	0.0	0.0	0.0	23.30451536425056	0.0	0.0	0.0	0.0	0.0	0.0
GSM4138110_HNSCC_1_PBMC_CTCGTCACAATAAGCA	0.0	121.92274129348664	165.69931069823267	152.89605689800425	31.300900122837053	0.0	0.0	0.0	0.0	0.0	0.0	0.0	0.0	0.0	0.0	0.0
GSM4138110_HNSCC_1_PBMC_CTGATCCTCTTTAGGG	57.663341340284354	126.94006574519855	67.17717926651339	129.29852529591983	0.0	0.0	0.0	0.0	0.0	0.0	0.0	0.0	0.0	0.0	0.0	0.0
GSM4138110_HNSCC_1_PBMC_CTGTGCTTCTAACGGT	138.65795524326927	116.81491524573315	0.0	106.6076337151944	0.0	0.0	0.0	0.0	0.0	0.0	0.0	0.0	0.0	0.0	0.0	0.0
GSM4138110_HNSCC_1_PBMC_CTGTGCTTCTATCGCC	0.0	0.0	116.175522526649	151.31716756895077	0.0	0.0	0.0	130.54644266444734	0.0	0.0	0.0	0.0	0.0	0.0	0.0	0.0
GSM4138110_HNSCC_1_PBMC_GACTAACGTCGACTGC	73.80227123164599	0.0	77.3734866214313	0.0	0.0	0.0	0.0	92.13930056575931	0.0	102.61051535886382	0.0	0.0	0.0	0.0	0.0	0.0
GSM4138110_HNSCC_1_PBMC_GAGGTGATCGTCCGTT	0.0	0.0	225.39270703174455	96.89648780408223	0.0	0.0	0.0	7.379366793355042	116.79494922254327	69.46864188414789	0.0	0.0	0.0	0.0	0.0	0.0
GSM4138110_HNSCC_1_PBMC_GATCAGTAGTGTACTC	18.447013438198134	132.95553656764793	95.88107885231037	153.2249722490643	0.0	0.0	0.0	0.0	0.0	0.0	0.0	0.0	0.0	0.0	0.0	0.0
GSM4138110_HNSCC_1_PBMC_GCTCTGTAGTATCTCG	0.0	0.0	0.0	3261.8749026950263	0.0	0.0	0.0	0.0	0.0	165.4804248042907	0.0	0.0	0.0	0.0	0.0	0.0
GSM4138110_HNSCC_1_PBMC_GGAACTTTCCGATATG	78.62503833151972	0.0	47.082868796794905	89.67237397587864	0.0	0.0	0.0	0.0	114.47533294970765	0.0	0.0	0.0	0.0	0.0	0.0	0.0
GSM4138110_HNSCC_1_PBMC_GGACAGAAGCCATCGC	0.0	0.0	131.0399807170748	129.6893096492245	0.0	0.0	0.0	0.0	0.0	0.0	143.50896967173378	0.0	0.0	0.0	0.0	0.0
GSM4138110_HNSCC_1_PBMC_GGATGTTGTGCAGTAG	0.0	0.0	129.197408636325	98.74255528920116	0.0	0.0	0.0	0.0	0.0	23.39761464763698	0.0	94.36376808835443	0.0	0.0	0.0	0.0
GSM4138110_HNSCC_1_PBMC_GTAACTGCAGCTGTTA	128.42190980569907	107.73879377917025	0.0	0.0	0.0	0.0	96.96905386787347	0.0	0.0	0.0	0.0	0.0	0.0	0.0	0.0	0.0
GSM4138110_HNSCC_1_PBMC_GTATTCTAGTAATCCC	43.99465737147602	127.48799059857315	161.27633395122035	0.0	0.0	0.0	0.0	0.0	0.0	191.09078165910867	0.0	35.37188896313043	0.0	0.0	0.0	0.0
GSM4138110_HNSCC_1_PBMC_GTGCAGCAGTCAAGCG	0.0	0.0	3066.976079429269	0.0	0.0	0.0	0.0	0.0	0.0	0.0	0.0	0.0	0.0	0.0	0.0	0.0
GSM4138110_HNSCC_1_PBMC_GTGCATACACAGGCCT	0.0	137.35965208443417	166.7312859588877	153.08844492076983	0.0	0.0	0.0	0.0	0.0	0.0	0.0	0.0	0.0	0.0	0.0	0.0
GSM4138110_HNSCC_1_PBMC_TACTCGCGTTTAGCTG	99.85461042305946	156.83934050843402	0.0	0.0	0.0	54.186248350555346	58.11663164008218	0.0	0.0	0.0	0.0	0.0	0.0	0.0	0.0	0.0
GSM4138110_HNSCC_1_PBMC_TACTTACGTTATGCGT	17.75705694325995	130.96994367572077	131.86736747576407	92.60757383280409	0.0	0.0	0.0	0.0	0.0	0.0	0.0	0.0	0.0	0.0	0.0	0.0
GSM4138110_HNSCC_1_PBMC_TAGCCGGGTTCAACCA	31.351508527599098	80.31797315430269	108.97048342149445	104.84154463846991	0.0	0.0	0.0	0.0	0.0	0.0	0.0	0.0	0.0	0.0	0.0	0.0
GSM4138110_HNSCC_1_PBMC_TCAGCAATCCCAAGAT	0.0	0.0	169.54458078550354	0.0	0.0	81.62410798239169	77.36583141007226	0.0	0.0	0.0	197.67628546098157	0.0	0.0	0.0	0.0	0.0
GSM4138110_HNSCC_1_PBMC_TGACGGCGTTGAGTTC	0.0	317.5654029845158	307.51863897203765	0.0	450.282071373744	0.4487542925566247	19.886867081642794	0.0	0.0	0.0	0.0	0.0	0.0	0.0	0.0	0.0
GSM4138110_HNSCC_1_PBMC_TTGCGTCGTACTTCTT	133.19836909885575	108.30295048190757	0.0	185.5515322992137	0.0	0.0	0.0	0.0	0.0	0.0	0.0	0.0	0.0	0.0	0.0	0.0
GSM4138110_HNSCC_1_PBMC_TTTGTCAGTTAAGATG	45.64596748241353	100.20347014142384	35.37423510398389	80.24532371408112	0.0	0.0	0.0	0.0	0.0	0.0	0.0	0.0	0.0	0.0	0.0	0.0
GSM4138110_HNSCC_1_PBMC_ACGCAGCTCGTCACGG	0.0	135.0474506098143	164.32599508028184	0.0	141.3142455413132	52.16046530856898	0.0	0.0	24.724085904642	0.0	6.004539011376662	0.0	0.0	0.0	0.0	0.0
GSM4138110_HNSCC_1_PBMC_ATCATCTAGGAATCGC	0.0	0.0	137.17756293473806	138.58642839829392	0.0	0.0	0.0	0.0	0.0	0.0	166.1966149030993	0.0	0.0	0.0	0.0	0.0
GSM4138110_HNSCC_1_PBMC_TCAACGAGTTACGGAG	0.0	250.56785873776101	294.68813894045593	0.0	370.20907863172505	0.0	0.0	33.8755380816202	0.0	0.0	0.0	0.0	0.0	0.0	0.0	0.0
GSM4138110_HNSCC_1_PBMC_AAACCTGGTCTCCCTA	0.0	263.5255528479245	239.15993656641623	24.51851562654755	0.0	0.0	52.06374524236535	0.0	0.0	237.35715573253083	0.0	0.0	0.0	0.0	0.0	30.61119780612922
GSM4138110_HNSCC_1_PBMC_ACACCGGAGTACACCT	40.552786989883046	0.0	209.13877793590814	0.0	78.99053820049221	324.5454699193048	0.0	0.0	302.64117948526575	0.0	0.0	0.0	0.0	0.0	0.0	0.0
GSM4138110_HNSCC_1_PBMC_ACTGCTCGTGGTCCGT	0.0	0.0	239.41649192209107	0.0	227.7313143645858	19.10839259940273	0.0	0.0	0.0	0.0	0.0	0.0	0.0	0.0	259.2051688379404	0.0
GSM4138110_HNSCC_1_PBMC_AGCTCTCGTTAGTGGG	304.8119298937164	0.0	0.0	0.0	0.0	0.0	351.9969011859153	235.39176917808066	0.0	0.0	0.0	0.0	0.0	0.0	0.0	0.0
GSM4138110_HNSCC_1_PBMC_ATGGGAGAGGATGCGT	0.0	0.0	322.87031656318925	0.0	0.0	272.0653397010505	42.25324926339902	0.0	0.0	0.0	340.8283716901531	0.0	0.0	0.0	0.0	0.0
GSM4138110_HNSCC_1_PBMC_ATTATCCTCGGAAATA	116.92688776394154	219.0235131595031	157.68518392297545	0.0	169.43124202787442	122.33043292900018	0.0	0.0	0.0	0.0	0.0	0.0	0.0	0.0	0.0	0.0
GSM4138110_HNSCC_1_PBMC_CATCAGATCGCAAACT	261.4996869696641	106.06652917042402	0.0	0.0	0.0	0.0	276.6656349192824	131.91442228421315	0.0	0.0	0.0	0.0	0.0	0.0	0.0	0.0
GSM4138110_HNSCC_1_PBMC_CGTAGCGCATGCAACT	253.27586500288436	0.0	122.13499764656137	0.0	373.0005108888709	0.0	0.0	0.0	0.0	0.0	202.81487028195173	0.0	3.236023544985614	0.0	0.0	0.0
GSM4138110_HNSCC_1_PBMC_CGTCACTTCACGAAGG	0.0	0.0	247.0712302869579	0.0	0.0	295.9841946404377	0.0	0.0	0.0	0.0	0.0	0.0	322.0051601855514	0.0	0.0	0.0
GSM4138110_HNSCC_1_PBMC_GCATACACACCAGCAC	0.0	0.0	283.45918482798834	0.0	0.0	249.34037361367257	0.0	0.0	0.0	0.0	0.0	0.0	249.5912702446632	0.0	0.0	0.0
GSM4138110_HNSCC_1_PBMC_GCGACCAGTCGATTGT	0.0	0.0	285.85218256237044	0.0	0.0	283.4761449969814	0.0	0.0	252.57392095978386	0.0	0.0	0.0	0.0	0.0	0.0	0.0
GSM4138110_HNSCC_1_PBMC_TACTTACTCGGCGCAT	0.0	0.0	49.71180801894898	0.0	0.0	127.38536488812129	0.0	0.0	105.55780361974931	0.0	0.0	0.0	0.0	0.0	0.0	0.0
GSM4138110_HNSCC_1_PBMC_ACCGTAAGTTACGTCA	77.85725552736834	0.0	68.27382505616929	0.0	178.90255665480643	30.0378875935948	0.0	0.0	214.31587011740072	0.0	0.0	0.0	0.0	0.0	0.0	0.0
GSM4138110_HNSCC_1_PBMC_ATCCACCAGACAGACC	128.50974624077125	0.0	0.0	0.0	0.0	118.0537966283946	0.0	0.0	121.75603213029002	0.0	0.0	0.0	0.0	0.0	0.0	0.0
GSM4138110_HNSCC_1_PBMC_ATGAGGGGTATATGGA	228.73908979931383	268.8782529264659	154.96583518899573	0.0	0.0	71.73365947376234	256.1723428387545	0.0	0.0	0.0	0.0	0.0	0.0	0.0	0.0	0.0
GSM4138110_HNSCC_1_PBMC_CACCAGGGTCAGAATA	0.0	0.0	259.098967570194	0.0	0.0	0.0	287.6998943894747	0.0	142.10387560089117	0.0	0.0	0.0	0.0	0.0	0.0	0.0
GSM4138110_HNSCC_1_PBMC_CAGCAGCTCAAAGTAG	156.8594779386187	121.20267425622829	0.0	0.0	152.11099842004666	71.25683723140835	0.0	0.0	0.0	0.0	0.0	0.0	0.0	0.0	0.0	0.0
GSM4138110_HNSCC_1_PBMC_CATCCACCAGTAACGG	40.55116742097348	212.90862046495886	163.52267102763352	0.0	0.0	165.9184876318608	0.0	0.0	0.0	0.0	0.0	0.0	0.0	0.0	0.0	0.0
GSM4138110_HNSCC_1_PBMC_CCTTTCTCATCCTAGA	0.0	185.0582877618644	137.6961390093205	0.0	59.89676720745446	123.99203365415715	0.0	0.0	0.0	0.0	0.0	0.0	0.0	0.0	0.0	0.0
GSM4138110_HNSCC_1_PBMC_CGTAGGCTCTACCAGA	168.11931879639755	0.0	0.0	0.0	0.0	188.59096176595384	0.0	0.0	0.0	0.0	187.36626159162267	0.0	0.0	0.0	0.0	0.0
GSM4138110_HNSCC_1_PBMC_CTGCCTAAGGACATTA	145.6501135716708	0.0	0.0	183.81441823198557	0.0	0.0	0.0	0.0	0.0	0.0	0.0	0.0	151.39389585962817	0.0	0.0	0.0
GSM4138110_HNSCC_1_PBMC_CTTTGCGGTGGTCCGT	157.5790891881388	100.44308458945552	0.0	0.0	29.41929493143552	53.58098614952098	23.253878580154403	0.0	37.06568897618193	0.0	0.0	0.0	0.0	0.0	0.0	0.0
GSM4138110_HNSCC_1_PBMC_GAAACTCAGACAAGCC	81.71129272691206	200.77752404305454	61.40446450447106	0.0	0.0	207.91493263226207	0.0	0.0	0.0	0.0	0.0	0.0	0.0	0.0	0.0	0.0
GSM4138110_HNSCC_1_PBMC_GACCAATAGCCCGAAA	236.86765738732043	243.47526130890174	68.99290450677445	0.0	0.0	235.1606732179811	0.0	0.0	0.0	0.0	0.0	0.0	0.0	0.0	0.0	0.0
GSM4138110_HNSCC_1_PBMC_GACCAATAGGGCTCTC	193.65373896028862	77.75343456021112	0.0	0.0	0.0	203.17183170854477	13.591008098597452	0.0	102.74804623022004	0.0	0.0	0.0	0.0	0.0	0.0	0.0
GSM4138110_HNSCC_1_PBMC_GATGCTATCCTCTAGC	250.72094260536846	176.2926169384842	0.0	0.0	0.0	259.15021273054055	0.0	0.0	0.0	0.0	0.0	0.0	0.0	0.0	0.0	0.0
GSM4138110_HNSCC_1_PBMC_GCTGCGATCCCGACTT	95.18059459112841	3.9519215684443	0.0	0.0	0.0	119.03195022370588	0.0	0.0	0.0	0.0	0.0	0.0	111.51048187048993	0.0	0.0	0.0
GSM4138110_HNSCC_1_PBMC_GTTACAGCAAGTTGTC	0.0	86.201135420903	160.96848386748664	0.0	21.968315641496055	158.18665103162294	0.0	0.0	0.0	0.0	0.0	0.0	0.0	0.0	0.0	0.0
GSM4138110_HNSCC_1_PBMC_TAGGCATTCAGCGACC	114.64297519121052	176.52083579214957	99.15821996584913	0.0	0.0	168.9937725606735	0.0	0.0	15.701960799912705	0.0	0.0	0.0	0.0	0.0	0.0	0.0
GSM4138110_HNSCC_1_PBMC_TCGTACCTCCATGAAC	119.61777104648942	0.0	0.0	0.0	0.0	0.0	123.16645172145365	58.36920647056278	145.07483726368787	0.0	106.46645639511362	0.0	0.0	0.0	0.0	0.0
GSM4138110_HNSCC_1_PBMC_TGCGCAGAGAGTCGGT	115.74931616390592	167.96561623003512	8.613409284475384	0.0	46.65569809940541	148.55013257640994	0.0	0.0	0.0	0.0	0.0	0.0	0.0	0.0	0.0	0.0
GSM4138110_HNSCC_1_PBMC_TTGCCGTTCCTATTCA	0.0	0.0	202.46754842729968	375.16697401187196	0.0	0.0	0.0	0.0	0.0	0.0	207.5320841151814	0.0	0.0	0.0	0.0	0.0
GSM4138110_HNSCC_1_PBMC_TTTACTGAGTCCCACG	201.63979853063785	153.49558651819575	0.0	0.0	317.8279275982124	0.0	0.0	0.0	0.0	0.0	0.0	0.0	0.0	0.0	0.0	0.0
GSM4138110_HNSCC_1_PBMC_ACGGGTCGTCTTGATG	9.04540032710152	100.76390676689192	73.65790382722102	0.0	0.0	38.38110374734175	56.141816887754054	0.0	0.0	0.0	0.0	0.0	0.0	0.0	0.0	0.0
GSM4138110_HNSCC_1_PBMC_AGTGAGGAGGAATCGC	0.0	0.0	63.132342794554006	0.0	0.0	0.0	121.13597454493198	0.0	0.0	0.0	134.7572419016178	0.0	0.0	0.0	0.0	0.0
GSM4138110_HNSCC_1_PBMC_ATGTGTGCAAGCTGGA	0.0	177.29216457932918	193.1978107977806	0.0	132.96452512527372	0.0	0.0	0.0	0.0	0.0	0.0	0.0	0.0	0.0	0.0	0.0
GSM4138110_HNSCC_1_PBMC_CGACCTTAGTTACGGG	174.19949469380677	201.13166936246276	0.0	33.27804724295037	0.0	0.0	0.0	0.0	0.0	93.13269102493807	0.0	0.0	0.0	0.0	0.0	0.0
GSM4138110_HNSCC_1_PBMC_GCGACCACATGCATGT	85.77376470437994	21.129711578860558	42.26778640480403	192.66561435977565	0.0	0.0	0.0	0.0	0.0	0.0	0.0	0.0	0.0	112.97786217357647	0.0	0.0
GSM4138110_HNSCC_1_PBMC_GGATTACGTGCATCTA	139.28405216561913	56.924553034875615	0.0	0.0	0.0	0.0	159.4872792367452	0.0	78.89498590422957	0.0	0.0	0.0	0.0	0.0	0.0	0.0
GSM4138110_HNSCC_1_PBMC_GTGCAGCCACCAGATT	105.60099992948803	12.713178140746459	0.0	103.00292928920858	0.0	0.0	0.0	0.0	0.0	0.0	0.0	31.00788040115765	0.0	0.0	47.6143680410171	0.0
GSM4138110_HNSCC_1_PBMC_GTGCGGTTCTATGTGG	214.95756165490377	1.1687415733834177	0.0	0.0	115.0337878926335	10.661402549794806	0.0	0.0	108.67683605827916	0.0	0.0	0.0	0.0	0.2885458295712601	0.0	0.0
GSM4138110_HNSCC_1_PBMC_GTTCATTTCCCTCTTT	0.0	88.64294242202044	129.83000374315515	0.0	0.0	0.0	143.87039760687216	0.0	0.0	0.0	0.0	0.0	0.0	0.0	0.0	0.0
GSM4138110_HNSCC_1_PBMC_TCATTACGTAATCACC	0.0	139.8553048765838	246.54918420667397	182.9209081311707	0.0	0.0	0.0	0.0	0.0	0.0	0.0	0.0	0.0	0.0	0.0	0.0
GSM4138110_HNSCC_1_PBMC_TTGCCGTTCAGAAATG	102.86874641024832	135.8034465153917	0.0	0.0	0.0	0.0	113.94640469554055	0.0	0.0	0.0	0.0	0.0	0.0	0.0	0.0	0.0
GSM4138110_HNSCC_1_PBMC_TTTGCGCAGTAGCGGT	213.5679488255864	308.04953743142573	0.0	0.0	0.0	0.0	246.24634593420285	0.0	0.0	0.0	0.0	0.0	0.0	0.0	0.0	0.0
GSM4138110_HNSCC_1_PBMC_TTTGGTTAGCACAGGT	170.01507128489783	0.0	0.0	0.0	0.0	135.1128128250273	0.0	0.0	0.0	0.0	154.85648273178057	0.0	0.0	0.0	0.0	0.0
