	1	2	3	4	5	6	7	8	9	10	11	12	13	14	15	16	17
GSM4138110_HNSCC_1_PBMC_AAACCTGAGGAGCGTT	42.88123287084877	102.21764083275866	0.0	0.0	0.0	43.81130939117349	0.0	0.0	0.0	65.9402573270423	0.0	78.82708185665247	0.0	0.0	0.0	0.0	0.0
GSM4138110_HNSCC_1_PBMC_AAACCTGCAGATGAGC	95.20614500466391	0.0	0.0	66.73305429906203	7.864815230262805	90.5248302352269	0.0	48.14209793017958	0.0	29.16413077804089	35.232257678824276	28.481588108698002	0.0	0.0	0.0	0.0	0.0
GSM4138110_HNSCC_1_PBMC_AACGTTGAGACTGGGT	11.495746159464781	0.0	12.325844240350794	0.0	0.0	1.2015504834853297	26.355104840794194	0.0	88.9511214412135	24.837690882622905	0.0	0.0	47.41323966837158	0.0	0.0	0.0	0.0
GSM4138110_HNSCC_1_PBMC_AACGTTGGTTACGACT	54.72784474830282	139.172272317052	0.0	0.0	58.61241689455506	0.0	0.0	0.0	0.0	13.237693698416532	0.0	0.0	0.0	0.0	0.0	11.023419066845078	0.0
GSM4138110_HNSCC_1_PBMC_AACGTTGTCTAAGCCA	48.173469781079596	0.0	0.0	0.0	0.0	0.0	0.0	76.429025579756	36.622889803619536	0.0	0.0	0.0	58.999643424545326	0.0	44.821660339007124	0.0	0.0
GSM4138110_HNSCC_1_PBMC_AACTCCCCATTTCAGG	78.18785159109443	0.0	0.0	40.33865575478617	29.70443967257879	0.7961460471671452	79.2242031632953	0.0	0.0	0.0	0.0	0.0	0.0	0.0	0.0	76.76417652719066	0.0
GSM4138110_HNSCC_1_PBMC_AAGCCGCCACTTCTGC	87.41575875799495	0.0	29.341260678231023	47.718597994761396	51.626770761629125	0.0	0.0	0.0	0.0	32.48916971275178	48.434586979602415	0.0	16.23205280743727	0.0	0.0	0.0	0.0
GSM4138110_HNSCC_1_PBMC_AAGGTTCGTCTCTTAT	52.42465232024802	0.0	0.0	51.27406832533639	0.0	18.984123458367417	0.0	0.0	0.0	116.02896137972046	44.931713912483715	0.0	0.0	0.0	0.0	0.0	0.0
GSM4138110_HNSCC_1_PBMC_AAGTCTGAGTACCGGA	113.11215176221654	45.64830155004641	0.0	0.0	8.797470070207217	9.06804217261877	34.183185116967884	38.07573356253939	0.0	0.0	0.0	0.0	0.0	0.0	0.0	0.0	0.0
GSM4138110_HNSCC_1_PBMC_AAGTCTGGTTGCCTCT	53.49768961872814	0.0	39.30834783351836	26.508866583026716	0.0	0.0	0.0	0.0	64.56694725857581	0.0	0.0	0.0	52.23687045478842	0.0	0.0	0.0	36.85566442922893
GSM4138110_HNSCC_1_PBMC_AAGTCTGTCCAAACTG	68.25938274405466	0.0	72.29602307362524	0.0	0.0	0.0	0.0	0.0	109.2892246737034	0.0	10.058214727387034	33.1264871854651	85.3596815638419	0.0	0.0	0.0	0.0
GSM4138110_HNSCC_1_PBMC_ACATGGTCACATGGGA	44.08783344474563	0.0	0.0	56.417564980392555	0.0	0.0	0.0	59.222298122245405	37.920742656522776	0.0	0.0	0.0	11.164687706240505	0.0	36.995491367485265	0.0	0.0
GSM4138110_HNSCC_1_PBMC_ACGAGCCAGTATCTCG	52.82530592399329	66.60588611562534	24.959843920250776	0.0	102.87906939147555	0.0	0.0	15.732150530207479	0.0	1.561896270712042	111.89034077074936	0.0	0.0	0.0	0.0	0.0	0.0
GSM4138110_HNSCC_1_PBMC_ACGAGCCCACTTAACG	166.33557139525408	0.0	0.0	0.0	0.0	125.65052703118927	0.0	0.0	0.0	0.0	0.0	0.0	119.62930358156355	123.9509020464154	0.0	101.5809397255944	0.0
GSM4138110_HNSCC_1_PBMC_ACTATCTTCTTCCTTC	60.16552498312505	0.0	0.0	43.261106375100816	38.16268845716918	0.0	0.0	0.0	14.938056393415268	0.0	107.19256470946935	0.0	54.91084258876901	0.0	0.0	59.23348449186414	0.0
GSM4138110_HNSCC_1_PBMC_AGAGCTTAGAGCTGGT	78.45864926501544	0.0	63.82477940955368	51.42663132669782	36.72874214595195	27.822361810311616	0.0	0.0	0.0	14.99379680397012	0.0	0.0	0.0	70.66618220911475	0.0	29.4822869492605	0.0
GSM4138110_HNSCC_1_PBMC_AGATTGCGTCGCCATG	61.89084350356208	0.0	60.884045420924195	46.97866057210746	42.85706344892724	0.0	0.0	0.0	0.0	0.0	0.0	0.0	0.0	71.91662477920829	0.0	0.0	0.0
GSM4138110_HNSCC_1_PBMC_AGCGTATGTTATCCGA	81.64566700582945	30.390585000624828	122.42906421103694	0.0	67.60697992381263	0.0	53.68587482601102	0.0	0.0	0.0	0.0	0.0	0.0	0.0	0.0	0.0	0.0
GSM4138110_HNSCC_1_PBMC_AGGCCACAGTACTTGC	47.84511160955693	0.0	20.045408912166206	0.0	0.0	0.0	0.0	0.0	66.33334858421988	21.547865899570112	0.0	84.99194327980591	37.462841604177804	0.0	0.0	0.0	0.0
GSM4138110_HNSCC_1_PBMC_AGGCCACCACTAAGTC	114.45127157999582	91.91823470520642	188.75720670073858	29.96559327400649	0.0	0.0	84.45916983209712	0.0	174.62397280085239	0.0	0.0	0.0	0.0	0.0	0.0	0.0	0.0
GSM4138110_HNSCC_1_PBMC_AGTAGTCTCTTAGCCC	36.67944546523888	0.0	0.0	62.04387359260489	39.78747869628635	0.0	0.0	16.131410104249486	1.9930578077815073	0.0	0.0	7.967669749657781	0.0	52.963449626483005	0.0	0.0	0.0
GSM4138110_HNSCC_1_PBMC_AGTGAGGGTGGCCCTA	194.87367031543312	85.01136426588504	0.0	0.0	0.0	54.39969478757493	81.15754581497616	0.0	0.0	52.19227922752974	0.0	0.0	0.0	0.0	0.0	0.0	0.0
GSM4138110_HNSCC_1_PBMC_AGTGTCATCTCGCATC	123.21736289432859	0.0	0.0	57.44468487689918	13.864068313902347	23.198704818400838	0.0	29.172456360920364	0.0	0.0	36.56406178275386	0.0	0.0	0.0	0.0	0.0	0.0
GSM4138110_HNSCC_1_PBMC_AGTTGGTCATGGTTGT	82.39843189102733	42.38441077593361	8.589566406303515	62.858806258240264	0.0	10.82625139874275	0.0	12.329575469235557	87.5518657354156	69.58375054761548	24.352491743148594	46.78802197732063	0.0	0.0	0.0	0.0	0.0
GSM4138110_HNSCC_1_PBMC_AGTTGGTTCTTGGGTA	75.20967033067882	0.0	0.0	19.713635501991725	0.0	0.0	0.0	0.0	20.819627498301628	56.43621551599877	0.0	0.0	52.994269203860675	38.709299401102264	0.0	0.0	0.0
GSM4138110_HNSCC_1_PBMC_ATCTACTAGGGTGTGT	92.31191778589658	0.0	155.41485798842515	301.09405865705	0.0	121.57674944614845	0.0	0.0	0.0	0.0	176.58228529478762	0.0	0.0	0.0	0.0	0.0	0.0
GSM4138110_HNSCC_1_PBMC_ATCTACTAGTACGTTC	59.918563812834904	0.0	83.31566601788097	50.10456807347053	0.0	0.0	53.6924441432512	3.708135253251684	83.66282544227491	0.0	0.0	0.0	0.0	0.0	0.0	0.0	0.0
GSM4138110_HNSCC_1_PBMC_ATGAGGGCAAGCGATG	81.3220152782388	0.0	0.0	41.39368912366093	0.0	11.981662973919068	0.0	0.0	43.413041310422734	0.0	0.0	0.0	15.29097754297834	0.0	45.44686749174752	44.75344665677262	0.0
GSM4138110_HNSCC_1_PBMC_ATGAGGGCACACAGAG	74.7029350426947	33.33646460338016	0.0	0.0	2.345646010040915	0.0	0.0	0.0	73.66612992550077	7.473960658249823	45.13522501661424	0.0	0.0	0.0	0.0	16.121022790480914	0.0
GSM4138110_HNSCC_1_PBMC_ATGCGATGTTTGACAC	51.64882102345758	0.0	0.0	88.66658591850617	0.0	21.62501722896841	0.0	69.00149273040759	0.0	0.0	0.0	31.13034324971665	0.0	0.0	0.0	0.0	0.0
GSM4138110_HNSCC_1_PBMC_ATGTGTGCATGCGCAC	91.071768604247	0.0	29.5045458182488	0.0	26.860566127234094	2.1666281515849	0.0	0.0	0.0	0.0	35.6602730335853	0.0	62.25283632954001	0.0	0.0	0.0	0.0
GSM4138110_HNSCC_1_PBMC_ATTACTCTCATGCTCC	109.85183935859283	49.47661045411637	29.864074640123942	0.0	125.90312424964137	0.0	82.02686602567397	0.0	0.0	0.0	0.0	0.0	0.0	0.0	0.0	0.0	0.0
GSM4138110_HNSCC_1_PBMC_ATTATCCGTCACACGC	63.33703045997357	88.39751724221465	0.0	0.0	0.0	75.52081028764728	63.60316087255972	92.5360298889181	0.0	0.0	0.0	0.0	0.0	0.0	0.0	0.0	0.0
GSM4138110_HNSCC_1_PBMC_ATTGGACAGAGATGAG	91.94401822476841	0.0	0.0	24.342578611239226	0.0	26.962892790806077	0.0	72.01072804982145	0.0	0.0	0.0	77.43229109894058	4.168748440375088	0.0	0.0	0.0	0.0
GSM4138110_HNSCC_1_PBMC_ATTGGTGCAGTGAGTG	83.44039828510017	38.59889627874411	0.0	0.0	45.523017845871905	0.0	18.878034184282217	0.0	0.0	0.0	0.0	0.0	7.244183319663315	0.0	24.07716767786268	53.83795663924497	0.0
GSM4138110_HNSCC_1_PBMC_CAACCAAGTTATCGGT	32.039710248386996	0.0	35.75646261472626	40.67711433513671	0.0	0.0	0.0	0.0	54.386337123703136	0.0	3.7882119966256953	0.0	0.0	23.481402481371873	0.0	0.0	39.35734392478161
GSM4138110_HNSCC_1_PBMC_CAACCAATCCTTGACC	40.6057193243512	45.50175311856634	70.38421028312655	1.594247509488215	0.0	44.147541105758556	8.551259614067723	0.0	0.0	0.0	0.0	19.2476151379234	2.5298928322930285	0.0	0.0	0.0	0.0
GSM4138110_HNSCC_1_PBMC_CACAGTAGTCTCCATC	109.70207310581065	40.16425325418322	0.0	0.0	0.0	2.0245462169392847	83.09061933069287	0.0	18.408029773885485	38.26805600548544	0.0	0.0	0.0	0.0	0.0	0.0	0.0
GSM4138110_HNSCC_1_PBMC_CACATAGCAAAGCGGT	77.43985208630626	40.578679465617334	25.19989215923427	0.0	0.0	51.62518308105436	0.0	0.0	14.539152690880943	0.0	61.162710580670755	0.0	0.0	0.0	0.0	0.0	0.0
GSM4138110_HNSCC_1_PBMC_CACATAGCACCTCGTT	40.119522312041	0.0	12.425815379206032	0.0	0.0	40.69310335068679	0.0	0.0	0.0	0.0	0.0	0.0	86.96818656885704	0.0	50.295136132801744	63.362079874166135	0.0
GSM4138110_HNSCC_1_PBMC_CACATTTGTGCACTTA	57.383180339105515	55.29439332396456	36.71425045048273	0.0	0.0	0.0	0.0	0.0	47.4979680378458	0.0	5.790029058249084	56.88039039808034	0.0	0.0	0.0	0.0	0.0
GSM4138110_HNSCC_1_PBMC_CACATTTTCCCATTAT	25.78800185163217	0.0	0.0	0.0	0.0	0.0	0.0	0.0	33.15553120317123	38.94417450815887	0.0	0.0	90.8652014949754	0.0	38.52855574307864	23.804454450485217	0.8541640370277194
GSM4138110_HNSCC_1_PBMC_CACATTTTCTGGTTCC	85.28524667229715	0.0	53.17252346934102	61.46356249154475	0.0	0.0	0.0	0.0	25.83669737266565	0.0	42.55513473276584	0.0	0.0	0.0	0.0	0.0	0.0
GSM4138110_HNSCC_1_PBMC_CACCAGGTCGTGGGAA	90.27229376846269	51.492825589089534	0.0	0.0	0.0	0.0	0.0	0.0	89.56351476061745	65.0374948278532	35.23215453609171	0.0	27.430151266047407	0.0	0.0	0.0	0.0
GSM4138110_HNSCC_1_PBMC_CAGCAGCCAATGGTCT	53.52604563365256	0.0	0.0	0.0	0.0	0.0	0.0	40.68141494995363	62.32867179098978	0.0	0.0	0.0	12.553318801348013	0.0	60.752632345114264	0.0	0.0
GSM4138110_HNSCC_1_PBMC_CAGCATAGTCCGAGTC	77.20408919418506	0.0	0.0	17.375393975683966	0.0	67.42842022286511	0.0	0.0	0.0	81.97471900566025	15.350568266839405	0.0	14.709087763505815	0.0	0.0	0.0	0.0
GSM4138110_HNSCC_1_PBMC_CAGCCGAAGCCCAACC	73.11280687438028	82.28378703333176	10.664841725627179	0.0	47.43213732925149	0.0	28.847901168728377	49.09849822403467	0.0	0.0	0.0	0.0	0.0	0.0	0.0	0.0	0.0
GSM4138110_HNSCC_1_PBMC_CAGCCGACATCGACGC	57.79550255628739	31.742711839041117	49.84262405888904	0.0	86.75692914485536	0.0	46.17525978328157	0.0	0.0	0.0	0.0	0.0	0.0	0.0	0.0	0.0	0.0
GSM4138110_HNSCC_1_PBMC_CATATTCTCCGCGTTT	77.16321686018959	0.0	54.263081378387966	67.49469176907274	0.0	0.0	0.0	0.0	68.92571182304066	0.0	29.038980468677803	0.0	0.0	0.0	0.0	0.0	0.0
GSM4138110_HNSCC_1_PBMC_CCAATCCCATTAGCCA	113.31205454424727	0.0	71.1897049829628	62.34985391041228	0.0	0.0	8.137531368796974	0.0	94.78344409190005	0.0	3.0787425700707254	0.0	0.0	0.0	46.82699661872016	0.0	0.0
GSM4138110_HNSCC_1_PBMC_CCACGGAAGATCGGGT	30.37432423682516	0.0	52.20175153210137	56.00440720124709	0.0	53.78321071076664	0.0	0.0	0.0	1.6873182240309843	0.0	0.0	0.0	119.22454465668086	0.0	0.0	0.0
GSM4138110_HNSCC_1_PBMC_CCATGTCAGAGGTAGA	83.66342860399449	0.0	0.0	46.161880042143004	0.0	78.966116175286	0.0	0.0	0.0	54.775635893071886	18.905984284666914	0.0	0.0	63.18792226757461	0.0	0.0	0.0
GSM4138110_HNSCC_1_PBMC_CCATGTCCATGCCCGA	88.8111060312888	0.0	55.662477630381666	57.54473262585025	91.0800896187185	0.0	0.0	0.0	0.0	0.0	0.0	0.0	0.0	71.34962343373196	15.161747201023116	0.0	0.9595434997179153
GSM4138110_HNSCC_1_PBMC_CCGGTAGAGCTCCTCT	61.42866602324381	0.0	75.73579594624906	63.83132191153584	0.0	0.0	0.0	0.0	60.61154845602485	0.0	0.0	0.0	0.0	32.39798664798772	0.0	0.0	0.0
GSM4138110_HNSCC_1_PBMC_CCTCTGAAGGGATCTG	49.170795356492555	0.0	0.0	0.0	0.0	58.83458050209265	53.67528259422191	37.86990857777032	0.0	0.0	0.0	0.0	48.86564355092535	0.0	0.0	0.0	0.0
GSM4138110_HNSCC_1_PBMC_CGAACATGTTCGTTGA	48.19268759253475	0.0	70.77333771099858	47.33834537820998	0.0	37.64783827479972	0.0	0.0	0.0	0.0	0.0	0.0	12.545745398575507	0.0	25.29352078331479	0.0	0.0
GSM4138110_HNSCC_1_PBMC_CGAACATTCTGTCCGT	52.54668767376502	0.0	72.20968258157228	66.79733111062562	0.0	0.0	0.0	0.0	44.00221369624516	0.0	44.32630564398454	0.0	0.0	0.0	0.0	0.0	0.0
GSM4138110_HNSCC_1_PBMC_CGAATGTAGCGTCTAT	81.1162852785432	79.60724925741489	19.457106713285615	0.0	52.13630460583537	0.0	25.63536493080418	0.0	0.0	6.039715391305694	0.0	0.0	0.0	0.0	0.0	0.0	0.0
GSM4138110_HNSCC_1_PBMC_CGGGTCAAGTCTCGGC	50.71217745316065	0.0	14.284645161749708	54.93476649121191	0.0	0.0	0.0	0.0	23.350629218920663	0.0	41.23114590465523	0.0	0.0	0.0	0.0	95.15104723963438	0.0
GSM4138110_HNSCC_1_PBMC_CGTCTACCAAGCGTAG	65.45195193085554	0.0	0.0	44.313515233810016	13.16036978480935	0.0	0.0	75.55304482550208	29.022228538867576	0.0	0.0	0.0	0.0	0.0	108.47134467915679	0.0	0.0
GSM4138110_HNSCC_1_PBMC_CGTGTCTAGGTCGGAT	77.37777657075597	0.0	41.76510724486456	100.15749476319475	20.67089264232853	36.03383125660449	54.217723694556305	0.0	0.0	26.440034406132987	0.0	0.0	0.0	0.0	0.0	0.0	0.0
GSM4138110_HNSCC_1_PBMC_CGTTAGACATCCAACA	93.21488718026276	27.316788164682258	34.38005819017325	0.0	7.532620838772376	0.0	14.06022002952605	0.0	16.76392055716864	74.35102906073088	0.0	0.0	0.0	0.0	0.0	0.0	0.0
GSM4138110_HNSCC_1_PBMC_CGTTGGGCATATGCTG	49.66003751409802	0.0	0.0	37.39432294003882	0.0	54.16743614407728	0.0	0.0	0.0	54.59824088916139	11.484634582251056	0.0	0.0	42.40145156459745	0.0	0.0	0.0
GSM4138110_HNSCC_1_PBMC_CTAATGGTCTCGCTTG	44.71398816381499	0.0	24.854510346140763	57.33705269073139	49.84400243661534	0.0	0.0	0.0	0.0	0.0	34.858074708069545	0.0	0.0	0.0	0.0	0.0	0.0
GSM4138110_HNSCC_1_PBMC_CTACATTTCACCAGGC	77.20134522010663	0.0	45.66385410889314	8.893700457851084	0.0	0.0	19.254574843403365	0.0	80.96893038057817	0.0	0.0	0.0	51.196831059541296	0.0	22.28519518620704	0.0	0.0
GSM4138110_HNSCC_1_PBMC_CTACGTCTCGAACGGA	39.45212717549031	70.97743206109686	48.35998531613491	0.0	35.35068854516883	0.0	12.758004534188673	0.0	1.1785087777894327	10.063875284628141	0.0	0.0	0.0	0.0	0.0	0.0	0.0
GSM4138110_HNSCC_1_PBMC_CTAGAGTCACTTACGA	77.0942590592994	0.0	35.91632162463159	51.5211845005412	43.022519518366146	0.0	0.0	0.0	28.59434445963239	0.0	0.0	0.0	0.0	0.0	82.24124646629892	0.0	0.0
GSM4138110_HNSCC_1_PBMC_CTCAGAATCCGGGTGT	83.61826522287025	0.0	0.0	59.16691917603292	56.20371878355723	0.0	0.0	0.0	0.0	33.07933096527488	0.0	0.0	0.0	23.090481217163624	0.0	0.0	41.04396645593862
GSM4138110_HNSCC_1_PBMC_CTCGGGATCAATACCG	25.791491179586885	0.0	86.23084167589025	27.489803737364067	101.48844145618447	0.0	0.0	0.0	0.0	0.0	0.0	0.0	0.0	0.0	0.0	0.0	150.90787022665023
GSM4138110_HNSCC_1_PBMC_CTCGTACAGATCGGGT	148.80321412274523	154.5772466821138	153.23001647904206	0.0	0.0	0.0	134.3188353047375	0.0	173.600589361501	0.0	0.0	37.57154980034219	0.0	0.0	0.0	0.0	0.0
GSM4138110_HNSCC_1_PBMC_CTCGTACTCTGTCCGT	94.87152115171624	51.09929242827016	0.0	8.10770180796068	0.0	50.79318707371109	0.0	0.0	25.288569522414427	83.99910348083002	0.0	59.66375036983356	8.451634927370584	0.0	0.0	0.0	0.0
GSM4138110_HNSCC_1_PBMC_CTCTGGTAGGCGTACA	35.806483351066376	42.31834011323947	0.0	0.0	0.0	42.96097894736284	31.533281523427654	44.84163612467329	0.0	0.0	0.0	0.0	0.22371369384029163	0.0	0.0	0.0	0.0
GSM4138110_HNSCC_1_PBMC_CTGAAACTCCGAGCCA	47.6684733077611	24.12060994358885	51.17576243895508	0.0	0.0	43.140440346280286	72.28986622821733	0.0	0.0	0.0	0.0	0.0	0.0	0.0	0.0	0.0	0.0
GSM4138110_HNSCC_1_PBMC_CTGAAGTAGCGATCCC	93.76096001601792	0.0	0.0	0.0	0.0	36.85356474277243	0.0	57.07614900219596	0.0	0.0	38.347506287444105	0.0	59.77568930223497	0.0	0.0	0.0	0.0
GSM4138110_HNSCC_1_PBMC_CTGATAGAGATCTGCT	47.725260332748924	55.09118204848328	0.0	0.0	0.0	37.58376642706825	0.0	7.157949613448762	0.0	35.15046310559428	35.50546684939899	15.403205279584096	0.0	0.0	0.0	0.0	0.0
GSM4138110_HNSCC_1_PBMC_CTGATAGAGCCTTGAT	65.25429045267069	5.48512769995818	0.0	0.0	37.31398118757136	36.96561351172614	0.0	63.92447662570142	0.0	0.0	0.0	53.5161845280762	64.6926589315578	0.0	0.0	0.0	0.0
GSM4138110_HNSCC_1_PBMC_CTGCCTAAGGTGCTTT	104.69395598567314	109.57223586934985	0.0	0.0	0.0	54.23334258189755	0.0	0.0	0.0	91.08565850991057	0.0	7.1416318872268025	0.0	0.0	0.0	0.0	0.0
GSM4138110_HNSCC_1_PBMC_CTGCCTATCACGACTA	30.78426143646982	46.38277174753858	14.960798765241893	0.0	79.62326628806512	0.0	0.0	25.01713907173702	0.0	0.0	61.171078322010544	13.376227131581425	0.0	0.0	0.0	0.0	0.0
GSM4138110_HNSCC_1_PBMC_CTGGTCTTCGAGAACG	63.533827015524835	0.0	43.22650216165264	34.98138981767654	0.0	27.33528426746772	0.0	0.0	0.0	0.0	0.0	0.0	0.0	32.699811256770374	0.0	0.0	0.0
GSM4138110_HNSCC_1_PBMC_CTGTTTAAGTGGAGTC	57.55579788692411	0.0	42.17262326818011	0.0	0.0	23.92225319081773	0.0	33.04005495078945	0.0	0.0	19.420239789111893	0.0	50.019951412361706	0.0	0.0	0.0	0.0
GSM4138110_HNSCC_1_PBMC_GAACATCTCCCTAATT	105.96075767053118	0.0	0.0	107.32300286620004	0.0	101.87203911085959	0.0	97.79146604320982	0.0	0.0	0.0	0.0	0.0	0.0	61.08907709143787	0.0	0.0
GSM4138110_HNSCC_1_PBMC_GAACCTATCTGAGGGA	80.96517391841832	0.0	0.0	25.356680370018907	27.33192086813717	0.0	0.0	0.0	0.0	35.596016042682486	6.841314907575726	0.0	10.385434960813493	45.65202080523424	0.0	11.078784185708255	0.0
GSM4138110_HNSCC_1_PBMC_GAATGAATCAGTTAGC	50.20857293875146	66.70816476757555	0.0	0.0	0.0	26.0220874561796	50.08983772847613	22.487429775067557	0.0	0.0	0.0	0.0	0.0	0.0	0.0	0.0	0.0
GSM4138110_HNSCC_1_PBMC_GATCGATAGTACACCT	81.47533263147055	0.0	46.28831478028003	50.09881044722804	0.0	63.990763678310095	0.0	0.0	0.0	0.0	37.512350807323116	0.0	0.0	0.0	0.0	0.0	0.0
GSM4138110_HNSCC_1_PBMC_GATCGATTCAGCATGT	74.04018295355702	0.0	57.513518508936755	66.14095701410277	64.49009877054205	0.0	0.0	0.0	0.0	0.0	0.0	0.0	1.7654657309828752	0.0	70.43571278659269	43.74932721847035	0.0
GSM4138110_HNSCC_1_PBMC_GATGAAATCCAAGCCG	85.89397591323991	85.9870521806541	0.0	0.0	46.04613277692414	0.0	57.796612672129655	0.0	0.0	0.0	0.0	0.0	0.0	0.0	0.0	31.225260217864324	0.0
GSM4138110_HNSCC_1_PBMC_GCACATAAGGTGTGGT	53.85678384246661	47.76233413292995	67.64647575131039	10.713695773860081	0.0	0.0	39.940175526158754	0.0	58.89692871369558	0.0	0.0	0.0	0.0	0.0	0.0	0.0	0.0
GSM4138110_HNSCC_1_PBMC_GCACTCTGTACAGTGG	63.816711490590315	14.547745236748208	41.36480672807488	16.81232350992109	0.0	63.55425916519351	156.06637888322288	0.0	0.0	0.0	0.0	0.0	0.0	0.0	0.0	0.0	0.0
GSM4138110_HNSCC_1_PBMC_GCCTCTAAGTTAAGTG	57.47920222326649	0.0	0.0	33.28011652135883	45.78584687007175	0.0	0.0	8.891768918276329	0.0	11.359416719245035	0.0	0.0	0.0	0.0	39.864164008439616	19.2852142385401	0.0
GSM4138110_HNSCC_1_PBMC_GCCTCTAGTTGAACTC	61.00751349587788	0.0	0.0	46.80468330137503	0.0	5.166150214263607	0.0	50.899297365868755	31.026848238277516	0.0	0.0	42.80878761391603	0.0	0.0	0.0	0.0	0.0
GSM4138110_HNSCC_1_PBMC_GCGAGAAAGTGACATA	50.49099917789331	0.0	0.0	51.29093880415593	38.6507231987283	7.8714377404345255	67.94240644243301	89.51089621031377	0.0	0.0	0.0	0.0	0.0	0.0	0.0	58.52392535842581	0.0
GSM4138110_HNSCC_1_PBMC_GCTGCAGGTCCTCTTG	72.65793824309712	60.64380324160003	0.09688896022672988	0.0	14.897327322169216	12.11166400550631	0.0	17.949131955258274	0.0	0.0	60.94192711706103	0.0	0.0	0.8068609870024038	0.0	42.82258340336025	0.0
GSM4138110_HNSCC_1_PBMC_GGAAAGCAGTCAATAG	89.97850888716104	49.48566435852974	0.0	0.0	67.99622945995823	0.0	0.0	71.71143618415164	0.0	0.0	0.8899645383461574	68.40204144637103	0.0	0.0	0.0	0.0	0.0
GSM4138110_HNSCC_1_PBMC_GGAACTTGTTTACTCT	52.819413403930945	0.0	58.32289458975962	35.373377243539124	25.83784599096122	0.0	35.598610789246216	0.0	0.0	0.0	0.0	0.0	0.0	0.0	0.0	0.0	0.0
GSM4138110_HNSCC_1_PBMC_GGCAATTGTCCTCTTG	22.438732770479998	21.873712059776743	0.0	49.10860220205314	0.0	0.0	29.614907625016194	14.85350940131496	27.317098424856812	0.0	17.811966381535477	0.0	31.55080545784027	0.0	0.0	0.0	0.0
GSM4138110_HNSCC_1_PBMC_GGGACCTAGGCCCTTG	68.84198008967634	0.0	36.20534675143515	68.52648639819184	0.0	22.20651862852325	0.0	0.0	0.0	0.0	0.0	0.0	0.0	0.0	38.23832210896821	0.0	0.0
GSM4138110_HNSCC_1_PBMC_GGGACCTTCGTCCAGG	44.48688367756001	35.49394973228517	38.28024190277367	0.0	46.644630396717666	0.0	0.0	0.0	0.0	0.0	0.0	66.30371476889967	0.0	0.0	0.0	0.0	0.0
GSM4138110_HNSCC_1_PBMC_GGGATGACAATGGTCT	109.56483128845805	0.0	63.95042180719991	18.03478932276408	0.0	62.887353305842844	0.0	0.0	0.0	0.0	45.823262823984884	0.0	0.0	0.0	0.0	0.0	0.0
GSM4138110_HNSCC_1_PBMC_GGGCACTGTCTAGGTT	81.79741484893415	69.99239105622934	0.0	0.0	56.35296693494515	0.0	47.6246636750316	0.0	0.0	88.22979142974408	0.0	18.60731398214349	0.0	0.0	0.0	0.0	0.0
GSM4138110_HNSCC_1_PBMC_GGTATTGTCCTTCAAT	79.41995046499231	0.0	47.400782740235734	22.48533361624012	0.0	70.41820916858637	0.0	0.0	0.0	17.602182494160097	16.33307928858952	0.0	25.787038228459643	0.0	11.07707157016724	0.0	0.0
GSM4138110_HNSCC_1_PBMC_GGTGTTACAATCCAAC	63.845819754078114	0.0	50.6073655789376	60.384089251714435	51.80639436015863	0.0	0.0	0.0	0.0	0.0	27.210787831856074	0.0	0.0	0.0	0.0	0.0	0.0
GSM4138110_HNSCC_1_PBMC_GGTGTTACAGCCACCA	77.21559965886593	39.64933979075711	0.0	0.0	0.0	36.947400497197954	27.82884515699161	0.0	0.0	56.57847349002419	0.0	27.635368658485064	0.0	0.0	0.0	0.0	0.0
GSM4138110_HNSCC_1_PBMC_GTAACGTTCGTATCAG	122.12143244406266	83.67621737499044	79.42233747881457	0.0	74.53884092731401	7.518443904027698	0.0	0.0	0.0	0.0	0.0	0.0	0.0	108.8379144828741	0.0	0.0	0.0
GSM4138110_HNSCC_1_PBMC_GTATTCTTCTTCCTTC	54.44577228702293	0.0	0.0	40.8387908335234	19.744604203691665	11.721013004541941	0.0	65.60086062546306	0.0	0.0	0.0	0.0	19.805137734481832	0.0	55.9793541200526	0.0	0.0
GSM4138110_HNSCC_1_PBMC_GTCAAGTGTGGGTATG	97.37946604710221	0.0	67.269230526448	51.19521047067912	0.0	62.05783214982828	0.0	0.0	0.0	0.0	0.0	0.0	0.0	0.0	31.287783618817492	0.0	0.0
GSM4138110_HNSCC_1_PBMC_GTCACGGGTGCAACGA	32.22966210837632	0.0	0.0	68.54118327250679	0.0	0.0	0.0	0.0	566.7077445538855	371.0458319279144	0.0	76.46282877880299	0.0	0.0	0.0	269.77534470364094	0.0
GSM4138110_HNSCC_1_PBMC_GTGCGGTCAAGGTGTG	57.65306485260074	0.0	0.0	0.0	41.907636991093284	0.0	0.0	0.0	9.407896554613485	91.15590407330227	64.24706726079663	0.0	53.487192604913396	0.0	0.0	0.0	0.0
GSM4138110_HNSCC_1_PBMC_GTGTGCGAGGAGCGAG	20.855631914083652	0.0	0.0	24.53908969467392	57.844936785761	0.0	129.1949118358145	40.094902649560865	0.0	0.0	0.0	0.0	0.0	0.0	0.0	0.0	0.0
GSM4138110_HNSCC_1_PBMC_GTGTGCGCAAGTCATC	55.01246280209468	0.0	0.0	0.0	0.0	0.0	0.0	0.0	55.480520939311454	61.66466123764073	0.0	0.0	63.18130068458295	0.0	42.135750812749194	40.21139469578592	0.0
GSM4138110_HNSCC_1_PBMC_TAAACCGTCATCTGTT	45.96603427560302	0.0	55.573247977798	0.0	0.0	0.0	0.0	0.0	73.0861893581824	19.827157697401216	0.0	0.0	41.786462634119765	0.0	0.0	0.0	41.57099255957847
GSM4138110_HNSCC_1_PBMC_TAAGCGTCAATGGATA	68.99531252431889	46.37529974834783	42.2943254803699	0.0	82.34560183129963	0.0	59.18495998188375	0.0	48.59504651568757	0.0	0.0	0.0	0.0	0.0	0.0	0.0	0.0
GSM4138110_HNSCC_1_PBMC_TACACGATCCTGCCAT	83.07593780126916	0.0	85.94824479504837	19.750179598220036	0.0	56.52026653192218	0.0	0.0	0.0	0.0	69.33238344385462	0.0	46.55342811238912	0.0	0.0	0.0	0.0
GSM4138110_HNSCC_1_PBMC_TACCTTAAGGCTAGAC	77.9296234816089	70.95491525016821	0.0	0.0	0.0	0.0	0.0	0.0	50.35641123698751	5.583817432392968	0.0	45.82657267700764	0.0	0.0	0.0	51.19318660329908	0.0
GSM4138110_HNSCC_1_PBMC_TACGGATCAGGGTATG	27.512193301548262	0.0	67.51464494048217	5.689158934578278	49.85578727474664	0.0	0.0	0.0	0.0	0.0	15.630286481188582	0.0	53.19675393977339	0.0	43.074790743758	0.0	0.0
GSM4138110_HNSCC_1_PBMC_TAGAGCTCAGATGGCA	85.84690962391663	0.0	19.09601046227774	44.22987701036784	39.888909178461326	0.0	0.0	39.47241389185712	0.0	0.0	34.81215140797078	0.0	0.0	0.0	0.0	0.0	0.0
GSM4138110_HNSCC_1_PBMC_TAGCCGGAGAAGGCCT	80.04156818979352	35.19551237745056	62.51579726342045	0.0	26.46662110674819	0.0	49.3862023416119	0.0	45.00032739267411	0.0	0.0	0.0	0.0	0.0	0.0	0.0	0.0
GSM4138110_HNSCC_1_PBMC_TATCTCAAGGTGCACA	80.98100044196778	64.7526075167579	28.65045440722273	0.0	0.0	44.72268093434757	7.756472868633064	0.0	0.0	0.0	0.0	9.655501639434268	0.0	0.0	0.0	0.0	0.0
GSM4138110_HNSCC_1_PBMC_TCACAAGGTTCATGGT	52.470649948461784	25.961442637354942	0.0	0.0	36.0179380537751	14.989728445454217	0.0	0.0	0.0	37.55656733896754	0.0	55.19201287392025	0.0	0.0	0.0	0.0	0.0
GSM4138110_HNSCC_1_PBMC_TCACAAGTCTTGACGA	164.60088314383975	0.0	26.295173190214378	522.7412395197024	0.0	262.1628472990867	0.0	126.573245119434	0.0	0.0	0.0	0.0	0.0	176.04897200886583	0.0	0.0	0.0
GSM4138110_HNSCC_1_PBMC_TCGAGGCTCGGAAATA	93.0875626475642	52.37263212167916	13.773620753507062	0.0	0.0	0.0	48.40722387291813	0.0	30.325442825560746	67.77278341350484	0.0	9.133842791432986	0.0	3.191552657451704	10.947214018595423	0.0	0.0
GSM4138110_HNSCC_1_PBMC_TCTATTGGTTTAGGAA	68.58042044573139	0.0	4.099516473005345	36.757555918164535	13.619825528919408	20.320174238228898	42.4828006949897	0.0	0.0	54.54156973814525	0.0	0.0	25.68467958458911	0.0	0.0	0.0	0.0
GSM4138110_HNSCC_1_PBMC_TCTATTGTCATCTGCC	61.395113372400814	26.082000899613305	0.0	13.697081445855341	45.284029423686356	0.0	0.0	13.035358470085017	0.0	0.0	0.0	0.0	0.0	10.547513614037364	0.0	0.0	3.935389727760131
GSM4138110_HNSCC_1_PBMC_TCTTCGGCACCCTATC	96.02178164035584	36.70658395961445	0.0	0.0	41.88485160167855	21.641439578271832	0.0	79.05621725541856	0.0	0.0	0.0	39.80881346578035	24.714290232612925	0.0	0.0	0.0	0.0
GSM4138110_HNSCC_1_PBMC_TGGGCGTTCACAGGCC	203.3504743816652	214.09455604392812	0.0	0.0	0.0	0.0	69.77287795528521	0.0	324.5787806335287	475.3616084902916	72.61702217098974	0.0	0.0	0.0	0.0	0.0	0.0
GSM4138110_HNSCC_1_PBMC_TGTGTTTGTTAAAGAC	71.62587144177282	99.12163414922878	122.34074460795578	0.0	0.20222411488475125	82.22183669124486	0.0	0.0	4.426131109501474	0.0	0.0	96.97170936623789	0.0	0.0	0.0	0.0	0.0
GSM4138110_HNSCC_1_PBMC_TGTTCCGCACGGCGTT	175.08439763185194	0.0	144.87342358002869	0.0	80.13506051239894	0.0	0.0	0.0	0.0	0.0	0.0	0.0	286.7955822593938	187.24295132704785	0.0	0.0	0.0
GSM4138110_HNSCC_1_PBMC_TTAGGCAAGGCTAGCA	109.35013742027627	66.6617688805131	52.61338969521258	0.0	7.343028690299136	56.162678868167006	18.02126295671569	0.0	0.0	0.0	0.0	15.124829532072606	0.0	0.0	0.0	0.0	0.0
GSM4138110_HNSCC_1_PBMC_TTCCCAGCACATGGGA	6.836719355807344	113.18195440553257	0.0	0.0	35.47500751390635	44.97331810563426	0.0	59.71195481670839	0.0	0.0	34.69740698959833	0.0	0.0	0.0	0.0	0.0	0.0
GSM4138110_HNSCC_1_PBMC_TTCGGTCAGACCCACC	53.489844048245494	0.0	0.0	0.0	26.51947671750047	18.23276305498167	0.0	33.77736140261096	0.0	0.0	0.0	0.0	30.13606725289501	53.266062257445846	0.0	0.0	0.0
GSM4138110_HNSCC_1_PBMC_TTCTCCTTCCTCAATT	61.9827303809676	0.0	17.077079510036246	92.9248041077874	33.62227066280829	0.0	0.0	60.53425830540091	0.0	0.0	13.906344461991198	0.0	1.4604060614012249	0.0	15.121347470984313	0.0	0.0
GSM4138110_HNSCC_1_PBMC_TTGAACGGTCGAAAGC	76.33927562522177	42.290134404148546	0.0	0.0	35.42361880494844	0.0	0.0	45.19210378674029	0.0	0.0	0.0	0.0	0.0	41.215651530661994	0.0	0.0	0.0
GSM4138110_HNSCC_1_PBMC_TTGCCGTAGTCAAGCG	64.27639852620256	0.0	0.0	50.736692141659454	0.0	25.60210099903269	0.0	5.04459704228785	0.0	31.153963180877998	0.0	0.0	8.658320185297951	0.0	81.46771809926636	23.058947311082548	0.0
GSM4138110_HNSCC_1_PBMC_TTGCGTCTCAAGGCTT	61.62443502880105	80.07737868053785	0.0	0.0	67.72166203859078	0.0	42.40891068328919	0.0	0.0	70.9844289878821	0.19973527923789278	0.0	0.0	0.0	0.0	0.0	0.0
GSM4138110_HNSCC_1_PBMC_TTTATGCGTGCATCTA	57.41935805116018	0.0	0.0	42.7957492247212	38.051625422627936	0.0	0.0	0.0	0.0	0.0	13.830281946781614	10.73025860834013	0.0	0.0	0.0	55.54631659442331	0.0
GSM4138110_HNSCC_1_PBMC_TTTGCGCTCTTGTACT	54.99318274113941	0.0	19.522989787050392	64.15805990684424	20.390307133172726	52.720905012025284	0.0	0.0	0.0	0.0	0.0	67.33569717331275	0.0	0.0	0.0	0.0	0.0
GSM4138110_HNSCC_1_PBMC_TTTGGTTCACTTCTGC	117.7047862597481	90.82510938416458	99.21737562619414	0.0	24.48848448042518	0.0	58.16318149492285	0.0	21.325934209643247	26.26067164950337	0.0	0.0	0.0	0.0	0.0	0.0	0.0
GSM4138110_HNSCC_1_PBMC_CTACACCAGTTGTAGA	116.12380339699236	0.0	71.51259552829225	9.959217232269044	0.0	0.0	0.0	0.0	134.57909757931841	0.0	121.33402598707002	0.0	86.81280261084571	0.0	0.0	0.0	0.0
GSM4138110_HNSCC_1_PBMC_AACTGGTGTCAGAATA	35.14019043438427	0.0	0.0	26.351617370090015	45.07811450622617	0.0	0.0	65.07223346603303	0.0	4.066496266392791	42.58617038843843	0.0	0.0	0.0	0.0	0.0	0.0
GSM4138110_HNSCC_1_PBMC_AAACGGGTCCTCAACC	85.33952769843116	0.0	0.0	0.0	24.772402896061884	4.5967786982906285	0.0	48.97297757098853	0.0	0.0	0.0	0.0	61.93443467499414	0.0	33.846722748701886	0.0	0.0
GSM4138110_HNSCC_1_PBMC_AAGGCAGAGGCGTACA	48.427789583157185	0.0	0.0	87.44642526023156	54.06501530024254	0.0	0.0	61.25885069513601	15.763197442045039	0.0	0.0	0.0	0.0	42.09067735448006	0.0	0.0	0.0
GSM4138110_HNSCC_1_PBMC_ACATGGTCAATGGAGC	124.086177565117	0.0	77.67088154545546	30.336056154755102	60.498686872573245	0.0	0.0	0.0	0.0	0.0	12.513517480367142	18.144214266299194	16.158870984746407	0.0	0.0	0.0	0.0
GSM4138110_HNSCC_1_PBMC_ACGATGTGTTATCACG	51.07641253528008	76.42916697874135	3.9060935923430113	0.0	0.0	39.6802794378952	0.0	0.0	0.0	25.80179428445045	0.0	37.91609595610498	0.0	0.0	0.0	11.303198593707862	0.0
GSM4138110_HNSCC_1_PBMC_ACGGCCATCTCCCTGA	118.76942491373248	0.0	36.22981019217551	105.32732410548955	17.125162122370355	22.95621941460371	0.0	0.0	0.0	34.57456716386516	0.0	79.00248721777643	0.0	0.0	0.0	0.0	0.0
GSM4138110_HNSCC_1_PBMC_AGCTCTCTCATTGCCC	89.37081271119685	0.0	1.3319608267469991	0.0	0.0	81.63078423923739	0.0	104.96697985742152	0.0	0.0	0.0	79.43395013227165	83.99966692218526	0.0	0.0	0.0	0.0
GSM4138110_HNSCC_1_PBMC_AGGTCATTCTCTAGGA	80.95443321302518	51.19911032563732	0.0	0.0	45.11754198287658	0.0	0.0	0.0	20.694293290729703	65.02274452999237	0.0	47.458027186290664	0.0	0.0	0.0	0.0	0.0
GSM4138110_HNSCC_1_PBMC_ATAGACCTCTGGTGTA	68.34154979688317	0.0	0.0	0.0	18.55054515770856	0.0	0.0	26.30089705278918	7.566697416910278	20.146155577440304	0.0	108.86717800779199	49.53606946872035	0.0	0.0	0.0	0.0
GSM4138110_HNSCC_1_PBMC_ATAGACCTCTTCCTTC	71.77202864321328	0.0	0.0	0.0	51.82185436196748	0.0	0.0	0.0	0.0	22.869095359441825	0.0	0.0	48.870323845622735	21.670953539861706	0.0	0.0	0.0
GSM4138110_HNSCC_1_PBMC_ATCTACTCACTGTGTA	72.0456001089228	30.52502026087887	0.0	0.0	51.639283414804325	0.0	66.61037529784102	63.757184637576245	8.02479271448921	0.0	0.0	0.0	0.0	0.0	0.0	0.0	0.0
GSM4138110_HNSCC_1_PBMC_ATCTGCCAGGAATCGC	78.8702131260375	41.10563970635902	0.0	0.0	0.0	33.697510048602894	48.78563683587149	70.2109596345936	0.0	0.0	0.0	0.0	0.0	0.0	0.0	0.0	0.0
GSM4138110_HNSCC_1_PBMC_ATGGGAGCATGGGAAC	85.64710118127259	0.0	0.0	81.49730807278692	226.12205317892415	0.0	0.0	217.98305415854452	0.0	0.0	109.42192451837512	0.0	0.0	0.0	0.0	0.0	0.0
GSM4138110_HNSCC_1_PBMC_ATGTGTGGTAGCTGCC	37.753969529001594	0.0	0.0	36.52856301880373	38.532671874737254	18.021447893161042	25.304628910802037	13.005996574900927	0.0	0.0	0.0	0.0	0.0	0.0	88.60036264900009	0.0	0.0
GSM4138110_HNSCC_1_PBMC_CACAAACCATCCCACT	89.69232853252336	0.0	44.24344403795581	75.46579979099866	0.0	106.17422951819816	0.0	0.0	0.0	0.0	0.0	0.0	0.0	38.53702605529289	0.0	0.0	0.0
GSM4138110_HNSCC_1_PBMC_CACCACTAGTTACCCA	101.81018805319864	0.0	0.0	0.0	0.0	44.31326780268455	0.0	0.0	0.0	26.89597104677171	55.229470703424425	0.0	91.50551284923131	0.0	0.0	37.72238893335161	0.0
GSM4138110_HNSCC_1_PBMC_CATGCCTTCAGCTCTC	70.95960549047025	10.07071510619583	0.0	9.974325699440222	0.0	0.0	0.0	88.96456097609618	56.536673783883764	0.0	64.25531294747567	0.0	38.03900027653681	0.0	0.0	0.0	0.0
GSM4138110_HNSCC_1_PBMC_CATGGCGCATGTTCCC	95.46241616205478	58.44094467805726	0.0	0.0	0.0	66.83918253323431	96.41994875122317	0.0	0.0	0.0	0.0	0.0	0.0	0.0	0.0	33.535474451983255	0.0
GSM4138110_HNSCC_1_PBMC_CCACCTAGTAGTACCT	76.30828215509769	0.0	0.0	55.639990912695616	54.310109759155345	0.0	0.0	99.07437149889267	0.0	0.0	6.783769872768108	23.86617375899897	0.0	0.0	0.0	0.0	0.0
GSM4138110_HNSCC_1_PBMC_CCGTTCAGTATATCCG	85.84221094226298	0.0	47.44421127849167	58.27134512694572	0.0	0.0	0.0	0.0	76.29720872809328	0.0	0.0	0.0	0.0	0.0	0.0	0.0	68.17203029654091
GSM4138110_HNSCC_1_PBMC_CCTACACGTCCGAAGA	44.59586770942093	49.04869315946925	0.0	0.0	0.0	23.071986971611153	33.810833895060334	11.978225312308293	0.0	57.201188459911144	0.0	0.0	0.0	0.0	0.0	0.0	0.0
GSM4138110_HNSCC_1_PBMC_CCTCTGAGTCGCGAAA	129.0567224040522	81.48586435425774	79.50694871456523	0.0	82.00502195212054	0.0	0.0	0.0	0.0	0.0	4.872614404373393	64.27577336838435	0.0	0.0	0.0	0.0	0.0
GSM4138110_HNSCC_1_PBMC_CGCTGGAAGGCATGTG	65.5974048077962	75.0775493394894	0.0	0.0	0.0	0.0	0.0	0.0	47.75702523681516	48.66990618148722	0.0	34.75719268034525	0.0	33.1052780026422	0.0	3.482302939087359	0.0
GSM4138110_HNSCC_1_PBMC_CGGAGTCTCACAATGC	75.41885451663931	0.0	0.0	2.2043682499534536	0.0	0.0	57.24126755135971	67.60851475431404	47.01415499915214	0.0	0.0	0.0	0.0	0.0	0.0	0.0	0.0
GSM4138110_HNSCC_1_PBMC_CGGCTAGAGCTACCGC	114.60972465419998	59.307337450482606	0.0	0.0	0.0	68.27437628727131	67.45419145836819	0.0	0.0	39.645502153754485	0.0	0.0	0.0	0.0	0.0	0.0	0.0
GSM4138110_HNSCC_1_PBMC_CGTTGGGCAAGCCGCT	211.80130713032452	36.04274734519885	16.73074610860335	0.0	0.0	0.0	0.0	0.0	62.67209709721679	8.02175868241716	0.0	14.328057932242363	0.0	0.0	0.0	0.0	0.0
GSM4138110_HNSCC_1_PBMC_CTCAGAAGTCCGACGT	79.51768643503345	0.0	0.0	36.27398865097934	53.68199575599118	0.0	0.0	58.204253614265326	0.0	0.0	52.88948539606026	0.0	0.0	0.0	0.0	0.0	0.0
GSM4138110_HNSCC_1_PBMC_CTCGTACCACGCGAAA	71.44055333468798	0.0	45.1137709586985	73.40267045149363	5.3553327022860335	48.686183518575376	0.0	0.0	0.0	0.47898233822843345	32.09977474027146	0.0	0.0	0.0	0.0	0.0	0.0
GSM4138110_HNSCC_1_PBMC_GAAATGAAGAGCCTAG	177.841345118693	0.0	0.0	0.0	0.0	94.29998116737457	0.0	0.0	0.0	90.7714928134453	43.71230648475988	0.0	133.01942974869172	0.0	0.0	0.0	0.0
GSM4138110_HNSCC_1_PBMC_GACGTTATCTAACCGA	71.15424449064486	0.0	0.0	54.068672088157285	34.033212692536075	0.0	0.0	56.25371653720348	0.0	4.141306045003238	44.30881462247402	0.0	0.0	0.0	0.0	0.0	0.0
GSM4138110_HNSCC_1_PBMC_GACTGCGTCGGCATCG	47.57272396428075	0.0	48.901139362030854	67.34400246282433	31.967878055046057	0.0	0.0	0.0	0.0	0.0	62.85363100528479	0.0	29.62286318853494	0.0	0.0	0.0	0.0
GSM4138110_HNSCC_1_PBMC_GATGAGGAGGCTAGCA	67.99218546525795	46.51778607216928	46.07997734273638	0.0	6.972808287134671	15.667882078534996	0.0	0.0	0.0	0.0	0.0	0.0	0.0	66.66849147350567	0.0	0.0	0.0
GSM4138110_HNSCC_1_PBMC_GATTCAGCACCACGTG	74.56518235141424	0.0	16.54183313778367	73.574610769726	0.0	0.0	0.0	0.0	43.74101876736976	0.0	55.12424356081432	0.0	0.0	0.0	0.0	0.0	0.0
GSM4138110_HNSCC_1_PBMC_GCAATCAGTAGCTCCG	64.34359110946731	18.849957959477933	0.0	0.0	76.53250561439535	0.0	0.0	30.905628463883186	0.0	0.0	38.72654692552998	0.0	0.0	0.0	0.0	0.0	0.0
GSM4138110_HNSCC_1_PBMC_GCGACCAGTAGCCTAT	94.11511319678468	154.12899612249336	0.0	0.0	0.0	56.73412176874169	0.0	0.0	0.0	0.0	32.315241016256834	0.0	0.0	0.0	0.0	74.89829291353541	0.0
GSM4138110_HNSCC_1_PBMC_GCTTCCATCTCATTCA	48.51063084510674	0.0	83.12256327143244	39.013965788496215	0.0	59.703273789344905	0.0	0.0	0.0	0.0	0.0	0.0	0.0	0.0	26.475974993972482	0.0	22.4306148278427
GSM4138110_HNSCC_1_PBMC_GCTTGAAAGACCTTTG	37.35590355032146	57.07971664546674	0.0	0.0	0.0	35.86981468356833	6.529625847068108	0.0	0.0	0.0	0.0	36.935716840179495	0.0	0.0	0.0	37.125652581104085	0.0
GSM4138110_HNSCC_1_PBMC_GGACAAGGTAATTGGA	86.24595263205798	116.74096960065138	17.329808090850733	0.0	100.58946628889827	0.0	0.0	0.0	0.0	0.0	0.0	0.0	0.0	0.0	42.80983918490689	11.504151798752119	0.0
GSM4138110_HNSCC_1_PBMC_GGCGTGTAGCACGCCT	53.266241846332264	32.64767645842991	42.822200378295996	0.0	0.0	0.0	0.0	0.0	40.95970443186375	0.755876728844792	0.0	31.150394140361303	0.0	0.0	0.0	0.0	0.0
GSM4138110_HNSCC_1_PBMC_GGCGTGTAGCGTTTAC	45.88326844762338	0.0	6.9761706453969206	58.84107199445762	0.0	20.608837743931748	0.0	0.0	12.373609600014289	28.540131473810806	24.68594762016412	0.0	0.0	0.0	0.0	0.0	0.0
GSM4138110_HNSCC_1_PBMC_GGCTGGTCAATGGACG	74.47872519621552	0.0	27.42018767397097	0.0	43.240509143998196	0.0	0.0	0.0	0.0	13.709167932108679	0.0	0.0	102.54187423768755	0.0	109.849915103203	0.0	0.0
GSM4138110_HNSCC_1_PBMC_GGGAATGTCAGCTGGC	138.2387763380778	44.61621276623986	0.0	0.0	48.52397105349172	7.097396925353602	0.0	84.25066914276188	0.5367340384299681	0.0	0.0	56.181226130957434	0.0	0.0	0.0	0.0	0.0
GSM4138110_HNSCC_1_PBMC_GGGTTGCAGATCGGGT	48.54663434242955	30.33761026114468	0.0	0.0	42.51051310425016	0.0	0.0	32.95746829180778	0.0	0.0	0.0	46.4658091375761	0.0	0.0	0.0	35.995061879598374	0.0
GSM4138110_HNSCC_1_PBMC_GGTATTGCACATTAGC	72.3324352066531	0.0	0.0	31.11834752468913	30.04700451729992	0.0	0.0	12.384260150996028	0.0	0.0	0.0	0.0	0.0	50.67166916101798	0.0	0.0	0.0
GSM4138110_HNSCC_1_PBMC_GGTGTTAGTGTGACCC	35.88645356352081	0.0	2.7847904832539463	40.99077821248679	0.0	58.14729029176583	64.8588960948218	0.0	0.0	33.02439927702755	0.0	0.0	0.0	0.0	0.0	0.0	0.0
GSM4138110_HNSCC_1_PBMC_GTCACAAGTATCACCA	165.52698813963653	32.152496284899854	0.0	0.0	24.81046140312402	23.900149017060052	0.0	14.105058475490548	0.0	47.38292905047344	0.0	43.917703104375214	0.0	0.0	0.0	0.0	0.0
GSM4138110_HNSCC_1_PBMC_GTCACAATCGCAAGCC	65.11616266329102	0.0	42.54957751816324	29.247925315754063	41.590201873773864	0.0	0.0	0.0	0.0	0.0	0.0	0.0	0.0	55.286688329691195	0.0	0.0	7.908195664174505
GSM4138110_HNSCC_1_PBMC_GTCACGGCAAGCTGGA	72.87862325128275	0.0	27.275407480118478	27.948587681947966	41.3571116209491	0.0	10.111131006236109	0.0	0.0	0.0	92.033862737549	0.0	2.958636297751639	0.0	33.17202248054667	0.0	0.0
GSM4138110_HNSCC_1_PBMC_GTCGTAAAGGCATGTG	128.07070920859545	127.63319919411822	5.789638907792766	0.0	123.8650167484218	0.0	0.0	154.28721760265162	0.0	2.645106715664552	3.717999459328517	0.0	0.0	0.0	53.92143913211768	0.0	0.0
GSM4138110_HNSCC_1_PBMC_GTCGTAATCTTGCAAG	53.401227754677535	0.0	33.93003863078175	34.55481766461157	0.0	32.518924211002386	0.0	0.0	0.0	9.805908994340005	0.0	0.0	0.0	0.0	42.842832639324506	0.0	0.0
GSM4138110_HNSCC_1_PBMC_GTCTCGTCATGCGCAC	58.97966157236832	22.009272146939693	24.9284177648864	0.0	0.0	0.0	0.0	0.0	76.65177451226526	26.953579263325146	0.0	0.0	0.0	0.0	63.4321187749408	0.0	0.0
GSM4138110_HNSCC_1_PBMC_GTGAAGGCACATTTCT	70.71053624951546	26.977416532276404	94.75128996563355	19.097905548514788	76.23840728091885	0.0	0.0	0.0	0.0	0.0	48.999252088565704	0.0	0.0	0.0	0.0	0.0	0.0
GSM4138110_HNSCC_1_PBMC_GTGCAGCAGACCGGAT	116.09044840517326	85.67941988476733	0.0	0.0	91.84687388080056	0.0	76.24211357375454	65.78679945751853	0.0	0.0	0.0	0.0	0.0	0.0	0.0	0.0	0.0
GSM4138110_HNSCC_1_PBMC_GTTAAGCTCATACGGT	86.60305218337137	59.19832453103918	14.656655276954641	0.0	8.460417773098616	36.1821167802189	0.0	13.078803463672731	0.0	0.0	0.0	48.04110115541477	0.0	0.0	0.0	0.0	0.0
GSM4138110_HNSCC_1_PBMC_TAAACCGAGGGTCGAT	59.30426271168334	0.0	0.0	33.61150296728317	0.0	78.89090408228193	0.0	27.302454719268688	0.0	0.0	27.494632785660546	0.0	5.224612397134786	16.62429321937082	0.9227674482376174	26.56829426117084	2.9919902501999704
GSM4138110_HNSCC_1_PBMC_TACCTTAAGGCTCTTA	96.10241527321051	91.63696406799095	73.14079410447424	0.0	0.0	48.943935120444266	39.97010470015593	0.0	0.0	0.0	0.0	0.0	0.0	0.0	0.0	0.0	0.0
GSM4138110_HNSCC_1_PBMC_TAGAGCTTCGTTGCCT	129.4088670246571	106.83847127969392	29.71636189755177	0.0	37.42177851215273	34.60499564014172	0.0	1.8059627815091062	0.0	82.1489867138439	0.0	63.639781442232795	0.0	0.0	0.0	3.8270927640892234	0.0
GSM4138110_HNSCC_1_PBMC_TAGGCATTCCCAGGTG	91.64892207074692	40.00750568546902	1.5423115907096032	0.0	28.642116506383736	0.0	84.08458281934215	0.0	0.0	23.014457173097632	0.0	0.0	0.0	0.0	0.0	0.0	0.0
GSM4138110_HNSCC_1_PBMC_TCACAAGCACATCCGG	46.91902322336047	0.0	33.24571515353105	41.73275955735519	0.0	24.302837968488713	0.0	0.0	51.70799567069553	0.0	0.0	0.0	0.0	72.29737362102244	0.0	0.0	0.0
GSM4138110_HNSCC_1_PBMC_TCAGCTCCATGACGGA	57.39794535042238	0.0	22.717495799235706	90.29842432152081	38.56470745384564	0.0	0.0	0.0	0.0	0.0	24.564894211064814	0.0	0.0	0.0	0.0	0.0	0.0
GSM4138110_HNSCC_1_PBMC_TCGAGGCTCCAGGGCT	71.33907232225272	60.441438005409	44.742211156028986	0.0	0.0	0.0	0.0	0.0	40.414859736322846	0.0	0.0	29.98110886996187	0.0	0.0	0.0	0.0	0.0
GSM4138110_HNSCC_1_PBMC_TCTATTGCAGTCAGCC	122.21490574183115	72.67407764294934	0.0	0.0	71.91876974982769	0.0	0.0	36.98416753108401	11.52699337515756	0.0	46.76000394211919	0.0	0.0	0.0	0.0	0.0	0.0
GSM4138110_HNSCC_1_PBMC_TCTCTAAGTGGTAACG	107.98940062507161	76.40059257205631	72.76828805306654	0.0	109.02469208167079	0.0	0.0	0.0	0.0	0.0	4.3580495146449305	109.58174346398913	0.0	0.0	0.0	0.0	0.0
GSM4138110_HNSCC_1_PBMC_TCTGAGATCTAGCACA	57.02656565603579	74.588800575871	11.397320418807187	0.0	26.019017745029572	8.099073138587523	0.0	0.0	0.0	23.76837346991867	0.0	45.63974538984493	0.0	0.0	0.0	0.0	0.0
GSM4138110_HNSCC_1_PBMC_TCTTTCCCACTGAAGG	90.83612904018474	0.0	69.62684421816314	67.57678224355098	0.0	0.0	0.0	0.0	159.6940870873605	6.085769904198695	0.0	20.891529319268066	0.0	73.27991698548543	0.0	0.0	0.0
GSM4138110_HNSCC_1_PBMC_TGACAACGTCATCCCT	67.45987973368874	51.68926762753273	0.0	8.75888923629788	8.820196673728661	13.021636904694478	0.0	0.0	26.809993858559995	100.82033254867845	0.0	0.0	0.0	26.473917229806357	60.664166874124014	0.0	0.0
GSM4138110_HNSCC_1_PBMC_TGAGCCGAGATGAGAG	67.13587627889326	59.880717414805346	0.0	0.0	0.0	47.27690432791501	0.0	0.32506608606984744	0.0	42.73339873376173	0.0	0.0	0.0	57.52819707403325	0.0	0.0	0.24733597764127385
GSM4138110_HNSCC_1_PBMC_TGCGGGTTCTGATTCT	62.04155602367514	51.62653045297187	0.0	0.0	32.3190549099637	0.0	0.0	0.0	0.0	0.0	0.0	22.78813285628992	0.0	0.0	0.0	54.411496321891	0.0
GSM4138110_HNSCC_1_PBMC_TGGCTGGGTTCCAACA	54.5627750449799	0.0	17.0883383684812	61.68742635422677	0.0	0.0	0.0	0.0	49.499582845562365	57.12284972842939	65.79375936114916	0.0	0.0	0.0	0.0	0.0	0.0
GSM4138110_HNSCC_1_PBMC_TGTATTCGTGGCTCCA	111.30713070888596	41.20817321420777	55.65401712762022	23.59862995683243	9.106203129767813	82.1961370976718	0.0	0.0	0.0	0.0	143.99689187350887	0.0	0.0	0.0	0.0	0.0	0.0
GSM4138110_HNSCC_1_PBMC_TGTGGTAAGTATGACA	102.42763185954172	49.874582294624624	0.0	0.0	0.0	5.268062934600641	0.0	46.56743446024561	45.90953231026967	0.0	0.0	53.68143292534737	0.0	0.0	0.0	0.0	0.0
GSM4138110_HNSCC_1_PBMC_TTCCCAGGTCACTGGC	62.97667241792002	0.0	20.98715613943636	42.45910479100925	0.0	58.48567559474656	0.0	0.0	0.0	0.0	47.71311332091149	0.0	0.0	0.0	0.0	0.0	0.0
GSM4138110_HNSCC_1_PBMC_TTCGGTCCACCTCGGA	93.09137779716804	50.79746694871682	0.0	0.0	0.0	49.34985522146642	0.0	0.0	0.0	49.21672325923835	0.0	28.82721633006553	0.0	0.0	0.0	0.0	0.0
GSM4138110_HNSCC_1_PBMC_TTCTACATCCTTCAAT	60.684612366557175	0.0	50.83863510047146	41.983544481765925	0.0	39.10512429374798	0.0	0.0	0.0	0.0	0.0	56.57810234683244	0.0	0.0	0.0	0.0	0.0
GSM4138110_HNSCC_1_PBMC_AAAGTAGTCGGCATCG	251.06915631113017	0.0	182.50710090917215	180.4722919567869	39.90619081057837	0.0	0.0	0.0	142.45719800302098	0.0	0.0	0.0	0.0	148.68083049874028	0.0	0.0	41.57453673428128
GSM4138110_HNSCC_1_PBMC_ACACTGATCGTACCGG	131.73681405467087	146.2709158458016	0.0	0.0	129.26247774230833	3.970369132150297	0.0	0.0	0.0	70.05525224519944	93.4389342686818	0.0	0.0	0.0	0.0	0.0	0.0
GSM4138110_HNSCC_1_PBMC_ACAGCTATCAGCACAT	249.65417306998145	140.52072449295798	121.91192671125232	0.7354531477201967	113.80826215719965	61.34621288503435	116.92109412456354	0.0	0.0	0.0	0.0	64.67224598637497	0.0	0.0	0.0	0.0	0.0
GSM4138110_HNSCC_1_PBMC_ACTGAACGTTATTCTC	229.98749945511062	139.668496074724	106.96534838100892	0.0	139.79977684720538	0.0	173.980670155996	0.0	0.0	0.0	0.0	0.0	0.0	0.0	0.0	0.0	0.0
GSM4138110_HNSCC_1_PBMC_ACTGAGTTCAGGTAAA	227.65195083865564	0.0	93.5452027190634	122.7309118072724	100.06473280764963	0.08023097134624008	0.0	0.0	0.0	0.0	0.0	0.0	0.0	64.56569134015251	77.45761784003312	0.0	0.0
GSM4138110_HNSCC_1_PBMC_ACTGCTCCAACCGCCA	255.6069737957333	0.0	0.0	121.28577216636752	153.41681218629225	0.0	0.0	11.833884199951514	0.0	65.74712519064508	98.73569144834057	0.0	0.0	0.0	0.0	0.0	0.0
GSM4138110_HNSCC_1_PBMC_ACTTACTAGTGGAGAA	232.80068141858982	168.4823150476472	175.82960116911366	31.477991722565545	161.62068024709637	9.880740031915128	162.19449326674615	0.0	0.0	0.0	0.0	38.23606037762639	0.0	0.0	0.0	0.0	0.0
GSM4138110_HNSCC_1_PBMC_ACTTGTTCAGTTCATG	208.52336513404234	0.0	0.0	312.5978381693626	49.17167145970162	108.37129708522095	0.0	99.93979524277476	0.0	0.0	0.0	0.0	0.0	0.0	259.9724217525131	109.53303014612435	0.0
GSM4138110_HNSCC_1_PBMC_AGAGTGGCAGGGATTG	147.4377649123295	141.4022763753093	0.0	0.0	23.272389448349706	81.69810270115296	61.256031633964156	137.13417749509844	0.0	0.0	15.33504909500731	0.0	0.0	0.0	23.216723416039194	0.0	0.0
GSM4138110_HNSCC_1_PBMC_AGATCTGGTGATAAGT	185.21697636555487	0.0	0.0	108.13562067778314	0.0	174.46627528618316	0.0	59.25950426895352	0.0	50.33442846722372	0.0	0.0	0.0	53.11630878842432	0.0	0.0	0.0
GSM4138110_HNSCC_1_PBMC_AGATTGCGTATAGGGC	218.14103811979575	38.56113133454918	109.55483005103713	172.77126611378534	0.0	206.62795668198711	0.0	48.14346998916326	0.0	0.0	0.0	142.30202719085773	0.0	0.0	0.0	0.0	0.0
GSM4138110_HNSCC_1_PBMC_AGCGGTCCATGCTGGC	264.0642732420246	0.0	9.978927818809225	109.9314810087418	0.0	162.1889735982858	0.0	0.0	0.0	0.0	56.653273189034174	0.0	0.0	0.0	0.0	223.861847166419	0.0
GSM4138110_HNSCC_1_PBMC_AGGCCACTCAGCGATT	202.0640196878895	103.7953981915896	60.7892966953346	0.0	124.18454840337671	0.0	0.0	0.0	0.0	31.89279935900743	0.0	0.0	0.0	103.96654075137805	0.0	34.61840612977082	9.665708820478363
GSM4138110_HNSCC_1_PBMC_AGTAGTCCACAGTCGC	255.97871335797004	48.54605455709723	147.28172536533418	102.22022362272769	198.54295246156988	0.0	261.128515210618	0.0	0.0	0.0	0.0	0.0	0.0	0.0	0.0	0.0	0.0
GSM4138110_HNSCC_1_PBMC_AGTGTCATCCCTAATT	150.31057747039358	77.81372685898579	14.902589090719752	66.90885743425703	76.45429362518598	30.465781492946665	57.8131597899338	50.89268450386482	0.0	30.39528429668036	64.8870433224123	0.0	0.0	0.0	0.0	0.0	0.0
GSM4138110_HNSCC_1_PBMC_ATCCACCGTGGTTTCA	3197.4285856447473	0.0	0.0	0.0	0.0	0.0	0.0	0.0	0.0	0.0	0.0	0.0	0.0	0.0	0.0	0.0	0.0
GSM4138110_HNSCC_1_PBMC_ATCGAGTGTACTTAGC	225.75963256935012	0.0	0.0	139.08470680918575	165.90709483411206	0.0	0.0	184.60699312151925	0.0	0.0	0.0	0.0	0.0	202.362155341461	0.0	0.0	0.0
GSM4138110_HNSCC_1_PBMC_CAACTAGTCTTGAGAC	230.1783788807733	0.0	142.03832505369144	102.52575056681245	98.42062750188893	0.0	129.90438180809858	0.0	0.0	0.0	0.0	0.0	0.0	0.0	0.0	0.0	0.0
GSM4138110_HNSCC_1_PBMC_CAAGGCCTCTAGCACA	121.7189917941248	76.61279939924296	0.0	0.0	15.065066248512524	69.65663170167606	58.298105432717485	101.57366981319147	0.0	0.0	0.0	20.90018536861166	0.0	0.0	0.0	0.0	0.0
GSM4138110_HNSCC_1_PBMC_CACAAACAGGCTACGA	191.81204978540813	169.8383865376045	110.18910114830042	0.0	94.91782785098215	0.0	174.3605609933367	0.0	0.0	0.0	0.0	0.0	0.0	0.0	0.0	0.0	0.0
GSM4138110_HNSCC_1_PBMC_CACATTTTCATTGCGA	168.96664825812192	0.0	90.37528734429786	107.07562364660994	0.0	98.9228672017096	48.892546002931496	0.0	0.0	0.0	0.0	0.0	0.0	142.52237021438523	0.0	0.0	0.0
GSM4138110_HNSCC_1_PBMC_CAGAGAGTCAGTTAGC	275.25656852663525	0.0	0.0	0.0	0.0	202.38210072865238	52.8063732883098	124.57477613367017	0.0	0.0	0.0	67.58033316664927	183.93283823370888	0.0	0.0	0.0	0.0
GSM4138110_HNSCC_1_PBMC_CAGCTGGGTCTCCACT	265.3843972898667	145.40142212778068	35.369638247009355	0.0	0.0	0.0	0.0	0.0	169.8357896105879	74.25054368017504	0.0	178.10513989696304	0.0	0.0	0.0	0.0	0.0
GSM4138110_HNSCC_1_PBMC_CAGCTGGGTGTTTGTG	135.81037225697222	139.54244548810908	102.42169824379566	0.0	20.084593970991197	116.56583794759918	93.37037257817651	0.0	0.0	0.0	0.0	0.0	0.0	0.0	0.0	0.0	0.0
GSM4138110_HNSCC_1_PBMC_CATATGGCAGGACGTA	245.10948634573685	0.0	129.44536291364116	115.02747145320794	0.0	143.21935246880113	0.0	0.0	0.0	97.24386347757623	0.0	113.07543845961455	0.0	0.0	0.0	0.0	0.0
GSM4138110_HNSCC_1_PBMC_CATATTCTCCACGTTC	181.3685142163746	0.0	150.65137356076923	108.5238535709514	0.0	117.55416130846088	0.0	0.0	0.0	0.0	0.0	0.0	0.0	101.2053095611687	0.0	0.0	2.118832465303043
GSM4138110_HNSCC_1_PBMC_CCAATCCCACGACTCG	127.03309116572635	101.22813107192518	68.44531724523219	0.0	78.96275484801913	0.0	87.00509890209656	0.0	0.0	0.0	13.24104295016553	0.0	0.0	0.0	0.0	0.0	0.0
GSM4138110_HNSCC_1_PBMC_CCTACCAGTCGGCTCA	332.28522694544176	168.35203821756483	29.135859973171403	0.0	170.52035241567765	0.0	0.0	77.7783460932937	0.0	0.0	0.0	160.41797632241907	0.0	0.0	0.0	0.0	0.0
GSM4138110_HNSCC_1_PBMC_CGAACATCAAGTTAAG	275.9646704215791	0.0	0.0	159.5907292590837	101.57246135575465	70.36277829840537	0.0	165.9769395501761	0.0	0.0	131.07386934127214	0.0	0.0	0.0	0.0	0.0	2.6934501765120107
GSM4138110_HNSCC_1_PBMC_CGACCTTCATTACGAC	128.3889899405481	0.0	49.18395000448168	74.59366090566174	86.71652575384309	0.0	70.69451344733729	0.0	0.0	0.0	0.0	0.0	0.0	0.0	0.0	0.0	0.0
GSM4138110_HNSCC_1_PBMC_CGAGCACCATATACGC	273.3505165255646	180.71781429299773	210.6769365022486	0.0	0.0	199.83844365971967	0.0	0.0	0.0	0.0	0.0	0.0	0.0	0.0	202.92120920608542	0.0	0.0
GSM4138110_HNSCC_1_PBMC_CGATCGGCAACGATCT	168.31028592766722	145.53120824009528	0.0	0.0	111.28099344561451	0.0	0.0	0.0	0.0	23.339209355541016	161.40421225738834	0.0	0.0	0.0	0.0	98.36309042676933	0.0
GSM4138110_HNSCC_1_PBMC_CGATCGGGTTTGGGCC	255.30715534149476	0.0	0.0	96.20974422298424	0.0	104.77742977947874	163.55444865794777	134.55369314300322	0.0	0.0	0.0	0.0	0.0	0.0	0.0	0.0	0.0
GSM4138110_HNSCC_1_PBMC_CGCTATCCACCGAATT	295.22329328385615	194.97759570294258	181.648489985449	0.0	221.8585375105318	0.0	0.0	0.0	0.0	0.0	104.37842868842876	0.0	0.0	0.0	23.493032280958168	0.0	0.0
GSM4138110_HNSCC_1_PBMC_CGGAGCTGTCGAACAG	239.97088081297898	0.0	0.0	215.83292513446196	162.81485023573475	0.0	0.0	0.0	0.0	65.12717685030407	0.0	0.0	0.0	184.8147200619741	0.0	59.40113759393892	0.0
GSM4138110_HNSCC_1_PBMC_CGTTCTGGTCTAAACC	209.37546321681702	0.0	0.0	145.74337888396218	0.0	168.38959522165214	0.0	115.12132234229365	0.0	0.0	0.0	0.0	0.0	178.7211386378222	0.0	0.0	0.0
GSM4138110_HNSCC_1_PBMC_CGTTGGGGTGTGTGCC	131.42999619438305	74.22633472187624	101.35664516255082	37.359651674976064	108.87039965876997	0.0	0.0	0.0	0.0	0.0	79.59355780956984	0.0	0.0	0.0	0.0	0.0	0.0
GSM4138110_HNSCC_1_PBMC_CTAATGGCACACATGT	222.6268928863924	0.0	0.0	119.61059245665551	94.83450501708454	0.0	18.194301123682003	114.35244759013757	0.0	0.0	0.0	0.0	0.0	0.0	126.17760323693204	0.0	0.0
GSM4138110_HNSCC_1_PBMC_CTACCCAGTTACCGAT	187.59759953915687	175.50497409810495	57.90756510365957	0.0	202.66310484078352	0.0	0.0	0.0	0.0	74.06901893425095	0.0	184.97101055889564	0.0	0.0	0.0	0.0	0.0
GSM4138110_HNSCC_1_PBMC_CTAGAGTCATCGGACC	296.727219307881	0.0	24.466567421340734	107.53468049348419	116.02331803981669	16.36903210817892	118.08537638921841	0.0	0.0	27.64584564618819	0.0	63.44996743612144	0.0	0.0	0.0	16.352495157721826	0.0
GSM4138110_HNSCC_1_PBMC_CTCTGGTGTGTTCGAT	252.0288806118072	80.8395131011407	0.0	0.0	37.13931119472823	69.42335339587058	88.35525165936447	0.0	0.0	0.0	0.0	0.0	0.0	0.0	13.646697954068955	145.9546991548309	0.0
GSM4138110_HNSCC_1_PBMC_CTGATAGCATCAGTCA	174.97400484621173	0.0	53.62325594979859	79.36523715251563	123.71689251042761	0.0	71.39391640847644	0.0	0.0	29.703305013993692	0.0	77.7047835116747	0.0	0.0	0.0	0.0	0.0
GSM4138110_HNSCC_1_PBMC_CTGTTTACAATGTAAG	264.29087113222846	225.8727051392992	129.28103496591382	0.0	0.0	100.38694174669942	172.7457150980096	0.0	0.0	0.0	0.0	0.0	0.0	0.0	0.0	0.0	0.0
GSM4138110_HNSCC_1_PBMC_GAACCTATCTCTGTCG	122.62034825923433	73.4808213011533	69.57431992942394	0.0	106.82795122480537	0.0	61.14956363181312	0.0	0.0	0.0	0.0	2.632937660122458	0.0	0.0	0.0	0.0	0.0
GSM4138110_HNSCC_1_PBMC_GATCGCGTCAGGCGAA	144.76570832122312	0.0	96.27817043520722	79.35557292154373	0.0	124.55765553743441	0.0	0.0	0.0	0.0	0.0	47.497555931269076	0.0	55.61500498455282	0.0	0.0	0.0
GSM4138110_HNSCC_1_PBMC_GATCTAGCATACAGCT	171.78344943465765	0.0	102.73116701872283	143.6594850781718	128.09026380560238	0.0	0.0	0.0	0.0	0.0	0.0	0.0	161.49064760599163	59.11759105506399	0.0	0.0	88.32615227530846
GSM4138110_HNSCC_1_PBMC_GATGAAAGTAGAAGGA	191.16906021393572	76.86550565672958	67.34117374790303	0.0	68.26947774179371	0.0	0.0	0.0	0.0	0.0	0.0	0.0	0.0	10.359573175898673	0.0	0.0	48.30613914065291
GSM4138110_HNSCC_1_PBMC_GATGAAAGTCACCCAG	274.09352468575236	161.54758658166998	104.52155564573849	0.0	0.0	0.0	215.38820910418124	0.0	208.97485623342263	0.0	0.0	0.0	0.0	0.0	0.0	0.0	0.0
GSM4138110_HNSCC_1_PBMC_GCATACACATCTGGTA	310.6809343034777	0.0	197.20645695894964	298.73987706496325	5.60011754158312	187.66267723917818	0.0	0.0	0.0	0.0	0.0	0.0	0.0	0.0	0.0	0.0	216.93430430557328
GSM4138110_HNSCC_1_PBMC_GCGAGAATCGCACTCT	239.14335480118447	0.0	0.0	232.1687944337043	97.63990635372522	37.466880700527895	224.4867077591566	146.22608791306143	0.0	0.0	0.0	0.0	0.0	0.0	0.0	0.0	0.0
GSM4138110_HNSCC_1_PBMC_GCGCGATAGGAGCGTT	105.33601106641653	0.0	0.0	52.499953023009915	0.0	54.830631328274094	0.0	72.98183065005895	0.0	0.0	60.244293396120675	0.0	0.0	0.0	73.91180785734574	0.0	0.0
GSM4138110_HNSCC_1_PBMC_GCTCTGTTCAGTTTGG	190.24496489815874	0.0	0.0	0.0	0.0	47.78640942840747	0.4889469897173584	0.0	34.633263447910714	75.68406454002832	0.0	104.7876895903761	87.83411920910433	0.0	0.0	0.0	0.0
GSM4138110_HNSCC_1_PBMC_GCTGCGAGTCTAGTCA	222.67782903865182	189.01592710452113	53.57467603636283	0.0	0.0	135.30931614374373	141.42965331568158	0.0	0.0	0.0	0.0	0.0	0.0	0.0	0.0	0.0	0.0
GSM4138110_HNSCC_1_PBMC_GGCTCGATCAGGCGAA	158.11720070886747	0.0	72.1893547957533	104.69666164180363	81.41273066923102	36.63801981539432	11.289558311302251	0.0	0.0	0.0	15.325101553046567	0.0	0.0	0.0	95.81771346709616	2.886262084850755	0.0
GSM4138110_HNSCC_1_PBMC_GGGAATGTCTTCCTTC	0.0	0.0	0.0	0.0	0.0	0.0	86.38379602993541	0.0	0.0	0.0	0.0	461.42879658660144	0.0	2886.2253616926378	0.0	0.0	0.0
GSM4138110_HNSCC_1_PBMC_GGGCACTTCGTAGGTT	253.69916660103317	111.81016742443175	0.0	0.0	134.23850613360736	0.0	0.0	0.0	0.0	0.0	0.0	161.03436363004016	0.0	0.0	0.0	76.67717742546792	0.0
GSM4138110_HNSCC_1_PBMC_GTAGGCCAGTACTTGC	187.93508058548966	0.0	22.180787046380267	156.840998445286	43.7992267327205	71.98366659264093	0.0	75.02763742053092	0.0	0.0	0.0	0.0	0.0	154.5179705882478	0.0	0.0	0.0
GSM4138110_HNSCC_1_PBMC_GTCACAATCTATCGCC	253.54382919610404	140.93028192265763	142.58040997491824	0.0	223.365429013065	0.0	119.75347845852762	0.0	0.0	0.0	19.61962060497761	0.0	0.0	0.0	0.0	0.0	0.0
GSM4138110_HNSCC_1_PBMC_GTCTCGTAGTAGCGGT	194.21119581966656	94.60118851158515	108.40783330372446	4.570660204860672	102.86872469592193	14.55666617216644	56.79542382192908	0.0	0.0	0.0	37.22284406126776	1.5141147402360555	0.0	0.0	0.0	0.0	0.0
GSM4138110_HNSCC_1_PBMC_GTGCAGCTCTGTCTAT	272.29772566186244	0.0	0.0	0.0	0.0	0.0	0.0	135.1104909411593	211.30272716795548	0.0	0.0	297.7927807659061	230.21636896941476	0.0	0.0	0.0	0.0
GSM4138110_HNSCC_1_PBMC_GTGCATAGTACGCTGC	225.51145078251565	0.0	0.0	110.72457330154583	0.0	157.72892875831673	0.0	0.0	0.0	0.0	0.0	0.0	0.0	0.0	140.28333922638117	85.16624651641234	0.0
GSM4138110_HNSCC_1_PBMC_GTGCTTCAGTACGATA	146.4483960493915	170.64536804438742	4.766068966958061	0.0	12.218360072418795	53.44139551553338	0.0	104.43323961456896	47.41245826122491	0.0	0.0	0.0	0.0	0.0	135.2875069880358	0.0	0.0
GSM4138110_HNSCC_1_PBMC_TACAGTGCAATGACCT	162.10027968248434	0.0	114.27335977477777	117.85315320764518	93.66835468961933	0.0	0.0	0.0	0.0	0.0	0.0	0.0	0.0	97.71741814173338	0.0	0.0	0.0
GSM4138110_HNSCC_1_PBMC_TACTCATAGATCACGG	330.39039548488364	0.0	115.40739935706635	126.16784011363063	149.68665779186327	0.0	179.33870083233066	0.0	0.0	0.0	0.0	0.0	0.0	0.0	0.0	0.0	0.0
GSM4138110_HNSCC_1_PBMC_TACTCGCGTAAGGATT	166.21546555415625	213.97657328615148	0.0	0.0	65.17662703722631	62.642760259845204	0.0	0.0	0.0	108.66083109029807	27.47500518591965	106.89912977939717	0.0	21.950328482518067	0.0	0.0	0.0
GSM4138110_HNSCC_1_PBMC_TACTTGTCAAGTTAAG	208.5277569049963	170.57517512756507	152.86278855633665	0.0	146.7382211573814	0.0	0.0	0.0	0.0	0.0	0.0	0.0	0.0	156.227547889356	43.27146026557147	0.0	0.0
GSM4138110_HNSCC_1_PBMC_TATCTCAAGGTGTGGT	138.3433137617742	93.99309064140782	93.3567071170496	0.0	0.0	4.367863022852412	68.64806967061753	0.0	99.5889101519711	0.0	0.0	0.0	0.0	57.74650643705116	0.0	0.0	0.0
GSM4138110_HNSCC_1_PBMC_TCAGCTCCACCCATTC	315.2447829194234	24.94711907557116	0.0	171.8427776024496	0.0	0.0	0.0	156.1942035761668	307.633707964805	0.0	131.84473638636774	0.0	0.0	0.0	0.0	0.0	0.0
GSM4138110_HNSCC_1_PBMC_TCGCGTTCAGCTGCTG	169.55332803900302	0.0	0.0	144.62377624210788	52.73680188080339	42.97971876465351	119.71885153584076	0.0	0.0	63.43712081279096	0.0	0.0	0.0	0.0	0.0	0.0	0.0
GSM4138110_HNSCC_1_PBMC_TCGGGACAGCTAGTTC	259.427407069373	63.86970707157519	0.0	93.58694137639087	7.530833743390559	121.73098617574247	120.96983204080227	96.14338464029444	0.0	0.0	31.3725631795696	0.0	0.0	0.0	0.0	0.0	0.0
GSM4138110_HNSCC_1_PBMC_TCTTCGGAGTCATCCA	175.27789605197063	154.22826530831497	123.15561079893102	0.0	0.0	113.05178045958543	153.7984358649037	0.0	0.0	0.0	0.0	0.0	0.0	0.0	0.0	0.0	0.0
GSM4138110_HNSCC_1_PBMC_TGAGAGGGTCCCTACT	285.7707662120799	0.0	304.14694854067767	108.36067212656329	0.0	73.26551544989205	239.4776397737078	0.0	0.0	0.0	0.0	0.0	0.0	0.0	0.0	0.0	0.0
GSM4138110_HNSCC_1_PBMC_TGATTTCGTTAAAGTG	348.6448106361829	0.0	0.0	227.82551534893477	299.15831067015563	0.0	0.0	0.0	0.0	93.63085864456305	145.8305568480945	0.0	0.0	0.0	0.0	0.0	0.0
GSM4138110_HNSCC_1_PBMC_TGCCAAATCATGTCCC	264.7486768503828	0.0	0.0	139.75623788907976	123.75588756511688	0.7446248491074844	0.0	0.0	0.0	0.0	0.0	0.0	0.0	0.0	125.41179573957027	138.05291502376176	0.0
GSM4138110_HNSCC_1_PBMC_TGTATTCAGAATGTTG	298.8166905122182	231.60082744310827	0.0	0.0	105.14174657052841	0.0	104.74545344856755	0.0	0.0	0.0	0.0	0.0	0.0	0.0	0.0	151.69463626647035	0.0
GSM4138110_HNSCC_1_PBMC_TGTCCCAGTTCAGGCC	150.28024297230556	112.78271241642373	50.848071183609534	0.0	155.00841829066565	0.0	155.0411491836558	0.0	0.0	0.0	0.0	0.0	0.0	0.0	0.0	0.0	0.0
GSM4138110_HNSCC_1_PBMC_TTGCCGTCAATAGCGG	196.31579205443379	0.0	131.322689964451	152.9518881016582	0.0	98.37520311341176	134.61930543948807	0.0	0.0	0.0	0.0	52.86384841763249	0.0	0.0	0.0	0.0	0.0
GSM4138110_HNSCC_1_PBMC_TTTATGCAGACTGGGT	207.30929596807044	111.56251108001298	0.0	0.0	92.25867948042143	0.0	96.41851832120237	0.0	57.63796646171099	0.0	0.0	0.0	0.0	0.0	0.0	67.77545365161866	0.0
GSM4138110_HNSCC_1_PBMC_AACGTTGAGTTTAGGA	111.71134637740835	0.0	48.12512259343156	72.14600142047541	36.57462656876293	26.617736927269565	0.0	41.3003349164168	0.0	2.1744118389714386	0.0	0.0	0.0	97.69810838686799	0.0	0.0	0.0
GSM4138110_HNSCC_1_PBMC_AAGGCAGCAATCACAC	87.80809154234049	171.16455692983803	16.870343136931016	0.0	0.0	0.0	76.21512552089212	0.0	16.947738675056268	45.54621968921005	0.0	0.0	0.0	0.0	0.0	0.0	0.0
GSM4138110_HNSCC_1_PBMC_ACTGATGTCAATAAGG	78.74604662856854	11.422707571260668	48.550564132442446	27.565031397414163	64.20221140400038	0.0	5.063288183350655	0.0	0.0	0.0	0.0	0.0	12.626258251748167	0.0	34.46860650683491	0.0	0.0
GSM4138110_HNSCC_1_PBMC_AGCAGCCAGGCCCTCA	119.44232235696812	0.0	115.93598042851092	51.22609727494036	0.0	0.0	65.88835974370348	0.0	73.01564540920218	0.0	0.0	0.0	0.0	0.0	0.0	0.0	0.0
GSM4138110_HNSCC_1_PBMC_CATATTCCATATGAGA	114.00280346849993	0.0	90.18273524466673	101.98938664354579	0.0	40.18804426655201	0.0	0.0	0.0	0.0	0.0	0.0	0.0	34.36969177233564	0.0	0.0	48.04704677984007
GSM4138110_HNSCC_1_PBMC_CCTCAGTCAACTGCGC	56.162794560703915	0.0	0.0	0.0	0.0	27.026099385365296	0.0	99.83554862427718	20.629770786067873	0.0	0.0	0.0	63.060805091652426	0.0	26.50185640772336	18.32866034195659	0.0
GSM4138110_HNSCC_1_PBMC_CGGTTAACACCTCGTT	52.5891480657243	0.0	0.0	37.36729442979729	26.328012208934137	75.41923607484689	0.0	43.76746523939229	0.0	0.0	0.0	0.0	0.0	49.81447026094106	0.0	0.0	0.0
GSM4138110_HNSCC_1_PBMC_CGTGTAATCTCCAGGG	50.39077581908922	0.0	41.58332709945025	61.560018001029526	0.0	48.44514173089828	0.0	0.0	0.0	9.642844258580121	0.0	0.0	0.0	28.859655642231743	0.0	0.0	0.0
GSM4138110_HNSCC_1_PBMC_CGTTGGGTCAGTGCAT	70.05720390223935	49.99558281350264	42.585266420888104	0.0	0.0	42.6816237393821	80.98620824172373	0.0	0.0	28.269198263925933	0.0	0.0	0.0	0.0	0.0	0.0	0.0
GSM4138110_HNSCC_1_PBMC_CTAGAGTAGCTATGCT	110.60556471605324	0.0	0.0	96.63369691683012	0.0	94.55224277511999	0.0	102.19922758526884	0.0	0.0	0.0	0.0	0.0	70.44690493722021	10.908396138276572	0.0	0.0
GSM4138110_HNSCC_1_PBMC_GCATACATCGTTACAG	80.55975478610405	0.0	0.0	30.965303801534006	0.0	0.0	0.0	0.0	50.51961613856262	54.055542481204085	33.976925109537895	0.0	26.578244201298755	0.0	0.0	0.0	0.0
GSM4138110_HNSCC_1_PBMC_AAACGGGCAGTATCTG	68.7274977414496	0.0	55.62293569837478	60.17603328661723	0.0	0.0	0.0	0.0	56.532133825640535	0.0	0.0	0.0	0.0	16.80544154464839	8.492983092163225	0.0	36.150299013939104
GSM4138110_HNSCC_1_PBMC_AAAGATGTCTGATTCT	76.1189460868055	88.1504476559499	0.0	0.0	55.1654359465637	0.0	0.0	0.0	0.0	81.73327760453346	0.0	84.32668292903837	0.0	0.0	0.0	26.063286958268677	0.0
GSM4138110_HNSCC_1_PBMC_AAAGTAGGTAGCGCTC	126.65000228765973	0.0	36.60168372444183	40.142355810693815	0.0	45.41079374120885	0.0	0.0	0.0	0.0	0.0	0.0	0.0	82.83815736933803	0.0	0.0	0.0
GSM4138110_HNSCC_1_PBMC_AACTCAGGTGGTCTCG	73.90120210897949	67.81547726628892	3.5406591532310236	0.0	0.0	43.6579286557457	36.92848884954627	0.0	0.0	79.17415922154643	0.0	0.0	0.0	0.0	0.0	0.0	0.0
GSM4138110_HNSCC_1_PBMC_AACTCCCTCCAATGGT	87.48933260935945	0.0	116.94619315814585	67.89160978425454	22.45261100354009	24.037528532267952	0.0	0.0	38.56873589600694	0.0	49.605299313612925	0.0	0.0	2.44738484872819	31.315850472824565	0.0	0.0
GSM4138110_HNSCC_1_PBMC_AACTCTTAGTGGGTTG	95.87382199835518	0.0	0.0	81.01003651312763	0.0	50.88505297353994	7.930413128809514	0.0	0.0	78.79677430178971	36.4734246877604	0.0	0.0	0.0	22.187350605106637	0.0	0.0
GSM4138110_HNSCC_1_PBMC_AACTCTTGTCACACGC	170.13268773394074	5.799405514965396	0.0	0.0	0.0	40.34466646152266	0.0	0.0	23.160732405707684	42.30686035805412	40.255258512435795	0.0	0.0	0.0	0.0	0.0	0.0
GSM4138110_HNSCC_1_PBMC_AACTTTCAGAAGGTTT	94.00281274263853	107.48021396340141	0.0	0.0	0.0	97.84293222913779	0.0	0.0	0.0	0.0	51.168775152781755	0.0	0.0	0.0	0.0	58.12132997663336	0.0
GSM4138110_HNSCC_1_PBMC_AAGGAGCTCCTTTCGG	102.38048420675749	107.83776694529026	0.0	26.107979277474154	120.97752135972694	0.0	54.897557329796435	0.0	0.0	84.68498707409897	0.0	0.0	0.0	0.0	12.270616578972433	0.0	0.0
GSM4138110_HNSCC_1_PBMC_AATCCAGAGTGCTGCC	124.65027831556404	0.0	0.0	0.0	0.0	61.845849782386146	0.0	0.0	0.0	82.46120867552746	63.91684662650826	0.0	108.4491670851872	0.0	0.0	0.0	0.0
GSM4138110_HNSCC_1_PBMC_AATCGGTGTCTAGCCG	100.68504795403217	0.0	97.14954112810236	66.12793115864949	82.70813232882686	0.0	0.0	14.133247100017755	0.0	0.0	0.0	0.0	0.0	102.054388435473	0.0	0.0	0.0
GSM4138110_HNSCC_1_PBMC_ACACCCTCATCTACGA	123.53145074555337	0.0	0.0	60.43227409262185	0.0	17.038593382261883	0.0	0.0	0.0	68.29736327677455	0.0	0.0	0.0	0.0	45.89278330050665	0.0	0.0
GSM4138110_HNSCC_1_PBMC_ACACCGGCACCATGTA	213.72254314615634	200.1716726012438	0.0	0.0	0.0	46.886560897611716	24.028429556944786	0.0	177.13836774958045	181.12432059368732	0.0	0.0	0.0	96.60538370552116	0.0	0.0	0.0
GSM4138110_HNSCC_1_PBMC_ACATCAGAGCGTTCCG	209.76607470196097	0.0	89.89536189394308	107.22602850977009	0.0	155.87521805303845	159.66059597147108	0.0	0.0	9.390276541651463	0.0	0.0	0.0	0.0	0.0	0.0	0.0
GSM4138110_HNSCC_1_PBMC_ACCCACTCAATGTAAG	57.330452603844286	0.0	0.0	0.0	0.0	19.539426538695167	0.0	0.0	0.0	51.33862002230646	0.0	0.0	52.78526680261333	0.0	51.73589300484773	0.0	0.0
GSM4138110_HNSCC_1_PBMC_ACCCACTGTAAGTGTA	87.65436670600643	0.0	11.919382247334548	46.861155685461426	84.20970994894611	0.0	0.0	44.63777295358603	0.0	0.0	0.0	0.0	0.0	79.90946967334456	0.0	0.0	0.0
GSM4138110_HNSCC_1_PBMC_ACCTTTATCATAACCG	112.046337842177	73.29635703178509	0.0	0.0	0.0	97.26702590277455	110.95941108944194	13.79969576233831	0.0	0.0	0.0	0.0	0.0	0.0	0.0	76.01297991005144	0.0
GSM4138110_HNSCC_1_PBMC_ACGAGCCAGGTGTGGT	57.40228944249309	0.0	0.0	50.661171136320704	27.261388198717526	0.18826360578789958	0.0	50.72965211229776	14.376200226005539	0.0	108.52921958404073	0.0	0.0	0.0	0.0	0.0	0.0
GSM4138110_HNSCC_1_PBMC_ACGATACCATATGAGA	99.46185710136551	0.0	61.21223057383801	0.0	50.978597628761754	0.0	0.0	0.0	0.0	0.0	0.0	0.0	31.09542404697679	0.0	40.970415987673675	0.0	0.0
GSM4138110_HNSCC_1_PBMC_ACGATACTCTGATTCT	99.54887181249272	0.0	77.32304176869108	40.496761300701834	0.0	33.77231350183027	40.65597556465507	0.0	0.0	0.0	17.496192634625324	0.0	0.0	0.0	0.0	0.0	0.0
GSM4138110_HNSCC_1_PBMC_ACGATGTCAGGCAGTA	104.03330192298505	0.0	0.0	34.24153464087994	0.0	0.0	0.0	80.4906337387542	41.40625132820874	0.0	54.16919189497645	0.0	9.176371564034003	0.0	0.0	0.0	0.0
GSM4138110_HNSCC_1_PBMC_ACGCAGCGTAGAGCTG	63.31413033332322	38.742021671563215	0.0	0.0	76.65773862630144	0.0	0.0	62.977190312843156	19.375302882088768	0.0	0.0	30.947504107589694	0.0	0.0	0.0	0.0	0.0
GSM4138110_HNSCC_1_PBMC_ACGCCGAAGGTAGCTG	75.04627092112386	0.0	6.710076142734588	108.69645188889348	43.24223765379946	0.0	0.0	22.38361298856216	0.0	0.0	0.0	0.0	0.0	0.0	25.78145232275031	0.0	0.0
GSM4138110_HNSCC_1_PBMC_ACGGGCTGTGATAAAC	73.88965189046596	0.0	0.0	47.667452670291546	67.64346006719285	10.948810612116793	104.93359527631114	0.0	0.0	15.511966442861338	0.0	0.0	0.0	0.0	0.0	59.25284629649968	0.0
GSM4138110_HNSCC_1_PBMC_ACGTCAACATCACGAT	93.93793196327402	42.07223039018925	31.258470342187202	0.0	0.0	92.23585304933911	18.45647203337863	0.0	0.0	0.0	0.0	0.0	0.0	0.0	0.0	0.0	0.0
GSM4138110_HNSCC_1_PBMC_ACTATCTAGGAATTAC	118.21685565020063	199.90148961753098	0.0	0.0	0.0	0.0	0.0	142.04103680985398	122.61102108756303	0.0	78.8871366850401	0.0	0.0	0.0	0.0	0.0	0.0
GSM4138110_HNSCC_1_PBMC_ACTGATGTCGTTACGA	203.91592559366336	0.0	0.0	133.55541335668724	0.0	181.08149298105724	0.0	87.49354561630633	0.0	0.0	0.0	43.465705831501275	0.0	0.0	0.0	0.0	0.0
GSM4138110_HNSCC_1_PBMC_ACTTACTAGATAGGAG	63.284271014889434	120.20225554447126	17.806545570238857	0.0	56.728458336756226	0.0	0.0	25.970415126655304	0.0	13.094380242288816	0.0	61.432377316858734	0.0	0.0	0.0	0.0	0.0
GSM4138110_HNSCC_1_PBMC_ACTTGTTTCCACGACG	79.73657545019873	112.28192028753791	13.577049053735104	0.0	0.0	0.0	41.813659303152	0.0	100.50196274269032	31.637431305361385	25.15589442940143	0.0	0.0	15.375176762833215	0.0	1.9062863453708971	0.0
GSM4138110_HNSCC_1_PBMC_ACTTTCATCGTCACGG	118.22817880495677	0.0	58.43202650380472	0.0	58.05320416457732	45.973075319786645	0.0	0.0	12.777745511191377	0.0	0.0	24.16285225159819	63.63504788900819	0.0	0.0	0.0	0.0
GSM4138110_HNSCC_1_PBMC_AGATTGCTCATGCTCC	106.3966244186823	0.0	0.0	76.4041140701257	0.0	83.39064507997125	52.381368690914414	140.03352040456548	0.0	0.0	0.0	12.240820970140302	0.0	0.0	0.0	0.0	0.0
GSM4138110_HNSCC_1_PBMC_AGATTGCTCCTAGAAC	149.45005961698917	0.0	0.0	29.458249880055988	0.0	3.940196052038929	5.970120067225966	0.0	46.788741646935186	127.97243167953137	0.0	0.0	0.0	0.0	15.763183495639797	0.0	0.0
GSM4138110_HNSCC_1_PBMC_AGCAGCCTCACTCTTA	96.05278857966839	61.818158718630265	58.602856071253505	0.0	0.0	0.0	0.0	0.0	41.5499327471264	0.0	0.0	56.41990646697534	0.0	0.0	0.0	0.0	0.0
GSM4138110_HNSCC_1_PBMC_AGCCTAAAGCGTGAAC	244.61913395871332	0.0	0.0	103.43935847210855	75.64501207170755	0.0	0.0	0.0	13.02365198809013	0.0	0.0	83.43218010171931	0.0	0.0	0.0	103.68940085423613	0.0
GSM4138110_HNSCC_1_PBMC_AGCCTAAGTCTCATCC	47.230032931172836	0.0	0.0	19.956750330551547	0.0	56.03039157435819	0.0	0.0	0.0	0.0	0.0	0.0	0.0	0.0	104.22853758996348	21.973928665789536	0.0
GSM4138110_HNSCC_1_PBMC_AGCGTATAGCCAGTTT	99.17226464521703	64.2973858474639	3.779226160602652	0.0	40.35230594760561	0.0	0.0	0.0	0.0	0.0	0.0	65.14818026618931	0.0	0.0	0.0	108.23412152215896	0.0
GSM4138110_HNSCC_1_PBMC_AGCGTCGAGCGCTCCA	77.64044940884769	0.0	37.63201235161418	82.35330765023352	0.0	59.24218774587627	0.0	0.0	0.0	23.529011862758654	35.48881882613152	0.0	0.0	0.0	0.0	0.0	0.0
GSM4138110_HNSCC_1_PBMC_AGCTCCTGTATCACCA	163.5700614527741	0.0	18.923479703641082	100.48496529862788	11.974342956978475	102.82618209200919	93.69347144277019	147.35973717635818	0.0	0.0	0.0	0.0	28.55749266488291	0.0	0.0	0.0	0.0
GSM4138110_HNSCC_1_PBMC_AGCTCTCAGTCGTTTG	147.10230428987893	0.0	75.85197327082322	90.92977402565333	93.70157370945451	23.728838323138497	0.0	0.0	0.0	0.0	0.0	98.68921595099484	0.0	0.0	0.0	0.0	0.0
GSM4138110_HNSCC_1_PBMC_AGCTTGAAGACTGGGT	120.00967809187343	0.0	75.07719765544431	46.4657144648426	0.0	32.68125803521797	0.0	0.0	52.001948444985956	0.0	0.0	0.0	0.0	0.0	66.27479747416162	0.0	0.0
GSM4138110_HNSCC_1_PBMC_AGGCCGTAGACTACAA	140.97814691208814	0.0	78.6493024887426	18.15843134181437	71.30520132959059	0.0	0.0	0.0	0.0	0.0	51.69259338918234	0.0	62.90501828859412	39.41396156400473	0.0	0.0	0.0
GSM4138110_HNSCC_1_PBMC_AGGGATGAGACCCACC	68.05416052071452	0.0	84.80618157237967	0.0	9.994922899478995	52.341579296434006	0.0	0.0	2.190556972535969	0.0	53.701811241189986	0.0	66.35067210997725	0.0	0.0	0.0	0.0
GSM4138110_HNSCC_1_PBMC_AGGGATGCATGTTCCC	99.55091268659923	0.0	98.72941309910175	99.8979841646523	0.0	84.15129408381019	0.0	0.0	0.0	0.0	0.0	0.0	0.0	83.47363603280319	0.0	0.0	0.0
GSM4138110_HNSCC_1_PBMC_AGTAGTCGTCAATGTC	75.65807499365765	0.0	4.522109575564572	49.297148520234494	0.0	85.4241013236126	0.0	0.0	0.0	62.427618978731125	0.0	0.0	0.0	0.0	47.243123933206526	0.0	0.0
GSM4138110_HNSCC_1_PBMC_AGTAGTCGTCCGAAGA	110.3463570135482	0.0	32.85610232973321	95.67650523598441	0.0	46.01883224308697	0.0	5.617225672896032	0.0	45.30987407217201	48.024469749601316	0.0	0.0	19.3852887752775	0.0	0.0	0.0
GSM4138110_HNSCC_1_PBMC_AGTGGGAAGGAGCGAG	153.40340852891845	0.0	128.2629817707002	123.13685647403553	0.0	100.26203044686119	30.989767397419858	0.0	0.0	0.0	0.0	0.0	0.0	0.0	88.44576208191411	0.0	0.0
GSM4138110_HNSCC_1_PBMC_AGTGTCAGTACCGGCT	96.85800487492281	69.05742151424269	0.0	0.0	50.14011000026257	0.0	0.0	0.0	0.0	108.04045422247823	0.0	122.4422760156322	0.0	0.0	0.0	52.74922883749999	0.0
GSM4138110_HNSCC_1_PBMC_ATAAGAGAGCTGATAA	49.12859820672729	0.0	90.41350083407629	39.06852581160642	0.0	40.54542134073103	16.77840259881474	1.9675146875818883	0.0	0.0	3.493984597572332	0.0	0.0	0.0	0.0	0.0	0.0
GSM4138110_HNSCC_1_PBMC_ATCACGAGTCAAACTC	67.38612772434304	83.36463639967955	0.0	0.0	66.10987680647965	0.0	0.0	0.0	11.228695873478333	46.891572238363636	0.0	64.40555024826223	0.0	0.0	0.0	0.0	0.0
GSM4138110_HNSCC_1_PBMC_ATCATCTTCTGTGCAA	79.25096167531308	50.06999589324161	0.0	0.0	74.66485857125784	0.0	0.0	0.0	0.0	0.0	45.07697914941016	0.0	2.0846417415505814	0.0	0.0	59.30428453272223	0.0
GSM4138110_HNSCC_1_PBMC_ATCATGGGTCACTGGC	162.7744987422875	103.50886676832229	0.0	0.0	0.0	0.0	0.0	77.516150529203	59.77269821342689	0.0	0.0	92.50267006777523	0.0	0.0	0.0	0.0	0.0
GSM4138110_HNSCC_1_PBMC_ATCTGCCCATACGCCG	91.55470125554382	80.54910063111338	0.0	0.0	40.25695169719598	0.0	0.0	0.0	0.0	81.62123524272147	0.0	47.44209518731839	0.0	0.0	0.0	0.0	0.0
GSM4138110_HNSCC_1_PBMC_ATGAGGGAGTGTACGG	96.65463393020451	0.0	0.0	54.500378690146825	0.0	96.19920217533645	0.0	0.0	0.0	60.911369045694386	0.0	78.39590031593461	25.56044279575268	24.984493687270977	0.0	0.0	0.0
GSM4138110_HNSCC_1_PBMC_ATGGGAGAGACCCACC	207.484806887407	0.0	0.0	0.0	179.75763962249627	0.0	37.406900826990274	79.23855217101328	0.0	0.0	69.92517479189166	24.832993786112358	141.05358888385845	0.0	21.31151675196921	32.23285236219465	0.45587040915902594
GSM4138110_HNSCC_1_PBMC_ATGTGTGTCCAGTAGT	64.32687449797425	0.0	0.0	35.96826129841195	0.0	0.0	0.0	0.0	22.75815158952047	0.0	0.0	0.0	20.296138751983655	40.68629959552723	0.0	62.67763997336093	37.268528111932596
GSM4138110_HNSCC_1_PBMC_ATTATCCAGCGCCTTG	104.30720137083087	101.57214376980978	0.0	0.0	91.28836998219633	0.0	0.0	89.53517681086798	0.0	0.0	0.0	80.87755662839703	0.0	0.0	0.0	0.0	0.0
GSM4138110_HNSCC_1_PBMC_ATTCTACAGATGTCGG	92.58531195226553	0.0	0.0	82.19200545808656	92.26145407990064	0.0	0.0	28.023642909572807	0.0	12.48744472915883	0.0	33.06255591900802	0.0	36.60973234813598	0.0	26.878613994951483	0.0
GSM4138110_HNSCC_1_PBMC_ATTGGACAGAAGGCCT	48.93119262956405	0.0	0.0	0.0	41.18274747001568	0.0	0.0	48.20379605394868	0.0	0.0	45.910070863041874	0.0	65.6576015979348	0.0	0.0	0.0	0.0
GSM4138110_HNSCC_1_PBMC_ATTGGTGCACAGGAGT	123.60718325334065	0.0	53.42701977624785	108.61972952441201	49.92195355630942	0.0	0.0	0.0	0.0	0.0	8.802125716191552	4.462417214575864	0.0	75.23958101263125	0.0	0.0	0.0
GSM4138110_HNSCC_1_PBMC_CAACCTCTCTAAGCCA	119.91425219474719	0.0	0.0	0.0	0.0	60.55396108027715	0.0	39.27571933066195	0.0	0.0	31.29719046343765	0.0	77.20020629512847	0.0	0.0	0.0	0.0
GSM4138110_HNSCC_1_PBMC_CAACTAGGTGTCCTCT	113.62182556700334	0.0	0.0	80.29367566479901	0.0	69.87882602650015	0.0	15.530032894044936	0.0	0.0	61.910104464739646	0.0	0.0	0.0	0.0	41.07383642690263	0.0
GSM4138110_HNSCC_1_PBMC_CAACTAGTCAAGATCC	42.59598550965155	17.45416966658866	72.74032668536378	0.0	71.96234840038129	0.0	0.0	0.0	0.0	0.0	33.25654505338287	50.761977517282205	0.0	0.0	0.0	0.0	0.0
GSM4138110_HNSCC_1_PBMC_CAAGAAATCACAAACC	47.23310448545277	27.1319359695169	0.0	0.0	0.0	124.97446311493633	0.0	33.5113556898246	0.0	4.8398008560159465	0.0	38.3381205330118	19.498277817111617	0.0	0.0	0.0	0.0
GSM4138110_HNSCC_1_PBMC_CAAGTTGCATGTTCCC	147.40508516877534	0.0	98.47015902383168	132.11503327549212	0.0	131.78600464401316	0.0	0.0	0.0	0.0	0.0	0.0	0.0	96.84402369100026	0.0	0.0	0.0
GSM4138110_HNSCC_1_PBMC_CACACTCTCAAGATCC	117.42232519727061	0.0	0.0	0.0	0.0	59.29853503218013	96.38032283908338	34.018691977076806	0.0	0.0	0.0	0.0	111.9047723568624	0.0	0.0	42.91175914119596	0.0
GSM4138110_HNSCC_1_PBMC_CACAGGCTCCGCGTTT	78.26308275877261	0.0	0.0	66.18263602707663	0.0	0.0	0.0	39.61871880195596	43.136731089635454	56.65993351660937	99.99748741580756	0.0	0.0	0.0	0.0	0.0	0.0
GSM4138110_HNSCC_1_PBMC_CACAGTAAGTTACCCA	69.66019386975826	0.0	0.0	50.92726352738727	0.0	88.11472012679754	104.06133102423343	97.98979236865026	0.0	0.0	0.0	0.0	0.0	0.0	0.0	0.0	0.0
GSM4138110_HNSCC_1_PBMC_CACATTTAGTAGCGGT	105.30211385619721	0.0	81.86298238578526	43.8665740852627	0.0	63.898007712512914	0.0	0.0	0.0	0.0	56.89530973010721	0.0	0.0	0.0	0.0	0.0	0.0
GSM4138110_HNSCC_1_PBMC_CACCACTTCCGCGGTA	54.389521520966504	124.15540299482687	33.45863348328149	0.0	0.0	78.7672548810945	35.67145116333317	0.0	0.0	0.0	0.0	0.0	0.0	0.0	0.0	0.0	0.0
GSM4138110_HNSCC_1_PBMC_CAGAGAGAGCCACTAT	76.87216257607376	42.95397793119731	18.623887242718798	0.0	55.35535158624644	0.0	69.27999317758577	0.0	0.0	46.84619575658664	0.0	0.0	0.0	0.0	0.0	0.0	0.0
GSM4138110_HNSCC_1_PBMC_CAGCAGCGTGCAGTAG	55.046817944679304	73.59771784788077	0.0	0.0	17.323210036587078	0.0	0.0	0.0	0.0	17.497530676732328	0.0	30.088779192033897	0.0	0.0	0.0	22.73023794701357	0.0
GSM4138110_HNSCC_1_PBMC_CAGCATAAGTACTTGC	77.51659057819255	74.13622281731308	0.0	0.0	0.0	0.0	0.0	0.0	67.61460640355116	11.333919799008815	0.0	76.38553974072394	0.0	0.0	0.0	18.295074394236494	0.0
GSM4138110_HNSCC_1_PBMC_CAGCATATCAGAGGTG	121.97185594243554	58.74263247441078	121.57315514200515	87.77120119522648	0.0	83.4698747323252	106.94715395526306	0.0	0.0	0.0	0.0	0.0	0.0	0.0	0.0	0.0	0.0
GSM4138110_HNSCC_1_PBMC_CAGCTAAGTTCCACGG	76.78873630128982	0.0	61.29701279666328	0.0	0.0	133.59451477712267	78.27829375380117	0.0	0.0	0.0	0.0	0.0	64.22484635278263	0.0	0.0	0.0	0.0
GSM4138110_HNSCC_1_PBMC_CATCGAAGTACTTCTT	173.5920249490052	50.495148601532655	0.0	0.0	124.49926116182775	0.0	0.0	104.24390669551173	0.0	0.0	42.98435650849198	0.0	0.0	0.0	0.0	0.0	0.0
GSM4138110_HNSCC_1_PBMC_CATCGGGAGAGCTTCT	76.18846915614472	29.46452037306091	0.0	0.0	0.0	49.92868846896702	20.476790978606726	0.0	0.0	16.99339704473753	0.0	0.0	3.8483767598130743	0.0	0.0	0.0	0.0
GSM4138110_HNSCC_1_PBMC_CATTATCTCGATCCCT	125.58447644029322	0.0	131.16520512980156	0.0	23.177782543706982	0.0	8.863720879213151	0.0	56.405490176637265	0.0	0.0	52.33884014265279	121.94462820166142	0.0	0.0	0.0	0.0
GSM4138110_HNSCC_1_PBMC_CATTCGCAGTGAAGAG	143.74024512131825	137.18045292585677	0.0	0.0	0.0	55.56887397437203	99.56627120123085	156.13305783815662	41.58989150471614	0.0	0.0	0.0	0.0	0.0	0.0	0.0	0.0
GSM4138110_HNSCC_1_PBMC_CCACGGACAGATGGGT	108.37990589912592	0.0	145.19439032437646	135.46237188176934	129.44508614199592	0.6623538564596839	0.0	0.0	0.0	0.0	25.837894389959786	0.0	0.0	69.78337968661002	0.0	0.0	0.0
GSM4138110_HNSCC_1_PBMC_CCACTACAGGTTCCTA	53.49904521792917	0.0	61.81287271150885	78.2564580377551	6.417147803021632	59.010991244869395	0.0	0.0	0.0	28.326410113416518	0.0	0.0	4.811525678244582	0.0	65.37173178164717	0.0	0.0
GSM4138110_HNSCC_1_PBMC_CCCAGTTAGGCACATG	65.83421143864719	0.0	45.623956082018516	0.0	46.714229617850556	0.0	0.0	0.0	0.0	0.0	56.20647202074831	0.0	88.18337041924157	0.0	0.0	0.0	0.0
GSM4138110_HNSCC_1_PBMC_CCCTCCTGTACAGCAG	97.69607521527801	0.0	46.47580964321287	39.5701450848607	54.62201859377647	0.0	58.86873223341808	3.4905325999908388	0.0	0.0	0.0	0.0	0.0	0.0	0.0	0.0	0.0
GSM4138110_HNSCC_1_PBMC_CCCTCCTTCCATGAAC	63.9655498740514	0.0	16.884944134289317	0.0	0.0	80.90708951293351	0.0	28.104399655520687	0.0	0.0	0.0	0.0	50.33945369350476	0.0	56.88025676070701	0.0	0.0
GSM4138110_HNSCC_1_PBMC_CCGTACTGTTCCAACA	114.3663182844207	60.07455960051203	0.0	0.0	0.0	0.0	58.53080157415731	106.5276661903911	134.89715582983376	0.0	0.0	9.0560087216805	39.69096695829271	0.0	0.0	0.0	0.0
GSM4138110_HNSCC_1_PBMC_CCGTACTTCCGATATG	54.00121495933977	42.487672677268115	0.0	0.0	0.0	49.81265858104676	0.0	39.61663133115858	0.0	0.0	43.10304893130747	0.0	0.0	0.0	0.0	0.0	0.0
GSM4138110_HNSCC_1_PBMC_CCGTGGAAGGAGTACC	101.03064048718709	0.0	0.0	0.0	0.0	33.0773383911525	0.0	0.0	8.902115502142525	65.88742539281947	0.0	56.21601437057591	55.82785056033829	0.0	0.0	0.0	0.0
GSM4138110_HNSCC_1_PBMC_CCTAAAGAGCGCCTCA	139.75912806964166	0.0	0.0	190.51592102100335	0.0	126.80679953261318	0.0	0.0	0.0	0.0	0.0	0.0	0.0	115.45806054729091	0.0	119.99904106522173	0.0
GSM4138110_HNSCC_1_PBMC_CCTACACCACAGGCCT	73.84463766494592	111.42457885582758	76.99407089847082	0.0	0.0	0.0	0.0	0.0	89.63089480674992	0.10188507123391077	0.0	69.80650677170745	0.0	0.0	0.0	0.0	0.0
GSM4138110_HNSCC_1_PBMC_CCTATTACACAAGACG	166.116199856825	111.52016640991172	1.5345945438477684	0.0	108.13667023623604	0.0	0.0	2.001731990786038	5.434559041057612	107.71050927588603	128.98141391673835	0.0	0.0	0.0	0.0	0.0	0.0
GSM4138110_HNSCC_1_PBMC_CCTTACGAGAATAGGG	75.72434419860018	51.00662177228564	0.0	0.0	0.0	0.0	128.8449403409645	36.00632417674163	39.38085582813448	58.941659163404424	0.0	0.0	0.0	0.0	0.0	0.0	0.0
GSM4138110_HNSCC_1_PBMC_CGAACATGTCCAGTAT	87.91845390945858	0.0	12.901079100388236	52.37651655804092	0.0	0.0	34.32961053327997	0.0	37.54792349083728	0.0	0.0	0.0	0.0	0.0	0.0	40.9697604612212	17.588239918525513
GSM4138110_HNSCC_1_PBMC_CGATCGGCAACACCCG	63.24929371366338	0.0	0.0	49.42674855889211	22.523828930965855	0.0	0.0	38.080676458092576	0.0	0.0	0.0	0.0	0.0	0.0	38.52667887136562	0.0	0.0
GSM4138110_HNSCC_1_PBMC_CGATGTATCCTTTCGG	94.28104930544335	0.0	61.96893370408292	0.0	0.0	0.0	0.0	0.0	38.70479363894064	0.0	0.0	0.0	67.93142232678692	37.6871365014988	15.159350470483231	0.0	0.0
GSM4138110_HNSCC_1_PBMC_CGCGGTAAGACACGAC	35.90514435987714	0.0	0.0	0.0	0.0	16.753736262392565	0.0	0.0	0.0	11.346055628312055	10.172311209870847	50.939445101856506	93.8304899714372	0.0	0.0	0.0	0.0
GSM4138110_HNSCC_1_PBMC_CGCGGTATCAGTCCCT	71.9533037657588	0.0	49.668052766264175	41.00397268531481	0.0	0.0	38.9507795450747	0.0	111.01820204688114	0.0	0.0	0.0	0.0	0.0	0.0	0.0	9.988152061485286
GSM4138110_HNSCC_1_PBMC_CGCTATCAGGTAGCCA	107.71461306026737	0.0	4.790339960990679	73.53526350169791	0.0	116.78460496227697	0.0	38.47232059886733	0.0	65.68694886363822	71.09727767211581	0.0	0.0	57.93096291888599	0.0	0.0	0.0
GSM4138110_HNSCC_1_PBMC_CGCTTCACAGTACACT	114.17180888022276	0.0	97.36930829662559	72.70269936123502	0.0	81.09382667918177	60.998998351994224	0.0	0.0	0.0	0.0	0.0	0.0	0.0	0.0	0.0	0.0
GSM4138110_HNSCC_1_PBMC_CGGAGCTCAGACGCAA	62.740061065049524	75.43281748159954	0.0	0.0	0.0	64.90821238312436	0.0	0.0	0.0	0.0	0.0	41.972050188677976	0.0	0.0	0.0	56.95436927790876	0.0
GSM4138110_HNSCC_1_PBMC_CGGAGCTTCGCCTGAG	122.99771790926627	0.0	8.722684349371976	74.44114977100828	98.15252818301049	0.0	0.0	75.37134518625203	15.072177394205116	0.0	88.66645602448332	0.0	26.780296496334305	12.530908784936043	0.0	0.0	0.0
GSM4138110_HNSCC_1_PBMC_CGGCTAGTCACATAGC	153.90640017574074	152.4235104107381	12.753740727435499	0.0	15.427082916369635	58.78814929970062	61.91734409446239	0.0	21.54100499665955	81.22647205187747	0.0	39.544536936257344	0.0	0.0	0.0	0.0	0.0
GSM4138110_HNSCC_1_PBMC_CGGCTAGTCAGAGACG	59.10892745728394	121.0167603630377	53.583108847978046	0.0	31.851029400575026	7.675211181488768	0.0	10.993806873026443	0.0	0.0	48.68634621480527	0.0	0.0	0.0	0.0	0.0	0.0
GSM4138110_HNSCC_1_PBMC_CGGCTAGTCCTAAGTG	189.39282386269238	36.919964574713134	0.0	0.0	86.89834215289233	0.0	0.0	69.35076368279805	0.0	0.0	0.0	0.0	0.0	95.18213130348094	0.0	0.0	0.0
GSM4138110_HNSCC_1_PBMC_CGTAGCGAGAAGGGTA	90.45034951911195	0.0	43.424154467448076	79.46834901111372	106.51268712471152	0.0	128.37156701681957	0.0	0.0	0.0	0.0	0.0	0.0	0.0	0.0	0.0	0.0
GSM4138110_HNSCC_1_PBMC_CGTAGGCGTGGTAACG	60.14835040443678	49.704617351838735	0.0	0.0	105.0073360876858	0.0	0.0	21.907549311465857	0.0	0.0	0.0	84.11460092980614	0.0	0.0	0.0	0.0	0.0
GSM4138110_HNSCC_1_PBMC_CGTCACTTCAAACCGT	100.47348587706105	0.0	37.70883484880472	60.31358673305246	0.0	122.51750142594997	0.0	21.370581737668687	0.0	0.0	71.62483665091835	0.0	0.0	0.0	0.0	0.0	0.0
GSM4138110_HNSCC_1_PBMC_CGTCCATAGCAGCGTA	52.48693207909119	49.341688683929654	28.118577279715755	0.0	19.115343552086284	0.0	0.0	0.0	0.0	0.0	67.99114355349816	0.0	0.0	0.0	0.0	0.0	0.0
GSM4138110_HNSCC_1_PBMC_CGTGTAAAGGTGTGGT	96.69310770817792	0.0	31.66975423389168	79.41173080258591	0.0	117.65093061833906	0.0	55.5662992699704	0.0	0.0	63.369472789667405	0.0	0.0	3.529260165618918	0.0	0.0	0.0
GSM4138110_HNSCC_1_PBMC_CGTTGGGCAGGCGATA	103.41721840882663	76.04533659963083	13.670370905840935	0.0	0.0	44.13540074923674	45.265650007796566	0.0	2.3311344151716766	48.908262687194274	0.0	0.0	0.0	0.0	0.0	0.0	0.0
GSM4138110_HNSCC_1_PBMC_CTACACCGTAGCTTGT	49.319408567306326	24.82255815601201	53.24725220747869	29.532056786479153	67.16984886058778	0.0	24.259176850539205	0.0	0.0	0.0	0.0	9.758103074795892	0.0	28.065467302152502	0.0	0.0	24.15113268950687
GSM4138110_HNSCC_1_PBMC_CTACGTCAGTGGGATC	101.71276319071589	109.41932880267711	30.94609242496859	0.0	0.0	0.0	0.0	0.0	98.18597841066567	0.0	29.740732312921896	0.0	0.0	0.0	0.0	0.0	0.0
GSM4138110_HNSCC_1_PBMC_CTACGTCTCCACGAAT	42.189111749381496	50.3616426307998	37.57085285581391	0.0	31.676351521920992	9.267379668765267	64.89860176877791	0.0	0.0	0.0	0.0	0.0	0.0	0.0	0.0	0.0	0.0
GSM4138110_HNSCC_1_PBMC_CTAGCCTAGCCAACAG	72.38424355463424	97.1435953044347	0.0	0.0	0.0	76.32432530495835	14.166150504542198	0.0	0.0	70.08805806090734	0.0	27.782628436668098	0.0	0.0	0.0	0.0	0.0
GSM4138110_HNSCC_1_PBMC_CTCAGAATCGAATGGG	95.09950083561498	0.0	98.03048562483208	80.3955400567631	76.19559269382307	0.0	0.0	0.0	13.965322486309912	0.0	0.0	0.0	0.0	103.35011655280971	0.0	0.0	0.0
GSM4138110_HNSCC_1_PBMC_CTCCTAGCAAGTCTGT	137.16839789228453	58.31134485541245	0.0	0.0	0.0	0.0	45.44336127414118	81.52634584753946	110.83188192120289	0.0	0.0	1.9361114486778237	0.0	0.0	0.0	0.0	0.0
GSM4138110_HNSCC_1_PBMC_CTCGGAGAGCAGGTCA	109.10139166501996	104.47365690542175	50.92682852111854	0.0	102.49584689357057	0.0	0.0	0.0	0.0	0.0	71.05388506187913	0.0	0.0	0.0	0.0	0.0	0.0
GSM4138110_HNSCC_1_PBMC_CTCGTACTCAGCAACT	80.34509717183957	0.0	0.0	151.03863398903388	0.0	0.0	0.0	129.4489816234106	106.08679186875325	0.0	0.0	0.0	0.0	32.15374896781226	0.0	0.0	59.20417060751254
GSM4138110_HNSCC_1_PBMC_CTCGTCAAGCTCTCGG	149.24567089020445	0.0	0.0	197.47900647467648	54.84757225836829	56.58358223816433	0.0	37.4831026898599	0.0	0.0	162.38896544503254	0.0	0.0	0.0	0.0	0.0	0.0
GSM4138110_HNSCC_1_PBMC_CTCTACGCAGATCGGA	33.82046520013741	0.0	0.0	45.32088488763769	0.0	56.22310942305887	0.0	44.120205023230795	0.0	0.0	0.0	0.0	0.0	28.008398519222254	0.0	0.0	0.0
GSM4138110_HNSCC_1_PBMC_CTCTGGTAGACAGGCT	36.5481128195471	32.49236949751974	0.0	0.0	63.91145822347294	0.0	0.0	67.7373995552006	0.0	0.0	18.57313064498696	61.56145911084026	0.0	0.0	0.0	0.0	0.0
GSM4138110_HNSCC_1_PBMC_CTCTGGTCACAGCCCA	138.79690942785606	91.6815907370596	0.0	0.0	79.39021517884044	0.0	111.04745068004696	54.87962905828839	0.0	0.0	0.0	0.0	0.9192439524655805	0.0	0.0	0.0	0.0
GSM4138110_HNSCC_1_PBMC_CTGAAACCAGCCTTGG	60.641555383708855	41.57437773187386	27.501692253542664	29.237776231411306	36.773042473297366	117.24841808687646	51.70022480849984	18.863544550573522	0.0	0.0	0.0	0.0	0.43090827985975705	0.0	0.0	0.0	0.0
GSM4138110_HNSCC_1_PBMC_CTGAAACCAGTATGCT	82.56086046818818	43.942644579407734	40.86707348271654	0.0	48.58830341383701	0.0	0.0	0.0	0.0	59.34716355823212	72.00475086744058	20.334770302304534	0.0	0.0	0.0	0.0	0.0
GSM4138110_HNSCC_1_PBMC_CTGAAGTCAGCTGCTG	115.94360666420081	0.0	0.0	34.68379110717865	26.57660121611395	20.45345277882058	0.0	76.98767174660077	0.0	0.0	67.89058733378437	0.0	11.131154109557889	0.0	0.0	0.0	0.0
GSM4138110_HNSCC_1_PBMC_CTGAAGTGTTCTCATT	90.75338208615071	71.14109205637415	49.16580819268896	0.0	6.734862993153518	0.0	0.0	0.0	45.571065029470326	0.0	0.0	0.0	0.0	0.0	0.0	0.0	35.680841299952895
GSM4138110_HNSCC_1_PBMC_CTGTTTACAAAGGTGC	84.70295311278038	56.69399257040595	0.0	26.80992743499427	39.47163922560345	28.35487576159355	0.0	43.707382490885834	14.514055998648255	0.0	0.0	51.87651885816139	0.0	0.0	0.0	0.0	0.0
GSM4138110_HNSCC_1_PBMC_CTTAACTGTGACGCCT	51.353460235057845	69.04170434848172	0.0	0.0	26.0378934797661	0.0	85.72727155407509	0.0	0.0	47.753883395422	0.0	0.0	0.0	0.0	0.0	0.0	0.0
GSM4138110_HNSCC_1_PBMC_CTTAGGAAGGTGATTA	175.35959898489685	0.0	0.0	2.5116260202499743	0.0	190.7798529925382	0.0	0.0	0.0	176.3335426952298	0.0	0.0	119.84010174474024	0.0	139.02066170798565	0.0	0.0
GSM4138110_HNSCC_1_PBMC_CTTAGGACAGAGTGTG	79.16151955498634	23.516540944804323	53.88034937676119	36.03658466557239	71.95094089570541	0.0	0.0	0.0	0.0	0.0	44.800420632449075	0.0	0.0	0.0	0.0	0.0	0.0
GSM4138110_HNSCC_1_PBMC_CTTGGCTCAAAGCGGT	116.56532969657866	0.0	67.13389886511908	84.63806409350384	0.0	102.80757207799975	0.0	0.0	0.0	0.0	0.2692750696758569	74.10375782989198	0.0	0.0	0.0	0.0	25.22469139884725
GSM4138110_HNSCC_1_PBMC_GAAACTCGTCTTCTCG	162.27912975639268	0.0	147.89860490182878	118.62171031910867	0.0	72.40451310680976	0.0	0.0	0.0	0.0	79.00258353940762	0.0	0.0	0.0	0.0	0.0	0.0
GSM4138110_HNSCC_1_PBMC_GAAATGAAGAGCAATT	54.338046897672896	54.84368149355599	0.0	0.0	0.0	36.517390512186296	43.50213964824378	42.67602260863611	0.0	0.0	0.0	0.0	0.0	0.0	0.0	0.0	0.0
GSM4138110_HNSCC_1_PBMC_GAACATCTCGGTTAAC	91.93300060527335	70.73369573891057	0.0	0.0	49.34359095563351	0.0	51.90437086209215	71.46217463112283	0.0	0.0	0.0	0.0	0.0	0.0	0.0	0.0	0.0
GSM4138110_HNSCC_1_PBMC_GAACCTATCGGCCGAT	86.73740129850295	93.61591565931067	0.0	0.0	0.0	49.855521880908476	0.0	0.0	0.0	84.43083778581558	0.0	56.70239098819204	0.0	0.0	0.0	0.0	0.0
GSM4138110_HNSCC_1_PBMC_GAATGAAGTTGGACCC	41.0102287137435	61.547654813969885	52.72178793891325	0.0	44.97191438762641	0.0	4.124810718638173	0.0	1.1167706226824214	0.0	25.95748860645412	0.0	0.0	0.0	0.0	0.0	0.0
GSM4138110_HNSCC_1_PBMC_GACAGAGAGAGCCTAG	75.64009777076592	0.0	33.93423629138706	43.023376576346365	13.140606017109423	36.630182289602935	0.0	0.0	0.0	0.0	0.0	0.0	0.0	41.482034372519685	0.0	0.0	0.0
GSM4138110_HNSCC_1_PBMC_GACTAACAGGCAGGTT	80.99439818974338	70.07136355233766	95.71024909620358	28.448303882704064	12.839816202829264	0.0	0.0	43.558844170511186	62.18828176009781	0.0	0.0	0.0	0.0	0.0	0.0	0.0	113.13026550288359
GSM4138110_HNSCC_1_PBMC_GACTGCGGTATCTGCA	97.28526536784503	0.0	60.92129661831665	44.51783626082461	40.54738769052695	0.0	0.0	0.0	0.0	0.0	0.0	0.0	0.0	0.0	43.496494089478276	0.0	0.0
GSM4138110_HNSCC_1_PBMC_GACTGCGTCTAAGCCA	88.44013190240754	0.0	45.53821819081798	94.88798249846252	0.0814192444458641	85.02235570508437	45.930209884163226	78.6720769861331	0.0	0.0	0.0	20.650995578923023	0.0	0.0	0.0	0.0	2.5656523907360875
GSM4138110_HNSCC_1_PBMC_GATCGATGTGCTGTAT	169.2093078034588	122.52275246711133	61.49914918161401	0.0	0.0	77.24314528757807	0.0	0.0	0.0	0.0	57.68592887394715	0.0	0.0	0.0	0.0	0.0	0.0
GSM4138110_HNSCC_1_PBMC_GATCTAGAGGGCTCTC	81.13547104390284	77.49420362289266	26.01449410762663	0.0	25.170085084900652	0.0	0.0	0.0	62.33760688035433	25.411979420263936	0.0	46.76368589054507	0.0	0.0	0.0	0.0	0.0
GSM4138110_HNSCC_1_PBMC_GATCTAGCAAACCTAC	110.78213446172288	109.28135848387079	21.620681341798306	0.0	0.0	0.0	0.0	0.0	77.00075833743153	0.0	0.0	77.56844517963313	0.0	0.0	0.0	85.52448714371111	0.0
GSM4138110_HNSCC_1_PBMC_GATGAAAAGAAGGGTA	56.09450772619422	43.51915469423172	47.4727472983471	0.0	0.0	0.0	57.90263388815125	0.0	33.76425677379934	0.0	0.0	0.0	0.0	0.0	0.0	0.0	0.0
GSM4138110_HNSCC_1_PBMC_GATGCTAGTATGGTTC	95.13474539267725	0.0	0.0	37.89682496732284	0.0	0.0	0.0	0.0	51.800641339039274	36.84586844567096	0.0	99.60703390140797	44.49428262770189	0.0	0.0	0.0	0.0
GSM4138110_HNSCC_1_PBMC_GATTCAGAGCTATGCT	132.04835478449456	97.50836824771757	63.25369499991201	0.0	0.0	0.0	147.40452236205755	0.0	41.49687818708513	24.68191864117961	0.0	0.0	0.0	0.0	0.0	0.0	0.0
GSM4138110_HNSCC_1_PBMC_GCACATACATGAACCT	115.46083798106721	57.21719569326206	0.0	0.0	53.5754270453352	0.0	0.0	55.80821111818644	67.23794138029703	0.0	0.0	77.79891063637892	0.0	0.0	0.0	0.0	0.0
GSM4138110_HNSCC_1_PBMC_GCACATAGTCTTCTCG	117.51346760728092	0.0	0.0	11.400958405840251	21.38624221996294	49.70859723058948	0.0	47.251750372911026	0.0	0.0	0.0	91.70863917148895	60.814438176851866	0.0	0.0	0.0	0.0
GSM4138110_HNSCC_1_PBMC_GCAGTTATCCTACAGA	54.194947078433884	0.0	0.0	14.580598668918785	0.832290624714559	53.192674128449994	0.0	0.0	0.0	0.0	0.0	0.0	0.0	42.8996845390414	0.0	58.63579788266145	0.0
GSM4138110_HNSCC_1_PBMC_GCATACAAGACACGAC	124.1100636236357	127.24353481854705	0.0	0.0	0.0	97.88453628403045	0.0	109.67311533096316	0.0	0.0	0.0	96.35131826713257	0.0	0.0	0.0	0.0	0.0
GSM4138110_HNSCC_1_PBMC_GCATGTATCTCATTCA	77.08458148097543	48.72627208122312	0.0	0.0	0.0	22.66584897345797	0.0	0.0	0.0	40.3205452347938	30.00814896484	22.052358152227203	0.0	0.0	0.0	0.0	0.0
GSM4138110_HNSCC_1_PBMC_GCGAGAATCTATCCTA	63.70249683585816	77.85060179175582	46.92925248597403	0.0	17.039993403304287	0.0	0.0	0.0	76.15298175248303	0.0	0.0	46.341589492772805	0.0	0.0	0.0	0.0	0.0
GSM4138110_HNSCC_1_PBMC_GCGCAACCAGTACACT	78.69886510170717	0.0	0.0	54.13965592550892	74.17953738831082	0.0	0.0	37.17052191443021	0.0	0.0	29.70258573008679	0.0	0.0	13.270477907462176	0.0	0.0	0.0
GSM4138110_HNSCC_1_PBMC_GCGCAACTCACCGTAA	109.95433611259004	0.0	0.0	19.493475385891294	33.04299965229538	0.0	0.0	56.360731195863984	0.0	0.0	0.0	0.0	15.930725745079014	58.72359811733469	0.0	54.28181538299845	0.0
GSM4138110_HNSCC_1_PBMC_GCGGGTTTCTGTACGA	103.32262271874356	0.0	33.1486059177177	40.15082636919513	27.17959495073252	10.80968282516344	0.0	12.767028865638718	75.81952592243252	0.0	0.0	0.0	28.132349131306608	83.76768387798566	0.0	0.0	0.0
GSM4138110_HNSCC_1_PBMC_GCTGCAGCACAACGCC	72.80783378640967	0.0	15.943437159642759	64.3220060006811	75.05517123137801	0.0	0.0	0.0	0.0	0.0	68.48220799493356	0.0	0.0	0.0	0.0	0.0	0.0
GSM4138110_HNSCC_1_PBMC_GGAACTTCAACTGGCC	75.11768230126182	0.0	55.43779609273238	0.0	0.0	32.608789018609386	0.0	0.0	22.38735270209491	0.0	0.0	0.0	92.54901989602571	108.92601989298258	0.0	0.0	0.0
GSM4138110_HNSCC_1_PBMC_GGAATAAAGAACAATC	64.49367825325042	54.928828871939174	0.0	0.0	0.0	36.74243314751555	0.0	7.096759383873518	0.0	47.518873401834334	71.80489913326983	0.0	0.0	0.0	0.0	0.0	0.0
GSM4138110_HNSCC_1_PBMC_GGACATTCACGGTTTA	82.5677213631707	0.0	49.989286617002506	73.39538261276292	38.07631901542036	0.0	0.0	0.0	0.0	0.0	92.0974042285431	0.0	0.0	0.0	0.0	0.0	0.0
GSM4138110_HNSCC_1_PBMC_GGCTCGATCCGCGTTT	45.848234216772845	0.0	0.0	0.0	195.30975133629366	0.0	0.0	39.98705031524664	0.0	0.0	33.15501320960531	0.0	40.283670180213946	0.0	0.0	0.0	0.0
GSM4138110_HNSCC_1_PBMC_GGGACCTAGCCAGGAT	83.65857499000981	77.56687027308777	56.056466279304	0.0	43.4476176441363	14.361022590132414	0.0	0.0	0.0	0.0	52.43920757454254	13.610953774883304	0.0	0.0	0.0	0.0	0.0
GSM4138110_HNSCC_1_PBMC_GGGACCTCAGTCACTA	110.38283336338874	97.04213396121209	0.0	0.0	69.03334078249436	0.0	49.93136545930824	151.45500740055522	37.322790454106965	0.0	0.0	96.60937423305637	0.0	0.0	0.0	0.0	0.0
GSM4138110_HNSCC_1_PBMC_GGGAGATGTGTGCGTC	82.03005062932974	45.25117747280671	2.0860073733824205	0.0	51.716846266768584	3.029235374863016	58.14635946965317	35.70206937513224	0.0	0.0	21.350810591637917	0.0	0.0	0.0	0.0	0.0	0.0
GSM4138110_HNSCC_1_PBMC_GGGAGATTCACGATGT	43.70599092520663	45.40141652991318	3.3818064394993814	43.43170073865856	0.0	0.0	0.0	0.0	57.56995447635458	34.47185024620915	0.0	0.0	0.0	0.0	27.215760754479515	0.0	0.0
GSM4138110_HNSCC_1_PBMC_GGGTTGCGTCCGAAGA	117.96172834582299	0.0	65.607984806177	6.555808662920353	0.0	117.24626194776	0.0	0.0	0.0	0.0	59.19325949304048	0.0	76.3672165604761	0.0	0.0	0.0	0.0
GSM4138110_HNSCC_1_PBMC_GGTGAAGTCGCTTGTC	85.090306002986	91.25161889964151	0.0	0.0	0.0	0.0	0.0	0.0	73.98729086711273	43.95231318693982	0.0	54.559341640054534	0.0	16.835455050718824	0.0	16.05785795538181	0.0
GSM4138110_HNSCC_1_PBMC_GGTGTTACAAACGCGA	121.26081518495923	0.0	1.2754625262709554	60.74853572952069	0.0	124.57539201940924	0.0	72.59938328304001	0.0	0.0	12.571017215888519	35.59145344680245	0.0	0.0	0.0	0.0	0.0
GSM4138110_HNSCC_1_PBMC_GTAACTGTCTTCGAGA	69.85849338421546	71.65983274282004	72.99185481973277	0.0	90.34900551642275	0.0	0.0	0.0	27.2163567661692	0.0	0.0	61.35092601568191	15.63825067354029	0.0	0.0	0.0	0.0
GSM4138110_HNSCC_1_PBMC_GTAGGCCAGGTGTGGT	86.20033319051603	46.81405892391263	0.0	0.0	26.293071206236455	41.237903176627974	0.0	0.0	0.0	57.83562559664702	44.97227714653689	0.0	0.0	0.0	0.0	19.07796469771078	0.0
GSM4138110_HNSCC_1_PBMC_GTAGTCACAGATCCAT	76.50666177863657	0.0	73.91904242432156	64.11768183430785	0.0	63.39855325396336	0.0	0.0	0.0	0.0	0.0	0.0	0.0	78.96927545293403	0.0	0.0	0.0
GSM4138110_HNSCC_1_PBMC_GTAGTCAGTGGGTCAA	62.402958899264576	42.956526959015875	0.0	0.0	42.72248125718548	0.0	51.57508562359797	0.0	0.0	41.48024495965209	0.0	0.0	0.0	0.0	0.0	0.0	0.0
GSM4138110_HNSCC_1_PBMC_GTATTCTAGGGTTTCT	125.48327742234626	0.0	123.15668720202692	0.0	98.09171954938148	0.0	0.0	0.0	0.0	0.0	0.0	0.0	81.73687104018437	0.0	37.723719605125936	0.0	0.0
GSM4138110_HNSCC_1_PBMC_GTATTCTTCCAAACTG	96.04543750280132	12.851427790797738	18.939125293666372	68.52381076619713	44.836362468968304	0.0	0.0	0.0	66.49576074706665	0.0	0.0	81.78585284480694	0.0	0.0	0.0	54.74219500692339	0.0
GSM4138110_HNSCC_1_PBMC_GTCGTAACAGGAACGT	69.13122063748145	0.0	90.56172191249188	0.0	0.0	0.0	0.0	0.0	76.70383405418049	0.0	0.0	39.12806035877585	56.67986689926532	0.0	0.0	0.0	0.0
GSM4138110_HNSCC_1_PBMC_GTCGTAAGTATGAAAC	74.44270453381229	45.95705305730829	27.589543637844848	0.0	0.0	56.77884981035822	66.66688797065196	0.0	0.0	0.0	0.0	0.0	0.0	0.0	0.0	0.0	0.0
GSM4138110_HNSCC_1_PBMC_GTCTCGTGTACGCACC	99.32004635535661	105.30353656218414	0.0	0.0	43.689537028612946	0.0	0.0	79.73820708042498	0.0	0.0	18.557349534935618	0.0	0.0	0.0	0.0	0.0	0.0
GSM4138110_HNSCC_1_PBMC_GTGGGTCAGAATGTGT	84.64271729341324	0.0	51.38990717592009	40.215840429081624	1.5007492326870706	33.366756255679135	0.0	0.0	0.0	0.0	0.0	0.0	0.0	0.0	38.48733789274399	0.0	0.0
GSM4138110_HNSCC_1_PBMC_GTTCATTGTAGCTGCC	100.05620224368151	0.0	0.0	59.43582929358939	0.0	84.95972488104141	116.59094838148623	0.0	0.0	89.24563254539741	0.0	0.0	12.345592327717368	0.0	0.0	0.0	0.0
GSM4138110_HNSCC_1_PBMC_GTTCATTTCCGCGGTA	96.4163618259333	0.0	0.0	72.15915116144606	95.40428682490096	0.0	0.0	5.0168370032962075	0.0	0.0	0.0	0.0	0.0	77.44035349314701	3.4146329854171915	59.09894199961731	4.7082849383098
GSM4138110_HNSCC_1_PBMC_GTTCTCGCACTATCTT	83.55939064774658	0.0	50.340978947506514	72.21119277819726	11.124552805932025	68.94427149228336	0.0	0.0	0.0	0.0	16.38836146737989	0.0	0.0	0.0	26.496530188161078	0.0	0.0
GSM4138110_HNSCC_1_PBMC_GTTCTCGTCAGAGACG	114.13433278649022	0.0	98.89497564600327	0.0	0.0	11.368751133852392	48.38999847816355	0.0	27.91368104247201	1.6248510344456577	0.0	0.0	50.793390449929845	0.0	0.0	0.0	0.0
GSM4138110_HNSCC_1_PBMC_TAAGCGTAGGTGCTTT	166.3924497080174	0.0	31.79651893433171	101.92305946552014	0.0	222.370135260352	0.0	80.08023424597573	0.0	50.47170961429878	0.0	86.04239916191801	0.0	23.9915724722312	0.0	0.0	0.0
GSM4138110_HNSCC_1_PBMC_TACAGTGGTCATCGGC	124.01950092183925	0.0	69.66259398346736	80.67839244457564	126.1850598452755	0.0	0.0	0.0	0.0	30.441857644833487	19.544653490052724	0.0	0.0	97.8868942561213	0.0	0.0	0.0
GSM4138110_HNSCC_1_PBMC_TACCTTATCACGATGT	85.71868821128119	120.66175506513355	28.337308171331376	0.0	0.0	0.0	0.0	55.74162848663698	82.935554367797	18.942109413320985	0.0	76.82362513375017	0.0	0.0	0.0	0.0	0.0
GSM4138110_HNSCC_1_PBMC_TACGGATTCTAACTTC	122.64247095026373	0.0	52.41099566440088	25.45948244791372	0.0	125.61693029496377	43.07250852676621	0.0	0.0	0.0	0.0	0.0	0.0	0.0	0.0	0.0	0.0
GSM4138110_HNSCC_1_PBMC_TACTTGTAGTCATCCA	107.09658232757947	32.48276469014692	102.68278796219045	0.0	92.86034632653737	0.0	79.33962221533079	0.0	0.0	0.0	0.0	0.0	1.3643350372710892	0.0	0.0	0.0	0.0
GSM4138110_HNSCC_1_PBMC_TACTTGTTCAGAGCTT	107.1840040569678	66.60848422499275	58.16586402390941	0.0	0.0	0.0	0.0	0.0	71.61836844670786	2.4124117549258033	104.97728702238432	0.0	0.0	0.0	0.0	0.0	0.0
GSM4138110_HNSCC_1_PBMC_TAGACCAGTCCGAGTC	88.09310562294718	0.0	0.0	73.72813035036116	42.169532434423914	7.889535038961209	0.0	94.87598336478392	30.051188576380085	0.0	0.0	31.581388707748488	0.0	43.74131137469548	0.0	0.0	7.580864562081488
GSM4138110_HNSCC_1_PBMC_TAGAGCTGTTCCCTTG	82.90747832369871	0.0	59.637653817155375	48.64180056568375	62.398888297152325	0.0	39.14258195598032	0.0	17.857754035864936	0.0	22.45538023557025	0.0	0.0	0.0	0.0	0.0	0.0
GSM4138110_HNSCC_1_PBMC_TATCTCACACGGCGTT	100.86778797430694	0.0	0.0	88.68963975252855	0.0	97.06946511461503	0.0	44.97863866942262	0.0	0.0	0.0	0.0	0.0	72.58918481083938	0.0	0.0	0.0
GSM4138110_HNSCC_1_PBMC_TATCTCATCAACGGGA	142.5059597736794	0.0	0.0	0.0	84.7782332329414	0.0	0.0	61.90559707835761	0.0	0.0	0.0	0.0	81.60812636788948	70.13097153088508	38.70481953719727	0.0	0.0
GSM4138110_HNSCC_1_PBMC_TCACGAATCTGTCCGT	122.79201257931082	61.6336687048618	0.0	0.0	0.0	65.15858168741211	52.214544341357914	29.01740123738741	0.0	43.261664575602495	0.0	42.77673100003802	0.0	0.0	0.0	0.0	0.0
GSM4138110_HNSCC_1_PBMC_TCAGATGTCCGCGTTT	74.78011928335617	74.04472474050323	61.442074743625625	0.0	0.0	104.68172823071141	0.0	0.0	0.0	0.0	0.0	0.0	0.0	49.22179425742619	0.0	0.0	0.0
GSM4138110_HNSCC_1_PBMC_TCAGCAAAGGCGCTCT	42.47559414391825	142.88040165289087	5.588146331440613	0.0	28.380544545336345	0.0	53.848689651630266	0.0	77.25927468720552	0.0	0.0	0.0	0.0	0.0	0.0	0.0	0.0
GSM4138110_HNSCC_1_PBMC_TCATTACAGCGCTCCA	153.3269621449205	0.0	0.0	47.455619747705285	92.975064789691	0.0	0.0	41.40155584589032	0.0	0.0	80.96195024227882	0.0	0.0	0.0	0.0	0.0	0.0
GSM4138110_HNSCC_1_PBMC_TCCCGATAGTGGAGAA	55.95075052424713	63.118642449583675	0.0	0.0	0.0	0.0	0.0	21.06711572412651	47.70754711996757	0.0	0.0	0.0	0.0	0.0	56.008678863173756	0.0	0.0
GSM4138110_HNSCC_1_PBMC_TCGCGAGGTAGCACGA	108.36681265632967	33.682002086611114	117.5831307699194	69.19754000909396	49.16617593842798	14.599490840535335	103.33753791850893	0.0	24.60858327710576	0.0	0.0	0.0	0.0	0.0	0.0	0.0	0.0
GSM4138110_HNSCC_1_PBMC_TCGGGACTCAACGAAA	75.317477876171	83.72475708375725	16.561353332096267	0.0	53.940611150467724	0.0	68.93888742220156	0.0	0.0	0.0	0.0	0.0	0.0	0.0	0.0	55.435584602929175	0.0
GSM4138110_HNSCC_1_PBMC_TCGGGACTCGAGAGCA	124.51956032305507	131.2969444633152	35.240808982729625	0.0	94.84181012119795	0.0	106.61307936689263	0.0	0.0	57.669474316144765	0.0	0.0	0.0	0.0	0.0	0.0	0.0
GSM4138110_HNSCC_1_PBMC_TCGGTAATCACTCTTA	62.403858413938075	70.22073365075798	0.0	0.0	85.35410793932681	0.0	94.93900765242569	43.47003717328038	0.0	0.0	0.0	0.0	0.0	0.0	0.0	0.0	0.0
GSM4138110_HNSCC_1_PBMC_TCGTACCTCCGCAAGC	142.86990078107448	257.7531208051363	121.91505332619175	0.0	0.0	0.0	0.0	0.0	142.28466015561753	0.0	124.07593232634804	0.0	0.0	0.0	0.0	0.0	0.0
GSM4138110_HNSCC_1_PBMC_TCGTACCTCTGCCCTA	166.78792852208124	0.0	0.0	114.0439926392623	0.0	157.36020557705848	148.8143656700685	176.22371740540038	0.0	0.0	0.0	0.0	0.0	0.0	0.0	0.0	0.0
GSM4138110_HNSCC_1_PBMC_TCTATTGGTCTAAAGA	68.88491381820761	52.27183882119374	0.0	0.0	68.19864671567512	0.0	75.90602444573551	0.0	29.3887349480287	0.0	0.0	0.0	0.0	0.0	0.0	69.39252032055322	0.0
GSM4138110_HNSCC_1_PBMC_TCTATTGGTTGGTTTG	120.57554030016344	0.0	0.0	53.11284915345258	44.4028177070054	0.0	0.0	73.95215006099639	0.0	0.0	0.0	0.0	0.0	0.0	67.67953355777787	0.0	0.0
GSM4138110_HNSCC_1_PBMC_TCTATTGTCTGCAGTA	87.20263859070398	43.54127148900201	0.0	0.0	0.0	67.63035683490001	0.0	0.0	0.0	40.672217283039416	0.0	0.0	0.0	0.0	27.861039633301484	0.0	0.0
GSM4138110_HNSCC_1_PBMC_TCTGAGACAGATAATG	105.14765462397564	89.2004142435473	9.037509709282519	0.0	79.04120200844326	0.0	23.43028088589637	98.27783841152312	0.0	0.0	75.24103679523957	0.0	0.0	0.0	0.0	0.0	0.0
GSM4138110_HNSCC_1_PBMC_TCTGAGAGTAAGAGAG	103.40723445917212	64.38402706074193	70.35091460686964	0.0	0.0	72.021366725552	57.42086287376814	0.0	0.0	0.0	0.0	0.0	0.0	0.0	0.0	0.0	0.0
GSM4138110_HNSCC_1_PBMC_TCTGAGATCCTTTCTC	82.01313131761692	0.0	67.6164534353539	0.0	0.0	0.0	0.0	0.0	75.79056525916658	0.0	50.91736745567202	0.0	60.32737009107793	36.65355333818138	11.96469611770234	0.0	0.0
GSM4138110_HNSCC_1_PBMC_TCTGGAATCTCAAACG	77.6952537095841	60.71784577745422	54.0121475135057	0.0	0.0	0.0	47.61829998774011	0.0	49.462200243747084	0.0	0.0	59.70330122735966	0.0	0.0	0.0	0.0	0.0
GSM4138110_HNSCC_1_PBMC_TCTTTCCAGTGGGCTA	75.56841391713876	62.280411131887476	69.4092087474132	0.0	27.36202263767029	0.0	98.3284366734835	0.0	41.27763523580275	0.0	0.0	0.0	0.0	0.0	0.0	0.0	0.0
GSM4138110_HNSCC_1_PBMC_TGAAAGACACTTCGAA	48.51266008916279	0.0	0.0	0.0	56.71707227671605	0.0	18.75136328880249	22.519534580225702	0.0	0.0	32.85871122630766	17.06123352768274	27.31906904607454	0.0	0.0	0.0	0.0
GSM4138110_HNSCC_1_PBMC_TGACAACGTTAAGGGC	94.8768714528011	0.0	88.00834094834667	16.563903629652714	0.0	0.0	0.0	0.0	154.92067782051535	0.0	77.48750165417124	0.0	94.56044954347557	0.0	0.0	0.0	18.97867422628295
GSM4138110_HNSCC_1_PBMC_TGACGGCAGCGCCTTG	86.56763341536329	41.16159949994472	0.0	0.0	55.12368196689328	15.912885162452678	0.0	82.70829547825659	0.0	0.0	153.61912159609352	0.0	0.0	0.0	0.0	0.0	0.0
GSM4138110_HNSCC_1_PBMC_TGACGGCGTTACGACT	103.47983453440443	0.0	0.0	55.16731760053486	74.15519815298721	0.0	0.0	59.974471342356715	0.0	0.0	0.0	59.306671383871816	0.0	0.45196688166358995	0.0	0.0	0.0
GSM4138110_HNSCC_1_PBMC_TGACGGCTCGGTTCGG	110.45178405362513	0.0	94.11613820239722	80.94899726222722	84.50625555301364	0.0	0.0	0.0	0.0	0.0	48.92985638867371	0.0	0.0	0.0	6.305559336754983	0.0	0.0
GSM4138110_HNSCC_1_PBMC_TGACTAGAGAACTGTA	40.48221710465007	40.88966728625359	10.940385932699781	0.0	0.0	0.0	10.842469374584326	0.0	32.654474237632236	0.0	63.00278853511961	0.0	0.0	0.0	0.0	0.0	0.0
GSM4138110_HNSCC_1_PBMC_TGAGCATGTATTCTCT	188.8341752180977	0.0	131.46254551469815	232.07804861701177	0.0	252.75207599743086	137.96655196559752	0.0	0.0	0.0	0.0	0.0	0.0	0.0	0.0	0.0	0.0
GSM4138110_HNSCC_1_PBMC_TGCACCTTCCAGGGCT	181.8764731315287	0.0	0.0	0.0	0.0	64.94693594462395	0.0	169.4762863120828	0.0	0.0	0.0	103.27330606569815	80.231103283061	0.0	0.0	0.0	0.0
GSM4138110_HNSCC_1_PBMC_TGCCAAATCGCGGATC	119.79021767577873	0.0	90.71270142376179	0.0	70.97879676998136	0.0	0.0	0.0	0.0	0.0	84.97728313500475	0.0	44.47996954042758	0.0	0.0	0.0	0.0
GSM4138110_HNSCC_1_PBMC_TGCCAAATCTTCCTTC	48.00345581595396	0.0	78.20275871751677	0.0	76.45011516549353	0.0	0.0	0.0	0.0	8.453723067339038	0.0	0.0	57.09785519117575	0.0	0.0	0.0	46.42432794373576
GSM4138110_HNSCC_1_PBMC_TGCCCATGTGGTCCGT	76.6066343955139	34.313778599867405	0.0	30.50931302648458	15.175797273356883	0.0	50.53025554726308	48.995375092425284	81.57855851214318	0.0	0.0	0.0	0.0	0.0	0.0	0.0	0.0
GSM4138110_HNSCC_1_PBMC_TGCCCTACAAAGCAAT	99.07382016440178	0.0	18.68529503520181	74.09746920212147	0.0	81.55067768603845	0.0	8.356119672668394	0.0	0.0	87.33389725186919	0.0	0.0	0.0	0.0	36.21648617125794	0.0
GSM4138110_HNSCC_1_PBMC_TGCCCTAGTGTCGCTG	83.60705964979088	82.98250496201307	0.0	0.0	0.0	0.0	0.0	0.06812168293025064	39.37859946030231	47.316867620827274	0.0	128.3780021951448	0.0	0.0	0.0	0.0	0.0
GSM4138110_HNSCC_1_PBMC_TGCGCAGAGGGCATGT	192.89287263000244	171.69873014344012	0.0	0.0	8.621822467970887	0.0	115.65317469285117	0.0	139.2052678934461	0.0	0.0	0.0	0.0	0.0	0.0	110.11847342978078	0.0
GSM4138110_HNSCC_1_PBMC_TGCTACCCACTACAGT	123.68089729587622	0.0	81.2417647216748	113.81913916899678	68.94982009712132	0.0	0.0	0.0	0.0	0.0	0.0	0.0	0.0	0.0	0.0	0.0	77.14953521680944
GSM4138110_HNSCC_1_PBMC_TGCTACCCATTACGAC	87.26761879446838	65.24277522600865	35.454323235045955	0.0	0.0	0.0	47.076538563288075	0.0	50.68870326055281	8.201510086902758	0.0	0.0	0.3728762296375382	0.0	3.0555062245603786	0.0	0.0
GSM4138110_HNSCC_1_PBMC_TGCTACCTCAACCAAC	73.53944823858805	126.2093377716341	0.0	0.0	64.19912430092583	0.0	0.0	5.732814683697902	0.0	35.73904558898249	0.0	33.909454056552725	0.0	0.0	0.0	0.0	0.0
GSM4138110_HNSCC_1_PBMC_TGGACGCGTCATACTG	140.03736500401757	106.54582804231273	79.52566821081534	0.0	81.76386235703967	0.0	0.0	0.0	0.0	0.0	11.188348594018489	72.58375571322267	0.0	0.0	0.0	0.0	0.0
GSM4138110_HNSCC_1_PBMC_TGGCCAGTCCTTAATC	143.6343583392343	0.0	0.0	0.0	112.48274051757481	0.0	49.860307369300386	126.0399649859559	0.0	0.0	0.0	0.0	76.05249564690551	0.0	0.0	0.0	0.0
GSM4138110_HNSCC_1_PBMC_TGGCTGGCAGTCGATT	167.2110998136154	196.17340181748943	142.33780293732025	0.0	0.0	0.0	0.0	0.0	131.4778152884882	0.0	0.0	91.48846295143497	0.0	0.0	0.0	0.0	0.0
GSM4138110_HNSCC_1_PBMC_TGGGAAGCAATGGAGC	94.32071251642952	0.0	50.73398733880198	24.510312582246428	0.0	0.0	36.18281561640302	0.0	44.290392567036506	0.0	0.0	0.0	0.0	0.0	9.224375569936235	0.0	0.0
GSM4138110_HNSCC_1_PBMC_TGGGCGTAGGGAGTAA	86.99469547151512	96.00053773070924	51.70305512551858	0.0	0.0	0.0	54.10895846839543	0.0	42.10629549035721	0.0	0.0	0.0	0.0	0.0	0.0	0.0	0.0
GSM4138110_HNSCC_1_PBMC_TGGGCGTGTTCGCGAC	120.22804380111508	77.7005896027279	0.0	0.0	19.50210145584899	48.74915289564539	0.0	45.71400427748155	0.0	0.0	28.810682234552722	0.0	0.0	0.0	0.0	0.0	0.0
GSM4138110_HNSCC_1_PBMC_TGGGCGTTCAACTCTT	15.403722290025337	0.0	0.0	16.47729728029478	0.0	0.0	0.0	46.87701178687563	48.78211213865932	0.0	98.45952286377569	0.0	25.43871548417065	0.0	0.0	0.0	0.0
GSM4138110_HNSCC_1_PBMC_TGGTTAGGTAGAAAGG	75.895180924444	0.0	10.590803515381797	0.0	41.30654640797261	11.495295166726075	0.023316952630620676	0.0	0.0	43.598903877855705	39.26829416689542	2.6531760051375515	45.23677187200457	0.0	0.0	17.11117774292166	0.0
GSM4138110_HNSCC_1_PBMC_TGGTTAGTCGTCCGTT	152.2736733736128	0.0	0.0	0.0	4.608222913995919	92.26995707967538	0.0	73.80398445248	0.0	0.0	78.30913273206541	0.0	106.45875735988997	0.0	0.0	0.0	0.0
GSM4138110_HNSCC_1_PBMC_TTAACTCGTGTTCTTT	52.6750726777974	34.99081764266284	49.17251563842758	0.0	39.21336843016474	0.0	0.0	0.0	0.0	0.0	0.0	104.72819365689774	0.0	0.0	0.0	0.0	0.0
GSM4138110_HNSCC_1_PBMC_TTAACTCGTTAGTGGG	183.7931269201432	83.84558640665617	107.49363643881252	0.0	0.0	61.02770241417832	0.0	0.0	0.0	0.0	104.31699086732048	0.0	0.0	0.0	0.0	0.0	0.0
GSM4138110_HNSCC_1_PBMC_TTAGGCATCATGTCCC	66.2610504210456	0.0	20.078021570908714	46.58670998631579	0.0	18.16703151232844	0.0	0.0	47.3732130273748	30.524252674721872	0.0	0.0	0.0	0.0	50.25172856263664	0.0	0.0
GSM4138110_HNSCC_1_PBMC_TTCTACAGTTGTGGAG	27.521246831299305	0.0	0.0	0.0	19.431484669838195	0.0	0.0	0.0	0.0	13.02098425600931	37.472821714133715	0.0	31.490406890991537	0.0	0.0	141.98101568817717	0.0
GSM4138110_HNSCC_1_PBMC_TTCTCAATCCTCTAGC	110.77544761517103	0.0	0.0	75.68834320908296	35.48021172930889	35.254378056194966	0.0	58.54884191370832	6.275405917761111	11.407168850868203	0.0	0.0	0.0	91.90708498844427	0.0	0.0	20.409113272959058
GSM4138110_HNSCC_1_PBMC_TTCTCCTTCCCGACTT	62.03034946840338	0.0	59.62681474521027	86.12295890704229	0.0	0.0	0.0	0.0	38.568646763756696	0.0	27.86508768022081	0.0	0.0	0.0	0.0	0.0	0.0
GSM4138110_HNSCC_1_PBMC_TTGACTTCATGGAATA	87.03286435665257	0.0	65.05558052662569	57.11905972700792	0.0	67.38324947691467	0.0	0.0	0.0	16.486133912043883	8.676685070300799	0.0	0.0	62.715872775141676	0.0	0.0	0.0
GSM4138110_HNSCC_1_PBMC_TTGACTTTCAGGTAAA	109.08928598557807	0.0	0.0	0.0	0.0	8.814613323704856	0.0	0.0	49.67803896193816	58.38860390305308	0.0	2.206724484866917	91.95956822872903	61.99807531534192	0.0	0.0	0.0
GSM4138110_HNSCC_1_PBMC_TTGTAGGCAGCGTTCG	55.854858284400095	28.96520185129355	0.0	0.0	35.45939684229508	4.41734580144451	29.12522960449585	0.0	0.0	47.74511526790548	0.0	0.0	0.0	0.0	0.0	0.0	0.0
GSM4138110_HNSCC_1_PBMC_TTTACTGGTTCTGGTA	43.51401011425052	48.95319190669362	0.0	0.0	0.0	0.0	0.0	50.02560318267348	93.6077547292256	0.0	21.21823887544263	0.0	0.0	0.0	0.0	0.0	0.0
GSM4138110_HNSCC_1_PBMC_TTTATGCGTTTGTGTG	51.43357274233807	44.93916413482563	47.93555533608504	0.0	6.984348199341528	45.60772319306128	0.0	0.0	3.4820601356829077	0.0	0.0	58.6134437984157	0.0	0.0	0.0	0.0	0.0
GSM4138110_HNSCC_1_PBMC_TTTCCTCCAGATCCAT	103.00681322637658	0.0	0.0	53.03049365543019	0.0	0.0	0.0	50.52394914251002	163.78738884909447	0.0	43.63417426946742	0.0	0.0	0.0	0.0	0.0	0.0
GSM4138110_HNSCC_1_PBMC_TTTCCTCGTTCGCGAC	124.46705994832132	0.0	119.3061960720245	15.676395903535669	69.46857704625045	0.0	0.0	0.0	0.0	0.0	23.673818900564566	79.74136284203705	51.86537139226658	0.0	0.0	0.0	19.72345952443819
GSM4138110_HNSCC_1_PBMC_TTTGCGCCACGAAATA	86.91624716312359	0.0	56.7907205609856	69.63579351120976	91.58770392088854	0.0	0.0	0.0	0.0	0.0	0.0	0.0	0.0	0.0	58.60469696094542	0.0	0.0
GSM4138110_HNSCC_1_PBMC_TTTGCGCGTTTCCACC	23.842693199851038	0.0	3.8270117052213943	75.95139908150848	0.0	106.20832159778674	0.0	0.0	0.0	0.0	0.0	0.0	0.0	80.48371122753186	0.0	58.71700383876565	0.0
GSM4138110_HNSCC_1_PBMC_TTTGGTTAGAATTGTG	80.87761771157504	68.39773450588551	50.78222587373339	0.0	85.06804257331814	0.0	0.0	16.99486536380355	0.0	0.0	0.0	0.0	0.0	73.12378895176916	0.0	0.0	0.0
GSM4138110_HNSCC_1_PBMC_TTTGGTTAGAGCAATT	73.77546797998178	97.48847357192221	29.73481840910681	0.0	0.0	131.0280610641348	46.17534470376941	0.0	0.0	25.082837092329882	69.06850626006623	0.0	0.0	0.0	0.0	0.0	0.0
GSM4138110_HNSCC_1_PBMC_TTTGGTTGTCCGTGAC	105.94748807273233	86.01367054960946	0.0	0.0	56.42292266283836	0.0	39.03093737497555	76.63622905469737	0.0	0.0	0.0	2.3953745558583646	0.0	0.0	0.0	0.0	0.0
GSM4138110_HNSCC_1_PBMC_TTTGTCAAGTACGATA	130.161741745726	100.2826532513155	32.16336991517082	0.0	49.58700769137638	12.751743452020834	0.0	0.0	0.0	62.10079152046232	0.0	77.07305086676314	0.0	0.0	0.0	0.0	0.0
GSM4138110_HNSCC_1_PBMC_TTTGTCATCAGGCAAG	60.00951209890516	89.9532833184909	38.827906104902254	0.0	32.55268734882734	0.0	108.97661750790628	18.441885071170542	33.96826914346286	0.0	0.0	0.0	0.0	0.0	0.0	0.0	0.0
GSM4138110_HNSCC_1_PBMC_TTTGTCATCGCGTAGC	69.62184765923392	0.0	50.147018221447965	10.599254783817122	0.0	63.41849665789709	4.479812661110433	0.0	0.0	0.0	0.0	40.648425873046016	95.95126685130748	0.0	0.0	0.0	0.0
GSM4138110_HNSCC_1_PBMC_ACGGAGAAGCAGGCTA	109.4836319332732	103.0629324570213	0.0	0.0	81.2343026757397	0.0	0.0	47.151416200635595	0.0	0.0	45.03476669775407	0.0	0.0	0.0	0.0	0.0	0.0
GSM4138110_HNSCC_1_PBMC_ACTATCTGTCGAGTTT	155.51126067896075	0.0	0.0	131.83687868146444	47.690890682968664	10.326526940590899	96.59125075803388	109.46116710988676	0.0	0.0	0.0	0.0	0.0	0.0	0.0	0.0	0.0
GSM4138110_HNSCC_1_PBMC_CAGTCCTGTAGAAGGA	105.98923965188807	63.30864459440862	0.0	0.0	26.536972263931222	77.45546675711171	45.7619964057788	0.0	0.0	67.04269880973028	0.0	30.35506566919057	0.0	0.0	0.0	0.0	0.0
GSM4138110_HNSCC_1_PBMC_CGATGTATCGGTCTAA	86.92138880040464	0.0	0.0	91.42956775984372	59.415313683709776	0.0	0.0	78.78934949587341	0.0	0.0	31.100484710908557	0.0	0.0	9.073584150639002	0.0	0.0	0.0
GSM4138110_HNSCC_1_PBMC_GACCTGGTCGCCAAAT	107.78706031857708	84.89966590926547	67.96764823247952	0.0	0.0	62.986734683559	84.44017280329409	0.0	0.0	15.230396657306006	0.0	0.0	0.0	0.0	0.0	0.0	0.0
GSM4138110_HNSCC_1_PBMC_TACGGTACATGGTCAT	169.74388399588597	140.9480648695351	0.0	0.0	0.0	121.71399802525174	0.0	126.3245994472274	0.0	0.0	117.87712870920002	0.0	0.0	0.0	0.0	0.0	0.0
GSM4138110_HNSCC_1_PBMC_TTAGTTCTCGCGGATC	73.37404696924803	65.34550592183328	3.8640735728553004	0.0	0.0	12.915850327474715	40.416039060238575	0.0	36.04577421579001	60.33722116774463	0.0	0.0	0.0	0.0	0.0	0.0	0.0
GSM4138110_HNSCC_1_PBMC_AAAGCAACACGCGAAA	157.49252193648258	97.92509597068656	2.2858517991871636	32.5940845881013	111.67855024396744	0.0	0.0	106.66321228072265	0.0	9.339431897328591	0.0	0.0	0.0	110.78166299340634	40.150352056398724	0.0	0.0
GSM4138110_HNSCC_1_PBMC_AACTTTCGTGTATGGG	83.58164225957536	63.20764138717576	0.0	0.0	4.331956780613465	45.10302152952868	0.0	17.12272732257576	0.0	8.670023357895166	0.0	21.56718721440147	0.0	0.0	0.0	50.4014359236209	0.0
GSM4138110_HNSCC_1_PBMC_AAGGAGCAGGGAAACA	148.25066171454392	0.0	76.4138744764705	74.87832486050607	10.963342322898006	74.8052080676144	0.0	0.0	0.0	0.0	0.0	0.0	0.0	0.0	44.427065301752414	0.0	0.0
GSM4138110_HNSCC_1_PBMC_AATCGGTGTAATCACC	138.16519598083838	0.0	45.774741437276816	90.52948439869105	21.637770983527336	0.0	113.663699670643	0.0	48.10419253926515	38.38466561526775	0.0	0.0	0.0	0.0	0.0	0.0	0.0
GSM4138110_HNSCC_1_PBMC_ATAACGCTCACAACGT	374.759800527246	175.5875439966519	0.0	0.0	172.90792066184414	0.0	0.0	150.06409906351507	0.0	0.0	0.0	168.95277217705794	0.0	0.0	0.0	0.0	0.0
GSM4138110_HNSCC_1_PBMC_ATCATCTTCTGGCGAC	268.4749140002004	0.0	155.0495757660703	248.97947712048054	0.0	107.84923198255287	0.0	0.0	0.0	0.0	0.0	0.0	0.0	0.0	111.6801330243827	0.0	0.0
GSM4138110_HNSCC_1_PBMC_ATCCGAATCGTTTATC	169.70458494897065	159.75786443866443	53.21381667266579	0.0	76.24723964585797	0.0	0.0	0.0	0.0	42.150137367284685	65.72217498254594	0.0	0.0	0.0	0.0	0.0	0.0
GSM4138110_HNSCC_1_PBMC_ATGCGATTCGTGGGAA	186.3988464700627	51.326718999456965	87.81656140730836	86.31920397790626	139.33144639518434	0.0	76.59097707724843	0.0	0.0	0.0	0.0	0.0	0.0	0.0	0.0	0.0	0.0
GSM4138110_HNSCC_1_PBMC_CAAGAAATCAGGCAAG	85.99862902440202	0.0	63.852482645165445	63.680210829239925	0.0	45.4792199183954	0.0	0.0	20.800704782376364	0.43580234701901455	0.0	0.0	15.645825039088	31.994609886024616	38.32256067560456	0.0	0.0
GSM4138110_HNSCC_1_PBMC_CACAGGCCACACCGAC	217.69203730358103	258.591849849576	135.69185370785894	0.0	0.0	189.5118419615462	31.24507048614501	0.0	0.0	0.0	0.0	120.33905528028357	0.0	0.0	0.0	0.0	0.0
GSM4138110_HNSCC_1_PBMC_CACTCCATCTGTACGA	53.94474076783287	0.0	0.0	74.6682838431641	37.59277948867532	25.32818404312399	0.0	0.0	0.0	85.41391790730688	0.0	0.0	0.0	44.85610713906824	0.0	0.0	0.0
GSM4138110_HNSCC_1_PBMC_CCTTCCCTCGCCTGTT	68.45297195763115	0.0	43.05940535086117	49.88242522878298	0.0	66.35049302263937	0.0	0.0	0.0	3.51287398883258	6.4903370089960974	0.0	0.0	33.52510189924885	0.0	0.0	0.0
GSM4138110_HNSCC_1_PBMC_CGATTGAAGACTAAGT	174.9819816554342	0.0	25.38961396637426	113.95228450097481	66.28125576875598	89.2445027274397	0.0	63.19663840163753	0.0	0.0	27.410358242061857	14.57783851068543	0.0	12.458765040085712	0.0	0.0	0.0
GSM4138110_HNSCC_1_PBMC_CGGACGTTCTGAGTGT	59.84358645938605	26.81582753271072	42.535908356593026	0.9069745521074587	5.311145438103799	62.11045016095042	68.04376185125277	0.0	17.687279460371553	0.0	0.0	23.82406819718804	0.0	0.0	0.0	0.0	0.0
GSM4138110_HNSCC_1_PBMC_CGGGTCATCCCAACGG	78.76469405614438	0.0	48.26871394216757	60.73815205238433	65.29684959501732	0.0	0.0	0.0	0.0	0.0	27.277208852250368	0.27486100241871986	0.0	12.782978540075726	7.356607349054231	0.0	0.0
GSM4138110_HNSCC_1_PBMC_CTCGAGGCATAGACTC	168.6186921596301	154.02107753999218	0.0	0.0	121.17035624469449	0.0	101.72431335263771	204.51191606949146	76.81051576739205	0.0	0.0	0.0	0.0	0.0	0.0	0.0	0.0
GSM4138110_HNSCC_1_PBMC_CTCGTCACAATAAGCA	191.49325675759363	0.0	0.0	132.26484097805948	64.1772390317257	49.47837715747939	0.0	143.87879130083596	0.0	0.0	0.0	74.07103283767741	0.0	0.0	0.0	0.0	7.343698155275478
GSM4138110_HNSCC_1_PBMC_CTGATCCTCTTTAGGG	182.49839848117014	0.0	0.0	44.07784742258923	0.0	80.47453936707443	9.065821329074426	95.63257920362017	0.0	0.0	0.0	82.67099995487582	51.996536197252865	0.0	0.0	0.0	0.0
GSM4138110_HNSCC_1_PBMC_CTGTGCTTCTAACGGT	129.12795883277767	0.0	52.56768768686292	107.10730727534272	91.48576971747478	0.0	0.0	0.0	61.111970440466344	13.421297759966807	77.7354075331428	3.0703137141580705	0.0	0.0	0.0	0.0	0.0
GSM4138110_HNSCC_1_PBMC_CTGTGCTTCTATCGCC	140.00536069134043	92.48654236833973	0.0	0.0	0.0	70.38697041715687	0.0	0.0	0.0	37.11395815152561	0.0	31.290061109495298	0.0	71.87913453152068	0.0	86.73536641290616	0.0
GSM4138110_HNSCC_1_PBMC_GACTAACGTCGACTGC	178.4628635795972	121.17466013470984	65.9577225251728	0.0	23.87212468119817	69.78019188476202	44.87822281099688	0.0	0.0	0.0	0.0	12.0267350467481	0.0	0.0	0.0	0.0	0.0
GSM4138110_HNSCC_1_PBMC_GAGGTGATCGTCCGTT	131.38467784508015	195.72588299738902	128.6541218404055	0.0	128.3643129611458	0.0	30.6134380627397	0.0	0.0	0.0	59.24122258298951	0.0	0.0	0.0	1.7801684844749768	0.0	0.0
GSM4138110_HNSCC_1_PBMC_GATCAGTAGTGTACTC	116.52366556604638	80.19590794499238	76.11721408157503	0.0	78.38046665996934	112.36386353677109	94.5156844813526	0.0	0.0	29.282265884105385	0.0	0.0	0.0	0.0	0.0	0.0	0.0
GSM4138110_HNSCC_1_PBMC_GCTCTGTAGTATCTCG	0.0	0.0	23.248323063981207	0.0	0.0	0.0	0.0	149.55671771507755	0.0	3048.2531843210413	0.0	0.0	0.0	0.0	0.0	210.35307668495534	0.0
GSM4138110_HNSCC_1_PBMC_GGAACTTTCCGATATG	139.36550902476347	0.0	0.0	101.6398907341215	77.92291741864848	0.0	0.0	17.03122384109514	0.0	43.737749681194074	0.0	0.0	0.0	0.0	86.31849280597737	0.0	0.0
GSM4138110_HNSCC_1_PBMC_GGACAGAAGCCATCGC	172.5979650027124	95.75049413404054	0.0	0.0	0.0	147.92465389801353	0.0	85.29835091201258	0.0	0.0	0.0	102.39800227194682	0.0	0.0	0.0	0.0	0.0
GSM4138110_HNSCC_1_PBMC_GGATGTTGTGCAGTAG	163.1632663137293	102.93610499126889	9.997274290695016	0.0	0.0	71.48667165595057	0.0	81.83873559234738	0.0	0.0	63.75167462755697	0.0	0.0	0.0	0.0	0.0	0.0
GSM4138110_HNSCC_1_PBMC_GTAACTGCAGCTGTTA	117.79404282719064	0.0	66.91660571114595	104.18800284488717	99.60499886588659	0.0	0.0	0.0	0.0	0.0	79.70044444727434	0.0	0.0	0.0	0.0	0.0	0.0
GSM4138110_HNSCC_1_PBMC_GTATTCTAGTAATCCC	256.6217679543081	158.52138466576355	0.0	0.0	122.43382387102862	36.32864171425678	0.0	0.0	0.0	0.0	108.85722250030088	0.0	0.0	0.0	0.0	135.55050148664517	0.0
GSM4138110_HNSCC_1_PBMC_GTGCAGCAGTCAAGCG	0.0	3042.5215761106133	0.0	0.0	0.0	0.0	0.0	0.0	0.0	0.0	0.0	0.0	0.0	0.0	0.0	0.0	0.0
GSM4138110_HNSCC_1_PBMC_GTGCATACACAGGCCT	111.70649655476329	0.0	0.0	140.2941640722424	31.45145981411172	95.72969272460078	0.0	0.0	0.0	66.58706207983603	0.0	0.0	0.0	106.79025873992465	0.0	51.284848821541246	0.0
GSM4138110_HNSCC_1_PBMC_TACTCGCGTTTAGCTG	111.76680272322369	0.0	83.73865494235727	45.6347360775305	0.0	95.24236539352219	0.0	0.0	0.0	0.0	0.0	0.0	31.139089043381865	129.01347637155982	0.0	0.0	0.0
GSM4138110_HNSCC_1_PBMC_TACTTACGTTATGCGT	94.36082533987438	10.943771633689662	45.95824036123808	112.12862270211124	0.0	0.0	75.00211672199084	0.0	147.57511173334214	10.714631958175731	0.0	0.0	0.0	24.344323966975413	0.0	0.0	0.0
GSM4138110_HNSCC_1_PBMC_TAGCCGGGTTCAACCA	133.25993895999426	111.34317557021208	0.0	0.0	36.80789475218035	86.60857802768898	47.59964049483331	20.01783770868365	0.0	48.85077253793221	0.0	0.0	0.0	0.0	0.0	0.0	0.0
GSM4138110_HNSCC_1_PBMC_TCAGCAATCCCAAGAT	269.5101013400776	122.57360500115709	101.06479799132407	0.0	0.0	0.0	68.7637507168487	0.0	163.2486329856202	0.0	0.0	72.36813834999444	0.0	0.0	0.0	0.0	0.0
GSM4138110_HNSCC_1_PBMC_TGACGGCGTTGAGTTC	0.0	0.0	0.0	0.0	0.0	0.0	0.0	0.0	2973.2628452499907	0.0	0.0	0.0	0.0	0.0	0.0	0.0	0.0
GSM4138110_HNSCC_1_PBMC_TTGCGTCGTACTTCTT	183.63347754405225	99.61864584118359	0.0	0.0	67.63435098528201	49.55141174851536	37.505739168940444	145.00235375136327	0.0	0.0	0.0	0.0	0.0	0.0	31.333393501101654	0.0	0.0
GSM4138110_HNSCC_1_PBMC_TTTGTCAGTTAAGATG	99.7418857963181	62.223613588986446	0.0	0.0	3.2575849495485207	46.707805787662764	53.79522994196143	57.252442462417385	18.45239769961328	0.0	0.0	24.33302256463027	0.0	0.0	0.0	0.0	0.0
GSM4138110_HNSCC_1_PBMC_ACGCAGCTCGTCACGG	177.6661604308332	14.636583432818133	73.199435402414	101.73275670861246	0.0	198.72979157609052	118.13735436469445	0.0	0.0	66.1481367422483	0.0	0.0	5.822471379946388	0.0	0.0	0.0	0.0
GSM4138110_HNSCC_1_PBMC_ATCATCTAGGAATCGC	136.66271391940526	0.0	0.0	0.0	0.0	66.84417601879149	0.0	0.0	0.0	111.562072497912	139.6511067494152	0.0	115.00989887555413	0.0	0.0	0.0	0.0
GSM4138110_HNSCC_1_PBMC_TCAACGAGTTACGGAG	326.8370048128529	162.5433313249187	0.0	72.54066580749353	207.42154545230042	0.0	0.0	301.4069939530371	0.0	0.0	0.0	214.0417386604349	0.0	0.0	0.0	0.0	0.0
GSM4138110_HNSCC_1_PBMC_AAACCTGGTCTCCCTA	199.3869690688055	0.0	260.2187660120632	196.51770971140698	0.0	186.67884960962888	0.0	0.0	0.0	0.0	131.95282837857488	0.0	0.0	112.21727629818557	0.0	0.0	0.0
GSM4138110_HNSCC_1_PBMC_ACACCGGAGTACACCT	255.40724336586982	0.0	61.491152915955276	192.9674685934469	87.93833071425088	109.01365776159116	41.778597978675	0.0	58.38453827192254	268.9850155765298	0.0	0.0	0.0	0.0	196.22822701195958	0.0	0.0
GSM4138110_HNSCC_1_PBMC_ACTGCTCGTGGTCCGT	224.36421603377522	194.51166422710662	0.0	0.0	0.0	0.0	0.0	0.0	174.186816748837	54.03057436759489	0.0	207.01214532998017	0.0	0.0	0.0	137.80443908034994	0.0
GSM4138110_HNSCC_1_PBMC_AGCTCTCGTTAGTGGG	236.5378211834426	0.0	279.36387909947365	249.69145303156466	0.0	0.0	171.94346222440507	0.0	260.53327947970234	0.0	0.0	0.0	0.0	0.0	0.0	0.0	0.0
GSM4138110_HNSCC_1_PBMC_ATGGGAGAGGATGCGT	196.62609952440377	197.9464931473082	0.0	0.0	0.0	0.0	0.0	0.0	227.60389477610627	254.21674769230586	0.0	0.0	77.88609157509983	0.0	275.96978671053944	0.0	0.0
GSM4138110_HNSCC_1_PBMC_ATTATCCTCGGAAATA	290.03070616209914	216.96737930932088	0.0	0.0	0.0	0.0	0.0	0.0	216.36713030366536	222.22430673193637	0.0	0.0	0.0	153.69739238821865	0.0	0.0	0.0
GSM4138110_HNSCC_1_PBMC_CATCAGATCGCAAACT	249.14417531225013	0.0	211.8008287746062	209.57287257235402	110.77539895019831	105.11314497493937	0.0	0.0	0.0	0.0	0.0	0.0	0.0	81.41512382097133	0.0	0.0	97.29567631385243
GSM4138110_HNSCC_1_PBMC_CGTAGCGCATGCAACT	320.42025517320707	193.03121253046035	104.80935429108939	0.0	24.352121675388258	0.0	0.0	40.12715502799373	190.77323236132324	155.6020983902411	0.0	131.12618952281116	121.41735069221224	6.11211411570027	0.0	0.0	0.0
GSM4138110_HNSCC_1_PBMC_CGTCACTTCACGAAGG	306.55202422038	186.47235391711916	0.0	0.0	0.0	242.02101476629957	0.0	0.0	0.0	220.8111669948171	0.0	0.0	0.0	246.81102319889152	0.0	0.0	0.0
GSM4138110_HNSCC_1_PBMC_GCATACACACCAGCAC	172.06915295288317	0.0	0.0	0.0	0.0	202.31845308018396	0.0	0.0	0.0	194.86409575089132	0.0	0.0	242.59825298340715	0.0	201.64998561173422	0.0	0.0
GSM4138110_HNSCC_1_PBMC_GCGACCAGTCGATTGT	251.00699274442837	44.08390123410566	0.0	0.0	0.0	0.0	152.1201907659598	0.0	199.5972632031339	220.76365867798688	0.0	0.0	191.64655707763603	43.01570824169006	0.0	0.0	0.0
GSM4138110_HNSCC_1_PBMC_TACTTACTCGGCGCAT	63.95516012973442	0.0	0.0	0.0	0.0	83.26145203413307	0.0	0.0	0.0	0.0	0.0	0.0	33.35893384288797	0.0	87.41221432739752	105.4479909776385	0.0
GSM4138110_HNSCC_1_PBMC_ACCGTAAGTTACGTCA	96.76056541008401	0.0	0.0	0.0	0.0	110.6191284287488	188.34417527547544	0.0	0.0	178.88277071717255	0.0	0.0	123.04765265842192	0.0	0.0	0.0	0.0
GSM4138110_HNSCC_1_PBMC_ATCCACCAGACAGACC	77.44281811058156	0.0	38.343724092792876	111.01776901460423	0.0	71.9532456778582	102.40095469821455	0.0	0.0	58.7821527275851	0.0	0.0	0.0	0.0	0.0	0.0	0.0
GSM4138110_HNSCC_1_PBMC_ATGAGGGGTATATGGA	247.95332828448548	0.0	245.57905589027342	320.33780840156845	315.86073286392354	0.0	0.0	0.0	0.0	0.0	0.0	0.0	0.0	197.46675693133716	0.0	0.0	0.0
GSM4138110_HNSCC_1_PBMC_CACCAGGGTCAGAATA	91.90191379608518	0.0	252.86572608640364	233.5261809517712	31.91109988980819	0.0	0.0	0.0	108.19170923643262	0.0	0.0	0.0	0.0	0.0	113.22724361511305	0.0	0.0
GSM4138110_HNSCC_1_PBMC_CAGCAGCTCAAAGTAG	130.83216076605962	0.0	0.0	130.2071557131391	0.0	108.93378062845586	89.98045891010172	0.0	0.0	189.79669365375253	0.0	0.0	0.0	0.0	0.0	0.0	0.0
GSM4138110_HNSCC_1_PBMC_CATCCACCAGTAACGG	83.58303719953484	1.1914801427042967	0.0	173.03730700057193	181.60697345528592	0.0	0.0	0.0	0.0	0.0	0.0	178.8406169158214	0.0	0.0	0.0	126.62339087703698	0.0
GSM4138110_HNSCC_1_PBMC_CCTTTCTCATCCTAGA	183.71317802845172	0.0	1.207366749420926	0.0	0.0	156.5911579635729	0.0	0.0	0.0	135.37527333230096	139.09005782134636	0.0	101.08473007748843	0.0	0.0	0.0	0.0
GSM4138110_HNSCC_1_PBMC_CGTAGGCTCTACCAGA	111.4838040677654	0.0	108.43236363001189	0.0	0.0	143.26369819954382	0.0	0.0	0.0	42.91266398445639	155.23212561686177	0.0	139.25258121963932	0.0	0.0	0.0	0.0
GSM4138110_HNSCC_1_PBMC_CTGCCTAAGGACATTA	45.544117616986355	0.0	145.73650348638697	0.0	0.0	191.9049606014207	0.0	0.0	0.0	0.0	0.0	122.73572429468992	118.50659388083822	0.0	0.0	0.0	0.0
GSM4138110_HNSCC_1_PBMC_CTTTGCGGTGGTCCGT	120.86804914830647	0.0	69.36546273820392	128.33873116734202	136.73811918685914	0.0	0.0	0.0	0.0	0.0	0.0	0.0	0.0	105.10606255406375	0.0	0.0	0.0
GSM4138110_HNSCC_1_PBMC_GAAACTCAGACAAGCC	168.40037057557393	0.0	114.93196067058688	0.0	0.0	127.79522338297224	0.0	0.0	0.0	52.25580932974735	0.0	0.0	110.47739064363587	17.490017650446205	144.3243273237861	0.0	0.0
GSM4138110_HNSCC_1_PBMC_GACCAATAGCCCGAAA	177.95279933639844	263.26999139065344	181.84654575735038	0.0	99.43718743827036	63.48163494407807	195.98486585387963	0.0	30.35104733723277	0.0	0.0	0.0	0.0	0.0	0.0	0.0	0.0
GSM4138110_HNSCC_1_PBMC_GACCAATAGGGCTCTC	233.3961219993058	0.0	157.08023365295907	0.0	0.0	196.94683396909994	0.0	0.0	0.0	0.0	25.48541264196856	0.0	145.32232218194466	42.19550184869131	57.890516664420204	0.0	0.0
GSM4138110_HNSCC_1_PBMC_GATGCTATCCTCTAGC	198.66806202058729	210.7560459332122	0.0	0.0	0.0	173.75081402325404	0.0	0.0	0.0	206.48310320169443	0.0	0.0	0.0	0.0	0.0	0.0	127.54507899980989
GSM4138110_HNSCC_1_PBMC_GCTGCGATCCCGACTT	51.06942849079693	0.0	0.0	0.0	0.0	80.51741586931549	98.94770017600305	0.0	0.0	99.27936020306832	0.0	0.0	80.2145429692884	0.0	0.0	0.0	0.0
GSM4138110_HNSCC_1_PBMC_GTTACAGCAAGTTGTC	119.75790583496891	0.0	96.94838007568315	0.0	0.0	78.37233759259885	0.0	0.0	38.99632791378363	49.618756263520595	0.0	0.0	134.84680928816982	55.30282451394871	0.0	0.0	0.0
GSM4138110_HNSCC_1_PBMC_TAGGCATTCAGCGACC	124.41365153946249	0.0	129.6716855385972	183.5117622747211	0.0	147.03338477547288	0.0	0.0	0.0	0.0	157.82423168564853	0.0	0.0	0.0	0.0	0.0	0.0
GSM4138110_HNSCC_1_PBMC_TCGTACCTCCATGAAC	62.50062634351678	31.274700648180154	97.3296082400179	68.65224559758182	0.0	0.0	289.6320564948642	0.0	108.26793595078465	0.0	0.0	0.0	0.0	0.0	0.0	0.0	0.0
GSM4138110_HNSCC_1_PBMC_TGCGCAGAGAGTCGGT	199.38731089261816	0.0	46.512524742519304	0.0	0.0	0.0	0.0	0.0	126.06051976006391	104.85302546024273	0.0	0.0	88.60990435986204	125.2522304581004	0.0	0.0	0.0
GSM4138110_HNSCC_1_PBMC_TTGCCGTTCCTATTCA	132.2099691919506	176.52003976872027	340.4024593686805	0.0	0.0	81.75022255311391	0.0	0.0	29.600009773220457	0.0	176.49888713196415	0.0	0.0	0.0	0.0	0.0	0.0
GSM4138110_HNSCC_1_PBMC_TTTACTGAGTCCCACG	118.27411448595964	177.9031359724455	0.0	0.0	0.0	85.70462633283815	102.5614876078973	289.321669909437	0.0	0.0	0.0	0.0	0.0	0.0	23.89049326815652	0.0	0.0
GSM4138110_HNSCC_1_PBMC_ACGGGTCGTCTTGATG	70.61630729160193	0.0	67.27594289719636	62.46640031462841	111.8602058666279	0.0	0.0	0.0	0.0	0.0	1.1670638840256884	0.0	0.0	76.6871316847028	0.0	0.0	0.0
GSM4138110_HNSCC_1_PBMC_AGTGAGGAGGAATCGC	64.89646052493121	9.71694208977963	96.45739238427247	38.7374570573426	68.7467716188509	0.0	46.14554723086647	0.0	0.0	5.534973560579776	0.0	71.3911398786146	0.0	0.0	0.0	0.0	0.0
GSM4138110_HNSCC_1_PBMC_ATGTGTGCAAGCTGGA	159.79276631930716	0.0	0.0	0.0	0.0	78.06244897107705	0.0	83.84881246429526	104.55611017638239	0.0	0.0	0.0	155.45454511837102	0.0	25.66732068825979	0.0	107.62675561427376
GSM4138110_HNSCC_1_PBMC_CGACCTTAGTTACGGG	159.14959194867802	0.0	76.40445709212479	135.4165636159953	0.0	187.23875985540548	0.0	0.0	0.0	0.0	156.66959782136405	0.0	0.0	0.0	0.0	0.0	0.0
GSM4138110_HNSCC_1_PBMC_GCGACCACATGCATGT	152.38947530369023	0.0	8.571395392437333	0.0	0.0	118.12048560224844	98.8543362551072	0.0	0.0	146.91912722702207	0.0	0.2254062694302072	98.09833431895035	0.0	0.0	0.0	0.0
GSM4138110_HNSCC_1_PBMC_GGATTACGTGCATCTA	158.18998706950848	0.0	128.7001700575046	112.62357843148803	16.661381976769007	62.22641401965511	0.0	0.0	0.0	0.0	0.0	0.0	0.0	0.0	104.63799073154115	0.0	0.0
GSM4138110_HNSCC_1_PBMC_GTGCAGCCACCAGATT	83.18111781927436	0.0	0.0	0.0	12.386000180332253	36.63424341783912	0.0	3.7972962276088644	0.0	81.21034653954212	74.2189652141178	0.0	90.71171186252961	0.0	0.0	0.0	0.0
GSM4138110_HNSCC_1_PBMC_GTGCGGTTCTATGTGG	199.0402546857558	0.0	0.0	181.74557647969277	98.70436790117748	0.0	0.0	16.94082514062861	0.0	10.864376208879811	0.0	0.0	0.0	0.0	71.47779204361957	59.05378294764824	0.0
GSM4138110_HNSCC_1_PBMC_GTTCATTTCCCTCTTT	90.36631886753295	111.75775192867374	119.99780937768017	0.0	6.515783846917142	0.0	0.0	0.0	72.67628120437091	0.0	0.0	66.34772208627585	0.0	0.0	0.0	0.0	0.0
GSM4138110_HNSCC_1_PBMC_TCATTACGTAATCACC	93.67144217810039	219.12228168461135	10.33409284242205	0.0	0.0	149.72071447357658	0.0	92.89116847051034	0.0	0.0	0.0	108.85754925874333	0.0	0.0	0.0	42.78921411142421	0.0
GSM4138110_HNSCC_1_PBMC_TTGCCGTTCAGAAATG	142.4325438241165	0.0	78.77558982128693	0.0	87.18782302452122	26.49662822030745	0.0	0.0	0.0	0.0	0.0	0.0	74.47621138312385	58.78044222098993	32.01934054258075	0.0	11.558646705622719
GSM4138110_HNSCC_1_PBMC_TTTGCGCAGTAGCGGT	221.62809649408018	176.47479089616553	201.33806169111455	0.0	0.0	0.0	264.01087445605316	0.0	115.16868561332484	0.0	0.0	0.0	0.0	0.0	0.0	0.0	0.0
GSM4138110_HNSCC_1_PBMC_TTTGGTTAGCACAGGT	123.67467871818481	148.01520310759744	0.0	0.0	0.0	36.26688066620804	0.0	0.0	39.037420283112	108.34120378465367	0.0	128.7018436275954	0.0	0.0	0.0	0.0	0.0
