	1	2	3	4	5	6	7	8	9	10	11	12	13	14	15	16	17	18	19
GSM4138110_HNSCC_1_PBMC_AAACCTGAGGAGCGTT	40.12790496974393	37.17026865635709	98.38179108445536	0.0	0.0	0.0	0.0	39.487601628634145	0.0	0.0	57.536986494748774	0.0	0.0	0.0	0.0	0.0	0.0	76.13145962733563	0.0
GSM4138110_HNSCC_1_PBMC_AAACCTGCAGATGAGC	87.23458766910699	83.2347027273351	0.0	57.189082457130766	56.809154153812244	0.0	0.0	60.340640257833826	57.790987941185605	0.0	0.0	0.0	0.0	0.0	0.0	0.0	37.832084669706774	0.0	0.0
GSM4138110_HNSCC_1_PBMC_AACGTTGAGACTGGGT	6.403386723020538	79.95849945905135	0.0	40.819259464344604	0.0	0.0	0.0	65.57402589859663	0.0	22.57564915688212	0.0	0.0	0.0	0.0	0.0	23.47593548100935	0.0	0.0	0.0
GSM4138110_HNSCC_1_PBMC_AACGTTGGTTACGACT	48.39367226097219	46.789546087367675	0.0	132.38956937583336	0.0	0.0	0.0	56.389358011136785	0.0	0.0	0.0	0.0	0.0	0.0	9.290264940739267	0.0	14.16937803057534	0.0	0.0
GSM4138110_HNSCC_1_PBMC_AACGTTGTCTAAGCCA	45.649025354423856	31.24346144753037	52.754320943907395	0.0	0.0	0.0	18.416302571073963	36.81968410630304	0.0	0.0	0.0	0.0	0.0	24.519571302442802	0.0	68.75536702517053	0.0	0.0	0.0
GSM4138110_HNSCC_1_PBMC_AACTCCCCATTTCAGG	74.99985738378005	23.73002426256054	35.71345121684335	0.0	0.0	17.260545520856247	0.0	27.164739680163084	0.0	0.0	0.0	0.0	76.35704144628218	0.0	67.34063381940882	0.0	0.0	0.0	0.0
GSM4138110_HNSCC_1_PBMC_AAGCCGCCACTTCTGC	84.66504965416915	45.43938712995937	0.0	59.833484321527735	53.569309558723624	39.26229377489107	7.45070482773618	0.0	38.339855625837004	0.0	0.0	0.0	0.0	0.0	0.0	0.0	0.0	0.0	0.0
GSM4138110_HNSCC_1_PBMC_AAGGTTCGTCTCTTAT	47.241193566486	8.705191373091399	43.865532680526954	0.0	101.58723182776689	0.0	0.0	30.410048950219643	0.0	40.692972056785166	0.0	0.0	0.0	0.0	0.0	0.0	37.854029048295295	0.0	0.0
GSM4138110_HNSCC_1_PBMC_AAGTCTGAGTACCGGA	108.73145750338324	10.928788148866579	0.0	41.613456027301105	0.0	0.0	0.0	0.0	0.0	0.0	28.487623512046728	0.0	31.433426425302034	0.0	0.0	0.0	0.0	0.0	45.63326744086745
GSM4138110_HNSCC_1_PBMC_AAGTCTGGTTGCCTCT	52.77594583221759	62.92488017480042	74.9897018321561	0.0	0.0	10.519340567946665	31.320742969740763	0.0	0.0	0.0	0.0	37.25841285227172	0.0	5.174880524019836	0.0	0.0	0.0	0.0	0.0
GSM4138110_HNSCC_1_PBMC_AAGTCTGTCCAAACTG	64.73428652170176	101.60977829954105	79.85222640232647	0.0	0.0	49.820317496238864	0.0	0.0	0.0	40.1351601627981	0.0	61.85637959090043	0.0	0.0	0.0	0.0	0.0	0.0	0.0
GSM4138110_HNSCC_1_PBMC_ACATGGTCACATGGGA	34.07679619711423	17.259313561407104	26.867343550919244	24.863145018250197	30.41390505335625	0.0	0.0	0.0	0.0	0.0	0.0	0.0	0.0	28.79827479884204	0.0	0.0	137.89334246560628	0.0	0.0
GSM4138110_HNSCC_1_PBMC_ACGAGCCAGTATCTCG	50.81972454873634	98.72077641398327	0.0	64.2970857372843	20.208637137573785	0.0	0.0	15.670004708396023	110.20805274449634	0.0	0.0	0.0	0.0	0.0	13.252784744430716	3.1732279575554356	10.39658142669476	0.0	0.0
GSM4138110_HNSCC_1_PBMC_ACGAGCCCACTTAACG	159.96884163087506	114.43940660968698	0.0	103.33540663792684	0.0	77.92593913664223	5.0908632425204114	0.0	0.0	0.0	0.0	0.0	0.0	114.84593999839579	86.48820409112518	0.0	0.0	0.0	0.0
GSM4138110_HNSCC_1_PBMC_ACTATCTTCTTCCTTC	56.87508817148848	46.546792094982486	0.0	93.20415577790982	0.0	0.0	0.0	13.732740742272066	104.25657490338861	0.0	50.649241853400646	0.0	0.0	0.0	0.0	0.0	28.934473652357592	0.0	0.0
GSM4138110_HNSCC_1_PBMC_AGAGCTTAGAGCTGGT	73.85701258990133	55.489996440766085	45.475294450936005	0.0	0.0	58.599830000478086	50.02818277451819	0.0	0.0	0.0	0.0	0.0	0.0	17.03828595273388	95.93650861823843	0.0	0.0	0.0	0.0
GSM4138110_HNSCC_1_PBMC_AGATTGCGTCGCCATG	58.85225876566253	36.931093485281274	0.0	42.14034295446652	0.0	0.0	0.0	38.35807010633592	0.0	0.0	0.0	52.79470788278002	0.0	69.34997995389497	0.0	0.0	0.0	0.0	0.0
GSM4138110_HNSCC_1_PBMC_AGCGTATGTTATCCGA	78.89556153411881	62.68262868706992	0.0	28.065683557644668	0.0	28.553079628991604	0.0	0.38197333631523755	0.0	51.93220336733003	0.0	116.03779116158407	0.0	0.0	0.0	0.0	0.0	0.0	0.0
GSM4138110_HNSCC_1_PBMC_AGGCCACAGTACTTGC	46.313031319060215	63.0923736453718	0.0	35.05647171935014	27.08925549832351	20.988392565181496	80.47801764873637	0.0	0.0	0.0	0.0	0.0	0.0	0.0	0.0	10.046268647513903	0.0	3.2871541220151386	0.0
GSM4138110_HNSCC_1_PBMC_AGGCCACCACTAAGTC	97.69166124645207	139.95405703094661	101.63659363074196	0.0	0.0	7.677239088656373	0.0	215.16018167783568	0.0	0.0	0.0	141.89675706847748	70.51032425231783	0.0	0.0	0.0	0.0	0.0	0.0
GSM4138110_HNSCC_1_PBMC_AGTAGTCTCTTAGCCC	26.599479518989	21.64747787687397	49.47593785525122	0.0	0.0	121.64177068776405	22.724804244337545	0.0	29.70385792888888	0.0	0.0	0.0	0.0	0.0	0.0	0.0	0.0	0.0	0.0
GSM4138110_HNSCC_1_PBMC_AGTGAGGGTGGCCCTA	192.29467672041204	49.147631031903586	58.850643723318115	22.892026947907112	45.197132460184484	33.28364924686382	0.0	0.0	0.0	79.02580137784129	0.0	0.0	0.0	0.0	0.0	0.0	0.0	0.0	0.0
GSM4138110_HNSCC_1_PBMC_AGTGTCATCTCGCATC	121.04431369651903	33.524408661821134	0.0	54.24758469454055	0.0	23.543543576077685	0.0	0.0	0.0	35.0416250788592	24.3467536879378	0.0	0.0	0.0	0.0	0.0	0.0	0.0	0.0
GSM4138110_HNSCC_1_PBMC_AGTTGGTCATGGTTGT	77.5000196104555	88.08726760424756	98.61492707189932	0.0	76.33456443482942	0.0	0.0	66.59108958423603	67.16277052483962	0.0	0.0	0.0	0.0	0.0	0.0	0.0	0.0	0.0	0.0
GSM4138110_HNSCC_1_PBMC_AGTTGGTTCTTGGGTA	72.7382403634237	17.659722998944073	0.0	70.12827275398311	0.0	0.0	0.0	9.371131972301155	0.0	37.54195656211233	52.33051583270124	0.0	0.0	0.0	0.0	0.0	0.0	0.0	10.845526780806102
GSM4138110_HNSCC_1_PBMC_ATCTACTAGGGTGTGT	80.08406396246572	94.82327607428607	275.8540279020614	0.0	118.25158504087656	0.0	166.23858312325078	0.0	0.0	0.0	0.0	0.0	0.0	0.0	0.0	0.0	178.47837501023918	0.0	0.0
GSM4138110_HNSCC_1_PBMC_ATCTACTAGTACGTTC	55.304518061481055	74.29859330853239	43.63103411745616	0.0	73.97943938535363	61.413455907372175	46.91165349573513	0.0	0.0	0.0	0.0	0.0	0.0	3.1368662516479073	0.0	0.0	0.0	0.0	0.0
GSM4138110_HNSCC_1_PBMC_ATGAGGGCAAGCGATG	78.96827052813391	51.21401978303508	0.0	52.966880441969785	20.22041347309833	0.0	0.0	28.40533588075706	0.0	0.0	0.0	0.0	0.0	43.83954795506057	18.5979349168631	0.0	0.0	0.0	0.0
GSM4138110_HNSCC_1_PBMC_ATGAGGGCACACAGAG	69.70000905822421	66.566938986271	28.02415620162952	0.0	0.0	0.0	41.27893064701841	61.40895418666245	0.0	0.0	10.915831974648643	0.0	0.0	0.0	0.0	0.0	0.0	0.0	0.0
GSM4138110_HNSCC_1_PBMC_ATGCGATGTTTGACAC	50.11207703364645	18.612412773306854	52.58123335545145	32.2267430551527	64.21674906117504	0.0	0.0	11.041674280025672	30.044811343583124	0.0	0.0	0.0	0.0	0.0	0.0	0.0	10.314561653708376	0.0	0.0
GSM4138110_HNSCC_1_PBMC_ATGTGTGCATGCGCAC	87.41624803750162	21.77364761864039	0.0	56.23372053808325	0.0	0.0	32.788861742812905	48.14455893283106	0.0	0.0	0.0	0.0	0.0	0.0	0.0	19.517421589066544	0.0	0.0	0.0
GSM4138110_HNSCC_1_PBMC_ATTACTCTCATGCTCC	108.34273576793709	122.7061829207689	0.0	47.8426250854124	0.0	0.0	0.0	0.0	0.0	80.680537476538	0.0	25.76700528033107	0.0	0.0	0.0	0.0	0.0	0.0	18.66320640317129
GSM4138110_HNSCC_1_PBMC_ATTATCCGTCACACGC	62.37766232846381	73.55264687594041	75.54257835126214	11.60141334263171	38.35717931951733	0.0	0.0	11.085658432324383	0.0	0.0	51.58304960400951	0.0	62.8738245802289	0.0	0.0	0.0	0.0	0.0	0.0
GSM4138110_HNSCC_1_PBMC_ATTGGACAGAGATGAG	87.7794474571068	18.88687372421866	0.0	22.59528556736858	0.0	27.21525130566279	57.40470816954285	26.56145746631235	0.0	0.0	0.0	0.0	0.0	0.0	60.73340716252052	0.0	0.0	16.829025916802422	0.0
GSM4138110_HNSCC_1_PBMC_ATTGGTGCAGTGAGTG	79.4460987108684	38.35737170092676	0.0	41.91935220695594	44.26659397025432	45.783921082946556	0.0	0.0	0.0	0.0	0.0	0.0	0.0	40.22411142951213	0.0	0.0	0.0	0.0	0.0
GSM4138110_HNSCC_1_PBMC_CAACCAAGTTATCGGT	30.67801597524383	51.70264353160486	0.0	38.310546348128916	9.791861269701295	0.0	2.8719692707435676	18.003224972115795	62.526936899655134	0.0	0.0	22.04422758906824	0.0	0.0	0.0	0.0	0.0	0.0	0.0
GSM4138110_HNSCC_1_PBMC_CAACCAATCCTTGACC	39.4634858429428	42.04241900594049	0.0	48.41856080406676	0.0	0.0	0.0	13.507839975783991	0.0	0.0	67.18355204109048	0.0	17.984750221604447	0.0	0.0	0.0	0.0	8.968542738166164	0.0
GSM4138110_HNSCC_1_PBMC_CACAGTAGTCTCCATC	100.43069623008041	1.6300884895608967	29.276094509776183	0.0	12.389951830252844	123.33878054896348	0.0	0.0	0.0	59.01444926598087	0.0	0.0	16.2681329911624	0.0	0.0	0.0	0.0	0.0	0.0
GSM4138110_HNSCC_1_PBMC_CACATAGCAAAGCGGT	77.13198621905542	65.70258493205252	9.421158768803073	30.869295265050926	0.0	0.0	0.0	2.269636933679687	60.87590228042484	0.0	24.628016258461614	0.0	0.0	0.0	0.0	0.0	0.0	0.0	0.0
GSM4138110_HNSCC_1_PBMC_CACATAGCACCTCGTT	37.43844580348171	35.1743617569381	0.0	81.24482732783434	67.8373834509597	0.0	0.0	37.88294479743927	0.0	0.0	0.0	0.0	0.0	48.13832171697177	0.0	0.0	0.0	0.0	0.0
GSM4138110_HNSCC_1_PBMC_CACATTTGTGCACTTA	54.449936885977856	41.065023732483546	51.70104215350163	0.0	0.0	0.0	0.0	40.779680780874706	60.07007530299231	0.0	28.206306326239794	0.0	0.0	0.0	0.0	0.0	0.0	0.0	0.0
GSM4138110_HNSCC_1_PBMC_CACATTTTCCCATTAT	22.48731352622789	26.36986214818321	0.0	83.72934692664526	48.41752081581054	46.00009460689	21.888367483951573	0.0	0.0	0.0	0.0	0.0	0.0	15.062573182260296	0.0	4.908943065171942	0.0	0.0	0.0
GSM4138110_HNSCC_1_PBMC_CACATTTTCTGGTTCC	81.37206832458426	17.77441827338042	54.432799535065264	0.0	41.24200284863707	52.99261701110872	2.3391298668482423	0.0	0.0	0.0	0.0	0.4887059040890302	0.0	37.01495193336689	0.0	0.0	1.5436489375441207	0.0	0.0
GSM4138110_HNSCC_1_PBMC_CACCAGGTCGTGGGAA	85.89726294255793	80.62574632397408	73.6818320669112	0.0	53.01296866080426	5.91158499608912	0.0	0.0	0.0	31.622171315642138	0.0	0.0	0.0	0.0	0.0	0.0	51.126310789181666	0.0	0.0
GSM4138110_HNSCC_1_PBMC_CAGCAGCCAATGGTCT	52.36114983661468	59.87409446427229	10.355449472491198	0.0	0.0	0.0	0.0	0.0	0.0	0.0	37.115986450186824	0.0	0.0	59.61194447130214	0.0	0.0	16.7800411097037	0.0	0.0
GSM4138110_HNSCC_1_PBMC_CAGCATAGTCCGAGTC	75.66760031471742	64.42391107652384	0.0	29.587734109929116	17.162863827283132	0.0	14.344765721098236	2.8819057322879393	0.0	0.0	0.0	0.0	0.0	0.0	0.0	60.752706372484674	15.860981616035795	0.0	0.0
GSM4138110_HNSCC_1_PBMC_CAGCCGAAGCCCAACC	69.50059645525009	40.46307982939706	78.23139679046542	0.0	0.0	7.200643865821181	0.0	37.51436316469674	0.0	0.0	0.0	0.0	26.089811265779048	0.0	0.0	50.2915519942593	0.0	0.0	0.0
GSM4138110_HNSCC_1_PBMC_CAGCCGACATCGACGC	54.15620681143047	79.3362901013691	23.00669021364592	4.731118327921271	40.332579562231	23.106413323257055	0.0	21.96093396022688	0.0	0.0	0.0	0.0	43.377014261005975	0.0	0.0	0.0	0.0	0.0	0.0
GSM4138110_HNSCC_1_PBMC_CATATTCTCCGCGTTT	74.17362291461806	62.65130457089727	44.85173362775852	17.200543583282375	45.41986522854612	41.95855400771062	0.0	0.0	0.0	26.538877497033774	0.0	0.0	0.0	0.0	0.0	0.0	0.0	0.0	0.0
GSM4138110_HNSCC_1_PBMC_CCAATCCCATTAGCCA	110.31738655147143	89.92975996014621	0.0	57.696177124993	0.0	32.64259994436161	0.0	0.0	0.0	56.235646486321556	0.0	0.0	0.0	0.0	64.34120896427439	0.0	0.0	0.0	0.0
GSM4138110_HNSCC_1_PBMC_CCACGGAAGATCGGGT	27.359394237060112	47.14348169619715	0.0	48.50786214663568	0.0	44.906641958993625	116.53263121530912	0.0	0.0	0.0	0.0	22.257446525836485	0.0	0.0	22.469789426005136	0.0	0.0	0.0	0.0
GSM4138110_HNSCC_1_PBMC_CCATGTCAGAGGTAGA	81.99174798453004	75.49165523238442	39.037440166442394	3.6161718938819734	50.16718129173785	0.0	80.64121128263777	22.421871910661345	0.0	0.0	0.0	0.0	0.0	0.0	0.0	0.0	0.0	0.0	0.0
GSM4138110_HNSCC_1_PBMC_CCATGTCCATGCCCGA	87.37501687441261	88.2320686689458	55.12647831078368	0.0	0.0	16.55061952015592	75.20319747432042	0.0	0.0	0.0	5.408073019647714	46.88227448879993	0.0	11.341209387627318	0.0	0.0	0.0	0.0	0.0
GSM4138110_HNSCC_1_PBMC_CCGGTAGAGCTCCTCT	57.51975335223413	52.79779059969385	58.657331664989925	0.0	0.0	0.0	0.0	50.06609581950118	0.0	0.0	66.08070791228774	0.0	0.0	29.197941841594456	0.0	0.0	0.0	0.0	0.0
GSM4138110_HNSCC_1_PBMC_CCTCTGAAGGGATCTG	46.20646138030059	52.9256153813678	0.0	45.41410031973732	16.92503616863868	0.0	29.325265537527645	36.19543702773758	0.0	0.0	0.0	0.0	0.0	22.158409736446036	0.0	13.242119817513272	0.0	0.0	0.0
GSM4138110_HNSCC_1_PBMC_CGAACATGTTCGTTGA	46.72920431746138	34.4730313049816	55.94495674237267	0.0	0.0	21.13049813938719	0.0	0.0	0.0	0.0	0.0	66.22537114059223	0.0	24.22114910233247	0.0	0.0	0.0	0.0	0.0
GSM4138110_HNSCC_1_PBMC_CGAACATTCTGTCCGT	48.24949618999869	34.766712266760806	60.410624045859194	0.0	0.0	22.191768723027405	24.09300103418824	28.208726289205558	0.0	0.0	0.0	59.20262413665388	0.0	16.458010680319106	0.0	0.0	10.30487461045884	0.0	0.0
GSM4138110_HNSCC_1_PBMC_CGAATGTAGCGTCTAT	78.36788876234107	46.239074349895695	0.0	75.97133538966732	17.55346896551325	0.0	0.0	37.59112340962454	0.0	0.0	0.0	0.0	23.277385574860993	0.0	0.0	0.0	0.0	0.0	0.0
GSM4138110_HNSCC_1_PBMC_CGGGTCAAGTCTCGGC	50.663072376217265	23.076933782142703	53.620948259017894	0.0	0.0	0.0	41.04047470997941	2.3978484337331025	0.0	0.0	0.0	0.0	0.0	0.0	108.58377256015508	0.0	0.0	0.0	0.0
GSM4138110_HNSCC_1_PBMC_CGTCTACCAAGCGTAG	61.79881455631044	34.71751964029647	38.458789594378885	0.0	64.36164315605618	50.43448268541382	76.63108404792507	0.0	0.0	0.0	0.0	0.0	0.0	28.868722736399018	0.0	0.0	0.0	0.0	0.0
GSM4138110_HNSCC_1_PBMC_CGTGTCTAGGTCGGAT	73.06924206500192	47.84714935416885	0.0	93.33290961158332	56.314440538940666	0.0	0.0	57.178655291115824	0.0	50.95195764599468	0.0	0.0	0.0	0.0	0.0	0.0	0.0	0.0	0.0
GSM4138110_HNSCC_1_PBMC_CGTTAGACATCCAACA	92.82235883819	23.27346111915601	26.67487361727449	0.0	55.103124022686934	0.0	0.0	6.443554461247396	0.0	13.627072432838968	52.108390861589896	0.0	0.0	0.0	0.0	0.0	0.0	0.0	0.0
GSM4138110_HNSCC_1_PBMC_CGTTGGGCATATGCTG	47.88571506185826	50.154523636094055	34.144685295188324	0.0	0.0	0.0	52.44475877192876	0.0	0.0	0.0	49.82321238860932	0.0	0.0	0.0	0.0	0.0	24.302874857921584	0.0	0.0
GSM4138110_HNSCC_1_PBMC_CTAATGGTCTCGCTTG	41.41021648149711	42.91502874143878	27.538803593539313	25.095628149421763	15.30696280774594	44.849500293063855	0.0	0.0	32.29378620790797	0.0	0.0	0.0	0.0	0.0	0.0	0.0	0.0	0.0	0.0
GSM4138110_HNSCC_1_PBMC_CTACATTTCACCAGGC	73.91335190299603	73.5908473039108	55.39798919306966	0.0	0.0	0.0	9.316137425492549	0.0	0.0	0.0	0.0	35.84610657624381	0.0	29.42623258967688	0.0	0.0	0.0	0.0	45.96804578707395
GSM4138110_HNSCC_1_PBMC_CTACGTCTCGAACGGA	37.61503980713585	33.1715805160752	68.85784088527707	0.0	0.0	0.0	0.0	21.66971303908512	0.0	11.514524563369704	53.920882029505826	0.0	0.0	0.0	0.0	0.0	0.0	0.0	0.0
GSM4138110_HNSCC_1_PBMC_CTAGAGTCACTTACGA	76.17500670160386	69.395081006832	46.98377873567953	0.0	0.0	0.0	0.0	14.438878416003298	0.0	0.0	0.0	33.127364824369344	0.0	81.70843165502117	0.0	0.0	0.0	0.0	0.0
GSM4138110_HNSCC_1_PBMC_CTCAGAATCCGGGTGT	82.18989907219886	52.89443629069887	54.98777987299418	0.0	0.0	0.0	63.038240541535195	21.703712151824853	0.0	0.0	0.0	0.0	0.0	0.0	0.0	28.76739048174461	0.0	0.0	0.0
GSM4138110_HNSCC_1_PBMC_CTCGGGATCAATACCG	22.553165227616283	94.7212775225585	23.353113028161978	0.0	0.0	0.0	148.3341224039202	0.0	0.0	0.0	77.32311935951363	0.0	0.0	0.0	0.0	0.0	0.0	0.0	41.84167484094897
GSM4138110_HNSCC_1_PBMC_CTCGTACAGATCGGGT	134.65572214177763	145.15767915437237	137.83525321676936	0.0	113.57802152086727	4.509508413837511	0.0	73.13130448464165	160.300247669463	0.0	0.0	0.0	0.0	0.0	0.0	0.0	108.82075976026958	0.0	0.0
GSM4138110_HNSCC_1_PBMC_CTCGTACTCTGTCCGT	92.31428289520213	71.15101372723548	64.49294828269947	0.0	0.0	32.47400317526224	8.793765242213365	0.0	0.7947988147364795	0.0	77.14807579732957	0.0	0.0	0.0	0.0	0.0	0.0	48.02513884488771	0.0
GSM4138110_HNSCC_1_PBMC_CTCTGGTAGGCGTACA	35.291530251415956	42.00675079876247	0.0	42.111676954417845	36.19902035720175	5.592063862650662	0.0	0.0	30.183937208431722	1.051074699106764	0.0	0.0	0.0	0.0	7.258145121154204	0.0	0.0	0.0	0.0
GSM4138110_HNSCC_1_PBMC_CTGAAACTCCGAGCCA	43.74120566795481	35.264142843709436	19.53478727729695	0.0	0.0	0.0	0.0	0.0	0.0	69.07063000261458	40.24332023456269	0.0	0.0	0.0	0.0	0.0	51.32928811071549	0.0	0.0
GSM4138110_HNSCC_1_PBMC_CTGAAGTAGCGATCCC	90.36456274019255	31.140311348815853	23.547704766722305	31.57105769042977	49.539891050680076	36.25210025932247	36.30018488104406	0.0	0.0	0.0	0.0	0.0	0.0	0.0	0.0	0.0	0.0	0.0	0.0
GSM4138110_HNSCC_1_PBMC_CTGATAGAGATCTGCT	41.283337975881985	24.440518128191183	44.49581643296146	2.7592642851947504	20.564574170638394	39.12970335057248	0.0	46.79865684207207	45.471735727877714	0.0	0.0	0.0	0.0	0.0	0.0	3.7260493252719167	0.0	0.0	0.0
GSM4138110_HNSCC_1_PBMC_CTGATAGAGCCTTGAT	61.766771845051814	67.03941694411884	28.550083536109977	36.89165336917311	0.0	18.955137011032992	0.0	28.464738856172424	0.0	0.0	22.955934179287805	30.793522963419125	44.08194278869152	0.0	0.0	0.0	0.0	6.48993652903422	0.0
GSM4138110_HNSCC_1_PBMC_CTGCCTAAGGTGCTTT	102.57855213300385	50.68923028207865	0.0	107.51977173846339	0.0	0.0	0.0	6.251727032789691	5.986388575545273	0.0	86.52805755281344	0.0	0.0	0.0	0.0	0.0	14.781996484902027	0.0	0.0
GSM4138110_HNSCC_1_PBMC_CTGCCTATCACGACTA	30.066686247396056	78.09626383829799	2.9270565893001304	42.84898835989854	0.0	0.0	0.0	6.422963661263855	74.16612899506647	0.0	38.925606767308956	0.0	0.0	0.0	0.0	0.0	0.0	0.0	0.0
GSM4138110_HNSCC_1_PBMC_CTGGTCTTCGAGAACG	59.96807644021257	20.39274769878179	29.53125287851905	0.0	0.0	0.0	19.04258206787365	46.0295064863218	0.0	0.0	0.0	33.52284123480083	0.0	10.955860217904673	0.0	0.0	0.0	0.0	0.0
GSM4138110_HNSCC_1_PBMC_CTGTTTAAGTGGAGTC	54.16817443936988	17.440643102758607	0.0	43.881945474917536	0.0	0.0	5.11871973723963	0.0	0.0	0.0	0.0	66.02093370051958	0.0	11.871481126839	0.0	0.0	43.59517933115166	0.0	0.0
GSM4138110_HNSCC_1_PBMC_GAACATCTCCCTAATT	103.3487764003136	96.19664575082334	0.0	99.31882921267578	90.18204736339949	37.18714341531441	0.0	0.0	0.0	0.0	0.0	0.0	0.0	59.4582780690612	0.0	0.0	0.0	0.0	0.0
GSM4138110_HNSCC_1_PBMC_GAACCTATCTGAGGGA	78.95481605564106	23.90587985352241	7.652017486003272	25.349964006003376	0.0	23.014675212964292	0.0	0.0	50.9287682844103	0.0	0.0	0.0	0.0	0.0	41.824071216392504	0.0	0.0	0.0	0.0
GSM4138110_HNSCC_1_PBMC_GAATGAATCAGTTAGC	46.44666860811285	18.342017910629178	46.31740779707512	16.1140879735832	0.0	0.0	0.0	0.0	0.0	0.0	12.146122491581345	0.0	46.85702813091463	0.0	0.0	0.0	0.0	0.0	49.31323835632538
GSM4138110_HNSCC_1_PBMC_GATCGATAGTACACCT	79.25231917372622	59.58910543834578	4.923143328333226	41.492403437133774	23.95095729410998	0.0	2.1236418705309905	28.435746668324352	0.5987419561994931	33.07237438873069	0.0	11.469196473930594	0.0	0.0	0.0	4.902329009433182	0.0	0.0	0.0
GSM4138110_HNSCC_1_PBMC_GATCGATTCAGCATGT	69.46325771367142	55.12359415547651	60.67741274684407	0.0	0.0	61.8538698495881	44.918464568660006	0.0	0.0	0.0	0.0	0.0	0.0	21.862552352830658	88.16122074303544	0.0	0.0	0.0	0.0
GSM4138110_HNSCC_1_PBMC_GATGAAATCCAAGCCG	80.4021409447494	34.66586063204273	0.0	78.74381365279687	13.711294256481851	0.0	0.0	13.213035795575228	3.5044635371471946	49.66733174906057	1.8433258485910218	0.0	0.0	0.0	0.0	0.0	61.69388502674463	0.0	0.0
GSM4138110_HNSCC_1_PBMC_GCACATAAGGTGTGGT	44.963301931444555	40.43118649742812	47.90758747489315	0.0	0.0	119.6846350051984	0.0	0.0	0.0	0.0	0.0	42.38658698231298	32.43315155911062	0.0	0.0	0.0	0.0	0.0	0.0
GSM4138110_HNSCC_1_PBMC_GCACTCTGTACAGTGG	59.117283988369564	54.64563702735553	0.0	26.04796162291691	29.21788877962097	0.0	0.0	57.694128580995624	0.0	152.35311633537893	0.0	0.0	0.0	0.0	0.0	0.0	0.0	0.0	0.0
GSM4138110_HNSCC_1_PBMC_GCCTCTAAGTTAAGTG	55.860407080915465	42.159613943750585	13.826710708671488	16.105993448453884	0.0	23.853128893487664	0.0	0.0	0.0	0.0	0.0	0.0	0.0	38.50813414648736	34.53528743091082	0.0	0.0	0.0	0.0
GSM4138110_HNSCC_1_PBMC_GCCTCTAGTTGAACTC	58.05631754884541	30.896608952466952	0.0	41.55892738165722	43.39416242239895	36.33756006802085	0.0	0.0	15.796021218925414	0.0	0.0	0.0	0.0	0.0	0.0	0.0	0.0	24.982030224104676	0.0
GSM4138110_HNSCC_1_PBMC_GCGAGAAAGTGACATA	48.985717590905864	43.5420259275374	15.551296944243099	32.980102586396164	143.47626210717738	20.508015196859102	0.0	0.0	0.0	66.80898110253108	0.0	0.0	0.0	0.0	0.0	0.0	0.0	0.0	0.0
GSM4138110_HNSCC_1_PBMC_GCTGCAGGTCCTCTTG	71.40842638268245	24.94915991956595	26.137739829697388	32.959504965285596	0.0	14.041448422477744	0.0	0.0	60.663595064705966	0.0	0.0	57.84847475642311	0.0	0.0	0.0	0.0	0.0	0.0	0.0
GSM4138110_HNSCC_1_PBMC_GGAAAGCAGTCAATAG	87.57268012710661	63.28844527801773	46.8863306131082	0.0	65.00588973135021	30.212459366710874	0.0	0.0	67.45429815187556	0.0	0.0	0.0	0.0	0.0	0.0	0.0	0.0	0.0	0.0
GSM4138110_HNSCC_1_PBMC_GGAACTTGTTTACTCT	50.125813519011736	19.974678832039704	31.45268510056087	0.0	50.32739430583424	0.0	0.0	37.63561430939243	0.0	0.0	0.0	0.0	33.26427445959075	0.0	0.0	0.0	0.0	0.0	0.0
GSM4138110_HNSCC_1_PBMC_GGCAATTGTCCTCTTG	19.344690199390453	20.484592392139575	87.41977265642554	10.419133653047316	5.525438763392861	44.39851699859815	44.6534886343837	0.0	0.0	0.0	0.0	0.0	0.0	0.0	0.0	0.0	0.0	0.0	0.0
GSM4138110_HNSCC_1_PBMC_GGGACCTAGGCCCTTG	67.7834847709359	20.840530557640736	0.0	66.4169582026243	34.36947647881873	9.029498120457239	0.0	0.0	0.0	0.0	0.0	0.0	0.0	37.80179791435953	0.0	0.0	0.0	0.0	0.0
GSM4138110_HNSCC_1_PBMC_GGGACCTTCGTCCAGG	41.3710451691066	40.06686764193751	13.991433094264133	17.849022695868694	0.0	0.0	0.0	41.693205818232755	63.660740985296755	0.0	0.0	29.368530026068182	0.0	0.0	0.0	0.0	0.0	0.0	0.0
GSM4138110_HNSCC_1_PBMC_GGGATGACAATGGTCT	109.02643806393188	62.57550123619951	17.484770026012015	0.0	63.50603924012621	0.0	45.82073828833983	1.3374651862155034	0.0	0.0	0.0	0.0	0.0	0.0	0.0	0.0	0.0	0.0	0.0
GSM4138110_HNSCC_1_PBMC_GGGCACTGTCTAGGTT	78.35055198039798	49.54695709156	12.931050814010852	52.95868249462856	78.87225346649514	0.0	0.0	30.68546265635655	24.062176034104198	7.641569079695925	0.0	0.0	31.7464379251727	0.0	0.0	0.0	13.565865498490785	0.0	0.0
GSM4138110_HNSCC_1_PBMC_GGTATTGTCCTTCAAT	74.75694958539836	60.3172369259876	0.0	40.79006061084816	44.4105212084768	0.2681029722632141	0.0	10.694810251226794	0.0	0.0	0.0	0.0	0.0	23.43684135325578	0.0	6.65744340056167	55.16277959374911	0.0	0.0
GSM4138110_HNSCC_1_PBMC_GGTGTTACAATCCAAC	61.60546248219256	47.17931322341974	57.00178490513693	0.0	0.0	1.7851846265200737	9.455332344688768	13.8074448956698	15.95951464531232	0.0	0.0	0.0	0.0	0.0	0.0	44.565448378184236	0.0	0.0	13.233465515534615
GSM4138110_HNSCC_1_PBMC_GGTGTTACAGCCACCA	75.13124170025664	33.35757961203055	37.71440011536952	0.0	51.82448468805937	6.468184079592548	0.0	16.019640616497693	0.0	54.039974448522834	0.0	0.0	0.0	0.0	0.0	0.0	0.0	0.0	0.0
GSM4138110_HNSCC_1_PBMC_GTAACGTTCGTATCAG	115.76969992381106	70.77772719529301	0.0	77.32515622906116	45.16639450877232	0.0	104.03962428147561	38.1443165956998	0.0	0.0	0.0	18.76869102166364	0.0	0.0	0.0	0.0	34.86495738981654	0.0	0.0
GSM4138110_HNSCC_1_PBMC_GTATTCTTCTTCCTTC	51.29918622365319	25.025712754209756	10.32643132647437	45.32475719680903	0.0	0.0	0.0	41.937677327814825	0.0	0.0	56.77654611722034	0.0	0.0	53.45869515551897	0.0	0.0	0.0	0.0	0.0
GSM4138110_HNSCC_1_PBMC_GTCAAGTGTGGGTATG	93.49097432596882	54.277793317144955	21.927682817625254	23.228792158168236	56.970562789218846	49.89802008040786	0.0	0.0	0.0	0.0	0.0	0.0	0.0	28.48221677501112	0.0	0.0	0.0	0.0	0.0
GSM4138110_HNSCC_1_PBMC_GTCACGGGTGCAACGA	0.0	419.18638459100197	0.0	0.0	0.0	423.57830848952557	0.0	185.42707626589578	0.0	0.0	412.92014063854623	0.0	0.0	0.0	30.74448227064043	0.0	311.9048771908657	11.775810309353904	0.0
GSM4138110_HNSCC_1_PBMC_GTGCGGTCAAGGTGTG	52.4351344577574	40.58235480239925	45.36877557848342	0.0	0.0	71.09489518020422	59.90894317176689	0.0	0.0	0.0	0.0	0.0	0.0	0.0	0.0	76.41374906918085	0.0	0.0	0.0
GSM4138110_HNSCC_1_PBMC_GTGTGCGAGGAGCGAG	19.02443504698484	54.17412044473966	0.0	21.633549446674973	0.0	0.0	0.0	23.657383811059923	0.0	119.1321899457944	0.0	0.0	8.563295447486853	0.0	35.12277894727768	0.0	0.0	0.0	0.0
GSM4138110_HNSCC_1_PBMC_GTGTGCGCAAGTCATC	54.325133811501864	53.449545396898785	56.81563011066254	0.19295853037950284	0.0	0.0	0.0	15.806428247990773	0.0	0.0	0.0	98.51331857871303	0.0	41.816207891920776	0.0	0.0	0.0	0.0	0.0
GSM4138110_HNSCC_1_PBMC_TAAACCGTCATCTGTT	44.03456497164261	69.43836841893464	18.84012217118807	20.29112991834143	0.0	0.0	40.14973381243885	7.535852828437058	0.0	0.0	70.6857907840818	0.0	0.0	0.0	0.0	0.0	16.191815731947475	0.0	0.0
GSM4138110_HNSCC_1_PBMC_TAAGCGTCAATGGATA	63.749353305630585	119.50449496288215	0.0	40.48262939044891	0.0	67.49101284519121	0.0	0.0	0.0	55.22966734591	0.0	0.0	0.0	0.0	28.154206821191643	0.0	0.0	0.0	0.0
GSM4138110_HNSCC_1_PBMC_TACACGATCCTGCCAT	75.90134938153638	41.44354299243957	0.0	56.98366831531395	0.0	0.0	63.179455141378874	24.073542237255946	0.0	0.0	65.35935182590774	0.0	0.0	0.0	0.0	0.0	73.79719715218124	0.0	0.0
GSM4138110_HNSCC_1_PBMC_TACCTTAAGGCTAGAC	75.8293763588637	46.310468610002125	0.0	68.66232301186433	0.0	10.422280623216022	0.0	15.554317988865826	5.313133347520121	0.0	0.0	0.0	0.0	0.0	51.31083563524017	0.0	0.0	38.84297109845121	0.0
GSM4138110_HNSCC_1_PBMC_TACGGATCAGGGTATG	25.00539476252423	44.97291986074447	11.348449971446104	43.85594305745944	0.0	0.0	8.435940919398728	0.0	0.0	0.0	0.0	60.698598742880144	0.0	48.41067221637984	0.0	0.0	0.0	0.0	31.760024973047035
GSM4138110_HNSCC_1_PBMC_TAGAGCTCAGATGGCA	80.87167476015522	29.8022174959372	37.90833120921803	0.0	0.0	0.0	0.0	45.363876762372584	27.0315252639127	3.8691672309037974	45.108543604257015	0.0	0.0	0.0	0.0	0.0	18.92235401736422	0.0	0.0
GSM4138110_HNSCC_1_PBMC_TAGCCGGAGAAGGCCT	76.42828524541211	64.56354834884091	0.0	31.302127179420523	53.1870537872971	0.6183133257642005	0.0	39.166734138063276	0.0	46.66578639666367	0.0	0.0	0.0	0.0	0.0	0.0	0.0	0.0	3.953182034337984
GSM4138110_HNSCC_1_PBMC_TATCTCAAGGTGCACA	78.82632262703477	40.54734373426474	57.205906456165906	5.103203425275297	22.921582098405356	0.0	0.0	26.681770224463733	0.0	15.901089342243175	0.0	0.0	0.0	0.0	0.0	0.0	0.0	0.0	0.0
GSM4138110_HNSCC_1_PBMC_TCACAAGGTTCATGGT	51.181583715261056	48.780503815326455	24.886774890669148	0.0	0.0	13.002181248679682	53.283786139328214	0.0	0.0	0.0	10.4248000696049	0.0	0.0	0.0	0.0	24.28622492614933	0.0	1.204502395131912	0.0
GSM4138110_HNSCC_1_PBMC_TCACAAGTCTTGACGA	150.75193118519113	231.82208162542454	476.0958382102857	0.0	110.08241023577479	216.59702546991986	166.40780512220712	0.0	0.0	0.0	0.0	0.0	0.0	0.0	0.0	0.0	0.0	0.0	0.0
GSM4138110_HNSCC_1_PBMC_TCGAGGCTCGGAAATA	89.92070460888036	24.947309356048347	9.029742553063771	40.07599947390556	68.66282480351225	35.145156085046494	10.70228508445364	0.0	0.0	0.0	5.408146946627472	0.0	43.78650998653853	15.001996973144113	0.0	0.0	0.0	0.0	0.0
GSM4138110_HNSCC_1_PBMC_TCTATTGGTTTAGGAA	66.41813541274564	29.226020674520708	59.14116478965986	0.0	52.08534908484308	7.970534333782373	0.0	22.848963956506637	0.0	40.528872578114516	0.0	0.0	0.0	0.0	0.0	0.0	0.0	0.0	0.0
GSM4138110_HNSCC_1_PBMC_TCTATTGTCATCTGCC	58.32318078639054	39.87841517741201	0.0	36.68975059370217	0.0	33.65623772861454	12.479757237645183	0.0	0.0	0.0	0.0	0.0	0.0	0.0	0.0	6.04826764850287	0.0	0.0	0.0
GSM4138110_HNSCC_1_PBMC_TCTTCGGCACCCTATC	94.55060176829323	60.62010390072508	14.227788325737103	45.44974246434521	0.0	17.120026398117293	0.0	0.0	0.0	0.0	49.06347671693008	0.0	0.0	0.0	26.179707741357134	0.0	0.0	38.73444682501464	0.0
GSM4138110_HNSCC_1_PBMC_TGGGCGTTCACAGGCC	0.0	0.0	0.0	0.0	0.0	0.0	0.0	0.0	0.0	0.0	0.0	0.0	0.0	0.0	0.0	0.0	1530.1452760225275	0.0	1189.4342489085625
GSM4138110_HNSCC_1_PBMC_TGTGTTTGTTAAAGAC	61.347736413972946	66.8358604253782	0.0	87.80164275224928	0.0	76.14670004147642	0.0	53.03926181693461	89.05271148217187	0.0	95.19213349319848	0.0	0.0	0.0	0.0	0.0	0.0	0.0	0.0
GSM4138110_HNSCC_1_PBMC_TGTTCCGCACGGCGTT	169.47207636784833	67.41812019320405	118.99069235645275	63.66094611271915	124.56610358284412	145.77531510965932	188.0973626922918	0.0	0.0	0.0	0.0	0.0	0.0	0.0	0.0	0.0	0.0	0.0	0.0
GSM4138110_HNSCC_1_PBMC_TTAGGCAAGGCTAGCA	106.303817094673	58.196007874386765	48.579233227549445	15.063851805817926	45.308118295000384	0.0	0.0	33.53382440433508	31.212016100178666	0.0	0.0	0.0	0.0	0.0	0.0	0.0	0.0	0.0	0.0
GSM4138110_HNSCC_1_PBMC_TTCCCAGCACATGGGA	2.085517156591676	70.23800675504371	0.0	107.40869442246789	0.0	0.0	0.0	0.0	0.0	30.45348282533987	0.0	0.0	0.0	0.0	45.06966322722721	0.0	55.167592388357285	0.0	9.820413188957762
GSM4138110_HNSCC_1_PBMC_TTCGGTCAGACCCACC	52.29911852522226	42.162304945312954	27.856753797769553	0.0	0.0	16.651393120223258	52.096481876779066	0.0	0.0	0.0	0.0	0.0	0.0	0.0	30.282618807059347	0.0	0.0	0.0	0.0
GSM4138110_HNSCC_1_PBMC_TTCTCCTTCCTCAATT	59.29786413400606	28.30702457044329	0.0	88.7230332265088	70.39283142923549	35.29359071282635	9.472317820889769	0.0	0.0	0.0	0.0	0.0	0.0	17.700870666945143	0.0	0.0	0.0	0.0	0.0
GSM4138110_HNSCC_1_PBMC_TTGAACGGTCGAAAGC	74.56396471816531	31.887801952017515	40.2612887227297	0.0	40.293133398190044	22.707358416036357	39.722671922511616	0.0	0.0	0.0	0.0	0.0	0.0	0.0	0.0	0.0	0.0	0.0	0.0
GSM4138110_HNSCC_1_PBMC_TTGCCGTAGTCAAGCG	61.83548572474136	21.034099782590843	51.496109153137425	2.8827355509175754	52.84507622526727	31.531303062400468	0.0	0.0	0.0	0.0	0.0	0.0	0.0	79.73691792631968	0.0	0.0	0.0	0.0	0.0
GSM4138110_HNSCC_1_PBMC_TTGCGTCTCAAGGCTT	59.76436970595257	63.45341468460577	77.47460642581812	0.0	35.87186564132175	0.0	0.0	14.588944559168668	16.101468120107942	24.864587295516067	0.0	0.0	0.0	0.0	0.0	29.418653098608182	11.607809241593642	0.0	0.0
GSM4138110_HNSCC_1_PBMC_TTTATGCGTGCATCTA	56.490089474162055	37.32205627911927	41.8369032219805	0.0	54.79795270339938	0.0	0.0	3.700450742553143	24.640894608507946	0.0	0.0	0.0	0.0	0.0	0.0	0.0	0.0	0.0	0.0
GSM4138110_HNSCC_1_PBMC_TTTGCGCTCTTGTACT	53.94902587251916	71.19500333621653	62.18271442665351	0.0	0.0	0.0	0.0	12.581479078600143	66.56981922970363	0.0	0.0	7.976496295236282	0.0	0.0	0.0	8.787521083886178	0.0	0.0	0.0
GSM4138110_HNSCC_1_PBMC_TTTGGTTCACTTCTGC	114.73499895437051	39.63702703407849	45.99864383652732	41.28395984722836	0.0	39.25411230871193	0.0	0.0	0.0	34.73494528058488	117.02736373526892	0.0	20.96691020099931	0.0	0.0	0.0	0.0	0.0	0.0
GSM4138110_HNSCC_1_PBMC_CTACACCAGTTGTAGA	111.38590020294488	124.72841089753508	5.223231750562105	83.89576689827553	0.0	64.03587060018089	116.93779010531625	0.0	0.0	0.0	0.0	0.0	0.0	0.0	0.0	58.31220672169619	0.0	0.0	0.0
GSM4138110_HNSCC_1_PBMC_AACTGGTGTCAGAATA	33.41499210962654	41.09762335803376	23.334304731593157	0.0	0.0	0.0	0.0	24.510531229195283	41.14460435817712	0.0	0.0	0.3100167891371204	0.0	0.0	44.54898107087851	18.900568799995664	0.0	0.0	0.0
GSM4138110_HNSCC_1_PBMC_AAACGGGTCCTCAACC	83.36413660747313	25.70285981692892	41.092203086663936	17.250865631866933	0.0	0.0	0.0	0.0	0.0	0.0	43.65475533614676	0.0	4.303837647741775	28.14206373425927	0.0	0.0	25.07779233381281	0.0	0.0
GSM4138110_HNSCC_1_PBMC_AAGGCAGAGGCGTACA	47.77124264151412	68.29343929687973	21.219101202567316	63.615621795823756	0.0	10.209249960333826	13.383759372112463	0.0	28.134649202376824	0.0	52.51263007206572	6.629389668726846	0.0	0.0	0.0	0.0	0.0	0.0	0.0
GSM4138110_HNSCC_1_PBMC_ACATGGTCAATGGAGC	121.87556230910802	56.218843451995504	43.28954406824967	0.0	0.0	0.0	29.116001060807648	27.12927605240786	0.0	0.0	0.0	71.84048429946138	0.0	0.0	0.0	0.0	0.0	0.0	0.0
GSM4138110_HNSCC_1_PBMC_ACGATGTGTTATCACG	49.30289401917355	36.32487410538237	0.0	74.43483992729963	17.770116816773083	0.0	0.0	21.42397301136022	0.0	0.0	0.0	0.0	0.0	0.0	0.0	18.752345127149802	0.0	36.56867311739187	0.0
GSM4138110_HNSCC_1_PBMC_ACGGCCATCTCCCTGA	114.89388642980282	31.904529352768076	97.14801997173149	0.0	0.0	54.24419327923102	43.31170348286913	0.0	0.0	0.0	0.0	0.0	0.0	0.0	0.0	59.70488577713834	0.0	32.760989022327024	0.0
GSM4138110_HNSCC_1_PBMC_AGCTCTCTCATTGCCC	80.46322955053634	63.5280877172068	12.656134246300306	58.48147521645586	0.0	0.0	0.0	8.006877398250476	72.30341902742876	0.0	0.0	0.0	0.0	0.0	0.0	81.47869579124118	111.01907777916195	0.0	0.0
GSM4138110_HNSCC_1_PBMC_AGGTCATTCTCTAGGA	76.77277024568599	57.656870362133894	46.61303438540689	0.0	0.0	0.0	0.0	52.34051139209315	22.518319638211235	0.0	54.109979877199635	0.0	0.0	0.0	0.0	0.0	0.0	21.635161259859572	0.0
GSM4138110_HNSCC_1_PBMC_ATAGACCTCTGGTGTA	65.32163607280009	20.22462324903444	31.767054488206277	13.732618089279727	0.0	0.0	0.0	28.52755676275663	0.0	106.8384604170048	0.0	0.0	0.0	0.0	0.0	38.30666135334899	10.29297921182022	0.0	0.0
GSM4138110_HNSCC_1_PBMC_ATAGACCTCTTCCTTC	68.75651876452555	46.44226674362571	43.61359576521728	0.0	0.0	0.0	19.76221587612966	35.84240752908561	0.0	0.0	0.0	0.0	0.0	0.0	0.0	15.670183964685704	0.0	0.0	0.0
GSM4138110_HNSCC_1_PBMC_ATCTACTCACTGTGTA	67.53309364154195	50.49576730155704	25.373289040868627	0.0	0.0	59.159753655043446	0.0	0.0	0.0	0.0	51.250018325291165	0.0	59.73146894605606	3.060560785233913	0.0	0.0	0.0	0.0	0.0
GSM4138110_HNSCC_1_PBMC_ATCTGCCAGGAATCGC	74.51757384793932	25.242197536511945	8.785383351841167	27.471413004893687	0.0	55.12438344390152	0.0	0.0	0.0	45.380378656015594	0.0	0.0	0.0	0.0	58.341117650721465	0.0	0.0	0.0	0.0
GSM4138110_HNSCC_1_PBMC_ATGGGAGCATGGGAAC	68.14129240987698	189.66044933558092	0.0	59.88363413515334	0.0	234.68371135502403	0.0	0.0	94.8289492346139	0.0	0.0	0.0	0.0	0.0	167.66324228856462	0.0	0.0	0.0	0.0
GSM4138110_HNSCC_1_PBMC_ATGTGTGGTAGCTGCC	35.115926257522446	51.01753435516736	32.20895535423355	0.0	5.786023868025489	35.23426351773478	0.0	0.0	0.0	0.0	0.0	0.0	111.44835342731822	0.0	0.0	0.0	0.0	0.0	0.0
GSM4138110_HNSCC_1_PBMC_CACAAACCATCCCACT	86.5432801382116	99.81723271099513	69.38796539558479	0.0	35.74110547377542	0.0	0.0	18.80735067707991	0.0	0.0	0.0	0.0	0.0	36.24928082721782	0.0	0.0	22.521258946261057	0.0	0.0
GSM4138110_HNSCC_1_PBMC_CACCACTAGTTACCCA	97.65607646709465	37.551434539014195	70.02570011050882	14.483697403181942	0.0	35.5211785558076	0.0	10.225759191845615	0.0	52.67676462165842	55.54414023835232	0.0	0.0	0.0	0.0	0.0	0.0	0.0	0.0
GSM4138110_HNSCC_1_PBMC_CATGCCTTCAGCTCTC	66.3364751958406	46.95326694301718	52.17022698252496	0.0	0.0	62.50588383943349	0.0	0.0	60.266603610171806	0.0	0.0	75.55017014720751	0.0	0.0	0.0	0.0	0.0	0.0	0.0
GSM4138110_HNSCC_1_PBMC_CATGGCGCATGTTCCC	89.83673518983433	55.911218043622675	0.0	52.1244797252109	0.0	70.35988959895137	0.0	0.0	0.0	16.456771920634697	0.0	0.0	75.40080988199071	0.0	18.927864857031828	0.0	0.0	0.0	0.0
GSM4138110_HNSCC_1_PBMC_CCACCTAGTAGTACCT	73.16041675102308	47.95961223164454	51.0829545691134	0.0	0.0	0.0	0.0	41.74130465347139	28.19382485928155	0.0	0.0	34.81009143528841	0.0	0.0	55.34570726140429	0.0	0.0	0.0	0.0
GSM4138110_HNSCC_1_PBMC_CCGTTCAGTATATCCG	80.21630903601842	65.09956884382439	50.82188077518068	0.0	0.0	0.0	63.68865068435693	73.74296641052501	0.0	0.0	0.0	31.939780442807933	0.0	0.0	0.0	0.0	0.0	0.0	0.0
GSM4138110_HNSCC_1_PBMC_CCTACACGTCCGAAGA	41.65826044665851	16.720001921509915	0.0	45.57980765607734	60.61401404459103	0.0	0.0	40.361526650184054	0.0	0.0	0.0	0.0	31.1935351833542	0.0	0.0	0.0	0.0	0.0	0.0
GSM4138110_HNSCC_1_PBMC_CCTCTGAGTCGCGAAA	124.71880828556202	72.80939356543634	76.37912524890099	0.0	0.0	57.717571717476915	0.0	0.0	25.9992857850512	0.0	27.32481079482472	40.061676071777484	0.0	0.0	0.0	0.0	0.0	39.417769201719686	0.0
GSM4138110_HNSCC_1_PBMC_CGCTGGAAGGCATGTG	61.75010736280713	40.18920159298215	0.0	70.7267442334839	0.0	49.265718751876996	7.5832097149167	0.0	0.0	0.0	41.911892402543124	0.0	57.064158951871136	0.0	0.0	0.0	0.0	0.0	0.0
GSM4138110_HNSCC_1_PBMC_CGGAGTCTCACAATGC	73.17197633496886	42.41709034869487	0.0	0.0	56.6517908109997	0.0	0.0	29.825318272257892	0.0	0.0	0.0	4.387574375481741	55.26392395644948	0.0	0.0	0.0	0.0	0.0	0.0
GSM4138110_HNSCC_1_PBMC_CGGCTAGAGCTACCGC	111.24501163437715	62.21700886569692	0.0	56.04830102560828	0.0	37.58404072591186	0.0	0.0	0.0	0.0	0.0	0.0	65.00028297711702	0.0	0.0	31.81579403501644	0.0	0.0	0.0
GSM4138110_HNSCC_1_PBMC_CGTTGGGCAAGCCGCT	208.3705115207365	56.54681168477041	0.0	32.54937881342308	14.337132159847544	38.581642065753535	0.0	0.0	0.027774052786900243	12.025457653304894	0.0	0.0	0.0	0.0	0.0	2.3750380788006296	0.0	0.0	0.0
GSM4138110_HNSCC_1_PBMC_CTCAGAAGTCCGACGT	76.79268886312391	49.0812449582614	0.0	32.603306584854295	0.0	29.3946623951995	0.0	0.0	0.0	0.0	0.0	0.0	0.0	51.17820808498219	50.98682856890322	0.0	0.0	0.0	0.0
GSM4138110_HNSCC_1_PBMC_CTCGTACCACGCGAAA	68.70135400130779	48.62978741049531	0.0	68.61605693617989	0.0	0.0	0.0	34.164148990692475	0.0	30.11228636224289	38.61319121251847	0.0	0.0	0.0	0.0	0.0	0.0	0.0	0.0
GSM4138110_HNSCC_1_PBMC_GAAATGAAGAGCCTAG	174.34629378930293	86.28163171050309	16.67315720666724	110.11568716309102	80.00512338546858	0.0	34.36894141194858	51.18268177290262	0.0	0.0	0.0	0.0	0.0	6.254205618968167	0.0	0.0	0.0	0.0	0.0
GSM4138110_HNSCC_1_PBMC_GACGTTATCTAACCGA	65.80108291612746	23.206069203167704	47.178971050460206	0.0	0.0	0.0	0.0	71.350731846511	39.72005674873816	0.0	45.6090968645834	0.0	0.0	0.0	0.0	0.0	0.0	0.0	0.0
GSM4138110_HNSCC_1_PBMC_GACTGCGTCGGCATCG	44.45034427483681	25.062783366480463	91.80683854843626	0.0	0.0	0.0	0.0	44.461313814224745	59.86463822817084	0.0	21.343192936241127	18.272947666350575	0.0	0.0	0.0	0.0	0.0	0.0	0.0
GSM4138110_HNSCC_1_PBMC_GATGAGGAGGCTAGCA	65.35837838937591	17.758408981693226	43.64118929710061	0.0	0.0	31.644392391487884	64.23708795576293	0.0	0.0	0.0	0.0	39.32728109459996	0.0	0.0	0.0	0.0	0.0	0.0	0.0
GSM4138110_HNSCC_1_PBMC_GATTCAGCACCACGTG	71.25163108933077	37.15168220758376	21.38222992421943	46.48807682840793	0.0	44.26556362378444	0.0	0.0	20.227791015155326	32.334071134652326	0.0	7.3327829793858	0.0	0.0	0.0	0.0	0.0	0.0	0.0
GSM4138110_HNSCC_1_PBMC_GCAATCAGTAGCTCCG	62.40375649772704	72.80972076444685	16.910360118510688	0.0	0.0	0.0	0.0	23.303312380245547	37.1641053924906	0.0	25.973372978578077	0.0	0.0	0.0	0.0	0.0	0.0	0.0	0.0
GSM4138110_HNSCC_1_PBMC_GCGACCAGTAGCCTAT	91.43040431025719	51.15783015468319	150.03289052849735	0.0	0.0	25.639168438996705	0.0	9.966330642245504	30.312716088222682	0.0	0.0	17.029777960013504	0.0	0.0	50.2188308527318	0.0	0.0	0.0	0.0
GSM4138110_HNSCC_1_PBMC_GCTTCCATCTCATTCA	46.52224666425251	55.45023291920618	0.0	36.28197886773431	77.3631893083772	26.43449504081106	8.934729328725322	0.0	0.0	0.0	0.0	0.0	0.0	38.46731601901367	0.0	0.0	0.0	0.0	0.0
GSM4138110_HNSCC_1_PBMC_GCTTGAAAGACCTTTG	36.437225834830365	33.78710672883344	47.225387793978996	8.504382026320725	0.0	13.510521915377604	0.0	0.0	42.469573147311955	0.0	34.20253450828174	0.0	0.0	0.0	0.0	0.0	0.0	0.0	0.0
GSM4138110_HNSCC_1_PBMC_GGACAAGGTAATTGGA	83.43006091031528	94.57350929314173	0.0	113.9929580653299	0.0	0.0	0.0	34.11009797918731	0.0	0.0	21.97922411417178	0.0	0.0	40.63695641365634	0.0	0.0	0.0	0.0	0.0
GSM4138110_HNSCC_1_PBMC_GGCGTGTAGCACGCCT	51.54200957608369	37.60249251079636	20.605873592639586	10.009015545851806	0.0	22.28251257666854	0.0	0.0	0.0	0.0	30.16479745582895	8.666807706180597	0.0	0.0	0.0	0.0	0.0	29.714186073878267	0.0
GSM4138110_HNSCC_1_PBMC_GGCGTGTAGCGTTTAC	44.338813520134785	29.897319129823103	37.45985941605021	18.532420284863004	31.338672197281785	20.212769585914607	23.59026581657981	0.0	0.0	0.0	0.0	0.0	0.0	0.0	0.0	0.0	0.0	0.0	0.0
GSM4138110_HNSCC_1_PBMC_GGCTGGTCAATGGACG	70.6538691024553	35.192964759827355	79.7032945477677	14.269032987866922	30.12939189541702	54.367672603076784	0.0	0.0	0.0	0.0	0.0	0.0	0.0	106.68354702889445	0.0	0.0	0.0	0.0	0.0
GSM4138110_HNSCC_1_PBMC_GGGAATGTCAGCTGGC	134.06007467387354	48.45973860811973	40.20987486108015	0.0	0.0	49.91265190840734	0.0	0.0	36.36735754646234	16.71322735899908	69.15238010666106	4.514183446163298	0.0	0.0	0.0	0.0	0.0	0.0	0.0
GSM4138110_HNSCC_1_PBMC_GGGTTGCAGATCGGGT	45.35164647744594	35.830653443137415	26.607397456413263	0.0	59.91944882690593	9.420531299753677	0.0	33.22721401203562	0.0	0.0	0.0	0.0	43.76054285259848	0.0	0.0	0.0	0.0	0.0	0.0
GSM4138110_HNSCC_1_PBMC_GGTATTGCACATTAGC	69.95156652869711	25.536758301113814	0.0	28.31253956039044	0.0	28.229018981242643	12.775717108164768	0.0	0.0	0.0	6.4864193337423455	0.0	0.0	36.09155001244624	0.0	0.0	0.0	0.0	0.0
GSM4138110_HNSCC_1_PBMC_GGTGTTAGTGTGACCC	32.96335307926832	51.98059373550774	37.08396687573988	0.0	0.0	0.0	0.0	38.64735471960516	0.0	0.0	27.87568467534081	0.0	47.92117049184571	14.521619803341705	0.0	0.0	0.0	0.0	0.0
GSM4138110_HNSCC_1_PBMC_GTCACAAGTATCACCA	161.84442696722508	41.24649938912712	28.07707889319815	0.0	0.0	47.59885330121936	0.0	0.0	40.91269942661679	0.0	51.54851508437692	0.0	0.0	0.0	0.0	0.0	0.0	0.0	0.0
GSM4138110_HNSCC_1_PBMC_GTCACAATCGCAAGCC	63.15985025741233	38.1840974229434	0.0	26.594347152762637	37.83137838735436	22.08986760650996	61.89088535692721	0.0	0.0	0.0	0.0	0.0	0.0	0.0	0.0	0.0	0.0	0.0	0.0
GSM4138110_HNSCC_1_PBMC_GTCACGGCAAGCTGGA	70.30059217763932	36.47403824697409	0.0	27.36002089603468	0.0	0.0	0.0	31.562964443109788	0.0	133.32993029690172	0.0	0.0	0.0	0.0	20.614661442117168	0.0	0.0	0.0	0.0
GSM4138110_HNSCC_1_PBMC_GTCGTAAAGGCATGTG	123.19806342834765	114.61105687783137	0.0	122.15543953560585	149.43367459513144	61.51424431002368	0.0	0.0	12.830363868190167	40.79446168235599	0.0	0.0	0.0	0.0	0.0	0.0	0.0	0.0	0.0
GSM4138110_HNSCC_1_PBMC_GTCGTAATCTTGCAAG	51.45403916366382	28.73938506649509	31.59354341378453	0.0	37.24729492643986	6.735498887937885	0.0	5.446266504292383	0.0	0.0	0.0	0.0	0.0	41.40795900594789	1.5071651581409726	0.0	11.839548002966884	0.0	0.0
GSM4138110_HNSCC_1_PBMC_GTCTCGTCATGCGCAC	56.999168243834006	72.73361427514506	0.0	19.79538948823847	0.0	0.0	17.11161458034222	25.738967062398448	0.0	0.0	46.44970518837193	0.0	6.350998756197368	38.208818972271025	0.0	0.0	0.0	0.0	0.0
GSM4138110_HNSCC_1_PBMC_GTGAAGGCACATTTCT	67.24491806218502	69.21872718424623	42.10420932434265	0.0	0.0	43.532049417568544	0.0	0.0	46.28274200996845	0.0	0.0	85.42993646837058	0.0	0.0	0.0	0.0	0.0	0.0	0.0
GSM4138110_HNSCC_1_PBMC_GTGCAGCAGACCGGAT	111.93892220614151	84.37598235927486	73.77901660581637	7.770847398157796	0.0	46.86529863092499	0.0	0.0	0.0	73.50939783477081	0.0	0.0	0.0	0.0	55.77996114409879	0.0	0.0	0.0	0.0
GSM4138110_HNSCC_1_PBMC_GTTAAGCTCATACGGT	84.94442183312187	41.51992159899031	57.13527285483852	0.0	0.0	0.0	0.0	19.176525505632988	46.83625796585201	0.0	0.0	23.906918124152753	0.0	0.0	0.0	0.0	0.0	0.0	0.0
GSM4138110_HNSCC_1_PBMC_TAAACCGAGGGTCGAT	56.18952397970174	73.08340315605908	0.0	34.83089514506576	0.0	35.67296386185649	45.99360660665401	0.0	0.0	0.0	0.0	0.0	0.0	0.0	46.51562181490169	0.0	0.0	0.0	0.0
GSM4138110_HNSCC_1_PBMC_TACCTTAAGGCTCTTA	92.2729951214146	41.513666049580046	67.07533434392317	20.188141807342554	62.90528327570625	47.6627853980606	0.0	0.0	0.0	37.244403661608416	0.0	0.0	0.0	0.0	0.0	0.0	0.0	0.0	0.0
GSM4138110_HNSCC_1_PBMC_TAGAGCTTCGTTGCCT	121.40053188403837	57.16629561742976	0.0	98.09580469180243	0.0	96.6619450369987	0.0	0.0	0.0	0.0	0.0	97.17749809972187	23.453654347475304	0.0	0.0	0.0	0.0	34.21013319885279	0.0
GSM4138110_HNSCC_1_PBMC_TAGGCATTCCCAGGTG	89.9425413841152	25.576304313608674	38.25793355641348	0.0	20.340833583313096	0.0	0.0	0.0	82.82881568609827	0.0	0.0	0.0	0.0	0.0	0.0	0.0	19.91086870927945	0.0	0.0
GSM4138110_HNSCC_1_PBMC_TCACAAGCACATCCGG	42.41197266799847	66.9609291809522	0.0	34.234074780345246	0.0	39.405718537908996	68.68658119748814	20.836256281651202	0.0	0.0	0.0	20.78815179784519	0.0	0.0	0.0	0.0	0.2501665071239948	0.0	0.0
GSM4138110_HNSCC_1_PBMC_TCAGCTCCATGACGGA	55.97512174220572	35.84748494937082	30.28306051485145	57.130373652916575	0.0	16.982398901650505	9.097847185449242	0.0	0.0	14.572603308732251	0.0	19.18961984816847	0.0	0.0	0.0	0.0	0.0	0.0	0.0
GSM4138110_HNSCC_1_PBMC_TCGAGGCTCCAGGGCT	67.49316944477428	32.49644914575798	55.84863440286092	0.0	0.0	51.12843778470943	0.0	0.0	22.636589983011966	4.204801307759022	0.0	34.0092104997239	0.0	0.0	0.0	0.0	0.0	0.0	0.0
GSM4138110_HNSCC_1_PBMC_TCTATTGCAGTCAGCC	118.85646699025773	76.63928121293445	0.0	68.68868899477052	0.0	43.11024063602541	0.0	0.0	44.05317729236922	0.0	0.0	0.0	0.0	0.0	28.03588198688016	0.0	0.0	0.0	0.0
GSM4138110_HNSCC_1_PBMC_TCTCTAAGTGGTAACG	104.36289769098184	102.51208282459224	0.0	72.73982617756828	0.0	40.33141119114363	0.0	0.0	111.44822515932991	0.0	0.0	64.17165567040385	0.0	0.0	0.0	0.0	0.0	0.0	0.0
GSM4138110_HNSCC_1_PBMC_TCTGAGATCTAGCACA	53.30994094398499	26.901408075386605	0.0	70.42569550217874	0.0	46.580384855830424	0.0	0.0	0.0	0.0	0.0	0.0	0.0	0.0	0.0	25.386856055515892	0.0	42.71636867252588	0.0
GSM4138110_HNSCC_1_PBMC_TCTTTCCCACTGAAGG	85.90404770394515	150.127902211336	47.49628290551453	13.195022074800908	62.36679246190918	63.61069696647441	90.3941532434737	0.0	0.0	0.0	0.0	0.0	0.0	0.0	0.0	0.0	0.0	0.0	0.0
GSM4138110_HNSCC_1_PBMC_TGACAACGTCATCCCT	63.81410662545887	41.56521758320594	0.0	56.41967410279858	0.0	45.34483845482399	0.0	0.0	0.0	0.0	0.0	0.0	0.0	84.11504454137048	91.18276536860279	0.0	0.0	0.0	0.0
GSM4138110_HNSCC_1_PBMC_TGAGCCGAGATGAGAG	63.69871450696123	40.21454809460201	0.0	55.81707755581627	0.0	44.85783283323019	54.95156821244358	0.0	0.0	0.0	0.0	0.0	0.0	0.0	0.0	33.72141634310885	0.0	0.0	0.0
GSM4138110_HNSCC_1_PBMC_TGCGGGTTCTGATTCT	61.23568095749384	29.99071377318707	50.167838733595275	0.0	0.0	3.9498675259051192	0.0	11.009361947305	0.0	0.0	51.08954055276635	0.0	0.0	0.0	0.0	0.0	0.0	21.831995288597955	0.0
GSM4138110_HNSCC_1_PBMC_TGGCTGGGTTCCAACA	50.66986511574831	41.184631513231174	22.24571701484553	33.955160426171155	62.678670644513765	0.0	12.038424429280223	54.7718628369637	40.69974331827732	0.0	0.0	0.0	0.0	9.523941907212082	0.0	0.0	0.0	0.0	0.0
GSM4138110_HNSCC_1_PBMC_TGTATTCGTGGCTCCA	105.90144546896613	80.03222381420511	0.0	58.16224995288471	40.4006583010953	72.37138061713611	0.0	0.0	139.23939672149442	0.0	0.0	0.0	0.0	0.0	0.0	0.0	0.0	0.0	0.0
GSM4138110_HNSCC_1_PBMC_TGTGGTAAGTATGACA	98.8040202980478	44.380891359301216	29.530924940372685	16.497922948995733	0.0	44.1674383264369	4.008371186479202	0.0	0.0	0.0	0.0	0.0	0.0	0.0	0.0	37.138700260456936	0.0	46.831418346372224	0.0
GSM4138110_HNSCC_1_PBMC_TTCCCAGGTCACTGGC	59.98294408459116	51.849089825886765	38.14492264764406	0.0	0.0	19.182002261378038	0.0	22.012188765645405	43.66076261856266	1.5649937347099834	0.0	12.314187219342358	0.0	0.0	0.0	0.0	0.0	0.0	0.0
GSM4138110_HNSCC_1_PBMC_TTCGGTCCACCTCGGA	91.77688239542107	46.97666857868421	0.0	49.0722849802729	46.050125628964814	14.989348186020603	0.0	0.0	0.0	0.0	0.0	0.0	0.0	0.0	0.0	0.0	0.0	27.947368546545576	0.0
GSM4138110_HNSCC_1_PBMC_TTCTACATCCTTCAAT	58.78615791764179	34.913560376948155	17.787217188823984	21.2427750113849	0.0	25.577110995789692	5.291947036327165	0.0	0.0	0.0	0.0	45.450394113395646	0.0	0.0	0.0	0.0	0.0	49.677899177048864	0.0
GSM4138110_HNSCC_1_PBMC_AAAGTAGTCGGCATCG	245.82369421326777	173.35400436091274	172.77127200901904	0.0	0.0	0.0	138.89193365223608	60.6550685339012	0.0	0.0	169.62972601786672	0.0	0.0	47.776067496642504	0.0	0.0	0.0	0.0	0.0
GSM4138110_HNSCC_1_PBMC_ACACTGATCGTACCGG	129.45422136493102	128.62753870525918	0.0	143.9298202269621	64.27506509420218	27.36929677143181	0.0	0.0	0.0	91.41852976693143	0.0	0.0	0.0	0.0	0.0	0.0	0.0	0.0	0.0
GSM4138110_HNSCC_1_PBMC_ACAGCTATCAGCACAT	246.7873246304442	169.30994712819157	0.0	137.47822399573374	113.62313895849165	31.15464246733728	62.45755764325127	6.209768003866302	0.0	94.59335565041471	0.0	0.0	0.0	0.0	0.0	0.0	0.0	22.08169729201819	0.0
GSM4138110_HNSCC_1_PBMC_ACTGAACGTTATTCTC	224.81716368186952	129.7741379226178	18.256805346440792	115.64574282918147	93.63691860986602	62.726769909476104	0.0	0.0	0.0	0.0	0.0	0.0	169.69828916434466	0.0	0.0	0.0	0.0	0.0	0.0
GSM4138110_HNSCC_1_PBMC_ACTGAGTTCAGGTAAA	223.72182046358316	91.97302142815991	0.0	115.09181451935598	82.28869618041288	0.0	139.0774872022142	53.651865936910255	0.0	0.0	0.0	0.0	0.0	0.0	0.0	0.0	0.0	0.0	0.0
GSM4138110_HNSCC_1_PBMC_ACTGCTCCAACCGCCA	252.22657340701267	148.10487406871746	0.0	115.88945215880072	70.43262664876437	35.22564542126499	78.53827437429207	0.0	0.0	0.0	0.0	0.0	0.0	18.188311993464566	0.0	0.0	0.0	0.0	0.0
GSM4138110_HNSCC_1_PBMC_ACTTACTAGTGGAGAA	227.05078178068888	160.58938620585877	0.0	193.29995991648352	160.66936116903187	70.18256799803108	0.0	0.0	0.0	0.0	0.0	0.0	195.68177627811465	0.0	0.0	0.0	0.0	0.0	0.0
GSM4138110_HNSCC_1_PBMC_ACTTGTTCAGTTCATG	204.08165305518003	147.43086862508682	302.5264618100659	0.0	194.7555077406282	68.00525961919952	0.0	0.0	0.0	0.0	0.0	0.0	0.0	255.46218129986286	0.0	0.0	0.0	0.0	0.0
GSM4138110_HNSCC_1_PBMC_AGAGTGGCAGGGATTG	140.33711587304416	91.84098304706052	0.0	134.1320639298342	0.0	0.0	0.0	84.45494074287879	0.0	80.53640845132054	0.0	0.0	0.0	14.062962063682994	118.88335157130766	0.0	0.0	0.0	0.0
GSM4138110_HNSCC_1_PBMC_AGATCTGGTGATAAGT	177.44289546051456	159.80800399589202	0.0	96.4186930939754	0.0	0.0	47.94064725658577	0.0	0.0	0.0	90.41641819098761	0.0	0.0	0.0	0.0	0.0	93.63233080347963	0.0	0.0
GSM4138110_HNSCC_1_PBMC_AGATTGCGTATAGGGC	215.27404913531092	200.4224594090236	205.82951233599388	0.0	150.32036348371955	35.56956694524203	83.86011259034522	0.0	56.60630398418851	0.0	0.0	0.0	0.0	0.0	0.0	0.0	0.0	0.0	0.0
GSM4138110_HNSCC_1_PBMC_AGCGGTCCATGCTGGC	259.79426914108257	153.76861332976438	0.0	102.60949062671865	222.6681704654545	50.50527661515601	42.445222755960806	2.894425591935756	0.0	0.0	0.0	0.0	0.0	11.244071824063347	0.0	0.0	0.0	0.0	0.0
GSM4138110_HNSCC_1_PBMC_AGGCCACTCAGCGATT	195.4793083597342	112.90567706636882	0.0	97.66247948343577	0.0	71.03596480143929	109.18355526447037	0.0	0.0	0.0	0.0	0.0	0.0	0.0	112.13872495801537	0.0	0.0	0.0	0.0
GSM4138110_HNSCC_1_PBMC_AGTAGTCCACAGTCGC	247.21771881115083	181.89312784357378	0.0	141.00515234755574	0.0	27.31678321011502	63.03166781923641	75.04781137947553	0.0	0.0	0.0	0.0	162.63175052310845	0.0	127.28042675073291	0.0	0.0	28.338501835202486	0.0
GSM4138110_HNSCC_1_PBMC_AGTGTCATCCCTAATT	145.5356210252499	98.2095934169381	0.0	138.77515545951275	84.28722592542586	0.0	61.694740784985925	56.71461088762516	0.0	0.0	0.0	0.0	0.0	57.68933024345938	0.0	0.0	0.0	0.0	0.0
GSM4138110_HNSCC_1_PBMC_ATCCACCGTGGTTTCA	3190.597754227584	0.0	0.0	0.0	0.0	0.0	0.0	0.0	0.0	0.0	0.0	0.0	0.0	0.0	0.0	0.0	0.0	0.0	0.0
GSM4138110_HNSCC_1_PBMC_ATCGAGTGTACTTAGC	219.67269831333945	154.69579714581926	0.0	130.1171519018957	166.56043482196938	77.39421950769207	197.76898747394284	0.0	0.0	0.0	0.0	0.0	0.0	0.0	0.0	0.0	0.0	0.0	0.0
GSM4138110_HNSCC_1_PBMC_CAACTAGTCTTGAGAC	227.18764709140015	93.26303578646043	0.0	97.68691660827638	134.3478760655776	0.0	44.80470581508046	34.323235302116764	0.0	0.0	0.0	0.0	0.0	83.40674444512105	0.0	0.0	0.0	0.0	0.0
GSM4138110_HNSCC_1_PBMC_CAAGGCCTCTAGCACA	118.36603340151545	78.25678791469082	35.175336361987334	37.70339098276222	92.82929533899336	0.0	0.0	40.79937044808503	4.6460522995909495	71.98272474402933	0.0	0.0	0.0	0.0	0.0	0.0	0.0	0.0	0.0
GSM4138110_HNSCC_1_PBMC_CACAAACAGGCTACGA	188.4164045718372	88.2580379435526	165.37036118478392	0.0	100.08944338652992	0.0	0.0	45.48947290974351	0.0	0.0	0.0	0.0	171.11481453952194	0.0	0.0	0.0	0.0	0.0	0.0
GSM4138110_HNSCC_1_PBMC_CACATTTTCATTGCGA	164.07922517112073	89.22270054755352	23.728309824194316	75.92406105579796	76.79089830967264	0.0	187.8073479203291	63.64195739246214	0.0	0.0	0.0	0.0	0.0	0.0	0.0	0.0	0.0	0.0	0.0
GSM4138110_HNSCC_1_PBMC_CAGAGAGTCAGTTAGC	267.1680719468319	189.37678512077926	0.0	176.381863406938	108.8577646934493	38.65586218221516	0.0	37.980806716710944	77.1778543859636	38.77307971706714	0.0	0.0	0.0	0.0	0.0	0.0	0.0	0.0	0.0
GSM4138110_HNSCC_1_PBMC_CAGCTGGGTCTCCACT	259.38337674332945	156.47139217320145	18.003743380777706	120.60480987703966	0.0	0.0	0.0	79.11675401220374	0.0	0.0	0.0	0.0	0.0	0.0	0.0	93.39848150772667	0.0	172.86906202193276	0.0
GSM4138110_HNSCC_1_PBMC_CAGCTGGGTGTTTGTG	133.31318680837288	131.6421082677307	136.5829033660579	0.0	61.62656351921959	0.0	0.0	30.481680726854243	0.0	0.0	34.037829854589475	0.0	91.41673740570776	0.0	0.0	0.0	0.0	0.0	0.0
GSM4138110_HNSCC_1_PBMC_CATATGGCAGGACGTA	244.1549808027737	143.34869436201262	19.289910529536048	93.80580001890195	214.40903274659368	0.0	0.0	0.0	113.3963022313088	0.0	0.0	0.0	0.0	0.0	0.0	11.579371900625333	0.0	0.0	0.0
GSM4138110_HNSCC_1_PBMC_CATATTCTCCACGTTC	177.95170365661014	111.38221072150178	101.62204282547222	0.0	141.8900889279463	40.647075246043464	101.44487947378857	0.0	0.0	0.0	0.0	0.0	0.0	0.0	0.0	0.0	0.0	0.0	0.0
GSM4138110_HNSCC_1_PBMC_CCAATCCCACGACTCG	122.90164964595354	70.74805761892131	70.3424551957739	25.782336713749167	0.0	41.725152085006115	0.0	11.610153749063688	0.0	97.08399492272424	0.0	56.737001891366695	0.0	0.0	0.0	0.0	0.0	0.0	0.0
GSM4138110_HNSCC_1_PBMC_CCTACCAGTCGGCTCA	324.355244443764	155.37955503600827	159.74186353005166	0.0	45.73563697495392	0.0	0.0	94.89622486770183	146.17329082589413	0.0	41.124750904847424	0.0	0.0	0.0	0.0	0.0	0.0	8.143222298502467	0.0
GSM4138110_HNSCC_1_PBMC_CGAACATCAAGTTAAG	267.21002759000976	156.71123028458143	0.0	149.51272958745798	0.0	98.6780822393171	128.04644155507344	0.0	0.0	0.0	144.879067398576	0.0	0.0	0.0	0.0	0.0	0.0	0.0	0.0
GSM4138110_HNSCC_1_PBMC_CGACCTTCATTACGAC	124.31812406296191	78.79504261434876	0.0	68.64701191768914	0.0	51.14211873681852	0.0	0.0	0.0	0.0	38.511953541617835	0.0	67.62226093480506	0.0	0.0	0.0	0.0	0.0	0.0
GSM4138110_HNSCC_1_PBMC_CGAGCACCATATACGC	269.71273813280726	191.0787877069904	175.43065135974325	0.0	199.60768244477072	50.95860038773755	0.0	0.0	0.0	0.0	0.0	0.0	48.6943147828405	150.44990664852978	0.0	0.0	0.0	0.0	0.0
GSM4138110_HNSCC_1_PBMC_CGATCGGCAACGATCT	164.27860079822568	103.53605945691187	0.0	141.01259641823935	111.23689409529172	19.149477393985098	0.0	30.37605305611283	158.13949575875392	0.0	0.0	0.0	0.0	0.0	0.0	0.0	0.0	0.0	0.0
GSM4138110_HNSCC_1_PBMC_CGATCGGGTTTGGGCC	252.8630992915942	100.99458549758934	5.694295983706992	86.15828623158312	129.30270155145962	0.0	112.35648286803948	24.722271699029648	0.0	0.0	0.0	0.0	50.07933368074721	0.0	0.0	0.0	0.0	0.0	0.0
GSM4138110_HNSCC_1_PBMC_CGCTATCCACCGAATT	288.8879256939226	213.4752509815813	0.0	190.95726502489592	0.0	0.0	0.0	14.833105070238965	0.0	124.96620800499139	170.56148117857666	0.0	0.0	0.0	0.0	0.0	0.0	0.0	34.87063203179643
GSM4138110_HNSCC_1_PBMC_CGGAGCTGTCGAACAG	234.04726707164252	151.47938421731007	0.0	205.39345683365198	108.99511662479512	75.23142935009358	179.92553671191635	0.0	0.0	0.0	0.0	0.0	0.0	0.0	0.0	0.0	0.0	0.0	0.0
GSM4138110_HNSCC_1_PBMC_CGTTCTGGTCTAAACC	202.6333182430932	157.23056661600899	0.0	135.43550849425048	101.57629192326256	67.835799600383	174.97138841670605	0.0	0.0	0.0	0.0	0.0	0.0	0.0	0.0	0.0	0.0	0.0	0.0
GSM4138110_HNSCC_1_PBMC_CGTTGGGGTGTGTGCC	128.75786541295383	103.39345486079715	0.0	108.15814843683064	94.22937591177312	32.99242510740032	0.0	0.0	0.0	77.5436804603597	0.0	0.0	0.0	0.0	0.0	0.0	0.0	0.0	0.0
GSM4138110_HNSCC_1_PBMC_CTAATGGCACACATGT	218.22466560612048	87.46809112472725	0.0	113.42467749855449	104.27548999093966	0.0	0.0	48.24542482287356	0.0	0.0	0.0	0.0	0.0	141.72669186905085	0.0	0.0	0.0	0.0	0.0
GSM4138110_HNSCC_1_PBMC_CTACCCAGTTACCGAT	183.6307839031249	193.91499996315008	34.67245003279801	136.0335376499356	122.20467894006832	0.0	0.0	47.1150942329706	0.0	0.0	0.0	0.0	28.94121254134281	0.0	0.0	0.0	0.0	153.08403954707546	0.0
GSM4138110_HNSCC_1_PBMC_CTAGAGTCATCGGACC	290.64466371309857	123.13198223379509	0.0	100.74421851742632	56.476242571636924	58.67081120984152	0.0	0.0	0.0	178.02750605618613	0.0	0.0	0.0	0.0	0.0	0.0	0.0	0.0	0.0
GSM4138110_HNSCC_1_PBMC_CTCTGGTGTGTTCGAT	246.89592302843187	99.43505975656493	0.0	77.27716256086464	62.048147763515814	0.7783204676741454	0.0	41.790798772667124	0.0	92.4208198518279	74.9458017360802	0.0	0.0	7.098947992506896	0.0	0.0	0.0	0.0	0.0
GSM4138110_HNSCC_1_PBMC_CTGATAGCATCAGTCA	170.11592884327374	114.17815497367457	47.0415575244252	26.081693357269586	70.57081225429032	0.0	89.89304328727319	60.50541329804145	10.117988476304362	0.0	0.0	0.0	4.655516152081952	40.88861156593522	0.0	0.0	0.0	0.0	0.0
GSM4138110_HNSCC_1_PBMC_CTGTTTACAATGTAAG	259.6819618781879	91.54822635605186	216.64141227785524	3.3567353929789983	116.76611478332727	58.05357079582818	0.0	0.0	0.0	0.0	0.0	0.0	168.83960484700063	0.0	0.0	0.0	0.0	0.0	0.0
GSM4138110_HNSCC_1_PBMC_GAACCTATCTCTGTCG	118.4850718841684	98.80115358483035	68.66316134081981	0.0	58.589842970957015	47.241485277038805	0.0	0.0	0.0	0.0	0.0	0.0	60.67368466430718	0.0	0.0	0.0	4.201745680087924	0.0	0.0
GSM4138110_HNSCC_1_PBMC_GATCGCGTCAGGCGAA	142.51843489577305	119.89832396864392	57.53212852785412	18.0722900520932	81.61525565223421	0.0	76.36982580486341	29.77344028136408	24.92410630393154	0.0	8.32621445792628	0.0	0.0	0.0	0.0	0.0	0.0	0.0	0.0
GSM4138110_HNSCC_1_PBMC_GATCTAGCATACAGCT	164.8259270161702	114.15084538635615	0.0	292.04791749541806	2.739302455779319	0.0	142.212510228545	93.33223158627136	0.0	0.0	0.0	80.33979534038683	0.0	0.0	0.0	0.0	0.0	0.0	0.0
GSM4138110_HNSCC_1_PBMC_GATGAAAGTAGAAGGA	190.21248141153262	66.91478486185919	9.710366264526058	66.27779295027936	65.30808543687164	8.22228632139846	58.21090141688016	0.0	0.0	0.0	0.0	0.0	0.0	0.0	0.0	0.0	0.0	0.0	0.0
GSM4138110_HNSCC_1_PBMC_GATGAAAGTCACCCAG	270.9395757873975	200.56888187855802	151.30985641327928	6.6304941228346355	0.0	0.0	0.0	40.75229592360396	0.0	211.89322429103083	96.25730765103545	0.0	0.0	0.0	0.0	0.0	0.0	0.0	0.0
GSM4138110_HNSCC_1_PBMC_GCATACACATCTGGTA	301.46846007601	175.45596806794362	0.0	278.6810527837539	172.74812480427767	120.9136977349389	210.577737369368	0.0	0.0	0.0	0.0	0.0	0.0	0.0	0.0	0.0	0.0	0.0	0.0
GSM4138110_HNSCC_1_PBMC_GCGAGAATCGCACTCT	233.1022437205234	123.81217858173203	204.07190734680495	18.456201593554727	130.1644987203516	75.439985371477	0.0	0.0	0.0	0.0	0.0	0.0	219.67752586416353	0.0	0.0	0.0	0.0	0.0	0.0
GSM4138110_HNSCC_1_PBMC_GCGCGATAGGAGCGTT	102.05172993517469	48.69764600537514	0.0	47.125517770966646	64.44072555401513	40.92789682142503	55.54858790187338	0.0	0.0	0.0	0.0	0.0	0.0	76.12923347608105	0.0	0.0	0.0	0.0	0.0
GSM4138110_HNSCC_1_PBMC_GCTCTGTTCAGTTTGG	187.3450455009281	77.43039944291358	0.0	83.89488969982328	68.92272833152144	32.163399317696005	0.0	0.0	103.38006560851352	0.0	0.0	0.0	0.0	0.0	0.0	0.0	0.0	0.0	0.0
GSM4138110_HNSCC_1_PBMC_GCTGCGAGTCTAGTCA	214.78172562860416	120.5022802342432	0.0	180.2311127937359	33.96578899837963	0.0	0.0	93.97413821048669	0.0	0.0	0.0	0.0	135.3602187349401	0.0	0.0	0.0	0.0	0.0	0.0
GSM4138110_HNSCC_1_PBMC_GGCTCGATCAGGCGAA	155.71273458027932	113.33580945948654	0.0	100.44015971633047	68.83820145048098	30.048341245415877	0.0	0.0	0.0	120.50976903639791	0.0	0.0	0.0	0.0	0.0	0.0	0.0	0.0	0.0
GSM4138110_HNSCC_1_PBMC_GGGAATGTCTTCCTTC	0.0	0.0	0.0	0.0	0.0	0.0	72.74884792822358	0.0	3153.7364488454705	0.0	0.0	0.0	145.77413716686067	51.71995037135037	0.0	0.0	0.0	0.0	0.0
GSM4138110_HNSCC_1_PBMC_GGGCACTTCGTAGGTT	249.2369046169193	124.93123462234055	0.0	106.29587867269551	9.914130735019986	60.71899200754044	0.0	0.0	18.75121069406634	0.0	0.0	0.0	77.13080851407653	0.0	53.75293787917613	0.0	0.0	60.99838601353313	0.0
GSM4138110_HNSCC_1_PBMC_GTAGGCCAGTACTTGC	185.9088274467074	112.29927353768429	100.27223970973716	50.02546005142757	92.16994032424653	21.3265195526156	137.94215005352854	3.8639346427363335	0.0	0.0	0.0	0.0	0.0	15.237154737380797	0.0	0.0	0.0	0.0	0.0
GSM4138110_HNSCC_1_PBMC_GTCACAATCTATCGCC	250.84857502794924	217.2121992479635	0.0	137.99738557755424	130.2714367606799	29.3507598484853	0.0	0.0	0.0	137.9617826019982	5.987778844585421	0.0	0.0	0.0	0.0	0.0	0.0	0.0	0.0
GSM4138110_HNSCC_1_PBMC_GTCTCGTAGTAGCGGT	190.47417728770316	110.66318228294274	95.4046833752466	0.0	99.33020170992677	41.35213609983562	0.0	0.0	49.13725172135676	43.92899777192658	0.0	0.0	0.0	0.0	0.0	0.0	0.0	0.0	0.0
GSM4138110_HNSCC_1_PBMC_GTGCAGCTCTGTCTAT	263.4207405418476	193.81989225020152	218.0344793263186	0.0	0.0	107.70604658740895	0.0	0.0	0.0	0.0	0.0	0.0	0.0	0.0	0.0	115.9716635624674	0.0	290.41668643936976	0.0
GSM4138110_HNSCC_1_PBMC_GTGCATAGTACGCTGC	219.9235639696959	147.15453452257495	0.0	102.29717888459807	12.943563862050661	64.66683715496411	0.0	3.161723771108637	0.0	0.0	39.95358388288741	0.0	0.0	136.2010301244844	18.317160383290354	0.0	0.0	0.0	0.0
GSM4138110_HNSCC_1_PBMC_GTGCTTCAGTACGATA	144.4102332051252	108.93437548825447	29.962200728439928	137.61674749997655	103.34279029334292	26.942153369196376	0.0	0.0	0.0	0.0	0.0	0.0	64.8359801673844	0.0	0.0	0.0	0.0	68.21605300620375	0.0
GSM4138110_HNSCC_1_PBMC_TACAGTGCAATGACCT	155.65936717143487	80.7127498257161	107.78607211266205	0.0	96.24559716934309	0.0	92.56911685395895	86.38118586214544	0.0	0.0	0.0	0.0	0.0	0.0	0.0	0.0	0.0	0.0	0.0
GSM4138110_HNSCC_1_PBMC_TACTCATAGATCACGG	323.73028808107705	136.06375975132727	0.0	116.40207176213677	96.7472663748719	88.05800358397788	55.649936438313105	0.0	0.0	0.0	0.0	0.0	118.27648178399784	0.0	0.0	0.0	0.0	0.0	0.0
GSM4138110_HNSCC_1_PBMC_TACTCGCGTAAGGATT	157.39111850993214	111.63144039581186	0.0	204.63875641532104	86.63377861976112	0.0	34.85504026428171	104.88731704865943	114.73533672109282	0.0	0.0	0.0	0.0	0.0	0.0	0.0	0.0	0.0	0.0
GSM4138110_HNSCC_1_PBMC_TACTTGTCAAGTTAAG	200.77825222729982	131.27524529749363	0.0	161.64987559630563	131.49849934996993	0.0	145.66975426268638	98.38929119226133	0.0	0.0	0.0	0.0	0.0	47.83164048987756	0.0	0.0	0.0	0.0	0.0
GSM4138110_HNSCC_1_PBMC_TATCTCAAGGTGTGGT	135.27019723408557	98.65790584407978	34.7693366008511	55.541831702607375	85.43451926173707	0.0	124.09557164760197	36.77865564121563	0.0	0.0	0.0	0.0	0.0	0.0	0.0	0.0	0.0	0.0	0.0
GSM4138110_HNSCC_1_PBMC_TCAGCTCCACCCATTC	307.54911268563455	292.946887882338	0.0	187.5452506405403	0.0	84.83588387607331	0.0	0.0	0.0	126.3704535421328	0.0	0.0	0.0	0.0	141.30687346993085	0.0	0.0	0.0	0.0
GSM4138110_HNSCC_1_PBMC_TCGCGTTCAGCTGCTG	165.65631694519817	87.72718413641142	137.93726431402615	0.0	52.418554468934545	0.0	0.0	44.08015896754536	0.0	0.0	0.0	0.0	116.39169417060009	0.0	0.0	0.0	0.0	0.0	9.120149659216573
GSM4138110_HNSCC_1_PBMC_TCGGGACAGCTAGTTC	254.49364718000297	120.63613266311768	0.0	151.09092064268322	84.08662070403503	56.9545310027128	0.0	0.0	0.0	148.6424374665103	0.0	0.0	0.0	0.0	0.0	0.0	0.0	0.0	0.0
GSM4138110_HNSCC_1_PBMC_TCTTCGGAGTCATCCA	169.50788864939807	104.12947076163688	0.0	148.97227654149418	110.90731615085954	57.50263348531327	0.0	0.0	0.0	0.0	0.0	0.0	150.15810663360875	0.0	0.0	0.0	0.0	0.0	0.0
GSM4138110_HNSCC_1_PBMC_TGAGAGGGTCCCTACT	282.4279219384137	65.71459771005475	101.72564626787205	0.0	292.714408800072	50.59788494652482	0.0	0.0	0.0	0.0	0.0	0.0	236.0790665880827	0.0	0.0	0.0	0.0	0.0	0.0
GSM4138110_HNSCC_1_PBMC_TGATTTCGTTAAAGTG	342.8596539501321	288.64331577193866	219.29315153303395	0.0	79.76344465599182	0.0	105.38578318909332	66.70818954571925	36.68162866069109	0.0	0.0	0.0	0.0	0.0	0.0	0.0	0.0	0.0	0.0
GSM4138110_HNSCC_1_PBMC_TGCCAAATCATGTCCC	259.66173030490734	113.779942520726	49.76910418585226	81.72001119736605	123.44650432412381	0.0	0.0	11.339196873061088	0.0	0.0	0.0	0.0	0.0	121.1393859484352	0.0	0.0	58.46364445117862	0.0	0.0
GSM4138110_HNSCC_1_PBMC_TGTATTCAGAATGTTG	292.1680228825213	91.94658232380273	223.99756330729258	0.0	0.0	0.0	0.0	51.46002105346971	0.0	98.49760451166308	134.3284991968254	0.0	0.674243857416975	0.0	0.0	0.0	0.0	0.0	34.21755246241546
GSM4138110_HNSCC_1_PBMC_TGTCCCAGTTCAGGCC	144.86569030605293	143.6877477750671	0.0	106.68354787435369	36.360808734984595	0.0	0.0	0.0	0.0	0.0	0.0	0.0	150.64547324510053	0.0	0.0	0.0	0.0	0.0	68.71781925789097
GSM4138110_HNSCC_1_PBMC_TTGCCGTCAATAGCGG	192.21006433809657	90.50829363540058	145.20891238425153	0.0	119.7962606284999	50.36761510188203	70.81248792407634	3.2736692558527127	0.0	0.0	0.0	0.0	113.43781968662297	0.0	0.0	0.0	0.0	0.0	0.0
GSM4138110_HNSCC_1_PBMC_TTTATGCAGACTGGGT	203.86743855450857	143.75816643107356	107.94062920250195	0.0	59.91523436184702	0.0	0.0	37.70689762473643	0.0	0.0	0.0	0.0	93.90455204416321	0.0	0.0	0.0	0.0	0.0	0.0
GSM4138110_HNSCC_1_PBMC_AACGTTGAGTTTAGGA	107.08174156568954	54.2980655020503	65.29003438394983	0.0	79.28307848035564	30.83376687319451	94.18065482063565	27.695417730712272	0.0	0.0	0.0	0.0	0.0	0.0	0.0	0.0	0.0	0.0	0.0
GSM4138110_HNSCC_1_PBMC_AAGGCAGCAATCACAC	84.42428240540838	10.3001983643788	0.0	166.64565798951185	53.132354773536136	0.0	0.0	22.997993320713114	0.0	73.59116956665285	0.0	0.0	0.0	0.0	0.0	0.0	20.688272114855263	0.0	0.0
GSM4138110_HNSCC_1_PBMC_ACTGATGTCAATAAGG	76.20274250256665	59.18512465637943	48.51607975797228	0.0	0.0	0.0	17.14510656847889	31.044271683707265	0.0	0.0	42.09505687773035	0.0	0.0	20.502772669597842	0.0	0.0	0.0	0.0	0.0
GSM4138110_HNSCC_1_PBMC_AGCAGCCAGGCCCTCA	113.35432983242931	60.47670047613451	43.29391080710756	0.0	0.0	0.0	0.0	0.0	45.48732890028553	15.459172912897419	0.0	98.31957684275676	0.0	0.0	0.0	0.0	81.35746089143456	0.0	0.0
GSM4138110_HNSCC_1_PBMC_CATATTCCATATGAGA	106.59585027000861	26.327403065071007	0.0	92.80347502487831	71.07575941294132	46.73343586794938	77.05690324663746	43.879348847995225	0.0	0.0	0.0	0.0	0.0	0.0	0.0	0.0	0.0	0.0	0.0
GSM4138110_HNSCC_1_PBMC_CCTCAGTCAACTGCGC	53.44239091483046	42.166520146526906	0.0	58.29526330125492	0.0	35.312973883632395	4.199430519191556	0.0	0.0	0.0	0.0	0.0	0.0	20.313226748850646	110.77436456924971	0.0	0.0	0.0	0.0
GSM4138110_HNSCC_1_PBMC_CGGTTAACACCTCGTT	50.16305617481884	97.26737944835472	33.80067552688635	0.0	0.0	28.50902913047911	48.16198820936768	0.0	0.0	0.0	0.0	20.91463124988393	0.0	0.0	0.0	16.84258869652855	0.0	0.0	0.0
GSM4138110_HNSCC_1_PBMC_CGTGTAATCTCCAGGG	49.02701806939389	45.20177810831285	57.560551229417094	0.0	47.17191653155552	19.87978695246193	0.0	0.0	0.0	22.751426031538823	0.0	0.0	0.0	4.943401554950464	0.0	0.0	0.0	0.0	0.0
GSM4138110_HNSCC_1_PBMC_CGTTGGGTCAGTGCAT	67.35889085295844	37.54056678014055	46.975028780945394	0.0	43.157606064588556	0.0	0.0	32.87488938940935	0.0	0.0	0.0	20.51967038714316	78.95098892041044	0.0	0.0	0.0	0.0	0.0	0.0
GSM4138110_HNSCC_1_PBMC_CTAGAGTAGCTATGCT	106.49981631880996	86.32108375583007	89.90533286424042	0.0	0.0	0.0	78.47242836127342	51.78894109470681	0.0	0.0	91.29613381500673	0.0	0.0	0.0	0.0	0.0	0.0	0.0	0.0
GSM4138110_HNSCC_1_PBMC_GCATACATCGTTACAG	77.00512382600422	44.008127722250855	0.0	52.82041653390904	0.0	39.93978387537915	0.0	1.0546929370914346	0.0	0.0	45.741346743694564	0.0	0.0	31.46597842342607	0.0	0.0	0.0	0.0	0.0
GSM4138110_HNSCC_1_PBMC_AAACGGGCAGTATCTG	57.337015861971025	33.60605818895499	45.60466918909611	0.0	0.0	150.81910651055637	22.582183271603437	0.0	0.0	0.0	0.0	15.212867361657736	0.0	29.638268942302155	9.050850402192294	0.0	0.0	0.0	0.0
GSM4138110_HNSCC_1_PBMC_AAAGATGTCTGATTCT	73.7013229066896	50.61154241972789	85.58605040285032	0.0	14.415457920676118	0.0	0.0	0.0	82.47832186888914	0.0	87.25030504281209	0.0	0.0	0.0	0.0	0.0	28.350690559305512	0.0	0.0
GSM4138110_HNSCC_1_PBMC_AAAGTAGGTAGCGCTC	124.14255779081893	40.14655550528271	35.96250570985842	0.0	0.0	0.0	80.24940265783644	0.0	0.0	0.0	0.0	29.883797721386927	0.0	0.0	0.0	0.0	0.0	0.0	33.7775771431905
GSM4138110_HNSCC_1_PBMC_AACTCAGGTGGTCTCG	69.30186425766321	34.58117645632964	0.0	62.77609711991583	70.69054212806972	0.0	0.0	56.98731363858032	0.0	33.50330737294435	0.0	0.0	0.0	0.0	0.0	0.0	0.0	0.0	0.0
GSM4138110_HNSCC_1_PBMC_AACTCCCTCCAATGGT	82.88543336549684	75.94914634847284	7.359991520673429	53.879222624714615	74.12795401464587	16.358130631195014	0.0	44.181722874028225	0.0	0.0	0.0	5.2639617424918645	0.0	79.74036636968988	24.344628830200175	0.0	0.0	0.0	0.0
GSM4138110_HNSCC_1_PBMC_AACTCTTAGTGGGTTG	92.09192656976212	43.355116775251055	0.0	74.76817976116283	0.0	49.28091242384309	63.92563313254604	0.0	0.0	0.0	0.0	0.3636795592731971	0.0	0.0	68.06737878283393	0.0	0.0	0.0	0.0
GSM4138110_HNSCC_1_PBMC_AACTCTTGTCACACGC	167.96506483611375	59.458953726188625	0.0	3.667863939208714	37.209144813140725	0.0	0.0	0.0	38.75438344734679	0.0	0.0	0.0	0.0	0.0	0.0	0.0	24.10671957860083	0.0	0.0
GSM4138110_HNSCC_1_PBMC_AACTTTCAGAAGGTTT	90.72886578989883	91.4132874326952	0.0	103.96433750349708	0.0	39.68475156790217	0.0	0.0	0.0	48.6822518573411	3.7213616801759053	0.0	0.0	0.0	46.10026327257507	0.0	0.0	0.0	0.0
GSM4138110_HNSCC_1_PBMC_AAGGAGCTCCTTTCGG	98.18207203938039	112.57574672640472	0.0	128.62081849244845	73.31321995746268	53.773290720814416	0.0	0.0	0.0	63.95927946087893	0.0	0.0	0.0	0.0	0.0	0.0	0.0	0.0	0.0
GSM4138110_HNSCC_1_PBMC_AATCCAGAGTGCTGCC	120.45695101370825	53.05073068337951	0.0	100.89349996099494	70.76789932496051	56.56225449972142	5.967899853670257	0.0	31.12891026009336	0.0	0.0	0.0	0.0	23.509400606907885	0.0	0.0	0.0	0.0	0.0
GSM4138110_HNSCC_1_PBMC_AATCGGTGTCTAGCCG	92.64045888136658	66.5443923752532	0.0	55.64482656928241	0.0	39.347191659234966	58.276206886607056	65.52913657574362	0.0	0.0	0.0	89.00417587040491	0.0	37.395792165485986	0.0	0.0	0.0	0.0	0.0
GSM4138110_HNSCC_1_PBMC_ACACCCTCATCTACGA	120.52251326084306	11.90670889468291	56.144593828686425	0.0	23.285066883814913	0.0	0.0	11.700984684747699	0.0	8.860379597718255	0.0	0.0	0.0	35.10885413090891	37.91715298728192	0.0	22.256086499470186	0.0	0.0
GSM4138110_HNSCC_1_PBMC_ACACCGGCACCATGTA	200.41285279742138	193.00396830835393	181.82385439685422	0.0	134.42870109841095	0.0	109.17057747527618	24.210747917173443	0.0	0.0	0.0	0.0	0.0	0.0	0.0	5.550957770501514	168.52139866053733	0.0	0.0
GSM4138110_HNSCC_1_PBMC_ACATCAGAGCGTTCCG	200.14687919862305	143.9069883979871	0.0	100.93661112915228	59.510377305549945	66.55043444815689	0.0	0.0	0.0	155.27594399321146	0.0	0.0	0.0	0.0	0.0	26.589096360683065	0.0	0.0	0.0
GSM4138110_HNSCC_1_PBMC_ACCCACTCAATGTAAG	56.48353686737258	17.627566475367626	0.0	50.47794275927385	48.796982424537376	0.0	0.0	12.470793167306816	0.0	0.0	0.0	0.0	0.0	50.95556866310595	0.0	0.0	0.0	0.0	0.0
GSM4138110_HNSCC_1_PBMC_ACCCACTGTAAGTGTA	83.13792211594307	75.6239474795721	41.18140515773741	0.0	0.0	0.0	76.43055788371129	55.606714479331664	0.0	0.0	44.911865873751125	0.0	0.0	0.0	0.0	0.0	0.0	0.0	0.0
GSM4138110_HNSCC_1_PBMC_ACCTTTATCATAACCG	107.82443474941682	88.8982879796918	43.373318622728654	25.12688450568667	30.194818180875178	0.0	0.0	0.0	0.0	107.46694926865055	48.37966301345652	0.0	0.0	0.0	0.0	0.0	53.37734042779601	0.0	0.0
GSM4138110_HNSCC_1_PBMC_ACGAGCCAGGTGTGGT	54.49264614694995	35.87357100217757	0.0	46.17789836983102	0.0	0.0	0.0	35.666132347899136	0.0	105.99002526921004	0.0	0.0	0.0	0.0	42.35786943098916	0.0	3.722144769906565	0.0	0.0
GSM4138110_HNSCC_1_PBMC_ACGATACCATATGAGA	97.17706684505909	46.60626058220105	28.375427550078616	0.0	0.0	0.0	0.0	26.809890702892183	0.0	39.32326765137419	0.0	55.56903286935589	0.0	0.0	0.0	0.0	0.0	0.0	0.0
GSM4138110_HNSCC_1_PBMC_ACGATACTCTGATTCT	95.13310741983652	24.88043352311876	34.32463421291139	0.0	64.84142052431748	0.0	0.0	53.608385588934844	0.0	54.45220722092437	0.0	0.0	0.0	0.0	0.0	0.0	0.0	0.0	5.14904868413342
GSM4138110_HNSCC_1_PBMC_ACGATGTCAGGCAGTA	101.02263545056131	36.109591966812204	29.239720499864074	10.918215903275739	0.0	33.775455830493186	0.0	0.0	51.99308242267861	0.0	0.0	73.4720127278347	0.0	0.0	0.0	0.0	0.0	0.0	0.0
GSM4138110_HNSCC_1_PBMC_ACGCAGCGTAGAGCTG	62.007353591734685	93.94578810301792	21.496183239042438	16.020261382576564	60.14092024562146	13.10119785990188	0.0	0.0	0.0	13.433830421221916	0.0	0.0	16.651985859223128	0.0	0.0	0.0	0.0	0.0	0.0
GSM4138110_HNSCC_1_PBMC_ACGCCGAAGGTAGCTG	72.24284089010523	37.88364224700059	0.0	103.53892817948035	0.0	35.745281242058034	0.0	0.0	0.0	0.0	0.0	0.0	0.0	23.820597635507283	21.83013129984188	0.0	0.0	0.0	0.0
GSM4138110_HNSCC_1_PBMC_ACGGGCTGTGATAAAC	71.49762328141384	73.60831517660503	44.43643544861881	0.0	0.0	0.0	0.0	30.408014312174696	0.0	103.16757086937625	68.47436698465282	0.0	0.0	0.0	0.0	0.0	0.0	0.0	0.0
GSM4138110_HNSCC_1_PBMC_ACGTCAACATCACGAT	91.36975169030518	86.73657923082831	39.01161853192714	0.0	23.91559292096409	23.524388459688623	0.0	10.93770599930756	0.0	12.01777555316055	0.0	0.0	4.286758680954754	0.0	0.0	0.0	0.0	0.0	0.0
GSM4138110_HNSCC_1_PBMC_ACTATCTAGGAATTAC	113.77269641298652	113.2359345228011	0.0	194.2566079382385	0.0	18.352007126791197	0.0	40.641957546155616	75.2027008643245	0.0	0.0	112.980663521377	0.0	0.0	0.0	15.991722935014504	0.0	0.0	0.0
GSM4138110_HNSCC_1_PBMC_ACTGATGTCGTTACGA	196.91408474799533	168.5260059883116	0.0	122.87020307394556	0.0	77.18127774750558	0.3629796577252726	0.0	0.0	0.0	0.0	0.0	0.0	0.0	0.0	71.84983361857854	0.0	39.139521151678856	0.0
GSM4138110_HNSCC_1_PBMC_ACTTACTAGATAGGAG	58.4741113375516	47.10661928422787	114.61945537461114	0.0	13.965697421954431	61.85250797401859	0.0	0.0	0.0	0.0	0.0	0.0	1.8588306057272022	0.0	0.0	29.839183964642068	0.0	55.727761608477294	0.0
GSM4138110_HNSCC_1_PBMC_ACTTGTTTCCACGACG	76.4306327425857	94.00835869618233	108.38122087397426	0.0	1.6225744819889178	0.0	0.0	42.56087098812096	0.0	79.55870239102994	15.59831980913043	0.0	0.0	0.0	20.908811323769932	0.0	0.0	0.0	0.0
GSM4138110_HNSCC_1_PBMC_ACTTTCATCGTCACGG	116.58980075178513	113.83915844470889	0.0	60.96263984493109	0.0	18.176586290673658	23.366936444784063	0.0	0.0	0.0	0.0	54.50424014172968	0.0	0.0	0.0	0.0	0.0	0.0	0.0
GSM4138110_HNSCC_1_PBMC_AGATTGCTCATGCTCC	102.92395100947158	76.8068184750675	7.929351248858289	63.81431725603533	7.951554014868672	0.0	0.0	39.66453969564916	0.0	0.0	0.0	122.40922925789165	62.15807715154251	0.0	0.0	0.0	2.886797982425975	0.0	0.0
GSM4138110_HNSCC_1_PBMC_AGATTGCTCCTAGAAC	148.98471877763086	50.850615626977664	0.0	28.914957062320138	0.0	0.0	0.0	0.0	0.0	21.97126747906333	0.0	0.0	0.0	0.0	0.0	127.44223681589881	0.0	0.0	0.0
GSM4138110_HNSCC_1_PBMC_AGCAGCCTCACTCTTA	92.66372576954683	35.06078622395163	0.0	58.13510793458298	0.0	41.93682014261485	0.0	0.0	0.0	0.0	0.0	49.41385195064936	0.0	0.0	0.0	0.07556469820663361	0.0	53.78596808478795	0.0
GSM4138110_HNSCC_1_PBMC_AGCCTAAAGCGTGAAC	241.06386599367445	81.47697088953073	96.45570071890606	0.0	38.55722783040731	47.30420444619574	12.026333683831632	0.0	50.87048839518176	0.0	50.83864631483084	0.0	0.0	0.0	4.478598566855554	0.0	0.0	17.863328521250757	0.0
GSM4138110_HNSCC_1_PBMC_AGCCTAAGTCTCATCC	45.627571812602994	52.49340590235329	17.316012915976877	0.0	0.0	3.047019780842667	0.0	2.784146601112789	0.0	0.0	0.0	0.0	102.61496816359856	0.0	17.702374497889096	0.0	0.0	0.0	15.348778626553928
GSM4138110_HNSCC_1_PBMC_AGCGTATAGCCAGTTT	95.86860554962153	33.164914130018865	60.30883947824938	0.0	0.0	45.45089730711222	30.825816798893893	0.0	0.0	0.0	0.0	92.88429368259928	0.0	0.0	9.494038553066058	0.0	0.0	31.491251915083318	0.0
GSM4138110_HNSCC_1_PBMC_AGCGTCGAGCGCTCCA	74.41678837496592	52.40540031073316	77.16284588005381	0.0	0.0	0.0	32.86546533486241	43.86062965047774	0.0	0.0	52.097082794401345	0.0	0.0	0.0	0.0	0.0	0.0	0.0	0.0
GSM4138110_HNSCC_1_PBMC_AGCTCCTGTATCACCA	159.52468053206402	106.92622128646134	33.89289937166093	89.20489624590971	62.955601446823934	0.0	0.0	50.17379224796024	90.81034968025737	0.0	0.0	92.37003477877026	0.0	0.0	0.0	0.0	0.0	0.0	0.0
GSM4138110_HNSCC_1_PBMC_AGCTCTCAGTCGTTTG	143.34590090898402	109.6680925307179	85.14314162269181	0.0	41.62601701110557	0.0	17.499113053757966	49.08420891840619	0.0	0.0	0.0	0.0	0.0	0.0	0.0	23.959341791553793	0.0	78.26670151055856	0.0
GSM4138110_HNSCC_1_PBMC_AGCTTGAAGACTGGGT	117.2303385384786	78.96136538645939	41.97990460540144	0.0	0.0	0.0	0.0	38.60467439160022	0.0	0.0	0.0	66.70493880977868	0.0	63.92413313117003	0.0	0.0	0.0	0.0	0.0
GSM4138110_HNSCC_1_PBMC_AGGCCGTAGACTACAA	136.50637100119366	62.73268888075053	39.58416038200739	34.347248708589134	66.69737313474127	57.11255946018239	87.57380836806847	0.0	0.0	0.0	0.0	0.0	0.0	0.0	0.0	0.0	0.0	0.0	0.0
GSM4138110_HNSCC_1_PBMC_AGGGATGAGACCCACC	64.72414800308843	58.37511260349065	61.614206774904154	0.0	0.0	41.0886747109314	51.1753354814353	0.0	0.0	0.0	0.0	75.93145093304256	0.0	0.0	0.0	0.0	0.0	0.0	0.0
GSM4138110_HNSCC_1_PBMC_AGGGATGCATGTTCCC	96.19783775284233	76.99882321961512	93.99921509000929	0.0	0.0	0.0	80.71209745656608	9.44142947039353	0.0	0.0	0.0	88.55364696331824	0.0	0.0	0.0	0.0	36.836708392594545	0.0	0.0
GSM4138110_HNSCC_1_PBMC_AGTAGTCGTCAATGTC	72.2508340732337	78.21093091528498	0.0	43.83507640061846	57.056546808020705	20.218167449047264	0.0	27.09062252298158	0.0	0.0	0.0	0.0	0.0	44.34604473738097	0.0	0.0	0.0	0.0	0.0
GSM4138110_HNSCC_1_PBMC_AGTAGTCGTCCGAAGA	107.49627890207108	41.54757162184438	0.0	90.17341687349585	77.77481245201524	30.108536390410578	0.0	0.0	61.15762323167856	4.546338261891822	0.0	0.0	0.0	0.0	0.0	0.0	0.0	0.0	0.0
GSM4138110_HNSCC_1_PBMC_AGTGGGAAGGAGCGAG	144.42091458057837	81.66871112601488	0.0	109.54893682680115	103.05694054217156	85.51194739535683	26.06689522516351	35.19184498037212	0.0	0.0	0.0	0.0	0.0	86.40517472395449	0.0	0.0	0.0	0.0	0.0
GSM4138110_HNSCC_1_PBMC_AGTGTCAGTACCGGCT	96.10457015628398	49.03102282536373	0.0	68.71038759692475	0.0	0.0	0.0	5.637127701426541	24.444762374000636	0.0	0.0	0.0	0.0	0.0	0.0	159.9040902451346	0.0	97.44987562412699	0.0
GSM4138110_HNSCC_1_PBMC_ATAAGAGAGCTGATAA	47.23294443608077	36.10059770241609	36.144110650921334	0.0	0.0	0.0	0.0	0.0	15.720872301617016	2.847528206755659	0.0	86.40959099695687	0.0	0.0	0.0	0.0	0.0	0.0	27.615738500123516
GSM4138110_HNSCC_1_PBMC_ATCACGAGTCAAACTC	66.29876593311901	74.85131324567813	0.0	82.17313791942033	0.0	0.0	0.0	12.785035137054988	63.76621169635594	0.0	44.36887855671364	0.0	0.0	0.0	0.0	0.0	0.0	0.0	0.0
GSM4138110_HNSCC_1_PBMC_ATCATCTTCTGTGCAA	75.13833760945323	66.37847392556023	10.983122036520088	36.40262369360925	0.0	25.251382545551866	0.0	27.969583794220565	0.0	41.617690031159384	0.0	0.0	0.0	0.0	48.18035659340952	0.0	0.0	0.0	0.0
GSM4138110_HNSCC_1_PBMC_ATCATGGGTCACTGGC	157.75362502587544	50.993481468955814	98.34044070411632	0.0	0.0	56.71641968976075	0.0	0.0	89.05939938438847	0.0	0.0	0.0	0.0	0.0	65.45322384179111	0.0	0.0	0.0	0.0
GSM4138110_HNSCC_1_PBMC_ATCTGCCCATACGCCG	86.32858117510388	29.933745233813067	74.4800954889792	0.0	67.47098311930323	0.0	0.0	31.28650570839104	0.0	0.0	0.0	0.0	0.0	0.0	0.0	0.0	0.0	43.24300988915853	35.93179608089857
GSM4138110_HNSCC_1_PBMC_ATGAGGGAGTGTACGG	92.24371677419911	87.65958546262299	0.0	74.31274796748757	0.0	52.40121509666178	93.28375857594773	0.0	0.0	0.0	28.70013442944952	0.0	0.0	0.0	0.0	21.327006179622337	0.0	7.042756462744938	0.0
GSM4138110_HNSCC_1_PBMC_ATGGGAGAGACCCACC	196.2770398364245	158.6411573733477	0.0	127.72396281565531	83.17935367757553	135.2705502129163	24.331891840090655	0.0	6.874192316995073	0.0	0.0	0.0	46.06475586997662	68.57709872864325	0.0	0.0	0.0	0.0	0.0
GSM4138110_HNSCC_1_PBMC_ATGTGTGTCCAGTAGT	62.217072109760274	18.408375270304596	48.24594978929339	4.662451642803412	0.0	0.0	76.18584319306763	28.615241301034516	0.0	0.0	56.68697546347849	0.0	0.0	0.0	0.0	0.0	0.0	0.0	0.0
GSM4138110_HNSCC_1_PBMC_ATTATCCAGCGCCTTG	98.49128818460802	79.23673910040021	95.14081331564259	0.0	0.0	0.0	0.0	44.153188702868725	76.43236553117455	0.0	0.0	60.66246229353747	0.0	0.0	0.0	13.062147503235025	29.994949390111113	0.0	0.0
GSM4138110_HNSCC_1_PBMC_ATTCTACAGATGTCGG	88.9569926435516	84.08733051319034	76.52020071918257	0.0	0.0	15.539451833136804	48.38352754919376	34.877856144358184	0.0	0.0	57.21092069588492	0.0	4.073113954897556	0.0	0.0	0.0	0.0	14.11056378196575	0.0
GSM4138110_HNSCC_1_PBMC_ATTGGACAGAAGGCCT	45.355913051568194	33.74580127594218	0.0	60.31147397009206	0.0	0.0	42.952202149976905	48.59350102491672	0.0	0.0	28.41509151984039	0.0	0.0	0.0	9.71460295173386	0.0	0.0	0.0	0.0
GSM4138110_HNSCC_1_PBMC_ATTGGTGCACAGGAGT	120.65015213648194	44.594424328169346	0.0	103.60652757228199	0.0	0.0	0.0	35.29311267923356	86.43625708459746	0.0	0.0	43.975229759182625	0.0	0.0	0.0	2.0428001233626514	0.0	0.0	0.0
GSM4138110_HNSCC_1_PBMC_CAACCTCTCTAAGCCA	115.74864279753666	52.793899766563364	0.0	69.99857353375535	28.907363659342284	0.0	28.45833842054349	23.67362056731398	0.0	0.0	0.0	0.0	0.0	0.0	0.0	0.0	27.332794603881688	0.0	0.0
GSM4138110_HNSCC_1_PBMC_CAACTAGGTGTCCTCT	108.88172402211084	60.938177835497164	73.98953304834336	0.0	0.0	0.0	4.176451580363503	13.009570325072893	54.11258244764626	0.0	45.06519260883773	0.0	0.0	0.0	0.0	0.0	44.19114342175582	0.0	0.0
GSM4138110_HNSCC_1_PBMC_CAACTAGTCAAGATCC	40.13591240153909	66.37718371603546	14.683209511469448	0.0	0.0	0.0	0.0	32.1701975916429	82.05644536884651	0.0	65.98816946365561	0.0	0.0	0.0	0.0	0.0	0.0	0.0	0.0
GSM4138110_HNSCC_1_PBMC_CAAGAAATCACAAACC	44.919462119282656	119.86343895127533	43.60615867216168	0.0	0.0	31.146156555860617	0.0	0.0	36.413014014220984	0.0	0.0	0.0	0.0	0.0	0.0	31.795197520026868	0.0	0.0	0.0
GSM4138110_HNSCC_1_PBMC_CAAGTTGCATGTTCCC	141.32951447908087	120.83216608864974	123.94409607187514	0.0	16.600646097862015	0.0	92.66930974874522	66.18320809189281	0.0	0.0	3.2452534998839235	63.532307897453094	0.0	0.0	0.0	0.0	5.292599677898202	0.0	0.0
GSM4138110_HNSCC_1_PBMC_CACACTCTCAAGATCC	110.8511644102796	47.67374620695576	0.0	103.86568075064093	0.0	76.22991531249886	0.0	0.0	0.0	91.81842198718132	0.0	0.0	0.0	0.0	61.088571728114886	0.0	0.0	0.0	0.0
GSM4138110_HNSCC_1_PBMC_CACAGGCTCCGCGTTT	74.10949116374987	34.31633751007272	0.0	60.625919712294305	0.0	32.54372720392705	0.0	23.47591499323467	96.37269805921602	0.0	0.0	0.0	0.0	0.0	84.31197585561858	0.0	0.0	0.0	0.0
GSM4138110_HNSCC_1_PBMC_CACAGTAAGTTACCCA	66.23860044794712	80.98311743911032	46.358459925515504	0.0	88.62010102817293	43.904821732417254	0.0	0.0	19.42383929372203	22.25101616324604	0.0	0.0	59.588751474371115	0.0	0.0	0.0	0.0	0.0	0.0
GSM4138110_HNSCC_1_PBMC_CACATTTAGTAGCGGT	102.26038834182496	58.58277320773946	38.99470574516333	0.0	0.0	34.38857116760859	43.907718977263244	0.0	10.926872562439117	0.0	0.0	74.76784311564653	0.0	0.0	0.0	0.0	0.0	0.0	0.0
GSM4138110_HNSCC_1_PBMC_CACCACTTCCGCGGTA	52.82319305756047	75.81183136571862	22.867219666614005	99.39329125000802	0.0	17.5081879036953	0.0	0.0	0.0	34.62859817713398	0.0	29.662571256300144	0.0	0.0	0.0	0.0	0.0	0.0	0.0
GSM4138110_HNSCC_1_PBMC_CAGAGAGAGCCACTAT	70.38970268493195	42.50578340161307	0.0	35.86055736115943	0.0	82.0965605115283	0.0	0.0	0.0	64.23616453349861	0.0	33.24702986883738	0.0	0.0	12.248181606190062	2.6376621890468575	0.0	0.0	0.0
GSM4138110_HNSCC_1_PBMC_CAGCAGCGTGCAGTAG	53.845723629968454	15.041052064018965	31.77546158084358	40.102910300293495	0.0	14.88559146898836	0.0	0.0	29.219689124080634	0.0	0.0	0.0	0.0	0.0	37.041146003007114	0.0	0.0	0.0	0.0
GSM4138110_HNSCC_1_PBMC_CAGCATAAGTACTTGC	71.69094699523201	55.447397825244266	0.0	67.03823813672962	13.201076571857662	0.0	0.0	78.68935685793689	0.0	0.0	0.0	0.0	0.0	0.0	0.0	0.0	0.0	71.33491937253008	0.0
GSM4138110_HNSCC_1_PBMC_CAGCATATCAGAGGTG	116.69884824203056	71.57097346684607	138.83662826887823	0.0	104.97709917983521	20.30809655785954	0.0	57.04827202935912	0.0	0.0	0.0	0.0	101.91242466848682	0.0	0.0	0.0	0.0	0.0	0.0
GSM4138110_HNSCC_1_PBMC_CAGCTAAGTTCCACGG	74.20069196623949	127.74912335807237	0.0	60.86485094837867	0.0	0.0	0.0	32.861022748549715	0.0	0.0	54.37840372117536	0.0	69.28672497241313	6.523356300628998	0.0	0.0	0.0	0.0	0.0
GSM4138110_HNSCC_1_PBMC_CATCGAAGTACTTCTT	169.83908083464033	119.2109293219171	47.62676430626758	0.0	0.0	0.0	0.0	32.686886692248834	0.0	41.23644714334823	97.34468220796708	0.0	0.0	0.0	0.0	0.0	0.0	0.0	0.0
GSM4138110_HNSCC_1_PBMC_CATCGGGAGAGCTTCT	74.96232670105745	47.589096461537686	0.0	31.962215997631443	0.0	0.0	0.0	14.76308980618379	0.0	0.0	0.0	0.0	19.536454437934285	0.0	0.0	13.804215921796747	0.0	0.0	0.0
GSM4138110_HNSCC_1_PBMC_CATTATCTCGATCCCT	121.80286726247958	71.30071044804637	115.35851120954479	0.0	0.0	0.0	0.0	55.048188989232514	0.0	10.709771955087797	0.0	119.18402963453428	47.18378884493275	0.0	0.0	0.0	0.0	0.0	0.0
GSM4138110_HNSCC_1_PBMC_CATTCGCAGTGAAGAG	138.13664450902507	86.10658815038134	74.59138091201683	56.25179821391265	0.0	58.07637493079203	0.0	13.016772101142955	29.250860637642898	44.615016766894755	0.0	0.0	21.16254121943688	0.0	140.80703508081788	0.0	0.0	0.0	0.0
GSM4138110_HNSCC_1_PBMC_CCACGGACAGATGGGT	105.23540683983632	123.54426809008427	23.03415254491302	105.0331861555909	135.8314726336223	43.667083650035714	93.38347952234454	0.0	0.0	0.0	0.0	0.0	0.0	0.0	0.0	0.0	0.0	0.0	0.0
GSM4138110_HNSCC_1_PBMC_CCACTACAGGTTCCTA	49.306869914264205	56.64359961274184	72.54989174423983	4.6202082669783815	74.35130762924044	57.50238025857201	0.0	0.0	0.0	16.588528592770928	0.0	0.0	0.0	45.178490772534374	3.5737122423063066	0.0	0.0	0.0	0.0
GSM4138110_HNSCC_1_PBMC_CCCAGTTAGGCACATG	61.720625736895734	38.61141611025167	27.79019993672605	54.4411948326193	34.28878961602653	53.44984773831017	0.0	0.0	0.0	52.98275660845006	0.0	0.0	0.0	0.0	0.0	0.0	0.0	0.0	0.0
GSM4138110_HNSCC_1_PBMC_CCCTCCTGTACAGCAG	92.98614301623549	45.26084552080654	32.86768936348575	0.0	36.98502811123408	61.69051288066873	0.0	0.0	0.0	55.341743327558866	0.0	0.0	0.0	0.0	0.0	0.0	0.0	0.0	0.0
GSM4138110_HNSCC_1_PBMC_CCCTCCTTCCATGAAC	62.20553052710539	76.93844997782114	0.0	46.71559752014885	39.64821619014721	0.0	0.0	25.66895737970061	0.0	0.0	0.0	0.0	0.0	55.24263481490776	0.0	0.0	0.0	0.0	0.0
GSM4138110_HNSCC_1_PBMC_CCGTACTGTTCCAACA	107.65688084356289	121.94548177379068	0.0	91.80516378456316	0.0	84.85740997516875	0.0	0.6151512739472883	0.0	62.31215844274933	0.0	0.0	0.0	0.0	88.22697375619184	0.0	0.0	0.0	0.0
GSM4138110_HNSCC_1_PBMC_CCGTACTTCCGATATG	50.52169579089198	43.27031253658491	38.85844044315175	0.0	0.0	0.0	0.0	41.64378191309932	40.3735072228348	0.0	30.95174362241817	0.0	0.0	0.0	0.0	0.0	0.0	0.0	0.0
GSM4138110_HNSCC_1_PBMC_CCGTGGAAGGAGTACC	97.55801306505957	35.29204080965116	51.093826994378425	0.0	0.0	10.047393259841773	0.0	34.122554208259054	20.170074033025024	0.0	0.0	0.0	0.0	0.0	0.0	56.64569079963204	0.0	33.29943545649512	0.0
GSM4138110_HNSCC_1_PBMC_CCTAAAGAGCGCCTCA	127.55818698908266	101.00360389654485	0.0	171.0166773982952	0.0	0.0	104.93787063493824	168.4361206019534	0.0	0.0	85.32432122394094	0.0	0.0	0.0	0.0	0.0	0.0	0.0	0.0
GSM4138110_HNSCC_1_PBMC_CCTACACCACAGGCCT	71.2612807181195	84.3192735327768	13.091241713562379	95.10155964612689	0.0	0.0	0.0	33.0410166878816	67.70024983784364	0.0	70.21343204388677	0.0	0.0	0.0	0.0	0.0	0.0	0.0	0.0
GSM4138110_HNSCC_1_PBMC_CCTATTACACAAGACG	160.65749127341195	103.51303205669537	95.24191961140122	10.955916302601684	0.0	0.0	0.0	61.440257163187624	124.93955511001525	0.0	99.0175725602407	0.0	0.0	0.0	0.0	0.0	0.0	0.0	0.0
GSM4138110_HNSCC_1_PBMC_CCTTACGAGAATAGGG	71.94528212525178	32.46353477960755	0.0	46.93004160606744	12.764335105098077	0.0	0.0	38.33166001491953	0.0	125.95759298277636	0.0	0.0	0.0	0.0	72.26850806303965	0.0	7.758128573669621	0.0	0.0
GSM4138110_HNSCC_1_PBMC_CGAACATGTCCAGTAT	84.8825580571753	30.810481021372844	47.341955440268464	0.0	2.71414175807034	0.0	49.30158158271945	21.14859403366546	0.0	0.0	41.79692077490367	0.0	0.0	0.0	0.0	0.0	23.386910539367307	0.0	0.0
GSM4138110_HNSCC_1_PBMC_CGATCGGCAACACCCG	62.237975962445304	20.754637473248682	13.065785378052002	33.16964555085666	2.3619447897767647	12.579965486554434	0.0	0.0	0.0	0.0	0.0	0.0	0.0	38.03609066955577	33.036564100761446	0.0	0.0	0.0	0.0
GSM4138110_HNSCC_1_PBMC_CGATGTATCCTTTCGG	90.83027140671476	32.07328245640256	12.497642063789735	50.61892052390327	21.170775787638547	20.220570703993385	7.795453488030233	24.686337224283704	0.0	0.0	0.0	31.21056479405238	0.0	42.22567759161135	0.0	0.0	0.0	0.0	0.0
GSM4138110_HNSCC_1_PBMC_CGCGGTAAGACACGAC	33.62889465693712	12.602853511156749	0.0	90.17601946641356	0.0	28.242660274195718	0.0	0.0	59.30817267677641	0.0	0.0	0.0	0.0	0.0	5.4929938937236065	0.0	0.0	0.0	0.0
GSM4138110_HNSCC_1_PBMC_CGCGGTATCAGTCCCT	69.63944350870412	105.5563816979607	0.0	36.69230348857121	0.0	32.43479122205872	0.0	1.703357585466698	0.0	0.0	0.0	42.57266880183272	0.0	46.99896528268456	0.0	0.0	0.0	0.0	0.0
GSM4138110_HNSCC_1_PBMC_CGCTATCAGGTAGCCA	101.50784648423452	104.17230047223073	0.0	64.84903883738195	92.05669543584257	0.0	0.0	0.0	113.16320518316843	10.510889858587143	0.0	0.0	0.0	0.0	0.0	0.0	80.95652176372978	0.0	0.0
GSM4138110_HNSCC_1_PBMC_CGCTTCACAGTACACT	109.09150963102526	71.49529491684768	0.0	66.33818449529281	5.154442414836083	0.0	0.0	61.43538581193933	0.0	0.0	79.09659149222738	0.0	57.34320815667858	0.0	0.0	0.0	0.0	0.0	0.0
GSM4138110_HNSCC_1_PBMC_CGGAGCTCAGACGCAA	61.28766874402538	61.26730395200188	0.0	73.41577261836945	0.0	19.799873014959104	0.0	1.1675894757165979	40.711747045723286	0.0	0.0	0.0	0.0	0.0	52.5631424976557	0.0	0.0	0.0	0.0
GSM4138110_HNSCC_1_PBMC_CGGAGCTTCGCCTGAG	117.5120945182709	102.72120019202491	93.64948351898076	0.0	0.0	37.36981601312614	97.04679754767486	29.711060920914285	0.0	0.0	70.42375238767706	0.0	0.0	0.0	0.0	0.0	0.0	0.0	0.0
GSM4138110_HNSCC_1_PBMC_CGGCTAGTCACATAGC	146.6183889489294	80.12758051860433	143.29932985635207	0.0	24.534037295393535	0.0	0.0	100.04832628507317	0.0	93.2721274490477	0.0	0.0	1.7837834309110727	0.0	48.32044499542983	0.0	0.0	0.0	0.0
GSM4138110_HNSCC_1_PBMC_CGGCTAGTCAGAGACG	57.211478001763396	36.0093636063325	112.5770447967019	6.277108523034161	45.58198921035795	22.59102576460172	0.0	0.0	29.354940111133573	17.828930882763792	0.0	0.0	0.0	0.0	0.0	14.099120566748134	0.0	0.0	0.0
GSM4138110_HNSCC_1_PBMC_CGGCTAGTCCTAAGTG	186.33348299875738	81.48358695286315	34.19055254301172	0.0	0.0	31.929171728447113	92.8936938441377	0.0	0.0	0.0	0.0	0.0	0.0	0.0	62.491280332571286	0.0	0.0	0.0	0.0
GSM4138110_HNSCC_1_PBMC_CGTAGCGAGAAGGGTA	86.94435005486592	99.5099337758508	74.94587641188458	0.0	0.0	0.0	0.0	42.717194328543435	0.0	0.0	34.663376045634294	0.0	125.66176948379662	0.0	0.0	0.0	0.0	0.0	0.0
GSM4138110_HNSCC_1_PBMC_CGTAGGCGTGGTAACG	57.22375071561208	98.83510632637685	46.85637998121015	0.0	14.982752810668018	0.0	0.0	0.0	5.6177312852473795	0.0	0.0	0.0	0.0	0.0	0.0	0.0	0.0	76.47813015886379	33.00182968562131
GSM4138110_HNSCC_1_PBMC_CGTCACTTCAAACCGT	95.96152575263561	114.66647933018737	55.050612373598895	0.0	48.655960342389704	49.551503646721294	0.0	0.0	0.0	68.58501843265267	0.0	0.0	0.0	0.0	0.0	0.0	0.0	0.0	0.0
GSM4138110_HNSCC_1_PBMC_CGTCCATAGCAGCGTA	47.6141021132866	9.722700963550434	25.980190672610036	18.102502645622717	9.018312553311553	60.705923908072194	0.0	0.0	0.0	63.74980951789487	6.375047383516407	0.0	0.0	0.0	0.0	0.0	0.0	0.0	0.0
GSM4138110_HNSCC_1_PBMC_CGTGTAAAGGTGTGGT	91.64168883127523	106.97896127127524	71.31672739829608	0.0	0.0	70.26948183936366	62.70665417691603	0.0	0.0	0.0	0.0	71.88297689154865	0.0	0.0	0.43447256893306485	0.0	0.0	0.0	0.0
GSM4138110_HNSCC_1_PBMC_CGTTGGGCAGGCGATA	99.93890761327494	39.31944026818161	71.94114626379198	0.0	45.78111409530064	0.0	0.0	4.46107863951198	0.0	13.437498338312027	6.852761368093165	0.0	28.866867986664516	0.0	0.0	0.0	42.201103628671476	0.0	0.0
GSM4138110_HNSCC_1_PBMC_CTACACCGTAGCTTGT	46.37041871449861	60.662171903319425	50.59730464531191	0.0	44.64194106137297	0.0	83.78316661886589	27.737894448774902	0.0	0.0	0.0	0.0	0.0	0.0	0.0	0.0	12.424901622964212	0.0	0.0
GSM4138110_HNSCC_1_PBMC_CTACGTCAGTGGGATC	95.67110363263824	86.21338863849648	6.128737154374436	96.37093246748573	0.0	0.0	21.772064056677532	76.96257424420648	3.1538576846618938	0.0	14.916283696883765	0.0	0.0	0.0	0.0	0.0	0.0	0.0	0.0
GSM4138110_HNSCC_1_PBMC_CTACGTCTCCACGAAT	38.389066723827405	33.136586614529854	0.0	45.77256781748849	0.0	0.0	0.0	0.0	0.0	41.87768665980544	26.941523196654142	0.0	19.743377532442942	0.0	0.0	0.0	0.0	0.0	50.59485959719769
GSM4138110_HNSCC_1_PBMC_CTAGCCTAGCCAACAG	69.55132040876784	70.74997848706444	67.46949301372094	26.343100866594703	62.61856169044797	34.857621127129114	0.0	0.0	0.0	38.615694164447106	0.0	0.0	1.2511426728311243	0.0	0.0	0.0	0.0	0.0	0.0
GSM4138110_HNSCC_1_PBMC_CTCAGAATCGAATGGG	90.94664930793557	81.06700999821295	73.26082529683522	0.0	0.0	0.0	99.67245908892303	58.85532268114906	0.0	0.0	85.76526928498087	0.0	0.0	0.0	0.0	0.0	0.0	0.0	0.0
GSM4138110_HNSCC_1_PBMC_CTCCTAGCAAGTCTGT	133.39762255892953	103.10477743571639	0.0	54.11884942979601	0.0	0.0	0.0	48.82029007250102	0.0	0.0	0.0	71.04935848486937	44.32989449501221	0.0	0.0	0.0	0.0	0.0	0.0
GSM4138110_HNSCC_1_PBMC_CTCGGAGAGCAGGTCA	104.0862787661704	92.13722043269975	98.38111709176	0.0	0.0	0.0	45.59120590768231	65.47297395338593	0.0	0.0	0.0	37.20730652173311	0.0	21.415026538271714	0.0	0.0	0.0	0.0	0.0
GSM4138110_HNSCC_1_PBMC_CTCGTACTCAGCAACT	77.86764721776525	101.25347202261237	145.92551943066252	0.0	0.0	31.59635246491339	89.71213263007031	0.0	0.0	0.0	122.52377750635871	0.0	0.0	0.0	0.0	0.0	0.0	0.0	0.0
GSM4138110_HNSCC_1_PBMC_CTCGTCAAGCTCTCGG	143.56702226114888	99.94041518276322	0.0	187.6776905465627	21.926547765585713	75.30956435211787	90.72421340115778	0.0	66.74576397898682	0.0	0.0	0.0	0.0	0.0	0.0	0.0	0.0	0.0	0.0
GSM4138110_HNSCC_1_PBMC_CTCTACGCAGATCGGA	30.671961929209534	49.52835718852842	40.16264007950496	0.0	0.0	43.53373670262041	25.454556838894035	0.0	0.0	0.0	34.967348678898645	0.0	0.0	0.0	0.0	0.0	0.0	0.0	0.0
GSM4138110_HNSCC_1_PBMC_CTCTGGTAGACAGGCT	33.602284645472324	58.020009954838	29.204740433972383	0.0	59.57746499221392	37.014106278843535	0.0	0.0	44.34008282462587	33.49317901577962	0.0	0.0	0.0	0.0	0.0	0.0	0.0	0.0	0.0
GSM4138110_HNSCC_1_PBMC_CTCTGGTCACAGCCCA	133.81922816574584	71.3252287136078	59.74818702231109	28.505594433352442	43.740701295757354	52.19043726710981	0.0	0.0	0.0	13.37846496700592	0.0	0.0	94.31817027009315	0.0	0.0	0.0	0.0	0.0	0.0
GSM4138110_HNSCC_1_PBMC_CTGAAACCAGCCTTGG	60.46479883201609	153.45185880256608	0.0	70.73663149783489	45.78285950145642	1.9315053860242346	0.0	0.0	16.929359628616503	10.775349111530526	0.0	0.0	23.815096898152163	0.0	0.0	0.0	0.0	0.0	0.0
GSM4138110_HNSCC_1_PBMC_CTGAAACCAGTATGCT	78.33535879256864	40.4216952557958	39.192224624959664	0.0	88.69091913343568	28.193797772046416	0.0	25.478816837002924	88.8227194704046	0.0	0.0	0.0	0.0	0.0	0.0	0.0	0.0	0.0	0.0
GSM4138110_HNSCC_1_PBMC_CTGAAGTCAGCTGCTG	112.86459135102702	41.43282279119659	0.0	41.307276061969674	69.1382227255707	15.041381433098417	0.0	21.723409196635146	0.0	0.0	0.0	0.0	0.0	65.63705155902895	0.0	0.0	0.0	0.0	0.0
GSM4138110_HNSCC_1_PBMC_CTGAAGTGTTCTCATT	80.25301672491916	30.640466534850454	58.814683652277374	0.0	0.0	140.34428745062897	13.645006560304394	1.270345783132734	0.0	0.0	0.0	0.0	0.0	13.145151500420624	0.0	19.25507379926612	0.0	0.0	0.0
GSM4138110_HNSCC_1_PBMC_CTGTTTACAAAGGTGC	81.7462802049305	76.87041788519761	33.213107729393165	46.65209746963307	0.0	35.48153545152257	0.0	0.0	49.77123752593867	0.0	0.0	0.0	0.0	0.0	0.0	36.23019762490487	0.0	0.0	0.0
GSM4138110_HNSCC_1_PBMC_CTTAACTGTGACGCCT	47.29652304008252	17.72653726827089	0.0	64.11841054564532	36.715603200305814	0.0	0.0	52.83539916699985	0.0	0.0	0.0	0.0	82.27958266791838	0.0	0.0	0.0	0.0	0.0	0.0
GSM4138110_HNSCC_1_PBMC_CTTAGGAAGGTGATTA	166.75695713196785	173.08318446328533	0.0	109.88569606708712	0.0	0.0	0.0	113.12894824077827	0.0	0.0	152.89457237700657	0.0	0.0	131.7655549850902	0.0	0.0	0.0	0.0	0.0
GSM4138110_HNSCC_1_PBMC_CTTAGGACAGAGTGTG	77.2939396572362	68.89988440245222	41.96053796202603	15.513051548807963	17.324152059348656	20.108865719263026	0.0	0.0	43.55027074432385	0.0	0.0	0.0	0.0	0.0	28.498765903521676	3.6495337566098236	0.0	0.0	0.0
GSM4138110_HNSCC_1_PBMC_CTTGGCTCAAAGCGGT	111.90996954372872	93.19949050891073	77.79543623870751	0.0	0.0	0.0	48.56829464585018	60.77684141692045	47.48968155391915	0.0	0.0	0.0	0.0	0.0	0.0	54.2520096956956	0.0	0.0	0.0
GSM4138110_HNSCC_1_PBMC_GAAACTCGTCTTCTCG	156.61534899979975	60.73073511026107	0.0	109.67160972304708	49.586869382099216	75.55805629821235	74.61123555289588	0.0	0.0	0.0	0.0	82.05268563272031	0.0	0.0	0.0	0.0	0.0	0.0	0.0
GSM4138110_HNSCC_1_PBMC_GAAATGAAGAGCAATT	51.42997913357311	31.311730772587936	0.0	51.80307121937361	0.0	0.0	0.0	20.90000748670507	0.0	41.50302207100583	35.22591993926653	0.0	0.0	0.0	0.0	0.0	13.248460421355416	0.0	0.0
GSM4138110_HNSCC_1_PBMC_GAACATCTCGGTTAAC	89.12513789960558	43.98510748446178	0.0	67.61999806058252	63.97131992688275	34.073107395707545	0.0	0.0	0.0	49.90872335318538	0.0	0.0	0.0	0.0	0.0	0.0	0.0	0.0	0.0
GSM4138110_HNSCC_1_PBMC_GAACCTATCGGCCGAT	85.38900587501902	46.303387565527046	6.080073716505159	85.40378091838566	0.0	0.0	0.0	21.303808266533544	0.0	0.0	80.08322060579259	0.0	0.0	0.0	0.0	0.0	0.0	55.15786422400893	0.0
GSM4138110_HNSCC_1_PBMC_GAATGAAGTTGGACCC	38.385009625143894	40.95071917611302	58.61272553864794	0.0	0.0	0.0	0.0	32.52288140116271	28.05641873767099	0.022591590589836882	0.0	45.65843511291699	0.0	0.0	0.0	0.0	0.0	0.0	0.0
GSM4138110_HNSCC_1_PBMC_GACAGAGAGAGCCTAG	74.7997453068871	48.717420618807466	0.0	41.073769833010026	0.0	6.940099502739315	41.23587497444672	0.0	0.0	0.0	0.0	32.34423861228154	0.0	0.0	0.0	0.0	0.0	0.0	0.0
GSM4138110_HNSCC_1_PBMC_GACTAACAGGCAGGTT	73.1605673160557	59.026258245937896	47.79827470156864	41.120892803159705	0.0	0.0	106.59631035292713	104.41718360578102	0.0	0.0	0.0	117.0074077839681	0.0	0.0	0.0	0.0	0.0	0.0	0.0
GSM4138110_HNSCC_1_PBMC_GACTGCGGTATCTGCA	92.22721067028273	30.771571578971827	37.7441245763428	0.0	0.0	64.02389835562407	0.0	0.0	0.0	0.0	0.0	47.48914549329691	0.0	39.709729849201416	0.0	0.0	0.0	0.0	0.0
GSM4138110_HNSCC_1_PBMC_GACTGCGTCTAAGCCA	81.00455270924725	69.75276541851676	83.03643832580921	1.756392298459243	103.07184558426712	99.53819216800945	39.78662578375354	0.0	0.0	0.0	0.0	0.0	23.377842077625434	0.0	0.0	0.0	0.0	0.0	0.0
GSM4138110_HNSCC_1_PBMC_GATCGATGTGCTGTAT	162.9794120136568	64.57201248820624	115.16854652925993	0.0	0.0	82.3652836606906	0.0	0.0	42.02951866384284	10.416016716286133	0.0	44.0723601053841	0.0	0.0	0.0	0.0	0.0	0.0	0.0
GSM4138110_HNSCC_1_PBMC_GATCTAGAGGGCTCTC	80.87314312615877	86.60361241473616	0.0	76.88359288230188	50.1838015234095	5.157347906280438	0.0	0.0	46.31524029858115	0.0	0.0	0.0	0.0	0.0	0.0	0.0	0.0	0.0	0.0
GSM4138110_HNSCC_1_PBMC_GATCTAGCAAACCTAC	103.00262411368563	62.33694881252209	0.0	101.03133118094298	0.0	32.47586679055586	0.0	63.17071595510606	0.0	0.0	87.32025106919902	0.0	11.104337088146902	0.0	0.0	0.0	0.0	60.42710900367317	0.0
GSM4138110_HNSCC_1_PBMC_GATGAAAAGAAGGGTA	53.22549283435657	28.09403640571976	40.10907358269968	0.0	39.13558625008969	0.3077393954349173	0.0	38.051076099413855	0.0	55.42565311281713	0.0	0.0	0.0	0.0	0.0	0.0	0.0	0.0	0.0
GSM4138110_HNSCC_1_PBMC_GATGCTAGTATGGTTC	89.6461876274907	41.0823353485149	32.86441389323467	41.991834546509665	0.0	0.0	43.623464087468	0.0	38.745923035555386	0.0	22.305675302186973	0.0	0.0	0.0	0.0	0.0	70.65045042745332	12.897424963964601	0.0
GSM4138110_HNSCC_1_PBMC_GATTCAGAGCTATGCT	129.3918517012756	35.84527987043215	94.28563165906097	0.0	31.398648117410975	13.216740325383089	0.0	23.45873100985794	0.0	145.07927775048944	0.0	48.53165082083243	0.0	0.0	0.0	0.0	0.0	0.0	0.0
GSM4138110_HNSCC_1_PBMC_GCACATACATGAACCT	111.48949738161676	113.23962873567312	0.0	53.01914001061665	45.43378033139248	48.32815327600173	0.0	0.0	0.0	0.0	0.0	0.0	59.09141902286202	0.0	0.0	0.0	0.0	15.517773509450345	0.0
GSM4138110_HNSCC_1_PBMC_GCACATAGTCTTCTCG	111.38335424730153	59.052698524757275	38.667381011778104	25.484322585018308	0.0	0.0	0.0	78.51513841423342	86.89916539283853	0.0	30.909958402443706	0.0	0.0	0.0	0.0	0.0	0.0	0.0	0.0
GSM4138110_HNSCC_1_PBMC_GCAGTTATCCTACAGA	52.442642808128255	51.03610414374397	0.0	12.018666696713689	54.68720240074042	18.61042264710374	10.720956253868215	0.0	0.0	0.0	0.0	0.0	0.0	31.106236718727345	0.0	0.0	0.0	0.0	0.0
GSM4138110_HNSCC_1_PBMC_GCATACAAGACACGAC	115.06952228329472	79.89921616215746	0.0	117.2120563133372	0.0	0.0	0.0	115.98746037316468	0.0	0.0	84.96444415352917	0.0	0.0	0.0	0.0	0.0	0.0	89.04190376427796	0.0
GSM4138110_HNSCC_1_PBMC_GCATGTATCTCATTCA	73.64324362233205	15.467810330979251	44.5267078124738	0.0	0.0	0.0	0.0	0.0	0.0	48.99127160938624	0.0	0.0	0.0	0.0	0.0	30.491641897296667	46.93136187237053	0.0	0.0
GSM4138110_HNSCC_1_PBMC_GCGAGAATCTATCCTA	60.96541883550509	87.68954462401739	59.8803741233684	14.69152590966632	0.0	18.936562089451684	0.0	16.879693457862874	44.15371150237842	0.0	39.29811658450214	0.0	0.0	0.0	0.0	0.0	0.0	0.0	0.0
GSM4138110_HNSCC_1_PBMC_GCGCAACCAGTACACT	75.0355867261275	67.11162555167554	48.6248613177967	0.0	20.786019072874463	46.02613250051239	0.0	0.0	0.0	0.0	6.701300181846646	0.0	0.0	40.21702432467324	0.0	0.0	0.0	0.0	0.0
GSM4138110_HNSCC_1_PBMC_GCGCAACTCACCGTAA	108.84009778886555	30.837107931572266	33.47991036294088	0.0	0.0	0.0	57.77335504758529	14.013006241352256	0.0	0.0	0.0	0.0	0.0	0.0	107.31167814743769	0.0	0.0	0.0	0.0
GSM4138110_HNSCC_1_PBMC_GCGGGTTTCTGTACGA	98.7706917947217	105.15187558346709	40.405723608942566	20.459895832482015	0.0	0.0	35.38562123445092	58.035724402933745	0.0	0.0	34.02625132490081	0.0	0.0	44.869740523002235	0.0	0.0	0.0	0.0	0.0
GSM4138110_HNSCC_1_PBMC_GCTGCAGCACAACGCC	68.44368011724863	65.7737218100432	57.813469643358346	0.0	0.0	59.95407708184207	0.0	0.0	64.58786643012877	0.0	0.0	3.3825221588237047	0.0	0.0	0.0	0.0	0.0	0.0	0.0
GSM4138110_HNSCC_1_PBMC_GGAACTTCAACTGGCC	70.62934499559613	45.35700525811552	84.48602000547803	0.0	0.0	63.77822699535362	105.07150458877356	0.0	0.0	0.0	0.0	42.26668789742594	0.0	0.0	0.0	0.0	0.0	0.0	0.0
GSM4138110_HNSCC_1_PBMC_GGAATAAAGAACAATC	59.89627959877339	27.14682030884849	49.46147584149018	0.0	8.071092745390693	0.0	67.88325780026787	61.75289035932711	0.0	0.0	33.56250417488739	0.0	0.0	0.0	0.0	0.0	0.0	0.0	0.0
GSM4138110_HNSCC_1_PBMC_GGACATTCACGGTTTA	79.36972034252597	31.63542306518282	66.94924294972093	0.0	40.90208742603416	43.95523485815546	0.0	0.0	0.0	24.55822813527275	0.0	0.0	0.0	64.70345351742984	0.0	0.0	0.0	0.0	0.0
GSM4138110_HNSCC_1_PBMC_GGCTCGATCCGCGTTT	42.904355102513726	188.9373868436814	0.0	35.75582728560442	0.0	0.0	27.327920799587357	37.34566642288461	0.0	0.0	31.64345426075785	0.0	0.0	3.1957043418485704	0.0	0.0	2.965711654818776	0.0	0.0
GSM4138110_HNSCC_1_PBMC_GGGACCTAGCCAGGAT	80.67926110497207	51.99067617082725	0.0	74.35853818109806	0.0	37.0641540306173	0.0	0.0	63.592973073854104	0.0	48.34032327858037	0.0	0.0	0.0	0.0	0.0	0.0	0.0	0.0
GSM4138110_HNSCC_1_PBMC_GGGACCTCAGTCACTA	101.41209149755353	88.90062122465392	87.10848379371303	0.0	74.83223001832572	0.0	0.0	112.79234759378117	139.5651574905964	0.0	0.0	52.50478391971759	0.0	0.0	0.0	0.0	0.0	0.0	0.0
GSM4138110_HNSCC_1_PBMC_GGGAGATGTGTGCGTC	79.36390475342081	49.70176150823433	0.0	42.424157213794224	0.0	18.057581768478464	0.0	13.348787417722754	0.0	77.65037300076865	31.241466595638723	0.0	0.0	0.0	0.0	0.0	0.0	0.0	0.0
GSM4138110_HNSCC_1_PBMC_GGGAGATTCACGATGT	41.520675589587825	53.346836399348184	82.3005205583982	3.346619589726949	23.86884064368312	0.8706908739988563	0.0	27.22451334112582	0.0	0.0	8.144680147722418	0.0	0.0	25.48350710522204	0.0	0.0	0.0	0.0	0.0
GSM4138110_HNSCC_1_PBMC_GGGTTGCGTCCGAAGA	112.43181168150345	105.47248542501563	0.0	73.95890757071976	0.0	74.97749993446008	0.0	0.0	11.9485528029001	42.512827713962025	0.0	0.0	0.0	0.0	50.126908456629245	0.0	0.0	0.0	0.0
GSM4138110_HNSCC_1_PBMC_GGTGAAGTCGCTTGTC	81.70624460682376	67.00274853043689	86.97842762521732	0.0	0.0	45.64923916622555	68.5829012708824	0.0	0.0	0.0	0.0	0.0	0.0	0.0	50.307191772420026	0.0	0.0	0.0	0.0
GSM4138110_HNSCC_1_PBMC_GGTGTTACAAACGCGA	116.51721524826725	115.28454055488524	54.527233812329385	0.0	0.0	0.0	0.0	60.06460329269452	44.64816305684824	0.0	0.0	61.17234616664045	0.0	0.0	0.0	0.0	0.0	0.0	0.0
GSM4138110_HNSCC_1_PBMC_GTAACTGTCTTCGAGA	65.08254418503047	107.46128063951501	81.39170996919954	0.0	0.0	65.08941621916742	0.0	0.0	11.821025344365722	37.189315888585256	0.0	59.126213465484334	8.227729167176278	0.0	0.0	0.0	0.0	0.0	0.0
GSM4138110_HNSCC_1_PBMC_GTAGGCCAGGTGTGGT	82.9424838113774	61.24681602127463	32.558337092974334	10.931535483757747	24.26295030076364	9.867615023875732	0.0	28.503539320410088	0.0	42.461811724304354	0.0	0.0	0.0	0.0	44.54522846051403	0.0	0.0	0.0	0.0
GSM4138110_HNSCC_1_PBMC_GTAGTCACAGATCCAT	73.58720280176705	57.48480505644051	57.65796702462108	0.0	0.0	0.0	76.63602659866979	0.5919667807342742	0.0	0.0	0.0	65.43441381759757	0.0	0.0	0.0	0.0	39.89208480726971	0.0	0.0
GSM4138110_HNSCC_1_PBMC_GTAGTCAGTGGGTCAA	58.80136273192294	35.20181617259543	38.57667975963508	0.0	31.317329913649445	0.0	0.0	12.484828201231263	0.0	48.475805953006194	0.0	0.0	0.0	0.0	0.0	0.0	0.0	0.0	35.84531356780511
GSM4138110_HNSCC_1_PBMC_GTATTCTAGGGTTTCT	122.1804984149011	91.80779564816673	22.95961912018351	52.9450922671248	0.0	41.83735161873734	0.0	0.0	0.0	0.0	0.0	114.06456136027428	0.0	35.414332114650286	0.0	0.0	0.0	0.0	0.0
GSM4138110_HNSCC_1_PBMC_GTATTCTTCCAAACTG	89.89387218579466	98.79041551326868	12.33515237678332	61.13903043740093	0.0	0.0	37.7463266912067	14.282634031586989	32.911527088350944	0.0	0.0	0.0	0.0	0.0	56.66338816657723	0.0	66.52244213391481	6.196889002395733	0.0
GSM4138110_HNSCC_1_PBMC_GTCGTAACAGGAACGT	67.11313595538117	72.42335676944123	0.0	53.26739364357354	59.43649811328904	28.274914362279002	0.0	0.0	0.0	0.0	0.0	24.889714536887695	0.0	0.0	0.0	0.0	0.0	37.44541759250382	0.0
GSM4138110_HNSCC_1_PBMC_GTCGTAAGTATGAAAC	71.39351457289834	50.9292633296928	40.70210700816729	1.9454675618727184	0.0	19.20140886390218	0.0	16.183040891067066	0.0	0.0	0.0	18.348371027013037	64.33354414423627	0.0	1.399703673105174	0.0	1.6686906647977973	0.0	0.0
GSM4138110_HNSCC_1_PBMC_GTCTCGTGTACGCACC	97.75521734815615	40.476627833427926	96.95553424025712	6.544238335556059	0.0	5.000398287311433	0.0	14.652303663125299	17.36057196195974	0.0	75.57537840692414	0.0	0.0	0.0	0.0	0.0	0.0	0.0	0.0
GSM4138110_HNSCC_1_PBMC_GTGGGTCAGAATGTGT	78.40660212422027	22.293356564999915	32.144215941754645	0.0	34.406035007827406	40.85553458907315	0.0	40.637893139943664	0.0	0.0	0.0	0.0	0.0	33.546271863839564	0.0	0.0	0.0	0.0	0.0
GSM4138110_HNSCC_1_PBMC_GTTCATTGTAGCTGCC	92.91571664169915	71.13278268720723	32.63496253629366	30.57412509480433	70.48158889627327	0.0	0.0	88.85983825916192	0.0	77.88621529530042	0.0	0.0	33.325227584498556	0.0	0.0	0.0	0.0	0.0	0.0
GSM4138110_HNSCC_1_PBMC_GTTCATTTCCGCGGTA	92.90370106841445	88.2521242601067	65.12486219635512	0.0	0.0	6.34882942718214	82.86602906423703	41.92210768321752	0.0	0.0	30.852045387457338	18.28266452818739	0.0	0.0	5.101322880565951	0.0	0.0	0.0	0.0
GSM4138110_HNSCC_1_PBMC_GTTCTCGCACTATCTT	79.41577654113124	70.9149612178919	11.631043860254598	52.95648857440467	37.85349015050944	58.77983097741946	0.0	0.0	0.0	16.539208966884676	0.0	0.0	0.0	22.813676527980938	0.0	0.0	1.1671165475705674	0.0	0.0
GSM4138110_HNSCC_1_PBMC_GTTCTCGTCAGAGACG	110.66469407105022	32.12587664939823	45.82154438801913	0.0	0.0	47.40961168830953	0.0	0.0	0.0	45.50881607495099	0.0	57.03326290499306	0.0	0.0	33.410901321165056	0.0	0.0	0.0	0.0
GSM4138110_HNSCC_1_PBMC_TAAGCGTAGGTGCTTT	159.24492698884015	209.87500492315172	55.37111811031857	39.748529743765275	149.58692422409754	63.9633002124767	0.0	0.0	72.54405269764008	0.0	0.0	0.0	0.0	0.0	0.0	0.0	0.0	33.92103739110428	0.0
GSM4138110_HNSCC_1_PBMC_TACAGTGGTCATCGGC	120.61878820334302	119.55548332913614	75.50084192142295	0.0	90.84901860841318	43.42085946270464	114.72101322812223	0.0	0.0	0.0	0.0	0.0	0.0	0.0	0.0	0.0	0.0	0.0	0.0
GSM4138110_HNSCC_1_PBMC_TACCTTATCACGATGT	81.52229867948842	73.67318812962844	53.23972904782938	62.24974148511727	0.0	0.0	0.0	57.91088887727097	61.0332855388533	0.0	0.0	90.88705490475952	0.0	0.0	0.0	0.0	0.0	12.020568369769201	0.0
GSM4138110_HNSCC_1_PBMC_TACGGATTCTAACTTC	121.01130550957993	122.52912232493392	23.753457660053858	0.0	48.61402012402982	0.0	0.0	17.59997985693113	0.0	9.704191551444497	0.0	0.0	13.603353532612516	18.749211001734018	0.0	0.0	0.0	0.0	0.0
GSM4138110_HNSCC_1_PBMC_TACTTGTAGTCATCCA	104.43353110392795	87.68794663294172	0.0	31.00658042335422	27.19077835059932	33.14608788348767	0.0	0.0	0.0	0.0	0.0	67.92304406546552	77.16371727231376	0.0	0.0	0.0	0.0	0.0	0.0
GSM4138110_HNSCC_1_PBMC_TACTTGTTCAGAGCTT	96.78699170166529	51.45555092411714	55.101945040895906	0.0	0.0	0.0	0.0	0.0	96.50938667099783	0.0	33.079284895023925	0.0	0.0	0.0	0.0	0.0	131.9709036500362	0.0	0.0
GSM4138110_HNSCC_1_PBMC_TAGACCAGTCCGAGTC	84.73094003712724	73.4353956720466	68.82346843636388	0.0	58.422633962314976	44.29240048829361	80.33018784244994	0.0	0.0	0.0	17.393614628052763	0.0	0.0	0.0	0.0	9.33554810596741	0.0	0.0	0.0
GSM4138110_HNSCC_1_PBMC_TAGAGCTGTTCCCTTG	78.91855870509643	72.16460214993884	0.0	43.49962339755429	39.325885482951904	0.0	0.0	48.08222832759189	0.0	58.35854733661753	0.0	0.0	0.0	0.0	9.037498188283992	0.0	4.631723097812606	0.0	0.0
GSM4138110_HNSCC_1_PBMC_TATCTCACACGGCGTT	94.64312443546247	84.95069700665763	79.403892686953	0.0	0.0	5.4402419107714985	67.89440732366117	72.11575531617765	0.0	0.0	0.0	0.0	0.0	0.0	0.0	29.11818764141638	0.0	0.0	0.0
GSM4138110_HNSCC_1_PBMC_TATCTCATCAACGGGA	138.5096581845473	77.56835047532039	53.66143622120244	22.109860418082643	0.0	48.12754771694819	20.388653571573503	0.0	0.0	0.0	0.0	0.0	0.0	85.37526078349984	51.7292201361098	0.0	0.0	0.0	0.0
GSM4138110_HNSCC_1_PBMC_TCACGAATCTGTCCGT	119.61587329379518	58.46033842328307	11.590081152490768	46.40867554034032	63.63143445986409	0.0	0.0	40.71201088293804	79.31561889525122	0.0	0.0	0.0	13.007961953516642	0.0	0.0	0.0	0.0	0.0	0.0
GSM4138110_HNSCC_1_PBMC_TCAGATGTCCGCGTTT	72.02262557614922	99.88693225277422	71.4120257568445	0.0	0.0	29.7606198632767	47.32213378160344	0.13579645195081141	0.0	0.0	0.0	47.651284077233036	0.0	0.0	0.0	7.350541381204864	0.0	0.0	0.0
GSM4138110_HNSCC_1_PBMC_TCAGCAAAGGCGCTCT	42.04676888088319	104.78825199957647	142.4358332082422	0.0	0.0	2.488184018441483	0.0	2.1620713289339024	0.0	0.0	0.0	4.562472533035069	53.255843781822264	0.0	0.0	0.0	0.0	0.0	0.0
GSM4138110_HNSCC_1_PBMC_TCATTACAGCGCTCCA	149.73562705647134	85.28913791626047	41.78377011817374	0.0	0.0	0.0	77.9810883037708	35.54892339003715	0.0	0.0	0.0	31.14775230758128	0.0	0.0	0.0	0.0	13.561793966138685	0.0	0.0
GSM4138110_HNSCC_1_PBMC_TCCCGATAGTGGAGAA	55.15878042239308	45.53913072328455	61.78476393447339	0.0	18.19602777037007	0.0	0.0	13.468680277799988	0.0	34.75034100955124	0.0	0.0	0.0	20.101234211063765	0.0	0.0	0.0	0.0	0.0
GSM4138110_HNSCC_1_PBMC_TCGCGAGGTAGCACGA	103.82053340427173	79.06126593926263	96.63888308884525	0.0	0.0	60.81629717012689	0.0	0.0	0.0	0.0	0.0	104.2752175336508	99.39150009936095	0.0	0.0	0.0	0.0	0.0	0.0
GSM4138110_HNSCC_1_PBMC_TCGGGACTCAACGAAA	74.32683019679853	51.98856267941985	17.05555210891933	65.66920972961012	0.0	11.344207740280057	0.0	0.0	0.0	0.0	69.54703172175708	0.0	68.09088410504015	0.0	0.0	0.0	0.0	0.0	0.0
GSM4138110_HNSCC_1_PBMC_TCGGGACTCGAGAGCA	113.9340912665064	73.86943467997368	0.0	119.46961731564323	64.44553645808718	21.218690166105695	0.0	67.20653560605103	0.0	98.3383463629607	0.0	0.0	0.0	0.0	0.0	0.0	46.76816121863737	0.0	0.0
GSM4138110_HNSCC_1_PBMC_TCGGTAATCACTCTTA	59.99882802956507	79.32147472600516	66.80686318852632	0.0	0.0	0.0	0.0	35.08431375061929	0.0	92.7476928218089	36.488744783369185	0.0	0.0	0.0	0.0	0.0	0.0	0.0	0.0
GSM4138110_HNSCC_1_PBMC_TCGTACCTCCGCAAGC	129.82906040613386	115.45341050722062	242.39137468414057	0.0	0.0	174.1833401348361	112.94558920894944	0.0	0.0	0.0	0.0	0.0	0.0	0.0	0.0	85.38936059306538	0.0	0.0	0.0
GSM4138110_HNSCC_1_PBMC_TCGTACCTCTGCCCTA	162.94333674643858	148.94751871148856	86.85087069012522	22.03677182863153	0.0	46.761484195217875	0.0	0.0	0.0	0.0	166.3677849896213	0.0	133.0197325578874	12.796514169911719	0.0	0.0	0.0	0.0	0.0
GSM4138110_HNSCC_1_PBMC_TCTATTGGTCTAAAGA	66.65864032786104	93.3584017723808	49.87740661497398	0.0	63.727642169258324	2.3098502378203603	0.0	24.2772140071999	0.0	74.19862883232139	0.0	0.0	0.0	0.0	0.0	0.0	0.0	0.0	0.0
GSM4138110_HNSCC_1_PBMC_TCTATTGGTTGGTTTG	117.27297123974286	38.31039632040605	30.747514589266547	18.040635702483854	65.24841591932228	0.0	0.0	40.256258293306516	0.0	0.0	0.0	0.0	0.0	65.28241462059218	0.0	0.0	0.0	0.0	0.0
GSM4138110_HNSCC_1_PBMC_TCTATTGTCTGCAGTA	83.15761424031896	59.79525209919481	39.414837953934146	0.0	30.720028064662703	0.0	0.0	0.0	0.0	24.972966462913433	0.0	0.0	0.0	0.0	0.0	0.0	0.0	0.0	47.743469458047564
GSM4138110_HNSCC_1_PBMC_TCTGAGACAGATAATG	98.33757131229088	65.53007746653421	0.0	81.45853277574838	88.96879717522606	86.27908012206913	0.0	0.0	10.444039756479592	82.93787888829287	0.0	0.0	0.0	0.0	0.0	0.0	0.0	0.0	0.0
GSM4138110_HNSCC_1_PBMC_TCTGAGAGTAAGAGAG	99.8330606293751	64.57660657889842	60.20910851975183	0.0	0.0	0.0	0.0	47.29440754307325	0.0	0.0	0.0	60.032005963923126	54.44429094991496	0.0	0.0	0.0	0.0	0.0	0.0
GSM4138110_HNSCC_1_PBMC_TCTGAGATCCTTTCTC	78.59279495148462	69.72300208615924	0.0	55.44782758942677	0.0	40.225491243467644	16.757843379574812	0.0	0.0	0.0	0.0	58.999762714102836	0.0	80.32180442281472	0.0	0.0	0.0	0.0	0.0
GSM4138110_HNSCC_1_PBMC_TCTGGAATCTCAAACG	74.83228449773912	43.57727353508429	0.0	57.19067369020579	45.66118979583517	0.0	0.0	38.54973964069935	45.79733765304519	0.0	0.0	0.0	23.191633819716554	0.0	0.0	0.0	0.0	35.77052058833194	0.0
GSM4138110_HNSCC_1_PBMC_TCTTTCCAGTGGGCTA	72.67853889916407	63.00138491272843	0.0	59.06861245148799	0.0	36.325202072693905	0.0	0.0	0.0	96.02374833758314	0.0	61.595656468397735	0.0	0.0	0.0	0.0	0.0	0.0	0.0
GSM4138110_HNSCC_1_PBMC_TGAAAGACACTTCGAA	44.34393692491065	48.507530392919676	22.26246238369932	0.0	0.0	53.43678780992473	0.0	0.0	65.34897099112166	0.0	0.0	0.0	0.0	0.0	0.0	11.367720983845969	0.0	0.0	0.0
GSM4138110_HNSCC_1_PBMC_TGACAACGTTAAGGGC	91.51022585393781	147.46892025911498	103.49099178858559	0.0	15.782999708737426	48.375827654696494	93.7821426348348	0.0	0.0	0.0	13.853462919627203	48.1825528347229	0.0	0.0	0.0	0.0	0.0	0.0	0.0
GSM4138110_HNSCC_1_PBMC_TGACGGCAGCGCCTTG	83.88987534111558	65.59088692562582	38.241162924068995	0.0	19.84690957694628	0.0	151.09159894667184	1.7815744451105786	0.0	0.0	55.45104365419684	0.0	0.0	0.32282464292859714	0.0	0.0	32.13908281138593	0.0	0.0
GSM4138110_HNSCC_1_PBMC_TGACGGCGTTACGACT	99.90024113891336	68.02579122556746	50.93029782965742	0.0	0.0	39.00017415255248	9.500291815907556	0.0	0.0	0.0	0.0	51.655712053160656	0.0	0.0	0.0	0.0	0.0	47.98900892295898	0.0
GSM4138110_HNSCC_1_PBMC_TGACGGCTCGGTTCGG	105.70179471573931	75.63871425777009	74.61917817364501	0.0	81.9406874249626	57.194765236819315	0.0	0.0	0.0	19.766354528426454	0.0	0.0	0.0	32.165172285866454	0.0	0.0	0.0	0.0	0.0
GSM4138110_HNSCC_1_PBMC_TGACTAGAGAACTGTA	37.342537958752075	25.751183804602864	35.680973999990954	1.389397239993463	1.8766755039514085	36.685943817248166	0.0	6.478119749518242	0.0	71.09325079516445	0.0	0.0	0.0	0.0	0.0	0.0	0.0	0.0	0.0
GSM4138110_HNSCC_1_PBMC_TGAGCATGTATTCTCT	184.99077651718676	244.17212269796318	0.0	222.84842919717977	121.03380205388925	0.0	0.0	51.05276444284704	0.0	0.0	0.0	0.0	135.11526865577727	0.0	0.0	0.0	0.0	0.0	0.0
GSM4138110_HNSCC_1_PBMC_TGCACCTTCCAGGGCT	176.4915112606284	57.55606789564691	0.0	75.42636768548518	78.42823862244727	48.12078320444822	0.0	0.0	0.0	0.0	0.0	0.0	0.0	0.0	0.0	80.69125710744461	0.0	100.34954268210151	0.0
GSM4138110_HNSCC_1_PBMC_TGCCAAATCGCGGATC	118.00361850999131	67.84367891771734	24.416409503185573	17.67070181741193	0.0	18.967053183211508	0.0	0.0	0.0	83.40243814550925	0.0	86.57682587909298	0.0	0.0	0.0	0.0	0.0	0.0	0.0
GSM4138110_HNSCC_1_PBMC_TGCCAAATCTTCCTTC	45.15373777914184	70.3266802767586	0.0	52.47866086252403	78.51930573108864	26.422154497986874	44.15707145424437	0.0	0.0	0.0	0.0	0.0	0.0	0.0	0.0	0.0	12.158776094038773	0.0	0.0
GSM4138110_HNSCC_1_PBMC_TGCCCATGTGGTCCGT	73.05089986096611	89.53859280958748	26.693422838049464	33.2221243020821	33.51217297602171	47.99714779662008	0.0	0.0	0.0	0.0	0.0	5.271930091419403	47.39956170563381	0.0	0.0	0.0	0.0	0.0	0.0
GSM4138110_HNSCC_1_PBMC_TGCCCTACAAAGCAAT	93.86698299905953	70.8878276044353	59.05487654389788	7.699048862713521	0.0	68.0707781158256	68.29411073033329	0.0	14.74353643997632	0.0	22.769528904107393	0.0	0.0	0.0	26.377767515387735	0.0	0.0	0.0	0.0
GSM4138110_HNSCC_1_PBMC_TGCCCTAGTGTCGCTG	82.71487143269844	37.30342365230018	81.61576662687942	0.0	0.0	0.0	0.0	0.0	0.0	0.0	44.55093078377299	0.0	0.0	0.0	0.0	0.0	0.0	127.35580267401839	13.122635263409009
GSM4138110_HNSCC_1_PBMC_TGCGCAGAGGGCATGT	182.54747818086636	127.37563858755615	0.0	159.8207661427988	0.0	0.0	0.0	132.05101920287322	0.0	107.26092187294716	82.61430144922993	0.0	0.0	0.0	0.0	0.0	0.0	0.0	0.0
GSM4138110_HNSCC_1_PBMC_TGCTACCCACTACAGT	119.4047496113636	59.34853252624167	106.68185694881656	0.0	68.10169851141978	62.01599056026654	73.42108849785117	0.0	0.0	0.0	0.0	0.0	0.0	0.0	0.0	0.0	0.0	0.0	0.0
GSM4138110_HNSCC_1_PBMC_TGCTACCCATTACGAC	84.81051028564444	45.740255675262446	0.0	62.564811489031975	0.0	32.35771144021531	16.449352036363916	0.0	0.0	0.0	0.0	29.794721340304708	0.0	31.66525621416043	0.0	6.967685810569208	0.0	0.0	0.0
GSM4138110_HNSCC_1_PBMC_TGCTACCTCAACCAAC	69.05896889276026	55.56826102608504	0.0	120.3242514172335	0.0	54.65729398585941	0.0	0.0	0.0	0.0	5.177474883590204	0.0	0.0	0.0	0.0	25.031504972502074	0.0	30.691362763885156	0.0
GSM4138110_HNSCC_1_PBMC_TGGACGCGTCATACTG	134.48532761049762	70.08420693657503	80.57701772160368	19.26349457598162	0.0	37.769663710914344	0.0	0.0	79.20367506718416	0.0	51.51680764082181	12.389738463707301	0.0	0.0	0.0	0.0	0.0	0.0	36.540121205378234
GSM4138110_HNSCC_1_PBMC_TGGCCAGTCCTTAATC	141.52431496926042	107.59235597030624	0.0	73.14167439431316	94.67912729932512	0.0	48.35063008051155	28.106574806636864	0.0	0.0	24.478387301954193	0.0	0.0	0.0	0.0	0.0	0.0	0.0	0.0
GSM4138110_HNSCC_1_PBMC_TGGCTGGCAGTCGATT	163.34294472066617	123.77588099053126	191.35023392770808	0.0	0.0	7.905979581678656	0.0	41.525625945067326	17.898244549190174	0.0	131.46095583111222	0.0	70.50015131248166	0.0	0.0	0.0	0.0	0.0	0.0
GSM4138110_HNSCC_1_PBMC_TGGGAAGCAATGGAGC	91.86463937908978	39.63128690166987	14.464199613463677	6.030337034418582	15.073601613942213	0.0	0.0	31.35594913433826	0.0	0.0	4.680515190881814	24.330146633409527	8.835413133671116	34.7335906271774	0.0	0.0	0.0	0.0	0.0
GSM4138110_HNSCC_1_PBMC_TGGGCGTAGGGAGTAA	85.02845093534782	38.700092930681095	93.93297157473785	0.0	46.849156281287776	22.15678993766093	0.0	0.0	0.0	25.953957724322322	0.0	0.0	26.68948162889145	0.0	0.0	0.0	0.0	0.0	0.0
GSM4138110_HNSCC_1_PBMC_TGGGCGTGTTCGCGAC	118.28798336320772	64.98541788068525	75.94711538312056	0.0	0.0	19.72870139601399	0.0	0.0	0.0	27.59594409636007	41.49924502236182	0.0	0.0	0.0	0.0	0.0	0.0	0.0	0.0
GSM4138110_HNSCC_1_PBMC_TGGGCGTTCAACTCTT	8.334856048800741	34.44323855641016	32.904778130664205	0.0	0.0	94.30690217793473	92.51202612211858	0.0	0.0	0.0	0.0	27.079898175471868	0.0	0.0	0.0	0.0	0.0	0.0	0.0
GSM4138110_HNSCC_1_PBMC_TGGTTAGGTAGAAAGG	73.2547101812273	47.70439683151751	0.0	41.039242249520846	35.02638461797387	34.134501489841305	0.0	0.0	39.95259482694681	0.0	29.124612984166205	0.0	0.0	0.0	0.0	0.0	0.0	0.0	0.0
GSM4138110_HNSCC_1_PBMC_TGGTTAGTCGTCCGTT	148.50364452154258	90.15788760331365	0.0	101.0689046223035	36.58023769725961	0.0	0.0	41.06774558974962	75.91750433799048	0.0	0.0	0.0	0.0	0.0	14.849854537054435	13.827765760606583	0.0	0.0	0.0
GSM4138110_HNSCC_1_PBMC_TTAACTCGTGTTCTTT	47.567428123259056	28.724016610349654	24.574562881763782	4.327042567516592	34.70811267358005	26.28934712359601	0.0	41.99496954950367	100.38661145741902	0.0	0.0	0.0	0.0	0.0	0.0	0.0	0.0	0.0	0.0
GSM4138110_HNSCC_1_PBMC_TTAACTCGTTAGTGGG	178.90437702560135	53.77420795020105	0.0	79.94940761784866	0.0	34.91021894392519	0.0	12.025319032925726	0.0	101.03594922954875	0.0	90.84186219209167	0.0	0.0	0.0	6.424546007235476	0.0	0.0	0.0
GSM4138110_HNSCC_1_PBMC_TTAGGCATCATGTCCC	64.32267750900277	61.06076858163681	19.72772767277877	20.796526705487125	0.0	0.0	0.0	30.131387158771002	0.0	0.0	44.714070539688116	0.0	0.0	48.68974641923256	0.0	0.0	0.0	0.0	0.0
GSM4138110_HNSCC_1_PBMC_TTCTACAGTTGTGGAG	24.781124490101462	13.645415626261492	27.036670231630225	0.0	97.91406419797087	0.0	35.08720957459046	0.0	0.0	0.0	0.0	0.0	0.0	0.0	49.019569811796025	0.0	38.12947887477925	0.0	0.0
GSM4138110_HNSCC_1_PBMC_TTCTCAATCCTCTAGC	106.9713080326103	69.39443698328742	0.0	69.77859547341147	0.0	0.0	109.13764103964024	18.92153040889516	0.0	0.0	59.287867983621126	0.0	0.0	0.0	0.0	0.0	32.22050070321818	0.0	0.0
GSM4138110_HNSCC_1_PBMC_TTCTCCTTCCCGACTT	59.44064758587401	33.52304216236459	0.0	81.63027471799928	0.0	0.0	0.0	3.7362114867727243	25.727283866849586	0.0	0.0	15.429851232271426	0.0	0.0	0.0	37.05463807302486	0.0	0.0	29.751941334483455
GSM4138110_HNSCC_1_PBMC_TTGACTTCATGGAATA	83.08120145872059	59.39675526162228	0.0	50.9276877598261	0.0	21.903254415964106	68.21415786328257	30.68667360282406	0.0	0.0	0.0	0.0	0.0	0.0	70.54289548633025	0.0	0.0	0.0	0.0
GSM4138110_HNSCC_1_PBMC_TTGACTTTCAGGTAAA	104.01889998551908	50.62073827263055	0.0	86.20890374231854	0.0	52.69393320628148	0.0	0.0	60.96643145291399	0.0	0.0	0.0	0.0	0.0	0.0	47.50698229458011	0.0	0.0	0.0
GSM4138110_HNSCC_1_PBMC_TTGTAGGCAGCGTTCG	51.621386354974035	30.877543904356713	23.708133927046312	0.0	35.40346293427579	58.50599120460247	0.0	0.0	0.0	25.439876186800095	0.0	0.0	0.0	0.0	0.0	0.0	0.0	0.0	0.0
GSM4138110_HNSCC_1_PBMC_TTTACTGGTTCTGGTA	41.12230798310129	89.42571738009487	0.0	46.695733962126674	0.0	26.93194014374765	0.0	0.0	0.0	19.685688794321724	0.0	24.94288405242679	0.0	0.0	19.059840308193188	0.0	0.0	0.0	0.0
GSM4138110_HNSCC_1_PBMC_TTTATGCGTTTGTGTG	50.10357081071072	53.09042317836109	0.0	43.17706207446976	43.75772569510434	18.84152257491008	0.0	0.0	0.0	0.0	0.0	0.0	0.0	0.0	0.0	0.0	0.0	57.37205877705661	0.0
GSM4138110_HNSCC_1_PBMC_TTTCCTCCAGATCCAT	99.09640830068302	155.65771706062517	26.11053073235434	21.15485305319646	0.0	50.90861457135136	0.0	0.0	40.58377444005204	0.0	0.0	0.0	0.0	0.0	39.80268568631233	0.0	0.0	0.0	0.0
GSM4138110_HNSCC_1_PBMC_TTTCCTCGTTCGCGAC	121.22509707257419	62.494701313230124	38.28300924929951	24.3579166957745	0.0	44.78235831216714	120.47408387772687	0.0	0.0	0.0	0.0	109.53027300727153	0.0	0.0	0.0	0.0	0.0	0.0	0.0
GSM4138110_HNSCC_1_PBMC_TTTGCGCCACGAAATA	81.10190697256779	79.53843918349564	61.167227909255395	0.0	40.155238032055834	78.8842662233301	0.0	0.0	0.0	0.0	0.0	0.0	0.0	53.97507540503151	0.0	0.0	0.0	0.0	0.0
GSM4138110_HNSCC_1_PBMC_TTTGCGCGTTTCCACC	20.395991513943528	98.96242679650845	71.26803185590997	0.0	0.0	0.0	77.7592469096063	0.0	0.0	0.0	53.984285807736214	0.0	0.0	0.0	0.0	0.0	0.0	0.0	43.06326971772328
GSM4138110_HNSCC_1_PBMC_TTTGGTTAGAATTGTG	78.99472455956843	80.63784664992824	19.718458972848435	46.46919080573734	62.560962901441975	0.0	0.0	24.513390939037357	50.579652513018445	20.641802488221145	0.0	0.0	0.0	0.0	0.0	0.0	0.0	0.0	0.0
GSM4138110_HNSCC_1_PBMC_TTTGGTTAGAGCAATT	68.99868577975897	121.55008241441863	92.21496451482712	0.0	11.798004636607564	59.702672090953435	0.0	0.0	111.56666028710553	0.0	0.0	0.0	0.0	0.0	30.41590974614245	0.0	0.0	0.0	0.0
GSM4138110_HNSCC_1_PBMC_TTTGGTTGTCCGTGAC	100.77266595861043	45.99553501168226	80.20282172902449	0.0	0.0	0.0	37.36994406812729	66.45256515895736	0.0	0.0	62.55140128888408	0.0	0.0	0.0	0.0	0.0	0.0	0.0	0.0
GSM4138110_HNSCC_1_PBMC_TTTGTCAAGTACGATA	125.7530480294409	53.3442674591765	21.77677158091936	73.07186841928217	81.91538316181689	9.064389236145903	0.0	49.098057718560334	73.55154489147053	0.0	0.0	0.0	0.0	0.0	0.0	0.0	0.0	0.0	0.0
GSM4138110_HNSCC_1_PBMC_TTTGTCATCAGGCAAG	55.825880595661936	58.08896956532351	85.08332151050564	0.0	0.0	54.75374357184703	0.0	0.0	62.54949412492401	36.56994967824501	0.0	45.62155903688877	6.185937983914557	0.0	0.0	0.0	0.0	0.0	0.0
GSM4138110_HNSCC_1_PBMC_TTTGTCATCGCGTAGC	67.22392190481686	58.05022450093328	0.0	101.87917254768873	0.0	34.58943598572349	0.0	0.0	43.15073264377067	0.0	38.75284032270517	4.081746683761566	0.0	0.0	0.0	0.0	0.0	0.0	0.0
GSM4138110_HNSCC_1_PBMC_ACGGAGAAGCAGGCTA	103.80476582454214	69.7554689705749	0.0	96.8507125930817	0.0	0.0	15.786938389471871	71.02674839321169	16.55975974059667	8.180660841934703	32.41538715536768	0.0	0.0	0.0	0.0	0.0	0.0	0.0	0.0
GSM4138110_HNSCC_1_PBMC_ACTATCTGTCGAGTTT	148.64646828640875	45.23661158331957	0.0	122.62629826195885	91.5542204419495	58.25421147112583	82.57989726624267	25.763198552715348	0.0	0.0	0.0	0.0	1.4555176365542615	7.680287456773104	0.0	0.0	0.0	0.0	0.0
GSM4138110_HNSCC_1_PBMC_CAGTCCTGTAGAAGGA	101.65356100977267	95.8331253783248	0.0	58.91105127933321	56.47517057873481	0.0	73.15890925023305	50.35241705940803	0.0	0.0	0.0	0.0	0.0	0.0	0.0	0.0	0.0	0.0	0.0
GSM4138110_HNSCC_1_PBMC_CGATGTATCGGTCTAA	84.58572726568624	55.19041569986518	86.80478673129248	0.0	72.71168501902586	28.373570887805148	38.72195932836383	0.0	0.0	0.0	0.0	0.0	0.0	0.0	0.0	0.0	0.0	0.0	0.0
GSM4138110_HNSCC_1_PBMC_GACCTGGTCGCCAAAT	104.29094908836298	56.01688517470195	80.83583796338885	0.0	73.60998201029388	7.700490941357726	0.0	9.593260857010872	0.0	52.489806491313416	0.0	0.0	29.14812134498421	0.0	0.0	0.0	27.44269165039776	0.0	0.0
GSM4138110_HNSCC_1_PBMC_TACGGTACATGGTCAT	161.35291439627466	105.19958771259527	95.58920044222242	35.64009747196815	103.40581825237601	107.15701736159197	111.33285101513113	0.0	0.0	0.0	0.0	0.0	0.0	0.0	0.0	0.0	0.0	0.0	0.0
GSM4138110_HNSCC_1_PBMC_TTAGTTCTCGCGGATC	69.78301696145103	41.98885114754049	6.543350476538425	54.595825431569715	54.40214227228614	45.97204455381421	0.0	0.0	0.7757058705464777	36.76079043438618	0.0	0.0	0.0	0.0	0.0	0.0	0.0	0.0	0.0
GSM4138110_HNSCC_1_PBMC_AAAGCAACACGCGAAA	155.84738459714336	109.78713410925386	0.0	129.04572110706835	115.63782283087274	0.0	133.45999088428678	11.510322646194869	0.0	0.0	0.0	0.0	0.0	16.675666074935393	0.0	0.0	0.0	0.0	0.0
GSM4138110_HNSCC_1_PBMC_AACTTTCGTGTATGGG	83.27646613853624	48.93706988946638	62.911865485182894	0.0	0.0	0.0	0.0	1.3078327566824939	21.51812122735938	0.0	75.9850467219163	0.0	0.0	0.0	0.0	0.0	0.0	0.0	0.0
GSM4138110_HNSCC_1_PBMC_AAGGAGCAGGGAAACA	144.86420227829709	79.07916595244643	60.538696496950095	8.737357494926325	33.89771671484963	0.0	0.0	44.311117874070135	0.0	0.0	0.0	33.12549328532123	0.0	41.90271024581114	0.0	0.0	0.0	0.0	0.0
GSM4138110_HNSCC_1_PBMC_AATCGGTGTAATCACC	135.71816410995774	66.11998555978799	0.0	87.23645444541101	77.74426338215844	24.436924443847303	0.0	0.0	0.0	59.1355558557641	1.3056080730497055	0.0	52.94495618005458	0.0	0.0	0.0	0.0	0.0	0.0
GSM4138110_HNSCC_1_PBMC_ATAACGCTCACAACGT	366.0160702279974	159.9106452349712	0.0	169.08054876836738	132.86042488721736	80.76749151176807	0.0	0.0	0.0	0.0	0.0	0.0	0.0	0.0	0.0	0.0	0.0	164.07923633914456	0.0
GSM4138110_HNSCC_1_PBMC_ATCATCTTCTGGCGAC	263.4634011966866	95.13166482526825	238.18428670319278	0.0	136.7786995779139	0.0	0.0	0.0	0.0	0.0	0.0	0.0	0.0	106.73933535928181	0.0	0.0	84.7660304888409	0.0	0.0
GSM4138110_HNSCC_1_PBMC_ATCCGAATCGTTTATC	167.36267252290955	71.94806577028987	0.0	157.12640121589985	89.36311258320082	27.400022505426282	0.0	0.0	0.0	63.91402601911987	0.0	0.0	0.0	0.0	0.0	0.0	0.0	0.0	0.0
GSM4138110_HNSCC_1_PBMC_ATGCGATTCGTGGGAA	178.25473342084538	123.94746411669446	111.17616944629556	17.060045091365645	67.59166372770551	46.71077983430291	0.0	0.0	0.0	33.95687824529011	0.0	0.0	36.82213798418334	0.0	0.0	0.0	49.78023082182096	0.0	0.0
GSM4138110_HNSCC_1_PBMC_CAAGAAATCAGGCAAG	83.62578282865496	61.5540698432614	64.81965657071189	9.37004893500875	57.695552153281156	32.01559849578241	68.16718872121224	0.0	0.0	0.0	0.0	0.0	0.0	0.0	0.0	0.0	0.0	0.0	0.0
GSM4138110_HNSCC_1_PBMC_CACAGGCCACACCGAC	212.05437532483006	178.53592394275242	0.0	252.5213073609668	121.5026435651013	66.55170658393469	0.0	0.0	120.72738520932884	26.881710568238443	0.0	0.0	0.0	0.0	0.0	0.0	0.0	0.0	0.0
GSM4138110_HNSCC_1_PBMC_CACTCCATCTGTACGA	53.653278968942466	61.922380677480554	0.0	72.93119559497778	84.15880665246937	5.717725047263211	44.62412192372286	0.0	0.0	0.0	0.0	0.0	0.0	0.0	0.0	0.0	0.0	0.0	0.0
GSM4138110_HNSCC_1_PBMC_CCTTCCCTCGCCTGTT	64.10621319381734	57.31443505951111	18.464126173711442	23.127546792050598	34.226637401519476	60.12331080399031	34.13522990250839	0.0	0.0	0.0	0.0	0.0	0.0	2.467745279737826	0.0	0.0	0.0	0.0	0.0
GSM4138110_HNSCC_1_PBMC_CGATTGAAGACTAAGT	170.52136048133733	147.46757779164852	82.48067978626722	24.58516742278314	77.65730253585787	0.0	51.720117776903734	52.069220048665784	0.0	0.0	0.0	0.0	0.0	0.0	0.0	0.0	0.0	0.0	0.0
GSM4138110_HNSCC_1_PBMC_CGGACGTTCTGAGTGT	57.88696363832733	81.62347312917284	25.863079140021263	0.0	5.512508068211796	21.9271290968888	0.0	0.0	1.4565438088525782	89.01066454935301	0.0	28.83113484367657	0.0	0.0	3.3520405285892427	0.0	0.0	0.0	0.0
GSM4138110_HNSCC_1_PBMC_CGGGTCATCCCAACGG	77.88100825019716	64.66375754075007	0.0	59.59905605283086	0.0	0.0	47.954171787089095	1.2615969857120963	0.0	0.0	0.0	48.071266819466764	0.0	0.0	0.0	0.0	0.0	0.0	0.0
GSM4138110_HNSCC_1_PBMC_CTCGAGGCATAGACTC	166.08494507156342	193.45783382528495	0.0	151.49081207235847	197.1981209316424	0.0	0.0	27.803627159990533	0.0	0.0	0.0	0.0	100.1407271232011	0.0	0.0	0.0	0.0	0.0	0.0
GSM4138110_HNSCC_1_PBMC_CTCGTCACAATAAGCA	185.9611496921272	102.6735753127276	0.0	124.5393436346597	128.47611199387273	71.29220132870597	77.3343403303741	0.0	0.0	0.0	0.0	0.0	0.0	0.0	0.0	0.0	0.0	0.0	0.0
GSM4138110_HNSCC_1_PBMC_CTGATCCTCTTTAGGG	179.63945676830772	75.84451177126492	0.0	91.83707505066658	0.0	29.828075199866504	0.0	0.0	0.0	5.306682862878248	1.3657651859351163	87.62129288006379	84.7407222499443	0.0	0.0	0.0	0.0	0.0	0.0
GSM4138110_HNSCC_1_PBMC_CTGTGCTTCTAACGGT	123.38123922625927	140.8512459143175	0.0	98.37612774631121	0.0	29.305471893164125	0.0	45.9967222102078	76.23374635780972	0.0	50.44741971134619	0.0	0.0	0.0	0.0	0.0	0.0	0.0	0.0
GSM4138110_HNSCC_1_PBMC_CTGTGCTTCTATCGCC	137.87112458083996	66.04956847495276	89.7030103974657	0.0	117.47511249453154	28.694859732584682	8.253863627742719	0.0	54.34265350552694	0.8511929657171027	0.0	0.0	0.0	0.0	0.0	0.0	0.0	37.588011520662796	0.0
GSM4138110_HNSCC_1_PBMC_GACTAACGTCGACTGC	174.41747506668182	88.12317830592198	0.0	118.35658478809717	0.0	30.444462904930806	29.398624314535276	0.0	0.0	0.0	0.0	58.918051998542005	24.305661499163627	1.4596118048392397	0.0	0.0	2.220519740234033	0.0	0.0
GSM4138110_HNSCC_1_PBMC_GAGGTGATCGTCCGTT	128.81551054672138	123.2545849476125	0.0	192.78044219105598	122.5849205848251	15.65583843081226	0.0	0.0	0.0	50.51937904962151	0.0	0.0	0.0	39.30794632613001	0.0	0.0	12.879098811558888	0.0	0.0
GSM4138110_HNSCC_1_PBMC_GATCAGTAGTGTACTC	114.03208540102251	185.2824431546526	48.025791218999004	29.23041210660502	98.72362387123104	0.0	0.0	31.40150504673208	0.0	0.0	0.0	0.0	92.43383996201293	0.0	0.0	0.0	0.0	0.0	0.0
GSM4138110_HNSCC_1_PBMC_GCTCTGTAGTATCTCG	0.0	0.0	0.0	0.0	2955.7208583018705	0.0	0.0	0.0	0.0	0.0	0.0	355.5889169276094	0.0	0.0	115.64910548755333	0.0	0.0	0.0	0.0
GSM4138110_HNSCC_1_PBMC_GGAACTTTCCGATATG	137.51909224654696	74.68321251493943	0.0	98.63255267863893	56.2995607662171	21.26746544429937	0.0	0.0	0.0	0.0	0.0	0.0	0.0	85.10222345217655	0.0	0.0	0.0	0.0	0.0
GSM4138110_HNSCC_1_PBMC_GGACAGAAGCCATCGC	167.18119491251568	137.54805238491602	67.2174601367679	22.910391688758388	0.0	63.8418997426915	0.0	0.0	56.920223045047095	0.0	0.0	0.0	0.0	0.0	0.0	71.83936779601056	0.0	41.43051306772822	0.0
GSM4138110_HNSCC_1_PBMC_GGATGTTGTGCAGTAG	159.50586525380055	65.18150870962192	99.36487640769798	0.0	0.0	4.519013226791231	35.54794889274831	35.17663162999183	25.400492185210158	0.0	83.71487740320073	0.0	0.0	0.0	0.0	0.0	0.0	0.0	0.0
GSM4138110_HNSCC_1_PBMC_GTAACTGCAGCTGTTA	114.98014402187871	94.36796220756904	98.52234260697522	0.0	0.0	34.3586799614728	77.86788747075734	0.0	0.0	0.0	0.0	59.709652588024404	0.0	0.0	0.0	0.0	0.0	0.0	0.0
GSM4138110_HNSCC_1_PBMC_GTATTCTAGTAATCCC	247.50890406219625	144.20220736464975	0.0	150.55374942397196	0.0	0.6586018523926086	0.0	91.00161722759113	103.50648161084874	0.0	0.0	0.0	0.0	0.0	116.20706197596812	0.0	0.0	0.0	0.0
GSM4138110_HNSCC_1_PBMC_GTGCAGCAGTCAAGCG	0.0	0.0	0.0	3036.8373261787797	0.0	0.0	0.0	0.0	0.0	0.0	0.0	0.0	0.0	0.0	0.0	0.0	0.0	0.0	0.0
GSM4138110_HNSCC_1_PBMC_GTGCATACACAGGCCT	109.62330152577381	121.90144767471062	131.66461986065087	0.0	111.41544859658224	0.0	105.17012242705373	4.690846749237969	0.0	0.0	0.0	0.0	0.0	0.0	0.0	0.0	0.0	0.0	27.938822254878193
GSM4138110_HNSCC_1_PBMC_TACTCGCGTTTAGCTG	108.95518045576507	89.98237640110008	0.0	71.16298723867159	0.0	0.0	127.10314528003808	32.855290784388046	0.0	0.0	77.25774176449144	0.0	0.0	0.0	0.0	0.0	0.0	0.0	0.0
GSM4138110_HNSCC_1_PBMC_TACTTACGTTATGCGT	92.06985039760089	142.91945665604064	119.32194531613723	0.0	0.0	0.0	84.89788973246534	30.346516631932538	0.0	0.0	0.0	0.5742562278032499	0.0	12.671097653953638	49.762382624503715	0.0	0.0	0.0	0.0
GSM4138110_HNSCC_1_PBMC_TAGCCGGGTTCAACCA	128.89555003052078	116.41327284852062	0.0	108.15636404357124	60.19724769618014	41.363325808651446	0.0	0.0	0.0	45.353345012563274	0.0	0.0	0.0	0.0	0.0	0.0	0.0	0.0	0.0
GSM4138110_HNSCC_1_PBMC_TCAGCAATCCCAAGAT	267.11791577525685	155.54444724615905	0.0	118.67311256722019	56.963802244515854	0.0	0.0	41.7017067725836	0.0	0.0	0.0	35.251108613372004	0.0	0.0	0.0	0.0	0.0	138.1533625378348	0.0
GSM4138110_HNSCC_1_PBMC_TGACGGCGTTGAGTTC	0.0	2972.9690903539895	0.0	0.0	0.0	0.0	0.0	0.0	0.0	0.0	0.0	0.0	0.0	0.0	0.0	0.0	0.0	0.0	0.0
GSM4138110_HNSCC_1_PBMC_TTGCGTCGTACTTCTT	175.20023613554787	101.52410317069977	54.01679523041279	36.79601049277155	0.0	0.0	0.0	100.74264139148191	0.0	0.0	123.45779637098072	0.0	45.845825465507005	16.878496509244282	0.0	0.0	0.0	0.0	0.0
GSM4138110_HNSCC_1_PBMC_TTTGTCAGTTAAGATG	98.60815514820251	66.33767467834141	20.369516523616532	40.55651741252209	54.33218761173508	12.775657166586608	77.37962655649487	0.0	0.0	0.0	0.0	0.0	0.0	0.0	0.0	0.0	0.0	0.0	0.0
GSM4138110_HNSCC_1_PBMC_ACGCAGCTCGTCACGG	173.19233184452938	191.83269828700134	0.0	118.52195980095823	132.8169267615453	0.0	0.0	32.518363995417594	0.0	0.0	0.0	0.0	116.42394529133377	0.0	0.0	0.0	0.0	0.0	0.0
GSM4138110_HNSCC_1_PBMC_ATCATCTAGGAATCGC	130.29719715617418	55.86435887603039	0.0	107.85201018651453	0.0	70.50616409816011	0.0	0.0	135.32216984463386	0.0	0.0	0.0	0.0	0.0	0.0	96.65602438218305	0.0	0.0	0.0
GSM4138110_HNSCC_1_PBMC_TCAACGAGTTACGGAG	316.27017522049624	183.2890721037418	222.66108669086677	0.0	0.0	8.10256386463671	207.07363022780837	137.30038055546026	0.0	0.0	0.0	259.12254978741174	0.0	0.0	0.0	0.0	0.0	0.0	0.0
GSM4138110_HNSCC_1_PBMC_AAACCTGGTCTCCCTA	193.05543431677728	174.92765487054345	188.18823231403022	0.0	0.0	0.0	239.8488148991727	69.79256269431505	0.0	0.0	0.0	244.69311755226994	0.0	0.0	0.0	0.0	0.0	0.0	0.0
GSM4138110_HNSCC_1_PBMC_ACACCGGAGTACACCT	243.4098097836156	232.80347628604255	0.0	177.61225243982258	299.0878847118468	0.0	0.0	35.99986233642652	0.0	82.48483062802369	0.0	0.0	109.86704151093177	36.23359901555727	0.0	0.0	110.99013501416158	0.0	0.0
GSM4138110_HNSCC_1_PBMC_ACTGCTCGTGGTCCGT	219.42670400668078	156.7408188461128	126.40547668021442	56.72308661035193	167.39207140014565	99.8072984210255	0.0	13.763435508657219	0.0	0.0	0.0	0.0	0.0	0.0	0.0	0.0	0.0	199.439541174705	0.0
GSM4138110_HNSCC_1_PBMC_AGCTCTCGTTAGTGGG	228.55535738753838	240.42351297989512	238.70175331390374	0.0	0.0	103.09159512469557	0.0	0.0	0.0	18.561251243468778	0.0	258.34927289626324	146.5740623520956	0.0	0.0	0.0	0.0	0.0	0.0
GSM4138110_HNSCC_1_PBMC_ATGGGAGAGGATGCGT	191.71448823979253	214.21246558205019	0.0	264.6002291716896	0.0	0.0	0.0	0.0	0.0	268.4565249966397	30.12105217429771	0.0	0.0	0.0	97.65659628239712	104.95666170832011	96.14590057474607	0.0	0.0
GSM4138110_HNSCC_1_PBMC_ATTATCCTCGGAAATA	281.3050014296352	201.04230719659537	27.707414615262703	180.03570403302723	90.62292323686381	0.0	92.80975020113584	100.43349031129192	54.36128338052796	0.0	0.0	0.0	0.0	0.0	19.337935220823816	90.2968365384007	0.0	0.0	0.0
GSM4138110_HNSCC_1_PBMC_CATCAGATCGCAAACT	243.09374732639233	204.92160412646692	196.19027465439595	0.0	0.0	74.3907764105152	174.29458778847643	0.0	0.0	0.0	0.0	0.0	0.0	0.0	196.07085699402822	0.0	0.0	0.0	0.0
GSM4138110_HNSCC_1_PBMC_CGTAGCGCATGCAACT	310.24514164340417	197.09038245940678	0.0	303.1208764242397	0.0	116.93599163469429	0.0	0.0	0.0	0.0	59.366240440861304	215.86288574104134	129.4899596956864	0.0	0.0	0.0	0.0	0.0	0.0
GSM4138110_HNSCC_1_PBMC_CGTCACTTCACGAAGG	285.2294976198007	219.130995896569	0.0	177.28803406254457	0.0	115.0860632373117	0.0	0.0	240.81798109501702	0.0	0.0	0.0	0.0	0.0	197.7889638686894	0.0	0.0	0.0	0.0
GSM4138110_HNSCC_1_PBMC_GCATACACACCAGCAC	164.5770044588244	187.78288312629311	0.0	233.78304844633905	0.0	0.0	0.0	0.0	0.0	0.0	0.0	0.0	0.0	195.4915947651108	175.8310468682564	0.0	89.17851829966939	0.0	0.0
GSM4138110_HNSCC_1_PBMC_GCGACCAGTCGATTGT	239.88430256667633	177.42847643805257	165.58172016190505	56.514425462413406	0.0	0.0	0.0	0.0	0.0	70.11142527033398	0.0	192.41591511869905	0.0	117.00058822129252	0.0	0.0	0.0	0.0	129.16258712318643
GSM4138110_HNSCC_1_PBMC_TACTTACTCGGCGCAT	60.46493211384897	75.9752144331911	0.0	27.934127268603007	0.0	0.0	0.0	46.47701017554316	0.0	0.0	95.90471600650528	0.0	0.0	84.11439027474222	0.0	0.0	0.0	0.0	0.0
GSM4138110_HNSCC_1_PBMC_ACCGTAAGTTACGTCA	88.87345573528023	92.61429367600206	111.35625506886176	0.0	0.0	114.05264010670201	0.0	0.0	0.0	0.0	0.0	0.0	180.45452023079443	0.0	0.0	154.85754627910973	0.0	0.0	0.0
GSM4138110_HNSCC_1_PBMC_ATCCACCAGACAGACC	66.13865962371035	48.4315744120079	94.27219650980676	0.0	16.40227001302197	0.0	0.0	153.8440205302292	0.0	0.0	0.0	0.0	0.0	93.08696721178099	0.0	48.547330444713474	0.0	0.0	0.0
GSM4138110_HNSCC_1_PBMC_ATGAGGGGTATATGGA	233.92707579068409	287.7696109997492	299.55948132148353	0.0	0.0	113.68908286970876	186.51202955587382	0.0	0.0	0.0	0.0	0.0	0.0	0.0	0.0	207.10775651754128	66.84943226522303	0.0	0.0
GSM4138110_HNSCC_1_PBMC_CACCAGGGTCAGAATA	87.82937586630554	130.5763037923259	223.9305134343772	0.0	0.0	61.86097871002332	100.02488167632904	0.0	0.0	0.0	0.0	0.0	0.0	9.615275659923787	0.0	238.34941012081282	0.0	0.0	0.0
GSM4138110_HNSCC_1_PBMC_CAGCAGCTCAAAGTAG	125.84909026031768	97.67131673225451	122.24585206243702	0.0	173.90704988998246	71.69119392832334	85.74788573573991	0.0	0.0	0.0	0.0	0.0	0.0	0.0	0.0	0.0	0.0	0.0	0.0
GSM4138110_HNSCC_1_PBMC_CATCCACCAGTAACGG	76.01268886546387	164.51315265137953	0.0	164.03289180704726	0.0	0.0	72.87787227131722	99.15198562085563	0.0	100.19490024652866	0.0	0.0	0.0	0.0	105.4623717151762	0.0	0.0	0.0	0.0
GSM4138110_HNSCC_1_PBMC_CCTTTCTCATCCTAGA	177.73841306860015	145.17992442561632	92.63815173329749	0.0	0.0	70.48722766134927	0.0	0.0	134.80921038615782	0.0	0.0	0.0	0.0	0.0	0.0	122.07039895012554	0.0	0.0	0.0
GSM4138110_HNSCC_1_PBMC_CGTAGGCTCTACCAGA	104.25387094358297	127.71226455666995	128.94216802043763	0.0	0.0	96.94303236986197	0.0	0.0	148.91906900357966	0.0	0.0	0.0	0.0	0.0	131.18303114762801	0.0	0.0	0.0	0.0
GSM4138110_HNSCC_1_PBMC_CTGCCTAAGGACATTA	39.1667364251063	176.7816535899987	108.60546785915345	0.0	122.37907084352427	90.3514900013434	0.0	0.0	117.4323599845773	0.0	0.0	0.0	0.0	0.0	0.0	3.922393915606245	0.0	0.0	0.0
GSM4138110_HNSCC_1_PBMC_CTTTGCGGTGGTCCGT	114.77780098053793	127.1418842912643	11.041664915042487	107.97956465898035	56.66816055696581	61.53427605654859	101.81817949615095	0.0	0.0	0.0	0.0	0.0	0.0	0.0	0.0	0.0	0.0	0.0	0.0
GSM4138110_HNSCC_1_PBMC_GAAACTCAGACAAGCC	159.5237209724074	111.88591120603468	100.05193293907168	0.0	0.0	102.03144753841633	76.14179017297319	0.0	0.0	0.0	0.0	0.0	30.24492191804827	48.98616097704294	45.611285257982686	99.90941115951365	0.0	0.0	0.0
GSM4138110_HNSCC_1_PBMC_GACCAATAGCCCGAAA	166.4016949525823	171.71394767064814	250.24406770057146	0.0	0.0	98.60640950458536	0.0	40.66317633995045	0.0	186.95439333342176	0.0	0.0	0.0	0.0	0.0	152.1455916949181	0.0	0.0	0.0
GSM4138110_HNSCC_1_PBMC_GACCAATAGGGCTCTC	225.76138674267872	183.55118768274147	0.0	133.8944918634412	0.0	85.78844897775697	120.9583824797518	0.0	0.0	0.0	0.0	0.0	0.0	0.0	0.0	139.06436442371933	0.0	0.0	0.0
GSM4138110_HNSCC_1_PBMC_GATGCTATCCTCTAGC	185.2749952237003	148.74091917676506	198.30203361029882	0.0	0.0	0.0	117.87153963679857	138.29268927694122	0.0	0.0	189.28943610398989	0.0	0.0	0.0	0.0	0.0	0.0	0.0	0.0
GSM4138110_HNSCC_1_PBMC_GCTGCGATCCCGACTT	47.09265353274902	71.78979932399724	48.75381364503063	25.566847675790005	0.0	0.0	0.0	51.97997906521434	0.0	0.0	0.0	0.0	95.57675442851907	0.0	0.0	88.4214417392467	0.0	0.0	0.0
GSM4138110_HNSCC_1_PBMC_GTTACAGCAAGTTGTC	114.54857433604938	107.0124188011849	125.93138944489213	0.0	0.0	67.04613671299802	51.38463584514641	0.0	0.0	0.0	0.0	0.0	0.0	0.0	0.0	132.45379548575497	0.0	0.0	0.0
GSM4138110_HNSCC_1_PBMC_TAGGCATTCAGCGACC	116.62200600673427	130.3316151511598	0.0	166.85017925182652	0.0	107.42289028658489	151.7033435737658	0.0	0.0	0.0	0.0	0.0	0.0	0.0	0.0	107.5093404012112	0.0	0.0	0.0
GSM4138110_HNSCC_1_PBMC_TCGTACCTCCATGAAC	56.84573357974899	95.96599154760469	92.89400394853352	0.0	0.0	75.73438443917871	0.0	0.0	86.28337376357292	35.99190194338116	0.0	47.18539687360861	161.54431248018858	0.0	0.0	34.00306777739918	0.0	0.0	0.0
GSM4138110_HNSCC_1_PBMC_TGCGCAGAGAGTCGGT	193.5254170957087	114.66447520191525	80.97031611675992	0.0	0.0	71.56161389053246	120.79332468612041	0.0	0.0	0.0	0.0	0.0	0.0	0.0	0.0	136.36781351681535	0.0	0.0	0.0
GSM4138110_HNSCC_1_PBMC_TTGCCGTTCCTATTCA	126.8091059666717	99.86329871329508	169.95493758728125	0.0	0.0	0.0	0.0	72.12045371833408	171.1341056908247	0.0	0.0	0.0	0.0	0.0	0.0	323.0573568176459	0.0	0.0	0.0
GSM4138110_HNSCC_1_PBMC_TTTACTGAGTCCCACG	111.04806046834356	70.39694833553789	168.75912473239603	0.0	0.0	0.1979774617510806	22.69100213426973	97.7858218460736	0.0	0.0	0.0	0.0	97.6727819772269	0.0	0.0	267.03628982141134	0.0	0.0	0.0
GSM4138110_HNSCC_1_PBMC_ACGGGTCGTCTTGATG	66.24105035550247	101.59960898360995	55.855104957213776	0.0	0.0	0.0	73.83405594961698	49.510743382693015	0.0	0.0	54.56350944853786	0.0	0.0	0.0	0.0	0.0	12.742681271316133	0.0	0.0
GSM4138110_HNSCC_1_PBMC_AGTGAGGAGGAATCGC	60.3176587284649	59.03046417436118	42.4263785530554	0.0	0.0	5.558765011437411	0.0	57.59309146455436	0.0	113.46306700642468	0.0	88.50593796399755	0.0	0.0	0.0	0.0	0.0	0.0	0.0
GSM4138110_HNSCC_1_PBMC_ATGTGTGCAAGCTGGA	152.614262920157	168.80580538692092	145.65718949664895	0.0	18.503098369661526	49.971400344905234	127.67871578778941	40.95724365007877	0.0	0.0	0.0	13.101070158165511	0.0	0.0	0.0	33.0435605468519	0.0	0.0	0.0
GSM4138110_HNSCC_1_PBMC_CGACCTTAGTTACGGG	150.6396474388076	169.99265698796546	112.26405654417208	10.179506041199842	53.08352486656089	0.0	6.801339635502099	7.299856715307867	142.83354340375763	0.0	0.0	0.0	0.0	0.0	0.0	0.0	104.24814099710949	0.0	0.0
GSM4138110_HNSCC_1_PBMC_GCGACCACATGCATGT	146.6243135916076	108.50120352853672	0.0	91.69943673733526	143.12364243537684	59.108887265284274	0.0	0.0	61.691765344693934	34.07192496073531	0.0	0.0	0.0	0.0	0.0	0.0	0.0	0.0	0.0
GSM4138110_HNSCC_1_PBMC_GGATTACGTGCATCTA	152.55057587879648	68.20512056600809	0.0	103.38304099462864	0.0	71.19653519783934	0.0	0.0	0.0	0.0	0.0	77.16636488773449	0.0	100.61111010876928	36.478500225594196	0.0	0.0	0.0	0.0
GSM4138110_HNSCC_1_PBMC_GTGCAGCCACCAGATT	77.5576881580178	37.47878197336755	78.18056217761486	2.305161245263023	47.30419808724784	0.0	56.33966766917562	14.91023168729693	0.0	0.0	21.764910652502838	0.0	0.0	13.315874309851242	0.0	0.0	61.91151479164671	0.0	0.0
GSM4138110_HNSCC_1_PBMC_GTGCGGTTCTATGTGG	189.7506261005324	83.7694583967685	65.69499070745177	105.02679767968972	3.5761969216871026	0.0	21.66654571037656	97.28691499293369	0.0	0.0	63.38859237996277	0.0	0.0	44.33607543295935	0.0	0.0	0.0	0.0	0.0
GSM4138110_HNSCC_1_PBMC_GTTCATTTCCCTCTTT	86.56585040152724	71.22465343897046	107.03999139819074	0.0	0.0	30.55614276012162	0.0	20.133009516077312	0.0	0.0	0.0	109.06530538179699	0.0	0.0	0.0	0.0	0.0	63.186432206180505	0.0
GSM4138110_HNSCC_1_PBMC_TCATTACGTAATCACC	89.46873992575182	141.41873679658008	0.0	214.66542056081292	76.28101765605949	0.0	0.0	50.0074537576113	0.0	0.0	59.058938402656686	0.0	26.917803212419393	0.0	0.0	0.0	0.0	78.81288489268249	0.0
GSM4138110_HNSCC_1_PBMC_TTGCCGTTCAGAAATG	138.05744856919918	104.41144120960739	47.36351544220171	20.067369791661775	0.0	42.22742408734893	98.81414075307664	17.228784998873945	0.0	0.0	0.0	66.32651781267428	0.0	0.0	0.0	0.0	0.0	0.0	0.0
GSM4138110_HNSCC_1_PBMC_TTTGCGCAGTAGCGGT	215.4105676008831	104.11427049452254	169.9227389833402	0.0	0.0	32.53349249319066	0.0	42.76613637112288	0.0	257.86256489572617	0.0	184.2843248814138	0.0	0.0	0.0	0.0	0.0	0.0	0.0
GSM4138110_HNSCC_1_PBMC_TTTGGTTAGCACAGGT	117.75399699522319	65.08304373600016	142.03654551565998	0.0	0.0	0.0	0.0	45.39633209560662	62.45210184296494	0.0	3.4414045578644634	0.0	0.0	0.0	0.0	90.42097084877832	21.953545121563174	62.07917119116217	0.0
