	1	2	3	4	5	6	7	8	9	10	11	12	13	14	15	16	17	18	19	20	21	22
GSM4138110_HNSCC_1_PBMC_AAACCTGAGGAGCGTT	0.0	0.0	0.0	0.0	0.0	0.0	0.03498040361351075	0.0	0.0	78.16024164235888	0.0	57.889778459977954	0.0	0.0	0.0	0.0	0.0	102.41454755999564	0.0	0.0	0.0	0.0
GSM4138110_HNSCC_1_PBMC_AAACCTGCAGATGAGC	0.0	84.34630924336652	0.0	89.38962579863447	0.0	0.0	123.57439038829897	0.0	0.0	0.0	0.0	0.0	0.0	0.0	0.0	0.0	0.0	0.0	0.0	0.0	0.0	0.0
GSM4138110_HNSCC_1_PBMC_AACGTTGAGACTGGGT	73.05813661372717	40.96376913432498	0.0	0.0	0.0	0.0	0.0	0.0	0.0	0.0	0.0	8.354015302636462	0.0	0.0	0.0	39.57615774177958	0.0	0.0	0.0	0.0	0.0	0.0
GSM4138110_HNSCC_1_PBMC_AACGTTGGTTACGACT	0.0	0.0	31.428160958903305	0.0	0.0	28.557550965566566	0.0	0.0	0.0	0.0	0.0	95.21191211874753	0.0	0.0	0.0	0.0	0.0	0.0	5.367376948580235	0.0	0.0	0.0
GSM4138110_HNSCC_1_PBMC_AACGTTGTCTAAGCCA	19.756297290123776	22.902425233562557	60.90941115671279	0.0	0.0	61.48181260134331	0.0	0.0	0.0	0.0	0.0	30.68391155677055	0.0	0.0	0.0	0.0	0.0	0.0	0.0	0.0	0.0	0.0
GSM4138110_HNSCC_1_PBMC_AACTCCCCATTTCAGG	0.0	0.0	0.0	0.0	0.0	0.0	28.900456806494	36.509570629421624	0.0	0.0	0.0	12.15117776875211	16.825038050154717	0.0	0.0	0.0	59.267527773856884	0.0	82.13061069005879	0.0	0.0	0.0
GSM4138110_HNSCC_1_PBMC_AAGCCGCCACTTCTGC	59.06272141883413	36.48756187301813	38.920068102720194	39.524881874243945	0.0	0.0	0.0	0.0	0.0	0.0	0.0	0.0	0.0	33.67537728652087	0.0	0.0	0.0	0.0	0.0	0.0	0.0	0.0
GSM4138110_HNSCC_1_PBMC_AAGGTTCGTCTCTTAT	0.0	0.0	111.99063565755826	0.0	0.0	0.0	0.0	0.0	0.0	0.0	55.79013298412994	77.85976470956113	0.0	0.0	0.0	0.0	0.0	0.0	0.0	0.0	0.0	0.0
GSM4138110_HNSCC_1_PBMC_AAGTCTGAGTACCGGA	60.59285617633738	0.0	0.0	0.0	0.0	1.2235636504208611	0.0	54.264831926234244	0.0	26.339909582360455	0.0	0.0	0.0	0.0	19.159050918443477	0.0	0.0	0.0	0.0	0.0	0.0	0.0
GSM4138110_HNSCC_1_PBMC_AAGTCTGGTTGCCTCT	31.913917852074476	0.0	7.905882403028753	0.0	3.266936479638289	60.17593626998052	0.0	0.0	52.28232528816597	0.0	0.0	0.0	0.0	0.0	0.0	0.0	0.0	0.0	0.0	0.0	0.0	0.0
GSM4138110_HNSCC_1_PBMC_AAGTCTGTCCAAACTG	0.0	0.0	92.4209976873254	0.0	0.0	0.0	78.21450259368082	0.0	0.0	0.0	0.0	0.0	0.0	74.48471023030166	0.0	0.0	0.0	0.0	0.0	0.0	0.0	0.0
GSM4138110_HNSCC_1_PBMC_ACATGGTCACATGGGA	0.0	0.0	42.052364169074394	0.0	0.0	0.0	148.38979813387834	0.0	0.0	0.0	43.67858246126797	0.0	0.0	0.0	0.0	0.0	0.0	0.0	0.0	0.0	0.0	0.0
GSM4138110_HNSCC_1_PBMC_ACGAGCCAGTATCTCG	0.0	55.62966865135425	0.0	0.0	0.0	0.0	37.7200222904503	0.0	0.0	0.0	0.0	13.53645749259844	0.0	138.96914187574544	8.459845189357246	0.0	0.0	0.0	0.0	0.0	0.0	0.0
GSM4138110_HNSCC_1_PBMC_ACGAGCCCACTTAACG	0.0	0.0	0.0	0.0	38.59469524338108	1.8511627277232878	0.0	0.0	0.0	0.0	0.0	0.0	118.71334857106432	0.0	0.0	0.0	130.3475728321842	0.0	131.5105028131619	0.0	0.0	0.0
GSM4138110_HNSCC_1_PBMC_ACTATCTTCTTCCTTC	64.22034563478356	0.0	0.0	132.81745546306993	0.0	0.0	0.0	0.0	0.0	73.44595696977827	0.0	0.0	0.0	0.0	0.0	0.0	0.0	0.0	0.0	0.0	0.0	0.0
GSM4138110_HNSCC_1_PBMC_AGAGCTTAGAGCTGGT	0.0	0.0	2.9755566459654	0.0	0.0	0.0	0.0	0.0	0.0	113.66831141071357	0.0	5.865633182239145	71.52838702700771	0.0	0.0	0.0	91.47908118477004	0.0	0.0	0.0	0.0	0.0
GSM4138110_HNSCC_1_PBMC_AGATTGCGTCGCCATG	13.864841456775585	0.0	0.0	0.0	0.0	0.0	39.14011416552973	0.0	68.89394937144976	0.0	0.0	0.0	0.0	0.0	0.0	0.0	88.5634469855404	0.0	0.0	0.0	0.0	0.0
GSM4138110_HNSCC_1_PBMC_AGCGTATGTTATCCGA	0.0	97.35220715075535	0.0	0.0	0.0	6.071544907566423	47.71243121151129	0.0	0.0	0.0	26.884009419243515	0.0	0.0	0.35763020440193843	38.780969974239355	0.0	41.90951468205705	0.0	0.0	0.0	0.0	0.0
GSM4138110_HNSCC_1_PBMC_AGGCCACAGTACTTGC	7.320077345187877	0.0	55.21899956919037	0.0	83.00805451604485	0.0	0.0	0.0	0.0	0.0	0.0	30.326702913791483	0.0	0.0	0.0	0.0	0.0	20.32132873767977	0.0	0.0	0.0	0.0
GSM4138110_HNSCC_1_PBMC_AGGCCACCACTAAGTC	0.0	182.15825204443573	0.0	0.0	62.42262305945953	0.0	0.0	0.0	0.0	0.0	0.0	261.8646778942986	0.0	0.0	0.0	0.0	55.66710516978839	0.0	0.0	0.0	0.0	0.0
GSM4138110_HNSCC_1_PBMC_AGTAGTCTCTTAGCCC	0.0	0.0	0.0	19.64802579182809	48.0524931865633	0.0	133.74202908596536	0.0	2.250009419182683	0.0	0.0	0.0	0.0	0.0	0.0	0.0	0.0	0.0	0.0	0.0	0.0	0.0
GSM4138110_HNSCC_1_PBMC_AGTGAGGGTGGCCCTA	0.0	80.65661497200041	0.0	18.092948899775276	0.0	0.0	65.40359976594827	0.0	0.0	0.0	0.0	0.0	0.0	0.0	0.0	107.95701577862658	0.0	0.0	0.0	0.0	0.0	0.0
GSM4138110_HNSCC_1_PBMC_AGTGTCATCTCGCATC	0.0	47.60723647180171	0.0	0.0	0.0	0.0	36.59240186093428	0.0	0.0	0.0	0.0	0.0	7.714935896286157	0.0	0.0	65.56543613187395	0.0	0.0	0.0	0.0	0.0	0.0
GSM4138110_HNSCC_1_PBMC_AGTTGGTCATGGTTGT	0.0	0.0	108.20231903900894	0.0	0.0	0.0	96.0648163428356	0.0	0.0	0.0	0.0	0.0	0.0	104.59329400064365	0.0	0.0	0.0	0.0	0.0	0.0	0.0	0.0
GSM4138110_HNSCC_1_PBMC_AGTTGGTTCTTGGGTA	36.45557606593459	66.40479952304176	0.0	0.0	0.0	0.0	0.0	0.0	0.0	3.2741773217106207	4.007781994464958	0.0	0.0	31.070802306687373	0.0	26.483415270303826	0.0	0.0	0.0	0.0	0.0	0.0
GSM4138110_HNSCC_1_PBMC_ATCTACTAGGGTGTGT	226.59118573582535	0.0	0.0	0.0	0.0	78.81956020772864	0.0	0.0	0.0	170.86974983662304	153.6998453896537	0.0	0.0	0.0	0.0	0.0	0.0	0.0	0.0	0.0	0.0	0.0
GSM4138110_HNSCC_1_PBMC_ATCTACTAGTACGTTC	0.0	0.0	95.40818713649482	0.0	12.422616211769698	61.272899145611156	0.0	0.0	0.0	0.0	0.0	14.338459598224887	66.81221652262973	0.0	0.0	0.0	0.0	0.0	0.0	0.0	0.0	0.0
GSM4138110_HNSCC_1_PBMC_ATGAGGGCAAGCGATG	47.99015806107772	0.0	0.0	0.0	0.0	69.8591928896613	0.0	0.0	0.0	60.325768224847025	0.0	0.0	0.0	0.0	0.0	0.0	0.0	0.0	0.0	0.0	0.0	0.0
GSM4138110_HNSCC_1_PBMC_ATGAGGGCACACAGAG	79.8983903430542	0.0	0.0	11.946476832906885	18.169696949007445	0.0	0.0	0.0	0.0	31.050613346738043	0.0	0.0	0.0	0.0	0.0	0.0	0.0	33.38456318086908	0.0	0.0	0.0	0.0
GSM4138110_HNSCC_1_PBMC_ATGCGATGTTTGACAC	0.0	0.0	77.18079770123512	0.0	0.0	0.0	36.93149907540981	0.0	3.8721769793062037	0.0	0.0	0.0	0.0	53.40062008624613	0.0	0.0	0.0	0.0	0.0	0.0	0.0	0.0
GSM4138110_HNSCC_1_PBMC_ATGTGTGCATGCGCAC	0.0	0.0	37.74844049421664	57.191713421608966	0.0	0.0	64.4924642248854	0.0	0.0	0.0	0.0	0.0	0.0	0.0	0.0	0.0	0.0	0.0	0.0	0.0	0.0	0.0
GSM4138110_HNSCC_1_PBMC_ATTACTCTCATGCTCC	0.0	0.0	5.910850472342109	0.0	0.0	0.0	0.0	118.50785502011821	1.162572013008625	53.345906640995445	0.0	0.0	0.0	0.0	0.0	0.0	0.0	0.0	0.0	0.0	0.0	50.69740342727682
GSM4138110_HNSCC_1_PBMC_ATTATCCGTCACACGC	0.0	0.0	0.0	0.0	0.0	94.6991432997251	35.989815729405485	0.0	0.0	116.62681306766336	0.0	0.0	0.0	0.0	0.0	0.0	0.0	0.0	0.0	0.0	0.0	0.0
GSM4138110_HNSCC_1_PBMC_ATTGGACAGAGATGAG	66.38923731927247	74.8549519465207	0.0	0.0	92.64518144329719	0.0	0.0	0.0	0.0	0.0	0.0	0.0	0.0	0.0	0.0	0.0	0.0	0.0	0.0	0.0	0.0	0.0
GSM4138110_HNSCC_1_PBMC_ATTGGTGCAGTGAGTG	62.88943647608018	0.0	0.0	0.0	0.0	16.779370142019033	0.0	45.58213473532109	62.49686056602707	0.0	0.0	0.0	0.0	0.0	0.0	0.0	0.5164179385995911	0.0	0.0	0.0	0.0	0.0
GSM4138110_HNSCC_1_PBMC_CAACCAAGTTATCGGT	32.010520833306636	0.0	46.93956895337933	0.0	37.85217328443469	0.0	0.0	0.0	0.0	0.0	0.0	0.0	0.0	44.22689846409903	0.0	0.0	0.0	0.0	0.0	0.0	0.0	0.0
GSM4138110_HNSCC_1_PBMC_CAACCAATCCTTGACC	27.92003423899699	5.65857285322577	0.0	0.0	0.0	0.0	0.0	3.4339882754005866	0.0	54.777133180160135	0.0	0.0	0.0	0.0	22.006296148098144	0.0	0.0	42.386431146807425	0.0	0.0	0.0	0.0
GSM4138110_HNSCC_1_PBMC_CACAGTAGTCTCCATC	134.92122825593947	0.0	25.714968095342094	0.0	0.0	95.12587338076904	0.0	0.0	0.0	0.0	0.0	0.0	0.0	0.0	0.0	0.0	0.0	0.0	0.0	0.0	0.0	0.0
GSM4138110_HNSCC_1_PBMC_CACATAGCAAAGCGGT	0.0	28.45539399445118	0.0	86.24310793260429	0.0	0.0	22.650719863714347	0.0	0.0	18.19785266077736	0.0	0.0	0.0	0.0	0.0	0.0	0.0	0.0	0.0	0.0	0.0	0.0
GSM4138110_HNSCC_1_PBMC_CACATAGCACCTCGTT	0.0	0.0	0.0	0.0	0.0	70.55209269210053	0.0	0.0	0.0	85.7061725142885	0.0	54.19599628481936	0.0	0.0	0.0	0.0	0.0	0.0	0.0	0.0	0.0	0.0
GSM4138110_HNSCC_1_PBMC_CACATTTGTGCACTTA	56.406541996749965	0.0	0.0	27.151896625807908	0.0	0.0	0.0	0.0	0.0	45.46946738003345	0.0	0.0	0.0	53.91474374910678	0.0	0.0	0.0	0.0	0.0	0.0	0.0	0.0
GSM4138110_HNSCC_1_PBMC_CACATTTTCCCATTAT	0.0	0.0	0.0	0.0	19.369159579918566	8.62772667427831	49.501461501204126	0.0	68.86701022940017	0.0	10.982595363886478	0.0	10.445097462589727	0.0	0.0	0.0	17.27197247700958	0.0	0.0	0.0	0.0	0.0
GSM4138110_HNSCC_1_PBMC_CACATTTTCTGGTTCC	69.57210612303057	58.57091591941491	0.0	0.0	0.0	33.71562336528953	0.0	0.0	0.0	0.0	28.31641303511104	0.0	0.0	0.0	0.0	0.0	0.0	0.0	0.0	0.0	0.0	0.0
GSM4138110_HNSCC_1_PBMC_CACCAGGTCGTGGGAA	84.10358608139626	21.645621566661706	0.0	0.0	0.0	0.0	0.0	0.0	21.057133222758257	0.0	0.0	0.0	0.0	0.0	38.90926651851902	65.4937783920174	0.0	0.0	0.0	0.0	0.0	0.0
GSM4138110_HNSCC_1_PBMC_CAGCAGCCAATGGTCT	31.350400831254742	52.537002956791056	0.0	0.0	0.0	0.0	0.0	75.6194253564248	0.0	0.0	0.0	0.0	0.0	0.0	0.0	0.0	0.0	0.0	0.0	0.0	0.0	0.0
GSM4138110_HNSCC_1_PBMC_CAGCATAGTCCGAGTC	0.0	98.30970273126763	0.0	13.249070919623872	0.0	0.0	37.86708395313994	0.0	0.0	0.0	0.0	0.0	0.0	0.0	0.0	24.319686953567434	0.0	0.0	0.0	0.0	0.0	0.0
GSM4138110_HNSCC_1_PBMC_CAGCCGAAGCCCAACC	64.47887273496787	0.0	71.91978554462311	0.0	0.0	18.15655936266439	0.0	0.0	0.0	0.0	0.0	0.0	0.0	0.0	0.0	0.0	35.61352224128652	0.0	0.0	0.0	0.0	0.0
GSM4138110_HNSCC_1_PBMC_CAGCCGACATCGACGC	0.0	0.0	0.0	0.0	0.0	10.044498036445399	0.0	0.0	60.67376258316462	0.0	0.0	64.1588635803336	0.0	0.0	0.0	0.0	54.92030224301622	0.0	0.0	0.0	0.0	0.0
GSM4138110_HNSCC_1_PBMC_CATATTCTCCGCGTTT	0.0	0.0	0.0	0.0	0.0	0.0	63.686855133916815	0.0	69.07846743847382	0.0	54.694525812346946	0.0	0.0	0.0	0.0	0.0	0.0	0.0	0.0	0.0	0.0	0.0
GSM4138110_HNSCC_1_PBMC_CCAATCCCATTAGCCA	61.15754345076955	0.0	0.5794260313125521	0.0	0.0	0.0	0.0	0.0	0.0	94.35312105256052	92.15147492324706	0.0	0.0	0.0	0.0	0.0	0.0	0.0	0.0	0.0	0.0	0.0
GSM4138110_HNSCC_1_PBMC_CCACGGAAGATCGGGT	42.37058884480339	27.036181885151773	33.21463378011479	48.124494844432576	32.210196024441885	0.0	0.0	0.0	0.0	0.0	0.0	0.0	16.491377312634324	0.0	0.0	30.884392784259244	21.015958268480226	0.0	0.0	0.0	0.0	0.0
GSM4138110_HNSCC_1_PBMC_CCATGTCAGAGGTAGA	0.0	0.0	74.40240000324064	62.74679169815608	0.0	0.0	44.9088264118999	0.0	0.0	0.0	0.0	0.0	0.0	0.0	0.0	44.98749950699875	0.0	0.0	0.0	0.0	0.0	0.0
GSM4138110_HNSCC_1_PBMC_CCATGTCCATGCCCGA	42.68757108085669	0.0	18.5225741944878	102.06701094955673	15.738398111555174	0.0	0.0	0.0	0.0	61.940484207332425	0.0	0.0	0.0	0.0	0.0	0.0	0.0	0.0	0.0	0.0	0.0	0.0
GSM4138110_HNSCC_1_PBMC_CCGGTAGAGCTCCTCT	68.15545019698381	0.0	0.0	0.0	0.0	0.0	0.0	53.3375527501406	0.0	86.2388202331067	0.0	0.0	0.0	0.0	0.0	0.0	0.0	0.0	0.0	0.0	0.0	0.0
GSM4138110_HNSCC_1_PBMC_CCTCTGAAGGGATCTG	52.52487275093143	47.79359299716051	0.0	0.0	0.0	4.070366508185083	0.0	67.42180694967801	0.0	0.0	0.0	0.0	0.0	0.0	0.0	0.0	0.0	0.0	0.0	0.0	0.0	0.0
GSM4138110_HNSCC_1_PBMC_CGAACATGTTCGTTGA	0.0	82.1054420128452	0.0	0.0	0.0	0.0	0.0	43.91985700898681	0.0	0.0	0.0	35.64452926080613	0.0	0.0	0.0	0.0	0.0	0.0	0.0	0.0	0.0	0.0
GSM4138110_HNSCC_1_PBMC_CGAACATTCTGTCCGT	76.10594421531502	0.0	44.78990289160077	0.0	0.0	1.9617154661711402	0.0	0.0	30.760683438507485	0.0	59.302410875193885	0.0	0.0	0.0	0.0	0.0	0.0	0.0	0.0	0.0	0.0	0.0
GSM4138110_HNSCC_1_PBMC_CGAATGTAGCGTCTAT	58.88817414954921	0.0	0.0	0.0	0.0	0.0	0.0	0.0	0.0	40.697374724593395	22.139287523305494	0.0	0.0	0.0	0.0	0.0	30.40487986187767	0.0	0.0	0.0	0.0	0.0
GSM4138110_HNSCC_1_PBMC_CGGGTCAAGTCTCGGC	15.698518739884298	0.0	0.0	0.0	0.0	0.0	0.0	0.0	0.0	0.0	51.38763632109824	0.0	0.0	8.191565050147092	0.0	0.0	0.0	0.0	122.72639131390748	0.0	0.0	0.0
GSM4138110_HNSCC_1_PBMC_CGTCTACCAAGCGTAG	0.0	0.0	55.102903664117584	0.0	0.0	124.37222167189275	0.0	0.0	14.62499907252827	9.939262900998267	0.0	0.0	64.5072148112107	0.0	0.0	0.0	0.0	0.0	0.0	0.0	0.0	0.0
GSM4138110_HNSCC_1_PBMC_CGTGTCTAGGTCGGAT	79.93288704271544	0.0	0.0	0.0	0.0	0.0	0.0	3.5217193574848777	80.90884288409787	0.0	0.0	0.0	0.0	0.0	0.0	78.91270625563146	0.0	0.0	0.0	0.0	0.0	0.0
GSM4138110_HNSCC_1_PBMC_CGTTAGACATCCAACA	21.0843666966314	0.0	0.0	0.0	0.0	0.0	0.0	0.0	0.0	122.33173666270899	34.289807867126136	0.0	0.0	0.0	0.0	0.0	0.0	0.0	0.0	0.0	0.0	0.0
GSM4138110_HNSCC_1_PBMC_CGTTGGGCATATGCTG	0.0	0.0	0.0	53.5691878989558	0.0	0.0	0.0	0.0	0.0	65.7950239682901	0.0	0.0	0.0	0.0	0.0	10.39310117287807	0.0	0.0	0.0	6.62987919400938	39.15944255399157	0.0
GSM4138110_HNSCC_1_PBMC_CTAATGGTCTCGCTTG	0.0	0.0	0.0	0.0	0.0	0.0	0.0	0.0	31.70349217809777	0.0	0.0	0.0	59.85835889819958	51.921752701773855	0.0	0.0	0.0	0.0	0.0	0.0	0.0	0.0
GSM4138110_HNSCC_1_PBMC_CTACATTTCACCAGGC	68.72101693157977	60.49677517444325	0.0	0.0	0.0	66.97649587556262	0.0	0.0	0.0	0.0	0.0	0.0	0.0	0.0	0.0	0.0	0.0	0.0	0.0	0.0	0.0	0.0
GSM4138110_HNSCC_1_PBMC_CTACGTCTCGAACGGA	36.708247889680685	0.0	0.0	0.0	0.0	0.0	0.0	0.0	0.0	70.0736978691482	0.0	0.0	0.0	0.0	0.0	32.063435043948196	0.0	0.0	0.0	0.0	0.0	0.0
GSM4138110_HNSCC_1_PBMC_CTAGAGTCACTTACGA	0.0	0.0	47.01750480822131	0.0	0.0	106.51158787197392	36.002000321891956	0.0	9.720355386624673	0.0	0.0	0.0	0.0	0.0	0.0	0.0	0.0	0.0	0.0	0.0	0.0	0.0
GSM4138110_HNSCC_1_PBMC_CTCAGAATCCGGGTGT	0.0	22.924642321605475	28.169115026442057	0.0	89.76258275432417	0.0	0.0	0.0	0.0	0.0	0.0	0.0	42.05333095770631	0.0	0.0	0.0	0.0	0.0	0.0	0.0	0.0	0.0
GSM4138110_HNSCC_1_PBMC_CTCGGGATCAATACCG	0.0	96.3340446126536	0.0	0.0	0.0	0.0	59.9143492166006	0.0	0.0	0.0	0.0	0.0	0.0	0.0	0.0	0.0	0.0	165.4755981127007	0.0	0.0	0.0	0.0
GSM4138110_HNSCC_1_PBMC_CTCGTACAGATCGGGT	233.34742446613328	163.74422720067957	0.0	118.56465713717506	53.829906759734726	0.0	0.0	0.0	0.0	0.0	0.0	0.0	0.0	29.926760044288148	0.0	0.0	0.0	16.801375059516197	0.0	0.0	0.0	0.0
GSM4138110_HNSCC_1_PBMC_CTCGTACTCTGTCCGT	57.25297116990805	0.0	43.433338518095695	0.0	89.89985675829638	0.0	0.0	0.0	0.0	60.76947281773847	0.0	0.0	0.0	0.0	0.0	0.0	0.0	0.0	0.0	0.0	0.0	0.0
GSM4138110_HNSCC_1_PBMC_CTCTGGTAGGCGTACA	19.064185501857985	47.77134202097753	0.0	0.0	0.0	0.0	0.0	0.0	0.0	0.0	48.05591804441728	0.0	0.0	0.0	10.187546618996626	0.0	0.0	0.0	0.0	0.0	0.0	0.0
GSM4138110_HNSCC_1_PBMC_CTGAAACTCCGAGCCA	62.26210234935981	0.0	0.0	0.0	0.0	0.0	0.0	0.0	0.0	51.94534686621619	82.64509984474644	0.0	0.0	0.0	0.0	0.0	0.0	0.0	0.0	0.0	0.0	0.0
GSM4138110_HNSCC_1_PBMC_CTGAAGTAGCGATCCC	54.14525576928367	0.0	69.14850758808628	62.0418092524993	0.0	0.0	0.0	0.0	0.0	0.0	0.0	0.0	0.0	0.0	0.0	0.0	0.0	0.0	0.0	0.0	0.0	0.0
GSM4138110_HNSCC_1_PBMC_CTGATAGAGATCTGCT	97.50257515401428	37.440085969789514	0.0	61.936495131855686	0.0	0.0	0.0	0.0	0.0	0.0	0.0	0.0	0.0	0.0	0.0	0.0	0.0	0.0	0.0	0.0	0.0	0.0
GSM4138110_HNSCC_1_PBMC_CTGATAGAGCCTTGAT	68.83175105108319	36.84835296817977	5.719223549506299	0.0	0.0	31.754694914509308	0.0	46.32704625606151	0.0	34.68303171104166	0.0	0.0	0.0	0.0	0.0	0.0	0.0	0.0	0.0	0.0	0.0	0.0
GSM4138110_HNSCC_1_PBMC_CTGCCTAAGGTGCTTT	0.0	116.25972054598755	0.0	44.66491443555239	0.0	0.0	48.1123898025414	0.0	0.0	0.0	0.0	0.0	0.0	0.0	0.0	0.0	0.0	0.0	0.0	0.0	0.0	0.0
GSM4138110_HNSCC_1_PBMC_CTGCCTATCACGACTA	25.06979662719264	0.0	0.0	95.07225362725295	0.0	0.0	0.0	0.0	0.0	58.70779728668263	0.0	0.0	0.0	0.0	0.0	0.0	0.0	0.0	0.0	0.0	0.0	0.0
GSM4138110_HNSCC_1_PBMC_CTGGTCTTCGAGAACG	0.0	30.901964967172457	0.0	39.245390958831955	0.0	0.0	0.0	5.8558403445240526	14.873589379632527	0.0	0.0	57.10337870608462	0.0	0.0	0.0	0.5652900166188887	0.0	0.0	0.0	0.0	0.0	0.0
GSM4138110_HNSCC_1_PBMC_CTGTTTAAGTGGAGTC	55.19043772617838	78.83340974302024	0.0	0.0	0.0	0.0	0.0	0.0	0.0	0.0	21.894873145289687	0.0	0.0	0.0	0.0	11.919391608105714	0.0	0.0	0.0	0.0	0.0	0.0
GSM4138110_HNSCC_1_PBMC_GAACATCTCCCTAATT	70.42093506555796	0.0	0.0	0.0	0.0	101.14468574630324	0.0	0.0	125.70282351867735	0.0	0.0	0.0	0.0	0.0	0.0	0.0	0.0	0.0	0.0	0.0	0.0	0.0
GSM4138110_HNSCC_1_PBMC_GAACCTATCTGAGGGA	36.53330856890139	56.977673106393596	0.0	70.67242906079558	0.0	0.0	0.0	0.0	0.0	0.0	0.0	0.0	0.0	0.0	0.0	0.0	0.0	0.0	0.0	0.0	0.0	0.0
GSM4138110_HNSCC_1_PBMC_GAATGAATCAGTTAGC	62.60129963494466	0.0	0.0	0.0	32.24103052859182	6.377509291651749	0.0	0.0	0.0	26.27945877161068	0.0	0.0	0.0	0.0	0.0	0.0	27.229308929583862	0.0	0.0	0.0	0.0	0.0
GSM4138110_HNSCC_1_PBMC_GATCGATAGTACACCT	0.0	28.101469821618483	34.23837447845902	0.0	0.0	0.0	0.0	0.0	0.0	0.0	27.108683505352165	48.6060794267809	0.0	34.829191957986936	0.0	0.0	0.0	0.0	0.0	0.0	0.0	0.0
GSM4138110_HNSCC_1_PBMC_GATCGATTCAGCATGT	81.65464072344183	0.0	0.0	0.0	0.0	92.51858907624037	0.0	0.0	0.0	0.0	0.0	0.0	0.0	0.0	0.0	0.0	0.0	0.0	110.14561986846489	0.0	0.0	0.0
GSM4138110_HNSCC_1_PBMC_GATGAAATCCAAGCCG	94.75671245491094	0.0	0.0	0.0	0.0	0.0	0.0	0.0	0.0	37.59911515616604	81.74327954775609	0.0	0.0	0.0	0.0	0.0	0.0	0.0	0.0	0.0	0.0	0.0
GSM4138110_HNSCC_1_PBMC_GCACATAAGGTGTGGT	0.0	58.025038482168156	0.0	0.0	0.0	1.813299094857068	0.0	0.0	0.0	0.0	0.0	133.84518482723513	0.0	0.0	0.0	0.0	49.74453570525431	0.0	0.0	0.0	0.0	0.0
GSM4138110_HNSCC_1_PBMC_GCACTCTGTACAGTGG	0.0	46.360849433708886	0.0	0.0	0.0	0.0	0.0	8.33024660279793	0.0	0.0	0.0	73.21150760684596	0.0	0.0	0.0	163.010473462255	0.0	0.0	0.0	0.0	0.0	0.0
GSM4138110_HNSCC_1_PBMC_GCCTCTAAGTTAAGTG	0.0	49.96710010339397	0.0	0.0	0.0	0.0	0.0	56.13945095315558	0.0	0.0	0.0	0.0	37.811968779398256	0.0	0.0	0.0	0.0	0.0	0.0	0.0	0.0	0.0
GSM4138110_HNSCC_1_PBMC_GCCTCTAGTTGAACTC	49.958501577199044	0.0	0.0	0.0	58.72088511778333	0.0	0.0	0.0	58.32724222674196	0.0	0.0	0.0	0.0	0.899513038171847	0.0	0.0	0.0	0.0	0.0	0.0	0.0	0.0
GSM4138110_HNSCC_1_PBMC_GCGAGAAAGTGACATA	0.0	123.87237892480144	0.0	15.206067132088654	0.0	0.0	18.343915817982776	0.0	0.0	0.0	63.72154564574169	0.0	17.536384654398912	0.0	36.3451232321819	7.780389352591505	0.0	0.0	0.0	0.0	0.0	0.0
GSM4138110_HNSCC_1_PBMC_GCTGCAGGTCCTCTTG	29.994535863098374	0.0	75.18541465108889	0.0	27.310124915840678	0.0	0.0	0.0	0.0	0.0	0.0	0.0	0.0	56.21857312525484	0.0	0.0	0.0	0.0	0.0	0.0	0.0	0.0
GSM4138110_HNSCC_1_PBMC_GGAAAGCAGTCAATAG	51.60482386857322	0.0	33.21179563555228	0.0	0.0	0.0	0.0	0.0	53.580968728170774	1.5432533108399462	0.0	0.0	0.0	95.18919402196038	0.0	0.0	0.0	0.0	0.0	0.0	0.0	0.0
GSM4138110_HNSCC_1_PBMC_GGAACTTGTTTACTCT	0.0	0.0	0.0	0.0	0.0	48.12880311668916	13.24131207977226	0.0	0.0	61.63313850780417	0.0	34.65363344694323	0.0	0.0	0.0	0.0	0.0	0.0	0.0	0.0	0.0	0.0
GSM4138110_HNSCC_1_PBMC_GGCAATTGTCCTCTTG	58.67272358672213	0.0	21.549631673722473	0.0	0.0	65.57565688569424	0.0	0.0	0.0	0.0	0.0	0.0	0.0	0.0	0.0	0.0	0.0	0.0	0.0	0.0	0.0	0.0
GSM4138110_HNSCC_1_PBMC_GGGACCTAGGCCCTTG	24.75303553727032	51.52075059157189	0.0	0.0	0.0	6.6022557018831325	0.0	53.95009754246246	0.0	0.0	0.0	0.0	0.0	0.0	0.0	0.0	0.0	0.0	0.0	0.0	0.0	0.0
GSM4138110_HNSCC_1_PBMC_GGGACCTTCGTCCAGG	0.0	43.1494732686617	0.0	79.45395279941202	0.0	0.0	0.0	0.0	0.0	0.0	0.0	34.741765103848735	19.50720104330639	0.0	0.0	0.0	0.0	0.0	0.0	0.0	0.0	0.0
GSM4138110_HNSCC_1_PBMC_GGGATGACAATGGTCT	0.0	85.7004803679688	0.0	0.0	17.834453095213888	53.93048344800501	0.0	0.0	0.0	0.0	0.0	21.604132860699966	0.0	0.0	0.0	0.0	0.0	0.0	0.0	0.0	0.0	0.0
GSM4138110_HNSCC_1_PBMC_GGGCACTGTCTAGGTT	65.08743502209255	0.0	0.0	52.42760211938807	0.0	0.0	0.0	39.05684860571053	0.0	0.0	0.0	0.0	0.0	0.0	101.13500744350395	0.0	0.0	0.0	0.0	0.0	0.0	0.0
GSM4138110_HNSCC_1_PBMC_GGTATTGTCCTTCAAT	0.0	0.0	72.09871978641453	0.0	0.0	0.0	68.7192781010415	0.0	0.0	0.0	47.926249390147426	0.0	16.73703714406121	0.0	0.0	0.0	0.0	0.0	0.0	0.0	0.0	0.0
GSM4138110_HNSCC_1_PBMC_GGTGTTACAATCCAAC	46.80864944383193	0.0	64.11512183308787	0.0	37.04814169802378	0.0	0.0	0.0	0.0	0.0	0.0	0.0	0.0	12.122494681532514	0.0	0.0	0.0	0.0	0.0	0.0	0.0	0.0
GSM4138110_HNSCC_1_PBMC_GGTGTTACAGCCACCA	37.93431778291284	50.060202764782495	18.302477048314188	75.00479680176134	0.0	0.0	0.0	0.0	0.0	0.0	0.0	0.0	0.0	0.0	0.0	0.0	0.0	0.0	0.0	0.0	0.0	0.0
GSM4138110_HNSCC_1_PBMC_GTAACGTTCGTATCAG	62.695070415101	94.76305885943745	0.0	141.42426273565727	0.0	0.0	38.15302471104469	0.0	0.0	0.0	0.0	0.0	0.0	0.0	0.0	0.0	0.0	0.0	0.0	0.0	0.0	0.0
GSM4138110_HNSCC_1_PBMC_GTATTCTTCTTCCTTC	50.05783970291376	0.0	0.0	0.0	0.0	32.49156024657022	5.357875700075809	0.0	0.0	71.71138625267956	40.20373524747703	0.0	0.0	0.0	0.0	0.0	0.0	0.0	0.0	0.0	0.0	0.0
GSM4138110_HNSCC_1_PBMC_GTCAAGTGTGGGTATG	0.0	0.0	0.0	0.0	0.0	0.0	70.36989434236872	55.848721137357145	0.0	0.0	0.0	0.0	0.0	0.0	79.54115056485101	0.0	0.0	0.0	0.0	0.0	0.0	0.0
GSM4138110_HNSCC_1_PBMC_GTCACGGGTGCAACGA	815.2688313742985	296.3152428471439	0.0	0.0	0.0	0.0	0.0	0.0	0.0	160.2241424482778	0.0	161.41224460360502	0.0	0.0	51.08913673667379	0.0	0.0	61.08879258834424	0.0	0.0	0.0	0.0
GSM4138110_HNSCC_1_PBMC_GTGCGGTCAAGGTGTG	85.9914295109402	0.0	92.76181175034098	0.0	0.0	0.0	0.0	0.0	0.0	0.0	0.0	0.0	0.0	79.09243960086182	0.0	0.0	0.0	0.0	0.0	0.0	0.0	0.0
GSM4138110_HNSCC_1_PBMC_GTGTGCGAGGAGCGAG	0.0	0.0	0.0	0.0	0.0	73.7011960346475	0.0	0.0	0.0	38.90055588261193	66.51866587135044	35.2575271863266	0.0	0.0	0.0	0.0	0.0	0.0	8.65838334128928	0.0	0.0	0.0
GSM4138110_HNSCC_1_PBMC_GTGTGCGCAAGTCATC	0.0	118.3545031522659	0.0	12.876166186566788	0.0	0.0	0.0	51.47970739129724	0.0	0.0	0.0	34.064666712161184	0.0	0.0	0.0	0.0	0.0	0.0	0.0	0.0	0.0	0.0
GSM4138110_HNSCC_1_PBMC_TAAACCGTCATCTGTT	0.0	0.0	0.0	0.0	60.866897703111434	0.0	10.008510468434691	0.0	0.0	89.80754521057422	0.0	4.567279767707467	3.211943823647534	0.0	0.0	0.0	0.0	0.0	0.0	0.0	23.749697767405276	0.0
GSM4138110_HNSCC_1_PBMC_TAAGCGTCAATGGATA	0.0	0.0	0.0	0.0	0.0	0.0	80.46162187669286	0.0	57.223908997964855	0.0	0.0	0.0	13.836644562013431	0.0	0.0	84.85518813639044	0.0	0.0	0.0	0.0	0.0	0.0
GSM4138110_HNSCC_1_PBMC_TACACGATCCTGCCAT	115.87831592265788	85.62366306358996	0.0	87.98357399936887	0.0	0.0	0.0	0.0	0.0	0.0	0.0	0.0	0.0	0.0	0.0	0.0	0.0	0.0	0.0	0.0	0.0	0.0
GSM4138110_HNSCC_1_PBMC_TACCTTAAGGCTAGAC	0.0	56.25929001203506	0.0	0.0	0.0	0.0	0.0	0.0	0.0	17.309418120265825	0.0	46.1373040776549	0.0	0.0	0.0	0.0	0.0	0.0	0.0	71.91186237446583	0.0	0.0
GSM4138110_HNSCC_1_PBMC_TACGGATCAGGGTATG	0.0	75.98486124893027	0.0	14.99066268748507	0.0	0.0	9.937664898848778	59.543765844349615	0.0	0.0	0.0	35.92968210156359	0.0	0.0	0.0	0.0	0.0	0.0	0.0	0.0	0.0	0.0
GSM4138110_HNSCC_1_PBMC_TAGAGCTCAGATGGCA	0.0	0.0	0.0	3.4994014513242306	0.0	0.0	3.254458981328142	0.0	18.332328418609343	43.31510331600349	0.0	75.91805736569333	0.0	49.0343442383028	0.0	0.0	0.0	0.0	0.0	0.0	0.0	0.0
GSM4138110_HNSCC_1_PBMC_TAGCCGGAGAAGGCCT	63.272605274238614	0.0	17.402342744057755	0.0	0.0	48.32223632771007	0.0	0.0	54.47930822765444	1.8506113816740313	21.94652036117694	0.0	0.0	0.0	0.0	0.0	0.0	0.0	0.0	0.0	0.0	0.0
GSM4138110_HNSCC_1_PBMC_TATCTCAAGGTGCACA	0.0	0.0	0.0	0.0	0.0	8.65937942748405	45.756363229719845	0.0	43.6914373224373	0.0	0.0	0.0	0.0	0.0	0.0	33.62964672831654	0.0	0.0	0.0	0.0	0.0	0.0
GSM4138110_HNSCC_1_PBMC_TCACAAGGTTCATGGT	0.0	46.147550009197275	3.6452355527510902	0.0	0.0	71.68109974478631	27.089329249342494	0.0	0.0	0.0	0.0	0.0	0.0	0.0	0.0	0.0	0.0	0.0	0.0	0.0	0.0	0.0
GSM4138110_HNSCC_1_PBMC_TCACAAGTCTTGACGA	0.0	0.0	213.11174923904449	288.8917383409294	0.0	0.0	314.5493224852821	0.0	0.0	0.0	0.0	0.0	0.0	0.0	0.0	0.0	0.0	0.0	0.0	0.0	0.0	0.0
GSM4138110_HNSCC_1_PBMC_TCGAGGCTCGGAAATA	0.0	92.02156378447633	0.0	0.0	0.0	93.59805005879346	0.0	0.0	0.0	0.0	0.0	0.0	51.32268621424867	0.0	0.0	0.0	0.0	0.0	0.0	0.0	0.0	0.0
GSM4138110_HNSCC_1_PBMC_TCTATTGGTTTAGGAA	46.81776329295585	0.0	43.254811194974096	0.0	0.0	63.36349597413036	0.0	0.0	26.14255599944591	0.0	0.0	0.0	0.0	0.0	0.0	0.0	0.0	0.0	0.0	0.0	0.0	0.0
GSM4138110_HNSCC_1_PBMC_TCTATTGTCATCTGCC	48.224200862363745	0.0	21.935928601647653	0.0	31.46778564190141	0.0	0.0	0.0	0.0	0.0	0.0	0.0	0.0	0.0	0.0	0.0	0.0	0.0	0.0	0.0	0.0	0.0
GSM4138110_HNSCC_1_PBMC_TCTTCGGCACCCTATC	40.06732298346478	17.822151879181344	0.0	0.0	3.1455431111180387	0.0	0.0	0.0	0.0	82.6271737902309	0.0	0.0	0.0	0.0	0.0	0.0	0.0	66.13988963578005	0.0	0.0	0.0	0.0
GSM4138110_HNSCC_1_PBMC_TGGGCGTTCACAGGCC	782.3671529547981	0.0	0.0	0.0	0.0	0.0	1609.1591418225514	0.0	0.0	0.0	0.0	0.0	0.0	0.0	0.0	0.0	0.0	0.0	0.0	0.0	0.0	323.619292705841
GSM4138110_HNSCC_1_PBMC_TGTGTTTGTTAAAGAC	0.0	0.0	120.90192057555862	0.0	0.0	0.0	0.0	0.0	0.0	0.0	0.0	80.79657735037006	36.025253995552774	120.05636588130093	0.0	0.0	0.0	0.0	0.0	0.0	35.74295817684062	0.0
GSM4138110_HNSCC_1_PBMC_TGTTCCGCACGGCGTT	0.0	38.844809416565376	135.6096789489842	0.0	0.0	89.99974384670614	191.39707344491302	0.0	0.0	0.0	136.76493338103654	0.0	0.0	0.0	0.0	0.0	0.0	0.0	0.0	0.0	0.0	0.0
GSM4138110_HNSCC_1_PBMC_TTAGGCAAGGCTAGCA	34.746562703004045	0.0	9.147393015686985	0.0	9.488455660808123	0.0	0.0	0.0	62.2771011058973	0.0	52.046773372609444	22.86852484078139	0.0	2.412616934851258	0.0	0.0	0.0	0.0	0.0	0.0	0.0	0.0
GSM4138110_HNSCC_1_PBMC_TTCCCAGCACATGGGA	85.78513091653066	61.61291721920642	0.0	43.36886991076293	0.0	0.0	0.0	0.0	0.0	0.0	0.0	0.0	0.0	0.0	6.611591662927547	12.969338302778525	0.0	0.0	0.0	0.0	0.0	0.0
GSM4138110_HNSCC_1_PBMC_TTCGGTCAGACCCACC	0.0	45.13576373668173	0.0	0.0	0.0	0.0	30.128259674618093	68.66952932120519	0.0	0.0	0.0	0.0	0.0	0.0	0.0	0.0	0.0	0.0	0.0	0.0	0.0	0.0
GSM4138110_HNSCC_1_PBMC_TTCTCCTTCCTCAATT	30.935948191789837	90.4084581462365	0.0	36.106298231737775	0.0	0.0	22.316232823962793	0.0	0.0	0.0	0.0	0.0	0.0	0.0	0.0	17.67065626648602	0.0	0.0	0.0	0.0	0.0	0.0
GSM4138110_HNSCC_1_PBMC_TTGAACGGTCGAAAGC	0.0	0.0	37.700798189248886	0.0	60.64549749935113	0.0	0.0	0.0	0.0	0.0	0.0	19.35893174628787	0.0	0.0	0.0	0.0	0.0	0.0	19.28137951379916	0.0	0.0	18.391012890821383
GSM4138110_HNSCC_1_PBMC_TTGCCGTAGTCAAGCG	16.65818991161072	0.0	0.0	0.0	0.0	99.46067493271838	0.0	0.0	68.21219404119957	0.0	0.0	0.0	28.6493150223582	0.0	0.0	0.0	0.0	0.0	0.0	0.0	0.0	0.0
GSM4138110_HNSCC_1_PBMC_TTGCGTCTCAAGGCTT	0.0	89.54410118089346	0.0	69.90110355078107	0.0	0.0	0.0	0.0	0.0	0.0	0.0	0.0	35.42726846629712	0.0	0.0	0.0	0.0	0.0	0.0	0.0	12.873214191416627	0.0
GSM4138110_HNSCC_1_PBMC_TTTATGCGTGCATCTA	18.18516156654833	0.0	0.0	44.01879500641026	0.0	0.0	0.0	0.0	59.522066621866514	0.0	0.0	0.0	0.0	0.0	11.170353814257032	0.0	0.0	0.0	0.0	0.0	0.0	0.0
GSM4138110_HNSCC_1_PBMC_TTTGCGCTCTTGTACT	33.92658291274238	39.967010568904406	0.0	92.72079684757723	0.0	0.0	0.0	0.0	0.0	0.0	0.0	0.0	0.0	0.0	0.0	0.0	0.0	0.0	0.0	0.0	0.0	0.0
GSM4138110_HNSCC_1_PBMC_TTTGGTTCACTTCTGC	64.1227806565529	0.0	0.0	0.0	0.0	91.38561184130585	0.0	0.0	0.0	143.74662675956031	0.0	0.0	0.0	0.0	0.0	0.0	0.0	0.0	0.0	0.0	0.0	0.0
GSM4138110_HNSCC_1_PBMC_CTACACCAGTTGTAGA	100.5005816318763	0.0	98.1591477312134	0.0	0.0	0.0	0.0	0.0	0.0	0.0	0.0	0.0	0.0	161.2957845521684	0.0	0.0	0.0	0.0	0.0	0.0	0.0	0.0
GSM4138110_HNSCC_1_PBMC_AACTGGTGTCAGAATA	0.0	75.89686996282143	0.0	54.345118498529565	0.0	0.0	0.0	0.0	0.0	0.0	0.0	35.624040006614635	0.0	0.0981041556528354	0.0	0.0	0.0	0.0	0.0	0.0	0.0	0.0
GSM4138110_HNSCC_1_PBMC_AAACGGGTCCTCAACC	13.118496577076861	0.0	0.0	0.0	0.0	0.0	28.712191109858253	57.179427734412414	0.5901642521913308	0.0	0.0	0.0	0.0	0.0	61.69156716469684	0.0	0.0	0.0	0.0	0.0	0.0	0.0
GSM4138110_HNSCC_1_PBMC_AAGGCAGAGGCGTACA	32.864146110999116	0.0	0.0	21.560720941915903	0.0	0.0	0.0	33.512086058840175	0.0	0.0	0.0	0.0	0.0	14.964832617108005	83.7425198788769	0.0	0.0	0.0	0.0	0.0	0.0	0.0
GSM4138110_HNSCC_1_PBMC_ACATGGTCAATGGAGC	50.5607805834752	97.34432946029152	0.0	0.0	60.43227957537259	0.0	0.0	0.0	0.0	0.0	0.0	0.0	0.0	0.0	0.0	0.0	0.0	0.0	0.0	0.0	0.0	0.0
GSM4138110_HNSCC_1_PBMC_ACGATGTGTTATCACG	0.0	47.056230536874715	0.0	2.1533334322394118	0.0	0.0	0.0	0.0	0.0	0.0	0.0	38.36521726164019	0.0	0.0	8.256700315890251	0.0	0.0	58.00746382744287	0.0	0.0	0.0	0.0
GSM4138110_HNSCC_1_PBMC_ACGGCCATCTCCCTGA	0.0	64.51306067096145	22.223539636456195	0.0	0.0	0.0	0.0	0.0	0.0	0.0	0.0	0.0	78.55593978146109	0.0	0.0	0.0	0.0	112.35183254833301	0.0	0.0	0.0	0.0
GSM4138110_HNSCC_1_PBMC_AGCTCTCTCATTGCCC	142.5873460544609	0.0	106.81577588039785	0.0	96.83795566343544	0.0	0.0	0.0	0.0	0.0	0.0	0.0	0.0	6.2068716553011045	0.0	0.0	0.0	0.0	0.0	0.0	0.0	0.0
GSM4138110_HNSCC_1_PBMC_AGGTCATTCTCTAGGA	71.91973133161159	39.16915915166733	0.0	12.970628774540996	55.00137583962018	0.0	0.0	0.0	0.0	36.461321072274	0.0	0.0	0.0	0.0	0.0	0.0	0.0	1.7336969648590357	0.0	0.0	0.0	0.0
GSM4138110_HNSCC_1_PBMC_ATAGACCTCTGGTGTA	0.0	0.0	52.89079440587569	0.7679086619472492	0.0	0.0	49.4275539492755	0.0	0.0	0.0	0.0	2.4984828596282704	0.0	0.0	0.0	124.99638008583031	0.0	0.0	0.0	0.0	0.0	0.0
GSM4138110_HNSCC_1_PBMC_ATAGACCTCTTCCTTC	0.0	34.03049069803616	0.4041624524738137	42.22803747128464	0.0	0.0	52.863732948329115	0.0	0.0	0.0	0.0	0.0	0.0	0.0	0.0	0.0	0.0	0.0	0.0	0.0	0.0	0.0
GSM4138110_HNSCC_1_PBMC_ATCTACTCACTGTGTA	74.4924308738143	0.0	0.0	0.0	8.150331966739374	7.334938690046369	0.0	0.0	0.0	68.40750904096205	0.0	0.0	0.0	0.0	0.0	0.0	67.23235004045148	0.0	0.0	0.0	0.0	0.0
GSM4138110_HNSCC_1_PBMC_ATCTGCCAGGAATCGC	68.69477670547904	73.94200216787885	0.0	58.81378437943929	0.0	0.0	0.0	0.0	0.0	0.0	0.0	0.0	0.0	0.0	0.0	6.214278564216566	0.0	0.0	0.0	0.0	0.0	0.0
GSM4138110_HNSCC_1_PBMC_ATGGGAGCATGGGAAC	273.7645437888319	209.58787088507697	0.0	136.63624102552552	0.0	0.0	0.0	0.0	0.0	0.0	0.0	0.0	0.0	0.0	0.0	0.0	0.0	0.0	0.0	0.0	0.0	0.0
GSM4138110_HNSCC_1_PBMC_ATGTGTGGTAGCTGCC	0.0	0.0	0.0	0.0	0.0	0.0	0.0	127.85517574849551	0.0	0.0	0.0	0.0	48.80489686340098	0.0	20.76630612162451	0.0	0.0	0.0	0.0	0.0	0.0	0.0
GSM4138110_HNSCC_1_PBMC_CACAAACCATCCCACT	70.23013844639883	0.0	0.0	0.0	0.0	0.0	0.0	0.0	67.18344473255036	0.0	64.47241697772292	0.0	0.0	0.0	0.0	1.907385548223233	0.0	0.0	0.0	5.026016346423021	0.0	0.0
GSM4138110_HNSCC_1_PBMC_CACCACTAGTTACCCA	0.0	80.20659304558832	0.0	4.4679522231786395	0.0	0.0	68.27947387517685	0.0	0.0	0.0	6.837001753590868	0.0	0.0	0.0	0.0	73.74377426255312	0.0	0.0	0.0	0.0	0.0	0.0
GSM4138110_HNSCC_1_PBMC_CATGCCTTCAGCTCTC	80.2016317140352	95.0352044439586	0.0	83.9816502502626	0.0	0.0	0.0	0.0	0.0	0.0	0.0	0.0	0.0	0.0	0.0	0.0	0.0	0.0	0.0	0.0	0.0	0.0
GSM4138110_HNSCC_1_PBMC_CATGGCGCATGTTCCC	0.0	0.0	0.0	0.0	0.0	0.0	0.0	119.93415513435845	23.624288252400003	0.0	0.0	0.0	91.44251045133493	0.0	18.551126350926918	0.0	0.0	0.0	0.0	0.0	0.0	0.0
GSM4138110_HNSCC_1_PBMC_CCACCTAGTAGTACCT	59.851764398347335	110.56803810807985	0.0	0.0	0.0	0.0	0.0	0.0	0.0	0.0	0.0	0.0	0.0	52.82280717102367	0.0	0.0	0.0	0.0	0.0	0.0	0.0	0.0
GSM4138110_HNSCC_1_PBMC_CCGTTCAGTATATCCG	94.74141974778718	55.91378032245194	0.0	0.0	90.81418056626437	0.0	0.0	0.0	0.0	0.0	0.0	0.0	0.0	0.0	0.0	0.0	0.0	0.0	0.0	0.0	0.0	0.0
GSM4138110_HNSCC_1_PBMC_CCTACACGTCCGAAGA	51.022707719575685	70.99618190191875	0.0	0.0	0.0	35.97896595859848	0.0	0.0	0.0	0.0	0.0	0.0	0.0	0.0	1.0770355930331743	0.0	10.721316525311192	0.0	0.0	0.0	0.0	0.0
GSM4138110_HNSCC_1_PBMC_CCTCTGAGTCGCGAAA	86.9880110925755	99.3321105639218	0.0	91.56948134672477	0.0	0.0	0.0	0.0	0.0	0.0	0.0	0.0	0.0	0.0	0.0	0.0	0.0	13.069286067905251	0.0	0.0	0.0	0.0
GSM4138110_HNSCC_1_PBMC_CGCTGGAAGGCATGTG	67.73283807480738	0.0	0.0	0.0	39.488738639188824	50.47096180985791	0.0	0.0	0.0	61.76292443217407	0.0	0.0	0.0	0.0	0.0	0.0	0.0	0.0	0.0	0.0	0.0	0.0
GSM4138110_HNSCC_1_PBMC_CGGAGTCTCACAATGC	0.0	46.63510006227717	0.0	0.0	0.0	70.89725377733762	33.566474199088965	0.0	27.92125379926259	0.0	0.0	8.764498860791784	0.0	0.0	0.0	0.0	0.0	0.0	0.0	0.0	0.0	0.0
GSM4138110_HNSCC_1_PBMC_CGGCTAGAGCTACCGC	61.979891512113674	52.905921932528315	5.566831037881748	0.0	0.0	0.0	0.0	97.73005909461705	0.0	0.0	0.0	0.0	0.0	0.0	0.0	0.0	0.0	0.0	0.0	0.0	0.0	0.0
GSM4138110_HNSCC_1_PBMC_CGTTGGGCAAGCCGCT	25.339347520596	0.0	49.79720074118631	0.0	0.0	0.0	0.0	0.0	0.0	0.0	37.57586036163282	31.66044890469249	11.014072842306991	17.015055952353247	0.0	0.0	0.0	0.0	0.0	0.0	0.0	0.0
GSM4138110_HNSCC_1_PBMC_CTCAGAAGTCCGACGT	46.497354710306126	0.0	10.069250548335999	0.0	0.0	0.0	0.0	0.0	59.429997108168195	0.0	0.0	0.0	0.0	0.0	0.0	73.14234360216571	0.0	0.0	0.0	0.0	0.0	0.0
GSM4138110_HNSCC_1_PBMC_CTCGTACCACGCGAAA	54.079368196501996	60.39557522548696	0.0	0.0	0.0	0.0	0.0	0.0	0.0	0.0	56.95336461469914	0.0	0.0	0.0	0.0	0.0	0.0	0.0	0.0	0.0	0.0	0.0
GSM4138110_HNSCC_1_PBMC_GAAATGAAGAGCCTAG	0.0	35.19232142052101	0.0	0.0	27.78589726951279	0.0	91.46713005142215	0.0	0.0	0.0	68.90880803309679	0.0	0.0	0.0	89.25560882710101	0.0	0.0	0.0	0.0	0.0	0.0	0.0
GSM4138110_HNSCC_1_PBMC_GACGTTATCTAACCGA	85.41563394997735	15.16278535237451	0.0	0.0	0.0	0.0	0.0	0.0	0.0	45.55611007929962	0.0	0.0	0.0	59.77176632174806	0.0	0.0	0.0	0.0	0.0	0.0	0.0	0.0
GSM4138110_HNSCC_1_PBMC_GACTGCGTCGGCATCG	0.0	58.234452702775094	0.0	84.31264123055949	0.0	0.0	61.0093485748038	0.0	0.0	0.0	0.0	0.0	0.0	0.0	0.0	0.0	0.0	0.0	0.0	0.0	0.0	0.0
GSM4138110_HNSCC_1_PBMC_GATGAGGAGGCTAGCA	0.0	0.0	0.0	0.0	82.52320347558677	0.0	0.0	0.0	53.2313638270175	0.0	0.0	44.298308494492105	0.0	0.0	0.0	0.0	0.0	0.0	0.0	0.0	0.0	0.0
GSM4138110_HNSCC_1_PBMC_GATTCAGCACCACGTG	62.572710578387486	5.375979447749192	0.0	48.987898219805835	0.0	0.0	0.0	0.0	0.0	0.0	0.0	0.0	0.0	0.0	22.326565697458108	29.328502640727503	0.0	0.0	0.0	0.0	0.0	0.0
GSM4138110_HNSCC_1_PBMC_GCAATCAGTAGCTCCG	41.181610160034595	0.0	4.316419620219826	0.0	0.0	0.0	0.0	0.0	23.52409647442896	9.122704478339275	0.0	0.0	0.0	57.46356005670696	0.0	0.0	0.0	0.0	7.953538858405917	0.0	0.0	0.0
GSM4138110_HNSCC_1_PBMC_GCGACCAGTAGCCTAT	65.85549472459442	0.0	0.0	0.0	0.0	0.0	0.0	0.0	0.0	100.86589533713135	0.0	0.0	0.0	74.1879048756489	0.0	0.0	0.0	0.0	0.0	0.0	0.0	0.0
GSM4138110_HNSCC_1_PBMC_GCTTCCATCTCATTCA	42.121980626951355	0.0	0.0	0.0	0.0	66.48388320995996	0.0	0.0	94.30829323864548	0.0	0.0	0.0	0.0	0.0	0.0	0.0	0.0	0.0	0.0	0.0	0.0	0.0
GSM4138110_HNSCC_1_PBMC_GCTTGAAAGACCTTTG	0.0	0.0	0.0	0.0	0.0	0.0	27.224843560745313	0.0	12.059812119557435	0.0	0.0	0.0	0.0	60.68862828131941	0.0	0.0	0.0	0.0	37.02026844472116	0.0	0.0	0.0
GSM4138110_HNSCC_1_PBMC_GGACAAGGTAATTGGA	66.24785974659778	0.0	0.0	0.0	0.0	0.0	0.0	82.21461219250345	0.0	57.50030020747745	0.0	0.0	0.0	0.0	0.0	0.0	0.0	0.0	0.0	0.0	0.0	0.0
GSM4138110_HNSCC_1_PBMC_GGCGTGTAGCACGCCT	35.544496905294295	53.06057029926267	0.0	0.0	46.56253935726118	0.0	0.0	0.0	0.0	0.0	0.0	0.0	0.0	0.0	0.0	0.0	0.0	0.0	0.0	0.0	0.0	0.0
GSM4138110_HNSCC_1_PBMC_GGCGTGTAGCGTTTAC	0.0	2.4795540652611963	43.93548451201308	42.602082680673746	0.0	0.0	8.6795595835865	0.0	0.0	0.0	0.0	0.0	25.338384610385333	0.0	0.0	0.0	0.0	0.0	0.0	0.0	0.0	0.0
GSM4138110_HNSCC_1_PBMC_GGCTGGTCAATGGACG	0.0	53.1053230915858	0.0	0.0	0.0	22.290601957081936	37.5653678830485	0.0	0.0	0.0	112.9728577446478	37.339196156651894	0.0	0.0	0.0	0.0	0.0	0.0	0.0	0.0	0.0	0.0
GSM4138110_HNSCC_1_PBMC_GGGAATGTCAGCTGGC	0.0	98.75140074185276	0.0	83.17325575110742	0.0	0.0	0.0	0.0	0.0	0.0	0.0	0.0	72.44913838330578	0.0	0.0	1.7023785451284899	0.0	0.0	0.0	0.0	0.0	0.0
GSM4138110_HNSCC_1_PBMC_GGGTTGCAGATCGGGT	0.0	0.0	0.0	0.0	13.72702341704062	45.22940059946408	0.0	0.0	72.7321952414426	0.0	0.0	54.20478231047206	0.026810540409033717	0.0	0.0	0.0	0.0	0.0	0.0	0.0	0.0	0.0
GSM4138110_HNSCC_1_PBMC_GGTATTGCACATTAGC	40.797841806303744	20.658015525038575	0.0	0.0	0.0	0.0	0.0	14.14807532868212	0.0	0.0	0.0	0.0	0.0	0.0	0.0	0.0	0.0	0.0	0.0	52.66258069384434	0.0	0.0
GSM4138110_HNSCC_1_PBMC_GGTGTTAGTGTGACCC	53.028329377365736	4.241056741812216	0.0	0.0	0.0	0.0	0.0	79.12948555728777	0.0	38.844160441115115	0.0	0.0	0.0	0.0	0.0	0.0	0.0	0.0	0.0	0.0	0.0	0.0
GSM4138110_HNSCC_1_PBMC_GTCACAAGTATCACCA	70.70968019172692	0.0	0.0	0.0	54.82776874728593	0.0	0.0	0.0	0.0	76.92272330664814	0.0	0.0	0.0	19.144611844391736	0.0	0.0	0.0	0.0	0.0	0.0	0.0	0.0
GSM4138110_HNSCC_1_PBMC_GTCACAATCGCAAGCC	35.704779262253574	53.052575539377465	0.0	0.0	0.0	0.0	0.0	0.0	0.0	0.0	0.0	0.0	0.0	0.0	0.0	0.0	0.0	79.28734746057066	0.0	0.0	0.0	0.0
GSM4138110_HNSCC_1_PBMC_GTCACGGCAAGCTGGA	45.61710299384963	9.234226814167096	0.0	0.0	0.0	0.0	0.0	1.6548219952553263	0.0	0.0	0.0	0.0	0.0	0.0	26.980643581476063	150.49913121010917	0.0	0.0	0.0	0.0	0.0	0.0
GSM4138110_HNSCC_1_PBMC_GTCGTAAAGGCATGTG	101.22034424907112	192.36648328635786	0.0	26.323587766313608	5.982352101010075	24.47431710725337	0.0	0.0	0.0	0.0	24.528796342267157	0.0	0.0	23.638603474692534	0.0	0.0	0.0	0.0	0.0	0.0	0.0	0.0
GSM4138110_HNSCC_1_PBMC_GTCGTAATCTTGCAAG	0.0	0.0	0.0	0.0	0.0	10.745625795493236	35.843071080732095	46.315209316787595	51.73068691409796	0.0	0.0	0.0	0.0	0.0	0.0	0.0	0.0	0.0	0.0	0.0	0.0	0.0
GSM4138110_HNSCC_1_PBMC_GTCTCGTCATGCGCAC	43.35786231231297	0.0	65.25724116656296	0.0	0.0	81.56729923527627	0.0	0.0	0.0	0.0	0.0	0.0	0.0	0.0	0.0	0.0	0.0	0.0	0.0	0.0	0.0	0.0
GSM4138110_HNSCC_1_PBMC_GTGAAGGCACATTTCT	0.0	0.0	107.11162873389895	0.0	0.0	0.0	0.0	0.0	0.0	0.0	0.0	0.0	63.60333298233347	70.98423970414362	0.0	0.0	0.0	0.0	0.0	0.0	0.0	0.0
GSM4138110_HNSCC_1_PBMC_GTGCAGCAGACCGGAT	76.85003037760569	53.95158857251378	0.0	0.0	0.0	7.461974900554248	0.0	0.0	0.0	0.0	105.47793503453059	0.0	0.0	0.0	35.12245589866878	0.0	0.0	0.0	0.0	0.0	0.0	0.0
GSM4138110_HNSCC_1_PBMC_GTTAAGCTCATACGGT	0.0	45.01735298056581	0.0	73.53967705595308	0.0	0.0	0.0	0.0	0.0	0.0	0.0	38.30520119655023	0.0	0.0	0.0	0.0	0.0	0.0	0.0	0.0	0.0	0.0
GSM4138110_HNSCC_1_PBMC_TAAACCGAGGGTCGAT	54.74535592436136	0.0	0.0	0.0	42.028021618794945	21.351951498272847	0.0	0.0	0.9655710819706582	8.981102426588642	0.0	0.0	0.0	4.6164956424921835	0.0	0.0	0.0	0.0	57.15026404145606	0.0	0.0	0.0
GSM4138110_HNSCC_1_PBMC_TACCTTAAGGCTCTTA	70.36753431345639	51.35069793951428	36.63215924036844	0.0	0.0	0.0	0.0	0.0	0.0	0.0	69.79416306752097	0.0	0.0	0.0	0.0	0.0	0.0	0.0	0.0	0.0	0.0	0.0
GSM4138110_HNSCC_1_PBMC_TAGAGCTTCGTTGCCT	0.0	127.33539138519016	0.0	0.0	0.0	0.0	0.0	92.95554484792056	0.0	0.0	0.0	0.0	124.75378699974155	0.0	1.6014619871750202	0.0	0.0	5.506552942363355	0.0	0.0	0.0	0.0
GSM4138110_HNSCC_1_PBMC_TAGGCATTCCCAGGTG	35.5165242928017	17.888899786017816	0.0	0.0	0.0	0.0	0.0	0.0	0.0	0.0	0.0	0.0	0.0	0.0	19.509776870079747	105.24271644638777	0.0	0.0	0.0	0.0	0.0	0.0
GSM4138110_HNSCC_1_PBMC_TCACAAGCACATCCGG	0.0	0.0	0.0	0.0	0.0	0.0	42.10806945374169	87.40112069258487	0.0	0.0	0.0	20.846814976445412	14.309992645893557	0.0	38.942541360909466	0.0	0.0	0.0	0.0	0.0	0.0	0.0
GSM4138110_HNSCC_1_PBMC_TCAGCTCCATGACGGA	36.03682962680204	27.499729536858183	0.0	50.45038399295659	0.0	0.0	0.0	0.0	2.5202845108812206	0.0	0.0	0.0	0.0	0.0	9.702992318618275	0.0	0.0	0.0	0.0	0.0	0.0	0.0
GSM4138110_HNSCC_1_PBMC_TCGAGGCTCCAGGGCT	67.43379162910183	0.0	24.196671883696233	49.62611539263436	0.0	0.0	0.0	0.0	21.401066839620988	0.0	0.0	0.0	0.0	0.0	0.0	0.0	0.0	0.0	5.957345425071072	0.0	0.0	0.0
GSM4138110_HNSCC_1_PBMC_TCTATTGCAGTCAGCC	71.28140190436741	59.27343739027159	0.0	81.63595360657399	0.0	0.0	0.0	0.0	0.0	0.0	0.0	0.0	0.0	0.0	0.0	0.0	0.0	0.0	0.0	0.0	0.0	0.0
GSM4138110_HNSCC_1_PBMC_TCTCTAAGTGGTAACG	71.91900902196443	98.08140880980528	0.0	135.3824591010249	0.0	0.0	0.0	0.0	0.0	0.0	0.0	0.0	0.0	14.387528910249637	0.0	0.0	0.0	0.0	0.0	0.0	0.0	0.0
GSM4138110_HNSCC_1_PBMC_TCTGAGATCTAGCACA	57.74720955140188	42.575654230800254	0.0	0.0	0.0	0.0	0.0	0.0	0.0	0.0	0.0	4.127602867888652	0.0	0.0	0.0	0.0	0.0	0.035378509054021234	0.0	65.18458608463108	0.0	0.0
GSM4138110_HNSCC_1_PBMC_TCTTTCCCACTGAAGG	98.9362482359839	13.949745906613787	0.0	0.0	0.0	0.0	0.0	0.0	86.3745142826571	0.0	0.0	0.0	0.0	0.0	0.0	0.0	0.0	129.96707147554736	0.0	0.0	0.0	0.0
GSM4138110_HNSCC_1_PBMC_TGACAACGTCATCCCT	62.391137348973196	110.60054631409419	0.0	6.698146708542765	0.0	0.0	0.0	61.3641847906274	0.0	0.0	0.0	0.0	0.0	0.0	0.0	39.25882154468053	0.0	0.0	0.0	0.0	0.0	0.0
GSM4138110_HNSCC_1_PBMC_TGAGCCGAGATGAGAG	0.0	0.0	52.31584665655854	0.0	77.82470073427676	0.0	0.0	0.0	0.0	0.0	0.0	17.738045553931798	43.97242292965456	0.0	0.0	0.0	0.0	0.0	0.0	0.0	0.0	0.0
GSM4138110_HNSCC_1_PBMC_TGCGGGTTCTGATTCT	0.0	0.0	0.0	0.0	0.0	0.0	0.0	0.0	0.0	67.09670583068836	0.0	0.0	29.649592243681862	0.0	0.0	0.0	0.0	42.683227448775355	0.0	0.0	0.0	0.0
GSM4138110_HNSCC_1_PBMC_TGGCTGGGTTCCAACA	70.99599535267532	0.0	0.0	0.0	4.800052391601505	57.30646100015893	0.0	0.0	80.02315822429836	0.0	0.0	0.0	0.0	21.365813887699975	0.0	0.0	0.0	0.0	0.0	0.0	0.0	0.0
GSM4138110_HNSCC_1_PBMC_TGTATTCGTGGCTCCA	98.86160195176797	0.0	69.49052517065086	146.6276736013442	0.0	0.0	0.0	0.0	0.0	0.0	2.84379513435322	0.0	0.0	23.659994836481538	0.0	0.0	0.0	0.0	0.0	0.0	0.0	0.0
GSM4138110_HNSCC_1_PBMC_TGTGGTAAGTATGACA	63.465168132586584	0.0	58.86106733459993	0.0	77.97678448223323	0.0	0.0	0.0	0.0	0.0	0.0	0.0	0.0	0.0	0.0	0.0	0.0	0.0	0.0	0.0	0.0	0.0
GSM4138110_HNSCC_1_PBMC_TTCCCAGGTCACTGGC	57.64750136444199	0.0	30.404503707664084	0.0	0.0	0.0	0.0	0.0	0.0	0.0	41.29933195102404	0.0	0.0	24.886417639857616	0.0	0.0	0.0	0.0	0.0	0.0	0.0	0.0
GSM4138110_HNSCC_1_PBMC_TTCGGTCCACCTCGGA	0.0	67.62629296149913	0.0	0.0	54.9152145729085	0.0	0.0	0.0	0.0	0.0	0.0	0.0	34.67447477913956	0.0	0.0	0.0	0.0	0.0	0.0	0.0	0.0	0.0
GSM4138110_HNSCC_1_PBMC_TTCTACATCCTTCAAT	0.0	60.898854790564954	0.0	0.0	73.85604502081847	0.0	0.0	0.0	0.0	0.0	0.0	0.5188226026228622	39.0393451739484	0.0	0.0	0.0	0.0	0.0	0.0	0.0	0.0	0.0
GSM4138110_HNSCC_1_PBMC_AAAGTAGTCGGCATCG	124.88262613807616	0.0	0.0	0.0	0.0	0.0	0.0	270.2686096853471	238.7409499096075	0.0	0.0	0.0	0.0	0.0	0.0	0.0	0.0	0.0	0.0	0.0	0.0	0.0
GSM4138110_HNSCC_1_PBMC_ACACTGATCGTACCGG	71.69017845559262	112.73702793046796	0.0	0.0	0.0	0.0	0.0	67.1056015837502	0.0	0.0	0.0	0.0	0.0	0.0	0.0	81.70269438486945	0.0	0.0	0.0	0.0	0.0	0.0
GSM4138110_HNSCC_1_PBMC_ACAGCTATCAGCACAT	0.0	179.70662233350117	0.0	0.0	0.0	0.0	0.0	0.0	0.0	0.0	0.0	67.90389042083167	28.86580667376014	0.0	0.0	0.0	0.0	0.0	0.0	257.6768716923181	0.0	0.0
GSM4138110_HNSCC_1_PBMC_ACTGAACGTTATTCTC	0.0	46.425785276442	0.0	0.0	0.0	0.0	0.0	239.71510371653554	0.0	0.0	0.0	0.0	114.28970790215159	0.0	104.1599175807865	0.0	0.0	0.0	0.0	0.0	0.0	0.0
GSM4138110_HNSCC_1_PBMC_ACTGAGTTCAGGTAAA	97.94364714996414	0.0	0.0	0.0	0.0	0.0	0.0	0.0	131.20120978432843	0.0	0.0	0.0	0.0	0.0	0.0	0.0	200.25153688322095	0.0	0.0	0.0	0.0	0.0
GSM4138110_HNSCC_1_PBMC_ACTGCTCCAACCGCCA	90.24447936400468	0.0	0.0	137.588894037059	0.0	0.0	0.0	0.0	130.98837111027328	0.0	0.0	0.0	0.0	0.9087080032222706	0.0	30.563760813987816	0.0	0.0	0.0	0.0	0.0	0.0
GSM4138110_HNSCC_1_PBMC_ACTTACTAGTGGAGAA	0.0	0.0	0.0	0.0	0.0	0.0	0.012393204956333378	279.58449798470974	0.0	0.0	0.0	0.0	132.18709857980835	0.0	228.74750481853124	0.0	0.0	0.0	0.0	0.0	0.0	0.0
GSM4138110_HNSCC_1_PBMC_ACTTGTTCAGTTCATG	136.94861222820356	0.0	0.0	0.0	0.0	350.89021197495845	0.0	0.0	270.2575783866193	0.0	0.0	0.0	0.0	0.0	0.0	0.0	0.0	0.0	0.0	0.0	0.0	0.0
GSM4138110_HNSCC_1_PBMC_AGAGTGGCAGGGATTG	123.09502140098068	69.52481282490257	0.0	0.0	0.0	0.0	0.0	148.00770506925434	0.0	0.0	0.0	0.0	0.0	0.0	91.74894145915098	0.0	0.0	0.0	0.3564824134854648	0.0	0.0	0.0
GSM4138110_HNSCC_1_PBMC_AGATCTGGTGATAAGT	0.0	0.0	0.0	86.51594932272023	0.0	0.0	142.10113454743941	9.269003944479218	0.0	0.0	0.0	0.0	0.0	0.0	143.18966395805143	11.735217661048287	0.0	0.0	0.0	0.0	0.0	0.0
GSM4138110_HNSCC_1_PBMC_AGATTGCGTATAGGGC	0.0	134.46210360828718	90.22241862065114	65.79036954198058	93.01836243740992	0.0	104.14007430107571	0.0	0.0	0.0	0.0	0.0	0.0	0.0	0.0	0.0	0.0	5.927162619858564	0.0	63.86935070864716	0.0	0.0
GSM4138110_HNSCC_1_PBMC_AGCGGTCCATGCTGGC	0.0	0.0	0.0	34.11527421903158	0.0	92.11813110025712	0.0	0.0	45.62647702743051	0.0	0.0	0.0	108.76900570539377	0.0	236.6211572459908	0.0	0.0	0.0	0.0	0.0	0.0	0.0
GSM4138110_HNSCC_1_PBMC_AGGCCACTCAGCGATT	114.07432688329877	148.8533642115732	0.0	46.32286049449175	0.0	0.0	0.0	0.0	0.0	0.0	0.0	0.0	0.0	0.0	11.190775342089907	9.572295548678753	0.0	2.2418260692389063	0.0	108.28949805238899	0.0	0.0
GSM4138110_HNSCC_1_PBMC_AGTAGTCCACAGTCGC	0.0	195.5355648277234	0.0	0.0	0.0	0.0	0.0	334.14398167427584	0.0	0.0	0.0	163.37593130654122	0.0	0.0	0.0	0.0	0.0	0.0	0.0	0.0	0.0	0.0
GSM4138110_HNSCC_1_PBMC_AGTGTCATCCCTAATT	0.0	0.0	0.0	83.00207810137253	0.0	0.0	97.18910239345257	68.51787437616535	0.0	0.0	0.0	0.0	0.0	0.0	129.3796722851828	22.903247621585393	0.0	0.0	0.0	0.0	0.0	0.0
GSM4138110_HNSCC_1_PBMC_ATCCACCGTGGTTTCA	0.0	178.870030137379	23.98910906839822	1.3749756888300886	286.154333403007	0.0	230.9623643500138	0.0	88.68514594434347	0.0	8.678721691646032	31.638836692959558	0.0	152.5890958577556	0.0	0.0	0.0	0.0	0.0	0.0	0.0	0.0
GSM4138110_HNSCC_1_PBMC_ATCGAGTGTACTTAGC	132.0828810698991	0.0	0.0	0.0	267.50723667717614	0.0	0.0	0.0	127.4939436835753	0.0	0.0	0.0	0.0	0.0	98.52604260284953	0.0	0.0	0.0	0.0	0.0	0.0	0.0
GSM4138110_HNSCC_1_PBMC_CAACTAGTCTTGAGAC	0.0	0.0	0.0	0.0	0.0	0.0	77.35576609364338	187.69345696967937	0.0	0.0	0.0	0.0	0.0	0.0	182.04959979347387	0.0	0.0	0.0	0.0	0.0	0.0	0.0
GSM4138110_HNSCC_1_PBMC_CAAGGCCTCTAGCACA	0.0	0.0	0.0	0.0	70.67087021154381	19.201921110776713	0.0	0.0	124.39561681734318	0.0	5.312409209796703	69.47010262897822	0.0	0.0	0.0	0.0	19.808331175120546	0.0	0.0	0.0	0.0	0.0
GSM4138110_HNSCC_1_PBMC_CACAAACAGGCTACGA	89.3649146612598	0.0	0.0	0.0	0.0	0.0	0.0	0.0	150.32070946266893	0.0	0.0	1.6696170039328533	0.0	0.0	0.0	0.0	235.7346852602891	0.0	0.0	0.0	0.0	0.0
GSM4138110_HNSCC_1_PBMC_CACATTTTCATTGCGA	0.0	0.0	0.0	61.61911888332547	0.0	0.0	100.73535132005442	171.385501393703	117.68174306915485	0.0	0.0	0.0	0.0	0.0	0.0	4.6650943722940275	0.0	0.0	0.0	0.0	0.0	0.0
GSM4138110_HNSCC_1_PBMC_CAGAGAGTCAGTTAGC	144.93319577398876	0.0	0.0	157.1849573856876	0.0	0.0	0.0	48.72115104053275	0.0	0.0	0.0	0.0	0.0	0.0	184.0065095414617	0.0	0.0	0.0	0.0	0.0	0.0	0.0
GSM4138110_HNSCC_1_PBMC_CAGCTGGGTCTCCACT	0.0	159.0334611488421	0.0	0.0	251.49891175968875	0.0	137.73093962430403	0.0	0.0	0.0	0.0	0.0	0.0	0.0	0.0	0.0	0.0	0.0	0.0	0.0	0.0	0.0
GSM4138110_HNSCC_1_PBMC_CAGCTGGGTGTTTGTG	0.0	0.0	0.0	0.0	0.0	39.68695733579644	10.904020908959959	0.0	0.0	143.62691965910946	0.0	64.0459712798319	0.0	0.0	0.0	0.0	108.80401716725925	0.0	0.0	0.0	0.0	0.0
GSM4138110_HNSCC_1_PBMC_CATATGGCAGGACGTA	0.0	288.2911200760609	0.0	180.15879659474905	0.0	0.0	35.855733831865656	0.0	0.0	0.0	0.0	0.0	0.0	5.591718877600735	0.0	0.0	0.0	0.0	0.0	0.0	0.0	0.0
GSM4138110_HNSCC_1_PBMC_CATATTCTCCACGTTC	0.0	187.3949348812857	0.0	0.0	47.404538257361025	0.8960958316783593	0.0	11.252805610554367	0.0	0.0	0.0	82.30228880372796	0.0	0.0	0.0	0.0	96.94561325647473	0.0	0.0	0.0	0.0	0.0
GSM4138110_HNSCC_1_PBMC_CCAATCCCACGACTCG	0.0	0.0	90.15044275154966	0.0	0.0	0.0	83.77562185841369	0.0	0.0	0.0	138.83171032966686	0.0	0.0	0.0	0.0	0.0	0.0	0.0	0.0	0.0	0.0	0.0
GSM4138110_HNSCC_1_PBMC_CCTACCAGTCGGCTCA	161.1910305505008	110.35925192066695	0.0	243.84190839122763	1.5952832357918105	0.0	0.0	0.0	49.55289213190524	0.0	0.0	0.0	0.0	0.0	0.6297887334555459	0.0	0.0	0.0	0.0	0.0	0.0	0.0
GSM4138110_HNSCC_1_PBMC_CGAACATCAAGTTAAG	158.4908914376823	0.0	0.0	181.0174143147846	0.0	0.0	0.0	0.0	0.0	0.0	0.0	0.0	0.0	0.0	211.9839618343167	0.0	0.0	28.799268433296028	0.0	0.0	0.0	0.0
GSM4138110_HNSCC_1_PBMC_CGACCTTCATTACGAC	80.56713130022646	70.43977886698801	0.0	58.17460302179949	0.0	25.775947074369654	0.0	0.0	0.0	0.0	0.0	0.0	0.0	0.0	0.0	0.0	22.066033797524163	0.0	0.0	0.0	0.0	0.0
GSM4138110_HNSCC_1_PBMC_CGAGCACCATATACGC	119.89674239282901	0.0	0.0	0.0	0.0	288.9008325314274	0.0	0.0	273.6060664340858	0.0	0.0	0.0	0.0	0.0	0.0	0.0	0.0	0.0	0.0	0.0	0.0	0.0
GSM4138110_HNSCC_1_PBMC_CGATCGGCAACGATCT	93.07262433474797	0.0	0.0	216.4567151853095	0.0	0.0	0.0	0.0	158.72548799844247	0.0	0.0	0.0	0.0	0.0	0.0	0.0	0.0	0.0	0.0	0.0	0.0	0.0
GSM4138110_HNSCC_1_PBMC_CGATCGGGTTTGGGCC	0.0	0.0	0.0	0.0	0.0	0.0	0.0	225.53985308529536	0.0	0.0	0.0	70.6170824367989	0.0	0.0	179.46888833656726	0.0	0.0	0.0	0.0	0.0	0.0	0.0
GSM4138110_HNSCC_1_PBMC_CGCTATCCACCGAATT	0.0	0.0	0.0	0.0	0.0	0.0	125.20283668330028	0.0	0.0	0.0	0.0	0.0	0.0	0.0	252.53380623488712	222.87598678891655	0.0	0.0	0.0	0.0	0.0	0.0
GSM4138110_HNSCC_1_PBMC_CGGAGCTGTCGAACAG	37.94339466138071	79.41334954500522	0.0	0.0	0.0	0.0	0.0	0.0	0.0	0.0	0.0	0.0	99.66277551625558	0.0	98.8858653522002	0.0	0.0	0.0	0.0	264.74192027387284	0.0	0.0
GSM4138110_HNSCC_1_PBMC_CGTTCTGGTCTAAACC	122.04342343865763	48.06176012296403	0.0	0.0	0.0	0.0	0.0	213.22904389954607	0.0	0.0	0.0	0.0	0.0	0.0	112.81973487109616	0.0	0.0	0.0	0.0	28.746153849371243	0.0	0.0
GSM4138110_HNSCC_1_PBMC_CGTTGGGGTGTGTGCC	70.22955271188341	134.5674263522512	0.0	13.230634241437597	0.0	0.0	0.0	0.0	0.0	0.0	0.0	0.0	0.0	0.0	0.0	112.87480823306376	0.0	0.0	0.0	0.0	0.0	0.0
GSM4138110_HNSCC_1_PBMC_CTAATGGCACACATGT	91.248707075761	0.0	0.0	0.0	0.0	0.0	0.0	201.57495752784732	0.0	0.0	0.0	0.0	0.0	0.0	151.90405779316836	0.0	0.0	0.0	0.0	0.0	0.0	0.0
GSM4138110_HNSCC_1_PBMC_CTACCCAGTTACCGAT	0.0	0.0	0.0	78.80507549207029	0.0	0.0	0.0	180.26349809359806	0.0	0.0	0.0	108.21636450645511	0.0	0.0	188.56077679153458	0.0	0.0	0.0	0.0	0.0	0.0	0.0
GSM4138110_HNSCC_1_PBMC_CTAGAGTCATCGGACC	0.0	0.0	0.0	0.0	0.0	96.95741714482399	0.0	0.0	115.35346477970825	0.0	0.0	0.0	111.55129559305274	0.0	0.0	154.00571849024814	0.0	0.0	0.0	0.0	0.0	0.0
GSM4138110_HNSCC_1_PBMC_CTCTGGTGTGTTCGAT	0.0	0.0	0.0	0.0	0.0	0.0	0.0	159.57764727512696	0.0	0.0	0.0	86.13908273655927	0.0	0.0	185.11730554656148	0.0	0.0	0.0	0.0	0.0	0.0	0.0
GSM4138110_HNSCC_1_PBMC_CTGATAGCATCAGTCA	99.23662098082161	113.20302019199379	0.0	8.908182098279974	0.0	0.0	0.0	48.89173432505176	0.0	0.0	0.0	0.0	0.0	0.0	0.0	0.0	0.0	0.0	0.0	137.2274312182919	0.0	0.0
GSM4138110_HNSCC_1_PBMC_CTGTTTACAATGTAAG	0.0	11.112598363821562	32.79962642135684	0.0	0.0	161.86008174774346	115.7309717302561	0.0	136.7927708662874	0.0	91.33299402089814	0.0	0.0	0.0	0.0	0.0	0.0	0.0	0.0	0.0	0.0	0.0
GSM4138110_HNSCC_1_PBMC_GAACCTATCTCTGTCG	24.477051424861962	0.0	0.0	0.0	0.0	0.0	0.0	100.74362730217861	92.81493649719843	0.0	0.0	0.0	58.49604460016774	0.0	0.0	0.0	0.0	0.0	0.0	0.0	0.0	0.0
GSM4138110_HNSCC_1_PBMC_GATCGCGTCAGGCGAA	67.24394478345644	0.0	0.0	0.0	148.1960831664333	0.0	0.0	0.0	97.01561046537185	33.43176443010449	0.0	0.0	0.0	0.0	0.0	0.0	0.0	0.0	0.0	0.0	0.0	0.0
GSM4138110_HNSCC_1_PBMC_GATCTAGCATACAGCT	18.45859687936338	150.3699301323561	0.0	0.0	0.0	0.0	134.35585650364015	0.0	0.0	0.0	0.0	0.0	0.0	0.0	0.0	0.0	0.0	226.13012169574893	0.0	0.0	0.0	0.0
GSM4138110_HNSCC_1_PBMC_GATGAAAGTAGAAGGA	41.97160443573712	103.23063599577426	0.0	82.0261123842975	0.0	0.0	0.0	6.852714444091836	0.0	0.0	0.0	0.0	0.0	0.0	0.0	0.0	0.0	16.866355271982414	0.0	0.0	0.0	0.0
GSM4138110_HNSCC_1_PBMC_GATGAAAGTCACCCAG	109.19060442616974	171.29254784764902	0.0	0.0	0.0	0.0	0.0	0.0	0.0	0.0	0.0	0.0	0.0	0.0	0.0	0.0	300.19835563249046	0.0	0.0	0.0	0.0	0.0
GSM4138110_HNSCC_1_PBMC_GCATACACATCTGGTA	0.0	0.0	0.0	0.0	0.0	0.0	199.87158274740787	0.0	259.29415374462315	0.0	0.0	0.0	0.0	0.0	0.0	0.0	0.0	0.0	0.0	322.9591823951664	0.0	0.0
GSM4138110_HNSCC_1_PBMC_GCGAGAATCGCACTCT	0.0	155.39202169210196	0.0	0.0	0.0	0.0	135.8742153696532	304.0617435573005	0.0	0.0	0.0	0.0	0.0	0.0	41.86918268521034	0.0	0.0	0.0	0.0	0.0	0.0	0.0
GSM4138110_HNSCC_1_PBMC_GCGCGATAGGAGCGTT	61.50665335213014	0.0	0.0	140.0641755594221	0.0	0.0	0.0	0.0	0.0	0.0	0.0	0.0	0.0	0.0	87.30655016831237	18.893334987289204	0.0	0.0	0.0	0.0	0.0	0.0
GSM4138110_HNSCC_1_PBMC_GCTCTGTTCAGTTTGG	68.19496576847345	108.61787903857294	0.0	0.0	90.59905941690964	23.148589435969214	0.0	0.0	0.0	0.0	18.234659718236465	0.0	0.0	21.41846530234899	0.0	0.0	0.0	0.0	0.0	0.0	0.0	0.0
GSM4138110_HNSCC_1_PBMC_GCTGCGAGTCTAGTCA	0.0	17.47186617237569	0.0	0.0	0.0	0.0	0.0	210.01325977325965	76.29640876360583	0.0	0.0	147.84420403648065	0.0	0.0	0.0	0.0	0.0	0.0	0.0	0.0	0.0	0.0
GSM4138110_HNSCC_1_PBMC_GGCTCGATCAGGCGAA	0.0	0.0	0.0	0.0	0.0	0.0	55.020900402866936	4.562100069047928	0.0	0.0	0.0	0.0	15.015574843652852	0.0	112.70558651736074	168.04634526618736	0.0	0.0	0.0	0.0	0.0	0.0
GSM4138110_HNSCC_1_PBMC_GGGAATGTCTTCCTTC	0.0	0.0	0.0	676.4710439530126	2494.239505169168	0.0	0.0	56.8795520769834	0.0	0.0	0.0	0.0	0.0	0.0	0.0	190.92866075077242	0.0	0.0	0.0	0.0	0.0	0.0
GSM4138110_HNSCC_1_PBMC_GGGCACTTCGTAGGTT	111.10252033091534	0.0	0.0	0.0	0.0	0.0	0.0	172.46186675935374	84.31799470187329	0.0	0.0	0.0	0.0	0.0	34.98672809084468	0.0	0.0	52.98319368572288	0.0	0.0	0.0	0.0
GSM4138110_HNSCC_1_PBMC_GTAGGCCAGTACTTGC	0.0	0.0	0.0	0.0	0.0	217.33195685942752	72.62825890096897	0.0	144.21039388083562	0.0	0.0	0.0	0.0	0.0	0.0	0.0	0.0	0.0	0.0	0.0	0.0	0.0
GSM4138110_HNSCC_1_PBMC_GTCACAATCTATCGCC	30.55166177161316	0.0	0.0	30.715491401359113	0.0	0.0	65.71623786901998	23.477170311871948	0.0	0.0	10.120818974984653	0.0	0.0	0.0	209.75940564869708	157.79742303244342	0.0	0.0	0.0	0.0	0.0	0.0
GSM4138110_HNSCC_1_PBMC_GTCTCGTAGTAGCGGT	0.0	94.26914060816146	0.0	0.0	0.0	63.614678220069415	0.0	0.0	50.837780233244615	0.0	82.85064995776789	83.22047080533729	0.38202121434240327	2.9303792736055203	0.0	0.0	0.0	0.0	0.0	0.0	0.0	0.0
GSM4138110_HNSCC_1_PBMC_GTGCAGCTCTGTCTAT	0.0	0.0	195.69225292137483	0.0	0.0	0.0	179.52535348473353	0.0	0.0	0.0	0.0	0.0	0.0	0.0	0.0	0.0	0.0	387.0242329208317	0.0	0.0	0.0	0.0
GSM4138110_HNSCC_1_PBMC_GTGCATAGTACGCTGC	11.014319287827233	0.0	0.0	60.318481300406994	0.0	137.3924035706093	0.0	2.6539208654446593	0.0	0.0	0.0	0.0	107.30402931943367	0.0	127.462451747437	0.0	0.0	0.0	0.0	0.0	0.0	0.0
GSM4138110_HNSCC_1_PBMC_GTGCTTCAGTACGATA	0.0	68.73655635260313	0.0	0.0	0.0	141.5482829742089	0.0	0.0	0.0	0.0	0.0	0.0	71.88997294949655	0.0	84.09095256004059	52.51998673002579	0.0	0.0	0.0	0.0	0.0	0.0
GSM4138110_HNSCC_1_PBMC_TACAGTGCAATGACCT	0.0	0.0	0.0	0.0	141.8562602620933	0.0	0.0	0.0	135.85896138389504	0.0	0.0	122.03952775117291	0.0	0.0	0.0	0.0	0.0	0.0	0.0	0.0	0.0	0.0
GSM4138110_HNSCC_1_PBMC_TACTCATAGATCACGG	147.4820228963202	93.22879167021196	0.0	0.0	0.0	0.0	0.0	73.44156971089176	0.0	0.0	0.0	0.0	0.0	0.0	69.1650372211995	0.0	0.0	0.0	0.0	182.77867824488314	0.0	0.0
GSM4138110_HNSCC_1_PBMC_TACTCGCGTAAGGATT	154.16815058967478	142.12143643263695	0.0	0.0	218.95959689386203	0.0	0.0	0.0	0.0	0.0	0.0	0.0	0.0	0.0	0.0	0.0	0.0	0.0	0.0	0.0	0.0	0.0
GSM4138110_HNSCC_1_PBMC_TACTTGTCAAGTTAAG	0.0	163.4898987797453	0.0	0.0	0.0	0.0	150.88753671808317	263.79025349097674	2.782758868416398	0.0	0.0	0.0	0.0	0.0	22.650739711975476	0.0	0.0	0.0	0.0	0.0	0.0	0.0
GSM4138110_HNSCC_1_PBMC_TATCTCAAGGTGTGGT	71.92341776755468	124.23937008506704	0.0	0.0	0.0	0.0	0.0	169.6641024107008	0.0	0.0	0.0	0.0	0.0	0.0	0.0	0.0	0.0	0.0	0.0	0.0	0.0	0.0
GSM4138110_HNSCC_1_PBMC_TCAGCTCCACCCATTC	173.36898309675087	236.81422695046265	0.0	0.0	0.0	0.0	0.0	0.0	0.0	0.0	235.08391386068357	0.0	0.0	0.0	0.0	0.0	0.0	0.0	0.0	0.0	0.0	0.0
GSM4138110_HNSCC_1_PBMC_TCGCGTTCAGCTGCTG	94.02863241109375	44.23746714728495	0.0	0.0	0.0	88.41483342595565	0.0	84.77166184153171	37.79008586312674	0.0	0.0	0.0	0.0	0.0	15.615185251753271	0.0	0.0	0.0	0.0	0.0	0.0	0.0
GSM4138110_HNSCC_1_PBMC_TCGGGACAGCTAGTTC	0.0	145.0863995476922	0.0	102.71265256643157	0.0	0.0	111.29517535255995	31.659340962428896	0.0	0.0	87.02265590772951	0.0	0.0	0.0	0.0	2.725789240665271	0.0	0.0	0.0	0.0	0.0	0.0
GSM4138110_HNSCC_1_PBMC_TCTTCGGAGTCATCCA	31.43492270323441	0.0	0.0	0.0	0.0	0.0	70.63619177361272	211.13467519818832	0.0	0.0	0.0	0.0	0.0	0.0	160.1005912062916	0.0	0.0	0.0	0.0	0.0	0.0	0.0
GSM4138110_HNSCC_1_PBMC_TGAGAGGGTCCCTACT	0.0	0.0	0.0	0.0	0.0	253.03885735607054	14.100370480958302	0.0	340.5450524648258	0.0	0.0	0.0	80.94164398361674	0.0	0.0	0.0	48.24187482110561	0.0	0.0	0.0	0.0	0.0
GSM4138110_HNSCC_1_PBMC_TGATTTCGTTAAAGTG	160.08992319808	135.82273999436762	0.0	261.3393621529183	0.0	0.0	0.0	0.0	0.0	0.0	0.0	0.0	0.0	0.0	46.46658811501481	0.0	0.0	0.0	0.0	0.0	0.0	0.0
GSM4138110_HNSCC_1_PBMC_TGCCAAATCATGTCCC	121.61606091710242	0.0	0.0	0.0	0.0	0.0	0.0	91.39566817985752	68.42102822724995	0.0	0.0	0.0	0.0	0.0	112.53622381548062	102.08368883368809	0.0	0.0	0.0	0.0	0.0	0.0
GSM4138110_HNSCC_1_PBMC_TGTATTCAGAATGTTG	0.0	0.0	0.0	0.0	0.0	41.88660277589076	0.0	0.0	0.0	201.47586030941957	92.90744583731626	1.1851851156593667	0.0	0.0	0.0	0.0	54.85715741020601	0.0	0.0	0.0	0.0	145.03718731146262
GSM4138110_HNSCC_1_PBMC_TGTCCCAGTTCAGGCC	86.50182866606163	85.51813983516477	0.0	0.0	8.649386181769897	92.93894484423129	25.558125160549558	93.85436342018315	0.0	0.0	0.0	0.0	0.0	0.0	0.0	0.0	10.106918559759825	0.0	0.0	0.0	0.0	0.0
GSM4138110_HNSCC_1_PBMC_TTGCCGTCAATAGCGG	0.0	168.44313240051142	0.0	0.0	30.17388873062363	0.0	0.0	0.0	0.0	0.0	0.0	97.96538170400954	0.0	0.0	0.0	0.0	101.03986653665403	0.0	0.0	114.83092148096353	0.0	0.0
GSM4138110_HNSCC_1_PBMC_TTTATGCAGACTGGGT	86.857658106629	0.0	0.0	0.0	0.0	0.0	0.0	157.87098499847662	15.079707763156643	0.0	0.0	0.0	0.0	0.0	99.01582151531166	0.0	0.0	0.0	0.0	0.0	0.0	0.0
GSM4138110_HNSCC_1_PBMC_AACGTTGAGTTTAGGA	0.0	105.57445979892765	0.0	126.56629178461785	0.0	0.0	82.12064006914638	0.0	0.0	0.0	0.0	0.0	0.0	0.0	0.0	0.0	0.0	0.0	0.0	0.0	0.0	0.0
GSM4138110_HNSCC_1_PBMC_AAGGCAGCAATCACAC	0.0	81.23122821331374	0.33393803124070803	0.0	0.0	0.0	69.22817735987502	0.0	0.0	0.0	0.0	0.0	0.0	0.0	0.0	114.29897442643039	0.0	0.0	0.0	0.0	0.0	0.0
GSM4138110_HNSCC_1_PBMC_ACTGATGTCAATAAGG	27.833035769794613	0.0	45.04149435820568	0.0	45.28792295831427	0.0	0.0	0.0	0.0	18.838021934648637	0.0	23.2170734636852	0.0	0.0	0.0	0.0	18.150904367522344	0.0	0.0	0.0	0.0	0.0
GSM4138110_HNSCC_1_PBMC_AGCAGCCAGGCCCTCA	9.744112406425783	0.0	123.23831236275039	0.0	0.0	0.0	0.0	0.0	0.0	0.0	55.59549144483853	94.47889494446149	0.0	36.06783655643052	0.0	0.0	0.0	0.0	0.0	0.0	0.0	0.0
GSM4138110_HNSCC_1_PBMC_CATATTCCATATGAGA	0.0	0.0	94.30431400607782	0.0	80.43747887115049	18.26100071456399	112.95371341999139	0.0	1.5171211692609126	0.0	0.0	0.0	0.0	0.0	0.0	0.0	11.434745660294094	0.0	0.0	0.0	0.0	0.0
GSM4138110_HNSCC_1_PBMC_CCTCAGTCAACTGCGC	0.0	128.9567089354617	0.0	30.624688805413143	0.0	0.0	0.0	0.0	0.0	0.0	0.0	0.0	51.88227549708688	0.0	0.0	15.94265888409418	0.0	0.0	0.0	0.0	0.0	0.0
GSM4138110_HNSCC_1_PBMC_CGGTTAACACCTCGTT	50.840852014131755	0.0	61.25958905718966	0.0	28.513328879812562	0.0	0.0	0.0	0.0	0.0	0.0	0.0	0.0	0.0	0.0	0.0	0.0	42.82740881513424	0.0	0.0	0.0	0.0
GSM4138110_HNSCC_1_PBMC_CGTGTAATCTCCAGGG	0.0	65.21177236379702	0.0	0.0	0.0	0.0	4.90862224734548	0.0	0.0	0.0	0.0	0.0	31.562866660375352	0.0	0.0	49.28577890722326	0.0	0.0	0.0	0.0	0.0	0.0
GSM4138110_HNSCC_1_PBMC_CGTTGGGTCAGTGCAT	0.0	0.0	80.94546114378538	0.0	0.0	95.20115227103098	0.0	0.0	0.0	0.0	0.0	48.96858056552801	0.0	0.0	0.0	0.0	5.5561151497213	0.0	0.0	0.0	0.0	0.0
GSM4138110_HNSCC_1_PBMC_CTAGAGTAGCTATGCT	82.55123948452682	120.56245778846501	0.0	71.14810875272734	0.0	0.0	0.0	8.772047660724139	0.0	4.429905913301898	0.0	0.0	0.0	0.0	0.0	0.0	0.0	38.35012622240217	0.0	0.0	0.0	0.0
GSM4138110_HNSCC_1_PBMC_GCATACATCGTTACAG	0.0	66.12324755165274	0.0	27.69705324793458	0.0	0.0	29.737908433169526	0.0	0.0	0.0	0.0	27.569356776967883	1.8555903050095428	0.0	0.0	28.82157511210709	0.0	0.0	0.0	0.0	0.0	0.0
GSM4138110_HNSCC_1_PBMC_AAACGGGCAGTATCTG	0.0	36.49880056093455	3.7758275010578997	0.0	47.35635358432289	0.0	0.0	0.0	0.0	0.0	0.0	158.65340476773088	6.142963696571746	0.0	0.0	0.0	24.417875076569082	0.0	0.0	0.0	0.0	0.0
GSM4138110_HNSCC_1_PBMC_AAAGATGTCTGATTCT	0.0	0.0	0.0	0.0	98.99093506132537	14.061665206558452	32.99697634809065	0.0	0.0	0.0	0.0	12.297319746557442	2.2552806252725053	0.0	125.98194339118513	0.0	0.0	0.0	0.0	0.0	3.116501435088279	0.0
GSM4138110_HNSCC_1_PBMC_AAAGTAGGTAGCGCTC	0.0	0.0	52.53619988167662	0.0	70.04039472552905	0.0	54.04413689995987	0.0	0.0	0.0	0.0	0.0	0.0	38.1063776330601	0.0	0.0	0.0	0.0	0.0	0.0	0.0	0.0
GSM4138110_HNSCC_1_PBMC_AACTCAGGTGGTCTCG	23.50903196398319	0.0	89.59920700624956	0.0	0.0	0.0	50.68476566009701	0.0	0.0	0.0	0.0	0.0	0.0	0.0	0.0	57.917591798083855	0.0	0.0	0.0	0.0	0.0	0.0
GSM4138110_HNSCC_1_PBMC_AACTCCCTCCAATGGT	0.0	60.075691031529715	0.0	0.0	0.0	102.47759109168129	0.0	0.0	0.0	0.0	7.992560923836071	78.97252868197043	5.870077775234051	0.0	68.92959063206376	0.0	0.0	0.0	0.8572053651976491	0.0	0.0	0.0
GSM4138110_HNSCC_1_PBMC_AACTCTTAGTGGGTTG	0.0	0.0	88.26167443782488	0.0	16.896008474001064	0.0	0.0	0.0	2.3518328568770115	0.0	6.9469299720875135	0.0	70.9545053002857	35.37102319486954	0.0	0.0	35.33594446614343	0.0	1.8181754869619693	0.0	0.0	0.0
GSM4138110_HNSCC_1_PBMC_AACTCTTGTCACACGC	0.0	63.218585290418	0.0	0.0	0.0	0.0	47.911189977612324	0.0	0.0	0.0	0.0	0.0	0.0	70.84190863640387	0.0	0.0	0.0	0.0	0.0	0.0	0.0	0.0
GSM4138110_HNSCC_1_PBMC_AACTTTCAGAAGGTTT	0.0	0.0	0.0	0.0	0.0	0.0	0.0	0.0	0.0	84.46197710255001	75.72277025653409	0.0	71.21139391866913	13.747292760164138	0.0	0.0	0.0	0.0	0.0	0.0	0.0	0.0
GSM4138110_HNSCC_1_PBMC_AAGGAGCTCCTTTCGG	0.0	88.90681867337865	14.442850046905805	0.0	0.0	30.786425407306808	0.0	0.0	10.902594560795567	0.0	81.64959335822522	0.0	91.56042662268003	0.0	0.0	0.0	0.0	0.0	0.0	0.0	0.0	0.0
GSM4138110_HNSCC_1_PBMC_AATCCAGAGTGCTGCC	84.65577044599144	0.0	101.78449480041994	0.0	0.0	0.0	0.0	0.0	0.0	0.0	63.49563418083291	0.0	0.0	37.33896527509915	0.0	0.0	0.0	0.0	0.0	0.0	0.0	0.0
GSM4138110_HNSCC_1_PBMC_AATCGGTGTCTAGCCG	0.0	43.056936650913975	64.1399713457645	0.0	32.22336642310974	0.0	0.0	93.07899376692428	6.8233392962590935	0.0	0.0	80.7445009578472	47.19015284051596	0.0	0.0	0.0	0.0	0.0	0.0	0.0	0.0	0.0
GSM4138110_HNSCC_1_PBMC_ACACCCTCATCTACGA	52.02662841189346	0.0	80.98360504319257	0.0	0.0	0.0	0.0	0.0	0.0	0.0	71.96106096638916	0.0	0.0	0.0	0.0	0.0	0.0	0.0	0.0	0.0	0.0	0.0
GSM4138110_HNSCC_1_PBMC_ACACCGGCACCATGTA	0.0	208.64474935400688	0.0	0.0	64.1632936465345	0.0	84.53441876135591	0.0	0.0	0.0	0.0	0.0	0.0	0.0	0.0	0.0	126.6148394178654	0.0	0.0	0.0	171.9046884907286	0.0
GSM4138110_HNSCC_1_PBMC_ACATCAGAGCGTTCCG	92.20048606561504	139.21919262280252	0.0	0.0	30.75216184878364	0.0	0.0	0.0	0.0	0.0	169.37288324795347	22.680159083305817	0.0	0.0	0.0	0.0	16.87267154741231	0.0	0.0	0.0	0.0	0.0
GSM4138110_HNSCC_1_PBMC_ACCCACTCAATGTAAG	0.0	57.67834197639998	0.0	15.494742036565507	0.0	36.1026122350054	0.0	0.0	0.0	0.0	17.70170420947699	24.954892399519608	0.0	0.0	4.999357022094313	0.0	0.0	0.0	0.0	0.0	0.0	0.0
GSM4138110_HNSCC_1_PBMC_ACCCACTGTAAGTGTA	33.31526647706321	0.0	69.22567366074391	0.0	103.74330011288538	0.0	44.50134085404055	0.0	0.0	0.0	0.0	0.0	0.0	0.0	0.0	0.0	0.0	0.0	0.0	0.0	0.0	0.0
GSM4138110_HNSCC_1_PBMC_ACCTTTATCATAACCG	82.89264866680203	0.0	0.0	0.0	0.0	28.159867079433894	0.0	0.0	110.18075258593662	0.0	116.33900811660722	0.0	0.0	0.0	0.0	0.0	0.0	0.0	0.0	0.0	0.0	0.0
GSM4138110_HNSCC_1_PBMC_ACGAGCCAGGTGTGGT	54.4008158187192	0.0	0.0	0.0	0.0	113.74345804633644	0.0	0.0	32.01266654599626	3.6055424743169113	11.79334842522511	0.0	0.0	0.0	0.0	0.0	0.0	0.0	22.540352684806496	0.0	0.0	0.0
GSM4138110_HNSCC_1_PBMC_ACGATACCATATGAGA	44.88538932208403	0.0	52.721335368674936	0.0	0.0	63.64482710255886	0.0	0.0	0.0	22.541846918631077	0.0	0.0	0.0	0.0	0.0	0.0	0.0	0.0	0.0	0.0	0.0	0.0
GSM4138110_HNSCC_1_PBMC_ACGATACTCTGATTCT	73.92452003043996	0.0	58.090872907410294	0.0	0.0	0.0	0.0	0.0	23.441478841543667	0.0	76.92149550460748	0.0	0.0	0.0	0.0	0.0	0.0	0.0	0.0	0.0	0.0	0.0
GSM4138110_HNSCC_1_PBMC_ACGATGTCAGGCAGTA	0.0	0.0	0.0	0.0	0.0	0.0	0.0	0.0	0.0	0.0	0.0	51.74379301759648	0.0	77.54451242978118	0.0	0.0	0.0	0.0	92.9905869303788	0.0	0.0	0.0
GSM4138110_HNSCC_1_PBMC_ACGCAGCGTAGAGCTG	35.99560983027273	42.73409605862149	0.0	4.359639488457662	0.0	0.0	0.0	51.889894396893354	17.0708012142137	0.0	0.0	0.0	0.0	0.0	24.79898993615251	0.0	0.0	0.0	0.0	0.0	0.0	0.0
GSM4138110_HNSCC_1_PBMC_ACGCCGAAGGTAGCTG	57.652983577372794	0.0	0.0	0.0	0.0	55.53865170965238	0.0	0.0	0.0	46.42628656851286	0.0	0.0	0.0	0.0	0.0	0.0	0.0	0.0	0.0	0.0	0.0	0.0
GSM4138110_HNSCC_1_PBMC_ACGGGCTGTGATAAAC	0.0	0.0	0.0	71.80463015611095	0.0	0.0	39.26994571767658	0.0	0.0	91.60000868062947	35.497197605024716	12.483950992604296	0.0	0.0	0.0	21.760539236335976	0.0	0.0	0.0	0.0	0.0	0.0
GSM4138110_HNSCC_1_PBMC_ACGTCAACATCACGAT	59.033439500694854	50.44068451834088	0.0	0.0	0.0	46.12356903366464	0.0	0.0	0.0	0.0	0.0	0.0	0.0	0.0	0.0	0.0	0.0	0.0	0.0	0.0	0.0	0.0
GSM4138110_HNSCC_1_PBMC_ACTATCTAGGAATTAC	0.0	179.31067072157782	0.0	20.924316310416742	0.0	0.0	0.0	0.0	0.0	0.0	0.0	104.59424669029394	0.0	115.85276037640558	0.0	0.0	0.0	0.0	0.0	0.0	0.0	0.0
GSM4138110_HNSCC_1_PBMC_ACTGATGTCGTTACGA	0.0	0.0	130.62631642426882	0.0	72.63809335572151	0.0	131.0962633464375	0.0	0.0	0.0	0.0	0.0	0.0	0.0	0.0	0.0	0.0	35.57191903718938	0.0	0.0	0.0	0.0
GSM4138110_HNSCC_1_PBMC_ACTTACTAGATAGGAG	85.02414652490376	61.295892097600216	0.0	0.0	82.1122236087357	8.21490835004333	0.0	0.0	0.0	0.0	0.0	0.0	0.0	0.0	8.389052575097255	0.0	0.0	0.0	0.0	0.0	0.0	0.0
GSM4138110_HNSCC_1_PBMC_ACTTGTTTCCACGACG	0.0	72.14013635345576	0.0	0.0	0.0	52.366787461353525	0.0	0.0	0.0	0.0	66.83725340295376	73.75110402778319	0.0	0.0	0.0	0.0	0.0	0.0	0.0	0.0	0.0	0.0
GSM4138110_HNSCC_1_PBMC_ACTTTCATCGTCACGG	0.0	76.94349857824945	13.043771814659156	0.0	63.6597263045042	0.0	0.0	0.0	0.0	0.0	0.0	0.0	51.03711182228524	0.0	0.0	0.0	0.0	0.0	0.0	0.0	0.0	0.0
GSM4138110_HNSCC_1_PBMC_AGATTGCTCATGCTCC	0.0	160.50910069736025	0.0	54.289451494080254	0.0	0.0	69.69774074613257	36.27226027525868	0.0	0.0	0.0	0.0	0.0	0.0	0.0	0.0	0.0	7.2800032513069795	0.0	0.0	0.0	0.0
GSM4138110_HNSCC_1_PBMC_AGATTGCTCCTAGAAC	0.0	153.69253155036586	0.0	0.0	0.0	0.0	0.0	0.0	0.0	0.0	0.0	0.0	20.86807381389825	0.0	0.0	54.68378996328475	0.0	0.0	0.0	0.0	0.0	0.0
GSM4138110_HNSCC_1_PBMC_AGCAGCCTCACTCTTA	0.0	0.0	70.33500451240525	0.0	80.89899673840053	0.0	47.659763996415435	0.0	0.0	0.0	0.0	0.0	13.193318116302034	0.0	0.0	0.0	0.0	0.0	0.0	0.0	0.0	0.0
GSM4138110_HNSCC_1_PBMC_AGCCTAAAGCGTGAAC	89.71148940007534	0.0	0.0	131.57950258915037	0.0	0.0	0.0	0.0	87.85143351586035	52.904336400658345	0.0	0.0	0.0	0.0	0.0	0.0	0.0	9.54313428322459	0.0	0.0	0.0	0.0
GSM4138110_HNSCC_1_PBMC_AGCCTAAGTCTCATCC	0.0	0.0	0.0	0.0	0.0	41.42469129874572	0.0	76.6128228565173	0.0	0.0	0.0	15.796683766273237	0.0	0.0	0.0	0.0	0.0	0.0	32.14942600702755	0.0	0.0	18.712923701196214
GSM4138110_HNSCC_1_PBMC_AGCGTATAGCCAGTTT	0.0	0.0	0.0	0.0	90.04281481358294	0.0	0.0	0.0	84.83773953452743	0.0	0.0	27.816644987669502	36.649441671617986	0.0	0.0	0.0	0.0	0.0	38.78066814856742	0.0	0.0	0.0
GSM4138110_HNSCC_1_PBMC_AGCGTCGAGCGCTCCA	0.0	30.837254384883757	45.16337699797676	46.64787035922299	0.0	0.0	65.64228500889374	0.0	0.0	0.0	0.0	0.0	0.0	15.64069025437141	0.0	0.0	0.0	0.0	0.0	0.0	0.0	0.0
GSM4138110_HNSCC_1_PBMC_AGCTCCTGTATCACCA	0.0	120.25049268250076	80.62730412581895	0.0	0.0	0.0	83.4506113347414	0.0	0.0	0.0	117.23571654049651	8.414665972840895	0.0	29.187947219697804	0.0	0.0	0.0	0.0	0.0	0.0	0.0	0.0
GSM4138110_HNSCC_1_PBMC_AGCTCTCAGTCGTTTG	85.82409171576893	0.0	105.96162552006207	0.0	143.20704646312342	0.0	0.0	0.0	0.0	0.0	0.0	0.0	0.0	0.0	0.0	0.0	0.0	0.0	0.0	0.0	0.0	0.0
GSM4138110_HNSCC_1_PBMC_AGCTTGAAGACTGGGT	0.0	0.0	84.55113639692526	0.0	0.0	80.10554909147443	0.0	0.0	10.188416951364045	0.0	0.0	64.49513911356776	0.0	0.0	0.0	0.0	16.73412251456737	0.0	0.0	0.0	0.0	0.0
GSM4138110_HNSCC_1_PBMC_AGGCCGTAGACTACAA	85.6079296183851	63.10402855685646	0.0	126.27361533862477	0.0	0.0	0.0	0.0	0.0	0.0	0.0	0.0	0.0	0.0	34.92235044993262	0.0	0.0	0.0	0.0	0.0	0.0	0.0
GSM4138110_HNSCC_1_PBMC_AGGGATGAGACCCACC	0.0	97.76266641105401	0.0	77.03566014575347	0.0	0.0	0.0	0.0	0.0	0.0	0.0	0.0	61.25712285894656	0.0	0.0	0.0	0.0	0.0	0.0	0.0	0.0	0.0
GSM4138110_HNSCC_1_PBMC_AGGGATGCATGTTCCC	58.129903502866355	0.0	119.82293823840973	0.0	110.83821697226537	0.0	0.0	0.0	0.0	0.0	0.0	17.145001820559006	0.0	0.0	0.0	0.0	0.0	0.0	0.0	7.438117384264471	0.0	0.0
GSM4138110_HNSCC_1_PBMC_AGTAGTCGTCAATGTC	69.45704069877839	80.92333420439236	0.0	0.0	0.0	0.0	0.0	70.88867856545018	0.0	0.0	0.0	0.0	0.0	0.0	0.0	0.0	0.0	0.0	0.0	0.0	0.0	0.0
GSM4138110_HNSCC_1_PBMC_AGTAGTCGTCCGAAGA	54.55655338190314	0.0	69.21049918524079	0.0	0.0	0.0	0.0	0.0	35.309091907621635	0.0	45.513848773203776	0.0	0.0	55.478871161398175	0.0	0.0	0.0	0.0	0.0	0.0	0.0	0.0
GSM4138110_HNSCC_1_PBMC_AGTGGGAAGGAGCGAG	0.0	0.0	0.0	0.0	0.0	79.884778103836	0.0	0.0	141.8111794194805	0.0	0.0	52.65522797807178	103.0850598018692	0.0	0.0	0.0	80.7698128648221	0.0	0.0	0.0	0.0	0.0
GSM4138110_HNSCC_1_PBMC_AGTGTCAGTACCGGCT	28.6252582593847	0.0	7.075061882433047	152.61680245443614	0.0	0.0	0.0	0.0	0.0	0.0	0.0	0.0	0.0	0.0	0.0	0.0	0.0	0.0	176.9749077528822	0.0	0.0	0.0
GSM4138110_HNSCC_1_PBMC_ATAAGAGAGCTGATAA	0.0	0.0	0.0	0.0	0.0	0.0	1.7943235255937184	0.0	0.0	100.06111460895298	0.5852238351411949	32.030747875169766	0.0	35.023280042672994	0.0	0.0	0.0	0.0	0.0	0.0	0.0	6.803478938785611
GSM4138110_HNSCC_1_PBMC_ATCACGAGTCAAACTC	37.93753886223807	0.0	0.0	0.0	0.0	0.0	0.0	0.0	0.0	71.30666397116927	0.0	0.0	0.0	95.57580538949522	0.0	0.0	0.0	0.0	0.0	0.0	0.0	0.0
GSM4138110_HNSCC_1_PBMC_ATCATCTTCTGTGCAA	0.0	0.0	0.0	19.091048775422863	0.0	0.0	0.0	0.0	0.0	71.08014116224743	45.6189694104955	24.778433044876557	49.169789895877855	0.3435933022256268	0.0	2.9373831249302604	0.0	0.0	0.0	0.0	0.0	0.0
GSM4138110_HNSCC_1_PBMC_ATCATGGGTCACTGGC	87.74540767176262	49.39474903726858	50.384576191116956	59.15139054250071	0.0	0.0	0.0	0.0	0.0	0.0	41.239020110029465	0.0	0.0	33.34246672147944	0.0	0.0	0.0	0.0	0.0	0.0	0.0	0.0
GSM4138110_HNSCC_1_PBMC_ATCTGCCCATACGCCG	86.56729564483142	0.0	88.65234572120193	0.0	71.59414719692974	0.0	0.0	0.0	0.0	0.0	0.0	0.0	0.0	0.0	0.0	0.0	0.0	0.0	0.0	0.0	0.0	0.0
GSM4138110_HNSCC_1_PBMC_ATGAGGGAGTGTACGG	19.482646993015173	0.0	70.2236885918762	0.0	135.71790934988044	0.0	0.0	0.0	0.0	10.735910502441195	0.0	60.97103181366459	0.0	0.0	0.0	0.0	0.0	0.0	0.0	0.0	0.0	0.0
GSM4138110_HNSCC_1_PBMC_ATGGGAGAGACCCACC	187.94658598039717	16.252680675360267	0.0	0.0	0.0	21.785954141049412	0.0	1.2019062323164758	8.22414225329623	0.0	132.9365245182705	0.0	0.0	0.0	116.3346603208927	0.0	32.23744784599614	0.0	0.0	25.525174608648403	0.0	0.0
GSM4138110_HNSCC_1_PBMC_ATGTGTGTCCAGTAGT	0.0	0.0	0.0	0.0	95.34398784006453	0.0	0.0	0.0	0.0	71.57435771737426	0.0	26.088986786627615	0.0	0.0	0.0	0.0	0.0	0.0	0.0	0.0	0.0	15.769277004222056
GSM4138110_HNSCC_1_PBMC_ATTATCCAGCGCCTTG	0.0	106.06930584691389	0.0	74.02380895228826	41.6452638547271	0.0	36.09738249287977	0.0	0.0	0.0	0.0	67.47372484493114	0.0	0.0	0.0	0.0	0.0	0.0	0.0	0.0	0.0	0.0
GSM4138110_HNSCC_1_PBMC_ATTCTACAGATGTCGG	78.04390573791156	78.08704522754077	0.0	0.0	0.0	0.0	0.0	64.99774176701322	0.0	9.226920680151668	0.0	0.0	0.0	0.0	0.0	0.0	0.0	36.647783981588866	0.0	0.0	0.0	0.0
GSM4138110_HNSCC_1_PBMC_ATTGGACAGAAGGCCT	63.74121321714899	41.50201176681831	0.0	51.245834837253504	0.0	0.0	0.0	0.0	0.0	12.887817849781591	0.0	0.0	0.0	0.0	0.0	0.0	0.0	11.878020119737243	0.0	0.0	0.0	0.0
GSM4138110_HNSCC_1_PBMC_ATTGGTGCACAGGAGT	0.0	76.31770512505359	0.0	126.22411808351472	0.0	0.0	0.0	0.0	0.0	0.0	0.0	62.53057241459713	0.0	0.0	0.0	0.0	0.0	0.0	0.0	0.0	0.0	0.0
GSM4138110_HNSCC_1_PBMC_CAACCTCTCTAAGCCA	0.0	5.195392403472272	0.0	62.67695648118881	0.0	0.0	76.05442080657568	0.0	50.930756563031004	0.0	0.0	0.0	0.0	0.0	0.0	0.0	0.0	0.0	0.0	0.0	0.0	0.0
GSM4138110_HNSCC_1_PBMC_CAACTAGGTGTCCTCT	49.432148407119925	0.0	49.282339308550725	0.0	0.0	0.0	33.426791541501146	0.0	0.0	24.056921592122663	0.0	0.0	0.0	93.37151770168454	0.0	0.0	0.0	0.0	0.0	0.0	0.0	0.0
GSM4138110_HNSCC_1_PBMC_CAACTAGTCAAGATCC	46.78718431379097	0.0	0.0	0.0	0.0	0.0	0.0	0.0	0.0	81.17465377844823	38.3237359002971	0.0	0.0	59.31736329453338	0.0	0.0	0.0	0.0	0.0	0.0	0.0	0.0
GSM4138110_HNSCC_1_PBMC_CAAGAAATCACAAACC	56.740173359461274	59.35968879755227	0.0	0.0	63.99701535351763	0.0	0.0	0.0	0.0	0.0	0.0	0.0	0.0	0.0	0.0	0.0	0.0	0.0	0.0	0.0	0.0	0.0
GSM4138110_HNSCC_1_PBMC_CAAGTTGCATGTTCCC	0.0	0.0	20.61748582066988	0.0	147.27803138346056	0.0	113.7731760330501	0.0	0.0	108.74424368960946	0.0	0.0	0.0	0.0	0.0	0.0	0.0	0.0	0.0	0.0	0.0	0.0
GSM4138110_HNSCC_1_PBMC_CACACTCTCAAGATCC	103.47761579780916	90.88222401282398	0.0	0.0	0.0	0.0	0.0	13.089180946761463	0.0	0.0	0.0	0.0	0.0	0.0	0.0	117.42624456897632	0.0	0.0	0.0	0.0	0.0	0.0
GSM4138110_HNSCC_1_PBMC_CACAGGCTCCGCGTTT	73.3426137628226	103.6927160124678	0.0	27.916478863352562	0.0	33.68738731759743	0.0	0.0	0.0	0.0	25.47342002724212	0.0	0.0	33.74673309018141	0.0	0.0	0.0	0.0	0.0	0.0	0.0	0.0
GSM4138110_HNSCC_1_PBMC_CACAGTAAGTTACCCA	66.05938973928562	0.0	101.05058521725442	0.0	0.0	116.198040472117	0.0	0.0	11.225747704993122	0.0	0.0	0.0	0.0	0.0	0.0	0.0	11.532541733727115	0.0	0.0	0.0	0.0	0.0
GSM4138110_HNSCC_1_PBMC_CACATTTAGTAGCGGT	0.0	0.0	97.95070966915634	0.0	0.0	0.0	0.0	0.0	0.0	0.0	30.770246821380773	0.0	55.69532033638005	52.00568604296154	0.0	0.0	0.0	0.0	0.0	0.0	0.0	0.0
GSM4138110_HNSCC_1_PBMC_CACCACTTCCGCGGTA	45.65028661437219	26.31628253021413	33.71771799028836	0.0	0.0	16.666514076717974	0.0	42.10532550033957	0.0	0.0	12.259096287820112	0.0	0.0	0.0	0.0	0.0	0.0	0.0	0.0	0.0	0.0	0.0
GSM4138110_HNSCC_1_PBMC_CAGAGAGAGCCACTAT	0.0	0.0	26.893824643038062	0.0	0.0	38.02846660562134	0.0	0.0	38.69328281366012	0.0	47.25897763373086	52.9045460466843	44.908455611596935	0.0	0.0	0.0	0.0	0.0	0.0	0.0	0.0	0.0
GSM4138110_HNSCC_1_PBMC_CAGCAGCGTGCAGTAG	28.72298948225033	0.0	0.0	0.0	0.0	0.0	0.0	0.0	0.0	0.0	0.0	0.0	0.0	50.55366622408846	0.0	0.0	0.0	0.0	52.70517995134846	0.0	0.0	0.0
GSM4138110_HNSCC_1_PBMC_CAGCATAAGTACTTGC	99.48479660343942	0.0	2.7630613779155286	0.0	98.86669309542219	0.0	0.0	0.0	33.49183660797896	0.0	0.0	0.0	0.0	0.0	0.0	0.0	0.0	0.0	0.0	0.0	0.0	0.0
GSM4138110_HNSCC_1_PBMC_CAGCATATCAGAGGTG	112.02177631019107	142.80348381555442	0.0	0.0	0.0	0.0	0.0	149.66218449256067	0.0	0.0	0.0	0.0	0.0	0.0	0.0	0.0	0.0	0.0	0.0	0.0	0.0	0.0
GSM4138110_HNSCC_1_PBMC_CAGCTAAGTTCCACGG	0.0	0.0	0.0	111.19760106387551	0.0	0.0	64.21712755410947	0.0	0.0	0.0	0.0	0.0	0.0	0.0	87.69295935796228	0.0	0.0	0.0	0.0	0.0	0.0	0.0
GSM4138110_HNSCC_1_PBMC_CATCGAAGTACTTCTT	0.0	0.0	0.0	0.0	0.0	0.0	53.74518751692731	0.0	0.0	0.0	7.0718138734718305	15.799460386924967	0.0	80.72377122337848	137.54370161014378	0.0	0.0	0.0	0.0	0.0	0.0	0.0
GSM4138110_HNSCC_1_PBMC_CATCGGGAGAGCTTCT	0.0	32.00093821939882	0.0	0.0	0.0	0.0	31.493183805882662	41.271877503185586	0.0	0.0	0.0	0.0	0.0	0.0	0.0	0.0	0.0	0.0	0.0	0.0	0.0	0.0
GSM4138110_HNSCC_1_PBMC_CATTATCTCGATCCCT	87.35873124609932	0.0	154.31168616190848	0.0	0.0	102.9360219114611	0.0	0.0	0.0	0.0	0.0	0.0	0.0	0.0	0.0	0.0	0.0	0.0	0.0	0.0	0.0	0.0
GSM4138110_HNSCC_1_PBMC_CATTCGCAGTGAAGAG	0.0	0.0	182.15905184914874	0.0	0.0	146.60072625201857	0.0	0.0	0.0	0.0	0.0	0.0	108.50729007733318	0.0	0.0	0.0	0.0	0.0	0.0	0.0	0.0	0.0
GSM4138110_HNSCC_1_PBMC_CCACGGACAGATGGGT	83.22788326297638	179.03958064026253	0.0	143.63369630573288	0.0	0.0	0.0	0.0	0.0	0.0	0.0	0.0	0.0	0.0	0.0	0.0	0.0	0.0	0.0	0.0	0.0	0.0
GSM4138110_HNSCC_1_PBMC_CCACTACAGGTTCCTA	0.0	99.92549404577643	0.0	0.0	0.0	0.0	8.933031928621538	0.0	0.0	0.0	0.0	0.0	68.66181453609798	0.0	0.0	88.15656989150328	0.0	0.0	0.0	0.0	0.0	0.0
GSM4138110_HNSCC_1_PBMC_CCCAGTTAGGCACATG	0.0	55.369517579860215	0.0	0.0	0.0	0.0	66.90743685898605	0.0	0.0	0.0	79.860839387395	0.0	5.723614614512371	0.0	0.0	0.0	0.0	0.0	0.0	0.0	0.0	0.0
GSM4138110_HNSCC_1_PBMC_CCCTCCTGTACAGCAG	79.91243293005255	0.0	37.15352729269394	0.0	0.0	0.0	0.0	0.0	0.0	19.32451028178459	79.48339024729613	0.0	0.0	0.0	0.0	0.0	0.0	0.0	0.0	0.0	0.0	0.0
GSM4138110_HNSCC_1_PBMC_CCCTCCTTCCATGAAC	47.03891603266524	62.66922453820918	0.0	0.0	0.0	0.0	0.0	80.38606153729022	0.0	0.0	0.0	0.0	0.0	0.0	0.0	0.0	0.0	0.0	0.0	0.0	0.0	0.0
GSM4138110_HNSCC_1_PBMC_CCGTACTGTTCCAACA	122.01454503605584	127.74918774547218	0.0	22.507619669470476	0.0	80.18170153697021	0.0	0.0	0.0	0.0	0.0	0.0	0.0	0.0	0.0	4.505243746433957	0.0	0.0	0.0	0.0	0.0	0.0
GSM4138110_HNSCC_1_PBMC_CCGTACTTCCGATATG	0.0	39.859457922507595	0.0	59.20174457534995	0.0	0.0	56.21909387439119	0.0	0.0	6.9833809478847515	0.0	0.0	0.0	0.0	0.0	0.0	0.0	0.0	0.0	0.0	0.0	0.0
GSM4138110_HNSCC_1_PBMC_CCGTGGAAGGAGTACC	62.77896526060609	0.0	77.20209038840049	0.0	47.70403969125966	0.0	0.0	0.0	0.0	0.0	0.0	0.0	0.0	32.46651988219286	0.0	0.0	0.0	0.0	0.0	0.0	0.0	0.0
GSM4138110_HNSCC_1_PBMC_CCTAAAGAGCGCCTCA	211.13383132552534	0.0	0.0	0.0	0.0	0.0	0.0	0.0	0.0	0.0	0.0	0.0	0.0	0.0	132.26815736412223	0.0	0.0	0.0	0.0	163.03022306163936	0.0	0.0
GSM4138110_HNSCC_1_PBMC_CCTACACCACAGGCCT	62.370972308741514	0.0	0.0	0.0	0.0	0.0	0.0	0.0	0.0	102.0449379988257	0.0	0.0	0.0	105.47980778832361	0.0	0.0	0.0	0.0	0.0	0.0	0.0	0.0
GSM4138110_HNSCC_1_PBMC_CCTATTACACAAGACG	101.34632980514252	0.0	0.0	177.47906956059103	0.0	0.0	0.0	0.0	0.0	141.87288111657548	0.0	0.0	0.0	0.0	0.0	0.0	0.0	0.0	0.0	0.0	0.0	0.0
GSM4138110_HNSCC_1_PBMC_CCTTACGAGAATAGGG	61.51663285694048	55.2269561191937	0.0	55.62808119198765	0.0	0.0	0.0	0.0	0.0	0.0	18.174370092363702	0.0	0.0	0.0	47.15620214011996	73.76970702495757	0.0	0.0	0.0	0.0	0.0	0.0
GSM4138110_HNSCC_1_PBMC_CGAACATGTCCAGTAT	0.0	0.0	36.27211728442396	0.0	34.75193650800877	0.0	0.0	0.0	15.062681716733843	11.434254744199592	0.0	0.0	0.0	0.0	0.0	0.0	38.10039863258224	0.0	0.0	0.0	61.091993219510044	0.0
GSM4138110_HNSCC_1_PBMC_CGATCGGCAACACCCG	25.80557823279931	49.92981417157405	0.0	0.0	0.0	0.0	0.0	56.34320890701973	0.0	0.0	0.0	0.0	0.0	0.0	0.0	0.0	0.0	0.0	0.0	0.0	0.0	0.0
GSM4138110_HNSCC_1_PBMC_CGATGTATCCTTTCGG	64.2168823627985	0.0	0.0	0.0	0.0	0.0	0.0	77.23830430247818	0.0	0.0	0.0	0.0	0.0	0.0	73.24802335499771	0.0	0.0	0.0	0.0	0.0	0.0	0.0
GSM4138110_HNSCC_1_PBMC_CGCGGTAAGACACGAC	42.1193840123394	0.0	20.787730506738338	0.0	0.0	28.23834765628736	0.0	0.0	0.0	0.0	0.0	0.0	0.0	52.082875704818385	0.0	0.0	0.0	0.0	0.0	0.0	0.0	0.0
GSM4138110_HNSCC_1_PBMC_CGCGGTATCAGTCCCT	59.09519958736991	0.28868157100670316	69.300331804398	0.0	0.0	75.32137037140768	0.0	0.0	0.0	0.0	0.0	0.0	0.0	0.0	0.0	0.0	0.0	0.0	0.0	0.0	0.0	0.0
GSM4138110_HNSCC_1_PBMC_CGCTATCAGGTAGCCA	111.37748533574003	114.58139187506505	0.0	104.28939188832766	0.0	0.0	0.0	0.0	0.0	0.0	0.0	0.0	0.0	56.5754325891096	10.25686657103323	0.0	0.0	0.0	0.0	0.0	0.0	0.0
GSM4138110_HNSCC_1_PBMC_CGCTTCACAGTACACT	88.12842934401905	88.19883027486337	0.0	0.0	0.0	0.0	0.0	92.3889139933291	0.0	0.0	0.0	0.0	0.0	0.0	24.800757388538766	0.0	0.0	0.0	0.0	0.0	0.0	0.0
GSM4138110_HNSCC_1_PBMC_CGGAGCTCAGACGCAA	42.619681725772125	0.0	13.927632498654965	0.0	12.255435067639327	0.0	0.0	0.0	0.0	8.338407606339269	0.0	0.0	0.0	56.53135328086045	0.0	0.0	0.0	0.0	53.76910161971589	0.0	0.0	0.0
GSM4138110_HNSCC_1_PBMC_CGGAGCTTCGCCTGAG	101.67990229925101	0.0	0.0	140.67301851421686	0.0	0.0	0.0	0.0	0.0	108.04022259922685	0.0	0.0	0.0	0.0	0.0	0.0	0.0	0.0	0.0	0.0	0.0	0.0
GSM4138110_HNSCC_1_PBMC_CGGCTAGTCACATAGC	103.22545974165858	115.91465088171081	0.0	1.3570135244671986	2.952133179849615	0.0	0.0	0.0	0.0	0.0	144.79810854532758	35.024345809982385	0.0	0.0	0.0	0.0	0.0	0.0	0.0	0.0	0.0	0.0
GSM4138110_HNSCC_1_PBMC_CGGCTAGTCAGAGACG	44.6211921999833	0.0	83.94784847220944	0.0	0.0	0.0	0.0	0.0	0.0	0.0	62.540997769230046	0.0	0.0	16.575932367356717	0.0	0.0	0.0	0.0	0.0	0.0	0.0	0.0
GSM4138110_HNSCC_1_PBMC_CGGCTAGTCCTAAGTG	0.0	32.18159993016154	0.0	0.0	0.0	0.0	63.344363752900975	0.0	0.0	0.0	0.0	0.0	0.0	0.0	65.09537439251157	0.0	0.0	87.8113798170708	0.0	46.530310472637495	0.0	0.0
GSM4138110_HNSCC_1_PBMC_CGTAGCGAGAAGGGTA	72.59330169436497	0.0	0.0	0.0	0.0	162.21706304553132	0.0	0.0	0.0	66.5091000352936	0.0	0.0	0.0	0.0	0.0	0.0	0.0	0.0	0.0	0.0	0.0	0.0
GSM4138110_HNSCC_1_PBMC_CGTAGGCGTGGTAACG	56.96653513628235	31.656975315529166	0.0	88.72957342777454	0.0	0.0	0.0	0.0	0.0	0.0	0.0	0.0	0.0	0.0	9.282925604495656	0.0	0.0	0.0	0.0	20.856109231036065	0.0	0.0
GSM4138110_HNSCC_1_PBMC_CGTCACTTCAAACCGT	0.0	0.0	0.0	0.0	0.0	0.0	0.0	0.0	81.70596345780882	0.0	104.7234697507497	19.978066506244936	58.68706497973048	0.0	0.0	0.0	0.0	0.0	0.0	0.0	0.0	1.3675323633449923
GSM4138110_HNSCC_1_PBMC_CGTCCATAGCAGCGTA	70.61132762994733	24.107452552533356	0.0	0.0	0.0	0.0	0.0	0.0	0.0	0.0	0.0	0.0	0.0	0.0	2.3117978527299488	78.91844386627787	0.0	0.0	0.0	0.0	0.0	0.0
GSM4138110_HNSCC_1_PBMC_CGTGTAAAGGTGTGGT	0.0	0.0	105.56455997618512	0.0	46.07624842817588	0.0	0.0	0.0	0.0	0.0	0.0	0.0	100.8373789124189	53.51418519020668	0.0	0.0	0.0	0.0	0.0	0.0	0.0	0.0
GSM4138110_HNSCC_1_PBMC_CGTTGGGCAGGCGATA	0.0	13.411059663249413	53.162143824564296	0.0	32.2847661259429	11.284796647095051	0.0	0.0	9.784151925874946	0.0	4.39526618324427	68.28772236399107	0.0	0.0	0.0	17.79061646880613	7.560641317831108	0.0	0.0	0.0	0.0	0.0
GSM4138110_HNSCC_1_PBMC_CTACACCGTAGCTTGT	58.10947494220764	51.427383327503655	0.0	0.0	0.0	0.0	0.0	81.1241847186788	0.0002934317516795683	0.0	0.0	0.0	0.0	0.0	12.531429910562208	0.0	0.0	24.42831651444131	0.0	0.0	0.0	0.0
GSM4138110_HNSCC_1_PBMC_CTACGTCAGTGGGATC	108.48543308762547	0.0	21.525988295453867	0.0	49.17677439276905	0.0	0.0	0.0	0.0	27.209187763773862	0.0	0.0	0.0	16.527536290102855	0.0	0.0	0.0	0.0	0.0	0.0	0.0	0.0
GSM4138110_HNSCC_1_PBMC_CTACGTCTCCACGAAT	63.4045941918325	0.0	0.0	0.0	0.0	0.0	0.0	28.563089539569585	0.0	0.0	0.0	0.0	0.0	0.0	40.77530349127792	50.04045549787464	0.0	0.0	0.0	0.0353411164342963	0.0	0.0
GSM4138110_HNSCC_1_PBMC_CTAGCCTAGCCAACAG	0.0	0.0	0.0	10.223275487316329	0.0	13.283602630752872	0.0	16.843000249992365	8.486229995032375	82.10402672109385	0.0	0.0	60.473768894511956	0.0	0.0	33.19613879893425	0.0	0.0	0.0	0.0	0.0	0.0
GSM4138110_HNSCC_1_PBMC_CTCAGAATCGAATGGG	85.60917847712975	0.0	0.0	132.76800428664865	0.4152652296822566	0.0	0.0	0.0	0.0	115.07690184781634	0.0	0.0	0.0	0.0	0.0	0.0	0.0	0.0	0.0	0.0	0.0	0.0
GSM4138110_HNSCC_1_PBMC_CTCCTAGCAAGTCTGT	0.0	0.0	0.0	0.0	69.87696876751497	0.0	16.59713771136814	0.0	0.0	105.88886330828797	0.0	38.641828472305285	25.44522423738652	11.42938595650575	0.0	0.0	3.5076091973323047	0.0	0.0	0.0	0.0	0.0
GSM4138110_HNSCC_1_PBMC_CTCGGAGAGCAGGTCA	97.55818150205407	0.0	72.52110604453578	0.0	96.85801531873663	8.559113441355317	0.0	0.0	0.0	0.0	0.0	0.0	0.0	0.0	0.0	0.0	3.3861654619731305	0.0	0.0	0.0	0.0	0.0
GSM4138110_HNSCC_1_PBMC_CTCGTACTCAGCAACT	0.0	0.0	0.0	0.0	136.29400737728582	0.0	0.0	0.0	0.0	160.5964418470362	0.0	0.0	67.99169117177142	0.0	0.0	0.0	0.0	0.0	0.0	0.0	0.0	0.0
GSM4138110_HNSCC_1_PBMC_CTCGTCAAGCTCTCGG	0.0	0.0	0.0	0.0	0.0	0.0	0.0	0.0	72.34852135112963	0.0	0.0	0.0	120.82814580630651	220.16018286551264	0.0	0.0	0.0	0.0	0.0	0.0	0.0	0.0
GSM4138110_HNSCC_1_PBMC_CTCTACGCAGATCGGA	11.287277868976895	50.10518555580311	0.0	0.0	0.0	0.0	0.0	0.0939475663810829	0.0	0.0	0.0	0.0	45.962878532954974	0.0	0.0	0.0	0.0	0.0	0.0	42.044246312146946	0.0	0.0
GSM4138110_HNSCC_1_PBMC_CTCTGGTAGACAGGCT	0.0	0.0	0.0	0.0	0.0	78.28436939192049	6.056665152895736	0.0	74.61291159419254	0.0	0.0	0.0	45.16347224049845	15.905130513829231	0.0	0.0	0.0	0.0	0.0	0.0	0.0	0.0
GSM4138110_HNSCC_1_PBMC_CTCTGGTCACAGCCCA	83.19472551892596	77.62268107603992	0.0	0.0	0.0	0.0	0.0	118.81344722843866	0.0	0.0	0.0	0.0	0.0	0.0	0.0	18.550424023251132	12.263017767301106	0.0	0.0	0.0	0.0	0.0
GSM4138110_HNSCC_1_PBMC_CTGAAACCAGCCTTGG	0.0	79.0783500591803	0.0	38.15979419966988	0.0	0.0	27.663648115434693	51.62189728549407	0.0	0.0	0.0	0.0	9.09272755069566	0.0	3.8201888267215756	0.0	0.0	0.0	0.0	0.0	0.0	0.0
GSM4138110_HNSCC_1_PBMC_CTGAAACCAGTATGCT	64.16786984090852	0.0	23.898016254743105	0.0	19.130184869323184	0.0	5.957773747705147	0.0	0.0	82.67048695382343	9.254732891647157	0.0	0.0	82.8330347429716	0.0	0.0	0.0	0.0	0.0	0.0	0.0	0.0
GSM4138110_HNSCC_1_PBMC_CTGAAGTCAGCTGCTG	56.693089038476046	0.0	81.54596793313908	0.0	0.0	0.0	0.0	0.0	9.51791374996755	0.0	93.34752970472861	0.0	0.0	0.0	0.0	0.0	0.0	0.0	0.0	0.0	0.0	0.0
GSM4138110_HNSCC_1_PBMC_CTGAAGTGTTCTCATT	158.26940934140745	38.41916326059742	0.0	0.0	40.10771474616044	0.0	0.0	0.0	0.0	0.0	0.0	0.0	0.0	0.0	0.0	0.0	11.543070395833421	0.0	0.0	0.0	0.0	0.0
GSM4138110_HNSCC_1_PBMC_CTGTTTACAAAGGTGC	61.94813896816337	62.578411691765204	0.0	28.453848867519756	17.87308231405464	0.0	0.0	0.0	0.0	0.0	0.0	0.0	0.0	37.352606382745634	2.2803980516182176	0.0	0.0	0.0	0.0	0.0	0.0	0.0
GSM4138110_HNSCC_1_PBMC_CTTAACTGTGACGCCT	0.0	51.19737708765737	0.0	0.0	0.0	0.0	0.0	101.82044577184784	0.0	0.0	0.0	65.64023330922987	0.0	0.0	0.0	0.0	0.0	0.0	0.0	0.0	0.0	0.0
GSM4138110_HNSCC_1_PBMC_CTTAGGAAGGTGATTA	0.0	0.0	0.0	0.0	0.0	193.87623984058632	0.0	0.0	0.0	208.59882504324347	0.0	92.91265240377174	46.9938601023383	0.0	0.0	0.0	0.0	0.0	0.0	0.0	22.93925896662944	0.0
GSM4138110_HNSCC_1_PBMC_CTTAGGACAGAGTGTG	42.610446453121185	0.0	73.97292932746328	0.0	0.0	0.0	0.0	0.0	0.0	0.0	0.0	0.0	0.0	72.20877821153545	0.0	0.0	0.0	0.0	0.0	0.0	0.0	0.0
GSM4138110_HNSCC_1_PBMC_CTTGGCTCAAAGCGGT	27.14664447653703	38.18115077041064	49.89625400238926	57.97405054325674	0.0	0.0	64.65167431531962	0.0	0.0	0.0	29.44767800632488	0.0	0.0	48.09997545459286	0.0	0.0	0.0	0.0	0.0	0.0	0.0	0.0
GSM4138110_HNSCC_1_PBMC_GAAACTCGTCTTCTCG	0.0	35.27824803797444	133.30313611660839	57.57580950061605	0.0	0.0	0.0	0.0	0.0	0.0	0.0	0.0	108.39941658455322	0.0	0.0	0.0	0.0	0.0	0.0	64.52895852219964	0.0	0.0
GSM4138110_HNSCC_1_PBMC_GAAATGAAGAGCAATT	0.0	43.8846339377018	0.0	0.0	0.0	0.0	0.0	0.0	0.0	0.0	61.051869322701684	7.840949104432189	0.0	0.0	7.023575173651968	0.0	0.0	0.0	0.0	0.0	40.31555024547928	0.0
GSM4138110_HNSCC_1_PBMC_GAACATCTCGGTTAAC	0.0	0.0	86.80273544478976	0.0	0.0	0.0	19.39907579699693	0.0	0.0	0.0	0.0	32.22246074118825	3.398465063413402	0.0	0.0	79.17093224742132	0.0	0.0	0.0	0.0	0.0	0.0
GSM4138110_HNSCC_1_PBMC_GAACCTATCGGCCGAT	0.0	0.0	0.0	20.222528963593543	66.25320742470724	0.0	19.614122720967313	0.0	0.0	105.48579190595721	0.0	24.996714549302972	0.0	0.0	0.0	1.3164817254708898	0.0	0.0	0.0	0.0	0.0	0.0
GSM4138110_HNSCC_1_PBMC_GAATGAAGTTGGACCC	47.799774474501575	61.7759503116917	0.0	48.086821966357384	0.0	0.0	0.0	0.0	0.0	0.0	0.0	0.0	0.0	0.0	0.0	0.0	0.0	0.0	0.0	0.0	0.0	0.0
GSM4138110_HNSCC_1_PBMC_GACAGAGAGAGCCTAG	25.011609072000248	10.044895541221107	33.19003679930166	0.0	0.0	0.0	0.0	64.23479842394266	0.0	8.170630497378223	0.0	0.0	0.0	0.0	0.0	0.0	0.0	0.0	0.0	0.0	0.0	0.0
GSM4138110_HNSCC_1_PBMC_GACTAACAGGCAGGTT	0.0	0.0	0.0	0.0	138.16296587642307	0.0	80.81112012445452	0.0	142.5641197205265	0.0	0.0	40.9774936464223	0.0	0.0	0.0	0.0	0.0	0.0	0.0	0.0	0.0	6.43584602884944
GSM4138110_HNSCC_1_PBMC_GACTGCGGTATCTGCA	80.04235313543846	9.57366705258773	56.02347837294	0.0	0.0	0.0	0.0	13.783124042237208	0.0	0.0	48.76830360227704	0.0	0.0	0.0	0.0	0.0	0.0	0.0	0.0	0.0	0.0	0.0
GSM4138110_HNSCC_1_PBMC_GACTGCGTCTAAGCCA	48.38321883224366	0.0	0.0	0.0	17.60235557823711	50.41455626993559	0.0	0.0	130.61780308401822	0.0	0.0	0.0	76.50045492438706	0.0	0.0	0.0	28.87565011342782	0.0	0.0	0.0	0.0	0.0
GSM4138110_HNSCC_1_PBMC_GATCGATGTGCTGTAT	30.469387860262948	83.08601938117582	0.0	0.0	0.0	7.588597840587798	0.0	0.0	0.0	0.0	12.549741651069636	0.0	86.66856522955072	82.56601639440868	0.0	0.0	0.0	0.0	0.0	0.0	0.0	0.0
GSM4138110_HNSCC_1_PBMC_GATCTAGAGGGCTCTC	0.0	79.79987703764671	0.0	80.80045725573987	0.0	0.0	32.495177592443724	0.0	0.0	0.0	0.0	0.0	0.0	0.0	0.0	0.0	0.0	0.0	0.0	0.0	0.0	0.0
GSM4138110_HNSCC_1_PBMC_GATCTAGCAAACCTAC	0.0	0.0	0.0	0.0	86.10705705737396	0.0	47.545802841537615	0.0	0.0	0.0	0.0	47.54568342546851	28.369348506463286	0.0	118.02517800233632	0.0	0.0	24.294086096176738	0.0	0.0	0.0	0.0
GSM4138110_HNSCC_1_PBMC_GATGAAAAGAAGGGTA	51.282645733422484	41.61936503940859	11.189792328609933	0.0	0.0	0.0	0.0	0.0	0.0	0.0	0.0	0.0	0.0	0.0	0.0	72.79439253035736	0.0	0.0	0.0	0.0	0.0	0.0
GSM4138110_HNSCC_1_PBMC_GATGCTAGTATGGTTC	0.0	0.0	45.76199052075327	0.0	125.23516380562857	0.0	92.0202910359359	0.0	0.0	0.0	0.0	0.0	0.0	0.0	0.0	0.0	0.0	0.0	0.0	0.0	0.0	0.0
GSM4138110_HNSCC_1_PBMC_GATTCAGAGCTATGCT	0.0	0.0	108.58184228330876	0.0	0.0	0.0	62.64712665915861	0.0	0.0	0.0	183.35675410071	0.0	0.0	0.0	0.0	0.0	0.0	0.0	0.0	0.0	0.0	0.0
GSM4138110_HNSCC_1_PBMC_GCACATACATGAACCT	79.69216248499433	0.0	0.0	0.0	24.03265547171146	88.65533968452904	0.0	0.0	79.52004679063316	0.0	0.0	0.0	0.0	0.0	0.0	0.0	0.0	0.0	0.0	0.0	0.0	0.0
GSM4138110_HNSCC_1_PBMC_GCACATAGTCTTCTCG	44.57976116102075	41.79443299747177	0.0	0.0	120.53547860224457	0.0	58.40598235260528	0.0	0.0	16.26632242692117	0.0	0.0	0.0	0.0	0.0	0.0	0.0	0.0	0.0	0.0	0.0	0.0
GSM4138110_HNSCC_1_PBMC_GCAGTTATCCTACAGA	0.0	0.0	0.0	0.0	0.0	41.704480869706245	0.0	0.0	68.95181834248228	0.0	0.0	0.0	31.7643662936679	0.0	0.0	0.0	15.372964627679696	0.0	0.0	0.0	0.0	0.0
GSM4138110_HNSCC_1_PBMC_GCATACAAGACACGAC	149.2825381117942	0.0	117.59644262984936	0.0	98.6562015964634	35.50237295552808	0.0	0.0	0.0	3.7078662650471945	0.0	0.0	0.0	0.0	0.0	0.0	0.0	0.0	0.0	0.0	0.0	0.0
GSM4138110_HNSCC_1_PBMC_GCATGTATCTCATTCA	0.0	0.0	45.10560919599803	0.0	0.0	0.0	0.0	0.0	0.0	0.0	68.69190489260383	0.0	0.0	0.0	0.0	0.0	0.0	0.0	0.0	0.0	59.94941420024043	0.0
GSM4138110_HNSCC_1_PBMC_GCGAGAATCTATCCTA	0.0	66.9488620577527	0.0	75.60648736264886	0.0	0.0	0.0	0.0	0.0	0.0	0.0	61.26603797178517	0.0	0.0	0.0	0.0	0.0	0.0	0.0	0.0	0.0	0.0
GSM4138110_HNSCC_1_PBMC_GCGCAACCAGTACACT	0.0	0.0	0.46962644232119916	0.0	0.0	0.0	2.9626262595159836	0.0	50.150050733386294	0.0	0.0	0.0	64.04554145188125	66.73407153100713	0.0	0.0	0.0	0.0	0.0	0.0	0.0	0.0
GSM4138110_HNSCC_1_PBMC_GCGCAACTCACCGTAA	0.0	0.0	0.0	0.0	0.0	0.0	0.0	0.0	0.0	0.0	0.0	0.0	0.0	0.0	0.0	0.0	0.0	82.36288428787815	126.38649514732096	0.0	0.0	31.245303234597337
GSM4138110_HNSCC_1_PBMC_GCGGGTTTCTGTACGA	87.86086537971181	64.0413558286388	0.0	35.874145489715254	1.9531130205676095	0.0	0.0	78.40634389020086	0.0	2.6033105610564293	0.0	0.0	0.0	0.0	0.0	0.0	0.0	0.0	0.0	0.0	0.0	0.0
GSM4138110_HNSCC_1_PBMC_GCTGCAGCACAACGCC	81.02110409375467	0.0	22.54953301883823	0.0	0.0	0.0	0.0	0.0	0.0	0.0	37.1960131387097	0.0	0.0	54.25898492825055	0.0	0.0	0.0	0.0	4.0421319384326475	0.0	0.0	0.0
GSM4138110_HNSCC_1_PBMC_GGAACTTCAACTGGCC	0.0	65.72104742902603	0.0	0.0	0.0	0.0	0.0	0.0	0.0	0.0	0.0	0.0	84.56158598442457	0.0	0.0	0.0	0.0	129.6631055431753	0.0	4.065921084012112	0.0	0.0
GSM4138110_HNSCC_1_PBMC_GGAATAAAGAACAATC	0.0	31.194079417928215	0.0	87.85386075367236	0.0	0.0	75.63522509273356	0.0	0.0	26.006945977374784	0.0	0.0	0.0	0.0	0.0	0.0	0.0	0.0	0.0	0.0	0.0	0.0
GSM4138110_HNSCC_1_PBMC_GGACATTCACGGTTTA	62.654214108908405	23.76267686608483	0.0	0.0	0.0	0.0	0.0	0.0	0.0	37.02203754022137	115.03027726233753	0.0	0.0	0.0	0.0	0.0	0.0	0.0	0.0	0.0	0.0	0.0
GSM4138110_HNSCC_1_PBMC_GGCTCGATCCGCGTTT	75.12007107239258	68.71927858813403	0.0	0.0	0.0	42.19467068057189	0.0	0.0	0.0	0.0	21.72988380186851	0.0	0.0	0.0	0.0	0.0	0.0	0.0	0.0	0.0	0.0	0.0
GSM4138110_HNSCC_1_PBMC_GGGACCTAGCCAGGAT	59.48063495598098	0.0	3.230327897146473	0.0	38.496890155951505	0.0	0.0	0.0	0.0	69.10217346542267	0.0	0.0	0.0	55.00918416876075	0.0	0.0	0.0	0.0	0.0	0.0	0.0	0.0
GSM4138110_HNSCC_1_PBMC_GGGACCTCAGTCACTA	0.0	157.6484971732821	2.653198487487134	178.55045893457296	0.0	0.0	0.0	0.0	0.0	0.0	0.0	142.93853610890324	0.0	0.0	0.0	0.0	0.0	0.0	0.0	0.0	0.0	0.0
GSM4138110_HNSCC_1_PBMC_GGGAGATGTGTGCGTC	0.0	0.0	0.0	0.0	0.0	0.0	0.0	0.0	0.0	51.40184124802323	2.665415611119587	0.0	25.404020251691072	0.0	0.0	98.94323343261188	0.0	0.0	0.0	0.0	24.395150515201927	0.0
GSM4138110_HNSCC_1_PBMC_GGGAGATTCACGATGT	0.0	0.0	0.0	0.0	0.0	51.684809724009455	0.0	0.0	0.0	53.7842077420308	0.0	0.0	47.85141452612459	0.0	0.0	0.0	0.0	0.0	0.0	0.0	0.0	0.0
GSM4138110_HNSCC_1_PBMC_GGGTTGCGTCCGAAGA	107.16005858422531	85.77211915045628	0.0	0.0	0.0	0.0	0.0	0.0	0.0	0.0	90.97256491216605	0.0	0.0	4.142661088210669	0.0	0.0	0.0	0.0	0.0	0.0	0.0	0.0
GSM4138110_HNSCC_1_PBMC_GGTGAAGTCGCTTGTC	71.2708112028481	0.0	71.84661219520538	0.0	102.24124300776964	0.0	0.0	0.0	0.0	0.0	0.0	0.0	0.0	0.0	0.0	0.0	0.0	0.0	6.4691400180586385	0.0	0.0	0.0
GSM4138110_HNSCC_1_PBMC_GGTGTTACAAACGCGA	0.0	0.0	96.34046689494996	0.0	65.13165976418237	0.0	0.0	0.0	0.0	0.0	0.0	92.39011467266914	0.0	18.924264190281463	0.0	0.0	0.0	0.0	0.0	0.0	0.0	0.0
GSM4138110_HNSCC_1_PBMC_GTAACTGTCTTCGAGA	0.0	90.7706908385082	0.0	37.180509039642935	0.0	0.0	66.80805831115622	0.0	0.0	0.0	0.0	0.0	27.5565919435641	0.0	0.0	0.0	0.0	55.49287793203943	0.0	0.0	0.0	0.0
GSM4138110_HNSCC_1_PBMC_GTAGGCCAGGTGTGGT	0.0	0.0	18.0636758434407	0.0	0.0	16.799807401830407	0.0	0.0	0.0	73.08261269163454	51.918042028271636	58.85247159536106	0.0	0.0	0.0	0.0	0.0	0.0	0.0	0.0	0.0	0.0
GSM4138110_HNSCC_1_PBMC_GTAGTCACAGATCCAT	0.0	0.0	87.72859243072449	0.0	52.17525401335413	0.0	61.20894220270767	0.0	0.0038293891524239843	0.0	0.0	0.0	0.0	50.536013333219124	0.0	0.0	0.0	0.0	0.0	0.0	0.0	0.0
GSM4138110_HNSCC_1_PBMC_GTAGTCAGTGGGTCAA	0.0	0.0	46.62556138861769	0.0	0.0	0.0	0.0	0.0	0.0	0.0	67.13936686242265	62.327651656350724	0.0	0.0	0.0	0.0	0.15118503597013286	0.0	0.0	0.0	0.0	0.0
GSM4138110_HNSCC_1_PBMC_GTATTCTAGGGTTTCT	73.66347433456706	148.05650843412738	0.0	0.0	0.0	76.32232448057935	0.0	0.0	0.0	0.0	0.0	0.0	0.0	0.0	0.0	0.0	0.0	0.0	0.0	0.0	0.0	0.0
GSM4138110_HNSCC_1_PBMC_GTATTCTTCCAAACTG	0.0	0.0	0.0	63.64330511599039	36.53468988602788	0.0	0.0	0.0	8.93004804222198	0.0	0.0	109.56767538440432	0.6617979011453271	0.0	0.0	0.0	0.0	13.07539014264362	79.91488014824684	0.0	0.0	0.0
GSM4138110_HNSCC_1_PBMC_GTCGTAACAGGAACGT	27.858904952847173	0.0	0.0	0.0	3.4590376892452754	60.91285828020308	0.0	0.0	107.66976275211641	0.0	0.0	20.622017891586026	1.374373183818664	0.0	0.0	0.0	0.0	0.0	0.0	0.0	0.0	0.0
GSM4138110_HNSCC_1_PBMC_GTCGTAAGTATGAAAC	0.0	0.0	39.32614373576462	0.0	0.0	87.58275258874497	54.941657425174355	0.0	0.0	0.0	0.0	0.0	0.0	0.0	0.0	0.0	0.0	0.0	0.0	0.0	0.0	0.0
GSM4138110_HNSCC_1_PBMC_GTCTCGTGTACGCACC	44.44288106147733	0.0	0.0	53.42707627763767	0.0	0.0	0.0	0.0	0.0	0.0	0.0	0.0	0.0	0.0	102.54398803501793	0.0	0.0	0.0	0.0	0.0	0.0	0.0
GSM4138110_HNSCC_1_PBMC_GTGGGTCAGAATGTGT	94.72229379807776	0.0	0.0	0.0	0.0	0.0	0.0	0.0	36.05188252617155	11.525267077939437	0.0	0.0	0.0	0.0	1.5151491564216053	52.58258912319214	0.0	0.0	0.0	0.0	0.0	0.0
GSM4138110_HNSCC_1_PBMC_GTTCATTGTAGCTGCC	113.29993572000024	18.057073001320646	78.36951111842552	0.0	0.0	116.52962345308099	0.0	0.0	0.0	0.8375400319509867	26.84349140328593	0.0	0.0	0.0	0.0	0.0	0.0	0.0	0.0	0.0	0.0	0.0
GSM4138110_HNSCC_1_PBMC_GTTCATTTCCGCGGTA	0.0	69.6263417577365	0.0	0.0	0.0	0.0	75.68878987048076	84.14923376184981	0.0	0.0	0.0	0.0	0.0	0.0	14.700058496196784	0.0	31.88167187478566	0.0	0.0	0.0	0.0	0.0
GSM4138110_HNSCC_1_PBMC_GTTCTCGCACTATCTT	83.71578032845649	63.59129832371499	0.0	0.0	0.0	66.63787694095711	0.0	0.0	0.0	0.0	2.9825720624965597	0.0	0.0	0.0	0.0	0.0	0.0	0.0	0.0	0.0	0.0	0.0
GSM4138110_HNSCC_1_PBMC_GTTCTCGTCAGAGACG	66.06797347972551	20.56649693520608	90.89752182805293	0.0	0.0	0.0	0.0	0.0	0.0	0.0	62.50845432253265	0.0	0.0	10.39977082856964	0.0	0.0	0.0	0.0	0.0	0.0	0.0	0.0
GSM4138110_HNSCC_1_PBMC_TAAGCGTAGGTGCTTT	86.54443768985556	0.0	26.874917910326424	0.0	105.45055292609696	64.54126317856048	0.0	0.0	180.21273628315268	0.0	0.0	0.0	31.204419906051967	0.0	0.0	0.0	0.0	0.0	0.0	0.0	0.0	0.0
GSM4138110_HNSCC_1_PBMC_TACAGTGGTCATCGGC	79.31739781345857	0.0	129.09980343913392	0.0	157.94497642582576	0.0	0.0	0.0	0.0	0.0	0.0	0.0	0.0	0.0	0.0	0.0	0.0	0.0	0.0	0.0	0.0	0.0
GSM4138110_HNSCC_1_PBMC_TACCTTATCACGATGT	0.0	0.0	122.73452955775352	0.0	112.42606947814157	0.0	0.0	0.0	0.0	0.0	0.0	87.22067159761286	0.0	0.0	0.0	0.0	0.0	0.0	0.0	0.0	0.0	0.0
GSM4138110_HNSCC_1_PBMC_TACGGATTCTAACTTC	48.47714467459514	0.5363809837898889	0.0	0.0	20.596216253302234	38.695222685298134	0.0	0.0	0.0	81.25130365089491	0.8569055873770608	0.0	0.0	0.0	0.0	0.0	17.736000694588533	0.0	0.0	0.0	0.0	0.0
GSM4138110_HNSCC_1_PBMC_TACTTGTAGTCATCCA	58.213900444944	122.25216251068443	0.0	0.0	0.0	40.237443588503716	0.0	67.1621885148741	0.0	0.0	0.0	0.0	0.0	0.0	0.0	0.0	0.0	0.0	0.0	0.0	0.0	0.0
GSM4138110_HNSCC_1_PBMC_TACTTGTTCAGAGCTT	0.0	0.0	0.0	11.342910470897948	0.0	0.0	0.0	0.0	17.50367152892172	39.03719140668943	0.0	107.60381028671846	0.7126862660033211	114.19673104198807	0.0	0.0	0.0	0.0	0.0	0.0	44.81876153390287	0.0
GSM4138110_HNSCC_1_PBMC_TAGACCAGTCCGAGTC	69.04738243918952	104.1900209826283	7.927618666864789	0.0	112.27473190397517	0.0	0.0	0.0	0.0	0.0	0.0	0.0	0.0	0.0	0.0	0.0	0.0	0.0	0.0	0.0	0.0	0.0
GSM4138110_HNSCC_1_PBMC_TAGAGCTGTTCCCTTG	74.5537753700694	0.0	0.0	0.0	0.0	85.36067744341526	0.0	0.0	71.8568330148261	0.0	0.0	0.0	0.0	0.0	0.0	0.0	0.0	0.0	0.0	0.0	0.0	0.0
GSM4138110_HNSCC_1_PBMC_TATCTCACACGGCGTT	34.90609654494307	60.525214589193716	0.0	0.0	49.60017652842407	25.61950645056974	71.07653095562128	0.0	0.0	0.0	0.0	0.0	0.0	0.0	0.0	28.9185774250879	0.0	0.0	0.0	0.0	0.0	0.0
GSM4138110_HNSCC_1_PBMC_TATCTCATCAACGGGA	79.02305695289772	63.00198453696903	0.0	0.0	0.0	0.0	0.0	105.98976656166325	0.0	0.0	0.0	0.0	0.0	0.0	23.043683038296535	0.0	0.0	0.0	0.0	40.56043573894464	0.0	0.0
GSM4138110_HNSCC_1_PBMC_TCACGAATCTGTCCGT	0.0	0.0	0.0	0.0	0.0	48.54330379605291	0.0	67.21493119634384	90.44919533733119	0.0	0.0	65.40943611562923	0.0	0.0	0.0	10.236703674244286	0.0	0.0	0.0	0.0	0.0	0.0
GSM4138110_HNSCC_1_PBMC_TCAGATGTCCGCGTTT	57.86644996060935	0.0	82.68526170222056	0.0	80.89938763517861	0.0	0.0	0.0	0.0	2.651083606012912	0.0	0.0	0.0	0.0	0.0	0.0	0.0	0.0	0.0	0.0	0.0	0.0
GSM4138110_HNSCC_1_PBMC_TCAGCAAAGGCGCTCT	0.0	40.67439806919115	0.0	0.0	0.0	0.0	37.86589144575296	0.0	0.0	0.0	0.0	0.0	0.0	0.0	0.0	0.0	94.67698289933718	0.0	0.0	0.0	0.0	0.0
GSM4138110_HNSCC_1_PBMC_TCATTACAGCGCTCCA	0.0	64.00216851874215	0.0	115.5244825791552	0.0	0.0	0.0	0.0	0.0	0.0	0.0	59.3581171415085	19.21543023226315	0.0	0.0	0.0	0.0	0.0	0.0	0.4288784740706503	0.0	0.0
GSM4138110_HNSCC_1_PBMC_TCCCGATAGTGGAGAA	0.0	0.0	0.6835913852865124	0.0	0.0	0.0	31.11411575948693	0.0	36.70569543052198	0.0	78.08209310961716	0.0	0.0	0.0	0.0	0.0	0.0	0.0	0.0	0.0	0.0	0.0
GSM4138110_HNSCC_1_PBMC_TCGCGAGGTAGCACGA	91.08512430304357	71.23810522360785	65.71707385156444	0.0	0.0	0.0	0.0	139.53205066672038	0.0	0.0	0.0	0.0	0.0	0.0	0.0	0.0	0.0	0.0	0.0	0.0	0.0	0.0
GSM4138110_HNSCC_1_PBMC_TCGGGACTCAACGAAA	33.85817757687623	0.0	0.0	0.0	0.0	34.711521038524666	0.0	0.0	0.0	93.76772640335004	0.0	0.0	0.0	0.0	0.0	0.0	63.85419402154064	0.0	0.0	0.0	0.0	0.0
GSM4138110_HNSCC_1_PBMC_TCGGGACTCGAGAGCA	167.89677420639757	57.586098002086324	42.46399022282749	0.0	0.0	7.532480954354328	0.0	0.0	0.0	0.0	135.48700589498733	0.0	0.0	0.0	0.0	0.0	0.0	0.0	0.0	0.0	0.0	0.0
GSM4138110_HNSCC_1_PBMC_TCGGTAATCACTCTTA	58.9005919172173	0.0	0.0	0.0	0.0	0.0	0.0	0.0	0.0	61.81149314588478	121.04963313591747	0.0	0.0	0.0	0.0	0.0	0.0	0.0	0.0	0.0	0.0	0.0
GSM4138110_HNSCC_1_PBMC_TCGTACCTCCGCAAGC	225.2871940101981	0.0	143.1684964774801	0.0	109.00053656283067	0.0	0.0	0.0	0.0	0.0	0.0	0.0	0.0	0.0	0.0	0.0	0.0	75.08095376461429	0.0	0.0	0.0	0.0
GSM4138110_HNSCC_1_PBMC_TCGTACCTCTGCCCTA	93.50002120309786	0.0	0.0	0.0	111.85198591168383	92.79905743472601	0.0	0.0	0.0	216.2787232227191	0.0	0.0	0.0	0.0	0.0	0.0	0.0	0.0	0.0	0.0	0.0	0.0
GSM4138110_HNSCC_1_PBMC_TCTATTGGTCTAAAGA	51.100272884571694	0.0	0.0	15.93549326985892	0.0	0.0	0.0	68.47218828828777	89.97332438959866	0.0	0.0	0.0	0.0	0.0	0.0	18.35362439399034	0.0	0.0	0.0	0.0	0.0	0.0
GSM4138110_HNSCC_1_PBMC_TCTATTGGTTGGTTTG	61.02157097008676	0.0	39.96840181818007	0.0	0.0	94.68412958788099	0.0	0.0	47.91771892726293	0.0	0.0	0.0	0.0	0.0	0.0	0.0	0.0	0.0	0.0	0.0	0.0	0.0
GSM4138110_HNSCC_1_PBMC_TCTATTGTCTGCAGTA	67.77997374822418	0.0	0.0	0.0	0.0	0.0	0.0	0.0	52.175126089329076	0.0	50.51074784991082	0.0	0.0	0.0	0.0	0.0	0.0	0.0	0.0	0.0	0.0	0.0
GSM4138110_HNSCC_1_PBMC_TCTGAGACAGATAATG	0.0	0.0	74.68179714501419	0.0	0.0	0.0	0.0	0.0	42.72660058167054	0.0	128.5424427996781	77.35336978658134	35.03079643940694	0.0	0.0	0.0	0.0	0.0	0.0	0.0	0.0	0.0
GSM4138110_HNSCC_1_PBMC_TCTGAGAGTAAGAGAG	0.0	0.0	86.2714495319969	0.0	64.98220842179538	17.225058180905233	0.0	0.0	0.0	0.0	0.0	71.33921388226628	0.0	0.0	0.0	0.0	4.279907054178243	0.0	0.0	0.0	0.0	0.0
GSM4138110_HNSCC_1_PBMC_TCTGAGATCCTTTCTC	0.0	0.0	83.25393310127669	0.0	0.0	115.09555975119328	0.0	0.0	0.0	0.0	0.0	0.0	62.82629435678438	10.06032119487711	0.0	0.0	0.0	0.0	0.0	0.0	0.0	0.0
GSM4138110_HNSCC_1_PBMC_TCTGGAATCTCAAACG	57.04054693612788	45.76883368810296	0.0	0.0	130.10595024790857	0.0	0.0	0.0	13.607318641031968	0.0	0.0	0.0	0.0	0.0	6.492510835569475	0.0	0.0	0.0	0.0	0.0	0.0	0.0
GSM4138110_HNSCC_1_PBMC_TCTTTCCAGTGGGCTA	0.0	0.0	82.9212914163747	0.0	0.0	24.572793203594593	0.0	0.0	0.0	0.0	98.96814741062627	18.285652308635278	39.391750154659434	0.0	0.0	0.0	0.0	0.0	1.9657224141059548	0.0	0.0	0.0
GSM4138110_HNSCC_1_PBMC_TGAAAGACACTTCGAA	0.0	0.0	25.649035258522517	44.80072046249333	0.0	0.0	66.42935131931128	0.0	0.0	0.0	0.0	0.0	0.0	36.14545768632871	0.0	0.0	0.0	0.0	0.0	0.0	0.0	0.0
GSM4138110_HNSCC_1_PBMC_TGACAACGTTAAGGGC	88.11448550463012	120.9753858914218	0.0	0.0	130.96915817733705	0.0	0.0	0.0	0.0	0.0	0.0	0.0	0.0	9.571129941414576	0.0	0.0	0.0	0.0	0.0	0.0	0.0	0.0
GSM4138110_HNSCC_1_PBMC_TGACGGCAGCGCCTTG	49.708268778413746	0.0	0.0	145.95572118611796	0.12360684476989559	0.0	4.7925460652282466	0.0	0.0	0.0	7.078602774796174	0.0	0.0	23.237071914303787	97.87312989390925	0.0	0.0	0.0	0.0	0.0	0.0	0.0
GSM4138110_HNSCC_1_PBMC_TGACGGCGTTACGACT	62.59200498053477	0.0	16.312039108486324	0.0	88.3707096617148	0.0	0.0	0.0	0.0	61.150703339968814	0.0	0.0	0.0	0.0	0.0	0.0	0.0	0.0	0.0	0.0	0.0	0.0
GSM4138110_HNSCC_1_PBMC_TGACGGCTCGGTTCGG	84.83527698310665	86.82753847558028	0.0	0.0	0.0	48.971561575752304	0.0	0.0	25.09891448776286	0.0	39.33131838143902	0.0	0.0	0.0	0.0	0.0	0.0	0.0	0.0	0.0	0.0	0.0
GSM4138110_HNSCC_1_PBMC_TGACTAGAGAACTGTA	54.09836682171896	0.0	0.0	0.0	0.0	0.0	0.0	0.0	13.551450822756944	0.0	0.0	0.0	0.0	0.0	0.0	85.21651360811899	0.0	0.0	0.0	0.0	0.0	0.0
GSM4138110_HNSCC_1_PBMC_TGAGCATGTATTCTCT	125.20740618011733	0.0	0.0	0.0	0.0	227.0324037415315	0.0	0.0	201.0794317988755	0.0	0.0	0.0	0.0	0.0	0.0	0.0	0.0	0.0	0.0	0.0	0.0	0.0
GSM4138110_HNSCC_1_PBMC_TGCACCTTCCAGGGCT	79.0703941628873	193.60156858674242	0.0	0.0	0.0	0.0	0.0	0.0	0.0	0.0	0.0	0.0	0.0	0.0	0.0	0.0	0.0	142.28583051592696	0.0	2.9071428146855296	0.0	0.0
GSM4138110_HNSCC_1_PBMC_TGCCAAATCGCGGATC	0.0	11.48584518492345	101.24698487630951	0.0	0.0	0.0	0.0	0.0	0.0	0.0	115.21851049963993	0.0	43.520504412535416	0.0	0.0	0.0	0.0	0.0	0.0	0.0	0.0	0.0
GSM4138110_HNSCC_1_PBMC_TGCCAAATCTTCCTTC	58.407785151579006	0.0	0.0	0.0	66.45800711333145	0.0	0.0	0.0	99.1300775141542	0.0	0.0	0.0	0.0	0.0	0.0	0.0	0.0	0.5566476011955747	0.0	0.0	0.0	0.0
GSM4138110_HNSCC_1_PBMC_TGCCCATGTGGTCCGT	0.0	0.0	66.36065778789013	0.0	38.521282852534505	0.0	0.0	0.0	0.0	0.0	0.0	0.0	73.19204072282928	0.0	0.0	0.0	39.71332787637397	0.0	0.0	0.0	0.0	0.0
GSM4138110_HNSCC_1_PBMC_TGCCCTACAAAGCAAT	0.0	74.13245782604947	0.0	115.3872106528727	0.0	0.0	0.0	0.0	0.0	0.0	0.0	0.0	93.1564877389184	0.0	2.6773571304028687	0.0	0.0	0.0	0.0	0.0	0.0	0.0
GSM4138110_HNSCC_1_PBMC_TGCCCTAGTGTCGCTG	0.0	53.48224206958315	0.0	0.0	47.49653415965724	0.0	0.0	0.0	0.0	14.010395982418645	0.0	5.178511785957381	28.64351439090731	0.0	0.0	0.0	0.0	109.19167701514498	0.0	0.0	0.0	0.0
GSM4138110_HNSCC_1_PBMC_TGCGCAGAGGGCATGT	0.0	0.0	0.0	65.73329079578701	0.0	41.73898428734875	0.0	60.49539146468372	0.0	137.96857135560805	6.711625893908066	181.83733520276908	0.0	0.0	0.0	0.0	0.0	0.0	0.0	0.0	0.0	0.0
GSM4138110_HNSCC_1_PBMC_TGCTACCCACTACAGT	0.0	90.6491622761965	0.0	0.0	0.0	0.0	0.0	9.174904552090304	0.0	0.0	0.0	0.0	91.4993917032527	0.0	10.18653956463637	0.0	0.0	105.62616632853045	0.0	0.0	0.0	0.0
GSM4138110_HNSCC_1_PBMC_TGCTACCCATTACGAC	52.580450225106844	10.202945449888098	48.96622955371721	0.0	0.0	66.94368312334946	0.0	0.0	0.0	0.0	0.0	0.0	0.0	0.0	0.0	0.0	8.929452594697503	0.0	0.0	0.0	0.0	0.0
GSM4138110_HNSCC_1_PBMC_TGCTACCTCAACCAAC	80.9201295598003	0.0	58.82136019029406	0.0	66.8538929361946	0.0	0.0	0.0	0.0	0.0	0.0	0.0	0.0	0.0	0.0	0.0	0.0	0.0	0.0	0.0	0.0	0.0
GSM4138110_HNSCC_1_PBMC_TGGACGCGTCATACTG	106.11798187089907	0.0	0.0	37.972943614589006	0.0	0.0	0.0	0.0	52.38081060032679	46.46579754668557	0.0	0.0	0.0	85.31746416485043	0.0	0.0	0.0	0.0	0.0	0.0	0.0	0.0
GSM4138110_HNSCC_1_PBMC_TGGCCAGTCCTTAATC	0.0	157.66733640235532	0.0	0.0	0.0	55.55003128087797	0.0	0.0	0.0	0.0	0.0	63.380298838182625	0.0	0.0	0.0	0.0	37.885266264690344	0.0	0.0	0.0	0.0	0.0
GSM4138110_HNSCC_1_PBMC_TGGCTGGCAGTCGATT	0.0	13.16847359307278	0.0	0.0	101.25370648292639	0.0	100.86305723077825	0.0	0.0	174.03608406502926	3.7403452499276084	0.0	0.0	53.089896632649285	0.0	0.0	0.0	0.0	0.0	0.0	0.0	0.0
GSM4138110_HNSCC_1_PBMC_TGGGAAGCAATGGAGC	14.965316211241193	61.561147070195574	0.0	0.0	0.0	0.0	0.0	64.8416329367808	0.0	0.0	0.0	32.02136311337611	0.0	0.0	0.0	0.0	0.0	0.0	0.0	0.0	0.0	0.0
GSM4138110_HNSCC_1_PBMC_TGGGCGTAGGGAGTAA	0.0	0.0	71.50832315357744	0.0	0.0	20.36488188048323	0.0	64.45793762254175	0.0	0.0	0.0	0.0	44.51704494859436	0.0	0.0	0.0	0.0	0.0	0.0	0.0	0.0	0.0
GSM4138110_HNSCC_1_PBMC_TGGGCGTGTTCGCGAC	47.41871184970226	71.53847907166659	0.0	64.79491821981337	0.0	0.0	0.0	0.0	0.0	0.0	0.0	0.0	0.0	0.0	0.0	0.0	0.0	0.0	0.0	0.0	0.0	0.0
GSM4138110_HNSCC_1_PBMC_TGGGCGTTCAACTCTT	102.9614515759947	23.945069838065553	0.0	0.0	0.0	0.0	0.0	0.0	0.0	0.0	0.0	0.0	0.0	102.77337144698357	13.107460363303744	0.0	0.0	0.0	0.0	0.0	0.0	0.0
GSM4138110_HNSCC_1_PBMC_TGGTTAGGTAGAAAGG	0.0	83.25843217562908	0.0	62.97905204155077	0.0	0.0	0.0	0.0	0.0	0.0	0.0	14.280380027707723	37.16273609184303	0.0	0.0	0.0	0.0	0.0	0.0	0.0	0.0	0.0
GSM4138110_HNSCC_1_PBMC_TGGTTAGTCGTCCGTT	21.841754072691433	105.0702344770413	0.0	0.0	0.0	0.0	55.21461785637147	0.0	0.0	0.0	0.0	0.0	0.0	124.66834713866393	0.0	0.0	0.0	0.0	0.0	0.0	0.0	0.0
GSM4138110_HNSCC_1_PBMC_TTAACTCGTGTTCTTT	0.0	47.01458175022108	0.0	0.0	38.53382714772327	0.0	0.0	0.0	0.0	0.0	9.753426491852968	2.1674411484383485	0.0	66.89520618243203	0.0	0.0	0.0	0.0	0.0	0.0	0.0	77.03257605388397
GSM4138110_HNSCC_1_PBMC_TTAACTCGTTAGTGGG	51.12517241016296	132.2081700780463	0.0	0.0	0.0	0.0	0.0	0.0	0.0	0.0	0.0	27.034360703500248	0.0	0.0	0.0	146.30299910111708	0.0	0.0	0.0	0.0	0.0	0.0
GSM4138110_HNSCC_1_PBMC_TTAGGCATCATGTCCC	48.51988603109573	0.0	0.0	0.0	0.0	71.24167008791012	0.0	0.0	0.0	64.98241198373616	0.0	0.0	0.0	0.0	0.0	0.0	0.0	0.0	0.0	0.0	0.0	0.0
GSM4138110_HNSCC_1_PBMC_TTCTACAGTTGTGGAG	0.0	0.0	0.0	44.05874457791847	0.0	0.0	0.0	0.0	154.50518893471548	0.0	0.0	0.0	0.0	0.0	0.0	0.0	0.0	0.0	0.0	0.0	44.86785272436323	0.0
GSM4138110_HNSCC_1_PBMC_TTCTCAATCCTCTAGC	77.56040465940754	88.05530096859783	0.0	0.0	143.86890431740702	0.0	0.0	0.0	0.0	0.0	0.0	0.0	0.0	0.0	0.0	0.0	0.0	0.0	0.0	0.0	0.0	0.0
GSM4138110_HNSCC_1_PBMC_TTCTCCTTCCCGACTT	51.736151197736206	6.025025724387761	66.33563726002888	0.0	0.0	0.0	0.0	0.0	0.0	0.0	0.0	0.0	0.0	51.65600405487203	0.0	0.0	0.0	0.0	0.0	0.0	0.0	0.0
GSM4138110_HNSCC_1_PBMC_TTGACTTCATGGAATA	73.41454881150499	31.355615379464968	62.229126058289104	0.0	85.0640899066293	0.0	0.0	0.0	0.0	0.0	0.0	0.0	0.0	9.858808807233766	0.0	0.0	0.0	0.0	0.0	0.0	0.0	0.0
GSM4138110_HNSCC_1_PBMC_TTGACTTTCAGGTAAA	0.0	75.23245373333599	0.0	96.02998645691291	0.0	0.0	0.0	0.0	0.0	0.0	0.0	0.0	73.82557171420962	0.0	0.0	0.0	0.0	0.0	0.0	0.02767026758754786	3.678703762727776	0.0
GSM4138110_HNSCC_1_PBMC_TTGTAGGCAGCGTTCG	70.16733332424963	47.47830163056705	0.0	0.0	0.0	0.0	0.0	0.0	0.0	0.0	0.0	0.0	0.0	0.0	0.0	40.642631012386076	0.0	0.0	0.0	0.0	0.0	0.0
GSM4138110_HNSCC_1_PBMC_TTTACTGGTTCTGGTA	48.35273546010199	0.0	35.3464712434938	0.0	0.0	0.0	0.0	0.0	0.0	0.0	18.447299878782	0.0	0.0	25.21921640819588	0.0	0.0	0.0	0.0	31.42525180644605	0.0	0.0	0.0
GSM4138110_HNSCC_1_PBMC_TTTATGCGTTTGTGTG	35.50708145571545	0.0	61.27167796843593	0.0	77.83058567172223	0.0	0.0	0.0	0.0	0.0	0.0	0.0	0.0	0.0	0.0	0.0	0.0	0.0	0.0	0.0	0.0	0.0
GSM4138110_HNSCC_1_PBMC_TTTCCTCCAGATCCAT	86.59935214169148	78.86208064289364	0.0	48.163817691565164	0.0	0.0	0.0	0.0	0.0	0.0	0.0	0.0	0.0	18.807520313896287	0.0	0.0	0.0	13.828891462430004	0.0	0.0	0.0	0.0
GSM4138110_HNSCC_1_PBMC_TTTCCTCGTTCGCGAC	0.0	71.98371031349542	65.96247760308711	0.0	146.62559598524408	0.0	0.0	0.0	0.0	0.0	0.0	2.3815189057952932	68.09761499594123	8.489090005692619	0.0	0.0	0.0	0.0	0.0	0.0	0.0	0.0
GSM4138110_HNSCC_1_PBMC_TTTGCGCCACGAAATA	103.57826772922087	0.0	0.0	0.0	0.0	84.78164265113584	0.0	0.0	67.02052987987588	0.0	0.0	0.0	0.0	0.0	0.0	0.0	0.0	0.0	0.0	0.0	0.0	0.0
GSM4138110_HNSCC_1_PBMC_TTTGCGCGTTTCCACC	0.0	0.0	0.0	0.0	24.156019155850956	0.0	66.60715435606907	0.0	0.0	78.7994602539382	0.0	0.0	0.0	79.04453563808896	0.0	0.0	0.0	0.0	0.0	0.0	0.0	0.0
GSM4138110_HNSCC_1_PBMC_TTTGGTTAGAATTGTG	49.794565520694505	89.9062302693294	0.0	0.0	18.96451944995379	0.0	0.0	0.0	0.0	0.0	70.42727267545627	0.0	0.0	13.290142361455056	0.0	0.0	0.0	0.0	0.0	0.0	0.0	0.0
GSM4138110_HNSCC_1_PBMC_TTTGGTTAGAGCAATT	86.20056178287676	22.77475808112552	55.150752881602386	0.0	0.0	133.2950099186481	0.0	0.0	0.0	0.0	0.0	0.0	6.000631852524605	17.556636208961933	0.0	0.0	0.0	0.0	0.0	0.0	0.0	0.0
GSM4138110_HNSCC_1_PBMC_TTTGGTTGTCCGTGAC	89.6264618318472	0.0	0.0	0.0	29.46624511307576	41.15053618387129	0.0	0.0	0.0	88.27469336353168	0.0	0.0	0.0	0.0	0.0	0.0	0.0	0.0	0.0	0.0	0.0	0.0
GSM4138110_HNSCC_1_PBMC_TTTGTCAAGTACGATA	0.0	0.0	0.0	0.0	10.607471152609799	9.495801397612276	86.34101955985363	0.0	112.76808550440522	0.0	8.771253123723536	0.0	0.0	84.85273274370657	0.0	0.0	0.0	0.0	0.0	0.0	0.0	0.0
GSM4138110_HNSCC_1_PBMC_TTTGTCATCAGGCAAG	0.0	0.0	69.51448621860003	0.0	0.0	51.098201946248324	0.0	0.0	0.0	0.0	42.09299901836335	0.0	76.35287305687527	0.0	0.0	0.0	40.76392173063052	0.0	0.0	0.0	0.0	0.0
GSM4138110_HNSCC_1_PBMC_TTTGTCATCGCGTAGC	0.0	69.76586075614188	0.0	0.0	22.010843693955657	0.0	0.0	0.0	0.0	0.0	0.0	0.0	59.02772211293722	54.33716997136375	0.0	0.0	0.0	0.0	0.0	0.0	0.0	0.0
GSM4138110_HNSCC_1_PBMC_ACGGAGAAGCAGGCTA	97.96081585494962	64.24948526750286	0.0	64.80608820615319	14.796348426472072	0.0	0.0	0.0	0.0	0.0	0.0	1.5375645519898358	0.0	0.0	0.0	0.0	0.0	0.0	0.0	0.0	0.0	0.0
GSM4138110_HNSCC_1_PBMC_ACTATCTGTCGAGTTT	115.84962400587993	8.649431724528304	0.0	0.0	0.0	0.0	0.0	138.48392207359618	0.0	0.0	0.0	0.0	0.0	0.0	118.1131669146949	0.0	0.0	0.0	0.0	0.0	0.0	0.0
GSM4138110_HNSCC_1_PBMC_CAGTCCTGTAGAAGGA	0.0	63.615413768749	0.0	0.0	28.78727375940817	40.28232316523182	0.0	39.44970834069519	0.0	23.95659882935201	0.0	78.95461972024174	0.0	0.0	0.0	0.0	0.0	0.0	0.0	0.0	0.0	0.0
GSM4138110_HNSCC_1_PBMC_CGATGTATCGGTCTAA	52.28408928643854	0.0	55.10749538646407	25.810367758823475	14.03661947236904	0.0	0.0	0.0	43.796486696250135	0.0	0.0	0.0	0.0	31.71274118976622	0.0	0.0	0.0	0.0	0.0	0.0	0.0	0.0
GSM4138110_HNSCC_1_PBMC_GACCTGGTCGCCAAAT	0.0	0.0	0.0	0.0	0.0	81.97513454414808	37.645287996844196	0.0	101.06028672312264	0.0	0.0	0.0	18.107520180085018	0.0	0.0	0.0	34.795812198108784	0.0	0.0	0.0	14.277477886189502	0.0
GSM4138110_HNSCC_1_PBMC_TACGGTACATGGTCAT	0.0	149.92520414671787	0.0	168.17977941805728	0.0	0.0	0.0	0.0	0.0	0.0	0.0	0.0	149.05747650340234	0.0	0.0	0.0	0.0	0.0	0.0	0.0	0.0	0.0
GSM4138110_HNSCC_1_PBMC_TTAGTTCTCGCGGATC	64.31289917272275	0.0	0.0	0.0	30.085710664057125	0.0	0.0	0.0	74.14835902719419	0.0	12.133904074860453	0.0	0.0	13.53088840187438	0.0	0.0	6.938191636237115	0.0	0.0	0.0	0.0	0.0
GSM4138110_HNSCC_1_PBMC_AAAGCAACACGCGAAA	0.0	0.0	0.0	0.0	0.0	0.0	0.0	0.0	0.0	0.0	0.0	53.920544594380836	0.0	0.0	161.77400240214862	206.32894117125025	0.0	0.0	0.0	0.0	0.0	0.0
GSM4138110_HNSCC_1_PBMC_AACTTTCGTGTATGGG	0.0	0.0	0.0	0.0	34.68614632524094	0.0	0.0	0.0	0.0	98.53022084276527	0.0	21.940238348605114	0.0	14.97641327638795	0.0	0.0	0.0	0.0	0.0	0.0	0.0	0.0
GSM4138110_HNSCC_1_PBMC_AAGGAGCAGGGAAACA	0.0	25.212255821897813	44.787632038663645	0.0	0.0	46.95556454318775	0.0	36.23390286742292	0.0	0.0	0.0	75.2248700330371	0.0	0.0	0.0	0.0	0.0	0.0	31.052286076633006	0.0	0.0	0.0
GSM4138110_HNSCC_1_PBMC_AATCGGTGTAATCACC	54.38101177131681	14.858965996302022	0.0	76.52699937029399	0.0	0.0	0.0	77.45120345237562	0.0	0.0	0.0	0.0	0.0	0.0	97.36516929799748	0.0	0.0	0.0	0.0	0.0	0.0	0.0
GSM4138110_HNSCC_1_PBMC_ATAACGCTCACAACGT	152.6946227717197	0.0	0.0	0.0	0.0	0.0	0.0	246.98473016931635	211.85142332320004	0.0	0.0	0.0	0.0	0.0	0.0	0.0	0.0	16.489042815177644	0.0	0.0	0.0	0.0
GSM4138110_HNSCC_1_PBMC_ATCATCTTCTGGCGAC	0.0	0.0	0.0	0.0	0.0	0.0	100.48234731913645	0.0	203.04808132227285	0.0	0.0	0.0	0.0	0.0	0.0	0.0	0.0	0.0	0.0	195.82844286624868	44.45621661512429	0.0
GSM4138110_HNSCC_1_PBMC_ATCCGAATCGTTTATC	67.92549962680705	134.36903092646685	0.0	0.0	0.0	104.30584736233735	0.0	0.0	0.0	0.0	18.10763787647244	0.0	0.0	0.0	0.0	0.0	0.0	0.0	0.0	0.0	0.0	0.0
GSM4138110_HNSCC_1_PBMC_ATGCGATTCGTGGGAA	0.0	52.719652058163106	0.0	12.902060424777595	0.0	0.0	35.03589304805903	33.14499149509138	65.49761803396646	0.0	0.0	16.47300210514033	91.2574202914424	0.0	0.0	86.18002795011066	0.0	0.0	0.0	0.0	0.0	0.0
GSM4138110_HNSCC_1_PBMC_CAAGAAATCAGGCAAG	55.64306551327197	0.0	0.0	0.0	0.0	99.3551845546998	0.0	0.0	83.41659743940338	0.0	0.0	0.0	0.0	0.0	0.0	0.0	0.0	0.0	0.0	0.0	0.0	0.0
GSM4138110_HNSCC_1_PBMC_CACAGGCCACACCGAC	101.32518650382003	197.99306799631296	0.0	182.51491603128142	0.0	0.0	34.40083724175397	0.0	0.0	0.0	0.0	0.0	0.0	0.0	0.0	58.01173379945634	0.0	0.0	0.0	0.0	0.0	0.0
GSM4138110_HNSCC_1_PBMC_CACTCCATCTGTACGA	0.0	82.05958950382863	0.0	0.0	0.0	0.0	26.625433351940273	71.47765936500788	0.0	0.0	0.0	0.0	0.0	0.0	24.632000747707718	0.0	0.0	0.0	0.0	0.0	0.0	0.0
GSM4138110_HNSCC_1_PBMC_CCTTCCCTCGCCTGTT	0.0	22.297975620017198	31.58578621142344	59.00842217109506	0.0	0.0	78.19051333322196	0.0	0.0	0.0	0.0	0.0	0.0	0.0	0.0	0.0	0.0	0.0	0.0	0.0	0.0	0.0
GSM4138110_HNSCC_1_PBMC_CGATTGAAGACTAAGT	98.79550287625257	0.0	0.0	94.87396452672068	0.0	0.0	0.0	0.0	128.74035268156936	0.0	0.0	0.0	0.0	0.0	0.0	0.0	0.0	16.250661461973955	0.0	0.0	0.0	0.0
GSM4138110_HNSCC_1_PBMC_CGGACGTTCTGAGTGT	41.40546699315992	58.756808204262036	0.0	0.0	64.23528244741996	7.6731930011055685	0.0	0.0	0.0	0.0	40.68735078855058	0.0	0.0	0.0	0.0	0.0	0.0	0.0	0.0	0.0	0.0	0.0
GSM4138110_HNSCC_1_PBMC_CGGGTCATCCCAACGG	0.0	0.0	0.0	0.0	67.81105619369127	0.0	0.0	0.0	71.78403027912168	0.0	0.0	23.598347117559268	0.0	8.664812480625399	0.0	0.0	0.0	0.0	0.0	0.0	0.0	0.0
GSM4138110_HNSCC_1_PBMC_CTCGAGGCATAGACTC	85.85666699023453	0.0	0.0	0.0	0.0	171.88963757844408	0.0	0.0	258.9493766243218	0.0	0.0	0.0	0.0	0.0	0.0	0.0	0.0	0.0	0.0	0.0	0.0	0.0
GSM4138110_HNSCC_1_PBMC_CTCGTCACAATAAGCA	0.0	0.0	0.0	0.0	136.73717273650516	0.0	0.0	0.0	176.2047550022355	0.0	0.0	28.10079984431763	86.38149010632362	0.0	0.0	0.0	0.0	0.0	0.0	0.0	0.0	0.0
GSM4138110_HNSCC_1_PBMC_CTGATCCTCTTTAGGG	65.5793596484778	0.0	42.06294820888689	0.0	18.63132508982161	121.43813168916358	0.0	0.0	86.3529682940361	0.0	0.0	0.0	0.0	0.0	0.0	0.0	0.0	0.0	0.0	0.0	0.0	0.0
GSM4138110_HNSCC_1_PBMC_CTGTGCTTCTAACGGT	0.0	0.8198153170908157	0.0	0.0	85.84181443465025	0.0	116.43176239354698	0.0	0.0	94.05254451887309	0.0	0.0	0.0	40.8602135189145	0.0	0.0	0.0	0.0	0.0	0.0	0.0	0.0
GSM4138110_HNSCC_1_PBMC_CTGTGCTTCTATCGCC	0.0	115.48873052598483	0.0	71.13113743621965	0.0	0.0	59.32593808777446	0.0	0.0	0.0	0.0	0.0	0.0	0.0	35.556021245461004	0.0	0.0	0.0	0.0	72.56348956379183	0.0	0.0
GSM4138110_HNSCC_1_PBMC_GACTAACGTCGACTGC	0.0	102.67233649965726	0.0	0.0	36.71035822766193	73.56264793752759	72.6273437049462	0.0	0.0	0.0	0.0	0.0	0.0	0.0	0.0	0.0	0.0	0.0	0.0	0.0	0.0	0.0
GSM4138110_HNSCC_1_PBMC_GAGGTGATCGTCCGTT	0.0	0.0	0.0	90.50653451389579	0.0	0.0	0.0	25.65746562817184	12.229289311489822	0.0	0.0	0.0	48.51784846118696	0.0	163.0275244731064	38.32439978915694	0.0	0.0	0.0	0.0	28.3988014860382	0.0
GSM4138110_HNSCC_1_PBMC_GATCAGTAGTGTACTC	75.8489383972675	0.0	0.0	0.0	0.0	77.38792355761991	0.0	0.0	146.58635228765323	0.0	0.0	0.0	0.0	0.0	0.0	0.0	65.74876903965163	0.0	0.0	0.0	0.0	0.0
GSM4138110_HNSCC_1_PBMC_GCTCTGTAGTATCTCG	0.0	253.42766051905903	2965.99847130296	0.0	0.0	0.0	0.0	0.0	0.0	16.841906150816534	0.0	0.0	0.0	0.0	182.29280848541046	0.0	0.0	0.0	0.0	0.0	0.0	0.0
GSM4138110_HNSCC_1_PBMC_GGAACTTTCCGATATG	54.27011939891102	92.42112309914083	0.0	0.0	0.0	129.73689890097293	0.0	0.0	0.0	0.0	0.0	0.0	0.0	0.0	0.0	0.0	0.0	0.0	0.0	0.0	0.0	0.0
GSM4138110_HNSCC_1_PBMC_GGACAGAAGCCATCGC	0.0	0.0	119.32428353416387	0.0	131.80623319085672	0.0	107.31422827443008	0.0	0.0	0.0	0.0	0.0	0.0	21.52755716386092	0.0	0.0	0.0	0.0	0.0	0.0	0.0	0.0
GSM4138110_HNSCC_1_PBMC_GGATGTTGTGCAGTAG	72.84037436439296	0.0	0.0	0.0	0.0	0.0	0.0	0.0	0.0	120.31709937886203	0.0	0.0	0.0	108.04403202679627	0.0	0.0	0.0	0.0	0.0	0.0	0.0	0.0
GSM4138110_HNSCC_1_PBMC_GTAACTGCAGCTGTTA	0.0	96.44486722169681	0.0	120.93562638812838	0.0	0.0	9.257484835093583	0.0	0.0	0.0	0.0	0.0	58.58451288524558	0.0	0.0	0.0	0.0	0.0	0.0	0.0	0.0	0.0
GSM4138110_HNSCC_1_PBMC_GTATTCTAGTAATCCC	0.0	0.0	0.0	0.0	0.0	0.0	0.0	0.0	0.0	179.58723115852013	0.0	148.74839401523434	0.0	181.06229666316395	0.0	0.0	0.0	0.0	0.0	0.0	0.0	0.0
GSM4138110_HNSCC_1_PBMC_GTGCAGCAGTCAAGCG	23.33138722830276	316.23677049428346	0.0	0.0	413.7001552286419	0.0	239.52466608898	0.0	0.0	0.0	0.0	9.73916960108888	0.0	58.111927534351146	0.0	0.0	0.0	0.0	0.0	0.0	0.0	0.0
GSM4138110_HNSCC_1_PBMC_GTGCATACACAGGCCT	73.26176605790164	26.184721783959596	0.0	0.0	18.084090472313473	0.0	0.0	0.0	129.0266863983714	0.0	0.0	0.0	0.0	0.0	0.0	0.0	137.90819725690122	0.0	0.0	0.0	0.0	0.0
GSM4138110_HNSCC_1_PBMC_TACTCGCGTTTAGCTG	0.0	109.71762076493049	0.0	0.0	110.42416447290358	0.0	42.53781174369173	0.0	0.0	0.0	0.0	19.99911635036445	0.0	53.3408189679389	0.0	0.0	0.0	0.0	0.0	0.0	0.0	0.0
GSM4138110_HNSCC_1_PBMC_TACTTACGTTATGCGT	0.0	0.0	94.69113069269189	0.0	0.0	49.83774283508729	71.13123129019277	0.0	0.0	0.0	0.0	0.0	0.0	0.0	0.0	0.0	96.8402559573412	0.0	0.0	0.0	0.0	0.0
GSM4138110_HNSCC_1_PBMC_TAGCCGGGTTCAACCA	80.3015020163445	0.0	43.10211750104865	18.82810647400197	0.0	0.0	0.0	0.0	59.518711446147215	0.0	66.98357385007245	0.0	0.0	0.0	0.0	9.475506975360897	0.0	0.0	0.0	0.0	0.0	0.0
GSM4138110_HNSCC_1_PBMC_TCAGCAATCCCAAGAT	0.0	155.7120943619063	0.0	25.15914930520547	136.99029869095762	0.0	0.0	0.0	0.0	0.0	0.0	99.2466650160035	0.0	0.0	0.0	0.0	0.0	52.27957451172196	0.0	0.0	0.0	0.0
GSM4138110_HNSCC_1_PBMC_TGACGGCGTTGAGTTC	111.49226672292828	63.410463510592095	0.0	0.0	238.0349603198878	0.0	255.43475233423757	0.0	0.0	352.104544732323	0.0	0.0	0.0	0.0	0.0	0.0	0.0	89.5943785579748	0.0	0.0	0.0	0.0
GSM4138110_HNSCC_1_PBMC_TTGCGTCGTACTTCTT	139.6747957363748	12.643916811136576	0.0	0.0	0.0	115.13664822481452	0.0	0.0	0.0	153.43701254239812	0.0	0.0	0.0	0.0	0.0	0.0	0.0	0.0	0.0	0.0	0.0	0.0
GSM4138110_HNSCC_1_PBMC_TTTGTCAGTTAAGATG	0.0	80.74493031329199	0.0	0.0	84.75418329756425	0.0	37.21184341777149	0.0	0.0	0.0	0.0	0.0	0.0	0.0	0.0	0.0	11.325653945003795	0.0	0.0	13.104144943107704	0.0	0.0
GSM4138110_HNSCC_1_PBMC_ACGCAGCTCGTCACGG	0.0	0.0	191.78993529938083	0.0	182.78039343404117	0.0	0.0	0.0	0.0	0.0	0.0	87.45088419778612	0.0	0.0	0.0	0.0	0.6869500492558821	0.0	0.0	0.0	0.0	0.0
GSM4138110_HNSCC_1_PBMC_ATCATCTAGGAATCGC	100.7715379579756	130.20628871192278	0.0	0.0	0.0	0.0	0.0	0.0	0.0	0.0	89.13603377958755	0.0	0.0	88.70437014579362	0.0	0.0	0.0	0.0	0.0	0.0	0.0	0.0
GSM4138110_HNSCC_1_PBMC_TCAACGAGTTACGGAG	0.0	48.18142103455091	66.26528848912574	0.0	310.31689353609147	0.0	0.0	0.0	227.5850324029846	0.0	0.0	221.43297696585026	0.0	0.0	0.0	0.0	0.0	0.0	0.0	0.0	0.0	0.0
GSM4138110_HNSCC_1_PBMC_AAACCTGGTCTCCCTA	0.0	98.52055549203867	77.9901592388303	216.35316935047808	0.0	0.0	0.0	0.0	0.0	133.91178862068293	0.0	130.82208918186643	0.0	0.0	0.0	0.0	0.0	0.0	0.0	101.3916681448848	0.0	0.0
GSM4138110_HNSCC_1_PBMC_ACACCGGAGTACACCT	0.0	208.26203218521985	168.86406875186236	0.0	0.0	0.0	113.65948377162846	0.0	0.0	0.0	319.9281427852219	40.07256655862032	0.0	0.0	0.07749468351966637	0.0	0.0	0.0	0.0	0.0	65.89614806432559	0.0
GSM4138110_HNSCC_1_PBMC_ACTGCTCGTGGTCCGT	77.38316291707375	96.89263514484617	0.0	0.0	0.0	279.18834087117597	0.0	0.0	135.85641611186193	0.0	0.0	0.0	95.62877577615112	0.0	0.0	0.0	0.0	0.0	0.0	0.0	0.0	0.0
GSM4138110_HNSCC_1_PBMC_AGCTCTCGTTAGTGGG	0.0	332.93878999611593	0.0	0.0	0.0	266.2048247235429	0.0	0.0	0.0	0.0	0.0	0.0	183.49701824154914	0.0	0.0	0.0	0.0	0.0	0.0	0.0	0.0	0.0
GSM4138110_HNSCC_1_PBMC_ATGGGAGAGGATGCGT	0.0	313.2078568787311	0.0	0.0	0.0	0.0	33.780023133531905	0.0	0.0	0.0	363.1384709614755	0.0	111.7075078618542	0.0	0.0	0.0	0.0	0.0	0.0	0.0	24.684418520761184	0.0
GSM4138110_HNSCC_1_PBMC_ATTATCCTCGGAAATA	0.0	35.02122852483446	183.9181437491339	0.0	246.1305452789958	0.0	0.0	0.0	0.0	61.75264616145136	0.0	174.78501935712993	0.0	0.0	0.0	0.0	0.0	0.0	0.0	0.0	0.0	0.0
GSM4138110_HNSCC_1_PBMC_CATCAGATCGCAAACT	0.0	272.7349333759263	0.0	0.0	231.32264085023465	0.0	0.0	0.0	0.0	0.0	0.0	0.0	144.645277933974	33.34052246934981	0.0	0.0	0.0	0.0	0.0	0.0	0.0	0.0
GSM4138110_HNSCC_1_PBMC_CGTAGCGCATGCAACT	0.0	0.0	357.7673299895066	0.0	237.57694163598987	0.0	202.78686707938633	0.0	0.0	0.0	0.0	0.0	0.0	0.0	0.0	0.0	9.549622451992498	0.0	11.257683738177574	0.0	0.0	0.0
GSM4138110_HNSCC_1_PBMC_CGTCACTTCACGAAGG	0.0	278.9643122740423	0.0	0.0	0.0	0.0	129.31033521902273	0.0	0.0	0.0	0.0	60.3300504303716	0.0	0.0	0.0	335.34796939312184	0.0	0.0	0.0	0.0	0.0	0.0
GSM4138110_HNSCC_1_PBMC_GCATACACACCAGCAC	0.0	0.0	228.20603596422023	0.0	0.0	280.1650775100497	0.0	0.0	0.0	0.0	0.0	0.0	153.84098187197452	0.0	0.0	0.0	0.0	0.0	18.322121617506564	0.0	0.0	0.0
GSM4138110_HNSCC_1_PBMC_GCGACCAGTCGATTGT	0.0	0.0	0.0	0.0	0.0	0.0	194.03926042543296	199.4628285027413	0.0	268.75377061569236	0.0	0.0	0.0	0.0	0.0	0.0	78.99999620363234	0.0	0.0	0.0	0.0	0.0
GSM4138110_HNSCC_1_PBMC_TACTTACTCGGCGCAT	65.8968058584783	0.0	0.0	0.0	0.0	40.79197408281073	0.0	0.0	0.0	0.0	0.0	0.0	0.0	0.0	115.87267189850796	64.56545432126806	0.0	0.0	0.0	0.0	0.0	0.0
GSM4138110_HNSCC_1_PBMC_ACCGTAAGTTACGTCA	0.0	0.0	189.83074284297712	0.0	0.0	0.0	0.0	0.0	0.0	0.0	221.96726968387097	0.0	145.74148086177365	0.0	0.0	0.0	0.0	0.0	0.0	0.0	0.0	0.0
GSM4138110_HNSCC_1_PBMC_ATCCACCAGACAGACC	0.0	0.0	89.5135668495805	0.0	0.0	0.0	0.0	123.18108456370534	0.0	0.0	0.0	174.45754845583295	0.0	0.0	0.0	0.0	0.0	0.0	0.0	0.0	0.0	0.0
GSM4138110_HNSCC_1_PBMC_ATGAGGGGTATATGGA	0.0	306.6481513698838	0.0	0.0	0.0	70.73983205273314	0.0	231.20050131213722	0.0	0.0	0.0	0.0	216.16198627670423	0.0	0.0	0.0	0.0	0.0	0.0	0.0	56.288599655859535	0.0
GSM4138110_HNSCC_1_PBMC_CACCAGGGTCAGAATA	0.0	290.72662293922104	0.0	0.0	0.0	161.02719919121282	0.0	0.0	0.0	0.0	12.532267091471157	0.0	110.76482892121466	0.0	0.0	0.0	0.0	0.0	0.0	0.0	0.0	0.0
GSM4138110_HNSCC_1_PBMC_CAGCAGCTCAAAGTAG	0.0	213.75323857079843	0.0	0.0	0.0	135.31550530379496	108.88537440106167	0.0	0.0	0.0	0.0	0.0	0.0	0.0	0.0	0.0	0.0	0.0	0.0	0.0	0.0	0.0
GSM4138110_HNSCC_1_PBMC_CATCCACCAGTAACGG	146.14917806119868	0.0	0.0	0.0	74.8136442018039	0.0	0.0	105.09108097109437	0.0	0.0	49.276914757870856	0.0	0.0	0.0	0.0	0.0	0.0	0.0	156.68453320443874	0.0	0.0	0.0
GSM4138110_HNSCC_1_PBMC_CCTTTCTCATCCTAGA	0.0	0.0	171.7817019592609	192.0232970179227	0.0	0.0	0.0	0.0	0.0	0.0	0.0	0.0	116.15219319139501	0.0	0.0	0.0	0.0	0.0	0.0	0.0	0.0	0.0
GSM4138110_HNSCC_1_PBMC_CGTAGGCTCTACCAGA	0.0	77.96061352539775	97.2005829535659	198.836686439469	0.0	0.0	104.39460742834873	0.0	0.0	0.0	0.0	0.0	31.86108438585584	0.0	0.0	0.0	0.0	0.0	0.0	0.0	0.0	0.0
GSM4138110_HNSCC_1_PBMC_CTGCCTAAGGACATTA	0.0	0.9041494563628772	153.4132982831044	160.73071458437204	0.0	0.0	0.0	0.0	0.0	0.0	0.0	0.0	129.9169270900858	0.0	14.465937302725314	0.0	0.0	0.0	0.0	0.0	0.0	0.0
GSM4138110_HNSCC_1_PBMC_CTTTGCGGTGGTCCGT	0.0	100.7739624984968	0.0	151.9220299248789	0.0	0.0	0.7554684608857176	0.0	0.0	0.0	0.0	0.0	101.01069694110663	0.0	0.0	0.0	0.0	0.0	0.0	0.0	0.0	0.0
GSM4138110_HNSCC_1_PBMC_GAAACTCAGACAAGCC	0.0	0.0	189.15248232701913	0.0	0.0	52.29256407746681	0.0	134.27259688729944	0.0	0.0	0.0	0.0	141.3907532445063	0.0	0.0	0.0	0.0	0.0	0.0	20.782192271968654	0.0	0.0
GSM4138110_HNSCC_1_PBMC_GACCAATAGCCCGAAA	0.0	14.480540738084372	0.0	0.0	0.0	37.42403052969298	0.0	0.0	0.0	151.72637401840515	234.21160736909013	0.0	163.04745553094756	0.0	55.28729671510089	0.0	0.0	0.0	0.0	0.0	40.461716825528924	0.0
GSM4138110_HNSCC_1_PBMC_GACCAATAGGGCTCTC	0.0	204.24226001247726	0.0	196.19246710541128	0.0	0.0	0.0	0.0	0.0	0.0	0.0	0.0	144.83520435723779	0.0	0.0	0.0	0.0	0.0	0.0	0.0	0.0	0.0
GSM4138110_HNSCC_1_PBMC_GATGCTATCCTCTAGC	0.0	0.0	0.0	0.0	0.0	0.0	0.0	68.78874741128719	0.0	252.07022542803733	0.0	0.0	0.0	0.0	0.0	0.0	0.0	125.47220790089199	0.0	0.0	0.0	193.2612366736583
GSM4138110_HNSCC_1_PBMC_GCTGCGATCCCGACTT	0.0	112.08008711846853	0.0	0.0	0.0	0.0	73.8098682023538	122.51315830716658	0.0	0.0	0.0	0.0	0.0	0.0	0.0	0.0	0.0	0.0	0.0	0.0	0.0	0.0
GSM4138110_HNSCC_1_PBMC_GTTACAGCAAGTTGTC	0.0	95.82093881805157	78.01426498392206	0.0	0.0	0.0	75.60870858864786	100.35029799659951	0.0	0.0	0.0	0.0	29.381030887620405	0.0	0.0	0.0	0.0	0.0	0.0	0.0	0.0	0.0
GSM4138110_HNSCC_1_PBMC_TAGGCATTCAGCGACC	0.0	0.0	157.7593675154079	0.0	23.50953380673717	78.41223986787311	0.0	0.0	0.0	0.0	0.0	0.0	152.32148713393855	108.53443718968512	0.0	0.0	0.0	0.0	0.0	0.0	0.0	0.0
GSM4138110_HNSCC_1_PBMC_TCGTACCTCCATGAAC	0.0	111.98018752874603	0.0	0.0	0.0	0.0	0.0	0.0	0.0	0.0	317.73095614252816	0.0	103.2415079183716	0.0	0.0	0.0	0.0	0.0	0.0	0.0	0.0	0.0
GSM4138110_HNSCC_1_PBMC_TGCGCAGAGAGTCGGT	113.15131783075219	0.0	181.72854470889519	119.81961846886851	0.0	0.0	0.0	0.0	0.0	0.0	0.0	0.0	0.0	0.0	0.0	0.0	0.0	0.0	0.0	54.93351597955617	0.0	0.0
GSM4138110_HNSCC_1_PBMC_TTGCCGTTCCTATTCA	115.53099291518757	0.0	366.04175851243735	110.64994240932	0.0	0.0	0.0	0.0	0.0	0.0	117.74832833269592	0.0	0.0	0.0	0.0	0.0	0.0	0.0	0.0	0.0	0.0	0.0
GSM4138110_HNSCC_1_PBMC_TTTACTGAGTCCCACG	0.0	306.895317295099	0.0	0.0	0.0	156.11181101746234	0.0	0.0	0.0	0.0	16.12269039441162	0.0	134.21008647081024	0.0	0.0	0.0	0.0	0.0	0.0	0.0	0.0	0.0
GSM4138110_HNSCC_1_PBMC_ACGGGTCGTCTTGATG	0.0	0.0	0.0	0.0	0.0	0.0	88.26275626989968	0.0	0.0	66.20173651103097	0.0	0.0	0.0	103.71693836483006	0.0	0.0	0.0	0.0	16.58151383635044	0.0	0.0	0.0
GSM4138110_HNSCC_1_PBMC_AGTGAGGAGGAATCGC	0.0	108.11108660988995	0.0	104.99629507910555	0.0	0.0	0.0	0.0	0.0	0.0	0.0	80.94550821664608	0.0	0.0	0.0	31.024422734472214	0.0	0.0	0.0	0.0	0.0	0.0
GSM4138110_HNSCC_1_PBMC_ATGTGTGCAAGCTGGA	142.85159046291068	0.0	121.98653282468307	0.0	164.45225807744154	28.09065456487444	0.0	0.0	0.0	0.0	0.0	0.0	0.0	0.0	0.0	0.0	0.0	0.0	0.0	0.0	0.0	0.0
GSM4138110_HNSCC_1_PBMC_CGACCTTAGTTACGGG	0.0	0.0	0.0	0.0	0.0	211.04502441777095	161.33361589709352	0.0	0.0	107.40304834610643	0.0	0.0	0.0	0.0	0.0	0.0	0.0	0.0	0.0	0.0	0.0	0.0
GSM4138110_HNSCC_1_PBMC_GCGACCACATGCATGT	29.14496129690112	0.0	40.57368353341867	0.0	35.60252354182953	72.73021655470441	0.0	0.0	143.07022326085487	0.0	36.651622587534405	67.6481732134857	0.0	0.0	0.0	0.0	0.0	0.0	0.0	0.0	0.0	0.0
GSM4138110_HNSCC_1_PBMC_GGATTACGTGCATCTA	104.56668533528716	150.80083649229022	0.0	0.0	0.0	0.0	0.0	147.02110324153898	0.0	0.0	0.0	0.0	0.0	0.0	0.0	0.0	0.0	0.0	0.0	0.0	0.0	0.0
GSM4138110_HNSCC_1_PBMC_GTGCAGCCACCAGATT	95.11354752232276	64.93749549309995	26.39365920567162	91.64258780480412	0.0	0.0	1.639356717073595	0.0	0.0	0.0	0.0	0.0	0.0	0.0	0.0	6.255600021242981	0.0	0.0	0.0	0.0	0.0	0.0
GSM4138110_HNSCC_1_PBMC_GTGCGGTTCTATGTGG	142.7355911879214	0.0	0.0	0.0	0.0	36.84280840473314	0.0	38.5403584246613	0.0	0.0	0.0	0.0	0.0	0.0	117.74370317425756	0.0	0.0	0.0	0.0	55.657339333448995	0.0	0.0
GSM4138110_HNSCC_1_PBMC_GTTCATTTCCCTCTTT	0.0	140.29170449692234	0.0	11.690028522255156	9.83686570258318	0.0	79.18745194606727	0.0	0.0	0.0	0.0	0.0	0.0	0.0	0.0	0.0	0.0	80.06525479653357	0.0	0.0	0.0	0.0
GSM4138110_HNSCC_1_PBMC_TCATTACGTAATCACC	99.83905991145286	0.0	0.0	0.0	170.36717500751553	0.0	0.0	0.0	82.30563102663262	106.8870285628736	0.0	0.0	0.0	0.0	0.0	0.0	0.0	0.0	0.0	0.0	0.0	0.0
GSM4138110_HNSCC_1_PBMC_TTGCCGTTCAGAAATG	93.75206046113081	0.0	103.44585992783435	0.0	0.0	0.0	0.0	69.15312114251904	0.0	0.0	0.0	0.0	0.0	0.0	0.0	0.0	0.0	72.22745274151298	0.0	0.0	0.0	0.0
GSM4138110_HNSCC_1_PBMC_TTTGCGCAGTAGCGGT	13.545069467414693	0.0	0.0	0.0	0.0	0.0	0.0	0.0	0.0	0.0	0.0	105.11534989419842	7.550959638853034	0.0	0.0	0.0	329.8630182813738	0.0	238.6357202838773	0.0	0.0	0.0
GSM4138110_HNSCC_1_PBMC_TTTGGTTAGCACAGGT	101.62190471688933	0.0	130.71145687763303	0.0	0.0	172.57238747561382	0.0	0.0	0.0	0.0	0.0	0.0	0.0	0.0	0.0	0.0	0.0	0.0	0.0	0.0	0.0	0.0
