	1	2	3	4	5	6	7	8	9	10	11	12	13	14
GSM4138110_HNSCC_1_PBMC_AAACCTGAGGAGCGTT	90.591467151214	0.0	0.0	0.0	0.0	113.23891567937702	78.31945086365587	0.0	0.0	0.0	0.0	0.0	0.0	0.0
GSM4138110_HNSCC_1_PBMC_AAACCTGCAGATGAGC	26.025153520075474	0.0	105.02150147519616	0.0	89.1184537179002	0.0	0.0	0.0	0.0	0.0	0.0	0.0	62.18075050171092	0.0
GSM4138110_HNSCC_1_PBMC_AACGTTGAGACTGGGT	38.28046070956268	0.0	54.148362485427675	0.0	0.0	59.30108988849419	0.0	0.0	0.0	0.0	0.0	0.0	0.0	0.0
GSM4138110_HNSCC_1_PBMC_AACGTTGGTTACGACT	12.846856328538452	0.0	40.67135034305339	152.1702931583686	0.0	0.0	0.0	0.0	0.0	0.0	0.0	0.0	0.0	0.0
GSM4138110_HNSCC_1_PBMC_AACGTTGTCTAAGCCA	0.0	88.58751662850483	0.0	33.24906291258157	35.67316041111691	0.0	0.0	0.0	0.0	0.0	55.72055850677058	0.0	0.0	0.0
GSM4138110_HNSCC_1_PBMC_AACTCCCCATTTCAGG	0.0	11.573034571484184	0.0	52.40130168241451	0.0	0.0	79.65057761859089	0.0	22.317041021811903	0.0	71.59486445491943	0.0	0.0	0.0
GSM4138110_HNSCC_1_PBMC_AAGCCGCCACTTCTGC	67.09911009225323	0.0	80.42187942633	0.0	79.67183706479175	0.0	0.0	0.0	0.0	0.0	0.0	0.0	0.0	0.0
GSM4138110_HNSCC_1_PBMC_AAGGTTCGTCTCTTAT	54.68495870450717	0.0	0.0	52.815196997876306	6.551130652010565	0.0	127.00484688967546	0.0	0.0	0.0	0.0	0.0	0.0	0.0
GSM4138110_HNSCC_1_PBMC_AAGTCTGAGTACCGGA	0.0	0.0	53.59574736019843	60.194398880799284	0.0	0.0	0.0	4.638906526241482	0.0	0.0	47.104882116583404	0.0	0.0	0.0
GSM4138110_HNSCC_1_PBMC_AAGTCTGGTTGCCTCT	0.0	56.19955938216079	0.0	36.88886248825118	8.025868120595762	47.7470335869951	0.0	51.94697427425727	0.0	0.0	0.0	0.0	0.0	0.0
GSM4138110_HNSCC_1_PBMC_AAGTCTGTCCAAACTG	65.67998418858599	0.0	98.7692402817581	0.0	0.0	106.21873273669242	0.0	0.0	0.0	0.0	0.0	0.0	0.0	0.0
GSM4138110_HNSCC_1_PBMC_ACATGGTCACATGGGA	0.0	0.0	70.57034330579579	0.0	78.88448795156437	0.0	0.0	0.0	0.0	47.80587189132096	0.0	0.0	0.0	0.0
GSM4138110_HNSCC_1_PBMC_ACGAGCCAGTATCTCG	0.0	66.02046229261143	0.0	0.0	85.17099079091159	0.0	0.0	0.0	130.87250977214316	0.0	0.0	0.0	0.0	0.0
GSM4138110_HNSCC_1_PBMC_ACGAGCCCACTTAACG	0.0	135.22384684071568	0.0	0.0	154.26138071415832	0.0	5.657650431492778	0.0	0.0	0.0	0.0	0.0	161.72326889259153	0.3395674430294905
GSM4138110_HNSCC_1_PBMC_ACTATCTTCTTCCTTC	122.6700102144337	0.0	74.9743597755531	0.0	0.0	111.40899049294407	0.0	0.0	0.0	0.0	0.0	0.0	0.0	0.0
GSM4138110_HNSCC_1_PBMC_AGAGCTTAGAGCTGGT	89.8207413781896	51.971790441256196	76.18418847195095	35.294257715591314	0.008098817965109915	32.23783462301504	0.0	0.0	0.0	0.0	0.0	0.0	0.0	0.0
GSM4138110_HNSCC_1_PBMC_AGATTGCGTCGCCATG	60.22242614543734	66.27648906963749	0.0	58.95454869857208	0.0	0.0	8.727929839829672	25.86974789526916	0.0	0.0	0.0	0.0	0.0	0.0
GSM4138110_HNSCC_1_PBMC_AGCGTATGTTATCCGA	73.2615359015506	68.79947500824424	74.03700301935643	0.0	0.0	47.18566877359209	0.0	0.0	0.0	0.0	0.0	0.0	0.0	0.0
GSM4138110_HNSCC_1_PBMC_AGGCCACAGTACTTGC	15.166463178237274	0.0	58.5009736259837	50.063707532424495	0.0	0.0	0.0	84.7576251753623	0.0	0.0	0.0	0.0	0.0	0.0
GSM4138110_HNSCC_1_PBMC_AGGCCACCACTAAGTC	0.0	0.0	231.57374829570782	0.0	0.0	0.0	0.0	0.0	120.10921319961132	0.0	0.0	156.01148426977775	0.0	0.0
GSM4138110_HNSCC_1_PBMC_AGTAGTCTCTTAGCCC	71.92173687395349	0.0	27.221930777588575	71.18534990077738	0.0	0.0	0.0	0.0	0.0	0.0	0.0	0.0	0.0	0.0
GSM4138110_HNSCC_1_PBMC_AGTGAGGGTGGCCCTA	114.96041266176796	50.14383057245715	0.0	0.0	0.0	112.61242013988449	32.700833334262065	0.0	0.0	0.0	0.0	0.0	0.0	0.0
GSM4138110_HNSCC_1_PBMC_AGTGTCATCTCGCATC	41.29906538134767	33.18637857869775	0.0	0.0	75.4344693448791	0.0	15.843433654344292	0.0	0.0	0.0	16.414345391394825	0.0	0.0	0.0
GSM4138110_HNSCC_1_PBMC_AGTTGGTCATGGTTGT	94.34144460891417	0.0	117.0728868205823	0.0	0.0	120.40964970709419	0.0	0.0	0.0	0.0	0.0	5.563786333940962	0.0	0.0
GSM4138110_HNSCC_1_PBMC_AGTTGGTTCTTGGGTA	0.0	0.0	0.0	0.0	0.0	83.86957185520097	68.41094402899841	0.0	0.0	0.0	51.60714250693546	0.0	0.0	0.0
GSM4138110_HNSCC_1_PBMC_ATCTACTAGGGTGTGT	92.35390990494595	118.77562594414671	0.0	0.0	328.73108478708633	0.0	67.07924105153339	0.0	0.0	0.0	110.99425643328365	0.0	0.0	0.0
GSM4138110_HNSCC_1_PBMC_ATCTACTAGTACGTTC	0.0	0.0	108.4077066612629	66.26767041490072	0.0	0.0	0.0	72.12232163913993	0.0	0.0	0.0	0.0	0.0	0.0
GSM4138110_HNSCC_1_PBMC_ATGAGGGCAAGCGATG	63.385673812947466	5.045961962213008	58.13593953994691	0.0	72.2865067606957	0.0	0.0	0.0	0.0	0.0	0.0	0.0	0.0	0.0
GSM4138110_HNSCC_1_PBMC_ATGAGGGCACACAGAG	0.0	0.0	0.0	50.25070181990389	0.0	0.0	45.09363775767094	52.19449285928749	11.706499469904587	0.0	0.0	0.0	0.48267188282523427	0.0
GSM4138110_HNSCC_1_PBMC_ATGCGATGTTTGACAC	0.0	0.0	78.66624449594288	0.0	48.81085598339904	48.46747537750277	0.0	20.129248546243936	0.0	20.73158605393814	0.0	0.0	0.0	0.0
GSM4138110_HNSCC_1_PBMC_ATGTGTGCATGCGCAC	0.0	0.0	44.27167676450691	0.0	76.1660299020437	0.0	0.0	0.0	0.0	51.93315742188017	0.0	0.0	0.0	0.0
GSM4138110_HNSCC_1_PBMC_ATTACTCTCATGCTCC	0.0	47.72465194857063	0.0	76.36904032330871	0.0	0.0	15.83197633761832	0.0	111.98051412936968	0.0	0.0	0.0	0.0	0.0
GSM4138110_HNSCC_1_PBMC_ATTATCCGTCACACGC	81.3871294527182	113.49158628961673	0.0	0.0	0.0	104.42601194617748	0.0	0.0	0.0	0.0	0.0	0.0	0.0	0.0
GSM4138110_HNSCC_1_PBMC_ATTGGACAGAGATGAG	0.0	87.08436224605796	0.0	24.558521790227047	17.166372335580864	0.0	0.0	0.0	0.0	93.86697054306951	0.0	0.0	0.0	0.0
GSM4138110_HNSCC_1_PBMC_ATTGGTGCAGTGAGTG	60.063858036646735	0.0	63.39472973709171	60.43245170411838	0.0	0.0	7.438203770045928	0.0	0.0	0.0	0.0	0.0	0.0	0.0
GSM4138110_HNSCC_1_PBMC_CAACCAAGTTATCGGT	73.77205747848487	0.0	48.72631356299032	0.0	0.0	50.63923114143682	0.0	4.006065133829924	0.0	0.0	0.0	0.0	0.0	0.0
GSM4138110_HNSCC_1_PBMC_CAACCAATCCTTGACC	38.91470365112245	0.0	0.0	0.0	0.0	59.64607289571534	83.02344007795932	0.0	0.0	0.0	0.0	0.0	0.0	0.0
GSM4138110_HNSCC_1_PBMC_CACAGTAGTCTCCATC	101.43082467245277	53.68785892626215	0.0	0.0	54.54207541596541	0.0	0.0	0.0	0.0	0.0	0.0	0.0	0.0	0.0
GSM4138110_HNSCC_1_PBMC_CACATAGCAAAGCGGT	0.0	45.42777576376941	0.0	18.98125849586462	33.392436673081825	4.604585355226608	0.0	0.0	79.33564335110589	0.0	0.0	0.0	0.0	0.0
GSM4138110_HNSCC_1_PBMC_CACATAGCACCTCGTT	0.0	0.0	0.0	0.0	0.0	97.39229332292008	87.19947457424198	61.165059710389016	0.0	0.0	0.0	0.0	0.0	0.0
GSM4138110_HNSCC_1_PBMC_CACATTTGTGCACTTA	19.230020300370928	0.0	51.42764187859692	0.0	0.0	66.87300516911124	0.0	0.0	0.0	57.30837030979381	0.0	0.0	0.0	0.0
GSM4138110_HNSCC_1_PBMC_CACATTTTCCCATTAT	33.2833368410394	0.0	71.21895748453053	0.0	0.0	98.56932622908808	0.0	0.0	0.0	13.776787904947048	0.0	0.0	0.0	0.0
GSM4138110_HNSCC_1_PBMC_CACATTTTCTGGTTCC	0.0	0.0	62.4333395801888	0.0	74.5977145913328	0.0	4.270543897184919	50.451364601339314	7.147324594898802	0.0	0.0	0.0	0.0	0.0
GSM4138110_HNSCC_1_PBMC_CACCAGGTCGTGGGAA	0.0	0.0	90.58038597155176	0.0	100.037697200918	0.0	0.0	0.0	0.0	0.0	57.74775575508012	0.0	0.0	0.0
GSM4138110_HNSCC_1_PBMC_CAGCAGCCAATGGTCT	76.0305287898693	57.79111059820801	0.0	0.0	0.0	25.235413667431803	0.0	0.0	0.0	0.0	0.0	0.0	0.0	0.0
GSM4138110_HNSCC_1_PBMC_CAGCATAGTCCGAGTC	0.0	7.549670791909472	0.0	0.0	48.84385711426766	0.0	94.59347771952379	0.0	0.0	0.0	0.0	0.0	9.262885131863172	24.613986418045705
GSM4138110_HNSCC_1_PBMC_CAGCCGAAGCCCAACC	44.56647686977171	0.0	76.13189132169461	77.2751004199384	0.0	0.0	0.0	0.0	0.0	0.0	0.0	18.73516428783959	0.0	0.0
GSM4138110_HNSCC_1_PBMC_CAGCCGACATCGACGC	64.4817393196903	63.14709273745449	0.0	47.93642784336174	0.0	0.0	8.849290741127351	0.0	0.0	0.0	0.0	0.0	0.0	0.0
GSM4138110_HNSCC_1_PBMC_CATATTCTCCGCGTTT	0.0	4.4544425354966135	0.0	84.29171876166872	0.0	0.0	70.21409838601024	0.0	0.0	47.574218758248314	0.0	0.0	0.0	0.0
GSM4138110_HNSCC_1_PBMC_CCAATCCCATTAGCCA	0.0	100.97224615611749	0.0	0.0	86.33620716870723	0.0	0.0	0.0	0.0	84.70156337953733	0.0	0.0	0.0	0.0
GSM4138110_HNSCC_1_PBMC_CCACGGAAGATCGGGT	130.4724679856709	0.0	66.60039972159325	0.0	66.18070288647965	0.0	0.0	0.0	0.0	0.0	0.0	0.0	0.0	0.0
GSM4138110_HNSCC_1_PBMC_CCATGTCAGAGGTAGA	103.46490443272992	0.0	0.0	0.0	64.75019895569194	0.0	77.90989694831615	0.0	0.0	0.0	0.0	0.0	0.0	0.0
GSM4138110_HNSCC_1_PBMC_CCATGTCCATGCCCGA	1.549546383930363	0.0	81.29796009784863	77.69303214675058	0.0	0.0	0.0	109.35761278724242	0.0	0.0	0.0	0.0	0.0	0.0
GSM4138110_HNSCC_1_PBMC_CCGGTAGAGCTCCTCT	48.09235103497819	0.0	92.87686963763116	78.06784357809971	0.0	0.0	0.0	0.0	0.0	0.0	0.0	0.0	0.0	0.0
GSM4138110_HNSCC_1_PBMC_CCTCTGAAGGGATCTG	67.87414254301609	53.67928339552791	0.0	0.0	61.231065653921284	0.0	0.0	0.0	0.0	0.0	0.0	0.0	0.0	0.0
GSM4138110_HNSCC_1_PBMC_CGAACATGTTCGTTGA	0.0	0.0	82.41105053402987	70.01892320521208	0.0	0.0	0.0	0.0	0.0	0.0	36.34439075421964	0.0	0.0	0.0
GSM4138110_HNSCC_1_PBMC_CGAACATTCTGTCCGT	23.739981939815046	0.0	85.76148789456643	52.8915154474791	25.27823270622955	0.0	0.0	0.0	0.0	33.086867630067125	0.0	0.0	0.0	0.0
GSM4138110_HNSCC_1_PBMC_CGAATGTAGCGTCTAT	0.0	0.0	43.61395141288754	94.54928362277876	0.0	0.0	0.0	0.0	9.749321539532811	0.0	32.843761413680994	0.0	0.0	0.0
GSM4138110_HNSCC_1_PBMC_CGGGTCAAGTCTCGGC	0.0	119.81535028298383	0.0	0.0	37.4942279357953	26.328033135806884	0.0	0.0	0.0	51.154296823700236	0.0	0.0	0.0	0.0
GSM4138110_HNSCC_1_PBMC_CGTCTACCAAGCGTAG	0.0	0.0	90.39871605696412	35.953877144139405	20.36514589938787	0.0	0.0	123.66929981926734	0.0	0.0	0.0	0.0	0.0	0.0
GSM4138110_HNSCC_1_PBMC_CGTGTCTAGGTCGGAT	2.3995066061156667	36.34628747244601	0.0	98.3957785851375	17.162430166387182	0.0	50.93102542650072	69.28986122749673	0.0	0.0	0.0	0.0	0.0	0.0
GSM4138110_HNSCC_1_PBMC_CGTTAGACATCCAACA	0.0	110.42143551010544	0.0	0.0	31.3805594895102	8.92144976060354	13.399489560738932	0.0	0.0	29.673017027345825	0.0	0.0	0.0	0.0
GSM4138110_HNSCC_1_PBMC_CGTTGGGCATATGCTG	67.51631924899635	0.0	0.0	0.0	0.0	49.20856245693346	69.50475810083111	0.0	0.0	0.0	0.0	0.0	0.0	0.0
GSM4138110_HNSCC_1_PBMC_CTAATGGTCTCGCTTG	46.863397129792695	2.147750572006204	0.0	0.0	27.416553584383585	40.93281005478252	36.29575510659951	0.0	0.0	0.0	0.0	0.0	0.0	0.0
GSM4138110_HNSCC_1_PBMC_CTACATTTCACCAGGC	62.271348073980896	0.0	68.14646222072557	0.0	0.0	78.06571548351404	0.0	0.0	0.0	0.0	0.0	0.0	0.0	0.0
GSM4138110_HNSCC_1_PBMC_CTACGTCTCGAACGGA	0.0	69.33696162167186	0.0	0.0	0.0	79.33179723519889	0.0	22.309054006735725	0.0	0.0	0.0	0.0	0.0	0.0
GSM4138110_HNSCC_1_PBMC_CTAGAGTCACTTACGA	101.74326336181954	0.0	56.62088751397569	68.67981171927684	0.0	0.0	0.0	0.0	0.0	0.0	0.0	0.0	0.0	0.0
GSM4138110_HNSCC_1_PBMC_CTCAGAATCCGGGTGT	0.0	0.0	51.95568509575919	0.0	75.14902770376055	0.0	0.0	0.0	82.29393109257889	0.0	0.0	0.0	0.0	0.0
GSM4138110_HNSCC_1_PBMC_CTCGGGATCAATACCG	167.93848517187675	87.86572762852371	0.0	41.368961078685636	0.0	0.0	20.871165040781268	0.0	0.0	0.0	0.0	0.0	0.0	0.0
GSM4138110_HNSCC_1_PBMC_CTCGTACAGATCGGGT	201.33018044640386	0.0	200.3122146761656	191.38070709244707	0.0	0.0	0.0	0.0	11.62856220037795	0.0	0.0	0.0	0.0	0.0
GSM4138110_HNSCC_1_PBMC_CTCGTACTCTGTCCGT	81.9839840802592	0.0	0.0	0.0	0.0	87.3335713922163	107.57094778641124	0.0	0.0	0.0	0.0	0.0	0.0	0.0
GSM4138110_HNSCC_1_PBMC_CTCTGGTAGGCGTACA	41.92470348237157	56.34965699435204	0.0	0.0	0.0	43.22650917132809	0.0	0.0	0.0	0.0	0.0	8.386673046190145	0.0	0.0
GSM4138110_HNSCC_1_PBMC_CTGAAACTCCGAGCCA	84.4806478682918	0.0	64.00837798233766	17.015857752322965	17.227754703313536	0.0	0.0	0.0	0.0	0.0	0.0	0.0	0.0	0.0
GSM4138110_HNSCC_1_PBMC_CTGAAGTAGCGATCCC	55.85197973746594	73.95744589969462	0.0	64.70667216544949	9.873208399862394	0.0	0.0	0.0	0.0	0.0	0.0	0.0	0.0	0.0
GSM4138110_HNSCC_1_PBMC_CTGATAGAGATCTGCT	39.624854240047114	0.0	54.06806424191383	0.0	65.11539243971396	0.0	0.0	22.729331983209068	0.0	0.0	0.0	0.0	0.0	0.0
GSM4138110_HNSCC_1_PBMC_CTGATAGAGCCTTGAT	36.26580943375274	0.0	84.2787418618472	0.0	1.8640514488808777	84.0538886342694	0.0	0.0	0.0	34.933564047398995	0.0	0.0	0.0	0.0
GSM4138110_HNSCC_1_PBMC_CTGCCTAAGGTGCTTT	27.957903052962838	0.0	0.0	0.0	0.0	127.99649145406401	111.84229881369757	0.0	0.0	0.0	0.0	0.0	0.0	0.0
GSM4138110_HNSCC_1_PBMC_CTGCCTATCACGACTA	88.32012389960731	58.298961885321035	0.0	0.0	21.729178137590225	36.98663676816245	0.0	0.0	0.0	0.0	0.0	0.0	0.0	0.0
GSM4138110_HNSCC_1_PBMC_CTGGTCTTCGAGAACG	0.0	15.641667786994091	0.0	38.530541461792	6.9333946605821986	0.0	39.12590877970689	0.0	0.0	0.0	44.71204999032095	0.0	0.0	0.0
GSM4138110_HNSCC_1_PBMC_CTGTTTAAGTGGAGTC	9.630282100880148	86.02332575207288	0.0	0.0	59.71273417333924	0.0	0.0	0.0	0.0	0.0	0.0	0.0	5.354813579758946	15.241854011270156
GSM4138110_HNSCC_1_PBMC_GAACATCTCCCTAATT	0.0	128.11384558405848	0.0	130.9312138851937	0.0	0.0	0.0	88.05493671880944	0.0	0.0	0.0	0.0	0.0	0.0
GSM4138110_HNSCC_1_PBMC_GAACCTATCTGAGGGA	67.93463306002413	0.0	60.19188111993549	47.575441527589156	0.0	0.0	0.0	0.0	0.0	0.0	0.0	0.0	0.0	0.0
GSM4138110_HNSCC_1_PBMC_GAATGAATCAGTTAGC	60.29340810452857	0.0	32.55464192931594	65.5563253044705	0.0	10.02999012831644	0.0	0.0	0.0	0.0	0.0	0.0	0.0	0.0
GSM4138110_HNSCC_1_PBMC_GATCGATAGTACACCT	56.384657963442855	0.0	66.37086374564771	0.0	0.0	66.41693675876289	0.0	0.0	0.0	0.0	0.0	0.0	0.0	0.0
GSM4138110_HNSCC_1_PBMC_GATCGATTCAGCATGT	39.513887857857966	80.18350409953104	0.0	0.0	84.20979326278623	0.0	41.176659173661406	48.9881719265905	0.0	0.0	0.0	0.0	0.0	0.0
GSM4138110_HNSCC_1_PBMC_GATGAAATCCAAGCCG	75.33954094506771	0.0	48.519775325323764	56.679549367300545	44.889027923577146	0.0	0.0	0.0	0.0	0.0	0.0	0.0	0.0	0.0
GSM4138110_HNSCC_1_PBMC_GCACATAAGGTGTGGT	54.68439562802596	76.17257287264675	7.45561391810294	71.80977778577707	0.0	0.0	0.0	0.0	0.0	0.0	0.0	0.0	0.0	0.0
GSM4138110_HNSCC_1_PBMC_GCACTCTGTACAGTGG	0.0	8.707639189046219	0.0	45.75158333565199	0.0	0.0	50.602966390849325	0.0	0.0	0.0	172.4653020027698	0.0	0.0	0.0
GSM4138110_HNSCC_1_PBMC_GCCTCTAAGTTAAGTG	53.48966752951308	0.0	53.883330449818494	0.0	45.010810133107356	0.0	0.0	0.0	0.0	0.0	0.0	0.0	0.0	0.0
GSM4138110_HNSCC_1_PBMC_GCCTCTAGTTGAACTC	55.75036723947039	61.71162425281366	0.0	0.0	58.11967104105551	0.0	2.517222836422743	0.0	0.0	0.0	0.0	0.0	0.0	0.0
GSM4138110_HNSCC_1_PBMC_GCGAGAAAGTGACATA	80.70474905658288	0.0	162.10972675527915	62.266179291271946	0.0	0.0	0.0	0.0	0.0	0.0	0.0	0.0	0.0	0.0
GSM4138110_HNSCC_1_PBMC_GCTGCAGGTCCTCTTG	61.77867914689305	73.57920791206446	0.0	0.0	0.0	72.21484765980469	0.0	0.0	0.0	13.51351404630509	0.0	0.0	0.0	0.0
GSM4138110_HNSCC_1_PBMC_GGAAAGCAGTCAATAG	0.0	93.68499100815335	0.0	48.13820902857373	0.0	0.0	0.0	31.653063293358517	58.037388949045074	0.0	0.0	19.085021797262673	0.0	0.0
GSM4138110_HNSCC_1_PBMC_GGAACTTGTTTACTCT	0.0	57.41934911844641	0.0	44.258050439374394	0.0	0.0	11.634531571667518	0.0	0.0	8.847124117730447	36.992725322693914	0.0	0.0	0.0
GSM4138110_HNSCC_1_PBMC_GGCAATTGTCCTCTTG	54.11831111310509	0.0	21.923429779812814	0.0	109.1081825915974	0.0	0.0	0.0	0.0	0.0	0.0	0.0	0.0	0.0
GSM4138110_HNSCC_1_PBMC_GGGACCTAGGCCCTTG	0.0	0.0	0.0	0.0	79.39535134645025	0.0	47.90524545121566	0.0	0.0	0.0	0.0	0.0	50.44930291956422	0.0
GSM4138110_HNSCC_1_PBMC_GGGACCTTCGTCCAGG	77.07721691616266	51.732765478049934	0.0	45.89440324751771	0.0	0.0	0.0	1.2557560206948941	0.0	0.0	0.0	0.0	0.0	0.0
GSM4138110_HNSCC_1_PBMC_GGGATGACAATGGTCT	17.13973785926224	87.52453540816752	0.0	37.09751389547133	0.0	0.0	0.0	51.34207798311297	0.0	0.0	0.0	0.0	0.0	0.0
GSM4138110_HNSCC_1_PBMC_GGGCACTGTCTAGGTT	22.180722450762172	91.02391206345042	0.0	85.59978465473681	0.0	0.0	16.15788898826553	62.351331507005604	0.0	0.0	0.0	0.0	0.0	0.0
GSM4138110_HNSCC_1_PBMC_GGTATTGTCCTTCAAT	0.0	0.0	86.10436041616333	0.0	65.76691159291263	0.0	0.0	0.0	0.0	46.35878684819025	0.0	0.0	0.0	0.0
GSM4138110_HNSCC_1_PBMC_GGTGTTACAATCCAAC	42.31725007305764	66.50423499761797	0.0	73.4741850408061	0.0	0.0	0.0	0.0	0.0	0.0	0.0	0.0	0.0	0.0
GSM4138110_HNSCC_1_PBMC_GGTGTTACAGCCACCA	70.87686389451407	0.0	0.0	0.0	0.0	50.10492824298066	71.6961137487884	0.0	0.0	0.0	0.0	2.0504353025646953	0.0	0.0
GSM4138110_HNSCC_1_PBMC_GTAACGTTCGTATCAG	136.16003762794145	106.8243270479276	0.0	0.0	84.83472251772703	22.514993128636114	0.0	0.0	0.0	0.0	0.0	0.0	0.0	0.0
GSM4138110_HNSCC_1_PBMC_GTATTCTTCTTCCTTC	67.59379901926197	19.604328864683843	57.42298033370029	0.0	70.63670563801494	0.0	0.0	0.0	0.0	0.0	0.0	0.0	0.0	0.0
GSM4138110_HNSCC_1_PBMC_GTCAAGTGTGGGTATG	0.0	0.0	0.0	0.0	69.54271802419244	0.0	88.51354319463312	0.0	0.0	0.0	30.584968525857537	0.0	21.297506184265416	0.0
GSM4138110_HNSCC_1_PBMC_GTCACGGGTGCAACGA	0.0	0.0	744.4697029690197	0.0	137.0900735415299	0.0	0.0	0.0	0.0	146.71034543243277	0.0	0.0	0.0	0.0
GSM4138110_HNSCC_1_PBMC_GTGCGGTCAAGGTGTG	78.47078282246726	98.89814189195558	0.0	9.62961284074439	56.43290947875306	0.0	8.068825739214933	0.0	0.0	0.0	0.0	0.0	0.0	0.0
GSM4138110_HNSCC_1_PBMC_GTGTGCGAGGAGCGAG	140.2578984099138	0.0	52.47009738161339	28.68470734225922	4.523201840115456	0.0	0.0	0.0	0.0	0.0	0.0	0.0	0.0	0.0
GSM4138110_HNSCC_1_PBMC_GTGTGCGCAAGTCATC	0.0	118.76297368025878	0.0	0.0	76.21461869155083	0.0	0.0	0.0	0.0	0.0	56.01144646089867	0.0	0.0	0.0
GSM4138110_HNSCC_1_PBMC_TAAACCGTCATCTGTT	0.0	0.0	93.19530226952365	0.0	15.336498260891839	40.10230459264079	0.0	56.79778121970458	0.0	0.0	0.0	0.0	0.0	0.0
GSM4138110_HNSCC_1_PBMC_TAAGCGTCAATGGATA	74.72511883386693	0.0	72.77683494627382	0.0	0.0	69.3586595034894	0.0	0.0	0.0	0.0	9.045854760390043	0.0	0.0	0.0
GSM4138110_HNSCC_1_PBMC_TACACGATCCTGCCAT	87.79646842424414	104.5581983987517	0.0	0.0	82.6376560234609	0.0	0.0	0.0	0.0	0.0	0.0	0.0	0.0	0.0
GSM4138110_HNSCC_1_PBMC_TACCTTAAGGCTAGAC	62.85755913334774	0.0	0.0	0.0	0.0	85.60801566736495	74.22649124051833	0.0	0.0	0.0	0.0	0.0	0.0	0.0
GSM4138110_HNSCC_1_PBMC_TACGGATCAGGGTATG	68.82573597518838	79.3727906851423	0.0	0.0	0.0	68.1109687566018	0.0	0.0	0.0	0.0	0.0	0.0	0.0	0.0
GSM4138110_HNSCC_1_PBMC_TAGAGCTCAGATGGCA	15.203419254401773	73.41195013661556	1.4243151317430522	0.0	58.60340883438069	0.0	0.0	0.0	0.0	35.92714793540994	0.0	0.0	0.0	0.0
GSM4138110_HNSCC_1_PBMC_TAGCCGGAGAAGGCCT	0.0	83.72059256828089	0.0	0.0	52.33916855330439	0.0	0.0	0.0	68.67643612634089	0.0	0.0	0.0	0.0	0.0
GSM4138110_HNSCC_1_PBMC_TATCTCAAGGTGCACA	0.0	45.148524573631754	0.0	0.0	0.0	0.0	0.0	0.0	0.0	33.6384167204472	0.0	79.21145323124522	0.0	0.0
GSM4138110_HNSCC_1_PBMC_TCACAAGGTTCATGGT	61.25911185153044	0.0	22.184802716651205	0.0	0.0	0.0	30.05405109767689	7.7257628210857705	0.0	0.0	0.0	37.2613521151574	0.0	0.0
GSM4138110_HNSCC_1_PBMC_TCACAAGTCTTGACGA	0.0	0.0	216.1367682920363	159.3219714562807	0.0	413.6302725564053	0.0	0.0	228.72925139945713	0.0	0.0	0.0	0.0	0.0
GSM4138110_HNSCC_1_PBMC_TCGAGGCTCGGAAATA	27.354280335983002	92.07024942353974	0.0	10.319875170186757	55.888902728188185	0.0	4.760488753876783	61.35481513659446	0.0	0.0	0.0	0.0	0.0	0.0
GSM4138110_HNSCC_1_PBMC_TCTATTGGTTTAGGAA	0.0	0.0	72.28975871924943	18.417315072779616	0.0	54.992484507593375	0.0	56.15237200014328	0.0	0.0	0.0	0.4338985956288108	0.0	0.0
GSM4138110_HNSCC_1_PBMC_TCTATTGTCATCTGCC	28.64929826349286	0.0	27.54718202829398	30.505125984473846	21.427753867959627	0.0	0.0	0.0	0.0	0.0	0.0	0.0	0.0	0.0
GSM4138110_HNSCC_1_PBMC_TCTTCGGCACCCTATC	47.75115160717044	4.805126604370949	0.0	0.0	0.0	79.44668634420427	96.27632263903782	0.0	12.675502371665068	0.0	0.0	0.0	0.0	0.0
GSM4138110_HNSCC_1_PBMC_TGGGCGTTCACAGGCC	0.0	0.0	554.1797988544212	232.72692921118139	46.197768325659375	0.0	0.0	0.0	0.0	207.69439119839882	0.0	0.0	0.0	0.0
GSM4138110_HNSCC_1_PBMC_TGTGTTTGTTAAAGAC	117.66066308672919	0.0	145.30405319136844	0.0	117.94762192681188	0.0	0.0	0.0	0.0	0.0	0.0	0.0	0.0	0.0
GSM4138110_HNSCC_1_PBMC_TGTTCCGCACGGCGTT	0.0	0.0	0.0	0.0	333.24905110028135	0.0	178.1409157390222	0.0	0.0	0.0	0.0	0.0	221.38342810663795	0.0
GSM4138110_HNSCC_1_PBMC_TTAGGCAAGGCTAGCA	9.568268216390996	75.6736135379686	0.0	86.30523782506882	0.0	0.0	0.0	0.0	46.112526774467554	0.0	0.0	0.0	0.0	0.0
GSM4138110_HNSCC_1_PBMC_TTCCCAGCACATGGGA	0.0	0.0	74.48736917814362	0.0	0.0	125.76626557204816	0.0	0.0	44.44955167681338	0.0	0.0	0.0	0.0	0.0
GSM4138110_HNSCC_1_PBMC_TTCGGTCAGACCCACC	0.0	15.921988233911453	29.56569096106963	0.0	0.0	0.0	1.8787565042890972	66.2665467284011	0.0	0.0	0.0	40.95338643417731	0.0	0.0
GSM4138110_HNSCC_1_PBMC_TTCTCCTTCCTCAATT	41.96313192389994	0.0	90.06791177831869	105.75554896680111	0.0	0.0	0.0	0.0	0.0	0.0	0.0	0.0	0.0	0.0
GSM4138110_HNSCC_1_PBMC_TTGAACGGTCGAAAGC	56.20872149238279	57.17451661722348	0.0	48.42931219914612	6.100053449451171	0.0	2.7054014202259045	0.0	0.0	0.0	0.0	0.0	0.0	0.0
GSM4138110_HNSCC_1_PBMC_TTGCCGTAGTCAAGCG	93.80747137661984	25.320278236062304	45.36497868182501	0.0	70.17700074706416	0.0	0.0	0.0	0.0	0.0	0.0	0.0	0.0	0.0
GSM4138110_HNSCC_1_PBMC_TTGCGTCTCAAGGCTT	0.0	69.45363152618555	0.0	0.0	0.0	95.05539312018136	20.510932163786492	0.0	0.0	59.12035163643736	0.0	0.0	0.0	0.0
GSM4138110_HNSCC_1_PBMC_TTTATGCGTGCATCTA	36.95643924043863	0.0	0.0	0.0	53.65652269968902	0.0	68.87465805183872	0.0	0.0	0.0	0.0	0.0	0.0	0.0
GSM4138110_HNSCC_1_PBMC_TTTGCGCTCTTGTACT	8.166897352916914	19.05520487493106	19.193039336740927	0.0	0.0	78.59773752797005	0.0	66.18768184734876	9.318158261556965	0.0	0.0	0.0	0.0	0.0
GSM4138110_HNSCC_1_PBMC_TTTGGTTCACTTCTGC	0.0	0.0	146.60805412137836	0.0	0.0	108.3750479051539	0.0	13.861812048225731	65.3631145175154	0.0	0.6544760809238955	0.0	0.0	0.0
GSM4138110_HNSCC_1_PBMC_CTACACCAGTTGTAGA	153.93334709039218	73.8431350503198	0.0	0.0	4.328723712690276	121.07284784264868	33.99535228229515	0.0	0.0	0.0	0.0	0.0	0.0	0.0
GSM4138110_HNSCC_1_PBMC_AACTGGTGTCAGAATA	53.29336861672082	56.57261663170287	0.0	16.51819078956132	18.909602676907568	0.0	24.800743317950356	0.0	0.0	0.0	0.0	0.0	0.0	0.0
GSM4138110_HNSCC_1_PBMC_AAACGGGTCCTCAACC	0.0	63.323663899932676	0.0	0.0	0.0	74.74940379213352	0.0	0.0	0.0	49.27748955444135	0.0	0.0	0.0	0.0
GSM4138110_HNSCC_1_PBMC_AAGGCAGAGGCGTACA	57.0820479881598	58.85419587132013	0.0	101.39394394658828	0.0	0.0	20.146911281444037	0.0	0.0	0.0	0.0	0.0	0.0	0.0
GSM4138110_HNSCC_1_PBMC_ACATGGTCAATGGAGC	0.0	96.62514300430057	0.0	0.0	0.0	66.96040305024633	4.805504792636974	55.235288959406176	0.0	0.0	0.0	0.0	0.0	0.0
GSM4138110_HNSCC_1_PBMC_ACGATGTGTTATCACG	49.80916348323097	0.0	42.68831174890886	0.0	0.0	86.83775559798423	10.776789412994667	0.0	0.0	0.0	0.0	0.0	0.0	0.0
GSM4138110_HNSCC_1_PBMC_ACGGCCATCTCCCTGA	100.94857853500086	0.0	90.6565169273068	0.0	123.59564901347292	0.0	0.0	0.0	0.0	0.0	0.0	0.0	0.0	0.0
GSM4138110_HNSCC_1_PBMC_AGCTCTCTCATTGCCC	101.69496525185113	130.66039153120707	0.0	0.0	103.64453633084112	0.0	0.0	0.0	0.0	0.0	0.0	0.0	0.0	0.0
GSM4138110_HNSCC_1_PBMC_AGGTCATTCTCTAGGA	66.49364735906254	0.0	85.41076871788367	0.0	67.20864992732476	0.5887316136593602	0.0	0.0	0.0	0.0	0.0	0.0	0.0	0.0
GSM4138110_HNSCC_1_PBMC_ATAGACCTCTGGTGTA	0.0	0.0	58.507421351123625	0.0	10.201273895250555	49.916968873209235	0.0	0.0	0.0	121.52399034866284	0.0	0.0	0.0	0.0
GSM4138110_HNSCC_1_PBMC_ATAGACCTCTTCCTTC	0.0	0.0	39.7242687555592	62.8321033206858	0.0	0.0	0.0	0.0	0.0	0.0	0.0	0.0	37.58352445539435	0.0
GSM4138110_HNSCC_1_PBMC_ATCTACTCACTGTGTA	84.02213344806088	0.0	82.1858331390642	0.0	45.119300873872575	0.0	0.0	0.0	0.0	0.0	0.0	0.0	0.0	0.0
GSM4138110_HNSCC_1_PBMC_ATCTGCCAGGAATCGC	63.84229892653647	84.66447341463477	0.0	53.75716382561198	0.0	0.0	0.0	0.0	0.0	0.0	0.0	0.0	0.0	0.0
GSM4138110_HNSCC_1_PBMC_ATGGGAGCATGGGAAC	0.0	0.0	267.0653577397382	16.821891916811065	100.83959063139811	0.0	0.0	0.0	147.10097628007904	0.0	0.0	0.0	0.0	0.0
GSM4138110_HNSCC_1_PBMC_ATGTGTGGTAGCTGCC	126.75283880942459	0.0	26.92019545736156	47.1214821853427	0.0	0.0	0.0	0.0	0.0	0.0	0.0	0.0	0.0	0.0
GSM4138110_HNSCC_1_PBMC_CACAAACCATCCCACT	0.0	0.0	72.59327563983916	12.339732422815414	40.05291427154427	45.542133758852245	0.0	0.0	0.0	0.0	63.069376364791985	0.0	0.0	0.0
GSM4138110_HNSCC_1_PBMC_CACCACTAGTTACCCA	74.88011823299797	0.0	0.0	0.0	108.06327596650017	0.0	83.49598339966985	0.0	0.0	0.0	0.0	0.0	0.0	0.0
GSM4138110_HNSCC_1_PBMC_CATGCCTTCAGCTCTC	40.70859793697015	68.48172535515468	38.00958145000162	72.72511498721111	0.0	0.0	0.0	0.0	40.11499274121807	0.0	0.0	0.0	0.0	0.0
GSM4138110_HNSCC_1_PBMC_CATGGCGCATGTTCCC	117.53125714429412	0.0	55.56951607814586	0.0	0.0	76.79337121622919	0.0	0.0	0.0	0.0	0.0	0.0	0.0	0.0
GSM4138110_HNSCC_1_PBMC_CCACCTAGTAGTACCT	0.0	0.0	116.97647888267683	0.0	0.0	70.18592595527348	0.0	0.0	47.40912723887348	0.0	0.0	0.0	0.0	0.0
GSM4138110_HNSCC_1_PBMC_CCGTTCAGTATATCCG	89.62466830810078	70.23777519390045	0.0	76.30379349607686	0.0	0.0	0.0	0.0	0.0	0.0	0.0	0.0	0.0	0.0
GSM4138110_HNSCC_1_PBMC_CCTACACGTCCGAAGA	0.0	0.0	78.36269281892436	0.0	0.0	54.07413505288234	0.0	0.0	0.0	0.0	42.659749184272165	2.258986147968248	0.0	0.0
GSM4138110_HNSCC_1_PBMC_CCTCTGAGTCGCGAAA	0.0	10.16568600112541	97.79898467173257	105.05121043456421	0.0	0.0	0.0	0.0	96.640979767166	0.0	0.0	0.0	0.0	0.0
GSM4138110_HNSCC_1_PBMC_CGCTGGAAGGCATGTG	82.94905269057033	24.60333232421315	0.0	6.391685514220658	24.844633136117434	56.681809734956786	43.046170692041	0.0	0.0	0.0	0.0	0.0	0.0	0.0
GSM4138110_HNSCC_1_PBMC_CGGAGTCTCACAATGC	0.0	84.13920982181735	0.0	7.420192961399919	8.2018129460064	0.0	0.0	0.0	0.0	0.0	73.08819754735941	0.0	0.0	0.0
GSM4138110_HNSCC_1_PBMC_CGGCTAGAGCTACCGC	0.0	0.0	64.00687006289867	0.0	80.17475037825214	0.0	0.0	0.0	49.604188841627845	3.269370070408228	11.100918825708176	0.0	0.0	27.09255769671795
GSM4138110_HNSCC_1_PBMC_CGTTGGGCAAGCCGCT	0.0	51.35226217839083	7.2835838995616085	0.0	0.0	66.15278897983205	0.0	0.0	50.8541634787368	0.0	0.0	0.0	0.0	0.0
GSM4138110_HNSCC_1_PBMC_CTCAGAAGTCCGACGT	0.0	0.0	76.23859513873069	44.88148474254456	6.347238895506274	0.0	0.0	70.52735094248217	0.0	0.0	0.0	0.0	0.0	0.0
GSM4138110_HNSCC_1_PBMC_CTCGTACCACGCGAAA	48.53464359025098	0.0	62.83059963735165	0.0	50.319695376486116	37.338774525706334	0.0	0.0	0.0	0.0	0.0	0.0	0.0	0.0
GSM4138110_HNSCC_1_PBMC_GAAATGAAGAGCCTAG	0.0	0.0	0.0	0.0	15.825277426595786	147.8685275173497	126.57469851646569	0.0	0.0	79.42319828695452	0.0	0.0	0.0	0.0
GSM4138110_HNSCC_1_PBMC_GACGTTATCTAACCGA	50.489879872923254	0.0	74.1136654781038	0.0	66.14078162448129	0.0	0.0	7.782635885643001	0.0	0.0	0.0	0.0	0.0	0.0
GSM4138110_HNSCC_1_PBMC_GACTGCGTCGGCATCG	24.977982527399533	59.80819777142804	0.0	106.20660115434484	0.0	0.0	0.0	0.0	48.30387906868719	0.0	0.0	0.0	0.0	0.0
GSM4138110_HNSCC_1_PBMC_GATGAGGAGGCTAGCA	79.57274993545214	34.85355927093359	0.0	0.0	0.0	56.45133416060553	22.65078111492351	0.0	0.0	0.0	0.0	0.0	0.0	0.0
GSM4138110_HNSCC_1_PBMC_GATTCAGCACCACGTG	70.83454369338965	0.0	32.144566041523206	23.015422218667943	64.1422865459774	0.0	0.0	0.0	0.0	0.0	0.0	0.0	0.0	0.0
GSM4138110_HNSCC_1_PBMC_GCAATCAGTAGCTCCG	56.51915541425997	0.0	51.422765810039635	34.54321496338842	0.0	0.0	0.0	0.0	0.0	0.0	0.0	0.0	0.0	0.0
GSM4138110_HNSCC_1_PBMC_GCGACCAGTAGCCTAT	0.0	0.0	95.16311056345468	0.0	0.0	173.21382804913083	0.0	0.0	0.0	51.63098650722032	0.0	0.0	0.0	0.0
GSM4138110_HNSCC_1_PBMC_GCTTCCATCTCATTCA	0.0	94.73686064174647	0.0	51.158670004076015	0.0	0.0	4.129366810226676	62.81629237256342	0.0	0.0	0.0	0.0	0.0	0.0
GSM4138110_HNSCC_1_PBMC_GCTTGAAAGACCTTTG	30.85574664046488	20.202344576251786	0.0	0.0	0.0	65.21416587417151	27.31665853774692	22.176912727524858	0.0	0.0	0.0	0.0	0.0	0.0
GSM4138110_HNSCC_1_PBMC_GGACAAGGTAATTGGA	0.0	0.0	55.45976245126855	139.8907928622945	0.0	0.0	0.0	0.0	0.0	0.0	65.95399633793858	0.0	0.0	0.0
GSM4138110_HNSCC_1_PBMC_GGCGTGTAGCACGCCT	43.88693809678401	50.61519306520605	0.0	22.2231667520589	0.0	0.0	5.8383818685770725	0.0	0.0	0.0	0.0	20.44605149725887	0.0	0.0
GSM4138110_HNSCC_1_PBMC_GGCGTGTAGCGTTTAC	0.0	13.681435839862209	0.0	67.86357686731739	0.0	0.0	32.71763379679698	35.04469719777441	0.0	0.0	0.0	0.0	0.0	0.0
GSM4138110_HNSCC_1_PBMC_GGCTGGTCAATGGACG	30.09132427309424	0.0	56.58354802124608	0.0	116.61464271762036	0.0	0.0	0.0	0.0	0.0	95.51404957137504	0.0	0.0	0.0
GSM4138110_HNSCC_1_PBMC_GGGAATGTCAGCTGGC	0.0	0.0	109.37018418087435	0.0	0.0	65.64450308556245	0.0	0.0	18.432748594503636	63.43878396553862	0.0	0.0	0.0	0.0
GSM4138110_HNSCC_1_PBMC_GGGTTGCAGATCGGGT	58.49608689194462	0.0	81.75872426945242	0.0	40.44742778157701	0.0	0.0	0.0	0.0	0.0	0.0	0.0	0.0	0.0
GSM4138110_HNSCC_1_PBMC_GGTATTGCACATTAGC	0.0	0.0	25.33726770810853	42.55161145317774	0.0	0.0	0.0	64.58154270093542	0.0	0.0	0.0	0.0	0.0	0.0
GSM4138110_HNSCC_1_PBMC_GGTGTTAGTGTGACCC	77.25041102058367	0.0	49.86956105568386	0.0	51.80110055780727	0.0	0.0	0.0	0.0	0.0	0.0	0.0	0.0	0.0
GSM4138110_HNSCC_1_PBMC_GTCACAAGTATCACCA	73.48565459664354	0.0	87.95050038128082	49.441129018874804	0.0	0.0	0.0	0.0	0.0	0.0	0.0	5.670565183785297	0.0	0.0
GSM4138110_HNSCC_1_PBMC_GTCACAATCGCAAGCC	59.89575554302571	57.14129637444176	0.0	0.0	41.20690735750732	0.0	0.0	17.64676126965237	0.0	0.0	0.0	0.0	0.0	0.0
GSM4138110_HNSCC_1_PBMC_GTCACGGCAAGCTGGA	0.0	0.0	42.38371475061198	43.7181181097871	0.0	0.0	0.0	0.0	34.862389467891624	0.0	115.3695160841933	0.0	0.0	0.0
GSM4138110_HNSCC_1_PBMC_GTCGTAAAGGCATGTG	90.10211061248889	198.64379163517384	0.0	69.78102567303044	86.99622719107025	0.0	0.0	0.0	0.0	0.0	0.0	0.0	0.0	0.0
GSM4138110_HNSCC_1_PBMC_GTCGTAATCTTGCAAG	0.0	0.0	22.94499613468943	44.30723058573928	0.0	0.0	32.218272620089444	0.0	0.0	0.0	54.08740733562991	0.0	0.0	0.0
GSM4138110_HNSCC_1_PBMC_GTCTCGTCATGCGCAC	75.2121545420055	0.0	71.90380438998267	0.0	19.574021479051268	17.332318634147754	0.0	0.0	0.0	5.6279813225821815	0.0	0.0	0.0	0.0
GSM4138110_HNSCC_1_PBMC_GTGAAGGCACATTTCT	67.95483334422185	0.0	115.95154858810241	0.0	63.17385510050847	0.0	0.0	0.0	0.0	0.0	0.0	0.0	0.0	0.0
GSM4138110_HNSCC_1_PBMC_GTGCAGCAGACCGGAT	103.08765002594397	0.0	94.63354932581578	109.08912699175913	0.0	0.0	0.0	0.0	0.0	0.0	0.0	0.0	0.0	0.0
GSM4138110_HNSCC_1_PBMC_GTTAAGCTCATACGGT	66.40567793006296	44.79422468113322	0.0	0.0	0.0	74.10774948474403	0.0	0.0	0.0	0.0	0.0	0.0	0.0	0.0
GSM4138110_HNSCC_1_PBMC_TAAACCGAGGGTCGAT	11.40251237235165	68.41132824663086	0.0	11.130634069946506	43.488794397960014	0.0	5.632157470358165	54.4586682124703	0.0	0.0	0.0	0.0	0.0	0.0
GSM4138110_HNSCC_1_PBMC_TACCTTAAGGCTCTTA	0.0	0.0	92.14691262388294	13.69572891516776	43.64439209770646	50.62777740438336	0.0	0.0	0.0	58.84798537590342	0.0	0.0	0.0	0.0
GSM4138110_HNSCC_1_PBMC_TAGAGCTTCGTTGCCT	0.0	0.0	144.4041336288631	0.0	18.535056032348454	111.47710470166265	0.0	0.0	89.60973681902439	0.0	0.0	0.0	0.0	0.0
GSM4138110_HNSCC_1_PBMC_TAGGCATTCCCAGGTG	100.77766737256516	0.0	0.0	0.0	0.0	0.0	39.72293264702343	0.0	0.0	0.0	0.0	52.50250920596371	0.0	0.0
GSM4138110_HNSCC_1_PBMC_TCACAAGCACATCCGG	47.90795757611383	0.0	51.49894665984906	55.81537657523628	0.0	0.0	0.0	40.330356129397344	0.0	0.0	0.0	0.0	0.0	0.0
GSM4138110_HNSCC_1_PBMC_TCAGCTCCATGACGGA	2.539538552722537	0.0	35.55697650127174	23.137526617290447	0.0	0.0	0.0	34.67721939970493	0.0	0.0	0.0	78.33024540502913	0.0	0.0
GSM4138110_HNSCC_1_PBMC_TCGAGGCTCCAGGGCT	0.0	0.0	59.55523224225977	0.0	12.910652399331711	60.25241238502554	0.0	0.0	44.43153522768472	0.0	0.0	0.0	0.0	0.0
GSM4138110_HNSCC_1_PBMC_TCTATTGCAGTCAGCC	0.0	0.0	64.88400630798068	0.0	96.05982653272383	0.0	0.0	0.0	56.57633655155345	16.491291006244694	0.0	0.0	0.0	0.0
GSM4138110_HNSCC_1_PBMC_TCTCTAAGTGGTAACG	142.38738502826277	103.47036323112924	0.0	0.0	0.0	101.452963084839	0.0	0.0	0.0	0.0	0.0	0.0	0.0	0.0
GSM4138110_HNSCC_1_PBMC_TCTGAGATCTAGCACA	57.842036384486256	0.0	0.0	84.70371646236914	0.0	0.0	47.368575066290234	0.0	0.0	0.0	0.0	0.0	0.0	0.0
GSM4138110_HNSCC_1_PBMC_TCTTTCCCACTGAAGG	0.0	82.69357843906337	30.95483607799991	0.0	0.0	95.7810978007659	0.0	0.0	125.18403029918109	0.0	0.0	0.0	0.0	0.0
GSM4138110_HNSCC_1_PBMC_TGACAACGTCATCCCT	102.93504801839367	0.0	0.0	73.83951774162563	0.0	0.0	116.82920965517954	0.0	0.0	0.0	0.0	0.0	0.0	0.0
GSM4138110_HNSCC_1_PBMC_TGAGCCGAGATGAGAG	0.0	49.60944015650188	0.0	42.95144957499904	29.88014024171998	0.0	9.001903980444343	0.0	72.46606752812559	0.0	0.0	0.0	0.1892124762861253	0.0
GSM4138110_HNSCC_1_PBMC_TGCGGGTTCTGATTCT	0.0	0.0	66.82010486087059	8.981764120420388	0.0	53.81071285625768	0.0	0.0	35.01953955891612	0.0	0.0	0.0	0.0	0.0
GSM4138110_HNSCC_1_PBMC_TGGCTGGGTTCCAACA	0.0	0.0	0.0	73.47527946068325	0.0	0.0	88.79913931754048	79.91681242594329	0.0	0.0	0.0	0.0	0.0	0.0
GSM4138110_HNSCC_1_PBMC_TGTATTCGTGGCTCCA	0.0	33.77206442329656	49.923984473512085	87.91017479194743	0.0	0.0	0.0	0.0	95.40033677260432	74.40936584427733	0.0	0.0	0.0	0.0
GSM4138110_HNSCC_1_PBMC_TGTGGTAAGTATGACA	46.011785343674525	0.0	66.68895567980934	14.666541003533405	52.158132287870494	0.0	0.0	28.490710746239916	0.0	0.0	0.0	0.0	0.0	0.0
GSM4138110_HNSCC_1_PBMC_TTCCCAGGTCACTGGC	35.822689415709384	38.22207717371724	0.0	7.141102807681616	49.07507826792526	0.0	0.0	0.0	0.0	27.392069051335874	0.0	0.0	0.0	0.0
GSM4138110_HNSCC_1_PBMC_TTCGGTCCACCTCGGA	0.0	0.0	0.0	0.0	2.056504104842343	64.92131108306637	68.48197166775977	0.0	0.0	47.25526441910364	0.0	0.0	0.0	0.0
GSM4138110_HNSCC_1_PBMC_TTCTACATCCTTCAAT	70.32650681333944	0.0	64.19829243488415	0.0	0.0	52.96068317488257	0.0	0.0	0.0	0.0	0.0	0.0	0.0	0.0
GSM4138110_HNSCC_1_PBMC_AAAGTAGTCGGCATCG	106.29408527970357	212.15817973307279	0.0	229.08885938770572	0.0	0.0	28.936341873145153	141.84068357901856	0.0	0.0	0.0	0.0	0.0	0.0
GSM4138110_HNSCC_1_PBMC_ACACTGATCGTACCGG	127.59188183583896	84.48135453710081	0.0	176.2575239935681	0.0	0.0	23.450064793202454	0.0	0.0	0.0	0.0	0.0	0.0	0.0
GSM4138110_HNSCC_1_PBMC_ACAGCTATCAGCACAT	238.0689002875214	0.0	179.71889396987643	39.25045868414361	150.57924471981235	0.0	0.0	0.0	0.0	0.0	0.0	0.0	0.0	0.0
GSM4138110_HNSCC_1_PBMC_ACTGAACGTTATTCTC	222.55607508395644	119.61360541873377	0.0	0.0	0.0	181.1968102348624	37.86501154145688	0.0	0.0	0.0	0.0	0.0	0.0	0.0
GSM4138110_HNSCC_1_PBMC_ACTGAGTTCAGGTAAA	27.038002097206405	123.39095569898927	0.0	0.0	160.09590695388502	0.0	11.972283557299642	159.42401262391542	0.0	0.0	0.0	0.0	0.0	0.0
GSM4138110_HNSCC_1_PBMC_ACTGCTCCAACCGCCA	152.44903710355896	103.49456741302991	0.0	116.92055907016203	50.44447829949662	0.0	28.43792280243533	0.0	0.0	0.0	0.0	0.0	0.0	0.0
GSM4138110_HNSCC_1_PBMC_ACTTACTAGTGGAGAA	0.0	0.0	231.15093911377292	246.38327217065537	0.0	0.0	0.0	254.83410649420406	0.0	0.0	0.0	0.0	0.0	0.0
GSM4138110_HNSCC_1_PBMC_ACTTGTTCAGTTCATG	311.7995489948909	260.682299118832	0.0	0.0	280.3016003233733	74.83480255546148	0.0	0.0	0.0	0.0	0.0	0.0	0.0	0.0
GSM4138110_HNSCC_1_PBMC_AGAGTGGCAGGGATTG	123.08410395794503	172.1647716408938	0.0	171.29902703920322	0.0	0.0	0.0	10.245463271324308	0.0	0.0	0.0	0.0	0.0	0.0
GSM4138110_HNSCC_1_PBMC_AGATCTGGTGATAAGT	99.2210943105917	0.0	91.49374813182462	0.0	149.26438658761066	0.0	68.85219764733276	0.0	0.0	0.0	0.0	0.0	0.0	0.0
GSM4138110_HNSCC_1_PBMC_AGATTGCGTATAGGGC	77.6960396198869	21.442382217012018	195.92298704988337	59.41366882195318	200.67166246088306	0.0	0.0	120.77907479556362	0.0	0.0	0.0	0.0	0.0	0.0
GSM4138110_HNSCC_1_PBMC_AGCGGTCCATGCTGGC	0.0	0.0	0.0	98.40115986965735	59.22760639397511	0.0	293.4343364001541	0.0	95.53752826581592	16.041984572301264	0.0	0.0	0.0	0.0
GSM4138110_HNSCC_1_PBMC_AGGCCACTCAGCGATT	130.01528201230244	171.60913970637267	0.0	127.2514710511581	13.836061776668975	0.0	0.0	26.671927133968698	0.0	0.0	0.0	0.0	0.0	0.0
GSM4138110_HNSCC_1_PBMC_AGTAGTCCACAGTCGC	56.78229503028317	0.0	208.9714477368687	0.0	201.73962693402552	0.0	0.0	268.1565787888422	0.0	0.0	0.0	0.0	0.0	0.0
GSM4138110_HNSCC_1_PBMC_AGTGTCATCCCTAATT	157.3690902464507	131.2151519820711	0.0	174.4475150431749	0.0	0.0	0.0	0.0	0.0	0.0	0.0	0.0	0.0	0.0
GSM4138110_HNSCC_1_PBMC_ATCCACCGTGGTTTCA	0.0	111.29583170791022	0.0	281.5780007543024	39.291687827215576	0.0	206.0172348518341	0.0	425.484874524869	0.0	0.0	0.0	0.0	0.0
GSM4138110_HNSCC_1_PBMC_ATCGAGTGTACTTAGC	59.03055150606961	170.46443375394696	67.46576492981985	183.06428657805805	0.0	0.0	0.0	196.44037740627977	0.0	0.0	0.0	0.0	0.0	0.0
GSM4138110_HNSCC_1_PBMC_CAACTAGTCTTGAGAC	51.70781907536666	62.94293990743365	0.0	139.08187398771244	0.0	0.0	121.7947855465296	122.47206886056006	0.0	0.0	0.0	0.0	0.0	0.0
GSM4138110_HNSCC_1_PBMC_CAAGGCCTCTAGCACA	106.66418282643045	125.37962094501036	4.03326186401339	81.47917410031302	18.72325866741036	0.0	0.0	0.0	0.0	0.0	0.0	0.0	0.0	0.0
GSM4138110_HNSCC_1_PBMC_CACAAACAGGCTACGA	213.02254391497667	147.66247074741608	0.0	0.0	132.73797029631334	70.47964974450143	0.0	0.0	0.0	0.0	0.0	0.0	0.0	0.0
GSM4138110_HNSCC_1_PBMC_CACATTTTCATTGCGA	228.05626750242067	125.93114929213748	0.0	134.3669882104273	2.7367412018521176	0.0	0.0	0.0	0.0	0.0	0.0	0.0	0.0	0.0
GSM4138110_HNSCC_1_PBMC_CAGAGAGTCAGTTAGC	183.52019587127168	0.0	189.64719578033208	0.0	238.3092370381965	0.0	0.0	0.0	0.0	0.0	0.0	0.0	0.0	0.0
GSM4138110_HNSCC_1_PBMC_CAGCTGGGTCTCCACT	0.0	0.0	0.0	179.38827671547895	0.0	0.0	168.1831769646496	235.55479964975834	0.0	0.0	0.0	14.544035675289628	0.0	0.0
GSM4138110_HNSCC_1_PBMC_CAGCTGGGTGTTTGTG	128.78298544318037	142.21160234762908	0.0	0.0	171.3616458720927	0.0	0.0	0.0	0.0	0.0	0.0	0.0	0.0	0.0
GSM4138110_HNSCC_1_PBMC_CATATGGCAGGACGTA	164.4616656763959	273.21811728982317	0.0	158.10843152361252	0.0	0.0	6.4041014545734125	0.0	0.0	0.0	0.0	0.0	0.0	0.0
GSM4138110_HNSCC_1_PBMC_CATATTCTCCACGTTC	19.445353586170505	55.85319905919667	0.0	142.27560424588782	0.0	0.0	135.2667879493041	123.23232180060015	0.0	0.0	0.0	0.0	0.0	0.0
GSM4138110_HNSCC_1_PBMC_CCAATCCCACGACTCG	127.6072593452507	0.0	95.96249187727791	23.798952565658112	0.0	101.0534246027517	0.0	0.0	0.0	0.0	0.0	0.0	0.0	0.0
GSM4138110_HNSCC_1_PBMC_CCTACCAGTCGGCTCA	71.6284349221684	173.14296147767973	0.0	126.2260651483159	98.55632353676388	0.0	0.0	0.0	154.70346526852262	0.0	0.0	0.0	0.0	0.0
GSM4138110_HNSCC_1_PBMC_CGAACATCAAGTTAAG	187.87765485060137	225.81395388792504	0.0	209.63454284914715	0.0	0.0	0.0	5.610391413411289	0.0	0.0	0.0	0.0	0.0	0.0
GSM4138110_HNSCC_1_PBMC_CGACCTTCATTACGAC	8.951569561971533	0.0	78.33547667101443	99.05688659522593	2.6223058477474432e-05	0.0	0.0	89.62438392468462	0.0	0.0	0.0	0.0	0.0	0.0
GSM4138110_HNSCC_1_PBMC_CGAGCACCATATACGC	0.0	198.7806497071516	0.0	0.0	7.40511132281779	226.83279989265685	78.39930079658522	72.71146775380777	0.0	191.413511072612	0.0	0.0	0.0	0.0
GSM4138110_HNSCC_1_PBMC_CGATCGGCAACGATCT	198.90059752817106	160.371475113014	0.0	0.0	177.45743530788934	0.0	0.0	0.0	0.0	0.0	0.0	0.0	0.0	0.0
GSM4138110_HNSCC_1_PBMC_CGATCGGGTTTGGGCC	0.0	154.77391551616293	0.0	135.93289095918084	0.0	0.0	27.37631761742677	0.0	98.2602063882668	0.0	113.21703288517607	0.0	0.0	0.0
GSM4138110_HNSCC_1_PBMC_CGCTATCCACCGAATT	194.25187781529644	255.57776339889526	0.0	0.0	254.64675419392964	0.0	0.0	0.0	0.0	0.0	0.0	0.0	0.0	0.0
GSM4138110_HNSCC_1_PBMC_CGGAGCTGTCGAACAG	239.91846413372772	0.0	92.07813928733894	78.66713835688232	183.19837363086253	0.0	86.63958929260028	0.0	0.0	0.0	0.0	0.0	0.0	0.0
GSM4138110_HNSCC_1_PBMC_CGTTCTGGTCTAAACC	0.0	0.0	167.1666705095275	188.68880373833179	0.0	0.0	0.0	228.92252934357856	0.0	0.0	0.0	0.0	0.0	0.0
GSM4138110_HNSCC_1_PBMC_CGTTGGGGTGTGTGCC	110.84771794495285	134.91019065991	0.0	99.54628167563187	11.61237516768829	28.09962093171893	0.0	0.0	0.0	0.0	0.0	0.0	0.0	0.0
GSM4138110_HNSCC_1_PBMC_CTAATGGCACACATGT	10.46585966933585	155.57109772304125	0.0	0.0	155.37344889793795	0.0	0.0	176.6631699999881	0.0	0.0	0.0	0.0	0.0	0.0
GSM4138110_HNSCC_1_PBMC_CTACCCAGTTACCGAT	136.43364448386217	70.76805965196844	0.0	219.41537525269186	0.0	0.0	117.71559591005465	100.17912253415854	0.0	0.0	0.0	0.0	0.0	0.0
GSM4138110_HNSCC_1_PBMC_CTAGAGTCATCGGACC	222.0205365543121	0.0	0.0	0.0	155.32284371166156	0.0	124.10665892496085	0.0	0.0	0.0	0.0	0.0	17.330781335977438	0.0
GSM4138110_HNSCC_1_PBMC_CTCTGGTGTGTTCGAT	0.0	29.788292298505112	0.0	109.87509409054925	11.035727408746615	0.0	162.9631764160679	0.0	24.15198473016441	0.0	125.33686660518573	0.0	0.0	0.0
GSM4138110_HNSCC_1_PBMC_CTGATAGCATCAGTCA	105.81313901802199	38.77087483201113	0.0	5.88153062568602	106.76965090355931	0.0	85.42069499828332	83.098832019635	0.0	0.0	0.0	0.0	0.0	0.0
GSM4138110_HNSCC_1_PBMC_CTGTTTACAATGTAAG	98.90728301051931	77.6460206360168	0.0	113.02900393771081	155.0567004686733	0.0	98.01097724215072	0.0	0.0	122.7974949046108	0.0	0.0	0.0	0.0
GSM4138110_HNSCC_1_PBMC_GAACCTATCTCTGTCG	93.33613067068964	101.97088371770568	0.0	0.0	0.0	98.93109205997457	0.0	0.0	0.0	0.0	0.0	0.0	0.0	0.0
GSM4138110_HNSCC_1_PBMC_GATCGCGTCAGGCGAA	138.61495948720213	134.03309548830092	0.0	0.0	95.3487514543074	14.12505612771907	0.0	0.0	0.0	0.0	0.0	0.0	0.0	0.0
GSM4138110_HNSCC_1_PBMC_GATCTAGCATACAGCT	0.0	0.0	143.24948098403078	341.62886302956775	0.0	0.0	0.0	187.59584372819188	0.0	0.0	0.0	0.0	0.0	0.0
GSM4138110_HNSCC_1_PBMC_GATGAAAGTAGAAGGA	0.0	18.259012834462194	0.0	105.4919455640463	0.0	0.0	81.98746695795127	0.0	93.17359070163911	0.0	0.0	0.0	0.0	0.0
GSM4138110_HNSCC_1_PBMC_GATGAAAGTCACCCAG	72.08550371853062	170.59065588739398	0.0	0.0	0.0	217.37940795781228	0.0	0.0	0.0	195.29101458175404	10.453325212214816	0.0	0.0	0.0
GSM4138110_HNSCC_1_PBMC_GCATACACATCTGGTA	120.24633859680979	0.0	264.88879206060085	330.1994764425492	27.643270231676127	0.0	0.0	163.12116067462293	0.0	0.0	0.0	0.0	0.0	0.0
GSM4138110_HNSCC_1_PBMC_GCGAGAATCGCACTCT	114.22432006253646	46.149399997370935	149.60178196331395	274.5138148791561	0.0	0.0	0.0	161.9201762896426	0.0	0.0	0.0	0.0	0.0	0.0
GSM4138110_HNSCC_1_PBMC_GCGCGATAGGAGCGTT	155.89319011249984	94.16292014745811	0.0	0.0	71.0468497598203	0.0	0.0	0.0	0.0	0.0	0.0	0.0	0.0	0.0
GSM4138110_HNSCC_1_PBMC_GCTCTGTTCAGTTTGG	9.285419886957738	0.0	0.0	32.647472307125284	85.60418370080522	0.0	111.29672139730178	0.0	100.19349189230036	0.0	0.0	0.0	31.620884191226878	0.0
GSM4138110_HNSCC_1_PBMC_GCTGCGAGTCTAGTCA	186.27000709795814	68.58000725888044	0.0	229.86836199656796	0.0	0.0	32.51456431152129	2.5605922885885404	0.0	0.0	0.0	0.0	0.0	0.0
GSM4138110_HNSCC_1_PBMC_GGCTCGATCAGGCGAA	158.58879981079969	0.0	0.0	0.0	136.0703975691981	0.0	113.88451016661054	0.0	0.0	0.0	0.0	0.0	0.0	0.0
GSM4138110_HNSCC_1_PBMC_GGGAATGTCTTCCTTC	2679.4515712014377	0.0	0.0	0.0	0.0	0.0	0.0	0.0	489.57109475000146	6.0212981059062045	264.4016156476282	0.0	8.483276267245595	0.0
GSM4138110_HNSCC_1_PBMC_GGGCACTTCGTAGGTT	213.16171086283987	0.0	127.7698828651084	0.0	154.73702272295654	0.0	0.0	0.0	0.0	0.0	0.0	0.0	0.0	0.0
GSM4138110_HNSCC_1_PBMC_GTAGGCCAGTACTTGC	195.3588520184634	137.32176053771485	0.0	170.1572836400158	21.33548081736516	0.0	0.6978821618082075	0.0	0.0	0.0	0.0	0.0	0.0	0.0
GSM4138110_HNSCC_1_PBMC_GTCACAATCTATCGCC	187.15925715276614	61.31024486384623	0.0	11.59728336317907	0.0	182.30680149148452	149.38719498824491	14.249226026101548	0.0	0.0	0.0	0.0	0.0	0.0
GSM4138110_HNSCC_1_PBMC_GTCTCGTAGTAGCGGT	136.67099808847652	151.00808881824392	0.0	134.19977962638933	0.0	0.0	0.0	0.0	0.0	0.0	0.0	0.0	0.0	0.0
GSM4138110_HNSCC_1_PBMC_GTGCAGCTCTGTCTAT	368.76878450409487	0.0	200.04780405247575	281.13937747499835	0.0	0.0	0.0	0.0	0.0	0.0	0.0	0.0	0.0	0.0
GSM4138110_HNSCC_1_PBMC_GTGCATAGTACGCTGC	0.0	80.12000993170297	0.0	153.74450170779045	0.25762539565961684	0.0	56.974481207165304	190.69682229436486	0.0	0.0	0.0	0.0	0.0	0.0
GSM4138110_HNSCC_1_PBMC_GTGCTTCAGTACGATA	170.32887793867954	0.0	144.75872595641044	0.0	0.0	201.3898166361913	0.0	0.0	0.0	0.0	0.0	0.0	0.0	0.0
GSM4138110_HNSCC_1_PBMC_TACAGTGCAATGACCT	58.59761215658717	58.9970932019821	0.0	0.0	147.1657550841351	0.0	90.10268310444025	72.74463196192336	0.0	0.0	0.0	0.0	0.0	0.0
GSM4138110_HNSCC_1_PBMC_TACTCATAGATCACGG	0.0	178.34157152229218	0.0	174.62244478542866	4.778044092783665	0.0	0.0	0.0	177.60736790587956	0.0	64.87468504727951	0.0	0.0	0.0
GSM4138110_HNSCC_1_PBMC_TACTCGCGTAAGGATT	196.50148215947195	0.0	0.0	0.0	249.5409908665642	0.0	148.61637541681407	0.0	0.0	0.0	0.0	0.0	0.0	0.0
GSM4138110_HNSCC_1_PBMC_TACTTGTCAAGTTAAG	247.49425363754855	200.9499333689291	0.0	211.2745045554197	0.0	0.0	0.0	0.0	0.0	0.0	0.0	0.0	0.0	0.0
GSM4138110_HNSCC_1_PBMC_TATCTCAAGGTGTGGT	158.9925646160845	99.18853325972209	0.0	0.0	121.66015950687698	0.0	27.357807490853837	0.0	0.0	0.0	0.0	0.0	0.0	0.0
GSM4138110_HNSCC_1_PBMC_TCAGCTCCACCCATTC	207.63645803320787	245.07564364904658	0.0	0.0	267.59836965933187	0.0	0.0	0.0	0.0	0.0	0.0	0.0	0.0	0.0
GSM4138110_HNSCC_1_PBMC_TCGCGTTCAGCTGCTG	155.4821874468476	0.0	0.0	0.0	102.1677503164625	72.77733841438267	98.8241301135773	0.0	0.0	0.0	0.0	0.0	0.0	0.0
GSM4138110_HNSCC_1_PBMC_TCGGGACAGCTAGTTC	204.5671175917645	0.0	146.99998633414523	0.0	201.75576629019295	0.0	0.0	0.0	0.0	0.0	0.0	0.0	0.0	0.0
GSM4138110_HNSCC_1_PBMC_TCTTCGGAGTCATCCA	192.27632854464704	155.84270095579436	0.0	10.827584116024463	177.09620469859186	0.0	6.134468420717072	0.0	0.0	0.0	0.0	0.0	0.0	0.0
GSM4138110_HNSCC_1_PBMC_TGAGAGGGTCCCTACT	0.0	136.13812877803636	0.0	0.0	148.1924841865256	0.0	213.2753167554019	0.0	221.23686735541685	67.09791819798862	0.0	0.0	0.0	0.0
GSM4138110_HNSCC_1_PBMC_TGATTTCGTTAAAGTG	229.8710788192902	24.29433311690693	13.151233064382936	255.75173130329742	44.53717637646703	0.0	146.30716476905425	0.0	0.0	0.0	0.0	0.0	0.0	0.0
GSM4138110_HNSCC_1_PBMC_TGCCAAATCATGTCCC	0.0	0.0	0.0	149.02248591117421	34.47484964542823	0.0	188.89664644201605	25.232630788634673	0.0	0.0	50.90605742488182	0.0	100.38638314471926	0.0
GSM4138110_HNSCC_1_PBMC_TGTATTCAGAATGTTG	0.0	190.9955518480497	0.0	277.09543285727074	0.0	0.0	12.697597073779509	0.0	158.19710033294027	0.0	0.0	0.0	0.0	0.0
GSM4138110_HNSCC_1_PBMC_TGTCCCAGTTCAGGCC	196.47167686986666	0.0	93.92929374813738	0.0	51.18572065366604	96.16416789241622	0.0	0.0	0.0	0.0	0.0	0.0	0.0	0.0
GSM4138110_HNSCC_1_PBMC_TTGCCGTCAATAGCGG	228.57017011415718	0.0	169.5838002254112	186.04817102798899	0.0	0.0	0.0	0.0	0.0	0.0	0.0	0.0	0.0	0.0
GSM4138110_HNSCC_1_PBMC_TTTATGCAGACTGGGT	142.98402227822731	0.0	69.36864523982985	0.0	0.0	150.88874780905425	47.28334937866796	0.0	0.0	0.0	0.0	0.0	0.0	0.0
GSM4138110_HNSCC_1_PBMC_AACGTTGAGTTTAGGA	45.38155481899311	0.0	115.00993683920727	0.0	91.92041878245166	0.0	0.0	0.5532010616065581	74.75943971067328	0.0	0.0	0.0	0.0	0.0
GSM4138110_HNSCC_1_PBMC_AAGGCAGCAATCACAC	0.0	0.0	0.0	0.0	140.3390834911274	44.55260609853121	75.08340338472603	0.0	0.0	90.2087053684488	0.0	0.0	0.0	0.0
GSM4138110_HNSCC_1_PBMC_ACTGATGTCAATAAGG	0.0	0.0	68.44279603327207	0.0	0.0	16.71959369209319	0.0	58.16365370161556	0.0	0.0	0.0	50.77307525042059	0.0	0.0
GSM4138110_HNSCC_1_PBMC_AGCAGCCAGGCCCTCA	91.5826947032965	0.0	141.57730737413246	16.845813993760455	55.85951547174532	0.0	0.0	0.0	0.0	0.0	0.0	0.0	0.0	0.0
GSM4138110_HNSCC_1_PBMC_CATATTCCATATGAGA	0.0	110.23298658625549	0.0	0.0	120.28646681363666	0.0	0.0	0.0	102.9837838190452	0.0	0.0	0.0	0.0	0.0
GSM4138110_HNSCC_1_PBMC_CCTCAGTCAACTGCGC	40.22405200934462	132.53215833271437	0.0	0.0	22.485658017046745	52.1869659569229	0.0	0.0	0.0	0.0	0.0	0.0	0.0	0.0
GSM4138110_HNSCC_1_PBMC_CGGTTAACACCTCGTT	69.67961497648525	43.3460433473324	0.0	0.0	54.9730970722028	0.0	24.214410007919753	0.0	0.0	0.0	0.0	0.0	0.0	0.0
GSM4138110_HNSCC_1_PBMC_CGTGTAATCTCCAGGG	41.87982116970719	0.0	0.0	0.0	73.18414343826984	0.0	65.40119204316447	0.0	0.0	0.0	0.0	0.0	0.0	0.0
GSM4138110_HNSCC_1_PBMC_CGTTGGGTCAGTGCAT	95.8697239476864	0.0	86.25335324654534	61.40060077273727	1.4532289763586936	0.0	0.0	0.0	0.0	0.0	0.0	0.0	0.0	0.0
GSM4138110_HNSCC_1_PBMC_CTAGAGTAGCTATGCT	108.47156243259089	130.73156802681544	0.0	20.354874481619618	0.0	55.29676607866634	0.0	0.0	0.0	0.0	0.0	43.939499543782006	0.0	0.0
GSM4138110_HNSCC_1_PBMC_GCATACATCGTTACAG	51.122715391140076	0.0	71.60284495371754	71.00579875693309	1.5723621048525198	0.0	0.0	0.0	0.0	0.0	0.0	0.0	0.0	0.0
GSM4138110_HNSCC_1_PBMC_AAACGGGCAGTATCTG	0.0	72.72961662349233	0.0	74.66914488654777	0.0	0.0	0.0	0.0	0.0	0.0	77.80389014557257	0.0	0.0	0.0
GSM4138110_HNSCC_1_PBMC_AAAGATGTCTGATTCT	101.84085786912027	0.0	125.92566101776703	0.0	0.0	103.02234084438615	0.0	0.0	0.0	0.0	0.0	0.0	0.0	0.0
GSM4138110_HNSCC_1_PBMC_AAAGTAGGTAGCGCTC	97.06758446368912	42.730898925795415	15.243546856586773	0.0	59.48042822560901	0.0	0.0	0.0	0.0	0.0	0.0	0.0	0.0	9.201442229481938
GSM4138110_HNSCC_1_PBMC_AACTCAGGTGGTCTCG	52.13657246862344	0.0	0.0	0.0	81.44299124574343	0.0	98.92273997608535	0.0	0.0	0.0	0.0	0.0	0.0	0.0
GSM4138110_HNSCC_1_PBMC_AACTCCCTCCAATGGT	21.219653461177728	140.91432213340246	0.0	87.40605063029727	0.0	0.0	0.0	85.20060021035478	0.0	0.0	0.0	0.0	0.0	0.0
GSM4138110_HNSCC_1_PBMC_AACTCTTAGTGGGTTG	52.558223427976344	0.0	0.0	0.0	4.742843478220301	92.86869036885004	98.2318556880489	1.9348891801464538	31.48278331767918	0.0	0.0	0.0	0.0	0.0
GSM4138110_HNSCC_1_PBMC_AACTCTTGTCACACGC	71.52946095926708	21.465231271584855	0.0	0.0	0.0	31.245973254299688	50.50153285378044	0.0	0.0	0.0	0.0	0.0	0.0	0.0
GSM4138110_HNSCC_1_PBMC_AACTTTCAGAAGGTTT	75.60615509299164	0.0	85.45648856637065	0.0	0.0	129.59201027233718	0.0	0.0	0.0	0.0	0.0	0.0	0.0	0.0
GSM4138110_HNSCC_1_PBMC_AAGGAGCTCCTTTCGG	0.6157873253760173	117.45710951445875	0.0	0.0	0.0	159.86164335598326	0.0	0.0	0.0	0.0	94.36388728748129	0.0	0.0	0.0
GSM4138110_HNSCC_1_PBMC_AATCCAGAGTGCTGCC	0.0	56.79387199388642	0.0	0.0	47.93902389628168	81.96629504138679	50.68713352264803	0.0	0.0	0.0	0.0	0.0	88.31218017107517	0.0
GSM4138110_HNSCC_1_PBMC_AATCGGTGTCTAGCCG	20.91751432296161	136.66791889603135	0.0	0.0	87.26596122118518	0.0	0.0	105.29485019429768	0.0	0.0	0.0	0.0	0.0	0.0
GSM4138110_HNSCC_1_PBMC_ACACCCTCATCTACGA	0.0	0.0	0.0	14.534362287925719	12.965812050392646	48.4510409997313	84.83856688184406	0.0	0.0	0.0	65.29167702652465	0.0	0.0	0.0
GSM4138110_HNSCC_1_PBMC_ACACCGGCACCATGTA	0.0	0.0	244.45778723855128	0.0	0.0	0.0	0.0	0.0	83.970893421124	0.0	0.0	249.99819520211628	91.52012090536913	0.0
GSM4138110_HNSCC_1_PBMC_ACATCAGAGCGTTCCG	81.4942375387749	0.0	149.42895083095192	0.0	0.0	148.11022994344998	0.0	0.0	0.0	0.0	0.0	0.0	107.42726517918247	18.842495342140854
GSM4138110_HNSCC_1_PBMC_ACCCACTCAATGTAAG	0.0	0.0	0.0	60.02357780131584	0.0	0.0	61.09732068668711	0.0	0.0	0.0	0.0	1.475853867134466	62.30286166788387	0.0
GSM4138110_HNSCC_1_PBMC_ACCCACTGTAAGTGTA	102.71601544513027	80.96181517698821	0.0	0.0	0.0	66.02013442918161	0.0	0.0	0.0	0.0	0.0	0.0	0.0	0.0
GSM4138110_HNSCC_1_PBMC_ACCTTTATCATAACCG	0.0	8.68529112064759	110.64907474262534	0.0	79.70256816879805	17.38272927580262	0.0	0.0	0.0	0.0	137.39109358191922	0.0	0.0	0.0
GSM4138110_HNSCC_1_PBMC_ACGAGCCAGGTGTGGT	122.33237527094828	0.0	64.19362786178016	47.514617316079054	14.330165494672585	0.0	0.0	0.0	0.0	0.0	0.0	0.0	0.0	0.0
GSM4138110_HNSCC_1_PBMC_ACGATACCATATGAGA	0.0	81.28861964605284	0.0	0.0	47.845746572713516	0.0	0.0	0.0	0.0	0.0	60.451843244983394	0.0	0.0	0.0
GSM4138110_HNSCC_1_PBMC_ACGATACTCTGATTCT	76.7673303147391	70.61128347023177	4.892637288573677	0.0	55.547938509057886	0.0	18.255722532257572	0.0	0.0	0.0	0.0	0.0	0.0	0.0
GSM4138110_HNSCC_1_PBMC_ACGATGTCAGGCAGTA	73.7868766784583	0.0	99.19470092800915	0.0	10.811473946687855	48.830329910472344	0.0	0.0	0.0	0.0	0.0	0.0	0.0	0.0
GSM4138110_HNSCC_1_PBMC_ACGCAGCGTAGAGCTG	16.97661745752062	0.0	86.87377480814972	0.0	0.0	50.51575519496369	0.0	33.70610224504647	0.0	0.0	0.0	5.876088172551758	0.0	0.0
GSM4138110_HNSCC_1_PBMC_ACGCCGAAGGTAGCTG	0.0	0.0	44.755274267939384	122.28130494238563	0.0	0.0	0.0	0.0	0.0	0.0	41.06557829545221	0.0	0.0	0.0
GSM4138110_HNSCC_1_PBMC_ACGGGCTGTGATAAAC	35.95107361895499	0.0	96.62678889236561	0.0	0.0	64.82672436187413	0.0	0.0	0.0	0.0	0.0	0.0	0.0	88.82822751994789
GSM4138110_HNSCC_1_PBMC_ACGTCAACATCACGAT	0.0	0.0	57.589054682199695	0.0	0.0	63.410031790485625	0.0	0.0	0.0	42.013384554161526	0.0	0.0	0.0	0.0
GSM4138110_HNSCC_1_PBMC_ACTATCTAGGAATTAC	109.51664342391955	176.6196221810221	0.0	0.0	0.0	229.0044264652978	0.0	0.0	0.0	0.0	0.0	0.0	0.0	0.0
GSM4138110_HNSCC_1_PBMC_ACTGATGTCGTTACGA	92.76459567568585	141.2493688294278	0.0	0.0	0.0	152.66711213731193	0.0	0.0	0.0	0.0	0.0	24.183853302413194	0.0	0.0
GSM4138110_HNSCC_1_PBMC_ACTTACTAGATAGGAG	76.99034739932434	74.10306870048065	0.0	56.1255174976743	51.62551354909058	25.869049135921863	0.0	0.0	0.0	0.0	0.0	0.0	0.0	0.0
GSM4138110_HNSCC_1_PBMC_ACTTGTTTCCACGACG	0.0	58.13507254609628	10.734542733611129	133.7161992837167	0.0	0.0	4.280561997713962	40.58821058767366	64.56427822973502	0.0	0.0	0.0	0.0	0.0
GSM4138110_HNSCC_1_PBMC_ACTTTCATCGTCACGG	53.92089214299164	92.279139334969	0.0	89.8370089414188	0.0	0.0	0.0	0.0	0.0	0.0	0.0	0.0	0.0	0.0
GSM4138110_HNSCC_1_PBMC_AGATTGCTCATGCTCC	90.12597954539801	0.0	166.36774008664193	0.0	83.10933732633536	14.458700920837305	0.0	0.0	0.0	0.0	0.0	0.0	0.0	0.0
GSM4138110_HNSCC_1_PBMC_AGATTGCTCCTAGAAC	0.0	0.0	0.0	35.73075244430599	15.726416374648716	0.0	153.75594380671694	0.0	0.0	0.0	48.253003956722004	0.0	0.0	0.0
GSM4138110_HNSCC_1_PBMC_AGCAGCCTCACTCTTA	75.10511472128978	77.06895736587136	0.0	0.0	0.0	76.33707184563511	0.0	0.0	0.0	0.0	0.0	0.0	0.0	0.0
GSM4138110_HNSCC_1_PBMC_AGCCTAAAGCGTGAAC	0.0	86.42598712636254	0.0	140.34576967346996	0.0	0.0	59.37705723421193	0.0	127.80072270592369	0.0	0.0	0.0	0.0	0.0
GSM4138110_HNSCC_1_PBMC_AGCCTAAGTCTCATCC	0.0	23.18920763077631	0.0	31.50785037989393	0.0	0.0	13.668024977038604	0.0	0.0	0.0	0.0	0.0	117.6140548053311	0.0
GSM4138110_HNSCC_1_PBMC_AGCGTATAGCCAGTTT	35.943965315139025	129.95206486117746	0.0	80.31086062112254	0.0	0.0	0.0	20.569815008025383	27.28429639849945	0.0	0.0	0.0	0.0	0.0
GSM4138110_HNSCC_1_PBMC_AGCGTCGAGCGCTCCA	0.0	45.39000554117078	0.0	98.15926024938547	0.0	0.0	34.671952896078444	0.0	52.92239788601632	0.0	0.0	0.0	0.0	0.0
GSM4138110_HNSCC_1_PBMC_AGCTCCTGTATCACCA	0.0	178.9959443595259	25.003482002709163	0.0	0.0	160.43992931811604	0.0	0.0	129.67993462607882	0.0	0.0	0.0	0.0	0.0
GSM4138110_HNSCC_1_PBMC_AGCTCTCAGTCGTTTG	133.82848797395258	112.0916908845493	0.0	0.0	92.13673490441523	28.47373322549526	0.0	0.0	0.0	0.0	0.0	0.0	0.0	0.0
GSM4138110_HNSCC_1_PBMC_AGCTTGAAGACTGGGT	92.98721966039987	0.0	103.03679749460952	0.0	0.0	69.43290218910485	0.0	0.0	0.0	0.0	0.0	0.0	0.0	0.0
GSM4138110_HNSCC_1_PBMC_AGGCCGTAGACTACAA	0.0	30.461277771486415	0.0	105.06895627568774	0.0	0.0	76.6401043070895	0.0	119.0325527732563	0.0	0.0	0.0	0.0	0.0
GSM4138110_HNSCC_1_PBMC_AGGGATGAGACCCACC	71.27527571767901	0.0	103.41812986233664	0.0	15.218764855439844	66.20510648961003	0.0	0.0	0.0	0.0	0.0	0.0	0.0	0.0
GSM4138110_HNSCC_1_PBMC_AGGGATGCATGTTCCC	77.85271587047195	124.70684134640506	0.0	120.71576123739327	0.0	0.0	0.0	29.590076938665412	0.0	0.0	0.0	0.0	0.0	0.0
GSM4138110_HNSCC_1_PBMC_AGTAGTCGTCAATGTC	2.1428565452532546	19.742457066332033	70.47174419772016	0.0	0.0	57.03129246062329	0.0	65.66265767328977	0.0	0.0	0.0	10.277493594832835	0.0	0.0
GSM4138110_HNSCC_1_PBMC_AGTAGTCGTCCGAAGA	88.67558299317956	86.68114343135495	0.0	113.59682381024501	0.0	0.0	17.13268743824467	0.0	0.0	0.0	0.0	0.0	0.0	0.0
GSM4138110_HNSCC_1_PBMC_AGTGGGAAGGAGCGAG	0.0	0.0	162.55716971463804	152.12697945499187	0.0	0.0	0.0	6.041740801497054	96.73208479549544	0.0	49.616108064818214	0.0	0.0	0.0
GSM4138110_HNSCC_1_PBMC_AGTGTCAGTACCGGCT	128.96102440028116	61.879551684772416	0.0	0.0	0.0	22.024734538242743	118.78300043276586	13.876050005694154	0.0	0.0	0.0	62.67184899613594	0.0	0.0
GSM4138110_HNSCC_1_PBMC_ATAAGAGAGCTGATAA	0.0	0.0	0.0	49.141129081825305	0.0	0.0	105.19263245633512	31.969968119328886	0.0	0.0	0.0	0.0	0.0	0.0
GSM4138110_HNSCC_1_PBMC_ATCACGAGTCAAACTC	43.45914158458766	50.82357087206221	0.0	99.80550313885396	0.0	0.0	17.702407731188814	0.0	38.95315486262291	0.0	0.0	0.0	0.0	0.0
GSM4138110_HNSCC_1_PBMC_ATCATCTTCTGTGCAA	64.68131244734923	0.0	81.03398499957477	39.09539399409986	30.80447460968949	0.0	0.0	0.0	0.0	0.0	0.0	0.0	0.0	0.0
GSM4138110_HNSCC_1_PBMC_ATCATGGGTCACTGGC	122.65316044840516	0.0	105.77883539714405	0.0	0.0	15.807756859902481	0.0	0.0	0.0	0.0	0.0	112.85029595073637	0.0	0.0
GSM4138110_HNSCC_1_PBMC_ATCTGCCCATACGCCG	35.933346662722464	0.0	0.0	0.0	95.8595251895316	0.0	98.93326088756041	29.029082687569908	0.0	0.0	0.0	0.0	0.0	0.0
GSM4138110_HNSCC_1_PBMC_ATGAGGGAGTGTACGG	43.15641152063611	0.0	72.0681089102738	0.0	0.0	101.68436563733754	16.053212267625558	86.26443239001102	0.0	0.0	0.0	0.0	0.0	0.0
GSM4138110_HNSCC_1_PBMC_ATGGGAGAGACCCACC	0.0	69.10681629556392	0.0	0.0	4.043997589444494	180.01182444573396	96.99084252259847	0.0	0.0	0.0	203.64267567083618	0.0	0.0	0.0
GSM4138110_HNSCC_1_PBMC_ATGTGTGTCCAGTAGT	52.757032580385726	74.07480451384846	0.0	0.0	27.44042860546738	38.84410046240085	0.0	37.378188078415484	0.0	0.0	0.0	0.0	0.0	0.0
GSM4138110_HNSCC_1_PBMC_ATTATCCAGCGCCTTG	106.71125135760865	117.30443396175208	0.0	95.87228014850861	0.0	27.014175511940177	0.0	0.0	0.0	0.0	0.0	0.0	0.0	0.0
GSM4138110_HNSCC_1_PBMC_ATTCTACAGATGTCGG	93.92656050427922	0.0	93.6130802530482	71.19601748335496	0.0	26.58921517434187	0.0	0.0	0.0	0.0	0.0	4.983270953231284	0.0	0.0
GSM4138110_HNSCC_1_PBMC_ATTGGACAGAAGGCCT	0.0	57.54405285683484	0.0	0.0	76.33391351755158	0.0	3.2841669448183324	57.5731071917025	0.0	0.0	0.0	0.0	0.0	0.0
GSM4138110_HNSCC_1_PBMC_ATTGGTGCACAGGAGT	0.0	75.40801258603793	0.0	128.2835795971988	0.0	0.0	0.0	111.92970906493497	0.0	0.0	0.0	0.0	0.0	0.0
GSM4138110_HNSCC_1_PBMC_CAACCTCTCTAAGCCA	0.0	26.54359861260878	0.0	0.0	98.09962344018608	0.0	36.51840876416614	0.0	0.0	54.82378599838303	0.0	0.0	0.0	0.0
GSM4138110_HNSCC_1_PBMC_CAACTAGGTGTCCTCT	27.7921041936021	68.02133529869612	0.0	0.0	100.89980700160804	0.0	13.191324202657269	0.0	0.0	58.22896948612618	0.0	0.0	0.0	0.0
GSM4138110_HNSCC_1_PBMC_CAACTAGTCAAGATCC	98.98203383658348	0.0	89.99579772390537	30.008855602489483	0.0	0.0	0.0	0.0	0.0	0.0	0.0	0.0	0.0	0.0
GSM4138110_HNSCC_1_PBMC_CAAGAAATCACAAACC	59.664729092828026	65.45386373188468	0.0	0.0	0.0	66.6172482118794	0.0	0.0	0.0	0.0	0.0	0.0	0.0	0.0
GSM4138110_HNSCC_1_PBMC_CAAGTTGCATGTTCCC	133.5572465863863	0.0	137.78653794452137	0.0	0.0	163.49545961611318	0.0	0.0	0.0	0.0	0.0	0.0	0.0	0.0
GSM4138110_HNSCC_1_PBMC_CACACTCTCAAGATCC	0.0	3.8204451344372297	37.42756834506197	62.984087228417145	69.0414355350856	0.0	58.66006709808568	0.0	0.0	0.0	119.69886354056119	0.0	0.0	0.0
GSM4138110_HNSCC_1_PBMC_CACAGGCTCCGCGTTT	65.78758984417667	79.52667868951893	0.0	0.0	80.29127745388253	0.0	32.76792961938444	50.77227520174718	0.0	0.0	0.0	0.0	0.0	0.0
GSM4138110_HNSCC_1_PBMC_CACAGTAAGTTACCCA	124.92263057041968	0.0	121.16421069252485	0.0	0.0	68.49168681232683	0.0	0.0	0.0	0.0	0.0	0.0	0.0	0.0
GSM4138110_HNSCC_1_PBMC_CACATTTAGTAGCGGT	0.0	104.66152315986491	0.0	62.99984598883813	0.0	0.0	0.0	0.0	0.0	0.0	0.0	0.0	78.83891141454242	0.0
GSM4138110_HNSCC_1_PBMC_CACCACTTCCGCGGTA	4.211448477232502	53.39478951069505	0.0	125.04333522299206	15.0822899591077	0.0	0.0	48.09591384393548	0.0	0.0	0.0	0.0	0.0	0.0
GSM4138110_HNSCC_1_PBMC_CAGAGAGAGCCACTAT	86.71818869007183	0.0	83.65553210930251	0.0	0.0	57.29533996280448	0.0	0.0	0.0	0.0	0.0	0.0	0.0	0.0
GSM4138110_HNSCC_1_PBMC_CAGCAGCGTGCAGTAG	7.288023881108373	0.0	49.19889326811818	0.0	0.0	81.64226876426156	0.0	32.799750779084654	0.0	0.0	0.0	0.0	0.0	0.0
GSM4138110_HNSCC_1_PBMC_CAGCATAAGTACTTGC	0.0	46.79021279000011	0.0	0.0	54.871511789949096	36.20278569021435	2.9149532326648235	0.0	0.0	95.4881723332352	0.0	0.0	0.0	0.0
GSM4138110_HNSCC_1_PBMC_CAGCATATCAGAGGTG	83.48715461023687	0.0	149.48054583256774	0.0	93.36137169731184	77.21126560939064	0.0	50.42501450735258	0.0	0.0	0.0	0.0	0.0	0.0
GSM4138110_HNSCC_1_PBMC_CAGCTAAGTTCCACGG	0.0	93.8496260119751	0.0	87.93824868049833	0.0	0.0	0.0	0.0	0.0	0.0	0.0	0.0	104.89746956040389	0.0
GSM4138110_HNSCC_1_PBMC_CATCGAAGTACTTCTT	81.50657511122476	106.84710019339055	0.0	0.0	0.0	83.04406190485851	38.45914517081486	0.0	0.0	0.0	0.0	0.0	0.0	0.0
GSM4138110_HNSCC_1_PBMC_CATCGGGAGAGCTTCT	36.75377510382317	34.23060969706552	0.0	0.0	0.0	47.511231976404396	0.0	0.0	0.0	0.0	0.0	0.0	0.0	0.0
GSM4138110_HNSCC_1_PBMC_CATTATCTCGATCCCT	79.39328930931418	158.7224604221314	0.0	0.0	0.0	145.39620304301664	0.0	6.743721051827257	0.0	2.04274960504974	0.0	0.0	0.0	0.0
GSM4138110_HNSCC_1_PBMC_CATTCGCAGTGAAGAG	131.5092598516189	0.0	189.30697991977058	0.0	0.0	164.02225135119485	0.0	0.0	0.0	0.0	0.0	0.0	0.0	0.0
GSM4138110_HNSCC_1_PBMC_CCACGGACAGATGGGT	116.44581244786063	181.5445222930261	0.0	0.0	162.92680051720788	0.0	0.0	10.069502788177283	0.0	0.0	0.0	0.0	0.0	0.0
GSM4138110_HNSCC_1_PBMC_CCACTACAGGTTCCTA	28.681365115819776	103.23720892555558	0.0	96.82867008020536	0.0	0.0	4.213795234674098	0.0	0.0	0.0	51.64315988732231	0.0	0.0	0.0
GSM4138110_HNSCC_1_PBMC_CCCAGTTAGGCACATG	0.0	0.0	0.0	101.34027825211287	0.0	0.0	61.23778002024485	39.011717983956395	0.0	0.0	31.65747658021748	0.0	0.0	0.0
GSM4138110_HNSCC_1_PBMC_CCCTCCTGTACAGCAG	79.29032346434423	70.21598501413548	0.0	16.746925111813646	39.9240536236887	0.0	0.0	0.0	0.0	0.0	0.0	0.0	0.0	0.0
GSM4138110_HNSCC_1_PBMC_CCCTCCTTCCATGAAC	75.5541746608223	0.0	66.16080133246012	0.0	20.821250200927807	46.245940681520786	0.0	0.0	0.0	0.0	0.0	0.0	0.0	0.0
GSM4138110_HNSCC_1_PBMC_CCGTACTGTTCCAACA	99.0491384843421	0.0	142.93544825112616	0.0	0.0	128.37275980381182	0.0	0.0	0.0	0.0	0.0	0.0	0.0	0.0
GSM4138110_HNSCC_1_PBMC_CCGTACTTCCGATATG	56.538959931127884	0.0	54.16424212347128	29.864400712130728	0.0	0.0	0.0	0.0	0.0	0.0	0.0	24.34951546688796	0.0	0.0
GSM4138110_HNSCC_1_PBMC_CCGTGGAAGGAGTACC	75.74375392236576	13.718862290755707	0.0	53.63824778722779	0.0	18.003545345317853	70.59994284083045	0.0	0.0	0.0	0.0	0.0	0.0	0.0
GSM4138110_HNSCC_1_PBMC_CCTAAAGAGCGCCTCA	150.62368232325778	0.0	80.28715367398756	104.85463581594219	117.25969331773521	0.0	76.48603564925247	0.0	0.0	0.0	0.0	0.0	0.0	0.0
GSM4138110_HNSCC_1_PBMC_CCTACACCACAGGCCT	80.96124978985029	0.0	100.81332410056693	0.0	0.0	90.78839332387686	0.0	9.623968862538824	0.0	0.0	0.0	39.884006320607185	0.0	0.0
GSM4138110_HNSCC_1_PBMC_CCTATTACACAAGACG	0.0	7.805726287904503	0.0	143.02578111018488	0.0	0.0	141.53579095073104	35.052718121454824	130.28293136546236	0.0	0.0	0.0	0.0	0.0
GSM4138110_HNSCC_1_PBMC_CCTTACGAGAATAGGG	0.0	65.75413918910634	24.475791812274654	0.0	64.50673974032489	0.0	19.855985317402585	0.0	143.92219640475355	0.0	0.0	0.0	0.0	0.0
GSM4138110_HNSCC_1_PBMC_CGAACATGTCCAGTAT	0.0	26.126479979544662	43.886717230064185	66.64873838676633	0.0	0.0	0.0	0.0	68.60501013438582	0.0	0.0	0.0	0.0	0.0
GSM4138110_HNSCC_1_PBMC_CGATCGGCAACACCCG	0.0	48.7836748103559	0.0	59.32960347375765	0.0	0.0	0.0	50.3379598420121	0.0	0.0	0.0	0.0	0.0	0.0
GSM4138110_HNSCC_1_PBMC_CGATGTATCCTTTCGG	71.02783241361686	0.0	51.8040496269976	3.338075259036853	9.310618607797666	70.34611089990506	26.846701862631075	0.0	0.0	0.0	0.0	0.0	0.0	0.0
GSM4138110_HNSCC_1_PBMC_CGCGGTAAGACACGAC	68.76928390527634	0.0	0.0	0.0	0.0	100.00335978208065	18.4685752905591	0.0	0.0	0.0	0.0	0.0	0.0	0.0
GSM4138110_HNSCC_1_PBMC_CGCGGTATCAGTCCCT	1.6156037813786102	0.0	76.82678049046834	61.69538328941891	0.0	0.0	0.0	33.57518028151605	36.63311188173833	0.0	0.0	0.0	0.0	0.0
GSM4138110_HNSCC_1_PBMC_CGCTATCAGGTAGCCA	158.0667637837972	0.0	141.38218827776922	0.0	99.03560021613431	0.0	0.0	0.0	0.0	0.0	0.0	0.0	0.0	0.0
GSM4138110_HNSCC_1_PBMC_CGCTTCACAGTACACT	64.86910937085523	32.16152498542892	0.0	83.1856440359009	11.41962376193773	0.0	92.15908617751661	0.0	0.0	0.0	21.56057030457376	0.0	0.0	0.0
GSM4138110_HNSCC_1_PBMC_CGGAGCTCAGACGCAA	54.448381818448105	48.3694896576758	0.0	89.72462607601169	0.0	0.0	27.44847595711492	3.792211267845201	0.0	0.0	0.0	0.0	0.0	0.0
GSM4138110_HNSCC_1_PBMC_CGGAGCTTCGCCTGAG	132.23672437738884	55.78403027537436	61.29540481359605	127.8554683586187	0.0	0.0	0.0	0.0	0.0	0.0	0.0	0.0	0.0	0.0
GSM4138110_HNSCC_1_PBMC_CGGCTAGTCACATAGC	21.755077043507526	0.0	127.47873554343838	0.0	131.32951873065002	50.81726690968966	0.0	0.0	8.88816497956648	103.31405133162767	0.0	0.0	0.0	0.0
GSM4138110_HNSCC_1_PBMC_CGGCTAGTCAGAGACG	61.68393697897804	77.96384539414291	0.0	85.25481128184457	0.0	0.0	0.0	0.0	0.0	0.0	0.0	47.819807954202965	0.0	0.0
GSM4138110_HNSCC_1_PBMC_CGGCTAGTCCTAAGTG	0.0	105.25981966877511	0.0	41.57237012972953	25.95118658579121	0.0	0.31619872021404577	0.0	131.57477546515435	0.0	0.0	0.0	0.0	0.0
GSM4138110_HNSCC_1_PBMC_CGTAGCGAGAAGGGTA	107.36533760867839	71.71101281806533	0.0	101.44510926298724	0.0	0.0	0.0	46.92972207693643	0.0	0.0	0.0	0.0	0.0	0.0
GSM4138110_HNSCC_1_PBMC_CGTAGGCGTGGTAACG	105.52468135735727	1.3889231592815614	11.384012719628624	0.0	0.0	67.78753671058959	34.00055092067319	0.0	0.0	0.0	0.0	0.0	0.0	0.0
GSM4138110_HNSCC_1_PBMC_CGTCACTTCAAACCGT	100.32658927019453	91.39309670932431	0.0	61.97991124375281	23.551123566139086	0.0	0.0	0.0	0.0	0.0	0.0	0.0	0.0	0.0
GSM4138110_HNSCC_1_PBMC_CGTCCATAGCAGCGTA	0.0	0.0	0.0	57.80256738196648	0.0	0.0	37.32383277994845	0.0	77.44035378420236	0.0	0.0	0.0	0.0	0.0
GSM4138110_HNSCC_1_PBMC_CGTGTAAAGGTGTGGT	94.4795054722723	118.66490593240388	0.0	0.0	103.97032392045031	0.0	0.0	0.0	0.0	0.0	0.0	0.0	0.0	0.0
GSM4138110_HNSCC_1_PBMC_CGTTGGGCAGGCGATA	0.0	13.867001509579946	0.0	45.64084251744184	0.0	47.06349171802783	68.51412852645899	0.0	64.88574162223675	0.0	0.0	0.0	0.0	0.0
GSM4138110_HNSCC_1_PBMC_CTACACCGTAGCTTGT	102.02348313480765	0.0	70.24401214857012	17.647453490144915	0.0	0.0	0.0	0.0	0.0	0.0	0.0	49.89613217845232	0.0	0.0
GSM4138110_HNSCC_1_PBMC_CTACGTCAGTGGGATC	55.277270052083374	0.0	59.15227145329483	0.0	0.0	132.79168715534692	0.0	0.0	0.0	0.0	0.0	0.0	0.0	0.0
GSM4138110_HNSCC_1_PBMC_CTACGTCTCCACGAAT	76.1097493843287	0.0	49.278908290357606	16.459192067526395	43.524731148210684	0.0	0.0	0.0	0.0	0.0	0.0	0.0	0.0	0.0
GSM4138110_HNSCC_1_PBMC_CTAGCCTAGCCAACAG	31.85995584041739	0.0	91.5855354883942	41.004650499889124	0.0	3.068768089572517	0.0	28.805754580024892	0.0	0.0	0.0	69.4782875571912	0.0	0.0
GSM4138110_HNSCC_1_PBMC_CTCAGAATCGAATGGG	128.28040021495886	123.80480347416812	0.0	0.0	83.73698358436819	17.96033671595817	0.0	0.0	0.0	0.0	0.0	0.0	0.0	0.0
GSM4138110_HNSCC_1_PBMC_CTCCTAGCAAGTCTGT	79.18998141258582	116.03540478956849	0.0	0.0	86.05524385796797	0.0	0.0	0.0	0.0	0.0	0.0	0.0	0.0	0.0
GSM4138110_HNSCC_1_PBMC_CTCGGAGAGCAGGTCA	0.0	0.0	80.60868256889773	128.93857375609937	0.0	0.0	0.0	98.24687263762306	0.0	0.0	0.0	0.0	0.0	0.0
GSM4138110_HNSCC_1_PBMC_CTCGTACTCAGCAACT	115.8852799481144	157.78878437787048	0.0	34.92475480633155	43.74968573076127	0.0	0.0	0.0	0.0	0.0	0.0	93.3447689670725	0.0	0.0
GSM4138110_HNSCC_1_PBMC_CTCGTCAAGCTCTCGG	196.569675073089	0.0	73.07617244973477	101.09280444013282	127.08206229321713	0.0	0.0	0.0	0.0	0.0	0.0	0.0	0.0	0.0
GSM4138110_HNSCC_1_PBMC_CTCTACGCAGATCGGA	39.508383131275785	0.0	57.67498426028397	55.590581908041884	0.0	0.0	0.0	0.0	0.0	0.0	0.0	0.0	0.0	0.0
GSM4138110_HNSCC_1_PBMC_CTCTGGTAGACAGGCT	93.47158193971364	0.0	82.99254956367423	29.751716898560442	14.023071028633236	0.0	0.0	0.0	0.0	0.0	0.0	0.0	0.0	0.0
GSM4138110_HNSCC_1_PBMC_CTCTGGTCACAGCCCA	140.23516808354043	83.6830977723195	0.0	0.0	0.0	117.39507942695789	0.0	0.0	0.0	0.0	0.0	0.0	0.0	0.0
GSM4138110_HNSCC_1_PBMC_CTGAAACCAGCCTTGG	0.0	80.64244523192015	0.0	74.90288987918791	0.0	20.852021953289906	0.0	0.0	77.50035587173723	0.0	0.0	0.0	0.0	0.0
GSM4138110_HNSCC_1_PBMC_CTGAAACCAGTATGCT	110.34932727113204	104.44442040684655	0.0	0.0	0.0	58.50245598346803	13.838475214183372	0.0	0.0	0.0	0.0	0.0	0.0	0.0
GSM4138110_HNSCC_1_PBMC_CTGAAGTCAGCTGCTG	0.0	97.61268722064764	0.0	0.0	64.49828917967406	0.0	0.0	51.510305135869004	12.414032383834886	0.0	25.61673207749949	0.0	0.0	0.0
GSM4138110_HNSCC_1_PBMC_CTGAAGTGTTCTCATT	0.0	0.0	68.02691701729357	87.52682561563223	0.0	0.0	0.0	12.44348344546218	41.99422904483761	0.0	0.0	0.0	0.0	0.0
GSM4138110_HNSCC_1_PBMC_CTGTTTACAAAGGTGC	0.0	0.0	67.20653591707254	0.0	0.0	102.65668157744733	0.0	73.20826684533316	0.0	0.0	0.0	0.0	0.0	0.0
GSM4138110_HNSCC_1_PBMC_CTTAACTGTGACGCCT	0.31426701500837106	0.0	58.190331064692124	77.27606120030467	0.0	0.0	0.0	0.0	0.7283164750807286	95.0889080101144	0.0	0.0	0.0	0.0
GSM4138110_HNSCC_1_PBMC_CTTAGGAAGGTGATTA	166.09518280574446	34.253668385213196	191.8844392167473	0.0	0.0	164.23634704622393	2.5759585588851226	0.0	0.0	20.051058425850933	0.0	0.0	0.0	0.0
GSM4138110_HNSCC_1_PBMC_CTTAGGACAGAGTGTG	64.22924578955482	0.0	75.09352265189419	0.0	0.0	76.67885986682377	0.0	0.0	0.0	0.0	0.0	0.0	0.0	0.0
GSM4138110_HNSCC_1_PBMC_CTTGGCTCAAAGCGGT	128.68198940258253	97.5229020468547	0.0	90.99976644834008	16.402652293389167	1.9356257794263885	0.0	0.0	0.0	0.0	0.0	0.0	0.0	0.0
GSM4138110_HNSCC_1_PBMC_GAAACTCGTCTTCTCG	110.28556624160197	179.1520125302955	0.0	0.0	145.99681498499208	0.0	0.0	0.0	0.0	0.0	0.0	0.0	0.0	0.0
GSM4138110_HNSCC_1_PBMC_GAAATGAAGAGCAATT	0.0	54.73955538107554	0.0	50.00121969930215	15.843371102632812	0.0	0.0	0.0	0.0	0.0	55.17286900597977	0.0	0.0	0.0
GSM4138110_HNSCC_1_PBMC_GAACATCTCGGTTAAC	70.67034690562765	0.0	90.20162735496288	0.0	0.0	87.078144922267	0.0	0.0	0.0	0.0	0.0	0.0	0.0	0.0
GSM4138110_HNSCC_1_PBMC_GAACCTATCGGCCGAT	0.0	0.0	102.78447866735162	0.0	0.0	108.23316144579353	0.0	0.0	0.0	74.77119140908076	0.0	0.0	0.0	0.0
GSM4138110_HNSCC_1_PBMC_GAATGAAGTTGGACCC	41.429252055066556	65.39669793411814	0.0	0.0	0.0	71.11426304958243	0.0	0.0	0.0	0.0	0.0	0.0	0.0	0.0
GSM4138110_HNSCC_1_PBMC_GACAGAGAGAGCCTAG	0.0	50.69468878473732	0.0	51.837819699099704	5.5816302436562175	0.0	0.0	0.0	34.72317712274355	0.0	0.0	0.0	23.036482190913723	0.0
GSM4138110_HNSCC_1_PBMC_GACTAACAGGCAGGTT	133.4668203395358	162.16670150087134	0.0	117.01926243665326	0.0	0.0	0.0	0.0	0.0	0.0	0.0	0.0	0.0	0.0
GSM4138110_HNSCC_1_PBMC_GACTGCGGTATCTGCA	62.03434267854038	73.66508774614098	4.560109852130953	0.0	60.26149491614884	0.0	0.0	0.0	0.0	0.0	0.0	0.0	0.0	0.0
GSM4138110_HNSCC_1_PBMC_GACTGCGTCTAAGCCA	0.0	149.6909622422676	0.0	0.0	3.4268892982203507	111.24985940287156	0.0	0.0	0.0	91.4954429378384	0.0	0.0	0.0	0.0
GSM4138110_HNSCC_1_PBMC_GATCGATGTGCTGTAT	0.0	94.01202582626743	0.0	0.0	0.0	150.38960872337552	0.0	0.0	0.0	89.89298487848859	0.0	0.0	0.0	0.0
GSM4138110_HNSCC_1_PBMC_GATCTAGAGGGCTCTC	0.0	14.760945450781865	0.0	57.60056645975195	38.95397632393188	0.0	61.804385099725266	0.0	10.299303046813643	57.505010298953565	0.0	0.0	0.0	0.0
GSM4138110_HNSCC_1_PBMC_GATCTAGCAAACCTAC	31.621121395831892	2.9255942796964294	129.79751304788786	103.32764214363151	28.033186412295876	0.0	0.0	70.84158684241596	0.0	0.0	0.0	0.0	0.0	0.0
GSM4138110_HNSCC_1_PBMC_GATGAAAAGAAGGGTA	69.77182818040606	0.0	59.750383884804336	0.0	0.0	53.60230551191096	0.0	0.0	0.0	0.0	0.0	0.0	0.0	0.0
GSM4138110_HNSCC_1_PBMC_GATGCTAGTATGGTTC	119.77389910556299	0.0	56.074920007884835	0.0	98.96082119625659	0.0	0.0	0.0	0.0	0.0	0.0	0.0	0.0	0.0
GSM4138110_HNSCC_1_PBMC_GATTCAGAGCTATGCT	171.47468118006472	37.8749612569334	14.388884350095958	0.0	0.0	116.59147838447097	57.03738232983117	0.0	0.0	0.0	0.0	0.0	0.0	0.0
GSM4138110_HNSCC_1_PBMC_GCACATACATGAACCT	108.71630861180657	0.0	89.64948997688134	0.0	50.015866850215694	33.38959960829673	0.0	0.0	0.0	0.0	0.0	0.0	0.0	0.0
GSM4138110_HNSCC_1_PBMC_GCACATAGTCTTCTCG	116.97677927266801	0.0	72.36330405056592	72.31526449327882	21.055741332065995	0.0	0.0	0.0	0.0	0.0	0.0	0.0	0.0	0.0
GSM4138110_HNSCC_1_PBMC_GCAGTTATCCTACAGA	56.9016184166344	74.16189228798385	0.0	0.0	0.0	0.0	0.0	0.0	0.0	0.0	0.0	26.63177760675492	0.0	0.0
GSM4138110_HNSCC_1_PBMC_GCATACAAGACACGAC	125.70578023102776	0.0	140.51295176100393	152.49936184595228	0.0	0.0	0.0	0.0	0.0	0.0	0.0	0.0	0.0	0.0
GSM4138110_HNSCC_1_PBMC_GCATGTATCTCATTCA	0.0	0.0	52.470418907562035	8.229990607444547	52.191181228855605	0.0	0.0	0.0	0.0	65.91524050988662	0.0	0.0	0.0	0.0
GSM4138110_HNSCC_1_PBMC_GCGAGAATCTATCCTA	66.17213068763999	0.0	70.2088710891604	67.60725824451282	27.984875569192486	0.0	0.0	0.0	0.0	0.0	0.0	0.0	0.0	0.0
GSM4138110_HNSCC_1_PBMC_GCGCAACCAGTACACT	21.406939735357064	27.986961933030962	30.655745795241796	19.10569444326415	52.41598008184725	0.0	0.0	0.0	41.06214028523348	0.0	0.0	0.0	0.0	0.0
GSM4138110_HNSCC_1_PBMC_GCGCAACTCACCGTAA	0.0	73.58516156881642	0.0	51.1766693199028	0.0	0.0	55.41798519464624	78.23550792572627	0.0	0.0	0.0	0.0	0.0	0.0
GSM4138110_HNSCC_1_PBMC_GCGGGTTTCTGTACGA	111.6485125763016	56.79220053758134	20.100340562689976	0.0	93.06940601013928	0.0	0.0	0.0	0.0	0.0	0.0	0.0	0.0	0.0
GSM4138110_HNSCC_1_PBMC_GCTGCAGCACAACGCC	0.0	36.73455875633015	0.0	81.3086371105593	0.0	0.0	0.0	0.0	87.2929638451467	0.0	0.0	0.0	0.0	0.0
GSM4138110_HNSCC_1_PBMC_GGAACTTCAACTGGCC	0.0	72.7571897802084	0.0	107.42362943936455	0.0	0.0	0.0	126.60173471478039	0.0	0.0	0.0	0.0	0.0	0.0
GSM4138110_HNSCC_1_PBMC_GGAATAAAGAACAATC	0.0	24.965501996440736	0.0	34.110233220967274	32.600980671472435	0.0	43.23293869955214	85.4406595035985	0.0	0.0	0.0	0.0	0.0	0.0
GSM4138110_HNSCC_1_PBMC_GGACATTCACGGTTTA	0.0	65.85097022604437	0.0	0.0	87.67001729794991	0.0	0.0	0.0	61.76867970977446	0.0	45.86126135876533	0.0	0.0	0.0
GSM4138110_HNSCC_1_PBMC_GGCTCGATCCGCGTTT	0.0	79.12623950463863	0.0	0.0	68.28515231022874	0.0	0.0	0.0	37.32259908125174	0.0	0.0	0.0	24.22282454700208	0.0
GSM4138110_HNSCC_1_PBMC_GGGACCTAGCCAGGAT	75.6031930828172	0.0	75.15975799351747	31.763973485497967	62.08373230070385	0.0	0.0	0.0	8.948168935320401	0.0	0.0	0.0	0.0	0.0
GSM4138110_HNSCC_1_PBMC_GGGACCTCAGTCACTA	175.57757514071648	183.11968865044344	0.0	121.46887405863768	0.0	0.0	0.0	0.0	0.0	0.0	0.0	0.0	0.0	0.0
GSM4138110_HNSCC_1_PBMC_GGGAGATGTGTGCGTC	0.0	0.0	56.345492166503774	0.0	60.7392377627005	0.0	0.0	0.0	0.0	0.0	82.47668642387181	0.0	0.0	14.777797887643462
GSM4138110_HNSCC_1_PBMC_GGGAGATTCACGATGT	39.95053695429558	0.0	52.688580279314344	0.0	37.8486967248257	63.728635035605684	0.0	0.0	0.0	0.0	0.0	0.0	0.0	0.0
GSM4138110_HNSCC_1_PBMC_GGGTTGCGTCCGAAGA	89.24634001970102	27.691732509248467	70.98264650757535	5.718212677542428	104.2248551631661	0.0	0.0	0.0	0.0	0.0	0.0	0.0	0.0	0.0
GSM4138110_HNSCC_1_PBMC_GGTGAAGTCGCTTGTC	92.36692329243812	0.0	0.0	0.0	0.0	109.24824697276885	82.17883743390642	0.0	0.0	0.0	0.0	0.0	0.0	0.0
GSM4138110_HNSCC_1_PBMC_GGTGTTACAAACGCGA	29.767930987236664	0.0	109.04702922246732	0.0	88.47054511385471	0.0	0.0	0.0	49.35891444772051	0.0	0.0	0.0	0.0	0.0
GSM4138110_HNSCC_1_PBMC_GTAACTGTCTTCGAGA	0.0	0.0	100.95122588205162	0.0	0.0	108.95571417873562	0.0	84.90696683927065	0.0	0.0	0.0	0.0	0.0	0.0
GSM4138110_HNSCC_1_PBMC_GTAGGCCAGGTGTGGT	0.0	27.363076597049787	0.0	29.656886060337154	34.29159586839687	0.0	71.2144354543864	64.72035398927031	0.0	0.0	0.0	0.0	0.0	0.0
GSM4138110_HNSCC_1_PBMC_GTAGTCACAGATCCAT	97.1878149336019	93.33973470970523	0.0	0.0	46.5466557624874	33.63432957936289	0.0	0.0	0.0	0.0	0.0	0.0	0.0	0.0
GSM4138110_HNSCC_1_PBMC_GTAGTCAGTGGGTCAA	0.0	0.0	55.90113901337921	54.69068751988144	0.0	0.0	0.0	0.0	0.0	27.466572052069274	37.64748826527748	0.0	0.0	0.0
GSM4138110_HNSCC_1_PBMC_GTATTCTAGGGTTTCT	0.0	153.95679287438873	0.0	0.0	107.53811080498846	0.0	0.0	0.0	0.0	51.86875404900011	14.422946191156809	0.0	0.0	0.0
GSM4138110_HNSCC_1_PBMC_GTATTCTTCCAAACTG	62.90380451525492	15.658451080789225	0.0	0.0	0.0	0.0	88.33196916608405	45.453169362551606	0.0	0.0	0.0	104.60980143956444	0.0	0.0
GSM4138110_HNSCC_1_PBMC_GTCGTAACAGGAACGT	0.0	111.39443812039703	0.0	0.0	0.0	0.0	0.0	57.80509251081754	0.0	0.0	0.0	72.79019042028874	0.0	0.0
GSM4138110_HNSCC_1_PBMC_GTCGTAAGTATGAAAC	36.57627126038535	0.0	45.71021822666078	60.51258836480025	0.0	0.0	0.0	12.447978146016675	33.00977749119151	0.0	1.5397794336499493	0.0	0.0	0.0
GSM4138110_HNSCC_1_PBMC_GTCTCGTGTACGCACC	0.0	98.23854675764943	0.0	0.0	0.0	121.66876557124547	0.0	0.0	37.189037866772416	0.0	0.0	0.0	0.0	0.0
GSM4138110_HNSCC_1_PBMC_GTGGGTCAGAATGTGT	0.0	27.259136461816233	0.0	26.652317039874305	27.09744508167036	0.0	39.33677255298307	0.0	0.0	0.0	54.23621534220152	0.0	0.0	0.0
GSM4138110_HNSCC_1_PBMC_GTTCATTGTAGCTGCC	141.37583287706963	76.26530160204842	0.0	0.0	92.56995417634604	0.0	38.653640171373034	0.0	0.0	0.0	0.0	0.0	0.0	0.0
GSM4138110_HNSCC_1_PBMC_GTTCATTTCCGCGGTA	69.3924097310676	0.0	91.18976954118853	94.01660900653395	0.0	0.0	0.0	40.98777148377982	0.0	0.0	0.0	0.0	0.0	0.0
GSM4138110_HNSCC_1_PBMC_GTTCTCGCACTATCTT	13.795491617532571	0.0	73.41216764803288	0.0	91.46047675184441	0.0	0.0	39.385209337834304	0.0	0.0	10.537042148102003	0.0	0.0	0.0
GSM4138110_HNSCC_1_PBMC_GTTCTCGTCAGAGACG	21.758175761972236	0.0	119.73433085435778	0.0	0.0	67.89879848810496	0.0	0.0	0.0	0.0	47.099668335518594	0.0	0.0	0.0
GSM4138110_HNSCC_1_PBMC_TAAGCGTAGGTGCTTT	0.0	0.0	219.88558924088903	0.0	0.0	142.54162663845722	0.0	159.66566656598326	0.0	0.0	0.0	2.628966400548498	0.0	0.0
GSM4138110_HNSCC_1_PBMC_TACAGTGGTCATCGGC	81.73240433599896	47.39639720383801	0.0	0.0	0.0	108.60011234972158	88.42060146972892	68.6782803561047	0.0	0.0	0.0	0.0	0.0	0.0
GSM4138110_HNSCC_1_PBMC_TACCTTATCACGATGT	99.38153354208548	0.0	127.07847519096634	0.0	0.0	72.31631612395628	0.0	0.0	0.0	0.0	0.0	67.55627212376174	0.0	0.0
GSM4138110_HNSCC_1_PBMC_TACGGATTCTAACTTC	61.97926982486592	88.34922483033556	0.0	33.34261029981283	0.0	0.0	0.0	0.0	0.0	0.0	12.552137841542308	19.553785605166958	0.0	0.0
GSM4138110_HNSCC_1_PBMC_TACTTGTAGTCATCCA	0.0	0.0	130.83876428100757	0.0	56.350986129416334	0.0	0.0	0.0	0.0	105.37089542355994	0.0	0.0	0.0	0.0
GSM4138110_HNSCC_1_PBMC_TACTTGTTCAGAGCTT	0.0	0.0	84.84778797987275	47.72722622097009	0.0	33.566750364966765	0.0	0.0	127.99211384133952	0.0	0.0	5.7642554191110404	0.0	0.0
GSM4138110_HNSCC_1_PBMC_TAGACCAGTCCGAGTC	104.91581231694774	118.94603913838226	0.0	0.0	25.619082550113692	67.01163497217408	0.0	0.0	0.0	0.0	0.0	0.0	0.0	0.0
GSM4138110_HNSCC_1_PBMC_TAGAGCTGTTCCCTTG	8.640395085381925	73.2375051554138	9.385799863253979	0.0	67.05807484029191	0.0	0.0	73.99679317679333	0.0	0.0	0.0	0.0	0.0	0.0
GSM4138110_HNSCC_1_PBMC_TATCTCACACGGCGTT	98.6695387158068	0.0	72.81586075536686	0.0	31.800876649259795	79.18740272898798	0.0	0.0	0.0	0.0	0.0	0.0	0.0	0.0
GSM4138110_HNSCC_1_PBMC_TATCTCATCAACGGGA	139.3500359129763	38.84689072877062	52.99424177369384	0.0	107.84724027260842	0.0	0.0	0.0	0.0	0.0	0.0	0.0	0.0	0.0
GSM4138110_HNSCC_1_PBMC_TCACGAATCTGTCCGT	0.0	97.30276487551956	0.0	0.0	0.0	0.0	0.0	0.0	66.23995354919231	0.0	35.90301946482443	82.45834878005464	17.312070436283395	0.0
GSM4138110_HNSCC_1_PBMC_TCAGATGTCCGCGTTT	71.88338548138192	0.0	87.86876679411534	0.0	0.0	94.76055177129598	0.0	0.0	0.0	0.0	0.0	0.0	0.0	0.0
GSM4138110_HNSCC_1_PBMC_TCAGCAAAGGCGCTCT	0.0	28.425881188769427	0.0	79.04206180835207	82.99079599636529	0.0	0.0	0.0	25.4277451535424	46.258695336954446	0.0	0.0	0.0	0.0
GSM4138110_HNSCC_1_PBMC_TCATTACAGCGCTCCA	29.443250378546114	0.0	74.27064898427953	74.8390957838908	0.0	0.0	0.0	0.0	83.66307092734945	0.0	0.0	0.0	0.0	0.0
GSM4138110_HNSCC_1_PBMC_TCCCGATAGTGGAGAA	0.0	0.0	35.477822711558716	0.0	19.811059091689597	55.70822034092821	0.0	0.0	0.0	69.38472707218156	0.0	0.0	0.0	0.0
GSM4138110_HNSCC_1_PBMC_TCGCGAGGTAGCACGA	0.0	111.66355714731267	0.0	125.55522178915456	0.0	0.0	33.37014912034398	128.95057108533	0.0	0.0	0.0	0.0	0.0	0.0
GSM4138110_HNSCC_1_PBMC_TCGGGACTCAACGAAA	52.357303158507044	21.99563236992376	0.0	0.0	0.0	37.474084192318685	67.99062996691995	33.64163217645624	0.0	0.0	0.0	60.83300128369312	0.0	0.0
GSM4138110_HNSCC_1_PBMC_TCGGGACTCGAGAGCA	67.86697505050691	113.43952133146557	0.0	39.64324471175629	117.31444300093277	0.0	9.406789172925905	67.23804382274125	0.0	0.0	0.0	0.0	0.0	0.0
GSM4138110_HNSCC_1_PBMC_TCGGTAATCACTCTTA	0.0	0.0	65.14151684400207	10.956046534352307	76.92551396583882	0.0	0.0	0.0	0.0	113.44560620560267	0.0	0.0	0.0	0.0
GSM4138110_HNSCC_1_PBMC_TCGTACCTCCGCAAGC	161.87975895792292	0.0	161.8839761358599	0.0	247.62015925475043	45.93821142304938	0.0	0.0	0.0	0.0	0.0	0.0	0.0	0.0
GSM4138110_HNSCC_1_PBMC_TCGTACCTCTGCCCTA	192.20802583669504	223.66628037907	0.0	0.0	150.10678690292363	0.0	0.0	0.0	0.0	0.0	0.0	0.0	0.0	0.0
GSM4138110_HNSCC_1_PBMC_TCTATTGGTCTAAAGA	0.0	0.0	0.0	17.588950566667567	19.99005695937242	33.66759526958848	94.41035977403175	13.166697773556152	0.0	0.0	83.4443310984157	0.0	0.0	0.0
GSM4138110_HNSCC_1_PBMC_TCTATTGGTTGGTTTG	0.0	0.0	94.96022438508275	39.36132003971315	32.036244582225585	0.0	0.0	0.0	0.0	0.0	89.5655948948794	0.0	0.0	0.0
GSM4138110_HNSCC_1_PBMC_TCTATTGTCTGCAGTA	0.0	61.991402094264	0.0	48.952902289287096	12.172784541632243	0.0	0.02638812611291314	0.0	0.0	3.1162600348617704	44.543693273310836	0.0	0.0	0.0
GSM4138110_HNSCC_1_PBMC_TCTGAGACAGATAATG	122.48013497457771	5.5568761713836725	127.51935775633575	92.54829336711896	17.483486812665966	0.0	0.0	0.0	0.0	0.0	0.0	0.0	0.0	0.0
GSM4138110_HNSCC_1_PBMC_TCTGAGAGTAAGAGAG	78.58693256133243	94.4482162306347	0.0	0.0	84.14578955373604	0.0	0.0	0.0	1.6101802552124636	0.0	0.0	0.0	0.0	0.0
GSM4138110_HNSCC_1_PBMC_TCTGAGATCCTTTCTC	120.40772276147352	89.78559444924396	0.0	78.16282973944973	0.0	0.0	0.0	0.0	0.0	0.0	0.0	0.0	0.0	0.0
GSM4138110_HNSCC_1_PBMC_TCTGGAATCTCAAACG	89.30942556457707	0.0	71.08765758679769	0.0	75.78437540968926	0.0	0.0	35.235204718032406	0.0	0.0	0.0	0.0	0.0	0.0
GSM4138110_HNSCC_1_PBMC_TCTTTCCAGTGGGCTA	80.53306546922747	0.0	89.98318335713962	0.0	0.0	77.68037352077275	0.0	0.0	0.0	0.0	36.20602837152413	0.0	0.0	0.0
GSM4138110_HNSCC_1_PBMC_TGAAAGACACTTCGAA	82.47916583875373	0.0	37.688020579885794	0.0	0.0	38.98925537841311	0.0	0.0	0.0	0.0	0.0	0.0	0.0	0.0
GSM4138110_HNSCC_1_PBMC_TGACAACGTTAAGGGC	45.3017575028321	125.53802053708586	0.0	0.0	52.96043655104539	87.0091936347921	0.0	82.80422540470455	0.0	0.0	0.0	0.0	0.0	0.0
GSM4138110_HNSCC_1_PBMC_TGACGGCAGCGCCTTG	174.6530373090917	104.68238867403299	0.0	0.0	24.579464920847002	34.71363922371756	0.0	0.0	0.0	0.0	0.0	0.0	0.0	0.0
GSM4138110_HNSCC_1_PBMC_TGACGGCGTTACGACT	83.29525504960722	0.0	84.30864117444571	38.36099525055686	10.017157778858634	26.344890157288336	0.0	0.0	0.0	0.0	0.0	0.0	0.0	0.0
GSM4138110_HNSCC_1_PBMC_TGACGGCTCGGTTCGG	0.0	120.84360682701076	0.0	8.309672018377762	45.53868834869995	48.95863443777007	0.0	0.0	80.25252302701116	0.0	0.0	0.0	0.0	0.0
GSM4138110_HNSCC_1_PBMC_TGACTAGAGAACTGTA	83.97400392337306	0.0	20.979590243389183	47.686234187647166	1.6651944203589388	0.0	0.0	0.0	0.0	0.0	0.0	0.0	0.0	0.0
GSM4138110_HNSCC_1_PBMC_TGAGCATGTATTCTCT	194.2826483891476	0.0	0.0	0.0	0.0	282.7294156087138	198.4141198735362	0.0	0.0	0.0	0.0	0.0	0.0	0.0
GSM4138110_HNSCC_1_PBMC_TGCACCTTCCAGGGCT	129.71976814721296	0.0	0.0	0.0	107.45478350287009	0.0	200.63114998153551	7.909400830373697	0.0	0.0	0.0	0.0	0.0	0.0
GSM4138110_HNSCC_1_PBMC_TGCCAAATCGCGGATC	110.45853545207395	116.08532358143856	0.0	0.0	28.803482120730685	37.12405484011576	0.0	0.0	0.0	0.0	0.0	0.0	0.0	0.0
GSM4138110_HNSCC_1_PBMC_TGCCAAATCTTCCTTC	62.41886181127273	0.0	105.23038715805964	0.0	59.407537088813456	11.931123434031916	0.0	0.0	0.0	0.0	0.0	0.0	0.0	0.0
GSM4138110_HNSCC_1_PBMC_TGCCCATGTGGTCCGT	72.4771513286603	0.0	74.27468934698862	0.0	0.0	84.83587186694055	0.0	0.0	0.0	0.0	0.0	0.0	0.0	0.0
GSM4138110_HNSCC_1_PBMC_TGCCCTACAAAGCAAT	111.47651475453371	0.0	88.17605160073411	0.0	94.81747221881756	0.0	0.0	0.0	0.0	0.0	0.0	0.0	0.0	0.0
GSM4138110_HNSCC_1_PBMC_TGCCCTAGTGTCGCTG	0.0	63.71007782417166	0.0	0.0	0.0	96.68108234425672	0.0	0.0	0.0	144.96015845876053	0.0	0.0	0.0	0.0
GSM4138110_HNSCC_1_PBMC_TGCGCAGAGGGCATGT	39.23355015689305	0.0	157.1499857330141	0.0	0.0	66.53519055824421	0.0	0.0	0.0	0.0	16.539428531317288	142.71100601311554	104.06064422623672	0.0
GSM4138110_HNSCC_1_PBMC_TGCTACCCACTACAGT	21.175564404218107	0.0	106.72142350064274	105.4648059180623	30.121530588546612	0.0	0.0	0.0	81.29979197634637	0.0	0.0	0.0	0.0	0.0
GSM4138110_HNSCC_1_PBMC_TGCTACCCATTACGAC	0.0	0.0	61.90929578027963	0.0	0.0	81.74621456944278	0.0	0.0	54.90901616211457	0.0	13.189910196260971	0.0	0.0	0.0
GSM4138110_HNSCC_1_PBMC_TGCTACCTCAACCAAC	52.01541092854604	0.0	60.814186058082	0.0	0.0	0.0	0.0	0.0	0.0	0.0	0.0	141.55052719615506	0.0	0.0
GSM4138110_HNSCC_1_PBMC_TGGACGCGTCATACTG	84.98040329295411	0.0	109.24976074440659	130.55103953955657	0.0	0.0	0.0	28.387501176025637	0.0	0.0	0.0	0.0	0.0	0.0
GSM4138110_HNSCC_1_PBMC_TGGCCAGTCCTTAATC	0.0	128.6624149453737	0.0	105.35764506848798	0.0	0.0	37.59967711186424	0.0	81.86732307423432	0.0	0.0	0.0	0.0	0.0
GSM4138110_HNSCC_1_PBMC_TGGCTGGCAGTCGATT	130.88957526907723	168.05667789671267	15.482900594403839	0.0	0.0	230.0931611373892	0.0	0.0	0.0	0.0	0.0	0.0	0.0	0.0
GSM4138110_HNSCC_1_PBMC_TGGGAAGCAATGGAGC	0.0	68.8503404461594	0.0	39.93139534548511	0.0	0.0	0.0	0.0	0.0	63.86885050149865	0.0	0.0	0.0	0.0
GSM4138110_HNSCC_1_PBMC_TGGGCGTAGGGAGTAA	71.27722703576939	68.9301468689835	0.0	0.0	0.0	110.321716634126	0.0	0.0	0.0	0.0	0.0	0.0	0.0	0.0
GSM4138110_HNSCC_1_PBMC_TGGGCGTGTTCGCGAC	13.04673929207064	0.0	70.75998496273779	0.0	0.0	23.757522663680145	0.0	40.323952994257425	0.0	0.0	0.0	74.92418956406719	0.0	0.0
GSM4138110_HNSCC_1_PBMC_TGGGCGTTCAACTCTT	20.167823981196378	0.0	57.113268756474625	48.57499625878542	0.0	0.7612808894016256	0.0	86.51484397219788	0.0	0.0	0.0	0.0	0.0	0.0
GSM4138110_HNSCC_1_PBMC_TGGTTAGGTAGAAAGG	16.119793469182117	0.0	0.0	29.728570834040283	0.0	0.0	89.15176460472875	42.80911570569541	0.0	0.0	0.0	29.753493152471748	0.0	0.0
GSM4138110_HNSCC_1_PBMC_TGGTTAGTCGTCCGTT	110.80555256304221	107.3871486948938	0.0	0.0	0.0	134.23343618009892	0.0	0.0	0.0	0.0	0.0	0.0	0.0	0.0
GSM4138110_HNSCC_1_PBMC_TTAACTCGTGTTCTTT	117.9252994653306	0.0	61.70712168437574	44.99434106099781	0.0	0.0	0.0	0.0	0.0	0.0	0.0	0.0	0.0	0.0
GSM4138110_HNSCC_1_PBMC_TTAACTCGTTAGTGGG	137.89545369182056	138.80542406815275	0.0	0.0	0.0	111.24934428138106	0.0	0.0	0.0	0.0	0.0	0.0	0.0	0.0
GSM4138110_HNSCC_1_PBMC_TTAGGCATCATGTCCC	0.0	0.0	69.24566389482634	61.77409715989576	0.0	0.0	0.0	0.0	0.0	0.0	67.18022460567607	0.0	0.0	0.0
GSM4138110_HNSCC_1_PBMC_TTCTACAGTTGTGGAG	43.90845400225179	72.64608388322759	0.0	36.916983786671956	0.0	0.0	89.73978594884382	0.0	0.0	0.0	0.0	0.0	0.0	0.0
GSM4138110_HNSCC_1_PBMC_TTCTCAATCCTCTAGC	137.61063781250576	0.0	95.43740821522874	0.0	0.0	96.6523176802627	0.0	0.0	0.0	0.0	0.0	0.0	0.0	0.0
GSM4138110_HNSCC_1_PBMC_TTCTCCTTCCCGACTT	41.16003537695445	26.061723359662533	0.0	0.0	0.0	98.14686835404812	47.10505352386291	0.0	0.0	0.0	0.0	0.0	0.0	0.0
GSM4138110_HNSCC_1_PBMC_TTGACTTCATGGAATA	44.694370392046864	0.0	82.18297564512162	74.54178702413051	0.0	0.0	20.372313126606073	47.25258878799395	0.0	0.0	0.0	0.0	0.0	0.0
GSM4138110_HNSCC_1_PBMC_TTGACTTTCAGGTAAA	19.482639226502535	0.0	80.26865865951106	0.0	107.36346194521283	3.9624665325151094	0.0	0.0	0.0	0.0	0.0	0.0	30.278682104343453	36.6847123787424
GSM4138110_HNSCC_1_PBMC_TTGTAGGCAGCGTTCG	0.0	0.0	0.0	0.0	0.0	39.53877276520057	60.97563405718858	41.54428883447722	0.0	0.0	0.0	0.0	0.0	0.0
GSM4138110_HNSCC_1_PBMC_TTTACTGGTTCTGGTA	0.14783062919351864	0.0	71.3616842635889	3.3243019160983995	60.70123986945434	0.364340026359784	0.0	37.75367095441539	0.0	0.0	0.0	0.0	0.0	0.0
GSM4138110_HNSCC_1_PBMC_TTTATGCGTTTGTGTG	73.11848611069146	63.42696111692389	0.0	32.345990468377174	23.49424217059293	0.8105353897533535	0.0	0.0	0.0	0.0	0.0	0.0	0.0	0.0
GSM4138110_HNSCC_1_PBMC_TTTCCTCCAGATCCAT	77.01858267762084	0.0	90.45262767941193	27.376012091257508	55.46894984091643	0.0	0.0	0.0	0.0	0.0	0.0	0.0	0.0	0.0
GSM4138110_HNSCC_1_PBMC_TTTCCTCGTTCGCGAC	0.0	0.0	144.90879139831057	51.226093795535995	0.0	37.88939346773917	0.0	0.0	147.31000018071484	1.7299552723745204	0.0	0.0	0.0	0.0
GSM4138110_HNSCC_1_PBMC_TTTGCGCCACGAAATA	15.780564188146117	74.44134569904266	0.0	90.16260116325405	0.0	0.0	7.676420171692046	27.59792024845631	0.0	0.0	37.843723547293244	0.0	0.0	0.0
GSM4138110_HNSCC_1_PBMC_TTTGCGCGTTTCCACC	97.0488567794633	47.598902099628106	0.0	0.0	91.36484199722177	0.0	36.02101065040422	0.0	0.0	0.0	0.0	0.0	0.0	0.0
GSM4138110_HNSCC_1_PBMC_TTTGGTTAGAATTGTG	95.27735383348812	91.51189194014034	0.0	87.11763876406839	0.0	0.0	0.0	0.0	0.0	0.0	0.0	0.0	0.0	0.0
GSM4138110_HNSCC_1_PBMC_TTTGGTTAGAGCAATT	141.15800741584943	0.0	85.83090735449872	0.0	0.0	121.32930189779174	0.0	0.0	0.0	0.0	0.0	0.0	0.0	0.0
GSM4138110_HNSCC_1_PBMC_TTTGGTTGTCCGTGAC	1.0507109333965075	98.7268824802043	0.0	104.68959219209472	0.0	0.0	0.0	61.72737187653053	0.0	0.0	0.0	0.0	0.0	0.0
GSM4138110_HNSCC_1_PBMC_TTTGTCAAGTACGATA	0.0	109.70332654457869	0.0	121.87778111460769	0.0	0.0	9.738841722822404	99.52843539487496	3.1279786386828397	0.0	0.0	0.0	0.0	0.0
GSM4138110_HNSCC_1_PBMC_TTTGTCATCAGGCAAG	125.94686867131847	75.28285303304624	0.0	0.0	0.0	105.04129627790054	0.0	0.0	0.0	0.0	0.0	0.0	0.0	0.0
GSM4138110_HNSCC_1_PBMC_TTTGTCATCGCGTAGC	62.63813128028992	18.39278327941256	50.12788756153068	0.0	0.0	122.2436920563452	0.04820210065784101	0.0	0.0	0.0	0.0	0.0	0.0	0.0
GSM4138110_HNSCC_1_PBMC_ACGGAGAAGCAGGCTA	29.41132820100992	73.28778846405115	0.0	124.93402500772955	0.0	0.0	0.0	0.0	0.0	0.0	0.0	0.0	40.22574921355845	0.0
GSM4138110_HNSCC_1_PBMC_ACTATCTGTCGAGTTT	116.19422192672167	136.5083801623652	0.0	29.901981755622952	126.64421679030877	0.0	0.0	0.0	0.0	0.0	0.0	0.0	9.419099042899086	0.0
GSM4138110_HNSCC_1_PBMC_CAGTCCTGTAGAAGGA	88.27512811662044	42.97242134139665	0.0	86.7780401069933	0.0	0.0	53.98166571942751	15.302125070262901	0.0	0.0	0.0	0.0	0.0	0.0
GSM4138110_HNSCC_1_PBMC_CGATGTATCGGTCTAA	59.48024876588061	98.78244276987466	0.0	108.04436520362177	0.0	0.0	0.0	0.0	0.0	0.0	0.0	0.0	0.0	0.0
GSM4138110_HNSCC_1_PBMC_GACCTGGTCGCCAAAT	107.37894498309896	42.45907943164057	6.606762104008086	82.92297002414226	0.0	0.0	56.791612621412185	0.0	0.0	0.0	0.0	21.307329666065637	0.0	0.0
GSM4138110_HNSCC_1_PBMC_TACGGTACATGGTCAT	156.39900201681624	165.63898471971262	0.0	0.0	175.83894774965674	0.0	0.0	0.0	0.0	0.0	0.0	0.0	0.0	0.0
GSM4138110_HNSCC_1_PBMC_TTAGTTCTCGCGGATC	56.64171221675492	81.98983438210514	0.0	0.0	0.0	78.5718912312708	0.0	0.0	0.0	0.0	0.0	0.0	0.0	0.0
GSM4138110_HNSCC_1_PBMC_AAAGCAACACGCGAAA	186.8975320266778	81.76254384000042	0.0	0.0	161.53645136270478	0.0	74.00863730072888	0.0	0.0	0.0	0.0	0.0	0.0	0.0
GSM4138110_HNSCC_1_PBMC_AACTTTCGTGTATGGG	39.40499174748641	93.70766797980654	0.0	47.28171394455728	0.0	0.0	0.37706700407414634	0.0	0.0	0.0	0.0	30.770614719052116	0.0	0.0
GSM4138110_HNSCC_1_PBMC_AAGGAGCAGGGAAACA	36.46151350156481	85.07970907403619	0.0	98.21178529090264	2.752637802852394	0.0	22.622278030328182	38.983171066485376	0.0	0.0	0.0	0.0	0.0	0.0
GSM4138110_HNSCC_1_PBMC_AATCGGTGTAATCACC	142.1860635616915	63.759921680539094	0.0	113.50776971842635	0.0	0.0	48.20564576006689	0.0	0.0	0.0	0.0	0.0	0.0	0.0
GSM4138110_HNSCC_1_PBMC_ATAACGCTCACAACGT	241.64648070558277	221.72720115000067	0.0	0.0	237.75851770224318	0.0	0.0	0.0	0.0	0.0	0.0	0.0	0.0	0.0
GSM4138110_HNSCC_1_PBMC_ATCATCTTCTGGCGAC	0.0	205.23178878267956	0.0	218.80427044944466	74.06384371055482	0.0	0.0	161.56595634755018	0.0	0.0	0.0	0.0	0.0	0.0
GSM4138110_HNSCC_1_PBMC_ATCCGAATCGTTTATC	98.86787580814426	120.2651951849748	1.0764063869294678	0.0	102.37013504450674	85.63505485006942	5.653510865600605	0.0	0.0	0.0	0.0	0.0	0.0	0.0
GSM4138110_HNSCC_1_PBMC_ATGCGATTCGTGGGAA	88.1980601397454	132.57490624727643	0.0	174.7388365733824	0.0	0.0	0.0	24.447855415113246	5.080860936169147	0.0	0.9152805878891436	0.0	0.0	0.0
GSM4138110_HNSCC_1_PBMC_CAAGAAATCAGGCAAG	90.84011861678266	42.30030891388462	0.0	0.0	97.12649900731286	0.0	43.96525853666298	0.0	0.0	0.0	0.0	0.0	0.0	0.0
GSM4138110_HNSCC_1_PBMC_CACAGGCCACACCGAC	205.09887564021932	192.24722058953964	0.0	166.4482736688711	0.0	80.4996373232386	0.0	0.0	0.0	0.0	0.0	58.529531182587824	0.0	0.0
GSM4138110_HNSCC_1_PBMC_CACTCCATCTGTACGA	60.15929733076523	0.0	39.17928260724758	39.923692768000954	0.0	48.06371010379471	63.26061733694507	0.0	0.0	0.0	0.0	0.0	0.0	0.0
GSM4138110_HNSCC_1_PBMC_CCTTCCCTCGCCTGTT	57.41027471845155	4.865436967953408	0.0	0.0	65.8285762811805	0.0	60.69369479784004	0.0	0.0	0.0	0.0	0.0	0.0	0.0
GSM4138110_HNSCC_1_PBMC_CGATTGAAGACTAAGT	0.0	135.03279453442676	0.0	149.62379316548842	1.2012633881110617	0.0	0.0	97.39228895772273	0.0	0.0	0.0	0.0	0.0	0.0
GSM4138110_HNSCC_1_PBMC_CGGACGTTCTGAGTGT	110.490932404267	63.98558934893829	0.0	33.079635730917644	10.967589971716356	0.0	0.0	0.0	0.0	0.0	0.0	0.0	0.0	0.0
GSM4138110_HNSCC_1_PBMC_CGGGTCATCCCAACGG	57.88941377972887	68.54585869430716	0.0	76.96604760354165	0.0	0.0	0.0	8.599688343711257	0.0	0.0	0.0	0.0	0.0	0.0
GSM4138110_HNSCC_1_PBMC_CTCGAGGCATAGACTC	148.66976800082784	260.8787299472718	0.0	0.0	147.41559222592744	47.29652758479496	0.0	0.0	0.0	0.0	0.0	0.0	0.0	0.0
GSM4138110_HNSCC_1_PBMC_CTCGTCACAATAAGCA	122.2704499879444	184.73699370096037	0.0	0.0	89.44666833919209	77.17282097881015	0.0	0.0	0.0	0.0	0.0	0.0	0.0	0.0
GSM4138110_HNSCC_1_PBMC_CTGATCCTCTTTAGGG	127.16718161798	129.73382703078417	0.0	0.0	125.5252251999741	0.0	0.0	0.0	0.0	0.0	0.0	0.0	0.0	0.0
GSM4138110_HNSCC_1_PBMC_CTGTGCTTCTAACGGT	102.0275095371513	0.0	0.0	81.2571196235748	58.03023781771444	0.0	106.87735380669211	14.930166104345375	0.0	0.0	0.0	0.0	0.0	0.0
GSM4138110_HNSCC_1_PBMC_CTGTGCTTCTATCGCC	130.599509724423	0.0	0.0	116.47254941196034	0.0	0.0	151.89076052814127	0.0	0.5780558790719199	0.0	0.0	0.0	0.0	0.0
GSM4138110_HNSCC_1_PBMC_GACTAACGTCGACTGC	0.0	102.83972886344462	0.0	0.0	0.0	151.98948588060895	0.0	0.0	92.23465914922157	0.0	0.0	0.0	0.0	0.0
GSM4138110_HNSCC_1_PBMC_GAGGTGATCGTCCGTT	0.0	99.63614502753524	0.0	226.37278728193775	0.0	0.0	67.07777588769169	0.0	124.31356287744084	0.0	0.0	0.0	0.0	0.0
GSM4138110_HNSCC_1_PBMC_GATCAGTAGTGTACTC	133.06553700013265	153.54106113883688	0.0	0.0	0.0	114.9116576054221	0.0	0.0	0.0	0.0	0.0	0.0	0.0	0.0
GSM4138110_HNSCC_1_PBMC_GCTCTGTAGTATCTCG	0.0	3282.1077360130826	0.0	0.0	0.0	0.0	151.40923884194908	0.0	0.0	0.0	0.0	0.0	0.0	0.0
GSM4138110_HNSCC_1_PBMC_GGAACTTTCCGATATG	38.161148962677714	71.20223839058158	0.0	9.639965438755286	116.64181135115926	0.0	18.754239511892735	3.8692682212469296	49.55969552554514	23.075248866189927	0.0	0.0	0.0	0.0
GSM4138110_HNSCC_1_PBMC_GGACAGAAGCCATCGC	144.25401306956772	130.01801366231032	0.0	0.0	0.0	131.67860608794544	0.0	0.0	0.0	0.0	0.0	0.0	0.0	0.0
GSM4138110_HNSCC_1_PBMC_GGATGTTGTGCAGTAG	94.64007478279285	122.64785269337742	0.0	0.0	0.0	129.74873493161581	0.0	0.0	0.0	0.0	0.0	0.0	0.0	0.0
GSM4138110_HNSCC_1_PBMC_GTAACTGCAGCTGTTA	108.07727235592542	0.0	96.9279075449077	0.0	95.80249601574731	33.241534770399895	0.0	0.0	0.0	0.0	0.0	0.0	0.0	0.0
GSM4138110_HNSCC_1_PBMC_GTATTCTAGTAATCCC	163.37227092783624	0.0	0.0	187.26320803692397	18.74817135441059	0.0	191.56894795276028	0.0	0.0	0.0	0.0	0.0	0.0	0.0
GSM4138110_HNSCC_1_PBMC_GTGCAGCAGTCAAGCG	0.0	0.0	0.0	0.0	0.0	2786.536238449953	0.0	0.0	0.0	0.0	0.0	287.8396745978514	0.0	0.0
GSM4138110_HNSCC_1_PBMC_GTGCATACACAGGCCT	137.87950082014018	62.385275494717014	0.0	133.3930699366872	34.232548938450265	0.0	91.034304413126	0.0	0.0	0.0	0.0	0.0	0.0	0.0
GSM4138110_HNSCC_1_PBMC_TACTCGCGTTTAGCTG	157.39147856678267	112.31191083941	0.0	0.0	100.53035402204078	0.0	0.0	0.0	0.0	0.0	0.0	0.0	0.0	0.0
GSM4138110_HNSCC_1_PBMC_TACTTACGTTATGCGT	0.0	7.049646574850392	0.0	0.0	0.0	150.36480042125797	85.5678840095403	131.11999356167462	0.0	0.0	0.0	0.0	0.0	0.0
GSM4138110_HNSCC_1_PBMC_TAGCCGGGTTCAACCA	80.50036949434785	14.41567929392735	0.0	106.73105904716216	34.1235482441412	0.0	90.66344188835401	0.0	0.0	0.0	0.0	0.0	0.0	0.0
GSM4138110_HNSCC_1_PBMC_TCAGCAATCCCAAGAT	74.24760420222229	0.0	159.05923221962792	0.0	0.0	170.34568321517273	0.0	124.0718513867167	0.0	0.0	0.0	0.0	0.0	0.0
GSM4138110_HNSCC_1_PBMC_TGACGGCGTTGAGTTC	318.6071327958972	0.0	471.1855133713708	0.0	0.0	308.4809965314535	0.0	0.0	0.0	0.0	0.0	0.0	0.0	0.0
GSM4138110_HNSCC_1_PBMC_TTGCGTCGTACTTCTT	108.33965343520507	186.25446337143364	0.0	112.42945946952368	21.132273045420735	0.0	0.0	0.0	0.0	0.0	0.0	0.0	0.0	0.0
GSM4138110_HNSCC_1_PBMC_TTTGTCAGTTAAGATG	100.38785621225871	80.43848584277382	0.0	0.0	81.54701053125788	0.0	0.0	0.0	0.0	0.0	0.0	0.0	0.0	0.0
GSM4138110_HNSCC_1_PBMC_ACGCAGCTCGTCACGG	166.44547612711114	0.0	181.46850595577928	0.0	0.0	165.00105341610043	12.158085626172687	0.0	0.0	0.0	0.0	0.0	0.0	0.0
GSM4138110_HNSCC_1_PBMC_ATCATCTAGGAATCGC	0.0	40.95495336652928	0.0	0.0	138.2742991574984	0.0	97.8896536999223	0.0	0.0	0.0	0.0	0.0	166.56933676380373	0.0
GSM4138110_HNSCC_1_PBMC_TCAACGAGTTACGGAG	284.65081762433385	0.0	371.9430488179389	0.0	296.6001468547702	0.0	0.0	0.0	0.0	0.0	0.0	0.0	0.0	0.0
GSM4138110_HNSCC_1_PBMC_AAACCTGGTCTCCCTA	0.0	0.0	0.0	231.8305843035549	0.0	0.0	315.4266872936076	31.457009467234453	262.5797232587938	0.0	0.0	8.104370417924722	0.0	0.0
GSM4138110_HNSCC_1_PBMC_ACACCGGAGTACACCT	0.0	0.0	403.65176519120155	0.0	88.71131151221427	162.55592829040293	0.0	0.0	0.0	0.0	303.4001302842033	0.0	0.0	0.0
GSM4138110_HNSCC_1_PBMC_ACTGCTCGTGGTCCGT	0.0	0.0	0.0	177.76606013603777	0.0	62.8330229723134	247.05280289806674	189.93817477318538	68.82434753574465	0.0	0.0	0.0	0.0	0.0
GSM4138110_HNSCC_1_PBMC_AGCTCTCGTTAGTGGG	0.0	345.719041097515	0.0	0.0	0.0	0.0	0.0	0.0	236.6161477065954	0.0	0.0	310.72336642796455	0.0	0.0
GSM4138110_HNSCC_1_PBMC_ATGGGAGAGGATGCGT	0.0	0.0	312.7472284149362	0.0	0.0	335.08203132905686	0.0	0.0	0.0	342.6415985523704	0.0	0.0	0.0	0.0
GSM4138110_HNSCC_1_PBMC_ATTATCCTCGGAAATA	168.90588641066375	0.0	0.0	0.0	276.534862991023	0.0	291.892401039146	50.42405980513214	0.0	0.0	0.0	0.0	0.0	0.0
GSM4138110_HNSCC_1_PBMC_CATCAGATCGCAAACT	0.0	0.0	0.0	262.4317677869724	0.0	0.0	275.8966879497564	0.0	233.84824444066635	0.0	5.735641306283385	0.0	0.0	0.0
GSM4138110_HNSCC_1_PBMC_CGTAGCGCATGCAACT	207.97409964987926	185.5736554267335	22.474784634077675	0.0	377.28505826393365	0.0	164.76145908658202	0.0	0.0	0.0	0.0	0.0	0.0	0.0
GSM4138110_HNSCC_1_PBMC_CGTCACTTCACGAAGG	326.3521264171333	0.0	0.0	0.0	151.51488010405313	97.19911907381113	295.11105248668105	0.0	0.0	0.0	0.0	0.0	0.0	0.0
GSM4138110_HNSCC_1_PBMC_GCATACACACCAGCAC	0.0	0.0	248.328962474449	0.0	0.0	285.02975548949354	0.0	0.0	0.0	0.0	0.0	0.0	250.29858376682995	0.0
GSM4138110_HNSCC_1_PBMC_GCGACCAGTCGATTGT	0.0	0.0	0.0	0.0	0.0	287.70834868758243	283.4290029399561	0.0	0.0	0.0	253.3661083552034	0.0	0.0	0.0
GSM4138110_HNSCC_1_PBMC_TACTTACTCGGCGCAT	0.0	0.0	126.69756571228945	0.6593375863352257	49.279435929755294	0.0	0.0	0.0	0.0	0.0	106.64236340301089	0.0	0.0	0.0
GSM4138110_HNSCC_1_PBMC_ACCGTAAGTTACGTCA	0.0	0.0	209.20408066543257	0.0	97.67465277866381	49.4996914851233	0.0	0.0	0.0	208.53933248636648	6.14146282916987	0.0	0.0	0.0
GSM4138110_HNSCC_1_PBMC_ATCCACCAGACAGACC	0.0	10.060407691567814	0.0	129.0113097881283	0.0	0.0	107.75194024461801	0.0	0.0	0.0	122.42906935918454	0.0	0.0	0.0
GSM4138110_HNSCC_1_PBMC_ATGAGGGGTATATGGA	269.42085732526044	0.0	328.08716647969624	19.23049284117301	366.43773295363616	0.0	0.0	0.0	0.0	0.0	0.0	0.0	0.0	0.0
GSM4138110_HNSCC_1_PBMC_CACCAGGGTCAGAATA	142.83878560998295	0.0	287.25405057552	0.0	0.0	262.2241368838109	0.0	0.0	0.0	0.0	0.0	0.0	0.0	0.0
GSM4138110_HNSCC_1_PBMC_CAGCAGCTCAAAGTAG	121.35400243595612	0.0	224.2256302960046	0.0	157.54901963486452	0.0	0.0	0.0	0.0	0.0	0.0	0.0	0.0	0.0
GSM4138110_HNSCC_1_PBMC_CATCCACCAGTAACGG	0.0	0.0	165.57017165259313	204.57415788191994	0.0	0.0	0.0	213.33439494100622	0.0	0.0	0.0	0.0	0.0	0.0
GSM4138110_HNSCC_1_PBMC_CCTTTCTCATCCTAGA	185.3497488195729	0.0	184.11227661305486	0.0	5.270825195595818	133.14370894420324	0.0	0.0	0.0	0.0	0.0	0.0	0.0	0.0
GSM4138110_HNSCC_1_PBMC_CGTAGGCTCTACCAGA	0.0	0.0	188.45861339348153	0.0	168.97217739827727	0.0	0.0	0.0	0.0	188.60648110519983	0.0	0.0	0.0	0.0
GSM4138110_HNSCC_1_PBMC_CTGCCTAAGGACATTA	152.16034305770023	184.55556218557456	0.0	146.05290552708587	0.0	0.0	0.0	0.0	0.0	0.0	0.0	0.0	0.0	0.0
GSM4138110_HNSCC_1_PBMC_CTTTGCGGTGGTCCGT	0.0	0.0	106.28402916857576	158.54782894000803	0.0	0.0	0.0	0.0	137.71225952496695	0.0	0.0	0.0	0.0	0.0
GSM4138110_HNSCC_1_PBMC_GAAACTCAGACAAGCC	57.11772360129134	0.0	207.91718203263173	0.0	9.824651044950473	134.11632701510527	0.0	0.0	0.0	144.12681663727116	0.0	0.0	0.0	0.0
GSM4138110_HNSCC_1_PBMC_GACCAATAGCCCGAAA	213.92725358377066	0.0	235.39697201076493	0.6622026443135444	0.0	70.71059131140262	0.0	0.0	29.58743936377111	0.0	0.0	235.3560633053331	0.0	0.0
GSM4138110_HNSCC_1_PBMC_GACCAATAGGGCTCTC	0.0	0.0	216.98852298137786	0.0	32.414877517201695	162.62811454580608	0.0	0.0	114.35933900299199	0.0	66.31005500785868	0.0	0.0	0.0
GSM4138110_HNSCC_1_PBMC_GATGCTATCCTCTAGC	153.1768397592128	0.0	259.4979576641251	0.0	0.0	0.0	0.0	23.288034673323377	0.0	0.0	0.0	250.98485947184466	0.0	0.0
GSM4138110_HNSCC_1_PBMC_GCTGCGATCCCGACTT	116.58678058509437	0.0	118.76919250819533	0.0	95.56379195386869	0.0	0.0	0.0	0.0	0.0	0.0	0.0	0.0	0.0
GSM4138110_HNSCC_1_PBMC_GTTACAGCAAGTTGTC	86.460061718366	0.0	180.22785816753847	0.0	113.21993302932972	48.75720840117659	0.0	0.0	0.0	0.0	0.0	0.0	0.0	0.0
GSM4138110_HNSCC_1_PBMC_TAGGCATTCAGCGACC	192.87620378650254	0.0	168.91489416099193	215.06129145147813	0.0	0.0	0.0	0.0	0.0	0.0	0.0	0.0	0.0	0.0
GSM4138110_HNSCC_1_PBMC_TCGTACCTCCATGAAC	0.0	0.0	123.11876211876523	15.27615501322024	104.83938973146523	0.0	0.0	0.0	88.78640358379441	4.656679906345428	217.10296693431727	0.0	0.0	0.0
GSM4138110_HNSCC_1_PBMC_TGCGCAGAGAGTCGGT	13.85747895487643	0.0	195.4691541302899	0.0	125.0931628131468	0.0	0.0	0.0	61.61391173358643	0.0	0.0	0.0	92.37378691724861	0.0
GSM4138110_HNSCC_1_PBMC_TTGCCGTTCCTATTCA	0.0	0.0	0.0	0.0	0.0	203.85772534328643	376.77027086331793	0.0	0.0	208.38249591090877	0.0	0.0	0.0	0.0
GSM4138110_HNSCC_1_PBMC_TTTACTGAGTCCCACG	153.5346181560671	0.0	318.8092610968202	202.4860533520312	0.0	0.0	0.0	0.0	0.0	0.0	0.0	0.0	0.0	0.0
GSM4138110_HNSCC_1_PBMC_ACGGGTCGTCTTGATG	73.47439841371813	0.0	94.45481458204043	0.0	0.0	28.763434095006716	0.0	27.63570661206867	0.0	0.0	0.0	54.29474989554665	0.0	0.0
GSM4138110_HNSCC_1_PBMC_AGTGAGGAGGAATCGC	0.0	0.0	121.21195428411097	0.0	0.0	0.0	0.0	0.0	0.0	134.94472693419925	0.0	63.36905960753157	0.0	0.0
GSM4138110_HNSCC_1_PBMC_ATGTGTGCAAGCTGGA	177.7062294667307	0.0	133.07902524629273	61.22112213690646	127.93376075587297	4.8998479150385075	0.0	0.0	0.0	0.0	0.0	0.0	0.0	0.0
GSM4138110_HNSCC_1_PBMC_CGACCTTAGTTACGGG	201.55116558082426	126.69497543817718	0.0	122.36121113084185	52.45098913244065	0.0	0.0	0.0	0.0	0.0	0.0	0.0	0.0	0.0
GSM4138110_HNSCC_1_PBMC_GCGACCACATGCATGT	134.83697512058703	0.0	0.0	18.87397363168399	109.77549300239686	0.0	193.23134693562758	0.0	0.0	0.0	0.0	0.0	0.0	0.0
GSM4138110_HNSCC_1_PBMC_GGATTACGTGCATCTA	0.0	94.58796008721215	0.0	139.938124635505	0.0	0.0	64.7409713564746	10.86125920223303	35.786153429485	0.0	89.32040009606307	0.0	0.0	0.0
GSM4138110_HNSCC_1_PBMC_GTGCAGCCACCAGATT	54.16402231261916	75.353281216267	0.0	0.0	106.60286461557945	0.0	27.793757148322847	22.493264696102642	0.0	14.93454634451868	0.0	0.0	0.0	0.0
GSM4138110_HNSCC_1_PBMC_GTGCGGTTCTATGTGG	64.96319108058137	47.44625628279521	78.1764732627835	102.95144287045633	112.87821918750363	0.0	0.0	0.0	0.0	0.0	0.0	0.0	45.657142689176844	0.0
GSM4138110_HNSCC_1_PBMC_GTTCATTTCCCTCTTT	88.87162022222023	86.11051200201345	57.4529900493961	0.0	0.0	130.62579093543263	0.0	0.0	0.0	0.0	0.0	0.0	0.0	0.0
GSM4138110_HNSCC_1_PBMC_TCATTACGTAATCACC	102.33607536874923	183.22390999563225	0.0	0.0	0.0	247.57386233565273	0.0	37.60783679499967	0.0	0.0	0.0	0.0	0.0	0.0
GSM4138110_HNSCC_1_PBMC_TTGCCGTTCAGAAATG	136.50329770067222	0.0	113.80743889693909	0.0	103.58055770902703	0.0	0.0	0.0	0.0	0.0	0.0	0.0	0.0	0.0
GSM4138110_HNSCC_1_PBMC_TTTGCGCAGTAGCGGT	178.6415156971081	242.0125213301969	3.071738004040034	0.0	0.0	215.58371800449	0.0	129.11065319478493	0.0	0.0	0.0	0.0	0.0	0.0
GSM4138110_HNSCC_1_PBMC_TTTGGTTAGCACAGGT	0.0	0.0	135.40837099349386	0.0	3.939331230059458	166.91518179084682	0.0	0.0	0.0	154.94544439293614	0.0	0.0	0.0	0.0
