	1	2	3	4	5	6	7	8	9	10	11	12	13	14	15	16	17	18	19	20	21	22	23	24	25
GSM4138110_HNSCC_1_PBMC_AAACCTGAGGAGCGTT	46.898726259985445	42.75432803317027	0.0	0.0	64.39466522749498	23.615097197752238	0.0	0.0	45.806586301973084	0.0	0.0	0.0	88.08220231419646	0.0	0.0	0.0	0.0	0.0	0.0	0.0	0.0	0.0	0.0	0.0	0.0
GSM4138110_HNSCC_1_PBMC_AAACCTGCAGATGAGC	87.70122525270239	84.55406673058633	59.6308912060022	0.0	0.0	34.74399608018903	17.630618777840773	0.0	2.122269965211983	0.0	98.87234199389744	30.972984346209657	0.0	14.61430820161659	0.0	0.0	0.0	0.0	0.0	0.0	0.0	0.0	0.0	0.0	0.0
GSM4138110_HNSCC_1_PBMC_AACGTTGAGACTGGGT	9.148049523898724	81.54395218933607	26.41096173661226	18.13496693916981	0.0	11.676483568369026	0.0	0.0	0.0	0.0	47.92750551446324	27.631365413026987	0.0	0.0	0.0	0.0	0.0	0.0	0.0	1.687450443239681	0.0	0.0	0.0	0.0	0.0
GSM4138110_HNSCC_1_PBMC_AACGTTGGTTACGACT	60.055710302651065	57.34192495765808	0.0	0.0	0.0	8.994612811240318	0.0	0.0	80.62859657753495	14.92946299851794	0.0	0.0	0.0	0.0	12.046534194308588	0.0	0.0	6.283203401915861	0.0	0.0	0.0	0.0	0.0	0.0	0.0
GSM4138110_HNSCC_1_PBMC_AACGTTGTCTAAGCCA	49.17807596321926	34.4454638411777	72.29202929999366	0.0	0.0	6.059413655914021	0.0	0.0	0.0	0.0	0.0	0.0	0.0	0.0	0.0	5.9344298518541185	48.92341055340189	0.0	0.0	0.0	0.0	40.13637822604546	0.0	0.0	0.0
GSM4138110_HNSCC_1_PBMC_AACTCCCCATTTCAGG	76.07191364316535	25.868822826025337	0.0	0.0	0.0	0.0	0.0	0.0	32.907720607035394	69.28203376743032	0.0	0.0	0.0	0.0	80.05580625142288	12.305879898636453	0.0	0.0	0.0	0.0	0.0	0.0	13.538321495699343	0.0	0.0
GSM4138110_HNSCC_1_PBMC_AAGCCGCCACTTCTGC	85.74007675643765	46.90401278268757	56.16587342466367	42.61244493124988	0.0	38.75028033067497	0.0	0.0	0.0	0.0	0.0	0.0	0.0	51.13404761274457	0.0	0.0	0.0	0.0	0.0	0.0	0.0	0.0	0.0	0.0	0.0
GSM4138110_HNSCC_1_PBMC_AAGGTTCGTCTCTTAT	50.03965321825985	11.099017679643989	0.0	0.0	0.0	12.276580718718943	38.23431345042616	7.683029340772171	70.83390360142069	0.0	0.0	0.0	0.0	0.0	0.0	0.0	0.0	103.66371041817483	0.0	0.0	0.0	0.0	0.0	0.0	0.0
GSM4138110_HNSCC_1_PBMC_AAGTCTGAGTACCGGA	109.55655695923197	13.443930903793037	0.0	48.399857765136694	31.55963036016832	10.09277297104566	0.0	0.0	0.0	0.0	0.0	0.0	0.0	0.0	36.72283045190026	0.0	0.0	0.0	0.0	0.0	0.0	0.0	0.0	0.0	0.0
GSM4138110_HNSCC_1_PBMC_AAGTCTGGTTGCCTCT	58.368875712901755	68.42475608672667	0.0	0.0	0.0	7.822179131929709	0.0	0.0	0.0	40.94487414087119	16.34247941345833	0.0	0.0	0.0	0.0	0.0	45.7613643835504	2.045635195507201	0.0	0.0	0.0	0.0	0.0	0.0	0.0
GSM4138110_HNSCC_1_PBMC_AAGTCTGTCCAAACTG	69.8673862400092	105.46914793259002	0.0	55.52247023214116	0.0	0.0	50.202364030333634	0.0	0.0	54.23001831493314	0.0	0.0	0.0	0.0	0.0	16.77658100256123	0.0	13.134138459032034	0.0	0.0	0.0	0.0	0.0	0.0	0.0
GSM4138110_HNSCC_1_PBMC_ACATGGTCACATGGGA	38.02573229805886	21.373071741211653	0.0	65.8716420209797	0.0	1.7204322062574153	0.0	35.297130491653434	0.0	16.423357578267243	75.4837589128332	0.0	0.0	0.0	0.0	0.0	0.0	18.05538809123188	0.0	0.0	0.0	0.0	0.0	0.0	0.0
GSM4138110_HNSCC_1_PBMC_ACGAGCCAGTATCTCG	53.90440094259608	100.5514761095536	0.0	30.384097526579005	41.457503129149536	0.0	116.93389594086564	0.0	0.0	0.0	0.0	0.0	0.0	0.0	0.0	21.590385549439056	0.0	0.0	0.0	0.0	0.0	0.0	0.0	0.0	0.0
GSM4138110_HNSCC_1_PBMC_ACGAGCCCACTTAACG	162.2293136903566	119.46716768202357	0.0	0.0	0.0	37.47058448596859	0.0	0.0	83.95603654589021	93.69937022463182	0.0	0.0	0.0	0.0	0.0	0.0	128.83743086036415	0.0	0.0	0.0	0.0	0.0	0.0	0.0	0.0
GSM4138110_HNSCC_1_PBMC_ACTATCTTCTTCCTTC	63.20527534158688	53.38587374072946	0.0	49.68064692461146	57.38401150292837	17.61829745624393	0.0	0.0	0.0	0.0	0.0	0.0	0.0	115.25646104970083	0.0	0.0	0.0	0.0	0.0	0.0	0.0	0.0	0.0	0.0	0.0
GSM4138110_HNSCC_1_PBMC_AGAGCTTAGAGCTGGT	76.022715552535	56.461174354438555	0.0	0.0	0.0	24.452856060336075	0.0	71.03489509562012	60.57140954368849	37.661703716299776	0.0	0.0	0.0	0.0	0.0	0.0	0.0	60.476442314914834	0.0	0.0	0.0	0.0	0.0	0.0	0.0
GSM4138110_HNSCC_1_PBMC_AGATTGCGTCGCCATG	60.627025540055655	39.29603471258848	0.0	41.26254945597229	0.0	14.778739243143425	0.0	0.0	0.0	55.22226526552438	0.0	0.0	0.0	0.0	0.0	0.0	73.28125642699986	0.0	0.0	0.0	0.0	0.0	0.0	0.0	0.0
GSM4138110_HNSCC_1_PBMC_AGCGTATGTTATCCGA	78.35511972809573	61.60449732278577	0.0	0.0	117.05979061794913	21.233532847750794	0.0	54.242264555515675	0.0	0.0	30.193411364518223	0.0	0.0	0.0	0.0	0.0	0.0	0.0	0.0	0.0	0.0	0.0	0.0	0.0	0.0
GSM4138110_HNSCC_1_PBMC_AGGCCACAGTACTTGC	48.05358838182199	63.77272353168386	0.0	23.405888076641677	39.5372350849581	10.539685770633195	0.0	0.0	0.0	0.0	0.0	0.0	78.70305637217143	8.758038836469664	0.0	0.0	0.0	0.0	0.0	0.0	0.0	0.0	0.0	0.0	0.0
GSM4138110_HNSCC_1_PBMC_AGGCCACCACTAAGTC	103.5307603741325	141.04846779691536	147.23409594639696	0.0	0.0	30.948209756680896	0.0	0.0	229.45524905365158	0.0	0.0	0.0	83.18732209424142	0.0	0.0	0.0	0.0	0.0	0.0	0.0	0.0	0.0	0.0	0.0	0.0
GSM4138110_HNSCC_1_PBMC_AGTAGTCTCTTAGCCC	29.449503229506696	24.39861713032106	0.0	124.5679787235058	0.0	20.350654669123116	0.0	0.0	0.0	0.0	0.0	0.0	0.0	57.55011708356301	0.0	0.0	0.0	0.0	0.0	0.0	0.0	0.0	0.0	0.0	0.0
GSM4138110_HNSCC_1_PBMC_AGTGAGGGTGGCCCTA	194.43337160440515	54.0522097078118	50.80741112984195	0.0	0.0	25.018202402743437	0.0	0.0	38.72178887776395	0.0	0.0	0.0	0.0	0.0	0.0	0.0	0.0	0.0	88.50122042976477	0.0	0.0	0.0	0.0	0.0	0.0
GSM4138110_HNSCC_1_PBMC_AGTGTCATCTCGCATC	124.19847230668601	36.6030886078113	28.437559611676893	27.31404286924792	0.0	12.093747450763084	0.0	0.0	0.0	0.0	0.0	41.787489331104695	0.0	0.0	0.0	0.0	0.0	0.0	0.0	0.0	0.0	0.0	0.0	0.0	0.0
GSM4138110_HNSCC_1_PBMC_AGTTGGTCATGGTTGT	83.8946090097588	92.29791913409072	0.0	0.0	0.0	18.134346505572196	78.07726315876116	0.0	72.85399128008659	0.0	0.0	0.0	0.0	0.0	0.0	12.751128803471756	0.0	82.71407533877193	0.0	0.0	0.0	0.0	0.0	0.0	0.0
GSM4138110_HNSCC_1_PBMC_AGTTGGTTCTTGGGTA	76.76388175779816	23.16446679090751	57.257495880326566	25.878821516391223	0.0	10.322759381793034	0.9101449741941421	45.545286986606996	0.0	0.0	0.0	0.0	0.0	0.0	0.0	0.0	0.0	0.0	0.0	0.0	0.0	0.0	0.0	0.0	0.0
GSM4138110_HNSCC_1_PBMC_ATCTACTAGGGTGTGT	102.4088210840534	116.72366176101204	0.0	0.0	0.0	18.348022378939607	161.23020799430978	40.5545317052804	0.0	0.0	199.46654373560926	0.0	0.0	0.0	0.0	0.0	0.0	139.9371210693504	0.0	0.0	0.0	0.0	0.0	0.0	0.0
GSM4138110_HNSCC_1_PBMC_ATCTACTAGTACGTTC	53.0745688077086	69.20042810976233	5.156219044584013	0.0	25.43195884659307	37.13578660038212	0.0	0.0	61.60159686968094	0.0	0.0	0.0	0.0	0.0	0.0	38.64243068128631	50.40383193461603	42.079682815822224	0.0	0.0	0.0	0.0	0.0	0.0	0.0
GSM4138110_HNSCC_1_PBMC_ATGAGGGCAAGCGATG	81.91081292097358	54.07962802680572	0.0	0.0	0.0	13.430275783771197	0.0	0.0	0.0	41.80795359167175	32.202494038142696	0.0	0.0	0.0	49.90675865111088	0.0	0.0	0.0	0.0	0.0	0.6466478267062159	0.0	0.0	0.0	0.0
GSM4138110_HNSCC_1_PBMC_ATGAGGGCACACAGAG	70.82153379287102	66.61494484469745	0.0	0.0	0.0	19.37724154939851	25.716283103651133	0.0	0.0	11.949046337399647	62.481953886654864	0.0	0.0	17.689375693679697	0.0	0.0	0.0	0.0	0.0	0.0	0.0	0.0	0.0	0.0	0.0
GSM4138110_HNSCC_1_PBMC_ATGCGATGTTTGACAC	56.76033163492625	23.940304175362417	0.0	0.0	0.0	20.895520111575504	40.13822115902884	0.0	27.23375072710455	69.23204493030167	0.0	0.0	0.0	0.0	0.0	0.0	0.0	0.0	0.0	0.0	0.0	0.0	0.0	0.0	0.0
GSM4138110_HNSCC_1_PBMC_ATGTGTGCATGCGCAC	90.0094933714782	25.51213822019383	0.0	0.0	0.0	13.074788275674711	0.0	0.0	51.918448839972996	0.0	0.0	0.0	0.0	39.708373245674736	0.0	0.0	0.0	23.57465096621018	0.0	0.0	0.0	0.0	0.0	0.0	0.0
GSM4138110_HNSCC_1_PBMC_ATTACTCTCATGCTCC	107.56985540509301	119.32892406924232	0.0	20.46721158607022	0.0	55.99361599096537	0.0	0.0	0.0	26.623734784877538	0.0	82.94908797541399	0.0	0.0	0.0	0.0	0.0	0.0	0.0	0.0	0.0	0.0	0.0	0.0	0.0
GSM4138110_HNSCC_1_PBMC_ATTATCCGTCACACGC	67.35927530659195	78.4338240091539	95.54854945186257	0.0	0.0	22.167227214671136	0.0	0.0	0.0	0.0	17.174068397301166	0.0	0.0	0.0	0.0	0.0	73.29275492406826	0.0	0.0	0.0	0.0	0.0	0.0	0.0	0.0
GSM4138110_HNSCC_1_PBMC_ATTGGACAGAGATGAG	87.71668567701279	19.139235081609662	61.39302384532915	17.120548314943438	0.0	11.85640197106855	72.85944646385971	0.0	0.0	0.0	37.387926929610735	0.0	0.0	0.0	0.0	8.558327471159187	2.088602594251614	0.0	0.0	0.0	0.0	0.0	0.0	0.0	0.0
GSM4138110_HNSCC_1_PBMC_ATTGGTGCAGTGAGTG	80.63266491750143	39.14873427659264	0.0	48.46628277087499	46.14311832424029	27.67884695612858	0.0	0.0	0.0	0.0	0.0	0.0	0.0	0.0	0.0	0.0	0.0	0.0	43.65287219794244	0.0	0.0	0.0	0.0	0.0	0.0
GSM4138110_HNSCC_1_PBMC_CAACCAAGTTATCGGT	31.00146229055147	52.44870865082645	0.0	0.0	14.008672970733542	22.88271743820107	69.0779444033423	0.0	0.0	0.0	20.207749429405684	0.0	0.0	0.0	0.0	0.0	0.0	19.661054019338252	0.0	0.0	0.0	0.0	0.0	0.0	0.0
GSM4138110_HNSCC_1_PBMC_CAACCAATCCTTGACC	40.13270746116803	44.18324878550352	43.763551996986344	0.0	0.0	25.866283591337226	0.0	0.0	0.0	0.0	16.46219662178291	0.0	32.248795474716765	0.0	0.0	0.0	0.0	0.0	0.0	0.0	25.255324527073704	0.0	0.0	0.0	0.0
GSM4138110_HNSCC_1_PBMC_CACAGTAGTCTCCATC	99.78407915306711	1.3038253814638325	0.0	119.9492965052274	0.0	27.115948421139	1.2685397865328705	76.12625787587092	0.0	8.337100398791046	0.0	0.0	0.0	0.0	0.0	0.0	0.0	4.731487885102344	0.0	0.0	0.0	0.0	0.0	0.0	4.4291730556110265
GSM4138110_HNSCC_1_PBMC_CACATAGCAAAGCGGT	78.5753499703187	66.99175889944965	27.365846646700113	0.0	0.0	9.713427525331868	0.0	0.0	5.232165616312562	0.0	0.0	0.0	0.0	65.80728000038157	0.0	0.0	0.0	0.0	0.0	0.0	0.0	0.0	0.0	0.0	0.0
GSM4138110_HNSCC_1_PBMC_CACATAGCACCTCGTT	42.87957456948725	40.2606027345641	0.0	0.0	0.0	22.89349000666863	0.0	0.0	43.09939761759631	52.089317543106446	0.0	0.0	0.0	0.0	0.0	0.0	57.14095713030072	20.4902061073521	0.0	0.0	0.0	0.0	0.0	0.0	0.0
GSM4138110_HNSCC_1_PBMC_CACATTTGTGCACTTA	57.91605336519547	43.898753324757976	24.57895801789149	0.0	0.0	0.0	65.76214517119841	0.0	0.0	0.0	43.85129665956049	0.0	0.0	0.0	0.0	16.23865846727014	0.0	6.638735985343468	0.0	0.0	0.0	0.0	0.0	0.0	0.0
GSM4138110_HNSCC_1_PBMC_CACATTTTCCCATTAT	28.545439207190043	32.85713153395188	0.0	0.0	59.87043034369901	0.0	0.0	0.0	0.0	0.0	51.41817718389859	0.0	0.0	0.0	0.0	11.232404466629927	47.059901389644985	0.0	0.0	0.0	0.0	0.0	0.0	0.0	0.0
GSM4138110_HNSCC_1_PBMC_CACATTTTCTGGTTCC	83.69553106993818	21.754498518925566	45.77441502264685	0.0	0.0	11.943987741468861	45.92653468488656	0.0	0.0	0.0	18.261383544738585	0.0	0.0	0.0	0.0	0.0	0.0	0.0	0.0	40.01423606281982	0.0	0.0	0.0	0.0	0.0
GSM4138110_HNSCC_1_PBMC_CACCAGGTCGTGGGAA	89.56707484481743	85.24273662763046	0.0	62.27312664166276	0.0	22.465697536121272	0.0	0.0	0.0	38.97423377736995	0.0	40.17201363394007	0.0	0.0	0.0	0.0	0.0	0.0	0.0	0.0	18.450458329635254	0.0	0.0	0.0	0.0
GSM4138110_HNSCC_1_PBMC_CAGCAGCCAATGGTCT	51.14549743994131	59.31690092702331	37.29864715027743	0.0	0.0	0.0	0.0	0.0	0.0	0.0	0.0	0.0	0.0	0.0	59.99358931283651	9.91507422973553	0.0	0.0	0.0	0.0	0.0	17.693433094291972	0.0	0.0	0.0
GSM4138110_HNSCC_1_PBMC_CAGCATAGTCCGAGTC	74.4486440629455	62.80316576361861	77.96178784458935	0.0	0.0	34.76174024499243	0.0	0.0	0.0	0.0	20.10663398316286	0.0	0.0	15.955292395898441	0.0	0.0	0.0	0.0	0.0	0.0	0.0	0.0	0.0	0.0	0.0
GSM4138110_HNSCC_1_PBMC_CAGCCGAAGCCCAACC	74.5097290495239	45.798914351419086	55.72112998144528	0.0	0.0	0.0	0.0	11.025205425368764	0.0	0.0	50.063689295306695	0.0	0.0	0.0	0.0	18.292526894916065	24.551919593008897	0.0	0.0	0.0	0.0	0.0	0.0	0.0	0.0
GSM4138110_HNSCC_1_PBMC_CAGCCGACATCGACGC	53.76269713482328	78.86608307122269	0.0	46.33926851617991	0.0	22.296444862593027	0.0	0.0	0.0	41.04374204412388	0.0	0.0	0.0	0.0	0.0	0.0	45.56124070372079	0.0	0.0	0.0	0.0	0.0	0.0	0.0	0.0
GSM4138110_HNSCC_1_PBMC_CATATTCTCCGCGTTT	78.02255776067717	65.54617839946991	0.0	46.31868806272322	0.0	13.737413520825227	0.0	34.201752242156005	0.0	21.968136345622874	0.0	0.0	0.0	0.0	0.0	0.0	0.0	27.803966676618977	0.0	0.0	0.0	0.0	0.0	0.0	0.0
GSM4138110_HNSCC_1_PBMC_CCAATCCCATTAGCCA	113.86926642874344	92.70370713596122	0.0	0.0	0.0	17.369993470370833	0.0	62.80691721986536	0.0	37.965956807211725	36.597363187827526	0.0	0.0	0.0	0.0	0.0	0.0	29.521136051844028	0.0	0.0	0.0	0.0	0.0	0.0	0.0
GSM4138110_HNSCC_1_PBMC_CCACGGAAGATCGGGT	31.43580110504247	51.057724283574586	48.87798847542397	48.37488750236107	0.0	0.0	0.0	95.98787925118329	0.0	0.0	0.0	25.22831357078591	0.0	0.0	0.0	1.8648461932678067	0.0	0.0	0.0	0.0	0.0	0.0	0.0	0.0	0.0
GSM4138110_HNSCC_1_PBMC_CCATGTCAGAGGTAGA	81.69000346541462	74.72455878874	0.0	0.0	0.0	33.54143713808377	0.0	33.159260716443825	24.631671356267024	0.0	0.0	11.899141562909465	0.0	38.63721561338434	0.0	0.0	0.0	51.62472415342311	0.0	0.0	0.0	0.0	0.0	0.0	0.0
GSM4138110_HNSCC_1_PBMC_CCATGTCCATGCCCGA	88.35337950659745	87.84692015944289	42.33012030254877	0.8877592237779596	0.0	0.0	0.0	0.0	0.0	0.0	19.223510797591523	0.0	90.63496664455597	0.0	0.0	38.27922188313467	0.0	12.30918338589123	0.0	0.0	0.0	0.0	0.0	0.0	0.0
GSM4138110_HNSCC_1_PBMC_CCGGTAGAGCTCCTCT	62.325344348563796	56.443840352281896	68.98566668028253	0.0	0.0	0.0	0.0	0.0	0.0	0.0	0.0	0.0	0.0	0.0	36.767590952950215	9.388868379577605	0.0	0.0	0.0	0.0	0.0	54.159502989282196	0.0	0.0	0.0
GSM4138110_HNSCC_1_PBMC_CCTCTGAAGGGATCTG	49.30854915034618	55.382050050318114	32.88013938940084	0.0	0.0	14.56263138377193	0.0	0.0	0.0	0.0	0.0	0.0	0.0	0.0	56.18741161363079	0.0	0.0	0.0	0.0	0.0	0.0	0.0	0.0	39.00797557015225	0.0
GSM4138110_HNSCC_1_PBMC_CGAACATGTTCGTTGA	50.6842599949707	38.60274711186934	69.98933275011825	24.528244596846257	0.0	0.0	0.0	0.0	0.0	0.0	0.0	0.0	0.0	0.0	30.712158319739736	12.009656621195175	0.0	0.0	0.0	0.0	0.0	0.0	0.0	0.0	0.0
GSM4138110_HNSCC_1_PBMC_CGAACATTCTGTCCGT	51.49134084552747	38.24343457691847	0.0	0.0	0.0	18.092478719275867	47.42865435855222	0.0	0.0	5.5882302418463805	65.05853948101296	0.0	0.0	0.0	0.0	0.0	0.0	56.94949512830684	0.0	0.0	0.0	0.0	0.0	0.0	0.0
GSM4138110_HNSCC_1_PBMC_CGAATGTAGCGTCTAT	82.31642762820096	49.700580530581036	18.995334465349977	0.0	3.19984159490069	28.244184256392693	0.0	31.850426071269453	0.0	0.0	18.85475019233726	0.0	0.0	0.0	0.0	0.0	0.0	0.0	0.0	0.0	0.0	23.758731021599008	0.0	0.0	0.0
GSM4138110_HNSCC_1_PBMC_CGGGTCAAGTCTCGGC	53.93741318879087	26.85169520546925	0.0	6.380464303643628	0.0	11.692436812297139	47.38445422225147	0.0	0.0	111.87753589111111	0.0	0.0	0.0	0.0	0.0	0.0	0.0	0.0	0.0	0.0	0.0	0.0	0.0	0.0	0.0
GSM4138110_HNSCC_1_PBMC_CGTCTACCAAGCGTAG	64.20740653557363	36.7210187743542	0.0	0.0	0.0	10.226742924800448	0.0	109.26952635449724	52.50130256461276	0.0	0.0	0.0	0.0	0.0	0.0	0.0	0.0	66.39050390750869	0.0	0.0	0.0	0.0	0.0	0.0	0.0
GSM4138110_HNSCC_1_PBMC_CGTGTCTAGGTCGGAT	76.77928119698754	51.674606345454045	57.40643589327907	63.1070031732309	0.0	46.233878781232534	0.0	0.0	0.0	0.0	0.0	60.66195625116846	0.0	0.0	0.0	0.0	0.0	3.600553880270234	0.0	0.0	0.0	0.0	0.0	0.0	0.0
GSM4138110_HNSCC_1_PBMC_CGTTAGACATCCAACA	91.68019390452663	24.95045543533209	71.44773174517037	0.0	0.0	10.754546821083588	0.0	16.81706470055504	0.0	36.2146608924451	8.992210391214707	0.0	0.0	0.0	0.0	0.0	0.0	0.0	0.0	0.0	0.0	0.0	0.0	0.0	0.0
GSM4138110_HNSCC_1_PBMC_CGTTGGGCATATGCTG	49.353083074937956	52.049563996257795	0.0	0.0	52.061599641705314	6.928268529356044	0.0	0.0	26.595582817151996	0.0	0.0	26.37426887891294	0.0	30.0649336879758	0.0	0.0	0.0	0.0	0.0	0.0	0.0	0.0	0.0	0.0	0.0
GSM4138110_HNSCC_1_PBMC_CTAATGGTCTCGCTTG	43.18765138133016	44.03378227637808	17.566627993871688	47.594625788696476	0.0	32.39094997529693	23.526637046502106	13.68637982406526	0.0	0.0	0.0	0.0	0.0	0.0	0.0	0.0	0.0	0.0	0.0	0.0	0.0	0.0	0.0	0.0	0.0
GSM4138110_HNSCC_1_PBMC_CTACATTTCACCAGGC	76.67937287100516	76.62029159786826	38.98790732190671	0.0	0.0	0.0	0.0	33.32364302932858	0.0	0.0	0.0	0.0	0.0	0.0	0.0	23.357546270312046	11.047308116977321	0.0	0.0	0.0	0.0	0.0	0.0	49.268613376599916	0.0
GSM4138110_HNSCC_1_PBMC_CTACGTCTCGAACGGA	41.24200266400048	36.207570334710375	0.0	0.0	57.62538666784374	30.61393023467348	0.0	0.0	0.0	0.0	0.0	18.846391853683716	0.0	0.0	0.0	0.0	0.0	0.0	0.0	0.0	0.0	14.460417136712977	0.0	11.321272276666209	0.0
GSM4138110_HNSCC_1_PBMC_CTAGAGTCACTTACGA	77.4305308804669	71.69966812550628	0.0	0.0	0.0	13.315895938335293	0.0	85.23064846594168	17.70237697330334	36.80793495379647	0.0	0.0	0.0	0.0	0.0	0.0	0.0	0.0	0.0	0.0	0.0	0.0	0.0	0.0	0.0
GSM4138110_HNSCC_1_PBMC_CTCAGAATCCGGGTGT	84.71393458808592	54.95289277280034	32.634060690378114	0.0	0.0	7.566983260233786	0.0	0.0	25.410341874313808	0.0	0.0	0.0	46.91830480801921	0.0	0.0	9.984630559371565	21.746222160013442	0.0	0.0	0.0	0.0	0.0	0.0	0.0	0.0
GSM4138110_HNSCC_1_PBMC_CTCGGGATCAATACCG	23.28709372731568	88.426767277785	0.0	43.3986873425071	78.43663325541142	20.782695415043637	0.0	0.0	0.0	0.0	0.0	0.0	149.49892903968842	0.0	0.0	0.0	0.0	0.0	0.0	0.0	0.0	0.0	0.0	0.0	0.0
GSM4138110_HNSCC_1_PBMC_CTCGTACAGATCGGGT	141.94838288164243	152.17855619220884	122.2385593610108	0.0	0.0	10.291137505792639	0.0	29.815402857663962	0.0	0.0	0.0	0.0	145.939641873089	0.0	0.0	34.322508162966635	0.0	0.0	0.0	195.575536919009	0.0	0.0	0.0	0.0	0.0
GSM4138110_HNSCC_1_PBMC_CTCGTACTCTGTCCGT	96.13715728594212	74.84385710910213	0.0	37.329431904682224	0.0	0.0	65.03647140124353	0.0	0.0	81.30712579974572	0.0	0.0	0.0	0.0	0.0	15.940645448547478	0.0	0.0	0.0	0.0	0.0	0.0	0.0	0.0	0.0
GSM4138110_HNSCC_1_PBMC_CTCTGGTAGGCGTACA	36.977917856439426	43.52786076721243	0.0	0.0	45.853956715063866	20.273238396275893	35.443062249499945	0.0	0.0	0.0	0.0	0.0	0.0	0.0	0.0	0.0	0.0	0.0	0.0	8.221091551476736	0.0	0.0	0.0	0.0	0.0
GSM4138110_HNSCC_1_PBMC_CTGAAACTCCGAGCCA	43.41226107469085	34.81724986506531	0.0	0.0	0.0	19.63919006394758	4.86615027644848	65.28801791772926	0.0	23.688305835490098	52.43022089973171	0.0	0.0	0.0	0.0	0.0	0.0	16.344584620773777	0.0	0.0	0.0	0.0	0.0	0.0	0.0
GSM4138110_HNSCC_1_PBMC_CTGAAGTAGCGATCCC	91.40604340808464	33.33183557981297	30.08557395854737	39.86154686939768	0.0	26.87220068505706	0.0	0.0	0.0	0.0	0.0	0.0	0.0	41.957614532124204	0.0	0.0	0.0	22.208715760075936	0.0	0.0	0.0	0.0	0.0	0.0	0.0
GSM4138110_HNSCC_1_PBMC_CTGATAGAGATCTGCT	43.81918661115627	26.170738409614245	27.21732141235947	88.59787639892224	0.0	0.0	0.0	0.0	0.0	0.0	0.0	0.0	46.96881267497407	3.343138252796409	0.0	20.96084906839451	0.0	0.0	0.0	0.0	0.0	0.0	0.0	0.0	0.0
GSM4138110_HNSCC_1_PBMC_CTGATAGAGCCTTGAT	64.89701629165253	69.90201936093648	0.0	51.3225148430669	57.53928621157851	27.792125082585198	0.0	0.0	0.0	0.0	0.0	0.0	36.385536592235184	0.0	19.27585009344846	0.0	1.8369864306676469	0.0	0.0	0.0	0.0	0.0	0.0	0.0	0.0
GSM4138110_HNSCC_1_PBMC_CTGCCTAAGGTGCTTT	110.21439732503157	58.10246755888627	94.7223005969063	0.0	0.0	0.0	0.0	0.0	28.76913882762455	0.0	0.0	0.0	0.0	20.006113193445135	0.0	16.84320999620373	0.0	0.0	0.0	0.0	0.0	0.0	0.0	0.0	0.0
GSM4138110_HNSCC_1_PBMC_CTGCCTATCACGACTA	33.286536305231316	80.01701946156894	0.0	9.909917188060684	42.131684657765796	8.394822109224071	0.0	0.0	0.0	0.0	0.0	0.0	0.0	79.96511867426545	0.0	0.0	0.0	0.0	0.0	0.0	0.0	0.0	0.0	0.0	0.0
GSM4138110_HNSCC_1_PBMC_CTGGTCTTCGAGAACG	60.67101862877522	22.211567243951848	35.39025600266194	0.0	0.0	9.491163342704338	0.0	0.0	47.80852665624829	0.0	0.0	0.0	10.332960532933326	22.883855038507235	0.0	0.0	0.0	0.0	0.0	0.0	0.0	0.0	0.0	0.0	0.0
GSM4138110_HNSCC_1_PBMC_CTGTTTAAGTGGAGTC	55.76506762329003	19.87197975522039	53.01691347371266	0.0	15.558294376593501	16.813752174918864	21.650538808152607	0.0	0.0	0.0	46.45818928545503	0.0	0.0	0.0	0.0	0.0	0.0	0.0	0.0	0.0	0.0	0.0	0.0	0.0	0.0
GSM4138110_HNSCC_1_PBMC_GAACATCTCCCTAATT	106.9497808915668	100.18510462044885	95.11088933555509	0.0	0.0	42.97703338419998	21.74121045780669	24.397311083821307	0.0	0.0	44.09620820740994	0.0	0.0	0.0	0.0	0.0	0.0	0.0	23.272189719279435	0.0	0.0	0.0	0.0	0.0	0.0
GSM4138110_HNSCC_1_PBMC_GAACCTATCTGAGGGA	79.94102038101632	25.84800226716736	44.02226429645077	21.233798249266886	0.0	0.0	0.0	0.0	0.0	0.0	0.0	0.0	0.0	54.602806907481096	0.0	11.61802064119984	0.0	0.0	0.0	3.736712482298227	0.0	0.0	0.0	0.0	0.0
GSM4138110_HNSCC_1_PBMC_GAATGAATCAGTTAGC	50.4520375392877	22.522328189644007	7.054627555728106	0.0	0.0	0.0	0.0	0.0	0.0	0.0	14.304879097222273	0.0	0.0	0.0	0.0	13.284581477744913	54.30599643132103	9.409143299361245	0.0	0.0	0.0	0.0	0.0	39.54864658724133	0.0
GSM4138110_HNSCC_1_PBMC_GATCGATAGTACACCT	80.71459624569783	60.470738795024275	42.97355458768092	0.0	0.0	23.090933181258688	22.620302859165907	18.097970269890205	31.053727352272567	0.0	0.0	0.0	0.0	0.0	0.0	0.0	0.0	0.0	0.0	0.0	0.0	0.0	0.0	0.0	0.0
GSM4138110_HNSCC_1_PBMC_GATCGATTCAGCATGT	72.98985658558641	58.25029014062163	0.0	65.51758984885006	92.10800089964302	18.35005483714306	0.0	0.0	0.0	0.0	0.0	0.0	0.0	0.0	0.0	0.0	72.85596173929106	0.0	0.0	0.0	0.0	0.0	0.0	0.0	0.0
GSM4138110_HNSCC_1_PBMC_GATGAAATCCAAGCCG	84.5076780453901	40.13726020157368	0.0	80.16510204820368	0.0	17.59549408797632	62.750821911616676	0.0	0.0	21.401295850437037	0.0	0.0	0.0	0.0	0.0	0.0	0.0	0.0	0.0	0.0	0.0	0.0	0.0	0.0	0.0
GSM4138110_HNSCC_1_PBMC_GCACATAAGGTGTGGT	48.37179291089354	42.95070423776444	23.113400687271376	0.0	0.0	0.0	0.0	0.0	121.32185040902199	0.0	0.0	0.0	0.0	0.0	0.0	11.050545489382595	38.35449303154938	22.533677432071347	0.0	0.0	0.0	0.0	0.0	0.0	0.0
GSM4138110_HNSCC_1_PBMC_GCACTCTGTACAGTGG	58.4137985579736	54.67026892754534	30.16417165897397	0.0	0.0	23.01741597335267	0.0	0.0	58.49098940700662	0.0	0.0	138.2849523640883	0.0	0.0	0.0	0.0	0.0	0.0	15.684741616476392	0.0	0.0	0.0	0.0	0.0	0.0
GSM4138110_HNSCC_1_PBMC_GCCTCTAAGTTAAGTG	56.05847387196512	42.7485127167171	0.0	0.0	36.66308238017151	13.460133571204192	0.0	0.0	25.583459648910434	0.0	0.0	41.582161404516846	0.0	0.0	0.0	0.0	0.0	0.0	0.0	0.0	0.0	0.0	0.0	0.0	0.0
GSM4138110_HNSCC_1_PBMC_GCCTCTAGTTGAACTC	59.78548907547107	34.23052296632681	0.0	0.0	0.0	0.0	45.72911106104573	0.0	0.0	40.05474234317824	38.94678875432189	0.0	0.0	0.0	0.0	8.893495482212277	0.0	5.898250616249025	0.0	0.30902022234999654	0.0	0.0	0.0	0.0	0.0
GSM4138110_HNSCC_1_PBMC_GCGAGAAAGTGACATA	51.49095057497499	46.13663482895466	0.0	0.0	146.90301364916158	14.0486227386684	15.537119541142241	56.64960250587552	23.37627885868621	0.0	0.0	0.0	0.0	0.0	0.0	0.0	0.0	0.0	0.0	0.0	0.0	0.0	0.0	0.0	0.0
GSM4138110_HNSCC_1_PBMC_GCTGCAGGTCCTCTTG	74.00910829032297	27.487946587840515	0.0	0.0	0.0	0.0	66.53747961267086	0.0	0.0	61.15613879975914	0.0	0.0	0.0	0.0	0.0	25.745384563873582	0.0	0.0	0.0	18.07733688773534	0.0	0.0	0.0	0.0	0.0
GSM4138110_HNSCC_1_PBMC_GGAAAGCAGTCAATAG	90.03129279608267	65.26635984810207	0.0	33.544844389153894	0.0	9.864525874071067	72.765353437579	0.0	0.0	8.235675535189943	0.0	0.0	0.0	0.0	0.0	2.153488118861667	0.0	59.66262725216254	0.0	0.0	0.0	0.0	0.0	0.0	0.0
GSM4138110_HNSCC_1_PBMC_GGAACTTGTTTACTCT	50.545898450927034	20.742653406252295	5.880023572861336	0.0	0.0	20.90365138266077	0.0	36.10637436887866	39.05660253680282	0.0	0.0	0.0	0.0	0.0	0.0	0.0	0.0	45.5664427358134	0.0	0.0	0.0	0.0	0.0	0.0	0.0
GSM4138110_HNSCC_1_PBMC_GGCAATTGTCCTCTTG	25.911085976496512	26.927108280194144	0.0	0.0	0.0	23.194228552737954	0.0	56.15025838864955	0.0	12.788000159023188	0.0	0.0	0.0	0.0	0.0	0.0	0.0	0.0	0.0	27.470990935643016	0.0	0.0	0.0	0.0	23.393791348633634
GSM4138110_HNSCC_1_PBMC_GGGACCTAGGCCCTTG	71.09996165871138	25.088680513561556	38.95553258323578	13.924599479779463	0.0	17.94181653681593	0.0	0.0	0.0	0.0	0.0	45.14117635372398	0.0	0.0	0.0	0.0	0.0	0.0	0.0	0.0	0.0	0.0	0.0	0.0	0.0
GSM4138110_HNSCC_1_PBMC_GGGACCTTCGTCCAGG	42.613149691352824	41.08993476679834	31.147221627817544	9.696719041893585	0.0	15.897690319832208	0.0	0.0	33.71988776749185	0.0	0.0	0.0	0.0	66.80082802426124	0.0	0.0	0.0	0.0	0.0	0.0	0.0	0.0	0.0	0.0	0.0
GSM4138110_HNSCC_1_PBMC_GGGATGACAATGGTCT	106.7456110426816	62.11042966672546	64.32588083338699	0.0	0.0	11.69021587328094	47.57451327299998	0.0	2.2546285079400117	0.0	0.0	0.0	0.0	0.0	0.0	0.0	0.0	0.0	0.0	0.0	0.0	0.0	0.0	0.0	0.0
GSM4138110_HNSCC_1_PBMC_GGGCACTGTCTAGGTT	81.13348644714742	53.555110927552704	0.0	47.41222027337378	82.6920341620273	23.163678697217023	0.0	0.0	0.0	0.0	1.169329550315807	50.588649391860294	20.333650000887125	0.0	0.0	0.0	0.0	0.0	0.0	0.0	0.0	0.0	0.0	0.0	0.0
GSM4138110_HNSCC_1_PBMC_GGTATTGTCCTTCAAT	74.45310592994555	60.111075873352405	0.0	0.0	0.0	0.0	0.0	27.050916742829326	14.411961374969632	0.0	53.5715145149942	0.0	0.0	0.0	0.0	31.227904045657187	0.0	52.308022452616434	0.0	0.0	0.0	0.0	0.0	0.0	0.0
GSM4138110_HNSCC_1_PBMC_GGTGTTACAATCCAAC	65.52168961290629	50.52456966341236	0.0	32.89866673677795	0.0	0.0	32.08277445613245	0.0	0.0	0.0	0.0	0.0	0.0	0.0	0.0	14.552295264506647	0.0	48.18778417041725	0.0	0.0	0.0	0.0	0.0	0.0	0.0
GSM4138110_HNSCC_1_PBMC_GGTGTTACAGCCACCA	75.61397661899667	32.57131953924241	52.51829793068856	24.507376144682457	0.0	36.69872973738001	0.0	0.0	0.0	0.0	0.0	0.0	0.0	56.350733595138436	0.0	0.0	0.0	0.0	0.0	0.0	0.0	0.0	0.0	0.0	0.0
GSM4138110_HNSCC_1_PBMC_GTAACGTTCGTATCAG	118.48145157945541	74.53436626954618	0.0	77.55346714628466	68.4339175872112	32.96996133787982	0.0	0.0	0.0	0.0	0.0	0.0	99.35922242881718	12.523542675051528	0.0	0.0	0.0	0.0	0.0	0.0	0.0	0.0	0.0	0.0	0.0
GSM4138110_HNSCC_1_PBMC_GTATTCTTCTTCCTTC	53.42062282937965	28.14123355949583	59.86993151028074	0.0	0.0	22.414057811543916	0.0	59.2756127732217	0.0	0.0	45.323173186436435	0.0	0.0	0.0	0.0	0.0	0.0	0.0	0.0	0.0	0.0	0.0	0.0	0.0	0.0
GSM4138110_HNSCC_1_PBMC_GTCAAGTGTGGGTATG	94.48680660379902	56.107496580640685	60.3397222201993	0.0	0.0	12.7306422180813	0.0	0.0	8.354636489505767	0.0	0.0	0.0	0.0	0.0	34.27362705958976	0.0	0.0	0.0	0.0	0.0	0.0	0.0	44.33675923728433	0.0	0.0
GSM4138110_HNSCC_1_PBMC_GTCACGGGTGCAACGA	0.0	414.5629721693319	0.0	0.0	445.9893916792357	0.0	0.0	0.0	0.0	0.0	364.00226464293826	0.0	12.680807534262863	0.0	0.0	0.0	0.0	0.0	0.0	547.3877748226273	0.0	0.0	0.0	0.0	0.0
GSM4138110_HNSCC_1_PBMC_GTGCGGTCAAGGTGTG	56.290847182921084	44.27884086302675	4.768523196122553	74.87524272327258	74.7766236791682	1.494736935214188	25.931455147107396	39.341523101444174	0.0	0.0	0.0	0.0	0.0	0.0	0.0	0.0	0.0	0.0	0.0	0.0	0.0	0.0	0.0	0.0	0.0
GSM4138110_HNSCC_1_PBMC_GTGTGCGAGGAGCGAG	20.309848697750507	53.18764923876907	0.0	0.0	31.11481045121383	11.739251052079357	0.0	129.5670462507813	24.60216292814094	5.117846186108161	0.0	0.0	0.0	0.0	0.0	0.0	0.0	0.0	0.0	0.0	0.0	0.0	0.0	0.0	0.0
GSM4138110_HNSCC_1_PBMC_GTGTGCGCAAGTCATC	58.02304859434144	56.185133524407306	0.0	0.0	102.47995346224609	13.513263161940532	0.0	0.0	0.0	0.0	19.742734880830668	0.0	0.0	0.0	47.88557957671206	0.0	0.0	0.0	0.0	0.0	0.0	0.0	0.0	0.0	0.0
GSM4138110_HNSCC_1_PBMC_TAAACCGTCATCTGTT	45.453789670878535	69.9561687250882	72.65504464706702	0.0	0.0	16.115302970318407	0.0	0.0	26.304350199565246	0.0	0.0	0.0	44.241077699845704	0.0	0.0	0.0	0.0	0.0	0.0	0.0	0.0	0.0	0.0	0.0	0.0
GSM4138110_HNSCC_1_PBMC_TAAGCGTCAATGGATA	63.68094969969222	116.22422729298768	0.0	0.0	29.358078868796216	43.97759487838979	0.0	0.0	0.0	0.0	68.67576322345532	57.72057970396723	0.0	0.0	0.0	0.0	0.0	0.0	0.0	0.0	0.0	0.0	0.0	0.0	0.0
GSM4138110_HNSCC_1_PBMC_TACACGATCCTGCCAT	75.08652999646031	39.70750238088755	66.29699782801954	0.0	0.0	66.55378566232157	0.0	0.0	0.0	0.0	99.52521629728348	0.0	0.0	65.84211378640848	0.0	0.0	0.0	0.0	0.0	0.0	0.0	0.0	0.0	0.0	0.0
GSM4138110_HNSCC_1_PBMC_TACCTTAAGGCTAGAC	78.95026904690684	50.0628266897999	0.0	0.0	55.989127455100515	25.403888563503635	0.0	0.0	30.099693987878968	0.0	0.0	38.07970733217713	13.711532513307871	0.0	0.0	0.21473375897513003	0.0	0.0	0.0	0.0	0.0	0.0	0.0	0.0	0.0
GSM4138110_HNSCC_1_PBMC_TACGGATCAGGGTATG	27.831400727315923	47.50702910160363	64.22596428195142	18.12003859230731	0.0	18.13982840529106	0.0	0.0	16.967185774403003	0.0	0.0	63.08204516953167	0.0	0.0	0.0	0.0	0.0	0.0	0.0	0.0	0.0	0.0	0.0	0.0	0.0
GSM4138110_HNSCC_1_PBMC_TAGAGCTCAGATGGCA	82.62861424042266	32.01006267201054	0.0	0.0	47.37308574637186	11.761250550761474	0.0	31.573155677423074	66.22076146352664	0.0	0.0	3.8094036707209566	0.0	0.0	0.0	0.0	0.0	0.0	0.0	0.0	0.0	0.0	0.0	0.0	0.0
GSM4138110_HNSCC_1_PBMC_TAGCCGGAGAAGGCCT	77.09253657313025	64.92629335569424	0.0	45.669834725907606	53.97540002470399	20.815311775975136	49.0570067990673	0.0	0.0	0.0	0.0	0.07532238702895544	0.0	0.0	0.0	0.0	0.0	0.0	0.0	0.0	0.0	0.0	0.0	0.0	0.0
GSM4138110_HNSCC_1_PBMC_TATCTCAAGGTGCACA	82.01434499859356	43.977720749034305	17.11057433329595	0.0	0.0	16.60440771018475	0.0	0.0	0.0	9.413611893372233	30.90436730928806	23.513936462030475	0.0	0.0	0.0	0.0	0.0	0.0	0.0	0.0	0.6131842675188702	0.0	0.0	0.0	0.0
GSM4138110_HNSCC_1_PBMC_TCACAAGGTTCATGGT	52.17422881007622	49.39070731525429	0.0	0.0	36.05043445614763	0.0	0.0	57.09235186694823	14.597676791556395	0.0	0.0	0.0	0.0	0.0	0.0	9.247750402269295	0.0	0.0	0.0	0.0	0.0	0.0	0.0	0.0	0.0
GSM4138110_HNSCC_1_PBMC_TCACAAGTCTTGACGA	189.10440380296257	263.92148619409267	0.0	0.0	151.95169863467137	40.832926530448646	0.0	0.0	250.2616711560773	0.0	0.0	0.0	0.0	226.56059273053125	0.0	0.0	0.0	0.0	0.0	0.0	0.0	0.0	0.0	0.0	0.0
GSM4138110_HNSCC_1_PBMC_TCGAGGCTCGGAAATA	91.1888340445606	27.355715504345792	27.39948015249853	0.0	49.30287604312667	18.98362940608062	0.0	44.03897717746618	37.906405786602924	0.0	0.0	0.0	8.484486592855271	0.0	16.079987879295942	0.0	6.1653345789183325	0.0	0.0	0.0	0.15558286126880927	0.0	0.0	0.0	0.0
GSM4138110_HNSCC_1_PBMC_TCTATTGGTTTAGGAA	69.86692004129205	33.19893530265122	0.0	35.13031939921325	0.0	0.0	0.0	47.558253211407376	0.0	22.710758374175313	0.0	0.0	0.0	0.0	0.0	14.802297164761477	0.0	32.940186100417144	0.0	0.0	0.0	0.0	0.0	0.0	0.0
GSM4138110_HNSCC_1_PBMC_TCTATTGTCATCTGCC	61.6296225381609	42.74645879028693	0.0	36.476833574333924	0.0	0.0	0.0	0.0	0.0	0.0	0.0	0.0	0.0	0.0	0.0	2.074765298755656	17.058148743716245	8.887901522388622	0.0	0.0	0.0	0.0	0.0	0.0	0.0
GSM4138110_HNSCC_1_PBMC_TCTTCGGCACCCTATC	99.41245945627544	64.38441207158478	0.0	21.576598369860466	80.05412212321161	6.199334000758372	0.0	0.0	0.0	0.0	0.0	0.0	46.23972673350503	0.0	0.0	0.0	0.0	0.0	0.0	0.0	0.0	0.0	0.0	0.0	0.0
GSM4138110_HNSCC_1_PBMC_TGGGCGTTCACAGGCC	0.0	0.0	0.0	813.8551324393037	0.0	0.0	0.0	0.0	764.170062231123	0.0	293.8874418170262	0.0	0.0	0.0	0.0	0.0	0.0	0.0	0.0	0.0	0.0	0.0	0.0	834.142846139828	0.0
GSM4138110_HNSCC_1_PBMC_TGTGTTTGTTAAAGAC	67.78720855942262	72.30859468960676	0.0	133.83293486568795	100.35370223515143	0.0	99.02396688507021	0.0	0.0	0.0	0.0	0.0	0.0	0.0	0.0	24.312336407166796	0.0	0.0	0.0	0.0	0.0	0.0	0.0	0.0	0.0
GSM4138110_HNSCC_1_PBMC_TGTTCCGCACGGCGTT	177.57393780856822	82.4754602655057	140.38660528899112	0.0	0.0	42.839815167692315	141.80537749601336	44.78378419494192	0.0	0.0	159.87416530919165	0.0	0.0	0.0	0.0	0.0	0.0	0.0	0.0	0.0	0.0	0.0	0.0	0.0	0.0
GSM4138110_HNSCC_1_PBMC_TTAGGCAAGGCTAGCA	106.83060823370407	60.776784677679416	0.0	30.801411002791486	48.26118892120047	31.970307279019377	38.05819097392841	0.0	0.0	0.0	6.50092762313635	0.0	0.0	0.0	0.0	0.0	0.0	0.0	0.0	0.0	0.0	0.0	0.0	0.0	0.0
GSM4138110_HNSCC_1_PBMC_TTCCCAGCACATGGGA	10.79921599791366	78.91909944040702	0.0	0.0	54.44077469385944	6.113914597586796	0.0	0.0	0.0	0.0	0.0	9.137450690808324	0.0	0.0	0.0	0.0	0.0	0.0	35.671239103177065	0.0	0.0	72.52466588745096	0.0	0.0	0.0
GSM4138110_HNSCC_1_PBMC_TTCGGTCAGACCCACC	53.42983720785341	42.871348120304276	0.0	18.15218389662187	32.09909289188938	13.19432990983736	0.0	0.0	0.0	0.0	0.0	0.0	54.47524234464956	0.0	0.0	0.0	0.0	0.0	0.0	0.0	0.0	0.0	0.0	0.0	0.0
GSM4138110_HNSCC_1_PBMC_TTCTCCTTCCTCAATT	64.97039426092361	34.03532056718618	37.60224955721173	0.0	39.10573893828983	22.062610684611418	0.0	0.0	0.0	0.0	41.23248671982409	0.0	0.0	0.0	0.0	0.0	0.0	0.0	38.02339229220859	0.0	0.0	0.0	0.0	0.0	0.0
GSM4138110_HNSCC_1_PBMC_TTGAACGGTCGAAAGC	76.51269947048043	34.905126049246725	0.0	0.0	0.0	0.0	43.95131222865236	0.0	0.0	42.83292345935575	0.0	0.0	0.0	0.0	0.0	11.333953941777548	0.0	0.0	0.0	0.0	0.0	0.0	25.166428274649714	0.0	0.0
GSM4138110_HNSCC_1_PBMC_TTGCCGTAGTCAAGCG	64.92531490427382	24.825783316807	0.0	35.16964828944092	0.0	0.0	0.0	85.41611089284322	0.0	56.468059090960374	0.0	0.0	0.0	0.0	0.0	13.562204982294267	0.0	0.0	0.0	0.0	0.0	0.0	0.0	0.0	0.0
GSM4138110_HNSCC_1_PBMC_TTGCGTCTCAAGGCTT	64.15366702866193	66.56165450771549	0.0	0.0	70.53226238663886	25.100489226276103	0.0	0.0	31.33125552131908	0.0	0.0	34.33846277336223	15.828956101620868	0.0	0.0	0.0	0.0	0.0	0.0	0.0	0.0	0.0	0.0	0.0	0.0
GSM4138110_HNSCC_1_PBMC_TTTATGCGTGCATCTA	59.02129346748478	40.00232780734652	0.0	6.485420336343567	0.0	6.3283614369366346	0.0	0.0	0.0	0.0	0.0	3.2365138017169697	0.0	26.802940939600628	0.0	0.0	0.0	0.0	0.0	0.0	58.00135298131843	0.0	0.0	0.0	0.0
GSM4138110_HNSCC_1_PBMC_TTTGCGCTCTTGTACT	57.51148237574381	74.76062046951982	21.12749890890651	16.954799455058378	0.0	0.0	0.0	0.0	0.0	0.0	0.0	0.0	71.13938975372723	2.7152656508159487	0.0	17.20974021774388	0.0	0.0	0.0	0.0	0.0	0.0	0.0	0.0	0.0
GSM4138110_HNSCC_1_PBMC_TTTGGTTCACTTCTGC	118.82138643025505	44.07275918452205	77.73129883870405	45.19056661260753	0.0	37.72379277326929	0.0	64.95700955934316	0.0	43.350548266762296	0.0	0.0	0.0	0.0	0.0	0.0	0.0	0.0	0.0	0.0	0.0	0.0	0.0	0.0	0.0
GSM4138110_HNSCC_1_PBMC_CTACACCAGTTGTAGA	116.40045151555725	129.96873322984575	64.18644670188574	69.83059813545557	0.0	23.060204116608066	126.17975788244401	0.0	0.0	0.0	0.0	0.0	0.0	0.0	0.0	0.0	0.0	0.0	0.0	0.0	0.0	0.0	0.0	0.0	0.0
GSM4138110_HNSCC_1_PBMC_AACTGGTGTCAGAATA	34.3214358184184	40.6533305459633	64.89218281105151	0.0	0.0	12.443526657766185	0.0	0.0	25.76854677813471	0.0	0.0	0.0	0.0	43.42945150823332	0.0	0.0	0.0	0.0	0.0	0.0	0.0	0.0	0.0	0.0	0.0
GSM4138110_HNSCC_1_PBMC_AAACGGGTCCTCAACC	86.13637759314206	29.74468209820613	0.0	0.0	48.081652373088126	11.434693481370278	0.0	0.0	0.0	0.0	29.11871464900221	0.0	0.0	0.0	39.879544256088046	0.0	0.0	0.0	0.0	0.0	0.0	0.0	0.0	0.0	0.0
GSM4138110_HNSCC_1_PBMC_AAGGCAGAGGCGTACA	52.87053030483591	72.06411428091917	0.0	14.109193657071279	64.7079068351711	30.01845920616756	49.18232184668568	0.0	0.0	0.0	1.8489665062284817	1.7132897524395287	0.0	0.0	0.0	0.0	0.0	0.0	0.0	0.0	0.0	0.0	0.0	0.0	0.0
GSM4138110_HNSCC_1_PBMC_ACATGGTCAATGGAGC	122.66847304623151	57.122063627313565	73.93256068533204	0.0	0.0	0.0	32.99372089109353	0.0	0.0	0.0	29.803174054784936	0.0	0.0	0.0	0.0	25.982710705855226	0.0	0.0	0.0	0.0	0.0	0.0	0.0	0.0	0.0
GSM4138110_HNSCC_1_PBMC_ACGATGTGTTATCACG	53.56801483362375	40.44515927983893	0.0	0.0	41.96542286527045	22.439339254765084	0.0	0.0	26.17819036638896	0.0	0.0	0.0	45.23594432860804	0.0	0.0	0.0	0.0	0.0	0.0	0.0	0.0	0.0	0.0	0.0	0.0
GSM4138110_HNSCC_1_PBMC_ACGGCCATCTCCCTGA	119.23657976234969	37.680282472481714	66.3159999253389	60.41539280816598	0.0	31.230367953557412	0.0	0.0	0.0	0.0	0.0	0.0	87.29027828593938	0.0	0.0	0.0	0.0	0.0	0.0	0.0	0.0	0.0	0.0	0.0	0.0
GSM4138110_HNSCC_1_PBMC_AGCTCTCTCATTGCCC	80.40044376484367	64.12285935515008	3.5085673738018555	0.0	0.0	70.47093648816399	63.082939446285145	0.0	0.0	8.631526688324888	122.12625279354079	0.0	0.0	0.0	0.0	0.0	0.0	70.40408061936886	13.575086410949854	0.0	0.0	0.0	0.0	0.0	0.0
GSM4138110_HNSCC_1_PBMC_AGGTCATTCTCTAGGA	79.57238333925199	60.809862600364596	57.50365641272215	55.39241808219134	0.0	7.5988714024553445	0.0	0.0	0.0	0.0	0.0	0.0	50.02519854250928	0.0	0.0	0.0	0.0	0.0	0.0	0.0	0.0	0.0	0.0	0.0	0.0
GSM4138110_HNSCC_1_PBMC_ATAGACCTCTGGTGTA	67.40467162250538	22.476110562763065	0.0	0.0	40.87189803219279	10.909238789184863	0.0	0.0	41.379811456390804	0.0	0.0	0.0	0.0	0.0	0.0	9.361944869946317	0.0	0.0	110.77788301949961	0.0	0.0	0.0	0.0	0.0	0.0
GSM4138110_HNSCC_1_PBMC_ATAGACCTCTTCCTTC	70.97253659306	48.932899058127255	18.97018045960069	0.0	0.0	0.0	0.0	0.0	17.359611192844437	0.0	21.17751230463151	0.0	1.821275608710561	23.223593027111658	0.0	10.355950818386388	0.0	0.0	0.0	0.0	0.0	0.0	0.0	0.0	0.0
GSM4138110_HNSCC_1_PBMC_ATCTACTCACTGTGTA	67.52843303170998	50.2010718924576	0.0	59.63549323447162	0.0	24.908048587610267	0.0	0.0	0.0	51.65339117570876	0.0	0.0	0.0	0.0	0.0	0.0	64.306823396997	0.0	0.0	0.0	0.0	0.0	0.0	0.0	0.0
GSM4138110_HNSCC_1_PBMC_ATCTGCCAGGAATCGC	75.00241618571167	25.483899402692977	0.0	56.91962651117615	60.327968513231404	27.247060370967223	0.0	0.0	0.0	0.0	0.0	48.2102412219284	0.0	0.0	0.0	0.0	0.0	0.0	0.0	0.0	0.0	0.0	0.0	0.0	0.0
GSM4138110_HNSCC_1_PBMC_ATGGGAGCATGGGAAC	72.65564166705921	193.5510325669651	0.0	0.0	171.98245749800176	0.0	0.0	0.0	0.0	0.0	0.0	0.0	0.0	101.96379888725653	0.0	9.932943118958681	0.0	0.0	0.0	237.61722541229685	0.0	0.0	0.0	0.0	0.0
GSM4138110_HNSCC_1_PBMC_ATGTGTGGTAGCTGCC	35.86640803903142	51.316066846639316	0.0	0.0	8.196174117332378	18.540106787885776	0.0	0.0	36.60066381628949	0.0	0.0	0.0	0.0	0.0	114.53262081844643	0.0	0.0	0.0	0.0	0.0	0.0	0.0	0.0	0.0	0.0
GSM4138110_HNSCC_1_PBMC_CACAAACCATCCCACT	90.06170629707314	104.67843418756587	0.0	46.07104835792373	0.0	14.508679920804493	8.907782463749921	19.534464981557733	0.0	40.52038254126138	0.0	0.0	0.0	0.0	0.0	0.0	0.0	0.0	16.04017955613032	0.0	0.0	0.0	0.0	0.0	0.0
GSM4138110_HNSCC_1_PBMC_CACCACTAGTTACCCA	102.37976707779534	42.72498252445618	0.0	51.54460056980897	46.74335362335691	23.286291287704344	0.0	0.0	0.0	0.0	0.0	62.73178151746565	0.0	0.0	0.0	0.0	0.0	0.0	0.0	0.0	14.443077921037368	0.0	0.0	0.0	0.0
GSM4138110_HNSCC_1_PBMC_CATGCCTTCAGCTCTC	68.67920369518727	49.09301667833345	9.000175369372077	62.65731682782886	69.24969466876483	0.0	0.0	0.0	0.0	0.0	2.744942950205344	0.0	0.0	54.09687422545614	0.0	25.294165692940087	0.0	0.0	11.436854080357024	0.0	0.0	0.0	0.0	0.0	0.0
GSM4138110_HNSCC_1_PBMC_CATGGCGCATGTTCCC	91.6503407673259	57.62729189782301	0.0	0.0	0.0	19.36232728728405	0.0	0.0	73.17721293010045	0.0	0.0	97.16860102917813	0.0	0.0	0.0	3.7759643480701603	0.0	0.0	0.0	0.0	22.31214379505929	0.0	0.0	0.0	0.0
GSM4138110_HNSCC_1_PBMC_CCACCTAGTAGTACCT	75.7917975809888	50.6158500042524	93.6581707525054	44.81274408425627	0.0	0.0	34.014496198962775	0.0	0.0	0.0	0.0	0.0	0.0	0.0	0.0	16.243148653445306	0.0	0.0	0.0	0.0	0.0	0.0	0.0	0.0	0.0
GSM4138110_HNSCC_1_PBMC_CCGTTCAGTATATCCG	80.22284433148432	63.83296647690095	33.86425132783022	0.0	0.0	42.01073641540948	0.0	0.0	0.0	0.0	9.761380161003897	0.0	66.52018603907861	0.0	0.0	6.089102683705859	0.0	0.0	0.0	0.0	0.0	65.60472686775354	0.0	0.0	0.0
GSM4138110_HNSCC_1_PBMC_CCTACACGTCCGAAGA	44.00585671347065	19.62752211024038	63.53733161830913	43.51383072297274	0.0	12.245841263859747	0.0	36.61607989094981	0.0	0.0	0.0	0.0	0.0	0.0	0.0	0.0	0.0	0.0	0.0	0.0	0.0	0.0	0.0	0.0	0.0
GSM4138110_HNSCC_1_PBMC_CCTCTGAGTCGCGAAA	127.37862222587664	76.84845964419323	0.0	62.94006568934916	72.34450192474388	0.0	0.0	0.0	0.0	0.0	0.0	0.0	34.95979475277153	39.22276281150011	0.0	27.111029392988282	0.0	0.0	0.0	0.0	0.0	0.0	0.0	0.0	0.0
GSM4138110_HNSCC_1_PBMC_CGCTGGAAGGCATGTG	65.68796018301369	44.4280456615847	0.0	54.21818254387877	46.41445789359985	0.0	0.0	0.0	0.0	0.0	0.0	0.0	0.0	0.0	0.0	23.47186458255526	72.63743537787454	0.0	0.0	0.0	0.0	0.0	0.0	0.0	0.0
GSM4138110_HNSCC_1_PBMC_CGGAGTCTCACAATGC	70.48955390222439	40.27164041112625	0.0	0.0	59.939724184121594	15.76234080948604	0.0	0.0	29.174803994388732	0.0	0.0	0.0	0.0	0.0	0.0	0.0	54.1297832780376	0.0	0.0	0.0	0.0	0.0	0.0	0.0	0.0
GSM4138110_HNSCC_1_PBMC_CGGCTAGAGCTACCGC	113.37822244128833	64.84589376979054	35.42520535796233	41.39876780523935	0.0	19.977346801132732	0.0	0.0	0.0	0.0	0.0	0.0	0.0	0.0	71.33471851721956	0.0	0.0	0.0	0.0	0.0	0.0	0.0	0.0	0.0	0.0
GSM4138110_HNSCC_1_PBMC_CGTTGGGCAAGCCGCT	207.0645601079719	55.01972702320735	0.0	39.84663329536522	0.0	34.274847372302375	0.0	14.306914892044086	0.0	0.0	0.0	0.0	0.0	0.0	0.0	0.0	0.0	17.62199656138856	0.0	0.0	0.0	0.0	0.0	0.0	0.0
GSM4138110_HNSCC_1_PBMC_CTCAGAAGTCCGACGT	78.4440691316167	51.46843969165161	6.1679501312255365	31.74048050214679	17.483118993105105	5.84405006599818	0.0	0.0	0.0	0.0	0.0	54.97111646701016	0.0	0.0	0.0	0.0	0.0	29.333210953428175	0.0	0.0	0.0	0.0	0.0	0.0	0.0
GSM4138110_HNSCC_1_PBMC_CTCGTACCACGCGAAA	73.40071271202146	52.60798060739122	43.41088498455118	0.0	0.0	16.659281713205836	0.0	38.38593551341733	0.0	0.0	0.0	0.0	0.0	0.0	0.0	0.0	0.0	0.0	0.0	0.0	0.0	38.80958933026237	0.0	0.0	0.0
GSM4138110_HNSCC_1_PBMC_GAAATGAAGAGCCTAG	181.27828162525722	95.34567444032048	89.5170674970174	0.0	0.0	23.89898468334191	0.0	56.48253622294042	51.460965446171095	0.0	8.346063837648236	0.0	0.0	0.0	0.0	0.0	0.0	0.0	0.0	0.0	0.0	0.0	0.0	0.0	0.0
GSM4138110_HNSCC_1_PBMC_GACGTTATCTAACCGA	67.68937682553668	25.918737482705293	0.0	0.0	48.57951347414987	17.678608360702878	44.82877257614569	0.0	0.0	0.0	74.33811529932903	0.0	0.0	0.0	0.0	0.0	0.0	0.0	0.0	0.0	0.0	0.0	0.0	0.0	0.0
GSM4138110_HNSCC_1_PBMC_GACTGCGTCGGCATCG	49.339300215109716	30.75811191300642	0.0	0.0	46.27980052038061	6.079972168110148	0.0	0.0	0.0	0.0	0.0	0.0	0.0	70.7164855678479	0.0	21.18844095832871	0.0	0.0	0.0	0.0	0.0	0.0	50.12814296586177	0.0	0.0
GSM4138110_HNSCC_1_PBMC_GATGAGGAGGCTAGCA	66.51589249920566	19.252865378507774	0.0	34.22431865678829	0.0	22.224669108874046	0.0	0.0	0.0	41.624760454008324	0.0	0.0	0.0	0.0	0.0	0.0	67.88780902912666	0.0	0.0	0.0	0.0	0.0	0.0	0.0	0.0
GSM4138110_HNSCC_1_PBMC_GATTCAGCACCACGTG	74.65479533364248	41.61691534929736	0.0	48.699419011022854	12.345051086260694	20.22096828316582	0.0	0.0	0.0	0.0	0.0	21.683212557263335	0.0	0.0	0.0	0.0	0.0	0.0	38.612567437681804	0.0	0.0	0.0	0.0	0.0	0.0
GSM4138110_HNSCC_1_PBMC_GCAATCAGTAGCTCCG	61.63684757497506	71.98325585240198	0.0	24.106880099108597	0.0	0.0	38.18560575473459	0.0	0.0	26.105716094540536	0.0	0.0	0.0	0.0	0.0	17.71107628107047	0.0	0.0	0.0	0.0	0.0	0.0	0.0	0.0	0.0
GSM4138110_HNSCC_1_PBMC_GCGACCAGTAGCCTAT	101.81089931748528	61.51308303392332	0.0	46.456531844443745	0.0	31.13617914180939	48.911148401341976	0.0	0.0	77.93928965347251	0.0	0.0	0.0	0.0	0.0	0.0	0.0	0.0	0.0	0.0	0.0	0.0	0.0	0.0	0.0
GSM4138110_HNSCC_1_PBMC_GCTTCCATCTCATTCA	48.79547334239794	56.83474693695056	0.0	0.0	0.0	9.670739623320433	27.30845432609502	18.54406207474768	0.0	79.46564641787784	28.99764561624386	0.0	5.665694260557174	0.0	0.0	0.0	0.0	0.0	0.0	0.0	0.0	0.0	0.0	0.0	0.0
GSM4138110_HNSCC_1_PBMC_GCTTGAAAGACCTTTG	39.85727496382524	37.59907413623813	0.0	0.0	0.0	10.646212136899818	49.204750777199976	0.0	10.693656749589426	38.379008301184975	0.0	0.0	0.0	0.0	0.0	0.0	0.0	0.0	0.0	0.0	0.0	0.0	6.66123987244344	0.0	0.0
GSM4138110_HNSCC_1_PBMC_GGACAAGGTAATTGGA	91.25906509952479	103.17525248367396	0.0	42.22874577195822	0.0	12.09730806077473	0.0	0.0	0.0	0.0	0.0	6.5003216379287405	0.0	0.0	48.958082007112345	0.0	0.0	0.0	0.0	0.0	31.42973280381206	0.0	0.0	0.0	0.0
GSM4138110_HNSCC_1_PBMC_GGCGTGTAGCACGCCT	50.793757976083626	37.56049798346429	0.0	0.0	39.55984019383532	31.37720378140502	31.594938601464396	0.0	0.0	0.0	20.454906932990927	0.0	0.0	0.0	0.0	0.0	0.0	0.0	0.0	0.0	0.0	3.190921153949732	0.0	0.0	0.0
GSM4138110_HNSCC_1_PBMC_GGCGTGTAGCGTTTAC	47.474810117584944	33.655689590080456	35.00857700296245	23.82772256417446	0.0	0.0	0.0	0.0	0.0	0.0	0.0	0.0	0.0	4.260346239670257	0.0	16.109753020577347	0.0	0.0	25.79543872519398	0.0	0.0	0.0	0.0	0.0	0.0
GSM4138110_HNSCC_1_PBMC_GGCTGGTCAATGGACG	76.95315973408367	41.75299941026623	37.11547400431302	0.0	0.0	17.57533794492332	0.0	116.64102270423706	60.4643568231374	0.0	0.0	0.0	0.0	0.0	0.0	4.493390148709038	0.0	0.0	0.0	0.0	0.0	0.0	0.0	0.0	0.0
GSM4138110_HNSCC_1_PBMC_GGGAATGTCAGCTGGC	135.3250530377096	49.86272035691676	0.0	0.0	75.72683646430528	0.0	0.0	0.0	51.738154647541435	0.0	0.0	0.23202636101973595	0.0	56.99207201624963	0.0	19.53131312735807	0.0	0.0	0.0	0.0	0.0	0.0	0.0	0.0	0.0
GSM4138110_HNSCC_1_PBMC_GGGTTGCAGATCGGGT	45.130756348331154	36.84508622938615	0.0	0.0	0.0	0.0	0.0	0.0	43.60527424887672	61.27622996470269	0.0	0.0	0.0	0.0	0.0	14.593811476639237	46.557591633833226	0.0	0.0	0.0	0.0	0.0	0.0	0.0	0.0
GSM4138110_HNSCC_1_PBMC_GGTATTGCACATTAGC	70.23697579017721	26.012162158253975	8.01610425622489	0.0	0.0	19.443949314875756	0.0	0.0	0.0	0.0	0.0	0.0	0.0	0.0	51.339546370888364	0.0	0.0	0.0	0.0	29.67292144031221	0.0	0.0	0.0	0.0	0.0
GSM4138110_HNSCC_1_PBMC_GGTGTTAGTGTGACCC	35.55779521059621	53.599863300946055	0.0	0.0	30.25843775690668	0.0	0.0	0.0	0.0	0.0	41.19449863402102	0.0	0.0	0.0	66.45221490841092	10.90700566787396	0.0	0.0	0.0	0.0	0.0	0.0	0.0	0.0	0.0
GSM4138110_HNSCC_1_PBMC_GTCACAAGTATCACCA	162.86740208039768	42.79952133791021	0.0	0.0	0.0	11.53174179064754	43.57205470389619	0.0	0.0	0.0	0.0	0.0	0.0	0.0	0.0	0.0	0.0	52.886311152602005	0.0	49.64650875073617	0.0	0.0	0.0	0.0	0.0
GSM4138110_HNSCC_1_PBMC_GTCACAATCGCAAGCC	63.39527441666145	38.20859975199623	39.21410322512198	0.0	0.0	16.075354583274425	0.0	0.0	0.0	0.0	0.0	0.0	63.64294307467238	0.0	0.0	1.9389615384593542	0.0	0.0	0.0	23.383982060107233	0.0	0.0	0.0	0.0	0.0
GSM4138110_HNSCC_1_PBMC_GTCACGGCAAGCTGGA	70.7391216858339	37.22844121035291	0.0	32.99253455318556	22.45030247250216	13.508504268021886	0.0	0.0	0.0	0.0	0.0	136.01679716965106	0.0	0.0	0.0	0.0	0.0	0.0	0.0	0.0	0.0	0.0	0.0	0.0	0.0
GSM4138110_HNSCC_1_PBMC_GTCGTAAAGGCATGTG	129.98406227343625	122.89484678774392	157.43744914581026	70.01859777051479	0.0	30.468724850063477	0.0	68.40252066162006	0.0	0.0	0.0	0.0	0.0	0.0	0.0	0.0	0.0	0.0	0.0	0.0	0.0	0.0	0.0	0.0	0.0
GSM4138110_HNSCC_1_PBMC_GTCGTAATCTTGCAAG	52.33312846425065	30.483735295634133	0.0	0.0	40.84898186699631	11.324849556013618	0.0	0.0	25.904064533728107	0.0	0.0	0.0	0.0	0.0	44.57354787438914	0.0	0.0	0.0	0.0	0.0	0.0	0.0	0.0	0.0	0.0
GSM4138110_HNSCC_1_PBMC_GTCTCGTCATGCGCAC	56.64054076001112	72.20684165708194	0.0	0.0	0.0	0.0	0.0	0.0	0.0	44.022136993772754	26.599415013804187	0.0	0.0	0.0	62.57238889811815	21.066443942378687	0.0	2.437390416053652	0.0	0.0	0.0	0.0	0.0	0.0	0.0
GSM4138110_HNSCC_1_PBMC_GTGAAGGCACATTTCT	68.18706192130078	69.54460144145207	0.0	45.5705666494371	0.0	0.0	14.075870187333527	35.86755632803856	0.0	44.6690146321783	0.0	0.0	0.0	0.0	0.0	28.65338892890494	0.0	42.18201177410512	0.0	0.0	0.0	0.0	0.0	0.0	0.0
GSM4138110_HNSCC_1_PBMC_GTGCAGCAGACCGGAT	117.1049658242499	90.16468512438715	43.17546349646104	52.879386018599675	0.0	9.518515135277605	0.0	84.14993152504827	0.0	0.0	0.0	0.0	0.0	0.0	0.0	0.0	0.0	0.0	0.0	0.0	19.359162303072655	0.0	0.0	0.0	0.0
GSM4138110_HNSCC_1_PBMC_GTTAAGCTCATACGGT	83.93542165046816	38.42323485022501	25.743035462304114	0.0	0.0	0.0	0.0	0.0	21.909989882647775	0.0	0.0	0.0	0.0	50.79799653331949	0.0	58.15825791152695	0.0	0.0	0.0	0.0	0.0	0.0	0.0	0.0	0.0
GSM4138110_HNSCC_1_PBMC_TAAACCGAGGGTCGAT	57.85110176537822	73.90489617772104	0.0	0.0	0.0	0.0	21.742348581104682	0.0	0.0	48.79569570570534	0.0	0.0	0.0	0.0	0.0	12.668520925782747	27.65834850855766	0.0	0.0	37.98211187319475	0.0	0.0	0.0	0.0	0.0
GSM4138110_HNSCC_1_PBMC_TACCTTAAGGCTCTTA	97.3076575231863	45.899897887313045	68.59523775795182	53.2650223934117	0.0	0.0	7.9623168726161815	39.288141687464496	0.0	0.0	0.0	0.0	0.0	0.0	0.0	29.026147387321792	0.0	0.0	0.0	0.0	0.0	0.0	0.0	0.0	0.0
GSM4138110_HNSCC_1_PBMC_TAGAGCTTCGTTGCCT	125.7298687182676	63.965842735975414	0.0	0.0	104.05084498625928	0.0	0.0	0.0	0.0	0.0	0.0	0.0	69.79273461109469	0.0	0.0	28.57490064827562	0.0	0.0	0.0	95.75020485913664	0.0	0.0	0.0	0.0	5.948619407456877
GSM4138110_HNSCC_1_PBMC_TAGGCATTCCCAGGTG	90.59030387584447	27.308626333539404	0.0	9.91428478505706	22.70628194756762	17.651624491084036	0.0	0.0	0.0	0.0	0.0	86.59607469747779	0.0	0.0	0.0	0.0	0.0	0.0	0.0	0.0	0.0	12.743070718821048	0.0	0.0	0.0
GSM4138110_HNSCC_1_PBMC_TCACAAGCACATCCGG	41.508734493961725	65.95605344376219	0.0	0.0	0.0	36.87230336984708	0.0	0.0	61.57247684361302	0.0	0.0	23.253467265990555	37.78718960833501	0.0	8.927318151087976	0.0	0.0	0.0	0.0	0.0	21.57993478058366	0.0	0.0	0.0	0.0
GSM4138110_HNSCC_1_PBMC_TCAGCTCCATGACGGA	60.26029038643253	41.31389247379598	0.0	22.797401833308843	24.801931924213164	0.0	0.0	0.0	0.0	0.0	0.0	16.55795718513828	0.0	17.20282061196146	0.0	30.391732180066114	0.0	0.0	0.0	0.0	0.0	0.0	0.0	0.0	0.0
GSM4138110_HNSCC_1_PBMC_TCGAGGCTCCAGGGCT	70.69154302375667	36.38645354752996	0.0	55.43165193452061	0.0	0.0	0.0	0.0	0.0	37.86630652086091	0.0	9.63388800938989	0.0	24.244109324363762	0.0	10.270048500905716	0.0	0.0	0.0	0.0	0.0	0.0	0.0	0.0	0.0
GSM4138110_HNSCC_1_PBMC_TCTATTGCAGTCAGCC	124.5265507885002	80.28752712620225	33.30722963070518	0.0	0.0	0.0	0.0	0.0	0.0	0.0	0.0	0.0	0.0	52.55071991448075	0.0	13.838022470190452	0.0	0.0	0.0	47.529082089655724	0.0	0.0	0.0	0.0	0.0
GSM4138110_HNSCC_1_PBMC_TCTCTAAGTGGTAACG	107.95882830502765	105.79921165669124	0.0	0.0	68.7715682368828	24.873368044775763	82.46725711447148	0.0	0.0	0.0	29.489083544884828	0.0	0.0	36.38397826201228	0.0	0.0	0.0	0.0	0.0	0.0	0.0	0.0	0.0	0.0	15.851749838267112
GSM4138110_HNSCC_1_PBMC_TCTGAGATCTAGCACA	57.228025729146324	31.375216876691773	0.12645807602613868	0.0	29.941673546291003	21.16055971502548	0.0	0.0	0.0	0.0	0.0	0.0	47.91884915540062	0.0	0.0	0.0	0.0	0.0	3.1224265071935706	50.86281945886392	0.0	0.0	0.0	0.0	0.0
GSM4138110_HNSCC_1_PBMC_TCTTTCCCACTGAAGG	88.40293471270542	152.45915630403292	65.99815773737406	67.76292939875529	0.0	20.408616444958255	0.0	0.0	0.0	0.0	0.0	0.0	97.11357381807262	0.0	0.0	0.0	0.0	0.0	0.0	0.0	0.0	0.0	0.0	0.0	0.0
GSM4138110_HNSCC_1_PBMC_TGACAACGTCATCCCT	66.66077053620738	44.1307410971709	5.055385895694067	34.11655322296786	90.23115196183976	0.0	0.0	0.0	0.0	0.0	14.691057169910195	90.35247910256192	0.0	0.0	0.0	19.805800295347535	0.0	0.0	0.0	0.0	0.0	0.0	0.0	0.0	0.0
GSM4138110_HNSCC_1_PBMC_TGAGCCGAGATGAGAG	66.00836135299818	42.983626940427584	36.80092612659888	47.80885818760642	0.0	0.0	60.23078200890404	0.0	0.0	0.0	0.0	0.0	0.0	0.0	0.0	26.46689563799631	0.0	0.0	0.0	0.0	0.0	0.0	0.0	0.0	0.0
GSM4138110_HNSCC_1_PBMC_TGCGGGTTCTGATTCT	63.384392092791344	33.070255276529345	0.0	0.0	54.45125856472075	10.386268125998965	0.0	0.0	18.438313558836352	0.0	0.0	0.0	28.506595384460514	0.0	0.0	0.0	0.0	0.0	0.0	0.0	0.0	0.0	0.0	0.0	0.0
GSM4138110_HNSCC_1_PBMC_TGGCTGGGTTCCAACA	53.91359433270224	44.253775589013436	0.0	0.0	66.45447900422485	15.294493818452898	68.72224021991116	0.0	0.0	0.0	58.56563739338159	0.0	0.0	0.0	0.0	0.0	0.0	0.0	0.0	0.0	0.0	0.0	0.0	0.0	0.0
GSM4138110_HNSCC_1_PBMC_TGTATTCGTGGCTCCA	108.74569824936893	83.25585397423858	44.069636016060315	76.13244019724996	0.0	18.505277712470434	94.25716770643427	0.0	0.0	0.0	0.0	0.0	0.0	51.367288393968984	0.0	0.0	0.0	0.0	0.0	0.0	0.0	0.0	0.0	0.0	0.0
GSM4138110_HNSCC_1_PBMC_TGTGGTAAGTATGACA	100.38236023649247	47.05232498048262	0.0	46.829101552793176	40.40253244185845	13.194106989700687	0.0	0.0	0.0	0.0	0.0	0.0	23.570140117891686	0.0	0.0	0.0	32.449276609902725	0.0	0.0	0.0	0.0	0.0	0.0	0.0	0.0
GSM4138110_HNSCC_1_PBMC_TTCCCAGGTCACTGGC	60.322872522661136	51.208395795175065	0.0	42.82391317765967	0.0	34.31812787589527	47.50246980119044	0.41758004933877635	0.0	7.922897178090673	0.0	0.0	0.0	0.0	0.0	0.0	0.0	5.571898549419131	0.0	0.0	0.0	0.0	0.0	0.0	0.0
GSM4138110_HNSCC_1_PBMC_TTCGGTCCACCTCGGA	94.8589364819119	50.23099235214909	49.683019730560666	0.0	0.0	7.759108526269771	33.948251452863566	0.0	18.356439228908574	0.0	0.0	0.0	0.18874416944011066	0.0	0.0	0.0	0.0	0.0	0.0	0.0	0.0	0.0	0.0	0.0	0.0
GSM4138110_HNSCC_1_PBMC_TTCTACATCCTTCAAT	60.1458727607393	35.45253575842658	47.09413867283465	0.0	0.0	0.0	0.0	0.0	27.33105617651726	0.0	0.0	0.0	57.89446339177559	0.0	0.0	27.125168704274664	0.0	0.0	0.0	0.0	0.0	0.0	0.0	0.0	0.0
GSM4138110_HNSCC_1_PBMC_AAAGTAGTCGGCATCG	254.96913276612446	182.6437131004574	0.0	73.19332472767282	0.0	53.286241157928664	0.0	0.0	0.0	179.11900080727239	0.0	0.0	206.24218128201656	0.0	0.0	0.0	0.0	0.0	0.0	0.0	0.0	0.0	0.0	0.0	0.0
GSM4138110_HNSCC_1_PBMC_ACACTGATCGTACCGG	139.48877355786448	138.3025812049535	75.75653839704206	37.618405661568545	0.0	20.167864264786267	0.0	0.0	0.0	0.0	0.0	87.32456593704289	0.0	0.0	0.0	0.0	0.0	0.0	22.716112061750664	0.0	0.0	0.0	0.0	0.0	0.0
GSM4138110_HNSCC_1_PBMC_ACAGCTATCAGCACAT	250.66396484665876	174.42786872056203	0.26834574916540715	46.089877542157545	57.51306260588559	41.65606278295226	0.0	0.0	0.0	0.0	0.0	0.0	0.0	0.0	0.0	0.0	0.0	0.0	196.01714168034778	0.0	66.42821599867024	0.0	0.0	0.0	0.0
GSM4138110_HNSCC_1_PBMC_ACTGAACGTTATTCTC	232.7171595880591	137.92490034325678	104.05791327326082	0.0	0.0	24.177455495279954	0.0	0.0	71.5368087701799	0.0	0.0	0.0	0.0	0.0	186.99491307895337	0.0	0.0	0.0	0.0	0.0	0.0	0.0	0.0	0.0	0.0
GSM4138110_HNSCC_1_PBMC_ACTGAGTTCAGGTAAA	227.6114032652068	98.82571931983057	44.97196818590426	0.0	0.0	28.69496836389864	0.0	0.0	0.0	45.560551556356856	61.35297352546895	0.0	0.0	0.0	0.0	0.0	151.77684946564722	0.0	0.0	0.0	0.0	0.0	0.0	0.0	0.0
GSM4138110_HNSCC_1_PBMC_ACTGCTCCAACCGCCA	254.97885320091976	154.9125243441244	20.821764093114684	43.86593227055517	0.0	24.396109012867225	0.0	23.924856936526915	0.0	58.40081453153266	0.0	87.02013335084179	0.0	0.0	0.0	0.0	0.0	0.0	0.0	0.0	0.0	0.0	0.0	0.0	0.0
GSM4138110_HNSCC_1_PBMC_ACTTACTAGTGGAGAA	237.1964513916551	171.32944154977386	0.0	82.09321259649604	9.581496665926814	61.3170371273301	0.0	0.0	0.0	0.0	0.0	0.0	39.779546930121825	0.0	178.75612680015539	0.0	0.0	0.0	0.0	0.0	162.87218779357212	0.0	0.0	0.0	0.0
GSM4138110_HNSCC_1_PBMC_ACTTGTTCAGTTCATG	228.1906452997754	171.78277575229058	0.0	0.0	0.0	0.0	0.0	292.8676804247335	0.0	216.13794901160603	52.758697142255244	0.0	0.0	0.0	0.0	25.939879278919985	0.0	0.0	0.0	0.0	0.0	0.0	0.0	0.0	37.8572031504157
GSM4138110_HNSCC_1_PBMC_AGAGTGGCAGGGATTG	146.86857393463728	97.56584792333747	0.0	91.79802758040728	126.82122546595654	0.0	0.0	0.0	0.0	0.0	0.0	109.17794599447146	0.0	0.0	0.0	59.43527254125924	0.0	0.0	0.0	0.0	0.0	0.0	0.0	0.0	0.0
GSM4138110_HNSCC_1_PBMC_AGATCTGGTGATAAGT	180.6010285126541	164.28777369242508	0.0	0.0	98.11449504543123	22.216466608732485	0.0	0.0	0.0	0.0	99.8015084935009	17.65648159088368	0.0	42.09291453996017	0.0	0.0	0.0	0.0	0.0	0.0	0.0	0.0	0.0	0.0	0.0
GSM4138110_HNSCC_1_PBMC_AGATTGCGTATAGGGC	228.5295399521612	213.60569308041724	0.0	0.0	165.7547471832421	35.762937602610265	0.0	0.0	0.0	0.0	49.46649444099296	0.0	53.40425589332162	0.0	0.0	0.0	0.0	0.0	112.82347291619193	0.0	0.0	0.0	0.0	0.0	0.0
GSM4138110_HNSCC_1_PBMC_AGCGGTCCATGCTGGC	259.6330663239064	157.3423526594372	0.0	61.15954656410114	0.0	30.43224830046458	0.0	48.69738804705182	0.0	0.0	0.0	17.944260950568374	0.0	0.0	0.0	0.0	0.0	0.0	0.0	0.0	228.27185346661938	0.0	0.0	0.0	0.0
GSM4138110_HNSCC_1_PBMC_AGGCCACTCAGCGATT	201.11228157754806	118.66050921496148	6.736131682919649	17.371043232075216	0.0	17.674717679770904	0.0	0.0	0.0	0.0	9.36606603318929	0.0	0.0	0.0	0.0	0.0	0.0	0.0	120.97105781214127	8.30697647555999	112.99492077981246	0.0	0.0	20.625991998045823	21.90506922840449
GSM4138110_HNSCC_1_PBMC_AGTAGTCCACAGTCGC	261.0588992279158	182.97355598807363	140.35401705017475	0.0	0.0	28.222070017294918	0.0	0.0	0.0	0.0	0.0	0.0	0.0	0.0	270.69716855276926	0.0	0.0	0.0	0.0	0.0	0.0	0.0	106.3594358089554	0.0	0.0
GSM4138110_HNSCC_1_PBMC_AGTGTCATCCCTAATT	152.5321858930714	106.51435684222979	80.184173784444	0.0	0.0	38.03582717724519	0.0	0.0	65.36298194293477	0.0	0.0	135.69346615894636	0.0	0.0	0.0	0.0	0.0	0.0	0.0	0.0	14.306797976179253	0.0	0.0	0.0	0.0
GSM4138110_HNSCC_1_PBMC_ATCCACCGTGGTTTCA	3165.2529850028836	0.0	0.0	0.0	0.0	0.0	0.0	0.0	0.0	0.0	0.0	0.0	0.0	0.0	0.0	0.0	0.0	0.0	0.0	0.0	0.0	0.0	0.0	0.0	0.0
GSM4138110_HNSCC_1_PBMC_ATCGAGTGTACTTAGC	226.17865791212984	161.39629525659444	0.0	0.0	174.638755622065	16.931664441477334	0.0	0.0	0.0	0.0	85.51943839511661	0.0	0.0	0.0	0.0	26.39892582890451	209.97646036259513	0.0	0.0	0.0	0.0	0.0	0.0	0.0	0.0
GSM4138110_HNSCC_1_PBMC_CAACTAGTCTTGAGAC	229.61310510016276	98.16079158230967	0.0	0.0	0.0	28.276054131841754	0.0	0.0	40.770336915845164	0.0	0.0	0.0	18.084174321208305	0.0	121.42609562437171	0.0	0.0	0.0	0.0	0.0	141.07898381740983	0.0	0.0	0.0	0.0
GSM4138110_HNSCC_1_PBMC_CAAGGCCTCTAGCACA	120.06591329819004	79.74643880482728	0.0	0.0	96.83259302391636	37.39905327678128	0.0	73.74942775942753	44.589910273363685	0.0	0.0	0.0	0.0	0.0	0.0	0.0	10.462143630046292	0.0	0.0	0.0	0.0	0.0	0.0	0.0	0.0
GSM4138110_HNSCC_1_PBMC_CACAAACAGGCTACGA	198.49307084508695	101.46678783823843	6.809547739486276	0.0	0.0	22.512855257059464	0.0	0.0	0.0	0.0	57.419103477350895	0.0	0.0	0.0	0.0	0.0	191.79525956290092	0.0	0.0	0.0	105.3408487751687	0.0	0.0	0.0	0.0
GSM4138110_HNSCC_1_PBMC_CACATTTTCATTGCGA	167.15378746926515	94.58540861105708	28.05266240655075	0.0	0.0	34.81019430008635	0.0	0.0	69.58114079061991	0.0	0.0	111.49560907592736	0.0	0.0	86.87626366945827	0.0	0.0	0.0	0.0	0.0	55.1751584273546	0.0	0.0	0.0	0.0
GSM4138110_HNSCC_1_PBMC_CAGAGAGTCAGTTAGC	277.5641461222607	201.29311903960274	0.0	89.29999040445698	122.8062257571043	25.503290465538267	0.0	0.0	0.0	0.0	0.0	93.77884660152313	31.62936388243261	13.527952672095523	0.0	0.0	0.0	0.0	0.0	0.0	0.0	0.0	0.0	0.0	0.0
GSM4138110_HNSCC_1_PBMC_CAGCTGGGTCTCCACT	267.79899194240517	166.15178353185684	22.22847387672175	0.0	82.13761993061598	0.0	0.0	0.0	0.0	0.0	0.0	0.0	189.15024150154704	0.0	0.0	27.07518146145772	0.0	0.0	0.0	0.0	0.0	0.0	87.51533673821449	0.0	0.0
GSM4138110_HNSCC_1_PBMC_CAGCTGGGTGTTTGTG	142.68059102744522	139.4382018219	0.0	0.0	0.0	17.705647924873837	0.0	0.0	40.75725366379595	105.61262648796853	0.0	0.0	0.0	0.0	0.0	0.0	109.07021616308808	0.0	0.0	0.0	0.0	0.0	0.0	0.0	0.0
GSM4138110_HNSCC_1_PBMC_CATATGGCAGGACGTA	251.10634707037104	151.23375012742457	235.46993926170083	0.0	0.0	0.0	0.0	0.0	0.0	0.0	0.0	0.0	0.0	128.8359959864371	0.0	12.037184443382197	0.0	0.0	0.0	0.0	0.0	0.0	0.0	0.0	0.0
GSM4138110_HNSCC_1_PBMC_CATATTCTCCACGTTC	182.13383166475435	116.09945078778752	148.41972214409597	47.19403934675335	0.0	29.95866783965114	0.0	80.2065856612222	0.0	0.0	0.0	0.0	0.0	0.0	11.284669644849819	0.0	21.384095428731225	0.0	0.0	0.0	0.0	0.0	0.0	0.0	0.0
GSM4138110_HNSCC_1_PBMC_CCAATCCCACGACTCG	127.89057705974575	75.43406499660736	39.50785091242889	0.0	0.0	27.772267009624525	0.0	108.38616669294785	15.027593877683247	0.0	0.0	0.0	0.0	0.0	0.0	0.0	0.0	23.701789820482926	0.0	0.0	0.0	0.0	44.12473915498748	0.0	0.0
GSM4138110_HNSCC_1_PBMC_CCTACCAGTCGGCTCA	331.81753506930045	164.56045702538742	0.0	105.5268594230626	82.67698960858809	39.47323066387906	0.0	0.0	0.0	0.0	0.0	0.0	173.1095976969843	0.0	0.0	0.0	0.0	0.0	0.0	0.0	15.773472509464963	0.0	0.0	0.0	0.0
GSM4138110_HNSCC_1_PBMC_CGAACATCAAGTTAAG	272.07242921644985	164.09487713877655	0.0	106.94708186219766	153.86101466120712	0.0	0.0	0.0	0.0	0.0	0.0	39.27640575064999	12.906927036515176	91.944360438939	0.0	64.76336355143002	0.0	0.0	0.0	0.0	0.0	0.0	0.0	0.0	0.0
GSM4138110_HNSCC_1_PBMC_CGACCTTCATTACGAC	127.93850727501518	83.30099653678187	43.84706808929286	0.0	0.0	9.80527987697043	2.2196603451379397	0.0	0.0	0.0	56.33717937004302	0.0	0.0	0.0	0.0	0.0	74.25300883742328	0.0	0.0	0.0	0.0	0.0	0.0	0.0	0.0
GSM4138110_HNSCC_1_PBMC_CGAGCACCATATACGC	274.7406771177425	197.84662576967656	0.0	63.730643954533136	0.0	73.3541077274539	0.0	80.95922095629672	0.0	206.26819346905842	0.0	0.0	0.0	0.0	0.0	0.0	136.3004912563755	0.0	0.0	0.0	0.0	0.0	0.0	0.0	0.0
GSM4138110_HNSCC_1_PBMC_CGATCGGCAACGATCT	172.546874925732	111.17169267129002	0.0	59.40747737565667	0.0	0.0	0.0	0.0	0.0	120.15490364993947	0.0	0.0	0.0	173.5844007280633	0.0	42.5327447709075	0.0	0.0	0.0	0.0	0.0	0.0	0.0	0.0	0.0
GSM4138110_HNSCC_1_PBMC_CGATCGGGTTTGGGCC	250.72289583545773	105.11431155144588	0.0	0.0	0.0	44.485555006780764	0.0	0.0	30.47816330856962	0.0	0.0	0.0	0.0	0.0	171.88327213200176	0.0	0.0	0.0	0.0	0.0	133.8576177099311	0.0	0.0	0.0	0.0
GSM4138110_HNSCC_1_PBMC_CGCTATCCACCGAATT	296.2733815306932	220.21662633858682	0.0	63.67418110659492	183.9010111731515	49.87707639484721	0.0	0.0	0.0	0.0	0.0	148.8242148685409	0.0	0.0	0.0	0.0	0.0	0.0	0.0	0.0	0.0	0.0	0.0	0.0	0.0
GSM4138110_HNSCC_1_PBMC_CGGAGCTGTCGAACAG	247.45316009047812	166.9113283262017	0.0	89.48640788423823	125.43805441667458	27.00438575965914	0.0	0.0	0.0	0.0	0.0	0.0	0.0	0.0	0.0	0.0	0.0	0.0	205.39496600137264	0.0	0.0	0.0	0.0	0.0	0.0
GSM4138110_HNSCC_1_PBMC_CGTTCTGGTCTAAACC	209.0176500541234	165.30701310917172	112.26013952556264	0.0	0.0	26.809772831443407	0.0	0.0	0.0	0.0	17.801300910262714	0.0	178.8203921163973	0.0	10.189164639043247	0.0	0.0	0.0	0.0	59.882667660787256	0.0	0.0	0.0	0.0	0.0
GSM4138110_HNSCC_1_PBMC_CGTTGGGGTGTGTGCC	133.17151350391495	105.50267571331791	100.2095471271504	39.949093212185915	0.0	54.79574453828972	0.0	0.0	0.0	0.0	0.0	88.9381457681242	0.0	0.0	0.0	0.0	0.0	0.0	0.0	0.0	0.0	0.0	0.0	0.0	0.0
GSM4138110_HNSCC_1_PBMC_CTAATGGCACACATGT	221.1350469043402	93.05599882460608	46.667419375398005	45.239217227840406	62.400809733762216	47.277589750959166	0.0	0.0	0.0	0.0	10.167502226767757	0.0	0.0	0.0	153.4175620687124	0.0	0.0	0.0	0.0	0.0	2.076877129685962	0.0	0.0	0.0	0.0
GSM4138110_HNSCC_1_PBMC_CTACCCAGTTACCGAT	194.26993872922804	202.3689983588647	0.0	0.0	135.36549694508915	23.37634176199537	0.0	0.0	59.548438846401595	0.0	0.0	0.0	71.13383719624886	83.00707766763377	50.153156509345465	0.0	0.0	0.0	0.0	0.0	0.0	0.0	0.0	0.0	0.0
GSM4138110_HNSCC_1_PBMC_CTAGAGTCATCGGACC	290.31075140289965	129.96110960322738	0.0	0.0	65.49454804506952	10.23161954258974	0.0	0.0	65.48772932991324	0.0	0.0	191.45539022681112	0.0	0.0	0.0	0.0	0.0	0.0	0.0	0.0	0.0	0.0	0.0	0.0	0.0
GSM4138110_HNSCC_1_PBMC_CTCTGGTGTGTTCGAT	244.58030235477443	101.39217135799018	0.0	0.0	141.28975612993804	43.67036176843849	0.0	10.224317577120345	46.899130312662415	0.0	0.0	56.76876963713761	0.0	0.0	40.35426047728386	0.0	0.0	0.0	0.0	0.0	0.0	0.0	0.0	0.0	0.0
GSM4138110_HNSCC_1_PBMC_CTGATAGCATCAGTCA	168.7798878114654	112.8295211244293	73.07289123328808	0.0	0.0	68.80642690710171	0.0	0.0	0.0	0.0	63.74283081725055	0.0	0.0	0.0	6.647524712514447	0.0	0.0	0.0	143.12001466564035	0.0	0.0	0.0	0.0	0.0	0.0
GSM4138110_HNSCC_1_PBMC_CTGTTTACAATGTAAG	272.6471545754702	108.67955921094271	134.41975768604425	73.76251550743429	0.0	23.72928912824352	60.082548018048115	137.4631301374744	0.0	0.0	0.0	0.0	0.0	0.0	0.0	0.0	0.0	0.0	0.0	0.0	0.0	0.0	0.0	0.0	0.0
GSM4138110_HNSCC_1_PBMC_GAACCTATCTCTGTCG	119.9608497459899	100.27851205186784	0.0	55.76591589751444	0.0	28.9261923381887	0.0	0.0	0.0	0.0	0.0	0.0	66.1641104545865	0.0	2.489539855669587	0.0	0.0	0.0	0.0	0.0	62.62478089806667	0.0	0.0	0.0	0.0
GSM4138110_HNSCC_1_PBMC_GATCGCGTCAGGCGAA	146.12475320480942	123.46101555968734	6.765106865823045	34.16341094306544	0.0	21.591586322859385	109.69037533391692	0.0	0.0	87.76793278273584	0.8639867061876735	0.0	0.0	0.0	0.0	0.0	0.0	0.0	0.0	0.0	0.0	0.0	0.0	0.0	0.0
GSM4138110_HNSCC_1_PBMC_GATCTAGCATACAGCT	183.14546406182004	133.29518240980815	105.49179567926714	0.0	0.0	0.0	0.0	0.0	0.0	0.0	112.27902155679898	0.0	176.51323733529514	0.0	0.0	70.17637820730411	0.0	0.0	0.0	0.0	0.0	0.0	0.0	0.0	0.0
GSM4138110_HNSCC_1_PBMC_GATGAAAGTAGAAGGA	195.3705977087133	72.3740421067746	71.88134553401258	13.979633280711436	0.0	5.153452011072575	0.0	0.0	0.0	0.0	0.0	24.976682145427656	0.0	0.0	0.0	0.0	0.0	0.0	42.82630722435705	0.0	0.0	0.0	0.0	0.0	0.0
GSM4138110_HNSCC_1_PBMC_GATGAAAGTCACCCAG	282.91830928250965	211.57913569652814	0.0	52.51795304591267	108.55402200646401	18.122524115071805	0.0	71.54599026252497	0.0	0.0	0.0	26.643234092196316	0.0	122.61605047543132	9.813269164328775	0.0	0.0	0.0	0.0	0.0	0.0	0.0	0.0	0.0	0.0
GSM4138110_HNSCC_1_PBMC_GCATACACATCTGGTA	317.46583799464844	197.9080599252648	31.31679371113277	0.0	0.0	25.229149480102063	0.0	0.0	0.0	0.0	139.86413293395836	0.0	0.0	0.0	0.0	0.0	0.0	0.0	249.82218624286003	0.0	162.39654342757646	0.0	0.0	0.0	0.0
GSM4138110_HNSCC_1_PBMC_GCGAGAATCGCACTCT	245.06196310599753	137.3679510958184	34.22507740567905	0.0	111.9621895379822	61.91216787231154	0.0	0.0	89.95260165121832	0.0	0.0	0.0	0.0	0.0	245.221405186713	0.0	0.0	0.0	0.0	0.0	0.0	0.0	0.0	0.0	0.0
GSM4138110_HNSCC_1_PBMC_GCGCGATAGGAGCGTT	103.25209337566893	50.747071501618215	0.0	43.93157397960612	2.9434800256414824	21.342112570009167	0.0	0.0	0.0	0.0	0.0	13.331714113296531	0.0	0.0	0.0	0.0	0.0	0.0	122.0496776770974	0.0	64.19090826165232	0.0	0.0	0.0	0.0
GSM4138110_HNSCC_1_PBMC_GCTCTGTTCAGTTTGG	192.87987661564733	83.7657099999425	75.65203873192037	38.43023796141808	0.0	8.997774669847372	41.73868989292404	72.04743645076697	0.0	0.0	0.0	0.0	0.0	0.0	0.0	0.0	0.0	0.0	0.0	0.0	0.0	0.0	0.0	0.0	0.0
GSM4138110_HNSCC_1_PBMC_GCTGCGAGTCTAGTCA	224.7085778164452	133.21472715598802	48.45164438107769	0.0	0.0	28.181524933375506	0.0	0.0	106.05798926114743	0.0	0.0	0.0	0.0	0.0	158.39775200501782	0.0	0.0	0.0	0.0	0.0	0.0	0.0	0.0	0.0	0.0
GSM4138110_HNSCC_1_PBMC_GGCTCGATCAGGCGAA	160.309911966176	120.05079037083784	0.0	37.719329726744206	0.0	11.852461344870264	0.0	0.0	0.0	0.0	0.0	133.7162776337993	0.0	0.0	0.0	0.0	0.0	0.0	0.0	0.0	76.7811743751435	0.0	0.0	0.0	0.0
GSM4138110_HNSCC_1_PBMC_GGGAATGTCTTCCTTC	0.0	0.0	0.0	0.0	0.0	0.0	0.0	0.0	0.0	0.0	0.0	0.0	0.0	0.0	35.21207353934725	0.0	0.0	0.0	3367.9808345424062	0.0	0.0	0.0	0.0	0.0	0.0
GSM4138110_HNSCC_1_PBMC_GGGCACTTCGTAGGTT	253.1686163530332	129.68078486423443	0.0	67.81678156196296	71.73712412797131	23.844931094470088	0.0	0.0	0.0	0.0	0.0	12.216709539100432	139.27851582077778	17.448285588058322	0.0	9.534171169588767	0.0	0.0	0.0	0.0	0.0	0.0	0.0	0.0	0.0
GSM4138110_HNSCC_1_PBMC_GTAGGCCAGTACTTGC	194.55823713699021	122.07746090931094	102.82453644052539	0.0	0.0	33.63161375485986	0.0	170.82873416923888	35.20084709649085	0.0	0.0	0.0	0.0	0.0	0.0	0.0	0.0	0.0	0.0	0.0	0.0	0.0	0.0	0.0	0.0
GSM4138110_HNSCC_1_PBMC_GTCACAATCTATCGCC	254.12293521007552	220.38750888369657	79.31510305542334	38.56502076469452	27.327996731291446	52.10557262673235	50.22541870801707	0.0	0.0	0.0	0.0	103.9339665570555	0.0	0.0	0.0	0.0	0.0	0.0	0.0	0.0	38.948326370109086	0.0	0.0	0.0	0.0
GSM4138110_HNSCC_1_PBMC_GTCTCGTAGTAGCGGT	192.12440493591805	113.3885754965652	104.05635325927601	25.19178154138597	0.0	48.00968286081062	0.0	103.05877947210872	21.96320450972687	0.0	0.0	0.0	0.0	0.0	0.0	0.0	0.0	0.0	0.0	0.0	0.0	0.0	0.0	0.0	0.0
GSM4138110_HNSCC_1_PBMC_GTGCAGCTCTGTCTAT	288.46517457712497	211.90063676414468	0.0	0.0	0.0	0.0	0.0	0.0	0.0	0.0	0.0	0.0	313.95748641255045	0.0	0.0	36.66066191167102	0.0	131.02579923216356	0.0	119.61197428267026	0.0	0.0	0.0	0.0	0.0
GSM4138110_HNSCC_1_PBMC_GTGCATAGTACGCTGC	222.1930845034008	153.63918428225537	0.0	74.51560764138382	79.92540344007803	22.84430323339818	0.0	0.0	0.0	0.0	0.0	120.20585983121349	0.0	0.0	26.619209698441814	0.0	0.0	0.0	0.0	0.0	0.0	0.0	0.0	0.0	0.0
GSM4138110_HNSCC_1_PBMC_GTGCTTCAGTACGATA	155.98114619919332	121.1007427991193	0.0	38.31584263307284	116.46650979197634	26.011508765300057	0.0	0.0	0.0	0.0	0.0	0.0	0.0	0.0	153.90707735338492	0.0	0.0	0.0	0.0	0.0	0.0	0.0	0.0	0.0	0.0
GSM4138110_HNSCC_1_PBMC_TACAGTGCAATGACCT	160.25489087714223	88.19149707677192	0.0	0.0	20.82542841433612	21.51594071085551	105.12313813430391	0.0	93.24403158499089	0.0	0.0	0.0	0.0	0.45439843479718833	0.0	0.0	0.0	0.0	0.0	0.0	83.09103322416615	0.0	0.0	0.0	0.0
GSM4138110_HNSCC_1_PBMC_TACTCATAGATCACGG	323.54158648034417	143.3245982604458	106.14878636020815	97.01390881281687	0.0	17.954726637144002	0.0	0.0	0.0	0.0	0.0	0.0	0.0	0.0	0.0	0.0	0.0	0.0	189.6066342558786	0.0	0.0	0.0	0.0	0.0	0.0
GSM4138110_HNSCC_1_PBMC_TACTCGCGTAAGGATT	172.0040476500575	126.52192188354765	55.17782687058876	0.0	47.40770216762204	32.54786519271601	39.851592940120334	0.0	0.0	0.0	96.38922700502127	0.0	135.19653998818927	0.0	0.0	0.0	0.0	0.0	0.0	0.0	0.0	15.620134629689003	0.0	5.78237507850892	0.0
GSM4138110_HNSCC_1_PBMC_TACTTGTCAAGTTAAG	210.80818207296065	142.8573309940005	13.468874194577404	0.0	0.0	22.453163699657708	0.0	0.0	108.9554381719712	0.0	0.0	59.27923461718978	27.621250096827815	0.0	126.82366380562078	0.0	0.0	0.0	0.0	0.0	130.18127541740037	0.0	0.0	0.0	0.0
GSM4138110_HNSCC_1_PBMC_TATCTCAAGGTGTGGT	141.50265174726454	103.78426596044592	92.7716289967292	0.0	0.0	13.712015347890702	0.0	0.0	0.0	0.0	43.15140912034368	0.0	104.630644073842	0.0	30.77883786694848	0.0	0.0	0.0	0.0	0.0	0.0	0.0	0.0	0.0	0.0
GSM4138110_HNSCC_1_PBMC_TCAGCTCCACCCATTC	338.3177816200116	288.3664774394969	87.71020712401844	98.56607753459888	0.0	0.0	0.0	149.63400425827308	0.0	0.0	0.0	0.0	0.0	0.0	0.0	20.487536731303024	0.0	68.79040833407082	0.0	0.0	0.0	0.0	0.0	0.0	0.0
GSM4138110_HNSCC_1_PBMC_TCGCGTTCAGCTGCTG	171.9641660856372	95.70199285754104	20.18307573327377	0.0	25.826988962871006	38.77220192267467	0.0	0.0	0.0	0.0	62.58609436997403	0.0	0.0	0.0	132.51029279596472	0.0	0.0	0.0	0.0	0.0	16.32209392738084	0.0	0.0	0.0	0.0
GSM4138110_HNSCC_1_PBMC_TCGGGACAGCTAGTTC	262.71044553099296	130.69210175894878	96.22140398656764	0.0	0.0	25.95750059566747	0.0	0.0	0.0	0.0	67.19053662668365	0.0	0.0	0.0	0.0	0.0	0.0	0.0	167.4152256672378	0.0	0.0	0.0	0.0	0.0	0.0
GSM4138110_HNSCC_1_PBMC_TCTTCGGAGTCATCCA	177.46878742126503	114.25456622351302	113.61925252790523	0.0	2.326730344823461	32.706964465211264	0.0	0.0	0.0	0.0	67.76047430672915	0.0	0.0	0.0	168.4223380903188	0.0	0.0	0.0	0.0	0.0	5.5013999311326955	0.0	0.0	0.0	0.0
GSM4138110_HNSCC_1_PBMC_TGAGAGGGTCCCTACT	279.93109266415445	70.49918795663717	0.0	0.0	223.8025313920014	58.117907716812155	0.0	0.0	16.75433888662849	70.85268246442244	3.724509414405224	0.0	0.0	0.0	0.0	0.0	245.5788619524453	0.0	0.0	0.0	0.0	0.0	35.896794193388196	0.0	0.0
GSM4138110_HNSCC_1_PBMC_TGATTTCGTTAAAGTG	349.3455652673748	297.3864698356576	97.83750822734491	83.21535336547376	0.0	41.163732842135566	0.0	0.0	0.0	0.0	0.0	0.0	0.0	171.38062301096457	0.0	0.0	0.0	0.0	0.0	0.0	0.0	0.0	0.0	0.0	0.0
GSM4138110_HNSCC_1_PBMC_TGCCAAATCATGTCCC	262.0122932999297	123.38408219303983	0.0	0.0	133.86554277862857	20.822145225024848	0.0	0.0	0.0	0.0	0.0	138.32626806392528	0.0	0.0	0.0	0.0	0.0	0.0	0.0	0.0	0.0	78.97887854847826	0.0	0.0	0.0
GSM4138110_HNSCC_1_PBMC_TGTATTCAGAATGTTG	309.3607264528412	109.90386172301316	0.0	0.0	0.0	0.0	0.0	128.48429997383462	0.0	150.76659543160864	0.0	0.0	0.0	0.0	0.0	26.81575651350547	0.0	0.0	0.0	0.0	0.0	0.0	100.52551400802702	0.0	0.0
GSM4138110_HNSCC_1_PBMC_TGTCCCAGTTCAGGCC	150.97690666119436	147.75877062606588	0.0	0.0	44.93502479154043	31.504274945697073	0.0	0.0	0.0	0.0	75.00400895675432	72.01361609248445	0.0	0.0	90.40067462510054	0.0	0.0	0.0	0.0	0.0	0.0	0.0	0.0	0.0	0.0
GSM4138110_HNSCC_1_PBMC_TTGCCGTCAATAGCGG	199.89109970162008	99.67384363127321	129.98972469481498	0.0	0.0	36.47448840065971	0.0	0.0	63.250807553224476	0.0	0.0	0.0	0.0	0.0	0.0	0.0	200.94122735451379	0.0	0.0	0.0	0.0	0.0	0.0	0.0	0.0
GSM4138110_HNSCC_1_PBMC_TTTATGCAGACTGGGT	206.73297581240192	150.2558756167267	0.0	0.0	68.31613556343989	23.972993391733358	0.0	0.0	0.0	0.0	37.307625459491774	86.56700768709409	0.0	0.0	20.855542150401043	0.0	0.0	0.0	0.0	7.583000905817303	0.0	0.0	0.0	0.0	0.0
GSM4138110_HNSCC_1_PBMC_AACGTTGAGTTTAGGA	109.3451826516219	57.8825585994397	83.31161579818601	0.0	0.0	0.0	0.0	0.0	62.12852956639001	0.0	0.0	0.0	0.0	101.17492170315684	0.0	26.2319946443151	0.0	0.0	0.0	0.0	0.0	0.0	0.0	0.0	0.0
GSM4138110_HNSCC_1_PBMC_AAGGCAGCAATCACAC	95.6421066278077	22.859385029346857	65.8725649242943	0.0	0.0	30.57534569321482	0.0	0.0	55.4767690855288	0.0	0.0	94.48144270629564	0.0	0.0	0.0	0.0	0.0	0.0	0.0	0.0	0.0	0.0	0.0	0.0	0.0
GSM4138110_HNSCC_1_PBMC_ACTGATGTCAATAAGG	77.49804785510311	60.39960096805253	0.0	33.58415502649586	0.0	29.75144508033266	0.0	0.0	0.0	44.10619069739201	0.0	0.0	0.0	0.0	0.0	0.0	41.858547058351036	0.0	0.0	0.0	0.0	0.0	0.0	0.0	0.0
GSM4138110_HNSCC_1_PBMC_AGCAGCCAGGCCCTCA	114.09859032769305	61.38872414098709	99.96383610085823	0.0	0.0	23.944009553319052	0.0	65.32935070164119	0.0	0.0	0.0	0.0	0.0	0.0	0.0	0.0	0.0	0.0	0.0	0.0	0.0	83.48489234853038	0.0	0.0	0.0
GSM4138110_HNSCC_1_PBMC_CATATTCCATATGAGA	111.2600111569014	32.37859037658438	68.51475521151438	0.0	0.0	28.952347590500025	59.82832698472016	27.106022629947855	0.0	0.0	96.1567858252318	0.0	0.0	0.0	0.0	0.0	0.0	8.533773229263355	0.0	0.0	0.0	0.0	0.0	0.0	0.0
GSM4138110_HNSCC_1_PBMC_CCTCAGTCAACTGCGC	56.84398205853598	45.722664201316306	0.0	39.012103526258294	114.32408740279178	0.0	0.0	0.0	0.0	0.0	0.0	30.999584694149746	0.0	0.0	0.0	18.791516236869327	0.0	0.0	0.0	0.0	0.0	0.0	0.0	0.0	0.0
GSM4138110_HNSCC_1_PBMC_CGGTTAACACCTCGTT	50.24691584071943	96.12378740246416	0.0	30.90729651413792	0.0	0.0	0.0	0.0	0.0	37.265481848634316	0.0	0.0	50.03942383494883	0.0	0.0	25.981062485855627	0.0	1.7328458399942874	0.0	0.0	0.0	0.0	0.0	0.0	0.0
GSM4138110_HNSCC_1_PBMC_CGTGTAATCTCCAGGG	53.05592349696754	48.48570446777491	0.0	23.74976626401094	51.126487091559405	9.702701845283318	0.0	34.55820652348968	0.0	0.0	0.0	0.0	0.0	0.0	0.0	3.3295558427566454	0.0	0.0	0.0	0.0	0.0	0.0	0.0	0.0	0.0
GSM4138110_HNSCC_1_PBMC_CGTTGGGTCAGTGCAT	69.27134238316725	39.56392988904571	0.0	0.0	0.0	24.362737095507295	0.0	0.0	35.64493764055894	0.0	0.0	0.0	0.0	0.0	0.0	0.0	83.35050987807972	65.34935423486469	0.0	0.0	0.0	0.0	0.0	0.0	0.0
GSM4138110_HNSCC_1_PBMC_CTAGAGTAGCTATGCT	110.48836647158184	89.66396674195722	90.10162155508557	57.089920072700394	6.582286141383658	27.856306725712642	0.0	0.0	0.0	0.0	0.0	28.96150684694762	58.53951605018573	0.0	0.0	12.788505414708121	0.0	0.0	0.0	0.0	0.0	0.0	0.0	0.0	0.0
GSM4138110_HNSCC_1_PBMC_GCATACATCGTTACAG	77.74986214428345	45.377462700536945	0.0	0.0	48.98256853806276	0.0	0.0	0.0	43.80276396006684	0.0	0.0	37.18956088774856	0.0	0.0	0.0	27.57694744089211	0.0	0.0	0.0	0.0	0.0	0.0	0.0	0.0	0.0
GSM4138110_HNSCC_1_PBMC_AAACGGGCAGTATCTG	60.050955807860916	36.182255761827456	0.0	152.57309898369536	27.687043674346516	0.0	0.0	0.0	0.0	0.0	0.0	0.0	0.0	0.0	0.0	14.617351033408601	57.15648866361321	0.0	0.0	0.0	0.0	0.0	0.0	0.0	0.0
GSM4138110_HNSCC_1_PBMC_AAAGATGTCTGATTCT	78.24477789834499	56.23565357603427	0.0	0.0	0.0	26.85273232411939	92.02279609385732	0.0	33.969743192922486	49.1833404378576	0.0	0.0	0.0	0.0	0.0	0.0	0.0	0.0	0.0	0.0	57.781872108098106	0.0	0.0	0.0	0.0
GSM4138110_HNSCC_1_PBMC_AAAGTAGGTAGCGCTC	119.77984454580583	39.850192701288144	0.0	0.0	0.0	36.961451305869346	81.61862998846703	0.0	35.36705452615688	0.0	0.0	0.0	0.0	0.0	0.0	0.0	0.0	31.406142072698607	0.0	0.0	0.0	0.0	0.0	0.0	0.0
GSM4138110_HNSCC_1_PBMC_AACTCAGGTGGTCTCG	73.52608414215864	38.17485435112596	74.65363005406319	0.0	0.0	17.1442684747553	0.0	0.0	0.0	0.0	60.94724645276321	41.01707357378154	0.0	0.0	0.0	0.0	0.0	0.0	0.0	0.0	0.0	0.0	0.0	0.0	0.0
GSM4138110_HNSCC_1_PBMC_AACTCCCTCCAATGGT	86.00654871646469	78.64973906855106	0.0	27.563246403135	35.29041863292512	21.014583245638093	0.0	86.49062889554338	36.58766242160461	15.033121546333948	0.0	0.0	0.0	0.0	0.0	0.0	0.0	0.0	0.0	0.0	56.805019056825635	0.0	0.0	0.0	0.0
GSM4138110_HNSCC_1_PBMC_AACTCTTAGTGGGTTG	95.7570021882089	47.690439037948366	0.0	0.0	0.0	21.753448691986335	72.67788099727862	0.0	54.01023559333056	73.40831584281787	0.0	0.0	0.0	0.0	0.0	0.0	0.0	0.0	0.0	0.0	0.0	0.0	0.0	0.0	0.0
GSM4138110_HNSCC_1_PBMC_AACTCTTGTCACACGC	164.82397915520454	57.629847380953365	36.44422965878455	0.0	0.0	16.18227153579769	38.0927933081261	0.0	0.0	0.0	24.017855459393584	0.0	0.0	0.0	0.0	0.0	0.0	0.0	0.0	0.0	0.0	0.0	0.0	0.0	0.0
GSM4138110_HNSCC_1_PBMC_AACTTTCAGAAGGTTT	95.59594137098918	92.93639515080092	0.0	40.24233897646246	0.0	12.965557485437119	6.048068204057116	53.015766947210416	5.188850884584648	55.75510395888745	0.0	0.0	0.0	0.0	0.0	44.32519257970443	0.0	0.0	0.0	0.0	0.0	0.0	0.0	0.0	0.0
GSM4138110_HNSCC_1_PBMC_AAGGAGCTCCTTTCGG	105.38490074869415	118.88333345473345	82.35635543030311	0.0	0.0	35.736125206655316	0.0	79.67467631340588	56.435280371469034	0.0	0.0	0.0	0.0	0.0	0.0	0.0	0.0	0.0	0.0	0.0	0.0	0.0	5.8741298243595645	0.0	0.0
GSM4138110_HNSCC_1_PBMC_AATCCAGAGTGCTGCC	125.42079041774574	59.58033145455298	0.0	63.66796635302594	0.0	26.212103187028728	55.17782482930721	17.506578704556695	0.0	34.24543971818648	0.0	0.0	0.0	0.0	0.0	0.0	0.0	43.068533470404255	0.0	0.0	0.0	0.0	0.0	0.0	0.0
GSM4138110_HNSCC_1_PBMC_AATCGGTGTCTAGCCG	95.2399145592763	68.82849702389679	91.3237357509937	0.0	0.0	27.13980488428637	0.0	0.0	107.32253920687889	0.0	0.0	0.0	48.63790722556166	0.0	51.88294950394929	0.0	0.0	0.0	0.0	0.0	0.0	0.0	0.0	0.0	0.0
GSM4138110_HNSCC_1_PBMC_ACACCCTCATCTACGA	122.03756127079988	14.99869503802971	0.0	0.0	0.0	22.25697353868808	0.0	49.93094190965524	0.0	60.61643581480555	37.98682358073161	0.0	0.0	0.0	0.0	0.0	0.0	3.624353267168803	0.0	0.0	0.0	0.0	0.0	0.0	0.0
GSM4138110_HNSCC_1_PBMC_ACACCGGCACCATGTA	198.09783117532993	185.58820582786686	153.45133653139186	0.0	0.0	57.07777417873043	0.0	134.49993371638502	208.39664149204017	0.0	0.0	0.0	0.0	0.0	0.0	0.0	0.0	0.0	0.0	0.0	0.0	0.0	0.0	0.0	0.0
GSM4138110_HNSCC_1_PBMC_ACATCAGAGCGTTCCG	204.62321593916369	147.46014976115097	93.01538341981457	42.74313286903903	0.0	36.223319711591415	0.0	165.72652931648955	28.032446617073365	0.0	2.1395271651494046	0.0	0.0	0.0	0.0	0.0	0.0	0.0	0.0	0.0	0.0	0.0	0.0	0.0	0.0
GSM4138110_HNSCC_1_PBMC_ACCCACTCAATGTAAG	58.38663530440356	19.61316250328715	51.55759486001631	0.3946576169296746	0.0	26.71158289236648	0.0	38.94696575793983	14.965485706510824	0.0	0.0	16.677957940131453	0.0	0.0	0.0	0.0	0.0	0.0	0.0	0.0	0.0	0.0	0.0	0.0	0.0
GSM4138110_HNSCC_1_PBMC_ACCCACTGTAAGTGTA	84.31283501271471	75.01100319033822	0.0	39.86804175450733	0.0	27.469150033012877	79.24471761714113	0.0	0.0	46.394523515746236	17.428402547921397	0.0	0.0	0.0	0.0	4.018261473226181	0.0	0.0	0.0	0.0	0.0	0.0	0.0	0.0	0.0
GSM4138110_HNSCC_1_PBMC_ACCTTTATCATAACCG	108.43427453922678	91.24903689774361	0.0	0.0	81.33277784598201	41.944469452331695	0.0	113.59177463362126	0.0	0.0	57.536957354607814	0.0	0.0	0.0	0.0	0.0	0.0	0.0	0.0	0.0	0.0	0.0	0.0	0.0	0.0
GSM4138110_HNSCC_1_PBMC_ACGAGCCAGGTGTGGT	55.68787586233244	37.093047832197335	0.0	0.0	44.53432158706965	30.209084732259967	0.0	109.7304759198145	0.0	0.0	42.21151987223036	0.0	0.0	0.0	0.0	0.0	0.0	0.0	0.0	0.0	0.0	0.0	0.0	0.0	0.0
GSM4138110_HNSCC_1_PBMC_ACGATACCATATGAGA	98.26273320382707	47.17806970945152	0.0	3.736379201898995	0.0	15.537783633405976	0.0	42.04065878023602	0.0	56.64554981466888	0.0	0.0	0.0	0.0	0.0	0.0	0.0	0.0	0.0	0.0	0.0	24.61716146173589	0.0	0.0	0.0
GSM4138110_HNSCC_1_PBMC_ACGATACTCTGATTCT	96.23522925193828	26.23396481953822	0.0	0.0	0.0	17.157316111662716	0.0	57.861248713065045	0.0	0.0	60.74986375326962	0.0	0.0	0.0	0.0	0.0	0.0	65.97541781276188	0.0	0.0	0.0	0.0	0.0	0.0	0.0
GSM4138110_HNSCC_1_PBMC_ACGATGTCAGGCAGTA	102.38643473538907	37.25937411278621	0.0	0.0	75.22640970843523	0.0	55.83054273265372	0.0	35.78437008691866	0.0	0.0	0.0	0.0	0.0	0.0	21.04200985606878	0.0	0.0	0.0	0.0	0.0	0.0	0.0	0.0	0.0
GSM4138110_HNSCC_1_PBMC_ACGCAGCGTAGAGCTG	63.47401549767978	95.01903896778447	0.0	15.436365491964821	62.263449268786125	16.506970103616084	0.0	0.0	0.0	0.0	0.0	0.0	0.0	0.0	0.0	0.0	0.0	0.0	34.125388192207964	0.0	0.0	0.0	0.0	0.0	0.0
GSM4138110_HNSCC_1_PBMC_ACGCCGAAGGTAGCTG	79.23006470972946	44.665674220262794	0.0	6.852754629864159	0.0	20.275612534078245	0.0	0.0	0.0	0.0	0.0	0.0	0.0	0.0	8.73739973917867	0.0	27.80861330683202	29.928009828772044	0.0	36.001668039998954	0.0	0.0	0.0	0.0	0.0
GSM4138110_HNSCC_1_PBMC_ACGGGCTGTGATAAAC	73.06363899923596	74.63974004434645	0.0	0.0	70.34576833487343	26.407909774693348	0.0	106.97209001650914	13.886349252611131	0.0	18.70468957096175	0.0	0.0	0.0	0.0	0.0	0.0	0.0	0.0	0.0	0.0	0.0	0.0	0.0	0.0
GSM4138110_HNSCC_1_PBMC_ACGTCAACATCACGAT	92.87345885595994	88.37851218590225	11.778420097791171	37.14961358009421	14.513603715347566	14.159161020848542	0.0	0.5804610783585908	0.0	0.0	0.0	0.0	0.0	0.0	20.063947029302568	0.0	0.0	0.0	0.0	0.0	0.0	0.0	0.0	0.0	0.0
GSM4138110_HNSCC_1_PBMC_ACTATCTAGGAATTAC	127.49561470352681	126.82348076145372	144.09011549295045	0.0	0.0	31.73864486653889	99.98909991182109	0.0	72.57066659838237	0.0	0.0	0.0	0.0	0.0	0.0	0.0	0.0	0.0	0.0	0.0	0.0	0.0	0.0	0.0	0.0
GSM4138110_HNSCC_1_PBMC_ACTGATGTCGTTACGA	203.36780627034503	176.0656008801116	0.0	0.0	0.0	0.0	0.0	0.0	0.0	0.0	0.0	0.0	54.30156967992774	0.0	0.0	34.328443284303454	0.0	79.90930867853672	0.0	84.87767519605096	0.0	0.0	0.0	0.0	0.0
GSM4138110_HNSCC_1_PBMC_ACTTACTAGATAGGAG	66.95711122443885	56.274371127834435	35.66584526600841	69.8238113363644	12.565027888162438	0.0	0.0	0.0	0.0	0.0	0.0	0.0	0.0	0.0	0.0	16.387541114708124	72.10437035522466	0.0	0.0	0.0	4.5502840981755925	0.0	0.0	0.0	0.0
GSM4138110_HNSCC_1_PBMC_ACTTGTTTCCACGACG	83.47777454600542	101.79004673280959	32.870163145944524	50.022245189312244	0.0	6.493218050171626	0.0	93.11181666366298	0.0	6.53271614223076	0.0	0.0	0.0	0.0	0.0	12.899028710570109	0.0	0.34158828676850206	0.0	0.0	6.642449260171184	0.0	0.0	0.0	0.0
GSM4138110_HNSCC_1_PBMC_ACTTTCATCGTCACGG	117.92000553304064	114.23125297868476	40.20548614305777	21.81486376132537	0.0	0.0	0.0	0.0	0.0	0.0	0.0	0.0	22.886535625112757	0.0	6.774501076396034	33.258272504474945	0.0	0.0	0.0	0.0	17.50882822565655	0.0	0.0	0.0	0.0
GSM4138110_HNSCC_1_PBMC_AGATTGCTCATGCTCC	103.4448238998101	77.333270425126	55.09673134690419	0.0	78.27361223048932	56.965741067357904	0.0	0.0	45.55217711076348	0.0	0.0	0.0	5.295655233073357	35.06036510666977	27.72784300068234	0.0	0.0	0.0	0.0	0.0	0.0	0.0	0.0	0.0	0.0
GSM4138110_HNSCC_1_PBMC_AGATTGCTCCTAGAAC	146.5534958379433	51.66163191576566	0.0	0.0	129.42537955558885	15.71149344510113	0.0	0.0	0.0	0.0	0.0	25.5007162358712	0.0	0.0	0.0	0.0	0.0	0.0	0.0	0.0	0.0	0.0	0.0	0.0	0.0
GSM4138110_HNSCC_1_PBMC_AGCAGCCTCACTCTTA	95.83959194195482	38.79950549106836	32.303140791889795	45.44870773779404	0.0	0.0	0.0	0.0	0.0	0.0	0.0	0.0	60.25608641628568	0.0	0.0	18.837488945798185	0.0	20.42555758326024	0.0	0.0	0.0	0.0	0.0	0.0	0.0
GSM4138110_HNSCC_1_PBMC_AGCCTAAAGCGTGAAC	241.96676857995237	87.94387965415358	0.0	42.23859372184619	0.0	0.0	0.0	0.0	0.0	100.01056048253248	0.0	0.0	5.790071299976286	86.18920710509367	0.0	32.06511182179826	0.0	0.0	0.0	0.0	0.0	0.0	0.0	0.0	11.303217718906712
GSM4138110_HNSCC_1_PBMC_AGCCTAAGTCTCATCC	45.892472155389214	52.90762472512446	0.0	0.0	18.95711576786813	7.2758846409274405	2.1568271401565453	0.0	0.0	0.0	0.0	101.67129472755832	0.0	0.0	0.0	0.0	0.0	0.0	0.0	0.0	0.0	0.0	22.17625901178675	0.0	0.0
GSM4138110_HNSCC_1_PBMC_AGCGTATAGCCAGTTT	98.7365684775954	36.78192780675246	0.0	23.03255463704377	0.0	23.67664702480008	68.69405102766552	0.0	25.61639299021386	106.0814698080325	0.0	0.0	0.0	0.0	0.0	0.0	0.0	0.0	0.0	0.0	0.0	0.0	0.0	0.0	0.0
GSM4138110_HNSCC_1_PBMC_AGCGTCGAGCGCTCCA	77.70124824532957	55.489350137210515	56.50784980127087	0.0	0.0	0.0	0.0	0.0	0.0	0.0	48.34755579698922	0.0	0.0	40.9781828633004	0.0	36.06385967470705	0.0	0.0	0.0	0.0	0.0	0.0	0.0	0.0	0.0
GSM4138110_HNSCC_1_PBMC_AGCTCCTGTATCACCA	165.95427723608927	112.64744295226731	163.36905724290253	58.18786501985545	0.0	32.76435865169305	104.75084474439807	0.0	0.0	0.0	0.0	0.0	0.0	0.0	0.0	7.510111958610632	0.0	0.0	0.0	0.0	0.0	0.0	0.0	0.0	0.0
GSM4138110_HNSCC_1_PBMC_AGCTCTCAGTCGTTTG	146.8882796085138	112.60310131033768	26.074492083689346	14.284705343827557	44.94824162119174	31.488509102294323	0.0	0.0	0.0	0.0	40.2218566662356	0.0	63.99562002379346	40.979962826454745	0.0	0.0	0.0	0.0	0.0	0.0	0.0	0.0	0.0	0.0	0.0
GSM4138110_HNSCC_1_PBMC_AGCTTGAAGACTGGGT	114.7930612359797	75.58354035139541	0.0	0.0	0.0	63.362449753318465	0.0	51.423441882648355	39.413545459859485	66.01111559650919	0.0	0.0	0.0	0.0	0.0	0.0	13.38499572131736	0.0	0.0	0.0	0.0	0.0	0.0	0.0	0.0
GSM4138110_HNSCC_1_PBMC_AGGCCGTAGACTACAA	138.0675481126864	66.51086661553099	0.0	61.93615967103491	71.12618589178288	31.78256863062299	0.0	0.0	0.0	0.0	0.0	0.0	47.96704826129052	46.893064787207955	0.0	0.0	0.0	0.0	0.0	0.0	0.0	0.0	0.0	0.0	0.0
GSM4138110_HNSCC_1_PBMC_AGGGATGAGACCCACC	67.35243003296624	61.51858513914703	0.0	44.298868190570886	79.35285599442679	27.57665920781812	7.132665000761527	0.0	0.0	0.0	0.0	0.0	0.0	50.12756334272789	0.0	0.0	0.0	0.0	0.0	0.0	0.0	0.0	0.0	0.0	0.0
GSM4138110_HNSCC_1_PBMC_AGGGATGCATGTTCCC	99.32737296232315	79.62512363012345	0.0	0.0	0.0	54.55312282044167	87.77128975621333	0.0	0.0	62.015952898796364	16.040928198602924	0.0	0.0	0.0	0.0	0.0	0.0	30.32589367754647	0.9873342677794072	0.0	0.0	35.66050873414639	0.0	0.0	0.0
GSM4138110_HNSCC_1_PBMC_AGTAGTCGTCAATGTC	72.09859517551911	79.30568850860402	58.81369110754402	49.78251905288684	0.0	29.07330438967426	0.0	0.0	0.0	0.0	0.0	0.0	0.0	0.0	48.136767401968285	0.0	0.0	0.0	0.0	0.0	0.0	0.0	0.0	0.0	0.0
GSM4138110_HNSCC_1_PBMC_AGTAGTCGTCCGAAGA	113.18918053680821	48.12815706170949	0.0	36.56786239040619	83.98871858883601	17.714817138149368	51.79393594801877	25.005364814413568	0.0	0.0	0.0	0.0	0.0	0.0	0.0	0.0	0.0	0.0	0.0	0.0	0.0	0.0	0.0	0.0	0.0
GSM4138110_HNSCC_1_PBMC_AGTGGGAAGGAGCGAG	147.89084364181184	85.33823456498668	0.0	0.0	108.6825526505124	60.399631262097394	0.0	0.0	125.92408602910047	0.0	0.0	0.0	0.0	0.0	71.99173818245603	0.0	50.63675347257583	0.0	0.0	0.0	0.0	0.0	0.0	0.0	0.0
GSM4138110_HNSCC_1_PBMC_AGTGTCAGTACCGGCT	99.53232450424156	52.145728389252184	0.0	10.168724979184276	162.81852923603134	0.0	0.0	0.0	0.0	0.0	0.0	0.0	0.0	128.55270659549583	0.0	32.72832927437835	0.0	0.0	0.0	0.0	0.0	0.0	0.0	0.0	0.0
GSM4138110_HNSCC_1_PBMC_ATAAGAGAGCTGATAA	46.918752880857994	35.64369738353071	0.0	0.0	46.293259653534164	34.525118980981134	18.315465338101625	2.799132658764157	0.0	40.28321444214265	0.0	0.0	0.0	0.0	0.0	0.0	0.0	0.0	0.0	0.0	0.0	0.0	29.195532125626727	0.0	0.0
GSM4138110_HNSCC_1_PBMC_ATCACGAGTCAAACTC	72.23141818595334	79.72364448055708	0.0	0.0	0.0	18.48054244277293	73.57449576472695	0.0	0.0	9.634795479014253	18.87461877346725	0.0	0.0	0.0	0.0	0.0	0.0	40.238758312385656	0.0	0.0	0.0	0.0	0.0	0.0	0.0
GSM4138110_HNSCC_1_PBMC_ATCATCTTCTGTGCAA	77.15014780778031	67.10978043948111	0.0	55.420567459113265	51.05134239848447	23.341037803822516	46.55627457733137	0.0	0.0	0.0	0.0	0.0	0.0	0.0	0.0	0.0	0.0	0.0	0.0	0.0	0.0	0.0	0.0	0.0	0.0
GSM4138110_HNSCC_1_PBMC_ATCATGGGTCACTGGC	164.5263394896451	57.67426443398729	72.32486395120395	63.7871392780438	0.0	21.430831118775473	100.34717580325005	0.0	0.0	0.0	0.0	0.0	0.0	0.0	0.0	0.0	0.0	0.0	0.0	0.0	0.0	0.0	0.0	0.0	0.0
GSM4138110_HNSCC_1_PBMC_ATCTGCCCATACGCCG	89.62110361810093	32.95515107068046	0.0	0.0	71.44561076649835	34.09459394542493	0.0	0.0	0.0	0.0	64.62657246974995	0.0	1.732592805934013	0.0	0.0	0.0	49.28018672891486	0.0	0.0	7.141097229959529	0.0	0.0	0.0	0.0	0.0
GSM4138110_HNSCC_1_PBMC_ATGAGGGAGTGTACGG	96.37991010937058	90.34847345320468	0.0	56.917355069212924	9.596935598727098	26.279326060850703	0.0	0.0	0.0	0.0	0.0	0.0	0.0	0.0	0.0	0.0	107.77466086302363	45.32344269280891	0.0	0.0	0.0	0.0	0.0	0.0	0.0
GSM4138110_HNSCC_1_PBMC_ATGGGAGAGACCCACC	200.66193990115093	164.72439588810627	0.0	87.16279837619452	91.50319476190573	27.553862789681425	67.49679535731302	19.37716521792682	0.0	0.0	0.0	0.0	0.0	0.0	0.0	15.757286799830464	46.480245598411486	0.0	27.203010346014178	56.27996960730685	0.0	0.0	0.0	0.0	0.0
GSM4138110_HNSCC_1_PBMC_ATGTGTGTCCAGTAGT	65.19570398816141	21.496093543269453	0.0	15.206420752610514	60.262209788210924	14.800405868964011	81.42515312823986	0.0	0.0	0.0	0.0	0.0	0.0	0.0	0.0	0.0	0.0	0.0	0.0	0.0	0.0	0.0	16.645549690999527	0.0	0.0
GSM4138110_HNSCC_1_PBMC_ATTATCCAGCGCCTTG	103.7295868516393	83.8302236435178	79.75078511590887	0.0	0.0	34.1022377424084	0.0	0.0	79.83966810188723	0.0	0.0	0.0	86.86409088106058	0.4399107391842256	0.0	0.0	0.0	0.0	0.0	0.0	0.0	0.0	0.0	0.0	0.0
GSM4138110_HNSCC_1_PBMC_ATTCTACAGATGTCGG	93.21179383828967	87.22158516099795	0.0	55.50264006629895	62.78983669994672	0.0	0.0	0.0	0.0	0.0	0.0	0.0	75.53994107557307	0.0	0.0	22.454362229244115	0.0	0.0	0.0	0.0	0.0	0.0	0.0	0.0	0.0
GSM4138110_HNSCC_1_PBMC_ATTGGACAGAAGGCCT	48.87691324865261	37.07844127528233	0.0	52.34874550670942	42.02437107845167	0.0	0.0	0.0	0.0	0.0	0.0	38.024488357544136	0.4564869421136058	10.697391691272388	0.0	23.431377144126486	0.0	0.0	0.0	0.0	0.0	0.0	0.0	0.0	0.0
GSM4138110_HNSCC_1_PBMC_ATTGGTGCACAGGAGT	125.77833161722829	52.29339322799071	0.0	42.34412454945819	53.84220065877086	10.828156935267474	0.0	0.0	0.0	0.0	0.0	0.0	0.0	99.3028440498331	0.0	10.963155086088676	0.0	0.0	0.0	0.0	0.0	0.0	0.0	0.0	0.0
GSM4138110_HNSCC_1_PBMC_CAACCTCTCTAAGCCA	118.0813816096919	55.88293916262981	0.0	0.0	33.63152699836123	0.0	0.0	0.0	55.48376959992461	0.0	0.0	0.0	0.0	36.25419217655807	0.0	25.383023083710437	0.0	0.0	0.0	0.0	0.0	0.0	0.0	0.0	0.0
GSM4138110_HNSCC_1_PBMC_CAACTAGGTGTCCTCT	113.81989965588919	65.47256073980911	0.0	0.0	0.0	6.51380089901122	66.96580977161575	0.0	0.0	50.34218573927643	62.2875453210026	0.0	0.0	0.0	0.0	9.87716086373178	0.0	0.0	0.0	0.0	0.0	0.0	0.0	0.0	0.0
GSM4138110_HNSCC_1_PBMC_CAACTAGTCAAGATCC	39.79659458247107	65.5472217395098	0.0	0.0	0.0	0.0	81.94514832350501	0.0	0.0	0.0	32.55905018688061	0.0	0.0	0.0	0.0	18.763840596774063	0.0	64.8456353265485	0.0	0.0	0.0	0.0	0.0	0.0	0.0
GSM4138110_HNSCC_1_PBMC_CAAGAAATCACAAACC	47.85754490046842	120.15156314854433	34.94280961009641	34.16865026234003	0.0	0.0	41.58238924812103	0.0	0.0	0.0	0.0	0.0	0.0	0.0	0.0	12.193345112725275	0.0	0.0	0.0	0.0	0.0	0.0	0.0	0.0	0.0
GSM4138110_HNSCC_1_PBMC_CAAGTTGCATGTTCCC	148.1541873782841	127.28466344963094	17.07483464079704	0.0	74.98484427694389	31.22921569092651	0.0	0.0	79.83879255972873	0.0	0.0	0.0	107.23421364630765	0.0	0.0	0.0	0.0	0.0	0.0	0.0	0.0	0.0	0.0	0.0	0.0
GSM4138110_HNSCC_1_PBMC_CACACTCTCAAGATCC	118.15862870083643	55.238945985844516	60.24424503328039	34.462244645869895	0.0	20.05024116233071	0.0	0.0	0.0	0.0	49.35044198574871	104.53200235635165	0.0	0.0	0.0	0.34753796551369787	0.0	0.0	0.0	0.0	8.53628152652187	0.0	0.0	0.0	0.0
GSM4138110_HNSCC_1_PBMC_CACAGGCTCCGCGTTT	76.46501410477315	35.971743998277276	87.47011333564282	59.19494528133521	0.0	5.931967022643397	86.81764198207573	0.0	0.0	0.0	0.0	0.0	0.0	0.0	0.0	28.93387766037118	0.0	0.0	14.875415254779208	0.0	0.0	0.0	0.0	0.0	0.0
GSM4138110_HNSCC_1_PBMC_CACAGTAAGTTACCCA	67.99935945195885	81.42830484515896	90.51451608470332	46.80414537445193	0.0	24.62735519545616	90.24685334288614	0.0	0.0	0.0	0.0	0.0	0.0	0.0	0.0	0.0	15.204162498000793	0.0	0.0	0.0	0.0	0.0	0.0	0.0	0.0
GSM4138110_HNSCC_1_PBMC_CACATTTAGTAGCGGT	104.2941153325298	60.19227355077871	0.0	0.0	0.0	0.0	0.0	58.95940842584076	36.61179279668628	0.0	0.0	0.0	0.0	0.0	0.0	13.491779921981175	0.0	76.9506590593484	0.0	0.0	0.0	0.0	0.0	0.0	0.0
GSM4138110_HNSCC_1_PBMC_CACCACTTCCGCGGTA	58.71700646244887	79.10006709570764	37.33127288710937	25.834707750033296	0.0	53.5988845062992	0.0	41.39590075810888	0.0	0.0	0.0	6.61434505163778	0.0	0.0	0.0	0.0	0.0	0.0	0.0	0.0	0.0	0.0	0.0	0.0	0.0
GSM4138110_HNSCC_1_PBMC_CAGAGAGAGCCACTAT	72.12897318496636	44.452822906449384	0.0	82.45665009755012	0.0	13.255018920110288	0.0	68.06453775402181	1.223411674488368	50.23823845167268	0.0	0.0	0.0	0.0	0.0	0.0	0.0	0.0	0.0	0.0	0.0	0.0	0.0	0.0	0.0
GSM4138110_HNSCC_1_PBMC_CAGCAGCGTGCAGTAG	58.33645594816829	20.16780928939579	0.0	0.0	0.0	0.0	37.885440020943015	0.0	0.0	42.213927877197634	0.0	0.0	0.0	0.0	0.0	15.940303479858459	0.0	0.0	0.0	6.857626842205696	0.0	0.0	0.0	0.0	12.787090495238742
GSM4138110_HNSCC_1_PBMC_CAGCATAAGTACTTGC	75.83723868841673	58.596106725071444	0.0	0.0	0.0	21.673955154521263	78.4183709855763	0.0	0.0	17.735414578166534	82.91734855840653	0.0	0.0	0.0	0.0	0.0	0.0	0.0	0.0	0.0	0.0	0.0	0.0	0.0	0.0
GSM4138110_HNSCC_1_PBMC_CAGCATATCAGAGGTG	119.5863924469226	74.28604649284856	110.63454931059353	0.0	0.0	100.60536736851311	0.0	0.0	0.0	0.0	83.77170581265527	0.0	0.0	0.0	113.38063373834088	0.0	0.0	0.0	0.0	0.0	0.0	1.1255570707102784	0.0	0.0	0.0
GSM4138110_HNSCC_1_PBMC_CAGCTAAGTTCCACGG	0.0	0.0	0.0	0.0	0.0	1243.6394779736215	0.0	0.0	0.0	0.0	0.0	0.0	0.0	0.0	0.0	147.69873904584327	0.0	0.0	0.0	0.0	0.0	0.0	0.0	0.0	0.0
GSM4138110_HNSCC_1_PBMC_CATCGAAGTACTTCTT	171.1592819119531	120.50638397003661	0.0	0.0	100.99567535663945	0.0	47.25304508747527	0.0	35.824781820890166	0.0	0.0	0.0	0.0	0.0	0.0	12.136526527713812	0.0	0.0	0.0	0.0	0.0	0.0	0.0	0.0	0.0
GSM4138110_HNSCC_1_PBMC_CATCGGGAGAGCTTCT	76.42199575385439	48.919176357561774	15.697126553765576	0.0	0.0	13.067754266433036	0.0	0.0	16.650965433848352	0.0	0.0	0.0	0.0	0.0	23.068119316949684	0.0	0.0	0.0	0.0	0.0	0.0	0.0	0.0	0.0	0.0
GSM4138110_HNSCC_1_PBMC_CATTATCTCGATCCCT	127.6582513630399	77.16278564717608	125.24386998055574	62.4665367787921	0.0	44.96885527353953	0.0	70.56065864373446	0.0	0.0	0.0	0.0	0.0	0.0	0.0	0.0	0.0	0.0	0.0	0.0	0.0	0.0	0.0	0.0	0.0
GSM4138110_HNSCC_1_PBMC_CATTCGCAGTGAAGAG	144.25585477901276	91.4840995538835	0.0	77.9242850823793	0.0	0.0	0.0	108.01256556710074	0.0	0.0	0.0	0.0	0.0	0.0	0.0	67.04329069431769	0.0	147.61995515018137	0.0	0.0	0.0	0.0	0.0	0.0	0.0
GSM4138110_HNSCC_1_PBMC_CCACGGACAGATGGGT	111.73818666070336	128.33513240068206	143.20158779558187	51.768836507667636	0.0	51.653698450359634	0.0	0.0	0.0	0.0	0.0	17.9576441337206	0.0	89.12653071091694	0.0	0.0	0.0	0.0	0.0	0.0	0.0	0.0	0.0	0.0	0.0
GSM4138110_HNSCC_1_PBMC_CCACTACAGGTTCCTA	52.833354707463265	60.685266262239274	77.0195996129359	0.0	0.0	30.15867182410525	0.0	0.0	61.939423566442315	0.0	0.0	70.43341384254549	0.0	0.0	0.0	0.0	0.0	0.0	0.0	0.0	5.55288867024966	0.0	0.0	0.0	0.0
GSM4138110_HNSCC_1_PBMC_CCCAGTTAGGCACATG	65.97341665482598	41.629638142196946	39.138091473749476	0.0	0.0	36.11852865859602	0.0	61.711042794697576	58.511973075429054	0.0	0.0	0.0	0.0	0.0	0.0	0.0	0.0	0.0	0.0	0.0	0.0	0.0	0.0	0.0	0.0
GSM4138110_HNSCC_1_PBMC_CCCTCCTGTACAGCAG	92.13065187039128	44.145620763375085	0.0	0.0	0.0	39.887330903565264	5.552077848674325	51.31021550795192	0.0	19.718787542983552	0.0	0.0	0.0	0.0	0.0	0.0	0.0	17.101272570829426	0.0	63.09959584588297	0.0	0.0	0.0	0.0	0.0
GSM4138110_HNSCC_1_PBMC_CCCTCCTTCCATGAAC	60.97806936390189	73.94493893287576	40.388809540097675	27.764943065146532	0.0	55.494387573755986	0.0	0.0	0.0	0.0	0.0	2.3190452551769085	0.0	0.0	42.15834375926054	0.0	0.0	0.0	12.759320443498218	0.0	0.0	0.0	0.0	0.0	0.0
GSM4138110_HNSCC_1_PBMC_CCGTACTGTTCCAACA	112.24826295626933	125.59793425373654	0.0	91.49847017765859	94.52169054715817	21.020656132631157	0.0	0.0	0.0	0.0	0.0	72.75568877006499	0.0	0.0	0.0	10.825898288654079	0.0	0.0	0.0	0.0	0.0	0.0	0.0	0.0	0.0
GSM4138110_HNSCC_1_PBMC_CCGTACTTCCGATATG	52.054059808667375	43.4127785257688	33.49282211469427	0.0	0.0	0.0	0.0	0.0	43.485462622885024	0.0	0.0	0.0	0.0	44.71355935943972	0.0	19.245874220519177	0.0	0.0	0.0	0.0	0.0	0.0	0.0	0.0	0.0
GSM4138110_HNSCC_1_PBMC_CCGTGGAAGGAGTACC	99.35693873039193	37.8421374587138	0.0	47.540113984377825	0.0	0.0	31.80006647164667	0.0	0.0	0.0	0.0	0.0	0.0	26.78888010654778	0.0	22.616225372336707	0.0	58.96950911651252	0.0	0.0	0.0	0.0	0.0	0.0	0.0
GSM4138110_HNSCC_1_PBMC_CCTAAAGAGCGCCTCA	136.0425905019165	107.97964007242241	0.0	0.0	96.37211167351442	66.82518494676025	0.0	0.0	0.0	0.0	179.07606883666958	0.0	23.00432236994081	0.0	0.0	0.0	0.0	0.0	100.3606016417519	0.0	0.0	0.0	0.0	0.0	0.0
GSM4138110_HNSCC_1_PBMC_CCTACACCACAGGCCT	78.67410657903916	90.4621645844224	0.0	0.0	77.51547224000701	28.22781412028994	80.24974297179924	0.0	0.0	0.0	0.0	0.0	0.0	0.0	0.0	0.0	0.0	0.0	0.0	0.0	0.0	40.55290905336171	0.0	0.0	0.0
GSM4138110_HNSCC_1_PBMC_CCTATTACACAAGACG	167.51908866290327	110.87284950932734	91.77360492440424	0.0	0.0	0.0	0.0	0.0	0.0	0.0	0.0	0.0	0.0	137.70019258661384	0.0	20.11023991476801	0.0	13.998677331567091	0.0	0.0	0.0	69.02865917983958	0.0	0.0	0.0
GSM4138110_HNSCC_1_PBMC_CCTTACGAGAATAGGG	73.53166556837851	34.53002604838306	15.1920995992502	48.596187323728884	0.0	23.125539702413185	0.0	0.0	0.0	0.0	0.0	130.2861967285988	0.0	0.0	0.0	0.0	0.0	0.0	0.0	0.0	72.25991316183588	0.0	0.0	0.0	0.0
GSM4138110_HNSCC_1_PBMC_CGAACATGTCCAGTAT	84.44945455135846	31.32899705931478	0.0	0.0	0.0	36.93841442466559	0.0	0.0	46.819893337640146	46.21283661040214	0.0	0.0	0.0	0.0	0.0	0.0	52.907124421365886	0.0	0.0	0.0	0.0	0.0	0.0	0.0	0.0
GSM4138110_HNSCC_1_PBMC_CGATCGGCAACACCCG	64.3613745280226	24.043259572774414	34.33367163871206	0.0	0.0	10.580165229524267	0.0	0.0	0.0	0.0	0.0	13.105179851448133	0.0	0.0	29.758750441723553	0.0	0.0	0.0	0.0	0.0	4.540576299094504	0.0	0.0	0.0	15.836027764406657
GSM4138110_HNSCC_1_PBMC_CGATGTATCCTTTCGG	92.25106662611877	34.326229817670416	0.0	48.60131293229415	29.47692774476019	39.69809956506325	0.0	0.0	0.0	0.0	0.0	0.0	3.670510714353423	0.0	52.09414034375545	0.0	0.0	0.0	0.0	0.0	25.81159534841539	0.0	0.0	0.0	0.0
GSM4138110_HNSCC_1_PBMC_CGCGGTAAGACACGAC	40.13057567195158	19.248475313696872	0.0	34.69162809472637	0.0	20.26023678747369	69.78368828993115	0.0	0.0	6.876655022267369	0.0	0.0	0.0	0.0	0.0	0.0	0.0	5.090158537172499	0.0	0.0	0.0	0.0	0.0	0.0	0.0
GSM4138110_HNSCC_1_PBMC_CGCGGTATCAGTCCCT	71.29369705615443	104.9275075863978	0.1149607302879371	36.01282380542031	44.04618799982245	24.374448341781672	0.0	0.0	0.0	0.0	0.0	0.0	0.0	0.0	49.94883558977315	0.0	0.0	0.0	0.0	0.0	0.0	0.0	0.0	0.0	0.0
GSM4138110_HNSCC_1_PBMC_CGCTATCAGGTAGCCA	104.78690613627346	107.70444293987912	4.363348235382329	0.0	75.21457141035326	23.338374630889824	88.06282908931757	0.0	0.0	6.791156272290093	84.95128465919784	0.0	0.0	42.3377553286734	0.0	0.0	0.0	0.0	0.0	0.0	8.99130072538182	0.0	0.0	0.0	0.0
GSM4138110_HNSCC_1_PBMC_CGCTTCACAGTACACT	111.66968615495095	75.34919517505175	59.86192109181009	0.0	28.342652128679543	21.240573852584802	0.0	0.0	0.0	0.0	65.97829073489628	0.0	0.0	0.0	65.00637207477689	0.0	0.0	0.0	0.0	0.0	0.0	0.0	0.0	0.0	0.0
GSM4138110_HNSCC_1_PBMC_CGGAGCTCAGACGCAA	65.80660657101704	65.85126119498202	0.0	23.031054032989527	0.0	21.09326721836915	49.14840286782427	0.0	0.0	57.43886270331928	2.8592692894019214	0.0	0.0	0.0	0.0	0.0	0.0	0.0	0.0	0.0	0.0	0.0	0.0	0.0	0.0
GSM4138110_HNSCC_1_PBMC_CGGAGCTTCGCCTGAG	122.89482923734754	107.38970764251926	76.18972490799688	73.21574344386306	0.0	0.0	0.0	0.0	0.0	0.0	0.0	0.0	0.0	106.60160487891129	0.0	32.27610542841167	0.0	0.0	0.0	0.0	0.0	0.0	0.0	0.0	0.0
GSM4138110_HNSCC_1_PBMC_CGGCTAGTCACATAGC	154.03941294539746	88.33528983934973	83.01289794422726	0.0	0.0	45.10765676512863	46.418103073231244	65.17794860433247	0.0	0.0	108.88394144783872	0.0	0.0	0.0	0.0	0.0	0.0	0.0	0.0	0.0	0.0	0.0	0.0	0.0	0.0
GSM4138110_HNSCC_1_PBMC_CGGCTAGTCAGAGACG	65.73288598713283	44.70214681472139	0.0	31.180955545570725	0.0	19.68643344879812	45.968057501646086	15.886603202347544	0.0	0.0	0.0	0.0	0.0	0.0	0.0	3.4177820196906117	0.0	68.16784504344449	0.0	0.0	0.0	0.0	0.0	0.0	0.0
GSM4138110_HNSCC_1_PBMC_CGGCTAGTCCTAAGTG	184.4395885760026	80.86126927390285	0.0	0.0	64.78177856805837	0.0	0.0	0.0	33.689288554298344	0.0	0.0	0.0	95.37395955642262	0.0	0.0	20.59135886187998	0.0	0.0	0.0	0.0	0.0	0.0	0.0	0.0	0.0
GSM4138110_HNSCC_1_PBMC_CGTAGCGAGAAGGGTA	90.98482328729538	103.42918589631464	0.0	48.166903848127205	39.77512875079393	23.62698616295997	0.0	133.69959849841908	0.0	0.0	0.0	0.0	0.0	0.0	0.0	0.0	0.0	0.0	0.0	0.0	0.0	0.0	0.0	0.0	0.0
GSM4138110_HNSCC_1_PBMC_CGTAGGCGTGGTAACG	58.97712843078125	99.32637469806035	0.0	36.081776469326535	18.57257817356493	17.846728712133558	0.0	0.0	0.0	0.0	0.0	0.0	87.42618206886927	0.0	0.0	0.0	0.0	0.0	0.0	0.0	0.0	0.0	0.0	0.0	0.0
GSM4138110_HNSCC_1_PBMC_CGTCACTTCAAACCGT	96.39270356647113	113.4990629052112	0.0	52.04345263005586	0.0	43.314636139212006	0.0	73.02920787046581	0.0	50.73813737356673	0.0	0.0	0.0	0.0	0.0	0.0	0.0	0.0	0.0	0.0	0.0	0.0	0.0	0.0	0.0
GSM4138110_HNSCC_1_PBMC_CGTCCATAGCAGCGTA	49.85802028971013	11.82498328630409	8.505322677821693	63.83276935321077	0.0	0.0	0.0	0.0	0.0	0.0	0.0	68.41075178192007	0.0	0.0	0.0	15.881137122512415	0.0	0.0	0.0	0.0	9.613470167402815	0.0	0.0	0.0	0.0
GSM4138110_HNSCC_1_PBMC_CGTGTAAAGGTGTGGT	95.93113426101161	111.09695900636004	0.0	74.6502001175373	34.526662550214276	16.90132701550336	70.77239387685772	0.0	0.0	0.0	0.0	0.0	0.0	0.0	0.0	0.0	0.0	42.604803927172824	0.0	0.0	0.0	0.0	0.0	0.0	0.0
GSM4138110_HNSCC_1_PBMC_CGTTGGGCAGGCGATA	100.83737563906728	42.359946438651484	0.0	0.0	56.3963369235722	37.80266791780261	23.227670475685816	26.606276509428447	50.835894883577	0.0	0.0	0.0	0.0	0.0	0.0	0.0	0.0	0.0	0.0	0.0	0.0	0.0	0.0	0.0	0.0
GSM4138110_HNSCC_1_PBMC_CTACACCGTAGCTTGT	48.00227975780717	62.38855089923076	45.783044559341086	0.0	0.0	25.473813405135274	0.0	0.0	0.0	0.0	43.326858357165854	0.0	88.76951255626886	0.0	0.0	0.0	0.0	0.0	0.0	0.0	1.3927964466072742	0.0	0.0	0.0	0.0
GSM4138110_HNSCC_1_PBMC_CTACGTCAGTGGGATC	101.62576838401391	92.23348745400367	0.0	84.09290678044768	0.0	30.843536774745484	36.87304959134041	0.0	0.0	16.134535345298257	0.0	0.0	0.0	0.0	0.0	0.0	0.0	5.516951464269286	0.0	0.0	0.0	0.0	0.0	0.0	0.0
GSM4138110_HNSCC_1_PBMC_CTACGTCTCCACGAAT	40.06280392031451	35.63758726779349	0.0	53.60433573685366	30.222440639509433	7.397966681211937	0.0	0.0	0.0	0.0	0.0	0.0	0.0	0.0	0.0	6.315526289632041	0.0	0.0	67.11827437062722	0.0	0.0	0.0	0.0	0.0	0.0
GSM4138110_HNSCC_1_PBMC_CTAGCCTAGCCAACAG	74.9265609715781	74.67896903062706	0.0	0.0	68.38710409142237	35.624330573726695	0.0	22.427003714360275	5.908741765264495	0.0	0.0	27.974576779626638	0.0	0.0	0.0	0.0	0.0	0.0	0.0	34.478399741560175	0.0	0.0	0.0	0.0	0.0
GSM4138110_HNSCC_1_PBMC_CTCAGAATCGAATGGG	93.90264872342038	83.203608164086	0.0	0.0	88.74059197890347	0.0	0.0	0.0	0.0	0.0	52.811783539366516	0.0	38.53594668276153	66.49483856151133	0.0	45.21576412733924	0.0	0.0	0.0	0.0	0.0	9.635455018297804	0.0	0.0	0.0
GSM4138110_HNSCC_1_PBMC_CTCCTAGCAAGTCTGT	133.2580421610113	100.65648325202397	0.0	0.0	0.0	10.694742010809847	46.644388936050255	2.3971312513776715	51.41446697946362	73.01218783843734	0.0	0.0	0.0	0.0	0.0	33.8622558414585	0.0	0.0	0.0	0.0	0.0	0.0	0.0	0.0	0.0
GSM4138110_HNSCC_1_PBMC_CTCGGAGAGCAGGTCA	109.76457148191233	96.15358214564178	0.0	71.85532350965407	0.0	33.171814568031884	14.099514491807899	63.93722718091636	0.0	0.0	0.0	0.0	0.0	0.0	0.0	0.0	0.0	43.7553444216609	0.0	0.0	0.0	0.0	0.0	0.0	0.0
GSM4138110_HNSCC_1_PBMC_CTCGTACTCAGCAACT	85.6469249316342	107.77215031470965	0.0	0.0	0.0	0.0	92.69264260194825	0.0	41.94708832937169	129.09605502537775	0.0	0.0	0.0	0.0	0.0	48.26574874540073	13.615404523356284	0.0	0.0	0.0	0.0	0.0	0.0	0.0	0.0
GSM4138110_HNSCC_1_PBMC_CTCGTCAAGCTCTCGG	153.56183714120516	110.31901813848266	0.0	77.59749256198438	34.83937635294463	62.319261632068304	178.2271814205132	0.0	0.0	0.0	0.0	0.0	0.0	0.0	0.0	0.0	0.0	0.0	0.0	9.239589774384044	0.0	0.0	0.0	0.0	0.0
GSM4138110_HNSCC_1_PBMC_CTCTACGCAGATCGGA	32.59704857263374	51.47160965353942	0.0	0.0	37.96930389517648	13.632820608850487	0.0	0.0	0.0	0.0	0.0	0.0	0.0	0.0	29.927311988562362	0.0	0.0	0.0	0.0	45.643897167718954	0.0	0.0	0.0	0.0	0.0
GSM4138110_HNSCC_1_PBMC_CTCTGGTAGACAGGCT	35.0648467908712	59.764690350819485	0.0	0.0	0.0	9.063402775888669	32.26836611260375	48.6994649474032	38.53511027138942	60.91132351899813	0.0	0.0	0.0	0.0	0.0	0.0	0.0	0.0	0.0	0.0	0.0	0.0	0.0	0.0	0.0
GSM4138110_HNSCC_1_PBMC_CTCTGGTCACAGCCCA	138.42656933980817	77.41507952262977	49.918243187893175	58.6536283781925	0.0	21.483250737974977	0.0	0.0	0.0	0.0	0.0	51.48532452925452	0.0	0.0	66.2741275930664	0.0	0.0	0.0	0.0	0.0	0.0	0.0	0.0	0.0	0.0
GSM4138110_HNSCC_1_PBMC_CTGAAACCAGCCTTGG	59.63275855823052	146.89523412074305	47.20346733105339	4.971187911965702	0.0	61.104936241227165	0.0	0.0	0.0	0.0	0.0	55.78459250246226	0.0	0.0	0.0	23.58861850306249	0.0	0.0	0.0	0.0	0.0	0.0	0.0	0.0	0.0
GSM4138110_HNSCC_1_PBMC_CTGAAACCAGTATGCT	78.51915321714803	40.4923850141749	0.0	54.246464266620826	0.0	23.13824019958586	91.32082602969956	0.0	0.0	15.849212030180093	1.2060190111900813	0.0	0.0	0.0	0.0	10.989943517682805	0.0	73.12462090481958	0.0	0.0	0.0	0.0	0.0	0.0	0.0
GSM4138110_HNSCC_1_PBMC_CTGAAGTCAGCTGCTG	113.46125300729237	42.9389055066317	0.5224830363953276	39.154940790662316	0.0	23.309445520067488	0.0	69.2388857064528	0.0	47.09357195961829	0.0	0.0	0.0	0.0	0.0	0.0	0.0	23.21248783126052	0.0	0.0	0.0	0.0	0.0	0.0	0.0
GSM4138110_HNSCC_1_PBMC_CTGAAGTGTTCTCATT	84.00552102826433	33.9964343389113	22.977826819023093	0.0	0.0	0.0	0.0	0.0	0.0	0.0	102.23773869370673	0.0	0.0	0.0	0.0	20.898524124264544	33.133471097148146	0.0	0.0	0.0	0.0	0.0	0.0	0.0	41.699765374154104
GSM4138110_HNSCC_1_PBMC_CTGTTTACAAAGGTGC	85.9821587988266	81.33730253078036	41.61348948685904	38.73709356824031	0.0	0.0	0.0	0.0	0.0	0.0	0.0	0.0	0.0	58.90849389767109	0.0	25.60801827226518	0.0	0.0	0.0	2.074066851923624	0.0	0.0	0.0	0.0	0.0
GSM4138110_HNSCC_1_PBMC_CTTAACTGTGACGCCT	51.6917722555696	21.609395295041157	0.0	0.0	41.46527983733993	15.23053119894864	0.0	0.0	56.53900809856697	0.0	0.0	0.0	0.0	0.0	89.74879564506797	0.0	0.0	0.0	0.0	0.0	0.0	0.0	0.0	0.0	0.0
GSM4138110_HNSCC_1_PBMC_CTTAGGAAGGTGATTA	174.02774483624526	176.96035425723963	0.0	118.54907747103331	160.98172114763173	0.0	0.0	0.0	0.0	0.0	0.0	0.0	0.0	0.0	142.71001264435517	36.248920316677726	0.0	0.0	0.0	0.0	0.0	0.0	0.0	0.0	0.0
GSM4138110_HNSCC_1_PBMC_CTTAGGACAGAGTGTG	81.45441770437291	71.99136353322189	53.388076532254004	24.358334263062968	0.0	0.0	50.14563136171946	0.0	0.0	0.0	0.0	0.0	0.0	0.0	0.0	13.423390755947725	0.0	0.0	0.0	0.0	0.0	0.0	0.0	0.0	0.0
GSM4138110_HNSCC_1_PBMC_CTTGGCTCAAAGCGGT	114.76829238280904	95.06640234144795	58.18449593766841	0.0	0.0	41.625349282122215	0.0	0.0	0.0	0.0	65.20564969139122	0.0	0.0	103.22591377480836	0.0	0.0	0.0	0.0	0.0	0.0	0.0	0.0	0.0	0.0	0.0
GSM4138110_HNSCC_1_PBMC_GAAACTCGTCTTCTCG	162.88906143825886	68.16578168547163	139.40092350609441	0.0	0.0	6.682740419905389	0.0	0.0	81.82432891803943	0.0	0.0	0.0	24.69216522526928	6.112897954299555	0.0	19.465888972741368	0.0	0.0	56.57925320957976	0.0	0.0	0.0	0.0	0.0	0.0
GSM4138110_HNSCC_1_PBMC_GAAATGAAGAGCAATT	53.99390151904295	34.12813663770208	0.0	0.0	39.020064913033735	18.499022991937647	0.0	47.234915161773216	36.940459875389934	0.0	0.0	0.0	0.0	0.0	0.0	0.0	0.0	0.0	0.0	0.0	0.0	0.0	0.0	0.0	0.0
GSM4138110_HNSCC_1_PBMC_GAACATCTCGGTTAAC	92.5106701283412	47.50233677743824	55.7558653707791	0.0	0.0	1.6088611645453113	0.0	0.0	38.527785007306996	0.0	0.0	57.824085648968406	0.0	0.0	0.0	21.07096950517828	0.0	12.281023227602715	0.0	0.0	0.0	0.0	0.0	0.0	0.0
GSM4138110_HNSCC_1_PBMC_GAACCTATCGGCCGAT	91.38757713374827	53.59359759188732	0.0	0.0	0.0	0.0	0.0	0.0	28.234755674141073	0.0	0.0	0.0	0.0	0.0	0.0	7.8088118578669405	0.0	86.88050000087071	66.96641222547011	0.0	0.0	0.0	0.0	0.0	0.0
GSM4138110_HNSCC_1_PBMC_GAATGAAGTTGGACCC	42.90462166172566	45.3253909084967	49.69625652810709	37.02733755246902	0.0	0.0	0.0	0.0	0.0	0.0	0.0	24.89991267808748	0.0	10.966572281370354	0.0	5.389969547285868	0.0	0.0	0.0	0.0	0.0	0.0	0.0	0.0	0.0
GSM4138110_HNSCC_1_PBMC_GACAGAGAGAGCCTAG	76.34332309968283	49.46210077495258	34.03391308528941	10.053862908141722	0.0	15.560968742819448	0.0	0.0	0.0	0.0	0.0	0.0	45.61635106900073	0.0	0.0	0.0	0.0	0.7373007011423441	0.0	0.0	0.0	0.0	0.0	0.0	0.0
GSM4138110_HNSCC_1_PBMC_GACTAACAGGCAGGTT	75.50380488214505	60.2744124315365	0.0	0.0	0.0	62.554844767095965	0.0	0.0	108.9699946236922	120.00433845848164	0.0	0.0	113.62590150844696	0.0	0.0	0.0	0.0	0.0	0.0	0.0	0.0	0.0	0.0	0.0	0.0
GSM4138110_HNSCC_1_PBMC_GACTGCGGTATCTGCA	89.24811240000724	27.466801509617934	0.0	64.5000987787323	46.64467142750135	33.99469126821933	0.0	39.58761638333946	0.0	0.0	0.0	0.0	0.0	0.0	0.0	33.31585442964584	0.0	0.0	0.0	0.0	0.0	0.0	0.0	0.0	0.0
GSM4138110_HNSCC_1_PBMC_GACTGCGTCTAAGCCA	86.42733406128832	75.36383033207144	0.0	93.73602541956298	0.0	0.0	38.99789050417456	13.570352142617393	0.0	107.9781994445442	0.0	0.0	0.0	0.0	0.0	17.09849817899105	20.99918217544066	0.0	0.0	0.0	0.0	0.0	0.0	0.0	11.243779422886865
GSM4138110_HNSCC_1_PBMC_GATCGATGTGCTGTAT	170.23212176483696	72.99225448907588	0.0	89.98227694652502	52.86499951104063	16.191658187627926	0.0	66.63389779695784	0.0	0.0	0.0	0.0	0.0	0.0	0.0	6.560403672156762	0.0	0.0	0.0	0.0	0.0	0.0	0.0	0.0	0.0
GSM4138110_HNSCC_1_PBMC_GATCTAGAGGGCTCTC	85.68200437253472	90.30164581143114	55.81836038020796	0.0	0.0	15.970731288055648	0.0	0.0	10.68579833840183	0.0	0.0	0.0	0.0	48.24057334322184	0.0	0.0	0.0	0.0	7.779844583129738	0.0	0.0	0.0	0.0	0.0	0.0
GSM4138110_HNSCC_1_PBMC_GATCTAGCAAACCTAC	108.32584048988649	68.6520576500847	0.0	101.64803852800378	94.2794505763937	29.856975891166645	0.0	0.0	0.0	0.0	0.0	0.0	83.28952975730209	0.0	0.0	0.0	0.0	0.0	0.0	0.0	0.0	0.0	0.0	0.0	0.0
GSM4138110_HNSCC_1_PBMC_GATGAAAAGAAGGGTA	53.21666788519764	28.06891803496766	39.68961798690452	0.0	0.0	39.519308260124575	0.0	0.0	0.0	0.0	22.990775935494014	57.73318817637435	0.0	0.0	0.0	0.0	0.0	0.0	0.0	0.0	0.0	17.054073642725264	0.0	0.0	0.0
GSM4138110_HNSCC_1_PBMC_GATGCTAGTATGGTTC	94.5479415458895	47.037672679855035	0.0	0.0	0.0	0.0	95.24695431565448	7.95615680442105	75.74190773429956	0.0	0.0	0.0	0.9296904671226373	0.0	0.0	13.07969321269661	0.0	27.82208220737012	0.0	0.0	0.0	0.0	0.0	0.0	0.0
GSM4138110_HNSCC_1_PBMC_GATTCAGAGCTATGCT	134.26760901538464	41.04796707598676	0.0	42.76937084011062	0.0	34.40105712270679	0.0	155.08805349407498	0.0	1.0769551216221258	0.0	0.0	0.0	0.0	0.0	0.0	0.0	84.52566712133672	0.0	0.0	0.0	0.0	0.0	0.0	0.0
GSM4138110_HNSCC_1_PBMC_GCACATACATGAACCT	113.40072546772478	114.28321353821676	0.0	0.0	28.553004069580336	22.079127793925657	0.0	0.0	0.0	19.83655906882483	0.0	0.0	0.0	0.0	0.0	0.0	80.14091439474137	0.0	0.0	0.0	0.0	0.0	0.0	0.0	51.62701583752989
GSM4138110_HNSCC_1_PBMC_GCACATAGTCTTCTCG	113.33426026582625	61.532421045931585	0.0	32.27978901837021	34.43613365563632	34.23194544024747	92.87513702668221	0.0	0.0	0.0	49.58149789338451	0.0	0.0	0.0	0.0	0.0	0.0	0.0	0.0	0.0	0.0	0.0	0.0	0.0	0.0
GSM4138110_HNSCC_1_PBMC_GCAGTTATCCTACAGA	51.23493784927697	49.92609460160571	0.0	0.0	0.0	16.707296427453425	0.0	24.33923621933008	18.78630285817885	54.52268256218024	0.0	0.0	0.0	0.0	0.0	0.0	17.664903899300604	0.0	0.0	0.0	0.0	0.0	0.0	0.0	0.0
GSM4138110_HNSCC_1_PBMC_GCATACAAGACACGAC	119.17766149824631	83.14122365893311	0.0	122.003613562616	0.0	0.0	35.912520023376	0.0	0.0	11.789296806785085	0.0	0.0	47.851624405092494	0.0	0.0	75.07759795883939	15.467467935191264	78.15589809076837	0.0	0.0	0.0	0.0	0.0	0.0	0.0
GSM4138110_HNSCC_1_PBMC_GCATGTATCTCATTCA	74.61645081520014	17.730837314886422	0.0	0.0	0.0	0.0	0.0	53.753985732440974	49.45165456133585	0.0	0.0	0.0	0.0	0.0	0.0	17.630941942815255	0.0	33.407039681664436	0.0	0.0	0.0	0.0	0.0	0.0	0.0
GSM4138110_HNSCC_1_PBMC_GCGAGAATCTATCCTA	65.60087012215195	91.99515014903105	44.842977382794615	40.66482792821526	0.0	16.73853880060499	0.0	0.0	0.0	0.0	0.0	0.0	9.42966954455092	44.15530433854474	0.0	0.0	0.0	0.0	0.0	0.0	0.0	0.0	0.0	0.0	0.0
GSM4138110_HNSCC_1_PBMC_GCGCAACCAGTACACT	76.39361033122245	68.82070125527581	0.0	20.719825178499406	0.0	23.949217393447956	41.4744051819259	3.4888650472141007	27.838306096565994	29.324362714906698	0.0	0.0	0.0	0.0	0.0	0.0	0.0	0.9348022297984444	0.0	0.0	0.0	0.0	0.0	0.0	0.0
GSM4138110_HNSCC_1_PBMC_GCGCAACTCACCGTAA	107.3828658122817	31.30272792121045	0.0	0.0	108.42354613702814	0.0	0.0	0.0	0.0	0.0	0.0	0.0	60.43872429682132	0.0	0.0	22.688372187434588	0.0	0.0	0.0	0.0	0.0	0.0	15.832027809981351	0.0	0.0
GSM4138110_HNSCC_1_PBMC_GCGGGTTTCTGTACGA	100.9484061981675	107.19775156502581	0.0	0.0	37.9696600039864	25.402747570197903	0.0	0.0	0.0	0.0	0.0	0.0	57.699476826307276	0.0	28.609647653572765	0.0	0.0	0.0	0.0	0.0	0.0	61.53327107690022	0.0	0.0	0.0
GSM4138110_HNSCC_1_PBMC_GCTGCAGCACAACGCC	71.8946987462686	68.85592722560814	0.0	0.0	0.0	0.0	22.030660884691986	48.84424362299447	0.0	7.26131484489897	0.0	0.0	0.0	0.0	0.0	17.63431584930329	0.0	0.0	0.0	63.52191852158126	0.0	0.0	0.0	0.0	0.0
GSM4138110_HNSCC_1_PBMC_GGAACTTCAACTGGCC	77.21982048971981	51.780603068829755	48.850693811574295	19.694141134390705	0.0	0.0	0.0	0.0	33.56289631084972	0.0	0.0	0.0	114.67621376927069	0.0	0.0	15.28933961662116	0.0	0.0	0.0	13.486374758507502	0.0	0.0	1.8118928904007443	0.0	0.0
GSM4138110_HNSCC_1_PBMC_GGAATAAAGAACAATC	62.83567053726373	29.89140622036096	45.16053699920454	0.0	0.0	13.141156473805696	0.0	0.0	0.0	0.0	64.5359702372515	2.1344228031821437	0.0	71.57810176418249	0.0	0.0	0.0	0.0	0.0	0.0	0.0	0.0	0.0	0.0	0.0
GSM4138110_HNSCC_1_PBMC_GGACATTCACGGTTTA	82.35941679252522	35.17854358678675	44.77137311453482	48.91545040070155	0.0	25.25484174039926	9.709477657763166	86.39040445296091	0.0	0.0	0.0	0.0	0.0	0.0	0.0	0.0	0.0	0.0	0.0	0.0	0.0	0.0	0.0	0.0	0.0
GSM4138110_HNSCC_1_PBMC_GGCTCGATCCGCGTTT	41.642922609942964	184.7730701725248	31.986399386603498	0.0	0.0	48.33120249016886	0.0	31.635668342858786	0.0	0.0	7.284682044183732	0.0	0.0	0.0	0.0	0.0	0.0	0.0	0.0	8.007574898273925	0.0	0.0	0.0	26.095244476966542	0.0
GSM4138110_HNSCC_1_PBMC_GGGACCTAGCCAGGAT	85.36802960080965	57.109435476763664	0.0	0.0	53.66968423062117	0.0	72.59906655842926	0.0	0.0	0.0	0.0	0.0	0.0	0.0	0.0	14.702633672669851	0.0	0.0	0.0	42.56972734366159	0.0	0.0	0.0	0.0	0.0
GSM4138110_HNSCC_1_PBMC_GGGACCTCAGTCACTA	105.32939814962768	92.47731293434394	119.56363521126495	0.0	0.0	37.318697555561066	30.810470317769326	0.0	0.0	0.0	0.0	48.89922037315155	0.0	68.79209382558518	0.0	0.0	0.0	0.0	0.0	0.0	12.59953622821569	117.14586566895753	0.0	0.0	0.0
GSM4138110_HNSCC_1_PBMC_GGGAGATGTGTGCGTC	80.65247526235798	51.55945621503958	0.0	0.16783890831206025	33.93704090952524	17.440102235286627	0.0	36.771507432997495	33.78289989974548	0.0	0.0	45.14301308950698	0.0	0.0	0.0	0.0	0.0	0.0	0.0	0.0	0.0	0.0	0.0	0.0	0.0
GSM4138110_HNSCC_1_PBMC_GGGAGATTCACGATGT	47.418563422862476	58.34759425182832	0.0	14.170746017335091	38.33710621407129	18.427725581102536	0.0	35.99341523791857	13.850610497271635	0.0	5.669347833036812	0.0	0.0	0.0	0.0	0.0	0.0	0.0	0.0	0.0	0.0	0.0	0.0	0.0	0.0
GSM4138110_HNSCC_1_PBMC_GGGTTGCGTCCGAAGA	113.75941456651515	105.84881078467048	0.0	78.58711699418973	53.58865168222745	55.40125097937566	33.53643516368019	27.019752454992773	0.0	0.0	0.0	0.0	0.0	0.0	0.0	0.0	0.0	0.0	0.0	0.0	0.0	0.0	0.0	0.0	0.0
GSM4138110_HNSCC_1_PBMC_GGTGAAGTCGCTTGTC	86.67671759643893	72.79995399698319	0.0	51.617051758895734	0.0	0.0	66.97309346894532	0.0	0.0	56.160701138091525	0.0	0.0	0.0	0.0	0.0	24.983726514221576	11.093395018303715	0.0	0.0	0.0	0.0	0.0	0.0	0.0	0.0
GSM4138110_HNSCC_1_PBMC_GGTGTTACAAACGCGA	114.56601874446253	112.1488436535476	62.44072586103873	0.0	0.0	60.799786931555296	48.27983787875722	0.0	61.84620719086988	0.0	0.0	0.0	0.0	0.0	0.0	0.0	0.0	0.0	0.0	0.0	0.0	0.0	0.0	0.0	0.0
GSM4138110_HNSCC_1_PBMC_GTAACTGTCTTCGAGA	69.263545320953	111.32074943022339	63.95409400797967	69.65833543844145	0.0	0.0	0.0	0.0	0.0	0.0	0.0	0.0	60.64830078568403	5.823577816693899	0.0	32.2645429488897	0.0	0.0	0.0	0.0	0.0	0.0	0.0	0.0	0.0
GSM4138110_HNSCC_1_PBMC_GTAGGCCAGGTGTGGT	83.60402897799278	60.84139805846619	0.0	40.599759439798135	0.0	31.59055589400942	0.0	46.21341355208828	0.0	53.14213900611519	0.0	0.0	0.0	0.0	0.0	0.0	0.0	17.27692501015229	0.0	0.0	0.0	0.0	0.0	0.0	0.0
GSM4138110_HNSCC_1_PBMC_GTAGTCACAGATCCAT	76.73550584323581	61.1072620585504	0.0	0.0	69.30482654438335	15.523828581441675	82.54830180983627	0.0	0.0	0.0	44.15451080694518	0.0	0.0	0.0	0.0	0.0	0.0	0.0	0.0	0.0	0.0	0.0	0.0	0.0	0.0
GSM4138110_HNSCC_1_PBMC_GTAGTCAGTGGGTCAA	59.24566555491817	36.08418146120177	8.151548071502027	0.0	0.0	13.980586122335858	0.0	52.110506561346476	50.235884286170396	0.0	0.0	0.0	0.0	0.0	0.0	8.635386485669692	0.0	24.89993641785385	0.0	0.0	0.0	0.0	0.0	0.0	0.0
GSM4138110_HNSCC_1_PBMC_GTATTCTAGGGTTTCT	125.39660266322899	95.47998543706066	118.226982099419	47.247011861504	0.0	27.687138149954077	0.0	28.55232012414184	0.0	0.0	0.0	15.282285411319302	0.0	0.0	0.0	0.0	0.0	0.0	0.0	0.0	0.0	0.0	0.0	0.0	0.0
GSM4138110_HNSCC_1_PBMC_GTATTCTTCCAAACTG	93.99921218813873	101.75314479707592	0.0	0.0	0.0	23.58280798985583	0.0	0.0	85.32040413217233	61.612864304471735	0.0	0.0	0.0	85.09484330095269	0.0	0.0	0.0	0.0	0.0	0.0	0.0	0.0	0.0	0.0	0.0
GSM4138110_HNSCC_1_PBMC_GTCGTAACAGGAACGT	69.04162589086131	73.67434250586192	75.7929618248446	31.405931620582045	0.0	0.0	0.0	0.0	0.0	11.077281673368775	0.0	0.0	0.0	0.0	0.0	26.802539479734794	42.81561539546589	0.0	0.0	0.0	0.0	0.0	0.0	0.0	0.0
GSM4138110_HNSCC_1_PBMC_GTCGTAAGTATGAAAC	73.02557728185019	52.031124222950226	0.0	0.0	22.70918958935006	18.519513717647065	0.0	32.86302762208286	39.501493701636754	0.0	0.0	35.68234242889039	0.0	0.0	0.0	0.33570459804745567	0.0	0.0	0.0	0.0	0.0	0.0	0.0	0.0	0.0
GSM4138110_HNSCC_1_PBMC_GTCTCGTGTACGCACC	103.48326327774767	48.182610080767176	0.0	27.542727956179675	83.72691495318473	14.213306119178387	0.0	0.0	0.0	0.0	0.0	8.431929693678356	0.0	22.630423503757022	0.0	0.0	0.0	0.0	0.0	0.0	0.0	0.0	0.0	0.0	0.0
GSM4138110_HNSCC_1_PBMC_GTGGGTCAGAATGTGT	77.40708274925998	22.895900306441053	0.0	83.2669811937522	35.85254357983424	22.076564327607095	0.0	0.0	0.0	0.0	0.0	36.311698464979976	0.0	0.0	0.0	0.0	0.0	0.0	0.0	0.0	0.0	0.0	0.0	0.0	0.0
GSM4138110_HNSCC_1_PBMC_GTTCATTGTAGCTGCC	95.45417677403796	73.89445381348932	73.71589718412734	0.0	0.0	27.62863075885099	5.3932199600181905	112.39404678190266	0.0	0.0	92.6390139387698	0.0	0.0	0.0	0.0	0.0	0.0	0.0	0.0	0.0	0.0	0.0	0.0	0.0	0.0
GSM4138110_HNSCC_1_PBMC_GTTCATTTCCGCGGTA	95.59537652007131	89.48097281911122	0.0	0.0	58.988337979506376	0.0	0.0	0.0	0.0	0.0	0.0	0.0	0.0	0.0	87.79485679676263	34.28606951069286	0.09526011119491992	0.0	0.0	0.0	0.0	0.0	51.46779035834059	0.0	0.0
GSM4138110_HNSCC_1_PBMC_GTTCTCGCACTATCTT	82.43427402741551	74.17222166772422	42.27878941117801	64.64396748347868	0.0	16.7216287159282	0.0	47.08915153546223	0.0	0.0	0.0	0.0	0.0	0.0	0.0	0.0	0.0	0.0	0.0	0.0	0.0	0.0	0.0	0.0	0.0
GSM4138110_HNSCC_1_PBMC_GTTCTCGTCAGAGACG	113.0534396964856	34.61313513619057	0.0	50.2216630369714	93.16656406063849	0.0	0.0	50.38126340572787	0.0	0.0	0.0	0.0	0.0	0.0	0.0	17.475011054687112	0.0	0.0	0.0	0.0	0.0	0.0	0.0	0.0	0.0
GSM4138110_HNSCC_1_PBMC_TAAGCGTAGGTGCTTT	164.36511371915248	213.61774500688475	0.0	70.64693369753893	0.0	33.274552611567515	117.16359884065946	0.0	0.0	154.04105763780623	0.0	0.0	0.0	0.0	0.0	0.0	0.0	0.0	0.0	0.0	0.0	0.0	0.0	0.0	0.0
GSM4138110_HNSCC_1_PBMC_TACAGTGGTCATCGGC	122.76252295930068	121.16563484137806	0.0	48.00789283093606	0.0	0.43794767975806953	118.55705119582753	0.0	0.0	43.83022627110462	0.0	0.0	0.0	0.0	0.0	50.81482319711869	1.6335285642787376	49.55079317749338	0.0	0.0	0.0	0.0	0.0	0.0	0.0
GSM4138110_HNSCC_1_PBMC_TACCTTATCACGATGT	87.92891424269887	78.8301398548319	0.0	0.0	0.0	0.0	85.15301371234214	0.0	65.01820558805936	38.11211738399674	0.0	0.0	0.0	0.37106250336302177	0.0	45.972474046385926	0.0	59.40921238535468	0.0	0.0	0.0	0.0	0.0	0.0	0.0
GSM4138110_HNSCC_1_PBMC_TACGGATTCTAACTTC	121.31639928819337	121.39161716434687	0.0	19.13631371462481	49.52033744288502	16.1433175668351	0.0	44.14476646714263	0.0	0.0	0.0	0.0	0.0	0.0	0.0	0.0	0.0	0.0	0.0	0.0	0.0	0.0	0.0	0.0	0.0
GSM4138110_HNSCC_1_PBMC_TACTTGTAGTCATCCA	103.6956638365042	86.86181244146627	95.96959501956816	34.80366385412959	0.0	28.702094540872658	0.0	0.0	0.0	0.0	0.0	0.0	0.0	0.0	78.87777579563794	0.0	0.0	0.0	0.0	0.0	0.0	0.0	0.0	0.0	0.0
GSM4138110_HNSCC_1_PBMC_TACTTGTTCAGAGCTT	98.94916358028959	54.025679572300724	0.0	0.0	36.48612876064586	22.768102737883467	46.383368194765474	0.0	134.79292284151188	0.0	0.0	0.0	0.0	55.67710653579264	0.0	0.0	0.0	0.0	0.0	0.0	0.0	0.0	0.0	0.0	0.0
GSM4138110_HNSCC_1_PBMC_TAGACCAGTCCGAGTC	88.20039182264574	77.32708798303912	74.12042087601232	0.0	15.247471292540952	0.0	87.76876305460839	0.0	0.0	0.0	48.6314768010413	0.0	0.0	0.0	0.0	21.141610502575304	0.0	0.0	0.0	0.0	0.0	0.0	0.0	0.0	0.0
GSM4138110_HNSCC_1_PBMC_TAGAGCTGTTCCCTTG	75.59008299818358	66.85328368422469	0.0	53.38953994496337	0.0	81.38337433907773	58.5294714408068	0.0	0.0	46.92468683118188	0.0	0.0	0.0	0.0	0.0	0.0	0.0	0.0	0.0	0.0	0.0	0.0	0.0	0.0	0.0
GSM4138110_HNSCC_1_PBMC_TATCTCACACGGCGTT	98.13563185376582	88.73289355270286	0.0	0.0	34.598296605252244	29.62434762704743	0.0	0.0	0.0	0.0	82.52572878654563	0.0	76.14797713902426	0.0	0.0	0.0	0.0	0.0	0.0	0.0	0.0	0.0	0.0	0.0	0.0
GSM4138110_HNSCC_1_PBMC_TATCTCATCAACGGGA	141.0400532696043	82.00223489559895	0.0	53.107504618955176	56.9898870420753	0.0	0.0	0.0	0.0	0.0	0.0	0.0	0.0	0.0	113.39170773856118	26.585803287695605	0.0	0.0	0.0	0.0	0.0	0.0	0.0	0.0	0.0
GSM4138110_HNSCC_1_PBMC_TCACGAATCTGTCCGT	119.6474624115582	58.53092988588928	45.881465615705345	0.0	0.0	41.72934241148643	0.0	0.0	38.061003921454706	19.309610084944854	5.71896013907774	77.61738621679476	0.0	0.0	19.634715966316982	0.0	0.0	0.27322890994591265	0.0	0.0	0.0	0.0	0.0	0.0	0.0
GSM4138110_HNSCC_1_PBMC_TCAGATGTCCGCGTTT	76.07253627255848	102.80874284716906	0.0	34.22850553620765	59.32380367953355	28.886357650387403	14.91546934086591	0.0	0.0	0.0	0.0	0.0	0.0	39.812471673772244	0.0	0.0	0.0	0.0	0.0	0.0	0.0	0.0	0.0	0.0	0.0
GSM4138110_HNSCC_1_PBMC_TCAGCAAAGGCGCTCT	53.2503872767727	116.15205489863295	0.0	15.303037179732772	16.523582731725938	10.519750306682466	0.0	0.0	0.0	0.0	0.0	0.0	0.0	0.0	0.0	1.6534381306267094	71.7531032000648	0.0	0.0	0.0	0.0	0.0	0.0	0.0	0.0
GSM4138110_HNSCC_1_PBMC_TCATTACAGCGCTCCA	151.0751247231084	86.47323071720564	34.48204786903327	0.0	0.0	0.0	0.0	0.0	51.48959900112247	0.0	0.0	0.0	0.0	82.07994456362667	0.0	14.668609050363152	0.0	0.0	0.0	0.0	0.0	0.0	0.0	0.0	0.0
GSM4138110_HNSCC_1_PBMC_TCCCGATAGTGGAGAA	58.14982233404977	48.23276572786964	0.0	0.0	0.0	22.09022988404656	0.0	61.602794714927704	0.0	15.907170734774333	17.539807083819447	0.0	0.0	0.0	0.0	0.0	0.0	6.196768738080705	0.0	0.0	0.0	0.0	0.0	0.0	0.0
GSM4138110_HNSCC_1_PBMC_TCGCGAGGTAGCACGA	108.77040294629522	84.37217989873135	109.97076828130184	67.26001846468516	0.0	34.293018969072904	0.0	0.0	0.0	0.0	0.0	90.0517026311756	19.65858843151383	0.0	0.3214209798245911	0.0	0.0	0.0	0.0	0.0	0.0	0.0	0.0	0.0	0.0
GSM4138110_HNSCC_1_PBMC_TCGGGACTCAACGAAA	78.98161414994637	57.46506639437147	0.0	17.53684157217587	0.0	18.530660084802726	0.0	0.0	0.0	75.1872582774792	0.0	0.0	0.0	0.0	0.0	0.0	78.10678257925886	0.0	0.0	0.0	0.0	0.0	0.0	0.0	0.0
GSM4138110_HNSCC_1_PBMC_TCGGGACTCGAGAGCA	121.63852643969015	82.8441158089571	0.0	143.48256074129904	73.46594688903991	19.103668139228077	0.0	113.40978551163883	0.0	0.0	0.0	0.0	0.0	0.0	0.0	0.0	0.0	0.0	0.0	0.0	0.0	0.0	0.0	0.0	0.0
GSM4138110_HNSCC_1_PBMC_TCGGTAATCACTCTTA	64.04515364860666	82.67413722211626	0.0	0.0	41.160577503731986	19.71154216275868	0.0	99.6144798807329	0.0	0.0	39.98774297138537	0.0	0.0	0.0	0.0	0.0	0.0	0.0	0.0	0.0	0.0	0.0	0.0	0.0	0.0
GSM4138110_HNSCC_1_PBMC_TCGTACCTCCGCAAGC	148.5817446410685	133.88198752229738	104.89233321768063	0.0	0.0	27.849502452616736	35.63122006772202	0.0	0.0	0.0	0.0	0.0	107.48360847666692	0.0	0.0	0.0	0.0	0.0	0.0	190.64284550640247	0.0	0.0	0.0	0.0	0.0
GSM4138110_HNSCC_1_PBMC_TCGTACCTCTGCCCTA	166.0488737690004	149.82746566760298	35.78755074558591	0.8860416142931805	0.0	67.53347627551187	0.0	0.0	0.0	96.76625227296884	52.65905885322876	0.0	0.0	0.0	0.0	0.0	155.72954910879167	36.03289442515952	0.0	0.0	0.0	0.0	0.0	0.0	0.0
GSM4138110_HNSCC_1_PBMC_TCTATTGGTCTAAAGA	65.52344923726903	89.03708590187375	0.0	5.611296794598951	64.03580752116679	65.70957993617023	0.0	0.0	0.0	0.0	22.766796498912957	76.40139595573984	0.0	0.0	0.0	0.0	0.0	0.0	0.0	0.0	0.0	0.0	0.0	0.0	0.0
GSM4138110_HNSCC_1_PBMC_TCTATTGGTTGGTTTG	119.65135037007363	40.57809622869064	30.004987506697404	0.0	0.0	22.51471304928131	0.0	69.9525151448556	0.0	10.7558778643892	41.77493254333479	0.0	0.0	0.0	0.0	0.0	0.0	26.718447369250782	0.0	0.0	0.0	1.4030825057335137	0.0	0.0	0.0
GSM4138110_HNSCC_1_PBMC_TCTATTGTCTGCAGTA	84.44742872879239	62.31667385608429	0.0	0.0	0.0	12.05506188824767	6.764509487853622	22.837112571172284	0.0	32.79281950056368	45.97200776152859	0.0	0.0	0.0	0.0	0.0	0.0	0.0	0.0	0.0	0.0	4.560160366013951	0.0	0.0	0.0
GSM4138110_HNSCC_1_PBMC_TCTGAGACAGATAATG	102.87336598819155	69.76504471538092	0.0	0.0	0.0	27.524408584943167	60.44106965900866	42.07746373799683	91.21872318852674	0.0	0.0	0.0	0.0	0.0	0.0	0.0	0.0	93.56130385421784	0.0	0.0	0.0	0.0	0.0	0.0	0.0
GSM4138110_HNSCC_1_PBMC_TCTGAGAGTAAGAGAG	102.65915485066094	67.97508645493386	46.021294100872815	0.0	0.0	5.72939555466318	40.47261281023424	8.672118030507793	51.332017898814534	0.0	0.0	0.0	0.0	0.0	0.0	6.03538500012142	0.0	18.317632847326436	13.009737575141687	0.0	0.0	0.0	0.0	0.0	0.0
GSM4138110_HNSCC_1_PBMC_TCTGAGATCCTTTCTC	81.69730498856464	72.37037425081682	25.472730174245367	44.05115379612925	0.0	0.0	0.0	102.25164385164152	0.0	0.0	0.0	0.0	0.0	0.0	0.0	21.33103540618198	0.0	36.22583464856966	0.0	0.0	0.0	0.0	0.0	0.0	0.0
GSM4138110_HNSCC_1_PBMC_TCTGGAATCTCAAACG	76.58783508877737	46.0167557851129	48.70671615566056	0.0	0.0	28.447398177291323	92.02451567519192	0.0	0.0	0.0	34.72820280883411	0.0	0.0	0.0	0.0	0.0	18.327411347153763	0.0	0.0	0.0	0.0	0.0	0.0	7.107271308989883	0.0
GSM4138110_HNSCC_1_PBMC_TCTTTCCAGTGGGCTA	75.4148998061738	65.15084479940464	0.0	0.0	0.0	30.869187531085476	0.0	101.79008519162689	35.94117504697925	35.15585995660505	0.0	0.0	0.0	0.0	0.0	0.0	0.0	29.437042345402656	0.0	0.0	0.0	0.0	3.408267238871662	0.0	0.0
GSM4138110_HNSCC_1_PBMC_TGAAAGACACTTCGAA	44.6082508126391	48.476830097977576	12.13750107275932	54.27171279059055	0.0	0.0	0.0	67.07438503602874	0.0	0.0	0.0	0.0	0.0	0.0	0.0	16.950377774835555	0.0	0.0	0.0	0.0	0.0	0.0	0.0	0.0	0.0
GSM4138110_HNSCC_1_PBMC_TGACAACGTTAAGGGC	96.66987794304848	150.94047307732458	83.87951318190116	54.99165215876592	0.0	0.0	103.71970228624726	0.0	0.0	0.0	0.0	0.0	0.0	0.0	0.0	47.36376881701131	0.0	0.0	0.0	0.0	0.0	0.0	0.0	0.0	0.0
GSM4138110_HNSCC_1_PBMC_TGACGGCAGCGCCTTG	82.73098758512725	63.34547594402293	13.278493222893228	0.0	36.08863543472608	46.4558243621944	0.0	119.51519174597219	0.0	0.0	35.33894610627193	15.315840179157808	0.0	17.20922926860506	0.0	0.0	0.0	0.0	0.0	0.0	26.330605085617364	0.0	0.0	0.0	0.0
GSM4138110_HNSCC_1_PBMC_TGACGGCGTTACGACT	102.49955488331652	70.03300243076455	0.0	42.233170398879935	54.601365682949314	19.524034769049194	62.8185671253568	0.0	0.0	0.0	0.0	0.0	0.0	0.0	0.0	0.0	0.0	0.0	0.0	0.0	0.0	0.0	0.0	0.0	0.0
GSM4138110_HNSCC_1_PBMC_TGACGGCTCGGTTCGG	108.57218957080794	79.37230389812612	34.67400414150452	61.97667794100351	0.0	27.76362877424554	0.0	60.35078307992602	0.0	0.0	0.0	0.0	0.0	0.0	0.0	0.0	0.0	0.0	0.0	0.0	51.46168726188475	0.0	0.0	0.0	0.0
GSM4138110_HNSCC_1_PBMC_TGACTAGAGAACTGTA	39.23855943864736	28.16107947644992	0.0	45.85507095707924	4.162611080346866	11.605648722634877	0.0	62.70459748360125	0.0	0.0	0.0	12.255419202352423	0.0	0.0	0.0	0.0	0.0	0.0	0.0	0.0	0.0	0.0	0.0	0.0	0.0
GSM4138110_HNSCC_1_PBMC_TGAGCATGTATTCTCT	198.52686610321672	254.27574509126583	0.0	66.5673328044275	0.0	75.8778341359083	0.0	0.0	0.0	134.5657350385575	0.0	0.0	0.0	0.0	0.0	0.0	160.0759392669779	0.0	0.0	0.0	0.0	0.0	0.0	0.0	0.0
GSM4138110_HNSCC_1_PBMC_TGCACCTTCCAGGGCT	179.09165764898438	61.82921905332448	163.31685786606437	52.611336319460456	0.0	29.358994081748126	0.0	0.0	0.0	0.0	0.0	0.0	108.50835158819729	0.0	0.0	0.0	0.0	0.0	0.0	0.0	0.0	0.0	0.0	0.0	0.0
GSM4138110_HNSCC_1_PBMC_TGCCAAATCGCGGATC	117.05568962835396	65.11852469253867	52.75076856762251	20.390586956238153	0.0	0.0	54.54862657289929	30.027294726056656	0.0	0.0	0.0	0.0	0.0	0.0	0.0	56.592914848064225	0.0	33.28476491020858	0.0	0.0	0.0	0.0	0.0	0.0	0.0
GSM4138110_HNSCC_1_PBMC_TGCCAAATCTTCCTTC	48.34400860041518	73.0441160372401	69.59832778218902	42.64984185812229	0.0	15.368638995052217	0.0	0.0	0.0	0.0	0.0	0.0	49.63077417450979	0.0	0.0	0.0	0.0	0.0	0.0	0.0	11.742957307104527	0.0	0.0	0.0	0.0
GSM4138110_HNSCC_1_PBMC_TGCCCATGTGGTCCGT	76.87682991479475	93.1534962932104	43.46089068052649	51.80272124058915	0.0	10.135682673958252	0.0	0.0	0.0	0.0	0.0	0.0	21.492889803390856	0.0	11.61523523126628	0.0	21.72755481132251	0.0	0.0	0.0	0.0	0.0	0.0	0.0	0.0
GSM4138110_HNSCC_1_PBMC_TGCCCTACAAAGCAAT	96.47813104180372	72.92837106360473	0.0	49.22122505009703	53.1741059944428	34.26217270009562	0.0	0.0	22.05085950312902	0.0	0.0	0.0	0.0	89.29980638231042	0.0	0.0	0.0	0.0	0.0	0.0	0.0	0.0	0.0	0.0	0.0
GSM4138110_HNSCC_1_PBMC_TGCCCTAGTGTCGCTG	86.76834695008422	43.166250501194014	50.69619097069674	0.0	0.0	16.176040679960863	0.0	0.0	0.0	0.0	0.0	0.0	136.74553141577857	0.0	0.0	0.0	0.0	0.0	0.0	18.803400636719015	0.0	0.0	0.0	0.0	0.0
GSM4138110_HNSCC_1_PBMC_TGCGCAGAGGGCATGT	189.05942943450182	133.08682301475568	0.0	0.0	92.48551298087325	70.53791653822908	0.0	0.0	140.82690449566417	0.0	0.0	124.29261906185313	0.0	0.0	0.0	0.0	0.0	0.0	0.0	0.0	0.0	0.0	0.0	0.0	0.0
GSM4138110_HNSCC_1_PBMC_TGCTACCCACTACAGT	122.27818664099787	63.68245828758428	74.1886460030713	49.134704106330254	0.0	55.89052633801086	0.0	0.0	18.54392720714544	0.0	0.0	0.0	83.82777660737241	0.0	0.0	0.0	0.0	0.0	0.0	0.0	0.0	0.0	0.0	0.0	0.0
GSM4138110_HNSCC_1_PBMC_TGCTACCCATTACGAC	87.64221449356725	48.76895471578825	40.863777433901205	36.32363155324972	0.0	0.0	0.0	0.0	0.0	0.0	0.0	0.0	0.0	0.0	38.31081248164939	23.437260664956312	16.434823096257066	0.0	0.0	0.0	0.0	0.0	0.0	0.0	0.0
GSM4138110_HNSCC_1_PBMC_TGCTACCTCAACCAAC	76.3967879384256	63.76318753594918	7.8404678346223875	63.72469999168447	31.635320567223904	0.0	45.9587964314323	0.0	0.0	0.0	0.0	0.0	0.0	0.0	0.0	19.092646756928218	0.0	0.0	0.0	0.0	0.0	0.0	0.0	0.0	0.0
GSM4138110_HNSCC_1_PBMC_TGGACGCGTCATACTG	140.45546335597737	76.20152061348341	0.0	0.0	0.0	21.223044044737666	91.51629242909239	0.0	0.0	70.95071914865704	0.0	0.0	0.0	0.0	0.0	0.0	0.0	0.0	0.0	8.195938241805615	0.0	0.0	0.0	0.0	73.1658791844148
GSM4138110_HNSCC_1_PBMC_TGGCCAGTCCTTAATC	139.43013622074525	99.48571623141146	0.0	30.278569668381746	119.30107810047134	15.293655944879859	0.0	0.0	0.0	0.0	0.0	0.0	0.0	0.0	0.0	91.49167288316616	50.934625071641406	0.0	0.0	0.0	0.0	0.0	0.0	0.0	0.0
GSM4138110_HNSCC_1_PBMC_TGGCTGGCAGTCGATT	174.24146626384726	136.1395368114241	0.0	62.496128619453266	144.3948488630516	51.257139139158674	43.896833185188655	9.609173544037853	0.0	0.0	0.0	0.0	0.0	0.0	0.0	0.0	57.745037335514475	0.0	0.0	0.0	0.0	0.0	0.0	0.0	0.0
GSM4138110_HNSCC_1_PBMC_TGGGAAGCAATGGAGC	91.04688128099615	40.208003202529376	44.83574625478278	0.0	0.0	14.713134853680991	0.0	0.0	0.0	0.0	32.06005712907711	0.0	0.0	0.0	45.15762830696654	0.0	0.0	0.0	0.0	0.0	0.0	0.0	0.0	0.0	0.0
GSM4138110_HNSCC_1_PBMC_TGGGCGTAGGGAGTAA	89.61674107537742	44.16544316268276	0.0	28.373288850398623	52.742548671305926	30.976687955159235	0.0	23.79903337175643	0.0	0.0	0.0	0.0	0.0	0.0	39.57929615512553	0.0	0.0	0.0	0.0	0.0	0.0	0.0	0.0	0.0	0.0
GSM4138110_HNSCC_1_PBMC_TGGGCGTGTTCGCGAC	122.6285313227954	68.48882315873999	46.77814805643989	15.691833502153134	0.0	0.0	0.0	0.0	0.0	0.0	9.6421433791209	36.52593828749956	0.0	0.0	0.0	22.440713417772127	0.0	0.0	0.0	0.0	0.0	0.0	0.0	0.0	0.0
GSM4138110_HNSCC_1_PBMC_TGGGCGTTCAACTCTT	9.259470440833809	35.494609403226306	0.0	95.89985577392792	28.773234856853144	20.832834328964346	95.0297867512018	0.0	0.0	0.0	0.0	0.0	0.0	0.0	0.0	0.0	0.0	0.0	0.0	0.0	0.0	0.0	0.0	0.0	0.0
GSM4138110_HNSCC_1_PBMC_TGGTTAGGTAGAAAGG	75.16708839897225	50.0135304618573	0.0	0.0	67.06344547163567	11.911018290645002	0.0	0.0	36.61374474887092	0.0	0.0	1.400868526202565	0.0	43.408751070930215	0.0	0.0	0.0	0.0	0.0	0.0	0.0	0.0	0.0	0.0	0.0
GSM4138110_HNSCC_1_PBMC_TGGTTAGTCGTCCGTT	152.3952419006256	92.69749835151985	70.70205008169336	15.07870741320422	0.0	54.27440500570103	85.99684745278081	0.0	0.0	0.0	31.78041502518487	0.0	0.0	0.0	0.0	0.0	0.0	0.0	0.0	0.0	0.0	0.0	0.0	0.0	0.0
GSM4138110_HNSCC_1_PBMC_TTAACTCGTGTTCTTT	47.54271962495888	28.7438400628039	35.695789247340606	0.0	0.0	24.383665196018516	102.17595083402537	0.0	0.0	0.0	0.0	0.0	0.0	0.0	0.0	0.0	0.0	0.0	0.0	0.0	0.0	0.0	69.1748660786942	0.0	0.0
GSM4138110_HNSCC_1_PBMC_TTAACTCGTTAGTGGG	182.6059627907676	58.85859618302426	102.63813074655812	51.89021426073984	0.0	24.281304293906548	0.0	0.0	0.0	0.0	0.0	110.02092775038388	0.0	0.0	0.0	0.0	0.0	0.0	0.0	0.0	0.0	0.0	0.0	0.0	0.0
GSM4138110_HNSCC_1_PBMC_TTAGGCATCATGTCCC	64.79438996973795	61.13390255577238	46.052620470668515	27.666529441364517	0.0	32.41442358144485	0.0	51.24273875717312	0.0	0.0	0.0	0.0	0.0	0.0	0.0	0.0	0.0	0.0	0.0	0.0	0.0	4.372368215617735	0.0	0.0	0.0
GSM4138110_HNSCC_1_PBMC_TTCTACAGTTGTGGAG	25.941579068840127	15.104188039621212	0.0	0.0	148.24757118057164	13.371432007480722	0.0	0.0	39.19994270290474	0.0	0.0	0.0	0.0	37.12764366024088	0.0	0.0	0.0	0.0	0.0	0.0	0.0	0.0	0.0	0.0	0.0
GSM4138110_HNSCC_1_PBMC_TTCTCAATCCTCTAGC	109.73979511541009	73.18716562763377	0.0	0.0	63.41767598320336	27.829039183463497	110.96759635898266	0.0	0.0	0.0	55.62945807631194	0.0	4.966203483660991	0.0	0.0	0.0	0.0	0.0	0.0	0.0	0.0	0.0	0.0	0.0	0.0
GSM4138110_HNSCC_1_PBMC_TTCTCCTTCCCGACTT	63.01692644352547	37.09299132129176	56.893104255464685	38.654275410268994	0.0	0.0	34.29596519321094	0.0	0.0	0.0	0.0	0.0	0.0	0.0	0.0	37.424451752769656	0.0	0.0	0.0	0.0	0.0	0.0	0.0	0.0	0.0
GSM4138110_HNSCC_1_PBMC_TTGACTTCATGGAATA	86.17395832727965	62.16796506126967	0.0	0.0	73.88142405651361	0.0	73.27087723498227	0.0	0.0	0.0	55.536736323510866	0.0	0.0	0.0	0.0	15.356265927270574	0.0	0.0	0.0	0.0	0.0	0.0	0.0	0.0	0.0
GSM4138110_HNSCC_1_PBMC_TTGACTTTCAGGTAAA	109.32091919321785	56.58908695117468	54.097222720055456	0.0	0.0	0.0	0.0	0.0	58.29002453362205	0.0	0.0	0.0	0.0	71.68175550793198	0.0	17.155743699385592	0.0	0.0	0.0	0.0	0.0	0.0	0.0	0.0	0.0
GSM4138110_HNSCC_1_PBMC_TTGTAGGCAGCGTTCG	51.642747273701545	32.17509488096394	36.17903155659628	0.0	0.0	11.864507234618875	0.0	0.0	0.0	0.0	0.0	28.124847557865856	0.0	0.0	0.0	0.0	0.0	0.0	0.0	60.24309599924204	0.0	0.0	0.0	0.0	0.0
GSM4138110_HNSCC_1_PBMC_TTTACTGGTTCTGGTA	44.96818689072237	93.24105718429765	0.0	30.421370164462843	0.0	0.0	0.0	25.584142507000884	0.0	0.0	0.0	0.0	0.0	0.0	0.0	5.551612382454274	0.0	47.30612417498839	0.0	0.0	0.0	0.0	0.0	0.0	0.0
GSM4138110_HNSCC_1_PBMC_TTTATGCGTTTGTGTG	52.19093918765292	55.15081901161488	0.0	21.954013659737925	0.0	16.85411480189286	0.0	0.0	0.0	0.0	0.0	0.0	61.74253003932075	0.0	0.0	0.0	0.0	45.820450819965224	0.0	0.0	0.0	0.0	0.0	0.0	0.0
GSM4138110_HNSCC_1_PBMC_TTTCCTCCAGATCCAT	102.2427538280729	156.86097961717297	43.346913109077356	0.0	0.0	13.268165115843933	0.0	0.0	0.0	0.0	53.71092773911099	0.0	0.0	46.15186759290306	0.0	0.0	0.0	0.0	0.0	0.0	0.0	0.0	0.0	0.0	0.0
GSM4138110_HNSCC_1_PBMC_TTTCCTCGTTCGCGAC	122.58731957265647	65.72568525017009	113.44990038172644	48.359754602375986	0.0	0.0	126.85629879765261	0.0	0.0	0.0	0.0	0.0	0.0	0.0	0.0	22.63554562090419	0.0	0.0	0.0	0.0	0.0	0.0	0.0	0.0	0.0
GSM4138110_HNSCC_1_PBMC_TTTGCGCCACGAAATA	83.45057015237715	81.85734996816001	0.0	82.65307317423236	43.87953468315544	26.309371092854832	0.0	45.77772319595782	0.0	0.0	0.0	0.0	0.0	0.0	0.0	0.0	14.560281307339196	0.0	0.0	0.0	0.0	0.0	0.0	0.0	0.0
GSM4138110_HNSCC_1_PBMC_TTTGCGCGTTTCCACC	25.136774243309215	102.4557756014691	0.0	31.48462604549688	58.46309037078794	0.0	85.34753300720129	0.0	0.0	0.0	16.544174239484118	0.0	0.0	0.0	0.0	20.198479379966674	0.0	0.0	0.0	0.0	0.0	0.0	0.0	0.0	0.0
GSM4138110_HNSCC_1_PBMC_TTTGGTTAGAATTGTG	78.3736552519179	77.96071132619599	63.749863441875554	9.748451612671095	0.0	73.41126027833083	74.79959586714507	0.0	0.0	0.0	17.47673587078689	0.0	0.0	0.0	0.0	0.0	0.0	0.0	0.0	0.0	0.0	0.0	0.0	0.0	0.0
GSM4138110_HNSCC_1_PBMC_TTTGGTTAGAGCAATT	75.17222329965186	126.86401840499552	0.0	65.6317641428069	49.086345432970994	0.0	0.0	122.747780172386	0.0	0.0	0.0	0.0	0.0	0.0	0.0	21.051854040655833	0.0	0.0	0.0	0.0	0.0	0.0	0.0	0.0	0.0
GSM4138110_HNSCC_1_PBMC_TTTGGTTGTCCGTGAC	103.91355951528152	48.75400965301468	0.0	0.0	0.0	36.98161045457859	0.0	36.28507668527534	0.0	0.0	0.0	0.0	9.563239093159869	0.0	0.0	0.0	0.0	66.63275842363603	0.0	0.0	0.0	71.38567884240888	0.0	0.0	0.0
GSM4138110_HNSCC_1_PBMC_TTTGTCAAGTACGATA	128.57462373743778	56.05554155531791	0.0	63.157781585430854	0.0	57.68536415744143	82.62674215241914	0.0	0.0	85.84094177361004	0.0	0.0	0.0	0.0	0.0	0.0	0.0	0.0	0.0	0.0	0.0	0.0	0.0	0.0	0.0
GSM4138110_HNSCC_1_PBMC_TTTGTCATCAGGCAAG	61.28964391682527	63.07125891403978	49.44913275055826	59.835432891876	0.0	23.008335067741253	115.13662205291763	0.0	0.0	0.0	0.0	0.0	0.0	0.0	0.0	0.0	0.0	2.155260908684625	0.0	0.0	0.0	0.0	0.0	0.0	0.0
GSM4138110_HNSCC_1_PBMC_TTTGTCATCGCGTAGC	74.70559827546151	65.82770677712061	42.88661834571118	41.91953598613084	0.0	0.0	56.23284132165893	0.0	0.0	0.0	0.0	0.0	0.0	0.0	0.0	13.490170972289217	0.0	0.0	0.0	0.0	7.942187574148754	0.0	0.0	0.0	0.0
GSM4138110_HNSCC_1_PBMC_ACGGAGAAGCAGGCTA	108.31509147309832	73.82283355450548	38.76035102848709	0.0	0.0	0.0	0.0	1.4850070800737294	0.0	0.0	0.0	0.0	0.0	49.84117688792715	0.0	38.25565484161261	0.0	0.0	0.0	0.0	0.0	76.80899434283431	0.0	0.0	0.0
GSM4138110_HNSCC_1_PBMC_ACTATCTGTCGAGTTT	153.87221816145185	52.3157240369307	0.0	92.00343461164775	99.68900157101936	41.42980833932207	0.0	0.0	0.0	0.0	0.0	0.0	43.446677118513236	0.0	61.98612172451608	0.0	0.0	0.0	0.0	0.0	0.0	0.0	0.0	0.0	0.0
GSM4138110_HNSCC_1_PBMC_CAGTCCTGTAGAAGGA	103.29546167379763	97.60142277664632	59.38305363647462	0.0	0.0	32.790996459634705	0.0	0.0	53.401692092237745	0.0	0.0	0.0	42.29920544229821	0.0	36.17907430774548	0.0	0.0	0.0	0.0	0.0	0.0	0.0	0.0	0.0	0.0
GSM4138110_HNSCC_1_PBMC_CGATGTATCGGTCTAA	89.7570983543668	60.35914892029471	0.0	34.3701951179838	0.0	17.13697233386892	0.0	0.0	0.0	56.76974626051371	0.0	0.0	0.0	48.96502909492695	0.0	5.318261151117132	0.0	21.47035027177474	0.0	0.0	0.0	0.0	0.0	0.0	0.0
GSM4138110_HNSCC_1_PBMC_GACCTGGTCGCCAAAT	108.03964310073447	60.72910299827529	54.81782302155916	0.0	23.283780289082312	28.11917356818094	0.0	77.16842365208254	49.799940456229834	0.0	0.0	0.0	0.0	0.0	0.0	0.0	13.841146200620381	0.0	0.0	0.0	0.0	0.0	0.0	0.0	0.0
GSM4138110_HNSCC_1_PBMC_TACGGTACATGGTCAT	169.29837806462734	114.43332840774518	0.0	68.28362842224138	113.06110110451448	0.0	0.0	0.0	46.34570965284562	0.0	0.0	0.0	20.76992307666014	106.44760354573341	0.0	27.896699310589053	0.0	0.0	0.0	0.0	0.0	0.0	0.0	0.0	0.0
GSM4138110_HNSCC_1_PBMC_TTAGTTCTCGCGGATC	71.67458810927678	44.452566005843124	0.0	49.77208035039923	20.970221980599018	34.00519533214878	43.564733149444336	0.0	0.0	35.737566730115795	0.0	0.0	0.0	0.0	0.0	0.0	0.0461651155529517	0.0	0.0	0.0	0.0	0.0	0.0	0.0	0.0
GSM4138110_HNSCC_1_PBMC_AAAGCAACACGCGAAA	161.9998065188662	116.43034978202326	124.45713501508844	0.0	0.0	38.44121768261706	0.0	0.0	20.144752017797767	0.0	0.0	135.49292927431836	0.0	0.0	0.0	0.0	0.0	0.0	29.451815917460586	0.0	0.0	0.0	0.0	0.0	0.0
GSM4138110_HNSCC_1_PBMC_AACTTTCGTGTATGGG	87.37920943366116	53.341078759823034	1.210916788607014	0.0	0.0	11.090307467270344	29.386889019797852	0.0	5.760849175666354	78.78220576293873	0.0	0.0	0.0	0.0	0.0	0.0	0.0	0.0	0.0	0.0	0.0	0.0	0.0	0.0	0.0
GSM4138110_HNSCC_1_PBMC_AAGGAGCAGGGAAACA	147.02479957688453	82.06756411365394	0.0	48.29143102767487	71.39149415147467	25.797317327672953	0.0	0.0	0.0	0.0	0.0	0.0	0.0	0.0	49.29645171356573	0.0	0.0	0.0	0.0	0.0	0.0	0.0	0.0	0.0	0.0
GSM4138110_HNSCC_1_PBMC_AATCGGTGTAATCACC	141.46976628224786	72.2001673569722	45.96107266280621	30.28573232115422	0.0	18.733429842511466	0.0	0.0	0.0	0.0	0.0	41.16736459821284	11.722818568662902	1.2530234486867748	68.55382081629678	0.0	0.0	0.0	0.0	0.0	39.288128950013224	0.0	0.0	0.0	0.0
GSM4138110_HNSCC_1_PBMC_ATAACGCTCACAACGT	372.4949960179079	167.86343161268906	142.6869983357733	66.91571241901116	0.0	64.21689270189393	0.0	0.0	0.0	0.0	24.942454148115736	0.0	182.5901281519785	0.0	0.0	0.0	0.0	0.0	0.0	0.0	0.0	0.0	0.0	0.0	0.0
GSM4138110_HNSCC_1_PBMC_ATCATCTTCTGGCGAC	275.208675316935	115.39077380359244	0.0	0.0	0.0	20.89769869339307	0.0	0.0	0.0	154.1646926822762	102.0188151035558	66.46379557245963	0.0	0.0	73.03889880613056	0.0	0.0	0.0	0.0	0.0	0.0	0.0	0.0	0.0	0.0
GSM4138110_HNSCC_1_PBMC_ATCCGAATCGTTTATC	173.4021632337665	79.49285817927459	98.82187343327988	0.0	0.0	67.35997325188433	0.0	80.88522256603022	0.0	0.0	0.0	0.0	0.0	0.0	0.0	0.0	0.0	0.0	0.0	37.20708548196197	0.0	0.0	0.0	0.0	0.0
GSM4138110_HNSCC_1_PBMC_ATGCGATTCGTGGGAA	183.73520998998055	130.47580527404847	76.35190269307303	0.0	0.0	39.11477976316434	0.0	0.0	104.77282606312822	0.0	0.0	86.11907710579818	0.0	0.0	0.0	0.0	0.0	0.0	0.0	0.0	0.0	0.0	0.0	0.0	0.0
GSM4138110_HNSCC_1_PBMC_CAAGAAATCAGGCAAG	88.09212190422144	66.99808028591372	0.0	37.863807868239704	0.0	9.463635005210918	77.22557591676645	0.0	0.0	62.91450184839227	0.0	0.0	0.0	0.0	0.0	0.0	0.0	0.0	0.0	0.0	0.0	0.0	0.0	0.0	0.0
GSM4138110_HNSCC_1_PBMC_CACAGGCCACACCGAC	229.19785196942019	195.50289732815673	141.76002678986796	84.86422849527153	0.0	35.68571964081908	0.0	0.0	0.0	0.0	0.0	156.36279448030027	0.0	0.0	0.0	0.0	0.0	0.0	23.94807573274088	0.0	0.0	0.0	0.0	0.0	0.0
GSM4138110_HNSCC_1_PBMC_CACTCCATCTGTACGA	56.70178039574905	63.687224220033684	88.21447901121134	0.0	0.0	33.22040824554381	0.0	0.0	10.10890963304851	0.0	0.0	0.0	52.631514465495975	0.0	0.0	0.0	0.0	0.0	0.0	0.0	0.0	0.0	0.0	0.0	0.0
GSM4138110_HNSCC_1_PBMC_CCTTCCCTCGCCTGTT	66.18386607736592	58.52199914678877	37.08416463844097	0.0	0.0	13.18599830713044	0.0	0.0	0.0	0.0	62.702047275379016	0.0	6.068991713952264	35.133428974930204	0.0	0.0	0.0	0.0	0.0	0.0	0.0	0.0	0.0	0.0	0.0
GSM4138110_HNSCC_1_PBMC_CGATTGAAGACTAAGT	177.5236658735256	153.36838329712293	85.3309177802886	0.0	0.0	20.872254916380715	0.0	0.0	0.0	0.0	59.21670530031323	0.0	2.0139325020672842	63.120476875977886	0.0	0.0	0.0	0.0	0.0	0.0	0.0	0.0	0.0	0.0	0.0
GSM4138110_HNSCC_1_PBMC_CGGACGTTCTGAGTGT	59.51897208844181	81.95464673547878	39.06739316463304	23.674856523601374	0.0	10.839923782332557	57.09576953081334	35.96957111224612	0.0	0.0	0.0	0.0	0.0	0.0	0.0	0.0	0.0	0.0	0.0	0.0	0.0	0.0	0.0	0.0	0.0
GSM4138110_HNSCC_1_PBMC_CGGGTCATCCCAACGG	81.40116199047898	68.65605672593024	51.674031760509436	0.0	0.0	0.0	0.0	55.07564296950112	5.561586446341793	0.0	0.0	0.0	0.0	0.0	0.0	13.07157947865683	0.0	0.0	0.0	0.0	0.0	0.0	0.0	0.0	0.0
GSM4138110_HNSCC_1_PBMC_CTCGAGGCATAGACTC	173.13033704576813	200.00783260670013	0.0	2.1798591188280048	0.0	57.95341144571728	0.0	0.0	0.0	203.59211827040764	36.32298632386931	26.30495909577947	0.0	0.0	90.84490166288556	0.0	0.0	0.0	0.0	0.0	0.0	0.0	0.0	0.0	0.0
GSM4138110_HNSCC_1_PBMC_CTCGTCACAATAAGCA	191.49833854632388	110.58751502532023	74.57055327488553	56.533013832259805	0.0	30.644407147110627	75.79665126766758	0.0	22.52291931587172	0.0	0.0	0.0	0.0	16.62920552029717	0.0	0.0	0.0	0.0	0.0	0.0	62.19175976029659	0.0	0.0	0.0	0.0
GSM4138110_HNSCC_1_PBMC_CTGATCCTCTTTAGGG	183.0735516069556	78.79746383212137	0.0	35.00893703501919	0.0	0.0	0.0	98.39750033332714	0.0	93.13814575743602	0.0	0.0	0.0	0.0	0.0	53.567165715937605	0.0	0.0	0.0	0.0	0.0	0.0	0.0	0.0	0.0
GSM4138110_HNSCC_1_PBMC_CTGTGCTTCTAACGGT	127.57573684497464	143.53670577355655	0.0	0.0	56.508429793951805	42.50767257486585	73.98343563765495	0.0	0.0	0.0	81.00418635560808	0.0	0.0	0.0	0.0	0.0	0.0	0.0	12.92985655392889	0.0	0.0	0.0	0.0	0.0	0.0
GSM4138110_HNSCC_1_PBMC_CTGTGCTTCTATCGCC	141.49839575200534	71.6961003577767	0.0	0.0	123.29652682372867	21.830085613409043	0.0	0.0	34.64187810822352	0.0	0.0	0.0	99.34337388180356	13.011412532108464	0.0	0.0	0.0	0.0	0.0	0.0	0.0	0.0	0.0	0.0	0.0
GSM4138110_HNSCC_1_PBMC_GACTAACGTCGACTGC	181.1722381120642	96.4890395669339	68.05136131249127	41.55103135098405	0.0	17.592728533096363	0.0	10.90722250545172	0.0	0.0	0.0	0.0	17.19549164961087	23.850563969978772	0.0	0.0	18.3673036114822	0.0	0.0	0.0	0.0	0.0	0.0	0.0	0.0
GSM4138110_HNSCC_1_PBMC_GAGGTGATCGTCCGTT	141.00679558666056	135.5753538864252	0.0	42.380152784073445	136.8007737824548	36.11215977798886	0.0	0.0	0.0	0.0	0.0	114.41418469002012	0.0	0.0	0.0	0.0	0.0	0.0	0.0	0.0	0.0	0.0	0.0	0.0	0.0
GSM4138110_HNSCC_1_PBMC_GATCAGTAGTGTACTC	116.68673151130635	186.87424936824343	0.0	0.0	0.0	30.43869442376985	0.0	48.739065615484165	0.0	102.71548567885209	36.43181689678199	0.0	0.0	0.0	0.0	0.0	52.244575072335046	0.0	0.0	0.0	0.0	0.0	0.0	0.0	0.0
GSM4138110_HNSCC_1_PBMC_GCTCTGTAGTATCTCG	0.0	0.0	2812.88956726177	0.0	127.02382208250698	0.0	0.0	0.0	0.0	470.43738282039345	0.0	0.0	0.0	0.0	0.0	0.0	0.0	0.0	0.0	0.0	0.0	0.0	0.0	0.0	0.0
GSM4138110_HNSCC_1_PBMC_GGAACTTTCCGATATG	143.60177658550876	81.55030753535524	63.892746813817055	28.907607555859883	0.0	0.0	0.0	75.93835953294658	0.0	0.0	0.0	19.321035380143346	0.0	0.0	1.7424517248605247	16.5400158173478	0.0	0.0	0.0	0.0	0.0	0.0	0.0	0.0	0.0
GSM4138110_HNSCC_1_PBMC_GGACAGAAGCCATCGC	170.61355938258177	140.72350403423738	77.16565120560684	40.26912115399081	0.0	0.0	94.42590513395537	0.0	28.415458202465345	0.0	0.0	0.0	0.0	0.0	0.0	39.57315288141705	0.0	0.0	13.019446016123766	0.0	0.0	0.0	0.0	0.0	0.0
GSM4138110_HNSCC_1_PBMC_GGATGTTGTGCAGTAG	165.9050119752948	71.69718685227501	0.0	46.988620385491785	90.31379596086201	0.0	72.92730832841139	0.0	0.0	0.0	0.0	0.0	0.0	0.0	0.0	20.050056667070848	0.0	0.0	0.0	0.0	0.0	0.0	0.0	0.0	0.0
GSM4138110_HNSCC_1_PBMC_GTAACTGCAGCTGTTA	119.31143010272508	97.2796797686962	65.67167046811011	0.0	0.0	46.196559880805054	0.0	0.0	40.11090738185954	0.0	0.0	0.0	0.0	35.964097211441434	0.0	0.0	0.0	0.0	51.385637141193854	0.0	0.0	0.0	0.0	0.0	0.0
GSM4138110_HNSCC_1_PBMC_GTATTCTAGTAATCCC	257.7834598115447	153.87932637657394	0.0	0.0	0.0	28.20976987520198	122.09707505418702	0.0	0.0	0.0	100.56405112536672	0.0	0.0	0.0	0.0	0.0	0.0	0.0	0.0	0.0	127.43446933473733	0.0	0.0	0.0	0.0
GSM4138110_HNSCC_1_PBMC_GTGCAGCAGTCAAGCG	251.32254705334083	245.4910566133461	248.49958002999153	139.66808323628692	0.0	0.0	225.8017667050547	0.0	0.0	0.0	70.9215590611065	0.0	0.0	0.0	0.0	51.09475737166593	0.0	0.0	173.8686648142483	0.0	0.0	0.0	0.0	0.0	0.0
GSM4138110_HNSCC_1_PBMC_GTGCATACACAGGCCT	118.62067435642949	131.2300174194822	0.0	36.231978615776725	121.0964737568771	18.211625763039738	0.0	0.0	0.0	0.0	6.176351988031942	0.0	118.70396489692956	0.0	0.0	0.0	2.246467117102372	0.0	0.0	0.0	0.0	0.0	0.0	0.0	0.0
GSM4138110_HNSCC_1_PBMC_TACTCGCGTTTAGCTG	113.70751885146892	93.57462198847895	75.75701896244985	0.0	0.0	17.925912981950585	115.07426843829455	0.0	37.436316098579205	0.0	0.0	0.0	0.0	18.900481342253304	0.0	0.0	0.0	0.0	0.0	0.0	6.456784895627972	0.0	0.0	0.0	0.0
GSM4138110_HNSCC_1_PBMC_TACTTACGTTATGCGT	98.99591497334593	147.42315350409984	0.0	8.643813572274137	0.0	40.64196009364005	0.0	0.0	0.0	25.39200907202988	29.618946583599378	0.0	0.0	0.0	0.0	0.0	110.52673533385757	33.16564878779302	0.0	0.0	0.0	0.0	0.0	0.0	0.0
GSM4138110_HNSCC_1_PBMC_TAGCCGGGTTCAACCA	134.9900078500402	122.92276487848261	0.0	49.57575551577366	67.94752760435865	21.61397008286195	0.0	18.607466488396238	0.0	0.0	0.0	40.26874290565564	0.0	0.0	0.0	0.0	0.0	0.0	0.0	0.0	0.0	0.0	0.0	0.0	0.0
GSM4138110_HNSCC_1_PBMC_TCAGCAATCCCAAGAT	271.57647821409984	162.56841014544864	7.247256776121687	49.73887671010466	94.57956902964521	19.650020603310484	0.0	0.0	0.0	0.0	0.0	0.0	25.112266698431302	127.93207409812436	0.0	0.0	0.0	0.0	0.0	0.0	0.0	0.0	0.0	0.0	0.0
GSM4138110_HNSCC_1_PBMC_TGACGGCGTTGAGTTC	0.0	2943.664729673716	0.0	0.0	0.0	0.0	0.0	0.0	0.0	0.0	0.0	0.0	0.0	0.0	0.0	0.0	0.0	0.0	0.0	0.0	0.0	0.0	0.0	0.0	0.0
GSM4138110_HNSCC_1_PBMC_TTGCGTCGTACTTCTT	178.20783765583082	104.7944407235055	37.489902553110575	106.16951111833882	0.0	43.35179518894177	0.0	0.0	0.0	0.0	0.0	0.0	0.0	0.0	72.15723705386385	0.0	0.0	0.0	0.0	0.0	90.37798657806488	0.0	0.0	0.0	0.0
GSM4138110_HNSCC_1_PBMC_TTTGTCAGTTAAGATG	100.36752112371079	68.80841666021216	57.98799360325412	16.80502994786891	0.0	23.959480117162048	41.613807058688224	36.35604007043719	0.0	0.0	0.0	0.0	0.12396840250864966	0.0	0.0	0.0	5.607375115312267	0.0	0.0	0.0	0.0	0.0	0.0	0.0	0.0
GSM4138110_HNSCC_1_PBMC_ACGCAGCTCGTCACGG	177.27502460445254	194.5457268928657	139.63324091024725	0.0	0.0	50.30515149531546	121.14106528367157	8.195405062855071	0.0	0.0	0.0	0.0	0.0	0.0	0.0	0.0	0.0	0.0	0.0	0.0	0.0	40.13186269448175	0.0	0.0	0.0
GSM4138110_HNSCC_1_PBMC_ATCATCTAGGAATCGC	135.9383815979949	61.28136182068315	103.13545718109765	77.40238133414945	0.0	0.0	66.81789127924503	79.03413972318417	0.0	0.0	0.0	0.0	0.0	0.0	0.0	41.925884797055225	0.0	0.0	0.0	0.0	0.0	0.0	0.0	0.0	0.0
GSM4138110_HNSCC_1_PBMC_TCAACGAGTTACGGAG	326.7415966457841	195.9762755087947	272.7126066427306	0.0	0.0	67.84353038686582	0.0	0.0	159.02850162167246	0.0	0.0	0.0	110.59460991778616	0.0	40.550011084125394	0.0	80.62357074308166	0.0	0.0	0.0	0.0	0.0	0.0	0.0	0.0
GSM4138110_HNSCC_1_PBMC_AAACCTGGTCTCCCTA	202.97856002791804	185.64213602638543	256.4199958904734	0.0	0.0	50.48913306022925	0.0	0.0	82.43459001315561	0.0	0.0	0.0	0.0	77.99542539105173	0.0	0.0	0.0	0.0	182.33200357159117	0.0	0.0	0.0	0.0	0.0	0.0
GSM4138110_HNSCC_1_PBMC_ACACCGGAGTACACCT	251.63879729766205	242.26013598919496	310.00933542058533	0.0	0.0	47.06480847012555	0.0	249.64105459075665	158.52903869966045	0.0	0.0	0.0	0.0	0.0	0.0	0.0	0.0	0.0	0.0	0.0	0.0	0.0	0.0	0.0	0.0
GSM4138110_HNSCC_1_PBMC_ACTGCTCGTGGTCCGT	223.81806228049797	168.41539883018132	0.0	0.0	180.06633010212045	46.545640526756756	0.0	0.0	0.0	0.0	0.0	0.0	0.0	0.0	220.76451963995672	0.0	0.0	0.0	0.0	0.0	0.0	124.84230026682229	0.0	0.0	0.0
GSM4138110_HNSCC_1_PBMC_AGCTCTCGTTAGTGGG	243.11801490250687	253.4476791167377	263.551686512849	0.0	0.0	0.0	0.0	193.48855314168307	120.04574407567277	0.0	0.0	0.0	0.0	0.0	0.0	65.63676799627602	0.0	0.0	0.0	0.0	0.0	0.0	0.0	0.0	0.0
GSM4138110_HNSCC_1_PBMC_ATGGGAGAGGATGCGT	209.78373926057373	230.272831380109	251.74840328538545	112.58077470559778	0.0	0.0	0.0	0.0	0.0	0.0	0.0	0.0	0.0	0.0	0.0	52.15062757157771	0.0	0.0	298.8182089320335	0.0	0.0	0.0	0.0	0.0	0.0
GSM4138110_HNSCC_1_PBMC_ATTATCCTCGGAAATA	286.92806855041977	210.657008579644	213.4912204398079	113.77337857590432	0.0	68.94138040890458	172.17834635274173	0.0	0.0	0.0	0.0	0.0	0.0	0.0	0.0	0.0	0.0	0.0	0.0	0.0	0.0	0.0	0.0	0.0	0.0
GSM4138110_HNSCC_1_PBMC_CATCAGATCGCAAACT	255.14939279930366	215.9445887427018	0.0	0.0	210.48107847803067	39.83419461249622	0.0	63.003595914664814	0.0	0.0	0.0	25.4157576393327	0.0	108.32516562333944	0.0	0.0	0.0	0.0	0.0	0.0	0.0	86.40360467271812	0.0	0.0	0.0
GSM4138110_HNSCC_1_PBMC_CGTAGCGCATGCAACT	329.4524794544306	218.1962244982557	184.03054928240982	137.57816008038895	113.01763962967311	51.5435368983856	81.59027289299658	32.53468094885644	0.0	0.0	0.0	0.0	25.77997698565577	0.0	0.0	0.0	27.433496726090763	0.0	0.0	0.0	0.0	0.0	0.0	0.0	0.0
GSM4138110_HNSCC_1_PBMC_CGTCACTTCACGAAGG	293.6068118349294	227.04995184987283	0.0	0.0	208.86031692827032	60.38350248525881	45.82599177593242	23.145259799731207	126.31553909155807	0.0	0.0	0.0	0.0	183.09170833604543	0.0	0.0	0.0	0.0	7.231930625202365	0.0	0.0	0.0	0.0	0.0	0.0
GSM4138110_HNSCC_1_PBMC_GCATACACACCAGCAC	180.19143949464697	206.11167641777664	178.2867868030022	104.76009989764164	0.0	36.01896489293895	0.0	222.497183558109	0.0	0.0	0.0	0.0	0.0	0.0	0.0	0.0	0.0	14.898799486519692	0.0	0.0	0.0	0.0	0.0	0.0	0.0
GSM4138110_HNSCC_1_PBMC_GCGACCAGTCGATTGT	253.08327225592097	191.41462496731657	207.991642110282	0.0	0.0	58.24658025100277	0.0	0.0	0.0	0.0	139.25758833431976	0.0	0.0	14.184621557119792	198.67473454578248	0.0	0.0	0.0	0.0	0.0	0.0	0.0	0.0	0.0	0.0
GSM4138110_HNSCC_1_PBMC_TACTTACTCGGCGCAT	58.15479927985959	73.68732308198429	41.65382968219446	47.16839867943369	52.70582509397909	0.0	0.0	0.0	0.0	0.0	0.0	82.89574441246202	0.0	0.0	0.0	45.533832974645364	0.0	0.0	0.0	0.0	0.0	0.0	0.0	0.0	0.0
GSM4138110_HNSCC_1_PBMC_ACCGTAAGTTACGTCA	94.98728526994367	100.62211552101498	162.01860052348104	0.0	0.0	0.0	0.0	0.0	0.0	0.0	0.0	0.0	0.0	0.0	0.0	28.247481647236214	0.0	0.0	191.6353924420555	120.63627409841641	0.0	0.0	0.0	0.0	0.0
GSM4138110_HNSCC_1_PBMC_ATCCACCAGACAGACC	71.76527474341542	55.35728104258625	72.33732951843582	0.0	0.0	0.0	0.0	0.0	156.34800612665381	0.0	0.0	0.0	0.0	0.0	103.87425496839425	19.09091407014031	0.0	0.0	0.0	0.0	0.0	0.0	0.0	0.0	0.0
GSM4138110_HNSCC_1_PBMC_ATGAGGGGTATATGGA	251.23077439614067	305.0034888478466	227.83284736922272	0.0	0.0	0.0	0.0	0.0	200.17232500083034	0.0	0.0	121.33465829500031	0.0	0.0	0.0	74.84355574220957	0.0	0.0	100.1373616565583	0.0	0.0	0.0	0.0	0.0	0.0
GSM4138110_HNSCC_1_PBMC_CACCAGGGTCAGAATA	101.86690604887987	143.8989425327542	0.0	76.76186826145786	253.43939465323095	58.932600379807404	0.0	135.5067925980289	0.0	0.0	0.0	0.0	0.0	0.0	0.0	0.0	0.0	0.0	0.0	0.0	0.0	0.0	0.0	0.0	0.0
GSM4138110_HNSCC_1_PBMC_CAGCAGCTCAAAGTAG	130.4953482419247	104.343695014555	0.0	0.0	182.34485890820454	35.02531126129256	0.0	0.0	78.81226326146022	0.0	0.0	0.0	0.0	0.0	0.0	0.0	99.92103188605738	0.0	0.0	0.0	0.0	0.0	0.0	0.0	0.0
GSM4138110_HNSCC_1_PBMC_CATCCACCAGTAACGG	84.6875564276573	172.00739089037128	0.0	0.0	0.0	54.543820375036155	191.489234715874	0.0	0.0	26.711738523765153	109.08747203832453	0.0	0.0	0.0	0.0	0.0	0.0	0.0	0.0	0.0	89.94677853632707	0.0	0.0	0.0	0.0
GSM4138110_HNSCC_1_PBMC_CCTTTCTCATCCTAGA	178.12562928014424	148.36640785484806	0.0	77.25886600697676	128.84118363330612	0.0	96.0214875203136	0.0	0.0	0.0	0.0	0.0	0.0	49.26512421929332	0.0	20.044187151594453	0.0	0.0	0.0	0.0	0.0	0.0	0.0	0.0	0.0
GSM4138110_HNSCC_1_PBMC_CGTAGGCTCTACCAGA	111.54594301602992	133.51774879943304	0.0	0.0	140.74939184430224	0.0	0.0	0.0	0.0	0.0	0.0	0.0	0.0	52.81295619817002	0.0	35.76779621441226	0.0	0.0	108.8705605621671	103.93241750673526	0.0	0.0	0.0	0.0	0.0
GSM4138110_HNSCC_1_PBMC_CTGCCTAAGGACATTA	45.75622968567226	180.76074977198826	0.0	96.73006897470853	133.67926118914954	36.45439222214847	0.0	0.0	0.0	0.0	0.0	0.0	128.6570191949578	0.0	0.0	0.0	0.0	0.0	0.0	0.0	0.0	0.0	0.0	0.0	0.0
GSM4138110_HNSCC_1_PBMC_CTTTGCGGTGGTCCGT	119.22341035972013	131.9782277114575	0.0	0.0	66.15951630813262	32.43404715724853	0.0	0.0	0.0	0.0	0.0	0.0	0.0	0.0	0.0	0.0	0.0	0.0	115.31891970081368	69.18464356310807	0.0	0.0	0.0	0.0	0.0
GSM4138110_HNSCC_1_PBMC_GAAACTCAGACAAGCC	161.4038630002642	118.4259934600876	151.59050057433186	106.73731132756073	0.0	0.0	0.0	0.0	0.0	0.0	0.0	42.099444846800154	0.0	0.0	0.0	32.700615600789135	0.0	0.0	123.57540426954436	0.0	0.0	0.0	0.0	0.0	0.0
GSM4138110_HNSCC_1_PBMC_GACCAATAGCCCGAAA	182.5066407351524	186.66036398704622	169.0651654157083	155.3212930100642	0.0	0.0	0.0	94.69777505646739	0.0	0.0	0.0	17.753338660814748	0.0	0.0	0.0	62.208983634813684	0.0	0.0	103.25193126132149	0.0	0.0	0.0	0.0	0.0	0.0
GSM4138110_HNSCC_1_PBMC_GACCAATAGGGCTCTC	225.89387352502905	191.67039941041534	0.0	61.191474215465334	149.40489075357897	0.0	0.0	0.0	0.0	0.0	0.0	130.37117441574554	0.0	0.0	0.0	30.996477897569335	0.0	0.0	6.946596530560343	32.70940448558857	0.0	0.0	0.0	0.0	0.0
GSM4138110_HNSCC_1_PBMC_GATGCTATCCTCTAGC	194.98151647823917	163.0223089616392	0.0	0.0	191.7000353020587	43.756548991559974	0.0	0.0	0.0	0.0	0.0	0.0	142.96360026621818	0.0	0.0	0.0	0.0	0.0	0.0	0.0	0.0	151.8967397327992	0.0	0.0	0.0
GSM4138110_HNSCC_1_PBMC_GCTGCGATCCCGACTT	49.7674053581946	73.22613464020596	0.0	0.0	92.40259157675418	35.38740048471972	0.0	0.0	0.0	0.0	55.86567190363194	0.0	0.0	0.0	0.0	0.0	0.0	0.0	102.9516874820224	0.0	0.0	0.0	0.0	0.0	0.0
GSM4138110_HNSCC_1_PBMC_GTTACAGCAAGTTGTC	115.41366705723274	108.0827274810275	0.0	72.24116265240856	136.55760819970425	105.79070809360758	0.0	0.0	0.0	0.0	0.0	0.0	60.436422136937466	0.0	0.0	0.0	0.0	0.0	0.0	0.0	0.0	0.0	0.0	0.0	0.0
GSM4138110_HNSCC_1_PBMC_TAGGCATTCAGCGACC	131.88168167607992	142.10083307065133	121.85940500178036	117.74165328915117	0.0	0.0	0.0	172.0154307111246	0.0	0.0	0.0	0.0	0.0	0.0	0.0	21.49575552970219	0.0	0.0	0.0	0.0	0.0	0.0	0.0	0.0	0.0
GSM4138110_HNSCC_1_PBMC_TCGTACCTCCATGAAC	62.777974891189906	102.14627641666064	0.0	17.884108679037084	88.57913755301976	16.613088400063386	0.0	0.0	0.0	0.0	0.0	294.1461654388258	0.0	0.0	0.0	0.0	0.0	0.0	0.0	62.67252134658982	0.0	0.0	0.0	0.0	0.0
GSM4138110_HNSCC_1_PBMC_TGCGCAGAGAGTCGGT	195.46321264907792	120.07474514015321	141.72354764175887	77.34789784363234	0.0	16.995141923855346	0.0	0.0	0.0	0.0	0.0	0.0	0.0	0.0	0.0	0.0	0.0	0.0	129.90565467366778	0.0	0.0	0.0	0.0	0.0	0.0
GSM4138110_HNSCC_1_PBMC_TTGCCGTTCCTATTCA	137.6548940712055	112.68279336340626	329.207668173821	85.55846991957556	0.0	0.0	0.0	0.0	0.0	0.0	0.0	0.0	0.0	0.0	0.0	29.374547684704353	0.0	0.0	191.7482578426078	0.0	0.0	0.0	0.0	0.0	0.0
GSM4138110_HNSCC_1_PBMC_TTTACTGAGTCCCACG	121.05120320374134	80.37842489374029	0.0	0.0	280.08018201021156	0.0	86.05123189552971	0.0	107.7594623504444	0.0	0.0	0.0	0.0	0.0	0.0	41.73426140200578	0.0	0.0	54.14694361072807	0.0	0.0	0.0	0.0	0.0	0.0
GSM4138110_HNSCC_1_PBMC_ACGGGTCGTCTTGATG	68.03541523902487	101.16170206545489	0.0	0.0	49.597578033855456	36.71960811877824	78.10041660038917	0.0	64.89054746791015	7.7084341713098645	0.0	0.0	0.0	0.0	0.0	0.0	0.0	0.0	0.0	0.0	0.0	0.0	0.0	0.0	0.0
GSM4138110_HNSCC_1_PBMC_AGTGAGGAGGAATCGC	63.05636892599477	61.22281043425084	91.2244295700984	52.89606553794861	0.0	11.60196982970902	0.0	0.0	12.4022963862248	0.0	0.0	8.61244243628798	0.0	55.980298358750396	0.0	0.0	0.0	0.0	53.51078145968432	0.0	0.0	0.0	0.0	0.0	0.0
GSM4138110_HNSCC_1_PBMC_ATGTGTGCAAGCTGGA	162.85774900544777	178.35377641006522	75.51697844998803	100.3392843067385	0.0	25.238287410469397	38.13617362646257	0.0	0.0	0.0	0.0	0.0	0.0	0.0	0.0	4.767404364423357	106.07073283384854	0.0	0.0	0.0	0.0	0.0	0.0	0.0	0.0
GSM4138110_HNSCC_1_PBMC_CGACCTTAGTTACGGG	157.06123378629692	175.5131066646798	21.15618158145342	0.0	0.0	39.7882860929207	0.0	162.76512255545035	118.70882584604803	40.15808849237914	0.0	0.0	0.0	0.0	0.0	0.0	0.0	0.0	0.0	0.0	0.0	0.0	0.0	0.0	0.0
GSM4138110_HNSCC_1_PBMC_GCGACCACATGCATGT	147.05015186001938	107.50463053796305	145.52986089518845	0.0	0.0	73.2983095738512	0.0	103.68857998642957	63.83962103814494	0.0	0.0	0.0	0.0	0.0	0.0	0.0	0.0	0.0	0.0	0.0	0.0	0.0	0.0	0.0	0.0
GSM4138110_HNSCC_1_PBMC_GGATTACGTGCATCTA	157.07351756513705	74.91556844585517	0.0	78.15443506829293	120.45649020349417	31.418376969874316	0.0	26.788734911093876	0.0	0.0	0.0	39.702803654389825	0.0	0.0	45.406196871184925	0.0	0.0	0.0	0.0	0.0	0.0	0.0	0.0	0.0	0.0
GSM4138110_HNSCC_1_PBMC_GTGCAGCCACCAGATT	82.52457236453334	43.21270908478738	74.21372706933492	68.16737141050895	0.0	21.685926538877293	0.0	0.0	0.0	0.0	13.628760410260295	78.39359926050453	0.0	0.0	0.0	0.0	0.0	0.0	0.0	0.0	0.0	0.0	0.0	0.0	0.0
GSM4138110_HNSCC_1_PBMC_GTGCGGTTCTATGTGG	199.325752875929	96.59023398912534	0.0	40.58396469635897	80.29532471194041	0.0	0.0	0.0	0.0	0.0	68.07382843701338	0.0	0.0	0.0	0.0	34.218915442340055	0.0	0.0	86.81642284911082	0.0	0.0	0.0	0.0	0.0	0.0
GSM4138110_HNSCC_1_PBMC_GTTCATTTCCCTCTTT	93.22662862138287	77.89448538215026	115.81660945996987	0.0	0.0	0.0	0.0	0.0	57.66435308685438	0.0	0.0	0.0	75.97254408684991	0.0	0.0	29.857143491327825	0.0	0.0	0.0	0.0	0.0	0.0	0.0	0.0	0.0
GSM4138110_HNSCC_1_PBMC_TCATTACGTAATCACC	104.6321434453888	155.87355740801266	0.0	0.0	0.0	38.33434930118929	0.0	0.0	0.0	150.33190886458584	65.59010483389942	0.0	32.73676039903391	0.0	0.0	2.753794615712604	99.61295052625591	0.0	0.0	0.0	0.0	0.0	0.0	0.0	0.0
GSM4138110_HNSCC_1_PBMC_TTGCCGTTCAGAAATG	137.51352702377437	98.49569992459416	17.849929092395048	62.259514615697185	0.0	85.47525605474631	0.0	0.0	0.0	0.0	0.0	0.0	101.1670452827797	0.0	0.0	0.0	0.0	49.303965030775935	0.0	0.0	0.0	0.0	0.0	0.0	0.0
GSM4138110_HNSCC_1_PBMC_TTTGCGCAGTAGCGGT	224.43124368447644	115.59089691004203	0.0	87.02205667303825	0.0	43.80696689250936	0.0	274.16776546734735	0.0	193.60829179445446	0.0	0.0	0.0	0.0	0.0	0.0	3.583300769667215	0.0	0.0	0.0	0.0	0.0	0.0	0.0	0.0
GSM4138110_HNSCC_1_PBMC_TTTGGTTAGCACAGGT	125.87959894105609	74.8816554148945	0.0	0.0	0.0	28.360779831577187	65.84223641716781	76.03582380489682	0.0	0.0	0.0	0.0	0.0	0.0	0.0	0.0	0.0	103.22614480914754	0.0	0.0	0.0	77.97448585271032	0.0	0.0	0.0
