	1	2	3	4	5	6	7	8	9	10	11	12	13	14	15	16	17	18	19	20	21	22	23	24	25	26	27	28	29	30
GSM4138110_HNSCC_1_PBMC_AAACCTGAGGAGCGTT	71.70748779776555	92.2077117102461	57.62849147445732	0.0	0.0	0.0	0.0	44.93341258539264	0.0	0.0	0.0	0.0	0.0	0.0	0.0	27.997307347846366	0.0	11.181923748056095	0.0	0.0	0.0	0.0	31.91136601530306	21.358028195145042	0.0	0.0	0.0	0.0	0.0	0.0
GSM4138110_HNSCC_1_PBMC_AAACCTGCAGATGAGC	100.92588062010869	57.93899085414289	0.0	0.0	0.0	0.0	0.0	0.0	20.467475848480326	45.28643703175091	0.0	63.50422931379558	34.677526537496256	0.0	0.0	0.0	0.0	105.5437842090684	0.0	0.0	0.0	0.0	0.0	0.0	0.0	0.0	0.0	0.0	0.0	0.0
GSM4138110_HNSCC_1_PBMC_AACGTTGAGACTGGGT	67.1542072235105	39.74698910355385	0.0	27.819284891308687	0.0	0.0	0.0	0.0	0.0	0.0	0.0	0.0	3.8552358007891483	0.0	0.0	0.0	0.0	5.97472152714596	0.0	39.7297903274054	24.333735381596917	24.959995112306277	0.0	7.231234959159348	0.0	0.0	0.0	0.0	0.0	0.0
GSM4138110_HNSCC_1_PBMC_AACGTTGGTTACGACT	53.96203630116252	132.9330910585629	0.0	0.0	0.0	0.0	0.0	0.0	0.0	0.4105002550656209	0.0	0.0	0.0	0.0	0.0	0.0	15.62702380005819	26.94872361791309	0.0	0.0	47.736785651129935	0.0	0.0	7.232808776937895	0.0	0.0	0.0	0.0	0.0	0.0
GSM4138110_HNSCC_1_PBMC_AACGTTGTCTAAGCCA	78.98889266830135	49.57874821778175	0.0	0.0	0.0	0.0	10.666501739648373	0.0	0.0	43.48717703226392	0.0	67.95510515793914	0.0	0.0	0.0	37.17324435519633	0.0	0.0	0.0	0.0	0.0	0.0	0.0	0.0	0.0	0.0	0.0	0.0	0.0	0.0
GSM4138110_HNSCC_1_PBMC_AACTCCCCATTTCAGG	47.02926444130094	37.52547235363952	0.0	44.138160520822574	24.609337576505983	0.0	0.0	0.0	0.0	0.0	18.501820166377637	0.0	12.861811167933888	68.96307801693104	0.0	0.0	26.89904164275647	5.069014202796841	0.0	0.0	0.0	0.0	0.0	0.0	0.0	13.612772592513657	0.0	0.0	0.0	0.0
GSM4138110_HNSCC_1_PBMC_AAGCCGCCACTTCTGC	70.50558835094914	59.5733887458118	0.0	0.0	35.524846183734745	0.0	34.5697294677692	16.826038999469066	0.0	0.0	8.65338861653909	0.0	3.9561918034641543	0.0	57.36532284754607	0.0	0.0	0.0	34.736261877745676	0.0	0.0	0.0	0.0	0.0	0.0	0.0	0.0	0.0	0.0	0.0
GSM4138110_HNSCC_1_PBMC_AAGGTTCGTCTCTTAT	18.064247553471493	44.4089010472823	0.0	102.13114024933805	0.0	45.1979351267639	0.0	0.0	0.0	0.0	0.0	0.0	1.4839950977625425	0.0	0.0	0.0	0.0	67.40661638914445	0.0	0.0	0.0	0.0	0.0	10.933144504056923	1.8927436842438436	0.0	0.0	0.0	0.0	0.0
GSM4138110_HNSCC_1_PBMC_AAGTCTGAGTACCGGA	68.11843404755255	42.91299756741305	21.647907756137645	10.744533967017276	48.880269314928675	12.190772715804458	4.97113384451155	0.0	0.0	0.0	0.0	0.0	0.0	0.0	0.0	0.0	0.0	0.0	0.0	0.0	0.0	2.472941510626256	25.510003500656175	5.21230570771478	0.0	0.0	0.0	0.0	0.0	0.0
GSM4138110_HNSCC_1_PBMC_AAGTCTGGTTGCCTCT	45.0294299956523	77.59618478631724	0.0	45.48202470317351	19.700328201512846	0.0	7.97182775226645	0.0	0.0	0.0	0.0	0.0	0.080481398044189	43.7911585893693	0.0	0.0	0.0	0.0	0.0	0.0	0.0	0.0	0.0	0.0	0.0	0.0	0.0	0.0	0.0	0.0
GSM4138110_HNSCC_1_PBMC_AAGTCTGTCCAAACTG	38.74150454942394	85.61238648265495	75.6508910661588	0.0	64.69737849187551	0.0	0.0	0.0	0.0	0.0	0.0	0.0	0.0	0.0	0.0	0.0	0.0	0.0	0.0	0.0	0.0	0.0	54.10831288909063	18.368169967272117	0.0	0.0	0.0	0.0	0.0	0.0
GSM4138110_HNSCC_1_PBMC_ACATGGTCACATGGGA	3.428407094125747	51.90079687794991	34.89988856365554	0.0	0.0	0.0	0.0	0.0	0.0	0.0	141.64736974178288	0.0	0.0	0.0	0.0	0.0	0.0	0.0	32.64580218958663	0.0	0.0	0.0	0.0	1.873440123591077	0.0	0.0	0.8342951711641551	0.0	0.0	0.0
GSM4138110_HNSCC_1_PBMC_ACGAGCCAGTATCTCG	35.45132523973687	70.21689243002209	50.23835963452999	0.0	0.0	0.0	23.123301673822027	120.08528713837192	0.0	0.0	34.618947928615526	0.0	0.0	0.0	0.0	4.646252752853133	0.0	0.0	0.0	0.0	0.0	0.0	0.0	0.0	0.0	0.0	0.0	0.0	0.0	0.0
GSM4138110_HNSCC_1_PBMC_ACGAGCCCACTTAACG	147.44774375695698	106.99220928696627	99.93779643022039	0.0	90.6887920854393	0.0	37.94598735388224	0.0	0.0	0.0	0.0	0.0	0.0	131.98625938323602	0.0	0.0	0.0	0.0	0.0	0.0	0.0	0.0	0.0	0.0	0.0	0.0	0.0	0.0	0.0	0.0
GSM4138110_HNSCC_1_PBMC_ACTATCTTCTTCCTTC	54.02482126018725	93.90584281945506	55.470142019916494	0.0	48.5469493625957	0.0	16.818698423005202	109.25904279573132	0.0	0.0	0.0	0.0	0.0	0.0	0.0	0.0	0.0	0.0	0.0	0.0	0.0	0.0	0.0	0.0	0.0	0.0	0.0	0.0	0.0	0.0
GSM4138110_HNSCC_1_PBMC_AGAGCTTAGAGCTGGT	107.96519120385089	41.74016251600851	0.0	0.0	60.384506664105665	0.0	19.201619295576776	0.0	69.89500438317727	0.0	0.0	0.0	0.0	0.0	0.0	0.0	97.51911697945518	0.0	0.0	0.0	0.0	0.0	0.0	4.401767550317965	0.0	0.0	0.0	0.0	0.0	0.0
GSM4138110_HNSCC_1_PBMC_AGATTGCGTCGCCATG	71.18556497031564	41.53026797157814	54.7339792688952	0.0	0.0	0.0	14.282673538818779	0.0	14.695576490924308	0.0	41.60017981691008	0.0	0.0	56.52796103495518	0.0	0.0	0.0	0.0	0.0	0.0	0.0	0.0	0.0	0.0	0.0	0.0	0.0	0.0	0.0	0.0
GSM4138110_HNSCC_1_PBMC_AGCGTATGTTATCCGA	74.09358853165367	30.73499743413231	122.32381667334839	0.0	36.08223053359388	0.0	0.0	4.265373874744307	28.713624005279488	0.0	0.0	0.0	21.80317857982399	0.0	0.0	0.0	0.0	0.0	26.426735719584062	0.0	0.0	0.0	0.0	0.0	0.0	0.0	0.0	0.0	0.0	0.0
GSM4138110_HNSCC_1_PBMC_AGGCCACAGTACTTGC	74.17947171086057	35.27777089178607	42.0474688585837	0.0	0.0	0.0	10.508034259513956	0.0	0.0	87.9239553599523	0.0	0.0	0.0	0.0	0.0	0.0	0.0	0.0	0.0	0.0	0.0	0.0	0.0	0.0	26.553973724199384	0.0	0.0	0.0	0.0	0.0
GSM4138110_HNSCC_1_PBMC_AGGCCACCACTAAGTC	94.78255250402766	108.29319697877868	0.0	0.0	237.13222648508793	0.0	31.96339491194143	0.0	0.0	0.0	0.0	0.0	0.0	86.59648361066562	33.777525908183144	0.0	121.86556735490664	0.0	0.0	0.0	0.0	0.0	0.0	0.0	0.0	0.0	0.0	0.0	0.0	0.0
GSM4138110_HNSCC_1_PBMC_AGTAGTCTCTTAGCCC	48.97707231713183	45.826590303015635	0.0	0.0	0.0	0.0	0.0	51.54286301827052	0.0	0.0	3.270840643021377	0.0	18.992879724903474	0.0	0.0	0.0	0.0	0.0	0.0	116.70452059599204	0.0	0.0	0.0	0.0	0.0	0.0	0.0	0.0	0.0	0.0
GSM4138110_HNSCC_1_PBMC_AGTGAGGGTGGCCCTA	75.61205789405774	92.06449158519818	0.0	59.465332704500085	46.70134133186698	0.0	21.185793163624005	0.0	0.0	0.0	0.0	0.0	5.884058722473049	0.0	0.0	0.0	0.0	0.0	50.06133218094613	0.0	0.0	0.0	0.0	0.0	0.0	0.0	0.0	49.88396585263381	0.0	0.0
GSM4138110_HNSCC_1_PBMC_AGTGTCATCTCGCATC	44.172789929645056	62.10286773661334	1.9736236555208058	14.092468277284523	0.0	0.0	13.614824539370586	0.0	32.374412350239254	0.0	32.91373593762622	18.365846105077303	0.0	0.0	0.0	0.0	0.0	0.0	16.748567361865963	0.0	0.0	0.0	0.0	0.0	0.0	0.0	0.0	0.0	0.0	0.0
GSM4138110_HNSCC_1_PBMC_AGTTGGTCATGGTTGT	66.25168155260396	99.78330368712408	32.07224785517539	0.0	25.406715830421504	0.0	31.22055391270079	76.7284955573283	0.0	0.0	14.428795285573587	0.0	0.0	0.0	53.28994001043067	0.0	0.0	0.0	0.0	0.0	0.0	0.0	0.0	0.0	37.05389653459883	0.0	0.0	0.0	0.0	0.0
GSM4138110_HNSCC_1_PBMC_AGTTGGTTCTTGGGTA	63.51596458025771	68.93638734316613	0.0	53.62074781506489	0.0	0.0	7.44619914278434	0.0	42.4510192123874	0.0	0.0	0.0	0.0	0.0	0.0	0.0	0.0	0.0	0.0	23.206995279131725	0.0	0.0	0.0	1.9096053094538021	0.0	0.0	0.0	0.0	0.0	0.0
GSM4138110_HNSCC_1_PBMC_ATCTACTAGGGTGTGT	64.70604784523734	273.7948829093542	0.0	129.19369592206334	191.8106183079319	0.0	15.626545367930833	0.0	0.0	0.0	0.0	0.0	0.0	0.0	0.0	0.0	0.0	0.0	0.0	0.0	0.0	176.43718635344626	0.0	0.0	0.0	0.0	0.0	0.0	0.0	0.0
GSM4138110_HNSCC_1_PBMC_ATCTACTAGTACGTTC	69.32715422928928	41.42007996375398	75.98195339544094	0.0	0.0	0.0	48.11380860661824	0.0	0.0	51.916084573361424	0.0	0.0	27.457398176088788	0.0	0.0	0.0	0.0	0.0	0.0	0.0	64.99363267652855	0.0	0.0	0.0	0.0	0.0	0.0	0.0	0.0	0.0
GSM4138110_HNSCC_1_PBMC_ATGAGGGCAAGCGATG	40.865697376930065	58.48884840072935	0.0	0.0	37.24273655385133	0.0	14.394129281358868	0.0	54.039066888163084	0.0	0.0	0.0	0.0	0.0	0.0	0.0	47.70865723154048	0.0	0.0	0.0	0.0	0.0	0.0	0.0	0.0	0.0	0.0	0.0	0.0	0.0
GSM4138110_HNSCC_1_PBMC_ATGAGGGCACACAGAG	35.62550392000036	35.326324688029324	21.13274221734952	0.0	0.0	0.0	0.0	0.0	17.547682658939692	34.143613223262925	0.0	0.0	21.14591822669916	0.0	0.0	0.0	0.0	53.139598104460255	0.0	0.0	17.772424833640443	0.0	0.0	0.0	0.0	0.0	0.0	0.0	0.0	0.0
GSM4138110_HNSCC_1_PBMC_ATGCGATGTTTGACAC	45.96694921134359	81.86669540134955	0.0	63.356116562392025	0.0	0.0	0.0	32.65236449923752	0.0	0.0	0.0	0.0	19.588680892880543	0.0	0.0	0.0	0.0	23.2469052180561	0.0	0.0	0.0	0.0	0.0	0.0	0.0	0.0	0.0	0.0	0.0	0.0
GSM4138110_HNSCC_1_PBMC_ATGTGTGCATGCGCAC	54.32529762936997	57.79520554377129	0.0	23.986627100439815	44.73059501125346	6.54801733368928	0.0	31.89978298481179	0.0	0.0	0.0	0.0	0.0	0.0	0.0	0.0	0.0	0.0	0.0	0.0	0.0	0.0	0.0	13.094076821997408	7.231393570415576	0.0	0.0	0.0	0.0	2.202054655079465
GSM4138110_HNSCC_1_PBMC_ATTACTCTCATGCTCC	87.4539347713114	53.98686244331094	40.03950328187406	0.0	0.0	49.419315466826596	57.774629506857735	0.0	0.0	0.0	0.0	0.0	0.0	0.0	0.0	0.0	0.0	0.0	44.40078946335023	14.651493622009124	18.98182781924333	0.0	0.0	0.0	0.0	0.0	0.0	0.0	0.0	0.0
GSM4138110_HNSCC_1_PBMC_ATTATCCGTCACACGC	54.93974960837879	90.61616536991649	0.0	97.45844084472512	0.0	0.0	18.473502546188417	0.0	0.0	0.0	0.0	0.0	0.0	0.0	0.0	20.37284135984287	0.0	0.0	0.0	0.0	0.0	0.0	71.32680740555944	3.430049189391298	0.0	0.0	0.0	0.0	0.0	0.0
GSM4138110_HNSCC_1_PBMC_ATTGGACAGAGATGAG	35.15411031918475	26.212671789939556	22.34813161221664	0.0	58.72869040367075	19.065301899194456	21.678609998012167	52.64633806033157	0.0	0.0	0.0	3.438043807083876	0.0	9.431227594025511	40.251837316140175	0.0	0.0	0.0	0.0	0.0	0.0	0.0	0.0	0.0	0.0	0.0	0.0	0.0	0.0	0.0
GSM4138110_HNSCC_1_PBMC_ATTGGTGCAGTGAGTG	58.208009887296186	43.97991447255499	48.761519259341895	0.0	51.28412492777826	0.0	0.0	0.0	46.604698713836044	0.0	0.0	0.0	0.0	0.0	0.0	0.0	0.0	0.0	0.0	0.0	0.0	0.0	0.0	27.743881927128324	0.0	0.0	0.0	0.0	0.0	0.0
GSM4138110_HNSCC_1_PBMC_CAACCAAGTTATCGGT	36.67678369735956	39.28733413572719	36.2515895345024	0.0	0.0	0.0	0.0	0.0	0.0	68.72214721894929	0.0	0.0	22.98660426362851	0.0	0.0	0.0	0.0	23.24783132385969	0.0	0.0	0.0	0.0	0.0	0.0	0.0	0.0	0.0	0.0	0.0	0.0
GSM4138110_HNSCC_1_PBMC_CAACCAATCCTTGACC	81.79100299310595	44.37859165068793	0.0	65.83679602137497	0.0	7.585859339591747	0.0	0.0	19.844446912588143	0.0	0.0	0.0	24.309203782028924	0.0	0.0	14.567526971912047	0.0	0.0	0.0	0.0	0.0	0.0	0.0	0.0	0.0	0.0	0.0	0.0	0.0	0.0
GSM4138110_HNSCC_1_PBMC_CACAGTAGTCTCCATC	37.30469565076595	32.49830586284011	0.0	0.0	99.62649973418385	0.0	10.151216364194738	0.0	0.0	82.35035585802675	0.0	9.850347831972082	17.382802759778706	0.0	5.193721428264891	0.0	0.0	0.0	0.0	0.0	26.640427061627726	0.0	0.0	0.0	0.0	0.0	0.0	0.0	0.0	0.0
GSM4138110_HNSCC_1_PBMC_CACATAGCAAAGCGGT	29.64144416909354	49.09142498275218	0.0	36.54663868639981	0.0	73.27951058905975	0.0	0.15623292877571085	0.0	0.0	0.0	0.0	11.564374470254895	0.0	0.0	13.867434811653762	0.0	0.0	0.0	0.0	0.0	0.0	0.0	0.0	0.0	0.0	0.0	0.0	0.0	0.0
GSM4138110_HNSCC_1_PBMC_CACATAGCACCTCGTT	41.76723804610206	76.43268917998543	69.23455237056342	0.0	40.649216907546844	0.0	21.64402818787348	0.0	50.663996450109856	0.0	0.0	0.0	0.0	0.0	0.0	0.0	0.0	0.0	0.0	0.0	0.0	0.0	0.0	0.0	0.0	0.0	0.0	0.0	0.0	0.0
GSM4138110_HNSCC_1_PBMC_CACATTTGTGCACTTA	42.663590541361174	53.485815662249394	0.0	0.0	0.0	0.0	0.0	12.894484920203881	0.0	0.0	0.0	33.014601951778275	16.511409434997617	0.0	0.0	0.0	0.0	45.52624213266212	0.0	0.0	0.0	0.0	0.0	0.0	0.0	0.0	0.0	0.0	0.0	52.833615108774886
GSM4138110_HNSCC_1_PBMC_CACATTTTCCCATTAT	43.588451306286046	80.54813866950069	0.0	0.0	0.0	0.0	9.558146973056477	0.0	0.0	0.0	46.376403585654096	0.0	0.0	0.0	0.0	0.0	54.072893391302316	0.0	0.0	0.0	0.0	0.0	0.0	0.0	0.0	36.95497380627993	0.0	0.0	0.0	0.0
GSM4138110_HNSCC_1_PBMC_CACATTTTCTGGTTCC	46.796454276345614	55.67708761656093	12.077601963920914	0.0	58.562607796361526	16.25792924508137	0.0	0.0	0.0	0.0	0.0	0.0	0.0	0.0	0.0	0.0	33.82025497076089	0.0	0.0	0.0	0.0	0.0	0.0	11.95552989521877	0.0	0.0	0.0	27.783249298646464	0.0	2.423549168932024
GSM4138110_HNSCC_1_PBMC_CACCAGGTCGTGGGAA	57.60840165207193	79.88388365425598	0.0	0.0	0.0	0.0	20.821553498892712	0.0	0.0	43.85052693321585	0.0	0.0	0.0	0.0	0.0	0.0	63.83873015817093	0.0	0.0	68.82146928157607	0.0	0.0	0.0	2.6025796246901924	0.0	0.0	0.0	0.0	0.0	0.0
GSM4138110_HNSCC_1_PBMC_CAGCAGCCAATGGTCT	51.193090171018085	13.734193233825879	0.0	44.40111642936448	0.0	0.0	1.9139456486111233	0.0	0.0	0.0	0.0	0.0	0.0	66.05706791900002	0.0	0.0	0.0	0.0	0.0	0.0	24.44536148165535	0.0	0.0	9.15924717667584	0.0	0.0	0.0	0.0	0.0	0.0
GSM4138110_HNSCC_1_PBMC_CAGCATAGTCCGAGTC	55.27388405108417	33.34486474638199	0.0	73.09737945195127	0.0	0.0	0.0	22.776931345839902	0.0	0.0	0.0	11.19402215088473	0.0	0.0	0.0	0.0	0.0	0.0	0.0	0.0	0.0	0.0	0.0	35.49403239259334	27.404258178334718	0.0	0.0	0.0	0.0	0.0
GSM4138110_HNSCC_1_PBMC_CAGCCGAAGCCCAACC	42.04284328398622	80.79315866779505	0.0	0.0	51.102713486448046	0.0	0.0	0.0	0.0	0.0	0.0	5.834841060742952	5.290881154022765	0.0	50.156071199969276	0.0	0.0	0.0	0.0	0.0	0.0	0.0	33.93281279204766	13.100889972733277	0.0	0.0	0.0	0.0	0.0	0.0
GSM4138110_HNSCC_1_PBMC_CAGCCGACATCGACGC	87.82517019234227	27.827872731125456	0.0	45.7643380500275	0.0	41.183538396760355	22.416961356774767	0.0	0.0	0.0	0.0	0.0	0.0	7.178477527393915	0.0	0.0	0.0	0.0	0.0	51.5366624023502	0.0	0.0	0.0	0.0	0.0	0.0	0.0	0.0	0.0	0.0
GSM4138110_HNSCC_1_PBMC_CATATTCTCCGCGTTT	60.573502046945606	65.26785687912123	0.0	0.0	0.0	0.0	0.0	0.0	0.0	19.088607326526606	50.44377854547986	0.0	14.129439806732558	0.0	53.13960731065107	0.0	0.0	0.0	16.455741544769992	0.0	0.0	0.0	0.0	0.0	0.0	0.0	0.0	0.0	0.0	0.0
GSM4138110_HNSCC_1_PBMC_CCAATCCCATTAGCCA	81.89576192638145	64.4330190752944	0.0	76.42675641125355	0.0	21.522824508278372	0.0	0.0	49.03987175762296	0.0	0.0	0.0	18.84445184122273	0.0	0.0	0.0	0.0	0.0	0.0	0.0	0.0	0.0	0.0	0.0	0.0	0.0	0.0	0.0	45.9489931249527	0.0
GSM4138110_HNSCC_1_PBMC_CCACGGAAGATCGGGT	64.83299763428678	46.92055462811815	0.0	0.0	47.816330151841065	0.0	0.43881786226271613	0.0	116.68946528151646	0.0	0.0	47.47718318323392	0.6362506393751607	0.0	0.0	0.0	0.0	0.0	0.0	0.0	0.0	0.0	0.0	0.0	0.0	0.0	0.0	0.0	0.0	0.0
GSM4138110_HNSCC_1_PBMC_CCATGTCAGAGGTAGA	87.92973771658069	43.711662597193545	0.0	0.0	18.434235976877694	0.0	33.914834990622	0.0	87.75727892537628	0.0	0.0	56.39725615230306	0.0	0.0	0.0	0.0	0.0	11.390998949725395	0.0	0.0	0.0	0.0	0.0	0.0	0.0	0.0	0.0	0.0	0.0	0.0
GSM4138110_HNSCC_1_PBMC_CCATGTCCATGCCCGA	99.87281485281201	56.073557090990185	0.0	59.64899390189937	25.836283323490232	0.0	34.89564653129434	0.0	0.0	0.0	0.0	0.0	3.7538740733065854	0.0	0.0	0.0	0.0	0.0	0.0	0.0	0.0	0.0	93.8873086868607	0.0	0.0	0.0	0.0	0.0	0.0	0.0
GSM4138110_HNSCC_1_PBMC_CCGGTAGAGCTCCTCT	37.36994713516648	62.78657226091005	0.0	0.1745866880849544	0.0	0.0	0.0	0.0	0.0	0.0	0.0	0.0	0.0	38.0812945698737	71.84934830546311	8.763984964700464	0.0	48.87233598705488	0.0	0.0	0.0	0.0	0.0	10.065073780434208	0.0	0.0	0.0	0.0	0.0	0.0
GSM4138110_HNSCC_1_PBMC_CCTCTGAAGGGATCTG	65.72125489751926	45.2187032723735	0.0	18.75452398810921	0.0	0.0	14.211417934771765	0.0	0.0	0.0	0.0	14.918949247498881	0.0	55.202253661127415	0.0	0.0	0.0	40.834124988695194	0.0	0.0	0.0	0.0	0.0	0.0	0.0	0.0	0.0	0.0	0.0	0.0
GSM4138110_HNSCC_1_PBMC_CGAACATGTTCGTTGA	65.68751228652683	53.53842880764572	0.0	38.48931339528625	23.042565355519866	0.0	0.0	0.0	0.0	0.0	0.0	28.954830349752868	11.028296957295073	0.0	0.0	0.0	0.0	0.0	0.0	0.0	0.0	0.0	0.0	0.0	0.0	26.962626606644722	0.0	0.0	0.0	0.0
GSM4138110_HNSCC_1_PBMC_CGAACATTCTGTCCGT	47.94115511452117	59.92918432097937	0.0	61.23459610723641	43.47668668444916	0.0	0.0	0.0	0.0	0.0	20.922630100606085	0.0	17.609856127029143	0.0	0.0	0.0	0.0	0.0	0.0	0.0	0.0	44.42872858439677	0.0	0.0	0.0	0.0	0.0	0.0	0.0	0.0
GSM4138110_HNSCC_1_PBMC_CGAATGTAGCGTCTAT	73.24365770985399	75.5703415897141	0.0	18.76551499539181	0.0	0.0	27.413519317283907	0.0	0.0	0.0	0.0	2.690539991649239	0.0	0.0	0.0	0.0	0.0	0.0	29.447478029048778	0.0	0.0	0.0	0.0	0.0	42.65199365925379	0.0	0.0	0.0	0.0	0.0
GSM4138110_HNSCC_1_PBMC_CGGGTCAAGTCTCGGC	79.72693387438969	48.27819907524334	62.00861808072972	43.88350150129699	0.0	0.0	0.0	0.0	0.0	41.875766702736016	0.0	0.0	0.0	0.0	0.0	0.0	0.0	3.2252862135760143	0.0	0.0	0.0	0.0	0.0	10.260308702859234	0.0	0.0	0.0	0.0	0.0	0.0
GSM4138110_HNSCC_1_PBMC_CGTCTACCAAGCGTAG	150.73379661134817	27.988655315783348	0.0	0.0	0.0	0.0	2.6484770307244916	0.0	82.52656144287613	0.0	0.0	0.0	4.950194324597279	0.0	58.38854546116601	0.0	0.0	0.0	0.0	46.86839891867522	0.0	0.0	17.049210765844453	0.0	0.0	0.0	0.0	0.0	0.0	0.0
GSM4138110_HNSCC_1_PBMC_CGTGTCTAGGTCGGAT	77.83741738859757	89.0193992940358	0.0	0.0	0.0	34.5003579097502	44.484167948682796	0.0	20.72697335446223	0.0	22.27786529891443	35.18752152373804	0.0	0.0	0.0	38.78124363034162	22.834870489979416	0.0	0.0	0.0	0.0	0.0	0.0	0.0	0.0	0.0	0.0	0.0	0.0	0.0
GSM4138110_HNSCC_1_PBMC_CGTTAGACATCCAACA	45.15506508098736	30.544031840118002	0.0	111.70748148787376	0.0	0.0	0.0	0.0	0.0	0.0	0.0	0.0	0.0	0.0	0.0	13.248370367827082	0.0	0.0	0.0	0.0	0.0	7.625464964265549	15.760072625129924	11.7151954620295	0.0	0.0	0.0	0.0	0.0	0.0
GSM4138110_HNSCC_1_PBMC_CGTTGGGCATATGCTG	28.519044906631304	38.19209978627811	57.05638255622091	0.0	0.0	0.0	0.0	0.0	0.0	0.0	0.0	0.0	7.977140202049645	0.0	0.0	31.6834097175075	0.0	0.0	60.18702513992977	0.0	0.0	0.0	0.0	0.0	0.0	0.0	0.0	0.0	0.0	0.0
GSM4138110_HNSCC_1_PBMC_CTAATGGTCTCGCTTG	80.78118814862773	47.73735950189986	0.0	0.0	0.0	32.453268751407094	30.539389512288775	0.0	0.0	0.0	45.39973271889424	0.0	0.0	0.0	0.0	0.0	14.601549217973771	0.0	0.0	0.0	0.0	0.0	0.0	0.0	0.0	0.0	0.0	0.0	0.0	0.0
GSM4138110_HNSCC_1_PBMC_CTACATTTCACCAGGC	54.97737802734417	59.733391822432324	0.0	45.27765435501205	0.0	0.0	24.260688976374524	0.0	48.64938853705287	0.0	0.0	0.0	0.0	0.0	0.0	0.0	0.0	55.90780159850894	0.0	0.0	0.0	0.0	0.0	0.0	0.0	0.0	0.0	0.0	0.0	0.0
GSM4138110_HNSCC_1_PBMC_CTACGTCTCGAACGGA	36.93410660303474	68.0486787325149	55.218584942491745	0.0	0.0	0.0	29.568844920108134	0.0	0.0	0.0	0.0	0.0	0.0	0.0	0.0	24.460593078654426	0.0	0.0	0.0	0.0	0.0	0.0	14.172820525826424	0.0	0.0	0.0	0.0	0.0	0.0	0.0
GSM4138110_HNSCC_1_PBMC_CTAGAGTCACTTACGA	46.675115671507854	53.62121285818507	0.0	44.29508667257768	0.0	13.888970847897335	3.174013466229592	0.0	76.55138727667317	0.0	0.0	0.0	11.634241991483439	0.0	0.0	24.454976870030368	0.0	0.0	0.0	0.0	0.0	0.0	0.0	0.0	0.0	0.0	0.0	0.0	0.0	0.0
GSM4138110_HNSCC_1_PBMC_CTCAGAATCCGGGTGT	70.48240931998694	56.3632200163863	0.0	35.38179400540383	28.375157923863092	0.0	0.0	0.0	0.0	0.0	0.0	0.0	17.917426423247047	70.24040485902458	0.0	0.0	0.0	0.0	0.0	0.0	0.0	0.0	0.0	0.0	0.0	0.0	0.0	0.0	0.0	0.0
GSM4138110_HNSCC_1_PBMC_CTCGGGATCAATACCG	40.3804994578183	28.585695669808544	0.0	86.37010474248198	0.0	0.0	4.991893144886203	0.0	0.0	0.0	28.407888082364916	0.0	0.0	150.98391321605916	0.0	23.877064254930733	0.0	0.0	0.0	0.0	0.0	0.0	0.0	16.36240818524378	0.0	0.0	0.0	0.0	0.0	0.0
GSM4138110_HNSCC_1_PBMC_CTCGTACAGATCGGGT	122.14403027583201	143.92682747567812	0.0	0.0	203.94507510781537	0.0	36.394927381542296	0.0	0.0	0.0	0.0	0.0	8.936283738389522	0.0	0.0	0.0	129.1550087967949	0.0	0.0	0.0	0.0	176.88485449746182	0.0	0.0	0.0	0.0	0.0	0.0	0.0	0.0
GSM4138110_HNSCC_1_PBMC_CTCGTACTCTGTCCGT	65.32293042418385	68.15753347952575	86.78349391097932	0.0	0.0	0.0	10.376249802276577	69.112453641985	0.0	0.0	43.727662547901474	0.0	0.0	0.0	0.0	0.0	0.0	0.0	0.0	0.0	0.0	0.0	0.0	6.652050276047278	0.0	0.0	0.0	0.0	0.0	0.0
GSM4138110_HNSCC_1_PBMC_CTCTGGTAGGCGTACA	46.357224282170726	41.56507044274075	46.49401626590238	0.0	9.425632249154345	0.0	14.616996901476647	0.0	0.0	27.04301881889752	0.0	0.0	5.369149651357324	0.0	0.0	0.0	0.0	0.0	0.0	0.0	0.0	0.0	0.0	0.0	0.0	0.0	0.0	6.771550486299673	0.0	0.0
GSM4138110_HNSCC_1_PBMC_CTGAAACTCCGAGCCA	31.094728177459	21.392698052238224	0.0	17.228518665716727	0.0	0.0	0.0	0.0	0.0	0.0	0.0	0.0	0.0	0.0	26.334549320913474	0.0	0.0	56.08721462971255	0.0	0.0	0.0	0.0	73.21263470207258	20.085684892417	0.0	0.0	0.0	0.0	0.0	0.0
GSM4138110_HNSCC_1_PBMC_CTGAAGTAGCGATCCC	38.95216916492705	59.14935002744583	0.0	55.28074012616864	0.0	0.0	0.0	0.0	0.0	45.442989591932225	0.0	0.0	27.487960321985867	0.0	0.0	0.0	0.0	0.0	0.0	0.0	42.825719938422075	0.0	0.0	0.0	0.0	0.0	0.0	0.0	0.0	0.0
GSM4138110_HNSCC_1_PBMC_CTGATAGAGATCTGCT	43.29667042205421	46.265984234444645	0.0	25.71866099798851	41.64003524797875	0.0	0.0	47.50048555482399	0.0	0.0	0.0	0.0	0.0	0.0	0.0	0.0	0.0	0.0	0.0	14.461776644208152	0.0	0.0	0.0	20.322456545302185	0.0	0.0	0.0	0.0	31.189639678859674	0.0
GSM4138110_HNSCC_1_PBMC_CTGATAGAGCCTTGAT	60.85845687836139	67.65185514024357	60.35510617666619	0.0	0.0	0.0	27.818221107569222	0.0	42.92943533814816	0.0	54.61064398734383	0.0	0.0	0.0	0.0	0.0	0.0	0.0	0.0	0.0	0.0	0.0	14.484572206630142	0.0	0.0	0.0	0.0	0.0	0.0	0.0
GSM4138110_HNSCC_1_PBMC_CTGCCTAAGGTGCTTT	86.06376191269764	108.66192524438625	0.0	0.0	0.0	0.0	16.070056343151947	0.0	0.0	0.0	0.0	0.0	0.0	0.0	92.68842585493043	27.687717554149916	0.0	0.0	0.0	0.0	0.0	16.161692579505097	0.0	0.0	0.0	0.0	0.0	0.0	0.0	0.0
GSM4138110_HNSCC_1_PBMC_CTGCCTATCACGACTA	36.871639179549256	51.17960126987525	0.0	47.829590037103884	0.0	0.0	9.013323204182097	0.0	39.851446555250966	0.0	0.0	0.0	0.0	0.0	0.0	12.206351896669748	0.0	0.0	41.33279396933121	0.0	0.0	0.0	0.0	0.0	3.8249760201710483	0.0	0.0	0.0	0.0	0.0
GSM4138110_HNSCC_1_PBMC_CTGGTCTTCGAGAACG	21.522014741063487	33.7962260693679	0.0	38.4188190081114	0.0	0.0	10.260169077233263	0.0	36.80431849061223	0.0	0.0	0.0	0.0	0.0	0.0	0.0	0.0	0.0	0.0	0.0	0.0	0.0	0.0	0.0	50.58328773404878	0.0	0.0	0.0	0.0	0.0
GSM4138110_HNSCC_1_PBMC_CTGTTTAAGTGGAGTC	29.887708213143092	45.28659067808654	68.4152538697812	0.0	0.0	0.0	9.180634428914523	0.0	0.0	0.0	0.0	0.0	0.0	0.0	0.0	46.657978789983545	0.0	0.0	0.0	0.0	0.0	0.0	0.0	7.453527399684884	0.0	0.0	21.599561942378784	0.0	0.0	0.0
GSM4138110_HNSCC_1_PBMC_GAACATCTCCCTAATT	85.58525677867641	103.03219858818998	0.0	0.0	22.04172556664462	0.0	0.0	0.0	60.74846511769912	0.0	0.0	0.0	43.42808855882734	0.0	99.1770354083402	0.0	0.0	0.0	0.0	0.0	0.0	0.0	9.868729728852257	0.0	27.880945901295743	0.0	0.0	0.0	0.0	0.0
GSM4138110_HNSCC_1_PBMC_GAACCTATCTGAGGGA	42.74705056252265	36.49799038250122	0.0	47.193826862212326	11.189591499505797	0.0	0.0	58.28137207542117	0.0	0.0	0.0	0.0	12.361350613268275	0.0	0.0	0.0	0.0	0.0	0.0	16.71221130380962	0.0	0.0	0.0	0.0	0.0	0.0	0.0	0.0	0.0	0.0
GSM4138110_HNSCC_1_PBMC_GAATGAATCAGTTAGC	22.294976204824415	62.922004869615435	0.0	0.0	0.0	50.88717775109367	13.00412580604799	0.0	0.0	0.0	0.0	11.796265356041976	0.0	0.0	0.0	6.253540557475133	3.582459997329215	46.665133591961215	0.0	0.0	0.0	0.0	0.0	0.0	0.0	0.0	0.0	0.0	0.0	0.0
GSM4138110_HNSCC_1_PBMC_GATCGATAGTACACCT	103.28335107876862	44.21399652938244	0.0	0.0	32.824961868848334	28.37274272108592	0.0	0.0	0.0	0.0	0.0	44.10449368161833	0.0	0.0	0.0	0.0	0.0	0.0	0.0	0.0	0.0	12.787663253760492	0.0	22.427023457566975	0.0	0.0	0.0	0.0	0.0	0.0
GSM4138110_HNSCC_1_PBMC_GATCGATTCAGCATGT	88.03205870135616	59.647860203973664	89.6235548914633	0.0	66.09596312306472	0.0	17.632896839556377	0.0	32.4336886954826	22.62491178685758	0.0	0.0	0.0	0.0	0.0	0.0	2.3032921311354926	0.0	0.0	0.0	0.0	0.0	15.432307050434218	0.0	0.0	0.0	0.0	0.0	0.0	0.0
GSM4138110_HNSCC_1_PBMC_GATGAAATCCAAGCCG	36.294659954215376	80.59647108861412	23.10357689128097	0.0	0.0	0.0	0.0	0.0	61.865247515291955	0.0	0.0	0.0	17.793875552366423	0.0	0.0	0.0	0.0	0.0	0.0	81.21396576513722	0.0	0.0	0.0	0.0	0.0	0.0	0.0	0.0	0.0	0.0
GSM4138110_HNSCC_1_PBMC_GCACATAAGGTGTGGT	55.320526957128536	47.75520261168684	6.112848676171396	40.37062344905365	95.34374113467777	0.0	7.7921740397833315	0.0	0.0	0.0	0.0	0.0	0.0	33.21008410980071	0.0	0.0	0.0	0.0	0.0	22.452361092921326	0.0	0.0	0.0	3.062975025390925	0.0	3.462210265207471	0.0	0.0	0.0	0.0
GSM4138110_HNSCC_1_PBMC_GCACTCTGTACAGTGG	13.758052169685177	33.27859077685845	0.0	38.86379613389299	65.99064400184527	0.0	24.81012340286924	0.0	0.0	161.63565087728765	0.0	0.0	0.0	0.0	0.0	0.0	0.0	0.0	0.0	0.0	0.0	0.0	0.0	0.0	0.0	0.0	0.0	0.0	0.0	0.0
GSM4138110_HNSCC_1_PBMC_GCCTCTAAGTTAAGTG	41.29336996000878	33.049166751994086	40.434256745924735	0.0	29.307603009115077	0.0	0.0	0.0	0.0	39.30300611188035	0.0	0.0	0.0	0.0	0.0	0.0	0.0	0.0	0.0	0.0	0.0	0.0	0.0	13.97940285718246	0.0	0.0	5.610079857013477	0.0	0.0	0.0
GSM4138110_HNSCC_1_PBMC_GCCTCTAGTTGAACTC	73.49587920265716	39.572672465839545	0.0	0.0	38.693302234111165	0.0	0.0	43.9584493162242	0.0	0.0	0.0	29.345153983026897	8.284407010431226	0.0	0.0	0.0	15.255175534509402	0.0	0.0	0.0	0.0	0.0	0.0	0.0	0.0	0.0	0.0	0.0	0.0	0.0
GSM4138110_HNSCC_1_PBMC_GCGAGAAAGTGACATA	69.79733819245462	47.32289800691861	145.8351702894585	0.0	8.452536123378367	0.0	13.373514105845988	0.0	0.0	0.0	6.312213832455458	0.0	0.0	0.0	0.0	0.0	0.0	8.499777353312043	0.0	0.0	0.0	0.0	0.0	0.0	0.0	0.0	69.70046005034831	0.0	0.0	0.0
GSM4138110_HNSCC_1_PBMC_GCTGCAGGTCCTCTTG	13.296375338289817	61.67662107889692	63.183001967113604	0.0	8.600922328668851	0.0	0.0	68.10947884872944	0.0	0.0	0.0	0.0	26.672596603273746	0.0	0.0	0.0	0.0	5.007073204177608	0.0	0.0	7.6457102778766215	0.0	0.0	0.0	0.0	0.0	0.0	0.0	0.0	0.0
GSM4138110_HNSCC_1_PBMC_GGAAAGCAGTCAATAG	48.604819671724194	53.350170961927965	0.0	74.89531289610132	0.0	0.0	0.0	79.0847109481094	0.0	0.0	40.75143024175431	0.0	13.535601074134231	0.0	0.0	0.0	0.0	0.0	0.0	0.0	0.0	0.0	0.0	0.0	0.0	0.0	0.0	0.0	0.0	0.0
GSM4138110_HNSCC_1_PBMC_GGAACTTGTTTACTCT	57.574981947346075	28.433274049713088	0.0	0.0	0.0	35.12822081057719	0.0	0.0	0.0	0.0	0.0	48.42354677363298	20.158602604459467	0.0	0.0	10.164696608171882	1.7764220738833747	27.538097096489512	0.0	0.0	0.0	0.0	0.0	0.0	0.0	0.0	0.0	0.0	0.0	0.0
GSM4138110_HNSCC_1_PBMC_GGCAATTGTCCTCTTG	28.165293721044915	94.04054493961502	6.16609136888265	0.0	19.388118714140912	0.0	19.12029035269756	0.0	0.0	0.0	0.0	0.0	2.210375929682648	0.0	0.0	0.0	0.0	0.0	0.0	20.534985982499993	0.0	0.0	44.0155146400205	0.0	0.0	0.0	0.0	0.0	4.916448490687631	0.0
GSM4138110_HNSCC_1_PBMC_GGGACCTAGGCCCTTG	39.79154092872612	67.81286280519896	0.0	0.0	13.239964793488435	43.15818201957861	0.0	0.0	0.0	0.0	0.0	31.237917935609556	17.62132162969508	0.0	0.0	0.0	6.43833827379902	0.0	0.0	0.0	0.0	0.0	0.0	0.0	0.0	0.0	0.0	0.0	0.0	0.0
GSM4138110_HNSCC_1_PBMC_GGGACCTTCGTCCAGG	44.692793639242964	32.702072984913514	0.0	14.946696946652356	0.0	0.0	0.0	0.0	0.0	67.59080609212268	0.0	18.116297795115713	16.008487946464268	0.0	0.0	0.0	0.0	0.0	0.0	0.0	45.31939395843338	0.0	0.0	0.0	0.0	0.0	0.0	0.0	0.0	0.0
GSM4138110_HNSCC_1_PBMC_GGGATGACAATGGTCT	37.659007484671235	27.882169013698583	0.0	0.0	13.5829470856846	0.0	14.449921841271795	0.0	0.0	25.88428838562138	0.0	76.31419961998702	0.0	0.0	0.0	0.0	0.0	0.0	35.52403206848671	0.0	0.0	0.0	0.0	0.0	0.0	0.0	0.0	0.0	0.0	0.0
GSM4138110_HNSCC_1_PBMC_GGGCACTGTCTAGGTT	84.46871030414923	65.52370781790958	82.0893588492884	0.0	49.015684072042205	0.0	1.9491716170214506	0.0	69.54729405168484	0.0	0.0	0.0	20.582027642094232	0.0	0.0	0.0	0.0	0.0	0.0	0.0	0.0	0.0	0.0	0.0	0.0	0.0	0.0	0.0	0.0	0.0
GSM4138110_HNSCC_1_PBMC_GGTATTGTCCTTCAAT	30.045016287647822	46.358497312589556	0.0	0.0	75.67083903378426	0.0	0.0	0.0	0.0	0.0	0.0	59.00389246715108	0.0	0.0	0.0	0.0	0.0	0.0	0.0	0.0	0.0	0.0	0.0	32.68606979635081	0.0	0.0	0.0	33.964312893169954	0.0	0.0
GSM4138110_HNSCC_1_PBMC_GGTGTTACAATCCAAC	31.740248936330993	61.074928642066425	0.0	0.9749385483217842	0.0	0.0	0.0	34.02159452373399	0.0	0.0	0.0	0.0	15.311216099389068	0.0	50.35544255102122	0.0	0.0	0.0	0.0	36.761174962006024	0.0	0.0	0.0	0.0	0.0	0.0	0.0	0.0	0.0	0.0
GSM4138110_HNSCC_1_PBMC_GGTGTTACAGCCACCA	40.45803599902766	40.34817785329257	0.0	55.87361974302117	0.0	0.0	0.0	15.184431213763371	44.86192061779796	0.0	22.1097204111621	0.0	37.15790635931044	0.0	0.0	5.870992931976479	0.0	0.0	0.0	0.0	0.0	0.0	0.0	0.0	0.0	0.0	0.0	0.0	0.0	0.0
GSM4138110_HNSCC_1_PBMC_GTAACGTTCGTATCAG	98.96498030649585	80.02241828546231	71.8941155069108	0.0	0.0	113.9411700832024	33.10676946240472	0.0	0.0	0.0	44.328622790103545	0.0	0.0	0.0	0.0	36.890419042416404	0.0	0.0	0.0	0.0	0.0	0.0	0.0	0.0	0.0	0.0	0.0	0.0	0.0	0.0
GSM4138110_HNSCC_1_PBMC_GTATTCTTCTTCCTTC	48.526597420422384	54.68554807915812	0.0	58.120546308012834	0.0	14.921765543253464	21.614110454811406	0.0	41.263115480512816	0.0	0.0	0.0	0.0	0.0	0.0	28.51731422449917	0.0	15.323174822675648	0.0	0.0	0.0	0.0	0.0	0.0	0.0	0.0	0.0	0.0	0.0	0.0
GSM4138110_HNSCC_1_PBMC_GTCAAGTGTGGGTATG	56.25148899992333	50.90963848261685	0.0	66.19503307842385	0.0	40.317330289332254	10.152318894511126	0.0	0.0	0.0	58.320470055847565	0.0	0.0	0.0	0.0	0.0	0.0	0.0	0.0	0.0	0.0	0.0	0.0	3.641474290348381	0.0	0.0	0.0	0.0	0.0	0.0
GSM4138110_HNSCC_1_PBMC_GTCACGGGTGCAACGA	35.0903149731254	21.404478193524177	502.4498528785166	0.0	961.6788112486893	0.0	0.0	0.0	0.0	0.0	0.0	0.0	0.0	0.0	0.0	0.0	0.0	0.0	0.0	0.0	0.0	0.0	53.2532244972121	0.0	0.0	0.0	0.0	0.0	0.0	0.0
GSM4138110_HNSCC_1_PBMC_GTGCGGTCAAGGTGTG	36.717061846684906	48.97305783832312	82.2336213602016	0.0	43.31008058710834	0.0	1.9376912296179185	0.0	0.0	0.0	33.93510350997508	0.0	0.0	0.0	0.0	0.0	0.0	0.0	0.0	0.0	0.0	66.30531071288685	0.0	0.0	0.0	0.0	0.0	0.0	0.0	0.0
GSM4138110_HNSCC_1_PBMC_GTGTGCGAGGAGCGAG	42.046475893974595	21.373701903381313	39.630834577995486	0.0	28.00270849688665	4.793406800213162	11.963194363969112	0.0	0.0	0.0	0.0	0.0	0.0	123.2698466557899	0.0	0.0	0.0	0.0	0.0	0.0	0.0	0.0	0.0	0.0	0.0	0.0	0.0	0.0	0.0	0.0
GSM4138110_HNSCC_1_PBMC_GTGTGCGCAAGTCATC	41.60975259924569	60.860190646390926	95.60749408015978	0.0	19.279316218284684	0.0	0.0	0.0	0.0	0.0	0.0	9.612554793023392	0.0	0.0	0.0	3.768621393963379	0.0	0.0	0.0	0.0	0.0	0.0	48.425006692965844	13.949168496911422	0.0	0.0	0.0	0.0	0.0	0.0
GSM4138110_HNSCC_1_PBMC_TAAACCGTCATCTGTT	72.2461452816296	39.8806799533325	0.0	0.0	0.0	0.0	15.953748209045346	0.0	0.0	0.0	0.0	0.0	0.0	44.47869492337006	75.20769715446052	0.0	0.0	0.0	0.0	20.67772543814993	0.0	0.0	0.0	0.0	0.0	0.0	0.0	0.0	9.00581121608796	0.0
GSM4138110_HNSCC_1_PBMC_TAAGCGTCAATGGATA	62.281261522756914	46.61518815500249	41.361810779579315	0.0	0.0	66.11696098941634	45.348092071451035	0.0	0.0	0.0	80.22003634118096	0.0	0.0	0.0	0.0	0.0	0.0	0.0	0.0	0.0	0.0	0.0	0.0	0.0	0.0	0.0	0.0	0.0	0.0	0.0
GSM4138110_HNSCC_1_PBMC_TACACGATCCTGCCAT	74.00100657753944	53.97332870396532	0.0	0.0	0.0	63.604275379794224	42.94848771621218	0.0	0.0	0.0	0.0	65.80463951671905	0.0	0.0	0.0	55.17051057896444	0.0	43.88366825137677	0.0	0.0	0.0	1.0461388215045175	0.0	22.843677876117933	0.0	0.0	0.0	0.0	0.0	0.0
GSM4138110_HNSCC_1_PBMC_TACCTTAAGGCTAGAC	82.52533939548994	68.00303437322346	55.068840995500295	0.0	22.333281345994845	0.0	24.849616277529073	0.0	0.0	49.42507403250349	0.0	0.0	0.0	0.0	0.0	0.0	0.0	0.0	0.0	7.046719504736857	0.0	0.0	0.0	0.0	0.0	0.0	0.0	0.0	0.0	0.0
GSM4138110_HNSCC_1_PBMC_TACGGATCAGGGTATG	42.476281907990995	55.734701277041125	0.0	24.790540137115695	0.0	59.15501271904818	0.0	0.0	0.0	0.0	25.81376170845919	38.30973412798875	17.27611991833948	0.0	0.0	9.04717256499637	0.0	0.0	0.0	0.0	0.0	0.0	0.0	0.0	0.0	0.0	0.0	0.0	0.0	0.0
GSM4138110_HNSCC_1_PBMC_TAGAGCTCAGATGGCA	51.117585650204916	40.363766641307066	50.29271139834585	0.0	0.0	0.0	12.245250324113307	0.0	0.0	0.0	0.0	0.0	0.0	0.0	0.0	0.0	0.0	0.0	0.0	0.0	0.0	39.30297924897449	0.0	0.0	68.32169908876699	0.0	0.0	0.0	0.0	0.0
GSM4138110_HNSCC_1_PBMC_TAGCCGGAGAAGGCCT	65.36765824673823	35.20819192502392	60.28819494337789	0.0	0.0	16.361610855326276	0.0	0.0	0.0	0.0	38.38558321423898	0.0	21.84520923246456	0.0	0.0	0.0	0.0	0.0	0.0	13.57522136266077	0.0	38.52560629577437	0.0	0.0	0.0	0.0	0.0	0.0	0.0	0.0
GSM4138110_HNSCC_1_PBMC_TATCTCAAGGTGCACA	37.44272267271497	65.80548370813173	0.0	0.0	34.16583943193415	25.927736626647047	16.606973643158447	0.0	0.0	0.0	0.0	10.87458726909435	0.0	0.0	0.0	0.0	19.402448804185127	0.0	0.0	0.0	0.0	0.0	0.0	0.6675465944145502	0.0	0.0	0.0	0.0	0.0	0.0
GSM4138110_HNSCC_1_PBMC_TCACAAGGTTCATGGT	56.786685243194036	26.734827791006058	39.4038122218102	0.0	17.15869653138683	0.0	9.576976830892836	0.0	43.28155786361859	0.0	0.0	0.0	0.0	0.0	0.0	0.0	0.0	0.0	0.0	0.0	0.0	0.0	16.52252325534288	0.0	1.0354930259163222	0.0	0.0	0.0	0.0	0.0
GSM4138110_HNSCC_1_PBMC_TCACAAGTCTTGACGA	144.36128553528582	473.71962427983846	142.4113811767583	0.0	44.141093214085735	0.0	0.0	112.81463904849213	0.0	0.0	0.0	0.0	0.0	0.0	0.0	0.0	0.0	0.0	0.0	0.0	0.0	78.59849324088593	0.0	38.26858957102162	196.7496705605681	0.0	0.0	0.0	0.0	0.0
GSM4138110_HNSCC_1_PBMC_TCGAGGCTCGGAAATA	57.92304622397931	51.13334208438924	9.297070697065967	0.0	38.48405197330455	0.0	0.0	0.0	0.0	76.59016469842568	0.0	0.0	14.718022279188041	0.0	68.67666713085347	0.0	0.0	0.0	0.0	0.0	0.0	0.0	0.0	4.43801451050815	0.0	0.0	0.0	0.0	0.0	0.0
GSM4138110_HNSCC_1_PBMC_TCTATTGGTTTAGGAA	54.00741515923759	59.92366888087363	0.0	0.0	0.0	0.0	14.371486504256461	0.0	16.218425531242918	0.0	34.81469617091701	54.74029898542055	0.0	24.080169054425667	0.0	0.0	0.0	0.0	5.502727456918418	0.0	0.0	0.0	0.0	0.0	0.0	0.0	0.0	0.0	0.0	0.0
GSM4138110_HNSCC_1_PBMC_TCTATTGTCATCTGCC	79.01458018860889	36.20880949798236	0.0	9.109045299398128	0.0	0.0	1.6177317252396273	0.0	0.0	16.766116385501075	26.070359975662303	0.0	0.0	0.0	0.0	0.0	0.0	0.0	0.0	10.762034782550636	0.0	0.0	0.0	0.0	0.0	0.0	0.0	0.0	0.0	0.0
GSM4138110_HNSCC_1_PBMC_TCTTCGGCACCCTATC	58.413873420953564	66.22506802680338	85.63555407688172	0.0	0.0	0.0	0.0	50.94168621244944	0.0	0.0	27.459094273645675	0.0	0.0	0.0	0.0	0.0	0.0	0.0	0.0	0.0	0.0	0.0	0.0	7.271650029335529	0.0	0.0	0.0	0.0	0.0	0.0
GSM4138110_HNSCC_1_PBMC_TGGGCGTTCACAGGCC	0.0	0.0	0.0	0.0	0.0	0.0	0.0	0.0	0.0	0.0	0.0	0.0	0.0	0.0	0.0	236.77013664334714	0.0	1816.1610808315947	0.0	0.0	642.2642740596808	0.0	0.0	0.0	0.0	0.0	0.0	0.0	0.0	0.0
GSM4138110_HNSCC_1_PBMC_TGTGTTTGTTAAAGAC	52.78326864827173	88.59210623521425	102.24276402902397	0.0	33.516704145179965	0.0	0.0	96.47879794173735	0.0	0.0	0.0	0.0	0.0	0.0	0.0	0.0	0.0	0.0	0.0	0.0	95.51735887267012	0.0	0.0	24.2471800242787	6.373065894838685	0.0	0.0	0.0	0.0	0.0
GSM4138110_HNSCC_1_PBMC_TGTTCCGCACGGCGTT	220.16065805718551	178.44279907846217	89.1854411511418	37.519815459981004	149.30654793357905	44.68618588992272	38.18129233529235	0.0	124.59137065986731	0.0	0.0	0.0	0.0	0.0	0.0	0.0	0.0	0.0	0.0	0.0	0.0	0.0	0.0	0.0	0.0	0.0	0.0	0.0	0.0	0.0
GSM4138110_HNSCC_1_PBMC_TTAGGCAAGGCTAGCA	68.80191319664424	66.29516524937851	0.0	52.87878419598359	42.53612456028455	0.0	33.00772710081265	0.0	0.0	0.0	0.0	0.0	0.0	0.0	0.0	0.0	0.0	0.0	0.0	0.0	0.0	0.0	0.0	0.0	0.0	0.0	41.81226697301269	0.0	0.0	0.0
GSM4138110_HNSCC_1_PBMC_TTCCCAGCACATGGGA	12.390959775094437	110.83428532174409	53.718097443888844	0.0	0.0	0.0	5.546469797184304	0.0	0.0	0.0	0.0	0.0	0.0	0.0	0.0	0.0	0.0	30.54944656215138	0.0	0.0	41.56286861990535	0.0	0.0	0.0	0.0	0.0	0.0	35.80964946845398	0.0	0.0
GSM4138110_HNSCC_1_PBMC_TTCGGTCAGACCCACC	66.74458541191146	27.815579446619374	33.68474749473773	0.0	0.0	0.0	13.065353252944917	0.0	55.567711301275416	0.0	0.0	0.0	0.0	0.0	0.0	20.064063663313316	0.0	0.0	0.0	0.0	0.0	0.0	0.0	0.0	0.0	0.0	0.0	0.0	0.0	0.0
GSM4138110_HNSCC_1_PBMC_TTCTCCTTCCTCAATT	47.085406865191715	89.41147165239764	0.0	73.35081116769628	38.43990182630707	32.06455334820692	17.006486684912453	0.0	0.0	0.0	0.0	0.0	3.935585484558038	0.0	0.0	0.0	0.0	0.0	0.0	0.0	0.0	0.0	0.0	0.0	0.0	0.0	0.0	0.0	0.0	0.0
GSM4138110_HNSCC_1_PBMC_TTGAACGGTCGAAAGC	41.88358048892605	43.21745938169864	0.0	45.99790972547664	0.0	0.0	12.13401921988846	47.16189090386096	0.0	0.0	0.0	0.0	0.0	0.0	0.0	0.0	0.0	0.0	0.0	28.616495663986406	0.0	0.0	0.0	0.0	0.0	0.0	0.0	0.0	0.0	0.0
GSM4138110_HNSCC_1_PBMC_TTGCCGTAGTCAAGCG	41.19197221703446	53.388299096876544	0.0	52.940206911368804	0.0	0.0	0.0	0.0	83.9819416052917	0.0	8.542656867592894	2.7173457128152916	0.0	0.0	0.0	0.0	0.0	0.0	0.0	0.7009004341790809	26.02571270990988	0.0	0.0	13.421118871614805	0.0	0.0	0.0	0.0	0.0	0.0
GSM4138110_HNSCC_1_PBMC_TTGCGTCTCAAGGCTT	49.69264147739959	80.54005978455481	0.0	72.50589967532962	33.80996453744653	0.0	24.21900854905529	0.0	0.0	30.867836741492212	0.0	0.0	0.8013379775375107	0.0	0.0	0.0	0.0	0.0	0.0	0.0	0.0	0.0	0.0	0.0	0.0	0.0	17.896534998890978	0.0	0.0	0.0
GSM4138110_HNSCC_1_PBMC_TTTATGCGTGCATCTA	31.39841196857851	46.37857474390752	0.0	61.22728439326888	0.0	0.0	6.898177638210731	0.0	32.19442789482647	0.0	0.0	0.0	0.0	0.0	0.0	9.817315667753387	0.0	0.0	0.0	0.0	0.0	0.0	0.0	0.0	0.0	0.0	0.0	0.0	0.0	0.0
GSM4138110_HNSCC_1_PBMC_TTTGCGCTCTTGTACT	63.49745266611997	64.04545390315347	0.0	24.127428784256544	0.0	0.0	1.8487893363569534	73.5180904316423	0.0	0.0	20.609799899505376	0.0	0.0	0.0	0.0	0.0	0.0	0.0	0.0	0.0	0.0	0.0	0.0	15.401240830136645	0.0	0.0	0.0	0.0	0.0	0.0
GSM4138110_HNSCC_1_PBMC_TTTGGTTCACTTCTGC	62.893868512173455	90.41543379681417	0.0	122.04485178933861	0.0	0.0	37.68587192891812	0.0	0.0	38.238206473082926	0.0	0.0	0.0	0.0	0.0	0.0	0.0	0.0	27.60483743609018	0.4945332448770547	46.32762922718705	0.0	0.0	0.0	0.0	0.0	0.0	0.0	0.0	0.0
GSM4138110_HNSCC_1_PBMC_CTACACCAGTTGTAGA	185.10018264571056	85.1565452588396	43.83363714993951	0.0	73.00253371974804	0.0	0.0	124.46185915914522	0.0	0.0	0.0	0.0	21.944857372410812	0.0	21.98390472688253	0.0	0.0	0.0	0.0	0.0	0.0	0.0	0.0	0.0	0.0	0.0	0.0	0.0	0.0	0.0
GSM4138110_HNSCC_1_PBMC_AACTGGTGTCAGAATA	57.72294372394799	21.858703285198448	0.0	65.73762040551911	0.0	0.0	0.0	43.558334290510224	0.0	0.0	0.0	0.0	0.0	0.0	0.0	0.0	0.0	0.0	0.0	0.0	0.0	0.0	0.0	12.170900989146407	26.525524214678736	0.0	0.0	0.0	0.0	0.0
GSM4138110_HNSCC_1_PBMC_AAACGGGTCCTCAACC	54.87497527813853	59.83555104637088	0.0	48.609638381396174	0.0	0.0	11.407139516911604	0.0	0.0	0.0	0.0	0.0	0.0	40.18521620452082	0.0	27.44563424865489	0.0	2.3575655697154403	0.0	0.0	0.0	0.0	0.0	0.0	0.0	0.0	0.0	0.0	0.0	0.0
GSM4138110_HNSCC_1_PBMC_AAGGCAGAGGCGTACA	34.540316304971405	87.1351706669316	0.0	67.35072586508774	1.3328998120759061	8.610335694161714	8.569173730271382	0.0	0.0	0.0	17.872646347200693	0.0	0.0	0.0	0.0	0.0	0.0	0.0	0.0	0.0	0.0	0.0	40.281252471705045	21.50379688046057	0.0	0.0	0.0	0.0	0.0	0.0
GSM4138110_HNSCC_1_PBMC_ACATGGTCAATGGAGC	68.22433380518245	49.481621439773555	0.0	0.0	37.27722240092458	42.00467194407351	27.52545857191118	0.0	0.0	0.0	0.0	81.46255085453326	0.0	0.0	0.0	0.0	0.0	0.0	0.0	0.0	0.0	0.0	0.0	0.0	0.0	0.0	0.0	0.0	0.0	0.0
GSM4138110_HNSCC_1_PBMC_ACGATGTGTTATCACG	50.95884716413239	73.51442374963433	39.77542273459306	0.0	0.0	0.0	21.503527089718677	0.0	0.0	0.0	0.0	0.0	0.0	0.0	0.0	24.327189034495312	0.0	0.0	0.0	0.0	0.0	0.0	40.37788061449039	0.0	0.0	0.0	0.0	0.0	0.0	0.0
GSM4138110_HNSCC_1_PBMC_ACGGCCATCTCCCTGA	82.33055801478983	97.4587563656974	0.0	63.90428230735778	12.815179594560975	0.0	30.430218286189287	0.0	0.0	0.0	0.0	0.0	0.0	83.9035906935665	0.0	0.0	0.0	0.0	0.0	0.0	45.799822551596094	0.0	0.0	0.0	0.0	0.0	0.0	0.0	0.0	0.0
GSM4138110_HNSCC_1_PBMC_AGCTCTCTCATTGCCC	99.29583041632117	66.14594151390511	0.0	0.0	118.43646380817096	0.0	0.0	0.0	0.0	0.0	0.0	0.0	5.538072054774467	0.0	81.88391026211374	0.0	0.0	3.9454664173722933	47.49845447350757	0.0	0.0	0.0	0.0	63.66879606331752	0.0	0.0	0.0	26.826181609682024	0.0	0.0
GSM4138110_HNSCC_1_PBMC_AGGTCATTCTCTAGGA	79.33506163353967	48.36453386553234	0.0	0.0	0.0	0.0	0.0	52.277685686419815	0.0	0.0	0.0	60.75646078807465	7.258615572358189	0.0	0.0	51.45949285905405	0.0	0.0	0.0	0.0	0.0	0.0	0.0	0.5484774818634816	7.1176688691374235	0.0	0.0	0.0	0.0	0.0
GSM4138110_HNSCC_1_PBMC_ATAGACCTCTGGTGTA	74.84010427914858	42.09388207382143	38.27241239706157	0.0	0.0	0.0	19.37272491791743	0.0	0.0	0.0	0.0	0.0	0.0	0.0	0.0	0.0	0.0	0.0	0.0	0.0	0.0	108.28813928058561	0.0	0.0	39.17115097005805	0.0	0.0	0.0	0.0	0.0
GSM4138110_HNSCC_1_PBMC_ATAGACCTCTTCCTTC	55.6115617085403	46.10898885094336	0.0	0.0	0.0	27.601680433141656	0.11106486133249589	0.0	0.0	0.0	0.0	6.9487924943131105	10.686597292272888	0.0	15.299984480171194	0.0	0.0	0.0	0.0	0.0	0.0	0.0	0.0	0.0	41.81828348993414	0.0	0.0	0.0	0.0	0.0
GSM4138110_HNSCC_1_PBMC_ATCTACTCACTGTGTA	81.86229635407673	25.066667768491865	0.0	0.0	60.49017521174415	0.0	24.824957188100555	0.0	0.0	0.0	0.0	0.0	0.0	31.019114050740715	39.307634466700044	0.0	15.283823048893845	0.0	0.0	1.979848966790197	0.0	0.0	0.0	0.0	0.0	35.58251025767989	0.0	0.0	0.0	0.0
GSM4138110_HNSCC_1_PBMC_ATCTGCCAGGAATCGC	74.7976274597556	35.045276262530905	59.47414158099073	0.0	0.0	0.0	0.0	0.0	48.62949899711351	0.0	56.562905510363876	0.0	26.625040465661947	0.0	0.0	0.0	0.0	0.0	0.0	0.0	0.0	0.0	0.0	0.0	0.0	0.0	0.0	0.0	0.0	0.0
GSM4138110_HNSCC_1_PBMC_ATGGGAGCATGGGAAC	113.19631610411801	70.21447675031217	188.41403070673366	0.0	242.50202949229478	0.0	12.18091435630789	110.84929823659772	0.0	0.0	0.0	0.0	0.0	0.0	0.0	0.0	0.0	10.959381631207048	0.0	0.0	0.0	0.0	0.0	0.0	0.0	0.0	0.0	0.0	0.0	0.0
GSM4138110_HNSCC_1_PBMC_ATGTGTGGTAGCTGCC	15.036747447852715	36.122678734639	13.827654807490125	0.0	41.941831319017545	22.290152977467514	19.503492030149722	0.0	0.0	0.0	0.0	0.0	0.0	32.40263254059035	0.0	0.0	0.0	0.0	0.0	0.0	0.0	0.0	0.0	0.0	0.0	40.110560284146935	22.753306229005894	0.0	0.0	0.0
GSM4138110_HNSCC_1_PBMC_CACAAACCATCCCACT	96.18436074480937	73.17198743260046	28.444118342191523	18.302998669381413	34.95748335795844	0.0	3.5956145894492777	0.0	0.0	0.0	17.78472443024448	0.0	0.5896422167707667	0.0	0.0	0.0	0.0	0.0	0.0	0.0	0.0	0.0	0.0	10.82329584674166	0.0	0.0	0.0	47.532744737021915	0.0	0.0
GSM4138110_HNSCC_1_PBMC_CACCACTAGTTACCCA	74.58155821151767	86.26814823289543	33.0970149606698	0.0	0.0	0.0	19.66145984365256	0.0	4.342583840375028	0.0	14.93990918917466	0.0	0.0	0.0	0.0	36.124924050739935	27.045909738502843	0.0	0.0	0.0	0.0	0.0	0.0	3.162655909556866	0.0	0.0	56.45912242318401	0.0	0.0	0.0
GSM4138110_HNSCC_1_PBMC_CATGCCTTCAGCTCTC	47.129917114117795	55.28156672907062	80.8534603041436	0.0	68.50934481450221	0.0	23.020669380754942	67.1329491313196	0.0	0.0	0.0	0.0	2.6290866035499763	0.0	0.0	0.0	0.0	0.0	0.0	0.0	0.0	0.0	0.0	0.0	0.0	0.0	0.0	0.0	0.0	0.0
GSM4138110_HNSCC_1_PBMC_CATGGCGCATGTTCCC	69.05334963772121	55.26980460213249	0.0	0.0	0.0	59.45842833990501	17.87350615414768	0.0	0.0	0.0	76.64396579999128	5.660096108560634	5.886776904391806	36.51908505205138	0.0	0.0	21.22466524022225	0.0	4.512002406131814	0.0	0.0	0.0	0.0	0.0	0.0	0.0	0.0	0.0	0.0	0.0
GSM4138110_HNSCC_1_PBMC_CCACCTAGTAGTACCT	76.47358422050952	52.09910996037016	0.0	0.0	0.0	0.0	13.495808696925048	34.08688955259004	0.0	0.0	0.0	0.0	2.6439450195044674	0.0	0.0	30.06109557665026	94.66096847372908	0.0	0.0	0.0	16.091371717871056	0.0	0.0	0.0	0.0	0.0	0.0	0.0	0.0	0.0
GSM4138110_HNSCC_1_PBMC_CCGTTCAGTATATCCG	78.0248982653847	51.66094519753982	10.633982364150592	0.0	0.0	0.0	0.0	0.0	0.0	0.0	0.0	26.5919700877369	47.952144156017496	68.41300756455034	0.0	79.08230721873467	0.0	0.0	0.0	0.0	0.0	0.0	0.0	0.0	0.0	0.0	0.0	0.0	0.0	0.0
GSM4138110_HNSCC_1_PBMC_CCTACACGTCCGAAGA	23.518312336194303	46.37378469343996	0.0	0.0	42.4840851971176	35.1094864656229	0.0	0.0	0.0	0.0	0.7248087561530411	0.0	0.0	0.0	62.65615513974108	0.0	0.0	0.0	0.0	0.0	0.0	0.0	0.0	11.974358281147525	0.0	0.0	0.0	0.0	0.0	0.0
GSM4138110_HNSCC_1_PBMC_CCTCTGAGTCGCGAAA	105.59657368973515	80.05222414816018	76.30018168893186	0.0	0.5571672216633211	0.0	6.510552483167885	77.39060100851343	0.0	0.0	0.0	0.0	20.94904888956568	0.0	0.0	0.0	0.0	0.0	0.0	0.0	66.32529336417781	0.0	0.0	0.0	0.0	0.0	0.0	0.0	0.0	0.0
GSM4138110_HNSCC_1_PBMC_CGCTGGAAGGCATGTG	54.37782045629662	70.8573170768116	45.86626739998224	0.0	0.0	0.0	22.994830853873644	0.0	69.76033969621135	0.0	48.52598573415088	0.0	0.0	0.0	0.0	5.614190933884578	0.0	0.0	0.0	0.0	0.0	0.0	0.0	0.0	0.0	0.0	0.0	0.0	0.0	0.0
GSM4138110_HNSCC_1_PBMC_CGGAGTCTCACAATGC	57.88194508603617	1.8473247795245908	66.42590975690044	0.0	0.0	62.251523503712704	13.569980230795247	0.0	0.0	0.0	0.0	0.0	0.0	0.0	0.0	0.0	0.0	35.4357316140069	0.0	0.0	0.0	0.0	0.0	3.3496175136873516	0.0	0.0	0.0	0.0	0.0	0.0
GSM4138110_HNSCC_1_PBMC_CGGCTAGAGCTACCGC	82.3711484313778	61.41985578058863	40.653204020021036	0.0	0.0	0.0	20.78342773937906	0.0	0.0	0.0	46.68938238151432	0.0	0.0	76.39059800246191	0.0	0.0	0.0	0.0	0.0	0.0	0.0	0.0	0.0	0.0	0.0	0.0	0.0	0.0	0.0	0.0
GSM4138110_HNSCC_1_PBMC_CGTTGGGCAAGCCGCT	20.268939784555318	51.49171784893834	0.0	0.0	58.12140165620007	0.0	0.0	0.0	0.0	40.07170569383063	0.0	4.036937096237552	0.0	0.0	33.71092689000644	0.0	0.0	0.0	0.0	0.0	0.0	0.0	0.0	39.165232048957556	0.0	0.0	0.0	0.0	0.0	0.0
GSM4138110_HNSCC_1_PBMC_CTCAGAAGTCCGACGT	32.79597953906549	39.4740667639857	0.0	0.0	37.256448552886575	62.41067407107713	0.0	0.0	0.0	0.0	1.6015917687986823	0.0	0.0	0.0	60.37165709190508	0.0	0.0	0.0	0.0	0.0	0.0	0.0	0.0	7.449067935542413	0.0	0.0	0.0	0.0	0.0	0.0
GSM4138110_HNSCC_1_PBMC_CTCGTACCACGCGAAA	56.0191062989156	70.32367469604988	0.0	44.826576601749785	0.0	0.0	0.0	0.0	0.0	0.0	0.0	0.0	5.839137088824966	0.0	0.0	4.1200290091657665	0.0	0.0	37.25739856954197	10.636598507253655	25.591416512827777	0.0	0.0	10.773340962725158	0.0	0.0	0.0	0.0	0.0	0.0
GSM4138110_HNSCC_1_PBMC_GAAATGAAGAGCCTAG	118.27854252477636	133.4221311236512	0.0	2.5568911640047367	0.0	0.0	13.672715384667924	0.0	20.33906904489632	0.0	0.0	91.23302205287926	10.885671723731235	0.0	0.0	6.698957342898247	0.0	39.78067674187375	39.180894136707934	18.172653779748885	0.0	0.0	0.0	0.0	0.0	0.0	0.0	0.0	0.0	0.0
GSM4138110_HNSCC_1_PBMC_GACGTTATCTAACCGA	62.01258202386978	46.35863199392553	47.53309835665265	0.0	0.0	0.0	17.10312349156774	0.0	33.18359659936773	0.0	0.0	0.0	0.0	0.0	0.0	0.0	0.0	0.0	0.0	0.0	0.0	0.0	10.386173546851339	0.0	73.05635598820801	0.0	0.0	0.0	0.0	0.0
GSM4138110_HNSCC_1_PBMC_GACTGCGTCGGCATCG	51.16721561665296	89.60966945780984	40.4041942868254	0.0	0.0	0.0	25.497868957141524	61.390800675526044	0.0	0.0	0.0	0.0	0.0	0.0	0.0	44.80992304603348	0.0	0.0	0.0	0.0	0.0	0.0	0.0	0.0	0.0	0.0	0.0	0.0	0.0	0.0
GSM4138110_HNSCC_1_PBMC_GATGAGGAGGCTAGCA	43.46743046835299	44.14115594892791	41.43945573409834	0.0	13.658118061115884	0.0	0.0	0.0	0.0	0.0	20.74216924923537	0.0	0.0	0.0	0.0	0.0	0.0	0.0	0.0	0.0	0.0	0.0	67.28852003380685	21.688408480048693	0.0	0.0	0.0	0.0	0.0	0.0
GSM4138110_HNSCC_1_PBMC_GATTCAGCACCACGTG	58.25519915735657	69.52135383249517	12.119289810799337	0.0	0.0	0.0	19.655358832741832	0.0	0.0	58.552251534723126	48.775796455206255	0.0	0.0	0.0	0.0	0.0	0.0	0.0	0.0	0.0	0.0	0.0	0.0	0.0	0.0	0.0	0.0	0.0	0.0	0.0
GSM4138110_HNSCC_1_PBMC_GCAATCAGTAGCTCCG	34.38342891656639	22.889261467341864	0.0	36.56148337690082	0.0	0.0	1.7130241834637456	0.0	0.0	47.71999699095173	0.0	0.0	18.14777585740145	0.0	0.0	0.0	0.0	0.0	0.0	0.0	34.207213301147156	0.0	0.0	0.0	0.0	0.0	0.0	0.0	0.0	0.0
GSM4138110_HNSCC_1_PBMC_GCGACCAGTAGCCTAT	50.19563945256365	149.48126157474246	0.0	0.0	0.0	0.0	30.04555752315317	41.139599952622696	0.0	0.0	44.62129466742443	0.0	0.0	0.0	74.81200672680633	0.0	0.0	0.0	0.0	0.0	0.0	0.0	0.0	0.0	0.0	0.0	0.0	0.0	0.0	0.0
GSM4138110_HNSCC_1_PBMC_GCTTCCATCTCATTCA	28.48123195531215	41.43419486579511	53.56149036679487	0.0	0.0	1.6165147489428893	10.606470729206178	0.0	0.0	0.0	0.0	0.0	0.0	0.0	0.0	0.0	31.035705835464206	11.61033828130327	0.0	0.0	0.0	53.62561010504914	0.0	0.0	0.0	0.0	0.0	0.0	23.009860780886353	0.0
GSM4138110_HNSCC_1_PBMC_GCTTGAAAGACCTTTG	38.842215161596	55.17375067201012	0.0	0.0	0.0	0.0	0.0	45.96029382680882	0.0	0.0	17.171828322521158	0.0	0.0	0.0	0.0	0.0	37.24382376150577	0.0	0.0	0.0	0.0	0.0	0.0	10.20254289597997	0.0	0.0	0.0	0.0	0.0	0.0
GSM4138110_HNSCC_1_PBMC_GGACAAGGTAATTGGA	47.67936943543963	123.34870384626613	0.0	0.0	20.956977567920053	55.28026609900473	12.94727210921277	0.0	0.0	0.0	11.78761727321636	0.0	0.0	0.0	20.91027446822756	15.348659694687324	16.374051207875926	0.0	0.0	0.0	0.0	0.0	0.0	0.0	0.0	0.0	0.0	0.0	0.0	0.0
GSM4138110_HNSCC_1_PBMC_GGCGTGTAGCACGCCT	40.47306253305889	31.23028904592864	42.419003839549205	0.0	0.0	33.66127980590127	0.0	0.0	0.0	0.0	0.0	0.0	0.0	0.0	0.0	0.0	0.0	0.0	0.0	26.574479563402186	0.0	0.0	0.0	31.55805926442033	0.0	0.0	0.0	0.0	0.0	0.0
GSM4138110_HNSCC_1_PBMC_GGCGTGTAGCGTTTAC	46.38089066974129	54.99449211432155	0.0	0.0	0.0	0.0	0.0	0.0	0.0	0.0	22.983489487651642	0.0	15.589259286621745	0.0	33.533734100394824	0.0	0.0	0.0	26.81346905957196	0.0	0.0	0.21956909688548046	0.0	0.0	0.0	0.0	0.0	0.0	0.0	0.0
GSM4138110_HNSCC_1_PBMC_GGCTGGTCAATGGACG	110.76768029906452	87.4541674546126	0.0	0.0	54.121579264628	0.0	0.0	0.0	0.0	0.0	0.0	29.88714910777689	0.0	0.0	0.0	0.0	0.0	0.0	0.0	0.0	0.0	0.0	0.0	19.814744424805813	0.0	0.0	0.0	105.3939883062864	0.0	0.0
GSM4138110_HNSCC_1_PBMC_GGGAATGTCAGCTGGC	68.17313358760588	47.25499062605658	19.291306435159836	0.0	16.10003567533433	0.0	21.486295523951828	2.429617571168186e-05	36.999895775444394	26.301086548168	0.0	0.0	0.0	0.0	64.66607917887984	0.0	0.0	0.0	4.349630476629505	42.84496469461262	0.0	0.0	0.0	0.0	0.0	0.0	0.0	0.0	0.0	0.0
GSM4138110_HNSCC_1_PBMC_GGGTTGCAGATCGGGT	60.69990203520319	24.85400658376604	61.969061480656045	0.0	43.94577636119635	3.8403929710089892	14.391691263503763	0.0	0.0	0.0	0.0	0.0	0.0	42.97336713207386	0.0	0.0	0.0	0.0	0.0	0.0	0.0	0.0	0.0	0.0	0.0	0.0	0.0	0.0	0.0	0.0
GSM4138110_HNSCC_1_PBMC_GGTATTGCACATTAGC	65.52703273610678	28.580124870787127	0.0	0.0	30.55551919159203	0.0	19.26931007332116	0.0	0.0	51.95461456283133	0.0	0.0	0.0	0.0	8.804791510683796	0.0	0.0	0.0	0.0	0.0	0.0	0.0	0.0	0.0	0.0	0.9267203731935825	0.0	0.0	0.0	0.0
GSM4138110_HNSCC_1_PBMC_GGTGTTAGTGTGACCC	76.31149234605087	35.14070691581483	30.02883742116245	0.0	0.0	0.0	10.09902040654075	0.0	0.0	0.0	0.0	0.0	0.0	63.889955730231435	0.0	0.0	0.0	41.33587370199422	0.0	0.0	0.0	0.0	0.0	0.0	0.0	0.0	0.0	0.0	0.0	0.0
GSM4138110_HNSCC_1_PBMC_GTCACAAGTATCACCA	37.58542714047981	40.51273140539925	44.85115127042726	0.0	62.156951426345294	5.486003116378683	13.283994682027096	23.899819948712256	31.644489842480358	0.0	0.0	0.0	1.7822635232719004	0.0	0.0	0.0	21.581718798024962	0.0	0.0	0.0	0.0	0.0	0.0	0.0	0.0	0.0	0.0	0.0	0.0	0.0
GSM4138110_HNSCC_1_PBMC_GTCACAATCGCAAGCC	60.63637021152248	27.842231700206572	0.0	0.0	26.049463262761673	0.0	0.0	28.91155441338815	0.0	0.0	0.0	41.52750367160177	18.222678250894695	0.0	0.0	0.0	0.0	0.0	3.765261028123652	0.0	0.0	0.0	0.0	0.0	0.0	0.0	33.29148385419557	0.0	0.0	0.0
GSM4138110_HNSCC_1_PBMC_GTCACGGCAAGCTGGA	31.74616988875262	32.804573172214724	27.83566368658472	0.0	9.149545554158301	68.92922365035642	0.0	0.0	67.09081989522532	0.0	0.0	0.0	14.608812586805271	0.0	0.0	0.0	0.0	0.0	5.473934453203443	28.930214717489722	0.0	0.0	0.0	0.0	0.0	0.0	0.0	0.0	0.0	0.0
GSM4138110_HNSCC_1_PBMC_GTCGTAAAGGCATGTG	101.50972875447474	128.00685391762394	162.51204792133643	0.0	21.972443961879744	0.0	31.062766320437312	0.0	0.0	60.52498102986966	9.480748780430284	0.1919390956132728	0.0	0.0	0.0	0.0	0.0	0.0	9.202017837187912	5.088373852596036	39.90512018939778	0.0	0.0	0.0	0.0	0.0	0.0	0.0	0.0	0.0
GSM4138110_HNSCC_1_PBMC_GTCGTAATCTTGCAAG	57.637352172981544	31.187919371339067	41.20086747525548	0.0	0.0	0.0	11.026274245622327	0.0	0.0	0.0	25.653551913888652	0.0	0.0	44.48924118298894	0.0	0.0	0.0	0.0	0.0	0.0	0.0	0.0	0.0	0.0	0.0	0.0	0.0	0.0	0.0	0.0
GSM4138110_HNSCC_1_PBMC_GTCTCGTCATGCGCAC	62.51311338036816	22.672521381199125	23.613708518891332	0.0	0.0	0.0	0.0	0.0	13.741916284889516	0.0	0.0	0.0	0.0	0.0	20.96847377083948	33.85057809331775	8.966276478516795	0.0	1.8687511712720872	0.0	0.0	0.0	0.0	22.110370173915886	0.0	0.0	0.0	53.11096867896918	0.0	0.0
GSM4138110_HNSCC_1_PBMC_GTGAAGGCACATTTCT	63.66387090234798	43.9820640658482	91.4216178940608	0.0	0.0	53.51716425352277	0.0	0.0	0.0	0.0	0.0	0.0	29.495240596725008	0.0	0.0	0.0	0.0	0.0	0.0	1.191841034791595	49.81105575134979	0.0	0.0	0.0	0.0	0.0	0.0	0.0	0.0	0.0
GSM4138110_HNSCC_1_PBMC_GTGCAGCAGACCGGAT	122.50564903513	83.43934846603037	0.0	0.0	0.0	14.248775287056793	0.0	0.0	0.09603561471245205	40.05959666209079	20.688795076153305	0.0	9.361387229721455	0.0	0.0	0.0	65.55153522048123	0.0	30.48769457274089	0.0	35.409116512274345	0.0	0.0	0.0	0.0	0.0	0.0	0.0	0.0	0.0
GSM4138110_HNSCC_1_PBMC_GTTAAGCTCATACGGT	38.33202065292519	59.17551559391047	0.0	0.0	0.0	0.0	53.65154705632791	53.66143058891607	0.0	0.0	5.694314441078507	29.188538867021308	4.969470484657395	0.0	0.0	10.723503374092818	0.0	0.0	0.0	0.0	0.0	0.0	0.0	0.0	7.961509361394652	0.0	0.0	0.0	0.0	0.0
GSM4138110_HNSCC_1_PBMC_TAAACCGAGGGTCGAT	50.75012420432658	39.79683899786735	0.0	0.0	45.14168179917049	0.0	0.0	53.91863277240194	0.0	0.0	0.0	0.0	13.895603334422848	0.0	55.39611969258547	0.0	0.0	0.0	0.0	0.0	0.0	0.0	0.0	0.0	0.0	0.0	0.0	0.0	0.0	0.0
GSM4138110_HNSCC_1_PBMC_TACCTTAAGGCTCTTA	74.24961119529839	86.09522080448735	0.0	67.48651805918766	33.165162593596534	38.63840958882988	0.0	0.0	0.0	0.0	19.53720548040398	0.0	28.601051308756485	0.0	0.0	0.0	0.0	0.0	0.0	0.0	0.0	0.0	0.0	0.0	0.0	0.0	5.546761092913981	0.0	0.0	0.0
GSM4138110_HNSCC_1_PBMC_TAGAGCTTCGTTGCCT	103.06175297937754	99.86725231776755	104.21024611404722	0.0	0.0	68.27562018107197	28.21198352804233	0.0	0.0	0.0	0.0	0.0	0.0	0.0	0.0	0.0	0.0	0.0	0.0	101.68603038204036	0.0	0.0	0.0	0.0	0.0	0.0	0.0	0.0	0.0	0.0
GSM4138110_HNSCC_1_PBMC_TAGGCATTCCCAGGTG	43.874300880748706	41.78058739041008	0.0	26.389181932966373	0.0	0.0	0.0	0.0	0.0	0.0	0.0	0.0	0.0	0.0	0.0	26.33007874896506	0.0	0.0	0.0	0.0	0.0	0.0	0.0	18.288980443059565	0.0	0.0	90.96601653690314	0.0	0.0	0.0
GSM4138110_HNSCC_1_PBMC_TCACAAGCACATCCGG	84.45909117522834	31.820617937730297	0.0	0.0	63.49079006598478	0.0	35.79438349437274	0.0	0.0	0.0	0.0	0.0	0.0	12.62243133096424	0.0	0.0	23.33451507776884	0.0	2.0449416923733406	0.0	0.0	0.0	0.0	0.0	0.0	37.349305642278374	17.371224667864027	0.0	0.0	0.0
GSM4138110_HNSCC_1_PBMC_TCAGCTCCATGACGGA	89.90468730010667	82.03101497243503	0.0	0.0	0.0	0.0	0.0	0.0	24.548120005205924	0.0	0.0	0.0	28.23614371758442	0.0	0.0	0.0	18.671195177599433	0.0	0.0	17.472648619961603	0.0	0.0	0.0	0.0	0.0	0.0	0.0	0.0	0.0	0.0
GSM4138110_HNSCC_1_PBMC_TCGAGGCTCCAGGGCT	42.242160027336034	57.912617453154	0.0	0.0	0.0	0.0	0.0	0.0	0.0	34.57643062710252	0.0	0.0	10.554117028549685	0.0	39.372255784982706	0.0	0.0	0.0	0.0	0.0	56.571946393512945	0.0	0.0	0.0	0.0	0.0	0.0	0.0	0.0	0.0
GSM4138110_HNSCC_1_PBMC_TCTATTGCAGTCAGCC	80.56765406661204	75.819105732366	0.0	0.0	54.70422323770497	0.0	0.0	58.95764145013489	0.0	0.0	0.0	0.0	6.180338269672347	0.0	40.741352367268604	0.0	0.0	0.0	0.0	0.0	0.0	0.0	0.0	9.00875636848391	0.0	0.0	0.0	0.0	0.0	0.0
GSM4138110_HNSCC_1_PBMC_TCTCTAAGTGGTAACG	73.11636610779665	80.83644339132857	78.53954418062497	0.0	11.730335262207618	0.0	26.429505423877057	125.29576945464325	0.0	0.0	0.0	0.0	0.0	0.0	0.0	0.0	0.0	25.11268342064879	0.0	0.0	0.0	0.0	0.0	0.0	0.0	0.0	0.0	0.0	18.281903279419286	0.0
GSM4138110_HNSCC_1_PBMC_TCTGAGATCTAGCACA	27.341495359790155	72.13566648394244	0.0	29.619088894124232	50.4047960196018	0.0	20.933630112814964	0.7314888355231511	0.0	0.0	0.0	0.0	0.0	0.0	0.0	0.0	0.0	0.0	0.0	0.0	0.0	0.0	0.0	0.0	0.0	0.0	0.0	0.0	0.0	47.45287096122166
GSM4138110_HNSCC_1_PBMC_TCTTTCCCACTGAAGG	98.09503818310387	69.63138905390757	0.0	0.0	0.0	0.0	0.0	105.3368978922127	0.0	0.0	78.01562265798088	0.0	22.440582356388347	0.0	79.18824797902855	0.0	0.0	0.0	0.0	3.423169308129794	0.0	0.0	0.0	0.0	0.0	0.0	0.0	0.0	0.0	0.0
GSM4138110_HNSCC_1_PBMC_TGACAACGTCATCCCT	141.0140104657725	48.49497729983914	36.55494228243549	0.0	43.37785344644757	0.0	0.0	0.0	0.0	3.317086538751983	0.0	0.0	17.20567374900439	0.0	0.0	0.0	51.71989234836083	0.0	39.71606324478909	0.0	0.0	0.0	0.0	0.0	0.0	0.0	39.58580519211405	0.0	0.0	0.0
GSM4138110_HNSCC_1_PBMC_TGAGCCGAGATGAGAG	72.26758481488685	53.79100987526814	0.0	35.966905917223585	0.0	0.0	0.0	58.21782420873932	0.0	0.0	46.34373483712627	0.0	25.829056886123325	0.0	0.0	1.225782831810878	0.0	0.0	0.0	0.0	0.0	0.0	0.0	0.0	0.0	0.0	0.0	0.0	0.0	0.0
GSM4138110_HNSCC_1_PBMC_TGCGGGTTCTGATTCT	69.045882576541	48.767786821442556	0.0	52.960191501883216	17.185408156116395	0.0	0.0	0.0	0.0	0.0	0.0	0.0	9.570336251434604	26.308151575987242	0.0	0.0	0.0	0.0	0.0	0.0	0.0	0.0	0.0	0.06078107525949536	0.0	0.0	0.0	0.0	0.0	0.0
GSM4138110_HNSCC_1_PBMC_TGGCTGGGTTCCAACA	95.57230137613635	51.578332061432555	62.72036235426287	0.0	0.0	0.0	13.62382217947492	1.0197720062121076	48.992820116595524	5.481072488395013	0.0	0.0	0.0	0.0	0.0	4.924009985699307	0.0	50.64957344146371	7.1474577847376475	0.0	0.0	0.0	0.0	0.0	0.0	0.0	0.0	0.0	0.0	0.0
GSM4138110_HNSCC_1_PBMC_TGTATTCGTGGCTCCA	75.96401963525169	64.01640266204446	0.0	16.932067403263858	0.0	0.0	0.0	10.33509831367315	0.0	0.0	83.9053803134383	26.217711554000108	19.80988699240916	0.0	8.526405245899285	0.0	0.0	0.0	0.0	0.0	0.0	141.96095597461607	0.0	0.0	0.0	0.0	0.0	0.0	0.0	0.0
GSM4138110_HNSCC_1_PBMC_TGTGGTAAGTATGACA	45.60290656129768	52.273341294590296	46.66940610392065	0.0	0.0	0.0	14.439078933762682	0.0	0.0	0.0	52.51925283059677	0.0	0.0	62.2625433037934	0.0	0.0	0.0	0.0	0.0	0.0	0.0	0.0	0.0	0.0	0.0	0.0	0.0	0.0	0.0	0.0
GSM4138110_HNSCC_1_PBMC_TTCCCAGGTCACTGGC	62.393127187151045	37.0743425994916	0.0	0.0	45.91152530521731	49.550889562207075	27.02189478543646	0.0	0.0	0.0	0.0	0.0	7.3660914736408865	0.0	16.424774378643065	0.0	0.0	0.0	0.0	0.0	0.0	0.0	0.0	0.0	0.0	0.0	0.0	0.0	0.0	0.0
GSM4138110_HNSCC_1_PBMC_TTCGGTCCACCTCGGA	32.71425542670894	56.55052340427795	0.0	11.042792204889247	25.06658910649286	0.0	7.671443474569134	40.89775441286317	0.0	0.0	0.0	37.77597896577809	1.8188487869134866	0.0	7.397578075308759	0.0	0.0	0.0	0.0	0.0	0.0	0.0	0.0	0.0	0.0	0.0	0.0	0.0	0.0	0.0
GSM4138110_HNSCC_1_PBMC_TTCTACATCCTTCAAT	73.42145153474488	36.623308564214305	0.0	0.0	15.943778906200192	0.0	0.0	0.0	0.0	0.0	11.102564797493118	22.020508068730198	26.511854696197343	56.6007729380771	24.25505345949342	0.0	0.0	0.0	0.0	0.0	0.0	0.0	0.0	0.0	0.0	0.0	0.0	0.0	0.0	0.0
GSM4138110_HNSCC_1_PBMC_AAAGTAGTCGGCATCG	191.7007180756235	183.04241805111997	0.0	190.5671433494687	0.0	0.0	54.82250466567525	0.0	214.2952743762111	0.0	41.24090043439616	0.0	0.0	0.0	0.0	44.083506495608844	0.0	0.0	0.0	0.0	0.0	0.0	0.0	0.0	0.0	0.0	0.0	0.0	0.0	0.0
GSM4138110_HNSCC_1_PBMC_ACACTGATCGTACCGG	109.12386475625138	152.50194239857433	10.331731728373121	0.0	44.318606127023116	0.0	7.246394897536259	0.0	0.0	0.0	0.0	30.70330163276629	0.0	0.0	0.0	0.0	40.354962570657825	0.0	0.0	0.0	0.0	110.01771380811603	0.0	13.474439095983223	0.0	0.0	0.0	0.0	0.0	0.0
GSM4138110_HNSCC_1_PBMC_ACAGCTATCAGCACAT	145.85065373324719	154.50975574274275	24.70374798047097	43.97455495025917	0.0	0.0	44.05149088976993	0.0	0.0	211.44370863165193	0.0	73.94904963623279	0.0	0.0	0.0	0.0	0.0	0.0	0.0	63.762341051329194	0.0	0.0	0.0	0.0	0.0	0.0	0.0	0.0	0.0	0.0
GSM4138110_HNSCC_1_PBMC_ACTGAACGTTATTCTC	156.2356481311362	145.13509990783635	0.0	114.94933965898295	0.0	0.0	25.678783344046717	0.0	0.0	0.0	81.6249112115153	0.0	0.0	196.17403372465617	0.0	0.0	0.0	0.0	0.0	0.0	0.0	0.0	0.0	0.41453011085347663	0.0	0.0	0.0	0.0	0.0	0.0
GSM4138110_HNSCC_1_PBMC_ACTGAGTTCAGGTAAA	139.06061164514048	124.74131263198788	0.0	99.00569777808697	69.78218000405379	0.0	0.0	0.0	0.0	25.09752041258688	0.0	0.0	0.0	5.94451154753308	0.0	0.0	0.0	0.0	0.0	0.0	0.0	0.0	0.0	29.9941494275022	0.0	128.71958637545438	0.0	0.0	0.0	0.0
GSM4138110_HNSCC_1_PBMC_ACTGCTCCAACCGCCA	123.39921684270821	134.10978785556293	0.0	0.0	61.39449321449683	130.84756771003802	28.5120220269564	0.0	0.0	0.0	0.0	99.50050363090918	0.0	0.0	0.0	1.8474196557715574	0.0	0.0	0.0	0.0	0.0	0.0	0.0	0.0	0.0	0.0	0.0	0.0	0.0	0.0
GSM4138110_HNSCC_1_PBMC_ACTTACTAGTGGAGAA	242.08900769862018	193.7951221731475	0.0	173.9873241173647	0.0	0.0	58.676655097624845	0.0	0.0	0.0	0.0	0.0	0.0	215.34857002586224	0.0	0.0	0.0	0.0	0.0	0.0	85.51941885928224	0.0	0.0	0.0	0.0	0.0	0.0	0.0	0.0	0.0
GSM4138110_HNSCC_1_PBMC_ACTTGTTCAGTTCATG	158.5683236494748	264.81922741630314	0.0	0.0	0.0	0.0	0.0	0.0	0.0	0.0	99.49909466417854	203.44067070114912	26.891803905004576	23.889628540281727	0.0	0.0	0.0	0.0	190.65066581838957	0.0	0.0	0.0	0.0	0.0	0.0	0.0	48.34663205448091	0.0	0.0	0.0
GSM4138110_HNSCC_1_PBMC_AGAGTGGCAGGGATTG	118.26445186792051	135.18959912920062	0.0	0.0	0.0	78.51295839605392	0.0	0.0	0.0	0.0	0.0	0.0	58.71897279272647	0.0	0.0	0.0	128.50909474467593	0.0	28.710076955162815	0.0	0.0	0.0	0.0	0.0	93.42191859667795	0.0	0.0	0.0	0.0	0.0
GSM4138110_HNSCC_1_PBMC_AGATCTGGTGATAAGT	111.99182408278888	111.08635114220276	115.70481853566734	0.0	0.0	75.07177977106365	25.56489491074713	0.0	0.0	0.0	0.0	0.0	0.0	0.0	0.0	117.43044186500892	0.0	0.0	0.0	0.0	0.0	0.0	0.0	0.0	0.0	0.0	0.0	0.0	0.0	0.0
GSM4138110_HNSCC_1_PBMC_AGATTGCGTATAGGGC	211.60308353931202	212.52517809847572	173.8313067773623	0.0	59.1337033511301	0.0	0.0	0.0	0.0	0.0	0.0	0.0	0.0	0.0	0.0	0.0	0.0	0.0	0.0	0.0	0.0	0.0	169.86592584509737	36.017716326805704	0.0	0.0	0.0	0.0	0.0	0.0
GSM4138110_HNSCC_1_PBMC_AGCGGTCCATGCTGGC	154.35778198658872	119.67779849123657	0.0	247.02215994337055	0.0	86.89044318060957	33.34523498055173	0.0	0.0	0.0	79.9676119081246	0.0	0.0	0.0	0.0	0.0	0.0	0.0	0.0	0.0	0.0	0.0	0.0	0.0	0.0	0.0	0.0	0.0	0.0	0.0
GSM4138110_HNSCC_1_PBMC_AGGCCACTCAGCGATT	73.42362013156172	116.89035780663176	0.0	136.0355932450223	0.0	79.76187454612433	0.0	0.0	0.0	0.0	0.0	0.0	21.289150380269444	0.0	0.0	0.0	0.0	0.0	0.0	93.16464505628821	0.0	0.0	0.0	0.0	0.0	0.0	0.0	57.06384708884797	0.0	0.0
GSM4138110_HNSCC_1_PBMC_AGTAGTCCACAGTCGC	230.65464144138755	154.272914098905	0.0	0.0	117.47039249496113	0.0	0.0	0.0	0.0	0.0	0.0	0.0	0.0	276.8047824967596	152.49475518949603	0.0	0.0	0.0	0.0	0.0	0.0	0.0	0.0	29.637821445986358	0.0	0.0	0.0	0.0	0.0	0.0
GSM4138110_HNSCC_1_PBMC_AGTGTCATCCCTAATT	163.36148490609366	137.1560245275689	56.69725234549389	0.0	64.64079544361041	131.10078822748434	36.04880871641653	0.0	0.0	0.0	0.0	0.0	0.0	0.0	36.12108414242893	0.0	0.0	0.0	0.0	0.0	0.0	0.0	0.0	0.0	0.0	0.0	0.0	0.0	0.0	0.0
GSM4138110_HNSCC_1_PBMC_ATCCACCGTGGTTTCA	238.77867223636042	247.77104791839986	0.0	230.46650537756747	90.74252799115848	0.0	69.73415716140116	0.0	0.0	0.0	0.0	0.0	0.0	140.49375718288036	0.0	0.0	0.0	118.05824072162365	232.59123985362146	0.0	0.0	0.0	0.0	0.09786036479278598	0.0	0.0	0.0	0.0	0.0	0.0
GSM4138110_HNSCC_1_PBMC_ATCGAGTGTACTTAGC	182.38306451831124	138.97669379727336	185.5798108707352	0.0	0.0	0.0	44.878430203470984	0.0	218.8041645851362	0.0	96.92228189686917	0.0	0.0	0.0	0.0	0.0	0.0	0.0	0.0	0.0	0.0	0.0	0.0	0.0	0.0	0.0	0.0	0.0	0.0	0.0
GSM4138110_HNSCC_1_PBMC_CAACTAGTCTTGAGAC	131.6417391525316	108.72676665555032	0.0	152.0149716496764	0.0	152.48320284774104	30.459646370359277	0.0	0.0	0.0	0.0	0.0	0.0	0.0	0.0	51.2455990051263	0.0	0.0	0.0	0.0	0.0	0.0	0.0	0.0	0.0	0.0	0.0	0.0	0.0	0.0
GSM4138110_HNSCC_1_PBMC_CAAGGCCTCTAGCACA	93.05790181541343	76.09846076411186	36.190595131294195	65.92211386851477	0.0	52.264758853743594	37.74810752645316	0.0	5.028988912148791	0.0	50.00152693351972	0.0	0.0	6.796314514668762	0.0	0.0	0.0	0.0	24.42078517712524	0.0	0.0	0.0	0.0	0.0	0.0	0.0	0.0	0.0	0.0	0.0
GSM4138110_HNSCC_1_PBMC_CACAAACAGGCTACGA	202.01593147688845	160.41921541822393	0.0	107.86743302603276	0.0	61.297602453107466	20.39614906944918	0.0	0.0	122.5712798666654	0.0	0.0	0.0	0.0	0.0	2.044296324077104	0.0	52.84455592863139	0.0	0.0	0.0	0.0	0.0	0.0	0.0	0.0	0.0	0.0	0.0	0.0
GSM4138110_HNSCC_1_PBMC_CACATTTTCATTGCGA	140.08177152181116	103.04812331039642	0.0	88.06426637539732	0.0	0.0	34.813097199200044	0.0	0.0	0.0	0.0	0.0	0.0	0.0	0.0	73.21438609547438	0.0	0.0	201.63443695587495	0.0	0.0	0.0	0.0	0.0	0.0	0.0	0.0	0.0	0.0	0.0
GSM4138110_HNSCC_1_PBMC_CAGAGAGTCAGTTAGC	211.23503940318693	189.41178492684128	60.76671620735549	0.0	0.0	149.4935121881037	27.425967076980616	0.0	0.0	0.0	61.70501180585805	18.236135718365354	0.0	0.0	0.0	41.73734278685978	57.949992115723994	0.0	0.0	0.0	0.0	0.0	0.0	0.0	0.0	0.0	0.0	0.0	0.0	0.0
GSM4138110_HNSCC_1_PBMC_CAGCTGGGTCTCCACT	162.72523173452956	155.12678930082933	98.46095381103328	0.0	0.0	0.0	30.488144206074203	0.0	0.0	203.7914377318724	0.0	22.691303480785244	0.0	0.0	0.0	103.26126080866753	0.0	0.0	0.0	0.0	0.0	0.0	0.0	0.0	0.0	0.0	0.0	0.0	0.0	0.0
GSM4138110_HNSCC_1_PBMC_CAGCTGGGTGTTTGTG	73.12143809257488	145.73700628773977	0.0	116.51140114318706	0.0	7.644886641619858	0.0	0.0	15.161089482631153	0.0	0.0	0.0	19.686873025142265	80.51711515689576	0.0	0.0	0.0	0.0	9.620505764544573	0.0	0.0	0.0	0.0	0.0	51.487912740147245	0.0	0.0	0.0	0.0	0.0
GSM4138110_HNSCC_1_PBMC_CATATGGCAGGACGTA	231.05200263561832	121.2564846832478	0.0	0.0	0.0	139.513508110113	13.521911379442239	0.0	0.0	0.0	0.0	245.06155882914533	0.0	0.0	0.0	0.0	0.0	0.0	0.0	1.5860282907633836	0.0	0.0	0.0	0.0	0.0	0.0	0.0	0.0	0.0	0.0
GSM4138110_HNSCC_1_PBMC_CATATTCTCCACGTTC	167.15762946048613	105.0960716605307	0.0	12.993712924926278	53.93502012706724	32.59373702294129	30.367260304906836	0.0	85.38564388169515	0.0	0.0	140.44528202133432	0.0	0.0	0.0	0.0	0.0	0.0	0.0	0.0	0.0	0.0	0.0	0.0	0.0	0.0	0.0	0.0	0.0	0.0
GSM4138110_HNSCC_1_PBMC_CCAATCCCACGACTCG	65.47588276311157	102.60559313131962	0.0	68.74135749151951	0.0	111.66115104295291	0.0	0.0	0.0	0.0	63.7447749942761	0.0	28.622669623445503	0.0	0.0	0.0	0.0	0.0	0.0	0.0	0.0	0.0	0.0	0.0	0.0	0.0	0.0	0.0	0.0	0.0
GSM4138110_HNSCC_1_PBMC_CCTACCAGTCGGCTCA	142.5584466103373	181.34340063894862	0.0	120.72614228001328	0.0	0.0	44.07601540361659	0.0	0.0	194.81410597055395	116.08481425569364	0.0	0.0	0.0	0.0	9.962707908800619	0.0	0.0	0.0	0.0	0.0	0.0	0.0	0.0	0.0	0.0	0.0	0.0	0.0	0.0
GSM4138110_HNSCC_1_PBMC_CGAACATCAAGTTAAG	171.31762882321817	163.2996749612936	43.79046134230264	124.89330557880638	0.0	158.1232595140946	66.69134187882646	0.0	0.0	0.0	0.0	0.0	0.0	0.0	0.0	120.65544786578272	0.0	0.0	0.0	0.0	0.0	0.0	0.0	0.0	0.0	0.0	0.0	0.0	0.0	0.0
GSM4138110_HNSCC_1_PBMC_CGACCTTCATTACGAC	76.52766935675007	77.26554478980836	0.0	52.233746904901196	64.29883441525182	23.012452656650293	11.262728557398896	0.0	0.0	60.65476311393567	0.0	0.0	0.0	0.0	0.0	0.0	0.0	0.0	0.0	0.0	0.0	0.0	0.0	0.0	0.0	0.0	0.0	0.0	0.0	0.0
GSM4138110_HNSCC_1_PBMC_CGAGCACCATATACGC	197.02164390457938	188.43574474622605	0.0	0.0	0.0	0.0	0.0	0.0	0.0	227.4295353685662	0.0	0.0	74.48337972919519	0.0	216.70809482999275	0.0	0.0	0.0	0.0	0.0	0.0	0.0	0.0	0.0	0.0	0.0	0.0	0.0	80.99838170863893	0.0
GSM4138110_HNSCC_1_PBMC_CGATCGGCAACGATCT	160.31238099233167	142.13962695043986	0.0	120.69842921621017	0.0	32.00940916562937	0.0	139.18921670711987	0.0	0.0	39.49346663780049	0.0	41.95064877343632	0.0	0.0	21.933205895280338	0.0	0.0	0.0	0.0	0.0	0.0	0.0	0.0	0.0	0.0	0.0	0.0	0.0	0.0
GSM4138110_HNSCC_1_PBMC_CGATCGGGTTTGGGCC	133.7251661838232	104.33361901946724	0.0	148.2195287364265	6.038787621603432	0.0	0.0	0.0	189.8187935587162	0.0	0.0	0.0	47.06369676424505	0.0	0.0	0.0	0.0	21.37649447603296	0.0	0.0	0.0	0.0	0.0	0.0	16.3194165337066	0.0	0.0	0.0	0.0	0.0
GSM4138110_HNSCC_1_PBMC_CGCTATCCACCGAATT	186.5653138231656	207.37203547751812	202.32859570854183	0.0	0.0	0.0	34.654702884229756	0.0	0.0	0.0	21.704763406469695	0.0	17.916386719353987	0.0	0.0	61.461324850380194	0.0	0.0	0.0	0.0	0.0	164.11176350884506	0.0	0.0	0.0	0.0	0.0	0.0	0.0	0.0
GSM4138110_HNSCC_1_PBMC_CGGAGCTGTCGAACAG	184.15509094873283	213.0516493194701	0.0	131.83962385782286	96.64560272287999	0.0	27.40826091569027	0.0	0.0	206.16831622428006	0.0	0.0	0.0	0.0	0.0	0.0	0.0	0.0	0.0	0.0	0.0	0.0	0.0	0.0	0.0	0.0	0.0	0.0	0.0	0.0
GSM4138110_HNSCC_1_PBMC_CGTTCTGGTCTAAACC	158.72141506955967	146.3604149916567	0.0	29.30504736421992	0.0	0.0	0.0	0.0	0.0	80.9643618923843	0.0	95.10247207549335	28.434938059738524	0.0	0.0	0.0	0.0	0.0	0.0	90.38002541959877	0.0	0.0	0.0	0.0	0.0	116.0494853534531	0.0	0.0	0.0	0.0
GSM4138110_HNSCC_1_PBMC_CGTTGGGGTGTGTGCC	99.38873218708966	114.10775598615992	0.0	95.28400535669002	0.0	0.0	0.0	0.0	0.0	0.0	0.0	0.0	55.36052817093195	0.0	9.840093345934477	0.0	0.0	0.0	0.0	46.02286344922169	0.0	91.50991406197413	0.0	0.0	0.0	0.0	0.0	0.0	0.0	0.0
GSM4138110_HNSCC_1_PBMC_CTAATGGCACACATGT	187.9132258293614	115.12162351846884	0.0	114.34437252797136	0.0	120.8038750020566	0.0	0.0	0.0	0.0	0.0	0.0	46.524127079673356	36.86541949200062	0.0	59.26685951643498	0.0	0.0	0.0	0.0	0.0	0.0	0.0	0.0	0.0	0.0	0.0	0.0	0.0	0.0
GSM4138110_HNSCC_1_PBMC_CTACCCAGTTACCGAT	147.62691744767037	183.50609004094972	0.0	148.70003691972113	18.66613838935508	209.8879225185441	25.07725665561554	0.0	0.0	0.0	0.0	0.0	0.0	0.0	0.0	32.28666823333453	0.0	0.0	0.0	0.0	0.0	0.0	0.0	0.0	22.21638773686377	0.0	0.0	0.0	0.0	0.0
GSM4138110_HNSCC_1_PBMC_CTAGAGTCATCGGACC	148.42644224929364	119.71932532619003	84.69216249256378	0.0	0.0	156.09308738175233	14.065282693288122	0.0	0.0	57.03194032531678	81.77102440477056	0.0	0.0	0.0	0.0	0.0	0.0	0.0	0.0	0.0	0.0	0.0	0.0	0.0	0.0	0.0	0.0	0.0	0.0	0.0
GSM4138110_HNSCC_1_PBMC_CTCTGGTGTGTTCGAT	139.61988609149034	89.03880759478663	155.36667418622923	0.0	0.0	125.27302666794776	46.08979901889535	0.0	0.0	0.0	0.0	0.0	0.0	0.0	0.0	0.0	0.0	0.0	0.0	60.42903912637179	0.0	0.0	0.0	0.0	0.0	0.0	0.0	0.0	0.0	0.0
GSM4138110_HNSCC_1_PBMC_CTGATAGCATCAGTCA	126.39020117823537	79.3299844840034	0.0	84.26207330835562	0.0	0.0	39.65625703358694	0.0	0.0	160.8971340615326	49.736360593186596	0.0	0.0	0.0	0.0	11.541760711494183	0.0	13.316985511597348	0.0	0.0	0.0	0.0	0.0	30.592571443190767	0.0	0.0	0.0	0.0	0.0	0.0
GSM4138110_HNSCC_1_PBMC_CTGTTTACAATGTAAG	164.07369062937323	225.654128333479	0.0	134.83322667384925	52.1867014981382	0.0	0.0	0.0	0.0	0.0	0.0	0.0	0.0	0.0	0.0	0.0	0.0	0.0	0.0	0.0	0.0	0.0	0.0	23.61831752722774	22.844227690167365	0.0	0.0	194.61737979583754	0.0	0.0
GSM4138110_HNSCC_1_PBMC_GAACCTATCTCTGTCG	55.035024635739724	79.89531063545574	0.0	35.408400015468885	0.0	21.85911534215159	0.0	0.0	56.82756634036719	0.0	0.0	0.0	0.0	0.0	0.0	0.0	38.906231339580145	0.0	0.0	0.0	67.39718446864188	0.0	0.0	30.90874338103177	0.0	0.0	0.0	0.0	0.0	0.0
GSM4138110_HNSCC_1_PBMC_GATCGCGTCAGGCGAA	111.13813101933044	84.47679964900362	0.0	106.11293249303407	0.0	119.05587605501363	23.41703769470312	0.0	0.0	0.0	0.0	0.0	0.0	0.0	0.0	0.0	0.0	0.0	0.0	0.0	0.0	0.0	0.0	0.0	46.80753079381342	0.0	0.0	0.0	0.0	0.0
GSM4138110_HNSCC_1_PBMC_GATCTAGCATACAGCT	97.24457102880787	298.514765631973	0.0	100.3207993543447	0.0	80.93734612841618	52.80676371259255	0.0	0.0	0.0	0.0	0.0	14.856451963760536	0.0	0.0	0.0	0.0	0.0	0.0	107.58986302164088	0.0	0.0	0.0	0.0	0.0	59.45942105093405	18.566228218308773	0.0	0.0	0.0
GSM4138110_HNSCC_1_PBMC_GATGAAAGTAGAAGGA	108.49334838377588	86.18672486937531	0.0	0.0	22.568291171145827	0.0	7.129103589647757	0.0	0.0	78.99352042417691	0.0	80.3705095984925	0.0	0.0	0.0	0.0	0.0	0.0	0.0	0.0	0.0	0.0	0.0	0.0	0.0	0.0	0.0	0.0	0.0	0.0
GSM4138110_HNSCC_1_PBMC_GATGAAAGTCACCCAG	181.01316718867307	176.69772769053472	0.0	0.0	0.0	0.0	21.714645006538326	0.0	247.3988499718364	0.0	0.0	129.38212220305286	0.0	0.0	0.0	72.7691409191684	0.0	0.0	0.0	0.0	0.0	0.0	0.0	0.0	0.0	0.0	0.0	0.0	0.0	0.0
GSM4138110_HNSCC_1_PBMC_GCATACACATCTGGTA	188.23589955110975	292.5749249459725	0.0	201.7194061436767	86.49310084070976	0.0	0.0	0.0	0.0	0.0	0.0	0.0	0.0	0.0	0.0	0.0	0.0	0.0	0.0	61.40951234243334	0.0	0.0	0.0	26.419473811105536	0.0	0.0	0.0	251.0236577401367	0.0	0.0
GSM4138110_HNSCC_1_PBMC_GCGAGAATCGCACTCT	189.75825438852823	224.05320504017058	37.49441702834415	108.63698993931291	0.0	0.0	59.707324513935085	0.0	0.0	0.0	74.54820382736837	0.0	0.0	238.77365986541233	0.0	0.0	0.0	0.0	0.0	16.537036398503105	0.0	0.0	0.0	0.0	0.0	0.0	0.0	0.0	0.0	0.0
GSM4138110_HNSCC_1_PBMC_GCGCGATAGGAGCGTT	58.02226087036082	52.817472927348135	0.0	72.74918519877032	49.42679617007205	141.4491685053382	22.351219836292362	0.0	0.0	0.0	0.0	0.0	0.0	0.0	0.0	0.0	0.0	0.0	0.0	0.0	0.0	0.0	0.0	0.0	0.0	0.0	0.0	0.0	0.0	0.0
GSM4138110_HNSCC_1_PBMC_GCTCTGTTCAGTTTGG	96.02727204120362	96.10940946589676	0.0	0.0	48.80576410649172	125.18721858110922	0.0	0.0	0.0	0.0	0.0	54.65171153383501	0.0	0.0	30.642348996575137	0.0	0.0	0.0	0.0	0.0	0.0	0.0	0.0	11.408621682897502	0.0	0.0	0.0	0.0	0.0	0.0
GSM4138110_HNSCC_1_PBMC_GCTGCGAGTCTAGTCA	123.63478520705381	192.57847060625986	0.0	56.5515088171956	0.0	117.3909539858229	29.29959597297572	0.0	0.0	0.0	0.0	0.0	0.0	44.214117755838025	0.0	112.64780675753214	0.0	0.0	0.0	0.0	0.0	0.0	0.0	0.0	0.0	0.0	0.0	0.0	0.0	0.0
GSM4138110_HNSCC_1_PBMC_GGCTCGATCAGGCGAA	81.893062741635	114.51634104255879	0.0	88.88220986520896	0.0	143.3515992558395	7.822157994073899	0.0	0.0	0.0	50.03243305277688	0.0	6.151703766410992	0.0	0.0	0.0	0.0	0.0	0.0	0.0	0.0	0.0	0.0	0.0	0.0	0.0	0.0	0.0	0.0	0.0
GSM4138110_HNSCC_1_PBMC_GGGAATGTCTTCCTTC	0.0	0.0	0.0	0.0	0.0	0.0	0.0	0.0	3209.0240254054142	175.42317626815313	0.0	0.0	0.0	0.0	0.0	0.0	0.0	0.0	0.0	0.0	0.0	0.0	0.0	0.0	0.0	0.0	0.0	10.030766544135023	0.0	0.0
GSM4138110_HNSCC_1_PBMC_GGGCACTTCGTAGGTT	155.40006110827747	118.0973998498165	86.51627963121992	0.0	0.0	180.42740053558865	36.13514425700465	0.0	0.0	0.0	63.159444428680786	0.0	0.0	3.5623695281185563	0.0	18.83871421206177	0.0	0.0	0.0	0.0	0.0	0.0	0.0	0.0	0.0	0.0	0.0	0.0	0.0	0.0
GSM4138110_HNSCC_1_PBMC_GTAGGCCAGTACTTGC	121.21491982892172	156.22276907222826	0.0	110.0349263601919	42.35682750348295	0.0	8.980821954620968	0.0	0.0	0.0	0.0	0.0	25.35593519501297	0.0	0.0	0.0	0.0	0.0	0.0	0.0	0.0	0.0	0.0	0.0	0.0	161.5970974869528	0.0	12.469236565810256	0.0	0.0
GSM4138110_HNSCC_1_PBMC_GTCACAATCTATCGCC	210.3165472803557	151.36590849766134	0.0	164.73519835078514	52.76808632188229	169.86785270300788	53.86560537868983	0.0	0.0	0.0	5.106128641507903	0.0	0.0	0.0	0.0	0.0	0.0	0.0	0.0	0.0	0.0	0.0	0.0	0.0	0.0	0.0	0.0	0.0	0.0	0.0
GSM4138110_HNSCC_1_PBMC_GTCTCGTAGTAGCGGT	119.63812139577094	104.97714719917948	0.0	114.92547075353514	0.0	97.31181489805073	0.0	0.0	0.0	14.002983167012486	11.321671727793332	0.0	49.86454760028197	0.0	0.0	0.0	0.0	0.0	0.0	0.0	0.0	0.0	0.0	0.0	47.161442742661656	0.0	2.4203152945863913	0.0	0.0	0.0
GSM4138110_HNSCC_1_PBMC_GTGCAGCTCTGTCTAT	203.45244737624455	231.57770586316101	0.0	143.91113012180006	0.0	0.0	0.0	317.5261090221675	0.0	0.0	0.0	0.0	38.65525201023873	0.0	0.0	0.0	0.0	0.0	0.0	132.83588634465278	0.0	0.0	0.0	0.0	0.0	0.0	0.0	0.0	0.0	0.0
GSM4138110_HNSCC_1_PBMC_GTGCATAGTACGCTGC	153.34427589318094	115.5725989181397	95.8943745168611	0.0	0.0	0.0	25.620908263238224	0.0	0.0	161.50792528748448	89.42511093237951	0.0	0.0	0.0	0.0	0.0	0.0	0.0	0.0	0.0	0.0	0.0	0.0	0.0	0.0	0.0	0.0	0.0	0.0	0.0
GSM4138110_HNSCC_1_PBMC_GTGCTTCAGTACGATA	135.79851178157625	170.9373274947373	116.27915217386456	0.0	0.0	47.93845185182108	13.346992982407425	0.0	99.96545852284292	0.0	39.529917611144185	0.0	11.739021272285745	0.0	0.0	0.0	0.0	0.0	0.0	0.0	0.0	0.0	0.0	0.0	0.0	0.0	0.0	0.0	0.0	0.0
GSM4138110_HNSCC_1_PBMC_TACAGTGCAATGACCT	83.6373853834857	116.25775049775362	37.0345619284109	60.18812683682124	0.0	111.15663611044936	22.83209376673292	0.0	0.0	0.0	0.0	0.0	0.0	0.0	0.0	0.0	13.769583298166626	23.763477626079663	0.0	0.0	0.0	0.0	0.0	0.0	75.2002097525088	0.0	0.0	0.0	0.0	0.0
GSM4138110_HNSCC_1_PBMC_TACTCATAGATCACGG	147.47251856984627	139.22406631658436	0.0	127.86281828435048	0.0	0.0	22.813160630916112	0.0	0.0	0.0	117.13139694826141	0.0	0.0	0.0	0.0	0.0	0.0	0.0	0.0	0.0	0.0	0.0	0.0	0.0	0.0	214.76902761303464	0.0	0.0	0.0	0.0
GSM4138110_HNSCC_1_PBMC_TACTCGCGTAAGGATT	149.4327535069663	207.05733163692142	0.0	99.80406835896369	0.0	165.07179884759285	0.0	0.0	0.0	0.0	0.0	0.0	0.0	0.0	0.0	115.90784625073108	0.0	0.0	0.0	0.0	0.0	0.0	0.0	31.01913255654592	0.0	0.0	0.0	0.0	0.0	0.0
GSM4138110_HNSCC_1_PBMC_TACTTGTCAAGTTAAG	157.48250926232424	169.6777539600528	0.0	149.86802780058392	0.0	216.73265335837598	23.16703947085207	0.0	0.0	0.0	0.0	0.0	0.0	0.0	0.0	115.09806995524413	0.0	0.0	0.0	0.0	0.0	0.0	0.0	0.0	0.0	0.0	0.0	0.0	0.0	0.0
GSM4138110_HNSCC_1_PBMC_TATCTCAAGGTGTGGT	95.57800840407239	99.7170017913184	0.0	100.55402246651201	2.8887506947138717	57.2131526973301	0.0	0.0	0.0	0.0	0.0	0.0	15.012298297490139	83.92156128210999	0.0	0.0	0.0	48.49464935411877	0.0	0.0	0.0	0.0	0.0	0.0	0.0	0.0	0.0	0.0	0.0	0.0
GSM4138110_HNSCC_1_PBMC_TCAGCTCCACCCATTC	205.69715672624812	224.51602713839947	0.0	0.0	127.55472782743708	0.0	0.0	0.0	0.0	0.0	0.0	0.0	0.0	0.0	185.42059475209265	0.0	0.0	0.0	172.34108612223204	0.0	0.0	0.0	0.0	26.19817513982185	0.0	0.0	0.0	0.0	0.0	0.0
GSM4138110_HNSCC_1_PBMC_TCGCGTTCAGCTGCTG	104.22291442875182	144.14995747211097	58.33233490597864	0.0	66.96255573672485	133.87777310550618	38.81158778684386	0.0	0.0	0.0	0.0	0.0	0.0	0.0	0.0	0.0	8.208170446476617	0.0	0.0	0.0	0.0	0.0	0.0	0.0	0.0	0.0	0.0	0.0	0.0	0.0
GSM4138110_HNSCC_1_PBMC_TCGGGACAGCTAGTTC	128.1413987119118	168.28601322161288	0.0	109.12894147078033	79.96070396707377	73.49740393089002	0.0	0.0	0.0	0.0	0.0	0.0	28.23380587937035	0.0	0.0	0.0	0.0	0.0	0.0	0.0	0.0	0.0	0.0	0.0	0.0	0.0	0.0	105.68170182706645	0.0	0.0
GSM4138110_HNSCC_1_PBMC_TCTTCGGAGTCATCCA	187.60894272546636	148.18013298346494	0.0	119.56748396870262	0.0	0.0	31.179663236645556	0.0	0.0	0.0	67.48175511427158	0.0	0.0	0.0	0.0	0.0	0.0	0.0	0.0	0.0	0.0	0.0	0.0	0.0	0.0	163.54955505307927	0.0	0.0	0.0	0.0
GSM4138110_HNSCC_1_PBMC_TGAGAGGGTCCCTACT	163.98563961642648	109.97615054780233	300.5247351370627	0.0	64.97486171675062	0.0	59.67329221242378	0.0	0.0	0.0	0.0	0.0	0.0	0.0	0.0	0.0	0.0	0.0	0.0	0.0	0.0	0.0	0.0	0.0	0.0	258.26641214020134	0.0	0.0	0.0	0.0
GSM4138110_HNSCC_1_PBMC_TGATTTCGTTAAAGTG	200.5607757614881	247.9749943302357	0.0	127.59925515475044	0.0	0.0	0.0	0.0	195.63841166561565	0.0	0.0	0.0	46.60651747089583	0.0	0.0	0.0	0.0	0.0	0.0	0.0	0.0	0.0	0.0	0.0	113.22201452967944	0.0	0.0	0.0	0.0	0.0
GSM4138110_HNSCC_1_PBMC_TGCCAAATCATGTCCC	204.92104487736006	139.6354517139113	109.5738855595318	31.134050592164254	0.0	0.0	21.468354901843956	0.0	0.0	146.6634466921143	0.0	0.0	0.0	0.0	0.0	86.33034420938021	0.0	0.0	0.0	0.0	0.0	0.0	0.0	0.0	0.0	0.0	0.0	0.0	0.0	0.0
GSM4138110_HNSCC_1_PBMC_TGTATTCAGAATGTTG	164.90691217867047	227.88322406954015	0.0	155.65613185513408	0.0	131.58016645898695	28.054754619488524	0.0	0.0	0.0	0.0	0.0	0.0	0.0	0.0	101.31312158626994	0.0	0.0	0.0	0.0	0.0	0.0	0.0	0.0	0.0	0.0	0.0	0.0	0.0	0.0
GSM4138110_HNSCC_1_PBMC_TGTCCCAGTTCAGGCC	136.20701294401024	114.79506761814928	25.37062874722383	2.9250700004532812	0.0	0.0	31.92286980909959	0.0	0.0	162.8492541826191	0.0	26.841259537592936	0.0	4.98960376307188	0.0	70.59697449098901	0.0	14.333137217447296	0.0	0.0	0.0	0.0	0.0	0.0	0.0	0.0	0.0	0.0	0.0	0.0
GSM4138110_HNSCC_1_PBMC_TTGCCGTCAATAGCGG	193.9103073045346	143.0717655316942	0.0	128.53379869487387	0.0	0.0	0.0	0.0	0.0	0.0	0.0	0.0	35.36962611161302	17.134263991269556	0.0	0.0	0.0	0.0	0.0	0.0	0.0	0.0	0.0	0.0	62.05563308714365	179.25449805453337	0.0	0.0	0.0	0.0
GSM4138110_HNSCC_1_PBMC_TTTATGCAGACTGGGT	109.1445434759728	122.95635291750804	11.412763499132199	74.53320658752588	0.0	123.13819563096334	25.005924107969452	0.0	0.0	0.0	0.0	0.0	0.0	0.0	0.0	0.0	0.0	0.0	0.0	61.839743803056756	0.0	0.0	0.0	2.1887159486146723	0.0	0.0	0.0	0.0	0.0	0.0
GSM4138110_HNSCC_1_PBMC_AACGTTGAGTTTAGGA	72.8818735756889	69.0960987177025	67.2622352253143	0.0	66.03280896033755	0.0	0.0	104.7803665647129	0.0	0.0	0.0	8.20843494491237	0.0	0.0	11.356129500760797	0.0	0.0	0.0	0.0	0.0	0.0	0.0	0.0	26.86475578799149	0.0	0.0	0.0	0.0	0.0	0.0
GSM4138110_HNSCC_1_PBMC_AAGGCAGCAATCACAC	55.70715790300346	164.3424396469853	0.0	0.0	0.0	0.0	27.788377059875938	0.0	0.0	0.0	0.0	0.0	0.0	0.0	54.22446761463619	0.0	0.0	45.0554231273671	78.50266698821571	0.0	0.0	0.0	0.0	0.0	0.0	0.0	0.0	0.0	0.0	0.0
GSM4138110_HNSCC_1_PBMC_ACTGATGTCAATAAGG	74.11053559765097	48.05429923536992	0.0	0.0	37.32606841958956	0.0	29.882458445269044	0.0	0.0	0.0	0.0	0.0	0.0	43.86028938609928	47.34954222316554	0.0	0.0	0.0	0.0	0.0	0.0	0.0	0.0	0.0	0.0	0.0	0.0	0.0	0.0	0.0
GSM4138110_HNSCC_1_PBMC_AGCAGCCAGGCCCTCA	58.73585537354773	49.12889457613843	0.0	0.0	0.0	74.66077245438913	25.66096571931564	0.0	0.0	0.0	0.0	107.46897274330196	0.0	0.0	0.0	0.0	0.0	0.0	0.0	0.0	0.0	0.0	0.0	0.0	91.25310926862609	0.0	0.0	0.0	0.0	0.0
GSM4138110_HNSCC_1_PBMC_CATATTCCATATGAGA	108.97544113802124	88.34640714053532	0.0	0.0	0.0	53.148787348368465	27.2055868138162	0.0	0.0	0.0	0.0	0.0	0.0	24.334256630929275	71.21178237700933	19.949202333869717	0.0	71.25902925329835	0.0	0.0	0.0	0.0	0.0	0.0	0.0	3.2716855139031695	0.0	0.0	0.0	0.0
GSM4138110_HNSCC_1_PBMC_CCTCAGTCAACTGCGC	41.249166591622924	60.195252079189736	46.39599991635363	0.0	0.0	0.0	11.056806079759042	0.0	8.457369396909295	0.0	0.0	0.0	0.0	0.0	0.0	0.0	69.05472726889982	0.0	21.848191888670357	0.0	40.563256019441006	0.0	0.0	7.746328008823412	0.0	0.0	0.0	0.0	0.0	0.0
GSM4138110_HNSCC_1_PBMC_CGGTTAACACCTCGTT	51.51611125026614	39.226254946266934	0.0	48.53448398128099	32.07507968776055	0.0	0.0	1.3588618796930958	45.68977705051755	0.0	0.0	0.0	27.227692603007974	8.927093493263719	0.0	0.0	0.0	0.0	0.0	0.0	0.0	0.0	0.0	0.0	0.0	0.0	0.0	0.0	8.674410736740304	0.0
GSM4138110_HNSCC_1_PBMC_CGTGTAATCTCCAGGG	65.01665319553614	56.5630442587915	0.0	50.47724506450773	23.87351849108408	31.756690859664495	0.0	0.0	0.0	0.0	0.0	0.0	12.419953935485331	0.0	0.0	0.0	0.0	0.0	0.0	0.0	0.0	0.0	0.0	0.0	0.0	0.0	0.0	0.0	0.0	0.0
GSM4138110_HNSCC_1_PBMC_CGTTGGGTCAGTGCAT	82.95316788485219	44.702212540470775	0.0	10.499517040782631	0.0	0.0	0.0	0.0	80.94434495303241	0.0	0.0	18.154659894199636	23.60328077500252	0.0	34.853035804612404	0.0	0.0	0.0	0.0	0.0	0.0	0.0	0.0	0.0	35.34085659595431	0.0	0.0	0.0	0.0	0.0
GSM4138110_HNSCC_1_PBMC_CTAGAGTAGCTATGCT	123.07501197014126	88.70972790641976	98.12320420722145	0.0	0.0	0.0	40.054503426419835	0.0	0.0	84.04665554980872	0.0	0.0	0.0	0.0	0.0	6.292099171125751	0.0	0.0	2.415587574715618	0.0	45.031954483131614	0.0	0.0	0.0	7.837169294975652	0.0	0.0	0.0	0.0	0.0
GSM4138110_HNSCC_1_PBMC_GCATACATCGTTACAG	76.1518176105767	53.23551198543964	49.582312308694384	0.0	44.192788320549596	37.17669022643452	20.032349738529295	0.0	0.0	0.0	0.0	0.0	7.147106521685525	0.0	0.0	0.0	0.0	0.0	0.0	0.0	0.0	0.0	0.0	0.0	0.0	0.0	0.0	0.0	0.0	0.0
GSM4138110_HNSCC_1_PBMC_AAACGGGCAGTATCTG	93.0565127079058	41.45204099360913	24.883950896310804	0.0	135.78941510609752	0.0	3.1484670149427822	0.0	0.0	0.0	14.134107274351043	0.0	0.0	53.45386369074078	0.0	0.0	0.0	0.0	0.0	0.0	0.0	0.0	0.0	10.198541280290335	0.0	0.0	0.0	0.0	0.0	0.0
GSM4138110_HNSCC_1_PBMC_AAAGATGTCTGATTCT	76.58929011392561	83.85508779072558	0.0	15.18856712295224	0.0	87.92747361876216	23.861329241556156	0.0	0.0	0.0	0.0	0.0	0.0	0.0	0.0	0.0	90.21756462488761	0.0	0.0	27.714673900814596	0.0	0.0	0.0	2.1699527382923747	5.627912115343464	0.0	0.0	0.0	0.0	0.0
GSM4138110_HNSCC_1_PBMC_AAAGTAGGTAGCGCTC	55.21546979409859	42.40936930866739	0.0	0.0	0.0	0.0	38.210700371911145	90.2445101994073	0.0	0.0	40.918127099443026	0.0	0.0	0.0	0.0	0.0	38.85301593405998	0.0	0.0	0.0	0.0	0.0	0.0	0.0	0.0	0.0	0.0	0.0	0.0	0.0
GSM4138110_HNSCC_1_PBMC_AACTCAGGTGGTCTCG	49.904070207259664	64.10330866558581	0.0	0.0	0.0	0.0	0.0	0.0	0.0	0.0	0.0	0.0	16.975677357671817	0.0	74.57697054795936	0.0	0.0	61.60981169809145	5.732519729609376	0.0	0.0	34.856396789645544	0.0	0.0	0.0	0.0	0.0	0.0	0.0	0.0
GSM4138110_HNSCC_1_PBMC_AACTCCCTCCAATGGT	128.32856460120314	59.46190002238195	79.77336331446243	0.0	0.0	0.0	0.0	0.0	6.589302701696841	0.0	64.86658435204299	0.0	20.037246959736606	0.0	0.0	0.0	27.30087882369099	0.0	0.0	0.0	0.0	78.09681401735281	0.0	0.0	0.0	0.0	0.0	0.0	0.0	0.0
GSM4138110_HNSCC_1_PBMC_AACTCTTAGTGGGTTG	80.3083692260774	74.26156466870667	73.10305930417039	0.0	53.94260730423112	0.0	21.240255648405444	0.0	9.146832298957813	0.0	0.0	0.0	0.0	0.0	0.0	0.0	0.0	0.0	53.39325736037231	0.0	0.0	0.0	0.0	0.0	0.0	0.0	0.0	0.0	0.0	8.462505836723171
GSM4138110_HNSCC_1_PBMC_AACTCTTGTCACACGC	43.80784909465405	18.289579779625043	0.0	54.02734112370288	0.0	0.0	0.0	60.78814679751997	0.0	0.0	40.56405659008947	0.0	0.0	0.0	0.0	0.0	0.0	0.0	0.0	0.0	0.0	0.0	0.0	20.383307482586616	0.0	0.0	0.0	0.0	0.0	0.0
GSM4138110_HNSCC_1_PBMC_AACTTTCAGAAGGTTT	71.7031346368973	105.55535639684342	41.280525077329145	0.0	0.0	0.0	0.0	0.0	52.55924059456968	0.0	49.9109754046763	0.0	57.59207089468468	0.0	18.597602488405602	0.0	0.0	0.0	5.781948465520438	0.0	0.0	0.0	0.0	0.0	0.0	0.0	0.0	0.0	0.0	0.0
GSM4138110_HNSCC_1_PBMC_AAGGAGCTCCTTTCGG	89.12884402583373	132.72449250364426	0.0	0.0	10.530865619226946	0.0	0.0	0.0	72.54550536476563	0.0	43.825891006491155	85.89456598354195	35.97076321671576	0.0	0.0	0.3672454004357861	0.0	0.0	0.0	0.0	0.0	4.896691802845407	0.0	0.0	0.0	0.0	0.0	0.0	11.965336534921331	0.0
GSM4138110_HNSCC_1_PBMC_AATCCAGAGTGCTGCC	103.07589406223471	99.88173932748519	0.0	17.91863782298985	63.84726701479248	0.0	0.0	10.296596840675504	59.650525744557	0.0	0.0	57.992104973389246	0.0	0.0	0.0	0.0	0.0	0.0	0.0	0.0	0.0	0.0	0.0	25.617560733681685	0.0	0.0	0.0	0.0	0.0	0.0
GSM4138110_HNSCC_1_PBMC_AATCGGTGTCTAGCCG	86.10025967935536	58.501013208277854	32.90910982078876	24.694173923596527	110.35507056138972	0.0	27.35055933455356	0.0	0.0	0.0	0.0	37.49526418106631	0.0	103.60321466465658	0.0	0.0	0.0	0.0	0.0	0.0	0.0	0.0	0.0	0.0	0.0	0.0	0.0	0.0	0.0	0.0
GSM4138110_HNSCC_1_PBMC_ACACCCTCATCTACGA	64.90157311724798	58.33388404824512	0.0	0.0	0.0	0.0	1.0296187515503459	0.0	50.23288599247483	0.0	0.0	0.0	21.25923550765179	0.0	64.7187051905361	0.0	0.0	38.72109825644057	0.0	0.0	0.0	2.6744731220190525	0.0	0.0	0.0	0.0	0.0	0.0	0.0	0.0
GSM4138110_HNSCC_1_PBMC_ACACCGGCACCATGTA	216.61009567895914	173.71330013134764	0.0	0.0	176.21584703625484	0.0	0.0	0.0	0.0	64.86984112066878	0.0	167.62666944593818	57.475467951790485	55.17263428287313	0.0	0.0	0.0	0.0	17.50246729460787	0.0	0.0	0.0	0.0	0.0	0.0	0.0	0.0	0.0	0.0	0.0
GSM4138110_HNSCC_1_PBMC_ACATCAGAGCGTTCCG	177.29397535209264	108.65700077414635	0.0	104.17203692371561	84.81942554630609	167.52494543607756	3.7899129543243992	0.0	0.0	7.8544287003555135	0.0	0.0	33.89242608301379	0.0	0.0	0.0	0.0	0.0	0.0	0.0	0.0	0.0	0.0	0.0	0.0	0.0	0.0	0.0	0.0	0.0
GSM4138110_HNSCC_1_PBMC_ACCCACTCAATGTAAG	57.61588324717531	48.26436462638791	0.0	0.0	0.0	0.0	1.696564376944247	0.0	0.0	0.5926006853614608	0.0	0.0	0.0	0.0	19.21673497175958	13.093286463587189	29.36293137195683	0.0	51.74766218404472	0.0	0.0	0.0	0.0	23.899457965703707	0.0	0.0	0.0	0.0	0.0	0.0
GSM4138110_HNSCC_1_PBMC_ACCCACTGTAAGTGTA	110.49557263595115	38.601477121871135	0.0	49.395110315583814	0.0	0.0	0.0	80.33430506574727	0.0	0.0	0.0	0.0	31.446539449649446	0.0	0.0	41.48450451162584	0.0	17.59733758426795	0.0	0.0	0.0	0.0	0.0	0.0	0.0	0.0	0.0	0.0	2.5927195340044205	0.0
GSM4138110_HNSCC_1_PBMC_ACCTTTATCATAACCG	102.48300506255757	71.01930829497266	86.84290983559387	0.0	63.59132758048698	0.0	0.0	0.0	116.99509010712015	0.0	0.0	0.0	0.0	0.0	0.0	0.0	0.0	0.0	0.0	0.0	0.0	0.0	0.0	42.24494859728028	0.0	0.0	0.0	0.0	0.0	0.0
GSM4138110_HNSCC_1_PBMC_ACGAGCCAGGTGTGGT	89.33572950355551	41.37654674879758	41.798217854080406	0.0	0.0	0.0	0.0	0.0	0.0	0.0	0.0	0.0	0.0	0.0	0.0	0.0	0.0	40.022853086861694	1.4008897202481219	0.0	0.0	104.11699890027201	0.0	28.079785843828084	0.0	0.0	0.0	0.0	0.0	0.0
GSM4138110_HNSCC_1_PBMC_ACGATACCATATGAGA	51.791342322384786	32.969576192920535	0.0	0.0	0.0	50.73610451606807	17.064597090653958	0.0	0.0	0.0	0.0	62.485334067570555	0.0	0.0	0.0	35.725392593292014	0.0	0.0	0.0	0.0	0.0	0.0	0.0	0.0	0.0	0.0	0.0	0.0	0.0	0.0
GSM4138110_HNSCC_1_PBMC_ACGATACTCTGATTCT	36.59873850466782	39.51613300358242	0.0	4.874425842702154	0.0	0.0	0.0	0.0	0.0	0.0	0.0	65.2413135801616	18.39253000153014	0.0	0.0	0.0	0.0	65.41663911584615	0.0	0.0	0.0	0.0	0.0	0.0	0.0	0.0	63.88922394840696	0.0	0.0	0.0
GSM4138110_HNSCC_1_PBMC_ACGATGTCAGGCAGTA	61.56452935060705	44.1292712293959	79.38578337695816	0.0	35.54076321591751	0.0	19.525687176203927	61.16086227616527	0.0	0.0	0.0	0.0	0.0	0.0	0.0	0.0	0.0	0.0	0.0	3.8029976204184344	0.0	0.0	0.0	2.2691642323613204	0.0	0.0	0.0	0.0	0.0	0.0
GSM4138110_HNSCC_1_PBMC_ACGCAGCGTAGAGCTG	52.93092491528637	43.96476645814216	72.11113941449335	0.0	25.446649583654533	0.0	6.818424724389167	0.0	41.458095757158716	0.0	0.0	0.0	0.0	0.0	0.0	0.0	0.0	0.0	0.0	0.0	0.0	0.0	0.0	11.357803534156096	0.0	0.0	0.0	0.0	0.0	0.0
GSM4138110_HNSCC_1_PBMC_ACGCCGAAGGTAGCTG	38.49858537733672	106.64011570058383	0.0	0.0	41.85315770941432	0.0	0.0	0.0	0.0	31.748439069120515	0.0	0.0	0.0	0.0	0.0	0.0	28.45413224544008	0.0	0.0	0.0	0.0	0.0	0.0	19.63830733370101	0.0	0.0	0.0	0.0	0.0	0.0
GSM4138110_HNSCC_1_PBMC_ACGGGCTGTGATAAAC	52.19645152114656	49.14135810986717	77.57462049740293	0.0	0.0	0.0	27.575798167831003	0.0	0.0	112.18317128202607	0.0	0.0	0.0	0.0	0.0	0.0	0.0	19.932273842889092	0.0	0.0	0.0	0.0	0.0	0.0	19.821305001577798	0.0	0.0	0.0	0.0	0.0
GSM4138110_HNSCC_1_PBMC_ACGTCAACATCACGAT	30.444778624639067	50.4059011068659	39.80741538642774	0.0	0.0	23.88032964354173	0.0	0.0	0.0	8.81633138335776	0.0	0.0	0.0	0.0	0.0	0.0	0.0	0.0	0.0	0.0	49.73395317118726	0.0	0.0	16.932459847456204	0.0	0.0	0.0	0.0	0.0	0.0
GSM4138110_HNSCC_1_PBMC_ACTATCTAGGAATTAC	138.3748285929894	194.92528988972242	0.0	0.0	69.26505936164085	0.0	0.0	0.0	0.0	86.84876039983561	0.0	138.56874851313137	29.637098619281304	0.0	0.0	0.0	0.0	0.0	0.0	0.0	0.0	0.0	0.0	0.0	0.0	0.0	0.0	0.0	0.0	0.0
GSM4138110_HNSCC_1_PBMC_ACTGATGTCGTTACGA	133.48640439320366	135.13318666503858	0.0	96.47190196163884	67.64007511553133	0.0	37.56028766459635	0.0	0.0	0.0	0.0	0.0	0.0	0.0	0.0	0.0	0.0	0.0	0.0	0.0	0.0	0.0	67.8079701619859	0.0	0.0	0.0	0.0	0.0	34.5218154221764	0.0
GSM4138110_HNSCC_1_PBMC_ACTTACTAGATAGGAG	102.31917612855041	107.27301097051115	0.0	45.51039080930885	0.0	0.0	6.954707350628181	0.0	0.0	59.89168705782043	63.4149985273075	0.0	6.980638425566485	0.0	0.0	0.0	0.0	0.0	0.0	0.0	0.0	0.0	0.0	0.0	0.0	0.0	0.0	0.0	0.0	0.0
GSM4138110_HNSCC_1_PBMC_ACTTGTTTCCACGACG	50.3481443749287	116.10125468826223	0.0	0.0	0.0	0.0	0.0	0.0	0.0	92.36117321820369	21.457813180261958	0.0	20.136350284725314	0.0	0.0	0.0	51.6958307898009	0.0	0.0	0.0	34.16104689666356	0.0	0.0	0.0	0.0	0.0	0.0	0.0	0.0	0.0
GSM4138110_HNSCC_1_PBMC_ACTTTCATCGTCACGG	48.72346912626713	72.50814554301353	0.0	0.0	0.0	42.74474928645296	0.0	0.0	0.0	0.0	36.73477352284999	6.289728970978246	36.50325424089315	0.0	0.0	0.0	66.53202398268257	0.0	0.0	0.0	0.0	0.0	0.0	0.0	0.0	0.0	0.0	0.0	0.0	0.0
GSM4138110_HNSCC_1_PBMC_AGATTGCTCATGCTCC	66.38579302085395	76.2071404980061	0.0	139.46431296581775	0.0	72.62153817129942	0.0	0.0	0.0	0.0	0.0	0.0	31.186549814350954	0.0	0.0	13.992382961010593	0.0	37.41703787758382	0.0	0.0	0.0	0.0	0.0	26.567586012820676	0.0	0.0	0.0	0.0	0.0	0.0
GSM4138110_HNSCC_1_PBMC_AGATTGCTCCTAGAAC	48.357199054375364	40.68932039040184	141.09850050323553	0.0	0.0	1.3542962667518044	0.0	0.0	0.0	39.65486863261504	0.0	0.0	18.533635585593636	0.0	0.0	0.0	0.0	0.0	0.0	0.0	10.953075845249446	0.0	0.0	0.0	0.0	0.0	0.0	0.0	0.0	0.0
GSM4138110_HNSCC_1_PBMC_AGCAGCCTCACTCTTA	85.86483202414993	56.21236130014864	0.0	52.366426056846706	45.61476761045274	0.0	18.412259284590156	60.40048580263941	0.0	0.0	0.0	0.0	0.0	0.0	0.0	0.0	0.0	0.0	0.0	0.0	0.0	0.0	0.0	0.0	0.0	0.0	0.0	0.0	0.0	0.0
GSM4138110_HNSCC_1_PBMC_AGCCTAAAGCGTGAAC	123.45085868491162	108.78929367076907	111.30281863185107	0.0	0.0	0.0	34.76406826629431	106.55371483388969	0.0	0.0	0.0	0.0	0.0	0.0	0.0	0.0	0.0	0.0	0.0	31.552180489351123	33.08664020150282	0.0	0.0	0.0	0.0	0.0	0.0	0.0	0.0	0.0
GSM4138110_HNSCC_1_PBMC_AGCCTAAGTCTCATCC	43.96994826088523	20.226975857606952	24.719066668252943	0.0	0.0	87.37153902495555	8.156171292893173	0.0	0.0	21.249130858338642	27.294505602374173	0.0	0.0	0.0	0.0	0.0	0.0	0.0	0.0	0.0	0.0	0.0	0.0	0.0	0.0	0.0	0.0	0.0	0.0	0.0
GSM4138110_HNSCC_1_PBMC_AGCGTATAGCCAGTTT	60.16429078308121	62.05772218650432	107.94437214428976	0.0	4.290118399205538	0.0	12.666170601357406	0.0	0.0	70.60517846640646	45.903207693954	0.0	0.0	0.0	0.0	0.0	0.0	0.0	0.0	0.0	0.0	0.0	0.0	11.228210429566456	0.0	0.0	0.0	0.0	0.0	0.0
GSM4138110_HNSCC_1_PBMC_AGCGTCGAGCGCTCCA	98.4150813973195	74.54549003920926	0.0	50.73775800863832	0.0	36.38992337609751	5.783728159642225	0.0	0.0	0.0	38.123897357703335	3.0142557872757143	21.768428771899412	0.0	0.0	0.0	0.0	8.423614469318606	0.0	0.0	0.0	0.0	0.0	7.2635559363116755	0.0	0.0	0.0	0.0	0.0	0.0
GSM4138110_HNSCC_1_PBMC_AGCTCCTGTATCACCA	130.56023807678395	127.62307758143766	0.0	0.0	0.0	106.78303195993226	0.0	0.0	0.0	0.0	0.0	0.0	13.360567250983848	0.0	167.7618672500452	0.0	0.0	0.0	0.0	0.0	0.0	0.0	0.0	27.189006711961277	64.11610744599653	0.0	0.0	0.0	0.0	0.0
GSM4138110_HNSCC_1_PBMC_AGCTCTCAGTCGTTTG	139.32878699992696	88.93816160326716	0.0	57.03113642346296	0.0	81.81915527701973	32.061385624935035	28.10640449467147	0.0	0.0	0.0	20.788180216271883	0.0	0.0	0.0	49.31131673573026	0.0	0.0	0.0	0.0	0.0	0.0	0.0	0.0	12.472711164493264	0.0	0.0	0.0	0.0	0.0
GSM4138110_HNSCC_1_PBMC_AGCTTGAAGACTGGGT	76.35172615640667	45.63069777511206	0.0	0.0	0.0	0.0	0.0	0.0	39.03815315555936	0.0	0.0	0.0	64.7685385679941	0.0	74.68669956393158	41.54154200804454	0.0	7.061311681234512	34.91844511331049	0.0	0.0	0.0	0.0	0.0	0.0	0.0	0.0	0.0	0.0	0.0
GSM4138110_HNSCC_1_PBMC_AGGCCGTAGACTACAA	84.6677644156599	79.93775474677476	62.496516080381205	14.121936535468683	67.71426324373675	100.45495638705175	7.233794790368835	0.0	0.0	0.0	0.0	0.0	0.0	0.0	0.0	0.0	0.0	0.0	0.0	0.0	0.0	0.0	0.0	25.077399269847827	0.0	0.0	0.0	0.0	0.0	0.0
GSM4138110_HNSCC_1_PBMC_AGGGATGAGACCCACC	68.54385268406355	61.61830678724118	80.94072582685718	0.0	46.4130788953095	0.0	27.296599475483514	56.82026162888832	0.0	0.0	0.0	0.0	0.0	0.0	0.0	0.0	0.0	0.0	0.0	0.0	0.0	0.0	0.0	0.0	0.0	0.0	0.0	0.0	0.0	0.0
GSM4138110_HNSCC_1_PBMC_AGGGATGCATGTTCCC	91.2646430450142	93.88852227143795	0.0	93.20360317289717	0.0	0.0	0.0	0.0	0.0	0.0	0.0	0.0	53.802210654417834	0.0	0.0	0.0	0.0	0.0	0.0	0.0	0.0	0.0	28.79898061686548	0.0	54.074140970064846	0.0	0.0	0.0	0.0	58.359050031363246
GSM4138110_HNSCC_1_PBMC_AGTAGTCGTCAATGTC	55.874734189559454	48.83457951208293	0.0	0.0	27.194851590883214	0.0	30.22275889383585	0.0	0.0	0.0	30.18503688849434	65.98882133931686	0.0	53.73105276673158	0.0	0.0	0.0	0.0	0.0	0.0	0.0	0.0	0.0	0.0	0.0	0.0	0.0	0.0	0.0	0.0
GSM4138110_HNSCC_1_PBMC_AGTAGTCGTCCGAAGA	72.53675777947534	92.60849178118771	84.0803574563189	0.0	37.44451831255129	0.0	0.0	0.0	0.0	0.0	0.0	0.0	0.0	0.0	0.0	0.0	0.0	0.0	0.0	0.0	0.0	75.68806220043768	0.0	17.42745411010504	0.0	0.0	0.0	0.0	0.0	0.0
GSM4138110_HNSCC_1_PBMC_AGTGGGAAGGAGCGAG	137.1295702734477	108.94838867593653	109.22597606139021	0.0	126.5262265197691	0.0	0.0	0.0	0.0	0.0	0.0	0.0	13.379996867662031	121.35546418843262	0.0	0.0	0.0	0.0	0.0	0.0	0.0	0.0	0.0	46.45858085671397	0.0	0.0	0.0	0.0	0.0	0.0
GSM4138110_HNSCC_1_PBMC_AGTGTCAGTACCGGCT	63.42009677613162	71.34405753532552	25.170312735272834	0.0	0.0	0.0	33.14886517195754	130.1338516124043	0.0	0.0	0.0	43.579198748500175	0.0	0.0	0.0	0.0	96.51204653055761	0.0	0.0	13.459777392927474	0.0	0.0	0.0	0.0	0.0	0.0	0.0	0.0	0.0	0.0
GSM4138110_HNSCC_1_PBMC_ATAAGAGAGCTGATAA	44.30101122711072	35.325263320617985	87.64028705522006	0.0	0.0	0.0	2.831154215931889	0.0	20.58333410462588	0.0	22.64483568793365	0.0	31.9131652195791	0.0	0.0	0.0	0.0	0.0	0.6148937348560501	0.0	8.065211380844794	0.0	0.0	0.0	0.0	0.0	0.0	0.0	0.0	0.0
GSM4138110_HNSCC_1_PBMC_ATCACGAGTCAAACTC	72.01374092617388	83.57250528581248	0.0	51.587542949575415	0.0	0.0	16.964472824808485	71.54441015522602	0.0	0.0	0.0	0.0	1.4727973762152409	0.0	0.0	21.89782453699032	0.0	0.0	0.0	0.0	0.0	0.0	0.0	0.0	0.0	0.0	0.0	0.0	0.0	0.0
GSM4138110_HNSCC_1_PBMC_ATCATCTTCTGTGCAA	85.23091360956671	48.833924351435826	54.42640985403926	0.0	58.59189983876612	40.848144929711715	0.0	0.0	0.0	0.0	0.0	0.0	23.402216777208626	0.0	0.0	0.0	0.0	0.0	7.6157701430086755	0.0	0.0	0.0	0.0	0.0	0.0	0.0	0.0	0.0	0.0	0.0
GSM4138110_HNSCC_1_PBMC_ATCATGGGTCACTGGC	47.90966940034356	108.95811525389207	0.0	79.7843865770416	70.55721310579497	0.42364243761979037	0.0	0.0	0.0	0.0	0.0	0.0	23.300769115490805	0.0	0.0	0.0	0.0	0.0	0.0	0.0	0.0	0.0	0.0	0.0	0.0	0.0	106.81857302128918	0.0	0.0	0.0
GSM4138110_HNSCC_1_PBMC_ATCTGCCCATACGCCG	43.63859411858383	76.45563761556645	71.96354722639441	0.0	0.0	0.0	33.98311884027736	0.0	4.547325443898517	0.0	0.0	0.0	0.0	0.9576696361360364	0.0	0.0	0.0	72.29112252497775	0.0	0.0	0.0	0.0	45.05586253432479	0.0	0.0	0.0	0.0	0.0	0.0	0.0
GSM4138110_HNSCC_1_PBMC_ATGAGGGAGTGTACGG	111.07643701164223	75.43347093401161	57.7479973062543	0.0	60.55443868793995	0.0	26.09287632342465	0.0	0.0	0.0	0.0	0.0	0.0	107.20783669873269	0.0	0.0	0.0	0.0	0.0	0.0	0.0	0.0	0.0	0.0	0.0	0.0	0.0	0.0	0.0	0.0
GSM4138110_HNSCC_1_PBMC_ATGGGAGAGACCCACC	232.30344589508104	127.39844659924117	0.0	97.81031799288056	0.0	129.10690952224206	43.13734939840872	0.0	0.0	0.0	67.20190526107841	0.0	0.0	0.0	0.0	0.0	0.0	0.0	0.0	0.0	82.61166064362017	0.0	0.0	0.0	0.0	0.0	0.0	34.145933574468195	0.0	0.0
GSM4138110_HNSCC_1_PBMC_ATGTGTGTCCAGTAGT	48.70746798235548	51.862851910938076	58.91093880900224	0.0	0.0	0.0	14.227041338486336	50.990681698153324	0.0	27.90305203846381	0.0	0.0	0.0	0.0	0.0	0.0	0.0	0.0	0.0	0.0	30.897603825792526	0.0	0.0	0.0	0.0	0.0	0.0	0.0	0.0	0.0
GSM4138110_HNSCC_1_PBMC_ATTATCCAGCGCCTTG	127.90556443551368	91.17940014008032	0.0	79.45022251621054	0.0	0.0	32.933616765860336	0.0	84.14533591517251	0.0	0.0	0.0	0.0	0.0	0.0	67.20327099676518	0.0	0.0	0.0	0.0	0.0	0.0	0.0	0.0	10.658897154186953	0.0	0.0	0.0	0.0	0.0
GSM4138110_HNSCC_1_PBMC_ATTCTACAGATGTCGG	103.88216274376039	77.69370724175457	65.67750668175043	0.0	8.446358116833236	0.0	0.0	0.0	0.0	0.0	0.0	0.0	22.3918278571859	66.06612540526012	0.0	34.81528706291818	0.0	15.516033535885823	0.0	0.0	0.0	0.0	9.134949354431537	0.0	0.0	0.0	0.0	0.0	0.0	0.0
GSM4138110_HNSCC_1_PBMC_ATTGGACAGAAGGCCT	39.75120404548871	61.00981055340345	41.42740280399325	0.0	0.0	0.0	0.0	0.0	0.0	36.796187437394686	0.0	0.0	22.91164035270466	0.0	0.0	0.0	0.0	0.0	0.0	0.0	51.8388084244695	0.0	9.53614725193323	0.0	0.0	0.0	0.0	0.0	0.0	0.0
GSM4138110_HNSCC_1_PBMC_ATTGGTGCACAGGAGT	78.32653147361623	105.69667098573522	54.1674840430376	0.0	0.0	0.0	21.785566898930256	97.79561556906467	0.0	0.0	0.0	0.0	0.0	0.0	0.0	0.0	0.0	0.0	0.0	0.0	42.65427392870909	0.0	0.0	0.0	0.0	0.0	0.0	0.0	0.0	0.0
GSM4138110_HNSCC_1_PBMC_CAACCTCTCTAAGCCA	33.79135202116495	77.38096564076199	0.0	41.47979994238114	0.0	0.0	27.41189190887845	43.542930380188864	0.0	0.0	53.498676970771264	0.0	0.0	0.0	0.0	8.422889764424605	0.0	0.0	0.0	0.0	0.0	0.0	0.0	0.0	0.0	0.0	0.0	0.0	0.0	0.0
GSM4138110_HNSCC_1_PBMC_CAACTAGGTGTCCTCT	75.39007779845355	76.96062730825753	19.6947224494103	0.0	0.0	0.0	17.16165003089336	36.906618406558216	0.0	0.0	0.0	0.0	0.0	0.0	35.02274491406812	66.81409101428635	0.0	0.0	0.0	0.0	0.0	0.0	33.108509167760744	0.0	0.0	0.0	0.0	0.0	0.0	0.0
GSM4138110_HNSCC_1_PBMC_CAACTAGTCAAGATCC	57.21699218452764	15.190674087867917	0.0	69.91873240255435	0.0	3.5439114205270865	19.58069808387743	81.93543051438238	0.0	0.0	0.0	0.0	0.0	0.0	0.0	5.740426953474461	0.0	30.0961543029619	0.0	0.0	0.0	0.0	0.0	0.0	2.8459848796633738	0.0	0.0	0.0	0.0	0.0
GSM4138110_HNSCC_1_PBMC_CAAGAAATCACAAACC	48.522153636016014	51.06896452914704	0.0	46.57069494606096	46.19966475606734	0.0	4.802614650277221	48.61700256335088	0.0	0.0	0.0	0.0	8.590659211000052	0.0	0.0	0.0	0.0	0.0	0.0	0.0	0.0	0.0	0.0	0.7842809283830326	0.0	0.0	0.0	0.0	0.0	0.0
GSM4138110_HNSCC_1_PBMC_CAAGTTGCATGTTCCC	92.71371140050768	132.35727070727108	60.54397522362542	40.60687010583906	22.145538595398065	0.0	25.563749277424574	0.0	85.42143815901532	0.0	0.0	0.0	6.958422743658367	26.198620848752142	0.0	0.0	0.0	0.0	0.0	0.0	0.0	0.0	0.0	0.0	66.59648912606029	0.0	0.0	0.0	0.0	0.0
GSM4138110_HNSCC_1_PBMC_CACACTCTCAAGATCC	88.58356976593548	106.04694252357649	6.69256617070222	0.0	82.92112410152505	5.995474971941942	10.157773398911909	0.0	0.0	0.0	0.0	0.0	9.562441456807434	0.0	34.97891390987953	0.0	25.912611356265646	0.0	61.7073063221225	0.0	0.0	33.71529983945912	0.0	0.023035818880023467	0.0	0.0	0.0	0.0	0.0	0.0
GSM4138110_HNSCC_1_PBMC_CACAGGCTCCGCGTTT	89.54412724797099	57.126416707974286	0.0	0.0	22.763193019750965	0.0	0.0	0.0	0.0	0.0	0.0	0.0	33.67396156745951	0.0	84.24422288712854	0.0	0.0	0.0	0.0	0.0	33.92153268550025	98.03260947955137	0.0	0.0	0.0	0.0	0.0	0.0	0.0	0.0
GSM4138110_HNSCC_1_PBMC_CACAGTAAGTTACCCA	69.95864881450183	49.15932305826641	86.50881316940345	0.0	23.22352463454165	0.0	25.21861725294497	0.0	0.0	0.0	29.54598718515593	0.0	0.0	0.0	9.637043711319823	0.0	0.0	0.0	0.0	0.0	0.0	0.0	108.9813697367148	0.0	0.0	0.0	0.0	0.0	0.0	0.0
GSM4138110_HNSCC_1_PBMC_CACATTTAGTAGCGGT	57.455086622102144	45.00106478095533	0.0	0.0	44.022048270571744	67.3203157294842	11.298640255578887	0.0	0.0	0.0	0.0	0.0	0.0	0.0	0.0	0.0	84.6796367599836	0.0	0.0	0.0	0.0	0.0	0.0	3.84002863088057	0.0	0.0	0.0	0.0	0.0	0.0
GSM4138110_HNSCC_1_PBMC_CACCACTTCCGCGGTA	56.946931001276525	120.96508529633748	0.0	0.0	25.235423887443968	0.0	0.0	0.0	0.0	0.0	0.0	35.51348816361211	52.44579248331909	0.0	0.0	0.0	0.0	0.0	0.0	0.0	0.0	0.0	39.978895778729076	0.0	0.0	0.0	0.0	0.0	0.0	0.0
GSM4138110_HNSCC_1_PBMC_CAGAGAGAGCCACTAT	46.21684072716937	39.25134331623512	12.489465256138356	0.0	88.00521647288014	0.0	14.000759643911186	0.0	0.0	0.0	0.0	0.0	0.0	0.0	42.09765477736237	0.0	0.0	0.0	71.53799566047721	0.0	0.0	0.0	0.0	0.0	0.0	0.0	0.0	0.0	0.0	0.0
GSM4138110_HNSCC_1_PBMC_CAGCAGCGTGCAGTAG	72.16513888264319	67.56765689596615	35.8327795470983	0.0	0.0	0.0	0.0	29.789153511372838	0.0	0.0	0.0	0.0	0.0	0.0	0.0	0.0	0.0	0.0	0.0	14.378661473424007	0.0	0.0	0.0	14.084658919063738	0.0	0.0	0.0	0.0	0.0	0.0
GSM4138110_HNSCC_1_PBMC_CAGCATAAGTACTTGC	74.19332566179482	65.97391481900088	9.2906056071652	0.0	0.0	0.0	21.31705670033596	77.54602466255925	0.0	0.0	0.0	0.0	0.0	0.0	9.558555718066879	24.60506405051222	0.0	59.68779229265336	0.0	0.0	0.0	0.0	0.0	0.0	0.0	0.0	0.0	0.0	0.0	0.0
GSM4138110_HNSCC_1_PBMC_CAGCATATCAGAGGTG	135.80569126533447	132.33925751587424	21.341422037285742	0.0	80.33417663385538	0.0	97.49104401524525	0.0	0.0	103.44529069017595	0.0	0.0	0.0	0.0	0.0	0.0	82.7061745435406	0.0	0.0	0.0	0.0	0.0	0.0	0.0	0.0	0.0	0.0	0.0	0.0	0.0
GSM4138110_HNSCC_1_PBMC_CAGCTAAGTTCCACGG	0.0	0.0	0.0	0.0	0.0	0.0	1187.6344090040325	0.0	0.0	0.0	0.0	0.0	184.86997419161005	0.0	0.0	0.0	0.0	0.0	0.0	0.0	0.0	0.0	0.0	10.279254953887621	0.0	0.0	0.0	0.0	0.0	0.0
GSM4138110_HNSCC_1_PBMC_CATCGAAGTACTTCTT	143.3163762555724	56.34660934380534	114.56979808036385	0.0	0.9279917953845886	30.80723362519774	10.712707601012617	0.0	0.0	0.0	0.0	0.0	0.0	0.0	0.0	6.2247632760983285	0.0	41.53951239674038	0.0	0.0	0.0	30.69477025749142	0.0	3.7723043319533294	0.0	0.0	0.0	0.0	0.0	0.0
GSM4138110_HNSCC_1_PBMC_CATCGGGAGAGCTTCT	48.17012899617463	36.39620070609571	0.0	0.0	0.0	0.0	0.0	0.0	19.927269821792528	0.0	0.0	20.94983274031872	14.069049329423422	0.0	0.0	22.297466432425775	0.0	0.0	8.83866347820675	0.0	0.0	0.0	0.0	0.0	0.0	0.0	0.0	0.0	0.0	0.0
GSM4138110_HNSCC_1_PBMC_CATTATCTCGATCCCT	82.99873926435949	117.71883851397264	0.0	0.0	0.0	30.371519793304298	0.0	0.0	0.0	39.47723999997869	0.0	0.0	45.10418607465621	0.0	126.63790274049775	0.0	0.0	0.0	0.0	0.0	64.92526913363021	0.0	0.0	0.0	0.0	0.0	0.0	0.0	0.0	0.0
GSM4138110_HNSCC_1_PBMC_CATTCGCAGTGAAGAG	169.37788481837967	123.69667708974805	58.12827165140504	0.0	0.0	100.65646744560992	0.0	0.0	0.0	0.0	0.0	0.0	0.0	0.0	0.0	0.0	84.84549861935511	0.0	0.0	75.48322512803094	0.0	0.0	0.0	65.1943258794721	0.0	0.0	0.0	0.0	0.0	0.0
GSM4138110_HNSCC_1_PBMC_CCACGGACAGATGGGT	169.4907702625137	123.50009460003473	0.0	19.924369149974858	0.0	88.40356182271994	0.0	0.0	0.0	0.0	52.256952627207355	120.88936395415949	49.745776335241686	0.0	0.0	0.0	0.0	0.0	0.0	0.0	0.0	11.765761692584341	0.0	0.0	0.0	0.0	0.0	0.0	0.0	0.0
GSM4138110_HNSCC_1_PBMC_CCACTACAGGTTCCTA	102.8192249555103	72.15388530412999	0.0	0.0	58.33122727043245	0.0	0.0	0.0	0.0	0.0	0.0	27.283424087802572	28.177731910172113	0.0	0.0	0.0	50.60585821625622	0.0	62.61152646435693	0.0	0.0	0.0	0.0	0.0	0.0	0.0	0.0	0.0	0.0	0.0
GSM4138110_HNSCC_1_PBMC_CCCAGTTAGGCACATG	86.58895443243544	76.88901518344906	0.0	2.618448880812563	0.0	0.0	0.0	0.0	0.0	0.0	54.16309682616931	31.24440635135282	34.23464365776771	0.0	0.0	0.0	0.0	0.0	54.388385513422435	0.0	0.0	0.0	0.0	0.0	0.0	0.0	0.0	0.0	0.0	0.0
GSM4138110_HNSCC_1_PBMC_CCCTCCTGTACAGCAG	107.5976471016631	28.51269563291971	37.95299139009351	0.0	0.0	0.0	38.633292238373066	0.0	0.0	59.15516539364475	0.0	0.0	0.0	0.0	0.0	0.0	0.0	0.0	0.0	64.48192920688004	0.0	0.0	0.0	0.32275320411515696	0.0	0.0	0.0	0.0	0.0	0.0
GSM4138110_HNSCC_1_PBMC_CCCTCCTTCCATGAAC	35.13508008953417	51.3161686176278	31.998896410750216	0.0	0.0	0.0	55.91580670249301	0.0	14.11855298837376	48.20637192970225	30.582786302079494	15.610161637476523	0.0	0.0	0.0	0.0	0.0	0.0	0.0	0.0	4.827120144248074	0.0	0.0	0.0	0.0	0.0	0.0	0.0	0.0	0.0
GSM4138110_HNSCC_1_PBMC_CCGTACTGTTCCAACA	98.74953846210222	97.65099168878774	102.8985430120255	0.0	100.14684342646872	66.45292457550667	32.78737692237447	0.0	0.0	10.686250152220916	0.0	0.0	0.0	0.0	0.0	0.0	0.0	0.0	0.0	0.0	0.0	0.0	0.0	0.0	0.0	0.0	0.0	0.0	0.0	0.0
GSM4138110_HNSCC_1_PBMC_CCGTACTTCCGATATG	39.64193912753445	41.59053983195667	0.0	36.60127273657992	0.0	0.0	0.0	46.37101767269136	0.0	0.0	0.0	0.0	0.0	0.0	0.0	18.265237240564467	0.0	27.07925323463439	0.0	0.0	0.0	0.0	0.0	19.550457768459285	0.0	0.0	0.0	0.0	0.0	0.0
GSM4138110_HNSCC_1_PBMC_CCGTGGAAGGAGTACC	80.33583046115204	51.11648024380211	0.0	59.431621503222466	0.0	0.0	0.0	60.61091675875657	0.0	0.0	49.02004343416074	0.0	22.69554266095578	0.0	0.0	0.0	0.0	0.0	0.0	0.0	0.0	0.0	0.0	0.0	0.0	0.0	0.0	0.0	0.0	0.0
GSM4138110_HNSCC_1_PBMC_CCTAAAGAGCGCCTCA	145.45407656267903	169.5382848139992	92.10479305650728	0.0	87.73433204844076	0.0	0.0	0.0	0.0	112.65806933210987	0.0	0.0	0.0	0.0	0.0	0.0	0.0	87.72861608101563	0.0	0.0	0.0	0.0	0.0	64.47001564504389	0.0	0.0	0.0	0.0	0.0	0.0
GSM4138110_HNSCC_1_PBMC_CCTACACCACAGGCCT	51.397452494772175	112.25573282948292	80.90867563966853	0.0	0.0	0.0	0.0	77.96327684307	0.0	0.0	0.0	0.0	19.464240845114144	0.0	0.0	0.0	0.0	0.0	0.0	0.0	0.0	0.0	0.0	8.888342706832773	44.34374917878364	0.0	0.0	0.0	0.0	0.0
GSM4138110_HNSCC_1_PBMC_CCTATTACACAAGACG	114.90687611006932	113.35467882970794	19.533599188643144	0.0	0.0	0.0	2.4708352473920496	143.88134506434713	0.0	0.0	0.0	94.11942461758142	4.431776488946633	0.0	0.0	4.16452531901973	0.0	0.0	0.0	0.0	0.0	0.0	0.0	14.566704652310682	73.02507300292885	0.0	0.0	0.0	0.0	0.0
GSM4138110_HNSCC_1_PBMC_CCTTACGAGAATAGGG	61.779710921404536	47.150969829791144	56.221548396606615	0.0	49.14497948966281	0.0	22.859703746097164	0.0	0.0	110.54022894768624	0.0	16.695877985441065	0.0	0.0	0.0	0.0	14.855113427603971	0.0	19.942116925439564	0.0	0.0	0.0	0.0	0.0	0.0	0.0	0.0	0.0	0.0	0.0
GSM4138110_HNSCC_1_PBMC_CGAACATGTCCAGTAT	44.84353850020519	48.863135954433545	49.24792433819913	0.0	8.590126240286162	0.0	37.22155113889492	0.0	0.0	55.80114292543054	0.0	0.0	0.0	0.0	0.0	0.0	0.0	10.692474443444391	0.0	0.0	0.0	0.0	0.0	0.0	0.0	0.0	0.0	0.0	28.45512531066542	0.0
GSM4138110_HNSCC_1_PBMC_CGATCGGCAACACCCG	71.23834490956224	44.37922217786656	0.0	0.0	0.0	30.246665738826607	9.65268383735284	0.0	0.0	0.0	0.0	0.0	0.0	0.0	36.32377143848129	0.0	0.0	0.0	9.990455092975123	13.943515359217782	0.0	0.0	0.0	0.0	0.0	0.0	0.0	0.0	0.0	0.0
GSM4138110_HNSCC_1_PBMC_CGATGTATCCTTTCGG	64.83488865701769	63.87616370047573	0.0	0.0	0.0	56.037891668296055	8.053449572953314	0.0	0.0	0.0	0.0	0.0	31.03305600009402	0.0	55.49271869422058	0.0	0.0	0.0	0.0	49.098810196942594	0.0	0.0	0.0	0.0	0.0	0.0	0.0	0.0	0.0	0.0
GSM4138110_HNSCC_1_PBMC_CGCGGTAAGACACGAC	49.582929396781424	85.9487616641895	0.0	0.0	27.849054059111126	0.0	0.0	39.718589112501384	0.0	0.0	0.0	4.134384997230945	18.02714271144628	0.0	0.0	0.0	0.0	0.0	0.0	0.0	0.0	0.0	18.687658409178294	0.0	0.0	0.0	0.0	0.0	0.0	0.0
GSM4138110_HNSCC_1_PBMC_CGCGGTATCAGTCCCT	88.57655671377937	41.46080175435171	53.16891515871907	0.0	23.84280883646111	0.0	25.336009796107092	0.0	0.0	0.0	0.0	0.0	0.0	56.04270954519974	0.0	0.0	0.0	0.0	0.0	0.0	20.897739251478626	0.0	0.0	0.0	0.0	0.0	0.0	0.0	0.0	0.0
GSM4138110_HNSCC_1_PBMC_CGCTATCAGGTAGCCA	98.15145307579868	70.59610423137043	103.33481273042835	0.0	93.27984128373475	0.0	24.305799401383855	130.77656791899457	0.0	0.0	0.0	0.0	0.0	0.0	0.0	0.0	0.0	0.0	4.963433881508639	0.0	0.0	0.0	0.0	0.0	0.0	0.0	0.0	0.0	0.0	0.0
GSM4138110_HNSCC_1_PBMC_CGCTTCACAGTACACT	74.48824942325051	72.54769105445952	93.84554669589504	0.0	0.0	0.0	0.0	0.0	0.0	0.0	0.0	0.0	22.276265989365157	19.51486833588511	0.0	0.0	0.0	63.33345015530085	0.0	0.0	0.0	0.0	50.6968134039925	0.0	8.755087426509688	0.0	0.0	0.0	0.0	0.0
GSM4138110_HNSCC_1_PBMC_CGGAGCTCAGACGCAA	43.79254046909073	76.50743772038973	0.0	0.0	29.45941356403974	0.0	8.895275570146019	0.0	0.0	0.0	0.0	0.0	0.0	0.0	0.0	0.0	60.55832532969647	0.0	0.0	0.0	0.0	48.85772963660514	0.0	12.416896083958976	0.0	0.0	0.0	0.0	0.0	0.0
GSM4138110_HNSCC_1_PBMC_CGGAGCTTCGCCTGAG	133.01984217134003	95.55678972094903	0.0	79.74970004304063	77.51659313092229	0.0	0.0	106.98997347894256	0.0	0.0	0.0	0.0	32.054126106714506	0.0	0.0	0.0	0.0	0.0	0.0	0.0	0.0	0.0	0.0	0.0	0.0	0.0	0.0	0.0	0.0	0.0
GSM4138110_HNSCC_1_PBMC_CGGCTAGTCACATAGC	179.84060683048966	137.6363655635824	0.0	77.19883445843976	0.0	0.0	42.6097526745931	20.785707671885778	0.0	0.0	0.0	0.0	0.0	0.0	0.0	60.539503427975724	0.0	0.0	34.17239925455194	0.0	0.0	0.0	0.0	0.0	43.926912635665374	0.0	47.827879192046595	0.0	0.0	0.0
GSM4138110_HNSCC_1_PBMC_CGGCTAGTCAGAGACG	38.88381437703311	118.71741194754728	0.0	63.463441156375275	26.20231395360961	0.0	0.0	0.0	0.0	0.0	1.7438599000907518	0.0	22.000099049870975	0.0	0.0	0.0	0.0	0.0	0.0	0.0	0.0	0.0	52.91911903000616	0.0	0.0	0.0	0.0	0.0	0.0	0.0
GSM4138110_HNSCC_1_PBMC_CGGCTAGTCCTAAGTG	114.85066096472157	43.00316202633685	78.34348607454466	0.0	20.219195077553245	0.0	0.0	111.77837470505135	0.0	0.0	0.0	0.0	23.42514828498691	0.0	0.0	0.0	0.0	0.0	0.0	0.0	0.0	0.0	0.0	0.0	0.0	0.0	0.0	0.0	25.296504975091803	0.0
GSM4138110_HNSCC_1_PBMC_CGTAGCGAGAAGGGTA	104.16264069324477	76.17266832024775	44.74497976460021	0.0	0.0	0.0	23.750780852497943	0.0	0.0	28.13722612284803	13.068386048193151	0.0	0.0	106.26233565677994	0.0	40.88052876095029	0.0	0.0	0.0	0.0	0.0	0.0	0.0	0.0	0.0	0.0	0.0	0.0	0.0	0.0
GSM4138110_HNSCC_1_PBMC_CGTAGGCGTGGTAACG	42.289379320151795	54.729159159096625	28.778639969909726	0.0	0.0	0.0	0.0	93.52523898758461	0.0	0.0	0.0	0.0	19.55919256704018	0.0	0.0	0.0	0.0	0.0	0.0	0.0	46.11835708341289	0.0	0.0	0.0	0.0	0.0	0.0	0.0	0.0	0.0
GSM4138110_HNSCC_1_PBMC_CGTCACTTCAAACCGT	82.11980643161617	59.6562192988502	0.0	0.0	0.0	0.0	0.0	0.0	0.0	0.0	0.0	0.0	0.0	0.0	61.56592777762271	0.0	0.0	0.0	0.0	63.28278882327266	0.0	80.76640959096052	0.0	44.597360844607515	0.0	0.0	0.0	0.0	0.0	0.0
GSM4138110_HNSCC_1_PBMC_CGTCCATAGCAGCGTA	38.316978214020224	43.40911942550769	0.0	16.022945539284056	0.0	0.0	0.0	0.0	11.67682316744342	0.0	0.0	0.0	15.37011371896939	10.876328303921927	0.0	0.0	0.0	0.0	43.24229600834365	61.42844432351834	0.0	0.0	0.0	0.0	0.0	0.0	0.0	0.0	0.0	0.0
GSM4138110_HNSCC_1_PBMC_CGTGTAAAGGTGTGGT	110.3734211093735	74.27257199913356	49.58186430911338	33.325180921394335	81.35769225364056	0.0	0.0	73.65544852891796	0.0	0.0	0.0	0.0	0.0	0.0	0.0	0.0	0.0	0.0	0.0	0.0	0.0	0.0	0.0	17.294012298156957	0.0	0.0	0.0	0.0	0.0	0.0
GSM4138110_HNSCC_1_PBMC_CGTTGGGCAGGCGATA	74.99822663010468	71.21321191728003	56.730436090149105	0.0	0.0	0.0	37.34513251958797	0.0	7.082872712547557	42.89397896687035	0.0	0.0	0.0	0.0	0.0	0.0	0.0	0.0	0.0	0.0	0.0	0.0	0.0	0.0	51.0310279851108	0.0	0.0	0.0	0.0	0.0
GSM4138110_HNSCC_1_PBMC_CTACACCGTAGCTTGT	67.65768980035627	49.79143343511076	0.0	48.625212004361096	0.0	0.0	24.993582551883055	0.0	87.34833400956465	0.0	0.0	0.0	0.0	0.0	0.0	0.0	0.0	0.0	0.0	0.0	0.0	0.0	0.0	0.0	45.27125926139192	0.0	0.0	0.0	0.0	0.0
GSM4138110_HNSCC_1_PBMC_CTACGTCAGTGGGATC	65.30661369767583	108.28086513265077	0.0	0.0	0.0	0.0	2.063287416017922	0.0	0.0	37.538655792706045	0.0	18.069173036021297	29.231312962373565	0.0	8.474539657756464	2.6875959598589754	0.0	0.0	0.0	0.0	0.0	0.0	0.0	0.0	86.47469693555033	0.0	0.0	0.0	0.0	0.0
GSM4138110_HNSCC_1_PBMC_CTACGTCTCCACGAAT	67.28896913651015	43.17885790577092	27.758393145219205	0.0	0.0	0.0	12.687130469286389	0.0	0.0	0.0	0.0	0.0	0.0	0.0	0.0	0.0	0.0	0.0	0.0	51.42535643502454	0.0	0.0	49.14000190207151	0.0	0.0	0.0	0.0	13.864355675917473	0.0	0.0
GSM4138110_HNSCC_1_PBMC_CTAGCCTAGCCAACAG	94.79142222331679	91.33586291591106	29.767350896892797	0.0	39.8807213377659	45.10193433224567	29.492817189155627	0.0	0.0	0.0	0.0	0.0	0.0	0.0	0.0	0.0	37.08393505499997	0.0	0.0	0.0	0.0	0.0	0.0	4.849224331516763	0.0	0.0	0.0	0.0	0.0	0.0
GSM4138110_HNSCC_1_PBMC_CTCAGAATCGAATGGG	94.32592123237708	73.2758133380629	92.16628748775821	0.0	0.0	0.0	45.20679793105386	106.09910686243303	0.0	0.0	0.0	0.0	0.0	0.0	0.0	66.40508256717396	0.0	0.0	0.0	0.0	0.0	0.0	0.0	0.0	0.0	0.0	0.0	0.0	0.0	0.0
GSM4138110_HNSCC_1_PBMC_CTCCTAGCAAGTCTGT	82.68343225779343	62.45888269239613	85.52395888655705	0.0	62.228724533256596	0.0	0.0	0.0	0.0	0.0	0.0	0.0	46.93113838305795	0.0	0.0	0.0	0.0	0.0	0.0	0.0	0.0	61.00970446696433	0.0	0.0	0.0	0.0	0.0	0.0	0.0	0.0
GSM4138110_HNSCC_1_PBMC_CTCGGAGAGCAGGTCA	123.56919712936585	97.06478463669619	0.7146270458916159	14.039214619023264	0.0	0.0	32.522394346515334	0.0	75.84654057638649	0.0	0.0	30.429618519873852	0.0	0.0	0.0	74.17889196215354	0.0	0.0	0.0	0.0	0.0	0.0	0.0	0.0	0.0	0.0	0.0	0.0	0.0	0.0
GSM4138110_HNSCC_1_PBMC_CTCGTACTCAGCAACT	120.95462705371261	135.66272547587252	0.0	124.63444235973007	0.0	0.0	18.788627925814104	0.0	95.7823232006681	0.0	0.0	0.0	27.519287238487667	0.0	0.0	0.0	0.0	0.0	0.0	39.686814371221374	0.0	0.0	0.0	0.0	0.0	0.0	0.0	0.0	0.0	0.0
GSM4138110_HNSCC_1_PBMC_CTCGTCAAGCTCTCGG	148.71636751513796	182.54147164598461	30.994903071695425	0.0	68.68126649651587	0.0	53.18829798673445	166.45725896766186	0.0	0.0	0.0	0.0	7.323555520942346	0.0	0.0	0.0	0.0	0.0	0.0	0.0	0.0	0.0	0.0	0.0	0.0	0.0	0.0	0.0	15.644224531871451	0.0
GSM4138110_HNSCC_1_PBMC_CTCTACGCAGATCGGA	27.43619319808275	42.73109815060313	41.185798918499145	0.0	48.941139008748316	0.0	0.0	0.0	0.0	0.0	0.0	0.0	0.0	0.0	0.0	0.0	0.0	0.0	0.0	0.0	0.0	0.0	0.0	14.055048343141282	0.0	30.5774984779007	0.0	0.0	0.0	0.0
GSM4138110_HNSCC_1_PBMC_CTCTGGTAGACAGGCT	40.76276271531555	31.260470796183185	0.0	65.0438529441987	19.956478047358917	0.0	5.813066563669079	0.0	0.0	82.9321066841093	0.0	0.0	0.0	0.0	0.0	0.0	0.0	0.0	0.0	22.721901409041642	0.0	0.0	0.0	3.872913703029357	0.0	0.0	0.0	0.0	0.2715255454536246	0.0
GSM4138110_HNSCC_1_PBMC_CTCTGGTCACAGCCCA	90.66678173015134	93.67460626986447	0.0	55.20694656601647	0.0	97.02851729674788	0.0	0.0	0.0	24.576211802680074	0.0	0.0	22.33766826078509	0.0	0.0	0.0	0.0	0.0	0.0	0.0	63.758389207351485	0.0	0.0	0.0	0.0	0.0	0.0	0.0	0.0	0.0
GSM4138110_HNSCC_1_PBMC_CTGAAACCAGCCTTGG	93.6680127436638	72.53213579901745	57.092218959142386	0.0	0.0	0.0	0.0	0.0	0.0	0.0	15.873101869921308	0.0	85.23893993435482	7.4148011935518054	0.0	0.0	0.0	0.0	48.865989813513686	0.0	0.0	0.0	0.0	0.0	0.0	3.211757677439	0.0	0.0	0.0	0.0
GSM4138110_HNSCC_1_PBMC_CTGAAACCAGTATGCT	90.09257180027281	36.09959014364885	0.0	88.61700119367798	0.0	0.0	33.55225121247361	91.63933999429541	0.0	0.0	56.202080557966546	0.0	0.0	0.0	0.0	0.0	0.0	0.0	0.0	0.0	0.0	0.0	0.0	0.0	0.0	0.0	0.0	0.0	0.0	0.0
GSM4138110_HNSCC_1_PBMC_CTGAAGTCAGCTGCTG	79.73127166542879	43.74324529827999	0.0	0.0	5.249626445245607	27.783861389715554	10.90731085392387	0.0	0.0	0.0	38.079865482070105	62.82177268023146	0.0	0.0	0.0	0.0	11.98572430497354	0.0	46.97244426373788	0.0	0.0	0.0	0.0	13.055502282256127	0.0	0.0	0.0	0.0	0.0	0.0
GSM4138110_HNSCC_1_PBMC_CTGAAGTGTTCTCATT	102.19340845467308	53.397353130528614	0.0	13.280037690211834	0.0	0.0	9.223710149298109	0.0	0.0	0.0	139.37930866464922	6.591388369907897	0.0	29.279231170265437	0.0	0.0	0.0	0.0	0.0	0.0	0.0	0.0	0.0	10.453516497726778	0.0	0.0	0.0	0.0	0.0	0.0
GSM4138110_HNSCC_1_PBMC_CTGTTTACAAAGGTGC	89.88143994475061	81.4530927757641	18.71867780751151	0.0	0.0	0.0	0.0	58.0536026278111	0.0	0.0	0.0	0.0	25.415195743391468	0.0	25.099802865470533	0.0	0.0	0.0	0.0	43.52278782775357	0.0	0.0	0.0	0.0	0.0	0.0	0.0	0.0	0.0	0.0
GSM4138110_HNSCC_1_PBMC_CTTAACTGTGACGCCT	69.19953144097931	59.27994994583684	19.205818376768594	16.820772165009945	0.0	0.0	13.535812667962414	0.0	0.0	0.0	0.0	0.0	0.0	82.43358136215852	0.0	0.0	0.0	51.107532444308596	0.0	0.0	0.0	0.0	0.0	0.0	0.0	0.0	0.0	0.0	0.0	0.0
GSM4138110_HNSCC_1_PBMC_CTTAGGAAGGTGATTA	182.64126322892014	115.78134631195888	172.13588020147077	0.0	11.987756599770714	0.0	37.48452123199388	0.0	0.0	0.0	0.0	0.0	0.0	59.444656306839796	0.0	46.93442431044067	0.0	70.92798989295319	90.1783339765696	0.0	0.0	0.0	0.0	0.0	0.0	0.0	0.0	0.0	0.0	0.0
GSM4138110_HNSCC_1_PBMC_CTTAGGACAGAGTGTG	111.2780906655914	56.48548516451603	0.0	0.0	0.0	0.0	12.825625855726717	49.22517795766364	0.0	0.0	0.0	13.485750719398387	0.0	0.0	40.52984438879997	0.0	0.0	0.0	0.0	0.0	0.0	0.0	0.0	0.0	25.83294349122972	0.0	0.0	0.0	0.0	0.0
GSM4138110_HNSCC_1_PBMC_CTTGGCTCAAAGCGGT	63.892284124929716	85.5695210166806	0.0	66.32794691579224	0.0	80.45879307227572	0.0	0.0	0.0	0.0	0.0	0.0	43.1623603072927	0.0	0.0	0.0	0.0	7.418573811696828	29.36160377493066	0.0	0.0	0.0	0.0	0.0	67.07542141057415	0.0	0.0	0.0	0.0	0.0
GSM4138110_HNSCC_1_PBMC_GAAACTCGTCTTCTCG	174.84253568649095	106.76582636276831	0.0	0.0	78.26160195613768	0.0	24.474487908731476	21.44917580315723	0.0	0.0	0.0	134.70833441540827	0.0	0.0	0.0	0.0	0.0	0.0	0.0	0.0	0.0	0.0	61.96417495762894	0.0	0.0	0.0	0.0	0.0	0.0	0.0
GSM4138110_HNSCC_1_PBMC_GAAATGAAGAGCAATT	31.039260922673353	53.20397612413349	40.25601654938392	0.0	0.0	46.466861032038196	18.501105465780114	0.0	0.0	0.0	0.0	0.0	0.0	0.0	0.0	0.0	0.0	37.803988683958046	0.0	0.0	0.0	0.0	0.0	0.0	0.0	0.0	0.0	0.0	0.0	0.0
GSM4138110_HNSCC_1_PBMC_GAACATCTCGGTTAAC	57.554137240926586	70.65648050236535	0.0	17.75109088950234	0.0	0.0	18.6986499269532	0.0	9.123048824332914	0.0	32.436247193645826	0.0	4.181653474505107	0.0	52.29817459433415	0.0	0.0	0.0	49.95507110891746	0.0	8.289168787898312	0.0	0.0	0.0	0.0	0.0	0.0	0.0	0.0	0.0
GSM4138110_HNSCC_1_PBMC_GAACCTATCGGCCGAT	52.83853638937172	94.99707696673381	0.0	0.0	0.0	2.945552550823744	0.0	0.0	62.3789782550806	0.0	0.0	0.0	7.894328161825662	0.0	87.37240412841963	0.0	0.0	29.165108689567486	0.0	0.0	0.0	0.0	0.0	0.0	0.0	0.0	0.0	0.0	0.0	0.0
GSM4138110_HNSCC_1_PBMC_GAATGAAGTTGGACCC	44.21154382529116	59.44965110448682	0.0	7.792546031962896	0.0	0.0	0.0	0.0	0.0	32.93779609506422	0.0	41.18150660530285	5.10616346873254	0.0	0.0	30.520922167476904	0.0	0.0	0.0	0.0	6.7062156864689895	0.0	0.0	0.0	0.0	0.0	0.0	0.0	0.0	0.0
GSM4138110_HNSCC_1_PBMC_GACAGAGAGAGCCTAG	59.70531088778798	44.884371550794526	0.0	0.0	9.303155784287554	0.0	0.0	0.0	0.0	0.0	0.0	38.207292512366045	15.891629896103083	48.600481843573654	0.0	0.0	0.0	0.0	0.0	0.0	0.0	0.0	0.0	0.0	0.0	0.0	0.0	0.0	4.522559849365037	0.0
GSM4138110_HNSCC_1_PBMC_GACTAACAGGCAGGTT	84.56559849906549	85.75498134625562	0.0	0.0	0.0	0.0	60.76895828105991	108.49017674822235	0.0	0.0	29.20810856146352	0.0	0.0	0.0	0.0	77.80155379671874	117.56786765592831	0.0	0.0	0.0	0.0	0.0	0.0	0.0	0.0	0.0	0.0	0.0	0.0	0.0
GSM4138110_HNSCC_1_PBMC_GACTGCGGTATCTGCA	26.676635710001563	41.36635419111171	52.23566173850973	0.0	0.0	8.840628304306964	67.14560230958448	0.0	0.0	37.398438799983424	0.0	0.0	0.0	0.0	0.0	0.0	0.0	0.0	0.0	0.0	69.03222418211355	0.0	0.0	0.0	0.0	0.0	0.0	0.0	0.0	0.0
GSM4138110_HNSCC_1_PBMC_GACTGCGTCTAAGCCA	102.02223681932313	84.24712634083588	0.0	0.0	35.37262323194457	0.0	0.0	0.0	0.0	0.0	70.0488870247921	106.57124069411863	16.42881270214695	62.78651315970549	0.0	0.0	0.0	0.0	4.568930079037562	0.0	0.0	0.0	0.0	0.0	0.0	0.0	0.0	2.4647155732968122	0.0	0.0
GSM4138110_HNSCC_1_PBMC_GATCGATGTGCTGTAT	82.92186872883106	120.20133675183872	58.594653778824664	0.0	0.0	1.5239458034909303	23.9120447190036	0.0	0.0	0.0	94.84248047965852	0.0	0.0	0.0	0.0	0.0	0.0	0.0	0.0	0.0	0.0	69.17249125084504	0.0	0.0	0.0	0.0	0.0	0.0	0.0	0.0
GSM4138110_HNSCC_1_PBMC_GATCTAGAGGGCTCTC	67.88700525956702	82.12380874481025	0.0	0.0	16.759019130044106	0.0	0.0	27.80752555464573	0.0	0.0	0.0	61.16057972997388	16.72954767206628	30.298453067772076	0.0	0.0	0.0	0.0	0.0	0.0	0.0	0.0	0.0	0.0	0.0	0.0	0.0	0.1057460975228783	0.0	0.0
GSM4138110_HNSCC_1_PBMC_GATCTAGCAAACCTAC	113.35008669442045	99.07826601744183	92.1841436919077	0.0	0.0	61.50944308915178	28.685236121447186	17.272396913877518	0.0	0.0	100.30847068491727	0.0	0.0	0.0	0.0	0.0	0.0	0.0	0.0	0.0	0.0	0.0	0.0	0.0	0.0	0.0	0.0	0.0	0.0	0.0
GSM4138110_HNSCC_1_PBMC_GATGAAAAGAAGGGTA	68.66278200728588	36.15420940954674	0.0	21.742575855791312	0.0	0.0	0.0	0.0	0.0	55.41700526525773	1.6970800837526576	0.0	38.538472584501044	0.0	15.947678014831057	1.8507193645756606	0.0	0.0	0.0	0.0	0.0	0.0	0.0	0.0	35.036361048886924	0.0	0.0	0.0	0.0	0.0
GSM4138110_HNSCC_1_PBMC_GATGCTAGTATGGTTC	57.5518456023755	75.68722883393954	0.0	29.6383833716386	0.0	0.0	0.0	104.58773532502799	0.0	0.0	0.0	0.0	13.438562931388038	0.0	0.0	20.960748089020584	0.0	55.811889087618766	0.0	0.0	0.0	0.0	0.0	0.0	0.0	0.0	0.0	0.0	0.0	0.0
GSM4138110_HNSCC_1_PBMC_GATTCAGAGCTATGCT	78.35620140568501	96.02692506630046	0.0	0.0	0.0	154.30758821339225	0.0	0.0	0.0	0.0	43.64999511981091	85.44446074145725	34.192569253776306	0.0	0.0	0.0	0.0	0.0	0.0	0.0	0.0	0.0	0.0	0.0	0.0	0.0	0.0	0.0	0.0	0.0
GSM4138110_HNSCC_1_PBMC_GCACATACATGAACCT	72.26795007578791	61.83726557041196	62.22909784800276	0.0	0.0	0.0	24.313272067416655	0.0	89.8889688812551	0.0	64.9810767115324	0.0	0.0	0.0	0.0	0.0	0.0	0.0	0.0	0.0	0.0	0.0	0.0	0.0	0.0	0.0	0.0	0.0	0.0	0.0
GSM4138110_HNSCC_1_PBMC_GCACATAGTCTTCTCG	103.46979832750965	64.42483949264899	0.0	0.0	73.80376851894113	0.0	0.0	0.0	94.603348561747	0.0	0.0	0.0	34.10812377236663	0.0	0.0	0.0	36.93881036105311	0.0	0.0	0.0	0.0	0.0	0.0	0.0	10.64854019936212	0.0	0.0	0.0	0.0	0.0
GSM4138110_HNSCC_1_PBMC_GCAGTTATCCTACAGA	73.11310007763394	11.652084142291256	30.08787491859543	0.0	0.0	0.0	16.84424897970582	0.0	0.0	0.0	0.0	0.0	0.0	1.9735837436659023	0.0	0.0	27.833099964394474	0.0	43.185175451254075	8.86071502381527	13.378700521714567	0.0	0.0	0.0	0.0	0.0	0.0	0.0	0.0	0.0
GSM4138110_HNSCC_1_PBMC_GCATACAAGACACGAC	123.05115505526422	112.55722032326943	0.2267503114802464	0.0	0.0	0.0	0.0	0.0	0.0	0.0	0.0	88.4448753135467	56.89233588941918	0.0	0.0	0.0	0.0	0.0	0.0	120.81589337918115	0.0	0.0	94.63262386888582	16.71235066298141	0.0	0.0	0.0	0.0	0.0	0.0
GSM4138110_HNSCC_1_PBMC_GCATGTATCTCATTCA	57.11474262212352	43.13052641649078	0.0	0.0	0.0	8.05891577547377	0.0	0.0	45.34102673953438	0.0	0.0	33.053071362346564	17.375431596207207	0.0	0.0	46.581455785033405	0.0	0.0	0.0	0.0	0.0	0.0	0.0	0.0	0.0	0.0	0.0	0.0	0.0	0.0
GSM4138110_HNSCC_1_PBMC_GCGAGAATCTATCCTA	65.07305913958511	78.28510413920989	24.781367410411427	16.84945469522089	0.0	54.1379603668652	0.0	0.0	0.0	0.0	0.0	0.0	17.05746056433116	0.0	7.82578306080291	0.0	0.0	0.0	0.0	0.0	45.6626472719506	0.0	0.0	0.0	0.0	0.0	0.0	0.0	0.0	0.0
GSM4138110_HNSCC_1_PBMC_GCGCAACCAGTACACT	53.23218048482802	52.81495502242198	0.0	0.0	54.75566192003015	0.0	0.0	0.0	49.503375534438675	0.0	0.0	36.37889608213782	24.944028416520265	0.0	0.0	0.0	0.0	0.0	0.0	0.0	0.0	0.0	0.0	0.0	0.0	0.0	0.0	0.0	0.0	0.0
GSM4138110_HNSCC_1_PBMC_GCGCAACTCACCGTAA	43.185831706393124	39.60854411450885	114.14072104479571	0.0	0.0	0.0	23.907623688064728	0.0	0.0	0.0	0.0	0.0	0.0	68.25358487965677	0.0	21.58295822740686	0.0	0.0	0.0	0.0	0.0	0.0	0.0	0.0	0.0	0.0	0.0	0.0	0.0	0.0
GSM4138110_HNSCC_1_PBMC_GCGGGTTTCTGTACGA	84.4546486073185	67.76414167277365	47.59236420539977	0.0	0.0	0.0	16.624029740679624	0.0	0.0	0.0	0.0	0.0	0.0	0.0	0.0	32.354820220198015	0.0	38.61410092362172	0.0	0.0	0.0	0.0	93.28406454474943	10.198639820537455	0.0	0.0	0.0	0.0	0.0	0.0
GSM4138110_HNSCC_1_PBMC_GCTGCAGCACAACGCC	73.91971411767888	59.343940495973094	0.0	0.0	0.0	0.0	12.876939016812885	32.13020589712059	0.0	0.0	0.0	0.0	0.4708640072945756	0.0	10.122834939941571	0.0	0.0	0.0	39.22006009776176	66.8427635677838	0.0	0.0	0.0	4.427026958318524	0.0	0.0	0.0	0.0	0.0	0.0
GSM4138110_HNSCC_1_PBMC_GGAACTTCAACTGGCC	61.912826639258334	86.24761351882786	48.00594916529957	0.0	68.15282071134335	0.0	0.0	0.0	0.0	0.0	0.0	0.0	0.0	0.0	0.0	0.0	0.0	0.0	0.0	0.0	0.0	0.0	0.0	14.838123069888024	0.0	67.66712397376742	0.0	0.0	0.0	42.76494270057711
GSM4138110_HNSCC_1_PBMC_GGAATAAAGAACAATC	64.07434774423241	48.95876408462487	0.0	0.0	0.0	0.0	0.0	24.198768166428962	0.0	0.0	0.0	26.135865248536057	2.344711823121331	0.0	17.259215515971793	26.627435108510294	0.0	36.36191904915113	47.36493285720863	0.0	0.0	0.0	0.0	10.175263857624332	0.0	0.0	0.0	0.0	0.0	0.0
GSM4138110_HNSCC_1_PBMC_GGACATTCACGGTTTA	88.80400660357958	63.91907854185678	0.0	41.748485169884034	0.0	33.62605170509425	0.0	0.0	14.581664132567791	0.0	46.379729240622844	0.0	0.0	0.0	0.0	0.0	0.0	0.0	43.762034924615044	0.0	0.0	0.0	0.0	23.98643144775508	0.0	0.0	0.0	0.0	0.0	0.0
GSM4138110_HNSCC_1_PBMC_GGCTCGATCCGCGTTT	58.25188596810801	46.45143864402271	0.0	0.0	0.0	0.0	0.0	0.0	0.0	44.841916641709204	0.0	52.4835422283409	51.34619788364193	0.0	0.0	0.0	0.0	0.0	0.0	61.90157597363025	0.0	0.0	0.0	0.0	0.0	0.0	0.0	0.0	0.0	0.0
GSM4138110_HNSCC_1_PBMC_GGGACCTAGCCAGGAT	70.12998426512968	75.91194865772933	54.91920442237074	0.0	0.0	71.39719588894629	14.610524372325273	0.0	0.0	0.0	0.0	0.0	0.0	0.0	0.0	0.0	0.0	0.0	0.0	43.989440221280965	0.0	0.0	0.0	0.0	0.0	0.0	0.0	0.0	0.0	0.0
GSM4138110_HNSCC_1_PBMC_GGGACCTCAGTCACTA	132.456081078504	84.83082049237971	0.0	72.9951110226998	0.0	0.0	0.0	145.86084079836922	0.0	0.0	0.0	0.0	36.41581068732775	0.0	59.62087841459774	100.96791021136471	0.0	17.134735528521905	0.9831811977339816	0.0	0.35688829373941977	0.0	0.0	0.0	0.0	0.0	0.0	0.0	0.0	0.0
GSM4138110_HNSCC_1_PBMC_GGGAGATGTGTGCGTC	113.6762538933717	39.084911575365766	33.517990211404594	0.0	7.6916221619805265	0.0	11.27310526497282	0.0	0.0	0.0	0.0	0.0	5.31003008627387	0.0	0.0	0.0	0.0	0.0	81.07294187338502	7.577433498195203	18.484311265107458	0.0	0.0	0.0	0.0	0.0	0.0	0.0	0.0	0.0
GSM4138110_HNSCC_1_PBMC_GGGAGATTCACGATGT	65.0811091916264	82.05483025232719	35.88886559721031	0.0	0.0	0.0	0.0	0.0	0.0	29.07437879520271	4.740413692439824	0.0	17.194598955130598	0.0	0.0	0.0	0.0	27.24580103444867	0.0	0.0	0.0	0.0	0.0	0.0	0.0	0.0	0.0	0.0	0.0	0.0
GSM4138110_HNSCC_1_PBMC_GGGTTGCGTCCGAAGA	138.73434224760197	73.27903469425104	58.05818325930968	0.0	0.0	0.0	45.190299849355334	4.922788434400986	0.0	0.0	83.6404029161401	0.0	9.735878865803901	0.0	0.0	0.0	0.0	0.0	57.76089590896461	0.0	0.0	0.0	0.0	0.0	0.0	0.0	0.0	0.0	0.0	0.0
GSM4138110_HNSCC_1_PBMC_GGTGAAGTCGCTTGTC	92.05289919102175	85.27422911465464	52.8590843552825	0.0	0.0	0.0	0.8029144012203046	12.007631597327768	0.0	0.0	1.8077482046939384	0.0	23.565792709310102	0.0	3.468882042084966	0.0	0.0	0.0	62.517410826720095	0.0	50.6167010793923	0.0	0.0	0.0	0.0	0.0	0.0	0.0	0.0	0.0
GSM4138110_HNSCC_1_PBMC_GGTGTTACAAACGCGA	79.24712571181968	61.37861914012624	0.0	75.06070963176047	74.33757715109732	0.0	0.0	59.238381373233494	0.0	0.0	0.0	0.0	0.0	0.0	0.0	0.0	0.0	0.0	0.0	0.0	0.0	0.0	0.0	62.82726266096706	0.0	0.0	0.0	0.0	0.0	0.0
GSM4138110_HNSCC_1_PBMC_GTAACTGTCTTCGAGA	72.66729469302439	85.71024570501825	1.6705110417243496	0.0	0.0	67.48655549050396	32.83057760016749	0.0	0.0	0.0	76.20259164216117	0.0	0.0	0.21405632099524918	0.0	0.0	68.3676028887812	0.0	0.0	0.0	0.0	0.0	0.0	0.0	0.0	0.0	0.0	0.0	0.0	0.0
GSM4138110_HNSCC_1_PBMC_GTAGGCCAGGTGTGGT	95.14452939624745	43.62670127565149	0.0	0.0	12.954182764185227	0.0	1.9744268074216236	0.0	48.0013876057152	0.0	30.597340508005345	0.0	29.384959153543235	0.0	72.48586309650972	0.0	0.0	0.0	0.0	0.0	0.0	0.0	0.0	0.0	0.0	0.0	0.0	0.0	0.0	0.0
GSM4138110_HNSCC_1_PBMC_GTAGTCACAGATCCAT	65.6483674136924	58.76519290961209	72.34095055184227	0.0	47.68159705286391	0.0	0.0	18.50646307119096	0.0	0.0	0.0	0.0	0.0	0.0	0.0	0.0	0.0	0.0	0.0	0.0	0.0	49.3621584010721	15.273823813309304	15.856445664123298	0.0	0.0	0.0	0.0	0.0	0.46649368466701274
GSM4138110_HNSCC_1_PBMC_GTAGTCAGTGGGTCAA	92.44085773687677	34.0470741141797	0.0	31.017219132291146	11.538214705188423	0.0	0.7449337840569625	0.0	25.587024486848723	0.0	0.0	0.0	0.0	0.0	0.0	0.0	0.0	0.0	23.681508584251002	0.0	8.085674799893978	0.0	0.0	20.60948133291023	28.439387559255632	0.0	0.0	0.0	0.0	0.0
GSM4138110_HNSCC_1_PBMC_GTATTCTAGGGTTTCT	72.98057268643188	84.03111333836894	0.0	12.723215573255434	56.834964412191916	51.61637894255336	0.0	0.0	0.0	0.0	0.0	113.95529137180638	29.490468329185887	0.0	0.0	0.0	0.0	0.0	0.0	0.0	0.0	0.0	0.0	0.0	0.0	0.0	0.0	0.0	0.0	0.0
GSM4138110_HNSCC_1_PBMC_GTATTCTTCCAAACTG	132.22469538781	71.8907029673287	0.0	13.878514569027677	0.0	0.0	14.60809718376706	84.75183985849593	0.0	0.0	0.0	50.411546604369576	8.550845545108539	0.0	0.0	88.18353687140599	0.0	0.0	0.0	0.0	0.0	0.0	0.0	0.0	0.0	0.0	0.0	0.0	0.0	0.0
GSM4138110_HNSCC_1_PBMC_GTCGTAACAGGAACGT	52.463354233191524	57.54473311932204	21.509694197820387	0.0	0.0	0.0	0.0	0.0	0.0	0.0	37.45016340297327	70.73849354889292	27.74218925403609	46.05154352288617	0.0	0.0	0.0	0.0	0.0	0.0	0.0	0.0	0.0	0.0	0.0	0.0	0.0	0.0	0.0	0.0
GSM4138110_HNSCC_1_PBMC_GTCGTAAGTATGAAAC	79.10440488477045	43.19965099403002	24.850409589189383	0.0	0.0	0.0	18.790470058832476	0.0	0.0	0.0	24.154192602956243	0.0	0.0	0.0	0.0	16.392097214733724	0.0	0.0	63.85572382908075	0.0	0.0	5.8285302258108524	0.0	0.0	0.0	0.0	0.0	0.0	0.0	0.0
GSM4138110_HNSCC_1_PBMC_GTCTCGTGTACGCACC	58.80003046833947	105.81887976742729	83.0804588138987	0.0	27.246799747916267	28.430060466605557	13.796876390184893	0.0	0.0	0.0	0.0	0.0	0.0	0.0	0.0	0.0	0.0	0.0	0.0	0.0	0.0	0.0	0.0	0.0	0.0	0.0	0.0	0.0	0.0	0.0
GSM4138110_HNSCC_1_PBMC_GTGGGTCAGAATGTGT	53.312121038986895	33.4124079679747	0.0	37.6134432385698	7.992636894191405	0.0	22.06555660120211	0.0	39.26350436415036	0.0	0.0	0.0	0.0	0.0	0.0	0.0	0.0	0.0	0.0	0.0	0.0	0.0	0.0	0.0	76.59879558261966	0.0	0.0	0.0	0.0	0.0
GSM4138110_HNSCC_1_PBMC_GTTCATTGTAGCTGCC	64.51361033977294	67.82292343869149	0.0	77.8866259007692	0.0	0.0	0.0	0.0	0.0	0.0	0.0	1.56933773520208	0.0	0.0	0.0	0.0	0.0	0.0	0.0	0.0	0.0	121.56792261243764	0.0	28.572028422342708	98.40123642028354	0.0	0.0	0.0	0.0	0.0
GSM4138110_HNSCC_1_PBMC_GTTCATTTCCGCGGTA	81.96847740788111	68.41877172959543	65.68965251879594	0.0	0.0	0.0	35.1291083619919	0.0	0.0	0.0	4.306705757572072	0.0	0.0	92.02252605323507	0.0	53.56142159191697	0.0	0.0	0.0	0.0	0.0	0.0	0.0	0.0	0.0	0.0	0.0	0.0	0.0	0.0
GSM4138110_HNSCC_1_PBMC_GTTCTCGCACTATCTT	75.89404502871594	66.978481397911	0.0	0.0	7.52917632355165	48.171920745194974	0.0	0.0	0.0	0.0	0.0	28.21887944890413	16.929963558327437	0.0	17.71591063219934	0.0	0.0	0.0	0.0	0.0	60.87727028247843	0.0	0.0	0.0	0.0	0.0	0.0	0.0	0.0	0.0
GSM4138110_HNSCC_1_PBMC_GTTCTCGTCAGAGACG	47.99436023287524	51.2176487940071	98.38403771739245	0.0	0.0	2.8967538177150765	18.809427423101166	0.0	53.98798367754974	0.0	55.29543290788629	0.0	0.0	0.0	0.0	0.0	0.0	0.0	0.0	0.0	0.0	0.0	0.0	0.0	0.0	0.0	0.0	0.0	0.0	0.0
GSM4138110_HNSCC_1_PBMC_TAAGCGTAGGTGCTTT	146.97552594109544	107.96665741508438	0.0	0.0	0.0	16.692681819094833	36.415676012654764	8.658359532122944	0.0	0.0	91.51669177561848	0.0	0.0	106.45428668423494	173.57176040511916	0.0	0.0	0.0	0.0	0.0	0.0	0.0	0.0	0.0	0.0	0.0	0.0	0.0	0.0	0.0
GSM4138110_HNSCC_1_PBMC_TACAGTGGTCATCGGC	114.96208517113179	79.38411013485671	0.0	86.1963231044567	57.65276287299218	0.0	52.48875995256986	0.0	0.0	125.87800192234822	0.0	0.0	0.0	0.0	15.971548782456427	0.0	0.0	0.0	0.0	0.0	0.0	0.0	0.0	0.0	0.0	0.0	0.0	0.0	0.0	0.0
GSM4138110_HNSCC_1_PBMC_TACCTTATCACGATGT	103.28498592171769	111.70109888557411	0.0	0.0	0.0	0.0	44.45625131034426	0.0	9.226115828022706	68.93053797427568	62.65779149715289	0.0	0.0	0.0	65.19832237879106	0.0	29.231492653603212	0.0	0.0	0.0	0.0	0.0	0.0	0.0	0.0	0.0	0.0	0.0	0.0	0.0
GSM4138110_HNSCC_1_PBMC_TACGGATTCTAACTTC	70.8901972445278	36.653726694625455	67.82412134363227	0.0	0.0	0.0	19.74679936276639	0.0	17.338839600443972	0.0	0.0	0.0	0.0	0.0	0.0	37.00110134155842	0.0	0.0	44.57427630882502	0.0	0.0	0.0	0.0	0.0	0.0	0.0	0.0	0.0	0.0	0.0
GSM4138110_HNSCC_1_PBMC_TACTTGTAGTCATCCA	131.14284537905772	31.43600532109355	0.0	100.94915735632561	41.3995052626791	0.0	0.0	0.0	0.0	0.0	0.0	0.0	29.003638408283813	0.0	0.0	0.0	0.0	0.0	0.0	0.0	0.0	0.0	84.75729641323305	0.0	0.0	0.0	0.0	0.0	0.0	0.0
GSM4138110_HNSCC_1_PBMC_TACTTGTTCAGAGCTT	111.26336594273785	53.44669211805658	37.00943070239499	0.0	0.0	0.0	22.202562772320228	46.725799448576495	55.30766318872121	0.0	0.0	0.0	0.0	0.0	0.0	0.0	0.0	0.0	0.0	125.00333939375108	9.225451408687784	0.0	0.0	0.0	0.0	0.0	0.0	0.0	0.0	0.0
GSM4138110_HNSCC_1_PBMC_TAGACCAGTCCGAGTC	85.54945258037634	70.45719688214763	0.0	92.56339364043333	52.51538608770924	0.0	0.0	88.64783590743654	0.0	0.0	0.0	0.0	21.378894982753803	0.0	0.0	0.0	0.0	0.0	0.0	0.0	0.0	0.0	0.0	0.0	0.0	0.0	0.0	0.0	0.0	0.0
GSM4138110_HNSCC_1_PBMC_TAGAGCTGTTCCCTTG	101.81304393797146	39.760794065825586	9.723661654765483	0.0	55.35678327778026	0.0	0.0	0.0	0.0	0.0	0.0	0.0	80.30524236654642	0.0	39.518211848535046	0.0	0.0	0.0	0.0	0.0	0.0	0.0	0.0	0.0	0.9713458206884428	0.0	0.0	59.96802412197679	0.0	0.0
GSM4138110_HNSCC_1_PBMC_TATCTCACACGGCGTT	65.26205105043226	84.29102576768483	41.286868543815956	0.0	49.75063589106089	79.9240184354123	26.35871767629036	0.0	0.0	0.0	0.0	0.0	0.0	0.0	0.0	0.0	0.0	0.0	0.0	0.0	0.0	0.0	0.0	4.113119407084949	39.24115760943289	0.0	0.0	0.0	0.0	0.0
GSM4138110_HNSCC_1_PBMC_TATCTCATCAACGGGA	119.65716191709774	78.69724783991582	12.905893751139335	49.12862305974388	17.26888228041787	0.0	0.0	0.0	0.0	117.69614395292672	40.75755663141241	0.0	0.0	0.0	0.0	0.0	0.0	0.0	0.0	0.0	0.0	0.0	0.0	27.136754096688065	0.0	0.0	0.0	0.0	0.0	0.0
GSM4138110_HNSCC_1_PBMC_TCACGAATCTGTCCGT	71.38265009302637	61.87921475376378	0.0	0.0	35.75354249805177	0.0	0.0	0.0	103.55299714485498	0.0	0.0	0.0	42.51057270149544	0.0	16.92011631380799	0.0	54.07633260302382	13.885133982562737	0.0	0.0	0.0	0.0	0.0	0.0	0.0	0.0	0.0	0.0	0.0	0.0
GSM4138110_HNSCC_1_PBMC_TCAGATGTCCGCGTTT	106.46817013682235	72.14956877704203	62.740044459695774	0.0	38.87042913104039	0.0	0.0	0.0	37.397531925255414	0.0	0.0	0.0	0.0	0.0	0.0	0.0	0.0	0.0	0.0	0.0	0.0	0.0	17.3550494505627	28.520630183516417	0.0	0.0	0.0	0.0	0.0	0.0
GSM4138110_HNSCC_1_PBMC_TCAGCAAAGGCGCTCT	48.65735833530521	148.25315893671018	17.76182506541264	0.0	0.0	0.0	11.678042252634034	0.0	0.0	0.0	17.66216213870574	0.0	0.0	60.364385463229276	0.0	0.0	0.0	0.0	0.0	0.0	0.0	0.0	0.0	0.0	0.0	2.5999013049065316	0.0	0.0	0.0	0.0
GSM4138110_HNSCC_1_PBMC_TCATTACAGCGCTCCA	101.46185999748161	50.33878855006284	0.0	0.0	0.0	0.0	0.0	0.0	0.0	0.0	0.0	0.0	16.98819843719527	0.0	45.94166857930192	0.0	0.0	0.0	0.0	45.8576446374221	16.19233569220458	0.0	95.01056008931874	0.0	0.0	0.0	0.0	0.0	0.0	0.0
GSM4138110_HNSCC_1_PBMC_TCCCGATAGTGGAGAA	37.30662346201	62.62621773303605	0.0	24.18246616556465	0.0	60.89963647953464	0.0	0.0	0.0	0.0	0.0	0.0	0.0	0.0	0.0	0.0	0.0	19.762542162942445	0.0	0.0	0.0	0.0	0.0	22.254747070076547	0.0	0.0	0.0	0.0	0.0	0.0
GSM4138110_HNSCC_1_PBMC_TCGCGAGGTAGCACGA	104.6730767513385	97.12546800237001	0.0	0.0	69.204023733447	0.0	0.0	0.0	60.43257654295321	0.0	0.0	110.88680319519085	0.0	48.05463026298183	0.0	0.0	0.0	0.0	0.0	0.0	0.0	0.0	0.0	33.49242096330568	0.0	0.0	0.0	0.0	0.0	0.0
GSM4138110_HNSCC_1_PBMC_TCGGGACTCAACGAAA	105.5570627448547	77.95814452914844	71.42114221968083	0.0	1.252168496094073	0.0	17.011886863926858	0.0	0.0	5.686514447343821	14.083026835806706	0.0	0.0	65.68626595102747	0.0	0.0	0.0	0.0	0.0	0.0	0.0	0.0	0.0	0.0	0.0	0.0	0.0	0.0	0.0	0.0
GSM4138110_HNSCC_1_PBMC_TCGGGACTCGAGAGCA	96.0830981257226	121.96174809673866	74.30273219635208	0.0	0.0	0.0	0.0	0.0	0.0	109.73958265683909	0.0	0.0	18.727835638787777	0.0	0.0	0.0	0.0	0.0	0.0	0.0	144.23816865526499	0.0	0.0	0.0	0.0	0.0	0.0	0.0	0.0	0.0
GSM4138110_HNSCC_1_PBMC_TCGGTAATCACTCTTA	48.426593117843815	71.1307350532314	47.078882056270054	0.0	41.41253702256168	0.0	20.432306779944483	0.0	0.0	75.78837875413761	0.0	0.0	0.0	0.0	0.0	0.0	0.0	4.272932756076782	0.0	0.0	0.0	0.0	0.0	0.0	0.0	0.0	0.0	24.911307984760565	0.0	0.0
GSM4138110_HNSCC_1_PBMC_TCGTACCTCCGCAAGC	138.33955436849016	244.10989299514242	0.0	60.596928309438326	185.22541459376404	0.0	25.37465476457557	0.0	0.0	0.0	0.0	36.81736154272127	0.0	124.98773207431026	0.0	0.0	0.0	0.0	0.0	0.0	0.0	0.0	0.0	0.0	0.0	0.0	0.0	0.0	0.0	0.0
GSM4138110_HNSCC_1_PBMC_TCGTACCTCTGCCCTA	169.19784502729684	110.99204796867294	96.92072712958458	0.0	0.0	0.0	0.0	0.0	0.0	0.0	0.0	23.999846434973563	67.16057028326736	0.0	0.0	0.0	54.83904957012032	63.10892382631357	0.0	0.0	0.0	0.0	161.05238804057996	0.0	0.0	0.0	0.0	0.0	0.0	0.0
GSM4138110_HNSCC_1_PBMC_TCTATTGGTCTAAAGA	87.31356744948381	49.68295753879285	68.86179115499557	0.0	34.17998811642571	0.0	65.52902172677314	0.0	78.83598956856493	0.0	0.0	0.0	0.0	0.0	0.0	0.0	0.0	0.0	0.0	0.0	0.0	0.0	0.0	0.0	0.0	0.0	0.0	0.0	0.0	0.0
GSM4138110_HNSCC_1_PBMC_TCTATTGGTTGGTTTG	92.23461758022923	50.10007199412675	0.0	0.0	31.313048006575634	12.368393967556916	19.088317333913317	0.0	0.0	0.0	0.0	0.0	0.0	0.0	69.7231091674108	0.0	0.0	14.439965172398685	60.11957275965907	0.0	0.0	1.4244317838906704	0.0	3.6236802320753023	1.4179022973986606e-05	0.0	0.0	0.0	0.0	0.0
GSM4138110_HNSCC_1_PBMC_TCTATTGTCTGCAGTA	56.07305814848279	43.95286988272838	0.0	39.37196914317139	0.0	0.0	0.0	0.0	0.0	0.0	0.0	0.0	13.25704297719844	0.0	0.0	0.0	0.0	57.06030941022596	35.03114916708419	0.0	0.0	0.0	0.0	0.0	0.0	0.0	0.0	0.7291360702804333	0.0	0.0
GSM4138110_HNSCC_1_PBMC_TCTGAGACAGATAATG	133.37872056310798	77.66778402277079	0.0	70.55049255526258	89.35335752030956	0.0	0.0	69.16798981303722	0.0	0.0	0.0	20.355279569733927	0.0	0.0	0.0	0.0	0.0	0.0	29.20871632065745	0.0	0.0	0.0	0.0	25.967345294649256	0.0	0.0	0.0	0.0	0.0	0.0
GSM4138110_HNSCC_1_PBMC_TCTGAGAGTAAGAGAG	92.91966106989375	62.729449933564176	0.0	67.75810175317787	18.170463126552228	0.0	0.0	0.0	0.0	55.96748781478523	0.0	0.0	0.0	0.0	0.0	0.0	0.0	0.0	0.0	0.0	0.0	0.0	0.0	12.139983479983698	36.24547662571743	0.0	0.0	8.91133924241317	0.0	0.0
GSM4138110_HNSCC_1_PBMC_TCTGAGATCCTTTCTC	155.9933233327776	48.87998216137425	0.0	30.36081302003141	0.0	0.0	17.099033497420884	0.0	97.4098178555386	0.0	42.53618520517096	5.1634958330018295	2.4246207591706272	0.0	22.94346707413149	0.0	0.0	0.0	0.0	0.0	0.0	0.0	0.0	0.0	0.0	0.0	0.0	0.0	0.0	0.0
GSM4138110_HNSCC_1_PBMC_TCTGGAATCTCAAACG	87.49868972165676	54.7644262759468	0.0	47.46123004540702	0.0	0.0	0.0	0.0	0.0	108.45482879766573	0.0	0.0	27.582648645773375	0.0	0.0	0.0	0.0	0.0	0.0	41.7142952488309	0.0	0.0	0.0	0.0	0.0	0.0	0.0	0.0	0.0	0.0
GSM4138110_HNSCC_1_PBMC_TCTTTCCAGTGGGCTA	94.51422718582397	56.93517594347742	65.53781632928897	0.0	0.0	20.398432382244902	24.821351887332487	0.0	0.0	80.21369907209446	0.0	0.0	0.0	0.0	0.0	0.0	0.0	0.0	0.0	40.73973510392388	0.0	0.0	0.0	5.360553650900943	0.0	0.0	0.0	0.0	0.0	0.0
GSM4138110_HNSCC_1_PBMC_TGAAAGACACTTCGAA	29.626033993589097	25.011421311194084	0.0	0.0	0.0	0.0	17.954433616064954	0.0	1.5441871222169785	0.0	59.654828574738396	17.69140990385131	0.0	0.0	0.0	0.0	0.0	0.0	70.07700906634678	0.0	0.0	0.0	0.0	0.0	0.0	0.0	0.0	0.0	0.0	0.0
GSM4138110_HNSCC_1_PBMC_TGACAACGTTAAGGGC	123.25288288507426	105.50890070378553	90.85742863980046	0.0	63.50691334703801	0.0	37.105741245746415	0.0	0.0	0.0	0.0	0.0	0.0	103.9039370245439	0.0	0.0	0.0	0.0	0.0	0.0	0.0	0.0	0.0	10.574067742093566	0.0	0.0	0.0	0.0	0.0	0.0
GSM4138110_HNSCC_1_PBMC_TGACGGCAGCGCCTTG	76.14282801673012	38.452329680045096	7.980985267896692	0.0	0.0	0.0	46.928481970196295	0.0	156.17292438760805	0.0	0.0	0.0	0.0	0.0	0.0	40.72445565615733	72.800686324111	0.0	0.0	0.0	0.0	0.0	0.0	0.0	0.0	0.0	0.0	0.0	0.0	0.0
GSM4138110_HNSCC_1_PBMC_TGACGGCGTTACGACT	66.46616383538831	56.56196649555493	61.90217790667144	0.0	0.0	0.0	0.0	61.235864191167956	0.0	0.0	49.39892014026051	0.0	0.0	0.6504979097927097	0.0	0.0	0.0	0.0	0.0	0.0	0.0	0.0	7.116806039574487	20.818822101640606	0.0	0.0	0.0	0.0	0.0	0.0
GSM4138110_HNSCC_1_PBMC_TGACGGCTCGGTTCGG	88.9334603963118	77.83803153050552	0.0	90.56162818326182	66.62381046482162	16.412534537655535	27.909122020794193	0.0	0.0	0.0	0.0	0.0	0.0	0.0	0.0	0.0	0.0	0.0	46.69160357724717	0.0	0.0	0.0	0.0	0.0	0.0	0.0	0.0	0.0	0.0	0.0
GSM4138110_HNSCC_1_PBMC_TGACTAGAGAACTGTA	99.46612800462648	29.93331423217109	0.0	0.0	38.73699294253871	17.330284942908488	0.0	0.0	0.0	14.840771462634079	0.0	0.0	9.61095997367912	0.0	0.0	0.0	0.0	0.0	36.1650378060505	0.0	0.0	0.0	0.0	0.0	2.1710320447605613	0.0	0.0	0.0	0.0	0.0
GSM4138110_HNSCC_1_PBMC_TGAGCATGTATTCTCT	249.87577918894837	220.46513421968984	0.0	0.0	0.0	0.0	0.0	0.0	0.0	0.0	0.0	0.0	63.055686343708814	153.98828687341765	139.7294352958065	76.6849214543349	0.0	0.0	0.0	0.0	0.0	0.0	0.0	11.586181920981687	0.0	0.0	0.0	0.0	0.0	0.0
GSM4138110_HNSCC_1_PBMC_TGCACCTTCCAGGGCT	112.26200388327045	82.26239982668386	0.0	167.42098389328288	58.69447300734473	115.59703425980986	0.0	0.0	0.0	0.0	0.0	0.0	0.0	0.0	0.0	0.0	0.0	0.0	0.0	0.0	0.0	0.0	0.0	30.433753962887728	0.0	0.0	0.0	0.0	0.0	0.0
GSM4138110_HNSCC_1_PBMC_TGCCAAATCGCGGATC	106.72868098907365	43.10766695491594	0.0	54.19687608059057	1.2931793967986775	0.0	0.0	0.0	0.0	70.31336908694954	24.669216268889368	0.0	56.89946183687877	0.0	25.418647264997066	0.0	11.131217934099235	0.0	19.872215745651033	0.0	0.0	0.0	0.0	0.0	0.0	0.0	0.008111591925087428	0.0	0.0	0.0
GSM4138110_HNSCC_1_PBMC_TGCCAAATCTTCCTTC	59.43062975856789	54.419995637389576	0.0	0.0	0.0	40.325398835850564	15.471761258984893	0.0	0.0	0.0	46.26138629084177	0.0	0.0	9.293467855964378	84.41985985668924	0.0	0.0	0.0	0.0	0.0	0.0	0.0	0.0	0.0	0.0	0.0	0.0	0.0	0.0	0.0
GSM4138110_HNSCC_1_PBMC_TGCCCATGTGGTCCGT	31.838138424390852	69.35729260658306	0.0	0.0	57.15255520289363	61.66311105163482	12.24968661879596	0.0	0.0	0.0	0.0	0.0	0.0	0.0	53.660771930213265	0.0	0.0	0.0	0.0	0.0	0.0	0.0	0.0	0.0	0.0	0.0	0.0	0.0	4.824602712603456	0.0
GSM4138110_HNSCC_1_PBMC_TGCCCTACAAAGCAAT	82.41008264516522	69.09134708731705	57.28646987391688	0.0	75.49862876206737	18.170695071071126	34.5005035796712	73.4294835468028	0.0	0.0	0.0	0.0	0.0	0.0	0.0	0.0	0.0	0.0	0.0	0.0	0.0	0.0	0.0	0.0	0.0	0.0	0.0	0.0	0.0	0.0
GSM4138110_HNSCC_1_PBMC_TGCCCTAGTGTCGCTG	9.177784065876338	88.6282189787256	0.0	0.0	22.720616599882586	0.0	17.360316453638546	0.0	0.0	0.0	0.0	54.629093875379446	0.0	137.74480371369572	0.0	0.0	0.0	0.0	0.0	0.0	0.0	0.0	0.0	0.0	0.0	0.0	0.0	0.0	0.0	0.0
GSM4138110_HNSCC_1_PBMC_TGCGCAGAGGGCATGT	170.8238920043958	160.3560613498523	95.84801154809219	0.0	0.0	0.0	17.445496887065968	0.0	123.15318790904037	0.0	0.0	0.0	52.41393878015127	0.0	0.0	0.0	0.0	0.0	0.0	0.0	143.10029299119915	0.0	0.0	0.0	0.0	0.0	0.0	0.0	0.0	0.0
GSM4138110_HNSCC_1_PBMC_TGCTACCCACTACAGT	95.48936732307307	107.91346398990069	73.40833631644121	0.0	67.80109887048135	0.0	23.381001334022827	0.0	0.0	81.02057752086797	0.0	0.0	31.621413631568572	0.0	0.0	0.0	0.0	0.0	0.0	0.0	0.0	0.0	0.0	0.0	0.0	0.0	0.0	0.0	0.0	0.0
GSM4138110_HNSCC_1_PBMC_TGCTACCCATTACGAC	45.324462356999405	67.2064063731697	0.0	0.0	40.01917908344038	0.0	23.89961557301307	0.0	0.0	0.0	0.0	0.0	0.2560110753678102	57.01361542107517	44.35082420115372	0.0	0.0	0.0	0.0	0.0	0.0	0.0	0.0	0.0	0.0	0.0	0.0	0.0	0.0	0.0
GSM4138110_HNSCC_1_PBMC_TGCTACCTCAACCAAC	44.52828059099553	123.26689561972216	0.0	38.281401035121625	0.0	0.0	5.266839558129577	0.0	0.0	39.54119141259417	0.0	0.0	13.321482236095965	0.0	0.0	0.0	0.0	0.0	0.0	52.189603456329756	10.40517449826958	0.0	0.0	0.0	0.0	0.0	0.0	0.0	0.0	0.0
GSM4138110_HNSCC_1_PBMC_TGGACGCGTCATACTG	72.585574450391	107.34264032415393	76.29888929972685	0.0	0.0	26.570234353868578	1.969701852933702	31.826578336717123	36.92948739118281	0.0	0.0	0.0	4.847197930685855	0.0	0.0	0.0	0.0	0.0	0.0	44.85085659982366	0.0	0.0	0.0	15.424893374203062	0.0	0.0	0.0	0.0	42.12508522036753	0.0
GSM4138110_HNSCC_1_PBMC_TGGCCAGTCCTTAATC	71.44004431195647	77.71238109687187	130.73795714904807	0.0	1.072831069326777	0.0	109.83212069506865	0.0	0.0	62.34244454379794	40.552227900742885	0.0	0.0	0.0	0.0	0.6940063141033007	0.0	0.0	0.0	0.0	0.0	0.0	0.0	0.0	0.0	0.0	0.0	0.0	0.0	0.0
GSM4138110_HNSCC_1_PBMC_TGGCTGGCAGTCGATT	169.6511740148009	189.87083963495328	108.85864290349868	33.225947910261404	18.20036938196519	14.724275159889668	49.63043771609918	0.0	0.0	0.0	44.66314016073679	0.0	0.0	0.0	0.0	0.0	0.0	0.0	0.0	0.0	0.0	88.85320454198002	0.0	0.0	0.0	0.0	0.0	0.0	0.0	0.0
GSM4138110_HNSCC_1_PBMC_TGGGAAGCAATGGAGC	43.212839250764404	26.88758739822182	0.0	0.0	34.42584521285312	0.0	0.0	0.0	0.0	53.8951919951565	0.0	51.89578985473827	16.254600706470054	0.0	0.0	0.0	0.0	4.399942580641021	0.0	0.0	0.0	0.0	0.0	0.0	0.0	0.0	0.0	0.0	0.0	0.0
GSM4138110_HNSCC_1_PBMC_TGGGCGTAGGGAGTAA	76.91548798418629	93.35905039797005	39.954642004654886	9.633987087952402	0.0	0.0	29.56051793094153	0.0	0.0	28.9918817215299	26.16290550619072	0.0	0.0	29.099956413207103	0.0	0.0	0.0	0.0	0.0	0.0	0.0	0.0	0.0	0.0	0.0	0.0	0.0	0.0	0.0	0.0
GSM4138110_HNSCC_1_PBMC_TGGGCGTGTTCGCGAC	94.67919034223938	79.3124908387691	0.0	50.39912283005453	27.359317224654067	2.709710763504964	22.46820006585816	0.0	0.0	0.0	0.0	0.0	0.0	0.0	0.0	0.0	0.0	0.0	36.60394062572984	1.7898289014454294	0.0	0.0	0.0	0.2738469786136457	0.0	0.0	0.0	0.0	0.0	0.0
GSM4138110_HNSCC_1_PBMC_TGGGCGTTCAACTCTT	58.513097564059606	28.261149384711008	25.940524934224648	0.0	0.0	57.118864634646265	19.402326079425297	32.19271193158703	0.0	0.0	93.5138769231526	0.0	0.0	0.0	0.0	0.0	0.0	0.0	0.0	0.0	0.0	0.0	0.0	0.0	0.0	0.0	0.0	0.0	0.0	0.0
GSM4138110_HNSCC_1_PBMC_TGGTTAGGTAGAAAGG	120.09242915059129	37.26543315325947	65.3154036239179	0.0	0.0	0.0	10.689316147459039	36.18739254316301	0.0	0.0	35.287991970673026	0.0	0.0	0.0	0.0	0.0	0.0	0.0	0.0	0.0	0.0	0.0	0.0	0.0	0.0	0.0	6.807332048853013	0.0	0.0	0.0
GSM4138110_HNSCC_1_PBMC_TGGTTAGTCGTCCGTT	130.53384997661624	103.01905013999644	0.0	2.059493225844489	0.0	0.0	0.0	9.50538989874739	0.0	0.0	0.0	72.14930558222787	54.24395197528835	0.0	0.0	0.0	0.0	0.0	0.0	0.0	0.0	78.229405871558	0.0	0.0	51.25804915810266	0.0	0.0	0.0	0.0	0.0
GSM4138110_HNSCC_1_PBMC_TTAACTCGTGTTCTTT	35.943116833580106	29.65436968945046	0.0	37.65583309764849	0.0	0.0	0.977509657175078	0.0	103.17913447104533	0.0	0.0	0.0	23.428572097975536	0.0	0.0	0.0	0.0	0.0	0.0	70.66570235237499	0.0	0.0	0.0	0.0	0.0	0.0	0.0	0.0	0.0	0.0
GSM4138110_HNSCC_1_PBMC_TTAACTCGTTAGTGGG	128.66956935308795	83.91273356415184	0.0	105.6890101256925	56.064893467037784	0.0	1.6128242282697585	0.0	112.37729113218587	0.0	0.0	0.0	23.19872647404433	0.0	0.0	0.0	0.0	0.0	3.667085262470433	0.0	0.0	0.0	0.0	0.0	0.0	0.0	0.0	0.0	0.0	0.0
GSM4138110_HNSCC_1_PBMC_TTAGGCATCATGTCCC	51.199996769725566	44.0344729474742	0.0	0.0	0.0	0.0	0.0	0.0	6.76016514999674	47.795577881963254	0.0	51.11053357221149	33.03042313122746	0.0	0.0	37.321831960070725	0.0	0.0	0.0	0.0	0.0	0.0	0.0	0.0	0.0	0.0	0.0	0.0	0.0	0.0
GSM4138110_HNSCC_1_PBMC_TTCTACAGTTGTGGAG	28.409068404129947	26.007538809274337	146.86653535370561	0.0	32.74455441079549	0.0	12.82678893099329	0.0	0.0	35.37336048964524	0.0	0.0	0.0	0.0	0.0	0.0	0.0	0.0	0.0	0.0	0.0	0.0	0.0	0.0	5.225929725669586	0.0	0.0	0.0	0.0	0.0
GSM4138110_HNSCC_1_PBMC_TTCTCAATCCTCTAGC	75.83754572195475	74.0829809586658	68.58688837693624	0.0	0.0	0.0	0.0	0.0	0.0	0.0	0.0	0.0	0.0	0.0	0.0	0.0	0.0	61.1476741783891	0.0	0.0	0.0	0.0	119.73892772973575	28.467990958923654	0.0	0.0	0.0	0.0	0.0	0.0
GSM4138110_HNSCC_1_PBMC_TTCTCCTTCCCGACTT	36.780762543016216	80.94291922515215	0.0	0.0	0.0	0.0	0.0	30.428277406114074	0.0	0.0	12.222002126652388	3.5753051870469466	37.100324261397255	0.0	51.382155472493636	0.0	0.0	0.0	0.0	0.0	25.936834610380718	0.0	0.0	0.0	0.0	0.0	0.0	0.0	0.0	0.0
GSM4138110_HNSCC_1_PBMC_TTGACTTCATGGAATA	104.12615907137868	49.80042557187459	75.1207299689496	0.0	39.046487208908765	0.0	0.0	1.6365250430277576	0.0	0.0	0.0	0.0	15.11046701062966	0.0	0.0	0.0	0.0	18.293721469220785	0.0	0.0	0.0	11.702064448693305	0.0	0.0	0.0	0.0	0.0	20.480651823641093	0.0	39.54386792946214
GSM4138110_HNSCC_1_PBMC_TTGACTTTCAGGTAAA	53.72272693437158	91.4121165350633	0.0	0.0	21.717899124235487	68.03520169481327	17.910813124210087	5.303497707958381	0.0	0.0	0.0	57.43591170239214	0.0	0.0	0.0	0.0	0.0	0.0	0.0	39.50510078310844	0.0	0.0	0.0	0.0	0.0	0.0	0.0	0.0	0.0	0.0
GSM4138110_HNSCC_1_PBMC_TTGTAGGCAGCGTTCG	52.167439785303486	23.696702038736305	0.0	27.78127748086111	61.94001917388187	0.0	0.0	0.0	0.0	30.22545346917058	0.0	3.3397954041198337	11.966712676259073	0.0	0.0	0.0	6.5641802555690605	0.0	0.0	0.0	0.0	0.0	0.0	0.0	0.0	0.0	0.0	0.0	0.0	0.0
GSM4138110_HNSCC_1_PBMC_TTTACTGGTTCTGGTA	79.55181737961333	49.019457007713854	0.0	0.0	0.0	9.278199314822206	0.0	0.0	0.0	0.0	0.0	0.0	5.341070374858337	0.0	51.81722001608475	0.0	0.0	0.0	0.134773648396183	0.0	35.51834054831086	16.935455464452225	0.0	0.42226867679920516	0.0	0.0	0.0	0.0	0.0	0.0
GSM4138110_HNSCC_1_PBMC_TTTATGCGTTTGTGTG	47.84614732175597	45.617720890263335	0.0	48.59582411461729	18.22297962041485	0.0	0.0	26.93890261810753	0.0	0.0	0.0	0.0	17.231023986384837	0.0	0.0	0.0	0.0	0.0	0.0	0.0	7.0964699453903695	0.0	36.11386207318696	0.0	0.0	0.0	0.0	0.0	0.0	0.0
GSM4138110_HNSCC_1_PBMC_TTTCCTCCAGATCCAT	73.49755465502788	61.382524291140946	62.06200259649796	0.0	72.3749621975074	0.0	1.8127158117862288	61.13579332447024	0.0	0.0	0.0	0.0	14.868186356581177	0.0	0.0	0.0	0.0	0.0	0.0	0.0	0.0	0.0	0.0	0.0	0.0	0.0	0.0	0.0	0.0	0.0
GSM4138110_HNSCC_1_PBMC_TTTCCTCGTTCGCGAC	69.15707448299638	68.98720284290121	0.0	119.8708437668658	54.99530045310599	0.0	0.0	133.2130740938868	0.0	0.0	0.0	0.0	23.954150096525733	0.0	0.0	0.0	0.0	0.0	0.0	0.0	0.0	0.0	0.0	0.0	0.0	0.0	0.0	0.0	0.0	0.0
GSM4138110_HNSCC_1_PBMC_TTTGCGCCACGAAATA	75.77850943094138	64.19496267503736	49.14326197100722	0.0	88.12864651688677	0.0	2.435885836923581	0.0	63.26534457254616	0.0	0.0	0.0	24.270638954585074	0.0	0.0	0.0	0.0	0.0	0.0	0.0	0.0	0.0	0.0	0.0	0.0	0.0	0.0	0.0	0.0	0.0
GSM4138110_HNSCC_1_PBMC_TTTGCGCGTTTCCACC	57.95078134586806	72.86200017946982	62.05371509988378	0.0	0.0	0.0	0.0	56.504440255064395	0.0	0.0	0.0	0.0	0.0	0.0	0.0	52.61490663787637	0.0	0.0	0.0	0.0	0.0	0.0	0.0	20.01281326907709	0.0	0.0	0.0	0.0	0.0	25.45244065572774
GSM4138110_HNSCC_1_PBMC_TTTGGTTAGAATTGTG	80.15323963307527	66.32315104898125	0.0	67.18007547678977	31.465148026126382	0.0	72.71947535667475	0.0	74.71279120568629	0.0	0.0	0.0	0.0	0.0	0.0	0.0	0.0	0.0	0.0	0.0	0.0	0.0	0.7104713039537476	0.0	0.0	0.0	0.0	0.0	0.0	0.0
GSM4138110_HNSCC_1_PBMC_TTTGGTTAGAGCAATT	97.26664574589886	95.68810926632027	54.871522704540546	0.0	71.72643733903162	0.0	16.321638572053	0.0	0.0	0.0	0.0	0.0	4.943977564391686	0.0	0.0	0.0	0.0	0.0	0.0	0.0	0.0	121.58252965018359	0.0	0.0	0.0	0.0	0.0	0.0	0.0	0.0
GSM4138110_HNSCC_1_PBMC_TTTGGTTGTCCGTGAC	64.80087917065174	81.19147571997382	0.0	0.0	0.0	0.0	0.0	0.0	25.71548566604394	0.0	0.0	0.0	36.94932374992635	0.0	19.608891152137538	46.90567881573273	48.07090058555784	0.0	0.0	0.0	23.279495861977153	0.0	20.95923365551063	0.0	2.7918717733484457	0.0	0.0	0.0	0.0	0.0
GSM4138110_HNSCC_1_PBMC_TTTGTCAAGTACGATA	92.76933778092886	94.25259950414343	0.0	0.0	0.0	0.0	57.236021793062356	0.0	82.27786279260174	0.0	44.53251359173911	86.29523043678208	0.0	0.0	0.0	19.73014730609569	0.0	0.0	0.0	0.0	0.0	0.0	0.0	0.0	0.0	0.0	0.0	0.0	0.0	0.0
GSM4138110_HNSCC_1_PBMC_TTTGTCATCAGGCAAG	64.0049903545837	84.98028549458333	0.0	50.82900380620745	59.87744085138609	97.40204457152237	0.0	0.0	0.0	0.0	0.0	0.0	22.226939804355528	0.0	0.0	0.0	0.0	0.0	0.0	0.0	0.0	0.0	0.0	0.0	0.0	0.0	12.38942888435624	0.0	0.0	0.0
GSM4138110_HNSCC_1_PBMC_TTTGTCATCGCGTAGC	55.172708174124715	104.94602621140159	0.0	0.0	0.0	0.0	13.124637664109056	51.659296511846854	0.0	0.0	42.17066871645272	50.5057881466687	0.0	0.0	0.0	0.0	0.0	0.0	0.0	0.0	0.0	0.0	0.0	0.0	0.0	0.0	0.0	0.0	0.0	0.0
GSM4138110_HNSCC_1_PBMC_ACGGAGAAGCAGGCTA	131.6555210371628	93.3909417894479	0.0	4.020743363244963	0.0	30.80586912998462	0.0	0.0	0.0	15.850382663592898	0.0	11.247824064899827	36.7513742135358	0.0	0.0	0.0	21.00419889130896	0.0	0.0	75.33365478814368	0.0	0.0	0.0	0.0	0.0	0.0	0.0	0.0	0.0	0.0
GSM4138110_HNSCC_1_PBMC_ACTATCTGTCGAGTTT	111.35661138506394	122.82730443566294	97.23786970590551	0.0	0.0	0.0	20.44648725098471	0.0	89.2190305411935	0.0	89.73885950487889	0.0	19.92951239762807	12.669681561751194	0.0	0.0	0.0	0.0	0.0	0.0	0.0	0.0	0.0	0.0	0.0	0.0	0.0	0.0	0.0	0.0
GSM4138110_HNSCC_1_PBMC_CAGTCCTGTAGAAGGA	51.76375832483132	67.91802467710346	7.349587758917616	63.41434274722142	0.0	0.0	34.84860099832661	0.0	76.3029329040821	0.0	0.0	0.0	0.0	11.4334244075226	0.0	0.0	0.0	0.0	0.0	0.0	0.0	0.0	0.0	0.0	64.57231150035675	0.0	0.0	0.0	0.0	0.0
GSM4138110_HNSCC_1_PBMC_CGATGTATCGGTCTAA	86.44145929553152	86.10134029043442	0.0	76.84403802116655	9.806311741088743	0.0	0.0	17.503149319630243	28.33958546463767	0.0	24.47246338039367	0.0	0.7269217646270654	0.0	0.0	0.0	0.0	0.0	0.0	0.0	0.0	0.0	0.0	21.132031636630124	0.0	0.0	0.0	0.0	0.0	0.0
GSM4138110_HNSCC_1_PBMC_GACCTGGTCGCCAAAT	70.90131064733828	83.61290884090876	0.0	80.69710609550833	6.6026726775167965	0.0	28.242383834786327	0.0	0.0	0.0	0.812073527864306	0.0	0.0	0.0	0.0	0.0	0.0	0.0	0.0	0.04043798632018018	45.0893129425391	0.0	92.85103052151767	0.0	0.0	0.0	0.0	0.0	0.0	0.0
GSM4138110_HNSCC_1_PBMC_TACGGTACATGGTCAT	129.67986074564996	135.98558557242458	0.0	118.12639639375584	0.0	129.33468799342936	12.528209070344827	0.0	0.0	0.0	110.07247839312092	0.0	15.996823708568526	0.0	0.0	0.0	0.0	0.0	0.0	9.047710892681284	0.0	0.0	0.0	0.0	0.0	0.0	0.0	0.0	0.0	0.0
GSM4138110_HNSCC_1_PBMC_TTAGTTCTCGCGGATC	64.99416360326488	60.620233404026614	47.5821324251668	8.975420357176699	0.0	36.08345630814687	33.18601624703621	0.0	6.308898023898665	0.0	49.226160933216214	0.0	0.0	0.0	0.0	0.0	0.0	0.0	0.0	0.0	1.0610527129147311	0.0	0.0	0.0	0.0	0.0	0.0	0.0	0.0	0.0
GSM4138110_HNSCC_1_PBMC_AAAGCAACACGCGAAA	135.77282113416777	132.89381980361165	0.0	127.69062409565868	0.0	101.05862618542744	0.0	0.0	65.31854332041573	0.0	0.0	0.0	38.126773659060305	0.0	0.0	0.0	0.0	0.0	0.0	25.286893320995777	0.0	0.0	0.0	0.0	0.0	0.0	0.0	0.0	0.0	0.0
GSM4138110_HNSCC_1_PBMC_AACTTTCGTGTATGGG	71.21249940914687	63.90333643177596	0.0	0.0	0.0	30.449061537272055	10.973364391720272	0.0	0.0	0.0	0.0	0.0	0.0	0.0	0.0	4.625450180370114	81.73489156156202	0.0	0.0	2.754511662554561	0.0	0.0	0.0	0.0	0.0	0.0	0.0	0.0	0.0	0.0
GSM4138110_HNSCC_1_PBMC_AAGGAGCAGGGAAACA	137.84942675090957	70.41630736788257	30.341289048253305	45.59983556641428	0.0	0.0	1.144442943801128	0.0	0.0	0.0	15.924070296140606	0.0	24.815973914318658	54.04302700005565	0.0	37.00143074596653	0.0	0.0	0.0	0.0	0.0	0.0	0.0	0.0	0.0	0.0	0.0	0.0	0.0	0.0
GSM4138110_HNSCC_1_PBMC_AATCGGTGTAATCACC	115.98795809141869	90.6347599682615	0.0	87.76159816772886	0.0	124.6120459855285	18.590514667486325	0.0	0.0	0.0	0.0	0.0	0.0	0.0	0.0	0.0	0.0	0.0	0.0	33.07871974622628	0.0	0.0	0.0	0.0	0.0	0.0	0.0	0.0	0.0	0.0
GSM4138110_HNSCC_1_PBMC_ATAACGCTCACAACGT	175.03013236416052	192.01448202235832	0.0	0.0	91.48613136962011	0.0	68.60642514166341	0.0	206.05339274416465	0.0	0.0	0.0	0.0	0.0	163.48220708637388	0.0	0.0	0.0	0.0	0.0	0.0	0.0	0.0	0.0	0.0	0.0	0.0	0.0	21.616801594020536	0.0
GSM4138110_HNSCC_1_PBMC_ATCATCTTCTGGCGAC	137.31453285271607	233.59288084774386	153.935892863591	0.0	0.0	32.666784174212594	21.8560500492709	0.0	108.2896621189164	0.0	0.0	0.0	0.0	0.0	0.0	5.463223723186839	0.0	100.26345314736135	0.0	0.0	0.0	0.0	0.0	0.0	0.0	0.0	0.0	0.0	0.0	0.0
GSM4138110_HNSCC_1_PBMC_ATCCGAATCGTTTATC	118.00126160212243	157.82281714995582	0.0	0.0	0.0	0.0	43.81977571262134	0.0	0.0	0.0	0.0	97.20482036772336	21.990814059633244	0.0	0.0	0.0	0.0	0.0	0.0	37.206193360654616	0.0	77.69526492290022	0.0	0.0	0.0	0.0	0.0	0.0	0.0	0.0
GSM4138110_HNSCC_1_PBMC_ATGCGATTCGTGGGAA	159.568509180889	132.8878278651168	0.0	82.36050051435834	0.0	66.68223860736799	21.472026501787646	0.0	22.809138422707182	0.0	0.0	0.0	17.680916211650025	0.0	0.0	0.0	0.0	0.0	0.0	110.72813309747585	0.0	0.0	0.0	0.0	0.0	0.0	0.0	0.0	0.0	0.0
GSM4138110_HNSCC_1_PBMC_CAAGAAATCAGGCAAG	71.0576799957519	76.73248672621894	0.0	0.0	0.0	0.0	0.0	0.0	0.0	77.37655928865469	0.0	0.0	9.40352033766313	0.0	65.26656473138263	0.0	0.0	0.0	0.0	41.06815179513821	0.0	0.0	0.0	0.0	0.0	0.0	0.0	0.0	0.0	0.0
GSM4138110_HNSCC_1_PBMC_CACAGGCCACACCGAC	188.54458912201991	257.4005994279074	69.60142096221914	0.0	42.153546151562196	0.0	0.0	0.0	0.0	0.0	47.439942417841685	74.63330249929787	0.0	0.0	0.0	0.0	0.0	0.0	0.0	0.0	0.0	0.0	176.971075235791	34.964906230260034	0.0	0.0	0.0	0.0	0.0	0.0
GSM4138110_HNSCC_1_PBMC_CACTCCATCTGTACGA	66.50008902590051	72.71497561770782	0.0	87.74047555744009	10.986066141005196	0.0	0.0	0.0	0.0	0.0	0.0	0.0	32.09244218145446	0.0	0.0	0.0	0.0	0.0	0.0	0.0	0.0	0.0	0.0	0.0	0.0	49.38391589240359	0.0	0.0	0.0	0.0
GSM4138110_HNSCC_1_PBMC_CCTTCCCTCGCCTGTT	61.47265026340031	44.58951505975936	0.0	40.743656542404366	0.0	0.0	0.0	0.0	0.0	0.0	0.0	0.0	0.0	0.0	0.0	0.0	0.0	0.0	0.0	0.0	0.0	19.08121331644779	24.76492158217163	13.516780396803144	0.0	0.0	0.0	0.0	66.76978227116399	0.0
GSM4138110_HNSCC_1_PBMC_CGATTGAAGACTAAGT	114.2192296041078	121.0625931832066	0.0	99.77661439727488	0.0	76.83004645008869	16.552663160508576	0.0	0.0	0.0	0.0	0.0	6.926707460139095	0.0	0.0	73.73365194766288	0.0	0.0	0.0	0.0	0.0	0.0	0.0	0.0	0.0	0.0	0.0	0.0	0.0	0.0
GSM4138110_HNSCC_1_PBMC_CGGACGTTCTGAGTGT	36.57702842571076	33.478508117606594	0.0	12.445922630929942	0.0	101.41447749831049	0.0	0.0	0.0	0.0	30.774739136224735	36.82397984796842	0.0	0.0	0.0	3.1313292517550173	0.0	0.0	0.0	0.0	0.0	0.0	0.0	12.758745795514065	0.0	0.0	0.0	0.0	0.0	0.0
GSM4138110_HNSCC_1_PBMC_CGGGTCATCCCAACGG	41.12384521472354	66.04423496983848	0.0	57.99929205476852	0.0	0.0	0.0	0.0	59.30305731040683	0.0	0.0	0.0	14.325136064494062	0.0	0.0	0.0	0.0	0.0	0.0	0.0	0.0	0.0	0.0	0.0	12.09219380384229	0.0	0.0	0.0	0.0	0.0
GSM4138110_HNSCC_1_PBMC_CTCGAGGCATAGACTC	166.8448151507051	157.82855161271397	0.0	0.0	0.0	0.0	0.0	0.0	0.0	0.0	30.280984185934315	83.17525310069587	58.38614342863483	0.0	0.0	10.17464981275631	129.05099324796674	11.366012937574524	0.0	0.0	0.0	104.83245702442372	17.758726480284015	0.0	0.0	0.0	0.0	0.0	0.0	0.0
GSM4138110_HNSCC_1_PBMC_CTCGTCACAATAAGCA	119.79455310816063	133.43711077020816	0.0	144.58284110378705	86.73304996074184	81.51786573944524	32.04467816576691	0.0	0.0	0.0	0.0	0.0	0.0	0.0	0.0	0.0	0.0	0.0	0.0	0.0	0.0	0.0	16.97096308139905	0.0	0.0	0.0	0.0	0.0	0.0	0.0
GSM4138110_HNSCC_1_PBMC_CTGATCCTCTTTAGGG	120.95391471345343	95.6703079975434	0.0	99.36154458012585	0.0	46.06696409236784	0.0	0.0	0.0	59.0624355052752	41.41219937544927	0.0	54.741177511939206	0.0	0.0	0.0	0.0	0.0	0.0	0.0	0.0	0.0	0.0	0.0	0.0	0.0	0.0	0.0	0.0	0.0
GSM4138110_HNSCC_1_PBMC_CTGTGCTTCTAACGGT	110.1034114612622	106.12145466768467	66.84553803088112	0.0	92.01364894794987	92.72610513872226	0.0	0.0	0.0	0.0	0.0	0.0	43.702458255313296	0.0	0.0	0.0	0.0	0.0	0.0	0.0	0.0	0.0	0.0	0.0	0.0	0.0	0.0	0.0	0.0	0.0
GSM4138110_HNSCC_1_PBMC_CTGTGCTTCTATCGCC	98.2295058712813	94.36889401801326	0.0	0.0	38.10123878129124	0.0	0.0	0.0	115.3210232418609	0.0	0.0	0.0	0.0	0.0	0.0	0.0	126.55948169093512	0.0	0.0	0.0	0.0	0.0	0.0	22.34776642438489	0.0	0.0	0.0	0.0	0.0	0.0
GSM4138110_HNSCC_1_PBMC_GACTAACGTCGACTGC	84.78372885816653	130.2778120879684	0.0	0.0	39.84581944452204	77.64423176924889	19.253178203756967	0.0	0.0	0.0	0.0	76.47448077000428	0.0	0.0	0.0	0.0	0.0	0.0	0.0	0.0	0.0	0.0	0.0	0.0	10.324963164170866	0.0	0.0	0.0	0.0	0.0
GSM4138110_HNSCC_1_PBMC_GAGGTGATCGTCCGTT	86.65862331363441	199.76415108560107	139.19307508820634	0.0	0.0	108.95885871085353	30.676790085691493	0.0	0.0	0.0	46.07488745962702	0.0	5.250656119520567	0.0	0.0	0.0	0.0	0.0	0.0	0.0	0.0	0.0	0.0	0.0	0.0	0.0	0.0	0.0	0.0	0.0
GSM4138110_HNSCC_1_PBMC_GATCAGTAGTGTACTC	145.23126771128486	84.11405101377701	0.0	113.75388127233666	0.0	49.483212646718556	0.0	0.0	0.0	0.0	0.0	2.97326826976237	32.29013619601346	0.0	0.0	0.0	0.0	52.14956584942483	0.0	0.0	0.0	0.0	0.0	0.0	0.0	0.0	59.63339523219341	0.0	0.0	0.0
GSM4138110_HNSCC_1_PBMC_GCTCTGTAGTATCTCG	0.0	0.0	0.0	165.43526401052233	0.0	0.0	0.0	0.0	0.0	0.0	0.0	0.0	0.0	0.0	0.0	0.0	3225.7786361312837	0.0	0.0	0.0	0.0	0.0	0.0	0.0	0.0	0.0	0.0	0.0	0.0	0.0
GSM4138110_HNSCC_1_PBMC_GGAACTTTCCGATATG	70.26956671344597	107.92083661632151	0.0	0.0	0.0	0.0	17.97002097951485	0.0	101.89251221637613	0.0	35.73827224818756	70.63052262626015	0.0	0.0	0.0	0.0	0.0	0.0	0.0	0.0	0.0	0.0	0.0	0.0	0.0	0.0	0.0	0.0	0.0	0.0
GSM4138110_HNSCC_1_PBMC_GGACAGAAGCCATCGC	120.37754052022841	99.06961551797502	0.0	90.5709394614486	0.0	0.0	0.0	119.18372589281749	0.0	0.0	73.95852293517333	0.0	42.32604429973527	0.0	0.0	0.0	0.0	0.0	0.0	8.360877292077614	0.0	0.0	0.0	0.0	0.0	0.0	0.0	0.0	0.0	0.0
GSM4138110_HNSCC_1_PBMC_GGATGTTGTGCAGTAG	112.36622256631745	103.53119111697559	93.78191956361304	0.0	0.0	0.0	0.0	0.0	0.0	0.0	25.961503946128175	0.0	20.678563746043082	0.0	0.0	24.770474857661068	0.0	0.0	0.0	0.0	0.0	76.42920221530792	0.0	0.0	0.0	0.0	0.0	0.0	0.0	0.0
GSM4138110_HNSCC_1_PBMC_GTAACTGCAGCTGTTA	142.99317019921685	96.47396849386308	0.0	65.99049916137488	21.797296651929525	0.0	0.0	0.0	0.0	0.0	19.393491742021457	0.0	45.20408281266254	0.0	0.0	0.0	0.0	0.0	0.0	0.0	0.0	0.0	85.23664154856712	0.0	0.0	0.0	0.0	0.0	0.0	0.0
GSM4138110_HNSCC_1_PBMC_GTATTCTAGTAATCCC	185.9693887018648	162.10942651107766	4.43822130676864	0.0	0.0	130.84451686442097	17.807984722811767	0.0	0.0	0.0	64.65474936429196	133.33692018514893	0.0	0.0	0.0	46.61009965808256	0.0	0.0	0.0	0.0	0.0	0.0	0.0	11.90861040764808	0.0	0.0	0.0	0.0	0.0	0.0
GSM4138110_HNSCC_1_PBMC_GTGCAGCAGTCAAGCG	0.0	2995.447343472901	0.0	0.0	0.0	0.0	0.0	0.0	0.0	0.0	0.0	0.0	0.0	0.0	0.0	0.0	0.0	0.0	0.0	0.0	0.0	0.0	0.0	0.0	0.0	0.0	0.0	0.0	0.0	0.0
GSM4138110_HNSCC_1_PBMC_GTGCATACACAGGCCT	93.8946181291241	139.01405065571882	0.0	126.86575587888386	0.0	0.0	18.726729538010826	0.0	0.0	0.0	12.761107939647506	0.0	0.0	0.0	0.0	36.52752130102386	0.0	0.0	0.0	0.0	0.0	0.0	120.43468538666268	0.0	0.0	0.0	0.0	0.0	0.0	0.0
GSM4138110_HNSCC_1_PBMC_TACTCGCGTTTAGCTG	106.93584895922281	76.21886585125529	0.0	87.74992028485335	0.0	31.75175426524384	18.38038067663765	105.48851741736503	0.0	0.0	0.0	0.0	0.0	0.0	0.0	0.0	0.0	0.0	0.0	42.87686442192026	0.0	0.0	0.0	0.0	0.0	0.0	0.0	0.0	0.0	0.0
GSM4138110_HNSCC_1_PBMC_TACTTACGTTATGCGT	117.32778479366036	121.75344981762002	0.0	0.0	0.0	0.0	13.567122633262676	0.0	0.0	0.0	0.0	0.0	27.15135481722225	108.887563614165	0.0	45.427304535794	64.6595525321133	0.0	0.0	0.0	0.0	0.0	0.0	0.0	0.0	0.0	0.0	0.0	0.0	0.0
GSM4138110_HNSCC_1_PBMC_TAGCCGGGTTCAACCA	85.29816937241165	118.45685147977585	77.43266940578559	0.0	0.0	0.0	22.923979752711013	0.0	0.0	0.0	59.25505458416192	0.0	0.0	0.0	0.0	0.0	0.0	0.0	64.07901880809499	0.0	0.0	0.0	0.0	0.0	0.0	0.0	0.0	0.0	0.0	0.0
GSM4138110_HNSCC_1_PBMC_TCAGCAATCCCAAGAT	135.76597515468723	137.44216706983246	39.35024974921821	83.84793759359616	0.0	166.49617856493748	22.93055213040364	0.0	0.0	0.0	0.0	0.0	1.3742616619484052	0.0	0.0	0.0	0.0	0.0	7.520820978672227	0.0	69.89867122416231	0.0	0.0	0.0	0.0	0.0	0.0	0.0	0.0	0.0
GSM4138110_HNSCC_1_PBMC_TGACGGCGTTGAGTTC	262.49742008255026	224.653616732903	0.0	0.0	0.0	0.0	62.77601549642186	0.0	0.0	0.0	0.0	0.0	0.0	254.68925568143266	0.0	0.0	354.31300311290113	278.57229287950304	0.0	35.649012449132435	0.0	0.0	0.0	0.0	0.0	0.0	0.0	0.0	0.0	0.0
GSM4138110_HNSCC_1_PBMC_TTGCGTCGTACTTCTT	168.26579040497546	92.31765569742477	0.0	133.11978385226985	0.0	77.56156578917572	43.348264436726524	0.0	0.0	0.0	70.04571314596907	0.0	0.0	0.0	0.0	41.44507752579584	0.0	0.0	0.0	0.0	0.0	0.0	0.0	0.0	0.0	0.0	0.0	0.0	0.0	0.0
GSM4138110_HNSCC_1_PBMC_TTTGTCAGTTAAGATG	73.27948850362971	65.21827397029423	0.0	62.66110580183749	0.0	87.58853431053328	1.6299290762671959	0.0	0.0	0.0	22.42154493113826	0.0	22.989800613288832	0.0	0.0	0.0	0.0	0.0	0.0	0.0	0.0	0.0	0.0	0.0	0.0	0.0	0.0	0.0	0.0	0.0
GSM4138110_HNSCC_1_PBMC_ACGCAGCTCGTCACGG	219.4074344570424	120.54520787683971	0.0	0.0	51.7213706680644	0.0	0.0	20.283111247194455	0.0	0.05153031422363636	0.0	148.8149115801439	50.455246949041026	113.9713494604546	0.0	0.0	0.0	0.0	0.0	0.0	0.0	0.0	0.0	0.0	0.0	0.0	0.0	0.0	0.0	0.0
GSM4138110_HNSCC_1_PBMC_ATCATCTAGGAATCGC	109.40170032151963	106.25595688829792	0.0	0.0	0.0	0.0	0.0	0.0	0.0	142.3986414563447	0.0	0.0	41.380967607386836	0.0	0.0	0.0	101.3979448259279	0.0	0.0	0.0	76.94379309655254	0.0	0.0	0.0	0.0	0.0	0.0	0.0	0.0	0.0
GSM4138110_HNSCC_1_PBMC_TCAACGAGTTACGGAG	315.31892564990653	222.44838116647273	275.24549767211204	0.0	44.630563469875696	0.0	66.85560407119718	0.0	23.097370086810898	156.4510744910512	0.0	0.0	0.0	52.14059525108281	0.0	0.0	0.0	0.0	0.0	5.967150830760664	111.90110176940448	0.0	0.0	0.0	0.0	0.0	0.0	0.0	0.0	0.0
GSM4138110_HNSCC_1_PBMC_AAACCTGGTCTCCCTA	301.65791892407213	176.7210609132449	0.0	252.03609836151972	0.0	0.0	21.554303442496565	0.0	0.0	0.0	0.0	0.0	0.0	0.0	0.0	0.0	0.0	0.0	0.0	80.65321615625193	0.0	0.0	0.0	25.61948191475488	0.0	34.77301424197651	215.5561629228571	0.0	0.0	0.0
GSM4138110_HNSCC_1_PBMC_ACACCGGAGTACACCT	422.60908531004776	165.03661460901515	246.35304559288835	0.0	14.960760247261302	45.434512235944204	43.28181283695633	0.0	6.236882046575793	0.0	0.0	0.0	0.0	0.0	0.0	0.0	60.557246037798144	143.95455323323333	102.17190688348431	0.0	0.0	0.0	0.0	0.0	0.0	0.0	88.40133591500201	0.0	0.0	0.0
GSM4138110_HNSCC_1_PBMC_ACTGCTCGTGGTCCGT	317.7541407360879	169.2195154050651	174.82384358865983	0.0	0.0	0.0	43.6402504224542	0.0	0.0	212.47572352300045	0.0	0.0	0.0	0.0	0.0	0.0	0.0	0.0	0.0	0.0	121.59368192301358	0.0	0.0	0.0	0.0	0.0	0.0	0.0	0.0	0.0
GSM4138110_HNSCC_1_PBMC_AGCTCTCGTTAGTGGG	356.1873323519653	231.57686375876582	0.0	0.0	102.3914965973322	55.53962549778504	0.0	38.0570395253206	0.0	0.0	19.469453751165332	259.42301538376853	61.69594076966573	0.0	0.0	0.0	0.0	0.0	0.0	0.0	0.0	0.0	0.0	0.0	0.0	88.61163777182774	0.0	0.0	0.0	0.0
GSM4138110_HNSCC_1_PBMC_ATGGGAGAGGATGCGT	482.7683204925566	233.61114815715038	0.0	228.94846785734768	0.0	0.0	43.37898702399736	0.0	0.0	130.09335020451724	0.0	0.0	0.0	0.0	0.0	0.0	0.0	0.0	0.0	0.0	96.08258636556523	0.0	0.0	0.0	0.0	0.0	0.0	137.18534430169396	0.0	0.0
GSM4138110_HNSCC_1_PBMC_ATTATCCTCGGAAATA	352.65345160257425	202.9293307540948	211.31820296722418	0.0	84.64994276801359	0.0	59.1354661840921	0.0	0.0	168.2451132488167	0.0	0.0	3.564129159048342	0.0	0.0	0.0	0.0	32.35669023905452	0.0	0.0	0.0	0.0	0.0	0.0	0.0	0.0	0.0	0.0	0.0	0.0
GSM4138110_HNSCC_1_PBMC_CATCAGATCGCAAACT	373.9850938143813	178.92509963218822	208.5255427487771	0.0	0.0	187.83704050035382	37.10393435809206	0.0	0.0	0.0	0.0	0.0	0.0	0.0	0.0	0.0	0.0	0.0	0.0	0.0	86.99858893607383	0.0	0.0	0.0	0.0	0.0	0.0	0.0	0.0	0.0
GSM4138110_HNSCC_1_PBMC_CGTAGCGCATGCAACT	391.0246208089852	295.5271271147942	286.9037032382605	0.0	0.0	0.0	46.90042703557495	0.0	0.0	150.91581127202198	131.73902446772732	0.0	0.0	0.0	0.0	0.0	0.0	0.0	0.0	0.0	0.0	0.0	0.0	0.0	0.0	0.0	0.0	0.0	0.0	0.0
GSM4138110_HNSCC_1_PBMC_CGTCACTTCACGAAGG	387.18612991045205	171.7311542703972	211.39934869832655	0.0	131.37892647567537	0.0	58.234182607085415	0.0	0.0	221.26297117722012	0.0	0.0	0.0	0.0	0.0	0.0	0.0	0.0	0.0	0.0	0.0	0.0	0.0	0.0	0.0	0.0	0.0	37.990923430880706	0.0	0.0
GSM4138110_HNSCC_1_PBMC_GCATACACACCAGCAC	350.23872955728433	213.98375579077992	0.0	0.0	0.0	0.0	0.0	0.0	0.0	0.0	0.0	0.0	30.04914085044637	179.35072147977618	0.0	0.0	180.4394497994303	0.0	0.0	95.91186712093372	0.0	19.06729743703742	0.0	0.0	0.0	0.0	0.0	0.0	0.0	0.0
GSM4138110_HNSCC_1_PBMC_GCGACCAGTCGATTGT	401.6979066926782	206.649521052176	195.09602747235	0.0	131.4492738740907	0.0	52.062191614745366	0.0	0.0	0.0	0.0	0.0	0.0	0.0	0.0	0.0	0.0	0.0	0.0	0.0	0.0	0.0	0.0	0.0	0.0	0.0	196.0790494546733	0.0	0.0	0.0
GSM4138110_HNSCC_1_PBMC_TACTTACTCGGCGCAT	113.00184083290429	24.127039448321593	0.0	0.0	49.668353761351234	82.15247130035736	0.0	0.0	0.0	0.0	0.0	0.0	41.93984739596044	0.0	96.17532234748758	0.0	0.0	0.0	0.0	0.0	0.0	0.0	0.0	0.0	0.0	0.0	0.0	0.0	0.0	0.0
GSM4138110_HNSCC_1_PBMC_ACCGTAAGTTACGTCA	318.17921528724514	86.49310135154319	142.56646698698364	0.0	105.40586810122487	0.0	0.0	0.0	0.0	168.8595624116753	0.0	0.0	0.0	0.0	0.0	0.0	0.0	0.0	0.0	0.0	0.0	0.0	0.0	21.365631726321073	0.0	0.0	0.0	0.0	0.0	0.0
GSM4138110_HNSCC_1_PBMC_ATCCACCAGACAGACC	168.0293927075112	81.42698395711626	60.87233318416354	0.0	144.8144100284619	0.0	15.208679254523291	0.0	0.0	0.0	0.0	0.0	0.0	0.0	0.0	0.0	0.0	0.0	0.0	0.0	0.0	9.986565045755912	21.286054601869008	0.0	0.0	58.61437842061951	0.0	0.0	0.0	0.0
GSM4138110_HNSCC_1_PBMC_ATGAGGGGTATATGGA	3036.768966295545	0.0	0.0	0.0	0.0	0.0	0.0	0.0	0.0	0.0	0.0	0.0	0.0	0.0	0.0	0.0	0.0	0.0	0.0	0.0	0.0	0.0	0.0	0.0	0.0	0.0	0.0	0.0	0.0	0.0
GSM4138110_HNSCC_1_PBMC_CACCAGGGTCAGAATA	306.31093537024117	197.06502453220466	226.7706983379123	0.0	59.90825365730394	0.0	50.23832298786561	0.0	0.0	103.22063594833881	0.0	0.0	0.0	0.0	0.0	0.0	0.0	0.0	0.0	0.0	0.0	0.0	0.0	0.0	0.0	0.0	0.0	0.0	0.0	0.0
GSM4138110_HNSCC_1_PBMC_CAGCAGCTCAAAGTAG	270.3504653113585	106.0265895608003	167.0280771572936	0.0	70.51209206269672	0.0	0.0	0.0	0.0	0.0	0.0	0.0	0.0	0.0	0.0	0.0	0.0	0.0	0.0	0.0	0.0	0.0	0.0	30.117821538973704	0.0	85.2055241955969	0.0	0.0	0.0	0.0
GSM4138110_HNSCC_1_PBMC_CATCCACCAGTAACGG	371.60618635309	135.3265002773037	97.8531728527965	0.0	0.0	34.57464876572818	46.28225723295555	108.30604003229735	19.24447724695086	0.0	0.0	0.0	0.0	0.0	0.0	0.0	0.0	0.0	0.0	0.0	0.0	0.0	0.0	0.0	93.69689606127093	0.0	0.0	0.0	0.0	0.0
GSM4138110_HNSCC_1_PBMC_CCTTTCTCATCCTAGA	249.83005079633196	90.3089060383946	132.12019829567137	0.0	82.30624483105149	0.0	18.992486774154546	84.45511285424567	0.0	0.0	0.0	0.0	0.0	0.0	0.0	0.0	0.0	0.0	0.0	0.0	0.0	0.0	0.0	0.0	0.0	0.0	0.0	0.0	0.0	61.99381608225873
GSM4138110_HNSCC_1_PBMC_CGTAGGCTCTACCAGA	252.17250678508856	116.82467113870592	0.0	0.0	0.0	83.49158049410698	31.86354127723936	0.0	0.0	11.660922506226068	97.42705017651052	0.0	0.0	0.0	0.0	0.0	133.14435667076597	0.0	0.0	0.0	0.0	0.0	0.0	0.0	0.0	0.0	50.93200142588372	0.0	0.0	0.664033347110026
GSM4138110_HNSCC_1_PBMC_CTGCCTAAGGACATTA	247.0182801218163	94.86581762299187	128.37942884016516	0.0	0.0	0.0	31.934308378455313	114.6899259516233	0.0	0.0	94.94777076186823	0.0	0.0	0.0	0.0	0.0	0.0	0.0	0.0	0.0	0.0	0.0	0.0	0.0	0.0	0.0	0.0	0.0	0.0	0.0
GSM4138110_HNSCC_1_PBMC_CTTTGCGGTGGTCCGT	195.73674074004538	111.77965514600496	64.65545819396738	0.0	69.59313423288228	1.9095539093786005	27.72909858642875	0.0	0.0	0.0	0.0	0.0	0.0	0.0	0.0	0.0	0.0	0.0	0.0	0.0	0.0	107.03174860522756	0.0	2.4573862593946743	0.0	0.0	0.0	0.0	0.0	0.0
GSM4138110_HNSCC_1_PBMC_GAAACTCAGACAAGCC	386.76401278261505	75.67633575173281	0.0	0.0	30.76551727913516	0.0	0.0	0.0	0.0	150.05807944692066	63.54936681352538	0.0	0.0	0.0	0.0	0.0	137.3214570046346	0.0	0.0	0.0	0.0	0.0	0.0	26.269813500291587	0.0	0.0	0.0	0.0	0.0	0.0
GSM4138110_HNSCC_1_PBMC_GACCAATAGCCCGAAA	688.859141011514	189.32935485845684	0.0	0.0	108.02806467053006	0.0	35.63991504719171	0.0	0.0	0.0	0.0	0.0	9.386809168367188	0.0	0.0	0.0	120.19386933187273	0.0	0.0	0.0	0.0	160.88946094194347	0.0	0.0	8.964980309200604	0.0	0.0	0.0	0.0	0.0
GSM4138110_HNSCC_1_PBMC_GACCAATAGGGCTCTC	240.5115217471277	138.75026078716687	159.16534367310348	0.0	104.99490565672679	0.0	21.036502792668088	0.0	0.0	0.0	0.0	0.0	0.0	0.0	0.0	0.0	0.0	0.0	0.0	0.0	0.0	144.05600358524885	0.0	10.595030524141427	0.0	0.0	0.0	0.0	0.0	0.0
GSM4138110_HNSCC_1_PBMC_GATGCTATCCTCTAGC	309.56743627871316	176.79090953355018	0.0	0.0	0.0	0.0	39.256279458681604	0.0	0.0	0.0	0.0	183.00577786072287	0.0	0.0	0.0	0.0	0.0	143.97925482176046	0.0	0.0	0.0	0.0	0.0	0.0	0.0	0.0	129.03263434138728	0.0	0.0	0.0
GSM4138110_HNSCC_1_PBMC_GCTGCGATCCCGACTT	141.40021669886858	64.71064386660096	85.56060727727882	0.0	51.37513012058552	0.0	0.0	0.0	0.0	0.0	0.0	0.0	0.0	0.0	0.0	0.0	0.0	0.0	0.0	0.0	0.0	84.66344795581387	8.731951322693165	32.11205725632625	0.0	0.0	0.0	0.0	0.0	0.0
GSM4138110_HNSCC_1_PBMC_GTTACAGCAAGTTGTC	280.19017367709097	104.08532525975886	123.24006170351261	0.0	20.38617247207141	0.0	96.99642833155181	0.0	0.0	0.0	41.49380918515255	0.0	0.0	0.0	0.0	0.0	0.0	0.0	0.0	0.0	0.0	0.0	0.0	0.0	0.0	43.607859958456956	0.0	0.0	0.0	0.0
GSM4138110_HNSCC_1_PBMC_TAGGCATTCAGCGACC	304.86968563713543	149.22037881273022	0.0	0.0	0.0	0.0	15.54786617286718	0.0	0.0	0.0	106.18413039020712	0.0	0.0	0.0	107.15344473122711	0.0	0.0	0.0	112.97411628605614	0.0	0.0	0.0	38.055163912703016	0.0	0.0	0.0	0.0	0.0	0.0	0.0
GSM4138110_HNSCC_1_PBMC_TCGTACCTCCATGAAC	193.56847062214442	82.19783734617772	80.60362775470601	0.0	74.5655272060925	0.0	0.0	0.0	0.0	47.56339689217725	0.0	0.0	0.0	0.0	0.0	0.0	0.0	0.0	0.0	0.0	0.0	233.0420944310174	0.0	13.06403159703903	0.0	0.0	0.0	0.0	0.0	0.0
GSM4138110_HNSCC_1_PBMC_TGCGCAGAGAGTCGGT	259.58065346810156	74.6490847098016	141.92579785350458	0.0	80.37240949826626	0.0	0.0	0.0	0.0	132.57962065175798	0.0	0.0	0.0	0.0	0.0	0.0	0.0	0.0	0.0	0.0	0.0	0.0	0.0	15.88093352310051	0.0	0.0	0.0	0.0	0.0	0.0
GSM4138110_HNSCC_1_PBMC_TTGCCGTTCCTATTCA	375.0346832296549	142.33979956529336	0.0	0.0	0.0	0.0	0.0	0.0	0.0	0.0	0.0	287.53735136244154	21.833628581142605	0.0	0.0	0.0	0.0	0.0	0.0	0.0	0.0	0.0	0.0	0.0	68.96152929243455	0.0	0.0	0.0	0.0	164.25117539707279
GSM4138110_HNSCC_1_PBMC_TTTACTGAGTCCCACG	294.62766764898	143.99718905551367	252.15467684762723	0.0	89.1544507815127	0.0	34.49657605986093	0.0	0.0	0.0	0.0	0.0	0.0	0.0	0.0	0.0	0.0	0.0	0.0	0.0	0.0	113.537776185977	0.0	0.0	0.0	0.0	0.0	0.0	0.0	0.0
GSM4138110_HNSCC_1_PBMC_ACGGGTCGTCTTGATG	82.74609483779292	57.70030586671104	64.34535731570578	0.0	0.0	12.27826470671673	23.8812765704637	60.16101315252014	8.161484467851464	0.0	0.0	0.0	13.478829074607777	0.0	0.0	71.38373091639656	0.0	0.0	0.0	0.0	0.0	0.0	0.0	0.0	0.0	0.0	0.0	0.0	0.0	0.0
GSM4138110_HNSCC_1_PBMC_AGTGAGGAGGAATCGC	106.26648358411887	40.346766768192005	0.0	90.77794240066561	0.0	0.0	0.0	1.6676785866382318	51.88684887384154	0.0	0.0	0.0	10.83507239646749	0.0	0.0	0.0	0.0	0.0	36.31523889829333	0.0	65.40575074591462	0.0	0.0	0.0	0.0	0.0	0.0	26.177119374270106	0.0	0.0
GSM4138110_HNSCC_1_PBMC_ATGTGTGCAAGCTGGA	201.94097839665497	146.88300109813946	0.0	0.0	106.73549219233027	0.0	29.58977994486891	142.09584283583578	0.0	0.0	0.0	0.0	0.0	0.0	80.88809262652148	0.0	0.0	0.0	0.0	0.0	0.0	0.0	0.0	0.0	0.0	0.0	0.0	0.0	0.0	0.0
GSM4138110_HNSCC_1_PBMC_CGACCTTAGTTACGGG	176.58445252461036	124.71768591461097	0.0	0.0	0.0	0.0	6.918893373577524	0.0	164.48358243223151	0.0	0.0	34.21634066712007	0.0	0.0	0.0	0.0	36.68457912652211	128.23636585297268	0.0	0.0	0.0	0.0	0.0	33.26258211284495	0.0	0.0	0.0	0.0	0.0	0.0
GSM4138110_HNSCC_1_PBMC_GCGACCACATGCATGT	138.5850542321753	93.15401242165522	0.0	0.0	59.3499765531727	0.0	0.0	0.0	45.22699685629169	62.304766720727166	0.0	129.91334076821093	73.7282201674317	0.0	20.223280262956322	0.0	0.0	0.0	0.0	0.0	10.587929582011258	0.0	0.0	0.0	0.0	0.0	0.0	0.0	0.0	0.0
GSM4138110_HNSCC_1_PBMC_GGATTACGTGCATCTA	142.74753341988495	103.89015222313007	120.34345266445487	0.0	69.29093484335324	0.0	30.47347584231571	0.0	0.0	0.0	9.645268895413816	0.0	0.0	0.0	0.0	0.0	0.0	0.0	0.0	0.0	0.0	0.0	90.66605459098612	0.15127284741416394	0.0	0.0	20.73853396353177	0.0	0.0	0.0
GSM4138110_HNSCC_1_PBMC_GTGCAGCCACCAGATT	148.38784657765254	71.45137505329448	0.0	65.0381093837142	0.0	0.0	0.0	16.742748866066265	1.3543520045390083	0.0	0.0	0.0	0.0	0.0	0.0	73.1457924410306	0.0	0.0	50.243181548340495	0.0	1.332428775553635	0.0	0.0	18.64872723929004	0.0	0.0	0.0	0.0	0.0	0.0
GSM4138110_HNSCC_1_PBMC_GTGCGGTTCTATGTGG	117.89651860807837	177.48505974837101	82.29426728643091	0.0	0.0	0.0	34.28446855720048	0.0	0.0	85.76681197311916	0.0	0.0	0.0	0.0	0.0	0.0	0.0	0.0	0.0	110.61209402837096	0.0	0.0	0.0	0.0	0.0	0.0	0.0	0.0	0.0	0.0
GSM4138110_HNSCC_1_PBMC_GTTCATTTCCCTCTTT	119.29505814019736	103.2148819805848	0.0	112.54929900127702	54.381847540339244	0.0	3.028373914106185	69.20926636434727	0.0	0.0	0.0	0.0	25.346378856541733	0.0	0.0	0.0	0.0	0.0	0.0	0.0	0.0	0.0	0.0	0.0	0.0	0.0	0.0	0.0	0.0	0.0
GSM4138110_HNSCC_1_PBMC_TCATTACGTAATCACC	186.34586548917355	208.34429262957707	140.76922939387887	0.0	0.0	0.0	21.085166949154537	0.0	0.0	0.0	44.05786034882867	0.0	0.0	88.11232349820003	0.0	15.541397023636906	0.0	0.0	0.0	0.0	0.0	0.0	23.478737243699598	16.14764896163633	0.0	0.0	0.0	0.0	0.0	0.0
GSM4138110_HNSCC_1_PBMC_TTGCCGTTCAGAAATG	121.22916416281812	70.42112949231412	0.0	0.0	70.04490163331081	0.0	0.0	0.0	0.0	0.0	0.0	0.0	0.0	107.68223750586714	74.73012823211694	0.0	0.0	0.0	0.0	0.0	0.0	0.0	0.0	85.74819953117073	0.0	0.0	0.0	0.0	0.0	0.0
GSM4138110_HNSCC_1_PBMC_TTTGCGCAGTAGCGGT	266.7606989671201	158.5001299737981	184.23279361836614	0.0	84.46818285368168	0.0	36.8970571079788	0.0	0.0	57.45159490579662	0.0	0.0	0.0	77.86711979939614	0.0	0.0	0.0	0.0	0.0	0.0	0.0	0.0	0.0	4.161274306551575	0.0	0.0	127.84172876414611	0.0	0.0	0.0
GSM4138110_HNSCC_1_PBMC_TTTGGTTAGCACAGGT	152.73659858629347	132.35272652207718	0.0	0.0	0.0	129.09004476352052	12.085745509397187	0.0	0.0	0.0	0.0	86.19026039764701	13.63887217587934	0.0	8.27970916000635	0.0	0.0	0.0	0.0	0.0	0.0	0.0	0.0	0.0	72.49271845554249	0.0	0.0	0.0	0.0	0.0
