	1	2	3	4	5	6	7	8	9	10	11	12	13	14	15	16	17	18	19	20	21	22	23	24	25	26	27
GSM4138110_HNSCC_1_PBMC_AAACCTGAGGAGCGTT	38.771911718585635	93.94096999991473	34.349884653759275	56.20717895259296	0.0	37.317593040111866	0.0	21.622504661476164	0.0	0.0	0.0	0.0	0.0	0.0	0.0	0.0	0.0	0.0	0.0	0.0	74.96901603238913	0.0	0.0	0.0	0.0	0.0	0.0
GSM4138110_HNSCC_1_PBMC_AAACCTGCAGATGAGC	83.07659278667947	54.71412472600999	79.3102861753619	0.0	0.0	0.0	0.0	0.0	54.649791559941036	0.0	0.0	0.0	0.0	0.0	6.727489361239015	0.0	33.423332798131405	0.0	0.0	48.87623351021402	0.0	0.0	46.53591413126393	0.0	49.870642374016725	0.0	0.0
GSM4138110_HNSCC_1_PBMC_AACGTTGAGACTGGGT	5.587902694219894	40.10746603366221	77.4463405147947	0.0	0.0	0.0	0.0	10.878479859844893	0.0	0.0	0.0	0.0	26.755938501443577	0.0	22.286975319468212	22.6586027100319	0.0	0.0	0.0	0.0	0.0	0.0	0.0	0.0	17.487993794070242	20.270827333038053	0.0
GSM4138110_HNSCC_1_PBMC_AACGTTGGTTACGACT	47.69500994588256	129.91842478294427	45.01930066567299	0.0	0.0	0.0	9.384768392547135	6.282170581383331	0.0	0.0	61.0000065530038	0.0	0.0	0.0	0.0	0.0	0.0	0.0	0.0	0.0	0.0	0.0	0.0	0.0	8.125493602148715	0.0	0.0
GSM4138110_HNSCC_1_PBMC_AACGTTGTCTAAGCCA	44.40076488462692	51.500620177237394	29.77036321429202	0.0	41.66927178039622	0.0	0.6188206260195026	0.0	48.72707709955266	0.0	36.10032221181849	0.0	0.0	0.0	0.0	18.019288083742687	0.0	10.977723878399487	0.0	0.0	0.0	0.0	0.0	0.0	0.0	0.0	0.0
GSM4138110_HNSCC_1_PBMC_AACTCCCCATTTCAGG	73.20501571944763	33.98574249582931	22.932849265533424	0.0	0.0	1.1034109052243335	66.04986252029177	11.688439944370138	0.0	0.0	0.0	0.0	42.15837617830945	75.0633437575755	0.0	0.0	0.0	0.0	0.0	0.0	0.0	0.0	0.0	0.0	0.0	0.0	0.0
GSM4138110_HNSCC_1_PBMC_AAGCCGCCACTTCTGC	80.99196626336332	56.365238494844405	41.69909479150806	0.0	0.0	0.0	0.0	0.0	50.96316442810124	37.987351363392854	0.0	43.17849737114339	0.0	0.0	0.0	0.0	0.0	37.54625223993113	0.0	0.0	0.0	0.0	0.0	0.0	0.0	0.0	0.0
GSM4138110_HNSCC_1_PBMC_AAGGTTCGTCTCTTAT	46.545845271782774	41.39201979480898	7.490212248083663	0.0	40.201696620215316	0.0	99.92256857864352	3.0965905839872736	0.0	0.0	53.26861107721936	0.0	0.0	0.0	0.0	0.0	8.394398546793335	0.0	0.0	0.0	0.0	0.0	0.0	0.0	13.099944587737154	0.0	0.0
GSM4138110_HNSCC_1_PBMC_AAGTCTGAGTACCGGA	105.51013960801222	40.594392235309904	9.766067382118928	0.0	0.0	0.0	0.0	9.21093168960505	28.039429967327223	45.061627423862284	0.0	0.0	0.0	0.0	31.193027394598996	0.0	0.0	0.0	0.0	0.0	0.0	0.0	0.0	0.0	0.0	0.0	0.0
GSM4138110_HNSCC_1_PBMC_AAGTCTGGTTGCCTCT	51.97823704365482	72.42561290300115	61.571226491195965	0.0	35.42305278771847	0.0	36.619825722111	6.381968509332341	0.0	0.0	0.0	0.0	10.730945476369993	0.0	0.0	0.0	0.0	0.0	0.0	0.0	0.0	0.0	0.0	0.0	0.0	0.0	0.0
GSM4138110_HNSCC_1_PBMC_AAGTCTGTCCAAACTG	63.083744562129375	75.30408671423754	98.50849726923546	0.0	39.671503465004754	0.0	60.56555455488043	0.0	0.0	0.0	0.0	0.0	49.63755080247949	0.0	0.0	0.0	0.0	15.290295932328437	0.0	0.0	0.0	0.0	0.0	0.0	0.0	0.0	0.0
GSM4138110_HNSCC_1_PBMC_ACATGGTCACATGGGA	33.262819756798486	47.59547110217338	17.10278757200834	1.7695556806090718	28.647366539828592	0.0	28.46395496748555	0.727571036035978	0.0	0.0	0.0	0.0	137.45358218220153	0.0	0.0	0.0	0.0	0.0	0.0	0.0	0.0	0.0	0.0	0.0	0.0	0.0	0.0
GSM4138110_HNSCC_1_PBMC_ACGAGCCAGTATCTCG	48.73128969177613	61.24517470568971	94.98266572442387	36.063400431493065	55.554784393845395	25.5450380944116	0.0	0.0	0.0	0.0	0.0	52.016237219245994	0.0	0.0	0.0	0.0	0.3929895444925626	19.980405265206596	0.0	0.0	0.0	0.0	0.0	0.0	0.0	0.0	0.0
GSM4138110_HNSCC_1_PBMC_ACGAGCCCACTTAACG	153.5414248793834	99.7794018992728	109.85368879002787	0.0	114.12875711727527	0.0	84.90298160416604	0.0	0.0	0.0	0.0	0.0	75.92178721243512	0.0	0.0	0.0	0.0	35.379193152762106	0.0	0.0	0.0	0.0	0.0	0.0	0.0	0.0	0.0
GSM4138110_HNSCC_1_PBMC_ACTATCTTCTTCCTTC	55.012331272797454	91.1951358363596	45.060810411392985	49.314277152098086	0.0	0.0	0.0	1.7430484333671687	0.0	6.797983417793212	33.09542392932955	102.44453913926766	0.0	0.0	0.0	0.0	14.004642955487126	0.0	0.0	0.0	0.0	0.0	0.0	0.0	2.646355416960332	0.0	0.0
GSM4138110_HNSCC_1_PBMC_AGAGCTTAGAGCTGGT	72.33639045297932	42.676357793966396	52.509451300584104	0.0	65.06936372425136	0.0	94.44046420575783	23.465744027117182	0.0	56.14094871687891	0.0	0.0	0.0	0.0	0.0	0.0	0.0	0.0	0.0	0.0	0.0	0.0	0.0	0.0	0.0	0.0	0.0
GSM4138110_HNSCC_1_PBMC_AGATTGCGTCGCCATG	57.216731155517905	41.005968908839385	35.46349633260211	51.44874961921569	67.18499065812804	38.05191582730358	0.0	13.899337943223745	0.0	0.0	0.0	0.0	0.0	0.0	0.0	0.0	0.0	0.0	0.0	0.0	0.0	0.0	0.0	0.0	0.0	0.0	0.0
GSM4138110_HNSCC_1_PBMC_AGCGTATGTTATCCGA	76.15349039798491	26.789429235984194	58.73877852930825	114.53288210922169	50.44811668967886	5.580348719210914	0.0	20.547589350515484	0.0	0.0	0.0	0.0	22.52364400439255	0.0	0.0	0.0	0.0	0.0	0.0	0.0	0.0	0.0	0.0	0.0	0.0	0.0	0.0
GSM4138110_HNSCC_1_PBMC_AGGCCACAGTACTTGC	45.07474667759222	34.15533503287646	60.56212237243928	36.452462373268624	0.0	9.369171758623331	0.0	4.18661483729319	0.0	0.0	11.338322212840444	77.77818142382627	0.0	0.0	0.0	0.0	0.0	5.661545754204239	0.0	0.0	4.835530449860412	0.0	0.0	0.0	0.0	0.0	0.0
GSM4138110_HNSCC_1_PBMC_AGGCCACCACTAAGTC	94.99748282076403	98.688146365283	131.42517710163426	0.0	0.0	220.04949831286226	0.0	28.862209001364427	0.0	0.0	0.0	0.0	0.0	62.618259506528325	0.0	31.039564321467363	0.0	0.0	0.0	0.0	6.821609533321945	106.9780187854519	0.0	0.0	0.0	0.0	0.0
GSM4138110_HNSCC_1_PBMC_AGTAGTCTCTTAGCCC	24.808888401986366	47.51384950688259	19.443910229265985	0.0	0.0	119.95451938652509	0.0	19.359708692513564	0.0	0.0	0.0	48.95950685835579	0.0	0.0	0.0	0.0	0.0	0.0	0.0	0.0	1.4984948841983718	0.0	0.0	0.0	0.0	0.0	0.0
GSM4138110_HNSCC_1_PBMC_AGTGAGGGTGGCCCTA	186.94280849546266	79.42196410028022	46.856710480428745	0.0	0.0	0.0	0.0	23.35521484532478	37.50006509218792	0.0	0.0	0.0	32.070188566923015	0.0	0.0	6.165623101122494	0.0	0.0	33.97904104868325	0.0	0.0	0.0	0.0	19.701701531711574	0.0	0.0	23.836575235960776
GSM4138110_HNSCC_1_PBMC_AGTGTCATCTCGCATC	118.71739767686925	53.58901189667037	31.74144464370855	0.0	0.0	23.046694303160717	0.0	11.009739687856566	23.754758237362566	0.0	0.0	0.0	0.0	0.0	34.440233717297474	0.0	0.0	0.0	0.0	0.0	0.0	0.0	0.0	0.0	0.0	0.0	0.0
GSM4138110_HNSCC_1_PBMC_AGTTGGTCATGGTTGT	76.29861673969063	92.60746389491766	83.73774693193522	0.0	64.87763704243159	64.94703141521728	74.26075070127466	0.0	0.0	0.0	0.0	0.0	0.0	0.0	0.0	0.0	19.17120038130337	9.81387694536825	0.0	0.0	0.0	0.0	0.0	0.0	0.0	0.0	0.0
GSM4138110_HNSCC_1_PBMC_AGTTGGTTCTTGGGTA	70.15825678669879	68.35361197235106	17.045147699945623	0.0	36.99867459390953	0.0	0.0	8.992998707083451	0.0	0.0	20.563129738328517	0.0	0.0	0.0	0.0	50.969788618117555	0.0	0.0	0.0	0.0	0.0	0.0	0.0	0.0	0.0	0.0	0.0
GSM4138110_HNSCC_1_PBMC_ATCTACTAGGGTGTGT	79.0601313782704	266.9494253724583	92.4518436692144	0.0	164.38808228879094	0.0	116.05181136858782	0.0	0.0	143.9283342021055	0.0	0.0	0.0	0.0	0.0	0.0	0.0	12.957672397981627	0.0	0.0	0.0	0.0	0.0	0.0	34.138157723701845	0.0	0.0
GSM4138110_HNSCC_1_PBMC_ATCTACTAGTACGTTC	49.846230996086554	38.892175236509246	65.40745370516747	69.11508664469842	0.0	0.0	0.0	0.0	0.0	58.16869562342079	0.0	0.0	0.0	44.722385485613266	0.0	0.0	74.71754934618156	0.0	0.0	0.0	0.0	0.0	0.0	0.0	0.0	0.0	0.0
GSM4138110_HNSCC_1_PBMC_ATGAGGGCAAGCGATG	77.47436780101168	51.44115172799108	49.268225286043545	2.1626220159257032	0.0	28.101833375257502	12.553134458283203	12.308993082405996	0.0	0.0	0.0	0.0	0.0	42.70959411911837	0.0	0.0	0.0	0.0	0.0	0.0	0.0	23.14012287368817	0.0	0.0	0.0	0.0	0.0
GSM4138110_HNSCC_1_PBMC_ATGAGGGCACACAGAG	68.12784355101915	27.279604609952738	64.04475696879682	0.0	0.0	46.541310829586635	9.597133226022539	0.0	0.0	0.0	0.0	12.659839611972608	0.0	14.005462086429038	0.0	0.0	18.77720564338911	0.0	12.928788315255149	0.0	0.0	0.0	13.564221991382656	0.0	0.0	0.0	0.0
GSM4138110_HNSCC_1_PBMC_ATGCGATGTTTGACAC	49.78169102095946	81.6806511012235	16.544806820832637	0.0	28.654103529697863	0.0	61.811026737702825	19.234609912655287	0.0	0.0	0.0	0.0	0.0	0.0	0.0	0.0	0.0	0.0	0.0	0.0	0.0	0.0	3.05727956170764	0.0	17.51268647773617	0.0	0.0
GSM4138110_HNSCC_1_PBMC_ATGTGTGCATGCGCAC	84.91330189658632	54.28356287588133	20.651670721644496	0.0	0.0	47.101835948068484	18.790903560801755	0.0	0.0	0.0	0.0	32.21180037978347	0.0	0.0	0.0	0.0	0.0	11.970415301820772	0.0	0.0	0.0	0.0	0.0	0.0	0.0	0.0	0.0
GSM4138110_HNSCC_1_PBMC_ATTACTCTCATGCTCC	103.80811987297926	44.08505248997869	114.79741356201346	22.791010297914827	0.0	17.05673066117972	0.0	20.52289062942287	0.0	0.0	0.0	0.0	0.0	0.0	0.0	0.0	0.0	34.35713894560328	76.61184550589023	0.0	0.0	0.0	0.0	0.0	0.0	0.0	0.0
GSM4138110_HNSCC_1_PBMC_ATTATCCGTCACACGC	59.87844095646576	85.05023559636105	70.66494311186561	0.0	0.0	10.692174136057112	10.549704784643806	20.283985614343973	0.0	0.0	0.0	0.0	0.0	61.166264109778105	0.0	76.97685033296248	0.0	0.0	0.0	0.0	0.0	0.0	0.0	0.0	0.0	0.0	0.0
GSM4138110_HNSCC_1_PBMC_ATTGGACAGAGATGAG	85.96138533083582	20.593416727185204	17.15890127466344	0.0	71.7697297907716	0.0	0.0	0.0	59.43970743090801	52.73843384499595	0.0	0.0	0.0	0.0	0.0	0.0	0.0	20.066163788788717	0.0	0.0	0.0	0.0	0.0	0.0	0.0	0.0	0.0
GSM4138110_HNSCC_1_PBMC_ATTGGTGCAGTGAGTG	76.8117134888866	40.2360105717087	35.448156388990014	42.579866734530285	0.0	0.0	0.0	26.689213868262772	0.0	0.0	0.0	0.0	45.29199804814064	0.0	0.0	0.0	0.0	0.0	38.12700596390785	0.0	0.0	0.0	0.0	0.0	0.0	0.0	0.0
GSM4138110_HNSCC_1_PBMC_CAACCAAGTTATCGGT	28.04096468729866	36.62200050110335	48.19240860451263	30.445993591865204	63.88627448155131	0.0	0.0	22.108733505698556	0.0	0.0	0.0	0.0	0.0	0.0	0.0	0.0	0.0	0.0	0.0	0.0	0.0	0.0	0.0	0.0	17.478499287650532	0.0	0.0
GSM4138110_HNSCC_1_PBMC_CAACCAATCCTTGACC	35.4781438710473	46.84312675149592	39.86964240877148	0.0	0.0	12.88049856546005	0.0	24.875063007752043	64.5985473855039	0.0	0.0	0.0	0.0	25.808922938541418	0.0	0.0	0.0	0.0	0.0	0.0	0.0	0.0	0.0	0.0	0.0	0.0	0.0
GSM4138110_HNSCC_1_PBMC_CACAGTAGTCTCCATC	97.20686090834445	27.683769989958222	0.0	0.0	73.33562168710486	0.0	10.338442909953606	26.33720419182917	0.0	121.93190373875316	0.0	0.0	0.0	0.0	0.0	0.0	0.0	0.0	0.0	0.0	0.0	0.0	0.0	0.0	0.0	0.0	0.0
GSM4138110_HNSCC_1_PBMC_CACATAGCAAAGCGGT	74.58742997653991	39.90700596500848	63.18926833479543	0.0	0.0	2.034219103882984	0.0	8.923220762857666	0.0	0.0	0.0	22.36240762971062	0.0	0.0	37.825110740470485	23.846380999334023	0.0	0.0	0.0	0.0	0.0	0.0	0.0	0.0	0.0	0.0	0.0
GSM4138110_HNSCC_1_PBMC_CACATAGCACCTCGTT	36.64776740167015	75.0841134242438	33.43716637659946	0.0	46.457202046244646	36.71277249264955	65.85007702711935	0.0	0.0	0.0	0.0	0.0	0.0	0.0	0.0	0.0	0.0	21.33132970178015	0.0	0.0	0.0	0.0	0.0	0.0	0.0	0.0	0.0
GSM4138110_HNSCC_1_PBMC_CACATTTGTGCACTTA	53.530095376333136	49.90421233501479	39.314362110171786	0.0	0.0	0.0	26.819223325618626	0.0	0.0	0.0	0.0	23.158112568800234	0.0	0.0	0.0	0.0	15.317417901826486	0.0	0.0	0.0	0.0	0.0	6.9871158020049435	35.42100164473867	32.71022583916075	0.0	0.0
GSM4138110_HNSCC_1_PBMC_CACATTTTCCCATTAT	21.25155778738798	81.52546205097507	25.516193607061858	32.8482044549325	35.52623650857213	0.0	0.0	0.0	19.7401283411369	0.0	0.0	0.0	45.01538459701872	0.0	0.0	0.0	0.0	9.629771585862944	0.0	0.0	0.0	0.0	0.0	0.0	0.0	0.0	0.0
GSM4138110_HNSCC_1_PBMC_CACATTTTCTGGTTCC	78.81693140626619	52.582513239181154	16.89576770214838	0.0	0.0	0.0	0.0	0.0	41.19520641534778	54.00312304152194	0.0	0.0	0.0	0.0	0.0	0.0	0.0	10.857367622399368	38.513692895384594	0.0	0.0	0.0	0.0	0.0	0.0	0.0	0.0
GSM4138110_HNSCC_1_PBMC_CACCAGGTCGTGGGAA	83.26984924173955	71.84836754446555	78.52301823671799	0.0	0.0	0.0	0.0	13.149832188501941	0.0	56.46533592879941	0.0	0.0	0.0	0.0	30.24006045184127	0.0	7.741381188231928	0.0	0.0	0.0	0.0	50.98189611611607	0.0	0.0	0.0	0.0	0.0
GSM4138110_HNSCC_1_PBMC_CAGCAGCCAATGGTCT	50.210424251526405	9.643120561638336	58.23198389620251	0.0	0.0	0.0	0.0	0.0	0.0	0.0	16.945794710371164	0.0	0.0	58.41083623575702	0.0	36.39994043300663	0.0	9.738739174880125	0.0	0.0	0.0	0.0	0.0	0.0	0.0	0.0	0.0
GSM4138110_HNSCC_1_PBMC_CAGCATAGTCCGAGTC	71.87912991879037	27.528913534701896	59.75764175476193	0.0	0.0	18.109588817241757	0.0	33.873734304970235	0.0	0.0	0.0	0.0	0.0	0.0	0.0	75.15427010267558	0.0	0.0	0.0	12.218118089274379	0.0	0.0	0.0	0.0	0.0	0.0	0.0
GSM4138110_HNSCC_1_PBMC_CAGCCGAAGCCCAACC	67.53547469099095	75.7754197169915	39.031118718463034	0.0	24.983413742433353	0.0	0.0	0.0	18.232253335459607	0.0	0.0	0.0	44.102296013728434	0.0	0.0	30.47883831973898	16.790799017172496	0.0	0.0	0.0	0.0	0.0	0.0	0.0	0.0	0.0	0.0
GSM4138110_HNSCC_1_PBMC_CAGCCGACATCGACGC	51.55386182646393	26.115583953504263	76.40296359118932	0.0	41.725585844551	0.0	38.59789987080518	21.74635743135286	0.0	0.0	44.28533225156534	0.0	0.0	0.0	0.0	0.0	0.0	0.0	0.0	0.0	0.0	0.0	0.0	0.0	0.0	0.0	0.0
GSM4138110_HNSCC_1_PBMC_CATATTCTCCGCGTTT	72.59094925906149	59.96880017672843	60.030623817214625	0.0	25.798789912216126	41.557978605104786	44.39344769936271	12.537096384606132	0.0	0.0	0.0	0.0	0.0	0.0	0.0	0.0	0.0	0.0	0.0	0.0	0.0	0.0	0.0	0.0	0.0	0.0	0.0
GSM4138110_HNSCC_1_PBMC_CCAATCCCATTAGCCA	108.77015924532132	55.84268282809025	87.4482766643558	50.47009163383456	47.66973549436415	0.0	11.841089013889045	16.14313393013846	0.0	0.0	0.0	0.0	32.20640472444292	0.0	7.332667737502593	0.0	0.0	0.0	0.0	0.0	0.0	0.0	0.0	0.0	0.0	0.0	0.0
GSM4138110_HNSCC_1_PBMC_CCACGGAAGATCGGGT	27.326108853197027	47.99530402720096	46.60125079046878	0.0	108.77108050207417	0.0	0.0	0.0	44.53280037494102	0.0	0.0	5.649249585872251	44.485170672899926	0.0	0.0	0.0	0.9723600743521439	0.0	0.0	0.0	0.0	0.0	0.0	0.0	0.0	0.0	0.0
GSM4138110_HNSCC_1_PBMC_CCATGTCAGAGGTAGA	78.16799619278076	40.13620301214685	70.87789588860517	0.0	0.0	0.0	47.94690504148074	32.616132881807495	0.0	0.0	0.0	0.0	0.0	0.0	78.10274159458007	0.0	0.0	0.0	0.0	0.0	0.0	0.0	21.20409316748037	0.0	0.0	0.0	0.0
GSM4138110_HNSCC_1_PBMC_CCATGTCCATGCCCGA	83.76221177472601	52.069304072111386	82.92501053004031	0.0	0.0	16.127572802057415	14.172565673792747	0.0	0.0	0.0	0.0	0.0	0.0	0.0	0.0	35.7636548566074	37.19905741574186	0.0	6.939509686834819	0.0	0.0	0.0	0.0	76.19745913767271	0.0	0.0	0.0
GSM4138110_HNSCC_1_PBMC_CCGGTAGAGCTCCTCT	57.04267721249204	55.93070433066082	51.445385183493144	43.28792148670728	0.0	8.837881360268852	0.0	0.0	0.0	0.0	0.0	0.0	0.0	29.054332527266695	0.0	20.210631125420036	4.247217255474548	4.057825880312176	0.0	0.0	0.0	0.0	40.724168453077475	0.0	0.0	0.0	0.0
GSM4138110_HNSCC_1_PBMC_CCTCTGAAGGGATCTG	45.366912479959105	43.90144343755618	51.28381000234649	0.0	0.0	0.0	0.0	0.0	0.0	0.0	0.0	0.0	0.0	49.98418369500089	0.0	28.762205494963563	0.0	13.645136631120248	0.0	0.0	0.0	0.0	13.756549604910825	0.0	0.0	21.766442593919315	0.0
GSM4138110_HNSCC_1_PBMC_CGAACATGTTCGTTGA	45.86692236281981	53.83551038472077	33.72926378122207	0.0	0.0	0.0	0.0	0.0	0.0	20.216844726683515	0.0	0.0	0.0	13.803808339171283	0.0	64.95720872392802	10.935921013407256	0.0	9.373187072311135	0.0	0.0	0.0	0.0	0.0	0.0	0.0	0.0
GSM4138110_HNSCC_1_PBMC_CGAACATTCTGTCCGT	46.95552771714713	58.36383698603216	32.82072314847365	0.0	39.15343684002155	40.208456652178995	57.19622259709934	0.0	0.0	0.0	0.0	0.0	20.107269086541894	0.0	0.0	0.0	16.889014401735576	0.0	0.0	0.0	0.0	0.0	0.0	0.0	0.0	0.0	0.0
GSM4138110_HNSCC_1_PBMC_CGAATGTAGCGTCTAT	75.56055492177227	73.59786023203891	43.06001181911757	0.0	21.551026114738075	0.0	15.660098912327058	26.64083487619095	0.0	0.0	6.312919298671579	0.0	0.0	0.0	0.0	0.0	0.0	0.0	0.0	0.0	0.0	0.0	0.0	0.0	30.510142444881506	0.0	0.0
GSM4138110_HNSCC_1_PBMC_CGGGTCAAGTCTCGGC	49.31712458665879	51.01852388609164	22.29050281562575	0.0	40.21864307982029	0.0	106.67723994121218	0.0	0.0	0.0	2.569665410900187	0.0	0.0	0.0	0.0	0.0	10.640117623740306	0.0	0.0	0.0	0.0	0.0	0.0	0.0	0.0	0.0	0.0
GSM4138110_HNSCC_1_PBMC_CGTCTACCAAGCGTAG	60.95842543461578	35.98256026603281	33.39260569599672	0.0	104.15281928417156	0.0	63.074389809221884	9.337416426376274	0.0	49.34036679584708	0.0	0.0	0.0	0.0	0.0	0.0	0.0	0.0	0.0	0.0	0.0	0.0	0.0	0.0	0.0	0.0	0.0
GSM4138110_HNSCC_1_PBMC_CGTGTCTAGGTCGGAT	69.14151459976753	87.87280307590356	43.685937348712656	0.0	0.0	28.805914493164394	0.0	44.00904674751914	53.10673485087446	0.0	27.330850984026597	0.0	0.0	0.0	0.0	0.0	0.0	0.0	0.0	48.43168791136738	0.0	0.0	0.0	0.0	0.0	0.0	0.0
GSM4138110_HNSCC_1_PBMC_CGTTAGACATCCAACA	90.345250824184	25.278341994101382	22.54113713054912	0.0	7.225861007193864	6.928441237122442	0.0	10.158867665910988	98.68764577009122	0.0	0.0	0.0	0.0	0.0	5.90323757270315	6.30187186826788	0.0	0.0	0.0	0.0	0.0	0.0	0.0	0.0	0.0	0.0	0.0
GSM4138110_HNSCC_1_PBMC_CGTTGGGCATATGCTG	46.63355554249921	32.51706448234421	48.8379197584102	49.13869263262052	0.0	23.850296569568496	0.0	6.322830546336398	0.0	0.0	0.0	39.67957452581612	0.0	10.42406486583284	0.0	0.0	0.0	0.0	0.0	0.0	0.0	0.0	0.0	0.0	0.0	0.0	1.802628292924199
GSM4138110_HNSCC_1_PBMC_CTAATGGTCTCGCTTG	39.032782926424325	49.95452562633715	39.324824205959914	0.0	30.2626476473858	0.0	13.115327265510459	11.706776469329405	0.0	0.0	0.0	0.0	43.498084080976305	0.0	0.0	0.0	0.0	19.30692762783694	0.0	0.0	0.0	0.0	0.0	0.0	0.0	0.0	0.0
GSM4138110_HNSCC_1_PBMC_CTACATTTCACCAGGC	71.94412199702991	52.83246595779753	71.83207947648108	0.0	36.95778619076272	0.0	0.0	0.0	0.0	0.0	0.0	0.0	0.0	0.0	0.0	34.04817631394812	0.0	22.20956615800641	0.0	0.0	0.0	0.0	17.742257084998045	0.0	0.0	27.25585766201547	0.0
GSM4138110_HNSCC_1_PBMC_CTACGTCTCGAACGGA	34.90169787075375	66.56625075124575	30.142952600899765	51.737637592171346	0.0	20.61902946914491	0.0	29.065356214824405	0.0	0.0	0.0	0.0	0.0	0.0	9.672765522648197	0.0	0.0	0.0	0.0	0.0	0.0	0.0	0.0	0.0	0.0	0.0	0.0
GSM4138110_HNSCC_1_PBMC_CTAGAGTCACTTACGA	73.16396485482154	45.95610250129302	67.58150537304077	7.544179077698291	78.76380523349322	7.563953858541916	25.27006159866719	4.31722807739668	0.0	0.0	0.0	0.0	0.0	0.0	0.0	0.0	0.0	8.158477811016773	0.0	0.0	0.0	0.0	5.791139763367985	0.0	0.0	0.0	0.0
GSM4138110_HNSCC_1_PBMC_CTCAGAATCCGGGTGT	79.68641640998823	52.54933841713966	50.11434752764683	0.0	0.0	0.0	0.0	3.343047473051143	0.0	21.138344162597583	0.0	0.0	0.0	0.0	0.0	27.858461553578106	0.0	13.226868420246234	0.0	0.0	61.275046584144995	0.0	0.0	0.0	0.0	0.0	0.0
GSM4138110_HNSCC_1_PBMC_CTCGGGATCAATACCG	21.355714001535105	22.70526870919478	86.07553239658289	76.14810749711812	0.0	41.85412222785072	0.0	20.068389731893134	0.0	0.0	0.03918802632411748	0.0	0.0	0.0	0.0	0.0	0.0	0.0	0.0	0.0	145.90186296424048	0.0	0.0	0.0	0.0	0.0	0.0
GSM4138110_HNSCC_1_PBMC_CTCGTACAGATCGGGT	129.32295222903468	134.01847481244184	139.87987975931975	0.0	0.0	0.0	0.0	0.0	110.2617049367604	184.8717144367549	0.0	2.6222897523031365	0.0	0.0	0.0	0.0	0.0	41.9040580634656	0.0	6.062126106512838	105.60614471625945	0.0	0.0	42.588248421810114	0.0	0.0	0.0
GSM4138110_HNSCC_1_PBMC_CTCGTACTCTGTCCGT	90.63456789862416	60.94885369680785	69.11537109222368	0.0	56.418881134283424	32.55070730780276	75.84742723976855	0.0	0.0	0.0	0.0	0.0	0.0	0.0	0.0	0.0	0.0	14.796584404426092	0.0	0.0	0.0	0.0	0.0	0.0	0.0	0.0	0.0
GSM4138110_HNSCC_1_PBMC_CTCTGGTAGGCGTACA	33.38067069355855	40.273289313521	39.76534728267064	42.263972292375946	29.764809303846448	0.0	0.0	19.448172051859437	0.0	0.0	0.0	0.0	5.105956440084584	0.0	0.0	0.0	0.0	0.0	0.0	0.0	0.0	0.0	0.0	0.0	0.0	0.0	0.0
GSM4138110_HNSCC_1_PBMC_CTGAAACTCCGAGCCA	42.065029183222165	17.88376592700592	33.08594507347204	0.0	67.61331257893693	0.0	38.384399079791116	19.131307955822226	0.0	0.0	0.0	0.0	0.0	0.0	0.0	0.0	0.0	0.0	0.0	0.0	0.0	0.0	7.365386114340922	0.0	43.524320052604516	0.0	0.0
GSM4138110_HNSCC_1_PBMC_CTGAAGTAGCGATCCC	86.32917854278683	53.20481448064746	28.516971430489622	0.0	0.0	0.0	47.47545997652944	0.0	0.0	0.0	35.6265064510449	13.20933336409913	0.0	0.0	21.42586022589811	0.0	25.710241593486906	0.0	0.0	0.0	0.0	0.0	0.0	0.0	0.0	0.0	0.0
GSM4138110_HNSCC_1_PBMC_CTGATAGAGATCTGCT	39.74493992144976	45.6923817106402	22.033816154379775	23.069606279960563	0.0	0.0	0.0	0.0	0.0	74.20856535491296	0.0	43.88178849941657	10.598607907768686	0.0	0.0	0.0	20.01790281419394	0.0	0.0	0.0	0.0	0.0	0.0	0.0	0.0	0.0	0.0
GSM4138110_HNSCC_1_PBMC_CTGATAGAGCCTTGAT	59.37988794645755	63.04072789543513	63.92671972036753	51.96280519824717	0.0	46.35429384470323	0.0	18.192412452945316	0.0	0.0	0.0	0.0	0.0	48.67963461502132	0.0	0.0	8.218854820431934	0.0	0.0	0.0	0.0	0.0	0.0	0.0	0.0	0.0	0.0
GSM4138110_HNSCC_1_PBMC_CTGCCTAAGGTGCTTT	100.40493106143913	104.94761415508752	48.687932478467204	21.111884153965576	0.0	20.259445618380923	0.0	0.0	0.0	0.0	0.0	5.550200224727189	0.0	0.0	0.0	0.0	0.0	14.791712786328967	0.0	0.0	0.0	63.994356446957745	0.0	0.0	0.0	0.0	0.0
GSM4138110_HNSCC_1_PBMC_CTGCCTATCACGACTA	28.89031072976682	45.94822726457119	75.61191971161729	38.12305928285509	0.0	0.0	0.0	7.360902998065995	0.0	0.0	6.400668426736191	0.0	0.0	0.0	73.6132312366067	0.0	0.0	0.0	0.0	0.0	0.0	0.0	0.0	0.0	0.0	0.0	0.0
GSM4138110_HNSCC_1_PBMC_CTGGTCTTCGAGAACG	58.13566576171794	29.021060366922452	19.469684493407307	0.0	0.0	45.40652346721553	0.0	8.91590047539432	0.0	0.0	0.0	0.0	0.0	2.09831055376099	0.0	0.0	0.0	0.0	0.0	27.027561405009756	0.0	32.742978077676376	0.0	0.0	0.0	0.0	0.0
GSM4138110_HNSCC_1_PBMC_CTGTTTAAGTGGAGTC	51.70984188690075	42.479867386274115	16.106581893316076	64.68479178522738	0.0	40.45206156684205	0.0	15.834969796044511	0.0	0.0	0.0	0.0	0.0	0.0	15.819973182674419	0.0	0.0	0.0	0.0	0.0	0.0	0.0	2.5493494942024713	0.0	0.0	0.0	0.0
GSM4138110_HNSCC_1_PBMC_GAACATCTCCCTAATT	98.73868695741399	95.45502886940038	91.29167346212805	0.0	0.0	36.65516092868057	0.0	41.09134301784213	0.0	0.0	0.0	0.0	0.0	0.0	0.0	0.0	0.0	0.0	55.98381042806084	0.0	0.0	86.14877988390795	0.0	0.0	0.0	0.0	0.0
GSM4138110_HNSCC_1_PBMC_GAACCTATCTGAGGGA	76.93549189817159	31.93152698652945	22.881160294786127	0.0	0.0	0.0	0.0	0.0	41.14603160005781	22.43441728532914	0.0	32.91081976894499	0.0	0.0	0.0	0.0	10.991609042413824	0.0	0.0	0.0	17.063793628869288	0.0	0.0	0.0	0.0	0.0	0.0
GSM4138110_HNSCC_1_PBMC_GAATGAATCAGTTAGC	44.85792005118744	59.90975624000272	17.087592486783908	0.0	45.674955467793275	0.0	8.130149415495632	0.0	3.045923464684126	0.0	0.0	0.0	0.0	0.0	0.0	0.0	0.0	12.064006863799317	0.0	0.0	0.0	0.0	49.08793098674377	0.0	0.0	0.0	0.0
GSM4138110_HNSCC_1_PBMC_GATCGATAGTACACCT	76.69573664864747	43.852613825491446	56.228354867424805	0.0	34.67482453840044	20.701774366760166	0.0	22.051583198754	0.0	0.0	0.0	0.0	6.662455122051506	0.0	0.0	39.046394917324974	0.0	0.0	0.0	0.0	0.0	0.0	0.0	0.0	0.0	0.0	0.0
GSM4138110_HNSCC_1_PBMC_GATCGATTCAGCATGT	67.86647434002194	58.8031661437365	52.92947697684434	86.75909218644671	64.37750752176645	0.0	0.0	17.04292636425665	0.0	46.92500046670134	0.0	0.0	13.750706401235664	0.0	0.0	0.0	0.0	0.0	0.0	0.0	0.0	0.0	0.0	0.0	0.0	0.0	0.0
GSM4138110_HNSCC_1_PBMC_GATGAAATCCAAGCCG	77.7180535886783	74.71070165055171	33.3904500367153	0.0	52.200903617675785	0.0	14.880520855343667	16.0105073138342	0.0	74.08018374751329	0.0	0.0	0.0	0.0	0.0	0.0	0.0	0.0	0.0	0.0	0.0	0.0	0.0	0.0	0.0	0.0	0.0
GSM4138110_HNSCC_1_PBMC_GCACATAAGGTGTGGT	44.57127167384852	46.34353732027494	39.26780007272727	0.0	31.920313668925203	0.0	42.21106835556894	0.0	0.0	113.92786096801643	0.0	0.0	0.0	0.0	0.0	0.0	0.0	10.233285869014493	0.0	0.0	0.0	0.0	0.0	0.0	0.0	0.0	0.0
GSM4138110_HNSCC_1_PBMC_GCACTCTGTACAGTGG	56.10220755459415	24.890936864309566	52.36075288950572	0.0	0.0	0.0	0.0	22.4980106795228	0.0	0.0	55.83094019244068	0.0	0.0	0.0	150.735213631157	27.89225404773917	0.0	0.0	0.0	0.0	0.0	0.0	0.0	0.0	0.0	0.0	0.0
GSM4138110_HNSCC_1_PBMC_GCCTCTAAGTTAAGTG	53.611320892177595	29.23006863008276	40.03672952507787	34.038000953688936	0.0	0.0	0.0	4.813286512696342	0.0	23.131826494754126	0.0	0.0	0.0	0.0	37.568120327335556	0.0	0.0	7.957249292234103	0.0	0.0	0.0	0.0	0.0	0.0	0.0	0.0	0.0
GSM4138110_HNSCC_1_PBMC_GCCTCTAGTTGAACTC	56.068337145128	40.204446828858885	30.52113856015473	0.0	0.0	0.0	0.0	0.0	42.32287228548086	0.0	0.0	37.27896652577762	36.061939841925515	0.0	0.0	0.0	8.13100542239356	0.0	0.0	0.0	2.6238849432796925	0.0	0.0	0.0	0.0	0.0	0.0
GSM4138110_HNSCC_1_PBMC_GCGAGAAAGTGACATA	46.917926420470856	47.46855492945853	41.7334906802981	142.58058535002226	0.0	19.514537528437256	0.0	13.09029831351191	0.0	0.0	0.0	0.0	0.0	0.0	65.48624289947703	0.0	0.0	0.0	0.0	0.0	0.0	0.0	0.0	0.0	0.0	0.0	0.0
GSM4138110_HNSCC_1_PBMC_GCTGCAGGTCCTCTTG	68.76595188742473	54.878260784899425	22.63046489589878	0.0	58.46128457096328	0.0	56.30057827929963	0.0	0.0	0.0	0.0	0.0	0.0	0.0	0.0	0.0	24.62523169484185	0.0	0.0	0.0	0.0	0.0	0.0	0.0	0.0	13.780034781945346	0.0
GSM4138110_HNSCC_1_PBMC_GGAAAGCAGTCAATAG	86.18124319264204	45.45118680614797	60.87260519076334	0.0	0.0	0.0	63.85989740817031	10.087793307163231	0.0	13.514153658318442	16.294267125296823	66.12675104524585	0.0	0.0	0.0	0.0	0.0	1.026311499910129	0.0	0.0	0.0	0.0	0.0	0.0	0.0	0.0	0.0
GSM4138110_HNSCC_1_PBMC_GGAACTTGTTTACTCT	47.59765740817594	28.982579712874628	18.194882369798364	0.0	32.106052808247746	0.0	0.0	20.241904001702085	48.89341334137271	0.0	0.0	0.0	0.0	0.0	0.0	0.0	0.0	0.0	0.0	0.0	0.0	0.0	36.180825034067105	0.0	0.0	0.0	0.0
GSM4138110_HNSCC_1_PBMC_GGCAATTGTCCTCTTG	17.784097436861252	93.87519680085653	18.4609747000736	0.0	42.93547801794658	0.0	4.532720061453881	21.28472474665163	0.0	0.0	0.0	0.0	13.042723502958582	0.0	0.0	0.0	0.0	0.0	0.0	0.0	0.0	0.0	0.0	0.0	0.0	30.254041265545276	0.0
GSM4138110_HNSCC_1_PBMC_GGGACCTAGGCCCTTG	65.17662825338024	64.84290959647402	19.169428481694553	0.0	0.0	8.821673621670952	0.0	16.618088916693864	33.16620546655633	0.0	0.0	0.0	0.0	0.0	0.0	0.0	0.0	0.0	36.05724106113311	0.0	0.0	0.0	0.0	0.0	0.0	0.0	0.0
GSM4138110_HNSCC_1_PBMC_GGGACCTTCGTCCAGG	39.89053370628448	30.78123886299011	38.27310068056133	0.0	0.0	0.0	0.0	15.249186923579092	0.0	0.0	40.838708364643765	52.646202536731344	0.0	0.0	0.0	28.330234586740865	0.0	0.0	0.0	0.0	0.0	0.0	0.0	9.823706152808663	0.0	0.0	0.0
GSM4138110_HNSCC_1_PBMC_GGGATGACAATGGTCT	104.9556449182932	16.940531417752204	60.603376470339676	0.0	45.29149098721329	0.0	0.0	11.216568141931134	62.57955894519251	0.0	0.0	0.0	0.26018746118127184	0.0	0.0	0.0	0.0	0.0	0.0	0.0	0.0	0.0	0.0	0.0	0.0	0.0	0.0
GSM4138110_HNSCC_1_PBMC_GGGCACTGTCTAGGTT	75.56758648067819	64.29166365103731	47.72350883082569	76.85684217929314	0.0	0.0	0.0	21.804138189217635	0.0	36.84242787085997	6.604365871813976	0.0	0.0	0.0	0.0	0.0	0.0	0.0	0.0	61.93411722377297	0.0	0.0	0.0	0.0	0.0	0.0	0.0
GSM4138110_HNSCC_1_PBMC_GGTATTGTCCTTCAAT	71.24966170344291	38.03904990857258	56.73793868455513	0.0	21.716809998226946	0.0	48.54623228769615	0.0	0.0	32.28612069890919	0.0	0.0	32.56250334477574	0.0	0.0	0.0	0.0	30.35366681761059	0.0	0.0	0.0	0.0	0.0	0.0	0.0	0.0	0.0
GSM4138110_HNSCC_1_PBMC_GGTGTTACAATCCAAC	60.78683535438553	54.88873197853169	45.55741725438706	0.0	24.407917610027457	0.0	42.99307015427049	0.0	0.0	0.0	28.500130557772223	0.0	0.0	0.0	0.0	0.0	13.503447171779873	0.0	0.0	0.0	0.0	0.0	0.0	0.0	0.0	0.0	0.0
GSM4138110_HNSCC_1_PBMC_GGTGTTACAGCCACCA	72.57978164717471	35.505803826115006	29.320077441025116	0.0	0.0	21.70238790102528	0.0	0.0	0.0	0.0	0.0	51.336869886328714	0.0	0.0	0.0	49.239743087060766	35.81960902088452	0.0	0.0	0.0	0.0	0.0	0.0	0.0	0.0	0.0	0.0
GSM4138110_HNSCC_1_PBMC_GTAACGTTCGTATCAG	111.15545403372984	74.87143352721216	67.59552312436972	61.85090113322114	0.0	71.84383162878254	0.0	31.36033879885535	0.0	0.0	0.0	101.43696527631613	0.0	0.0	0.0	0.0	0.0	0.0	0.0	0.0	0.0	0.0	0.0	0.0	0.0	0.0	0.0
GSM4138110_HNSCC_1_PBMC_GTATTCTTCTTCCTTC	48.33015899635146	53.61660256597698	23.286753041201482	0.0	48.349019837594824	41.088203927388015	0.0	21.30078226353722	0.0	0.0	0.0	0.0	0.0	0.0	3.4708857319278876	55.02640825028254	0.0	0.0	0.0	0.0	0.0	0.0	0.0	0.0	0.0	0.0	0.0
GSM4138110_HNSCC_1_PBMC_GTCAAGTGTGGGTATG	89.87785593646228	44.18472479659547	52.20240761074988	0.0	0.0	0.0	0.0	11.837988624226341	56.242356674114674	0.0	0.0	0.0	48.951852665534055	28.254867081467154	0.0	0.0	0.0	0.0	0.0	0.0	0.0	0.0	0.0	0.0	0.0	0.0	0.0
GSM4138110_HNSCC_1_PBMC_GTCACGGGTGCAACGA	0.0	0.0	413.2788842661431	445.89843362620826	0.0	0.0	0.0	0.0	0.0	748.1067022533409	0.0	0.0	131.13894215580493	12.453466470978151	0.0	0.0	0.0	0.0	0.0	0.0	0.0	0.0	0.0	0.0	29.653420482787627	0.0	0.0
GSM4138110_HNSCC_1_PBMC_GTGCGGTCAAGGTGTG	52.044257983882765	44.739233366848225	40.3142897236874	75.58391017127404	59.029636551335535	70.95602322463412	0.0	0.0	0.0	0.0	0.0	0.0	0.0	0.0	0.0	0.0	0.0	0.575093646465775	0.0	0.0	0.0	0.0	0.0	0.0	0.0	0.0	0.0
GSM4138110_HNSCC_1_PBMC_GTGTGCGAGGAGCGAG	18.769591772145933	19.50556676507847	51.4047126165862	34.49414624243867	126.4056848752655	0.0	0.0	0.0	0.0	0.0	0.0	0.0	0.0	0.0	0.0	0.0	0.0	11.288162154201967	0.0	0.0	0.0	0.0	0.0	0.0	22.80730321491992	0.0	0.0
GSM4138110_HNSCC_1_PBMC_GTGTGCGCAAGTCATC	52.78280050348872	56.192254673636235	50.99250802460939	97.48742120144595	0.0	15.412556207599144	0.0	2.091527885348826	0.0	0.0	0.0	0.0	0.0	8.573570794990946	0.0	0.0	10.281174448846548	0.0	0.0	0.0	24.354007586230853	0.0	0.0	7.171326852190067	0.0	0.0	0.0
GSM4138110_HNSCC_1_PBMC_TAAACCGTCATCTGTT	42.28012786644252	38.070781579630626	66.03461622552402	48.005806448780596	0.0	0.0	20.983106030659524	15.243577587534382	0.0	0.0	0.0	0.0	0.0	0.0	0.0	0.0	0.0	0.0	0.0	0.0	38.88906428796766	0.0	23.142073642065387	0.0	0.0	0.0	0.0
GSM4138110_HNSCC_1_PBMC_TAAGCGTCAATGGATA	60.309685319016694	37.87911913953914	112.7568429241698	26.06945307312922	0.0	0.0	0.0	0.0	0.0	58.83227912845409	0.0	0.0	6.576467964667934	0.0	0.0	0.0	0.0	42.909120807170844	0.0	52.46482604564042	0.0	0.0	0.0	0.0	0.0	0.0	0.0
GSM4138110_HNSCC_1_PBMC_TACACGATCCTGCCAT	70.48663489113015	52.98990494696952	34.801355302058674	0.0	0.0	44.54438662292235	0.0	37.50256821563353	61.60679294376769	0.0	50.563013044318524	58.415874441978595	0.0	0.0	0.0	0.0	0.0	27.814829671408926	0.0	0.0	0.0	0.0	0.0	0.0	0.0	0.0	0.0
GSM4138110_HNSCC_1_PBMC_TACCTTAAGGCTAGAC	73.20186250777977	66.68212380783086	43.99040256086935	50.212291306299434	0.0	0.0	0.0	0.0	0.0	8.545903242177157	15.756320797979319	0.0	0.0	0.0	0.0	0.0	24.179807112049335	0.0	42.49974797611366	0.0	0.0	0.0	0.0	0.0	0.0	0.0	0.0
GSM4138110_HNSCC_1_PBMC_TACGGATCAGGGTATG	22.829070185028037	54.69450829135577	42.53158383495556	0.0	0.0	30.790243965782306	0.0	16.97686479691641	0.0	0.0	0.0	0.0	0.0	32.81500428721091	0.0	59.14974774211144	0.0	0.0	0.0	22.712630576566816	0.0	0.0	0.0	0.0	0.0	0.0	0.0
GSM4138110_HNSCC_1_PBMC_TAGAGCTCAGATGGCA	79.56245613238207	36.483373987304255	28.642541654958475	44.165782797725505	30.31051474781719	0.0	0.0	8.55423376263607	0.0	0.0	62.77679829808759	0.0	0.0	0.0	0.0	0.0	0.0	2.3945823438713707	0.0	0.0	0.0	0.0	0.0	0.0	0.0	0.0	0.0
GSM4138110_HNSCC_1_PBMC_TAGCCGGAGAAGGCCT	74.56385070090032	30.11508290305339	62.11482353240918	51.28084324798479	44.78559655809265	32.131219425008375	0.0	10.860706613016445	0.0	0.0	11.076643575353586	0.0	0.0	0.0	0.0	0.0	9.305289299221561	0.0	0.0	0.0	0.0	0.0	0.0	0.0	0.0	0.0	0.0
GSM4138110_HNSCC_1_PBMC_TATCTCAAGGTGCACA	76.918606248213	59.75796850206635	38.294204842531194	0.0	0.0	0.0	0.0	15.374285542578285	18.434468984230243	0.0	0.0	0.0	26.148859711406782	0.0	0.0	0.0	0.0	0.0	0.0	15.243877710412196	0.0	3.315259568535667	0.0	0.0	0.0	0.0	0.0
GSM4138110_HNSCC_1_PBMC_TCACAAGGTTCATGGT	49.83690190057834	24.442127039561445	47.124710619689814	33.79103971212693	53.71637759314066	12.524560410840627	0.0	0.0	0.0	0.0	0.0	0.0	0.0	0.0	0.0	0.0	0.0	8.767751727917146	0.0	0.0	0.0	0.0	0.0	0.0	0.0	0.0	0.0
GSM4138110_HNSCC_1_PBMC_TCACAAGTCTTGACGA	148.74397551816458	459.4255290769948	219.04917286889705	112.49180851576376	0.0	178.73451960149532	0.0	0.0	0.0	0.0	0.0	162.92095232963925	33.214971099208874	0.0	0.0	0.0	0.0	32.67886174542124	0.0	0.0	0.0	0.0	0.0	0.0	0.0	0.0	0.0
GSM4138110_HNSCC_1_PBMC_TCGAGGCTCGGAAATA	86.94175833181909	47.89107338079431	23.068409951256236	71.14754213018338	67.03172124922449	0.0	0.0	2.8573592484712633	0.0	0.0	0.0	0.0	33.212315123645965	0.0	0.0	0.0	15.114106743865046	0.0	0.0	0.0	0.0	1.5256089563528938	0.0	0.0	0.0	0.0	1.0730610221192944
GSM4138110_HNSCC_1_PBMC_TCTATTGGTTTAGGAA	64.54370564551849	57.79418199456193	27.90719792232273	0.0	39.465095089780895	30.515053690935346	50.49204087619798	6.536627934024736	0.0	0.0	0.0	0.0	0.0	0.0	0.0	0.0	4.486423539393621	2.5571977747039085	0.0	0.0	0.0	0.0	0.0	0.0	0.0	0.0	0.0
GSM4138110_HNSCC_1_PBMC_TCTATTGTCATCTGCC	58.12942797579957	36.536647568930114	39.375986470987456	0.0	0.0	0.0	5.67324551934257	0.0	0.0	33.45075162044069	0.0	0.0	0.0	0.0	0.0	0.0	0.0	1.3636862250013673	0.0	0.0	11.92754670094239	0.0	0.0	0.0	0.0	0.0	0.0
GSM4138110_HNSCC_1_PBMC_TCTTCGGCACCCTATC	93.69764585491149	58.849794728799345	58.79170768099149	74.84350880513693	0.0	17.010442470389194	0.0	0.0	0.0	0.0	0.0	16.71451495394654	0.0	0.0	0.0	0.0	0.0	5.01241745133587	0.0	0.0	21.353002929609815	0.0	0.0	0.0	0.0	0.0	0.0
GSM4138110_HNSCC_1_PBMC_TGGGCGTTCACAGGCC	0.0	0.0	0.0	0.0	0.0	0.0	0.0	0.0	0.0	1466.8588438225731	0.0	0.0	0.0	0.0	0.0	0.0	0.0	0.0	0.0	0.0	0.0	0.0	579.6090926100994	0.0	0.0	653.299243911787	0.0
GSM4138110_HNSCC_1_PBMC_TGTGTTTGTTAAAGAC	60.19552053887053	83.68119968227182	64.65051084904565	92.99574220230996	87.08516154546113	0.0	0.0	0.0	0.0	0.0	126.82871367665646	0.0	0.0	0.0	0.0	0.0	0.0	22.614977921522485	0.0	0.0	0.0	0.0	0.0	0.0	0.0	0.0	0.0
GSM4138110_HNSCC_1_PBMC_TGTTCCGCACGGCGTT	161.02368528248	182.1816052147579	66.1591564416449	123.75057463110147	161.14390810075628	0.0	0.0	0.0	0.0	0.0	0.0	0.0	145.3892822808273	0.0	0.0	0.0	38.87694836526316	0.0	0.0	0.0	0.0	0.0	0.0	0.0	0.0	0.0	0.0
GSM4138110_HNSCC_1_PBMC_TTAGGCAAGGCTAGCA	100.97061499260747	60.08006765955543	55.23932306329829	42.897770347212386	29.570015139044532	0.0	0.0	30.862875162441647	0.0	0.0	32.620006378173684	0.0	0.0	0.0	0.0	0.0	0.0	0.0	0.0	0.0	0.0	0.0	0.0	0.0	0.0	0.0	0.0
GSM4138110_HNSCC_1_PBMC_TTCCCAGCACATGGGA	1.304530909100173	106.17531725313019	68.95348868774406	0.0	0.0	0.0	0.0	4.042638316481847	45.144659401059315	0.0	0.0	0.0	0.0	0.0	30.12570402033456	0.0	0.0	0.0	0.0	0.0	0.0	0.0	0.0	0.0	64.27400237977255	0.0	0.0
GSM4138110_HNSCC_1_PBMC_TTCGGTCAGACCCACC	50.728457010357474	27.01008181480869	40.39108663632952	29.677168803005483	0.0	16.123535942572023	0.0	6.414982697298258	0.0	0.0	0.0	0.0	0.0	50.621334658342995	0.0	0.0	0.0	6.193287785118331	0.0	0.0	0.0	0.0	0.0	0.0	0.0	0.0	0.0
GSM4138110_HNSCC_1_PBMC_TTCTCCTTCCTCAATT	57.358240081053445	87.39730137898663	26.121401055519538	68.83808041718822	0.0	0.0	0.0	20.230290974144392	0.0	0.0	0.0	0.0	34.26255976190033	0.0	25.999849606937012	0.0	0.0	0.0	0.0	0.0	0.0	0.0	0.0	0.0	0.0	0.0	0.0
GSM4138110_HNSCC_1_PBMC_TTGAACGGTCGAAAGC	72.97870013740523	38.38082064352947	31.47220501150151	0.0	0.0	0.0	39.51659847404062	0.0	0.0	0.0	0.0	38.21638855384074	0.0	0.0	0.0	0.0	5.231610765728825	5.351148801774459	0.0	0.0	0.0	0.0	0.0	0.0	0.0	21.98489588115685	0.0
GSM4138110_HNSCC_1_PBMC_TTGCCGTAGTCAAGCG	60.94032444970545	50.581846447315364	20.19018248159311	0.0	78.18802722362832	0.0	51.84814209144216	0.0	0.0	31.1161864656037	0.0	0.0	0.0	0.0	0.0	0.0	12.464730206182553	0.0	0.0	0.0	0.0	0.0	0.0	0.0	0.0	0.0	0.0
GSM4138110_HNSCC_1_PBMC_TTGCGTCTCAAGGCTT	56.96240893478703	75.95374767743678	59.59927144332948	0.0	0.0	0.0	0.0	0.0	63.865379855742965	0.0	25.300204838622296	0.0	0.0	0.0	39.74720541741871	0.0	0.0	23.57126511836071	0.0	0.0	0.0	0.0	0.0	0.0	0.0	0.0	0.0
GSM4138110_HNSCC_1_PBMC_TTTATGCGTGCATCTA	54.99431365503485	41.59029134989997	36.112201263984225	0.0	0.0	0.0	0.0	0.0	0.0	0.0	3.296503470795616	0.0	0.0	0.0	24.34250592514076	0.0	0.0	5.458426195911315	0.0	0.0	0.0	54.20823267026728	0.0	0.0	0.0	0.0	0.0
GSM4138110_HNSCC_1_PBMC_TTTGCGCTCTTGTACT	51.64608717106137	60.4513539741383	69.15694229684088	15.689709615027533	0.0	10.054861212993156	0.0	0.0	0.0	0.0	2.2224149214563864	65.46703121973141	0.0	0.0	0.0	0.0	0.0	15.983012795691405	0.0	0.0	0.0	0.0	0.0	0.0	0.0	0.0	0.0
GSM4138110_HNSCC_1_PBMC_TTTGGTTCACTTCTGC	111.14011330513392	84.16520195963815	36.37623750517773	0.0	53.206581371459514	0.0	113.5896782465987	35.95820367143383	0.0	8.323053344872395	30.175195850649533	0.0	0.0	0.0	0.0	0.0	0.0	0.0	0.0	0.0	0.0	0.0	0.0	0.0	0.0	0.0	0.0
GSM4138110_HNSCC_1_PBMC_CTACACCAGTTGTAGA	108.68255978398686	85.44188811002742	121.35943474899467	0.0	0.0	24.699607269661392	0.0	0.0	0.0	0.0	38.256875811898645	114.25770648052348	0.0	0.0	0.0	56.33534372666251	21.25767819063193	0.0	0.0	0.0	0.0	0.0	0.0	0.0	0.0	0.0	0.0
GSM4138110_HNSCC_1_PBMC_AACTGGTGTCAGAATA	32.176391614669456	21.949750882738915	38.72933935981231	0.0	0.0	0.0	0.0	0.0	0.0	0.0	23.394170454566584	40.45187541139165	0.0	0.0	0.0	21.31581472333498	11.981124318591561	0.0	0.0	0.0	0.0	41.511397877006104	0.0	0.0	0.0	0.0	0.0
GSM4138110_HNSCC_1_PBMC_AAACGGGTCCTCAACC	80.77287751484519	56.511470851065006	24.68584816666771	34.14951885499262	0.0	6.222246852496253	0.0	10.352933235505768	0.0	0.0	0.0	0.0	0.0	31.982443789948512	0.0	0.0	0.0	0.0	0.0	0.0	0.0	8.927287702831281	18.406410520280563	0.0	0.0	0.0	0.0
GSM4138110_HNSCC_1_PBMC_AAGGCAGAGGCGTACA	45.56781544822113	81.56858371998408	64.442105338005	0.0	0.0	0.0	0.0	10.120748871957478	0.0	0.0	0.0	0.0	9.620432127073348	0.0	39.55163986833835	0.0	0.0	18.152631857684952	0.0	0.0	0.0	57.50536828772024	0.0	0.0	0.0	0.0	0.0
GSM4138110_HNSCC_1_PBMC_ACATGGTCAATGGAGC	118.92046128054608	41.616475209289575	53.287446773589856	0.0	0.0	0.0	0.0	0.0	68.53206512617673	0.0	0.0	23.948021317965445	26.478268109618785	0.0	0.0	1.4339666081725329	0.0	25.134025761484647	0.0	0.0	3.138357516182713	0.0	0.0	0.0	0.0	0.0	0.0
GSM4138110_HNSCC_1_PBMC_ACGATGTGTTATCACG	46.87729533672473	72.12845918367071	33.869486538520945	35.61951473908979	0.0	20.310371549730604	0.0	0.0	0.0	0.0	0.0	8.610115825252603	0.0	0.0	26.601875864312877	0.0	0.0	20.9472973499683	0.0	0.0	0.0006608196732130424	0.0	0.0	0.0	0.0	0.0	0.0
GSM4138110_HNSCC_1_PBMC_ACGGCCATCTCCCTGA	111.00834415333323	94.43287357522355	29.0818105292917	0.0	0.0	0.0	0.0	0.0	0.0	52.87454111906191	0.0	0.0	0.0	0.0	0.0	57.65684385765784	0.0	29.22838587451085	0.0	0.0	73.97486752262863	0.0	0.0	0.0	0.0	0.0	0.0
GSM4138110_HNSCC_1_PBMC_AGCTCTCTCATTGCCC	74.74127223239262	65.40593485923834	58.03700694284297	0.0	67.49834283656062	0.0	76.54384138724325	68.79287284952936	0.0	101.6124287368664	0.0	0.0	15.07836937592196	0.0	0.0	0.0	0.0	0.0	0.0	0.0	0.0	0.0	0.0	0.0	0.0	0.0	0.0
GSM4138110_HNSCC_1_PBMC_AGGTCATTCTCTAGGA	75.08965840015652	45.411902202886424	56.79491910669134	0.0	0.0	51.72302100566319	0.0	0.0	53.48581575835495	0.0	0.0	43.66150199148288	0.0	0.0	0.0	0.0	6.676577191596851	0.0	0.0	0.0	0.0	0.0	0.0	0.0	0.0	0.0	0.0
GSM4138110_HNSCC_1_PBMC_ATAGACCTCTGGTGTA	63.38761453250481	43.311405820900916	18.44148193382766	37.07512007721351	0.0	37.77475873076793	0.0	0.0	0.0	0.0	0.0	0.0	0.0	0.0	104.84198998916601	0.0	0.0	19.46234421180338	0.0	0.0	0.0	0.0	0.0	0.0	0.0	0.0	0.0
GSM4138110_HNSCC_1_PBMC_ATAGACCTCTTCCTTC	67.08139879845847	42.17395345950667	44.84746242421889	0.0	0.0	35.36293128201365	0.0	0.0	0.0	0.0	0.0	19.210240328837788	0.0	0.0	0.0	15.156510847587258	9.537628030954894	0.0	0.0	0.0	0.0	0.0	0.0	0.0	0.0	0.0	0.0
GSM4138110_HNSCC_1_PBMC_ATCTACTCACTGTGTA	65.06535682385952	23.98597585046454	48.04656464518781	0.0	60.75125904378317	0.0	49.572027063260606	24.328786250627097	0.0	57.65795402247444	0.0	0.0	0.0	0.0	0.0	0.0	0.0	0.0	0.0	0.0	0.0	0.0	0.0	0.0	0.0	0.0	0.0
GSM4138110_HNSCC_1_PBMC_ATCTGCCAGGAATCGC	71.71357178567308	34.96216085135461	22.325596624654953	57.19225466107252	0.0	26.112660372925664	0.0	26.469008873648143	0.0	0.0	5.943718227464266	0.0	21.920669001539586	0.0	0.0	0.0	0.0	0.0	0.0	43.384239829556634	0.0	0.0	0.0	0.0	0.0	0.0	0.0
GSM4138110_HNSCC_1_PBMC_ATGGGAGCATGGGAAC	67.19631110795126	60.40382340135704	187.4820845926657	166.6816427122893	0.0	0.0	0.0	0.0	0.0	198.11411954026917	0.0	93.63843213756489	34.156382206639876	0.0	0.0	0.0	0.0	8.759535449704387	0.0	0.0	0.0	0.0	0.0	0.0	0.0	0.0	0.0
GSM4138110_HNSCC_1_PBMC_ATGTGTGGTAGCTGCC	32.850477008406166	30.755902171330668	48.38662274038583	5.600037897634345	0.0	0.0	0.0	17.859150433091088	0.0	0.0	0.0	0.0	34.01272307406084	39.79815708276195	70.25202966750723	0.0	0.0	0.0	0.0	0.0	0.0	0.0	0.0	0.0	0.0	0.0	0.0
GSM4138110_HNSCC_1_PBMC_CACAAACCATCCCACT	83.87015111642927	67.54202228708807	98.35433086710638	0.0	0.0	15.977176497282874	34.53871336322944	13.122193635894511	0.0	11.369439224244847	13.283492544979742	0.0	0.0	0.0	0.0	0.0	0.0	0.0	35.10676110941831	0.0	0.0	0.0	0.0	0.0	0.0	0.0	0.0
GSM4138110_HNSCC_1_PBMC_CACCACTAGTTACCCA	94.85040502148861	82.77690959500885	35.122041080162624	0.0	0.0	45.17321381757154	0.0	21.586233372883644	0.0	0.0	0.0	0.0	0.0	0.0	51.44227388989868	0.0	0.0	0.0	0.0	0.0	0.0	53.883814026720536	0.0	0.0	0.0	0.0	0.0
GSM4138110_HNSCC_1_PBMC_CATGCCTTCAGCTCTC	63.87434993815414	51.084763500895576	44.361809795288124	73.64116314912316	0.0	0.0	0.0	0.0	0.0	0.0	0.0	33.75328910124412	61.41086638667955	0.0	0.0	0.0	0.0	24.343245247410334	0.0	0.0	0.0	0.0	0.0	24.610796665092888	0.0	0.0	0.0
GSM4138110_HNSCC_1_PBMC_CATGGCGCATGTTCCC	86.94146632713056	50.30716412933471	52.88578051219138	0.0	0.0	68.7028312675676	0.0	22.131797112738862	0.0	0.0	0.0	0.0	0.0	0.0	0.0	0.0	0.0	0.0	0.0	90.09905373452379	0.0	18.04860462267728	0.0	0.0	0.0	0.0	0.0
GSM4138110_HNSCC_1_PBMC_CCACCTAGTAGTACCT	70.94740924614457	50.152857963830606	46.06595926704117	0.0	26.980699325377238	0.0	0.0	0.0	89.13713917673499	0.0	40.764571089460716	0.0	0.0	0.0	0.0	0.0	15.269603857206029	0.0	0.0	0.0	0.0	0.0	0.0	0.0	0.0	0.0	0.0
GSM4138110_HNSCC_1_PBMC_CCGTTCAGTATATCCG	75.52066421391092	47.97234007048784	59.532920574564095	29.432486760328324	0.0	71.71151354411283	0.0	0.0	0.0	0.0	0.0	0.0	0.0	0.0	0.0	0.0	46.94768657378244	0.0	0.0	0.0	59.67675468956027	0.0	0.0	0.0	0.0	0.0	0.0
GSM4138110_HNSCC_1_PBMC_CCTACACGTCCGAAGA	39.93100435435244	44.14833818822789	15.640965400897672	0.0	30.432741108662952	30.55561153020479	0.0	0.0	49.225308294802794	0.0	9.473916675005054	0.0	0.0	0.0	0.0	10.061406061513257	0.0	11.316731470887415	0.0	0.0	0.0	0.0	0.0	0.0	0.0	0.0	0.0
GSM4138110_HNSCC_1_PBMC_CCTCTGAGTCGCGAAA	120.8948993268164	74.99601980031518	69.87981398437735	65.76449787848193	0.0	0.0	0.0	0.0	0.0	56.76094199256039	0.0	63.69653720581193	0.0	0.0	0.0	0.0	0.0	25.59636591232103	0.0	0.0	0.0	0.0	0.0	0.0	0.0	0.0	0.0
GSM4138110_HNSCC_1_PBMC_CGCTGGAAGGCATGTG	59.69674399615776	68.23218119217302	38.19354657771789	40.371884416437474	8.369782899894284	48.81300313985171	0.0	0.0	0.0	0.0	0.0	0.0	0.0	54.517201853471704	0.0	0.0	9.424060156143694	12.629469040719124	0.0	0.0	0.0	0.0	0.0	0.0	0.0	0.0	0.0
GSM4138110_HNSCC_1_PBMC_CGGAGTCTCACAATGC	70.60092166644002	0.0	40.17378709783894	59.91098764504589	53.92238797363441	20.427372207796306	0.0	0.0	0.0	0.0	0.0	0.0	0.0	0.0	0.0	0.0	0.0	15.691004836472151	0.0	0.0	0.0	0.0	8.599872985273995	0.0	0.0	0.0	0.0
GSM4138110_HNSCC_1_PBMC_CGGCTAGAGCTACCGC	108.23102466462774	55.51246344360976	59.66966053187022	30.399903211703517	0.0	36.99976231460116	0.0	0.0	0.0	0.0	0.0	0.0	0.0	62.420065590516714	1.0827426094226402	0.0	0.0	18.84568959606876	0.0	0.0	0.0	0.0	0.0	0.0	0.0	0.0	0.0
GSM4138110_HNSCC_1_PBMC_CGTTGGGCAAGCCGCT	204.38690503942638	30.297031912107396	52.158162529227376	0.0	10.13144894036523	2.5322543932635297	14.928252595163027	0.0	0.0	32.29431211284328	2.30894608247763	0.0	0.0	0.0	0.0	0.0	0.0	33.32374042416316	0.0	0.0	0.0	0.0	0.0	0.0	0.0	0.0	0.0
GSM4138110_HNSCC_1_PBMC_CTCAGAAGTCCGACGT	75.05522414147727	31.959824888068336	48.61752184903611	50.093040535748855	0.0	0.0	0.0	5.180178164884663	0.0	29.18557738565083	0.0	0.0	0.0	0.0	10.98210099051739	0.0	0.0	0.0	0.0	30.226378575933467	0.0	0.0	0.0	0.0	0.0	0.0	9.34393435514096
GSM4138110_HNSCC_1_PBMC_CTCGTACCACGCGAAA	67.23671542425927	66.53621353176264	46.576965087284314	20.13012650988496	29.038561473538376	0.0	0.0	15.302870861893028	0.0	0.0	33.562753457053745	0.0	0.0	0.0	0.0	17.252637686482725	0.0	0.0	0.0	0.0	0.0	0.0	0.0	0.0	0.0	0.0	0.0
GSM4138110_HNSCC_1_PBMC_GAAATGAAGAGCCTAG	168.60579881444104	123.63586540697253	84.21668942048669	0.0	39.47396636744509	31.615609565376428	0.0	21.513015518806434	78.51720852101919	0.0	0.0	0.0	0.0	0.0	0.0	0.0	0.0	0.0	0.0	0.0	0.0	0.0	18.26323722535579	0.0	0.0	0.0	0.0
GSM4138110_HNSCC_1_PBMC_GACGTTATCTAACCGA	63.574777735367455	45.69501903815226	21.84006220615617	44.629685020130566	11.29335669652207	70.52299492994662	0.0	4.797182839995246	0.0	0.0	0.0	27.061023101442633	0.0	0.0	0.0	0.0	0.0	11.88285939318485	0.0	0.0	0.0	0.0	0.0	0.0	0.0	0.0	0.0
GSM4138110_HNSCC_1_PBMC_GACTGCGTCGGCATCG	41.151453172585825	90.1720636606459	22.559406039950808	38.474457115229946	0.0	17.874313175720516	0.0	0.0	0.0	0.0	0.0	58.153060310526946	0.0	0.0	0.0	0.0	8.330974561132667	17.072467893229675	0.0	0.0	0.0	0.0	24.69246919266684	0.0	0.0	0.0	0.0
GSM4138110_HNSCC_1_PBMC_GATGAGGAGGCTAGCA	62.63494547295773	41.759467002428444	15.532662280802489	37.86206960733696	0.0	31.030518347998985	0.0	0.0	0.0	0.0	0.0	0.0	0.0	0.0	0.0	0.0	0.0	21.061240760399013	0.0	0.0	61.69251782648683	0.0	0.0	0.0	0.0	0.0	0.0
GSM4138110_HNSCC_1_PBMC_GATTCAGCACCACGTG	68.60435379834342	66.84208230336104	35.496630584365114	6.5737298253221885	0.0	0.0	0.0	5.103742528477179	0.0	30.72221636293523	0.0	0.0	12.622274638759382	0.0	0.0	0.0	0.0	13.583646019044586	34.78195326441383	16.151929346021962	0.0	0.0	0.0	0.0	0.0	0.0	0.0
GSM4138110_HNSCC_1_PBMC_GCAATCAGTAGCTCCG	60.050125054555984	14.840469809852493	70.66199916609196	0.0	24.318061000722654	0.0	24.764320067347917	0.0	0.0	0.0	22.844745149695623	0.0	0.0	0.0	0.0	0.0	4.236417817805985	13.187637479649911	0.0	0.0	0.0	0.0	0.0	11.642424000828775	0.0	0.0	0.0
GSM4138110_HNSCC_1_PBMC_GCGACCAGTAGCCTAT	88.82742693215832	145.8760758131859	48.20190110458258	64.9709632963007	0.0	34.93139482221721	0.0	28.178312517289395	0.0	0.0	0.0	28.540320610133822	0.0	0.0	0.0	0.0	0.0	0.0	0.0	0.0	0.0	0.0	0.0	0.0	0.0	0.0	0.0
GSM4138110_HNSCC_1_PBMC_GCTTCCATCTCATTCA	45.6142528418155	35.58186664321642	53.530719955334575	76.02028982557349	45.08658810182241	0.0	0.0	8.875828655516601	0.0	0.0	0.0	0.0	26.2106780328425	0.0	0.0	0.0	0.0	0.0	0.0	1.473248600179353	0.0	0.0	0.0	0.0	0.0	0.0	0.0
GSM4138110_HNSCC_1_PBMC_GCTTGAAAGACCTTTG	35.26424002822179	53.58000561649649	32.51574318974717	0.0	41.698230381344985	13.049286112768131	33.58691789871749	9.527007984935905	0.0	0.0	0.0	0.0	0.0	0.0	0.0	0.0	0.0	0.0	0.0	0.0	0.0	0.0	0.0	0.0	0.0	0.0	0.0
GSM4138110_HNSCC_1_PBMC_GGACAAGGTAATTGGA	81.0314300450077	112.31471322996822	92.87647565487144	0.0	0.0	0.0	0.0	9.84000689898495	0.0	0.0	33.358253126226806	0.0	0.0	0.0	0.0	0.0	0.0	0.0	39.789212695253624	0.0	0.0	21.668085948259613	0.0	0.0	0.0	0.0	0.0
GSM4138110_HNSCC_1_PBMC_GGCGTGTAGCACGCCT	48.44973270936617	28.250148912744972	34.929531749878294	37.04319724095277	27.500956758080754	0.0	0.0	0.0	0.0	18.857543696397986	2.5239787561312665	0.0	0.0	0.0	0.0	0.0	0.0	30.699624410522766	0.0	0.0	0.0	0.0	0.0	0.0	0.0	0.0	0.0
GSM4138110_HNSCC_1_PBMC_GGCGTGTAGCGTTTAC	42.65608655284557	54.057669730173515	28.627295654489828	0.0	0.0	0.0	0.0	0.0	0.0	0.0	0.0	0.0	19.52015170121082	0.0	0.0	23.138293262070842	15.053227258669002	0.0	0.0	22.595701239359613	0.0	6.9802698635891	0.0	0.0	0.0	0.0	0.0
GSM4138110_HNSCC_1_PBMC_GGCTGGTCAATGGACG	68.53573861166218	90.63158549452471	33.685216053444556	0.0	103.73814569850182	0.0	0.0	0.0	29.1161705708345	0.0	0.0	0.0	53.04523216758533	0.0	0.0	0.0	20.24104869629856	0.0	0.0	0.0	0.0	0.0	0.0	0.0	0.0	0.0	0.0
GSM4138110_HNSCC_1_PBMC_GGGAATGTCAGCTGGC	131.36711961409156	38.7936363250309	46.30030513431561	72.42277173963824	0.0	24.67757023266572	0.0	0.0	0.0	23.476934750042826	0.0	0.0	0.0	0.0	0.0	0.0	0.0	18.81366364276437	0.0	51.85362311376289	0.0	0.0	0.0	0.0	0.0	0.0	0.0
GSM4138110_HNSCC_1_PBMC_GGGTTGCAGATCGGGT	43.3742579126641	24.703714566648337	34.66640821110021	34.411623731992016	12.788719134146845	0.0	24.545930222138924	0.0	0.0	40.941461228068846	0.0	0.0	0.0	30.12076223088226	0.0	0.0	0.0	14.08085583353405	0.0	0.0	0.0	0.0	0.0	0.0	0.0	0.0	0.0
GSM4138110_HNSCC_1_PBMC_GGTATTGCACATTAGC	67.3376615855234	27.84474864613563	23.596363840644923	0.0	0.0	0.0	0.0	0.0	0.0	23.323833245616285	0.0	0.0	4.070270394474458	0.0	0.0	5.570136604046871	11.002129494523054	7.789093550260722	47.373861055974096	0.0	0.0	0.0	0.0	0.0	0.0	0.0	0.0
GSM4138110_HNSCC_1_PBMC_GGTGTTAGTGTGACCC	32.378552494024305	36.331859404317456	50.181871436884215	27.09159439160371	0.0	38.23840361946671	0.0	0.0	0.0	0.0	0.0	0.0	0.0	18.788593985003548	42.49545464249142	0.0	0.0	10.184648420697155	0.0	0.0	0.0	0.0	0.0	0.0	0.0	0.0	0.0
GSM4138110_HNSCC_1_PBMC_GTCACAAGTATCACCA	160.44652601834548	26.094977416492412	40.39876523253584	0.0	39.7985895238086	0.0	50.57542612155453	0.0	0.0	0.0	0.0	0.0	47.551515568310705	0.0	0.0	0.0	0.0	10.975936517486419	0.0	0.0	0.0	0.0	0.0	0.0	0.0	0.0	0.0
GSM4138110_HNSCC_1_PBMC_GTCACAATCGCAAGCC	61.00052639091886	25.834299355811606	35.84977252108404	0.0	0.0	0.0	0.0	0.0	36.83253579842143	21.257437201098547	0.0	0.0	0.0	0.0	59.85287487687102	0.0	12.549720407388813	4.900994846807389	0.0	0.0	0.0	0.0	0.0	0.0	0.0	0.0	0.0
GSM4138110_HNSCC_1_PBMC_GTCACGGCAAGCTGGA	68.36084521368781	27.085297252559464	34.71988205274489	20.06174896485739	0.0	0.0	0.0	0.0	0.0	0.805198747526574	29.95336888091157	0.0	0.0	0.0	39.0283831383575	0.0	12.853440022533503	0.0	0.0	93.14493292051753	0.0	0.0	0.0	0.0	0.0	0.0	0.0
GSM4138110_HNSCC_1_PBMC_GTCGTAAAGGCATGTG	119.00378610763221	119.0344297822476	111.93118288813791	0.0	51.857457738008215	0.0	0.0	0.0	146.66050071516295	34.64290141352459	25.66909172368282	0.0	0.0	0.0	0.0	0.0	0.0	28.032991132586954	0.0	0.0	0.0	0.0	0.0	0.0	0.0	0.0	0.0
GSM4138110_HNSCC_1_PBMC_GTCGTAATCTTGCAAG	49.505284885110335	30.768563379913353	27.701023693069487	38.303454329918374	0.0	22.773959411099163	0.0	10.708504140255537	0.0	0.0	0.0	0.0	0.0	40.278683942035904	0.0	0.0	0.0	0.0	0.0	0.0	0.0	0.0	0.0	0.0	0.0	0.0	0.0
GSM4138110_HNSCC_1_PBMC_GTCTCGTCATGCGCAC	54.870158794910346	18.249703157675366	70.36761385461811	0.0	0.0	25.078239666246805	44.801786484838	0.0	0.0	0.0	0.0	0.0	0.0	0.0	0.0	0.0	0.0	20.671906156677604	60.007194558935645	0.0	0.0	0.0	0.0	0.0	0.0	0.0	0.0
GSM4138110_HNSCC_1_PBMC_GTGAAGGCACATTTCT	65.03148473933456	39.340287191151404	65.71069782823936	0.0	44.39426081232554	0.0	83.22523757101592	0.0	0.0	34.50687001352729	7.701849210028971	0.0	0.0	0.0	0.0	0.0	27.82760055883553	0.0	0.0	0.0	0.0	0.0	0.0	0.0	0.0	0.0	0.0
GSM4138110_HNSCC_1_PBMC_GTGCAGCAGACCGGAT	109.26155409239936	80.06274756448545	82.61907997571589	0.0	73.08933006556656	0.0	0.0	7.924798778052681	0.0	0.0	46.422560815533984	0.0	0.0	0.0	0.0	0.0	0.0	0.0	0.0	0.0	0.0	55.57099544979852	0.0	0.0	0.0	0.0	0.0
GSM4138110_HNSCC_1_PBMC_GTTAAGCTCATACGGT	79.27113589900682	53.58466837190451	33.4762984324367	0.0	0.0	0.0	0.0	0.0	0.0	0.0	16.86727135365889	43.39018031154984	0.0	0.0	0.0	21.0153635266688	56.85712954121556	0.0	0.0	0.0	0.0	0.0	0.0	0.0	0.0	0.0	0.0
GSM4138110_HNSCC_1_PBMC_TAAACCGAGGGTCGAT	54.75646790275504	33.90770941690717	70.71452239621075	0.0	44.610050636837414	0.0	45.68726688343276	0.0	0.0	9.498155835343956	0.0	0.0	25.793091284369623	0.0	0.0	0.0	12.03250136455367	0.0	0.0	0.0	0.0	0.0	0.0	0.0	0.0	0.0	0.0
GSM4138110_HNSCC_1_PBMC_TACCTTAAGGCTCTTA	89.61399737570926	82.91757352184587	38.395384501933805	0.0	35.715395076347455	0.0	0.0	0.0	60.99767816514917	0.0	0.0	0.0	46.67329662073382	0.0	0.0	0.008214311170107657	27.348158549585555	0.0	0.0	0.0	0.0	0.0	0.0	0.0	0.0	0.0	0.0
GSM4138110_HNSCC_1_PBMC_TAGAGCTTCGTTGCCT	116.43539101501797	96.15883229180449	55.16188393174232	0.0	0.0	0.0	0.0	12.186777571508284	0.0	0.0	0.0	0.0	94.03359626858695	17.206098883827444	0.0	0.0	14.366520118103496	0.10992903276732946	37.725784420531284	0.0	1.4187327302336563	95.76674607185774	0.0	0.0	0.0	0.0	0.0
GSM4138110_HNSCC_1_PBMC_TAGGCATTCCCAGGTG	87.16925398367503	36.85389303306277	23.980960193365767	19.42764140353533	0.0	19.815346548753837	0.0	0.0	0.0	0.0	0.0	0.0	0.0	0.0	81.55269816707853	0.0	0.0	16.730058893924106	0.0	0.0	0.0	0.0	0.0	0.0	0.0	0.0	0.0
GSM4138110_HNSCC_1_PBMC_TCACAAGCACATCCGG	38.616059760884966	32.0899404424446	62.86790491899308	0.0	0.0	0.0	0.0	35.87122484294383	0.0	0.0	0.0	0.0	58.73652201706039	0.0	65.52708731565379	0.0	0.0	0.0	0.0	0.0	0.0	18.789144622222167	0.0	0.0	0.0	0.0	0.0
GSM4138110_HNSCC_1_PBMC_TCAGCTCCATGACGGA	52.413399585717265	84.77223739253458	33.6481549903204	0.0	0.0	0.0	0.0	0.0	0.0	0.0	16.129529724669716	0.0	0.0	0.0	0.0	0.0	28.58849010372795	0.0	0.0	21.994333154410715	0.0	17.391236375662206	0.0	0.0	0.0	0.0	0.0
GSM4138110_HNSCC_1_PBMC_TCGAGGCTCCAGGGCT	65.58566078906765	54.258527657445185	31.387113343617138	0.0	0.0	0.0	33.133672437434385	0.0	0.0	21.609916014595417	29.31128264589206	5.723883375404622	0.0	0.0	0.0	0.0	9.216630619319986	0.0	0.0	20.674105500856708	0.0	0.0	0.0	0.0	0.0	0.0	0.0
GSM4138110_HNSCC_1_PBMC_TCTATTGCAGTCAGCC	118.21261936739711	67.65302264797407	74.23337161621892	0.0	0.0	0.0	2.822318414681025	0.0	0.0	10.574687312276156	0.0	43.115827709727206	0.0	0.0	0.0	24.444848323143642	12.499550844452756	0.0	0.0	0.0	0.0	0.0	0.0	0.0	31.499360561571198	0.0	0.0
GSM4138110_HNSCC_1_PBMC_TCTCTAAGTGGTAACG	101.35652324470361	70.98689035521883	99.11862983371755	62.5236276871449	0.0	0.0	0.0	23.301971034335107	0.0	0.0	0.0	108.7817012170036	39.80226567933494	0.0	0.0	0.0	0.0	0.0	0.0	0.0	0.0	0.0	0.0	0.0	0.0	0.0	0.0
GSM4138110_HNSCC_1_PBMC_TCTGAGATCTAGCACA	51.113547167248655	68.35162241138535	25.305144455380784	0.0	0.0	0.0	0.0	19.727731589354008	24.14143286258867	45.37476354869989	0.0	0.0	0.0	0.0	0.0	0.0	0.0	0.0	0.0	0.0	0.0	0.0	0.0	41.41847292086059	0.0	0.0	0.0
GSM4138110_HNSCC_1_PBMC_TCTTTCCCACTGAAGG	82.72061645560579	59.60867794528272	146.8537770122184	37.27032725342192	0.0	0.0	0.0	0.264723970890819	0.0	32.10823374436689	0.0	0.0	30.762637689449832	0.0	0.0	23.229681209226264	18.944665906371263	0.0	0.0	0.0	88.78141635243787	0.0	0.0	0.0	0.0	0.0	0.0
GSM4138110_HNSCC_1_PBMC_TGACAACGTCATCCCT	61.29911721695289	55.6477751874787	39.05340429218403	22.040273382492323	0.0	0.0	0.0	0.0	68.345722439821	15.166187253292737	0.0	0.0	7.871060500541181	0.0	82.78233233465318	0.0	0.0	18.702185974692313	0.0	0.0	0.0	0.0	0.0	0.0	21.39424851865248	0.0	0.0
GSM4138110_HNSCC_1_PBMC_TGAGCCGAGATGAGAG	60.96719586440208	53.06328905335602	38.221261285688136	0.0	52.79176222482738	27.700704669346532	0.0	0.0	0.0	0.0	15.851990198013326	0.0	0.0	0.0	0.0	31.934956855248128	0.0	25.46029027068633	0.0	0.0	0.0	0.0	0.0	0.0	0.0	0.0	0.0
GSM4138110_HNSCC_1_PBMC_TGCGGGTTCTGATTCT	58.905026858706556	48.544383829016134	28.678676847366447	50.16200039148089	0.0	0.0	0.0	0.0	0.0	0.0	0.0	0.0	14.320796539008713	0.0	0.0	0.0	9.319418172435448	0.0	0.0	0.0	21.72831565092381	0.0	0.0	0.0	0.0	0.0	0.0
GSM4138110_HNSCC_1_PBMC_TGGCTGGGTTCCAACA	49.02145816100389	54.677485846661384	39.33913105313171	61.631024793279686	61.027827388650124	0.0	0.0	0.0	0.0	28.89720837899886	0.0	0.0	0.0	0.0	0.0	0.0	0.0	14.087304983513187	0.0	0.0	0.0	0.0	25.14844235408268	0.0	0.0	0.0	0.0
GSM4138110_HNSCC_1_PBMC_TGTATTCGTGGCTCCA	103.47784380939102	56.12475365193285	78.09488820940398	0.0	0.0	0.0	0.0	17.389621345956918	0.0	40.96532911456468	0.0	137.74381650929973	30.545672755488624	0.0	0.0	38.863189474355686	0.0	0.0	0.0	0.0	0.0	0.0	0.0	0.0	0.0	0.0	0.0
GSM4138110_HNSCC_1_PBMC_TGTGGTAAGTATGACA	96.60745765760392	44.58038634348307	42.878450950564634	36.552600041189585	0.0	0.0	0.0	12.163455973288027	0.0	43.11629313399612	0.0	0.0	0.0	0.0	0.0	0.0	0.0	0.0	0.0	0.0	49.605835151601184	0.0	0.0	0.0	0.0	0.0	0.0
GSM4138110_HNSCC_1_PBMC_TTCCCAGGTCACTGGC	57.45884100124344	34.62033220457639	47.92169839275512	0.0	42.98793178847272	0.0	10.062591385962174	33.507691263177556	0.33101014171024035	7.52649529309665	32.47612288001148	0.0	0.0	0.0	0.0	0.0	0.0	0.0	0.0	0.0	0.0	0.0	0.0	0.0	0.0	0.0	0.0
GSM4138110_HNSCC_1_PBMC_TTCGGTCCACCTCGGA	90.08455281374435	47.85082620325711	45.846280521735636	0.0	0.0	0.0	0.0	6.877962952402671	0.0	0.0	0.0	0.0	14.565245444204304	0.0	0.0	45.24349345377344	0.0	0.0	0.0	0.0	27.520863888750217	0.0	0.0	0.0	0.0	0.0	0.0
GSM4138110_HNSCC_1_PBMC_TTCTACATCCTTCAAT	56.77267623813744	36.98091650944929	32.03275665742386	0.0	0.0	24.196935928148196	0.0	0.0	15.48925582012478	0.0	0.0	0.0	0.0	0.0	0.0	28.170676020320688	26.34235907447062	0.0	0.0	0.0	52.62287652115193	0.0	0.0	0.0	0.0	0.0	0.0
GSM4138110_HNSCC_1_PBMC_AAAGTAGTCGGCATCG	240.66233208431314	167.68760016090155	167.08758725028642	122.20106803327829	0.0	24.198280678163357	0.0	0.0	0.0	0.0	35.63701224615383	0.0	0.0	182.68394884987836	0.0	0.0	0.0	49.56747176118054	0.0	0.0	0.0	41.3275686431116	0.0	0.0	0.0	0.0	0.0
GSM4138110_HNSCC_1_PBMC_ACACTGATCGTACCGG	126.47763243790675	142.7206753684237	125.38301934403756	62.88768859676932	0.0	0.0	0.0	17.27865138504103	0.0	8.361267065967207	17.93640571103365	0.0	0.0	0.0	0.0	0.0	0.0	0.0	38.98436882852562	51.2173481205729	0.0	0.0	0.0	0.0	0.0	0.0	0.0
GSM4138110_HNSCC_1_PBMC_ACAGCTATCAGCACAT	238.20295778821034	134.68859729438825	162.22647902993626	112.35968156878654	0.0	0.0	0.0	38.76254722128403	0.0	35.0869351989939	0.0	0.0	0.0	0.0	0.0	0.0	0.0	0.0	0.0	0.0	0.0	0.0	0.0	177.41581881347562	0.0	0.0	0.0
GSM4138110_HNSCC_1_PBMC_ACTGAACGTTATTCTC	220.5627991950245	131.81865482308427	125.97437224088159	0.0	0.0	60.183455784837236	0.0	3.858910024105772	0.0	0.0	0.0	0.0	0.0	168.58449095337332	0.0	0.0	17.62627483876622	0.0	0.0	0.0	0.0	92.27858943820321	0.0	0.0	0.0	0.0	0.0
GSM4138110_HNSCC_1_PBMC_ACTGAGTTCAGGTAAA	217.55888088657642	112.26004063683872	88.79253124529123	0.0	0.0	0.0	80.56099631644585	26.276971946635502	0.0	52.24062982836931	0.0	0.0	0.0	0.0	0.0	0.0	0.0	0.0	135.10434691872814	0.0	0.0	0.0	0.0	0.0	0.0	0.0	0.0
GSM4138110_HNSCC_1_PBMC_ACTGCTCCAACCGCCA	245.0653043087397	112.75895516477588	144.33189441942966	0.0	0.0	34.916919497731044	0.0	22.047469968309123	69.25247166396011	0.0	0.0	5.512858814881595	0.0	0.615517142545848	0.0	0.0	0.0	0.0	0.0	81.39595659001837	0.0	0.0	0.0	0.0	0.0	0.0	7.662023600140184
GSM4138110_HNSCC_1_PBMC_ACTTACTAGTGGAGAA	220.66095413941494	187.44129816471693	154.2347140643274	0.0	0.0	0.0	0.0	57.15932143894075	20.953563769596176	0.0	0.0	0.0	66.94436728981273	192.27331731348013	0.0	0.0	0.0	0.0	0.0	0.0	0.0	134.66946460331857	0.0	0.0	0.0	0.0	0.0
GSM4138110_HNSCC_1_PBMC_ACTTGTTCAGTTCATG	212.26505056706756	245.48628912116098	149.0642597057805	0.0	257.015793892043	0.0	192.6277345886498	0.0	0.0	0.0	0.0	0.0	70.71287836248695	0.0	0.0	0.0	0.0	21.060285566779623	0.0	0.0	0.0	0.0	0.0	0.0	0.0	0.0	0.0
GSM4138110_HNSCC_1_PBMC_AGAGTGGCAGGGATTG	135.43115051591874	128.85663417725758	85.75416791322779	0.0	0.0	0.5801840094887541	0.0	0.0	0.0	0.0	80.91175007816587	0.0	0.0	0.0	0.0	0.0	0.0	56.82921031160622	0.0	91.17888986934967	0.0	115.35418663751645	0.0	0.0	0.0	0.0	0.0
GSM4138110_HNSCC_1_PBMC_AGATCTGGTGATAAGT	171.36210217271164	94.00365229269765	155.43045110613784	89.6012091769272	0.0	92.47895564571188	0.0	20.272453633266853	0.0	0.0	0.0	39.621793515605965	0.0	0.0	7.325286442147311	0.0	0.0	0.0	0.0	0.0	0.0	0.0	0.0	0.0	0.0	0.0	0.0
GSM4138110_HNSCC_1_PBMC_AGATTGCGTATAGGGC	211.42580769817278	200.62160551143702	194.522096389415	148.05891922858484	0.0	0.0	0.0	31.66759148387775	0.0	0.0	0.0	122.4149451121978	33.602350561190626	0.0	0.0	0.0	0.0	0.0	0.0	0.0	0.0	0.0	0.0	15.874911179189507	0.0	0.0	0.0
GSM4138110_HNSCC_1_PBMC_AGCGGTCCATGCTGGC	249.9784863192222	100.97985022001886	147.5064663999323	0.0	0.0	0.0	0.0	27.8288344853733	159.22565846665034	0.0	53.23797787186534	0.0	0.0	0.0	52.879055573852774	0.0	0.0	0.0	0.0	0.0	0.0	59.809104852630476	0.0	0.0	0.0	0.0	0.0
GSM4138110_HNSCC_1_PBMC_AGGCCACTCAGCGATT	191.0373327879253	97.95797545302877	109.86466724011169	0.0	0.0	0.0	0.0	15.60088543224944	0.0	24.362632047033653	0.0	0.0	0.0	0.0	0.0	0.0	0.0	0.0	0.0	0.0	0.0	110.90117441921203	0.0	107.56439316543455	0.0	45.38824640534733	0.0
GSM4138110_HNSCC_1_PBMC_AGTAGTCCACAGTCGC	248.25058743523374	142.63094853064266	170.8114316144556	92.64663962915046	0.0	0.0	0.0	17.696298189769827	0.0	16.552884612520174	0.0	0.0	0.0	10.386085574672473	0.0	35.27529703660516	0.0	7.496484161179787	0.0	0.0	238.62849593758193	0.0	36.17304619723323	0.0	0.0	40.518274683110484	0.0
GSM4138110_HNSCC_1_PBMC_AGTGTCATCCCTAATT	140.40529273430445	134.78000376985568	94.22598595929381	0.0	0.0	0.0	0.0	35.22905906703469	10.679119953226614	0.0	0.0	0.0	54.23236632269307	0.0	0.0	0.0	0.0	0.0	0.0	116.72496111183298	0.0	71.7885812536155	0.0	0.0	0.0	0.0	0.1367406583328658
GSM4138110_HNSCC_1_PBMC_ATCCACCGTGGTTTCA	3161.3113351357565	0.0	0.0	0.0	0.0	0.0	0.0	0.0	0.0	0.0	0.0	0.0	0.0	0.0	0.0	0.0	0.0	0.0	0.0	0.0	0.0	0.0	0.0	0.0	0.0	0.0	0.0
GSM4138110_HNSCC_1_PBMC_ATCGAGTGTACTTAGC	214.46148369876806	126.97622156656405	149.6069497381418	163.21999825518208	0.0	0.0	0.0	40.702328589240885	0.0	0.0	0.0	0.0	75.3351156040213	191.13691112909456	0.0	0.0	0.0	0.0	0.0	0.0	0.0	0.0	0.0	0.0	0.0	0.0	0.0
GSM4138110_HNSCC_1_PBMC_CAACTAGTCTTGAGAC	219.69413038429823	95.33821964432538	89.67722023826363	0.0	0.0	33.00503651274148	0.0	26.427100253023436	0.0	0.0	0.0	0.0	0.0	126.2994456949016	0.0	0.0	0.0	0.0	0.0	0.0	0.0	132.5252772039656	0.0	0.0	0.0	0.0	0.0
GSM4138110_HNSCC_1_PBMC_CAAGGCCTCTAGCACA	113.72124479717638	69.70309449881495	73.33939135428784	90.53249929830173	33.56725604338119	38.97683711897514	0.0	35.813527940056055	0.0	0.0	0.0	0.0	0.0	0.0	40.94567477375296	0.0	0.0	0.0	0.0	0.0	0.0	0.0	0.0	0.0	0.0	0.0	0.0
GSM4138110_HNSCC_1_PBMC_CACAAACAGGCTACGA	184.02518800288024	159.2933201398198	87.14282437104025	0.0	0.0	0.0	0.0	19.299065907141557	93.3177708970703	0.0	0.0	0.0	1.9271908266183193	0.0	0.0	0.0	0.0	0.0	168.6930719301478	0.0	0.0	4.472880952135036	42.90040125589063	0.0	0.0	0.0	0.0
GSM4138110_HNSCC_1_PBMC_CACATTTTCATTGCGA	157.43702630447288	96.7296077011581	86.01794288756929	0.0	0.0	60.89866889306351	0.0	32.941902127329826	0.0	0.0	0.0	0.0	0.0	0.0	185.05925863721743	0.0	0.0	0.0	0.0	0.0	0.0	74.85070300525503	0.0	0.0	0.0	0.0	0.0
GSM4138110_HNSCC_1_PBMC_CAGAGAGTCAGTTAGC	259.5083434302256	173.4906450413088	185.30214503869732	0.0	0.0	75.85200532602924	0.0	21.993544642530182	73.11526710434654	0.0	0.0	115.29006990573971	0.0	0.0	0.0	0.0	0.0	0.0	0.0	0.0	0.0	34.64863220035902	0.0	0.0	0.0	0.0	0.0
GSM4138110_HNSCC_1_PBMC_CAGCTGGGTCTCCACT	252.80078562449114	136.18630942492035	154.04478208633392	92.54213962037669	0.0	76.52137599342277	0.0	0.0	0.0	0.0	0.0	0.0	0.0	0.0	0.0	0.0	0.0	24.499782064266093	0.0	0.0	170.35054097086456	0.0	0.0	0.0	0.0	0.0	0.0
GSM4138110_HNSCC_1_PBMC_CAGCTGGGTGTTTGTG	131.1955224260281	130.37686124978626	127.15820497184325	0.0	90.76603838074008	30.108593547071735	94.1064364876634	15.110167209599929	0.0	0.0	0.0	0.0	0.0	0.0	0.0	0.0	0.0	0.0	0.0	0.0	0.0	0.0	0.0	0.0	0.0	0.0	0.0
GSM4138110_HNSCC_1_PBMC_CATATGGCAGGACGTA	241.52959747063045	111.30612060595212	139.08280387286516	0.0	0.0	0.0	0.0	0.0	222.68304742445463	0.0	0.0	112.44632525042887	0.0	0.0	0.0	0.0	0.0	9.742942724104818	0.0	0.0	0.0	0.0	0.0	0.0	0.0	0.0	0.0
GSM4138110_HNSCC_1_PBMC_CATATTCTCCACGTTC	172.65906172211697	99.24654596700191	107.04816611849758	0.0	41.97394940148481	0.0	0.0	27.91778268351798	71.85670121714668	2.5920598028348802	0.0	0.0	36.72035272285058	57.02994649438515	0.0	67.21377928349928	0.0	0.0	0.0	0.0	0.0	0.0	0.0	0.0	0.0	0.0	0.0
GSM4138110_HNSCC_1_PBMC_CCAATCCCACGACTCG	119.46118729003861	93.41863446570305	66.92591870533127	0.0	95.26835858830195	50.990521344686414	40.04960527023581	25.836443466274183	14.872123985532149	0.0	0.0	0.0	0.0	0.0	0.0	0.0	0.0	0.0	0.0	0.0	0.0	0.0	0.0	0.0	0.0	0.0	0.0
GSM4138110_HNSCC_1_PBMC_CCTACCAGTCGGCTCA	317.04877665088276	155.17245306521164	150.4009994079005	0.0	0.0	25.131973124367434	0.0	36.27881705548542	85.02165526089264	0.0	67.92808558324325	151.44830256587068	0.0	0.0	0.0	0.0	0.0	0.0	0.0	0.0	0.0	0.0	0.0	0.0	0.0	0.0	0.0
GSM4138110_HNSCC_1_PBMC_CGAACATCAAGTTAAG	256.6432272176462	145.826451684083	151.0036165732829	141.0430394212756	0.0	95.09894201117234	0.0	0.0	0.0	0.0	0.0	124.26169717944754	0.0	0.0	0.0	0.0	61.239003608800694	0.0	0.0	0.0	0.0	0.0	0.0	0.0	0.0	0.0	0.0
GSM4138110_HNSCC_1_PBMC_CGACCTTCATTACGAC	121.59934537027227	67.9609429295427	77.1453960584681	9.757117791257466	0.0	0.0	0.0	8.365883735200937	27.92709118371657	0.0	0.0	0.0	50.9256660263354	0.0	0.0	0.0	0.0	0.0	66.74547623613554	0.0	0.0	0.0	0.0	0.0	0.0	0.0	0.0
GSM4138110_HNSCC_1_PBMC_CGAGCACCATATACGC	262.76144168958217	167.2922496988142	181.66608959738923	0.0	193.23530754388779	0.0	190.17894176621883	70.12005163426906	0.0	0.0	50.85240485620258	0.0	0.0	0.0	0.0	0.0	0.0	0.0	0.0	0.0	0.0	0.0	0.0	0.0	0.0	0.0	0.0
GSM4138110_HNSCC_1_PBMC_CGATCGGCAACGATCT	160.23946941013406	137.47074283770144	98.69603042144941	0.0	0.0	48.61879077138937	36.552712461457865	36.78951738196994	0.0	0.0	0.0	154.33619946761843	0.0	0.0	0.0	0.0	0.0	3.011695345098699	0.0	0.0	0.0	70.95459578248486	0.0	0.0	0.0	0.0	0.0
GSM4138110_HNSCC_1_PBMC_CGATCGGGTTTGGGCC	242.10696280792743	88.8408881376039	97.18799310645493	0.0	0.0	0.0	0.0	42.90412786465465	0.0	0.0	0.0	0.0	0.0	88.75519749988256	0.0	0.0	0.0	0.0	70.68991382171963	0.0	0.0	125.86658396403655	22.698754692180536	0.0	0.0	0.0	0.0
GSM4138110_HNSCC_1_PBMC_CGCTATCCACCGAATT	276.86788207513194	185.19091241366436	202.88407467555834	0.0	0.0	49.55830108012738	0.0	45.7050514511515	167.76107879436654	0.0	0.0	0.0	0.0	0.0	0.0	0.0	0.0	0.0	0.0	0.23269198773463456	0.0	0.0	0.0	0.0	0.0	0.0	123.4104152445694
GSM4138110_HNSCC_1_PBMC_CGGAGCTGTCGAACAG	229.39927458022223	200.07709495761458	148.6444807720176	107.75402329176276	0.0	0.0	0.0	22.91584666280321	0.0	0.0	0.0	0.0	73.35307117219737	0.0	0.0	0.0	0.0	0.0	177.53588162617888	0.0	0.0	0.0	0.0	0.0	0.0	0.0	0.0
GSM4138110_HNSCC_1_PBMC_CGTTCTGGTCTAAACC	197.10048842730177	132.80159835762396	153.3359031407741	0.0	0.0	0.0	0.0	24.026351145727315	97.292336523608	0.0	0.0	0.0	67.14605399970432	0.0	0.0	0.0	0.0	0.0	169.88043671470564	0.0	0.0	3.004095297809836	0.0	0.0	0.0	0.0	0.0
GSM4138110_HNSCC_1_PBMC_CGTTGGGGTGTGTGCC	123.57339343789941	105.92677541657001	95.89620237171683	0.0	0.0	0.0	0.0	52.67919587280752	0.0	31.486066559371007	0.0	0.0	0.0	0.0	37.41270934151087	90.28336147557202	0.0	0.0	0.0	36.848708527794486	0.0	0.0	0.0	0.0	0.0	0.0	0.0
GSM4138110_HNSCC_1_PBMC_CTAATGGCACACATGT	210.092479289644	109.9967760533578	83.27225072782464	89.73727906885189	0.0	46.823173574149735	0.0	44.93245228204156	11.558603523070504	0.0	0.0	0.0	0.0	138.08039332956864	0.0	0.0	0.0	0.0	0.0	0.0	0.0	0.0	0.0	0.0	0.0	0.0	0.0
GSM4138110_HNSCC_1_PBMC_CTACCCAGTTACCGAT	179.20775553406517	167.710281125935	187.46416934799785	120.1372092708323	0.0	45.94313039298845	0.0	19.97811095782585	0.0	0.0	0.0	27.60578042394502	0.0	152.91952446877647	0.0	0.0	0.0	0.0	0.0	0.0	0.0	0.0	0.0	0.0	0.0	0.0	0.0
GSM4138110_HNSCC_1_PBMC_CTAGAGTCATCGGACC	280.4274338428024	100.01441557860099	120.95059194536304	57.0902799384213	0.0	56.08410396353602	0.0	7.971590202625681	0.0	0.0	0.0	0.0	0.0	0.0	0.0	0.0	0.0	0.0	0.0	0.0	0.0	0.0	0.0	122.50080673889076	0.0	0.0	54.926180252450344
GSM4138110_HNSCC_1_PBMC_CTCTGGTGTGTTCGAT	235.74174809276417	74.77459818860488	94.6987998360483	134.5288480326207	13.090030129798885	0.0	0.0	42.01298834683927	0.0	0.0	40.92018917435934	0.0	0.0	21.880061519337833	0.0	0.0	0.0	0.0	0.0	62.183071248326684	0.0	0.0	0.0	0.0	0.0	0.0	0.0
GSM4138110_HNSCC_1_PBMC_CTGATAGCATCAGTCA	162.72580442252928	68.91687268243916	106.52528964225556	0.0	0.0	0.0	0.0	0.0	66.70504167063896	0.0	58.00930630412984	0.0	0.0	0.0	0.0	0.0	0.0	67.26498141775875	140.18414039475022	0.0	0.0	0.0	0.0	0.0	0.0	0.0	0.0
GSM4138110_HNSCC_1_PBMC_CTGTTTACAATGTAAG	253.66911318112275	213.65491851018103	89.24922931729252	0.0	0.0	0.0	0.0	19.531578990318966	107.11545562167615	0.0	0.0	0.0	56.716478075965945	0.0	0.0	7.985032954934565	0.0	0.0	167.19546904359527	0.0	0.0	0.0	0.0	0.0	0.0	0.0	0.0
GSM4138110_HNSCC_1_PBMC_GAACCTATCTCTGTCG	113.98189345989297	67.10146956604383	93.94449223650693	0.0	0.0	0.0	0.0	27.29775207960749	27.828047172710487	50.55792257529084	0.0	0.0	0.0	59.28664163802302	0.0	0.0	0.0	0.0	0.0	0.0	0.0	28.707471773707244	0.0	0.0	0.0	0.0	0.0
GSM4138110_HNSCC_1_PBMC_GATCGCGTCAGGCGAA	140.48051639975387	73.57339644157145	116.44131376377494	0.0	99.2343448416086	29.252624844863956	53.54243244141094	20.0408223163946	0.0	0.0	0.0	0.0	0.0	0.0	0.0	0.0	0.0	0.0	0.0	0.0	0.0	34.147197181393466	0.0	0.0	0.0	0.0	0.0
GSM4138110_HNSCC_1_PBMC_GATCTAGCATACAGCT	158.0535616231912	285.595085502406	107.55568576048208	0.0	0.0	0.0	0.0	0.0	80.13021420246648	9.960352890584872	0.0	0.0	0.0	0.0	0.0	0.0	64.04342651736462	0.0	0.0	0.0	136.73008412431307	0.0	0.0	0.0	79.28287065715242	0.0	0.0
GSM4138110_HNSCC_1_PBMC_GATGAAAGTAGAAGGA	187.8790657630833	75.85495783219487	65.55514295016978	0.0	0.0	7.9238023163263325	0.0	0.0	64.96810107886904	0.0	0.0	0.0	0.0	0.0	0.0	0.0	0.0	3.638533165809117	18.788558535063252	8.196314054340023	0.0	0.0	0.0	30.305321927750917	0.0	0.0	0.0
GSM4138110_HNSCC_1_PBMC_GATGAAAGTCACCCAG	268.8427824553351	155.21292182495154	196.4671261247083	94.96390131727216	197.95890404388928	40.364359579745106	0.0	0.0	0.0	0.0	0.0	0.0	0.0	0.0	0.0	0.0	0.0	14.896962357322815	0.0	0.0	0.0	0.0	0.0	0.0	0.0	0.0	11.120313384956138
GSM4138110_HNSCC_1_PBMC_GCATACACATCTGGTA	293.0648058673441	272.60397449090186	173.2297782804638	117.06513372957117	0.0	0.0	0.0	19.735294931489253	51.795859839941095	0.0	0.0	0.0	118.03951869052736	0.0	0.0	0.0	0.0	0.0	0.0	0.0	0.0	0.0	0.0	212.0899534131875	0.0	0.0	0.0
GSM4138110_HNSCC_1_PBMC_GCGAGAATCGCACTCT	225.9779520575963	215.87278764683063	117.74193394223214	0.0	0.0	0.0	0.0	57.31480596507267	127.17379264067438	0.0	0.0	0.0	72.80032706600845	214.55901923351175	0.0	0.0	0.0	0.0	0.0	0.0	0.0	0.0	0.0	0.0	0.0	0.0	0.0
GSM4138110_HNSCC_1_PBMC_GCGCGATAGGAGCGTT	98.80854555999109	46.23959853963899	46.499569025132836	38.67583885670979	0.0	0.0	0.0	20.322210470736284	19.1429664385913	0.0	0.0	0.0	40.31143693462995	0.0	47.12922529265136	0.0	0.0	0.0	80.77537009127747	0.0	0.0	5.09377674611223	0.0	1.0130319263697054	0.0	0.0	0.0
GSM4138110_HNSCC_1_PBMC_GCTCTGTTCAGTTTGG	185.4122149493155	82.99755129980804	76.26738245850929	0.0	102.04357990202476	31.964105064129537	0.0	0.0	5.5213430891421424	0.0	0.0	0.0	0.0	0.0	0.0	62.13492911169514	7.368785405982133	0.0	0.0	0.0	0.0	0.0	0.0	0.0	0.0	0.0	0.0
GSM4138110_HNSCC_1_PBMC_GCTGCGAGTCTAGTCA	208.9409845046987	176.69537708269982	117.04215531260353	0.0	0.0	91.08028572742023	0.0	24.551377250035173	0.0	0.0	0.0	0.0	0.0	133.83673771803754	0.0	2.980254952056877	0.0	0.0	0.0	0.0	0.0	30.02151853953359	0.0	0.0	0.0	0.0	0.0
GSM4138110_HNSCC_1_PBMC_GGCTCGATCAGGCGAA	150.59571889564478	99.9349404821183	110.97071608642668	0.0	0.0	29.944280249163306	0.0	9.788365397217884	0.0	0.0	0.0	0.0	0.0	0.0	67.75711549637255	0.0	0.0	0.0	0.0	52.029898943377724	0.0	67.89795011192652	0.0	0.0	0.0	0.0	0.0
GSM4138110_HNSCC_1_PBMC_GGGAATGTCTTCCTTC	0.0	0.0	0.0	0.0	0.0	0.0	0.0	0.0	0.0	0.0	0.0	0.0	0.0	0.0	0.0	0.0	0.0	0.0	3369.5729998630964	0.0	0.0	0.0	0.0	29.419981367213044	0.0	0.0	0.0
GSM4138110_HNSCC_1_PBMC_GGGCACTTCGTAGGTT	241.9671170624503	102.97800468856956	120.3048676247997	62.793986762792436	0.0	59.83788310129322	0.0	0.0	0.0	0.0	0.0	0.0	0.0	154.38061330801548	0.0	0.0	0.0	31.39623244840819	0.0	0.0	0.0	0.0	0.0	0.0	0.0	0.0	0.0
GSM4138110_HNSCC_1_PBMC_GTAGGCCAGTACTTGC	182.20972425763117	144.2143754207234	108.968018755061	34.02935616276668	150.48605351792582	0.0	0.0	30.373287572578523	55.778010699324355	23.308680909973834	0.0	0.0	0.0	0.0	0.0	0.0	0.0	0.0	0.0	0.0	0.0	0.0	0.0	0.0	0.0	0.0	0.0
GSM4138110_HNSCC_1_PBMC_GTCACAATCTATCGCC	240.42908633596502	134.5798409159237	208.02299683884655	103.46977242158937	0.0	28.064413278199478	0.0	48.94510697171199	0.0	0.0	0.0	0.0	0.0	0.0	135.84338351963174	0.0	0.0	0.0	0.0	0.0	0.0	30.024360951253033	0.0	0.0	0.0	0.0	0.0
GSM4138110_HNSCC_1_PBMC_GTCTCGTAGTAGCGGT	184.1726305983014	92.5060033121317	104.93623923166196	46.35740731096404	90.08912233297153	0.0	0.0	46.05943199329616	0.0	0.0	39.605027733622	0.0	0.0	0.0	0.0	0.0	0.0	0.0	0.0	0.0	0.0	48.89337830953007	0.0	0.0	0.0	0.0	0.0
GSM4138110_HNSCC_1_PBMC_GTGCAGCTCTGTCTAT	269.3353766670575	211.93975373924675	192.00501658214708	0.0	0.0	0.0	112.40746445803613	0.0	0.0	0.0	0.0	0.0	0.0	0.0	0.0	0.0	32.48725829394235	0.0	0.0	0.0	283.5694596445337	0.0	102.79975456211541	0.0	0.0	0.0	0.0
GSM4138110_HNSCC_1_PBMC_GTGCATAGTACGCTGC	212.44929456035757	100.93776752392115	144.20892917344267	71.11123772310673	0.0	0.0	0.0	4.436820322457998	0.0	0.0	66.26720762396724	0.0	0.0	132.68711147388723	0.0	0.0	6.8476805149017785	9.39212915219537	0.0	0.0	0.0	0.0	0.0	0.0	0.0	0.0	0.09489695698977633
GSM4138110_HNSCC_1_PBMC_GTGCTTCAGTACGATA	141.33347331264608	164.18819314950298	106.12094864428715	101.8643731129216	0.0	25.271535799887786	0.0	22.628964563244665	0.0	0.0	0.0	0.0	0.0	130.7013579927024	0.0	0.0	0.0	0.0	0.0	0.0	0.0	0.0	0.0	0.0	0.0	0.0	0.0
GSM4138110_HNSCC_1_PBMC_TACAGTGCAATGACCT	150.6738142564596	104.85535050275716	78.7916681672191	71.54724184563108	65.62083088965805	0.0	0.0	19.39517192596226	0.0	0.0	0.0	25.412626109178277	0.0	0.0	0.0	0.0	0.0	0.0	0.0	0.0	0.0	23.192180704850212	0.0	0.0	83.61893756119795	0.0	0.0
GSM4138110_HNSCC_1_PBMC_TACTCATAGATCACGG	310.02549638536294	115.74897787936625	133.1443817666441	0.0	0.0	0.5378255575079941	0.0	15.814791955965285	0.0	0.0	0.0	0.0	87.30665478198453	0.0	0.0	58.62132195514094	0.0	0.0	173.73343892855664	0.0	0.0	36.95576417732625	0.0	0.0	0.0	0.0	0.0
GSM4138110_HNSCC_1_PBMC_TACTCGCGTAAGGATT	154.55931708941966	200.7190182967783	108.25396734739903	84.71234823523585	0.0	19.029639588291154	0.0	16.424548339883017	0.0	0.0	82.57718980886405	146.99154698766898	0.0	0.0	0.0	0.0	11.97331147928578	0.0	0.0	0.0	0.0	0.0	0.0	0.0	0.0	0.0	0.0
GSM4138110_HNSCC_1_PBMC_TACTTGTCAAGTTAAG	196.17503182748231	158.42741180372468	128.55681718721718	55.184894845275835	0.0	95.48751546584087	0.0	19.272832162299903	74.18321316859668	0.0	0.0	0.0	0.0	191.67087344768657	0.0	0.0	0.0	0.0	0.0	0.0	0.0	0.02459186680091457	0.0	0.0	0.0	0.0	0.0
GSM4138110_HNSCC_1_PBMC_TATCTCAAGGTGTGGT	133.242357181842	89.69049435123381	95.85115289454686	0.0	0.0	0.0	0.0	11.869459083273535	0.0	0.0	0.0	0.0	0.0	87.15499052329966	0.0	84.3717643369178	0.0	0.0	0.0	0.0	35.60693720645756	0.0	35.81411192340459	0.0	0.0	0.0	0.0
GSM4138110_HNSCC_1_PBMC_TCAGCTCCACCCATTC	320.4377052592134	195.54013297659984	271.40619510136315	0.0	71.28136953610452	41.500300563071264	138.6606421099178	0.0	0.0	0.0	41.05135516777167	0.0	0.0	0.0	50.70547378178639	0.0	16.71284914085974	0.0	0.0	0.0	0.0	0.0	0.0	0.0	0.0	0.0	0.0
GSM4138110_HNSCC_1_PBMC_TCGCGTTCAGCTGCTG	159.22393281673465	134.70989809402457	83.47227872176103	50.53068892869456	0.0	0.0	0.0	35.85582578610852	0.0	19.64782947265213	0.0	0.0	32.13412383503791	113.69546792083021	0.0	0.0	0.0	0.0	0.0	0.0	0.0	0.0	0.0	0.0	0.0	0.0	0.0
GSM4138110_HNSCC_1_PBMC_TCGGGACAGCTAGTTC	247.95996924077758	150.06452744123817	116.9396833246529	63.60241664589378	0.0	0.0	0.0	22.951302011289812	0.0	0.0	0.0	0.0	55.4058321028154	0.0	0.0	19.078484940090313	0.0	0.0	146.61853918650564	0.0	0.0	0.0	0.0	0.0	0.0	0.0	0.0
GSM4138110_HNSCC_1_PBMC_TCTTCGGAGTCATCCA	164.21313871143406	145.9791377452164	100.97226078786201	50.41700397246707	0.0	0.0	0.0	29.804878213370483	0.0	0.0	0.0	0.0	56.27254121849369	8.407207951661569	0.0	0.0	0.0	0.0	139.48001253429126	0.0	0.0	57.67386687767579	0.0	0.0	0.0	0.0	0.0
GSM4138110_HNSCC_1_PBMC_TGAGAGGGTCCCTACT	270.79389385244866	98.02916525369741	61.866193265317804	284.89883212703194	0.0	0.0	0.0	56.12655531974711	0.0	0.0	0.0	0.0	48.81177071909949	0.0	0.0	0.0	0.0	0.0	230.75978858612908	0.0	0.0	0.0	0.0	0.0	0.0	0.0	0.0
GSM4138110_HNSCC_1_PBMC_TGATTTCGTTAAAGTG	327.05309902416593	215.49737948301134	277.7868646974009	0.0	0.0	0.0	0.0	36.84962571107111	0.0	32.70171552401988	33.80104062662147	141.7579318100414	0.0	0.0	0.0	78.69485660621179	0.0	0.0	0.0	0.0	0.0	0.0	0.0	0.0	0.0	0.0	0.0
GSM4138110_HNSCC_1_PBMC_TGCCAAATCATGTCCC	248.65949313474607	130.35521008818512	111.74724264303805	122.33940814456868	0.0	6.186740978140386	0.0	18.030597716932384	0.0	0.0	62.359594541997375	0.0	0.0	0.0	57.41312230030789	0.0	0.0	0.0	0.5659162968393826	7.208561586933471	0.0	0.0	0.0	0.0	0.0	0.0	55.335639652781076
GSM4138110_HNSCC_1_PBMC_TGTATTCAGAATGTTG	288.92570557941093	211.66726402359242	91.30007120522886	0.0	99.56384642780813	0.0	0.0	0.0	0.0	0.0	0.0	0.0	0.0	0.0	0.0	0.0	22.80291639194625	0.0	0.0	0.0	0.0	132.42086260898697	80.40346179158027	0.0	0.0	0.0	0.0
GSM4138110_HNSCC_1_PBMC_TGTCCCAGTTCAGGCC	141.04993467080695	104.82127567931468	138.3539398694987	35.76049409755666	0.0	66.62695849958048	0.0	29.004905200858374	0.0	0.0	0.0	0.0	0.0	127.1958256744025	20.507934981535797	0.0	0.0	0.0	0.0	0.0	0.0	0.0	0.0	0.0	0.0	0.0	0.0
GSM4138110_HNSCC_1_PBMC_TTGCCGTCAATAGCGG	187.75494446462582	140.66940977053744	87.03778579456028	0.0	0.0	0.0	0.0	33.86404711409762	117.53593298032415	0.0	51.31935415819657	0.0	0.0	20.36578572283128	0.0	0.0	0.0	0.0	159.74093436958768	0.0	0.0	0.0	0.0	0.0	0.0	0.0	0.0
GSM4138110_HNSCC_1_PBMC_TTTATGCAGACTGGGT	198.3726036364346	104.66183031952936	140.15142504440112	58.94398210886743	0.0	0.0	0.0	21.67737203859549	0.0	36.56066939613728	0.0	0.0	0.0	79.42028384062326	0.0	0.0	0.0	0.0	13.366499157958486	0.0	0.0	0.0	0.0	0.0	0.0	0.0	0.0
GSM4138110_HNSCC_1_PBMC_AACGTTGAGTTTAGGA	103.56759389949302	63.24149529643552	51.98107439642969	52.62170871738006	0.0	0.0	0.0	0.0	0.0	0.0	0.0	92.40032442683467	56.8515636315937	0.0	0.0	24.832432176505684	0.0	24.967502775703476	0.0	0.0	0.0	0.0	0.0	0.0	0.0	0.0	0.0
GSM4138110_HNSCC_1_PBMC_AAGGCAGCAATCACAC	81.19398545620899	161.70870570994464	8.421812842292747	12.15513156098734	0.0	0.0	0.0	27.283177930742944	0.0	0.0	0.0	0.0	0.0	0.0	62.498021901200055	39.17170306355091	0.0	0.0	0.0	9.590030933639031	0.0	0.0	42.18597155548609	0.0	0.0	0.0	0.0
GSM4138110_HNSCC_1_PBMC_ACTGATGTCAATAAGG	73.09833190975036	44.65466971652677	56.30151979550863	0.0	35.23210302988492	0.0	40.17294496216451	25.197609799419165	0.0	0.0	30.029900134929612	0.0	0.0	0.0	0.0	0.0	0.0	3.568798290224346	0.0	0.0	0.0	0.0	0.0	0.0	0.0	0.0	0.0
GSM4138110_HNSCC_1_PBMC_AGCAGCCAGGCCCTCA	110.58287920828029	40.42215306982011	57.56252265712676	0.0	59.719970995296165	0.0	0.0	22.993671331219954	95.73511027791595	0.0	80.25245792624895	0.0	0.0	0.0	0.0	0.0	0.0	0.0	0.0	0.0	0.0	0.0	0.0	0.0	0.0	0.0	0.0
GSM4138110_HNSCC_1_PBMC_CATATTCCATATGAGA	103.7022753099913	89.1555834239991	24.09400296222415	0.0	64.44057840495093	88.99747360315209	36.826157736956446	13.336617998822364	17.33157619230799	0.0	0.0	0.0	0.0	0.0	0.0	14.678278460844961	0.0	13.702543547694377	0.0	9.897278762536546	0.0	0.0	0.0	0.0	0.0	0.0	0.0
GSM4138110_HNSCC_1_PBMC_CCTCAGTCAACTGCGC	51.616943346583206	56.71144149929166	40.515752218537266	109.26535827909545	0.0	0.0	0.0	15.364003047801651	0.0	0.0	34.393504190857875	0.0	0.0	0.0	0.0	0.0	2.2572269099608393	0.0	0.0	23.137877715853147	0.0	0.0	0.0	0.0	0.0	0.0	0.0
GSM4138110_HNSCC_1_PBMC_CGGTTAACACCTCGTT	47.14169127825613	32.237543563813716	92.90089794599977	6.9050149611686535	0.0	0.0	29.225992045599614	0.0	0.0	0.0	0.0	34.662735571694895	28.52694454130044	0.0	0.0	0.0	25.226004659802587	0.0	0.0	0.0	10.760360717561262	0.0	0.0	0.0	0.0	0.0	0.0
GSM4138110_HNSCC_1_PBMC_CGTGTAATCTCCAGGG	48.01195619245684	56.04333065871573	43.267394723398645	46.13458994883864	26.732629599775937	0.0	0.0	0.0	0.0	0.0	0.0	0.0	19.37361638897548	0.0	0.0	0.0	11.89854663816074	0.0	0.0	0.0	0.0	0.0	0.0	0.0	0.0	0.0	0.0
GSM4138110_HNSCC_1_PBMC_CGTTGGGTCAGTGCAT	65.35773231503899	44.797257812355	35.46634336736279	0.0	76.84334440165429	0.0	61.252359956948226	0.0	0.0	0.0	31.836479125295554	0.0	0.0	0.0	0.0	0.0	23.411408295734006	0.0	0.0	0.0	0.0	0.0	0.0	0.0	0.0	0.0	0.0
GSM4138110_HNSCC_1_PBMC_CTAGAGTAGCTATGCT	102.60764477179977	86.11510000173026	81.62979847323973	88.8944334695056	0.0	0.0	0.0	0.0	0.0	0.0	50.278707123182166	0.0	0.0	45.336766695526926	0.0	0.0	0.0	38.919694824877794	0.0	30.183798494848148	0.0	0.0	0.0	0.0	0.0	0.0	0.0
GSM4138110_HNSCC_1_PBMC_GCATACATCGTTACAG	72.58525288648292	51.61869498091871	40.70442870274621	44.56195369118952	0.0	0.0	0.0	0.0	0.0	15.056906009256354	0.0	0.0	24.173575777339746	0.0	30.080705629181416	0.0	26.54551073524298	0.0	0.0	0.0	0.0	0.0	0.0	0.0	0.0	0.0	0.0
GSM4138110_HNSCC_1_PBMC_AAACGGGCAGTATCTG	56.04727812486309	44.20123818233712	32.13298655159514	23.877948335740534	0.0	0.0	0.0	0.0	0.0	148.8140452158407	0.0	0.0	0.0	32.94430297227081	0.0	0.0	0.0	13.737145669207548	0.0	0.0	17.907065099877116	0.0	0.0	0.0	0.0	0.0	0.0
GSM4138110_HNSCC_1_PBMC_AAAGATGTCTGATTCT	70.95566758021661	81.48103293255521	48.72638166037978	0.0	80.59686458213724	0.0	0.0	25.14289129053155	0.0	0.0	0.0	0.0	27.41644218271522	0.0	0.0	0.0	0.0	0.0	0.0	0.0	0.0	99.69695672763189	0.0	0.0	0.0	0.0	0.0
GSM4138110_HNSCC_1_PBMC_AAAGTAGGTAGCGCTC	116.90053856823712	34.512564624344115	36.816154434659815	0.0	76.53499332831653	31.498475011322906	1.6586969687891144	0.0	26.845199312863766	0.0	0.0	0.0	0.0	0.0	0.0	0.0	36.00574234537549	0.0	0.0	0.0	0.0	0.0	0.0	0.0	0.0	0.0	0.0
GSM4138110_HNSCC_1_PBMC_AACTCAGGTGGTCTCG	68.0096025311299	60.45483112261653	32.72969938533355	0.0	0.0	56.14435642347996	0.0	15.943695189833136	0.0	0.0	0.0	0.0	0.0	0.0	11.516279967393606	68.97212510515843	0.0	0.0	0.0	21.200553237640385	0.0	0.0	0.0	0.0	0.0	0.0	0.0
GSM4138110_HNSCC_1_PBMC_AACTCCCTCCAATGGT	80.62240918532483	60.19427718533762	73.07090256163522	66.65621830741189	78.11529529893701	47.97207159256891	0.0	19.69361772241353	0.0	0.0	11.120737774787344	0.0	0.0	0.0	0.0	0.0	0.0	0.0	0.0	0.0	0.0	35.035939220115	0.0	0.0	0.0	0.0	0.0
GSM4138110_HNSCC_1_PBMC_AACTCTTAGTGGGTTG	89.34365801253533	71.65779959293981	41.11029488327546	60.06567918800769	62.74618468949631	0.0	6.9563338721289405	20.22810224961114	0.0	0.0	0.0	0.0	47.8441637883638	0.0	0.0	0.0	0.0	0.0	0.0	0.0	0.0	0.0	0.0	0.0	0.0	0.0	0.0
GSM4138110_HNSCC_1_PBMC_AACTCTTGTCACACGC	164.19090905430093	2.8272861574484653	57.355712318982775	0.0	37.6995493712135	23.788420149396707	0.0	16.01472488063302	36.00599347953321	0.0	0.0	0.0	0.0	0.0	0.0	0.0	0.0	0.0	0.0	0.0	0.0	0.0	0.0	0.0	0.0	0.0	0.0
GSM4138110_HNSCC_1_PBMC_AACTTTCAGAAGGTTT	86.6495014551965	98.27662411857452	83.57727290934609	0.0	45.41821842549971	37.6976096081517	0.0	55.39311938616525	0.0	0.0	0.0	0.0	0.0	0.0	0.0	0.0	0.0	0.0	0.0	0.0	0.0	47.10680042986412	0.0	0.0	0.0	0.0	0.0
GSM4138110_HNSCC_1_PBMC_AAGGAGCTCCTTTCGG	94.11863045689584	125.09553522500572	107.50065148917898	0.0	13.791218404389939	51.95906424271943	31.14114913818204	33.34516605617006	0.0	0.0	0.0	0.0	0.0	0.0	0.0	39.91729366319895	0.0	0.0	0.0	48.4358183026818	0.0	0.0	0.0	0.0	0.0	0.0	0.0
GSM4138110_HNSCC_1_PBMC_AATCCAGAGTGCTGCC	116.27283262668226	96.0818150563608	50.696022789417285	0.0	59.38326236610201	0.0	68.7432020360266	7.491340280800155	0.0	0.0	0.0	0.0	56.10914257107019	0.0	0.0	0.0	0.0	16.759578565831326	0.0	0.0	0.0	0.0	0.0	0.0	0.0	0.0	0.0
GSM4138110_HNSCC_1_PBMC_AATCGGTGTCTAGCCG	90.08825866971137	54.280864340926534	63.916981695144194	0.0	0.0	101.81398290799194	0.0	25.8681943620396	86.58554930828515	0.0	0.0	0.0	0.0	92.92391739619109	0.0	0.0	0.0	0.0	0.0	0.0	0.0	0.0	0.0	0.0	0.0	0.0	0.0
GSM4138110_HNSCC_1_PBMC_ACACCCTCATCTACGA	116.98569717918166	54.40979019845434	10.049955805588723	0.0	12.033683943741394	33.68966560901119	59.33907496821565	21.038629171088825	0.0	0.0	0.0	0.0	0.0	0.0	4.8750753566429434	0.0	0.0	0.0	0.0	25.371685863089745	0.0	0.0	0.0	0.0	0.0	0.0	0.0
GSM4138110_HNSCC_1_PBMC_ACACCGGCACCATGTA	186.82776451761606	164.3295243809656	176.44000209295532	0.0	114.78088985028248	0.0	0.0	54.30944627895194	146.92085773474795	0.0	0.0	0.0	155.1403816373721	0.0	0.0	0.0	0.0	0.0	0.0	0.0	0.0	0.0	0.0	0.0	0.0	0.0	0.0
GSM4138110_HNSCC_1_PBMC_ACATCAGAGCGTTCCG	194.72648874352737	98.56561646271896	138.2503233558039	0.0	151.9333114473025	47.225411175235024	0.0	34.21055126051014	83.60893553297332	0.0	0.0	0.0	17.975380533489997	0.0	0.0	0.39454035494715567	0.0	0.0	0.0	0.0	0.0	0.0	0.0	0.0	0.0	0.0	0.0
GSM4138110_HNSCC_1_PBMC_ACCCACTCAATGTAAG	54.0396322997835	48.67997186496686	15.084232325106008	0.0	0.0	0.0	0.0	25.645751368671636	47.093488459790485	0.0	11.558572886666663	0.0	0.0	3.6590655129234646	0.0	0.0	0.0	0.0	0.0	45.08053559520201	0.0	0.0	0.0	0.0	0.0	0.0	0.0
GSM4138110_HNSCC_1_PBMC_ACCCACTGTAAGTGTA	80.65895532292666	36.87268721953638	71.56208469193199	0.0	73.78887002102265	27.894766540721495	43.126119205886916	0.0	0.0	0.0	26.423223399267194	0.0	0.0	0.0	0.0	0.0	30.700976843074976	0.0	0.0	0.0	0.0	0.0	0.0	0.0	0.0	0.0	0.0
GSM4138110_HNSCC_1_PBMC_ACCTTTATCATAACCG	102.62464018520556	65.71152352438494	84.7964359887578	75.59591197029144	0.0	0.0	0.0	40.49628358399671	0.0	0.0	0.0	0.0	0.0	0.0	104.2298716955768	0.0	0.0	0.0	0.0	0.0	0.0	0.0	0.0	0.0	52.299242362025645	0.0	0.0
GSM4138110_HNSCC_1_PBMC_ACGAGCCAGGTGTGGT	51.680395418588375	43.79603291044107	33.07140372017567	40.76294008625533	78.3360853912788	0.0	0.0	13.092687676892226	0.0	0.0	0.0	0.0	22.732736900501347	0.0	25.30055590836162	0.0	0.0	15.481175733725006	0.0	0.0	0.0	0.0	15.941111844203167	0.0	0.0	0.0	0.0
GSM4138110_HNSCC_1_PBMC_ACGATACCATATGAGA	94.35346961518472	25.90002798374245	45.088253473486496	0.0	38.56660512357768	0.0	54.30556213603101	0.0	0.0	0.0	26.384706479885114	0.0	0.0	0.0	0.0	0.0	0.0	14.998861264393353	0.0	0.0	0.0	0.0	0.0	0.0	0.0	0.0	0.0
GSM4138110_HNSCC_1_PBMC_ACGATACTCTGATTCT	92.67354495464645	32.81994974917824	23.39682990560841	0.0	53.21307459995458	0.0	62.853793265204736	16.52169996674563	0.0	0.0	0.0	0.0	0.0	0.0	0.0	0.0	0.0	0.0	0.0	0.0	0.0	0.0	58.05537838410426	0.0	0.0	0.0	0.0
GSM4138110_HNSCC_1_PBMC_ACGATGTCAGGCAGTA	98.56599798814581	39.00856795298041	33.77476018725422	71.84559899577377	50.44690807066115	0.0	0.0	0.0	0.0	32.14727889338276	0.0	0.0	0.0	0.0	0.0	0.0	1.3123382558742174	18.887977228247383	0.0	0.0	0.0	0.0	0.0	0.0	0.0	0.0	0.0
GSM4138110_HNSCC_1_PBMC_ACGCAGCGTAGAGCTG	60.28942198196856	36.19214870418064	91.52239131143752	59.0493588146801	0.0	0.0	0.0	15.72659996901051	0.0	0.0	0.0	0.0	12.573412286990811	0.0	0.0	0.0	0.0	0.0	6.7004873876261195	0.0	0.0	0.0	0.0	13.825071523652046	0.0	0.0	8.551766693802605
GSM4138110_HNSCC_1_PBMC_ACGCCGAAGGTAGCTG	69.86148134568957	101.94401482478725	35.4444544131767	0.0	0.0	0.0	20.919509011296444	18.14325412825777	0.0	34.843965893708365	0.0	0.0	0.0	22.36486655938928	0.0	0.0	0.0	0.0	0.0	0.0	0.0	0.0	0.0	0.0	0.0	0.0	0.0
GSM4138110_HNSCC_1_PBMC_ACGGGCTGTGATAAAC	69.35819261164784	42.29605815268739	70.64824989595539	66.56067039536987	14.945908027312173	0.0	0.0	0.0	0.0	0.0	29.095581691707817	0.0	0.0	0.0	0.0	0.0	0.0	25.492928472200852	42.329099406913805	43.51633378151097	0.0	0.0	0.0	0.0	0.0	0.0	0.0
GSM4138110_HNSCC_1_PBMC_ACGTCAACATCACGAT	89.37513206506055	37.79640730014474	84.64196605453573	23.073287727603976	0.0	26.395063170601425	0.0	12.627374939925632	0.0	0.0	7.667906186171182	0.0	0.0	0.0	15.411449265625132	0.0	0.7278723783198394	0.0	0.0	0.0	0.0	0.0	0.0	0.0	0.0	0.0	0.0
GSM4138110_HNSCC_1_PBMC_ACTATCTAGGAATTAC	110.4675351792822	191.77928696301808	109.38416541314874	0.0	61.63763114094475	0.0	0.0	0.0	126.69448870278788	56.86047812830344	0.0	11.608918426328335	0.0	0.0	0.0	0.0	27.92665906690454	0.0	0.0	0.0	0.0	0.0	0.0	0.0	0.0	0.0	0.0
GSM4138110_HNSCC_1_PBMC_ACTGATGTCGTTACGA	193.91760318459959	117.78940057281686	164.52510001822588	0.0	0.0	0.0	69.15261062315733	0.0	0.0	0.0	0.0	0.0	75.75330206235986	0.0	0.0	0.0	32.015358471915015	0.0	0.0	0.0	37.857557433249006	0.0	0.0	0.0	0.0	0.0	0.0
GSM4138110_HNSCC_1_PBMC_ACTTACTAGATAGGAG	57.167167557593864	109.72852241644509	46.339552415970836	43.08900577376932	56.712681131905356	0.0	0.0	0.0	0.0	60.91094752033651	0.0	0.0	0.0	0.0	0.0	0.0	14.18465848376274	0.0	0.0	0.0	0.0	0.0	0.0	0.0	0.0	0.0	0.0
GSM4138110_HNSCC_1_PBMC_ACTTGTTTCCACGACG	74.30609336987989	106.52228768745388	92.04836232181053	0.0	59.24960256874724	0.0	19.555889398308608	0.0	0.0	0.0	41.540516982490345	0.0	0.0	0.0	18.883201824389747	17.415367405915145	17.285840783648023	0.0	0.0	0.0	0.0	0.0	0.0	0.0	0.0	0.0	0.0
GSM4138110_HNSCC_1_PBMC_ACTTTCATCGTCACGG	112.34559517124269	57.9319744118242	108.71275037654094	0.0	0.0	17.359037218023683	7.761645608119363	0.0	18.372897513627528	0.0	0.0	2.0721100918850768	0.0	0.0	0.0	0.0	32.1657513791302	0.0	0.0	0.0	19.58200747487768	26.32911685927372	0.0	0.0	0.0	0.0	0.0
GSM4138110_HNSCC_1_PBMC_AGATTGCTCATGCTCC	96.79765911693904	68.3464968883814	71.0519900496283	127.32362450570862	0.0	39.681373561576535	0.0	0.0	0.0	0.0	0.0	0.0	0.0	0.0	58.72998437445432	0.0	55.4259656321362	0.0	0.0	0.0	0.0	0.0	0.0	0.0	0.0	0.0	0.0
GSM4138110_HNSCC_1_PBMC_AGATTGCTCCTAGAAC	145.39468899218983	27.977527717747048	48.0148523654123	126.1709895356011	0.0	0.0	0.0	14.899091948174187	0.0	0.0	0.0	0.0	0.0	0.0	21.36061740125063	0.0	0.0	0.0	0.0	0.0	0.0	0.0	0.0	0.0	0.0	0.0	0.0
GSM4138110_HNSCC_1_PBMC_AGCAGCCTCACTCTTA	91.19266899052921	54.904690425419574	33.62756038102052	0.0	0.0	40.9927177843704	47.67705701474446	0.0	0.0	0.0	0.0	30.197164274382594	0.0	0.0	0.0	0.0	17.678706222554123	0.0	0.0	0.0	22.31793849631503	0.0	0.0	0.0	0.0	0.0	0.0
GSM4138110_HNSCC_1_PBMC_AGCCTAAAGCGTGAAC	233.58400726308008	94.40305556763529	79.24612400748755	0.0	0.0	0.0	91.61482857967819	0.0	0.0	0.0	0.0	78.75503056837714	0.0	0.0	0.0	0.0	0.0	30.202941495508334	0.0	0.0	0.0	0.0	0.0	0.0	0.0	45.961800713320756	0.0
GSM4138110_HNSCC_1_PBMC_AGCCTAAGTCTCATCC	44.43466071964983	16.457283963101478	51.20441694021927	17.638686199949202	0.0	11.579059871151156	0.0	0.0	0.0	0.0	0.0	0.0	0.0	0.0	101.61652739345118	0.0	6.8946071280598265	0.0	0.0	0.0	0.0	0.0	0.0	0.0	0.0	8.835997996844165	0.0
GSM4138110_HNSCC_1_PBMC_AGCGTATAGCCAGTTT	94.03494985328592	57.53853601409941	31.60191398294437	100.8324494016365	41.70820336994045	0.0	0.0	22.413823666242184	0.0	43.6595596769916	0.0	18.764746743407915	0.0	0.0	0.0	0.0	0.0	0.0	0.0	0.0	0.0	0.0	0.0	0.0	0.0	0.0	0.0
GSM4138110_HNSCC_1_PBMC_AGCGTCGAGCGCTCCA	70.92923620641888	74.78484723176149	48.66502834933133	0.0	0.0	42.4541048195163	17.69812576495671	0.0	32.036787087887326	0.0	0.0	30.65234441648835	0.0	0.0	0.0	0.0	24.469501098342555	10.08509173095591	0.0	0.0	0.0	0.0	0.0	0.0	0.0	0.0	0.0
GSM4138110_HNSCC_1_PBMC_AGCTCCTGTATCACCA	155.3308173091419	119.40046671023742	101.41275796029629	0.0	88.05877194210954	34.83710806700541	127.905592385869	0.0	0.0	0.0	14.043635572843204	0.0	0.0	0.0	0.0	0.0	37.79662483024328	0.0	0.0	0.0	0.0	24.443625157141142	0.0	0.0	0.0	0.0	0.0
GSM4138110_HNSCC_1_PBMC_AGCTCTCAGTCGTTTG	139.14287668415483	82.63012447134223	104.90538400173763	41.53854571802738	0.0	44.34226353731152	22.152213873742916	29.77657329714949	0.0	0.0	3.6622932748320047	93.456590219061	0.0	0.0	0.0	0.0	0.0	0.0	0.0	0.0	0.0	0.0	0.0	0.0	0.0	0.0	0.0
GSM4138110_HNSCC_1_PBMC_AGCTTGAAGACTGGGT	112.1631652897601	37.14294718154464	71.94074072951616	0.0	59.42874968182974	22.268690970250873	62.616309204467754	0.0	0.0	0.0	14.026291622111192	0.0	0.0	0.0	0.0	0.0	62.380361873645626	0.0	0.0	0.0	0.0	0.0	0.0	0.0	0.0	0.0	0.0
GSM4138110_HNSCC_1_PBMC_AGGCCGTAGACTACAA	131.05894511388829	72.14264486819553	59.895618118646865	64.81199550945605	0.0	40.555010282430985	0.0	9.61145096616573	0.0	0.0	0.0	73.45276447399783	15.721656126608876	0.0	11.385806309375294	0.0	0.0	20.36783949231356	0.0	0.0	0.0	0.0	0.0	0.0	0.0	0.0	0.0
GSM4138110_HNSCC_1_PBMC_AGGGATGAGACCCACC	61.36736038996905	58.88175100329972	56.14943774310269	74.21909759672671	0.0	0.0	0.0	0.0	0.0	39.54281270911754	0.0	49.12701052368822	0.0	0.0	0.0	0.0	0.0	26.300879874987274	0.0	0.0	0.0	0.0	0.0	0.0	0.0	0.0	0.0
GSM4138110_HNSCC_1_PBMC_AGGGATGCATGTTCCC	91.451511270675	89.32148690415916	71.29567688178143	0.0	0.0	0.0	84.13812713645022	52.56205576868576	0.0	0.0	44.72203123019868	0.0	0.0	0.0	0.0	0.0	0.0	0.0	26.66270445386272	0.0	25.346130079129974	0.0	0.0	24.061244629295214	0.0	0.0	0.0
GSM4138110_HNSCC_1_PBMC_AGTAGTCGTCAATGTC	68.40411950071291	42.08007436383012	75.33469147635137	5.246747384276557	0.0	44.65467550116365	0.0	28.19971660018826	0.0	0.0	0.0	0.0	1.7664110856213164	42.210100542286504	0.0	49.663729912793265	0.0	0.0	0.0	0.0	0.0	0.0	0.0	0.0	0.0	0.0	0.0
GSM4138110_HNSCC_1_PBMC_AGTAGTCGTCCGAAGA	105.70310293018187	88.08443287907205	39.97755277768283	76.16660112551504	64.44518569375396	0.0	0.0	15.78560821275976	0.0	0.0	0.0	0.0	29.66581143331647	0.0	0.0	0.0	0.0	0.0	0.0	0.0	0.0	0.0	0.0	0.0	0.0	0.0	0.0
GSM4138110_HNSCC_1_PBMC_AGTGGGAAGGAGCGAG	138.75997476168197	105.22225941065577	75.6431822564615	99.49933461360477	0.0	0.0	0.0	58.27372088499336	0.0	116.63578136384182	0.0	0.0	0.0	107.67012207429123	0.0	0.0	0.0	0.0	0.0	0.0	0.0	0.0	0.0	0.0	0.0	0.0	0.0
GSM4138110_HNSCC_1_PBMC_AGTGTCAGTACCGGCT	94.1571100797417	65.95432522816202	46.090901670716555	50.121289743951934	0.0	0.0	58.92977136955723	0.0	47.75901356411386	0.0	5.062227155459773	119.0112535214025	0.0	0.0	0.0	0.0	0.0	31.387362305114603	0.0	0.0	0.0	0.0	0.0	0.0	0.0	0.0	0.0
GSM4138110_HNSCC_1_PBMC_ATAAGAGAGCTGATAA	43.98057938421356	33.52514299799169	32.49858738408816	83.56871309369896	16.412603606854724	8.356282277698043	0.0	34.025525181021635	0.0	0.0	0.0	0.0	0.0	0.0	0.0	0.0	0.0	0.0	0.0	0.0	0.0	0.0	0.0	0.0	0.0	17.951950399381932	0.0
GSM4138110_HNSCC_1_PBMC_ATCACGAGTCAAACTC	64.94891955526003	78.83554886122305	72.51399873669699	0.0	62.569811126476935	12.709909394986987	42.928471964991736	0.0	0.0	0.0	0.0	0.0	0.0	0.0	0.0	0.0	5.149117546725085	11.759695138127677	0.0	0.0	0.0	0.0	0.0	0.0	0.0	0.0	0.0
GSM4138110_HNSCC_1_PBMC_ATCATCTTCTGTGCAA	73.10385051311265	45.930652320786734	62.72443551214131	47.09414163562316	0.0	0.0	0.0	16.417926557460152	0.0	0.0	51.67079886281999	0.0	0.0	0.0	2.599810232024725	0.0	5.891861451734745	0.0	0.0	37.459527936967156	0.0	0.0	0.0	0.0	0.0	0.0	0.0
GSM4138110_HNSCC_1_PBMC_ATCATGGGTCACTGGC	155.76575070859766	96.0293843340864	48.99664505018459	0.0	36.1081624625271	0.0	5.18828078353688	19.212672078303175	0.0	0.0	55.94532828063916	50.63188945177404	0.0	0.0	0.0	58.5546081491187	0.22946770954834664	0.0	0.0	0.0	0.0	0.0	0.0	0.0	0.0	0.0	0.0
GSM4138110_HNSCC_1_PBMC_ATCTGCCCATACGCCG	83.2349066746368	71.59228088388275	26.424762989702312	65.14371758064588	4.819460582093812	0.0	0.0	32.54956359529328	0.0	0.0	0.0	0.0	0.0	6.0470639691379775	0.0	0.0	0.0	0.0	0.0	0.0	30.03340087471898	0.0	0.0	0.0	66.0770816142623	0.0	0.0
GSM4138110_HNSCC_1_PBMC_ATGAGGGAGTGTACGG	89.97226268908308	72.19878753187048	83.51458806487952	0.0	44.537883917758286	0.0	48.659572214637876	23.837549634623855	0.0	9.688537549896694	41.48276137446543	0.0	0.0	52.51243134004041	0.0	0.0	0.8897222923240843	0.0	0.0	0.0	0.0	0.0	0.0	0.0	0.0	0.0	0.0
GSM4138110_HNSCC_1_PBMC_ATGGGAGAGACCCACC	189.26276359062948	123.35016872340901	152.59301858721457	15.69472804210622	31.935856975549413	0.0	0.0	0.0	0.0	0.0	0.0	0.0	133.85264935914853	0.0	38.59804108489717	0.0	0.0	40.93833995218467	72.65592137967059	0.0	0.0	65.01648733210976	0.0	0.0	0.0	0.0	0.0
GSM4138110_HNSCC_1_PBMC_ATGTGTGTCCAGTAGT	60.487374282126545	50.1883365759348	17.021478751752745	55.77153945902942	74.1862013337664	0.0	0.0	8.292212957852717	0.0	0.0	27.831985374763185	0.0	0.0	0.0	0.0	0.0	0.0	5.387258647727963	0.0	0.0	0.0	0.0	0.0	0.0	0.0	0.0	0.0
GSM4138110_HNSCC_1_PBMC_ATTATCCAGCGCCTTG	95.67467142665747	89.94030182920223	75.96964662749723	0.0	0.0	70.83675775119212	0.0	17.176950201876785	10.174107366665146	0.0	0.0	75.08193086361487	0.0	0.0	0.0	61.643096547872226	0.0	14.966721155830207	0.0	0.0	0.0	0.0	0.0	0.0	0.0	0.0	0.0
GSM4138110_HNSCC_1_PBMC_ATTCTACAGATGTCGG	86.18584038584594	74.61142024065984	80.4219469690466	56.288521023601604	0.0	14.697726188116023	0.0	0.0	0.0	0.0	34.88042175395065	0.0	0.0	47.36342448177165	0.0	0.0	0.0	21.035262051530776	0.0	0.0	17.667666222821303	0.0	0.0	0.0	0.0	0.0	0.0
GSM4138110_HNSCC_1_PBMC_ATTGGACAGAAGGCCT	43.37720895755174	59.024336243487525	31.778607942179097	36.86320461907541	0.0	0.0	0.0	0.0	0.0	0.0	47.64164901492176	6.3973229569831656	0.0	0.0	0.0	0.0	0.0	22.215210126855574	0.0	34.52190574583722	0.0	0.0	0.0	0.0	0.0	0.0	0.0
GSM4138110_HNSCC_1_PBMC_ATTGGTGCACAGGAGT	116.95969284272864	100.71684528458073	43.09609730433455	44.99089663715986	0.0	0.0	0.0	0.0	0.0	0.0	34.358579059726274	85.05677559126886	0.0	0.0	0.0	0.0	0.0	19.87754027139118	0.0	0.0	0.0	0.0	0.0	0.0	0.0	0.0	0.0
GSM4138110_HNSCC_1_PBMC_CAACCTCTCTAAGCCA	112.21576836658194	66.46357436941452	49.538394302731064	27.90754879403508	0.0	49.54032669922187	0.0	0.0	0.0	0.0	0.0	27.065987472200167	0.0	0.0	0.0	0.0	0.0	24.304764303042145	0.0	0.0	0.0	0.0	0.0	0.0	0.0	0.0	0.0
GSM4138110_HNSCC_1_PBMC_CAACTAGGTGTCCTCT	106.88364121035957	70.12177040487947	59.123981598411774	0.0	57.11526018493845	56.813714461658066	44.21443291033769	0.0	0.0	0.0	0.0	0.0	0.0	0.0	0.0	0.0	0.0	15.032006702336911	0.0	0.0	0.0	0.0	0.0	0.0	0.0	0.0	0.0
GSM4138110_HNSCC_1_PBMC_CAACTAGTCAAGATCC	38.5877868042937	11.907888635088755	64.43953730950031	0.0	79.95285161134352	6.643473033633436	63.41271430039265	18.518660223175413	0.0	0.0	24.93621580890788	0.0	0.0	0.0	0.0	0.0	0.0	0.0	0.0	0.0	0.0	0.0	0.0	0.0	0.0	0.0	0.0
GSM4138110_HNSCC_1_PBMC_CAAGAAATCACAAACC	44.214475653967355	41.98740514495013	116.3451179754972	0.0	0.0	0.0	0.0	0.0	0.0	2.5084241656613515	0.0	0.0	28.29678354624273	0.0	0.0	31.063144681385005	0.0	11.388004395117791	0.0	0.0	35.64782457618112	0.0	0.0	0.0	0.0	0.0	0.0
GSM4138110_HNSCC_1_PBMC_CAAGTTGCATGTTCCC	137.32195957793317	119.89726580566087	116.13631288609506	81.64347185035291	67.91445617328168	69.92066057905835	0.0	28.751847466476036	0.0	0.0	0.0	0.0	0.0	22.59396405722334	0.0	0.0	0.0	0.0	0.0	0.0	0.0	0.0	0.0	0.0	0.0	0.0	0.0
GSM4138110_HNSCC_1_PBMC_CACACTCTCAAGATCC	108.75554519045885	102.09782839938116	45.86551955467613	0.42710618736982436	0.0	0.0	0.0	0.0	59.349489340717454	0.0	0.0	0.0	75.70294755338709	0.0	0.0	0.0	18.284315128871647	0.0	90.292860351664	0.0	0.0	0.0	0.0	0.0	0.0	0.0	0.0
GSM4138110_HNSCC_1_PBMC_CACAGGCTCCGCGTTT	71.48701950543015	58.11412351875343	30.810741966332365	0.0	34.31069873756551	0.0	0.0	0.0	0.0	54.52589296966776	0.0	0.0	0.0	0.0	0.0	81.90592279087342	33.64746524009506	0.0	58.89570423784526	0.0	0.0	0.0	0.0	0.0	0.0	0.0	0.0
GSM4138110_HNSCC_1_PBMC_CACAGTAAGTTACCCA	63.88586736406324	43.989345750962	77.25614077474361	86.47457459120167	66.75704903189995	2.7836795668360756	0.0	23.74741550656197	0.0	40.29896999806988	0.0	0.0	0.0	0.0	0.0	0.0	0.0	0.0	10.019870859651325	22.30547776119482	0.0	0.0	0.0	0.0	0.0	0.0	0.0
GSM4138110_HNSCC_1_PBMC_CACATTTAGTAGCGGT	100.89281084140661	37.18111140911742	56.64715119584282	0.0	53.787397716424906	0.0	56.54779727207815	0.0	0.0	0.0	0.0	0.0	33.194527277929616	0.0	0.0	16.97896413493165	0.0	12.73433349084904	0.0	0.0	0.0	0.0	0.0	0.0	0.0	0.0	0.0
GSM4138110_HNSCC_1_PBMC_CACCACTTCCGCGGTA	48.43402959989893	117.13869687268023	68.40860128917788	0.0	0.0	0.0	0.0	0.0	26.928942892151113	16.682077551397605	0.0	0.0	0.0	0.0	0.0	0.0	51.09841384233747	0.0	31.675653729759247	0.0	0.0	0.0	0.0	0.0	0.0	0.0	0.0
GSM4138110_HNSCC_1_PBMC_CAGAGAGAGCCACTAT	68.78519913189395	34.52036373204363	41.33322704290787	0.0	63.07884187649154	0.0	46.72369638976359	12.513559431354112	0.0	49.32700028243351	0.0	0.0	31.42271012318552	0.0	0.0	0.0	0.0	0.0	0.0	0.0	0.0	0.45346757065431215	0.0	0.0	0.0	0.0	0.0
GSM4138110_HNSCC_1_PBMC_CAGCAGCGTGCAGTAG	52.1027175192778	70.16203693333568	13.809072922914032	0.0	27.949431351434157	0.0	36.045083396053464	0.0	0.0	14.060041375197398	0.0	0.0	0.0	0.0	0.0	0.0	0.0	14.48507878142777	0.0	0.0	0.0	0.0	0.0	0.0	0.0	0.0	0.0
GSM4138110_HNSCC_1_PBMC_CAGCATAAGTACTTGC	70.29870786022275	63.02939754753186	52.66179048466637	0.0	0.0	52.276297776954586	12.176362820418985	20.302629192884176	0.0	0.0	25.64543432879853	69.54568982529227	0.0	0.0	0.0	0.0	0.0	0.0	0.0	0.0	0.0	0.0	0.0	0.0	0.0	0.0	0.0
GSM4138110_HNSCC_1_PBMC_CAGCATATCAGAGGTG	108.15615192100232	132.3494745188907	62.20427208609349	98.70500748632352	0.0	0.0	0.0	97.52613117234502	0.0	61.87906991923267	12.422489158191308	0.0	0.0	94.77457709109794	0.0	0.0	0.0	0.0	0.0	0.0	0.0	0.0	0.0	0.0	0.0	0.0	0.0
GSM4138110_HNSCC_1_PBMC_CAGCTAAGTTCCACGG	0.0	0.0	0.0	0.0	0.0	0.0	0.0	1167.6604591808903	0.0	0.0	0.0	0.0	0.0	0.0	0.0	0.0	218.87760611826104	0.0	0.0	0.0	0.0	0.0	0.0	0.0	0.0	0.0	0.0
GSM4138110_HNSCC_1_PBMC_CATCGAAGTACTTCTT	166.77337054934253	46.89368763678053	115.79505155000379	96.83953030397413	40.775168995085146	0.0	0.0	0.0	0.0	0.0	0.0	0.0	31.651767845025976	0.0	0.0	0.0	0.0	11.245078884140302	0.0	0.0	0.0	0.0	0.0	0.0	0.0	0.0	0.0
GSM4138110_HNSCC_1_PBMC_CATCGGGAGAGCTTCT	73.22705996491601	30.992884615000907	46.03344332601931	0.0	0.0	14.279236396717016	0.0	12.395422181008659	0.0	0.0	0.0	0.0	0.0	18.852920695452475	0.0	12.749795111781546	0.0	0.0	0.0	0.0	0.0	0.0	0.0	0.0	0.0	0.0	0.0
GSM4138110_HNSCC_1_PBMC_CATTATCTCGATCCCT	117.29528107097573	110.44433800419948	67.11576557697879	0.0	0.0	0.0	115.1604584013889	32.41081348772304	0.0	0.0	53.75840786990141	0.0	0.0	0.0	0.0	0.0	10.34229635987039	0.0	0.0	55.099871351526765	0.0	0.0	0.0	0.0	0.0	0.0	0.0
GSM4138110_HNSCC_1_PBMC_CATTCGCAGTGAAGAG	133.30039398650197	123.99019023126213	79.94720900105601	0.0	90.57656269937955	0.0	136.2573088094483	0.0	0.0	68.0010126211086	0.0	0.0	0.0	0.0	0.0	0.0	64.45257186752252	0.0	0.0	0.0	0.0	0.0	0.0	0.0	0.0	0.0	0.0
GSM4138110_HNSCC_1_PBMC_CCACGGACAGATGGGT	100.91750583728471	123.66816328050082	116.6869954390156	0.0	0.0	0.0	0.0	48.95636641993975	0.0	0.0	41.919340123126716	90.06396573781971	0.0	0.0	0.0	131.72303375967056	0.0	0.0	0.0	0.0	0.0	0.0	0.0	0.0	0.0	0.0	0.0
GSM4138110_HNSCC_1_PBMC_CCACTACAGGTTCCTA	46.26975831436886	74.84556848885468	53.77363640807937	0.0	0.0	0.0	0.0	18.80262560767643	61.96829450288523	0.0	0.0	0.0	55.766356593101456	0.0	0.0	0.0	9.793985059506731	0.0	0.0	60.00579297600471	0.0	13.843449370199128	0.0	0.0	0.0	0.0	0.0
GSM4138110_HNSCC_1_PBMC_CCCAGTTAGGCACATG	58.896869967771785	78.35374693331735	34.55629562124303	0.0	50.7847334602009	0.0	0.0	0.0	32.007686013516214	0.0	0.0	0.0	51.81875682548447	0.0	0.0	0.0	34.432412759072186	0.0	0.0	0.0	0.0	0.0	0.0	0.0	0.0	0.0	0.0
GSM4138110_HNSCC_1_PBMC_CCCTCCTGTACAGCAG	90.24557226375883	28.829635055496535	41.452349404305416	16.48410394715709	52.69969907155503	0.0	17.71590331428062	38.89008136937441	0.0	60.61097023389784	0.0	0.0	0.0	0.0	0.0	0.0	0.0	0.0	0.0	0.0	0.0	0.0	0.0	0.0	0.0	0.0	0.0
GSM4138110_HNSCC_1_PBMC_CCCTCCTTCCATGAAC	57.02587178189809	43.69725008094678	69.76232274827265	30.352303408029826	0.0	24.381883582388728	0.0	54.15205588171326	0.0	0.0	0.0	0.0	0.0	0.0	0.0	5.912082621683364	0.0	0.0	51.10510827210569	0.0	0.0	0.0	0.0	0.0	0.0	0.0	0.0
GSM4138110_HNSCC_1_PBMC_CCGTACTGTTCCAACA	103.97499923346616	89.14455864800756	117.18818385837194	86.7538196226979	0.0	70.01234417985229	0.0	0.0	0.0	14.18525639776949	0.0	0.0	0.0	0.0	0.0	0.0	0.0	29.991179047547693	0.0	60.416632740788586	0.0	0.0	0.0	0.0	0.0	0.0	0.0
GSM4138110_HNSCC_1_PBMC_CCGTACTTCCGATATG	48.28487075736472	38.074690838202436	39.831703234734256	0.0	0.0	39.92115022992547	0.0	0.0	30.287254530305074	0.0	0.0	39.515619364895294	0.0	0.0	0.0	0.0	18.460211237069803	0.0	0.0	0.0	0.0	0.0	0.0	0.0	0.0	0.0	0.0
GSM4138110_HNSCC_1_PBMC_CCGTGGAAGGAGTACC	95.49452123674355	48.53403763443182	33.231993302864886	0.0	0.0	43.719765593503766	54.41076875288484	0.0	0.0	0.0	0.0	51.74722350114533	0.0	0.0	0.0	0.0	21.6391457760616	0.0	0.0	0.0	0.0	0.0	0.0	0.0	0.0	0.0	0.0
GSM4138110_HNSCC_1_PBMC_CCTAAAGAGCGCCTCA	121.07227815490116	166.6166229428823	92.81050970829487	81.8577214831973	0.0	0.0	0.0	63.10974635243835	0.0	0.0	0.0	0.0	0.0	0.0	0.0	0.0	0.0	0.0	0.0	0.0	0.0	0.0	0.0	100.31707102862632	165.2029682306611	0.0	0.0
GSM4138110_HNSCC_1_PBMC_CCTACACCACAGGCCT	69.60701690255183	104.65928706883783	80.82346728381602	68.30046605804306	65.56201414643895	0.0	0.0	0.0	0.0	0.0	32.32252361859606	0.0	0.0	0.0	0.0	0.0	24.51204632396013	1.4369290346555257	0.0	0.0	0.0	0.0	0.0	0.0	0.0	0.0	0.0
GSM4138110_HNSCC_1_PBMC_CCTATTACACAAGACG	158.21073473323708	102.94210289968944	101.53351192632708	17.019229590281448	0.0	0.0	10.471420633903046	0.0	37.2183137673722	0.0	60.792545507218954	123.31733946818814	0.0	0.0	0.0	31.651324542495413	16.807258454256843	1.2411435453863926	0.0	0.0	0.0	0.0	0.0	0.0	0.0	0.0	0.0
GSM4138110_HNSCC_1_PBMC_CCTTACGAGAATAGGG	69.26769384076535	44.93435317880673	30.4260888832357	58.60415176195337	0.0	0.0	0.0	22.117695130641682	24.276322653932706	0.0	44.86565904775731	0.0	0.0	0.0	0.0	0.0	0.0	0.0	0.0	118.18755055266021	0.0	0.40245618612965517	0.0	0.0	0.0	0.0	5.758274299172558
GSM4138110_HNSCC_1_PBMC_CGAACATGTCCAGTAT	80.78896982556599	44.04774526516029	27.54973218743307	0.0	46.67763864022352	0.0	42.65776955426153	35.89596728351664	0.0	41.51115117064933	0.0	0.0	0.0	0.0	0.0	0.0	0.0	0.0	0.0	0.0	0.0	0.0	0.0	0.0	0.0	0.0	0.0
GSM4138110_HNSCC_1_PBMC_CGATCGGCAACACCCG	59.93521592718766	45.27362521359998	20.010964984285977	0.0	0.0	0.0	29.261532065373007	9.645896530812424	0.0	12.307146318309618	0.0	0.0	0.0	36.54948259137716	0.0	0.0	0.0	0.0	0.0	0.0	0.0	5.529891193085075	0.0	0.0	0.0	0.0	0.0
GSM4138110_HNSCC_1_PBMC_CGATGTATCCTTTCGG	86.64150118873026	60.72881256801509	28.77571454064636	0.0	0.0	0.0	0.0	38.347412988970746	0.0	42.652166857828334	0.0	0.0	0.0	47.31528243150969	0.0	0.0	0.0	0.0	0.0	0.0	0.0	49.895002469365686	0.0	0.0	1.1427694430940698	0.0	0.0
GSM4138110_HNSCC_1_PBMC_CGCGGTAAGACACGAC	32.22304753535365	88.20111168384327	11.257769966158437	0.0	24.22122646048939	0.0	0.0	0.0	4.2193873414016405	27.706587271460187	0.0	33.13913429464077	0.0	0.0	0.0	0.0	4.441893874219269	13.984393709601719	0.0	0.0	0.0	0.0	0.0	0.0	0.0	0.0	0.0
GSM4138110_HNSCC_1_PBMC_CGCGGTATCAGTCCCT	67.92442924353007	36.027111932026756	101.55334516295329	41.09494069475945	0.0	0.0	0.0	0.0	0.0	0.0	32.970308888176724	0.0	0.0	44.83827101307393	0.0	0.0	0.0	23.536942489809157	0.0	0.0	0.0	0.0	0.0	0.0	0.0	0.0	0.0
GSM4138110_HNSCC_1_PBMC_CGCTATCAGGTAGCCA	98.94393555331386	63.56289415551719	101.78897091753916	89.63248986964238	0.0	0.0	0.0	0.0	0.0	0.0	0.0	31.437717232481887	79.71914829849952	0.0	89.86233302751356	0.0	0.0	21.979829854058682	0.0	0.0	0.0	0.0	0.0	0.0	0.0	0.0	0.0
GSM4138110_HNSCC_1_PBMC_CGCTTCACAGTACACT	104.85488052555681	65.18233996954785	69.3014251894945	82.32943533419464	0.0	42.125931818207675	0.0	19.966753983376496	0.0	0.0	18.62334053311933	0.0	0.0	54.59772713053968	0.0	0.0	0.0	0.0	1.4653524030709721	0.0	0.0	0.0	0.0	0.0	0.0	0.0	0.0
GSM4138110_HNSCC_1_PBMC_CGGAGCTCAGACGCAA	59.51558424689091	71.06495606247367	59.1984510410544	0.0	39.15912721192616	0.0	51.060703919847235	19.590029823305976	0.0	0.0	0.0	0.0	20.349689742138562	0.0	0.0	0.0	0.0	0.0	0.0	0.0	0.0	0.06661875472564431	0.0	0.0	0.0	0.0	0.0
GSM4138110_HNSCC_1_PBMC_CGGAGCTTCGCCTGAG	114.49150145319652	91.23537378245712	98.88273714458278	0.0	0.0	66.03182530467352	0.0	0.0	0.0	0.0	0.0	93.85636042422874	0.0	0.0	0.0	68.02593410824295	30.420901746047974	0.0	0.0	0.0	0.0	0.0	0.0	0.0	0.0	0.0	0.0
GSM4138110_HNSCC_1_PBMC_CGGCTAGTCACATAGC	140.64162146307117	138.2836965594579	75.92258476254877	0.0	92.4073403445954	98.03571663138781	0.0	42.30456444575105	0.0	0.0	0.0	0.0	0.0	0.0	0.0	70.60075922495302	0.0	0.0	0.0	0.0	0.0	0.0	0.0	0.0	0.0	0.0	0.0
GSM4138110_HNSCC_1_PBMC_CGGCTAGTCAGAGACG	55.30584446833585	115.37016494688608	34.25909880832078	0.0	45.77667142906622	2.657994756367377	57.84833441411569	20.824709573650242	0.0	0.0	0.0	0.0	19.402052723484815	0.0	0.0	0.0	0.0	0.0	0.0	0.0	0.0	0.0	0.0	0.0	0.0	0.0	0.0
GSM4138110_HNSCC_1_PBMC_CGGCTAGTCCTAAGTG	181.30259082151332	32.22647987058406	78.04015261126366	7.83998942705793	0.0	0.0	0.0	0.0	54.2686326166991	0.0	0.0	0.0	30.35696795440093	0.0	0.0	0.0	12.79090491841394	7.1687916982210504	0.0	0.0	90.68999190073515	0.0	0.0	0.0	0.0	0.0	0.0
GSM4138110_HNSCC_1_PBMC_CGTAGCGAGAAGGGTA	84.48997547511881	71.62789145615032	96.82308658370457	33.43251949305581	123.46892475923583	42.62632682926477	0.0	22.069949280523552	0.0	0.0	0.0	0.0	0.0	0.0	0.0	0.0	0.0	0.0	0.0	0.0	0.0	0.0	0.0	0.0	0.0	0.0	0.0
GSM4138110_HNSCC_1_PBMC_CGTAGGCGTGGTAACG	54.816538856666554	45.92029528546714	94.78172692470021	14.577966126749715	0.0	0.0	0.0	17.015344485703032	0.0	0.0	32.51164508258905	0.0	0.0	0.0	0.0	0.0	0.0	0.0	0.0	0.0	81.01264226155283	0.0	0.0	0.0	0.0	0.0	0.0
GSM4138110_HNSCC_1_PBMC_CGTCACTTCAAACCGT	92.32787988170534	50.38338758011384	108.52310819971925	0.0	65.89084877767885	0.0	46.20671756174171	41.92058090396716	0.0	0.0	38.79656456288992	0.0	0.0	0.0	0.0	0.0	0.0	0.0	0.0	0.0	0.0	0.0	0.0	0.0	0.0	9.100501720620983	0.0
GSM4138110_HNSCC_1_PBMC_CGTCCATAGCAGCGTA	45.95252086599316	42.92887752758096	7.984687714660237	0.0	0.0	0.0	0.0	0.0	14.298685134361511	0.0	60.20116338556678	0.0	0.0	0.0	62.5385877826408	0.0	15.069360776597529	0.0	0.0	0.0	0.0	0.0	0.0	0.0	0.0	0.0	0.0
GSM4138110_HNSCC_1_PBMC_CGTGTAAAGGTGTGGT	89.65425239108804	69.68595033884543	104.43409115266697	56.833985777851076	24.571083756047706	68.96682204379162	14.082139674583535	8.514653691069842	0.0	0.0	0.0	20.35324652225855	0.0	0.0	16.048982150304496	0.0	0.0	6.854436695493963	0.0	0.0	0.0	0.0	0.0	0.0	0.0	0.0	0.0
GSM4138110_HNSCC_1_PBMC_CGTTGGGCAGGCGATA	94.89783194187791	68.06422772393805	36.13248235839355	50.44346953820495	40.409801565953785	0.0	0.0	36.28073573983477	0.0	0.0	44.85480472177205	0.0	0.0	0.0	0.0	0.0	0.0	0.0	0.0	0.0	0.0	0.0	0.0	0.0	0.0	0.0	0.0
GSM4138110_HNSCC_1_PBMC_CTACACCGTAGCTTGT	43.64064096956625	48.12097669541132	57.94643771148451	42.81206154886834	0.0	39.54971977908119	0.0	24.373258152958016	0.0	0.0	0.0	0.0	0.0	81.73290170693281	0.0	0.0	0.0	0.0	0.0	0.0	0.0	0.0	0.0	0.0	0.0	0.0	0.0
GSM4138110_HNSCC_1_PBMC_CTACGTCAGTGGGATC	92.59313286649392	99.28376316057637	83.04968070392252	0.0	23.06286540516937	0.0	12.95245541185594	0.0	0.0	0.0	76.30162056502502	0.0	0.0	0.0	0.0	0.0	28.70241214458739	0.0	0.0	0.0	0.0	0.0	0.0	0.0	0.0	0.0	0.0
GSM4138110_HNSCC_1_PBMC_CTACGTCTCCACGAAT	35.93901868949118	44.862249164791855	31.508885040707703	26.254807109052727	0.0	49.95567630343332	0.0	12.841103099600096	0.0	0.0	0.0	0.0	0.0	0.0	0.0	0.0	0.0	0.0	60.90281351180464	0.0	0.0	0.0	0.0	0.0	0.0	0.0	0.0
GSM4138110_HNSCC_1_PBMC_CTAGCCTAGCCAACAG	66.92157188043461	90.11273313625156	66.34593684130348	60.39935623837612	0.0	0.0	0.0	33.67660240793318	0.0	33.27026472156877	0.0	0.0	0.0	0.0	0.0	0.0	0.0	0.0	0.0	37.87776582171478	0.0	0.0	0.0	0.0	0.0	0.0	0.0
GSM4138110_HNSCC_1_PBMC_CTCAGAATCGAATGGG	87.79605007417818	68.70755787168308	76.84689684226693	82.53870300328718	0.0	37.90689956924973	0.0	0.0	0.0	0.0	19.09887696254283	95.3136375604632	0.0	0.0	0.0	0.0	43.71023559995067	0.0	0.0	0.0	0.0	0.0	0.0	0.0	0.0	0.0	0.0
GSM4138110_HNSCC_1_PBMC_CTCCTAGCAAGTCTGT	129.97044040982922	51.24550617779572	95.79600914828637	68.42278454569076	41.89644551583677	0.0	0.0	0.0	0.0	0.0	45.97575705394211	0.0	0.0	0.0	0.0	0.0	43.50566409091879	0.0	0.0	0.0	0.0	0.0	0.0	0.0	0.0	0.0	0.0
GSM4138110_HNSCC_1_PBMC_CTCGGAGAGCAGGTCA	101.50657629653796	94.18621606199099	87.512519583547	0.0	64.72638310450805	16.211466064213766	35.4726125710605	31.14527442598449	0.0	0.0	48.203853884239784	0.0	0.0	0.0	0.0	0.0	0.0	0.0	0.0	0.0	0.0	0.0	0.0	0.0	0.0	0.0	0.0
GSM4138110_HNSCC_1_PBMC_CTCGTACTCAGCAACT	73.88640991276093	133.33243094972877	95.48790202421198	0.0	87.82574381351112	0.0	116.83406922591489	0.0	0.0	15.847128681565616	0.0	0.0	14.59505877493606	0.0	0.0	0.0	45.55558249541627	0.0	0.0	0.0	0.0	0.0	0.0	0.0	0.0	0.0	0.0
GSM4138110_HNSCC_1_PBMC_CTCGTCAAGCTCTCGG	138.9060956065838	179.48425583476453	93.61531555320914	19.038119494495167	152.4691777212967	0.0	0.0	58.7431890173301	0.0	0.0	0.0	0.0	72.76580054396871	0.0	0.0	0.0	0.0	0.0	0.0	0.0	0.0	0.0	0.0	0.0	0.0	0.0	0.0
GSM4138110_HNSCC_1_PBMC_CTCTACGCAGATCGGA	29.333016905669258	39.016040419005215	47.755651917315696	34.49069116449954	0.0	0.0	0.0	12.828731621436814	0.0	0.0	0.0	0.0	42.556677235921015	24.417123888513135	0.0	0.0	0.0	0.0	0.0	0.0	0.0	0.0	0.0	0.0	0.0	0.0	0.0
GSM4138110_HNSCC_1_PBMC_CTCTGGTAGACAGGCT	32.86944175593429	27.5592710160911	57.12861792741287	0.0	77.09617198198109	0.0	58.19736496534436	0.0	0.0	0.0	0.0	0.0	36.002159715403295	0.0	0.0	0.0	0.0	8.452141403086005	0.0	0.0	0.0	0.0	0.0	0.0	0.0	0.0	0.0
GSM4138110_HNSCC_1_PBMC_CTCTGGTCACAGCCCA	130.86218629399065	85.9524133653594	69.41005638097096	0.0	0.0	0.0	0.0	19.739703924546763	0.0	0.0	51.67523894790532	0.0	0.0	0.0	105.77102870813066	42.23875096065237	0.0	0.0	0.0	0.0	0.0	0.0	0.0	0.0	0.0	0.0	0.0
GSM4138110_HNSCC_1_PBMC_CTGAAACCAGCCTTGG	53.437442984483525	65.70781644965982	140.52139977807406	35.868639445057205	0.0	0.0	0.0	83.37031176986683	5.355396212389404	0.0	0.0	0.0	0.0	0.0	0.0	0.0	0.0	0.0	0.0	46.69715733062762	0.0	0.0	0.0	0.0	0.0	0.0	0.0
GSM4138110_HNSCC_1_PBMC_CTGAAACCAGTATGCT	75.6742118490647	35.98091085645366	37.07851006101612	0.0	86.05724571023943	32.019792163846084	85.72736574692735	0.0	0.0	0.0	0.0	0.0	20.490153639488465	0.0	0.0	0.0	33.249755354189006	0.0	0.0	0.0	0.0	0.0	0.0	0.0	0.0	0.0	0.0
GSM4138110_HNSCC_1_PBMC_CTGAAGTCAGCTGCTG	110.23305321860029	39.131060375103836	39.3595904100584	0.0	63.65592530584931	23.743028357453245	0.0	0.0	67.13899737614133	0.0	0.0	0.0	12.222597740492063	0.0	0.0	0.0	0.0	22.43171186754135	0.0	0.0	0.0	0.0	0.0	0.0	0.0	0.0	0.0
GSM4138110_HNSCC_1_PBMC_CTGAAGTGTTCTCATT	77.32024527005233	55.04207537780453	29.40317417086101	0.0	25.664116677647613	0.0	0.0	0.0	0.0	0.0	0.0	0.0	138.59722723822912	0.0	0.0	18.193842416315594	0.0	19.848814437791674	0.0	0.0	0.0	0.0	0.0	0.0	0.0	0.0	0.0
GSM4138110_HNSCC_1_PBMC_CTGTTTACAAAGGTGC	79.06030132554869	77.88048045727284	74.03363548648093	0.0	0.0	0.0	0.0	0.0	34.748849856727226	34.645421360357766	0.0	48.04453627091027	0.0	0.0	0.0	0.0	24.01031364680298	0.0	0.0	0.0	0.0	0.0	0.0	0.0	0.0	0.0	0.0
GSM4138110_HNSCC_1_PBMC_CTTAACTGTGACGCCT	46.09954762871055	61.42403036313381	16.162615461617243	36.21755659694125	0.0	0.0	0.0	13.937903471496648	0.0	0.0	0.0	0.0	0.0	80.95212482596993	0.0	0.0	0.0	0.0	0.0	0.0	0.0	0.0	45.90684761459579	0.0	5.109592642660486	0.0	0.0
GSM4138110_HNSCC_1_PBMC_CTTAGGAAGGTGATTA	164.46389903879367	106.80262773596051	166.23165802670945	151.784236778899	0.0	93.79267174388968	0.0	0.0	0.0	0.0	16.138324275222047	0.0	0.0	127.71234873372623	0.0	0.0	0.0	34.16646376107313	0.0	0.0	0.0	0.0	0.0	0.0	0.0	0.0	0.0
GSM4138110_HNSCC_1_PBMC_CTTAGGACAGAGTGTG	76.4203241528945	56.28278928890137	66.76730666021156	0.0	42.30354975143357	0.0	0.0	0.0	48.3021352022635	0.0	19.751125469450848	0.0	0.0	0.0	0.0	0.0	0.0	12.2712746701276	0.0	0.0	0.0	0.0	0.0	0.0	0.0	0.0	0.0
GSM4138110_HNSCC_1_PBMC_CTTGGCTCAAAGCGGT	107.7973553070532	74.53231246381762	88.05957884690359	0.0	0.0	59.49212584218551	0.0	39.99490862911287	0.0	0.0	0.0	69.85034868905578	0.0	0.0	5.043001688647054	51.150345558407736	0.0	0.0	0.0	17.981117383165355	0.0	0.0	0.0	0.0	0.0	0.0	0.0
GSM4138110_HNSCC_1_PBMC_GAAACTCGTCTTCTCG	152.94041207976844	107.48980662157503	58.3716010932139	0.0	0.0	0.0	0.0	0.0	129.58438214865396	0.0	0.0	20.212725844428704	72.58448308141733	0.0	0.0	0.0	0.0	24.013205070935186	0.0	0.0	11.44628156402886	0.0	0.0	40.907407599266385	0.0	0.0	0.0
GSM4138110_HNSCC_1_PBMC_GAAATGAAGAGCAATT	49.2038326902633	49.41479461677607	29.747234927507716	34.78260381885541	40.315729109037186	0.0	0.0	17.450911041881678	0.0	0.0	32.59099913588671	0.0	0.0	0.0	0.0	0.0	0.0	0.0	0.0	0.0	0.0	0.0	0.0	0.0	0.0	0.0	0.0
GSM4138110_HNSCC_1_PBMC_GAACATCTCGGTTAAC	86.7459389148725	65.67728285966574	41.51186506025606	0.0	0.0	33.02818525821005	0.0	17.606821700238456	50.63689001397203	0.0	0.0	0.0	0.0	0.0	0.0	0.0	0.0	3.7158575908170697	0.0	48.664972511245104	0.0	11.387966852716847	0.0	0.0	0.0	0.0	0.0
GSM4138110_HNSCC_1_PBMC_GAACCTATCGGCCGAT	83.02235096168323	88.80047831518915	45.569354183766755	0.0	0.0	4.307157476765709	0.0	0.0	78.82198641266535	0.0	0.0	0.0	0.0	0.0	0.0	0.0	6.105252243038279	0.0	22.66065114145839	24.66425499940229	0.0	0.0	0.0	7.326125477419406	16.62589322949256	0.0	0.0
GSM4138110_HNSCC_1_PBMC_GAATGAAGTTGGACCC	37.36678303001676	57.45992125982776	40.06290234833627	0.0	0.0	0.0	0.0	0.0	0.0	0.0	32.49084243861426	27.984194984286358	0.0	0.0	0.0	44.43590136484716	4.3751357776949655	0.0	0.0	0.0	0.0	0.0	0.0	0.0	0.0	0.0	0.0
GSM4138110_HNSCC_1_PBMC_GACAGAGAGAGCCTAG	72.72793446493112	40.710252371199445	45.689111797332195	0.0	0.0	0.0	0.0	14.666001123455723	31.070707943154606	0.32001440642431356	6.518259872352227	0.0	0.0	7.9160706866322945	0.0	0.0	0.0	0.0	0.0	0.0	31.95038987300223	0.0	0.0	0.0	0.0	0.0	0.0
GSM4138110_HNSCC_1_PBMC_GACTAACAGGCAGGTT	68.1284023117246	84.2235629828953	52.80649652663344	25.00796377653886	0.0	0.0	85.05292267975273	60.382711883959615	0.0	0.0	101.46603960197427	0.0	0.0	0.0	0.0	0.0	0.0	0.0	0.0	0.0	101.96448606177452	2.2635763149625885	0.0	0.0	0.0	0.0	0.0
GSM4138110_HNSCC_1_PBMC_GACTGCGGTATCTGCA	86.22629503696155	34.23127152344519	24.340780073926165	43.78190333785945	18.997169186594036	0.0	0.0	0.0	0.0	19.06138632521941	42.41581524551764	0.0	0.0	0.0	0.0	0.0	65.8473905854287	0.0	0.0	15.824266278664807	0.0	0.0	0.0	0.0	0.0	0.0	0.0
GSM4138110_HNSCC_1_PBMC_GACTGCGTCTAAGCCA	79.38705654551151	82.47487474457864	67.64833378890039	0.0	61.95756309057258	0.0	100.43410458363897	0.0	0.0	0.0	0.0	0.0	98.34238606491823	0.0	0.0	0.0	15.446981809220102	0.0	0.0	0.0	0.0	0.0	0.0	0.0	0.0	0.0	0.0
GSM4138110_HNSCC_1_PBMC_GATCGATGTGCTGTAT	159.91553199220078	109.89925786540034	62.94386146505456	7.438194110240105	51.362358698947055	81.0797144185956	0.0	0.0	35.84833799342287	0.0	0.0	0.0	0.0	0.0	0.0	0.0	0.0	20.548705252468746	0.0	0.0	0.0	0.0	0.0	0.0	0.0	0.0	0.0
GSM4138110_HNSCC_1_PBMC_GATCTAGAGGGCTCTC	78.46111100744008	75.31116973415926	83.4632466922379	0.0	0.0	0.0	0.0	14.5245052532683	49.08659009084218	0.0	0.0	0.0	4.723110522069604	0.0	4.404964546970208	0.0	0.0	0.0	7.1893184633936364	0.0	0.0	0.0	0.0	33.9286860123562	0.0	0.0	0.0
GSM4138110_HNSCC_1_PBMC_GATCTAGCAAACCTAC	99.19967570469694	97.7968123490935	59.58163059734969	85.6112332670575	0.9351118493324174	94.02377386457862	0.0	0.0	0.0	0.0	0.0	48.32278284885477	0.0	0.0	0.0	0.0	0.0	27.864381480579492	0.0	0.0	20.422884350724974	0.0	0.0	0.0	0.0	0.0	0.0
GSM4138110_HNSCC_1_PBMC_GATGAAAAGAAGGGTA	49.991482999443676	37.10377118509553	24.632324892495223	0.0	0.0	37.07921987070364	36.26005790641573	38.80328672429401	0.0	0.0	0.0	0.0	0.0	0.0	0.0	0.0	0.0	0.0	25.873181006640003	26.478919651975744	0.0	0.0	0.0	0.0	0.0	0.0	0.0
GSM4138110_HNSCC_1_PBMC_GATGCTAGTATGGTTC	88.74791323036816	69.92291592479646	40.52776030629954	0.0	94.29043602708258	44.525025213388	21.845323640116487	0.0	0.0	0.0	0.0	0.0	0.0	0.0	0.0	0.0	11.73245104843981	0.0	0.0	0.0	0.0	0.0	24.743241788739695	0.0	0.0	0.0	0.0
GSM4138110_HNSCC_1_PBMC_GATTCAGAGCTATGCT	125.99509182007081	90.59073727169388	32.796417350977876	0.0	141.999687588389	35.792548955136354	77.4781402672987	0.0	0.0	0.0	0.0	0.0	0.0	0.0	0.0	0.0	32.458412513651304	0.0	0.0	0.0	0.0	0.0	0.0	0.0	0.0	0.0	0.0
GSM4138110_HNSCC_1_PBMC_GCACATACATGAACCT	109.40867500471467	49.59527292157958	109.53950857490965	44.060944316513414	72.93293634500117	20.724097190978597	0.0	20.894119948149275	0.0	0.0	0.0	0.0	26.711697062787422	0.0	0.0	0.0	0.0	0.0	0.0	0.0	0.0	0.0	0.0	0.0	0.0	0.0	0.0
GSM4138110_HNSCC_1_PBMC_GCACATAGTCTTCTCG	108.06262708560813	61.141326158584334	55.72047627825588	0.0	84.28067088085284	77.04012450819069	0.0	32.88503493573622	2.7080504075104	0.0	0.0	0.0	0.0	0.0	0.0	0.0	0.0	0.0	0.0	0.0	0.0	26.31549970803304	0.0	0.0	0.0	0.0	0.0
GSM4138110_HNSCC_1_PBMC_GCAGTTATCCTACAGA	50.095307951239185	10.805378354674371	48.90205568588328	41.21771452955198	40.495360303774184	11.385668703594353	12.24056470531958	16.401131464986435	0.0	0.0	6.2005739037362675	0.0	0.0	0.0	0.0	0.0	0.0	0.0	0.0	0.0	0.0	0.0	0.0	0.0	0.0	0.0	0.0
GSM4138110_HNSCC_1_PBMC_GCATACAAGACACGAC	109.62876991935074	110.34068035038032	72.88533543442539	0.0	83.75480684194054	0.0	80.19577281789566	0.0	0.0	0.0	112.8495070619685	0.0	0.0	0.0	0.0	0.0	72.6789304787146	0.0	0.0	0.0	0.0	0.0	0.0	0.0	0.0	0.0	0.0
GSM4138110_HNSCC_1_PBMC_GCATGTATCTCATTCA	71.03958545426983	41.86589657162826	14.161043246096067	0.0	47.9579362823522	0.0	30.146688297216272	0.0	0.0	0.0	43.945862114693035	0.0	0.0	0.0	0.0	0.0	16.863251845406804	0.0	0.0	0.0	0.0	0.0	0.0	0.0	0.0	0.0	0.0
GSM4138110_HNSCC_1_PBMC_GCGAGAATCTATCCTA	59.26811188849396	72.39377441395752	85.39526006073098	0.0	0.0	0.0	0.0	15.23477245556177	18.924331540040455	30.012567226396627	4.820351735617614	0.0	0.0	0.0	0.0	19.395132789876975	0.0	0.0	0.0	0.0	0.0	0.0	0.0	43.52619844254144	0.0	0.0	0.0
GSM4138110_HNSCC_1_PBMC_GCGCAACCAGTACACT	72.22667647386452	46.42406182767312	64.5477244267958	0.0	38.43987161908689	2.086566893846695	26.211017460335928	22.955748606933827	0.0	0.0	42.55934121255255	0.0	0.0	0.0	0.0	0.0	0.0	0.0	0.0	0.0	0.0	0.0	0.0	0.0	0.0	0.0	0.0
GSM4138110_HNSCC_1_PBMC_GCGCAACTCACCGTAA	103.80660755589336	32.0099466763569	28.632475855702786	105.24946220462692	0.0	13.375914673564658	0.0	0.0	0.0	0.0	0.0	0.0	0.0	0.0	0.0	0.0	0.0	21.97382979239407	0.0	0.0	55.946561891894746	0.0	0.0	0.0	0.0	0.0	0.0
GSM4138110_HNSCC_1_PBMC_GCGGGTTTCTGTACGA	95.14575756361766	59.26548993669621	101.57908389540187	32.79867302138499	0.0	0.0	0.0	24.151651429178763	0.0	0.0	56.93605297172066	0.0	0.0	66.45354319107223	11.568038941971027	0.0	0.0	0.0	0.0	0.0	0.0	0.0	0.0	0.0	0.0	0.0	0.0
GSM4138110_HNSCC_1_PBMC_GCTGCAGCACAACGCC	66.81262403077213	55.86012362903811	63.76363768558726	0.0	62.98385083559642	0.0	2.2889112019853544	0.0	0.0	45.72977217434094	0.0	0.0	13.259439323737322	0.0	0.0	0.0	0.0	16.498037758464285	0.0	0.0	0.0	0.0	0.0	0.0	0.0	0.0	0.0
GSM4138110_HNSCC_1_PBMC_GGAACTTCAACTGGCC	69.82640496925865	83.10428584886648	44.12056282597255	28.909503113873807	0.0	0.0	0.0	0.0	12.46780763604467	61.72270937070272	0.0	0.0	0.0	0.0	0.0	0.0	13.623650249267122	0.0	0.0	0.0	102.99242422932751	0.0	0.0	0.0	0.0	0.0	0.0
GSM4138110_HNSCC_1_PBMC_GGAATAAAGAACAATC	58.207975902433766	48.50150604393663	25.5618165760021	0.0	0.0	60.49023124512948	0.0	12.20890949099577	14.753667159410996	0.0	0.0	0.0	0.0	0.0	66.99761703696764	25.911401494714536	0.0	0.0	0.0	0.0	0.0	0.0	0.0	0.0	0.0	0.0	0.0
GSM4138110_HNSCC_1_PBMC_GGACATTCACGGTTTA	76.46235524422845	64.7154670809606	29.299489428285373	0.0	86.94956688806606	0.0	0.0	0.0	38.934461638834016	8.129063435672494	35.55216975017876	0.0	0.0	0.0	0.0	0.0	0.0	23.86565275209333	0.0	0.0	0.0	0.0	0.0	0.0	0.0	0.0	0.0
GSM4138110_HNSCC_1_PBMC_GGCTCGATCCGCGTTT	38.961791613356226	32.712918153163834	181.35247721157262	0.0	27.042926227298825	0.0	0.0	0.0	29.02811227657198	38.87723709000589	0.0	0.0	0.0	0.0	0.0	0.0	47.367381081720225	0.0	0.0	0.0	0.0	0.0	0.0	0.0	0.0	0.0	0.0
GSM4138110_HNSCC_1_PBMC_GGGACCTAGCCAGGAT	79.20139864336433	72.21639281753782	50.479437745207065	47.24235602988349	62.31055150311941	0.0	0.0	0.0	0.0	36.80676044143069	0.0	0.0	0.0	0.0	0.0	0.0	13.208254590674727	0.0	0.0	0.0	0.0	0.0	0.0	0.0	0.0	0.0	0.0
GSM4138110_HNSCC_1_PBMC_GGGACCTCAGTCACTA	98.02286536475765	83.11147399816787	84.76030269877002	0.0	0.0	0.0	0.0	35.62451806907505	0.0	0.0	110.46098950418111	47.23138538361168	0.0	0.0	6.292392313866705	116.40206257519161	0.0	0.0	0.0	83.31604131463915	0.0	7.987052995567802	0.0	0.0	0.0	0.0	0.0
GSM4138110_HNSCC_1_PBMC_GGGAGATGTGTGCGTC	76.95873917702365	40.78206884399027	47.72007026978216	30.382651916815064	0.0	0.0	0.0	16.61424694519985	0.0	30.459033765467815	0.0	0.0	0.0	0.0	0.0	0.0	0.0	0.0	0.0	76.14634787264214	0.0	0.0	0.0	0.0	0.0	0.0	0.0
GSM4138110_HNSCC_1_PBMC_GGGAGATTCACGATGT	40.56516246001285	81.309708023346	50.832413237275	31.16077370743624	24.60090239701524	7.714504520704127	0.0	16.7552941624484	0.0	0.0	0.0	0.0	14.97095525066533	0.0	0.0	0.0	0.0	0.0	0.0	0.0	0.0	0.0	4.44964687378431	0.0	0.0	0.0	0.0
GSM4138110_HNSCC_1_PBMC_GGGTTGCGTCCGAAGA	107.49518315649317	70.39537447071059	99.04015589186957	47.46806761673346	50.811615945139536	72.94588786441065	0.0	29.77823633663311	0.0	0.0	0.0	0.0	0.0	0.0	0.0	0.0	0.0	23.988456727009275	0.0	0.0	0.0	0.0	0.0	0.0	0.0	0.0	0.0
GSM4138110_HNSCC_1_PBMC_GGTGAAGTCGCTTGTC	79.63828403145129	82.51307893762481	65.20228822823059	0.0	66.46673012555341	0.0	48.78394445462312	0.0	0.0	3.5368922620701104	41.31316973970622	0.0	0.0	0.0	0.0	0.0	23.268255194705095	0.0	0.0	0.0	0.0	0.0	0.0	0.0	0.0	0.0	0.0
GSM4138110_HNSCC_1_PBMC_GGTGTTACAAACGCGA	110.13672020492676	50.52742360001898	107.15793154604904	57.796832220128444	39.961384686295645	0.0	0.0	59.60732529124628	0.0	0.0	0.0	1.1948514968837676	57.441576940059	0.0	0.0	0.0	0.0	0.0	0.0	0.0	0.0	0.0	0.0	0.0	0.0	0.0	0.0
GSM4138110_HNSCC_1_PBMC_GTAACTGTCTTCGAGA	62.01069931137765	79.14601801723282	103.81945308661722	50.29973801572685	0.0	46.53247876961976	0.0	0.0	6.555199632133168	0.0	0.0	0.0	16.761520514599027	42.19290235153023	0.0	0.0	9.882626909870021	20.73483669849927	0.0	0.0	13.320573814389508	0.0	0.0	0.0	0.0	0.0	0.0
GSM4138110_HNSCC_1_PBMC_GTAGGCCAGGTGTGGT	79.992872489432	41.70721695641864	56.88194036261989	0.0	40.40090301608413	0.0	66.64027305062966	0.0	0.0	0.0	37.17768217337142	0.0	0.0	0.0	0.0	0.0	30.571050135096286	0.0	0.0	0.0	0.0	0.0	0.0	0.0	0.0	0.0	0.0
GSM4138110_HNSCC_1_PBMC_GTAGTCACAGATCCAT	71.84940867542191	54.84294535563823	56.011580328172194	64.37766023702737	74.68382565327335	39.832765742307416	0.0	9.117867789517714	0.0	0.0	0.0	0.0	0.0	0.0	0.0	0.0	5.267753161558718	0.0	0.0	0.0	0.0	0.0	0.0	0.0	0.0	0.0	0.0
GSM4138110_HNSCC_1_PBMC_GTAGTCAGTGGGTCAA	55.9997933184687	36.553820660932914	32.70410358148089	0.0	46.89400053740623	0.0	0.0	17.526709969187657	29.922196515684643	41.75755794843239	5.0996879740818075	0.0	0.0	0.0	0.0	0.0	0.0	4.270633781087619	0.0	0.0	0.0	0.0	0.0	0.0	0.0	0.0	0.0
GSM4138110_HNSCC_1_PBMC_GTATTCTAGGGTTTCT	119.22838351294985	73.4312684297685	88.51861235118061	0.0	4.7042382199801525	41.41557424540045	0.0	26.17420752940668	68.9248045442907	0.0	0.0	0.0	0.0	0.0	0.0	42.24368761859252	0.0	0.0	0.0	28.872426011864157	0.0	0.0	0.0	0.0	0.0	0.0	0.0
GSM4138110_HNSCC_1_PBMC_GTATTCTTCCAAACTG	87.60938106173596	70.68848472005799	94.97046916842937	0.0	0.0	0.0	55.56946371331466	22.175574623014693	0.0	0.0	79.1985619685316	75.29655922699726	0.0	0.0	0.0	0.0	0.0	0.0	0.0	0.0	0.0	0.0	0.0	0.0	0.0	0.0	0.0
GSM4138110_HNSCC_1_PBMC_GTCGTAACAGGAACGT	64.15298915468317	51.50253606223924	68.8770209076728	0.0	35.503524579771465	11.344685667615401	0.0	0.0	62.88032648303564	0.0	0.0	0.0	16.0336561056897	0.0	0.0	0.0	0.0	25.813142996779206	0.0	0.0	0.0	19.164772500502817	0.0	0.0	0.0	0.0	0.0
GSM4138110_HNSCC_1_PBMC_GTCGTAAGTATGAAAC	69.17219279463285	41.65268729311173	48.280846120683556	19.332318691001255	0.0	35.015009766975865	0.0	0.0	0.0	0.0	0.0	0.0	0.0	11.255639961884762	0.0	0.0	0.0	17.999626980130472	13.951816628754646	23.942083495145592	0.0	0.0	0.0	0.0	0.0	0.0	13.560758395331694
GSM4138110_HNSCC_1_PBMC_GTCTCGTGTACGCACC	94.0122602388987	101.1482927729582	38.93767636222558	74.78107728979981	0.0	0.0	0.0	0.0	0.0	0.0	19.598949538862772	17.160224850705497	0.0	0.0	0.0	0.0	0.0	12.066622936086388	0.0	0.0	0.0	0.0	0.0	0.0	0.0	0.0	0.0
GSM4138110_HNSCC_1_PBMC_GTGGGTCAGAATGTGT	74.1914299681608	30.940734387725822	20.116755190746872	33.1932888790712	0.0	73.4987495869551	0.0	21.338349533006994	0.0	0.0	7.220348335719883	0.0	0.0	0.0	0.0	0.0	0.0	0.0	0.0	0.0	0.0	0.0	0.0	0.0	0.0	0.0	32.06423964115993
GSM4138110_HNSCC_1_PBMC_GTTCATTGTAGCTGCC	89.70119589580707	60.607317940784796	68.34735371216138	0.0	109.38474538142007	0.0	0.0	0.0	68.17181356126784	0.0	0.0	0.0	0.0	0.0	0.0	0.0	26.312263313887158	0.0	0.0	0.0	0.0	0.0	87.3575318705906	0.0	0.0	0.0	0.0
GSM4138110_HNSCC_1_PBMC_GTTCATTTCCGCGGTA	89.76262725234886	61.93630690460158	83.64005897008876	53.64109885037393	0.0	46.37722211819945	0.0	0.0	0.0	0.0	0.0	0.0	0.0	79.1899615196558	0.0	0.0	0.0	33.13594350064368	0.0	0.0	0.0	0.0	0.0	0.0	0.0	0.0	0.0
GSM4138110_HNSCC_1_PBMC_GTTCTCGCACTATCTT	77.03784777577	61.997796397493936	68.29010391256136	0.0	38.39942636484717	0.0	0.0	15.340816574259227	0.0	41.8930603898031	17.70112414834375	0.0	0.0	0.0	0.0	0.0	0.0	0.0	0.0	0.0	0.0	36.622367839062456	0.0	0.0	0.0	0.0	0.0
GSM4138110_HNSCC_1_PBMC_GTTCTCGTCAGAGACG	108.96962386755762	43.86414226382045	30.5581626878573	89.18498485608998	44.26027600514826	46.770434292497384	0.0	0.0	0.0	0.0	0.0	0.0	0.0	0.0	0.0	0.0	8.325794595649233	8.23202490037063	0.0	0.0	0.0	0.0	0.0	0.0	0.0	0.0	0.0
GSM4138110_HNSCC_1_PBMC_TAAGCGTAGGTGCTTT	156.31292371531825	91.17425167438543	204.91824560745616	0.0	104.31135577118201	63.34602486409205	145.35046539763215	31.299205947738358	0.0	0.0	0.0	0.0	0.0	0.0	0.0	0.0	0.0	0.0	0.0	0.0	0.0	0.0	0.0	0.0	0.0	0.0	0.0
GSM4138110_HNSCC_1_PBMC_TACAGTGGTCATCGGC	116.90488673394798	70.95224897088502	114.35929326396823	0.0	110.00188031331976	0.0	86.9369172894944	0.0	0.0	42.310033016674296	0.0	0.0	0.0	0.0	0.0	0.0	0.0	49.78391819507619	0.0	0.0	0.0	0.0	0.0	0.0	0.0	0.0	0.0
GSM4138110_HNSCC_1_PBMC_TACCTTATCACGATGT	78.11747781735095	110.02556662725948	68.71148473465128	0.0	20.194053412866182	0.0	87.87652806028332	0.0	0.0	0.0	55.746777075199425	19.43272055122248	0.0	0.0	30.544244142144283	0.0	0.0	43.731993668803234	0.0	0.0	0.0	0.0	0.0	0.0	0.0	0.0	0.0
GSM4138110_HNSCC_1_PBMC_TACGGATTCTAACTTC	119.31170303001203	22.872721096669032	119.07909631285729	47.39931113878795	40.93137217329263	17.46606427027013	0.0	0.0	0.0	0.0	0.0	0.0	0.0	0.0	0.0	0.0	0.0	15.59133267940218	0.0	0.0	0.0	0.0	0.0	0.0	0.0	0.0	0.0
GSM4138110_HNSCC_1_PBMC_TACTTGTAGTCATCCA	100.83286431811511	29.503493624090005	84.14673964370574	0.0	0.0	0.0	0.0	28.05360095777595	62.947186097622385	7.314797781085085	0.0	0.0	25.215173723154358	74.59583587686652	0.0	29.682507481665183	0.0	0.0	0.0	0.0	0.0	0.0	0.0	0.0	0.0	0.0	0.0
GSM4138110_HNSCC_1_PBMC_TACTTGTTCAGAGCTT	94.32039581912576	53.07869444921638	48.9444231425674	31.99402586938018	94.6913824895443	0.0	0.0	0.0	0.0	51.71730090197006	77.9034557949138	0.0	0.0	0.0	0.0	0.0	0.0	21.67246203754526	0.0	0.0	0.0	0.0	0.0	0.0	0.0	0.0	0.0
GSM4138110_HNSCC_1_PBMC_TAGACCAGTCCGAGTC	82.07403786204836	66.39673662626487	70.91752388638349	83.21827072216237	0.0	0.0	0.0	0.0	0.0	0.0	0.0	78.44473430408834	43.349425351224724	0.0	0.0	0.0	19.85514231759505	0.0	0.0	0.0	0.0	0.0	0.0	0.0	0.0	0.0	0.0
GSM4138110_HNSCC_1_PBMC_TAGAGCTGTTCCCTTG	72.01367149350212	38.925116036685665	62.98843917957619	0.0	0.0	8.239822175554577	43.60532661838481	69.5317738089666	0.0	0.0	42.084515639095386	0.0	0.0	0.0	0.0	0.0	10.491211171364402	0.0	0.0	53.03639637551505	0.0	0.0	0.0	0.0	0.0	0.0	0.0
GSM4138110_HNSCC_1_PBMC_TATCTCACACGGCGTT	91.24991506299843	76.47172642820354	81.38684937586432	27.944689535191923	0.0	0.0	0.0	0.0	0.0	0.0	0.0	65.61260094730123	76.38920734688769	0.0	0.0	0.0	0.0	27.933847581245796	0.0	0.0	0.0	0.0	0.0	0.0	0.0	0.0	0.0
GSM4138110_HNSCC_1_PBMC_TATCTCATCAACGGGA	134.26805007327752	73.3245529734033	75.44208424307516	50.5838121195946	0.0	0.0	0.0	25.135887994500433	0.0	47.058568938033076	0.0	0.0	0.0	73.49958300919614	0.0	0.0	0.0	0.0	29.51528964941975	0.0	0.0	0.0	0.0	0.0	0.0	0.0	0.0
GSM4138110_HNSCC_1_PBMC_TCACGAATCTGTCCGT	115.25369478775721	54.47637426186574	53.40632716688197	0.0	0.0	0.0	60.448206392549274	40.55123210193124	0.0	29.838443810783293	0.0	0.0	9.405549234149769	35.88681674989264	0.0	0.0	0.0	0.0	43.643269173259675	9.972997537667801	0.0	0.0	0.0	0.0	0.0	0.0	0.0
GSM4138110_HNSCC_1_PBMC_TCAGATGTCCGCGTTT	69.95598650285314	69.1541007879652	95.9314959867955	53.269458115947984	0.0	0.0	0.0	21.937305294166922	0.0	0.0	28.80746812232555	45.15093644960682	0.0	0.0	0.0	0.0	5.415735443708462	0.0	0.0	0.0	0.0	0.0	0.0	0.0	0.0	0.0	0.0
GSM4138110_HNSCC_1_PBMC_TCAGCAAAGGCGCTCT	40.55651180191171	140.7511789130772	103.4168353096462	4.2658222063038	44.02943395018217	4.266984893690072	0.0	0.0	0.0	0.0	0.0	0.0	0.0	7.828553810855098	0.0	0.0	9.354875951377254	0.0	0.0	0.0	0.0	0.0	0.0	0.0	0.0	0.0	0.0
GSM4138110_HNSCC_1_PBMC_TCATTACAGCGCTCCA	147.33489010477714	40.841036350703334	82.41297213176628	0.0	0.0	0.0	0.0	0.0	30.771945339672353	0.0	47.878959297347144	55.82823623415663	0.0	0.0	0.0	0.0	13.864076144675506	0.0	0.0	20.594994532580532	0.0	0.0	0.0	0.0	0.0	0.0	0.0
GSM4138110_HNSCC_1_PBMC_TCCCGATAGTGGAGAA	52.55446823183122	58.059053713172794	42.9540219300181	0.0	53.3970352776712	0.334549883314213	12.115771227054193	0.0	0.0	0.0	0.0	0.0	0.0	0.0	0.0	4.906646632452864	20.89774808536826	0.0	0.0	0.0	0.0	0.0	12.515932562387322	0.0	0.0	0.0	0.0
GSM4138110_HNSCC_1_PBMC_TCGCGAGGTAGCACGA	100.56584475584971	93.5159170851721	75.77068418141688	0.0	0.0	0.0	0.0	32.11012285207523	101.36025774097081	59.6210074212864	0.0	0.0	0.0	96.97189940205332	0.0	0.0	0.0	0.0	0.0	0.0	0.0	0.0	0.0	0.0	0.0	0.0	0.0
GSM4138110_HNSCC_1_PBMC_TCGGGACTCAACGAAA	71.78529741854862	79.14555219982581	50.28869077942422	0.0	66.95009581880363	11.258317762095162	68.03509981515076	0.0	0.0	0.0	0.0	0.0	0.0	0.0	0.0	0.0	0.0	16.870638039856097	0.0	0.0	0.0	0.0	0.0	0.0	0.0	0.0	0.0
GSM4138110_HNSCC_1_PBMC_TCGGGACTCGAGAGCA	110.99132971179738	116.19148197286073	72.32536635958373	63.26753510834547	97.24182573618178	0.0	0.0	16.744639879928645	0.0	0.0	134.07089139930594	0.0	0.0	0.0	0.0	0.0	0.0	0.0	0.0	0.0	0.0	0.0	0.0	0.0	0.0	0.0	0.0
GSM4138110_HNSCC_1_PBMC_TCGGTAATCACTCTTA	58.2099849876036	64.01601924748189	76.79593555144295	35.66599191204393	0.0	0.0	0.0	0.0	0.0	0.0	0.0	0.0	34.7530323576955	0.0	90.26554307337038	0.0	0.35426510165120917	18.022627882924247	0.0	0.0	0.0	0.0	0.0	0.0	0.0	0.0	0.0
GSM4138110_HNSCC_1_PBMC_TCGTACCTCCGCAAGC	127.57177349843408	238.77432030636675	111.57070063504571	0.0	0.0	0.0	0.0	23.067975177765174	0.0	0.0	0.0	0.0	171.7057913155331	0.0	0.0	83.41293120555319	0.0	0.0	0.0	0.0	109.87534251417306	0.0	0.0	0.0	0.0	0.0	0.0
GSM4138110_HNSCC_1_PBMC_TCGTACCTCTGCCCTA	157.68955592875108	102.56620299697872	139.88546170334652	0.0	140.97539037404297	45.48918750177894	0.0	64.88220217999928	158.90893776484515	0.0	0.0	0.0	0.0	0.0	0.0	0.0	0.0	0.0	0.0	0.0	0.0	0.0	0.0	0.0	0.0	0.0	0.0
GSM4138110_HNSCC_1_PBMC_TCTATTGGTCTAAAGA	61.183698723971276	46.459871133056986	84.58061247059807	59.93005520691231	0.0	0.0	0.0	16.234641266833368	0.0	0.0	0.0	0.0	24.774755382915174	0.0	0.0	0.0	0.0	48.30612174977026	0.0	69.9358276047375	0.0	0.0	0.0	0.0	0.0	0.0	0.0
GSM4138110_HNSCC_1_PBMC_TCTATTGGTTGGTTTG	115.41705805486627	46.617770320357685	36.30818702916013	0.0	50.062777023770906	0.0	63.241162849297076	5.181811859988101	0.0	0.0	0.0	0.0	0.0	0.0	0.0	0.0	0.0	16.308280197272403	0.0	13.29462579389878	0.0	0.0	0.0	0.0	39.487622594565885	0.0	0.0
GSM4138110_HNSCC_1_PBMC_TCTATTGTCTGCAGTA	80.22853441647963	37.22257436553602	58.751388078764634	0.0	24.54010853204982	0.0	15.456094852452614	11.326312719373828	0.0	0.0	0.0	0.0	0.0	0.0	0.0	0.0	0.0	0.0	0.0	0.0	0.0	14.032273115350192	44.89157445767885	0.0	2.584469311274913	0.0	0.0
GSM4138110_HNSCC_1_PBMC_TCTGAGACAGATAATG	96.03173383047506	78.54506403925632	62.69679566024664	0.0	91.60370144954831	0.0	86.4687908285157	25.749176407106578	0.0	83.95627828921714	0.0	0.0	0.0	0.0	0.0	0.0	0.0	0.0	0.0	0.0	0.0	0.0	0.0	0.0	0.0	0.0	0.0
GSM4138110_HNSCC_1_PBMC_TCTGAGAGTAAGAGAG	97.25289384869632	58.65635989816576	62.71174170165623	0.0	0.0	45.93595716850558	59.08291596435583	0.0	0.0	0.0	0.0	0.0	0.0	0.0	7.207883496808271	0.0	10.611154143998306	0.0	46.76289591126361	0.0	0.0	0.0	0.0	0.0	0.0	0.0	0.0
GSM4138110_HNSCC_1_PBMC_TCTGAGATCCTTTCTC	76.58676164419005	53.732623264338784	67.35103219813128	0.0	94.73597431657441	23.817473211969702	38.91824151939836	0.0	0.0	0.0	12.20995286848825	0.0	3.6300269275595696	0.0	0.0	17.884444172644116	20.22229409075138	0.0	0.0	0.0	0.0	0.0	0.0	0.0	0.0	0.0	0.0
GSM4138110_HNSCC_1_PBMC_TCTGGAATCTCAAACG	71.8267852475436	54.32490126896176	41.007205049674	0.0	91.52590974235471	0.0	0.0	27.29597734783697	0.0	12.789399773139046	0.0	0.0	0.0	0.0	0.0	24.785456848677523	0.0	0.0	11.028825421842983	0.0	0.0	18.83941729897486	22.196079723027502	0.0	2.55615460005883	0.0	0.0
GSM4138110_HNSCC_1_PBMC_TCTTTCCAGTGGGCTA	70.26017999537392	55.6315823725257	60.089574880262866	0.0	93.91350712920257	0.0	59.756176959620085	0.0	0.0	34.71562897092121	0.0	0.0	0.0	0.0	0.0	0.0	0.0	29.619009763387094	0.0	0.0	0.0	0.0	0.0	0.0	0.0	0.0	0.0
GSM4138110_HNSCC_1_PBMC_TGAAAGACACTTCGAA	42.8533837391879	20.314754511016353	46.34979066788942	0.0	64.18977310986926	52.665485292023156	10.232905823159046	0.0	0.0	0.0	0.0	0.0	0.0	0.0	0.0	0.0	0.0	16.58830626705996	0.0	0.0	0.0	0.0	0.0	0.0	0.0	0.0	0.0
GSM4138110_HNSCC_1_PBMC_TGACAACGTTAAGGGC	88.05446426249287	98.39554192471098	141.66362121317374	15.492788743414213	89.86087833645952	10.365152102458874	0.0	0.0	59.32885868388721	0.0	0.0	0.0	36.796180951809056	0.0	0.0	0.0	45.314985886518485	0.0	0.0	0.0	0.0	0.0	0.0	0.0	0.0	0.0	0.0
GSM4138110_HNSCC_1_PBMC_TGACGGCAGCGCCTTG	79.95650670589632	34.65705915494089	59.947508331902625	24.296238374251566	119.23364443490237	32.658889689892206	0.0	45.61943585662326	6.018791477649695	0.0	0.0	0.0	0.0	0.0	0.0	0.0	0.0	0.0	0.0	27.709398784618852	0.0	42.15444172047648	0.0	0.0	0.0	0.0	0.0
GSM4138110_HNSCC_1_PBMC_TGACGGCGTTACGACT	98.11312326358683	48.90845726245109	65.483904136611	50.288385375131256	51.28432443305634	38.43340256766069	0.0	18.4743279275596	0.0	0.0	0.0	0.0	0.0	0.0	0.0	0.0	0.0	0.0	0.0	0.0	4.44863949920246	0.0	0.0	0.0	0.0	0.0	0.0
GSM4138110_HNSCC_1_PBMC_TGACGGCTCGGTTCGG	101.81874936886022	72.27802219045361	72.59881860135013	0.0	28.954607204040684	56.18638675062115	0.0	26.20356426172599	0.0	0.0	0.0	0.0	0.0	0.0	21.34278384196772	0.0	0.0	0.0	0.0	0.0	0.0	79.67788971283393	0.0	0.0	0.0	0.0	0.0
GSM4138110_HNSCC_1_PBMC_TGACTAGAGAACTGTA	36.04694127344703	36.10645451732121	24.779521860743746	1.0114180201680605	15.718341644406317	0.0	0.0	10.873433899575877	0.0	42.90397101810872	0.0	0.0	0.0	0.0	0.0	0.0	0.0	0.0	0.0	40.96946370591872	0.0	0.0	0.0	0.0	0.0	0.0	13.090480291960795
GSM4138110_HNSCC_1_PBMC_TGAGCATGTATTCTCT	183.49522287224727	211.14543983835878	233.6649814184911	0.0	129.754015086472	50.07204593240499	115.69142188973792	0.0	0.0	0.0	0.0	0.0	0.0	0.0	0.0	0.0	71.14277277486374	0.0	0.0	0.0	0.0	0.0	0.0	0.0	0.0	0.0	0.0
GSM4138110_HNSCC_1_PBMC_TGCACCTTCCAGGGCT	172.22798432312777	73.93997962768404	55.19262447480352	0.0	0.0	0.0	0.0	27.73184777346195	0.0	46.86284825216444	0.0	0.0	0.0	0.0	0.0	155.8838354131527	0.0	0.0	0.0	0.0	97.92019257570115	0.0	0.0	0.0	0.0	0.0	0.0
GSM4138110_HNSCC_1_PBMC_TGCCAAATCGCGGATC	113.49029854266182	39.14364499859138	61.45377565617261	0.0	66.85142256402577	0.0	82.31115852135557	0.0	0.0	17.32556307840271	0.0	0.0	0.0	0.0	12.085954338401633	0.0	55.607855985398764	0.0	0.0	0.0	0.0	0.0	0.0	0.0	0.0	0.0	0.0
GSM4138110_HNSCC_1_PBMC_TGCCAAATCTTCCTTC	43.874381637381205	50.730435357607774	68.41010219676284	0.0	0.0	17.892548460167934	0.0	14.256359070756536	0.0	0.0	20.645149671554975	0.0	0.0	0.0	0.0	0.0	0.0	0.0	0.0	0.0	42.511051274240565	76.65641976588587	0.0	0.0	0.0	0.0	0.0
GSM4138110_HNSCC_1_PBMC_TGCCCATGTGGTCCGT	71.6047043663938	58.36603338952148	87.79318160499605	0.0	3.797340065883214	0.0	0.0	9.022179913391293	0.0	0.0	0.0	0.0	47.18657628527147	10.328248638990358	0.0	38.15563697611917	0.0	0.0	0.0	0.0	32.45997019480302	0.0	0.0	0.0	0.0	0.0	0.0
GSM4138110_HNSCC_1_PBMC_TGCCCTACAAAGCAAT	90.74796915420252	64.13822569836046	66.99785929936166	47.57344927750645	0.0	0.0	0.0	32.89983974798433	0.0	25.509409268021635	0.0	80.25073898957451	40.462562212665965	0.0	0.0	0.0	0.0	0.0	0.0	0.0	0.0	0.0	0.0	0.0	0.0	0.0	0.0
GSM4138110_HNSCC_1_PBMC_TGCCCTAGTGTCGCTG	79.31557442593463	79.46648950319064	36.00900888448095	0.0	0.0	0.0	0.0	14.615939456426867	43.572485840439555	12.58439513490075	0.0	0.0	0.0	0.0	0.0	0.0	0.0	0.0	0.0	0.0	125.55172313282051	0.0	0.0	0.0	0.0	0.0	0.0
GSM4138110_HNSCC_1_PBMC_TGCGCAGAGGGCATGT	174.2525632200128	153.94708397615938	118.74450157098919	79.31389555746786	0.0	0.0	0.0	67.53838032502003	0.0	0.0	127.70837568244744	0.0	0.0	0.0	0.0	0.0	0.0	0.0	0.0	103.13118887633422	0.0	0.0	0.0	0.0	0.0	0.0	0.0
GSM4138110_HNSCC_1_PBMC_TGCTACCCACTACAGT	112.7718805126614	103.37021816721044	54.38289329203242	64.9196891576205	0.0	0.0	0.0	53.69025346017046	0.0	59.38396783668239	0.0	0.0	0.0	24.5668803364345	0.0	0.0	0.0	0.0	0.0	0.0	44.76669240410577	0.0	0.0	0.0	0.0	0.0	0.0
GSM4138110_HNSCC_1_PBMC_TGCTACCCATTACGAC	82.20659229252165	60.95953428121541	43.155680211123006	0.0	0.0	0.0	0.0	0.0	0.0	0.0	0.0	0.0	31.561641280746002	46.09057455601948	0.0	35.313417688213974	22.175717569162572	0.0	0.0	0.0	0.0	0.0	0.0	0.0	0.0	0.0	0.0
GSM4138110_HNSCC_1_PBMC_TGCTACCTCAACCAAC	65.93987051781541	119.00090052045967	52.89446678174952	28.974554307538455	28.17694447430844	0.0	0.0	0.0	0.0	0.0	54.22042715082161	0.0	0.0	0.0	0.0	0.0	16.729577779149505	0.0	0.0	0.0	1.0800448230997717	0.0	0.0	0.0	0.0	0.0	0.0
GSM4138110_HNSCC_1_PBMC_TGGACGCGTCATACTG	132.14442651094643	97.18557788146724	67.21818724355828	62.266643956319626	23.624156252633895	0.0	0.0	0.0	0.0	23.24620967738192	0.0	54.19618147642779	36.35441405181689	0.0	0.0	0.0	19.154106953530672	0.0	0.0	0.0	0.0	0.0	0.0	0.0	0.0	14.07260171116193	0.0
GSM4138110_HNSCC_1_PBMC_TGGCCAGTCCTTAATC	133.38122491800559	66.4675381765437	92.67220875941365	113.33991848039078	0.0	0.0	0.0	0.0	0.0	0.0	25.04625738644672	0.0	0.0	3.402929164990179	38.038690434727485	0.0	0.0	107.12537719683112	0.0	0.0	0.0	0.0	0.0	0.0	0.0	0.0	0.0
GSM4138110_HNSCC_1_PBMC_TGGCTGGCAGTCGATT	158.2344229770133	184.1604920210285	118.77956555192704	127.93190077421197	85.55324874190866	48.19337162460314	0.0	47.40965636925777	0.0	0.0	0.0	0.0	0.0	0.0	0.0	0.0	0.0	0.0	0.0	0.0	0.0	0.0	0.0	0.0	0.0	0.0	0.0
GSM4138110_HNSCC_1_PBMC_TGGGAAGCAATGGAGC	89.14760741168912	20.087817038019438	38.38339656402611	8.272709669558926	0.0	0.0	0.0	14.271671346811745	33.77327639490556	0.0	0.0	0.0	0.0	42.33189273469943	0.0	0.8180780866700414	0.0	0.0	0.0	0.0	0.0	0.0	0.0	0.0	30.32382553796173	0.0	0.0
GSM4138110_HNSCC_1_PBMC_TGGGCGTAGGGAGTAA	81.72678520008468	91.81000277603401	35.874408764273255	44.65984398400276	7.434779652887029	2.7732123385327565	0.0	28.874945740381932	0.0	18.217992941429518	0.0	0.0	0.0	43.047000750909746	0.0	0.0	0.0	0.0	0.0	0.0	0.0	0.0	0.0	0.0	0.0	0.0	0.0
GSM4138110_HNSCC_1_PBMC_TGGGCGTGTTCGCGAC	116.07017496847632	74.05432133031921	61.57100147725062	23.505890269850834	0.0	0.0	0.0	0.0	0.0	0.0	0.0	0.0	19.526893998769715	0.0	26.2601787274826	13.328285469004914	0.0	20.920125204738202	0.0	0.0	0.0	3.260047141537632	0.0	0.0	0.0	0.0	0.0
GSM4138110_HNSCC_1_PBMC_TGGGCGTTCAACTCTT	6.572663891204664	31.503134779147505	32.56369393018638	26.067896743166127	21.731757076467428	42.6383737672208	0.0	14.343243176781613	0.0	0.0	50.60465097578878	68.6823852066896	0.0	0.0	0.0	0.0	0.0	5.765019213088177	0.0	0.0	0.0	0.0	0.0	0.0	0.0	0.0	0.0
GSM4138110_HNSCC_1_PBMC_TGGTTAGGTAGAAAGG	71.05972993628605	40.593409132364506	46.206400402971376	63.53259871593658	0.0	33.16939399442647	0.0	0.0	0.0	0.0	0.0	39.32888247731944	0.0	0.0	0.0	0.0	0.0	11.094543972516439	0.0	0.0	0.0	0.0	0.0	0.0	0.0	0.0	0.0
GSM4138110_HNSCC_1_PBMC_TGGTTAGTCGTCCGTT	143.86750863772698	97.12731438374853	83.73824733294039	0.0	72.26356256488906	39.364535304631175	0.0	52.252781381757444	0.0	0.0	0.0	0.0	0.0	0.0	0.0	61.86981796573859	0.0	0.0	0.0	0.0	0.0	0.0	0.0	0.0	0.0	0.0	0.0
GSM4138110_HNSCC_1_PBMC_TTAACTCGTGTTCTTT	45.26381823390438	27.406426915275294	26.274288397759314	0.0	98.16592033503096	0.0	0.0	23.839174460834098	27.897511321062	0.0	0.0	0.0	0.0	0.0	0.0	5.232174740502779	0.0	0.0	0.0	0.0	0.0	0.0	16.3036992247678	0.0	0.0	50.187926446844486	0.0
GSM4138110_HNSCC_1_PBMC_TTAACTCGTTAGTGGG	175.64654870714907	77.96704866782915	51.69832554129106	0.0	0.0	0.0	0.0	19.288114687745928	95.0873933348096	40.51579297239073	5.177107109612948	0.0	0.0	0.0	99.29968170173355	0.0	3.37589632129412	0.0	0.0	0.0	0.0	0.0	0.0	0.0	0.0	0.0	0.0
GSM4138110_HNSCC_1_PBMC_TTAGGCATCATGTCCC	61.30629769426674	38.766274012210566	57.38462985800929	6.611349580419805	45.822899838816774	0.0	24.112010728493242	31.566939642171885	11.761619217056696	0.0	29.03180995240318	0.0	0.0	0.0	0.0	0.0	0.0	0.0	0.0	0.0	0.0	0.0	0.0	0.0	0.0	0.0	0.0
GSM4138110_HNSCC_1_PBMC_TTCTACAGTTGTGGAG	23.39128634410245	25.736849486867527	12.958378411951484	145.96617144061668	0.0	0.0	0.0	0.0	0.0	0.0	34.50802511555228	33.634956165057126	2.179751887969543	0.0	0.0	0.0	0.0	12.756860189410482	0.0	0.0	0.0	0.0	0.0	0.0	0.0	0.0	0.0
GSM4138110_HNSCC_1_PBMC_TTCTCAATCCTCTAGC	103.9467090545756	67.34339166082299	66.7461735181911	57.41927526686661	0.0	32.12561817751374	0.0	26.276857332276904	0.0	0.0	0.0	3.6069844798734394	0.0	0.0	0.0	0.0	0.0	0.0	0.0	0.0	74.55486447724718	0.0	18.23952627616416	28.057874752180815	0.0	0.0	0.0
GSM4138110_HNSCC_1_PBMC_TTCTCCTTCCCGACTT	56.37415880254859	77.8898713563687	29.792984867896312	0.0	23.294992371624115	0.0	0.0	0.0	43.741147079054535	0.0	0.0	0.0	0.0	0.0	0.0	5.81125798586202	35.95210183232315	0.0	0.0	0.0	0.0	0.0	0.0	0.0	0.0	32.53201141830738	0.0
GSM4138110_HNSCC_1_PBMC_TTGACTTCATGGAATA	81.64902763227127	49.01756299883947	57.56365651684832	69.49191461249742	66.21791567990797	0.0	0.0	0.0	0.0	0.0	0.0	0.0	51.57856963546728	0.0	0.0	0.0	14.42665910625983	0.0	0.0	0.0	0.0	0.0	0.0	0.0	0.0	0.0	0.0
GSM4138110_HNSCC_1_PBMC_TTGACTTTCAGGTAAA	101.56089495810461	83.98696099001289	48.79698429426597	0.0	0.0	0.0	0.0	0.0	8.709334199376427	51.31422001543557	0.0	60.0139374009871	0.0	0.0	0.0	37.94824564603948	0.0	15.536186261987279	0.0	0.0	0.0	0.0	0.0	0.0	0.0	0.0	0.0
GSM4138110_HNSCC_1_PBMC_TTGTAGGCAGCGTTCG	49.970183651140324	22.576318813945363	29.972974842383916	0.0	0.0	0.0	0.0	11.33748803180826	0.0	58.373726346037316	0.0	0.0	0.0	0.0	25.016256967855682	34.011265127888706	0.0	0.0	0.0	0.0	0.0	0.0	0.0	0.0	0.0	0.0	0.0
GSM4138110_HNSCC_1_PBMC_TTTACTGGTTCTGGTA	40.79810603612074	46.35192568540987	88.76298065338325	0.0	19.146603722794094	0.0	43.21576102975523	0.0	0.0	0.0	26.612360649438696	0.0	0.0	0.0	0.0	0.0	4.6366193823410695	0.0	0.0	0.0	0.0	0.0	0.0	0.0	0.0	0.0	0.0
GSM4138110_HNSCC_1_PBMC_TTTATGCGTTTGTGTG	48.615935502207854	41.96689507865458	51.1370758826217	0.0	0.0	0.0	41.91428456230594	16.06253656009409	0.0	0.0	18.520091122982226	0.0	0.0	0.0	0.0	0.0	0.0	0.0	0.0	0.0	55.90834475508359	0.0	0.0	0.0	0.0	0.0	0.0
GSM4138110_HNSCC_1_PBMC_TTTCCTCCAGATCCAT	98.06527405216038	46.755558484861695	152.2060739335791	31.13450041297358	0.0	0.0	0.0	12.330635965666133	0.0	0.0	0.0	14.269292183611409	50.054587720643106	0.0	0.0	7.938377086626714	0.0	0.0	0.0	0.0	0.0	0.0	0.0	25.36827017045465	0.0	0.0	0.0
GSM4138110_HNSCC_1_PBMC_TTTCCTCGTTCGCGAC	116.72978561306054	60.855678069118	60.29081784636829	0.0	0.0	0.0	0.0	0.0	77.30723049848375	43.432924532272594	0.0	46.27198612379642	0.0	0.0	0.0	30.411995317410266	6.812418147020317	14.58810374082742	0.0	0.0	0.0	0.0	0.0	71.79843524150641	0.0	0.0	0.0
GSM4138110_HNSCC_1_PBMC_TTTGCGCCACGAAATA	78.34775363618799	58.62680678706464	76.38425895122562	38.68024968380073	52.19264880646272	22.74901672453062	0.0	25.046184030160873	0.0	0.0	55.080645004074334	0.0	0.0	0.0	0.0	0.0	0.0	0.0	0.0	0.0	0.0	0.0	0.0	0.0	0.0	0.0	0.0
GSM4138110_HNSCC_1_PBMC_TTTGCGCGTTTCCACC	18.74352455109518	68.79309270089725	96.36137117316738	52.28075381982278	75.46806607738176	42.7102218389882	0.0	0.0	0.0	0.0	0.0	0.0	0.0	0.0	0.0	0.0	4.141182147634012	14.620790811890435	0.0	0.0	0.0	0.0	0.0	0.0	0.0	0.0	0.0
GSM4138110_HNSCC_1_PBMC_TTTGGTTAGAATTGTG	72.83991238113654	62.14774287777487	72.22390380454725	0.0	65.98318954328394	22.408421810521997	58.14767003801517	71.6936084163881	0.0	0.0	0.0	0.0	0.0	0.0	0.0	0.0	0.0	0.0	0.0	0.0	0.0	0.0	0.0	0.0	0.0	0.0	0.0
GSM4138110_HNSCC_1_PBMC_TTTGGTTAGAGCAATT	67.64064229801549	89.86263532991632	118.21502864013375	41.210111861668146	110.08462861043077	0.0	0.0	0.0	0.0	58.425706518323	0.0	0.0	0.0	0.0	0.0	0.0	19.20147656897333	0.0	0.0	0.0	0.0	0.0	0.0	0.0	0.0	0.0	0.0
GSM4138110_HNSCC_1_PBMC_TTTGGTTGTCCGTGAC	96.98227206055759	76.00684965976764	41.78230019642931	0.0	0.0	0.0	59.8175747650287	0.0	0.0	0.0	65.4623560596055	0.0	0.0	0.0	0.0	0.0	35.22046421082545	0.0	0.0	35.3153032736532	0.0	0.0	0.0	0.0	0.0	0.0	0.0
GSM4138110_HNSCC_1_PBMC_TTTGTCAAGTACGATA	120.7638694476267	89.53843837967382	47.89995642348188	0.0	70.1503266755892	56.05316330968463	77.8794150539956	55.68538198561307	0.0	0.0	0.0	0.0	0.0	0.0	0.0	0.0	0.0	0.0	0.0	0.0	0.0	0.0	0.0	0.0	0.0	0.0	0.0
GSM4138110_HNSCC_1_PBMC_TTTGTCATCAGGCAAG	54.00777675956098	82.52610336374326	55.43487371753647	0.0	103.44267965409921	0.0	44.27040979251311	0.0	0.0	53.2243564758013	0.0	0.0	0.0	0.0	0.0	0.0	21.2421533207756	0.0	0.0	0.0	0.0	0.0	0.0	0.0	0.0	0.0	0.0
GSM4138110_HNSCC_1_PBMC_TTTGTCATCGCGTAGC	65.86131444328285	100.12953768346664	56.62686899648419	0.0	36.51425618899853	32.192096695919865	0.0	0.0	41.92798822639837	0.0	1.738833114508667	5.723227202730361	0.0	0.0	0.0	0.0	11.48012467291864	0.0	0.0	0.0	0.0	0.0	0.0	0.0	0.0	0.0	0.0
GSM4138110_HNSCC_1_PBMC_ACGGAGAAGCAGGCTA	99.74782975200708	93.7143191874181	65.0708377174906	0.0	0.0	0.0	0.0	0.0	30.432440174094623	0.0	69.50803051844625	30.487686306051987	0.0	0.0	0.0	0.0	12.871592331075673	23.485250592493664	0.0	7.847449562469755	0.0	0.0	0.0	0.0	0.0	0.0	0.0
GSM4138110_HNSCC_1_PBMC_ACTATCTGTCGAGTTT	143.04717836925886	119.10910492354444	41.35248487487928	89.18936294757911	0.0	0.0	0.0	38.94842104985715	0.0	59.81296070266635	22.583053305204345	0.0	0.0	88.843926131102	0.0	0.0	0.0	0.0	0.0	0.0	0.0	0.0	0.0	0.0	0.0	0.0	0.0
GSM4138110_HNSCC_1_PBMC_CAGTCCTGTAGAAGGA	97.99330764049851	56.23558927299161	92.30794142021219	0.0	0.0	37.792126782284605	0.0	31.56014157570268	34.62397423749798	0.0	11.00548775212728	0.0	0.0	70.55866098754478	0.0	19.62934402451097	0.0	0.0	0.0	0.0	0.0	0.0	0.0	0.0	0.0	0.0	0.0
GSM4138110_HNSCC_1_PBMC_CGATGTATCGGTCTAA	82.94417444886957	83.9888636214635	52.46394894355338	0.0	5.732922679093259	27.652747521826484	70.6380286782279	0.0	0.0	0.0	0.0	31.44676358105358	0.0	0.0	0.0	0.0	20.751388411036476	0.0	0.0	0.0	0.0	0.0	0.0	0.0	0.0	0.0	0.0
GSM4138110_HNSCC_1_PBMC_GACCTGGTCGCCAAAT	101.32390643323671	77.82780762604702	53.56496276702743	71.01342635574343	0.0	0.0	0.0	26.370958208048975	0.0	37.48232705999486	5.770117889873907	0.0	0.0	0.0	80.12356604781368	0.0	0.0	0.0	0.0	0.0	0.0	0.0	0.0	0.0	0.0	0.0	0.0
GSM4138110_HNSCC_1_PBMC_TACGGTACATGGTCAT	157.67931800494242	127.30270059357369	102.672917572884	101.90980800390383	0.0	104.01247538091481	0.0	0.0	0.0	0.0	0.0	94.90348022257763	0.0	14.638694372377694	0.0	0.0	25.472944434179574	0.0	0.0	0.0	0.0	0.0	0.0	0.0	0.0	0.0	0.0
GSM4138110_HNSCC_1_PBMC_TTAGTTCTCGCGGATC	66.70595508502005	58.60766170762412	39.02865725618631	0.0	35.439781852470055	0.0	0.0	32.523734138038385	51.52596118156267	45.00502021436573	0.0	0.0	0.0	0.0	0.0	0.0	0.0	0.0	0.0	0.0	0.0	0.0	0.0	0.0	0.0	0.0	0.0
GSM4138110_HNSCC_1_PBMC_AAAGCAACACGCGAAA	149.21490014094587	125.11565160244783	105.18240189263372	0.0	0.0	0.0	0.0	35.77348100643573	22.783604662034964	0.0	5.076284583053899	0.0	0.0	0.0	0.0	0.0	0.0	0.0	0.0	147.97496001041142	0.0	89.88056620133511	0.0	0.0	0.0	5.000811649946105	0.0
GSM4138110_HNSCC_1_PBMC_AACTTTCGTGTATGGG	81.94207690566643	60.41642011907881	47.9528171695925	0.0	0.0	0.0	0.0	0.0	0.0	0.0	0.0	21.05177223951121	0.0	0.0	0.0	0.0	0.0	9.795727330290317	0.0	0.0	0.0	74.5898518664991	0.0	0.0	0.31576566023148817	0.0	0.0
GSM4138110_HNSCC_1_PBMC_AAGGAGCAGGGAAACA	141.33235915214462	66.35983570746987	75.71647194561535	65.47070294499858	0.0	36.358458340535634	0.0	0.0	0.0	0.0	6.6948334731099814	0.0	0.0	39.938996343509295	0.0	0.0	24.30753749552887	0.0	0.0	0.0	0.0	0.0	0.0	0.0	0.0	0.0	0.0
GSM4138110_HNSCC_1_PBMC_AATCGGTGTAATCACC	132.86454760276817	85.94990897072033	64.45142174517933	0.0	0.0	23.462813589111366	0.0	16.905383980956863	0.0	0.0	0.0	0.0	0.0	29.031562310180075	81.8280575793266	0.0	0.0	0.0	0.0	0.0	0.0	77.6583642539522	0.0	0.0	0.0	0.0	0.0
GSM4138110_HNSCC_1_PBMC_ATAACGCTCACAACGT	356.6224084062437	165.37833473796888	152.34419682787754	0.0	0.0	16.413340958655787	5.834424495531834	60.73753874312357	0.0	8.356781743820495	0.0	0.0	54.32230776789244	91.94954483991113	0.0	55.744228643938634	0.0	0.0	0.0	0.0	67.47174738115291	65.99638134922645	0.0	0.0	0.0	0.0	0.0
GSM4138110_HNSCC_1_PBMC_ATCATCTTCTGGCGAC	265.08364753585704	218.02736256944087	94.58128924188517	0.0	0.0	0.0	132.88742053706582	10.768423638257353	0.0	0.0	0.0	0.0	0.0	59.038744951011	0.0	0.0	5.409512391944567	0.0	0.0	0.0	0.0	0.0	71.30498595784107	0.0	12.360459780446355	0.0	49.30483612930812
GSM4138110_HNSCC_1_PBMC_ATCCGAATCGTTTATC	160.05581834010994	151.2245783678012	65.7339360060282	0.0	0.0	0.0	0.0	64.14311568386286	85.12546393836372	25.275829459563905	0.0	0.0	0.0	0.0	32.38742472885856	0.0	0.0	0.0	0.0	27.318011143300794	0.0	0.0	0.0	0.0	0.0	0.0	0.0
GSM4138110_HNSCC_1_PBMC_ATGCGATTCGTGGGAA	172.87207128464058	125.0511490563302	118.84154361554566	9.69072735547366	0.0	0.0	0.0	36.36067358089738	7.321972214876686	94.40260130044419	0.0	0.0	0.0	0.0	68.87476077324017	48.03914165340019	0.0	0.0	0.0	0.0	0.0	0.0	0.0	0.0	0.0	0.0	0.0
GSM4138110_HNSCC_1_PBMC_CAAGAAATCAGGCAAG	81.8553488239456	71.9162540129731	60.3677514325861	0.0	66.94718137419895	0.0	56.44078350173743	7.857776558155768	0.0	32.15370197884534	0.0	0.0	0.0	0.0	0.0	0.0	0.0	0.0	0.0	0.0	0.0	0.0	0.0	0.0	0.0	0.0	0.0
GSM4138110_HNSCC_1_PBMC_CACAGGCCACACCGAC	207.05733439912677	247.09219241643672	172.3726540732425	0.0	0.0	39.07134447097556	0.0	30.720996764279004	119.62716376268988	0.0	0.0	0.0	26.304137521026043	0.0	146.3170642344412	0.0	0.0	0.0	0.0	0.0	0.0	0.0	0.0	0.0	0.0	0.0	0.0
GSM4138110_HNSCC_1_PBMC_CACTCCATCTGTACGA	50.258489208571866	70.69717092676501	57.24238270459901	81.5115898599122	0.0	0.0	0.0	31.59378551126507	0.0	0.0	0.0	0.0	4.5192208824934985	42.82819876111999	0.0	0.0	0.0	0.0	0.0	0.0	0.0	0.0	0.0	0.0	0.0	0.0	0.0
GSM4138110_HNSCC_1_PBMC_CCTTCCCTCGCCTGTT	62.5807421816369	40.92927925827093	54.57937035920001	33.31234936146398	0.0	0.0	0.0	12.32240869121296	0.0	0.0	0.0	20.394191677079547	59.449016173733206	0.0	0.0	0.0	0.0	0.0	0.0	5.712246101238202	0.0	0.0	0.0	9.38669220463227	0.0	0.0	0.0
GSM4138110_HNSCC_1_PBMC_CGATTGAAGACTAAGT	167.86123828335474	105.83403673581884	143.3345414397642	59.79275672197569	0.0	50.80526065911412	0.0	18.697515796338383	0.0	0.0	0.0	50.49048927294674	0.0	0.0	0.0	15.866577882722813	0.0	0.0	0.0	0.0	0.0	0.0	0.0	0.0	0.0	0.0	0.0
GSM4138110_HNSCC_1_PBMC_CGGACGTTCTGAGTGT	57.32607888911729	25.00556951084386	79.6174604862638	0.0	15.795520467276395	21.707464733331417	0.0	0.0	36.642531170849914	0.0	0.0	0.0	0.0	0.0	73.62934206747687	0.0	10.219384065921737	0.0	0.0	0.0	0.0	0.0	0.0	0.0	0.0	0.0	0.0
GSM4138110_HNSCC_1_PBMC_CGGGTCATCCCAACGG	76.40491131237566	58.17321885257511	62.99431839031853	0.0	46.989730069057735	0.3533082766400177	26.492428059314797	0.0	5.997729451730995	0.0	0.6218753828835605	0.0	0.0	0.0	0.0	13.898899754083647	11.895393377224677	0.0	0.0	0.0	0.0	0.0	0.0	0.0	0.0	0.0	0.0
GSM4138110_HNSCC_1_PBMC_CTCGAGGCATAGACTC	161.03059672955945	145.17178387366482	186.15574127565085	0.0	31.95316391591692	27.30995525178884	189.7485482577131	54.571797750135765	0.0	0.0	0.0	0.0	0.0	65.12272646159151	0.0	0.0	0.0	0.0	0.0	0.0	0.0	0.0	0.0	0.0	0.0	0.0	0.0
GSM4138110_HNSCC_1_PBMC_CTCGTCACAATAAGCA	180.11066175746652	121.80432074426442	99.47594900322328	0.0	53.143857192343766	0.0	0.0	9.795355900908067	0.0	69.09628584806768	0.0	22.354414093063255	0.0	0.0	0.0	0.0	18.32923633643623	0.0	0.0	0.0	0.0	125.8223093303235	0.0	0.0	0.0	0.0	0.0
GSM4138110_HNSCC_1_PBMC_CTGATCCTCTTTAGGG	176.1520613627752	87.36749679350132	70.49298028719373	13.398114770917648	86.01789831479834	0.0	0.0	0.0	0.0	16.96493783787382	11.069062079937368	0.0	0.0	0.0	0.0	0.0	44.681052204180595	7.020217859351404	0.0	0.0	0.0	71.73326776534634	0.0	0.0	0.0	0.0	0.0
GSM4138110_HNSCC_1_PBMC_CTGTGCTTCTAACGGT	118.86267711678657	95.77315476419763	134.48234922425695	48.1071074443747	27.355404140754526	0.0	0.0	40.45307259904735	0.0	0.0	0.0	15.04509401227826	73.37650843754147	0.0	0.0	0.0	0.0	0.0	0.0	0.0	0.0	0.0	0.0	30.927723299784994	0.0	0.0	0.0
GSM4138110_HNSCC_1_PBMC_CTGTGCTTCTATCGCC	133.67925009353965	87.69201390497241	63.73527702200942	0.0	0.0	0.0	0.0	12.345433223970982	115.54544307007751	0.0	0.0	97.59420614537311	27.111672263985735	0.0	0.0	0.0	0.0	7.710404765246869	0.0	0.0	2.5259520530645765	0.0	0.0	0.0	0.0	0.0	0.0
GSM4138110_HNSCC_1_PBMC_GACTAACGTCGACTGC	170.24479585528343	116.81854775726634	85.75996172240124	0.0	52.44484409734205	32.50032276604526	0.0	15.17591295513651	57.52056857826676	0.0	0.0	1.6998577698753952	0.0	0.0	0.0	0.0	0.0	0.0	0.0	0.0	0.0	0.0	0.0	0.0	0.0	0.0	0.0
GSM4138110_HNSCC_1_PBMC_GAGGTGATCGTCCGTT	124.00016351039159	188.84830260562	118.31834870866906	120.0954808145591	0.0	0.0	0.0	32.400001414126045	0.0	0.0	27.473591988009797	0.0	0.0	0.0	0.0	0.0	0.0	0.0	0.0	88.18270154885198	0.0	0.0	0.0	0.0	0.0	0.0	0.0
GSM4138110_HNSCC_1_PBMC_GATCAGTAGTGTACTC	110.5705377784434	74.118665342507	179.83617370030987	0.0	90.38738197089903	0.0	95.83073742966214	29.007143302500655	0.0	0.0	0.0	0.0	30.5371606490809	0.0	0.0	0.0	0.0	0.0	0.0	0.0	0.0	0.0	0.0	0.0	0.0	0.0	0.0
GSM4138110_HNSCC_1_PBMC_GCTCTGTAGTATCTCG	0.0	0.0	0.0	2902.301112910182	0.0	0.0	31.669616401642333	0.0	430.37813002971023	0.0	0.0	0.0	0.0	0.0	0.0	35.846647563110835	0.0	0.0	0.0	0.0	0.0	0.0	0.0	0.0	0.0	0.0	0.0
GSM4138110_HNSCC_1_PBMC_GGAACTTTCCGATATG	134.8516752538977	97.17298156987094	72.60839908879417	0.0	70.00049278587849	21.28489825708223	0.0	0.0	55.27630688890365	0.0	0.0	0.0	0.0	0.0	0.0	0.0	14.598622048807059	0.0	0.0	0.0	0.0	0.0	0.0	0.0	0.0	0.0	13.44266366074204
GSM4138110_HNSCC_1_PBMC_GGACAGAAGCCATCGC	163.4562153701264	85.8318002446663	132.45176727672708	0.0	95.25453677461385	61.730025658609286	0.0	0.0	57.94721247434119	0.0	0.0	0.0	0.0	0.0	0.0	11.058193118816298	38.12037106375574	0.0	0.0	0.0	0.0	0.0	0.0	0.0	0.0	0.0	0.0
GSM4138110_HNSCC_1_PBMC_GGATGTTGTGCAGTAG	156.95187366168946	96.39385754665976	62.828520879841136	81.71169571459329	54.07775659431689	0.36256400975405517	0.0	0.0	0.0	0.0	39.018019366184014	5.411120448136555	0.0	0.0	0.0	0.0	18.17569209561168	0.0	0.0	0.0	0.0	0.0	0.0	0.0	0.0	0.0	0.0
GSM4138110_HNSCC_1_PBMC_GTAACTGCAGCTGTTA	110.9124352563966	94.87736187203664	88.41798657528916	0.0	0.0	0.0	0.0	17.78950050979042	0.0	0.0	0.0	0.0	32.001636841523016	0.0	74.41930646147786	57.04155920307701	26.340388560016063	0.0	0.0	0.0	0.0	0.0	0.0	0.0	0.0	0.0	0.0
GSM4138110_HNSCC_1_PBMC_GTATTCTAGTAATCCC	243.86405837963503	149.22972741732215	140.14729240332832	4.988673363972386	101.31690197776403	88.77595202574322	109.11806781438882	25.024860671442898	0.0	0.0	0.0	0.0	0.0	0.0	0.0	0.0	0.0	0.0	0.0	0.0	0.0	0.0	0.0	0.0	0.0	0.0	0.0
GSM4138110_HNSCC_1_PBMC_GTGCAGCAGTCAAGCG	0.0	3001.722699404887	0.0	0.0	0.0	0.0	0.0	0.0	0.0	0.0	0.0	0.0	0.0	0.0	0.0	0.0	0.0	0.0	0.0	0.0	0.0	0.0	0.0	0.0	0.0	0.0	0.0
GSM4138110_HNSCC_1_PBMC_GTGCATACACAGGCCT	106.98667570150147	129.43089728532365	119.36693389903843	109.38775105384825	0.0	32.43260293352444	0.0	15.517695355853757	0.0	0.0	0.0	0.0	0.0	0.0	0.0	0.0	0.0	0.0	0.0	0.0	102.894121315352	0.0	0.0	0.0	0.0	0.0	0.0
GSM4138110_HNSCC_1_PBMC_TACTCGCGTTTAGCTG	106.8023865910963	70.65240626659508	87.07094823598393	0.0	0.0	0.0	0.0	0.0	71.60390516375558	0.0	0.0	124.09540967707387	0.0	0.0	0.0	4.341685464569134	14.10116094887203	2.2820509487844314	0.0	0.0	0.0	0.0	31.431102199606585	0.0	0.0	0.0	0.0
GSM4138110_HNSCC_1_PBMC_TACTTACGTTATGCGT	88.90090571186164	114.65802102837645	136.75369865040017	0.0	59.17913683934059	29.37820936085796	48.44156449610215	0.0	0.0	0.0	0.0	0.0	0.0	0.668536131977897	0.0	0.0	38.25270165044288	0.0	0.0	0.0	34.312558359147346	0.0	0.0	0.0	0.0	0.0	0.0
GSM4138110_HNSCC_1_PBMC_TAGCCGGGTTCAACCA	125.27921371208079	106.80589551535272	112.87368798289025	58.604522404290556	16.419172423087698	11.310461480806307	0.0	19.3036854570147	0.0	0.0	29.71832671097184	0.0	0.0	0.0	0.0	0.0	0.0	0.0	0.0	27.61296333808492	0.0	0.0	0.0	0.0	0.0	0.0	0.0
GSM4138110_HNSCC_1_PBMC_TCAGCAATCCCAAGAT	260.25907373822065	115.57771848283562	151.32580887547394	91.78133972833254	26.24863525067557	0.0	0.0	17.495125504501075	0.0	0.0	40.72100984410448	88.18177202530406	0.0	0.0	0.0	0.0	0.0	0.0	0.0	22.594937954751963	0.0	0.0	0.0	0.0	0.0	0.0	0.0
GSM4138110_HNSCC_1_PBMC_TGACGGCGTTGAGTTC	0.0	0.0	2938.2038121670917	0.0	0.0	0.0	0.0	0.0	0.0	0.0	0.0	0.0	0.0	0.0	0.0	0.0	0.0	0.0	0.0	0.0	0.0	0.0	0.0	0.0	0.0	0.0	0.0
GSM4138110_HNSCC_1_PBMC_TTGCGTCGTACTTCTT	170.55804131666082	87.25610240095489	96.75669772814346	0.0	22.958509983854547	0.0	0.0	41.38076071997317	0.0	0.0	99.0740252529527	0.0	0.0	36.97712866238948	0.0	0.0	0.0	0.0	0.0	0.0	0.0	119.90260695594915	0.0	0.0	0.0	0.0	0.0
GSM4138110_HNSCC_1_PBMC_TTTGTCAGTTAAGATG	95.24324052386392	59.03700647210721	63.1567431039252	0.0	26.601391971965594	12.228339523840946	0.0	22.844793096327848	52.60193013791376	0.0	0.0	48.73969086829952	0.0	0.0	0.0	0.0	0.0	0.0	0.0	0.0	0.0	0.0	0.0	0.0	0.0	0.0	0.0
GSM4138110_HNSCC_1_PBMC_ACGCAGCTCGTCACGG	167.18568942189523	113.41349629430921	183.05604627229917	0.0	113.44926466855821	0.0	0.0	47.65313733375469	129.02116864520528	0.0	0.0	0.0	0.0	0.0	0.0	0.0	0.0	0.0	0.0	0.0	0.0	0.0	0.0	0.0	31.67160160827899	0.0	0.0
GSM4138110_HNSCC_1_PBMC_ATCATCTAGGAATCGC	126.54043792086271	102.7644435810915	51.75173567218102	0.0	131.32685087251522	0.0	0.0	0.0	93.71634141401573	0.0	68.99153507070527	0.0	0.0	0.0	0.0	0.0	39.95457828940411	0.0	0.0	0.0	0.0	0.0	0.0	0.0	0.0	0.0	0.0
GSM4138110_HNSCC_1_PBMC_TCAACGAGTTACGGAG	307.4068225315909	214.2853597604815	175.93074346808837	253.10795367372086	0.0	0.0	0.0	63.42308414101436	0.0	140.78973284441875	0.0	0.0	0.0	201.6549456975127	0.0	0.0	0.0	0.0	0.0	0.0	0.0	0.0	0.0	0.0	0.0	0.0	0.0
GSM4138110_HNSCC_1_PBMC_AAACCTGGTCTCCCTA	186.6541705506349	179.96893043558916	168.21631590402896	71.20347407100363	0.0	0.0	0.0	46.647569951535765	168.62483508879325	67.21832558128345	0.0	0.0	0.0	0.0	235.65302810755767	0.0	0.0	0.0	0.0	0.0	0.0	0.0	0.0	0.0	0.0	0.0	0.0
GSM4138110_HNSCC_1_PBMC_ACACCGGAGTACACCT	237.03155914573748	170.84909552102616	226.16788034946416	188.53306008922078	225.72174942626296	0.0	0.0	43.37445745133793	105.38866862830174	11.448610799569813	0.0	0.0	0.0	0.0	0.0	0.0	0.0	0.0	0.0	0.0	0.0	0.0	0.0	0.0	132.23321724336247	0.0	0.0
GSM4138110_HNSCC_1_PBMC_ACTGCTCGTGGTCCGT	209.5954742670467	174.8375585684976	151.68756026383625	164.426488804641	0.0	0.0	0.0	43.10958585455495	0.0	44.53133332092199	5.082952427142299	0.0	0.0	196.08698689312448	0.0	0.0	0.0	0.0	0.0	0.0	0.0	0.0	0.0	0.0	61.300450003723235	0.0	0.0
GSM4138110_HNSCC_1_PBMC_AGCTCTCGTTAGTGGG	222.76912582961666	231.80779125404712	231.03424715228635	0.0	0.0	101.40311561644118	0.0	0.0	241.34300130537002	0.0	0.0	0.0	0.0	0.0	69.95862767684142	0.0	60.771435007961735	0.0	0.0	90.95263018251917	0.0	0.0	0.0	0.0	0.0	0.0	0.0
GSM4138110_HNSCC_1_PBMC_ATGGGAGAGGATGCGT	186.70665540948576	253.84506853378807	206.4638371235237	228.0300871074058	0.0	91.42224012369722	0.0	0.0	0.0	0.0	0.0	0.0	0.0	0.0	263.8496842321533	0.0	46.89840713352576	0.0	0.0	0.0	0.0	0.0	0.0	0.0	0.0	0.0	0.0
GSM4138110_HNSCC_1_PBMC_ATTATCCTCGGAAATA	269.245757433559	201.2153055876651	189.47510759171914	194.26693222385035	0.0	0.0	0.0	0.0	0.0	0.0	98.6192905453706	144.78540945960012	0.0	0.0	0.0	0.0	0.0	61.62767051161142	0.0	0.0	0.0	0.0	0.0	0.0	0.0	0.0	0.0
GSM4138110_HNSCC_1_PBMC_CATCAGATCGCAAACT	238.38290967606792	187.00343465978975	197.46848276121383	193.97976536184788	0.0	0.0	0.0	36.16446713304831	0.0	0.0	71.87705946325556	0.0	0.0	0.0	0.0	0.0	0.0	0.0	0.0	170.63602857875728	0.0	0.0	0.0	0.0	0.0	0.0	0.0
GSM4138110_HNSCC_1_PBMC_CGTAGCGCATGCAACT	303.3586522032393	295.11464086076927	190.08132989523025	270.34500888388135	116.05143676110329	0.0	0.0	0.0	0.0	0.0	0.0	10.022256170761784	114.0917824816773	0.0	0.0	0.0	45.29007103141531	0.0	0.0	0.0	0.0	0.0	0.0	0.0	0.0	0.0	0.0
GSM4138110_HNSCC_1_PBMC_CGTCACTTCACGAAGG	277.60552319062907	171.89874930500358	210.3683778605302	193.40367650986053	0.0	17.3285320505087	0.0	0.0	0.0	0.0	95.0666179462062	0.0	0.0	0.0	235.58839365306372	0.0	0.0	56.73513442972779	0.0	0.0	0.0	0.0	0.0	0.0	0.0	0.0	0.0
GSM4138110_HNSCC_1_PBMC_GCATACACACCAGCAC	160.17781783442976	223.63202587202022	183.67428482990684	0.0	0.0	86.7228924296812	0.0	0.0	173.02369912071782	0.0	0.0	0.0	0.0	0.0	0.0	0.0	0.0	31.276288582925964	0.0	190.87755684125133	0.0	0.0	0.0	0.0	0.0	0.0	0.0
GSM4138110_HNSCC_1_PBMC_GCGACCAGTCGATTGT	234.31266810560388	215.49276380285633	170.92470191733156	188.12154103909089	0.0	34.2167435411964	0.0	0.0	0.0	0.0	0.0	0.0	87.9566461007813	0.0	182.9359234775819	0.0	29.29769266005412	23.9656656775101	0.0	0.0	0.0	0.0	0.0	0.0	0.0	0.0	0.0
GSM4138110_HNSCC_1_PBMC_TACTTACTCGGCGCAT	56.25114268087823	25.219199437964594	70.29128795746995	91.76769705796396	0.0	0.0	0.0	0.0	0.0	45.28676042109651	0.0	0.0	0.0	0.0	0.0	0.0	0.0	44.60337755912198	0.0	78.7288140720355	0.0	0.0	0.0	0.0	0.0	0.0	0.0
GSM4138110_HNSCC_1_PBMC_ACCGTAAGTTACGTCA	85.62790347905045	107.21519507591837	89.49739802961456	151.544792865499	0.0	0.0	0.0	0.0	0.0	0.0	0.0	0.0	112.48128404475592	0.0	4.283468428429206	0.0	0.0	25.968336844073292	171.88344724466234	0.0	0.0	0.0	0.0	0.0	0.0	0.0	0.0
GSM4138110_HNSCC_1_PBMC_ATCCACCAGACAGACC	63.66214277779711	91.14199086634763	46.326142970111604	64.13790983419393	0.0	0.0	0.0	0.0	0.0	119.77615117741462	28.45404476760424	0.0	0.0	91.19551726548202	0.0	0.0	0.0	17.28518161800859	0.0	0.0	0.0	0.0	0.0	0.0	0.0	0.0	0.0
GSM4138110_HNSCC_1_PBMC_ATGAGGGGTATATGGA	225.3150576021769	290.9410724849328	276.29542386440374	0.0	0.0	0.0	0.0	0.0	200.93229432476548	176.41687795405176	0.0	0.0	0.0	163.65026932155658	0.0	0.0	0.0	69.25341027312696	17.623168761671305	0.0	0.0	0.0	0.0	0.0	0.0	0.0	0.0
GSM4138110_HNSCC_1_PBMC_CACCAGGGTCAGAATA	82.63888876825071	215.89629171679042	123.31099431775469	234.34226985559846	91.88851387200381	0.0	0.0	0.0	0.0	0.0	0.0	0.0	59.74989908614895	0.0	0.0	0.0	0.0	54.1985500407254	13.52001752900169	0.0	0.0	0.0	0.0	0.0	0.0	0.0	0.0
GSM4138110_HNSCC_1_PBMC_CAGCAGCTCAAAGTAG	119.63311586898104	117.76160049891087	92.69036298583836	171.46294986110016	83.29844506927584	0.0	0.0	0.0	0.0	0.0	0.0	0.0	69.61423754612007	0.0	0.0	0.0	0.0	32.37393319626983	0.0	0.0	0.0	0.0	0.0	0.0	0.0	0.0	0.0
GSM4138110_HNSCC_1_PBMC_CATCCACCAGTAACGG	70.3514705948257	157.18287970955225	157.4232457084927	0.0	169.27938439504533	66.95618202486084	102.97505147683094	0.0	0.0	0.0	29.55795250115894	0.0	0.0	0.0	0.0	0.0	0.0	50.932583440586164	0.0	0.0	0.0	0.0	0.0	0.0	0.0	0.0	0.0
GSM4138110_HNSCC_1_PBMC_CCTTTCTCATCCTAGA	171.18273132255698	90.52996085561317	137.9386399267335	120.85424809842458	0.0	0.0	0.0	0.0	0.0	2.4065036242189874	0.0	97.81261842080524	67.8028941285793	0.0	0.0	0.0	0.0	18.216603036806408	0.0	0.0	0.0	0.0	0.0	34.577048228683296	0.0	0.0	0.0
GSM4138110_HNSCC_1_PBMC_CGTAGGCTCTACCAGA	100.64084616817033	125.66000086407146	119.43207195750706	129.84197321983277	0.0	0.0	0.0	0.0	0.0	0.0	0.0	101.44350209707943	94.21138826776175	0.0	42.759308725513336	0.0	0.0	33.32546899372696	0.0	0.0	0.0	0.0	0.0	0.0	0.0	0.0	0.0
GSM4138110_HNSCC_1_PBMC_CTGCCTAAGGACATTA	36.66311868263747	104.46611826053272	169.32821025806248	124.49148974199836	0.0	0.0	0.0	0.0	0.0	0.0	0.0	70.63172639406567	88.46617009998342	0.0	0.0	0.0	0.0	33.82764507486958	0.0	0.0	43.6263837414336	0.0	0.0	0.0	0.0	0.0	0.0
GSM4138110_HNSCC_1_PBMC_CTTTGCGGTGGTCCGT	109.19949761811503	115.81917549913437	119.05508752386824	56.174052451044254	0.0	0.0	0.0	0.0	0.0	0.0	0.0	0.0	60.39945360630084	0.0	99.49667472412028	0.0	0.0	29.948980220397832	0.0	0.0	0.0	0.0	0.0	0.0	0.0	0.0	0.0
GSM4138110_HNSCC_1_PBMC_GAAACTCAGACAAGCC	154.06469698266247	96.77338930419796	107.5582251129531	0.0	0.0	0.0	0.0	0.0	142.67565763044314	15.019297599493802	0.0	0.0	83.87069038744316	75.93982394003531	76.22249356605128	0.0	0.0	30.626484594036867	0.0	0.0	0.0	0.0	0.0	0.0	0.0	0.0	0.0
GSM4138110_HNSCC_1_PBMC_GACCAATAGCCCGAAA	161.1683048093041	242.0283486849964	161.47561074503625	0.0	0.0	0.0	147.03905880504183	0.0	0.0	136.68216723426107	0.0	0.0	0.0	0.0	182.09906985472878	0.0	0.0	57.50152065453496	0.0	0.0	0.0	0.0	0.0	0.0	0.0	0.0	0.0
GSM4138110_HNSCC_1_PBMC_GACCAATAGGGCTCTC	214.2580794042992	132.9050242766704	175.94710641030017	137.79276234531523	0.0	0.0	0.0	0.0	0.0	0.0	0.0	0.0	84.11145796084091	0.0	0.0	0.0	0.0	28.388227216627232	0.0	119.0108202964624	0.0	0.0	0.0	0.0	0.0	0.0	0.0
GSM4138110_HNSCC_1_PBMC_GATGCTATCCTCTAGC	171.28667781396638	177.53951807408686	146.80928071455423	177.05698774904278	0.0	0.0	0.0	0.0	0.0	0.0	136.54735871572933	46.40267852121393	0.0	0.0	73.09201053855477	0.0	0.0	40.0407204221922	0.0	0.0	0.0	0.0	0.0	0.0	0.0	0.0	0.0
GSM4138110_HNSCC_1_PBMC_GCTGCGATCCCGACTT	43.18120417358582	71.27306387199494	65.85311447537504	86.02265822365632	0.0	0.0	0.0	0.0	0.0	0.0	0.0	0.0	50.29974179182143	0.0	0.0	0.0	0.0	33.56845519399054	92.97214921437157	0.0	0.0	0.0	0.0	0.0	0.0	0.0	0.0
GSM4138110_HNSCC_1_PBMC_GTTACAGCAAGTTGTC	104.94524018734852	118.04298743756127	96.47147808403693	126.08690891941158	0.0	0.0	0.0	0.0	0.0	0.0	0.0	0.0	62.855127354161944	44.176919818414035	0.0	0.0	0.0	101.62496184397348	0.0	0.0	0.0	0.0	0.0	0.0	0.0	0.0	0.0
GSM4138110_HNSCC_1_PBMC_TAGGCATTCAGCGACC	115.69007412082202	162.26922493048122	126.68647673574806	0.0	0.0	0.0	0.0	18.321081116485743	106.9289635865846	104.29228442507947	0.0	0.0	0.0	149.48733394652618	0.0	0.0	0.0	0.0	0.0	0.0	0.0	0.0	0.0	0.0	0.0	0.0	0.0
GSM4138110_HNSCC_1_PBMC_TCGTACCTCCATGAAC	54.60740780793887	91.12144402991265	92.58497670812098	80.5895642357117	0.0	0.0	0.0	14.69458092992531	0.0	73.31692703280993	0.0	0.0	0.0	0.0	281.65417619129096	0.0	0.0	0.0	0.0	0.0	0.0	0.0	0.0	0.0	0.0	0.0	0.0
GSM4138110_HNSCC_1_PBMC_TGCGCAGAGAGTCGGT	189.76540081822077	77.27709539880172	111.06760840271338	0.0	0.0	0.0	0.0	15.373571625105566	134.2214450713209	71.40186805898334	0.0	0.0	0.0	0.0	0.0	0.0	0.0	0.0	90.07341555269149	0.0	0.0	0.0	0.0	28.772037239445893	0.0	0.0	0.0
GSM4138110_HNSCC_1_PBMC_TTGCCGTTCCTATTCA	123.75154364264203	164.9524239785507	97.95825274861608	0.0	0.0	0.0	0.0	0.0	0.0	45.50890371466755	0.0	0.0	28.30223319356371	0.0	0.0	306.39740883158373	26.455129896277604	0.0	130.30698026192292	0.0	0.0	0.0	0.0	38.42280137878518	0.0	0.0	0.0
GSM4138110_HNSCC_1_PBMC_TTTACTGAGTCCCACG	106.4083686655742	163.44683348497995	64.32544016694466	265.25434976644004	0.0	0.0	0.0	0.0	0.0	0.0	0.0	0.0	94.53430023397047	0.0	0.0	0.0	0.0	38.55232375480627	117.32935180660567	0.0	0.0	0.0	0.0	0.0	0.0	0.0	0.0
GSM4138110_HNSCC_1_PBMC_ACGGGTCGTCTTGATG	63.23590922782215	52.20600857353835	96.34171964756823	52.80396000720378	70.71967153962234	23.546893706430588	0.0	18.281468605495512	0.0	0.0	36.70550481931584	0.0	0.0	0.0	0.0	0.0	17.292301223969467	0.0	0.0	0.0	0.0	0.0	0.0	0.0	0.0	0.0	0.0
GSM4138110_HNSCC_1_PBMC_AGTGAGGAGGAATCGC	59.001503988933976	42.19609840277742	57.30694767012226	0.0	0.0	0.0	0.0	10.830391797288973	50.07569464040195	0.0	61.782202057310315	0.0	0.0	0.0	0.0	37.12371423088399	0.0	0.0	0.0	112.05342768700257	0.0	0.0	0.0	0.0	0.0	0.0	0.0
GSM4138110_HNSCC_1_PBMC_ATGTGTGCAAGCTGGA	150.73163404728055	141.11267430577286	164.82950245066408	62.978918374358145	124.15256575178773	48.23701034281411	0.0	0.0	0.0	40.701076158900776	0.0	0.0	0.0	0.0	0.0	0.0	0.0	27.174590945754474	0.0	0.0	0.0	0.0	0.0	0.0	0.0	0.0	0.0
GSM4138110_HNSCC_1_PBMC_CGACCTTAGTTACGGG	146.9894410507046	116.44978681524756	163.77917251761687	0.0	146.822101047607	0.0	51.22810091257824	37.27517597529033	0.0	0.0	0.0	0.0	0.0	0.0	0.0	0.0	0.0	0.0	0.0	0.0	0.0	0.0	97.43501441360806	0.0	11.108752327268402	0.0	0.0
GSM4138110_HNSCC_1_PBMC_GCGACCACATGCATGT	138.86900002204513	87.10589538332529	99.51020217704426	0.0	91.59567248711888	0.0	60.873672254459834	71.71917136596036	76.4470824964375	56.74973391150717	0.0	0.0	0.0	0.0	0.0	0.0	0.0	0.0	0.0	0.0	0.0	0.0	0.0	0.0	0.0	0.0	0.0
GSM4138110_HNSCC_1_PBMC_GGATTACGTGCATCTA	147.4399975981836	101.17941850283643	65.69934266628634	111.48092224377292	0.0	70.07891002790984	0.0	0.0	0.0	0.0	0.0	0.0	0.0	0.0	97.88601547785385	0.0	0.0	29.287316159066044	0.0	0.0	0.0	0.0	0.0	0.0	0.0	0.0	0.0
GSM4138110_HNSCC_1_PBMC_GTGCAGCCACCAGATT	75.4588016676349	78.00714247601665	36.06035654401918	0.0	0.0	16.22106611039311	0.0	19.994652053093876	0.0	0.0	59.42586775337383	0.0	0.0	0.0	0.0	67.08770514291413	0.0	0.0	0.0	67.54750158220176	0.0	0.0	0.0	0.0	0.0	0.0	0.0
GSM4138110_HNSCC_1_PBMC_GTGCGGTTCTATGTGG	184.10123098360563	166.29513482910608	81.55460160742933	65.67351678986569	0.0	0.0	0.0	0.0	0.0	0.0	0.0	0.0	95.34574959907438	0.0	0.0	0.0	0.0	30.898901792982187	63.84245543029202	0.0	0.0	0.0	0.0	0.0	0.0	0.0	0.0
GSM4138110_HNSCC_1_PBMC_GTTCATTTCCCTCTTT	84.17583790450213	102.97281700731952	68.7880222552002	0.0	0.0	0.0	0.0	0.0	106.56031084460895	0.0	0.0	0.0	48.0155876972474	0.0	0.0	0.0	27.81556291969224	0.0	0.0	0.0	61.72932263309288	0.0	0.0	0.0	0.0	0.0	0.0
GSM4138110_HNSCC_1_PBMC_TCATTACGTAATCACC	86.69110588731112	209.31278664750099	135.94498253219547	131.57433234272133	19.277542956225076	49.33260809084723	0.0	0.0	0.0	0.0	0.0	0.0	0.0	19.61118729866279	0.0	0.0	17.788895018837888	19.013328132325395	0.0	0.0	64.09240741095998	0.0	0.0	0.0	0.0	0.0	0.0
GSM4138110_HNSCC_1_PBMC_TTGCCGTTCAGAAATG	132.03122036515592	63.43371838062441	92.23840435886734	0.0	0.0	0.0	57.50045760336376	0.0	0.0	39.23471707110847	17.864296779215017	0.0	0.0	0.0	0.0	4.006197000867957	84.1061465189034	0.0	0.0	0.0	92.0568278014997	0.0	0.0	0.0	0.0	0.0	0.0
GSM4138110_HNSCC_1_PBMC_TTTGCGCAGTAGCGGT	211.29615556290506	160.02712772483252	100.69799940901511	0.0	255.38670410694883	34.919227418989465	177.82420625228366	40.44238557064999	0.0	0.0	39.73294748150233	0.0	0.0	0.0	0.0	0.0	0.0	0.0	0.0	0.0	0.0	0.0	0.0	0.0	0.0	0.0	0.0
GSM4138110_HNSCC_1_PBMC_TTTGGTTAGCACAGGT	112.72685602512685	133.1294731566563	62.7457599966582	0.0	123.40690681467744	0.0	90.93850483154573	0.0	0.0	0.0	67.7075384025383	0.0	0.0	0.0	0.0	0.0	0.0	25.654814769958083	0.0	0.0	0.0	0.0	0.0	0.0	0.0	0.0	0.0
