	1	2	3	4	5	6	7	8	9	10	11	12	13	14	15	16	17	18	19	20	21	22	23
GSM4138110_HNSCC_1_PBMC_AAACCTGAGGAGCGTT	0.0	0.0	0.0	0.0	0.0	0.0	0.0	0.0	0.0	0.0	0.0	0.0	57.6629145297091	77.62085349638024	102.38842963554981	0.0	0.0	0.0	0.0	0.0	0.0	0.0	0.0
GSM4138110_HNSCC_1_PBMC_AAACCTGCAGATGAGC	84.31944744024484	0.0	0.0	60.99902202401696	0.0	0.0	0.0	0.0	0.0	0.0	0.0	22.517560734770104	123.47234971279939	0.0	3.198991012586787	0.0	0.0	0.0	2.777155576815642	0.0	0.0	0.0	0.0
GSM4138110_HNSCC_1_PBMC_AACGTTGAGACTGGGT	0.0	74.34306875440481	0.0	0.0	39.53112637125275	7.178330960157306	0.0	0.0	40.900334415812914	0.0	0.0	0.0	0.0	0.0	0.0	0.0	0.0	0.0	0.0	0.0	0.0	0.0	0.0
GSM4138110_HNSCC_1_PBMC_AACGTTGGTTACGACT	0.0	0.0	36.80435346700746	0.21391552556501234	0.0	0.0	0.0	0.0	0.0	0.0	0.0	0.0	94.96583753488103	0.0	0.0	28.315839883154975	0.0	0.0	0.0	0.0	0.0	0.0	0.0
GSM4138110_HNSCC_1_PBMC_AACGTTGTCTAAGCCA	0.0	26.708914061078662	0.0	2.2749038430567587	0.0	0.0	0.0	0.0	83.73355931616992	0.0	0.0	0.0	0.0	0.0	0.0	59.15813635806654	0.0	23.630848923541794	0.0	0.0	0.0	0.0	0.0
GSM4138110_HNSCC_1_PBMC_AACTCCCCATTTCAGG	0.0	0.0	82.01930331800624	0.0	0.0	0.0	0.0	46.13457777319591	0.0	57.81789571138932	0.0	0.0	0.0	0.0	0.0	1.473011276203231	47.953067052200964	0.0	0.0	0.0	0.0	0.0	0.0
GSM4138110_HNSCC_1_PBMC_AAGCCGCCACTTCTGC	42.67204325043863	0.0	25.404666247562506	0.0	0.0	59.083656938779576	0.0	0.0	0.0	0.0	0.0	73.19579344176066	0.0	7.127553377491161	0.0	0.0	0.0	0.0	0.0	0.0	0.0	0.0	0.0
GSM4138110_HNSCC_1_PBMC_AAGGTTCGTCTCTTAT	0.0	0.0	0.0	0.0	0.0	0.0	111.88706095415867	0.0	0.0	0.0	55.750961328497944	0.0	77.72819808367684	0.0	0.0	0.0	0.0	0.0	0.0	0.0	0.0	0.0	0.0
GSM4138110_HNSCC_1_PBMC_AAGTCTGAGTACCGGA	42.930618718473134	0.0	0.0	0.0	0.0	60.60207087457303	0.0	55.46511548102069	0.0	0.0	0.0	0.0	0.0	2.46003759284532	0.0	0.0	0.0	0.0	0.0	0.0	0.0	0.0	0.0
GSM4138110_HNSCC_1_PBMC_AAGTCTGGTTGCCTCT	0.0	32.02498226837628	60.07278132282629	63.34470206550161	0.0	0.0	0.0	0.0	0.0	0.0	0.0	0.0	0.0	0.0	0.0	0.0	0.0	0.0	0.0	0.0	0.0	0.0	0.0
GSM4138110_HNSCC_1_PBMC_AAGTCTGTCCAAACTG	0.0	78.40109661695583	24.051371946504243	11.691819530292774	0.0	0.0	68.10560691823669	0.0	0.0	0.0	9.027285194094127	47.033529790103074	0.0	0.0	0.0	0.0	6.644399073951073	0.0	0.0	0.0	0.0	0.0	0.0
GSM4138110_HNSCC_1_PBMC_ACATGGTCACATGGGA	0.0	148.40191568059748	0.0	0.0	0.0	0.0	41.91171951815953	0.0	0.0	0.0	43.621266622719304	0.0	0.0	0.0	0.0	0.0	0.0	0.0	0.0	0.0	0.0	0.0	0.0
GSM4138110_HNSCC_1_PBMC_ACGAGCCAGTATCTCG	24.358618855590368	19.58631981418815	0.0	0.0	0.0	0.0	0.0	0.0	0.0	19.699177993100577	0.0	138.9864099388852	11.860796553632369	39.67490950556069	0.0	0.0	0.0	0.0	0.0	0.0	0.0	0.0	0.0
GSM4138110_HNSCC_1_PBMC_ACGAGCCCACTTAACG	0.0	1.5075316805003802	131.62121688961338	113.92495972833859	0.0	0.0	0.0	0.0	0.0	116.99947937508988	0.0	0.0	0.0	0.0	0.0	56.689214246506175	0.0	0.0	0.0	0.0	0.0	0.0	0.0
GSM4138110_HNSCC_1_PBMC_ACTATCTTCTTCCTTC	0.0	16.7985173872598	0.0	0.0	0.0	0.0	0.0	0.0	0.0	0.0	0.0	26.344874971937625	0.0	73.18555378446464	0.0	0.0	0.0	47.492703557445445	106.30711997807379	0.0	0.0	0.0	0.0
GSM4138110_HNSCC_1_PBMC_AGAGCTTAGAGCTGGT	0.0	0.0	116.47656489967717	8.138544571638969	0.0	0.0	0.0	0.0	0.0	77.41250477221982	0.0	0.0	0.0	0.0	0.0	83.20590864491328	0.0	0.0	0.0	0.0	0.0	0.0	0.0
GSM4138110_HNSCC_1_PBMC_AGATTGCGTCGCCATG	0.0	53.07182635337259	68.81319147158914	0.0	0.0	0.0	0.0	0.0	0.0	0.0	0.0	0.0	0.0	0.0	0.0	88.3993027076278	0.0	0.0	0.0	0.0	0.0	0.0	0.0
GSM4138110_HNSCC_1_PBMC_AGCGTATGTTATCCGA	25.565676949285365	47.7092455814018	0.0	0.0	0.0	0.0	0.0	0.0	0.0	0.0	75.11503665861326	0.0	0.0	110.32923001249797	0.0	0.0	0.0	0.0	0.0	0.0	0.0	0.0	0.0
GSM4138110_HNSCC_1_PBMC_AGGCCACAGTACTTGC	0.0	37.67157362619776	0.5540722932163085	46.26651777015211	0.0	0.0	54.60241256271745	0.0	0.0	0.0	0.0	0.0	0.0	0.0	56.931004540370616	0.0	0.0	0.0	0.0	0.0	0.0	0.0	0.0
GSM4138110_HNSCC_1_PBMC_AGGCCACCACTAAGTC	143.82567091982352	0.0	0.0	100.22943608251788	0.0	0.0	0.0	0.0	22.14464850970556	112.29014136910068	0.0	0.0	149.12989337024325	15.945743713674604	0.0	17.884369516221778	0.0	0.0	0.0	0.0	0.0	0.0	0.0
GSM4138110_HNSCC_1_PBMC_AGTAGTCTCTTAGCCC	2.3576580286699764	0.0	0.0	67.80334169555324	0.0	123.41976183616791	0.0	0.0	0.0	0.0	0.0	0.0	0.0	0.0	0.0	0.0	0.0	0.0	0.0	0.0	9.451925832001685	0.0	0.0
GSM4138110_HNSCC_1_PBMC_AGTGAGGGTGGCCCTA	80.6566976222191	0.0	0.0	0.0	125.91893892291098	0.0	0.0	0.0	0.0	0.0	0.0	0.0	65.21879231362878	0.0	0.0	0.0	0.0	0.0	0.0	0.0	0.0	0.0	0.0
GSM4138110_HNSCC_1_PBMC_AGTGTCATCTCGCATC	47.55044002517405	8.901643448697884	0.0	0.0	65.45379577550294	0.0	0.0	0.0	0.0	35.359924035696835	0.0	0.0	0.0	0.0	0.0	0.0	0.0	0.0	0.0	0.0	0.0	0.0	0.0
GSM4138110_HNSCC_1_PBMC_AGTTGGTCATGGTTGT	0.0	0.0	0.0	0.0	0.0	0.0	108.12960218075754	0.0	0.0	0.0	0.0	104.47422036420282	95.7017025448476	0.0	0.0	0.0	0.0	0.0	0.0	0.0	0.0	0.0	0.0
GSM4138110_HNSCC_1_PBMC_AGTTGGTTCTTGGGTA	68.87908126597367	36.54503379393907	0.0	0.0	0.0	0.0	0.0	0.0	0.6142617257065364	0.0	8.479627405376911	53.10993430359102	0.0	0.0	0.0	0.0	0.0	0.0	0.0	0.0	0.0	0.0	0.0
GSM4138110_HNSCC_1_PBMC_ATCTACTAGGGTGTGT	0.0	227.06137376555728	0.0	0.0	0.0	0.0	170.37604779457283	0.0	0.0	0.0	200.74770430875316	31.50465354875688	0.0	0.0	0.0	0.0	0.0	0.0	0.0	0.0	0.0	0.0	0.0
GSM4138110_HNSCC_1_PBMC_ATCTACTAGTACGTTC	0.0	0.0	0.0	0.0	0.0	6.137722550797477	95.29723336084297	0.0	0.0	74.90592490076648	0.0	0.0	0.0	0.0	0.0	9.039635635723629	64.52015112184893	0.0	0.0	0.0	0.0	0.0	0.0
GSM4138110_HNSCC_1_PBMC_ATGAGGGCAAGCGATG	0.0	48.14765409844775	60.14551098594648	0.0	0.0	0.0	0.0	53.33617983549765	0.0	0.0	0.0	0.0	0.0	0.0	0.0	16.31268353875417	0.0	0.0	0.0	0.0	0.0	0.0	0.0
GSM4138110_HNSCC_1_PBMC_ATGAGGGCACACAGAG	0.0	80.02323830297715	30.863894888634842	28.906273337210475	0.0	0.0	0.0	0.0	0.0	0.0	0.0	26.834535738142943	0.0	0.0	7.773505906897575	0.0	0.0	0.0	0.0	0.0	0.0	0.0	0.0
GSM4138110_HNSCC_1_PBMC_ATGCGATGTTTGACAC	0.0	0.0	0.0	30.73561946005478	0.0	0.0	80.88088823855288	0.0	0.0	0.0	0.0	22.63288930902983	36.846789554942966	0.0	0.0	0.0	0.0	0.0	0.0	0.0	0.0	0.0	0.0
GSM4138110_HNSCC_1_PBMC_ATGTGTGCATGCGCAC	0.0	0.0	0.0	0.0	0.0	0.0	37.69438512094418	0.0	0.0	0.0	0.0	0.0	64.34595741932534	0.0	48.49577861724073	0.0	0.0	0.0	8.675091605989534	0.0	0.0	0.0	0.0
GSM4138110_HNSCC_1_PBMC_ATTACTCTCATGCTCC	0.0	0.0	60.41178776901536	0.0	66.53367024187615	35.129515518917444	0.0	51.65445692099791	0.0	0.0	0.0	0.0	0.0	0.0	0.0	0.0	0.0	15.420828309867467	0.0	0.0	0.0	0.0	0.0
GSM4138110_HNSCC_1_PBMC_ATTATCCGTCACACGC	116.3977307173419	35.976901824623454	0.0	0.0	0.0	0.0	0.0	0.0	0.0	0.0	0.0	0.0	0.0	0.0	0.0	70.11665773523048	24.44890781086327	0.0	0.0	0.0	0.0	0.0	0.0
GSM4138110_HNSCC_1_PBMC_ATTGGACAGAGATGAG	0.0	20.56245071704944	0.0	92.59814208547621	0.0	45.81740219202566	0.0	0.0	43.283135118471904	0.0	0.0	0.0	0.0	31.41782030714739	0.0	0.0	0.0	0.0	0.0	0.0	0.0	0.0	0.0
GSM4138110_HNSCC_1_PBMC_ATTGGTGCAGTGAGTG	0.0	0.0	62.32174033361318	0.0	7.59958978681383	63.04464635057971	0.0	0.0	0.0	0.0	0.0	0.0	0.0	0.0	0.0	0.0	55.31276071176733	0.0	0.0	0.0	0.0	0.0	0.0
GSM4138110_HNSCC_1_PBMC_CAACCAAGTTATCGGT	0.0	0.0	0.0	7.410651077304749	0.0	0.0	46.84659261617287	0.0	0.0	0.0	0.0	65.05690114726582	0.0	0.0	0.0	0.0	9.54450000315145	32.06901179474703	0.0	0.0	0.0	0.0	0.0
GSM4138110_HNSCC_1_PBMC_CAACCAATCCTTGACC	82.21739815761805	28.0261672382396	0.0	0.0	0.0	0.0	0.0	0.0	0.0	0.0	0.0	0.0	0.0	0.0	45.77233965438283	0.0	0.0	0.0	0.0	0.0	0.0	0.0	0.0
GSM4138110_HNSCC_1_PBMC_CACAGTAGTCTCCATC	0.0	0.0	0.0	30.129978220345393	0.0	135.0463355923946	25.652903887064685	0.0	0.0	0.0	60.1241062654656	0.0	0.0	0.0	0.0	4.634991320054775	0.0	0.0	0.0	0.0	0.0	0.0	0.0
GSM4138110_HNSCC_1_PBMC_CACATAGCAAAGCGGT	46.39225978014246	0.0	0.0	0.0	0.0	0.0	0.0	0.0	0.0	0.0	0.0	0.0	22.591673642371884	0.0	0.0	0.0	0.0	0.0	86.14353920506592	0.0	0.0	0.0	0.0
GSM4138110_HNSCC_1_PBMC_CACATAGCACCTCGTT	0.0	0.0	85.37343517725454	0.0	0.0	0.0	0.0	0.0	0.0	0.0	0.0	0.0	54.10338262100937	0.0	0.0	70.44618197532239	0.0	0.0	0.0	0.0	0.0	0.0	0.0
GSM4138110_HNSCC_1_PBMC_CACATTTGTGCACTTA	0.0	56.53848138398811	25.283989226648693	34.72882228315479	0.0	0.0	19.91754715771276	0.0	0.0	0.0	0.0	46.30210505971492	0.0	0.0	0.0	0.0	0.0	0.0	0.0	0.0	0.0	0.0	0.0
GSM4138110_HNSCC_1_PBMC_CACATTTTCCCATTAT	0.0	19.61119777900575	68.77691478184805	56.317147776204905	0.0	28.54827391018706	0.0	0.0	0.0	11.515207345497842	0.0	0.0	0.0	0.0	0.0	0.0	0.0	0.0	0.0	0.0	0.0	0.0	0.0
GSM4138110_HNSCC_1_PBMC_CACATTTTCTGGTTCC	13.359681279072126	17.222899060133702	0.0	0.0	0.0	52.35174390178563	0.0	0.0	45.11156217717518	0.0	44.41183992248147	0.0	0.0	0.0	0.0	0.0	17.55086785375275	0.0	0.0	0.0	0.0	0.0	0.0
GSM4138110_HNSCC_1_PBMC_CACCAGGTCGTGGGAA	51.640828964734816	0.0	29.860772851057046	0.0	65.43085666952403	84.0279958961929	0.0	0.0	0.0	0.0	0.0	0.0	0.0	0.0	0.0	0.0	0.0	0.0	0.0	0.0	0.0	0.0	0.0
GSM4138110_HNSCC_1_PBMC_CAGCAGCCAATGGTCT	52.45117042514685	0.0	0.0	0.0	0.0	0.0	0.0	75.45410731102633	0.0	0.0	0.0	0.0	0.0	0.0	0.0	0.0	0.0	31.420590945559894	0.0	0.0	0.0	0.0	0.0
GSM4138110_HNSCC_1_PBMC_CAGCATAGTCCGAGTC	0.0	37.88146168852137	0.0	0.0	37.5104781074879	0.0	0.0	0.0	98.16319588761097	0.0	0.0	0.0	0.0	0.0	0.0	0.0	0.0	0.0	0.0	0.0	0.0	0.0	0.0
GSM4138110_HNSCC_1_PBMC_CAGCCGAAGCCCAACC	0.0	64.6113272192808	0.0	0.0	0.0	0.0	33.76278619347201	0.0	38.02505506949272	0.0	0.0	0.0	0.0	0.0	0.0	53.707846217705665	0.0	0.0	0.0	0.0	0.0	0.0	0.0
GSM4138110_HNSCC_1_PBMC_CAGCCGACATCGACGC	0.0	0.0	60.50540072062513	0.0	0.0	43.260557504353166	0.0	0.0	0.0	20.74872694393257	0.0	0.0	0.0	0.0	0.0	27.686641882777643	37.19453827003647	0.0	0.0	0.0	0.0	0.0	0.0
GSM4138110_HNSCC_1_PBMC_CATATTCTCCGCGTTT	0.0	63.66695159547358	67.5506112256437	0.0	0.0	0.0	1.3168802262787513	0.0	0.0	0.0	54.669686939340615	0.0	0.0	0.0	0.0	0.0	0.0	0.0	0.0	0.0	0.0	0.0	0.0
GSM4138110_HNSCC_1_PBMC_CCAATCCCATTAGCCA	0.0	61.429794340499534	94.71112305324688	0.0	0.0	0.0	0.0	0.0	0.0	0.0	80.11151915338857	0.0	0.0	0.0	0.0	0.0	11.895884685781612	0.0	0.0	0.0	0.0	0.0	0.0
GSM4138110_HNSCC_1_PBMC_CCACGGAAGATCGGGT	0.0	49.071965493499675	0.0	67.53091339231771	0.0	9.762772834598554	0.0	0.0	60.17103657563456	0.0	0.0	0.0	0.0	0.0	0.0	64.7898433489016	0.0	0.0	0.0	0.0	0.0	0.0	0.0
GSM4138110_HNSCC_1_PBMC_CCATGTCAGAGGTAGA	0.0	0.0	0.0	46.68965395196167	56.67300949883708	0.0	74.36781746989122	0.0	0.0	0.0	0.0	0.0	44.79355335205796	0.0	0.0	0.0	0.0	0.0	4.2695410904721625	0.0	0.0	0.0	0.0
GSM4138110_HNSCC_1_PBMC_CCATGTCCATGCCCGA	0.0	43.06333284965085	55.180744768983324	40.01227349611872	36.14683968638255	0.0	25.02311602623104	0.0	0.0	0.0	0.0	0.0	0.0	0.0	0.0	0.0	0.0	0.0	0.0	41.456724149820424	0.0	0.0	0.0
GSM4138110_HNSCC_1_PBMC_CCGGTAGAGCTCCTCT	0.0	52.798703595759484	0.0	0.0	16.024680229758733	0.0	80.48381364413395	37.34970378356441	4.358414928151608	0.0	0.0	0.0	0.0	0.0	0.0	0.0	0.0	15.795724914574377	0.0	0.0	0.0	0.0	0.0
GSM4138110_HNSCC_1_PBMC_CCTCTGAAGGGATCTG	0.0	52.585056261858284	0.0	0.0	0.0	0.0	40.42071156805254	71.31312164745377	7.274556029281967	0.0	0.0	0.0	0.0	0.0	0.0	0.0	0.0	0.0	0.0	0.0	0.0	0.0	0.0
GSM4138110_HNSCC_1_PBMC_CGAACATGTTCGTTGA	82.00956526083111	10.664857282170903	0.0	0.0	0.0	9.489187202713014	0.0	43.861315428646876	0.0	15.387807135113626	0.0	0.0	0.0	0.0	0.0	0.0	0.0	0.0	0.0	0.0	0.0	0.0	0.0
GSM4138110_HNSCC_1_PBMC_CGAACATTCTGTCCGT	0.0	76.41773985965278	0.0	0.0	0.0	0.0	75.37728779457973	0.0	0.0	0.0	24.754189298893028	0.0	0.0	0.0	0.0	0.0	36.395256846680034	0.0	0.0	0.0	0.0	0.0	0.0
GSM4138110_HNSCC_1_PBMC_CGAATGTAGCGTCTAT	0.0	41.972376060656444	9.82115746621336	0.0	0.0	0.0	30.758664709249548	0.0	0.0	0.0	12.65832818251005	0.0	0.0	0.0	0.0	0.0	39.77846735609201	16.93131066182349	0.0	0.0	0.0	0.0	0.0
GSM4138110_HNSCC_1_PBMC_CGGGTCAAGTCTCGGC	0.0	13.94350679302404	122.55870435952592	0.0	0.0	0.0	0.0	0.0	0.0	0.0	0.0	59.62981868892697	0.0	0.0	0.0	0.0	0.0	1.654727371620265	0.0	0.0	0.0	0.0	0.1613230254870681
GSM4138110_HNSCC_1_PBMC_CGTCTACCAAGCGTAG	0.0	0.0	0.0	0.0	0.0	1.7073931034460985	79.72347106914104	0.0	0.0	9.163959585217569	101.2998625710236	0.0	53.47030819442772	0.0	0.0	22.74576518564709	0.0	0.0	0.0	0.0	0.0	0.0	0.0
GSM4138110_HNSCC_1_PBMC_CGTGTCTAGGTCGGAT	20.70841926914939	80.10553365442138	58.12036554024895	0.0	82.36157253338558	0.0	1.771097230006986	0.0	0.0	0.0	0.0	0.0	0.0	0.0	0.0	0.0	0.0	0.0	0.0	0.0	0.0	0.0	0.0
GSM4138110_HNSCC_1_PBMC_CGTTAGACATCCAACA	0.0	21.33100749421468	121.77783028311418	0.0	0.0	0.0	0.0	0.0	0.0	0.0	3.598118459601695	30.706286773482077	0.0	0.0	0.0	0.0	0.0	0.0	0.0	0.0	0.0	0.0	0.0
GSM4138110_HNSCC_1_PBMC_CGTTGGGCATATGCTG	65.63607281942332	0.0	0.0	0.0	0.0	0.0	0.0	36.68427852671321	0.0	0.0	0.0	0.0	39.12463984113493	0.0	33.84510825831488	0.0	0.0	0.0	0.0	0.0	0.0	0.0	0.0
GSM4138110_HNSCC_1_PBMC_CTAATGGTCTCGCTTG	4.7164982545141605	8.149131124115069	26.760142602185194	0.0	0.0	51.53602404082806	0.0	0.0	0.0	0.0	14.492194942639252	37.38337054209876	0.0	0.0	0.0	0.0	0.0	0.0	0.0	0.0	0.0	0.0	0.0
GSM4138110_HNSCC_1_PBMC_CTACATTTCACCAGGC	55.15935074110439	0.0	0.0	0.0	0.0	0.0	0.0	0.0	5.203273737416746	0.0	0.0	14.168535628927026	0.0	0.0	0.0	52.77826510623945	0.0	43.014947819264435	0.0	0.0	0.0	0.0	25.760604865142408
GSM4138110_HNSCC_1_PBMC_CTACGTCTCGAACGGA	69.69484965464889	36.82695771201005	0.0	0.0	32.03526913302525	0.0	0.0	0.0	0.0	0.0	0.0	0.0	0.0	0.0	0.0	0.0	0.0	0.0	0.0	0.0	0.0	0.0	0.0
GSM4138110_HNSCC_1_PBMC_CTAGAGTCACTTACGA	0.0	0.0	56.717501575067196	0.0	0.0	0.0	0.0	0.0	0.0	9.212653076298428	73.83820047344648	0.0	26.631993380653864	0.0	0.0	19.187322455924686	13.367591450381036	0.0	0.0	0.0	0.0	0.0	0.0
GSM4138110_HNSCC_1_PBMC_CTCAGAATCCGGGTGT	0.0	0.0	0.0	89.7418027972568	0.0	0.0	10.339485093959563	0.0	40.70314098000822	25.44245941199584	0.0	0.0	16.502893103438563	0.0	0.0	0.0	0.0	0.0	0.0	0.0	0.0	0.0	0.0
GSM4138110_HNSCC_1_PBMC_CTCGGGATCAATACCG	8.592572574395579	59.900301443716955	0.0	0.0	0.0	0.0	0.0	0.0	87.57583167557047	0.0	0.0	0.0	0.0	0.0	165.40257502407067	0.0	0.0	0.0	0.0	0.0	0.0	0.0	0.0
GSM4138110_HNSCC_1_PBMC_CTCGTACAGATCGGGT	163.43627285799766	157.15208983187125	0.0	57.520196569814935	43.41296172719538	76.45926273002401	0.0	12.584161541916323	0.0	0.0	0.0	0.0	0.0	0.0	105.28245078310951	0.0	0.0	0.0	0.0	0.0	0.0	0.0	0.0
GSM4138110_HNSCC_1_PBMC_CTCGTACTCTGTCCGT	0.0	28.162939002954708	103.90006370970005	89.83235064404104	0.0	29.30271437812419	0.0	0.0	0.0	0.0	0.0	0.0	0.0	0.0	0.0	0.0	0.0	0.0	0.0	0.0	0.0	0.0	0.0
GSM4138110_HNSCC_1_PBMC_CTCTGGTAGGCGTACA	0.0	0.0	14.645546307128015	0.042849768904163074	0.0	19.126914752939268	0.0	0.0	0.0	0.0	19.231750836013827	0.0	0.0	43.24811179305894	0.0	0.0	28.67127712624671	0.0	0.0	0.0	0.0	0.0	0.0
GSM4138110_HNSCC_1_PBMC_CTGAAACTCCGAGCCA	0.0	62.4795903087452	0.0	0.0	0.0	0.0	51.611500935593504	0.0	0.0	0.0	41.779034886789425	0.0	0.0	0.0	0.0	0.0	40.796672910221	0.0	0.0	0.0	0.0	0.0	0.0
GSM4138110_HNSCC_1_PBMC_CTGAAGTAGCGATCCC	9.282430047511042	0.0	0.0	0.0	0.0	37.37654117002462	59.75910708648179	0.0	0.0	0.0	0.0	0.0	0.0	0.0	0.0	0.0	0.0	16.819128531323518	61.916934393731445	0.0	0.0	0.0	0.0
GSM4138110_HNSCC_1_PBMC_CTGATAGAGATCTGCT	0.0	13.125074435491058	0.0	0.0	0.0	84.49621883671104	0.0	0.0	37.36233473108909	0.0	0.0	0.0	0.0	0.0	24.322345973603856	0.0	0.0	0.0	37.54204040732278	0.0	0.0	0.0	0.0
GSM4138110_HNSCC_1_PBMC_CTGATAGAGCCTTGAT	0.0	34.36222912326676	77.06439584036087	57.98340776494166	0.0	34.615543644775904	0.0	0.0	0.0	0.0	0.0	0.0	0.0	0.0	20.07499946408941	0.0	0.0	0.0	0.0	0.0	0.0	0.0	0.0
GSM4138110_HNSCC_1_PBMC_CTGCCTAAGGTGCTTT	0.0	0.0	0.0	0.0	0.0	0.0	0.0	0.0	96.2567911128344	0.0	0.0	0.0	47.96130711191054	19.894998919721747	0.0	0.0	0.0	0.0	44.603498000149095	0.0	0.0	0.0	0.0
GSM4138110_HNSCC_1_PBMC_CTGCCTATCACGACTA	58.53288806762955	25.16812331609904	0.0	0.0	21.751486427015102	0.0	0.0	0.0	0.0	0.0	0.0	0.0	0.0	0.0	50.130863288155105	0.0	0.0	0.0	23.033616642888028	0.0	0.0	0.0	0.0
GSM4138110_HNSCC_1_PBMC_CTGGTCTTCGAGAACG	45.726640240399504	56.95070108587677	0.0	0.0	40.467135332073326	0.0	0.0	5.111246183607876	0.0	0.0	0.0	0.0	0.0	0.0	0.0	0.0	0.0	0.0	0.0	0.0	0.0	0.0	0.0
GSM4138110_HNSCC_1_PBMC_CTGTTTAAGTGGAGTC	78.63752211961655	55.43606721849025	0.0	0.0	11.479535636930345	0.0	0.0	0.0	0.0	0.0	22.25581804642592	0.0	0.0	0.0	0.0	0.0	0.0	0.0	0.0	0.0	0.0	0.0	0.0
GSM4138110_HNSCC_1_PBMC_GAACATCTCCCTAATT	125.11750040216377	70.82943904297083	0.0	0.0	0.0	0.0	0.0	0.0	0.0	0.0	0.0	12.224539697601882	0.0	0.0	0.0	0.0	88.7764291466833	0.0	0.0	0.0	0.0	0.0	0.0
GSM4138110_HNSCC_1_PBMC_GAACCTATCTGAGGGA	0.0	0.9205839417356766	37.66529503305793	0.0	0.0	35.597196549827025	0.0	0.0	4.540787076011924	0.0	0.0	0.0	0.0	14.709353304121452	57.424359057824944	0.0	0.0	0.0	13.158151250584119	0.0	0.0	0.0	0.0
GSM4138110_HNSCC_1_PBMC_GAATGAATCAGTTAGC	0.0	62.62601982603138	0.0	64.6970636620019	0.0	0.0	26.172232963292263	0.0	0.0	0.0	0.0	0.0	0.0	0.0	0.0	1.0689020709613803	0.0	0.0	0.0	0.0	0.0	0.0	0.0
GSM4138110_HNSCC_1_PBMC_GATCGATAGTACACCT	35.62611758044244	0.0	0.0	0.0	0.0	0.0	9.917171206510934	0.0	16.69988025616355	3.564696153808988	32.1739456964059	29.76033878470684	44.93684998955866	0.0	0.0	0.0	0.0	0.0	0.0	0.0	0.0	0.0	0.0
GSM4138110_HNSCC_1_PBMC_GATCGATTCAGCATGT	0.0	0.0	109.97289777020322	32.38855251946693	0.0	81.8078213819458	0.0	0.0	0.0	0.0	0.0	0.0	0.0	0.0	0.0	60.00637183059732	0.0	0.0	0.0	0.0	0.0	0.0	0.0
GSM4138110_HNSCC_1_PBMC_GATGAAATCCAAGCCG	0.0	0.0	37.53946953957628	0.0	0.0	94.58057345570164	0.0	0.0	0.0	0.0	51.80847833049568	29.87788066627471	0.0	0.0	0.0	0.0	0.0	0.0	0.0	0.0	0.0	0.0	0.0
GSM4138110_HNSCC_1_PBMC_GCACATAAGGTGTGGT	0.0	0.0	0.0	0.0	0.0	0.0	58.006666807424175	0.0	0.0	133.4725937660398	0.0	0.0	0.0	0.0	0.0	0.0	51.48865165335967	0.0	0.0	0.0	0.0	0.0	0.0
GSM4138110_HNSCC_1_PBMC_GCACTCTGTACAGTGG	0.0	0.0	0.0	0.0	171.26731599919347	0.0	0.0	0.0	46.33041505842617	30.157709103456074	0.0	0.0	42.87838371872312	0.0	0.0	0.0	0.0	0.0	0.0	0.0	0.0	0.0	0.0
GSM4138110_HNSCC_1_PBMC_GCCTCTAAGTTAAGTG	38.13148454791083	0.0	0.0	0.0	48.37141246167124	0.0	0.0	7.714690961554732	0.0	37.787031006104954	0.0	0.0	0.0	11.648830095566064	0.0	0.0	0.0	0.0	0.0	0.0	0.0	0.0	0.0
GSM4138110_HNSCC_1_PBMC_GCCTCTAGTTGAACTC	0.0	50.12522946830102	58.05803651729726	59.584587055866635	0.0	0.0	0.0	0.0	0.0	0.0	0.0	0.0	0.0	0.0	0.0	0.0	0.0	0.0	0.0	0.0	0.0	0.0	0.0
GSM4138110_HNSCC_1_PBMC_GCGAGAAAGTGACATA	160.09211028138125	0.0	0.0	0.0	72.98784703992881	0.0	0.0	0.0	0.0	29.08336079032772	13.466806861455359	0.0	6.749174745139904	0.0	0.0	0.0	0.0	0.0	0.0	0.0	0.0	0.0	0.0
GSM4138110_HNSCC_1_PBMC_GCTGCAGGTCCTCTTG	0.0	0.0	75.03450840712799	8.460839222942996	0.0	30.095386559494553	0.0	0.0	0.0	0.0	0.0	74.95172482800274	0.0	0.0	0.0	0.0	0.0	0.0	0.0	0.0	0.0	0.0	0.0
GSM4138110_HNSCC_1_PBMC_GGAAAGCAGTCAATAG	0.0	0.0	88.12478700898721	70.77910419753722	0.0	51.65681232492859	0.0	0.0	0.0	0.0	0.0	24.32329570535399	0.0	0.0	0.0	0.0	0.0	0.0	0.0	0.0	0.0	0.0	0.0
GSM4138110_HNSCC_1_PBMC_GGAACTTGTTTACTCT	0.0	0.0	8.671188156486785	0.0	0.0	0.0	52.89751640005333	0.0	0.0	0.0	15.668481871321736	0.0	47.83132938901283	0.0	0.0	32.3807288748394	0.0	0.0	0.0	0.0	0.0	0.0	0.0
GSM4138110_HNSCC_1_PBMC_GGCAATTGTCCTCTTG	0.0	0.0	20.426370533627917	0.0	0.0	58.71724340936281	1.029957660646845	0.0	0.0	0.0	19.26654773874332	0.0	0.0	0.0	0.0	18.86088673895897	27.304790248973728	0.0	0.0	0.0	0.0	0.0	0.0
GSM4138110_HNSCC_1_PBMC_GGGACCTAGGCCCTTG	51.42541743375708	24.870722276792858	0.0	0.0	60.36318488163092	0.0	0.0	0.0	0.0	0.0	0.0	0.0	0.0	0.0	0.0	0.0	0.0	0.0	0.0	0.0	0.0	0.0	0.0
GSM4138110_HNSCC_1_PBMC_GGGACCTTCGTCCAGG	0.0	0.0	0.0	0.0	0.0	0.0	0.0	0.0	43.102659770218324	12.363580782605704	0.0	0.0	41.81665603533176	0.0	46.71836854961549	0.0	0.0	0.0	32.689460940218595	0.0	0.0	0.0	0.0
GSM4138110_HNSCC_1_PBMC_GGGATGACAATGGTCT	85.5359497042511	0.0	0.0	71.81483331484318	0.0	0.0	0.0	0.0	0.0	5.558831541577218	0.0	0.0	15.95844371479007	0.0	0.0	0.0	0.0	0.0	0.0	0.0	0.0	0.0	0.0
GSM4138110_HNSCC_1_PBMC_GGGCACTGTCTAGGTT	101.19259509723874	60.080002967978814	0.0	0.0	63.30992967820496	5.058974670700038	0.0	27.987386817736596	0.0	0.0	0.0	0.0	0.0	0.0	0.0	0.0	0.0	0.0	0.0	0.0	0.0	0.0	0.0
GSM4138110_HNSCC_1_PBMC_GGTATTGTCCTTCAAT	0.0	21.58327836844079	0.0	0.0	0.0	41.283381806907684	71.96968217935	0.0	0.0	0.0	0.0	0.0	22.370735458460473	0.0	0.0	0.0	47.952050381976136	0.0	0.0	0.0	0.0	0.0	0.0
GSM4138110_HNSCC_1_PBMC_GGTGTTACAATCCAAC	0.0	0.0	0.0	49.14832143580528	0.0	46.85813474977128	63.97241740216387	0.0	0.0	0.0	0.0	0.0	0.0	0.0	0.0	0.0	0.0	0.0	0.0	0.0	0.0	0.0	0.0
GSM4138110_HNSCC_1_PBMC_GGTGTTACAGCCACCA	0.0	38.054978716887774	0.0	0.0	31.01255087220323	0.0	7.755140231766473	0.0	60.50660591548245	0.0	0.0	0.0	0.0	0.0	0.0	0.0	0.0	0.0	43.82903048347784	0.0	0.0	0.0	0.0
GSM4138110_HNSCC_1_PBMC_GTAACGTTCGTATCAG	94.64571866800277	100.93997840287555	0.0	0.0	61.822514138966596	0.0	0.0	0.0	0.0	0.0	0.0	0.0	0.0	0.0	79.42547514806105	0.0	0.0	0.0	0.0	0.0	0.0	0.0	0.0
GSM4138110_HNSCC_1_PBMC_GTATTCTTCTTCCTTC	71.51514131470358	55.60919709795973	0.0	0.0	16.90042357592463	0.0	0.0	0.0	0.0	0.0	55.655151963932056	0.0	0.0	0.0	0.0	0.0	0.0	0.0	0.0	0.0	0.0	0.0	0.0
GSM4138110_HNSCC_1_PBMC_GTCAAGTGTGGGTATG	79.58726404775811	0.0	0.0	0.0	2.219179449072854	0.0	0.0	53.64936477604979	0.0	70.19348462662657	0.0	0.0	0.0	0.0	0.0	0.0	0.0	0.0	0.0	0.0	0.0	0.0	0.0
GSM4138110_HNSCC_1_PBMC_GTCACGGGTGCAACGA	0.0	437.6361054317482	0.0	0.0	0.0	64.53690721995275	0.0	0.0	0.0	0.0	0.0	0.0	0.0	507.30045670863757	60.917349335319706	0.0	0.0	276.86602927755257	0.0	0.0	196.70533249470586	0.0	0.0
GSM4138110_HNSCC_1_PBMC_GTGCGGTCAAGGTGTG	0.0	0.0	0.0	25.539018070917116	0.0	86.30205703062224	92.56124496190193	0.0	0.0	0.0	27.469016669700082	25.898862684281184	0.0	0.0	0.0	0.0	0.0	0.0	0.0	0.0	0.0	0.0	0.0
GSM4138110_HNSCC_1_PBMC_GTGTGCGAGGAGCGAG	0.0	18.433922341475853	47.57447069580404	0.0	0.0	0.0	0.0	0.0	0.0	0.0	139.94499274819975	0.0	0.0	0.0	0.0	0.0	0.0	16.564176249525207	0.0	0.0	0.0	0.0	0.0
GSM4138110_HNSCC_1_PBMC_GTGTGCGCAAGTCATC	21.0137088343326	34.06718770659353	65.34202612794189	0.0	0.0	0.0	0.0	64.33759594454177	22.640844771311553	0.0	0.0	0.0	0.0	9.168820154965125	0.0	0.0	0.0	0.0	0.0	0.0	0.0	0.0	0.0
GSM4138110_HNSCC_1_PBMC_TAAACCGTCATCTGTT	0.0	0.0	79.13680148110171	60.82994060333606	0.0	0.0	0.0	0.0	5.085369441132823	0.0	0.0	0.0	41.56310640042795	5.163018089197024	0.0	0.0	0.0	0.0	0.0	0.0	0.0	0.0	0.0
GSM4138110_HNSCC_1_PBMC_TAAGCGTCAATGGATA	0.0	94.23144806771191	57.08742250486936	0.0	84.78044864840875	0.0	0.0	0.0	0.0	0.0	0.0	0.0	0.0	0.0	0.0	0.0	0.0	0.0	0.0	0.0	0.0	0.0	0.0
GSM4138110_HNSCC_1_PBMC_TACACGATCCTGCCAT	53.805860063859534	116.03276300586644	0.0	19.786725354135484	0.0	0.0	0.0	0.0	0.0	0.0	0.0	35.834410992711334	0.0	31.65673421658228	32.38700591393936	0.0	0.0	0.0	0.0	0.0	0.0	0.0	0.0
GSM4138110_HNSCC_1_PBMC_TACCTTAAGGCTAGAC	0.0	0.0	44.45748631751497	0.0	25.273892893842554	0.0	0.0	24.791263699600798	0.0	46.13230632592958	0.0	0.0	0.0	28.925309482401673	21.672083905502912	0.0	0.0	0.0	0.0	0.0	0.0	0.0	0.0
GSM4138110_HNSCC_1_PBMC_TACGGATCAGGGTATG	51.62881863558328	45.74665985422923	0.0	0.0	74.25596109657704	0.0	0.0	0.18039322863192206	24.226913482551915	0.0	0.0	0.0	0.0	0.0	0.0	0.0	0.0	0.0	0.0	0.0	0.0	0.0	0.0
GSM4138110_HNSCC_1_PBMC_TAGAGCTCAGATGGCA	11.174335366636255	0.0	20.018436794411265	0.0	0.0	0.0	30.330881080241248	0.0	0.0	0.0	0.0	52.531317869039455	79.05280714946628	0.0	0.0	0.0	0.0	0.0	0.0	0.0	0.0	0.0	0.0
GSM4138110_HNSCC_1_PBMC_TAGCCGGAGAAGGCCT	0.0	30.298952866332634	41.91558965329705	11.306127974211392	0.0	32.93269141342363	31.72488370401904	0.0	0.0	0.0	56.709364406912016	0.0	0.0	0.0	0.0	0.0	2.152085300976948	0.0	0.0	0.0	0.0	0.0	0.0
GSM4138110_HNSCC_1_PBMC_TATCTCAAGGTGCACA	0.0	45.64058897331118	43.539605806829066	0.0	42.26696817965557	0.0	0.0	0.0	0.0	0.0	0.0	0.0	0.0	0.0	0.0	0.0	0.0	0.0	0.0	0.0	0.0	0.0	0.0
GSM4138110_HNSCC_1_PBMC_TCACAAGGTTCATGGT	49.74363713625263	0.0	0.0	71.63241430069628	0.0	0.0	0.0	0.0	0.0	0.0	0.0	0.0	27.014971765636272	0.0	0.0	0.0	0.0	0.0	0.0	0.0	0.0	0.0	0.0
GSM4138110_HNSCC_1_PBMC_TCACAAGTCTTGACGA	213.86869130026025	0.0	0.0	0.0	0.0	0.0	0.0	0.0	0.0	309.2545909971052	0.0	0.0	0.0	0.0	289.54664010610475	0.0	0.0	0.0	0.0	0.0	0.0	0.0	0.0
GSM4138110_HNSCC_1_PBMC_TCGAGGCTCGGAAATA	91.90468518505067	0.0	0.0	70.27763690847823	0.0	0.0	0.0	0.0	0.0	51.30484427834581	0.0	0.0	0.0	0.0	0.0	23.20570887403638	0.0	0.0	0.0	0.0	0.0	0.0	0.0
GSM4138110_HNSCC_1_PBMC_TCTATTGGTTTAGGAA	0.0	46.95683162092178	0.0	0.0	0.0	0.0	69.29887714506008	0.0	0.0	0.0	31.24912659847245	0.0	0.0	0.0	0.0	31.929093335303733	0.0	0.0	0.0	0.0	0.0	0.0	0.0
GSM4138110_HNSCC_1_PBMC_TCTATTGTCATCTGCC	0.0	0.0	0.0	31.42371731229774	0.0	48.283429755546024	21.837270591488334	0.0	0.0	0.0	0.0	0.0	0.0	0.0	0.0	0.0	0.0	0.0	0.0	0.0	0.0	0.0	0.0
GSM4138110_HNSCC_1_PBMC_TCTTCGGCACCCTATC	0.0	40.18006137384018	6.892419675693589	26.03756083594309	0.0	0.0	0.0	0.0	39.12121312585439	0.0	0.0	0.0	0.0	54.1997896683417	43.18693819035868	0.0	0.0	0.0	0.0	0.0	0.0	0.0	0.0
GSM4138110_HNSCC_1_PBMC_TGGGCGTTCACAGGCC	0.0	0.0	0.0	0.0	0.0	1540.1536582605036	0.0	0.0	0.0	0.0	0.0	0.0	48.083079775894994	0.0	0.0	0.0	0.0	0.0	0.0	0.0	0.0	919.9108371596989	201.20320602933924
GSM4138110_HNSCC_1_PBMC_TGTGTTTGTTAAAGAC	0.0	0.0	0.0	40.50099956621132	0.0	0.0	120.84169707725157	0.0	0.0	25.108859426904765	0.0	79.4408265983514	127.25933908241966	0.0	0.0	0.0	0.0	0.0	0.0	0.0	0.0	0.0	0.0
GSM4138110_HNSCC_1_PBMC_TGTTCCGCACGGCGTT	165.6991625548197	190.5668445807334	0.0	0.0	0.0	0.0	0.0	0.0	8.684652550778543	0.0	0.0	0.0	0.0	0.0	0.0	0.0	226.55537026125512	0.0	0.0	0.0	0.0	0.0	0.0
GSM4138110_HNSCC_1_PBMC_TTAGGCAAGGCTAGCA	67.99638725610838	0.4659827991279471	3.0551484454159206	0.0	0.0	57.06893907088868	0.08696484416901183	0.0	0.0	0.0	0.0	0.0	0.0	0.0	0.0	0.0	63.93566733939096	0.0	0.0	0.0	0.0	0.0	0.0
GSM4138110_HNSCC_1_PBMC_TTCCCAGCACATGGGA	68.08298659244578	0.0	0.0	0.0	0.0	0.0	0.0	0.0	0.0	0.0	0.0	0.0	0.0	0.0	0.0	0.0	0.0	0.0	0.0	56.319074053420806	85.80726412290444	0.0	0.0
GSM4138110_HNSCC_1_PBMC_TTCGGTCAGACCCACC	0.0	30.03046196394535	0.0	0.0	0.0	0.0	0.0	68.60737527782334	0.0	0.0	0.0	0.0	0.0	45.08651585273554	0.0	0.0	0.0	0.0	0.0	0.0	0.0	0.0	0.0
GSM4138110_HNSCC_1_PBMC_TTCTCCTTCCTCAATT	73.3690474119449	53.38472586659113	3.6161023900093183	0.0	53.655078374466946	0.0	0.0	0.0	0.0	0.0	0.0	0.0	0.0	13.280764999841537	0.0	0.0	0.0	0.0	0.0	0.0	0.0	0.0	0.0
GSM4138110_HNSCC_1_PBMC_TTGAACGGTCGAAAGC	0.0	0.0	56.93516092470208	60.59816098722808	0.0	0.0	0.0	0.0	0.0	5.015840083960702	0.0	0.0	0.0	0.0	0.0	0.0	0.0	0.0	0.0	0.0	0.0	32.64602374849852	0.0
GSM4138110_HNSCC_1_PBMC_TTGCCGTAGTCAAGCG	0.0	0.0	65.31054953010192	0.0	0.0	45.27181320103305	2.754283104158672	0.0	0.0	0.0	10.732379196364063	0.0	0.0	0.0	0.0	88.66690255374131	0.0	0.0	0.0	0.0	0.0	0.0	0.0
GSM4138110_HNSCC_1_PBMC_TTGCGTCTCAAGGCTT	89.38659058908192	0.0	0.0	0.0	42.715261156622674	0.0	0.0	27.06175262049569	0.0	0.0	0.0	0.0	48.28738733539325	0.0	0.0	0.0	0.0	0.0	0.0	0.0	0.0	0.0	0.0
GSM4138110_HNSCC_1_PBMC_TTTATGCGTGCATCTA	0.0	18.15545336318468	0.0	0.0	31.490181222261384	0.0	0.0	0.0	0.0	0.0	0.0	9.764044979916788	0.0	70.56461049127256	0.0	0.0	0.0	0.0	2.697030617994997	0.0	0.0	0.0	0.0
GSM4138110_HNSCC_1_PBMC_TTTGCGCTCTTGTACT	39.94476493322193	33.98999461066441	0.0	0.0	0.0	0.0	0.0	0.0	0.0	0.0	0.0	0.0	0.0	0.0	92.70545142936479	0.0	0.0	0.0	0.0	0.0	0.0	0.0	0.0
GSM4138110_HNSCC_1_PBMC_TTTGGTTCACTTCTGC	0.0	0.0	143.25385253823077	3.799376535749425	0.0	60.034657707195	0.0	0.0	0.0	0.0	78.04464273049436	0.0	0.0	0.0	0.0	9.403719102148347	0.0	4.165074129300861	0.0	0.0	0.0	0.0	0.0
GSM4138110_HNSCC_1_PBMC_CTACACCAGTTGTAGA	0.0	0.0	0.0	0.0	0.0	100.4429233432598	18.870549080332474	0.0	79.17370794314954	0.0	0.0	144.01286735514228	0.0	0.0	0.0	0.0	0.0	0.0	16.95023561428225	0.0	0.0	0.0	0.0
GSM4138110_HNSCC_1_PBMC_AACTGGTGTCAGAATA	0.0	0.0	0.0	0.0	0.0	0.0	75.83960413659351	0.0	0.0	0.0	0.0	0.5985937110946906	35.586103371655035	0.0	27.166547290118228	0.0	0.0	0.0	26.626333803034687	0.0	0.0	0.0	0.0
GSM4138110_HNSCC_1_PBMC_AAACGGGTCCTCAACC	0.0	41.74828870769893	0.0	0.0	0.0	0.0	0.0	57.12073507109599	0.0	0.0	0.0	0.0	0.0	62.271020240924614	0.0	0.0	0.0	0.0	0.0	0.0	0.0	0.0	0.0
GSM4138110_HNSCC_1_PBMC_AAGGCAGAGGCGTACA	9.665093853369045	33.06526808113908	0.0	0.0	40.574045195415366	0.0	0.0	0.0	0.0	0.0	0.0	29.378817721341566	0.0	73.95373637165707	0.0	0.0	0.0	0.0	0.0	0.0	0.0	0.0	0.0
GSM4138110_HNSCC_1_PBMC_ACATGGTCAATGGAGC	0.0	50.58936170382857	0.0	30.05137389108293	0.0	0.0	0.0	0.0	97.2182227839486	0.0	0.0	30.315641928191347	0.0	0.0	0.0	0.0	0.0	0.0	0.0	0.0	0.0	0.0	0.0
GSM4138110_HNSCC_1_PBMC_ACGATGTGTTATCACG	0.2634544850816548	0.0	0.0	0.0	0.0	0.0	0.0	0.0	0.0	0.0	0.0	0.0	38.199579433101384	55.02109028714163	60.12338056830345	0.0	0.0	0.0	0.0	0.0	0.0	0.0	0.0
GSM4138110_HNSCC_1_PBMC_ACGGCCATCTCCCTGA	20.417967674132118	0.0	0.0	0.0	0.0	0.0	0.0	0.0	66.28696120007444	24.822243195376398	0.0	0.0	53.59771035690225	0.0	112.35483178704767	0.0	0.0	0.0	0.0	0.0	0.0	0.0	0.0
GSM4138110_HNSCC_1_PBMC_AGCTCTCTCATTGCCC	0.0	142.87106665421507	50.64291063508654	47.580625163237436	0.0	0.0	55.87237032445191	0.0	0.0	0.0	0.0	29.733024754862676	0.0	0.0	0.0	0.0	25.5985687568339	0.0	0.0	0.0	0.0	0.0	0.0
GSM4138110_HNSCC_1_PBMC_AGGTCATTCTCTAGGA	17.27940622231358	71.99121981171304	21.949005590798123	69.73450407233776	0.0	0.0	4.26806491686022	0.0	29.38260165121341	0.0	0.0	0.0	0.0	2.5507376708112384	0.0	0.0	0.0	0.0	0.0	0.0	0.0	0.0	0.0
GSM4138110_HNSCC_1_PBMC_ATAGACCTCTGGTGTA	0.0	0.0	0.0	0.0	118.2426476106863	0.0	52.86015407839887	0.0	0.0	0.0	0.0	0.0	51.85260573504708	0.0	0.0	0.0	0.0	0.0	7.202298169395622	0.0	0.0	0.0	0.0
GSM4138110_HNSCC_1_PBMC_ATAGACCTCTTCCTTC	0.0	52.633845208087756	0.0	0.0	0.0	0.0	0.0	0.0	34.452990731558714	0.0	0.0	0.0	0.0	0.0	42.25145294631116	0.0	0.0	0.0	0.0	0.0	0.0	0.0	0.0
GSM4138110_HNSCC_1_PBMC_ATCTACTCACTGTGTA	0.0	0.0	68.19386050451952	0.0	0.0	74.65098331239732	0.0	0.0	0.0	0.0	0.0	0.0	0.0	0.0	0.0	0.0	82.6135279737301	0.0	0.0	0.0	0.0	0.0	0.0
GSM4138110_HNSCC_1_PBMC_ATCTGCCAGGAATCGC	0.0	0.0	0.0	0.0	34.3626653608627	68.84491938520074	0.0	30.56623590049424	0.0	0.0	0.0	0.0	0.0	73.67929600770096	0.0	0.0	0.0	0.0	0.0	0.0	0.0	0.0	0.0
GSM4138110_HNSCC_1_PBMC_ATGGGAGCATGGGAAC	0.0	0.0	38.848983078334086	0.0	0.0	273.78938856663297	0.0	0.0	0.0	0.0	0.0	0.0	0.0	170.4039520711875	0.0	0.0	0.0	0.0	136.32710666409884	0.0	0.0	0.0	0.0
GSM4138110_HNSCC_1_PBMC_ATGTGTGGTAGCTGCC	20.722847804612687	0.0	0.0	0.0	0.0	0.0	0.0	127.729490176097	0.0	48.771528589724376	0.0	0.0	0.0	0.0	0.0	0.0	0.0	0.0	0.0	0.0	0.0	0.0	0.0
GSM4138110_HNSCC_1_PBMC_CACAAACCATCCCACT	0.0	70.45650701016588	65.27429931171193	0.0	39.23798069425865	0.0	1.597942546068502	0.0	0.0	0.0	0.0	0.0	0.0	0.0	0.0	0.0	32.029092204487874	0.0	0.0	0.0	0.0	0.0	0.0
GSM4138110_HNSCC_1_PBMC_CACCACTAGTTACCCA	3.7342267453758717	68.20429209915896	0.0	0.0	85.0593949717194	0.0	0.0	0.0	0.0	0.0	0.0	0.0	0.0	76.3099458993864	0.0	0.0	0.0	0.0	0.0	0.0	0.0	0.0	0.0
GSM4138110_HNSCC_1_PBMC_CATGCCTTCAGCTCTC	0.0	80.46625599127522	0.0	0.0	22.7808563922871	0.0	0.0	0.0	94.87968346759381	0.0	0.0	0.0	0.0	0.0	7.450078941849236	0.0	0.0	0.0	0.0	53.46387017072225	0.0	0.0	0.0
GSM4138110_HNSCC_1_PBMC_CATGGCGCATGTTCCC	0.0	0.0	8.827729478804168	0.0	81.62015733400699	0.0	0.0	38.10474863582502	0.0	91.2756247725289	0.0	0.0	0.0	33.3658861048725	0.0	0.0	0.0	0.0	0.0	0.0	0.0	0.0	0.0
GSM4138110_HNSCC_1_PBMC_CCACCTAGTAGTACCT	0.0	25.04106121218023	0.0	0.0	0.0	12.202806491839455	0.0	0.0	109.62025729981607	0.0	0.0	52.768268936357735	0.0	0.8661634647325139	0.0	0.0	0.0	22.575445338082133	0.0	0.0	0.0	0.0	0.0
GSM4138110_HNSCC_1_PBMC_CCGTTCAGTATATCCG	0.0	58.182922128935516	0.0	90.76547616506011	0.0	0.0	0.0	0.0	55.699814371544804	0.0	0.0	0.0	0.0	0.0	0.0	0.0	0.0	36.788873283340855	0.0	0.0	0.0	0.0	0.0
GSM4138110_HNSCC_1_PBMC_CCTACACGTCCGAAGA	28.078977319491283	51.11475448146902	0.0	0.0	0.0	0.0	0.0	0.0	43.938757063568644	0.0	37.63986600486692	0.0	0.0	0.0	0.0	8.981527333834947	0.0	0.0	0.0	0.0	0.0	0.0	0.0
GSM4138110_HNSCC_1_PBMC_CCTCTGAGTCGCGAAA	89.25027213425524	0.0	0.0	0.0	0.0	87.03864928146267	0.0	0.0	0.0	0.0	0.0	0.0	0.0	9.85979701083576	75.08393439523084	0.0	0.0	0.0	29.476626390155793	0.0	0.0	0.0	0.0
GSM4138110_HNSCC_1_PBMC_CGCTGGAAGGCATGTG	0.0	4.5600359353312285	51.69758492641454	89.9351466861396	0.0	63.238663192052826	0.0	0.0	0.0	0.0	0.0	0.0	0.0	9.851912577338263	0.0	0.0	0.0	0.0	0.0	0.0	0.0	0.0	0.0
GSM4138110_HNSCC_1_PBMC_CGGAGTCTCACAATGC	0.0	20.523270908580017	74.50106063850266	0.0	0.0	0.0	0.0	0.0	0.0	0.0	15.788322526046251	0.0	21.739853270872505	0.0	0.0	54.98066209820716	0.0	0.0	0.0	0.0	0.0	0.0	0.0
GSM4138110_HNSCC_1_PBMC_CGGCTAGAGCTACCGC	0.0	40.82798524657562	0.0	0.0	7.585802599131736	21.192633179640048	0.0	89.95796125570857	58.44235081198461	0.0	0.0	0.0	0.0	0.0	0.0	0.0	0.0	0.0	0.0	0.0	0.0	0.0	0.0
GSM4138110_HNSCC_1_PBMC_CGTTGGGCAAGCCGCT	0.0	0.0	0.0	8.5702042179692	0.0	67.90941874749063	49.70938103159208	0.0	0.0	0.0	45.96320138077174	0.0	0.0	0.0	0.0	0.0	0.0	0.0	0.0	0.0	0.0	0.0	0.0
GSM4138110_HNSCC_1_PBMC_CTCAGAAGTCCGACGT	0.0	0.0	69.32760201932045	0.0	72.94673661670852	46.57632193747825	0.0	0.0	0.0	0.0	0.0	0.0	0.0	0.0	0.0	0.0	0.0	0.0	0.0	0.0	0.0	0.0	0.0
GSM4138110_HNSCC_1_PBMC_CTCGTACCACGCGAAA	60.24890940491225	0.0	0.0	0.0	0.0	0.0	0.0	0.0	0.0	0.0	56.93781695170862	0.0	0.0	0.0	0.0	0.0	0.0	54.052013430026435	0.0	0.0	0.0	0.0	0.0
GSM4138110_HNSCC_1_PBMC_GAAATGAAGAGCCTAG	124.43792012552166	55.18300465099853	0.0	96.76388128182079	0.0	0.0	0.0	0.0	0.0	0.0	0.0	0.0	36.03970427118875	0.0	0.0	0.0	0.0	0.0	0.0	0.0	0.0	0.0	0.0
GSM4138110_HNSCC_1_PBMC_GACGTTATCTAACCGA	60.61446693043692	85.43470721574833	0.0	0.0	0.0	0.0	0.0	0.0	0.0	0.0	0.0	59.729430708831906	0.0	0.0	0.0	0.0	0.0	0.0	0.0	0.0	0.0	0.0	0.0
GSM4138110_HNSCC_1_PBMC_GACTGCGTCGGCATCG	58.19304561692542	0.0	0.0	0.0	0.0	0.0	0.0	0.0	0.0	0.0	0.0	0.0	40.00987374102345	0.0	0.0	0.0	0.0	0.0	79.77075962662279	4.464541111166159	0.0	20.714587352905724	0.0
GSM4138110_HNSCC_1_PBMC_GATGAGGAGGCTAGCA	0.0	3.116059587692459	53.08959407236056	82.52411106185454	0.0	11.054476961872291	0.0	0.0	0.0	30.047414536704242	0.0	0.0	0.0	0.0	0.0	0.0	0.0	0.0	0.0	0.0	0.0	0.0	0.0
GSM4138110_HNSCC_1_PBMC_GATTCAGCACCACGTG	27.699193114567517	13.054495520810509	0.0	0.0	78.19456802249675	49.51577889118144	0.0	0.0	0.0	0.0	0.0	0.0	0.0	0.0	0.0	0.0	0.0	0.0	0.0	0.0	0.0	0.0	0.0
GSM4138110_HNSCC_1_PBMC_GCAATCAGTAGCTCCG	0.0	0.0	44.83652729623266	0.0	0.0	0.0	0.0	0.0	0.0	0.0	0.0	57.421383760048506	0.0	0.0	0.0	0.0	0.0	41.17724691041688	0.0	0.0	0.0	0.0	0.0
GSM4138110_HNSCC_1_PBMC_GCGACCAGTAGCCTAT	0.0	65.98444943323597	100.27962664132973	0.0	0.0	0.17963071077953102	0.0	0.0	0.0	0.0	0.0	74.19957582144907	0.0	0.0	0.0	0.0	0.0	0.0	0.0	0.0	0.0	0.0	0.0
GSM4138110_HNSCC_1_PBMC_GCTTCCATCTCATTCA	0.0	42.3547923693001	93.98791391531142	28.12009473900452	0.0	0.0	0.0	6.985366120282079	0.0	0.0	0.0	0.0	0.0	0.0	0.0	31.272305816322692	0.0	0.0	0.0	0.0	0.0	0.0	0.0
GSM4138110_HNSCC_1_PBMC_GCTTGAAAGACCTTTG	0.0	0.0	49.07860453098104	0.0	0.0	0.0	0.0	0.0	0.0	27.130311732595896	0.0	60.61637818652442	0.0	0.0	0.0	0.0	0.0	0.0	0.0	0.0	0.0	0.0	0.0
GSM4138110_HNSCC_1_PBMC_GGACAAGGTAATTGGA	15.558954375229831	35.983474361296906	0.0	0.0	0.0	0.0	0.0	82.15201328415839	0.0	0.0	0.0	0.0	0.0	41.78235216319133	0.0	0.0	0.0	30.279514856237927	0.0	0.0	0.0	0.0	0.0
GSM4138110_HNSCC_1_PBMC_GGCGTGTAGCACGCCT	4.961277260896284	35.61670284189394	0.0	46.57525416778361	0.0	0.0	0.0	0.0	0.0	0.0	0.0	0.0	0.0	47.95813062839252	0.0	0.0	0.0	0.0	0.0	0.0	0.0	0.0	0.0
GSM4138110_HNSCC_1_PBMC_GGCGTGTAGCGTTTAC	46.327404280116355	0.0	0.0	0.0	0.0	0.0	0.0	0.0	0.0	33.995740108289944	0.0	0.0	0.0	0.0	18.782098926471082	0.0	0.0	0.0	23.809535709784473	0.0	0.0	0.0	0.0
GSM4138110_HNSCC_1_PBMC_GGCTGGTCAATGGACG	52.9758314230482	0.0	0.0	0.0	0.0	0.0	0.0	0.0	0.0	74.87010106230161	135.13795294529302	0.0	0.0	0.0	0.0	0.0	0.0	0.0	0.0	0.0	0.0	0.0	0.0
GSM4138110_HNSCC_1_PBMC_GGGAATGTCAGCTGGC	59.324894687837016	0.0	0.0	0.0	84.28675986655973	0.0	0.0	0.0	1.699724089556439	72.38815569506612	0.0	0.4585106117341371	0.0	37.571565742178024	0.0	0.0	0.0	0.0	0.0	0.0	0.0	0.0	0.0
GSM4138110_HNSCC_1_PBMC_GGGTTGCAGATCGGGT	0.0	0.0	72.6486102937634	58.95911350071819	0.0	0.0	0.0	0.0	0.0	54.150285731172225	0.0	0.0	0.0	0.0	0.0	0.0	0.0	0.0	0.0	0.0	0.0	0.0	0.0
GSM4138110_HNSCC_1_PBMC_GGTATTGCACATTAGC	20.585388559881967	0.0	0.0	0.0	0.0	40.85483129694463	0.0	66.62712599048496	0.0	0.0	0.0	0.0	0.0	0.0	0.0	0.0	0.0	0.0	0.0	0.0	0.0	0.0	0.0
GSM4138110_HNSCC_1_PBMC_GGTGTTAGTGTGACCC	0.0	53.149842167260914	0.0	0.0	0.0	0.0	37.04795950435268	79.02692463359351	5.90109006181823	0.0	0.0	0.0	0.0	0.0	0.0	0.0	0.0	0.0	0.0	0.0	0.0	0.0	0.0
GSM4138110_HNSCC_1_PBMC_GTCACAAGTATCACCA	0.0	49.34953669820965	63.15665329859338	57.67915126186534	0.0	21.542207225784914	13.550468732517256	0.0	0.0	0.0	0.0	16.1729725824953	0.0	0.0	0.0	0.0	0.0	0.0	0.0	0.0	0.0	0.0	0.0
GSM4138110_HNSCC_1_PBMC_GTCACAATCGCAAGCC	51.268686979917646	35.77682668907666	0.0	0.0	0.0	0.0	0.0	0.0	1.6429783116933547	0.0	0.0	0.0	0.0	0.0	79.22104799606753	0.0	0.0	0.0	0.0	0.0	0.0	0.0	0.0
GSM4138110_HNSCC_1_PBMC_GTCACGGCAAGCTGGA	0.0	16.90471989427918	0.0	0.0	152.01612299197342	0.0	0.0	0.0	0.0	0.0	0.0	0.0	0.0	36.17500276116306	0.0	0.0	0.0	28.66072565837421	0.0	0.0	0.0	0.0	0.0
GSM4138110_HNSCC_1_PBMC_GTCGTAAAGGCATGTG	189.7574604155107	0.0	0.0	6.697927162694064	0.0	101.17636787314368	0.0	0.0	2.266467016965969	0.0	91.59778071301655	6.543165966053463	0.0	0.0	0.0	0.0	0.0	0.0	0.0	0.0	0.0	0.0	0.0
GSM4138110_HNSCC_1_PBMC_GTCGTAATCTTGCAAG	0.0	0.0	51.58388168467253	0.0	0.0	0.0	0.0	56.990512687322386	0.0	35.8151299263269	0.0	0.0	0.0	0.0	0.0	0.0	0.0	0.0	0.0	0.0	0.0	0.0	0.0
GSM4138110_HNSCC_1_PBMC_GTCTCGTCATGCGCAC	0.0	43.57352714846736	64.02526470177504	0.0	8.453761520145335	0.0	1.0282151095291088	72.82228808710273	0.0	0.0	0.0	0.0	0.0	0.0	0.0	0.0	0.0	0.0	0.0	0.0	0.0	0.0	0.0
GSM4138110_HNSCC_1_PBMC_GTGAAGGCACATTTCT	0.0	0.0	88.04243047568755	0.0	0.0	4.037892989194088	18.862763207079375	0.0	0.0	59.53524919637121	0.0	70.94096814466188	0.0	0.0	0.0	0.0	0.0	0.0	0.0	0.0	0.0	0.0	0.0
GSM4138110_HNSCC_1_PBMC_GTGCAGCAGACCGGAT	2.2035574842581647	14.95575190936457	0.0	0.0	38.62060403395757	54.82102127914344	0.0	0.0	0.0	0.0	74.1568042139641	0.0	0.0	86.74194452604844	0.0	0.0	0.0	7.018101428319998	0.0	0.0	0.0	0.0	0.0
GSM4138110_HNSCC_1_PBMC_GTTAAGCTCATACGGT	0.0	0.0	0.0	0.0	0.0	0.0	0.0	0.0	44.907601247823784	38.30208834148272	0.0	0.0	0.0	0.0	0.0	0.0	0.0	0.0	73.41508075174428	0.0	0.0	0.0	0.0
GSM4138110_HNSCC_1_PBMC_TAAACCGAGGGTCGAT	0.0	10.635789916073767	67.06268263692795	65.08093535482726	0.0	44.141840617451905	0.0	0.0	0.0	0.0	0.0	2.8532778857759014	0.0	0.0	0.0	0.0	0.0	0.0	0.0	0.0	0.0	0.0	0.0
GSM4138110_HNSCC_1_PBMC_TACCTTAAGGCTCTTA	51.85661257761534	0.0	0.0	0.0	0.0	70.37455700569566	36.00374021919982	0.0	0.0	0.0	69.71891874270982	0.0	0.0	0.0	0.0	0.0	0.0	0.0	0.0	0.0	0.0	0.0	0.0
GSM4138110_HNSCC_1_PBMC_TAGAGCTTCGTTGCCT	31.10993955445772	52.36243184396045	0.0	0.0	0.0	71.95114198839725	0.0	28.879628755017876	0.0	0.0	0.0	0.0	0.0	97.77221004927544	69.60114727352057	0.0	0.0	0.0	0.0	0.0	0.0	0.0	0.0
GSM4138110_HNSCC_1_PBMC_TAGGCATTCCCAGGTG	37.34035648594373	35.64142620529428	0.0	0.0	102.6125573965937	0.0	0.0	0.0	0.0	0.0	0.0	0.0	0.0	0.0	0.0	0.0	0.0	0.0	2.1778765776256948	0.0	0.0	0.0	0.0
GSM4138110_HNSCC_1_PBMC_TCACAAGCACATCCGG	0.0	5.505318404154717	0.0	0.0	0.0	0.0	0.0	87.41968716927413	0.0	7.629974158817522	0.0	0.0	64.0140223777317	38.97655221781684	0.0	0.0	0.0	0.0	0.0	0.0	0.0	0.0	0.0
GSM4138110_HNSCC_1_PBMC_TCAGCTCCATGACGGA	26.7206251382603	6.926315436090405	0.0	0.0	0.41051614427153976	10.350032069928494	0.0	0.0	0.0	0.0	0.0	0.0	0.0	12.981049460723849	0.0	0.0	0.0	18.76134845080097	49.948199328233315	0.0	0.0	0.0	0.0
GSM4138110_HNSCC_1_PBMC_TCGAGGCTCCAGGGCT	0.0	0.0	51.46649769470571	0.0	32.352859022474135	67.50627795684532	0.0	0.0	0.0	0.0	0.0	0.0	0.0	0.0	0.0	0.0	0.0	0.0	17.152476193010667	0.0	0.0	0.0	0.0
GSM4138110_HNSCC_1_PBMC_TCTATTGCAGTCAGCC	0.0	71.32108896461197	0.0	0.0	0.0	0.0	0.0	0.0	59.18873528838901	0.0	0.0	0.0	0.0	0.0	0.0	0.0	0.0	0.0	81.52850319666129	0.0	0.0	0.0	0.0
GSM4138110_HNSCC_1_PBMC_TCTCTAAGTGGTAACG	97.8644931606736	72.12136143691666	0.0	116.46504521689056	0.0	0.0	0.0	0.0	0.0	0.0	0.0	33.43233377882641	0.0	0.0	0.0	0.0	0.0	0.0	0.0	0.0	0.0	0.0	0.0
GSM4138110_HNSCC_1_PBMC_TCTGAGATCTAGCACA	42.48373420698467	0.0	0.0	0.0	0.0	54.351841372455965	0.0	0.0	0.0	0.0	0.0	0.0	0.0	0.0	65.1700395430043	0.0	0.0	7.46951559861305	0.0	0.0	0.0	0.0	0.0
GSM4138110_HNSCC_1_PBMC_TCTTTCCCACTGAAGG	100.0745281628301	0.0	0.0	0.0	0.0	98.98539653986646	0.0	0.0	0.0	0.0	0.0	0.0	0.0	0.0	129.92244663779982	0.0	0.0	0.0	0.0	0.0	0.0	0.0	0.0
GSM4138110_HNSCC_1_PBMC_TGACAACGTCATCCCT	0.0	62.52480874935425	0.0	0.0	107.18184088517194	0.0	0.0	0.0	27.77065342932962	0.0	0.0	0.0	0.0	82.65354132338199	0.0	0.0	0.0	0.0	0.0	0.0	0.0	0.0	0.0
GSM4138110_HNSCC_1_PBMC_TGAGCCGAGATGAGAG	0.0	4.214802897823739	0.0	77.8387399607428	0.0	0.0	0.10683167915622017	0.0	52.15498042296303	57.38488653295567	0.0	0.0	0.0	0.0	0.0	0.0	0.0	0.0	0.0	0.0	0.0	0.0	0.0
GSM4138110_HNSCC_1_PBMC_TGCGGGTTCTGATTCT	0.0	0.0	0.0	0.0	0.0	0.0	0.0	10.15947123238182	0.0	29.590259161871455	0.0	0.0	0.0	66.87755155054893	32.47380824501568	0.0	0.0	0.0	0.0	0.0	0.0	0.0	0.0
GSM4138110_HNSCC_1_PBMC_TGGCTGGGTTCCAACA	0.0	70.49912764461456	79.85405853936055	5.281789221928275	0.0	0.5629895069843923	0.0	0.0	0.0	0.0	52.941974947587426	25.144270551601302	0.0	0.0	0.0	0.0	0.0	0.0	0.0	0.0	0.0	0.0	0.0
GSM4138110_HNSCC_1_PBMC_TGTATTCGTGGCTCCA	49.84360278874253	0.0	0.0	0.0	144.2037042615025	98.9649507882478	19.451286176002853	0.0	0.0	0.0	0.0	28.70631958405761	0.0	0.0	0.0	0.0	0.0	0.0	0.0	0.0	0.0	0.0	0.0
GSM4138110_HNSCC_1_PBMC_TGTGGTAAGTATGACA	0.0	0.0	37.92965436631487	77.94522675667264	0.0	63.45235142217945	20.82918933850469	0.0	0.0	0.0	0.0	0.0	0.0	0.0	0.0	0.0	0.0	0.0	0.0	0.0	0.0	0.0	0.0
GSM4138110_HNSCC_1_PBMC_TTCCCAGGTCACTGGC	0.0	15.439473493296779	16.797489935932596	0.0	0.0	38.92297241533711	13.530009309174092	0.0	0.0	0.0	51.91684467987149	14.16323514326243	0.0	0.0	0.0	0.0	0.0	3.3322713789953298	0.0	0.0	0.0	0.0	0.0
GSM4138110_HNSCC_1_PBMC_TTCGGTCCACCTCGGA	27.30484556737353	0.0	0.0	54.94308555775956	0.0	0.0	0.0	0.0	40.27165761180389	20.556597159705188	0.0	0.0	14.042456977872959	0.0	0.0	0.0	0.0	0.0	0.0	0.0	0.0	0.0	0.0
GSM4138110_HNSCC_1_PBMC_TTCTACATCCTTCAAT	0.0	0.0	0.0	45.68681080426565	0.0	0.0	0.0	0.0	60.86876045272277	39.51454620562734	0.0	0.0	0.0	0.0	28.051170199995887	0.0	0.0	0.0	0.0	0.0	0.0	0.0	0.0
GSM4138110_HNSCC_1_PBMC_AAAGTAGTCGGCATCG	0.0	125.32229108617044	237.52104726476878	0.0	0.0	0.0	0.0	270.09751666331454	0.0	0.0	0.0	0.0	0.0	0.0	0.0	0.0	0.0	0.0	0.0	0.0	0.0	0.0	0.0
GSM4138110_HNSCC_1_PBMC_ACACTGATCGTACCGG	105.70559772572321	4.811292998978795	0.0	0.0	148.622381578819	61.31967784262519	0.0	0.0	6.8577876961121556	0.0	0.0	0.0	0.0	0.0	0.0	0.0	0.0	5.464642260629835	0.0	0.0	0.0	0.0	0.0
GSM4138110_HNSCC_1_PBMC_ACAGCTATCAGCACAT	78.18541224796934	90.28856676275788	0.0	0.0	0.0	0.0	0.0	0.0	0.0	6.103397255989971	0.0	0.0	0.0	101.2823225506533	0.0	0.0	0.0	0.0	0.0	257.60894458559517	0.0	0.0	0.0
GSM4138110_HNSCC_1_PBMC_ACTGAACGTTATTCTC	150.6046999181242	0.0	0.0	0.0	0.0	0.0	0.0	239.6002163066	0.0	114.10400653279818	0.0	0.0	0.0	0.0	0.0	0.0	0.0	0.0	0.0	0.0	0.0	0.0	0.0
GSM4138110_HNSCC_1_PBMC_ACTGAGTTCAGGTAAA	0.0	97.9060087443748	81.12335596875113	135.58955420303312	0.0	0.0	49.853947097290984	0.0	0.0	0.0	0.0	0.0	0.0	0.0	0.0	0.0	64.47595904680999	0.0	0.0	0.0	0.0	0.0	0.0
GSM4138110_HNSCC_1_PBMC_ACTGCTCCAACCGCCA	7.961089684345407	90.46853405636725	122.63210013271302	37.611964525281266	131.26364308748748	0.0	0.0	0.0	0.0	0.0	0.0	0.0	0.0	0.0	0.0	0.0	0.0	0.0	0.0	0.0	0.0	0.0	0.0
GSM4138110_HNSCC_1_PBMC_ACTTACTAGTGGAGAA	228.27206663153265	0.0	0.0	0.0	0.0	0.0	0.0	279.51953169132054	0.0	132.18597459177712	0.0	0.0	0.0	0.0	0.0	0.0	0.0	0.0	0.0	0.0	0.0	0.0	0.0
GSM4138110_HNSCC_1_PBMC_ACTTGTTCAGTTCATG	0.0	29.727593643388353	268.2708363021724	0.0	0.0	107.85259233398905	0.0	0.0	0.0	0.0	69.8846046754369	0.0	0.0	0.0	0.0	280.3571898854561	0.0	0.0	0.0	0.0	0.0	0.0	0.0
GSM4138110_HNSCC_1_PBMC_AGAGTGGCAGGGATTG	0.0	123.00524873554521	0.0	0.0	127.1135112498321	0.0	0.0	20.589441878932433	0.0	0.0	0.0	0.0	0.0	161.6366662811365	0.0	0.0	0.0	0.0	0.0	0.0	0.0	0.0	0.0
GSM4138110_HNSCC_1_PBMC_AGATCTGGTGATAAGT	143.1010287489833	141.49614722061045	0.0	0.0	107.47021694462487	0.0	0.0	0.0	0.0	0.0	0.0	0.0	0.0	0.0	0.0	0.0	0.0	0.0	0.0	0.0	0.0	0.0	0.0
GSM4138110_HNSCC_1_PBMC_AGATTGCGTATAGGGC	224.44339106741123	103.7164698360104	0.0	72.85933646246222	0.0	0.0	0.0	0.0	0.0	0.0	0.0	0.0	0.0	0.0	155.7732262234675	0.0	0.0	0.0	0.0	0.0	0.0	0.0	0.0
GSM4138110_HNSCC_1_PBMC_AGCGGTCCATGCTGGC	0.0	0.0	0.0	41.19667841605371	0.0	0.0	0.0	0.0	0.0	91.35736395259734	0.0	85.15302844718246	0.0	281.4224498587032	0.0	0.0	0.0	17.304170239292098	0.0	0.0	0.0	0.0	0.0
GSM4138110_HNSCC_1_PBMC_AGGCCACTCAGCGATT	121.54369131785573	73.79179980055939	0.0	0.0	0.0	40.3342058039802	0.0	76.32771796740677	0.0	0.0	0.0	0.0	0.0	38.20866010769819	79.9446620957654	0.0	0.0	0.0	0.0	9.923355109865458	0.0	0.0	0.0
GSM4138110_HNSCC_1_PBMC_AGTAGTCCACAGTCGC	0.0	161.52264226707192	0.0	0.0	0.0	0.0	0.0	333.5666041148396	195.97099893135714	0.0	0.0	0.0	0.0	0.0	0.0	0.0	0.0	0.0	0.0	0.0	0.0	0.0	0.0
GSM4138110_HNSCC_1_PBMC_AGTGTCATCCCTAATT	129.38003601691065	27.67254979328492	0.0	0.0	130.2492960581167	0.0	0.0	44.003696716988316	0.0	12.771377281884334	0.0	0.0	56.44928313074802	0.0	0.0	0.0	0.0	0.0	0.0	0.0	0.0	0.0	0.0
GSM4138110_HNSCC_1_PBMC_ATCCACCGTGGTTTCA	291.2630899208049	0.0	0.0	428.4707471378915	0.0	0.0	0.0	0.0	0.0	13.002741674371263	0.0	20.1897708540201	249.10165794113763	0.0	0.0	0.0	0.0	0.0	0.0	0.0	0.0	0.0	0.0
GSM4138110_HNSCC_1_PBMC_ATCGAGTGTACTTAGC	225.87658360972068	132.40894716797587	0.0	267.1924526198083	0.0	0.0	0.0	0.0	0.0	0.0	0.0	0.0	0.0	0.0	0.0	0.0	0.0	0.0	0.0	0.0	0.0	0.0	0.0
GSM4138110_HNSCC_1_PBMC_CAACTAGTCTTGAGAC	0.0	0.0	0.0	0.0	142.10204558545706	0.0	0.0	45.398695271718154	0.0	0.0	0.0	0.0	77.06493260611701	181.5800231905216	0.0	0.0	0.0	0.0	0.0	0.0	0.0	0.0	0.0
GSM4138110_HNSCC_1_PBMC_CAAGGCCTCTAGCACA	120.89859018291835	0.0	3.179102995739213	115.08019712549945	0.0	0.0	0.0	0.0	0.0	0.0	0.0	0.0	69.35290056492656	0.0	0.0	0.0	0.0	0.0	0.0	0.0	0.0	0.0	0.0
GSM4138110_HNSCC_1_PBMC_CACAAACAGGCTACGA	141.5085845576829	91.22240466711416	0.0	0.0	0.0	0.0	0.0	0.0	0.0	0.0	0.0	0.0	0.0	8.212635787147937	0.0	0.0	235.68188160318053	0.0	0.0	0.0	0.0	0.0	0.0
GSM4138110_HNSCC_1_PBMC_CACATTTTCATTGCGA	117.54764716788465	0.0	0.0	0.0	237.43513302792817	0.0	0.0	0.0	0.0	0.0	0.0	0.0	100.40508827895017	0.0	0.0	0.0	0.0	0.0	0.0	0.0	0.0	0.0	0.0
GSM4138110_HNSCC_1_PBMC_CAGAGAGTCAGTTAGC	183.82396291835494	145.20685282530147	0.0	0.0	73.17596933946757	0.0	0.0	132.5317617506114	0.0	0.0	0.0	0.0	0.0	0.0	0.0	0.0	0.0	0.0	0.0	0.0	0.0	0.0	0.0
GSM4138110_HNSCC_1_PBMC_CAGCTGGGTCTCCACT	0.0	0.0	0.0	251.52277997183515	0.0	0.0	0.0	0.0	108.01630660128293	0.0	0.0	0.0	137.3336206240473	50.87892802530193	0.0	0.0	0.0	0.0	0.0	0.0	0.0	0.0	0.0
GSM4138110_HNSCC_1_PBMC_CAGCTGGGTGTTTGTG	0.0	0.0	143.35155269578274	77.43539776842013	0.0	0.0	0.0	0.0	0.0	0.0	0.0	0.0	74.89078883915113	0.0	0.0	70.86607134505535	0.0	0.0	0.0	0.0	0.0	0.0	0.0
GSM4138110_HNSCC_1_PBMC_CATATGGCAGGACGTA	245.60643144081996	35.99349617506305	0.0	86.68977638844144	0.0	0.0	17.9716038030326	0.0	23.98253813113922	0.0	0.0	0.0	0.0	0.0	14.565435767145814	0.0	0.0	0.0	84.48643521678345	0.0	0.0	0.0	0.0
GSM4138110_HNSCC_1_PBMC_CATATTCTCCACGTTC	186.99819040431106	82.16485432589076	0.0	31.523146536717974	0.0	0.0	0.0	3.008848623378823	0.0	0.0	0.0	0.0	0.0	0.0	0.0	121.9336497849137	0.0	0.0	0.0	0.0	0.0	0.0	0.0
GSM4138110_HNSCC_1_PBMC_CCAATCCCACGACTCG	0.0	0.0	0.0	0.0	91.24767132891893	0.0	90.12486586996881	0.0	0.0	83.49103956506974	47.3180858423022	0.0	0.0	0.0	0.0	0.0	0.0	0.0	0.0	0.0	0.0	0.0	0.0
GSM4138110_HNSCC_1_PBMC_CCTACCAGTCGGCTCA	160.29202685402086	161.27862524363144	0.0	245.7344342110644	0.0	0.0	0.0	0.0	0.0	0.0	0.0	0.0	0.0	0.0	0.0	0.0	0.0	0.0	0.0	0.0	0.0	0.0	0.0
GSM4138110_HNSCC_1_PBMC_CGAACATCAAGTTAAG	212.00933872498933	45.919459582648116	0.0	0.0	0.0	112.81399335364777	0.0	66.39346783168635	0.0	0.0	0.0	0.0	0.0	0.0	143.22107740598406	0.0	0.0	0.0	0.0	0.0	0.0	0.0	0.0
GSM4138110_HNSCC_1_PBMC_CGACCTTCATTACGAC	70.32061410780025	80.79876961627788	0.0	0.0	0.0	0.0	0.0	0.0	0.0	0.0	0.0	0.0	0.0	0.0	0.0	0.0	105.93918283712351	0.0	0.0	0.0	0.0	0.0	0.0
GSM4138110_HNSCC_1_PBMC_CGAGCACCATATACGC	0.0	82.99645108548327	0.0	219.0518205040264	0.0	0.0	271.80281843040024	0.0	0.0	0.0	0.0	0.0	0.0	0.0	0.0	69.6873324550961	0.0	37.44637539442374	0.0	0.0	0.0	0.0	0.0
GSM4138110_HNSCC_1_PBMC_CGATCGGCAACGATCT	0.0	93.30291275950643	158.29093479213498	0.0	0.0	0.0	0.0	0.0	0.0	0.0	0.0	3.1632741928458685	0.0	0.0	0.0	0.0	0.0	0.0	213.10466382499843	0.0	0.0	0.0	0.0
GSM4138110_HNSCC_1_PBMC_CGATCGGGTTTGGGCC	179.34415789871454	0.0	0.0	0.0	0.0	0.0	0.0	0.0	0.0	0.0	0.0	0.0	70.40158264067438	0.0	0.0	0.0	226.0806783371714	0.0	0.0	0.0	0.0	0.0	0.0
GSM4138110_HNSCC_1_PBMC_CGCTATCCACCGAATT	252.22443382750495	0.0	0.0	0.0	222.65375624230086	0.0	0.0	0.0	0.0	0.0	0.0	0.0	124.96052100433867	0.0	0.0	0.0	0.0	0.0	0.0	0.0	0.0	0.0	0.0
GSM4138110_HNSCC_1_PBMC_CGGAGCTGTCGAACAG	109.10319184665987	137.56060348342595	0.0	0.0	0.0	0.0	0.0	82.72895512898654	0.0	0.0	0.0	0.0	0.0	69.09615519462356	181.5272346507675	0.0	0.0	0.0	0.0	0.0	0.0	0.0	0.0
GSM4138110_HNSCC_1_PBMC_CGTTCTGGTCTAAACC	160.7536506958011	122.27242067033247	0.0	0.0	0.0	0.0	0.0	241.5841132141594	0.0	0.0	0.0	0.0	0.0	0.0	0.0	0.0	0.0	0.0	0.0	0.0	0.0	0.0	0.0
GSM4138110_HNSCC_1_PBMC_CGTTGGGGTGTGTGCC	70.97693934476631	0.0	0.0	0.0	126.02584257500416	70.20189794988929	0.0	0.0	63.334262394851834	0.0	0.0	0.0	0.0	0.0	0.0	0.0	0.0	0.0	0.0	0.0	0.0	0.0	0.0
GSM4138110_HNSCC_1_PBMC_CTAATGGCACACATGT	151.82018168572904	91.38642909948135	0.0	0.0	0.0	0.0	0.0	201.40425668769214	0.0	0.0	0.0	0.0	0.0	0.0	0.0	0.0	0.0	0.0	0.0	0.0	0.0	0.0	0.0
GSM4138110_HNSCC_1_PBMC_CTACCCAGTTACCGAT	188.187100623294	0.0	0.0	0.0	0.0	0.0	0.0	10.428590059272036	0.0	0.0	0.0	0.0	108.1376676953201	0.0	248.57694985288242	0.0	0.0	0.0	0.0	0.0	0.0	0.0	0.0
GSM4138110_HNSCC_1_PBMC_CTAGAGTCATCGGACC	31.658095009594522	0.0	74.24275744852129	0.0	239.1874370158903	0.0	0.0	0.0	0.0	111.48061130422863	0.0	0.0	0.0	9.033693552511734	0.0	0.0	0.0	0.0	11.123265848600653	0.0	0.0	0.0	0.0
GSM4138110_HNSCC_1_PBMC_CTCTGGTGTGTTCGAT	0.0	0.0	0.0	0.0	151.0926834456374	0.0	0.0	8.267253798045898	0.0	0.10986540162868211	0.0	0.0	85.8471970112485	184.60910703500826	0.0	0.0	0.0	0.0	0.0	0.0	0.0	0.0	0.0
GSM4138110_HNSCC_1_PBMC_CTGATAGCATCAGTCA	112.8905928978619	99.49372549297365	0.0	0.0	73.9452776213435	0.0	0.0	0.6424625956944775	0.0	0.0	0.0	0.0	0.0	0.0	0.0	0.0	0.0	0.0	0.0	119.93933945264769	0.0	0.0	0.0
GSM4138110_HNSCC_1_PBMC_CTGTTTACAATGTAAG	155.48718133289643	0.0	0.0	0.0	0.0	0.0	24.883084088893554	0.0	0.0	21.033662737097455	0.0	0.0	94.50207865273502	0.0	0.0	0.0	253.1057975004456	0.0	0.0	0.0	0.0	0.0	0.0
GSM4138110_HNSCC_1_PBMC_GAACCTATCTCTGTCG	92.65897174068921	0.0	0.0	0.0	0.0	82.69874344761983	0.0	100.78155976383789	0.0	0.0	0.0	0.0	0.0	0.0	0.0	0.0	0.0	0.0	0.0	0.0	0.0	0.0	0.0
GSM4138110_HNSCC_1_PBMC_GATCGCGTCAGGCGAA	0.0	67.38341080097683	67.91788202743001	148.1871803411088	0.0	0.0	62.16019551596914	0.0	0.0	0.0	0.0	0.0	0.0	0.0	0.0	0.0	0.0	0.0	0.0	0.0	0.0	0.0	0.0
GSM4138110_HNSCC_1_PBMC_GATCTAGCATACAGCT	150.1780067972236	152.8067004007888	0.0	0.0	0.0	0.0	0.0	0.0	0.0	0.0	0.0	0.0	0.0	0.0	225.85425860391902	0.0	0.0	0.0	0.0	0.0	0.0	0.0	0.0
GSM4138110_HNSCC_1_PBMC_GATGAAAGTAGAAGGA	54.73243834016202	42.00494609623086	0.0	0.0	29.78644945879695	0.0	0.0	62.47459508487767	48.26273661848356	0.0	0.0	0.0	0.0	0.0	13.3974099969668	0.0	0.0	0.0	0.0	0.0	0.0	0.0	0.0
GSM4138110_HNSCC_1_PBMC_GATGAAAGTCACCCAG	98.17610945495483	109.38261680732855	0.0	43.68650514776943	0.0	0.0	0.0	65.90015734061187	0.0	0.0	31.368063085371947	0.0	0.0	72.86298608381477	0.0	158.59948398744686	0.0	0.0	0.0	0.0	0.0	0.0	0.0
GSM4138110_HNSCC_1_PBMC_GCATACACATCTGGTA	259.73883413246426	199.37838720858525	0.0	0.0	0.0	0.0	0.0	0.0	0.0	0.0	0.0	0.0	0.0	0.0	0.0	0.0	0.0	0.0	0.0	321.3655779824527	0.0	0.0	0.0
GSM4138110_HNSCC_1_PBMC_GCGAGAATCGCACTCT	197.49532455179005	30.786055161216186	0.0	0.0	0.0	0.0	0.0	303.6876028257853	0.0	50.160995658351055	0.0	0.0	54.494923136704095	0.0	0.0	0.0	0.0	0.0	0.0	0.0	0.0	0.0	0.0
GSM4138110_HNSCC_1_PBMC_GCGCGATAGGAGCGTT	71.51969224682279	61.760168583185965	0.0	0.0	158.62697369330337	0.0	0.0	0.0	0.0	0.0	0.0	0.0	0.0	15.678916515310043	0.0	0.0	0.0	0.0	0.0	0.0	0.0	0.0	0.0
GSM4138110_HNSCC_1_PBMC_GCTCTGTTCAGTTTGG	108.48174994405132	68.33982050130203	0.0	70.62641294083744	0.0	0.0	0.0	0.0	0.0	0.0	0.0	82.62643623766647	0.0	0.0	0.0	0.0	0.0	0.0	0.0	0.0	0.0	0.0	0.0
GSM4138110_HNSCC_1_PBMC_GCTGCGAGTCTAGTCA	93.75800063254567	0.0	0.0	0.0	80.96170569792285	0.0	0.0	128.85723966500316	0.0	0.0	0.0	0.0	147.23070272771233	0.0	0.0	0.0	0.0	0.0	0.0	0.0	0.0	0.0	0.0
GSM4138110_HNSCC_1_PBMC_GGCTCGATCAGGCGAA	112.43491535860915	70.10466461324461	0.0	0.0	172.4311469289792	0.0	0.0	0.0	0.0	0.0	0.0	0.0	0.0	0.0	0.0	0.0	0.0	0.0	0.0	0.0	0.0	0.0	0.0
GSM4138110_HNSCC_1_PBMC_GGGAATGTCTTCCTTC	0.0	0.0	0.0	2449.98345298855	907.2814281726673	0.0	0.0	0.0	0.0	0.0	0.0	0.0	0.0	0.0	0.0	0.0	0.0	0.0	0.0	58.85381022127939	0.0	0.0	0.0
GSM4138110_HNSCC_1_PBMC_GGGCACTTCGTAGGTT	5.499418807913712	111.41296559068886	0.0	0.0	0.0	0.0	0.0	185.8593485695801	0.0	0.0	0.0	0.0	0.0	113.59857212132411	39.0944545596828	0.0	0.0	0.0	0.0	0.0	0.0	0.0	0.0
GSM4138110_HNSCC_1_PBMC_GTAGGCCAGTACTTGC	143.92107280253438	0.0	0.0	0.0	0.0	0.0	0.0	0.0	0.0	9.936209103804927	0.0	0.0	62.6145349045997	0.0	0.0	0.0	216.97305478618077	0.0	0.0	0.0	0.0	0.0	0.0
GSM4138110_HNSCC_1_PBMC_GTCACAATCTATCGCC	209.57328345457202	96.4552145981419	0.0	0.0	221.84638277525806	0.0	0.0	0.0	0.0	0.0	0.0	0.0	0.0	0.0	0.0	0.0	0.0	0.0	0.0	0.0	0.0	0.0	0.0
GSM4138110_HNSCC_1_PBMC_GTCTCGTAGTAGCGGT	144.83642080265514	0.0	0.0	12.34179101628536	0.0	0.0	0.0	0.0	0.0	64.79298170787858	136.9143332842666	0.0	18.844335180231074	0.0	0.0	0.0	0.0	0.0	0.0	0.0	0.0	0.0	0.0
GSM4138110_HNSCC_1_PBMC_GTGCAGCTCTGTCTAT	0.0	42.44100169782428	0.0	0.0	0.0	135.5699440732859	195.82112367889962	0.0	0.0	0.0	0.0	0.0	0.0	0.0	386.4568840468827	0.0	0.0	0.0	0.0	0.0	0.0	0.0	0.0
GSM4138110_HNSCC_1_PBMC_GTGCATAGTACGCTGC	0.0	0.0	0.0	0.0	93.91180079150301	13.710360326697476	0.0	105.92113188098065	0.0	104.43776110643257	0.0	0.0	0.0	127.4347950843546	0.0	0.0	0.0	0.0	0.0	0.0	0.0	0.0	0.0
GSM4138110_HNSCC_1_PBMC_GTGCTTCAGTACGATA	0.0	0.0	0.0	0.0	0.0	0.0	0.0	57.88718054873828	0.0	55.596820891249656	0.0	0.0	16.044148942968874	152.75139786381746	135.84543711683085	0.0	0.0	0.0	0.0	0.0	0.0	0.0	0.0
GSM4138110_HNSCC_1_PBMC_TACAGTGCAATGACCT	135.50954477128323	0.0	0.0	141.93374503851507	0.0	0.0	0.0	0.0	0.0	0.0	0.0	0.0	121.66663278232677	0.0	0.0	0.0	0.0	0.0	0.0	0.0	0.0	0.0	0.0
GSM4138110_HNSCC_1_PBMC_TACTCATAGATCACGG	162.26729120857115	147.93421662542207	0.0	0.0	232.8883572900168	0.0	0.0	22.565671180163676	0.0	0.0	0.0	0.0	0.0	0.0	0.0	0.0	0.0	0.0	0.0	0.0	0.0	0.0	0.0
GSM4138110_HNSCC_1_PBMC_TACTCGCGTAAGGATT	132.36207717931563	154.3701521296231	0.0	218.9713898313254	0.0	0.0	9.362472378740465	0.0	0.0	0.0	0.0	0.0	0.0	0.0	0.0	0.0	0.0	0.0	0.0	0.0	0.0	0.0	0.0
GSM4138110_HNSCC_1_PBMC_TACTTGTCAAGTTAAG	189.0099468486328	0.0	0.0	0.0	36.286287012621635	0.0	0.0	227.41408017304477	0.0	0.0	0.0	0.0	150.0276900261981	0.0	0.0	0.0	0.0	0.0	0.0	0.0	0.0	0.0	0.0
GSM4138110_HNSCC_1_PBMC_TATCTCAAGGTGTGGT	82.22052118894979	72.03556931822577	0.0	0.0	0.0	0.0	0.0	169.58245899375697	41.66223530844501	0.0	0.0	0.0	0.0	0.0	0.0	0.0	0.0	0.0	0.0	0.0	0.0	0.0	0.0
GSM4138110_HNSCC_1_PBMC_TCAGCTCCACCCATTC	0.0	173.22963033095783	0.0	0.0	0.0	0.0	0.0	0.0	236.5673786370046	0.0	235.15274099609113	0.0	0.0	0.0	0.0	0.0	0.0	0.0	0.0	0.0	0.0	0.0	0.0
GSM4138110_HNSCC_1_PBMC_TCGCGTTCAGCTGCTG	92.57305369187779	94.37071349803931	0.0	0.0	0.0	0.0	0.0	156.59070006770247	0.0	0.0	0.0	0.0	0.0	4.836549427197306	0.0	0.0	16.230333592350547	0.0	0.0	0.0	0.0	0.0	0.0
GSM4138110_HNSCC_1_PBMC_TCGGGACAGCTAGTTC	144.68540474614701	111.57195787227452	0.0	0.0	223.63302478628725	0.0	0.0	0.0	0.0	0.0	0.0	0.0	0.0	0.0	0.0	0.0	0.0	0.0	0.0	0.0	0.0	0.0	0.0
GSM4138110_HNSCC_1_PBMC_TCTTCGGAGTCATCCA	160.02805665930057	102.25708829592531	0.0	0.0	0.0	0.0	0.0	7.379921177704267	0.0	0.0	0.0	0.0	0.0	0.0	0.0	0.0	203.81005390675892	0.0	0.0	0.0	0.0	0.0	0.0
GSM4138110_HNSCC_1_PBMC_TGAGAGGGTCCCTACT	235.8838028990936	0.0	102.9419616678119	0.0	0.0	0.0	0.0	0.0	0.0	83.85898137932944	0.0	0.0	11.300014234500296	0.0	0.0	0.0	301.32432847644446	0.0	0.0	0.0	0.0	0.0	0.0
GSM4138110_HNSCC_1_PBMC_TGATTTCGTTAAAGTG	182.25119219900637	51.06718304499466	0.0	0.0	82.627345246482	109.14300383397017	0.0	0.0	0.0	0.0	0.0	0.0	0.0	0.0	105.65287914263969	0.0	0.0	0.0	72.73269900704723	0.0	0.0	0.0	0.0
GSM4138110_HNSCC_1_PBMC_TGCCAAATCATGTCCC	180.34614815619085	121.77364541880061	0.0	0.0	193.32234228980113	0.0	0.0	0.0	0.0	0.0	0.0	0.0	0.0	0.0	0.0	0.0	0.0	0.0	0.0	0.0	0.0	0.0	0.0
GSM4138110_HNSCC_1_PBMC_TGTATTCAGAATGTTG	0.0	0.0	200.92867946690856	73.20176487139032	0.0	0.0	0.0	0.0	0.0	0.0	86.41452249753893	0.0	0.0	0.0	0.0	30.024827942307663	0.0	0.0	0.0	0.0	0.0	145.69864187991584	0.0
GSM4138110_HNSCC_1_PBMC_TGTCCCAGTTCAGGCC	85.23346116080154	112.61833458317683	0.0	130.43200945980308	0.0	0.0	0.0	47.764063187602915	0.0	0.0	0.0	0.0	0.0	0.0	0.0	27.242613581019015	0.0	0.0	0.0	0.0	0.0	0.0	0.0
GSM4138110_HNSCC_1_PBMC_TTGCCGTCAATAGCGG	168.33323165789645	0.0	0.0	87.4112893360651	0.0	0.0	0.0	0.0	0.0	13.572361145619231	0.0	0.0	84.17435921401345	0.0	0.0	0.0	158.68808472203276	0.0	0.0	0.0	0.0	0.0	0.0
GSM4138110_HNSCC_1_PBMC_TTTATGCAGACTGGGT	76.27190825705884	86.8808616977472	0.0	0.0	140.95863410679522	0.0	0.0	16.672202183828915	0.0	0.0	0.0	0.0	0.0	37.644269958611396	0.0	0.0	0.0	0.0	0.0	0.0	0.0	0.0	0.0
GSM4138110_HNSCC_1_PBMC_AACGTTGAGTTTAGGA	105.38467603442884	8.149758065369289	0.0	0.0	0.0	0.0	0.0	0.0	0.0	69.24691484050972	0.0	0.0	4.590920840748415	0.0	115.47383326647454	0.0	0.0	0.0	11.089303120089198	0.0	0.0	0.0	0.0
GSM4138110_HNSCC_1_PBMC_AAGGCAGCAATCACAC	0.0	0.0	0.0	0.0	114.16790055873722	0.0	0.0	0.0	81.55809005906293	0.0	0.0	0.0	69.04768660524633	0.0	0.0	0.0	0.0	0.0	0.0	0.0	0.0	0.0	0.0
GSM4138110_HNSCC_1_PBMC_ACTGATGTCAATAAGG	0.0	0.0	63.71037823783863	11.146627074044357	0.0	27.65994838450545	0.0	0.0	0.0	0.0	0.0	0.0	0.0	0.0	0.0	52.17580168238777	0.0	23.31119945805012	0.0	0.0	0.0	0.0	0.0
GSM4138110_HNSCC_1_PBMC_AGCAGCCAGGCCCTCA	0.0	0.0	0.0	0.0	0.0	0.0	123.0389419587687	0.0	0.0	0.0	91.57747322846615	0.0	84.1592365132658	0.0	0.0	0.0	0.0	19.95732334877484	0.0	0.0	0.0	0.0	0.0
GSM4138110_HNSCC_1_PBMC_CATATTCCATATGAGA	0.0	112.64172330958355	57.781218801382764	110.20199078854235	0.0	0.0	37.89263042855512	0.0	0.0	0.0	0.0	0.0	0.0	0.0	0.0	0.0	0.0	0.0	0.0	0.0	0.0	0.0	0.0
GSM4138110_HNSCC_1_PBMC_CCTCAGTCAACTGCGC	0.0	0.0	0.0	0.0	37.045258488556655	42.7798996092079	0.0	9.44421482346324	0.0	8.907278502727811	0.0	0.0	0.0	128.84667027141745	0.0	0.0	0.0	0.0	0.0	0.0	0.0	0.0	0.0
GSM4138110_HNSCC_1_PBMC_CGGTTAACACCTCGTT	0.0	9.24662612986983	0.0	12.102141472288627	0.0	41.72642434303302	61.1483285365747	0.0	0.0	0.0	0.0	0.0	0.0	0.0	59.07348176172906	0.0	0.0	0.0	0.0	0.0	0.0	0.0	0.0
GSM4138110_HNSCC_1_PBMC_CGTGTAATCTCCAGGG	65.06830704109036	36.394164536286056	0.0	0.0	6.046763945810851	0.0	0.0	0.0	0.0	0.0	43.216926031832514	0.0	0.0	0.0	0.0	0.0	0.0	0.0	0.0	0.0	0.0	0.0	0.0
GSM4138110_HNSCC_1_PBMC_CGTTGGGTCAGTGCAT	0.0	0.0	0.0	0.0	0.0	0.0	80.8775215882942	0.0	0.0	2.669118287530536	0.0	0.0	46.20352096435384	0.0	0.0	100.68432399771696	0.0	0.0	0.0	0.0	0.0	0.0	0.0
GSM4138110_HNSCC_1_PBMC_CTAGAGTAGCTATGCT	0.0	0.0	0.0	0.0	36.54292425119996	0.0	0.0	55.24742956371827	124.90150464970391	0.0	0.0	0.0	0.0	0.0	26.32309796125985	0.0	0.0	82.54434302875062	0.0	0.0	0.0	0.0	0.0
GSM4138110_HNSCC_1_PBMC_GCATACATCGTTACAG	0.0	0.0	0.0	0.0	56.23605880780639	0.0	0.0	0.0	19.57700357870075	47.98830202357909	0.0	0.0	11.126576233377012	46.35399689457329	0.0	0.0	0.0	0.0	0.1814210185388194	0.0	0.0	0.0	0.0
GSM4138110_HNSCC_1_PBMC_AAACGGGCAGTATCTG	0.0	0.0	38.95777858475353	0.0	0.0	121.26065388835526	0.0	0.0	1.2899309355353918	43.208721911233724	0.0	0.0	0.0	0.0	0.0	71.73671354922446	0.0	0.0	0.0	0.0	0.0	0.0	0.0
GSM4138110_HNSCC_1_PBMC_AAAGATGTCTGATTCT	16.73194466097494	1.579891399415809	0.0	113.02690610785352	0.0	0.0	0.0	0.0	0.0	0.0	0.0	0.0	49.065431996376425	109.1073484178998	0.0	0.0	0.0	0.0	0.0	0.0	0.0	0.0	0.0
GSM4138110_HNSCC_1_PBMC_AAAGTAGGTAGCGCTC	0.0	0.0	16.3290047650226	0.0	0.0	0.0	36.16355611982399	0.0	0.0	10.323076130879114	0.0	108.06728153593882	43.55655654688355	0.0	0.0	0.0	0.0	0.0	0.0	0.0	0.0	0.0	0.0
GSM4138110_HNSCC_1_PBMC_AACTCAGGTGGTCTCG	30.260736158105562	74.19854295245942	0.0	0.0	57.86549265952543	0.0	59.191670341304516	0.0	0.0	0.0	0.0	0.0	0.0	0.0	0.0	0.0	0.0	0.0	0.0	0.0	0.0	0.0	0.0
GSM4138110_HNSCC_1_PBMC_AACTCCCTCCAATGGT	0.0	0.0	94.06530624739577	0.0	0.0	0.0	0.0	0.0	0.0	55.134344613939525	110.29634601489435	0.0	29.648191806585086	35.695839999742084	0.0	0.0	0.0	0.0	0.0	0.0	0.0	0.0	0.0
GSM4138110_HNSCC_1_PBMC_AACTCTTAGTGGGTTG	0.0	0.0	92.2880558181736	68.51910558021261	0.0	0.0	0.0	0.0	0.0	70.9131716414053	0.0	12.842555327704583	0.0	0.0	0.0	7.919956734797608	5.235002985606987	0.0	0.0	0.0	0.0	0.0	0.0
GSM4138110_HNSCC_1_PBMC_AACTCTTGTCACACGC	63.1838273822006	47.845834351092826	0.0	15.0280412022652	0.0	0.0	0.0	0.0	0.0	0.0	0.0	3.831611431112072	0.0	0.0	0.0	0.0	51.87148288539687	0.0	0.0	0.0	0.0	0.0	0.0
GSM4138110_HNSCC_1_PBMC_AACTTTCAGAAGGTTT	0.0	0.0	84.30973219293608	0.0	0.0	0.0	0.0	0.0	0.0	71.12642382922651	0.0	89.570770046675	0.0	0.0	0.0	0.0	0.0	0.0	0.0	0.0	0.0	0.0	0.0
GSM4138110_HNSCC_1_PBMC_AAGGAGCTCCTTTCGG	34.361659522966285	0.0	21.591592314709935	0.0	65.39858167155441	0.0	2.1138754296993443	0.0	56.03416992015706	91.44243815813938	46.9245739893713	0.0	0.0	0.0	0.0	0.0	0.0	0.0	0.0	0.0	0.0	0.0	0.0
GSM4138110_HNSCC_1_PBMC_AATCCAGAGTGCTGCC	0.0	80.4629118292291	84.95134837332189	0.0	0.0	4.492121545960903	16.53255031961683	0.0	0.0	0.0	52.90342529140781	47.82250196932332	0.0	0.0	0.0	0.0	0.0	0.0	0.0	0.0	0.0	0.0	0.0
GSM4138110_HNSCC_1_PBMC_AATCGGTGTCTAGCCG	22.275977812600853	0.0	91.50710822111795	53.63542851261664	0.0	0.0	0.0	71.69007704731862	0.0	127.7427770571442	0.0	0.0	0.0	0.0	0.0	0.0	0.0	0.0	0.0	0.0	0.0	0.0	0.0
GSM4138110_HNSCC_1_PBMC_ACACCCTCATCTACGA	0.0	52.222409318745555	59.56496629308568	0.0	0.0	0.0	21.237123662857304	0.0	0.0	0.0	71.8597743004434	0.0	0.0	0.0	0.0	0.0	0.0	0.0	0.0	0.0	0.0	0.0	0.0
GSM4138110_HNSCC_1_PBMC_ACACCGGCACCATGTA	0.0	0.0	0.0	11.571599043109758	0.0	0.0	0.0	0.0	0.0	0.0	0.0	0.0	256.4555339427506	207.10724810318098	0.0	179.31377057424518	0.0	0.0	0.0	0.0	0.0	0.0	0.0
GSM4138110_HNSCC_1_PBMC_ACATCAGAGCGTTCCG	116.76423452380872	115.00374940607014	0.0	0.0	0.0	0.0	0.0	0.0	17.624651524159823	0.0	0.0	0.0	0.0	4.590981820689849	0.0	0.0	216.8377053818475	0.0	0.0	0.0	0.0	0.0	0.0
GSM4138110_HNSCC_1_PBMC_ACCCACTCAATGTAAG	36.47249229099147	0.0	0.0	0.0	65.75070923667924	0.0	0.0	0.0	26.17102523794053	0.0	3.3408437961000605	0.0	24.918121526348376	0.0	0.0	0.0	0.0	0.0	0.0	0.0	0.0	0.0	0.0
GSM4138110_HNSCC_1_PBMC_ACCCACTGTAAGTGTA	0.0	77.80190995134707	69.07637683786263	47.356238993242336	0.0	0.0	0.0	0.0	0.0	0.0	0.0	56.29149256107602	0.0	0.0	0.0	0.0	0.0	0.0	0.0	0.0	0.0	0.0	0.0
GSM4138110_HNSCC_1_PBMC_ACCTTTATCATAACCG	12.963284811930572	83.20459461786966	96.7730859615516	0.0	6.578790453311195	0.0	0.0	0.0	0.0	0.0	50.57677016667137	0.0	0.0	0.0	0.0	87.23909208401327	0.0	0.0	0.0	0.0	0.0	0.0	0.0
GSM4138110_HNSCC_1_PBMC_ACGAGCCAGGTGTGGT	0.0	54.57445755133866	58.10522245238715	0.0	0.0	0.0	0.0	0.0	0.0	0.0	99.48096419299934	25.795591706003183	0.0	0.0	0.0	0.0	0.0	0.0	0.0	0.0	0.0	0.0	0.0
GSM4138110_HNSCC_1_PBMC_ACGATACCATATGAGA	0.0	0.0	75.08729293157256	0.0	0.0	0.0	0.0	0.0	0.0	0.0	63.52016911069092	0.0	0.0	0.0	0.0	0.0	0.0	44.901536713578984	0.0	0.0	0.0	0.0	0.0
GSM4138110_HNSCC_1_PBMC_ACGATACTCTGATTCT	0.0	74.13630950303532	44.92355671940948	0.0	0.0	0.0	36.37549155474907	0.0	0.0	0.0	22.61245215952575	0.0	0.0	0.0	0.0	0.0	54.21690147736817	0.0	0.0	0.0	0.0	0.0	0.0
GSM4138110_HNSCC_1_PBMC_ACGATGTCAGGCAGTA	0.0	0.0	92.84391087412234	0.0	0.0	0.0	0.0	0.0	0.0	51.74246216819298	0.0	77.42035387707293	0.0	0.0	0.0	0.0	0.0	0.0	0.0	0.0	0.0	0.0	0.0
GSM4138110_HNSCC_1_PBMC_ACGCAGCGTAGAGCTG	84.59054980269994	26.865472951102717	0.0	0.0	27.54792919190566	9.170118304119702	0.0	28.606360825180726	0.0	0.0	0.0	0.0	0.0	0.0	0.0	0.0	0.0	0.0	0.0	0.0	0.0	0.0	0.0
GSM4138110_HNSCC_1_PBMC_ACGCCGAAGGTAGCTG	0.0	0.0	46.24836742135973	0.0	0.0	57.829406645288095	0.0	0.0	0.0	0.0	0.0	0.0	0.0	0.0	0.0	55.47343849410148	0.0	0.0	0.0	0.0	0.0	0.0	0.0
GSM4138110_HNSCC_1_PBMC_ACGGGCTGTGATAAAC	0.0	23.739832719666715	91.36876727699823	0.0	103.79459751857887	0.0	0.0	0.0	0.0	0.0	25.102193815557065	0.0	27.98614618957292	0.0	0.0	0.0	0.0	0.0	0.0	0.0	0.0	0.0	0.0
GSM4138110_HNSCC_1_PBMC_ACGTCAACATCACGAT	12.549187286070735	0.0	0.0	0.0	0.0	59.01553620265531	0.0	16.886731840141355	37.823716040491504	0.0	0.0	0.0	0.0	0.0	0.0	29.147998437004684	0.0	0.0	0.0	0.0	0.0	0.0	0.0
GSM4138110_HNSCC_1_PBMC_ACTATCTAGGAATTAC	18.508931805652473	0.0	0.0	0.0	0.0	0.0	0.0	0.0	160.56017484543264	43.50774863975156	0.0	136.72933868572466	61.03578820090306	0.0	0.0	0.0	0.0	0.0	0.0	0.0	0.0	0.0	0.0
GSM4138110_HNSCC_1_PBMC_ACTGATGTCGTTACGA	0.0	130.93424193859926	0.0	61.72417078897242	0.0	0.0	130.45158139417936	0.0	0.0	0.0	0.0	0.0	0.0	0.0	46.41154324585312	0.0	0.0	0.0	0.0	0.0	0.0	0.0	0.0
GSM4138110_HNSCC_1_PBMC_ACTTACTAGATAGGAG	43.581164934368736	0.0	0.0	90.31327380100566	0.0	85.08812600718849	0.0	0.0	0.0	0.0	0.0	0.0	0.0	25.945597021274605	0.0	0.0	0.0	0.0	0.0	0.0	0.0	0.0	0.0
GSM4138110_HNSCC_1_PBMC_ACTTGTTTCCACGACG	0.0	0.0	72.02555442789426	9.56151561869925	59.326783272540816	0.0	0.0	0.0	0.0	11.668727281446353	40.21621612058304	9.868446349441381	61.97359204259137	0.0	0.0	0.0	0.0	0.0	0.0	0.0	0.0	0.0	0.0
GSM4138110_HNSCC_1_PBMC_ACTTTCATCGTCACGG	0.0	50.920862084528636	35.959354456233136	40.60757431681149	0.0	0.0	0.0	0.0	0.0	0.0	0.0	0.0	0.0	53.87888745234868	23.05357498338051	0.0	0.0	0.0	0.0	0.0	0.0	0.0	0.0
GSM4138110_HNSCC_1_PBMC_AGATTGCTCATGCTCC	0.0	0.0	0.0	0.0	0.0	0.0	0.0	73.9252339370966	130.3070886317566	0.0	0.0	0.0	69.48144725127449	30.129930384338003	23.904853965207955	0.0	0.0	0.0	0.0	0.0	0.0	0.0	0.0
GSM4138110_HNSCC_1_PBMC_AGATTGCTCCTAGAAC	0.0	0.0	0.0	0.0	54.603449200863125	0.0	0.0	0.0	153.57648366730942	20.86050531436375	0.0	0.0	0.0	0.0	0.0	0.0	0.0	0.0	0.0	0.0	0.0	0.0	0.0
GSM4138110_HNSCC_1_PBMC_AGCAGCCTCACTCTTA	0.0	0.0	0.0	80.92155728586869	0.0	0.0	70.20179760593881	0.0	0.0	20.95306678057455	0.0	0.0	39.822716157888145	0.0	0.0	0.0	0.0	0.0	0.0	0.0	0.0	0.0	0.0
GSM4138110_HNSCC_1_PBMC_AGCCTAAAGCGTGAAC	0.0	0.0	140.6649212626423	36.92225757204773	0.0	89.6307367651958	0.0	0.0	0.0	0.0	0.0	0.0	0.0	0.0	104.19463642208171	0.0	0.0	0.0	0.0	0.0	0.0	0.0	0.0
GSM4138110_HNSCC_1_PBMC_AGCCTAAGTCTCATCC	0.0	0.0	32.186666372635464	0.0	0.0	0.0	0.0	117.71530259791793	0.0	34.522043229605174	0.0	0.0	0.0	0.0	0.0	0.0	0.0	0.0	0.0	0.0	0.0	0.0	0.0
GSM4138110_HNSCC_1_PBMC_AGCGTATAGCCAGTTT	0.0	0.0	123.5857279632528	90.0026656482082	0.0	0.0	0.0	0.0	0.0	64.38090387506547	0.0	0.0	0.0	0.0	0.0	0.0	0.0	0.0	0.0	0.0	0.0	0.0	0.0
GSM4138110_HNSCC_1_PBMC_AGCGTCGAGCGCTCCA	0.0	65.57746417881314	54.53257909706591	0.0	0.0	0.0	0.8656155124734651	0.0	15.70557643559902	0.0	0.0	62.375954103103666	0.0	4.735074349916045	0.0	0.0	0.0	0.0	0.0	0.0	0.0	0.0	0.0
GSM4138110_HNSCC_1_PBMC_AGCTCCTGTATCACCA	0.0	88.3612631795669	167.56138689918558	60.63477819504775	0.0	0.0	0.0	0.0	0.0	0.0	85.71136190400452	0.0	3.29917826705497	33.13230597021366	0.0	0.0	0.0	0.0	0.0	0.0	0.0	0.0	0.0
GSM4138110_HNSCC_1_PBMC_AGCTCTCAGTCGTTTG	0.0	85.92130642829655	45.32375327159512	118.39622787432039	0.0	0.0	60.461353290825166	0.0	0.0	0.0	0.0	0.0	0.0	0.0	24.743459124712537	0.0	0.0	0.0	0.0	0.0	0.0	0.0	0.0
GSM4138110_HNSCC_1_PBMC_AGCTTGAAGACTGGGT	0.0	48.70788239942102	94.55687660095569	0.0	0.0	0.0	0.0	0.0	0.0	0.0	0.0	0.0	8.52514801177724	0.0	0.0	96.79085170142831	0.0	7.039933043415795	0.0	0.0	0.0	0.0	0.0
GSM4138110_HNSCC_1_PBMC_AGGCCGTAGACTACAA	97.87080810127533	85.84897833556495	0.0	0.0	26.340672744793995	0.0	0.0	38.21210774681816	0.0	0.0	0.0	0.0	0.0	0.0	28.774872662695866	0.0	0.0	0.0	32.69559283248089	0.0	0.0	0.0	0.0
GSM4138110_HNSCC_1_PBMC_AGGGATGAGACCCACC	0.0	0.0	38.44546080888814	0.0	0.0	60.77045686568462	0.0	0.0	0.0	0.23221945706693745	0.0	77.1446047506092	0.0	59.186432244608866	0.0	0.0	0.0	0.0	0.0	0.0	0.0	0.0	0.0
GSM4138110_HNSCC_1_PBMC_AGGGATGCATGTTCCC	0.0	12.859289725454943	97.30890969134569	118.26846980029889	0.0	0.0	22.178706662035317	0.0	0.0	0.0	0.0	0.0	0.0	0.0	0.0	0.0	0.0	52.72275350628099	0.0	0.0	9.662010328408055	0.0	0.0
GSM4138110_HNSCC_1_PBMC_AGTAGTCGTCAATGTC	80.72543905803833	69.68764839466968	0.0	0.0	0.0	0.0	0.0	70.75903124051112	0.0	0.0	0.0	0.0	0.0	0.0	0.0	0.0	0.0	0.0	0.0	0.0	0.0	0.0	0.0
GSM4138110_HNSCC_1_PBMC_AGTAGTCGTCCGAAGA	0.0	54.839264646652836	53.34572629714086	0.0	0.0	0.0	50.9415274088464	0.0	0.0	0.0	100.81347252941296	0.0	0.0	0.0	0.0	0.0	0.0	0.0	0.0	0.0	0.0	0.0	0.0
GSM4138110_HNSCC_1_PBMC_AGTGGGAAGGAGCGAG	0.0	0.0	141.50465193361214	34.751648701325436	0.0	0.0	0.0	26.738397617961308	0.0	155.58292672880057	0.0	0.0	0.0	0.0	0.0	99.04765134711889	0.0	0.0	0.0	0.0	0.0	0.0	0.0
GSM4138110_HNSCC_1_PBMC_AGTGTCAGTACCGGCT	0.0	0.0	183.78494064007444	0.0	0.0	0.0	0.0	0.0	0.0	0.0	0.0	0.0	0.0	0.0	122.20102645618506	0.0	0.0	28.663997384349987	30.25055184040784	0.0	0.0	0.0	0.0
GSM4138110_HNSCC_1_PBMC_ATAAGAGAGCTGATAA	0.0	0.0	96.33491520640939	0.0	0.0	0.0	3.5286733621910567	0.0	0.0	40.66024782924404	16.076330261106076	19.44820826392503	0.0	0.0	0.0	0.0	0.0	0.0	0.0	0.0	0.0	0.0	0.0
GSM4138110_HNSCC_1_PBMC_ATCACGAGTCAAACTC	0.0	38.08025322264133	49.650877263516584	0.0	0.0	0.0	21.361200108333495	0.0	0.0	0.0	0.0	95.43302349736753	0.0	0.0	0.0	0.0	0.0	0.0	0.0	0.0	0.0	0.0	0.0
GSM4138110_HNSCC_1_PBMC_ATCATCTTCTGTGCAA	0.0	0.0	17.836040082718792	0.0	23.079164742511477	0.0	0.0	0.0	0.0	73.83913514599992	40.75199604773137	4.093926720494509	0.0	53.084782877894845	0.0	0.0	0.0	0.0	0.0	0.0	0.0	0.0	0.0
GSM4138110_HNSCC_1_PBMC_ATCATGGGTCACTGGC	0.0	0.0	0.0	53.485596278926	17.597636779699986	87.64793079209001	0.0	0.0	99.72025884259793	0.0	22.185805076933256	40.32648957037274	0.0	0.0	0.0	0.0	0.0	0.0	0.0	0.0	0.0	0.0	0.0
GSM4138110_HNSCC_1_PBMC_ATCTGCCCATACGCCG	53.72455008928437	0.0	0.0	71.54134090859782	0.0	50.19650410982545	34.76339411110077	0.0	0.0	0.0	0.0	0.0	0.0	0.0	0.0	0.0	0.0	36.394876958383044	0.0	0.0	0.0	0.0	0.0
GSM4138110_HNSCC_1_PBMC_ATGAGGGAGTGTACGG	0.0	7.245482820711088	0.0	135.59673235410972	0.0	0.0	80.90604170564391	0.0	0.0	37.40876889808065	0.0	0.0	0.0	0.0	0.0	0.0	0.0	35.68185743830398	0.0	0.0	0.0	0.0	0.0
GSM4138110_HNSCC_1_PBMC_ATGGGAGAGACCCACC	47.512260209637965	0.0	0.0	0.0	0.0	188.19056173765657	0.0	0.0	0.0	0.0	0.0	0.0	0.0	92.99462901529787	0.0	0.0	213.69527006086247	0.0	0.0	0.0	0.0	0.0	0.0
GSM4138110_HNSCC_1_PBMC_ATGTGTGTCCAGTAGT	0.0	0.0	71.279988694516	95.2987490547707	0.0	0.0	0.0	0.0	0.0	0.0	0.0	0.0	0.0	0.0	0.0	0.0	0.0	17.329655830010598	0.0	0.0	0.0	22.215827538532917	2.1697617122362147
GSM4138110_HNSCC_1_PBMC_ATTATCCAGCGCCTTG	29.600463135779165	0.0	0.0	0.0	0.0	0.0	0.0	0.0	75.08478324805832	0.0	0.0	0.0	103.37493202507102	1.1832301228241697	115.7168383954282	0.0	0.0	0.0	0.0	0.0	0.0	0.0	0.0
GSM4138110_HNSCC_1_PBMC_ATTCTACAGATGTCGG	72.56694844617587	75.40954742662404	0.0	0.0	0.0	0.0	0.0	25.406743177217855	0.0	0.0	0.0	0.0	0.0	14.535469797306684	76.21116998566075	0.0	0.0	2.7330877726933225	0.0	0.0	0.0	0.0	0.0
GSM4138110_HNSCC_1_PBMC_ATTGGACAGAAGGCCT	0.0	0.0	25.981475417049193	0.0	3.0614650877254617	0.0	0.0	40.97908239049472	0.0	0.0	0.0	3.285069524711873	0.0	28.299066609191918	15.712894014748736	0.0	0.0	63.72660999874154	0.0	0.0	0.0	0.0	0.0
GSM4138110_HNSCC_1_PBMC_ATTGGTGCACAGGAGT	33.63047287860284	0.0	0.0	0.0	0.0	0.0	0.0	0.0	42.61558111120471	0.0	0.0	0.0	11.67408864265974	0.0	0.0	0.0	0.0	50.706707036406	126.07120732783261	0.0	0.0	0.0	0.0
GSM4138110_HNSCC_1_PBMC_CAACCTCTCTAAGCCA	11.838936201642033	0.0	8.943592096649544	0.0	28.92288511038874	0.0	0.0	0.0	0.0	0.0	0.0	0.5463305483545657	75.57524815590796	35.33613374604615	0.0	0.0	0.0	0.0	33.104418503445494	0.0	0.0	0.0	0.0
GSM4138110_HNSCC_1_PBMC_CAACTAGGTGTCCTCT	0.0	83.00653640916755	73.20592058985609	15.443359262285384	0.0	0.0	0.0	0.0	0.0	0.0	0.0	77.73352377804248	0.0	0.0	0.0	0.0	0.0	0.0	0.0	0.0	0.0	0.0	0.0
GSM4138110_HNSCC_1_PBMC_CAACTAGTCAAGATCC	0.0	46.91007725891461	0.0	0.0	0.0	0.0	80.77427641006047	0.0	0.0	0.0	0.0	97.53046909886116	0.0	0.0	0.0	0.0	0.0	0.0	0.0	0.0	0.0	0.0	0.0
GSM4138110_HNSCC_1_PBMC_CAAGAAATCACAAACC	0.0	3.342021013897353	0.0	63.94439259643848	0.0	53.44870737890643	28.016598364135344	0.0	31.228456153775365	0.0	0.0	0.0	0.0	0.0	0.0	0.0	0.0	0.0	0.0	0.0	0.0	0.0	0.0
GSM4138110_HNSCC_1_PBMC_CAAGTTGCATGTTCCC	42.53998738982177	0.0	82.77875056423133	147.35219245763133	0.0	0.0	3.8172867776514514	0.0	0.0	0.0	0.0	0.0	113.53548486748997	0.0	0.0	0.0	0.0	0.0	0.0	0.0	0.0	0.0	0.0
GSM4138110_HNSCC_1_PBMC_CACACTCTCAAGATCC	46.627515146068696	103.75365283636516	28.539217401257332	0.0	130.33048194716108	0.0	0.0	0.0	15.54305807008074	0.0	0.0	0.0	0.0	0.0	0.0	0.0	0.0	0.0	0.0	0.0	0.0	0.0	0.0
GSM4138110_HNSCC_1_PBMC_CACAGGCTCCGCGTTT	0.0	0.0	0.0	0.0	0.0	73.34260961773465	0.0	0.0	75.99841087425432	0.0	42.34295583101629	78.42888945168124	0.0	27.560911571188143	0.0	0.0	0.0	0.0	0.0	0.0	0.0	0.0	0.0
GSM4138110_HNSCC_1_PBMC_CACAGTAAGTTACCCA	0.0	10.55341121805754	9.847134669270186	91.00226614386825	0.0	55.49111691312336	102.32117721327901	0.0	0.0	0.0	0.0	0.0	0.0	0.0	0.0	36.65659650067364	0.0	0.0	0.0	0.0	0.0	0.0	0.0
GSM4138110_HNSCC_1_PBMC_CACATTTAGTAGCGGT	0.0	0.0	84.99389129359417	0.0	0.0	0.0	10.655246803130222	0.0	2.0843179097939104	55.641320801337706	59.580990625525736	23.125345746438995	0.0	0.0	0.0	0.0	0.0	0.0	0.0	0.0	0.0	0.0	0.0
GSM4138110_HNSCC_1_PBMC_CACCACTTCCGCGGTA	16.0952230201234	0.0	0.0	0.0	60.8659938259362	45.690024350289704	37.841381301808156	2.2328907582074367	0.0	0.0	0.0	7.789316566069135	0.0	5.953275391998204	0.0	0.0	0.0	0.0	0.0	0.0	0.0	0.0	0.0
GSM4138110_HNSCC_1_PBMC_CAGAGAGAGCCACTAT	0.0	0.0	65.45098024925991	0.0	0.0	0.0	0.0	0.0	0.0	97.80846525366975	85.10695059238031	0.0	0.0	0.0	0.0	0.0	0.0	0.0	0.0	0.0	0.0	0.0	0.0
GSM4138110_HNSCC_1_PBMC_CAGCAGCGTGCAGTAG	0.0	0.0	52.598980959721494	0.0	0.0	28.72278806835959	0.0	0.0	0.0	0.0	0.0	50.526657218735245	0.0	0.0	0.0	0.0	0.0	0.0	0.0	0.0	0.0	0.0	0.0
GSM4138110_HNSCC_1_PBMC_CAGCATAAGTACTTGC	0.0	70.31516814939454	36.094166225625614	98.81674439609125	0.0	0.0	0.0	0.0	0.0	0.0	0.0	0.0	0.0	0.0	0.0	0.0	0.0	29.313160257377305	0.0	0.0	0.0	0.0	0.0
GSM4138110_HNSCC_1_PBMC_CAGCATATCAGAGGTG	103.38364818638462	112.48552545070187	0.0	0.0	0.0	0.0	0.0	149.44543080215607	39.02619378500768	0.0	0.0	0.0	0.0	0.0	0.0	0.0	0.0	0.0	0.0	0.0	0.0	0.0	0.0
GSM4138110_HNSCC_1_PBMC_CAGCTAAGTTCCACGG	25.675200795000755	0.0	0.0	0.0	0.0	0.0	0.0	103.30142262110186	0.0	0.0	0.0	0.0	0.0	61.713825822887195	0.0	0.0	0.0	0.0	0.0	8.22145602327626	0.0	64.29402836091867	0.0
GSM4138110_HNSCC_1_PBMC_CATCGAAGTACTTCTT	105.48870048598526	0.0	0.0	0.0	0.0	0.0	0.0	0.0	0.0	8.39533382089071	0.0	87.78552895772054	61.073699996449506	32.00098060281537	0.0	0.0	0.0	0.0	0.0	0.0	0.0	0.0	0.0
GSM4138110_HNSCC_1_PBMC_CATCGGGAGAGCTTCT	0.0	0.0	0.0	0.0	0.0	0.0	0.0	41.290317761344475	31.995003528077127	0.0	0.0	0.0	31.328772516157354	0.0	0.0	0.0	0.0	0.0	0.0	0.0	0.0	0.0	0.0
GSM4138110_HNSCC_1_PBMC_CATTATCTCGATCCCT	0.0	0.0	110.01635567140721	0.0	24.88449291542763	0.0	40.03384284458382	0.0	3.89544173699775	0.0	47.55446271457971	0.0	0.0	0.0	0.0	15.907977801686123	14.38330143015965	87.44158436245137	0.0	0.0	0.0	0.0	0.0
GSM4138110_HNSCC_1_PBMC_CATTCGCAGTGAAGAG	0.0	23.509041696715943	0.0	0.0	0.0	84.52128838389785	182.1714644503046	0.0	0.0	0.0	145.7246794245147	0.0	0.0	0.0	0.0	0.6386086832832644	0.0	0.0	0.0	0.0	0.0	0.0	0.0
GSM4138110_HNSCC_1_PBMC_CCACGGACAGATGGGT	178.76331253757783	0.0	0.0	0.0	27.91299797635851	83.28861470393832	0.0	17.146965239253532	0.0	0.0	0.0	0.0	0.0	0.0	0.0	0.0	0.0	0.0	98.38715994290727	0.0	0.0	0.0	0.0
GSM4138110_HNSCC_1_PBMC_CCACTACAGGTTCCTA	42.196727976422665	0.0	21.092882223628376	0.0	88.10643622741684	0.0	0.0	0.0	0.0	77.53091872727899	0.0	0.0	0.0	36.41374413724658	0.0	0.0	0.0	0.0	0.0	0.0	0.0	0.0	0.0
GSM4138110_HNSCC_1_PBMC_CCCAGTTAGGCACATG	49.68666184227453	0.0	0.0	0.0	0.0	0.0	0.0	0.0	5.560783780517098	51.73360370287451	79.84275270923631	0.0	20.80467610347115	0.0	0.0	0.0	0.0	0.0	0.0	0.0	0.0	0.0	0.0
GSM4138110_HNSCC_1_PBMC_CCCTCCTGTACAGCAG	0.0	0.0	0.0	0.0	0.0	80.0109530291629	56.39900951389409	0.0	0.0	0.0	79.39830651577617	0.0	0.0	0.0	0.0	0.0	0.0	0.0	0.0	0.0	0.0	0.0	0.0
GSM4138110_HNSCC_1_PBMC_CCCTCCTTCCATGAAC	41.00301765401837	47.23172047405242	0.0	0.0	71.8989891124032	0.0	0.0	8.240511097860017	21.564900761665772	0.0	0.0	0.0	0.0	0.0	0.0	0.0	0.0	0.0	0.0	0.0	0.0	0.0	0.0
GSM4138110_HNSCC_1_PBMC_CCGTACTGTTCCAACA	0.0	122.32984010033597	0.0	0.0	94.31236949140965	0.0	0.0	12.552336891804508	127.43146820298293	0.0	0.0	0.0	0.0	0.0	0.0	0.0	0.0	0.0	0.0	0.0	0.0	0.0	0.0
GSM4138110_HNSCC_1_PBMC_CCGTACTTCCGATATG	8.204687518932563	0.0	0.0	0.0	0.0	0.0	0.0	0.0	0.0	0.0	0.0	0.0	55.681329970896165	38.70543940427015	0.0	0.0	0.0	0.0	59.18997240372316	0.0	0.0	0.0	0.0
GSM4138110_HNSCC_1_PBMC_CCGTGGAAGGAGTACC	0.0	63.10052085450816	0.0	64.6192092536741	0.0	0.0	76.9278380763146	0.0	0.0	0.0	0.0	15.440440908361609	0.0	0.0	0.0	0.0	0.0	0.0	0.0	0.0	0.0	0.0	0.0
GSM4138110_HNSCC_1_PBMC_CCTAAAGAGCGCCTCA	0.0	211.83716789696084	0.0	0.0	0.0	0.0	0.0	39.45870286942162	0.0	0.0	0.0	0.0	0.0	131.97236040485237	122.71250549128607	0.0	0.0	0.0	0.2499027911540784	0.0	0.0	0.0	0.0
GSM4138110_HNSCC_1_PBMC_CCTACACCACAGGCCT	0.0	0.0	101.77031951343474	52.13120734591069	0.0	0.0	0.0	0.0	0.0	0.0	0.0	53.29614365450679	0.0	0.0	0.0	0.0	0.0	62.47061157008367	0.0	0.0	0.0	0.0	0.0
GSM4138110_HNSCC_1_PBMC_CCTATTACACAAGACG	0.0	0.0	0.0	40.19967308594461	0.0	0.0	141.6005834914499	0.0	0.0	0.0	0.0	137.36946926222387	0.0	0.0	0.0	0.0	0.0	101.39672567139951	0.0	0.0	0.0	0.0	0.0
GSM4138110_HNSCC_1_PBMC_CCTTACGAGAATAGGG	0.0	0.0	0.0	0.0	147.3774543596333	30.82407331809737	0.0	0.0	0.0	0.0	0.0	0.0	0.0	102.24580862168646	0.0	0.0	0.0	30.587949007009247	0.0	0.0	0.0	0.0	0.0
GSM4138110_HNSCC_1_PBMC_CGAACATGTCCAGTAT	0.0	0.0	60.40173104904362	0.0	0.0	0.0	2.2552828962489855	0.0	0.0	1.9284303498172721	0.0	0.0	59.07859647235574	0.0	0.0	72.79276074844101	0.0	0.0	0.0	0.0	0.0	0.0	0.0
GSM4138110_HNSCC_1_PBMC_CGATCGGCAACACCCG	0.0	0.0	44.77310301070464	0.0	0.0	25.750975788312708	0.0	56.25830968357001	0.0	0.0	0.0	0.0	0.0	5.123799310287119	0.0	0.0	0.0	0.0	0.0	0.0	0.0	0.0	0.0
GSM4138110_HNSCC_1_PBMC_CGATGTATCCTTTCGG	0.0	0.0	0.0	0.0	0.0	27.978573702361327	0.0	77.14757086817878	0.0	0.0	0.0	0.0	0.0	73.17660788595856	0.0	0.0	0.0	36.162286555927864	0.0	0.0	0.0	0.0	0.0
GSM4138110_HNSCC_1_PBMC_CGCGGTAAGACACGAC	0.0	0.0	0.0	1.6969940294031476	0.0	42.16579626679271	20.75694953947894	0.0	0.0	0.0	0.0	78.5242433333285	0.0	0.0	0.0	0.0	0.0	0.0	0.0	0.0	0.0	0.0	0.0
GSM4138110_HNSCC_1_PBMC_CGCGGTATCAGTCCCT	0.0	0.0	69.48286789558307	4.838328780726344	0.0	59.08580645212226	0.0	67.56986587361996	0.0	0.0	0.0	0.0	0.0	0.0	0.0	2.650576436690561	0.0	0.0	0.0	0.0	0.0	0.0	0.0
GSM4138110_HNSCC_1_PBMC_CGCTATCAGGTAGCCA	63.340138416843516	111.56831230735432	47.57093035000608	0.0	0.0	0.0	0.0	0.0	0.0	0.0	0.0	160.8896757191428	0.0	13.768841387123611	0.0	0.0	0.0	0.0	0.0	0.0	0.0	0.0	0.0
GSM4138110_HNSCC_1_PBMC_CGCTTCACAGTACACT	112.82290487283844	88.3595591031887	0.0	0.0	0.0	0.0	0.0	92.27588333058195	0.0	0.0	0.0	0.0	0.0	0.0	0.0	0.0	0.0	0.0	0.0	0.0	0.0	0.0	0.0
GSM4138110_HNSCC_1_PBMC_CGGAGCTCAGACGCAA	0.0	42.74476234336327	75.97678032510436	0.0	0.0	0.0	0.0	0.0	0.0	0.0	0.0	68.69559778703622	0.0	0.0	0.0	0.0	0.0	0.0	0.0	0.0	0.0	0.0	0.0
GSM4138110_HNSCC_1_PBMC_CGGAGCTTCGCCTGAG	20.295890096528964	101.98327838547763	0.0	22.217970471190533	0.0	0.0	0.4233923838027734	0.0	62.12160753005866	0.0	0.0	0.0	0.0	24.800150691397103	70.30640274497841	0.0	0.0	0.0	47.98406774735345	0.0	0.0	0.0	0.0
GSM4138110_HNSCC_1_PBMC_CGGCTAGTCACATAGC	0.0	138.3963240795669	0.0	41.525768906035566	0.0	0.0	0.0	0.0	115.69766608109539	0.0	107.4971907384116	0.0	0.0	0.0	0.0	0.0	0.0	0.0	0.0	0.0	0.0	0.0	0.0
GSM4138110_HNSCC_1_PBMC_CGGCTAGTCAGAGACG	0.0	29.454011938726254	1.9115824750316812	0.0	0.0	15.272748596559442	81.92588399283059	0.0	0.0	0.0	35.99038709353648	43.083998249576176	0.0	0.0	0.0	0.0	0.0	0.0	0.0	0.0	0.0	0.0	0.0
GSM4138110_HNSCC_1_PBMC_CGGCTAGTCCTAAGTG	0.0	0.0	73.85436709810152	120.76040572882299	0.0	0.0	0.0	0.0	0.0	63.24365932665013	0.0	0.0	0.0	23.318186946932848	13.59861736261632	0.0	0.0	0.0	0.0	0.0	0.0	0.0	0.0
GSM4138110_HNSCC_1_PBMC_CGTAGCGAGAAGGGTA	3.8266914526019664	72.91904404062876	28.618980585432112	0.0	0.0	0.0	0.0	0.0	0.0	0.0	0.0	0.0	0.0	33.75469369882457	0.0	161.9038440382956	0.0	0.0	0.0	0.0	0.0	0.0	0.0
GSM4138110_HNSCC_1_PBMC_CGTAGGCGTGGTAACG	40.90075558319433	11.176999941338982	0.0	0.0	0.0	16.28745495414026	0.0	0.0	0.0	0.0	0.0	0.0	0.0	0.0	109.6119692566675	0.0	0.0	29.52862468172954	0.0	0.0	0.0	0.0	0.0
GSM4138110_HNSCC_1_PBMC_CGTCACTTCAAACCGT	0.0	0.0	81.5050163162638	0.0	0.0	0.0	0.0	0.0	0.0	72.72546516049539	104.67150088759773	0.0	7.282098510207054	0.0	0.0	0.0	0.0	0.0	0.0	0.0	0.0	0.0	0.0
GSM4138110_HNSCC_1_PBMC_CGTCCATAGCAGCGTA	26.360079029922385	0.0	0.0	0.0	78.73063293394198	70.67554931715705	0.0	0.0	0.0	0.0	0.0	0.0	0.0	0.0	0.0	0.0	0.0	0.0	0.0	0.0	0.0	0.0	0.0
GSM4138110_HNSCC_1_PBMC_CGTGTAAAGGTGTGGT	0.0	0.0	56.88428372361191	0.0	0.0	0.0	48.5286290434075	0.0	0.0	100.65906940560399	0.0	99.58372549066733	0.0	0.0	0.0	0.0	0.0	0.0	0.0	0.0	0.0	0.0	0.0
GSM4138110_HNSCC_1_PBMC_CGTTGGGCAGGCGATA	76.26651407552063	0.0	0.0	60.145315255082544	9.64503124238869	0.0	0.0	0.0	0.0	0.0	0.0	0.0	68.17508082791637	0.0	0.0	3.5416013433343774	0.0	0.0	0.0	0.0	0.0	0.0	0.0
GSM4138110_HNSCC_1_PBMC_CTACACCGTAGCTTGT	63.92594699034975	58.284750462707514	0.0	19.47780332851228	0.0	0.0	0.0	78.0446939092685	0.0	0.0	0.0	0.0	0.0	0.0	7.947233655035114	0.0	0.0	0.0	0.0	0.0	0.0	0.0	0.0
GSM4138110_HNSCC_1_PBMC_CTACGTCAGTGGGATC	0.0	0.0	0.0	35.39557677568675	0.0	0.0	48.66133748252086	0.0	0.0	0.0	0.0	30.240948813706105	0.0	0.0	0.0	0.0	0.0	108.47481747099324	0.0	0.0	0.0	0.0	0.0
GSM4138110_HNSCC_1_PBMC_CTACGTCTCCACGAAT	5.715340541358895	13.970905370080834	0.0	0.0	78.52016593882936	49.394902115835464	0.0	0.0	0.0	0.0	0.0	0.0	0.0	34.99185524373293	0.0	0.0	0.0	0.0	0.0	0.0	0.0	0.0	0.0
GSM4138110_HNSCC_1_PBMC_CTAGCCTAGCCAACAG	0.0	0.0	90.37011268775868	0.0	73.46480021139642	0.0	0.0	0.0	0.0	60.436495115727695	0.0	0.0	0.0	0.0	0.0	0.0	0.0	0.0	0.0	0.0	0.0	0.0	0.0
GSM4138110_HNSCC_1_PBMC_CTCAGAATCGAATGGG	0.0	76.51980914633688	114.58891395973404	44.06443128889939	0.0	0.0	0.0	0.0	0.0	0.0	0.0	0.0	0.0	0.0	89.14726989022331	0.0	0.0	9.355648597986415	0.0	0.0	0.0	0.0	0.0
GSM4138110_HNSCC_1_PBMC_CTCCTAGCAAGTCTGT	0.0	0.0	105.63100293700167	84.78822788634064	0.0	0.0	0.0	0.0	0.0	7.870658547991443	0.0	0.0	72.75463846296674	0.0	0.0	0.0	0.0	0.0	0.0	0.0	0.0	0.0	0.0
GSM4138110_HNSCC_1_PBMC_CTCGGAGAGCAGGTCA	0.0	63.36772491027351	56.838010115416395	73.07026705007995	0.0	0.0	15.486097962508541	0.0	0.0	0.0	0.0	3.5495493301674808	0.0	0.0	0.0	32.12876741348972	0.0	34.28878959590505	0.0	0.0	0.0	0.0	0.0
GSM4138110_HNSCC_1_PBMC_CTCGTACTCAGCAACT	0.0	0.0	0.0	136.36240861166985	0.0	0.0	159.27602460899934	0.0	0.0	68.2199603531166	0.0	0.0	0.0	0.0	0.0	0.0	0.0	0.0	0.0	0.0	0.0	0.0	0.0
GSM4138110_HNSCC_1_PBMC_CTCGTCAAGCTCTCGG	0.0	0.0	72.18713268250417	0.0	0.0	18.260840475134074	0.0	0.0	0.0	102.41795441321145	0.0	220.0602523842752	0.0	0.0	0.0	0.0	0.0	0.0	0.0	0.0	0.0	0.0	0.0
GSM4138110_HNSCC_1_PBMC_CTCTACGCAGATCGGA	50.104784186576545	32.1061509411077	0.0	0.0	0.0	25.04694733516302	0.0	42.03279970641077	0.0	0.0	0.0	0.0	0.0	0.0	0.0	0.0	0.0	0.0	0.0	0.0	0.0	0.0	0.0
GSM4138110_HNSCC_1_PBMC_CTCTGGTAGACAGGCT	0.0	0.0	74.46444368983119	1.3218379399649491	0.0	0.0	0.0	0.0	0.0	51.185765266373984	82.81153295093738	9.867016684325188	0.0	0.0	0.0	0.0	0.0	0.0	0.0	0.0	0.0	0.0	0.0
GSM4138110_HNSCC_1_PBMC_CTCTGGTCACAGCCCA	60.79047039499265	0.0	0.0	0.0	89.96303103894142	83.19525259199158	0.0	56.167053660524914	16.731385210952762	0.0	0.0	0.0	0.0	0.0	0.0	3.1989823469027847	0.0	0.0	0.0	0.0	0.0	0.0	0.0
GSM4138110_HNSCC_1_PBMC_CTGAAACCAGCCTTGG	82.81210984228024	36.73230289298932	0.0	0.0	89.63976702060751	0.0	0.0	0.0	0.0	0.0	0.0	0.0	0.0	0.0	0.0	0.0	0.0	0.0	0.0	0.0	0.0	0.0	0.0
GSM4138110_HNSCC_1_PBMC_CTGAAACCAGTATGCT	0.0	70.40595840765667	106.23909093204784	42.39453945725599	0.0	0.0	0.0	0.0	0.0	0.0	0.0	68.70454499835981	0.0	0.0	0.0	0.0	0.0	0.0	0.0	0.0	0.0	0.0	0.0
GSM4138110_HNSCC_1_PBMC_CTGAAGTCAGCTGCTG	0.0	56.90513426154315	81.3096783995089	0.0	0.0	0.0	9.52983634719421	0.0	0.0	0.0	93.25606222614245	0.0	0.0	0.0	0.0	0.0	0.0	0.0	0.0	0.0	0.0	0.0	0.0
GSM4138110_HNSCC_1_PBMC_CTGAAGTGTTCTCATT	0.0	158.99254628265479	0.0	13.275652518548311	0.0	0.0	0.0	0.0	38.181364963818964	0.0	0.0	0.0	0.0	0.0	0.0	19.94021042016701	18.242667451758702	0.0	0.0	0.0	0.0	0.0	0.0
GSM4138110_HNSCC_1_PBMC_CTGTTTACAAAGGTGC	41.18802531089875	0.0	0.0	22.510744891584274	0.0	61.9505169260899	0.0	0.0	0.0	0.0	0.0	61.14994992675106	0.0	23.539186880865323	0.0	0.0	0.0	0.0	0.0	0.0	0.0	0.0	0.0
GSM4138110_HNSCC_1_PBMC_CTTAACTGTGACGCCT	51.13717990164337	0.0	0.0	0.0	0.0	0.0	0.0	101.62807106376583	0.0	0.0	0.0	0.0	65.42748509373281	0.0	0.0	0.0	0.0	0.0	0.0	0.0	0.0	0.0	0.0
GSM4138110_HNSCC_1_PBMC_CTTAGGAAGGTGATTA	23.97266251390464	162.83448748899517	0.0	0.0	0.0	0.0	88.31998591111267	153.0349649065889	95.67208142603445	0.0	0.0	0.0	0.0	0.0	0.0	40.034401413242115	0.0	0.0	0.0	0.0	0.0	0.0	0.0
GSM4138110_HNSCC_1_PBMC_CTTAGGACAGAGTGTG	0.0	0.0	61.861358966840605	0.0	0.0	15.174694399797016	11.967394470218988	0.0	0.0	0.0	0.0	72.05430049725958	0.0	0.0	0.0	0.0	0.0	27.47541347131117	0.0	0.0	0.0	0.0	0.0
GSM4138110_HNSCC_1_PBMC_CTTGGCTCAAAGCGGT	0.0	91.79876970411243	0.0	10.315587214870972	122.93003320457562	0.0	14.478347180012449	0.0	73.41990171878531	0.0	0.0	1.9099874401699508	0.0	0.0	0.0	0.0	0.0	0.0	0.0	0.0	0.0	0.0	0.0
GSM4138110_HNSCC_1_PBMC_GAAACTCGTCTTCTCG	120.33731601796738	0.0	0.0	11.173757230150743	0.0	0.0	0.0	0.0	48.01731154467566	108.16262162110313	0.0	0.0	0.0	0.0	110.88572392270945	0.0	0.0	0.0	0.0	0.0	0.0	0.0	0.0
GSM4138110_HNSCC_1_PBMC_GAAATGAAGAGCAATT	50.89530545182428	0.0	0.0	0.0	0.0	0.0	0.0	0.0	0.0	0.0	60.98217193368958	0.0	48.05228321473168	0.0	0.0	0.0	0.0	0.0	0.0	0.0	0.0	0.0	0.0
GSM4138110_HNSCC_1_PBMC_GAACATCTCGGTTAAC	11.568856372503683	0.0	35.09014477428884	0.0	79.13598819267256	0.0	39.97294442569011	0.0	0.0	10.272050514710285	0.0	0.0	44.693401267277814	0.0	0.0	0.0	0.0	0.0	0.0	0.0	0.0	0.0	0.0
GSM4138110_HNSCC_1_PBMC_GAACCTATCGGCCGAT	0.0	0.0	3.5365688868187455	79.51165702242206	8.286063971661768	0.0	87.79917020682042	0.0	13.752830874251798	0.0	0.0	0.0	44.660172417764414	0.0	0.0	0.0	0.0	0.0	0.0	0.0	0.0	0.0	0.0
GSM4138110_HNSCC_1_PBMC_GAATGAAGTTGGACCC	60.46406886326011	47.83140165546134	0.0	0.0	0.9345225717139342	0.0	0.0	0.0	1.1595775645095043	0.0	0.0	0.0	0.0	0.0	0.0	0.0	0.0	0.0	47.05883992143382	0.0	0.0	0.0	0.0
GSM4138110_HNSCC_1_PBMC_GACAGAGAGAGCCTAG	0.0	21.97454910814624	13.5926285764262	0.0	0.0	3.0808367060533643	20.619750195638648	64.13715491462713	17.092239156718584	0.0	0.0	0.0	0.0	0.0	0.0	0.0	0.0	0.0	0.0	0.0	0.0	0.0	0.0
GSM4138110_HNSCC_1_PBMC_GACTAACAGGCAGGTT	0.0	0.0	142.33331251765088	138.22863997140396	0.0	0.0	0.0	0.0	0.0	0.0	0.0	0.0	104.4744536335437	0.0	0.0	0.0	0.0	0.0	0.0	0.0	0.0	23.570110753614948	0.0
GSM4138110_HNSCC_1_PBMC_GACTGCGGTATCTGCA	15.208161408336014	0.0	15.136361267558053	0.0	31.704581487596354	80.26825035236509	0.0	0.0	22.680749707103388	0.0	30.744809949829573	0.0	0.0	12.380261708705682	0.0	0.0	0.0	0.0	0.0	0.0	0.0	0.0	0.0
GSM4138110_HNSCC_1_PBMC_GACTGCGTCTAAGCCA	0.0	0.0	130.1111289786808	51.85967539518125	0.0	124.74974412025287	0.0	0.0	0.0	0.0	0.0	0.0	0.0	0.0	0.0	45.05014079633884	0.0	0.0	0.0	0.0	0.0	0.0	0.0
GSM4138110_HNSCC_1_PBMC_GATCGATGTGCTGTAT	40.918444007326315	32.06297492390164	0.0	2.781433658143891	0.0	84.76874456208925	0.0	0.0	42.057703609709016	0.0	90.31751310975163	9.454902833011472	0.0	0.046725905350970466	0.0	0.0	0.0	0.0	0.0	0.0	0.0	0.0	0.0
GSM4138110_HNSCC_1_PBMC_GATCTAGAGGGCTCTC	79.67340961401452	21.120590259438874	0.0	0.0	46.34262566641324	0.0	0.0	13.647076954657667	0.0	1.9994545589160555	0.0	0.0	9.332805827371466	0.0	0.0	0.0	0.0	0.0	20.656478666118026	0.0	0.0	0.0	0.0
GSM4138110_HNSCC_1_PBMC_GATCTAGCAAACCTAC	0.0	123.28375598324554	0.0	78.23166758568976	0.0	0.0	0.0	0.0	0.0	0.0	0.0	0.0	0.0	117.9947615591556	32.10796581064407	0.0	0.0	0.0	0.0	0.0	0.0	0.0	0.0
GSM4138110_HNSCC_1_PBMC_GATGAAAAGAAGGGTA	0.0	51.429284543485295	0.0	0.0	72.69520092847733	0.0	52.706718327899644	0.0	0.0	0.0	0.0	0.0	0.0	0.0	0.0	0.0	0.0	0.0	0.0	0.0	0.0	0.0	0.0
GSM4138110_HNSCC_1_PBMC_GATGCTAGTATGGTTC	0.0	0.0	0.0	125.21797892371308	0.0	0.0	45.71153948716541	0.0	0.0	0.0	0.0	0.0	91.75142441605567	0.0	0.0	0.0	0.0	0.0	0.0	0.0	0.0	0.0	0.0
GSM4138110_HNSCC_1_PBMC_GATTCAGAGCTATGCT	0.0	62.48210259278683	0.0	0.0	0.0	0.0	108.51646462525255	0.0	0.0	0.0	183.13437466650427	0.0	0.0	0.0	0.0	0.0	0.0	0.0	0.0	0.0	0.0	0.0	0.0
GSM4138110_HNSCC_1_PBMC_GCACATACATGAACCT	0.0	6.876806691644872	79.23379813980806	40.33938625619121	0.0	72.99133108685363	0.0	0.0	0.0	0.0	0.0	0.0	0.0	0.0	0.0	72.1754500525264	0.0	0.0	0.0	0.0	0.0	0.0	0.0
GSM4138110_HNSCC_1_PBMC_GCACATAGTCTTCTCG	57.925889975952	103.0802002247749	0.0	120.47134764658568	0.0	0.0	0.0	0.0	0.0	0.0	0.0	0.0	0.0	0.0	0.0	0.0	0.0	0.0	0.0	0.0	0.0	0.0	0.0
GSM4138110_HNSCC_1_PBMC_GCAGTTATCCTACAGA	0.0	0.0	68.82677431683842	0.0	0.0	0.0	0.0	0.0	0.0	31.70131993400168	0.0	0.0	0.0	0.0	0.0	57.0457323203298	0.0	0.0	0.0	0.0	0.0	0.0	0.0
GSM4138110_HNSCC_1_PBMC_GCATACAAGACACGAC	0.0	0.0	62.074974828898654	134.04507736405418	0.0	38.77171546429854	59.03305418166215	0.0	0.0	0.0	0.0	0.0	0.0	0.0	0.0	0.0	0.0	110.46448492863564	0.0	0.0	0.0	0.0	0.0
GSM4138110_HNSCC_1_PBMC_GCATGTATCTCATTCA	0.0	0.0	0.0	0.0	0.0	0.0	45.13666019593337	0.0	0.0	0.0	68.59986270142188	0.0	59.784888340703326	0.0	0.0	0.0	0.0	0.0	0.0	0.0	0.0	0.0	0.0
GSM4138110_HNSCC_1_PBMC_GCGAGAATCTATCCTA	66.89506526009284	0.0	0.0	0.0	6.037243620775724	0.0	0.0	0.0	0.0	49.97462997325986	0.0	0.0	11.24953514282345	0.0	15.156312039445137	0.0	0.0	0.0	24.12802648430253	30.148341063860958	0.0	0.0	0.0
GSM4138110_HNSCC_1_PBMC_GCGCAACCAGTACACT	0.0	0.0	22.88344252729506	0.0	0.0	0.0	27.651293586491185	0.0	0.0	66.9587245267936	0.0	66.68582846728751	0.0	0.0	0.0	0.0	0.0	0.0	0.0	0.0	0.0	0.0	0.0
GSM4138110_HNSCC_1_PBMC_GCGCAACTCACCGTAA	0.0	0.0	0.0	13.933486278068177	0.0	0.0	0.0	0.0	0.0	0.0	0.0	0.0	24.07811311865126	126.04181595945259	68.33950059299652	0.0	0.0	0.0	0.0	0.0	0.0	7.05719322336085	0.0
GSM4138110_HNSCC_1_PBMC_GCGGGTTTCTGTACGA	66.51070518743244	6.275611918972798	0.0	116.42990166282192	0.0	0.0	0.0	0.0	0.0	0.0	0.0	0.0	0.0	0.0	0.0	0.0	0.0	81.62208044734241	0.0	0.0	0.0	0.0	0.0
GSM4138110_HNSCC_1_PBMC_GCTGCAGCACAACGCC	0.0	0.0	26.515615661766297	0.0	0.0	81.08245814376818	0.0	0.0	0.0	0.0	45.41961057971981	45.88378890733881	0.0	0.0	0.0	0.0	0.0	0.0	0.0	0.0	0.0	0.0	0.0
GSM4138110_HNSCC_1_PBMC_GGAACTTCAACTGGCC	0.0	0.0	0.0	0.0	0.0	23.098040969565645	0.0	0.0	65.69354526068292	61.2236875122821	0.0	0.0	0.0	0.0	133.69093496630708	0.0	0.0	0.0	0.0	0.0	0.0	0.0	0.0
GSM4138110_HNSCC_1_PBMC_GGAATAAAGAACAATC	44.626287338269876	75.57026229912582	0.0	0.0	47.34724197188646	0.0	0.0	0.0	12.4481873030145	0.0	0.0	0.0	0.0	0.0	0.0	0.0	0.0	0.0	40.36740382638416	0.0	0.0	0.0	0.0
GSM4138110_HNSCC_1_PBMC_GGACATTCACGGTTTA	0.0	0.0	18.72872355820403	0.0	0.0	62.72634529452169	41.91749378346626	0.0	0.0	0.0	114.88514564505249	0.0	0.0	0.0	0.0	0.0	0.0	0.0	0.0	0.0	0.0	0.0	0.0
GSM4138110_HNSCC_1_PBMC_GGCTCGATCCGCGTTT	7.810565731974356	30.116876095776387	0.0	0.0	0.0	45.050745650204775	0.0	0.0	0.0	0.0	22.499155536605496	41.421791970156846	0.0	60.64898341213046	0.0	0.0	0.0	0.0	0.0	0.0	0.0	0.0	0.0
GSM4138110_HNSCC_1_PBMC_GGGACCTAGCCAGGAT	0.0	0.0	72.18585166398101	64.24777958767137	0.0	45.566448218908945	0.0	0.0	0.0	0.0	0.0	29.17505659540684	0.0	0.0	0.0	0.0	0.0	13.903435107217511	0.0	0.0	0.0	0.0	0.0
GSM4138110_HNSCC_1_PBMC_GGGACCTCAGTCACTA	0.0	0.0	103.9638511305677	0.0	178.28090570320808	0.0	0.0	0.0	0.0	0.0	0.0	0.0	132.84236212074723	56.22745434301462	0.0	0.0	0.0	1.842721708377699	0.0	0.0	0.0	0.0	7.878107937427952
GSM4138110_HNSCC_1_PBMC_GGGAGATGTGTGCGTC	0.0	0.0	51.237809142950084	0.0	101.49105329724867	0.0	0.0	0.0	0.0	26.31338543589479	0.0	0.0	23.468809656963295	0.0	0.0	0.0	0.0	0.0	0.0	0.0	0.0	0.0	0.0
GSM4138110_HNSCC_1_PBMC_GGGAGATTCACGATGT	0.0	46.75576504116763	0.0	0.0	0.0	0.0	53.688199621733375	0.0	0.0	0.0	12.767151055895203	0.0	0.9552931752571068	0.0	0.0	38.8152451309179	0.0	0.0	0.0	0.0	0.0	0.0	0.0
GSM4138110_HNSCC_1_PBMC_GGGTTGCGTCCGAAGA	0.0	107.64138942540534	18.770482453657614	0.0	0.0	0.0	0.0	0.0	42.25711697183682	0.0	72.8345632519197	22.154517987533165	0.0	24.489472618095185	0.0	0.0	0.0	0.0	0.0	0.0	0.0	0.0	0.0
GSM4138110_HNSCC_1_PBMC_GGTGAAGTCGCTTGTC	0.0	0.0	78.16877478389385	102.17614704486729	0.0	71.23145126882834	0.0	0.0	0.0	0.0	0.0	0.0	0.0	0.0	0.0	0.0	0.0	0.0	0.0	0.0	0.0	0.0	0.0
GSM4138110_HNSCC_1_PBMC_GGTGTTACAAACGCGA	0.0	92.06531702206306	13.635002968498414	67.95093883880833	0.0	0.0	82.61999438570045	0.0	0.0	0.0	0.0	16.14792654603284	0.0	0.0	0.0	0.0	0.0	0.0	0.0	0.0	0.0	0.0	0.0
GSM4138110_HNSCC_1_PBMC_GTAACTGTCTTCGAGA	67.5710336833718	56.43040401515169	0.0	0.0	0.0	37.7069985093038	0.0	1.4225502555662848	0.0	0.0	0.0	0.0	0.0	23.058030764423712	91.26296510040369	0.0	0.0	0.0	0.0	0.0	0.0	0.0	0.0
GSM4138110_HNSCC_1_PBMC_GTAGGCCAGGTGTGGT	0.0	0.0	90.95860932333025	0.0	0.0	0.0	0.0	0.0	0.0	14.782093117748696	68.63119416320066	0.0	43.99460549574823	0.0	0.0	0.0	0.0	0.0	0.0	0.0	0.0	0.0	0.0
GSM4138110_HNSCC_1_PBMC_GTAGTCACAGATCCAT	0.0	61.05496676393543	53.22433532819773	102.70573296826116	0.0	0.0	34.372673529013056	0.0	0.0	0.0	0.0	0.0	0.0	0.0	0.0	0.0	0.0	0.0	0.0	0.0	0.0	0.0	0.0
GSM4138110_HNSCC_1_PBMC_GTAGTCAGTGGGTCAA	0.0	0.0	0.0	0.0	0.0	0.0	46.60515005511561	0.0	0.0	62.21456521255527	67.23313748009629	0.0	0.0	0.0	0.0	0.0	0.0	0.0	0.0	0.0	0.0	0.0	0.0
GSM4138110_HNSCC_1_PBMC_GTATTCTAGGGTTTCT	147.88566721018594	49.86632013662704	0.0	0.0	18.579781116658225	23.93061878365397	0.0	0.0	0.0	0.0	3.910089659448196	0.0	0.0	0.0	0.0	53.67036144927236	0.0	0.0	0.0	0.0	0.0	0.0	0.0
GSM4138110_HNSCC_1_PBMC_GTATTCTTCCAAACTG	0.0	0.0	88.74967252502198	108.2096781059032	0.0	0.0	0.0	0.0	0.0	26.474233469248368	0.0	0.0	83.61200333660996	0.0	5.13305077111618	0.0	0.0	0.0	0.0	0.0	0.0	0.0	0.0
GSM4138110_HNSCC_1_PBMC_GTCGTAACAGGAACGT	0.0	24.698925602074883	107.47755584735708	0.0	0.0	25.16616526214022	0.0	0.0	0.0	0.0	0.0	0.0	0.0	0.0	0.0	64.27489436679738	0.0	0.0	0.0	0.0	0.0	0.0	0.0
GSM4138110_HNSCC_1_PBMC_GTCGTAAGTATGAAAC	0.0	0.0	26.51865976024596	0.0	0.0	0.0	12.756290596634152	87.27323843760051	0.0	37.396069648430306	0.0	0.0	17.469387569783603	0.0	0.0	0.0	0.0	0.0	0.0	0.0	0.0	0.0	0.0
GSM4138110_HNSCC_1_PBMC_GTCTCGTGTACGCACC	49.788724811243114	0.0	0.0	0.0	15.527217649060637	0.0	0.0	0.0	0.0	0.0	0.0	0.0	0.0	52.70880792551913	13.618407469888528	0.0	0.0	44.53171787887395	24.164493327719754	0.0	0.0	0.0	0.0
GSM4138110_HNSCC_1_PBMC_GTGGGTCAGAATGTGT	48.98665244954845	51.22539013568024	0.0	0.0	52.50374456471689	43.548601368601396	0.0	0.0	0.0	0.0	0.0	0.0	0.0	0.0	0.0	0.0	0.0	0.0	0.0	0.0	0.0	0.0	0.0
GSM4138110_HNSCC_1_PBMC_GTTCATTGTAGCTGCC	97.01559527592018	113.72383072077072	0.0	0.0	0.0	0.0	0.0	0.0	0.0	0.0	83.42261219589957	0.0	0.0	0.0	0.0	0.0	59.707157812262714	0.0	0.0	0.0	0.0	0.0	0.0
GSM4138110_HNSCC_1_PBMC_GTTCATTTCCGCGGTA	0.0	5.063080962819123	0.0	53.56447254584322	0.0	0.0	0.0	62.44719263081254	0.0	58.2252050464883	0.0	0.0	12.099802401489349	84.3376984599872	0.0	0.0	0.0	0.0	0.0	0.0	0.0	0.0	0.0
GSM4138110_HNSCC_1_PBMC_GTTCTCGCACTATCTT	45.90058152760793	0.0	0.0	0.0	0.0	83.71853041526096	0.0	0.0	2.7526063189738292	0.0	69.53542238154485	0.0	0.0	14.665195883503412	0.0	0.0	0.0	0.0	0.0	0.0	0.0	0.0	0.0
GSM4138110_HNSCC_1_PBMC_GTTCTCGTCAGAGACG	0.0	66.30478929404133	0.0	0.0	0.0	0.0	39.332147341771645	0.0	65.25235247236144	0.0	72.7983406979336	0.0	0.0	6.692436162983915	0.0	0.0	0.0	0.0	0.0	0.0	0.0	0.0	0.0
GSM4138110_HNSCC_1_PBMC_TAAGCGTAGGTGCTTT	0.0	25.864301219870974	89.49085333384986	169.8468704047922	0.0	92.03860342857897	117.14532560276314	0.0	0.0	0.0	0.0	0.0	0.0	0.0	0.0	0.0	0.0	0.0	0.0	0.0	0.0	0.0	0.0
GSM4138110_HNSCC_1_PBMC_TACAGTGGTCATCGGC	0.0	0.0	39.496472069685005	157.8363917513852	0.0	56.563641863262745	89.36957708146448	0.0	0.0	0.0	0.0	0.0	0.0	0.0	0.0	0.0	0.0	22.86581638541725	0.0	0.0	0.0	0.0	0.0
GSM4138110_HNSCC_1_PBMC_TACCTTATCACGATGT	0.0	0.0	92.51309858057586	112.36915994732684	0.0	0.0	30.005828407133343	0.0	0.0	87.1278994577788	0.0	0.0	0.0	0.0	0.0	0.0	0.0	0.0	0.0	0.0	0.0	0.0	0.0
GSM4138110_HNSCC_1_PBMC_TACGGATTCTAACTTC	0.0	48.628382284953226	81.56786424725306	15.405510578560447	0.0	0.0	0.0	0.0	0.0	0.0	0.0	0.0	0.0	0.0	0.0	62.424629939786264	0.0	0.0	0.0	0.0	0.0	0.0	0.0
GSM4138110_HNSCC_1_PBMC_TACTTGTAGTCATCCA	122.06647328047116	0.0	0.0	0.0	0.0	58.24506631595732	0.0	107.13169551896216	0.0	0.0	0.0	0.0	0.0	0.0	0.0	0.0	0.0	0.0	0.0	0.0	0.0	0.0	0.0
GSM4138110_HNSCC_1_PBMC_TACTTGTTCAGAGCTT	0.0	0.0	56.41588578321287	34.01459328091358	0.0	0.0	0.0	0.0	0.0	24.910969692711003	0.0	91.42650887777373	128.1162438032754	0.0	0.0	0.0	0.0	0.0	0.0	0.0	0.0	0.0	0.0
GSM4138110_HNSCC_1_PBMC_TAGACCAGTCCGAGTC	112.0658952940244	69.17567498432919	0.0	112.18951469736768	0.0	0.0	0.0	0.0	0.0	0.0	0.0	0.0	0.0	0.0	0.0	0.0	0.0	0.0	0.0	0.0	0.0	0.0	0.0
GSM4138110_HNSCC_1_PBMC_TAGAGCTGTTCCCTTG	0.0	0.0	71.78571508669351	35.0410323263987	0.0	74.46668282608474	0.0	0.0	0.0	0.0	23.28964423819055	26.930102881981544	0.0	0.0	0.0	0.0	0.0	0.0	0.0	0.0	0.0	0.0	0.0
GSM4138110_HNSCC_1_PBMC_TATCTCACACGGCGTT	60.30646364004172	106.43590357739461	0.0	38.955741541129434	0.0	0.0	0.0	8.634321927441842	0.0	0.0	0.0	0.0	0.0	0.0	56.397933788411954	0.0	0.0	0.0	0.0	0.0	0.0	0.0	0.0
GSM4138110_HNSCC_1_PBMC_TATCTCATCAACGGGA	12.414104803411163	18.080765969402798	0.0	0.0	3.1304623338342137	60.99993871756342	0.0	85.46889513065298	0.0	0.0	0.0	0.0	0.0	73.45957732777495	57.814113110026774	0.0	0.0	0.0	0.0	0.0	0.0	0.0	0.0
GSM4138110_HNSCC_1_PBMC_TCACGAATCTGTCCGT	1.0590645592856835	42.85686099645504	59.258034003313654	0.0	125.73735459091502	0.0	29.826523303738306	0.0	0.0	0.0	0.0	0.0	22.47361920558915	0.0	0.0	0.0	0.0	0.0	0.0	0.0	0.0	0.0	0.0
GSM4138110_HNSCC_1_PBMC_TCAGATGTCCGCGTTT	0.0	57.99072306662237	0.0	47.61888380957268	0.0	0.0	85.22310844775693	0.0	0.0	0.0	0.0	0.0	0.0	0.0	33.14932114801783	0.0	0.0	0.0	0.0	0.0	0.0	0.0	0.0
GSM4138110_HNSCC_1_PBMC_TCAGCAAAGGCGCTCT	34.7990326777711	37.948309444143746	0.0	0.0	0.0	0.0	0.0	0.0	5.795172349863338	0.0	0.0	0.0	0.0	0.0	0.0	94.45379108929168	0.0	0.0	0.0	0.0	0.0	0.0	0.0
GSM4138110_HNSCC_1_PBMC_TCATTACAGCGCTCCA	0.0	0.0	0.0	0.0	3.8742034836501014	0.0	0.0	0.0	64.03293680738476	0.0	0.0	34.184438216481524	78.45084768719212	0.0	39.038484835441665	0.0	0.0	0.0	38.77415448065997	0.0	0.0	0.0	0.0
GSM4138110_HNSCC_1_PBMC_TCCCGATAGTGGAGAA	33.31619088524497	30.995244668575765	0.0	0.0	0.0	0.0	3.9791080407334936	0.0	0.0	0.0	78.02600669987582	0.0	0.0	0.0	0.0	0.0	0.0	0.0	0.0	0.0	0.0	0.0	0.0
GSM4138110_HNSCC_1_PBMC_TCGCGAGGTAGCACGA	128.3126625776439	0.0	0.0	0.0	0.0	91.08863638235249	8.387016110317267	139.43629619136462	0.0	0.0	0.0	0.0	0.0	0.0	0.0	0.0	0.0	0.0	0.0	0.0	0.0	0.0	0.0
GSM4138110_HNSCC_1_PBMC_TCGGGACTCAACGAAA	0.0	0.0	93.57086217732855	0.0	0.0	33.864983429469156	0.0	0.0	0.0	0.0	0.0	0.0	0.0	0.0	0.0	98.48819787548486	0.0	0.0	0.0	0.0	0.0	0.0	0.0
GSM4138110_HNSCC_1_PBMC_TCGGGACTCGAGAGCA	65.4633698793802	0.0	34.41421747320951	0.0	0.0	116.11888785536584	0.0	0.0	0.0	0.0	142.87703020142712	0.0	0.0	0.0	0.0	0.0	0.0	51.653719147355886	0.0	0.0	0.0	0.0	0.0
GSM4138110_HNSCC_1_PBMC_TCGGTAATCACTCTTA	32.124072049681565	59.25937060631949	0.0	0.0	0.0	0.0	0.0	0.0	0.0	0.0	50.14705355344324	0.0	0.0	29.345629818829774	0.0	0.0	70.5729028938479	0.0	0.0	0.0	0.0	0.0	0.0
GSM4138110_HNSCC_1_PBMC_TCGTACCTCCGCAAGC	0.0	0.0	0.0	165.7042037299871	0.0	225.44929067941783	142.95780375731152	0.0	0.0	0.0	0.0	0.0	0.0	0.0	18.09872557813074	0.0	0.0	0.0	0.0	0.0	0.0	0.0	0.0
GSM4138110_HNSCC_1_PBMC_TCGTACCTCTGCCCTA	0.0	94.13209849091302	214.58492915289796	102.19183617144752	0.0	0.0	0.0	0.0	0.0	0.0	0.0	0.0	0.0	0.0	0.0	102.4094299602378	0.0	0.0	0.0	0.0	0.0	0.0	0.0
GSM4138110_HNSCC_1_PBMC_TCTATTGGTCTAAAGA	0.0	51.23584985191818	0.0	0.0	72.41540846464802	0.0	0.0	30.261726280500937	0.0	0.0	0.0	0.0	0.0	89.61940834110462	0.0	0.0	0.0	0.0	0.0	0.0	0.0	0.0	0.0
GSM4138110_HNSCC_1_PBMC_TCTATTGGTTGGTTTG	17.907955598674832	0.0	69.74400922272086	0.0	21.30102934332083	0.0	0.0	0.0	0.0	0.0	73.17834787261799	0.0	0.0	0.0	0.0	0.0	0.0	61.0454110159878	0.0	0.0	0.0	0.0	0.0
GSM4138110_HNSCC_1_PBMC_TCTATTGTCTGCAGTA	0.0	0.0	51.931025796008996	0.0	0.0	0.0	0.0	0.0	0.0	0.0	50.47746662563105	0.0	0.0	0.0	0.0	0.0	0.0	45.48639449462405	0.0	0.0	22.35588893616308	0.0	0.0
GSM4138110_HNSCC_1_PBMC_TCTGAGACAGATAATG	0.0	0.0	117.0614373795034	0.0	0.0	0.0	0.0	0.0	0.0	112.37248293061073	80.81356306388383	47.69186221166446	0.0	0.0	0.0	0.0	0.0	0.0	0.0	0.0	0.0	0.0	0.0
GSM4138110_HNSCC_1_PBMC_TCTGAGAGTAAGAGAG	0.0	0.0	50.510177666510614	40.581034621190874	0.0	0.0	25.3589629580106	0.0	10.22282834218931	13.717687096369824	0.0	0.0	57.38377640588104	0.0	0.0	29.70363575106453	16.208254648872654	0.0	0.0	0.0	0.0	0.0	0.0
GSM4138110_HNSCC_1_PBMC_TCTGAGATCCTTTCTC	35.47254307969988	0.0	0.0	0.0	0.0	62.79695604631683	47.585459653483255	0.0	0.0	0.0	63.83448476969307	61.21095681403414	0.0	0.0	0.0	0.0	0.0	0.0	0.0	0.0	0.0	0.0	0.0
GSM4138110_HNSCC_1_PBMC_TCTGGAATCTCAAACG	65.8727952581616	57.07745683034892	0.0	130.0701347444588	0.0	0.0	0.0	0.0	0.0	0.0	0.0	0.0	0.0	0.0	0.0	0.0	0.0	0.0	0.0	0.0	0.0	0.0	0.0
GSM4138110_HNSCC_1_PBMC_TCTTTCCAGTGGGCTA	0.0	0.0	84.7695011165607	0.0	0.0	1.8891485110972737	0.0	0.0	0.0	55.688329352931916	123.46295716610217	0.0	0.0	0.0	0.0	0.0	0.0	0.0	0.0	0.0	0.0	0.0	0.0
GSM4138110_HNSCC_1_PBMC_TGAAAGACACTTCGAA	0.0	66.41435932101288	0.0	13.603944942004311	47.872350028448366	0.0	25.56346356715373	0.0	0.0	0.0	19.345178223054578	0.0	0.0	0.0	0.0	0.0	0.0	0.0	0.0	0.0	0.0	0.0	0.0
GSM4138110_HNSCC_1_PBMC_TGACAACGTTAAGGGC	18.184179603979917	88.51173886440749	0.0	103.63317548052287	0.0	0.0	33.389495072899365	0.0	69.12537917604408	0.0	0.0	36.7426192808539	0.0	0.0	0.0	0.0	0.0	0.0	0.0	0.0	0.0	0.0	0.0
GSM4138110_HNSCC_1_PBMC_TGACGGCAGCGCCTTG	24.771792969818584	54.65324682713603	0.0	75.5019483114572	81.47390742692166	0.0	0.0	0.0	0.0	0.0	0.0	19.367008911660424	0.0	72.93576401441541	0.0	0.0	0.0	0.0	0.0	0.0	0.0	0.0	0.0
GSM4138110_HNSCC_1_PBMC_TGACGGCGTTACGACT	0.0	62.83815094176107	68.05974173872869	88.32723507386387	0.0	0.0	0.0	0.0	0.0	0.0	0.0	0.0	0.0	9.16030840073893	0.0	0.0	0.0	0.0	0.0	0.0	0.0	0.0	0.0
GSM4138110_HNSCC_1_PBMC_TGACGGCTCGGTTCGG	111.76225415754732	67.35735164090616	0.0	0.0	64.96729159668114	17.570026528358646	0.0	0.0	0.0	0.0	23.070435601814214	0.0	0.0	0.0	0.0	0.0	0.0	0.0	0.0	0.0	0.0	0.0	0.0
GSM4138110_HNSCC_1_PBMC_TGACTAGAGAACTGTA	0.0	10.10248134068405	6.097328203676999	0.0	85.06036442649253	43.99976367742396	7.327400434532454	0.0	0.0	0.0	0.0	0.0	0.0	0.0	0.0	0.0	0.0	0.0	0.0	0.0	0.0	0.0	0.0
GSM4138110_HNSCC_1_PBMC_TGAGCATGTATTCTCT	0.0	71.16876003371466	200.44772229968308	0.0	0.0	0.0	0.0	0.0	0.0	0.0	0.0	0.0	0.0	0.0	0.0	226.73041240208147	0.0	54.36120363434432	0.0	0.0	0.0	0.0	0.0
GSM4138110_HNSCC_1_PBMC_TGCACCTTCCAGGGCT	148.84085267938494	0.0	0.0	0.0	0.0	79.13596210503007	0.0	0.0	44.506852271271605	0.0	0.0	0.0	0.0	0.0	145.11765800120642	0.0	0.0	0.0	0.0	0.0	0.0	0.0	0.0
GSM4138110_HNSCC_1_PBMC_TGCCAAATCGCGGATC	0.0	0.0	85.3495553536292	0.0	0.0	0.0	27.2016962440505	0.0	0.0	43.52876188666874	97.13924834716006	17.86931683507593	0.0	0.0	0.0	0.0	0.0	0.0	0.0	0.0	0.0	0.0	0.0
GSM4138110_HNSCC_1_PBMC_TGCCAAATCTTCCTTC	0.0	37.07423047330407	60.04348245023452	66.99373041203364	0.0	20.39669645837017	0.0	0.0	0.0	0.0	0.0	0.0	0.0	38.796008513815615	0.0	0.0	0.0	0.9270351690967387	0.0	0.0	0.0	0.0	0.0
GSM4138110_HNSCC_1_PBMC_TGCCCATGTGGTCCGT	0.0	3.1976211654952325	19.876206718723953	59.157599861864526	0.0	69.77046672136396	46.410256971522976	0.0	0.0	0.0	0.0	0.0	0.0	0.0	0.0	19.06668737931051	0.0	0.0	0.0	0.0	0.0	0.0	0.0
GSM4138110_HNSCC_1_PBMC_TGCCCTACAAAGCAAT	0.0	0.0	0.0	0.0	57.648330367257095	0.0	0.0	0.0	0.0	92.94902507370114	0.0	0.0	0.0	76.79120674181	0.0	0.0	0.0	0.0	57.6008507454658	0.0	0.0	0.0	0.0
GSM4138110_HNSCC_1_PBMC_TGCCCTAGTGTCGCTG	67.4123180087297	0.0	0.0	104.6925641197157	0.0	26.12902323029863	0.0	0.0	0.0	7.619256266586867	0.0	0.0	0.0	0.0	52.014453500286585	0.0	0.0	0.0	0.0	0.0	0.0	0.0	0.0
GSM4138110_HNSCC_1_PBMC_TGCGCAGAGGGCATGT	0.0	0.0	137.70917330394946	0.0	174.38506772388874	0.0	0.0	0.0	0.0	0.0	0.0	0.0	181.313735581554	0.0	0.0	0.0	0.0	0.0	0.0	0.0	0.0	0.0	0.0
GSM4138110_HNSCC_1_PBMC_TGCTACCCACTACAGT	100.77545324799922	19.908052118724328	0.0	0.0	0.0	19.547628584153596	0.0	0.0	0.0	51.8419323321426	0.0	0.0	0.0	0.0	114.8058975481898	0.0	0.0	0.0	0.0	0.0	0.0	0.0	0.0
GSM4138110_HNSCC_1_PBMC_TGCTACCCATTACGAC	0.0	3.691801467820964	0.0	0.0	0.0	48.8965356244064	26.790640428573276	0.0	32.28759116111771	0.0	0.0	0.0	0.0	0.0	0.0	75.80238444744352	0.0	0.0	0.0	0.0	0.0	0.0	0.0
GSM4138110_HNSCC_1_PBMC_TGCTACCTCAACCAAC	0.0	0.0	0.0	66.77912855691827	0.0	80.94917322851516	58.73114536581663	0.0	0.0	0.0	0.0	0.0	0.0	0.0	0.0	0.0	0.0	0.0	0.0	0.0	0.0	0.0	0.0
GSM4138110_HNSCC_1_PBMC_TGGACGCGTCATACTG	0.0	0.0	98.59344688389331	0.0	0.0	106.19061560356704	0.0	0.0	0.0	0.0	0.0	123.3444817641962	0.0	0.0	0.0	0.0	0.0	0.0	0.0	0.0	0.0	0.0	0.0
GSM4138110_HNSCC_1_PBMC_TGGCCAGTCCTTAATC	157.40094043680855	0.0	0.0	71.26650066842167	0.0	29.220849199544016	0.0	0.0	0.0	0.0	0.0	0.0	15.157939987427127	0.0	0.0	0.0	22.14894893421558	18.867793272768775	0.0	0.0	0.0	0.0	0.0
GSM4138110_HNSCC_1_PBMC_TGGCTGGCAGTCGATT	186.96390336479556	100.89461797283666	0.0	90.62819263280286	0.0	0.0	0.0	0.0	0.0	0.0	0.0	67.36018590687992	0.0	0.0	0.0	0.0	0.0	0.0	0.0	0.0	0.0	0.0	0.0
GSM4138110_HNSCC_1_PBMC_TGGGAAGCAATGGAGC	61.40949682791879	41.33045377763474	0.0	0.0	0.0	0.0	0.0	64.78229754744858	0.0	0.0	0.0	0.0	0.0	0.0	0.0	0.0	0.0	5.591106489826185	0.0	0.0	0.0	0.0	0.0
GSM4138110_HNSCC_1_PBMC_TGGGCGTAGGGAGTAA	0.0	0.0	9.037942516342417	0.0	23.324902340917358	37.895042905870525	62.36702795269772	55.1307436232538	0.0	6.534238601953383	0.0	0.0	0.0	0.0	0.0	6.276153395626729	0.0	0.0	0.0	0.0	0.0	0.0	0.0
GSM4138110_HNSCC_1_PBMC_TGGGCGTGTTCGCGAC	17.947020991074297	47.55368555997294	0.0	0.0	63.22408501092115	0.0	0.0	0.0	0.0	0.0	0.0	0.0	0.0	53.38015051697499	0.0	0.0	0.0	0.0	1.4305560012916796	0.0	0.0	0.0	0.0
GSM4138110_HNSCC_1_PBMC_TGGGCGTTCAACTCTT	37.01920232477413	0.0	0.0	0.0	0.0	103.01651957804373	0.0	0.0	0.0	0.0	0.0	102.68651797673107	0.0	0.0	0.0	0.0	0.0	0.0	0.0	0.0	0.0	0.0	0.0
GSM4138110_HNSCC_1_PBMC_TGGTTAGGTAGAAAGG	47.820770411254195	0.0	0.0	0.0	14.852445974993405	0.0	0.0	2.286216148826194	35.392813012383435	18.36218506480812	0.0	0.0	33.03463172881308	0.0	17.843180567347815	0.0	0.0	0.0	27.900060876644886	0.0	0.0	0.0	0.0
GSM4138110_HNSCC_1_PBMC_TGGTTAGTCGTCCGTT	93.7556060910176	77.17167407423412	0.0	0.0	0.0	0.0	0.0	0.0	11.0578359496189	0.0	0.0	124.5354761362646	0.0	0.0	0.0	0.0	0.0	0.0	0.0	0.0	0.0	0.0	0.0
GSM4138110_HNSCC_1_PBMC_TTAACTCGTGTTCTTT	46.867852715177854	0.0	0.0	115.1801613681387	0.0	0.0	0.0	0.0	0.0	49.13455474563205	0.0	0.0	0.0	0.0	0.0	0.0	0.0	0.0	0.0	0.0	0.0	30.043282545493945	0.0
GSM4138110_HNSCC_1_PBMC_TTAACTCGTTAGTGGG	0.0	78.08530533450498	0.0	0.0	146.12828629629175	0.0	0.0	0.0	132.10764460896837	0.0	0.0	0.0	0.0	0.0	0.0	0.0	0.0	0.0	0.0	0.0	0.0	0.0	0.0
GSM4138110_HNSCC_1_PBMC_TTAGGCATCATGTCCC	0.0	0.0	0.0	0.0	0.0	0.0	19.096932904031906	0.0	45.58664018971472	0.0	30.152430188503054	0.0	0.0	0.0	0.0	40.962055309344464	0.0	48.657500601142694	0.0	0.0	0.0	0.0	0.0
GSM4138110_HNSCC_1_PBMC_TTCTACAGTTGTGGAG	0.0	0.0	49.238689780414376	0.0	0.0	0.0	0.0	0.0	0.0	0.0	0.0	0.0	44.76487590841527	105.01626819315412	15.698559024927789	0.0	0.0	0.0	0.0	28.307891899101044	0.0	0.0	0.0
GSM4138110_HNSCC_1_PBMC_TTCTCAATCCTCTAGC	88.04548737380448	66.49331250676092	0.0	143.74874927857346	0.0	0.0	0.0	0.0	0.0	0.0	0.0	0.0	0.0	0.0	0.0	0.0	0.0	11.212087554036222	0.0	0.0	0.0	0.0	0.0
GSM4138110_HNSCC_1_PBMC_TTCTCCTTCCCGACTT	0.0	51.86174957110806	0.0	0.0	0.0	0.0	35.13498978872801	0.0	37.0235073867672	0.0	0.0	51.58487891849449	0.0	0.0	0.0	0.0	0.0	0.0	0.0	0.0	0.0	0.0	0.0
GSM4138110_HNSCC_1_PBMC_TTGACTTCATGGAATA	0.0	73.50686508939819	0.0	94.8387790313745	0.0	0.0	78.67704580056817	0.0	0.0	0.0	0.0	0.0	0.0	14.786519473603807	0.0	0.0	0.0	0.0	0.0	0.0	0.0	0.0	0.0
GSM4138110_HNSCC_1_PBMC_TTGACTTTCAGGTAAA	5.921184914457913	0.0	0.0	0.0	0.0	0.0	0.0	0.0	0.0	39.1622925752556	0.0	22.286578716948345	38.239223588409395	69.18148902392797	1.7460626749293429	0.0	0.0	0.0	72.00889599909316	0.0	0.0	0.0	0.0
GSM4138110_HNSCC_1_PBMC_TTGTAGGCAGCGTTCG	47.455020862907794	0.0	0.0	0.0	40.55335192209963	70.24838391382677	0.0	0.0	0.0	0.0	0.0	0.0	0.0	0.0	0.0	0.0	0.0	0.0	0.0	0.0	0.0	0.0	0.0
GSM4138110_HNSCC_1_PBMC_TTTACTGGTTCTGGTA	0.0	0.0	54.49722452594104	0.0	0.0	48.30675838764739	12.157091762626239	0.0	0.0	0.0	25.09752180378846	18.528417866899616	0.0	0.0	0.0	0.0	0.0	0.0	0.0	0.0	0.0	0.0	0.0
GSM4138110_HNSCC_1_PBMC_TTTATGCGTTTGTGTG	0.0	0.0	0.0	77.8422053811627	0.0	1.233512540807894	61.162967555430406	0.0	0.0	0.0	0.0	0.0	0.0	0.0	0.0	0.0	0.0	34.232085497809074	0.0	0.0	0.0	0.0	0.0
GSM4138110_HNSCC_1_PBMC_TTTCCTCCAGATCCAT	0.16186335329068033	86.94741272883671	0.0	0.0	0.0	0.0	3.722955287289139	0.0	74.75783822719805	0.0	0.0	0.0	0.0	0.0	80.71005726069934	0.0	0.0	0.0	0.0	0.0	0.0	0.0	0.0
GSM4138110_HNSCC_1_PBMC_TTTCCTCGTTCGCGAC	0.0	0.0	0.0	155.07604677753753	0.0	0.0	0.0	0.0	137.75819309472325	70.41194711949255	0.0	0.0	0.0	0.0	0.0	0.0	0.0	0.0	0.0	0.0	0.0	0.0	0.0
GSM4138110_HNSCC_1_PBMC_TTTGCGCCACGAAATA	0.0	0.0	20.8779757391382	19.536843662716564	0.0	103.53309569219408	0.0	0.0	0.0	0.0	0.0	24.157504634251563	0.0	45.893620567295116	0.0	0.0	41.06747583845885	0.0	0.0	0.0	0.0	0.0	0.0
GSM4138110_HNSCC_1_PBMC_TTTGCGCGTTTCCACC	0.0	66.71780239293263	78.28465078122393	100.7019114264524	0.0	0.0	0.0	0.0	0.0	0.0	0.0	2.482058915051573	0.0	0.0	0.0	0.0	0.0	0.0	0.0	0.0	0.0	0.0	0.0
GSM4138110_HNSCC_1_PBMC_TTTGGTTAGAATTGTG	0.0	50.0469548788181	77.89308687619517	0.0	0.0	0.0	0.0	0.0	0.0	0.0	3.1243526988685324	62.08634784539314	0.0	11.744932822507932	0.0	0.0	37.33647584215441	0.0	0.0	0.0	0.0	0.0	0.0
GSM4138110_HNSCC_1_PBMC_TTTGGTTAGAGCAATT	0.0	0.0	58.263802215729726	0.0	0.0	92.27507976362934	19.51850545372995	0.0	0.0	0.0	124.5155559318867	26.08860326431868	0.0	0.0	0.0	0.0	0.0	0.0	0.0	0.0	0.0	0.0	0.0
GSM4138110_HNSCC_1_PBMC_TTTGGTTGTCCGTGAC	0.0	0.0	0.0	70.62923993006669	0.0	0.0	87.92077761983452	0.0	0.0	0.0	0.0	0.0	0.0	0.0	0.0	0.0	0.0	89.76599122950354	0.0	0.0	0.0	0.0	0.0
GSM4138110_HNSCC_1_PBMC_TTTGTCAAGTACGATA	0.0	26.83130694349166	112.38700452436468	58.084186344728515	0.0	0.0	0.0	0.0	0.0	23.395515582747308	0.0	55.720567229187836	35.97248409807558	0.0	0.0	0.0	0.0	0.0	0.0	0.0	0.0	0.0	0.0
GSM4138110_HNSCC_1_PBMC_TTTGTCATCAGGCAAG	0.0	0.0	0.0	61.10749016234815	0.0	0.0	69.4141256001651	0.0	0.0	76.31531151434233	0.0	0.0	0.0	0.0	0.0	64.04739781994648	8.751307803623067	0.0	0.0	0.0	0.0	0.0	0.0
GSM4138110_HNSCC_1_PBMC_TTTGTCATCGCGTAGC	54.096614576187996	53.200959384972656	0.0	40.560394777940004	0.0	5.698652984431139	0.0	0.0	0.0	0.0	0.0	35.75998867998288	0.0	15.546229994788089	0.0	0.0	0.0	0.0	0.0	0.0	0.0	0.0	0.0
GSM4138110_HNSCC_1_PBMC_ACGGAGAAGCAGGCTA	64.11194445565236	0.0	0.0	5.06418532564586	0.0	0.0	0.0	0.0	0.0	0.0	14.692183421151164	59.90979438374646	0.0	0.0	0.0	0.0	0.0	99.5353083092588	0.0	0.0	0.0	0.0	0.0
GSM4138110_HNSCC_1_PBMC_ACTATCTGTCGAGTTT	124.28136375695509	25.481424978387874	0.0	0.0	0.0	90.31000531565782	0.0	138.25852247728022	0.0	0.0	0.0	0.0	0.0	2.4319074262242277	0.0	0.0	0.0	0.0	0.0	0.0	0.0	0.0	0.0
GSM4138110_HNSCC_1_PBMC_CAGTCCTGTAGAAGGA	87.43409250070074	0.0	0.0	85.96091200412276	0.0	0.0	0.0	22.58609942538819	0.0	0.0	0.0	0.0	78.73622866259507	0.0	0.0	0.0	0.0	0.0	0.0	0.0	0.0	0.0	0.0
GSM4138110_HNSCC_1_PBMC_CGATGTATCGGTCTAA	0.0	52.417957835383405	45.12840145843272	20.579557361632833	0.0	0.0	53.5512282382761	0.0	0.0	0.0	0.0	50.95766245380902	0.0	0.0	0.0	0.0	0.0	0.0	0.0	0.0	0.0	0.0	0.0
GSM4138110_HNSCC_1_PBMC_GACCTGGTCGCCAAAT	17.15034896474879	0.0	83.57294771541936	0.0	0.0	0.0	0.0	0.0	0.0	0.0	9.68115651660617	0.0	69.97383370692957	0.0	0.0	100.57104578637667	6.531187245018488	0.0	0.0	0.0	0.0	0.0	0.0
GSM4138110_HNSCC_1_PBMC_TACGGTACATGGTCAT	116.99387932688865	0.0	32.77428919815611	0.0	30.660274884681474	0.0	0.0	14.255623059198026	0.0	148.85718081385932	0.0	0.0	0.0	0.0	123.23110156018039	0.0	0.0	0.0	0.0	0.0	0.0	0.0	0.0
GSM4138110_HNSCC_1_PBMC_TTAGTTCTCGCGGATC	0.0	0.0	73.75452495293372	46.82624307090241	0.0	64.63046147980114	0.0	0.0	0.0	0.0	0.0	15.852662032619032	0.0	0.0	0.0	0.0	0.0	0.0	0.0	0.0	0.0	0.0	0.0
GSM4138110_HNSCC_1_PBMC_AAAGCAACACGCGAAA	161.60635075557946	0.0	0.0	0.0	206.15520925029554	0.0	0.0	0.0	0.0	5.0678627217700125	0.0	0.0	48.71156792254506	0.0	0.0	0.0	0.0	0.0	0.0	0.0	0.0	0.0	0.0
GSM4138110_HNSCC_1_PBMC_AACTTTCGTGTATGGG	0.0	0.0	95.6124216720241	49.70562474007674	0.0	0.0	0.0	0.0	0.0	0.0	0.0	0.0	21.99271664968764	2.3649476461982584	0.0	0.0	0.0	0.0	0.0	0.0	0.0	0.0	0.0
GSM4138110_HNSCC_1_PBMC_AAGGAGCAGGGAAACA	0.0	72.54395619513491	98.1618711930714	23.468753224337792	0.0	0.0	0.0	59.541158619947886	0.0	0.0	0.0	0.0	0.0	2.7352412026072304	0.0	0.0	0.0	2.511582331008426	0.0	0.0	0.0	0.0	0.0
GSM4138110_HNSCC_1_PBMC_AATCGGTGTAATCACC	45.93483508864793	54.56855691992133	0.0	0.0	13.493654471015558	0.0	0.0	140.29560803194903	0.0	0.0	0.0	0.0	0.0	66.1737627427296	0.0	0.0	0.0	0.0	0.0	0.0	0.0	0.0	0.0
GSM4138110_HNSCC_1_PBMC_ATAACGCTCACAACGT	99.32636112360939	153.18560727409647	111.79784470056073	25.527100805650257	0.0	0.0	0.0	0.0	0.0	0.0	0.0	0.0	0.0	0.0	238.06384159799035	0.0	0.0	0.0	0.0	0.0	0.0	0.0	0.0
GSM4138110_HNSCC_1_PBMC_ATCATCTTCTGGCGAC	0.0	0.0	201.36376717120675	0.0	32.42814343738385	0.0	0.0	163.11861930764104	0.0	0.0	0.0	0.0	144.93703576742575	0.0	0.0	0.0	0.0	0.0	0.0	0.0	0.0	0.0	0.0
GSM4138110_HNSCC_1_PBMC_ATCCGAATCGTTTATC	110.1600042948176	0.0	0.0	0.0	43.78899696142438	67.99636792223069	0.0	0.0	23.891933560082673	0.0	78.34561739759187	0.0	0.0	0.0	0.0	0.0	0.0	0.0	0.0	0.0	0.0	0.0	0.0
GSM4138110_HNSCC_1_PBMC_ATGCGATTCGTGGGAA	118.10327104105293	105.5582149888024	0.0	0.0	129.30804431476335	0.0	0.0	2.72724947661462	0.0	0.0	0.0	0.0	36.935005991602345	0.0	0.0	0.0	0.0	0.0	0.0	0.0	0.0	0.0	0.0
GSM4138110_HNSCC_1_PBMC_CAAGAAATCAGGCAAG	0.0	0.0	83.07996649594074	0.0	0.0	55.94890320551341	0.0	0.0	0.0	0.0	0.0	99.04064965830187	0.0	0.0	0.0	0.0	0.0	0.0	0.0	0.0	0.0	0.0	0.0
GSM4138110_HNSCC_1_PBMC_CACAGGCCACACCGAC	197.8525307465265	127.56235709646131	0.0	0.0	240.17984648719857	8.345862473367339	0.0	0.0	0.0	0.0	0.0	0.0	0.0	0.0	0.0	0.0	0.0	0.0	0.0	0.0	0.0	0.0	0.0
GSM4138110_HNSCC_1_PBMC_CACTCCATCTGTACGA	106.76478210397644	0.0	0.0	0.0	0.0	0.0	0.0	64.12817565045745	0.0	26.489813020329553	0.0	0.0	0.0	0.0	7.318660970483195	0.0	0.0	0.0	0.0	0.0	0.0	0.0	0.0
GSM4138110_HNSCC_1_PBMC_CCTTCCCTCGCCTGTT	53.78794956737017	78.17049177765904	0.0	0.0	40.18689861505727	0.0	0.0	8.654299335547966	0.0	0.0	0.0	0.0	0.0	0.0	10.107331706526988	0.0	0.0	0.0	0.0	0.0	0.0	0.0	0.0
GSM4138110_HNSCC_1_PBMC_CGATTGAAGACTAAGT	108.61773334207287	98.9363159354429	19.738641781436534	0.0	0.0	0.0	0.0	0.0	0.0	0.0	0.0	0.0	0.0	0.0	111.16408081869032	0.0	0.0	0.0	0.0	0.0	0.0	0.0	0.0
GSM4138110_HNSCC_1_PBMC_CGGACGTTCTGAGTGT	43.29707453783972	41.52644065240277	0.0	79.46419467822055	0.0	0.0	2.4986669553584777	0.0	12.803177705601763	0.0	33.100361427654626	0.0	0.0	0.0	0.0	0.0	0.0	0.0	0.0	0.0	0.0	0.0	0.0
GSM4138110_HNSCC_1_PBMC_CGGGTCATCCCAACGG	0.0	0.0	51.55813209771041	76.53050176211387	0.0	0.0	0.0	0.0	0.0	0.0	0.0	0.0	23.534007127441956	19.995572966082648	0.0	0.0	0.0	0.0	0.0	0.0	0.0	0.0	0.0
GSM4138110_HNSCC_1_PBMC_CTCGAGGCATAGACTC	0.0	86.57225029321167	257.3935190978262	0.0	0.0	0.0	0.0	126.02257589199522	0.0	0.0	0.0	0.0	0.0	0.0	0.0	45.53738583555081	0.0	0.0	0.0	0.0	0.0	0.0	0.0
GSM4138110_HNSCC_1_PBMC_CTCGTCACAATAAGCA	169.15205334122876	0.0	6.524165899329822	136.8555935430258	0.0	0.0	0.0	0.0	0.0	114.32643090465722	0.0	0.0	0.0	0.0	0.0	0.0	0.0	0.0	0.0	0.0	0.0	0.0	0.0
GSM4138110_HNSCC_1_PBMC_CTGATCCTCTTTAGGG	59.775715689816295	0.0	54.82637653790664	61.542413269913055	0.0	65.55292466698434	0.0	0.0	0.0	0.0	53.122614126836154	15.564804598993243	0.0	13.576325663238249	0.0	9.719549875885384	0.0	0.0	0.0	0.0	0.0	0.0	0.0
GSM4138110_HNSCC_1_PBMC_CTGTGCTTCTAACGGT	94.67129233336904	116.22418978075741	0.0	126.66558366667668	0.0	0.0	0.0	0.0	0.0	0.0	0.0	0.0	0.0	0.0	0.0	0.0	0.0	0.0	0.0	0.0	0.0	0.0	0.0
GSM4138110_HNSCC_1_PBMC_CTGTGCTTCTATCGCC	0.0	0.0	0.0	0.0	0.0	0.0	0.0	0.0	0.0	51.60190533047334	0.0	0.0	7.430011274335947	150.65316961197522	143.7259153061986	0.0	0.0	0.0	0.0	0.0	0.0	0.0	0.0
GSM4138110_HNSCC_1_PBMC_GACTAACGTCGACTGC	102.57246928021286	72.46320281379762	0.0	110.26268047669797	0.0	0.0	0.0	0.0	0.0	0.0	0.0	0.0	0.0	0.0	0.0	0.0	0.0	0.0	0.0	0.0	0.0	0.0	0.0
GSM4138110_HNSCC_1_PBMC_GAGGTGATCGTCCGTT	135.87953556969128	0.0	0.0	0.0	140.35659087950367	0.0	0.0	0.0	0.0	16.974252967692802	0.0	0.0	59.85689678814222	39.11358721157053	0.0	0.0	0.0	0.0	0.0	14.054375793898897	0.0	0.0	0.0
GSM4138110_HNSCC_1_PBMC_GATCAGTAGTGTACTC	0.0	76.18299379081458	145.8081238311064	0.0	0.0	0.0	0.0	0.0	0.0	0.0	0.0	0.0	0.0	0.0	0.0	143.02613486658493	0.0	0.0	0.0	0.0	0.0	0.0	0.0
GSM4138110_HNSCC_1_PBMC_GCTCTGTAGTATCTCG	92.49576281847136	0.0	3171.792263817032	0.0	0.0	0.0	0.0	0.0	0.0	0.0	0.0	0.0	0.0	149.33766032277936	0.0	0.0	0.0	0.0	0.0	0.0	0.0	0.0	0.0
GSM4138110_HNSCC_1_PBMC_GGAACTTTCCGATATG	92.28658547954808	54.478313163235974	0.0	0.0	43.305757340144865	0.0	0.0	83.83147996596632	0.0	0.0	0.0	1.95371604702434	0.0	0.0	0.0	0.06546467610060266	0.0	0.0	0.0	0.0	0.0	0.0	0.0
GSM4138110_HNSCC_1_PBMC_GGACAGAAGCCATCGC	32.37739744854725	0.0	0.0	153.2902432062214	0.0	0.0	86.79054340900403	0.0	0.0	45.151813639957226	0.0	0.0	61.93416261208955	0.0	0.0	0.0	0.0	0.0	0.0	0.0	0.0	0.0	0.0
GSM4138110_HNSCC_1_PBMC_GGATGTTGTGCAGTAG	0.0	3.3557579678493146	119.85742925446549	0.0	0.0	0.0	0.0	0.0	0.0	0.0	0.0	107.96342645168869	0.0	0.0	0.0	0.0	0.0	69.65120557946086	0.0	0.0	0.0	0.0	0.0
GSM4138110_HNSCC_1_PBMC_GTAACTGCAGCTGTTA	0.0	0.0	0.0	8.576294590022886	86.69270257370755	0.0	0.0	0.0	96.40890376099834	67.72369621635134	0.0	25.4931182677496	0.0	0.0	0.0	0.0	0.0	0.0	0.0	0.0	0.0	0.0	0.0
GSM4138110_HNSCC_1_PBMC_GTATTCTAGTAATCCC	0.0	148.44832208675243	179.30279241762418	0.0	0.0	0.0	0.0	0.0	0.0	0.0	0.0	181.05645698921305	0.0	0.0	0.0	0.0	0.0	0.0	0.0	0.0	0.0	0.0	0.0
GSM4138110_HNSCC_1_PBMC_GTGCAGCAGTCAAGCG	306.7421044534279	272.30108543999273	0.0	359.81973045674954	0.0	0.0	0.0	0.0	8.96065371236901	0.0	12.581822637314254	99.13525543010603	0.0	0.0	0.0	0.0	0.0	0.0	0.0	0.0	0.0	0.0	0.0
GSM4138110_HNSCC_1_PBMC_GTGCATACACAGGCCT	154.81453520513116	73.46861956782301	0.0	155.91018107072168	0.0	0.0	0.0	0.0	0.0	0.0	0.0	0.0	0.0	0.0	0.0	0.0	0.0	0.0	0.0	0.0	0.0	0.0	0.0
GSM4138110_HNSCC_1_PBMC_TACTCGCGTTTAGCTG	0.0	0.0	0.0	62.855831406669395	0.0	0.0	0.0	0.0	0.0	0.0	0.0	100.91214132148657	62.39306185339312	109.46134034019431	0.0	0.0	0.0	0.0	0.0	0.0	0.0	0.0	0.0
GSM4138110_HNSCC_1_PBMC_TACTTACGTTATGCGT	0.0	71.09581376955569	21.563230420556806	111.7811246724789	0.0	0.0	73.07152818709906	0.0	0.0	0.0	0.0	0.0	0.0	0.0	0.0	34.78150774164765	0.0	0.0	0.0	0.0	0.0	0.0	0.0
GSM4138110_HNSCC_1_PBMC_TAGCCGGGTTCAACCA	1.6395571688140722	29.081576595883185	94.39629858115683	0.0	60.161377357040365	51.391075638637766	6.300834419413084	0.0	0.0	0.0	34.960548804432804	0.0	0.0	0.0	0.0	0.0	0.0	0.0	0.0	0.0	0.0	0.0	0.0
GSM4138110_HNSCC_1_PBMC_TCAGCAATCCCAAGAT	155.63877220266323	0.0	0.0	37.947275951664835	0.0	0.0	0.0	0.0	0.0	0.0	0.0	0.0	83.17833438883314	0.0	176.2666997762212	0.0	0.0	15.821286120869367	0.0	0.0	0.0	0.0	0.0
GSM4138110_HNSCC_1_PBMC_TGACGGCGTTGAGTTC	0.0	0.0	335.73865170128363	222.40871901951328	0.0	0.0	0.0	0.0	0.0	0.0	0.0	0.0	0.0	78.930821038239	105.17854393071731	0.0	0.0	0.0	0.0	0.0	365.884372971085	0.0	0.0
GSM4138110_HNSCC_1_PBMC_TTGCGTCGTACTTCTT	0.0	50.393275692338676	0.0	16.658716519356197	0.0	0.0	0.0	81.2473992891954	0.0	0.0	0.0	0.0	0.0	165.83018875968213	0.0	17.008691394146958	0.0	89.12831325520203	0.0	0.0	0.0	0.0	0.0
GSM4138110_HNSCC_1_PBMC_TTTGTCAGTTAAGATG	80.69703871777159	37.110083931167964	0.0	109.15095313972712	0.0	0.0	0.0	0.0	0.0	0.0	0.0	0.0	0.0	0.0	0.0	0.0	0.0	0.0	0.0	0.0	0.0	0.0	0.0
GSM4138110_HNSCC_1_PBMC_ACGCAGCTCGTCACGG	0.0	0.0	180.099909630766	118.78991410810302	0.0	0.0	0.0	0.0	11.248018416994645	0.0	0.0	0.0	32.72577660191345	0.0	0.0	0.0	64.52128225418308	54.57179234030173	0.0	0.0	0.0	0.0	0.0
GSM4138110_HNSCC_1_PBMC_ATCATCTAGGAATCGC	0.0	0.0	0.0	0.0	0.0	100.83214408431843	0.0	0.0	129.93172963284613	0.0	177.4237322811713	0.0	0.0	0.0	0.0	0.0	0.0	0.0	0.0	0.0	0.0	0.0	0.0
GSM4138110_HNSCC_1_PBMC_TCAACGAGTTACGGAG	82.52581823641864	0.0	258.81754655354587	310.1642311924157	0.0	0.0	0.0	0.0	0.0	221.1107094945442	0.0	0.0	0.0	0.0	0.0	0.0	0.0	0.0	0.0	0.0	0.0	0.0	0.0
GSM4138110_HNSCC_1_PBMC_AAACCTGGTCTCCCTA	0.0	0.0	309.6907657068763	0.0	0.0	0.0	0.0	0.0	0.0	114.42041578916341	0.0	0.0	16.471451955609478	0.0	190.41466765919446	0.0	127.12048924180758	0.0	0.0	0.0	0.0	0.0	0.0
GSM4138110_HNSCC_1_PBMC_ACACCGGAGTACACCT	229.4122344549485	0.0	147.1913046954936	0.0	0.0	0.0	0.0	0.0	0.0	0.0	301.94396095037774	0.0	219.43632886337022	0.0	0.0	0.0	17.695314174057817	0.0	0.0	0.0	0.0	0.0	0.0
GSM4138110_HNSCC_1_PBMC_ACTGCTCGTGGTCCGT	6.764783767559564	0.0	135.44447592846345	278.6177353136899	0.0	172.739088485042	0.0	0.0	0.0	0.0	0.0	0.0	0.0	90.06241184202679	0.0	0.0	0.0	0.0	0.0	0.0	0.0	0.0	0.0
GSM4138110_HNSCC_1_PBMC_AGCTCTCGTTAGTGGG	216.05129461756954	0.0	0.0	0.0	0.0	0.0	0.0	0.0	116.16214255547114	183.296241455969	0.0	0.0	0.0	0.0	0.0	0.0	266.6446365204704	0.0	0.0	0.0	0.0	0.0	0.0
GSM4138110_HNSCC_1_PBMC_ATGGGAGAGGATGCGT	106.24004107356643	0.0	0.0	0.0	206.20773132296458	0.0	0.0	0.0	206.51772804176485	0.0	156.0036113575876	0.0	168.98581689800486	0.0	0.0	0.0	0.0	0.0	0.0	0.0	0.0	0.0	0.0
GSM4138110_HNSCC_1_PBMC_ATTATCCTCGGAAATA	0.0	0.0	0.0	91.03767984440414	0.0	49.628726453333556	0.0	0.0	280.9021127825162	0.0	0.0	154.97547603981548	118.13979500963767	0.0	0.0	0.0	0.0	6.402957367142323	0.0	0.0	0.0	0.0	0.0
GSM4138110_HNSCC_1_PBMC_CATCAGATCGCAAACT	0.0	0.0	135.10481923575495	0.0	0.0	0.0	0.0	0.0	0.0	144.25504551484502	0.0	204.6404521031264	0.0	137.2775126331411	0.0	0.0	59.91731126015736	0.0	0.0	0.0	0.0	0.0	0.0
GSM4138110_HNSCC_1_PBMC_CGTAGCGCATGCAACT	0.0	0.0	318.81654719792783	247.1403780413893	0.0	201.47905311253834	0.0	0.0	46.446954200560995	0.0	0.0	0.0	0.0	3.212541697262006	0.0	0.0	0.0	0.0	0.0	0.0	0.0	0.0	0.0
GSM4138110_HNSCC_1_PBMC_CGTCACTTCACGAAGG	0.0	4.900566525411974	0.0	20.176736538551683	29.198055001940332	0.0	0.0	0.0	200.88223379395714	50.50442809029047	0.0	0.0	133.9871603390389	77.56812299462328	0.0	0.0	285.99922445682284	0.0	0.0	0.0	0.0	0.0	0.0
GSM4138110_HNSCC_1_PBMC_GCATACACACCAGCAC	0.0	0.0	246.6041831832164	0.0	0.0	59.1178128350589	0.0	0.0	0.0	93.74334304213804	0.0	0.0	0.0	0.0	0.0	277.8933152653304	0.0	0.0	0.0	0.0	0.0	0.0	0.0
GSM4138110_HNSCC_1_PBMC_GCGACCAGTCGATTGT	0.0	0.0	0.0	0.0	0.0	192.84953658087045	0.0	0.0	268.05336623029945	0.0	0.0	0.0	0.0	0.0	0.0	0.0	279.03022018029844	0.0	0.0	0.0	0.0	0.0	0.0
GSM4138110_HNSCC_1_PBMC_TACTTACTCGGCGCAT	0.0	0.0	0.0	0.0	0.0	0.0	0.0	105.46707527153895	0.0	0.0	0.0	0.0	0.0	115.64123036996976	0.0	0.0	0.0	65.90459437632818	0.0	0.0	0.0	0.0	0.0
GSM4138110_HNSCC_1_PBMC_ACCGTAAGTTACGTCA	0.0	0.0	0.0	0.0	220.7348535924415	145.19609608888683	0.0	0.0	189.98442740987733	0.0	0.0	0.0	0.0	0.0	0.0	0.0	0.0	0.0	0.0	0.0	0.0	0.0	0.0
GSM4138110_HNSCC_1_PBMC_ATCCACCAGACAGACC	0.0	0.0	0.0	0.0	0.0	0.0	37.72589966641346	72.09280284848337	51.61327712356918	173.82920170407274	0.0	0.0	0.0	0.0	0.0	0.0	50.93456219175998	0.0	0.0	0.0	0.0	0.0	0.0
GSM4138110_HNSCC_1_PBMC_ATGAGGGGTATATGGA	0.0	0.0	0.0	0.0	83.6329862047074	0.0	0.0	184.33926768643778	306.58056394975637	272.0127337472955	0.0	0.0	0.0	0.0	33.56352786042575	0.0	0.0	0.0	0.0	0.0	0.0	0.0	0.0
GSM4138110_HNSCC_1_PBMC_CACCAGGGTCAGAATA	0.0	110.72436708744101	0.0	0.0	52.32286275566353	0.0	0.0	0.0	290.3333713996373	0.0	0.0	0.0	0.0	0.0	0.0	54.514574447234914	66.26465092452743	0.0	0.0	0.0	0.0	0.0	0.0
GSM4138110_HNSCC_1_PBMC_CAGCAGCTCAAAGTAG	208.16129356223328	0.0	0.0	135.25975433227708	0.0	0.0	0.0	0.0	5.368331811445701	108.5567909694656	0.0	0.0	0.0	0.0	0.0	0.0	0.0	0.0	0.0	0.0	0.0	0.0	0.0
GSM4138110_HNSCC_1_PBMC_CATCCACCAGTAACGG	0.0	0.0	156.7476036938547	0.0	0.0	0.0	0.0	0.0	0.0	0.0	0.0	229.76647163709615	0.0	0.0	0.0	0.0	0.0	145.5342519378746	0.0	0.0	0.0	0.0	0.0
GSM4138110_HNSCC_1_PBMC_CCTTTCTCATCCTAGA	0.0	116.12144578270875	0.0	0.0	0.0	0.0	0.0	0.0	171.63090179593377	0.0	0.0	0.0	0.0	0.0	162.4596463293777	0.0	0.0	0.0	28.69841003175994	0.0	0.0	0.0	0.0
GSM4138110_HNSCC_1_PBMC_CGTAGGCTCTACCAGA	0.0	136.00985065877396	0.0	0.0	172.72359880282107	0.0	0.0	0.0	175.35596210667015	0.0	0.0	0.0	0.0	0.0	24.818619416780567	0.0	0.0	0.0	0.0	0.0	0.0	0.0	0.0
GSM4138110_HNSCC_1_PBMC_CTGCCTAAGGACATTA	0.0	0.0	0.0	0.0	0.0	129.28052727678912	0.0	0.0	168.73291407419106	0.0	0.0	0.0	0.0	0.0	0.0	0.0	0.0	0.0	0.0	160.45904321057708	0.0	0.0	0.0
GSM4138110_HNSCC_1_PBMC_CTTTGCGGTGGTCCGT	0.0	12.62637266410345	0.0	0.0	151.65942554739576	0.0	0.0	0.0	100.7031079314186	88.95646570262056	0.0	0.0	0.0	0.0	0.0	0.0	0.0	0.0	0.0	0.0	0.0	0.0	0.0
GSM4138110_HNSCC_1_PBMC_GAAACTCAGACAAGCC	0.0	0.0	0.0	0.0	206.66225634967395	0.0	0.0	0.0	189.25071495343613	141.04892368972705	0.0	0.0	0.0	0.0	0.0	0.0	0.0	0.0	0.0	0.0	0.0	0.0	0.0
GSM4138110_HNSCC_1_PBMC_GACCAATAGCCCGAAA	0.0	0.0	0.0	140.50534956173456	109.85147457756467	0.0	0.0	0.0	221.94263055955636	173.82383033772788	0.0	20.39893191177532	7.77010124486133	0.0	0.0	0.0	0.0	21.43605684466805	0.0	0.0	0.0	0.0	0.0
GSM4138110_HNSCC_1_PBMC_GACCAATAGGGCTCTC	0.0	0.0	0.0	0.0	195.96660525043814	0.0	0.0	0.0	204.50225506322394	144.38190780441926	0.0	0.0	0.0	0.0	0.0	0.0	0.0	0.0	0.0	0.0	0.0	0.0	0.0
GSM4138110_HNSCC_1_PBMC_GATGCTATCCTCTAGC	240.23826588507768	0.0	0.0	135.15117790801557	0.0	0.0	0.0	0.0	0.0	0.0	0.0	0.0	0.0	0.0	60.12472735236579	0.0	0.0	0.0	0.0	0.0	196.40978999648127	0.0	0.0
GSM4138110_HNSCC_1_PBMC_GCTGCGATCCCGACTT	0.0	73.35895982645935	0.0	0.0	122.32748119351798	0.0	0.0	0.0	112.17079732529359	0.0	0.0	0.0	0.0	0.0	0.0	0.0	0.0	0.0	0.0	0.0	0.0	0.0	0.0
GSM4138110_HNSCC_1_PBMC_GTTACAGCAAGTTGTC	0.0	7.771282844618338	0.0	0.0	0.0	0.0	0.0	100.31742327746016	173.90022302417492	96.87112630815561	0.0	0.0	0.0	0.0	0.0	0.0	0.0	0.0	0.0	0.0	0.0	0.0	0.0
GSM4138110_HNSCC_1_PBMC_TAGGCATTCAGCGACC	0.0	0.0	0.0	0.0	0.0	0.0	0.0	0.0	157.28503290523534	152.22515799738827	0.0	0.0	0.0	0.0	0.0	0.0	210.19708247050943	0.0	0.0	0.0	0.0	0.0	0.0
GSM4138110_HNSCC_1_PBMC_TCGTACCTCCATGAAC	0.0	0.0	0.0	0.0	317.2164873078029	68.3293419435316	0.0	0.0	112.054709825637	34.399155147200894	0.0	0.0	0.0	0.0	0.0	0.0	0.0	0.0	0.0	0.0	0.0	0.0	0.0
GSM4138110_HNSCC_1_PBMC_TGCGCAGAGAGTCGGT	0.0	0.0	0.0	0.0	174.26212523219328	113.04645523217565	0.0	0.0	181.7311938793169	0.0	0.0	0.0	0.0	0.0	0.0	0.0	0.0	0.0	0.0	0.0	0.0	0.0	0.0
GSM4138110_HNSCC_1_PBMC_TTGCCGTTCCTATTCA	0.0	97.01198740292307	0.0	0.0	0.0	0.0	0.0	0.0	366.3533319324106	0.0	0.0	0.0	18.307079735424434	0.0	0.0	0.0	0.0	0.0	0.0	228.021277176097	0.0	0.0	0.0
GSM4138110_HNSCC_1_PBMC_TTTACTGAGTCCCACG	0.0	0.0	0.0	55.43744761543968	0.0	0.0	0.0	0.0	306.4205015502097	134.04659752554937	0.0	116.6624307026746	0.0	0.0	0.0	0.0	0.0	0.0	0.0	0.0	0.0	0.0	0.0
GSM4138110_HNSCC_1_PBMC_ACGGGTCGTCTTGATG	0.0	0.0	82.70800330887596	85.7091771495625	0.0	0.0	0.0	0.0	0.0	0.0	0.0	17.95908422113636	88.05449608659487	0.0	0.0	0.0	0.0	0.0	0.0	0.0	0.0	0.0	0.0
GSM4138110_HNSCC_1_PBMC_AGTGAGGAGGAATCGC	0.0	0.0	0.0	0.0	96.99089627423265	0.0	0.0	0.0	76.2107069594327	6.700916970523339	0.0	0.0	48.28643697164336	31.756226014871743	0.0	0.0	0.0	25.762382945952496	38.75435801068911	0.0	0.0	0.0	0.0
GSM4138110_HNSCC_1_PBMC_ATGTGTGCAAGCTGGA	0.0	77.36054468736194	0.0	192.40144497079604	0.0	53.33739232293506	121.80203449819669	0.0	0.0	0.0	0.0	0.0	0.0	0.0	0.0	0.0	0.0	12.141158166015652	0.0	0.0	0.0	0.0	0.0
GSM4138110_HNSCC_1_PBMC_CGACCTTAGTTACGGG	0.0	80.79483427798608	107.29387042383766	0.0	0.0	0.0	0.0	0.0	0.0	0.0	0.0	211.03560737791858	80.16977628069905	0.0	0.0	0.0	0.0	0.0	0.0	0.0	0.0	0.0	0.0
GSM4138110_HNSCC_1_PBMC_GCGACCACATGCATGT	0.0	0.0	108.60934463042723	71.03526034986018	0.0	0.0	74.58646890733485	0.0	0.0	33.357416201883375	2.4624081715023296	0.0	63.58053266739504	0.0	0.0	0.8624641274636761	70.57770020970149	0.0	0.0	0.0	0.0	0.0	0.0
GSM4138110_HNSCC_1_PBMC_GGATTACGTGCATCTA	95.35940480235541	65.15827923447394	0.0	0.0	126.80360153608962	39.734051236214206	0.0	19.93834604975475	5.345968655736301	0.0	0.0	0.0	0.0	49.6746896277494	0.0	0.0	0.0	0.0	0.0	0.0	0.0	0.0	0.0
GSM4138110_HNSCC_1_PBMC_GTGCAGCCACCAGATT	58.630499333626254	96.84771698034446	28.659633356563575	0.0	97.67803984095582	0.0	0.0	0.0	0.0	0.0	0.0	0.0	0.0	3.805711311282338	0.0	0.0	0.0	0.0	0.0	0.0	0.0	0.0	0.0
GSM4138110_HNSCC_1_PBMC_GTGCGGTTCTATGTGG	9.794694198551875	142.83646840479742	0.0	43.61219545558571	57.46751668347812	0.0	0.0	0.0	0.0	0.0	0.0	0.0	0.0	107.79346730336803	0.0	0.0	29.83843350914952	0.0	0.0	0.0	0.0	0.0	0.0
GSM4138110_HNSCC_1_PBMC_GTTCATTTCCCTCTTT	133.25058979675865	0.0	0.0	0.0	0.0	0.0	0.0	0.0	6.493145632169998	0.0	0.0	0.0	79.15005330936788	0.0	101.65613922331511	0.0	0.0	0.0	0.0	0.0	0.0	0.0	0.0
GSM4138110_HNSCC_1_PBMC_TCATTACGTAATCACC	0.0	100.34130544954547	188.66579972080558	170.24845013175246	0.0	0.0	0.0	0.0	0.0	0.0	0.0	0.0	0.0	0.0	0.0	0.0	0.0	0.0	0.0	0.0	0.0	0.0	0.0
GSM4138110_HNSCC_1_PBMC_TTGCCGTTCAGAAATG	0.0	79.21268173327475	0.0	0.0	0.0	0.0	96.64772879760176	84.65623282909753	6.660290082100253	0.0	0.0	0.0	0.0	0.0	56.467944318640605	0.0	0.0	14.712553630975126	0.0	0.0	0.0	0.0	0.0
GSM4138110_HNSCC_1_PBMC_TTTGCGCAGTAGCGGT	0.0	87.83576766696943	238.19283992862725	0.0	0.0	0.0	0.0	0.0	0.0	0.0	0.0	0.0	1.8491872842260841	0.0	0.0	0.0	329.46740863187944	36.519819509869755	0.0	0.0	0.0	0.0	0.0
GSM4138110_HNSCC_1_PBMC_TTTGGTTAGCACAGGT	0.0	0.0	0.0	0.0	0.0	0.0	130.32885779683758	0.0	0.0	0.0	0.0	172.3589873553472	0.0	0.0	0.0	0.0	0.0	44.260820833233886	0.0	0.0	57.329299364150934	0.0	0.0
