	1	2	3	4	5	6	7	8	9	10	11	12	13	14	15	16	17	18	19	20	21	22	23	24	25	26	27	28	29	30	31	32	33
GSM4138110_HNSCC_1_PBMC_AAACCTGAGGAGCGTT	33.2799575766127	76.99203952020652	21.874032426874816	62.722525066720124	45.51720754246112	0.0	0.0	0.0	0.0	0.0	0.0	0.0	0.0	0.0	0.0	0.0	0.0	0.0	0.0	0.0	0.0	40.48983233168173	0.0	0.0	0.0	0.0	29.3379626054312	0.0	17.568479811391477	0.0	0.0	0.0	0.0
GSM4138110_HNSCC_1_PBMC_AAACCTGCAGATGAGC	60.09881081614552	97.96522486985285	34.249774254606656	0.0	0.0	0.0	0.0	62.66733562400193	0.0	0.0	0.0	0.0	0.0	0.0	0.0	0.0	0.0	0.0	0.0	0.0	69.20802049938861	0.0	0.0	106.80827253417993	0.0	0.0	0.0	0.0	0.0	0.0	0.0	0.0	0.0
GSM4138110_HNSCC_1_PBMC_AACGTTGAGACTGGGT	37.165800719627626	65.4656168588742	10.383095823121629	0.0	0.0	13.297224057526023	0.0	0.0	13.948052045621221	37.284526464842244	0.0	0.0	0.0	0.0	0.0	0.0	0.0	0.0	0.0	14.324809883614568	0.0	0.0	27.791102707946727	19.790277606073964	0.0	0.0	0.0	0.0	0.0	0.0	0.0	0.0	0.0
GSM4138110_HNSCC_1_PBMC_AACGTTGGTTACGACT	29.508121679477235	63.88889227319237	9.046983506307948	0.0	2.6958126386903247	0.0	0.0	25.428982365067267	0.0	66.60528801922882	0.0	17.825961348352376	15.308510602450438	0.0	0.0	0.0	0.0	0.0	0.0	0.0	0.0	0.0	0.0	0.0	0.0	0.0	0.0	0.0	0.0	0.0	0.0	0.0	0.0
GSM4138110_HNSCC_1_PBMC_AACGTTGTCTAAGCCA	56.82506201360027	75.9354839826864	10.034950874113806	66.3246547616263	0.0	0.0	0.0	0.0	0.0	38.27709312929738	0.0	0.0	0.0	0.0	0.0	45.889222872239166	0.0	0.0	0.0	0.0	0.0	0.0	0.0	0.0	0.0	0.0	0.0	0.0	0.0	0.0	0.0	0.0	0.0
GSM4138110_HNSCC_1_PBMC_AACTCCCCATTTCAGG	53.17343800163193	43.37291721213159	11.996475922962277	0.0	0.0	11.704326008296162	0.0	0.0	57.0857426220351	0.0	0.0	0.0	48.243454994978464	0.0	0.0	0.0	0.0	83.63863192845052	0.0	0.0	0.0	0.0	0.0	0.0	0.0	0.0	0.0	0.0	0.0	0.0	0.0	0.0	0.0
GSM4138110_HNSCC_1_PBMC_AAGCCGCCACTTCTGC	86.51080624571105	64.40072404054676	36.8007926755201	0.0	44.60102831214258	0.0	0.0	53.68114056455939	0.0	0.0	0.0	0.0	0.0	0.0	52.923220145399746	0.0	0.0	0.0	0.0	0.0	0.0	0.0	0.0	0.0	0.0	0.0	0.0	0.0	0.0	0.0	0.0	0.0	0.0
GSM4138110_HNSCC_1_PBMC_AAGGTTCGTCTCTTAT	41.83122001414898	16.853980706053957	12.13304301606922	0.0	0.0	0.0	0.0	101.22843137372212	0.0	70.8183776526785	0.0	48.13049103628275	0.0	0.0	0.0	0.0	0.0	0.0	0.0	0.0	0.0	0.0	0.0	0.0	0.0	0.0	0.0	0.0	0.0	0.0	0.0	0.0	0.0
GSM4138110_HNSCC_1_PBMC_AAGTCTGAGTACCGGA	43.7099358343355	66.1771621644819	10.113562415728467	0.0	49.949170988018636	31.94055065641741	5.520274718415725	0.0	0.0	0.0	0.0	0.0	0.0	0.0	31.66436726848407	0.0	0.0	0.0	0.0	0.0	0.0	4.946899834296609	0.6705989370815182	0.0	0.0	0.0	0.0	0.0	0.0	0.0	0.0	0.0	0.0
GSM4138110_HNSCC_1_PBMC_AAGTCTGGTTGCCTCT	88.10084264049767	40.75737696185514	7.1868003749910985	0.0	0.0	0.0	0.0	43.4286995495335	0.0	0.0	21.53061673588005	0.0	0.0	0.0	0.0	0.0	0.0	47.595380744246825	0.0	0.0	0.0	0.0	0.0	0.0	0.0	0.0	0.0	0.0	0.0	0.0	0.0	0.0	0.0
GSM4138110_HNSCC_1_PBMC_AAGTCTGTCCAAACTG	77.16946884911174	37.03680781867266	17.98094430850692	75.57769060620365	67.68448313680254	0.0	0.0	0.0	0.0	0.0	0.0	0.0	0.0	0.0	55.18087039417431	0.0	0.0	0.0	0.0	0.0	0.0	0.0	0.0	0.0	0.0	0.0	0.0	0.0	0.0	4.851060417582074	0.0	0.0	0.0
GSM4138110_HNSCC_1_PBMC_ACATGGTCACATGGGA	39.56875764669413	3.4640690549042925	1.6426151965628486	35.539988638220855	144.01336455267082	0.0	0.0	0.0	0.0	0.0	0.0	0.0	0.0	0.0	0.0	0.0	37.83636690627713	0.0	0.0	0.0	0.0	0.0	0.0	0.0	0.0	0.0	0.0	0.0	0.0	0.0	0.0	0.0	0.0
GSM4138110_HNSCC_1_PBMC_ACGAGCCAGTATCTCG	49.45047577947423	35.954104487465756	23.098365823734923	51.70801326002308	42.65970409638998	0.0	0.0	0.0	0.0	0.0	0.0	0.0	0.0	0.0	0.0	125.496727367454	0.0	0.0	0.0	0.0	0.0	0.0	0.0	0.0	0.0	0.0	0.0	0.0	0.0	0.0	0.0	0.0	0.0
GSM4138110_HNSCC_1_PBMC_ACGAGCCCACTTAACG	132.51545555288942	139.77369335356798	36.755801177370984	95.93422056729531	80.03063498511983	0.0	0.0	0.0	0.0	0.0	0.0	0.0	0.0	0.0	0.0	0.0	0.0	135.933163803402	0.0	12.030802566278565	0.0	0.0	0.0	0.0	0.0	0.0	0.0	0.0	0.0	0.0	0.0	0.0	0.0
GSM4138110_HNSCC_1_PBMC_ACTATCTTCTTCCTTC	85.49253862386075	51.921841200022484	16.42200912367242	55.477167832961605	41.80935433648679	0.0	0.0	0.0	0.0	0.0	10.084499290154712	0.0	0.0	115.52453037581874	0.0	0.0	0.0	0.0	0.0	0.0	0.0	0.0	0.0	0.0	0.0	0.0	0.0	0.0	0.0	0.0	0.0	0.0	0.0
GSM4138110_HNSCC_1_PBMC_AGAGCTTAGAGCTGGT	100.17495264926688	97.84188982011258	21.696979515896867	0.0	0.0	34.852592433906004	0.0	0.0	55.96025544903048	0.0	58.00449949178591	0.0	0.0	0.0	0.0	0.0	48.654395929062204	0.0	18.65515233627099	0.0	0.0	0.0	0.0	0.0	0.0	0.0	0.0	0.0	0.0	0.0	0.0	0.0	0.0
GSM4138110_HNSCC_1_PBMC_AGATTGCGTCGCCATG	102.84112443018729	60.27679267632799	12.231734613562551	0.0	37.14661937222149	47.487149370155656	0.0	0.0	0.0	0.0	0.0	0.0	0.0	0.0	0.0	0.0	0.0	68.29844338677832	0.0	2.3576447616779115	0.0	0.0	0.0	0.0	0.0	0.0	0.0	0.0	0.0	0.0	0.0	0.0	0.0
GSM4138110_HNSCC_1_PBMC_AGCGTATGTTATCCGA	119.0767383640187	60.04595824925041	19.183275561409875	0.0	31.89500253627825	112.50265505420695	0.0	0.0	0.0	0.0	0.0	0.0	0.0	24.306049290959454	0.0	0.0	0.0	0.0	0.0	0.0	0.0	0.0	29.05119141481934	0.0	0.0	0.0	0.0	0.0	0.0	0.0	0.0	0.0	0.0
GSM4138110_HNSCC_1_PBMC_AGGCCACAGTACTTGC	33.76228077463331	72.92265276992404	10.301830533815458	41.75661556794504	27.813418194948714	0.0	0.0	0.0	0.0	0.0	0.0	30.58422372035898	0.0	59.553156263824626	0.0	0.0	0.0	0.0	0.0	0.0	0.0	0.0	0.0	0.0	0.0	0.0	0.0	0.0	0.0	0.0	0.0	0.0	0.0
GSM4138110_HNSCC_1_PBMC_AGGCCACCACTAAGTC	260.0463975613564	69.60976438279782	26.849771720639637	0.0	33.71783251867414	48.00331662392268	0.0	0.0	89.23232687372303	46.33992995184686	151.63225407138145	0.0	0.0	0.0	0.0	0.0	0.0	79.75932726452913	0.0	0.0	0.0	0.0	0.0	0.0	0.0	0.0	0.0	0.0	0.0	0.0	0.0	0.0	0.0
GSM4138110_HNSCC_1_PBMC_AGTAGTCTCTTAGCCC	41.87243138498302	47.77181511952376	18.579004915999125	0.0	0.0	0.0	0.0	0.0	0.0	0.0	0.0	0.0	121.47267653228788	0.0	0.0	0.0	0.0	0.0	0.0	0.0	0.0	0.0	0.0	0.0	0.0	0.0	54.420069154823445	0.0	0.0	0.0	0.0	0.0	0.0
GSM4138110_HNSCC_1_PBMC_AGTGAGGGTGGCCCTA	99.3503312318072	70.98734913373585	25.98998317273519	0.0	16.10845990824102	0.0	105.06894490136959	4.979076897260758	52.40850021517497	0.0	32.95249141398126	0.0	0.0	0.0	0.0	0.0	0.0	0.0	0.0	0.0	0.0	0.0	0.0	0.0	0.0	0.0	0.0	0.0	0.0	0.0	0.0	0.0	0.0
GSM4138110_HNSCC_1_PBMC_AGTGTCATCTCGCATC	62.407725389635516	41.8277952753984	13.014409996270514	0.0	34.87274896093772	33.68832196632374	0.0	0.0	0.0	0.0	0.0	0.0	0.0	0.0	0.0	16.269680769681973	36.62860083705256	0.0	0.0	0.0	0.0	0.0	0.0	0.0	0.0	0.0	0.0	0.0	0.0	0.0	0.0	0.0	0.0
GSM4138110_HNSCC_1_PBMC_AGTTGGTCATGGTTGT	122.15631924376355	59.71400634091072	30.123660136142377	81.44785780261012	78.62496923219004	0.0	0.0	0.0	0.0	0.0	0.0	0.0	0.0	0.0	0.0	0.0	0.0	0.0	0.0	0.0	0.0	0.0	0.0	0.0	0.0	0.0	80.42559523348332	0.0	0.0	0.0	0.0	0.0	0.0
GSM4138110_HNSCC_1_PBMC_AGTTGGTTCTTGGGTA	71.31099048882834	60.72636896010447	8.704537259267793	0.0	0.0	0.0	0.0	0.0	52.3093139880345	3.39982196907013	0.0	0.0	0.0	0.0	0.0	0.0	0.0	0.0	6.330631583026628	21.810269502006012	40.14494849680181	0.0	0.0	0.0	0.0	0.0	0.0	0.0	0.0	0.0	0.0	0.0	0.0
GSM4138110_HNSCC_1_PBMC_ATCTACTAGGGTGTGT	104.17075189728642	79.67285880295061	18.624619026476697	0.0	0.0	0.0	0.0	0.0	143.89006094302698	0.0	209.49030293694463	0.0	0.0	0.0	0.0	206.85669305351396	0.0	0.0	0.0	0.0	0.0	0.0	0.0	0.0	0.0	0.0	0.0	0.0	0.0	1.2872739096052497	0.0	0.0	0.0
GSM4138110_HNSCC_1_PBMC_ATCTACTAGTACGTTC	102.92009947586405	59.196033993498816	72.78244513788412	0.0	11.545905889139782	68.31127231466989	0.0	0.0	0.0	0.0	51.1905834354626	34.39033206795414	0.0	0.0	0.0	0.0	0.0	0.0	0.0	0.0	0.0	0.0	0.0	0.0	14.695738359434165	0.0	0.0	0.0	0.0	0.0	0.0	0.0	0.0
GSM4138110_HNSCC_1_PBMC_ATGAGGGCAAGCGATG	68.02342234990101	37.2777087317943	13.755970416569474	42.80112346038423	38.50868071475362	0.0	32.116908766090894	3.2045683371938303	0.0	0.0	0.0	0.0	0.0	0.0	0.0	0.0	0.0	0.0	0.0	0.0	24.61605800837451	0.0	0.0	0.0	0.0	0.0	0.0	0.0	0.0	0.0	0.0	0.0	0.0
GSM4138110_HNSCC_1_PBMC_ATGAGGGCACACAGAG	41.40009511905444	33.38337157622584	20.459693176493484	0.0	0.0	20.056666106311003	0.0	0.0	0.0	48.769414176670786	0.0	53.37551666657872	0.0	0.0	0.0	0.0	0.0	0.0	0.0	0.0	0.0	0.0	0.0	22.771325881390432	0.0	0.0	0.0	0.0	0.0	0.0	0.0	0.0	0.0
GSM4138110_HNSCC_1_PBMC_ATGCGATGTTTGACAC	42.93569870820722	48.77890247856742	18.966780005576275	13.748516873056603	0.0	51.957246147378946	0.0	0.0	0.0	0.0	28.262518572719028	0.0	0.0	0.0	0.0	0.0	0.0	0.0	0.0	0.0	0.0	41.314392358677125	0.0	0.0	0.0	0.0	0.0	0.0	0.0	0.0	0.0	0.0	0.0
GSM4138110_HNSCC_1_PBMC_ATGTGTGCATGCGCAC	43.92506525198603	54.13547537758527	13.012569144729335	0.0	54.49880024262013	0.0	0.0	0.0	24.815331973743543	0.0	0.0	0.0	0.0	0.0	0.0	0.0	0.0	0.0	0.0	0.0	0.0	6.560177328551739	0.0	0.0	0.0	6.851445627427559	31.66610581430312	0.0	0.3018804487043869	0.0	0.0	0.0	0.0
GSM4138110_HNSCC_1_PBMC_ATTACTCTCATGCTCC	89.26200830100797	80.03307100130799	56.32278419588084	35.85303343067277	0.0	0.0	0.0	0.0	0.0	0.0	0.0	0.0	0.0	0.0	0.0	0.0	0.0	0.0	0.0	33.27298885355879	0.0	8.423561552268733	0.0	0.0	0.0	85.39188819990305	0.0	0.0	0.0	0.0	0.0	0.0	0.0
GSM4138110_HNSCC_1_PBMC_ATTATCCGTCACACGC	90.79913506525996	51.55473600991667	20.44100966169894	0.0	0.0	0.0	50.75302321653695	95.93527730309343	0.0	23.311121958245067	0.0	0.0	0.0	0.0	26.213000538160195	0.0	0.0	0.0	0.0	0.0	0.0	0.0	0.0	0.0	0.0	0.0	0.0	0.0	0.0	0.0	0.0	0.0	0.0
GSM4138110_HNSCC_1_PBMC_ATTGGACAGAGATGAG	49.841047072096764	30.849385430234516	20.802984895482403	0.0	0.0	63.11893662772107	14.950988666345303	0.0	0.0	0.0	58.06531538879632	65.28845256990182	0.0	0.0	0.0	0.0	0.0	0.0	0.0	0.0	0.0	0.0	0.0	0.0	0.0	0.0	0.0	0.0	0.0	0.0	0.0	0.0	0.0
GSM4138110_HNSCC_1_PBMC_ATTGGTGCAGTGAGTG	59.74520827665436	54.41705810515401	26.5908847422049	46.59823047505023	0.0	0.0	0.0	0.0	0.0	0.0	14.221020884509775	0.0	37.368926467829155	0.0	0.0	0.0	0.0	16.79575035272677	13.646204826259218	0.0	0.0	5.409423921079196	0.0	0.0	0.0	0.0	0.0	0.0	0.0	0.0	12.051249709362242	0.0	0.0
GSM4138110_HNSCC_1_PBMC_CAACCAAGTTATCGGT	57.736484468875574	32.53130068979685	22.29343927832166	33.70317014193444	0.0	0.0	0.0	0.0	0.0	1.4077531037724824	22.028487526837203	69.45763339372319	0.0	0.0	0.0	0.0	0.0	0.0	0.0	0.0	0.0	0.0	0.0	0.0	0.0	0.0	0.0	0.0	0.0	0.0	0.0	0.0	0.0
GSM4138110_HNSCC_1_PBMC_CAACCAATCCTTGACC	57.90625643208673	77.42120257437716	23.373790391880572	0.0	0.0	0.0	29.323050629036047	0.0	63.569779112133595	15.134876472210617	0.0	0.0	0.0	0.0	0.0	0.0	0.0	0.0	0.0	0.0	0.0	0.0	0.0	0.0	0.0	0.0	0.0	0.0	0.0	0.0	0.0	0.0	0.0
GSM4138110_HNSCC_1_PBMC_CACAGTAGTCTCCATC	34.21606925684806	35.79427595876179	26.862476618283743	0.0	0.0	0.0	48.778958017724726	14.493938893895221	0.0	0.0	0.0	27.239348103389283	126.78151012569157	0.0	0.0	0.0	0.0	0.0	0.0	0.0	0.0	0.0	8.368262641137575	0.0	0.0	0.0	0.0	0.0	0.0	0.0	0.0	0.0	0.0
GSM4138110_HNSCC_1_PBMC_CACATAGCAAAGCGGT	53.7847831193242	27.15273918459732	11.096745474926934	0.0	0.0	0.0	74.19554495064905	25.150525723117497	10.138397385933787	15.092787626353521	0.0	0.0	0.0	0.0	0.0	0.0	0.0	0.0	0.0	0.0	0.0	0.0	0.0	0.0	0.0	0.0	0.0	0.0	0.0	1.8842533140085314	0.0	0.0	0.0
GSM4138110_HNSCC_1_PBMC_CACATAGCACCTCGTT	55.4686720422959	42.04914792470693	21.181815358109795	70.02452276945242	44.454522181998755	0.0	57.23807592939799	0.0	0.0	0.0	0.0	0.0	0.0	0.0	0.0	0.0	0.0	0.0	0.0	0.0	0.0	0.0	0.0	0.0	0.0	0.0	0.0	0.0	0.0	0.0	0.0	0.0	0.0
GSM4138110_HNSCC_1_PBMC_CACATTTGTGCACTTA	150.42405496432394	26.806728126166476	13.416495678341606	0.0	0.0	0.0	0.0	0.0	21.881556004491276	0.0	41.69040834572412	0.0	0.0	60.2017903544092	0.0	0.0	0.0	0.0	0.0	0.0	0.0	0.0	0.0	0.0	0.0	0.0	0.0	0.0	0.0	0.0	0.0	0.0	0.0
GSM4138110_HNSCC_1_PBMC_CACATTTTCCCATTAT	41.05991142186481	46.36348308642147	10.078131312784537	0.0	0.0	57.47883962710183	0.0	0.0	0.0	0.0	0.0	0.0	0.0	0.0	0.0	0.0	0.0	0.0	0.0	50.87349842163496	0.0	0.0	0.0	0.0	0.0	45.244853861879434	0.0	0.0	0.0	0.0	0.0	0.0	0.0
GSM4138110_HNSCC_1_PBMC_CACATTTTCTGGTTCC	70.7981316336909	42.73746036798354	11.33738032897486	0.0	0.0	39.535064900843	1.3683277645218115	0.0	4.143779512491199	0.0	59.24079353231762	36.70644471117774	0.0	0.0	0.0	0.0	0.0	0.0	0.0	0.0	0.0	0.0	0.0	0.0	0.0	10.420953396763682	0.0	0.0	0.0	0.0	0.0	0.0	0.0
GSM4138110_HNSCC_1_PBMC_CACCAGGTCGTGGGAA	70.5428482648189	55.80299859160062	23.29668407391304	0.0	35.80942579770544	0.0	12.756695150467687	0.0	63.892713687383626	0.0	0.0	0.0	0.0	0.0	0.0	0.0	0.0	0.0	0.0	35.827736839046324	0.0	0.0	36.90239285419884	0.0	0.0	0.0	0.0	0.0	0.0	0.0	0.0	0.0	0.0
GSM4138110_HNSCC_1_PBMC_CAGCAGCCAATGGTCT	10.963041030673077	50.52982487447726	10.990272900029016	0.0	0.0	44.39272977191416	0.0	0.0	0.0	24.993764346540082	0.0	0.0	0.0	0.0	0.0	0.0	0.0	0.0	0.0	0.0	0.0	0.0	0.0	0.0	67.17319530053098	0.0	0.0	0.0	0.0	0.0	0.0	0.0	0.0
GSM4138110_HNSCC_1_PBMC_CAGCATAGTCCGAGTC	44.61022623011796	52.32644948648003	34.69364332137982	0.0	27.801760380588775	0.0	0.0	0.0	82.27538216709698	0.0	0.0	0.0	0.0	0.0	0.0	0.0	0.0	0.0	0.0	0.0	0.0	23.71400826164271	0.0	0.0	0.0	0.0	0.0	0.0	0.07348650383279601	0.0	0.0	0.0	0.0
GSM4138110_HNSCC_1_PBMC_CAGCCGAAGCCCAACC	69.20312212380018	40.705328892271694	18.02653861447557	0.0	44.70591722737269	0.0	0.0	17.586390045841398	38.4534060014389	0.0	9.484303220345032	0.0	0.0	0.0	0.0	0.0	0.0	0.0	40.01326159472732	0.0	0.0	0.0	0.0	0.0	0.0	0.0	0.0	0.0	0.0	0.0	0.0	0.0	0.0
GSM4138110_HNSCC_1_PBMC_CAGCCGACATCGACGC	53.99816673617105	82.21999619727285	21.319304860317903	0.0	0.0	42.45792046194697	47.96842228660599	0.0	0.0	43.81329322189062	0.0	0.0	7.185804635567904	0.0	0.0	0.0	0.0	0.0	0.0	0.0	0.0	0.0	0.0	0.0	0.0	0.0	0.0	0.0	0.0	0.0	0.0	0.0	0.0
GSM4138110_HNSCC_1_PBMC_CATATTCTCCGCGTTT	84.3229331360313	55.53592329684084	12.940943283786996	49.90835661307239	0.0	0.0	0.0	0.0	0.0	0.0	0.0	0.0	51.34482251208683	0.0	0.0	32.56218233634274	0.0	0.0	0.0	0.0	0.0	0.0	0.0	0.0	0.0	0.0	0.0	5.307375792731621	0.0	0.0	0.0	0.0	0.0
GSM4138110_HNSCC_1_PBMC_CCAATCCCATTAGCCA	146.32851199923485	67.89306757847059	16.072817008069446	0.0	0.0	66.74749210054595	0.0	0.0	0.0	0.0	0.0	0.0	0.0	0.0	0.0	0.0	0.0	0.0	0.0	0.0	67.20732165136353	0.0	0.0	43.181258972888976	0.0	0.0	0.0	0.0	0.0	0.0	0.0	0.0	0.0
GSM4138110_HNSCC_1_PBMC_CCACGGAAGATCGGGT	47.48798361167822	62.79061121048127	0.7205353097238885	26.065112150169533	49.15296881644457	0.0	0.0	20.64634818041931	0.0	0.0	0.0	0.0	0.0	0.0	0.0	0.0	0.0	0.0	119.456785556408	0.0	0.0	0.0	0.0	0.0	0.0	0.0	0.0	0.0	0.0	0.0	0.0	0.0	0.0
GSM4138110_HNSCC_1_PBMC_CCATGTCAGAGGTAGA	58.78599481793561	83.91208205053813	33.16536528029909	0.0	0.0	0.0	0.0	6.391260069929107	47.658874535712364	0.0	17.567732927960975	0.0	0.0	0.0	0.0	0.0	14.697902355164771	0.0	74.33512337003104	0.0	0.0	0.0	0.0	12.641194004221834	0.0	0.0	0.0	0.0	0.0	0.0	0.0	0.0	0.0
GSM4138110_HNSCC_1_PBMC_CCATGTCCATGCCCGA	110.08595778576239	89.9423677022999	36.65320998453157	0.0	24.54467582110198	53.10305289879096	0.0	0.0	0.0	0.0	0.0	0.0	0.0	0.0	92.28961485959235	0.0	0.0	0.0	0.0	0.0	0.0	0.0	0.0	0.0	0.0	0.0	0.0	0.0	0.0	0.0	0.0	0.0	0.0
GSM4138110_HNSCC_1_PBMC_CCGGTAGAGCTCCTCT	59.546309852758455	35.504691815977246	9.840875911853692	0.0	0.0	71.2067844062991	0.0	0.0	0.0	59.53216599763355	0.0	0.0	0.0	0.0	0.0	0.0	42.267207783114884	0.0	0.0	0.0	0.0	0.0	0.0	0.0	0.0	0.0	0.0	0.0	0.0	0.0	0.0	0.0	0.0
GSM4138110_HNSCC_1_PBMC_CCTCTGAAGGGATCTG	40.361058879177634	64.29862642585357	14.167293664300695	23.770146217285795	0.0	0.0	0.0	9.473846808380529	0.0	0.0	0.0	0.0	0.0	0.0	0.0	0.0	0.0	0.0	0.0	0.0	0.0	0.0	0.0	42.43136801854127	0.0	0.0	0.0	58.328456654568505	0.0	0.0	0.0	0.0	0.0
GSM4138110_HNSCC_1_PBMC_CGAACATGTTCGTTGA	85.93815865142146	58.97353775948203	9.61082573295195	0.0	8.185227576499754	0.0	0.0	0.0	63.036910727236155	11.88791372120319	0.0	0.0	2.66426252224267	0.0	0.0	0.0	0.0	22.026276844332568	0.0	0.0	0.0	0.0	0.0	0.0	0.0	0.0	0.0	0.0	0.0	0.0	5.433168697838785	0.0	0.0
GSM4138110_HNSCC_1_PBMC_CGAACATTCTGTCCGT	112.65019217425751	38.29158520391741	15.72473746496302	0.0	54.68934281153796	0.0	0.0	0.0	54.36979390744663	8.568602375610709	0.0	0.0	0.0	0.0	0.0	0.0	0.0	0.0	0.0	0.0	0.0	43.555005996640766	0.0	0.0	0.0	0.0	0.0	0.0	0.0	0.0	0.0	0.0	0.0
GSM4138110_HNSCC_1_PBMC_CGAATGTAGCGTCTAT	64.60701236535421	72.0094542389092	27.030660340883788	21.77255570483804	0.0	0.0	0.0	0.0	0.0	45.59033193366118	0.0	0.0	0.0	0.0	0.0	0.0	0.0	0.0	0.0	0.0	35.043333569734976	0.0	0.0	0.0	0.0	0.0	0.0	0.0	0.0	0.0	0.0	0.0	0.0
GSM4138110_HNSCC_1_PBMC_CGGGTCAAGTCTCGGC	87.21344997896874	72.16737246975927	8.438723789445264	0.0	0.0	100.74965819654865	0.0	0.0	0.0	2.7118946793894905	0.0	0.0	0.0	41.5158061853868	0.0	0.0	0.0	0.0	0.0	0.0	0.0	0.0	0.0	0.0	0.0	0.0	0.0	0.0	0.0	0.0	0.0	0.0	0.0
GSM4138110_HNSCC_1_PBMC_CGTCTACCAAGCGTAG	46.10396088514264	146.50007410539675	6.66997078699336	0.0	0.0	0.0	0.0	52.734930142212335	2.779621381502018	0.0	46.708012296912536	0.0	0.0	0.0	0.0	100.20097715872438	0.0	0.0	0.0	0.0	0.0	0.0	0.0	0.0	0.0	0.0	0.0	0.0	0.0	0.0	0.0	0.0	0.0
GSM4138110_HNSCC_1_PBMC_CGTGTCTAGGTCGGAT	72.37209174456723	76.70641464180271	43.85037106586834	58.8439489525284	20.365876639609095	0.0	62.30036936016372	0.0	0.0	0.0	0.0	0.0	3.226871356875351	0.0	0.0	0.0	0.0	0.0	0.0	41.050601093213835	0.0	0.0	0.0	0.0	0.0	0.0	0.0	0.0	0.0	0.0	0.0	0.0	0.0
GSM4138110_HNSCC_1_PBMC_CGTTAGACATCCAACA	46.16975562467232	41.4863737428929	10.820785893504782	0.0	0.0	0.0	0.0	0.0	109.30662117802076	13.25872859185517	0.0	0.0	0.0	0.0	13.497161457171783	0.0	0.0	0.0	0.0	0.0	0.0	0.0	10.534321532798844	0.0	0.0	0.0	0.0	0.0	0.0	0.0	0.0	0.0	0.0
GSM4138110_HNSCC_1_PBMC_CGTTGGGCATATGCTG	46.46166749583613	25.820244786181558	7.381039965401908	55.397213167798114	0.0	0.0	0.0	0.0	0.0	32.44358321486605	0.0	0.0	0.0	0.0	0.0	0.0	0.0	0.0	0.0	0.0	0.0	0.0	0.0	0.0	0.0	0.0	0.0	61.65702365430969	0.0	0.0	0.0	0.0	0.0
GSM4138110_HNSCC_1_PBMC_CTAATGGTCTCGCTTG	74.7530875223604	74.79121681834377	29.371813485322388	11.036883675488356	45.27651400781438	0.0	0.0	0.0	0.0	0.0	0.0	0.0	0.0	0.0	33.14600938165548	0.0	0.0	0.0	0.0	0.0	0.0	0.0	0.0	0.0	0.0	0.0	0.0	0.0	0.0	0.0	0.0	0.0	0.0
GSM4138110_HNSCC_1_PBMC_CTACATTTCACCAGGC	78.13331702930367	49.99110272299108	23.118823635031465	0.0	0.0	0.0	0.0	0.0	42.283372735428095	0.0	0.0	0.0	0.0	0.0	0.0	0.0	0.0	0.0	50.80468041503114	0.0	0.0	0.0	0.0	56.44948973361325	0.0	0.0	0.0	0.0	0.0	0.0	0.0	0.0	0.0
GSM4138110_HNSCC_1_PBMC_CTACGTCTCGAACGGA	55.882917892427336	36.28651435359577	29.413519226804212	55.820024159292686	0.0	0.0	0.0	0.0	0.0	0.0	0.0	0.0	14.982681589833497	0.0	19.563348691054216	0.0	0.0	0.0	0.0	12.03224117554916	0.0	0.0	0.0	0.0	0.0	0.0	0.0	0.0	0.0	0.0	0.0	0.0	0.0
GSM4138110_HNSCC_1_PBMC_CTAGAGTCACTTACGA	69.22115629499837	42.399530857550225	13.912318369913816	0.0	0.0	42.039495911864805	92.38962152922606	0.0	0.0	0.0	0.0	0.0	18.06903340964534	0.0	0.0	0.0	0.0	0.0	0.0	7.067313781908647	0.0	0.0	0.0	0.0	0.0	0.0	0.0	0.0	0.0	0.0	0.0	0.0	0.0
GSM4138110_HNSCC_1_PBMC_CTCAGAATCCGGGTGT	28.139443178776645	72.16879568129876	18.275556015029043	0.0	0.0	0.0	0.0	37.49849261041569	0.0	0.0	31.75393724151212	0.0	0.0	0.0	0.0	0.0	0.0	30.49885291168656	0.0	0.0	0.0	0.0	0.0	0.0	45.60451678411136	0.0	0.0	0.0	0.0	0.0	0.0	0.0	0.0
GSM4138110_HNSCC_1_PBMC_CTCGGGATCAATACCG	73.59154353258894	32.76263246265788	19.07432996473974	0.0	19.234095097570588	80.96467840108201	0.0	0.0	0.0	0.0	0.0	0.0	31.339840898959505	0.0	0.0	0.0	0.0	0.0	0.0	0.0	0.0	0.0	0.0	0.0	148.9819539427999	0.0	0.0	0.0	0.0	0.0	0.0	0.0	0.0
GSM4138110_HNSCC_1_PBMC_CTCGTACAGATCGGGT	130.48298964810834	119.34893832502331	45.08325203631325	0.0	0.0	0.0	0.0	0.0	128.75847821759746	0.0	208.64291202766398	0.0	0.0	0.0	0.0	0.0	0.0	0.0	0.0	0.0	0.0	0.0	186.17187035591658	0.0	0.0	0.0	0.0	0.0	0.0	0.0	0.0	0.0	0.0
GSM4138110_HNSCC_1_PBMC_CTCGTACTCTGTCCGT	42.50584149520698	66.5891744714331	17.27413077483002	0.0	47.419167583231996	88.62608443634664	37.86936903088148	0.0	0.0	0.0	0.0	0.0	0.0	0.0	0.0	0.0	0.0	0.0	0.0	0.0	0.0	0.0	0.0	0.0	0.0	0.0	37.446153934160314	0.0	0.0	0.0	0.0	0.0	0.0
GSM4138110_HNSCC_1_PBMC_CTCTGGTAGGCGTACA	25.673636289047213	47.09139469926385	20.018318535740978	4.110513235065446	0.0	43.60622169756515	0.0	0.0	0.0	0.0	11.564898683681145	0.0	0.0	0.0	0.0	0.0	0.0	0.0	0.0	0.0	0.0	37.687684020454135	0.0	0.0	0.0	0.0	0.0	0.0	0.0	0.0	0.0	0.0	0.0
GSM4138110_HNSCC_1_PBMC_CTGAAACTCCGAGCCA	59.36344352364959	24.899314423253216	18.697178892922214	0.0	0.0	0.0	0.0	0.0	38.70346096175445	44.449379137163284	10.133368467982233	0.0	0.0	0.0	0.0	0.0	71.22829966912042	0.0	0.0	0.0	0.0	0.0	0.0	0.0	0.0	0.0	0.0	0.0	0.0	0.0	0.0	0.0	0.0
GSM4138110_HNSCC_1_PBMC_CTGAAGTAGCGATCCC	34.38906095497918	40.22390847965123	27.439689677435023	0.0	46.18071572278676	0.0	0.0	0.0	56.913332666599516	0.0	0.0	51.377593681079205	0.0	0.0	0.0	0.0	0.0	0.0	0.0	0.0	0.0	0.0	0.0	0.0	0.0	0.0	0.0	0.0	0.0	0.0	0.0	0.0	0.0
GSM4138110_HNSCC_1_PBMC_CTGATAGAGATCTGCT	55.47199160166348	40.41976666163657	19.156584565051528	0.0	0.0	24.181624713503123	0.0	0.0	0.0	0.0	37.34824460345933	0.0	50.73743717837306	49.49772474452928	0.0	0.0	0.0	0.0	0.0	0.0	0.0	0.0	0.0	0.0	0.0	0.0	0.0	0.0	0.0	0.0	0.0	0.0	0.0
GSM4138110_HNSCC_1_PBMC_CTGATAGAGCCTTGAT	72.6669144434157	57.668047670057	26.937749406166173	58.89202423558146	0.0	0.0	0.0	0.0	0.0	0.0	0.0	0.0	0.0	0.0	0.0	38.51013532208544	0.0	0.0	22.569664870189154	56.39326813915561	0.0	0.0	0.0	0.0	0.0	0.0	0.0	0.0	0.0	0.0	0.0	0.0	0.0
GSM4138110_HNSCC_1_PBMC_CTGCCTAAGGTGCTTT	54.200060548664894	89.93344288754305	16.309650690863506	96.70466964844138	5.492230439071739	0.0	27.980858508723145	0.0	0.0	28.673943717263178	0.0	0.0	0.0	0.0	0.0	0.0	0.0	0.0	0.0	0.0	0.0	0.0	0.0	0.0	0.0	0.0	0.0	0.0	0.0	0.0	0.0	0.0	0.0
GSM4138110_HNSCC_1_PBMC_CTGCCTATCACGACTA	46.50289140540948	35.701620841775394	8.46731743217238	0.0	1.5088767608197924	47.47725648652382	0.0	0.0	0.0	2.1980022346261494	0.0	0.0	14.220022952890556	0.0	0.0	0.0	41.0907565227803	0.0	0.0	0.0	0.0	0.0	43.61303791548111	0.0	0.0	0.0	0.0	0.0	0.0	0.0	0.0	0.0	0.0
GSM4138110_HNSCC_1_PBMC_CTGGTCTTCGAGAACG	68.55720035959772	15.30267682713113	8.896957369527515	0.0	0.0	0.0	35.861377024345515	0.0	33.97109964673559	49.7805442348429	0.0	0.0	0.0	0.0	0.0	0.0	0.0	0.0	0.0	0.0	0.0	0.0	0.0	0.0	0.0	0.0	0.0	0.0	0.0	0.0	0.0	0.0	0.0
GSM4138110_HNSCC_1_PBMC_CTGTTTAAGTGGAGTC	65.70825225431743	25.366431895547162	15.775298526133165	0.0	0.0	65.50883019373497	0.0	0.0	0.0	0.0	0.0	0.0	46.70038868457266	0.0	0.0	22.6616965722367	0.0	0.0	0.0	0.0	0.0	0.0	0.0	0.0	0.0	0.0	0.0	0.0	0.0	0.0	0.0	0.0	0.0
GSM4138110_HNSCC_1_PBMC_GAACATCTCCCTAATT	108.0670410382958	80.98246766772688	42.79340411108534	0.0	52.854649097658715	0.0	49.05762375746219	97.09101430652369	0.0	0.0	0.0	0.0	0.0	0.0	27.547357048563505	0.0	0.0	0.0	0.0	0.0	0.0	0.0	0.0	0.0	0.0	0.0	0.0	0.0	0.0	0.0	0.0	0.0	0.0
GSM4138110_HNSCC_1_PBMC_GAACCTATCTGAGGGA	28.123181694757026	42.49854805280681	12.260536696402864	0.0	0.0	47.76547656241394	0.0	0.0	0.0	0.0	29.473297597526617	0.0	0.0	60.915360810222396	0.0	0.0	0.0	0.0	0.0	0.0	0.0	0.0	0.0	0.0	0.0	0.0	0.0	0.0	0.0	0.0	0.0	0.0	0.0
GSM4138110_HNSCC_1_PBMC_GAATGAATCAGTTAGC	101.59492318581894	14.623414469475337	11.552931883777207	0.0	0.0	0.0	51.375682004027084	10.485151771375346	0.0	30.606121895782792	0.0	0.0	0.0	0.0	0.0	0.0	0.0	0.0	0.0	21.802785846700196	0.0	0.0	0.0	0.0	0.0	0.0	0.0	0.0	0.0	0.0	0.0	0.0	0.0
GSM4138110_HNSCC_1_PBMC_GATCGATAGTACACCT	50.631647692617214	100.83401118938525	21.720672498284216	0.0	18.5787357512338	0.0	0.0	0.0	42.78200530381593	0.0	15.133297161272473	0.0	0.0	0.0	43.550342855547036	0.0	0.0	0.0	0.0	0.0	0.0	0.0	0.0	0.0	0.0	0.0	0.0	0.0	0.0	0.0	0.0	0.0	0.0
GSM4138110_HNSCC_1_PBMC_GATCGATTCAGCATGT	95.79551749872917	80.5259714375726	16.229728827505873	32.45120883316237	65.69959333023525	54.89930712375891	0.0	0.0	0.0	0.0	0.0	0.0	0.0	0.0	0.0	0.0	0.0	0.0	0.0	0.0	71.03133241889083	0.0	0.0	0.0	0.0	0.0	0.0	0.0	0.0	0.0	0.0	0.0	0.0
GSM4138110_HNSCC_1_PBMC_GATGAAATCCAAGCCG	50.646327080167254	37.78818274227452	18.013992058897696	25.57665363867058	33.98861767775683	0.0	0.0	0.0	0.0	51.25875105581134	0.0	0.0	0.0	0.0	0.0	0.0	55.88163323436855	0.0	13.472747211182037	0.0	0.0	0.0	0.0	0.0	0.0	0.0	0.0	0.0	0.0	0.0	0.0	0.0	0.0
GSM4138110_HNSCC_1_PBMC_GCACATAAGGTGTGGT	60.746423708704235	51.74255843760225	10.237071613972999	0.0	0.0	44.567360520817225	0.0	0.0	0.0	0.0	0.0	0.0	0.0	0.0	0.0	0.0	0.0	38.56662590364077	0.0	0.0	0.0	0.0	0.0	117.86169682053071	0.0	0.0	0.0	0.0	0.0	0.0	0.0	0.0	0.0
GSM4138110_HNSCC_1_PBMC_GCACTCTGTACAGTGG	39.95845749851042	11.623209317360734	24.101332100348735	0.0	0.0	0.0	0.0	0.0	37.3283932985056	66.7136181575876	0.0	94.28979107244889	0.0	0.0	0.0	0.0	0.0	0.0	0.0	0.0	0.0	0.0	68.82851459759436	0.0	0.0	0.0	0.0	0.0	0.0	0.0	0.0	0.0	0.0
GSM4138110_HNSCC_1_PBMC_GCCTCTAAGTTAAGTG	18.384997033865822	42.189210333096014	14.142996217167543	41.65244995222126	0.0	0.0	0.0	0.0	0.0	0.0	30.993079928637986	0.0	0.0	0.0	0.0	0.0	0.0	0.0	0.0	0.0	48.35106098166964	0.0	0.0	0.0	0.0	0.0	0.0	0.0	0.0	0.0	0.0	0.0	0.0
GSM4138110_HNSCC_1_PBMC_GCCTCTAGTTGAACTC	27.43045784687186	73.71482262935048	8.292732964194334	0.0	0.0	0.0	0.0	0.0	45.42154982505818	0.0	40.547826451505735	0.0	0.0	47.40634327369044	0.0	0.0	0.0	0.0	0.0	0.0	0.0	0.0	0.0	0.0	0.0	0.0	0.0	0.0	0.0	0.0	0.0	0.0	0.0
GSM4138110_HNSCC_1_PBMC_GCGAGAAAGTGACATA	36.809080060515065	69.48423149742662	13.424088583483517	0.0	25.44359401003504	146.13610415178158	73.51850479536054	0.0	0.0	0.0	0.0	0.0	0.0	0.0	0.0	0.0	0.0	0.0	0.0	0.0	0.0	0.0	0.0	0.0	0.0	0.0	0.0	0.0	0.0	0.0	0.0	0.0	0.0
GSM4138110_HNSCC_1_PBMC_GCTGCAGGTCCTCTTG	50.937257655566576	12.796840516261877	26.474109149607685	63.72834665058972	0.0	0.0	0.0	0.0	0.0	0.0	0.0	0.0	23.77511826879166	72.66698527091484	0.0	0.0	0.0	0.0	0.0	0.0	0.0	0.0	0.0	0.0	0.0	0.0	0.0	0.0	0.0	0.0	0.0	0.0	0.0
GSM4138110_HNSCC_1_PBMC_GGAAAGCAGTCAATAG	66.03115428975579	44.86104431833285	12.876184189354003	0.0	41.72239619972935	58.012628292285385	0.0	0.0	14.619818737847833	0.0	0.0	0.0	0.0	21.69320178128481	0.0	56.79409203155289	0.0	0.0	2.219206744274686	0.0	0.0	0.0	0.0	0.0	0.0	0.0	0.0	0.0	0.0	0.0	0.0	0.0	0.0
GSM4138110_HNSCC_1_PBMC_GGAACTTGTTTACTCT	55.49937515005499	52.53298731110671	19.393268468623045	0.0	0.0	0.0	0.0	37.15634044542744	9.761912074209295	0.0	0.0	0.0	29.55898214817953	0.0	0.0	0.0	0.0	0.0	0.0	0.0	0.0	0.0	0.0	7.150611169799436	0.0	34.5614797525007	0.0	0.0	0.0	0.0	0.0	0.0	0.0
GSM4138110_HNSCC_1_PBMC_GGCAATTGTCCTCTTG	41.66889646775493	32.47547453318094	21.976457183344987	10.95446096120878	0.0	0.0	0.0	0.0	0.0	0.0	0.0	0.0	0.0	0.0	0.0	32.297678478785144	0.0	0.0	21.940577718961087	0.0	0.0	0.0	0.0	50.52793607660689	0.0	0.0	0.0	0.0	0.0	0.0	0.0	0.0	0.0
GSM4138110_HNSCC_1_PBMC_GGGACCTAGGCCCTTG	47.41051004036233	40.27666388613967	17.735281363186537	0.0	16.569604019186777	0.0	0.0	0.0	39.006833908578926	0.0	0.0	0.0	0.0	0.0	0.0	38.991804757002654	0.0	0.0	0.0	0.0	0.0	0.0	0.0	0.0	0.0	9.944423392855509	0.0	0.0	0.0	0.0	0.0	0.0	0.0
GSM4138110_HNSCC_1_PBMC_GGGACCTTCGTCCAGG	36.922169332605414	42.80665610280713	15.546775753641366	0.0	34.73782056763412	0.0	0.0	0.0	32.206121509367634	2.0590277969513116	0.0	0.0	9.283651760543718	60.130643911342396	0.0	0.0	0.0	0.0	0.0	0.0	9.157758687053308	0.0	0.0	0.0	0.0	0.0	0.0	0.0	0.0	0.0	0.0	0.0	0.0
GSM4138110_HNSCC_1_PBMC_GGGATGACAATGGTCT	67.07362438178873	31.06927350024688	13.245248933401392	0.0	0.0	0.0	0.0	71.39477041661182	0.0	0.0	12.135656417450958	5.122976108420632	0.0	28.634471173436438	0.0	0.0	0.0	0.0	0.0	0.0	25.82065963014899	0.0	0.0	0.0	0.0	0.0	0.0	0.0	0.0	0.0	0.0	0.0	0.0
GSM4138110_HNSCC_1_PBMC_GGGCACTGTCTAGGTT	61.76029896651046	82.3481583567369	22.176009123823317	81.44337218970104	51.18628615341544	0.0	0.0	0.0	0.0	0.0	0.0	0.0	0.0	0.0	0.0	0.0	0.0	0.0	73.88248382968624	0.0	0.0	0.0	0.0	0.0	0.0	0.0	0.0	0.0	0.0	0.0	0.0	0.0	0.0
GSM4138110_HNSCC_1_PBMC_GGTATTGTCCTTCAAT	57.962028961637024	26.749613703689967	31.92181199014251	0.0	0.0	0.0	0.0	56.60186175033991	0.0	0.0	76.3442675846239	0.0	0.0	0.0	0.0	0.0	0.0	0.0	0.0	0.0	0.0	0.0	0.0	0.0	0.0	17.453614542925582	0.0	0.0	0.0	0.0	0.0	18.336788160817832	0.0
GSM4138110_HNSCC_1_PBMC_GGTGTTACAATCCAAC	62.54003423760974	29.251718273091004	14.71208907007252	0.0	0.0	0.0	0.0	0.0	49.71818615793388	3.2229562023618317	0.0	37.75533867064667	20.575695179955716	0.0	0.0	0.0	0.0	0.0	0.0	14.755780530780216	0.0	0.0	0.0	0.0	0.0	0.0	0.0	0.0	0.0	0.0	0.0	0.0	0.0
GSM4138110_HNSCC_1_PBMC_GGTGTTACAGCCACCA	38.990153864908315	39.2297297030261	36.23367421518675	0.0	0.0	0.0	62.753627547768836	0.0	55.02082193866879	0.0	0.0	0.0	29.426786465099887	0.0	0.0	0.0	0.0	0.0	0.0	0.0	0.0	0.0	0.0	0.0	0.0	0.0	0.0	0.0	0.0	0.0	0.0	0.0	0.0
GSM4138110_HNSCC_1_PBMC_GTAACGTTCGTATCAG	133.85198421124267	88.1369369364423	30.444022691414766	65.0829795147866	0.0	0.0	114.25843267359427	0.0	0.0	80.727066212828	0.0	0.0	0.0	0.0	0.0	0.0	0.0	0.0	0.0	0.0	0.0	0.0	0.0	0.0	0.0	0.0	0.0	0.0	0.0	0.0	0.0	0.0	0.0
GSM4138110_HNSCC_1_PBMC_GTATTCTTCTTCCTTC	68.54557476255675	44.56941715118128	20.61799029322672	0.0	0.0	0.0	58.56584702532443	0.0	55.78616131129758	44.695564848911815	0.0	0.0	0.0	0.0	0.0	0.0	0.0	0.0	0.0	0.0	0.0	0.0	0.0	0.0	0.0	0.0	0.0	0.0	0.0	0.0	0.0	0.0	0.0
GSM4138110_HNSCC_1_PBMC_GTCAAGTGTGGGTATG	35.70554075565815	56.30022804588692	13.965190280565373	0.0	0.0	67.14559277269039	44.918116691400755	0.0	0.0	0.0	0.0	0.0	60.6863576966733	0.0	0.0	0.0	0.0	0.0	0.0	0.0	0.0	0.0	0.0	0.0	0.0	0.0	0.0	0.0	0.0	0.0	0.0	0.0	0.0
GSM4138110_HNSCC_1_PBMC_GTCACGGGTGCAACGA	0.0	37.93184401506228	0.0	504.0232040849678	0.0	0.0	0.0	0.0	0.0	0.0	961.6122822073452	0.0	0.0	0.0	0.0	0.0	0.0	0.0	0.0	0.0	0.0	0.0	0.0	0.0	55.76196576552347	0.0	0.0	0.0	0.0	0.0	0.0	0.0	0.0
GSM4138110_HNSCC_1_PBMC_GTGCGGTCAAGGTGTG	35.32779932809455	36.639544419817405	2.1303026704561794	83.03972132459823	79.5192873254383	0.0	0.0	0.0	0.0	0.0	0.0	0.0	0.0	0.0	9.048016158438807	0.0	0.0	0.0	0.0	0.0	0.0	61.515633636235414	0.0	0.0	0.0	0.0	0.0	0.0	0.0	0.0	0.0	0.0	0.0
GSM4138110_HNSCC_1_PBMC_GTGTGCGAGGAGCGAG	39.09517937605884	38.68749073584369	11.355094158099021	37.39922097515891	0.0	0.0	0.0	0.0	0.0	0.0	27.412283528123044	0.0	0.0	0.0	127.80591585030969	0.0	0.0	0.0	0.0	0.0	0.0	0.0	0.0	0.0	0.0	0.0	0.0	0.0	0.0	0.0	0.0	0.0	0.0
GSM4138110_HNSCC_1_PBMC_GTGTGCGCAAGTCATC	62.58000264799786	39.23924744827468	13.460419304011644	104.51785179794597	0.0	0.0	4.633156062330282	0.0	0.0	0.0	0.0	0.0	24.704566088728853	0.0	38.20563584603872	0.0	0.0	0.0	0.0	0.0	0.0	0.6787237358813115	0.0	0.0	0.0	0.0	0.0	0.0	0.0	8.435791296769079	0.0	0.0	0.0
GSM4138110_HNSCC_1_PBMC_TAAACCGTCATCTGTT	60.979098052385865	67.85185086988828	14.789404439033275	72.02942491014775	0.0	0.0	0.0	0.0	0.0	0.0	29.70074806689865	24.153006148321683	0.0	10.180237978621527	0.0	0.0	0.0	0.0	0.0	0.0	0.0	0.0	0.0	0.0	0.0	10.500714735263657	0.0	0.0	0.0	0.0	0.0	0.0	0.0
GSM4138110_HNSCC_1_PBMC_TAAGCGTCAATGGATA	141.75647861926373	47.051019968530646	42.56496391707311	0.0	75.9885996973598	30.59988173620335	60.50784673092602	0.0	0.0	0.0	0.0	0.0	0.0	0.0	0.0	0.0	0.0	0.0	0.0	0.0	0.0	0.0	0.0	0.0	0.0	0.0	0.0	0.0	0.0	0.0	0.0	0.0	0.0
GSM4138110_HNSCC_1_PBMC_TACACGATCCTGCCAT	107.83032935833565	64.25625417657643	63.64215199973566	0.0	75.90506822159809	0.0	6.688278521031084	59.27210238343588	0.0	13.16877581540316	0.0	0.0	0.0	0.0	14.388654251082011	0.0	0.0	0.0	0.0	8.3713079966278	0.0	42.25981295429136	0.0	0.0	0.0	0.0	0.0	0.0	0.0	0.0	0.0	0.0	0.0
GSM4138110_HNSCC_1_PBMC_TACCTTAAGGCTAGAC	52.41041729368109	82.2954383237262	24.533414430723738	55.988930801109724	7.228046177904448	0.0	0.0	0.0	0.0	25.061988981865326	0.0	42.81970330724536	0.0	0.0	9.34398543667915	0.0	0.0	0.0	0.0	0.0	0.0	0.0	1.912964102498352	0.0	0.0	0.9410812123127432	0.0	0.0	0.0	0.0	0.0	0.0	0.0
GSM4138110_HNSCC_1_PBMC_TACGGATCAGGGTATG	81.36705510413329	36.89862823197803	16.065730876224794	0.0	0.0	0.0	0.0	8.730895856615911	50.58160492546071	0.0	0.0	0.0	35.0921281595942	0.0	0.0	60.32763154849131	0.0	0.0	0.0	0.0	0.0	0.0	0.0	0.0	0.0	0.0	0.0	0.0	0.0	0.0	0.0	0.0	0.0
GSM4138110_HNSCC_1_PBMC_TAGAGCTCAGATGGCA	107.50849773923784	40.13185129305589	9.983809224755573	42.49653852405787	0.0	0.0	0.0	0.0	0.0	65.57165077697789	0.0	0.0	0.0	0.0	36.06332373480531	0.0	0.0	0.0	0.0	0.0	0.0	0.0	0.0	0.0	0.0	0.0	0.0	0.0	0.0	0.0	0.0	0.0	0.0
GSM4138110_HNSCC_1_PBMC_TAGCCGGAGAAGGCCT	74.82226700496844	58.00672663755389	19.948841559152466	55.563379390519025	50.90261778393645	0.0	0.0	0.0	0.0	0.0	0.0	0.0	0.0	0.0	53.57305094675222	0.0	0.0	0.0	0.0	0.0	0.0	0.0	0.0	0.0	0.0	0.0	0.0	0.0	0.0	0.0	0.0	0.0	0.0
GSM4138110_HNSCC_1_PBMC_TATCTCAAGGTGCACA	93.84137159998384	31.040286091976494	15.895652689458101	0.0	0.0	0.0	0.0	26.42906331839656	0.0	0.0	34.62088441418968	0.0	0.0	0.0	0.0	27.52790331661663	0.0	0.0	0.0	0.0	0.0	0.0	0.0	0.0	0.0	0.0	0.0	0.0	0.0	0.0	0.0	0.0	0.0
GSM4138110_HNSCC_1_PBMC_TCACAAGGTTCATGGT	44.742677876130514	53.14607224896365	8.627655410369506	36.92696446852265	5.87832536717056	0.0	0.0	0.0	0.0	12.225925005236975	0.0	0.0	0.0	0.0	0.0	0.0	0.0	0.0	0.0	0.0	17.22724761400211	0.0	42.54576990225235	0.0	0.0	0.0	0.0	0.0	0.0	0.0	0.0	0.0	0.0
GSM4138110_HNSCC_1_PBMC_TCACAAGTCTTGACGA	163.47221274972532	172.57433414925904	43.87718216913499	0.0	274.9730318538816	170.78315328873006	0.0	0.0	0.0	0.0	0.0	0.0	0.0	0.0	208.6138668206855	0.0	0.0	0.0	0.0	0.0	0.0	0.0	0.0	0.0	0.0	0.0	0.0	0.0	38.64620397247973	0.0	0.0	0.0	0.0
GSM4138110_HNSCC_1_PBMC_TCGAGGCTCGGAAATA	65.61858602061265	54.108832068275	17.81016575266721	75.30318132423655	39.23880512804107	0.0	0.0	0.0	0.0	0.0	0.0	32.69970374229163	0.0	0.0	0.0	0.0	0.0	0.0	0.0	0.0	45.670898446086014	0.0	0.0	0.0	0.0	0.0	0.0	0.0	0.0	0.0	0.0	0.0	0.0
GSM4138110_HNSCC_1_PBMC_TCTATTGGTTTAGGAA	46.39872346414087	53.50144042885957	14.221039501460183	48.069736911348144	37.55927216229687	6.505892193336546	50.793754005897796	0.705347350763709	0.0	0.0	0.0	0.0	0.0	0.0	0.0	0.0	0.0	0.0	0.0	0.0	0.0	0.0	0.0	0.0	0.0	0.0	0.0	0.0	0.0	0.0	0.0	0.0	0.0
GSM4138110_HNSCC_1_PBMC_TCTATTGTCATCTGCC	49.628670475029224	75.47354149106319	1.0300046915149765	0.0	0.0	7.274595697513962	0.0	0.0	0.0	0.0	0.0	17.87062898749641	29.603113805656577	0.0	0.0	0.0	0.0	0.0	0.0	7.426807994451181	0.0	0.0	0.0	0.0	0.0	0.0	0.0	0.0	0.0	0.0	0.0	0.0	0.0
GSM4138110_HNSCC_1_PBMC_TCTTCGGCACCCTATC	45.146974026167605	58.971119399903266	7.235594851004337	0.0	30.859329323738685	87.0458064679791	0.0	0.0	0.0	0.0	0.0	0.0	0.0	56.54144586523317	0.0	0.0	0.0	0.0	0.0	0.0	0.0	0.0	0.0	0.0	0.0	0.0	0.0	0.0	0.0	0.0	0.0	0.0	0.0
GSM4138110_HNSCC_1_PBMC_TGGGCGTTCACAGGCC	0.0	0.0	0.0	0.0	0.0	0.0	0.0	0.0	0.0	0.0	0.0	0.0	2558.422484491323	0.0	0.0	0.0	0.0	0.0	0.0	131.8398288096206	0.0	0.0	0.0	0.0	0.0	0.0	0.0	0.0	0.0	0.0	0.0	0.0	0.0
GSM4138110_HNSCC_1_PBMC_TGTGTTTGTTAAAGAC	83.4560028481513	50.41844738796149	23.759749597027596	0.0	101.66958726589051	101.79063709768604	0.0	0.0	0.0	36.74977249724193	0.0	0.0	0.0	56.8474707799072	0.0	0.0	0.0	0.0	0.0	0.0	0.0	0.0	0.0	0.0	0.0	0.0	45.229910552974154	0.0	0.0	0.0	0.0	0.0	0.0
GSM4138110_HNSCC_1_PBMC_TGTTCCGCACGGCGTT	148.01692527966551	218.141026137133	37.635593358370535	57.95657792748042	98.77557130611797	69.89080532694331	95.65707416573292	0.0	0.0	0.0	57.53674652812574	0.0	0.0	0.0	0.0	27.209539049955367	0.0	0.0	0.0	0.0	0.0	0.0	0.0	0.0	0.0	0.0	0.0	0.0	0.0	0.0	60.138306119670425	0.0	0.0
GSM4138110_HNSCC_1_PBMC_TTAGGCAAGGCTAGCA	114.63966277428817	59.415108096294176	31.603210034338538	0.0	41.77515435234856	46.71908720564422	0.0	0.0	0.0	0.0	0.0	0.0	0.0	0.0	41.606037777059925	0.0	0.0	0.0	0.007814004714741009	0.0	0.0	0.0	0.0	0.0	0.0	0.0	0.0	0.0	0.0	0.0	0.0	0.0	0.0
GSM4138110_HNSCC_1_PBMC_TTCCCAGCACATGGGA	29.17577054823858	20.262709494160333	7.025648107196133	0.0	0.0	61.582470425956174	0.0	0.0	0.0	79.947585635051	0.0	0.0	0.0	0.0	0.0	0.0	7.5025036737279525	0.0	0.0	0.0	0.0	0.0	0.0	0.0	0.0	0.0	0.0	0.0	0.0	0.0	42.24708816783289	0.0	0.0
GSM4138110_HNSCC_1_PBMC_TTCGGTCAGACCCACC	39.24329031441172	63.79419407822417	12.325553991735282	32.076236332229975	20.34876940520302	0.0	56.25168185542295	0.0	0.0	0.0	0.0	0.0	0.0	0.0	0.0	0.0	0.0	0.0	0.0	0.0	0.0	0.0	0.0	0.0	0.0	0.0	0.0	0.0	0.0	0.0	0.0	0.0	0.0
GSM4138110_HNSCC_1_PBMC_TTCTCCTTCCTCAATT	39.05893569908485	51.235356636295435	21.721291351527295	0.0	44.014290591923356	77.41946071056597	1.1597545339352702	0.0	0.0	0.0	0.0	0.0	0.0	0.0	40.95813072841112	0.0	0.0	0.0	0.0	0.0	0.0	0.0	0.0	0.0	0.0	0.0	0.0	0.0	0.0	0.0	0.0	0.0	0.0
GSM4138110_HNSCC_1_PBMC_TTGAACGGTCGAAAGC	43.71184658842293	40.2947263733954	11.61503823463783	26.758061248245404	0.0	18.587051970267627	0.0	0.0	0.0	0.0	0.0	0.0	27.076055194300306	49.84273583218075	0.0	0.0	0.0	0.0	0.0	1.9295595725297	0.0	0.0	0.0	0.6459470094584853	0.0	0.0	0.0	0.0	0.0	0.0	0.0	0.0	0.0
GSM4138110_HNSCC_1_PBMC_TTGCCGTAGTCAAGCG	31.487410757074866	42.55767185641066	13.453521486471763	57.27575571087742	0.0	0.0	0.0	0.0	0.0	0.0	0.0	0.0	38.11205236307644	0.0	0.0	0.0	0.0	0.0	89.13241987357442	0.0	0.0	0.0	0.0	0.0	0.0	0.0	0.0	0.0	0.0	0.0	0.0	0.0	0.0
GSM4138110_HNSCC_1_PBMC_TTGCGTCTCAAGGCTT	64.82180120816521	49.05792008273586	24.904813580437146	0.0	37.24036800882474	73.24873246860399	55.19482568531702	0.0	0.0	0.0	0.0	0.0	0.0	0.0	0.0	0.0	0.0	0.0	0.0	0.0	0.0	0.0	0.0	0.0	0.0	0.0	0.0	0.0	0.0	0.0	0.0	0.0	0.0
GSM4138110_HNSCC_1_PBMC_TTTATGCGTGCATCTA	46.044263546517186	29.59715139991333	6.6994026466368775	0.0	0.0	0.0	0.0	0.0	60.555406708372765	11.263848014723278	0.0	0.0	0.0	0.0	0.0	0.0	35.13067362773996	0.0	0.0	0.0	0.0	0.0	0.0	0.0	0.0	0.0	0.0	0.0	0.0	0.0	0.0	0.0	0.0
GSM4138110_HNSCC_1_PBMC_TTTGCGCTCTTGTACT	68.78855865177864	60.59506288008021	16.651085501208883	22.73785966230589	13.08144315335172	0.0	0.0	0.0	0.0	9.340238545647221	0.0	0.0	0.0	0.0	0.0	16.447518772387014	0.0	0.0	0.0	0.0	0.0	0.0	0.0	0.0	0.0	0.0	60.27044450551084	0.0	0.0	0.0	0.0	0.0	0.0
GSM4138110_HNSCC_1_PBMC_TTTGGTTCACTTCTGC	105.68236510807964	57.621868950735696	36.02593537193533	81.2178981233873	48.77192349946675	10.205877109854917	0.6232942199785361	27.502129162895567	0.0	0.0	0.0	0.0	0.0	0.0	0.0	0.0	0.0	0.0	0.0	0.0	68.1516801665923	0.0	0.0	0.0	0.0	0.0	0.0	1.310617230770444	0.0	0.0	0.0	0.0	0.0
GSM4138110_HNSCC_1_PBMC_CTACACCAGTTGTAGA	143.64454380001837	173.13573850251936	19.728764489522685	58.49260056013585	72.26414084548288	0.0	0.0	0.0	0.0	0.0	0.0	0.0	0.0	123.8076485428324	0.0	0.0	0.0	0.0	0.0	0.0	0.0	0.0	0.0	0.0	0.0	0.0	0.0	0.0	0.0	0.0	0.0	0.0	0.0
GSM4138110_HNSCC_1_PBMC_AACTGGTGTCAGAATA	45.50240058794454	53.2759639010312	11.257301925257163	0.0	25.829071355440696	0.0	0.0	0.0	62.747060195002696	0.0	0.0	0.0	0.0	42.733875140246155	0.0	0.0	0.0	0.0	0.0	0.0	0.0	0.0	0.0	0.0	0.0	0.0	0.0	0.0	0.0	0.0	0.0	0.0	0.0
GSM4138110_HNSCC_1_PBMC_AAACGGGTCCTCAACC	44.78981347769285	54.90858664141292	11.248239030660237	0.0	0.0	49.51585191571064	0.0	0.0	0.0	32.40865970919339	0.0	0.0	0.0	0.0	0.0	0.0	0.0	45.18192222192079	0.0	0.0	0.0	0.0	0.0	0.0	0.0	0.0	0.0	0.0	0.0	0.0	0.0	0.0	0.0
GSM4138110_HNSCC_1_PBMC_AAGGCAGAGGCGTACA	49.69074887939081	36.82549514492	30.25630788759866	0.0	13.791802797697343	70.35291221608428	57.664792153209085	0.0	0.0	8.26414911329067	0.0	0.0	0.0	0.0	0.0	0.0	0.0	0.0	0.0	1.9988224597047575	0.0	0.0	0.0	0.0	0.0	0.0	0.0	0.0	0.0	0.0	0.0	0.0	0.0
GSM4138110_HNSCC_1_PBMC_ACATGGTCAATGGAGC	108.0650778166231	58.02285650465011	25.495840527455666	0.0	35.35895076154404	0.0	9.784223953665823	74.21388646385005	0.0	0.0	0.0	30.118247734854926	0.0	0.0	0.0	0.0	0.0	0.0	0.0	0.0	0.0	0.0	0.0	0.0	0.0	0.0	0.0	0.0	0.0	0.0	0.0	0.0	0.0
GSM4138110_HNSCC_1_PBMC_ACGATGTGTTATCACG	45.90038409879578	52.200463147055586	21.58887423330559	41.92687683703398	8.008981790049953	0.0	0.0	0.0	0.0	0.0	0.0	0.0	0.0	0.0	0.0	0.0	0.0	0.0	47.322046344404455	20.192579961432706	0.0	0.0	0.0	0.0	0.0	0.0	0.0	0.0	0.0	0.0	0.0	0.0	0.0
GSM4138110_HNSCC_1_PBMC_ACGGCCATCTCCCTGA	96.81976268942634	78.80384458257066	29.42387508051664	0.0	55.28688716121738	62.88802543867765	0.0	0.0	0.0	6.41477747630151	0.0	0.0	0.0	0.0	0.0	0.0	0.0	9.548399952949875	0.0	0.0	0.0	0.0	0.0	0.0	80.27303404219572	0.0	0.0	0.0	0.0	0.0	0.0	0.0	0.0
GSM4138110_HNSCC_1_PBMC_AGCTCTCTCATTGCCC	100.07515816273099	91.83981318979798	67.44886029720858	77.23201024402893	122.2393716249429	0.0	0.0	0.0	0.0	0.0	0.0	0.0	0.0	0.0	0.0	0.0	0.0	0.0	0.0	0.0	0.0	75.37457693621754	0.0	0.0	0.0	0.0	0.0	0.0	0.0	0.0	0.0	0.0	0.0
GSM4138110_HNSCC_1_PBMC_AGGTCATTCTCTAGGA	66.21582121334266	74.80528628443837	7.210827051392056	0.0	58.98046673528587	0.0	0.0	58.07978031512352	0.0	0.0	0.0	0.0	0.0	53.464523935588005	0.0	0.0	0.0	0.0	0.0	0.0	0.0	0.0	0.0	0.0	0.0	0.0	0.0	0.0	0.0	0.0	0.0	0.0	0.0
GSM4138110_HNSCC_1_PBMC_ATAGACCTCTGGTGTA	33.80746691080637	73.93025074233812	19.292760828239842	28.59643480002082	41.01565430374844	9.956721325670287	0.0	0.0	0.0	0.0	0.0	0.0	0.0	0.0	111.43609056450134	0.0	0.0	0.0	0.0	0.0	0.0	0.0	0.0	0.0	0.0	0.0	0.0	0.0	0.0	0.0	0.0	0.0	0.0
GSM4138110_HNSCC_1_PBMC_ATAGACCTCTTCCTTC	44.84697913938657	53.61065391473979	10.33384463746001	0.0	43.056239202425786	0.0	0.0	21.820319821098906	0.0	0.3437939904560997	0.0	0.0	0.0	0.0	30.653034214676428	0.0	0.0	0.0	0.0	0.0	0.0	0.0	0.0	0.0	0.0	0.0	0.0	0.0	0.0	0.0	0.0	0.0	0.0
GSM4138110_HNSCC_1_PBMC_ATCTACTCACTGTGTA	35.02795827780227	79.29606252435991	24.099462473064055	0.0	48.03860237488558	0.0	0.0	53.287280277217306	0.0	0.0	14.33483072519636	0.0	0.0	0.0	0.0	1.0158903685433784	0.0	66.31303701980654	0.0	0.0	0.0	0.0	0.0	0.0	0.0	0.0	0.0	0.0	0.0	0.0	0.0	0.0	0.0
GSM4138110_HNSCC_1_PBMC_ATCTGCCAGGAATCGC	59.83886808482021	69.68370122660512	25.32141198559986	56.22667692767926	56.268496428045395	0.028023681318772878	0.0	0.0	0.0	0.0	0.0	0.0	0.0	0.0	0.0	48.643542356044556	0.0	0.0	0.0	0.0	0.0	0.0	0.0	0.0	0.0	0.0	0.0	0.0	0.0	0.0	0.0	0.0	0.0
GSM4138110_HNSCC_1_PBMC_ATGGGAGCATGGGAAC	63.2613129400668	111.69618779132848	11.91982435227346	188.22864186267276	0.0	0.0	0.0	0.0	0.0	0.0	255.63169461901398	0.0	0.0	88.93777266938184	0.0	0.0	0.0	0.0	0.0	0.0	0.0	0.0	0.0	0.0	0.0	0.0	26.268864001860788	0.0	0.0	0.0	0.0	0.0	0.0
GSM4138110_HNSCC_1_PBMC_ATGTGTGGTAGCTGCC	38.5713286294411	13.321430810203712	18.951206548787074	10.631035256179818	42.91008210001542	2.5583381300721344	0.0	0.0	0.0	0.0	0.0	0.0	0.0	0.0	0.0	0.0	0.0	119.53718259177143	0.0	0.0	0.0	0.0	0.0	0.0	0.0	0.0	0.0	0.0	0.0	0.0	0.0	0.0	0.0
GSM4138110_HNSCC_1_PBMC_CACAAACCATCCCACT	81.88827528343724	92.18905839247911	14.06968653753153	18.71399647782806	54.53363547702672	26.212720799985103	0.0	0.0	0.0	0.0	0.0	0.0	0.0	0.0	0.0	0.0	0.0	0.0	0.0	0.0	0.0	51.269707937161726	0.0	0.0	0.0	0.0	0.0	0.0	0.0	0.0	0.0	0.0	0.0
GSM4138110_HNSCC_1_PBMC_CACCACTAGTTACCCA	43.87812425842468	77.36537966780708	23.178437536052634	0.0	56.21070378973479	63.97515299276018	29.107599497343426	0.0	0.0	0.0	0.0	0.0	0.0	0.0	0.0	0.0	40.83483194163011	0.0	0.0	0.0	0.0	0.0	0.0	0.0	0.0	0.0	0.0	0.0	0.0	0.0	0.0	0.0	0.0
GSM4138110_HNSCC_1_PBMC_CATGCCTTCAGCTCTC	85.61131857099106	40.908982608099926	24.552973643369974	12.35222768763172	68.44455507520635	64.56458420486342	0.0	0.0	0.0	0.0	0.0	0.0	0.0	0.0	0.0	0.0	13.789198630967503	0.0	41.88796812544701	0.0	0.0	0.0	0.0	0.0	0.0	0.0	11.892148273559783	0.0	0.0	0.0	0.0	0.0	0.0
GSM4138110_HNSCC_1_PBMC_CATGGCGCATGTTCCC	46.28050573262812	67.96933736536307	23.49983977724527	27.29415078717977	79.04042299513074	0.0	104.43017037277586	0.0	0.0	0.0	0.0	0.0	0.0	0.0	0.0	0.0	0.0	0.0	0.0	0.0	0.0	0.0	0.0	0.0	0.0	0.0	0.0	0.0	0.0	0.0	0.0	0.0	0.0
GSM4138110_HNSCC_1_PBMC_CCACCTAGTAGTACCT	64.43281698003176	72.54978296309648	15.513580669251448	0.0	19.588684056710672	0.0	0.0	0.0	92.6424729802009	25.167587284085144	0.0	0.0	1.6023678412657796	0.0	36.19270772039292	0.0	0.0	0.0	0.0	0.644760667683951	0.0	0.0	0.0	0.0	0.0	0.0	0.0	0.0	0.0	0.0	0.0	0.0	0.0
GSM4138110_HNSCC_1_PBMC_CCGTTCAGTATATCCG	176.10729274409627	58.242015726319224	44.014925086883736	0.0	0.0	23.218531848909347	0.0	0.0	0.0	73.5487704027064	0.0	0.0	0.0	5.187216172657298	54.992357257389315	0.0	0.0	0.0	0.0	0.0	0.0	0.0	0.0	0.0	0.0	0.0	0.0	0.0	0.0	0.0	0.0	0.0	0.0
GSM4138110_HNSCC_1_PBMC_CCTACACGTCCGAAGA	26.02225090407856	24.857553668788913	12.07292064150875	0.0	25.401617412478682	0.0	9.840393722213541	63.95185472518403	0.0	20.46967213240112	0.0	29.85152139351423	0.0	0.0	0.0	0.0	0.0	0.0	0.0	0.0	0.0	0.0	0.0	0.0	0.0	0.0	0.0	0.0	0.0	0.0	0.0	0.0	0.0
GSM4138110_HNSCC_1_PBMC_CCTCTGAGTCGCGAAA	101.3253155554304	99.33269659856394	26.037142061474665	72.14397559182947	68.29776442164473	0.8801172663520582	0.0	0.0	0.0	0.0	0.0	0.0	0.0	80.3559668872725	0.0	0.0	0.0	0.0	0.0	0.0	0.0	0.0	0.0	0.0	0.0	0.0	0.0	0.0	0.0	0.0	0.0	0.0	0.0
GSM4138110_HNSCC_1_PBMC_CGCTGGAAGGCATGTG	37.91703616629992	56.58503256523768	23.079914917752333	12.523244484361463	0.2719126125957141	36.077465595480255	0.0	0.0	0.0	0.0	0.0	30.264718409316163	57.89049021511508	0.0	0.0	28.21126255515024	0.0	0.0	18.4364249478426	0.0	0.0	0.0	0.0	0.0	0.0	0.0	0.0	0.0	0.0	0.0	0.0	0.0	0.0
GSM4138110_HNSCC_1_PBMC_CGGAGTCTCACAATGC	54.05759941069537	50.17554014706024	15.367749340603737	0.0	13.385118035960186	60.69756211198782	48.30478668453799	0.0	0.0	16.83427633822705	0.0	0.0	1.2917556056830108	0.0	0.0	0.0	0.0	0.0	0.0	0.9875172233878713	0.0	9.418111442404577	0.0	0.0	0.0	0.0	0.0	0.0	0.0	0.0	0.0	0.0	0.0
GSM4138110_HNSCC_1_PBMC_CGGCTAGAGCTACCGC	72.84143134589658	78.4214727335933	19.939815994669296	38.88386245269435	0.0	0.0	0.0	0.0	0.0	0.0	0.0	0.0	0.0	0.0	0.0	0.0	78.98123354327966	0.0	0.0	47.87092186015154	0.0	0.0	0.0	0.0	0.0	0.0	0.0	0.0	0.0	0.0	0.0	0.0	0.0
GSM4138110_HNSCC_1_PBMC_CGTTGGGCAAGCCGCT	80.99620282522068	14.12196307812997	37.48240779460088	0.0	58.00410532900044	0.0	0.0	33.75059413738462	0.0	0.0	0.0	0.0	0.0	0.0	0.0	0.0	2.3368698397296797	0.0	0.0	0.0	38.3122563048704	0.0	0.0	0.0	0.0	0.0	0.0	0.0	0.0	0.0	0.0	0.0	0.0
GSM4138110_HNSCC_1_PBMC_CTCAGAAGTCCGACGT	61.83482772779498	28.33290445606525	6.370282517345566	39.87824065000955	38.79913434657739	17.233905985964622	0.0	0.0	0.0	0.0	0.0	0.0	0.0	0.0	0.0	62.87351834919425	0.0	0.0	0.0	0.0	0.0	0.0	0.0	0.0	0.0	0.0	0.0	0.0	0.0	0.0	0.0	0.0	0.0
GSM4138110_HNSCC_1_PBMC_CTCGTACCACGCGAAA	56.1843507515755	55.49054978846129	16.39756063899208	0.0	0.0	45.22335178720805	0.7004969649796485	0.0	0.0	43.36039672937285	0.0	0.0	0.0	0.0	0.0	0.0	42.12558167232625	0.0	0.0	0.0	0.0	0.0	0.0	0.0	0.0	0.0	0.0	0.0	0.0	0.0	0.0	0.0	0.0
GSM4138110_HNSCC_1_PBMC_GAAATGAAGAGCCTAG	70.33411985494013	121.69928155147174	25.366716534039266	0.0	34.99238477041162	0.0	73.62761219594637	98.96641175161662	0.0	29.30100441453177	0.0	0.0	0.0	0.0	0.0	0.0	0.0	0.0	0.0	7.976359468963758	0.0	0.0	0.0	0.0	0.0	0.0	0.0	0.0	0.0	0.0	0.0	0.0	0.0
GSM4138110_HNSCC_1_PBMC_GACGTTATCTAACCGA	27.653194791668152	62.86930575931619	17.18739778166009	49.117724464904825	0.0	0.0	0.0	0.0	0.0	75.38037731645922	0.0	0.0	0.0	0.0	0.0	0.0	0.0	0.0	48.02028085011554	0.0	0.0	0.0	0.0	0.0	0.0	0.0	0.0	0.0	0.0	0.0	0.0	0.0	0.0
GSM4138110_HNSCC_1_PBMC_GACTGCGTCGGCATCG	57.51973973425909	52.60689155172055	25.659469892881567	0.0	0.0	42.961238561346214	0.0	0.0	0.0	0.0	0.0	0.0	49.287933571784535	0.0	0.0	24.331650200435245	4.082275271125695	0.0	0.0	0.0	0.0	0.0	0.0	0.0	0.0	0.0	41.08823684735797	0.0	0.0	0.0	0.0	0.0	0.0
GSM4138110_HNSCC_1_PBMC_GATGAGGAGGCTAGCA	56.2397008676749	40.152886600867454	20.725810651026276	0.0	35.168585420735546	39.728913171208646	0.0	0.0	0.0	0.0	0.0	0.0	0.0	0.0	0.0	0.0	0.0	0.0	0.0	0.0	0.0	0.0	0.0	0.0	69.05396223502613	0.0	0.0	0.0	0.0	0.0	0.0	0.0	0.0
GSM4138110_HNSCC_1_PBMC_GATTCAGCACCACGTG	54.3237634223299	57.52820658816321	19.414414109984836	0.0	0.0	13.178223268059472	0.0	0.0	0.0	0.0	0.0	0.0	51.70546253792942	38.00193744830078	0.0	0.0	0.0	0.0	0.0	0.0	26.056991859063306	0.0	0.0	0.0	0.0	0.0	0.0	0.0	0.0	0.0	0.0	0.0	0.0
GSM4138110_HNSCC_1_PBMC_GCAATCAGTAGCTCCG	47.03289078128774	30.123418101518137	19.139206449889084	0.0	0.0	33.664359927916124	0.0	0.0	0.0	15.48314502856265	0.0	0.0	17.865856772895864	47.06090238969329	0.0	0.0	0.0	0.0	0.0	0.0	0.0	0.0	0.0	0.0	0.0	0.0	0.0	0.0	0.0	0.0	0.0	0.0	0.0
GSM4138110_HNSCC_1_PBMC_GCGACCAGTAGCCTAT	88.0802432199652	54.10836269323144	29.238350552385864	0.0	0.0	78.07908284372833	0.0	0.0	0.0	0.0	0.0	0.0	53.13936874826455	0.0	0.0	55.874891656452334	0.0	0.0	0.0	0.0	0.0	0.0	0.0	0.0	0.0	0.0	0.0	0.0	0.0	0.0	0.0	0.0	0.0
GSM4138110_HNSCC_1_PBMC_GCTTCCATCTCATTCA	75.10540360082317	22.196850002806954	9.508823408005126	80.28975489274215	28.523003584903297	0.0	0.0	0.0	0.0	0.0	0.0	0.0	0.0	0.0	54.91564368384817	0.0	0.0	0.0	0.0	5.404122299284046	0.0	0.0	0.0	0.0	0.0	0.0	0.0	0.0	0.0	0.0	0.0	0.0	0.0
GSM4138110_HNSCC_1_PBMC_GCTTGAAAGACCTTTG	48.09957210017501	37.85489462234696	9.699383682900757	10.917582590099943	19.36331321712531	0.0	0.0	26.456650103747048	0.0	0.0	0.0	0.0	0.0	0.0	0.0	49.7745717215171	0.0	0.0	0.0	0.0	0.0	0.0	0.0	0.0	0.0	0.0	0.0	0.0	0.0	0.0	0.0	0.0	0.0
GSM4138110_HNSCC_1_PBMC_GGACAAGGTAATTGGA	42.00653573053744	54.94650144179011	13.940102543034698	3.8489729299282334	56.71267191143916	0.0	70.18862389453969	19.0557549778759	21.640664845394888	0.0	0.0	0.0	0.0	0.0	0.0	0.0	0.0	0.0	0.0	0.0	0.0	0.0	0.0	0.0	0.0	0.0	0.0	0.0	0.0	0.0	0.0	0.0	0.0
GSM4138110_HNSCC_1_PBMC_GGCGTGTAGCACGCCT	53.331828411137	36.21311523549878	30.90794921198737	31.355959920230013	26.14163040425797	8.348682962770848	12.34719292631805	0.0	0.0	0.0	0.0	0.0	0.0	21.291664978919414	0.0	0.0	0.0	0.0	0.0	0.0	0.0	0.0	0.0	0.0	0.0	0.0	0.0	0.0	0.0	0.0	0.0	0.0	0.0
GSM4138110_HNSCC_1_PBMC_GGCGTGTAGCGTTTAC	49.696089368301934	45.23052814341646	15.045749522918884	33.29351416356734	25.045166522749827	0.0	0.0	0.0	0.0	0.0	0.0	0.0	0.0	0.0	0.0	0.0	0.0	0.0	0.0	0.0	0.0	30.903449262215933	0.0	0.0	0.0	0.0	0.0	0.0	0.0	0.0	0.0	0.0	0.0
GSM4138110_HNSCC_1_PBMC_GGCTGGTCAATGGACG	71.12078572372857	109.79299205316607	19.600129041225404	29.872561651614266	37.42362903930298	0.0	52.296096229024506	0.8366270103508232	0.0	0.0	20.215148955919542	0.0	0.0	0.0	0.0	0.0	59.75655737566623	0.0	0.0	0.0	0.0	0.0	0.0	0.0	0.0	0.0	0.0	0.0	0.0	0.0	0.0	0.0	0.0
GSM4138110_HNSCC_1_PBMC_GGGAATGTCAGCTGGC	67.34374683760437	63.30088883090419	20.347922911227467	80.97679496606285	59.29529349301318	0.0	0.0	0.0	0.0	0.0	0.0	41.81180189136609	0.0	18.030715551862404	0.0	0.0	0.0	0.0	0.0	0.0	9.033450126115284	0.0	0.0	0.0	0.0	0.0	0.0	0.0	0.0	0.0	0.0	0.0	0.0
GSM4138110_HNSCC_1_PBMC_GGGTTGCAGATCGGGT	70.85383095279848	53.27575049456456	12.823828283447941	7.6950060630117045	0.0	48.956541318043904	0.0	0.0	0.0	0.0	41.85439158017385	44.226023155672124	0.0	0.0	0.0	0.0	0.0	0.0	0.0	0.0	0.0	0.0	0.0	0.0	0.0	0.0	0.0	0.0	0.0	0.0	0.0	0.0	0.0
GSM4138110_HNSCC_1_PBMC_GGTATTGCACATTAGC	68.40287471836308	58.71462067209605	17.773998596217112	4.118398923308263	0.0	0.0	0.0	0.0	0.0	0.0	29.057220272568113	0.0	0.0	0.0	0.0	0.0	0.0	0.0	0.0	0.0	0.0	0.0	0.0	0.0	51.20794023753884	0.0	0.0	0.0	0.0	0.0	0.0	0.0	0.0
GSM4138110_HNSCC_1_PBMC_GGTGTTAGTGTGACCC	47.708552972133226	72.96506411890398	9.45328538192411	15.100591628531022	0.0	13.28106067455557	0.0	0.0	0.0	35.945592027784286	5.653629020671525	0.0	0.0	0.0	0.0	0.0	36.031566749739916	28.28905898820534	0.0	0.0	0.0	0.0	0.0	0.0	0.0	0.0	0.0	0.0	0.0	0.5453178908985568	0.0	0.0	0.0
GSM4138110_HNSCC_1_PBMC_GTCACAAGTATCACCA	36.537276249665	36.7511845519684	14.872765324068746	43.76247956188916	0.0	22.75361119497759	37.93148255850451	0.0	0.0	0.0	63.337370572686325	0.0	0.0	0.0	0.0	0.10022630613490556	10.847285037542973	0.0	0.0	0.0	14.935138091539795	0.0	0.0	0.0	0.0	0.0	0.0	0.0	0.0	0.0	0.0	0.0	0.0
GSM4138110_HNSCC_1_PBMC_GTCACAATCGCAAGCC	62.20592650595085	54.5203475334959	16.91772605483939	0.0	0.0	0.0	0.0	0.0	37.415886287931066	0.0	24.854848464804288	0.0	0.0	0.0	0.0	0.0	20.055072477491247	44.5298895620906	0.0	0.0	0.0	0.0	0.0	0.0	0.0	0.0	0.0	0.0	0.0	0.0	0.0	0.0	0.0
GSM4138110_HNSCC_1_PBMC_GTCACGGCAAGCTGGA	75.67115770943934	24.474211682893035	13.03926051979526	22.805785102838325	36.66500651616842	0.0	0.0	0.0	0.0	0.0	0.0	0.0	0.0	0.0	0.0	0.0	88.27655009215363	0.0	0.0	0.0	0.0	0.0	51.37393671281516	0.0	0.0	0.0	0.0	0.0	0.0	0.0	0.0	0.0	0.0
GSM4138110_HNSCC_1_PBMC_GTCGTAAAGGCATGTG	112.41806518718036	99.19799423936283	30.816185798991608	162.70805178940424	54.104157546678174	0.0	0.0	0.0	0.0	0.0	0.0	0.0	0.0	0.0	0.0	44.148448428920894	0.0	0.0	0.0	27.14259296984268	34.78111333256707	0.0	0.0	0.0	0.0	0.0	0.0	0.0	0.0	0.0	0.0	0.0	0.0
GSM4138110_HNSCC_1_PBMC_GTCGTAATCTTGCAAG	35.771083295060954	55.81401248376922	10.707445001788992	40.35198067466108	0.0	0.0	0.0	0.0	0.0	0.0	0.0	0.0	0.0	0.0	0.0	0.0	0.0	45.87090934170275	0.0	26.270775741417935	0.0	0.0	0.0	0.0	0.0	0.0	0.0	0.0	0.0	0.0	0.0	0.0	0.0
GSM4138110_HNSCC_1_PBMC_GTCTCGTCATGCGCAC	57.43970315654363	56.51845099556904	20.97170463552061	49.41562997822215	0.0	0.0	64.23247372439324	0.0	0.0	0.0	0.0	0.0	0.0	0.0	0.0	0.0	0.0	0.0	0.0	32.374955364212155	0.0	0.0	0.0	0.0	0.0	0.0	0.0	0.0	0.0	0.0	0.0	2.898026732932803	0.0
GSM4138110_HNSCC_1_PBMC_GTGAAGGCACATTTCT	105.40948867053152	53.32614423361221	27.376087835733077	0.0	0.0	84.28380490570873	24.709876085062135	0.0	0.0	0.0	0.0	0.0	0.0	9.718052186854548	0.0	0.0	0.0	0.0	0.0	48.720709733772054	0.0	0.0	16.30747876462643	0.0	0.0	0.0	0.0	0.0	0.0	0.0	0.0	0.0	0.0
GSM4138110_HNSCC_1_PBMC_GTGCAGCAGACCGGAT	99.29707082124021	116.98278229325481	8.289543572980156	62.85359840877727	57.84581000485431	0.0	0.0	0.0	0.0	0.0	0.0	57.38917698924686	0.0	0.0	0.0	0.0	4.475442951151419	0.0	0.0	0.0	0.0	0.0	0.0	0.0	0.0	26.688975668030253	0.0	0.0	0.0	0.0	0.0	0.0	0.0
GSM4138110_HNSCC_1_PBMC_GTTAAGCTCATACGGT	65.10365770503944	35.428429080950394	58.20023810278973	0.0	6.135129586808099	0.0	0.0	27.871022581058604	0.0	19.769424301288083	0.0	0.0	0.0	19.815837121817292	0.0	0.0	0.0	0.0	0.0	0.0	0.0	0.0	0.0	0.0	0.0	0.0	36.63082343092127	0.0	0.0	0.0	0.0	0.0	0.0
GSM4138110_HNSCC_1_PBMC_TAAACCGAGGGTCGAT	59.65028449212573	46.289686582653765	13.098275757760673	52.43203519247759	3.513030354583704	0.0	0.0	0.0	0.0	0.0	41.66464059777741	0.0	0.0	54.51946917701581	0.0	0.0	0.0	0.0	0.0	0.0	0.0	0.0	0.0	0.0	0.0	0.0	0.0	0.0	0.0	0.0	0.0	0.0	0.0
GSM4138110_HNSCC_1_PBMC_TACCTTAAGGCTCTTA	74.55000015216925	72.78798060714027	27.988077635517843	0.0	41.404582018863536	0.0	19.25139699348563	0.0	67.43295829309443	0.0	0.0	31.310830843961792	14.578150914699542	0.0	0.0	0.0	0.0	0.0	0.0	0.0	0.0	0.0	0.0	0.0	0.0	0.0	0.0	0.0	0.0	0.0	0.0	0.0	0.0
GSM4138110_HNSCC_1_PBMC_TAGAGCTTCGTTGCCT	137.34249904064893	94.15081388423938	26.40343881401496	99.02856087758875	0.0	0.0	0.0	0.0	0.0	0.0	7.442976209718966	0.0	0.0	0.0	0.0	0.0	0.0	0.0	0.0	0.0	0.0	0.0	0.0	94.60337524610507	0.0	71.19061394509232	0.0	0.0	0.0	0.0	0.0	0.0	0.0
GSM4138110_HNSCC_1_PBMC_TAGGCATTCCCAGGTG	37.25469956237431	42.9093955337296	18.118741933169474	0.0	0.0	26.368315766417567	0.0	0.0	0.0	27.908212978727718	0.0	0.0	0.0	0.0	0.0	0.0	91.93814729355367	0.0	0.0	0.0	0.0	1.7630911943797751	0.0	0.0	0.0	0.0	0.0	0.0	0.0	0.0	0.0	0.0	0.0
GSM4138110_HNSCC_1_PBMC_TCACAAGCACATCCGG	73.33784880772644	77.38004949415298	34.28815567933874	0.0	0.0	18.063343331359622	0.0	0.3734161902778753	0.0	0.0	62.02635518489859	0.0	0.0	0.0	0.0	0.0	7.349779255575922	60.238286098549786	0.0	0.0	0.0	0.0	0.0	0.0	0.0	0.0	0.0	0.0	0.0	0.0	0.0	0.0	0.0
GSM4138110_HNSCC_1_PBMC_TCAGCTCCATGACGGA	89.0208601566282	85.74295124694619	27.332983899986427	0.0	19.639201866006434	0.0	0.0	0.0	17.103803186427623	0.0	0.0	0.0	0.0	0.0	0.0	0.0	0.0	0.0	28.992834563252927	0.0	0.0	0.0	0.0	0.0	0.0	0.0	0.0	0.0	0.0	0.0	0.0	0.0	0.0
GSM4138110_HNSCC_1_PBMC_TCGAGGCTCCAGGGCT	95.14216489873237	34.8117522724439	8.792429569161344	34.49160735876194	0.0	0.0	0.0	0.0	0.0	0.0	0.0	0.0	56.22458897759467	14.7025401528588	0.0	0.0	0.0	0.0	0.0	0.0	20.216047793584814	0.0	0.0	0.0	0.0	0.0	0.0	0.0	0.0	0.0	0.0	0.0	0.0
GSM4138110_HNSCC_1_PBMC_TCTATTGCAGTCAGCC	76.5292673396139	77.55548159995203	14.172454197472325	0.0	0.0	0.0	0.0	0.0	39.645781997318025	0.0	57.023266068288706	0.0	0.0	0.0	0.0	0.0	57.41265751511141	0.0	0.0	0.0	0.0	0.0	0.0	0.0	0.0	0.0	0.0	5.983330455423984	0.0	0.0	0.0	0.0	0.0
GSM4138110_HNSCC_1_PBMC_TCTCTAAGTGGTAACG	142.92698681817197	61.36287683065554	24.002983931185423	64.29622760758264	0.0	6.644908974887914	0.0	0.0	0.0	0.0	0.0	0.0	0.0	124.42104134010803	0.0	0.0	0.0	0.0	0.0	0.0	0.0	0.0	0.0	53.961417544059564	0.0	0.0	0.0	0.0	0.0	0.0	0.0	0.0	0.0
GSM4138110_HNSCC_1_PBMC_TCTGAGATCTAGCACA	30.84857233099996	30.636025742482676	21.665945517441678	0.0	0.0	0.0	56.29920714127727	0.0	33.262011228822956	0.0	54.84799278226764	0.0	0.0	0.0	0.0	0.0	0.0	0.0	0.0	0.0	0.0	0.0	0.0	0.0	0.0	0.0	0.0	0.0	0.0	0.0	0.0	0.0	0.0
GSM4138110_HNSCC_1_PBMC_TCTTTCCCACTGAAGG	121.26190678072078	88.35118592514803	19.942050445601154	63.325583857530155	0.0	0.0	0.0	9.117026007985208	0.0	0.0	0.0	0.0	51.19804106096233	0.0	0.0	0.0	0.0	0.0	0.0	29.34789377521321	0.0	0.0	0.0	0.0	0.0	0.0	104.67863529560553	0.0	0.0	0.0	0.0	0.0	0.0
GSM4138110_HNSCC_1_PBMC_TGACAACGTCATCCCT	68.54656157435655	136.300845423043	16.36198701721768	0.0	0.0	85.75662106893255	0.0	0.0	0.0	0.0	12.351812252905289	0.0	0.0	0.0	0.0	83.70068428085649	0.0	0.0	0.0	0.0	0.0	0.0	0.0	31.13884681204502	0.0	0.0	0.0	0.0	0.0	0.0	0.0	0.0	0.0
GSM4138110_HNSCC_1_PBMC_TGAGCCGAGATGAGAG	36.798535535471714	72.0734282841055	25.90828656830375	0.0	50.30815369741039	0.0	0.0	37.14681815856094	0.0	0.0	0.0	0.0	0.0	62.95570154986163	0.0	0.0	0.0	0.0	0.0	0.0	0.0	0.0	0.0	0.0	0.0	0.0	0.0	0.0	0.0	0.0	0.0	0.0	0.0
GSM4138110_HNSCC_1_PBMC_TGCGGGTTCTGATTCT	62.910019233983604	64.86238933266914	8.824374567379015	0.0	0.0	50.87148516587884	0.0	0.0	0.0	0.0	17.852864920484635	0.0	0.0	0.0	0.0	0.0	0.0	0.0	0.0	0.0	0.0	0.0	0.0	0.0	0.0	0.0	0.0	0.0	0.0	27.98889996217597	0.0	0.0	0.0
GSM4138110_HNSCC_1_PBMC_TGGCTGGGTTCCAACA	75.02868308185018	90.21324369158779	12.765947703384137	59.598547674563996	2.169917606587145	0.0	0.0	0.0	0.0	0.0	0.0	0.0	0.0	0.0	0.0	0.0	0.0	0.0	0.0	24.0763799265812	0.0	0.0	63.75317191421588	29.336954740231317	0.0	0.0	0.0	0.0	0.0	0.0	0.0	0.0	0.0
GSM4138110_HNSCC_1_PBMC_TGTATTCGTGGCTCCA	89.98759649656375	69.87164535980223	18.460348959182802	0.0	71.93195337342888	0.0	0.0	48.030979026415444	0.0	0.0	0.0	0.0	0.0	0.0	0.0	0.0	0.0	0.0	0.0	12.542489095752357	0.0	153.59588515069692	0.0	0.0	0.0	0.0	0.0	0.0	0.0	0.0	0.0	0.0	0.0
GSM4138110_HNSCC_1_PBMC_TGTGGTAAGTATGACA	63.32806075446627	42.16444829168855	13.62948135194427	44.80486232820569	0.0	0.0	0.0	0.0	0.0	0.0	0.0	0.0	53.40950796794743	0.0	0.0	0.0	0.0	0.0	0.0	0.0	0.0	0.0	0.0	0.0	64.41768277031736	0.0	0.0	0.0	0.0	0.0	0.0	0.0	0.0
GSM4138110_HNSCC_1_PBMC_TTCCCAGGTCACTGGC	54.97075783404022	58.584933191499545	33.337404941661106	0.0	45.90082756063974	0.0	0.0	14.027754843067003	0.0	0.0	0.0	0.0	0.0	0.0	0.0	0.0	0.0	0.0	0.0	0.0	0.0	0.0	0.0	0.0	0.0	50.24126235256176	0.0	0.0	0.0	0.0	0.0	0.0	0.0
GSM4138110_HNSCC_1_PBMC_TTCGGTCCACCTCGGA	37.87170215955672	33.36344107599513	9.682351296039537	0.0	27.91275596890322	0.0	0.0	57.233071752519265	0.0	0.0	0.0	0.0	0.0	0.0	0.0	45.81083972083432	0.0	0.0	0.0	0.0	0.0	0.0	0.0	0.0	0.0	0.0	0.0	0.0	0.0	0.0	0.0	0.0	0.0
GSM4138110_HNSCC_1_PBMC_TTCTACATCCTTCAAT	81.69042436640191	65.40999741774147	24.756604964473336	0.0	25.65825401309344	0.0	0.0	0.0	40.693255557523734	0.0	0.0	0.0	0.0	0.0	0.0	54.66867817831282	0.0	0.0	0.0	0.0	0.0	0.0	0.0	0.0	0.0	0.0	0.0	0.0	0.0	0.0	0.0	0.0	0.0
GSM4138110_HNSCC_1_PBMC_AAAGTAGTCGGCATCG	213.9470810862314	180.60553202016652	51.37592437503238	0.0	0.0	0.0	222.91230208366122	0.0	183.56888129006882	0.0	0.0	0.0	89.51300593679004	0.0	0.0	0.0	0.0	0.0	0.0	0.0	0.0	0.0	0.0	0.0	0.0	0.0	0.0	0.0	0.0	0.0	0.0	0.0	0.0
GSM4138110_HNSCC_1_PBMC_ACACTGATCGTACCGG	93.18102747303995	111.34455170177559	21.555405866472533	64.16722332737737	0.0	0.0	0.0	21.927474231329455	0.0	0.0	0.0	0.0	52.20960680910414	0.0	124.97583228774383	0.0	0.0	0.0	0.0	0.0	0.0	0.0	0.0	0.0	0.0	0.0	0.0	0.0	0.0	0.0	0.0	0.0	0.0
GSM4138110_HNSCC_1_PBMC_ACAGCTATCAGCACAT	166.60707131910394	138.36416151875244	42.574991364689964	139.58663318993155	0.0	0.0	0.0	0.0	0.0	0.0	28.671461021214146	219.92357085335397	0.0	0.0	0.0	0.0	0.0	0.0	0.0	0.0	0.0	0.0	0.0	38.759663040394905	0.0	0.0	0.0	0.0	0.0	0.0	0.0	0.0	0.0
GSM4138110_HNSCC_1_PBMC_ACTGAACGTTATTCTC	137.01953781500262	151.08250066314005	25.137824506156438	0.0	86.75806854652814	0.0	0.0	113.72605235734851	0.0	0.0	0.0	0.0	0.0	0.0	205.68793954378998	0.0	0.0	0.0	0.0	0.0	0.0	0.0	0.0	0.0	0.0	0.0	0.0	0.0	0.0	0.0	0.0	0.0	0.0
GSM4138110_HNSCC_1_PBMC_ACTGAGTTCAGGTAAA	123.56887295453637	134.6625481540285	29.172684311840946	0.0	0.0	0.0	0.0	97.19235587333432	0.0	0.0	73.66829995285062	0.0	0.0	0.0	0.0	0.0	0.0	167.52131715605924	0.0	0.0	0.0	0.0	0.0	0.0	0.0	0.0	0.0	0.0	0.0	0.0	0.0	0.0	0.0
GSM4138110_HNSCC_1_PBMC_ACTGCTCCAACCGCCA	163.40061926099546	114.04313022957348	26.80953510852904	41.6143521037282	65.69323554254413	0.0	136.7036510946909	53.09244360596261	0.0	0.0	0.0	0.0	0.0	0.0	0.0	0.0	0.0	0.0	0.0	0.0	0.0	0.0	0.0	0.0	0.0	0.0	0.0	0.0	0.0	0.0	0.0	0.0	0.0
GSM4138110_HNSCC_1_PBMC_ACTTACTAGTGGAGAA	186.93612970903578	233.17504151900846	56.95205472173375	96.18493493721478	73.2324271986134	76.16244341262342	97.83512423131701	0.0	0.0	0.0	0.0	0.0	19.01524649449603	0.0	0.0	0.0	0.0	0.0	0.0	0.0	0.0	0.0	0.0	0.0	0.0	129.53720007828696	0.0	0.0	0.0	0.0	0.0	0.0	0.0
GSM4138110_HNSCC_1_PBMC_ACTTGTTCAGTTCATG	183.41649088615628	160.90414467796836	28.066891221437537	0.0	0.0	42.27224720125886	286.3200483167244	0.0	166.21868824042514	0.0	0.0	0.0	0.0	0.0	0.0	0.0	0.0	0.0	0.0	112.14118229382846	0.0	0.0	0.0	0.0	0.0	0.0	0.0	0.0	0.0	0.0	0.0	0.0	0.0
GSM4138110_HNSCC_1_PBMC_AGAGTGGCAGGGATTG	133.03687186663205	113.65903977226176	57.64269102337083	0.0	0.0	0.0	115.94402810534642	126.92150951850562	0.0	97.50664903587239	0.0	0.0	0.0	0.0	0.0	0.0	0.0	0.0	0.0	0.0	0.0	0.0	0.0	0.0	0.0	0.0	0.0	0.0	0.0	0.0	0.0	0.0	0.0
GSM4138110_HNSCC_1_PBMC_AGATCTGGTGATAAGT	128.52375741786815	105.2421573130849	24.238338355476724	0.0	0.0	112.51967793640696	80.68310152752751	0.0	0.0	119.54342528934178	0.0	0.0	0.0	0.0	0.0	0.0	0.0	0.0	0.0	0.0	0.0	0.0	0.0	0.0	0.0	0.0	0.0	0.0	0.0	0.0	0.0	0.0	0.0
GSM4138110_HNSCC_1_PBMC_AGATTGCGTATAGGGC	176.61288110880886	208.0892804564744	35.722984545689506	176.28343009495646	67.3242133491421	0.0	0.0	0.0	0.0	0.0	0.0	0.0	0.0	0.0	0.0	0.0	0.0	0.0	0.0	0.0	0.0	146.32969667284723	39.73940243449758	0.0	0.0	0.0	0.0	0.0	0.0	0.0	0.0	0.0	0.0
GSM4138110_HNSCC_1_PBMC_AGCGGTCCATGCTGGC	144.08395191586902	145.7100214970296	31.86106913800009	0.0	0.0	0.0	92.63479240466444	2.2643923012524985	239.69484826422527	59.697142915221285	0.0	0.0	0.0	0.0	0.0	0.0	0.0	0.0	0.0	22.37093088225536	0.0	0.0	0.0	0.0	0.0	0.0	0.0	0.0	0.0	0.0	0.0	0.0	0.0
GSM4138110_HNSCC_1_PBMC_AGGCCACTCAGCGATT	134.04555311714347	66.89846638937313	19.837276488765088	118.07434046959357	0.0	14.173856689136842	0.0	0.0	0.0	29.206590175568838	0.0	142.5359942039909	54.49048315280058	0.0	0.0	0.0	0.0	0.0	0.0	0.0	0.0	0.0	0.0	11.75566073050252	0.0	0.0	0.0	0.0	0.0	0.0	0.0	0.0	0.0
GSM4138110_HNSCC_1_PBMC_AGTAGTCCACAGTCGC	191.45801369088804	219.5676429544629	27.05765944953041	147.0300893066196	0.0	0.0	0.0	0.0	0.0	0.0	0.0	0.0	119.49513981971985	0.0	0.0	0.0	0.0	280.8280377780395	0.0	0.0	0.0	0.0	0.0	0.0	0.0	0.0	0.0	0.0	0.0	0.0	0.0	0.0	0.0
GSM4138110_HNSCC_1_PBMC_AGTGTCATCCCTAATT	115.22897489902444	160.65529776008106	34.86552899973267	0.0	0.0	93.67420783343228	141.6960832815056	0.0	0.0	0.0	69.96855194206968	0.0	0.0	0.0	0.0	0.0	0.0	0.0	0.0	0.0	0.0	0.0	0.0	0.0	0.0	0.0	0.0	0.0	0.0	0.0	0.0	0.0	0.0
GSM4138110_HNSCC_1_PBMC_ATCCACCGTGGTTTCA	268.8624650069399	225.82871166813516	67.19365412726685	107.32046397100669	213.32301172012504	0.0	386.62829020089924	0.0	117.17771203006438	0.0	1.8595597749089565	0.0	0.0	0.0	0.0	0.0	0.0	0.0	0.0	0.0	0.0	0.0	0.0	0.0	0.0	0.0	0.0	0.0	0.0	0.0	0.0	0.0	0.0
GSM4138110_HNSCC_1_PBMC_ATCGAGTGTACTTAGC	147.402919183178	174.80445007639537	43.18102592825931	0.0	0.0	182.99619559521105	0.0	0.0	0.0	0.0	0.0	0.0	90.50111708880242	0.0	0.0	0.0	0.0	0.0	226.36455172942823	9.515611569777807	0.0	0.0	0.0	0.0	0.0	0.0	0.0	0.0	0.0	0.0	0.0	0.0	0.0
GSM4138110_HNSCC_1_PBMC_CAACTAGTCTTGAGAC	149.24805615067595	121.52717420422145	28.698506229825295	0.0	0.0	79.5995917411571	155.79114103165148	66.0416625529513	0.0	52.13113879864351	0.0	0.0	0.0	0.0	0.0	0.0	0.0	0.0	0.0	0.0	0.0	0.0	0.0	0.0	0.0	0.0	0.0	0.0	0.0	0.0	0.0	0.0	0.0
GSM4138110_HNSCC_1_PBMC_CAAGGCCTCTAGCACA	89.10761759147951	88.16078192637792	36.43580454455234	0.0	0.0	99.69043292344604	92.23555049934444	0.0	0.0	51.58071246209669	0.0	0.0	0.0	0.0	0.0	0.0	0.0	0.0	0.0	0.0	0.0	0.0	0.0	0.0	0.0	0.0	0.0	0.0	0.0	0.0	0.0	0.0	0.0
GSM4138110_HNSCC_1_PBMC_CACAAACAGGCTACGA	137.69716653108193	199.06069185935354	20.252913430054164	0.0	0.0	0.0	0.0	0.0	107.88199248159214	0.0	0.0	58.913781418592606	0.0	0.0	0.0	0.0	0.0	0.0	0.0	0.0	0.0	0.0	0.0	60.977531876798544	6.3289667270831735	130.84025475033627	0.0	0.0	0.0	0.0	0.0	0.0	0.0
GSM4138110_HNSCC_1_PBMC_CACATTTTCATTGCGA	98.10511141452402	136.22575382893925	34.07068262625379	0.0	0.0	66.11084636788019	106.16052503220102	0.0	21.299086780536925	76.42674034314464	0.0	0.0	0.0	0.0	0.0	0.0	102.21588922213829	0.0	0.0	0.0	0.0	0.0	0.0	0.0	0.0	0.0	0.0	0.0	0.0	0.0	0.0	0.0	0.0
GSM4138110_HNSCC_1_PBMC_CAGAGAGTCAGTTAGC	107.10127755160768	215.1984681975259	28.331903404233437	124.74632611067084	0.0	19.21722241594775	0.0	0.0	0.0	0.0	0.0	0.0	0.0	0.0	41.36071580554635	127.16190114596841	0.0	0.0	0.0	113.44780146636467	0.0	0.0	0.0	0.0	0.0	0.0	0.0	0.0	0.0	0.0	0.0	0.0	0.0
GSM4138110_HNSCC_1_PBMC_CAGCTGGGTCTCCACT	186.14988658388373	152.41264940053463	28.219031161460865	116.15185288341384	0.0	0.0	0.0	0.0	0.0	106.02643787822667	0.0	0.0	0.0	210.8103466342643	0.0	0.0	0.0	0.0	0.0	0.0	0.0	0.0	0.0	0.0	0.0	0.0	0.0	0.0	0.0	0.0	0.0	0.0	0.0
GSM4138110_HNSCC_1_PBMC_CAGCTGGGTGTTTGTG	114.62210891009074	72.2180220367168	19.428159733968904	0.0	0.0	0.0	56.15290657274753	1.6283690192639697	115.25355850141271	11.633434155169192	46.42139674435309	0.0	0.0	0.0	0.0	0.0	68.68979294922536	0.0	0.0	0.0	0.0	0.0	0.0	0.0	0.0	0.0	0.0	0.0	0.0	0.0	0.0	0.0	0.0
GSM4138110_HNSCC_1_PBMC_CATATGGCAGGACGTA	110.4964441104811	227.0663337370301	13.356886182289578	0.0	4.6657750052107945	0.0	98.96444162688454	244.54900960676395	0.0	0.0	0.0	0.0	0.30935296541595025	0.0	0.0	0.0	0.0	0.0	4.585815899914178	0.93913412345515	43.922277917240585	0.0	0.0	0.0	0.0	0.0	0.0	0.0	0.0	0.0	0.0	0.0	0.0
GSM4138110_HNSCC_1_PBMC_CATATTCTCCACGTTC	135.03792676299202	158.2375819371537	28.61687370441912	0.0	0.0	0.0	122.04449805127555	0.0	148.30243645318532	0.0	55.56973517599579	0.0	0.0	0.0	0.0	0.0	0.0	0.0	0.0	0.0	0.0	0.0	0.0	0.0	0.0	0.0	0.0	0.0	0.0	0.0	0.0	0.0	0.0
GSM4138110_HNSCC_1_PBMC_CCAATCCCACGACTCG	105.39659612948367	61.44906050361993	27.781333911491206	0.0	0.0	67.12097743606238	117.64452229491224	0.0	0.0	0.0	0.0	0.0	66.51697755437375	0.0	0.0	0.0	0.0	0.0	0.0	0.0	0.0	0.0	0.0	0.0	0.0	0.0	0.0	0.0	0.0	0.0	0.0	0.0	0.0
GSM4138110_HNSCC_1_PBMC_CCTACCAGTCGGCTCA	134.67086408210758	142.4404974864125	43.4271507233347	0.0	0.0	124.0682831568738	0.0	0.0	0.0	0.0	0.0	210.34541279719198	133.4267803884071	0.0	0.0	0.0	0.0	0.0	0.0	0.0	0.0	0.0	0.0	0.0	0.0	0.0	0.0	0.0	0.0	0.0	0.0	0.0	0.0
GSM4138110_HNSCC_1_PBMC_CGAACATCAAGTTAAG	290.86676364694887	147.2005032482176	61.230546610472764	0.0	0.0	153.13135307045326	156.99463891594826	0.0	0.0	0.0	0.0	0.0	0.0	0.0	0.0	0.0	0.0	0.0	0.0	117.46868621380791	0.0	0.0	0.0	0.0	0.0	0.0	0.0	0.0	0.0	0.0	0.0	0.0	0.0
GSM4138110_HNSCC_1_PBMC_CGACCTTCATTACGAC	70.48351798252259	74.62809572708224	11.136788772770545	20.821603667335857	0.0	30.96210274582557	0.0	0.0	0.0	0.0	66.80446055143162	89.0313155663982	0.0	0.0	0.0	0.0	0.0	0.0	0.0	0.0	0.0	0.0	0.0	0.0	0.0	0.0	0.0	0.0	0.0	0.0	0.0	0.0	0.0
GSM4138110_HNSCC_1_PBMC_CGAGCACCATATACGC	193.13957909764466	190.59635606423814	57.4823237742349	73.046338965485	0.0	130.18454192069925	0.0	0.0	0.0	0.0	90.68776694558821	240.6751384651841	0.0	0.0	0.0	0.0	0.0	0.0	0.0	0.0	0.0	0.0	0.0	0.0	0.0	0.0	0.0	0.0	0.0	0.0	0.0	0.0	0.0
GSM4138110_HNSCC_1_PBMC_CGATCGGCAACGATCT	99.8337765957784	160.1410160462667	41.497822473154464	0.0	0.0	0.0	0.0	123.16563083237925	0.0	0.0	0.0	0.0	63.989180916253396	0.0	0.0	183.74065459644473	0.0	0.0	0.0	4.172508217815036	0.0	0.0	0.0	0.0	0.0	0.0	0.0	0.0	0.0	0.0	0.0	0.0	0.0
GSM4138110_HNSCC_1_PBMC_CGATCGGGTTTGGGCC	96.33568915260634	130.65919846796677	45.650278830052684	0.0	0.0	0.0	0.0	146.6782339791417	0.0	0.0	47.71323739929829	0.0	0.0	0.0	0.0	0.0	0.0	0.0	197.13351292652322	0.0	0.0	0.0	0.0	0.0	0.0	0.0	0.0	0.0	0.0	0.0	0.0	0.0	0.0
GSM4138110_HNSCC_1_PBMC_CGCTATCCACCGAATT	242.6291350184019	173.7639749042959	48.85024473628702	0.0	0.0	196.56003311140478	0.0	0.0	0.0	0.0	0.0	0.0	0.0	0.0	0.0	173.82489626768458	0.0	0.0	0.0	87.39734574572394	0.0	0.0	0.0	0.0	0.0	0.0	0.0	0.0	0.0	0.0	0.0	0.0	0.0
GSM4138110_HNSCC_1_PBMC_CGGAGCTGTCGAACAG	147.79739437969167	186.00404433285763	27.54852923022941	29.609593343201766	0.0	106.33691706131721	0.0	0.0	0.0	0.0	106.87410511791866	224.94223235961564	0.0	0.0	0.0	0.0	0.0	0.0	0.0	0.0	0.0	0.0	0.0	0.0	0.0	0.0	0.0	0.0	0.0	0.0	0.0	0.0	0.0
GSM4138110_HNSCC_1_PBMC_CGTTCTGGTCTAAACC	146.96492790233262	153.41467628766557	27.421827640763844	79.77549614587754	0.0	0.0	0.0	42.82321537341566	0.0	0.0	94.43816685409737	111.79228602888014	0.0	0.0	0.0	0.0	0.0	0.0	0.0	0.0	0.0	0.0	0.0	0.0	94.08769516066137	0.0	0.0	0.0	0.0	0.0	0.0	0.0	0.0
GSM4138110_HNSCC_1_PBMC_CGTTGGGGTGTGTGCC	107.92444541136781	95.9345395335445	53.955436011446984	0.0	50.00941814111981	0.0	99.49897149497335	104.28467260181827	0.0	0.0	0.0	0.0	0.0	0.0	0.0	0.0	0.0	0.0	0.0	0.0	0.0	0.0	0.0	0.0	0.0	0.0	0.0	0.0	0.0	0.0	0.0	0.0	0.0
GSM4138110_HNSCC_1_PBMC_CTAATGGCACACATGT	90.57065014662314	185.616070429544	45.846140420076246	9.998434601559243	0.0	105.57039735463341	128.54598242038404	0.0	0.0	3.2828154791780793	0.0	0.0	60.842404084080655	0.0	38.66419451044177	0.0	0.0	0.0	0.0	0.0	0.0	0.0	0.0	0.0	0.0	0.0	0.0	0.0	0.0	0.0	0.0	0.0	0.0
GSM4138110_HNSCC_1_PBMC_CTACCCAGTTACCGAT	136.1366531222827	147.72999236812566	24.946278636954382	0.0	79.61965770623836	150.996175606429	202.2747319898148	0.0	0.0	1.7960050148529902	0.0	23.84437812804064	0.0	0.0	0.0	0.0	0.0	0.0	0.0	0.0	0.0	0.0	0.0	0.0	0.0	0.0	0.0	0.0	0.0	0.0	0.0	0.0	0.0
GSM4138110_HNSCC_1_PBMC_CTAGAGTCATCGGACC	168.82123825270205	136.5436244575362	12.032047891786426	77.92927878059109	67.49107211359471	0.0	0.0	0.0	0.0	0.0	0.0	216.1431494072452	0.0	0.0	0.0	0.0	0.0	0.0	0.0	15.188633193764943	0.0	0.0	0.0	0.0	0.0	0.0	0.0	0.0	0.0	0.0	0.0	0.0	0.0
GSM4138110_HNSCC_1_PBMC_CTCTGGTGTGTTCGAT	67.77467487926128	138.88945964995827	45.543047295878395	48.85325941856257	0.0	107.61658683669417	132.88968438898283	0.0	0.0	42.487487995152065	21.88277412167067	0.0	0.0	0.0	0.0	0.0	0.0	0.0	0.0	0.0	0.0	0.0	0.0	0.0	0.0	0.0	0.0	0.0	0.0	0.0	0.0	0.0	0.0
GSM4138110_HNSCC_1_PBMC_CTGATAGCATCAGTCA	109.31705659567479	119.19357592710838	68.42169847149276	0.0	0.0	52.74424506318608	0.0	27.094231589119737	0.0	24.46718598933101	0.0	163.0223163478975	50.637576057837784	0.0	0.0	0.0	0.0	0.0	0.0	0.0	0.0	0.0	0.0	0.0	0.0	0.0	0.0	0.0	0.0	0.0	0.0	0.0	0.0
GSM4138110_HNSCC_1_PBMC_CTGTTTACAATGTAAG	164.40940503416346	164.84814726739418	23.873055496209982	0.0	35.12875039537034	71.45811205052176	0.0	66.95822067171697	0.0	0.0	50.21889637087777	204.42095428939572	0.0	0.0	0.0	0.0	0.0	0.0	0.0	0.0	0.0	0.0	0.0	0.0	0.0	9.215513330471522	0.0	0.0	0.0	0.0	0.0	0.0	0.0
GSM4138110_HNSCC_1_PBMC_GAACCTATCTCTGTCG	92.68341491495158	50.26037079108526	29.91071376584906	0.0	0.0	0.0	75.75425208981005	0.0	71.70457039229332	0.0	0.0	6.7936738246270245	69.12079901807773	0.0	0.0	0.0	0.0	0.0	0.0	0.0	0.0	0.0	0.0	0.0	0.0	0.0	0.0	0.0	0.0	0.0	0.0	0.0	0.0
GSM4138110_HNSCC_1_PBMC_GATCGCGTCAGGCGAA	80.97011039359673	108.31304849103229	22.310428133248806	0.0	41.58501675330384	71.87094027558904	125.01453611960794	0.0	32.932156058937224	8.093291531486251	0.0	0.0	0.0	0.0	0.0	0.0	0.0	0.0	0.0	0.0	0.0	0.0	0.0	0.0	0.0	0.0	0.0	0.0	0.0	0.0	0.0	0.0	0.0
GSM4138110_HNSCC_1_PBMC_GATCTAGCATACAGCT	201.33586040179736	101.20520495468642	67.8626173292334	4.82415403155847	0.0	102.4120543367717	17.05782471610267	0.0	0.0	0.0	122.18428515476666	168.74387840345614	0.0	0.0	0.0	0.0	0.0	0.0	0.0	0.0	0.0	0.0	0.0	0.0	0.0	0.0	0.0	0.0	0.0	0.0	0.0	0.0	0.0
GSM4138110_HNSCC_1_PBMC_GATGAAAGTAGAAGGA	92.80602107099773	104.05890452546075	6.349330028118219	60.63609613659044	24.851565576261642	0.0	0.0	17.745619087497264	0.0	0.0	0.0	33.66069976612388	0.0	0.0	0.0	0.0	0.0	0.0	0.0	0.0	21.394371823941142	0.0	0.0	0.0	28.614300115777592	0.0	0.0	0.0	0.0	0.0	0.0	0.0	0.0
GSM4138110_HNSCC_1_PBMC_GATGAAAGTCACCCAG	365.1790826136812	146.53601779607803	15.205171429795284	0.0	0.0	106.7227621253261	242.3643345445154	0.0	0.0	67.59708219099049	0.0	0.0	0.0	0.0	0.0	0.0	0.0	0.0	0.0	0.0	0.1403032219734735	0.0	0.0	0.0	0.0	0.0	0.0	0.0	0.0	0.0	0.0	0.0	0.0
GSM4138110_HNSCC_1_PBMC_GCATACACATCTGGTA	260.16667279335917	185.71905520473274	27.90506430035535	201.19409148434482	0.0	0.0	0.0	0.0	0.0	0.0	157.7634764962712	0.0	0.0	0.0	0.0	0.0	0.0	0.0	0.0	0.0	0.0	0.0	0.0	0.0	0.0	0.0	0.0	0.0	0.0	0.0	270.8094528386314	0.0	0.0
GSM4138110_HNSCC_1_PBMC_GCGAGAATCGCACTCT	159.71767027838337	190.0583715516051	59.06726900550047	0.0	101.66587498502882	150.59803206125676	0.0	0.0	0.0	0.0	0.0	0.0	0.0	0.0	0.0	0.0	0.0	257.6659221611954	0.0	0.0	0.0	0.0	0.0	0.0	0.0	0.0	0.0	0.0	0.0	0.0	0.0	0.0	0.0
GSM4138110_HNSCC_1_PBMC_GCGCGATAGGAGCGTT	44.53361068394564	57.12622159971281	22.317055345057064	0.0	51.46197374388945	21.647886113630143	7.957949642952724	0.0	51.09262611525354	0.0	0.0	137.31964584989123	0.0	0.0	0.0	0.0	0.0	0.0	0.0	0.0	0.0	0.0	0.0	0.0	0.0	0.0	0.0	0.0	0.0	0.0	0.0	0.0	0.0
GSM4138110_HNSCC_1_PBMC_GCTCTGTTCAGTTTGG	75.22778902989495	95.44070592374233	11.257648136039037	0.0	52.928198508353866	0.0	0.0	85.72646043677675	0.0	0.0	0.0	0.0	0.0	0.0	0.0	0.0	0.0	0.0	0.0	0.0	0.0	0.0	0.0	0.0	0.0	132.92950398161793	0.0	0.0	0.0	0.0	0.0	0.0	0.0
GSM4138110_HNSCC_1_PBMC_GCTGCGAGTCTAGTCA	137.06523155514935	124.65336711869791	29.2755902781396	0.0	0.0	0.0	60.506289873775515	0.0	59.96669831102803	121.74760276337061	0.0	0.0	0.0	0.0	0.0	0.0	0.0	0.0	0.0	0.0	0.0	0.0	0.0	0.0	0.0	118.04651907918499	0.0	0.0	0.0	0.0	0.0	0.0	0.0
GSM4138110_HNSCC_1_PBMC_GGCTCGATCAGGCGAA	73.64751291677794	83.45643426150532	14.119814535536003	0.0	0.0	91.5330765986404	154.00198744924083	0.0	0.0	0.0	0.0	0.0	55.9204220211167	0.0	0.0	0.0	0.0	0.0	0.0	0.0	0.0	0.0	0.0	0.0	0.0	0.0	0.0	0.0	0.0	0.0	0.0	0.0	0.0
GSM4138110_HNSCC_1_PBMC_GGGAATGTCTTCCTTC	0.0	0.0	0.0	0.0	0.0	0.0	0.0	0.0	0.0	0.0	0.0	465.6080026472278	0.0	0.0	0.0	0.0	2926.147913765678	0.0	0.0	0.0	0.0	0.0	0.0	0.0	0.0	0.0	0.0	0.0	0.0	0.0	0.0	0.0	0.0
GSM4138110_HNSCC_1_PBMC_GGGCACTTCGTAGGTT	126.85542057232114	148.8518247185639	34.88837098245727	84.2418218147035	68.5235567957659	0.0	190.88232502806045	0.0	0.0	0.0	0.0	0.0	0.0	0.0	0.0	0.0	0.0	0.0	0.0	16.6008123040267	0.0	0.0	0.0	0.0	0.0	0.0	0.0	0.0	0.0	0.0	0.0	0.0	0.0
GSM4138110_HNSCC_1_PBMC_GTAGGCCAGTACTTGC	117.94866387412833	121.14810877032056	34.48856170359042	0.0	48.94159772712249	0.0	0.0	112.20985920457495	0.0	0.0	0.0	0.0	0.0	0.0	0.0	0.0	0.0	0.0	0.0	0.0	0.0	187.03061192434205	0.0	0.0	0.0	0.0	0.0	0.0	0.0	0.0	0.0	0.0	0.0
GSM4138110_HNSCC_1_PBMC_GTCACAATCTATCGCC	241.89525319158514	191.4751239667631	50.46203599825292	26.4950732864012	0.0	105.36665884594275	0.0	0.0	20.53012969019896	0.0	2.3635945400022877	0.0	38.00088828103498	0.0	60.43447351192953	111.31470011487376	0.0	0.0	0.0	0.0	0.0	0.0	0.0	16.848435510051342	0.0	0.0	0.0	0.0	0.0	0.0	0.0	0.0	0.0
GSM4138110_HNSCC_1_PBMC_GTCTCGTAGTAGCGGT	94.85936077359156	117.08655519585047	48.969029612158835	0.0	62.47672114572003	77.34332570572928	46.436208834128244	36.84931814460256	0.0	0.0	0.0	74.86379795302857	0.0	0.0	0.0	0.0	0.0	0.0	0.0	0.0	0.0	0.0	0.0	0.0	0.0	0.0	0.0	0.0	0.0	0.0	0.0	0.0	0.0
GSM4138110_HNSCC_1_PBMC_GTGCAGCTCTGTCTAT	226.87546388147112	196.6840335175748	37.22270118127454	0.0	0.0	8.286098949186735	0.0	0.0	133.99108318385262	0.0	139.12470618278792	0.0	0.0	329.0623779221986	0.0	0.0	0.0	0.0	0.0	0.0	0.0	0.0	0.0	0.0	0.0	0.0	0.0	0.0	0.0	0.0	0.0	0.0	0.0
GSM4138110_HNSCC_1_PBMC_GTGCATAGTACGCTGC	114.69201553416397	148.32176159323618	25.055172475179255	94.76562629851811	52.91385334879305	0.0	0.0	0.0	0.0	0.0	0.0	168.84239162206293	0.0	0.0	0.0	0.0	0.0	0.0	0.0	39.87144136271494	0.0	0.0	0.0	0.0	0.0	0.0	0.0	0.0	0.0	0.0	0.0	0.0	0.0
GSM4138110_HNSCC_1_PBMC_GTGCTTCAGTACGATA	89.17608473687294	140.7457291058896	25.576387367890614	123.01420288592627	49.69808297659102	0.0	166.53556695097055	0.0	0.0	0.0	0.0	0.0	0.0	0.0	0.0	0.0	0.0	0.0	0.0	0.0	0.0	0.0	0.0	0.0	0.0	0.0	0.0	0.0	0.0	0.0	0.0	0.0	0.0
GSM4138110_HNSCC_1_PBMC_TACAGTGCAATGACCT	105.35699293134422	80.98570710307023	22.281585036693947	110.5990876975278	0.0	0.0	69.10410607551532	0.0	0.0	58.663598210050736	44.135361450191056	0.0	0.0	0.0	50.2635888464288	0.0	0.0	0.0	0.0	0.0	0.0	0.0	0.0	0.0	0.0	0.0	0.0	0.0	0.0	0.0	0.0	0.0	0.0
GSM4138110_HNSCC_1_PBMC_TACTCATAGATCACGG	149.0519437554333	141.13645997108537	21.505779984322157	0.0	22.571977258900237	0.0	0.0	124.56583054033241	0.0	98.00267683707453	0.0	0.0	0.0	0.0	0.0	0.0	0.0	222.13552751146023	0.0	0.0	0.0	0.0	0.0	0.0	0.0	0.0	0.0	0.0	0.0	0.0	0.0	0.0	0.0
GSM4138110_HNSCC_1_PBMC_TACTCGCGTAAGGATT	147.94294116987584	150.648573187238	30.99408410261198	0.0	0.0	104.04114372567187	0.0	0.0	0.0	0.0	0.0	0.0	124.5773438473349	0.0	0.0	182.891207868482	0.0	0.0	0.0	0.0	0.0	0.0	0.0	0.0	0.0	0.0	0.0	0.0	0.0	0.0	0.0	0.0	0.0
GSM4138110_HNSCC_1_PBMC_TACTTGTCAAGTTAAG	217.0845110224609	144.8678940857314	20.97946097132051	0.0	0.0	129.01916295649252	223.67698368561045	0.0	13.17374595996114	0.0	0.0	0.0	36.51383554000717	0.0	0.0	0.0	0.0	0.0	0.0	80.23526899184249	0.0	0.0	0.0	0.0	0.0	0.0	0.0	0.0	0.0	0.0	0.0	0.0	0.0
GSM4138110_HNSCC_1_PBMC_TATCTCAAGGTGTGGT	81.40859163098463	93.97915080597419	14.539459459729999	0.0	0.0	0.0	149.01568572985047	0.0	100.72731544766546	0.0	55.74446469840914	0.0	0.0	0.0	0.0	0.0	0.0	0.0	0.0	0.0	0.0	0.0	0.0	0.0	0.0	0.0	0.0	0.0	0.0	0.0	0.0	0.0	0.0
GSM4138110_HNSCC_1_PBMC_TCAGCTCCACCCATTC	178.0993753394625	203.8209531388206	25.76049022343798	0.0	0.0	0.0	0.0	50.829350103343266	135.5548428065091	0.0	94.63248540881654	0.0	42.21210009596645	0.0	0.0	0.0	190.4216376977648	0.0	0.0	0.0	0.0	0.0	0.0	0.0	0.0	0.0	0.0	0.0	0.0	0.0	0.0	0.0	0.0
GSM4138110_HNSCC_1_PBMC_TCGCGTTCAGCTGCTG	114.43471155372005	103.2554695360043	38.98376704134616	68.22542347645442	72.78497250169607	0.0	49.48005151439601	0.0	0.0	0.0	0.0	0.0	0.0	0.0	96.20083557272103	0.0	0.0	0.0	0.0	0.0	0.0	0.0	0.0	0.0	0.0	0.0	0.0	0.0	0.0	0.0	0.0	0.0	0.0
GSM4138110_HNSCC_1_PBMC_TCGGGACAGCTAGTTC	119.41522673446184	129.05632625445597	27.983428105285032	98.66765672353459	0.0	0.0	0.0	0.0	13.225725121057755	0.0	87.76640677033303	0.0	0.0	0.0	0.0	0.0	0.0	0.0	0.0	0.0	0.0	0.0	0.0	0.0	0.0	194.0357555679022	0.0	0.0	0.0	0.0	0.0	0.0	0.0
GSM4138110_HNSCC_1_PBMC_TCTTCGGAGTCATCCA	110.25964857628686	187.41277297461076	31.025538295882274	0.0	74.2785696076449	57.964569735434864	0.0	63.33648733790988	0.0	0.0	0.0	0.0	0.0	0.0	0.0	0.0	0.0	175.93617644447698	0.0	0.0	0.0	0.0	0.0	0.0	0.0	0.0	0.0	0.0	0.0	0.0	0.0	0.0	0.0
GSM4138110_HNSCC_1_PBMC_TGAGAGGGTCCCTACT	129.5346861331387	157.42939704906848	59.043778326589035	0.0	0.0	297.3611777537079	137.31301037424737	0.0	0.0	0.0	66.87476410022883	0.0	0.0	0.0	0.0	0.0	0.0	125.66925201715397	0.0	0.0	0.0	0.0	0.0	0.0	0.0	0.0	0.0	0.0	0.0	0.0	0.0	0.0	0.0
GSM4138110_HNSCC_1_PBMC_TGATTTCGTTAAAGTG	177.09674829175336	201.54583919380295	46.30582946627703	0.0	125.25467657198102	0.0	0.0	0.0	131.38727078662544	0.0	0.0	0.0	0.0	0.0	0.0	0.0	0.0	0.0	217.37012547044594	0.0	0.0	0.0	0.0	0.0	0.0	0.0	0.0	0.0	0.0	0.0	0.0	0.0	0.0
GSM4138110_HNSCC_1_PBMC_TGCCAAATCATGTCCC	169.6641723875976	195.1077470211559	19.58662630319682	4.439157281472219	0.0	131.55048354303352	0.0	0.0	0.0	88.62992928699218	0.0	152.69077590930496	0.0	0.0	0.0	0.0	0.0	0.0	0.0	0.0	0.0	0.0	0.0	0.0	0.0	0.0	0.0	0.0	0.0	0.0	0.0	0.0	0.0
GSM4138110_HNSCC_1_PBMC_TGTATTCAGAATGTTG	170.30991689326086	164.861076776379	28.180373717869735	0.0	0.0	158.7790521326892	116.62022416840456	0.0	0.0	110.81819705674144	0.0	0.0	0.0	0.0	0.0	0.0	0.0	0.0	0.0	0.0	34.29976088296819	0.0	0.0	0.0	0.0	0.0	0.0	0.0	0.0	0.0	0.0	0.0	0.0
GSM4138110_HNSCC_1_PBMC_TGTCCCAGTTCAGGCC	109.6685871453107	131.66122268638335	30.56245942109456	54.72272705003058	0.0	0.0	0.0	0.0	0.0	63.43412614457192	0.0	0.0	0.0	0.0	154.22145001532058	0.0	0.0	0.0	0.0	24.863418400941434	0.0	0.0	21.476270180166882	0.0	0.0	0.0	0.0	0.0	0.0	0.0	0.0	0.0	0.0
GSM4138110_HNSCC_1_PBMC_TTGCCGTCAATAGCGG	169.00132058720155	182.43033203966806	33.619322073051414	0.0	65.2190295411073	123.8699071338126	0.0	0.0	0.0	0.0	0.0	0.0	0.0	0.0	0.0	0.0	0.0	110.71065622418676	0.0	0.0	0.0	0.0	0.0	0.0	92.35504844167816	0.0	0.0	0.0	0.0	0.0	0.0	0.0	0.0
GSM4138110_HNSCC_1_PBMC_TTTATGCAGACTGGGT	131.7699375754836	103.0516907389653	25.869528212028115	83.66899048911407	0.0	0.0	130.09047373952424	0.0	0.0	0.0	49.34579047138235	0.0	0.0	0.0	0.0	0.0	0.0	0.0	0.0	0.0	0.0	0.0	0.0	15.577006216673592	0.0	0.0	0.0	0.0	0.0	0.0	0.0	0.0	0.0
GSM4138110_HNSCC_1_PBMC_AACGTTGAGTTTAGGA	96.26789968644141	66.46320870536563	25.706223278841254	0.0	59.90079820735469	61.3779449893446	106.49390328353964	0.0	21.592005154693336	0.0	6.545611282720888	0.0	0.0	0.0	0.0	0.0	0.0	0.0	0.0	0.0	0.0	0.0	0.0	0.0	0.0	0.0	0.0	0.0	0.0	0.0	0.0	0.0	0.0
GSM4138110_HNSCC_1_PBMC_AAGGCAGCAATCACAC	71.9752645862136	63.354920911802424	29.08503660562777	61.91460722968012	0.0	0.0	96.89913352207549	0.0	0.0	0.0	30.373948942254017	0.0	0.0	0.0	0.0	0.0	0.0	0.0	0.0	0.0	0.0	0.0	0.0	25.051332001737165	0.0	0.0	0.0	0.0	0.0	0.0	0.0	0.0	0.0
GSM4138110_HNSCC_1_PBMC_ACTGATGTCAATAAGG	91.10249442596988	66.18659609846773	27.69386221276599	40.35332154050769	36.35203731596922	0.0	0.0	1.6019174454087826	0.0	0.0	0.0	0.0	0.0	0.0	0.0	0.0	0.0	43.025621594887085	0.0	0.0	0.0	0.0	0.0	0.0	0.0	0.0	0.0	0.0	0.0	0.0	0.0	0.0	0.0
GSM4138110_HNSCC_1_PBMC_AGCAGCCAGGCCCTCA	130.70390259339393	45.27929760645734	22.93300317566119	0.0	87.92033848739496	0.0	70.75726440549501	97.68343151637269	0.0	0.0	0.0	0.0	0.0	0.0	0.0	0.0	0.0	0.0	0.0	0.0	0.0	0.0	0.0	0.0	0.0	0.0	0.0	0.0	0.0	0.0	0.0	0.0	0.0
GSM4138110_HNSCC_1_PBMC_CATATTCCATATGAGA	131.6335105076321	99.05329020244899	25.375179772553274	2.125745211423954	91.43786189415857	0.0	0.0	63.14768610862873	0.0	0.0	0.0	0.0	0.0	0.0	0.0	45.954839427804934	29.624046670473582	0.0	0.0	0.0	0.0	0.0	0.0	0.0	0.0	0.0	0.0	0.0	0.0	0.0	6.753237285163709	0.0	0.0
GSM4138110_HNSCC_1_PBMC_CCTCAGTCAACTGCGC	64.60766375407458	38.44004902063612	17.94454017437909	113.99231277973368	0.0	0.0	33.7088632814055	0.0	0.0	0.0	0.0	0.0	0.0	0.0	0.0	0.0	0.0	0.0	0.0	42.30673514531825	0.0	0.0	0.0	0.0	0.0	0.0	0.0	0.0	0.0	0.0	0.0	0.0	0.0
GSM4138110_HNSCC_1_PBMC_CGGTTAACACCTCGTT	54.893464447304545	47.84486935700246	25.937424448125796	0.0	34.514431490352656	46.05181979127468	36.26048186781716	0.0	0.0	0.0	6.565687988794225	0.0	0.06410187389664473	0.0	0.0	20.578510432485313	0.0	0.0	0.0	0.0	0.0	0.0	0.0	0.0	0.0	0.0	0.0	0.0984835492925616	0.0	0.0	0.0	0.0	0.0
GSM4138110_HNSCC_1_PBMC_CGTGTAATCTCCAGGG	42.957619019485826	64.84846163914936	12.391599330977254	0.0	26.39304822632807	51.286919657901215	36.58768369483152	0.0	0.0	0.0	0.0	0.0	0.0	0.0	0.0	0.0	0.0	0.0	0.0	0.0	0.0	0.0	0.0	0.0	0.0	0.0	0.0	0.0	0.0	0.0	0.0	0.0	0.0
GSM4138110_HNSCC_1_PBMC_CGTTGGGTCAGTGCAT	72.76627109807997	76.6343747698632	22.385028312821056	0.0	35.17124182256185	0.0	0.0	0.0	59.5338889345142	0.0	0.0	0.0	0.0	0.0	0.0	0.0	0.0	0.0	81.25402791852527	0.0	0.0	0.0	0.0	0.0	0.0	0.0	0.0	0.0	0.0	0.0	0.0	0.0	0.0
GSM4138110_HNSCC_1_PBMC_CTAGAGTAGCTATGCT	106.56373204388504	117.32223574927693	38.875766961471655	51.32832352469653	0.0	43.81584205167787	90.57496688840513	0.0	0.0	60.822683688978486	0.0	0.0	0.0	0.0	0.0	0.0	0.0	0.0	0.0	0.0	0.0	0.0	0.0	0.0	0.0	0.0	0.0	0.0	0.0	0.0	0.0	0.0	0.0
GSM4138110_HNSCC_1_PBMC_GCATACATCGTTACAG	61.97372829876979	72.68381474315197	26.296773918574235	48.08187525304502	45.300231421113125	0.0	0.0	0.0	0.0	0.0	0.0	0.0	0.0	0.0	0.0	0.0	0.0	0.0	0.0	0.0	0.0	0.0	39.704740051172266	0.0	0.0	0.0	0.0	0.0	0.0	0.0	0.0	0.0	0.0
GSM4138110_HNSCC_1_PBMC_AAACGGGCAGTATCTG	64.33991941254416	88.07407746672347	12.622505314594745	0.0	78.65051459937298	22.1247885172561	0.0	0.0	0.0	0.0	0.0	0.0	23.025263137088892	0.0	0.0	0.0	0.0	0.0	0.0	47.801111897087054	23.85591997055629	0.0	30.17883384216518	0.0	0.0	0.0	0.0	0.0	0.0	0.0	0.0	0.0	0.0
GSM4138110_HNSCC_1_PBMC_AAAGATGTCTGATTCT	72.13866748135023	75.16048130804874	25.81600609410887	0.0	22.635795406050274	63.37034657107858	79.72007837628094	10.872178036254882	31.289750341892628	5.845706159914943	8.156884413498114	14.413229771182177	0.0	0.0	0.0	0.0	0.0	0.0	0.0	0.0	0.0	0.0	0.0	0.0	0.0	0.0	0.0	0.0	0.0	0.0	0.0	0.0	0.0
GSM4138110_HNSCC_1_PBMC_AAAGTAGGTAGCGCTC	98.96697844821753	45.44435039224431	36.467223423789484	0.0	0.7727594131878665	0.0	0.0	32.16145025512333	0.0	0.0	0.0	0.0	0.0	87.60632123049851	0.0	0.0	0.0	0.0	0.0	38.23329477164482	0.0	0.0	0.0	0.0	0.0	0.0	0.0	0.0	0.0	0.0	0.0	0.0	0.0
GSM4138110_HNSCC_1_PBMC_AACTCAGGTGGTCTCG	71.58581465462854	46.422383308864134	16.10680690270851	0.0	0.0	0.0	0.0	72.39192449390667	0.0	63.17974580557386	0.0	0.0	0.0	0.0	38.52261905463034	0.0	0.0	0.0	0.0	0.0	0.0	5.5588748605513745	0.0	0.0	0.0	0.0	0.0	0.0	0.0	0.0	0.0	0.0	0.0
GSM4138110_HNSCC_1_PBMC_AACTCCCTCCAATGGT	121.13691104489534	116.83420319106926	17.69874369446654	23.940686334824058	51.866604513487445	75.6176695206001	0.0	0.0	0.0	3.7627678724173346	0.0	0.0	7.578390702290175	0.0	0.0	75.39926337787851	0.0	0.0	0.0	0.0	7.558781008666676	0.0	0.0	0.0	0.0	0.0	0.0	0.0	0.0	0.0	0.0	0.0	0.0
GSM4138110_HNSCC_1_PBMC_AACTCTTAGTGGGTTG	90.89128832441344	75.22388101887994	20.26797133148806	70.39941554922412	55.198783400112056	0.0	0.0	0.0	0.0	0.0	0.0	0.0	0.0	0.0	0.0	0.0	0.0	0.0	11.524517590723818	0.0	0.0	0.0	0.0	0.0	0.0	0.0	0.0	0.0	0.0	0.0	0.0	62.49222202128302	0.0
GSM4138110_HNSCC_1_PBMC_AACTCTTGTCACACGC	59.496118668741715	37.22976886238587	18.971976155158313	0.0	1.117442709384688	0.0	0.0	43.43375218849845	5.6389255239070195	0.0	0.0	0.0	37.52084322633873	0.0	0.0	0.0	58.146259945279446	0.0	0.0	0.0	0.0	0.0	0.0	0.0	0.0	0.0	0.0	0.0	0.0	0.0	0.0	0.0	0.0
GSM4138110_HNSCC_1_PBMC_AACTTTCAGAAGGTTT	70.14980157098924	72.89690450674954	57.7423606523029	54.54257514829909	55.21714451117455	7.974878941739571	0.0	0.0	0.0	0.0	0.0	0.0	0.0	0.0	8.709218172154115	0.0	0.0	0.0	19.2025373866658	0.0	0.0	0.0	0.0	0.0	0.0	0.0	0.0	40.12615123502598	0.0	0.0	0.0	0.0	0.0
GSM4138110_HNSCC_1_PBMC_AAGGAGCTCCTTTCGG	104.44303858007197	88.35184121825999	35.14781411035159	0.0	28.627963514970286	0.0	1.738452626327169	87.22204078485026	0.0	0.3115340677160452	0.0	0.0	0.0	0.0	0.0	46.57935920206962	0.0	0.0	0.0	43.61797723682447	0.0	0.0	0.0	0.0	0.0	0.0	0.0	39.8562938245852	0.0	0.0	0.0	0.0	0.0
GSM4138110_HNSCC_1_PBMC_AATCCAGAGTGCTGCC	92.21938085527519	100.48231563977983	25.18116167019056	0.0	67.47121060518472	0.0	0.0	75.28375832072994	0.0	0.0	0.0	0.0	0.0	0.0	0.0	51.63679148264497	25.15712005192807	0.0	0.0	0.0	0.0	0.0	0.0	0.0	0.0	0.0	0.0	0.0	0.0	0.0	0.0	0.0	0.0
GSM4138110_HNSCC_1_PBMC_AATCGGTGTCTAGCCG	132.15391361839227	73.38070662661144	24.81277172315574	0.0	107.85993405252377	86.3985183677322	0.0	0.0	0.0	0.0	0.0	0.0	0.0	0.0	0.1560670997200402	0.0	77.81793998589501	0.0	0.0	0.0	22.46230682526595	0.0	0.0	0.0	0.0	0.0	0.0	0.0	0.0	0.0	0.0	0.0	0.0
GSM4138110_HNSCC_1_PBMC_ACACCCTCATCTACGA	47.51796286199525	64.35602513998404	22.045582255114702	0.0	39.69603039453318	0.0	4.679413115194424	0.0	64.70529899432988	1.4684647474984034	0.0	0.0	0.0	0.0	0.0	19.57914453653	8.66117378564996	0.0	1.0594141396813437	0.0	0.0	0.0	0.0	0.0	0.0	0.0	0.0	23.493957006926724	0.0	0.0	0.0	0.0	0.0
GSM4138110_HNSCC_1_PBMC_ACACCGGCACCATGTA	205.73785744273397	205.5919396050616	55.35037258679811	29.009273870418447	46.20371287807603	0.0	0.0	132.81815209357853	0.0	0.0	133.45850241924936	0.0	0.0	0.0	0.0	0.0	0.0	0.0	0.0	0.0	145.41574749273678	0.0	0.0	0.0	0.0	0.0	0.0	0.0	0.0	0.0	0.0	0.0	0.0
GSM4138110_HNSCC_1_PBMC_ACATCAGAGCGTTCCG	190.68706839173223	161.57238998564185	34.48939746383196	0.0	83.38524550510282	93.77625028301354	0.0	0.0	0.0	0.0	0.0	175.02617040756505	0.0	0.0	0.0	0.0	0.0	0.0	0.0	0.0	0.0	0.0	0.0	0.0	0.0	0.0	0.0	0.0	0.0	0.0	0.0	0.0	0.0
GSM4138110_HNSCC_1_PBMC_ACCCACTCAATGTAAG	70.48333302102527	52.53373431983657	24.229004833401728	45.44781787917341	0.0	0.0	0.0	0.0	0.0	13.385218694383063	0.0	0.0	0.0	0.0	0.0	0.0	0.0	0.0	0.0	0.0	16.037627578107813	0.0	0.0	0.0	0.0	0.0	0.0	37.24423417525264	0.0	0.0	0.0	0.0	0.0
GSM4138110_HNSCC_1_PBMC_ACCCACTGTAAGTGTA	82.67099316478601	102.75121219159246	29.673700775898453	0.0	0.0	44.132239895676	0.0	0.0	0.0	45.2977139182874	8.957190258109827	0.0	6.07000563147863	78.63516665114349	0.0	0.0	0.0	0.0	0.0	0.0	0.0	0.0	0.0	0.0	0.0	0.0	0.0	0.0	0.0	0.0	0.0	0.0	0.0
GSM4138110_HNSCC_1_PBMC_ACCTTTATCATAACCG	110.27982587852325	94.16794088568007	40.41092931923319	53.17598437316803	0.0	28.370699160214073	118.12828392467705	0.0	0.0	0.0	63.500714427091616	0.0	0.0	0.0	0.0	0.0	0.0	0.0	0.0	0.0	0.0	0.0	0.0	0.0	0.0	0.0	0.0	0.0	0.0	0.0	0.0	0.0	0.0
GSM4138110_HNSCC_1_PBMC_ACGAGCCAGGTGTGGT	70.42102469112126	83.30011235492948	26.890600947922458	38.33477035265176	0.0	0.0	0.0	0.0	0.0	0.0	0.0	0.0	0.0	0.0	0.0	0.0	0.0	0.0	0.0	0.0	0.0	0.0	105.51525740583476	39.44216193963073	0.0	0.0	0.0	0.0	0.0	0.0	0.0	0.0	0.0
GSM4138110_HNSCC_1_PBMC_ACGATACCATATGAGA	111.84993027658084	39.28428487368289	14.526178580056778	53.53560552121586	0.0	0.0	0.0	0.0	0.0	32.20263263969969	0.0	45.69330832493759	0.0	0.0	0.0	0.0	0.0	0.0	0.0	0.0	0.0	0.0	0.0	0.0	0.0	0.0	0.0	0.0	0.0	0.0	0.0	0.0	0.0
GSM4138110_HNSCC_1_PBMC_ACGATACTCTGATTCT	60.45810219831453	32.22695318680461	17.531682546206145	64.04032333651669	0.0	3.115252874377101	0.0	0.0	0.0	65.14973849867731	0.0	0.0	0.0	0.0	0.0	0.0	27.450598621479017	0.0	4.8198886032383905	0.0	32.09925165310304	0.0	0.0	0.0	0.0	0.0	0.0	0.0	0.0	0.0	0.0	0.0	0.0
GSM4138110_HNSCC_1_PBMC_ACGATGTCAGGCAGTA	135.49201973246173	47.024939735318455	18.989045730513574	0.0	34.8998016009584	68.98024999318538	0.0	0.0	0.0	0.4703669625658182	0.0	0.0	0.0	55.57537987087286	0.0	0.0	0.0	0.0	0.0	0.0	0.0	0.0	0.0	0.0	0.0	0.0	0.0	0.0	0.0	0.0	0.0	0.0	0.0
GSM4138110_HNSCC_1_PBMC_ACGCAGCGTAGAGCTG	35.44378515937926	52.31978321320329	18.141768111410848	19.574506000884877	27.34514669775863	52.87668638243394	44.89595230294217	0.0	0.0	0.0	0.0	0.0	0.0	0.0	0.0	0.0	0.0	0.0	0.0	0.0	0.0	0.0	0.0	0.0	0.0	0.0	0.0	0.0	0.0	0.0	0.0	0.0	0.0
GSM4138110_HNSCC_1_PBMC_ACGCCGAAGGTAGCTG	34.786866592605094	44.960202037171754	20.7653822071982	0.0	0.0	0.0	0.0	0.0	35.20317883364507	0.0	0.0	0.0	48.94876581519541	0.0	0.0	0.0	0.0	0.0	0.0	0.0	0.0	0.0	13.641689537646487	0.0	31.077256448648278	0.0	0.0	0.0	0.0	0.0	0.0	0.0	0.0
GSM4138110_HNSCC_1_PBMC_ACGGGCTGTGATAAAC	87.20711199931927	44.92765370292309	26.313829555156165	70.2873040425093	0.0	2.591986864457913	0.38519203519206285	0.0	0.0	39.040340393931096	0.0	18.01923698607726	0.0	0.0	0.0	13.083370452251424	0.0	0.0	0.0	0.0	80.12800439178392	0.0	0.0	0.0	0.0	0.0	0.0	0.0	0.0	0.0	0.0	0.0	0.0
GSM4138110_HNSCC_1_PBMC_ACGTCAACATCACGAT	79.60503488233212	24.409334468406442	15.830666841059658	0.0	0.0	36.080266684605874	33.25655292104986	0.0	0.0	0.0	0.0	0.0	49.58252248872721	0.0	0.0	0.0	0.0	0.0	0.0	0.0	0.0	0.0	0.0	0.0	0.0	0.0	0.0	0.0	0.0	0.0	0.0	0.0	0.0
GSM4138110_HNSCC_1_PBMC_ACTATCTAGGAATTAC	176.95551409057595	134.17523685030676	29.127250569618322	0.0	49.577997378675576	0.0	0.0	137.85247578387578	0.0	0.9803989961744815	25.571428886072972	0.0	0.0	100.6594302081027	0.0	0.0	0.0	0.0	0.0	0.0	0.0	0.0	0.0	0.0	0.0	0.0	0.0	0.0	0.0	0.0	0.0	0.0	0.0
GSM4138110_HNSCC_1_PBMC_ACTGATGTCGTTACGA	92.41876498982	134.0525500784079	37.55125675241366	0.0	0.0	0.0	0.0	99.38222486549813	0.0	0.0	108.7038386945238	0.0	0.0	0.0	0.0	0.0	0.0	0.0	0.0	0.0	0.0	76.52778249460304	0.0	0.0	0.0	0.0	0.0	0.0	3.3515387488412625	0.0	0.0	0.0	0.0
GSM4138110_HNSCC_1_PBMC_ACTTACTAGATAGGAG	79.03041385617196	102.57019246578211	14.096299741576068	0.0	0.0	47.38631775038836	0.0	0.0	0.0	0.0	0.0	69.01087850807727	48.22734115504993	0.0	0.0	0.0	0.0	0.0	0.0	19.865824023789926	0.0	0.0	0.0	0.0	0.0	0.0	0.0	0.0	0.0	0.0	0.0	0.0	0.0
GSM4138110_HNSCC_1_PBMC_ACTTGTTTCCACGACG	121.94800022514616	45.480057225299056	19.18389519440772	0.0	0.0	0.0	0.0	0.0	49.773881101093664	0.0	0.0	98.89339077578495	34.371218746383654	0.0	0.0	0.0	0.0	0.0	0.0	24.518569848829674	0.0	0.0	0.0	0.0	0.0	0.0	0.0	0.0	0.0	0.0	0.0	0.0	0.0
GSM4138110_HNSCC_1_PBMC_ACTTTCATCGTCACGG	90.55097474508351	43.50214693885135	35.546251955841825	0.0	38.03988881115912	0.0	45.67679834941265	69.90598063212722	0.0	0.0	0.0	0.0	0.0	0.0	0.0	0.0	0.0	0.0	0.0	0.0	0.0	0.0	0.0	0.0	0.0	0.0	0.0	0.0	0.0	0.0	0.0	0.0	0.0
GSM4138110_HNSCC_1_PBMC_AGATTGCTCATGCTCC	115.49052573747223	57.9893943549072	55.96409098414715	0.0	0.0	134.19342197946568	9.319291222789168	0.0	0.0	51.36213194701114	0.0	0.0	0.0	0.0	64.1123857332493	0.445624407212913	0.0	0.0	0.0	0.0	0.0	0.0	0.0	0.0	0.0	0.0	0.0	0.0	0.0	0.0	0.0	0.0	0.0
GSM4138110_HNSCC_1_PBMC_AGATTGCTCCTAGAAC	41.33311701725252	46.62518119014106	18.115257216095525	140.14397268728413	1.8518962685156433	0.0	0.0	0.0	0.0	0.0	0.0	0.0	0.0	0.0	15.690979306884497	0.0	0.0	0.0	0.0	10.359360123572218	11.346730743777703	0.0	16.47129049111324	0.0	0.0	0.0	0.0	0.0	0.0	0.0	0.0	0.0	0.0
GSM4138110_HNSCC_1_PBMC_AGCAGCCTCACTCTTA	86.86230230699091	79.21199485525048	17.376877528621495	0.0	40.69319099235685	0.0	61.16549754262833	48.05465784782478	0.0	4.892999447568403	0.0	0.0	0.0	0.0	0.0	0.0	0.0	0.0	0.0	0.0	0.0	0.0	0.0	0.0	0.0	0.0	0.0	0.0	0.0	0.0	0.0	0.0	0.0
GSM4138110_HNSCC_1_PBMC_AGCCTAAAGCGTGAAC	135.70479515419595	115.77762231613279	32.901672328145054	107.20702834578739	0.0	0.0	0.0	0.0	0.0	0.0	0.0	0.0	57.09321410717366	17.840000217025743	0.0	6.465149380348329	0.0	0.0	0.0	0.29016215496242487	0.0	5.153388560990224	0.0	8.853079797929354	0.0	0.0	0.0	0.0	0.0	81.12283005879203	0.0	0.0	0.0
GSM4138110_HNSCC_1_PBMC_AGCCTAAGTCTCATCC	47.266599013771135	39.1445302912862	7.501580494589454	12.903763227488641	0.0	8.710585797094407	0.0	0.0	0.0	0.0	0.0	107.29003511738631	15.805330564465239	0.0	0.0	0.0	0.0	0.0	0.0	10.54225920135671	0.0	0.0	0.0	0.0	0.0	0.0	0.0	0.0	0.0	0.0	0.0	0.0	0.0
GSM4138110_HNSCC_1_PBMC_AGCGTATAGCCAGTTT	99.32390613367737	52.70022808956999	22.31012503841665	0.0	36.643141094906326	103.2717147015765	0.0	0.0	0.0	0.0	0.0	15.133854947707157	13.243516715296627	56.09633713593649	0.0	0.0	0.0	0.0	0.0	0.0	0.0	0.0	0.0	0.0	0.0	0.0	0.0	0.0	0.0	0.0	0.0	0.0	0.0
GSM4138110_HNSCC_1_PBMC_AGCGTCGAGCGCTCCA	75.2980870549729	95.1372004195797	34.37622626147751	0.0	44.10396012359828	0.0	41.092469372538176	52.83590560589295	0.0	0.0	0.0	0.0	4.686940832527732	0.0	0.0	0.0	0.0	0.0	0.0	0.0	0.0	0.0	0.0	0.0	0.0	0.0	0.0	0.0	0.0	0.0	0.0	0.0	0.0
GSM4138110_HNSCC_1_PBMC_AGCTCCTGTATCACCA	164.84089088014107	120.72082541756784	38.28225128144541	44.326801805866275	66.09225796052543	0.0	40.04670471389275	117.22202527080643	0.0	0.0	0.0	0.0	0.0	0.0	0.0	0.8241367926282126	0.0	0.0	0.0	0.0	0.0	0.0	0.0	0.0	0.0	70.43236343866008	0.0	0.0	0.0	0.0	0.0	0.0	0.0
GSM4138110_HNSCC_1_PBMC_AGCTCTCAGTCGTTTG	121.45251773866083	131.3307889938139	30.37047061221264	35.107805932457495	62.64202710607823	0.0	112.65142060047734	38.06226297760841	0.0	0.0	0.0	0.0	0.0	0.0	0.0	0.0	0.0	0.0	0.0	0.0	0.0	0.0	0.0	0.0	0.0	0.0	0.0	0.0	0.0	0.0	0.0	0.0	0.0
GSM4138110_HNSCC_1_PBMC_AGCTTGAAGACTGGGT	106.19658312312906	65.9716634237557	62.03856376108003	0.0	0.0	0.0	0.0	67.32583480701726	0.0	0.0	0.0	0.0	46.50845828823703	0.0	0.0	0.0	12.114143668509277	0.0	0.0	0.0	15.09144683534276	0.0	0.0	0.0	0.0	0.0	0.0	44.18681498852254	0.0	0.0	0.0	0.0	0.0
GSM4138110_HNSCC_1_PBMC_AGGCCGTAGACTACAA	97.03987162614634	79.25004294191585	30.888118366279684	13.325961770691151	52.529721520776405	60.41574871535591	103.96133913472234	0.0	0.0	0.0	0.0	0.0	16.64908513360792	0.0	0.0	0.0	0.0	0.0	0.0	0.0	0.0	0.0	0.0	0.0	0.0	0.0	0.0	0.0	0.0	0.0	0.0	0.0	0.0
GSM4138110_HNSCC_1_PBMC_AGGGATGAGACCCACC	90.85055438298701	62.257607371004816	25.96126725202029	0.0	31.25500492195506	77.17676636919622	0.0	0.0	0.0	0.0	15.22635258650602	0.0	0.0	11.990842777481308	0.0	0.0	0.0	0.0	0.0	0.0	0.0	0.0	0.0	0.0	0.0	0.0	45.824440938489204	0.0	0.0	0.0	0.0	0.0	0.0
GSM4138110_HNSCC_1_PBMC_AGGGATGCATGTTCCC	164.89146800027478	77.79845320498961	50.33102749314136	0.0	0.0	0.0	86.82268580528843	0.0	83.43472680166461	53.14317034841513	0.0	0.0	0.0	0.0	0.0	0.0	0.0	0.0	0.0	0.0	0.0	0.0	0.0	0.0	0.0	0.0	0.0	0.0	0.0	0.0	0.0	0.0	0.0
GSM4138110_HNSCC_1_PBMC_AGTAGTCGTCAATGTC	76.02923408706518	50.13720552576766	28.773043707199726	62.18346079451796	57.279463932582914	0.0	0.6912410196991114	0.0	0.0	0.0	0.0	0.0	0.0	0.0	0.0	53.58477217163494	0.0	0.0	0.0	0.0	0.0	0.0	0.0	0.0	0.0	0.0	0.0	0.0	0.0	0.0	0.0	0.0	0.0
GSM4138110_HNSCC_1_PBMC_AGTAGTCGTCCGAAGA	83.76880329896285	70.54608046392718	17.12277714238362	83.96813028781386	40.65002564735514	0.0	0.0	0.0	0.0	0.0	0.0	0.0	0.0	0.0	82.15399237704187	0.0	0.0	0.0	0.0	0.0	0.0	0.0	0.0	0.0	0.0	0.0	0.0	0.0	0.0	0.0	0.0	0.0	0.0
GSM4138110_HNSCC_1_PBMC_AGTGGGAAGGAGCGAG	162.30587793136755	126.28735641560371	56.69215984981881	101.74201603363372	0.0	0.0	0.0	0.0	0.0	0.0	126.3461017589744	0.0	0.0	0.0	0.0	0.0	0.0	0.0	0.0	0.0	0.0	0.0	0.0	0.0	0.0	86.27255448735502	0.0	0.0	0.0	0.0	0.0	36.881898617322705	0.0
GSM4138110_HNSCC_1_PBMC_AGTGTCAGTACCGGCT	52.80782093537805	63.555708227864685	33.05434911164817	114.97902390824342	0.0	0.0	0.0	51.28211075030979	0.0	16.682370874426372	0.0	0.0	0.0	135.71076318844544	0.0	0.0	0.0	0.0	0.0	0.0	0.0	0.0	0.0	0.0	0.0	0.0	0.0	0.0	0.0	0.0	0.0	0.0	0.0
GSM4138110_HNSCC_1_PBMC_ATAAGAGAGCTGATAA	76.0023702544292	37.09945149823144	33.12738016409413	0.0	0.0	82.90076371172395	0.0	0.0	0.0	0.0	0.0	0.0	0.0	0.0	0.0	0.0	0.0	0.0	19.85997162754106	29.44896342413896	0.0	0.0	0.0	0.0	0.0	0.0	0.0	0.0	0.0	0.0	0.0	0.0	0.0
GSM4138110_HNSCC_1_PBMC_ATCACGAGTCAAACTC	56.174876963308236	73.0543018863175	18.5348546163705	0.0	19.252270532104852	40.69265902226593	0.0	0.0	12.75896754023697	6.814679969325114	0.0	0.0	0.0	0.0	0.0	0.0	0.0	0.0	0.0	0.0	0.0	0.0	79.00583424464412	0.0	0.0	0.0	0.0	0.0	0.0	0.0	0.0	0.0	0.0
GSM4138110_HNSCC_1_PBMC_ATCATCTTCTGTGCAA	50.96496859124884	82.95296715501667	22.84330587356128	8.607590911131544	59.91780412841658	45.017522510382484	0.0	0.0	0.0	0.0	0.0	0.0	0.0	0.0	0.0	51.29642579478183	0.0	0.0	0.0	0.0	0.0	0.0	0.0	0.0	0.0	0.0	0.0	0.0	0.0	0.0	0.0	0.0	0.0
GSM4138110_HNSCC_1_PBMC_ATCATGGGTCACTGGC	98.10962156485992	45.42799976071753	22.787786252775007	0.0	64.57538359866476	0.0	0.0	0.0	78.96226148144207	10.055208556778062	0.0	0.0	0.0	0.0	37.384533004199525	0.0	0.0	0.0	0.0	0.0	0.0	0.0	0.0	0.0	0.0	77.31459533636246	0.0	0.0	0.0	0.0	0.0	0.0	0.0
GSM4138110_HNSCC_1_PBMC_ATCTGCCCATACGCCG	65.70879249738707	42.609348546678454	33.74210661167213	0.0	0.0	72.13189343748667	1.1985571351486786	0.0	0.0	0.0	75.22722183308878	3.9165117876481923	0.0	35.36168905045553	0.0	0.0	0.0	0.0	0.0	0.0	15.41953174787418	0.0	0.0	0.0	0.22370134919377324	0.0	0.0	0.0	0.0	0.0	0.0	0.0	0.0
GSM4138110_HNSCC_1_PBMC_ATGAGGGAGTGTACGG	126.61129337173665	101.18961627916299	23.681169909345684	51.28326580922747	0.0	0.0	0.0	0.0	0.0	0.0	60.02568962076248	0.0	0.0	0.0	0.0	0.0	0.0	106.82700674506484	0.0	0.0	0.0	0.0	0.0	0.0	0.0	0.0	0.0	0.0	0.0	0.0	0.0	0.0	0.0
GSM4138110_HNSCC_1_PBMC_ATGGGAGAGACCCACC	150.26461877861843	222.54804832417514	41.560655387061274	0.0	152.4922152100063	8.080243858930675	0.0	3.6166655447621645	82.07879200844646	0.0	0.0	0.0	0.0	0.0	0.0	0.0	0.0	0.0	0.0	0.0	0.0	124.93635223592645	0.0	0.0	0.0	0.0	0.0	0.0	0.0	44.569394170954524	0.0	0.0	0.0
GSM4138110_HNSCC_1_PBMC_ATGTGTGTCCAGTAGT	46.47092085313079	47.4776860453574	13.84843991628011	0.0	0.0	58.89722695166997	0.0	0.0	0.0	0.0	0.0	0.0	0.0	73.95509160533906	0.0	0.0	0.0	0.0	0.0	32.78503324036883	0.0	0.0	8.257794783102073	0.0	0.0	0.0	0.0	0.0	0.0	0.0	0.0	0.0	0.0
GSM4138110_HNSCC_1_PBMC_ATTATCCAGCGCCTTG	91.78286875406708	124.62904315659902	31.80668708699006	0.0	0.0	77.98716898531417	0.0	0.0	0.0	80.65103978204623	0.0	0.0	0.0	0.0	0.0	0.0	0.0	0.0	0.0	0.0	89.75420977423508	0.0	0.0	0.0	0.0	0.0	0.0	0.0	0.0	0.0	0.0	0.0	0.0
GSM4138110_HNSCC_1_PBMC_ATTCTACAGATGTCGG	75.01355327892227	101.25787300042059	21.96947186748268	0.0	51.396270359649115	65.38796133967412	70.81364436621108	0.0	0.0	9.89268955296586	0.0	0.0	0.0	0.0	0.0	0.0	0.0	0.0	0.0	0.0	0.0	6.513128792105377	2.750781954935133	0.0	0.0	0.0	0.0	0.0	0.0	0.0	0.0	0.0	0.0
GSM4138110_HNSCC_1_PBMC_ATTGGACAGAAGGCCT	39.22438100672666	40.76529712536953	22.93095845856637	43.10746768852575	0.0	0.0	0.0	0.0	0.0	54.90046900927948	0.0	0.0	0.0	0.0	0.0	0.0	0.0	0.0	0.0	0.0	0.0	0.0	52.0153480258889	0.0	0.0	0.0	0.0	0.0	0.0	0.0	0.0	0.0	0.0
GSM4138110_HNSCC_1_PBMC_ATTGGTGCACAGGAGT	95.0377475011732	75.90408561535881	21.421233660057737	0.0	46.66367889709476	54.269677225814426	0.0	0.0	0.0	0.0	0.0	0.0	0.0	105.00449074088458	0.0	0.0	0.0	0.0	0.0	0.0	0.0	0.0	0.0	0.0	0.0	0.0	0.0	0.0	0.0	0.0	0.0	0.0	0.0
GSM4138110_HNSCC_1_PBMC_CAACCTCTCTAAGCCA	50.32727008431228	34.996718719326005	27.164058529190598	0.0	65.90514748196613	43.39790795022	0.0	0.0	0.0	0.0	0.0	0.0	0.0	0.0	0.0	24.96377206633996	25.54868780720934	0.0	0.0	0.0	0.0	0.0	0.0	0.0	0.0	0.0	0.0	0.0	0.0	0.0	0.0	0.0	0.0
GSM4138110_HNSCC_1_PBMC_CAACTAGGTGTCCTCT	64.06666244329328	74.37285373856933	16.806650657307998	41.277050949033544	69.84243896170238	0.0	0.0	13.936953691243158	0.0	0.0	0.0	0.0	0.0	0.0	68.79583218123385	0.0	0.0	0.0	0.0	0.0	0.0	0.0	0.0	0.0	0.0	0.0	0.0	0.0	0.0	7.025514723978525	0.0	0.0	0.0
GSM4138110_HNSCC_1_PBMC_CAACTAGTCAAGATCC	83.06160742118846	47.1045219949877	17.432555898510216	0.0	0.0	0.0	0.0	13.930270826819758	47.57522555589547	26.50505583560042	8.874956088322344	0.0	0.0	0.0	0.0	33.070048456863454	21.42299316273202	0.0	0.0	0.0	0.0	0.0	0.0	0.0	0.0	0.0	25.601278309645053	0.0	0.0	0.0	0.0	0.0	0.0
GSM4138110_HNSCC_1_PBMC_CAAGAAATCACAAACC	47.1478928031875	46.99965948448876	14.16725882858929	0.0	39.91600685564302	0.0	0.0	46.27481783686303	0.0	0.0	8.006126833937712	0.0	0.0	49.502887262154026	0.0	0.0	0.0	0.0	2.436383156824964	0.0	0.0	0.0	0.0	0.0	0.0	0.0	0.0	0.0	0.0	0.0	0.0	0.0	0.0
GSM4138110_HNSCC_1_PBMC_CAAGTTGCATGTTCCC	139.95140921720724	86.92027851895851	31.164299269176514	0.0	76.97570925552934	98.73735160253777	0.0	0.0	0.0	0.0	15.28005780116914	0.0	0.0	0.0	0.0	0.0	0.0	119.11643134497501	0.0	0.0	0.0	0.0	0.0	0.0	0.0	0.0	0.0	0.0	0.0	0.0	0.0	0.0	0.0
GSM4138110_HNSCC_1_PBMC_CACACTCTCAAGATCC	74.29196575769488	89.33638503949385	19.822612295489126	69.77387163723726	88.09302120592461	0.0	91.15609115356531	0.0	0.0	0.0	0.0	0.0	0.0	0.0	0.0	0.0	0.0	0.0	0.0	0.0	0.0	19.61666644991225	0.0	0.0	0.0	0.0	0.0	0.0	0.0	0.0	0.0	0.0	0.0
GSM4138110_HNSCC_1_PBMC_CACAGGCTCCGCGTTT	71.08995173234851	84.97413990806675	32.41183090598283	0.0	0.0	0.0	0.0	81.65490427444328	0.0	51.69271474671879	0.0	0.0	6.017366271617132	0.0	0.0	13.397759701342563	0.0	0.0	0.0	0.0	0.0	23.41970083116119	63.39792105965224	0.0	0.0	0.0	0.0	0.0	0.0	0.0	0.0	0.0	0.0
GSM4138110_HNSCC_1_PBMC_CACAGTAAGTTACCCA	66.5097591360593	65.47868840714983	23.716378622661832	0.0	53.563661378142974	93.4982332417251	0.0	0.0	0.0	0.0	0.0	0.0	0.0	0.0	0.0	0.0	0.0	0.0	110.18414220202202	0.0	0.0	0.0	0.0	0.0	0.0	0.0	0.0	0.0	0.0	0.0	0.0	0.0	0.0
GSM4138110_HNSCC_1_PBMC_CACATTTAGTAGCGGT	119.33143338020311	45.39197316052493	12.97270770225844	0.0	5.42789866769997	0.0	63.473686697446	0.0	75.82791564073074	0.0	19.734052534152763	0.0	0.0	0.0	0.0	0.0	0.0	0.0	0.0	15.876685728361265	0.0	0.0	0.0	0.0	0.0	0.0	0.0	0.0	0.0	0.0	0.0	0.0	0.0
GSM4138110_HNSCC_1_PBMC_CACCACTTCCGCGGTA	58.83352849417638	61.5667789979919	52.776766040418934	0.0	0.0	0.0	0.0	0.0	40.8904423098813	0.0	32.60604057586542	0.0	0.0	0.0	0.0	0.0	0.0	0.0	0.0	0.0	0.0	52.994978591177045	0.0	0.0	0.0	0.0	0.0	0.0	0.0	0.0	0.0	0.0	0.0
GSM4138110_HNSCC_1_PBMC_CAGAGAGAGCCACTAT	67.03841253814166	40.83052343177367	12.992683528606271	0.0	87.54996132330966	51.00742437914438	0.0	0.0	0.0	0.0	0.0	0.0	0.0	0.0	0.0	71.41828462895988	0.0	0.0	0.0	0.0	0.0	0.0	0.0	0.0	0.0	0.0	0.0	0.0	0.0	0.0	0.0	0.0	0.0
GSM4138110_HNSCC_1_PBMC_CAGCAGCGTGCAGTAG	23.173799965365443	75.9532320244867	14.98487311746194	39.899901072553185	0.0	0.0	25.88380690741103	0.0	0.0	0.0	17.54747690477083	0.0	0.0	11.894216695001736	0.0	0.0	0.0	0.0	0.0	0.0	0.0	0.0	0.0	1.2762850359864868	0.0	0.0	0.0	0.0	0.0	0.0	0.0	0.0	0.0
GSM4138110_HNSCC_1_PBMC_CAGCATAAGTACTTGC	36.942603642304206	75.88446835216351	21.278675269069918	12.319950349270092	0.0	8.948969449996229	0.0	0.0	0.0	88.08983775833724	0.0	0.0	0.0	83.19127305719252	0.0	0.0	0.0	0.0	0.0	0.0	0.0	0.0	0.7295501143442138	0.0	0.0	0.0	0.0	0.0	0.0	0.0	0.0	0.0	0.0
GSM4138110_HNSCC_1_PBMC_CAGCATATCAGAGGTG	145.41398285790848	128.57320274709014	95.66723904552462	101.1251179330807	69.21750744516534	0.0	0.0	0.0	0.0	14.354618985643919	0.0	0.0	0.0	0.0	0.0	0.0	0.0	0.0	0.0	0.0	0.0	0.0	0.0	0.0	110.3924075639031	0.0	0.0	0.0	0.0	0.0	0.0	0.0	0.0
GSM4138110_HNSCC_1_PBMC_CAGCTAAGTTCCACGG	0.0	0.0	1373.156992383263	0.0	0.0	0.0	0.0	0.0	0.0	0.0	0.0	0.0	0.0	0.0	0.0	0.0	0.0	0.0	0.0	0.0	0.0	0.0	0.0	0.0	0.0	0.0	0.0	0.0	0.0	0.0	0.0	0.0	0.0
GSM4138110_HNSCC_1_PBMC_CATCGAAGTACTTCTT	56.154594510467845	141.3773164311563	14.038697575811323	0.0	47.293756016825355	114.0026385100583	65.06801189337624	0.0	0.0	0.0	0.0	0.0	0.0	0.0	0.0	0.0	0.0	0.0	0.0	0.0	0.0	0.0	0.0	3.04864392680726	0.0	0.0	0.0	0.0	0.0	0.0	0.0	0.0	0.0
GSM4138110_HNSCC_1_PBMC_CATCGGGAGAGCTTCT	37.089166345607	46.15355403983528	13.79821605636824	0.0	0.0	0.0	0.0	1.8633171988005972	18.342973223580113	0.0	0.0	0.0	0.0	0.0	0.0	0.0	0.0	0.0	31.05760339779778	23.42887539100939	0.0	0.0	0.0	0.0	0.0	0.0	0.0	0.0	0.0	0.0	0.0	0.0	0.0
GSM4138110_HNSCC_1_PBMC_CATTATCTCGATCCCT	194.26399594562375	67.84423662287134	41.75532521024438	116.3033762647108	41.39470658570982	0.0	0.0	0.0	0.0	11.189632770766648	0.0	0.0	0.0	0.0	70.48752701676793	0.0	0.0	0.0	0.0	11.676866367935746	0.0	0.0	0.0	0.0	0.0	0.0	0.0	0.0	0.0	0.0	0.0	0.0	0.0
GSM4138110_HNSCC_1_PBMC_CATTCGCAGTGAAGAG	199.51868393474862	154.16206651154639	62.269421079657796	133.36054080033045	74.74283661390106	0.0	0.0	0.0	0.0	0.0	0.0	49.50910337728768	0.0	0.0	44.056362391753275	0.0	0.0	0.0	0.0	0.0	0.0	0.0	0.0	0.0	0.0	7.853919198225889	0.0	0.0	0.0	0.0	0.0	0.0	0.0
GSM4138110_HNSCC_1_PBMC_CCACGGACAGATGGGT	153.92688540782063	158.5492398463854	47.27177358623151	0.0	0.0	0.0	65.39499865805361	0.0	135.75784986881416	0.0	0.0	0.0	54.59648016388397	0.0	40.009640500402824	0.0	0.0	0.0	0.0	0.0	0.0	0.0	0.0	0.0	0.0	0.0	0.0	0.0	0.0	0.0	0.0	0.0	0.0
GSM4138110_HNSCC_1_PBMC_CCACTACAGGTTCCTA	65.8120757277497	100.87171290634498	27.754666105664853	0.0	60.84776799345405	0.0	0.0	77.59150423128753	0.0	0.0	0.0	0.0	0.0	0.0	0.0	67.56818242842469	0.0	0.0	0.0	0.0	0.0	0.0	0.0	0.0	0.0	0.0	0.0	0.0	0.0	0.0	0.0	0.0	0.0
GSM4138110_HNSCC_1_PBMC_CCCAGTTAGGCACATG	44.9269177364151	87.93127588592522	34.48447927058661	0.0	58.52086276231372	0.0	0.0	0.0	36.12352339421711	0.0	0.0	0.0	0.0	0.0	0.0	0.0	0.0	0.0	0.0	0.0	0.0	0.0	0.0	0.0	0.0	53.55337751439282	0.0	8.373841170037194	0.0	0.0	0.0	0.0	0.0
GSM4138110_HNSCC_1_PBMC_CCCTCCTGTACAGCAG	51.13941971557291	102.2758722669183	37.96611318511183	33.83416574259912	0.0	1.5635297436501696	0.0	0.0	0.0	0.0	63.61694883477	0.0	0.0	47.507573156422524	0.0	0.0	0.0	0.0	0.0	0.0	0.0	0.0	11.52876846866851	0.0	0.0	0.0	0.0	0.0	0.0	0.0	0.0	0.0	0.0
GSM4138110_HNSCC_1_PBMC_CCCTCCTTCCATGAAC	81.49133314155438	29.049835665732346	54.009151889892706	40.806464063517716	16.697427978527	0.0	62.878632328754534	2.777295631029108	0.0	0.0	5.029429301398133	0.0	13.59812009366579	0.0	0.0	0.0	0.0	0.0	0.0	0.0	0.0	0.0	0.0	0.0	0.0	0.0	0.0	0.0	0.0	0.0	0.0	0.0	0.0
GSM4138110_HNSCC_1_PBMC_CCGTACTGTTCCAACA	116.67022496666739	92.61647248753253	31.276702277504388	99.66852364110821	101.82998520741272	0.0	0.0	0.0	0.0	0.0	0.0	0.0	0.0	0.0	81.02583743367657	0.0	0.0	0.0	0.0	0.0	0.0	0.0	0.0	0.0	0.0	0.4832859132550428	0.0	0.0	0.0	0.0	0.0	0.0	0.0
GSM4138110_HNSCC_1_PBMC_CCGTACTTCCGATATG	36.15329361999938	38.82587498936469	19.106178622567747	0.0	0.0	36.84077793084043	0.0	0.0	0.0	46.79899169802455	0.0	0.0	0.0	0.0	34.19748451801126	0.0	0.0	0.0	15.110272329655936	0.0	0.0	0.0	0.0	0.0	0.0	0.0	0.0	0.0	0.0	0.0	0.0	0.0	0.0
GSM4138110_HNSCC_1_PBMC_CCGTGGAAGGAGTACC	91.78279928790334	72.42422323929185	20.928132733679533	0.0	30.457029490194188	0.0	0.0	54.18268326742887	0.0	0.0	0.0	0.0	0.0	29.817628591622924	0.0	0.0	0.0	0.0	0.0	17.870941024418332	30.275618881064357	0.0	0.0	0.0	0.0	0.0	0.0	0.0	0.0	0.0	0.0	0.0	0.0
GSM4138110_HNSCC_1_PBMC_CCTAAAGAGCGCCTCA	97.8345140736939	149.61387970043606	65.99268625422873	98.07778308500451	121.68057778027627	0.0	0.0	0.0	0.0	0.0	62.52957580788292	0.0	0.0	88.64816737739467	0.0	0.0	0.0	0.0	0.0	0.0	0.0	0.0	40.9753524171033	0.0	0.0	0.0	0.0	0.0	0.0	0.0	0.0	0.0	0.0
GSM4138110_HNSCC_1_PBMC_CCTACACCACAGGCCT	84.50842612087416	51.53057168035064	28.118046948534623	0.0	0.0	82.59566052728256	0.0	0.0	0.0	49.44527885771322	0.0	0.0	0.0	0.0	0.0	3.6733637681503963	73.89781942259152	0.0	9.001086894277911	0.0	0.0	0.0	0.0	0.0	0.0	0.0	0.0	0.42752207916948687	0.0	0.0	0.0	0.0	0.0
GSM4138110_HNSCC_1_PBMC_CCTATTACACAAGACG	158.22552433230507	104.63320557237593	19.546431403668073	0.0	0.0	107.28008944014616	0.0	0.0	0.0	77.97062622012115	0.0	0.0	0.0	144.34624513913627	0.0	0.0	0.0	0.0	0.0	0.0	0.0	0.0	2.2522395858126556	0.0	0.0	0.0	0.0	0.0	0.0	0.0	0.0	0.0	0.0
GSM4138110_HNSCC_1_PBMC_CCTTACGAGAATAGGG	64.82202118083136	57.41636356013494	21.820969694967044	85.132824858819	49.48637497545237	0.0	0.0	0.0	0.0	0.0	0.0	0.0	0.0	0.0	0.0	131.68907539504414	0.0	0.0	0.0	0.0	0.0	0.0	0.0	0.0	0.0	0.0	0.0	0.0	0.0	0.0	0.0	0.0	0.0
GSM4138110_HNSCC_1_PBMC_CGAACATGTCCAGTAT	98.97247352890672	35.968804620540716	35.775194740189626	43.29139433547014	0.0	0.0	0.0	0.0	0.0	0.0	8.847979862886216	0.0	0.0	0.0	0.0	0.0	0.0	0.0	0.0	0.0	54.32130737401801	0.0	0.0	37.32726600612678	0.0	0.0	0.0	0.0	0.0	0.0	0.0	0.0	0.0
GSM4138110_HNSCC_1_PBMC_CGATCGGCAACACCCG	47.81823758542819	68.64910914384599	8.965556339674798	24.825931957346157	0.0	0.0	25.164321224582675	10.386884628157425	0.0	0.0	15.192238634761612	0.0	0.0	0.0	0.0	0.0	0.0	0.0	0.0	0.0	17.505011190306323	0.0	0.0	0.0	0.0	0.0	0.0	0.0	0.0	0.0	0.0	0.0	0.0
GSM4138110_HNSCC_1_PBMC_CGATGTATCCTTTCGG	86.03805085962131	59.366843730808334	37.839633265256914	52.184702363999754	0.0	0.0	0.0	0.0	0.0	11.363623218098764	33.67196756883598	58.084933262659256	0.0	0.0	0.0	0.0	0.0	0.0	0.0	0.0	0.0	0.0	0.0	4.575068048003793	0.0	0.0	0.0	0.0	0.0	0.0	0.0	0.0	0.0
GSM4138110_HNSCC_1_PBMC_CGCGGTAAGACACGAC	35.070736435146465	53.6643778489267	18.792263966893763	0.0	16.04047435381786	0.0	68.39465103617749	0.0	8.729255889050075	0.0	17.32094909063	0.0	0.0	0.0	0.0	0.0	0.0	0.0	0.0	0.0	0.0	0.0	0.0	0.0	0.0	0.0	0.0	0.0	0.0	0.0	0.0	0.0	0.0
GSM4138110_HNSCC_1_PBMC_CGCGGTATCAGTCCCT	127.10693827514397	74.58415728815513	22.21299742800562	43.48686391615442	41.22225205402802	0.0	42.0897767169108	0.0	0.0	0.0	0.0	0.0	0.0	0.0	0.0	0.0	0.0	0.0	0.0	0.0	0.0	0.0	0.0	0.0	0.0	0.0	0.0	8.89968364536016	0.0	0.0	0.0	0.0	0.0
GSM4138110_HNSCC_1_PBMC_CGCTATCAGGTAGCCA	99.11400988499369	91.54060989333314	22.91277478620161	0.0	0.0	99.43400226142539	46.766052930233094	0.0	0.0	0.0	93.65674563405076	0.0	0.0	0.0	0.0	0.0	90.4655225250614	0.0	0.0	0.0	0.0	0.0	0.0	0.0	0.0	0.0	0.0	0.0	0.0	0.0	0.0	0.0	0.0
GSM4138110_HNSCC_1_PBMC_CGCTTCACAGTACACT	130.6818157078429	63.54604617940517	20.092423774171316	11.144990819548044	13.775685495949181	75.22928080914913	4.173776708492201	0.0	0.0	57.22309213066731	0.0	0.0	0.0	0.0	0.0	12.953871298464245	0.0	32.52439454455552	0.0	0.0	0.0	0.0	0.0	0.0	0.0	0.0	0.0	0.0	0.0	0.0	19.915328839358423	0.0	0.0
GSM4138110_HNSCC_1_PBMC_CGGAGCTCAGACGCAA	53.04187291602634	44.370178728093926	21.38304010328433	0.0	0.0	62.227267084359475	0.0	0.0	0.0	0.0	33.07650777797013	0.0	0.0	0.0	0.0	0.0	0.0	0.0	0.0	0.0	0.0	55.58696614048521	0.0	0.0	0.0	0.0	0.0	0.0	0.0	0.0	0.0	0.0	0.0
GSM4138110_HNSCC_1_PBMC_CGGAGCTTCGCCTGAG	130.22242853643786	124.45891743352891	30.03482611873074	0.0	57.44178632237849	0.0	0.0	0.0	74.97232283894238	20.954105697547952	0.0	0.0	0.0	0.0	0.0	0.0	0.0	0.0	0.0	0.0	0.0	0.0	0.0	0.0	0.0	0.0	109.26695293785752	0.0	0.0	0.0	0.0	0.0	0.0
GSM4138110_HNSCC_1_PBMC_CGGCTAGTCACATAGC	129.81188342327715	175.80271154220785	41.65691942897764	0.0	0.0	0.0	112.10690369107942	0.0	76.27390268594651	109.08616781314875	0.0	0.0	0.0	0.0	0.0	0.0	0.0	0.0	0.0	0.0	0.0	0.0	0.0	0.0	0.0	0.0	0.0	0.0	0.0	0.0	0.0	0.0	0.0
GSM4138110_HNSCC_1_PBMC_CGGCTAGTCAGAGACG	60.01566707172684	42.93988279030476	22.902650414506788	0.0	35.162583906361974	0.0	0.0	12.162620520788048	56.05539007585669	0.0	0.0	0.0	0.0	0.0	65.40933887094593	0.0	0.0	0.0	0.0	0.0	0.0	0.0	0.0	0.0	0.0	0.0	0.0	0.0	0.0	0.0	0.0	0.0	0.0
GSM4138110_HNSCC_1_PBMC_CGGCTAGTCCTAAGTG	77.57741941544072	108.0119667841088	22.33590856890835	0.0	0.0	74.52566781697952	0.0	0.0	0.0	0.0	7.255969104551818	0.0	0.0	110.96839837479452	0.0	0.0	0.0	0.0	0.0	0.0	0.0	0.0	0.0	37.41978315573482	0.0	0.0	0.0	0.0	0.0	0.0	0.0	0.0	0.0
GSM4138110_HNSCC_1_PBMC_CGTAGCGAGAAGGGTA	97.1131119559389	97.94743050787007	22.164228413784304	32.91247514420978	0.0	8.518313313753247	137.5239012791207	0.0	0.0	37.9800275233139	0.0	0.0	0.0	0.0	0.0	0.0	0.0	0.0	0.0	17.14609300332634	0.0	0.0	0.0	0.0	0.0	0.0	0.0	0.0	0.0	0.0	0.0	0.0	0.0
GSM4138110_HNSCC_1_PBMC_CGTAGGCGTGGTAACG	55.97742086413812	39.96429151870725	18.68200356636999	0.0	0.0	28.100410918192775	0.0	0.0	0.0	47.78815003952198	0.0	0.0	0.0	96.73846828904443	0.0	0.0	0.0	0.0	0.0	0.0	0.0	0.0	0.0	0.0	0.0	0.0	0.0	0.0	0.0	0.0	0.0	0.0	0.0
GSM4138110_HNSCC_1_PBMC_CGTCACTTCAAACCGT	123.69328891297975	70.67917979622658	41.608603634320325	0.0	0.0	53.94283761202925	0.0	0.0	0.0	61.35183679982343	0.0	0.0	0.0	0.0	0.0	78.81109830355155	0.0	0.0	0.0	0.0	0.0	0.0	0.0	0.0	0.0	0.0	0.0	0.0	0.0	0.0	0.0	0.0	0.0
GSM4138110_HNSCC_1_PBMC_CGTCCATAGCAGCGTA	52.94152457539145	35.11989159692645	14.770495919391646	0.0	0.0	0.0	0.0	0.0	14.648239670867776	30.797271065297195	0.0	0.0	30.89216331394793	0.0	0.0	0.0	26.509603717258294	0.0	0.0	0.0	41.16352877518964	0.0	0.0	0.0	0.0	0.0	0.0	0.0	0.0	0.0	0.0	0.0	0.0
GSM4138110_HNSCC_1_PBMC_CGTGTAAAGGTGTGGT	116.90693881002612	101.68522290278396	15.399838858237079	0.0	30.09976255238124	77.35703871258168	24.105738306673057	0.0	0.0	0.0	51.070357247104624	0.0	0.0	0.0	0.0	0.0	0.0	0.0	0.0	0.0	0.0	21.050409351699457	0.0	0.0	0.0	0.0	0.0	0.0	0.0	29.152018737764084	0.0	0.0	0.0
GSM4138110_HNSCC_1_PBMC_CGTTGGGCAGGCGATA	61.11330628876729	73.62549181513171	36.21336465099497	36.494261335209494	0.0	20.339531565256177	0.0	0.0	0.0	53.96972647956588	0.0	0.0	0.0	0.0	0.0	0.0	0.0	0.0	0.0	0.0	55.39389468419443	0.0	0.0	0.0	0.0	0.0	0.0	0.0	0.0	0.0	0.0	0.0	0.0
GSM4138110_HNSCC_1_PBMC_CTACACCGTAGCTTGT	101.80890102238224	58.28014445330073	23.180484396917436	0.0	33.41537786895384	42.30309636000398	0.0	0.0	0.0	10.42539712011726	0.0	0.0	0.0	0.0	0.0	0.0	0.0	39.341531357447934	46.384878778648094	0.0	0.0	0.0	0.0	0.0	0.0	0.0	0.0	0.0	0.0	0.0	0.0	0.0	0.0
GSM4138110_HNSCC_1_PBMC_CTACGTCAGTGGGATC	83.03633830817911	65.11645250693287	30.86634196003798	0.0	0.0	0.0	0.0	28.17980785669327	0.0	93.9289902783007	0.0	0.0	0.0	0.0	0.0	0.0	0.0	0.0	0.0	0.0	46.489959217322586	0.0	0.0	0.0	0.0	0.0	0.0	0.0	0.0	0.0	0.0	0.0	0.0
GSM4138110_HNSCC_1_PBMC_CTACGTCTCCACGAAT	71.7835028108423	61.59630694063908	11.661059198800023	24.14762608595267	0.0	0.0	14.145983469114988	0.0	0.0	0.0	0.0	0.0	0.0	0.0	0.0	0.0	0.0	0.0	0.0	50.99994017182903	0.0	26.79459761746859	0.0	0.0	0.0	0.0	0.0	0.0	22.079294799168554	0.0	0.0	0.0	0.0
GSM4138110_HNSCC_1_PBMC_CTAGCCTAGCCAACAG	89.05683880532952	91.84428630851822	33.76853620617517	66.05005973236067	0.0	0.0	0.0	0.0	0.0	0.0	42.67019938689214	0.0	0.0	0.0	50.91410403890536	0.0	0.0	0.0	0.0	0.0	0.0	0.0	0.0	0.0	0.0	0.0	0.0	0.0	0.0	0.0	0.0	0.0	0.0
GSM4138110_HNSCC_1_PBMC_CTCAGAATCGAATGGG	124.00506567098941	84.45004241918085	42.841162738886176	0.0	0.0	85.85651897003571	0.0	0.0	0.0	65.71473589967687	0.0	0.0	0.0	105.51637670974016	0.0	0.0	0.0	0.0	0.0	0.0	0.0	0.0	0.0	0.0	0.0	0.0	0.0	0.0	0.0	0.0	0.0	0.0	0.0
GSM4138110_HNSCC_1_PBMC_CTCCTAGCAAGTCTGT	114.31090505392662	73.09441650342704	44.71259627871753	79.24391640040953	61.037137676689746	0.0	0.0	0.0	0.0	0.0	0.0	0.0	0.0	0.0	32.37317439777503	0.0	0.0	0.0	0.0	0.0	0.0	1.0617957330547638	26.503414381004514	0.0	0.0	0.0	0.0	0.0	0.0	0.22632760705129068	0.0	0.0	0.0
GSM4138110_HNSCC_1_PBMC_CTCGGAGAGCAGGTCA	137.69540424669412	114.20689773213559	30.45586445983582	0.0	0.0	0.0	78.38996914465027	0.0	39.73152556602068	74.92027240878156	0.0	0.0	0.0	0.0	0.0	0.0	0.0	0.0	0.0	0.0	0.0	0.0	0.0	0.0	0.0	0.0	0.0	0.0	0.0	0.0	0.0	0.0	0.0
GSM4138110_HNSCC_1_PBMC_CTCGTACTCAGCAACT	160.02364758316293	112.46968104595122	44.36637081440183	0.0	0.6414580903393547	0.0	11.636605007743073	0.0	119.95253159518961	0.0	21.022629485150564	90.27770506793279	0.0	0.0	0.0	0.0	0.0	0.0	0.0	20.75148968997925	0.0	0.0	0.0	0.0	0.0	0.0	0.0	0.0	0.0	0.0	0.0	0.0	0.0
GSM4138110_HNSCC_1_PBMC_CTCGTCAAGCTCTCGG	122.87596908213158	150.79726109410248	61.02960094012982	35.56069183479519	0.0	0.0	0.0	0.0	0.0	0.0	93.30137931767842	0.0	0.0	182.29566923236584	0.0	0.0	0.0	0.0	0.0	0.0	0.0	0.0	0.0	0.0	0.0	0.0	0.0	0.0	0.0	0.0	0.0	0.0	0.0
GSM4138110_HNSCC_1_PBMC_CTCTACGCAGATCGGA	48.04159133692409	25.062646193577905	13.604730474283008	40.25988389052097	0.0	0.0	25.46515074680855	0.0	0.0	0.0	49.70769220213737	0.0	0.0	0.0	0.0	0.0	0.0	7.243519608275146	0.0	0.0	0.0	0.0	0.0	0.0	0.0	0.0	0.0	0.0	0.0	0.0	0.0	0.0	0.0
GSM4138110_HNSCC_1_PBMC_CTCTGGTAGACAGGCT	33.97809205624946	39.01809710332996	9.437756681657099	0.0	0.0	64.43806782864667	0.0	0.0	0.0	0.0	43.589427140998176	84.64156798040223	0.0	0.0	0.0	0.0	0.0	0.0	0.0	0.0	0.0	0.0	0.0	0.0	0.0	0.0	0.0	0.0	0.0	0.0	0.0	0.0	0.0
GSM4138110_HNSCC_1_PBMC_CTCTGGTCACAGCCCA	123.70245336903723	82.91740139871789	20.83201672971173	0.0	0.0	0.0	4.9710551179745295	0.0	50.79761387220316	0.0	0.0	119.64019542771065	44.551213364649186	0.0	0.0	0.0	0.0	0.0	0.0	20.257251398922353	0.0	0.0	0.0	0.0	0.0	0.0	0.0	0.0	0.0	0.0	0.0	0.0	0.0
GSM4138110_HNSCC_1_PBMC_CTGAAACCAGCCTTGG	74.18174435850612	90.58983025695537	83.5471971698167	56.27326727503036	0.0	0.0	0.0	0.0	0.0	0.0	0.0	0.0	0.0	0.0	0.0	0.0	0.0	0.0	0.0	18.103938497335697	0.0	63.826975262706526	0.0	0.0	0.0	0.0	0.0	0.0	0.0	0.0	0.0	0.0	0.0
GSM4138110_HNSCC_1_PBMC_CTGAAACCAGTATGCT	70.76915835951765	83.45328352306208	32.52594849162796	0.0	0.0	0.0	0.0	0.0	84.12929354343082	0.0	0.0	0.0	55.14932070242428	0.0	0.0	90.51789363157003	0.0	0.0	0.0	0.0	0.0	0.0	0.0	0.0	0.0	0.0	0.0	0.0	0.0	0.0	0.0	0.0	0.0
GSM4138110_HNSCC_1_PBMC_CTGAAGTCAGCTGCTG	87.71988550121144	71.86372205847665	22.583549965035818	0.0	6.870956415723437	0.0	0.0	69.36313324395442	0.0	0.0	0.0	73.42003156077195	0.0	0.0	0.0	0.0	0.0	0.0	0.0	35.16908295946541	0.0	0.0	0.0	0.0	0.0	0.0	0.0	0.0	0.0	0.0	0.0	0.0	0.0
GSM4138110_HNSCC_1_PBMC_CTGAAGTGTTCTCATT	78.57674122084401	95.24932483266912	18.510486575483668	0.0	139.99754554791105	0.0	0.0	0.0	16.19197842620052	0.0	0.0	30.50033104765464	0.0	0.0	0.0	0.0	0.0	0.0	0.0	0.0	0.0	0.0	0.0	0.0	0.0	0.0	0.0	0.0	0.0	0.0	0.0	0.0	0.0
GSM4138110_HNSCC_1_PBMC_CTGTTTACAAAGGTGC	81.43529418201682	86.80151151636261	24.89696559018829	41.14421869712838	0.0	0.0	0.0	1.8556654113125486	0.0	0.0	22.595287055885482	0.0	0.0	61.21315815042592	0.0	0.0	1.6916166370517534	0.0	0.0	0.0	0.0	0.0	0.0	23.319281919378568	0.0	0.0	0.0	0.0	0.0	0.0	0.0	0.0	0.0
GSM4138110_HNSCC_1_PBMC_CTTAACTGTGACGCCT	43.241480048751036	69.27506417754172	13.474610002587937	37.20894984632933	0.0	0.0	0.0	0.0	0.0	53.458813345616285	0.0	0.0	0.0	0.0	87.55166741520021	0.0	0.0	0.0	0.0	0.0	0.0	0.0	0.0	0.0	0.0	0.0	0.0	0.0	0.0	0.0	0.0	0.0	0.0
GSM4138110_HNSCC_1_PBMC_CTTAGGAAGGTGATTA	158.89424089244434	172.22633878569863	35.17921139627468	165.6753213017411	131.16980307673322	0.0	0.0	0.0	0.0	0.0	0.0	0.0	0.0	0.0	0.0	0.0	0.0	0.0	0.0	0.0	0.0	0.0	0.0	0.0	0.0	0.0	0.0	152.58670017733343	0.0	0.0	0.0	0.0	0.0
GSM4138110_HNSCC_1_PBMC_CTTAGGACAGAGTGTG	71.85468703388013	106.12918969304606	11.978733079167185	0.0	26.839405446040818	0.0	0.0	51.6320139772779	0.0	0.0	0.0	0.0	0.0	0.0	0.0	0.0	51.25662752968512	0.0	0.0	0.0	0.0	0.0	0.0	0.0	0.0	0.0	0.0	0.0	0.0	0.0	0.0	0.0	0.0
GSM4138110_HNSCC_1_PBMC_CTTGGCTCAAAGCGGT	125.60157346588117	55.01607821869227	40.92677220941083	0.0	0.0	0.0	28.500339427494573	11.246555459227007	49.04273346162277	75.04489916669036	0.0	0.0	0.0	0.0	0.0	0.0	0.0	0.0	0.0	0.0	0.0	0.0	0.0	0.0	0.0	82.95376199622685	0.0	0.0	0.0	0.0	0.0	0.0	0.0
GSM4138110_HNSCC_1_PBMC_GAAACTCGTCTTCTCG	156.3142139375393	164.0659395694061	22.637720878582492	61.999758179322136	78.33699003929628	0.0	0.0	65.61312382696353	0.0	0.0	0.0	0.0	0.0	0.0	0.0	0.0	0.0	0.0	0.0	0.0	0.0	85.6924404315608	0.0	0.0	0.0	0.0	0.0	0.0	0.0	0.0	0.0	0.0	0.0
GSM4138110_HNSCC_1_PBMC_GAAATGAAGAGCAATT	43.06957832227092	30.82163222108107	18.105304974790794	40.71895857991602	0.0	0.0	0.0	0.0	0.0	39.9998534458461	0.0	0.0	0.0	0.0	1.6224049526263609	0.0	0.0	0.0	0.0	0.0	0.0	0.0	48.964174732203944	0.0	0.0	0.0	0.0	0.0	0.0	0.0	0.0	0.0	0.0
GSM4138110_HNSCC_1_PBMC_GAACATCTCGGTTAAC	43.836624506441325	58.814494197477636	22.77267136861902	0.0	0.0	0.0	60.30680340490045	71.87548086307632	0.0	0.0	0.0	0.0	44.45285222228268	0.0	0.0	0.0	0.0	0.0	0.0	0.0	0.0	0.0	0.0	0.0	0.0	0.0	0.0	5.505949800401178	0.0	0.0	0.0	0.0	0.0
GSM4138110_HNSCC_1_PBMC_GAACCTATCGGCCGAT	36.35226579210509	57.66812681231475	8.644213023078175	29.93496077018537	0.0	0.0	76.57063797836032	62.13137527585681	0.0	0.0	35.52567789748772	0.0	0.0	0.0	0.0	0.0	0.0	0.0	0.0	0.0	0.0	0.0	0.0	0.0	0.0	0.0	0.0	0.0	0.0	0.0	0.0	0.0	0.0
GSM4138110_HNSCC_1_PBMC_GAATGAAGTTGGACCC	81.7535437465482	38.6289854171292	4.072730651432946	0.0	0.0	0.0	15.460278846834234	0.0	45.5590057421116	24.47893161006212	0.0	0.0	0.0	0.0	19.294386973083082	0.0	0.0	0.0	0.0	13.261248389663324	0.0	0.0	0.0	0.0	0.0	0.0	0.0	0.0	0.0	0.0	0.0	0.0	0.0
GSM4138110_HNSCC_1_PBMC_GACAGAGAGAGCCTAG	96.9537450221549	50.519953660513295	13.913625158854074	31.923585301997353	7.507726568546311	0.0	0.0	0.0	0.0	0.0	4.752865385663955	0.0	0.0	3.7786010929486253	0.0	0.0	0.0	0.0	42.83568996395962	0.0	0.0	0.0	0.0	0.0	0.0	0.0	0.0	0.0	0.0	0.0	0.0	0.0	0.0
GSM4138110_HNSCC_1_PBMC_GACTAACAGGCAGGTT	130.52362146368944	75.31003099663842	58.34705500746256	0.0	0.0	111.71154762734211	0.0	0.0	0.0	61.749478920636435	0.0	0.0	45.17853442595043	109.67120971742808	0.0	0.0	0.0	0.0	0.0	0.0	0.0	0.0	0.0	0.0	0.0	0.0	0.0	0.0	0.0	0.0	0.0	0.0	0.0
GSM4138110_HNSCC_1_PBMC_GACTGCGGTATCTGCA	234.128144048509	0.0	60.84068719466963	30.73946465889685	0.0	0.0	0.0	0.0	0.0	0.0	0.0	31.70650684117346	0.0	0.0	0.0	0.0	0.0	0.0	0.0	58.93430361750194	0.0	0.0	0.0	0.0	0.0	0.0	0.0	0.0	0.0	0.0	0.0	0.0	0.0
GSM4138110_HNSCC_1_PBMC_GACTGCGTCTAAGCCA	156.80224228760753	88.59081174878949	14.145900763486905	17.491587774909416	0.0	0.0	68.70970985120985	2.574118938738059	77.07411324423877	0.0	0.0	0.0	24.288229281768448	0.0	0.0	0.0	0.0	0.0	0.0	79.3222192908764	0.0	0.0	0.0	0.0	0.0	0.0	0.0	0.0	0.0	0.0	0.0	0.0	0.0
GSM4138110_HNSCC_1_PBMC_GATCGATGTGCTGTAT	116.46083823133525	78.96161620683498	23.084272620177806	57.70776827141104	98.91580368296391	0.0	0.0	0.0	0.0	0.0	0.0	0.0	0.0	0.0	78.51978467064406	0.0	0.0	0.0	0.0	0.0	0.0	0.0	0.0	0.0	0.0	0.0	0.0	0.0	0.0	0.0	0.0	0.0	0.0
GSM4138110_HNSCC_1_PBMC_GATCTAGAGGGCTCTC	72.24029146817044	66.15682839123936	16.475507145518357	0.0	0.0	0.0	0.0	0.398010728047562	60.61277885445505	0.0	19.969645988031704	0.0	0.0	0.0	64.1017024920527	0.0	0.0	0.0	0.0	0.0	0.0	0.0	0.0	0.0	0.0	0.0	0.0	0.0	0.0	0.0	0.0	0.0	0.0
GSM4138110_HNSCC_1_PBMC_GATCTAGCAAACCTAC	164.76748554328742	100.18991045241951	26.051428280765347	0.0	0.0	83.82259141616377	79.21642464082005	0.0	0.0	0.0	0.0	0.0	99.48570691748736	0.0	0.0	0.0	0.0	0.0	0.0	0.0	0.0	0.0	0.0	0.0	0.0	0.0	0.0	0.0	0.0	0.0	0.0	0.0	0.0
GSM4138110_HNSCC_1_PBMC_GATGAAAAGAAGGGTA	70.6934617752123	62.03526957751671	36.87227708830484	15.899355405353507	0.0	0.0	0.0	0.0	17.592309850587675	35.19680582663408	0.0	0.0	2.486354670188086	0.0	0.0	0.0	0.0	0.0	0.0	0.0	54.524017752984264	0.0	0.0	0.0	0.0	0.0	0.0	0.0	0.0	0.0	0.0	0.0	0.0
GSM4138110_HNSCC_1_PBMC_GATGCTAGTATGGTTC	59.78372845327459	57.082712504897984	13.198761300652158	0.0	78.7044685736938	30.39920922503815	0.0	0.0	0.0	1.3477331367626317	0.0	0.0	0.0	0.0	0.0	44.441321191380176	0.0	0.0	65.73148515562276	0.0	0.0	0.0	0.0	0.0	0.0	0.0	0.0	0.0	0.0	0.0	0.0	0.0	0.0
GSM4138110_HNSCC_1_PBMC_GATTCAGAGCTATGCT	99.01222219165194	74.22709586889127	33.5010250861186	83.97117035432866	0.0	0.0	59.13606875553543	0.0	0.0	0.0	0.0	0.0	0.0	0.0	0.0	0.0	0.0	0.0	0.0	46.442965517105755	0.0	100.61871141818388	0.0	0.0	0.0	0.0	0.0	0.0	0.0	0.0	0.0	0.0	0.0
GSM4138110_HNSCC_1_PBMC_GCACATACATGAACCT	90.07327754115306	65.94995709787679	22.697534416987892	58.320421728816555	65.54518598768932	0.0	0.0	0.0	0.0	0.0	0.0	0.0	0.0	0.0	0.0	0.0	0.0	0.0	91.04942269807182	0.0	0.0	0.0	0.0	0.0	0.0	0.0	0.0	0.0	0.0	0.0	0.0	0.0	0.0
GSM4138110_HNSCC_1_PBMC_GCACATAGTCTTCTCG	102.70437737268453	95.46390017578611	32.50758690252421	32.11212208816979	84.20074236746696	0.0	36.69940560491966	0.0	0.0	0.0	0.0	0.0	0.0	0.0	0.0	0.0	0.0	0.0	58.454782315912105	0.0	0.0	0.0	0.0	0.0	0.0	0.0	0.0	0.0	0.0	0.0	0.0	0.0	0.0
GSM4138110_HNSCC_1_PBMC_GCAGTTATCCTACAGA	43.70547296676916	67.53201018433631	15.850397577755965	54.245849015920086	20.78965707758344	0.0	43.08594645440656	0.0	0.0	0.0	0.0	0.0	0.0	0.0	0.0	0.0	0.0	0.0	0.0	0.0	0.0	0.0	0.0	0.0	0.0	0.0	0.0	0.0	0.0	0.0	0.0	0.0	0.0
GSM4138110_HNSCC_1_PBMC_GCATACAAGACACGAC	164.26059234861623	111.53479123626092	72.09093417722163	73.793500730323	121.2130106899317	0.0	0.0	7.972831226279823	0.0	0.0	0.0	0.0	0.0	0.0	22.12687964137368	0.0	0.0	0.0	0.0	0.0	0.0	74.69967626078123	0.0	0.0	0.0	0.0	0.0	0.0	0.0	0.0	0.0	0.0	0.0
GSM4138110_HNSCC_1_PBMC_GCATGTATCTCATTCA	55.57008869978912	53.51776977853921	16.803580964930802	31.18651297628658	0.0	0.0	4.152300297225393	0.0	0.0	47.12453447087595	0.0	0.0	0.0	0.0	0.0	50.74880768290921	0.0	0.0	0.0	0.0	0.0	0.0	0.0	0.0	0.0	0.0	0.0	0.0	0.0	0.0	0.0	0.0	0.0
GSM4138110_HNSCC_1_PBMC_GCGAGAATCTATCCTA	71.72491111941883	63.241299741493	16.52171735228895	24.205085981246775	0.0	0.0	0.0	25.114358857744886	0.0	6.108079041156791	0.0	59.485352563325904	27.1455933208393	0.0	0.0	0.0	0.0	0.0	0.0	15.087568436721178	0.0	0.0	0.0	0.0	0.0	0.0	0.0	0.0	0.0	0.0	0.0	0.0	0.0
GSM4138110_HNSCC_1_PBMC_GCGCAACCAGTACACT	67.42536036957654	49.247691050973046	23.86384579252779	0.0	55.74345484047149	0.0	0.0	34.12858088395523	0.0	0.0	0.0	0.0	0.0	0.0	0.0	0.0	0.0	0.0	51.515698481873976	0.0	0.0	0.0	0.0	0.0	0.0	0.0	0.0	0.0	0.0	0.0	0.0	0.0	0.0
GSM4138110_HNSCC_1_PBMC_GCGCAACTCACCGTAA	45.22294736980417	40.964560858148666	23.24801089380121	112.9262130388489	0.0	0.0	0.0	0.0	0.0	0.0	0.0	0.0	0.0	0.0	0.0	0.0	0.0	0.0	0.0	22.425320746140596	0.0	0.0	0.0	0.0	0.0	0.0	0.0	70.0541092463843	0.0	0.0	0.0	0.0	0.0
GSM4138110_HNSCC_1_PBMC_GCGGGTTTCTGTACGA	93.40689202378019	78.0743325390391	25.627634987254652	44.028266148312326	0.0	0.0	95.31557205751737	0.0	0.0	71.70564655905135	0.0	0.0	0.0	0.0	0.0	0.0	0.0	0.0	0.0	0.0	0.0	0.0	0.0	0.0	0.0	0.0	0.0	0.0	0.0	0.0	0.0	0.0	0.0
GSM4138110_HNSCC_1_PBMC_GCTGCAGCACAACGCC	91.65113585283319	67.05949360340622	16.533837388101404	0.0	0.0	0.0	72.03967719425543	0.0	5.916221846289886	0.0	60.93328149574512	0.0	0.0	0.0	0.0	0.0	0.0	0.0	0.0	0.0	0.0	0.0	0.0	5.810192054891533	0.0	0.0	0.0	0.0	0.0	0.0	0.0	0.0	0.0
GSM4138110_HNSCC_1_PBMC_GGAACTTCAACTGGCC	127.02262522223727	53.27035706695411	13.248712909730994	11.76495315567151	0.0	30.995890177283993	0.0	0.0	0.0	0.0	0.0	0.0	38.08133876793858	0.0	0.0	0.0	0.0	0.0	0.0	0.0	0.0	0.0	0.0	30.010343185332463	0.0	0.0	111.89500073692878	0.0	0.0	0.0	0.0	0.0	0.0
GSM4138110_HNSCC_1_PBMC_GGAATAAAGAACAATC	42.78112667864455	62.917662970495954	12.139932027612039	0.0	0.0	0.0	0.0	43.45167233430821	0.0	64.69432381699791	0.0	0.0	0.0	0.0	0.0	75.01032975713186	0.0	0.0	0.0	0.0	0.0	0.0	0.0	0.0	0.0	0.0	0.0	0.0	0.0	0.0	0.0	0.0	0.0
GSM4138110_HNSCC_1_PBMC_GGACATTCACGGTTTA	80.92965385367017	83.74300852635288	22.889974531670635	0.0	0.0	0.0	94.56957092669957	0.0	39.001990601840674	0.0	0.0	0.0	37.69073036749087	0.0	0.0	0.0	0.0	0.0	0.0	9.625571362513158	0.0	0.0	0.0	0.0	0.0	0.0	0.0	0.0	0.0	0.0	0.0	0.0	0.0
GSM4138110_HNSCC_1_PBMC_GGCTCGATCCGCGTTT	62.164673839306225	54.28893605243421	50.37615303848469	50.135252925634205	0.0	0.0	0.0	0.0	0.0	0.0	62.280851877235435	18.555954293853397	0.0	15.638984638294069	0.0	0.0	0.0	0.0	0.0	0.0	12.11243809809706	0.0	0.0	0.0	0.0	0.0	0.0	0.0	0.0	0.0	0.0	0.0	0.0
GSM4138110_HNSCC_1_PBMC_GGGACCTAGCCAGGAT	64.84771869281161	69.0544613593127	14.164105676395288	0.0	0.0	55.36651784340933	0.0	0.0	0.0	0.0	38.0945460594552	76.979872775543	0.0	0.0	0.0	0.0	0.0	0.0	0.0	0.0	0.0	0.0	0.0	8.683954134402015	0.0	0.0	0.0	0.0	0.0	0.0	0.0	0.0	0.0
GSM4138110_HNSCC_1_PBMC_GGGACCTCAGTCACTA	142.22503273109774	120.78829887770357	33.342499694306305	0.0	0.0	124.4164678731762	0.0	0.0	0.0	118.286135664171	0.0	0.0	0.0	0.0	0.0	118.23776925973675	0.0	0.0	0.0	0.0	0.0	0.0	0.0	0.0	0.0	0.0	0.0	28.349971229529956	0.0	0.0	0.0	0.0	0.0
GSM4138110_HNSCC_1_PBMC_GGGAGATGTGTGCGTC	54.159604114489895	109.91453688424323	15.641183447754678	15.985683108008345	20.89180996930559	15.349770575041035	65.7584865970283	0.0	0.0	0.0	0.0	0.0	0.0	0.0	0.0	0.0	16.319824420245624	0.0	0.0	13.291274279535596	0.0	0.0	0.0	0.0	0.0	0.0	0.0	0.0	0.0	0.0	0.0	0.0	0.0
GSM4138110_HNSCC_1_PBMC_GGGAGATTCACGATGT	60.07551599118937	65.16228025165046	17.269020633980414	0.0	35.76021177496124	37.37578985344676	0.0	0.0	0.0	0.0	0.0	0.0	0.0	0.0	0.0	0.0	0.0	0.0	0.0	0.0	36.03014675138104	0.0	0.0	0.0	0.0	0.0	0.0	0.0	0.0	0.0	0.0	0.0	0.0
GSM4138110_HNSCC_1_PBMC_GGGTTGCGTCCGAAGA	115.2666182277858	129.9485352487768	53.23474269483608	52.72366366238821	63.79426480669602	0.0	63.56565690126578	0.0	0.0	0.0	0.0	0.0	19.57396905718057	0.0	0.0	0.0	0.0	0.0	0.0	0.0	0.0	0.0	0.0	0.0	0.0	0.0	0.0	0.0	0.0	0.0	0.0	0.0	0.0
GSM4138110_HNSCC_1_PBMC_GGTGAAGTCGCTTGTC	70.73955908205778	90.93879556351708	24.304126132930993	45.81941894360532	14.829670852370123	11.194197476080545	0.0	0.0	0.0	0.0	0.0	0.0	0.0	80.96790703435917	0.0	0.0	0.0	0.0	0.0	41.03292725444875	0.0	0.0	0.0	0.0	0.0	0.0	0.0	0.0	0.0	0.0	0.0	0.0	0.0
GSM4138110_HNSCC_1_PBMC_GGTGTTACAAACGCGA	126.14645973119758	67.79347032626866	60.100746522417225	0.0	0.0	67.14257117182736	1.2304129272965354	0.0	0.0	0.0	72.56272974467315	0.0	0.0	0.0	12.919954040706653	0.0	0.0	0.0	0.0	0.0	0.0	25.868083309510244	0.0	0.0	0.0	0.0	17.078082529791267	0.0	0.0	0.0	0.0	0.0	0.0
GSM4138110_HNSCC_1_PBMC_GTAACTGTCTTCGAGA	121.50478304681599	64.41862595236448	31.439668656822892	65.14359342299353	66.90885639544871	0.0	69.98875352996353	0.0	0.0	0.0	0.0	0.0	9.8824250364748	0.0	0.0	0.0	0.0	0.0	0.0	0.0	0.0	0.0	0.0	0.0	0.0	0.0	0.0	0.0	0.0	0.0	0.0	0.0	0.0
GSM4138110_HNSCC_1_PBMC_GTAGGCCAGGTGTGGT	58.142672157793285	91.19369158980923	29.956277892710254	0.0	0.0	0.0	0.0	69.91948260644534	0.0	0.0	0.0	0.0	44.14851573377888	0.0	0.0	0.0	0.0	0.0	0.0	0.0	49.53406428878715	0.0	0.0	0.0	0.0	0.0	0.0	0.0	0.0	0.0	0.0	0.0	0.0
GSM4138110_HNSCC_1_PBMC_GTAGTCACAGATCCAT	90.77398411803189	59.02312345273898	14.348881591127297	54.281629292863386	47.64259711842677	13.716477427595152	19.13168284120146	0.0	0.0	0.0	0.0	0.0	0.0	0.0	0.0	0.0	0.0	0.0	0.0	0.0	0.0	27.26132331559243	0.0	0.0	0.0	0.0	0.0	0.0	37.95470479835613	0.0	0.0	0.0	0.0
GSM4138110_HNSCC_1_PBMC_GTAGTCAGTGGGTCAA	42.057232573191015	89.6640654107096	20.993640271267168	0.0	48.5907875711799	29.729188634520213	0.08458472410830029	0.0	0.0	0.0	0.0	0.0	0.0	0.0	8.006928482988414	42.485011132279695	0.0	0.0	0.0	0.0	0.0	0.0	0.0	0.0	0.0	0.0	0.0	0.0	0.0	0.0	0.0	0.0	0.0
GSM4138110_HNSCC_1_PBMC_GTATTCTAGGGTTTCT	141.7443929259801	61.697169253202524	26.90642414211074	0.0	56.3118935935705	0.0	51.77319898013587	118.87968609788837	0.0	0.0	0.0	0.0	0.0	0.0	0.0	0.0	0.0	0.0	0.0	0.0	0.0	0.0	0.0	0.0	0.0	0.0	0.0	0.0	0.0	0.0	0.0	0.0	0.0
GSM4138110_HNSCC_1_PBMC_GTATTCTTCCAAACTG	110.19059425431362	123.29332151763771	21.46173195441116	52.09800716083343	0.0	0.0	0.0	0.0	7.236340737948468	26.616829822731546	0.0	0.0	61.41338277846037	0.0	0.0	85.54982602285057	0.0	0.0	0.0	0.0	0.0	0.0	0.0	0.0	0.0	0.0	0.0	0.0	0.0	0.0	0.0	0.0	0.0
GSM4138110_HNSCC_1_PBMC_GTCGTAACAGGAACGT	105.1453322908976	43.686461603821556	25.412720637942993	50.89920151199439	36.577633301527925	0.0	21.743821490407143	35.26478817462097	0.0	0.0	0.0	0.0	0.0	0.0	0.0	0.0	0.0	0.0	0.0	0.0	0.0	0.0	0.0	0.0	0.0	23.45980791352416	0.0	0.0	0.0	0.0	0.0	0.0	0.0
GSM4138110_HNSCC_1_PBMC_GTCGTAAGTATGAAAC	57.93537965009132	75.32972116240035	17.991319912969136	0.0	0.0	22.804035845749976	0.0	0.0	0.0	0.0	0.0	0.0	25.35561040678846	0.0	0.0	71.05536925613244	0.0	0.0	0.0	15.532658890459672	0.0	0.0	0.0	0.0	0.0	0.0	0.0	0.0	0.0	0.0	0.0	0.0	0.0
GSM4138110_HNSCC_1_PBMC_GTCTCGTGTACGCACC	88.74938288461907	57.5149867537098	13.723713884906372	0.0	31.614053903060906	83.71689371199483	0.0	0.0	0.0	0.0	0.0	36.45953262983098	0.0	0.0	0.0	0.0	0.0	0.0	0.0	0.0	0.0	0.0	0.0	0.0	0.0	0.0	0.0	0.0	0.0	0.0	0.0	0.0	0.0
GSM4138110_HNSCC_1_PBMC_GTGGGTCAGAATGTGT	44.426876551981714	50.35071686815899	21.28820146209898	1.711115923411214	85.09165559309996	31.310984242797872	40.508087436637766	0.0	2.9232392236922053	0.0	0.0	0.0	0.0	0.0	0.0	0.0	0.0	0.0	0.0	0.0	0.0	0.0	0.0	0.0	0.0	0.0	0.0	0.0	0.0	0.0	0.0	0.0	0.0
GSM4138110_HNSCC_1_PBMC_GTTCATTGTAGCTGCC	108.1443973366757	56.182386479483945	27.194969157998255	1.8374665750769412	0.0	40.964370465064334	0.0	31.243261069421187	0.0	97.64633987785601	0.0	0.0	0.0	0.0	24.560275557092897	0.0	0.0	0.0	0.0	0.0	0.0	97.68005262423705	0.0	0.0	0.0	0.0	0.0	0.0	0.0	0.0	0.0	0.0	0.0
GSM4138110_HNSCC_1_PBMC_GTTCATTTCCGCGGTA	121.52690513364546	71.98300572034161	33.113602767666336	0.0	0.0	59.29016713532741	60.17975450039948	0.0	0.0	0.0	0.0	0.0	56.75805925972474	0.0	0.0	31.293305477678224	0.0	0.0	0.0	0.0	0.0	0.0	0.0	0.0	0.0	0.0	0.0	0.0	0.0	0.0	0.0	0.0	0.0
GSM4138110_HNSCC_1_PBMC_GTTCTCGCACTATCTT	84.26078102174024	70.74937470325922	15.622172599707346	0.0	69.61138480279534	0.0	50.930405819769035	43.14042681173397	0.0	0.0	0.0	0.0	0.0	0.0	0.0	0.0	0.0	0.0	0.0	0.0	0.0	0.0	0.0	0.0	0.0	0.0	0.0	0.0	0.0	0.0	0.0	0.0	0.0
GSM4138110_HNSCC_1_PBMC_GTTCTCGTCAGAGACG	75.86207959918781	42.636072984110115	17.798586859056897	90.33933960467446	55.50972411008936	4.575481249042125	57.91878855333969	0.0	0.0	0.0	0.0	0.0	0.0	0.0	0.0	0.0	0.0	0.0	0.0	0.0	0.0	0.0	0.0	0.0	0.0	0.0	0.0	0.0	0.0	0.0	0.0	0.0	0.0
GSM4138110_HNSCC_1_PBMC_TAAGCGTAGGTGCTTT	124.0969591595031	140.61863023060712	34.89619506754078	0.0	94.0863840488092	0.0	0.0	169.3046166962969	0.0	0.0	0.0	0.0	0.0	0.0	0.0	0.0	137.15741432911256	0.0	0.0	0.0	0.0	0.0	0.0	0.0	0.0	0.0	0.0	0.0	0.0	0.0	0.0	0.0	0.0
GSM4138110_HNSCC_1_PBMC_TACAGTGGTCATCGGC	154.69737031551125	101.2025421609618	49.187329505998484	0.0	45.31502617185502	0.0	0.0	62.290842428362026	30.324933578077506	0.0	10.453782500233737	37.64108865713263	0.0	32.083813097751396	0.0	26.021178394691308	0.0	0.0	0.0	0.0	28.469379064961576	0.0	0.0	0.0	0.0	0.0	0.0	0.0	0.0	0.0	0.0	0.0	0.0
GSM4138110_HNSCC_1_PBMC_TACCTTATCACGATGT	113.69611743343425	99.04687264934586	43.21776094408337	0.0	31.19571792990102	49.9479374447408	0.0	42.74510880952105	0.0	15.151038730646892	0.0	84.80386947660116	19.5492478022328	0.0	0.0	0.0	0.0	0.0	0.0	0.0	0.0	0.0	0.0	0.0	0.0	0.0	0.0	0.0	0.0	0.0	0.0	0.0	0.0
GSM4138110_HNSCC_1_PBMC_TACGGATTCTAACTTC	58.64356434347188	66.2817791044479	18.75704271962342	0.0	0.0	65.03904564518346	0.0	0.0	0.0	1.1135823566821503	0.0	0.0	35.724520790022304	0.0	0.0	0.0	0.0	0.0	0.0	0.0	62.17445032979381	0.0	0.0	0.0	0.0	0.0	0.0	0.0	0.0	0.0	0.0	0.0	0.0
GSM4138110_HNSCC_1_PBMC_TACTTGTAGTCATCCA	92.29885065697381	120.13602497822679	27.006321887545344	0.0	0.0	0.0	0.0	93.54119739210161	0.0	0.0	26.54674298027394	0.0	0.0	0.0	0.0	0.0	0.0	81.24179697147028	0.0	0.0	0.0	0.0	0.0	12.43912513192336	0.0	0.0	0.0	0.0	0.0	0.0	0.0	0.0	0.0
GSM4138110_HNSCC_1_PBMC_TACTTGTTCAGAGCTT	129.0132162411943	98.25325982621827	19.73876015350464	12.07865304365493	44.21463775908016	16.17659316791197	0.0	0.0	0.0	0.6691977160315518	0.0	0.0	0.0	92.43710010802344	0.0	0.0	0.0	0.0	0.0	86.38155258410276	6.203320826754757	0.0	0.0	0.0	0.0	0.0	0.0	0.0	0.0	0.0	0.0	0.0	0.0
GSM4138110_HNSCC_1_PBMC_TAGACCAGTCCGAGTC	93.85065064638096	79.94187496983406	20.17444664254332	0.0	0.0	88.98730030771905	0.0	0.0	0.0	0.0	14.914738846048238	0.0	0.0	81.28509520769863	0.0	0.0	0.0	0.0	0.0	0.0	0.0	0.0	0.0	38.22571915966836	0.0	0.0	9.454839342807894	0.0	0.0	0.0	0.0	0.0	0.0
GSM4138110_HNSCC_1_PBMC_TAGAGCTGTTCCCTTG	91.63649447040626	92.91435480314955	76.37279536135826	13.634278542632638	0.0	0.0	0.0	29.506917139582022	0.0	54.96038237401617	0.0	0.0	0.0	0.0	0.0	0.0	0.0	0.0	0.0	0.0	0.0	30.272775496220085	0.0	0.0	0.0	0.0	0.0	0.0	0.0	0.0	0.0	0.0	27.674040567943138
GSM4138110_HNSCC_1_PBMC_TATCTCACACGGCGTT	82.24553873833563	62.21343556942072	29.865762643011458	40.48734891388821	91.64898727246292	0.0	85.62974100881523	0.0	0.0	0.0	0.0	0.0	0.0	0.0	0.0	0.0	0.0	0.0	0.0	0.0	0.0	0.0	0.0	0.0	0.0	0.0	0.0	0.0	0.0	0.0	0.0	0.0	0.0
GSM4138110_HNSCC_1_PBMC_TATCTCATCAACGGGA	108.11949089771839	112.43410090341138	25.672875665634685	0.0	32.02395694348479	58.043922751246306	0.0	0.0	0.0	2.722429121348919	0.0	119.90891650524995	23.85694205740998	0.0	0.0	0.0	0.0	0.0	0.0	0.0	0.0	0.0	0.0	0.0	0.0	0.0	0.0	0.0	0.0	0.0	0.0	0.0	0.0
GSM4138110_HNSCC_1_PBMC_TCACGAATCTGTCCGT	107.7358877365322	62.7255349656792	39.541753080433615	65.23748459060359	0.0	0.0	0.0	0.0	0.0	0.0	48.88626319855991	0.0	0.0	0.0	0.0	0.0	0.0	0.0	49.094587620283114	0.0	11.525762887535967	0.0	0.0	0.0	0.0	0.0	0.0	0.0	0.0	0.0	0.0	42.62938149396938	0.0
GSM4138110_HNSCC_1_PBMC_TCAGATGTCCGCGTTT	51.330499230392576	106.41314376094502	28.162836023383697	26.113720859440146	42.25664453259043	37.91650511517585	0.0	0.0	0.0	0.0	0.0	0.0	0.0	0.0	61.20916783265493	0.0	0.0	0.0	0.0	0.0	0.0	0.0	0.0	0.0	0.0	0.0	0.0	0.0	0.0	0.0	0.0	0.0	0.0
GSM4138110_HNSCC_1_PBMC_TCAGCAAAGGCGCTCT	76.32371168810586	53.85398737266513	12.33500612323944	23.960529245680515	7.374168088644342	0.0	0.0	0.0	0.0	0.0	0.0	0.0	0.0	0.0	0.0	0.0	0.0	0.0	0.0	19.073113416134184	0.0	0.0	0.0	0.0	78.30189961244803	0.0	0.0	0.0	0.0	0.0	0.0	0.0	0.0
GSM4138110_HNSCC_1_PBMC_TCATTACAGCGCTCCA	115.93877497449063	90.14926283167448	14.844229845994308	0.0	0.0	0.0	0.0	38.056838642562944	0.0	0.0	0.0	0.0	59.69105660600481	0.0	0.0	0.0	0.0	0.0	0.0	0.0	0.0	0.0	92.34132903737677	0.0	0.0	0.0	0.0	0.0	0.0	0.0	0.0	0.0	0.0
GSM4138110_HNSCC_1_PBMC_TCCCGATAGTGGAGAA	60.72893918037733	35.403016732717	21.866281576630755	0.0	0.0	0.0	63.90378455226849	0.0	23.62520225717988	0.0	21.737682325182124	0.0	0.0	0.0	0.0	1.0744750857052516	0.0	0.0	0.0	0.0	0.0	0.0	0.0	0.0	0.0	0.0	0.0	0.0	0.0	0.0	0.0	0.0	0.0
GSM4138110_HNSCC_1_PBMC_TCGCGAGGTAGCACGA	162.87891418985086	91.58019667806106	31.28322173030628	52.54145326666454	68.37478924567534	0.0	0.0	49.77979908810801	0.0	0.0	0.0	0.0	0.0	0.0	0.0	0.0	0.0	0.0	108.60125688464156	0.0	0.0	0.0	0.0	0.0	0.0	0.0	0.0	0.0	0.0	0.0	0.0	0.0	0.0
GSM4138110_HNSCC_1_PBMC_TCGGGACTCAACGAAA	55.45242252094917	105.80950982831853	17.14658375869307	72.95967561577909	14.31275932117723	0.0	0.0	0.0	0.0	4.791836894673499	0.0	0.0	0.0	0.0	0.0	0.0	0.0	0.0	0.0	0.0	0.0	0.0	0.0	0.0	77.99857102366698	0.0	0.0	0.0	0.0	0.0	0.0	0.0	0.0
GSM4138110_HNSCC_1_PBMC_TCGGGACTCGAGAGCA	123.59623608589277	91.40928085270978	17.626799823390233	73.01056931021876	93.57649068967865	0.0	0.0	0.0	0.0	0.0	0.0	116.92675264841003	0.0	0.0	0.0	0.0	0.0	0.0	0.0	54.053217794649726	0.0	0.0	0.0	0.0	0.0	0.0	0.0	0.0	0.0	0.0	0.0	0.0	0.0
GSM4138110_HNSCC_1_PBMC_TCGGTAATCACTCTTA	81.5221101155233	44.55933903360079	19.654228456795444	20.177851074638472	30.38203527823262	25.048325317460346	38.77683453624589	0.0	0.0	0.0	16.678423157923206	0.0	0.0	0.0	65.4668154844978	0.0	0.0	0.0	0.0	0.0	0.0	0.0	0.0	0.0	0.0	0.0	0.0	0.0	0.0	0.0	0.0	0.0	0.0
GSM4138110_HNSCC_1_PBMC_TCGTACCTCCGCAAGC	158.113702823731	142.55054238848396	25.80475605871881	0.0	0.0	0.0	0.0	103.906789106724	0.0	0.0	197.52511516448376	0.0	0.0	0.0	0.0	0.0	0.0	0.0	0.0	0.0	0.0	0.0	0.0	0.0	0.0	0.0	147.10460483179938	0.0	0.0	0.0	0.0	0.0	0.0
GSM4138110_HNSCC_1_PBMC_TCGTACCTCTGCCCTA	235.75880180101666	146.96020332019623	62.40064453249962	160.65993814253522	41.0499229966758	0.0	0.0	0.0	0.0	0.0	0.0	0.0	0.0	0.0	28.420005690847645	0.0	0.0	0.0	0.0	18.388418871040738	0.0	0.0	0.0	0.0	0.0	0.0	0.0	0.0	127.96900587715095	0.0	0.0	0.0	0.0
GSM4138110_HNSCC_1_PBMC_TCTATTGGTCTAAAGA	60.196894436383474	84.02980813902366	64.19197497506373	2.971295908789791	3.4435485152671164	63.97936177630471	0.0	0.0	0.0	0.0	31.627664807005836	0.0	0.0	0.0	0.0	0.0	0.0	0.0	68.98940990961617	0.0	11.929304531665256	0.0	0.0	0.0	0.0	0.0	0.0	0.0	0.0	0.0	0.0	0.0	0.0
GSM4138110_HNSCC_1_PBMC_TCTATTGGTTGGTTTG	78.9763101495613	86.14824574894324	21.38731722592678	65.43324178569226	0.0	0.0	0.0	0.0	0.0	0.0	45.693529504188184	0.0	0.0	0.0	53.02095420970147	0.0	0.0	0.0	0.0	0.0	0.0	0.0	0.0	0.0	0.0	0.0	0.0	0.0	21.411162385267446	0.0	0.0	0.0	0.0
GSM4138110_HNSCC_1_PBMC_TCTATTGTCTGCAGTA	52.66934465218541	53.197364091262145	12.10530389111556	0.0	0.0	0.0	0.0	35.32914327489041	2.29923350630378	57.81625584863622	0.0	0.0	0.0	0.0	0.0	37.875936987789856	0.0	0.0	0.0	0.0	0.0	0.0	0.0	0.0	0.0	0.0	0.0	0.0	0.0	0.0	0.0	0.0	0.0
GSM4138110_HNSCC_1_PBMC_TCTGAGACAGATAATG	114.0080837897521	125.25771297035932	24.398553473913392	43.653656028061334	0.0	42.27670139373463	0.0	0.0	0.0	0.0	89.48144781801206	0.0	0.0	29.356846259736187	0.0	0.0	0.0	0.0	0.0	0.0	70.58070114957484	0.0	0.0	0.0	0.0	0.0	0.0	0.0	0.0	0.0	0.0	0.0	0.0
GSM4138110_HNSCC_1_PBMC_TCTGAGAGTAAGAGAG	100.84489717278505	85.11818877480835	10.888950787186928	0.0	31.548826884680388	5.059724779516295	2.604194579812007	0.0	57.475714968041046	22.541248586580547	0.0	34.17662985115942	0.0	7.859230396482064	0.0	0.0	0.0	0.0	0.0	0.0	0.0	0.0	0.0	0.0	0.0	0.0	0.0	0.0	0.0	0.0	0.0	0.0	20.79497725350786
GSM4138110_HNSCC_1_PBMC_TCTGAGATCCTTTCTC	115.14409645805036	143.9194143294512	17.255375453454057	0.0	40.49322768847905	0.0	0.0	0.0	50.410838873060506	0.0	0.0	0.0	0.0	0.0	0.0	0.0	0.0	0.0	0.0	0.0	94.4897494147512	0.0	0.0	0.0	0.0	0.0	0.0	0.0	0.0	0.0	0.0	0.0	0.0
GSM4138110_HNSCC_1_PBMC_TCTGGAATCTCAAACG	105.84609567335089	78.11286181454206	25.583257134646654	0.0	0.0	0.0	0.0	41.22898067443464	0.0	0.0	18.86491272158991	107.5942740301913	0.0	0.0	0.0	0.0	0.0	0.0	0.0	0.0	0.0	0.0	0.0	21.47939240910885	0.0	0.0	0.0	0.0	0.0	0.0	0.0	0.0	0.0
GSM4138110_HNSCC_1_PBMC_TCTTTCCAGTGGGCTA	110.93941013221897	84.6767062487122	28.03882707726249	59.219510405185616	0.0	0.0	0.0	0.0	0.0	0.0	0.0	99.34579186307401	39.055763038493076	0.0	0.0	0.0	0.0	0.0	0.0	0.0	0.0	0.0	0.0	0.03907424090372884	0.0	0.0	0.0	0.0	0.0	0.0	0.0	0.0	0.0
GSM4138110_HNSCC_1_PBMC_TGAAAGACACTTCGAA	36.215119067268425	27.000050942821755	17.373289889634634	0.0	16.225786856190545	0.0	0.0	16.161626258584658	0.0	0.0	0.0	0.0	23.774711016098223	0.0	0.0	0.0	72.08973597332512	0.0	0.0	19.622040595137918	0.0	0.0	0.0	0.0	0.0	0.0	0.0	0.0	0.0	0.0	0.0	0.0	0.0
GSM4138110_HNSCC_1_PBMC_TGACAACGTTAAGGGC	179.46181560445865	108.68523661509779	44.88963890382193	7.56943415118801	62.53940663349389	74.11120464326521	103.93909946488158	0.0	0.0	0.0	0.0	0.0	0.0	0.0	0.0	0.0	0.0	0.0	0.0	0.0	0.0	0.0	0.0	0.0	0.0	0.0	0.0	0.0	0.0	0.0	0.0	0.0	0.0
GSM4138110_HNSCC_1_PBMC_TGACGGCAGCGCCTTG	109.24550758186963	64.41965387571459	44.03330115308386	12.366586771454658	37.95362463748781	0.0	0.0	60.25590763583748	0.0	0.0	0.0	0.0	0.0	0.0	0.0	0.0	0.0	0.0	152.08324857229616	0.0	0.0	0.0	0.0	0.0	0.0	0.0	0.0	0.0	0.0	0.0	0.0	0.0	0.0
GSM4138110_HNSCC_1_PBMC_TGACGGCGTTACGACT	67.01701911711645	62.92171375555164	19.84975097589741	0.0	0.0	60.12865182850065	0.0	0.0	0.0	50.62313998167682	0.0	0.0	0.0	0.0	0.0	55.3326573265882	15.363985434035149	0.0	0.0	0.0	0.0	0.0	0.0	0.0	0.0	0.0	0.0	0.0	0.7069901930425866	0.0	0.0	0.0	0.0
GSM4138110_HNSCC_1_PBMC_TGACGGCTCGGTTCGG	102.95363600833512	82.43001883823698	26.21393200608172	60.059275424611215	67.68302335427997	26.241876256159255	0.0	0.0	0.0	0.0	0.0	0.0	0.0	0.0	0.0	27.625248226456353	38.16459080176777	0.0	0.0	0.0	0.0	0.0	0.0	0.0	0.0	0.0	0.0	0.0	0.0	0.0	0.0	0.0	0.0
GSM4138110_HNSCC_1_PBMC_TGACTAGAGAACTGTA	38.051792675404066	96.62824979147504	9.118464106673706	0.0	41.09250683923362	0.0	69.47909052636673	0.0	0.0	0.0	0.0	0.0	0.0	0.0	0.0	0.0	0.0	0.0	0.0	0.0	0.0	0.0	0.0	0.0	0.0	0.0	0.0	0.0	0.0	0.0	0.0	0.0	0.0
GSM4138110_HNSCC_1_PBMC_TGAGCATGTATTCTCT	201.42255917129233	243.0000382999576	73.2889768297627	12.97275352800492	0.0	0.0	0.0	125.9735151112322	0.0	85.04216880972716	0.0	0.0	0.0	0.0	0.0	25.701505031895323	0.0	0.0	0.0	0.0	0.0	0.0	143.1877567273239	0.0	0.0	0.0	0.0	0.0	0.0	0.0	0.0	0.0	0.0
GSM4138110_HNSCC_1_PBMC_TGCACCTTCCAGGGCT	102.04264251445106	106.51336475630546	28.833098552744595	0.0	0.0	0.0	0.0	0.0	162.35137879879338	60.44085508191236	0.0	119.0761487245344	0.0	0.0	0.0	0.0	0.0	0.0	0.0	0.0	0.0	0.0	0.0	0.0	0.0	0.0	0.0	0.0	0.0	0.0	0.0	0.0	0.0
GSM4138110_HNSCC_1_PBMC_TGCCAAATCGCGGATC	113.51378434390402	94.78369793963093	53.74449317166914	0.0	0.0	82.60195356608222	0.0	0.0	0.0	0.0	0.0	0.0	14.637401465529953	15.665140660848442	0.0	0.0	45.447676795124295	0.0	0.0	8.62529732408934	25.51758557671033	0.0	0.0	0.0	0.0	0.0	0.0	0.0	0.0	0.0	0.0	0.0	0.0
GSM4138110_HNSCC_1_PBMC_TGCCAAATCTTCCTTC	74.52851956538346	54.50091553368061	14.338196992181118	0.0	0.0	0.0	49.14436973004933	81.1327383180385	0.0	47.03792912288718	0.0	2.103075223284538	0.0	0.0	0.0	0.0	0.0	0.0	0.0	0.0	0.0	0.0	0.0	0.0	0.0	0.0	0.0	0.0	0.0	0.0	0.0	0.0	0.0
GSM4138110_HNSCC_1_PBMC_TGCCCATGTGGTCCGT	105.70631053955464	24.24157425771106	10.764375811278029	13.346186173951063	0.0	0.0	54.78822300630094	35.41508523602546	0.0	0.0	28.743320114811915	0.0	33.10331253331977	0.0	7.912865751152468	0.0	0.0	0.0	0.0	0.0	0.0	0.0	0.0	0.0	0.0	0.0	0.0	0.0	0.0	0.0	0.0	0.0	0.0
GSM4138110_HNSCC_1_PBMC_TGCCCTACAAAGCAAT	120.33271368385678	72.6597248470673	32.03392560314552	48.64361379578458	56.27442448711346	2.2440382738396893	33.018967119062296	0.0	0.0	0.0	18.427278941471712	0.0	0.0	0.0	0.0	0.0	0.0	0.0	0.0	0.0	0.0	58.01928932261035	0.0	0.0	0.0	0.0	0.0	0.0	0.0	0.0	0.0	0.0	0.0
GSM4138110_HNSCC_1_PBMC_TGCCCTAGTGTCGCTG	65.09632628610368	9.68843579115074	17.58622652423764	0.0	0.0	0.0	0.0	56.02653025116285	0.0	0.0	0.0	0.0	0.0	0.0	0.0	0.0	0.0	144.53583535011683	0.0	0.0	0.0	0.0	0.0	26.766875431629057	0.0	0.0	0.0	0.0	0.0	0.0	0.0	0.0	0.0
GSM4138110_HNSCC_1_PBMC_TGCGCAGAGGGCATGT	159.21918588618485	163.8835533640176	69.0813005857091	94.68278380610833	147.46893392621615	0.0	0.0	0.0	0.0	0.0	0.0	0.0	0.0	0.0	0.0	0.0	0.0	0.0	0.0	0.0	0.0	0.0	133.31539881049778	0.0	0.0	0.0	0.0	0.0	0.0	0.0	0.0	0.0	0.0
GSM4138110_HNSCC_1_PBMC_TGCTACCCACTACAGT	98.13038867942888	92.95211522332526	54.06238314785503	73.17918837682112	69.04635388595696	0.0	0.0	0.0	0.0	0.0	0.0	0.0	2.545990321161868	0.0	0.0	0.0	0.0	0.0	0.0	0.0	0.0	0.0	0.0	0.0	88.65121018672656	0.0	0.0	0.0	0.0	0.0	0.0	0.0	0.0
GSM4138110_HNSCC_1_PBMC_TGCTACCCATTACGAC	58.15307485105033	44.28574042734421	23.870997968196388	0.0	42.56736525067008	10.834650162218942	0.0	33.49833277039436	0.0	0.0	0.0	0.0	0.0	0.0	10.013898793918662	0.0	0.0	51.80582858515773	0.0	0.0	0.0	0.0	0.0	0.0	0.0	0.0	0.0	0.0	0.0	0.0	0.0	0.0	0.0
GSM4138110_HNSCC_1_PBMC_TGCTACCTCAACCAAC	60.43953640164962	49.289871035639784	19.34421583588356	0.0	0.0	43.70507385348896	0.0	0.0	0.0	7.097300742889698	8.412867021337211	0.0	54.16649766812147	52.82114993414441	0.0	0.0	0.0	0.0	0.0	0.0	0.0	0.0	0.0	0.0	0.0	0.0	0.0	0.0	0.0	0.0	0.0	0.0	0.0
GSM4138110_HNSCC_1_PBMC_TGGACGCGTCATACTG	114.21750459377947	67.83574444913661	21.36965288102891	65.42863282469284	0.0	8.843674143572995	0.0	0.0	0.0	0.0	12.7993687692861	85.4611203418909	0.0	15.676453449261565	0.0	0.0	0.0	0.0	0.0	0.0	0.0	0.0	0.0	76.98375287371384	0.0	0.0	0.0	0.0	0.0	0.0	0.0	0.0	0.0
GSM4138110_HNSCC_1_PBMC_TGGCCAGTCCTTAATC	68.63033054069929	70.12310386420036	109.56772282894872	0.0	45.44263188793949	130.61355165687726	0.0	0.0	0.0	0.0	0.0	0.0	0.0	0.0	0.0	0.0	0.0	0.0	0.0	0.0	59.008137137708175	0.0	0.0	0.0	8.864230435743059	0.0	0.0	0.0	0.0	0.0	0.0	0.0	0.0
GSM4138110_HNSCC_1_PBMC_TGGCTGGCAGTCGATT	182.81599160703192	163.30627351886122	47.47415045774321	140.31361379747196	69.53104976527891	0.0	0.0	0.0	0.0	0.0	0.0	0.0	0.0	0.0	116.35184215075007	0.0	0.0	0.0	0.0	0.0	0.0	0.0	0.0	0.0	0.0	0.0	0.0	0.0	0.0	0.0	0.0	0.0	0.0
GSM4138110_HNSCC_1_PBMC_TGGGAAGCAATGGAGC	143.14038570987987	25.505563708480018	12.847545765944522	38.77159054379541	0.0	0.0	0.0	0.0	0.0	0.0	32.88446308776707	0.0	0.0	0.0	0.0	0.0	0.0	0.0	0.0	0.0	35.87738970419647	0.0	9.453280132958552	0.0	0.0	0.0	0.0	0.0	0.0	0.0	0.0	0.0	0.0
GSM4138110_HNSCC_1_PBMC_TGGGCGTAGGGAGTAA	97.5439762622531	72.64766498624554	28.72892879890333	48.02205635463472	0.0	0.0	0.0	0.0	0.0	0.0	0.0	2.669643464741515	28.874991949997156	0.0	0.0	0.0	0.0	0.0	0.0	0.0	49.26068768426979	0.0	0.0	0.0	11.425977870873274	0.0	0.0	0.0	0.0	0.0	0.0	0.0	0.0
GSM4138110_HNSCC_1_PBMC_TGGGCGTGTTCGCGAC	73.02918812338956	92.15842006572977	22.23400676032192	0.0	31.97262235589332	0.0	44.872873549159905	0.0	50.176145333401834	0.0	0.0	0.0	0.0	0.0	0.0	0.0	0.0	0.0	0.0	0.0	0.0	0.0	0.0	0.0	0.0	0.0	0.0	0.0	0.0	0.0	0.0	0.0	0.0
GSM4138110_HNSCC_1_PBMC_TGGGCGTTCAACTCTT	36.659720977539266	56.005789364283444	18.647228099826417	0.0	62.797162209599065	24.758370931828342	0.0	0.0	0.0	0.0	0.0	0.0	31.11954679007123	0.0	90.32391547865099	0.0	0.0	0.0	0.0	0.0	0.0	0.0	0.0	0.0	0.0	0.0	0.0	0.0	0.0	0.0	0.0	0.0	0.0
GSM4138110_HNSCC_1_PBMC_TGGTTAGGTAGAAAGG	43.5348307831045	117.66570556508191	10.344618044172057	0.0	36.18652077700788	64.21332422666126	0.0	0.0	0.0	0.0	0.0	0.0	0.0	0.0	0.0	41.68689468187639	2.8174363312301116	0.0	0.0	0.0	0.0	0.0	0.0	0.0	0.0	0.0	0.0	0.0	0.0	0.0	0.0	0.0	0.0
GSM4138110_HNSCC_1_PBMC_TGGTTAGTCGTCCGTT	97.07580470363129	127.71236669851514	53.54779398085048	14.154253295072536	0.0	0.0	0.0	59.302963112062564	0.0	26.304427767721524	28.380982752162623	0.0	0.0	0.0	64.04961050746344	0.0	0.0	0.0	0.0	0.0	0.0	0.0	30.764478281459052	0.0	0.0	0.0	0.0	0.0	0.0	0.0	0.0	0.0	0.0
GSM4138110_HNSCC_1_PBMC_TTAACTCGTGTTCTTT	65.06598823811375	29.88981127603581	23.33309269990386	0.0	0.0	0.0	66.02389381533277	0.0	33.272295690633634	0.0	0.0	0.0	51.8673424302629	0.0	0.0	0.0	0.0	0.0	35.781024175778334	17.426286112456655	0.0	0.0	0.0	0.0	0.0	0.0	0.0	0.0	0.0	0.0	0.0	0.0	0.0
GSM4138110_HNSCC_1_PBMC_TTAACTCGTTAGTGGG	139.89692009334368	116.94556126171831	22.876748717056092	0.0	55.49824702906039	0.0	0.0	0.0	97.98253654550925	0.0	0.0	0.0	0.0	0.0	0.0	61.22403501964374	0.0	0.0	0.0	0.0	55.194692387591154	0.0	0.0	0.0	0.0	0.0	0.0	0.0	0.0	0.0	0.0	0.0	0.0
GSM4138110_HNSCC_1_PBMC_TTAGGCATCATGTCCC	93.44273013659816	42.569423635565336	30.98118513986899	20.751679011595662	0.0	0.0	0.0	24.427898922342827	0.0	35.8628806810617	0.0	0.0	0.0	0.0	0.0	0.0	0.0	0.0	0.0	0.0	52.9108549030257	0.0	0.0	0.0	0.0	0.0	0.0	0.0	0.0	0.0	0.0	0.0	0.0
GSM4138110_HNSCC_1_PBMC_TTCTACAGTTGTGGAG	14.056370953605576	29.32994567589298	12.613525196643007	0.0	28.578082515957195	147.64607950879014	0.0	0.0	0.0	0.0	10.757439982719582	0.0	0.0	38.25005027400774	0.0	0.0	0.0	0.0	0.0	0.0	0.0	0.0	0.0	0.0	0.0	0.0	0.0	0.0	0.0	0.0	0.0	0.0	0.0
GSM4138110_HNSCC_1_PBMC_TTCTCAATCCTCTAGC	107.82006346759988	68.1968495304331	26.927716703667755	64.10811619413182	7.283660441585615	0.0	0.0	0.0	0.0	54.02852815899944	0.0	0.0	0.0	0.0	0.0	0.0	0.0	0.0	0.0	0.0	0.0	0.0	0.0	0.0	0.0	0.0	0.0	0.0	121.12660163767336	0.0	0.0	0.0	0.0
GSM4138110_HNSCC_1_PBMC_TTCTCCTTCCCGACTT	95.13368241767587	31.806782188764522	36.0224233296817	0.0	0.0	0.0	6.200073107534287	52.06551202809432	0.0	0.0	0.0	0.0	4.37396314042045	28.006903600999255	0.0	0.0	0.0	0.0	0.0	35.57171123117103	0.0	0.0	0.0	0.0	0.0	0.0	0.0	0.0	0.0	0.0	0.0	0.0	0.0
GSM4138110_HNSCC_1_PBMC_TTGACTTCATGGAATA	59.78241695946734	100.85030763491157	14.661055713199136	51.63329922340481	0.0	21.736647700352496	19.5106179279033	0.0	0.0	0.0	52.955808934034316	0.0	0.0	0.0	0.0	0.0	0.0	0.0	0.0	0.0	0.0	49.43986019666945	0.0	5.146885216834102	0.0	0.0	0.0	0.0	6.45603441960016	0.0	0.0	0.0	0.0
GSM4138110_HNSCC_1_PBMC_TTGACTTTCAGGTAAA	84.00806547933146	51.52146285681697	17.552251166972198	56.98310193534708	0.0	0.0	0.0	0.0	0.0	0.0	64.4679652554698	0.0	0.0	20.416090467289635	59.115913437654115	0.0	0.0	0.0	0.0	0.0	0.0	0.0	0.0	0.0	0.0	0.0	0.0	0.0	0.0	0.0	0.0	0.0	0.0
GSM4138110_HNSCC_1_PBMC_TTGTAGGCAGCGTTCG	33.37751687795369	49.591943962148115	11.434896270699989	0.0	0.0	0.0	0.0	0.0	36.33639916762929	0.0	12.642339180472195	31.092198217523578	0.0	0.0	0.0	0.0	0.0	0.0	0.0	0.0	0.0	0.0	0.0	49.11475671509372	0.0	0.0	0.0	0.0	0.0	0.0	0.0	0.0	0.0
GSM4138110_HNSCC_1_PBMC_TTTACTGGTTCTGGTA	59.98646845727981	76.00391084633232	5.097659445656241	0.0	0.0	0.0	0.0	49.785441852538426	0.0	0.0	0.0	0.0	0.0	0.0	28.466057845584558	0.0	0.0	0.0	0.0	36.33690871846061	0.0	0.0	0.0	0.0	0.0	0.0	0.0	0.0	0.0	0.0	0.0	0.0	0.0
GSM4138110_HNSCC_1_PBMC_TTTATGCGTTTGTGTG	74.61667382968916	42.01399610143028	15.913985311333152	0.0	0.0	0.0	0.0	0.0	44.515674567924904	25.246033009196477	0.0	0.0	0.0	53.31620986249985	0.0	0.0	0.0	0.0	0.0	0.0	0.0	0.0	9.946979086398477	0.0	0.0	0.0	0.0	0.0	0.0	0.0	0.0	0.0	0.0
GSM4138110_HNSCC_1_PBMC_TTTCCTCCAGATCCAT	113.74070112499761	63.8935838741056	14.636212280887976	10.663526338210996	0.0	44.98793580665721	0.0	0.0	0.0	0.0	71.11109047134687	0.0	0.0	0.0	0.0	0.0	60.21789975475872	0.0	0.0	0.0	0.0	0.0	0.0	0.0	0.0	0.0	0.0	0.0	0.0	0.0	0.0	0.0	0.0
GSM4138110_HNSCC_1_PBMC_TTTCCTCGTTCGCGAC	111.1354523977976	60.710462394620315	22.343180593028045	0.0	11.32704269575467	0.0	0.0	0.0	114.29234501364891	0.0	43.33919125379543	0.0	0.0	132.95754198770163	0.0	0.0	0.0	0.0	0.0	0.0	0.0	0.0	0.0	0.0	0.0	0.0	0.0	0.0	0.0	0.0	0.0	0.0	0.0
GSM4138110_HNSCC_1_PBMC_TTTGCGCCACGAAATA	116.01856140914754	66.11119580893809	24.743879529038345	29.88870950436808	87.13090598581405	12.774262554638938	1.1348556871846218	0.0	0.0	0.0	0.0	0.0	0.0	0.0	0.0	0.0	0.0	0.0	0.0	0.0	61.532795261909804	0.0	0.0	0.0	0.0	0.0	0.0	0.0	0.0	0.0	0.0	0.0	0.0
GSM4138110_HNSCC_1_PBMC_TTTGCGCGTTTCCACC	55.92700899594025	57.81029844783107	19.784061830361868	56.37485365892517	55.79392958047052	6.647517128313598	0.0	0.0	0.0	0.0	0.0	0.0	0.0	87.75797232466928	0.0	0.0	0.0	0.0	0.0	0.0	0.0	0.0	0.0	0.0	0.0	0.0	0.0	0.0	0.0	0.0	0.0	0.0	0.0
GSM4138110_HNSCC_1_PBMC_TTTGGTTAGAATTGTG	84.80973706733482	75.32333830238362	70.6252495972514	0.0	32.44628406024476	0.0	0.0	64.26998112767765	0.0	0.0	0.0	0.0	0.0	0.0	0.0	0.0	54.91453968088059	0.0	21.810151291187168	0.0	0.0	0.0	0.0	0.0	0.0	0.0	1.2365725303751922	0.0	0.0	0.0	0.0	0.0	0.0
GSM4138110_HNSCC_1_PBMC_TTTGGTTAGAGCAATT	96.05365317731294	93.61967351516809	20.501886940322784	53.73568819465443	74.55453635134401	0.0	0.0	0.0	0.0	0.0	0.0	0.0	0.0	0.0	0.0	127.31480558387436	0.0	0.0	0.0	0.0	0.0	0.0	0.0	0.0	0.0	0.0	0.0	0.0	0.0	0.0	0.0	0.0	0.0
GSM4138110_HNSCC_1_PBMC_TTTGGTTGTCCGTGAC	101.7194652074243	58.781159163040286	35.175238097159166	0.0	0.0	0.0	0.0	64.32418930999127	0.0	74.47751391208821	0.0	0.0	0.0	0.0	50.03499863946467	0.0	0.0	0.0	0.0	0.0	0.0	0.0	0.0	0.0	0.0	0.0	0.0	0.0	0.0	0.0	0.0	0.0	0.0
GSM4138110_HNSCC_1_PBMC_TTTGTCAAGTACGATA	108.05801892966804	87.05675048256228	56.04248555185728	83.67528212866303	49.93829380284729	0.0	68.84032875164034	0.0	0.0	0.0	0.0	0.0	16.375971111286656	0.0	18.211139216247403	0.0	0.0	0.0	0.0	0.0	0.0	0.0	0.0	0.0	0.0	0.0	0.0	0.0	0.0	0.0	0.0	0.0	0.0
GSM4138110_HNSCC_1_PBMC_TTTGTCATCAGGCAAG	134.9701913784723	53.758953461512334	20.2615959087604	0.0	14.511974086287061	0.0	0.0	0.0	44.296541779875746	0.0	0.0	0.0	44.883186652003644	18.086796145941484	32.827162533820825	0.0	0.0	59.60037238151096	0.0	0.0	0.0	0.0	0.0	0.0	0.0	0.0	0.0	0.0	0.0	0.0	0.0	0.0	0.0
GSM4138110_HNSCC_1_PBMC_TTTGTCATCGCGTAGC	78.81234943080645	55.29783724853181	13.078630845923628	0.0	46.98853618148418	49.76863480267649	56.09371861206326	2.1941285221840054	0.0	0.0	0.0	0.0	0.0	4.287114414334789	0.0	0.0	0.0	0.0	0.0	0.0	0.0	0.0	0.0	0.0	0.0	0.0	0.0	0.0	0.0	0.0	0.0	0.0	0.0
GSM4138110_HNSCC_1_PBMC_ACGGAGAAGCAGGCTA	51.01871463123675	134.29969416920932	37.47937024230772	0.0	9.014267692158718	0.0	0.0	39.9292428299072	0.0	71.24077936338432	0.0	56.27172014653416	0.0	0.0	0.0	0.0	0.0	0.0	0.0	0.0	0.0	0.0	0.0	0.0	0.0	0.0	0.0	0.0	0.0	0.0	0.0	0.0	0.0
GSM4138110_HNSCC_1_PBMC_ACTATCTGTCGAGTTT	139.81895409927606	103.98446969789902	38.97137453302762	48.85728315957819	92.5597306390736	0.0	108.09397829740185	45.158671682085405	0.0	0.0	0.0	0.0	0.0	0.0	0.0	0.0	0.0	0.0	0.0	0.0	0.0	0.0	0.0	0.0	0.0	0.0	0.0	0.0	0.0	0.0	0.0	0.0	0.0
GSM4138110_HNSCC_1_PBMC_CAGTCCTGTAGAAGGA	50.00580584271984	51.63227281637098	34.69943592025736	0.0	0.0	71.74218911613188	93.50539783560353	0.0	0.0	67.5951642607325	0.0	0.0	0.0	0.0	0.0	0.0	0.0	0.0	0.0	0.0	0.0	0.0	0.0	0.0	0.0	0.0	0.0	0.0	0.0	0.0	0.0	0.0	0.0
GSM4138110_HNSCC_1_PBMC_CGATGTATCGGTCTAA	84.22048734738694	83.12257636663603	21.240344124909637	0.0	37.13894035135161	0.0	51.41015647599156	0.0	75.9451229193479	0.0	0.0	0.0	0.0	0.0	0.0	0.0	0.0	0.0	0.0	0.0	0.0	0.0	0.0	0.0	0.0	0.0	0.0	0.0	0.0	0.0	0.0	0.0	0.0
GSM4138110_HNSCC_1_PBMC_GACCTGGTCGCCAAAT	91.57778472627878	66.74718340473993	27.237897297253358	0.26994595870906346	54.74294967025898	78.31730076156543	0.0	0.0	0.0	0.0	0.0	0.0	0.0	0.0	83.95415089279177	0.0	0.0	0.0	0.0	0.0	0.0	0.0	0.0	0.0	0.0	0.0	0.0	0.0	0.0	13.472165487366961	0.0	0.0	0.0
GSM4138110_HNSCC_1_PBMC_TACGGTACATGGTCAT	182.40149719503825	117.96863412738884	26.077775633971605	52.75682806935743	113.28774599286567	58.66665823653781	124.29267049503036	0.0	0.0	7.232406028971964	0.0	0.0	0.0	0.0	9.452325850061818	0.0	0.0	0.0	0.0	0.0	0.0	0.0	0.0	0.0	0.0	0.0	0.0	0.0	0.0	0.0	0.0	0.0	0.0
GSM4138110_HNSCC_1_PBMC_TTAGTTCTCGCGGATC	88.66181730526151	58.75317796169218	31.89464029804212	0.0	0.0	52.8833613807469	0.0	0.0	0.0	0.0	0.0	43.66379819756099	50.48254116616138	0.0	0.0	0.0	0.0	0.0	0.0	0.0	0.0	0.0	0.0	0.0	0.0	0.0	0.0	0.0	0.0	0.0	0.0	0.0	0.0
GSM4138110_HNSCC_1_PBMC_AAAGCAACACGCGAAA	119.10822248187611	132.95025911518093	36.80906464030366	0.0	0.0	0.0	0.0	127.27922438016171	0.0	0.0	0.0	175.4613023088926	30.04407677568044	0.0	0.0	0.0	0.0	0.0	0.0	0.0	0.0	0.0	0.0	0.0	0.0	0.0	0.0	0.0	0.0	0.0	0.0	0.0	0.0
GSM4138110_HNSCC_1_PBMC_AACTTTCGTGTATGGG	59.31621749233665	69.59323099355774	10.267322395591744	81.15283635229785	0.0	0.0	34.90667706539586	0.0	0.0	8.892405118666685	0.6955023407107783	0.0	0.0	0.0	0.0	0.0	0.0	0.0	0.0	0.0	0.0	0.0	0.0	0.0	0.0	0.0	0.0	0.0	0.0	0.0	0.0	0.0	0.0
GSM4138110_HNSCC_1_PBMC_AAGGAGCAGGGAAACA	84.21427671712564	132.6277416666167	24.864381276949302	0.0	11.386315232115448	73.62313529787232	26.49164125778197	0.0	0.0	42.96046929062705	0.0	30.569086855247267	0.0	0.0	0.0	0.0	0.0	0.0	0.0	0.0	0.0	0.0	0.0	0.0	0.0	0.0	0.0	0.0	0.0	0.0	0.0	0.0	0.0
GSM4138110_HNSCC_1_PBMC_AATCGGTGTAATCACC	129.08971142078428	107.00777251200047	16.797764876935705	0.0	0.0	0.0	127.09464461828489	0.0	82.36127767912721	31.129056440112127	0.0	0.0	2.4019260814343117	0.0	0.0	0.0	0.0	0.0	0.0	0.0	0.0	0.0	0.0	0.0	0.0	0.0	0.0	0.0	0.0	0.0	0.0	0.0	0.0
GSM4138110_HNSCC_1_PBMC_ATAACGCTCACAACGT	185.39346323887912	169.38587733265712	64.39782610788664	34.05373357514484	0.0	0.0	0.0	127.36963187511557	0.0	0.0	110.77258256521168	0.0	8.870559515269543	0.0	0.0	0.0	0.0	0.0	218.55570860296893	0.0	0.0	0.0	0.0	0.0	0.0	0.0	0.0	0.0	0.0	0.0	0.0	0.0	0.0
GSM4138110_HNSCC_1_PBMC_ATCATCTTCTGGCGAC	172.9927585608879	137.30621419724082	22.28018614013311	0.0	0.0	154.53097280565362	161.02841883087348	2.937806047005908	0.0	115.96660655168543	0.0	0.0	0.0	0.0	0.0	0.0	0.0	0.0	0.0	0.0	0.0	0.0	0.0	0.0	0.0	0.0	0.0	0.0	0.0	0.0	0.0	0.0	0.0
GSM4138110_HNSCC_1_PBMC_ATCCGAATCGTTTATC	148.57221686813617	113.75003570923883	64.53715066922481	96.54134859309016	0.0	0.0	0.0	0.0	0.0	0.0	0.05063433410545274	0.0	0.0	0.0	0.0	0.0	0.0	0.0	0.0	0.0	0.0	0.0	88.22456938443719	42.04713621041645	0.0	0.0	0.0	0.0	0.0	0.0	0.0	0.0	0.0
GSM4138110_HNSCC_1_PBMC_ATGCGATTCGTGGGAA	180.28008225812215	147.79014038872057	37.30692299736537	4.38435636901075	0.0	0.0	93.74157241047197	33.69714819829973	37.467828909335154	0.0	111.74788480487061	0.0	0.0	0.0	0.0	0.0	0.0	0.0	0.0	0.0	0.0	0.0	0.0	0.0	0.0	0.0	0.0	0.0	0.0	0.0	0.0	0.0	0.0
GSM4138110_HNSCC_1_PBMC_CAAGAAATCAGGCAAG	69.93153045671485	69.27356593622065	8.473941999000438	0.0	0.0	0.0	0.0	0.0	64.63655729892366	0.0	0.0	82.72025057281425	43.71703269648213	0.0	0.0	0.0	0.0	0.0	0.0	0.0	0.0	0.0	0.0	0.0	0.0	0.0	0.0	0.0	0.0	0.0	0.0	0.0	0.0
GSM4138110_HNSCC_1_PBMC_CACAGGCCACACCGAC	184.72093823720604	188.74841676130154	35.56714103483569	149.56662268405725	57.100095019072356	0.0	0.0	0.0	0.0	0.0	0.0	0.0	0.0	0.0	0.0	0.0	0.0	0.0	0.0	44.65319128805613	0.0	0.0	199.2830433494675	0.0	0.0	0.0	0.0	0.0	0.0	0.0	0.0	0.0	0.0
GSM4138110_HNSCC_1_PBMC_CACTCCATCTGTACGA	53.0689793590629	66.67283435109314	31.960502880763617	0.0	0.0	88.54542010427791	0.0	0.0	0.0	0.0	14.364006898802147	0.0	0.0	0.0	0.0	0.0	0.0	55.701274643352875	0.0	0.0	0.0	0.0	0.0	0.0	0.0	0.0	0.0	0.0	0.0	0.0	0.0	0.0	0.0
GSM4138110_HNSCC_1_PBMC_CCTTCCCTCGCCTGTT	51.4869807900981	58.715777090905846	12.86243121053092	0.0	0.0	39.51471528140247	0.0	0.0	0.0	0.0	27.35773063199346	0.0	40.209848690139935	0.0	46.03873259370436	0.0	0.0	0.0	0.0	0.0	0.0	0.0	0.0	0.0	0.0	0.0	0.0	0.0	0.0	0.0	0.0	0.0	0.0
GSM4138110_HNSCC_1_PBMC_CGATTGAAGACTAAGT	143.50618108068383	106.70052656762557	21.599453514603976	46.374462464499835	46.993555697136586	0.0	82.67528670737687	49.342107230889006	0.0	0.1726335465623892	0.0	0.0	28.71653695201977	0.0	0.0	0.0	0.0	0.0	0.0	0.0	0.0	0.0	0.0	0.0	0.0	0.0	0.0	0.0	0.0	0.0	0.0	0.0	0.0
GSM4138110_HNSCC_1_PBMC_CGGACGTTCTGAGTGT	53.08325625724315	32.55158278402269	11.991886608012466	0.0	33.80198830350296	46.64963261043194	0.0	0.0	0.0	0.0	0.0	0.0	0.0	0.0	101.64866106454913	0.0	0.0	0.0	0.0	0.0	0.0	0.0	0.0	0.0	0.0	0.0	0.0	0.0	0.0	0.0	0.0	0.0	0.0
GSM4138110_HNSCC_1_PBMC_CGGGTCATCCCAACGG	113.5071808841456	32.1295381672106	12.539363557269063	0.0	0.0	51.81467196734136	27.130147718707153	0.0	0.0	11.505875897759301	0.0	0.0	0.0	0.0	0.0	0.0	0.0	0.0	31.994302120063026	0.0	0.0	0.0	0.0	0.0	0.0	0.0	0.0	0.0	0.0	0.0	0.0	0.0	0.0
GSM4138110_HNSCC_1_PBMC_CTCGAGGCATAGACTC	269.7906119636589	144.82207973922507	53.80996860830183	0.0	33.63301558689168	0.0	0.0	198.03217598233218	0.0	16.69595291941952	0.0	0.0	0.0	0.0	85.15380765552462	0.0	0.0	0.0	0.0	0.0	0.0	0.0	37.34550252538158	0.0	0.0	0.0	0.0	0.0	0.0	0.0	0.0	0.0	0.0
GSM4138110_HNSCC_1_PBMC_CTCGTCACAATAAGCA	128.45251067077524	115.61470623675825	31.014635120232413	0.0	90.98752967574147	143.03275772961578	103.39553405183338	0.0	0.0	0.0	0.0	4.074260013817737	0.0	0.0	0.0	0.0	0.0	0.0	0.0	0.0	0.0	0.0	0.0	0.0	0.0	0.0	0.0	0.0	0.0	0.0	0.0	0.0	0.0
GSM4138110_HNSCC_1_PBMC_CTGATCCTCTTTAGGG	74.74397704820335	120.0976540286352	54.419081875793	0.0	0.0	62.86886402484746	0.0	37.457448665861996	0.0	0.0	0.0	112.97513308139371	45.49575615231364	0.0	0.0	0.0	0.0	0.0	0.0	0.0	0.0	0.0	0.0	0.0	0.0	0.0	0.0	0.0	0.0	0.0	0.0	0.0	0.0
GSM4138110_HNSCC_1_PBMC_CTGTGCTTCTAACGGT	147.10663324395014	100.57576143109455	41.480591764267714	61.09953720268955	0.0	0.0	25.955139127909	0.0	0.0	0.0	92.67414537044193	0.0	0.0	0.0	69.74057923469032	0.0	0.0	0.0	0.0	0.0	0.0	0.0	0.0	0.0	0.0	0.0	0.0	0.0	0.0	0.0	0.0	0.0	0.0
GSM4138110_HNSCC_1_PBMC_CTGTGCTTCTATCGCC	48.827469935035936	101.37857922976863	23.138802912324024	0.0	43.526681969706296	130.3515948291961	125.31844514538663	0.0	0.0	0.0	0.0	0.0	0.0	0.0	0.0	0.0	0.0	0.0	0.0	0.0	0.0	0.0	0.0	0.0	0.0	0.0	0.0	0.0	0.0	0.0	0.0	0.0	0.0
GSM4138110_HNSCC_1_PBMC_GACTAACGTCGACTGC	143.4568700507568	78.00076472797414	17.8116978579023	0.0	53.723430477580905	0.0	84.72970442414419	73.33197558391859	0.0	0.0	0.0	0.0	0.0	0.0	0.0	0.0	0.0	0.0	0.0	0.0	0.0	0.0	0.0	0.0	0.0	0.0	0.0	0.0	0.0	0.0	0.0	0.0	0.0
GSM4138110_HNSCC_1_PBMC_GAGGTGATCGTCCGTT	134.35341637517334	88.95943746222733	36.150422342971495	143.6943724556192	56.19043668117234	0.0	0.0	0.0	0.0	0.0	0.0	0.0	0.0	0.0	127.33324702242979	0.0	0.0	0.0	0.0	0.0	0.0	0.0	0.0	0.0	0.0	0.0	0.0	0.0	0.0	0.0	0.0	0.0	0.0
GSM4138110_HNSCC_1_PBMC_GATCAGTAGTGTACTC	112.67095405284745	137.11190298573717	31.31095858375889	0.0	0.0	0.0	21.14966103338223	112.41000911489519	0.0	0.0	0.0	90.63534383441682	0.0	0.0	0.0	0.0	0.0	0.0	0.0	0.0	0.0	0.0	0.0	52.95490825460073	0.0	0.0	0.0	0.0	0.0	0.0	0.0	0.0	0.0
GSM4138110_HNSCC_1_PBMC_GCTCTGTAGTATCTCG	0.0	0.0	0.0	2805.9224126344366	0.0	272.7284560009944	0.0	0.0	307.6003148275865	0.0	0.0	0.0	0.0	0.0	0.0	0.0	0.0	0.0	0.0	0.0	0.0	0.0	0.0	0.0	0.0	0.0	0.0	0.0	0.0	0.0	0.0	0.0	0.0
GSM4138110_HNSCC_1_PBMC_GGAACTTTCCGATATG	42.937767214503175	75.43949268871869	18.94939625486459	0.0	0.0	0.0	114.38056938279594	0.0	76.27628145573837	0.0	0.0	0.0	4.954132104556047	0.0	0.0	0.0	0.0	0.0	0.0	37.79918881774464	0.0	0.0	0.0	0.0	0.0	0.0	0.0	0.0	0.0	0.0	0.0	0.0	0.0
GSM4138110_HNSCC_1_PBMC_GGACAGAAGCCATCGC	99.05677339216673	116.51849099282924	41.156638063629416	0.0	73.18781636045844	0.0	0.0	89.195833296773	0.0	3.2045143644131637	0.0	0.0	0.0	0.0	0.0	0.0	0.0	0.0	0.0	8.91721486258426	0.0	124.9020664235778	0.0	0.0	0.0	0.0	0.0	0.0	0.0	0.0	0.0	0.0	0.0
GSM4138110_HNSCC_1_PBMC_GGATGTTGTGCAGTAG	94.07024651853636	109.68112741953554	20.066565431326786	0.0	54.62869213314205	93.53820606454329	0.0	0.0	0.0	0.0	0.0	0.0	0.0	0.0	83.83218729916364	0.0	0.0	0.0	0.0	0.0	0.0	0.0	0.0	0.0	0.0	0.0	0.0	0.0	0.0	0.0	0.0	0.0	0.0
GSM4138110_HNSCC_1_PBMC_GTAACTGCAGCTGTTA	111.78139079025932	135.19156624659777	43.62393659198987	0.0	43.55557197458645	0.0	0.0	47.04725639979171	16.004678668729877	0.0	0.0	0.0	0.0	0.0	0.0	0.0	0.0	0.0	0.0	0.0	0.0	0.0	0.0	0.0	0.0	0.0	0.0	0.0	0.0	90.21428357453757	0.0	0.0	0.0
GSM4138110_HNSCC_1_PBMC_GTATTCTAGTAATCCC	136.52528395309133	181.3096449409852	29.405277362608327	138.99535930996328	0.0	0.0	142.06514418072845	0.0	0.0	0.0	0.0	0.0	117.420288455861	0.0	1.5426090246244863	0.0	0.0	0.0	0.0	0.0	0.0	0.0	0.0	0.0	0.0	0.0	0.0	0.0	0.0	0.0	0.0	0.0	0.0
GSM4138110_HNSCC_1_PBMC_GTGCAGCAGTCAAGCG	258.485790503669	280.5829423368444	47.67844967131729	219.25177126853643	223.25843612994757	0.0	151.7634734007427	27.149001494899576	0.0	0.0	0.0	0.0	0.0	0.0	0.0	0.0	145.92288572449561	0.0	0.0	0.0	0.0	95.09012194548255	0.0	0.0	0.0	0.0	0.0	13.47628060432871	0.0	0.0	0.0	0.0	0.0
GSM4138110_HNSCC_1_PBMC_GTGCATACACAGGCCT	74.8208019322987	98.0900828120674	19.474691062356708	0.0	0.0	131.8403854245698	134.80876042690898	0.0	0.0	8.684216570880656	0.0	0.0	48.45792194299622	0.0	0.0	0.0	0.0	0.0	0.0	0.0	0.0	0.0	0.0	0.0	0.0	0.0	0.0	0.0	0.0	0.0	0.0	0.0	0.0
GSM4138110_HNSCC_1_PBMC_TACTCGCGTTTAGCTG	98.94724597914643	100.53796875229695	17.383458239747508	0.0	0.0	0.0	0.0	0.0	84.32781083169745	0.0	30.057125313073065	0.0	0.0	0.0	46.50997920839676	0.0	0.0	0.0	0.0	0.0	0.0	0.0	93.34445894049303	13.582757787144331	0.0	0.0	0.0	0.0	0.0	0.0	0.0	0.0	0.0
GSM4138110_HNSCC_1_PBMC_TACTTACGTTATGCGT	91.32519652821897	116.7469390857853	40.52278402388839	0.0	0.08347646554277036	0.0	83.96586994582691	0.0	66.65149992435069	21.28336662664409	0.0	0.0	29.40116730579338	0.0	0.0	0.0	34.96574215962999	0.0	0.0	0.0	0.0	0.0	0.0	0.0	0.0	0.0	0.0	0.0	0.0	0.0	0.0	0.0	0.0
GSM4138110_HNSCC_1_PBMC_TAGCCGGGTTCAACCA	93.32556195962484	84.567216965897	22.658585365857693	49.86529392334484	0.0	28.82512959340471	0.0	0.0	0.0	0.0	0.0	0.0	0.0	0.0	0.0	0.0	73.57456526488069	0.0	0.0	64.22043622787453	0.0	0.0	0.0	0.0	0.0	0.0	0.0	0.0	0.0	0.0	0.0	0.0	0.0
GSM4138110_HNSCC_1_PBMC_TCAGCAATCCCAAGAT	219.17924878965974	118.8675640192018	21.01359066463908	0.0	0.0	112.55755213637009	0.0	0.0	0.0	69.37272775762497	0.0	0.0	0.0	0.0	0.0	175.26298014152252	0.0	0.0	0.0	0.0	0.0	0.0	0.0	0.0	0.0	0.0	0.0	0.0	0.0	0.0	0.0	0.0	0.0
GSM4138110_HNSCC_1_PBMC_TGACGGCGTTGAGTTC	249.5073832678944	250.18716894138237	59.68659024345531	0.0	0.0	293.83605699187336	265.90862015331993	0.0	55.13133098884188	0.0	320.16826468447965	0.0	0.0	0.0	0.0	0.0	0.0	0.024354442217868415	0.0	0.0	0.0	0.0	0.0	0.0	0.0	0.0	0.0	0.0	0.0	0.0	0.0	0.0	0.0
GSM4138110_HNSCC_1_PBMC_TTGCGTCGTACTTCTT	117.76996495141636	160.02789458422527	41.22689871438634	0.0	0.562581999408061	0.0	10.046660206159853	0.0	128.4837178760454	110.14585089517897	0.0	31.765620550982337	2.3910471944325438	0.0	0.0	0.0	0.0	0.0	0.0	0.0	0.0	0.0	39.59693092176477	0.0	0.0	0.0	0.0	0.0	0.0	0.0	0.0	0.0	0.0
GSM4138110_HNSCC_1_PBMC_TTTGTCAGTTAAGATG	75.75627525077032	69.12821543513768	23.709374954222422	0.0	0.0	60.55962729611525	90.80784087865162	0.0	0.0	0.0	0.0	0.0	23.81986311167929	0.0	0.0	0.0	0.0	0.0	0.0	0.0	0.0	0.0	0.0	0.0	0.0	0.0	0.0	0.0	0.0	0.0	0.0	0.0	0.0
GSM4138110_HNSCC_1_PBMC_ACGCAGCTCGTCACGG	277.3058548596983	192.61167285141747	42.662227834406075	6.065081228719358	0.0	87.43311230889798	0.0	36.718273648487276	0.0	46.844482065278335	0.0	0.0	0.0	58.692577339155996	0.0	0.0	0.0	0.0	0.0	0.0	7.584609002778308	0.0	0.0	0.0	61.71815603758315	0.0	0.0	0.0	0.0	0.0	0.0	0.0	0.0
GSM4138110_HNSCC_1_PBMC_ATCATCTAGGAATCGC	135.16075532181503	101.46394691887753	39.75874995602871	84.57286273702975	0.0	0.0	0.0	0.0	12.228852140029062	0.0	0.0	0.0	0.0	0.0	0.0	0.0	0.0	0.0	0.0	78.12796812275495	0.0	0.0	146.16069462244434	0.0	0.0	0.0	0.0	0.0	0.0	0.0	0.0	0.0	0.0
GSM4138110_HNSCC_1_PBMC_TCAACGAGTTACGGAG	376.27670692029966	285.456889397246	60.339551446405174	255.71714867690167	0.0	0.0	0.0	0.0	0.0	0.0	160.23683286998602	0.0	0.0	0.0	0.0	0.0	0.0	0.0	0.0	0.0	76.78179078617184	0.0	0.0	0.0	154.9156560041843	0.0	0.0	0.0	0.0	0.0	0.0	0.0	0.0
GSM4138110_HNSCC_1_PBMC_AAACCTGGTCTCCCTA	353.2842683507249	269.87646317128315	41.01267924745924	0.0	0.0	230.81534489946637	84.8276325934565	0.0	0.0	0.0	0.0	21.199091576255853	0.0	0.0	0.0	0.0	128.08667558126197	0.0	0.0	0.0	0.0	0.0	0.0	75.30644475774947	0.0	0.0	0.0	0.0	0.0	0.0	11.383027658192766	0.0	0.0
GSM4138110_HNSCC_1_PBMC_ACACCGGAGTACACCT	359.077949142215	387.7922145010706	36.679407869385614	283.5233251748824	0.0	0.0	235.5370809048761	0.0	0.0	0.0	152.96126295129972	0.0	0.0	0.0	0.0	0.0	0.0	0.0	0.0	0.0	0.0	0.0	0.0	0.0	0.0	0.0	0.0	0.0	0.0	0.0	0.0	0.0	0.0
GSM4138110_HNSCC_1_PBMC_ACTGCTCGTGGTCCGT	329.91859268109994	289.0556149759889	37.97454569700081	0.0	0.0	155.6120865967493	0.0	0.0	0.0	6.435323607758575	0.0	0.0	0.0	0.0	0.0	0.0	0.0	0.0	0.0	0.0	0.0	0.0	186.30452255460958	109.73407528737633	21.954975482824807	0.0	0.0	0.0	0.0	0.0	0.0	0.0	0.0
GSM4138110_HNSCC_1_PBMC_AGCTCTCGTTAGTGGG	2803.41746451557	0.0	0.0	0.0	0.0	0.0	0.0	0.0	0.0	0.0	0.0	0.0	0.0	0.0	0.0	0.0	0.0	0.0	0.0	0.0	0.0	0.0	0.0	0.0	0.0	0.0	0.0	0.0	0.0	0.0	0.0	0.0	0.0
GSM4138110_HNSCC_1_PBMC_ATGGGAGAGGATGCGT	423.9331367180565	446.5284849745473	36.22307970835157	0.0	0.0	205.39901975033675	265.3069507859732	0.0	0.0	0.0	0.0	0.0	0.0	0.0	0.0	0.0	0.0	0.0	0.0	54.17677766403066	0.0	0.0	0.0	37.34732137103206	0.0	0.0	0.0	0.0	0.0	0.0	0.0	0.0	0.0
GSM4138110_HNSCC_1_PBMC_ATTATCCTCGGAAATA	344.57049145952607	325.0723492985862	56.45842196115023	193.51853491254968	0.0	0.0	0.0	0.0	0.0	0.0	114.94309471019672	0.0	0.0	168.40627629048515	0.0	0.0	0.0	0.0	0.0	0.0	0.0	0.0	0.0	0.0	0.0	0.0	0.0	0.0	0.0	0.0	0.0	0.0	0.0
GSM4138110_HNSCC_1_PBMC_CATCAGATCGCAAACT	457.35446885198286	328.01070092735597	28.35847687536128	162.13931739535283	0.0	15.736284260360621	0.0	0.0	0.0	69.93189229940523	0.0	0.0	0.0	0.0	0.0	0.0	174.42587113217107	0.0	0.0	0.0	0.0	0.0	0.0	0.0	0.0	0.0	0.0	0.0	0.0	0.0	0.0	0.0	0.0
GSM4138110_HNSCC_1_PBMC_CGTAGCGCATGCAACT	397.846483057053	365.61262700753736	41.635063414360005	271.77252600883503	135.20425345638034	0.0	160.35340827736303	0.0	0.0	0.0	0.0	0.0	0.0	0.0	0.0	0.0	0.0	0.0	0.0	0.0	0.0	0.0	0.0	0.0	0.0	0.0	0.0	0.0	0.0	0.0	0.0	0.0	0.0
GSM4138110_HNSCC_1_PBMC_CGTCACTTCACGAAGG	284.7398132352077	364.5099741901511	53.26064397792622	0.0	0.0	197.22045578931687	260.3736900380528	0.0	0.0	129.9499828004792	0.0	0.0	0.0	0.0	0.0	0.0	0.0	0.0	0.0	0.0	0.0	0.0	0.0	0.0	0.0	0.0	0.0	0.0	0.0	0.0	0.0	0.0	0.0
GSM4138110_HNSCC_1_PBMC_GCATACACACCAGCAC	216.69614182310002	342.0153193965676	26.54501865413598	176.32328811924273	45.367776281764144	0.0	0.0	0.0	0.0	0.0	0.0	0.0	0.0	0.0	0.0	0.0	0.0	0.0	0.0	57.18836585963198	0.0	0.0	0.0	0.0	0.0	0.0	0.0	0.0	111.2969596821635	0.0	0.0	100.20109166835923	0.0
GSM4138110_HNSCC_1_PBMC_GCGACCAGTCGATTGT	303.8838483945482	380.06622667073447	47.7079177021484	181.85455572671626	132.06726005076462	0.0	0.0	0.0	0.0	0.0	0.0	180.64951341658028	0.0	0.0	0.0	0.0	0.0	0.0	0.0	0.0	19.32791432093166	0.0	0.0	0.0	0.0	0.0	0.0	0.0	0.0	0.0	0.0	0.0	0.0
GSM4138110_HNSCC_1_PBMC_TACTTACTCGGCGCAT	79.73591147651739	105.30958953616842	28.248104080029695	86.75185094056603	48.47264614780241	0.0	0.0	0.0	0.0	0.0	0.0	0.0	0.0	0.0	81.78963060261918	0.0	0.0	0.0	0.0	0.0	0.0	0.0	0.0	0.0	0.0	0.0	0.0	0.0	0.0	0.0	0.0	0.0	0.0
GSM4138110_HNSCC_1_PBMC_ACCGTAAGTTACGTCA	121.90287004689216	309.3309625539599	19.67261588324094	85.4391409823604	105.66381680091752	51.95014183706421	0.0	0.0	0.0	0.0	0.0	0.0	0.0	0.0	0.0	0.0	0.0	0.0	0.0	0.0	0.0	170.82366829086712	0.0	0.0	0.0	0.0	0.0	0.0	0.0	0.0	0.0	0.0	0.0
GSM4138110_HNSCC_1_PBMC_ATCCACCAGACAGACC	108.52154124237848	161.12482049146968	13.642705730095747	0.0	0.0	57.201378660597314	0.0	0.0	0.0	0.0	0.0	0.0	144.5047344573014	0.0	0.0	0.0	0.0	0.0	0.0	0.0	0.0	92.54931724690445	0.0	0.0	0.0	0.0	0.0	0.0	0.0	0.0	0.0	0.0	0.0
GSM4138110_HNSCC_1_PBMC_ATGAGGGGTATATGGA	0.0	3027.3209418897677	0.0	0.0	0.0	0.0	0.0	0.0	0.0	0.0	0.0	0.0	0.0	0.0	0.0	0.0	0.0	0.0	0.0	0.0	0.0	0.0	0.0	0.0	0.0	0.0	0.0	0.0	0.0	0.0	0.0	0.0	0.0
GSM4138110_HNSCC_1_PBMC_CACCAGGGTCAGAATA	253.68901417065578	290.8439815290067	46.58524468547103	216.82233108832136	63.1161070953408	0.0	0.0	0.0	0.0	0.0	0.0	0.0	0.0	0.0	0.0	0.0	0.0	0.0	0.0	0.0	0.0	110.4933514145504	0.0	0.0	0.0	0.0	0.0	0.0	0.0	0.0	0.0	0.0	0.0
GSM4138110_HNSCC_1_PBMC_CAGCAGCTCAAAGTAG	83.47491088896227	268.9660365023987	29.94552075588266	166.74988487173118	75.31583849431402	0.0	0.0	0.0	0.0	0.0	0.0	0.0	0.0	0.0	0.0	0.0	0.0	0.0	0.0	0.0	0.0	93.89908635152729	0.0	0.0	0.0	0.0	0.0	0.0	0.0	0.0	0.0	0.0	0.0
GSM4138110_HNSCC_1_PBMC_CATCCACCAGTAACGG	212.88989143629465	354.4949507468666	41.44095436547351	88.30561770735623	0.0	0.0	0.0	0.0	0.0	93.38680064113436	0.0	0.0	0.0	0.0	164.0729359146293	0.0	0.0	0.0	0.0	0.0	0.0	0.0	0.0	0.0	0.0	0.0	0.0	0.0	0.0	0.0	0.0	0.0	0.0
GSM4138110_HNSCC_1_PBMC_CCTTTCTCATCCTAGA	84.75094258177671	246.18776414609943	18.33405024193008	0.0	85.31300932000363	15.171500990073934	0.0	0.0	116.22246909350118	0.0	0.0	0.0	0.0	152.6936398048966	0.0	0.0	0.0	0.0	0.0	0.0	0.0	0.0	0.0	0.0	0.0	0.0	0.0	0.0	0.0	0.0	0.0	0.0	0.0
GSM4138110_HNSCC_1_PBMC_CGTAGGCTCTACCAGA	159.45840645641206	240.61645076239725	29.861486162296487	85.1267044935395	0.0	0.0	0.0	0.0	42.22958869484233	0.0	0.0	0.0	98.10527302301531	0.0	0.0	0.0	0.0	0.0	0.0	0.0	0.0	0.0	0.0	0.0	0.0	0.0	0.0	0.0	0.0	0.0	150.21409024426367	0.0	0.0
GSM4138110_HNSCC_1_PBMC_CTGCCTAAGGACATTA	136.9830174505513	237.32109611715006	29.74481564684172	78.15979175109469	95.47828524963224	44.15446801287878	0.0	0.0	0.0	0.0	0.0	0.0	0.0	0.0	14.846549531031618	0.0	0.0	0.0	0.0	0.0	0.0	101.57659967075155	0.0	0.0	0.0	0.0	0.0	0.0	0.0	0.0	0.0	0.0	0.0
GSM4138110_HNSCC_1_PBMC_CTTTGCGGTGGTCCGT	134.9056661694197	188.3163683387392	28.375445152292176	30.474887462282137	39.346379192257515	30.505474184746806	0.0	0.0	0.0	0.0	31.967897162048075	0.0	0.0	0.0	96.99348546688438	0.0	0.0	0.0	0.0	0.0	0.0	16.76523326748263	0.0	0.0	0.0	0.0	0.0	0.0	0.0	0.0	0.0	0.0	0.0
GSM4138110_HNSCC_1_PBMC_GAAACTCAGACAAGCC	137.85844689825691	369.7445124564218	24.35179583590547	0.0	45.60431381751848	0.0	0.0	0.0	129.969792346895	0.0	0.0	0.0	47.59305526406958	0.0	0.0	0.0	0.0	0.0	0.0	0.0	0.0	149.51633346853006	0.0	0.0	0.0	0.0	0.0	0.0	0.0	0.0	0.0	0.0	0.0
GSM4138110_HNSCC_1_PBMC_GACCAATAGCCCGAAA	295.07493211717014	665.1881233660504	40.58193664718903	0.0	116.6386225477253	106.02860461858808	0.0	0.0	0.0	0.0	0.0	0.0	0.0	0.0	163.9051526853293	0.0	0.0	0.0	0.0	0.0	0.0	0.0	0.0	0.0	0.0	0.0	0.0	0.0	0.0	0.0	0.0	0.0	0.0
GSM4138110_HNSCC_1_PBMC_GACCAATAGGGCTCTC	146.9948626008138	233.97994212754537	30.405717567221345	156.14605330072723	84.71540098220567	0.0	0.0	0.0	0.0	0.0	23.64512716689848	0.0	0.0	0.0	0.0	151.9410818042761	0.0	0.0	0.0	0.0	0.0	0.0	0.0	0.0	0.0	0.0	0.0	0.0	0.0	0.0	0.0	0.0	0.0
GSM4138110_HNSCC_1_PBMC_GATGCTATCCTCTAGC	114.68876832284529	311.123003288692	39.50824586828011	187.52875218932886	0.0	0.0	0.0	0.0	0.0	151.11033688994408	0.0	0.0	0.0	0.0	147.06404889822963	0.0	0.0	0.0	0.0	0.0	0.0	0.0	0.0	0.0	0.0	0.0	0.0	0.0	0.0	0.0	0.0	0.0	0.0
GSM4138110_HNSCC_1_PBMC_GCTGCGATCCCGACTT	44.69910719359717	141.89845092613922	31.5258265025579	86.7464580353372	54.41066973535246	0.0	0.0	0.0	0.0	0.0	0.0	0.0	0.0	0.0	0.0	0.0	0.0	0.0	0.0	0.0	0.0	16.86612499695744	0.0	0.0	0.0	0.0	0.0	0.0	0.0	82.09544772216262	0.0	0.0	0.0
GSM4138110_HNSCC_1_PBMC_GTTACAGCAAGTTGTC	123.2247458642265	273.44355542093444	93.61821227497771	0.0	64.3006737563827	119.74461951892985	0.0	0.0	0.0	0.0	0.0	0.0	0.0	0.0	48.412197677100956	0.0	0.0	0.0	0.0	0.0	0.0	0.0	0.0	0.0	0.0	0.0	0.0	0.0	0.0	0.0	0.0	0.0	0.0
GSM4138110_HNSCC_1_PBMC_TAGGCATTCAGCGACC	136.84707786105216	301.9780251207996	13.894606294942971	0.0	111.0863425529182	106.35458831918066	0.0	0.0	0.0	0.0	0.0	0.0	0.0	0.0	0.0	0.0	137.61021856050277	0.0	0.0	0.0	0.0	0.0	23.969103773653014	0.0	0.0	0.0	0.0	0.0	0.0	0.0	0.0	0.0	0.0
GSM4138110_HNSCC_1_PBMC_TCGTACCTCCATGAAC	210.94055724536332	171.75147121001703	8.563602117901782	47.986939520916266	69.27075189532498	17.689358917021945	0.0	0.0	0.0	0.0	0.0	0.0	0.0	0.0	245.70062862966444	0.0	0.0	0.0	0.0	0.0	0.0	28.761925705698147	0.0	0.0	0.0	0.0	0.0	0.0	0.0	0.0	0.0	0.0	0.0
GSM4138110_HNSCC_1_PBMC_TGCGCAGAGAGTCGGT	104.5777663552118	252.05805047479	14.254411986022339	137.5279148144773	80.6743665671888	0.0	0.0	0.0	0.0	0.0	0.0	0.0	0.0	71.53751898981919	0.0	0.0	0.0	0.0	0.0	0.0	0.0	62.792063512272534	0.0	0.0	0.0	0.0	0.0	0.0	0.0	0.0	0.0	0.0	0.0
GSM4138110_HNSCC_1_PBMC_TTGCCGTTCCTATTCA	194.44907839654215	357.46313598722753	18.85982791230677	0.0	72.66205819805471	0.0	0.0	130.78191441646516	139.78058620080816	0.0	0.0	169.76907516089003	0.0	0.0	0.0	0.0	0.0	0.0	0.0	0.0	0.0	0.0	0.0	0.0	0.0	0.0	0.0	0.0	0.0	0.0	0.0	0.0	0.0
GSM4138110_HNSCC_1_PBMC_TTTACTGAGTCCCACG	128.84373719457292	290.9906341379281	33.42356417895994	250.37904730479195	94.46494089062793	0.0	0.0	0.0	0.0	0.0	0.0	0.0	0.0	0.0	124.10602369781647	0.0	0.0	0.0	0.0	0.0	0.0	0.11290619022969695	0.0	0.0	0.0	0.0	0.0	0.0	0.0	0.0	0.0	0.0	0.0
GSM4138110_HNSCC_1_PBMC_ACGGGTCGTCTTGATG	124.79819272260664	70.86321028250065	34.837892175316135	0.0	68.22718518314562	56.49323313595407	0.0	0.0	0.0	1.0441591249170428	0.0	0.0	0.0	0.0	0.0	78.06059155201177	0.0	0.0	0.0	0.0	0.0	0.0	0.0	0.0	0.0	0.0	0.0	0.0	0.0	0.0	0.0	0.0	0.0
GSM4138110_HNSCC_1_PBMC_AGTGAGGAGGAATCGC	91.04338191759027	97.10840143317235	9.350707426309382	0.0	18.27875417912123	0.0	0.0	0.0	84.61110926798361	2.9371583565359694	42.56107304562698	0.0	0.0	0.0	0.0	113.81584969086552	0.0	0.0	0.0	0.0	0.0	0.0	0.0	0.0	0.0	0.0	0.0	0.0	0.0	0.0	0.0	0.0	0.0
GSM4138110_HNSCC_1_PBMC_ATGTGTGCAAGCTGGA	153.00286467478094	194.49224921251206	28.36180921039719	78.47621885835925	110.74509888423965	0.0	0.0	0.0	0.0	0.0	0.0	0.0	0.0	0.0	0.0	0.0	0.0	0.0	0.0	0.0	0.0	0.0	0.0	0.0	0.0	0.0	150.22275978037885	0.0	0.0	0.0	0.0	0.0	0.0
GSM4138110_HNSCC_1_PBMC_CGACCTTAGTTACGGG	215.62008468604114	159.08954664615	37.011584971260355	0.0	0.0	0.0	0.0	0.0	59.828862915892586	0.0	0.0	0.0	0.0	0.0	0.0	33.81050368547223	0.0	0.0	0.0	0.0	0.0	0.0	129.96803426362513	125.82182055199097	0.0	0.0	0.0	0.0	0.0	0.0	0.0	0.0	0.0
GSM4138110_HNSCC_1_PBMC_GCGACCACATGCATGT	124.52069463633694	130.29732772550074	71.37184448709813	0.0	0.0	0.0	0.0	145.42920854550943	0.0	0.0	0.0	110.53483641379313	0.0	0.0	0.0	0.0	0.0	0.0	0.0	0.0	0.0	0.0	0.0	70.8735774389161	0.0	0.0	0.0	0.0	0.0	0.0	0.0	0.0	0.0
GSM4138110_HNSCC_1_PBMC_GGATTACGTGCATCTA	171.41493238592648	128.72459104414648	28.196432451565084	0.0	78.34338096422802	111.79871889742142	0.0	0.0	0.0	0.0	0.0	0.0	0.0	0.0	0.0	66.11773717030016	45.63094806248799	0.0	0.0	0.0	0.0	0.0	0.0	0.0	0.0	0.0	0.0	0.0	0.0	0.0	0.0	0.0	0.0
GSM4138110_HNSCC_1_PBMC_GTGCAGCCACCAGATT	64.94714055270174	146.3317399568854	17.867547313690203	0.0	0.0	0.0	0.0	64.61881605936445	0.0	33.02076176137741	0.0	0.0	44.02611654207841	0.0	0.0	0.0	46.268025482298064	0.0	0.0	0.0	0.0	26.967487263370582	0.0	0.0	0.0	0.0	0.0	0.0	0.0	0.0	0.0	0.0	0.0
GSM4138110_HNSCC_1_PBMC_GTGCGGTTCTATGTGG	114.00839840059774	120.56114925277498	34.52933485086639	85.41952841852935	68.42244359328323	1.7857028648782929	0.0	0.0	0.0	51.161220758434304	0.0	102.42701617036401	0.0	0.0	0.0	0.0	0.0	0.0	0.0	0.0	0.0	0.0	0.0	0.0	0.0	0.0	0.0	0.0	0.0	0.0	0.0	0.0	0.0
GSM4138110_HNSCC_1_PBMC_GTTCATTTCCCTCTTT	138.07391827609501	110.64652943975813	27.008704502996025	0.0	0.0	0.0	0.0	0.0	107.46569815180902	0.0	55.441936852088524	0.0	0.0	72.38402577593827	0.0	0.0	0.0	0.0	0.0	0.0	0.0	0.0	0.0	0.0	0.0	0.0	0.0	0.0	0.0	0.0	0.0	0.0	0.0
GSM4138110_HNSCC_1_PBMC_TCATTACGTAATCACC	181.50880362841136	183.01050760840292	36.14020050059003	141.0090364071702	0.0	0.0	126.77981894429684	0.0	0.0	63.12986362697024	0.0	0.0	4.591371749513745	0.0	0.0	0.0	0.0	0.0	0.0	0.0	0.0	0.0	0.0	0.0	0.0	0.0	0.0	0.0	0.0	0.0	0.0	0.0	0.0
GSM4138110_HNSCC_1_PBMC_TTGCCGTTCAGAAATG	146.2428536946664	107.75796606113309	81.61603186651392	65.4877421070277	0.0	0.0	0.0	0.0	0.0	67.81298379384401	0.0	0.0	0.0	0.0	0.0	0.0	0.0	105.07209020326488	0.0	0.0	0.0	0.0	0.0	0.0	0.0	0.0	0.0	0.0	0.0	0.0	0.0	0.0	0.0
GSM4138110_HNSCC_1_PBMC_TTTGCGCAGTAGCGGT	471.1938896296553	216.14269786149666	31.81326092163074	0.0	71.31465650138468	148.88440237261193	0.0	0.0	0.0	0.0	0.0	0.0	0.0	0.0	0.0	0.0	0.0	0.0	0.0	0.0	0.0	0.0	245.1213541831218	0.0	0.0	0.0	0.0	0.0	0.0	0.0	0.0	0.0	0.0
GSM4138110_HNSCC_1_PBMC_TTTGGTTAGCACAGGT	164.062014236053	143.1097778717614	23.25078973065	0.0	0.0	0.0	0.0	0.0	88.78918370500013	74.93667321496252	0.0	0.0	0.0	0.0	0.0	134.4103068233204	0.0	0.0	0.0	0.0	0.0	0.0	0.0	0.0	0.0	0.0	0.0	0.0	0.0	0.0	0.0	0.0	0.0
