k_parent,k_child,parent_gep,child_gep,similarity,raw_value,parent_celltype,child_celltype,celltype_match
5,6,1,1,0.9999968636550051,6.27269982658241e-06,Ambiguous/Mixed,Ambiguous/Mixed,True
5,6,1,2,0.045273052648789225,6.190086575520465,Ambiguous/Mixed,Tumor/Epithelials,False
5,6,1,3,0.019341592387033618,7.890994911783526,Ambiguous/Mixed,Tumor/Epithelials,False
5,6,1,4,0.21860063654203918,3.04101758268148,Ambiguous/Mixed,Ambiguous/Mixed,True
5,6,1,5,0.5739515092619488,1.110420729737623,Ambiguous/Mixed,Ambiguous/Mixed,True
5,6,1,6,0.5882165805535456,1.0613201292543777,Ambiguous/Mixed,Ambiguous/Mixed,True
5,6,2,1,0.04436678331181509,6.230528426271686,Tumor/Epithelials,Ambiguous/Mixed,False
5,6,2,2,0.9999134601011964,0.0001730872871934235,Tumor/Epithelials,Tumor/Epithelials,True
5,6,2,3,0.505442989241044,1.3646400556191305,Tumor/Epithelials,Tumor/Epithelials,True
5,6,2,4,0.3407210401458345,2.1533824011682228,Tumor/Epithelials,Ambiguous/Mixed,False
5,6,2,5,0.16484122620925976,3.6055450675091,Tumor/Epithelials,Ambiguous/Mixed,False
5,6,2,6,0.16071799621248276,3.656208052242212,Tumor/Epithelials,Ambiguous/Mixed,False
5,6,3,1,0.018985760569075156,7.928132049043858,Tumor/Epithelials,Ambiguous/Mixed,False
5,6,3,2,0.4992567925652224,1.389269402480028,Tumor/Epithelials,Tumor/Epithelials,True
5,6,3,3,0.9999575123978092,8.497700962907203e-05,Tumor/Epithelials,Tumor/Epithelials,True
5,6,3,4,0.2118721070188639,3.1035449102577894,Tumor/Epithelials,Ambiguous/Mixed,False
5,6,3,5,0.09168545079079948,4.778783146517261,Tumor/Epithelials,Ambiguous/Mixed,False
5,6,3,6,0.09822706305388912,4.640947020819714,Tumor/Epithelials,Ambiguous/Mixed,False
5,6,4,1,0.21777700399014632,3.0485673144131535,Ambiguous/Mixed,Ambiguous/Mixed,True
5,6,4,2,0.33775018171284493,2.17089752826414,Ambiguous/Mixed,Tumor/Epithelials,False
5,6,4,3,0.20911038993289982,3.129785969917895,Ambiguous/Mixed,Tumor/Epithelials,False
5,6,4,4,0.9999718017057563,5.6397383646137884e-05,Ambiguous/Mixed,Ambiguous/Mixed,True
5,6,4,5,0.5054593479015059,1.364575326674059,Ambiguous/Mixed,Ambiguous/Mixed,True
5,6,4,6,0.497592710462829,1.3959467741117833,Ambiguous/Mixed,Ambiguous/Mixed,True
5,6,5,1,0.5727681494838364,1.1145485396662336,Ambiguous/Mixed,Ambiguous/Mixed,True
5,6,5,2,0.16522169336439962,3.6009342215025777,Ambiguous/Mixed,Tumor/Epithelials,False
5,6,5,3,0.09193117683137993,4.773430119605584,Ambiguous/Mixed,Tumor/Epithelials,False
5,6,5,4,0.5050260054914697,1.3662907100198791,Ambiguous/Mixed,Ambiguous/Mixed,True
5,6,5,5,0.9999964912589979,7.017494315453239e-06,Ambiguous/Mixed,Ambiguous/Mixed,True
5,6,5,6,0.9679908631802232,0.0650652612270243,Ambiguous/Mixed,Ambiguous/Mixed,True
6,7,1,1,0.9994885080577964,0.0010232455976606253,Ambiguous/Mixed,Ambiguous/Mixed,True
6,7,1,2,0.044967883662909026,6.203613480788239,Ambiguous/Mixed,Tumor/Epithelials,False
6,7,1,3,0.02685968531088938,7.234257607714081,Ambiguous/Mixed,Tumor/Epithelials,False
6,7,1,4,0.5526532945083152,1.1860488559008275,Ambiguous/Mixed,Fibroblasts/Stromal,False
6,7,1,5,0.5725226133830715,1.115406089949489,Ambiguous/Mixed,Ambiguous/Mixed,True
6,7,1,6,0.7544486385417613,0.5635361531892761,Ambiguous/Mixed,Ambiguous/Mixed,True
6,7,1,7,0.5362454433213932,1.2463266121575518,Ambiguous/Mixed,Ambiguous/Mixed,True
6,7,2,1,0.04422945251512445,6.236728730625417,Tumor/Epithelials,Ambiguous/Mixed,False
6,7,2,2,0.9989895683632186,0.002021884933925402,Tumor/Epithelials,Tumor/Epithelials,True
6,7,2,3,0.7933136390243798,0.4630732521041019,Tumor/Epithelials,Tumor/Epithelials,True
6,7,2,4,0.21840606694208295,3.042798512916752,Tumor/Epithelials,Fibroblasts/Stromal,False
6,7,2,5,0.15872729836841337,3.6811353076777,Tumor/Epithelials,Ambiguous/Mixed,False
6,7,2,6,0.22748890507458533,2.9613076213665903,Tumor/Epithelials,Ambiguous/Mixed,False
6,7,2,7,0.17824051764460713,3.44924283609488,Tumor/Epithelials,Ambiguous/Mixed,False
6,7,3,1,0.018900295539335314,7.937155440073857,Tumor/Epithelials,Ambiguous/Mixed,False
6,7,3,2,0.4953456650025973,1.404998893968111,Tumor/Epithelials,Tumor/Epithelials,True
6,7,3,3,0.7231765740665571,0.648203724965581,Tumor/Epithelials,Tumor/Epithelials,True
6,7,3,4,0.1362227816112911,3.9869272667711813,Tumor/Epithelials,Fibroblasts/Stromal,False
6,7,3,5,0.08682769683792986,4.887659240437992,Tumor/Epithelials,Ambiguous/Mixed,False
6,7,3,6,0.14378512124418902,3.8788706148953134,Tumor/Epithelials,Ambiguous/Mixed,False
6,7,3,7,0.11359070576245556,4.350307183026993,Tumor/Epithelials,Ambiguous/Mixed,False
6,7,4,1,0.21568788232050518,3.0678458111173392,Ambiguous/Mixed,Ambiguous/Mixed,True
6,7,4,2,0.338119007450514,2.1687147048409443,Ambiguous/Mixed,Tumor/Epithelials,False
6,7,4,3,0.27720756353075626,2.5659774531482835,Ambiguous/Mixed,Tumor/Epithelials,False
6,7,4,4,0.5921295501478452,1.0480596666595114,Ambiguous/Mixed,Fibroblasts/Stromal,False
6,7,4,5,0.4963299373722731,1.4010287541742943,Ambiguous/Mixed,Ambiguous/Mixed,True
6,7,4,6,0.4354036439148969,1.662963522193197,Ambiguous/Mixed,Ambiguous/Mixed,True
6,7,4,7,0.5109750131723756,1.3428691757507834,Ambiguous/Mixed,Ambiguous/Mixed,True
6,7,5,1,0.5708188602488755,1.121366704287663,Ambiguous/Mixed,Ambiguous/Mixed,True
6,7,5,2,0.16508227769925782,3.602622553289471,Ambiguous/Mixed,Tumor/Epithelials,False
6,7,5,3,0.12989553278119187,4.082049491144238,Ambiguous/Mixed,Tumor/Epithelials,False
6,7,5,4,0.961804136438064,0.07788889884406765,Ambiguous/Mixed,Fibroblasts/Stromal,False
6,7,5,5,0.9986215975917055,0.002758706557565206,Ambiguous/Mixed,Ambiguous/Mixed,True
6,7,5,6,0.6998726469141493,0.7137137869406625,Ambiguous/Mixed,Ambiguous/Mixed,True
6,7,5,7,0.9693007274477876,0.062360733992188985,Ambiguous/Mixed,Ambiguous/Mixed,True
6,7,6,1,0.5858558505262137,1.0693630170569277,Ambiguous/Mixed,Ambiguous/Mixed,True
6,7,6,2,0.16083405039251064,3.6547643769642297,Ambiguous/Mixed,Tumor/Epithelials,False
6,7,6,3,0.1268796035373662,4.129033291611962,Ambiguous/Mixed,Tumor/Epithelials,False
6,7,6,4,0.974532314621109,0.05159520075587515,Ambiguous/Mixed,Fibroblasts/Stromal,False
6,7,6,5,0.9691986443555761,0.06257137753180683,Ambiguous/Mixed,Ambiguous/Mixed,True
6,7,6,6,0.7929748045120909,0.46392766044029743,Ambiguous/Mixed,Ambiguous/Mixed,True
6,7,6,7,0.9972013817434384,0.005605083421021845,Ambiguous/Mixed,Ambiguous/Mixed,True
7,8,1,1,0.057384224544457164,5.715971694301166,Ambiguous/Mixed,Tumor/Epithelials,False
7,8,1,2,0.9037728537105889,0.2023544363646367,Ambiguous/Mixed,Ambiguous/Mixed,True
7,8,1,3,0.04122344711640859,6.377496159476323,Ambiguous/Mixed,Tumor/Epithelials,False
7,8,1,4,0.392681353061219,1.869513604908442,Ambiguous/Mixed,Ambiguous/Mixed,True
7,8,1,5,0.5605261820913633,1.1577586510669706,Ambiguous/Mixed,Fibroblasts/Stromal,False
7,8,1,6,0.576786780459172,1.100565224068281,Ambiguous/Mixed,Ambiguous/Mixed,True
7,8,1,7,0.7286351252880622,0.6331643725611426,Ambiguous/Mixed,Ambiguous/Mixed,True
7,8,1,8,0.5387185479290021,1.237124037964981,Ambiguous/Mixed,Ambiguous/Mixed,True
7,8,2,1,0.8008083294849916,0.4442672991608726,Tumor/Epithelials,Tumor/Epithelials,True
7,8,2,2,0.11996241068968104,4.2411536590479555,Tumor/Epithelials,Ambiguous/Mixed,False
7,8,2,3,0.6313272279354045,0.9198619291836857,Tumor/Epithelials,Tumor/Epithelials,True
7,8,2,4,0.2357501014220212,2.889965854517209,Tumor/Epithelials,Ambiguous/Mixed,False
7,8,2,5,0.20984324050405787,3.1227890016103146,Tumor/Epithelials,Fibroblasts/Stromal,False
7,8,2,6,0.15026883355019813,3.7906587306687882,Tumor/Epithelials,Ambiguous/Mixed,False
7,8,2,7,0.23261867712428083,2.916709489880608,Tumor/Epithelials,Ambiguous/Mixed,False
7,8,2,8,0.1753232333451898,3.4822479221337095,Tumor/Epithelials,Ambiguous/Mixed,False
7,8,3,1,0.6346556512975144,0.9093454171968604,Tumor/Epithelials,Tumor/Epithelials,True
7,8,3,2,0.08529125097981603,4.9233667947813835,Tumor/Epithelials,Ambiguous/Mixed,False
7,8,3,3,0.7968540384456839,0.454167511353866,Tumor/Epithelials,Tumor/Epithelials,True
7,8,3,4,0.14474668217561984,3.8655401677165075,Tumor/Epithelials,Ambiguous/Mixed,False
7,8,3,5,0.17118184718734616,3.530057707361123,Tumor/Epithelials,Fibroblasts/Stromal,False
7,8,3,6,0.11692873203041583,4.2923813154466846,Tumor/Epithelials,Ambiguous/Mixed,False
7,8,3,7,0.19275589288055833,3.2926613886885026,Tumor/Epithelials,Ambiguous/Mixed,False
7,8,3,8,0.14110750053401278,3.91646652791981,Tumor/Epithelials,Ambiguous/Mixed,False
7,8,4,1,0.2839023653969743,2.5182497674832085,Fibroblasts/Stromal,Tumor/Epithelials,False
7,8,4,2,0.7352349907106749,0.615130231229424,Fibroblasts/Stromal,Ambiguous/Mixed,False
7,8,4,3,0.2109473988815604,3.112292941970545,Fibroblasts/Stromal,Tumor/Epithelials,False
7,8,4,4,0.5619262713918023,1.152769254777737,Fibroblasts/Stromal,Ambiguous/Mixed,False
7,8,4,5,0.9996096673074806,0.000780817784308632,Fibroblasts/Stromal,Fibroblasts/Stromal,True
7,8,4,6,0.9594736964924498,0.08274075535036132,Fibroblasts/Stromal,Ambiguous/Mixed,False
7,8,4,7,0.7936537659831115,0.46221595166335805,Fibroblasts/Stromal,Ambiguous/Mixed,False
7,8,4,8,0.9800751024160365,0.040252150270871166,Fibroblasts/Stromal,Ambiguous/Mixed,False
7,8,5,1,0.22551423275826057,2.978744011173097,Ambiguous/Mixed,Tumor/Epithelials,False
7,8,5,2,0.6759578992166927,0.783248968287709,Ambiguous/Mixed,Ambiguous/Mixed,True
7,8,5,3,0.14233833260299705,3.8990968627279834,Ambiguous/Mixed,Tumor/Epithelials,False
7,8,5,4,0.5092542186921417,1.349615879563236,Ambiguous/Mixed,Ambiguous/Mixed,True
7,8,5,5,0.9614910673755264,0.0785400085950447,Ambiguous/Mixed,Fibroblasts/Stromal,False
7,8,5,6,0.998772487780399,0.002456532459653337,Ambiguous/Mixed,Ambiguous/Mixed,True
7,8,5,7,0.6943391036749564,0.729589631604342,Ambiguous/Mixed,Ambiguous/Mixed,True
7,8,5,8,0.9687831741936163,0.06342890914401954,Ambiguous/Mixed,Ambiguous/Mixed,True
7,8,6,1,0.29100920562393,2.4688007557290166,Ambiguous/Mixed,Tumor/Epithelials,False
7,8,6,2,0.9462311324654337,0.11053682739923194,Ambiguous/Mixed,Ambiguous/Mixed,True
7,8,6,3,0.2271443212421276,2.964339374247776,Ambiguous/Mixed,Tumor/Epithelials,False
7,8,6,4,0.6558043893997911,0.843785442790322,Ambiguous/Mixed,Ambiguous/Mixed,True
7,8,6,5,0.7968474634186381,0.4541840138847056,Ambiguous/Mixed,Fibroblasts/Stromal,False
7,8,6,6,0.7007738615961248,0.7111400760125529,Ambiguous/Mixed,Ambiguous/Mixed,True
7,8,6,7,0.9992981507985752,0.0014041912257562374,Ambiguous/Mixed,Ambiguous/Mixed,True
7,8,6,8,0.7899431638156755,0.4715885612926436,Ambiguous/Mixed,Ambiguous/Mixed,True
7,8,7,1,0.2232755051707783,2.998697641730147,Ambiguous/Mixed,Tumor/Epithelials,False
7,8,7,2,0.759209758668423,0.5509543557708749,Ambiguous/Mixed,Ambiguous/Mixed,True
7,8,7,3,0.17840510101763085,3.4473969321936986,Ambiguous/Mixed,Tumor/Epithelials,False
7,8,7,4,0.5168911720259732,1.3198458512287439,Ambiguous/Mixed,Ambiguous/Mixed,True
7,8,7,5,0.9834001680435985,0.03347830624820535,Ambiguous/Mixed,Fibroblasts/Stromal,False
7,8,7,6,0.9711460668120655,0.05855678548707045,Ambiguous/Mixed,Ambiguous/Mixed,True
7,8,7,7,0.7866669692138564,0.47990057007355946,Ambiguous/Mixed,Ambiguous/Mixed,True
7,8,7,8,0.9999171892549168,0.00016562834816456632,Ambiguous/Mixed,Ambiguous/Mixed,True
8,9,1,1,0.15041919383972066,3.788658513987593,Tumor/Epithelials,Ambiguous/Mixed,False
8,9,1,2,0.8090123557040326,0.4238821784587111,Tumor/Epithelials,Tumor/Epithelials,True
8,9,1,3,0.5081420514399152,1.3539884833475515,Tumor/Epithelials,Tumor/Epithelials,True
8,9,1,4,0.29999280080704505,2.407993603847452,Tumor/Epithelials,Ambiguous/Mixed,False
8,9,1,5,0.2709632592226816,2.611544084235173,Tumor/Epithelials,Fibroblasts/Stromal,False
8,9,1,6,0.21091274820587103,3.1126214932784277,Tumor/Epithelials,Ambiguous/Mixed,False
8,9,1,7,0.2103041261851009,3.118401151989452,Tumor/Epithelials,Ambiguous/Mixed,False
8,9,1,8,0.2978199015714972,2.4225326646335015,Tumor/Epithelials,Ambiguous/Mixed,False
8,9,1,9,0.2145263467452943,3.0786454390149913,Tumor/Epithelials,Ambiguous/Mixed,False
8,9,2,1,0.999996339413399,7.321186601725086e-06,Ambiguous/Mixed,Ambiguous/Mixed,True
8,9,2,2,0.21426317241983694,3.081100483709329,Ambiguous/Mixed,Tumor/Epithelials,False
8,9,2,3,0.12222491899684915,4.203784666511275,Ambiguous/Mixed,Tumor/Epithelials,False
8,9,2,4,0.47967328980045637,1.4693001061481425,Ambiguous/Mixed,Ambiguous/Mixed,True
8,9,2,5,0.7440901255139755,0.5911862300839125,Ambiguous/Mixed,Fibroblasts/Stromal,False
8,9,2,6,0.6840763146661786,0.7593715928676008,Ambiguous/Mixed,Ambiguous/Mixed,True
8,9,2,7,0.7618684904291814,0.5439626458571152,Ambiguous/Mixed,Ambiguous/Mixed,True
8,9,2,8,0.9421119274941451,0.11926238493656804,Ambiguous/Mixed,Ambiguous/Mixed,True
8,9,2,9,0.7606364134827033,0.5471996199049876,Ambiguous/Mixed,Ambiguous/Mixed,True
8,9,3,1,0.12199181040667227,4.20760272863243,Tumor/Epithelials,Ambiguous/Mixed,False
8,9,3,2,0.40057431153794787,1.8297119655483831,Tumor/Epithelials,Tumor/Epithelials,True
8,9,3,3,0.9999771816929766,4.5637134729841985e-05,Tumor/Epithelials,Tumor/Epithelials,True
8,9,3,4,0.17350664287509296,3.5030787857273133,Tumor/Epithelials,Ambiguous/Mixed,False
8,9,3,5,0.20227714057776178,3.196233077663003,Tumor/Epithelials,Fibroblasts/Stromal,False
8,9,3,6,0.13591005114655935,3.99152400137654,Tumor/Epithelials,Ambiguous/Mixed,False
8,9,3,7,0.16385447853219046,3.617553142175873,Tumor/Epithelials,Ambiguous/Mixed,False
8,9,3,8,0.234509708156359,2.900516585130551,Tumor/Epithelials,Ambiguous/Mixed,False
8,9,3,9,0.16922873570031866,3.553008026971524,Tumor/Epithelials,Ambiguous/Mixed,False
8,9,4,1,0.48033437557047265,1.46654560366505,Ambiguous/Mixed,Ambiguous/Mixed,True
8,9,4,2,0.24718139996188088,2.795265598204277,Ambiguous/Mixed,Tumor/Epithelials,False
8,9,4,3,0.17356107418800867,3.502451457852251,Ambiguous/Mixed,Tumor/Epithelials,False
8,9,4,4,0.9999443536837599,0.00011129572910765347,Ambiguous/Mixed,Ambiguous/Mixed,True
8,9,4,5,0.5510633063311574,1.1918111658120125,Ambiguous/Mixed,Fibroblasts/Stromal,False
8,9,4,6,0.5110712387190299,1.3424925761722004,Ambiguous/Mixed,Ambiguous/Mixed,True
8,9,4,7,0.5019836905260101,1.3783752976203967,Ambiguous/Mixed,Ambiguous/Mixed,True
8,9,4,8,0.6513183813708663,0.8575133824822055,Ambiguous/Mixed,Ambiguous/Mixed,True
8,9,4,9,0.503782027607169,1.371223178731499,Ambiguous/Mixed,Ambiguous/Mixed,True
8,9,5,1,0.7456136006224409,0.5870955491979148,Fibroblasts/Stromal,Ambiguous/Mixed,False
8,9,5,2,0.3271121524315545,2.2349043861802977,Fibroblasts/Stromal,Tumor/Epithelials,False
8,9,5,3,0.2041335192455085,3.17796198625639,Fibroblasts/Stromal,Tumor/Epithelials,False
8,9,5,4,0.5522059085064157,1.1876685592082918,Fibroblasts/Stromal,Ambiguous/Mixed,False
8,9,5,5,0.9999856017693342,2.8796668642793233e-05,Fibroblasts/Stromal,Fibroblasts/Stromal,True
8,9,5,6,0.9625990777544746,0.07623656038243151,Fibroblasts/Stromal,Ambiguous/Mixed,False
8,9,5,7,0.9819256018723548,0.036479470677047175,Fibroblasts/Stromal,Ambiguous/Mixed,False
8,9,5,8,0.7985013207837995,0.45003731449457257,Fibroblasts/Stromal,Ambiguous/Mixed,False
8,9,5,9,0.983144492181468,0.03399835721626585,Fibroblasts/Stromal,Ambiguous/Mixed,False
8,9,6,1,0.6823745422429074,0.7643531794193315,Ambiguous/Mixed,Ambiguous/Mixed,True
8,9,6,2,0.2612288275998661,2.68471704333438,Ambiguous/Mixed,Tumor/Epithelials,False
8,9,6,3,0.13613980714461885,3.9881458551186952,Ambiguous/Mixed,Tumor/Epithelials,False
8,9,6,4,0.5138867199730295,1.3315048539475225,Ambiguous/Mixed,Ambiguous/Mixed,True
8,9,6,5,0.9622936088361939,0.07687133638417548,Ambiguous/Mixed,Fibroblasts/Stromal,False
8,9,6,6,0.9999797911161514,4.04181761015936e-05,Ambiguous/Mixed,Ambiguous/Mixed,True
8,9,6,7,0.9714453330908496,0.05794056473953388,Ambiguous/Mixed,Ambiguous/Mixed,True
8,9,6,8,0.6997923561632955,0.7139432439915008,Ambiguous/Mixed,Ambiguous/Mixed,True
8,9,6,9,0.9727992115462148,0.055155156539861805,Ambiguous/Mixed,Ambiguous/Mixed,True
8,9,7,1,0.941606337866649,0.12033598420867539,Ambiguous/Mixed,Ambiguous/Mixed,True
8,9,7,2,0.3674896375047379,2.0021203159856307,Ambiguous/Mixed,Tumor/Epithelials,False
8,9,7,3,0.2364652926833462,2.883907671602383,Ambiguous/Mixed,Tumor/Epithelials,False
8,9,7,4,0.6501276263555579,0.8611731742538542,Ambiguous/Mixed,Ambiguous/Mixed,True
8,9,7,5,0.796245663274089,0.4556950370963215,Ambiguous/Mixed,Fibroblasts/Stromal,False
8,9,7,6,0.7005816889849711,0.7116886095015126,Ambiguous/Mixed,Ambiguous/Mixed,True
8,9,7,7,0.780660054735896,0.4952309862476047,Ambiguous/Mixed,Ambiguous/Mixed,True
8,9,7,8,0.9999834915839888,3.301710455312474e-05,Ambiguous/Mixed,Ambiguous/Mixed,True
8,9,7,9,0.7830734648944391,0.48905752499100374,Ambiguous/Mixed,Ambiguous/Mixed,True
8,9,8,1,0.7640149580347056,0.5383358228556336,Ambiguous/Mixed,Ambiguous/Mixed,True
8,9,8,2,0.27560487011891144,2.5775741380605783,Ambiguous/Mixed,Tumor/Epithelials,False
8,9,8,3,0.17584765371810565,3.476274525339499,Ambiguous/Mixed,Tumor/Epithelials,False
8,9,8,4,0.5127754554375074,1.3358344766651975,Ambiguous/Mixed,Ambiguous/Mixed,True
8,9,8,5,0.983576879005661,0.03311895083467266,Ambiguous/Mixed,Fibroblasts/Stromal,False
8,9,8,6,0.9713960595622076,0.05804201106209799,Ambiguous/Mixed,Ambiguous/Mixed,True
8,9,8,7,0.9986363212617673,0.0027292187885133894,Ambiguous/Mixed,Ambiguous/Mixed,True
8,9,8,8,0.7902610801402761,0.4707838138554541,Ambiguous/Mixed,Ambiguous/Mixed,True
8,9,8,9,0.9996430323191107,0.0007140628180366767,Ambiguous/Mixed,Ambiguous/Mixed,True
9,10,1,1,0.21378116955795828,3.0856047186059232,Ambiguous/Mixed,Tumor/Epithelials,False
9,10,1,2,0.1537287159328777,3.745131629670258,Ambiguous/Mixed,Tumor/Epithelials,False
9,10,1,3,0.8536092388669813,0.31656351127647925,Ambiguous/Mixed,Ambiguous/Mixed,True
9,10,1,4,0.9657707993638556,0.06965748132268451,Ambiguous/Mixed,Ambiguous/Mixed,True
9,10,1,5,0.7645358065147995,0.5369728363920322,Ambiguous/Mixed,Plasma_XBP1,False
9,10,1,6,0.7526446461424017,0.5683241600878197,Ambiguous/Mixed,Fibroblasts/Stromal,False
9,10,1,7,0.7246880285333208,0.6440280444134213,Ambiguous/Mixed,Tumor/Epithelials,False
9,10,1,8,0.6839645941306146,0.7596982513325459,Ambiguous/Mixed,Ambiguous/Mixed,True
9,10,1,9,0.9437197848798409,0.11585198990557391,Ambiguous/Mixed,Ambiguous/Mixed,True
9,10,1,10,0.765390445479914,0.5347383782202164,Ambiguous/Mixed,Ambiguous/Mixed,True
9,10,2,1,0.9991936012669586,0.00161344809480052,Tumor/Epithelials,Tumor/Epithelials,True
9,10,2,2,0.509301890315981,1.3494286670043891,Tumor/Epithelials,Tumor/Epithelials,True
9,10,2,3,0.19078467873154295,3.313219646682653,Tumor/Epithelials,Ambiguous/Mixed,False
9,10,2,4,0.3122723050163687,2.3277593986574807,Tumor/Epithelials,Ambiguous/Mixed,False
9,10,2,5,0.22277579961874583,3.0031787922679234,Tumor/Epithelials,Plasma_XBP1,False
9,10,2,6,0.32184302497728406,2.2673827047501356,Tumor/Epithelials,Fibroblasts/Stromal,False
9,10,2,7,0.30251475438806413,2.3912504557282377,Tumor/Epithelials,Tumor/Epithelials,True
9,10,2,8,0.26797425170626576,2.6337287576194743,Tumor/Epithelials,Ambiguous/Mixed,False
9,10,2,9,0.3627681022940563,2.027982971031724,Tumor/Epithelials,Ambiguous/Mixed,False
9,10,2,10,0.2716619069538285,2.606393949956447,Tumor/Epithelials,Ambiguous/Mixed,False
9,10,3,1,0.3936882513594048,1.8643918461690199,Tumor/Epithelials,Tumor/Epithelials,True
9,10,3,2,0.7967056819970909,0.4545399014114671,Tumor/Epithelials,Tumor/Epithelials,True
9,10,3,3,0.12097456566883545,4.2243499131294895,Tumor/Epithelials,Ambiguous/Mixed,False
9,10,3,4,0.15378448364142094,3.744406227193463,Tumor/Epithelials,Ambiguous/Mixed,False
9,10,3,5,0.1373763446855438,3.9700621557529154,Tumor/Epithelials,Plasma_XBP1,False
9,10,3,6,0.20095432697096466,3.209355251487316,Tumor/Epithelials,Fibroblasts/Stromal,False
9,10,3,7,0.19285780840239403,3.291604211271107,Tumor/Epithelials,Tumor/Epithelials,True
9,10,3,8,0.1512892075521622,3.7771239843568374,Tumor/Epithelials,Ambiguous/Mixed,False
9,10,3,9,0.23263194260632933,2.9165954396763567,Tumor/Epithelials,Ambiguous/Mixed,False
9,10,3,10,0.17147683546316245,3.5266141833691664,Tumor/Epithelials,Ambiguous/Mixed,False
9,10,4,1,0.24833210512051052,2.785976590212731,Ambiguous/Mixed,Tumor/Epithelials,False
9,10,4,2,0.21983685751106594,3.0297391289737643,Ambiguous/Mixed,Tumor/Epithelials,False
9,10,4,3,0.41461508665513325,1.7608093823668498,Ambiguous/Mixed,Ambiguous/Mixed,True
9,10,4,4,0.6616174223115605,0.8261356040333144,Ambiguous/Mixed,Ambiguous/Mixed,True
9,10,4,5,0.5723839275414335,1.1158906215242823,Ambiguous/Mixed,Plasma_XBP1,False
9,10,4,6,0.5536703798231198,1.1823715031515603,Ambiguous/Mixed,Fibroblasts/Stromal,False
9,10,4,7,0.5198547524001035,1.3084116574637976,Ambiguous/Mixed,Tumor/Epithelials,False
9,10,4,8,0.49928761926286697,1.3891459159438693,Ambiguous/Mixed,Ambiguous/Mixed,True
9,10,4,9,0.6511149473012932,0.8581381640099786,Ambiguous/Mixed,Ambiguous/Mixed,True
9,10,4,10,0.5090383745707314,1.3504637463790057,Ambiguous/Mixed,Ambiguous/Mixed,True
9,10,5,1,0.32459071088177077,2.250380482868885,Fibroblasts/Stromal,Tumor/Epithelials,False
9,10,5,2,0.26361260595463437,2.6665493104221283,Fibroblasts/Stromal,Tumor/Epithelials,False
9,10,5,3,0.9377343294775069,0.1285772018551093,Fibroblasts/Stromal,Ambiguous/Mixed,False
9,10,5,4,0.7679262147453212,0.5281232500005664,Fibroblasts/Stromal,Ambiguous/Mixed,False
9,10,5,5,0.9598242895432079,0.08201008599686155,Fibroblasts/Stromal,Plasma_XBP1,False
9,10,5,6,0.9997973256288067,0.00040538982483825817,Fibroblasts/Stromal,Fibroblasts/Stromal,True
9,10,5,7,0.9858844598220171,0.02843222390718105,Fibroblasts/Stromal,Tumor/Epithelials,False
9,10,5,8,0.9693243549204128,0.062311983002962236,Fibroblasts/Stromal,Ambiguous/Mixed,False
9,10,5,9,0.7961309943241045,0.4559830818868188,Fibroblasts/Stromal,Ambiguous/Mixed,False
9,10,5,10,0.9835699034719728,0.03313313489810989,Fibroblasts/Stromal,Ambiguous/Mixed,False
9,10,6,1,0.26101345394292536,2.6863666506278716,Ambiguous/Mixed,Tumor/Epithelials,False
9,10,6,2,0.19145444810987386,3.3062107350693366,Ambiguous/Mixed,Tumor/Epithelials,False
9,10,6,3,0.9387430699048941,0.1264269163789533,Ambiguous/Mixed,Ambiguous/Mixed,True
9,10,6,4,0.7165251309974172,0.6666839153281788,Ambiguous/Mixed,Ambiguous/Mixed,True
9,10,6,5,0.9642999012946778,0.07270586365072407,Ambiguous/Mixed,Plasma_XBP1,False
9,10,6,6,0.9654773885384211,0.07026519363957881,Ambiguous/Mixed,Fibroblasts/Stromal,False
9,10,6,7,0.959068946085584,0.08358462590895727,Ambiguous/Mixed,Tumor/Epithelials,False
9,10,6,8,0.997273869959057,0.00545970540123724,Ambiguous/Mixed,Ambiguous/Mixed,True
9,10,6,9,0.7016967296567873,0.7085079546700586,Ambiguous/Mixed,Ambiguous/Mixed,True
9,10,6,10,0.9738902641108822,0.05291329374139932,Ambiguous/Mixed,Ambiguous/Mixed,True
9,10,7,1,0.2628106023674321,2.672643298643153,Ambiguous/Mixed,Tumor/Epithelials,False
9,10,7,2,0.21082129187918558,3.1134889245922546,Ambiguous/Mixed,Tumor/Epithelials,False
9,10,7,3,0.9713350889973469,0.05816754683667179,Ambiguous/Mixed,Ambiguous/Mixed,True
9,10,7,4,0.7679443131625828,0.5280761147324988,Ambiguous/Mixed,Ambiguous/Mixed,True
9,10,7,5,0.9797797421026277,0.04085497106950495,Ambiguous/Mixed,Plasma_XBP1,False
9,10,7,6,0.9843679194707301,0.03151109982526344,Ambiguous/Mixed,Fibroblasts/Stromal,False
9,10,7,7,0.9929601437161819,0.014129505974029925,Ambiguous/Mixed,Tumor/Epithelials,False
9,10,7,8,0.9773836443259322,0.045752056290765744,Ambiguous/Mixed,Ambiguous/Mixed,True
9,10,7,9,0.7813721996883376,0.4934073491241966,Ambiguous/Mixed,Ambiguous/Mixed,True
9,10,7,10,0.9987011139459125,0.002599460675485752,Ambiguous/Mixed,Ambiguous/Mixed,True
9,10,8,1,0.3664528213370626,2.0077709870696387,Ambiguous/Mixed,Tumor/Epithelials,False
9,10,8,2,0.30222497577880636,2.393167172074007,Ambiguous/Mixed,Tumor/Epithelials,False
9,10,8,3,0.8225205880316895,0.3907635312286273,Ambiguous/Mixed,Ambiguous/Mixed,True
9,10,8,4,0.960695514599388,0.08019552493050071,Ambiguous/Mixed,Ambiguous/Mixed,True
9,10,8,5,0.7816336478356882,0.49273825847375996,Ambiguous/Mixed,Plasma_XBP1,False
9,10,8,6,0.8026077955312213,0.4397782166984343,Ambiguous/Mixed,Fibroblasts/Stromal,False
9,10,8,7,0.7664811077965602,0.5318904566732571,Ambiguous/Mixed,Tumor/Epithelials,False
9,10,8,8,0.706419005413224,0.6950934508979049,Ambiguous/Mixed,Ambiguous/Mixed,True
9,10,8,9,0.9999611117982696,7.777791579216596e-05,Ambiguous/Mixed,Ambiguous/Mixed,True
9,10,8,10,0.7897075782630479,0.4721851122848313,Ambiguous/Mixed,Ambiguous/Mixed,True
9,10,9,1,0.26932601906274317,2.6236653328863366,Ambiguous/Mixed,Tumor/Epithelials,False
9,10,9,2,0.21400260775181848,3.0835341565567402,Ambiguous/Mixed,Tumor/Epithelials,False
9,10,9,3,0.9680703877095557,0.06490095954629874,Ambiguous/Mixed,Ambiguous/Mixed,True
9,10,9,4,0.7699846053859669,0.5227695146790161,Ambiguous/Mixed,Ambiguous/Mixed,True
9,10,9,5,0.977427028650774,0.045663281811582246,Ambiguous/Mixed,Plasma_XBP1,False
9,10,9,6,0.9853144185784515,0.029588964134059956,Ambiguous/Mixed,Fibroblasts/Stromal,False
9,10,9,7,0.99430719475048,0.011418142053267116,Ambiguous/Mixed,Tumor/Epithelials,False
9,10,9,8,0.9789743372204123,0.04249970010641193,Ambiguous/Mixed,Ambiguous/Mixed,True
9,10,9,9,0.7836682967181912,0.4875388781612412,Ambiguous/Mixed,Ambiguous/Mixed,True
9,10,9,10,0.999849139148189,0.0003017444649079286,Ambiguous/Mixed,Ambiguous/Mixed,True
10,11,1,1,0.9999062931376629,0.0001874225061988977,Tumor/Epithelials,Tumor/Epithelials,True
10,11,1,2,0.19155697773900177,3.3051399614614763,Tumor/Epithelials,Ambiguous/Mixed,False
10,11,1,3,0.40465793765081803,1.8094263342856407,Tumor/Epithelials,Tumor/Epithelials,True
10,11,1,4,0.31240597063052616,2.3269034981313483,Tumor/Epithelials,Ambiguous/Mixed,False
10,11,1,5,0.2227218213764989,3.003663447987435,Tumor/Epithelials,Plasma_XBP1,False
10,11,1,6,0.3241239526443629,2.2532585329220005,Tumor/Epithelials,Fibroblasts/Stromal,False
10,11,1,7,0.3034085783113195,2.385349877068499,Tumor/Epithelials,Tumor/Epithelials,True
10,11,1,8,0.2682278372006491,2.631837041652414,Tumor/Epithelials,Ambiguous/Mixed,False
10,11,1,9,0.3637280770523592,2.02269746316913,Tumor/Epithelials,Ambiguous/Mixed,False
10,11,1,10,0.25679416070004085,2.7189608922637305,Tumor/Epithelials,Ambiguous/Mixed,False
10,11,1,11,0.2635848622963743,2.6667598095990512,Tumor/Epithelials,Ambiguous/Mixed,False
10,11,2,1,0.5143305659262027,1.3297781917455618,Tumor/Epithelials,Tumor/Epithelials,True
10,11,2,2,0.15664021535019948,3.7076074507822607,Tumor/Epithelials,Ambiguous/Mixed,False
10,11,2,3,0.5167975911251588,1.3202079753202736,Tumor/Epithelials,Tumor/Epithelials,True
10,11,2,4,0.2006641819539692,3.212245009414554,Tumor/Epithelials,Ambiguous/Mixed,False
10,11,2,5,0.1694465725060996,3.550435216606635,Tumor/Epithelials,Plasma_XBP1,False
10,11,2,6,0.263324776080643,2.6687342372269502,Tumor/Epithelials,Fibroblasts/Stromal,False
10,11,2,7,0.2494254303221846,2.777190569854451,Tumor/Epithelials,Tumor/Epithelials,True
10,11,2,8,0.21179972631087665,3.104228276042317,Tumor/Epithelials,Ambiguous/Mixed,False
10,11,2,9,0.29997541188571447,2.4081095361316467,Tumor/Epithelials,Ambiguous/Mixed,False
10,11,2,10,0.20335911275330293,3.1855636689733373,Tumor/Epithelials,Ambiguous/Mixed,False
10,11,2,11,0.20950664879138367,3.1259996072983016,Tumor/Epithelials,Ambiguous/Mixed,False
10,11,3,1,0.19018018377975054,3.3195666410498936,Ambiguous/Mixed,Tumor/Epithelials,False
10,11,3,2,0.9999886003045164,2.2799520921276346e-05,Ambiguous/Mixed,Ambiguous/Mixed,True
10,11,3,3,0.2908147246914487,2.470137798979328,Ambiguous/Mixed,Tumor/Epithelials,False
10,11,3,4,0.820248286652904,0.3962963919079063,Ambiguous/Mixed,Ambiguous/Mixed,True
10,11,3,5,0.9461043512065849,0.11080481636869823,Ambiguous/Mixed,Plasma_XBP1,False
10,11,3,6,0.9420371471346534,0.11942114171550447,Ambiguous/Mixed,Fibroblasts/Stromal,False
10,11,3,7,0.9435956666491713,0.11611504763818137,Ambiguous/Mixed,Tumor/Epithelials,False
10,11,3,8,0.9443014473482858,0.1146196679869036,Ambiguous/Mixed,Ambiguous/Mixed,True
10,11,3,9,0.8234366931559675,0.38853721532275143,Ambiguous/Mixed,Ambiguous/Mixed,True
10,11,3,10,0.9732645254538348,0.05419873582734238,Ambiguous/Mixed,Ambiguous/Mixed,True
10,11,3,11,0.9673887630358177,0.06630966858912389,Ambiguous/Mixed,Ambiguous/Mixed,True
10,11,4,1,0.31101902983351104,2.335802358999215,Ambiguous/Mixed,Tumor/Epithelials,False
10,11,4,2,0.824970050853568,0.3848163906041292,Ambiguous/Mixed,Ambiguous/Mixed,True
10,11,4,3,0.32573516131290065,2.243341232785238,Ambiguous/Mixed,Tumor/Epithelials,False
10,11,4,4,0.9999862445368919,2.751111543072089e-05,Ambiguous/Mixed,Ambiguous/Mixed,True
10,11,4,5,0.7804728115998373,0.49571074845361374,Ambiguous/Mixed,Plasma_XBP1,False
10,11,4,6,0.7768489376128325,0.5050187300054423,Ambiguous/Mixed,Fibroblasts/Stromal,False
10,11,4,7,0.7424314529337155,0.5956494636963214,Ambiguous/Mixed,Tumor/Epithelials,False
10,11,4,8,0.7115722937145685,0.6805565182887843,Ambiguous/Mixed,Ambiguous/Mixed,True
10,11,4,9,0.9624715052499178,0.07650163638716587,Ambiguous/Mixed,Ambiguous/Mixed,True
10,11,4,10,0.7667744882760921,0.5311250774791714,Ambiguous/Mixed,Ambiguous/Mixed,True
10,11,4,11,0.7592353408150369,0.5508869653946935,Ambiguous/Mixed,Ambiguous/Mixed,True
10,11,5,1,0.22201824218382463,3.0099914569731627,Plasma_XBP1,Tumor/Epithelials,False
10,11,5,2,0.9470807562013692,0.10874182722403028,Plasma_XBP1,Ambiguous/Mixed,False
10,11,5,3,0.34169308001067095,2.147684743434984,Plasma_XBP1,Tumor/Epithelials,False
10,11,5,4,0.7813170472179654,0.4935485223497868,Plasma_XBP1,Ambiguous/Mixed,False
10,11,5,5,0.9999785870272648,4.282640399229097e-05,Plasma_XBP1,Plasma_XBP1,True
10,11,5,6,0.9625592273904741,0.07631935952450666,Plasma_XBP1,Fibroblasts/Stromal,False
10,11,5,7,0.9638055142080469,0.07373150694489353,Plasma_XBP1,Tumor/Epithelials,False
10,11,5,8,0.9595162860945589,0.08265198031244561,Plasma_XBP1,Ambiguous/Mixed,False
10,11,5,9,0.782253289662556,0.49115338211361886,Plasma_XBP1,Ambiguous/Mixed,False
10,11,5,10,0.9792509621541821,0.04193464778950405,Plasma_XBP1,Ambiguous/Mixed,False
10,11,5,11,0.9766169888430346,0.047321463197239205,Plasma_XBP1,Ambiguous/Mixed,False
10,11,6,1,0.32145222378429483,2.2698127008790814,Fibroblasts/Stromal,Tumor/Epithelials,False
10,11,6,2,0.9421745322989079,0.11912948623751843,Fibroblasts/Stromal,Ambiguous/Mixed,False
10,11,6,3,0.5055481332334338,1.364224051994839,Fibroblasts/Stromal,Tumor/Epithelials,False
10,11,6,4,0.7749430826831092,0.5099313880499554,Fibroblasts/Stromal,Ambiguous/Mixed,False
10,11,6,5,0.9626839917390315,0.07606014168129091,Fibroblasts/Stromal,Plasma_XBP1,False
10,11,6,6,0.999989493580187,2.1012950011656874e-05,Fibroblasts/Stromal,Fibroblasts/Stromal,True
10,11,6,7,0.9867302528979047,0.026717153808059762,Fibroblasts/Stromal,Tumor/Epithelials,False
10,11,6,8,0.9717033988835302,0.05740933253903084,Fibroblasts/Stromal,Ambiguous/Mixed,False
10,11,6,9,0.8025802086780798,0.43984696092794984,Fibroblasts/Stromal,Ambiguous/Mixed,False
10,11,6,10,0.9828476138993755,0.03460238463515701,Fibroblasts/Stromal,Ambiguous/Mixed,False
10,11,6,11,0.9850300581214191,0.030166244832677745,Fibroblasts/Stromal,Ambiguous/Mixed,False
10,11,7,1,0.3020167572353258,2.3945455512249048,Tumor/Epithelials,Tumor/Epithelials,True
10,11,7,2,0.9424541461900545,0.11853602420143726,Tumor/Epithelials,Ambiguous/Mixed,False
10,11,7,3,0.4958957545150402,1.402779093390444,Tumor/Epithelials,Tumor/Epithelials,True
10,11,7,4,0.7399560938454088,0.6023288543710237,Tumor/Epithelials,Ambiguous/Mixed,False
10,11,7,5,0.9623330525908294,0.07678935943678808,Tumor/Epithelials,Plasma_XBP1,False
10,11,7,6,0.9862307908688053,0.02772976790167708,Tumor/Epithelials,Fibroblasts/Stromal,False
10,11,7,7,0.9999482121186393,0.00010357844479870677,Tumor/Epithelials,Tumor/Epithelials,True
10,11,7,8,0.967253354296473,0.06658963507667778,Tumor/Epithelials,Ambiguous/Mixed,False
10,11,7,9,0.7664350005454382,0.5320107691962579,Tumor/Epithelials,Ambiguous/Mixed,False
10,11,7,10,0.9909960433017977,0.018089474584017797,Tumor/Epithelials,Ambiguous/Mixed,False
10,11,7,11,0.9939727421470855,0.012090990177602795,Tumor/Epithelials,Ambiguous/Mixed,False
10,11,8,1,0.2673512336934588,2.63838400614459,Ambiguous/Mixed,Tumor/Epithelials,False
10,11,8,2,0.9435040380196527,0.11630926870528027,Ambiguous/Mixed,Ambiguous/Mixed,True
10,11,8,3,0.4923926776089777,1.4169575112017918,Ambiguous/Mixed,Tumor/Epithelials,False
10,11,8,4,0.710997418246708,0.6821729606868482,Ambiguous/Mixed,Ambiguous/Mixed,True
10,11,8,5,0.9594411429625904,0.08280861355687097,Ambiguous/Mixed,Plasma_XBP1,False
10,11,8,6,0.9712903438331584,0.05825968022160583,Ambiguous/Mixed,Fibroblasts/Stromal,False
10,11,8,7,0.9676098921781207,0.06585255376339573,Ambiguous/Mixed,Tumor/Epithelials,False
10,11,8,8,0.9999954905562083,9.018907918546565e-06,Ambiguous/Mixed,Ambiguous/Mixed,True
10,11,8,9,0.7072151237587929,0.6928407649636698,Ambiguous/Mixed,Ambiguous/Mixed,True
10,11,8,10,0.9790504414068255,0.042344228761447805,Ambiguous/Mixed,Ambiguous/Mixed,True
10,11,8,11,0.9805004711670015,0.03938430561673838,Ambiguous/Mixed,Ambiguous/Mixed,True
10,11,9,1,0.36211430824071156,2.0315906967600683,Ambiguous/Mixed,Tumor/Epithelials,False
10,11,9,2,0.8278012961999741,0.37796426766320695,Ambiguous/Mixed,Ambiguous/Mixed,True
10,11,9,3,0.35872456012266724,2.0504008539455527,Ambiguous/Mixed,Tumor/Epithelials,False
10,11,9,4,0.9613033909833315,0.07893043283820814,Ambiguous/Mixed,Ambiguous/Mixed,True
10,11,9,5,0.7807242680385251,0.49506648273177256,Ambiguous/Mixed,Plasma_XBP1,False
10,11,9,6,0.8041102248942005,0.43603784712073246,Ambiguous/Mixed,Fibroblasts/Stromal,False
10,11,9,7,0.7681218145417871,0.5276138914550164,Ambiguous/Mixed,Tumor/Epithelials,False
10,11,9,8,0.7071780769237053,0.6929455359285707,Ambiguous/Mixed,Ambiguous/Mixed,True
10,11,9,9,0.9999855601948839,2.887981874203418e-05,Ambiguous/Mixed,Ambiguous/Mixed,True
10,11,9,10,0.7765382687288409,0.5058187079809666,Ambiguous/Mixed,Ambiguous/Mixed,True
10,11,9,11,0.7718358650932479,0.5179667230898137,Ambiguous/Mixed,Ambiguous/Mixed,True
10,11,10,1,0.27091829307521803,2.6118760102612657,Ambiguous/Mixed,Tumor/Epithelials,False
10,11,10,2,0.9662866885859526,0.06858941945066457,Ambiguous/Mixed,Ambiguous/Mixed,True
10,11,10,3,0.43975452164828677,1.6430772262034568,Ambiguous/Mixed,Tumor/Epithelials,False
10,11,10,4,0.775879436187865,0.5075162732134242,Ambiguous/Mixed,Ambiguous/Mixed,True
10,11,10,5,0.9757027965020799,0.04919450144565406,Ambiguous/Mixed,Plasma_XBP1,False
10,11,10,6,0.9852225180829717,0.02977551327980127,Ambiguous/Mixed,Fibroblasts/Stromal,False
10,11,10,7,0.994745827841422,0.010536047723814414,Ambiguous/Mixed,Tumor/Epithelials,False
10,11,10,8,0.9794105586224989,0.04160871813401804,Ambiguous/Mixed,Ambiguous/Mixed,True
10,11,10,9,0.790058400578422,0.47129682294111847,Ambiguous/Mixed,Ambiguous/Mixed,True
10,11,10,10,0.9986108603133375,0.002780210871348412,Ambiguous/Mixed,Ambiguous/Mixed,True
10,11,10,11,0.9998143667537125,0.000371300956542421,Ambiguous/Mixed,Ambiguous/Mixed,True
11,12,1,1,0.198299598465182,3.2359525366881092,Tumor/Epithelials,Ambiguous/Mixed,False
11,12,1,2,0.4255649594749336,1.7086753528098977,Tumor/Epithelials,Tumor/Epithelials,True
11,12,1,3,0.3478788222775289,2.1118021433873326,Tumor/Epithelials,Ambiguous/Mixed,False
11,12,1,4,0.2753956945248479,2.5790926526867652,Tumor/Epithelials,Fibroblasts/Stromal,False
11,12,1,5,0.22982094982688892,2.9409095044892153,Tumor/Epithelials,Plasma_XBP1,False
11,12,1,6,0.42984137712907566,1.6886780574976552,Tumor/Epithelials,Endothelials,False
11,12,1,7,0.33699388666649166,2.1753809784996596,Tumor/Epithelials,Ambiguous/Mixed,False
11,12,1,8,0.17415292103944335,3.495643018374751,Tumor/Epithelials,Ambiguous/Mixed,False
11,12,1,9,0.31449759886968676,2.3135576752507196,Tumor/Epithelials,Tumor/Epithelials,True
11,12,1,10,0.2948841507919894,2.442345417904916,Tumor/Epithelials,Tumor/Epithelials,True
11,12,1,11,0.18840140036654696,3.338360967848087,Tumor/Epithelials,Ambiguous/Mixed,False
11,12,1,12,0.24568484487478529,2.807411365557372,Tumor/Epithelials,Ambiguous/Mixed,False
11,12,2,1,0.862454520892135,0.29594572173457806,Ambiguous/Mixed,Ambiguous/Mixed,True
11,12,2,2,0.15238825570893974,3.7626474019526785,Ambiguous/Mixed,Tumor/Epithelials,False
11,12,2,3,0.8034474500167723,0.43768699458293536,Ambiguous/Mixed,Ambiguous/Mixed,True
11,12,2,4,0.13833914042876685,3.9560941385950166,Ambiguous/Mixed,Fibroblasts/Stromal,False
11,12,2,5,0.914167256877956,0.17948345974681212,Ambiguous/Mixed,Plasma_XBP1,False
11,12,2,6,0.7948462397927519,0.45921318419894275,Ambiguous/Mixed,Endothelials,False
11,12,2,7,0.9280430164239467,0.1493543867302611,Ambiguous/Mixed,Ambiguous/Mixed,True
11,12,2,8,0.7877683518024735,0.4771024042713263,Ambiguous/Mixed,Ambiguous/Mixed,True
11,12,2,9,0.9363497874510651,0.1315323355459187,Ambiguous/Mixed,Tumor/Epithelials,False
11,12,2,10,0.9522924587795317,0.0977661735361893,Ambiguous/Mixed,Tumor/Epithelials,False
11,12,2,11,0.7254917618640438,0.6418111236747938,Ambiguous/Mixed,Ambiguous/Mixed,True
11,12,2,12,0.9767038292857503,0.04714363179961739,Ambiguous/Mixed,Ambiguous/Mixed,True
11,12,3,1,0.20015177716610388,3.217358628823666,Tumor/Epithelials,Ambiguous/Mixed,False
11,12,3,2,0.5033464862187356,1.3729530132445966,Tumor/Epithelials,Tumor/Epithelials,True
11,12,3,3,0.36192640747814525,2.0326287641654246,Tumor/Epithelials,Ambiguous/Mixed,False
11,12,3,4,0.38889484397362983,1.8888925917660944,Tumor/Epithelials,Fibroblasts/Stromal,False
11,12,3,5,0.3387299759945914,2.165104039980916,Tumor/Epithelials,Plasma_XBP1,False
11,12,3,6,0.40886419888852177,1.7887444202631753,Tumor/Epithelials,Endothelials,False
11,12,3,7,0.5426507771553682,1.2225786038853337,Tumor/Epithelials,Ambiguous/Mixed,False
11,12,3,8,0.26673571980933486,2.642993848437786,Tumor/Epithelials,Ambiguous/Mixed,False
11,12,3,9,0.5154498353231733,1.3254305858429283,Tumor/Epithelials,Tumor/Epithelials,True
11,12,3,10,0.4759760363417883,1.4847755396755642,Tumor/Epithelials,Tumor/Epithelials,True
11,12,3,11,0.3227591073758447,2.26169806320573,Tumor/Epithelials,Ambiguous/Mixed,False
11,12,3,12,0.4115037071943875,1.7758744998554754,Tumor/Epithelials,Ambiguous/Mixed,False
11,12,4,1,0.9408015818205016,0.12204604096472485,Ambiguous/Mixed,Ambiguous/Mixed,True
11,12,4,2,0.21348942348346175,3.0883359725193786,Ambiguous/Mixed,Tumor/Epithelials,False
11,12,4,3,0.9960206850819892,0.007974506917172653,Ambiguous/Mixed,Ambiguous/Mixed,True
11,12,4,4,0.18242175150625087,3.402867913545631,Ambiguous/Mixed,Fibroblasts/Stromal,False
11,12,4,5,0.7828557830121717,0.48961357025029106,Ambiguous/Mixed,Plasma_XBP1,False
11,12,4,6,0.9310808959922201,0.14281822794754842,Ambiguous/Mixed,Endothelials,False
11,12,4,7,0.7112451222217568,0.681476303202614,Ambiguous/Mixed,Ambiguous/Mixed,True
11,12,4,8,0.5443930040747672,1.2161677179900507,Ambiguous/Mixed,Ambiguous/Mixed,True
11,12,4,9,0.7385457152340988,0.606144552209066,Ambiguous/Mixed,Tumor/Epithelials,False
11,12,4,10,0.7568995145751133,0.5570495520002807,Ambiguous/Mixed,Tumor/Epithelials,False
11,12,4,11,0.5095784285121185,1.3483430117107587,Ambiguous/Mixed,Ambiguous/Mixed,True
11,12,4,12,0.7676720001440105,0.5287854404125326,Ambiguous/Mixed,Ambiguous/Mixed,True
11,12,5,1,0.7543914670426933,0.563687717291751,Plasma_XBP1,Ambiguous/Mixed,False
11,12,5,2,0.17547865771689924,3.4804757038436804,Plasma_XBP1,Tumor/Epithelials,False
11,12,5,3,0.7673513796928594,0.5296209207316601,Plasma_XBP1,Ambiguous/Mixed,False
11,12,5,4,0.28947010372580434,2.4794065119034654,Plasma_XBP1,Fibroblasts/Stromal,False
11,12,5,5,0.9942622031861511,0.011508642418772641,Plasma_XBP1,Plasma_XBP1,True
11,12,5,6,0.7610905979555824,0.5460057540329835,Plasma_XBP1,Endothelials,False
11,12,5,7,0.9491265162229622,0.10442634790893396,Plasma_XBP1,Ambiguous/Mixed,False
11,12,5,8,0.716491768022767,0.666777041863334,Plasma_XBP1,Ambiguous/Mixed,False
11,12,5,9,0.9540358419274242,0.0941080761701168,Plasma_XBP1,Tumor/Epithelials,False
11,12,5,10,0.9653902242266621,0.0704457638894333,Plasma_XBP1,Tumor/Epithelials,False
11,12,5,11,0.7856458083022744,0.4824984273695403,Plasma_XBP1,Ambiguous/Mixed,False
11,12,5,12,0.9784297958617669,0.04361248282407333,Plasma_XBP1,Ambiguous/Mixed,False
11,12,6,1,0.7548280794962522,0.5625305298785863,Fibroblasts/Stromal,Ambiguous/Mixed,False
11,12,6,2,0.2596173429104073,2.6970929802063655,Fibroblasts/Stromal,Tumor/Epithelials,False
11,12,6,3,0.764054479320991,0.5382323686922873,Fibroblasts/Stromal,Ambiguous/Mixed,False
11,12,6,4,0.3258885535112606,2.2423996329158427,Fibroblasts/Stromal,Fibroblasts/Stromal,True
11,12,6,5,0.945361200819792,0.11237640285460844,Fibroblasts/Stromal,Plasma_XBP1,False
11,12,6,6,0.7988686754105557,0.44911741582586673,Fibroblasts/Stromal,Endothelials,False
11,12,6,7,0.9905789506583539,0.018931416273582538,Fibroblasts/Stromal,Ambiguous/Mixed,False
11,12,6,8,0.7626823337537849,0.5418273457044386,Fibroblasts/Stromal,Ambiguous/Mixed,False
11,12,6,9,0.9781195823438055,0.04424668817358599,Fibroblasts/Stromal,Tumor/Epithelials,False
11,12,6,10,0.98324850863586,0.03378676888281314,Fibroblasts/Stromal,Tumor/Epithelials,False
11,12,6,11,0.7564543688512118,0.5582261326840582,Fibroblasts/Stromal,Ambiguous/Mixed,False
11,12,6,12,0.9802999693737924,0.03979332591225106,Fibroblasts/Stromal,Ambiguous/Mixed,False
11,12,7,1,0.7316274096138595,0.6249677957334291,Tumor/Epithelials,Ambiguous/Mixed,False
11,12,7,2,0.25041840450958763,2.7692442840391363,Tumor/Epithelials,Tumor/Epithelials,True
11,12,7,3,0.7326437467238576,0.6221914321649463,Tumor/Epithelials,Ambiguous/Mixed,False
11,12,7,4,0.30327007531060357,2.386263065639056,Tumor/Epithelials,Fibroblasts/Stromal,False
11,12,7,5,0.9502141113983599,0.10213587872515105,Tumor/Epithelials,Plasma_XBP1,False
11,12,7,6,0.7662657176766201,0.532452558953368,Tumor/Epithelials,Endothelials,False
11,12,7,7,0.9817054174017877,0.03692799582118808,Tumor/Epithelials,Ambiguous/Mixed,False
11,12,7,8,0.769712215402581,0.5234771604507031,Tumor/Epithelials,Ambiguous/Mixed,False
11,12,7,9,0.9958469787902444,0.008323337906973358,Tumor/Epithelials,Tumor/Epithelials,True
11,12,7,10,0.9971902519269571,0.005627405649602212,Tumor/Epithelials,Tumor/Epithelials,True
11,12,7,11,0.7941330086903333,0.46100862904442874,Tumor/Epithelials,Ambiguous/Mixed,False
11,12,7,12,0.9823999662852834,0.03551351181597161,Tumor/Epithelials,Ambiguous/Mixed,False
11,12,8,1,0.6802686903140018,0.7705348520833775,Ambiguous/Mixed,Ambiguous/Mixed,True
11,12,8,2,0.18073020013876792,3.421499933488489,Ambiguous/Mixed,Tumor/Epithelials,False
11,12,8,3,0.7072686690400233,0.6926893449713631,Ambiguous/Mixed,Ambiguous/Mixed,True
11,12,8,4,0.2988167297877929,2.4158496747437326,Ambiguous/Mixed,Fibroblasts/Stromal,False
11,12,8,5,0.9369136883551354,0.1303282317380215,Ambiguous/Mixed,Plasma_XBP1,False
11,12,8,6,0.6952608133253657,0.7269364656842712,Ambiguous/Mixed,Endothelials,False
11,12,8,7,0.9625759003541394,0.07628471683698729,Ambiguous/Mixed,Ambiguous/Mixed,True
11,12,8,8,0.7189000067630107,0.6600660071697368,Ambiguous/Mixed,Ambiguous/Mixed,True
11,12,8,9,0.964978635834702,0.0712986338392399,Ambiguous/Mixed,Tumor/Epithelials,False
11,12,8,10,0.9744306122396142,0.05180393203585063,Ambiguous/Mixed,Tumor/Epithelials,False
11,12,8,11,0.7458189444672392,0.5865448200435275,Ambiguous/Mixed,Ambiguous/Mixed,True
11,12,8,12,0.9884340713986502,0.02326666839294886,Ambiguous/Mixed,Ambiguous/Mixed,True
11,12,9,1,0.9466864631058557,0.10957464996420915,Ambiguous/Mixed,Ambiguous/Mixed,True
11,12,9,2,0.28284531551839065,2.5257102380939265,Ambiguous/Mixed,Tumor/Epithelials,False
11,12,9,3,0.9455378574686103,0.11200270411366745,Ambiguous/Mixed,Ambiguous/Mixed,True
11,12,9,4,0.1901871471408595,3.3194934132982583,Ambiguous/Mixed,Fibroblasts/Stromal,False
11,12,9,5,0.7862852886950905,0.4808711793831245,Ambiguous/Mixed,Plasma_XBP1,False
11,12,9,6,0.9902173846910507,0.019661558923518577,Ambiguous/Mixed,Endothelials,False
11,12,9,7,0.7453536586783043,0.5877929272124858,Ambiguous/Mixed,Ambiguous/Mixed,True
11,12,9,8,0.601595796537843,1.016338987017622,Ambiguous/Mixed,Ambiguous/Mixed,True
11,12,9,9,0.7658693364594455,0.5334874056529407,Ambiguous/Mixed,Tumor/Epithelials,False
11,12,9,10,0.7767743534586432,0.5052107563600295,Ambiguous/Mixed,Tumor/Epithelials,False
11,12,9,11,0.49495489989007796,1.4065772637950245,Ambiguous/Mixed,Ambiguous/Mixed,True
11,12,9,12,0.7701249368470637,0.5224050433017876,Ambiguous/Mixed,Ambiguous/Mixed,True
11,12,10,1,0.7611479798335656,0.5458549711561135,Ambiguous/Mixed,Ambiguous/Mixed,True
11,12,10,2,0.19817079547050856,3.237252033459369,Ambiguous/Mixed,Tumor/Epithelials,False
11,12,10,3,0.7548743958645596,0.5624078133325706,Ambiguous/Mixed,Ambiguous/Mixed,True
11,12,10,4,0.25201326879630626,2.7565470778065766,Ambiguous/Mixed,Fibroblasts/Stromal,False
11,12,10,5,0.9596735975307364,0.08232410981276833,Ambiguous/Mixed,Plasma_XBP1,False
11,12,10,6,0.7636134401627507,0.5393871724683401,Ambiguous/Mixed,Endothelials,False
11,12,10,7,0.9745108643867545,0.05163922283724602,Ambiguous/Mixed,Ambiguous/Mixed,True
11,12,10,8,0.7872198836702619,0.47849534967124585,Ambiguous/Mixed,Ambiguous/Mixed,True
11,12,10,9,0.9850290499720622,0.03016829177503123,Ambiguous/Mixed,Tumor/Epithelials,False
11,12,10,10,0.9947944592005638,0.010438273661196573,Ambiguous/Mixed,Tumor/Epithelials,False
11,12,10,11,0.7824926765023311,0.4905414314281555,Ambiguous/Mixed,Ambiguous/Mixed,True
11,12,10,12,0.9969715672538404,0.00606605545603189,Ambiguous/Mixed,Ambiguous/Mixed,True
11,12,11,1,0.7507243394602128,0.5734335051520381,Ambiguous/Mixed,Ambiguous/Mixed,True
11,12,11,2,0.2057090595254829,3.1625848817491535,Ambiguous/Mixed,Tumor/Epithelials,False
11,12,11,3,0.7486114221316146,0.5790704512756177,Ambiguous/Mixed,Ambiguous/Mixed,True
11,12,11,4,0.2590697528959875,2.701315874681947,Ambiguous/Mixed,Fibroblasts/Stromal,False
11,12,11,5,0.9581930276888975,0.08541206205406113,Ambiguous/Mixed,Plasma_XBP1,False
11,12,11,6,0.7617876945744544,0.5441747563203496,Ambiguous/Mixed,Endothelials,False
11,12,11,7,0.9773050546610604,0.04591287916748241,Ambiguous/Mixed,Ambiguous/Mixed,True
11,12,11,8,0.7628121622412758,0.5414869223514991,Ambiguous/Mixed,Ambiguous/Mixed,True
11,12,11,9,0.9909071926652769,0.018268798448004577,Ambiguous/Mixed,Tumor/Epithelials,False
11,12,11,10,0.9969327272298064,0.006143972985266095,Ambiguous/Mixed,Tumor/Epithelials,False
11,12,11,11,0.7832408542395402,0.48863005179818797,Ambiguous/Mixed,Ambiguous/Mixed,True
11,12,11,12,0.9954811274449622,0.009058227046041863,Ambiguous/Mixed,Ambiguous/Mixed,True
12,13,1,1,0.15697769898263256,3.7033030568394807,Ambiguous/Mixed,Tumor/Epithelials,False
12,13,1,2,0.8504758235547825,0.3239185874114201,Ambiguous/Mixed,Ambiguous/Mixed,True
12,13,1,3,0.1617163790627595,3.643822449247452,Ambiguous/Mixed,Tumor/Epithelials,False
12,13,1,4,0.9432872505756161,0.11676885837224729,Ambiguous/Mixed,Ambiguous/Mixed,True
12,13,1,5,0.7549022437766957,0.562334033115264,Ambiguous/Mixed,Plasma_XBP1,False
12,13,1,6,0.7389438592772676,0.6050666588427114,Ambiguous/Mixed,Tumor/Epithelials,False
12,13,1,7,0.7407693710755083,0.6001318844906611,Ambiguous/Mixed,Fibroblasts/Stromal,False
12,13,1,8,0.682241099763211,0.7647443297946138,Ambiguous/Mixed,Ambiguous/Mixed,True
12,13,1,9,0.7358145607649503,0.6135542949635606,Ambiguous/Mixed,Tumor/Epithelials,False
12,13,1,10,0.7568042761438107,0.5573012219293967,Ambiguous/Mixed,Ambiguous/Mixed,True
12,13,1,11,0.950113779027991,0.1023470683224149,Ambiguous/Mixed,Ambiguous/Mixed,True
12,13,1,12,0.7181574674128495,0.6621328400684555,Ambiguous/Mixed,Ambiguous/Mixed,True
12,13,1,13,0.7529993727459057,0.5673817683787116,Ambiguous/Mixed,Ambiguous/Mixed,True
12,13,2,1,0.5824209677131447,1.0811235609860277,Tumor/Epithelials,Tumor/Epithelials,True
12,13,2,2,0.14971463176280111,3.7980485035327574,Tumor/Epithelials,Ambiguous/Mixed,False
12,13,2,3,0.9945854759349959,0.010858471457797635,Tumor/Epithelials,Tumor/Epithelials,True
12,13,2,4,0.21391797347557756,3.0843252779101626,Tumor/Epithelials,Ambiguous/Mixed,False
12,13,2,5,0.17339530312496948,3.504362603880891,Tumor/Epithelials,Plasma_XBP1,False
12,13,2,6,0.24392465026743124,2.8217918235201185,Tumor/Epithelials,Tumor/Epithelials,True
12,13,2,7,0.23285763009213611,2.91465608363723,Tumor/Epithelials,Fibroblasts/Stromal,False
12,13,2,8,0.18106963532562131,3.417747192296586,Tumor/Epithelials,Ambiguous/Mixed,False
12,13,2,9,0.2250234631182464,2.983101203378027,Tumor/Epithelials,Tumor/Epithelials,True
12,13,2,10,0.22984943796787757,2.940661603891034,Tumor/Epithelials,Ambiguous/Mixed,False
12,13,2,11,0.26858912704616966,2.629144951617015,Tumor/Epithelials,Ambiguous/Mixed,False
12,13,2,12,0.2250618423119427,2.9827601196472204,Tumor/Epithelials,Ambiguous/Mixed,False
12,13,2,13,0.20467973352109742,3.1726175939509185,Tumor/Epithelials,Ambiguous/Mixed,False
12,13,3,1,0.23629685114526056,2.8853328410869707,Ambiguous/Mixed,Tumor/Epithelials,False
12,13,3,2,0.7934600766240832,0.462704106589086,Ambiguous/Mixed,Ambiguous/Mixed,True
12,13,3,3,0.2280842996168357,2.956079966402675,Ambiguous/Mixed,Tumor/Epithelials,False
12,13,3,4,0.9954339379897739,0.009153036625850486,Ambiguous/Mixed,Ambiguous/Mixed,True
12,13,3,5,0.7660166639951608,0.5331027098305995,Ambiguous/Mixed,Plasma_XBP1,False
12,13,3,6,0.7407716327661025,0.6001257781713943,Ambiguous/Mixed,Tumor/Epithelials,False
12,13,3,7,0.7487958124996943,0.5785778922315656,Ambiguous/Mixed,Fibroblasts/Stromal,False
12,13,3,8,0.7081093960038758,0.6903133661894558,Ambiguous/Mixed,Ambiguous/Mixed,True
12,13,3,9,0.7399988314664945,0.6022133437690004,Ambiguous/Mixed,Tumor/Epithelials,False
12,13,3,10,0.7653580618000009,0.5348230000369654,Ambiguous/Mixed,Ambiguous/Mixed,True
12,13,3,11,0.9502879895275234,0.10198038691240391,Ambiguous/Mixed,Ambiguous/Mixed,True
12,13,3,12,0.7226691141458058,0.6496076367266376,Ambiguous/Mixed,Ambiguous/Mixed,True
12,13,3,13,0.7491393636716074,0.5776604929117499,Ambiguous/Mixed,Ambiguous/Mixed,True
12,13,4,1,0.24398935733394514,2.8212613442480734,Fibroblasts/Stromal,Tumor/Epithelials,False
12,13,4,2,0.14002798574356198,3.931825956363019,Fibroblasts/Stromal,Ambiguous/Mixed,False
12,13,4,3,0.224917182679122,2.9840460430327123,Fibroblasts/Stromal,Tumor/Epithelials,False
12,13,4,4,0.18002833599705043,3.4292820365513323,Fibroblasts/Stromal,Ambiguous/Mixed,False
12,13,4,5,0.28348144513238466,2.521217214449423,Fibroblasts/Stromal,Plasma_XBP1,False
12,13,4,6,0.2962301820422225,2.4332369696608915,Fibroblasts/Stromal,Tumor/Epithelials,False
12,13,4,7,0.3213016925080013,2.2707494903733503,Fibroblasts/Stromal,Fibroblasts/Stromal,True
12,13,4,8,0.29625920371327785,2.4330410392575708,Fibroblasts/Stromal,Ambiguous/Mixed,False
12,13,4,9,0.2900995589432739,2.475062216433869,Fibroblasts/Stromal,Tumor/Epithelials,False
12,13,4,10,0.26482943918182633,2.6573385718816587,Fibroblasts/Stromal,Ambiguous/Mixed,False
12,13,4,11,0.19038621067764075,3.317401164318177,Fibroblasts/Stromal,Ambiguous/Mixed,False
12,13,4,12,0.31345906796465806,2.3201729842790195,Fibroblasts/Stromal,Ambiguous/Mixed,False
12,13,4,13,0.25435972771641263,2.738011526097871,Fibroblasts/Stromal,Ambiguous/Mixed,False
12,13,5,1,0.18033314857891117,3.4258986266409885,Plasma_XBP1,Tumor/Epithelials,False
12,13,5,2,0.9170617524235476,0.1731609344014392,Plasma_XBP1,Ambiguous/Mixed,False
12,13,5,3,0.18207848511877134,3.406634895889863,Plasma_XBP1,Tumor/Epithelials,False
12,13,5,4,0.7836478743240008,0.48759099883623647,Plasma_XBP1,Ambiguous/Mixed,False
12,13,5,5,0.9935107868469892,0.013020719257972338,Plasma_XBP1,Plasma_XBP1,True
12,13,5,6,0.9519252503402584,0.09853753164732643,Plasma_XBP1,Tumor/Epithelials,False
12,13,5,7,0.94812007373744,0.10654824937446544,Plasma_XBP1,Fibroblasts/Stromal,False
12,13,5,8,0.9370738688891523,0.1299863286473894,Plasma_XBP1,Ambiguous/Mixed,False
12,13,5,9,0.9486650314172358,0.10539902547280298,Plasma_XBP1,Tumor/Epithelials,False
12,13,5,10,0.9491882503232966,0.10429626600377465,Plasma_XBP1,Ambiguous/Mixed,False
12,13,5,11,0.7887531295698939,0.4746037947512155,Plasma_XBP1,Ambiguous/Mixed,False
12,13,5,12,0.9476199706917666,0.10760346379322305,Plasma_XBP1,Ambiguous/Mixed,False
12,13,5,13,0.9581524215989701,0.08549681940289613,Plasma_XBP1,Ambiguous/Mixed,False
12,13,6,1,0.34090223957005,2.152319060558381,Endothelials,Tumor/Epithelials,False
12,13,6,2,0.7845510127760795,0.48528736615455076,Endothelials,Ambiguous/Mixed,False
12,13,6,3,0.33611871870892346,2.1805817038685085,Endothelials,Tumor/Epithelials,False
12,13,6,4,0.9330144930744679,0.13866908882713727,Endothelials,Ambiguous/Mixed,False
12,13,6,5,0.7594859883030263,0.5502268113941945,Endothelials,Plasma_XBP1,False
12,13,6,6,0.7701402970967389,0.5223651534196109,Endothelials,Tumor/Epithelials,False
12,13,6,7,0.7749296929103554,0.509965945138679,Endothelials,Fibroblasts/Stromal,False
12,13,6,8,0.6961460861258479,0.7243914936267494,Endothelials,Ambiguous/Mixed,False
12,13,6,9,0.7625216820580677,0.5422486708377214,Endothelials,Tumor/Epithelials,False
12,13,6,10,0.7760888982564998,0.5069764115029551,Endothelials,Ambiguous/Mixed,False
12,13,6,11,0.9894079213116441,0.02129714808691303,Endothelials,Ambiguous/Mixed,False
12,13,6,12,0.7441975858972146,0.5908974139293426,Endothelials,Ambiguous/Mixed,False
12,13,6,13,0.7625189733263167,0.5422557755184824,Endothelials,Ambiguous/Mixed,False
12,13,7,1,0.2747862969126132,2.5835231711038027,Ambiguous/Mixed,Tumor/Epithelials,False
12,13,7,2,0.9286277075233371,0.14809473177652654,Ambiguous/Mixed,Ambiguous/Mixed,True
12,13,7,3,0.27666114895005184,2.569923621225016,Ambiguous/Mixed,Tumor/Epithelials,False
12,13,7,4,0.7123544393892204,0.6783593666091912,Ambiguous/Mixed,Ambiguous/Mixed,True
12,13,7,5,0.9489426455783984,0.10481383778304268,Ambiguous/Mixed,Plasma_XBP1,False
12,13,7,6,0.9820515144013904,0.03622302669271609,Ambiguous/Mixed,Tumor/Epithelials,False
12,13,7,7,0.9886402947860147,0.022849438992498236,Ambiguous/Mixed,Fibroblasts/Stromal,False
12,13,7,8,0.9629784978715142,0.07544839141587781,Ambiguous/Mixed,Ambiguous/Mixed,True
12,13,7,9,0.9790980761190804,0.042246923144763575,Ambiguous/Mixed,Tumor/Epithelials,False
12,13,7,10,0.9654193188817054,0.07038548936852172,Ambiguous/Mixed,Ambiguous/Mixed,True
12,13,7,11,0.7435647678024322,0.5925988096700597,Ambiguous/Mixed,Ambiguous/Mixed,True
12,13,7,12,0.9939358465682652,0.01216523016838322,Ambiguous/Mixed,Ambiguous/Mixed,True
12,13,7,13,0.9771699103124244,0.04618946362371407,Ambiguous/Mixed,Ambiguous/Mixed,True
12,13,8,1,0.1308390400561784,4.067574826230497,Ambiguous/Mixed,Tumor/Epithelials,False
12,13,8,2,0.7906592810309738,0.4697762971989573,Ambiguous/Mixed,Ambiguous/Mixed,True
12,13,8,3,0.12205591986814797,4.2065519593771175,Ambiguous/Mixed,Tumor/Epithelials,False
12,13,8,4,0.5477146497010819,1.204001679752231,Ambiguous/Mixed,Ambiguous/Mixed,True
12,13,8,5,0.7191612656394918,0.6593393096795277,Ambiguous/Mixed,Plasma_XBP1,False
12,13,8,6,0.7647096936554396,0.53651800519228,Ambiguous/Mixed,Tumor/Epithelials,False
12,13,8,7,0.7715714992696473,0.5186518716313853,Ambiguous/Mixed,Fibroblasts/Stromal,False
12,13,8,8,0.7236004402308353,0.6470318341428304,Ambiguous/Mixed,Ambiguous/Mixed,True
12,13,8,9,0.7693549023784816,0.5244058087894036,Ambiguous/Mixed,Tumor/Epithelials,False
12,13,8,10,0.8010181405661715,0.44374336954351995,Ambiguous/Mixed,Ambiguous/Mixed,True
12,13,8,11,0.6023818249766373,1.0137275479462522,Ambiguous/Mixed,Ambiguous/Mixed,True
12,13,8,12,0.7746759844259485,0.5106208433244159,Ambiguous/Mixed,Ambiguous/Mixed,True
12,13,8,13,0.7652116026905944,0.5352057571587128,Ambiguous/Mixed,Ambiguous/Mixed,True
12,13,9,1,0.2576210009346641,2.7125315254149314,Tumor/Epithelials,Tumor/Epithelials,True
12,13,9,2,0.938082820037693,0.12783407918073658,Tumor/Epithelials,Ambiguous/Mixed,False
12,13,9,3,0.2513296767989142,2.761979496587112,Tumor/Epithelials,Tumor/Epithelials,True
12,13,9,4,0.7396833905424559,0.6030660699128311,Tumor/Epithelials,Ambiguous/Mixed,False
12,13,9,5,0.9549495585087574,0.09219351642356087,Tumor/Epithelials,Plasma_XBP1,False
12,13,9,6,0.9959648648809083,0.008086596487494175,Tumor/Epithelials,Tumor/Epithelials,True
12,13,9,7,0.9774852744899571,0.04554410339297639,Tumor/Epithelials,Fibroblasts/Stromal,False
12,13,9,8,0.9654396600664233,0.07034335022746495,Tumor/Epithelials,Ambiguous/Mixed,False
12,13,9,9,0.9944377109897304,0.01115563228831733,Tumor/Epithelials,Tumor/Epithelials,True
12,13,9,10,0.9806657912302275,0.03904711836895134,Tumor/Epithelials,Ambiguous/Mixed,False
12,13,9,11,0.7666289720879924,0.531504667566967,Tumor/Epithelials,Ambiguous/Mixed,False
12,13,9,12,0.9776938179619236,0.04511745506482609,Tumor/Epithelials,Ambiguous/Mixed,False
12,13,9,13,0.9907495704753788,0.018586960893009864,Tumor/Epithelials,Ambiguous/Mixed,False
12,13,10,1,0.22802022730702615,2.9566418754077284,Tumor/Epithelials,Tumor/Epithelials,True
12,13,10,2,0.9541331551167225,0.09390408335913744,Tumor/Epithelials,Ambiguous/Mixed,False
12,13,10,3,0.22914567947687323,2.9467946455356406,Tumor/Epithelials,Tumor/Epithelials,True
12,13,10,4,0.7579038227071256,0.554397568724441,Tumor/Epithelials,Ambiguous/Mixed,False
12,13,10,5,0.966131364928403,0.06891093095300545,Tumor/Epithelials,Plasma_XBP1,False
12,13,10,6,0.9982008620264595,0.0036015167321917924,Tumor/Epithelials,Tumor/Epithelials,True
12,13,10,7,0.986232270131226,0.02772676807379678,Tumor/Epithelials,Fibroblasts/Stromal,False
12,13,10,8,0.9751763269416056,0.050273952380215564,Tumor/Epithelials,Ambiguous/Mixed,False
12,13,10,9,0.9996634023093648,0.0006733087047060679,Tumor/Epithelials,Tumor/Epithelials,True
12,13,10,10,0.9876583610642522,0.024836858858736446,Tumor/Epithelials,Ambiguous/Mixed,False
12,13,10,11,0.7789137061539373,0.4997100288056346,Tumor/Epithelials,Ambiguous/Mixed,False
12,13,10,12,0.9871673409849466,0.025831417697857437,Tumor/Epithelials,Ambiguous/Mixed,False
12,13,10,13,0.9965607273421009,0.006890401103543288,Tumor/Epithelials,Ambiguous/Mixed,False
12,13,11,1,0.12422589751870505,4.171307233151115,Ambiguous/Mixed,Tumor/Epithelials,False
12,13,11,2,0.7460243669534169,0.5859940316707716,Ambiguous/Mixed,Ambiguous/Mixed,True
12,13,11,3,0.10364918519345169,4.533486602530672,Ambiguous/Mixed,Tumor/Epithelials,False
12,13,11,4,0.5088308153976391,1.3512794078727022,Ambiguous/Mixed,Ambiguous/Mixed,True
12,13,11,5,0.7936126110990852,0.4623196642717264,Ambiguous/Mixed,Plasma_XBP1,False
12,13,11,6,0.7891552534519609,0.4735844101149479,Ambiguous/Mixed,Tumor/Epithelials,False
12,13,11,7,0.7707547867374702,0.5207700034843494,Ambiguous/Mixed,Fibroblasts/Stromal,False
12,13,11,8,0.7463489270228323,0.5851241150732489,Ambiguous/Mixed,Ambiguous/Mixed,True
12,13,11,9,0.7800155387631706,0.4968828760113711,Ambiguous/Mixed,Tumor/Epithelials,False
12,13,11,10,0.8122190324521442,0.4159704615914922,Ambiguous/Mixed,Ambiguous/Mixed,True
12,13,11,11,0.5115992982162955,1.3404271620427246,Ambiguous/Mixed,Ambiguous/Mixed,True
12,13,11,12,0.6958906857337112,0.7251253834209431,Ambiguous/Mixed,Ambiguous/Mixed,True
12,13,11,13,0.781854596723124,0.49217298683919397,Ambiguous/Mixed,Ambiguous/Mixed,True
12,13,12,1,0.187885408483365,3.343846062669043,Ambiguous/Mixed,Tumor/Epithelials,False
12,13,12,2,0.9785627396651256,0.0433407519898472,Ambiguous/Mixed,Ambiguous/Mixed,True
12,13,12,3,0.18596789625021282,3.3643624419429528,Ambiguous/Mixed,Tumor/Epithelials,False
12,13,12,4,0.7685312210818905,0.5265481816550828,Ambiguous/Mixed,Ambiguous/Mixed,True
12,13,12,5,0.9797208121809873,0.04097526686943091,Ambiguous/Mixed,Plasma_XBP1,False
12,13,12,6,0.9857908696971273,0.02862209314895528,Ambiguous/Mixed,Tumor/Epithelials,False
12,13,12,7,0.9864165332431718,0.02735313215408028,Ambiguous/Mixed,Fibroblasts/Stromal,False
12,13,12,8,0.9892204963421536,0.021676046860182006,Ambiguous/Mixed,Ambiguous/Mixed,True
12,13,12,9,0.9876491823397637,0.024855445786162916,Ambiguous/Mixed,Tumor/Epithelials,False
12,13,12,10,0.9823625088210235,0.03558977032505656,Ambiguous/Mixed,Ambiguous/Mixed,True
12,13,12,11,0.7729251804580483,0.5151460524145773,Ambiguous/Mixed,Ambiguous/Mixed,True
12,13,12,12,0.9882707950466845,0.023597069466186935,Ambiguous/Mixed,Ambiguous/Mixed,True
12,13,12,13,0.9956230010641621,0.008773212078901499,Ambiguous/Mixed,Ambiguous/Mixed,True
13,14,1,1,0.9996816767991911,0.0006367477527868778,Tumor/Epithelials,Tumor/Epithelials,True
13,14,1,2,0.14847724337426835,3.8146471515065055,Tumor/Epithelials,Ambiguous/Mixed,False
13,14,1,3,0.46384144179832265,1.5364250108355817,Tumor/Epithelials,Tumor/Epithelials,True
13,14,1,4,0.2116596504670942,3.1055514334129946,Tumor/Epithelials,Ambiguous/Mixed,False
13,14,1,5,0.1749606894239384,3.486387924310696,Tumor/Epithelials,Plasma_XBP1,False
13,14,1,6,0.24446873498619576,2.8173357030215733,Tumor/Epithelials,Tumor/Epithelials,True
13,14,1,7,0.23564209144074133,2.8908823735839686,Tumor/Epithelials,Fibroblasts/Stromal,False
13,14,1,8,0.18612707907681356,3.3626512354299196,Tumor/Epithelials,Ambiguous/Mixed,False
13,14,1,9,0.21927333227679227,3.034872469595276,Tumor/Epithelials,Tumor/Epithelials,True
13,14,1,10,0.23458332790538997,2.8998888226700084,Tumor/Epithelials,Ambiguous/Mixed,False
13,14,1,11,0.26472042002974716,2.658162057351236,Tumor/Epithelials,Endothelials,False
13,14,1,12,0.22756905857287696,2.9606030649757686,Tumor/Epithelials,Ambiguous/Mixed,False
13,14,1,13,0.2085146150564456,3.135492288011841,Tumor/Epithelials,Ambiguous/Mixed,False
13,14,1,14,0.20483133704036605,3.1711367692593013,Tumor/Epithelials,Ambiguous/Mixed,False
13,14,2,1,0.14971829764742742,3.797999532504304,Ambiguous/Mixed,Tumor/Epithelials,False
13,14,2,2,0.9997360510446999,0.0005279675919130338,Ambiguous/Mixed,Ambiguous/Mixed,True
13,14,2,3,0.19470029075654116,3.2725877464968818,Ambiguous/Mixed,Tumor/Epithelials,False
13,14,2,4,0.8164977914473327,0.40546214295500244,Ambiguous/Mixed,Ambiguous/Mixed,True
13,14,2,5,0.9509792949812437,0.10052597702523425,Ambiguous/Mixed,Plasma_XBP1,False
13,14,2,6,0.9500913857921004,0.1023942068868314,Ambiguous/Mixed,Tumor/Epithelials,False
13,14,2,7,0.9509713624814593,0.10054265989711286,Ambiguous/Mixed,Fibroblasts/Stromal,False
13,14,2,8,0.9488459656835242,0.10501761157404149,Ambiguous/Mixed,Ambiguous/Mixed,True
13,14,2,9,0.9528488074904377,0.09659807385440555,Ambiguous/Mixed,Tumor/Epithelials,False
13,14,2,10,0.9519435335344704,0.09849911892819915,Ambiguous/Mixed,Ambiguous/Mixed,True
13,14,2,11,0.8207905752978464,0.3949745739369725,Ambiguous/Mixed,Endothelials,False
13,14,2,12,0.9589646029866165,0.08380223023422252,Ambiguous/Mixed,Ambiguous/Mixed,True
13,14,2,13,0.9704854420508373,0.0599177538967919,Ambiguous/Mixed,Ambiguous/Mixed,True
13,14,2,14,0.9755596319542214,0.04948798231430113,Ambiguous/Mixed,Ambiguous/Mixed,True
13,14,3,1,0.5857845080389344,1.0696065815154099,Tumor/Epithelials,Tumor/Epithelials,True
13,14,3,2,0.1516424144451256,3.7724601324856772,Tumor/Epithelials,Ambiguous/Mixed,False
13,14,3,3,0.7908001660411713,0.46941995543924653,Tumor/Epithelials,Tumor/Epithelials,True
13,14,3,4,0.21079415399620713,3.1137463903305846,Tumor/Epithelials,Ambiguous/Mixed,False
13,14,3,5,0.1758773334970295,3.475936991413015,Tumor/Epithelials,Plasma_XBP1,False
13,14,3,6,0.2472041943664397,2.795081172081538,Tumor/Epithelials,Tumor/Epithelials,True
13,14,3,7,0.2341946410917848,2.903205419680821,Tumor/Epithelials,Fibroblasts/Stromal,False
13,14,3,8,0.1780777734153424,3.4510697896323737,Tumor/Epithelials,Ambiguous/Mixed,False
13,14,3,9,0.22431691144198215,2.989390887533597,Tumor/Epithelials,Tumor/Epithelials,True
13,14,3,10,0.23171029374170493,2.924534843011208,Tumor/Epithelials,Ambiguous/Mixed,False
13,14,3,11,0.2643068430946814,2.661289132631836,Tumor/Epithelials,Endothelials,False
13,14,3,12,0.22738275082194948,2.9622411088959795,Tumor/Epithelials,Ambiguous/Mixed,False
13,14,3,13,0.20718642670765913,3.1482725578204622,Tumor/Epithelials,Ambiguous/Mixed,False
13,14,3,14,0.1981403377746941,3.2375594454225407,Tumor/Epithelials,Ambiguous/Mixed,False
13,14,4,1,0.22106557191614276,3.0185918319396974,Ambiguous/Mixed,Tumor/Epithelials,False
13,14,4,2,0.8121286910517216,0.4161929297224436,Ambiguous/Mixed,Ambiguous/Mixed,True
13,14,4,3,0.2955616191531059,2.4377558776429984,Ambiguous/Mixed,Tumor/Epithelials,False
13,14,4,4,0.9981797262012877,0.003643865020483559,Ambiguous/Mixed,Ambiguous/Mixed,True
13,14,4,5,0.7803446175129888,0.4960392790933813,Ambiguous/Mixed,Plasma_XBP1,False
13,14,4,6,0.7523918908654376,0.568995918608295,Ambiguous/Mixed,Tumor/Epithelials,False
13,14,4,7,0.7579753337421845,0.5542088702129332,Ambiguous/Mixed,Fibroblasts/Stromal,False
13,14,4,8,0.7101269675211059,0.6846229948799818,Ambiguous/Mixed,Ambiguous/Mixed,True
13,14,4,9,0.7458017707978751,0.5865908737599689,Ambiguous/Mixed,Tumor/Epithelials,False
13,14,4,10,0.7763238741684929,0.5063709645033908,Ambiguous/Mixed,Ambiguous/Mixed,True
13,14,4,11,0.9667446992687374,0.06764166310437128,Ambiguous/Mixed,Endothelials,False
13,14,4,12,0.749089539499928,0.577793514432273,Ambiguous/Mixed,Ambiguous/Mixed,True
13,14,4,13,0.7610389448508018,0.5461414930836958,Ambiguous/Mixed,Ambiguous/Mixed,True
13,14,4,14,0.8158544017927202,0.4070387382279945,Ambiguous/Mixed,Ambiguous/Mixed,True
13,14,5,1,0.17528941157519154,3.482633781235977,Plasma_XBP1,Tumor/Epithelials,False
13,14,5,2,0.952461388397784,0.09741141983623888,Plasma_XBP1,Ambiguous/Mixed,False
13,14,5,3,0.21859815084721967,3.0410403246916706,Plasma_XBP1,Tumor/Epithelials,False
13,14,5,4,0.7820182889557736,0.49175430259766384,Plasma_XBP1,Ambiguous/Mixed,False
13,14,5,5,0.9999821797120494,3.564089346773337e-05,Plasma_XBP1,Plasma_XBP1,True
13,14,5,6,0.9672473757677323,0.06660199698204743,Plasma_XBP1,Tumor/Epithelials,False
13,14,5,7,0.9681845544619957,0.06466510888410382,Plasma_XBP1,Fibroblasts/Stromal,False
13,14,5,8,0.9644972514136491,0.07229659278596176,Plasma_XBP1,Ambiguous/Mixed,False
13,14,5,9,0.9653934945111763,0.0704389888488475,Plasma_XBP1,Tumor/Epithelials,False
13,14,5,10,0.9630001423121186,0.07540343880808933,Plasma_XBP1,Ambiguous/Mixed,False
13,14,5,11,0.7831484168239534,0.48886610401688374,Plasma_XBP1,Endothelials,False
13,14,5,12,0.9733214677295903,0.05408172630200704,Plasma_XBP1,Ambiguous/Mixed,False
13,14,5,13,0.9771001442931129,0.04633226071396632,Plasma_XBP1,Ambiguous/Mixed,False
13,14,5,14,0.974837797790137,0.050968366129482266,Plasma_XBP1,Ambiguous/Mixed,False
13,14,6,1,0.24307371554017224,2.8287810510247215,Tumor/Epithelials,Tumor/Epithelials,True
13,14,6,2,0.9517557128492453,0.09889376253840437,Tumor/Epithelials,Ambiguous/Mixed,False
13,14,6,3,0.30858348869784036,2.3515256887599763,Tumor/Epithelials,Tumor/Epithelials,True
13,14,6,4,0.7522559246278278,0.5693573752537101,Tumor/Epithelials,Ambiguous/Mixed,False
13,14,6,5,0.9673946964586242,0.06629740174287302,Tumor/Epithelials,Plasma_XBP1,False
13,14,6,6,0.9999864144660228,2.7171252522922916e-05,Tumor/Epithelials,Tumor/Epithelials,True
13,14,6,7,0.9885597653800208,0.023012355042645892,Tumor/Epithelials,Fibroblasts/Stromal,False
13,14,6,8,0.9746775979023018,0.05129706297086101,Tumor/Epithelials,Ambiguous/Mixed,False
13,14,6,9,0.9979629962934209,0.004078162440755391,Tumor/Epithelials,Tumor/Epithelials,True
13,14,6,10,0.9866330435294892,0.026914196833376227,Tumor/Epithelials,Ambiguous/Mixed,False
13,14,6,11,0.7758780936722781,0.5075197338458003,Tumor/Epithelials,Endothelials,False
13,14,6,12,0.9904991885993977,0.019092464053412517,Tumor/Epithelials,Ambiguous/Mixed,False
13,14,6,13,0.9956138303677609,0.008791634189735421,Tumor/Epithelials,Ambiguous/Mixed,False
13,14,6,14,0.9819453520998814,0.03643924353791193,Tumor/Epithelials,Ambiguous/Mixed,False
13,14,7,1,0.2376988443677546,2.8735015327074054,Fibroblasts/Stromal,Tumor/Epithelials,False
13,14,7,2,0.9521781423041765,0.09800627485448213,Fibroblasts/Stromal,Ambiguous/Mixed,False
13,14,7,3,0.29355963502633836,2.451348949147466,Fibroblasts/Stromal,Tumor/Epithelials,False
13,14,7,4,0.7618670742308197,0.5439663635582559,Fibroblasts/Stromal,Ambiguous/Mixed,False
13,14,7,5,0.9681695973099287,0.06469600643877613,Fibroblasts/Stromal,Plasma_XBP1,False
13,14,7,6,0.9884471118703758,0.023240282443532774,Fibroblasts/Stromal,Tumor/Epithelials,False
13,14,7,7,0.9999798623281285,4.027574927423385e-05,Fibroblasts/Stromal,Fibroblasts/Stromal,True
13,14,7,8,0.9797598964510339,0.04089548191440779,Fibroblasts/Stromal,Ambiguous/Mixed,False
13,14,7,9,0.986089506948832,0.02801630132197649,Fibroblasts/Stromal,Tumor/Epithelials,False
13,14,7,10,0.9759434157542364,0.04870133982268252,Fibroblasts/Stromal,Ambiguous/Mixed,False
13,14,7,11,0.7836035047743002,0.48770424052880545,Fibroblasts/Stromal,Endothelials,False
13,14,7,12,0.9985846116625389,0.0028327818913980478,Fibroblasts/Stromal,Ambiguous/Mixed,False
13,14,7,13,0.9882226110503958,0.02369458357101444,Fibroblasts/Stromal,Ambiguous/Mixed,False
13,14,7,14,0.985033988587037,0.030158264451279424,Fibroblasts/Stromal,Ambiguous/Mixed,False
13,14,8,1,0.19260910267255113,3.294185037351983,Ambiguous/Mixed,Tumor/Epithelials,False
13,14,8,2,0.9478373437794775,0.10714473948008943,Ambiguous/Mixed,Ambiguous/Mixed,True
13,14,8,3,0.2535243312440114,2.7445909586361994,Ambiguous/Mixed,Tumor/Epithelials,False
13,14,8,4,0.7114538987987282,0.6808893158626768,Ambiguous/Mixed,Ambiguous/Mixed,True
13,14,8,5,0.9608706341063474,0.07983098997538138,Ambiguous/Mixed,Plasma_XBP1,False
13,14,8,6,0.9724515740160782,0.055870000171166785,Ambiguous/Mixed,Tumor/Epithelials,False
13,14,8,7,0.9789829566490746,0.04248209108360142,Ambiguous/Mixed,Fibroblasts/Stromal,False
13,14,8,8,0.9990039937073366,0.001993005273065358,Ambiguous/Mixed,Ambiguous/Mixed,True
13,14,8,9,0.9770579571733052,0.04641861425881519,Ambiguous/Mixed,Tumor/Epithelials,False
13,14,8,10,0.9686005633211832,0.06380593486058334,Ambiguous/Mixed,Ambiguous/Mixed,True
13,14,8,11,0.7103579194916908,0.6839726480167906,Ambiguous/Mixed,Endothelials,False
13,14,8,12,0.9781985249941827,0.04408527751112996,Ambiguous/Mixed,Ambiguous/Mixed,True
13,14,8,13,0.9811533681478272,0.0380529861110255,Ambiguous/Mixed,Ambiguous/Mixed,True
13,14,8,14,0.9866989898430509,0.02678052178534362,Ambiguous/Mixed,Ambiguous/Mixed,True
13,14,9,1,0.2203480282225157,3.025094072246067,Tumor/Epithelials,Tumor/Epithelials,True
13,14,9,2,0.9541592669193314,0.09384935002307435,Tumor/Epithelials,Ambiguous/Mixed,False
13,14,9,3,0.28589522326498623,2.504259775011963,Tumor/Epithelials,Tumor/Epithelials,True
13,14,9,4,0.7496196127711786,0.5763787681686621,Tumor/Epithelials,Ambiguous/Mixed,False
13,14,9,5,0.9655033129547825,0.07021149156716988,Tumor/Epithelials,Plasma_XBP1,False
13,14,9,6,0.9978995419015945,0.00420533430882444,Tumor/Epithelials,Tumor/Epithelials,True
13,14,9,7,0.986226086536078,0.027739307948470755,Tumor/Epithelials,Fibroblasts/Stromal,False
13,14,9,8,0.9782651729681857,0.04394901538861124,Tumor/Epithelials,Ambiguous/Mixed,False
13,14,9,9,0.9999838587262829,3.228280797776167e-05,Tumor/Epithelials,Tumor/Epithelials,True
13,14,9,10,0.9889693207916394,0.022183936547387144,Tumor/Epithelials,Ambiguous/Mixed,False
13,14,9,11,0.7690586846883122,0.5251759987989573,Tumor/Epithelials,Endothelials,False
13,14,9,12,0.988885735917581,0.022352978002319883,Tumor/Epithelials,Ambiguous/Mixed,False
13,14,9,13,0.9960982927994837,0.007818677434304514,Tumor/Epithelials,Ambiguous/Mixed,False
13,14,9,14,0.9844014805757831,0.031442912855158156,Tumor/Epithelials,Ambiguous/Mixed,False
13,14,10,1,0.23509010314025885,2.895572841411214,Ambiguous/Mixed,Tumor/Epithelials,False
13,14,10,2,0.953073908691374,0.09612564923808337,Ambiguous/Mixed,Ambiguous/Mixed,True
13,14,10,3,0.28282536506291883,2.5258513127945603,Ambiguous/Mixed,Tumor/Epithelials,False
13,14,10,4,0.7764160745139549,0.5061334479877669,Ambiguous/Mixed,Ambiguous/Mixed,True
13,14,10,5,0.9634866481669125,0.07439329772113147,Ambiguous/Mixed,Plasma_XBP1,False
13,14,10,6,0.9867900392785156,0.02659597667931933,Ambiguous/Mixed,Tumor/Epithelials,False
13,14,10,7,0.9764939080808239,0.04757353441872999,Ambiguous/Mixed,Fibroblasts/Stromal,False
13,14,10,8,0.9711142198183181,0.058622372975975987,Ambiguous/Mixed,Ambiguous/Mixed,True
13,14,10,9,0.9883436660591188,0.02344960315163485,Ambiguous/Mixed,Tumor/Epithelials,False
13,14,10,10,0.9999777067567215,4.458698355304689e-05,Ambiguous/Mixed,Ambiguous/Mixed,True
13,14,10,11,0.7889386472801911,0.47413344252177625,Ambiguous/Mixed,Endothelials,False
13,14,10,12,0.9816932445321132,0.03695279540959729,Ambiguous/Mixed,Ambiguous/Mixed,True
13,14,10,13,0.9861850977659734,0.027822432137659673,Ambiguous/Mixed,Ambiguous/Mixed,True
13,14,10,14,0.9745210731546228,0.05161827137375949,Ambiguous/Mixed,Ambiguous/Mixed,True
13,14,11,1,0.27248879457025443,2.6003155731348526,Ambiguous/Mixed,Tumor/Epithelials,False
13,14,11,2,0.8163826117984785,0.4057442938065071,Ambiguous/Mixed,Ambiguous/Mixed,True
13,14,11,3,0.34565669628617995,2.124618407506522,Ambiguous/Mixed,Tumor/Epithelials,False
13,14,11,4,0.9668005418249072,0.06752613944348482,Ambiguous/Mixed,Ambiguous/Mixed,True
13,14,11,5,0.7830911704452643,0.48901230483872454,Ambiguous/Mixed,Plasma_XBP1,False
13,14,11,6,0.7770682808188092,0.5044541099476122,Ambiguous/Mixed,Tumor/Epithelials,False
13,14,11,7,0.7797907272234141,0.4974593874569664,Ambiguous/Mixed,Fibroblasts/Stromal,False
13,14,11,8,0.7087474034235038,0.6885121750937616,Ambiguous/Mixed,Ambiguous/Mixed,True
13,14,11,9,0.7655549741031147,0.534308503655834,Ambiguous/Mixed,Tumor/Epithelials,False
13,14,11,10,0.7897307873067123,0.47212633431875917,Ambiguous/Mixed,Ambiguous/Mixed,True
13,14,11,11,0.9994791315756926,0.0010420082467762215,Ambiguous/Mixed,Endothelials,False
13,14,11,12,0.7698664764914404,0.5230763726502798,Ambiguous/Mixed,Ambiguous/Mixed,True
13,14,11,13,0.7759008837021737,0.5074609882893015,Ambiguous/Mixed,Ambiguous/Mixed,True
13,14,11,14,0.8213288594036751,0.3936633803325771,Ambiguous/Mixed,Ambiguous/Mixed,True
13,14,12,1,0.22877767039350963,2.9500092373462046,Ambiguous/Mixed,Tumor/Epithelials,False
13,14,12,2,0.9559787156868971,0.09003926020884108,Ambiguous/Mixed,Ambiguous/Mixed,True
13,14,12,3,0.275891509048819,2.575495147397751,Ambiguous/Mixed,Tumor/Epithelials,False
13,14,12,4,0.7319178786859821,0.6241739178035595,Ambiguous/Mixed,Ambiguous/Mixed,True
13,14,12,5,0.9682712934432208,0.06448593830011777,Ambiguous/Mixed,Plasma_XBP1,False
13,14,12,6,0.9866626328187661,0.026854217399713422,Ambiguous/Mixed,Tumor/Epithelials,False
13,14,12,7,0.9960463519863388,0.007922968683019924,Ambiguous/Mixed,Fibroblasts/Stromal,False
13,14,12,8,0.978431604595328,0.04360878561064652,Ambiguous/Mixed,Ambiguous/Mixed,True
13,14,12,9,0.9863417180394719,0.027504828802541077,Ambiguous/Mixed,Tumor/Epithelials,False
13,14,12,10,0.9756656518710699,0.04927064212743139,Ambiguous/Mixed,Ambiguous/Mixed,True
13,14,12,11,0.752318366304636,0.5691913703519373,Ambiguous/Mixed,Endothelials,False
13,14,12,12,0.9974250331555967,0.00515657554721633,Ambiguous/Mixed,Ambiguous/Mixed,True
13,14,12,13,0.9902416576129612,0.019612534083532862,Ambiguous/Mixed,Ambiguous/Mixed,True
13,14,12,14,0.9892977456487129,0.021519870778589148,Ambiguous/Mixed,Ambiguous/Mixed,True
13,14,13,1,0.20864952961647976,3.1341986527226084,Ambiguous/Mixed,Tumor/Epithelials,False
13,14,13,2,0.9714979836195811,0.05783217139981764,Ambiguous/Mixed,Ambiguous/Mixed,True
13,14,13,3,0.26700418143182764,2.640981919822309,Ambiguous/Mixed,Tumor/Epithelials,False
13,14,13,4,0.7614942718843736,0.5449452576462257,Ambiguous/Mixed,Ambiguous/Mixed,True
13,14,13,5,0.9775312837590515,0.04544996757830279,Ambiguous/Mixed,Plasma_XBP1,False
13,14,13,6,0.9957948646206208,0.008428003652590055,Ambiguous/Mixed,Tumor/Epithelials,False
13,14,13,7,0.9882241196843943,0.023691530346305428,Ambiguous/Mixed,Fibroblasts/Stromal,False
13,14,13,8,0.9825585777481908,0.03519063179647496,Ambiguous/Mixed,Ambiguous/Mixed,True
13,14,13,9,0.9963184795955331,0.007376627758761698,Ambiguous/Mixed,Tumor/Epithelials,False
13,14,13,10,0.9870094494464531,0.026151331374475548,Ambiguous/Mixed,Ambiguous/Mixed,True
13,14,13,11,0.7759387337944328,0.5073634264231399,Ambiguous/Mixed,Endothelials,False
13,14,13,12,0.9920572464516941,0.015948930491372904,Ambiguous/Mixed,Ambiguous/Mixed,True
13,14,13,13,0.9998976787417988,0.0002046529867564168,Ambiguous/Mixed,Ambiguous/Mixed,True
13,14,13,14,0.9922144636754859,0.015632003684790004,Ambiguous/Mixed,Ambiguous/Mixed,True
14,15,1,1,0.9997684052808732,0.00046324308265014076,Tumor/Epithelials,Tumor/Epithelials,True
14,15,1,2,0.14766671674791612,3.8255949169089902,Tumor/Epithelials,Ambiguous/Mixed,False
14,15,1,3,0.4651019520535393,1.5309972913977732,Tumor/Epithelials,Tumor/Epithelials,True
14,15,1,4,0.17954674403352386,3.434639385024417,Tumor/Epithelials,Ambiguous/Mixed,False
14,15,1,5,0.2066835878456233,3.153132432580901,Tumor/Epithelials,Ambiguous/Mixed,False
14,15,1,6,0.2440279815780764,2.8209447633306985,Tumor/Epithelials,Tumor/Epithelials,True
14,15,1,7,0.23340746198258863,2.9099391776997363,Tumor/Epithelials,Fibroblasts/Stromal,False
14,15,1,8,0.22776291196898232,2.958900101684287,Tumor/Epithelials,Tumor/Epithelials,True
14,15,1,9,0.18059337280163076,3.423014668246192,Tumor/Epithelials,Ambiguous/Mixed,False
14,15,1,10,0.24093188557999087,2.8464820357754608,Tumor/Epithelials,Ambiguous/Mixed,False
14,15,1,11,0.27009323067692514,2.6179761615644956,Tumor/Epithelials,Endothelials,False
14,15,1,12,0.22189906354247854,3.011065338461197,Tumor/Epithelials,Ambiguous/Mixed,False
14,15,1,13,0.2134548868359154,3.0886595430346606,Tumor/Epithelials,Ambiguous/Mixed,False
14,15,1,14,0.18808140842395418,3.3417607726962992,Tumor/Epithelials,Ambiguous/Mixed,False
14,15,1,15,0.19736453839724669,3.245405622996473,Tumor/Epithelials,Ambiguous/Mixed,False
14,15,2,1,0.1489505695969345,3.808281551497381,Ambiguous/Mixed,Tumor/Epithelials,False
14,15,2,2,0.9999677621774509,6.447668439784994e-05,Ambiguous/Mixed,Ambiguous/Mixed,True
14,15,2,3,0.19430325572189802,3.276670333158148,Ambiguous/Mixed,Tumor/Epithelials,False
14,15,2,4,0.9505610984413138,0.1014056776050775,Ambiguous/Mixed,Ambiguous/Mixed,True
14,15,2,5,0.8193105605534523,0.3985841443805838,Ambiguous/Mixed,Ambiguous/Mixed,True
14,15,2,6,0.9521289745776426,0.09810955173899094,Ambiguous/Mixed,Tumor/Epithelials,False
14,15,2,7,0.9511776775633184,0.10010880307869388,Ambiguous/Mixed,Fibroblasts/Stromal,False
14,15,2,8,0.9537180772418211,0.09477433545093669,Ambiguous/Mixed,Tumor/Epithelials,False
14,15,2,9,0.9538463724494923,0.09450531133930488,Ambiguous/Mixed,Ambiguous/Mixed,True
14,15,2,10,0.951256508083993,0.0999430564340752,Ambiguous/Mixed,Ambiguous/Mixed,True
14,15,2,11,0.8186214889545236,0.40026692881547554,Ambiguous/Mixed,Endothelials,False
14,15,2,12,0.9611770820410493,0.07919323694828614,Ambiguous/Mixed,Ambiguous/Mixed,True
14,15,2,13,0.9694853375767939,0.06197985621945374,Ambiguous/Mixed,Ambiguous/Mixed,True
14,15,2,14,0.9742780605442538,0.05211706595433238,Ambiguous/Mixed,Ambiguous/Mixed,True
14,15,2,15,0.9759530689186728,0.04868155769896357,Ambiguous/Mixed,Ambiguous/Mixed,True
14,15,3,1,0.4659185985670946,1.5274886826030376,Tumor/Epithelials,Tumor/Epithelials,True
14,15,3,2,0.1926580647523553,3.2936766931772636,Tumor/Epithelials,Ambiguous/Mixed,False
14,15,3,3,0.9999377200879461,0.0001245637030561587,Tumor/Epithelials,Tumor/Epithelials,True
14,15,3,4,0.22382747867587896,2.9937594167084485,Tumor/Epithelials,Ambiguous/Mixed,False
14,15,3,5,0.2849712432182731,2.5107340095856983,Tumor/Epithelials,Ambiguous/Mixed,False
14,15,3,6,0.30830780336955443,2.3533132668968944,Tumor/Epithelials,Tumor/Epithelials,True
14,15,3,7,0.29568811675587897,2.436900079512222,Tumor/Epithelials,Fibroblasts/Stromal,False
14,15,3,8,0.29558916469544794,2.4375694917454265,Tumor/Epithelials,Tumor/Epithelials,True
14,15,3,9,0.24247989011817492,2.833672998781988,Tumor/Epithelials,Ambiguous/Mixed,False
14,15,3,10,0.2862281415680191,2.5019321767275877,Tumor/Epithelials,Ambiguous/Mixed,False
14,15,3,11,0.34404310735222426,2.133976634778442,Tumor/Epithelials,Endothelials,False
14,15,3,12,0.2719058201056923,2.604599044511605,Tumor/Epithelials,Ambiguous/Mixed,False
14,15,3,13,0.27407403889780424,2.588713988280125,Tumor/Epithelials,Ambiguous/Mixed,False
14,15,3,14,0.23682117064289465,2.8808999538314732,Tumor/Epithelials,Ambiguous/Mixed,False
14,15,3,15,0.24681915225183912,2.7981987752895883,Tumor/Epithelials,Ambiguous/Mixed,False
14,15,4,1,0.21273013450906378,3.095461781397727,Ambiguous/Mixed,Tumor/Epithelials,False
14,15,4,2,0.812421110680099,0.4154729280795914,Ambiguous/Mixed,Ambiguous/Mixed,True
14,15,4,3,0.2909491303137217,2.4692136740203225,Ambiguous/Mixed,Tumor/Epithelials,False
14,15,4,4,0.7851731920639964,0.4837019174022655,Ambiguous/Mixed,Ambiguous/Mixed,True
14,15,4,5,0.9977084116509923,0.004588436111653571,Ambiguous/Mixed,Ambiguous/Mixed,True
14,15,4,6,0.7530144338361238,0.5673417658497766,Ambiguous/Mixed,Tumor/Epithelials,False
14,15,4,7,0.7592247885280264,0.5509147627317631,Ambiguous/Mixed,Fibroblasts/Stromal,False
14,15,4,8,0.7495313494514455,0.5766142703217053,Ambiguous/Mixed,Tumor/Epithelials,False
14,15,4,9,0.7114321532288977,0.6809504467446648,Ambiguous/Mixed,Ambiguous/Mixed,True
14,15,4,10,0.7919056649740875,0.46662600828611805,Ambiguous/Mixed,Ambiguous/Mixed,True
14,15,4,11,0.9658348902944791,0.0695247607969785,Ambiguous/Mixed,Endothelials,False
14,15,4,12,0.7424623483456455,0.5955662377796727,Ambiguous/Mixed,Ambiguous/Mixed,True
14,15,4,13,0.7615281575170513,0.544856261891392,Ambiguous/Mixed,Ambiguous/Mixed,True
14,15,4,14,0.753530829773382,0.5659706926534894,Ambiguous/Mixed,Ambiguous/Mixed,True
14,15,4,15,0.8058713375417733,0.4316623601186797,Ambiguous/Mixed,Ambiguous/Mixed,True
14,15,5,1,0.17559298770318513,3.4791730638632763,Plasma_XBP1,Tumor/Epithelials,False
14,15,5,2,0.9527364494620297,0.09683392376587636,Plasma_XBP1,Ambiguous/Mixed,False
14,15,5,3,0.21878771951413228,3.0393066730890164,Plasma_XBP1,Tumor/Epithelials,False
14,15,5,4,0.9994476045451102,0.0011050961629371437,Plasma_XBP1,Ambiguous/Mixed,False
14,15,5,5,0.784480278717937,0.4854676915784578,Plasma_XBP1,Ambiguous/Mixed,False
14,15,5,6,0.9673430074456444,0.0664042669016754,Plasma_XBP1,Tumor/Epithelials,False
14,15,5,7,0.9682113212815515,0.06460981684409736,Plasma_XBP1,Fibroblasts/Stromal,False
14,15,5,8,0.9665908583512827,0.06795995429220603,Plasma_XBP1,Tumor/Epithelials,False
14,15,5,9,0.9664379855090123,0.06827629275363062,Plasma_XBP1,Ambiguous/Mixed,False
14,15,5,10,0.9633911725479829,0.07459149527778275,Plasma_XBP1,Ambiguous/Mixed,False
14,15,5,11,0.7846488847315405,0.4850378837125923,Plasma_XBP1,Endothelials,False
14,15,5,12,0.972873123444431,0.055003205161569695,Plasma_XBP1,Ambiguous/Mixed,False
14,15,5,13,0.9766178190195351,0.04731976309134879,Plasma_XBP1,Ambiguous/Mixed,False
14,15,5,14,0.9778816861791061,0.04473318308481267,Plasma_XBP1,Ambiguous/Mixed,False
14,15,5,15,0.9730203775261329,0.054700508057314835,Plasma_XBP1,Ambiguous/Mixed,False
14,15,6,1,0.24483155687262123,2.8143696557172064,Tumor/Epithelials,Tumor/Epithelials,True
14,15,6,2,0.9516892567584383,0.09903341688490803,Tumor/Epithelials,Ambiguous/Mixed,False
14,15,6,3,0.3111767418617928,2.334788452837624,Tumor/Epithelials,Tumor/Epithelials,True
14,15,6,4,0.9662591834169612,0.06864634988505519,Tumor/Epithelials,Ambiguous/Mixed,False
14,15,6,5,0.7570601979218203,0.5566250140261616,Tumor/Epithelials,Ambiguous/Mixed,False
14,15,6,6,0.9999435355259494,0.00011293213645817538,Tumor/Epithelials,Tumor/Epithelials,True
14,15,6,7,0.9883513705033287,0.023434012594533416,Tumor/Epithelials,Fibroblasts/Stromal,False
14,15,6,8,0.9984709363405536,0.0030604677406408628,Tumor/Epithelials,Tumor/Epithelials,True
14,15,6,9,0.9765822049997805,0.04739269780222444,Tumor/Epithelials,Ambiguous/Mixed,False
14,15,6,10,0.98526273682498,0.02969387096978914,Tumor/Epithelials,Ambiguous/Mixed,False
14,15,6,11,0.7782630435552297,0.5013814193827081,Tumor/Epithelials,Endothelials,False
14,15,6,12,0.9904396976534685,0.019212590820290438,Tumor/Epithelials,Ambiguous/Mixed,False
14,15,6,13,0.9955461996564265,0.008927496120149016,Tumor/Epithelials,Ambiguous/Mixed,False
14,15,6,14,0.9844273614530428,0.031390331591193275,Tumor/Epithelials,Ambiguous/Mixed,False
14,15,6,15,0.98184719037417,0.036639186706388424,Tumor/Epithelials,Ambiguous/Mixed,False
14,15,7,1,0.23614033121589867,2.88665805375805,Fibroblasts/Stromal,Tumor/Epithelials,False
14,15,7,2,0.9522822882392735,0.09778753376954147,Fibroblasts/Stromal,Ambiguous/Mixed,False
14,15,7,3,0.2922871178801185,2.460037358812032,Fibroblasts/Stromal,Tumor/Epithelials,False
14,15,7,4,0.9667431884789472,0.06764478862649077,Fibroblasts/Stromal,Ambiguous/Mixed,False
14,15,7,5,0.7613673790654891,0.5452785586236296,Fibroblasts/Stromal,Ambiguous/Mixed,False
14,15,7,6,0.9885948473755325,0.022941380329208463,Fibroblasts/Stromal,Tumor/Epithelials,False
14,15,7,7,0.9998378210867568,0.0003243841313304423,Fibroblasts/Stromal,Fibroblasts/Stromal,True
14,15,7,8,0.9862254395624379,0.02774061996781632,Fibroblasts/Stromal,Tumor/Epithelials,False
14,15,7,9,0.982629384312005,0.035046510083515565,Fibroblasts/Stromal,Ambiguous/Mixed,False
14,15,7,10,0.9754879744435568,0.04963489315432737,Fibroblasts/Stromal,Ambiguous/Mixed,False
14,15,7,11,0.779718819206235,0.49764382497424786,Fibroblasts/Stromal,Endothelials,False
14,15,7,12,0.9980164681249506,0.003971003359220349,Fibroblasts/Stromal,Ambiguous/Mixed,False
14,15,7,13,0.9886335922196998,0.02286299819915942,Fibroblasts/Stromal,Ambiguous/Mixed,False
14,15,7,14,0.9871590966468806,0.025848120787901684,Fibroblasts/Stromal,Ambiguous/Mixed,False
14,15,7,15,0.9854167042597571,0.02938135452113585,Fibroblasts/Stromal,Ambiguous/Mixed,False
14,15,8,1,0.18690458250922315,3.354314092625553,Ambiguous/Mixed,Tumor/Epithelials,False
14,15,8,2,0.9498574994045569,0.1028866125311039,Ambiguous/Mixed,Ambiguous/Mixed,True
14,15,8,3,0.24873455699366515,2.7827379746163126,Ambiguous/Mixed,Tumor/Epithelials,False
14,15,8,4,0.9646311845161563,0.07201888581689142,Ambiguous/Mixed,Ambiguous/Mixed,True
14,15,8,5,0.7094342497708588,0.6865749157884808,Ambiguous/Mixed,Ambiguous/Mixed,True
14,15,8,6,0.9739704674530602,0.052748593378742714,Ambiguous/Mixed,Tumor/Epithelials,False
14,15,8,7,0.9817656947905039,0.03680519821370457,Ambiguous/Mixed,Fibroblasts/Stromal,False
14,15,8,8,0.9785032337245025,0.043462374748508656,Ambiguous/Mixed,Tumor/Epithelials,False
14,15,8,9,0.9991085130590918,0.001783769103437315,Ambiguous/Mixed,Ambiguous/Mixed,True
14,15,8,10,0.9717809817277769,0.057249654704597114,Ambiguous/Mixed,Ambiguous/Mixed,True
14,15,8,11,0.7074475853765685,0.6921834729650422,Ambiguous/Mixed,Endothelials,False
14,15,8,12,0.9776334901175114,0.04524086733280185,Ambiguous/Mixed,Ambiguous/Mixed,True
14,15,8,13,0.9830255166999944,0.0342404023722421,Ambiguous/Mixed,Ambiguous/Mixed,True
14,15,8,14,0.9930270597144906,0.013994729680973594,Ambiguous/Mixed,Ambiguous/Mixed,True
14,15,8,15,0.9840280981069653,0.03220165470163213,Ambiguous/Mixed,Ambiguous/Mixed,True
14,15,9,1,0.21970778603414232,3.0309137216576154,Tumor/Epithelials,Tumor/Epithelials,True
14,15,9,2,0.9542362750943892,0.09368794076927058,Tumor/Epithelials,Ambiguous/Mixed,False
14,15,9,3,0.2852198788403963,2.5089897829342243,Tumor/Epithelials,Tumor/Epithelials,True
14,15,9,4,0.9642430900918546,0.07282369603111345,Tumor/Epithelials,Ambiguous/Mixed,False
14,15,9,5,0.7494625922702658,0.5767977458630382,Tumor/Epithelials,Ambiguous/Mixed,False
14,15,9,6,0.99783792348807,0.0043288343475071,Tumor/Epithelials,Tumor/Epithelials,True
14,15,9,7,0.9863272550298893,0.02753415558727873,Tumor/Epithelials,Fibroblasts/Stromal,False
14,15,9,8,0.9996902166348718,0.0006196627158133917,Tumor/Epithelials,Tumor/Epithelials,True
14,15,9,9,0.9807818619017625,0.03881041427647115,Tumor/Epithelials,Ambiguous/Mixed,False
14,15,9,10,0.9873434936607055,0.02547456439903447,Tumor/Epithelials,Ambiguous/Mixed,False
14,15,9,11,0.7658711178698465,0.5334827536627267,Tumor/Epithelials,Endothelials,False
14,15,9,12,0.9886259672418832,0.02287842354436527,Tumor/Epithelials,Ambiguous/Mixed,False
14,15,9,13,0.9960348889904675,0.007945985808296988,Tumor/Epithelials,Ambiguous/Mixed,False
14,15,9,14,0.9876505395443947,0.024852697434374068,Tumor/Epithelials,Ambiguous/Mixed,False
14,15,9,15,0.9849755179629026,0.030276985957865234,Tumor/Epithelials,Ambiguous/Mixed,False
14,15,10,1,0.23459754648942133,2.8997676021786227,Ambiguous/Mixed,Tumor/Epithelials,False
14,15,10,2,0.9536748878289794,0.09486490810930356,Ambiguous/Mixed,Ambiguous/Mixed,True
14,15,10,3,0.28272861987616027,2.526535563566572,Ambiguous/Mixed,Tumor/Epithelials,False
14,15,10,4,0.9609316529731127,0.07970398655323736,Ambiguous/Mixed,Ambiguous/Mixed,True
14,15,10,5,0.7825735601304149,0.4903347088594549,Ambiguous/Mixed,Ambiguous/Mixed,True
14,15,10,6,0.9867504756348743,0.026676164835270917,Ambiguous/Mixed,Tumor/Epithelials,False
14,15,10,7,0.9768109999677967,0.046924190041512354,Ambiguous/Mixed,Fibroblasts/Stromal,False
14,15,10,8,0.9880645488378186,0.02401450107313116,Ambiguous/Mixed,Tumor/Epithelials,False
14,15,10,9,0.9732819726950871,0.054162883118415404,Ambiguous/Mixed,Ambiguous/Mixed,True
14,15,10,10,0.9992661862910226,0.0014681661640898978,Ambiguous/Mixed,Ambiguous/Mixed,True
14,15,10,11,0.7902761030123898,0.4707457941941027,Ambiguous/Mixed,Endothelials,False
14,15,10,12,0.9802191965665283,0.03995812472414344,Ambiguous/Mixed,Ambiguous/Mixed,True
14,15,10,13,0.9875258785779519,0.025105152790694776,Ambiguous/Mixed,Ambiguous/Mixed,True
14,15,10,14,0.9815685996395253,0.03720675010876369,Ambiguous/Mixed,Ambiguous/Mixed,True
14,15,10,15,0.9774268426443522,0.04566366241583025,Ambiguous/Mixed,Ambiguous/Mixed,True
14,15,11,1,0.26528101176407615,2.6539311861893315,Endothelials,Tumor/Epithelials,False
14,15,11,2,0.8168446589620274,0.4046126762192978,Endothelials,Ambiguous/Mixed,False
14,15,11,3,0.33762978790066145,2.17161057169969,Endothelials,Tumor/Epithelials,False
14,15,11,4,0.7841765890843547,0.48624208563138255,Endothelials,Ambiguous/Mixed,False
14,15,11,5,0.9723872395783625,0.05600231846364334,Endothelials,Ambiguous/Mixed,False
14,15,11,6,0.7773037799934299,0.5038480795579522,Endothelials,Tumor/Epithelials,False
14,15,11,7,0.7794739714927587,0.49827196465511253,Endothelials,Fibroblasts/Stromal,False
14,15,11,8,0.7685406720526171,0.526523586915516,Endothelials,Tumor/Epithelials,False
14,15,11,9,0.711367496868279,0.6811322189587886,Endothelials,Ambiguous/Mixed,False
14,15,11,10,0.8020818752381098,0.44108917500151745,Endothelials,Ambiguous/Mixed,False
14,15,11,11,0.9997216459414313,0.0005567856125003863,Endothelials,Endothelials,True
14,15,11,12,0.764326799946976,0.537519665304564,Endothelials,Ambiguous/Mixed,False
14,15,11,13,0.7758595159808208,0.507567622590244,Endothelials,Ambiguous/Mixed,False
14,15,11,14,0.754759232875198,0.5627129548911384,Endothelials,Ambiguous/Mixed,False
14,15,11,15,0.8149007338315575,0.4093779442781131,Endothelials,Ambiguous/Mixed,False
14,15,12,1,0.22810009000553455,2.955941510207642,Ambiguous/Mixed,Tumor/Epithelials,False
14,15,12,2,0.9602281516736398,0.08116872952613519,Ambiguous/Mixed,Ambiguous/Mixed,True
14,15,12,3,0.27710957069171144,2.5666845778898133,Ambiguous/Mixed,Tumor/Epithelials,False
14,15,12,4,0.9719057323688917,0.05699292476889044,Ambiguous/Mixed,Ambiguous/Mixed,True
14,15,12,5,0.7524765357773555,0.5687709290729743,Ambiguous/Mixed,Ambiguous/Mixed,True
14,15,12,6,0.9907201820414206,0.01864628742862409,Ambiguous/Mixed,Tumor/Epithelials,False
14,15,12,7,0.9981302242799016,0.0037430518654608938,Ambiguous/Mixed,Fibroblasts/Stromal,False
14,15,12,8,0.9887871657717981,0.02255234392533025,Ambiguous/Mixed,Tumor/Epithelials,False
14,15,12,9,0.98187210663713,0.03658843349945244,Ambiguous/Mixed,Ambiguous/Mixed,True
14,15,12,10,0.9805917264517421,0.03919817406225608,Ambiguous/Mixed,Ambiguous/Mixed,True
14,15,12,11,0.7700534442550816,0.5225907168391146,Ambiguous/Mixed,Endothelials,False
14,15,12,12,0.9996457453617893,0.0007086348024163583,Ambiguous/Mixed,Ambiguous/Mixed,True
14,15,12,13,0.9917012296087215,0.01666679378187135,Ambiguous/Mixed,Ambiguous/Mixed,True
14,15,12,14,0.9897601474520091,0.020585281015808386,Ambiguous/Mixed,Ambiguous/Mixed,True
14,15,12,15,0.9879024068933432,0.024342729122429248,Ambiguous/Mixed,Ambiguous/Mixed,True
14,15,13,1,0.20909654804128117,3.1299183626676736,Ambiguous/Mixed,Tumor/Epithelials,False
14,15,13,2,0.9713443801414539,0.05814841626108341,Ambiguous/Mixed,Ambiguous/Mixed,True
14,15,13,3,0.26828653365295557,2.631399428378814,Ambiguous/Mixed,Tumor/Epithelials,False
14,15,13,4,0.9757907264272109,0.04901427040894838,Ambiguous/Mixed,Ambiguous/Mixed,True
14,15,13,5,0.76440817781074,0.5373067366674232,Ambiguous/Mixed,Ambiguous/Mixed,True
14,15,13,6,0.9956190369277836,0.008781175222111378,Ambiguous/Mixed,Tumor/Epithelials,False
14,15,13,7,0.9881249110956467,0.023892321982369423,Ambiguous/Mixed,Fibroblasts/Stromal,False
14,15,13,8,0.9963801142842951,0.007252906712395915,Ambiguous/Mixed,Tumor/Epithelials,False
14,15,13,9,0.984635348659701,0.030967821518022624,Ambiguous/Mixed,Ambiguous/Mixed,True
14,15,13,10,0.9848388719792635,0.030554465875884042,Ambiguous/Mixed,Ambiguous/Mixed,True
14,15,13,11,0.7766045404009034,0.5056480303801351,Ambiguous/Mixed,Endothelials,False
14,15,13,12,0.9922360473642867,0.015588498062086767,Ambiguous/Mixed,Ambiguous/Mixed,True
14,15,13,13,0.9993219319570212,0.0013565960701738531,Ambiguous/Mixed,Ambiguous/Mixed,True
14,15,13,14,0.9940328623928628,0.011970024229301037,Ambiguous/Mixed,Ambiguous/Mixed,True
14,15,13,15,0.9928775066310637,0.0142959588261078,Ambiguous/Mixed,Ambiguous/Mixed,True
14,15,14,1,0.2059257435405681,3.1604792868530436,Ambiguous/Mixed,Tumor/Epithelials,False
14,15,14,2,0.9748730816691183,0.05089597820908458,Ambiguous/Mixed,Ambiguous/Mixed,True
14,15,14,3,0.25677219545942365,2.7191319723227503,Ambiguous/Mixed,Tumor/Epithelials,False
14,15,14,4,0.9740025633207515,0.05268268719382703,Ambiguous/Mixed,Ambiguous/Mixed,True
14,15,14,5,0.8144929472108754,0.4103790200376189,Ambiguous/Mixed,Ambiguous/Mixed,True
14,15,14,6,0.9823485286688901,0.035618232835556964,Ambiguous/Mixed,Tumor/Epithelials,False
14,15,14,7,0.9845066040552521,0.03122934579148567,Ambiguous/Mixed,Fibroblasts/Stromal,False
14,15,14,8,0.9842772882194657,0.03169524931238165,Ambiguous/Mixed,Tumor/Epithelials,False
14,15,14,9,0.9864384285960093,0.027308738920392133,Ambiguous/Mixed,Ambiguous/Mixed,True
14,15,14,10,0.9750491914462944,0.050534712983115244,Ambiguous/Mixed,Ambiguous/Mixed,True
14,15,14,11,0.8200514505592048,0.3967763922156025,Ambiguous/Mixed,Endothelials,False
14,15,14,12,0.9871599104484006,0.02584647201378345,Ambiguous/Mixed,Ambiguous/Mixed,True
14,15,14,13,0.9911625831925723,0.017753396756662536,Ambiguous/Mixed,Ambiguous/Mixed,True
14,15,14,14,0.9948124016314694,0.01040220134709393,Ambiguous/Mixed,Ambiguous/Mixed,True
14,15,14,15,0.9987296136711812,0.002542387907200914,Ambiguous/Mixed,Ambiguous/Mixed,True
15,16,1,1,0.7081710939447766,0.6901391127378895,Tumor/Epithelials,Tumor/Epithelials,True
15,16,1,2,0.16637652266888875,3.587003700558714,Tumor/Epithelials,Ambiguous/Mixed,False
15,16,1,3,0.5854827744102548,1.0706370333682904,Tumor/Epithelials,Tumor/Epithelials,True
15,16,1,4,0.1714531829657948,3.5268900705313753,Tumor/Epithelials,Plasma_XBP1,False
15,16,1,5,0.1877674837217239,3.3451017406415726,Tumor/Epithelials,Ambiguous/Mixed,False
15,16,1,6,0.24410553845034708,2.820309225145009,Tumor/Epithelials,Fibroblasts/Stromal,False
15,16,1,7,0.1863076892987645,3.3607114569619014,Tumor/Epithelials,Ambiguous/Mixed,False
15,16,1,8,0.2238369280715212,2.9936749838565064,Tumor/Epithelials,Tumor/Epithelials,True
15,16,1,9,0.23748452724616892,2.8753056121337526,Tumor/Epithelials,Ambiguous/Mixed,False
15,16,1,10,0.22976907696000834,2.941360975270368,Tumor/Epithelials,Tumor/Epithelials,True
15,16,1,11,0.2381502369962623,2.8697071131606937,Tumor/Epithelials,Ambiguous/Mixed,False
15,16,1,12,0.20141033367894115,3.204821981567707,Tumor/Epithelials,Ambiguous/Mixed,False
15,16,1,13,0.20360567328850382,3.1831402596384293,Tumor/Epithelials,Ambiguous/Mixed,False
15,16,1,14,0.21015364601212552,3.1198327362231217,Tumor/Epithelials,Ambiguous/Mixed,False
15,16,1,15,0.20548333057388204,3.164780729529522,Tumor/Epithelials,Ambiguous/Mixed,False
15,16,1,16,0.20315270969573476,3.1875946364769314,Tumor/Epithelials,Ambiguous/Mixed,False
15,16,2,1,0.10443696688260086,4.5183431545889645,Ambiguous/Mixed,Tumor/Epithelials,False
15,16,2,2,0.8456496514202678,0.33530025753096926,Ambiguous/Mixed,Ambiguous/Mixed,True
15,16,2,3,0.1499154692661719,3.7953673639174963,Ambiguous/Mixed,Tumor/Epithelials,False
15,16,2,4,0.9472273761758372,0.10843222611478143,Ambiguous/Mixed,Plasma_XBP1,False
15,16,2,5,0.960464451286757,0.08067661618338554,Ambiguous/Mixed,Ambiguous/Mixed,True
15,16,2,6,0.9482780100754515,0.10621512029207547,Ambiguous/Mixed,Fibroblasts/Stromal,False
15,16,2,7,0.9400765714510625,0.1235878960903978,Ambiguous/Mixed,Ambiguous/Mixed,True
15,16,2,8,0.9465742586933313,0.10981171063179448,Ambiguous/Mixed,Tumor/Epithelials,False
15,16,2,9,0.9450539946191883,0.11302643191499526,Ambiguous/Mixed,Ambiguous/Mixed,True
15,16,2,10,0.9650011489883836,0.07125197396464501,Ambiguous/Mixed,Tumor/Epithelials,False
15,16,2,11,0.82731987975527,0.37912772678698403,Ambiguous/Mixed,Ambiguous/Mixed,True
15,16,2,12,0.9782681680240171,0.04394289219966539,Ambiguous/Mixed,Ambiguous/Mixed,True
15,16,2,13,0.9752902112431099,0.05004039943397613,Ambiguous/Mixed,Ambiguous/Mixed,True
15,16,2,14,0.9748372960378024,0.05096939553655865,Ambiguous/Mixed,Ambiguous/Mixed,True
15,16,2,15,0.9740680233643598,0.05254827719024647,Ambiguous/Mixed,Ambiguous/Mixed,True
15,16,2,16,0.9761990135928881,0.04817761197112862,Ambiguous/Mixed,Ambiguous/Mixed,True
15,16,3,1,0.2995131279573462,2.411194058949184,Tumor/Epithelials,Tumor/Epithelials,True
15,16,3,2,0.21791241311269752,3.0473241432770592,Tumor/Epithelials,Ambiguous/Mixed,False
15,16,3,3,0.793881974755175,0.46164095037606945,Tumor/Epithelials,Tumor/Epithelials,True
15,16,3,4,0.2150546561006366,3.0737261374798392,Tumor/Epithelials,Plasma_XBP1,False
15,16,3,5,0.2574982195341649,2.713484946665357,Tumor/Epithelials,Ambiguous/Mixed,False
15,16,3,6,0.30342016820143736,2.3852734806209943,Tumor/Epithelials,Fibroblasts/Stromal,False
15,16,3,7,0.2494941046780412,2.7766399852292944,Tumor/Epithelials,Ambiguous/Mixed,False
15,16,3,8,0.2905878230099525,2.471698863298106,Tumor/Epithelials,Tumor/Epithelials,True
15,16,3,9,0.28315205145076805,2.5235424826921715,Tumor/Epithelials,Ambiguous/Mixed,False
15,16,3,10,0.29025034900926083,2.4740229119224773,Tumor/Epithelials,Tumor/Epithelials,True
15,16,3,11,0.30162715816185637,2.3971271998931254,Tumor/Epithelials,Ambiguous/Mixed,False
15,16,3,12,0.25233835187469694,2.7539688517429655,Tumor/Epithelials,Ambiguous/Mixed,False
15,16,3,13,0.26001751660451544,2.694012557360284,Tumor/Epithelials,Ambiguous/Mixed,False
15,16,3,14,0.26132491592300267,2.683981514593763,Tumor/Epithelials,Ambiguous/Mixed,False
15,16,3,15,0.25513001934558077,2.7319639679632983,Tumor/Epithelials,Ambiguous/Mixed,False
15,16,3,16,0.26157044492760667,2.682103287774159,Tumor/Epithelials,Ambiguous/Mixed,False
15,16,4,1,0.13588203825081532,3.9919362708565727,Ambiguous/Mixed,Tumor/Epithelials,False
15,16,4,2,0.7701478086922046,0.5223456464314377,Ambiguous/Mixed,Ambiguous/Mixed,True
15,16,4,3,0.181142136521686,3.4169465424815546,Ambiguous/Mixed,Tumor/Epithelials,False
15,16,4,4,0.9985484207002037,0.0029052677233436007,Ambiguous/Mixed,Plasma_XBP1,False
15,16,4,5,0.969757143471584,0.061419212773930455,Ambiguous/Mixed,Ambiguous/Mixed,True
15,16,4,6,0.964496314607234,0.07229853536665594,Ambiguous/Mixed,Fibroblasts/Stromal,False
15,16,4,7,0.9598257525560052,0.08200703749788456,Ambiguous/Mixed,Ambiguous/Mixed,True
15,16,4,8,0.9588749954677991,0.08398912285851642,Ambiguous/Mixed,Tumor/Epithelials,False
15,16,4,9,0.9536969200554389,0.09481870374291936,Ambiguous/Mixed,Ambiguous/Mixed,True
15,16,4,10,0.9726502859510892,0.055461359493180776,Ambiguous/Mixed,Tumor/Epithelials,False
15,16,4,11,0.7916974042957065,0.46715205091289247,Ambiguous/Mixed,Ambiguous/Mixed,True
15,16,4,12,0.9807307017124667,0.03891474231444857,Ambiguous/Mixed,Ambiguous/Mixed,True
15,16,4,13,0.9786869404185696,0.04308692488771615,Ambiguous/Mixed,Ambiguous/Mixed,True
15,16,4,14,0.9794526008828556,0.041522867807701744,Ambiguous/Mixed,Ambiguous/Mixed,True
15,16,4,15,0.9739893738150216,0.052709770479909865,Ambiguous/Mixed,Ambiguous/Mixed,True
15,16,4,16,0.9784292104469106,0.04361367946594587,Ambiguous/Mixed,Ambiguous/Mixed,True
15,16,5,1,0.15448437521742187,3.7353246380745446,Ambiguous/Mixed,Tumor/Epithelials,False
15,16,5,2,0.9698942346569224,0.061136499731550734,Ambiguous/Mixed,Ambiguous/Mixed,True
15,16,5,3,0.20678888799020756,3.1521137418286527,Ambiguous/Mixed,Tumor/Epithelials,False
15,16,5,4,0.801371492110391,0.44286130804551394,Ambiguous/Mixed,Plasma_XBP1,False
15,16,5,5,0.8546759937788065,0.31406567302300836,Ambiguous/Mixed,Ambiguous/Mixed,True
15,16,5,6,0.7468156475116574,0.5838738295736208,Ambiguous/Mixed,Fibroblasts/Stromal,False
15,16,5,7,0.6954098739819731,0.7265077210259169,Ambiguous/Mixed,Ambiguous/Mixed,True
15,16,5,8,0.7282004971226839,0.6343577211355104,Ambiguous/Mixed,Tumor/Epithelials,False
15,16,5,9,0.770064891953175,0.5225609848430088,Ambiguous/Mixed,Ambiguous/Mixed,True
15,16,5,10,0.7843890420415682,0.48570030923568236,Ambiguous/Mixed,Tumor/Epithelials,False
15,16,5,11,0.9808786466521878,0.03861306157434603,Ambiguous/Mixed,Ambiguous/Mixed,True
15,16,5,12,0.7925292878458747,0.4650516352823409,Ambiguous/Mixed,Ambiguous/Mixed,True
15,16,5,13,0.8014954409916168,0.442551990088014,Ambiguous/Mixed,Ambiguous/Mixed,True
15,16,5,14,0.788325910530857,0.47568736517127436,Ambiguous/Mixed,Ambiguous/Mixed,True
15,16,5,15,0.7982984526206673,0.450545501350815,Ambiguous/Mixed,Ambiguous/Mixed,True
15,16,5,16,0.8005283838247945,0.44496657910798704,Ambiguous/Mixed,Ambiguous/Mixed,True
15,16,6,1,0.18862382857067903,3.3360011445485767,Tumor/Epithelials,Tumor/Epithelials,True
15,16,6,2,0.7490773966657008,0.5778259349427894,Tumor/Epithelials,Ambiguous/Mixed,False
15,16,6,3,0.24688690417844075,2.7976498500645923,Tumor/Epithelials,Tumor/Epithelials,True
15,16,6,4,0.963709442200035,0.07393087662090497,Tumor/Epithelials,Plasma_XBP1,False
15,16,6,5,0.9545129178797034,0.09310820449324347,Tumor/Epithelials,Ambiguous/Mixed,False
15,16,6,6,0.988694719052721,0.0227393427946579,Tumor/Epithelials,Fibroblasts/Stromal,False
15,16,6,7,0.9685945711060714,0.06381830783221684,Tumor/Epithelials,Ambiguous/Mixed,False
15,16,6,8,0.9974772058919448,0.005051963430715208,Tumor/Epithelials,Tumor/Epithelials,True
15,16,6,9,0.9824803211323728,0.03534992964224061,Tumor/Epithelials,Ambiguous/Mixed,False
15,16,6,10,0.9974853911464129,0.005035551585239298,Tumor/Epithelials,Tumor/Epithelials,True
15,16,6,11,0.777952855194175,0.5021787081532748,Tumor/Epithelials,Ambiguous/Mixed,False
15,16,6,12,0.9890811513808754,0.021957793502144513,Tumor/Epithelials,Ambiguous/Mixed,False
15,16,6,13,0.9890778567393167,0.021964455537997328,Tumor/Epithelials,Ambiguous/Mixed,False
15,16,6,14,0.9919433217422413,0.016178617340065145,Tumor/Epithelials,Ambiguous/Mixed,False
15,16,6,15,0.9826135666524454,0.035078704901061596,Tumor/Epithelials,Ambiguous/Mixed,False
15,16,6,16,0.9906677558454697,0.01875212474591193,Tumor/Epithelials,Ambiguous/Mixed,False
15,16,7,1,0.18751809821722215,3.347759828809223,Fibroblasts/Stromal,Tumor/Epithelials,False
15,16,7,2,0.7489992064603569,0.578034709861914,Fibroblasts/Stromal,Ambiguous/Mixed,False
15,16,7,3,0.23266294984712876,2.916328879769096,Fibroblasts/Stromal,Tumor/Epithelials,False
15,16,7,4,0.9648118670891969,0.07164430606773864,Fibroblasts/Stromal,Plasma_XBP1,False
15,16,7,5,0.9638974802197885,0.07354067669339293,Fibroblasts/Stromal,Ambiguous/Mixed,False
15,16,7,6,0.9989450682502912,0.0021109771637096604,Fibroblasts/Stromal,Fibroblasts/Stromal,True
15,16,7,7,0.9780701200332199,0.04434782828394642,Fibroblasts/Stromal,Ambiguous/Mixed,False
15,16,7,8,0.9848932330443627,0.030444073066680448,Fibroblasts/Stromal,Tumor/Epithelials,False
15,16,7,9,0.9721451423888364,0.056500324448057845,Fibroblasts/Stromal,Ambiguous/Mixed,False
15,16,7,10,0.9875684429991307,0.025018950484869913,Fibroblasts/Stromal,Tumor/Epithelials,False
15,16,7,11,0.7774005395120039,0.5035991331377616,Fibroblasts/Stromal,Ambiguous/Mixed,False
15,16,7,12,0.9920676438659676,0.015927969282077473,Fibroblasts/Stromal,Ambiguous/Mixed,False
15,16,7,13,0.9912637493029547,0.01754927091589472,Fibroblasts/Stromal,Ambiguous/Mixed,False
15,16,7,14,0.993653652649735,0.012733142044627844,Fibroblasts/Stromal,Ambiguous/Mixed,False
15,16,7,15,0.9857838653215232,0.028636303871946867,Fibroblasts/Stromal,Ambiguous/Mixed,False
15,16,7,16,0.9881631891072998,0.023814847424577925,Fibroblasts/Stromal,Ambiguous/Mixed,False
15,16,8,1,0.1795039103400302,3.435116573333923,Tumor/Epithelials,Tumor/Epithelials,True
15,16,8,2,0.7442989968453669,0.5906248947996784,Tumor/Epithelials,Ambiguous/Mixed,False
15,16,8,3,0.23374255566997146,2.907069917443343,Tumor/Epithelials,Tumor/Epithelials,True
15,16,8,4,0.963058261181497,0.07528273868956621,Tumor/Epithelials,Plasma_XBP1,False
15,16,8,5,0.9596230560187002,0.08242944321592818,Tumor/Epithelials,Ambiguous/Mixed,False
15,16,8,6,0.9852555895493863,0.029708379387189857,Tumor/Epithelials,Fibroblasts/Stromal,False
15,16,8,7,0.973169627535543,0.05439375484346719,Tumor/Epithelials,Ambiguous/Mixed,False
15,16,8,8,0.9991420202655699,0.0017166960194120334,Tumor/Epithelials,Tumor/Epithelials,True
15,16,8,9,0.984120376758736,0.03201411061536707,Tumor/Epithelials,Ambiguous/Mixed,False
15,16,8,10,0.997425380128402,0.005155879810226988,Tumor/Epithelials,Tumor/Epithelials,True
15,16,8,11,0.7700159784497284,0.5226880262325959,Tumor/Epithelials,Ambiguous/Mixed,False
15,16,8,12,0.9890553862546112,0.02200989329561263,Tumor/Epithelials,Ambiguous/Mixed,False
15,16,8,13,0.989888820715003,0.020325288935911144,Tumor/Epithelials,Ambiguous/Mixed,False
15,16,8,14,0.9912487814513229,0.017579470677863224,Tumor/Epithelials,Ambiguous/Mixed,False
15,16,8,15,0.9848787563771486,0.030473470717357048,Tumor/Epithelials,Ambiguous/Mixed,False
15,16,8,16,0.9919327183257662,0.016199996531629575,Tumor/Epithelials,Ambiguous/Mixed,False
15,16,9,1,0.14552375496945813,3.854831882603739,Ambiguous/Mixed,Tumor/Epithelials,False
15,16,9,2,0.6970339137570962,0.7218424253038969,Ambiguous/Mixed,Ambiguous/Mixed,True
15,16,9,3,0.17352833867477038,3.502828715263422,Ambiguous/Mixed,Tumor/Epithelials,False
15,16,9,4,0.9632912814641298,0.07479887991189214,Ambiguous/Mixed,Plasma_XBP1,False
15,16,9,5,0.9761090771600192,0.04836187885678778,Ambiguous/Mixed,Ambiguous/Mixed,True
15,16,9,6,0.9793033924589701,0.04182756818831329,Ambiguous/Mixed,Fibroblasts/Stromal,False
15,16,9,7,0.9979841081501719,0.004035852989357949,Ambiguous/Mixed,Ambiguous/Mixed,True
15,16,9,8,0.9784225444734124,0.04362730538008365,Ambiguous/Mixed,Tumor/Epithelials,False
15,16,9,9,0.9684617266820733,0.0640926301105276,Ambiguous/Mixed,Ambiguous/Mixed,True
15,16,9,10,0.9782997056666233,0.04387841676176623,Ambiguous/Mixed,Tumor/Epithelials,False
15,16,9,11,0.7130239690669957,0.676480483856248,Ambiguous/Mixed,Ambiguous/Mixed,True
15,16,9,12,0.9848385763238376,0.03055506628977637,Ambiguous/Mixed,Ambiguous/Mixed,True
15,16,9,13,0.9853433231027098,0.02953029433331475,Ambiguous/Mixed,Ambiguous/Mixed,True
15,16,9,14,0.9841389416095544,0.03197638215012711,Ambiguous/Mixed,Ambiguous/Mixed,True
15,16,9,15,0.989087215828135,0.02194553074967081,Ambiguous/Mixed,Ambiguous/Mixed,True
15,16,9,16,0.9876636083295339,0.0248262332182322,Ambiguous/Mixed,Ambiguous/Mixed,True
15,16,10,1,0.15912779612425812,3.6760953007723147,Ambiguous/Mixed,Tumor/Epithelials,False
15,16,10,2,0.7814470135591408,0.49321586473438056,Ambiguous/Mixed,Ambiguous/Mixed,True
15,16,10,3,0.23835244866569585,2.868009647961385,Ambiguous/Mixed,Tumor/Epithelials,False
15,16,10,4,0.962091799525799,0.07729081433335894,Ambiguous/Mixed,Plasma_XBP1,False
15,16,10,5,0.9664240366303134,0.06830515953985627,Ambiguous/Mixed,Ambiguous/Mixed,True
15,16,10,6,0.9703834647333489,0.06012792227493593,Ambiguous/Mixed,Fibroblasts/Stromal,False
15,16,10,7,0.9678091038552488,0.06544083582895377,Ambiguous/Mixed,Ambiguous/Mixed,True
15,16,10,8,0.9834924442732603,0.03329064734064386,Ambiguous/Mixed,Tumor/Epithelials,False
15,16,10,9,0.9986658464642487,0.00267008862191031,Ambiguous/Mixed,Ambiguous/Mixed,True
15,16,10,10,0.9882599746457282,0.023618967229929858,Ambiguous/Mixed,Tumor/Epithelials,False
15,16,10,11,0.8027289953766328,0.43947622437799855,Ambiguous/Mixed,Ambiguous/Mixed,True
15,16,10,12,0.982295797108479,0.03572559386723445,Ambiguous/Mixed,Ambiguous/Mixed,True
15,16,10,13,0.9804911704692502,0.03940327703416587,Ambiguous/Mixed,Ambiguous/Mixed,True
15,16,10,14,0.9838149394105571,0.03263493864385322,Ambiguous/Mixed,Ambiguous/Mixed,True
15,16,10,15,0.9758612361996073,0.04886975740401246,Ambiguous/Mixed,Ambiguous/Mixed,True
15,16,10,16,0.9807677095782014,0.038839273753217864,Ambiguous/Mixed,Ambiguous/Mixed,True
15,16,11,1,0.19705871530047983,3.248507094881675,Endothelials,Tumor/Epithelials,False
15,16,11,2,0.9645783680676169,0.07212839480928035,Endothelials,Ambiguous/Mixed,False
15,16,11,3,0.2694072652018688,2.62306209457072,Endothelials,Tumor/Epithelials,False
15,16,11,4,0.8002062990925237,0.4457714213846107,Endothelials,Plasma_XBP1,False
15,16,11,5,0.82669549931573,0.38063770178987444,Endothelials,Ambiguous/Mixed,False
15,16,11,6,0.7688049069799836,0.5258360773963232,Endothelials,Fibroblasts/Stromal,False
15,16,11,7,0.6924614420087533,0.7350054437610839,Endothelials,Ambiguous/Mixed,False
15,16,11,8,0.7466910672105177,0.5842074880706349,Endothelials,Tumor/Epithelials,False
15,16,11,9,0.7780074867931958,0.5020382634450931,Endothelials,Ambiguous/Mixed,False
15,16,11,10,0.8011191232901017,0.44349124951275337,Endothelials,Tumor/Epithelials,False
15,16,11,11,0.9970526363216349,0.005903431416275931,Endothelials,Ambiguous/Mixed,False
15,16,11,12,0.8006067996632056,0.4447706785012616,Endothelials,Ambiguous/Mixed,False
15,16,11,13,0.8122474621959821,0.41590045770052997,Endothelials,Ambiguous/Mixed,False
15,16,11,14,0.799264837121438,0.44812585481825296,Endothelials,Ambiguous/Mixed,False
15,16,11,15,0.8031980838435623,0.43830783140090673,Endothelials,Ambiguous/Mixed,False
15,16,11,16,0.8082568071435322,0.42575088067062267,Endothelials,Ambiguous/Mixed,False
15,16,12,1,0.17211771034316894,3.519153347555204,Ambiguous/Mixed,Tumor/Epithelials,False
15,16,12,2,0.7395990257896663,0.6032941933649849,Ambiguous/Mixed,Ambiguous/Mixed,True
15,16,12,3,0.2213703638113036,3.0158362515831842,Ambiguous/Mixed,Tumor/Epithelials,False
15,16,12,4,0.969188076237566,0.06259318560116241,Ambiguous/Mixed,Plasma_XBP1,False
15,16,12,5,0.9625157157407453,0.07640976982233186,Ambiguous/Mixed,Ambiguous/Mixed,True
15,16,12,6,0.9974109506890705,0.005184813390609028,Ambiguous/Mixed,Fibroblasts/Stromal,False
15,16,12,7,0.9725644246242754,0.05563791856689684,Ambiguous/Mixed,Ambiguous/Mixed,True
15,16,12,8,0.9867161582110511,0.02674572248218143,Ambiguous/Mixed,Tumor/Epithelials,False
15,16,12,9,0.9750613192683187,0.05050983680926187,Ambiguous/Mixed,Ambiguous/Mixed,True
15,16,12,10,0.9918973532985835,0.016271303097029993,Ambiguous/Mixed,Tumor/Epithelials,False
15,16,12,11,0.7638298190853067,0.5388205290327995,Ambiguous/Mixed,Ambiguous/Mixed,True
15,16,12,12,0.9950549870505169,0.009914559966308484,Ambiguous/Mixed,Ambiguous/Mixed,True
15,16,12,13,0.9934268422948959,0.013189712085753563,Ambiguous/Mixed,Ambiguous/Mixed,True
15,16,12,14,0.996473383223494,0.007065699896875043,Ambiguous/Mixed,Ambiguous/Mixed,True
15,16,12,15,0.9878551481391216,0.02443840635592434,Ambiguous/Mixed,Ambiguous/Mixed,True
15,16,12,16,0.9901247578346546,0.0198486515566037,Ambiguous/Mixed,Ambiguous/Mixed,True
15,16,13,1,0.1641562592696335,3.613873008719096,Ambiguous/Mixed,Tumor/Epithelials,False
15,16,13,2,0.759866467979847,0.5492251223306704,Ambiguous/Mixed,Ambiguous/Mixed,True
15,16,13,3,0.21173353668594438,3.1048533945985577,Ambiguous/Mixed,Tumor/Epithelials,False
15,16,13,4,0.9723932007972413,0.05599005750347484,Ambiguous/Mixed,Plasma_XBP1,False
15,16,13,5,0.9710646684938379,0.05872442603563838,Ambiguous/Mixed,Ambiguous/Mixed,True
15,16,13,6,0.9870509343694795,0.02606727128518395,Ambiguous/Mixed,Fibroblasts/Stromal,False
15,16,13,7,0.977282868354337,0.045958282715643325,Ambiguous/Mixed,Ambiguous/Mixed,True
15,16,13,8,0.9937137321654949,0.012612219227362782,Ambiguous/Mixed,Tumor/Epithelials,False
15,16,13,9,0.9822331209677476,0.03585320948067952,Ambiguous/Mixed,Ambiguous/Mixed,True
15,16,13,10,0.9978712156419689,0.004262106880564767,Ambiguous/Mixed,Tumor/Epithelials,False
15,16,13,11,0.7788818884867055,0.49979172801532734,Ambiguous/Mixed,Ambiguous/Mixed,True
15,16,13,12,0.9961133784414479,0.00778838819911494,Ambiguous/Mixed,Ambiguous/Mixed,True
15,16,13,13,0.9962875177001276,0.0074387813314198865,Ambiguous/Mixed,Ambiguous/Mixed,True
15,16,13,14,0.9967496137253944,0.00651136050967819,Ambiguous/Mixed,Ambiguous/Mixed,True
15,16,13,15,0.9922548091815988,0.015550681173687879,Ambiguous/Mixed,Ambiguous/Mixed,True
15,16,13,16,0.9974345759045448,0.0051374408694580325,Ambiguous/Mixed,Ambiguous/Mixed,True
15,16,14,1,0.1477984861261493,3.8238110264787486,Ambiguous/Mixed,Tumor/Epithelials,False
15,16,14,2,0.7480462486310477,0.5805809463967723,Ambiguous/Mixed,Ambiguous/Mixed,True
15,16,14,3,0.18318277608377595,3.3945416963438797,Ambiguous/Mixed,Tumor/Epithelials,False
15,16,14,4,0.9739198588868422,0.052852518256945764,Ambiguous/Mixed,Plasma_XBP1,False
15,16,14,5,0.9833635403024693,0.03355279967306963,Ambiguous/Mixed,Ambiguous/Mixed,True
15,16,14,6,0.9838394461825269,0.03258511938260387,Ambiguous/Mixed,Fibroblasts/Stromal,False
15,16,14,7,0.9885460334597945,0.023040136904870036,Ambiguous/Mixed,Ambiguous/Mixed,True
15,16,14,8,0.9840448888482084,0.03216752844441563,Ambiguous/Mixed,Tumor/Epithelials,False
15,16,14,9,0.9757141397980081,0.04917125004157448,Ambiguous/Mixed,Ambiguous/Mixed,True
15,16,14,10,0.989387680942902,0.02133806260829115,Ambiguous/Mixed,Tumor/Epithelials,False
15,16,14,11,0.7591487428406402,0.5511150973289589,Ambiguous/Mixed,Ambiguous/Mixed,True
15,16,14,12,0.9958785625658864,0.008259907931328954,Ambiguous/Mixed,Ambiguous/Mixed,True
15,16,14,13,0.9950298565398897,0.009965071401957891,Ambiguous/Mixed,Ambiguous/Mixed,True
15,16,14,14,0.994716025581504,0.01059596796781202,Ambiguous/Mixed,Ambiguous/Mixed,True
15,16,14,15,0.996265172953813,0.007483637854251844,Ambiguous/Mixed,Ambiguous/Mixed,True
15,16,14,16,0.9962022046327285,0.00761005060622732,Ambiguous/Mixed,Ambiguous/Mixed,True
15,16,15,1,0.15434750057594238,3.7370974427772956,Ambiguous/Mixed,Tumor/Epithelials,False
15,16,15,2,0.8034741639068597,0.43762049752456406,Ambiguous/Mixed,Ambiguous/Mixed,True
15,16,15,3,0.18814047298843106,3.3411327968354545,Ambiguous/Mixed,Tumor/Epithelials,False
15,16,15,4,0.9703587837205429,0.06017879149845496,Ambiguous/Mixed,Plasma_XBP1,False
15,16,15,5,0.9778427456751706,0.04481282723775449,Ambiguous/Mixed,Ambiguous/Mixed,True
15,16,15,6,0.9821954216081246,0.035929973504028864,Ambiguous/Mixed,Fibroblasts/Stromal,False
15,16,15,7,0.9785327592719275,0.04340202726888562,Ambiguous/Mixed,Ambiguous/Mixed,True
15,16,15,8,0.9806503446058639,0.03907862093823471,Ambiguous/Mixed,Tumor/Epithelials,False
15,16,15,9,0.9700229460175517,0.060871104152604556,Ambiguous/Mixed,Ambiguous/Mixed,True
15,16,15,10,0.9900655389255146,0.019968274219646618,Ambiguous/Mixed,Tumor/Epithelials,False
15,16,15,11,0.8184999834652711,0.4005638047444095,Ambiguous/Mixed,Ambiguous/Mixed,True
15,16,15,12,0.9944683439368952,0.011094024658150367,Ambiguous/Mixed,Ambiguous/Mixed,True
15,16,15,13,0.9947203582662374,0.010587256586501066,Ambiguous/Mixed,Ambiguous/Mixed,True
15,16,15,14,0.9930070476518199,0.014035035257996896,Ambiguous/Mixed,Ambiguous/Mixed,True
15,16,15,15,0.9988072317395968,0.0023869603492401277,Ambiguous/Mixed,Ambiguous/Mixed,True
15,16,15,16,0.9948879621240212,0.010250298087760009,Ambiguous/Mixed,Ambiguous/Mixed,True
16,17,1,1,0.20991904858609275,3.1220666110113555,Tumor/Epithelials,Tumor/Epithelials,True
16,17,1,2,0.40732115548700065,1.796306649757415,Tumor/Epithelials,Fibroblasts/Stromal,False
16,17,1,3,0.11037085433747616,4.4078183611195305,Tumor/Epithelials,Ambiguous/Mixed,False
16,17,1,4,0.1499004929087949,3.795567171256383,Tumor/Epithelials,Ambiguous/Mixed,False
16,17,1,5,0.13257991542594852,4.041139360157341,Tumor/Epithelials,Ambiguous/Mixed,False
16,17,1,6,0.2388680879463556,2.8636876254014276,Tumor/Epithelials,Tumor/Epithelials,True
16,17,1,7,0.14236618238754692,3.8987055828827777,Tumor/Epithelials,Ambiguous/Mixed,False
16,17,1,8,0.13535380460180932,3.9997263079147602,Tumor/Epithelials,Ambiguous/Mixed,False
16,17,1,9,0.14768109424980477,3.8254001973090523,Tumor/Epithelials,Ambiguous/Mixed,False
16,17,1,10,0.09276756319475761,4.755316469661335,Tumor/Epithelials,Ambiguous/Mixed,False
16,17,1,11,0.17306902981434483,3.50812949560458,Tumor/Epithelials,Ambiguous/Mixed,False
16,17,1,12,0.18608953796914396,3.3630546683351437,Tumor/Epithelials,Ambiguous/Mixed,False
16,17,1,13,0.14408681516446373,3.874678555961162,Tumor/Epithelials,Ambiguous/Mixed,False
16,17,1,14,0.17744950560575415,3.4581383719960517,Tumor/Epithelials,Ambiguous/Mixed,False
16,17,1,15,0.1443557667367909,3.87094884797563,Tumor/Epithelials,Ambiguous/Mixed,False
16,17,1,16,0.15344734493024256,3.7487956011469237,Tumor/Epithelials,Ambiguous/Mixed,False
16,17,1,17,0.15391144158064005,3.7427557932940583,Tumor/Epithelials,Ambiguous/Mixed,False
16,17,2,1,0.05337314341031764,5.860895183839917,Ambiguous/Mixed,Tumor/Epithelials,False
16,17,2,2,0.08007860900875044,5.049493028293263,Ambiguous/Mixed,Fibroblasts/Stromal,False
16,17,2,3,0.8129755990940771,0.41410836659831446,Ambiguous/Mixed,Ambiguous/Mixed,True
16,17,2,4,0.8126986910712061,0.4147897036342122,Ambiguous/Mixed,Ambiguous/Mixed,True
16,17,2,5,0.8256642069410052,0.3831342344872778,Ambiguous/Mixed,Ambiguous/Mixed,True
16,17,2,6,0.41738511346599466,1.747491899772827,Ambiguous/Mixed,Tumor/Epithelials,False
16,17,2,7,0.7941452270905611,0.46097785760916554,Ambiguous/Mixed,Ambiguous/Mixed,True
16,17,2,8,0.7892333447757753,0.47338650872623844,Ambiguous/Mixed,Ambiguous/Mixed,True
16,17,2,9,0.8067890948987243,0.42938597895977715,Ambiguous/Mixed,Ambiguous/Mixed,True
16,17,2,10,0.5525767081273824,1.186326033975519,Ambiguous/Mixed,Ambiguous/Mixed,True
16,17,2,11,0.7944988311539793,0.4600875283565613,Ambiguous/Mixed,Ambiguous/Mixed,True
16,17,2,12,0.9727428660935035,0.0552710017911668,Ambiguous/Mixed,Ambiguous/Mixed,True
16,17,2,13,0.7456792565285567,0.5869194445358604,Ambiguous/Mixed,Ambiguous/Mixed,True
16,17,2,14,0.7956697135365397,0.45714222397841103,Ambiguous/Mixed,Ambiguous/Mixed,True
16,17,2,15,0.7877176943801212,0.4772310183520223,Ambiguous/Mixed,Ambiguous/Mixed,True
16,17,2,16,0.7410216995632598,0.599450739907757,Ambiguous/Mixed,Ambiguous/Mixed,True
16,17,2,17,0.7901366480798397,0.4710987524521669,Ambiguous/Mixed,Ambiguous/Mixed,True
16,17,3,1,0.32970200539997374,2.219132092847576,Tumor/Epithelials,Tumor/Epithelials,True
16,17,3,2,0.2679560353120586,2.633864718543165,Tumor/Epithelials,Fibroblasts/Stromal,False
16,17,3,3,0.15545206012779061,3.722835779787304,Tumor/Epithelials,Ambiguous/Mixed,False
16,17,3,4,0.19393197825558112,3.2804956179031426,Tumor/Epithelials,Ambiguous/Mixed,False
16,17,3,5,0.1790957788655762,3.439669077565924,Tumor/Epithelials,Ambiguous/Mixed,False
16,17,3,6,0.30078945492257125,2.4026894885886443,Tumor/Epithelials,Tumor/Epithelials,True
16,17,3,7,0.1800900073768035,3.4285970241770314,Tumor/Epithelials,Ambiguous/Mixed,False
16,17,3,8,0.17821406362884942,3.4495396931666757,Tumor/Epithelials,Ambiguous/Mixed,False
16,17,3,9,0.19425084994061936,3.2772098284905375,Tumor/Epithelials,Ambiguous/Mixed,False
16,17,3,10,0.1098146430350593,4.417922795646904,Tumor/Epithelials,Ambiguous/Mixed,False
16,17,3,11,0.2176272938528395,3.049942681114387,Tumor/Epithelials,Ambiguous/Mixed,False
16,17,3,12,0.24157469361980105,2.8411531267175345,Tumor/Epithelials,Ambiguous/Mixed,False
16,17,3,13,0.17759616812614637,3.4564860490462452,Tumor/Epithelials,Ambiguous/Mixed,False
16,17,3,14,0.20964300072720923,3.1246983828712556,Tumor/Epithelials,Ambiguous/Mixed,False
16,17,3,15,0.18707064638672524,3.3525378906144496,Tumor/Epithelials,Ambiguous/Mixed,False
16,17,3,16,0.19449146596680839,3.2747339873271697,Tumor/Epithelials,Ambiguous/Mixed,False
16,17,3,17,0.19933457179707503,3.2255412013802225,Tumor/Epithelials,Ambiguous/Mixed,False
16,17,4,1,0.0679961966513229,5.376607013936907,Plasma_XBP1,Tumor/Epithelials,False
16,17,4,2,0.17331582908350418,3.505279494461831,Plasma_XBP1,Fibroblasts/Stromal,False
16,17,4,3,0.9537630459235206,0.09468003584049925,Plasma_XBP1,Ambiguous/Mixed,False
16,17,4,4,0.9764040462557908,0.04775759283283599,Plasma_XBP1,Ambiguous/Mixed,False
16,17,4,5,0.9640477788455043,0.07322884496411815,Plasma_XBP1,Ambiguous/Mixed,False
16,17,4,6,0.4959241398664673,1.4026646155438285,Plasma_XBP1,Tumor/Epithelials,False
16,17,4,7,0.9921047971761422,0.01585306992472236,Plasma_XBP1,Ambiguous/Mixed,False
16,17,4,8,0.9870557194019739,0.026057575694552797,Plasma_XBP1,Ambiguous/Mixed,False
16,17,4,9,0.977136328761158,0.04625819707110999,Plasma_XBP1,Ambiguous/Mixed,False
16,17,4,10,0.7795494106834443,0.4980784096600893,Plasma_XBP1,Ambiguous/Mixed,False
16,17,4,11,0.9740676235040249,0.05254909820152586,Plasma_XBP1,Ambiguous/Mixed,False
16,17,4,12,0.8063223067096804,0.4305434643054451,Plasma_XBP1,Ambiguous/Mixed,False
16,17,4,13,0.9737488874355898,0.05320364870870113,Plasma_XBP1,Ambiguous/Mixed,False
16,17,4,14,0.9615567230876909,0.07840344264485731,Plasma_XBP1,Ambiguous/Mixed,False
16,17,4,15,0.9814333660345229,0.03748231499882708,Plasma_XBP1,Ambiguous/Mixed,False
16,17,4,16,0.9754285761308858,0.04975667860470313,Plasma_XBP1,Ambiguous/Mixed,False
16,17,4,17,0.9781329664248829,0.04421932139809251,Plasma_XBP1,Ambiguous/Mixed,False
16,17,5,1,0.05734955833986016,5.717180273144482,Ambiguous/Mixed,Tumor/Epithelials,False
16,17,5,2,0.19791381007335515,3.239847291438262,Ambiguous/Mixed,Fibroblasts/Stromal,False
16,17,5,3,0.9680101623690578,0.06502538689104914,Ambiguous/Mixed,Ambiguous/Mixed,True
16,17,5,4,0.9964614606399782,0.007089629597442289,Ambiguous/Mixed,Ambiguous/Mixed,True
16,17,5,5,0.9720406591315164,0.05671529002869109,Ambiguous/Mixed,Ambiguous/Mixed,True
16,17,5,6,0.6185159357572328,0.9608646446243541,Ambiguous/Mixed,Tumor/Epithelials,False
16,17,5,7,0.9777655611209715,0.04497070047642102,Ambiguous/Mixed,Ambiguous/Mixed,True
16,17,5,8,0.9792468023494038,0.04194314369867212,Ambiguous/Mixed,Ambiguous/Mixed,True
16,17,5,9,0.9930244905448332,0.0139999041079053,Ambiguous/Mixed,Ambiguous/Mixed,True
16,17,5,10,0.7068830516891131,0.6937800832699923,Ambiguous/Mixed,Ambiguous/Mixed,True
16,17,5,11,0.9697278638785567,0.06147959909899833,Ambiguous/Mixed,Ambiguous/Mixed,True
16,17,5,12,0.8320631468618088,0.3676938867411352,Ambiguous/Mixed,Ambiguous/Mixed,True
16,17,5,13,0.9824192471707236,0.035474259582872994,Ambiguous/Mixed,Ambiguous/Mixed,True
16,17,5,14,0.9744109015143747,0.051844388327655005,Ambiguous/Mixed,Ambiguous/Mixed,True
16,17,5,15,0.9781621099120451,0.04415973225427293,Ambiguous/Mixed,Ambiguous/Mixed,True
16,17,5,16,0.9728908672712803,0.05496672832895381,Ambiguous/Mixed,Ambiguous/Mixed,True
16,17,5,17,0.9775738420330512,0.04536289650791375,Ambiguous/Mixed,Ambiguous/Mixed,True
16,17,6,1,0.09100444859765251,4.7936937759433285,Fibroblasts/Stromal,Tumor/Epithelials,False
16,17,6,2,0.2740028037206566,2.5892338801785564,Fibroblasts/Stromal,Fibroblasts/Stromal,True
16,17,6,3,0.9576810196298645,0.08648104270430511,Fibroblasts/Stromal,Ambiguous/Mixed,False
16,17,6,4,0.9706025652907913,0.05967639803934893,Fibroblasts/Stromal,Ambiguous/Mixed,False
16,17,6,5,0.9712592582146005,0.05832369015685334,Fibroblasts/Stromal,Ambiguous/Mixed,False
16,17,6,6,0.7074654633586874,0.6921329313939235,Fibroblasts/Stromal,Tumor/Epithelials,False
16,17,6,7,0.9769884781625046,0.046560840174379024,Fibroblasts/Stromal,Ambiguous/Mixed,False
16,17,6,8,0.9800923713538316,0.04021691055176204,Fibroblasts/Stromal,Ambiguous/Mixed,False
16,17,6,9,0.9773333043205785,0.045855068658668174,Fibroblasts/Stromal,Ambiguous/Mixed,False
16,17,6,10,0.7790340225835614,0.4994011187500688,Fibroblasts/Stromal,Ambiguous/Mixed,False
16,17,6,11,0.9901153172312646,0.019867721170453077,Fibroblasts/Stromal,Ambiguous/Mixed,False
16,17,6,12,0.7670693028952843,0.5303562518020856,Fibroblasts/Stromal,Ambiguous/Mixed,False
16,17,6,13,0.9832356996907851,0.03381282339170951,Fibroblasts/Stromal,Ambiguous/Mixed,False
16,17,6,14,0.9806076995341959,0.03916559587108873,Fibroblasts/Stromal,Ambiguous/Mixed,False
16,17,6,15,0.9830898956208188,0.03410942548157932,Fibroblasts/Stromal,Ambiguous/Mixed,False
16,17,6,16,0.9860013789739325,0.028195051653591114,Fibroblasts/Stromal,Ambiguous/Mixed,False
16,17,6,17,0.9853247523085594,0.029567988746458575,Fibroblasts/Stromal,Ambiguous/Mixed,False
16,17,7,1,0.06488916868215121,5.4701491232339166,Ambiguous/Mixed,Tumor/Epithelials,False
16,17,7,2,0.24796427648275782,2.788941179266665,Ambiguous/Mixed,Fibroblasts/Stromal,False
16,17,7,3,0.955253918260022,0.09155618169447725,Ambiguous/Mixed,Ambiguous/Mixed,True
16,17,7,4,0.9771836410569396,0.046161360736177104,Ambiguous/Mixed,Ambiguous/Mixed,True
16,17,7,5,0.963092927919375,0.07521074696206749,Ambiguous/Mixed,Ambiguous/Mixed,True
16,17,7,6,0.7084769851119942,0.6892754086846564,Ambiguous/Mixed,Tumor/Epithelials,False
16,17,7,7,0.9702658243654335,0.06037039858164489,Ambiguous/Mixed,Ambiguous/Mixed,True
16,17,7,8,0.9726170351892236,0.055529732125584284,Ambiguous/Mixed,Ambiguous/Mixed,True
16,17,7,9,0.978092117129927,0.04430284817689781,Ambiguous/Mixed,Ambiguous/Mixed,True
16,17,7,10,0.7210795237918289,0.6540117025162829,Ambiguous/Mixed,Ambiguous/Mixed,True
16,17,7,11,0.971778650250501,0.057254453069900686,Ambiguous/Mixed,Ambiguous/Mixed,True
16,17,7,12,0.6925882173112733,0.7346393188296897,Ambiguous/Mixed,Ambiguous/Mixed,True
16,17,7,13,0.9896974794867444,0.02071191765492184,Ambiguous/Mixed,Ambiguous/Mixed,True
16,17,7,14,0.982622925163472,0.03505965678941542,Ambiguous/Mixed,Ambiguous/Mixed,True
16,17,7,15,0.9745516562823674,0.051555506906769064,Ambiguous/Mixed,Ambiguous/Mixed,True
16,17,7,16,0.9789554495352417,0.042538287159530896,Ambiguous/Mixed,Ambiguous/Mixed,True
16,17,7,17,0.9763164966645509,0.047936931533636845,Ambiguous/Mixed,Ambiguous/Mixed,True
16,17,8,1,0.09173807473530174,4.777635552264122,Tumor/Epithelials,Tumor/Epithelials,True
16,17,8,2,0.25917862305190376,2.700475581397333,Tumor/Epithelials,Fibroblasts/Stromal,False
16,17,8,3,0.9616894661216532,0.07812736143400091,Tumor/Epithelials,Ambiguous/Mixed,False
16,17,8,4,0.971711799402468,0.05739204231932828,Tumor/Epithelials,Ambiguous/Mixed,False
16,17,8,5,0.973484747116461,0.05374624476099167,Tumor/Epithelials,Ambiguous/Mixed,False
16,17,8,6,0.7300185501678331,0.629370667947493,Tumor/Epithelials,Tumor/Epithelials,True
16,17,8,7,0.9779510551698114,0.04459131207658622,Tumor/Epithelials,Ambiguous/Mixed,False
16,17,8,8,0.978326993472843,0.04382263135061244,Tumor/Epithelials,Ambiguous/Mixed,False
16,17,8,9,0.9786359331782358,0.043191163674343364,Tumor/Epithelials,Ambiguous/Mixed,False
16,17,8,10,0.7744622103835653,0.5111728251797635,Tumor/Epithelials,Ambiguous/Mixed,False
16,17,8,11,0.9895732537734401,0.020962971159386622,Tumor/Epithelials,Ambiguous/Mixed,False
16,17,8,12,0.7491266160383272,0.5776945259431425,Tumor/Epithelials,Ambiguous/Mixed,False
16,17,8,13,0.9832795692405212,0.03372359031951017,Tumor/Epithelials,Ambiguous/Mixed,False
16,17,8,14,0.9782979408740071,0.04388202464225058,Tumor/Epithelials,Ambiguous/Mixed,False
16,17,8,15,0.9855567044794008,0.02909723050554363,Tumor/Epithelials,Ambiguous/Mixed,False
16,17,8,16,0.992006462058736,0.016051315092736985,Tumor/Epithelials,Ambiguous/Mixed,False
16,17,8,17,0.98847694609291,0.02317991750960163,Tumor/Epithelials,Ambiguous/Mixed,False
16,17,9,1,0.10031185918717755,4.598942707686829,Ambiguous/Mixed,Tumor/Epithelials,False
16,17,9,2,0.22532896109107717,2.9803877904749942,Ambiguous/Mixed,Fibroblasts/Stromal,False
16,17,9,3,0.959814763247315,0.08202993617834048,Ambiguous/Mixed,Ambiguous/Mixed,True
16,17,9,4,0.9743541029070557,0.0519609721275615,Ambiguous/Mixed,Ambiguous/Mixed,True
16,17,9,5,0.9679139286729022,0.0652242246382112,Ambiguous/Mixed,Ambiguous/Mixed,True
16,17,9,6,0.7135818329756437,0.6749163126288935,Ambiguous/Mixed,Tumor/Epithelials,False
16,17,9,7,0.9681054028399747,0.06482862080393095,Ambiguous/Mixed,Ambiguous/Mixed,True
16,17,9,8,0.9722908350578636,0.05620061250898717,Ambiguous/Mixed,Ambiguous/Mixed,True
16,17,9,9,0.9767589363489863,0.04703079204813599,Ambiguous/Mixed,Ambiguous/Mixed,True
16,17,9,10,0.6862257456477626,0.7530972602027304,Ambiguous/Mixed,Ambiguous/Mixed,True
16,17,9,11,0.9761915456855127,0.04819291199875866,Ambiguous/Mixed,Ambiguous/Mixed,True
16,17,9,12,0.7794317935003897,0.4983801892658013,Ambiguous/Mixed,Ambiguous/Mixed,True
16,17,9,13,0.9749052423661082,0.050830000048190514,Ambiguous/Mixed,Ambiguous/Mixed,True
16,17,9,14,0.9654457323119823,0.07033077103331317,Ambiguous/Mixed,Ambiguous/Mixed,True
16,17,9,15,0.9766408124472482,0.04727267577307217,Ambiguous/Mixed,Ambiguous/Mixed,True
16,17,9,16,0.9798155664423236,0.040781845073451395,Ambiguous/Mixed,Ambiguous/Mixed,True
16,17,9,17,0.9772085416066094,0.04611039747528802,Ambiguous/Mixed,Ambiguous/Mixed,True
16,17,10,1,0.08656982021058425,4.893608041132623,Tumor/Epithelials,Tumor/Epithelials,True
16,17,10,2,0.22066048887089137,3.0222600163169955,Tumor/Epithelials,Fibroblasts/Stromal,False
16,17,10,3,0.9752508052803506,0.050121209757739295,Tumor/Epithelials,Ambiguous/Mixed,False
16,17,10,4,0.9814548323475604,0.03743857065708396,Tumor/Epithelials,Ambiguous/Mixed,False
16,17,10,5,0.9850327175870381,0.0301608450745545,Tumor/Epithelials,Ambiguous/Mixed,False
16,17,10,6,0.682632742035576,0.7635965540189488,Tumor/Epithelials,Tumor/Epithelials,True
16,17,10,7,0.9880349772995166,0.024074359471785788,Tumor/Epithelials,Ambiguous/Mixed,False
16,17,10,8,0.9894244530088021,0.021263731012535425,Tumor/Epithelials,Ambiguous/Mixed,False
16,17,10,9,0.9881232933340413,0.0238955963921359,Tumor/Epithelials,Ambiguous/Mixed,False
16,17,10,10,0.7919603259092477,0.4664879639427291,Tumor/Epithelials,Ambiguous/Mixed,False
16,17,10,11,0.9947779688559726,0.010471427205865875,Tumor/Epithelials,Ambiguous/Mixed,False
16,17,10,12,0.802945220032434,0.43893757300019565,Tumor/Epithelials,Ambiguous/Mixed,False
16,17,10,13,0.9881152859316238,0.023911803751918426,Tumor/Epithelials,Ambiguous/Mixed,False
16,17,10,14,0.9864767565377781,0.027231030680195202,Tumor/Epithelials,Ambiguous/Mixed,False
16,17,10,15,0.9940554382941293,0.01192460189819087,Tumor/Epithelials,Ambiguous/Mixed,False
16,17,10,16,0.9961260164188437,0.007763013783914465,Tumor/Epithelials,Ambiguous/Mixed,False
16,17,10,17,0.9963121239305583,0.0073893860993463605,Tumor/Epithelials,Ambiguous/Mixed,False
16,17,11,1,0.08045679645453814,5.040069857265975,Ambiguous/Mixed,Tumor/Epithelials,False
16,17,11,2,0.13344798532794,4.028087000152571,Ambiguous/Mixed,Fibroblasts/Stromal,False
16,17,11,3,0.7999886279199729,0.44631553303055826,Ambiguous/Mixed,Ambiguous/Mixed,True
16,17,11,4,0.823940415058337,0.3873141270193954,Ambiguous/Mixed,Ambiguous/Mixed,True
16,17,11,5,0.8231961923545168,0.38912143978535535,Ambiguous/Mixed,Ambiguous/Mixed,True
16,17,11,6,0.4644666810406645,1.5337309082138204,Ambiguous/Mixed,Tumor/Epithelials,False
16,17,11,7,0.8109604244212762,0.41907204910303997,Ambiguous/Mixed,Ambiguous/Mixed,True
16,17,11,8,0.8015807026808347,0.4423392448865216,Ambiguous/Mixed,Ambiguous/Mixed,True
16,17,11,9,0.8191500374368829,0.3989760320275127,Ambiguous/Mixed,Ambiguous/Mixed,True
16,17,11,10,0.5557631125877946,1.1748262640323683,Ambiguous/Mixed,Ambiguous/Mixed,True
16,17,11,11,0.8196912680970624,0.39765502387857576,Ambiguous/Mixed,Ambiguous/Mixed,True
16,17,11,12,0.999523630301711,0.0009529663967611018,Ambiguous/Mixed,Ambiguous/Mixed,True
16,17,11,13,0.7562438268254453,0.558782865091693,Ambiguous/Mixed,Ambiguous/Mixed,True
16,17,11,14,0.8152976866789929,0.40840394540708824,Ambiguous/Mixed,Ambiguous/Mixed,True
16,17,11,15,0.800451645779361,0.44515830678496815,Ambiguous/Mixed,Ambiguous/Mixed,True
16,17,11,16,0.7561393808075665,0.5590591072967577,Ambiguous/Mixed,Ambiguous/Mixed,True
16,17,11,17,0.8043743665220249,0.4353809763453246,Ambiguous/Mixed,Ambiguous/Mixed,True
16,17,12,1,0.07164203366619935,5.272146629784312,Ambiguous/Mixed,Tumor/Epithelials,False
16,17,12,2,0.20082688924992187,3.2106239790452147,Ambiguous/Mixed,Fibroblasts/Stromal,False
16,17,12,3,0.9849808228137021,0.030266214448487677,Ambiguous/Mixed,Ambiguous/Mixed,True
16,17,12,4,0.9891081237266772,0.021903254037912254,Ambiguous/Mixed,Ambiguous/Mixed,True
16,17,12,5,0.9928147326860612,0.014422411342324483,Ambiguous/Mixed,Ambiguous/Mixed,True
16,17,12,6,0.6328043878940949,0.9151878569193268,Ambiguous/Mixed,Tumor/Epithelials,False
16,17,12,7,0.9942594846883787,0.011514110798200538,Ambiguous/Mixed,Ambiguous/Mixed,True
16,17,12,8,0.9973353870267558,0.00533633874683513,Ambiguous/Mixed,Ambiguous/Mixed,True
16,17,12,9,0.9939189994950313,0.012199130175252908,Ambiguous/Mixed,Ambiguous/Mixed,True
16,17,12,10,0.7721027558279566,0.5172752688214883,Ambiguous/Mixed,Ambiguous/Mixed,True
16,17,12,11,0.9958867396806523,0.008243486087336053,Ambiguous/Mixed,Ambiguous/Mixed,True
16,17,12,12,0.8037534392851858,0.43692544878204065,Ambiguous/Mixed,Ambiguous/Mixed,True
16,17,12,13,0.995211521287493,0.009599960415659095,Ambiguous/Mixed,Ambiguous/Mixed,True
16,17,12,14,0.9872930896078773,0.02557666734449031,Ambiguous/Mixed,Ambiguous/Mixed,True
16,17,12,15,0.9984690293344102,0.003064287597374236,Ambiguous/Mixed,Ambiguous/Mixed,True
16,17,12,16,0.9970198361166874,0.005969226828235717,Ambiguous/Mixed,Ambiguous/Mixed,True
16,17,12,17,0.9978763955000151,0.004251725090768878,Ambiguous/Mixed,Ambiguous/Mixed,True
16,17,13,1,0.07268996286822839,5.2431039326187605,Ambiguous/Mixed,Tumor/Epithelials,False
16,17,13,2,0.20567932181169338,3.1628740266564033,Ambiguous/Mixed,Fibroblasts/Stromal,False
16,17,13,3,0.9822461054666654,0.0358267709238483,Ambiguous/Mixed,Ambiguous/Mixed,True
16,17,13,4,0.9885122694597029,0.023108448496986428,Ambiguous/Mixed,Ambiguous/Mixed,True
16,17,13,5,0.9909288299151413,0.0182251273276521,Ambiguous/Mixed,Ambiguous/Mixed,True
16,17,13,6,0.6433969622948239,0.8819867710412334,Ambiguous/Mixed,Tumor/Epithelials,False
16,17,13,7,0.9932211636524201,0.013603834049171043,Ambiguous/Mixed,Ambiguous/Mixed,True
16,17,13,8,0.9960160044725407,0.007983905558217989,Ambiguous/Mixed,Ambiguous/Mixed,True
16,17,13,9,0.9936947635072307,0.012650396901063994,Ambiguous/Mixed,Ambiguous/Mixed,True
16,17,13,10,0.7682705450389087,0.527226671363329,Ambiguous/Mixed,Ambiguous/Mixed,True
16,17,13,11,0.9987580878933489,0.0024853678371454272,Ambiguous/Mixed,Ambiguous/Mixed,True
16,17,13,12,0.8147732435079502,0.40969086655739106,Ambiguous/Mixed,Ambiguous/Mixed,True
16,17,13,13,0.9946719221666285,0.010684645321935174,Ambiguous/Mixed,Ambiguous/Mixed,True
16,17,13,14,0.9879032519052087,0.02434101840384363,Ambiguous/Mixed,Ambiguous/Mixed,True
16,17,13,15,0.9976404584667125,0.00472465927608128,Ambiguous/Mixed,Ambiguous/Mixed,True
16,17,13,16,0.9963613293953996,0.007290613338020963,Ambiguous/Mixed,Ambiguous/Mixed,True
16,17,13,17,0.9973259202761954,0.005355322923298499,Ambiguous/Mixed,Ambiguous/Mixed,True
16,17,14,1,0.07617214026009553,5.149518993053957,Ambiguous/Mixed,Tumor/Epithelials,False
16,17,14,2,0.21000974744730705,3.121202665852258,Ambiguous/Mixed,Fibroblasts/Stromal,False
16,17,14,3,0.9821177668811994,0.03608810455445524,Ambiguous/Mixed,Ambiguous/Mixed,True
16,17,14,4,0.9878195486410092,0.024510481982897174,Ambiguous/Mixed,Ambiguous/Mixed,True
16,17,14,5,0.9912489303287089,0.017579170294392203,Ambiguous/Mixed,Ambiguous/Mixed,True
16,17,14,6,0.6479647798475345,0.8678378723882574,Ambiguous/Mixed,Tumor/Epithelials,False
16,17,14,7,0.9931142241292911,0.013819184435395176,Ambiguous/Mixed,Ambiguous/Mixed,True
16,17,14,8,0.9960952486808492,0.007824789528478295,Ambiguous/Mixed,Ambiguous/Mixed,True
16,17,14,9,0.9927412847421354,0.01457037582847269,Ambiguous/Mixed,Ambiguous/Mixed,True
16,17,14,10,0.7740701648965267,0.5121855143599786,Ambiguous/Mixed,Ambiguous/Mixed,True
16,17,14,11,0.9970896902381744,0.005829105895875092,Ambiguous/Mixed,Ambiguous/Mixed,True
16,17,14,12,0.8020704673846543,0.4411176208121869,Ambiguous/Mixed,Ambiguous/Mixed,True
16,17,14,13,0.9942822416931835,0.011468334530086288,Ambiguous/Mixed,Ambiguous/Mixed,True
16,17,14,14,0.9859519037407329,0.028295409473715213,Ambiguous/Mixed,Ambiguous/Mixed,True
16,17,14,15,0.9978442630357885,0.004316127819861873,Ambiguous/Mixed,Ambiguous/Mixed,True
16,17,14,16,0.9971958907566767,0.005616096245472403,Ambiguous/Mixed,Ambiguous/Mixed,True
16,17,14,17,0.9976240348127007,0.004757584543016899,Ambiguous/Mixed,Ambiguous/Mixed,True
16,17,15,1,0.06307453479897247,5.526876319690627,Ambiguous/Mixed,Tumor/Epithelials,False
16,17,15,2,0.21010101051312488,3.1203337229316195,Ambiguous/Mixed,Fibroblasts/Stromal,False
16,17,15,3,0.9814006833540275,0.03754891804254049,Ambiguous/Mixed,Ambiguous/Mixed,True
16,17,15,4,0.987495202684179,0.025167280519996334,Ambiguous/Mixed,Ambiguous/Mixed,True
16,17,15,5,0.9879705066947896,0.024204866406654243,Ambiguous/Mixed,Ambiguous/Mixed,True
16,17,15,6,0.6576834263548927,0.8380631567838546,Ambiguous/Mixed,Tumor/Epithelials,False
16,17,15,7,0.9896309662759541,0.02084633336739774,Ambiguous/Mixed,Ambiguous/Mixed,True
16,17,15,8,0.9919115946035595,0.01624258802345151,Ambiguous/Mixed,Ambiguous/Mixed,True
16,17,15,9,0.992121755551031,0.015818883556505584,Ambiguous/Mixed,Ambiguous/Mixed,True
16,17,15,10,0.7912171810295694,0.4683655675115067,Ambiguous/Mixed,Ambiguous/Mixed,True
16,17,15,11,0.9909369887110222,0.018208660429027003,Ambiguous/Mixed,Ambiguous/Mixed,True
16,17,15,12,0.8046636110781274,0.43466192666907116,Ambiguous/Mixed,Ambiguous/Mixed,True
16,17,15,13,0.9948141034398014,0.010398779984687252,Ambiguous/Mixed,Ambiguous/Mixed,True
16,17,15,14,0.9977116702970991,0.004581903860853453,Ambiguous/Mixed,Ambiguous/Mixed,True
16,17,15,15,0.993782619056233,0.012473578689535804,Ambiguous/Mixed,Ambiguous/Mixed,True
16,17,15,16,0.9931396030386821,0.013768075339376785,Ambiguous/Mixed,Ambiguous/Mixed,True
16,17,15,17,0.9947259396505208,0.010576034601189267,Ambiguous/Mixed,Ambiguous/Mixed,True
16,17,16,1,0.07150039561280794,5.276104592502435,Ambiguous/Mixed,Tumor/Epithelials,False
16,17,16,2,0.1968813081751958,3.250308456781508,Ambiguous/Mixed,Fibroblasts/Stromal,False
16,17,16,3,0.9841827315024368,0.03188739284825071,Ambiguous/Mixed,Ambiguous/Mixed,True
16,17,16,4,0.9896002519135843,0.020908406685744906,Ambiguous/Mixed,Ambiguous/Mixed,True
16,17,16,5,0.9922403384548113,0.01557984874672041,Ambiguous/Mixed,Ambiguous/Mixed,True
16,17,16,6,0.6517135434397487,0.8563003283014983,Ambiguous/Mixed,Tumor/Epithelials,False
16,17,16,7,0.9932415086952479,0.013562866669090536,Ambiguous/Mixed,Ambiguous/Mixed,True
16,17,16,8,0.9950272114679711,0.009970387976966946,Ambiguous/Mixed,Ambiguous/Mixed,True
16,17,16,9,0.9943374816162522,0.011357222440760225,Ambiguous/Mixed,Ambiguous/Mixed,True
16,17,16,10,0.7871339205242809,0.4787137583817588,Ambiguous/Mixed,Ambiguous/Mixed,True
16,17,16,11,0.9957688347093078,0.008480284001590826,Ambiguous/Mixed,Ambiguous/Mixed,True
16,17,16,12,0.811769619572081,0.41707739763067037,Ambiguous/Mixed,Ambiguous/Mixed,True
16,17,16,13,0.9963971420135065,0.0072187278212870794,Ambiguous/Mixed,Ambiguous/Mixed,True
16,17,16,14,0.99050691447399,0.0190768641527755,Ambiguous/Mixed,Ambiguous/Mixed,True
16,17,16,15,0.9979415271768465,0.004121188780588415,Ambiguous/Mixed,Ambiguous/Mixed,True
16,17,16,16,0.9975179729944006,0.004970224681884227,Ambiguous/Mixed,Ambiguous/Mixed,True
16,17,16,17,0.9992703724454974,0.0014597877244630236,Ambiguous/Mixed,Ambiguous/Mixed,True
17,18,1,1,0.04947230647893268,6.012684462077077,Tumor/Epithelials,Ambiguous/Mixed,False
17,18,1,2,0.24705863857489138,2.7962591347852266,Tumor/Epithelials,Tumor/Epithelials,True
17,18,1,3,0.3640568991044722,2.0208902146808527,Tumor/Epithelials,Tumor/Epithelials,True
17,18,1,4,0.06441392407514698,5.4848509137906944,Tumor/Epithelials,Ambiguous/Mixed,False
17,18,1,5,0.06970711039327726,5.326905904336018,Tumor/Epithelials,Plasma_XBP1,False
17,18,1,6,0.2023570344405387,3.1954432890712554,Tumor/Epithelials,Ambiguous/Mixed,False
17,18,1,7,0.087626835947489,4.869335963043511,Tumor/Epithelials,Ambiguous/Mixed,False
17,18,1,8,0.1127395196776801,4.365350513561143,Tumor/Epithelials,Tumor/Epithelials,True
17,18,1,9,0.06882435264600875,5.352395267589771,Tumor/Epithelials,Ambiguous/Mixed,False
17,18,1,10,0.06223966711519775,5.553525495065019,Tumor/Epithelials,Ambiguous/Mixed,False
17,18,1,11,0.07775021611834447,5.1085078965389865,Tumor/Epithelials,Ambiguous/Mixed,False
17,18,1,12,0.06360074480515267,5.510260195863581,Tumor/Epithelials,Ambiguous/Mixed,False
17,18,1,13,0.06328451684359639,5.520229158757207,Tumor/Epithelials,Ambiguous/Mixed,False
17,18,1,14,0.06804569822652679,5.375151533551749,Tumor/Epithelials,Ambiguous/Mixed,False
17,18,1,15,0.0646210008471944,5.478431661020415,Tumor/Epithelials,Ambiguous/Mixed,False
17,18,1,16,0.06994262853353031,5.320159930720756,Tumor/Epithelials,Ambiguous/Mixed,False
17,18,1,17,0.06684675638821577,5.410704994712139,Tumor/Epithelials,Ambiguous/Mixed,False
17,18,1,18,0.06533544512764401,5.456441171119625,Tumor/Epithelials,Ambiguous/Mixed,False
17,18,2,1,0.06835504509846604,5.366079811660084,Fibroblasts/Stromal,Ambiguous/Mixed,False
17,18,2,2,0.7630687169021088,0.5408143805646342,Fibroblasts/Stromal,Tumor/Epithelials,False
17,18,2,3,0.41251669959379234,1.7709571803262238,Fibroblasts/Stromal,Tumor/Epithelials,False
17,18,2,4,0.2051877136200298,3.1676600852483285,Fibroblasts/Stromal,Ambiguous/Mixed,False
17,18,2,5,0.1930396451613268,3.2897193916568646,Fibroblasts/Stromal,Plasma_XBP1,False
17,18,2,6,0.4138657683836506,1.7644271773768194,Fibroblasts/Stromal,Ambiguous/Mixed,False
17,18,2,7,0.22783129217318018,2.958299741064335,Fibroblasts/Stromal,Ambiguous/Mixed,False
17,18,2,8,0.25494115571963927,2.733445044674198,Fibroblasts/Stromal,Tumor/Epithelials,False
17,18,2,9,0.2659853488664438,2.6486281023336518,Fibroblasts/Stromal,Ambiguous/Mixed,False
17,18,2,10,0.17785615113303263,3.4535603902260816,Fibroblasts/Stromal,Ambiguous/Mixed,False
17,18,2,11,0.21130625303146167,3.1088935233067163,Fibroblasts/Stromal,Ambiguous/Mixed,False
17,18,2,12,0.19646751227489212,3.2545163865520865,Fibroblasts/Stromal,Ambiguous/Mixed,False
17,18,2,13,0.19463084103715986,3.273301275053388,Fibroblasts/Stromal,Ambiguous/Mixed,False
17,18,2,14,0.23642171342169063,2.884276294645235,Fibroblasts/Stromal,Ambiguous/Mixed,False
17,18,2,15,0.1905833935141913,3.315330837951047,Fibroblasts/Stromal,Ambiguous/Mixed,False
17,18,2,16,0.11932231897554843,4.251853769193905,Fibroblasts/Stromal,Ambiguous/Mixed,False
17,18,2,17,0.1880855841700812,3.3417163695858787,Fibroblasts/Stromal,Ambiguous/Mixed,False
17,18,2,18,0.185928810340044,3.364782837279831,Fibroblasts/Stromal,Ambiguous/Mixed,False
17,18,3,1,0.8100945832066216,0.4212085374835526,Ambiguous/Mixed,Ambiguous/Mixed,True
17,18,3,2,0.1000236813436112,4.604696615187619,Ambiguous/Mixed,Tumor/Epithelials,False
17,18,3,3,0.06757561415091279,5.389016196854287,Ambiguous/Mixed,Tumor/Epithelials,False
17,18,3,4,0.9712362818530337,0.05837100323653652,Ambiguous/Mixed,Ambiguous/Mixed,True
17,18,3,5,0.9531668921085692,0.09593053555206854,Ambiguous/Mixed,Plasma_XBP1,False
17,18,3,6,0.2470972620572358,2.7959464927030524,Ambiguous/Mixed,Ambiguous/Mixed,True
17,18,3,7,0.9688884518629408,0.06321158094864843,Ambiguous/Mixed,Ambiguous/Mixed,True
17,18,3,8,0.9516230292572878,0.09917260056309632,Ambiguous/Mixed,Tumor/Epithelials,False
17,18,3,9,0.9532187692351113,0.09582168637719943,Ambiguous/Mixed,Ambiguous/Mixed,True
17,18,3,10,0.9868501280960167,0.02647419395820742,Ambiguous/Mixed,Ambiguous/Mixed,True
17,18,3,11,0.9778149965798202,0.044869583785186566,Ambiguous/Mixed,Ambiguous/Mixed,True
17,18,3,12,0.984608407316247,0.031022545761020055,Ambiguous/Mixed,Ambiguous/Mixed,True
17,18,3,13,0.9865180561272445,0.02714730093248933,Ambiguous/Mixed,Ambiguous/Mixed,True
17,18,3,14,0.9740841343569019,0.05251519765386911,Ambiguous/Mixed,Ambiguous/Mixed,True
17,18,3,15,0.9873361863400433,0.025489366436521915,Ambiguous/Mixed,Ambiguous/Mixed,True
17,18,3,16,0.8046965189035094,0.4345801355900617,Ambiguous/Mixed,Ambiguous/Mixed,True
17,18,3,17,0.9873393123785551,0.02548303417886468,Ambiguous/Mixed,Ambiguous/Mixed,True
17,18,3,18,0.9882364328973904,0.023666610622043477,Ambiguous/Mixed,Ambiguous/Mixed,True
17,18,4,1,0.8002736021501232,0.4456032141922883,Ambiguous/Mixed,Ambiguous/Mixed,True
17,18,4,2,0.14513208999946112,3.860221971450605,Ambiguous/Mixed,Tumor/Epithelials,False
17,18,4,3,0.08838803075678943,4.852037434369241,Ambiguous/Mixed,Tumor/Epithelials,False
17,18,4,4,0.9985620741722581,0.0028779212703762777,Ambiguous/Mixed,Ambiguous/Mixed,True
17,18,4,5,0.9753937136771585,0.04982816118702374,Ambiguous/Mixed,Plasma_XBP1,False
17,18,4,6,0.3258669651845844,2.242532126319058,Ambiguous/Mixed,Ambiguous/Mixed,True
17,18,4,7,0.9769433747546745,0.04665317380980363,Ambiguous/Mixed,Ambiguous/Mixed,True
17,18,4,8,0.9617992633682269,0.07789903205518081,Ambiguous/Mixed,Tumor/Epithelials,False
17,18,4,9,0.9710298595942155,0.05879611955852847,Ambiguous/Mixed,Ambiguous/Mixed,True
17,18,4,10,0.9898699197660129,0.020363477324433745,Ambiguous/Mixed,Ambiguous/Mixed,True
17,18,4,11,0.9832482673679077,0.03378725963968637,Ambiguous/Mixed,Ambiguous/Mixed,True
17,18,4,12,0.9965930745116129,0.006825484548714766,Ambiguous/Mixed,Ambiguous/Mixed,True
17,18,4,13,0.9922311514205493,0.015598366592522563,Ambiguous/Mixed,Ambiguous/Mixed,True
17,18,4,14,0.9813743520704061,0.037602579380488596,Ambiguous/Mixed,Ambiguous/Mixed,True
17,18,4,15,0.989236905698212,0.021642870798788287,Ambiguous/Mixed,Ambiguous/Mixed,True
17,18,4,16,0.8272027610149585,0.37941087489900405,Ambiguous/Mixed,Ambiguous/Mixed,True
17,18,4,17,0.9904278407899738,0.01923653358933431,Ambiguous/Mixed,Ambiguous/Mixed,True
17,18,4,18,0.990288149193182,0.019518636824184442,Ambiguous/Mixed,Ambiguous/Mixed,True
17,18,5,1,0.8197320669636897,0.39755547944544917,Ambiguous/Mixed,Ambiguous/Mixed,True
17,18,5,2,0.11949403714054771,4.248977614521994,Ambiguous/Mixed,Tumor/Epithelials,False
17,18,5,3,0.07472684159338576,5.187831852345097,Ambiguous/Mixed,Tumor/Epithelials,False
17,18,5,4,0.9768348414976108,0.04687537560583685,Ambiguous/Mixed,Ambiguous/Mixed,True
17,18,5,5,0.9647710617155498,0.07172889506993999,Ambiguous/Mixed,Plasma_XBP1,False
17,18,5,6,0.2679532427783205,2.6338855618750667,Ambiguous/Mixed,Ambiguous/Mixed,True
17,18,5,7,0.9803628725665058,0.039664995448921284,Ambiguous/Mixed,Ambiguous/Mixed,True
17,18,5,8,0.9647019308349781,0.07187221064029144,Ambiguous/Mixed,Tumor/Epithelials,False
17,18,5,9,0.9617076170933331,0.07808961369727219,Ambiguous/Mixed,Ambiguous/Mixed,True
17,18,5,10,0.9935334360815499,0.012975125437160142,Ambiguous/Mixed,Ambiguous/Mixed,True
17,18,5,11,0.9881190280418006,0.02390422952825397,Ambiguous/Mixed,Ambiguous/Mixed,True
17,18,5,12,0.9911614186183916,0.017755746673587692,Ambiguous/Mixed,Ambiguous/Mixed,True
17,18,5,13,0.992520883192743,0.015014451283811042,Ambiguous/Mixed,Ambiguous/Mixed,True
17,18,5,14,0.9832522964290729,0.033779064246836216,Ambiguous/Mixed,Ambiguous/Mixed,True
17,18,5,15,0.9937358987820459,0.01256760603826504,Ambiguous/Mixed,Ambiguous/Mixed,True
17,18,5,16,0.8265313298054746,0.38103491167759995,Ambiguous/Mixed,Ambiguous/Mixed,True
17,18,5,17,0.9942440665509388,0.011545125351693525,Ambiguous/Mixed,Ambiguous/Mixed,True
17,18,5,18,0.9949601340727279,0.010105217769566523,Ambiguous/Mixed,Ambiguous/Mixed,True
17,18,6,1,0.4030342105735796,1.8174676617552852,Tumor/Epithelials,Ambiguous/Mixed,False
17,18,6,2,0.26616004572422836,2.6473149509593377,Tumor/Epithelials,Tumor/Epithelials,True
17,18,6,3,0.17202986094225098,3.520174414215625,Tumor/Epithelials,Tumor/Epithelials,True
17,18,6,4,0.650153034934048,0.8610950108872834,Tumor/Epithelials,Ambiguous/Mixed,False
17,18,6,5,0.5088932723777777,1.3510339308088604,Tumor/Epithelials,Plasma_XBP1,False
17,18,6,6,0.5037051244744792,1.371528505236875,Tumor/Epithelials,Ambiguous/Mixed,False
17,18,6,7,0.6688119262461825,0.8045047701294881,Tumor/Epithelials,Ambiguous/Mixed,False
17,18,6,8,0.7331219471369181,0.6208864475223682,Tumor/Epithelials,Tumor/Epithelials,True
17,18,6,9,0.7439216643586293,0.5916390790659232,Tumor/Epithelials,Ambiguous/Mixed,False
17,18,6,10,0.5881142362351582,1.061668141283596,Tumor/Epithelials,Ambiguous/Mixed,False
17,18,6,11,0.6482007857613994,0.8671095521096295,Tumor/Epithelials,Ambiguous/Mixed,False
17,18,6,12,0.635167620802974,0.9077326903097438,Tumor/Epithelials,Ambiguous/Mixed,False
17,18,6,13,0.6386396750319551,0.8968297449771732,Tumor/Epithelials,Ambiguous/Mixed,False
17,18,6,14,0.6712927666473923,0.7970998464743206,Tumor/Epithelials,Ambiguous/Mixed,False
17,18,6,15,0.6374686011814812,0.9005005124223682,Tumor/Epithelials,Ambiguous/Mixed,False
17,18,6,16,0.44389588056235113,1.6243304945760877,Tumor/Epithelials,Ambiguous/Mixed,False
17,18,6,17,0.6339800407443742,0.9114756130324272,Tumor/Epithelials,Ambiguous/Mixed,False
17,18,6,18,0.6189107891721475,0.9595882751380284,Tumor/Epithelials,Ambiguous/Mixed,False
17,18,7,1,0.7822106377143138,0.4912624340323151,Ambiguous/Mixed,Ambiguous/Mixed,True
17,18,7,2,0.140322531904407,3.927623413465036,Ambiguous/Mixed,Tumor/Epithelials,False
17,18,7,3,0.08941606283715009,4.828909878296892,Ambiguous/Mixed,Tumor/Epithelials,False
17,18,7,4,0.9810239971252203,0.03831671562923115,Ambiguous/Mixed,Ambiguous/Mixed,True
17,18,7,5,0.9935936994262535,0.012853817960360404,Ambiguous/Mixed,Plasma_XBP1,False
17,18,7,6,0.28103350166556074,2.538562787491553,Ambiguous/Mixed,Ambiguous/Mixed,True
17,18,7,7,0.9844322141509443,0.03138047269020974,Ambiguous/Mixed,Ambiguous/Mixed,True
17,18,7,8,0.9682807440284181,0.06446641786376588,Ambiguous/Mixed,Tumor/Epithelials,False
17,18,7,9,0.9636394059540359,0.07407622912644012,Ambiguous/Mixed,Ambiguous/Mixed,True
17,18,7,10,0.9972100689907896,0.005587660241169775,Ambiguous/Mixed,Ambiguous/Mixed,True
17,18,7,11,0.9904700807259653,0.019151239065998887,Ambiguous/Mixed,Ambiguous/Mixed,True
17,18,7,12,0.9934803441157053,0.013082003338836065,Ambiguous/Mixed,Ambiguous/Mixed,True
17,18,7,13,0.9929642381428623,0.014121259080607991,Ambiguous/Mixed,Ambiguous/Mixed,True
17,18,7,14,0.9866261585169979,0.026928153464079847,Ambiguous/Mixed,Ambiguous/Mixed,True
17,18,7,15,0.9940023808494682,0.012031354215277047,Ambiguous/Mixed,Ambiguous/Mixed,True
17,18,7,16,0.8132951414499248,0.4133224153984473,Ambiguous/Mixed,Ambiguous/Mixed,True
17,18,7,17,0.9945347913718928,0.01096039503466142,Ambiguous/Mixed,Ambiguous/Mixed,True
17,18,7,18,0.9955906243714742,0.008838251193293237,Ambiguous/Mixed,Ambiguous/Mixed,True
17,18,8,1,0.7785837927603289,0.500557319793319,Ambiguous/Mixed,Ambiguous/Mixed,True
17,18,8,2,0.13373277949282666,4.023823305901406,Ambiguous/Mixed,Tumor/Epithelials,False
17,18,8,3,0.08209011166736428,4.999875424637557,Ambiguous/Mixed,Tumor/Epithelials,False
17,18,8,4,0.9824465609380569,0.03541865524140114,Ambiguous/Mixed,Ambiguous/Mixed,True
17,18,8,5,0.987795840345344,0.02455848382738277,Ambiguous/Mixed,Plasma_XBP1,False
17,18,8,6,0.2810722221586436,2.538287248627578,Ambiguous/Mixed,Ambiguous/Mixed,True
17,18,8,7,0.9878323383433477,0.024484587335316874,Ambiguous/Mixed,Ambiguous/Mixed,True
17,18,8,8,0.9692201260917386,0.0625270491617129,Ambiguous/Mixed,Tumor/Epithelials,False
17,18,8,9,0.967230633255048,0.0666366161663578,Ambiguous/Mixed,Ambiguous/Mixed,True
17,18,8,10,0.9998140230297444,0.00037198853223356545,Ambiguous/Mixed,Ambiguous/Mixed,True
17,18,8,11,0.9938828804134449,0.012271811626971722,Ambiguous/Mixed,Ambiguous/Mixed,True
17,18,8,12,0.9965021026724773,0.007008058547669326,Ambiguous/Mixed,Ambiguous/Mixed,True
17,18,8,13,0.9961805191388261,0.007653587409963823,Ambiguous/Mixed,Ambiguous/Mixed,True
17,18,8,14,0.9878197103402833,0.024510154596663468,Ambiguous/Mixed,Ambiguous/Mixed,True
17,18,8,15,0.9968155198663665,0.006379122761564502,Ambiguous/Mixed,Ambiguous/Mixed,True
17,18,8,16,0.8037257648748622,0.43699431290234686,Ambiguous/Mixed,Ambiguous/Mixed,True
17,18,8,17,0.9974875496168397,0.005031223766284676,Ambiguous/Mixed,Ambiguous/Mixed,True
17,18,8,18,0.9985141539188669,0.0029739020901894436,Ambiguous/Mixed,Ambiguous/Mixed,True
17,18,9,1,0.794800652056328,0.4593278958035643,Ambiguous/Mixed,Ambiguous/Mixed,True
17,18,9,2,0.14510346148171413,3.860616527082315,Ambiguous/Mixed,Tumor/Epithelials,False
17,18,9,3,0.09014099134182202,4.8127605279573356,Ambiguous/Mixed,Tumor/Epithelials,False
17,18,9,4,0.9963215213613786,0.007370521756987164,Ambiguous/Mixed,Ambiguous/Mixed,True
17,18,9,5,0.9774697730862019,0.04557582054938841,Ambiguous/Mixed,Plasma_XBP1,False
17,18,9,6,0.3127259577174326,2.3248560127904607,Ambiguous/Mixed,Ambiguous/Mixed,True
17,18,9,7,0.9839524876646923,0.032355335978483925,Ambiguous/Mixed,Ambiguous/Mixed,True
17,18,9,8,0.9704760898373176,0.059937027258713,Ambiguous/Mixed,Tumor/Epithelials,False
17,18,9,9,0.9732380758813884,0.05425308884475902,Ambiguous/Mixed,Ambiguous/Mixed,True
17,18,9,10,0.9939870297758742,0.012062241851825566,Ambiguous/Mixed,Ambiguous/Mixed,True
17,18,9,11,0.9894471307695615,0.021217891230012387,Ambiguous/Mixed,Ambiguous/Mixed,True
17,18,9,12,0.9988368511522168,0.0023276516608190393,Ambiguous/Mixed,Ambiguous/Mixed,True
17,18,9,13,0.9953605124158634,0.009300566822006587,Ambiguous/Mixed,Ambiguous/Mixed,True
17,18,9,14,0.9869096642643005,0.026353538610920962,Ambiguous/Mixed,Ambiguous/Mixed,True
17,18,9,15,0.9945029310221432,0.011024466921069157,Ambiguous/Mixed,Ambiguous/Mixed,True
17,18,9,16,0.8215592197500994,0.393102513525259,Ambiguous/Mixed,Ambiguous/Mixed,True
17,18,9,17,0.9953525839298916,0.009316497768533357,Ambiguous/Mixed,Ambiguous/Mixed,True
17,18,9,18,0.9949510737771389,0.010123430231616649,Ambiguous/Mixed,Ambiguous/Mixed,True
17,18,10,1,0.5510074557668615,1.192013877166907,Ambiguous/Mixed,Ambiguous/Mixed,True
17,18,10,2,0.11000157180092794,4.414521248384928,Ambiguous/Mixed,Tumor/Epithelials,False
17,18,10,3,0.05787912569626103,5.698796965576008,Ambiguous/Mixed,Tumor/Epithelials,False
17,18,10,4,0.7078933072142871,0.6909237853384448,Ambiguous/Mixed,Ambiguous/Mixed,True
17,18,10,5,0.7638810092457585,0.5386864980119498,Ambiguous/Mixed,Plasma_XBP1,False
17,18,10,6,0.18376219533162425,3.3882255478796584,Ambiguous/Mixed,Ambiguous/Mixed,True
17,18,10,7,0.7941718941439105,0.4609106996014974,Ambiguous/Mixed,Ambiguous/Mixed,True
17,18,10,8,0.7428799675239547,0.5944415968538691,Ambiguous/Mixed,Tumor/Epithelials,False
17,18,10,9,0.7303223127609864,0.6285386359055355,Ambiguous/Mixed,Ambiguous/Mixed,True
17,18,10,10,0.7859657309621777,0.4816841735763362,Ambiguous/Mixed,Ambiguous/Mixed,True
17,18,10,11,0.7758132821464907,0.5076868070842936,Ambiguous/Mixed,Ambiguous/Mixed,True
17,18,10,12,0.7497510119162192,0.5760282233648267,Ambiguous/Mixed,Ambiguous/Mixed,True
17,18,10,13,0.7681588478891535,0.5275174680649962,Ambiguous/Mixed,Ambiguous/Mixed,True
17,18,10,14,0.7867180447807774,0.47977072120253356,Ambiguous/Mixed,Ambiguous/Mixed,True
17,18,10,15,0.7963715577974253,0.4553788417872845,Ambiguous/Mixed,Ambiguous/Mixed,True
17,18,10,16,0.5585789326665953,1.1647186814136106,Ambiguous/Mixed,Ambiguous/Mixed,True
17,18,10,17,0.7868870493700507,0.4793411227205478,Ambiguous/Mixed,Ambiguous/Mixed,True
17,18,10,18,0.7839242591702146,0.486885742999718,Ambiguous/Mixed,Ambiguous/Mixed,True
17,18,11,1,0.7813881497657503,0.4933665237284952,Ambiguous/Mixed,Ambiguous/Mixed,True
17,18,11,2,0.16992141728811788,3.544838400098567,Ambiguous/Mixed,Tumor/Epithelials,False
17,18,11,3,0.11026531137231653,4.409731791274925,Ambiguous/Mixed,Tumor/Epithelials,False
17,18,11,4,0.9764374211998886,0.047689231023324494,Ambiguous/Mixed,Ambiguous/Mixed,True
17,18,11,5,0.9778535627007173,0.04479070309608596,Ambiguous/Mixed,Plasma_XBP1,False
17,18,11,6,0.329844006248914,2.218270889240086,Ambiguous/Mixed,Ambiguous/Mixed,True
17,18,11,7,0.9973969030413778,0.005212981813280102,Ambiguous/Mixed,Ambiguous/Mixed,True
17,18,11,8,0.9829115913929674,0.03447220084979375,Ambiguous/Mixed,Tumor/Epithelials,False
17,18,11,9,0.9715299538046205,0.05776635621635783,Ambiguous/Mixed,Ambiguous/Mixed,True
17,18,11,10,0.9930089434035072,0.014031217057749143,Ambiguous/Mixed,Ambiguous/Mixed,True
17,18,11,11,0.9993761006342143,0.0012481881439677508,Ambiguous/Mixed,Ambiguous/Mixed,True
17,18,11,12,0.9918773676776644,0.01631160126336597,Ambiguous/Mixed,Ambiguous/Mixed,True
17,18,11,13,0.991627695580544,0.01681509803393426,Ambiguous/Mixed,Ambiguous/Mixed,True
17,18,11,14,0.9903070612603905,0.019480442109566894,Ambiguous/Mixed,Ambiguous/Mixed,True
17,18,11,15,0.9942870260626255,0.011458710787992607,Ambiguous/Mixed,Ambiguous/Mixed,True
17,18,11,16,0.816358241301752,0.40580399831302927,Ambiguous/Mixed,Ambiguous/Mixed,True
17,18,11,17,0.9952112763294672,0.009600452689011548,Ambiguous/Mixed,Ambiguous/Mixed,True
17,18,11,18,0.99494878876039,0.010128023461239673,Ambiguous/Mixed,Ambiguous/Mixed,True
17,18,12,1,0.9575125719417996,0.08683285609641461,Ambiguous/Mixed,Ambiguous/Mixed,True
17,18,12,2,0.10909934158391077,4.430992842278451,Ambiguous/Mixed,Tumor/Epithelials,False
17,18,12,3,0.11239144928609879,4.37153483676682,Ambiguous/Mixed,Tumor/Epithelials,False
17,18,12,4,0.8303424560797489,0.3718341312001371,Ambiguous/Mixed,Ambiguous/Mixed,True
17,18,12,5,0.7614590539052275,0.5450377568149288,Ambiguous/Mixed,Plasma_XBP1,False
17,18,12,6,0.2484747690087729,2.784827943528372,Ambiguous/Mixed,Ambiguous/Mixed,True
17,18,12,7,0.8186419800531337,0.40021686699219755,Ambiguous/Mixed,Ambiguous/Mixed,True
17,18,12,8,0.8005797043987668,0.44483836646733577,Ambiguous/Mixed,Tumor/Epithelials,False
17,18,12,9,0.6902547106872854,0.7413892071696467,Ambiguous/Mixed,Ambiguous/Mixed,True
17,18,12,10,0.7964379057869504,0.45521222301440467,Ambiguous/Mixed,Ambiguous/Mixed,True
17,18,12,11,0.8142172318320497,0.4110561580208086,Ambiguous/Mixed,Ambiguous/Mixed,True
17,18,12,12,0.806452463555706,0.43022064961685286,Ambiguous/Mixed,Ambiguous/Mixed,True
17,18,12,13,0.7666822469565894,0.5313656876444132,Ambiguous/Mixed,Ambiguous/Mixed,True
17,18,12,14,0.8052175931919803,0.4332854719735325,Ambiguous/Mixed,Ambiguous/Mixed,True
17,18,12,15,0.8012828756443737,0.4430824822871734,Ambiguous/Mixed,Ambiguous/Mixed,True
17,18,12,16,0.9963630354942185,0.007287188682109822,Ambiguous/Mixed,Ambiguous/Mixed,True
17,18,12,17,0.797469273362383,0.45262394752918605,Ambiguous/Mixed,Ambiguous/Mixed,True
17,18,12,18,0.7917859030258174,0.46692849634861294,Ambiguous/Mixed,Ambiguous/Mixed,True
17,18,13,1,0.735989150913618,0.6130798019368037,Ambiguous/Mixed,Ambiguous/Mixed,True
17,18,13,2,0.1493925776782823,3.8023553767716263,Ambiguous/Mixed,Tumor/Epithelials,False
17,18,13,3,0.0877994718710668,4.865399586990141,Ambiguous/Mixed,Tumor/Epithelials,False
17,18,13,4,0.986393797538639,0.027399230259263746,Ambiguous/Mixed,Ambiguous/Mixed,True
17,18,13,5,0.9781417161959551,0.04420143071811805,Ambiguous/Mixed,Plasma_XBP1,False
17,18,13,6,0.31767620951806547,2.29344524798328,Ambiguous/Mixed,Ambiguous/Mixed,True
17,18,13,7,0.9859333860465588,0.028332972904550766,Ambiguous/Mixed,Ambiguous/Mixed,True
17,18,13,8,0.9695660775235033,0.06181330066321132,Ambiguous/Mixed,Tumor/Epithelials,False
17,18,13,9,0.9871885706645924,0.02578840685159346,Ambiguous/Mixed,Ambiguous/Mixed,True
17,18,13,10,0.994952361698582,0.010120841319169582,Ambiguous/Mixed,Ambiguous/Mixed,True
17,18,13,11,0.9911124030875467,0.017854654362965603,Ambiguous/Mixed,Ambiguous/Mixed,True
17,18,13,12,0.9961408208322362,0.00773329002780704,Ambiguous/Mixed,Ambiguous/Mixed,True
17,18,13,13,0.9995864369704043,0.0008272971407411302,Ambiguous/Mixed,Ambiguous/Mixed,True
17,18,13,14,0.9907242989114401,0.018637976582553773,Ambiguous/Mixed,Ambiguous/Mixed,True
17,18,13,15,0.9959365394880056,0.008143477601875455,Ambiguous/Mixed,Ambiguous/Mixed,True
17,18,13,16,0.7576196179896254,0.555147685055736,Ambiguous/Mixed,Ambiguous/Mixed,True
17,18,13,17,0.9970907981726935,0.005826883560383152,Ambiguous/Mixed,Ambiguous/Mixed,True
17,18,13,18,0.9964705765426821,0.007071333132667951,Ambiguous/Mixed,Ambiguous/Mixed,True
17,18,14,1,0.7835050947148414,0.4879554293988562,Ambiguous/Mixed,Ambiguous/Mixed,True
17,18,14,2,0.1677880955582225,3.570106863391188,Ambiguous/Mixed,Tumor/Epithelials,False
17,18,14,3,0.11352569450059745,4.351452168832657,Ambiguous/Mixed,Tumor/Epithelials,False
17,18,14,4,0.9782088232620447,0.04406422204357333,Ambiguous/Mixed,Ambiguous/Mixed,True
17,18,14,5,0.9633832067233251,0.07460803239752756,Ambiguous/Mixed,Plasma_XBP1,False
17,18,14,6,0.3661075676939423,2.009656175916061,Ambiguous/Mixed,Ambiguous/Mixed,True
17,18,14,7,0.9822372109663396,0.03584488153899337,Ambiguous/Mixed,Ambiguous/Mixed,True
17,18,14,8,0.9731675273712288,0.05439807098018361,Ambiguous/Mixed,Tumor/Epithelials,False
17,18,14,9,0.9819328321098932,0.03646474408084588,Ambiguous/Mixed,Ambiguous/Mixed,True
17,18,14,10,0.9834240501239446,0.033429736416439634,Ambiguous/Mixed,Ambiguous/Mixed,True
17,18,14,11,0.9839595901684305,0.03234089935030701,Ambiguous/Mixed,Ambiguous/Mixed,True
17,18,14,12,0.986306081621074,0.02757708988920412,Ambiguous/Mixed,Ambiguous/Mixed,True
17,18,14,13,0.9881378378846655,0.02386615787230735,Ambiguous/Mixed,Ambiguous/Mixed,True
17,18,14,14,0.9972737507484478,0.00545994447421371,Ambiguous/Mixed,Ambiguous/Mixed,True
17,18,14,15,0.9918809544916503,0.01630436890255727,Ambiguous/Mixed,Ambiguous/Mixed,True
17,18,14,16,0.8140015628190538,0.4115859861126247,Ambiguous/Mixed,Ambiguous/Mixed,True
17,18,14,17,0.9885523167973191,0.02302742466417869,Ambiguous/Mixed,Ambiguous/Mixed,True
17,18,14,18,0.9863561027917908,0.027475661127356027,Ambiguous/Mixed,Ambiguous/Mixed,True
17,18,15,1,0.7773710164836811,0.503675087777432,Ambiguous/Mixed,Ambiguous/Mixed,True
17,18,15,2,0.1421443702979353,3.9018240912468216,Ambiguous/Mixed,Tumor/Epithelials,False
17,18,15,3,0.08783969872164724,4.864483462161083,Ambiguous/Mixed,Tumor/Epithelials,False
17,18,15,4,0.9834515537383592,0.033373802804039385,Ambiguous/Mixed,Ambiguous/Mixed,True
17,18,15,5,0.9842381722310519,0.03177473253556126,Ambiguous/Mixed,Plasma_XBP1,False
17,18,15,6,0.2944168854886144,2.4455170763445446,Ambiguous/Mixed,Ambiguous/Mixed,True
17,18,15,7,0.9899800878997022,0.020140898576798502,Ambiguous/Mixed,Ambiguous/Mixed,True
17,18,15,8,0.9770443856966152,0.046446394741735536,Ambiguous/Mixed,Tumor/Epithelials,False
17,18,15,9,0.9712395380018817,0.05836429808465824,Ambiguous/Mixed,Ambiguous/Mixed,True
17,18,15,10,0.9991497622261569,0.0017011988619799684,Ambiguous/Mixed,Ambiguous/Mixed,True
17,18,15,11,0.9959319401924763,0.008152713744876448,Ambiguous/Mixed,Ambiguous/Mixed,True
17,18,15,12,0.9970648138182934,0.005879004576908395,Ambiguous/Mixed,Ambiguous/Mixed,True
17,18,15,13,0.9974852985800446,0.005035737184694562,Ambiguous/Mixed,Ambiguous/Mixed,True
17,18,15,14,0.9905704078870754,0.018948664385122875,Ambiguous/Mixed,Ambiguous/Mixed,True
17,18,15,15,0.9987284902466634,0.0025446376154988517,Ambiguous/Mixed,Ambiguous/Mixed,True
17,18,15,16,0.802084466446041,0.441082713806406,Ambiguous/Mixed,Ambiguous/Mixed,True
17,18,15,17,0.9992989231492159,0.0014026454401635346,Ambiguous/Mixed,Ambiguous/Mixed,True
17,18,15,18,0.9998160566825885,0.00036792047411655774,Ambiguous/Mixed,Ambiguous/Mixed,True
17,18,16,1,0.7308631126139579,0.6270581944276143,Ambiguous/Mixed,Ambiguous/Mixed,True
17,18,16,2,0.16085032223743642,3.654562043915762,Ambiguous/Mixed,Tumor/Epithelials,False
17,18,16,3,0.09540554939017575,4.699237065022694,Ambiguous/Mixed,Tumor/Epithelials,False
17,18,16,4,0.9802841175954867,0.03982566684251034,Ambiguous/Mixed,Ambiguous/Mixed,True
17,18,16,5,0.981794865420101,0.036745774266839254,Ambiguous/Mixed,Plasma_XBP1,False
17,18,16,6,0.3232740976240513,2.258509432322325,Ambiguous/Mixed,Ambiguous/Mixed,True
17,18,16,7,0.9896550791499042,0.020797602919351437,Ambiguous/Mixed,Ambiguous/Mixed,True
17,18,16,8,0.9828320107099244,0.034634135871230334,Ambiguous/Mixed,Tumor/Epithelials,False
17,18,16,9,0.9772416625656208,0.04604261174415208,Ambiguous/Mixed,Ambiguous/Mixed,True
17,18,16,10,0.995829222203764,0.008358999499900998,Ambiguous/Mixed,Ambiguous/Mixed,True
17,18,16,11,0.9952025974225714,0.009617894100589816,Ambiguous/Mixed,Ambiguous/Mixed,True
17,18,16,12,0.9945238618974303,0.010982374224555724,Ambiguous/Mixed,Ambiguous/Mixed,True
17,18,16,13,0.9970603555407269,0.005887947400829506,Ambiguous/Mixed,Ambiguous/Mixed,True
17,18,16,14,0.991335910999693,0.017403680864176194,Ambiguous/Mixed,Ambiguous/Mixed,True
17,18,16,15,0.9975423044467804,0.004921441288908818,Ambiguous/Mixed,Ambiguous/Mixed,True
17,18,16,16,0.75660786542909,0.5578203421622219,Ambiguous/Mixed,Ambiguous/Mixed,True
17,18,16,17,0.9980444753099147,0.003914878449691909,Ambiguous/Mixed,Ambiguous/Mixed,True
17,18,16,18,0.9982893879754349,0.00342415358397062,Ambiguous/Mixed,Ambiguous/Mixed,True
17,18,17,1,0.779755461109042,0.4975498397042726,Ambiguous/Mixed,Ambiguous/Mixed,True
17,18,17,2,0.15130755647339056,3.776881431581233,Ambiguous/Mixed,Tumor/Epithelials,False
17,18,17,3,0.09373894474639949,4.7344830875802355,Ambiguous/Mixed,Tumor/Epithelials,False
17,18,17,4,0.9840747726283126,0.03210679274690413,Ambiguous/Mixed,Ambiguous/Mixed,True
17,18,17,5,0.9812222602025107,0.03791256028486563,Ambiguous/Mixed,Plasma_XBP1,False
17,18,17,6,0.3072614819512065,2.360112322346705,Ambiguous/Mixed,Ambiguous/Mixed,True
17,18,17,7,0.9912528096337396,0.017571343204099962,Ambiguous/Mixed,Ambiguous/Mixed,True
17,18,17,8,0.9815373239107924,0.03727047714123876,Ambiguous/Mixed,Tumor/Epithelials,False
17,18,17,9,0.9742926444547134,0.05208712829711017,Ambiguous/Mixed,Ambiguous/Mixed,True
17,18,17,10,0.9969006946186342,0.006208236350147003,Ambiguous/Mixed,Ambiguous/Mixed,True
17,18,17,11,0.9953412381840578,0.009339295339325562,Ambiguous/Mixed,Ambiguous/Mixed,True
17,18,17,12,0.995806520636391,0.008404593313841448,Ambiguous/Mixed,Ambiguous/Mixed,True
17,18,17,13,0.9969073378410545,0.006194908642941286,Ambiguous/Mixed,Ambiguous/Mixed,True
17,18,17,14,0.9921805261679547,0.01570041245967248,Ambiguous/Mixed,Ambiguous/Mixed,True
17,18,17,15,0.9986927848530907,0.0026161405959100642,Ambiguous/Mixed,Ambiguous/Mixed,True
17,18,17,16,0.8052529996145174,0.43319753141081513,Ambiguous/Mixed,Ambiguous/Mixed,True
17,18,17,17,0.9993205551345655,0.0013593515854091244,Ambiguous/Mixed,Ambiguous/Mixed,True
17,18,17,18,0.9988654135271152,0.002270461206755157,Ambiguous/Mixed,Ambiguous/Mixed,True
18,19,1,1,0.05468129280114694,5.812467248742012,Ambiguous/Mixed,Tumor/Epithelials,False
18,19,1,2,0.044101438023191754,6.242525777650666,Ambiguous/Mixed,Tumor/Epithelials,False
18,19,1,3,0.8261686866751002,0.38191261031032986,Ambiguous/Mixed,Ambiguous/Mixed,True
18,19,1,4,0.8543497908346355,0.3148291558237228,Ambiguous/Mixed,Ambiguous/Mixed,True
18,19,1,5,0.7983248368020739,0.45047940139703424,Ambiguous/Mixed,Ambiguous/Mixed,True
18,19,1,6,0.16030235995711067,3.661386994694095,Ambiguous/Mixed,Ambiguous/Mixed,True
18,19,1,7,0.7642080582225258,0.5378303987472576,Ambiguous/Mixed,Ambiguous/Mixed,True
18,19,1,8,0.7881706967125741,0.4760811847788047,Ambiguous/Mixed,Ambiguous/Mixed,True
18,19,1,9,0.6864794744312219,0.7523579061662262,Ambiguous/Mixed,Ambiguous/Mixed,True
18,19,1,10,0.7780360685728767,0.5019647904896977,Ambiguous/Mixed,Ambiguous/Mixed,True
18,19,1,11,0.7273381656794725,0.6367275147140403,Ambiguous/Mixed,Ambiguous/Mixed,True
18,19,1,12,0.7892516470885206,0.4733401292855964,Ambiguous/Mixed,Ambiguous/Mixed,True
18,19,1,13,0.7773863242701016,0.5036357046891013,Ambiguous/Mixed,Ambiguous/Mixed,True
18,19,1,14,0.7721888177382212,0.517052352600674,Ambiguous/Mixed,Ambiguous/Mixed,True
18,19,1,15,0.7785668278597774,0.5006008991370959,Ambiguous/Mixed,Ambiguous/Mixed,True
18,19,1,16,0.7231657933739939,0.6482335400157548,Ambiguous/Mixed,Ambiguous/Mixed,True
18,19,1,17,0.7611177284217444,0.5459344616462719,Ambiguous/Mixed,Ambiguous/Mixed,True
18,19,1,18,0.7841986837350334,0.4861857352130533,Ambiguous/Mixed,Ambiguous/Mixed,True
18,19,1,19,0.7757438932637,0.5078656954525386,Ambiguous/Mixed,Ambiguous/Mixed,True
18,19,2,1,0.9996743907484213,0.0006513245475620651,Tumor/Epithelials,Tumor/Epithelials,True
18,19,2,2,0.22355989693479097,2.996151811197715,Tumor/Epithelials,Tumor/Epithelials,True
18,19,2,3,0.10088519468259892,4.587544189939272,Tumor/Epithelials,Ambiguous/Mixed,False
18,19,2,4,0.10753352866740572,4.4599051709258095,Tumor/Epithelials,Ambiguous/Mixed,False
18,19,2,5,0.15175292426625583,3.771003157879715,Tumor/Epithelials,Ambiguous/Mixed,False
18,19,2,6,0.24814817844340245,2.787458435044126,Tumor/Epithelials,Ambiguous/Mixed,False
18,19,2,7,0.10029104177693722,4.59935780458154,Tumor/Epithelials,Ambiguous/Mixed,False
18,19,2,8,0.17798329217542666,3.4521311945571327,Tumor/Epithelials,Ambiguous/Mixed,False
18,19,2,9,0.1807458267632345,3.4213270133132814,Tumor/Epithelials,Ambiguous/Mixed,False
18,19,2,10,0.16488642990772512,3.6049966913215408,Tumor/Epithelials,Ambiguous/Mixed,False
18,19,2,11,0.15326799736371435,3.75113454624993,Tumor/Epithelials,Ambiguous/Mixed,False
18,19,2,12,0.14045438320021564,3.9257450353162993,Tumor/Epithelials,Ambiguous/Mixed,False
18,19,2,13,0.13711427702834836,3.9738811239229292,Tumor/Epithelials,Ambiguous/Mixed,False
18,19,2,14,0.16915076629741013,3.5539297069648814,Tumor/Epithelials,Ambiguous/Mixed,False
18,19,2,15,0.14251402695971968,3.8966296986255378,Tumor/Epithelials,Ambiguous/Mixed,False
18,19,2,16,0.14427858174950625,3.8720185056865613,Tumor/Epithelials,Ambiguous/Mixed,False
18,19,2,17,0.16379656591691877,3.6182601457622297,Tumor/Epithelials,Ambiguous/Mixed,False
18,19,2,18,0.14824913460303746,3.817722157075227,Tumor/Epithelials,Ambiguous/Mixed,False
18,19,2,19,0.14663635329971805,3.839599088293989,Tumor/Epithelials,Ambiguous/Mixed,False
18,19,3,1,0.3295883240250505,2.219821812511136,Tumor/Epithelials,Tumor/Epithelials,True
18,19,3,2,0.6912497509538399,0.7385081728588667,Tumor/Epithelials,Tumor/Epithelials,True
18,19,3,3,0.06455907041353688,5.480349307846205,Tumor/Epithelials,Ambiguous/Mixed,False
18,19,3,4,0.07254975316417862,5.246965403886686,Tumor/Epithelials,Ambiguous/Mixed,False
18,19,3,5,0.09383122205947922,4.732515241155708,Tumor/Epithelials,Ambiguous/Mixed,False
18,19,3,6,0.21411638059516838,3.0824711544556886,Tumor/Epithelials,Ambiguous/Mixed,False
18,19,3,7,0.10478835525076394,4.5116252545764866,Tumor/Epithelials,Ambiguous/Mixed,False
18,19,3,8,0.1154414325224925,4.31798391071003,Tumor/Epithelials,Ambiguous/Mixed,False
18,19,3,9,0.10443943765631981,4.518295839072891,Tumor/Epithelials,Ambiguous/Mixed,False
18,19,3,10,0.10365063911633578,4.533458548037352,Tumor/Epithelials,Ambiguous/Mixed,False
18,19,3,11,0.08994199652696076,4.817180598908211,Tumor/Epithelials,Ambiguous/Mixed,False
18,19,3,12,0.08605856245622079,4.905454511365205,Tumor/Epithelials,Ambiguous/Mixed,False
18,19,3,13,0.0849602374800081,4.931143852589159,Tumor/Epithelials,Ambiguous/Mixed,False
18,19,3,14,0.1107464664946841,4.4010235516114955,Tumor/Epithelials,Ambiguous/Mixed,False
18,19,3,15,0.0873554908615726,4.875538767826449,Tumor/Epithelials,Ambiguous/Mixed,False
18,19,3,16,0.08456099656655156,4.940564304341748,Tumor/Epithelials,Ambiguous/Mixed,False
18,19,3,17,0.09890020589086404,4.627287917094207,Tumor/Epithelials,Ambiguous/Mixed,False
18,19,3,18,0.09367825132418549,4.735778452693111,Tumor/Epithelials,Ambiguous/Mixed,False
18,19,3,19,0.08995774821249766,4.816830366380644,Tumor/Epithelials,Ambiguous/Mixed,False
18,19,4,1,0.1471758945293602,3.8322536921765042,Ambiguous/Mixed,Tumor/Epithelials,False
18,19,4,2,0.06126502293858378,5.585092374330001,Ambiguous/Mixed,Tumor/Epithelials,False
18,19,4,3,0.9594746868149833,0.0827386910477628,Ambiguous/Mixed,Ambiguous/Mixed,True
18,19,4,4,0.9769071163287608,0.04672740349336115,Ambiguous/Mixed,Ambiguous/Mixed,True
18,19,4,5,0.9985901361594376,0.0028217172674241146,Ambiguous/Mixed,Ambiguous/Mixed,True
18,19,4,6,0.3292437934149917,2.2219135784244526,Ambiguous/Mixed,Ambiguous/Mixed,True
18,19,4,7,0.6171952114333462,0.9651398341127368,Ambiguous/Mixed,Ambiguous/Mixed,True
18,19,4,8,0.9694607434918924,0.06203059323611031,Ambiguous/Mixed,Ambiguous/Mixed,True
18,19,4,9,0.974074452022157,0.05253507762629561,Ambiguous/Mixed,Ambiguous/Mixed,True
18,19,4,10,0.9757638645571415,0.04906932778770717,Ambiguous/Mixed,Ambiguous/Mixed,True
18,19,4,11,0.9858031845909936,0.028597108505002397,Ambiguous/Mixed,Ambiguous/Mixed,True
18,19,4,12,0.9941137941904603,0.011807195602199071,Ambiguous/Mixed,Ambiguous/Mixed,True
18,19,4,13,0.9832629390611884,0.0337574165485655,Ambiguous/Mixed,Ambiguous/Mixed,True
18,19,4,14,0.9791158861812013,0.042210542927965486,Ambiguous/Mixed,Ambiguous/Mixed,True
18,19,4,15,0.9843439089045378,0.03155988414371445,Ambiguous/Mixed,Ambiguous/Mixed,True
18,19,4,16,0.9806924747064926,0.038992700006472245,Ambiguous/Mixed,Ambiguous/Mixed,True
18,19,4,17,0.9807196712413561,0.03893723683434629,Ambiguous/Mixed,Ambiguous/Mixed,True
18,19,4,18,0.9839709874772282,0.03231773327132568,Ambiguous/Mixed,Ambiguous/Mixed,True
18,19,4,19,0.9844411546589827,0.03136230898668236,Ambiguous/Mixed,Ambiguous/Mixed,True
18,19,5,1,0.14796465393946848,3.821563716949022,Plasma_XBP1,Tumor/Epithelials,False
18,19,5,2,0.07008567082222736,5.316073832721691,Plasma_XBP1,Tumor/Epithelials,False
18,19,5,3,0.9463426150809013,0.11030120621777748,Plasma_XBP1,Ambiguous/Mixed,False
18,19,5,4,0.9565188651446053,0.08890953439379362,Plasma_XBP1,Ambiguous/Mixed,False
18,19,5,5,0.9726742927702173,0.05541199638042921,Plasma_XBP1,Ambiguous/Mixed,False
18,19,5,6,0.2766491192083628,2.570010586838222,Plasma_XBP1,Ambiguous/Mixed,False
18,19,5,7,0.6241470627555649,0.9427385217747893,Plasma_XBP1,Ambiguous/Mixed,False
18,19,5,8,0.9712641260505723,0.05831366641966429,Plasma_XBP1,Ambiguous/Mixed,False
18,19,5,9,0.9645422926873758,0.07220319651760099,Plasma_XBP1,Ambiguous/Mixed,False
18,19,5,10,0.9786127616089922,0.04323851906521699,Plasma_XBP1,Ambiguous/Mixed,False
18,19,5,11,0.976301675711384,0.04796729272432291,Plasma_XBP1,Ambiguous/Mixed,False
18,19,5,12,0.9800262191511647,0.04035190687905047,Plasma_XBP1,Ambiguous/Mixed,False
18,19,5,13,0.9873371966721559,0.025487319855813872,Plasma_XBP1,Ambiguous/Mixed,False
18,19,5,14,0.9705388217735195,0.059807750691390535,Plasma_XBP1,Ambiguous/Mixed,False
18,19,5,15,0.9844829524627577,0.03127739397420419,Plasma_XBP1,Ambiguous/Mixed,False
18,19,5,16,0.9854974093938564,0.02921756223087756,Plasma_XBP1,Ambiguous/Mixed,False
18,19,5,17,0.9813258299584684,0.03770146786563146,Plasma_XBP1,Ambiguous/Mixed,False
18,19,5,18,0.9798248837679358,0.04076282663440816,Plasma_XBP1,Ambiguous/Mixed,False
18,19,5,19,0.9813916691819424,0.03756728814078031,Plasma_XBP1,Ambiguous/Mixed,False
18,19,6,1,0.2487398724798377,2.7826952348423033,Ambiguous/Mixed,Tumor/Epithelials,False
18,19,6,2,0.12305326558326377,4.190275927655729,Ambiguous/Mixed,Tumor/Epithelials,False
18,19,6,3,0.2347630268524811,2.89835733996816,Ambiguous/Mixed,Ambiguous/Mixed,True
18,19,6,4,0.2665379495141331,2.6444772916726236,Ambiguous/Mixed,Ambiguous/Mixed,True
18,19,6,5,0.33197401147630656,2.205397183630817,Ambiguous/Mixed,Ambiguous/Mixed,True
18,19,6,6,0.9999796235960581,4.075322308740449e-05,Ambiguous/Mixed,Ambiguous/Mixed,True
18,19,6,7,0.25593379015075013,2.7256730003545764,Ambiguous/Mixed,Ambiguous/Mixed,True
18,19,6,8,0.35839756711105075,2.052224772198029,Ambiguous/Mixed,Ambiguous/Mixed,True
18,19,6,9,0.38059664562724077,1.9320302750795926,Ambiguous/Mixed,Ambiguous/Mixed,True
18,19,6,10,0.3249835418661969,2.247961476692741,Ambiguous/Mixed,Ambiguous/Mixed,True
18,19,6,11,0.3200828729060175,2.27835067777206,Ambiguous/Mixed,Ambiguous/Mixed,True
18,19,6,12,0.3072581573294277,2.3601339628057976,Ambiguous/Mixed,Ambiguous/Mixed,True
18,19,6,13,0.2842814535165932,2.5155809961226043,Ambiguous/Mixed,Ambiguous/Mixed,True
18,19,6,14,0.34305027555213186,2.139756533207331,Ambiguous/Mixed,Ambiguous/Mixed,True
18,19,6,15,0.29209844098308835,2.46132881374773,Ambiguous/Mixed,Ambiguous/Mixed,True
18,19,6,16,0.3015676175154305,2.3975220351869315,Ambiguous/Mixed,Ambiguous/Mixed,True
18,19,6,17,0.32143555713124966,2.2699163995558562,Ambiguous/Mixed,Ambiguous/Mixed,True
18,19,6,18,0.31073707210271656,2.337616303401173,Ambiguous/Mixed,Ambiguous/Mixed,True
18,19,6,19,0.30181671215229716,2.3958707185134958,Ambiguous/Mixed,Ambiguous/Mixed,True
18,19,7,1,0.17570455567242987,3.4779027108522795,Ambiguous/Mixed,Tumor/Epithelials,False
18,19,7,2,0.0889762748121338,4.838771039864062,Ambiguous/Mixed,Tumor/Epithelials,False
18,19,7,3,0.9643301522904039,0.07264312275197615,Ambiguous/Mixed,Ambiguous/Mixed,True
18,19,7,4,0.9755004058853048,0.04960940567962256,Ambiguous/Mixed,Ambiguous/Mixed,True
18,19,7,5,0.9745835971490221,0.05148995811203791,Ambiguous/Mixed,Ambiguous/Mixed,True
18,19,7,6,0.3394182431787587,2.1610443527265484,Ambiguous/Mixed,Ambiguous/Mixed,True
18,19,7,7,0.6333223557990253,0.9135514711896793,Ambiguous/Mixed,Ambiguous/Mixed,True
18,19,7,8,0.9988463954565754,0.002308540914658732,Ambiguous/Mixed,Ambiguous/Mixed,True
18,19,7,9,0.9770037765675963,0.046529522946677435,Ambiguous/Mixed,Ambiguous/Mixed,True
18,19,7,10,0.9972064406679718,0.005594937202226268,Ambiguous/Mixed,Ambiguous/Mixed,True
18,19,7,11,0.9853529512850597,0.029510751631630926,Ambiguous/Mixed,Ambiguous/Mixed,True
18,19,7,12,0.985333269961387,0.02955069979478572,Ambiguous/Mixed,Ambiguous/Mixed,True
18,19,7,13,0.9886948674538872,0.02273904259854633,Ambiguous/Mixed,Ambiguous/Mixed,True
18,19,7,14,0.9865550294439136,0.02707234513496954,Ambiguous/Mixed,Ambiguous/Mixed,True
18,19,7,15,0.9903886476566565,0.01931567899942361,Ambiguous/Mixed,Ambiguous/Mixed,True
18,19,7,16,0.988345988344112,0.02344490381000987,Ambiguous/Mixed,Ambiguous/Mixed,True
18,19,7,17,0.9924049381253665,0.015248102468682698,Ambiguous/Mixed,Ambiguous/Mixed,True
18,19,7,18,0.9898804887081256,0.020342123234408042,Ambiguous/Mixed,Ambiguous/Mixed,True
18,19,7,19,0.9904595563011764,0.019172490552356133,Ambiguous/Mixed,Ambiguous/Mixed,True
18,19,8,1,0.20654467366931503,3.1544771051938714,Tumor/Epithelials,Tumor/Epithelials,True
18,19,8,2,0.10632483626447255,4.482512755593716,Tumor/Epithelials,Tumor/Epithelials,True
18,19,8,3,0.9485879238320595,0.10556159227235476,Tumor/Epithelials,Ambiguous/Mixed,False
18,19,8,4,0.9550342383798436,0.09201617487484282,Tumor/Epithelials,Ambiguous/Mixed,False
18,19,8,5,0.9598354896231811,0.08198674836152664,Tumor/Epithelials,Ambiguous/Mixed,False
18,19,8,6,0.4100792841013073,1.7828095242432749,Tumor/Epithelials,Ambiguous/Mixed,False
18,19,8,7,0.6446897099447584,0.8779722955813573,Tumor/Epithelials,Ambiguous/Mixed,False
18,19,8,8,0.9801855427586282,0.04002679178503818,Tumor/Epithelials,Ambiguous/Mixed,False
18,19,8,9,0.9629038022948685,0.07560353189705189,Tumor/Epithelials,Ambiguous/Mixed,False
18,19,8,10,0.9824962594595962,0.035317484823546796,Tumor/Epithelials,Ambiguous/Mixed,False
18,19,8,11,0.9669344175912996,0.06724921262690214,Tumor/Epithelials,Ambiguous/Mixed,False
18,19,8,12,0.9690693534154208,0.06283819500079625,Tumor/Epithelials,Ambiguous/Mixed,False
18,19,8,13,0.9725564811470756,0.05565425375136006,Tumor/Epithelials,Ambiguous/Mixed,False
18,19,8,14,0.9760248422285842,0.04853447957982337,Tumor/Epithelials,Ambiguous/Mixed,False
18,19,8,15,0.9746367425476791,0.051380898304713374,Tumor/Epithelials,Ambiguous/Mixed,False
18,19,8,16,0.9728418590803758,0.055067478427363856,Tumor/Epithelials,Ambiguous/Mixed,False
18,19,8,17,0.9835290631261377,0.03321618175347269,Tumor/Epithelials,Ambiguous/Mixed,False
18,19,8,18,0.9771930782650501,0.046142045712584526,Tumor/Epithelials,Ambiguous/Mixed,False
18,19,8,19,0.978410640871905,0.04365163775873834,Tumor/Epithelials,Ambiguous/Mixed,False
18,19,9,1,0.18409823845070283,3.384571518452259,Ambiguous/Mixed,Tumor/Epithelials,False
18,19,9,2,0.07516819991197059,5.17605402194718,Ambiguous/Mixed,Tumor/Epithelials,False
18,19,9,3,0.9388534968357111,0.1261916647111555,Ambiguous/Mixed,Ambiguous/Mixed,True
18,19,9,4,0.957036535179933,0.08782742295271677,Ambiguous/Mixed,Ambiguous/Mixed,True
18,19,9,5,0.9705974126513524,0.05968701547082924,Ambiguous/Mixed,Ambiguous/Mixed,True
18,19,9,6,0.3844571978441633,1.9118456304674676,Ambiguous/Mixed,Ambiguous/Mixed,True
18,19,9,7,0.4926409596576695,1.415949293636192,Ambiguous/Mixed,Ambiguous/Mixed,True
18,19,9,8,0.9681150668199161,0.06480865617677628,Ambiguous/Mixed,Ambiguous/Mixed,True
18,19,9,9,0.9970272839714491,0.005954286650169284,Ambiguous/Mixed,Ambiguous/Mixed,True
18,19,9,10,0.9707113211380379,0.05945231094427214,Ambiguous/Mixed,Ambiguous/Mixed,True
18,19,9,11,0.9903340488361453,0.01942593940209706,Ambiguous/Mixed,Ambiguous/Mixed,True
18,19,9,12,0.9749463249274327,0.0507457217123014,Ambiguous/Mixed,Ambiguous/Mixed,True
18,19,9,13,0.9698428122469197,0.06124253969216673,Ambiguous/Mixed,Ambiguous/Mixed,True
18,19,9,14,0.9818825739803032,0.03656711241840975,Ambiguous/Mixed,Ambiguous/Mixed,True
18,19,9,15,0.9721777540968106,0.056433233312040844,Ambiguous/Mixed,Ambiguous/Mixed,True
18,19,9,16,0.9749174285415183,0.050805000491888214,Ambiguous/Mixed,Ambiguous/Mixed,True
18,19,9,17,0.975864877645403,0.04886229437778176,Ambiguous/Mixed,Ambiguous/Mixed,True
18,19,9,18,0.9751940267734135,0.05023765192727934,Ambiguous/Mixed,Ambiguous/Mixed,True
18,19,9,19,0.9744515671967054,0.05176092285384222,Ambiguous/Mixed,Ambiguous/Mixed,True
18,19,10,1,0.13487105350737427,4.006872232407154,Ambiguous/Mixed,Tumor/Epithelials,False
18,19,10,2,0.0631680644483783,5.5239128298044555,Ambiguous/Mixed,Tumor/Epithelials,False
18,19,10,3,0.9814479831157326,0.03745252800998794,Ambiguous/Mixed,Ambiguous/Mixed,True
18,19,10,4,0.9893102198238257,0.02149465269530902,Ambiguous/Mixed,Ambiguous/Mixed,True
18,19,10,5,0.9858874112677377,0.028426236509219112,Ambiguous/Mixed,Ambiguous/Mixed,True
18,19,10,6,0.28285088041419254,2.5256708890875723,Ambiguous/Mixed,Ambiguous/Mixed,True
18,19,10,7,0.6360005343414887,0.9051117509655888,Ambiguous/Mixed,Ambiguous/Mixed,True
18,19,10,8,0.9881072357560413,0.0239280978189967,Ambiguous/Mixed,Ambiguous/Mixed,True
18,19,10,9,0.9792182889908048,0.042001379832115826,Ambiguous/Mixed,Ambiguous/Mixed,True
18,19,10,10,0.9949002856430599,0.010225524559114213,Ambiguous/Mixed,Ambiguous/Mixed,True
18,19,10,11,0.9928104298328798,0.01443107934928298,Ambiguous/Mixed,Ambiguous/Mixed,True
18,19,10,12,0.996551043413378,0.0069098358966444865,Ambiguous/Mixed,Ambiguous/Mixed,True
18,19,10,13,0.9997128348508508,0.0005744127779117119,Ambiguous/Mixed,Ambiguous/Mixed,True
18,19,10,14,0.9889648448079901,0.022192988382836665,Ambiguous/Mixed,Ambiguous/Mixed,True
18,19,10,15,0.99953050311692,0.0009392142625006704,Ambiguous/Mixed,Ambiguous/Mixed,True
18,19,10,16,0.9985314865487218,0.0029391855479048573,Ambiguous/Mixed,Ambiguous/Mixed,True
18,19,10,17,0.996359547565715,0.007294190014925719,Ambiguous/Mixed,Ambiguous/Mixed,True
18,19,10,18,0.9975525571955357,0.004900885376601143,Ambiguous/Mixed,Ambiguous/Mixed,True
18,19,10,19,0.9978737841128102,0.004256958986737374,Ambiguous/Mixed,Ambiguous/Mixed,True
18,19,11,1,0.16123295273666347,3.649810096715007,Ambiguous/Mixed,Tumor/Epithelials,False
18,19,11,2,0.0788310635560032,5.080896304468398,Ambiguous/Mixed,Tumor/Epithelials,False
18,19,11,3,0.9722314269436059,0.056322818596183426,Ambiguous/Mixed,Ambiguous/Mixed,True
18,19,11,4,0.982573462008585,0.035160335083392454,Ambiguous/Mixed,Ambiguous/Mixed,True
18,19,11,5,0.9802890137489272,0.039815677613621814,Ambiguous/Mixed,Ambiguous/Mixed,True
18,19,11,6,0.3248827772165143,2.248581694405407,Ambiguous/Mixed,Ambiguous/Mixed,True
18,19,11,7,0.6482223822940446,0.8670429179019749,Ambiguous/Mixed,Ambiguous/Mixed,True
18,19,11,8,0.9961871157618128,0.007640343623282711,Ambiguous/Mixed,Ambiguous/Mixed,True
18,19,11,9,0.9796111993617601,0.04119904276590143,Ambiguous/Mixed,Ambiguous/Mixed,True
18,19,11,10,0.999880194682471,0.0002396249895186656,Ambiguous/Mixed,Ambiguous/Mixed,True
18,19,11,11,0.9889320538362909,0.022259303207890796,Ambiguous/Mixed,Ambiguous/Mixed,True
18,19,11,12,0.9910567198553115,0.017967022639931197,Ambiguous/Mixed,Ambiguous/Mixed,True
18,19,11,13,0.9949220042538574,0.010181865161169673,Ambiguous/Mixed,Ambiguous/Mixed,True
18,19,11,14,0.9886301384147016,0.022869985238763005,Ambiguous/Mixed,Ambiguous/Mixed,True
18,19,11,15,0.9959016774173187,0.008213487445836923,Ambiguous/Mixed,Ambiguous/Mixed,True
18,19,11,16,0.9938138586807694,0.01241070954101601,Ambiguous/Mixed,Ambiguous/Mixed,True
18,19,11,17,0.9968592012016588,0.006291482917736813,Ambiguous/Mixed,Ambiguous/Mixed,True
18,19,11,18,0.9947829253358351,0.010461462233439925,Ambiguous/Mixed,Ambiguous/Mixed,True
18,19,11,19,0.9949549277888984,0.01011568310837259,Ambiguous/Mixed,Ambiguous/Mixed,True
18,19,12,1,0.14435207325783164,3.8710000205237605,Ambiguous/Mixed,Tumor/Epithelials,False
18,19,12,2,0.06433182120686576,5.487401767156177,Ambiguous/Mixed,Tumor/Epithelials,False
18,19,12,3,0.9758192551467112,0.04895579823516013,Ambiguous/Mixed,Ambiguous/Mixed,True
18,19,12,4,0.98852091435661,0.02309095785094587,Ambiguous/Mixed,Ambiguous/Mixed,True
18,19,12,5,0.9948676285925042,0.010291174528288979,Ambiguous/Mixed,Ambiguous/Mixed,True
18,19,12,6,0.31027041313806963,2.340622122580981,Ambiguous/Mixed,Ambiguous/Mixed,True
18,19,12,7,0.6302167085599556,0.9233830738070987,Ambiguous/Mixed,Ambiguous/Mixed,True
18,19,12,8,0.9861421929551982,0.027909445709867003,Ambiguous/Mixed,Ambiguous/Mixed,True
18,19,12,9,0.983125897826783,0.03403618386468645,Ambiguous/Mixed,Ambiguous/Mixed,True
18,19,12,10,0.9929201289008851,0.01421010462008947,Ambiguous/Mixed,Ambiguous/Mixed,True
18,19,12,11,0.9947188756885398,0.010590237482167022,Ambiguous/Mixed,Ambiguous/Mixed,True
18,19,12,12,0.9993682031572775,0.0012639930209035997,Ambiguous/Mixed,Ambiguous/Mixed,True
18,19,12,13,0.9970983466012149,0.00581174271270353,Ambiguous/Mixed,Ambiguous/Mixed,True
18,19,12,14,0.990396395299253,0.019300033399464737,Ambiguous/Mixed,Ambiguous/Mixed,True
18,19,12,15,0.9978136052551108,0.004377576790985396,Ambiguous/Mixed,Ambiguous/Mixed,True
18,19,12,16,0.9959366417268999,0.008143272289820076,Ambiguous/Mixed,Ambiguous/Mixed,True
18,19,12,17,0.9950663012338495,0.009891819275277424,Ambiguous/Mixed,Ambiguous/Mixed,True
18,19,12,18,0.9966479551218596,0.006715351133950443,Ambiguous/Mixed,Ambiguous/Mixed,True
18,19,12,19,0.9965789982270652,0.00685373355890416,Ambiguous/Mixed,Ambiguous/Mixed,True
18,19,13,1,0.1441098643711381,3.8743586465609474,Ambiguous/Mixed,Tumor/Epithelials,False
18,19,13,2,0.06376614677029283,5.505065688685964,Ambiguous/Mixed,Tumor/Epithelials,False
18,19,13,3,0.9785326332082024,0.04340228492757302,Ambiguous/Mixed,Ambiguous/Mixed,True
18,19,13,4,0.9879555037173544,0.024235237943556732,Ambiguous/Mixed,Ambiguous/Mixed,True
18,19,13,5,0.9885465073924192,0.023039178057239176,Ambiguous/Mixed,Ambiguous/Mixed,True
18,19,13,6,0.30571143975537646,2.3702272585525392,Ambiguous/Mixed,Ambiguous/Mixed,True
18,19,13,7,0.5900434854964353,1.0551180811342984,Ambiguous/Mixed,Ambiguous/Mixed,True
18,19,13,8,0.9854859635464303,0.02924079093505339,Ambiguous/Mixed,Ambiguous/Mixed,True
18,19,13,9,0.9898384181849013,0.020427126257987142,Ambiguous/Mixed,Ambiguous/Mixed,True
18,19,13,10,0.9926007343878969,0.014853551932376259,Ambiguous/Mixed,Ambiguous/Mixed,True
18,19,13,11,0.9985766377755574,0.002848752333411667,Ambiguous/Mixed,Ambiguous/Mixed,True
18,19,13,12,0.9974855962923621,0.00503514025905872,Ambiguous/Mixed,Ambiguous/Mixed,True
18,19,13,13,0.9970546548350603,0.005899382459764234,Ambiguous/Mixed,Ambiguous/Mixed,True
18,19,13,14,0.9918312205992339,0.01640465339554231,Ambiguous/Mixed,Ambiguous/Mixed,True
18,19,13,15,0.9977074473195655,0.004590369205294266,Ambiguous/Mixed,Ambiguous/Mixed,True
18,19,13,16,0.9976429400392293,0.004719684398790804,Ambiguous/Mixed,Ambiguous/Mixed,True
18,19,13,17,0.9963971138759159,0.0072187842999537335,Ambiguous/Mixed,Ambiguous/Mixed,True
18,19,13,18,0.9971237861788557,0.005760716145052906,Ambiguous/Mixed,Ambiguous/Mixed,True
18,19,13,19,0.9975880479454657,0.004829730993110832,Ambiguous/Mixed,Ambiguous/Mixed,True
18,19,14,1,0.17690968090824286,3.464231907997327,Ambiguous/Mixed,Tumor/Epithelials,False
18,19,14,2,0.086324865887732,4.899275178562401,Ambiguous/Mixed,Tumor/Epithelials,False
18,19,14,3,0.9689165379153715,0.06315360596647884,Ambiguous/Mixed,Ambiguous/Mixed,True
18,19,14,4,0.9792703796862318,0.04189499025473936,Ambiguous/Mixed,Ambiguous/Mixed,True
18,19,14,5,0.9807626516067001,0.03884958809063812,Ambiguous/Mixed,Ambiguous/Mixed,True
18,19,14,6,0.3491904765849937,2.104275454963909,Ambiguous/Mixed,Ambiguous/Mixed,True
18,19,14,7,0.6467860030230111,0.8714795837223804,Ambiguous/Mixed,Ambiguous/Mixed,True
18,19,14,8,0.9871432748701935,0.02588017621551126,Ambiguous/Mixed,Ambiguous/Mixed,True
18,19,14,9,0.986156369840809,0.027880693702684284,Ambiguous/Mixed,Ambiguous/Mixed,True
18,19,14,10,0.9901389227769571,0.01982003932189686,Ambiguous/Mixed,Ambiguous/Mixed,True
18,19,14,11,0.99050367738468,0.019083400391043493,Ambiguous/Mixed,Ambiguous/Mixed,True
18,19,14,12,0.9880502976835025,0.024043347887052764,Ambiguous/Mixed,Ambiguous/Mixed,True
18,19,14,13,0.988925726304123,0.022272099946324616,Ambiguous/Mixed,Ambiguous/Mixed,True
18,19,14,14,0.9992933654691044,0.001413768629506487,Ambiguous/Mixed,Ambiguous/Mixed,True
18,19,14,15,0.9906240054663303,0.018840451725311517,Ambiguous/Mixed,Ambiguous/Mixed,True
18,19,14,16,0.9889963446873711,0.0221292866690701,Ambiguous/Mixed,Ambiguous/Mixed,True
18,19,14,17,0.9939043790279385,0.012228550227861068,Ambiguous/Mixed,Ambiguous/Mixed,True
18,19,14,18,0.9958206096140668,0.00837629689738463,Ambiguous/Mixed,Ambiguous/Mixed,True
18,19,14,19,0.9925001988420251,0.015056132152404018,Ambiguous/Mixed,Ambiguous/Mixed,True
18,19,15,1,0.14411532541408253,3.87428285800202,Ambiguous/Mixed,Tumor/Epithelials,False
18,19,15,2,0.07083958903306999,5.294674534848789,Ambiguous/Mixed,Tumor/Epithelials,False
18,19,15,3,0.9819245835936246,0.03648154472269032,Ambiguous/Mixed,Ambiguous/Mixed,True
18,19,15,4,0.9897063072030446,0.02069407851293433,Ambiguous/Mixed,Ambiguous/Mixed,True
18,19,15,5,0.986303379833706,0.027582568494920884,Ambiguous/Mixed,Ambiguous/Mixed,True
18,19,15,6,0.3066759441364175,2.3639272908920184,Ambiguous/Mixed,Ambiguous/Mixed,True
18,19,15,7,0.6258476363643515,0.9372966597919761,Ambiguous/Mixed,Ambiguous/Mixed,True
18,19,15,8,0.9887774635263626,0.022571968559169035,Ambiguous/Mixed,Ambiguous/Mixed,True
18,19,15,9,0.9838678738484234,0.03252733097960475,Ambiguous/Mixed,Ambiguous/Mixed,True
18,19,15,10,0.9951499208828978,0.009723757839202023,Ambiguous/Mixed,Ambiguous/Mixed,True
18,19,15,11,0.9939389175087403,0.012159050824431403,Ambiguous/Mixed,Ambiguous/Mixed,True
18,19,15,12,0.9961695073282882,0.00767569559455328,Ambiguous/Mixed,Ambiguous/Mixed,True
18,19,15,13,0.9976205161784223,0.00476463858414021,Ambiguous/Mixed,Ambiguous/Mixed,True
18,19,15,14,0.9954558312355289,0.00910904976913076,Ambiguous/Mixed,Ambiguous/Mixed,True
18,19,15,15,0.9983563382178838,0.0032900281523112348,Ambiguous/Mixed,Ambiguous/Mixed,True
18,19,15,16,0.9970001257659812,0.0060087657517844725,Ambiguous/Mixed,Ambiguous/Mixed,True
18,19,15,17,0.9984127554195459,0.0031770111753221548,Ambiguous/Mixed,Ambiguous/Mixed,True
18,19,15,18,0.9997741842841135,0.0004516824321885702,Ambiguous/Mixed,Ambiguous/Mixed,True
18,19,15,19,0.9992031648225278,0.0015943056387445825,Ambiguous/Mixed,Ambiguous/Mixed,True
18,19,16,1,0.09580955881295865,4.69078564028399,Ambiguous/Mixed,Tumor/Epithelials,False
18,19,16,2,0.07104274994970089,5.288946942339768,Ambiguous/Mixed,Tumor/Epithelials,False
18,19,16,3,0.8182401106116858,0.40119890339375397,Ambiguous/Mixed,Ambiguous/Mixed,True
18,19,16,4,0.8560325628123445,0.31089372579059216,Ambiguous/Mixed,Ambiguous/Mixed,True
18,19,16,5,0.8315974237332512,0.3688136419338826,Ambiguous/Mixed,Ambiguous/Mixed,True
18,19,16,6,0.22171521572248898,3.0127230653569113,Ambiguous/Mixed,Ambiguous/Mixed,True
18,19,16,7,0.7838301955330836,0.48712573884080557,Ambiguous/Mixed,Ambiguous/Mixed,True
18,19,16,8,0.8236352408259588,0.38805503196000507,Ambiguous/Mixed,Ambiguous/Mixed,True
18,19,16,9,0.7127397304633004,0.6772779192448882,Ambiguous/Mixed,Ambiguous/Mixed,True
18,19,16,10,0.811011279712586,0.4189466331264314,Ambiguous/Mixed,Ambiguous/Mixed,True
18,19,16,11,0.7502225458115718,0.5747707774359805,Ambiguous/Mixed,Ambiguous/Mixed,True
18,19,16,12,0.8130514950896959,0.41392166369294386,Ambiguous/Mixed,Ambiguous/Mixed,True
18,19,16,13,0.8032822248167981,0.4380983274988442,Ambiguous/Mixed,Ambiguous/Mixed,True
18,19,16,14,0.8021002414301509,0.4410433792234669,Ambiguous/Mixed,Ambiguous/Mixed,True
18,19,16,15,0.803171568685793,0.4383738564474582,Ambiguous/Mixed,Ambiguous/Mixed,True
18,19,16,16,0.7463287893003514,0.5851780790931093,Ambiguous/Mixed,Ambiguous/Mixed,True
18,19,16,17,0.7895554505439943,0.47257042547648875,Ambiguous/Mixed,Ambiguous/Mixed,True
18,19,16,18,0.8089400624814962,0.42406090614383213,Ambiguous/Mixed,Ambiguous/Mixed,True
18,19,16,19,0.7992831096044424,0.4480801321158652,Ambiguous/Mixed,Ambiguous/Mixed,True
18,19,17,1,0.14456308732200548,3.8680785524876606,Ambiguous/Mixed,Tumor/Epithelials,False
18,19,17,2,0.06815202787093139,5.372028730578345,Ambiguous/Mixed,Tumor/Epithelials,False
18,19,17,3,0.9815496792950689,0.03724530172261181,Ambiguous/Mixed,Ambiguous/Mixed,True
18,19,17,4,0.9896685665771545,0.020770346280893952,Ambiguous/Mixed,Ambiguous/Mixed,True
18,19,17,5,0.9869512121199246,0.026269342493297175,Ambiguous/Mixed,Ambiguous/Mixed,True
18,19,17,6,0.2973669419760432,2.4255768158126663,Ambiguous/Mixed,Ambiguous/Mixed,True
18,19,17,7,0.6105635936667402,0.986745648652094,Ambiguous/Mixed,Ambiguous/Mixed,True
18,19,17,8,0.9899192519648666,0.0202638057037009,Ambiguous/Mixed,Ambiguous/Mixed,True
18,19,17,9,0.9850003310715013,0.03022660339381076,Ambiguous/Mixed,Ambiguous/Mixed,True
18,19,17,10,0.9961100873518268,0.007794996071529856,Ambiguous/Mixed,Ambiguous/Mixed,True
18,19,17,11,0.9952478800994675,0.009526894244195111,Ambiguous/Mixed,Ambiguous/Mixed,True
18,19,17,12,0.9971592907051445,0.005689503533956335,Ambiguous/Mixed,Ambiguous/Mixed,True
18,19,17,13,0.9984229114739587,0.003156666878430226,Ambiguous/Mixed,Ambiguous/Mixed,True
18,19,17,14,0.9930773745866217,0.013893395891525454,Ambiguous/Mixed,Ambiguous/Mixed,True
18,19,17,15,0.9992790441591239,0.0014424317090360086,Ambiguous/Mixed,Ambiguous/Mixed,True
18,19,17,16,0.9977143058359148,0.004576620700571354,Ambiguous/Mixed,Ambiguous/Mixed,True
18,19,17,17,0.9987057422715799,0.0025901920066555935,Ambiguous/Mixed,Ambiguous/Mixed,True
18,19,17,18,0.9989207591227262,0.0021596473541362596,Ambiguous/Mixed,Ambiguous/Mixed,True
18,19,17,19,0.9996500732110363,0.000699976055257916,Ambiguous/Mixed,Ambiguous/Mixed,True
18,19,18,1,0.14271848670338336,3.893762426924189,Ambiguous/Mixed,Tumor/Epithelials,False
18,19,18,2,0.06619273392418824,5.430369163033068,Ambiguous/Mixed,Tumor/Epithelials,False
18,19,18,3,0.9828502439740769,0.03459703269423509,Ambiguous/Mixed,Ambiguous/Mixed,True
18,19,18,4,0.9900094754420868,0.020081529491363097,Ambiguous/Mixed,Ambiguous/Mixed,True
18,19,18,5,0.9862690931808991,0.027652095274351002,Ambiguous/Mixed,Ambiguous/Mixed,True
18,19,18,6,0.2962296490687035,2.433240568038307,Ambiguous/Mixed,Ambiguous/Mixed,True
18,19,18,7,0.6260810954293334,0.9365507417161009,Ambiguous/Mixed,Ambiguous/Mixed,True
18,19,18,8,0.9892016561825112,0.021714138143417838,Ambiguous/Mixed,Ambiguous/Mixed,True
18,19,18,9,0.9828964931172873,0.034502922619226294,Ambiguous/Mixed,Ambiguous/Mixed,True
18,19,18,10,0.9962975193795828,0.00741870353444933,Ambiguous/Mixed,Ambiguous/Mixed,True
18,19,18,11,0.9940637104855278,0.011907958647400841,Ambiguous/Mixed,Ambiguous/Mixed,True
18,19,18,12,0.9970929751148775,0.005822516977497211,Ambiguous/Mixed,Ambiguous/Mixed,True
18,19,18,13,0.9991662407238687,0.001668214093429161,Ambiguous/Mixed,Ambiguous/Mixed,True
18,19,18,14,0.991453184635857,0.01716709768635076,Ambiguous/Mixed,Ambiguous/Mixed,True
18,19,18,15,0.9997435976766517,0.000512870400087781,Ambiguous/Mixed,Ambiguous/Mixed,True
18,19,18,16,0.9985214152347054,0.0029593579008907016,Ambiguous/Mixed,Ambiguous/Mixed,True
18,19,18,17,0.9986444908993957,0.002712857268232975,Ambiguous/Mixed,Ambiguous/Mixed,True
18,19,18,18,0.9988451145168159,0.0023111057546315217,Ambiguous/Mixed,Ambiguous/Mixed,True
18,19,18,19,0.9993963277794928,0.0012077090078907592,Ambiguous/Mixed,Ambiguous/Mixed,True
19,20,1,1,0.1075008514496491,4.460513021967868,Tumor/Epithelials,Ambiguous/Mixed,False
19,20,1,2,0.1309799015281641,4.0654227820013915,Tumor/Epithelials,Plasma_XBP1,False
19,20,1,3,0.09939129519570168,4.617381485276553,Tumor/Epithelials,Ambiguous/Mixed,False
19,20,1,4,0.9805284588999945,0.03932721776338589,Tumor/Epithelials,Tumor/Epithelials,True
19,20,1,5,0.3637496753277933,2.022578706132947,Tumor/Epithelials,Tumor/Epithelials,True
19,20,1,6,0.10705527114084287,4.468820050339006,Tumor/Epithelials,Ambiguous/Mixed,False
19,20,1,7,0.17844661797938705,3.446931562856987,Tumor/Epithelials,Ambiguous/Mixed,False
19,20,1,8,0.4852071781571197,1.4463586155968557,Tumor/Epithelials,Fibroblasts/Stromal,False
19,20,1,9,0.18107130295625834,3.4177287726100967,Tumor/Epithelials,Ambiguous/Mixed,False
19,20,1,10,0.11063688858224499,4.403003428036255,Tumor/Epithelials,Ambiguous/Mixed,False
19,20,1,11,0.13827573223527964,3.957011055230585,Tumor/Epithelials,Ambiguous/Mixed,False
19,20,1,12,0.15705077377472673,3.7023722521545226,Tumor/Epithelials,Ambiguous/Mixed,False
19,20,1,13,0.15715238736351103,3.7010786484624565,Tumor/Epithelials,Ambiguous/Mixed,False
19,20,1,14,0.1805885186955764,3.423068426268606,Tumor/Epithelials,Ambiguous/Mixed,False
19,20,1,15,0.14771318926294044,3.8249655915627216,Tumor/Epithelials,Ambiguous/Mixed,False
19,20,1,16,0.14324542204027488,3.8863917634639655,Tumor/Epithelials,Ambiguous/Mixed,False
19,20,1,17,0.14150458375786057,3.910846336750072,Tumor/Epithelials,Ambiguous/Mixed,False
19,20,1,18,0.14714432259674917,3.8326827749359613,Tumor/Epithelials,Ambiguous/Mixed,False
19,20,1,19,0.14343847431815882,3.8836981722365973,Tumor/Epithelials,Ambiguous/Mixed,False
19,20,1,20,0.14357049348830833,3.8818582411644837,Tumor/Epithelials,Ambiguous/Mixed,False
19,20,2,1,0.06307790817345099,5.526769357846692,Tumor/Epithelials,Ambiguous/Mixed,False
19,20,2,2,0.07138555200137574,5.279319566069243,Tumor/Epithelials,Plasma_XBP1,False
19,20,2,3,0.05396233059403515,5.838938114866109,Tumor/Epithelials,Ambiguous/Mixed,False
19,20,2,4,0.1638562473894142,3.617531551704962,Tumor/Epithelials,Tumor/Epithelials,True
19,20,2,5,0.18901846065225933,3.3318211865672946,Tumor/Epithelials,Tumor/Epithelials,True
19,20,2,6,0.05458902384592856,5.815844889806109,Tumor/Epithelials,Ambiguous/Mixed,False
19,20,2,7,0.08741751625499102,4.874119203168366,Tumor/Epithelials,Ambiguous/Mixed,False
19,20,2,8,0.19518125936943503,3.267653233881715,Tumor/Epithelials,Fibroblasts/Stromal,False
19,20,2,9,0.07098666075477263,5.290526592570403,Tumor/Epithelials,Ambiguous/Mixed,False
19,20,2,10,0.09091732212558933,4.795609467031385,Tumor/Epithelials,Ambiguous/Mixed,False
19,20,2,11,0.11018977991035712,4.411102255698775,Tumor/Epithelials,Ambiguous/Mixed,False
19,20,2,12,0.07450573851792883,5.193758258953528,Tumor/Epithelials,Ambiguous/Mixed,False
19,20,2,13,0.07449137371890835,5.194143898617259,Tumor/Epithelials,Ambiguous/Mixed,False
19,20,2,14,0.0962513003177297,4.681585592221811,Tumor/Epithelials,Ambiguous/Mixed,False
19,20,2,15,0.06727360448728961,5.3979746519827625,Tumor/Epithelials,Ambiguous/Mixed,False
19,20,2,16,0.06683844726350345,5.410953612345088,Tumor/Epithelials,Ambiguous/Mixed,False
19,20,2,17,0.06557734711063515,5.449049922207347,Tumor/Epithelials,Ambiguous/Mixed,False
19,20,2,18,0.06949768766341859,5.332923595989664,Tumor/Epithelials,Ambiguous/Mixed,False
19,20,2,19,0.06690777900387172,5.408880081045895,Tumor/Epithelials,Ambiguous/Mixed,False
19,20,2,20,0.06704210912719026,5.404868725150819,Tumor/Epithelials,Ambiguous/Mixed,False
19,20,3,1,0.7717781760445821,0.5181162139525688,Ambiguous/Mixed,Ambiguous/Mixed,True
19,20,3,2,0.9207446628030146,0.16514504049872886,Ambiguous/Mixed,Plasma_XBP1,False
19,20,3,3,0.9996801285589898,0.0006398452215833932,Ambiguous/Mixed,Ambiguous/Mixed,True
19,20,3,4,0.10141122875535825,4.577142913447278,Ambiguous/Mixed,Tumor/Epithelials,False
19,20,3,5,0.3054755194174091,2.3717712728423987,Ambiguous/Mixed,Tumor/Epithelials,False
19,20,3,6,0.9920695311264068,0.01592416458457358,Ambiguous/Mixed,Ambiguous/Mixed,True
19,20,3,7,0.9714472899536367,0.05793653597795663,Ambiguous/Mixed,Ambiguous/Mixed,True
19,20,3,8,0.21322493785366275,3.0908152484719373,Ambiguous/Mixed,Fibroblasts/Stromal,False
19,20,3,9,0.9146280688278162,0.17847555699654666,Ambiguous/Mixed,Ambiguous/Mixed,True
19,20,3,10,0.7861908793889153,0.48111133388137345,Ambiguous/Mixed,Ambiguous/Mixed,True
19,20,3,11,0.7927453835492121,0.46450637783623366,Ambiguous/Mixed,Ambiguous/Mixed,True
19,20,3,12,0.9796652722617167,0.04108864915733504,Ambiguous/Mixed,Ambiguous/Mixed,True
19,20,3,13,0.976150505530249,0.04827699594346342,Ambiguous/Mixed,Ambiguous/Mixed,True
19,20,3,14,0.9545526237802163,0.09302501007240829,Ambiguous/Mixed,Ambiguous/Mixed,True
19,20,3,15,0.9827517425288942,0.03479748313321834,Ambiguous/Mixed,Ambiguous/Mixed,True
19,20,3,16,0.9830128117685988,0.034266251169209616,Ambiguous/Mixed,Ambiguous/Mixed,True
19,20,3,17,0.983275765833429,0.03373132650068825,Ambiguous/Mixed,Ambiguous/Mixed,True
19,20,3,18,0.9830471115943402,0.034196467282488104,Ambiguous/Mixed,Ambiguous/Mixed,True
19,20,3,19,0.9828177883682871,0.03466307763215687,Ambiguous/Mixed,Ambiguous/Mixed,True
19,20,3,20,0.982200000777019,0.03592064917178457,Ambiguous/Mixed,Ambiguous/Mixed,True
19,20,4,1,0.8205796348747197,0.395488633283196,Ambiguous/Mixed,Ambiguous/Mixed,True
19,20,4,2,0.9341020508739571,0.13633916908857413,Ambiguous/Mixed,Plasma_XBP1,False
19,20,4,3,0.9934397062074142,0.01316381419637943,Ambiguous/Mixed,Ambiguous/Mixed,True
19,20,4,4,0.10869737765919743,4.438375219432753,Ambiguous/Mixed,Tumor/Epithelials,False
19,20,4,5,0.3491279678713977,2.1046335077363034,Ambiguous/Mixed,Tumor/Epithelials,False
19,20,4,6,0.9999630781135286,7.384513620211775e-05,Ambiguous/Mixed,Ambiguous/Mixed,True
19,20,4,7,0.9776982548185588,0.04510837891749592,Ambiguous/Mixed,Ambiguous/Mixed,True
19,20,4,8,0.23566773120055373,2.890664769293916,Ambiguous/Mixed,Fibroblasts/Stromal,False
19,20,4,9,0.9382574127072163,0.12746188086194504,Ambiguous/Mixed,Ambiguous/Mixed,True
19,20,4,10,0.8261735657348621,0.3819007990532982,Ambiguous/Mixed,Ambiguous/Mixed,True
19,20,4,11,0.8330216213591344,0.3653913622775586,Ambiguous/Mixed,Ambiguous/Mixed,True
19,20,4,12,0.9852499936118578,0.029719738781603833,Ambiguous/Mixed,Ambiguous/Mixed,True
19,20,4,13,0.98629115274004,0.02760736242690079,Ambiguous/Mixed,Ambiguous/Mixed,True
19,20,4,14,0.9685538691949759,0.06390235283414814,Ambiguous/Mixed,Ambiguous/Mixed,True
19,20,4,15,0.9894171696983222,0.021278453384242967,Ambiguous/Mixed,Ambiguous/Mixed,True
19,20,4,16,0.990487460104598,0.01911614618132087,Ambiguous/Mixed,Ambiguous/Mixed,True
19,20,4,17,0.9902535360742257,0.019588543192158865,Ambiguous/Mixed,Ambiguous/Mixed,True
19,20,4,18,0.9896826616101565,0.020741862133560197,Ambiguous/Mixed,Ambiguous/Mixed,True
19,20,4,19,0.9898927664009669,0.02031731697377228,Ambiguous/Mixed,Ambiguous/Mixed,True
19,20,4,20,0.9902443009173273,0.01960719538500852,Ambiguous/Mixed,Ambiguous/Mixed,True
19,20,5,1,0.8354289269064993,0.35962000220850165,Ambiguous/Mixed,Ambiguous/Mixed,True
19,20,5,2,0.9568785880417457,0.08815752565503496,Ambiguous/Mixed,Plasma_XBP1,False
19,20,5,3,0.9611682390785267,0.07921163731043884,Ambiguous/Mixed,Ambiguous/Mixed,True
19,20,5,4,0.15486959456516575,3.730343683123501,Ambiguous/Mixed,Tumor/Epithelials,False
19,20,5,5,0.45350993455454863,1.5814762065242993,Ambiguous/Mixed,Tumor/Epithelials,False
19,20,5,6,0.9765582887155432,0.04744167796379609,Ambiguous/Mixed,Ambiguous/Mixed,True
19,20,5,7,0.9768511461122074,0.04684199334338457,Ambiguous/Mixed,Ambiguous/Mixed,True
19,20,5,8,0.3363323232458493,2.179311101068999,Ambiguous/Mixed,Fibroblasts/Stromal,False
19,20,5,9,0.9635737483803019,0.07421250377486045,Ambiguous/Mixed,Ambiguous/Mixed,True
19,20,5,10,0.8118279125918944,0.4169337831728171,Ambiguous/Mixed,Ambiguous/Mixed,True
19,20,5,11,0.8124233496079719,0.41546741634495427,Ambiguous/Mixed,Ambiguous/Mixed,True
19,20,5,12,0.9829956025524844,0.03430126468388128,Ambiguous/Mixed,Ambiguous/Mixed,True
19,20,5,13,0.9854452592817725,0.029323400138646115,Ambiguous/Mixed,Ambiguous/Mixed,True
19,20,5,14,0.9758942575182195,0.04880208229056389,Ambiguous/Mixed,Ambiguous/Mixed,True
19,20,5,15,0.9862678566533752,0.02765460276101467,Ambiguous/Mixed,Ambiguous/Mixed,True
19,20,5,16,0.9871775803758939,0.025810672810099473,Ambiguous/Mixed,Ambiguous/Mixed,True
19,20,5,17,0.9860074536531818,0.028182729844177717,Ambiguous/Mixed,Ambiguous/Mixed,True
19,20,5,18,0.9860921998072791,0.02801083963771514,Ambiguous/Mixed,Ambiguous/Mixed,True
19,20,5,19,0.9860985292138145,0.02799800232651132,Ambiguous/Mixed,Ambiguous/Mixed,True
19,20,5,20,0.9870456182949793,0.02607804294575574,Ambiguous/Mixed,Ambiguous/Mixed,True
19,20,6,1,0.2721428327377848,2.6028564603081685,Ambiguous/Mixed,Ambiguous/Mixed,True
19,20,6,2,0.2670308572093185,2.64078211437448,Ambiguous/Mixed,Plasma_XBP1,False
19,20,6,3,0.23461694654788498,2.8996022188943247,Ambiguous/Mixed,Ambiguous/Mixed,True
19,20,6,4,0.2547432197326715,2.7349984452212928,Ambiguous/Mixed,Tumor/Epithelials,False
19,20,6,5,0.5179098012361869,1.3159083615450378,Ambiguous/Mixed,Tumor/Epithelials,False
19,20,6,6,0.2658866119933859,2.649370663562354,Ambiguous/Mixed,Ambiguous/Mixed,True
19,20,6,7,0.35252700074939547,2.0852561235853107,Ambiguous/Mixed,Ambiguous/Mixed,True
19,20,6,8,0.7018521836247555,0.7080649235305438,Ambiguous/Mixed,Fibroblasts/Stromal,False
19,20,6,9,0.38301644202053386,1.919354722330817,Ambiguous/Mixed,Ambiguous/Mixed,True
19,20,6,10,0.34918778526043515,2.1042908696737053,Ambiguous/Mixed,Ambiguous/Mixed,True
19,20,6,11,0.3029122701246549,2.388624105878496,Ambiguous/Mixed,Ambiguous/Mixed,True
19,20,6,12,0.31132334665128975,2.333846414146143,Ambiguous/Mixed,Ambiguous/Mixed,True
19,20,6,13,0.3160684668249453,2.3035928433932344,Ambiguous/Mixed,Ambiguous/Mixed,True
19,20,6,14,0.3764227670855308,1.9540847733759967,Ambiguous/Mixed,Ambiguous/Mixed,True
19,20,6,15,0.3014660783367134,2.398195557614452,Ambiguous/Mixed,Ambiguous/Mixed,True
19,20,6,16,0.30662458658856295,2.3642622493367074,Ambiguous/Mixed,Ambiguous/Mixed,True
19,20,6,17,0.2953857801754356,2.43894609513484,Ambiguous/Mixed,Ambiguous/Mixed,True
19,20,6,18,0.30521891427188474,2.373452016248399,Ambiguous/Mixed,Ambiguous/Mixed,True
19,20,6,19,0.29843939017189686,2.418376829533724,Ambiguous/Mixed,Ambiguous/Mixed,True
19,20,6,20,0.2966444466288631,2.430442013465928,Ambiguous/Mixed,Ambiguous/Mixed,True
19,20,7,1,0.6748138514906215,0.7866368034242637,Ambiguous/Mixed,Ambiguous/Mixed,True
19,20,7,2,0.6837001684722535,0.7604716152997588,Ambiguous/Mixed,Plasma_XBP1,False
19,20,7,3,0.6603223436412873,0.8300543274667308,Ambiguous/Mixed,Ambiguous/Mixed,True
19,20,7,4,0.09696045690633515,4.666904088708845,Ambiguous/Mixed,Tumor/Epithelials,False
19,20,7,5,0.20107014451884736,3.208202908191819,Ambiguous/Mixed,Tumor/Epithelials,False
19,20,7,6,0.6650882436806463,0.8156710997313124,Ambiguous/Mixed,Ambiguous/Mixed,True
19,20,7,7,0.660804792987002,0.8285936069840922,Ambiguous/Mixed,Ambiguous/Mixed,True
19,20,7,8,0.2516836674811808,2.759164535554925,Ambiguous/Mixed,Fibroblasts/Stromal,False
19,20,7,9,0.4589435316238593,1.5576562025487632,Ambiguous/Mixed,Ambiguous/Mixed,True
19,20,7,10,0.8046161167544882,0.4347799778017155,Ambiguous/Mixed,Ambiguous/Mixed,True
19,20,7,11,0.7991510076793454,0.4484107104586803,Ambiguous/Mixed,Ambiguous/Mixed,True
19,20,7,12,0.6343466853266909,0.9103193034317758,Ambiguous/Mixed,Ambiguous/Mixed,True
19,20,7,13,0.6284506990428055,0.9289953925669466,Ambiguous/Mixed,Ambiguous/Mixed,True
19,20,7,14,0.6121846246405005,0.981442735430308,Ambiguous/Mixed,Ambiguous/Mixed,True
19,20,7,15,0.6310640670110894,0.9206957781786228,Ambiguous/Mixed,Ambiguous/Mixed,True
19,20,7,16,0.6390849971480738,0.8954356351385012,Ambiguous/Mixed,Ambiguous/Mixed,True
19,20,7,17,0.6333107147020938,0.9135882335234693,Ambiguous/Mixed,Ambiguous/Mixed,True
19,20,7,18,0.6316946803157452,0.9186982046645549,Ambiguous/Mixed,Ambiguous/Mixed,True
19,20,7,19,0.6311074280859083,0.9205583607991168,Ambiguous/Mixed,Ambiguous/Mixed,True
19,20,7,20,0.6193617247311669,0.9581316149153714,Ambiguous/Mixed,Ambiguous/Mixed,True
19,20,8,1,0.7872557065641763,0.4784043405907803,Ambiguous/Mixed,Ambiguous/Mixed,True
19,20,8,2,0.9549455775890838,0.09220185388586086,Ambiguous/Mixed,Plasma_XBP1,False
19,20,8,3,0.9679125557327303,0.06522706154571917,Ambiguous/Mixed,Ambiguous/Mixed,True
19,20,8,4,0.17781996215732518,3.4539673782073383,Ambiguous/Mixed,Tumor/Epithelials,False
19,20,8,5,0.4517136836366822,1.5894134862830829,Ambiguous/Mixed,Tumor/Epithelials,False
19,20,8,6,0.9768050692463595,0.04693633310591637,Ambiguous/Mixed,Ambiguous/Mixed,True
19,20,8,7,0.9921510115413549,0.01575990781322833,Ambiguous/Mixed,Ambiguous/Mixed,True
19,20,8,8,0.3692623702665645,1.9924957141427277,Ambiguous/Mixed,Fibroblasts/Stromal,False
19,20,8,9,0.9518090247184041,0.09878173720378741,Ambiguous/Mixed,Ambiguous/Mixed,True
19,20,8,10,0.8083601646729025,0.42549514283955175,Ambiguous/Mixed,Ambiguous/Mixed,True
19,20,8,11,0.8311220925583233,0.369957144931759,Ambiguous/Mixed,Ambiguous/Mixed,True
19,20,8,12,0.9909609666959376,0.01816026644415776,Ambiguous/Mixed,Ambiguous/Mixed,True
19,20,8,13,0.994462651992506,0.011105471901721498,Ambiguous/Mixed,Ambiguous/Mixed,True
19,20,8,14,0.9779059414625807,0.044683575892021474,Ambiguous/Mixed,Ambiguous/Mixed,True
19,20,8,15,0.9897933500151599,0.02051819000120074,Ambiguous/Mixed,Ambiguous/Mixed,True
19,20,8,16,0.9900150684574784,0.02007023061042989,Ambiguous/Mixed,Ambiguous/Mixed,True
19,20,8,17,0.9889313914473603,0.022260642812871524,Ambiguous/Mixed,Ambiguous/Mixed,True
19,20,8,18,0.9905273866175681,0.019035527879965708,Ambiguous/Mixed,Ambiguous/Mixed,True
19,20,8,19,0.9896666025159052,0.02077431541412611,Ambiguous/Mixed,Ambiguous/Mixed,True
19,20,8,20,0.9892254834621093,0.021665963956718368,Ambiguous/Mixed,Ambiguous/Mixed,True
19,20,9,1,0.7001107107275719,0.7130335965243472,Ambiguous/Mixed,Ambiguous/Mixed,True
19,20,9,2,0.9319368288349953,0.1409804936273819,Ambiguous/Mixed,Plasma_XBP1,False
19,20,9,3,0.9562207105905662,0.08953304751651292,Ambiguous/Mixed,Ambiguous/Mixed,True
19,20,9,4,0.18265026357231562,3.400364165392171,Ambiguous/Mixed,Tumor/Epithelials,False
19,20,9,5,0.46720835911162323,1.5219599113881068,Ambiguous/Mixed,Tumor/Epithelials,False
19,20,9,6,0.9691241203976421,0.0627251681374292,Ambiguous/Mixed,Ambiguous/Mixed,True
19,20,9,7,0.9782888369312037,0.043900636528841436,Ambiguous/Mixed,Ambiguous/Mixed,True
19,20,9,8,0.3547490117073505,2.0726894976614254,Ambiguous/Mixed,Fibroblasts/Stromal,False
19,20,9,9,0.9888817173569995,0.022361105470642698,Ambiguous/Mixed,Ambiguous/Mixed,True
19,20,9,10,0.6968477847862781,0.7223765566354695,Ambiguous/Mixed,Ambiguous/Mixed,True
19,20,9,11,0.705512800336189,0.6976607284329148,Ambiguous/Mixed,Ambiguous/Mixed,True
19,20,9,12,0.9824219150119795,0.03546882842373948,Ambiguous/Mixed,Ambiguous/Mixed,True
19,20,9,13,0.9851622786229469,0.029897803017611253,Ambiguous/Mixed,Ambiguous/Mixed,True
19,20,9,14,0.9855842381134217,0.029041357009280292,Ambiguous/Mixed,Ambiguous/Mixed,True
19,20,9,15,0.9834342982970371,0.03340889470589989,Ambiguous/Mixed,Ambiguous/Mixed,True
19,20,9,16,0.982411741671953,0.03548953926608889,Ambiguous/Mixed,Ambiguous/Mixed,True
19,20,9,17,0.981612652668212,0.037116991654433815,Ambiguous/Mixed,Ambiguous/Mixed,True
19,20,9,18,0.9833681852324933,0.033543352670280954,Ambiguous/Mixed,Ambiguous/Mixed,True
19,20,9,19,0.9825396569463343,0.0352291454982799,Ambiguous/Mixed,Ambiguous/Mixed,True
19,20,9,20,0.9839551640764534,0.03234989586190389,Ambiguous/Mixed,Ambiguous/Mixed,True
19,20,10,1,0.7745286795928802,0.5110011799885985,Ambiguous/Mixed,Ambiguous/Mixed,True
19,20,10,2,0.9564780602641484,0.08899485576555557,Ambiguous/Mixed,Plasma_XBP1,False
19,20,10,3,0.975282667705232,0.05005586881317101,Ambiguous/Mixed,Ambiguous/Mixed,True
19,20,10,4,0.16635417773868555,3.5872723253680197,Ambiguous/Mixed,Tumor/Epithelials,False
19,20,10,5,0.4190824594955748,1.7393751554345773,Ambiguous/Mixed,Tumor/Epithelials,False
19,20,10,6,0.9828304772286955,0.034637256409447544,Ambiguous/Mixed,Ambiguous/Mixed,True
19,20,10,7,0.9955528744030538,0.008914086949878513,Ambiguous/Mixed,Ambiguous/Mixed,True
19,20,10,8,0.33427584871299465,2.1915774650364543,Ambiguous/Mixed,Fibroblasts/Stromal,False
19,20,10,9,0.9545653871202487,0.09299826821578193,Ambiguous/Mixed,Ambiguous/Mixed,True
19,20,10,10,0.7926413112348383,0.4647689568394907,Ambiguous/Mixed,Ambiguous/Mixed,True
19,20,10,11,0.8084989759476878,0.4251517331469226,Ambiguous/Mixed,Ambiguous/Mixed,True
19,20,10,12,0.9973846776913253,0.005237496477283093,Ambiguous/Mixed,Ambiguous/Mixed,True
19,20,10,13,0.9982592409990166,0.0034845517650776347,Ambiguous/Mixed,Ambiguous/Mixed,True
19,20,10,14,0.979123228587631,0.04219554495070231,Ambiguous/Mixed,Ambiguous/Mixed,True
19,20,10,15,0.9961929344907035,0.007628661657505359,Ambiguous/Mixed,Ambiguous/Mixed,True
19,20,10,16,0.996064837929922,0.0078858503862558,Ambiguous/Mixed,Ambiguous/Mixed,True
19,20,10,17,0.996288567193092,0.007436674525115606,Ambiguous/Mixed,Ambiguous/Mixed,True
19,20,10,18,0.9963071543259495,0.007399362123694041,Ambiguous/Mixed,Ambiguous/Mixed,True
19,20,10,19,0.9965176260400772,0.006976903075645335,Ambiguous/Mixed,Ambiguous/Mixed,True
19,20,10,20,0.9959489310708367,0.008118593474721828,Ambiguous/Mixed,Ambiguous/Mixed,True
19,20,11,1,0.7355575855436975,0.6142528951770017,Ambiguous/Mixed,Ambiguous/Mixed,True
19,20,11,2,0.9502490575662559,0.10206232577559513,Ambiguous/Mixed,Plasma_XBP1,False
19,20,11,3,0.9737562614806015,0.053188503085048716,Ambiguous/Mixed,Ambiguous/Mixed,True
19,20,11,4,0.15513194913443829,3.72695847892385,Ambiguous/Mixed,Tumor/Epithelials,False
19,20,11,5,0.43769457296921016,1.6524678676717168,Ambiguous/Mixed,Tumor/Epithelials,False
19,20,11,6,0.9835425595678314,0.03318873701472887,Ambiguous/Mixed,Ambiguous/Mixed,True
19,20,11,7,0.9851190093117022,0.029985646944296732,Ambiguous/Mixed,Ambiguous/Mixed,True
19,20,11,8,0.3261371071611461,2.240874823835975,Ambiguous/Mixed,Fibroblasts/Stromal,False
19,20,11,9,0.9819248919993973,0.03648091655688342,Ambiguous/Mixed,Ambiguous/Mixed,True
19,20,11,10,0.7288853742471582,0.6324775926177115,Ambiguous/Mixed,Ambiguous/Mixed,True
19,20,11,11,0.7377059601550736,0.6084199234986678,Ambiguous/Mixed,Ambiguous/Mixed,True
19,20,11,12,0.9915367423395676,0.01699854876409279,Ambiguous/Mixed,Ambiguous/Mixed,True
19,20,11,13,0.994225277091725,0.011582922181248513,Ambiguous/Mixed,Ambiguous/Mixed,True
19,20,11,14,0.985764454039481,0.02867568668970926,Ambiguous/Mixed,Ambiguous/Mixed,True
19,20,11,15,0.9941430455501047,0.011748347350681861,Ambiguous/Mixed,Ambiguous/Mixed,True
19,20,11,16,0.9938521696007073,0.012333612243185327,Ambiguous/Mixed,Ambiguous/Mixed,True
19,20,11,17,0.9932762521439312,0.013492908173129627,Ambiguous/Mixed,Ambiguous/Mixed,True
19,20,11,18,0.9937671968811123,0.012504616251457228,Ambiguous/Mixed,Ambiguous/Mixed,True
19,20,11,19,0.9938665616621043,0.012304650275536974,Ambiguous/Mixed,Ambiguous/Mixed,True
19,20,11,20,0.9944641368054238,0.011102485742701264,Ambiguous/Mixed,Ambiguous/Mixed,True
19,20,12,1,0.7979494785116313,0.45141998734459976,Ambiguous/Mixed,Ambiguous/Mixed,True
19,20,12,2,0.9601971682161107,0.08123326410024428,Ambiguous/Mixed,Plasma_XBP1,False
19,20,12,3,0.9810884362620772,0.03818534877015896,Ambiguous/Mixed,Ambiguous/Mixed,True
19,20,12,4,0.14243227567986158,3.8977773012628605,Ambiguous/Mixed,Tumor/Epithelials,False
19,20,12,5,0.4069028729556596,1.7983615268110291,Ambiguous/Mixed,Tumor/Epithelials,False
19,20,12,6,0.9896934519821907,0.020720056531360224,Ambiguous/Mixed,Ambiguous/Mixed,True
19,20,12,7,0.9878276739491454,0.024494031053716482,Ambiguous/Mixed,Ambiguous/Mixed,True
19,20,12,8,0.3078648333557631,2.3561888901472763,Ambiguous/Mixed,Fibroblasts/Stromal,False
19,20,12,9,0.963416552360084,0.07453880748382267,Ambiguous/Mixed,Ambiguous/Mixed,True
19,20,12,10,0.7904649118139899,0.4702680212996764,Ambiguous/Mixed,Ambiguous/Mixed,True
19,20,12,11,0.7953130897430095,0.45803883655968575,Ambiguous/Mixed,Ambiguous/Mixed,True
19,20,12,12,0.9945518068017515,0.01092617745987171,Ambiguous/Mixed,Ambiguous/Mixed,True
19,20,12,13,0.9951190024232358,0.009785897099484655,Ambiguous/Mixed,Ambiguous/Mixed,True
19,20,12,14,0.9796676760539262,0.041083741788811384,Ambiguous/Mixed,Ambiguous/Mixed,True
19,20,12,15,0.9971252560612894,0.005757767902576349,Ambiguous/Mixed,Ambiguous/Mixed,True
19,20,12,16,0.9975183589947441,0.004969450760452824,Ambiguous/Mixed,Ambiguous/Mixed,True
19,20,12,17,0.9969245170924189,0.00616044384828495,Ambiguous/Mixed,Ambiguous/Mixed,True
19,20,12,18,0.9970065129164126,0.0059959530553620275,Ambiguous/Mixed,Ambiguous/Mixed,True
19,20,12,19,0.9969019774540747,0.0062056627044026974,Ambiguous/Mixed,Ambiguous/Mixed,True
19,20,12,20,0.9972862651623913,0.005434847382436587,Ambiguous/Mixed,Ambiguous/Mixed,True
19,20,13,1,0.7736495704684422,0.5132725184960055,Ambiguous/Mixed,Ambiguous/Mixed,True
19,20,13,2,0.9671090960705485,0.06688794158312272,Ambiguous/Mixed,Plasma_XBP1,False
19,20,13,3,0.9820280708922733,0.0362707712124266,Ambiguous/Mixed,Ambiguous/Mixed,True
19,20,13,4,0.13887477092914977,3.948365360997545,Ambiguous/Mixed,Tumor/Epithelials,False
19,20,13,5,0.3732932330512758,1.970782041199857,Ambiguous/Mixed,Tumor/Epithelials,False
19,20,13,6,0.9885548755403637,0.023022247923019788,Ambiguous/Mixed,Ambiguous/Mixed,True
19,20,13,7,0.9910728679131304,0.017934435350141508,Ambiguous/Mixed,Ambiguous/Mixed,True
19,20,13,8,0.3060557799400305,2.3679758125127246,Ambiguous/Mixed,Fibroblasts/Stromal,False
19,20,13,9,0.9579501023615254,0.08591917517074588,Ambiguous/Mixed,Ambiguous/Mixed,True
19,20,13,10,0.7783841122267072,0.5010703182541781,Ambiguous/Mixed,Ambiguous/Mixed,True
19,20,13,11,0.78724864804732,0.47842227262592707,Ambiguous/Mixed,Ambiguous/Mixed,True
19,20,13,12,0.9973713408739436,0.005264240233928397,Ambiguous/Mixed,Ambiguous/Mixed,True
19,20,13,13,0.9969427205201827,0.00612392501208381,Ambiguous/Mixed,Ambiguous/Mixed,True
19,20,13,14,0.9771377016506232,0.04625538704663267,Ambiguous/Mixed,Ambiguous/Mixed,True
19,20,13,15,0.9988622252428371,0.002276845028485906,Ambiguous/Mixed,Ambiguous/Mixed,True
19,20,13,16,0.9988474306409431,0.002306468155852247,Ambiguous/Mixed,Ambiguous/Mixed,True
19,20,13,17,0.999222323301598,0.001555958491583705,Ambiguous/Mixed,Ambiguous/Mixed,True
19,20,13,18,0.9985302830130207,0.002941596160775286,Ambiguous/Mixed,Ambiguous/Mixed,True
19,20,13,19,0.9991550210512177,0.0016906722894475933,Ambiguous/Mixed,Ambiguous/Mixed,True
19,20,13,20,0.998742122390422,0.00251733880334586,Ambiguous/Mixed,Ambiguous/Mixed,True
19,20,14,1,0.7785884544597168,0.5005453450117331,Ambiguous/Mixed,Ambiguous/Mixed,True
19,20,14,2,0.9465291509681923,0.10990702021692822,Ambiguous/Mixed,Plasma_XBP1,False
19,20,14,3,0.9716859425587734,0.05744526218912219,Ambiguous/Mixed,Ambiguous/Mixed,True
19,20,14,4,0.17080429414628107,3.534473713144075,Ambiguous/Mixed,Tumor/Epithelials,False
19,20,14,5,0.4483166685620733,1.604510893597328,Ambiguous/Mixed,Tumor/Epithelials,False
19,20,14,6,0.9801990559053303,0.03999921934499451,Ambiguous/Mixed,Ambiguous/Mixed,True
19,20,14,7,0.9887514728531462,0.02262454058021967,Ambiguous/Mixed,Ambiguous/Mixed,True
19,20,14,8,0.3418088543270396,2.147007207283821,Ambiguous/Mixed,Fibroblasts/Stromal,False
19,20,14,9,0.969590285887548,0.06176336479521708,Ambiguous/Mixed,Ambiguous/Mixed,True
19,20,14,10,0.7793192241072449,0.4986690600144173,Ambiguous/Mixed,Ambiguous/Mixed,True
19,20,14,11,0.7920641917282237,0.46622568058039887,Ambiguous/Mixed,Ambiguous/Mixed,True
19,20,14,12,0.9908545917881623,0.018374968377286013,Ambiguous/Mixed,Ambiguous/Mixed,True
19,20,14,13,0.9931166501671415,0.013814298723705213,Ambiguous/Mixed,Ambiguous/Mixed,True
19,20,14,14,0.9973614689684371,0.005284036179446263,Ambiguous/Mixed,Ambiguous/Mixed,True
19,20,14,15,0.9912678433056482,0.017541010764664182,Ambiguous/Mixed,Ambiguous/Mixed,True
19,20,14,16,0.9906400967191561,0.018807964884595334,Ambiguous/Mixed,Ambiguous/Mixed,True
19,20,14,17,0.9906793443306071,0.01872872958181085,Ambiguous/Mixed,Ambiguous/Mixed,True
19,20,14,18,0.9920431232654042,0.015977403216857356,Ambiguous/Mixed,Ambiguous/Mixed,True
19,20,14,19,0.9918269489400505,0.016413267095722942,Ambiguous/Mixed,Ambiguous/Mixed,True
19,20,14,20,0.9924817061166663,0.01509339742986188,Ambiguous/Mixed,Ambiguous/Mixed,True
19,20,15,1,0.7736688184058236,0.5132227603143131,Ambiguous/Mixed,Ambiguous/Mixed,True
19,20,15,2,0.9625501529003442,0.0763382145365343,Ambiguous/Mixed,Plasma_XBP1,False
19,20,15,3,0.9835634121070957,0.03314633454213134,Ambiguous/Mixed,Ambiguous/Mixed,True
19,20,15,4,0.1442245589780129,3.8727675134372364,Ambiguous/Mixed,Tumor/Epithelials,False
19,20,15,5,0.3832657724191225,1.9180532153784737,Ambiguous/Mixed,Tumor/Epithelials,False
19,20,15,6,0.9900405205304543,0.020018813724724513,Ambiguous/Mixed,Ambiguous/Mixed,True
19,20,15,7,0.9925780095364352,0.014899340960759119,Ambiguous/Mixed,Ambiguous/Mixed,True
19,20,15,8,0.3043443701333883,2.379190844428636,Ambiguous/Mixed,Fibroblasts/Stromal,False
19,20,15,9,0.9586456950807678,0.0844674496672013,Ambiguous/Mixed,Ambiguous/Mixed,True
19,20,15,10,0.7787485704460738,0.50013408917087,Ambiguous/Mixed,Ambiguous/Mixed,True
19,20,15,11,0.7885766931384413,0.47505122541447536,Ambiguous/Mixed,Ambiguous/Mixed,True
19,20,15,12,0.9981964614637032,0.003610333740118014,Ambiguous/Mixed,Ambiguous/Mixed,True
19,20,15,13,0.998073182105094,0.003857353192952175,Ambiguous/Mixed,Ambiguous/Mixed,True
19,20,15,14,0.9791472966772923,0.042146383020617864,Ambiguous/Mixed,Ambiguous/Mixed,True
19,20,15,15,0.9996218433690937,0.0007564563003119168,Ambiguous/Mixed,Ambiguous/Mixed,True
19,20,15,16,0.999507191887693,0.0009858591642678395,Ambiguous/Mixed,Ambiguous/Mixed,True
19,20,15,17,0.9997302149053312,0.0005396429864282205,Ambiguous/Mixed,Ambiguous/Mixed,True
19,20,15,18,0.9993814441431483,0.001237494482902326,Ambiguous/Mixed,Ambiguous/Mixed,True
19,20,15,19,0.999712279299766,0.0005755241995517096,Ambiguous/Mixed,Ambiguous/Mixed,True
19,20,15,20,0.999527374987314,0.000945473470181158,Ambiguous/Mixed,Ambiguous/Mixed,True
19,20,16,1,0.71971722031636,0.657793787357912,Ambiguous/Mixed,Ambiguous/Mixed,True
19,20,16,2,0.9617908123281229,0.07791660552930263,Ambiguous/Mixed,Plasma_XBP1,False
19,20,16,3,0.9807784571542654,0.03881735721360956,Ambiguous/Mixed,Ambiguous/Mixed,True
19,20,16,4,0.14602288506352995,3.847983845093701,Ambiguous/Mixed,Tumor/Epithelials,False
19,20,16,5,0.3914023376359081,1.8760385030790176,Ambiguous/Mixed,Tumor/Epithelials,False
19,20,16,6,0.9858027325635476,0.028598025579641084,Ambiguous/Mixed,Ambiguous/Mixed,True
19,20,16,7,0.9902741284005253,0.019546953616472143,Ambiguous/Mixed,Ambiguous/Mixed,True
19,20,16,8,0.3196662782738113,2.2809554155216754,Ambiguous/Mixed,Fibroblasts/Stromal,False
19,20,16,9,0.96304247495079,0.07531552250073709,Ambiguous/Mixed,Ambiguous/Mixed,True
19,20,16,10,0.7252079034895805,0.6425938036046656,Ambiguous/Mixed,Ambiguous/Mixed,True
19,20,16,11,0.7332476288714144,0.6205436097088721,Ambiguous/Mixed,Ambiguous/Mixed,True
19,20,16,12,0.996664603907141,0.006681941852086671,Ambiguous/Mixed,Ambiguous/Mixed,True
19,20,16,13,0.9966810008165584,0.00664903855748691,Ambiguous/Mixed,Ambiguous/Mixed,True
19,20,16,14,0.9780092991605116,0.044472201296884575,Ambiguous/Mixed,Ambiguous/Mixed,True
19,20,16,15,0.9983672757463112,0.003268117201089072,Ambiguous/Mixed,Ambiguous/Mixed,True
19,20,16,16,0.9981702424303867,0.0036628672416374524,Ambiguous/Mixed,Ambiguous/Mixed,True
19,20,16,17,0.9983565835109408,0.003289536758572604,Ambiguous/Mixed,Ambiguous/Mixed,True
19,20,16,18,0.9980105096278262,0.003982944073831495,Ambiguous/Mixed,Ambiguous/Mixed,True
19,20,16,19,0.9985565161239367,0.00288905340513969,Ambiguous/Mixed,Ambiguous/Mixed,True
19,20,16,20,0.9978414063561414,0.004321853530460438,Ambiguous/Mixed,Ambiguous/Mixed,True
19,20,17,1,0.7582373869630874,0.5535175339118097,Ambiguous/Mixed,Ambiguous/Mixed,True
19,20,17,2,0.9564112764943203,0.08913450580922878,Ambiguous/Mixed,Plasma_XBP1,False
19,20,17,3,0.9800807403358885,0.0402406452267738,Ambiguous/Mixed,Ambiguous/Mixed,True
19,20,17,4,0.16565962023145234,3.5956401525447546,Ambiguous/Mixed,Tumor/Epithelials,False
19,20,17,5,0.4142743382172595,1.7624537438309675,Ambiguous/Mixed,Tumor/Epithelials,False
19,20,17,6,0.9855671837758183,0.029075964878395567,Ambiguous/Mixed,Ambiguous/Mixed,True
19,20,17,7,0.9966311795569062,0.006749015390324796,Ambiguous/Mixed,Ambiguous/Mixed,True
19,20,17,8,0.3245214364898791,2.250807369917203,Ambiguous/Mixed,Fibroblasts/Stromal,False
19,20,17,9,0.9608103892873311,0.0799563902229826,Ambiguous/Mixed,Ambiguous/Mixed,True
19,20,17,10,0.7698708315655467,0.5230650588395837,Ambiguous/Mixed,Ambiguous/Mixed,True
19,20,17,11,0.7802089280080291,0.49638707749015176,Ambiguous/Mixed,Ambiguous/Mixed,True
19,20,17,12,0.9994597183623839,0.0010808552846630628,Ambiguous/Mixed,Ambiguous/Mixed,True
19,20,17,13,0.99816979664322,0.003663760450525605,Ambiguous/Mixed,Ambiguous/Mixed,True
19,20,17,14,0.9842119523515676,0.03182801278718351,Ambiguous/Mixed,Ambiguous/Mixed,True
19,20,17,15,0.9988904393877437,0.0022203532606950164,Ambiguous/Mixed,Ambiguous/Mixed,True
19,20,17,16,0.9983160602852477,0.003370718269872567,Ambiguous/Mixed,Ambiguous/Mixed,True
19,20,17,17,0.998431335696087,0.003139791891905267,Ambiguous/Mixed,Ambiguous/Mixed,True
19,20,17,18,0.9990761033763658,0.0018486473583537609,Ambiguous/Mixed,Ambiguous/Mixed,True
19,20,17,19,0.9986622800268652,0.002677231038494294,Ambiguous/Mixed,Ambiguous/Mixed,True
19,20,17,20,0.9987300785553964,0.002541456956319678,Ambiguous/Mixed,Ambiguous/Mixed,True
19,20,18,1,0.7800151559522767,0.4968838575584527,Ambiguous/Mixed,Ambiguous/Mixed,True
19,20,18,2,0.9572878930080179,0.08730220825905632,Ambiguous/Mixed,Plasma_XBP1,False
19,20,18,3,0.9840997791997337,0.03205597088987068,Ambiguous/Mixed,Ambiguous/Mixed,True
19,20,18,4,0.1499469239642589,3.7949477754807672,Ambiguous/Mixed,Tumor/Epithelials,False
19,20,18,5,0.399600034738128,1.8345822905509803,Ambiguous/Mixed,Tumor/Epithelials,False
19,20,18,6,0.9899182586991738,0.02026581246574568,Ambiguous/Mixed,Ambiguous/Mixed,True
19,20,18,7,0.9931289820276012,0.013789464211276158,Ambiguous/Mixed,Ambiguous/Mixed,True
19,20,18,8,0.31201684925373746,2.3293961772248597,Ambiguous/Mixed,Fibroblasts/Stromal,False
19,20,18,9,0.961112575976415,0.07932746451256499,Ambiguous/Mixed,Ambiguous/Mixed,True
19,20,18,10,0.7850064065171185,0.48412680012945386,Ambiguous/Mixed,Ambiguous/Mixed,True
19,20,18,11,0.7948740656186485,0.4591431698050782,Ambiguous/Mixed,Ambiguous/Mixed,True
19,20,18,12,0.9976691952743821,0.004667050558321034,Ambiguous/Mixed,Ambiguous/Mixed,True
19,20,18,13,0.9978216550804369,0.0043614419280949765,Ambiguous/Mixed,Ambiguous/Mixed,True
19,20,18,14,0.9878246052396513,0.02450024410957952,Ambiguous/Mixed,Ambiguous/Mixed,True
19,20,18,15,0.9986585458959357,0.0026847093181597125,Ambiguous/Mixed,Ambiguous/Mixed,True
19,20,18,16,0.9984232724573133,0.003155943771447717,Ambiguous/Mixed,Ambiguous/Mixed,True
19,20,18,17,0.9986139586730283,0.002774005541510037,Ambiguous/Mixed,Ambiguous/Mixed,True
19,20,18,18,0.9989504377973162,0.002100226757577252,Ambiguous/Mixed,Ambiguous/Mixed,True
19,20,18,19,0.998992682141237,0.0020156510887195424,Ambiguous/Mixed,Ambiguous/Mixed,True
19,20,18,20,0.9990031046048069,0.001994785251786078,Ambiguous/Mixed,Ambiguous/Mixed,True
19,20,19,1,0.770506023836894,0.5214156123288218,Ambiguous/Mixed,Ambiguous/Mixed,True
19,20,19,2,0.9588061799962669,0.0841326617792551,Ambiguous/Mixed,Plasma_XBP1,False
19,20,19,3,0.9852678174798067,0.02968355769691809,Ambiguous/Mixed,Ambiguous/Mixed,True
19,20,19,4,0.14810719325741847,3.8196379772299363,Ambiguous/Mixed,Tumor/Epithelials,False
19,20,19,5,0.3983441612901132,1.8408778409979902,Ambiguous/Mixed,Tumor/Epithelials,False
19,20,19,6,0.9901041603706145,0.019890257784755165,Ambiguous/Mixed,Ambiguous/Mixed,True
19,20,19,7,0.9941420449659761,0.011750360309755643,Ambiguous/Mixed,Ambiguous/Mixed,True
19,20,19,8,0.30381019385173846,2.3827042698021037,Ambiguous/Mixed,Fibroblasts/Stromal,False
19,20,19,9,0.96001387033457,0.08161509271890643,Ambiguous/Mixed,Ambiguous/Mixed,True
19,20,19,10,0.7765284262802944,0.5058440576934502,Ambiguous/Mixed,Ambiguous/Mixed,True
19,20,19,11,0.7857650223154348,0.48219497009136386,Ambiguous/Mixed,Ambiguous/Mixed,True
19,20,19,12,0.998767223677335,0.0024670736329454506,Ambiguous/Mixed,Ambiguous/Mixed,True
19,20,19,13,0.9977414102313854,0.004522288459060863,Ambiguous/Mixed,Ambiguous/Mixed,True
19,20,19,14,0.9830879129079149,0.03411345912064363,Ambiguous/Mixed,Ambiguous/Mixed,True
19,20,19,15,0.9995176134592173,0.0009650058532004557,Ambiguous/Mixed,Ambiguous/Mixed,True
19,20,19,16,0.9992220678365429,0.0015564698194069455,Ambiguous/Mixed,Ambiguous/Mixed,True
19,20,19,17,0.9991486740339044,0.0017033770996901798,Ambiguous/Mixed,Ambiguous/Mixed,True
19,20,19,18,0.9998167436093099,0.00036654636838826573,Ambiguous/Mixed,Ambiguous/Mixed,True
19,20,19,19,0.9993009419260476,0.0013986050579598264,Ambiguous/Mixed,Ambiguous/Mixed,True
19,20,19,20,0.999674286050217,0.0006515340121853294,Ambiguous/Mixed,Ambiguous/Mixed,True
20,21,1,1,0.1939499883155779,3.2803098906813393,Ambiguous/Mixed,Tumor/Epithelials,False
20,21,1,2,0.7882202658841568,0.4759554059009118,Ambiguous/Mixed,Ambiguous/Mixed,True
20,21,1,3,0.7915700161772902,0.4674738869263012,Ambiguous/Mixed,Ambiguous/Mixed,True
20,21,1,4,0.3012252677959683,2.399793792300284,Ambiguous/Mixed,Tumor/Epithelials,False
20,21,1,5,0.7589039864486515,0.5517600193119365,Ambiguous/Mixed,Ambiguous/Mixed,True
20,21,1,6,0.7376126370529698,0.6086729484450216,Ambiguous/Mixed,Ambiguous/Mixed,True
20,21,1,7,0.6583227220645812,0.8361200176556833,Ambiguous/Mixed,Ambiguous/Mixed,True
20,21,1,8,0.645121873694913,0.8766320571409256,Ambiguous/Mixed,Ambiguous/Mixed,True
20,21,1,9,0.761317231780899,0.5454102924948488,Ambiguous/Mixed,Tumor/Epithelials,False
20,21,1,10,0.6673806651954169,0.8087893668480259,Ambiguous/Mixed,Fibroblasts/Stromal,False
20,21,1,11,0.7667975764439744,0.5310648568520087,Ambiguous/Mixed,Ambiguous/Mixed,True
20,21,1,12,0.7717054778196331,0.5183046143280979,Ambiguous/Mixed,Ambiguous/Mixed,True
20,21,1,13,0.657829039670743,0.8376203990899349,Ambiguous/Mixed,Ambiguous/Mixed,True
20,21,1,14,0.8054064107586553,0.43281654175250794,Ambiguous/Mixed,Ambiguous/Mixed,True
20,21,1,15,0.75395913945886,0.5648342082834577,Ambiguous/Mixed,Ambiguous/Mixed,True
20,21,1,16,0.7712407817077405,0.5195093124776894,Ambiguous/Mixed,Ambiguous/Mixed,True
20,21,1,17,0.7389294383300512,0.6051056904626486,Ambiguous/Mixed,Ambiguous/Mixed,True
20,21,1,18,0.731634525994475,0.6249483422632272,Ambiguous/Mixed,Ambiguous/Mixed,True
20,21,1,19,0.760459371518417,0.5476651841826128,Ambiguous/Mixed,Ambiguous/Mixed,True
20,21,1,20,0.77263001644817,0.5159099565806853,Ambiguous/Mixed,Ambiguous/Mixed,True
20,21,1,21,0.7732738814327252,0.5142439668055945,Ambiguous/Mixed,Ambiguous/Mixed,True
20,21,2,1,0.24988907975730992,2.7734762810923517,Plasma_XBP1,Tumor/Epithelials,False
20,21,2,2,0.92364257383193,0.15886021406741235,Plasma_XBP1,Ambiguous/Mixed,False
20,21,2,3,0.9346639864514923,0.13513637412494992,Plasma_XBP1,Ambiguous/Mixed,False
20,21,2,4,0.2878432176590637,2.490678660409472,Plasma_XBP1,Tumor/Epithelials,False
20,21,2,5,0.9509342643486144,0.10062068297528501,Plasma_XBP1,Ambiguous/Mixed,False
20,21,2,6,0.9533656063776662,0.09551362313127457,Plasma_XBP1,Ambiguous/Mixed,False
20,21,2,7,0.6804775769730788,0.7699208164891176,Plasma_XBP1,Ambiguous/Mixed,False
20,21,2,8,0.918720172396178,0.16954738880245945,Plasma_XBP1,Ambiguous/Mixed,False
20,21,2,9,0.9363166862903797,0.13160303934961903,Plasma_XBP1,Tumor/Epithelials,False
20,21,2,10,0.8142834232016808,0.4108935756614761,Plasma_XBP1,Fibroblasts/Stromal,False
20,21,2,11,0.9402661491438238,0.12318461281373272,Plasma_XBP1,Ambiguous/Mixed,False
20,21,2,12,0.9553674583742504,0.09131847868172857,Plasma_XBP1,Ambiguous/Mixed,False
20,21,2,13,0.5874781079610025,1.0638325934064192,Plasma_XBP1,Ambiguous/Mixed,False
20,21,2,14,0.9558972176166183,0.09020976932799164,Plasma_XBP1,Ambiguous/Mixed,False
20,21,2,15,0.9645310596926371,0.07222648851886142,Plasma_XBP1,Ambiguous/Mixed,False
20,21,2,16,0.9564874226236685,0.08897527912477668,Plasma_XBP1,Ambiguous/Mixed,False
20,21,2,17,0.9648665778466379,0.07153089700189286,Plasma_XBP1,Ambiguous/Mixed,False
20,21,2,18,0.9224455383176277,0.1614538837285448,Plasma_XBP1,Ambiguous/Mixed,False
20,21,2,19,0.9565958651058196,0.08874854047108016,Plasma_XBP1,Ambiguous/Mixed,False
20,21,2,20,0.9591072839135646,0.08350467949447017,Plasma_XBP1,Ambiguous/Mixed,False
20,21,2,21,0.9566579109129495,0.08861882258852985,Plasma_XBP1,Ambiguous/Mixed,False
20,21,3,1,0.25444389056158545,2.7373498732092747,Ambiguous/Mixed,Tumor/Epithelials,False
20,21,3,2,0.9993112408665169,0.0013779928740492264,Ambiguous/Mixed,Ambiguous/Mixed,True
20,21,3,3,0.9928252483234402,0.014401227970757184,Ambiguous/Mixed,Ambiguous/Mixed,True
20,21,3,4,0.227261840154179,2.9633048907864574,Ambiguous/Mixed,Tumor/Epithelials,False
20,21,3,5,0.9630415574402177,0.07531742794319299,Ambiguous/Mixed,Ambiguous/Mixed,True
20,21,3,6,0.9741282947108028,0.052424529196467826,Ambiguous/Mixed,Ambiguous/Mixed,True
20,21,3,7,0.7030122635960162,0.704761885327154,Ambiguous/Mixed,Ambiguous/Mixed,True
20,21,3,8,0.9297840769942095,0.14560579013346148,Ambiguous/Mixed,Ambiguous/Mixed,True
20,21,3,9,0.957071782528055,0.0877537649516519,Ambiguous/Mixed,Tumor/Epithelials,False
20,21,3,10,0.7120345468051013,0.6792576959071509,Ambiguous/Mixed,Fibroblasts/Stromal,False
20,21,3,11,0.9525889475434804,0.09714358618695315,Ambiguous/Mixed,Ambiguous/Mixed,True
20,21,3,12,0.9742539027610186,0.052166657716112674,Ambiguous/Mixed,Ambiguous/Mixed,True
20,21,3,13,0.6263087498026357,0.9358236378460834,Ambiguous/Mixed,Ambiguous/Mixed,True
20,21,3,14,0.9769923799222204,0.04655285287051218,Ambiguous/Mixed,Ambiguous/Mixed,True
20,21,3,15,0.9828751181268781,0.03454641697083431,Ambiguous/Mixed,Ambiguous/Mixed,True
20,21,3,16,0.9786331210175,0.043196910785564036,Ambiguous/Mixed,Ambiguous/Mixed,True
20,21,3,17,0.9797709032586789,0.040873013663034904,Ambiguous/Mixed,Ambiguous/Mixed,True
20,21,3,18,0.9458041616037852,0.11143949738691068,Ambiguous/Mixed,Ambiguous/Mixed,True
20,21,3,19,0.9794728121009106,0.04148159779727296,Ambiguous/Mixed,Ambiguous/Mixed,True
20,21,3,20,0.9845840751309145,0.03107197147343898,Ambiguous/Mixed,Ambiguous/Mixed,True
20,21,3,21,0.9821526881262935,0.03601699164837105,Ambiguous/Mixed,Ambiguous/Mixed,True
20,21,4,1,0.2627918325582751,2.6727861428000117,Tumor/Epithelials,Tumor/Epithelials,True
20,21,4,2,0.10218172900274704,4.562004788152338,Tumor/Epithelials,Ambiguous/Mixed,False
20,21,4,3,0.11016090641956933,4.411626392771982,Tumor/Epithelials,Ambiguous/Mixed,False
20,21,4,4,0.42368122213055015,1.717547882234618,Tumor/Epithelials,Tumor/Epithelials,True
20,21,4,5,0.1588271137557708,3.679878006417396,Tumor/Epithelials,Ambiguous/Mixed,False
20,21,4,6,0.17828081780141408,3.4487906874802317,Tumor/Epithelials,Ambiguous/Mixed,False
20,21,4,7,0.05212279087411113,5.908305962146603,Tumor/Epithelials,Ambiguous/Mixed,False
20,21,4,8,0.23258865650999042,2.9169676166310836,Tumor/Epithelials,Ambiguous/Mixed,False
20,21,4,9,0.2077728445341802,3.142619779270431,Tumor/Epithelials,Tumor/Epithelials,True
20,21,4,10,0.2673795405325284,2.6381722596698376,Tumor/Epithelials,Fibroblasts/Stromal,False
20,21,4,11,0.20121994443291555,3.2067134365383447,Tumor/Epithelials,Ambiguous/Mixed,False
20,21,4,12,0.15172896926300342,3.7713188933988735,Tumor/Epithelials,Ambiguous/Mixed,False
20,21,4,13,0.06290951038239145,5.532115856513761,Tumor/Epithelials,Ambiguous/Mixed,False
20,21,4,14,0.14810767274718328,3.819631502338635,Tumor/Epithelials,Ambiguous/Mixed,False
20,21,4,15,0.1384067817337845,3.9551164720648497,Tumor/Epithelials,Ambiguous/Mixed,False
20,21,4,16,0.1531567480452869,3.7525867700012054,Tumor/Epithelials,Ambiguous/Mixed,False
20,21,4,17,0.1454996072499768,3.8551637833742145,Tumor/Epithelials,Ambiguous/Mixed,False
20,21,4,18,0.18543009569190638,3.3701546211778153,Tumor/Epithelials,Ambiguous/Mixed,False
20,21,4,19,0.1527852325810635,3.7574441046641476,Tumor/Epithelials,Ambiguous/Mixed,False
20,21,4,20,0.14725018076900562,3.8312444576357594,Tumor/Epithelials,Ambiguous/Mixed,False
20,21,4,21,0.15200686200389404,3.767659228784788,Tumor/Epithelials,Ambiguous/Mixed,False
20,21,5,1,0.8041115884410034,0.43603445568109,Tumor/Epithelials,Tumor/Epithelials,True
20,21,5,2,0.3173140422462424,2.295726651895153,Tumor/Epithelials,Ambiguous/Mixed,False
20,21,5,3,0.35938568239253266,2.046718285907894,Tumor/Epithelials,Ambiguous/Mixed,False
20,21,5,4,0.7939137557140206,0.4615608872842248,Tumor/Epithelials,Tumor/Epithelials,True
20,21,5,5,0.45076864785569276,1.5936020940527034,Tumor/Epithelials,Ambiguous/Mixed,False
20,21,5,6,0.44829356647338875,1.6046139577283716,Tumor/Epithelials,Ambiguous/Mixed,False
20,21,5,7,0.19987077744543655,3.220168468055456,Tumor/Epithelials,Ambiguous/Mixed,False
20,21,5,8,0.5609593330042533,1.1562137325509567,Tumor/Epithelials,Ambiguous/Mixed,False
20,21,5,9,0.5150084990624295,1.3271437508414616,Tumor/Epithelials,Tumor/Epithelials,True
20,21,5,10,0.6477182643942556,0.8685989086844377,Tumor/Epithelials,Fibroblasts/Stromal,False
20,21,5,11,0.5141624606136761,1.3304319844682566,Tumor/Epithelials,Ambiguous/Mixed,False
20,21,5,12,0.44577595810602544,1.6158775785205166,Tumor/Epithelials,Ambiguous/Mixed,False
20,21,5,13,0.1989750898425605,3.2291512775268965,Tumor/Epithelials,Ambiguous/Mixed,False
20,21,5,14,0.42518043637738556,1.7104832879482241,Tumor/Epithelials,Ambiguous/Mixed,False
20,21,5,15,0.3764168504837514,1.9541162095631548,Tumor/Epithelials,Ambiguous/Mixed,False
20,21,5,16,0.43175642981576756,1.6797873392302571,Tumor/Epithelials,Ambiguous/Mixed,False
20,21,5,17,0.3905096794049027,1.880605045602273,Tumor/Epithelials,Ambiguous/Mixed,False
20,21,5,18,0.4977830972314669,1.3951816891278486,Tumor/Epithelials,Ambiguous/Mixed,False
20,21,5,19,0.40987094145978376,1.7838258915275924,Tumor/Epithelials,Ambiguous/Mixed,False
20,21,5,20,0.40033478105786185,1.8309082585581242,Tumor/Epithelials,Ambiguous/Mixed,False
20,21,5,21,0.40519718876386396,1.8067628890586929,Tumor/Epithelials,Ambiguous/Mixed,False
20,21,6,1,0.28402332521059076,2.517397826340584,Ambiguous/Mixed,Tumor/Epithelials,False
20,21,6,2,0.9947344226780737,0.010558978664386503,Ambiguous/Mixed,Ambiguous/Mixed,True
20,21,6,3,0.9994211274661416,0.001158080290500893,Ambiguous/Mixed,Ambiguous/Mixed,True
20,21,6,4,0.2532406880719885,2.746829812470472,Ambiguous/Mixed,Tumor/Epithelials,False
20,21,6,5,0.9757359538677173,0.04912653648260466,Ambiguous/Mixed,Ambiguous/Mixed,True
20,21,6,6,0.9781615212931604,0.04416093577474449,Ambiguous/Mixed,Ambiguous/Mixed,True
20,21,6,7,0.6650115345300239,0.8159017866375555,Ambiguous/Mixed,Ambiguous/Mixed,True
20,21,6,8,0.9408272766838812,0.1219914183684245,Ambiguous/Mixed,Ambiguous/Mixed,True
20,21,6,9,0.9630831284646346,0.0752310970327851,Ambiguous/Mixed,Tumor/Epithelials,False
20,21,6,10,0.6984970158247776,0.7176487451131099,Ambiguous/Mixed,Fibroblasts/Stromal,False
20,21,6,11,0.9658770052575049,0.06943755325194147,Ambiguous/Mixed,Ambiguous/Mixed,True
20,21,6,12,0.9823035449543368,0.035709818954371586,Ambiguous/Mixed,Ambiguous/Mixed,True
20,21,6,13,0.662052267394433,0.8248215447875755,Ambiguous/Mixed,Ambiguous/Mixed,True
20,21,6,14,0.9875429398150385,0.025070599590465793,Ambiguous/Mixed,Ambiguous/Mixed,True
20,21,6,15,0.9888852135625538,0.022354034454337042,Ambiguous/Mixed,Ambiguous/Mixed,True
20,21,6,16,0.9855834178688742,0.02904302149387142,Ambiguous/Mixed,Ambiguous/Mixed,True
20,21,6,17,0.9857371126451657,0.028731159928542027,Ambiguous/Mixed,Ambiguous/Mixed,True
20,21,6,18,0.9610162925933647,0.07952783272867206,Ambiguous/Mixed,Ambiguous/Mixed,True
20,21,6,19,0.9874426905305239,0.025273637593497975,Ambiguous/Mixed,Ambiguous/Mixed,True
20,21,6,20,0.9899145293105371,0.020273347220517476,Ambiguous/Mixed,Ambiguous/Mixed,True
20,21,6,21,0.9888436042938494,0.022438190114778975,Ambiguous/Mixed,Ambiguous/Mixed,True
20,21,7,1,0.3620471287265458,2.0319617715559857,Ambiguous/Mixed,Tumor/Epithelials,False
20,21,7,2,0.9729760543011504,0.05479161454500451,Ambiguous/Mixed,Ambiguous/Mixed,True
20,21,7,3,0.9777006807805176,0.04510341632512735,Ambiguous/Mixed,Ambiguous/Mixed,True
20,21,7,4,0.3679475159944545,1.9996299411292644,Ambiguous/Mixed,Tumor/Epithelials,False
20,21,7,5,0.9740498295962301,0.052585633796988815,Ambiguous/Mixed,Ambiguous/Mixed,True
20,21,7,6,0.9981940115230103,0.0036152424806196503,Ambiguous/Mixed,Ambiguous/Mixed,True
20,21,7,7,0.6383575596880757,0.8977134284834443,Ambiguous/Mixed,Ambiguous/Mixed,True
20,21,7,8,0.972223736737243,0.05633863836206228,Ambiguous/Mixed,Ambiguous/Mixed,True
20,21,7,9,0.9925061997873693,0.015044039606307574,Ambiguous/Mixed,Tumor/Epithelials,False
20,21,7,10,0.8050020806220147,0.4338208338865862,Ambiguous/Mixed,Fibroblasts/Stromal,False
20,21,7,11,0.9852991090668974,0.029620039758660406,Ambiguous/Mixed,Ambiguous/Mixed,True
20,21,7,12,0.9935623716507377,0.012916878483837945,Ambiguous/Mixed,Ambiguous/Mixed,True
20,21,7,13,0.6346268032852485,0.9094363284425543,Ambiguous/Mixed,Ambiguous/Mixed,True
20,21,7,14,0.9862207361552165,0.02775015818950135,Ambiguous/Mixed,Ambiguous/Mixed,True
20,21,7,15,0.9889530455516933,0.02221685035679315,Ambiguous/Mixed,Ambiguous/Mixed,True
20,21,7,16,0.9958350490415055,0.008347297050194727,Ambiguous/Mixed,Ambiguous/Mixed,True
20,21,7,17,0.9890958367079529,0.02192809883444554,Ambiguous/Mixed,Ambiguous/Mixed,True
20,21,7,18,0.9683916398753136,0.06423737376123538,Ambiguous/Mixed,Ambiguous/Mixed,True
20,21,7,19,0.9915305628557127,0.017011013260559878,Ambiguous/Mixed,Ambiguous/Mixed,True
20,21,7,20,0.9951925172016213,0.009638151829070438,Ambiguous/Mixed,Ambiguous/Mixed,True
20,21,7,21,0.9943250356945842,0.011382256193968477,Ambiguous/Mixed,Ambiguous/Mixed,True
20,21,8,1,0.4131342464497218,1.7679653738053343,Fibroblasts/Stromal,Tumor/Epithelials,False
20,21,8,2,0.22080920690568054,3.0209125350122763,Fibroblasts/Stromal,Ambiguous/Mixed,False
20,21,8,3,0.2394219191810069,2.8590558624632205,Fibroblasts/Stromal,Ambiguous/Mixed,False
20,21,8,4,0.6453322941077858,0.8759798203703754,Fibroblasts/Stromal,Tumor/Epithelials,False
20,21,8,5,0.3371026785575834,2.1747354217788644,Fibroblasts/Stromal,Ambiguous/Mixed,False
20,21,8,6,0.34675409854373257,2.1182787999521246,Fibroblasts/Stromal,Ambiguous/Mixed,False
20,21,8,7,0.1582252993672018,3.6874706325755717,Fibroblasts/Stromal,Ambiguous/Mixed,False
20,21,8,8,0.43013871302324475,1.687295067777675,Fibroblasts/Stromal,Ambiguous/Mixed,False
20,21,8,9,0.38669095116688273,1.9002589615600671,Fibroblasts/Stromal,Tumor/Epithelials,False
20,21,8,10,0.5266691906411536,1.2823652985681937,Fibroblasts/Stromal,Fibroblasts/Stromal,True
20,21,8,11,0.4009610916778237,1.8277817692359304,Fibroblasts/Stromal,Ambiguous/Mixed,False
20,21,8,12,0.35352112814374287,2.0796240539819957,Fibroblasts/Stromal,Ambiguous/Mixed,False
20,21,8,13,0.1462271347358795,3.8451882975588267,Fibroblasts/Stromal,Ambiguous/Mixed,False
20,21,8,14,0.3159616405503545,2.3042689268542063,Fibroblasts/Stromal,Ambiguous/Mixed,False
20,21,8,15,0.306033460779398,2.368121668111272,Fibroblasts/Stromal,Ambiguous/Mixed,False
20,21,8,16,0.34058410599331435,2.154186353142694,Fibroblasts/Stromal,Ambiguous/Mixed,False
20,21,8,17,0.32245354643982144,2.2635923903368544,Fibroblasts/Stromal,Ambiguous/Mixed,False
20,21,8,18,0.3603497099746839,2.0413606049108046,Fibroblasts/Stromal,Ambiguous/Mixed,False
20,21,8,19,0.31430386681927003,2.314790064595324,Fibroblasts/Stromal,Ambiguous/Mixed,False
20,21,8,20,0.30602312192785314,2.3681892360573604,Fibroblasts/Stromal,Ambiguous/Mixed,False
20,21,8,21,0.30482849626844555,2.3760119356906935,Fibroblasts/Stromal,Ambiguous/Mixed,False
20,21,9,1,0.47196481806608087,1.5017016683405349,Ambiguous/Mixed,Tumor/Epithelials,False
20,21,9,2,0.924903081372138,0.15613264770836027,Ambiguous/Mixed,Ambiguous/Mixed,True
20,21,9,3,0.9473612177796878,0.10814964950791232,Ambiguous/Mixed,Ambiguous/Mixed,True
20,21,9,4,0.4788658253273224,1.4726696698994335,Ambiguous/Mixed,Tumor/Epithelials,False
20,21,9,5,0.9759560452193831,0.04867545843811459,Ambiguous/Mixed,Ambiguous/Mixed,True
20,21,9,6,0.9614788695474128,0.07856538148908637,Ambiguous/Mixed,Ambiguous/Mixed,True
20,21,9,7,0.4699209029936987,1.5103817798868109,Ambiguous/Mixed,Ambiguous/Mixed,True
20,21,9,8,0.9727036813042236,0.05535156897886478,Ambiguous/Mixed,Ambiguous/Mixed,True
20,21,9,9,0.9619120129385718,0.07766459028242059,Ambiguous/Mixed,Tumor/Epithelials,False
20,21,9,10,0.7979908510083373,0.4513162929997673,Ambiguous/Mixed,Fibroblasts/Stromal,False
20,21,9,11,0.9677102362928162,0.0656451583804629,Ambiguous/Mixed,Ambiguous/Mixed,True
20,21,9,12,0.9588677052076388,0.08400432877776282,Ambiguous/Mixed,Ambiguous/Mixed,True
20,21,9,13,0.47692958020308557,1.4807728591875269,Ambiguous/Mixed,Ambiguous/Mixed,True
20,21,9,14,0.9674730024212815,0.06613551788332964,Ambiguous/Mixed,Ambiguous/Mixed,True
20,21,9,15,0.9615048552915156,0.07851132852177581,Ambiguous/Mixed,Ambiguous/Mixed,True
20,21,9,16,0.9573308083375642,0.08721255003201941,Ambiguous/Mixed,Ambiguous/Mixed,True
20,21,9,17,0.967221332254079,0.06665584848876205,Ambiguous/Mixed,Ambiguous/Mixed,True
20,21,9,18,0.9878304087141581,0.02448849413407111,Ambiguous/Mixed,Ambiguous/Mixed,True
20,21,9,19,0.9646518914317339,0.0719759539820839,Ambiguous/Mixed,Ambiguous/Mixed,True
20,21,9,20,0.9579542783468215,0.0859104566034977,Ambiguous/Mixed,Ambiguous/Mixed,True
20,21,9,21,0.9641014660220525,0.07311746940186872,Ambiguous/Mixed,Ambiguous/Mixed,True
20,21,10,1,0.2494864626877772,2.776701246053979,Ambiguous/Mixed,Tumor/Epithelials,False
20,21,10,2,0.798925231702749,0.448975829875476,Ambiguous/Mixed,Ambiguous/Mixed,True
20,21,10,3,0.7932551710685103,0.4632206594034867,Ambiguous/Mixed,Ambiguous/Mixed,True
20,21,10,4,0.3079666312707264,2.3555276838157533,Ambiguous/Mixed,Tumor/Epithelials,False
20,21,10,5,0.7335774299348476,0.6196442493740844,Ambiguous/Mixed,Ambiguous/Mixed,True
20,21,10,6,0.7560665405007279,0.5592517802809555,Ambiguous/Mixed,Ambiguous/Mixed,True
20,21,10,7,0.6795380675274777,0.7726840482176629,Ambiguous/Mixed,Ambiguous/Mixed,True
20,21,10,8,0.6563820718102252,0.8420244660851589,Ambiguous/Mixed,Ambiguous/Mixed,True
20,21,10,9,0.7858086160579768,0.4820840144441353,Ambiguous/Mixed,Tumor/Epithelials,False
20,21,10,10,0.6558961355126929,0.8435056651694126,Ambiguous/Mixed,Fibroblasts/Stromal,False
20,21,10,11,0.7851661654304412,0.48371981578460366,Ambiguous/Mixed,Ambiguous/Mixed,True
20,21,10,12,0.7944004834761982,0.4603351152917466,Ambiguous/Mixed,Ambiguous/Mixed,True
20,21,10,13,0.8104663219597619,0.4202909816953677,Ambiguous/Mixed,Ambiguous/Mixed,True
20,21,10,14,0.7952921200061288,0.4580915705423318,Ambiguous/Mixed,Ambiguous/Mixed,True
20,21,10,15,0.7551078991440959,0.561789254341066,Ambiguous/Mixed,Ambiguous/Mixed,True
20,21,10,16,0.7929780174701543,0.4639195569002204,Ambiguous/Mixed,Ambiguous/Mixed,True
20,21,10,17,0.7393991641579408,0.6038347258262156,Ambiguous/Mixed,Ambiguous/Mixed,True
20,21,10,18,0.718950587429565,0.659925295285541,Ambiguous/Mixed,Ambiguous/Mixed,True
20,21,10,19,0.7649282065508061,0.5359465944111443,Ambiguous/Mixed,Ambiguous/Mixed,True
20,21,10,20,0.7828007507322501,0.4897541688522404,Ambiguous/Mixed,Ambiguous/Mixed,True
20,21,10,21,0.7793852655003597,0.4984995823652677,Ambiguous/Mixed,Ambiguous/Mixed,True
20,21,11,1,0.24683710869704362,2.798053277730798,Ambiguous/Mixed,Tumor/Epithelials,False
20,21,11,2,0.8033113008641767,0.4380259357036153,Ambiguous/Mixed,Ambiguous/Mixed,True
20,21,11,3,0.7989636194660319,0.44887973367138206,Ambiguous/Mixed,Ambiguous/Mixed,True
20,21,11,4,0.28667355388186366,2.4988223070440023,Ambiguous/Mixed,Tumor/Epithelials,False
20,21,11,5,0.738459468191744,0.6063781249640452,Ambiguous/Mixed,Ambiguous/Mixed,True
20,21,11,6,0.7633277249571501,0.5401356366933194,Ambiguous/Mixed,Ambiguous/Mixed,True
20,21,11,7,0.758449501999809,0.552958117094408,Ambiguous/Mixed,Ambiguous/Mixed,True
20,21,11,8,0.6757715902677778,0.7838002885083418,Ambiguous/Mixed,Ambiguous/Mixed,True
20,21,11,9,0.791651936353615,0.4672669161316707,Ambiguous/Mixed,Tumor/Epithelials,False
20,21,11,10,0.6792572651470906,0.7735106697923243,Ambiguous/Mixed,Fibroblasts/Stromal,False
20,21,11,11,0.8054674061388887,0.43266508263852216,Ambiguous/Mixed,Ambiguous/Mixed,True
20,21,11,12,0.7868247462053968,0.4794994825037347,Ambiguous/Mixed,Ambiguous/Mixed,True
20,21,11,13,0.7561305583164462,0.5590824430541967,Ambiguous/Mixed,Ambiguous/Mixed,True
20,21,11,14,0.7965510785361044,0.4549280459097086,Ambiguous/Mixed,Ambiguous/Mixed,True
20,21,11,15,0.765027493567741,0.5356870129943317,Ambiguous/Mixed,Ambiguous/Mixed,True
20,21,11,16,0.7907931693677478,0.46943765069191845,Ambiguous/Mixed,Ambiguous/Mixed,True
20,21,11,17,0.74814585296707,0.5803146588363366,Ambiguous/Mixed,Ambiguous/Mixed,True
20,21,11,18,0.7299490501900062,0.6295610830713967,Ambiguous/Mixed,Ambiguous/Mixed,True
20,21,11,19,0.7795571134147928,0.49805864774843134,Ambiguous/Mixed,Ambiguous/Mixed,True
20,21,11,20,0.7904952050303555,0.47019137618751555,Ambiguous/Mixed,Ambiguous/Mixed,True
20,21,11,21,0.7900883960035037,0.47122089221075836,Ambiguous/Mixed,Ambiguous/Mixed,True
20,21,12,1,0.3247952694719094,2.249120470468906,Ambiguous/Mixed,Tumor/Epithelials,False
20,21,12,2,0.9814471123449819,0.03745430247211296,Ambiguous/Mixed,Ambiguous/Mixed,True
20,21,12,3,0.9863680670010087,0.02745140186313396,Ambiguous/Mixed,Ambiguous/Mixed,True
20,21,12,4,0.32719107403208275,2.2344219089573896,Ambiguous/Mixed,Tumor/Epithelials,False
20,21,12,5,0.9833306907690809,0.033619611346938624,Ambiguous/Mixed,Ambiguous/Mixed,True
20,21,12,6,0.9984722583896551,0.003057819595005046,Ambiguous/Mixed,Ambiguous/Mixed,True
20,21,12,7,0.6385284041987855,0.8971782373495099,Ambiguous/Mixed,Ambiguous/Mixed,True
20,21,12,8,0.9699813872279825,0.060956792187138044,Ambiguous/Mixed,Ambiguous/Mixed,True
20,21,12,9,0.9886332185187607,0.022863754194125892,Ambiguous/Mixed,Tumor/Epithelials,False
20,21,12,10,0.7855466964455818,0.48275075000097983,Ambiguous/Mixed,Fibroblasts/Stromal,False
20,21,12,11,0.9832006855348087,0.03388404696394036,Ambiguous/Mixed,Ambiguous/Mixed,True
20,21,12,12,0.9935132631800221,0.013015734249294997,Ambiguous/Mixed,Ambiguous/Mixed,True
20,21,12,13,0.6220931453848665,0.9493308920639354,Ambiguous/Mixed,Ambiguous/Mixed,True
20,21,12,14,0.9923386025392511,0.015381793466599392,Ambiguous/Mixed,Ambiguous/Mixed,True
20,21,12,15,0.9964114795268117,0.007189949316115054,Ambiguous/Mixed,Ambiguous/Mixed,True
20,21,12,16,0.9962236662066859,0.007566964287639795,Ambiguous/Mixed,Ambiguous/Mixed,True
20,21,12,17,0.9963818499711439,0.007249422730104118,Ambiguous/Mixed,Ambiguous/Mixed,True
20,21,12,18,0.9718372782223489,0.057133795544909674,Ambiguous/Mixed,Ambiguous/Mixed,True
20,21,12,19,0.9969800948236968,0.006048948582242426,Ambiguous/Mixed,Ambiguous/Mixed,True
20,21,12,20,0.9991698004890431,0.0016610886348455943,Ambiguous/Mixed,Ambiguous/Mixed,True
20,21,12,21,0.9985902357494082,0.00282151780627974,Ambiguous/Mixed,Ambiguous/Mixed,True
20,21,13,1,0.3302875763418741,2.215583121095575,Ambiguous/Mixed,Tumor/Epithelials,False
20,21,13,2,0.9790995895896256,0.04224383158649719,Ambiguous/Mixed,Ambiguous/Mixed,True
20,21,13,3,0.9878159970581842,0.024517672748082066,Ambiguous/Mixed,Ambiguous/Mixed,True
20,21,13,4,0.3317136260447069,2.2069665088991437,Ambiguous/Mixed,Tumor/Epithelials,False
20,21,13,5,0.9863404297351314,0.027507441092294856,Ambiguous/Mixed,Ambiguous/Mixed,True
20,21,13,6,0.9945285386113818,0.010972969316066792,Ambiguous/Mixed,Ambiguous/Mixed,True
20,21,13,7,0.6221847473335897,0.9490364178169048,Ambiguous/Mixed,Ambiguous/Mixed,True
20,21,13,8,0.9728457844348343,0.05505940857201658,Ambiguous/Mixed,Ambiguous/Mixed,True
20,21,13,9,0.9838061702596707,0.032652765553400825,Ambiguous/Mixed,Tumor/Epithelials,False
20,21,13,10,0.7834061693976778,0.4882079652496368,Ambiguous/Mixed,Fibroblasts/Stromal,False
20,21,13,11,0.9879726719929512,0.024200483085949413,Ambiguous/Mixed,Ambiguous/Mixed,True
20,21,13,12,0.9905080300489696,0.01907461162059189,Ambiguous/Mixed,Ambiguous/Mixed,True
20,21,13,13,0.616061222885122,0.9688178651734696,Ambiguous/Mixed,Ambiguous/Mixed,True
20,21,13,14,0.9927170082890787,0.014619284341218768,Ambiguous/Mixed,Ambiguous/Mixed,True
20,21,13,15,0.9970712769646469,0.005866040273452177,Ambiguous/Mixed,Ambiguous/Mixed,True
20,21,13,16,0.9936094427138021,0.012822128623291363,Ambiguous/Mixed,Ambiguous/Mixed,True
20,21,13,17,0.9965171565079425,0.0069778454217375545,Ambiguous/Mixed,Ambiguous/Mixed,True
20,21,13,18,0.9781280623315963,0.044229348880549066,Ambiguous/Mixed,Ambiguous/Mixed,True
20,21,13,19,0.9995966523869985,0.0008068579590600825,Ambiguous/Mixed,Ambiguous/Mixed,True
20,21,13,20,0.9977739589174206,0.004457044790099344,Ambiguous/Mixed,Ambiguous/Mixed,True
20,21,13,21,0.9983757287489866,0.003251183619438377,Ambiguous/Mixed,Ambiguous/Mixed,True
20,21,14,1,0.39871245092363394,1.839029592559486,Ambiguous/Mixed,Tumor/Epithelials,False
20,21,14,2,0.9600307860460907,0.08157985247287387,Ambiguous/Mixed,Ambiguous/Mixed,True
20,21,14,3,0.9713152458982498,0.05820840462510935,Ambiguous/Mixed,Ambiguous/Mixed,True
20,21,14,4,0.41094202516926065,1.778606264835699,Ambiguous/Mixed,Tumor/Epithelials,False
20,21,14,5,0.9772822404212005,0.04595956777518659,Ambiguous/Mixed,Ambiguous/Mixed,True
20,21,14,6,0.9810553842950763,0.038252728065514864,Ambiguous/Mixed,Ambiguous/Mixed,True
20,21,14,7,0.643631847816899,0.8812567624420863,Ambiguous/Mixed,Ambiguous/Mixed,True
20,21,14,8,0.9681060402108175,0.06482730406583392,Ambiguous/Mixed,Ambiguous/Mixed,True
20,21,14,9,0.9819564773701204,0.03641658401375008,Ambiguous/Mixed,Tumor/Epithelials,False
20,21,14,10,0.7747002518862619,0.5105581924078816,Ambiguous/Mixed,Fibroblasts/Stromal,False
20,21,14,11,0.9770548117965825,0.04642505273416345,Ambiguous/Mixed,Ambiguous/Mixed,True
20,21,14,12,0.9745461578917427,0.05156679087740347,Ambiguous/Mixed,Ambiguous/Mixed,True
20,21,14,13,0.5769593278523579,1.0999670078984347,Ambiguous/Mixed,Ambiguous/Mixed,True
20,21,14,14,0.9803277631570169,0.039736622066303795,Ambiguous/Mixed,Ambiguous/Mixed,True
20,21,14,15,0.9779116862091548,0.04467182684856692,Ambiguous/Mixed,Ambiguous/Mixed,True
20,21,14,16,0.9762921750720667,0.04798675532646835,Ambiguous/Mixed,Ambiguous/Mixed,True
20,21,14,17,0.9798128372293948,0.04078741595193773,Ambiguous/Mixed,Ambiguous/Mixed,True
20,21,14,18,0.9945506792980924,0.010928444821492269,Ambiguous/Mixed,Ambiguous/Mixed,True
20,21,14,19,0.9836228384828649,0.03302549926124329,Ambiguous/Mixed,Ambiguous/Mixed,True
20,21,14,20,0.9811946116743174,0.03796891636005274,Ambiguous/Mixed,Ambiguous/Mixed,True
20,21,14,21,0.9848737188521122,0.03048370047992835,Ambiguous/Mixed,Ambiguous/Mixed,True
20,21,15,1,0.31028810995703976,2.340508052314817,Ambiguous/Mixed,Tumor/Epithelials,False
20,21,15,2,0.9849126314465806,0.030404681566089997,Ambiguous/Mixed,Ambiguous/Mixed,True
20,21,15,3,0.9909316648465518,0.018219405569903726,Ambiguous/Mixed,Ambiguous/Mixed,True
20,21,15,4,0.31198367994795123,2.3296088007997784,Ambiguous/Mixed,Tumor/Epithelials,False
20,21,15,5,0.9874624006018213,0.025233716543344074,Ambiguous/Mixed,Ambiguous/Mixed,True
20,21,15,6,0.9957384952407737,0.008541221700549028,Ambiguous/Mixed,Ambiguous/Mixed,True
20,21,15,7,0.6228202367027931,0.9469946929000032,Ambiguous/Mixed,Ambiguous/Mixed,True
20,21,15,8,0.9666351645040434,0.06786828130157849,Ambiguous/Mixed,Ambiguous/Mixed,True
20,21,15,9,0.9829668484152445,0.0343597686237256,Ambiguous/Mixed,Tumor/Epithelials,False
20,21,15,10,0.7745750671801039,0.5108814008263979,Ambiguous/Mixed,Fibroblasts/Stromal,False
20,21,15,11,0.9815645476060582,0.03721500636682297,Ambiguous/Mixed,Ambiguous/Mixed,True
20,21,15,12,0.9928204104666859,0.014410973630528769,Ambiguous/Mixed,Ambiguous/Mixed,True
20,21,15,13,0.6101556568435547,0.9880823584261076,Ambiguous/Mixed,Ambiguous/Mixed,True
20,21,15,14,0.994941764036441,0.01014214428600406,Ambiguous/Mixed,Ambiguous/Mixed,True
20,21,15,15,0.9987656538874516,0.0024702170903590573,Ambiguous/Mixed,Ambiguous/Mixed,True
20,21,15,16,0.9957826965344732,0.008452442743258978,Ambiguous/Mixed,Ambiguous/Mixed,True
20,21,15,17,0.9982362141314084,0.0035306863406412304,Ambiguous/Mixed,Ambiguous/Mixed,True
20,21,15,18,0.9738851734732313,0.05292374800127478,Ambiguous/Mixed,Ambiguous/Mixed,True
20,21,15,19,0.9981726729104756,0.0036579973767053124,Ambiguous/Mixed,Ambiguous/Mixed,True
20,21,15,20,0.9994687368987155,0.0010628085430541656,Ambiguous/Mixed,Ambiguous/Mixed,True
20,21,15,21,0.9989446390565447,0.0021118364578835707,Ambiguous/Mixed,Ambiguous/Mixed,True
20,21,16,1,0.31275740355827203,2.3246549149335856,Ambiguous/Mixed,Tumor/Epithelials,False
20,21,16,2,0.9855929952936124,0.02902358655202774,Ambiguous/Mixed,Ambiguous/Mixed,True
20,21,16,3,0.9918107116528515,0.01644600954162838,Ambiguous/Mixed,Ambiguous/Mixed,True
20,21,16,4,0.3145588390459948,2.313168265507426,Ambiguous/Mixed,Tumor/Epithelials,False
20,21,16,5,0.987220905713182,0.025722898558649558,Ambiguous/Mixed,Ambiguous/Mixed,True
20,21,16,6,0.9951138931406119,0.009796165812528693,Ambiguous/Mixed,Ambiguous/Mixed,True
20,21,16,7,0.6213819973515424,0.9516185071079859,Ambiguous/Mixed,Ambiguous/Mixed,True
20,21,16,8,0.9648714432870829,0.07152081181853279,Ambiguous/Mixed,Ambiguous/Mixed,True
20,21,16,9,0.9823299137654949,0.035656131970588104,Ambiguous/Mixed,Tumor/Epithelials,False
20,21,16,10,0.7752803776243767,0.5090610749493572,Ambiguous/Mixed,Fibroblasts/Stromal,False
20,21,16,11,0.981885894602317,0.036560348643419165,Ambiguous/Mixed,Ambiguous/Mixed,True
20,21,16,12,0.9949211623371086,0.010183557589523756,Ambiguous/Mixed,Ambiguous/Mixed,True
20,21,16,13,0.6221216385436257,0.9492392900057306,Ambiguous/Mixed,Ambiguous/Mixed,True
20,21,16,14,0.9955448111068164,0.008930285645294085,Ambiguous/Mixed,Ambiguous/Mixed,True
20,21,16,15,0.9986183076250208,0.002765295584103682,Ambiguous/Mixed,Ambiguous/Mixed,True
20,21,16,16,0.9972971649638824,0.005412988579587467,Ambiguous/Mixed,Ambiguous/Mixed,True
20,21,16,17,0.9978625634831993,0.004279448189030142,Ambiguous/Mixed,Ambiguous/Mixed,True
20,21,16,18,0.9730997175509184,0.05453743482246126,Ambiguous/Mixed,Ambiguous/Mixed,True
20,21,16,19,0.9979199749949708,0.00416438252294604,Ambiguous/Mixed,Ambiguous/Mixed,True
20,21,16,20,0.9994947457393212,0.0010107638892464048,Ambiguous/Mixed,Ambiguous/Mixed,True
20,21,16,21,0.9985678180777676,0.0028664169500376225,Ambiguous/Mixed,Ambiguous/Mixed,True
20,21,17,1,0.3022273848739521,2.3931512297413926,Ambiguous/Mixed,Tumor/Epithelials,False
20,21,17,2,0.98553613922219,0.02913896422149171,Ambiguous/Mixed,Ambiguous/Mixed,True
20,21,17,3,0.9915652601580094,0.016941027126965026,Ambiguous/Mixed,Ambiguous/Mixed,True
20,21,17,4,0.3037299475202394,2.383232605801661,Ambiguous/Mixed,Tumor/Epithelials,False
20,21,17,5,0.9867422160947693,0.026692905794362575,Ambiguous/Mixed,Ambiguous/Mixed,True
20,21,17,6,0.9949006197537187,0.010224852912703915,Ambiguous/Mixed,Ambiguous/Mixed,True
20,21,17,7,0.6280981891545937,0.9301175451573331,Ambiguous/Mixed,Ambiguous/Mixed,True
20,21,17,8,0.9643623187321892,0.07257641135599845,Ambiguous/Mixed,Ambiguous/Mixed,True
20,21,17,9,0.9813308696836036,0.03769119663452694,Ambiguous/Mixed,Tumor/Epithelials,False
20,21,17,10,0.7668192056755069,0.5310084431982562,Ambiguous/Mixed,Fibroblasts/Stromal,False
20,21,17,11,0.9800770358053701,0.0402482048846005,Ambiguous/Mixed,Ambiguous/Mixed,True
20,21,17,12,0.9928917574603265,0.014267252914457802,Ambiguous/Mixed,Ambiguous/Mixed,True
20,21,17,13,0.6329045643500747,0.9148712708479037,Ambiguous/Mixed,Ambiguous/Mixed,True
20,21,17,14,0.9945774936748926,0.010874522953276634,Ambiguous/Mixed,Ambiguous/Mixed,True
20,21,17,15,0.9989489834054579,0.0021031385995705747,Ambiguous/Mixed,Ambiguous/Mixed,True
20,21,17,16,0.9958036490020896,0.00841036077646062,Ambiguous/Mixed,Ambiguous/Mixed,True
20,21,17,17,0.9980741954041039,0.0038553226835393944,Ambiguous/Mixed,Ambiguous/Mixed,True
20,21,17,18,0.9726597948486658,0.055441807036900125,Ambiguous/Mixed,Ambiguous/Mixed,True
20,21,17,19,0.9982436980603836,0.0035156920921551307,Ambiguous/Mixed,Ambiguous/Mixed,True
20,21,17,20,0.9994649391653264,0.001070408061606751,Ambiguous/Mixed,Ambiguous/Mixed,True
20,21,17,21,0.9986135058798074,0.002774912385079779,Ambiguous/Mixed,Ambiguous/Mixed,True
20,21,18,1,0.3144298607702908,2.313988491864748,Ambiguous/Mixed,Tumor/Epithelials,False
20,21,18,2,0.9850804628379309,0.03006390597201645,Ambiguous/Mixed,Ambiguous/Mixed,True
20,21,18,3,0.991095679100973,0.01788840255867616,Ambiguous/Mixed,Ambiguous/Mixed,True
20,21,18,4,0.3155950412861542,2.3065908043098213,Ambiguous/Mixed,Tumor/Epithelials,False
20,21,18,5,0.986646077151168,0.026887776604139733,Ambiguous/Mixed,Ambiguous/Mixed,True
20,21,18,6,0.996128413182574,0.007758201619976602,Ambiguous/Mixed,Ambiguous/Mixed,True
20,21,18,7,0.6320370844004536,0.9176144174158766,Ambiguous/Mixed,Ambiguous/Mixed,True
20,21,18,8,0.966714059298957,0.06770505203293722,Ambiguous/Mixed,Ambiguous/Mixed,True
20,21,18,9,0.984042277831081,0.032172835154751625,Ambiguous/Mixed,Tumor/Epithelials,False
20,21,18,10,0.7711538524809747,0.5197347521282975,Ambiguous/Mixed,Fibroblasts/Stromal,False
20,21,18,11,0.9819248948575804,0.036480910735291125,Ambiguous/Mixed,Ambiguous/Mixed,True
20,21,18,12,0.993319880262035,0.013405063205752391,Ambiguous/Mixed,Ambiguous/Mixed,True
20,21,18,13,0.6091908499523431,0.9912473557002429,Ambiguous/Mixed,Ambiguous/Mixed,True
20,21,18,14,0.9947454330140896,0.010536841549532824,Ambiguous/Mixed,Ambiguous/Mixed,True
20,21,18,15,0.9983122298422312,0.0033783920928578334,Ambiguous/Mixed,Ambiguous/Mixed,True
20,21,18,16,0.9961273397817157,0.007760356766687294,Ambiguous/Mixed,Ambiguous/Mixed,True
20,21,18,17,0.9977368413463753,0.0045314469352435525,Ambiguous/Mixed,Ambiguous/Mixed,True
20,21,18,18,0.9742747039554903,0.052123956378496754,Ambiguous/Mixed,Ambiguous/Mixed,True
20,21,18,19,0.9980689947086717,0.003865744171252237,Ambiguous/Mixed,Ambiguous/Mixed,True
20,21,18,20,0.9997357428525252,0.0005285841390943245,Ambiguous/Mixed,Ambiguous/Mixed,True
20,21,18,21,0.9992788803862221,0.0014427594911829151,Ambiguous/Mixed,Ambiguous/Mixed,True
20,21,19,1,0.30671591563143275,2.3636666321014896,Ambiguous/Mixed,Tumor/Epithelials,False
20,21,19,2,0.9851206646819952,0.029982286195216402,Ambiguous/Mixed,Ambiguous/Mixed,True
20,21,19,3,0.991347888163415,0.01737951732639522,Ambiguous/Mixed,Ambiguous/Mixed,True
20,21,19,4,0.30815009470135474,2.354336588503342,Ambiguous/Mixed,Tumor/Epithelials,False
20,21,19,5,0.9871264522769703,0.025914259893120975,Ambiguous/Mixed,Ambiguous/Mixed,True
20,21,19,6,0.9951339594322792,0.009755836580886447,Ambiguous/Mixed,Ambiguous/Mixed,True
20,21,19,7,0.6288631662103953,0.9276831754864385,Ambiguous/Mixed,Ambiguous/Mixed,True
20,21,19,8,0.9658740584359107,0.06944365511806612,Ambiguous/Mixed,Ambiguous/Mixed,True
20,21,19,9,0.9819401631575281,0.03644981226467956,Ambiguous/Mixed,Tumor/Epithelials,False
20,21,19,10,0.7700458539889116,0.5226104305450523,Ambiguous/Mixed,Fibroblasts/Stromal,False
20,21,19,11,0.9810029348990997,0.0383596553580954,Ambiguous/Mixed,Ambiguous/Mixed,True
20,21,19,12,0.9926909750340546,0.01467173352092252,Ambiguous/Mixed,Ambiguous/Mixed,True
20,21,19,13,0.6271753312734296,0.933058284470042,Ambiguous/Mixed,Ambiguous/Mixed,True
20,21,19,14,0.9945196932540871,0.010990757436340709,Ambiguous/Mixed,Ambiguous/Mixed,True
20,21,19,15,0.9990402006802043,0.0019205204442045388,Ambiguous/Mixed,Ambiguous/Mixed,True
20,21,19,16,0.9956358040661314,0.008747493670151305,Ambiguous/Mixed,Ambiguous/Mixed,True
20,21,19,17,0.9982996637189019,0.0034035669871275978,Ambiguous/Mixed,Ambiguous/Mixed,True
20,21,19,18,0.9743441296932464,0.05198144366829063,Ambiguous/Mixed,Ambiguous/Mixed,True
20,21,19,19,0.99862557563811,0.0027507394987898604,Ambiguous/Mixed,Ambiguous/Mixed,True
20,21,19,20,0.9994919075562109,0.0010164431329884836,Ambiguous/Mixed,Ambiguous/Mixed,True
20,21,19,21,0.9988153725172949,0.002370659416960481,Ambiguous/Mixed,Ambiguous/Mixed,True
20,21,20,1,0.3095214463518393,2.3454557914285314,Ambiguous/Mixed,Tumor/Epithelials,False
20,21,20,2,0.9845934684946072,0.031052890687710586,Ambiguous/Mixed,Ambiguous/Mixed,True
20,21,20,3,0.9918313265314004,0.0164044397862938,Ambiguous/Mixed,Ambiguous/Mixed,True
20,21,20,4,0.3110742283027046,2.33544743813411,Ambiguous/Mixed,Tumor/Epithelials,False
20,21,20,5,0.9877256734372245,0.024700556505730126,Ambiguous/Mixed,Ambiguous/Mixed,True
20,21,20,6,0.9952206476414444,0.009581619968606887,Ambiguous/Mixed,Ambiguous/Mixed,True
20,21,20,7,0.6292095377568635,0.926581898734697,Ambiguous/Mixed,Ambiguous/Mixed,True
20,21,20,8,0.9662490944120291,0.06866723260012106,Ambiguous/Mixed,Ambiguous/Mixed,True
20,21,20,9,0.9825417469167724,0.03522489128176955,Ambiguous/Mixed,Tumor/Epithelials,False
20,21,20,10,0.76200446913107,0.5436057166225712,Ambiguous/Mixed,Fibroblasts/Stromal,False
20,21,20,11,0.9811461155091332,0.0380677700698542,Ambiguous/Mixed,Ambiguous/Mixed,True
20,21,20,12,0.992094622930594,0.01587358045495451,Ambiguous/Mixed,Ambiguous/Mixed,True
20,21,20,13,0.6216816358103503,0.9506543136214496,Ambiguous/Mixed,Ambiguous/Mixed,True
20,21,20,14,0.9952166052046837,0.009589743684649411,Ambiguous/Mixed,Ambiguous/Mixed,True
20,21,20,15,0.9985485772721255,0.0029049541243104586,Ambiguous/Mixed,Ambiguous/Mixed,True
20,21,20,16,0.9951428207209332,0.009738027422396964,Ambiguous/Mixed,Ambiguous/Mixed,True
20,21,20,17,0.9977300647915367,0.0045450308334637046,Ambiguous/Mixed,Ambiguous/Mixed,True
20,21,20,18,0.976139684732758,0.04829916641288437,Ambiguous/Mixed,Ambiguous/Mixed,True
20,21,20,19,0.9984894685242748,0.0030233469571209794,Ambiguous/Mixed,Ambiguous/Mixed,True
20,21,20,20,0.9996004418286912,0.0007992760318880784,Ambiguous/Mixed,Ambiguous/Mixed,True
20,21,20,21,0.9995426458013993,0.0009149176338636373,Ambiguous/Mixed,Ambiguous/Mixed,True
21,22,1,1,0.12411063031607462,4.173163862329484,Tumor/Epithelials,Tumor/Epithelials,True
21,22,1,2,0.23985263543564014,2.855461126490381,Tumor/Epithelials,Ambiguous/Mixed,False
21,22,1,3,0.8541586528658723,0.3152766525165609,Tumor/Epithelials,Tumor/Epithelials,True
21,22,1,4,0.3017150695627259,2.396544370464307,Tumor/Epithelials,Ambiguous/Mixed,False
21,22,1,5,0.3081470406673931,2.3543564103313948,Tumor/Epithelials,Ambiguous/Mixed,False
21,22,1,6,0.40370700863856745,1.8141317805336792,Tumor/Epithelials,Tumor/Epithelials,True
21,22,1,7,0.3958314393898219,1.853533632904589,Tumor/Epithelials,Tumor/Epithelials,True
21,22,1,8,0.04681877544227065,6.122941943695367,Tumor/Epithelials,Ambiguous/Mixed,False
21,22,1,9,0.42575322773923824,1.7077907563325692,Tumor/Epithelials,Ambiguous/Mixed,False
21,22,1,10,0.4231103911703673,1.7202443238983431,Tumor/Epithelials,Fibroblasts/Stromal,False
21,22,1,11,0.3865677846364804,1.90089609128517,Tumor/Epithelials,Ambiguous/Mixed,False
21,22,1,12,0.35763906263882617,2.0564620121627217,Tumor/Epithelials,Ambiguous/Mixed,False
21,22,1,13,0.08737265122258016,4.875145920724476,Tumor/Epithelials,Ambiguous/Mixed,False
21,22,1,14,0.3037982560535934,2.382782858558718,Tumor/Epithelials,Ambiguous/Mixed,False
21,22,1,15,0.33725389813414536,2.173838450744113,Tumor/Epithelials,Ambiguous/Mixed,False
21,22,1,16,0.3160668079812103,2.303603340157463,Tumor/Epithelials,Ambiguous/Mixed,False
21,22,1,17,0.23426386709724667,2.9026143235239097,Tumor/Epithelials,Ambiguous/Mixed,False
21,22,1,18,0.1028726893406161,4.548526162163419,Tumor/Epithelials,Ambiguous/Mixed,False
21,22,1,19,0.3316958526869895,2.2070736726240616,Tumor/Epithelials,Ambiguous/Mixed,False
21,22,1,20,0.33214463038362846,2.204369542481652,Tumor/Epithelials,Ambiguous/Mixed,False
21,22,1,21,0.3146293595984197,2.3127199382637036,Tumor/Epithelials,Ambiguous/Mixed,False
21,22,1,22,0.1814140535391265,3.4139465432993115,Tumor/Epithelials,Ambiguous/Mixed,False
21,22,2,1,0.11750287664236803,4.282584927269795,Ambiguous/Mixed,Tumor/Epithelials,False
21,22,2,2,0.9939276782841667,0.012181666475999688,Ambiguous/Mixed,Ambiguous/Mixed,True
21,22,2,3,0.3156700393761402,2.3061155802390703,Ambiguous/Mixed,Tumor/Epithelials,False
21,22,2,4,0.9608611090533328,0.07985081595379606,Ambiguous/Mixed,Ambiguous/Mixed,True
21,22,2,5,0.9785920348237828,0.04328087903745497,Ambiguous/Mixed,Ambiguous/Mixed,True
21,22,2,6,0.9629953787177803,0.07541333206959756,Ambiguous/Mixed,Tumor/Epithelials,False
21,22,2,7,0.9672311456287673,0.06663555670118784,Ambiguous/Mixed,Tumor/Epithelials,False
21,22,2,8,0.44136032693973576,1.6357873385259785,Ambiguous/Mixed,Ambiguous/Mixed,True
21,22,2,9,0.9503903801642051,0.10176490461216106,Ambiguous/Mixed,Ambiguous/Mixed,True
21,22,2,10,0.953482924920368,0.09526752378793552,Ambiguous/Mixed,Fibroblasts/Stromal,False
21,22,2,11,0.9684835656941632,0.0640475302056894,Ambiguous/Mixed,Ambiguous/Mixed,True
21,22,2,12,0.9750398262179426,0.05055392283100853,Ambiguous/Mixed,Ambiguous/Mixed,True
21,22,2,13,0.5661893110746801,1.137653569677612,Ambiguous/Mixed,Ambiguous/Mixed,True
21,22,2,14,0.9819954930582881,0.03633712038376243,Ambiguous/Mixed,Ambiguous/Mixed,True
21,22,2,15,0.9787322869331746,0.04299425896520043,Ambiguous/Mixed,Ambiguous/Mixed,True
21,22,2,16,0.9840390811165685,0.032179332273375286,Ambiguous/Mixed,Ambiguous/Mixed,True
21,22,2,17,0.7542152290289635,0.5641550041332861,Ambiguous/Mixed,Ambiguous/Mixed,True
21,22,2,18,0.5144927259243006,1.3291477239063312,Ambiguous/Mixed,Ambiguous/Mixed,True
21,22,2,19,0.9809221811755313,0.03852429716415081,Ambiguous/Mixed,Ambiguous/Mixed,True
21,22,2,20,0.9819054875743506,0.0365204401842783,Ambiguous/Mixed,Ambiguous/Mixed,True
21,22,2,21,0.9860030932912205,0.02819157434446307,Ambiguous/Mixed,Ambiguous/Mixed,True
21,22,2,22,0.8291081219594423,0.3748094155846954,Ambiguous/Mixed,Ambiguous/Mixed,True
21,22,3,1,0.12839287548608883,4.105320752268393,Ambiguous/Mixed,Tumor/Epithelials,False
21,22,3,2,0.9911958337213115,0.01768630388696014,Ambiguous/Mixed,Ambiguous/Mixed,True
21,22,3,3,0.3595378979324268,2.045871377856277,Ambiguous/Mixed,Tumor/Epithelials,False
21,22,3,4,0.9722561044672964,0.05627205452947022,Ambiguous/Mixed,Ambiguous/Mixed,True
21,22,3,5,0.9900926187858297,0.01991357180062786,Ambiguous/Mixed,Ambiguous/Mixed,True
21,22,3,6,0.9704985610186232,0.059890718191674665,Ambiguous/Mixed,Tumor/Epithelials,False
21,22,3,7,0.9731359252282321,0.054463019008626434,Ambiguous/Mixed,Tumor/Epithelials,False
21,22,3,8,0.38377172734776505,1.915414726375384,Ambiguous/Mixed,Ambiguous/Mixed,True
21,22,3,9,0.9638355678395005,0.07366914340276745,Ambiguous/Mixed,Ambiguous/Mixed,True
21,22,3,10,0.9656238626288367,0.06996179351364956,Ambiguous/Mixed,Fibroblasts/Stromal,False
21,22,3,11,0.9798330956852399,0.040746064694538515,Ambiguous/Mixed,Ambiguous/Mixed,True
21,22,3,12,0.9812385230487126,0.037879412420019395,Ambiguous/Mixed,Ambiguous/Mixed,True
21,22,3,13,0.49661430059799877,1.3998832186139851,Ambiguous/Mixed,Ambiguous/Mixed,True
21,22,3,14,0.9903046019122635,0.019485408955259187,Ambiguous/Mixed,Ambiguous/Mixed,True
21,22,3,15,0.9881908197722996,0.02375892492308809,Ambiguous/Mixed,Ambiguous/Mixed,True
21,22,3,16,0.9903171635251102,0.019460039926066493,Ambiguous/Mixed,Ambiguous/Mixed,True
21,22,3,17,0.7743206119183524,0.5115385277523087,Ambiguous/Mixed,Ambiguous/Mixed,True
21,22,3,18,0.4689864542274585,1.5143627863943654,Ambiguous/Mixed,Ambiguous/Mixed,True
21,22,3,19,0.98872375297246,0.0226806118378032,Ambiguous/Mixed,Ambiguous/Mixed,True
21,22,3,20,0.9913876226170527,0.017299356450823155,Ambiguous/Mixed,Ambiguous/Mixed,True
21,22,3,21,0.9915188130279181,0.017034713785494073,Ambiguous/Mixed,Ambiguous/Mixed,True
21,22,3,22,0.8216017394472609,0.3929990064477984,Ambiguous/Mixed,Ambiguous/Mixed,True
21,22,4,1,0.24957364889668138,2.7760024427814485,Tumor/Epithelials,Tumor/Epithelials,True
21,22,4,2,0.2041888306193321,3.177420145975737,Tumor/Epithelials,Ambiguous/Mixed,False
21,22,4,3,0.8298076851231747,0.37312261942008346,Tumor/Epithelials,Tumor/Epithelials,True
21,22,4,4,0.3133000164605357,2.3211880569695573,Tumor/Epithelials,Ambiguous/Mixed,False
21,22,4,5,0.3336520028395599,2.1953134736690676,Tumor/Epithelials,Ambiguous/Mixed,False
21,22,4,6,0.4091240287044964,1.7874738404873367,Tumor/Epithelials,Tumor/Epithelials,True
21,22,4,7,0.4037943496921015,1.813699132078176,Tumor/Epithelials,Tumor/Epithelials,True
21,22,4,8,0.07670495555979989,5.135577926101339,Tumor/Epithelials,Ambiguous/Mixed,False
21,22,4,9,0.4324247254905944,1.6766940257325256,Tumor/Epithelials,Ambiguous/Mixed,False
21,22,4,10,0.43091870510995733,1.683671651807344,Tumor/Epithelials,Fibroblasts/Stromal,False
21,22,4,11,0.38852372952501035,1.890802062362554,Tumor/Epithelials,Ambiguous/Mixed,False
21,22,4,12,0.35538535189167997,2.069105159895121,Tumor/Epithelials,Ambiguous/Mixed,False
21,22,4,13,0.11909209705582367,4.255716320714309,Tumor/Epithelials,Ambiguous/Mixed,False
21,22,4,14,0.3043197992395066,2.379352318654532,Tumor/Epithelials,Ambiguous/Mixed,False
21,22,4,15,0.33691981378063385,2.1758206364921113,Tumor/Epithelials,Ambiguous/Mixed,False
21,22,4,16,0.31599944789601303,2.304029625122534,Tumor/Epithelials,Ambiguous/Mixed,False
21,22,4,17,0.2344886773833435,2.9006959526821507,Tumor/Epithelials,Ambiguous/Mixed,False
21,22,4,18,0.11780786042383862,4.2774005662661505,Tumor/Epithelials,Ambiguous/Mixed,False
21,22,4,19,0.33454466621470974,2.1899697540874588,Tumor/Epithelials,Ambiguous/Mixed,False
21,22,4,20,0.33310286973349434,2.1986078371769384,Tumor/Epithelials,Ambiguous/Mixed,False
21,22,4,21,0.31522440644224714,2.3089409847799423,Tumor/Epithelials,Ambiguous/Mixed,False
21,22,4,22,0.2096670902661187,3.124468581209398,Tumor/Epithelials,Ambiguous/Mixed,False
21,22,5,1,0.13541745132966157,3.9987860791773264,Ambiguous/Mixed,Tumor/Epithelials,False
21,22,5,2,0.9566620011007699,0.08861027161324386,Ambiguous/Mixed,Ambiguous/Mixed,True
21,22,5,3,0.4543937370038007,1.5775823893447622,Ambiguous/Mixed,Tumor/Epithelials,False
21,22,5,4,0.9864733210311096,0.02723799589783052,Ambiguous/Mixed,Ambiguous/Mixed,True
21,22,5,5,0.9975230497811177,0.00496004587020221,Ambiguous/Mixed,Ambiguous/Mixed,True
21,22,5,6,0.9769079374034919,0.04672572252621021,Ambiguous/Mixed,Tumor/Epithelials,False
21,22,5,7,0.9744200440771444,0.051825623102707094,Ambiguous/Mixed,Tumor/Epithelials,False
21,22,5,8,0.3129570584113467,2.3233785828557108,Ambiguous/Mixed,Ambiguous/Mixed,True
21,22,5,9,0.9772676255361449,0.04598947723988841,Ambiguous/Mixed,Ambiguous/Mixed,True
21,22,5,10,0.9697616804848702,0.06140985578655776,Ambiguous/Mixed,Fibroblasts/Stromal,False
21,22,5,11,0.9830194298262168,0.034252786369440825,Ambiguous/Mixed,Ambiguous/Mixed,True
21,22,5,12,0.9835879900251923,0.03309635787420186,Ambiguous/Mixed,Ambiguous/Mixed,True
21,22,5,13,0.42265286200305857,1.7224081881249957,Ambiguous/Mixed,Ambiguous/Mixed,True
21,22,5,14,0.9899289240286437,0.020244264682536914,Ambiguous/Mixed,Ambiguous/Mixed,True
21,22,5,15,0.9880254970914271,0.02409354958911761,Ambiguous/Mixed,Ambiguous/Mixed,True
21,22,5,16,0.9867520573083982,0.026672959015166635,Ambiguous/Mixed,Ambiguous/Mixed,True
21,22,5,17,0.7507846788829965,0.573272761734372,Ambiguous/Mixed,Ambiguous/Mixed,True
21,22,5,18,0.42205126717325026,1.725256972264878,Ambiguous/Mixed,Ambiguous/Mixed,True
21,22,5,19,0.9859420248737272,0.02831544882139502,Ambiguous/Mixed,Ambiguous/Mixed,True
21,22,5,20,0.9913199400491689,0.017435902190970732,Ambiguous/Mixed,Ambiguous/Mixed,True
21,22,5,21,0.9858268615111044,0.028549073286308457,Ambiguous/Mixed,Ambiguous/Mixed,True
21,22,5,22,0.7563734128039559,0.5584401849332695,Ambiguous/Mixed,Ambiguous/Mixed,True
21,22,6,1,0.16212732650597464,3.6387465727461756,Ambiguous/Mixed,Tumor/Epithelials,False
21,22,6,2,0.9522770933993234,0.09779844409347313,Ambiguous/Mixed,Ambiguous/Mixed,True
21,22,6,3,0.44792414581262996,1.606262756570961,Ambiguous/Mixed,Tumor/Epithelials,False
21,22,6,4,0.9816781885710112,0.03698346909843346,Ambiguous/Mixed,Ambiguous/Mixed,True
21,22,6,5,0.9865904012764312,0.027000638646495632,Ambiguous/Mixed,Ambiguous/Mixed,True
21,22,6,6,0.99831174311237,0.0033793671985717566,Ambiguous/Mixed,Tumor/Epithelials,False
21,22,6,7,0.9981421382352835,0.003719179460861594,Ambiguous/Mixed,Tumor/Epithelials,False
21,22,6,8,0.3869367332386282,1.8989881586404245,Ambiguous/Mixed,Ambiguous/Mixed,True
21,22,6,9,0.9864808508307493,0.027222729857195586,Ambiguous/Mixed,Ambiguous/Mixed,True
21,22,6,10,0.9854179970798543,0.029378730617474563,Ambiguous/Mixed,Fibroblasts/Stromal,False
21,22,6,11,0.9910367087644035,0.018007406388991162,Ambiguous/Mixed,Ambiguous/Mixed,True
21,22,6,12,0.9983401149020896,0.0033225284670572054,Ambiguous/Mixed,Ambiguous/Mixed,True
21,22,6,13,0.4860140845335034,1.4430353499599171,Ambiguous/Mixed,Ambiguous/Mixed,True
21,22,6,14,0.9918012088454802,0.016465172175756902,Ambiguous/Mixed,Ambiguous/Mixed,True
21,22,6,15,0.9941722307246526,0.011689633976805622,Ambiguous/Mixed,Ambiguous/Mixed,True
21,22,6,16,0.9964081044555759,0.007196723780322337,Ambiguous/Mixed,Ambiguous/Mixed,True
21,22,6,17,0.7695331026994278,0.5239426163513452,Ambiguous/Mixed,Ambiguous/Mixed,True
21,22,6,18,0.48512802747930955,1.4466848973911304,Ambiguous/Mixed,Ambiguous/Mixed,True
21,22,6,19,0.9964879643843195,0.007036434581030902,Ambiguous/Mixed,Ambiguous/Mixed,True
21,22,6,20,0.9920857860614352,0.01589139510349948,Ambiguous/Mixed,Ambiguous/Mixed,True
21,22,6,21,0.9959999480227775,0.008016147167013253,Ambiguous/Mixed,Ambiguous/Mixed,True
21,22,6,22,0.7694220701959773,0.5242312082625293,Ambiguous/Mixed,Ambiguous/Mixed,True
21,22,7,1,0.09258506540837445,4.759254862048466,Ambiguous/Mixed,Tumor/Epithelials,False
21,22,7,2,0.670220712799492,0.8002963975117485,Ambiguous/Mixed,Ambiguous/Mixed,True
21,22,7,3,0.1523288280047775,3.7634275053087674,Ambiguous/Mixed,Tumor/Epithelials,False
21,22,7,4,0.5753298902735311,1.1056233609712371,Ambiguous/Mixed,Ambiguous/Mixed,True
21,22,7,5,0.5945676000540047,1.0398417204513792,Ambiguous/Mixed,Ambiguous/Mixed,True
21,22,7,6,0.5823216926705047,1.0814644948120373,Ambiguous/Mixed,Tumor/Epithelials,False
21,22,7,7,0.6009211060183549,1.018583248495694,Ambiguous/Mixed,Tumor/Epithelials,False
21,22,7,8,0.5871702005783724,1.0648811026068117,Ambiguous/Mixed,Ambiguous/Mixed,True
21,22,7,9,0.5465680375361921,1.2081929645012117,Ambiguous/Mixed,Ambiguous/Mixed,True
21,22,7,10,0.6099509137113983,0.9887535887563731,Ambiguous/Mixed,Fibroblasts/Stromal,False
21,22,7,11,0.6021489663517112,1.0145008237462674,Ambiguous/Mixed,Ambiguous/Mixed,True
21,22,7,12,0.5701975884582906,1.123544663606952,Ambiguous/Mixed,Ambiguous/Mixed,True
21,22,7,13,0.7562024638679734,0.5588922586159106,Ambiguous/Mixed,Ambiguous/Mixed,True
21,22,7,14,0.6081028797289151,0.994822402499857,Ambiguous/Mixed,Ambiguous/Mixed,True
21,22,7,15,0.6181813183182094,0.9619469384390658,Ambiguous/Mixed,Ambiguous/Mixed,True
21,22,7,16,0.6208793075216603,0.9532371355087843,Ambiguous/Mixed,Ambiguous/Mixed,True
21,22,7,17,0.4178856470217075,1.7450949112067053,Ambiguous/Mixed,Ambiguous/Mixed,True
21,22,7,18,0.39976413863506144,1.8337611184008884,Ambiguous/Mixed,Ambiguous/Mixed,True
21,22,7,19,0.641155002484103,0.8889680754918162,Ambiguous/Mixed,Ambiguous/Mixed,True
21,22,7,20,0.6015450396461391,1.016507734981975,Ambiguous/Mixed,Ambiguous/Mixed,True
21,22,7,21,0.6402947458115751,0.8916533366279658,Ambiguous/Mixed,Ambiguous/Mixed,True
21,22,7,22,0.7839944451386356,0.48670668787836496,Ambiguous/Mixed,Ambiguous/Mixed,True
21,22,8,1,0.18003424622769318,3.429216378735885,Ambiguous/Mixed,Tumor/Epithelials,False
21,22,8,2,0.908976897119993,0.19087120167444308,Ambiguous/Mixed,Ambiguous/Mixed,True
21,22,8,3,0.5680635234766777,1.1310440588149238,Ambiguous/Mixed,Tumor/Epithelials,False
21,22,8,4,0.958356465980452,0.0850709525914761,Ambiguous/Mixed,Ambiguous/Mixed,True
21,22,8,5,0.9635938405126868,0.07417080084772203,Ambiguous/Mixed,Ambiguous/Mixed,True
21,22,8,6,0.9821870604595824,0.03594699900414116,Ambiguous/Mixed,Tumor/Epithelials,False
21,22,8,7,0.9761255433875545,0.04832814064241027,Ambiguous/Mixed,Tumor/Epithelials,False
21,22,8,8,0.3043912262392405,2.3788829530799194,Ambiguous/Mixed,Ambiguous/Mixed,True
21,22,8,9,0.9973429956746315,0.005321080852747312,Ambiguous/Mixed,Ambiguous/Mixed,True
21,22,8,10,0.98698797312102,0.02619484982123413,Ambiguous/Mixed,Fibroblasts/Stromal,False
21,22,8,11,0.9826051041788003,0.03509592939372646,Ambiguous/Mixed,Ambiguous/Mixed,True
21,22,8,12,0.9766241860650305,0.04730672416329221,Ambiguous/Mixed,Ambiguous/Mixed,True
21,22,8,13,0.3952279482137149,1.8565851928892965,Ambiguous/Mixed,Ambiguous/Mixed,True
21,22,8,14,0.9657867956414605,0.06962435515001078,Ambiguous/Mixed,Ambiguous/Mixed,True
21,22,8,15,0.9734398901711667,0.053838404353496,Ambiguous/Mixed,Ambiguous/Mixed,True
21,22,8,16,0.9668216050823712,0.06748256679926648,Ambiguous/Mixed,Ambiguous/Mixed,True
21,22,8,17,0.7726562880392477,0.5158419521183304,Ambiguous/Mixed,Ambiguous/Mixed,True
21,22,8,18,0.46279151676755104,1.540957228129897,Ambiguous/Mixed,Ambiguous/Mixed,True
21,22,8,19,0.9703750889166407,0.06014518525016274,Ambiguous/Mixed,Ambiguous/Mixed,True
21,22,8,20,0.969394495561447,0.06216726755637251,Ambiguous/Mixed,Ambiguous/Mixed,True
21,22,8,21,0.9651369301721245,0.07097058231618028,Ambiguous/Mixed,Ambiguous/Mixed,True
21,22,8,22,0.6653823400476488,0.8147869122103274,Ambiguous/Mixed,Ambiguous/Mixed,True
21,22,9,1,0.17640697322748555,3.4699232108454154,Tumor/Epithelials,Tumor/Epithelials,True
21,22,9,2,0.9337850842539328,0.13701793948557678,Tumor/Epithelials,Ambiguous/Mixed,False
21,22,9,3,0.5118561266914905,1.3394233919738556,Tumor/Epithelials,Tumor/Epithelials,True
21,22,9,4,0.9679507368301752,0.06514816940990256,Tumor/Epithelials,Ambiguous/Mixed,False
21,22,9,5,0.9730475593520984,0.05464463780643174,Tumor/Epithelials,Ambiguous/Mixed,False
21,22,9,6,0.9951760217641903,0.009671302347898234,Tumor/Epithelials,Tumor/Epithelials,True
21,22,9,7,0.9939365240820455,0.012163866874058554,Tumor/Epithelials,Tumor/Epithelials,True
21,22,9,8,0.37716368605826667,1.9501520104746213,Tumor/Epithelials,Ambiguous/Mixed,False
21,22,9,9,0.9793703035761554,0.04169092242164635,Tumor/Epithelials,Ambiguous/Mixed,False
21,22,9,10,0.9823127645932469,0.03569104757623461,Tumor/Epithelials,Fibroblasts/Stromal,False
21,22,9,11,0.9841158166249423,0.032023378067736905,Tumor/Epithelials,Ambiguous/Mixed,False
21,22,9,12,0.9903231432441046,0.019447963591006496,Tumor/Epithelials,Ambiguous/Mixed,False
21,22,9,13,0.51046703803902,1.3448584229122074,Tumor/Epithelials,Ambiguous/Mixed,False
21,22,9,14,0.9764227024866402,0.04771937903663116,Tumor/Epithelials,Ambiguous/Mixed,False
21,22,9,15,0.9839796248558303,0.03230017718318393,Tumor/Epithelials,Ambiguous/Mixed,False
21,22,9,16,0.9850562225902321,0.030113121334340114,Tumor/Epithelials,Ambiguous/Mixed,False
21,22,9,17,0.7229527135353946,0.6488229241889695,Tumor/Epithelials,Ambiguous/Mixed,False
21,22,9,18,0.46426543473451,1.5345976654019742,Tumor/Epithelials,Ambiguous/Mixed,False
21,22,9,19,0.9873502236339473,0.025460931959364826,Tumor/Epithelials,Ambiguous/Mixed,False
21,22,9,20,0.9808466472085189,0.038678309127144435,Tumor/Epithelials,Ambiguous/Mixed,False
21,22,9,21,0.9841225819908114,0.03200962898962956,Tumor/Epithelials,Ambiguous/Mixed,False
21,22,9,22,0.7914411140274098,0.4677996007452523,Tumor/Epithelials,Ambiguous/Mixed,False
21,22,10,1,0.16353178999092596,3.621495746698883,Fibroblasts/Stromal,Tumor/Epithelials,False
21,22,10,2,0.6668867681116194,0.8102700208579391,Fibroblasts/Stromal,Ambiguous/Mixed,False
21,22,10,3,0.6399466203048164,0.8927410237611976,Fibroblasts/Stromal,Tumor/Epithelials,False
21,22,10,4,0.7922931022608753,0.465647754035388,Fibroblasts/Stromal,Ambiguous/Mixed,False
21,22,10,5,0.7691775391503769,0.5248669319327391,Fibroblasts/Stromal,Ambiguous/Mixed,False
21,22,10,6,0.816574366734749,0.40527458164709856,Fibroblasts/Stromal,Tumor/Epithelials,False
21,22,10,7,0.8147949537403786,0.4096375757961545,Fibroblasts/Stromal,Tumor/Epithelials,False
21,22,10,8,0.2733975358744814,2.593656735255996,Fibroblasts/Stromal,Ambiguous/Mixed,False
21,22,10,9,0.8361823094706282,0.35781723228510315,Fibroblasts/Stromal,Ambiguous/Mixed,False
21,22,10,10,0.8328362194499137,0.3658365429056874,Fibroblasts/Stromal,Fibroblasts/Stromal,True
21,22,10,11,0.8132462217265096,0.4134427190674161,Fibroblasts/Stromal,Ambiguous/Mixed,False
21,22,10,12,0.7886449298477384,0.47487816993934057,Fibroblasts/Stromal,Ambiguous/Mixed,False
21,22,10,13,0.38875304652869225,1.8896219575792905,Fibroblasts/Stromal,Ambiguous/Mixed,False
21,22,10,14,0.7744124943291318,0.5113012178878353,Fibroblasts/Stromal,Ambiguous/Mixed,False
21,22,10,15,0.7890394784623462,0.4738778466281515,Fibroblasts/Stromal,Ambiguous/Mixed,False
21,22,10,16,0.7746041901078172,0.5108062050668891,Fibroblasts/Stromal,Ambiguous/Mixed,False
21,22,10,17,0.5746166863021746,1.1081041860020011,Fibroblasts/Stromal,Ambiguous/Mixed,False
21,22,10,18,0.3376807595301677,2.1713086565005453,Fibroblasts/Stromal,Ambiguous/Mixed,False
21,22,10,19,0.7651227461407563,0.535438011110291,Fibroblasts/Stromal,Ambiguous/Mixed,False
21,22,10,20,0.7666795588157926,0.5313727000554089,Fibroblasts/Stromal,Ambiguous/Mixed,False
21,22,10,21,0.7703113987580468,0.5219208638324152,Fibroblasts/Stromal,Ambiguous/Mixed,False
21,22,10,22,0.6259109957494672,0.9370941946088511,Fibroblasts/Stromal,Ambiguous/Mixed,False
21,22,11,1,0.1979049293958444,3.239937036330322,Ambiguous/Mixed,Tumor/Epithelials,False
21,22,11,2,0.9380008381670808,0.12800887281599033,Ambiguous/Mixed,Ambiguous/Mixed,True
21,22,11,3,0.5157391488866019,1.3243083334703762,Ambiguous/Mixed,Tumor/Epithelials,False
21,22,11,4,0.9688910763516553,0.06320616343096647,Ambiguous/Mixed,Ambiguous/Mixed,True
21,22,11,5,0.9765752363390735,0.04740696938230219,Ambiguous/Mixed,Ambiguous/Mixed,True
21,22,11,6,0.9861431804644402,0.02790744293835078,Ambiguous/Mixed,Tumor/Epithelials,False
21,22,11,7,0.9870194157976468,0.026131136429265976,Ambiguous/Mixed,Tumor/Epithelials,False
21,22,11,8,0.36280937054058066,2.027755465365609,Ambiguous/Mixed,Ambiguous/Mixed,True
21,22,11,9,0.9877686945336447,0.024613446975833266,Ambiguous/Mixed,Ambiguous/Mixed,True
21,22,11,10,0.9908762818039915,0.01833118843497577,Ambiguous/Mixed,Fibroblasts/Stromal,False
21,22,11,11,0.9971986225886306,0.005610617225277326,Ambiguous/Mixed,Ambiguous/Mixed,True
21,22,11,12,0.9826320209378906,0.03504114362004454,Ambiguous/Mixed,Ambiguous/Mixed,True
21,22,11,13,0.4631621660188632,1.539356071277242,Ambiguous/Mixed,Ambiguous/Mixed,True
21,22,11,14,0.9789509577299533,0.042547463911334064,Ambiguous/Mixed,Ambiguous/Mixed,True
21,22,11,15,0.9883864229968926,0.02336308261346491,Ambiguous/Mixed,Ambiguous/Mixed,True
21,22,11,16,0.9818739389795503,0.036584701158553404,Ambiguous/Mixed,Ambiguous/Mixed,True
21,22,11,17,0.7711501937635781,0.5197442410936036,Ambiguous/Mixed,Ambiguous/Mixed,True
21,22,11,18,0.4488683458262518,1.6020513013176496,Ambiguous/Mixed,Ambiguous/Mixed,True
21,22,11,19,0.9850696181188261,0.030085924028833255,Ambiguous/Mixed,Ambiguous/Mixed,True
21,22,11,20,0.9816099305916823,0.037122537793833114,Ambiguous/Mixed,Ambiguous/Mixed,True
21,22,11,21,0.9811850501773217,0.03798840595665172,Ambiguous/Mixed,Ambiguous/Mixed,True
21,22,11,22,0.7937102522956758,0.4620736117540806,Ambiguous/Mixed,Ambiguous/Mixed,True
21,22,12,1,0.16420068144863226,3.613331863717896,Ambiguous/Mixed,Tumor/Epithelials,False
21,22,12,2,0.9592099757580722,0.08329055048304,Ambiguous/Mixed,Ambiguous/Mixed,True
21,22,12,3,0.4463364895205067,1.613364301232499,Ambiguous/Mixed,Tumor/Epithelials,False
21,22,12,4,0.9780911961142009,0.044304731468141276,Ambiguous/Mixed,Ambiguous/Mixed,True
21,22,12,5,0.9881487218028534,0.02384412884390614,Ambiguous/Mixed,Ambiguous/Mixed,True
21,22,12,6,0.9896737891330075,0.020759792157524846,Ambiguous/Mixed,Tumor/Epithelials,False
21,22,12,7,0.9934319328036777,0.013179463730217307,Ambiguous/Mixed,Tumor/Epithelials,False
21,22,12,8,0.3530734372944706,2.082158412048568,Ambiguous/Mixed,Ambiguous/Mixed,True
21,22,12,9,0.9755272051051754,0.04955446187519612,Ambiguous/Mixed,Ambiguous/Mixed,True
21,22,12,10,0.9802311718210476,0.03993369104357194,Ambiguous/Mixed,Fibroblasts/Stromal,False
21,22,12,11,0.9866029668356213,0.02697516611168295,Ambiguous/Mixed,Ambiguous/Mixed,True
21,22,12,12,0.9918552809720836,0.016356136913059968,Ambiguous/Mixed,Ambiguous/Mixed,True
21,22,12,13,0.48608298652291454,1.4427518309922007,Ambiguous/Mixed,Ambiguous/Mixed,True
21,22,12,14,0.9907318531683517,0.018622726672726318,Ambiguous/Mixed,Ambiguous/Mixed,True
21,22,12,15,0.990488189621103,0.01911467313645019,Ambiguous/Mixed,Ambiguous/Mixed,True
21,22,12,16,0.9940173253582117,0.012001285079247673,Ambiguous/Mixed,Ambiguous/Mixed,True
21,22,12,17,0.7957590978819954,0.45691755958900604,Ambiguous/Mixed,Ambiguous/Mixed,True
21,22,12,18,0.4786157515829736,1.473714384517722,Ambiguous/Mixed,Ambiguous/Mixed,True
21,22,12,19,0.9911129345545518,0.01785358189760051,Ambiguous/Mixed,Ambiguous/Mixed,True
21,22,12,20,0.9901726282775053,0.019751958114102006,Ambiguous/Mixed,Ambiguous/Mixed,True
21,22,12,21,0.9940693289976279,0.01189665455056518,Ambiguous/Mixed,Ambiguous/Mixed,True
21,22,12,22,0.7951305088480735,0.45849803145575085,Ambiguous/Mixed,Ambiguous/Mixed,True
21,22,13,1,0.20476291426294238,3.1718049698294255,Ambiguous/Mixed,Tumor/Epithelials,False
21,22,13,2,0.6485091359992369,0.8661583748618122,Ambiguous/Mixed,Ambiguous/Mixed,True
21,22,13,3,0.18455854279964437,3.379577121370126,Ambiguous/Mixed,Tumor/Epithelials,False
21,22,13,4,0.5311311315443559,1.2654926723338107,Ambiguous/Mixed,Ambiguous/Mixed,True
21,22,13,5,0.6049379544259573,1.0052587617564486,Ambiguous/Mixed,Ambiguous/Mixed,True
21,22,13,6,0.5669626934765333,1.1349235475134856,Ambiguous/Mixed,Tumor/Epithelials,False
21,22,13,7,0.6109003297327734,0.9856429191547651,Ambiguous/Mixed,Tumor/Epithelials,False
21,22,13,8,0.30142165472316185,2.398490296493324,Ambiguous/Mixed,Ambiguous/Mixed,True
21,22,13,9,0.5523850404356447,1.187019877699645,Ambiguous/Mixed,Ambiguous/Mixed,True
21,22,13,10,0.6054030085312818,1.0037218258270078,Ambiguous/Mixed,Fibroblasts/Stromal,False
21,22,13,11,0.6134693714687633,0.9772498806674452,Ambiguous/Mixed,Ambiguous/Mixed,True
21,22,13,12,0.5610342835126102,1.155946527791981,Ambiguous/Mixed,Ambiguous/Mixed,True
21,22,13,13,0.45608583571984485,1.5701485019084735,Ambiguous/Mixed,Ambiguous/Mixed,True
21,22,13,14,0.6069430351876618,0.9986406776096233,Ambiguous/Mixed,Ambiguous/Mixed,True
21,22,13,15,0.6157722720976395,0.969756143906623,Ambiguous/Mixed,Ambiguous/Mixed,True
21,22,13,16,0.625842268387912,0.9373138141252308,Ambiguous/Mixed,Ambiguous/Mixed,True
21,22,13,17,0.7868999709396792,0.4793082807426639,Ambiguous/Mixed,Ambiguous/Mixed,True
21,22,13,18,0.43995711928503967,1.6421560259787114,Ambiguous/Mixed,Ambiguous/Mixed,True
21,22,13,19,0.6105650473690517,0.9867408868202519,Ambiguous/Mixed,Ambiguous/Mixed,True
21,22,13,20,0.6031410389074796,1.0112084284705087,Ambiguous/Mixed,Ambiguous/Mixed,True
21,22,13,21,0.6177343412790224,0.9633935648498687,Ambiguous/Mixed,Ambiguous/Mixed,True
21,22,13,22,0.7834098017732727,0.48819869198293087,Ambiguous/Mixed,Ambiguous/Mixed,True
21,22,14,1,0.14274027281578677,3.8934571483265743,Ambiguous/Mixed,Tumor/Epithelials,False
21,22,14,2,0.9696237499392503,0.061694338785529976,Ambiguous/Mixed,Ambiguous/Mixed,True
21,22,14,3,0.4256374473231587,1.7083347153877222,Ambiguous/Mixed,Tumor/Epithelials,False
21,22,14,4,0.9861164114979323,0.02796173389805727,Ambiguous/Mixed,Ambiguous/Mixed,True
21,22,14,5,0.9983820656575122,0.0032384892234663554,Ambiguous/Mixed,Ambiguous/Mixed,True
21,22,14,6,0.9837630784314035,0.03274036974482171,Ambiguous/Mixed,Tumor/Epithelials,False
21,22,14,7,0.9842685664536512,0.031712971563135905,Ambiguous/Mixed,Tumor/Epithelials,False
21,22,14,8,0.3469950759732951,2.1168893788292986,Ambiguous/Mixed,Ambiguous/Mixed,True
21,22,14,9,0.975672549606101,0.04925650263069875,Ambiguous/Mixed,Ambiguous/Mixed,True
21,22,14,10,0.9758270857964373,0.048939748914006334,Ambiguous/Mixed,Fibroblasts/Stromal,False
21,22,14,11,0.9873760301502335,0.0254086583518445,Ambiguous/Mixed,Ambiguous/Mixed,True
21,22,14,12,0.9892252509454359,0.02166643405520349,Ambiguous/Mixed,Ambiguous/Mixed,True
21,22,14,13,0.4635220419765917,1.5378026792038044,Ambiguous/Mixed,Ambiguous/Mixed,True
21,22,14,14,0.9945105140442841,0.011009217105317761,Ambiguous/Mixed,Ambiguous/Mixed,True
21,22,14,15,0.9936559271919122,0.012728563911054336,Ambiguous/Mixed,Ambiguous/Mixed,True
21,22,14,16,0.9948342674170426,0.010358242214220423,Ambiguous/Mixed,Ambiguous/Mixed,True
21,22,14,17,0.7552633436999644,0.561377581893901,Ambiguous/Mixed,Ambiguous/Mixed,True
21,22,14,18,0.42868682449310247,1.6940572789596642,Ambiguous/Mixed,Ambiguous/Mixed,True
21,22,14,19,0.9938043113847219,0.012429923082512902,Ambiguous/Mixed,Ambiguous/Mixed,True
21,22,14,20,0.9953206463491334,0.009380672200127806,Ambiguous/Mixed,Ambiguous/Mixed,True
21,22,14,21,0.9946153874561395,0.010798323643273093,Ambiguous/Mixed,Ambiguous/Mixed,True
21,22,14,22,0.8146823329799416,0.40991403441643476,Ambiguous/Mixed,Ambiguous/Mixed,True
21,22,15,1,0.13478880354875586,4.008092287361822,Ambiguous/Mixed,Tumor/Epithelials,False
21,22,15,2,0.970275946500202,0.06034953402738365,Ambiguous/Mixed,Ambiguous/Mixed,True
21,22,15,3,0.37745857597755544,1.9485888976477936,Ambiguous/Mixed,Tumor/Epithelials,False
21,22,15,4,0.9913579831064371,0.017359151334306575,Ambiguous/Mixed,Ambiguous/Mixed,True
21,22,15,5,0.9957804219347893,0.008457011214451613,Ambiguous/Mixed,Ambiguous/Mixed,True
21,22,15,6,0.985663086786232,0.02888135948516158,Ambiguous/Mixed,Tumor/Epithelials,False
21,22,15,7,0.9860058326810215,0.028186017798009357,Ambiguous/Mixed,Tumor/Epithelials,False
21,22,15,8,0.37665052405518423,1.9528750267057748,Ambiguous/Mixed,Ambiguous/Mixed,True
21,22,15,9,0.9804673282470997,0.039451910847002294,Ambiguous/Mixed,Ambiguous/Mixed,True
21,22,15,10,0.977747028240173,0.045008609474603584,Ambiguous/Mixed,Fibroblasts/Stromal,False
21,22,15,11,0.9901366962010831,0.01982453682891589,Ambiguous/Mixed,Ambiguous/Mixed,True
21,22,15,12,0.993357529925267,0.013329258924607483,Ambiguous/Mixed,Ambiguous/Mixed,True
21,22,15,13,0.4816693449701846,1.460994813254882,Ambiguous/Mixed,Ambiguous/Mixed,True
21,22,15,14,0.999856501621837,0.0002870173500805056,Ambiguous/Mixed,Ambiguous/Mixed,True
21,22,15,15,0.9970695627597875,0.005869478756482544,Ambiguous/Mixed,Ambiguous/Mixed,True
21,22,15,16,0.9982055671983255,0.0035920894496562633,Ambiguous/Mixed,Ambiguous/Mixed,True
21,22,15,17,0.7911593531763399,0.46851174726583245,Ambiguous/Mixed,Ambiguous/Mixed,True
21,22,15,18,0.49022835205884413,1.4257679436466444,Ambiguous/Mixed,Ambiguous/Mixed,True
21,22,15,19,0.9959581382813295,0.008100104237679628,Ambiguous/Mixed,Ambiguous/Mixed,True
21,22,15,20,0.9971299188735047,0.005748415413940432,Ambiguous/Mixed,Ambiguous/Mixed,True
21,22,15,21,0.9980326514531098,0.003938572637950424,Ambiguous/Mixed,Ambiguous/Mixed,True
21,22,15,22,0.7805953785802708,0.4953966891922529,Ambiguous/Mixed,Ambiguous/Mixed,True
21,22,16,1,0.16556323238625234,3.596804176671219,Ambiguous/Mixed,Tumor/Epithelials,False
21,22,16,2,0.9632069585963952,0.07497395999457282,Ambiguous/Mixed,Ambiguous/Mixed,True
21,22,16,3,0.4320463492219132,1.6784448132552658,Ambiguous/Mixed,Tumor/Epithelials,False
21,22,16,4,0.979956240605447,0.04049472151578189,Ambiguous/Mixed,Ambiguous/Mixed,True
21,22,16,5,0.9895695532883211,0.020970450124736206,Ambiguous/Mixed,Ambiguous/Mixed,True
21,22,16,6,0.9910966822440863,0.01788637824835613,Ambiguous/Mixed,Tumor/Epithelials,False
21,22,16,7,0.9949170468489277,0.010191830600187503,Ambiguous/Mixed,Tumor/Epithelials,False
21,22,16,8,0.37430300876195516,1.9653792514677797,Ambiguous/Mixed,Ambiguous/Mixed,True
21,22,16,9,0.9783377100642129,0.04380072347574637,Ambiguous/Mixed,Ambiguous/Mixed,True
21,22,16,10,0.9823557721180345,0.035603485681714966,Ambiguous/Mixed,Fibroblasts/Stromal,False
21,22,16,11,0.9896056246589108,0.02089754829978299,Ambiguous/Mixed,Ambiguous/Mixed,True
21,22,16,12,0.9937582863590401,0.012522549147709202,Ambiguous/Mixed,Ambiguous/Mixed,True
21,22,16,13,0.4879656354003089,1.4350205897404091,Ambiguous/Mixed,Ambiguous/Mixed,True
21,22,16,14,0.9932473105004939,0.01355118413619135,Ambiguous/Mixed,Ambiguous/Mixed,True
21,22,16,15,0.9933477427319497,0.013348964300039044,Ambiguous/Mixed,Ambiguous/Mixed,True
21,22,16,16,0.9965155908328176,0.006980987718575435,Ambiguous/Mixed,Ambiguous/Mixed,True
21,22,16,17,0.7979643741297988,0.4513826529530389,Ambiguous/Mixed,Ambiguous/Mixed,True
21,22,16,18,0.48150735450739085,1.4616675474039076,Ambiguous/Mixed,Ambiguous/Mixed,True
21,22,16,19,0.9941511772227314,0.011731988257478176,Ambiguous/Mixed,Ambiguous/Mixed,True
21,22,16,20,0.9925934159440428,0.014868297983996208,Ambiguous/Mixed,Ambiguous/Mixed,True
21,22,16,21,0.9966769278673903,0.0066572115987848495,Ambiguous/Mixed,Ambiguous/Mixed,True
21,22,16,22,0.7992200343755809,0.4482379678489555,Ambiguous/Mixed,Ambiguous/Mixed,True
21,22,17,1,0.13334180417567176,4.02967898248551,Ambiguous/Mixed,Tumor/Epithelials,False
21,22,17,2,0.9659228680285379,0.06934258943777864,Ambiguous/Mixed,Ambiguous/Mixed,True
21,22,17,3,0.3920695348287468,1.8726321403105617,Ambiguous/Mixed,Tumor/Epithelials,False
21,22,17,4,0.9934856338662328,0.013071354438782207,Ambiguous/Mixed,Ambiguous/Mixed,True
21,22,17,5,0.9957348328978267,0.008548577747743341,Ambiguous/Mixed,Ambiguous/Mixed,True
21,22,17,6,0.9880792318297035,0.023984780580060178,Ambiguous/Mixed,Tumor/Epithelials,False
21,22,17,7,0.987385416585984,0.02538964555256951,Ambiguous/Mixed,Tumor/Epithelials,False
21,22,17,8,0.36515838002333423,2.014848203285265,Ambiguous/Mixed,Ambiguous/Mixed,True
21,22,17,9,0.982759724511497,0.03478123905072536,Ambiguous/Mixed,Ambiguous/Mixed,True
21,22,17,10,0.9783763547004447,0.043721724429472364,Ambiguous/Mixed,Fibroblasts/Stromal,False
21,22,17,11,0.9903688498706871,0.019355659231218243,Ambiguous/Mixed,Ambiguous/Mixed,True
21,22,17,12,0.9952014985567809,0.009620102427618052,Ambiguous/Mixed,Ambiguous/Mixed,True
21,22,17,13,0.4775410901264807,1.478210140285529,Ambiguous/Mixed,Ambiguous/Mixed,True
21,22,17,14,0.9995674174256507,0.0008653523303652506,Ambiguous/Mixed,Ambiguous/Mixed,True
21,22,17,15,0.9967054943327393,0.006599888999703487,Ambiguous/Mixed,Ambiguous/Mixed,True
21,22,17,16,0.9978273554789453,0.004350016274629229,Ambiguous/Mixed,Ambiguous/Mixed,True
21,22,17,17,0.7803366202907396,0.49605977584071326,Ambiguous/Mixed,Ambiguous/Mixed,True
21,22,17,18,0.4906542720423986,1.4240310589272784,Ambiguous/Mixed,Ambiguous/Mixed,True
21,22,17,19,0.9956477408919047,0.00872351551635462,Ambiguous/Mixed,Ambiguous/Mixed,True
21,22,17,20,0.9972047553097547,0.005598317364191786,Ambiguous/Mixed,Ambiguous/Mixed,True
21,22,17,21,0.9973670473420644,0.005272849948173975,Ambiguous/Mixed,Ambiguous/Mixed,True
21,22,17,22,0.7628632906932737,0.5413528743089258,Ambiguous/Mixed,Ambiguous/Mixed,True
21,22,18,1,0.15015942645832162,3.792115412496389,Ambiguous/Mixed,Tumor/Epithelials,False
21,22,18,2,0.9396911197520763,0.12440810745202985,Ambiguous/Mixed,Ambiguous/Mixed,True
21,22,18,3,0.502640052791767,1.3757619317169398,Ambiguous/Mixed,Tumor/Epithelials,False
21,22,18,4,0.9707318804502965,0.05940995212122237,Ambiguous/Mixed,Ambiguous/Mixed,True
21,22,18,5,0.9793056437513102,0.04182297045124879,Ambiguous/Mixed,Ambiguous/Mixed,True
21,22,18,6,0.9743403461986159,0.05198920992224784,Ambiguous/Mixed,Tumor/Epithelials,False
21,22,18,7,0.9709938236810879,0.058870342985239806,Ambiguous/Mixed,Tumor/Epithelials,False
21,22,18,8,0.28768542719444734,2.4917753249802512,Ambiguous/Mixed,Ambiguous/Mixed,True
21,22,18,9,0.9765795721515163,0.04739808977393946,Ambiguous/Mixed,Ambiguous/Mixed,True
21,22,18,10,0.9702383991032318,0.060426930820785096,Ambiguous/Mixed,Fibroblasts/Stromal,False
21,22,18,11,0.9808033711924257,0.038766553239385264,Ambiguous/Mixed,Ambiguous/Mixed,True
21,22,18,12,0.9772347301462879,0.04605679952223697,Ambiguous/Mixed,Ambiguous/Mixed,True
21,22,18,13,0.3990641825960279,1.837266032783951,Ambiguous/Mixed,Ambiguous/Mixed,True
21,22,18,14,0.9747919609166761,0.05106240834086054,Ambiguous/Mixed,Ambiguous/Mixed,True
21,22,18,15,0.9802577482595867,0.03987946694004644,Ambiguous/Mixed,Ambiguous/Mixed,True
21,22,18,16,0.974891835796679,0.05085750356551448,Ambiguous/Mixed,Ambiguous/Mixed,True
21,22,18,17,0.7184299238715154,0.6613742187312907,Ambiguous/Mixed,Ambiguous/Mixed,True
21,22,18,18,0.3963202460247819,1.8510653849364267,Ambiguous/Mixed,Ambiguous/Mixed,True
21,22,18,19,0.9798321487938492,0.04074799745605143,Ambiguous/Mixed,Ambiguous/Mixed,True
21,22,18,20,0.9864260068024514,0.02733392421611784,Ambiguous/Mixed,Ambiguous/Mixed,True
21,22,18,21,0.9736987225925609,0.053306685817954814,Ambiguous/Mixed,Ambiguous/Mixed,True
21,22,18,22,0.7383514484143203,0.6066707007471781,Ambiguous/Mixed,Ambiguous/Mixed,True
21,22,19,1,0.14736537717835518,3.829680434119516,Ambiguous/Mixed,Tumor/Epithelials,False
21,22,19,2,0.9665781891113953,0.06798616874024757,Ambiguous/Mixed,Ambiguous/Mixed,True
21,22,19,3,0.41041539238104935,1.7811709600542502,Ambiguous/Mixed,Tumor/Epithelials,False
21,22,19,4,0.9866674983556645,0.026844354808915158,Ambiguous/Mixed,Ambiguous/Mixed,True
21,22,19,5,0.9948027538395305,0.010421597644739723,Ambiguous/Mixed,Ambiguous/Mixed,True
21,22,19,6,0.9893230130120999,0.021468790017856725,Ambiguous/Mixed,Tumor/Epithelials,False
21,22,19,7,0.9891833195599401,0.021751212065422975,Ambiguous/Mixed,Tumor/Epithelials,False
21,22,19,8,0.36943294661017734,1.9915720513402297,Ambiguous/Mixed,Ambiguous/Mixed,True
21,22,19,9,0.9856492021936181,0.02890953278411934,Ambiguous/Mixed,Ambiguous/Mixed,True
21,22,19,10,0.9845962507260964,0.031047239162188094,Ambiguous/Mixed,Fibroblasts/Stromal,False
21,22,19,11,0.9956228788213038,0.008773457639451209,Ambiguous/Mixed,Ambiguous/Mixed,True
21,22,19,12,0.9943169995936055,0.011398420190979695,Ambiguous/Mixed,Ambiguous/Mixed,True
21,22,19,13,0.47585818026880006,1.4852708195112072,Ambiguous/Mixed,Ambiguous/Mixed,True
21,22,19,14,0.997763573325967,0.004477862422012219,Ambiguous/Mixed,Ambiguous/Mixed,True
21,22,19,15,0.9997356117064451,0.0005288465006028197,Ambiguous/Mixed,Ambiguous/Mixed,True
21,22,19,16,0.9982561972461633,0.0034906498954402803,Ambiguous/Mixed,Ambiguous/Mixed,True
21,22,19,17,0.7939416593641756,0.46149059461174846,Ambiguous/Mixed,Ambiguous/Mixed,True
21,22,19,18,0.4819048658307836,1.4600171164147246,Ambiguous/Mixed,Ambiguous/Mixed,True
21,22,19,19,0.9977126071165152,0.004580025925565775,Ambiguous/Mixed,Ambiguous/Mixed,True
21,22,19,20,0.9976361933427724,0.004733209717317008,Ambiguous/Mixed,Ambiguous/Mixed,True
21,22,19,21,0.9976498133002815,0.004705905446222191,Ambiguous/Mixed,Ambiguous/Mixed,True
21,22,19,22,0.7885428874114091,0.4751369658426691,Ambiguous/Mixed,Ambiguous/Mixed,True
21,22,20,1,0.1488195437819595,3.8100416451742736,Ambiguous/Mixed,Tumor/Epithelials,False
21,22,20,2,0.9693700286527761,0.06221774693819859,Ambiguous/Mixed,Ambiguous/Mixed,True
21,22,20,3,0.3995322787163343,1.8349214385034047,Ambiguous/Mixed,Tumor/Epithelials,False
21,22,20,4,0.9854005646048652,0.029414111804415666,Ambiguous/Mixed,Ambiguous/Mixed,True
21,22,20,5,0.9935746197761304,0.012892223665482322,Ambiguous/Mixed,Ambiguous/Mixed,True
21,22,20,6,0.9911493612693171,0.01778007656009571,Ambiguous/Mixed,Tumor/Epithelials,False
21,22,20,7,0.9924262365403632,0.015205180097713565,Ambiguous/Mixed,Tumor/Epithelials,False
21,22,20,8,0.3935128262359506,1.8652832327859892,Ambiguous/Mixed,Ambiguous/Mixed,True
21,22,20,9,0.9806504120213684,0.03907848344681885,Ambiguous/Mixed,Ambiguous/Mixed,True
21,22,20,10,0.9816665998289371,0.037007079301068765,Ambiguous/Mixed,Fibroblasts/Stromal,False
21,22,20,11,0.9912390832771049,0.01759903836226767,Ambiguous/Mixed,Ambiguous/Mixed,True
21,22,20,12,0.9955480093215037,0.008923860601409503,Ambiguous/Mixed,Ambiguous/Mixed,True
21,22,20,13,0.4964095794118001,1.4007078561407162,Ambiguous/Mixed,Ambiguous/Mixed,True
21,22,20,14,0.9974029772004449,0.00520080182645098,Ambiguous/Mixed,Ambiguous/Mixed,True
21,22,20,15,0.9975094349288552,0.004987343375114269,Ambiguous/Mixed,Ambiguous/Mixed,True
21,22,20,16,0.9995357912992077,0.0009286329580138113,Ambiguous/Mixed,Ambiguous/Mixed,True
21,22,20,17,0.7803144922049108,0.4961164908506297,Ambiguous/Mixed,Ambiguous/Mixed,True
21,22,20,18,0.4819932433748249,1.459650365848685,Ambiguous/Mixed,Ambiguous/Mixed,True
21,22,20,19,0.9987585675451636,0.0024844073408943524,Ambiguous/Mixed,Ambiguous/Mixed,True
21,22,20,20,0.9966711710697077,0.006668763615586583,Ambiguous/Mixed,Ambiguous/Mixed,True
21,22,20,21,0.999801711674639,0.00039661597418017914,Ambiguous/Mixed,Ambiguous/Mixed,True
21,22,20,22,0.8033378444866537,0.4379598512755216,Ambiguous/Mixed,Ambiguous/Mixed,True
21,22,21,1,0.148070013223178,3.8201401095159087,Ambiguous/Mixed,Tumor/Epithelials,False
21,22,21,2,0.9682609767289678,0.0645072479667047,Ambiguous/Mixed,Ambiguous/Mixed,True
21,22,21,3,0.4048844388928023,1.8083071773176675,Ambiguous/Mixed,Tumor/Epithelials,False
21,22,21,4,0.9862996556474416,0.027590120315935888,Ambiguous/Mixed,Ambiguous/Mixed,True
21,22,21,5,0.9939819356716947,0.01207249171843423,Ambiguous/Mixed,Ambiguous/Mixed,True
21,22,21,6,0.9920580967723066,0.015947216234960565,Ambiguous/Mixed,Tumor/Epithelials,False
21,22,21,7,0.992005940658365,0.016052366296590882,Ambiguous/Mixed,Tumor/Epithelials,False
21,22,21,8,0.380924431040243,1.9303085345091013,Ambiguous/Mixed,Ambiguous/Mixed,True
21,22,21,9,0.9829795368865524,0.03433395210827445,Ambiguous/Mixed,Ambiguous/Mixed,True
21,22,21,10,0.9829087988242637,0.03447788309567433,Ambiguous/Mixed,Fibroblasts/Stromal,False
21,22,21,11,0.9931838912116623,0.013678889115449459,Ambiguous/Mixed,Ambiguous/Mixed,True
21,22,21,12,0.9957507612439817,0.00851658485519698,Ambiguous/Mixed,Ambiguous/Mixed,True
21,22,21,13,0.48119291515306717,1.4629740365591095,Ambiguous/Mixed,Ambiguous/Mixed,True
21,22,21,14,0.9969695531559606,0.006070095892049246,Ambiguous/Mixed,Ambiguous/Mixed,True
21,22,21,15,0.9983879664018822,0.0032266686446811165,Ambiguous/Mixed,Ambiguous/Mixed,True
21,22,21,16,0.9989984221741326,0.0020041594802069377,Ambiguous/Mixed,Ambiguous/Mixed,True
21,22,21,17,0.7653814618681791,0.5347618529435031,Ambiguous/Mixed,Ambiguous/Mixed,True
21,22,21,18,0.460575056038512,1.5505588968556163,Ambiguous/Mixed,Ambiguous/Mixed,True
21,22,21,19,0.9998274724752019,0.0003450848187671468,Ambiguous/Mixed,Ambiguous/Mixed,True
21,22,21,20,0.9975481135221216,0.004909794547911321,Ambiguous/Mixed,Ambiguous/Mixed,True
21,22,21,21,0.999029349579163,0.0019422436140311805,Ambiguous/Mixed,Ambiguous/Mixed,True
21,22,21,22,0.8020214049523446,0.44123996401003224,Ambiguous/Mixed,Ambiguous/Mixed,True
22,23,1,1,0.363576543626565,2.0235308604757245,Tumor/Epithelials,Tumor/Epithelials,True
22,23,1,2,0.14307718919244494,3.8887420195819216,Tumor/Epithelials,Tumor/Epithelials,True
22,23,1,3,0.15920955957857036,3.675067919541109,Tumor/Epithelials,Ambiguous/Mixed,False
22,23,1,4,0.12381303712668995,4.177965232612209,Tumor/Epithelials,Ambiguous/Mixed,False
22,23,1,5,0.14070492059970585,3.9221806863879007,Tumor/Epithelials,Ambiguous/Mixed,False
22,23,1,6,0.13222283792771516,4.046533227254916,Tumor/Epithelials,Ambiguous/Mixed,False
22,23,1,7,0.13027465574487967,4.076220641433402,Tumor/Epithelials,Ambiguous/Mixed,False
22,23,1,8,0.11558365785537121,4.315521401540766,Tumor/Epithelials,Ambiguous/Mixed,False
22,23,1,9,0.17388954785353075,3.498669927556526,Tumor/Epithelials,Ambiguous/Mixed,False
22,23,1,10,0.1532520383003794,3.75134280752479,Tumor/Epithelials,Ambiguous/Mixed,False
22,23,1,11,0.17452136353940634,3.4914162353466534,Tumor/Epithelials,Ambiguous/Mixed,False
22,23,1,12,0.1510549742092606,3.7802228816254946,Tumor/Epithelials,Ambiguous/Mixed,False
22,23,1,13,0.15592905650254366,3.7167082823587165,Tumor/Epithelials,Ambiguous/Mixed,False
22,23,1,14,0.15997512761264257,3.665473856506548,Tumor/Epithelials,Fibroblasts/Stromal,False
22,23,1,15,0.12843660036266752,4.104639757583392,Tumor/Epithelials,Ambiguous/Mixed,False
22,23,1,16,0.14692564772526964,3.8356572358990646,Tumor/Epithelials,Ambiguous/Mixed,False
22,23,1,17,0.15160297696837147,3.7729803379442686,Tumor/Epithelials,Ambiguous/Mixed,False
22,23,1,18,0.1270480628581475,4.126379632829733,Tumor/Epithelials,Ambiguous/Mixed,False
22,23,1,19,0.14330280473603507,3.8855907437239687,Tumor/Epithelials,Ambiguous/Mixed,False
22,23,1,20,0.1584586127800876,3.6845236757375464,Tumor/Epithelials,Ambiguous/Mixed,False
22,23,1,21,0.14951536686578284,3.8007122060677525,Tumor/Epithelials,Ambiguous/Mixed,False
22,23,1,22,0.1439020033609704,3.877245486577557,Tumor/Epithelials,Ambiguous/Mixed,False
22,23,1,23,0.14557769951865565,3.8540906351934865,Tumor/Epithelials,Ambiguous/Mixed,False
22,23,2,1,0.06963650035016944,5.328932837577515,Ambiguous/Mixed,Tumor/Epithelials,False
22,23,2,2,0.5908252244519747,1.0524700676399878,Ambiguous/Mixed,Tumor/Epithelials,False
22,23,2,3,0.6685495968346388,0.8052893879321712,Ambiguous/Mixed,Ambiguous/Mixed,True
22,23,2,4,0.9575210306353081,0.08681518811712219,Ambiguous/Mixed,Ambiguous/Mixed,True
22,23,2,5,0.9679609238462952,0.0651271208954955,Ambiguous/Mixed,Ambiguous/Mixed,True
22,23,2,6,0.9873599670861068,0.025441195489263133,Ambiguous/Mixed,Ambiguous/Mixed,True
22,23,2,7,0.9849559416905418,0.030316736117223485,Ambiguous/Mixed,Ambiguous/Mixed,True
22,23,2,8,0.5208903398469332,1.304431479046134,Ambiguous/Mixed,Ambiguous/Mixed,True
22,23,2,9,0.9456589652940416,0.11174655345998777,Ambiguous/Mixed,Ambiguous/Mixed,True
22,23,2,10,0.9550900134560486,0.09189937603064766,Ambiguous/Mixed,Ambiguous/Mixed,True
22,23,2,11,0.8378344637218728,0.35386947067571045,Ambiguous/Mixed,Ambiguous/Mixed,True
22,23,2,12,0.8337767301871054,0.36357924414358267,Ambiguous/Mixed,Ambiguous/Mixed,True
22,23,2,13,0.9628824085753723,0.07564796823038186,Ambiguous/Mixed,Ambiguous/Mixed,True
22,23,2,14,0.9609343672439832,0.07969833731267248,Ambiguous/Mixed,Fibroblasts/Stromal,False
22,23,2,15,0.5185254361611839,1.313532390620131,Ambiguous/Mixed,Ambiguous/Mixed,True
22,23,2,16,0.9682499515111971,0.06453002133216351,Ambiguous/Mixed,Ambiguous/Mixed,True
22,23,2,17,0.9691235018139337,0.06272644472087761,Ambiguous/Mixed,Ambiguous/Mixed,True
22,23,2,18,0.46013550031891426,1.5524685339286663,Ambiguous/Mixed,Ambiguous/Mixed,True
22,23,2,19,0.9682402591752882,0.0645500417502485,Ambiguous/Mixed,Ambiguous/Mixed,True
22,23,2,20,0.9587016254988656,0.08435076675323297,Ambiguous/Mixed,Ambiguous/Mixed,True
22,23,2,21,0.9646421216029402,0.07199620974139843,Ambiguous/Mixed,Ambiguous/Mixed,True
22,23,2,22,0.9700536767219967,0.06080774437786704,Ambiguous/Mixed,Ambiguous/Mixed,True
22,23,2,23,0.9691796267677878,0.06261062185903063,Ambiguous/Mixed,Ambiguous/Mixed,True
22,23,3,1,0.22294964311679027,3.001618697283958,Tumor/Epithelials,Tumor/Epithelials,True
22,23,3,2,0.694599202577878,0.7288405734070386,Tumor/Epithelials,Tumor/Epithelials,True
22,23,3,3,0.14310250687984422,3.8883881483910185,Tumor/Epithelials,Ambiguous/Mixed,False
22,23,3,4,0.37129519434021546,1.9815157213557282,Tumor/Epithelials,Ambiguous/Mixed,False
22,23,3,5,0.4283147598902505,1.695793866770039,Tumor/Epithelials,Ambiguous/Mixed,False
22,23,3,6,0.37620586060852346,1.9552375675963132,Tumor/Epithelials,Ambiguous/Mixed,False
22,23,3,7,0.3546573348831891,2.073206419028776,Tumor/Epithelials,Ambiguous/Mixed,False
22,23,3,8,0.12172600547266348,4.211965233497958,Tumor/Epithelials,Ambiguous/Mixed,False
22,23,3,9,0.4906270536325748,1.4241420094126025,Tumor/Epithelials,Ambiguous/Mixed,False
22,23,3,10,0.44762227754630823,1.6076110653571092,Tumor/Epithelials,Ambiguous/Mixed,False
22,23,3,11,0.2615688008059253,2.682115858971558,Tumor/Epithelials,Ambiguous/Mixed,False
22,23,3,12,0.23702515468698487,2.879178011118938,Tumor/Epithelials,Ambiguous/Mixed,False
22,23,3,13,0.41879519445947,1.7407465491983536,Tumor/Epithelials,Ambiguous/Mixed,False
22,23,3,14,0.4336162023894114,1.6711909248411663,Tumor/Epithelials,Fibroblasts/Stromal,False
22,23,3,15,0.1253204831065122,4.1537619158444725,Tumor/Epithelials,Ambiguous/Mixed,False
22,23,3,16,0.39774663217220113,1.8438801579951414,Tumor/Epithelials,Ambiguous/Mixed,False
22,23,3,17,0.40727897233328747,1.7965137852699702,Tumor/Epithelials,Ambiguous/Mixed,False
22,23,3,18,0.14784627101877967,3.8231645087659643,Tumor/Epithelials,Ambiguous/Mixed,False
22,23,3,19,0.4072237912669004,1.7967847779243231,Tumor/Epithelials,Ambiguous/Mixed,False
22,23,3,20,0.4402105175823362,1.641004434878637,Tumor/Epithelials,Ambiguous/Mixed,False
22,23,3,21,0.40804176811089377,1.7927714739937939,Tumor/Epithelials,Ambiguous/Mixed,False
22,23,3,22,0.41268823187494413,1.770125715185476,Tumor/Epithelials,Ambiguous/Mixed,False
22,23,3,23,0.4015452456658449,1.8248701207466373,Tumor/Epithelials,Ambiguous/Mixed,False
22,23,4,1,0.11022624467201429,4.4104405113984875,Ambiguous/Mixed,Tumor/Epithelials,False
22,23,4,2,0.5522020646315802,1.1876824811463043,Ambiguous/Mixed,Tumor/Epithelials,False
22,23,4,3,0.5241177038131583,1.2920779885760338,Ambiguous/Mixed,Ambiguous/Mixed,True
22,23,4,4,0.9967104154052231,0.006590014346933099,Ambiguous/Mixed,Ambiguous/Mixed,True
22,23,4,5,0.9882667149590529,0.02360532650681653,Ambiguous/Mixed,Ambiguous/Mixed,True
22,23,4,6,0.9696046738323222,0.061733686614171265,Ambiguous/Mixed,Ambiguous/Mixed,True
22,23,4,7,0.9803819506245799,0.0396260754265928,Ambiguous/Mixed,Ambiguous/Mixed,True
22,23,4,8,0.45137481996487994,1.5909143964878052,Ambiguous/Mixed,Ambiguous/Mixed,True
22,23,4,9,0.9765542574375295,0.047449934073812094,Ambiguous/Mixed,Ambiguous/Mixed,True
22,23,4,10,0.9852435890439164,0.029732739723089326,Ambiguous/Mixed,Ambiguous/Mixed,True
22,23,4,11,0.7396001937502241,0.603291035005942,Ambiguous/Mixed,Ambiguous/Mixed,True
22,23,4,12,0.7473703969144198,0.582388741607979,Ambiguous/Mixed,Ambiguous/Mixed,True
22,23,4,13,0.9858109263209688,0.02858140212527545,Ambiguous/Mixed,Ambiguous/Mixed,True
22,23,4,14,0.9835319877119484,0.03321023463595074,Ambiguous/Mixed,Fibroblasts/Stromal,False
22,23,4,15,0.4460171274439313,1.6147958507175417,Ambiguous/Mixed,Ambiguous/Mixed,True
22,23,4,16,0.9868522743997815,0.026469844156003952,Ambiguous/Mixed,Ambiguous/Mixed,True
22,23,4,17,0.9857536460136604,0.028697615021628403,Ambiguous/Mixed,Ambiguous/Mixed,True
22,23,4,18,0.43181091549005557,1.6795349643591764,Ambiguous/Mixed,Ambiguous/Mixed,True
22,23,4,19,0.9882516510248258,0.023635812303430856,Ambiguous/Mixed,Ambiguous/Mixed,True
22,23,4,20,0.9830247490504516,0.034241964182855286,Ambiguous/Mixed,Ambiguous/Mixed,True
22,23,4,21,0.9860380420683678,0.028120685808672767,Ambiguous/Mixed,Ambiguous/Mixed,True
22,23,4,22,0.9875115803788647,0.025134110619363152,Ambiguous/Mixed,Ambiguous/Mixed,True
22,23,4,23,0.9855121020796492,0.029187744646117057,Ambiguous/Mixed,Ambiguous/Mixed,True
22,23,5,1,0.1098641994761873,4.4170204521821965,Ambiguous/Mixed,Tumor/Epithelials,False
22,23,5,2,0.6374419519781923,0.9005841236317245,Ambiguous/Mixed,Tumor/Epithelials,False
22,23,5,3,0.6026382365612959,1.0128764033165063,Ambiguous/Mixed,Ambiguous/Mixed,True
22,23,5,4,0.9913421077896396,0.01739117900580496,Ambiguous/Mixed,Ambiguous/Mixed,True
22,23,5,5,0.9997493216288826,0.0005014195923840801,Ambiguous/Mixed,Ambiguous/Mixed,True
22,23,5,6,0.9893883296081976,0.021336751362769434,Ambiguous/Mixed,Ambiguous/Mixed,True
22,23,5,7,0.9923379457455587,0.015383117196036404,Ambiguous/Mixed,Ambiguous/Mixed,True
22,23,5,8,0.4554973138256236,1.5727309189980434,Ambiguous/Mixed,Ambiguous/Mixed,True
22,23,5,9,0.9839607808194102,0.03233847923006784,Ambiguous/Mixed,Ambiguous/Mixed,True
22,23,5,10,0.9896239926308161,0.020860426842534183,Ambiguous/Mixed,Ambiguous/Mixed,True
22,23,5,11,0.7795208838394809,0.49815159903215755,Ambiguous/Mixed,Ambiguous/Mixed,True
22,23,5,12,0.7798453031604206,0.49731941649972905,Ambiguous/Mixed,Ambiguous/Mixed,True
22,23,5,13,0.9925394048182942,0.014977129242432963,Ambiguous/Mixed,Ambiguous/Mixed,True
22,23,5,14,0.9907090582453743,0.01866874353418734,Ambiguous/Mixed,Fibroblasts/Stromal,False
22,23,5,15,0.4508446231379525,1.5932650303253435,Ambiguous/Mixed,Ambiguous/Mixed,True
22,23,5,16,0.994598143633254,0.010832998297585253,Ambiguous/Mixed,Ambiguous/Mixed,True
22,23,5,17,0.9937368068780266,0.012565778398613753,Ambiguous/Mixed,Ambiguous/Mixed,True
22,23,5,18,0.44844788331280816,1.6039256128727635,Ambiguous/Mixed,Ambiguous/Mixed,True
22,23,5,19,0.9957007207718264,0.008617095407661183,Ambiguous/Mixed,Ambiguous/Mixed,True
22,23,5,20,0.9896578839718191,0.020791934645628153,Ambiguous/Mixed,Ambiguous/Mixed,True
22,23,5,21,0.9928352612787266,0.014381057442637336,Ambiguous/Mixed,Ambiguous/Mixed,True
22,23,5,22,0.9963901312733718,0.007232800051130552,Ambiguous/Mixed,Ambiguous/Mixed,True
22,23,5,23,0.9932864650509603,0.013472344197090539,Ambiguous/Mixed,Ambiguous/Mixed,True
22,23,6,1,0.14321260334675964,3.8868500322607917,Tumor/Epithelials,Tumor/Epithelials,True
22,23,6,2,0.7043450064477559,0.7009739537805637,Tumor/Epithelials,Tumor/Epithelials,True
22,23,6,3,0.5531938227482809,1.1840936913050062,Tumor/Epithelials,Ambiguous/Mixed,False
22,23,6,4,0.9803241341654271,0.03974402570913262,Tumor/Epithelials,Ambiguous/Mixed,False
22,23,6,5,0.9838298705416049,0.03260458533827179,Tumor/Epithelials,Ambiguous/Mixed,False
22,23,6,6,0.9683838422586462,0.06425347808874161,Tumor/Epithelials,Ambiguous/Mixed,False
22,23,6,7,0.9794409356878329,0.04154668777505603,Tumor/Epithelials,Ambiguous/Mixed,False
22,23,6,8,0.4468345796749317,1.6111336414037725,Tumor/Epithelials,Ambiguous/Mixed,False
22,23,6,9,0.9877047574642931,0.02474290873966365,Tumor/Epithelials,Ambiguous/Mixed,False
22,23,6,10,0.9977057664912907,0.004593738589165494,Tumor/Epithelials,Ambiguous/Mixed,False
22,23,6,11,0.7413239516976058,0.5986351348880297,Tumor/Epithelials,Ambiguous/Mixed,False
22,23,6,12,0.7337890919032433,0.6190672647783108,Tumor/Epithelials,Ambiguous/Mixed,False
22,23,6,13,0.9908190502174948,0.01844670888978583,Tumor/Epithelials,Ambiguous/Mixed,False
22,23,6,14,0.9923415369010025,0.015375879442081276,Tumor/Epithelials,Fibroblasts/Stromal,False
22,23,6,15,0.4507300160551305,1.593773505512897,Tumor/Epithelials,Ambiguous/Mixed,False
22,23,6,16,0.9909856836535291,0.01811038224048663,Tumor/Epithelials,Ambiguous/Mixed,False
22,23,6,17,0.9905412960214526,0.019007443232509413,Tumor/Epithelials,Ambiguous/Mixed,False
22,23,6,18,0.4626907001237201,1.54139296484051,Tumor/Epithelials,Ambiguous/Mixed,False
22,23,6,19,0.9898016606934127,0.020501397317428772,Tumor/Epithelials,Ambiguous/Mixed,False
22,23,6,20,0.9953669765589551,0.00928757831779912,Tumor/Epithelials,Ambiguous/Mixed,False
22,23,6,21,0.9924178734274134,0.01522203404187539,Tumor/Epithelials,Ambiguous/Mixed,False
22,23,6,22,0.9884670987729199,0.023199841836778704,Tumor/Epithelials,Ambiguous/Mixed,False
22,23,6,23,0.9914846340511823,0.017103657642933368,Tumor/Epithelials,Ambiguous/Mixed,False
22,23,7,1,0.14279717554932575,3.8926600166772154,Tumor/Epithelials,Tumor/Epithelials,True
22,23,7,2,0.7028610361621098,0.7051921586228078,Tumor/Epithelials,Tumor/Epithelials,True
22,23,7,3,0.5970040444018946,1.03166278213989,Tumor/Epithelials,Ambiguous/Mixed,False
22,23,7,4,0.9794759865944666,0.04147511576250407,Tumor/Epithelials,Ambiguous/Mixed,False
22,23,7,5,0.9836202330352996,0.033030796923953255,Tumor/Epithelials,Ambiguous/Mixed,False
22,23,7,6,0.9711546668011702,0.058539074554966194,Tumor/Epithelials,Ambiguous/Mixed,False
22,23,7,7,0.9814318964753932,0.03748530972120111,Tumor/Epithelials,Ambiguous/Mixed,False
22,23,7,8,0.47215563625865686,1.5008932198240341,Tumor/Epithelials,Ambiguous/Mixed,False
22,23,7,9,0.9868220759129548,0.02653104672840271,Tumor/Epithelials,Ambiguous/Mixed,False
22,23,7,10,0.996412182155434,0.007188538998411976,Tumor/Epithelials,Ambiguous/Mixed,False
22,23,7,11,0.7723345758336376,0.5166748689148825,Tumor/Epithelials,Ambiguous/Mixed,False
22,23,7,12,0.7634958005596991,0.5396953091756487,Tumor/Epithelials,Ambiguous/Mixed,False
22,23,7,13,0.990160524384719,0.01977640630913471,Tumor/Epithelials,Ambiguous/Mixed,False
22,23,7,14,0.9922597791529686,0.015540663668351313,Tumor/Epithelials,Fibroblasts/Stromal,False
22,23,7,15,0.4780025402935645,1.4762784641662392,Tumor/Epithelials,Ambiguous/Mixed,False
22,23,7,16,0.9917339107242575,0.01660088567149384,Tumor/Epithelials,Ambiguous/Mixed,False
22,23,7,17,0.9927159583000253,0.01462139972677154,Tumor/Epithelials,Ambiguous/Mixed,False
22,23,7,18,0.48476199700161704,1.448194472645359,Tumor/Epithelials,Ambiguous/Mixed,False
22,23,7,19,0.9893069023258508,0.021501359395534717,Tumor/Epithelials,Ambiguous/Mixed,False
22,23,7,20,0.9947221787501782,0.01058359629693354,Tumor/Epithelials,Ambiguous/Mixed,False
22,23,7,21,0.9932437376269877,0.013558378477206869,Tumor/Epithelials,Ambiguous/Mixed,False
22,23,7,22,0.9886966709797653,0.022735394305645227,Tumor/Epithelials,Ambiguous/Mixed,False
22,23,7,23,0.9923209164031374,0.015417439149791887,Tumor/Epithelials,Ambiguous/Mixed,False
22,23,8,1,0.10891293175684257,4.43441301435665,Ambiguous/Mixed,Tumor/Epithelials,False
22,23,8,2,0.18542429017331757,3.370217238947059,Ambiguous/Mixed,Tumor/Epithelials,False
22,23,8,3,0.31710923373374494,2.297017957100158,Ambiguous/Mixed,Ambiguous/Mixed,True
22,23,8,4,0.3584650953731257,2.0518479733169674,Ambiguous/Mixed,Ambiguous/Mixed,True
22,23,8,5,0.3442610450865118,2.1327101147913203,Ambiguous/Mixed,Ambiguous/Mixed,True
22,23,8,6,0.3496252529411523,2.1017868079922564,Ambiguous/Mixed,Ambiguous/Mixed,True
22,23,8,7,0.4127323563945197,1.7699118871310529,Ambiguous/Mixed,Ambiguous/Mixed,True
22,23,8,8,0.6819139411360894,0.7657036302365289,Ambiguous/Mixed,Ambiguous/Mixed,True
22,23,8,9,0.33852242048593095,2.166329908010248,Ambiguous/Mixed,Ambiguous/Mixed,True
22,23,8,10,0.3710299402858687,1.9829450361034764,Ambiguous/Mixed,Ambiguous/Mixed,True
22,23,8,11,0.44825628074956325,1.604780309767636,Ambiguous/Mixed,Ambiguous/Mixed,True
22,23,8,12,0.42466044752822846,1.7129307527567355,Ambiguous/Mixed,Ambiguous/Mixed,True
22,23,8,13,0.3898646043774299,1.8839115367965955,Ambiguous/Mixed,Ambiguous/Mixed,True
22,23,8,14,0.3868895118909252,1.8992322514096158,Ambiguous/Mixed,Fibroblasts/Stromal,False
22,23,8,15,0.6383787588232088,0.8976470118402338,Ambiguous/Mixed,Ambiguous/Mixed,True
22,23,8,16,0.37720725247325904,1.9499210025562852,Ambiguous/Mixed,Ambiguous/Mixed,True
22,23,8,17,0.38787135077652474,1.8941631290080003,Ambiguous/Mixed,Ambiguous/Mixed,True
22,23,8,18,0.3221897194126336,2.2652294324399396,Ambiguous/Mixed,Ambiguous/Mixed,True
22,23,8,19,0.3707493424137773,1.9844581432609265,Ambiguous/Mixed,Ambiguous/Mixed,True
22,23,8,20,0.37847587458050835,1.943205895371201,Ambiguous/Mixed,Ambiguous/Mixed,True
22,23,8,21,0.3816156823978174,1.9266824876442032,Ambiguous/Mixed,Ambiguous/Mixed,True
22,23,8,22,0.3578829188559165,2.0550987767466844,Ambiguous/Mixed,Ambiguous/Mixed,True
22,23,8,23,0.39211699190142313,1.8723900699810336,Ambiguous/Mixed,Ambiguous/Mixed,True
22,23,9,1,0.1414246744110439,3.9119760799156764,Ambiguous/Mixed,Tumor/Epithelials,False
22,23,9,2,0.7124260960834126,0.678158194028661,Ambiguous/Mixed,Tumor/Epithelials,False
22,23,9,3,0.5409526954684308,1.2288468860377495,Ambiguous/Mixed,Ambiguous/Mixed,True
22,23,9,4,0.9779012369344436,0.044693197552457126,Ambiguous/Mixed,Ambiguous/Mixed,True
22,23,9,5,0.9804274940533838,0.03953316802259041,Ambiguous/Mixed,Ambiguous/Mixed,True
22,23,9,6,0.9644190537457957,0.07245875154357503,Ambiguous/Mixed,Ambiguous/Mixed,True
22,23,9,7,0.9722116953852713,0.05636340925807243,Ambiguous/Mixed,Ambiguous/Mixed,True
22,23,9,8,0.4122437360631796,1.7722810243360867,Ambiguous/Mixed,Ambiguous/Mixed,True
22,23,9,9,0.9926152436731915,0.014824317258758426,Ambiguous/Mixed,Ambiguous/Mixed,True
22,23,9,10,0.9898598836652296,0.02038375504266795,Ambiguous/Mixed,Ambiguous/Mixed,True
22,23,9,11,0.6989882989528474,0.7162425531678686,Ambiguous/Mixed,Ambiguous/Mixed,True
22,23,9,12,0.6953309887071498,0.7267346080816557,Ambiguous/Mixed,Ambiguous/Mixed,True
22,23,9,13,0.9893460543952911,0.021422210458754427,Ambiguous/Mixed,Ambiguous/Mixed,True
22,23,9,14,0.9908807363428014,0.018322197345212128,Ambiguous/Mixed,Fibroblasts/Stromal,False
22,23,9,15,0.41250169247681046,1.771029940483465,Ambiguous/Mixed,Ambiguous/Mixed,True
22,23,9,16,0.9823362570447609,0.035643217248768885,Ambiguous/Mixed,Ambiguous/Mixed,True
22,23,9,17,0.9794902148476851,0.04144606318730758,Ambiguous/Mixed,Ambiguous/Mixed,True
22,23,9,18,0.464160710872609,1.5350488541705827,Ambiguous/Mixed,Ambiguous/Mixed,True
22,23,9,19,0.9851361386352507,0.029950871095966836,Ambiguous/Mixed,Ambiguous/Mixed,True
22,23,9,20,0.9853018688374268,0.029614437872615827,Ambiguous/Mixed,Ambiguous/Mixed,True
22,23,9,21,0.9822047960746478,0.03591088479402185,Ambiguous/Mixed,Ambiguous/Mixed,True
22,23,9,22,0.98285873715778,0.03457975000634045,Ambiguous/Mixed,Ambiguous/Mixed,True
22,23,9,23,0.9800107182837486,0.04038354070618999,Ambiguous/Mixed,Ambiguous/Mixed,True
22,23,10,1,0.16621495283535692,3.5889468633652366,Fibroblasts/Stromal,Tumor/Epithelials,False
22,23,10,2,0.7063950876053754,0.6951611676851852,Fibroblasts/Stromal,Tumor/Epithelials,False
22,23,10,3,0.5914422255000038,1.0503825497807444,Fibroblasts/Stromal,Ambiguous/Mixed,False
22,23,10,4,0.972606546671136,0.0555512998634742,Fibroblasts/Stromal,Ambiguous/Mixed,False
22,23,10,5,0.9769646670131317,0.04660958474009762,Fibroblasts/Stromal,Ambiguous/Mixed,False
22,23,10,6,0.9638139413447733,0.07371401980716596,Fibroblasts/Stromal,Ambiguous/Mixed,False
22,23,10,7,0.972433678855177,0.055906804729945345,Fibroblasts/Stromal,Ambiguous/Mixed,False
22,23,10,8,0.49748086365306576,1.3963963762845013,Fibroblasts/Stromal,Ambiguous/Mixed,False
22,23,10,9,0.9923713017417329,0.015315891235922344,Fibroblasts/Stromal,Ambiguous/Mixed,False
22,23,10,10,0.9864799606183668,0.027224534682465856,Fibroblasts/Stromal,Ambiguous/Mixed,False
22,23,10,11,0.8056198954152325,0.4322864829769095,Fibroblasts/Stromal,Ambiguous/Mixed,False
22,23,10,12,0.8000498464050153,0.4461624904980076,Fibroblasts/Stromal,Ambiguous/Mixed,False
22,23,10,13,0.9910028130649257,0.018075812087480544,Fibroblasts/Stromal,Ambiguous/Mixed,False
22,23,10,14,0.9922474025068772,0.0155656102066274,Fibroblasts/Stromal,Fibroblasts/Stromal,True
22,23,10,15,0.5000456425270942,1.386111799343968,Fibroblasts/Stromal,Ambiguous/Mixed,False
22,23,10,16,0.9809608191620698,0.038445519812928985,Fibroblasts/Stromal,Ambiguous/Mixed,False
22,23,10,17,0.9821208781652938,0.03608176869684014,Fibroblasts/Stromal,Ambiguous/Mixed,False
22,23,10,18,0.45942677478085164,1.5555514167201157,Fibroblasts/Stromal,Ambiguous/Mixed,False
22,23,10,19,0.983977060009158,0.032305390400917976,Fibroblasts/Stromal,Ambiguous/Mixed,False
22,23,10,20,0.9857213381858577,0.028763165592778455,Fibroblasts/Stromal,Ambiguous/Mixed,False
22,23,10,21,0.9807841598514505,0.03880572832726015,Fibroblasts/Stromal,Ambiguous/Mixed,False
22,23,10,22,0.9801756788852617,0.040046918429572184,Fibroblasts/Stromal,Ambiguous/Mixed,False
22,23,10,23,0.981629625400531,0.037082410629954,Fibroblasts/Stromal,Ambiguous/Mixed,False
22,23,11,1,0.13832094240400722,3.956357248829056,Ambiguous/Mixed,Tumor/Epithelials,False
22,23,11,2,0.6841208813650705,0.7592412996641447,Ambiguous/Mixed,Tumor/Epithelials,False
22,23,11,3,0.6046101432197909,1.0063428400657959,Ambiguous/Mixed,Ambiguous/Mixed,True
22,23,11,4,0.9857192154538649,0.028767472559050482,Ambiguous/Mixed,Ambiguous/Mixed,True
22,23,11,5,0.9892528320699588,0.0216106717503056,Ambiguous/Mixed,Ambiguous/Mixed,True
22,23,11,6,0.9794899060788074,0.041446693655936215,Ambiguous/Mixed,Ambiguous/Mixed,True
22,23,11,7,0.9856551592225982,0.028897445297079414,Ambiguous/Mixed,Ambiguous/Mixed,True
22,23,11,8,0.4613205191777751,1.5473244164143103,Ambiguous/Mixed,Ambiguous/Mixed,True
22,23,11,9,0.9988594519875688,0.002282397864599178,Ambiguous/Mixed,Ambiguous/Mixed,True
22,23,11,10,0.9931195616631271,0.013808435380829265,Ambiguous/Mixed,Ambiguous/Mixed,True
22,23,11,11,0.7884556422550405,0.47535826004127846,Ambiguous/Mixed,Ambiguous/Mixed,True
22,23,11,12,0.7847558133867668,0.48476535068011184,Ambiguous/Mixed,Ambiguous/Mixed,True
22,23,11,13,0.9953686195966807,0.00928427694974461,Ambiguous/Mixed,Ambiguous/Mixed,True
22,23,11,14,0.9942073843086519,0.011618915923296716,Ambiguous/Mixed,Fibroblasts/Stromal,False
22,23,11,15,0.4617948816380528,1.5452689312534629,Ambiguous/Mixed,Ambiguous/Mixed,True
22,23,11,16,0.9914785997751201,0.01711582988286032,Ambiguous/Mixed,Ambiguous/Mixed,True
22,23,11,17,0.9908249640955148,0.01843477157313907,Ambiguous/Mixed,Ambiguous/Mixed,True
22,23,11,18,0.45553906899962626,1.5725475885633031,Ambiguous/Mixed,Ambiguous/Mixed,True
22,23,11,19,0.9948632169619178,0.010300043326993451,Ambiguous/Mixed,Ambiguous/Mixed,True
22,23,11,20,0.9938374006055365,0.012363333172232677,Ambiguous/Mixed,Ambiguous/Mixed,True
22,23,11,21,0.9902808941378979,0.019533289290471476,Ambiguous/Mixed,Ambiguous/Mixed,True
22,23,11,22,0.9921887202775396,0.01568389515151612,Ambiguous/Mixed,Ambiguous/Mixed,True
22,23,11,23,0.9903932569883336,0.01930637089404084,Ambiguous/Mixed,Ambiguous/Mixed,True
22,23,12,1,0.12339323972672356,4.1847579048508505,Ambiguous/Mixed,Tumor/Epithelials,False
22,23,12,2,0.6662247241851121,0.8122564833099059,Ambiguous/Mixed,Tumor/Epithelials,False
22,23,12,3,0.553081722845531,1.1844990149283299,Ambiguous/Mixed,Ambiguous/Mixed,True
22,23,12,4,0.9880105299951696,0.024123846802432777,Ambiguous/Mixed,Ambiguous/Mixed,True
22,23,12,5,0.9906341801076276,0.01881990994762426,Ambiguous/Mixed,Ambiguous/Mixed,True
22,23,12,6,0.9792998592707696,0.04183478391859955,Ambiguous/Mixed,Ambiguous/Mixed,True
22,23,12,7,0.9887356550142402,0.022656536417124964,Ambiguous/Mixed,Ambiguous/Mixed,True
22,23,12,8,0.45417059135932236,1.578564799250144,Ambiguous/Mixed,Ambiguous/Mixed,True
22,23,12,9,0.9872454906155192,0.0256730928949334,Ambiguous/Mixed,Ambiguous/Mixed,True
22,23,12,10,0.9990081731579193,0.001984638055583871,Ambiguous/Mixed,Ambiguous/Mixed,True
22,23,12,11,0.7233800982321938,0.6476409425433584,Ambiguous/Mixed,Ambiguous/Mixed,True
22,23,12,12,0.7187819420886636,0.6603944933824398,Ambiguous/Mixed,Ambiguous/Mixed,True
22,23,12,13,0.9942249555129903,0.011583569074451183,Ambiguous/Mixed,Ambiguous/Mixed,True
22,23,12,14,0.9943748352509855,0.011282091142138809,Ambiguous/Mixed,Fibroblasts/Stromal,False
22,23,12,15,0.4559681407404934,1.570664677411426,Ambiguous/Mixed,Ambiguous/Mixed,True
22,23,12,16,0.9966559743672397,0.0066992587653728055,Ambiguous/Mixed,Ambiguous/Mixed,True
22,23,12,17,0.9951669020990993,0.009689630174689816,Ambiguous/Mixed,Ambiguous/Mixed,True
22,23,12,18,0.48983041946513256,1.4273920610042616,Ambiguous/Mixed,Ambiguous/Mixed,True
22,23,12,19,0.995035152721372,0.009954426158797372,Ambiguous/Mixed,Ambiguous/Mixed,True
22,23,12,20,0.9959599232212502,0.008096519873532975,Ambiguous/Mixed,Ambiguous/Mixed,True
22,23,12,21,0.9977071419109738,0.004590981426119587,Ambiguous/Mixed,Ambiguous/Mixed,True
22,23,12,22,0.9948307987608702,0.010365215561104498,Ambiguous/Mixed,Ambiguous/Mixed,True
22,23,12,23,0.9959563049423444,0.008103785799387857,Ambiguous/Mixed,Ambiguous/Mixed,True
22,23,13,1,0.08536088171328342,4.921734685384736,Ambiguous/Mixed,Tumor/Epithelials,False
22,23,13,2,0.2691260652701307,2.6251507300655597,Ambiguous/Mixed,Tumor/Epithelials,False
22,23,13,3,0.466757524822227,1.5238907499001666,Ambiguous/Mixed,Ambiguous/Mixed,True
22,23,13,4,0.46594738365803723,1.5273651236728876,Ambiguous/Mixed,Ambiguous/Mixed,True
22,23,13,5,0.45342374469590524,1.5818563439516538,Ambiguous/Mixed,Ambiguous/Mixed,True
22,23,13,6,0.4632962896448997,1.5387769902568094,Ambiguous/Mixed,Ambiguous/Mixed,True
22,23,13,7,0.5160176795731353,1.3232285026977886,Ambiguous/Mixed,Ambiguous/Mixed,True
22,23,13,8,0.9886024923862606,0.022925913970693036,Ambiguous/Mixed,Ambiguous/Mixed,True
22,23,13,9,0.4530623761256515,1.583450934673326,Ambiguous/Mixed,Ambiguous/Mixed,True
22,23,13,10,0.4707780714640289,1.5067369637199477,Ambiguous/Mixed,Ambiguous/Mixed,True
22,23,13,11,0.5718847407747757,1.117635620097248,Ambiguous/Mixed,Ambiguous/Mixed,True
22,23,13,12,0.5667375215870407,1.1357180146555452,Ambiguous/Mixed,Ambiguous/Mixed,True
22,23,13,13,0.4953049468257173,1.405163303807127,Ambiguous/Mixed,Ambiguous/Mixed,True
22,23,13,14,0.49883707164287394,1.3909514925604936,Ambiguous/Mixed,Fibroblasts/Stromal,False
22,23,13,15,0.9997602121795702,0.00047963314825161566,Ambiguous/Mixed,Ambiguous/Mixed,True
22,23,13,16,0.48411063584944003,1.4508836238432514,Ambiguous/Mixed,Ambiguous/Mixed,True
22,23,13,17,0.4996218897368114,1.3878073743305996,Ambiguous/Mixed,Ambiguous/Mixed,True
22,23,13,18,0.548556642099435,1.2009294746503905,Ambiguous/Mixed,Ambiguous/Mixed,True
22,23,13,19,0.4767971264911283,1.4813283798073402,Ambiguous/Mixed,Ambiguous/Mixed,True
22,23,13,20,0.48020219100026346,1.4670960650452576,Ambiguous/Mixed,Ambiguous/Mixed,True
22,23,13,21,0.47910381887295,1.4716759283880412,Ambiguous/Mixed,Ambiguous/Mixed,True
22,23,13,22,0.46574472802058314,1.5282351777953163,Ambiguous/Mixed,Ambiguous/Mixed,True
22,23,13,23,0.5070111312242084,1.3584446411092579,Ambiguous/Mixed,Ambiguous/Mixed,True
22,23,14,1,0.10290554059790814,4.547887586205585,Ambiguous/Mixed,Tumor/Epithelials,False
22,23,14,2,0.6023461576062414,1.013845972589564,Ambiguous/Mixed,Tumor/Epithelials,False
22,23,14,3,0.6034010994775166,1.0103462602435045,Ambiguous/Mixed,Ambiguous/Mixed,True
22,23,14,4,0.9974969268050374,0.005012422240140198,Ambiguous/Mixed,Ambiguous/Mixed,True
22,23,14,5,0.9963575245342619,0.007298250865272134,Ambiguous/Mixed,Ambiguous/Mixed,True
22,23,14,6,0.9886038162634994,0.02292323569228987,Ambiguous/Mixed,Ambiguous/Mixed,True
22,23,14,7,0.995372549007684,0.009276381576774117,Ambiguous/Mixed,Ambiguous/Mixed,True
22,23,14,8,0.47135132589935774,1.5043030963226292,Ambiguous/Mixed,Ambiguous/Mixed,True
22,23,14,9,0.9862529808521387,0.02768476883268081,Ambiguous/Mixed,Ambiguous/Mixed,True
22,23,14,10,0.9940496770710311,0.011936193283482869,Ambiguous/Mixed,Ambiguous/Mixed,True
22,23,14,11,0.771063618585704,0.519968788889173,Ambiguous/Mixed,Ambiguous/Mixed,True
22,23,14,12,0.7722355724728167,0.5169312596293218,Ambiguous/Mixed,Ambiguous/Mixed,True
22,23,14,13,0.9959901612496711,0.008035799419423291,Ambiguous/Mixed,Ambiguous/Mixed,True
22,23,14,14,0.9946028281346875,0.010823578432021343,Ambiguous/Mixed,Fibroblasts/Stromal,False
22,23,14,15,0.47022812843635525,1.5090746447696255,Ambiguous/Mixed,Ambiguous/Mixed,True
22,23,14,16,0.9982772412006478,0.003448488909643681,Ambiguous/Mixed,Ambiguous/Mixed,True
22,23,14,17,0.9970627583658692,0.005883127587798742,Ambiguous/Mixed,Ambiguous/Mixed,True
22,23,14,18,0.4796479805037409,1.4694056361619336,Ambiguous/Mixed,Ambiguous/Mixed,True
22,23,14,19,0.998356482097194,0.0032897399199551935,Ambiguous/Mixed,Ambiguous/Mixed,True
22,23,14,20,0.9926437887991109,0.014766803099740475,Ambiguous/Mixed,Ambiguous/Mixed,True
22,23,14,21,0.9970639269619757,0.005880783511837973,Ambiguous/Mixed,Ambiguous/Mixed,True
22,23,14,22,0.9975392944071079,0.004927476209333564,Ambiguous/Mixed,Ambiguous/Mixed,True
22,23,14,23,0.9970561061806966,0.005896471195927325,Ambiguous/Mixed,Ambiguous/Mixed,True
22,23,15,1,0.12213741848731433,4.2052169741929815,Ambiguous/Mixed,Tumor/Epithelials,False
22,23,15,2,0.648297155165369,0.8668122299123319,Ambiguous/Mixed,Tumor/Epithelials,False
22,23,15,3,0.6095514307413168,0.9900639035292407,Ambiguous/Mixed,Ambiguous/Mixed,True
22,23,15,4,0.991683099966878,0.016703356825299113,Ambiguous/Mixed,Ambiguous/Mixed,True
22,23,15,5,0.9949827169034281,0.010059823841413974,Ambiguous/Mixed,Ambiguous/Mixed,True
22,23,15,6,0.9866058598439813,0.026969301535524737,Ambiguous/Mixed,Ambiguous/Mixed,True
22,23,15,7,0.9934214958228494,0.01320047581027907,Ambiguous/Mixed,Ambiguous/Mixed,True
22,23,15,8,0.4778385409763581,1.4769647678710256,Ambiguous/Mixed,Ambiguous/Mixed,True
22,23,15,9,0.9934362684893921,0.013170735047133834,Ambiguous/Mixed,Ambiguous/Mixed,True
22,23,15,10,0.9956483043795572,0.008722383615040744,Ambiguous/Mixed,Ambiguous/Mixed,True
22,23,15,11,0.7947162237293309,0.4595403586678789,Ambiguous/Mixed,Ambiguous/Mixed,True
22,23,15,12,0.7924354523059013,0.4652884494844639,Ambiguous/Mixed,Ambiguous/Mixed,True
22,23,15,13,0.9984531984111537,0.0030959982429604356,Ambiguous/Mixed,Ambiguous/Mixed,True
22,23,15,14,0.9964402868604435,0.007132127988669225,Ambiguous/Mixed,Fibroblasts/Stromal,False
22,23,15,15,0.4774737357638589,1.4784922484200105,Ambiguous/Mixed,Ambiguous/Mixed,True
22,23,15,16,0.9977312902363883,0.004542574369250957,Ambiguous/Mixed,Ambiguous/Mixed,True
22,23,15,17,0.9964977105086961,0.007016873729190476,Ambiguous/Mixed,Ambiguous/Mixed,True
22,23,15,18,0.46704028793478697,1.522679510733231,Ambiguous/Mixed,Ambiguous/Mixed,True
22,23,15,19,0.999670783099761,0.0006585422080390748,Ambiguous/Mixed,Ambiguous/Mixed,True
22,23,15,20,0.9965699221815916,0.0068719480442962205,Ambiguous/Mixed,Ambiguous/Mixed,True
22,23,15,21,0.9967419752601088,0.006526687316829902,Ambiguous/Mixed,Ambiguous/Mixed,True
22,23,15,22,0.9976362736602685,0.004733048701721332,Ambiguous/Mixed,Ambiguous/Mixed,True
22,23,15,23,0.9972206999469937,0.005566338957182895,Ambiguous/Mixed,Ambiguous/Mixed,True
22,23,16,1,0.11641240069344445,4.301232428384438,Ambiguous/Mixed,Tumor/Epithelials,False
22,23,16,2,0.6340573168364865,0.911231847052676,Ambiguous/Mixed,Tumor/Epithelials,False
22,23,16,3,0.6203841025100487,0.954832945177811,Ambiguous/Mixed,Ambiguous/Mixed,True
22,23,16,4,0.9919469129258879,0.016171376649862037,Ambiguous/Mixed,Ambiguous/Mixed,True
22,23,16,5,0.9950819559559283,0.009860354841364119,Ambiguous/Mixed,Ambiguous/Mixed,True
22,23,16,6,0.9877193177877686,0.024713425807551682,Ambiguous/Mixed,Ambiguous/Mixed,True
22,23,16,7,0.9958316971230373,0.008354028936389375,Ambiguous/Mixed,Ambiguous/Mixed,True
22,23,16,8,0.4914597242710159,1.4207505745345388,Ambiguous/Mixed,Ambiguous/Mixed,True
22,23,16,9,0.9870633424161328,0.026042129788971132,Ambiguous/Mixed,Ambiguous/Mixed,True
22,23,16,10,0.996715186054312,0.006580441581166863,Ambiguous/Mixed,Ambiguous/Mixed,True
22,23,16,11,0.7962075265111036,0.4557908308395529,Ambiguous/Mixed,Ambiguous/Mixed,True
22,23,16,12,0.7931331856242098,0.4635282396855187,Ambiguous/Mixed,Ambiguous/Mixed,True
22,23,16,13,0.9973607309982847,0.0052855160249154235,Ambiguous/Mixed,Ambiguous/Mixed,True
22,23,16,14,0.9963161240244961,0.007381356314680031,Ambiguous/Mixed,Fibroblasts/Stromal,False
22,23,16,15,0.49222121285707454,1.4176540878204917,Ambiguous/Mixed,Ambiguous/Mixed,True
22,23,16,16,0.9997537316937427,0.0004925972705521687,Ambiguous/Mixed,Ambiguous/Mixed,True
22,23,16,17,0.9990918273995595,0.0018171704780537224,Ambiguous/Mixed,Ambiguous/Mixed,True
22,23,16,18,0.48595552430127426,1.4432763461053426,Ambiguous/Mixed,Ambiguous/Mixed,True
22,23,16,19,0.9987916255523179,0.002418210241524105,Ambiguous/Mixed,Ambiguous/Mixed,True
22,23,16,20,0.9963016107310724,0.007410490439446528,Ambiguous/Mixed,Ambiguous/Mixed,True
22,23,16,21,0.9992420971995608,0.0015163803079330613,Ambiguous/Mixed,Ambiguous/Mixed,True
22,23,16,22,0.9978612738096897,0.004282033062719644,Ambiguous/Mixed,Ambiguous/Mixed,True
22,23,16,23,0.9994424592442694,0.001115392478745494,Ambiguous/Mixed,Ambiguous/Mixed,True
22,23,17,1,0.06905482358486986,5.345709090320332,Ambiguous/Mixed,Tumor/Epithelials,False
22,23,17,2,0.4651737539812007,1.5306885574285287,Ambiguous/Mixed,Tumor/Epithelials,False
22,23,17,3,0.7795841763575695,0.49798921736914037,Ambiguous/Mixed,Ambiguous/Mixed,True
22,23,17,4,0.7734785549333516,0.5137146681356617,Ambiguous/Mixed,Ambiguous/Mixed,True
22,23,17,5,0.7721140094935262,0.5172461183399691,Ambiguous/Mixed,Ambiguous/Mixed,True
22,23,17,6,0.8068797509616594,0.42916125859472076,Ambiguous/Mixed,Ambiguous/Mixed,True
22,23,17,7,0.7746597813128019,0.5106626757367452,Ambiguous/Mixed,Ambiguous/Mixed,True
22,23,17,8,0.3272310317113669,2.2341776771138555,Ambiguous/Mixed,Ambiguous/Mixed,True
22,23,17,9,0.7887079963701534,0.4747182399163243,Ambiguous/Mixed,Ambiguous/Mixed,True
22,23,17,10,0.7645474726593305,0.5369423183824767,Ambiguous/Mixed,Ambiguous/Mixed,True
22,23,17,11,0.60266558806967,1.012785632814265,Ambiguous/Mixed,Ambiguous/Mixed,True
22,23,17,12,0.598416584696273,1.0269362752772477,Ambiguous/Mixed,Ambiguous/Mixed,True
22,23,17,13,0.7708740132993024,0.5204606512925196,Ambiguous/Mixed,Ambiguous/Mixed,True
22,23,17,14,0.776914322090769,0.5048504045477077,Ambiguous/Mixed,Fibroblasts/Stromal,False
22,23,17,15,0.3634493941905693,2.024230419766133,Ambiguous/Mixed,Ambiguous/Mixed,True
22,23,17,16,0.8014227083203257,0.44273349073761925,Ambiguous/Mixed,Ambiguous/Mixed,True
22,23,17,17,0.7784242673855898,0.5009671452255194,Ambiguous/Mixed,Ambiguous/Mixed,True
22,23,17,18,0.5911856835651891,1.0512502510648838,Ambiguous/Mixed,Ambiguous/Mixed,True
22,23,17,19,0.7785814490002877,0.5005633403747659,Ambiguous/Mixed,Ambiguous/Mixed,True
22,23,17,20,0.7441580115551176,0.5910037711525064,Ambiguous/Mixed,Ambiguous/Mixed,True
22,23,17,21,0.7875203116038537,0.47773223220428,Ambiguous/Mixed,Ambiguous/Mixed,True
22,23,17,22,0.7793580584573988,0.4985694002565024,Ambiguous/Mixed,Ambiguous/Mixed,True
22,23,17,23,0.7690455052350371,0.525210273338645,Ambiguous/Mixed,Ambiguous/Mixed,True
22,23,18,1,0.0499366589937564,5.993999793547601,Ambiguous/Mixed,Tumor/Epithelials,False
22,23,18,2,0.25489511770945317,2.7338062430644303,Ambiguous/Mixed,Tumor/Epithelials,False
22,23,18,3,0.452455872908268,1.5861300780643095,Ambiguous/Mixed,Ambiguous/Mixed,True
22,23,18,4,0.47702251903680076,1.4803831589747667,Ambiguous/Mixed,Ambiguous/Mixed,True
22,23,18,5,0.4503454530675601,1.5954806344897554,Ambiguous/Mixed,Ambiguous/Mixed,True
22,23,18,6,0.46730759270752,1.521535162742237,Ambiguous/Mixed,Ambiguous/Mixed,True
22,23,18,7,0.49525012155352804,1.4053846959295657,Ambiguous/Mixed,Ambiguous/Mixed,True
22,23,18,8,0.5154968133446225,1.3252483144458878,Ambiguous/Mixed,Ambiguous/Mixed,True
22,23,18,9,0.46381464285978197,1.5365405663264209,Ambiguous/Mixed,Ambiguous/Mixed,True
22,23,18,10,0.4805063054083415,1.4658298561197705,Ambiguous/Mixed,Ambiguous/Mixed,True
22,23,18,11,0.3258329829644422,2.2427407021844976,Ambiguous/Mixed,Ambiguous/Mixed,True
22,23,18,12,0.3231214075753948,2.259454303072621,Ambiguous/Mixed,Ambiguous/Mixed,True
22,23,18,13,0.48176266064802903,1.4606073829947614,Ambiguous/Mixed,Ambiguous/Mixed,True
22,23,18,14,0.4882158113492802,1.4339954690303958,Ambiguous/Mixed,Fibroblasts/Stromal,False
22,23,18,15,0.5699151212149242,1.1245356787820282,Ambiguous/Mixed,Ambiguous/Mixed,True
22,23,18,16,0.4968862794548235,1.3987881860832356,Ambiguous/Mixed,Ambiguous/Mixed,True
22,23,18,17,0.4818485824938636,1.4602507169775318,Ambiguous/Mixed,Ambiguous/Mixed,True
22,23,18,18,0.9991663400938027,0.0016680151877318165,Ambiguous/Mixed,Ambiguous/Mixed,True
22,23,18,19,0.47353357027676496,1.4950649414267458,Ambiguous/Mixed,Ambiguous/Mixed,True
22,23,18,20,0.450547130797747,1.5945851770859854,Ambiguous/Mixed,Ambiguous/Mixed,True
22,23,18,21,0.49523060086562926,1.4054635291161568,Ambiguous/Mixed,Ambiguous/Mixed,True
22,23,18,22,0.4696495427428487,1.5115370323093464,Ambiguous/Mixed,Ambiguous/Mixed,True
22,23,18,23,0.48606141121425633,1.442840605082601,Ambiguous/Mixed,Ambiguous/Mixed,True
22,23,19,1,0.12199604818448384,4.2075332534079415,Ambiguous/Mixed,Tumor/Epithelials,False
22,23,19,2,0.6354365243276497,0.9068861527638967,Ambiguous/Mixed,Tumor/Epithelials,False
22,23,19,3,0.6038880830615305,1.008732782321333,Ambiguous/Mixed,Ambiguous/Mixed,True
22,23,19,4,0.9897169015076657,0.020672669640744577,Ambiguous/Mixed,Ambiguous/Mixed,True
22,23,19,5,0.9935255937206241,0.012990912307722435,Ambiguous/Mixed,Ambiguous/Mixed,True
22,23,19,6,0.9860914855471571,0.02801228830626945,Ambiguous/Mixed,Ambiguous/Mixed,True
22,23,19,7,0.9933719876529576,0.013300150326657018,Ambiguous/Mixed,Ambiguous/Mixed,True
22,23,19,8,0.48070258593314913,1.4650130491621822,Ambiguous/Mixed,Ambiguous/Mixed,True
22,23,19,9,0.9887306674940469,0.022666625125360385,Ambiguous/Mixed,Ambiguous/Mixed,True
22,23,19,10,0.996617328688607,0.00677681095769539,Ambiguous/Mixed,Ambiguous/Mixed,True
22,23,19,11,0.8081702338984258,0.4259651142685297,Ambiguous/Mixed,Ambiguous/Mixed,True
22,23,19,12,0.8035149699248325,0.43751892616450316,Ambiguous/Mixed,Ambiguous/Mixed,True
22,23,19,13,0.9969297964244712,0.006149852639054611,Ambiguous/Mixed,Ambiguous/Mixed,True
22,23,19,14,0.9960531955635081,0.00790922724690007,Ambiguous/Mixed,Fibroblasts/Stromal,False
22,23,19,15,0.48113780480154567,1.4632031068794848,Ambiguous/Mixed,Ambiguous/Mixed,True
22,23,19,16,0.9974319993339192,0.005142607271376903,Ambiguous/Mixed,Ambiguous/Mixed,True
22,23,19,17,0.9970375844897346,0.005933624296705476,Ambiguous/Mixed,Ambiguous/Mixed,True
22,23,19,18,0.45036797773353976,1.5953806041572918,Ambiguous/Mixed,Ambiguous/Mixed,True
22,23,19,19,0.9983052779446683,0.0033923194425596725,Ambiguous/Mixed,Ambiguous/Mixed,True
22,23,19,20,0.9990712705689588,0.0018583219348538176,Ambiguous/Mixed,Ambiguous/Mixed,True
22,23,19,21,0.9972801962792921,0.005447018213976251,Ambiguous/Mixed,Ambiguous/Mixed,True
22,23,19,22,0.9974893885408328,0.005027536658012084,Ambiguous/Mixed,Ambiguous/Mixed,True
22,23,19,23,0.9985266766773231,0.002948819461403015,Ambiguous/Mixed,Ambiguous/Mixed,True
22,23,20,1,0.11142329958531931,4.3888376417736685,Ambiguous/Mixed,Tumor/Epithelials,False
22,23,20,2,0.6370469412524528,0.9018238699817663,Ambiguous/Mixed,Tumor/Epithelials,False
22,23,20,3,0.5999451820024198,1.0218339825383485,Ambiguous/Mixed,Ambiguous/Mixed,True
22,23,20,4,0.9917134427961286,0.016642163153536952,Ambiguous/Mixed,Ambiguous/Mixed,True
22,23,20,5,0.9969511599444897,0.0061069944735236146,Ambiguous/Mixed,Ambiguous/Mixed,True
22,23,20,6,0.9910756763921219,0.017928767805194756,Ambiguous/Mixed,Ambiguous/Mixed,True
22,23,20,7,0.993895363726334,0.012246691495133796,Ambiguous/Mixed,Ambiguous/Mixed,True
22,23,20,8,0.45947795860039575,1.5553286131247583,Ambiguous/Mixed,Ambiguous/Mixed,True
22,23,20,9,0.9882271620753893,0.023685373066289248,Ambiguous/Mixed,Ambiguous/Mixed,True
22,23,20,10,0.9937808619256919,0.012477114939940649,Ambiguous/Mixed,Ambiguous/Mixed,True
22,23,20,11,0.7742259971978549,0.5117829239365972,Ambiguous/Mixed,Ambiguous/Mixed,True
22,23,20,12,0.772556536787482,0.5161001722166924,Ambiguous/Mixed,Ambiguous/Mixed,True
22,23,20,13,0.9952037248968696,0.009615628283232827,Ambiguous/Mixed,Ambiguous/Mixed,True
22,23,20,14,0.994322278862664,0.011387801333923657,Ambiguous/Mixed,Fibroblasts/Stromal,False
22,23,20,15,0.45837487248299985,1.5601358615686094,Ambiguous/Mixed,Ambiguous/Mixed,True
22,23,20,16,0.9970315775959226,0.005945673816202866,Ambiguous/Mixed,Ambiguous/Mixed,True
22,23,20,17,0.9957332854459261,0.008551685910784111,Ambiguous/Mixed,Ambiguous/Mixed,True
22,23,20,18,0.46372043440971694,1.5369468407744615,Ambiguous/Mixed,Ambiguous/Mixed,True
22,23,20,19,0.9980833009055812,0.0038370766253115344,Ambiguous/Mixed,Ambiguous/Mixed,True
22,23,20,20,0.9954370648976872,0.009146754133596892,Ambiguous/Mixed,Ambiguous/Mixed,True
22,23,20,21,0.9967683539980114,0.006473758094408292,Ambiguous/Mixed,Ambiguous/Mixed,True
22,23,20,22,0.9999023952319553,0.0001952190634000473,Ambiguous/Mixed,Ambiguous/Mixed,True
22,23,20,23,0.9964562759012555,0.007100035925064604,Ambiguous/Mixed,Ambiguous/Mixed,True
22,23,21,1,0.11428154818730633,4.338180308790065,Ambiguous/Mixed,Tumor/Epithelials,False
22,23,21,2,0.6300206050907067,0.9240055072764384,Ambiguous/Mixed,Tumor/Epithelials,False
22,23,21,3,0.6129938273967517,0.9788008251924255,Ambiguous/Mixed,Ambiguous/Mixed,True
22,23,21,4,0.9919066784261689,0.016252500579369545,Ambiguous/Mixed,Ambiguous/Mixed,True
22,23,21,5,0.9946626444372776,0.010703300262148316,Ambiguous/Mixed,Ambiguous/Mixed,True
22,23,21,6,0.98828300521669,0.023572359448166554,Ambiguous/Mixed,Ambiguous/Mixed,True
22,23,21,7,0.9965340842368027,0.006943871927199163,Ambiguous/Mixed,Ambiguous/Mixed,True
22,23,21,8,0.5066141899113087,1.3600110634348013,Ambiguous/Mixed,Ambiguous/Mixed,True
22,23,21,9,0.9858867545813061,0.028427568682939518,Ambiguous/Mixed,Ambiguous/Mixed,True
22,23,21,10,0.9962634979330498,0.007487000457335481,Ambiguous/Mixed,Ambiguous/Mixed,True
22,23,21,11,0.803495258312461,0.4375679902265136,Ambiguous/Mixed,Ambiguous/Mixed,True
22,23,21,12,0.7999559973830564,0.4463971121962492,Ambiguous/Mixed,Ambiguous/Mixed,True
22,23,21,13,0.997208151965043,0.005591505023024466,Ambiguous/Mixed,Ambiguous/Mixed,True
22,23,21,14,0.9964941183950257,0.007024083219201136,Ambiguous/Mixed,Fibroblasts/Stromal,False
22,23,21,15,0.507417800304165,1.3568411020574727,Ambiguous/Mixed,Ambiguous/Mixed,True
22,23,21,16,0.9990844824367314,0.0018318738108716983,Ambiguous/Mixed,Ambiguous/Mixed,True
22,23,21,17,0.9993538103253538,0.0012927970903577378,Ambiguous/Mixed,Ambiguous/Mixed,True
22,23,21,18,0.4839998298373604,1.4513414476825377,Ambiguous/Mixed,Ambiguous/Mixed,True
22,23,21,19,0.9983749872737643,0.003252668983067226,Ambiguous/Mixed,Ambiguous/Mixed,True
22,23,21,20,0.9964197789729571,0.007173290713215279,Ambiguous/Mixed,Ambiguous/Mixed,True
22,23,21,21,0.9989207389671821,0.002159687708776937,Ambiguous/Mixed,Ambiguous/Mixed,True
22,23,21,22,0.9975185972860883,0.004968972992171987,Ambiguous/Mixed,Ambiguous/Mixed,True
22,23,21,23,0.9998047143055546,0.0003906095303589001,Ambiguous/Mixed,Ambiguous/Mixed,True
22,23,22,1,0.12362969617794775,4.1809290049541135,Ambiguous/Mixed,Tumor/Epithelials,False
22,23,22,2,0.4537029170281394,1.5806253258245166,Ambiguous/Mixed,Tumor/Epithelials,False
22,23,22,3,0.7780355689854891,0.5019660747169159,Ambiguous/Mixed,Ambiguous/Mixed,True
22,23,22,4,0.7578250248615482,0.5546055158009243,Ambiguous/Mixed,Ambiguous/Mixed,True
22,23,22,5,0.7796816561351098,0.49773915153524356,Ambiguous/Mixed,Ambiguous/Mixed,True
22,23,22,6,0.8030944088298968,0.43856600359378517,Ambiguous/Mixed,Ambiguous/Mixed,True
22,23,22,7,0.8091914564500875,0.4234394635288835,Ambiguous/Mixed,Ambiguous/Mixed,True
22,23,22,8,0.6046590807909731,1.006180965207039,Ambiguous/Mixed,Ambiguous/Mixed,True
22,23,22,9,0.772400555506482,0.516504018465389,Ambiguous/Mixed,Ambiguous/Mixed,True
22,23,22,10,0.748756955374308,0.5786816805620435,Ambiguous/Mixed,Ambiguous/Mixed,True
22,23,22,11,0.9981683355926968,0.003666687911559695,Ambiguous/Mixed,Ambiguous/Mixed,True
22,23,22,12,0.9946840427592153,0.010660274434470702,Ambiguous/Mixed,Ambiguous/Mixed,True
22,23,22,13,0.7953513872808824,0.4579425307995874,Ambiguous/Mixed,Ambiguous/Mixed,True
22,23,22,14,0.7942605364746299,0.46068747995651205,Ambiguous/Mixed,Fibroblasts/Stromal,False
22,23,22,15,0.6052297562631423,1.0042942612487489,Ambiguous/Mixed,Ambiguous/Mixed,True
22,23,22,16,0.7818692146570942,0.4921355942156007,Ambiguous/Mixed,Ambiguous/Mixed,True
22,23,22,17,0.8027271881667808,0.43948072704800717,Ambiguous/Mixed,Ambiguous/Mixed,True
22,23,22,18,0.3424643422493207,2.1431754738413273,Ambiguous/Mixed,Ambiguous/Mixed,True
22,23,22,19,0.7880184169266992,0.47646763532596575,Ambiguous/Mixed,Ambiguous/Mixed,True
22,23,22,20,0.7954652384492612,0.45765625979454067,Ambiguous/Mixed,Ambiguous/Mixed,True
22,23,22,21,0.7633026940123399,0.5402012215120191,Ambiguous/Mixed,Ambiguous/Mixed,True
22,23,22,22,0.7787436609960985,0.5001466977730222,Ambiguous/Mixed,Ambiguous/Mixed,True
22,23,22,23,0.8012291696365531,0.4432165368373377,Ambiguous/Mixed,Ambiguous/Mixed,True
23,24,1,1,0.5327058461666936,1.2595717810490443,Tumor/Epithelials,Tumor/Epithelials,True
23,24,1,2,0.0743757911342438,5.197249556147681,Tumor/Epithelials,Ambiguous/Mixed,False
23,24,1,3,0.19912251968697367,3.2276699337797954,Tumor/Epithelials,Tumor/Epithelials,True
23,24,1,4,0.10214088250932166,4.562804435213762,Tumor/Epithelials,Ambiguous/Mixed,False
23,24,1,5,0.09298390589336594,4.750657711429307,Tumor/Epithelials,Ambiguous/Mixed,False
23,24,1,6,0.08660428147643727,4.892812049908249,Tumor/Epithelials,Ambiguous/Mixed,False
23,24,1,7,0.1684912307015853,3.5617431477161094,Tumor/Epithelials,Tumor/Epithelials,True
23,24,1,8,0.13917826519663606,3.94399936820366,Tumor/Epithelials,Tumor/Epithelials,True
23,24,1,9,0.11347965048758778,4.352263497986929,Tumor/Epithelials,Ambiguous/Mixed,False
23,24,1,10,0.14883320660246505,3.8098580376585023,Tumor/Epithelials,Ambiguous/Mixed,False
23,24,1,11,0.1647848455952036,3.6062292441495862,Tumor/Epithelials,Fibroblasts/Stromal,False
23,24,1,12,0.13855363275081495,3.952995576469492,Tumor/Epithelials,Ambiguous/Mixed,False
23,24,1,13,0.1452529994857396,3.8585564659182077,Tumor/Epithelials,Ambiguous/Mixed,False
23,24,1,14,0.10465605420599958,4.514151959637829,Tumor/Epithelials,Ambiguous/Mixed,False
23,24,1,15,0.1211838416997659,4.2208930670871885,Tumor/Epithelials,Ambiguous/Mixed,False
23,24,1,16,0.08533282483089462,4.922392164402786,Tumor/Epithelials,Ambiguous/Mixed,False
23,24,1,17,0.12175988648353103,4.211408634332166,Tumor/Epithelials,Ambiguous/Mixed,False
23,24,1,18,0.1351861422784619,4.0022052371338335,Tumor/Epithelials,Ambiguous/Mixed,False
23,24,1,19,0.11537252125624956,4.319178141252201,Tumor/Epithelials,Ambiguous/Mixed,False
23,24,1,20,0.11302863427323585,4.360228183444426,Tumor/Epithelials,Ambiguous/Mixed,False
23,24,1,21,0.11641279928946864,4.3012255803967765,Tumor/Epithelials,Ambiguous/Mixed,False
23,24,1,22,0.12332266905748489,4.185902065703892,Tumor/Epithelials,Ambiguous/Mixed,False
23,24,1,23,0.11034232793426986,4.4083353470661155,Tumor/Epithelials,Ambiguous/Mixed,False
23,24,1,24,0.11321618721705484,4.356912253638008,Tumor/Epithelials,Ambiguous/Mixed,False
23,24,2,1,0.1979798974935619,3.2391795625043844,Tumor/Epithelials,Tumor/Epithelials,True
23,24,2,2,0.6059825244348279,1.0018082617898476,Tumor/Epithelials,Ambiguous/Mixed,False
23,24,2,3,0.5856338256134356,1.070121111370377,Tumor/Epithelials,Tumor/Epithelials,True
23,24,2,4,0.5758011976189406,1.1039856417689597,Tumor/Epithelials,Ambiguous/Mixed,False
23,24,2,5,0.2652189636598109,2.6543990324281452,Tumor/Epithelials,Ambiguous/Mixed,False
23,24,2,6,0.599538797310755,1.0231891809877565,Tumor/Epithelials,Ambiguous/Mixed,False
23,24,2,7,0.7140312773738885,0.6736570235124371,Tumor/Epithelials,Tumor/Epithelials,True
23,24,2,8,0.7004043128090519,0.7121950419045194,Tumor/Epithelials,Tumor/Epithelials,True
23,24,2,9,0.652301004615163,0.8544983201382221,Tumor/Epithelials,Ambiguous/Mixed,False
23,24,2,10,0.7246630583621592,0.6440969584850769,Tumor/Epithelials,Ambiguous/Mixed,False
23,24,2,11,0.7071443210900751,0.6930410044969367,Tumor/Epithelials,Fibroblasts/Stromal,False
23,24,2,12,0.4775080912443885,1.4783483483809823,Tumor/Epithelials,Ambiguous/Mixed,False
23,24,2,13,0.7087909017941647,0.6883894316856591,Tumor/Epithelials,Ambiguous/Mixed,False
23,24,2,14,0.577644441553566,1.097593505231043,Tumor/Epithelials,Ambiguous/Mixed,False
23,24,2,15,0.6565144380605475,0.8416211860100712,Tumor/Epithelials,Ambiguous/Mixed,False
23,24,2,16,0.26651714462093856,2.6446334098182636,Tumor/Epithelials,Ambiguous/Mixed,False
23,24,2,17,0.646832690585818,0.8713352210502642,Tumor/Epithelials,Ambiguous/Mixed,False
23,24,2,18,0.4704509055327666,1.5081273414173386,Tumor/Epithelials,Ambiguous/Mixed,False
23,24,2,19,0.646694319604594,0.8717631084640153,Tumor/Epithelials,Ambiguous/Mixed,False
23,24,2,20,0.628493184652499,0.9288601896823602,Tumor/Epithelials,Ambiguous/Mixed,False
23,24,2,21,0.6598603634195543,0.8314540738446208,Tumor/Epithelials,Ambiguous/Mixed,False
23,24,2,22,0.6362164313588956,0.9044329453049189,Tumor/Epithelials,Ambiguous/Mixed,False
23,24,2,23,0.6208111511649085,0.9534566954042268,Tumor/Epithelials,Ambiguous/Mixed,False
23,24,2,24,0.6276213660924446,0.931636429156787,Tumor/Epithelials,Ambiguous/Mixed,False
23,24,3,1,0.1230739720586574,4.189939411053326,Ambiguous/Mixed,Tumor/Epithelials,False
23,24,3,2,0.6604251541780259,0.8297429567100463,Ambiguous/Mixed,Ambiguous/Mixed,True
23,24,3,3,0.2028666288472611,3.190413033224661,Ambiguous/Mixed,Tumor/Epithelials,False
23,24,3,4,0.6060427035767022,1.0016096548944369,Ambiguous/Mixed,Ambiguous/Mixed,True
23,24,3,5,0.4268634845943859,1.7025820501618936,Ambiguous/Mixed,Ambiguous/Mixed,True
23,24,3,6,0.6540004535851283,0.8492944679398737,Ambiguous/Mixed,Ambiguous/Mixed,True
23,24,3,7,0.6225444046576241,0.9478806408080093,Ambiguous/Mixed,Tumor/Epithelials,False
23,24,3,8,0.5933303661474381,1.0440078505034496,Ambiguous/Mixed,Tumor/Epithelials,False
23,24,3,9,0.5932628258115126,1.0442355286544995,Ambiguous/Mixed,Ambiguous/Mixed,True
23,24,3,10,0.5795375905986723,1.091049502018036,Ambiguous/Mixed,Ambiguous/Mixed,True
23,24,3,11,0.5849878366791281,1.072328447935855,Ambiguous/Mixed,Fibroblasts/Stromal,False
23,24,3,12,0.7581298430963352,0.5538012220971001,Ambiguous/Mixed,Ambiguous/Mixed,True
23,24,3,13,0.5734287405371795,1.1122432075466475,Ambiguous/Mixed,Ambiguous/Mixed,True
23,24,3,14,0.5552280424792906,1.1767527245534413,Ambiguous/Mixed,Ambiguous/Mixed,True
23,24,3,15,0.5938006545805139,1.0424232285890473,Ambiguous/Mixed,Ambiguous/Mixed,True
23,24,3,16,0.46512605388146405,1.530893653030507,Ambiguous/Mixed,Ambiguous/Mixed,True
23,24,3,17,0.5854162619697073,1.070864251731454,Ambiguous/Mixed,Ambiguous/Mixed,True
23,24,3,18,0.7812567289210799,0.4937029298992707,Ambiguous/Mixed,Ambiguous/Mixed,True
23,24,3,19,0.6132085242793581,0.9781004615550309,Ambiguous/Mixed,Ambiguous/Mixed,True
23,24,3,20,0.610577986192876,0.9866985041559151,Ambiguous/Mixed,Ambiguous/Mixed,True
23,24,3,21,0.617235012126654,0.9650108654839334,Ambiguous/Mixed,Ambiguous/Mixed,True
23,24,3,22,0.6028764694805305,1.0120859262824495,Ambiguous/Mixed,Ambiguous/Mixed,True
23,24,3,23,0.6212126411673928,0.952163676642598,Ambiguous/Mixed,Ambiguous/Mixed,True
23,24,3,24,0.6248275342257872,0.940559225128738,Ambiguous/Mixed,Ambiguous/Mixed,True
23,24,4,1,0.16277280739342673,3.630799740235588,Ambiguous/Mixed,Tumor/Epithelials,False
23,24,4,2,0.9582756625199512,0.08523958893925943,Ambiguous/Mixed,Ambiguous/Mixed,True
23,24,4,3,0.4548003284101275,1.575793590016222,Ambiguous/Mixed,Tumor/Epithelials,False
23,24,4,4,0.9986955250825473,0.0026106529710089015,Ambiguous/Mixed,Ambiguous/Mixed,True
23,24,4,5,0.46730962144306043,1.5215264801050687,Ambiguous/Mixed,Ambiguous/Mixed,True
23,24,4,6,0.9817188619381318,0.03690060584443022,Ambiguous/Mixed,Ambiguous/Mixed,True
23,24,4,7,0.9671438622952221,0.0668160456616986,Ambiguous/Mixed,Tumor/Epithelials,False
23,24,4,8,0.9812866930585996,0.03778123276963549,Ambiguous/Mixed,Tumor/Epithelials,False
23,24,4,9,0.9915807995132315,0.016909684291379786,Ambiguous/Mixed,Ambiguous/Mixed,True
23,24,4,10,0.9725694284181494,0.05562762869637462,Ambiguous/Mixed,Ambiguous/Mixed,True
23,24,4,11,0.9758574985578797,0.04887741760967844,Ambiguous/Mixed,Fibroblasts/Stromal,False
23,24,4,12,0.755704270215523,0.5602103125917296,Ambiguous/Mixed,Ambiguous/Mixed,True
23,24,4,13,0.9778780599234362,0.04474059965155028,Ambiguous/Mixed,Ambiguous/Mixed,True
23,24,4,14,0.9985509508767422,0.0029002000205052406,Ambiguous/Mixed,Ambiguous/Mixed,True
23,24,4,15,0.9913595273265052,0.01735603597357547,Ambiguous/Mixed,Ambiguous/Mixed,True
23,24,4,16,0.46663881622498005,1.5243994666913798,Ambiguous/Mixed,Ambiguous/Mixed,True
23,24,4,17,0.9920577716740788,0.015947871636659495,Ambiguous/Mixed,Ambiguous/Mixed,True
23,24,4,18,0.7572885313857639,0.5560218941205417,Ambiguous/Mixed,Ambiguous/Mixed,True
23,24,4,19,0.9912448413751186,0.017587420415827396,Ambiguous/Mixed,Ambiguous/Mixed,True
23,24,4,20,0.9918930656676823,0.01627994842742421,Ambiguous/Mixed,Ambiguous/Mixed,True
23,24,4,21,0.9885768363658607,0.022977818256820833,Ambiguous/Mixed,Ambiguous/Mixed,True
23,24,4,22,0.9892189316442459,0.021679210359424078,Ambiguous/Mixed,Ambiguous/Mixed,True
23,24,4,23,0.9924750103949813,0.015106890362235425,Ambiguous/Mixed,Ambiguous/Mixed,True
23,24,4,24,0.992643988452963,0.014766400832916795,Ambiguous/Mixed,Ambiguous/Mixed,True
23,24,5,1,0.18576044245317128,3.3665947583630835,Ambiguous/Mixed,Tumor/Epithelials,False
23,24,5,2,0.9666220395547934,0.06789543743832571,Ambiguous/Mixed,Ambiguous/Mixed,True
23,24,5,3,0.5302840303993571,1.2686850191372951,Ambiguous/Mixed,Tumor/Epithelials,False
23,24,5,4,0.9943665719408666,0.011298711322296961,Ambiguous/Mixed,Ambiguous/Mixed,True
23,24,5,5,0.45687079763501465,1.566709293166584,Ambiguous/Mixed,Ambiguous/Mixed,True
23,24,5,6,0.9893921599592819,0.02132900851083709,Ambiguous/Mixed,Ambiguous/Mixed,True
23,24,5,7,0.9727339935071411,0.05528924428285961,Ambiguous/Mixed,Tumor/Epithelials,False
23,24,5,8,0.985161551889721,0.02989927837554936,Ambiguous/Mixed,Tumor/Epithelials,False
23,24,5,9,0.9998727726913637,0.0002544708054337847,Ambiguous/Mixed,Ambiguous/Mixed,True
23,24,5,10,0.9782140833588713,0.0440534675245811,Ambiguous/Mixed,Ambiguous/Mixed,True
23,24,5,11,0.9799943556394656,0.04041693377134303,Ambiguous/Mixed,Fibroblasts/Stromal,False
23,24,5,12,0.7783745293918103,0.5010949407862544,Ambiguous/Mixed,Ambiguous/Mixed,True
23,24,5,13,0.9839846313655732,0.03229000116555121,Ambiguous/Mixed,Ambiguous/Mixed,True
23,24,5,14,0.9921521032974602,0.015757707028283545,Ambiguous/Mixed,Ambiguous/Mixed,True
23,24,5,15,0.9927922276241656,0.014467747730333633,Ambiguous/Mixed,Ambiguous/Mixed,True
23,24,5,16,0.45392176794023964,1.5796608262027407,Ambiguous/Mixed,Ambiguous/Mixed,True
23,24,5,17,0.9944046208642747,0.011222183819182868,Ambiguous/Mixed,Ambiguous/Mixed,True
23,24,5,18,0.7793640117094411,0.49855412299275825,Ambiguous/Mixed,Ambiguous/Mixed,True
23,24,5,19,0.9945366789850106,0.010956599066249262,Ambiguous/Mixed,Ambiguous/Mixed,True
23,24,5,20,0.9965582934272181,0.006895285738845883,Ambiguous/Mixed,Ambiguous/Mixed,True
23,24,5,21,0.994670167614895,0.010688173225441525,Ambiguous/Mixed,Ambiguous/Mixed,True
23,24,5,22,0.9931347166245419,0.013777915700482563,Ambiguous/Mixed,Ambiguous/Mixed,True
23,24,5,23,0.9948973078339749,0.010231510713876268,Ambiguous/Mixed,Ambiguous/Mixed,True
23,24,5,24,0.9951730770821912,0.009677220268529962,Ambiguous/Mixed,Ambiguous/Mixed,True
23,24,6,1,0.1663181704679958,3.5877052711301123,Ambiguous/Mixed,Tumor/Epithelials,False
23,24,6,2,0.9815201026576804,0.037305567817404,Ambiguous/Mixed,Ambiguous/Mixed,True
23,24,6,3,0.5190246531058877,1.3116077915539588,Ambiguous/Mixed,Tumor/Epithelials,False
23,24,6,4,0.9851426121529593,0.02993772875718681,Ambiguous/Mixed,Ambiguous/Mixed,True
23,24,6,5,0.46287874530639644,1.5405802967638267,Ambiguous/Mixed,Ambiguous/Mixed,True
23,24,6,6,0.9998998536033734,0.00020030282322354117,Ambiguous/Mixed,Ambiguous/Mixed,True
23,24,6,7,0.9594889377763727,0.08270898551044667,Ambiguous/Mixed,Tumor/Epithelials,False
23,24,6,8,0.9725541572891947,0.055659032621692806,Ambiguous/Mixed,Tumor/Epithelials,False
23,24,6,9,0.9870907632880135,0.025986570049631137,Ambiguous/Mixed,Ambiguous/Mixed,True
23,24,6,10,0.9666247144012987,0.0678899030252978,Ambiguous/Mixed,Ambiguous/Mixed,True
23,24,6,11,0.9648887205862768,0.0714849994942494,Ambiguous/Mixed,Fibroblasts/Stromal,False
23,24,6,12,0.7991282256571481,0.44846772683410135,Ambiguous/Mixed,Ambiguous/Mixed,True
23,24,6,13,0.9717819485874716,0.0572476648339742,Ambiguous/Mixed,Ambiguous/Mixed,True
23,24,6,14,0.9775857568101144,0.045338520437396806,Ambiguous/Mixed,Ambiguous/Mixed,True
23,24,6,15,0.9827727082841557,0.03475481613865879,Ambiguous/Mixed,Ambiguous/Mixed,True
23,24,6,16,0.46367359695460164,1.5371488582711073,Ambiguous/Mixed,Ambiguous/Mixed,True
23,24,6,17,0.9847641988531034,0.030706116992399224,Ambiguous/Mixed,Ambiguous/Mixed,True
23,24,6,18,0.8019233425686881,0.4414845170320244,Ambiguous/Mixed,Ambiguous/Mixed,True
23,24,6,19,0.9876523909050735,0.02484894841815928,Ambiguous/Mixed,Ambiguous/Mixed,True
23,24,6,20,0.9909952785162093,0.018091018053113958,Ambiguous/Mixed,Ambiguous/Mixed,True
23,24,6,21,0.9874948315474076,0.025168032193199765,Ambiguous/Mixed,Ambiguous/Mixed,True
23,24,6,22,0.9851251414346687,0.029973197476114384,Ambiguous/Mixed,Ambiguous/Mixed,True
23,24,6,23,0.9891179778523643,0.02188332886216149,Ambiguous/Mixed,Ambiguous/Mixed,True
23,24,6,24,0.9885314500307429,0.023069641927659618,Ambiguous/Mixed,Ambiguous/Mixed,True
23,24,7,1,0.17150669106627556,3.526265996347001,Ambiguous/Mixed,Tumor/Epithelials,False
23,24,7,2,0.9871508779187103,0.02586477213095567,Ambiguous/Mixed,Ambiguous/Mixed,True
23,24,7,3,0.4513448410805807,1.5910472345574913,Ambiguous/Mixed,Tumor/Epithelials,False
23,24,7,4,0.9938569347630586,0.012324022988216748,Ambiguous/Mixed,Ambiguous/Mixed,True
23,24,7,5,0.5166766122669617,1.3206762167465331,Ambiguous/Mixed,Ambiguous/Mixed,True
23,24,7,6,0.9931489461222731,0.0137492601806326,Ambiguous/Mixed,Ambiguous/Mixed,True
23,24,7,7,0.971937561261721,0.05692742794013564,Ambiguous/Mixed,Tumor/Epithelials,False
23,24,7,8,0.9829021979783867,0.03449131438868826,Ambiguous/Mixed,Tumor/Epithelials,False
23,24,7,9,0.9909486030011564,0.018185219539839648,Ambiguous/Mixed,Ambiguous/Mixed,True
23,24,7,10,0.9685330586208983,0.06394532576175285,Ambiguous/Mixed,Ambiguous/Mixed,True
23,24,7,11,0.9749351542874939,0.050768637238312625,Ambiguous/Mixed,Fibroblasts/Stromal,False
23,24,7,12,0.8058597744490185,0.4316910574433614,Ambiguous/Mixed,Ambiguous/Mixed,True
23,24,7,13,0.9803085384485958,0.03977584343215535,Ambiguous/Mixed,Ambiguous/Mixed,True
23,24,7,14,0.9860641057307326,0.02806782107771473,Ambiguous/Mixed,Ambiguous/Mixed,True
23,24,7,15,0.9910540658033568,0.01797237865125801,Ambiguous/Mixed,Ambiguous/Mixed,True
23,24,7,16,0.5168039224396637,1.320183473365035,Ambiguous/Mixed,Ambiguous/Mixed,True
23,24,7,17,0.9943577615135866,0.011316432083554833,Ambiguous/Mixed,Ambiguous/Mixed,True
23,24,7,18,0.8074987292552069,0.4276275951286519,Ambiguous/Mixed,Ambiguous/Mixed,True
23,24,7,19,0.9945419083594619,0.010946082891605334,Ambiguous/Mixed,Ambiguous/Mixed,True
23,24,7,20,0.9946944092931559,0.010639430670067972,Ambiguous/Mixed,Ambiguous/Mixed,True
23,24,7,21,0.989779950675876,0.020545265208326204,Ambiguous/Mixed,Ambiguous/Mixed,True
23,24,7,22,0.9923778117728936,0.015302771126954566,Ambiguous/Mixed,Ambiguous/Mixed,True
23,24,7,23,0.9967884611494661,0.0064334138186845705,Ambiguous/Mixed,Ambiguous/Mixed,True
23,24,7,24,0.9965856177055865,0.006840449200013931,Ambiguous/Mixed,Ambiguous/Mixed,True
23,24,8,1,0.17159937473217557,3.5251854713736086,Ambiguous/Mixed,Tumor/Epithelials,False
23,24,8,2,0.5714416423825883,1.1191858280550058,Ambiguous/Mixed,Ambiguous/Mixed,True
23,24,8,3,0.16390735703719087,3.6169078137731034,Ambiguous/Mixed,Tumor/Epithelials,False
23,24,8,4,0.48533902237051485,1.445815234090094,Ambiguous/Mixed,Ambiguous/Mixed,True
23,24,8,5,0.9998418486928474,0.00031632762877847496,Ambiguous/Mixed,Ambiguous/Mixed,True
23,24,8,6,0.46657133771587966,1.5246886984745234,Ambiguous/Mixed,Ambiguous/Mixed,True
23,24,8,7,0.5128064747586577,1.3357134943419076,Ambiguous/Mixed,Tumor/Epithelials,False
23,24,8,8,0.47494214840713234,1.4891245503838686,Ambiguous/Mixed,Tumor/Epithelials,False
23,24,8,9,0.4470091450792827,1.6103524515750096,Ambiguous/Mixed,Ambiguous/Mixed,True
23,24,8,10,0.4194024895654341,1.7378484490303276,Ambiguous/Mixed,Ambiguous/Mixed,True
23,24,8,11,0.49335505847743033,1.413052328814911,Ambiguous/Mixed,Fibroblasts/Stromal,False
23,24,8,12,0.5821268608506834,1.082133762066654,Ambiguous/Mixed,Ambiguous/Mixed,True
23,24,8,13,0.489507814854311,1.4287097043319092,Ambiguous/Mixed,Ambiguous/Mixed,True
23,24,8,14,0.451035439771251,1.5924187242853574,Ambiguous/Mixed,Ambiguous/Mixed,True
23,24,8,15,0.4660600737394638,1.5268814791222725,Ambiguous/Mixed,Ambiguous/Mixed,True
23,24,8,16,0.9896220255129499,0.020864402331883716,Ambiguous/Mixed,Ambiguous/Mixed,True
23,24,8,17,0.48496029966082405,1.4473764955290085,Ambiguous/Mixed,Ambiguous/Mixed,True
23,24,8,18,0.5950966388163698,1.038062936892278,Ambiguous/Mixed,Ambiguous/Mixed,True
23,24,8,19,0.4952706760955787,1.4053016909402618,Ambiguous/Mixed,Ambiguous/Mixed,True
23,24,8,20,0.4755616253015736,1.4865176086786984,Ambiguous/Mixed,Ambiguous/Mixed,True
23,24,8,21,0.4570367022481281,1.5659831600953176,Ambiguous/Mixed,Ambiguous/Mixed,True
23,24,8,22,0.47990378233720343,1.4683392972756817,Ambiguous/Mixed,Ambiguous/Mixed,True
23,24,8,23,0.4975896645657319,1.3959590166802753,Ambiguous/Mixed,Ambiguous/Mixed,True
23,24,8,24,0.49188547380032493,1.4190187328303356,Ambiguous/Mixed,Ambiguous/Mixed,True
23,24,9,1,0.22235634060539225,3.006948092209275,Ambiguous/Mixed,Tumor/Epithelials,False
23,24,9,2,0.9448809512129859,0.11339267395325703,Ambiguous/Mixed,Ambiguous/Mixed,True
23,24,9,3,0.5903347331661072,1.0541311172239936,Ambiguous/Mixed,Tumor/Epithelials,False
23,24,9,4,0.9830078980168143,0.034276248524293534,Ambiguous/Mixed,Ambiguous/Mixed,True
23,24,9,5,0.45109780246221115,1.5921422121776554,Ambiguous/Mixed,Ambiguous/Mixed,True
23,24,9,6,0.9763821001368883,0.047802546283461325,Ambiguous/Mixed,Ambiguous/Mixed,True
23,24,9,7,0.981625060668836,0.03709171096521327,Ambiguous/Mixed,Tumor/Epithelials,False
23,24,9,8,0.9876562356056511,0.024841162899428924,Ambiguous/Mixed,Tumor/Epithelials,False
23,24,9,9,0.9848994845605965,0.03043137829696606,Ambiguous/Mixed,Ambiguous/Mixed,True
23,24,9,10,0.9975445103956642,0.004917018526215252,Ambiguous/Mixed,Ambiguous/Mixed,True
23,24,9,11,0.9934832758337521,0.013076101432998722,Ambiguous/Mixed,Fibroblasts/Stromal,False
23,24,9,12,0.7742586684659258,0.5116985284787662,Ambiguous/Mixed,Ambiguous/Mixed,True
23,24,9,13,0.987948517981528,0.024249379796095434,Ambiguous/Mixed,Ambiguous/Mixed,True
23,24,9,14,0.9831491189612028,0.033988945031415,Ambiguous/Mixed,Ambiguous/Mixed,True
23,24,9,15,0.993207771992735,0.013630800349238456,Ambiguous/Mixed,Ambiguous/Mixed,True
23,24,9,16,0.45315864232923014,1.5830260219777237,Ambiguous/Mixed,Ambiguous/Mixed,True
23,24,9,17,0.9892342377384812,0.021648264781388843,Ambiguous/Mixed,Ambiguous/Mixed,True
23,24,9,18,0.7775606730613148,0.5031872037633639,Ambiguous/Mixed,Ambiguous/Mixed,True
23,24,9,19,0.9872925614464584,0.025577737262969115,Ambiguous/Mixed,Ambiguous/Mixed,True
23,24,9,20,0.9879307310344558,0.02428538796224553,Ambiguous/Mixed,Ambiguous/Mixed,True
23,24,9,21,0.9899738559683403,0.020153488629978615,Ambiguous/Mixed,Ambiguous/Mixed,True
23,24,9,22,0.9890575708477243,0.022005475766056985,Ambiguous/Mixed,Ambiguous/Mixed,True
23,24,9,23,0.9856767678887874,0.028853599477117936,Ambiguous/Mixed,Ambiguous/Mixed,True
23,24,9,24,0.9866115420084618,0.026957782957845206,Ambiguous/Mixed,Ambiguous/Mixed,True
23,24,10,1,0.2036566376160223,3.1826397043312484,Ambiguous/Mixed,Tumor/Epithelials,False
23,24,10,2,0.9573344358457393,0.087204971666692,Ambiguous/Mixed,Ambiguous/Mixed,True
23,24,10,3,0.5486651039244462,1.2005340693432773,Ambiguous/Mixed,Tumor/Epithelials,False
23,24,10,4,0.9916743592110554,0.016720985025969075,Ambiguous/Mixed,Ambiguous/Mixed,True
23,24,10,5,0.4682086045435353,1.517682692342454,Ambiguous/Mixed,Ambiguous/Mixed,True
23,24,10,6,0.9814645700986849,0.03741872725217912,Ambiguous/Mixed,Ambiguous/Mixed,True
23,24,10,7,0.989826731179834,0.020450740362768834,Ambiguous/Mixed,Tumor/Epithelials,False
23,24,10,8,0.9972830723796534,0.005441250334046818,Ambiguous/Mixed,Tumor/Epithelials,False
23,24,10,9,0.9911817102949688,0.01771480184162192,Ambiguous/Mixed,Ambiguous/Mixed,True
23,24,10,10,0.9824109745592381,0.035491100959586484,Ambiguous/Mixed,Ambiguous/Mixed,True
23,24,10,11,0.9883099236311684,0.02351788507645916,Ambiguous/Mixed,Fibroblasts/Stromal,False
23,24,10,12,0.7504508906664792,0.5741621310746358,Ambiguous/Mixed,Ambiguous/Mixed,True
23,24,10,13,0.9955753024694208,0.008869030952723789,Ambiguous/Mixed,Ambiguous/Mixed,True
23,24,10,14,0.9912741859548249,0.017528213761457155,Ambiguous/Mixed,Ambiguous/Mixed,True
23,24,10,15,0.9973790497325608,0.0052487819416960416,Ambiguous/Mixed,Ambiguous/Mixed,True
23,24,10,16,0.4711257655853844,1.5052604047614986,Ambiguous/Mixed,Ambiguous/Mixed,True
23,24,10,17,0.9988626680828337,0.0022759583398369618,Ambiguous/Mixed,Ambiguous/Mixed,True
23,24,10,18,0.7492057749593903,0.5774832005480237,Ambiguous/Mixed,Ambiguous/Mixed,True
23,24,10,19,0.9956441889759482,0.008730650413861556,Ambiguous/Mixed,Ambiguous/Mixed,True
23,24,10,20,0.9942373040298514,0.011558728740062927,Ambiguous/Mixed,Ambiguous/Mixed,True
23,24,10,21,0.9921982829592453,0.015664619311288958,Ambiguous/Mixed,Ambiguous/Mixed,True
23,24,10,22,0.9964746453056009,0.00706316680100131,Ambiguous/Mixed,Ambiguous/Mixed,True
23,24,10,23,0.996014290638229,0.007987346940240767,Ambiguous/Mixed,Ambiguous/Mixed,True
23,24,10,24,0.9962347562193004,0.007544700309652153,Ambiguous/Mixed,Ambiguous/Mixed,True
23,24,11,1,0.23288725657505474,2.9144016397662895,Ambiguous/Mixed,Tumor/Epithelials,False
23,24,11,2,0.8478919795688402,0.3300040677759984,Ambiguous/Mixed,Ambiguous/Mixed,True
23,24,11,3,0.33720032240175957,2.174156193481083,Ambiguous/Mixed,Tumor/Epithelials,False
23,24,11,4,0.7764558568753106,0.5060309736998096,Ambiguous/Mixed,Ambiguous/Mixed,True
23,24,11,5,0.5689596851923275,1.1278913988010077,Ambiguous/Mixed,Ambiguous/Mixed,True
23,24,11,6,0.7993226206336382,0.4479812683911669,Ambiguous/Mixed,Ambiguous/Mixed,True
23,24,11,7,0.8250728520486531,0.384567182065279,Ambiguous/Mixed,Tumor/Epithelials,False
23,24,11,8,0.7729833831357897,0.514995454431903,Ambiguous/Mixed,Tumor/Epithelials,False
23,24,11,9,0.7745537779037555,0.5109363717900266,Ambiguous/Mixed,Ambiguous/Mixed,True
23,24,11,10,0.7682842180843605,0.5271910773297667,Ambiguous/Mixed,Ambiguous/Mixed,True
23,24,11,11,0.7997816382712063,0.44683308146684586,Ambiguous/Mixed,Fibroblasts/Stromal,False
23,24,11,12,0.9997966174917889,0.0004068063864761738,Ambiguous/Mixed,Ambiguous/Mixed,True
23,24,11,13,0.7880414796867486,0.4764091026265405,Ambiguous/Mixed,Ambiguous/Mixed,True
23,24,11,14,0.7300237612945459,0.6293563913017495,Ambiguous/Mixed,Ambiguous/Mixed,True
23,24,11,15,0.7538745208328491,0.5650586856335211,Ambiguous/Mixed,Ambiguous/Mixed,True
23,24,11,16,0.5725277683474171,1.1153880821327924,Ambiguous/Mixed,Ambiguous/Mixed,True
23,24,11,17,0.7768325060475124,0.5050610335687311,Ambiguous/Mixed,Ambiguous/Mixed,True
23,24,11,18,0.9967467182403178,0.006517170372541197,Ambiguous/Mixed,Ambiguous/Mixed,True
23,24,11,19,0.8038992387429079,0.4365626852072598,Ambiguous/Mixed,Ambiguous/Mixed,True
23,24,11,20,0.7867302712804227,0.4797396391529468,Ambiguous/Mixed,Ambiguous/Mixed,True
23,24,11,21,0.7760046721421703,0.5071934760305548,Ambiguous/Mixed,Ambiguous/Mixed,True
23,24,11,22,0.8066290940159906,0.42978265450083036,Ambiguous/Mixed,Ambiguous/Mixed,True
23,24,11,23,0.7902082779429439,0.4709174506060353,Ambiguous/Mixed,Ambiguous/Mixed,True
23,24,11,24,0.799972493767387,0.44635586939215555,Ambiguous/Mixed,Ambiguous/Mixed,True
23,24,12,1,0.20270447782043471,3.1920122697856526,Ambiguous/Mixed,Tumor/Epithelials,False
23,24,12,2,0.8426422728015325,0.3424255224368301,Ambiguous/Mixed,Ambiguous/Mixed,True
23,24,12,3,0.30176861810612154,2.3961894409467055,Ambiguous/Mixed,Tumor/Epithelials,False
23,24,12,4,0.7794498733184271,0.4983337975006713,Ambiguous/Mixed,Ambiguous/Mixed,True
23,24,12,5,0.5678130803500155,1.1319259966235788,Ambiguous/Mixed,Ambiguous/Mixed,True
23,24,12,6,0.7962705780947359,0.45563245733731694,Ambiguous/Mixed,Ambiguous/Mixed,True
23,24,12,7,0.8133204263408635,0.4132602374839076,Ambiguous/Mixed,Tumor/Epithelials,False
23,24,12,8,0.7646147346670709,0.5367663736528424,Ambiguous/Mixed,Tumor/Epithelials,False
23,24,12,9,0.7744989365096516,0.5110779845153173,Ambiguous/Mixed,Ambiguous/Mixed,True
23,24,12,10,0.7643910890958919,0.5373514481353543,Ambiguous/Mixed,Ambiguous/Mixed,True
23,24,12,11,0.7954366064801784,0.45772824907326864,Ambiguous/Mixed,Fibroblasts/Stromal,False
23,24,12,12,0.9937881113088546,0.012462525492710558,Ambiguous/Mixed,Ambiguous/Mixed,True
23,24,12,13,0.7804067253757725,0.4958801048261941,Ambiguous/Mixed,Ambiguous/Mixed,True
23,24,12,14,0.7346569159039381,0.6167033396571617,Ambiguous/Mixed,Ambiguous/Mixed,True
23,24,12,15,0.7509789345157888,0.5727553550476137,Ambiguous/Mixed,Ambiguous/Mixed,True
23,24,12,16,0.5676981397381905,1.13233089130074,Ambiguous/Mixed,Ambiguous/Mixed,True
23,24,12,17,0.7731018298832671,0.5146890114319655,Ambiguous/Mixed,Ambiguous/Mixed,True
23,24,12,18,0.9933763679429957,0.013291331313366826,Ambiguous/Mixed,Ambiguous/Mixed,True
23,24,12,19,0.8006050006975316,0.44477517251179427,Ambiguous/Mixed,Ambiguous/Mixed,True
23,24,12,20,0.784579499169727,0.4852147491391178,Ambiguous/Mixed,Ambiguous/Mixed,True
23,24,12,21,0.7742846111874722,0.5116315165407994,Ambiguous/Mixed,Ambiguous/Mixed,True
23,24,12,22,0.8020883287242119,0.4410730832274995,Ambiguous/Mixed,Ambiguous/Mixed,True
23,24,12,23,0.7871361143891024,0.4787081840780554,Ambiguous/Mixed,Ambiguous/Mixed,True
23,24,12,24,0.7968520547238628,0.45417249024383727,Ambiguous/Mixed,Ambiguous/Mixed,True
23,24,13,1,0.2059492264273619,3.1602512284515236,Ambiguous/Mixed,Tumor/Epithelials,False
23,24,13,2,0.9647665886975281,0.07173816779498024,Ambiguous/Mixed,Ambiguous/Mixed,True
23,24,13,3,0.5226015584593556,1.2978718875469641,Ambiguous/Mixed,Tumor/Epithelials,False
23,24,13,4,0.994429383737134,0.011172380018959791,Ambiguous/Mixed,Ambiguous/Mixed,True
23,24,13,5,0.4950026756513104,1.406384222143746,Ambiguous/Mixed,Ambiguous/Mixed,True
23,24,13,6,0.985769785360305,0.028664870096788787,Ambiguous/Mixed,Ambiguous/Mixed,True
23,24,13,7,0.984094745897116,0.03206620016864063,Ambiguous/Mixed,Tumor/Epithelials,False
23,24,13,8,0.9913981110740542,0.017278197418208872,Ambiguous/Mixed,Tumor/Epithelials,False
23,24,13,9,0.9923805319887444,0.015297288916267655,Ambiguous/Mixed,Ambiguous/Mixed,True
23,24,13,10,0.9844306499532394,0.031383650560509416,Ambiguous/Mixed,Ambiguous/Mixed,True
23,24,13,11,0.9929035938996835,0.014243410700608198,Ambiguous/Mixed,Fibroblasts/Stromal,False
23,24,13,12,0.7951897079991593,0.45834913276104505,Ambiguous/Mixed,Ambiguous/Mixed,True
23,24,13,13,0.9898578370719037,0.020387890164164285,Ambiguous/Mixed,Ambiguous/Mixed,True
23,24,13,14,0.9905887885283458,0.018911553503161996,Ambiguous/Mixed,Ambiguous/Mixed,True
23,24,13,15,0.9985182686885472,0.002965660321785928,Ambiguous/Mixed,Ambiguous/Mixed,True
23,24,13,16,0.49592630067283283,1.402655901301127,Ambiguous/Mixed,Ambiguous/Mixed,True
23,24,13,17,0.9981072603793937,0.0037890662313576707,Ambiguous/Mixed,Ambiguous/Mixed,True
23,24,13,18,0.7970389043267706,0.4537035758486517,Ambiguous/Mixed,Ambiguous/Mixed,True
23,24,13,19,0.9960753461336126,0.007864751060465826,Ambiguous/Mixed,Ambiguous/Mixed,True
23,24,13,20,0.9959638761806545,0.008088581900392633,Ambiguous/Mixed,Ambiguous/Mixed,True
23,24,13,21,0.993333054412429,0.013378537887385415,Ambiguous/Mixed,Ambiguous/Mixed,True
23,24,13,22,0.9966848037712984,0.006641407334494663,Ambiguous/Mixed,Ambiguous/Mixed,True
23,24,13,23,0.997048715215982,0.005911296825222836,Ambiguous/Mixed,Ambiguous/Mixed,True
23,24,13,24,0.9973611618613301,0.005284652018665945,Ambiguous/Mixed,Ambiguous/Mixed,True
23,24,14,1,0.20942096043905695,3.12681777589482,Fibroblasts/Stromal,Tumor/Epithelials,False
23,24,14,2,0.9627253444407198,0.07597423225742432,Fibroblasts/Stromal,Ambiguous/Mixed,False
23,24,14,3,0.5357247308253132,1.2482696234449673,Fibroblasts/Stromal,Tumor/Epithelials,False
23,24,14,4,0.9927617938772894,0.014529058068000741,Fibroblasts/Stromal,Ambiguous/Mixed,False
23,24,14,5,0.49703701795046096,1.398181545723012,Fibroblasts/Stromal,Ambiguous/Mixed,False
23,24,14,6,0.9846939634671664,0.030848766148010756,Fibroblasts/Stromal,Ambiguous/Mixed,False
23,24,14,7,0.9858833837520544,0.028434406861865668,Fibroblasts/Stromal,Tumor/Epithelials,False
23,24,14,8,0.9933415870066954,0.013361358236347475,Fibroblasts/Stromal,Tumor/Epithelials,False
23,24,14,9,0.9911689020346087,0.017740646432948183,Fibroblasts/Stromal,Ambiguous/Mixed,False
23,24,14,10,0.9838240356880423,0.03261644688271121,Fibroblasts/Stromal,Ambiguous/Mixed,False
23,24,14,11,0.9934195316068318,0.013204430260565853,Fibroblasts/Stromal,Fibroblasts/Stromal,True
23,24,14,12,0.7947128531740298,0.45954884109808003,Fibroblasts/Stromal,Ambiguous/Mixed,False
23,24,14,13,0.991601082271465,0.01686877476427992,Fibroblasts/Stromal,Ambiguous/Mixed,False
23,24,14,14,0.989332910447959,0.021448781615704696,Fibroblasts/Stromal,Ambiguous/Mixed,False
23,24,14,15,0.9987290008263541,0.0025436151563117864,Fibroblasts/Stromal,Ambiguous/Mixed,False
23,24,14,16,0.4992263606930642,1.389391314891142,Fibroblasts/Stromal,Ambiguous/Mixed,False
23,24,14,17,0.9975361883947553,0.004933703567404577,Fibroblasts/Stromal,Ambiguous/Mixed,False
23,24,14,18,0.7963893250695094,0.45533422172591576,Fibroblasts/Stromal,Ambiguous/Mixed,False
23,24,14,19,0.996089836459579,0.007835656432985474,Fibroblasts/Stromal,Ambiguous/Mixed,False
23,24,14,20,0.9950761030044989,0.009872118633497117,Fibroblasts/Stromal,Ambiguous/Mixed,False
23,24,14,21,0.9929665239309743,0.014116655117256117,Fibroblasts/Stromal,Ambiguous/Mixed,False
23,24,14,22,0.9957006876100966,0.008617162017496297,Fibroblasts/Stromal,Ambiguous/Mixed,False
23,24,14,23,0.9960711782652123,0.007873119658556797,Fibroblasts/Stromal,Ambiguous/Mixed,False
23,24,14,24,0.9963800407601473,0.007253054294928767,Fibroblasts/Stromal,Ambiguous/Mixed,False
23,24,15,1,0.17191447724428205,3.5215163023002582,Ambiguous/Mixed,Tumor/Epithelials,False
23,24,15,2,0.5681913447503308,1.1305940848600773,Ambiguous/Mixed,Ambiguous/Mixed,True
23,24,15,3,0.16939387035529418,3.551057363724439,Ambiguous/Mixed,Tumor/Epithelials,False
23,24,15,4,0.48349224700720195,1.453439998725493,Ambiguous/Mixed,Ambiguous/Mixed,True
23,24,15,5,0.9861486057599143,0.02789643991027558,Ambiguous/Mixed,Ambiguous/Mixed,True
23,24,15,6,0.4669897175778994,1.5228960791802337,Ambiguous/Mixed,Ambiguous/Mixed,True
23,24,15,7,0.5202000637900394,1.3070836066832094,Ambiguous/Mixed,Tumor/Epithelials,False
23,24,15,8,0.48043065674670193,1.4661447515386175,Ambiguous/Mixed,Tumor/Epithelials,False
23,24,15,9,0.4431393533028282,1.6277419822558121,Ambiguous/Mixed,Ambiguous/Mixed,True
23,24,15,10,0.42051991380065107,1.7325268865145695,Ambiguous/Mixed,Ambiguous/Mixed,True
23,24,15,11,0.4944290468911235,1.4087032455240827,Ambiguous/Mixed,Fibroblasts/Stromal,False
23,24,15,12,0.5847187298950184,1.0732487019433052,Ambiguous/Mixed,Ambiguous/Mixed,True
23,24,15,13,0.49398089340825035,1.4105168797068703,Ambiguous/Mixed,Ambiguous/Mixed,True
23,24,15,14,0.4484606243050617,1.6038687910580693,Ambiguous/Mixed,Ambiguous/Mixed,True
23,24,15,15,0.46636561487833794,1.5255707423910136,Ambiguous/Mixed,Ambiguous/Mixed,True
23,24,15,16,0.9994531610363045,0.001093977069303033,Ambiguous/Mixed,Ambiguous/Mixed,True
23,24,15,17,0.4852498247697326,1.4461828360929243,Ambiguous/Mixed,Ambiguous/Mixed,True
23,24,15,18,0.5954157974793912,1.0369905964078376,Ambiguous/Mixed,Ambiguous/Mixed,True
23,24,15,19,0.4974188621009891,1.3966456538772152,Ambiguous/Mixed,Ambiguous/Mixed,True
23,24,15,20,0.47488012070009805,1.489385768547055,Ambiguous/Mixed,Ambiguous/Mixed,True
23,24,15,21,0.4565008918421732,1.5683292505938904,Ambiguous/Mixed,Ambiguous/Mixed,True
23,24,15,22,0.48014658756192613,1.4673276618969044,Ambiguous/Mixed,Ambiguous/Mixed,True
23,24,15,23,0.4983563413542131,1.3928798258993884,Ambiguous/Mixed,Ambiguous/Mixed,True
23,24,15,24,0.49256519535070437,1.416256901568722,Ambiguous/Mixed,Ambiguous/Mixed,True
23,24,16,1,0.18709186382462845,3.352311064704885,Ambiguous/Mixed,Tumor/Epithelials,False
23,24,16,2,0.9692000072092253,0.06256856520288132,Ambiguous/Mixed,Ambiguous/Mixed,True
23,24,16,3,0.5020226853580863,1.3782199407101923,Ambiguous/Mixed,Tumor/Epithelials,False
23,24,16,4,0.9966548855826349,0.006701443642055286,Ambiguous/Mixed,Ambiguous/Mixed,True
23,24,16,5,0.48243520647659927,1.4578173086310935,Ambiguous/Mixed,Ambiguous/Mixed,True
23,24,16,6,0.9899222366986105,0.02025777545580299,Ambiguous/Mixed,Ambiguous/Mixed,True
23,24,16,7,0.9837758102793289,0.03271448594044331,Ambiguous/Mixed,Tumor/Epithelials,False
23,24,16,8,0.9927581373512099,0.014536424453040582,Ambiguous/Mixed,Tumor/Epithelials,False
23,24,16,9,0.9947483644866326,0.010530947643159868,Ambiguous/Mixed,Ambiguous/Mixed,True
23,24,16,10,0.9774524354366394,0.04561129541276123,Ambiguous/Mixed,Ambiguous/Mixed,True
23,24,16,11,0.983295314612935,0.03369156433861651,Ambiguous/Mixed,Fibroblasts/Stromal,False
23,24,16,12,0.7812138294615111,0.4938127545851809,Ambiguous/Mixed,Ambiguous/Mixed,True
23,24,16,13,0.990001117615815,0.020098413898550133,Ambiguous/Mixed,Ambiguous/Mixed,True
23,24,16,14,0.9928392557966942,0.01437301077046967,Ambiguous/Mixed,Ambiguous/Mixed,True
23,24,16,15,0.9963925899438962,0.007227864900904225,Ambiguous/Mixed,Ambiguous/Mixed,True
23,24,16,16,0.48468124168457205,1.448527675514838,Ambiguous/Mixed,Ambiguous/Mixed,True
23,24,16,17,0.9989076290933216,0.002185935957265795,Ambiguous/Mixed,Ambiguous/Mixed,True
23,24,16,18,0.7808848281682466,0.49465521430185067,Ambiguous/Mixed,Ambiguous/Mixed,True
23,24,16,19,0.9980204015197485,0.003963120950117136,Ambiguous/Mixed,Ambiguous/Mixed,True
23,24,16,20,0.997745178980872,0.004514733911699743,Ambiguous/Mixed,Ambiguous/Mixed,True
23,24,16,21,0.9945956775021418,0.010837957354035171,Ambiguous/Mixed,Ambiguous/Mixed,True
23,24,16,22,0.9969875197622305,0.0060340537795795035,Ambiguous/Mixed,Ambiguous/Mixed,True
23,24,16,23,0.9996521985093559,0.0006957239752203195,Ambiguous/Mixed,Ambiguous/Mixed,True
23,24,16,24,0.9996156589997922,0.0007688297562802313,Ambiguous/Mixed,Ambiguous/Mixed,True
23,24,17,1,0.19906360226163414,3.228261791933778,Ambiguous/Mixed,Tumor/Epithelials,False
23,24,17,2,0.9704149587185379,0.060063012936982504,Ambiguous/Mixed,Ambiguous/Mixed,True
23,24,17,3,0.5091015927413732,1.3502153790709628,Ambiguous/Mixed,Tumor/Epithelials,False
23,24,17,4,0.9956730249360681,0.00867272702542196,Ambiguous/Mixed,Ambiguous/Mixed,True
23,24,17,5,0.49722212104207897,1.3974368582004246,Ambiguous/Mixed,Ambiguous/Mixed,True
23,24,17,6,0.9893188894787004,0.02147712610614891,Ambiguous/Mixed,Ambiguous/Mixed,True
23,24,17,7,0.9845370347048867,0.031167527660006997,Ambiguous/Mixed,Tumor/Epithelials,False
23,24,17,8,0.9936295929125915,0.012781569438555747,Ambiguous/Mixed,Tumor/Epithelials,False
23,24,17,9,0.9943199366314743,0.011392512550796038,Ambiguous/Mixed,Ambiguous/Mixed,True
23,24,17,10,0.9767917969517663,0.04696350819986325,Ambiguous/Mixed,Ambiguous/Mixed,True
23,24,17,11,0.9836899322028441,0.03288908227456999,Ambiguous/Mixed,Fibroblasts/Stromal,False
23,24,17,12,0.8026116365997857,0.43976864525047493,Ambiguous/Mixed,Ambiguous/Mixed,True
23,24,17,13,0.9908149594747673,0.01845496620209984,Ambiguous/Mixed,Ambiguous/Mixed,True
23,24,17,14,0.9906359858902061,0.01881626424072475,Ambiguous/Mixed,Ambiguous/Mixed,True
23,24,17,15,0.9945607542722318,0.010908184570669987,Ambiguous/Mixed,Ambiguous/Mixed,True
23,24,17,16,0.5000324648195847,1.3861645060572274,Ambiguous/Mixed,Ambiguous/Mixed,True
23,24,17,17,0.99833920007094,0.0033243611722748234,Ambiguous/Mixed,Ambiguous/Mixed,True
23,24,17,18,0.8015790665476681,0.4423433271575417,Ambiguous/Mixed,Ambiguous/Mixed,True
23,24,17,19,0.9997608037609276,0.00047844970211089865,Ambiguous/Mixed,Ambiguous/Mixed,True
23,24,17,20,0.9967785114097113,0.006453377511686816,Ambiguous/Mixed,Ambiguous/Mixed,True
23,24,17,21,0.9922506945642289,0.015558974660125078,Ambiguous/Mixed,Ambiguous/Mixed,True
23,24,17,22,0.9961396367684142,0.00773566733129861,Ambiguous/Mixed,Ambiguous/Mixed,True
23,24,17,23,0.9989562021983657,0.0020886858758681205,Ambiguous/Mixed,Ambiguous/Mixed,True
23,24,17,24,0.9991561273152867,0.0016884578914146161,Ambiguous/Mixed,Ambiguous/Mixed,True
23,24,18,1,0.09921324413748249,4.62096752830495,Ambiguous/Mixed,Tumor/Epithelials,False
23,24,18,2,0.48676017340213423,1.439967468552331,Ambiguous/Mixed,Ambiguous/Mixed,True
23,24,18,3,0.19876631686702165,3.231250862746745,Ambiguous/Mixed,Tumor/Epithelials,False
23,24,18,4,0.48742550690507974,1.4372356131377382,Ambiguous/Mixed,Ambiguous/Mixed,True
23,24,18,5,0.5016840168716451,1.3795696118782388,Ambiguous/Mixed,Ambiguous/Mixed,True
23,24,18,6,0.46814113901821786,1.5179708988631395,Ambiguous/Mixed,Ambiguous/Mixed,True
23,24,18,7,0.4825338538307396,1.4574083945693201,Ambiguous/Mixed,Tumor/Epithelials,False
23,24,18,8,0.4833340578843275,1.4540944663314557,Ambiguous/Mixed,Tumor/Epithelials,False
23,24,18,9,0.44102700878282197,1.637298322010322,Ambiguous/Mixed,Ambiguous/Mixed,True
23,24,18,10,0.41795803634997875,1.7447484860083466,Ambiguous/Mixed,Ambiguous/Mixed,True
23,24,18,11,0.45773159421416704,1.5629446109790506,Ambiguous/Mixed,Fibroblasts/Stromal,False
23,24,18,12,0.323924663954461,2.254488617771066,Ambiguous/Mixed,Ambiguous/Mixed,True
23,24,18,13,0.46287839461778746,1.540581812014831,Ambiguous/Mixed,Ambiguous/Mixed,True
23,24,18,14,0.4730300430187565,1.497192753222724,Ambiguous/Mixed,Ambiguous/Mixed,True
23,24,18,15,0.49305336381520576,1.414275735528859,Ambiguous/Mixed,Ambiguous/Mixed,True
23,24,18,16,0.5462794227082037,1.2092493418830421,Ambiguous/Mixed,Ambiguous/Mixed,True
23,24,18,17,0.47662113282944263,1.4820667489835717,Ambiguous/Mixed,Ambiguous/Mixed,True
23,24,18,18,0.3406624029854825,2.1537266253262226,Ambiguous/Mixed,Ambiguous/Mixed,True
23,24,18,19,0.4725911180177628,1.4990494165488057,Ambiguous/Mixed,Ambiguous/Mixed,True
23,24,18,20,0.4731758981195669,1.4965761639766657,Ambiguous/Mixed,Ambiguous/Mixed,True
23,24,18,21,0.4748115956868327,1.4896743885790167,Ambiguous/Mixed,Ambiguous/Mixed,True
23,24,18,22,0.45124227451240173,1.5915017793514443,Ambiguous/Mixed,Ambiguous/Mixed,True
23,24,18,23,0.4980471629934017,1.3941210032713474,Ambiguous/Mixed,Ambiguous/Mixed,True
23,24,18,24,0.48397613123981165,1.4514393782035688,Ambiguous/Mixed,Ambiguous/Mixed,True
23,24,19,1,0.18782177335993894,3.3445235596891676,Ambiguous/Mixed,Tumor/Epithelials,False
23,24,19,2,0.9690635964561124,0.06285007645466406,Ambiguous/Mixed,Ambiguous/Mixed,True
23,24,19,3,0.5107188799532323,1.3438719544743618,Ambiguous/Mixed,Tumor/Epithelials,False
23,24,19,4,0.996553953139276,0.0069039963128732,Ambiguous/Mixed,Ambiguous/Mixed,True
23,24,19,5,0.4769177155143563,1.4808226142742507,Ambiguous/Mixed,Ambiguous/Mixed,True
23,24,19,6,0.9900016576392343,0.020097322943676506,Ambiguous/Mixed,Ambiguous/Mixed,True
23,24,19,7,0.9823981408871716,0.035517228020919375,Ambiguous/Mixed,Tumor/Epithelials,False
23,24,19,8,0.9907328230604152,0.01862076874317023,Ambiguous/Mixed,Tumor/Epithelials,False
23,24,19,9,0.995527289938979,0.008965485109600014,Ambiguous/Mixed,Ambiguous/Mixed,True
23,24,19,10,0.9835772825985158,0.03311813017127431,Ambiguous/Mixed,Ambiguous/Mixed,True
23,24,19,11,0.9865975739694772,0.026986098332777687,Ambiguous/Mixed,Fibroblasts/Stromal,False
23,24,19,12,0.7873423158800706,0.4781843242697964,Ambiguous/Mixed,Ambiguous/Mixed,True
23,24,19,13,0.9893490336705474,0.021416187751619298,Ambiguous/Mixed,Ambiguous/Mixed,True
23,24,19,14,0.9935463508713821,0.012949127910705058,Ambiguous/Mixed,Ambiguous/Mixed,True
23,24,19,15,0.9971403742941618,0.0057274444940141845,Ambiguous/Mixed,Ambiguous/Mixed,True
23,24,19,16,0.47745943922188416,1.4785521334144802,Ambiguous/Mixed,Ambiguous/Mixed,True
23,24,19,17,0.9986372661451092,0.00272732644217109,Ambiguous/Mixed,Ambiguous/Mixed,True
23,24,19,18,0.7880408221824597,0.4764107713320088,Ambiguous/Mixed,Ambiguous/Mixed,True
23,24,19,19,0.9967224765425677,0.006565812604514921,Ambiguous/Mixed,Ambiguous/Mixed,True
23,24,19,20,0.9984593821966266,0.003083611550557361,Ambiguous/Mixed,Ambiguous/Mixed,True
23,24,19,21,0.9962951452747789,0.007423469395221568,Ambiguous/Mixed,Ambiguous/Mixed,True
23,24,19,22,0.9981742725458308,0.00365479225174703,Ambiguous/Mixed,Ambiguous/Mixed,True
23,24,19,23,0.9985948007951077,0.002812374846331766,Ambiguous/Mixed,Ambiguous/Mixed,True
23,24,19,24,0.998856914550852,0.0022874785392318227,Ambiguous/Mixed,Ambiguous/Mixed,True
23,24,20,1,0.21621227004692323,3.0629892443278415,Ambiguous/Mixed,Tumor/Epithelials,False
23,24,20,2,0.9602423130850144,0.08113923381321558,Ambiguous/Mixed,Ambiguous/Mixed,True
23,24,20,3,0.5595285793694573,1.1613213446781434,Ambiguous/Mixed,Tumor/Epithelials,False
23,24,20,4,0.989868431011586,0.020366485306627713,Ambiguous/Mixed,Ambiguous/Mixed,True
23,24,20,5,0.47800176858271964,1.4762816930673546,Ambiguous/Mixed,Ambiguous/Mixed,True
23,24,20,6,0.9837806231865709,0.03270470140331869,Ambiguous/Mixed,Ambiguous/Mixed,True
23,24,20,7,0.9916057908373661,0.01685927789138175,Ambiguous/Mixed,Tumor/Epithelials,False
23,24,20,8,0.9956913723752925,0.008635873018692447,Ambiguous/Mixed,Tumor/Epithelials,False
23,24,20,9,0.990936000592185,0.018210654742169104,Ambiguous/Mixed,Ambiguous/Mixed,True
23,24,20,10,0.984570221882919,0.03110011197622585,Ambiguous/Mixed,Ambiguous/Mixed,True
23,24,20,11,0.9872034569427823,0.025758248143531354,Ambiguous/Mixed,Fibroblasts/Stromal,False
23,24,20,12,0.7976702689872428,0.45211992735894463,Ambiguous/Mixed,Ambiguous/Mixed,True
23,24,20,13,0.9959192803773983,0.008178136959115448,Ambiguous/Mixed,Ambiguous/Mixed,True
23,24,20,14,0.9888864693917242,0.022351494567288806,Ambiguous/Mixed,Ambiguous/Mixed,True
23,24,20,15,0.9945707747638184,0.010888034085012308,Ambiguous/Mixed,Ambiguous/Mixed,True
23,24,20,16,0.4806262551521415,1.4653306544514686,Ambiguous/Mixed,Ambiguous/Mixed,True
23,24,20,17,0.9979036617002932,0.004197077385113126,Ambiguous/Mixed,Ambiguous/Mixed,True
23,24,20,18,0.7955133771275449,0.45753523069251,Ambiguous/Mixed,Ambiguous/Mixed,True
23,24,20,19,0.9947497270911176,0.01052820804870485,Ambiguous/Mixed,Ambiguous/Mixed,True
23,24,20,20,0.996152348830032,0.007710144844213599,Ambiguous/Mixed,Ambiguous/Mixed,True
23,24,20,21,0.9943445730347817,0.011342958886638218,Ambiguous/Mixed,Ambiguous/Mixed,True
23,24,20,22,0.9991913829975912,0.0016178882189703983,Ambiguous/Mixed,Ambiguous/Mixed,True
23,24,20,23,0.9954347151106413,0.009151475255408202,Ambiguous/Mixed,Ambiguous/Mixed,True
23,24,20,24,0.9960748190942552,0.007865809292654447,Ambiguous/Mixed,Ambiguous/Mixed,True
23,24,21,1,0.19359644396642625,3.2839589445007324,Ambiguous/Mixed,Tumor/Epithelials,False
23,24,21,2,0.9663998476155203,0.06835521896842903,Ambiguous/Mixed,Ambiguous/Mixed,True
23,24,21,3,0.511842782415833,1.3394755333819963,Ambiguous/Mixed,Tumor/Epithelials,False
23,24,21,4,0.9954769670094707,0.009066585706132311,Ambiguous/Mixed,Ambiguous/Mixed,True
23,24,21,5,0.4770962521580919,1.4800740439100013,Ambiguous/Mixed,Ambiguous/Mixed,True
23,24,21,6,0.98770276296076,0.02474694740715369,Ambiguous/Mixed,Ambiguous/Mixed,True
23,24,21,7,0.985170215354362,0.029881690546362152,Ambiguous/Mixed,Tumor/Epithelials,False
23,24,21,8,0.9940401536522901,0.011955354225999373,Ambiguous/Mixed,Tumor/Epithelials,False
23,24,21,9,0.993404204815363,0.013235287132643919,Ambiguous/Mixed,Ambiguous/Mixed,True
23,24,21,10,0.9761009676400626,0.048378494937579244,Ambiguous/Mixed,Ambiguous/Mixed,True
23,24,21,11,0.9829143429452092,0.034466602078928335,Ambiguous/Mixed,Fibroblasts/Stromal,False
23,24,21,12,0.7632841772043447,0.5402497397020947,Ambiguous/Mixed,Ambiguous/Mixed,True
23,24,21,13,0.990565621018717,0.018958329280997693,Ambiguous/Mixed,Ambiguous/Mixed,True
23,24,21,14,0.9920068545247639,0.016050523835894927,Ambiguous/Mixed,Ambiguous/Mixed,True
23,24,21,15,0.9957690102539595,0.008479931420489358,Ambiguous/Mixed,Ambiguous/Mixed,True
23,24,21,16,0.4796770585993398,1.4692843921855023,Ambiguous/Mixed,Ambiguous/Mixed,True
23,24,21,17,0.9990169979287942,0.0019669710691962343,Ambiguous/Mixed,Ambiguous/Mixed,True
23,24,21,18,0.7620669050017639,0.543441850620523,Ambiguous/Mixed,Ambiguous/Mixed,True
23,24,21,19,0.9975725833650146,0.004860735174345691,Ambiguous/Mixed,Ambiguous/Mixed,True
23,24,21,20,0.9975916364871672,0.004822536570013105,Ambiguous/Mixed,Ambiguous/Mixed,True
23,24,21,21,0.9939483614818299,0.012140047789018938,Ambiguous/Mixed,Ambiguous/Mixed,True
23,24,21,22,0.9967426578288907,0.00652531771754504,Ambiguous/Mixed,Ambiguous/Mixed,True
23,24,21,23,0.9992006061198494,0.0015994271316391224,Ambiguous/Mixed,Ambiguous/Mixed,True
23,24,21,24,0.9990780091126281,0.0018448323648045002,Ambiguous/Mixed,Ambiguous/Mixed,True
23,24,22,1,0.18829643184363765,3.3394755856308365,Ambiguous/Mixed,Tumor/Epithelials,False
23,24,22,2,0.9694418730057858,0.062069523476229835,Ambiguous/Mixed,Ambiguous/Mixed,True
23,24,22,3,0.5230285827637294,1.2962383297093358,Ambiguous/Mixed,Tumor/Epithelials,False
23,24,22,4,0.9952594141151081,0.009503716201744812,Ambiguous/Mixed,Ambiguous/Mixed,True
23,24,22,5,0.4662264248844467,1.526167745105985,Ambiguous/Mixed,Ambiguous/Mixed,True
23,24,22,6,0.9917236836892094,0.016621510332342722,Ambiguous/Mixed,Ambiguous/Mixed,True
23,24,22,7,0.9806267975590054,0.03912664484337971,Ambiguous/Mixed,Tumor/Epithelials,False
23,24,22,8,0.9898456177771865,0.020412579305737324,Ambiguous/Mixed,Tumor/Epithelials,False
23,24,22,9,0.9965997790470461,0.006812029683228611,Ambiguous/Mixed,Ambiguous/Mixed,True
23,24,22,10,0.9812697092191356,0.037815848517635975,Ambiguous/Mixed,Ambiguous/Mixed,True
23,24,22,11,0.9825931784560492,0.03512020322473193,Ambiguous/Mixed,Fibroblasts/Stromal,False
23,24,22,12,0.778087913851255,0.5018315227578639,Ambiguous/Mixed,Ambiguous/Mixed,True
23,24,22,13,0.9891251381732438,0.02186885072078165,Ambiguous/Mixed,Ambiguous/Mixed,True
23,24,22,14,0.9932877991363387,0.013469657994208604,Ambiguous/Mixed,Ambiguous/Mixed,True
23,24,22,15,0.9952517027698937,0.00951921241304237,Ambiguous/Mixed,Ambiguous/Mixed,True
23,24,22,16,0.46629122096696457,1.5258898047027747,Ambiguous/Mixed,Ambiguous/Mixed,True
23,24,22,17,0.9974454081046374,0.00511572086588962,Ambiguous/Mixed,Ambiguous/Mixed,True
23,24,22,18,0.7783823302940264,0.5010748968027188,Ambiguous/Mixed,Ambiguous/Mixed,True
23,24,22,19,0.9959792888122241,0.008057631957962892,Ambiguous/Mixed,Ambiguous/Mixed,True
23,24,22,20,0.9998588817669852,0.00028225638225901767,Ambiguous/Mixed,Ambiguous/Mixed,True
23,24,22,21,0.9985558953081278,0.0028902968320101002,Ambiguous/Mixed,Ambiguous/Mixed,True
23,24,22,22,0.9973188683167743,0.005369464708264759,Ambiguous/Mixed,Ambiguous/Mixed,True
23,24,22,23,0.9977081876788202,0.004588885084910076,Ambiguous/Mixed,Ambiguous/Mixed,True
23,24,22,24,0.9977958944226359,0.004413076386428498,Ambiguous/Mixed,Ambiguous/Mixed,True
23,24,23,1,0.1932544987303944,3.2874946249124557,Ambiguous/Mixed,Tumor/Epithelials,False
23,24,23,2,0.9709859794707502,0.05888650012616371,Ambiguous/Mixed,Ambiguous/Mixed,True
23,24,23,3,0.5106885629694122,1.3439906807830018,Ambiguous/Mixed,Tumor/Epithelials,False
23,24,23,4,0.9953502756010488,0.009321135987304522,Ambiguous/Mixed,Ambiguous/Mixed,True
23,24,23,5,0.504802669757752,1.3671753580511063,Ambiguous/Mixed,Ambiguous/Mixed,True
23,24,23,6,0.9895195042218362,0.021071605888910952,Ambiguous/Mixed,Ambiguous/Mixed,True
23,24,23,7,0.9861168620844364,0.027960820037592433,Ambiguous/Mixed,Tumor/Epithelials,False
23,24,23,8,0.9936024895956518,0.012836124348734327,Ambiguous/Mixed,Tumor/Epithelials,False
23,24,23,9,0.9936152495511869,0.012810440287478611,Ambiguous/Mixed,Ambiguous/Mixed,True
23,24,23,10,0.9763522042604249,0.047863785288477775,Ambiguous/Mixed,Ambiguous/Mixed,True
23,24,23,11,0.9835010678686708,0.03327311073900847,Ambiguous/Mixed,Fibroblasts/Stromal,False
23,24,23,12,0.801132378854213,0.4434581571696505,Ambiguous/Mixed,Ambiguous/Mixed,True
23,24,23,13,0.99199344407804,0.016077561022801487,Ambiguous/Mixed,Ambiguous/Mixed,True
23,24,23,14,0.9911764270088098,0.017725462450438358,Ambiguous/Mixed,Ambiguous/Mixed,True
23,24,23,15,0.9950220429650233,0.009980776670485747,Ambiguous/Mixed,Ambiguous/Mixed,True
23,24,23,16,0.5075653681794673,1.3562595441324776,Ambiguous/Mixed,Ambiguous/Mixed,True
23,24,23,17,0.9990542301103189,0.001892434824428766,Ambiguous/Mixed,Ambiguous/Mixed,True
23,24,23,18,0.7996191064687899,0.4472395632157394,Ambiguous/Mixed,Ambiguous/Mixed,True
23,24,23,19,0.998538315658552,0.002925507288241278,Ambiguous/Mixed,Ambiguous/Mixed,True
23,24,23,20,0.9975370896798199,0.004931896545929466,Ambiguous/Mixed,Ambiguous/Mixed,True
23,24,23,21,0.993531650512553,0.012978719821679967,Ambiguous/Mixed,Ambiguous/Mixed,True
23,24,23,22,0.9980616317453213,0.0038804986432350065,Ambiguous/Mixed,Ambiguous/Mixed,True
23,24,23,23,0.9994402996653166,0.0011197140507701012,Ambiguous/Mixed,Ambiguous/Mixed,True
23,24,23,24,0.9994635537237061,0.001073180430153635,Ambiguous/Mixed,Ambiguous/Mixed,True
24,25,1,1,0.16285180754651102,3.6298292957297407,Tumor/Epithelials,Ambiguous/Mixed,False
24,25,1,2,0.08077247053413622,5.032238165443049,Tumor/Epithelials,Tumor/Epithelials,True
24,25,1,3,0.20315585712281098,3.187563650892739,Tumor/Epithelials,Ambiguous/Mixed,False
24,25,1,4,0.4474902971876485,1.6082008475290572,Tumor/Epithelials,Ambiguous/Mixed,False
24,25,1,5,0.24160623951316382,2.8408919749108765,Tumor/Epithelials,Fibroblasts/Stromal,False
24,25,1,6,0.390099746688606,1.882705623639264,Tumor/Epithelials,Fibroblasts/Stromal,False
24,25,1,7,0.12844348640889292,4.104532531736289,Tumor/Epithelials,Ambiguous/Mixed,False
24,25,1,8,0.24290112169037556,2.8302016501490446,Tumor/Epithelials,Tumor/Epithelials,True
24,25,1,9,0.16818005194882119,3.5654402713784217,Tumor/Epithelials,Ambiguous/Mixed,False
24,25,1,10,0.2241104376610708,2.991232646702974,Tumor/Epithelials,Endothelials,False
24,25,1,11,0.16740756456489164,3.574647866776094,Tumor/Epithelials,Ambiguous/Mixed,False
24,25,1,12,0.17677382179464804,3.465768413027827,Tumor/Epithelials,Ambiguous/Mixed,False
24,25,1,13,0.2677377472705664,2.635494665058667,Tumor/Epithelials,Ambiguous/Mixed,False
24,25,1,14,0.1818608440343006,3.4090269551478896,Tumor/Epithelials,Ambiguous/Mixed,False
24,25,1,15,0.1992213651050208,3.2266773700794387,Tumor/Epithelials,Ambiguous/Mixed,False
24,25,1,16,0.20794872994719255,3.1409274406062537,Tumor/Epithelials,Ambiguous/Mixed,False
24,25,1,17,0.10136436625198547,4.57806733443996,Tumor/Epithelials,Ambiguous/Mixed,False
24,25,1,18,0.1870166595231625,3.35311515547305,Tumor/Epithelials,Ambiguous/Mixed,False
24,25,1,19,0.2049120655524992,3.1703486807857164,Tumor/Epithelials,Ambiguous/Mixed,False
24,25,1,20,0.2117833787173124,3.1043826504106837,Tumor/Epithelials,Ambiguous/Mixed,False
24,25,1,21,0.19422721370723886,3.2774532011349304,Tumor/Epithelials,Ambiguous/Mixed,False
24,25,1,22,0.18503127513777673,3.3744608267863425,Tumor/Epithelials,Ambiguous/Mixed,False
24,25,1,23,0.18941254957830292,3.327655681544205,Tumor/Epithelials,Ambiguous/Mixed,False
24,25,1,24,0.11664679212924943,4.2972095617128,Tumor/Epithelials,Ambiguous/Mixed,False
24,25,1,25,0.14264794155050733,3.8947512629935854,Tumor/Epithelials,Ambiguous/Mixed,False
24,25,2,1,0.9957163056439128,0.008585791322419357,Ambiguous/Mixed,Ambiguous/Mixed,True
24,25,2,2,0.09437665407065814,4.720923089980054,Ambiguous/Mixed,Tumor/Epithelials,False
24,25,2,3,0.9408348681454436,0.1219752805902729,Ambiguous/Mixed,Ambiguous/Mixed,True
24,25,2,4,0.2064748795799698,3.15515304500796,Ambiguous/Mixed,Ambiguous/Mixed,True
24,25,2,5,0.23316695200458107,2.9120010995891517,Ambiguous/Mixed,Fibroblasts/Stromal,False
24,25,2,6,0.1991153171162483,3.227742278193716,Ambiguous/Mixed,Fibroblasts/Stromal,False
24,25,2,7,0.7183655957017984,0.6615533066220411,Ambiguous/Mixed,Ambiguous/Mixed,True
24,25,2,8,0.9306633399731278,0.1437153566036276,Ambiguous/Mixed,Tumor/Epithelials,False
24,25,2,9,0.983158029206107,0.033970819185892856,Ambiguous/Mixed,Ambiguous/Mixed,True
24,25,2,10,0.9433183902713664,0.11670283568032074,Ambiguous/Mixed,Endothelials,False
24,25,2,11,0.9595121115430545,0.08266068169802074,Ambiguous/Mixed,Ambiguous/Mixed,True
24,25,2,12,0.9832222568384961,0.03384016768807657,Ambiguous/Mixed,Ambiguous/Mixed,True
24,25,2,13,0.9144402449559926,0.17888631010197936,Ambiguous/Mixed,Ambiguous/Mixed,True
24,25,2,14,0.9705854660464737,0.059711632635981324,Ambiguous/Mixed,Ambiguous/Mixed,True
24,25,2,15,0.9653081975124518,0.07061570594425862,Ambiguous/Mixed,Ambiguous/Mixed,True
24,25,2,16,0.9646012868538011,0.07208087453582769,Ambiguous/Mixed,Ambiguous/Mixed,True
24,25,2,17,0.4937725416269296,1.4113606197619113,Ambiguous/Mixed,Ambiguous/Mixed,True
24,25,2,18,0.9723384636857428,0.05610264293109486,Ambiguous/Mixed,Ambiguous/Mixed,True
24,25,2,19,0.9671830615617317,0.06673498538996991,Ambiguous/Mixed,Ambiguous/Mixed,True
24,25,2,20,0.8558823866767121,0.3112446220452512,Ambiguous/Mixed,Ambiguous/Mixed,True
24,25,2,21,0.9694876847138444,0.06197501419839722,Ambiguous/Mixed,Ambiguous/Mixed,True
24,25,2,22,0.9705894445976769,0.05970343440267136,Ambiguous/Mixed,Ambiguous/Mixed,True
24,25,2,23,0.9716093370590982,0.05760294383538209,Ambiguous/Mixed,Ambiguous/Mixed,True
24,25,2,24,0.4327283352125739,1.6752902984697624,Ambiguous/Mixed,Ambiguous/Mixed,True
24,25,2,25,0.7243213952797365,0.6450401379316087,Ambiguous/Mixed,Ambiguous/Mixed,True
24,25,3,1,0.3840595067506889,1.9139155458074737,Tumor/Epithelials,Ambiguous/Mixed,False
24,25,3,2,0.37653134361211593,1.953507970482991,Tumor/Epithelials,Tumor/Epithelials,True
24,25,3,3,0.593817691760175,1.0423658459131573,Tumor/Epithelials,Ambiguous/Mixed,False
24,25,3,4,0.5808561256056858,1.0865043702887913,Tumor/Epithelials,Ambiguous/Mixed,False
24,25,3,5,0.6037485266257451,1.0091950287795382,Tumor/Epithelials,Fibroblasts/Stromal,False
24,25,3,6,0.6628779280667545,0.8223288526230216,Tumor/Epithelials,Fibroblasts/Stromal,False
24,25,3,7,0.203000912923708,3.1890896055786775,Tumor/Epithelials,Ambiguous/Mixed,False
24,25,3,8,0.6100607434224029,0.9883934947829783,Tumor/Epithelials,Tumor/Epithelials,True
24,25,3,9,0.511812508100907,1.3395938322477,Tumor/Epithelials,Ambiguous/Mixed,False
24,25,3,10,0.5734675550939471,1.1121078350393678,Tumor/Epithelials,Endothelials,False
24,25,3,11,0.473884617424957,1.4935828201467691,Tumor/Epithelials,Ambiguous/Mixed,False
24,25,3,12,0.47707314121437916,1.4801709279386772,Tumor/Epithelials,Ambiguous/Mixed,False
24,25,3,13,0.6765922269253591,0.7813730222716236,Tumor/Epithelials,Ambiguous/Mixed,False
24,25,3,14,0.5132052811617558,1.3341587112865232,Tumor/Epithelials,Ambiguous/Mixed,False
24,25,3,15,0.5230708205352502,1.2960768239426352,Tumor/Epithelials,Ambiguous/Mixed,False
24,25,3,16,0.5273017213751355,1.2799647358858284,Tumor/Epithelials,Ambiguous/Mixed,False
24,25,3,17,0.20118987748868855,3.207012305429162,Tumor/Epithelials,Ambiguous/Mixed,False
24,25,3,18,0.48978820194657313,1.4275644444917241,Tumor/Epithelials,Ambiguous/Mixed,False
24,25,3,19,0.5206098246121086,1.305508829779932,Tumor/Epithelials,Ambiguous/Mixed,False
24,25,3,20,0.3128503911603976,2.3240603724512487,Tumor/Epithelials,Ambiguous/Mixed,False
24,25,3,21,0.5044860052419516,1.3684303588612214,Tumor/Epithelials,Ambiguous/Mixed,False
24,25,3,22,0.5101603955324046,1.3460602033298434,Tumor/Epithelials,Ambiguous/Mixed,False
24,25,3,23,0.5027450237325387,1.3753442969475198,Tumor/Epithelials,Ambiguous/Mixed,False
24,25,3,24,0.1134959412219579,4.351976405718101,Tumor/Epithelials,Ambiguous/Mixed,False
24,25,3,25,0.21857304079607923,3.041270074973922,Tumor/Epithelials,Ambiguous/Mixed,False
24,25,4,1,0.97514133630814,0.05034571634796025,Ambiguous/Mixed,Ambiguous/Mixed,True
24,25,4,2,0.14167791376403932,3.9083980212031575,Ambiguous/Mixed,Tumor/Epithelials,False
24,25,4,3,0.97615301035161,0.04827186391078387,Ambiguous/Mixed,Ambiguous/Mixed,True
24,25,4,4,0.2781150524251619,2.5594407865249735,Ambiguous/Mixed,Ambiguous/Mixed,True
24,25,4,5,0.39861189932043856,1.839534037726363,Ambiguous/Mixed,Fibroblasts/Stromal,False
24,25,4,6,0.28912867810545206,2.4817668740106966,Ambiguous/Mixed,Fibroblasts/Stromal,False
24,25,4,7,0.6183907806757284,0.9612693803421536,Ambiguous/Mixed,Ambiguous/Mixed,True
24,25,4,8,0.9709986550121601,0.05886039169835222,Ambiguous/Mixed,Tumor/Epithelials,False
24,25,4,9,0.9862948429369198,0.027599879464154434,Ambiguous/Mixed,Ambiguous/Mixed,True
24,25,4,10,0.9827440218223223,0.03481319562003597,Ambiguous/Mixed,Endothelials,False
24,25,4,11,0.9986735231678311,0.002654714762667076,Ambiguous/Mixed,Ambiguous/Mixed,True
24,25,4,12,0.9950214249692878,0.009982018845836129,Ambiguous/Mixed,Ambiguous/Mixed,True
24,25,4,13,0.9615148504112758,0.07849053805409492,Ambiguous/Mixed,Ambiguous/Mixed,True
24,25,4,14,0.9963717859753113,0.007269623914337161,Ambiguous/Mixed,Ambiguous/Mixed,True
24,25,4,15,0.9947924511277655,0.01044231082647527,Ambiguous/Mixed,Ambiguous/Mixed,True
24,25,4,16,0.992507662108322,0.015041092884411673,Ambiguous/Mixed,Ambiguous/Mixed,True
24,25,4,17,0.48438872951729117,1.4497350689326813,Ambiguous/Mixed,Ambiguous/Mixed,True
24,25,4,18,0.9970070192999149,0.0059949372478078685,Ambiguous/Mixed,Ambiguous/Mixed,True
24,25,4,19,0.9939023012892192,0.012232731195235583,Ambiguous/Mixed,Ambiguous/Mixed,True
24,25,4,20,0.7796436129721963,0.49783674031591585,Ambiguous/Mixed,Ambiguous/Mixed,True
24,25,4,21,0.9956826718588988,0.008653349426841666,Ambiguous/Mixed,Ambiguous/Mixed,True
24,25,4,22,0.9965424597353162,0.006927062741342409,Ambiguous/Mixed,Ambiguous/Mixed,True
24,25,4,23,0.9966530002532953,0.006705226959932179,Ambiguous/Mixed,Ambiguous/Mixed,True
24,25,4,24,0.3810889962980969,1.9294446900963482,Ambiguous/Mixed,Ambiguous/Mixed,True
24,25,4,25,0.6173218242525276,0.9647295916747135,Ambiguous/Mixed,Ambiguous/Mixed,True
24,25,5,1,0.5725840946824288,1.1151913281321555,Ambiguous/Mixed,Ambiguous/Mixed,True
24,25,5,2,0.027526394911984484,7.185219839312454,Ambiguous/Mixed,Tumor/Epithelials,False
24,25,5,3,0.4177891064315866,1.7455570076869515,Ambiguous/Mixed,Ambiguous/Mixed,True
24,25,5,4,0.16312831532768085,3.6264363545277076,Ambiguous/Mixed,Ambiguous/Mixed,True
24,25,5,5,0.1291939149909232,4.092881572672471,Ambiguous/Mixed,Fibroblasts/Stromal,False
24,25,5,6,0.13904129657134193,3.94596858468131,Ambiguous/Mixed,Fibroblasts/Stromal,False
24,25,5,7,0.7193256951766722,0.6588820805425926,Ambiguous/Mixed,Ambiguous/Mixed,True
24,25,5,8,0.4847134708088481,1.4483946889248658,Ambiguous/Mixed,Tumor/Epithelials,False
24,25,5,9,0.4731996350188148,1.4964758363649653,Ambiguous/Mixed,Ambiguous/Mixed,True
24,25,5,10,0.4525498989667562,1.5857144959244005,Ambiguous/Mixed,Endothelials,False
24,25,5,11,0.46048805953237065,1.550936705954382,Ambiguous/Mixed,Ambiguous/Mixed,True
24,25,5,12,0.4871157096587858,1.438507174571832,Ambiguous/Mixed,Ambiguous/Mixed,True
24,25,5,13,0.43547724480105315,1.6626254695970952,Ambiguous/Mixed,Ambiguous/Mixed,True
24,25,5,14,0.4681658992976539,1.5178651204018931,Ambiguous/Mixed,Ambiguous/Mixed,True
24,25,5,15,0.47333489804884266,1.4959042226468255,Ambiguous/Mixed,Ambiguous/Mixed,True
24,25,5,16,0.5047977781069716,1.3671947385923526,Ambiguous/Mixed,Ambiguous/Mixed,True
24,25,5,17,0.24157695386662065,2.8411344141925428,Ambiguous/Mixed,Ambiguous/Mixed,True
24,25,5,18,0.4972427065282904,1.3973540579418589,Ambiguous/Mixed,Ambiguous/Mixed,True
24,25,5,19,0.508583738134857,1.3522508005730771,Ambiguous/Mixed,Ambiguous/Mixed,True
24,25,5,20,0.5934558159552324,1.0435850285658386,Ambiguous/Mixed,Ambiguous/Mixed,True
24,25,5,21,0.4920000327551439,1.4185529918286708,Ambiguous/Mixed,Ambiguous/Mixed,True
24,25,5,22,0.4730779113064188,1.4969903734097891,Ambiguous/Mixed,Ambiguous/Mixed,True
24,25,5,23,0.4899459383490967,1.426920447728117,Ambiguous/Mixed,Ambiguous/Mixed,True
24,25,5,24,0.6972110225591875,0.7213343114182208,Ambiguous/Mixed,Ambiguous/Mixed,True
24,25,5,25,0.7547173255645309,0.5628240061305726,Ambiguous/Mixed,Ambiguous/Mixed,True
24,25,6,1,0.9828290922670497,0.03464007472380319,Ambiguous/Mixed,Ambiguous/Mixed,True
24,25,6,2,0.13050605925056244,4.072671244516967,Ambiguous/Mixed,Tumor/Epithelials,False
24,25,6,3,0.9706891471208609,0.05949799758655036,Ambiguous/Mixed,Ambiguous/Mixed,True
24,25,6,4,0.2768981873922422,2.5682107898003337,Ambiguous/Mixed,Ambiguous/Mixed,True
24,25,6,5,0.3259249023450798,2.2421765701144825,Ambiguous/Mixed,Fibroblasts/Stromal,False
24,25,6,6,0.2711188994110554,2.6103956222157416,Ambiguous/Mixed,Fibroblasts/Stromal,False
24,25,6,7,0.6190970698069161,0.9589864029129909,Ambiguous/Mixed,Ambiguous/Mixed,True
24,25,6,8,0.9591844659450832,0.0833437404056877,Ambiguous/Mixed,Tumor/Epithelials,False
24,25,6,9,0.9999256930626776,0.00014861939643917138,Ambiguous/Mixed,Ambiguous/Mixed,True
24,25,6,10,0.9734709017706085,0.053774689879114046,Ambiguous/Mixed,Endothelials,False
24,25,6,11,0.9845124299700586,0.031217510629497423,Ambiguous/Mixed,Ambiguous/Mixed,True
24,25,6,12,0.9951980890707248,0.009626954290082746,Ambiguous/Mixed,Ambiguous/Mixed,True
24,25,6,13,0.9547911008683285,0.09252540995059962,Ambiguous/Mixed,Ambiguous/Mixed,True
24,25,6,14,0.9915086625595376,0.017055188475846045,Ambiguous/Mixed,Ambiguous/Mixed,True
24,25,6,15,0.9879913516795947,0.02416266926662844,Ambiguous/Mixed,Ambiguous/Mixed,True
24,25,6,16,0.9858464350351399,0.02850936381908506,Ambiguous/Mixed,Ambiguous/Mixed,True
24,25,6,17,0.47018506868466703,1.509257797247069,Ambiguous/Mixed,Ambiguous/Mixed,True
24,25,6,18,0.9902788228708281,0.019537472485861913,Ambiguous/Mixed,Ambiguous/Mixed,True
24,25,6,19,0.9863139500874981,0.02756113452770999,Ambiguous/Mixed,Ambiguous/Mixed,True
24,25,6,20,0.8036300370495296,0.4372325372589733,Ambiguous/Mixed,Ambiguous/Mixed,True
24,25,6,21,0.9886043022853304,0.022922252443583955,Ambiguous/Mixed,Ambiguous/Mixed,True
24,25,6,22,0.9916618129477557,0.01674628837791923,Ambiguous/Mixed,Ambiguous/Mixed,True
24,25,6,23,0.9897638537069542,0.020577791831655295,Ambiguous/Mixed,Ambiguous/Mixed,True
24,25,6,24,0.3796796673387446,1.9368547249144892,Ambiguous/Mixed,Ambiguous/Mixed,True
24,25,6,25,0.622542710530408,0.9478860834061867,Ambiguous/Mixed,Ambiguous/Mixed,True
24,25,7,1,0.9539380102195175,0.09431317690120355,Tumor/Epithelials,Ambiguous/Mixed,False
24,25,7,2,0.20550889332918765,3.1645319388823823,Tumor/Epithelials,Tumor/Epithelials,True
24,25,7,3,0.9540584006900109,0.09406078550263527,Tumor/Epithelials,Ambiguous/Mixed,False
24,25,7,4,0.3679618928333706,1.9995517965166507,Tumor/Epithelials,Ambiguous/Mixed,False
24,25,7,5,0.4686258901456373,1.5159010088879525,Tumor/Epithelials,Fibroblasts/Stromal,False
24,25,7,6,0.40354018492452254,1.8149584106799344,Tumor/Epithelials,Fibroblasts/Stromal,False
24,25,7,7,0.65800377310508,0.8370892269420221,Tumor/Epithelials,Ambiguous/Mixed,False
24,25,7,8,0.9966228193175931,0.0067657924580096455,Tumor/Epithelials,Tumor/Epithelials,True
24,25,7,9,0.9606183271625808,0.08035622212670242,Tumor/Epithelials,Ambiguous/Mixed,False
24,25,7,10,0.9890716718217641,0.021976962009248893,Tumor/Epithelials,Endothelials,False
24,25,7,11,0.9750774153015017,0.05047682165419014,Tumor/Epithelials,Ambiguous/Mixed,False
24,25,7,12,0.9742935587026785,0.052085251555986464,Tumor/Epithelials,Ambiguous/Mixed,False
24,25,7,13,0.9828113759628754,0.034676126696605365,Tumor/Epithelials,Ambiguous/Mixed,False
24,25,7,14,0.9779841985781721,0.04452353190175612,Tumor/Epithelials,Ambiguous/Mixed,False
24,25,7,15,0.9849694689273281,0.030289268606598942,Tumor/Epithelials,Ambiguous/Mixed,False
24,25,7,16,0.9905968136084826,0.018895350921984022,Tumor/Epithelials,Ambiguous/Mixed,False
24,25,7,17,0.49946380380151945,1.3884402967621134,Tumor/Epithelials,Ambiguous/Mixed,False
24,25,7,18,0.9830551902824743,0.03418003133584077,Tumor/Epithelials,Ambiguous/Mixed,False
24,25,7,19,0.990026000482619,0.020048146169228783,Tumor/Epithelials,Ambiguous/Mixed,False
24,25,7,20,0.8170665317280207,0.4040695065081868,Tumor/Epithelials,Ambiguous/Mixed,False
24,25,7,21,0.9866631753700141,0.026853117629476248,Tumor/Epithelials,Ambiguous/Mixed,False
24,25,7,22,0.9805237410182104,0.03933684092748997,Tumor/Epithelials,Ambiguous/Mixed,False
24,25,7,23,0.9846135372139195,0.03101212560967678,Tumor/Epithelials,Ambiguous/Mixed,False
24,25,7,24,0.402127441302505,1.8219724448746433,Tumor/Epithelials,Ambiguous/Mixed,False
24,25,7,25,0.6623353292772526,0.8239666231986358,Tumor/Epithelials,Ambiguous/Mixed,False
24,25,8,1,0.9639954516111018,0.07333740525693494,Tumor/Epithelials,Ambiguous/Mixed,False
24,25,8,2,0.19340383242822226,3.285949760175618,Tumor/Epithelials,Tumor/Epithelials,True
24,25,8,3,0.9692155621076515,0.06253646703224597,Tumor/Epithelials,Ambiguous/Mixed,False
24,25,8,4,0.36135950453899857,2.035763917475147,Tumor/Epithelials,Ambiguous/Mixed,False
24,25,8,5,0.4648949718435316,1.5318875318194634,Tumor/Epithelials,Fibroblasts/Stromal,False
24,25,8,6,0.3889108227280761,1.8888104182611558,Tumor/Epithelials,Fibroblasts/Stromal,False
24,25,8,7,0.6100826771252877,0.9883215894560543,Tumor/Epithelials,Ambiguous/Mixed,False
24,25,8,8,0.9950640163960441,0.009896411613347344,Tumor/Epithelials,Tumor/Epithelials,True
24,25,8,9,0.9734796513421401,0.05375671392894374,Tumor/Epithelials,Ambiguous/Mixed,False
24,25,8,10,0.9908349320350438,0.01841465118911435,Tumor/Epithelials,Endothelials,False
24,25,8,11,0.9875292728336467,0.02509827854074305,Tumor/Epithelials,Ambiguous/Mixed,False
24,25,8,12,0.9850089024044506,0.030209199753657788,Tumor/Epithelials,Ambiguous/Mixed,False
24,25,8,13,0.9817750170694661,0.0367862074611196,Tumor/Epithelials,Ambiguous/Mixed,False
24,25,8,14,0.9887020415301823,0.02272453043609187,Tumor/Epithelials,Ambiguous/Mixed,False
24,25,8,15,0.9923701063209462,0.015318300458165244,Tumor/Epithelials,Ambiguous/Mixed,False
24,25,8,16,0.9965063659815332,0.0069995020179346255,Tumor/Epithelials,Ambiguous/Mixed,False
24,25,8,17,0.49528394734845077,1.4052480997397008,Tumor/Epithelials,Ambiguous/Mixed,False
24,25,8,18,0.9915560781265965,0.01695954748925591,Tumor/Epithelials,Ambiguous/Mixed,False
24,25,8,19,0.99545373542116,0.009113260536719616,Tumor/Epithelials,Ambiguous/Mixed,False
24,25,8,20,0.7679651799750364,0.5280217708729207,Tumor/Epithelials,Ambiguous/Mixed,False
24,25,8,21,0.9940022746880497,0.012031567819240762,Tumor/Epithelials,Ambiguous/Mixed,False
24,25,8,22,0.9897910557004479,0.020522825953485205,Tumor/Epithelials,Ambiguous/Mixed,False
24,25,8,23,0.9927788761189303,0.01449464478823348,Tumor/Epithelials,Ambiguous/Mixed,False
24,25,8,24,0.37449262029363595,1.9643663634199549,Tumor/Epithelials,Ambiguous/Mixed,False
24,25,8,25,0.613488215978846,0.9771884457481719,Tumor/Epithelials,Ambiguous/Mixed,False
24,25,9,1,0.9692843556663077,0.06239451488036976,Ambiguous/Mixed,Ambiguous/Mixed,True
24,25,9,2,0.16185057660167324,3.642163472095935,Ambiguous/Mixed,Tumor/Epithelials,False
24,25,9,3,0.9923097607582185,0.01543992322211293,Ambiguous/Mixed,Ambiguous/Mixed,True
24,25,9,4,0.31999790120782307,2.2788816838708525,Ambiguous/Mixed,Ambiguous/Mixed,True
24,25,9,5,0.42907603390659765,1.6922422810898212,Ambiguous/Mixed,Fibroblasts/Stromal,False
24,25,9,6,0.34555302114258113,2.1252183709720933,Ambiguous/Mixed,Fibroblasts/Stromal,False
24,25,9,7,0.5876936875875335,1.063098812593211,Ambiguous/Mixed,Ambiguous/Mixed,True
24,25,9,8,0.9735541775927136,0.05360360667522823,Ambiguous/Mixed,Tumor/Epithelials,False
24,25,9,9,0.9873873786616159,0.025385671271302365,Ambiguous/Mixed,Ambiguous/Mixed,True
24,25,9,10,0.9823611851823679,0.03559246513381702,Ambiguous/Mixed,Endothelials,False
24,25,9,11,0.9932201797948604,0.01360581519512918,Ambiguous/Mixed,Ambiguous/Mixed,True
24,25,9,12,0.9941349314241135,0.011764671277386788,Ambiguous/Mixed,Ambiguous/Mixed,True
24,25,9,13,0.9693332378182905,0.06229365506736176,Ambiguous/Mixed,Ambiguous/Mixed,True
24,25,9,14,0.9987052499909786,0.0025911778440284245,Ambiguous/Mixed,Ambiguous/Mixed,True
24,25,9,15,0.9938011433507439,0.01243629866167122,Ambiguous/Mixed,Ambiguous/Mixed,True
24,25,9,16,0.9907779602341249,0.018529652057663305,Ambiguous/Mixed,Ambiguous/Mixed,True
24,25,9,17,0.437635231259938,1.6527390418466454,Ambiguous/Mixed,Ambiguous/Mixed,True
24,25,9,18,0.9941896657187723,0.011654559890641637,Ambiguous/Mixed,Ambiguous/Mixed,True
24,25,9,19,0.9928267967880257,0.014398108663748143,Ambiguous/Mixed,Ambiguous/Mixed,True
24,25,9,20,0.7761179738135726,0.5069014844874927,Ambiguous/Mixed,Ambiguous/Mixed,True
24,25,9,21,0.9933522965524826,0.013339795687882561,Ambiguous/Mixed,Ambiguous/Mixed,True
24,25,9,22,0.9965281103575988,0.006955861275489621,Ambiguous/Mixed,Ambiguous/Mixed,True
24,25,9,23,0.9947732310337333,0.010480952614891816,Ambiguous/Mixed,Ambiguous/Mixed,True
24,25,9,24,0.34230070197857615,2.1441313653561704,Ambiguous/Mixed,Ambiguous/Mixed,True
24,25,9,25,0.5886179004792268,1.059956063371856,Ambiguous/Mixed,Ambiguous/Mixed,True
24,25,10,1,0.9415323143292422,0.12049321859470138,Ambiguous/Mixed,Ambiguous/Mixed,True
24,25,10,2,0.24302370713712698,2.8291925603303767,Ambiguous/Mixed,Tumor/Epithelials,False
24,25,10,3,0.9660920377667154,0.06899234423397134,Ambiguous/Mixed,Ambiguous/Mixed,True
24,25,10,4,0.38232546793510114,1.9229660456579885,Ambiguous/Mixed,Ambiguous/Mixed,True
24,25,10,5,0.5343541102758693,1.253393063873268,Ambiguous/Mixed,Fibroblasts/Stromal,False
24,25,10,6,0.4616108358828934,1.546066178894903,Ambiguous/Mixed,Fibroblasts/Stromal,False
24,25,10,7,0.5722702182113591,1.1162879793842801,Ambiguous/Mixed,Ambiguous/Mixed,True
24,25,10,8,0.9739739640758576,0.052741413250314576,Ambiguous/Mixed,Tumor/Epithelials,False
24,25,10,9,0.9663619733267899,0.06843360273682703,Ambiguous/Mixed,Ambiguous/Mixed,True
24,25,10,10,0.9919438890577964,0.016177473493677135,Ambiguous/Mixed,Endothelials,False
24,25,10,11,0.9752554882753445,0.050111606107631775,Ambiguous/Mixed,Ambiguous/Mixed,True
24,25,10,12,0.9730919770666201,0.05455334380885702,Ambiguous/Mixed,Ambiguous/Mixed,True
24,25,10,13,0.9906501698641765,0.01878762834897433,Ambiguous/Mixed,Ambiguous/Mixed,True
24,25,10,14,0.9798092545360094,0.04079472898111903,Ambiguous/Mixed,Ambiguous/Mixed,True
24,25,10,15,0.9873162438480926,0.02552976340288744,Ambiguous/Mixed,Ambiguous/Mixed,True
24,25,10,16,0.9757886828568235,0.04901845895567647,Ambiguous/Mixed,Ambiguous/Mixed,True
24,25,10,17,0.42702969794483303,1.7018034358998513,Ambiguous/Mixed,Ambiguous/Mixed,True
24,25,10,18,0.9754229766070532,0.04976815979367363,Ambiguous/Mixed,Ambiguous/Mixed,True
24,25,10,19,0.9803490683527062,0.03969315708452259,Ambiguous/Mixed,Ambiguous/Mixed,True
24,25,10,20,0.7663890583903201,0.5321306581159655,Ambiguous/Mixed,Ambiguous/Mixed,True
24,25,10,21,0.9766640428488654,0.04722510429122105,Ambiguous/Mixed,Ambiguous/Mixed,True
24,25,10,22,0.9805254409153228,0.039333373605756144,Ambiguous/Mixed,Ambiguous/Mixed,True
24,25,10,23,0.9782775811239325,0.043923647876000366,Ambiguous/Mixed,Ambiguous/Mixed,True
24,25,10,24,0.3234871087932173,2.257192030012141,Ambiguous/Mixed,Ambiguous/Mixed,True
24,25,10,25,0.5743272184424005,1.1091119562323957,Ambiguous/Mixed,Ambiguous/Mixed,True
24,25,11,1,0.9494249625584069,0.10379756045441729,Fibroblasts/Stromal,Ambiguous/Mixed,False
24,25,11,2,0.2139756295876705,3.083786301753201,Fibroblasts/Stromal,Tumor/Epithelials,False
24,25,11,3,0.9659011850437587,0.06938748583451967,Fibroblasts/Stromal,Ambiguous/Mixed,False
24,25,11,4,0.39191605991424133,1.8734151899864493,Fibroblasts/Stromal,Ambiguous/Mixed,False
24,25,11,5,0.50109579041184,1.381915995493071,Fibroblasts/Stromal,Fibroblasts/Stromal,True
24,25,11,6,0.43080488527406796,1.6841999875188012,Fibroblasts/Stromal,Fibroblasts/Stromal,True
24,25,11,7,0.6065198292373508,1.0000357131887967,Fibroblasts/Stromal,Ambiguous/Mixed,False
24,25,11,8,0.979158979660355,0.04212251957657111,Fibroblasts/Stromal,Tumor/Epithelials,False
24,25,11,9,0.9659427463673214,0.06930143059394189,Fibroblasts/Stromal,Ambiguous/Mixed,False
24,25,11,10,0.9903781876713394,0.019336802102114057,Fibroblasts/Stromal,Endothelials,False
24,25,11,11,0.9781070389687729,0.04427233627569445,Fibroblasts/Stromal,Ambiguous/Mixed,False
24,25,11,12,0.9770329774754628,0.046469747391671645,Fibroblasts/Stromal,Ambiguous/Mixed,False
24,25,11,13,0.9907428476221609,0.01860053218534794,Fibroblasts/Stromal,Ambiguous/Mixed,False
24,25,11,14,0.9816586817305405,0.0370232113164226,Fibroblasts/Stromal,Ambiguous/Mixed,False
24,25,11,15,0.9880555002081645,0.02403281702444897,Fibroblasts/Stromal,Ambiguous/Mixed,False
24,25,11,16,0.9839629216869379,0.03233412770459971,Fibroblasts/Stromal,Ambiguous/Mixed,False
24,25,11,17,0.4308357006884686,1.6840569329091841,Fibroblasts/Stromal,Ambiguous/Mixed,False
24,25,11,18,0.9820231729137654,0.03628074646846599,Fibroblasts/Stromal,Ambiguous/Mixed,False
24,25,11,19,0.9863621959996962,0.027463306179547814,Fibroblasts/Stromal,Ambiguous/Mixed,False
24,25,11,20,0.7978706067481937,0.45161768322330287,Fibroblasts/Stromal,Ambiguous/Mixed,False
24,25,11,21,0.983419940379046,0.033438094466022396,Fibroblasts/Stromal,Ambiguous/Mixed,False
24,25,11,22,0.9831278027200603,0.03403230869175866,Fibroblasts/Stromal,Ambiguous/Mixed,False
24,25,11,23,0.9838826034252338,0.03249738901901421,Fibroblasts/Stromal,Ambiguous/Mixed,False
24,25,11,24,0.3695161688700912,1.9911215615377666,Fibroblasts/Stromal,Ambiguous/Mixed,False
24,25,11,25,0.6097127901677722,0.9895345369665864,Fibroblasts/Stromal,Ambiguous/Mixed,False
24,25,12,1,0.835930437844761,0.35841975535820736,Ambiguous/Mixed,Ambiguous/Mixed,True
24,25,12,2,0.08496989071759829,4.930916624193513,Ambiguous/Mixed,Tumor/Epithelials,False
24,25,12,3,0.7630510316201002,0.5408607341539287,Ambiguous/Mixed,Ambiguous/Mixed,True
24,25,12,4,0.23808264873752602,2.870274803979323,Ambiguous/Mixed,Ambiguous/Mixed,True
24,25,12,5,0.2498682716704135,2.773642826611684,Ambiguous/Mixed,Fibroblasts/Stromal,False
24,25,12,6,0.2664864333931163,2.6448638865289134,Ambiguous/Mixed,Fibroblasts/Stromal,False
24,25,12,7,0.7685327912343715,0.5265440955468441,Ambiguous/Mixed,Ambiguous/Mixed,True
24,25,12,8,0.7597554967868644,0.5495172244343591,Ambiguous/Mixed,Tumor/Epithelials,False
24,25,12,9,0.801477157157843,0.44259761490729227,Ambiguous/Mixed,Ambiguous/Mixed,True
24,25,12,10,0.7932497481317379,0.46323433206647513,Ambiguous/Mixed,Endothelials,False
24,25,12,11,0.7582603881163259,0.5534568647736988,Ambiguous/Mixed,Ambiguous/Mixed,True
24,25,12,12,0.8023234338978164,0.44048693650191584,Ambiguous/Mixed,Ambiguous/Mixed,True
24,25,12,13,0.7741506485759895,0.5119775758570599,Ambiguous/Mixed,Ambiguous/Mixed,True
24,25,12,14,0.7871032843975962,0.4787916021186308,Ambiguous/Mixed,Ambiguous/Mixed,True
24,25,12,15,0.7913457789080481,0.4680405305126202,Ambiguous/Mixed,Ambiguous/Mixed,True
24,25,12,16,0.8021541976861336,0.4409088463097659,Ambiguous/Mixed,Ambiguous/Mixed,True
24,25,12,17,0.3336222227193249,2.1954919917002704,Ambiguous/Mixed,Ambiguous/Mixed,True
24,25,12,18,0.7948914874615864,0.45909933480587356,Ambiguous/Mixed,Ambiguous/Mixed,True
24,25,12,19,0.8068333867469709,0.4292761841378495,Ambiguous/Mixed,Ambiguous/Mixed,True
24,25,12,20,0.9975019885137753,0.005002273445173101,Ambiguous/Mixed,Ambiguous/Mixed,True
24,25,12,21,0.7947569728078409,0.4594378112865009,Ambiguous/Mixed,Ambiguous/Mixed,True
24,25,12,22,0.780024485457504,0.4968599363580427,Ambiguous/Mixed,Ambiguous/Mixed,True
24,25,12,23,0.7900405223376561,0.47134208147653667,Ambiguous/Mixed,Ambiguous/Mixed,True
24,25,12,24,0.44924960150166304,1.6003532806982115,Ambiguous/Mixed,Ambiguous/Mixed,True
24,25,12,25,0.7709495958314728,0.5202645652246104,Ambiguous/Mixed,Ambiguous/Mixed,True
24,25,13,1,0.9603072347842169,0.08100401897473508,Ambiguous/Mixed,Ambiguous/Mixed,True
24,25,13,2,0.21333685443378012,3.089765772548787,Ambiguous/Mixed,Tumor/Epithelials,False
24,25,13,3,0.9693694709223685,0.06221889764546547,Ambiguous/Mixed,Ambiguous/Mixed,True
24,25,13,4,0.37382545597790934,1.9679325714999159,Ambiguous/Mixed,Ambiguous/Mixed,True
24,25,13,5,0.4656482734197939,1.5286494158279615,Ambiguous/Mixed,Fibroblasts/Stromal,False
24,25,13,6,0.39841137382730984,1.8405404098317484,Ambiguous/Mixed,Fibroblasts/Stromal,False
24,25,13,7,0.6213761665774157,0.9516372743124062,Ambiguous/Mixed,Ambiguous/Mixed,True
24,25,13,8,0.9971355489701723,0.00573712284179608,Ambiguous/Mixed,Tumor/Epithelials,False
24,25,13,9,0.972427491438733,0.05591953040217039,Ambiguous/Mixed,Ambiguous/Mixed,True
24,25,13,10,0.989526817516088,0.021056824437518995,Ambiguous/Mixed,Endothelials,False
24,25,13,11,0.9840314198488144,0.032194903397987674,Ambiguous/Mixed,Ambiguous/Mixed,True
24,25,13,12,0.9836137098831544,0.03304406052621803,Ambiguous/Mixed,Ambiguous/Mixed,True
24,25,13,13,0.9857230818070004,0.02875962783919038,Ambiguous/Mixed,Ambiguous/Mixed,True
24,25,13,14,0.9877240093190636,0.024703926104410377,Ambiguous/Mixed,Ambiguous/Mixed,True
24,25,13,15,0.9904395406198091,0.019212907919195422,Ambiguous/Mixed,Ambiguous/Mixed,True
24,25,13,16,0.9939611159445699,0.012114383717520601,Ambiguous/Mixed,Ambiguous/Mixed,True
24,25,13,17,0.44076182934275543,1.638501237885848,Ambiguous/Mixed,Ambiguous/Mixed,True
24,25,13,18,0.988526957687991,0.023078730870574764,Ambiguous/Mixed,Ambiguous/Mixed,True
24,25,13,19,0.9947869827792618,0.010453304805223754,Ambiguous/Mixed,Ambiguous/Mixed,True
24,25,13,20,0.7825306269047433,0.49044443503880575,Ambiguous/Mixed,Ambiguous/Mixed,True
24,25,13,21,0.9911142886455903,0.017850849433788986,Ambiguous/Mixed,Ambiguous/Mixed,True
24,25,13,22,0.9884520419562486,0.02323030705179233,Ambiguous/Mixed,Ambiguous/Mixed,True
24,25,13,23,0.9906910348574294,0.018705128690336574,Ambiguous/Mixed,Ambiguous/Mixed,True
24,25,13,24,0.3650887740901738,2.015229476573242,Ambiguous/Mixed,Ambiguous/Mixed,True
24,25,13,25,0.6251614507801351,0.9394906827134165,Ambiguous/Mixed,Ambiguous/Mixed,True
24,25,14,1,0.9614606815148858,0.07860321529934317,Ambiguous/Mixed,Ambiguous/Mixed,True
24,25,14,2,0.16680227737957615,3.5818922715918475,Ambiguous/Mixed,Tumor/Epithelials,False
24,25,14,3,0.9758643594359367,0.048863356429743404,Ambiguous/Mixed,Ambiguous/Mixed,True
24,25,14,4,0.28918909132758586,2.481349019152716,Ambiguous/Mixed,Ambiguous/Mixed,True
24,25,14,5,0.4458605428331601,1.6154981201771252,Ambiguous/Mixed,Fibroblasts/Stromal,False
24,25,14,6,0.3142194083254972,2.3153275689177324,Ambiguous/Mixed,Fibroblasts/Stromal,False
24,25,14,7,0.5879660233931808,1.062172232195925,Ambiguous/Mixed,Ambiguous/Mixed,True
24,25,14,8,0.9744814593418297,0.051699572064010935,Ambiguous/Mixed,Tumor/Epithelials,False
24,25,14,9,0.9783159561762097,0.04384519509252642,Ambiguous/Mixed,Ambiguous/Mixed,True
24,25,14,10,0.9814149575693788,0.03751982877902751,Ambiguous/Mixed,Endothelials,False
24,25,14,11,0.9983343654213783,0.0033340465803360403,Ambiguous/Mixed,Ambiguous/Mixed,True
24,25,14,12,0.9891271256176297,0.021864832134431633,Ambiguous/Mixed,Ambiguous/Mixed,True
24,25,14,13,0.9652488065125286,0.070738760585625,Ambiguous/Mixed,Ambiguous/Mixed,True
24,25,14,14,0.9941115699867361,0.011811670353933556,Ambiguous/Mixed,Ambiguous/Mixed,True
24,25,14,15,0.9920834277278631,0.01589614940279152,Ambiguous/Mixed,Ambiguous/Mixed,True
24,25,14,16,0.9882039087948933,0.02373243421775527,Ambiguous/Mixed,Ambiguous/Mixed,True
24,25,14,17,0.4668407417159823,1.5235342072759637,Ambiguous/Mixed,Ambiguous/Mixed,True
24,25,14,18,0.9922847298722315,0.015490373600981829,Ambiguous/Mixed,Ambiguous/Mixed,True
24,25,14,19,0.990895258933293,0.018292885070714013,Ambiguous/Mixed,Ambiguous/Mixed,True
24,25,14,20,0.731996308726393,0.623959615514094,Ambiguous/Mixed,Ambiguous/Mixed,True
24,25,14,21,0.9914219293679452,0.01723014808764673,Ambiguous/Mixed,Ambiguous/Mixed,True
24,25,14,22,0.9939361507348007,0.012164618123873538,Ambiguous/Mixed,Ambiguous/Mixed,True
24,25,14,23,0.9931480214144428,0.013751122355011197,Ambiguous/Mixed,Ambiguous/Mixed,True
24,25,14,24,0.3464123137911522,2.1202511100594648,Ambiguous/Mixed,Ambiguous/Mixed,True
24,25,14,25,0.5855146840453622,1.0705280335241492,Ambiguous/Mixed,Ambiguous/Mixed,True
24,25,15,1,0.9704815579582509,0.059925758345268275,Ambiguous/Mixed,Ambiguous/Mixed,True
24,25,15,2,0.17741559710274624,3.458520584874718,Ambiguous/Mixed,Tumor/Epithelials,False
24,25,15,3,0.9741169255640036,0.05244787152869767,Ambiguous/Mixed,Ambiguous/Mixed,True
24,25,15,4,0.32218281326148995,2.265272302989466,Ambiguous/Mixed,Ambiguous/Mixed,True
24,25,15,5,0.4342379385354111,1.668325299280155,Ambiguous/Mixed,Fibroblasts/Stromal,False
24,25,15,6,0.3503812579172395,2.097466818059057,Ambiguous/Mixed,Fibroblasts/Stromal,False
24,25,15,7,0.6032225615435118,1.010938119796985,Ambiguous/Mixed,Ambiguous/Mixed,True
24,25,15,8,0.9824331620764186,0.03544593194741341,Ambiguous/Mixed,Tumor/Epithelials,False
24,25,15,9,0.9837050682556023,0.03285830847926201,Ambiguous/Mixed,Ambiguous/Mixed,True
24,25,15,10,0.9911466256096041,0.017785596744227958,Ambiguous/Mixed,Endothelials,False
24,25,15,11,0.9939298541360307,0.012177288190677817,Ambiguous/Mixed,Ambiguous/Mixed,True
24,25,15,12,0.9924948780621965,0.015066854153461928,Ambiguous/Mixed,Ambiguous/Mixed,True
24,25,15,13,0.9813689766666155,0.03761353425922784,Ambiguous/Mixed,Ambiguous/Mixed,True
24,25,15,14,0.9953599759341206,0.009301644786986555,Ambiguous/Mixed,Ambiguous/Mixed,True
24,25,15,15,0.9973430569231319,0.005320958029408166,Ambiguous/Mixed,Ambiguous/Mixed,True
24,25,15,16,0.9940252367508168,0.011985367125063257,Ambiguous/Mixed,Ambiguous/Mixed,True
24,25,15,17,0.5015503558013203,1.3801025324988092,Ambiguous/Mixed,Ambiguous/Mixed,True
24,25,15,18,0.995683454394915,0.008651777569199002,Ambiguous/Mixed,Ambiguous/Mixed,True
24,25,15,19,0.9954349387833621,0.00915102585839139,Ambiguous/Mixed,Ambiguous/Mixed,True
24,25,15,20,0.7545554830324811,0.5632529346364018,Ambiguous/Mixed,Ambiguous/Mixed,True
24,25,15,21,0.9958252820095441,0.008366912909001866,Ambiguous/Mixed,Ambiguous/Mixed,True
24,25,15,22,0.9960341558300005,0.00794745796704353,Ambiguous/Mixed,Ambiguous/Mixed,True
24,25,15,23,0.9965126437844725,0.0069869024332672985,Ambiguous/Mixed,Ambiguous/Mixed,True
24,25,15,24,0.3720086076278406,1.9776765723843406,Ambiguous/Mixed,Ambiguous/Mixed,True
24,25,15,25,0.6050133050830785,1.0050096586405124,Ambiguous/Mixed,Ambiguous/Mixed,True
24,25,16,1,0.5744415750773714,1.1087137677161556,Ambiguous/Mixed,Ambiguous/Mixed,True
24,25,16,2,0.029140681334924524,7.071240194113111,Ambiguous/Mixed,Tumor/Epithelials,False
24,25,16,3,0.4119595018240665,1.7736604620151208,Ambiguous/Mixed,Ambiguous/Mixed,True
24,25,16,4,0.16694100972474968,3.5802295282975276,Ambiguous/Mixed,Ambiguous/Mixed,True
24,25,16,5,0.12594902803361463,4.14375598658912,Ambiguous/Mixed,Fibroblasts/Stromal,False
24,25,16,6,0.13738327060885497,3.9699613269130554,Ambiguous/Mixed,Fibroblasts/Stromal,False
24,25,16,7,0.7195496322160239,0.6582595469932392,Ambiguous/Mixed,Ambiguous/Mixed,True
24,25,16,8,0.4912670573303534,1.4215347882009945,Ambiguous/Mixed,Tumor/Epithelials,False
24,25,16,9,0.4739192237578396,1.4934367716443497,Ambiguous/Mixed,Ambiguous/Mixed,True
24,25,16,10,0.4565823490146172,1.5679724061397806,Ambiguous/Mixed,Endothelials,False
24,25,16,11,0.4618482410440592,1.5450378489024752,Ambiguous/Mixed,Ambiguous/Mixed,True
24,25,16,12,0.48704399199197623,1.438801654693798,Ambiguous/Mixed,Ambiguous/Mixed,True
24,25,16,13,0.4385621375743018,1.648507544729217,Ambiguous/Mixed,Ambiguous/Mixed,True
24,25,16,14,0.4671019566287358,1.5224154451933312,Ambiguous/Mixed,Ambiguous/Mixed,True
24,25,16,15,0.4747173662422672,1.4900713409571027,Ambiguous/Mixed,Ambiguous/Mixed,True
24,25,16,16,0.5096663888819434,1.3479978135069821,Ambiguous/Mixed,Ambiguous/Mixed,True
24,25,16,17,0.25797131015206853,2.7098138024095593,Ambiguous/Mixed,Ambiguous/Mixed,True
24,25,16,18,0.4990841876881747,1.3899609693181387,Ambiguous/Mixed,Ambiguous/Mixed,True
24,25,16,19,0.5112933237743192,1.3416236686731338,Ambiguous/Mixed,Ambiguous/Mixed,True
24,25,16,20,0.5941610497701041,1.0412097376176577,Ambiguous/Mixed,Ambiguous/Mixed,True
24,25,16,21,0.4946477620739665,1.4078187229696137,Ambiguous/Mixed,Ambiguous/Mixed,True
24,25,16,22,0.4731485009257158,1.4966919686368283,Ambiguous/Mixed,Ambiguous/Mixed,True
24,25,16,23,0.49127397306831405,1.4215066337005848,Ambiguous/Mixed,Ambiguous/Mixed,True
24,25,16,24,0.7625620891358057,0.5421426908817069,Ambiguous/Mixed,Ambiguous/Mixed,True
24,25,16,25,0.7570074110799654,0.5567644710532124,Ambiguous/Mixed,Ambiguous/Mixed,True
24,25,17,1,0.9768174581713928,0.04691096704904582,Ambiguous/Mixed,Ambiguous/Mixed,True
24,25,17,2,0.16630195900600672,3.587900225801407,Ambiguous/Mixed,Tumor/Epithelials,False
24,25,17,3,0.9766576233696901,0.047238250060883925,Ambiguous/Mixed,Ambiguous/Mixed,True
24,25,17,4,0.31542993434002947,2.3076373996508606,Ambiguous/Mixed,Ambiguous/Mixed,True
24,25,17,5,0.410537432705554,1.7805763323403339,Ambiguous/Mixed,Fibroblasts/Stromal,False
24,25,17,6,0.3301648280825905,2.2163265403631836,Ambiguous/Mixed,Fibroblasts/Stromal,False
24,25,17,7,0.6179645409471899,0.9626484005573651,Ambiguous/Mixed,Ambiguous/Mixed,True
24,25,17,8,0.9873000408425007,0.025562585993722634,Ambiguous/Mixed,Tumor/Epithelials,False
24,25,17,9,0.9859294683240005,0.028340920156155275,Ambiguous/Mixed,Ambiguous/Mixed,True
24,25,17,10,0.9909421738439657,0.018198195345097604,Ambiguous/Mixed,Endothelials,False
24,25,17,11,0.9950699722263363,0.009884440901171819,Ambiguous/Mixed,Ambiguous/Mixed,True
24,25,17,12,0.9959370230235527,0.008142506585328736,Ambiguous/Mixed,Ambiguous/Mixed,True
24,25,17,13,0.9762434923198802,0.04808648769604222,Ambiguous/Mixed,Ambiguous/Mixed,True
24,25,17,14,0.9971071723858926,0.005794039853908383,Ambiguous/Mixed,Ambiguous/Mixed,True
24,25,17,15,0.9979372915739209,0.0041296774781702,Ambiguous/Mixed,Ambiguous/Mixed,True
24,25,17,16,0.9983419439482084,0.0033188642960677696,Ambiguous/Mixed,Ambiguous/Mixed,True
24,25,17,17,0.4842926206662678,1.4501319336036922,Ambiguous/Mixed,Ambiguous/Mixed,True
24,25,17,18,0.9987189525482195,0.0025637373890190097,Ambiguous/Mixed,Ambiguous/Mixed,True
24,25,17,19,0.9993016802168162,0.0013971274440301492,Ambiguous/Mixed,Ambiguous/Mixed,True
24,25,17,20,0.7761583242899097,0.5067975069252623,Ambiguous/Mixed,Ambiguous/Mixed,True
24,25,17,21,0.9993212411327975,0.001357978656586604,Ambiguous/Mixed,Ambiguous/Mixed,True
24,25,17,22,0.9980259253991536,0.00395205130843471,Ambiguous/Mixed,Ambiguous/Mixed,True
24,25,17,23,0.9995513759767302,0.0008974493702686771,Ambiguous/Mixed,Ambiguous/Mixed,True
24,25,17,24,0.37011625272204524,1.9878762522943936,Ambiguous/Mixed,Ambiguous/Mixed,True
24,25,17,25,0.6198428105871812,0.9565787287969881,Ambiguous/Mixed,Ambiguous/Mixed,True
24,25,18,1,0.8381117250281842,0.35320772792835486,Ambiguous/Mixed,Ambiguous/Mixed,True
24,25,18,2,0.08240334001126522,4.9922586175418,Ambiguous/Mixed,Tumor/Epithelials,False
24,25,18,3,0.7625653667851909,0.5421340944870316,Ambiguous/Mixed,Ambiguous/Mixed,True
24,25,18,4,0.2370960619781708,2.8785797903330104,Ambiguous/Mixed,Ambiguous/Mixed,True
24,25,18,5,0.24749871792932046,2.792699754140725,Ambiguous/Mixed,Fibroblasts/Stromal,False
24,25,18,6,0.26297084899291995,2.6714241865574375,Ambiguous/Mixed,Fibroblasts/Stromal,False
24,25,18,7,0.7707130924217092,0.5208781972815345,Ambiguous/Mixed,Ambiguous/Mixed,True
24,25,18,8,0.7541341285686531,0.5643700748925372,Ambiguous/Mixed,Tumor/Epithelials,False
24,25,18,9,0.8042986734980483,0.43556918867225336,Ambiguous/Mixed,Ambiguous/Mixed,True
24,25,18,10,0.7928103604348442,0.464342455789557,Ambiguous/Mixed,Endothelials,False
24,25,18,11,0.7586409222236118,0.5524534135598997,Ambiguous/Mixed,Ambiguous/Mixed,True
24,25,18,12,0.8033351580186486,0.43796653955123394,Ambiguous/Mixed,Ambiguous/Mixed,True
24,25,18,13,0.7756743645679617,0.5080449603166303,Ambiguous/Mixed,Ambiguous/Mixed,True
24,25,18,14,0.7879165619681672,0.4767261611155138,Ambiguous/Mixed,Ambiguous/Mixed,True
24,25,18,15,0.7925612871017346,0.464970884676994,Ambiguous/Mixed,Ambiguous/Mixed,True
24,25,18,16,0.7995998509348575,0.4472877255610998,Ambiguous/Mixed,Ambiguous/Mixed,True
24,25,18,17,0.3420061244903224,2.145853268426872,Ambiguous/Mixed,Ambiguous/Mixed,True
24,25,18,18,0.7946590302538921,0.45968429818202505,Ambiguous/Mixed,Ambiguous/Mixed,True
24,25,18,19,0.8053124601617283,0.4330498552095729,Ambiguous/Mixed,Ambiguous/Mixed,True
24,25,18,20,0.9984141637376522,0.0031741900633011043,Ambiguous/Mixed,Ambiguous/Mixed,True
24,25,18,21,0.7935480765085638,0.4624823058771059,Ambiguous/Mixed,Ambiguous/Mixed,True
24,25,18,22,0.7805984143007579,0.495388911245656,Ambiguous/Mixed,Ambiguous/Mixed,True
24,25,18,23,0.7895394155605855,0.47261104364010553,Ambiguous/Mixed,Ambiguous/Mixed,True
24,25,18,24,0.4718401141042867,1.5022301841737087,Ambiguous/Mixed,Ambiguous/Mixed,True
24,25,18,25,0.7733286448202144,0.5141023314815019,Ambiguous/Mixed,Ambiguous/Mixed,True
24,25,19,1,0.9785983999295887,0.04326787037832211,Ambiguous/Mixed,Ambiguous/Mixed,True
24,25,19,2,0.1563364127785231,3.71149020290865,Ambiguous/Mixed,Tumor/Epithelials,False
24,25,19,3,0.9801722181967538,0.04005397980579654,Ambiguous/Mixed,Ambiguous/Mixed,True
24,25,19,4,0.32876496783225356,2.2248243339976654,Ambiguous/Mixed,Ambiguous/Mixed,True
24,25,19,5,0.40664412845314213,1.799633706590654,Ambiguous/Mixed,Fibroblasts/Stromal,False
24,25,19,6,0.33011498660087557,2.2166284819382627,Ambiguous/Mixed,Fibroblasts/Stromal,False
24,25,19,7,0.6155573534686334,0.9704543115677473,Ambiguous/Mixed,Ambiguous/Mixed,True
24,25,19,8,0.9819058348485931,0.036519732836808524,Ambiguous/Mixed,Tumor/Epithelials,False
24,25,19,9,0.9886187778213769,0.02289296786524292,Ambiguous/Mixed,Ambiguous/Mixed,True
24,25,19,10,0.987385119378073,0.02539024756258659,Ambiguous/Mixed,Endothelials,False
24,25,19,11,0.9942389373086901,0.011555443251798667,Ambiguous/Mixed,Ambiguous/Mixed,True
24,25,19,12,0.995916155831807,0.008184411665417791,Ambiguous/Mixed,Ambiguous/Mixed,True
24,25,19,13,0.9716326787945225,0.0575548968392075,Ambiguous/Mixed,Ambiguous/Mixed,True
24,25,19,14,0.9964034982846333,0.007205969352630877,Ambiguous/Mixed,Ambiguous/Mixed,True
24,25,19,15,0.995997035133973,0.008021996350177793,Ambiguous/Mixed,Ambiguous/Mixed,True
24,25,19,16,0.9981215964416545,0.0037603399413591813,Ambiguous/Mixed,Ambiguous/Mixed,True
24,25,19,17,0.4507117182780158,1.5938546989008677,Ambiguous/Mixed,Ambiguous/Mixed,True
24,25,19,18,0.9976607492426818,0.004683982157475487,Ambiguous/Mixed,Ambiguous/Mixed,True
24,25,19,19,0.9978894745010369,0.00422551159304603,Ambiguous/Mixed,Ambiguous/Mixed,True
24,25,19,20,0.8034973346118798,0.43756282206474884,Ambiguous/Mixed,Ambiguous/Mixed,True
24,25,19,21,0.9978563954506512,0.004291810716370116,Ambiguous/Mixed,Ambiguous/Mixed,True
24,25,19,22,0.9963972807190197,0.007218449407193543,Ambiguous/Mixed,Ambiguous/Mixed,True
24,25,19,23,0.9977042359331144,0.004596806746936367,Ambiguous/Mixed,Ambiguous/Mixed,True
24,25,19,24,0.38144206151048954,1.9275926200251934,Ambiguous/Mixed,Ambiguous/Mixed,True
24,25,19,25,0.6182194453878764,0.9618235898589025,Ambiguous/Mixed,Ambiguous/Mixed,True
24,25,20,1,0.9768334741865449,0.046878175080148646,Ambiguous/Mixed,Ambiguous/Mixed,True
24,25,20,2,0.15209599472068275,3.7664868265219336,Ambiguous/Mixed,Tumor/Epithelials,False
24,25,20,3,0.980560806473859,0.03926123897406991,Ambiguous/Mixed,Ambiguous/Mixed,True
24,25,20,4,0.31101083588554196,2.3358550506683526,Ambiguous/Mixed,Ambiguous/Mixed,True
24,25,20,5,0.4012583243640293,1.8262997173490614,Ambiguous/Mixed,Fibroblasts/Stromal,False
24,25,20,6,0.3232882330138718,2.258421982811873,Ambiguous/Mixed,Fibroblasts/Stromal,False
24,25,20,7,0.6180426082036948,0.9623957571752864,Ambiguous/Mixed,Ambiguous/Mixed,True
24,25,20,8,0.9795464178279676,0.04133130682316287,Ambiguous/Mixed,Tumor/Epithelials,False
24,25,20,9,0.9915876626892057,0.016895841441203333,Ambiguous/Mixed,Ambiguous/Mixed,True
24,25,20,10,0.9875505654142959,0.025055156069969747,Ambiguous/Mixed,Endothelials,False
24,25,20,11,0.9942975438007549,0.011437554558001162,Ambiguous/Mixed,Ambiguous/Mixed,True
24,25,20,12,0.9971904876357531,0.005626932903769096,Ambiguous/Mixed,Ambiguous/Mixed,True
24,25,20,13,0.9738915774153395,0.05291059671562511,Ambiguous/Mixed,Ambiguous/Mixed,True
24,25,20,14,0.9982137653386961,0.0035756637614514724,Ambiguous/Mixed,Ambiguous/Mixed,True
24,25,20,15,0.9969073036475552,0.006194977242094842,Ambiguous/Mixed,Ambiguous/Mixed,True
24,25,20,16,0.9955358268213729,0.008948334709249267,Ambiguous/Mixed,Ambiguous/Mixed,True
24,25,20,17,0.47609390612012137,1.484280324886489,Ambiguous/Mixed,Ambiguous/Mixed,True
24,25,20,18,0.9978164744908848,0.004371825753649751,Ambiguous/Mixed,Ambiguous/Mixed,True
24,25,20,19,0.996977212367748,0.006054730964720643,Ambiguous/Mixed,Ambiguous/Mixed,True
24,25,20,20,0.7881625785587677,0.4761017848738072,Ambiguous/Mixed,Ambiguous/Mixed,True
24,25,20,21,0.9973040275758772,0.005399226205393673,Ambiguous/Mixed,Ambiguous/Mixed,True
24,25,20,22,0.9997327900336217,0.0005344913466445863,Ambiguous/Mixed,Ambiguous/Mixed,True
24,25,20,23,0.9983306024678954,0.003341585057834073,Ambiguous/Mixed,Ambiguous/Mixed,True
24,25,20,24,0.37223352580974095,1.9764677282265455,Ambiguous/Mixed,Ambiguous/Mixed,True
24,25,20,25,0.6198573997040492,0.9565316557490121,Ambiguous/Mixed,Ambiguous/Mixed,True
24,25,21,1,0.9692134965624187,0.06254072933985746,Ambiguous/Mixed,Ambiguous/Mixed,True
24,25,21,2,0.1688072153339075,3.557995905729392,Ambiguous/Mixed,Tumor/Epithelials,False
24,25,21,3,0.9790372614194641,0.04237115296375521,Ambiguous/Mixed,Ambiguous/Mixed,True
24,25,21,4,0.3137777899426809,2.3181404378721147,Ambiguous/Mixed,Ambiguous/Mixed,True
24,25,21,5,0.4263010078400327,1.7052191821139862,Ambiguous/Mixed,Fibroblasts/Stromal,False
24,25,21,6,0.34753907549677127,2.1137563456526207,Ambiguous/Mixed,Fibroblasts/Stromal,False
24,25,21,7,0.6102368982011233,0.9878160789987126,Ambiguous/Mixed,Ambiguous/Mixed,True
24,25,21,8,0.9803166036082969,0.03975938917064832,Ambiguous/Mixed,Tumor/Epithelials,False
24,25,21,9,0.9875607493784725,0.025034531482179725,Ambiguous/Mixed,Ambiguous/Mixed,True
24,25,21,10,0.9877331876783867,0.02468534132446757,Ambiguous/Mixed,Endothelials,False
24,25,21,11,0.9917373831320484,0.016593882983223812,Ambiguous/Mixed,Ambiguous/Mixed,True
24,25,21,12,0.9930201613874898,0.014008623262007146,Ambiguous/Mixed,Ambiguous/Mixed,True
24,25,21,13,0.9797355435281284,0.040945194554529045,Ambiguous/Mixed,Ambiguous/Mixed,True
24,25,21,14,0.9965190060209382,0.006974133471035426,Ambiguous/Mixed,Ambiguous/Mixed,True
24,25,21,15,0.9954643311609436,0.00909197238837944,Ambiguous/Mixed,Ambiguous/Mixed,True
24,25,21,16,0.9914907750606519,0.017091270178234756,Ambiguous/Mixed,Ambiguous/Mixed,True
24,25,21,17,0.4704383090881165,1.508180892651448,Ambiguous/Mixed,Ambiguous/Mixed,True
24,25,21,18,0.9940616893724018,0.01191202501690877,Ambiguous/Mixed,Ambiguous/Mixed,True
24,25,21,19,0.994148310830713,0.011737754777130887,Ambiguous/Mixed,Ambiguous/Mixed,True
24,25,21,20,0.7772775448635817,0.5039155835976092,Ambiguous/Mixed,Ambiguous/Mixed,True
24,25,21,21,0.993462295972148,0.013118336835724593,Ambiguous/Mixed,Ambiguous/Mixed,True
24,25,21,22,0.9980111294421611,0.0039817019744018516,Ambiguous/Mixed,Ambiguous/Mixed,True
24,25,21,23,0.9950064659244917,0.01001208685616857,Ambiguous/Mixed,Ambiguous/Mixed,True
24,25,21,24,0.36773210189624866,2.0008011797995966,Ambiguous/Mixed,Ambiguous/Mixed,True
24,25,21,25,0.6119406411390951,0.982239985553173,Ambiguous/Mixed,Ambiguous/Mixed,True
24,25,22,1,0.9741664756305949,0.05234614081216732,Ambiguous/Mixed,Ambiguous/Mixed,True
24,25,22,2,0.1686782492423348,3.5595244586466235,Ambiguous/Mixed,Tumor/Epithelials,False
24,25,22,3,0.9753638925273873,0.04988930901939148,Ambiguous/Mixed,Ambiguous/Mixed,True
24,25,22,4,0.3073740413662597,2.359379794453075,Ambiguous/Mixed,Ambiguous/Mixed,True
24,25,22,5,0.4085700189910503,1.7901839485028166,Ambiguous/Mixed,Fibroblasts/Stromal,False
24,25,22,6,0.3325590936832064,2.2018754186289655,Ambiguous/Mixed,Fibroblasts/Stromal,False
24,25,22,7,0.6446007282388967,0.8782483596965254,Ambiguous/Mixed,Ambiguous/Mixed,True
24,25,22,8,0.9863667430555711,0.0274540863505385,Ambiguous/Mixed,Tumor/Epithelials,False
24,25,22,9,0.9859943131266472,0.02820938403233529,Ambiguous/Mixed,Ambiguous/Mixed,True
24,25,22,10,0.9924006950899804,0.01525665350323252,Ambiguous/Mixed,Endothelials,False
24,25,22,11,0.9925172094509374,0.015021854147905574,Ambiguous/Mixed,Ambiguous/Mixed,True
24,25,22,12,0.995063667786934,0.009897112290219383,Ambiguous/Mixed,Ambiguous/Mixed,True
24,25,22,13,0.9776963849640966,0.04511220393455205,Ambiguous/Mixed,Ambiguous/Mixed,True
24,25,22,14,0.9961276977323542,0.00775963808231855,Ambiguous/Mixed,Ambiguous/Mixed,True
24,25,22,15,0.9972927216750547,0.0054218992611417055,Ambiguous/Mixed,Ambiguous/Mixed,True
24,25,22,16,0.9969800406265993,0.006049057304772004,Ambiguous/Mixed,Ambiguous/Mixed,True
24,25,22,17,0.48146558297673203,1.4618410581187327,Ambiguous/Mixed,Ambiguous/Mixed,True
24,25,22,18,0.9971997724835449,0.005608310976100392,Ambiguous/Mixed,Ambiguous/Mixed,True
24,25,22,19,0.9985409184563435,0.002920294079377063,Ambiguous/Mixed,Ambiguous/Mixed,True
24,25,22,20,0.8054416166485434,0.4327291197504451,Ambiguous/Mixed,Ambiguous/Mixed,True
24,25,22,21,0.9980805318488114,0.0038426253818302364,Ambiguous/Mixed,Ambiguous/Mixed,True
24,25,22,22,0.9974673738102876,0.005071677425293842,Ambiguous/Mixed,Ambiguous/Mixed,True
24,25,22,23,0.9984489261604272,0.003104555999845674,Ambiguous/Mixed,Ambiguous/Mixed,True
24,25,22,24,0.3640736073039408,2.0207984278414086,Ambiguous/Mixed,Ambiguous/Mixed,True
24,25,22,25,0.6460629564610032,0.873716648252118,Ambiguous/Mixed,Ambiguous/Mixed,True
24,25,23,1,0.9815601091572591,0.0372240500081093,Ambiguous/Mixed,Ambiguous/Mixed,True
24,25,23,2,0.14566539512254992,3.852886203457137,Ambiguous/Mixed,Tumor/Epithelials,False
24,25,23,3,0.9760407052149733,0.048501974551679754,Ambiguous/Mixed,Ambiguous/Mixed,True
24,25,23,4,0.298926278248799,2.4151165940668546,Ambiguous/Mixed,Ambiguous/Mixed,True
24,25,23,5,0.3790387680813174,1.9402335773579948,Ambiguous/Mixed,Fibroblasts/Stromal,False
24,25,23,6,0.3015824134102332,2.39742391104503,Ambiguous/Mixed,Fibroblasts/Stromal,False
24,25,23,7,0.6299187281300548,0.9243289417726486,Ambiguous/Mixed,Ambiguous/Mixed,True
24,25,23,8,0.9810196177613917,0.038325643797382764,Ambiguous/Mixed,Tumor/Epithelials,False
24,25,23,9,0.9902700984123196,0.019555092769642665,Ambiguous/Mixed,Ambiguous/Mixed,True
24,25,23,10,0.9877331373258217,0.02468544328027273,Ambiguous/Mixed,Endothelials,False
24,25,23,11,0.9954366932379748,0.009147500860426705,Ambiguous/Mixed,Ambiguous/Mixed,True
24,25,23,12,0.9976952119918002,0.004614896240393383,Ambiguous/Mixed,Ambiguous/Mixed,True
24,25,23,13,0.9691316424051208,0.0627096448868383,Ambiguous/Mixed,Ambiguous/Mixed,True
24,25,23,14,0.9975488706471326,0.004908276576570472,Ambiguous/Mixed,Ambiguous/Mixed,True
24,25,23,15,0.9972044717855566,0.00559888600215092,Ambiguous/Mixed,Ambiguous/Mixed,True
24,25,23,16,0.9983021186094057,0.00339864884966915,Ambiguous/Mixed,Ambiguous/Mixed,True
24,25,23,17,0.4971465665927565,1.3977407875192271,Ambiguous/Mixed,Ambiguous/Mixed,True
24,25,23,18,0.9998862518619243,0.0002275092157717244,Ambiguous/Mixed,Ambiguous/Mixed,True
24,25,23,19,0.9984461410686827,0.003110134844303227,Ambiguous/Mixed,Ambiguous/Mixed,True
24,25,23,20,0.7911783300315288,0.46846377557081126,Ambiguous/Mixed,Ambiguous/Mixed,True
24,25,23,21,0.9996313680602578,0.0007373998023962199,Ambiguous/Mixed,Ambiguous/Mixed,True
24,25,23,22,0.9985696670485015,0.002862713708277671,Ambiguous/Mixed,Ambiguous/Mixed,True
24,25,23,23,0.9995902955860484,0.0008195767314722504,Ambiguous/Mixed,Ambiguous/Mixed,True
24,25,23,24,0.39488949872383633,1.8582986065692029,Ambiguous/Mixed,Ambiguous/Mixed,True
24,25,23,25,0.631978566945733,0.917799596941779,Ambiguous/Mixed,Ambiguous/Mixed,True
24,25,24,1,0.9810406841486567,0.038282696315604756,Ambiguous/Mixed,Ambiguous/Mixed,True
24,25,24,2,0.14891792733068895,3.808719896159041,Ambiguous/Mixed,Tumor/Epithelials,False
24,25,24,3,0.9768124818544927,0.04692115591193784,Ambiguous/Mixed,Ambiguous/Mixed,True
24,25,24,4,0.2973552201100786,2.425655655087295,Ambiguous/Mixed,Ambiguous/Mixed,True
24,25,24,5,0.38606243461391104,1.903512349785246,Ambiguous/Mixed,Fibroblasts/Stromal,False
24,25,24,6,0.3071930863502457,2.360557566664327,Ambiguous/Mixed,Fibroblasts/Stromal,False
24,25,24,7,0.6308460644973947,0.9213868020809441,Ambiguous/Mixed,Ambiguous/Mixed,True
24,25,24,8,0.9817214025360345,0.03689543003552255,Ambiguous/Mixed,Tumor/Epithelials,False
24,25,24,9,0.9896383441681904,0.02083142303215953,Ambiguous/Mixed,Ambiguous/Mixed,True
24,25,24,10,0.989006676460013,0.022108393328601927,Ambiguous/Mixed,Endothelials,False
24,25,24,11,0.9956060587027854,0.008807246056648059,Ambiguous/Mixed,Ambiguous/Mixed,True
24,25,24,12,0.9976838746030768,0.004637623528254908,Ambiguous/Mixed,Ambiguous/Mixed,True
24,25,24,13,0.9705524208715127,0.05977972707726106,Ambiguous/Mixed,Ambiguous/Mixed,True
24,25,24,14,0.9977901574844029,0.004424575641452006,Ambiguous/Mixed,Ambiguous/Mixed,True
24,25,24,15,0.9977264881406868,0.0045522004224877064,Ambiguous/Mixed,Ambiguous/Mixed,True
24,25,24,16,0.9984167201435964,0.0031690691370079268,Ambiguous/Mixed,Ambiguous/Mixed,True
24,25,24,17,0.49226530894619763,1.417474924010014,Ambiguous/Mixed,Ambiguous/Mixed,True
24,25,24,18,0.9998681179651592,0.00026378146408202605,Ambiguous/Mixed,Ambiguous/Mixed,True
24,25,24,19,0.9987594640740918,0.002482612055116743,Ambiguous/Mixed,Ambiguous/Mixed,True
24,25,24,20,0.8005013970829151,0.44503400256807213,Ambiguous/Mixed,Ambiguous/Mixed,True
24,25,24,21,0.9997816567720259,0.000436734136654036,Ambiguous/Mixed,Ambiguous/Mixed,True
24,25,24,22,0.9986268975170911,0.0027480921039335143,Ambiguous/Mixed,Ambiguous/Mixed,True
24,25,24,23,0.9997411982454175,0.0005176704990714267,Ambiguous/Mixed,Ambiguous/Mixed,True
24,25,24,24,0.3882832557567756,1.892040330197281,Ambiguous/Mixed,Ambiguous/Mixed,True
24,25,24,25,0.63260410984954,0.9158209427460281,Ambiguous/Mixed,Ambiguous/Mixed,True
25,26,1,1,0.8910774236918099,0.2306479200190008,Ambiguous/Mixed,Ambiguous/Mixed,True
25,26,1,2,0.2388552650606275,2.863794992023976,Ambiguous/Mixed,Tumor/Epithelials,False
25,26,1,3,0.8258026384649301,0.38279894098832756,Ambiguous/Mixed,Ambiguous/Mixed,True
25,26,1,4,0.14709373524544708,3.8333704813757263,Ambiguous/Mixed,Tumor/Epithelials,False
25,26,1,5,0.9725683799644287,0.055629784746637254,Ambiguous/Mixed,Ambiguous/Mixed,True
25,26,1,6,0.3751239750356338,1.9609974151057452,Ambiguous/Mixed,Endothelials,False
25,26,1,7,0.7836824233729712,0.4875028258479987,Ambiguous/Mixed,Ambiguous/Mixed,True
25,26,1,8,0.2524580889917188,2.7530200564696714,Ambiguous/Mixed,Fibroblasts/Stromal,False
25,26,1,9,0.9841363184457096,0.03198171303833784,Ambiguous/Mixed,Ambiguous/Mixed,True
25,26,1,10,0.9551243737741876,0.09182742532527692,Ambiguous/Mixed,Fibroblasts/Stromal,False
25,26,1,11,0.9580665672330758,0.08567603559155113,Ambiguous/Mixed,Ambiguous/Mixed,True
25,26,1,12,0.9763644866478247,0.04783862569936349,Ambiguous/Mixed,Ambiguous/Mixed,True
25,26,1,13,0.9322001599265157,0.14041544697070463,Ambiguous/Mixed,Ambiguous/Mixed,True
25,26,1,14,0.9791563986541283,0.04212779146741229,Ambiguous/Mixed,Ambiguous/Mixed,True
25,26,1,15,0.7785768203772745,0.5005752302978501,Ambiguous/Mixed,Ambiguous/Mixed,True
25,26,1,16,0.9657052305339434,0.06979327142087352,Ambiguous/Mixed,Tumor/Epithelials,False
25,26,1,17,0.9703891297130024,0.06011624655430854,Ambiguous/Mixed,Ambiguous/Mixed,True
25,26,1,18,0.9816050495356183,0.037132482819952815,Ambiguous/Mixed,Ambiguous/Mixed,True
25,26,1,19,0.8405478921315845,0.3474026944628241,Ambiguous/Mixed,Ambiguous/Mixed,True
25,26,1,20,0.9791418078292183,0.04215759453798021,Ambiguous/Mixed,Ambiguous/Mixed,True
25,26,1,21,0.3829614120712748,1.9196420932988405,Ambiguous/Mixed,Ambiguous/Mixed,True
25,26,1,22,0.9816784202238743,0.036982997145733665,Ambiguous/Mixed,Ambiguous/Mixed,True
25,26,1,23,0.3275747453269246,2.232078039882919,Ambiguous/Mixed,Ambiguous/Mixed,True
25,26,1,24,0.9818597205585448,0.03661366317371635,Ambiguous/Mixed,Ambiguous/Mixed,True
25,26,1,25,0.831116802573024,0.36996987471522097,Ambiguous/Mixed,Ambiguous/Mixed,True
25,26,1,26,0.9819244729211077,0.03648177014228972,Ambiguous/Mixed,Ambiguous/Mixed,True
25,26,2,1,0.21377007442105933,3.0857085203097676,Tumor/Epithelials,Ambiguous/Mixed,False
25,26,2,2,0.5864382002346504,1.0673759737687318,Tumor/Epithelials,Tumor/Epithelials,True
25,26,2,3,0.07631218413541728,5.145845332426822,Tumor/Epithelials,Ambiguous/Mixed,False
25,26,2,4,0.1455844042977617,3.853998524592287,Tumor/Epithelials,Tumor/Epithelials,True
25,26,2,5,0.14412796877409406,3.8741074039980647,Tumor/Epithelials,Ambiguous/Mixed,False
25,26,2,6,0.4419965117440263,1.6329065778348433,Tumor/Epithelials,Endothelials,False
25,26,2,7,0.08904696757568563,4.837182645757328,Tumor/Epithelials,Ambiguous/Mixed,False
25,26,2,8,0.5070530826927129,1.358279162560848,Tumor/Epithelials,Fibroblasts/Stromal,False
25,26,2,9,0.12596909120506009,4.143437420039822,Tumor/Epithelials,Ambiguous/Mixed,False
25,26,2,10,0.20332010126647324,3.1859473766781274,Tumor/Epithelials,Fibroblasts/Stromal,False
25,26,2,11,0.18030222989751823,3.4262415622852873,Tumor/Epithelials,Ambiguous/Mixed,False
25,26,2,12,0.1630022257872277,3.627982846264478,Tumor/Epithelials,Ambiguous/Mixed,False
25,26,2,13,0.26142408371011117,2.6832226969710207,Tumor/Epithelials,Ambiguous/Mixed,False
25,26,2,14,0.15653351046873074,3.708970335044903,Tumor/Epithelials,Ambiguous/Mixed,False
25,26,2,15,0.08979028847901212,4.820556911271293,Tumor/Epithelials,Ambiguous/Mixed,False
25,26,2,16,0.17734037014104503,3.4593687956987753,Tumor/Epithelials,Tumor/Epithelials,True
25,26,2,17,0.16728854707525467,3.576070261485974,Tumor/Epithelials,Ambiguous/Mixed,False
25,26,2,18,0.14558785899916996,3.8539510653821374,Tumor/Epithelials,Ambiguous/Mixed,False
25,26,2,19,0.07614298598423318,5.150284623544828,Tumor/Epithelials,Ambiguous/Mixed,False
25,26,2,20,0.1576792228329971,3.6943850898212367,Tumor/Epithelials,Ambiguous/Mixed,False
25,26,2,21,0.00946183177929128,9.320978560976947,Tumor/Epithelials,Ambiguous/Mixed,False
25,26,2,22,0.14815661230061694,3.818970746974607,Tumor/Epithelials,Ambiguous/Mixed,False
25,26,2,23,0.022134974339455268,7.621192744146741,Tumor/Epithelials,Ambiguous/Mixed,False
25,26,2,24,0.1457937026109783,3.851125304617956,Tumor/Epithelials,Ambiguous/Mixed,False
25,26,2,25,0.09163655645391285,4.7798499979832885,Tumor/Epithelials,Ambiguous/Mixed,False
25,26,2,26,0.14593094977961904,3.849243431726623,Tumor/Epithelials,Ambiguous/Mixed,False
25,26,3,1,0.9856854226661323,0.028836038468011825,Ambiguous/Mixed,Ambiguous/Mixed,True
25,26,3,2,0.3282813889608832,2.227768290409177,Ambiguous/Mixed,Tumor/Epithelials,False
25,26,3,3,0.6945504806543034,0.7289808662039421,Ambiguous/Mixed,Ambiguous/Mixed,True
25,26,3,4,0.22507589725963772,2.982635225007522,Ambiguous/Mixed,Tumor/Epithelials,False
25,26,3,5,0.9778326690901608,0.04483343717114911,Ambiguous/Mixed,Ambiguous/Mixed,True
25,26,3,6,0.5802701251897939,1.0885231015516244,Ambiguous/Mixed,Endothelials,False
25,26,3,7,0.7065307115478472,0.6947772156249437,Ambiguous/Mixed,Ambiguous/Mixed,True
25,26,3,8,0.4919484310793801,1.4187627657252022,Ambiguous/Mixed,Fibroblasts/Stromal,False
25,26,3,9,0.9682313732181433,0.0645683966943568,Ambiguous/Mixed,Ambiguous/Mixed,True
25,26,3,10,0.9585547221378239,0.08465725338765775,Ambiguous/Mixed,Fibroblasts/Stromal,False
25,26,3,11,0.975736310200297,0.04912580609542694,Ambiguous/Mixed,Ambiguous/Mixed,True
25,26,3,12,0.9715472160681223,0.05773082028650397,Ambiguous/Mixed,Ambiguous/Mixed,True
25,26,3,13,0.9582804942092105,0.08522950483242595,Ambiguous/Mixed,Ambiguous/Mixed,True
25,26,3,14,0.9740790813716792,0.0525255725242741,Ambiguous/Mixed,Ambiguous/Mixed,True
25,26,3,15,0.7158253209981851,0.6686382137442957,Ambiguous/Mixed,Ambiguous/Mixed,True
25,26,3,16,0.9721091888582963,0.05657429322871856,Ambiguous/Mixed,Tumor/Epithelials,False
25,26,3,17,0.9819971127531993,0.036333821603703076,Ambiguous/Mixed,Ambiguous/Mixed,True
25,26,3,18,0.976077067395514,0.04842746638202909,Ambiguous/Mixed,Ambiguous/Mixed,True
25,26,3,19,0.7627844858370098,0.5415594878079164,Ambiguous/Mixed,Ambiguous/Mixed,True
25,26,3,20,0.9767740282857278,0.04699989021639818,Ambiguous/Mixed,Ambiguous/Mixed,True
25,26,3,21,0.2110582519507551,3.1112422160238595,Ambiguous/Mixed,Ambiguous/Mixed,True
25,26,3,22,0.9767373590797892,0.047074973896339974,Ambiguous/Mixed,Ambiguous/Mixed,True
25,26,3,23,0.210851783329004,3.113199682032895,Ambiguous/Mixed,Ambiguous/Mixed,True
25,26,3,24,0.9768473346690872,0.04684979688760108,Ambiguous/Mixed,Ambiguous/Mixed,True
25,26,3,25,0.7022502793319169,0.7069308304616092,Ambiguous/Mixed,Ambiguous/Mixed,True
25,26,3,26,0.9772358194311107,0.04605457020274564,Ambiguous/Mixed,Ambiguous/Mixed,True
25,26,4,1,0.3991685346428798,1.8367431173724786,Ambiguous/Mixed,Ambiguous/Mixed,True
25,26,4,2,0.4005912156618373,1.8296275678886336,Ambiguous/Mixed,Tumor/Epithelials,False
25,26,4,3,0.14006266854640284,3.9313306481121093,Ambiguous/Mixed,Ambiguous/Mixed,True
25,26,4,4,0.2930038590014547,2.455138998796746,Ambiguous/Mixed,Tumor/Epithelials,False
25,26,4,5,0.2822733975614234,2.5297583656040192,Ambiguous/Mixed,Ambiguous/Mixed,True
25,26,4,6,0.5560543146409693,1.1737786025991084,Ambiguous/Mixed,Endothelials,False
25,26,4,7,0.21813786816068687,3.0452559866652003,Ambiguous/Mixed,Ambiguous/Mixed,True
25,26,4,8,0.5189710436019477,1.3118143800943844,Ambiguous/Mixed,Fibroblasts/Stromal,False
25,26,4,9,0.2736312577391564,2.5919477072733703,Ambiguous/Mixed,Ambiguous/Mixed,True
25,26,4,10,0.37200740588444786,1.9776830332312627,Ambiguous/Mixed,Fibroblasts/Stromal,False
25,26,4,11,0.2996100595722454,2.41054690245274,Ambiguous/Mixed,Ambiguous/Mixed,True
25,26,4,12,0.31744977459777046,2.2948713268120593,Ambiguous/Mixed,Ambiguous/Mixed,True
25,26,4,13,0.4364931942712184,1.6579649908268994,Ambiguous/Mixed,Ambiguous/Mixed,True
25,26,4,14,0.3043790844236949,2.378962732368328,Ambiguous/Mixed,Ambiguous/Mixed,True
25,26,4,15,0.2116836252144059,3.1053249056874863,Ambiguous/Mixed,Ambiguous/Mixed,True
25,26,4,16,0.3572976815236255,2.0583720057051353,Ambiguous/Mixed,Tumor/Epithelials,False
25,26,4,17,0.32931024638758205,2.2215099488432823,Ambiguous/Mixed,Ambiguous/Mixed,True
25,26,4,18,0.2954155900434118,2.438744268466832,Ambiguous/Mixed,Ambiguous/Mixed,True
25,26,4,19,0.2321255214553558,2.9209540257395243,Ambiguous/Mixed,Ambiguous/Mixed,True
25,26,4,20,0.3093693003744014,2.3464391377222524,Ambiguous/Mixed,Ambiguous/Mixed,True
25,26,4,21,0.0612888253137344,5.584315495405697,Ambiguous/Mixed,Ambiguous/Mixed,True
25,26,4,22,0.2994760411645928,2.4114417214760717,Ambiguous/Mixed,Ambiguous/Mixed,True
25,26,4,23,0.03693450262132123,6.597218268832314,Ambiguous/Mixed,Ambiguous/Mixed,True
25,26,4,24,0.2961244419233015,2.4339510022067086,Ambiguous/Mixed,Ambiguous/Mixed,True
25,26,4,25,0.1635460312125529,3.6213215836011403,Ambiguous/Mixed,Ambiguous/Mixed,True
25,26,4,26,0.2915920639963281,2.464798989188166,Ambiguous/Mixed,Ambiguous/Mixed,True
25,26,5,1,0.6006143453509213,1.0196044773699622,Fibroblasts/Stromal,Ambiguous/Mixed,False
25,26,5,2,0.6279861048368962,0.9304744776292418,Fibroblasts/Stromal,Tumor/Epithelials,False
25,26,5,3,0.23323684278344023,2.9114016981248985,Fibroblasts/Stromal,Ambiguous/Mixed,False
25,26,5,4,0.41261954328578637,1.7704586265738511,Fibroblasts/Stromal,Tumor/Epithelials,False
25,26,5,5,0.4178936001469076,1.745056847925152,Fibroblasts/Stromal,Ambiguous/Mixed,False
25,26,5,6,0.688623913262955,0.7461200026330854,Fibroblasts/Stromal,Endothelials,False
25,26,5,7,0.2560094292509411,2.7250820043388093,Fibroblasts/Stromal,Ambiguous/Mixed,False
25,26,5,8,0.9998542297148059,0.0002915618214296236,Fibroblasts/Stromal,Fibroblasts/Stromal,True
25,26,5,9,0.31642698759599497,2.301325501821424,Fibroblasts/Stromal,Ambiguous/Mixed,False
25,26,5,10,0.4742266005744894,1.4921400224754784,Fibroblasts/Stromal,Fibroblasts/Stromal,True
25,26,5,11,0.4630649684289831,1.5397758283179157,Fibroblasts/Stromal,Ambiguous/Mixed,False
25,26,5,12,0.40405678419338953,1.8123997119275475,Fibroblasts/Stromal,Ambiguous/Mixed,False
25,26,5,13,0.5632126468633781,1.1481960380444167,Fibroblasts/Stromal,Ambiguous/Mixed,False
25,26,5,14,0.391913925520062,1.8734260821146862,Fibroblasts/Stromal,Ambiguous/Mixed,False
25,26,5,15,0.2667435227752157,2.642935342199803,Fibroblasts/Stromal,Ambiguous/Mixed,False
25,26,5,16,0.44011978326495754,1.6414167088517702,Fibroblasts/Stromal,Tumor/Epithelials,False
25,26,5,17,0.4320005605576615,1.6786567863033783,Fibroblasts/Stromal,Ambiguous/Mixed,False
25,26,5,18,0.3808667018569171,1.930611657929385,Fibroblasts/Stromal,Ambiguous/Mixed,False
25,26,5,19,0.23892218489271064,2.8632347325765926,Fibroblasts/Stromal,Ambiguous/Mixed,False
25,26,5,20,0.39815470343096326,1.841829294269876,Fibroblasts/Stromal,Ambiguous/Mixed,False
25,26,5,21,0.06020903399405793,5.6198657431594246,Fibroblasts/Stromal,Ambiguous/Mixed,False
25,26,5,22,0.3864810737953329,1.901344760683309,Fibroblasts/Stromal,Ambiguous/Mixed,False
25,26,5,23,0.07588312236170684,5.157121972167282,Fibroblasts/Stromal,Ambiguous/Mixed,False
25,26,5,24,0.3801970115376733,1.9341314183925538,Fibroblasts/Stromal,Ambiguous/Mixed,False
25,26,5,25,0.2769055505581073,2.5681576073072523,Fibroblasts/Stromal,Ambiguous/Mixed,False
25,26,5,26,0.38083374351279986,1.9307847356495738,Fibroblasts/Stromal,Ambiguous/Mixed,False
25,26,6,1,0.5013095219853622,1.3810631206165405,Fibroblasts/Stromal,Ambiguous/Mixed,False
25,26,6,2,0.6812149276045145,0.7677548334906796,Fibroblasts/Stromal,Tumor/Epithelials,False
25,26,6,3,0.17710135584121484,3.462066156856209,Fibroblasts/Stromal,Ambiguous/Mixed,False
25,26,6,4,0.5967140954823206,1.032634364678811,Fibroblasts/Stromal,Tumor/Epithelials,False
25,26,6,5,0.300183999408514,2.406719321950062,Fibroblasts/Stromal,Ambiguous/Mixed,False
25,26,6,6,0.765810451289699,0.5336411849748238,Fibroblasts/Stromal,Endothelials,False
25,26,6,7,0.19063356214656427,3.314804432900929,Fibroblasts/Stromal,Ambiguous/Mixed,False
25,26,6,8,0.864688263772779,0.29077245141572455,Fibroblasts/Stromal,Fibroblasts/Stromal,True
25,26,6,9,0.26386924295590114,2.6646031807340895,Fibroblasts/Stromal,Ambiguous/Mixed,False
25,26,6,10,0.4050356324830558,1.8075604686121878,Fibroblasts/Stromal,Fibroblasts/Stromal,True
25,26,6,11,0.33062562264600964,2.213537186263996,Fibroblasts/Stromal,Ambiguous/Mixed,False
25,26,6,12,0.32478892202593246,2.249159556678578,Fibroblasts/Stromal,Ambiguous/Mixed,False
25,26,6,13,0.5006846469219067,1.3835576466880644,Fibroblasts/Stromal,Ambiguous/Mixed,False
25,26,6,14,0.3135965628824942,2.3192959015241517,Fibroblasts/Stromal,Ambiguous/Mixed,False
25,26,6,15,0.1882951353353188,3.3394893566064168,Fibroblasts/Stromal,Ambiguous/Mixed,False
25,26,6,16,0.36717192284378963,2.003850172005888,Fibroblasts/Stromal,Tumor/Epithelials,False
25,26,6,17,0.353136884141706,2.0817990468822414,Fibroblasts/Stromal,Ambiguous/Mixed,False
25,26,6,18,0.3015149149769304,2.3978715895898186,Fibroblasts/Stromal,Ambiguous/Mixed,False
25,26,6,19,0.25151054465719785,2.76054072650973,Fibroblasts/Stromal,Ambiguous/Mixed,False
25,26,6,20,0.3203287790270002,2.276814752357049,Fibroblasts/Stromal,Ambiguous/Mixed,False
25,26,6,21,0.054080026705180556,5.834580706877476,Fibroblasts/Stromal,Ambiguous/Mixed,False
25,26,6,22,0.3075221376309765,2.3584164040620537,Fibroblasts/Stromal,Ambiguous/Mixed,False
25,26,6,23,0.04595749152917881,6.160076813851691,Fibroblasts/Stromal,Ambiguous/Mixed,False
25,26,6,24,0.3015574404465485,2.3975895307668194,Fibroblasts/Stromal,Ambiguous/Mixed,False
25,26,6,25,0.20719864810726765,3.1481545863938365,Fibroblasts/Stromal,Ambiguous/Mixed,False
25,26,6,26,0.3008861348552474,2.4020467506404826,Fibroblasts/Stromal,Ambiguous/Mixed,False
25,26,7,1,0.4832578918972368,1.4544096602962537,Ambiguous/Mixed,Ambiguous/Mixed,True
25,26,7,2,0.10651158080125779,4.479003119653,Ambiguous/Mixed,Tumor/Epithelials,False
25,26,7,3,0.7813449223304471,0.49347716945830306,Ambiguous/Mixed,Ambiguous/Mixed,True
25,26,7,4,0.24806511603345302,2.7881280052604,Ambiguous/Mixed,Tumor/Epithelials,False
25,26,7,5,0.6140187105501475,0.9754597561811682,Ambiguous/Mixed,Ambiguous/Mixed,True
25,26,7,6,0.23126572758764283,2.9283757874249035,Ambiguous/Mixed,Endothelials,False
25,26,7,7,0.4739413769154736,1.4933432846585113,Ambiguous/Mixed,Ambiguous/Mixed,True
25,26,7,8,0.1768341819780396,3.4650856209718346,Ambiguous/Mixed,Fibroblasts/Stromal,False
25,26,7,9,0.6269852491976267,0.9336645292531048,Ambiguous/Mixed,Ambiguous/Mixed,True
25,26,7,10,0.645835278306775,0.8744215897109977,Ambiguous/Mixed,Fibroblasts/Stromal,False
25,26,7,11,0.5868155095388122,1.0660896047113795,Ambiguous/Mixed,Ambiguous/Mixed,True
25,26,7,12,0.6217080797955064,0.9505692429961158,Ambiguous/Mixed,Ambiguous/Mixed,True
25,26,7,13,0.5587456046996443,1.1641219987893188,Ambiguous/Mixed,Ambiguous/Mixed,True
25,26,7,14,0.636945012223322,0.9021439003526652,Ambiguous/Mixed,Ambiguous/Mixed,True
25,26,7,15,0.4612986771411839,1.547419112196416,Ambiguous/Mixed,Ambiguous/Mixed,True
25,26,7,16,0.5918789199005905,1.0489063844232378,Ambiguous/Mixed,Tumor/Epithelials,False
25,26,7,17,0.5960975117528194,1.034702029951948,Ambiguous/Mixed,Ambiguous/Mixed,True
25,26,7,18,0.6297942766283086,0.9247241159168578,Ambiguous/Mixed,Ambiguous/Mixed,True
25,26,7,19,0.776450880632119,0.5060437915801664,Ambiguous/Mixed,Ambiguous/Mixed,True
25,26,7,20,0.6359888854691156,0.9051483829444152,Ambiguous/Mixed,Ambiguous/Mixed,True
25,26,7,21,0.41616491383306564,1.7533473395883141,Ambiguous/Mixed,Ambiguous/Mixed,True
25,26,7,22,0.6303914648550272,0.9228285595658727,Ambiguous/Mixed,Ambiguous/Mixed,True
25,26,7,23,0.22738068208331574,2.9622593050699377,Ambiguous/Mixed,Ambiguous/Mixed,True
25,26,7,24,0.6338876771150018,0.9117670113486231,Ambiguous/Mixed,Ambiguous/Mixed,True
25,26,7,25,0.47433254232406946,1.491693274369939,Ambiguous/Mixed,Ambiguous/Mixed,True
25,26,7,26,0.6340097689595761,0.9113818324200603,Ambiguous/Mixed,Ambiguous/Mixed,True
25,26,8,1,0.9219903211064221,0.1624411063920439,Tumor/Epithelials,Ambiguous/Mixed,False
25,26,8,2,0.42709088372339016,1.7015168919154304,Tumor/Epithelials,Tumor/Epithelials,True
25,26,8,3,0.7816185099243235,0.49277699288084864,Tumor/Epithelials,Ambiguous/Mixed,False
25,26,8,4,0.2601918450160936,2.6926721092179378,Tumor/Epithelials,Tumor/Epithelials,True
25,26,8,5,0.9678687688675589,0.0653175404952211,Tumor/Epithelials,Ambiguous/Mixed,False
25,26,8,6,0.5925532456067739,1.0466290880151283,Tumor/Epithelials,Endothelials,False
25,26,8,7,0.7359126037074011,0.6132878245335448,Tumor/Epithelials,Ambiguous/Mixed,False
25,26,8,8,0.4859062348064082,1.4434792123852282,Tumor/Epithelials,Fibroblasts/Stromal,False
25,26,8,9,0.9572029092060056,0.0874797673300528,Tumor/Epithelials,Ambiguous/Mixed,False
25,26,8,10,0.9846801121815076,0.030876899524661296,Tumor/Epithelials,Fibroblasts/Stromal,False
25,26,8,11,0.9788018439747974,0.04285212700325144,Tumor/Epithelials,Ambiguous/Mixed,False
25,26,8,12,0.9901847490143166,0.01972747619593828,Tumor/Epithelials,Ambiguous/Mixed,False
25,26,8,13,0.9841940320461677,0.031864428659808236,Tumor/Epithelials,Ambiguous/Mixed,False
25,26,8,14,0.9863937693147866,0.027399287485602455,Tumor/Epithelials,Ambiguous/Mixed,False
25,26,8,15,0.7339939655442426,0.6185089434615731,Tumor/Epithelials,Ambiguous/Mixed,False
25,26,8,16,0.9925067231560858,0.015042984965885945,Tumor/Epithelials,Tumor/Epithelials,True
25,26,8,17,0.9819654967968268,0.03639821377944341,Tumor/Epithelials,Ambiguous/Mixed,False
25,26,8,18,0.9808470655853685,0.038677456034030305,Tumor/Epithelials,Ambiguous/Mixed,False
25,26,8,19,0.7528913968294562,0.5676685778042452,Tumor/Epithelials,Ambiguous/Mixed,False
25,26,8,20,0.9858969766048473,0.028406832081091002,Tumor/Epithelials,Ambiguous/Mixed,False
25,26,8,21,0.28830487577580605,2.4874735246410378,Tumor/Epithelials,Ambiguous/Mixed,False
25,26,8,22,0.98160208410293,0.037138524836890376,Tumor/Epithelials,Ambiguous/Mixed,False
25,26,8,23,0.31351141967035623,2.319838986383729,Tumor/Epithelials,Ambiguous/Mixed,False
25,26,8,24,0.9802649713117095,0.03986472994760909,Tumor/Epithelials,Ambiguous/Mixed,False
25,26,8,25,0.7767792824782513,0.5051980654055774,Tumor/Epithelials,Ambiguous/Mixed,False
25,26,8,26,0.9793610985420546,0.04170972037238306,Tumor/Epithelials,Ambiguous/Mixed,False
25,26,9,1,0.9290073542244688,0.14727724783851343,Ambiguous/Mixed,Ambiguous/Mixed,True
25,26,9,2,0.30243699264833285,2.391764623944401,Ambiguous/Mixed,Tumor/Epithelials,False
25,26,9,3,0.7732398078488641,0.5143320968599294,Ambiguous/Mixed,Ambiguous/Mixed,True
25,26,9,4,0.16169424392284298,3.6440962205880063,Ambiguous/Mixed,Tumor/Epithelials,False
25,26,9,5,0.9860601600600326,0.028075823962255705,Ambiguous/Mixed,Ambiguous/Mixed,True
25,26,9,6,0.5017426477879015,1.3793358891025225,Ambiguous/Mixed,Endothelials,False
25,26,9,7,0.8013132847550192,0.443006582665296,Ambiguous/Mixed,Ambiguous/Mixed,True
25,26,9,8,0.3179821740191544,2.291519908633453,Ambiguous/Mixed,Fibroblasts/Stromal,False
25,26,9,9,0.9999518624533756,9.62774105465845e-05,Ambiguous/Mixed,Ambiguous/Mixed,True
25,26,9,10,0.9641204990994183,0.07307798623507415,Ambiguous/Mixed,Fibroblasts/Stromal,False
25,26,9,11,0.9741725046996234,0.05233376294755682,Ambiguous/Mixed,Ambiguous/Mixed,True
25,26,9,12,0.983094555510199,0.03409994541600871,Ambiguous/Mixed,Ambiguous/Mixed,True
25,26,9,13,0.9555247916833398,0.09098913869002523,Ambiguous/Mixed,Ambiguous/Mixed,True
25,26,9,14,0.9863854749113172,0.027416105187823645,Ambiguous/Mixed,Ambiguous/Mixed,True
25,26,9,15,0.8058264069454419,0.4317738713409216,Ambiguous/Mixed,Ambiguous/Mixed,True
25,26,9,16,0.9771525820607462,0.046224930138061254,Ambiguous/Mixed,Tumor/Epithelials,False
25,26,9,17,0.9879887084579339,0.024168019971757902,Ambiguous/Mixed,Ambiguous/Mixed,True
25,26,9,18,0.9897002947073872,0.020706228610143665,Ambiguous/Mixed,Ambiguous/Mixed,True
25,26,9,19,0.8052609654994458,0.433177746708289,Ambiguous/Mixed,Ambiguous/Mixed,True
25,26,9,20,0.9876226483090171,0.024909178199770846,Ambiguous/Mixed,Ambiguous/Mixed,True
25,26,9,21,0.2912788429007876,2.4669484951730016,Ambiguous/Mixed,Ambiguous/Mixed,True
25,26,9,22,0.9901206053239939,0.0198570394275977,Ambiguous/Mixed,Ambiguous/Mixed,True
25,26,9,23,0.2692259955741448,2.62440823969593,Ambiguous/Mixed,Ambiguous/Mixed,True
25,26,9,24,0.9903752309597802,0.019342772984771894,Ambiguous/Mixed,Ambiguous/Mixed,True
25,26,9,25,0.7600624399428465,0.5487093825139885,Ambiguous/Mixed,Ambiguous/Mixed,True
25,26,9,26,0.9906553924571361,0.0187770846084048,Ambiguous/Mixed,Ambiguous/Mixed,True
25,26,10,1,0.9272935625651495,0.15097016665514945,Endothelials,Ambiguous/Mixed,False
25,26,10,2,0.38985101163808966,1.8839812685760415,Endothelials,Tumor/Epithelials,False
25,26,10,3,0.7471007535645555,0.5831104506960503,Endothelials,Ambiguous/Mixed,False
25,26,10,4,0.2334259314301938,2.9097809246880586,Endothelials,Tumor/Epithelials,False
25,26,10,5,0.9801759078651318,0.0400464512075258,Endothelials,Ambiguous/Mixed,False
25,26,10,6,0.5738862411289077,1.11064817698124,Endothelials,Endothelials,True
25,26,10,7,0.7765585758654221,0.5057664069627703,Endothelials,Ambiguous/Mixed,False
25,26,10,8,0.46624356222237257,1.5260942313707881,Endothelials,Fibroblasts/Stromal,False
25,26,10,9,0.971896293698598,0.0570123478792013,Endothelials,Ambiguous/Mixed,False
25,26,10,10,0.9899337149061669,0.02023458547059779,Endothelials,Fibroblasts/Stromal,False
25,26,10,11,0.9832026023493299,0.03388014783595764,Endothelials,Ambiguous/Mixed,False
25,26,10,12,0.9898119833007119,0.02048053949533684,Endothelials,Ambiguous/Mixed,False
25,26,10,13,0.9873657347748096,0.0254295124718248,Endothelials,Ambiguous/Mixed,False
25,26,10,14,0.9906031309688856,0.018882596307447794,Endothelials,Ambiguous/Mixed,False
25,26,10,15,0.7825639463547261,0.49035927865130785,Endothelials,Ambiguous/Mixed,False
25,26,10,16,0.9897962976192218,0.02051223401114883,Endothelials,Tumor/Epithelials,False
25,26,10,17,0.9864576803512006,0.027269706444014795,Endothelials,Ambiguous/Mixed,False
25,26,10,18,0.9880976790293737,0.023947441413572572,Endothelials,Ambiguous/Mixed,False
25,26,10,19,0.7908837396227799,0.4692086020041205,Endothelials,Ambiguous/Mixed,False
25,26,10,20,0.9904032278905579,0.01928623575688675,Endothelials,Ambiguous/Mixed,False
25,26,10,21,0.2865145906324549,2.499931633920391,Endothelials,Ambiguous/Mixed,False
25,26,10,22,0.9880729911388322,0.02399741258441439,Endothelials,Ambiguous/Mixed,False
25,26,10,23,0.2962852546252903,2.432865181317039,Endothelials,Ambiguous/Mixed,False
25,26,10,24,0.9877686978551271,0.02461344025061028,Endothelials,Ambiguous/Mixed,False
25,26,10,25,0.7907521154541053,0.4695414830994903,Endothelials,Ambiguous/Mixed,False
25,26,10,26,0.9878988936301801,0.024349841706396452,Endothelials,Ambiguous/Mixed,False
25,26,11,1,0.9426485437437265,0.11812353196873454,Ambiguous/Mixed,Ambiguous/Mixed,True
25,26,11,2,0.3081406014498275,2.3543982039168947,Ambiguous/Mixed,Tumor/Epithelials,False
25,26,11,3,0.7820359138102023,0.4917092278057589,Ambiguous/Mixed,Ambiguous/Mixed,True
25,26,11,4,0.18057599814385777,3.423207094948832,Ambiguous/Mixed,Tumor/Epithelials,False
25,26,11,5,0.9985112156544212,0.0029797873723504025,Ambiguous/Mixed,Ambiguous/Mixed,True
25,26,11,6,0.4644312850091396,1.533883329826681,Ambiguous/Mixed,Endothelials,False
25,26,11,7,0.7917880236398649,0.4669231398218052,Ambiguous/Mixed,Ambiguous/Mixed,True
25,26,11,8,0.42749039533162686,1.6996469158364647,Ambiguous/Mixed,Fibroblasts/Stromal,False
25,26,11,9,0.9828717165536224,0.03455333866226613,Ambiguous/Mixed,Ambiguous/Mixed,True
25,26,11,10,0.9780117314093659,0.04446722742632532,Ambiguous/Mixed,Fibroblasts/Stromal,False
25,26,11,11,0.9974485316032228,0.005109457879125135,Ambiguous/Mixed,Ambiguous/Mixed,True
25,26,11,12,0.9934416744562569,0.013159851707502598,Ambiguous/Mixed,Ambiguous/Mixed,True
25,26,11,13,0.968352777398137,0.06431763727320991,Ambiguous/Mixed,Ambiguous/Mixed,True
25,26,11,14,0.9946755670685451,0.010677316482833253,Ambiguous/Mixed,Ambiguous/Mixed,True
25,26,11,15,0.798633636483506,0.4497059318536577,Ambiguous/Mixed,Ambiguous/Mixed,True
25,26,11,16,0.9879618491031811,0.024222392495709164,Ambiguous/Mixed,Tumor/Epithelials,False
25,26,11,17,0.991897016926718,0.016271981336409384,Ambiguous/Mixed,Ambiguous/Mixed,True
25,26,11,18,0.9956886885025401,0.008641263999158901,Ambiguous/Mixed,Ambiguous/Mixed,True
25,26,11,19,0.7592015763643274,0.5509759106787102,Ambiguous/Mixed,Ambiguous/Mixed,True
25,26,11,20,0.9949656790315675,0.010094071708134082,Ambiguous/Mixed,Ambiguous/Mixed,True
25,26,11,21,0.2810915918546918,2.538149426195233,Ambiguous/Mixed,Ambiguous/Mixed,True
25,26,11,22,0.9958453457951388,0.008326617520165402,Ambiguous/Mixed,Ambiguous/Mixed,True
25,26,11,23,0.29274366428739584,2.456915837593858,Ambiguous/Mixed,Ambiguous/Mixed,True
25,26,11,24,0.9957235374534492,0.008571265531823018,Ambiguous/Mixed,Ambiguous/Mixed,True
25,26,11,25,0.7682109126409712,0.5273819154052779,Ambiguous/Mixed,Ambiguous/Mixed,True
25,26,11,26,0.995981973508618,0.00805224089651092,Ambiguous/Mixed,Ambiguous/Mixed,True
25,26,12,1,0.9370055056764368,0.13013224181131103,Ambiguous/Mixed,Ambiguous/Mixed,True
25,26,12,2,0.2937077552762375,2.45034007138251,Ambiguous/Mixed,Tumor/Epithelials,False
25,26,12,3,0.7837157925022987,0.4874176678351985,Ambiguous/Mixed,Ambiguous/Mixed,True
25,26,12,4,0.17308236142985967,3.5079754402882224,Ambiguous/Mixed,Tumor/Epithelials,False
25,26,12,5,0.9934288390662463,0.013185692123218136,Ambiguous/Mixed,Ambiguous/Mixed,True
25,26,12,6,0.4675335959554826,1.5205681396580752,Ambiguous/Mixed,Endothelials,False
25,26,12,7,0.7679809156822139,0.5279807910306659,Ambiguous/Mixed,Ambiguous/Mixed,True
25,26,12,8,0.3489764997998907,2.1055013897276,Ambiguous/Mixed,Fibroblasts/Stromal,False
25,26,12,9,0.994623047743129,0.010782920186645733,Ambiguous/Mixed,Ambiguous/Mixed,True
25,26,12,10,0.9775630517546521,0.045384972258074315,Ambiguous/Mixed,Fibroblasts/Stromal,False
25,26,12,11,0.9871346533679641,0.025897643872128596,Ambiguous/Mixed,Ambiguous/Mixed,True
25,26,12,12,0.9936294215106078,0.012781914440354387,Ambiguous/Mixed,Ambiguous/Mixed,True
25,26,12,13,0.9651007509061333,0.0710455560178131,Ambiguous/Mixed,Ambiguous/Mixed,True
25,26,12,14,0.9959582854748176,0.008099808656024967,Ambiguous/Mixed,Ambiguous/Mixed,True
25,26,12,15,0.7719362612310935,0.5177065910760918,Ambiguous/Mixed,Ambiguous/Mixed,True
25,26,12,16,0.987745680209585,0.02466004612865145,Ambiguous/Mixed,Tumor/Epithelials,False
25,26,12,17,0.9939814628399736,0.012073443107622659,Ambiguous/Mixed,Ambiguous/Mixed,True
25,26,12,18,0.9976210032983999,0.004763662020705906,Ambiguous/Mixed,Ambiguous/Mixed,True
25,26,12,19,0.8039953777827892,0.43632351769215616,Ambiguous/Mixed,Ambiguous/Mixed,True
25,26,12,20,0.9967673836625337,0.00647570505820621,Ambiguous/Mixed,Ambiguous/Mixed,True
25,26,12,21,0.2952967972297944,2.43954867221917,Ambiguous/Mixed,Ambiguous/Mixed,True
25,26,12,22,0.9978388571868678,0.004326962904582318,Ambiguous/Mixed,Ambiguous/Mixed,True
25,26,12,23,0.28864289084176836,2.485130053538844,Ambiguous/Mixed,Ambiguous/Mixed,True
25,26,12,24,0.9979881911567381,0.00402767049791252,Ambiguous/Mixed,Ambiguous/Mixed,True
25,26,12,25,0.7928870181721017,0.46414908285887946,Ambiguous/Mixed,Ambiguous/Mixed,True
25,26,12,26,0.998264750173266,0.003473514233300036,Ambiguous/Mixed,Ambiguous/Mixed,True
25,26,13,1,0.929858779585285,0.14544510854699166,Ambiguous/Mixed,Ambiguous/Mixed,True
25,26,13,2,0.4840145256147935,1.4512807222300628,Ambiguous/Mixed,Tumor/Epithelials,False
25,26,13,3,0.7031021303034404,0.7045062398179794,Ambiguous/Mixed,Ambiguous/Mixed,True
25,26,13,4,0.28340753077050795,2.521738758282078,Ambiguous/Mixed,Tumor/Epithelials,False
25,26,13,5,0.9593590945994173,0.08297965452636222,Ambiguous/Mixed,Ambiguous/Mixed,True
25,26,13,6,0.6792490948735186,0.7735347264292677,Ambiguous/Mixed,Endothelials,False
25,26,13,7,0.7594560248422957,0.5503057175287938,Ambiguous/Mixed,Ambiguous/Mixed,True
25,26,13,8,0.5604759295593855,1.1579379639567116,Ambiguous/Mixed,Fibroblasts/Stromal,False
25,26,13,9,0.9525102429901612,0.09730883648731573,Ambiguous/Mixed,Ambiguous/Mixed,True
25,26,13,10,0.9872171077349724,0.025730592855829324,Ambiguous/Mixed,Fibroblasts/Stromal,False
25,26,13,11,0.9670913524433282,0.0669246360782241,Ambiguous/Mixed,Ambiguous/Mixed,True
25,26,13,12,0.9753460696761176,0.04992585540837907,Ambiguous/Mixed,Ambiguous/Mixed,True
25,26,13,13,0.999419935241085,0.0011604661231295053,Ambiguous/Mixed,Ambiguous/Mixed,True
25,26,13,14,0.9734198322852973,0.053879615100503306,Ambiguous/Mixed,Ambiguous/Mixed,True
25,26,13,15,0.7647804547180874,0.5363329472819075,Ambiguous/Mixed,Ambiguous/Mixed,True
25,26,13,16,0.978226358564769,0.044028370505249735,Ambiguous/Mixed,Tumor/Epithelials,False
25,26,13,17,0.9780936362033833,0.04429974198219477,Ambiguous/Mixed,Ambiguous/Mixed,True
25,26,13,18,0.9693190163094837,0.062322998150994666,Ambiguous/Mixed,Ambiguous/Mixed,True
25,26,13,19,0.7709674690134599,0.5202181990940438,Ambiguous/Mixed,Ambiguous/Mixed,True
25,26,13,20,0.9743951667192833,0.05187668460453583,Ambiguous/Mixed,Ambiguous/Mixed,True
25,26,13,21,0.25766555467944047,2.712185669351722,Ambiguous/Mixed,Ambiguous/Mixed,True
25,26,13,22,0.9701615111032212,0.060585430106724,Ambiguous/Mixed,Ambiguous/Mixed,True
25,26,13,23,0.27614940357724826,2.573626484830959,Ambiguous/Mixed,Ambiguous/Mixed,True
25,26,13,24,0.9690817887262163,0.06281253072616794,Ambiguous/Mixed,Ambiguous/Mixed,True
25,26,13,25,0.7286138336115747,0.6332228160449656,Ambiguous/Mixed,Ambiguous/Mixed,True
25,26,13,26,0.9690444783953605,0.06288953361600741,Ambiguous/Mixed,Ambiguous/Mixed,True
25,26,14,1,0.9532864314010456,0.09567972575534495,Ambiguous/Mixed,Ambiguous/Mixed,True
25,26,14,2,0.3147159682690688,2.312169469912795,Ambiguous/Mixed,Tumor/Epithelials,False
25,26,14,3,0.7747539550128694,0.5104195548763175,Ambiguous/Mixed,Ambiguous/Mixed,True
25,26,14,4,0.19349645490279319,3.284992175191856,Ambiguous/Mixed,Tumor/Epithelials,False
25,26,14,5,0.9953315345872591,0.009358793464645907,Ambiguous/Mixed,Ambiguous/Mixed,True
25,26,14,6,0.5037876807209618,1.3712007361600476,Ambiguous/Mixed,Endothelials,False
25,26,14,7,0.7797750171079256,0.4974996810208539,Ambiguous/Mixed,Ambiguous/Mixed,True
25,26,14,8,0.4051889543617087,1.806803533397076,Ambiguous/Mixed,Fibroblasts/Stromal,False
25,26,14,9,0.9902370026073057,0.01962193586250484,Ambiguous/Mixed,Ambiguous/Mixed,True
25,26,14,10,0.9803610668811689,0.039668679160433276,Ambiguous/Mixed,Fibroblasts/Stromal,False
25,26,14,11,0.9920092618783827,0.016045670339799003,Ambiguous/Mixed,Ambiguous/Mixed,True
25,26,14,12,0.9949683653562001,0.010088671881662096,Ambiguous/Mixed,Ambiguous/Mixed,True
25,26,14,13,0.9732989367220285,0.05412802399314653,Ambiguous/Mixed,Ambiguous/Mixed,True
25,26,14,14,0.9967470743375404,0.006516455853692149,Ambiguous/Mixed,Ambiguous/Mixed,True
25,26,14,15,0.7860431812897927,0.4814871000684854,Ambiguous/Mixed,Ambiguous/Mixed,True
25,26,14,16,0.9896548109887869,0.0207981448478664,Ambiguous/Mixed,Tumor/Epithelials,False
25,26,14,17,0.9965619723333727,0.006887902529276792,Ambiguous/Mixed,Ambiguous/Mixed,True
25,26,14,18,0.9977086688211889,0.00458792058996313,Ambiguous/Mixed,Ambiguous/Mixed,True
25,26,14,19,0.7878027978402353,0.47701495398315574,Ambiguous/Mixed,Ambiguous/Mixed,True
25,26,14,20,0.9975218989246291,0.0049623532998957914,Ambiguous/Mixed,Ambiguous/Mixed,True
25,26,14,21,0.2775311515728027,2.5636441883521734,Ambiguous/Mixed,Ambiguous/Mixed,True
25,26,14,22,0.9979293614250387,0.004145570621873498,Ambiguous/Mixed,Ambiguous/Mixed,True
25,26,14,23,0.28322160982786543,2.5230512283687268,Ambiguous/Mixed,Ambiguous/Mixed,True
25,26,14,24,0.9979360507989083,0.0041321641590357,Ambiguous/Mixed,Ambiguous/Mixed,True
25,26,14,25,0.7647365804543287,0.5364476874587396,Ambiguous/Mixed,Ambiguous/Mixed,True
25,26,14,26,0.998335562095185,0.0033316492410657445,Ambiguous/Mixed,Ambiguous/Mixed,True
25,26,15,1,0.9396463816309272,0.12450332849907376,Ambiguous/Mixed,Ambiguous/Mixed,True
25,26,15,2,0.336833231594537,2.176334665703068,Ambiguous/Mixed,Tumor/Epithelials,False
25,26,15,3,0.7705427226861065,0.5213203555128327,Ambiguous/Mixed,Ambiguous/Mixed,True
25,26,15,4,0.20174362962344983,3.2015150958537637,Ambiguous/Mixed,Tumor/Epithelials,False
25,26,15,5,0.9930246973357346,0.013999487620936751,Ambiguous/Mixed,Ambiguous/Mixed,True
25,26,15,6,0.5183021856937341,1.3143936735033959,Ambiguous/Mixed,Endothelials,False
25,26,15,7,0.7913409807973255,0.46805265700750165,Ambiguous/Mixed,Ambiguous/Mixed,True
25,26,15,8,0.4176929795716652,1.7460172299320769,Ambiguous/Mixed,Fibroblasts/Stromal,False
25,26,15,9,0.9868946730693356,0.02638391891697587,Ambiguous/Mixed,Ambiguous/Mixed,True
25,26,15,10,0.9875006908617586,0.025156165200521413,Ambiguous/Mixed,Fibroblasts/Stromal,False
25,26,15,11,0.9907841790734414,0.01851709865003973,Ambiguous/Mixed,Ambiguous/Mixed,True
25,26,15,12,0.9965038852975521,0.007004480786065775,Ambiguous/Mixed,Ambiguous/Mixed,True
25,26,15,13,0.9812253645064689,0.037906232872262684,Ambiguous/Mixed,Ambiguous/Mixed,True
25,26,15,14,0.9977506793928932,0.004503708257102447,Ambiguous/Mixed,Ambiguous/Mixed,True
25,26,15,15,0.7966044437557656,0.4547940596944663,Ambiguous/Mixed,Ambiguous/Mixed,True
25,26,15,16,0.9921017065384187,0.01585930040066867,Ambiguous/Mixed,Tumor/Epithelials,False
25,26,15,17,0.9949313759362663,0.010163026220567566,Ambiguous/Mixed,Ambiguous/Mixed,True
25,26,15,18,0.9975116379932004,0.004982926250152321,Ambiguous/Mixed,Ambiguous/Mixed,True
25,26,15,19,0.7917046286725555,0.46713380064745463,Ambiguous/Mixed,Ambiguous/Mixed,True
25,26,15,20,0.9979186296154597,0.004167078892297408,Ambiguous/Mixed,Ambiguous/Mixed,True
25,26,15,21,0.2978202749026796,2.4225301575414875,Ambiguous/Mixed,Ambiguous/Mixed,True
25,26,15,22,0.9976048104762858,0.004796125157465122,Ambiguous/Mixed,Ambiguous/Mixed,True
25,26,15,23,0.30241950950398894,2.391880242404558,Ambiguous/Mixed,Ambiguous/Mixed,True
25,26,15,24,0.9974259399940735,0.0051547571888749776,Ambiguous/Mixed,Ambiguous/Mixed,True
25,26,15,25,0.7923463110733064,0.4655134425648963,Ambiguous/Mixed,Ambiguous/Mixed,True
25,26,15,26,0.997741654348849,0.004521799118974833,Ambiguous/Mixed,Ambiguous/Mixed,True
25,26,16,1,0.9313012910842837,0.14234486626137713,Ambiguous/Mixed,Ambiguous/Mixed,True
25,26,16,2,0.3306846582149563,2.2131801038425545,Ambiguous/Mixed,Tumor/Epithelials,False
25,26,16,3,0.7887859766486253,0.47452050786822986,Ambiguous/Mixed,Ambiguous/Mixed,True
25,26,16,4,0.20719279318941136,3.1482111022121977,Ambiguous/Mixed,Tumor/Epithelials,False
25,26,16,5,0.9902820227012267,0.019531010012556763,Ambiguous/Mixed,Ambiguous/Mixed,True
25,26,16,6,0.5124083901848508,1.3372666696124804,Ambiguous/Mixed,Endothelials,False
25,26,16,7,0.7813473027691017,0.49347107628495435,Ambiguous/Mixed,Ambiguous/Mixed,True
25,26,16,8,0.4025303520705155,1.819969552191558,Ambiguous/Mixed,Fibroblasts/Stromal,False
25,26,16,9,0.984884173372277,0.030462470418698588,Ambiguous/Mixed,Ambiguous/Mixed,True
25,26,16,10,0.9880608673512463,0.02402195300212728,Ambiguous/Mixed,Fibroblasts/Stromal,False
25,26,16,11,0.9903936769082619,0.019305522907978236,Ambiguous/Mixed,Ambiguous/Mixed,True
25,26,16,12,0.9989089479423473,0.0021832953764619905,Ambiguous/Mixed,Ambiguous/Mixed,True
25,26,16,13,0.9762054349462348,0.04816445618601131,Ambiguous/Mixed,Ambiguous/Mixed,True
25,26,16,14,0.9990180626249193,0.0019648395828251288,Ambiguous/Mixed,Ambiguous/Mixed,True
25,26,16,15,0.7830185820394416,0.4891977028435824,Ambiguous/Mixed,Ambiguous/Mixed,True
25,26,16,16,0.9977991624655022,0.004406525873377269,Ambiguous/Mixed,Tumor/Epithelials,False
25,26,16,17,0.9928684084573531,0.01431428579058296,Ambiguous/Mixed,Ambiguous/Mixed,True
25,26,16,18,0.998109195551467,0.003785188551524505,Ambiguous/Mixed,Ambiguous/Mixed,True
25,26,16,19,0.8006139960150799,0.4447527013381025,Ambiguous/Mixed,Ambiguous/Mixed,True
25,26,16,20,0.9989411298897538,0.0021188622185061923,Ambiguous/Mixed,Ambiguous/Mixed,True
25,26,16,21,0.3119723332952005,2.329681540880881,Ambiguous/Mixed,Ambiguous/Mixed,True
25,26,16,22,0.9981928864902059,0.0036174966184433967,Ambiguous/Mixed,Ambiguous/Mixed,True
25,26,16,23,0.30225871535453874,2.3929439099661134,Ambiguous/Mixed,Ambiguous/Mixed,True
25,26,16,24,0.9979919981635716,0.004020041149978242,Ambiguous/Mixed,Ambiguous/Mixed,True
25,26,16,25,0.7892420376813543,0.4733644801138809,Ambiguous/Mixed,Ambiguous/Mixed,True
25,26,16,26,0.9973169985774081,0.0053732142435002,Ambiguous/Mixed,Ambiguous/Mixed,True
25,26,17,1,0.3041725666362146,2.38032017044313,Ambiguous/Mixed,Ambiguous/Mixed,True
25,26,17,2,0.10725403319080164,4.46511023274488,Ambiguous/Mixed,Tumor/Epithelials,False
25,26,17,3,0.5971999237919073,1.0310066818522126,Ambiguous/Mixed,Ambiguous/Mixed,True
25,26,17,4,0.11256691457616856,4.368414875852441,Ambiguous/Mixed,Tumor/Epithelials,False
25,26,17,5,0.47233930984572997,1.5001153497458677,Ambiguous/Mixed,Ambiguous/Mixed,True
25,26,17,6,0.19069326723659827,3.3141781450457737,Ambiguous/Mixed,Endothelials,False
25,26,17,7,0.6320923477979841,0.9174395511524764,Ambiguous/Mixed,Ambiguous/Mixed,True
25,26,17,8,0.168287703687078,3.564160484651439,Ambiguous/Mixed,Fibroblasts/Stromal,False
25,26,17,9,0.4773486063492172,1.479016448199756,Ambiguous/Mixed,Ambiguous/Mixed,True
25,26,17,10,0.4667700172152433,1.5238372222110326,Ambiguous/Mixed,Fibroblasts/Stromal,False
25,26,17,11,0.4334338408956277,1.6720322211325858,Ambiguous/Mixed,Ambiguous/Mixed,True
25,26,17,12,0.5098718249040809,1.347191817136704,Ambiguous/Mixed,Ambiguous/Mixed,True
25,26,17,13,0.4329926379639485,1.6740691070338363,Ambiguous/Mixed,Ambiguous/Mixed,True
25,26,17,14,0.4968539193038761,1.3989184420636187,Ambiguous/Mixed,Ambiguous/Mixed,True
25,26,17,15,0.5997408474350384,1.022515276024622,Ambiguous/Mixed,Ambiguous/Mixed,True
25,26,17,16,0.4732856014348153,1.4961125283579264,Ambiguous/Mixed,Tumor/Epithelials,False
25,26,17,17,0.45705027946493915,1.5659237468574807,Ambiguous/Mixed,Ambiguous/Mixed,True
25,26,17,18,0.499280765502729,1.3891733702884796,Ambiguous/Mixed,Ambiguous/Mixed,True
25,26,17,19,0.3425769814651908,2.1425177662666988,Ambiguous/Mixed,Ambiguous/Mixed,True
25,26,17,20,0.48413579847287286,1.450779672524469,Ambiguous/Mixed,Ambiguous/Mixed,True
25,26,17,21,0.4977672052566663,1.3952455411492373,Ambiguous/Mixed,Ambiguous/Mixed,True
25,26,17,22,0.4983820498081097,1.392776655582562,Ambiguous/Mixed,Ambiguous/Mixed,True
25,26,17,23,0.5447396507169467,1.2148946071256959,Ambiguous/Mixed,Ambiguous/Mixed,True
25,26,17,24,0.49161302034251547,1.4201268319942963,Ambiguous/Mixed,Ambiguous/Mixed,True
25,26,17,25,0.610950150108149,0.9854798210466899,Ambiguous/Mixed,Ambiguous/Mixed,True
25,26,17,26,0.49364613550670244,1.4118726867253786,Ambiguous/Mixed,Ambiguous/Mixed,True
25,26,18,1,0.9346347278975502,0.13519898274650374,Ambiguous/Mixed,Ambiguous/Mixed,True
25,26,18,2,0.30166889903501515,2.396850447723258,Ambiguous/Mixed,Tumor/Epithelials,False
25,26,18,3,0.7923043718681594,0.46561930616148134,Ambiguous/Mixed,Ambiguous/Mixed,True
25,26,18,4,0.18604912619919828,3.3634890415835654,Ambiguous/Mixed,Tumor/Epithelials,False
25,26,18,5,0.9944688112934579,0.011093084745973623,Ambiguous/Mixed,Ambiguous/Mixed,True
25,26,18,6,0.4785182475227993,1.4741218679447141,Ambiguous/Mixed,Endothelials,False
25,26,18,7,0.7930808386419911,0.4636602445258161,Ambiguous/Mixed,Ambiguous/Mixed,True
25,26,18,8,0.3797249996370362,1.9366159468278283,Ambiguous/Mixed,Fibroblasts/Stromal,False
25,26,18,9,0.9894638688314761,0.02118405835542945,Ambiguous/Mixed,Ambiguous/Mixed,True
25,26,18,10,0.9841136688086716,0.03202774303896941,Ambiguous/Mixed,Fibroblasts/Stromal,False
25,26,18,11,0.9913431873907186,0.01738900094742803,Ambiguous/Mixed,Ambiguous/Mixed,True
25,26,18,12,0.9981985997184109,0.0036060495085065035,Ambiguous/Mixed,Ambiguous/Mixed,True
25,26,18,13,0.9711503195834564,0.058548027253423555,Ambiguous/Mixed,Ambiguous/Mixed,True
25,26,18,14,0.9994619978086033,0.001076293933008404,Ambiguous/Mixed,Ambiguous/Mixed,True
25,26,18,15,0.7975720559988837,0.4523661921099355,Ambiguous/Mixed,Ambiguous/Mixed,True
25,26,18,16,0.9933729812695785,0.013298149835126597,Ambiguous/Mixed,Tumor/Epithelials,False
25,26,18,17,0.9942975449860064,0.011437552173902722,Ambiguous/Mixed,Ambiguous/Mixed,True
25,26,18,18,0.9999834952320817,3.300980824682596e-05,Ambiguous/Mixed,Ambiguous/Mixed,True
25,26,18,19,0.7954002518855788,0.4578196590614514,Ambiguous/Mixed,Ambiguous/Mixed,True
25,26,18,20,0.9994212433911578,0.00115784830619276,Ambiguous/Mixed,Ambiguous/Mixed,True
25,26,18,21,0.3137027284622475,2.3186189322864577,Ambiguous/Mixed,Ambiguous/Mixed,True
25,26,18,22,0.999818015181287,0.00036400275991885347,Ambiguous/Mixed,Ambiguous/Mixed,True
25,26,18,23,0.3145624225860283,2.31314548109207,Ambiguous/Mixed,Ambiguous/Mixed,True
25,26,18,24,0.9999085177708561,0.00018297282779660448,Ambiguous/Mixed,Ambiguous/Mixed,True
25,26,18,25,0.7970996130785173,0.45355124591969465,Ambiguous/Mixed,Ambiguous/Mixed,True
25,26,18,26,0.9998451290453956,0.0003097658966980405,Ambiguous/Mixed,Ambiguous/Mixed,True
25,26,19,1,0.9365883846015877,0.13102276794700163,Ambiguous/Mixed,Ambiguous/Mixed,True
25,26,19,2,0.3315402564411523,2.208012079001822,Ambiguous/Mixed,Tumor/Epithelials,False
25,26,19,3,0.792733476017255,0.4645364193139499,Ambiguous/Mixed,Ambiguous/Mixed,True
25,26,19,4,0.21016691176064245,3.1197064921146573,Ambiguous/Mixed,Tumor/Epithelials,False
25,26,19,5,0.991559324969973,0.016952998514099975,Ambiguous/Mixed,Ambiguous/Mixed,True
25,26,19,6,0.5099229273900379,1.3469913748971858,Ambiguous/Mixed,Endothelials,False
25,26,19,7,0.7617872731221509,0.5441758628029641,Ambiguous/Mixed,Ambiguous/Mixed,True
25,26,19,8,0.4076893831586546,1.794499420627243,Ambiguous/Mixed,Fibroblasts/Stromal,False
25,26,19,9,0.9852087294809608,0.029803504313800876,Ambiguous/Mixed,Ambiguous/Mixed,True
25,26,19,10,0.9888692159992489,0.02238638945871174,Ambiguous/Mixed,Fibroblasts/Stromal,False
25,26,19,11,0.9918040536363212,0.016459435568993885,Ambiguous/Mixed,Ambiguous/Mixed,True
25,26,19,12,0.9989262824819796,0.0021485887312518077,Ambiguous/Mixed,Ambiguous/Mixed,True
25,26,19,13,0.9784952492573409,0.04347869457140302,Ambiguous/Mixed,Ambiguous/Mixed,True
25,26,19,14,0.9995093238330212,0.000981593175845316,Ambiguous/Mixed,Ambiguous/Mixed,True
25,26,19,15,0.7646370749534688,0.5367079391000529,Ambiguous/Mixed,Ambiguous/Mixed,True
25,26,19,16,0.9962867599422414,0.007440302495061772,Ambiguous/Mixed,Tumor/Epithelials,False
25,26,19,17,0.9950000519347737,0.010024979255586305,Ambiguous/Mixed,Ambiguous/Mixed,True
25,26,19,18,0.9984161501232014,0.0031702109859898537,Ambiguous/Mixed,Ambiguous/Mixed,True
25,26,19,19,0.8055044472981947,0.4325731104312276,Ambiguous/Mixed,Ambiguous/Mixed,True
25,26,19,20,0.9997063397976071,0.0005874066579865905,Ambiguous/Mixed,Ambiguous/Mixed,True
25,26,19,21,0.30331787489519,2.385947862643882,Ambiguous/Mixed,Ambiguous/Mixed,True
25,26,19,22,0.9985937325837891,0.002814514276436899,Ambiguous/Mixed,Ambiguous/Mixed,True
25,26,19,23,0.30089167144843243,2.4020099490627094,Ambiguous/Mixed,Ambiguous/Mixed,True
25,26,19,24,0.9984590214302378,0.0030843341967870114,Ambiguous/Mixed,Ambiguous/Mixed,True
25,26,19,25,0.7832724572061973,0.4885493554736036,Ambiguous/Mixed,Ambiguous/Mixed,True
25,26,19,26,0.9981965291368163,0.0036101981493533745,Ambiguous/Mixed,Ambiguous/Mixed,True
25,26,20,1,0.6998890947517034,0.7136667851200948,Ambiguous/Mixed,Ambiguous/Mixed,True
25,26,20,2,0.17356506713760456,3.502405446340922,Ambiguous/Mixed,Tumor/Epithelials,False
25,26,20,3,0.6060076569050256,1.0017253156716752,Ambiguous/Mixed,Ambiguous/Mixed,True
25,26,20,4,0.20952871456149555,3.125788973332178,Ambiguous/Mixed,Tumor/Epithelials,False
25,26,20,5,0.7806789383031235,0.495182608368585,Ambiguous/Mixed,Ambiguous/Mixed,True
25,26,20,6,0.35423169017875145,2.075608175808987,Ambiguous/Mixed,Endothelials,False
25,26,20,7,0.6135937827578335,0.9768443227658232,Ambiguous/Mixed,Ambiguous/Mixed,True
25,26,20,8,0.229389074311149,2.944671405322116,Ambiguous/Mixed,Fibroblasts/Stromal,False
25,26,20,9,0.8129565252142785,0.4141552907706445,Ambiguous/Mixed,Ambiguous/Mixed,True
25,26,20,10,0.822788295386649,0.3901126932977803,Ambiguous/Mixed,Fibroblasts/Stromal,False
25,26,20,11,0.7503212090185261,0.5745077708911093,Ambiguous/Mixed,Ambiguous/Mixed,True
25,26,20,12,0.7752168184724154,0.5092250459701545,Ambiguous/Mixed,Ambiguous/Mixed,True
25,26,20,13,0.7672869875648681,0.5297887573488149,Ambiguous/Mixed,Ambiguous/Mixed,True
25,26,20,14,0.7978345653701996,0.45170802918101477,Ambiguous/Mixed,Ambiguous/Mixed,True
25,26,20,15,0.6170090128601392,0.9657432952610773,Ambiguous/Mixed,Ambiguous/Mixed,True
25,26,20,16,0.766057027706413,0.5329973266196477,Ambiguous/Mixed,Tumor/Epithelials,False
25,26,20,17,0.770543535221909,0.5213182465178343,Ambiguous/Mixed,Ambiguous/Mixed,True
25,26,20,18,0.7956885117459332,0.45709497324857346,Ambiguous/Mixed,Ambiguous/Mixed,True
25,26,20,19,0.9990462404627793,0.0019084293105064477,Ambiguous/Mixed,Ambiguous/Mixed,True
25,26,20,20,0.7988675342767324,0.4491202727025313,Ambiguous/Mixed,Ambiguous/Mixed,True
25,26,20,21,0.3601900356107502,2.0422470202266885,Ambiguous/Mixed,Ambiguous/Mixed,True
25,26,20,22,0.7897084193346231,0.4721829822023792,Ambiguous/Mixed,Ambiguous/Mixed,True
25,26,20,23,0.19967430024145344,3.2221354773447004,Ambiguous/Mixed,Ambiguous/Mixed,True
25,26,20,24,0.7982297667327942,0.45071758947824775,Ambiguous/Mixed,Ambiguous/Mixed,True
25,26,20,25,0.6133654853787331,0.9775885932160775,Ambiguous/Mixed,Ambiguous/Mixed,True
25,26,20,26,0.797941601548547,0.45143973045409586,Ambiguous/Mixed,Ambiguous/Mixed,True
25,26,21,1,0.9340449073627534,0.13646152244192172,Ambiguous/Mixed,Ambiguous/Mixed,True
25,26,21,2,0.31371759504260005,2.318524153205842,Ambiguous/Mixed,Tumor/Epithelials,False
25,26,21,3,0.7901844765660192,0.4709776922816784,Ambiguous/Mixed,Ambiguous/Mixed,True
25,26,21,4,0.19309459675550944,3.2891501430527437,Ambiguous/Mixed,Tumor/Epithelials,False
25,26,21,5,0.9931262161665179,0.01379503421272587,Ambiguous/Mixed,Ambiguous/Mixed,True
25,26,21,6,0.49213864925519674,1.417989589521645,Ambiguous/Mixed,Endothelials,False
25,26,21,7,0.7835467029327132,0.4878492217599154,Ambiguous/Mixed,Ambiguous/Mixed,True
25,26,21,8,0.38904442991468097,1.8881234523336703,Ambiguous/Mixed,Fibroblasts/Stromal,False
25,26,21,9,0.9876777321138123,0.02479763302850399,Ambiguous/Mixed,Ambiguous/Mixed,True
25,26,21,10,0.9863631796269259,0.027461311726104207,Ambiguous/Mixed,Fibroblasts/Stromal,False
25,26,21,11,0.9917073260182854,0.01665449896838675,Ambiguous/Mixed,Ambiguous/Mixed,True
25,26,21,12,0.9990227063627953,0.0019555429999963923,Ambiguous/Mixed,Ambiguous/Mixed,True
25,26,21,13,0.9737741455431514,0.05315177130928582,Ambiguous/Mixed,Ambiguous/Mixed,True
25,26,21,14,0.9998103707301151,0.00037929450357627906,Ambiguous/Mixed,Ambiguous/Mixed,True
25,26,21,15,0.7871992730414458,0.47854771343658603,Ambiguous/Mixed,Ambiguous/Mixed,True
25,26,21,16,0.9955561908149205,0.008907424508479244,Ambiguous/Mixed,Tumor/Epithelials,False
25,26,21,17,0.9941564092432387,0.011721462681771544,Ambiguous/Mixed,Ambiguous/Mixed,True
25,26,21,18,0.9996605211390098,0.0006790729939664657,Ambiguous/Mixed,Ambiguous/Mixed,True
25,26,21,19,0.7941739361139266,0.4609055572200911,Ambiguous/Mixed,Ambiguous/Mixed,True
25,26,21,20,0.9997253943982357,0.0005492866255730433,Ambiguous/Mixed,Ambiguous/Mixed,True
25,26,21,21,0.30973850840784173,2.3440537174644476,Ambiguous/Mixed,Ambiguous/Mixed,True
25,26,21,22,0.9996064253009684,0.0007873043397621745,Ambiguous/Mixed,Ambiguous/Mixed,True
25,26,21,23,0.310883288277739,2.3366754321746934,Ambiguous/Mixed,Ambiguous/Mixed,True
25,26,21,24,0.9995400351946119,0.0009201412432965931,Ambiguous/Mixed,Ambiguous/Mixed,True
25,26,21,25,0.8040790145811382,0.43611547557962305,Ambiguous/Mixed,Ambiguous/Mixed,True
25,26,21,26,0.9993345664469269,0.0013313101044946478,Ambiguous/Mixed,Ambiguous/Mixed,True
25,26,22,1,0.9446057378235986,0.11397529439283023,Ambiguous/Mixed,Ambiguous/Mixed,True
25,26,22,2,0.31979729536264634,2.2801358717911495,Ambiguous/Mixed,Tumor/Epithelials,False
25,26,22,3,0.7831213497756205,0.48893522888646335,Ambiguous/Mixed,Ambiguous/Mixed,True
25,26,22,4,0.19193520746996232,3.30119485000222,Ambiguous/Mixed,Tumor/Epithelials,False
25,26,22,5,0.994700824083848,0.010626532698695443,Ambiguous/Mixed,Ambiguous/Mixed,True
25,26,22,6,0.5013069531747677,1.3810733690441623,Ambiguous/Mixed,Endothelials,False
25,26,22,7,0.7804149546310991,0.4958590152797528,Ambiguous/Mixed,Ambiguous/Mixed,True
25,26,22,8,0.4001526568618995,1.8318183250525,Ambiguous/Mixed,Fibroblasts/Stromal,False
25,26,22,9,0.9904109360119606,0.019270670194920902,Ambiguous/Mixed,Ambiguous/Mixed,True
25,26,22,10,0.9822034026955144,0.035913722043701815,Ambiguous/Mixed,Fibroblasts/Stromal,False
25,26,22,11,0.9913709434200626,0.01733300491872278,Ambiguous/Mixed,Ambiguous/Mixed,True
25,26,22,12,0.996456858239375,0.007098867107198054,Ambiguous/Mixed,Ambiguous/Mixed,True
25,26,22,13,0.9750060621806638,0.05062318076485111,Ambiguous/Mixed,Ambiguous/Mixed,True
25,26,22,14,0.997750935693058,0.004503194501237025,Ambiguous/Mixed,Ambiguous/Mixed,True
25,26,22,15,0.7867317484358811,0.47973588398011185,Ambiguous/Mixed,Ambiguous/Mixed,True
25,26,22,16,0.992197024231474,0.015667156563350916,Ambiguous/Mixed,Tumor/Epithelials,False
25,26,22,17,0.998203054585185,0.0035971237159144855,Ambiguous/Mixed,Ambiguous/Mixed,True
25,26,22,18,0.9986142375299963,0.0027734470535642724,Ambiguous/Mixed,Ambiguous/Mixed,True
25,26,22,19,0.7806200327981055,0.4953335224629033,Ambiguous/Mixed,Ambiguous/Mixed,True
25,26,22,20,0.9984890616218433,0.003024161993287728,Ambiguous/Mixed,Ambiguous/Mixed,True
25,26,22,21,0.28717805089795173,2.4953057383571875,Ambiguous/Mixed,Ambiguous/Mixed,True
25,26,22,22,0.9988085897692194,0.0023842410483457593,Ambiguous/Mixed,Ambiguous/Mixed,True
25,26,22,23,0.2967747770955882,2.4295635082634663,Ambiguous/Mixed,Ambiguous/Mixed,True
25,26,22,24,0.9986784602560504,0.002644827495404538,Ambiguous/Mixed,Ambiguous/Mixed,True
25,26,22,25,0.7786998385421574,0.500259247484047,Ambiguous/Mixed,Ambiguous/Mixed,True
25,26,22,26,0.9990046987367781,0.001991593808852642,Ambiguous/Mixed,Ambiguous/Mixed,True
25,26,23,1,0.9382797820184253,0.12741419875626026,Ambiguous/Mixed,Ambiguous/Mixed,True
25,26,23,2,0.31550616355471695,2.307154122721151,Ambiguous/Mixed,Tumor/Epithelials,False
25,26,23,3,0.7969848163220186,0.4538393028245358,Ambiguous/Mixed,Ambiguous/Mixed,True
25,26,23,4,0.19378301368545184,3.282032464097441,Ambiguous/Mixed,Tumor/Epithelials,False
25,26,23,5,0.9944207203122706,0.011189804006510618,Ambiguous/Mixed,Ambiguous/Mixed,True
25,26,23,6,0.4919020536444641,1.4189513205337647,Ambiguous/Mixed,Endothelials,False
25,26,23,7,0.7704685464824866,0.5215128945426535,Ambiguous/Mixed,Ambiguous/Mixed,True
25,26,23,8,0.3923154077818138,1.8713783020596562,Ambiguous/Mixed,Fibroblasts/Stromal,False
25,26,23,9,0.9886885070355916,0.022751908931656427,Ambiguous/Mixed,Ambiguous/Mixed,True
25,26,23,10,0.9856220174302752,0.02896469467777238,Ambiguous/Mixed,Fibroblasts/Stromal,False
25,26,23,11,0.9925468253513938,0.014962176676671522,Ambiguous/Mixed,Ambiguous/Mixed,True
25,26,23,12,0.9984312783096103,0.0031399068451850396,Ambiguous/Mixed,Ambiguous/Mixed,True
25,26,23,13,0.9738363232361289,0.05302407083941203,Ambiguous/Mixed,Ambiguous/Mixed,True
25,26,23,14,0.9994676065374841,0.0010650704684729353,Ambiguous/Mixed,Ambiguous/Mixed,True
25,26,23,15,0.7746469370840582,0.5106958369658071,Ambiguous/Mixed,Ambiguous/Mixed,True
25,26,23,16,0.994355965446676,0.011320044603318025,Ambiguous/Mixed,Tumor/Epithelials,False
25,26,23,17,0.9956840953614547,0.008650490079022227,Ambiguous/Mixed,Ambiguous/Mixed,True
25,26,23,18,0.9995995898150983,0.0008009807409304782,Ambiguous/Mixed,Ambiguous/Mixed,True
25,26,23,19,0.7899193094118344,0.47164895744546614,Ambiguous/Mixed,Ambiguous/Mixed,True
25,26,23,20,0.9997662041536801,0.0004676463616586279,Ambiguous/Mixed,Ambiguous/Mixed,True
25,26,23,21,0.3004853162272566,2.404712781338292,Ambiguous/Mixed,Ambiguous/Mixed,True
25,26,23,22,0.9997730524377154,0.000453946637559168,Ambiguous/Mixed,Ambiguous/Mixed,True
25,26,23,23,0.30438305270590005,2.3789366579332523,Ambiguous/Mixed,Ambiguous/Mixed,True
25,26,23,24,0.999647686455107,0.0007047512437814778,Ambiguous/Mixed,Ambiguous/Mixed,True
25,26,23,25,0.7984374786422992,0.45019722579876875,Ambiguous/Mixed,Ambiguous/Mixed,True
25,26,23,26,0.9996707348554668,0.0006586387284061436,Ambiguous/Mixed,Ambiguous/Mixed,True
25,26,24,1,0.22826787108128405,2.954470932975102,Ambiguous/Mixed,Ambiguous/Mixed,True
25,26,24,2,0.050799105826610534,5.959753052781981,Ambiguous/Mixed,Tumor/Epithelials,False
25,26,24,3,0.46886171471092525,1.5148948107513998,Ambiguous/Mixed,Ambiguous/Mixed,True
25,26,24,4,0.12193546315468821,4.208526729498157,Ambiguous/Mixed,Tumor/Epithelials,False
25,26,24,5,0.3681814211318488,1.998358940175657,Ambiguous/Mixed,Ambiguous/Mixed,True
25,26,24,6,0.11904765591919167,4.256462792256212,Ambiguous/Mixed,Endothelials,False
25,26,24,7,0.5040217705575466,1.3702716325859634,Ambiguous/Mixed,Ambiguous/Mixed,True
25,26,24,8,0.08469647781781875,4.93736252478797,Ambiguous/Mixed,Fibroblasts/Stromal,False
25,26,24,9,0.39007914021104906,1.882811273653166,Ambiguous/Mixed,Ambiguous/Mixed,True
25,26,24,10,0.39530249302373544,1.8562080040735194,Ambiguous/Mixed,Fibroblasts/Stromal,False
25,26,24,11,0.33111619021401617,2.2105718747280485,Ambiguous/Mixed,Ambiguous/Mixed,True
25,26,24,12,0.3940973475035845,1.8623146506399622,Ambiguous/Mixed,Ambiguous/Mixed,True
25,26,24,13,0.34615113443434026,2.1217595891445957,Ambiguous/Mixed,Ambiguous/Mixed,True
25,26,24,14,0.39709527562206964,1.8471580762304518,Ambiguous/Mixed,Ambiguous/Mixed,True
25,26,24,15,0.4723505158443395,1.5000679013736917,Ambiguous/Mixed,Ambiguous/Mixed,True
25,26,24,16,0.3598651210855129,2.044051962774592,Ambiguous/Mixed,Tumor/Epithelials,False
25,26,24,17,0.34944554980794246,2.1028150479728787,Ambiguous/Mixed,Ambiguous/Mixed,True
25,26,24,18,0.39607461207387856,1.8523053422948612,Ambiguous/Mixed,Ambiguous/Mixed,True
25,26,24,19,0.4815722970208389,1.4613978188785735,Ambiguous/Mixed,Ambiguous/Mixed,True
25,26,24,20,0.38766396603709713,1.8952327630523806,Ambiguous/Mixed,Ambiguous/Mixed,True
25,26,24,21,0.6977736669002317,0.7197209765169692,Ambiguous/Mixed,Ambiguous/Mixed,True
25,26,24,22,0.39046987188700405,1.8808089306738722,Ambiguous/Mixed,Ambiguous/Mixed,True
25,26,24,23,0.3629140538406937,2.027178478059855,Ambiguous/Mixed,Ambiguous/Mixed,True
25,26,24,24,0.3945939490685285,1.8597960397069881,Ambiguous/Mixed,Ambiguous/Mixed,True
25,26,24,25,0.2641748478181829,2.662288185439249,Ambiguous/Mixed,Ambiguous/Mixed,True
25,26,24,26,0.3911383415325106,1.8773879338265318,Ambiguous/Mixed,Ambiguous/Mixed,True
25,26,25,1,0.48225140901068864,1.4585794109146075,Ambiguous/Mixed,Ambiguous/Mixed,True
25,26,25,2,0.1127482372471406,4.3651958697865325,Ambiguous/Mixed,Tumor/Epithelials,False
25,26,25,3,0.7851245711405747,0.4838257688770027,Ambiguous/Mixed,Ambiguous/Mixed,True
25,26,25,4,0.260259976537793,2.692148475565277,Ambiguous/Mixed,Tumor/Epithelials,False
25,26,25,5,0.6125321206567895,0.9803077920992935,Ambiguous/Mixed,Ambiguous/Mixed,True
25,26,25,6,0.24803975841505102,2.7883324589534,Ambiguous/Mixed,Endothelials,False
25,26,25,7,0.4819868378164966,1.4596769454780918,Ambiguous/Mixed,Ambiguous/Mixed,True
25,26,25,8,0.16831965847567296,3.5637807569059063,Ambiguous/Mixed,Fibroblasts/Stromal,False
25,26,25,9,0.6307559000093825,0.9216726750922497,Ambiguous/Mixed,Ambiguous/Mixed,True
25,26,25,10,0.6494378966156534,0.8632961293260676,Ambiguous/Mixed,Fibroblasts/Stromal,False
25,26,25,11,0.5844098922888659,1.0743053439841415,Ambiguous/Mixed,Ambiguous/Mixed,True
25,26,25,12,0.6242131336586378,0.9425268171615713,Ambiguous/Mixed,Ambiguous/Mixed,True
25,26,25,13,0.5627773238153693,1.1497424925636723,Ambiguous/Mixed,Ambiguous/Mixed,True
25,26,25,14,0.6390017067435387,0.8956963072960294,Ambiguous/Mixed,Ambiguous/Mixed,True
25,26,25,15,0.46676255165253766,1.5238692106513065,Ambiguous/Mixed,Ambiguous/Mixed,True
25,26,25,16,0.5951082585647364,1.038023885638523,Ambiguous/Mixed,Tumor/Epithelials,False
25,26,25,17,0.5980202363770614,1.028261371017296,Ambiguous/Mixed,Ambiguous/Mixed,True
25,26,25,18,0.6316199788172243,0.9189347300561281,Ambiguous/Mixed,Ambiguous/Mixed,True
25,26,25,19,0.7792303362466272,0.4988971897139153,Ambiguous/Mixed,Ambiguous/Mixed,True
25,26,25,20,0.6380602522941968,0.8986451215277265,Ambiguous/Mixed,Ambiguous/Mixed,True
25,26,25,21,0.4387886783701259,1.6474747045164229,Ambiguous/Mixed,Ambiguous/Mixed,True
25,26,25,22,0.6323547273958295,0.9166095295350951,Ambiguous/Mixed,Ambiguous/Mixed,True
25,26,25,23,0.23150824644219048,2.926279568619537,Ambiguous/Mixed,Ambiguous/Mixed,True
25,26,25,24,0.6357241151800559,0.9059811818314287,Ambiguous/Mixed,Ambiguous/Mixed,True
25,26,25,25,0.47240400202563987,1.4998414460126606,Ambiguous/Mixed,Ambiguous/Mixed,True
25,26,25,26,0.6355482500764629,0.9065345332910253,Ambiguous/Mixed,Ambiguous/Mixed,True
26,27,1,1,0.6608763836606236,0.8283769414978721,Ambiguous/Mixed,Ambiguous/Mixed,True
26,27,1,2,0.09415746081151043,4.725573566272785,Ambiguous/Mixed,Tumor/Epithelials,False
26,27,1,3,0.9872803951112905,0.025602383270861714,Ambiguous/Mixed,Ambiguous/Mixed,True
26,27,1,4,0.9376512825194331,0.12875433227052216,Ambiguous/Mixed,Ambiguous/Mixed,True
26,27,1,5,0.956006187805279,0.08998178670403734,Ambiguous/Mixed,Ambiguous/Mixed,True
26,27,1,6,0.5924750505746248,1.0468930311885178,Ambiguous/Mixed,Fibroblasts/Stromal,False
26,27,1,7,0.8198301780410102,0.3973161202439634,Ambiguous/Mixed,Ambiguous/Mixed,True
26,27,1,8,0.9238247728005825,0.15846573030113556,Ambiguous/Mixed,Ambiguous/Mixed,True
26,27,1,9,0.6771372767115186,0.779762509051227,Ambiguous/Mixed,Endothelials,False
26,27,1,10,0.931272935222427,0.14240576232975044,Ambiguous/Mixed,Ambiguous/Mixed,True
26,27,1,11,0.9388856109911105,0.12612325445060601,Ambiguous/Mixed,Ambiguous/Mixed,True
26,27,1,12,0.9321858838992297,0.1404460758789901,Ambiguous/Mixed,Ambiguous/Mixed,True
26,27,1,13,0.9163808143326276,0.17464652906270775,Ambiguous/Mixed,Ambiguous/Mixed,True
26,27,1,14,0.9261593815325234,0.1534178817218958,Ambiguous/Mixed,Ambiguous/Mixed,True
26,27,1,15,0.9368854057628161,0.13038860660405746,Ambiguous/Mixed,Ambiguous/Mixed,True
26,27,1,16,0.5560150369702332,1.1739198803735404,Ambiguous/Mixed,Ambiguous/Mixed,True
26,27,1,17,0.7009417669164343,0.7106609336881122,Ambiguous/Mixed,Ambiguous/Mixed,True
26,27,1,18,0.9344733860043637,0.13554426377628948,Ambiguous/Mixed,Ambiguous/Mixed,True
26,27,1,19,0.22804118446437954,2.9564580654485675,Ambiguous/Mixed,Ambiguous/Mixed,True
26,27,1,20,0.9388640566765473,0.12616916965418262,Ambiguous/Mixed,Ambiguous/Mixed,True
26,27,1,21,0.9361036138021421,0.13205822024922087,Ambiguous/Mixed,Ambiguous/Mixed,True
26,27,1,22,0.11839354288573999,4.2674821889148085,Ambiguous/Mixed,Ambiguous/Mixed,True
26,27,1,23,0.20651030946617163,3.1548098861032003,Ambiguous/Mixed,Ambiguous/Mixed,True
26,27,1,24,0.6468685148527136,0.8712244558542388,Ambiguous/Mixed,Ambiguous/Mixed,True
26,27,1,25,0.9360088048441354,0.1322607913280589,Ambiguous/Mixed,Ambiguous/Mixed,True
26,27,1,26,0.697082152315668,0.7217040191560448,Ambiguous/Mixed,Ambiguous/Mixed,True
26,27,1,27,0.9366647125739478,0.13085978308923216,Ambiguous/Mixed,Ambiguous/Mixed,True
26,27,2,1,0.13497454265752826,4.005338182466024,Tumor/Epithelials,Ambiguous/Mixed,False
26,27,2,2,0.3168143442575966,2.298878682952025,Tumor/Epithelials,Tumor/Epithelials,True
26,27,2,3,0.3272168438120978,2.2342643938703883,Tumor/Epithelials,Ambiguous/Mixed,False
26,27,2,4,0.28480089053257834,2.5119299451583936,Tumor/Epithelials,Ambiguous/Mixed,False
26,27,2,5,0.5259218569474414,1.2852052764342388,Tumor/Epithelials,Ambiguous/Mixed,False
26,27,2,6,0.59624738032636,1.0341992607437251,Tumor/Epithelials,Fibroblasts/Stromal,False
26,27,2,7,0.5165457291819482,1.3211829153745556,Tumor/Epithelials,Ambiguous/Mixed,False
26,27,2,8,0.29280838295763756,2.4564737339700398,Tumor/Epithelials,Ambiguous/Mixed,False
26,27,2,9,0.25264191039998496,2.7515643335110256,Tumor/Epithelials,Endothelials,False
26,27,2,10,0.34051278714456745,2.1546052001509604,Tumor/Epithelials,Ambiguous/Mixed,False
26,27,2,11,0.317060898054865,2.2973228322530588,Tumor/Epithelials,Ambiguous/Mixed,False
26,27,2,12,0.3234946268213319,2.2571455493917396,Tumor/Epithelials,Ambiguous/Mixed,False
26,27,2,13,0.4612261790589765,1.5477334585551916,Tumor/Epithelials,Ambiguous/Mixed,False
26,27,2,14,0.4013135123179471,1.826024661826391,Tumor/Epithelials,Ambiguous/Mixed,False
26,27,2,15,0.3136439805012573,2.3189935127876224,Tumor/Epithelials,Ambiguous/Mixed,False
26,27,2,16,0.12880208393492368,4.0989565716476,Tumor/Epithelials,Ambiguous/Mixed,False
26,27,2,17,0.1773541560145933,3.459213328133999,Tumor/Epithelials,Ambiguous/Mixed,False
26,27,2,18,0.3203739664156845,2.276532640946847,Tumor/Epithelials,Ambiguous/Mixed,False
26,27,2,19,0.0544794022154258,5.819865179504001,Tumor/Epithelials,Ambiguous/Mixed,False
26,27,2,20,0.3074544245368655,2.3588568312168445,Tumor/Epithelials,Ambiguous/Mixed,False
26,27,2,21,0.30575980918633316,2.3699108451078104,Tumor/Epithelials,Ambiguous/Mixed,False
26,27,2,22,0.02173150770779242,7.657984206842262,Tumor/Epithelials,Ambiguous/Mixed,False
26,27,2,23,0.05581105294349757,5.771566695571439,Tumor/Epithelials,Ambiguous/Mixed,False
26,27,2,24,0.19171703625769473,3.303469527023947,Tumor/Epithelials,Ambiguous/Mixed,False
26,27,2,25,0.30167076929733155,2.396838048324282,Tumor/Epithelials,Ambiguous/Mixed,False
26,27,2,26,0.17443703230509372,3.4923828976990547,Tumor/Epithelials,Ambiguous/Mixed,False
26,27,2,27,0.29983595491298004,2.4090395416831694,Tumor/Epithelials,Ambiguous/Mixed,False
26,27,3,1,0.6649274865175349,0.8161545742053186,Ambiguous/Mixed,Ambiguous/Mixed,True
26,27,3,2,0.037268502148981156,6.579213510972193,Ambiguous/Mixed,Tumor/Epithelials,False
26,27,3,3,0.6304548369347817,0.9226275133964297,Ambiguous/Mixed,Ambiguous/Mixed,True
26,27,3,4,0.7869275117142288,0.47923828380880434,Ambiguous/Mixed,Ambiguous/Mixed,True
26,27,3,5,0.6324606574708851,0.9162745238842447,Ambiguous/Mixed,Ambiguous/Mixed,True
26,27,3,6,0.23549510498073647,2.8921303027722405,Ambiguous/Mixed,Fibroblasts/Stromal,False
26,27,3,7,0.5689436511216542,1.1279477623607677,Ambiguous/Mixed,Ambiguous/Mixed,True
26,27,3,8,0.7698041479983897,0.5232382994730517,Ambiguous/Mixed,Ambiguous/Mixed,True
26,27,3,9,0.5759288801030034,1.1035421959058862,Ambiguous/Mixed,Endothelials,False
26,27,3,10,0.7949056205488552,0.45906377533178,Ambiguous/Mixed,Ambiguous/Mixed,True
26,27,3,11,0.7796221701054764,0.4978917479148873,Ambiguous/Mixed,Ambiguous/Mixed,True
26,27,3,12,0.7948081869689849,0.459308935383939,Ambiguous/Mixed,Ambiguous/Mixed,True
26,27,3,13,0.6972294742244415,0.7212813821887627,Ambiguous/Mixed,Ambiguous/Mixed,True
26,27,3,14,0.775672834803939,0.5080489046664787,Ambiguous/Mixed,Ambiguous/Mixed,True
26,27,3,15,0.7853560916558723,0.4832360882207311,Ambiguous/Mixed,Ambiguous/Mixed,True
26,27,3,16,0.46487249228570154,1.5319842422710621,Ambiguous/Mixed,Ambiguous/Mixed,True
26,27,3,17,0.5988115785563004,1.0256165807144804,Ambiguous/Mixed,Ambiguous/Mixed,True
26,27,3,18,0.800572055240927,0.44485747560622596,Ambiguous/Mixed,Ambiguous/Mixed,True
26,27,3,19,0.4659880916348483,1.5271903992293345,Ambiguous/Mixed,Ambiguous/Mixed,True
26,27,3,20,0.7885552303608366,0.4751056603727338,Ambiguous/Mixed,Ambiguous/Mixed,True
26,27,3,21,0.7852780809321775,0.48343476140668473,Ambiguous/Mixed,Ambiguous/Mixed,True
26,27,3,22,0.27609782638463065,2.5740000652852864,Ambiguous/Mixed,Ambiguous/Mixed,True
26,27,3,23,0.47120170702153336,1.5049380478801766,Ambiguous/Mixed,Ambiguous/Mixed,True
26,27,3,24,0.9949708556914668,0.010083666029743883,Ambiguous/Mixed,Ambiguous/Mixed,True
26,27,3,25,0.7926755350125076,0.46468260494647773,Ambiguous/Mixed,Ambiguous/Mixed,True
26,27,3,26,0.6185191617350709,0.9608542133024147,Ambiguous/Mixed,Ambiguous/Mixed,True
26,27,3,27,0.7942309140402282,0.4607620725755547,Ambiguous/Mixed,Ambiguous/Mixed,True
26,27,4,1,0.15041685443968525,3.7886896193029145,Tumor/Epithelials,Ambiguous/Mixed,False
26,27,4,2,0.0646876749044048,5.47636918337979,Tumor/Epithelials,Tumor/Epithelials,True
26,27,4,3,0.26635531280963437,2.6458481981903996,Tumor/Epithelials,Ambiguous/Mixed,False
26,27,4,4,0.17433996436804136,3.4934961355614647,Tumor/Epithelials,Ambiguous/Mixed,False
26,27,4,5,0.23676367168232362,2.8813856024900852,Tumor/Epithelials,Ambiguous/Mixed,False
26,27,4,6,0.45811353882698386,1.5612764484429176,Tumor/Epithelials,Fibroblasts/Stromal,False
26,27,4,7,0.260156210165449,2.692946040102049,Tumor/Epithelials,Ambiguous/Mixed,False
26,27,4,8,0.16614410035730648,3.5897995854854035,Tumor/Epithelials,Ambiguous/Mixed,False
26,27,4,9,0.30826368755277983,2.353599467718693,Tumor/Epithelials,Endothelials,False
26,27,4,10,0.20232646242264765,3.195745471079528,Tumor/Epithelials,Ambiguous/Mixed,False
26,27,4,11,0.19619222491765195,3.257320721972992,Tumor/Epithelials,Ambiguous/Mixed,False
26,27,4,12,0.20474867174927266,3.171944086906079,Tumor/Epithelials,Ambiguous/Mixed,False
26,27,4,13,0.27999810860826946,2.545944861612337,Tumor/Epithelials,Ambiguous/Mixed,False
26,27,4,14,0.25656347000867863,2.7207583971070672,Tumor/Epithelials,Ambiguous/Mixed,False
26,27,4,15,0.1941261339223811,3.2784943126665524,Tumor/Epithelials,Ambiguous/Mixed,False
26,27,4,16,0.14185901210852114,3.9058431741609105,Tumor/Epithelials,Ambiguous/Mixed,False
26,27,4,17,0.2125135122543292,3.0974994111200838,Tumor/Epithelials,Ambiguous/Mixed,False
26,27,4,18,0.20291752854436212,3.189911291631838,Tumor/Epithelials,Ambiguous/Mixed,False
26,27,4,19,0.13169151948069732,4.054586130023225,Tumor/Epithelials,Ambiguous/Mixed,False
26,27,4,20,0.19155055048986638,3.3052070679385084,Tumor/Epithelials,Ambiguous/Mixed,False
26,27,4,21,0.18756070911741632,3.3473054080363696,Tumor/Epithelials,Ambiguous/Mixed,False
26,27,4,22,0.0493717289770864,6.016754613041446,Tumor/Epithelials,Ambiguous/Mixed,False
26,27,4,23,0.06304250251082445,5.527892274061903,Tumor/Epithelials,Ambiguous/Mixed,False
26,27,4,24,0.2144496626767747,3.079360481979186,Tumor/Epithelials,Ambiguous/Mixed,False
26,27,4,25,0.18601220978703106,3.363885926814228,Tumor/Epithelials,Ambiguous/Mixed,False
26,27,4,26,0.21586438287398682,3.06620985109527,Tumor/Epithelials,Ambiguous/Mixed,False
26,27,4,27,0.18447942024669914,3.3804347302026097,Tumor/Epithelials,Ambiguous/Mixed,False
26,27,5,1,0.7576973954852216,0.5549423748929836,Ambiguous/Mixed,Ambiguous/Mixed,True
26,27,5,2,0.08227629886880357,4.99534439471565,Ambiguous/Mixed,Tumor/Epithelials,False
26,27,5,3,0.9488019281542922,0.1051104370753011,Ambiguous/Mixed,Ambiguous/Mixed,True
26,27,5,4,0.998011197625005,0.003981565336964428,Ambiguous/Mixed,Ambiguous/Mixed,True
26,27,5,5,0.9392333569643234,0.12538262836009711,Ambiguous/Mixed,Ambiguous/Mixed,True
26,27,5,6,0.4177381684717641,1.7458008678763943,Ambiguous/Mixed,Fibroblasts/Stromal,False
26,27,5,7,0.7855245750980876,0.48280707169152665,Ambiguous/Mixed,Ambiguous/Mixed,True
26,27,5,8,0.9848596301711795,0.030512310811250415,Ambiguous/Mixed,Ambiguous/Mixed,True
26,27,5,9,0.7562309912446937,0.5588168109943911,Ambiguous/Mixed,Endothelials,False
26,27,5,10,0.9881767747785914,0.023787350796386213,Ambiguous/Mixed,Ambiguous/Mixed,True
26,27,5,11,0.9953991352977842,0.00922296251257636,Ambiguous/Mixed,Ambiguous/Mixed,True
26,27,5,12,0.9907919179425961,0.018501477005902215,Ambiguous/Mixed,Ambiguous/Mixed,True
26,27,5,13,0.9603391008078227,0.0809376537662773,Ambiguous/Mixed,Ambiguous/Mixed,True
26,27,5,14,0.9760499780286899,0.048482973766939254,Ambiguous/Mixed,Ambiguous/Mixed,True
26,27,5,15,0.9945525963313054,0.010924589751247195,Ambiguous/Mixed,Ambiguous/Mixed,True
26,27,5,16,0.5873230741882595,1.0643604572730845,Ambiguous/Mixed,Ambiguous/Mixed,True
26,27,5,17,0.7819188217553108,0.4920087046446918,Ambiguous/Mixed,Ambiguous/Mixed,True
26,27,5,18,0.9923687778011059,0.015320977928438105,Ambiguous/Mixed,Ambiguous/Mixed,True
26,27,5,19,0.3662543102751193,2.008854700101685,Ambiguous/Mixed,Ambiguous/Mixed,True
26,27,5,20,0.9943712147622531,0.011289373094970134,Ambiguous/Mixed,Ambiguous/Mixed,True
26,27,5,21,0.9945552258566405,0.010919301902482633,Ambiguous/Mixed,Ambiguous/Mixed,True
26,27,5,22,0.21128487488709308,3.1090958762949783,Ambiguous/Mixed,Ambiguous/Mixed,True
26,27,5,23,0.3663707825377993,2.008218782687423,Ambiguous/Mixed,Ambiguous/Mixed,True
26,27,5,24,0.7820334582814986,0.49171550765177485,Ambiguous/Mixed,Ambiguous/Mixed,True
26,27,5,25,0.9945721172544811,0.010885334448564765,Ambiguous/Mixed,Ambiguous/Mixed,True
26,27,5,26,0.779599555872608,0.4979497620702654,Ambiguous/Mixed,Ambiguous/Mixed,True
26,27,5,27,0.9952610219457018,0.009500485226438992,Ambiguous/Mixed,Ambiguous/Mixed,True
26,27,6,1,0.2631404983505957,2.670134350370384,Endothelials,Ambiguous/Mixed,False
26,27,6,2,0.208036444540943,3.140084000979749,Endothelials,Tumor/Epithelials,False
26,27,6,3,0.5980380321140373,1.028201856401843,Endothelials,Ambiguous/Mixed,False
26,27,6,4,0.4515146611713097,1.5902948690241694,Endothelials,Ambiguous/Mixed,False
26,27,6,5,0.6885419791871236,0.7463579814455937,Endothelials,Ambiguous/Mixed,False
26,27,6,6,0.6727412662810008,0.7927889431521487,Endothelials,Fibroblasts/Stromal,False
26,27,6,7,0.538192720579591,1.2390771325478878,Endothelials,Ambiguous/Mixed,False
26,27,6,8,0.4927954602114527,1.4153221580770268,Endothelials,Ambiguous/Mixed,False
26,27,6,9,0.4579794272084954,1.561862029271147,Endothelials,Endothelials,True
26,27,6,10,0.512942276141694,1.3351839245668118,Endothelials,Ambiguous/Mixed,False
26,27,6,11,0.4734624569792079,1.4953653156443518,Endothelials,Ambiguous/Mixed,False
26,27,6,12,0.4990020214097864,1.3902902646348154,Endothelials,Ambiguous/Mixed,False
26,27,6,13,0.6540979499007863,0.8489963364978391,Endothelials,Ambiguous/Mixed,False
26,27,6,14,0.59031624154663,1.0541937661181198,Endothelials,Ambiguous/Mixed,False
26,27,6,15,0.49411701106187433,1.4099658506889188,Endothelials,Ambiguous/Mixed,False
26,27,6,16,0.27931985818452865,2.5507954174425684,Endothelials,Ambiguous/Mixed,False
26,27,6,17,0.35565391118542816,2.067594361150441,Endothelials,Ambiguous/Mixed,False
26,27,6,18,0.4982168512056949,1.393439705095299,Endothelials,Ambiguous/Mixed,False
26,27,6,19,0.12472721323001637,4.16325244102722,Endothelials,Ambiguous/Mixed,False
26,27,6,20,0.4886024688942321,1.4324121343489447,Endothelials,Ambiguous/Mixed,False
26,27,6,21,0.48374967563384724,1.452375410325434,Endothelials,Ambiguous/Mixed,False
26,27,6,22,0.057978786237811115,5.695356179721429,Endothelials,Ambiguous/Mixed,False
26,27,6,23,0.10530002047487579,4.501883330797923,Endothelials,Ambiguous/Mixed,False
26,27,6,24,0.3335641593208774,2.1958401007154245,Endothelials,Ambiguous/Mixed,False
26,27,6,25,0.47858814253869914,1.473829758240924,Endothelials,Ambiguous/Mixed,False
26,27,6,26,0.35628467643036654,2.0640504295757034,Endothelials,Ambiguous/Mixed,False
26,27,6,27,0.47672530018056963,1.4816296891785117,Endothelials,Ambiguous/Mixed,False
26,27,7,1,0.6019435311945879,1.0151832801506895,Ambiguous/Mixed,Ambiguous/Mixed,True
26,27,7,2,0.048376952113909244,6.057463549340962,Ambiguous/Mixed,Tumor/Epithelials,False
26,27,7,3,0.630304831149612,0.9231034353018486,Ambiguous/Mixed,Ambiguous/Mixed,True
26,27,7,4,0.7801181145488133,0.49661988370792887,Ambiguous/Mixed,Ambiguous/Mixed,True
26,27,7,5,0.6366811316838965,0.9029726538906283,Ambiguous/Mixed,Ambiguous/Mixed,True
26,27,7,6,0.24825607715109585,2.7865889927847043,Ambiguous/Mixed,Fibroblasts/Stromal,False
26,27,7,7,0.6008432238763358,1.0188424745026268,Ambiguous/Mixed,Ambiguous/Mixed,True
26,27,7,8,0.8057596791669078,0.4319394914815948,Ambiguous/Mixed,Ambiguous/Mixed,True
26,27,7,9,0.5925420930576901,1.0466667307219055,Ambiguous/Mixed,Endothelials,False
26,27,7,10,0.777073290562239,0.5044412160297813,Ambiguous/Mixed,Ambiguous/Mixed,True
26,27,7,11,0.7420277692146655,0.5967372233948782,Ambiguous/Mixed,Ambiguous/Mixed,True
26,27,7,12,0.7860875414035525,0.4813742338465322,Ambiguous/Mixed,Ambiguous/Mixed,True
26,27,7,13,0.7625605226688442,0.5421467993171841,Ambiguous/Mixed,Ambiguous/Mixed,True
26,27,7,14,0.7242069662783566,0.645356124845375,Ambiguous/Mixed,Ambiguous/Mixed,True
26,27,7,15,0.7707799903402789,0.5207046047578706,Ambiguous/Mixed,Ambiguous/Mixed,True
26,27,7,16,0.41752194640156015,1.746836339683002,Ambiguous/Mixed,Ambiguous/Mixed,True
26,27,7,17,0.6065941583486758,0.9997906278557491,Ambiguous/Mixed,Ambiguous/Mixed,True
26,27,7,18,0.7679107704259489,0.5281634738512013,Ambiguous/Mixed,Ambiguous/Mixed,True
26,27,7,19,0.5015045184384682,1.380285323546682,Ambiguous/Mixed,Ambiguous/Mixed,True
26,27,7,20,0.7772560713074337,0.5039708376131569,Ambiguous/Mixed,Ambiguous/Mixed,True
26,27,7,21,0.7809788515070087,0.49441441649062223,Ambiguous/Mixed,Ambiguous/Mixed,True
26,27,7,22,0.2803415394171452,2.5434932710237472,Ambiguous/Mixed,Ambiguous/Mixed,True
26,27,7,23,0.51244379831273,1.3371284716233824,Ambiguous/Mixed,Ambiguous/Mixed,True
26,27,7,24,0.6194613265927825,0.9578100133380553,Ambiguous/Mixed,Ambiguous/Mixed,True
26,27,7,25,0.7794535736838164,0.49832430271022354,Ambiguous/Mixed,Ambiguous/Mixed,True
26,27,7,26,0.6097402135129706,0.9894445840282766,Ambiguous/Mixed,Ambiguous/Mixed,True
26,27,7,27,0.7814538664788124,0.49319832575987704,Ambiguous/Mixed,Ambiguous/Mixed,True
26,27,8,1,0.13767523314595229,3.9657155007668043,Fibroblasts/Stromal,Ambiguous/Mixed,False
26,27,8,2,0.25450182139091404,2.7368945725497484,Fibroblasts/Stromal,Tumor/Epithelials,False
26,27,8,3,0.5382094184547552,1.2390150818530403,Fibroblasts/Stromal,Ambiguous/Mixed,False
26,27,8,4,0.38423709036240045,1.9129909882054157,Fibroblasts/Stromal,Ambiguous/Mixed,False
26,27,8,5,0.6653392350191063,0.8149164810979603,Fibroblasts/Stromal,Ambiguous/Mixed,False
26,27,8,6,0.9935928750838513,0.012855477275922914,Fibroblasts/Stromal,Fibroblasts/Stromal,True
26,27,8,7,0.6124496883227013,0.9805769629020221,Fibroblasts/Stromal,Ambiguous/Mixed,False
26,27,8,8,0.3113783689053567,2.3334929720223423,Fibroblasts/Stromal,Ambiguous/Mixed,False
26,27,8,9,0.3074574024810927,2.358837459696595,Fibroblasts/Stromal,Endothelials,False
26,27,8,10,0.4132691291964483,1.7673125074115166,Fibroblasts/Stromal,Ambiguous/Mixed,False
26,27,8,11,0.4350013771387838,1.6648121641243594,Fibroblasts/Stromal,Ambiguous/Mixed,False
26,27,8,12,0.3979738636475542,1.8427378901625364,Fibroblasts/Stromal,Ambiguous/Mixed,False
26,27,8,13,0.5362365891894847,1.2463596351141715,Fibroblasts/Stromal,Ambiguous/Mixed,False
26,27,8,14,0.46636591863840826,1.5255694397221988,Fibroblasts/Stromal,Ambiguous/Mixed,False
26,27,8,15,0.39253745049968247,1.8702466620512153,Fibroblasts/Stromal,Ambiguous/Mixed,False
26,27,8,16,0.17417690318844628,3.495367622501383,Fibroblasts/Stromal,Ambiguous/Mixed,False
26,27,8,17,0.23750840323429126,2.8751045481884994,Fibroblasts/Stromal,Ambiguous/Mixed,False
26,27,8,18,0.39675453828419904,1.848874961983029,Fibroblasts/Stromal,Ambiguous/Mixed,False
26,27,8,19,0.0888730530547886,4.841092595310424,Fibroblasts/Stromal,Ambiguous/Mixed,False
26,27,8,20,0.38652105710700013,1.901137861839932,Fibroblasts/Stromal,Ambiguous/Mixed,False
26,27,8,21,0.3856979153197963,1.9054016374183962,Fibroblasts/Stromal,Ambiguous/Mixed,False
26,27,8,22,0.04137784401082673,6.3700194204508485,Fibroblasts/Stromal,Ambiguous/Mixed,False
26,27,8,23,0.09548587188933833,4.697553961541885,Fibroblasts/Stromal,Ambiguous/Mixed,False
26,27,8,24,0.2751049286752294,2.581205390543209,Fibroblasts/Stromal,Ambiguous/Mixed,False
26,27,8,25,0.3791396149317964,1.9397015292103126,Fibroblasts/Stromal,Ambiguous/Mixed,False
26,27,8,26,0.2278692723005177,2.9579663631369293,Fibroblasts/Stromal,Ambiguous/Mixed,False
26,27,8,27,0.3785644988138478,1.9427376284894922,Fibroblasts/Stromal,Ambiguous/Mixed,False
26,27,9,1,0.8052633788105111,0.43317175285647586,Ambiguous/Mixed,Ambiguous/Mixed,True
26,27,9,2,0.06986301809908584,5.322437676862396,Ambiguous/Mixed,Tumor/Epithelials,False
26,27,9,3,0.9362736480660774,0.13169497237633665,Ambiguous/Mixed,Ambiguous/Mixed,True
26,27,9,4,0.9884713427930487,0.02319125478107792,Ambiguous/Mixed,Ambiguous/Mixed,True
26,27,9,5,0.9172749257311971,0.1726960834040236,Ambiguous/Mixed,Ambiguous/Mixed,True
26,27,9,6,0.3152074179432571,2.3090487743827954,Ambiguous/Mixed,Fibroblasts/Stromal,False
26,27,9,7,0.6922036053035632,0.7357502786470966,Ambiguous/Mixed,Ambiguous/Mixed,True
26,27,9,8,0.9993588613619463,0.0012826885106421632,Ambiguous/Mixed,Ambiguous/Mixed,True
26,27,9,9,0.7821247886386736,0.4914819498069502,Ambiguous/Mixed,Endothelials,False
26,27,9,10,0.9800777907792024,0.04024666424337743,Ambiguous/Mixed,Ambiguous/Mixed,True
26,27,9,11,0.9780280046566627,0.04443394947803607,Ambiguous/Mixed,Ambiguous/Mixed,True
26,27,9,12,0.9847624574078185,0.030709653771714907,Ambiguous/Mixed,Ambiguous/Mixed,True
26,27,9,13,0.9530174259409046,0.09624418028527852,Ambiguous/Mixed,Ambiguous/Mixed,True
26,27,9,14,0.9687470207155361,0.06350354741944728,Ambiguous/Mixed,Ambiguous/Mixed,True
26,27,9,15,0.9892600307171174,0.021596118097824607,Ambiguous/Mixed,Ambiguous/Mixed,True
26,27,9,16,0.610054255689902,0.9884147640322072,Ambiguous/Mixed,Ambiguous/Mixed,True
26,27,9,17,0.8123080312519249,0.41575132384523217,Ambiguous/Mixed,Ambiguous/Mixed,True
26,27,9,18,0.986418193791802,0.027349765326423834,Ambiguous/Mixed,Ambiguous/Mixed,True
26,27,9,19,0.38831333601614004,1.8918853964275573,Ambiguous/Mixed,Ambiguous/Mixed,True
26,27,9,20,0.9906421422083715,0.01880383525747754,Ambiguous/Mixed,Ambiguous/Mixed,True
26,27,9,21,0.9892436902353882,0.021629154137244713,Ambiguous/Mixed,Ambiguous/Mixed,True
26,27,9,22,0.21944259576223044,3.033329206786531,Ambiguous/Mixed,Ambiguous/Mixed,True
26,27,9,23,0.3647114607440027,2.017297513067504,Ambiguous/Mixed,Ambiguous/Mixed,True
26,27,9,24,0.769876720504895,0.5230497603853911,Ambiguous/Mixed,Ambiguous/Mixed,True
26,27,9,25,0.9896225981534047,0.020863245040969876,Ambiguous/Mixed,Ambiguous/Mixed,True
26,27,9,26,0.8119969872067123,0.4165172983278072,Ambiguous/Mixed,Ambiguous/Mixed,True
26,27,9,27,0.9902147745453401,0.01966683079450568,Ambiguous/Mixed,Ambiguous/Mixed,True
26,27,10,1,0.7868979635946607,0.47931338265562096,Fibroblasts/Stromal,Ambiguous/Mixed,False
26,27,10,2,0.12485632091809847,4.161183270878816,Fibroblasts/Stromal,Tumor/Epithelials,False
26,27,10,3,0.9261920417020676,0.15334735478162326,Fibroblasts/Stromal,Ambiguous/Mixed,False
26,27,10,4,0.9789269097511871,0.04259659461384996,Fibroblasts/Stromal,Ambiguous/Mixed,False
26,27,10,5,0.933022459721004,0.13865201168078367,Fibroblasts/Stromal,Ambiguous/Mixed,False
26,27,10,6,0.4790307230882259,1.4719810871383614,Fibroblasts/Stromal,Fibroblasts/Stromal,True
26,27,10,7,0.8242468538282041,0.3865704280983255,Fibroblasts/Stromal,Ambiguous/Mixed,False
26,27,10,8,0.9658161995082265,0.06956346506681657,Fibroblasts/Stromal,Ambiguous/Mixed,False
26,27,10,9,0.8278439531439263,0.3778612094894137,Fibroblasts/Stromal,Endothelials,False
26,27,10,10,0.9860472336123997,0.028102042509328094,Fibroblasts/Stromal,Ambiguous/Mixed,False
26,27,10,11,0.9837968922437554,0.032671627113625236,Fibroblasts/Stromal,Ambiguous/Mixed,False
26,27,10,12,0.987944695479278,0.02425711807309158,Fibroblasts/Stromal,Ambiguous/Mixed,False
26,27,10,13,0.9924293099296411,0.015198986419219882,Fibroblasts/Stromal,Ambiguous/Mixed,False
26,27,10,14,0.9880797829380531,0.023983665065882356,Fibroblasts/Stromal,Ambiguous/Mixed,False
26,27,10,15,0.9860076802822952,0.028182270153763428,Fibroblasts/Stromal,Ambiguous/Mixed,False
26,27,10,16,0.661145573353043,0.8275624627527601,Fibroblasts/Stromal,Ambiguous/Mixed,False
26,27,10,17,0.8223689598729084,0.39113225667746676,Fibroblasts/Stromal,Ambiguous/Mixed,False
26,27,10,18,0.987326791582142,0.025508397041757225,Fibroblasts/Stromal,Ambiguous/Mixed,False
26,27,10,19,0.394881160961214,1.8583408353480027,Fibroblasts/Stromal,Ambiguous/Mixed,False
26,27,10,20,0.9829313021338013,0.03443209440812529,Fibroblasts/Stromal,Ambiguous/Mixed,False
26,27,10,21,0.9861545387681336,0.027884407260556614,Fibroblasts/Stromal,Ambiguous/Mixed,False
26,27,10,22,0.2510769916899795,2.763991294169345,Fibroblasts/Stromal,Ambiguous/Mixed,False
26,27,10,23,0.37885683333483305,1.941193787443073,Fibroblasts/Stromal,Ambiguous/Mixed,False
26,27,10,24,0.7772652239457443,0.5039472865988641,Fibroblasts/Stromal,Ambiguous/Mixed,False
26,27,10,25,0.9842151684074154,0.03182147750667676,Fibroblasts/Stromal,Ambiguous/Mixed,False
26,27,10,26,0.8238815503268734,0.3874570180178778,Fibroblasts/Stromal,Ambiguous/Mixed,False
26,27,10,27,0.9833430703231394,0.03359443268374864,Fibroblasts/Stromal,Ambiguous/Mixed,False
26,27,11,1,0.7205054260009811,0.6556046653764462,Ambiguous/Mixed,Ambiguous/Mixed,True
26,27,11,2,0.10446576240020598,4.5177917875889,Ambiguous/Mixed,Tumor/Epithelials,False
26,27,11,3,0.946915176418615,0.1090915212868829,Ambiguous/Mixed,Ambiguous/Mixed,True
26,27,11,4,0.9934688621341373,0.0131051181351922,Ambiguous/Mixed,Ambiguous/Mixed,True
26,27,11,5,0.9533883770977516,0.09546585457742045,Ambiguous/Mixed,Ambiguous/Mixed,True
26,27,11,6,0.46296356209010864,1.5402138551645528,Ambiguous/Mixed,Fibroblasts/Stromal,False
26,27,11,7,0.8134855583464223,0.41285420994852756,Ambiguous/Mixed,Ambiguous/Mixed,True
26,27,11,8,0.9721275841380395,0.05653644746836854,Ambiguous/Mixed,Ambiguous/Mixed,True
26,27,11,9,0.735221028972666,0.6151682105714034,Ambiguous/Mixed,Endothelials,False
26,27,11,10,0.9911891737489104,0.017699742189562565,Ambiguous/Mixed,Ambiguous/Mixed,True
26,27,11,11,0.9984994762919726,0.003003301242348623,Ambiguous/Mixed,Ambiguous/Mixed,True
26,27,11,12,0.991232923623878,0.017611466589663248,Ambiguous/Mixed,Ambiguous/Mixed,True
26,27,11,13,0.9678915733611492,0.06527041793961585,Ambiguous/Mixed,Ambiguous/Mixed,True
26,27,11,14,0.9815691968853085,0.03720553318800686,Ambiguous/Mixed,Ambiguous/Mixed,True
26,27,11,15,0.9909962224568394,0.01808911301844609,Ambiguous/Mixed,Ambiguous/Mixed,True
26,27,11,16,0.6057529209393677,1.0025661945517703,Ambiguous/Mixed,Ambiguous/Mixed,True
26,27,11,17,0.7513487178762296,0.5717707938772996,Ambiguous/Mixed,Ambiguous/Mixed,True
26,27,11,18,0.9915419947515449,0.01698795430431852,Ambiguous/Mixed,Ambiguous/Mixed,True
26,27,11,19,0.33020436681505266,2.2160870456513475,Ambiguous/Mixed,Ambiguous/Mixed,True
26,27,11,20,0.9901468814278803,0.019803963559688526,Ambiguous/Mixed,Ambiguous/Mixed,True
26,27,11,21,0.9914474969414505,0.01717857116953504,Ambiguous/Mixed,Ambiguous/Mixed,True
26,27,11,22,0.19876373264571293,3.231276865523762,Ambiguous/Mixed,Ambiguous/Mixed,True
26,27,11,23,0.332706016892373,2.200992022165092,Ambiguous/Mixed,Ambiguous/Mixed,True
26,27,11,24,0.7738585135585753,0.5127324422442316,Ambiguous/Mixed,Ambiguous/Mixed,True
26,27,11,25,0.9915918919880802,0.016887311101397136,Ambiguous/Mixed,Ambiguous/Mixed,True
26,27,11,26,0.750017732629748,0.5753168584499071,Ambiguous/Mixed,Ambiguous/Mixed,True
26,27,11,27,0.9916369101303943,0.01679651342384468,Ambiguous/Mixed,Ambiguous/Mixed,True
26,27,12,1,0.7534976349270232,0.5660587994069897,Ambiguous/Mixed,Ambiguous/Mixed,True
26,27,12,2,0.09713142997699345,4.663380538752654,Ambiguous/Mixed,Tumor/Epithelials,False
26,27,12,3,0.9343801883309121,0.13574373937953366,Ambiguous/Mixed,Ambiguous/Mixed,True
26,27,12,4,0.9941703136257318,0.011693490654169738,Ambiguous/Mixed,Ambiguous/Mixed,True
26,27,12,5,0.9332134520632664,0.13824264790909047,Ambiguous/Mixed,Ambiguous/Mixed,True
26,27,12,6,0.4052194973536576,1.8066527798263368,Ambiguous/Mixed,Fibroblasts/Stromal,False
26,27,12,7,0.7855756693431032,0.48267698643384954,Ambiguous/Mixed,Ambiguous/Mixed,True
26,27,12,8,0.982588057385472,0.035130626834491356,Ambiguous/Mixed,Ambiguous/Mixed,True
26,27,12,9,0.7626041115152693,0.5420324802582184,Ambiguous/Mixed,Endothelials,False
26,27,12,10,0.9994237202113573,0.0011528918033231745,Ambiguous/Mixed,Ambiguous/Mixed,True
26,27,12,11,0.9943580108637753,0.011315930553487518,Ambiguous/Mixed,Ambiguous/Mixed,True
26,27,12,12,0.9991069563561945,0.0017868852896964673,Ambiguous/Mixed,Ambiguous/Mixed,True
26,27,12,13,0.9771413937417054,0.04624783010946652,Ambiguous/Mixed,Ambiguous/Mixed,True
26,27,12,14,0.9914970410657958,0.017078630655000024,Ambiguous/Mixed,Ambiguous/Mixed,True
26,27,12,15,0.9964286860379724,0.007155412655406529,Ambiguous/Mixed,Ambiguous/Mixed,True
26,27,12,16,0.623777367542839,0.9439235141174832,Ambiguous/Mixed,Ambiguous/Mixed,True
26,27,12,17,0.7742389349841482,0.5117495030020323,Ambiguous/Mixed,Ambiguous/Mixed,True
26,27,12,18,0.9991015152150537,0.0017977773286769107,Ambiguous/Mixed,Ambiguous/Mixed,True
26,27,12,19,0.3931901561741851,1.8669238523696134,Ambiguous/Mixed,Ambiguous/Mixed,True
26,27,12,20,0.9966650810029314,0.006680984467477476,Ambiguous/Mixed,Ambiguous/Mixed,True
26,27,12,21,0.9974634505600488,0.005079543863951092,Ambiguous/Mixed,Ambiguous/Mixed,True
26,27,12,22,0.2519272527471188,2.757229825443217,Ambiguous/Mixed,Ambiguous/Mixed,True
26,27,12,23,0.4095625612611802,1.7853312252106204,Ambiguous/Mixed,Ambiguous/Mixed,True
26,27,12,24,0.8043535518128545,0.4354327308003427,Ambiguous/Mixed,Ambiguous/Mixed,True
26,27,12,25,0.9979303990582615,0.004143491050466111,Ambiguous/Mixed,Ambiguous/Mixed,True
26,27,12,26,0.776240084185856,0.5065868396234267,Ambiguous/Mixed,Ambiguous/Mixed,True
26,27,12,27,0.9974789813566225,0.005048403523607343,Ambiguous/Mixed,Ambiguous/Mixed,True
26,27,13,1,0.7258743577016211,0.640756680302355,Ambiguous/Mixed,Ambiguous/Mixed,True
26,27,13,2,0.13631738142463895,3.9855388502369977,Ambiguous/Mixed,Tumor/Epithelials,False
26,27,13,3,0.9280086087236958,0.14942853919410135,Ambiguous/Mixed,Ambiguous/Mixed,True
26,27,13,4,0.9645388956584738,0.07221024034535162,Ambiguous/Mixed,Ambiguous/Mixed,True
26,27,13,5,0.9617026668539097,0.07809990841070846,Ambiguous/Mixed,Ambiguous/Mixed,True
26,27,13,6,0.5632413785711351,1.148094012725622,Ambiguous/Mixed,Fibroblasts/Stromal,False
26,27,13,7,0.8365154963022726,0.3570204671195099,Ambiguous/Mixed,Ambiguous/Mixed,True
26,27,13,8,0.954520711665075,0.09309187416725853,Ambiguous/Mixed,Ambiguous/Mixed,True
26,27,13,9,0.7798893621704323,0.49720642546092536,Ambiguous/Mixed,Endothelials,False
26,27,13,10,0.9765301961185827,0.04749921267803055,Ambiguous/Mixed,Ambiguous/Mixed,True
26,27,13,11,0.9696488045369062,0.061642660443360996,Ambiguous/Mixed,Ambiguous/Mixed,True
26,27,13,12,0.9762126591825767,0.04814965559311851,Ambiguous/Mixed,Ambiguous/Mixed,True
26,27,13,13,0.9947681189140543,0.010491230601180793,Ambiguous/Mixed,Ambiguous/Mixed,True
26,27,13,14,0.9805940226399066,0.03919349079721475,Ambiguous/Mixed,Ambiguous/Mixed,True
26,27,13,15,0.9740741932456809,0.05253560895428591,Ambiguous/Mixed,Ambiguous/Mixed,True
26,27,13,16,0.6248297542495629,0.9405521191044024,Ambiguous/Mixed,Ambiguous/Mixed,True
26,27,13,17,0.7663717792800647,0.5321757508919067,Ambiguous/Mixed,Ambiguous/Mixed,True
26,27,13,18,0.9752643201078129,0.0500934943562298,Ambiguous/Mixed,Ambiguous/Mixed,True
26,27,13,19,0.3471311889468514,2.116105008710029,Ambiguous/Mixed,Ambiguous/Mixed,True
26,27,13,20,0.9720400697462395,0.056716502705239244,Ambiguous/Mixed,Ambiguous/Mixed,True
26,27,13,21,0.9730185158021558,0.05470433475159834,Ambiguous/Mixed,Ambiguous/Mixed,True
26,27,13,22,0.20870525856441513,3.1336645369070504,Ambiguous/Mixed,Ambiguous/Mixed,True
26,27,13,23,0.32989667960870245,2.21795153128003,Ambiguous/Mixed,Ambiguous/Mixed,True
26,27,13,24,0.7133257458287352,0.675634192759217,Ambiguous/Mixed,Ambiguous/Mixed,True
26,27,13,25,0.9710363190680649,0.058782815225400444,Ambiguous/Mixed,Ambiguous/Mixed,True
26,27,13,26,0.7673899117340149,0.5295204945780696,Ambiguous/Mixed,Ambiguous/Mixed,True
26,27,13,27,0.970037945624417,0.06084017809882913,Ambiguous/Mixed,Ambiguous/Mixed,True
26,27,14,1,0.7761143559057465,0.5069108075965579,Ambiguous/Mixed,Ambiguous/Mixed,True
26,27,14,2,0.09305677925775852,4.7490908849459395,Ambiguous/Mixed,Tumor/Epithelials,False
26,27,14,3,0.9395530661160653,0.12470195672887756,Ambiguous/Mixed,Ambiguous/Mixed,True
26,27,14,4,0.9965507523023787,0.006910420133736453,Ambiguous/Mixed,Ambiguous/Mixed,True
26,27,14,5,0.9317829557077267,0.14131074311852185,Ambiguous/Mixed,Ambiguous/Mixed,True
26,27,14,6,0.39322371719413285,1.8667531482602144,Ambiguous/Mixed,Fibroblasts/Stromal,False
26,27,14,7,0.7802123142123064,0.49637839725897887,Ambiguous/Mixed,Ambiguous/Mixed,True
26,27,14,8,0.9864774526851371,0.02722961929952407,Ambiguous/Mixed,Ambiguous/Mixed,True
26,27,14,9,0.7831603701061401,0.4888355780253638,Ambiguous/Mixed,Endothelials,False
26,27,14,10,0.9983486964890742,0.0033053368307127537,Ambiguous/Mixed,Ambiguous/Mixed,True
26,27,14,11,0.9956358202459512,0.00874746116866897,Ambiguous/Mixed,Ambiguous/Mixed,True
26,27,14,12,0.9996291658569,0.0007418058381687669,Ambiguous/Mixed,Ambiguous/Mixed,True
26,27,14,13,0.9760072013948978,0.048570628235773,Ambiguous/Mixed,Ambiguous/Mixed,True
26,27,14,14,0.9896340998000831,0.020840000665057395,Ambiguous/Mixed,Ambiguous/Mixed,True
26,27,14,15,0.9984570747591095,0.003088233551661196,Ambiguous/Mixed,Ambiguous/Mixed,True
26,27,14,16,0.6429051751316576,0.8835160763974765,Ambiguous/Mixed,Ambiguous/Mixed,True
26,27,14,17,0.7969231547949532,0.4539940458290593,Ambiguous/Mixed,Ambiguous/Mixed,True
26,27,14,18,0.9997511725878572,0.0004977167496394723,Ambiguous/Mixed,Ambiguous/Mixed,True
26,27,14,19,0.396000477934674,1.8526797216452846,Ambiguous/Mixed,Ambiguous/Mixed,True
26,27,14,20,0.9982388739383988,0.0035253573345218987,Ambiguous/Mixed,Ambiguous/Mixed,True
26,27,14,21,0.9990420006056805,0.0019169171380442251,Ambiguous/Mixed,Ambiguous/Mixed,True
26,27,14,22,0.25047756173774255,2.7687718727408526,Ambiguous/Mixed,Ambiguous/Mixed,True
26,27,14,23,0.3958306222145345,1.853537761814269,Ambiguous/Mixed,Ambiguous/Mixed,True
26,27,14,24,0.8013915510735902,0.4428112470878807,Ambiguous/Mixed,Ambiguous/Mixed,True
26,27,14,25,0.9993391466680742,0.0013221435834817365,Ambiguous/Mixed,Ambiguous/Mixed,True
26,27,14,26,0.798555548166976,0.44990149620468817,Ambiguous/Mixed,Ambiguous/Mixed,True
26,27,14,27,0.9990445974713122,0.001911718433174692,Ambiguous/Mixed,Ambiguous/Mixed,True
26,27,15,1,0.5960077048333546,1.03500336885521,Ambiguous/Mixed,Ambiguous/Mixed,True
26,27,15,2,0.04925811498430631,6.021362307364762,Ambiguous/Mixed,Tumor/Epithelials,False
26,27,15,3,0.6413423602939842,0.8883837224423621,Ambiguous/Mixed,Ambiguous/Mixed,True
26,27,15,4,0.7874329530241303,0.4779541018477162,Ambiguous/Mixed,Ambiguous/Mixed,True
26,27,15,5,0.6483497088666151,0.8666501080494478,Ambiguous/Mixed,Ambiguous/Mixed,True
26,27,15,6,0.25838761922675474,2.7065888428614366,Ambiguous/Mixed,Fibroblasts/Stromal,False
26,27,15,7,0.5835193762679411,1.0773552416704881,Ambiguous/Mixed,Ambiguous/Mixed,True
26,27,15,8,0.8102744413422602,0.4207645444581311,Ambiguous/Mixed,Ambiguous/Mixed,True
26,27,15,9,0.5950020206243889,1.0383809548697949,Ambiguous/Mixed,Endothelials,False
26,27,15,10,0.7791344011644215,0.4991434352301898,Ambiguous/Mixed,Ambiguous/Mixed,True
26,27,15,11,0.7478949837656191,0.5809854137987485,Ambiguous/Mixed,Ambiguous/Mixed,True
26,27,15,12,0.7888962550174523,0.47424091197295226,Ambiguous/Mixed,Ambiguous/Mixed,True
26,27,15,13,0.7667581339534949,0.531167735385135,Ambiguous/Mixed,Ambiguous/Mixed,True
26,27,15,14,0.723052399008445,0.648547170051329,Ambiguous/Mixed,Ambiguous/Mixed,True
26,27,15,15,0.7760003762624458,0.5072045478495,Ambiguous/Mixed,Ambiguous/Mixed,True
26,27,15,16,0.4644295881809625,1.5338906369626626,Ambiguous/Mixed,Ambiguous/Mixed,True
26,27,15,17,0.6091397889961421,0.9914149980613511,Ambiguous/Mixed,Ambiguous/Mixed,True
26,27,15,18,0.771178898421593,0.5196697961306869,Ambiguous/Mixed,Ambiguous/Mixed,True
26,27,15,19,0.4703468107632682,1.5085699222957574,Ambiguous/Mixed,Ambiguous/Mixed,True
26,27,15,20,0.7829790603418444,0.4892986524147338,Ambiguous/Mixed,Ambiguous/Mixed,True
26,27,15,21,0.7863652304987293,0.4806678492656395,Ambiguous/Mixed,Ambiguous/Mixed,True
26,27,15,22,0.284244500309702,2.5158409892271902,Ambiguous/Mixed,Ambiguous/Mixed,True
26,27,15,23,0.46961396548575873,1.5116885436021639,Ambiguous/Mixed,Ambiguous/Mixed,True
26,27,15,24,0.6019355263711481,1.0152098769201559,Ambiguous/Mixed,Ambiguous/Mixed,True
26,27,15,25,0.7841831222084958,0.4862254233208319,Ambiguous/Mixed,Ambiguous/Mixed,True
26,27,15,26,0.6123137369754463,0.9810209714182961,Ambiguous/Mixed,Ambiguous/Mixed,True
26,27,15,27,0.7863392061115295,0.4807340394196097,Ambiguous/Mixed,Ambiguous/Mixed,True
26,27,16,1,0.7402514236927155,0.6015307774859213,Tumor/Epithelials,Ambiguous/Mixed,False
26,27,16,2,0.11229229405576782,4.37330007772806,Tumor/Epithelials,Tumor/Epithelials,True
26,27,16,3,0.9366881868135081,0.1308096606812882,Tumor/Epithelials,Ambiguous/Mixed,False
26,27,16,4,0.9878371943475142,0.024474755723124436,Tumor/Epithelials,Ambiguous/Mixed,False
26,27,16,5,0.9365305327427457,0.13114630918792275,Tumor/Epithelials,Ambiguous/Mixed,False
26,27,16,6,0.44224250107402246,1.6317938047824172,Tumor/Epithelials,Fibroblasts/Stromal,False
26,27,16,7,0.7939676785423279,0.46142505137818113,Tumor/Epithelials,Ambiguous/Mixed,False
26,27,16,8,0.9765930700184553,0.047370446816736723,Tumor/Epithelials,Ambiguous/Mixed,False
26,27,16,9,0.7605738579875133,0.547364108658182,Tumor/Epithelials,Endothelials,False
26,27,16,10,0.9980710979468408,0.0038615295609113415,Tumor/Epithelials,Ambiguous/Mixed,False
26,27,16,11,0.9920616570166251,0.015940038756259142,Tumor/Epithelials,Ambiguous/Mixed,False
26,27,16,12,0.9960035123691424,0.00800898985742847,Tumor/Epithelials,Ambiguous/Mixed,False
26,27,16,13,0.9839039034392963,0.03245409161050161,Tumor/Epithelials,Ambiguous/Mixed,False
26,27,16,14,0.997768220980479,0.004468546299813029,Tumor/Epithelials,Ambiguous/Mixed,False
26,27,16,15,0.99237211455,0.015314253123387692,Tumor/Epithelials,Ambiguous/Mixed,False
26,27,16,16,0.5967031253683795,1.0326711334257328,Tumor/Epithelials,Ambiguous/Mixed,False
26,27,16,17,0.7664996581848089,0.5318420532264263,Tumor/Epithelials,Ambiguous/Mixed,False
26,27,16,18,0.9961891889661527,0.00763618134864622,Tumor/Epithelials,Ambiguous/Mixed,False
26,27,16,19,0.3598715267959838,2.044016362472788,Tumor/Epithelials,Ambiguous/Mixed,False
26,27,16,20,0.9926609810846642,0.014732164013964799,Tumor/Epithelials,Ambiguous/Mixed,False
26,27,16,21,0.9928474876841549,0.014356428321122513,Tumor/Epithelials,Ambiguous/Mixed,False
26,27,16,22,0.2218371186507191,3.011623732341594,Tumor/Epithelials,Ambiguous/Mixed,False
26,27,16,23,0.3760570236491704,1.9560289768996824,Tumor/Epithelials,Ambiguous/Mixed,False
26,27,16,24,0.7719947650653889,0.5175550199674684,Tumor/Epithelials,Ambiguous/Mixed,False
26,27,16,25,0.9931293274837262,0.013788768519032506,Tumor/Epithelials,Ambiguous/Mixed,False
26,27,16,26,0.7676088660294763,0.528949929180577,Tumor/Epithelials,Ambiguous/Mixed,False
26,27,16,27,0.9924745539531181,0.015107810167698183,Tumor/Epithelials,Ambiguous/Mixed,False
26,27,17,1,0.7475654894233639,0.5818667325724488,Ambiguous/Mixed,Ambiguous/Mixed,True
26,27,17,2,0.09059516046580948,4.802708967704168,Ambiguous/Mixed,Tumor/Epithelials,False
26,27,17,3,0.9514373055170544,0.09956296914454235,Ambiguous/Mixed,Ambiguous/Mixed,True
26,27,17,4,0.9928454457075668,0.014360541699487781,Ambiguous/Mixed,Ambiguous/Mixed,True
26,27,17,5,0.9528835910100343,0.09652506566159134,Ambiguous/Mixed,Ambiguous/Mixed,True
26,27,17,6,0.43077014326460794,1.6843612828596737,Ambiguous/Mixed,Fibroblasts/Stromal,False
26,27,17,7,0.7789078233758546,0.49972513394565526,Ambiguous/Mixed,Ambiguous/Mixed,True
26,27,17,8,0.9860524909982319,0.02809137897996059,Ambiguous/Mixed,Ambiguous/Mixed,True
26,27,17,9,0.7537952540354758,0.5652689884432418,Ambiguous/Mixed,Endothelials,False
26,27,17,10,0.9927792043614029,0.014493983528357453,Ambiguous/Mixed,Ambiguous/Mixed,True
26,27,17,11,0.9900014205159826,0.020097801979803882,Ambiguous/Mixed,Ambiguous/Mixed,True
26,27,17,12,0.9931596279755052,0.013727749216280873,Ambiguous/Mixed,Ambiguous/Mixed,True
26,27,17,13,0.9747582200255656,0.05113163639447772,Ambiguous/Mixed,Ambiguous/Mixed,True
26,27,17,14,0.9859645036221195,0.028269850821553876,Ambiguous/Mixed,Ambiguous/Mixed,True
26,27,17,15,0.994553531143329,0.010922709887703188,Ambiguous/Mixed,Ambiguous/Mixed,True
26,27,17,16,0.616449286605109,0.9675584398628619,Ambiguous/Mixed,Ambiguous/Mixed,True
26,27,17,17,0.7697479376706399,0.5233843428016227,Ambiguous/Mixed,Ambiguous/Mixed,True
26,27,17,18,0.9950692964765608,0.009885799097125222,Ambiguous/Mixed,Ambiguous/Mixed,True
26,27,17,19,0.3493389147813872,2.103425450938524,Ambiguous/Mixed,Ambiguous/Mixed,True
26,27,17,20,0.9968404850247867,0.00632903356190244,Ambiguous/Mixed,Ambiguous/Mixed,True
26,27,17,21,0.9945745048679207,0.010880533166622075,Ambiguous/Mixed,Ambiguous/Mixed,True
26,27,17,22,0.20947533494913662,3.1262985589813863,Ambiguous/Mixed,Ambiguous/Mixed,True
26,27,17,23,0.34553441302251464,2.125326074392246,Ambiguous/Mixed,Ambiguous/Mixed,True
26,27,17,24,0.7735999088034273,0.5134009054580233,Ambiguous/Mixed,Ambiguous/Mixed,True
26,27,17,25,0.9948134532055513,0.010400087232866423,Ambiguous/Mixed,Ambiguous/Mixed,True
26,27,17,26,0.7703071458014418,0.5219319060378205,Ambiguous/Mixed,Ambiguous/Mixed,True
26,27,17,27,0.9946959665499988,0.010636299546359194,Ambiguous/Mixed,Ambiguous/Mixed,True
26,27,18,1,0.775734963703482,0.5078887175135302,Ambiguous/Mixed,Ambiguous/Mixed,True
26,27,18,2,0.08712064301103467,4.880922839267166,Ambiguous/Mixed,Tumor/Epithelials,False
26,27,18,3,0.9414834738557297,0.12059696806686185,Ambiguous/Mixed,Ambiguous/Mixed,True
26,27,18,4,0.9982762967351709,0.0034503811012806668,Ambiguous/Mixed,Ambiguous/Mixed,True
26,27,18,5,0.9292871853730101,0.14667490812391235,Ambiguous/Mixed,Ambiguous/Mixed,True
26,27,18,6,0.38187942942223424,1.9253006999637063,Ambiguous/Mixed,Fibroblasts/Stromal,False
26,27,18,7,0.7721645197871047,0.5171152862584794,Ambiguous/Mixed,Ambiguous/Mixed,True
26,27,18,8,0.9896153713738085,0.02087785021671413,Ambiguous/Mixed,Ambiguous/Mixed,True
26,27,18,9,0.776739780487432,0.5052997751091004,Ambiguous/Mixed,Endothelials,False
26,27,18,10,0.9967599646796956,0.006490591200288498,Ambiguous/Mixed,Ambiguous/Mixed,True
26,27,18,11,0.9952014520303307,0.009620195929187971,Ambiguous/Mixed,Ambiguous/Mixed,True
26,27,18,12,0.9985534220060049,0.002895250596135909,Ambiguous/Mixed,Ambiguous/Mixed,True
26,27,18,13,0.9722991612716274,0.056183485579856446,Ambiguous/Mixed,Ambiguous/Mixed,True
26,27,18,14,0.9866118758816386,0.02695710615019381,Ambiguous/Mixed,Ambiguous/Mixed,True
26,27,18,15,0.9989539554603335,0.0020931840521721443,Ambiguous/Mixed,Ambiguous/Mixed,True
26,27,18,16,0.6299659120442515,0.9241791378534193,Ambiguous/Mixed,Ambiguous/Mixed,True
26,27,18,17,0.7950545106619789,0.45868919961598376,Ambiguous/Mixed,Ambiguous/Mixed,True
26,27,18,18,0.9992030813204155,0.0015944727761571494,Ambiguous/Mixed,Ambiguous/Mixed,True
26,27,18,19,0.3946894518042311,1.8593120425213736,Ambiguous/Mixed,Ambiguous/Mixed,True
26,27,18,20,0.9992109838059429,0.0015786552623287655,Ambiguous/Mixed,Ambiguous/Mixed,True
26,27,18,21,0.9997155529659486,0.0005689749935642342,Ambiguous/Mixed,Ambiguous/Mixed,True
26,27,18,22,0.2460193092018416,2.8046905068795027,Ambiguous/Mixed,Ambiguous/Mixed,True
26,27,18,23,0.3976465548349561,1.844383442858064,Ambiguous/Mixed,Ambiguous/Mixed,True
26,27,18,24,0.795136140866256,0.4584838652322849,Ambiguous/Mixed,Ambiguous/Mixed,True
26,27,18,25,0.9998906491953568,0.00021871356775671473,Ambiguous/Mixed,Ambiguous/Mixed,True
26,27,18,26,0.7959481367703801,0.4564425001430023,Ambiguous/Mixed,Ambiguous/Mixed,True
26,27,18,27,0.9998693925387161,0.00026123198236216146,Ambiguous/Mixed,Ambiguous/Mixed,True
26,27,19,1,0.9719752684598942,0.05684983763340708,Ambiguous/Mixed,Ambiguous/Mixed,True
26,27,19,2,0.042145025288194186,6.333277251009073,Ambiguous/Mixed,Tumor/Epithelials,False
26,27,19,3,0.8406686163739174,0.3471154637773542,Ambiguous/Mixed,Ambiguous/Mixed,True
26,27,19,4,0.7942327722940512,0.460757393201795,Ambiguous/Mixed,Ambiguous/Mixed,True
26,27,19,5,0.6233312244204513,0.9453544821800722,Ambiguous/Mixed,Ambiguous/Mixed,True
26,27,19,6,0.26409374927738966,2.6629022559471403,Ambiguous/Mixed,Fibroblasts/Stromal,False
26,27,19,7,0.5220841374692649,1.2998530423935057,Ambiguous/Mixed,Ambiguous/Mixed,True
26,27,19,8,0.8461784861375351,0.33404993021284257,Ambiguous/Mixed,Ambiguous/Mixed,True
26,27,19,9,0.9767430628659993,0.047063294667521544,Ambiguous/Mixed,Endothelials,False
26,27,19,10,0.754697725397602,0.5628759472236933,Ambiguous/Mixed,Ambiguous/Mixed,True
26,27,19,11,0.7902570540723693,0.47079400309104613,Ambiguous/Mixed,Ambiguous/Mixed,True
26,27,19,12,0.8056805538645219,0.43213590038545024,Ambiguous/Mixed,Ambiguous/Mixed,True
26,27,19,13,0.800408681006005,0.44526566099357057,Ambiguous/Mixed,Ambiguous/Mixed,True
26,27,19,14,0.7887102200836943,0.47471260104765217,Ambiguous/Mixed,Ambiguous/Mixed,True
26,27,19,15,0.8042989942430581,0.43556839109554124,Ambiguous/Mixed,Ambiguous/Mixed,True
26,27,19,16,0.7579239212332319,0.5543445322862629,Ambiguous/Mixed,Ambiguous/Mixed,True
26,27,19,17,0.9989520240372874,0.0020970509469426402,Ambiguous/Mixed,Ambiguous/Mixed,True
26,27,19,18,0.799338721365437,0.44794098285632233,Ambiguous/Mixed,Ambiguous/Mixed,True
26,27,19,19,0.479780583768786,1.4688527934769133,Ambiguous/Mixed,Ambiguous/Mixed,True
26,27,19,20,0.8020137864287319,0.4412589624052139,Ambiguous/Mixed,Ambiguous/Mixed,True
26,27,19,21,0.7982028727115991,0.4507849747735197,Ambiguous/Mixed,Ambiguous/Mixed,True
26,27,19,22,0.2789639400010211,2.5533455056441854,Ambiguous/Mixed,Ambiguous/Mixed,True
26,27,19,23,0.27840874298439505,2.557329893234019,Ambiguous/Mixed,Ambiguous/Mixed,True
26,27,19,24,0.6128764763972399,0.979183740088095,Ambiguous/Mixed,Ambiguous/Mixed,True
26,27,19,25,0.7962718631912302,0.45562922955145435,Ambiguous/Mixed,Ambiguous/Mixed,True
26,27,19,26,0.9990181105237138,0.001964743691078766,Ambiguous/Mixed,Ambiguous/Mixed,True
26,27,19,27,0.7938930105448068,0.46161314847785545,Ambiguous/Mixed,Ambiguous/Mixed,True
26,27,20,1,0.7772360171131101,0.5040224408203372,Ambiguous/Mixed,Ambiguous/Mixed,True
26,27,20,2,0.09278491602617285,4.754942390445823,Ambiguous/Mixed,Tumor/Epithelials,False
26,27,20,3,0.9435952532927775,0.11611592376870825,Ambiguous/Mixed,Ambiguous/Mixed,True
26,27,20,4,0.9969271971517921,0.006155067200956448,Ambiguous/Mixed,Ambiguous/Mixed,True
26,27,20,5,0.9354328928033299,0.13349173976681494,Ambiguous/Mixed,Ambiguous/Mixed,True
26,27,20,6,0.39933057626366897,1.835931386359631,Ambiguous/Mixed,Fibroblasts/Stromal,False
26,27,20,7,0.7802033792090768,0.4964013014203955,Ambiguous/Mixed,Ambiguous/Mixed,True
26,27,20,8,0.9875007930690013,0.02515595819866647,Ambiguous/Mixed,Ambiguous/Mixed,True
26,27,20,9,0.7834838088274642,0.4880097651694044,Ambiguous/Mixed,Endothelials,False
26,27,20,10,0.9979587258244003,0.004086720830542535,Ambiguous/Mixed,Ambiguous/Mixed,True
26,27,20,11,0.9959468589856516,0.008122754506027823,Ambiguous/Mixed,Ambiguous/Mixed,True
26,27,20,12,0.9993507328159131,0.0012989560986038373,Ambiguous/Mixed,Ambiguous/Mixed,True
26,27,20,13,0.9766330806922009,0.047288509200374966,Ambiguous/Mixed,Ambiguous/Mixed,True
26,27,20,14,0.9902489490478623,0.01959780756097009,Ambiguous/Mixed,Ambiguous/Mixed,True
26,27,20,15,0.9988706306117762,0.002260015212798689,Ambiguous/Mixed,Ambiguous/Mixed,True
26,27,20,16,0.6378494187332008,0.8993060885779887,Ambiguous/Mixed,Ambiguous/Mixed,True
26,27,20,17,0.7982270041801833,0.450724511188027,Ambiguous/Mixed,Ambiguous/Mixed,True
26,27,20,18,0.9998985238541948,0.00020296258971525157,Ambiguous/Mixed,Ambiguous/Mixed,True
26,27,20,19,0.3866835178130283,1.9002974078970116,Ambiguous/Mixed,Ambiguous/Mixed,True
26,27,20,20,0.9988646774023631,0.0022719351290944392,Ambiguous/Mixed,Ambiguous/Mixed,True
26,27,20,21,0.9992630185393812,0.0014745063299155406,Ambiguous/Mixed,Ambiguous/Mixed,True
26,27,20,22,0.2401608983685473,2.852892340791014,Ambiguous/Mixed,Ambiguous/Mixed,True
26,27,20,23,0.38311949312013804,1.9188166919604925,Ambiguous/Mixed,Ambiguous/Mixed,True
26,27,20,24,0.7992676590098027,0.4481187936208823,Ambiguous/Mixed,Ambiguous/Mixed,True
26,27,20,25,0.9995035192388416,0.0009932080970793291,Ambiguous/Mixed,Ambiguous/Mixed,True
26,27,20,26,0.7994496784452262,0.4476633799415642,Ambiguous/Mixed,Ambiguous/Mixed,True
26,27,20,27,0.9992635839090307,0.0014733747569879718,Ambiguous/Mixed,Ambiguous/Mixed,True
26,27,21,1,0.40537630580688755,1.8058789862558564,Ambiguous/Mixed,Ambiguous/Mixed,True
26,27,21,2,0.00696687544409636,9.93317688215281,Ambiguous/Mixed,Tumor/Epithelials,False
26,27,21,3,0.17384499676980963,3.499182399896749,Ambiguous/Mixed,Ambiguous/Mixed,True
26,27,21,4,0.304408498741151,2.378769467470735,Ambiguous/Mixed,Ambiguous/Mixed,True
26,27,21,5,0.13083534791967422,4.067631264868347,Ambiguous/Mixed,Ambiguous/Mixed,True
26,27,21,6,0.0733213323775164,5.225807368174825,Ambiguous/Mixed,Fibroblasts/Stromal,False
26,27,21,7,0.1894296416948208,3.3274752146698896,Ambiguous/Mixed,Ambiguous/Mixed,True
26,27,21,8,0.3107087463553665,2.3377986249907847,Ambiguous/Mixed,Ambiguous/Mixed,True
26,27,21,9,0.347622330309028,2.1132772925178553,Ambiguous/Mixed,Endothelials,False
26,27,21,10,0.298157703824879,2.420265449983166,Ambiguous/Mixed,Ambiguous/Mixed,True
26,27,21,11,0.2776648219646913,2.562681138180036,Ambiguous/Mixed,Ambiguous/Mixed,True
26,27,21,12,0.31261603030276935,2.3255591635009614,Ambiguous/Mixed,Ambiguous/Mixed,True
26,27,21,13,0.27732858227946283,2.565104516359278,Ambiguous/Mixed,Ambiguous/Mixed,True
26,27,21,14,0.2903111423136362,2.4736040532451025,Ambiguous/Mixed,Ambiguous/Mixed,True
26,27,21,15,0.3043136635871851,2.3793926427753465,Ambiguous/Mixed,Ambiguous/Mixed,True
26,27,21,16,0.2495212492768283,2.7764223999498134,Ambiguous/Mixed,Ambiguous/Mixed,True
26,27,21,17,0.35188954065644584,2.088875915168792,Ambiguous/Mixed,Ambiguous/Mixed,True
26,27,21,18,0.30916383449521573,2.3477678677459815,Ambiguous/Mixed,Ambiguous/Mixed,True
26,27,21,19,0.6583383723827263,0.8360724721841515,Ambiguous/Mixed,Ambiguous/Mixed,True
26,27,21,20,0.3046756208931255,2.3770152127759268,Ambiguous/Mixed,Ambiguous/Mixed,True
26,27,21,21,0.30872249999162354,2.350624927719714,Ambiguous/Mixed,Ambiguous/Mixed,True
26,27,21,22,0.7270473111082165,0.637527452776612,Ambiguous/Mixed,Ambiguous/Mixed,True
26,27,21,23,0.7401521817859816,0.6017989257301304,Ambiguous/Mixed,Ambiguous/Mixed,True
26,27,21,24,0.3659989944215791,2.0102493861331387,Ambiguous/Mixed,Ambiguous/Mixed,True
26,27,21,25,0.3089505073136899,2.34914837083783,Ambiguous/Mixed,Ambiguous/Mixed,True
26,27,21,26,0.36941383074866513,1.991675541601552,Ambiguous/Mixed,Ambiguous/Mixed,True
26,27,21,27,0.3082143833475053,2.353919376618665,Ambiguous/Mixed,Ambiguous/Mixed,True
26,27,22,1,0.7705686905242808,0.5212529552250815,Ambiguous/Mixed,Ambiguous/Mixed,True
26,27,22,2,0.08789524327978569,4.863219181777102,Ambiguous/Mixed,Tumor/Epithelials,False
26,27,22,3,0.9421320774059729,0.11921960934746983,Ambiguous/Mixed,Ambiguous/Mixed,True
26,27,22,4,0.9980586045052152,0.0038865648912515937,Ambiguous/Mixed,Ambiguous/Mixed,True
26,27,22,5,0.9318641841103155,0.14113640023803822,Ambiguous/Mixed,Ambiguous/Mixed,True
26,27,22,6,0.3872454884107639,1.8973929001605934,Ambiguous/Mixed,Fibroblasts/Stromal,False
26,27,22,7,0.7735074115533681,0.5136400543495122,Ambiguous/Mixed,Ambiguous/Mixed,True
26,27,22,8,0.9896672986935314,0.020772908521381524,Ambiguous/Mixed,Ambiguous/Mixed,True
26,27,22,9,0.7710644984004158,0.5199665068097478,Ambiguous/Mixed,Endothelials,False
26,27,22,10,0.9969422429381075,0.0061248831056226315,Ambiguous/Mixed,Ambiguous/Mixed,True
26,27,22,11,0.9952802772212016,0.009461791680098563,Ambiguous/Mixed,Ambiguous/Mixed,True
26,27,22,12,0.998419129874876,0.003164242037615464,Ambiguous/Mixed,Ambiguous/Mixed,True
26,27,22,13,0.9725890688584861,0.055587240336526636,Ambiguous/Mixed,Ambiguous/Mixed,True
26,27,22,14,0.9874874267899729,0.025183029305003508,Ambiguous/Mixed,Ambiguous/Mixed,True
26,27,22,15,0.9989634352304746,0.0020742047486527852,Ambiguous/Mixed,Ambiguous/Mixed,True
26,27,22,16,0.6183738267872804,0.961324213374557,Ambiguous/Mixed,Ambiguous/Mixed,True
26,27,22,17,0.78924314405212,0.47336167648726823,Ambiguous/Mixed,Ambiguous/Mixed,True
26,27,22,18,0.9993179537583748,0.0013645578819537728,Ambiguous/Mixed,Ambiguous/Mixed,True
26,27,22,19,0.38911317141271623,1.887770097187634,Ambiguous/Mixed,Ambiguous/Mixed,True
26,27,22,20,0.9992098286564908,0.0015809673868721359,Ambiguous/Mixed,Ambiguous/Mixed,True
26,27,22,21,0.9995768920454622,0.0008463949799294224,Ambiguous/Mixed,Ambiguous/Mixed,True
26,27,22,22,0.23924696996027572,2.860517826944222,Ambiguous/Mixed,Ambiguous/Mixed,True
26,27,22,23,0.39431664435569647,1.8612020531466058,Ambiguous/Mixed,Ambiguous/Mixed,True
26,27,22,24,0.8017883559029673,0.4418212026499403,Ambiguous/Mixed,Ambiguous/Mixed,True
26,27,22,25,0.9997937799709511,0.0004124825906457231,Ambiguous/Mixed,Ambiguous/Mixed,True
26,27,22,26,0.7899980806701706,0.4714495261109014,Ambiguous/Mixed,Ambiguous/Mixed,True
26,27,22,27,0.9998176845426368,0.00036466415769292534,Ambiguous/Mixed,Ambiguous/Mixed,True
26,27,23,1,0.20506142639506927,3.1688914075511114,Ambiguous/Mixed,Ambiguous/Mixed,True
26,27,23,2,0.01756357225652457,8.083856559999177,Ambiguous/Mixed,Tumor/Epithelials,False
26,27,23,3,0.15035651295419084,3.789492103735985,Ambiguous/Mixed,Ambiguous/Mixed,True
26,27,23,4,0.3050712282811526,2.3744199885836377,Ambiguous/Mixed,Ambiguous/Mixed,True
26,27,23,5,0.1749381745372809,3.4866453116761043,Ambiguous/Mixed,Ambiguous/Mixed,True
26,27,23,6,0.08152066696204643,5.013797417050987,Ambiguous/Mixed,Fibroblasts/Stromal,False
26,27,23,7,0.2249705647430831,2.9835714173998293,Ambiguous/Mixed,Ambiguous/Mixed,True
26,27,23,8,0.2716864677995431,2.606213138919753,Ambiguous/Mixed,Ambiguous/Mixed,True
26,27,23,9,0.19883434420868373,3.2305664841831696,Ambiguous/Mixed,Endothelials,False
26,27,23,10,0.31953241875491006,2.281793086320945,Ambiguous/Mixed,Ambiguous/Mixed,True
26,27,23,11,0.28037958276419384,2.543221882302316,Ambiguous/Mixed,Ambiguous/Mixed,True
26,27,23,12,0.31140252681358993,2.3333378104982083,Ambiguous/Mixed,Ambiguous/Mixed,True
26,27,23,13,0.27193816533393084,2.60436114372283,Ambiguous/Mixed,Ambiguous/Mixed,True
26,27,23,14,0.27249337948543845,2.6002819212805175,Ambiguous/Mixed,Ambiguous/Mixed,True
26,27,23,15,0.299066106855455,2.41418127373377,Ambiguous/Mixed,Ambiguous/Mixed,True
26,27,23,16,0.24000440203007917,2.8541960280327157,Ambiguous/Mixed,Ambiguous/Mixed,True
26,27,23,17,0.185453648998262,3.369900597573659,Ambiguous/Mixed,Ambiguous/Mixed,True
26,27,23,18,0.3081549045981108,2.354305370864273,Ambiguous/Mixed,Ambiguous/Mixed,True
26,27,23,19,0.3490659472203885,2.1049888282272544,Ambiguous/Mixed,Ambiguous/Mixed,True
26,27,23,20,0.30225696048482287,2.3929555217061296,Ambiguous/Mixed,Ambiguous/Mixed,True
26,27,23,21,0.3101007884434364,2.3417158206664364,Ambiguous/Mixed,Ambiguous/Mixed,True
26,27,23,22,0.6975978786899922,0.7202248945213888,Ambiguous/Mixed,Ambiguous/Mixed,True
26,27,23,23,0.7445242878808929,0.5900196086262106,Ambiguous/Mixed,Ambiguous/Mixed,True
26,27,23,24,0.36560804510230505,2.0123868688820234,Ambiguous/Mixed,Ambiguous/Mixed,True
26,27,23,25,0.31097739986866557,2.336070077352052,Ambiguous/Mixed,Ambiguous/Mixed,True
26,27,23,26,0.20450829263651152,3.1742935070633087,Ambiguous/Mixed,Ambiguous/Mixed,True
26,27,23,27,0.3090659423804754,2.3484012381802115,Ambiguous/Mixed,Ambiguous/Mixed,True
26,27,24,1,0.7786507127754025,0.5003854252844905,Ambiguous/Mixed,Ambiguous/Mixed,True
26,27,24,2,0.0865700821540935,4.893601989529135,Ambiguous/Mixed,Tumor/Epithelials,False
26,27,24,3,0.9429338572697757,0.11751827912362249,Ambiguous/Mixed,Ambiguous/Mixed,True
26,27,24,4,0.9984340572149407,0.0031343403099140096,Ambiguous/Mixed,Ambiguous/Mixed,True
26,27,24,5,0.9300847690223404,0.1449590950046198,Ambiguous/Mixed,Ambiguous/Mixed,True
26,27,24,6,0.38121354812809416,1.9287911341977548,Ambiguous/Mixed,Fibroblasts/Stromal,False
26,27,24,7,0.7698588230190123,0.5230962553460583,Ambiguous/Mixed,Ambiguous/Mixed,True
26,27,24,8,0.9902391226127162,0.01961765405292687,Ambiguous/Mixed,Ambiguous/Mixed,True
26,27,24,9,0.7787193175346908,0.500209218582172,Ambiguous/Mixed,Endothelials,False
26,27,24,10,0.9963560819772643,0.00730114652873891,Ambiguous/Mixed,Ambiguous/Mixed,True
26,27,24,11,0.995372227926799,0.009277026724035164,Ambiguous/Mixed,Ambiguous/Mixed,True
26,27,24,12,0.9984481669312658,0.0031060768176465626,Ambiguous/Mixed,Ambiguous/Mixed,True
26,27,24,13,0.9720527455360818,0.05669042207834148,Ambiguous/Mixed,Ambiguous/Mixed,True
26,27,24,14,0.9865250064883664,0.02713321028996124,Ambiguous/Mixed,Ambiguous/Mixed,True
26,27,24,15,0.9991280523607587,0.0017446560134141927,Ambiguous/Mixed,Ambiguous/Mixed,True
26,27,24,16,0.6303690616429098,0.9228996379717994,Ambiguous/Mixed,Ambiguous/Mixed,True
26,27,24,17,0.7977251675366273,0.45198228487069547,Ambiguous/Mixed,Ambiguous/Mixed,True
26,27,24,18,0.9991761530766115,0.001648372943536998,Ambiguous/Mixed,Ambiguous/Mixed,True
26,27,24,19,0.3932134436218222,1.8668054020082472,Ambiguous/Mixed,Ambiguous/Mixed,True
26,27,24,20,0.9992832576969766,0.0014339985711774295,Ambiguous/Mixed,Ambiguous/Mixed,True
26,27,24,21,0.9997553687762517,0.0004893223016939744,Ambiguous/Mixed,Ambiguous/Mixed,True
26,27,24,22,0.24226768822874978,2.8354240289053663,Ambiguous/Mixed,Ambiguous/Mixed,True
26,27,24,23,0.3915585749518607,1.8752403160149407,Ambiguous/Mixed,Ambiguous/Mixed,True
26,27,24,24,0.7977107517533051,0.4520184274274682,Ambiguous/Mixed,Ambiguous/Mixed,True
26,27,24,25,0.9999309403589509,0.0001381240515517936,Ambiguous/Mixed,Ambiguous/Mixed,True
26,27,24,26,0.7984638960285149,0.4501310541825696,Ambiguous/Mixed,Ambiguous/Mixed,True
26,27,24,27,0.999931775885463,0.00013645288381561988,Ambiguous/Mixed,Ambiguous/Mixed,True
26,27,25,1,0.6076104630944186,0.9964425760854545,Ambiguous/Mixed,Ambiguous/Mixed,True
26,27,25,2,0.09586353758351104,4.689659164571035,Ambiguous/Mixed,Tumor/Epithelials,False
26,27,25,3,0.6339273533991031,0.9116418313084458,Ambiguous/Mixed,Ambiguous/Mixed,True
26,27,25,4,0.7892261003098212,0.4734048670463756,Ambiguous/Mixed,Ambiguous/Mixed,True
26,27,25,5,0.6273787849228052,0.932409596147928,Ambiguous/Mixed,Ambiguous/Mixed,True
26,27,25,6,0.28359142207629495,2.520441462678188,Ambiguous/Mixed,Fibroblasts/Stromal,False
26,27,25,7,0.6041516486342909,1.0078600773265314,Ambiguous/Mixed,Ambiguous/Mixed,True
26,27,25,8,0.7669053717721491,0.5307837194166857,Ambiguous/Mixed,Ambiguous/Mixed,True
26,27,25,9,0.6208396169995646,0.9533649922123442,Ambiguous/Mixed,Endothelials,False
26,27,25,10,0.8036361704263878,0.4372172731370011,Ambiguous/Mixed,Ambiguous/Mixed,True
26,27,25,11,0.7795642664331035,0.4980402963399955,Ambiguous/Mixed,Ambiguous/Mixed,True
26,27,25,12,0.7755051871119382,0.5084812153111242,Ambiguous/Mixed,Ambiguous/Mixed,True
26,27,25,13,0.7399088042294273,0.6024566758121813,Ambiguous/Mixed,Ambiguous/Mixed,True
26,27,25,14,0.7847373403497722,0.48481243094153637,Ambiguous/Mixed,Ambiguous/Mixed,True
26,27,25,15,0.7917191837340722,0.467097032066856,Ambiguous/Mixed,Ambiguous/Mixed,True
26,27,25,16,0.47667644815350657,1.4818346480101527,Ambiguous/Mixed,Ambiguous/Mixed,True
26,27,25,17,0.6047675422673057,1.0058222448860026,Ambiguous/Mixed,Ambiguous/Mixed,True
26,27,25,18,0.7959355400041067,0.4564741526222819,Ambiguous/Mixed,Ambiguous/Mixed,True
26,27,25,19,0.24932515344874673,2.7779947944753496,Ambiguous/Mixed,Ambiguous/Mixed,True
26,27,25,20,0.7884398788073387,0.47539824607076925,Ambiguous/Mixed,Ambiguous/Mixed,True
26,27,25,21,0.7981434297437119,0.4509339223241188,Ambiguous/Mixed,Ambiguous/Mixed,True
26,27,25,22,0.2906399296832025,2.4713402660140074,Ambiguous/Mixed,Ambiguous/Mixed,True
26,27,25,23,0.48016814218802256,1.4672378803891037,Ambiguous/Mixed,Ambiguous/Mixed,True
26,27,25,24,0.619444788608848,0.9578634087769271,Ambiguous/Mixed,Ambiguous/Mixed,True
26,27,25,25,0.7947916000674661,0.4593506739439329,Ambiguous/Mixed,Ambiguous/Mixed,True
26,27,25,26,0.614730945615202,0.9731411874108817,Ambiguous/Mixed,Ambiguous/Mixed,True
26,27,25,27,0.7967967680224984,0.4543112578332772,Ambiguous/Mixed,Ambiguous/Mixed,True
26,27,26,1,0.778262529755927,0.5013827397575518,Ambiguous/Mixed,Ambiguous/Mixed,True
26,27,26,2,0.08610818486616349,4.904301619483618,Ambiguous/Mixed,Tumor/Epithelials,False
26,27,26,3,0.9437338565503058,0.11582216841453159,Ambiguous/Mixed,Ambiguous/Mixed,True
26,27,26,4,0.9987299649816582,0.0025416843926352383,Ambiguous/Mixed,Ambiguous/Mixed,True
26,27,26,5,0.9315077771981743,0.1419014797259514,Ambiguous/Mixed,Ambiguous/Mixed,True
26,27,26,6,0.38155210964234465,1.9270156922489199,Ambiguous/Mixed,Fibroblasts/Stromal,False
26,27,26,7,0.7709613862539241,0.5202339787054443,Ambiguous/Mixed,Ambiguous/Mixed,True
26,27,26,8,0.9904320243353596,0.019228085651225295,Ambiguous/Mixed,Ambiguous/Mixed,True
26,27,26,9,0.7780758724855186,0.5018624741675866,Ambiguous/Mixed,Endothelials,False
26,27,26,10,0.9958682074807483,0.00828070391863798,Ambiguous/Mixed,Ambiguous/Mixed,True
26,27,26,11,0.9952082124931594,0.009606609856031038,Ambiguous/Mixed,Ambiguous/Mixed,True
26,27,26,12,0.9980015349274602,0.004000929336777294,Ambiguous/Mixed,Ambiguous/Mixed,True
26,27,26,13,0.9711192893718306,0.05861193230859281,Ambiguous/Mixed,Ambiguous/Mixed,True
26,27,26,14,0.9851996163683906,0.02982200426096051,Ambiguous/Mixed,Ambiguous/Mixed,True
26,27,26,15,0.9992285619171404,0.0015434715886758859,Ambiguous/Mixed,Ambiguous/Mixed,True
26,27,26,16,0.6337638463736983,0.9121577519879954,Ambiguous/Mixed,Ambiguous/Mixed,True
26,27,26,17,0.7972183185237207,0.4532534246556422,Ambiguous/Mixed,Ambiguous/Mixed,True
26,27,26,18,0.9989497770698568,0.002101549601339803,Ambiguous/Mixed,Ambiguous/Mixed,True
26,27,26,19,0.38969118906466194,1.8848013528538288,Ambiguous/Mixed,Ambiguous/Mixed,True
26,27,26,20,0.9994042298149368,0.0011918954532786521,Ambiguous/Mixed,Ambiguous/Mixed,True
26,27,26,21,0.9997759168007407,0.00044821661930137785,Ambiguous/Mixed,Ambiguous/Mixed,True
26,27,26,22,0.24220641223359085,2.835929946521414,Ambiguous/Mixed,Ambiguous/Mixed,True
26,27,26,23,0.38941819530382454,1.8862029212471085,Ambiguous/Mixed,Ambiguous/Mixed,True
26,27,26,24,0.7978940906760512,0.45155881758252964,Ambiguous/Mixed,Ambiguous/Mixed,True
26,27,26,25,0.9999078064114784,0.00018439567722344829,Ambiguous/Mixed,Ambiguous/Mixed,True
26,27,26,26,0.7980048621119437,0.45128117735755985,Ambiguous/Mixed,Ambiguous/Mixed,True
26,27,26,27,0.9999728658855199,5.426896523360481e-05,Ambiguous/Mixed,Ambiguous/Mixed,True
27,28,1,1,0.9987514954091538,0.0024985692440376264,Ambiguous/Mixed,Ambiguous/Mixed,True
27,28,1,2,0.7959270833262845,0.4564954023901912,Ambiguous/Mixed,Ambiguous/Mixed,True
27,28,1,3,0.13864442992635273,3.951685362712468,Ambiguous/Mixed,Tumor/Epithelials,False
27,28,1,4,0.21426766509249026,3.081058548126074,Ambiguous/Mixed,Tumor/Epithelials,False
27,28,1,5,0.7745972885303328,0.5108240247696963,Ambiguous/Mixed,Ambiguous/Mixed,True
27,28,1,6,0.5961986947777493,1.0343625739522777,Ambiguous/Mixed,Ambiguous/Mixed,True
27,28,1,7,0.8371143013889986,0.3555893140339149,Ambiguous/Mixed,Ambiguous/Mixed,True
27,28,1,8,0.6983156239260673,0.7181681902972897,Ambiguous/Mixed,Fibroblasts/Stromal,False
27,28,1,9,0.9046611529424355,0.20038964406362864,Ambiguous/Mixed,Endothelials,False
27,28,1,10,0.9115702151349211,0.18517331063603037,Ambiguous/Mixed,Endothelials,False
27,28,1,11,0.7621784632393959,0.5431490939813215,Ambiguous/Mixed,Ambiguous/Mixed,True
27,28,1,12,0.7581818374088791,0.5536640621365652,Ambiguous/Mixed,Fibroblasts/Stromal,False
27,28,1,13,0.7797592568944645,0.4975401038925394,Ambiguous/Mixed,Ambiguous/Mixed,True
27,28,1,14,0.7515238000254439,0.5713048005267767,Ambiguous/Mixed,Ambiguous/Mixed,True
27,28,1,15,0.7568443340591181,0.5571953640306831,Ambiguous/Mixed,Ambiguous/Mixed,True
27,28,1,16,0.761030304951531,0.546164198750398,Ambiguous/Mixed,Ambiguous/Mixed,True
27,28,1,17,0.7791987642841791,0.4989782250653254,Ambiguous/Mixed,Ambiguous/Mixed,True
27,28,1,18,0.7536304740893756,0.5657062370417821,Ambiguous/Mixed,Ambiguous/Mixed,True
27,28,1,19,0.7447894239006261,0.5893075060774008,Ambiguous/Mixed,Ambiguous/Mixed,True
27,28,1,20,0.973228634556503,0.05427249082031785,Ambiguous/Mixed,Ambiguous/Mixed,True
27,28,1,21,0.7797458876632496,0.4975743948501853,Ambiguous/Mixed,Ambiguous/Mixed,True
27,28,1,22,0.7782845756375687,0.5013260864598346,Ambiguous/Mixed,Ambiguous/Mixed,True
27,28,1,23,0.7730727449708558,0.5147642549727348,Ambiguous/Mixed,Ambiguous/Mixed,True
27,28,1,24,0.9743399399004039,0.05199004391890669,Ambiguous/Mixed,Ambiguous/Mixed,True
27,28,1,25,0.7702225430762016,0.5221515778193799,Ambiguous/Mixed,Ambiguous/Mixed,True
27,28,1,26,0.783036471032263,0.48915201098163374,Ambiguous/Mixed,Ambiguous/Mixed,True
27,28,1,27,0.7760702579343036,0.5070244486443083,Ambiguous/Mixed,Ambiguous/Mixed,True
27,28,1,28,0.7742142190634659,0.5118133497399717,Ambiguous/Mixed,Ambiguous/Mixed,True
27,28,2,1,0.026347934846748394,7.272730762007211,Tumor/Epithelials,Ambiguous/Mixed,False
27,28,2,2,0.08348649136361339,4.9661408805792435,Tumor/Epithelials,Ambiguous/Mixed,False
27,28,2,3,0.3303939669968974,2.2149389943932896,Tumor/Epithelials,Tumor/Epithelials,True
27,28,2,4,0.05720510395968946,5.722224309025298,Tumor/Epithelials,Tumor/Epithelials,True
27,28,2,5,0.0815251858551304,5.0136865551552185,Tumor/Epithelials,Ambiguous/Mixed,False
27,28,2,6,0.13991079153013805,3.93350052565866,Tumor/Epithelials,Ambiguous/Mixed,False
27,28,2,7,0.06912475070164133,5.343684851264686,Tumor/Epithelials,Ambiguous/Mixed,False
27,28,2,8,0.13541847634525978,3.998770940630428,Tumor/Epithelials,Fibroblasts/Stromal,False
27,28,2,9,0.07553122294597218,5.166418318523369,Tumor/Epithelials,Endothelials,False
27,28,2,10,0.0762443275965827,5.147624516875632,Tumor/Epithelials,Endothelials,False
27,28,2,11,0.0946884245258832,4.714327038712785,Tumor/Epithelials,Ambiguous/Mixed,False
27,28,2,12,0.12742755525091495,4.120414539955146,Tumor/Epithelials,Fibroblasts/Stromal,False
27,28,2,13,0.09661717149958478,4.673997589532028,Tumor/Epithelials,Ambiguous/Mixed,False
27,28,2,14,0.0975419545156315,4.654945381615155,Tumor/Epithelials,Ambiguous/Mixed,False
27,28,2,15,0.11601906752166269,4.308001452394292,Tumor/Epithelials,Ambiguous/Mixed,False
27,28,2,16,0.11283473418480461,4.3636621202955315,Tumor/Epithelials,Ambiguous/Mixed,False
27,28,2,17,0.08842667203091292,4.851163270080199,Tumor/Epithelials,Ambiguous/Mixed,False
27,28,2,18,0.09576595044533372,4.691696161019067,Tumor/Epithelials,Ambiguous/Mixed,False
27,28,2,19,0.09123144831982298,4.788711226546303,Tumor/Epithelials,Ambiguous/Mixed,False
27,28,2,20,0.04151209759631947,6.363540771761478,Tumor/Epithelials,Ambiguous/Mixed,False
27,28,2,21,0.09040201166099467,4.806977517888978,Tumor/Epithelials,Ambiguous/Mixed,False
27,28,2,22,0.08803983246016306,4.859931850644943,Tumor/Epithelials,Ambiguous/Mixed,False
27,28,2,23,0.08518187474884754,4.925933210936644,Tumor/Epithelials,Ambiguous/Mixed,False
27,28,2,24,0.04056447731376257,6.409725076742541,Tumor/Epithelials,Ambiguous/Mixed,False
27,28,2,25,0.08872250498911519,4.844483403130007,Tumor/Epithelials,Ambiguous/Mixed,False
27,28,2,26,0.08526134004202114,4.924068301288493,Tumor/Epithelials,Ambiguous/Mixed,False
27,28,2,27,0.08647311236120922,4.895843506239601,Tumor/Epithelials,Ambiguous/Mixed,False
27,28,2,28,0.08614243399729328,4.903506286919773,Tumor/Epithelials,Ambiguous/Mixed,False
27,28,3,1,0.7934789162882427,0.46265661978777983,Ambiguous/Mixed,Ambiguous/Mixed,True
27,28,3,2,0.9997264640414288,0.000547146752710128,Ambiguous/Mixed,Ambiguous/Mixed,True
27,28,3,3,0.32495482570500267,2.2481382082885086,Ambiguous/Mixed,Tumor/Epithelials,False
27,28,3,4,0.30723894887346614,2.360258998095786,Ambiguous/Mixed,Tumor/Epithelials,False
27,28,3,5,0.9432606256278676,0.11682531057912966,Ambiguous/Mixed,Ambiguous/Mixed,True
27,28,3,6,0.9377083008687593,0.12863271644847107,Ambiguous/Mixed,Ambiguous/Mixed,True
27,28,3,7,0.9376014783817009,0.12886056677668,Ambiguous/Mixed,Ambiguous/Mixed,True
27,28,3,8,0.9059819031494724,0.19747189517471136,Ambiguous/Mixed,Fibroblasts/Stromal,False
27,28,3,9,0.8195311889048263,0.3980456461325869,Ambiguous/Mixed,Endothelials,False
27,28,3,10,0.8024229356847885,0.44023891777699886,Ambiguous/Mixed,Endothelials,False
27,28,3,11,0.9452445880287828,0.11262312333297576,Ambiguous/Mixed,Ambiguous/Mixed,True
27,28,3,12,0.9235350534461644,0.15909304578711114,Ambiguous/Mixed,Fibroblasts/Stromal,False
27,28,3,13,0.9385320297926322,0.1268765896595181,Ambiguous/Mixed,Ambiguous/Mixed,True
27,28,3,14,0.9356131564673712,0.1331063646133402,Ambiguous/Mixed,Ambiguous/Mixed,True
27,28,3,15,0.9351421870050722,0.1341133791839889,Ambiguous/Mixed,Ambiguous/Mixed,True
27,28,3,16,0.9361819593643709,0.13189084073533192,Ambiguous/Mixed,Ambiguous/Mixed,True
27,28,3,17,0.9422995249952267,0.1188641757207334,Ambiguous/Mixed,Ambiguous/Mixed,True
27,28,3,18,0.9408675948665851,0.12190571226735647,Ambiguous/Mixed,Ambiguous/Mixed,True
27,28,3,19,0.9444226296996607,0.11436302414355173,Ambiguous/Mixed,Ambiguous/Mixed,True
27,28,3,20,0.8424059880852361,0.3429864196486897,Ambiguous/Mixed,Ambiguous/Mixed,True
27,28,3,21,0.942928137519565,0.117530410976805,Ambiguous/Mixed,Ambiguous/Mixed,True
27,28,3,22,0.9418657703123138,0.119785017839322,Ambiguous/Mixed,Ambiguous/Mixed,True
27,28,3,23,0.9429992133234101,0.11737966115317683,Ambiguous/Mixed,Ambiguous/Mixed,True
27,28,3,24,0.8421102199222903,0.3436887415725256,Ambiguous/Mixed,Ambiguous/Mixed,True
27,28,3,25,0.9442048612227079,0.11482424474732805,Ambiguous/Mixed,Ambiguous/Mixed,True
27,28,3,26,0.9442493225946086,0.11473006958059126,Ambiguous/Mixed,Ambiguous/Mixed,True
27,28,3,27,0.9453589728785899,0.11238111627806079,Ambiguous/Mixed,Ambiguous/Mixed,True
27,28,3,28,0.9429081680174202,0.11757276778600823,Ambiguous/Mixed,Ambiguous/Mixed,True
27,28,4,1,0.7682998491440785,0.5271503869176979,Ambiguous/Mixed,Ambiguous/Mixed,True
27,28,4,2,0.9496604687534277,0.1033015191656052,Ambiguous/Mixed,Ambiguous/Mixed,True
27,28,4,3,0.28407879169810135,2.517007287484727,Ambiguous/Mixed,Tumor/Epithelials,False
27,28,4,4,0.22128841030818308,3.0165768084983378,Ambiguous/Mixed,Tumor/Epithelials,False
27,28,4,5,0.9999518801816002,9.624195239091047e-05,Ambiguous/Mixed,Ambiguous/Mixed,True
27,28,4,6,0.941507518662258,0.12054589016659537,Ambiguous/Mixed,Ambiguous/Mixed,True
27,28,4,7,0.9887348438511694,0.022658177226575774,Ambiguous/Mixed,Ambiguous/Mixed,True
27,28,4,8,0.9719003336659657,0.05700403431941649,Ambiguous/Mixed,Fibroblasts/Stromal,False
27,28,4,9,0.763631720302077,0.5393392950487863,Ambiguous/Mixed,Endothelials,False
27,28,4,10,0.7615223697379501,0.5448714623827682,Ambiguous/Mixed,Endothelials,False
27,28,4,11,0.996177528605101,0.007659591418587642,Ambiguous/Mixed,Ambiguous/Mixed,True
27,28,4,12,0.9788946903856693,0.04266242158300481,Ambiguous/Mixed,Fibroblasts/Stromal,False
27,28,4,13,0.9936848630331829,0.012670323590289837,Ambiguous/Mixed,Ambiguous/Mixed,True
27,28,4,14,0.9946746315957689,0.010679197444318663,Ambiguous/Mixed,Ambiguous/Mixed,True
27,28,4,15,0.9821247882424774,0.03607380619550855,Ambiguous/Mixed,Ambiguous/Mixed,True
27,28,4,16,0.9871642171495448,0.025837746595126942,Ambiguous/Mixed,Ambiguous/Mixed,True
27,28,4,17,0.99811780118125,0.003767944761520527,Ambiguous/Mixed,Ambiguous/Mixed,True
27,28,4,18,0.9964450575424327,0.007122552561758531,Ambiguous/Mixed,Ambiguous/Mixed,True
27,28,4,19,0.9954888133053319,0.009042785606746432,Ambiguous/Mixed,Ambiguous/Mixed,True
27,28,4,20,0.7950589289297132,0.45867808526998965,Ambiguous/Mixed,Ambiguous/Mixed,True
27,28,4,21,0.9971784226907247,0.005651130924438532,Ambiguous/Mixed,Ambiguous/Mixed,True
27,28,4,22,0.9984098942264508,0.003182742666991029,Ambiguous/Mixed,Ambiguous/Mixed,True
27,28,4,23,0.9984536538609249,0.00309508593246236,Ambiguous/Mixed,Ambiguous/Mixed,True
27,28,4,24,0.7952177918595733,0.4582784996423771,Ambiguous/Mixed,Ambiguous/Mixed,True
27,28,4,25,0.9985326975774234,0.0029367599299178837,Ambiguous/Mixed,Ambiguous/Mixed,True
27,28,4,26,0.9982984639251701,0.0034059706630905073,Ambiguous/Mixed,Ambiguous/Mixed,True
27,28,4,27,0.9978462948863285,0.004312055343731953,Ambiguous/Mixed,Ambiguous/Mixed,True
27,28,4,28,0.998728952290705,0.0025437123511467007,Ambiguous/Mixed,Ambiguous/Mixed,True
27,28,5,1,0.5747100808558352,1.1077791450944543,Ambiguous/Mixed,Ambiguous/Mixed,True
27,28,5,2,0.9329925001613505,0.13871623315874632,Ambiguous/Mixed,Ambiguous/Mixed,True
27,28,5,3,0.5195109088594806,1.3097349397925593,Ambiguous/Mixed,Tumor/Epithelials,False
27,28,5,4,0.25436423747594966,2.737976066714427,Ambiguous/Mixed,Tumor/Epithelials,False
27,28,5,5,0.9305286479886488,0.14400483127488195,Ambiguous/Mixed,Ambiguous/Mixed,True
27,28,5,6,0.9990660934351029,0.001868685854670882,Ambiguous/Mixed,Ambiguous/Mixed,True
27,28,5,7,0.9117008073058567,0.18488680979320105,Ambiguous/Mixed,Ambiguous/Mixed,True
27,28,5,8,0.9358262619900608,0.1326508745311948,Ambiguous/Mixed,Fibroblasts/Stromal,False
27,28,5,9,0.6354745052491398,0.9067666135652668,Ambiguous/Mixed,Endothelials,False
27,28,5,10,0.6180453649563862,0.9623868362804917,Ambiguous/Mixed,Endothelials,False
27,28,5,11,0.9374080737613726,0.12927316119955795,Ambiguous/Mixed,Ambiguous/Mixed,True
27,28,5,12,0.9332635066550818,0.1381353771676146,Ambiguous/Mixed,Fibroblasts/Stromal,False
27,28,5,13,0.9314008601345494,0.14213104989724118,Ambiguous/Mixed,Ambiguous/Mixed,True
27,28,5,14,0.9324462534097456,0.13988753243870838,Ambiguous/Mixed,Ambiguous/Mixed,True
27,28,5,15,0.9332140219510539,0.13824142656447283,Ambiguous/Mixed,Ambiguous/Mixed,True
27,28,5,16,0.9408308988520137,0.12198371841913616,Ambiguous/Mixed,Ambiguous/Mixed,True
27,28,5,17,0.9315548099176656,0.1418005003604132,Ambiguous/Mixed,Ambiguous/Mixed,True
27,28,5,18,0.9364023317875424,0.13142010641329327,Ambiguous/Mixed,Ambiguous/Mixed,True
27,28,5,19,0.9406075925586367,0.1224584749321872,Ambiguous/Mixed,Ambiguous/Mixed,True
27,28,5,20,0.6233698912025923,0.9452304210665661,Ambiguous/Mixed,Ambiguous/Mixed,True
27,28,5,21,0.9338104123557875,0.1369636919744809,Ambiguous/Mixed,Ambiguous/Mixed,True
27,28,5,22,0.9311027636032286,0.1427712559726912,Ambiguous/Mixed,Ambiguous/Mixed,True
27,28,5,23,0.9311006388055302,0.14277582002341876,Ambiguous/Mixed,Ambiguous/Mixed,True
27,28,5,24,0.622115531598336,0.9492589227427561,Ambiguous/Mixed,Ambiguous/Mixed,True
27,28,5,25,0.9336195761939419,0.1373724594542367,Ambiguous/Mixed,Ambiguous/Mixed,True
27,28,5,26,0.932134445072334,0.1405564406614997,Ambiguous/Mixed,Ambiguous/Mixed,True
27,28,5,27,0.9356920934757877,0.13293763317101498,Ambiguous/Mixed,Ambiguous/Mixed,True
27,28,5,28,0.9309312078423285,0.1431397900897187,Ambiguous/Mixed,Ambiguous/Mixed,True
27,28,6,1,0.1396578736430991,3.9371192138386233,Fibroblasts/Stromal,Ambiguous/Mixed,False
27,28,6,2,0.5246520396363941,1.2900400355446568,Fibroblasts/Stromal,Ambiguous/Mixed,False
27,28,6,3,0.5906208549520873,1.0531619976585935,Fibroblasts/Stromal,Tumor/Epithelials,False
27,28,6,4,0.3662076521567644,2.009109501693091,Fibroblasts/Stromal,Tumor/Epithelials,False
27,28,6,5,0.38189281063081276,1.9252306203882614,Fibroblasts/Stromal,Ambiguous/Mixed,False
27,28,6,6,0.6201949048621821,0.9554429753273108,Fibroblasts/Stromal,Ambiguous/Mixed,False
27,28,6,7,0.3138354620649332,2.3177728731514518,Fibroblasts/Stromal,Ambiguous/Mixed,False
27,28,6,8,0.49185355683191606,1.4191485110232354,Fibroblasts/Stromal,Fibroblasts/Stromal,True
27,28,6,9,0.3755983523197374,1.958469836905625,Fibroblasts/Stromal,Endothelials,False
27,28,6,10,0.3653579248034457,2.0137555799789486,Fibroblasts/Stromal,Endothelials,False
27,28,6,11,0.4356444800806198,1.6618575618439333,Fibroblasts/Stromal,Ambiguous/Mixed,False
27,28,6,12,0.48178068942675784,1.4605325393305735,Fibroblasts/Stromal,Fibroblasts/Stromal,True
27,28,6,13,0.4052306835008829,1.8065975702774202,Fibroblasts/Stromal,Ambiguous/Mixed,False
27,28,6,14,0.40187816233135776,1.8232126301569758,Fibroblasts/Stromal,Ambiguous/Mixed,False
27,28,6,15,0.4614052703066287,1.5469570217665927,Fibroblasts/Stromal,Ambiguous/Mixed,False
27,28,6,16,0.4571262539097199,1.5655913189633837,Fibroblasts/Stromal,Ambiguous/Mixed,False
27,28,6,17,0.39106789051634105,1.877748202070243,Fibroblasts/Stromal,Ambiguous/Mixed,False
27,28,6,18,0.39771716480300523,1.8440283350426523,Fibroblasts/Stromal,Ambiguous/Mixed,False
27,28,6,19,0.4102918966344214,1.7817728591684068,Fibroblasts/Stromal,Ambiguous/Mixed,False
27,28,6,20,0.2555219290672405,2.728894089939145,Fibroblasts/Stromal,Ambiguous/Mixed,False
27,28,6,21,0.39222416001955857,1.871843531686875,Fibroblasts/Stromal,Ambiguous/Mixed,False
27,28,6,22,0.3848364276937412,1.909873796214811,Fibroblasts/Stromal,Ambiguous/Mixed,False
27,28,6,23,0.3825802522295836,1.9216336759439776,Fibroblasts/Stromal,Ambiguous/Mixed,False
27,28,6,24,0.2528820149572833,2.749664486138353,Fibroblasts/Stromal,Ambiguous/Mixed,False
27,28,6,25,0.3900081760811711,1.8831751515349957,Fibroblasts/Stromal,Ambiguous/Mixed,False
27,28,6,26,0.3855641537564015,1.9060953656340007,Fibroblasts/Stromal,Ambiguous/Mixed,False
27,28,6,27,0.3929782423881524,1.8680020630509522,Fibroblasts/Stromal,Ambiguous/Mixed,False
27,28,6,28,0.380746226280958,1.931244397067669,Fibroblasts/Stromal,Ambiguous/Mixed,False
27,28,7,1,0.45382785298306194,1.5800746625970419,Ambiguous/Mixed,Ambiguous/Mixed,True
27,28,7,2,0.7983283682096525,0.4504705543723518,Ambiguous/Mixed,Ambiguous/Mixed,True
27,28,7,3,0.5176769596441837,1.316807722582558,Ambiguous/Mixed,Tumor/Epithelials,False
27,28,7,4,0.3080849251357698,2.354759606110132,Ambiguous/Mixed,Tumor/Epithelials,False
27,28,7,5,0.770092152341822,0.5224901858585784,Ambiguous/Mixed,Ambiguous/Mixed,True
27,28,7,6,0.8086288410888117,0.42483050896158625,Ambiguous/Mixed,Ambiguous/Mixed,True
27,28,7,7,0.692133757959664,0.7359521003874091,Ambiguous/Mixed,Ambiguous/Mixed,True
27,28,7,8,0.8232538596061488,0.38898133896277165,Ambiguous/Mixed,Fibroblasts/Stromal,False
27,28,7,9,0.5650749434031023,1.1415938268813899,Ambiguous/Mixed,Endothelials,False
27,28,7,10,0.5575248070781582,1.1684965592732897,Ambiguous/Mixed,Endothelials,False
27,28,7,11,0.7934630945405282,0.46269649962612813,Ambiguous/Mixed,Ambiguous/Mixed,True
27,28,7,12,0.8285301234210074,0.376204167578312,Ambiguous/Mixed,Fibroblasts/Stromal,False
27,28,7,13,0.7877432830420426,0.4771660502892384,Ambiguous/Mixed,Ambiguous/Mixed,True
27,28,7,14,0.7842690287055538,0.4860063372694178,Ambiguous/Mixed,Ambiguous/Mixed,True
27,28,7,15,0.7966600304956147,0.45465450536241386,Ambiguous/Mixed,Ambiguous/Mixed,True
27,28,7,16,0.8064576983273258,0.43020766743906363,Ambiguous/Mixed,Ambiguous/Mixed,True
27,28,7,17,0.7777754025158731,0.502634964387465,Ambiguous/Mixed,Ambiguous/Mixed,True
27,28,7,18,0.7774919912643431,0.5033638712128775,Ambiguous/Mixed,Ambiguous/Mixed,True
27,28,7,19,0.7846373960947601,0.48506716743710054,Ambiguous/Mixed,Ambiguous/Mixed,True
27,28,7,20,0.5152808167618387,1.3260865033224665,Ambiguous/Mixed,Ambiguous/Mixed,True
27,28,7,21,0.7730387873248555,0.5148521080035062,Ambiguous/Mixed,Ambiguous/Mixed,True
27,28,7,22,0.7726421514035249,0.5158785447540631,Ambiguous/Mixed,Ambiguous/Mixed,True
27,28,7,23,0.7710197851332288,0.5200824881933259,Ambiguous/Mixed,Ambiguous/Mixed,True
27,28,7,24,0.5127594234031949,1.3358970080705919,Ambiguous/Mixed,Ambiguous/Mixed,True
27,28,7,25,0.7784892104983588,0.5008002943022555,Ambiguous/Mixed,Ambiguous/Mixed,True
27,28,7,26,0.7696152298708956,0.5237291809863246,Ambiguous/Mixed,Ambiguous/Mixed,True
27,28,7,27,0.7763172540593449,0.5063880195949446,Ambiguous/Mixed,Ambiguous/Mixed,True
27,28,7,28,0.7708724958316266,0.5204645883020519,Ambiguous/Mixed,Ambiguous/Mixed,True
27,28,8,1,0.8352711055943397,0.35999785893815706,Ambiguous/Mixed,Ambiguous/Mixed,True
27,28,8,2,0.9428290540330289,0.11774058328757997,Ambiguous/Mixed,Ambiguous/Mixed,True
27,28,8,3,0.291974472965592,2.4621778037720734,Ambiguous/Mixed,Tumor/Epithelials,False
27,28,8,4,0.23216532291927386,2.9206111246076345,Ambiguous/Mixed,Tumor/Epithelials,False
27,28,8,5,0.9885924656759112,0.022946198688310077,Ambiguous/Mixed,Ambiguous/Mixed,True
27,28,8,6,0.9230173710028793,0.1602144490031659,Ambiguous/Mixed,Ambiguous/Mixed,True
27,28,8,7,0.9999872440261677,2.5512110380929124e-05,Ambiguous/Mixed,Ambiguous/Mixed,True
27,28,8,8,0.9536865265829761,0.09484050003664564,Ambiguous/Mixed,Fibroblasts/Stromal,False
27,28,8,9,0.8086868692739956,0.42468699168827484,Ambiguous/Mixed,Endothelials,False
27,28,8,10,0.8046593483387189,0.43467252178146587,Ambiguous/Mixed,Endothelials,False
27,28,8,11,0.9797713836621527,0.04087203301877543,Ambiguous/Mixed,Ambiguous/Mixed,True
27,28,8,12,0.9649548346549378,0.0713479644097064,Ambiguous/Mixed,Fibroblasts/Stromal,False
27,28,8,13,0.9836741108648605,0.03292124986051282,Ambiguous/Mixed,Ambiguous/Mixed,True
27,28,8,14,0.9832997025785294,0.033682639337676124,Ambiguous/Mixed,Ambiguous/Mixed,True
27,28,8,15,0.9721117422842115,0.056569039862963355,Ambiguous/Mixed,Ambiguous/Mixed,True
27,28,8,16,0.9767736095963566,0.04700074750672084,Ambiguous/Mixed,Ambiguous/Mixed,True
27,28,8,17,0.9895768656865184,0.02095567123192215,Ambiguous/Mixed,Ambiguous/Mixed,True
27,28,8,18,0.9859866382715224,0.02822495184016699,Ambiguous/Mixed,Ambiguous/Mixed,True
27,28,8,19,0.985720952852885,0.028763947422354864,Ambiguous/Mixed,Ambiguous/Mixed,True
27,28,8,20,0.8465325589322178,0.3332132302908375,Ambiguous/Mixed,Ambiguous/Mixed,True
27,28,8,21,0.9888682352729501,0.022388372990546534,Ambiguous/Mixed,Ambiguous/Mixed,True
27,28,8,22,0.9898779019472345,0.02034734965173916,Ambiguous/Mixed,Ambiguous/Mixed,True
27,28,8,23,0.9902521634438272,0.019591315474811476,Ambiguous/Mixed,Ambiguous/Mixed,True
27,28,8,24,0.8471456045298265,0.33176538585945287,Ambiguous/Mixed,Ambiguous/Mixed,True
27,28,8,25,0.9897716619474176,0.020562013907184127,Ambiguous/Mixed,Ambiguous/Mixed,True
27,28,8,26,0.9908644787922127,0.018355011958240915,Ambiguous/Mixed,Ambiguous/Mixed,True
27,28,8,27,0.9896786196044631,0.020750030436601848,Ambiguous/Mixed,Ambiguous/Mixed,True
27,28,8,28,0.9900588090088346,0.019981869157130558,Ambiguous/Mixed,Ambiguous/Mixed,True
27,28,9,1,0.9108923867677498,0.18666103037901732,Endothelials,Ambiguous/Mixed,False
27,28,9,2,0.8082692304832871,0.42572013983634954,Endothelials,Ambiguous/Mixed,False
27,28,9,3,0.2611734431659369,2.6851411183220755,Endothelials,Tumor/Epithelials,False
27,28,9,4,0.3696211741882041,1.9905533027706754,Endothelials,Tumor/Epithelials,False
27,28,9,5,0.772047732533506,0.5174178023242488,Endothelials,Ambiguous/Mixed,False
27,28,9,6,0.6323672280577814,0.9165699930602252,Endothelials,Ambiguous/Mixed,False
27,28,9,7,0.8157719646157545,0.4072408364012845,Endothelials,Ambiguous/Mixed,False
27,28,9,8,0.7392287950438763,0.6042956101582296,Endothelials,Fibroblasts/Stromal,False
27,28,9,9,0.9950280191312155,0.009968764578315605,Endothelials,Endothelials,True
27,28,9,10,0.9923754922497992,0.015307445809878159,Endothelials,Endothelials,True
27,28,9,11,0.7730738311249805,0.5147614450085527,Endothelials,Ambiguous/Mixed,False
27,28,9,12,0.797729198405934,0.4519721789863961,Endothelials,Fibroblasts/Stromal,False
27,28,9,13,0.7911525629814126,0.4685289125158897,Endothelials,Ambiguous/Mixed,False
27,28,9,14,0.7600856675936296,0.5486482630726136,Endothelials,Ambiguous/Mixed,False
27,28,9,15,0.783214635066432,0.4886970033925093,Endothelials,Ambiguous/Mixed,False
27,28,9,16,0.7898360571092842,0.47185975540669894,Endothelials,Ambiguous/Mixed,False
27,28,9,17,0.7831815229175555,0.48878155964914377,Endothelials,Ambiguous/Mixed,False
27,28,9,18,0.7593650200548807,0.5505453897082904,Endothelials,Ambiguous/Mixed,False
27,28,9,19,0.7495765298797247,0.5764937174811374,Endothelials,Ambiguous/Mixed,False
27,28,9,20,0.9744828257547368,0.0516967676762293,Endothelials,Ambiguous/Mixed,False
27,28,9,21,0.783466527871192,0.4880538787724157,Endothelials,Ambiguous/Mixed,False
27,28,9,22,0.7815645091102797,0.49291517456119593,Endothelials,Ambiguous/Mixed,False
27,28,9,23,0.7726529213508536,0.515850666719586,Endothelials,Ambiguous/Mixed,False
27,28,9,24,0.9730932495514102,0.054550728467269584,Endothelials,Ambiguous/Mixed,False
27,28,9,25,0.7720597653576604,0.5173866313748918,Endothelials,Ambiguous/Mixed,False
27,28,9,26,0.7839790265154692,0.48674602176620335,Endothelials,Ambiguous/Mixed,False
27,28,9,27,0.7785090192443361,0.500749404723578,Endothelials,Ambiguous/Mixed,False
27,28,9,28,0.773737206880139,0.5130459780781256,Endothelials,Ambiguous/Mixed,False
27,28,10,1,0.7257510386692675,0.6410964898233473,Ambiguous/Mixed,Ambiguous/Mixed,True
27,28,10,2,0.9388351906951617,0.12623066189033952,Ambiguous/Mixed,Ambiguous/Mixed,True
27,28,10,3,0.3402447841987662,2.156179933776724,Ambiguous/Mixed,Tumor/Epithelials,False
27,28,10,4,0.25311813775232733,2.7477979032061635,Ambiguous/Mixed,Tumor/Epithelials,False
27,28,10,5,0.9926369815372307,0.014780518564035358,Ambiguous/Mixed,Ambiguous/Mixed,True
27,28,10,6,0.9446596791202274,0.11386108853025603,Ambiguous/Mixed,Ambiguous/Mixed,True
27,28,10,7,0.9798160430698744,0.040780872181304745,Ambiguous/Mixed,Ambiguous/Mixed,True
27,28,10,8,0.9829077964460117,0.03447992271270562,Ambiguous/Mixed,Fibroblasts/Stromal,False
27,28,10,9,0.7359648690170447,0.6131457874125636,Ambiguous/Mixed,Endothelials,False
27,28,10,10,0.7358944989900423,0.6133370285829789,Ambiguous/Mixed,Endothelials,False
27,28,10,11,0.9927696955507228,0.014513139562601893,Ambiguous/Mixed,Ambiguous/Mixed,True
27,28,10,12,0.9873677573385637,0.025425415587334375,Ambiguous/Mixed,Fibroblasts/Stromal,False
27,28,10,13,0.9984602672366495,0.003081838740072661,Ambiguous/Mixed,Ambiguous/Mixed,True
27,28,10,14,0.9995807655614607,0.0008386446837310053,Ambiguous/Mixed,Ambiguous/Mixed,True
27,28,10,15,0.9948544063750071,0.010317755562754837,Ambiguous/Mixed,Ambiguous/Mixed,True
27,28,10,16,0.9949397472826412,0.010146198303870469,Ambiguous/Mixed,Ambiguous/Mixed,True
27,28,10,17,0.9952390657782055,0.009544607138580505,Ambiguous/Mixed,Ambiguous/Mixed,True
27,28,10,18,0.9986500856334378,0.002701652643521328,Ambiguous/Mixed,Ambiguous/Mixed,True
27,28,10,19,0.9967404602806782,0.006529727181949437,Ambiguous/Mixed,Ambiguous/Mixed,True
27,28,10,20,0.755255205230858,0.5613991333514774,Ambiguous/Mixed,Ambiguous/Mixed,True
27,28,10,21,0.9974719592095763,0.005062483362671892,Ambiguous/Mixed,Ambiguous/Mixed,True
27,28,10,22,0.9959383647487322,0.00813981218950922,Ambiguous/Mixed,Ambiguous/Mixed,True
27,28,10,23,0.9961351300104638,0.007744715797956957,Ambiguous/Mixed,Ambiguous/Mixed,True
27,28,10,24,0.754678363797979,0.5629272574299767,Ambiguous/Mixed,Ambiguous/Mixed,True
27,28,10,25,0.9960314441294523,0.007952902969554074,Ambiguous/Mixed,Ambiguous/Mixed,True
27,28,10,26,0.995631138611553,0.008756865501679173,Ambiguous/Mixed,Ambiguous/Mixed,True
27,28,10,27,0.9962187383349373,0.0075768574152650665,Ambiguous/Mixed,Ambiguous/Mixed,True
27,28,10,28,0.9960737695517401,0.007867916650551487,Ambiguous/Mixed,Ambiguous/Mixed,True
27,28,11,1,0.7554723850393029,0.5608240996754136,Ambiguous/Mixed,Ambiguous/Mixed,True
27,28,11,2,0.9504461674952714,0.10164750928713734,Ambiguous/Mixed,Ambiguous/Mixed,True
27,28,11,3,0.31661193554648837,2.3001568662194454,Ambiguous/Mixed,Tumor/Epithelials,False
27,28,11,4,0.24112954781732956,2.844841894210737,Ambiguous/Mixed,Tumor/Epithelials,False
27,28,11,5,0.9956261651389845,0.008766856119283536,Ambiguous/Mixed,Ambiguous/Mixed,True
27,28,11,6,0.9498984583471008,0.102800372101362,Ambiguous/Mixed,Ambiguous/Mixed,True
27,28,11,7,0.9786565919972553,0.04314894449912143,Ambiguous/Mixed,Ambiguous/Mixed,True
27,28,11,8,0.9758430602937266,0.048907008755897756,Ambiguous/Mixed,Fibroblasts/Stromal,False
27,28,11,9,0.7670202990347683,0.5304840249399025,Ambiguous/Mixed,Endothelials,False
27,28,11,10,0.7660893120421213,0.5329130413660123,Ambiguous/Mixed,Endothelials,False
27,28,11,11,0.9990748227912953,0.0018512108985822208,Ambiguous/Mixed,Ambiguous/Mixed,True
27,28,11,12,0.9832428648069845,0.033798248880034104,Ambiguous/Mixed,Fibroblasts/Stromal,False
27,28,11,13,0.9950452589272115,0.009934112998021606,Ambiguous/Mixed,Ambiguous/Mixed,True
27,28,11,14,0.9949543924179454,0.01011675927993005,Ambiguous/Mixed,Ambiguous/Mixed,True
27,28,11,15,0.988332511531155,0.023472175443627615,Ambiguous/Mixed,Ambiguous/Mixed,True
27,28,11,16,0.9900602370912511,0.019978984315596686,Ambiguous/Mixed,Ambiguous/Mixed,True
27,28,11,17,0.9947416135791286,0.010544520785178162,Ambiguous/Mixed,Ambiguous/Mixed,True
27,28,11,18,0.9956749386835253,0.008668882900754443,Ambiguous/Mixed,Ambiguous/Mixed,True
27,28,11,19,0.9934472794473042,0.013148567753185401,Ambiguous/Mixed,Ambiguous/Mixed,True
27,28,11,20,0.7910588947199975,0.46876571591171534,Ambiguous/Mixed,Ambiguous/Mixed,True
27,28,11,21,0.9955002120281733,0.009019884982591476,Ambiguous/Mixed,Ambiguous/Mixed,True
27,28,11,22,0.9949290100677493,0.010167782068834563,Ambiguous/Mixed,Ambiguous/Mixed,True
27,28,11,23,0.994614314397749,0.010800481379786862,Ambiguous/Mixed,Ambiguous/Mixed,True
27,28,11,24,0.7906254607636523,0.46986184856471136,Ambiguous/Mixed,Ambiguous/Mixed,True
27,28,11,25,0.9954770570276702,0.009066404851731094,Ambiguous/Mixed,Ambiguous/Mixed,True
27,28,11,26,0.9943251259980838,0.011382074556189545,Ambiguous/Mixed,Ambiguous/Mixed,True
27,28,11,27,0.9945174393682515,0.010995290053250794,Ambiguous/Mixed,Ambiguous/Mixed,True
27,28,11,28,0.9951754173403323,0.009672517055705345,Ambiguous/Mixed,Ambiguous/Mixed,True
27,28,12,1,0.7756951211152903,0.507991442318445,Ambiguous/Mixed,Ambiguous/Mixed,True
27,28,12,2,0.9451060201231195,0.1129163343496282,Ambiguous/Mixed,Ambiguous/Mixed,True
27,28,12,3,0.3232798868147075,2.2584736166546735,Ambiguous/Mixed,Tumor/Epithelials,False
27,28,12,4,0.25859753921910333,2.7049646569407697,Ambiguous/Mixed,Tumor/Epithelials,False
27,28,12,5,0.9954031643639939,0.009214867150801146,Ambiguous/Mixed,Ambiguous/Mixed,True
27,28,12,6,0.9409110012727376,0.12181344550175663,Ambiguous/Mixed,Ambiguous/Mixed,True
27,28,12,7,0.9856239435787076,0.02896078618848083,Ambiguous/Mixed,Ambiguous/Mixed,True
27,28,12,8,0.9814102710256698,0.03752937938728483,Ambiguous/Mixed,Fibroblasts/Stromal,False
27,28,12,9,0.7835261694298752,0.4879016341351184,Ambiguous/Mixed,Endothelials,False
27,28,12,10,0.7825791754263169,0.49032035806601604,Ambiguous/Mixed,Endothelials,False
27,28,12,11,0.9944365904405141,0.011157885923382044,Ambiguous/Mixed,Ambiguous/Mixed,True
27,28,12,12,0.9876137378558362,0.02492722252751502,Ambiguous/Mixed,Fibroblasts/Stromal,False
27,28,12,13,0.9998657987365029,0.00026842053858466917,Ambiguous/Mixed,Ambiguous/Mixed,True
27,28,12,14,0.9991531626717274,0.0016943921951266773,Ambiguous/Mixed,Ambiguous/Mixed,True
27,28,12,15,0.9930303515187038,0.013988099854072173,Ambiguous/Mixed,Ambiguous/Mixed,True
27,28,12,16,0.9953592421171095,0.009303119263154705,Ambiguous/Mixed,Ambiguous/Mixed,True
27,28,12,17,0.9977908656671354,0.004423156139614234,Ambiguous/Mixed,Ambiguous/Mixed,True
27,28,12,18,0.9989333807543584,0.002134376977524554,Ambiguous/Mixed,Ambiguous/Mixed,True
27,28,12,19,0.9967447543558893,0.006521110965125652,Ambiguous/Mixed,Ambiguous/Mixed,True
27,28,12,20,0.8060474645234216,0.4312252984450433,Ambiguous/Mixed,Ambiguous/Mixed,True
27,28,12,21,0.998863638091689,0.0022740161141131783,Ambiguous/Mixed,Ambiguous/Mixed,True
27,28,12,22,0.9981723919131645,0.0036585604002347585,Ambiguous/Mixed,Ambiguous/Mixed,True
27,28,12,23,0.997972660233936,0.004058795202170054,Ambiguous/Mixed,Ambiguous/Mixed,True
27,28,12,24,0.8054955522670434,0.4325951961696602,Ambiguous/Mixed,Ambiguous/Mixed,True
27,28,12,25,0.9980272419571453,0.003949412985942528,Ambiguous/Mixed,Ambiguous/Mixed,True
27,28,12,26,0.9977313697632456,0.004542414953875546,Ambiguous/Mixed,Ambiguous/Mixed,True
27,28,12,27,0.9980737808209973,0.0038561534498182046,Ambiguous/Mixed,Ambiguous/Mixed,True
27,28,12,28,0.9979773328847626,0.004049430937849381,Ambiguous/Mixed,Ambiguous/Mixed,True
27,28,13,1,0.7422777631776324,0.5960635239175806,Ambiguous/Mixed,Ambiguous/Mixed,True
27,28,13,2,0.9259608564084664,0.1538466338531031,Ambiguous/Mixed,Ambiguous/Mixed,True
27,28,13,3,0.4625233868162768,1.5421163144376633,Ambiguous/Mixed,Tumor/Epithelials,False
27,28,13,4,0.3244692869256449,2.2511287893918723,Ambiguous/Mixed,Tumor/Epithelials,False
27,28,13,5,0.9650010622913802,0.07125215364734783,Ambiguous/Mixed,Ambiguous/Mixed,True
27,28,13,6,0.9458735419217156,0.11129279096259304,Ambiguous/Mixed,Ambiguous/Mixed,True
27,28,13,7,0.9549027624025818,0.09229152631819545,Ambiguous/Mixed,Ambiguous/Mixed,True
27,28,13,8,0.9881127979960137,0.023916839477562325,Ambiguous/Mixed,Fibroblasts/Stromal,False
27,28,13,9,0.8137746761523635,0.41214352384472197,Ambiguous/Mixed,Endothelials,False
27,28,13,10,0.80948373589742,0.42271719521491713,Ambiguous/Mixed,Endothelials,False
27,28,13,11,0.9702968243355317,0.06030649964981375,Ambiguous/Mixed,Ambiguous/Mixed,True
27,28,13,12,0.9935981116140681,0.0128449367083544,Ambiguous/Mixed,Fibroblasts/Stromal,False
27,28,13,13,0.9794921365365542,0.041442139335992056,Ambiguous/Mixed,Ambiguous/Mixed,True
27,28,13,14,0.9769568553959929,0.046625576410283476,Ambiguous/Mixed,Ambiguous/Mixed,True
27,28,13,15,0.9860474835614667,0.028101535537599337,Ambiguous/Mixed,Ambiguous/Mixed,True
27,28,13,16,0.9922049539667223,0.015651172432443333,Ambiguous/Mixed,Ambiguous/Mixed,True
27,28,13,17,0.9755482813022507,0.04951125248176583,Ambiguous/Mixed,Ambiguous/Mixed,True
27,28,13,18,0.9759574556850097,0.048672568011615625,Ambiguous/Mixed,Ambiguous/Mixed,True
27,28,13,19,0.9753799146261587,0.049856455707310315,Ambiguous/Mixed,Ambiguous/Mixed,True
27,28,13,20,0.7973651539675402,0.4528850891077889,Ambiguous/Mixed,Ambiguous/Mixed,True
27,28,13,21,0.9749657983382155,0.05070577445406124,Ambiguous/Mixed,Ambiguous/Mixed,True
27,28,13,22,0.9741947325385575,0.05228812917069953,Ambiguous/Mixed,Ambiguous/Mixed,True
27,28,13,23,0.971822219519239,0.05716478595887423,Ambiguous/Mixed,Ambiguous/Mixed,True
27,28,13,24,0.7959760153551877,0.4563724501100956,Ambiguous/Mixed,Ambiguous/Mixed,True
27,28,13,25,0.9734521719332876,0.05381317077766486,Ambiguous/Mixed,Ambiguous/Mixed,True
27,28,13,26,0.9724609228378227,0.05585077293753087,Ambiguous/Mixed,Ambiguous/Mixed,True
27,28,13,27,0.9738686374395746,0.05295770718762473,Ambiguous/Mixed,Ambiguous/Mixed,True
27,28,13,28,0.9708988767609293,0.05906591902342681,Ambiguous/Mixed,Ambiguous/Mixed,True
27,28,14,1,0.7507491986075213,0.5733672791502324,Ambiguous/Mixed,Ambiguous/Mixed,True
27,28,14,2,0.9377806635363395,0.12847838300478903,Ambiguous/Mixed,Ambiguous/Mixed,True
27,28,14,3,0.4021990423557173,1.8216163653230872,Ambiguous/Mixed,Tumor/Epithelials,False
27,28,14,4,0.31034186647194856,2.340161588127879,Ambiguous/Mixed,Tumor/Epithelials,False
27,28,14,5,0.9796225873700334,0.04117579284371134,Ambiguous/Mixed,Ambiguous/Mixed,True
27,28,14,6,0.9400084085815246,0.1237329169172043,Ambiguous/Mixed,Ambiguous/Mixed,True
27,28,14,7,0.9700315790466014,0.06085330459297729,Ambiguous/Mixed,Ambiguous/Mixed,True
27,28,14,8,0.9801782038492275,0.040041766372103306,Ambiguous/Mixed,Fibroblasts/Stromal,False
27,28,14,9,0.7789078662841985,0.49972502376999284,Ambiguous/Mixed,Endothelials,False
27,28,14,10,0.782987610941162,0.4892768113386125,Ambiguous/Mixed,Endothelials,False
27,28,14,11,0.9852228374803275,0.029774864903829055,Ambiguous/Mixed,Ambiguous/Mixed,True
27,28,14,12,0.9894123749310844,0.02128814551209874,Ambiguous/Mixed,Fibroblasts/Stromal,False
27,28,14,13,0.9923812063784572,0.015295929781416027,Ambiguous/Mixed,Ambiguous/Mixed,True
27,28,14,14,0.9917831675625189,0.016501553351523895,Ambiguous/Mixed,Ambiguous/Mixed,True
27,28,14,15,0.9998109946320258,0.00037804646347939716,Ambiguous/Mixed,Ambiguous/Mixed,True
27,28,14,16,0.9940732751775896,0.011888715120157111,Ambiguous/Mixed,Ambiguous/Mixed,True
27,28,14,17,0.985974477487068,0.02824961923215054,Ambiguous/Mixed,Ambiguous/Mixed,True
27,28,14,18,0.9903481351697312,0.01939749196373501,Ambiguous/Mixed,Ambiguous/Mixed,True
27,28,14,19,0.9895564497186228,0.02099693367288542,Ambiguous/Mixed,Ambiguous/Mixed,True
27,28,14,20,0.7878597145218771,0.4768704644589844,Ambiguous/Mixed,Ambiguous/Mixed,True
27,28,14,21,0.9892405969561973,0.021635407973499055,Ambiguous/Mixed,Ambiguous/Mixed,True
27,28,14,22,0.9858263779469307,0.028550054319208377,Ambiguous/Mixed,Ambiguous/Mixed,True
27,28,14,23,0.9860426529933177,0.028111333402432014,Ambiguous/Mixed,Ambiguous/Mixed,True
27,28,14,24,0.7870451040410659,0.4789394416920387,Ambiguous/Mixed,Ambiguous/Mixed,True
27,28,14,25,0.9861570947564121,0.027879223519336353,Ambiguous/Mixed,Ambiguous/Mixed,True
27,28,14,26,0.9858702134128677,0.028461124884251086,Ambiguous/Mixed,Ambiguous/Mixed,True
27,28,14,27,0.986944791781534,0.026282352982964025,Ambiguous/Mixed,Ambiguous/Mixed,True
27,28,14,28,0.9854064584964036,0.029402149412422415,Ambiguous/Mixed,Ambiguous/Mixed,True
27,28,15,1,0.777068403925377,0.5044537930988587,Ambiguous/Mixed,Ambiguous/Mixed,True
27,28,15,2,0.949226380087853,0.10421592577893508,Ambiguous/Mixed,Ambiguous/Mixed,True
27,28,15,3,0.31317853528846173,2.32196370155153,Ambiguous/Mixed,Tumor/Epithelials,False
27,28,15,4,0.24500915852625288,2.8129193747925645,Ambiguous/Mixed,Tumor/Epithelials,False
27,28,15,5,0.998098090288211,0.0038074412771507728,Ambiguous/Mixed,Ambiguous/Mixed,True
27,28,15,6,0.9425172683273361,0.11840207599019331,Ambiguous/Mixed,Ambiguous/Mixed,True
27,28,15,7,0.9899910432267263,0.02011876628031808,Ambiguous/Mixed,Ambiguous/Mixed,True
27,28,15,8,0.9785649849453217,0.04333616306053445,Ambiguous/Mixed,Fibroblasts/Stromal,False
27,28,15,9,0.7822422670097146,0.49118156411207753,Ambiguous/Mixed,Endothelials,False
27,28,15,10,0.781157097821653,0.4939579995814678,Ambiguous/Mixed,Endothelials,False
27,28,15,11,0.9941907668646685,0.011652344729240737,Ambiguous/Mixed,Ambiguous/Mixed,True
27,28,15,12,0.9853669260114316,0.029482386917734874,Ambiguous/Mixed,Fibroblasts/Stromal,False
27,28,15,13,0.9965207503234984,0.0069706326827453265,Ambiguous/Mixed,Ambiguous/Mixed,True
27,28,15,14,0.9966609114045913,0.006689351585261365,Ambiguous/Mixed,Ambiguous/Mixed,True
27,28,15,15,0.9886653131237356,0.022798828024477472,Ambiguous/Mixed,Ambiguous/Mixed,True
27,28,15,16,0.9921138718114685,0.01583477630523729,Ambiguous/Mixed,Ambiguous/Mixed,True
27,28,15,17,0.9992120320891126,0.0015765570415589363,Ambiguous/Mixed,Ambiguous/Mixed,True
27,28,15,18,0.9981789425457848,0.0036454351902435395,Ambiguous/Mixed,Ambiguous/Mixed,True
27,28,15,19,0.9969918138382351,0.00602543969630962,Ambiguous/Mixed,Ambiguous/Mixed,True
27,28,15,20,0.8044196021807417,0.43526850536492856,Ambiguous/Mixed,Ambiguous/Mixed,True
27,28,15,21,0.9986692592968346,0.002663253849766128,Ambiguous/Mixed,Ambiguous/Mixed,True
27,28,15,22,0.9993588512026826,0.001282708842204901,Ambiguous/Mixed,Ambiguous/Mixed,True
27,28,15,23,0.9989281070539187,0.002144935668348568,Ambiguous/Mixed,Ambiguous/Mixed,True
27,28,15,24,0.8043846547522165,0.4353553958076412,Ambiguous/Mixed,Ambiguous/Mixed,True
27,28,15,25,0.9993221569352476,0.0013561458084636957,Ambiguous/Mixed,Ambiguous/Mixed,True
27,28,15,26,0.9990638594982337,0.0018731579098860173,Ambiguous/Mixed,Ambiguous/Mixed,True
27,28,15,27,0.9988613441830531,0.0022786091560109724,Ambiguous/Mixed,Ambiguous/Mixed,True
27,28,15,28,0.9991638519475728,0.0016729956383893724,Ambiguous/Mixed,Ambiguous/Mixed,True
27,28,16,1,0.6894086169508834,0.7438422515480004,Ambiguous/Mixed,Ambiguous/Mixed,True
27,28,16,2,0.6545491295410636,0.8476172644309953,Ambiguous/Mixed,Ambiguous/Mixed,True
27,28,16,3,0.13140379837079125,4.058960532835968,Ambiguous/Mixed,Tumor/Epithelials,False
27,28,16,4,0.18688925207159043,3.354478144958396,Ambiguous/Mixed,Tumor/Epithelials,False
27,28,16,5,0.6339607498878586,0.9115364703111258,Ambiguous/Mixed,Ambiguous/Mixed,True
27,28,16,6,0.5578788166443586,1.167227029318185,Ambiguous/Mixed,Ambiguous/Mixed,True
27,28,16,7,0.6338642828764648,0.911840824647369,Ambiguous/Mixed,Ambiguous/Mixed,True
27,28,16,8,0.6154823370643062,0.970698061318456,Ambiguous/Mixed,Fibroblasts/Stromal,False
27,28,16,9,0.8124587345641471,0.41538030859350455,Ambiguous/Mixed,Endothelials,False
27,28,16,10,0.7137402408882534,0.6744723822331944,Ambiguous/Mixed,Endothelials,False
27,28,16,11,0.6038043231858174,1.0090102035435387,Ambiguous/Mixed,Ambiguous/Mixed,True
27,28,16,12,0.634629841278259,0.9094267543567347,Ambiguous/Mixed,Fibroblasts/Stromal,False
27,28,16,13,0.6412171082204913,0.8887743540722113,Ambiguous/Mixed,Ambiguous/Mixed,True
27,28,16,14,0.6208818906028265,0.9532288148069616,Ambiguous/Mixed,Ambiguous/Mixed,True
27,28,16,15,0.5969239505886941,1.0319311193048002,Ambiguous/Mixed,Ambiguous/Mixed,True
27,28,16,16,0.633172544427001,0.9140246238970335,Ambiguous/Mixed,Ambiguous/Mixed,True
27,28,16,17,0.6317687189210685,0.9184638057719469,Ambiguous/Mixed,Ambiguous/Mixed,True
27,28,16,18,0.6200252846638921,0.9559900401171929,Ambiguous/Mixed,Ambiguous/Mixed,True
27,28,16,19,0.614970004476243,0.9723635711488636,Ambiguous/Mixed,Ambiguous/Mixed,True
27,28,16,20,0.7819990009272598,0.4918036320485328,Ambiguous/Mixed,Ambiguous/Mixed,True
27,28,16,21,0.6372809985687201,0.901089185253965,Ambiguous/Mixed,Ambiguous/Mixed,True
27,28,16,22,0.6376008830800972,0.9000855330013297,Ambiguous/Mixed,Ambiguous/Mixed,True
27,28,16,23,0.6281744436475875,0.9298747491555853,Ambiguous/Mixed,Ambiguous/Mixed,True
27,28,16,24,0.7741058844713108,0.5120932262127619,Ambiguous/Mixed,Ambiguous/Mixed,True
27,28,16,25,0.6218879768212486,0.9499906080734977,Ambiguous/Mixed,Ambiguous/Mixed,True
27,28,16,26,0.6383298761321217,0.8978001640623545,Ambiguous/Mixed,Ambiguous/Mixed,True
27,28,16,27,0.6390175802475201,0.8956466257172184,Ambiguous/Mixed,Ambiguous/Mixed,True
27,28,16,28,0.630737109188144,0.921732257891688,Ambiguous/Mixed,Ambiguous/Mixed,True
27,28,17,1,0.9654136887826302,0.07039715293352797,Ambiguous/Mixed,Ambiguous/Mixed,True
27,28,17,2,0.8400268530918418,0.348642839378528,Ambiguous/Mixed,Ambiguous/Mixed,True
27,28,17,3,0.18263290710511762,3.400554225801238,Ambiguous/Mixed,Tumor/Epithelials,False
27,28,17,4,0.2715659729615789,2.6071003495857283,Ambiguous/Mixed,Tumor/Epithelials,False
27,28,17,5,0.7952101962424973,0.458297602970872,Ambiguous/Mixed,Ambiguous/Mixed,True
27,28,17,6,0.6358462618401545,0.9055969430580767,Ambiguous/Mixed,Ambiguous/Mixed,True
27,28,17,7,0.8457190456180286,0.3351361438213535,Ambiguous/Mixed,Ambiguous/Mixed,True
27,28,17,8,0.7309905177168934,0.6267095819520156,Ambiguous/Mixed,Fibroblasts/Stromal,False
27,28,17,9,0.9620048495372334,0.07747157446028324,Ambiguous/Mixed,Endothelials,False
27,28,17,10,0.9614330738700984,0.07866064467049194,Ambiguous/Mixed,Endothelials,False
27,28,17,11,0.7921816306662925,0.46592916362166986,Ambiguous/Mixed,Ambiguous/Mixed,True
27,28,17,12,0.7936188259171834,0.46230400223794044,Ambiguous/Mixed,Fibroblasts/Stromal,False
27,28,17,13,0.8024310485653975,0.4402186969203013,Ambiguous/Mixed,Ambiguous/Mixed,True
27,28,17,14,0.7724626320214023,0.5163432883361326,Ambiguous/Mixed,Ambiguous/Mixed,True
27,28,17,15,0.7852495229504146,0.4835074961531368,Ambiguous/Mixed,Ambiguous/Mixed,True
27,28,17,16,0.7925072959229642,0.4651071341222722,Ambiguous/Mixed,Ambiguous/Mixed,True
27,28,17,17,0.8003487266113083,0.4454154760609618,Ambiguous/Mixed,Ambiguous/Mixed,True
27,28,17,18,0.7740088094513762,0.512344047474114,Ambiguous/Mixed,Ambiguous/Mixed,True
27,28,17,19,0.7652023325046381,0.5352299863838739,Ambiguous/Mixed,Ambiguous/Mixed,True
27,28,17,20,0.9992272143282988,0.0015461688489457857,Ambiguous/Mixed,Ambiguous/Mixed,True
27,28,17,21,0.7996467541576773,0.4471704122644915,Ambiguous/Mixed,Ambiguous/Mixed,True
27,28,17,22,0.7987767541611843,0.44934755762772455,Ambiguous/Mixed,Ambiguous/Mixed,True
27,28,17,23,0.7920464555465438,0.4662704657895915,Ambiguous/Mixed,Ambiguous/Mixed,True
27,28,17,24,0.9993471382243828,0.0013061499653355655,Ambiguous/Mixed,Ambiguous/Mixed,True
27,28,17,25,0.7902029411289179,0.4709309580121118,Ambiguous/Mixed,Ambiguous/Mixed,True
27,28,17,26,0.8026994574324438,0.4395498195460439,Ambiguous/Mixed,Ambiguous/Mixed,True
27,28,17,27,0.7961519089006893,0.4559305420359073,Ambiguous/Mixed,Ambiguous/Mixed,True
27,28,17,28,0.7929449079285614,0.4640030654770051,Ambiguous/Mixed,Ambiguous/Mixed,True
27,28,18,1,0.7717078689265426,0.5182984173960459,Ambiguous/Mixed,Ambiguous/Mixed,True
27,28,18,2,0.946602643098456,0.10975173862368476,Ambiguous/Mixed,Ambiguous/Mixed,True
27,28,18,3,0.320049443271641,2.278559569799924,Ambiguous/Mixed,Tumor/Epithelials,False
27,28,18,4,0.25488956841400195,2.7338497853331765,Ambiguous/Mixed,Tumor/Epithelials,False
27,28,18,5,0.9967445588436498,0.00652150326668087,Ambiguous/Mixed,Ambiguous/Mixed,True
27,28,18,6,0.9424628374536338,0.11851758038952462,Ambiguous/Mixed,Ambiguous/Mixed,True
27,28,18,7,0.987132600407196,0.02590180331055171,Ambiguous/Mixed,Ambiguous/Mixed,True
27,28,18,8,0.980613687153809,0.03915338384922566,Ambiguous/Mixed,Fibroblasts/Stromal,False
27,28,18,9,0.7764967749925951,0.5059255793266544,Ambiguous/Mixed,Endothelials,False
27,28,18,10,0.77625639177158,0.506544823204125,Ambiguous/Mixed,Endothelials,False
27,28,18,11,0.9945209369612628,0.010988256316641552,Ambiguous/Mixed,Ambiguous/Mixed,True
27,28,18,12,0.9871774090235275,0.025811019966243617,Ambiguous/Mixed,Fibroblasts/Stromal,False
27,28,18,13,0.9989150635381114,0.0021710508629732284,Ambiguous/Mixed,Ambiguous/Mixed,True
27,28,18,14,0.9992384482915131,0.0015236836725936748,Ambiguous/Mixed,Ambiguous/Mixed,True
27,28,18,15,0.9932655848715318,0.013514387252403502,Ambiguous/Mixed,Ambiguous/Mixed,True
27,28,18,16,0.9944373117079673,0.011156435318690917,Ambiguous/Mixed,Ambiguous/Mixed,True
27,28,18,17,0.9985447811967655,0.0029125573249199153,Ambiguous/Mixed,Ambiguous/Mixed,True
27,28,18,18,0.9994469987695993,0.0011063083839514052,Ambiguous/Mixed,Ambiguous/Mixed,True
27,28,18,19,0.9982743089329,0.003454363574382571,Ambiguous/Mixed,Ambiguous/Mixed,True
27,28,18,20,0.7997601226685301,0.44688688588309283,Ambiguous/Mixed,Ambiguous/Mixed,True
27,28,18,21,0.9997204202746697,0.0005592376300553458,Ambiguous/Mixed,Ambiguous/Mixed,True
27,28,18,22,0.9989248170919718,0.0021515226636316604,Ambiguous/Mixed,Ambiguous/Mixed,True
27,28,18,23,0.9989558235287928,0.002089444006492574,Ambiguous/Mixed,Ambiguous/Mixed,True
27,28,18,24,0.799464524734527,0.4476262390136227,Ambiguous/Mixed,Ambiguous/Mixed,True
27,28,18,25,0.9988397813893478,0.0023217843706213846,Ambiguous/Mixed,Ambiguous/Mixed,True
27,28,18,26,0.9989393762167278,0.0021223732854005342,Ambiguous/Mixed,Ambiguous/Mixed,True
27,28,18,27,0.9991031410810275,0.0017945226751184193,Ambiguous/Mixed,Ambiguous/Mixed,True
27,28,18,28,0.9989963697724783,0.0020082684031382586,Ambiguous/Mixed,Ambiguous/Mixed,True
27,28,19,1,0.4815698795298071,1.461407858895886,Ambiguous/Mixed,Ambiguous/Mixed,True
27,28,19,2,0.26803828884645975,2.633250879691972,Ambiguous/Mixed,Ambiguous/Mixed,True
27,28,19,3,0.056886597351882506,5.733391026028174,Ambiguous/Mixed,Tumor/Epithelials,False
27,28,19,4,0.17374343737630243,3.5003511314933196,Ambiguous/Mixed,Tumor/Epithelials,False
27,28,19,5,0.3900764388490269,1.8828251240291407,Ambiguous/Mixed,Ambiguous/Mixed,True
27,28,19,6,0.2066833760167079,3.1531344823713674,Ambiguous/Mixed,Ambiguous/Mixed,True
27,28,19,7,0.40355041673332037,1.8149077010878396,Ambiguous/Mixed,Ambiguous/Mixed,True
27,28,19,8,0.38483922859893616,1.9098592399264729,Ambiguous/Mixed,Fibroblasts/Stromal,False
27,28,19,9,0.40398562893045153,1.8127519472160236,Ambiguous/Mixed,Endothelials,False
27,28,19,10,0.44700718893690117,1.6103612037300077,Ambiguous/Mixed,Endothelials,False
27,28,19,11,0.3709737756752481,1.9832478087690022,Ambiguous/Mixed,Ambiguous/Mixed,True
27,28,19,12,0.3801619303391695,1.9343159691177263,Ambiguous/Mixed,Fibroblasts/Stromal,False
27,28,19,13,0.40550364962852864,1.8052508103004175,Ambiguous/Mixed,Ambiguous/Mixed,True
27,28,19,14,0.38639299822861645,1.9018005946686156,Ambiguous/Mixed,Ambiguous/Mixed,True
27,28,19,15,0.36683847667665176,2.0056672917104237,Ambiguous/Mixed,Ambiguous/Mixed,True
27,28,19,16,0.38250471147122167,1.9220286164391718,Ambiguous/Mixed,Ambiguous/Mixed,True
27,28,19,17,0.3958993164766291,1.8531907027532941,Ambiguous/Mixed,Ambiguous/Mixed,True
27,28,19,18,0.37403348721199664,1.9668198951518032,Ambiguous/Mixed,Ambiguous/Mixed,True
27,28,19,19,0.3677443516933418,2.0007345574242126,Ambiguous/Mixed,Ambiguous/Mixed,True
27,28,19,20,0.4684394931179919,1.5166966717453498,Ambiguous/Mixed,Ambiguous/Mixed,True
27,28,19,21,0.3872065469087819,1.8975940307677264,Ambiguous/Mixed,Ambiguous/Mixed,True
27,28,19,22,0.39374542878787483,1.8641013966746074,Ambiguous/Mixed,Ambiguous/Mixed,True
27,28,19,23,0.3913048198198467,1.8765368647747658,Ambiguous/Mixed,Ambiguous/Mixed,True
27,28,19,24,0.46955345033890256,1.511946283152835,Ambiguous/Mixed,Ambiguous/Mixed,True
27,28,19,25,0.3845301380494626,1.9114662213296916,Ambiguous/Mixed,Ambiguous/Mixed,True
27,28,19,26,0.39158300001077573,1.8751155617702226,Ambiguous/Mixed,Ambiguous/Mixed,True
27,28,19,27,0.38830185432229614,1.8919445335342613,Ambiguous/Mixed,Ambiguous/Mixed,True
27,28,19,28,0.3890531599261729,1.888078573585265,Ambiguous/Mixed,Ambiguous/Mixed,True
27,28,20,1,0.776414551239633,0.5061373718524732,Ambiguous/Mixed,Ambiguous/Mixed,True
27,28,20,2,0.9513072781289669,0.09983631616002211,Ambiguous/Mixed,Ambiguous/Mixed,True
27,28,20,3,0.30685753334869637,2.3627433997157743,Ambiguous/Mixed,Tumor/Epithelials,False
27,28,20,4,0.2422064923892044,2.835929284642981,Ambiguous/Mixed,Tumor/Epithelials,False
27,28,20,5,0.998349868713662,0.003302988505114966,Ambiguous/Mixed,Ambiguous/Mixed,True
27,28,20,6,0.9432526761129001,0.11684216604462855,Ambiguous/Mixed,Ambiguous/Mixed,True
27,28,20,7,0.9910897820312228,0.01790030269590507,Ambiguous/Mixed,Ambiguous/Mixed,True
27,28,20,8,0.9756171171145224,0.049370135152899584,Ambiguous/Mixed,Fibroblasts/Stromal,False
27,28,20,9,0.7759292902793372,0.5073877674494364,Ambiguous/Mixed,Endothelials,False
27,28,20,10,0.7726471712866411,0.5158655507262331,Ambiguous/Mixed,Endothelials,False
27,28,20,11,0.993476741950763,0.01308925495985517,Ambiguous/Mixed,Ambiguous/Mixed,True
27,28,20,12,0.9834134791796826,0.03345123477429511,Ambiguous/Mixed,Fibroblasts/Stromal,False
27,28,20,13,0.9961309932689559,0.007753021398216976,Ambiguous/Mixed,Ambiguous/Mixed,True
27,28,20,14,0.9970924609142281,0.005823548377366353,Ambiguous/Mixed,Ambiguous/Mixed,True
27,28,20,15,0.9885798708070357,0.022971679256985417,Ambiguous/Mixed,Ambiguous/Mixed,True
27,28,20,16,0.9918318001876945,0.016403484671914263,Ambiguous/Mixed,Ambiguous/Mixed,True
27,28,20,17,0.9989267513169326,0.0021476500536912017,Ambiguous/Mixed,Ambiguous/Mixed,True
27,28,20,18,0.9982170162286476,0.0035691503576679665,Ambiguous/Mixed,Ambiguous/Mixed,True
27,28,20,19,0.9987564004383346,0.0024887469465818823,Ambiguous/Mixed,Ambiguous/Mixed,True
27,28,20,20,0.8026193687942789,0.4397493777569686,Ambiguous/Mixed,Ambiguous/Mixed,True
27,28,20,21,0.9992262936490892,0.0015480116322898673,Ambiguous/Mixed,Ambiguous/Mixed,True
27,28,20,22,0.9993012616913917,0.001397965079992392,Ambiguous/Mixed,Ambiguous/Mixed,True
27,28,20,23,0.9997095226552419,0.0005810390829472133,Ambiguous/Mixed,Ambiguous/Mixed,True
27,28,20,24,0.8026405013351717,0.43969671951443146,Ambiguous/Mixed,Ambiguous/Mixed,True
27,28,20,25,0.9991328025604251,0.0017351473456050997,Ambiguous/Mixed,Ambiguous/Mixed,True
27,28,20,26,0.9998239712483457,0.00035208849306680827,Ambiguous/Mixed,Ambiguous/Mixed,True
27,28,20,27,0.9998306069858592,0.00033881472551547994,Ambiguous/Mixed,Ambiguous/Mixed,True
27,28,20,28,0.9994432356100621,0.0011138388815693555,Ambiguous/Mixed,Ambiguous/Mixed,True
27,28,21,1,0.77143940193932,0.5189943120653355,Ambiguous/Mixed,Ambiguous/Mixed,True
27,28,21,2,0.9482986482433032,0.10617159309213461,Ambiguous/Mixed,Ambiguous/Mixed,True
27,28,21,3,0.3053254494607671,2.372754047705623,Ambiguous/Mixed,Tumor/Epithelials,False
27,28,21,4,0.23873002820828532,2.8648439092077993,Ambiguous/Mixed,Tumor/Epithelials,False
27,28,21,5,0.9987073395051099,0.002586993402331653,Ambiguous/Mixed,Ambiguous/Mixed,True
27,28,21,6,0.9417608178356581,0.12000789105086958,Ambiguous/Mixed,Ambiguous/Mixed,True
27,28,21,7,0.9897673599745002,0.02057070678541458,Ambiguous/Mixed,Ambiguous/Mixed,True
27,28,21,8,0.9799873011542383,0.0404313308147088,Ambiguous/Mixed,Fibroblasts/Stromal,False
27,28,21,9,0.7726951288623282,0.5157414162203752,Ambiguous/Mixed,Endothelials,False
27,28,21,10,0.7713577765439801,0.5192059416860128,Ambiguous/Mixed,Endothelials,False
27,28,21,11,0.9947243662436814,0.010579198101850023,Ambiguous/Mixed,Ambiguous/Mixed,True
27,28,21,12,0.9862839542094637,0.027621959651718066,Ambiguous/Mixed,Fibroblasts/Stromal,False
27,28,21,13,0.9971117424647955,0.005784873199497831,Ambiguous/Mixed,Ambiguous/Mixed,True
27,28,21,14,0.9977907840873167,0.004423319660497681,Ambiguous/Mixed,Ambiguous/Mixed,True
27,28,21,15,0.9885002865840983,0.023132692906700694,Ambiguous/Mixed,Ambiguous/Mixed,True
27,28,21,16,0.992963277977583,0.01412319301882375,Ambiguous/Mixed,Ambiguous/Mixed,True
27,28,21,17,0.9998098244140179,0.0003803873433036888,Ambiguous/Mixed,Ambiguous/Mixed,True
27,28,21,18,0.9988358978916133,0.002329560403087237,Ambiguous/Mixed,Ambiguous/Mixed,True
27,28,21,19,0.9975680984816648,0.0048697267876000785,Ambiguous/Mixed,Ambiguous/Mixed,True
27,28,21,20,0.7985022303402632,0.45003503633692415,Ambiguous/Mixed,Ambiguous/Mixed,True
27,28,21,21,0.9992930408286516,0.0014144183696464863,Ambiguous/Mixed,Ambiguous/Mixed,True
27,28,21,22,0.9999493634395458,0.00010127568505630455,Ambiguous/Mixed,Ambiguous/Mixed,True
27,28,21,23,0.9996255032818838,0.0007491337190488939,Ambiguous/Mixed,Ambiguous/Mixed,True
27,28,21,24,0.7984209891255872,0.4502385306909563,Ambiguous/Mixed,Ambiguous/Mixed,True
27,28,21,25,0.9998229278231348,0.0003541757119880644,Ambiguous/Mixed,Ambiguous/Mixed,True
27,28,21,26,0.9996038209161519,0.0007925151670307163,Ambiguous/Mixed,Ambiguous/Mixed,True
27,28,21,27,0.999317974467921,0.0013645164345926456,Ambiguous/Mixed,Ambiguous/Mixed,True
27,28,21,28,0.9997804364398085,0.00043917533559758453,Ambiguous/Mixed,Ambiguous/Mixed,True
27,28,22,1,0.27471767418854615,2.5840226959701016,Ambiguous/Mixed,Ambiguous/Mixed,True
27,28,22,2,0.1369504911102696,3.976271594448414,Ambiguous/Mixed,Ambiguous/Mixed,True
27,28,22,3,0.023123476255159505,7.533813778846755,Ambiguous/Mixed,Tumor/Epithelials,False
27,28,22,4,0.07244426147613478,5.249875640062139,Ambiguous/Mixed,Tumor/Epithelials,False
27,28,22,5,0.24310726844770097,2.8285049982074617,Ambiguous/Mixed,Ambiguous/Mixed,True
27,28,22,6,0.11893003404881736,4.258439815900202,Ambiguous/Mixed,Ambiguous/Mixed,True
27,28,22,7,0.23032999376453203,2.936484485678423,Ambiguous/Mixed,Ambiguous/Mixed,True
27,28,22,8,0.2629479939776815,2.6715980157750696,Ambiguous/Mixed,Fibroblasts/Stromal,False
27,28,22,9,0.2483718834119737,2.7856562522048502,Ambiguous/Mixed,Endothelials,False
27,28,22,10,0.27311338496990206,2.5957364809250887,Ambiguous/Mixed,Endothelials,False
27,28,22,11,0.2165669790398842,3.059710814753083,Ambiguous/Mixed,Ambiguous/Mixed,True
27,28,22,12,0.24507152465876691,2.8124103473202275,Ambiguous/Mixed,Fibroblasts/Stromal,False
27,28,22,13,0.24648846917738756,2.800880129557132,Ambiguous/Mixed,Ambiguous/Mixed,True
27,28,22,14,0.24646564217875183,2.8010653557120717,Ambiguous/Mixed,Ambiguous/Mixed,True
27,28,22,15,0.21909299550272326,3.0365180045993507,Ambiguous/Mixed,Ambiguous/Mixed,True
27,28,22,16,0.23446497988465567,2.9008980835182427,Ambiguous/Mixed,Ambiguous/Mixed,True
27,28,22,17,0.24361970379416653,2.824293721125874,Ambiguous/Mixed,Ambiguous/Mixed,True
27,28,22,18,0.234849964263875,2.8976168373497773,Ambiguous/Mixed,Ambiguous/Mixed,True
27,28,22,19,0.2257586011133994,2.9765779744814767,Ambiguous/Mixed,Ambiguous/Mixed,True
27,28,22,20,0.2818470541166232,2.532781432927357,Ambiguous/Mixed,Ambiguous/Mixed,True
27,28,22,21,0.24103039017747474,2.8456645062399746,Ambiguous/Mixed,Ambiguous/Mixed,True
27,28,22,22,0.24622726742027468,2.803000636471609,Ambiguous/Mixed,Ambiguous/Mixed,True
27,28,22,23,0.24186719553297512,2.838732964498004,Ambiguous/Mixed,Ambiguous/Mixed,True
27,28,22,24,0.2819045365061096,2.532373576767717,Ambiguous/Mixed,Ambiguous/Mixed,True
27,28,22,25,0.2353975207002901,2.8929592329913296,Ambiguous/Mixed,Ambiguous/Mixed,True
27,28,22,26,0.24434615318212677,2.818338796909306,Ambiguous/Mixed,Ambiguous/Mixed,True
27,28,22,27,0.23954337081170626,2.8580415790832765,Ambiguous/Mixed,Ambiguous/Mixed,True
27,28,22,28,0.24263612141772473,2.8323848013097472,Ambiguous/Mixed,Ambiguous/Mixed,True
27,28,23,1,0.29440073160626107,2.4456268141097772,Ambiguous/Mixed,Ambiguous/Mixed,True
27,28,23,2,0.20425245289016256,3.176797072119947,Ambiguous/Mixed,Ambiguous/Mixed,True
27,28,23,3,0.05798612125913684,5.695103171410766,Ambiguous/Mixed,Tumor/Epithelials,False
27,28,23,4,0.0886634886709597,4.84581420313547,Ambiguous/Mixed,Tumor/Epithelials,False
27,28,23,5,0.39049172509935093,1.8806970009070978,Ambiguous/Mixed,Ambiguous/Mixed,True
27,28,23,6,0.20709651220093178,3.149140703714918,Ambiguous/Mixed,Ambiguous/Mixed,True
27,28,23,7,0.36775733870928057,2.000663927996112,Ambiguous/Mixed,Ambiguous/Mixed,True
27,28,23,8,0.42321197610070466,1.7197641998474913,Ambiguous/Mixed,Fibroblasts/Stromal,False
27,28,23,9,0.2225788228897959,3.0049479598646105,Ambiguous/Mixed,Endothelials,False
27,28,23,10,0.27808085245653913,2.5596867428030814,Ambiguous/Mixed,Endothelials,False
27,28,23,11,0.3642217121330935,2.019984995008646,Ambiguous/Mixed,Ambiguous/Mixed,True
27,28,23,12,0.385605160085218,1.905882668743089,Ambiguous/Mixed,Fibroblasts/Stromal,False
27,28,23,13,0.38958283345098277,1.8853575403372904,Ambiguous/Mixed,Ambiguous/Mixed,True
27,28,23,14,0.4029731074018822,1.8177709005495328,Ambiguous/Mixed,Ambiguous/Mixed,True
27,28,23,15,0.3694692302036801,1.991375632411335,Ambiguous/Mixed,Ambiguous/Mixed,True
27,28,23,16,0.3732334014026156,1.9711026280136525,Ambiguous/Mixed,Ambiguous/Mixed,True
27,28,23,17,0.3926194285082093,1.869829023176659,Ambiguous/Mixed,Ambiguous/Mixed,True
27,28,23,18,0.38558119380416345,1.9060069773797315,Ambiguous/Mixed,Ambiguous/Mixed,True
27,28,23,19,0.3737805547080303,1.9681728117831199,Ambiguous/Mixed,Ambiguous/Mixed,True
27,28,23,20,0.27268922668768136,2.598844992013517,Ambiguous/Mixed,Ambiguous/Mixed,True
27,28,23,21,0.38500301989725166,1.9090082016723013,Ambiguous/Mixed,Ambiguous/Mixed,True
27,28,23,22,0.3931671396315097,1.8670409316810397,Ambiguous/Mixed,Ambiguous/Mixed,True
27,28,23,23,0.39228383360322816,1.87153927177228,Ambiguous/Mixed,Ambiguous/Mixed,True
27,28,23,24,0.27562327111597673,2.5774406107915904,Ambiguous/Mixed,Ambiguous/Mixed,True
27,28,23,25,0.3859355870578074,1.9041695926987474,Ambiguous/Mixed,Ambiguous/Mixed,True
27,28,23,26,0.389795162709741,1.8842678033159364,Ambiguous/Mixed,Ambiguous/Mixed,True
27,28,23,27,0.38171092709857585,1.9261833843766487,Ambiguous/Mixed,Ambiguous/Mixed,True
27,28,23,28,0.39200399200260805,1.8729665111268106,Ambiguous/Mixed,Ambiguous/Mixed,True
27,28,24,1,0.6371062777069316,0.9016375926843775,Ambiguous/Mixed,Ambiguous/Mixed,True
27,28,24,2,0.6464301296043159,0.8725803229374265,Ambiguous/Mixed,Ambiguous/Mixed,True
27,28,24,3,0.18775439691950463,3.34524113920021,Ambiguous/Mixed,Tumor/Epithelials,False
27,28,24,4,0.27643976219275707,2.5715246800166947,Ambiguous/Mixed,Tumor/Epithelials,False
27,28,24,5,0.7966161513574003,0.4547646661461507,Ambiguous/Mixed,Ambiguous/Mixed,True
27,28,24,6,0.6537955097341832,0.8499213053315494,Ambiguous/Mixed,Ambiguous/Mixed,True
27,28,24,7,0.7686636624399081,0.526203550379595,Ambiguous/Mixed,Ambiguous/Mixed,True
27,28,24,8,0.7857441944641922,0.4822479837193371,Ambiguous/Mixed,Fibroblasts/Stromal,False
27,28,24,9,0.5533860731914633,1.183398755690065,Ambiguous/Mixed,Endothelials,False
27,28,24,10,0.5905086388623512,1.053542027420483,Ambiguous/Mixed,Endothelials,False
27,28,24,11,0.777262449795269,0.5039544248454765,Ambiguous/Mixed,Ambiguous/Mixed,True
27,28,24,12,0.7471811690084442,0.5828951889231504,Ambiguous/Mixed,Fibroblasts/Stromal,False
27,28,24,13,0.8013569346664032,0.4428976397003222,Ambiguous/Mixed,Ambiguous/Mixed,True
27,28,24,14,0.7984617604632048,0.4501364033741276,Ambiguous/Mixed,Ambiguous/Mixed,True
27,28,24,15,0.7869126601722649,0.47927602980672623,Ambiguous/Mixed,Ambiguous/Mixed,True
27,28,24,16,0.7499892451347113,0.575392824749964,Ambiguous/Mixed,Ambiguous/Mixed,True
27,28,24,17,0.7929550308428361,0.4639775331870356,Ambiguous/Mixed,Ambiguous/Mixed,True
27,28,24,18,0.7856133324598611,0.48258110206418603,Ambiguous/Mixed,Ambiguous/Mixed,True
27,28,24,19,0.7997242976666937,0.4469764772573803,Ambiguous/Mixed,Ambiguous/Mixed,True
27,28,24,20,0.6073835713846123,0.9971895483536468,Ambiguous/Mixed,Ambiguous/Mixed,True
27,28,24,21,0.8057074212279329,0.4320692066684092,Ambiguous/Mixed,Ambiguous/Mixed,True
27,28,24,22,0.7908558510772259,0.46927912826702983,Ambiguous/Mixed,Ambiguous/Mixed,True
27,28,24,23,0.7929779102730806,0.4639198272660527,Ambiguous/Mixed,Ambiguous/Mixed,True
27,28,24,24,0.6085382320860259,0.9933910769545855,Ambiguous/Mixed,Ambiguous/Mixed,True
27,28,24,25,0.7898435406819928,0.4718408058102893,Ambiguous/Mixed,Ambiguous/Mixed,True
27,28,24,26,0.7950654372826116,0.45866171333572675,Ambiguous/Mixed,Ambiguous/Mixed,True
27,28,24,27,0.7970062462668445,0.45378552599898114,Ambiguous/Mixed,Ambiguous/Mixed,True
27,28,24,28,0.7983894214821118,0.4503176074386276,Ambiguous/Mixed,Ambiguous/Mixed,True
27,28,25,1,0.771573569672627,0.5186465049214852,Ambiguous/Mixed,Ambiguous/Mixed,True
27,28,25,2,0.9481470349832968,0.10649137712111123,Ambiguous/Mixed,Ambiguous/Mixed,True
27,28,25,3,0.3011631275486384,2.400206418094742,Ambiguous/Mixed,Tumor/Epithelials,False
27,28,25,4,0.23709969739910222,2.878549124340246,Ambiguous/Mixed,Tumor/Epithelials,False
27,28,25,5,0.9987419619662776,0.0025176600557566837,Ambiguous/Mixed,Ambiguous/Mixed,True
27,28,25,6,0.941047422081285,0.12152349051211729,Ambiguous/Mixed,Ambiguous/Mixed,True
27,28,25,7,0.9899996955591239,0.02010128673917043,Ambiguous/Mixed,Ambiguous/Mixed,True
27,28,25,8,0.9778524104158447,0.04479305986113842,Ambiguous/Mixed,Fibroblasts/Stromal,False
27,28,25,9,0.7690708173176127,0.5251444471531823,Ambiguous/Mixed,Endothelials,False
27,28,25,10,0.7678878099583364,0.5282232745774357,Ambiguous/Mixed,Endothelials,False
27,28,25,11,0.9947477580467958,0.010532166926434466,Ambiguous/Mixed,Ambiguous/Mixed,True
27,28,25,12,0.984285213810555,0.031679144990408144,Ambiguous/Mixed,Fibroblasts/Stromal,False
27,28,25,13,0.9975336265276615,0.004938839963283398,Ambiguous/Mixed,Ambiguous/Mixed,True
27,28,25,14,0.9982271152848037,0.003548916270479069,Ambiguous/Mixed,Ambiguous/Mixed,True
27,28,25,15,0.9887227017643252,0.022682738232947215,Ambiguous/Mixed,Ambiguous/Mixed,True
27,28,25,16,0.992113594914706,0.015835334500841756,Ambiguous/Mixed,Ambiguous/Mixed,True
27,28,25,17,0.9994392933806311,0.0011217277482213563,Ambiguous/Mixed,Ambiguous/Mixed,True
27,28,25,18,0.9991760554913264,0.0016485682750399817,Ambiguous/Mixed,Ambiguous/Mixed,True
27,28,25,19,0.9978640800205986,0.004276408619649887,Ambiguous/Mixed,Ambiguous/Mixed,True
27,28,25,20,0.7968986395358639,0.4540555715508894,Ambiguous/Mixed,Ambiguous/Mixed,True
27,28,25,21,0.9995464150681646,0.000907375665195961,Ambiguous/Mixed,Ambiguous/Mixed,True
27,28,25,22,0.9998031606868871,0.00039371737702610806,Ambiguous/Mixed,Ambiguous/Mixed,True
27,28,25,23,0.9998097853844641,0.0003804654172606957,Ambiguous/Mixed,Ambiguous/Mixed,True
27,28,25,24,0.7968018540232452,0.4542984917561069,Ambiguous/Mixed,Ambiguous/Mixed,True
27,28,25,25,0.9997575694580841,0.0004849198658999315,Ambiguous/Mixed,Ambiguous/Mixed,True
27,28,25,26,0.9996817950533298,0.0006365111692134993,Ambiguous/Mixed,Ambiguous/Mixed,True
27,28,25,27,0.9995040922845869,0.000992061436622619,Ambiguous/Mixed,Ambiguous/Mixed,True
27,28,25,28,0.9999400589378886,0.00011988571729717231,Ambiguous/Mixed,Ambiguous/Mixed,True
27,28,26,1,0.9667887342652485,0.06755056564361912,Ambiguous/Mixed,Ambiguous/Mixed,True
27,28,26,2,0.8355025804389162,0.35944368490969947,Ambiguous/Mixed,Ambiguous/Mixed,True
27,28,26,3,0.17962968232014556,3.4337157354526697,Ambiguous/Mixed,Tumor/Epithelials,False
27,28,26,4,0.2788312874880341,2.554296768824295,Ambiguous/Mixed,Tumor/Epithelials,False
27,28,26,5,0.7951576127716325,0.45842985783816975,Ambiguous/Mixed,Ambiguous/Mixed,True
27,28,26,6,0.6341599963331849,0.9109079924707951,Ambiguous/Mixed,Ambiguous/Mixed,True
27,28,26,7,0.8455070472423272,0.3356375513568848,Ambiguous/Mixed,Ambiguous/Mixed,True
27,28,26,8,0.7336433265843616,0.6194645991087361,Ambiguous/Mixed,Fibroblasts/Stromal,False
27,28,26,9,0.9640841008150115,0.07315349333512519,Ambiguous/Mixed,Endothelials,False
27,28,26,10,0.9623104844487159,0.07683626296293236,Ambiguous/Mixed,Endothelials,False
27,28,26,11,0.7904226625495278,0.4703749214111261,Ambiguous/Mixed,Ambiguous/Mixed,True
27,28,26,12,0.7947004316346343,0.45958010178908965,Ambiguous/Mixed,Fibroblasts/Stromal,False
27,28,26,13,0.8040478595584241,0.43619296952172176,Ambiguous/Mixed,Ambiguous/Mixed,True
27,28,26,14,0.7742241622661361,0.5117876639838181,Ambiguous/Mixed,Ambiguous/Mixed,True
27,28,26,15,0.7864792270250899,0.480377937504779,Ambiguous/Mixed,Ambiguous/Mixed,True
27,28,26,16,0.7935591506077492,0.4624543957296467,Ambiguous/Mixed,Ambiguous/Mixed,True
27,28,26,17,0.8008617298268348,0.44413393750738467,Ambiguous/Mixed,Ambiguous/Mixed,True
27,28,26,18,0.7750724624164194,0.5095975082149571,Ambiguous/Mixed,Ambiguous/Mixed,True
27,28,26,19,0.7663182148702734,0.5323155427872478,Ambiguous/Mixed,Ambiguous/Mixed,True
27,28,26,20,0.9998294520567182,0.00034112497647201365,Ambiguous/Mixed,Ambiguous/Mixed,True
27,28,26,21,0.8009747711577289,0.4438516581835903,Ambiguous/Mixed,Ambiguous/Mixed,True
27,28,26,22,0.7996038996389375,0.447277598761238,Ambiguous/Mixed,Ambiguous/Mixed,True
27,28,26,23,0.7927978520725848,0.46437401052586813,Ambiguous/Mixed,Ambiguous/Mixed,True
27,28,26,24,0.9997100761724157,0.0005799317272445286,Ambiguous/Mixed,Ambiguous/Mixed,True
27,28,26,25,0.7905588489714094,0.47003035970379153,Ambiguous/Mixed,Ambiguous/Mixed,True
27,28,26,26,0.8036301813480373,0.43723217814224535,Ambiguous/Mixed,Ambiguous/Mixed,True
27,28,26,27,0.7972104627668394,0.45327313267138714,Ambiguous/Mixed,Ambiguous/Mixed,True
27,28,26,28,0.793759582117261,0.46194931377869425,Ambiguous/Mixed,Ambiguous/Mixed,True
27,28,27,1,0.769743977098465,0.5233946333972066,Ambiguous/Mixed,Ambiguous/Mixed,True
27,28,27,2,0.948542661386673,0.10565702575647609,Ambiguous/Mixed,Ambiguous/Mixed,True
27,28,27,3,0.2992629055619268,2.4128656182366477,Ambiguous/Mixed,Tumor/Epithelials,False
27,28,27,4,0.23552885141416133,2.8918437234335514,Ambiguous/Mixed,Tumor/Epithelials,False
27,28,27,5,0.9990198675670889,0.001961226153585622,Ambiguous/Mixed,Ambiguous/Mixed,True
27,28,27,6,0.9407849914192298,0.12208130992658528,Ambiguous/Mixed,Ambiguous/Mixed,True
27,28,27,7,0.9904923525373082,0.019106267367455212,Ambiguous/Mixed,Ambiguous/Mixed,True
27,28,27,8,0.9769040427104271,0.04673369605304796,Ambiguous/Mixed,Fibroblasts/Stromal,False
27,28,27,9,0.7660684897021989,0.5329674021894208,Ambiguous/Mixed,Endothelials,False
27,28,27,10,0.7649842180249931,0.5358001508021841,Ambiguous/Mixed,Endothelials,False
27,28,27,11,0.9948871512997272,0.010251928069537477,Ambiguous/Mixed,Ambiguous/Mixed,True
27,28,27,12,0.9833665070295783,0.03354676584628598,Ambiguous/Mixed,Fibroblasts/Stromal,False
27,28,27,13,0.9970097126040954,0.005989534476331767,Ambiguous/Mixed,Ambiguous/Mixed,True
27,28,27,14,0.9978244390004285,0.00435586194074164,Ambiguous/Mixed,Ambiguous/Mixed,True
27,28,27,15,0.9878894126821675,0.024369035965178844,Ambiguous/Mixed,Ambiguous/Mixed,True
27,28,27,16,0.9913198640373113,0.017436055545821075,Ambiguous/Mixed,Ambiguous/Mixed,True
27,28,27,17,0.999456455134687,0.001087385278747354,Ambiguous/Mixed,Ambiguous/Mixed,True
27,28,27,18,0.9989050510211431,0.0021910977468652497,Ambiguous/Mixed,Ambiguous/Mixed,True
27,28,27,19,0.9976543872030521,0.004696736112003388,Ambiguous/Mixed,Ambiguous/Mixed,True
27,28,27,20,0.794460451835958,0.46018414333830365,Ambiguous/Mixed,Ambiguous/Mixed,True
27,28,27,21,0.9994025689585604,0.001195219148950581,Ambiguous/Mixed,Ambiguous/Mixed,True
27,28,27,22,0.9997951352863053,0.0004097714026732606,Ambiguous/Mixed,Ambiguous/Mixed,True
27,28,27,23,0.9998080259797504,0.00038398489924112387,Ambiguous/Mixed,Ambiguous/Mixed,True
27,28,27,24,0.7944477988388213,0.4602159966492335,Ambiguous/Mixed,Ambiguous/Mixed,True
27,28,27,25,0.9998274684415281,0.00034509288750662133,Ambiguous/Mixed,Ambiguous/Mixed,True
27,28,27,26,0.9996957651544619,0.0006085622686947956,Ambiguous/Mixed,Ambiguous/Mixed,True
27,28,27,27,0.999413417289399,0.0011735096350915903,Ambiguous/Mixed,Ambiguous/Mixed,True
27,28,27,28,0.9999908510813301,1.8297921042891377e-05,Ambiguous/Mixed,Ambiguous/Mixed,True
28,29,1,1,0.9999953013631949,9.397295687332636e-06,Ambiguous/Mixed,Ambiguous/Mixed,True
28,29,1,2,0.7911377019031193,0.46856648104202814,Ambiguous/Mixed,Ambiguous/Mixed,True
28,29,1,3,0.13189775507662768,4.051456478585616,Ambiguous/Mixed,Tumor/Epithelials,False
28,29,1,4,0.7579741606496384,0.5542119655470465,Ambiguous/Mixed,Plasma_XBP1,False
28,29,1,5,0.1983557574123359,3.2353862118250056,Ambiguous/Mixed,Tumor/Epithelials,False
28,29,1,6,0.24511764059422464,2.8120340359787073,Ambiguous/Mixed,Tumor/Epithelials,False
28,29,1,7,0.5897578732192593,1.0560864213744428,Ambiguous/Mixed,Ambiguous/Mixed,True
28,29,1,8,0.43124126527277373,1.6821751305632728,Ambiguous/Mixed,Fibroblasts/Stromal,False
28,29,1,9,0.5371169280808967,1.2430789300169396,Ambiguous/Mixed,Fibroblasts/Stromal,False
28,29,1,10,0.8340525540682429,0.3629177282768068,Ambiguous/Mixed,Ambiguous/Mixed,True
28,29,1,11,0.8931196542529515,0.22606943151396008,Ambiguous/Mixed,Endothelials,False
28,29,1,12,0.5935275650843505,1.0433432420999065,Ambiguous/Mixed,Endothelials,False
28,29,1,13,0.7491389098332011,0.5776617045382264,Ambiguous/Mixed,Ambiguous/Mixed,True
28,29,1,14,0.7641496003110714,0.5379833941175667,Ambiguous/Mixed,Ambiguous/Mixed,True
28,29,1,15,0.760573462297877,0.5473651491613101,Ambiguous/Mixed,Ambiguous/Mixed,True
28,29,1,16,0.6383506685381243,0.8977350188509193,Ambiguous/Mixed,Ambiguous/Mixed,True
28,29,1,17,0.7747715915697477,0.5103740272451842,Ambiguous/Mixed,Ambiguous/Mixed,True
28,29,1,18,0.7641699783736371,0.5379300595588756,Ambiguous/Mixed,Ambiguous/Mixed,True
28,29,1,19,0.7604355848922443,0.5477277437330259,Ambiguous/Mixed,Ambiguous/Mixed,True
28,29,1,20,0.7826749369957395,0.4900756397962294,Ambiguous/Mixed,Ambiguous/Mixed,True
28,29,1,21,0.735717630709892,0.6138177755880689,Ambiguous/Mixed,Ambiguous/Mixed,True
28,29,1,22,0.7740702187051982,0.5121853753320919,Ambiguous/Mixed,Ambiguous/Mixed,True
28,29,1,23,0.5256737953373527,1.286148839158755,Ambiguous/Mixed,Ambiguous/Mixed,True
28,29,1,24,0.6354215860498167,0.9069331706889092,Ambiguous/Mixed,Ambiguous/Mixed,True
28,29,1,25,0.6390200913420977,0.8956387664979375,Ambiguous/Mixed,Ambiguous/Mixed,True
28,29,1,26,0.8090359756051199,0.4238237873695655,Ambiguous/Mixed,Ambiguous/Mixed,True
28,29,1,27,0.5890874824851008,1.0583611584404475,Ambiguous/Mixed,Ambiguous/Mixed,True
28,29,1,28,0.7686147330182318,0.5263308647862435,Ambiguous/Mixed,Ambiguous/Mixed,True
28,29,1,29,0.572567256145697,1.11525014493998,Ambiguous/Mixed,Ambiguous/Mixed,True
28,29,2,1,0.7907942289451054,0.46943497090992525,Ambiguous/Mixed,Ambiguous/Mixed,True
28,29,2,2,0.9999965438829851,6.912245974669382e-06,Ambiguous/Mixed,Ambiguous/Mixed,True
28,29,2,3,0.3208739265148226,2.2734139705795493,Ambiguous/Mixed,Tumor/Epithelials,False
28,29,2,4,0.946006424334702,0.11101183780367185,Ambiguous/Mixed,Plasma_XBP1,False
28,29,2,5,0.29943805801287654,2.4116954016069574,Ambiguous/Mixed,Tumor/Epithelials,False
28,29,2,6,0.4592393909701025,1.5563673118530104,Ambiguous/Mixed,Tumor/Epithelials,False
28,29,2,7,0.9411349625451813,0.1213374501694291,Ambiguous/Mixed,Ambiguous/Mixed,True
28,29,2,8,0.771309067834405,0.5193322391034202,Ambiguous/Mixed,Fibroblasts/Stromal,False
28,29,2,9,0.8000911843331429,0.4460591547861107,Ambiguous/Mixed,Fibroblasts/Stromal,False
28,29,2,10,0.9430412615058463,0.11729048346477748,Ambiguous/Mixed,Ambiguous/Mixed,True
28,29,2,11,0.811898741244111,0.41675929899570713,Ambiguous/Mixed,Endothelials,False
28,29,2,12,0.7139372346553617,0.6739204543034396,Ambiguous/Mixed,Endothelials,False
28,29,2,13,0.9430303863786171,0.11731354754559639,Ambiguous/Mixed,Ambiguous/Mixed,True
28,29,2,14,0.9394382789841255,0.12494631577264209,Ambiguous/Mixed,Ambiguous/Mixed,True
28,29,2,15,0.9498606883366968,0.10287989799384135,Ambiguous/Mixed,Ambiguous/Mixed,True
28,29,2,16,0.6476658699872595,0.868760696699696,Ambiguous/Mixed,Ambiguous/Mixed,True
28,29,2,17,0.9471622280013801,0.10856978635970502,Ambiguous/Mixed,Ambiguous/Mixed,True
28,29,2,18,0.9490915516097352,0.10450002672133898,Ambiguous/Mixed,Ambiguous/Mixed,True
28,29,2,19,0.9485610221468402,0.10561831251095935,Ambiguous/Mixed,Ambiguous/Mixed,True
28,29,2,20,0.9484581155508235,0.10583529840018474,Ambiguous/Mixed,Ambiguous/Mixed,True
28,29,2,21,0.9516659627656239,0.0990823704224855,Ambiguous/Mixed,Ambiguous/Mixed,True
28,29,2,22,0.9483490869686595,0.10606521862009795,Ambiguous/Mixed,Ambiguous/Mixed,True
28,29,2,23,0.7421975525353689,0.5962796558841884,Ambiguous/Mixed,Ambiguous/Mixed,True
28,29,2,24,0.6475797154714816,0.869026760577843,Ambiguous/Mixed,Ambiguous/Mixed,True
28,29,2,25,0.6475775640745649,0.869033405012309,Ambiguous/Mixed,Ambiguous/Mixed,True
28,29,2,26,0.5690244862219113,1.1276636239996296,Ambiguous/Mixed,Ambiguous/Mixed,True
28,29,2,27,0.38511715262393487,1.908415396904468,Ambiguous/Mixed,Ambiguous/Mixed,True
28,29,2,28,0.9492612804359377,0.10414239283202284,Ambiguous/Mixed,Ambiguous/Mixed,True
28,29,2,29,0.6485812446099285,0.8659360045109284,Ambiguous/Mixed,Ambiguous/Mixed,True
28,29,3,1,0.13190278425329766,4.051380221324227,Tumor/Epithelials,Ambiguous/Mixed,False
28,29,3,2,0.32099440630914217,2.2726631636643404,Tumor/Epithelials,Ambiguous/Mixed,False
28,29,3,3,0.9999918152108731,1.6369645244858322e-05,Tumor/Epithelials,Tumor/Epithelials,True
28,29,3,4,0.27966387600252723,2.548333679539356,Tumor/Epithelials,Plasma_XBP1,False
28,29,3,5,0.33431068003922565,2.1913690771927596,Tumor/Epithelials,Tumor/Epithelials,True
28,29,3,6,0.5120861205960616,1.3385249275964033,Tumor/Epithelials,Tumor/Epithelials,True
28,29,3,7,0.4966865164146388,1.3995924071476886,Tumor/Epithelials,Ambiguous/Mixed,False
28,29,3,8,0.5244886753031683,1.2906628855864857,Tumor/Epithelials,Fibroblasts/Stromal,False
28,29,3,9,0.5383213106337861,1.2385993308617855,Tumor/Epithelials,Fibroblasts/Stromal,False
28,29,3,10,0.29270670460254405,2.4571683589815954,Tumor/Epithelials,Ambiguous/Mixed,False
28,29,3,11,0.29369602495647884,2.4504199504718516,Tumor/Epithelials,Endothelials,False
28,29,3,12,0.31841022008369085,2.288829454548498,Tumor/Epithelials,Endothelials,False
28,29,3,13,0.36339869393635227,2.0245094340753265,Tumor/Epithelials,Ambiguous/Mixed,False
28,29,3,14,0.31799320109385915,2.2914505532770204,Tumor/Epithelials,Ambiguous/Mixed,False
28,29,3,15,0.29472048605335854,2.4434557534254107,Tumor/Epithelials,Ambiguous/Mixed,False
28,29,3,16,0.20035133752133288,3.215365531996939,Tumor/Epithelials,Ambiguous/Mixed,False
28,29,3,17,0.3044522872443263,2.3784817924930803,Tumor/Epithelials,Ambiguous/Mixed,False
28,29,3,18,0.2964150941299874,2.431988923983655,Tumor/Epithelials,Ambiguous/Mixed,False
28,29,3,19,0.31795346597827856,2.2917004806227537,Tumor/Epithelials,Ambiguous/Mixed,False
28,29,3,20,0.31069992995194073,2.3378553760711123,Tumor/Epithelials,Ambiguous/Mixed,False
28,29,3,21,0.32994162329865173,2.2176790785301925,Tumor/Epithelials,Ambiguous/Mixed,False
28,29,3,22,0.3098059278255942,2.3436184336392647,Tumor/Epithelials,Ambiguous/Mixed,False
28,29,3,23,0.22936621900454632,2.94487068635019,Tumor/Epithelials,Ambiguous/Mixed,False
28,29,3,24,0.19116145514885688,3.3092737861949297,Tumor/Epithelials,Ambiguous/Mixed,False
28,29,3,25,0.18972981659790675,3.324308473508789,Tumor/Epithelials,Ambiguous/Mixed,False
28,29,3,26,0.11159030455593855,4.385842219095662,Tumor/Epithelials,Ambiguous/Mixed,False
28,29,3,27,0.083154024756247,4.974121341903626,Tumor/Epithelials,Ambiguous/Mixed,False
28,29,3,28,0.2999419184268716,2.4083328566272235,Tumor/Epithelials,Ambiguous/Mixed,False
28,29,3,29,0.20224288800991372,3.196571776026587,Tumor/Epithelials,Ambiguous/Mixed,False
28,29,4,1,0.1987690155961837,3.2312237081374136,Tumor/Epithelials,Ambiguous/Mixed,False
28,29,4,2,0.30000860258077966,2.4078882589355963,Tumor/Epithelials,Ambiguous/Mixed,False
28,29,4,3,0.33414079096881355,2.1923856899548726,Tumor/Epithelials,Tumor/Epithelials,True
28,29,4,4,0.22029769497000584,3.0255509767394466,Tumor/Epithelials,Plasma_XBP1,False
28,29,4,5,0.9999984204647031,3.1590730887674616e-06,Tumor/Epithelials,Tumor/Epithelials,True
28,29,4,6,0.7642910906306459,0.5376131074042718,Tumor/Epithelials,Tumor/Epithelials,True
28,29,4,7,0.24979668395757887,2.7742159123365733,Tumor/Epithelials,Ambiguous/Mixed,False
28,29,4,8,0.360509862852362,2.040471927635229,Tumor/Epithelials,Fibroblasts/Stromal,False
28,29,4,9,0.39735297619474796,1.8458605690303167,Tumor/Epithelials,Fibroblasts/Stromal,False
28,29,4,10,0.23238881344019227,2.918686780203672,Tumor/Epithelials,Ambiguous/Mixed,False
28,29,4,11,0.3894994665384797,1.885785566556458,Tumor/Epithelials,Endothelials,False
28,29,4,12,0.4536004287679369,1.5810771626268973,Tumor/Epithelials,Endothelials,False
28,29,4,13,0.2681628483983028,2.6323216794689093,Tumor/Epithelials,Ambiguous/Mixed,False
28,29,4,14,0.2488391954350805,2.7818967852051175,Tumor/Epithelials,Ambiguous/Mixed,False
28,29,4,15,0.22735213234149687,2.962510439282827,Tumor/Epithelials,Ambiguous/Mixed,False
28,29,4,16,0.2931790139566125,2.4539437747910577,Tumor/Epithelials,Ambiguous/Mixed,False
28,29,4,17,0.23818527045232624,2.869412921729828,Tumor/Epithelials,Ambiguous/Mixed,False
28,29,4,18,0.2304230760793278,2.935676397162866,Tumor/Epithelials,Ambiguous/Mixed,False
28,29,4,19,0.24129129471526106,2.8435007672134605,Tumor/Epithelials,Ambiguous/Mixed,False
28,29,4,20,0.24757660292038972,2.7920704762233517,Tumor/Epithelials,Ambiguous/Mixed,False
28,29,4,21,0.2411683513348382,2.8445200722193036,Tumor/Epithelials,Ambiguous/Mixed,False
28,29,4,22,0.24640691388757183,2.8015419762155678,Tumor/Epithelials,Ambiguous/Mixed,False
28,29,4,23,0.15757202780039134,3.6957452117750336,Tumor/Epithelials,Ambiguous/Mixed,False
28,29,4,24,0.2812746342975778,2.5368474813711117,Tumor/Epithelials,Ambiguous/Mixed,False
28,29,4,25,0.28095837372055277,2.5390975136948732,Tumor/Epithelials,Ambiguous/Mixed,False
28,29,4,26,0.3340250000798814,2.1930788765360627,Tumor/Epithelials,Ambiguous/Mixed,False
28,29,4,27,0.13481252358627402,4.007740359753283,Tumor/Epithelials,Ambiguous/Mixed,False
28,29,4,28,0.2356891067861497,2.890483373087153,Tumor/Epithelials,Ambiguous/Mixed,False
28,29,4,29,0.15957418226033263,3.6704927446759603,Tumor/Epithelials,Ambiguous/Mixed,False
28,29,5,1,0.7693642460616587,0.5243815192803359,Ambiguous/Mixed,Ambiguous/Mixed,True
28,29,5,2,0.9486587547312739,0.10541225818723532,Ambiguous/Mixed,Ambiguous/Mixed,True
28,29,5,3,0.283093263282101,2.523957766791474,Ambiguous/Mixed,Tumor/Epithelials,False
28,29,5,4,0.9922441254930356,0.015572215452949258,Ambiguous/Mixed,Plasma_XBP1,False
28,29,5,5,0.2228784496437033,3.0022574499767396,Ambiguous/Mixed,Tumor/Epithelials,False
28,29,5,6,0.28684651933570265,2.497615964199801,Ambiguous/Mixed,Tumor/Epithelials,False
28,29,5,7,0.9400339047237832,0.12367867102692895,Ambiguous/Mixed,Ambiguous/Mixed,True
28,29,5,8,0.7613683282896975,0.5452760651529536,Ambiguous/Mixed,Fibroblasts/Stromal,False
28,29,5,9,0.7626617640791327,0.5418812867782794,Ambiguous/Mixed,Fibroblasts/Stromal,False
28,29,5,10,0.9889931701753614,0.02213570634316008,Ambiguous/Mixed,Ambiguous/Mixed,True
28,29,5,11,0.7636381537808943,0.53932244542993,Ambiguous/Mixed,Endothelials,False
28,29,5,12,0.6060558180378773,1.0015663763623974,Ambiguous/Mixed,Endothelials,False
28,29,5,13,0.9903750649486053,0.019343108233844608,Ambiguous/Mixed,Ambiguous/Mixed,True
28,29,5,14,0.9927765236376419,0.014499383978666106,Ambiguous/Mixed,Ambiguous/Mixed,True
28,29,5,15,0.9996776695552897,0.0006447648086677137,Ambiguous/Mixed,Ambiguous/Mixed,True
28,29,5,16,0.7950318101494411,0.45874630472340383,Ambiguous/Mixed,Ambiguous/Mixed,True
28,29,5,17,0.9984917378755515,0.00301880139350852,Ambiguous/Mixed,Ambiguous/Mixed,True
28,29,5,18,0.9993595645820421,0.0012812811686441598,Ambiguous/Mixed,Ambiguous/Mixed,True
28,29,5,19,0.9973296063602188,0.005347931002289036,Ambiguous/Mixed,Ambiguous/Mixed,True
28,29,5,20,0.9973590094030088,0.005288968330000786,Ambiguous/Mixed,Ambiguous/Mixed,True
28,29,5,21,0.9966518377650655,0.006707559745580638,Ambiguous/Mixed,Ambiguous/Mixed,True
28,29,5,22,0.9980996767263557,0.0038042623573644593,Ambiguous/Mixed,Ambiguous/Mixed,True
28,29,5,23,0.7977334737101207,0.45196146032964174,Ambiguous/Mixed,Ambiguous/Mixed,True
28,29,5,24,0.796624232841499,0.4547443767179415,Ambiguous/Mixed,Ambiguous/Mixed,True
28,29,5,25,0.7966811497349066,0.4546014866127447,Ambiguous/Mixed,Ambiguous/Mixed,True
28,29,5,26,0.6330759554082358,0.9143297425809729,Ambiguous/Mixed,Ambiguous/Mixed,True
28,29,5,27,0.49275593906419896,1.4154825602531242,Ambiguous/Mixed,Ambiguous/Mixed,True
28,29,5,28,0.9990450511361394,0.001910810236032481,Ambiguous/Mixed,Ambiguous/Mixed,True
28,29,5,29,0.7860578947646235,0.48144966360831004,Ambiguous/Mixed,Ambiguous/Mixed,True
28,29,6,1,0.589810827445932,1.0559068498863948,Ambiguous/Mixed,Ambiguous/Mixed,True
28,29,6,2,0.940859439803702,0.12192304754018399,Ambiguous/Mixed,Ambiguous/Mixed,True
28,29,6,3,0.49364935667997606,1.4118596362321914,Ambiguous/Mixed,Tumor/Epithelials,False
28,29,6,4,0.9403548487840077,0.12299595249281248,Ambiguous/Mixed,Plasma_XBP1,False
28,29,6,5,0.24887300182880703,2.7816250908888893,Ambiguous/Mixed,Tumor/Epithelials,False
28,29,6,6,0.3738444934991751,1.9678307216326947,Ambiguous/Mixed,Tumor/Epithelials,False
28,29,6,7,0.9999939690402222,1.2061955928158225e-05,Ambiguous/Mixed,Ambiguous/Mixed,True
28,29,6,8,0.8698127479585104,0.27895464546177157,Ambiguous/Mixed,Fibroblasts/Stromal,False
28,29,6,9,0.7979510070291836,0.45141615623466236,Ambiguous/Mixed,Fibroblasts/Stromal,False
28,29,6,10,0.9236951866539643,0.15874629267593982,Ambiguous/Mixed,Ambiguous/Mixed,True
28,29,6,11,0.6412904312804263,0.8885456675101238,Ambiguous/Mixed,Endothelials,False
28,29,6,12,0.5687859230755885,1.1285022985199864,Ambiguous/Mixed,Endothelials,False
28,29,6,13,0.947683573483143,0.10746923138154257,Ambiguous/Mixed,Ambiguous/Mixed,True
28,29,6,14,0.9377147520542038,0.12861895702403722,Ambiguous/Mixed,Ambiguous/Mixed,True
28,29,6,15,0.942733367798996,0.11794357043455975,Ambiguous/Mixed,Ambiguous/Mixed,True
28,29,6,16,0.6577397378087375,0.8378919222931954,Ambiguous/Mixed,Ambiguous/Mixed,True
28,29,6,17,0.9414806767258993,0.1206029100383636,Ambiguous/Mixed,Ambiguous/Mixed,True
28,29,6,18,0.9412139791151677,0.12116953960134266,Ambiguous/Mixed,Ambiguous/Mixed,True
28,29,6,19,0.9447338238171517,0.11370411816522186,Ambiguous/Mixed,Ambiguous/Mixed,True
28,29,6,20,0.9395250764527522,0.12476153841988032,Ambiguous/Mixed,Ambiguous/Mixed,True
28,29,6,21,0.9513762577157822,0.0996913007950474,Ambiguous/Mixed,Ambiguous/Mixed,True
28,29,6,22,0.9416770319154234,0.12018583357294654,Ambiguous/Mixed,Ambiguous/Mixed,True
28,29,6,23,0.831882338025378,0.3681285376086898,Ambiguous/Mixed,Ambiguous/Mixed,True
28,29,6,24,0.6549151902714005,0.846499064463775,Ambiguous/Mixed,Ambiguous/Mixed,True
28,29,6,25,0.6548524066655531,0.8466908041465778,Ambiguous/Mixed,Ambiguous/Mixed,True
28,29,6,26,0.43941753904451936,1.6446104078653239,Ambiguous/Mixed,Ambiguous/Mixed,True
28,29,6,27,0.30144274544490757,2.3983503597397293,Ambiguous/Mixed,Ambiguous/Mixed,True
28,29,6,28,0.9414885810788188,0.12058611878617115,Ambiguous/Mixed,Ambiguous/Mixed,True
28,29,6,29,0.6620827551746852,0.8247294460824196,Ambiguous/Mixed,Ambiguous/Mixed,True
28,29,7,1,0.8342376927817378,0.36247382778741777,Ambiguous/Mixed,Ambiguous/Mixed,True
28,29,7,2,0.9426754756308944,0.11806639189754695,Ambiguous/Mixed,Ambiguous/Mixed,True
28,29,7,3,0.29306107477233145,2.4547484907300707,Ambiguous/Mixed,Tumor/Epithelials,False
28,29,7,4,0.9699072167420962,0.061109729805866625,Ambiguous/Mixed,Plasma_XBP1,False
28,29,7,5,0.2328978083715699,2.9143110246108366,Ambiguous/Mixed,Tumor/Epithelials,False
28,29,7,6,0.3084141111155219,2.35262376490565,Ambiguous/Mixed,Tumor/Epithelials,False
28,29,7,7,0.9231007964424194,0.16003369039070445,Ambiguous/Mixed,Ambiguous/Mixed,True
28,29,7,8,0.7375134528040362,0.6089418996886203,Ambiguous/Mixed,Fibroblasts/Stromal,False
28,29,7,9,0.6893202068998753,0.7440987488362267,Ambiguous/Mixed,Fibroblasts/Stromal,False
28,29,7,10,0.9999970024142119,5.995180561866063e-06,Ambiguous/Mixed,Ambiguous/Mixed,True
28,29,7,11,0.8087564573825297,0.42451489760020344,Ambiguous/Mixed,Endothelials,False
28,29,7,12,0.6471697814626615,0.8702932110332818,Ambiguous/Mixed,Endothelials,False
28,29,7,13,0.9796325569558226,0.041155439015230715,Ambiguous/Mixed,Ambiguous/Mixed,True
28,29,7,14,0.9865656689056839,0.02705077633427873,Ambiguous/Mixed,Ambiguous/Mixed,True
28,29,7,15,0.9894306175795274,0.021251270128831417,Ambiguous/Mixed,Ambiguous/Mixed,True
28,29,7,16,0.767443655987218,0.5293804292202217,Ambiguous/Mixed,Ambiguous/Mixed,True
28,29,7,17,0.9903368273979614,0.019420328047178186,Ambiguous/Mixed,Ambiguous/Mixed,True
28,29,7,18,0.9908697309791691,0.01834441076473979,Ambiguous/Mixed,Ambiguous/Mixed,True
28,29,7,19,0.9879463104628058,0.024253848695331398,Ambiguous/Mixed,Ambiguous/Mixed,True
28,29,7,20,0.9899355514129434,0.020230875110913423,Ambiguous/Mixed,Ambiguous/Mixed,True
28,29,7,21,0.9878563433411194,0.02443598656537716,Ambiguous/Mixed,Ambiguous/Mixed,True
28,29,7,22,0.9899915858611699,0.02011767003950137,Ambiguous/Mixed,Ambiguous/Mixed,True
28,29,7,23,0.7419092430532862,0.5970567144801505,Ambiguous/Mixed,Ambiguous/Mixed,True
28,29,7,24,0.7687016021608357,0.5261048367640117,Ambiguous/Mixed,Ambiguous/Mixed,True
28,29,7,25,0.76872717946063,0.5260382911129808,Ambiguous/Mixed,Ambiguous/Mixed,True
28,29,7,26,0.6553622899925872,0.8451341635316484,Ambiguous/Mixed,Ambiguous/Mixed,True
28,29,7,27,0.5326528719401958,1.2597706782867204,Ambiguous/Mixed,Ambiguous/Mixed,True
28,29,7,28,0.9906805547698271,0.01872628592839767,Ambiguous/Mixed,Ambiguous/Mixed,True
28,29,7,29,0.8075607861343252,0.42747389954391946,Ambiguous/Mixed,Ambiguous/Mixed,True
28,29,8,1,0.6895372098280409,0.7434692336236324,Fibroblasts/Stromal,Ambiguous/Mixed,False
28,29,8,2,0.9108295864477879,0.1867989225950856,Fibroblasts/Stromal,Ambiguous/Mixed,False
28,29,8,3,0.39971368818122394,1.8340135354271634,Fibroblasts/Stromal,Tumor/Epithelials,False
28,29,8,4,0.9648100192781285,0.07164813647841427,Fibroblasts/Stromal,Plasma_XBP1,False
28,29,8,5,0.2875217476890224,2.4929135549397503,Fibroblasts/Stromal,Tumor/Epithelials,False
28,29,8,6,0.362998640485555,2.0267123798863125,Fibroblasts/Stromal,Tumor/Epithelials,False
28,29,8,7,0.941548211087046,0.12045945103651248,Fibroblasts/Stromal,Ambiguous/Mixed,False
28,29,8,8,0.843789608983123,0.3397041878344679,Fibroblasts/Stromal,Fibroblasts/Stromal,True
28,29,8,9,0.8201555878361354,0.39652243091771067,Fibroblasts/Stromal,Fibroblasts/Stromal,True
28,29,8,10,0.954486642538329,0.09316326022383825,Fibroblasts/Stromal,Ambiguous/Mixed,False
28,29,8,11,0.7341115038705568,0.6181886985499806,Fibroblasts/Stromal,Endothelials,False
28,29,8,12,0.620902457373175,0.9531625657182728,Fibroblasts/Stromal,Endothelials,False
28,29,8,13,0.9869354644205308,0.02630125455710766,Fibroblasts/Stromal,Ambiguous/Mixed,False
28,29,8,14,0.9793303750953893,0.04177246317201485,Fibroblasts/Stromal,Ambiguous/Mixed,False
28,29,8,15,0.975340423526735,0.04993743317733846,Fibroblasts/Stromal,Ambiguous/Mixed,False
28,29,8,16,0.7854049298050277,0.4831117200997912,Fibroblasts/Stromal,Ambiguous/Mixed,False
28,29,8,17,0.980866499837689,0.0386378289393029,Fibroblasts/Stromal,Ambiguous/Mixed,False
28,29,8,18,0.9753153022203194,0.04998894673985077,Fibroblasts/Stromal,Ambiguous/Mixed,False
28,29,8,19,0.9796614491779323,0.04109645405019463,Fibroblasts/Stromal,Ambiguous/Mixed,False
28,29,8,20,0.9780527886373532,0.044383268584329005,Fibroblasts/Stromal,Ambiguous/Mixed,False
28,29,8,21,0.9773069349524909,0.04590903126019352,Fibroblasts/Stromal,Ambiguous/Mixed,False
28,29,8,22,0.9781252076826511,0.04423518585266097,Fibroblasts/Stromal,Ambiguous/Mixed,False
28,29,8,23,0.8243169021653635,0.38640046600387373,Fibroblasts/Stromal,Ambiguous/Mixed,False
28,29,8,24,0.7854658259516492,0.48295665668307486,Fibroblasts/Stromal,Ambiguous/Mixed,False
28,29,8,25,0.785319036264678,0.48333045628079013,Fibroblasts/Stromal,Ambiguous/Mixed,False
28,29,8,26,0.5883775870651613,1.0607727646080054,Fibroblasts/Stromal,Ambiguous/Mixed,False
28,29,8,27,0.47294214587590594,1.4975644222596594,Fibroblasts/Stromal,Ambiguous/Mixed,False
28,29,8,28,0.9764954386109511,0.047570399675307365,Fibroblasts/Stromal,Ambiguous/Mixed,False
28,29,8,29,0.7716732288967891,0.5183881943922996,Fibroblasts/Stromal,Ambiguous/Mixed,False
28,29,9,1,0.8933019080843825,0.22566134456314002,Endothelials,Ambiguous/Mixed,False
28,29,9,2,0.8120605267562139,0.4163608025165747,Endothelials,Ambiguous/Mixed,False
28,29,9,3,0.2923697384790781,2.4594721000718947,Endothelials,Tumor/Epithelials,False
28,29,9,4,0.7669436207472018,0.530683973026403,Endothelials,Plasma_XBP1,False
28,29,9,5,0.3884747796199389,1.8910540572097,Endothelials,Tumor/Epithelials,False
28,29,9,6,0.5399765467308281,1.2324591446939217,Endothelials,Tumor/Epithelials,False
28,29,9,7,0.6416326905378404,0.8874785442828212,Endothelials,Ambiguous/Mixed,False
28,29,9,8,0.619781496986759,0.9567765745478258,Endothelials,Fibroblasts/Stromal,False
28,29,9,9,0.6801143868959401,0.7709885578705443,Endothelials,Fibroblasts/Stromal,False
28,29,9,10,0.8084632768089479,0.4252400447662811,Endothelials,Ambiguous/Mixed,False
28,29,9,11,0.9999892038651036,2.1592386350288478e-05,Endothelials,Endothelials,True
28,29,9,12,0.8501476302468342,0.3246905238710496,Endothelials,Endothelials,True
28,29,9,13,0.7727879504664286,0.5155011765038658,Endothelials,Ambiguous/Mixed,False
28,29,9,14,0.7672722876781881,0.5298270742438808,Endothelials,Ambiguous/Mixed,False
28,29,9,15,0.7568330844850711,0.557225091828454,Endothelials,Ambiguous/Mixed,False
28,29,9,16,0.5590629074338516,1.162986552997717,Endothelials,Ambiguous/Mixed,False
28,29,9,17,0.7769090031896223,0.5048640969696458,Endothelials,Ambiguous/Mixed,False
28,29,9,18,0.7592594963488759,0.5508233351912843,Endothelials,Ambiguous/Mixed,False
28,29,9,19,0.7629128311479799,0.5412229982307398,Endothelials,Ambiguous/Mixed,False
28,29,9,20,0.7829096461771702,0.48947596811905075,Endothelials,Ambiguous/Mixed,False
28,29,9,21,0.73831451584735,0.6067707438655865,Endothelials,Ambiguous/Mixed,False
28,29,9,22,0.7738226202623905,0.5128252088882304,Endothelials,Ambiguous/Mixed,False
28,29,9,23,0.6233816609014509,0.945192659898067,Endothelials,Ambiguous/Mixed,False
28,29,9,24,0.5530215368005681,1.1847166656566772,Endothelials,Ambiguous/Mixed,False
28,29,9,25,0.5563252108785307,1.1728044881473338,Endothelials,Ambiguous/Mixed,False
28,29,9,26,0.702641379845133,0.7058172911484114,Endothelials,Ambiguous/Mixed,False
28,29,9,27,0.5545954151947272,1.1790328254062699,Endothelials,Ambiguous/Mixed,False
28,29,9,28,0.7648080672847586,0.5362607381451968,Endothelials,Ambiguous/Mixed,False
28,29,9,29,0.5849130487971671,1.0725841546644896,Endothelials,Ambiguous/Mixed,False
28,29,10,1,0.9008685159536557,0.20879192652360856,Endothelials,Ambiguous/Mixed,False
28,29,10,2,0.7954464225403096,0.4577035682891952,Endothelials,Ambiguous/Mixed,False
28,29,10,3,0.2819437071182389,2.5320956962377323,Endothelials,Tumor/Epithelials,False
28,29,10,4,0.7678166584784573,0.528408600547093,Endothelials,Plasma_XBP1,False
28,29,10,5,0.40275329024831796,1.8188621750052736,Endothelials,Tumor/Epithelials,False
28,29,10,6,0.521826035071107,1.3008420255846134,Endothelials,Tumor/Epithelials,False
28,29,10,7,0.6244701215309126,0.9417035887733147,Endothelials,Ambiguous/Mixed,False
28,29,10,8,0.6144710659524047,0.973986873194744,Endothelials,Fibroblasts/Stromal,False
28,29,10,9,0.6732248701148105,0.7913517484366412,Endothelials,Fibroblasts/Stromal,False
28,29,10,10,0.8045443992941412,0.43495825078238887,Endothelials,Ambiguous/Mixed,False
28,29,10,11,0.9863313870053215,0.027525777096759917,Endothelials,Endothelials,True
28,29,10,12,0.864620744246524,0.29092862830713306,Endothelials,Endothelials,True
28,29,10,13,0.7713984067236216,0.519100597289817,Endothelials,Ambiguous/Mixed,False
28,29,10,14,0.7699071505181108,0.5229707102958497,Endothelials,Ambiguous/Mixed,False
28,29,10,15,0.7551315950294187,0.5617264937380857,Endothelials,Ambiguous/Mixed,False
28,29,10,16,0.594678271530464,1.039469479590433,Endothelials,Ambiguous/Mixed,False
28,29,10,17,0.7754149160405727,0.5087140347098383,Endothelials,Ambiguous/Mixed,False
28,29,10,18,0.7577013981988443,0.5549318094533399,Endothelials,Ambiguous/Mixed,False
28,29,10,19,0.7620701063462246,0.5434334488969592,Endothelials,Ambiguous/Mixed,False
28,29,10,20,0.7828847106739479,0.4895396687017365,Endothelials,Ambiguous/Mixed,False
28,29,10,21,0.7348832028891144,0.6160874000606285,Endothelials,Ambiguous/Mixed,False
28,29,10,22,0.7726054248562676,0.5159736144317729,Endothelials,Ambiguous/Mixed,False
28,29,10,23,0.5481389404328103,1.2024529664688153,Endothelials,Ambiguous/Mixed,False
28,29,10,24,0.5890293210852048,1.0585586308804193,Endothelials,Ambiguous/Mixed,False
28,29,10,25,0.5923677815570321,1.0472551687310738,Endothelials,Ambiguous/Mixed,False
28,29,10,26,0.7492344508131501,0.5774066520056925,Endothelials,Ambiguous/Mixed,False
28,29,10,27,0.578922669279714,1.0931727388626933,Endothelials,Ambiguous/Mixed,False
28,29,10,28,0.7632044931949266,0.5404585431109523,Endothelials,Ambiguous/Mixed,False
28,29,10,29,0.5467414468620834,1.207558526293842,Endothelials,Ambiguous/Mixed,False
28,29,11,1,0.7560535622432265,0.5592861115684717,Ambiguous/Mixed,Ambiguous/Mixed,True
28,29,11,2,0.9497561514659631,0.10310002000718393,Ambiguous/Mixed,Ambiguous/Mixed,True
28,29,11,3,0.3104813458103803,2.3392629146374615,Ambiguous/Mixed,Tumor/Epithelials,False
28,29,11,4,0.9969815578851212,0.006046013598167012,Ambiguous/Mixed,Plasma_XBP1,False
28,29,11,5,0.23399346095164808,2.9049242173319425,Ambiguous/Mixed,Tumor/Epithelials,False
28,29,11,6,0.30683757564479375,2.3628734819251136,Ambiguous/Mixed,Tumor/Epithelials,False
28,29,11,7,0.9454154644169379,0.11226160643648361,Ambiguous/Mixed,Ambiguous/Mixed,True
28,29,11,8,0.7899591045056789,0.471548202619013,Ambiguous/Mixed,Fibroblasts/Stromal,False
28,29,11,9,0.7871492048083223,0.4786749234764083,Ambiguous/Mixed,Fibroblasts/Stromal,False
28,29,11,10,0.9802203014469655,0.03995587037161027,Ambiguous/Mixed,Ambiguous/Mixed,True
28,29,11,11,0.7636830735058512,0.5392048022670711,Ambiguous/Mixed,Endothelials,False
28,29,11,12,0.630130293917233,0.9236573304766925,Ambiguous/Mixed,Endothelials,False
28,29,11,13,0.9926410752702183,0.014772270383437014,Ambiguous/Mixed,Ambiguous/Mixed,True
28,29,11,14,0.9926334038136048,0.014787727100771267,Ambiguous/Mixed,Ambiguous/Mixed,True
28,29,11,15,0.9956660562771383,0.008686724960772213,Ambiguous/Mixed,Ambiguous/Mixed,True
28,29,11,16,0.7755104263195421,0.5084677036286921,Ambiguous/Mixed,Ambiguous/Mixed,True
28,29,11,17,0.9943988196293931,0.011233851608494681,Ambiguous/Mixed,Ambiguous/Mixed,True
28,29,11,18,0.9953224354876734,0.009377077103535556,Ambiguous/Mixed,Ambiguous/Mixed,True
28,29,11,19,0.9952867518512764,0.00944878105552734,Ambiguous/Mixed,Ambiguous/Mixed,True
28,29,11,20,0.995201236473575,0.009620629121440105,Ambiguous/Mixed,Ambiguous/Mixed,True
28,29,11,21,0.9934872769036425,0.013068046819638008,Ambiguous/Mixed,Ambiguous/Mixed,True
28,29,11,22,0.9947945143364834,0.010438162812332272,Ambiguous/Mixed,Ambiguous/Mixed,True
28,29,11,23,0.7624352113176273,0.5424754857487755,Ambiguous/Mixed,Ambiguous/Mixed,True
28,29,11,24,0.7769672215117681,0.5047142309217649,Ambiguous/Mixed,Ambiguous/Mixed,True
28,29,11,25,0.7768292491545148,0.5050694186447923,Ambiguous/Mixed,Ambiguous/Mixed,True
28,29,11,26,0.616357429112232,0.9678564833172845,Ambiguous/Mixed,Ambiguous/Mixed,True
28,29,11,27,0.4742983812785712,1.4918373179369913,Ambiguous/Mixed,Ambiguous/Mixed,True
28,29,11,28,0.9946561603939292,0.010716337978038988,Ambiguous/Mixed,Ambiguous/Mixed,True
28,29,11,29,0.7728911825498274,0.5152340264043471,Ambiguous/Mixed,Ambiguous/Mixed,True
28,29,12,1,0.7502008078803114,0.5748287288967022,Fibroblasts/Stromal,Ambiguous/Mixed,False
28,29,12,2,0.9276127101547134,0.1502819430022202,Fibroblasts/Stromal,Ambiguous/Mixed,False
28,29,12,3,0.3953738856836207,1.8558468314774896,Fibroblasts/Stromal,Tumor/Epithelials,False
28,29,12,4,0.9728732156021581,0.05500301570680829,Fibroblasts/Stromal,Plasma_XBP1,False
28,29,12,5,0.29033486212015913,2.473440650370683,Fibroblasts/Stromal,Tumor/Epithelials,False
28,29,12,6,0.3878771186227999,1.8941333882015263,Fibroblasts/Stromal,Tumor/Epithelials,False
28,29,12,7,0.9401839905074939,0.12335937657832244,Fibroblasts/Stromal,Ambiguous/Mixed,False
28,29,12,8,0.8332711005041027,0.36479247795535247,Fibroblasts/Stromal,Fibroblasts/Stromal,True
28,29,12,9,0.8291617168430433,0.374680136543696,Fibroblasts/Stromal,Fibroblasts/Stromal,True
28,29,12,10,0.9655930189604942,0.07002567793520612,Fibroblasts/Stromal,Ambiguous/Mixed,False
28,29,12,11,0.7916933779971513,0.4671622222454533,Fibroblasts/Stromal,Endothelials,False
28,29,12,12,0.6624376191904017,0.8236577705353302,Fibroblasts/Stromal,Endothelials,False
28,29,12,13,0.9928298794846917,0.014391898734906355,Fibroblasts/Stromal,Ambiguous/Mixed,False
28,29,12,14,0.9859592879568315,0.028280430673189715,Fibroblasts/Stromal,Ambiguous/Mixed,False
28,29,12,15,0.9819231397720399,0.03648448552419438,Fibroblasts/Stromal,Ambiguous/Mixed,False
28,29,12,16,0.7475104589880052,0.582013963715969,Fibroblasts/Stromal,Ambiguous/Mixed,False
28,29,12,17,0.9869244364014205,0.026323602686487847,Fibroblasts/Stromal,Ambiguous/Mixed,False
28,29,12,18,0.9819776236376528,0.036373514813979387,Fibroblasts/Stromal,Ambiguous/Mixed,False
28,29,12,19,0.9863883946263994,0.027410185168043957,Fibroblasts/Stromal,Ambiguous/Mixed,False
28,29,12,20,0.9859037089318153,0.0283931748650907,Fibroblasts/Stromal,Ambiguous/Mixed,False
28,29,12,21,0.9841371178656306,0.03198008842682547,Fibroblasts/Stromal,Ambiguous/Mixed,False
28,29,12,22,0.9850621744622632,0.030101037041253973,Fibroblasts/Stromal,Ambiguous/Mixed,False
28,29,12,23,0.788794889368478,0.47449790942007497,Fibroblasts/Stromal,Ambiguous/Mixed,False
28,29,12,24,0.7471754523210953,0.5829104909929972,Fibroblasts/Stromal,Ambiguous/Mixed,False
28,29,12,25,0.7469653721569457,0.5834729016094324,Fibroblasts/Stromal,Ambiguous/Mixed,False
28,29,12,26,0.6021263354319384,1.0145759923385054,Fibroblasts/Stromal,Ambiguous/Mixed,False
28,29,12,27,0.49792156308245644,1.3946254364260144,Fibroblasts/Stromal,Ambiguous/Mixed,False
28,29,12,28,0.9831100244639939,0.034068475743009655,Fibroblasts/Stromal,Ambiguous/Mixed,False
28,29,12,29,0.7574395278404171,0.5556231520381363,Fibroblasts/Stromal,Ambiguous/Mixed,False
28,29,13,1,0.7727155358448897,0.5156885966481314,Ambiguous/Mixed,Ambiguous/Mixed,True
28,29,13,2,0.9432384315263092,0.11687236939206751,Ambiguous/Mixed,Ambiguous/Mixed,True
28,29,13,3,0.3306457440985331,2.213415472525633,Ambiguous/Mixed,Tumor/Epithelials,False
28,29,13,4,0.9863066819585238,0.027575872544450385,Ambiguous/Mixed,Plasma_XBP1,False
28,29,13,5,0.26327269873310966,2.6691298133563004,Ambiguous/Mixed,Tumor/Epithelials,False
28,29,13,6,0.33411395609877015,2.1925463165433143,Ambiguous/Mixed,Tumor/Epithelials,False
28,29,13,7,0.9400311603512156,0.12368450991541977,Ambiguous/Mixed,Ambiguous/Mixed,True
28,29,13,8,0.7831876713029233,0.4887658586627082,Ambiguous/Mixed,Fibroblasts/Stromal,False
28,29,13,9,0.7832842440958618,0.48851925917474676,Ambiguous/Mixed,Fibroblasts/Stromal,False
28,29,13,10,0.9841601093837828,0.0319333647555529,Ambiguous/Mixed,Ambiguous/Mixed,True
28,29,13,11,0.7824463784360969,0.4906597697521985,Ambiguous/Mixed,Endothelials,False
28,29,13,12,0.6292007859090857,0.9266097174758923,Ambiguous/Mixed,Endothelials,False
28,29,13,13,0.9985384590242248,0.0029252201371921093,Ambiguous/Mixed,Ambiguous/Mixed,True
28,29,13,14,0.9976427685440568,0.004720028199524303,Ambiguous/Mixed,Ambiguous/Mixed,True
28,29,13,15,0.9955794852782354,0.008860628172909241,Ambiguous/Mixed,Ambiguous/Mixed,True
28,29,13,16,0.8009474768242513,0.44391981213679155,Ambiguous/Mixed,Ambiguous/Mixed,True
28,29,13,17,0.9967706433087609,0.0064691646337286125,Ambiguous/Mixed,Ambiguous/Mixed,True
28,29,13,18,0.9961496080922912,0.007715647499534028,Ambiguous/Mixed,Ambiguous/Mixed,True
28,29,13,19,0.9985769212020383,0.002848184672543193,Ambiguous/Mixed,Ambiguous/Mixed,True
28,29,13,20,0.9985381798932941,0.0029257792162485537,Ambiguous/Mixed,Ambiguous/Mixed,True
28,29,13,21,0.9959635350226412,0.008089266981608598,Ambiguous/Mixed,Ambiguous/Mixed,True
28,29,13,22,0.9980272907177867,0.0039493152718961255,Ambiguous/Mixed,Ambiguous/Mixed,True
28,29,13,23,0.797562382709985,0.4523904490970934,Ambiguous/Mixed,Ambiguous/Mixed,True
28,29,13,24,0.8010682455303162,0.4436182702614941,Ambiguous/Mixed,Ambiguous/Mixed,True
28,29,13,25,0.8010809982137079,0.4435864313215408,Ambiguous/Mixed,Ambiguous/Mixed,True
28,29,13,26,0.644896532242669,0.8773307803637846,Ambiguous/Mixed,Ambiguous/Mixed,True
28,29,13,27,0.4910337819072045,1.4224847025987681,Ambiguous/Mixed,Ambiguous/Mixed,True
28,29,13,28,0.9967805019005025,0.006449383667957147,Ambiguous/Mixed,Ambiguous/Mixed,True
28,29,13,29,0.7916728311657032,0.46721412895239317,Ambiguous/Mixed,Ambiguous/Mixed,True
28,29,14,1,0.7452923368365771,0.5879574782647042,Ambiguous/Mixed,Ambiguous/Mixed,True
28,29,14,2,0.9408297121852238,0.12198624101387587,Ambiguous/Mixed,Ambiguous/Mixed,True
28,29,14,3,0.3257145908417475,2.243467538589128,Ambiguous/Mixed,Tumor/Epithelials,False
28,29,14,4,0.9858654027224187,0.028470884185466956,Ambiguous/Mixed,Plasma_XBP1,False
28,29,14,5,0.24810603236347653,2.7877981486756434,Ambiguous/Mixed,Tumor/Epithelials,False
28,29,14,6,0.315748548402187,2.305618230126349,Ambiguous/Mixed,Tumor/Epithelials,False
28,29,14,7,0.9415273250643985,0.12050381680357247,Ambiguous/Mixed,Ambiguous/Mixed,True
28,29,14,8,0.7803332801683405,0.4960683365809393,Ambiguous/Mixed,Fibroblasts/Stromal,False
28,29,14,9,0.7766231271540356,0.5056001642404278,Ambiguous/Mixed,Fibroblasts/Stromal,False
28,29,14,10,0.9837572243406478,0.03275227120423212,Ambiguous/Mixed,Ambiguous/Mixed,True
28,29,14,11,0.7509453169960554,0.572844886912367,Ambiguous/Mixed,Endothelials,False
28,29,14,12,0.6043301955839582,1.0072690979855654,Ambiguous/Mixed,Endothelials,False
28,29,14,13,0.9977614113923592,0.004482195985609539,Ambiguous/Mixed,Ambiguous/Mixed,True
28,29,14,14,0.9978358958888285,0.004332898336765945,Ambiguous/Mixed,Ambiguous/Mixed,True
28,29,14,15,0.9966823304523382,0.0066463704321954985,Ambiguous/Mixed,Ambiguous/Mixed,True
28,29,14,16,0.798040563506023,0.4511917027260431,Ambiguous/Mixed,Ambiguous/Mixed,True
28,29,14,17,0.9972997002752935,0.005407904221028307,Ambiguous/Mixed,Ambiguous/Mixed,True
28,29,14,18,0.9969972458102092,0.006014543002673685,Ambiguous/Mixed,Ambiguous/Mixed,True
28,29,14,19,0.9992752461000799,0.0014500333219870593,Ambiguous/Mixed,Ambiguous/Mixed,True
28,29,14,20,0.9987451054095067,0.002511365260099937,Ambiguous/Mixed,Ambiguous/Mixed,True
28,29,14,21,0.9974216746743849,0.005163309861584671,Ambiguous/Mixed,Ambiguous/Mixed,True
28,29,14,22,0.9986428965260898,0.002716050345635594,Ambiguous/Mixed,Ambiguous/Mixed,True
28,29,14,23,0.8030042917170788,0.43879044089114905,Ambiguous/Mixed,Ambiguous/Mixed,True
28,29,14,24,0.798219539333228,0.450743214844559,Ambiguous/Mixed,Ambiguous/Mixed,True
28,29,14,25,0.7981968154175093,0.450800152160824,Ambiguous/Mixed,Ambiguous/Mixed,True
28,29,14,26,0.6180224093065962,0.9624611223359023,Ambiguous/Mixed,Ambiguous/Mixed,True
28,29,14,27,0.4906821803650702,1.4239173025387912,Ambiguous/Mixed,Ambiguous/Mixed,True
28,29,14,28,0.9976673006481489,0.00467084866703521,Ambiguous/Mixed,Ambiguous/Mixed,True
28,29,14,29,0.7898041109741509,0.4719406501212881,Ambiguous/Mixed,Ambiguous/Mixed,True
28,29,15,1,0.7502063497729964,0.5748139545265408,Ambiguous/Mixed,Ambiguous/Mixed,True
28,29,15,2,0.9389463071199018,0.12599396464947527,Ambiguous/Mixed,Ambiguous/Mixed,True
28,29,15,3,0.3931873907690543,1.866937918921445,Ambiguous/Mixed,Tumor/Epithelials,False
28,29,15,4,0.976153426913812,0.0482710104336983,Ambiguous/Mixed,Plasma_XBP1,False
28,29,15,5,0.3017785274182712,2.3961237671233824,Ambiguous/Mixed,Tumor/Epithelials,False
28,29,15,6,0.38459238322019984,1.91114250088645,Ambiguous/Mixed,Tumor/Epithelials,False
28,29,15,7,0.9407997119806275,0.12205001596172377,Ambiguous/Mixed,Ambiguous/Mixed,True
28,29,15,8,0.8205253223551543,0.3956210136513035,Ambiguous/Mixed,Fibroblasts/Stromal,False
28,29,15,9,0.7946387927280053,0.4597352326905738,Ambiguous/Mixed,Fibroblasts/Stromal,False
28,29,15,10,0.9726617562016773,0.05543777407276533,Ambiguous/Mixed,Ambiguous/Mixed,True
28,29,15,11,0.7752292239399208,0.5091930410704902,Ambiguous/Mixed,Endothelials,False
28,29,15,12,0.6545953483760123,0.8474760459917854,Ambiguous/Mixed,Endothelials,False
28,29,15,13,0.9959579269492358,0.008100528617195093,Ambiguous/Mixed,Ambiguous/Mixed,True
28,29,15,14,0.9944675455240557,0.011095630366697723,Ambiguous/Mixed,Ambiguous/Mixed,True
28,29,15,15,0.9857509513103833,0.02870308232468394,Ambiguous/Mixed,Ambiguous/Mixed,True
28,29,15,16,0.7886512226688528,0.4748622114369262,Ambiguous/Mixed,Ambiguous/Mixed,True
28,29,15,17,0.9878382044154779,0.024472710715196015,Ambiguous/Mixed,Ambiguous/Mixed,True
28,29,15,18,0.9863509712763215,0.027486066150051225,Ambiguous/Mixed,Ambiguous/Mixed,True
28,29,15,19,0.9920146484261566,0.016034810495326318,Ambiguous/Mixed,Ambiguous/Mixed,True
28,29,15,20,0.9918965844090223,0.01627285343861877,Ambiguous/Mixed,Ambiguous/Mixed,True
28,29,15,21,0.9908156401219474,0.018453592288757432,Ambiguous/Mixed,Ambiguous/Mixed,True
28,29,15,22,0.9906141276844612,0.018860394369668916,Ambiguous/Mixed,Ambiguous/Mixed,True
28,29,15,23,0.7530491714336979,0.5672495052109596,Ambiguous/Mixed,Ambiguous/Mixed,True
28,29,15,24,0.7867756381958545,0.4796243121874208,Ambiguous/Mixed,Ambiguous/Mixed,True
28,29,15,25,0.7865310371890034,0.48024618969585225,Ambiguous/Mixed,Ambiguous/Mixed,True
28,29,15,26,0.6245999670283706,0.9412877738431037,Ambiguous/Mixed,Ambiguous/Mixed,True
28,29,15,27,0.46374330321719665,1.536848211333518,Ambiguous/Mixed,Ambiguous/Mixed,True
28,29,15,28,0.987819897982444,0.024509774684943017,Ambiguous/Mixed,Ambiguous/Mixed,True
28,29,15,29,0.7307802181430932,0.6272850472287298,Ambiguous/Mixed,Ambiguous/Mixed,True
28,29,16,1,0.7533983295280614,0.566322401942129,Ambiguous/Mixed,Ambiguous/Mixed,True
28,29,16,2,0.9403171155862148,0.1230762072071121,Ambiguous/Mixed,Ambiguous/Mixed,True
28,29,16,3,0.3783706255643035,1.9437621456378702,Ambiguous/Mixed,Tumor/Epithelials,False
28,29,16,4,0.9793817120132429,0.041667625062926546,Ambiguous/Mixed,Plasma_XBP1,False
28,29,16,5,0.2748387901786717,2.583141141480694,Ambiguous/Mixed,Tumor/Epithelials,False
28,29,16,6,0.36933354513472877,1.9921102537473998,Ambiguous/Mixed,Tumor/Epithelials,False
28,29,16,7,0.9484612245632842,0.1058287424810269,Ambiguous/Mixed,Ambiguous/Mixed,True
28,29,16,8,0.8145646693897419,0.41020291287435595,Ambiguous/Mixed,Fibroblasts/Stromal,False
28,29,16,9,0.8035528662453574,0.43742460203037764,Ambiguous/Mixed,Fibroblasts/Stromal,False
28,29,16,10,0.9772848735886012,0.045954179027198894,Ambiguous/Mixed,Ambiguous/Mixed,True
28,29,16,11,0.7844922151243154,0.48543726043597296,Ambiguous/Mixed,Endothelials,False
28,29,16,12,0.6517209623263059,0.8562775611075214,Ambiguous/Mixed,Endothelials,False
28,29,16,13,0.9988072956746723,0.002386832326391816,Ambiguous/Mixed,Ambiguous/Mixed,True
28,29,16,14,0.9937785366578981,0.012481794584323597,Ambiguous/Mixed,Ambiguous/Mixed,True
28,29,16,15,0.9898885069903961,0.020325922794279888,Ambiguous/Mixed,Ambiguous/Mixed,True
28,29,16,16,0.7509320144954126,0.572880315906105,Ambiguous/Mixed,Ambiguous/Mixed,True
28,29,16,17,0.9932633646344234,0.013518857838364961,Ambiguous/Mixed,Ambiguous/Mixed,True
28,29,16,18,0.9904259011691655,0.019240450326379836,Ambiguous/Mixed,Ambiguous/Mixed,True
28,29,16,19,0.9942863800325542,0.011460010272475908,Ambiguous/Mixed,Ambiguous/Mixed,True
28,29,16,20,0.9937827953723254,0.012473223851217153,Ambiguous/Mixed,Ambiguous/Mixed,True
28,29,16,21,0.992810856476305,0.014430219883425863,Ambiguous/Mixed,Ambiguous/Mixed,True
28,29,16,22,0.9931545529979561,0.01373796910515387,Ambiguous/Mixed,Ambiguous/Mixed,True
28,29,16,23,0.7945770415732929,0.4598906581612008,Ambiguous/Mixed,Ambiguous/Mixed,True
28,29,16,24,0.7501940786287052,0.5748466688448232,Ambiguous/Mixed,Ambiguous/Mixed,True
28,29,16,25,0.7499894112475205,0.5753923817761698,Ambiguous/Mixed,Ambiguous/Mixed,True
28,29,16,26,0.598697012681199,1.0259992614778228,Ambiguous/Mixed,Ambiguous/Mixed,True
28,29,16,27,0.4935065959528184,1.4124381090774278,Ambiguous/Mixed,Ambiguous/Mixed,True
28,29,16,28,0.9912098453787616,0.017658031858488882,Ambiguous/Mixed,Ambiguous/Mixed,True
28,29,16,29,0.7930988531989764,0.4636148157334067,Ambiguous/Mixed,Ambiguous/Mixed,True
28,29,17,1,0.7734946837791684,0.5136729638697731,Ambiguous/Mixed,Ambiguous/Mixed,True
28,29,17,2,0.9473773514083011,0.10811558965632953,Ambiguous/Mixed,Ambiguous/Mixed,True
28,29,17,3,0.3079018983541069,2.355948117163093,Ambiguous/Mixed,Tumor/Epithelials,False
28,29,17,4,0.9881887754684621,0.0237630623951454,Ambiguous/Mixed,Plasma_XBP1,False
28,29,17,5,0.24237896445850296,2.834505617678617,Ambiguous/Mixed,Tumor/Epithelials,False
28,29,17,6,0.3126550667154497,2.325309438778887,Ambiguous/Mixed,Tumor/Epithelials,False
28,29,17,7,0.9409181654526552,0.12179821738212868,Ambiguous/Mixed,Ambiguous/Mixed,True
28,29,17,8,0.7729048286600931,0.5151987148621587,Ambiguous/Mixed,Fibroblasts/Stromal,False
28,29,17,9,0.7725712252177019,0.5160621470628338,Ambiguous/Mixed,Fibroblasts/Stromal,False
28,29,17,10,0.989989308521749,0.020122270769593834,Ambiguous/Mixed,Ambiguous/Mixed,True
28,29,17,11,0.7753727491098765,0.5088227973255184,Ambiguous/Mixed,Endothelials,False
28,29,17,12,0.6204697929060495,0.9545567147643719,Ambiguous/Mixed,Endothelials,False
28,29,17,13,0.9950416665461898,0.009941333548994987,Ambiguous/Mixed,Ambiguous/Mixed,True
28,29,17,14,0.9958535735728332,0.008310093380669526,Ambiguous/Mixed,Ambiguous/Mixed,True
28,29,17,15,0.9991147364982621,0.0017713111577662506,Ambiguous/Mixed,Ambiguous/Mixed,True
28,29,17,16,0.7916794180277044,0.46719748865771565,Ambiguous/Mixed,Ambiguous/Mixed,True
28,29,17,17,0.999911543094032,0.0001769216370216676,Ambiguous/Mixed,Ambiguous/Mixed,True
28,29,17,18,0.9993369522477565,0.0013265353312368862,Ambiguous/Mixed,Ambiguous/Mixed,True
28,29,17,19,0.9987662981466273,0.002468926979980664,Ambiguous/Mixed,Ambiguous/Mixed,True
28,29,17,20,0.9989565530406049,0.0020879834583309703,Ambiguous/Mixed,Ambiguous/Mixed,True
28,29,17,21,0.9977467635915085,0.004511557530772989,Ambiguous/Mixed,Ambiguous/Mixed,True
28,29,17,22,0.9992338579431507,0.0015328713873258007,Ambiguous/Mixed,Ambiguous/Mixed,True
28,29,17,23,0.7900410459457872,0.471340755954762,Ambiguous/Mixed,Ambiguous/Mixed,True
28,29,17,24,0.7929512386609036,0.4639870978933629,Ambiguous/Mixed,Ambiguous/Mixed,True
28,29,17,25,0.7928964815516317,0.4641252123127883,Ambiguous/Mixed,Ambiguous/Mixed,True
28,29,17,26,0.6342768973418136,0.9105393465900498,Ambiguous/Mixed,Ambiguous/Mixed,True
28,29,17,27,0.49873396131999875,1.391364938099048,Ambiguous/Mixed,Ambiguous/Mixed,True
28,29,17,28,0.99942002010801,0.0011602962907729243,Ambiguous/Mixed,Ambiguous/Mixed,True
28,29,17,29,0.7912284646685191,0.4683370454855386,Ambiguous/Mixed,Ambiguous/Mixed,True
28,29,18,1,0.748071288103274,0.5805140011959742,Ambiguous/Mixed,Ambiguous/Mixed,True
28,29,18,2,0.9460112060551825,0.11100172855224875,Ambiguous/Mixed,Ambiguous/Mixed,True
28,29,18,3,0.32101949106440913,2.272506875737351,Ambiguous/Mixed,Tumor/Epithelials,False
28,29,18,4,0.9874215715282674,0.025316413196182275,Ambiguous/Mixed,Plasma_XBP1,False
28,29,18,5,0.2391890636346542,2.861001957083578,Ambiguous/Mixed,Tumor/Epithelials,False
28,29,18,6,0.3110482338116125,2.335614572373365,Ambiguous/Mixed,Tumor/Epithelials,False
28,29,18,7,0.9453761741551736,0.11234472561464898,Ambiguous/Mixed,Ambiguous/Mixed,True
28,29,18,8,0.7784738468793354,0.5008397650371614,Ambiguous/Mixed,Fibroblasts/Stromal,False
28,29,18,9,0.7699415829319586,0.5228812666690683,Ambiguous/Mixed,Fibroblasts/Stromal,False
28,29,18,10,0.9864716076411344,0.027241469669349167,Ambiguous/Mixed,Ambiguous/Mixed,True
28,29,18,11,0.7512359917046403,0.5720708799119358,Ambiguous/Mixed,Endothelials,False
28,29,18,12,0.6020424936547422,1.0148544973962899,Ambiguous/Mixed,Endothelials,False
28,29,18,13,0.9971188833702382,0.0057705500708679575,Ambiguous/Mixed,Ambiguous/Mixed,True
28,29,18,14,0.9977825299036308,0.004439864647601069,Ambiguous/Mixed,Ambiguous/Mixed,True
28,29,18,15,0.998218168290362,0.003566842120018535,Ambiguous/Mixed,Ambiguous/Mixed,True
28,29,18,16,0.7850224156670765,0.48408601323501627,Ambiguous/Mixed,Ambiguous/Mixed,True
28,29,18,17,0.9983660970775157,0.0032704783952507196,Ambiguous/Mixed,Ambiguous/Mixed,True
28,29,18,18,0.9983392714590434,0.0033242181585557582,Ambiguous/Mixed,Ambiguous/Mixed,True
28,29,18,19,0.9998794665295296,0.00024108147042568352,Ambiguous/Mixed,Ambiguous/Mixed,True
28,29,18,20,0.999209644967826,0.0015813350547560455,Ambiguous/Mixed,Ambiguous/Mixed,True
28,29,18,21,0.9986114070873608,0.0027791158023971812,Ambiguous/Mixed,Ambiguous/Mixed,True
28,29,18,22,0.9991592340776917,0.0016822391284206008,Ambiguous/Mixed,Ambiguous/Mixed,True
28,29,18,23,0.8014218772668176,0.4427355646841905,Ambiguous/Mixed,Ambiguous/Mixed,True
28,29,18,24,0.7853485223432676,0.48325536444246586,Ambiguous/Mixed,Ambiguous/Mixed,True
28,29,18,25,0.7853403389125372,0.48327620480348793,Ambiguous/Mixed,Ambiguous/Mixed,True
28,29,18,26,0.6080905520649282,0.9948629475765365,Ambiguous/Mixed,Ambiguous/Mixed,True
28,29,18,27,0.4764397169682153,1.4828281520501523,Ambiguous/Mixed,Ambiguous/Mixed,True
28,29,18,28,0.9988292739121026,0.0023428238460388127,Ambiguous/Mixed,Ambiguous/Mixed,True
28,29,18,29,0.7760093748987515,0.5071813556336029,Ambiguous/Mixed,Ambiguous/Mixed,True
28,29,19,1,0.7393257154940307,0.60403340690606,Ambiguous/Mixed,Ambiguous/Mixed,True
28,29,19,2,0.9495769203122327,0.10347748124750167,Ambiguous/Mixed,Ambiguous/Mixed,True
28,29,19,3,0.3319422309850853,2.2055886565258174,Ambiguous/Mixed,Tumor/Epithelials,False
28,29,19,4,0.9849316052032447,0.03036615312549205,Ambiguous/Mixed,Plasma_XBP1,False
28,29,19,5,0.24972233298952604,2.774811292821235,Ambiguous/Mixed,Tumor/Epithelials,False
28,29,19,6,0.3188096375622881,2.2863222035511273,Ambiguous/Mixed,Tumor/Epithelials,False
28,29,19,7,0.949761223584083,0.10308933915069596,Ambiguous/Mixed,Ambiguous/Mixed,True
28,29,19,8,0.7808946253344254,0.4946301219851165,Ambiguous/Mixed,Fibroblasts/Stromal,False
28,29,19,9,0.7766175125891358,0.5056146232102904,Ambiguous/Mixed,Fibroblasts/Stromal,False
28,29,19,10,0.9861560678951783,0.02788130607144473,Ambiguous/Mixed,Ambiguous/Mixed,True
28,29,19,11,0.7438943362906243,0.591712550699502,Ambiguous/Mixed,Endothelials,False
28,29,19,12,0.6005365468236463,1.0198635573170047,Ambiguous/Mixed,Endothelials,False
28,29,19,13,0.9947034907299749,0.010621171001011225,Ambiguous/Mixed,Ambiguous/Mixed,True
28,29,19,14,0.9953013525943881,0.009419441498881955,Ambiguous/Mixed,Ambiguous/Mixed,True
28,29,19,15,0.9973844522587563,0.0052379485247218876,Ambiguous/Mixed,Ambiguous/Mixed,True
28,29,19,16,0.8009401562013788,0.443938092127776,Ambiguous/Mixed,Ambiguous/Mixed,True
28,29,19,17,0.9970202116254184,0.005968473566070416,Ambiguous/Mixed,Ambiguous/Mixed,True
28,29,19,18,0.997392454600145,0.00522190193552935,Ambiguous/Mixed,Ambiguous/Mixed,True
28,29,19,19,0.9981582423221922,0.0036869115976366417,Ambiguous/Mixed,Ambiguous/Mixed,True
28,29,19,20,0.9974686080656503,0.005069202648410924,Ambiguous/Mixed,Ambiguous/Mixed,True
28,29,19,21,0.999658775202616,0.0006825660556239806,Ambiguous/Mixed,Ambiguous/Mixed,True
28,29,19,22,0.9983163061821448,0.0033702256465907828,Ambiguous/Mixed,Ambiguous/Mixed,True
28,29,19,23,0.802892493679699,0.4390689096908305,Ambiguous/Mixed,Ambiguous/Mixed,True
28,29,19,24,0.8002948293352447,0.4455501650762241,Ambiguous/Mixed,Ambiguous/Mixed,True
28,29,19,25,0.8001551694846963,0.44589921653301623,Ambiguous/Mixed,Ambiguous/Mixed,True
28,29,19,26,0.6129416089212346,0.9789712043951199,Ambiguous/Mixed,Ambiguous/Mixed,True
28,29,19,27,0.45473428338279426,1.5760840463731018,Ambiguous/Mixed,Ambiguous/Mixed,True
28,29,19,28,0.9980118439937193,0.003980270023832557,Ambiguous/Mixed,Ambiguous/Mixed,True
28,29,19,29,0.7643636849839698,0.5374231512296366,Ambiguous/Mixed,Ambiguous/Mixed,True
28,29,20,1,0.9661938254275416,0.06878163491221047,Ambiguous/Mixed,Ambiguous/Mixed,True
28,29,20,2,0.8373773387534592,0.35496097439860486,Ambiguous/Mixed,Ambiguous/Mixed,True
28,29,20,3,0.18018587819322995,3.4275326085718882,Ambiguous/Mixed,Tumor/Epithelials,False
28,29,20,4,0.7975342411957225,0.4524610191524586,Ambiguous/Mixed,Plasma_XBP1,False
28,29,20,5,0.2737250194487985,2.5912625103406457,Ambiguous/Mixed,Tumor/Epithelials,False
28,29,20,6,0.36231981299505805,2.0304559917326,Ambiguous/Mixed,Tumor/Epithelials,False
28,29,20,7,0.6353239701424497,0.9072404419819963,Ambiguous/Mixed,Ambiguous/Mixed,True
28,29,20,8,0.5534852442194907,1.1830403724643626,Ambiguous/Mixed,Fibroblasts/Stromal,False
28,29,20,9,0.6133863336034453,0.9775206145935345,Ambiguous/Mixed,Fibroblasts/Stromal,False
28,29,20,10,0.8456707291474655,0.33525040836592396,Ambiguous/Mixed,Ambiguous/Mixed,True
28,29,20,11,0.9639145145436501,0.07350533232597892,Ambiguous/Mixed,Endothelials,False
28,29,20,12,0.7557310817248066,0.5601393561746999,Ambiguous/Mixed,Endothelials,False
28,29,20,13,0.7855697319749481,0.4826921024585032,Ambiguous/Mixed,Ambiguous/Mixed,True
28,29,20,14,0.7912609154576263,0.4682550208235869,Ambiguous/Mixed,Ambiguous/Mixed,True
28,29,20,15,0.7860568662290891,0.48145228055602907,Ambiguous/Mixed,Ambiguous/Mixed,True
28,29,20,16,0.6105833241536518,0.9866810192889095,Ambiguous/Mixed,Ambiguous/Mixed,True
28,29,20,17,0.8024132995671083,0.4402629354741788,Ambiguous/Mixed,Ambiguous/Mixed,True
28,29,20,18,0.788626494810137,0.4749249216583255,Ambiguous/Mixed,Ambiguous/Mixed,True
28,29,20,19,0.7875772740232607,0.4775875747050833,Ambiguous/Mixed,Ambiguous/Mixed,True
28,29,20,20,0.8096038467849263,0.42242045799325895,Ambiguous/Mixed,Ambiguous/Mixed,True
28,29,20,21,0.7612223440681725,0.5456595804985356,Ambiguous/Mixed,Ambiguous/Mixed,True
28,29,20,22,0.8004410539545592,0.4451847715812752,Ambiguous/Mixed,Ambiguous/Mixed,True
28,29,20,23,0.5981044507137223,1.0279797470772203,Ambiguous/Mixed,Ambiguous/Mixed,True
28,29,20,24,0.6063416341617212,1.000623398039175,Ambiguous/Mixed,Ambiguous/Mixed,True
28,29,20,25,0.6098771083078076,0.9889956078028237,Ambiguous/Mixed,Ambiguous/Mixed,True
28,29,20,26,0.772073440589501,0.517351206369359,Ambiguous/Mixed,Ambiguous/Mixed,True
28,29,20,27,0.6094021536902499,0.9905537566416797,Ambiguous/Mixed,Ambiguous/Mixed,True
28,29,20,28,0.7931435240748635,0.463502169957354,Ambiguous/Mixed,Ambiguous/Mixed,True
28,29,20,29,0.6148495917007673,0.9727552148541188,Ambiguous/Mixed,Ambiguous/Mixed,True
28,29,21,1,0.7740010297746025,0.5123641498703044,Ambiguous/Mixed,Ambiguous/Mixed,True
28,29,21,2,0.9479974239847475,0.10680698809294858,Ambiguous/Mixed,Ambiguous/Mixed,True
28,29,21,3,0.3143086169721823,2.3147598383237504,Ambiguous/Mixed,Tumor/Epithelials,False
28,29,21,4,0.9872180273850961,0.02572872974043522,Ambiguous/Mixed,Plasma_XBP1,False
28,29,21,5,0.2501084143180018,2.7717215957000456,Ambiguous/Mixed,Tumor/Epithelials,False
28,29,21,6,0.316979499777763,2.297836353333592,Ambiguous/Mixed,Tumor/Epithelials,False
28,29,21,7,0.9431843523585912,0.11698703969438745,Ambiguous/Mixed,Ambiguous/Mixed,True
28,29,21,8,0.7753313627923035,0.5089295522306357,Ambiguous/Mixed,Fibroblasts/Stromal,False
28,29,21,9,0.7677832264252604,0.5284956858706356,Ambiguous/Mixed,Fibroblasts/Stromal,False
28,29,21,10,0.9892488880673811,0.021618645466047498,Ambiguous/Mixed,Ambiguous/Mixed,True
28,29,21,11,0.7752583510230627,0.5091178980416372,Ambiguous/Mixed,Endothelials,False
28,29,21,12,0.6179825484721079,0.9625901212828769,Ambiguous/Mixed,Endothelials,False
28,29,21,13,0.9959785557408359,0.00805910402001516,Ambiguous/Mixed,Ambiguous/Mixed,True
28,29,21,14,0.9974330113188502,0.005140578091606661,Ambiguous/Mixed,Ambiguous/Mixed,True
28,29,21,15,0.9985384294652097,0.0029252793417532024,Ambiguous/Mixed,Ambiguous/Mixed,True
28,29,21,16,0.80521921113118,0.43328145333909646,Ambiguous/Mixed,Ambiguous/Mixed,True
28,29,21,17,0.9990415949014617,0.0019177293247208196,Ambiguous/Mixed,Ambiguous/Mixed,True
28,29,21,18,0.9988543354499857,0.002292642650644546,Ambiguous/Mixed,Ambiguous/Mixed,True
28,29,21,19,0.9994968156852155,0.001006621908991193,Ambiguous/Mixed,Ambiguous/Mixed,True
28,29,21,20,0.9996508885424265,0.0006983448223305568,Ambiguous/Mixed,Ambiguous/Mixed,True
28,29,21,21,0.9984776870536384,0.0030469456840278033,Ambiguous/Mixed,Ambiguous/Mixed,True
28,29,21,22,0.9998727849752709,0.00025444623449332945,Ambiguous/Mixed,Ambiguous/Mixed,True
28,29,21,23,0.7966650282687938,0.45464195858634554,Ambiguous/Mixed,Ambiguous/Mixed,True
28,29,21,24,0.8056626197702056,0.432180420000168,Ambiguous/Mixed,Ambiguous/Mixed,True
28,29,21,25,0.8057006953507792,0.43208590232008093,Ambiguous/Mixed,Ambiguous/Mixed,True
28,29,21,26,0.644561288931551,0.8783707316151288,Ambiguous/Mixed,Ambiguous/Mixed,True
28,29,21,27,0.4939644964402186,1.410583267862336,Ambiguous/Mixed,Ambiguous/Mixed,True
28,29,21,28,0.9993958134896517,0.0012087382091379075,Ambiguous/Mixed,Ambiguous/Mixed,True
28,29,21,29,0.7804993873679161,0.49564264789910284,Ambiguous/Mixed,Ambiguous/Mixed,True
28,29,22,1,0.7726975970223542,0.5157350277859413,Ambiguous/Mixed,Ambiguous/Mixed,True
28,29,22,2,0.9470170275594103,0.10887641086069229,Ambiguous/Mixed,Ambiguous/Mixed,True
28,29,22,3,0.30353835781439126,2.3844945831551425,Ambiguous/Mixed,Tumor/Epithelials,False
28,29,22,4,0.9880668114645773,0.02400992116148323,Ambiguous/Mixed,Plasma_XBP1,False
28,29,22,5,0.2377278023470775,2.873257894875502,Ambiguous/Mixed,Tumor/Epithelials,False
28,29,22,6,0.30737761769910293,2.3593565243550407,Ambiguous/Mixed,Tumor/Epithelials,False
28,29,22,7,0.9405321562865763,0.12261888039307264,Ambiguous/Mixed,Ambiguous/Mixed,True
28,29,22,8,0.7681839217073774,0.5274521862314825,Ambiguous/Mixed,Fibroblasts/Stromal,False
28,29,22,9,0.766670472090858,0.531396404297106,Ambiguous/Mixed,Fibroblasts/Stromal,False
28,29,22,10,0.9902877510462079,0.019519440927625205,Ambiguous/Mixed,Ambiguous/Mixed,True
28,29,22,11,0.773531775247214,0.5135770599688767,Ambiguous/Mixed,Endothelials,False
28,29,22,12,0.6157514907374945,0.9698236419469342,Ambiguous/Mixed,Endothelials,False
28,29,22,13,0.9950932836971322,0.00983758751720414,Ambiguous/Mixed,Ambiguous/Mixed,True
28,29,22,14,0.996207557118129,0.00759930485401634,Ambiguous/Mixed,Ambiguous/Mixed,True
28,29,22,15,0.9993833110204879,0.0012337584207473525,Ambiguous/Mixed,Ambiguous/Mixed,True
28,29,22,16,0.7896684281399243,0.4722842656795209,Ambiguous/Mixed,Ambiguous/Mixed,True
28,29,22,17,0.9999132461055146,0.00017351531564440727,Ambiguous/Mixed,Ambiguous/Mixed,True
28,29,22,18,0.9995878876967399,0.0008243944897463609,Ambiguous/Mixed,Ambiguous/Mixed,True
28,29,22,19,0.9992203595263557,0.0015598891026723351,Ambiguous/Mixed,Ambiguous/Mixed,True
28,29,22,20,0.9993102892291582,0.0013798974614749188,Ambiguous/Mixed,Ambiguous/Mixed,True
28,29,22,21,0.9980382025767518,0.003927448536557231,Ambiguous/Mixed,Ambiguous/Mixed,True
28,29,22,22,0.9995981868064979,0.000803787884109208,Ambiguous/Mixed,Ambiguous/Mixed,True
28,29,22,23,0.7988383429231248,0.44919335587516623,Ambiguous/Mixed,Ambiguous/Mixed,True
28,29,22,24,0.7908060495562926,0.4694050755909927,Ambiguous/Mixed,Ambiguous/Mixed,True
28,29,22,25,0.7908230464968565,0.4693620896833435,Ambiguous/Mixed,Ambiguous/Mixed,True
28,29,22,26,0.6313230616409251,0.9198751277534365,Ambiguous/Mixed,Ambiguous/Mixed,True
28,29,22,27,0.5026868465945122,1.3755757482862265,Ambiguous/Mixed,Ambiguous/Mixed,True
28,29,22,28,0.9997538503721622,0.0004923598552594181,Ambiguous/Mixed,Ambiguous/Mixed,True
28,29,22,29,0.7952023394504072,0.45831736335860507,Ambiguous/Mixed,Ambiguous/Mixed,True
28,29,23,1,0.7676984244788609,0.5287165988237426,Ambiguous/Mixed,Ambiguous/Mixed,True
28,29,23,2,0.9482499738314125,0.1062742520196934,Ambiguous/Mixed,Ambiguous/Mixed,True
28,29,23,3,0.30273044036604674,2.389825010378272,Ambiguous/Mixed,Tumor/Epithelials,False
28,29,23,4,0.9877374099428333,0.024676791939927396,Ambiguous/Mixed,Plasma_XBP1,False
28,29,23,5,0.23572317578042964,2.8901942928438147,Ambiguous/Mixed,Tumor/Epithelials,False
28,29,23,6,0.30403204970990505,2.3812443129111953,Ambiguous/Mixed,Tumor/Epithelials,False
28,29,23,7,0.9408688578696267,0.12190302750660859,Ambiguous/Mixed,Ambiguous/Mixed,True
28,29,23,8,0.7650098683800316,0.5357330907912499,Ambiguous/Mixed,Fibroblasts/Stromal,False
28,29,23,9,0.7639109690492374,0.5386080585282812,Ambiguous/Mixed,Fibroblasts/Stromal,False
28,29,23,10,0.9906256278399952,0.018837176269987613,Ambiguous/Mixed,Ambiguous/Mixed,True
28,29,23,11,0.7647278336962761,0.5364705628077096,Ambiguous/Mixed,Endothelials,False
28,29,23,12,0.6072744845272706,0.9975487831427432,Ambiguous/Mixed,Endothelials,False
28,29,23,13,0.9944801985424572,0.011070183708404383,Ambiguous/Mixed,Ambiguous/Mixed,True
28,29,23,14,0.9962095525672775,0.007595298766859637,Ambiguous/Mixed,Ambiguous/Mixed,True
28,29,23,15,0.9995008170444637,0.0009986151776522835,Ambiguous/Mixed,Ambiguous/Mixed,True
28,29,23,16,0.7923312129842087,0.46555155275165394,Ambiguous/Mixed,Ambiguous/Mixed,True
28,29,23,17,0.9993908912801556,0.0012185886038486747,Ambiguous/Mixed,Ambiguous/Mixed,True
28,29,23,18,0.9997218629283678,0.0005563515178424667,Ambiguous/Mixed,Ambiguous/Mixed,True
28,29,23,19,0.9993150015445882,0.0013704663480955922,Ambiguous/Mixed,Ambiguous/Mixed,True
28,29,23,20,0.9993147887664408,0.0013708921961410898,Ambiguous/Mixed,Ambiguous/Mixed,True
28,29,23,21,0.9987977887537453,0.0024058689638158087,Ambiguous/Mixed,Ambiguous/Mixed,True
28,29,23,22,0.9997575026250392,0.0004850535644069444,Ambiguous/Mixed,Ambiguous/Mixed,True
28,29,23,23,0.79390469989556,0.4615837005181398,Ambiguous/Mixed,Ambiguous/Mixed,True
28,29,23,24,0.7930977801949363,0.4636175215871895,Ambiguous/Mixed,Ambiguous/Mixed,True
28,29,23,25,0.7930577155058229,0.4637185575555555,Ambiguous/Mixed,Ambiguous/Mixed,True
28,29,23,26,0.6275906803913311,0.9317342156661041,Ambiguous/Mixed,Ambiguous/Mixed,True
28,29,23,27,0.49508429312724234,1.4060544835301068,Ambiguous/Mixed,Ambiguous/Mixed,True
28,29,23,28,0.9998737717192527,0.0002524724964144623,Ambiguous/Mixed,Ambiguous/Mixed,True
28,29,23,29,0.793196389612528,0.46336886804084065,Ambiguous/Mixed,Ambiguous/Mixed,True
28,29,24,1,0.9676241817044443,0.06582301826375411,Ambiguous/Mixed,Ambiguous/Mixed,True
28,29,24,2,0.8371256448137082,0.35556221296101165,Ambiguous/Mixed,Ambiguous/Mixed,True
28,29,24,3,0.17747521468314245,3.4578486308091057,Ambiguous/Mixed,Tumor/Epithelials,False
28,29,24,4,0.7973277446720378,0.4529789235897538,Ambiguous/Mixed,Plasma_XBP1,False
28,29,24,5,0.2706806629129807,2.6136310371117313,Ambiguous/Mixed,Tumor/Epithelials,False
28,29,24,6,0.3575558237897058,2.056927557155147,Ambiguous/Mixed,Tumor/Epithelials,False
28,29,24,7,0.6341846930810728,0.910830105921193,Ambiguous/Mixed,Ambiguous/Mixed,True
28,29,24,8,0.5507384943239062,1.1929903688827193,Ambiguous/Mixed,Fibroblasts/Stromal,False
28,29,24,9,0.6102401042654827,0.9878055714206002,Ambiguous/Mixed,Fibroblasts/Stromal,False
28,29,24,10,0.8462629674538804,0.33385026288317227,Ambiguous/Mixed,Ambiguous/Mixed,True
28,29,24,11,0.9621980830213261,0.07706988401179111,Ambiguous/Mixed,Endothelials,False
28,29,24,12,0.75413301668702,0.5643730236583089,Ambiguous/Mixed,Endothelials,False
28,29,24,13,0.7847496134676867,0.4847811516298226,Ambiguous/Mixed,Ambiguous/Mixed,True
28,29,24,14,0.790961856646907,0.46901106812502447,Ambiguous/Mixed,Ambiguous/Mixed,True
28,29,24,15,0.7861102332857339,0.4813165009517317,Ambiguous/Mixed,Ambiguous/Mixed,True
28,29,24,16,0.6116328070784882,0.9832463299374846,Ambiguous/Mixed,Ambiguous/Mixed,True
28,29,24,17,0.8023517505316925,0.44041635116688016,Ambiguous/Mixed,Ambiguous/Mixed,True
28,29,24,18,0.788699751724389,0.47473914673835427,Ambiguous/Mixed,Ambiguous/Mixed,True
28,29,24,19,0.787312285477729,0.4782606086875204,Ambiguous/Mixed,Ambiguous/Mixed,True
28,29,24,20,0.8094493114631319,0.42280224983616754,Ambiguous/Mixed,Ambiguous/Mixed,True
28,29,24,21,0.7610927321152551,0.5460001458788786,Ambiguous/Mixed,Ambiguous/Mixed,True
28,29,24,22,0.8003415610443578,0.44543338225307366,Ambiguous/Mixed,Ambiguous/Mixed,True
28,29,24,23,0.5920551574045059,1.048310954293823,Ambiguous/Mixed,Ambiguous/Mixed,True
28,29,24,24,0.6075110820315845,0.9967697238130351,Ambiguous/Mixed,Ambiguous/Mixed,True
28,29,24,25,0.6110331773502676,0.9852080424049334,Ambiguous/Mixed,Ambiguous/Mixed,True
28,29,24,26,0.7735030633047841,0.5136512973207905,Ambiguous/Mixed,Ambiguous/Mixed,True
28,29,24,27,0.614739581503055,0.973113091128254,Ambiguous/Mixed,Ambiguous/Mixed,True
28,29,24,28,0.793141236629614,0.4635079380144045,Ambiguous/Mixed,Ambiguous/Mixed,True
28,29,24,29,0.6155457720487448,0.9704919409739241,Ambiguous/Mixed,Ambiguous/Mixed,True
28,29,25,1,0.764834818320414,0.5361907844693162,Ambiguous/Mixed,Ambiguous/Mixed,True
28,29,25,2,0.9493081073626786,0.104043735543959,Ambiguous/Mixed,Ambiguous/Mixed,True
28,29,25,3,0.30824154265786247,2.3537431478942485,Ambiguous/Mixed,Tumor/Epithelials,False
28,29,25,4,0.9887258948519891,0.022676279227804148,Ambiguous/Mixed,Plasma_XBP1,False
28,29,25,5,0.23776776155780754,2.872921746958613,Ambiguous/Mixed,Tumor/Epithelials,False
28,29,25,6,0.3082483227428671,2.3536991563519023,Ambiguous/Mixed,Tumor/Epithelials,False
28,29,25,7,0.9429551013810518,0.11747322003108264,Ambiguous/Mixed,Ambiguous/Mixed,True
28,29,25,8,0.7703694276588269,0.5217702060198104,Ambiguous/Mixed,Fibroblasts/Stromal,False
28,29,25,9,0.7719241587580399,0.5177379474678929,Ambiguous/Mixed,Fibroblasts/Stromal,False
28,29,25,10,0.9901803843937869,0.019736291985423073,Ambiguous/Mixed,Ambiguous/Mixed,True
28,29,25,11,0.7641815091210843,0.5378998812980718,Ambiguous/Mixed,Endothelials,False
28,29,25,12,0.6096457208846234,0.9897545519420295,Ambiguous/Mixed,Endothelials,False
28,29,25,13,0.9950827787428085,0.009858701135284698,Ambiguous/Mixed,Ambiguous/Mixed,True
28,29,25,14,0.9962065793160912,0.007601267903806034,Ambiguous/Mixed,Ambiguous/Mixed,True
28,29,25,15,0.9995400070510017,0.0009201975564199513,Ambiguous/Mixed,Ambiguous/Mixed,True
28,29,25,16,0.7885038956864544,0.47523586392326006,Ambiguous/Mixed,Ambiguous/Mixed,True
28,29,25,17,0.999689007345783,0.0006220820449215497,Ambiguous/Mixed,Ambiguous/Mixed,True
28,29,25,18,0.999753592891067,0.0004928749443051034,Ambiguous/Mixed,Ambiguous/Mixed,True
28,29,25,19,0.9993486256991535,0.001303173074509856,Ambiguous/Mixed,Ambiguous/Mixed,True
28,29,25,20,0.9992815737756183,0.0014373688323402857,Ambiguous/Mixed,Ambiguous/Mixed,True
28,29,25,21,0.9984500961036671,0.003102212479764115,Ambiguous/Mixed,Ambiguous/Mixed,True
28,29,25,22,0.9995427316838933,0.0009147457902896118,Ambiguous/Mixed,Ambiguous/Mixed,True
28,29,25,23,0.7882049961112341,0.4759941512148607,Ambiguous/Mixed,Ambiguous/Mixed,True
28,29,25,24,0.7897848285902078,0.4719894789867253,Ambiguous/Mixed,Ambiguous/Mixed,True
28,29,25,25,0.7897275914077101,0.47213442797680133,Ambiguous/Mixed,Ambiguous/Mixed,True
28,29,25,26,0.6233738981136709,0.9452175654626709,Ambiguous/Mixed,Ambiguous/Mixed,True
28,29,25,27,0.48971392962973853,1.4278677508943654,Ambiguous/Mixed,Ambiguous/Mixed,True
28,29,25,28,0.9997888010505407,0.0004224425101963317,Ambiguous/Mixed,Ambiguous/Mixed,True
28,29,25,29,0.788734184578372,0.4746518331508981,Ambiguous/Mixed,Ambiguous/Mixed,True
28,29,26,1,0.777544132684908,0.503229748487929,Ambiguous/Mixed,Ambiguous/Mixed,True
28,29,26,2,0.9493876580540139,0.10387614536372908,Ambiguous/Mixed,Ambiguous/Mixed,True
28,29,26,3,0.3050805764080793,2.3743587046418013,Ambiguous/Mixed,Tumor/Epithelials,False
28,29,26,4,0.9871196114719474,0.0259281199790515,Ambiguous/Mixed,Plasma_XBP1,False
28,29,26,5,0.2418395904744421,2.8389612437726517,Ambiguous/Mixed,Tumor/Epithelials,False
28,29,26,6,0.3109169600767666,2.336458823711447,Ambiguous/Mixed,Tumor/Epithelials,False
28,29,26,7,0.9417801717333836,0.11996678995918482,Ambiguous/Mixed,Ambiguous/Mixed,True
28,29,26,8,0.7685313240357534,0.526547913731404,Ambiguous/Mixed,Fibroblasts/Stromal,False
28,29,26,9,0.7637355492224726,0.5390673789939457,Ambiguous/Mixed,Fibroblasts/Stromal,False
28,29,26,10,0.9912215399407286,0.01763443545650743,Ambiguous/Mixed,Ambiguous/Mixed,True
28,29,26,11,0.7763084985421356,0.506410576266299,Ambiguous/Mixed,Endothelials,False
28,29,26,12,0.618284455431329,0.9616132871062159,Ambiguous/Mixed,Endothelials,False
28,29,26,13,0.9941273488260306,0.01177992600139011,Ambiguous/Mixed,Ambiguous/Mixed,True
28,29,26,14,0.9959011030674841,0.00821464087295366,Ambiguous/Mixed,Ambiguous/Mixed,True
28,29,26,15,0.999244188716616,0.0015121941054658933,Ambiguous/Mixed,Ambiguous/Mixed,True
28,29,26,16,0.7945520088610479,0.4599536680526635,Ambiguous/Mixed,Ambiguous/Mixed,True
28,29,26,17,0.9994496718106651,0.0011009593509468463,Ambiguous/Mixed,Ambiguous/Mixed,True
28,29,26,18,0.9994721673528467,0.0010559439996874996,Ambiguous/Mixed,Ambiguous/Mixed,True
28,29,26,19,0.9990435020991614,0.0019139112737228707,Ambiguous/Mixed,Ambiguous/Mixed,True
28,29,26,20,0.9992570113904876,0.0014865295246866868,Ambiguous/Mixed,Ambiguous/Mixed,True
28,29,26,21,0.998460520635157,0.0030813311615866994,Ambiguous/Mixed,Ambiguous/Mixed,True
28,29,26,22,0.9997641632299603,0.00047172916780779733,Ambiguous/Mixed,Ambiguous/Mixed,True
28,29,26,23,0.7954328832834681,0.4577376104865948,Ambiguous/Mixed,Ambiguous/Mixed,True
28,29,26,24,0.795216265678361,0.45828233804411417,Ambiguous/Mixed,Ambiguous/Mixed,True
28,29,26,25,0.7952435094420367,0.4582138200869688,Ambiguous/Mixed,Ambiguous/Mixed,True
28,29,26,26,0.6380089629315914,0.8988058945078161,Ambiguous/Mixed,Ambiguous/Mixed,True
28,29,26,27,0.5037721047936501,1.3712625724005838,Ambiguous/Mixed,Ambiguous/Mixed,True
28,29,26,28,0.9997594515062479,0.00048115486036301414,Ambiguous/Mixed,Ambiguous/Mixed,True
28,29,26,29,0.7905366703970979,0.4700864690888129,Ambiguous/Mixed,Ambiguous/Mixed,True
28,29,27,1,0.7703407563212118,0.5218446426995094,Ambiguous/Mixed,Ambiguous/Mixed,True
28,29,27,2,0.9504436928384791,0.10165271665205412,Ambiguous/Mixed,Ambiguous/Mixed,True
28,29,27,3,0.31285657215139046,2.324020858804411,Ambiguous/Mixed,Tumor/Epithelials,False
28,29,27,4,0.9870249317058669,0.026119959561376426,Ambiguous/Mixed,Plasma_XBP1,False
28,29,27,5,0.24549749374741198,2.808937081135702,Ambiguous/Mixed,Tumor/Epithelials,False
28,29,27,6,0.3150320078446899,2.3101620662266193,Ambiguous/Mixed,Tumor/Epithelials,False
28,29,27,7,0.9450582767584972,0.11301736972461912,Ambiguous/Mixed,Ambiguous/Mixed,True
28,29,27,8,0.7712727768450864,0.5194263436449731,Ambiguous/Mixed,Fibroblasts/Stromal,False
28,29,27,9,0.7700686660045921,0.5225511829621328,Ambiguous/Mixed,Fibroblasts/Stromal,False
28,29,27,10,0.9900722411784225,0.019954735256903285,Ambiguous/Mixed,Ambiguous/Mixed,True
28,29,27,11,0.7718088935255265,0.5180366136979306,Ambiguous/Mixed,Endothelials,False
28,29,27,12,0.6151780346853477,0.9716871315514651,Ambiguous/Mixed,Endothelials,False
28,29,27,13,0.9948124346604017,0.010402134944761991,Ambiguous/Mixed,Ambiguous/Mixed,True
28,29,27,14,0.9958254291922966,0.008366617309474127,Ambiguous/Mixed,Ambiguous/Mixed,True
28,29,27,15,0.9990052895093894,0.0019904110868147885,Ambiguous/Mixed,Ambiguous/Mixed,True
28,29,27,16,0.7970955331448457,0.45356148289396025,Ambiguous/Mixed,Ambiguous/Mixed,True
28,29,27,17,0.9990483159223806,0.001904274432861366,Ambiguous/Mixed,Ambiguous/Mixed,True
28,29,27,18,0.9991860044431092,0.0016286540623306578,Ambiguous/Mixed,Ambiguous/Mixed,True
28,29,27,19,0.9991056746681476,0.001789450958689074,Ambiguous/Mixed,Ambiguous/Mixed,True
28,29,27,20,0.9990350262503994,0.001930879273011726,Ambiguous/Mixed,Ambiguous/Mixed,True
28,29,27,21,0.9990459755805225,0.001908959580840584,Ambiguous/Mixed,Ambiguous/Mixed,True
28,29,27,22,0.9996648161407307,0.0006704800918694792,Ambiguous/Mixed,Ambiguous/Mixed,True
28,29,27,23,0.8026896991761759,0.43957413329259626,Ambiguous/Mixed,Ambiguous/Mixed,True
28,29,27,24,0.7973133374309097,0.45301506273426784,Ambiguous/Mixed,Ambiguous/Mixed,True
28,29,27,25,0.7973193153787747,0.4530000675619203,Ambiguous/Mixed,Ambiguous/Mixed,True
28,29,27,26,0.6346038720180773,0.9095085966838434,Ambiguous/Mixed,Ambiguous/Mixed,True
28,29,27,27,0.48760702879220225,1.4364909328011386,Ambiguous/Mixed,Ambiguous/Mixed,True
28,29,27,28,0.9995630225472668,0.0008741459104059154,Ambiguous/Mixed,Ambiguous/Mixed,True
28,29,27,29,0.7859404558103232,0.481748490778137,Ambiguous/Mixed,Ambiguous/Mixed,True
28,29,28,1,0.7689135027917251,0.5255535918352947,Ambiguous/Mixed,Ambiguous/Mixed,True
28,29,28,2,0.9481820072032484,0.10641760886849769,Ambiguous/Mixed,Ambiguous/Mixed,True
28,29,28,3,0.2998875162340676,2.408695641044323,Ambiguous/Mixed,Tumor/Epithelials,False
28,29,28,4,0.9884598503412595,0.02321450789545886,Ambiguous/Mixed,Plasma_XBP1,False
28,29,28,5,0.23584571154264652,2.8891549048072513,Ambiguous/Mixed,Tumor/Epithelials,False
28,29,28,6,0.3023730525214843,2.3921875013592016,Ambiguous/Mixed,Tumor/Epithelials,False
28,29,28,7,0.9405702822075873,0.12253780895275956,Ambiguous/Mixed,Ambiguous/Mixed,True
28,29,28,8,0.7644534028149575,0.5371884133219906,Ambiguous/Mixed,Fibroblasts/Stromal,False
28,29,28,9,0.7640798055447959,0.5381660755031138,Ambiguous/Mixed,Fibroblasts/Stromal,False
28,29,28,10,0.9904511756834489,0.019189413309333107,Ambiguous/Mixed,Ambiguous/Mixed,True
28,29,28,11,0.7653449740216226,0.5348572007357876,Ambiguous/Mixed,Endothelials,False
28,29,28,12,0.6076302535364111,0.9963774352726971,Ambiguous/Mixed,Endothelials,False
28,29,28,13,0.994191499401588,0.011650871095258072,Ambiguous/Mixed,Ambiguous/Mixed,True
28,29,28,14,0.9961617559451696,0.007691258032911886,Ambiguous/Mixed,Ambiguous/Mixed,True
28,29,28,15,0.9996554053360999,0.0006893081005689911,Ambiguous/Mixed,Ambiguous/Mixed,True
28,29,28,16,0.7972118551514841,0.45326963953251415,Ambiguous/Mixed,Ambiguous/Mixed,True
28,29,28,17,0.999530297278433,0.0009396261328889694,Ambiguous/Mixed,Ambiguous/Mixed,True
28,29,28,18,0.9998079988078116,0.0003840392535539468,Ambiguous/Mixed,Ambiguous/Mixed,True
28,29,28,19,0.9993179218810824,0.0013646216800528516,Ambiguous/Mixed,Ambiguous/Mixed,True
28,29,28,20,0.9993402532210388,0.0013199290152729002,Ambiguous/Mixed,Ambiguous/Mixed,True
28,29,28,21,0.9983810730883185,0.0032404775798707463,Ambiguous/Mixed,Ambiguous/Mixed,True
28,29,28,22,0.999731145510338,0.0005377812750188187,Ambiguous/Mixed,Ambiguous/Mixed,True
28,29,28,23,0.7960886464420509,0.4560894689228263,Ambiguous/Mixed,Ambiguous/Mixed,True
28,29,28,24,0.798321540535743,0.4504876593716934,Ambiguous/Mixed,Ambiguous/Mixed,True
28,29,28,25,0.7983430327527232,0.45043381658632425,Ambiguous/Mixed,Ambiguous/Mixed,True
28,29,28,26,0.6325915505841883,0.915860649696486,Ambiguous/Mixed,Ambiguous/Mixed,True
28,29,28,27,0.49463466977917264,1.4078716594996603,Ambiguous/Mixed,Ambiguous/Mixed,True
28,29,28,28,0.9999828493154496,3.4301663250114155e-05,Ambiguous/Mixed,Ambiguous/Mixed,True
28,29,28,29,0.7876358198145741,0.47743890709542636,Ambiguous/Mixed,Ambiguous/Mixed,True
29,30,1,1,0.034567848852386625,6.729662505668203,Ambiguous/Mixed,Tumor/Epithelials,False
29,30,1,2,0.853962593052672,0.31573577639791284,Ambiguous/Mixed,Ambiguous/Mixed,True
29,30,1,3,0.7906598775261224,0.46977478834441544,Ambiguous/Mixed,Ambiguous/Mixed,True
29,30,1,4,0.12732804264184075,4.1219770196801635,Ambiguous/Mixed,Fibroblasts/Stromal,False
29,30,1,5,0.10310537097287566,4.544007589051701,Ambiguous/Mixed,Endothelials,False
29,30,1,6,0.2628321918815327,2.6724790082592733,Ambiguous/Mixed,Ambiguous/Mixed,True
29,30,1,7,0.8428758486569264,0.341871210136261,Ambiguous/Mixed,Ambiguous/Mixed,True
29,30,1,8,0.7610394499632132,0.5461401656555869,Ambiguous/Mixed,Ambiguous/Mixed,True
29,30,1,9,0.7767305695408939,0.5053234921926946,Ambiguous/Mixed,Ambiguous/Mixed,True
29,30,1,10,0.9670626900836624,0.06698391234896098,Ambiguous/Mixed,Ambiguous/Mixed,True
29,30,1,11,0.7573280231036537,0.5559175991614467,Ambiguous/Mixed,Ambiguous/Mixed,True
29,30,1,12,0.966010205660952,0.069161759918034,Ambiguous/Mixed,Ambiguous/Mixed,True
29,30,1,13,0.6870671135188008,0.7506466016394282,Ambiguous/Mixed,Ambiguous/Mixed,True
29,30,1,14,0.7713528742422974,0.5192186525639219,Ambiguous/Mixed,Ambiguous/Mixed,True
29,30,1,15,0.7721967691890699,0.5170317581301842,Ambiguous/Mixed,Ambiguous/Mixed,True
29,30,1,16,0.639402253647894,0.8944430354668664,Ambiguous/Mixed,Ambiguous/Mixed,True
29,30,1,17,0.7746848505286447,0.5105979536204911,Ambiguous/Mixed,Ambiguous/Mixed,True
29,30,1,18,0.7724888346437477,0.5162754477005831,Ambiguous/Mixed,Ambiguous/Mixed,True
29,30,1,19,0.7737180941568896,0.5130953823439226,Ambiguous/Mixed,Ambiguous/Mixed,True
29,30,1,20,0.7771013313596659,0.5043690470545981,Ambiguous/Mixed,Ambiguous/Mixed,True
29,30,1,21,0.7529579630236984,0.5674917574766339,Ambiguous/Mixed,Ambiguous/Mixed,True
29,30,1,22,0.4392372821466107,1.645431011798018,Ambiguous/Mixed,Ambiguous/Mixed,True
29,30,1,23,0.7759794960044947,0.5072583636452471,Ambiguous/Mixed,Ambiguous/Mixed,True
29,30,1,24,0.9662896826684625,0.06858322237084001,Ambiguous/Mixed,Ambiguous/Mixed,True
29,30,1,25,0.6374590352336952,0.9005305249423352,Ambiguous/Mixed,Ambiguous/Mixed,True
29,30,1,26,0.9679586936548428,0.06513172892039956,Ambiguous/Mixed,Ambiguous/Mixed,True
29,30,1,27,0.7698553425243947,0.5231052972700607,Ambiguous/Mixed,Ambiguous/Mixed,True
29,30,1,28,0.8103907019178032,0.420477599122814,Ambiguous/Mixed,Ambiguous/Mixed,True
29,30,1,29,0.759336146041886,0.550621438936783,Ambiguous/Mixed,Ambiguous/Mixed,True
29,30,1,30,0.5741266143209345,1.1098106490932955,Ambiguous/Mixed,Ambiguous/Mixed,True
29,30,2,1,0.046639678809823566,6.130607247090881,Ambiguous/Mixed,Tumor/Epithelials,False
29,30,2,2,0.9118047240948078,0.18465886030300394,Ambiguous/Mixed,Ambiguous/Mixed,True
29,30,2,3,0.9995457137311601,0.0009087789762177913,Ambiguous/Mixed,Ambiguous/Mixed,True
29,30,2,4,0.2538711036034419,2.7418572137925907,Ambiguous/Mixed,Fibroblasts/Stromal,False
29,30,2,5,0.17158752696732926,3.5253235624813093,Ambiguous/Mixed,Endothelials,False
29,30,2,6,0.6909282226501118,0.739438670423343,Ambiguous/Mixed,Ambiguous/Mixed,True
29,30,2,7,0.9406854356841287,0.12229296509535093,Ambiguous/Mixed,Ambiguous/Mixed,True
29,30,2,8,0.9453299528955872,0.112442511852149,Ambiguous/Mixed,Ambiguous/Mixed,True
29,30,2,9,0.9460543812230562,0.11091045229169735,Ambiguous/Mixed,Ambiguous/Mixed,True
29,30,2,10,0.8357697149941462,0.3588043287539494,Ambiguous/Mixed,Ambiguous/Mixed,True
29,30,2,11,0.9409010119319147,0.12183467895281973,Ambiguous/Mixed,Ambiguous/Mixed,True
29,30,2,12,0.8381527109876505,0.3531099248405036,Ambiguous/Mixed,Ambiguous/Mixed,True
29,30,2,13,0.653759443307645,0.8500316377545606,Ambiguous/Mixed,Ambiguous/Mixed,True
29,30,2,14,0.9429649327654082,0.11745236785457784,Ambiguous/Mixed,Ambiguous/Mixed,True
29,30,2,15,0.9466402480095578,0.10967228783312141,Ambiguous/Mixed,Ambiguous/Mixed,True
29,30,2,16,0.648325213820884,0.8667256706914189,Ambiguous/Mixed,Ambiguous/Mixed,True
29,30,2,17,0.949954012286369,0.102683407357746,Ambiguous/Mixed,Ambiguous/Mixed,True
29,30,2,18,0.9486615043757791,0.10540646128607004,Ambiguous/Mixed,Ambiguous/Mixed,True
29,30,2,19,0.9468638669984408,0.109199895957867,Ambiguous/Mixed,Ambiguous/Mixed,True
29,30,2,20,0.9458278757996411,0.11138935191382034,Ambiguous/Mixed,Ambiguous/Mixed,True
29,30,2,21,0.9484951582638902,0.1057571884887119,Ambiguous/Mixed,Ambiguous/Mixed,True
29,30,2,22,0.5038520626847984,1.3709451608342604,Ambiguous/Mixed,Ambiguous/Mixed,True
29,30,2,23,0.9484894218150165,0.10576928442018951,Ambiguous/Mixed,Ambiguous/Mixed,True
29,30,2,24,0.8377759768883443,0.35400908984287427,Ambiguous/Mixed,Ambiguous/Mixed,True
29,30,2,25,0.6464822931107301,0.8724189399836361,Ambiguous/Mixed,Ambiguous/Mixed,True
29,30,2,26,0.8371710489069577,0.3554537397294013,Ambiguous/Mixed,Ambiguous/Mixed,True
29,30,2,27,0.9475049752734158,0.10784618218229136,Ambiguous/Mixed,Ambiguous/Mixed,True
29,30,2,28,0.5689099748589307,1.1280661475799716,Ambiguous/Mixed,Ambiguous/Mixed,True
29,30,2,29,0.9466261162419781,0.1097021447361897,Ambiguous/Mixed,Ambiguous/Mixed,True
29,30,2,30,0.4434489940838512,1.6263449830981977,Ambiguous/Mixed,Ambiguous/Mixed,True
29,30,3,1,0.14783880641392919,3.823265489240419,Tumor/Epithelials,Tumor/Epithelials,True
29,30,3,2,0.2343437526320526,2.9019324264977713,Tumor/Epithelials,Ambiguous/Mixed,False
29,30,3,3,0.3280214561687004,2.2293525151779883,Tumor/Epithelials,Ambiguous/Mixed,False
29,30,3,4,0.33174364693198943,2.206785512241027,Tumor/Epithelials,Fibroblasts/Stromal,False
29,30,3,5,0.2478945911869572,2.789503317413649,Tumor/Epithelials,Endothelials,False
29,30,3,6,0.49994512827790305,1.386513860052783,Tumor/Epithelials,Ambiguous/Mixed,False
29,30,3,7,0.29125607526291236,2.4671048300959524,Tumor/Epithelials,Ambiguous/Mixed,False
29,30,3,8,0.31630763946053386,2.3020799927676943,Tumor/Epithelials,Ambiguous/Mixed,False
29,30,3,9,0.3128873147893399,2.3238243398220235,Tumor/Epithelials,Ambiguous/Mixed,False
29,30,3,10,0.17134892681018019,3.5281065876513793,Tumor/Epithelials,Ambiguous/Mixed,False
29,30,3,11,0.3623268310002406,2.0304172528231414,Tumor/Epithelials,Ambiguous/Mixed,False
29,30,3,12,0.17519046338595506,3.4837630693798554,Tumor/Epithelials,Ambiguous/Mixed,False
29,30,3,13,0.12882236086677665,4.09864174233223,Tumor/Epithelials,Ambiguous/Mixed,False
29,30,3,14,0.3172233313466497,2.2962984757402767,Tumor/Epithelials,Ambiguous/Mixed,False
29,30,3,15,0.31595982702309805,2.3042804063012543,Tumor/Epithelials,Ambiguous/Mixed,False
29,30,3,16,0.19987337614713202,3.22014246440615,Tumor/Epithelials,Ambiguous/Mixed,False
29,30,3,17,0.32321882965180637,2.2588513879419323,Tumor/Epithelials,Ambiguous/Mixed,False
29,30,3,18,0.297408957432481,2.4252942525376615,Tumor/Epithelials,Ambiguous/Mixed,False
29,30,3,19,0.3101095244405943,2.3416594785065143,Tumor/Epithelials,Ambiguous/Mixed,False
29,30,3,20,0.30171241860077624,2.3965619431602923,Tumor/Epithelials,Ambiguous/Mixed,False
29,30,3,21,0.31645499061571103,2.3011485145113193,Tumor/Epithelials,Ambiguous/Mixed,False
29,30,3,22,0.14485271806296246,3.8640755805385814,Tumor/Epithelials,Ambiguous/Mixed,False
29,30,3,23,0.3031182054163578,2.3872648653258115,Tumor/Epithelials,Ambiguous/Mixed,False
29,30,3,24,0.18223913819817342,3.404871016466709,Tumor/Epithelials,Ambiguous/Mixed,False
29,30,3,25,0.1927390232385854,3.292836432677705,Tumor/Epithelials,Ambiguous/Mixed,False
29,30,3,26,0.17865229602414925,3.44462768502997,Tumor/Epithelials,Ambiguous/Mixed,False
29,30,3,27,0.2985825053573828,2.4174179689673094,Tumor/Epithelials,Ambiguous/Mixed,False
29,30,3,28,0.11061099566698067,4.403471553016892,Tumor/Epithelials,Ambiguous/Mixed,False
29,30,3,29,0.29985332413328913,2.4089236868835533,Tumor/Epithelials,Ambiguous/Mixed,False
29,30,3,30,0.08184640568361973,5.0058217791705975,Tumor/Epithelials,Ambiguous/Mixed,False
29,30,4,1,0.05333034524964045,5.8624995611104165,Plasma_XBP1,Tumor/Epithelials,False
29,30,4,2,0.9562628083808071,0.08944499909187537,Plasma_XBP1,Ambiguous/Mixed,False
29,30,4,3,0.9410877858763854,0.12143770752493147,Plasma_XBP1,Ambiguous/Mixed,False
29,30,4,4,0.18218002027522978,3.4055199167463748,Plasma_XBP1,Fibroblasts/Stromal,False
29,30,4,5,0.1385885034781435,3.952492286309619,Plasma_XBP1,Endothelials,False
29,30,4,6,0.6464227608005525,0.8726031215212968,Plasma_XBP1,Ambiguous/Mixed,False
29,30,4,7,0.9652068794067477,0.07082563562988207,Plasma_XBP1,Ambiguous/Mixed,False
29,30,4,8,0.9958963580786012,0.008224169931957952,Plasma_XBP1,Ambiguous/Mixed,False
29,30,4,9,0.9807875579139035,0.03879879906248279,Plasma_XBP1,Ambiguous/Mixed,False
29,30,4,10,0.7986749494342145,0.44960247544934895,Plasma_XBP1,Ambiguous/Mixed,False
29,30,4,11,0.9836253659100979,0.033020360250868595,Plasma_XBP1,Ambiguous/Mixed,False
29,30,4,12,0.7990717025454116,0.4486091937701527,Plasma_XBP1,Ambiguous/Mixed,False
29,30,4,13,0.6303998574424903,0.9228019331533499,Plasma_XBP1,Ambiguous/Mixed,False
29,30,4,14,0.9864673814756254,0.027250037933309303,Plasma_XBP1,Ambiguous/Mixed,False
29,30,4,15,0.987864024185484,0.02442043609681692,Plasma_XBP1,Ambiguous/Mixed,False
29,30,4,16,0.7855283092235218,0.48279756437201754,Plasma_XBP1,Ambiguous/Mixed,False
29,30,4,17,0.9878144914645014,0.02452072107861056,Plasma_XBP1,Ambiguous/Mixed,False
29,30,4,18,0.9888650436273873,0.022394828149281884,Plasma_XBP1,Ambiguous/Mixed,False
29,30,4,19,0.9875899044393353,0.02497548776152264,Plasma_XBP1,Ambiguous/Mixed,False
29,30,4,20,0.9878056098435086,0.024538703525715584,Plasma_XBP1,Ambiguous/Mixed,False
29,30,4,21,0.9872372504982572,0.025689786112028858,Plasma_XBP1,Ambiguous/Mixed,False
29,30,4,22,0.6212484699543198,0.9520483288490418,Plasma_XBP1,Ambiguous/Mixed,False
29,30,4,23,0.9875826164806796,0.02499024689487135,Plasma_XBP1,Ambiguous/Mixed,False
29,30,4,24,0.7971934210824785,0.4533158864166185,Plasma_XBP1,Ambiguous/Mixed,False
29,30,4,25,0.7864341007440177,0.4804926959731266,Plasma_XBP1,Ambiguous/Mixed,False
29,30,4,26,0.7971347417809557,0.4534631065508823,Plasma_XBP1,Ambiguous/Mixed,False
29,30,4,27,0.9880840975319058,0.02397493179452688,Plasma_XBP1,Ambiguous/Mixed,False
29,30,4,28,0.6330259654884928,0.9144876759003807,Plasma_XBP1,Ambiguous/Mixed,False
29,30,4,29,0.9878489694923328,0.024450915611199317,Plasma_XBP1,Ambiguous/Mixed,False
29,30,4,30,0.4992321079734115,1.3893682902765878,Plasma_XBP1,Ambiguous/Mixed,False
29,30,5,1,0.08226920276599947,4.995516896613009,Tumor/Epithelials,Tumor/Epithelials,True
29,30,5,2,0.20525178144153267,3.167035702626343,Tumor/Epithelials,Ambiguous/Mixed,False
29,30,5,3,0.3096568821503508,2.344580852533308,Tumor/Epithelials,Ambiguous/Mixed,False
29,30,5,4,0.40106959327632413,1.8272406348319838,Tumor/Epithelials,Fibroblasts/Stromal,False
29,30,5,5,0.31161149958785844,2.331996121398124,Tumor/Epithelials,Endothelials,False
29,30,5,6,0.21347790605591827,3.08844387236791,Tumor/Epithelials,Ambiguous/Mixed,False
29,30,5,7,0.23095677676528945,2.9310493990768944,Tumor/Epithelials,Ambiguous/Mixed,False
29,30,5,8,0.24388262450141857,2.822136433109113,Tumor/Epithelials,Ambiguous/Mixed,False
29,30,5,9,0.23537442004424827,2.893155511945626,Tumor/Epithelials,Ambiguous/Mixed,False
29,30,5,10,0.26591319454625656,2.6491707195039633,Tumor/Epithelials,Ambiguous/Mixed,False
29,30,5,11,0.2664401963145693,2.64521092926302,Tumor/Epithelials,Ambiguous/Mixed,False
29,30,5,12,0.2714467380114483,2.607978671213473,Tumor/Epithelials,Ambiguous/Mixed,False
29,30,5,13,0.1822534186984164,3.4047142999579068,Tumor/Epithelials,Ambiguous/Mixed,False
29,30,5,14,0.24920117062100186,2.778989589127627,Tumor/Epithelials,Ambiguous/Mixed,False
29,30,5,15,0.2506581135467463,2.7673307315432045,Tumor/Epithelials,Ambiguous/Mixed,False
29,30,5,16,0.29322579962105294,2.453624639180596,Tumor/Epithelials,Ambiguous/Mixed,False
29,30,5,17,0.24223141173833262,2.8357235257712006,Tumor/Epithelials,Ambiguous/Mixed,False
29,30,5,18,0.23405325994320691,2.904413165855971,Tumor/Epithelials,Ambiguous/Mixed,False
29,30,5,19,0.24680006531564808,2.798353444601651,Tumor/Epithelials,Ambiguous/Mixed,False
29,30,5,20,0.24034137299406416,2.851389957599428,Tumor/Epithelials,Ambiguous/Mixed,False
29,30,5,21,0.24222952861916439,2.8357390739321473,Tumor/Epithelials,Ambiguous/Mixed,False
29,30,5,22,0.19212161451478207,3.2992533970839335,Tumor/Epithelials,Ambiguous/Mixed,False
29,30,5,23,0.2388335080519149,2.863977177664102,Tumor/Epithelials,Ambiguous/Mixed,False
29,30,5,24,0.27742336049574107,2.564421124667299,Tumor/Epithelials,Ambiguous/Mixed,False
29,30,5,25,0.28323256683392606,2.5229738557831696,Tumor/Epithelials,Ambiguous/Mixed,False
29,30,5,26,0.27699818142625254,2.5674886761290714,Tumor/Epithelials,Ambiguous/Mixed,False
29,30,5,27,0.23490155886659772,2.8971775020808983,Tumor/Epithelials,Ambiguous/Mixed,False
29,30,5,28,0.33143483399791557,2.2086481357445,Tumor/Epithelials,Ambiguous/Mixed,False
29,30,5,29,0.23256530891506977,2.9171683896798,Tumor/Epithelials,Ambiguous/Mixed,False
29,30,5,30,0.23003727685234435,2.939027819840666,Tumor/Epithelials,Ambiguous/Mixed,False
29,30,6,1,0.14070682919188732,3.9221535575678295,Tumor/Epithelials,Tumor/Epithelials,True
29,30,6,2,0.24914707221570914,2.779423810829281,Tumor/Epithelials,Ambiguous/Mixed,False
29,30,6,3,0.4795231960010435,1.4699260208709743,Tumor/Epithelials,Ambiguous/Mixed,False
29,30,6,4,0.5855363657846022,1.070453974449626,Tumor/Epithelials,Fibroblasts/Stromal,False
29,30,6,5,0.39978307634744514,1.83366637621665,Tumor/Epithelials,Endothelials,False
29,30,6,6,0.33414929400867055,2.192334795649848,Tumor/Epithelials,Ambiguous/Mixed,False
29,30,6,7,0.30762968775589106,2.357717063693892,Tumor/Epithelials,Ambiguous/Mixed,False
29,30,6,8,0.3096960620021569,2.3443278152160354,Tumor/Epithelials,Ambiguous/Mixed,False
29,30,6,9,0.30528342276888915,2.373029357769762,Tumor/Epithelials,Ambiguous/Mixed,False
29,30,6,10,0.34630315528343186,2.1208814323981287,Tumor/Epithelials,Ambiguous/Mixed,False
29,30,6,11,0.3553047288804862,2.0695589330022512,Tumor/Epithelials,Ambiguous/Mixed,False
29,30,6,12,0.35389413576885453,2.077514924147181,Tumor/Epithelials,Ambiguous/Mixed,False
29,30,6,13,0.25483587443150213,2.734271141445194,Tumor/Epithelials,Ambiguous/Mixed,False
29,30,6,14,0.32064219518272863,2.2748588685912146,Tumor/Epithelials,Ambiguous/Mixed,False
29,30,6,15,0.3188619326902872,2.2859941655418705,Tumor/Epithelials,Ambiguous/Mixed,False
29,30,6,16,0.23211655483023155,2.9210312839251427,Tumor/Epithelials,Ambiguous/Mixed,False
29,30,6,17,0.32435806265902195,2.2518144834692486,Tumor/Epithelials,Ambiguous/Mixed,False
29,30,6,18,0.30149786370182996,2.3979846968121388,Tumor/Epithelials,Ambiguous/Mixed,False
29,30,6,19,0.31420713121624516,2.3154057139894704,Tumor/Epithelials,Ambiguous/Mixed,False
29,30,6,20,0.30678353101752165,2.363225781589027,Tumor/Epithelials,Ambiguous/Mixed,False
29,30,6,21,0.31032337446180086,2.3402807635476295,Tumor/Epithelials,Ambiguous/Mixed,False
29,30,6,22,0.15941476408405794,3.672491788108327,Tumor/Epithelials,Ambiguous/Mixed,False
29,30,6,23,0.30846552030130003,2.3522904150378383,Tumor/Epithelials,Ambiguous/Mixed,False
29,30,6,24,0.3662408376662769,2.0089282711492573,Tumor/Epithelials,Ambiguous/Mixed,False
29,30,6,25,0.22389534810695605,2.993153064496437,Tumor/Epithelials,Ambiguous/Mixed,False
29,30,6,26,0.36063518685449053,2.0397767886839677,Tumor/Epithelials,Ambiguous/Mixed,False
29,30,6,27,0.30122932818296966,2.399766833342523,Tumor/Epithelials,Ambiguous/Mixed,False
29,30,6,28,0.2618213833252451,2.6801855014938205,Tumor/Epithelials,Ambiguous/Mixed,False
29,30,6,29,0.2981205831801946,2.4205144655555344,Tumor/Epithelials,Ambiguous/Mixed,False
29,30,6,30,0.19089112405282113,3.312104089204171,Tumor/Epithelials,Ambiguous/Mixed,False
29,30,7,1,0.05675054551573615,5.73818002010947,Ambiguous/Mixed,Tumor/Epithelials,False
29,30,7,2,0.8831019622168143,0.24862922509077895,Ambiguous/Mixed,Ambiguous/Mixed,True
29,30,7,3,0.9384411957169223,0.12707016530470314,Ambiguous/Mixed,Ambiguous/Mixed,True
29,30,7,4,0.2212984419733325,3.0164861445746407,Ambiguous/Mixed,Fibroblasts/Stromal,False
29,30,7,5,0.14783163751847642,3.8233624741856684,Ambiguous/Mixed,Endothelials,False
29,30,7,6,0.8439869407039797,0.3392365152108794,Ambiguous/Mixed,Ambiguous/Mixed,True
29,30,7,7,0.9193922505353653,0.16808484894743747,Ambiguous/Mixed,Ambiguous/Mixed,True
29,30,7,8,0.9459919148716018,0.11104251322827383,Ambiguous/Mixed,Ambiguous/Mixed,True
29,30,7,9,0.9346603912766831,0.1351440671178878,Ambiguous/Mixed,Ambiguous/Mixed,True
29,30,7,10,0.6330058632281245,0.9145511885543727,Ambiguous/Mixed,Ambiguous/Mixed,True
29,30,7,11,0.945956785020369,0.11111678554070803,Ambiguous/Mixed,Ambiguous/Mixed,True
29,30,7,12,0.6353490197400717,0.9071615873976155,Ambiguous/Mixed,Ambiguous/Mixed,True
29,30,7,13,0.5576423247705967,1.168075034321496,Ambiguous/Mixed,Ambiguous/Mixed,True
29,30,7,14,0.940657534563856,0.12235228680482327,Ambiguous/Mixed,Ambiguous/Mixed,True
29,30,7,15,0.940040283867157,0.12366509891703553,Ambiguous/Mixed,Ambiguous/Mixed,True
29,30,7,16,0.6565105977213843,0.8416328852208511,Ambiguous/Mixed,Ambiguous/Mixed,True
29,30,7,17,0.942581954406604,0.11826481832542268,Ambiguous/Mixed,Ambiguous/Mixed,True
29,30,7,18,0.9397296259006984,0.12432615422528911,Ambiguous/Mixed,Ambiguous/Mixed,True
29,30,7,19,0.9403649669135088,0.12297443279717948,Ambiguous/Mixed,Ambiguous/Mixed,True
29,30,7,20,0.939366066752109,0.12510005659662068,Ambiguous/Mixed,Ambiguous/Mixed,True
29,30,7,21,0.9447762888048578,0.1136142218742634,Ambiguous/Mixed,Ambiguous/Mixed,True
29,30,7,22,0.5753190676590623,1.1056609836167697,Ambiguous/Mixed,Ambiguous/Mixed,True
29,30,7,23,0.9396140161182078,0.12457221839376055,Ambiguous/Mixed,Ambiguous/Mixed,True
29,30,7,24,0.6359608052084005,0.9052366891437104,Ambiguous/Mixed,Ambiguous/Mixed,True
29,30,7,25,0.6521636373769688,0.8549195419460963,Ambiguous/Mixed,Ambiguous/Mixed,True
29,30,7,26,0.634560206696582,0.9096462158372528,Ambiguous/Mixed,Ambiguous/Mixed,True
29,30,7,27,0.9401394726861954,0.12345407905303657,Ambiguous/Mixed,Ambiguous/Mixed,True
29,30,7,28,0.43843657226489474,1.6490802493813737,Ambiguous/Mixed,Ambiguous/Mixed,True
29,30,7,29,0.9406363548091233,0.12239731911977048,Ambiguous/Mixed,Ambiguous/Mixed,True
29,30,7,30,0.3846593573077831,1.9107942451245246,Ambiguous/Mixed,Ambiguous/Mixed,True
29,30,8,1,0.09931929495062701,4.618830834265403,Fibroblasts/Stromal,Tumor/Epithelials,False
29,30,8,2,0.6426678647666175,0.884254456436169,Fibroblasts/Stromal,Ambiguous/Mixed,False
29,30,8,3,0.7739193365209165,0.5125752544091183,Fibroblasts/Stromal,Ambiguous/Mixed,False
29,30,8,4,0.32454322964489857,2.2506730649324163,Fibroblasts/Stromal,Fibroblasts/Stromal,True
29,30,8,5,0.25411586710081296,2.739929892578244,Fibroblasts/Stromal,Endothelials,False
29,30,8,6,0.806252402219108,0.43071686276005094,Fibroblasts/Stromal,Ambiguous/Mixed,False
29,30,8,7,0.7307888398829967,0.6272614513819067,Fibroblasts/Stromal,Ambiguous/Mixed,False
29,30,8,8,0.792465279200154,0.4652131718505699,Fibroblasts/Stromal,Ambiguous/Mixed,False
29,30,8,9,0.7432199159697775,0.5935265885007208,Fibroblasts/Stromal,Ambiguous/Mixed,False
29,30,8,10,0.5493082583997676,1.1981910086791467,Fibroblasts/Stromal,Ambiguous/Mixed,False
29,30,8,11,0.8053027172403571,0.43307405197987037,Fibroblasts/Stromal,Ambiguous/Mixed,False
29,30,8,12,0.551952982209492,1.1885848269790786,Fibroblasts/Stromal,Ambiguous/Mixed,False
29,30,8,13,0.4537289421565836,1.5805106059006442,Fibroblasts/Stromal,Ambiguous/Mixed,False
29,30,8,14,0.781662068881984,0.4926655376289575,Fibroblasts/Stromal,Ambiguous/Mixed,False
29,30,8,15,0.7737106755153438,0.5131145590367472,Fibroblasts/Stromal,Ambiguous/Mixed,False
29,30,8,16,0.6137771652771958,0.9762466794175901,Fibroblasts/Stromal,Ambiguous/Mixed,False
29,30,8,17,0.7780545554184043,0.5019172692329188,Fibroblasts/Stromal,Ambiguous/Mixed,False
29,30,8,18,0.7640224651146515,0.538316171295188,Fibroblasts/Stromal,Ambiguous/Mixed,False
29,30,8,19,0.771855126495834,0.5179168130943753,Fibroblasts/Stromal,Ambiguous/Mixed,False
29,30,8,20,0.7711264396396871,0.5198058490396189,Fibroblasts/Stromal,Ambiguous/Mixed,False
29,30,8,21,0.7730729140894096,0.5147638174497813,Fibroblasts/Stromal,Ambiguous/Mixed,False
29,30,8,22,0.5028430330253877,1.3749544383269816,Fibroblasts/Stromal,Ambiguous/Mixed,False
29,30,8,23,0.7656673255320956,0.5340150088988436,Fibroblasts/Stromal,Ambiguous/Mixed,False
29,30,8,24,0.5542207883945104,1.1803842732413892,Fibroblasts/Stromal,Ambiguous/Mixed,False
29,30,8,25,0.607037960941455,0.9983279025191093,Fibroblasts/Stromal,Ambiguous/Mixed,False
29,30,8,26,0.5513282848625514,1.1908496978958423,Fibroblasts/Stromal,Ambiguous/Mixed,False
29,30,8,27,0.7642956856659732,0.5376010831334916,Fibroblasts/Stromal,Ambiguous/Mixed,False
29,30,8,28,0.43509348527623265,1.6643887246040419,Fibroblasts/Stromal,Ambiguous/Mixed,False
29,30,8,29,0.7638653659367235,0.5387274558811086,Fibroblasts/Stromal,Ambiguous/Mixed,False
29,30,8,30,0.35728569542802446,2.058439099880504,Fibroblasts/Stromal,Ambiguous/Mixed,False
29,30,9,1,0.11254793562174827,4.368752107349138,Fibroblasts/Stromal,Tumor/Epithelials,False
29,30,9,2,0.7098844168622497,0.6853062307015606,Fibroblasts/Stromal,Ambiguous/Mixed,False
29,30,9,3,0.8054943941709011,0.43259807165909414,Fibroblasts/Stromal,Ambiguous/Mixed,False
29,30,9,4,0.3800735909728389,1.9347807691132632,Fibroblasts/Stromal,Fibroblasts/Stromal,True
29,30,9,5,0.2919146070306518,2.4625879223182214,Fibroblasts/Stromal,Endothelials,False
29,30,9,6,0.6146198628123705,0.9735026230641464,Fibroblasts/Stromal,Ambiguous/Mixed,False
29,30,9,7,0.6766313881595972,0.781257265396522,Fibroblasts/Stromal,Ambiguous/Mixed,False
29,30,9,8,0.7824466593365144,0.4906590517467868,Fibroblasts/Stromal,Ambiguous/Mixed,False
29,30,9,9,0.7519292146088692,0.57022617794448,Fibroblasts/Stromal,Ambiguous/Mixed,False
29,30,9,10,0.6084979446970362,0.993523488430178,Fibroblasts/Stromal,Ambiguous/Mixed,False
29,30,9,11,0.7967827105714022,0.45434654305446753,Fibroblasts/Stromal,Ambiguous/Mixed,False
29,30,9,12,0.6118657339541006,0.9824848190059561,Fibroblasts/Stromal,Ambiguous/Mixed,False
29,30,9,13,0.4659583727604357,1.5273179553736327,Fibroblasts/Stromal,Ambiguous/Mixed,False
29,30,9,14,0.7824736649466937,0.490590024308743,Fibroblasts/Stromal,Ambiguous/Mixed,False
29,30,9,15,0.7702238220325877,0.5221482568173248,Fibroblasts/Stromal,Ambiguous/Mixed,False
29,30,9,16,0.5832798357293345,1.0781764302332124,Fibroblasts/Stromal,Ambiguous/Mixed,False
29,30,9,17,0.7706044223742823,0.5211602158703423,Fibroblasts/Stromal,Ambiguous/Mixed,False
29,30,9,18,0.7642534723206805,0.5377115495717684,Fibroblasts/Stromal,Ambiguous/Mixed,False
29,30,9,19,0.7672149713955517,0.5299764825425136,Fibroblasts/Stromal,Ambiguous/Mixed,False
29,30,9,20,0.7474292458583378,0.5822312651348396,Fibroblasts/Stromal,Ambiguous/Mixed,False
29,30,9,21,0.7696164702051198,0.5237259577309196,Fibroblasts/Stromal,Ambiguous/Mixed,False
29,30,9,22,0.4525727337396383,1.585613582425779,Fibroblasts/Stromal,Ambiguous/Mixed,False
29,30,9,23,0.7661056217075025,0.5328704628010461,Fibroblasts/Stromal,Ambiguous/Mixed,False
29,30,9,24,0.6126306307967732,0.9799861690656875,Fibroblasts/Stromal,Ambiguous/Mixed,False
29,30,9,25,0.5860514499645236,1.0686953893698425,Fibroblasts/Stromal,Ambiguous/Mixed,False
29,30,9,26,0.6103167178896244,0.9875544938047066,Fibroblasts/Stromal,Ambiguous/Mixed,False
29,30,9,27,0.7598345322252533,0.549309180325221,Fibroblasts/Stromal,Ambiguous/Mixed,False
29,30,9,28,0.4600634669075147,1.5527816549562363,Fibroblasts/Stromal,Ambiguous/Mixed,False
29,30,9,29,0.7632781195348762,0.5402656124102873,Fibroblasts/Stromal,Ambiguous/Mixed,False
29,30,9,30,0.35784691670996766,2.0552999819735183,Fibroblasts/Stromal,Ambiguous/Mixed,False
29,30,10,1,0.04096340451581512,6.3901523672862135,Ambiguous/Mixed,Tumor/Epithelials,False
29,30,10,2,0.9843991249724007,0.03144769871996512,Ambiguous/Mixed,Ambiguous/Mixed,True
29,30,10,3,0.9371679434640041,0.12978555503469813,Ambiguous/Mixed,Ambiguous/Mixed,True
29,30,10,4,0.16198374554556152,3.6405185698445384,Ambiguous/Mixed,Fibroblasts/Stromal,False
29,30,10,5,0.12477968633656689,4.1624112120685774,Ambiguous/Mixed,Endothelials,False
29,30,10,6,0.5297026742364844,1.270878843714987,Ambiguous/Mixed,Ambiguous/Mixed,True
29,30,10,7,0.9997171144148785,0.0005658512095922804,Ambiguous/Mixed,Ambiguous/Mixed,True
29,30,10,8,0.9781537878134804,0.044176748112651314,Ambiguous/Mixed,Ambiguous/Mixed,True
29,30,10,9,0.9928986064586564,0.014253456899622928,Ambiguous/Mixed,Ambiguous/Mixed,True
29,30,10,10,0.8456595449450393,0.33527685903046384,Ambiguous/Mixed,Ambiguous/Mixed,True
29,30,10,11,0.9788288904620802,0.04279686328715052,Ambiguous/Mixed,Ambiguous/Mixed,True
29,30,10,12,0.8452786128020654,0.3361779733560769,Ambiguous/Mixed,Ambiguous/Mixed,True
29,30,10,13,0.6345419271052601,0.909703830085425,Ambiguous/Mixed,Ambiguous/Mixed,True
29,30,10,14,0.9875230410254532,0.02511089959011955,Ambiguous/Mixed,Ambiguous/Mixed,True
29,30,10,15,0.9883482391719638,0.0234403490785386,Ambiguous/Mixed,Ambiguous/Mixed,True
29,30,10,16,0.7674963006981623,0.5292432389392971,Ambiguous/Mixed,Ambiguous/Mixed,True
29,30,10,17,0.9884941973226347,0.023145013146364093,Ambiguous/Mixed,Ambiguous/Mixed,True
29,30,10,18,0.9911461822776042,0.017786491328515577,Ambiguous/Mixed,Ambiguous/Mixed,True
29,30,10,19,0.989069624686087,0.021981101522803036,Ambiguous/Mixed,Ambiguous/Mixed,True
29,30,10,20,0.9899968858179973,0.020106962993671134,Ambiguous/Mixed,Ambiguous/Mixed,True
29,30,10,21,0.987953056054509,0.02424019295593991,Ambiguous/Mixed,Ambiguous/Mixed,True
29,30,10,22,0.5752999002497379,1.1057276170023151,Ambiguous/Mixed,Ambiguous/Mixed,True
29,30,10,23,0.9910706582938046,0.017938894400248893,Ambiguous/Mixed,Ambiguous/Mixed,True
29,30,10,24,0.8452997890803937,0.33612786913540116,Ambiguous/Mixed,Ambiguous/Mixed,True
29,30,10,25,0.7683165516214698,0.5271069083308919,Ambiguous/Mixed,Ambiguous/Mixed,True
29,30,10,26,0.8459995411935353,0.33447292340097434,Ambiguous/Mixed,Ambiguous/Mixed,True
29,30,10,27,0.9907020005671551,0.018682991316216962,Ambiguous/Mixed,Ambiguous/Mixed,True
29,30,10,28,0.6551842353922245,0.8456776149788404,Ambiguous/Mixed,Ambiguous/Mixed,True
29,30,10,29,0.990067877462077,0.01996355022167147,Ambiguous/Mixed,Ambiguous/Mixed,True
29,30,10,30,0.49003740764269005,1.4265470973268757,Ambiguous/Mixed,Ambiguous/Mixed,True
29,30,11,1,0.0962119612625776,4.682403183181809,Endothelials,Tumor/Epithelials,False
29,30,11,2,0.7887540893072365,0.47460136119698226,Endothelials,Ambiguous/Mixed,False
29,30,11,3,0.8198049122873395,0.3973777577481171,Endothelials,Ambiguous/Mixed,False
29,30,11,4,0.342499137943017,2.142972276475439,Endothelials,Fibroblasts/Stromal,False
29,30,11,5,0.25577631822918706,2.726903946735781,Endothelials,Endothelials,True
29,30,11,6,0.46029326611943944,1.551782915191735,Endothelials,Ambiguous/Mixed,False
29,30,11,7,0.8124768168686873,0.4153357965400265,Endothelials,Ambiguous/Mixed,False
29,30,11,8,0.771592715204614,0.5185968783007492,Endothelials,Ambiguous/Mixed,False
29,30,11,9,0.7594462368936641,0.550331493903952,Endothelials,Ambiguous/Mixed,False
29,30,11,10,0.959668243911409,0.08233526701095342,Endothelials,Ambiguous/Mixed,False
29,30,11,11,0.7838547113271862,0.4870631859795836,Endothelials,Ambiguous/Mixed,False
29,30,11,12,0.9616076086603267,0.07829760546431566,Endothelials,Ambiguous/Mixed,False
29,30,11,13,0.809111231830087,0.4236377567669709,Endothelials,Ambiguous/Mixed,False
29,30,11,14,0.7816409048913907,0.4927196896159994,Endothelials,Ambiguous/Mixed,False
29,30,11,15,0.7744799921950373,0.511126905296005,Endothelials,Ambiguous/Mixed,False
29,30,11,16,0.5602033303112448,1.1589109426251971,Endothelials,Ambiguous/Mixed,False
29,30,11,17,0.7774561099814886,0.5034561734134,Endothelials,Ambiguous/Mixed,False
29,30,11,18,0.7680830794059345,0.5277147507505788,Endothelials,Ambiguous/Mixed,False
29,30,11,19,0.774156348067066,0.5119628514100636,Endothelials,Ambiguous/Mixed,False
29,30,11,20,0.776061379264572,0.5070473298729851,Endothelials,Ambiguous/Mixed,False
29,30,11,21,0.7535353814523954,0.5659586117535809,Endothelials,Ambiguous/Mixed,False
29,30,11,22,0.4530913947274219,1.5833228389672165,Endothelials,Ambiguous/Mixed,False
29,30,11,23,0.7743648912288121,0.5114241615743291,Endothelials,Ambiguous/Mixed,False
29,30,11,24,0.9650186172917177,0.0712157705979444,Endothelials,Ambiguous/Mixed,False
29,30,11,25,0.5538866648640991,1.1815903784419441,Endothelials,Ambiguous/Mixed,False
29,30,11,26,0.9627956717574665,0.07582813711499516,Endothelials,Ambiguous/Mixed,False
29,30,11,27,0.7662484701873349,0.5324975764531669,Endothelials,Ambiguous/Mixed,False
29,30,11,28,0.7028754826472903,0.7051510513883077,Endothelials,Ambiguous/Mixed,False
29,30,11,29,0.7556599039355553,0.5603277330804227,Endothelials,Ambiguous/Mixed,False
29,30,11,30,0.5907285532818023,1.0527973355890556,Endothelials,Ambiguous/Mixed,False
29,30,12,1,0.11983487016391844,4.243281131675418,Endothelials,Tumor/Epithelials,False
29,30,12,2,0.5570749999440539,1.1701107966190671,Endothelials,Ambiguous/Mixed,False
29,30,12,3,0.7292628305311903,0.63144215248556,Endothelials,Ambiguous/Mixed,False
29,30,12,4,0.41630829940780867,1.752658377714801,Endothelials,Fibroblasts/Stromal,False
29,30,12,5,0.3494724896948045,2.1026608674518292,Endothelials,Endothelials,True
29,30,12,6,0.4082911692327078,1.7915494180498786,Endothelials,Ambiguous/Mixed,False
29,30,12,7,0.6500228932024403,0.8614953928024562,Endothelials,Ambiguous/Mixed,False
29,30,12,8,0.6343153589962316,0.9104180730942115,Endothelials,Ambiguous/Mixed,False
29,30,12,9,0.5983991725049207,1.0269944703377614,Endothelials,Ambiguous/Mixed,False
29,30,12,10,0.7514590830396871,0.5714770366487608,Endothelials,Ambiguous/Mixed,False
29,30,12,11,0.6449583765208711,0.8771389935889179,Endothelials,Ambiguous/Mixed,False
29,30,12,12,0.7548857101997796,0.5623778368212698,Endothelials,Ambiguous/Mixed,False
29,30,12,13,0.5452276771562974,1.2131036306093073,Endothelials,Ambiguous/Mixed,False
29,30,12,14,0.6260819053209591,0.9365481545397502,Endothelials,Ambiguous/Mixed,False
29,30,12,15,0.6224270058760586,0.9482578343111535,Endothelials,Ambiguous/Mixed,False
29,30,12,16,0.4693753839043744,1.5127048771172285,Endothelials,Ambiguous/Mixed,False
29,30,12,17,0.6265033053543007,0.9352024575104436,Endothelials,Ambiguous/Mixed,False
29,30,12,18,0.6094294646235434,0.9904641267604467,Endothelials,Ambiguous/Mixed,False
29,30,12,19,0.6171215305638063,0.9653786087063905,Endothelials,Ambiguous/Mixed,False
29,30,12,20,0.6201618598989498,0.9555495413224471,Endothelials,Ambiguous/Mixed,False
29,30,12,21,0.6038636951511651,1.0088135535884384,Endothelials,Ambiguous/Mixed,False
29,30,12,22,0.32383789943096836,2.2550243975701214,Endothelials,Ambiguous/Mixed,False
29,30,12,23,0.6152287376284856,0.971522298443236,Endothelials,Ambiguous/Mixed,False
29,30,12,24,0.7576694088353454,0.5550162491518088,Endothelials,Ambiguous/Mixed,False
29,30,12,25,0.4602353256470811,1.5520346856329927,Endothelials,Ambiguous/Mixed,False
29,30,12,26,0.7537092355985208,0.5654972290558298,Endothelials,Ambiguous/Mixed,False
29,30,12,27,0.6079165113448941,0.9954354466234894,Endothelials,Ambiguous/Mixed,False
29,30,12,28,0.5742398192834022,1.1094163325771673,Endothelials,Ambiguous/Mixed,False
29,30,12,29,0.5988520468621887,1.0254814232126748,Endothelials,Ambiguous/Mixed,False
29,30,12,30,0.41276065999336,1.7697747395196766,Endothelials,Ambiguous/Mixed,False
29,30,13,1,0.06441323757317904,5.484872229232536,Ambiguous/Mixed,Tumor/Epithelials,False
29,30,13,2,0.9655869147187559,0.07003832148360242,Ambiguous/Mixed,Ambiguous/Mixed,True
29,30,13,3,0.9383922386647682,0.1271745049893409,Ambiguous/Mixed,Ambiguous/Mixed,True
29,30,13,4,0.22086927459534894,3.0203685402961686,Ambiguous/Mixed,Fibroblasts/Stromal,False
29,30,13,5,0.16930658637112764,3.5520881740982113,Ambiguous/Mixed,Endothelials,False
29,30,13,6,0.6357145755551056,0.9060111938957777,Ambiguous/Mixed,Ambiguous/Mixed,True
29,30,13,7,0.9752774794175626,0.050066508398270884,Ambiguous/Mixed,Ambiguous/Mixed,True
29,30,13,8,0.992693844739803,0.014665951859413065,Ambiguous/Mixed,Ambiguous/Mixed,True
29,30,13,9,0.9915332445458436,0.017005604074792117,Ambiguous/Mixed,Ambiguous/Mixed,True
29,30,13,10,0.7831701941474828,0.488810489984392,Ambiguous/Mixed,Ambiguous/Mixed,True
29,30,13,11,0.999602395772485,0.0007953665860688586,Ambiguous/Mixed,Ambiguous/Mixed,True
29,30,13,12,0.7840448910860944,0.4865780024651592,Ambiguous/Mixed,Ambiguous/Mixed,True
29,30,13,13,0.6259408036907399,0.9369989502954532,Ambiguous/Mixed,Ambiguous/Mixed,True
29,30,13,14,0.9955002099788078,0.009019889099849151,Ambiguous/Mixed,Ambiguous/Mixed,True
29,30,13,15,0.9968705052028092,0.006268803813113811,Ambiguous/Mixed,Ambiguous/Mixed,True
29,30,13,16,0.7681582974111575,0.5275189013055158,Ambiguous/Mixed,Ambiguous/Mixed,True
29,30,13,17,0.9970465386714312,0.0059156628043236115,Ambiguous/Mixed,Ambiguous/Mixed,True
29,30,13,18,0.9935934705513334,0.012854278661644299,Ambiguous/Mixed,Ambiguous/Mixed,True
29,30,13,19,0.9961718691064212,0.007670953880786941,Ambiguous/Mixed,Ambiguous/Mixed,True
29,30,13,20,0.9956973421416309,0.00862388185635457,Ambiguous/Mixed,Ambiguous/Mixed,True
29,30,13,21,0.9952610309715891,0.009500467088710052,Ambiguous/Mixed,Ambiguous/Mixed,True
29,30,13,22,0.6137575359309075,0.97631064289258,Ambiguous/Mixed,Ambiguous/Mixed,True
29,30,13,23,0.9944057691792232,0.011219874267796267,Ambiguous/Mixed,Ambiguous/Mixed,True
29,30,13,24,0.7859566779000544,0.4817072104948823,Ambiguous/Mixed,Ambiguous/Mixed,True
29,30,13,25,0.7681976585773134,0.5274164220174029,Ambiguous/Mixed,Ambiguous/Mixed,True
29,30,13,26,0.785146672071189,0.4837694704999894,Ambiguous/Mixed,Ambiguous/Mixed,True
29,30,13,27,0.9943067414809249,0.01141905378288314,Ambiguous/Mixed,Ambiguous/Mixed,True
29,30,13,28,0.6048891031565548,1.005420276641152,Ambiguous/Mixed,Ambiguous/Mixed,True
29,30,13,29,0.9942994598223861,0.011433700541067968,Ambiguous/Mixed,Ambiguous/Mixed,True
29,30,13,30,0.4820920645770895,1.4592403556481537,Ambiguous/Mixed,Ambiguous/Mixed,True
29,30,14,1,0.05608642158351692,5.761723070518556,Ambiguous/Mixed,Tumor/Epithelials,False
29,30,14,2,0.9753806252302027,0.04985499862628041,Ambiguous/Mixed,Ambiguous/Mixed,True
29,30,14,3,0.9338796888984322,0.13681532358589243,Ambiguous/Mixed,Ambiguous/Mixed,True
29,30,14,4,0.19240135326748753,3.2963434143209334,Ambiguous/Mixed,Fibroblasts/Stromal,False
29,30,14,5,0.15251762910849148,3.760950177808997,Ambiguous/Mixed,Endothelials,False
29,30,14,6,0.6160149516152914,0.9689680872808686,Ambiguous/Mixed,Ambiguous/Mixed,True
29,30,14,7,0.9830047603263383,0.03428263239056746,Ambiguous/Mixed,Ambiguous/Mixed,True
29,30,14,8,0.9931050099038391,0.013837740746388728,Ambiguous/Mixed,Ambiguous/Mixed,True
29,30,14,9,0.9955082584103402,0.009003719542240067,Ambiguous/Mixed,Ambiguous/Mixed,True
29,30,14,10,0.7898199061416439,0.471900652837574,Ambiguous/Mixed,Ambiguous/Mixed,True
29,30,14,11,0.9957869724480172,0.008443854716215504,Ambiguous/Mixed,Ambiguous/Mixed,True
29,30,14,12,0.7902986778607374,0.47068866346261873,Ambiguous/Mixed,Ambiguous/Mixed,True
29,30,14,13,0.6117154970627169,0.9829759572755872,Ambiguous/Mixed,Ambiguous/Mixed,True
29,30,14,14,0.9949005493016612,0.010224994539030367,Ambiguous/Mixed,Ambiguous/Mixed,True
29,30,14,15,0.9981589767151279,0.0036854401021675295,Ambiguous/Mixed,Ambiguous/Mixed,True
29,30,14,16,0.8031680007987334,0.4383827409626064,Ambiguous/Mixed,Ambiguous/Mixed,True
29,30,14,17,0.9977494460941436,0.004506180416805742,Ambiguous/Mixed,Ambiguous/Mixed,True
29,30,14,18,0.9956185933962499,0.008782066188667835,Ambiguous/Mixed,Ambiguous/Mixed,True
29,30,14,19,0.9975374466386249,0.004931180865791291,Ambiguous/Mixed,Ambiguous/Mixed,True
29,30,14,20,0.9981500814233536,0.003703263578423454,Ambiguous/Mixed,Ambiguous/Mixed,True
29,30,14,21,0.9967766267072272,0.0064571591025704145,Ambiguous/Mixed,Ambiguous/Mixed,True
29,30,14,22,0.6220847214130191,0.9493579749178337,Ambiguous/Mixed,Ambiguous/Mixed,True
29,30,14,23,0.9959625820376315,0.008091180677104706,Ambiguous/Mixed,Ambiguous/Mixed,True
29,30,14,24,0.7917238709491393,0.467085191501947,Ambiguous/Mixed,Ambiguous/Mixed,True
29,30,14,25,0.8036695350122403,0.4371342408034646,Ambiguous/Mixed,Ambiguous/Mixed,True
29,30,14,26,0.7914063551215295,0.46788743967240953,Ambiguous/Mixed,Ambiguous/Mixed,True
29,30,14,27,0.9964079591661468,0.007197015406693312,Ambiguous/Mixed,Ambiguous/Mixed,True
29,30,14,28,0.6371490722533004,0.9015032568265411,Ambiguous/Mixed,Ambiguous/Mixed,True
29,30,14,29,0.9961024196127017,0.00781039149565926,Ambiguous/Mixed,Ambiguous/Mixed,True
29,30,14,30,0.4917635139177338,1.4195146816280833,Ambiguous/Mixed,Ambiguous/Mixed,True
29,30,15,1,0.04861636762446524,6.047590044755493,Ambiguous/Mixed,Tumor/Epithelials,False
29,30,15,2,0.9790399332779618,0.04236569483676226,Ambiguous/Mixed,Ambiguous/Mixed,True
29,30,15,3,0.9441326654327229,0.11497717458958576,Ambiguous/Mixed,Ambiguous/Mixed,True
29,30,15,4,0.17741727818708122,3.4585016341578925,Ambiguous/Mixed,Fibroblasts/Stromal,False
29,30,15,5,0.1390138736277962,3.946363081120488,Ambiguous/Mixed,Endothelials,False
29,30,15,6,0.5964381395449289,1.0335594970607853,Ambiguous/Mixed,Ambiguous/Mixed,True
29,30,15,7,0.9859368904119136,0.02832586419076447,Ambiguous/Mixed,Ambiguous/Mixed,True
29,30,15,8,0.9941959309081978,0.01164195632031596,Ambiguous/Mixed,Ambiguous/Mixed,True
29,30,15,9,0.9960624806993035,0.007890583478556597,Ambiguous/Mixed,Ambiguous/Mixed,True
29,30,15,10,0.7861822041965919,0.48113340292443735,Ambiguous/Mixed,Ambiguous/Mixed,True
29,30,15,11,0.9921420381228091,0.015777996711029793,Ambiguous/Mixed,Ambiguous/Mixed,True
29,30,15,12,0.7862599988830695,0.48093550773594973,Ambiguous/Mixed,Ambiguous/Mixed,True
29,30,15,13,0.625427146057415,0.9386408579766503,Ambiguous/Mixed,Ambiguous/Mixed,True
29,30,15,14,0.9978319439078528,0.004340819456497337,Ambiguous/Mixed,Ambiguous/Mixed,True
29,30,15,15,0.998199675370284,0.0036038943235685555,Ambiguous/Mixed,Ambiguous/Mixed,True
29,30,15,16,0.7903576455240637,0.4705394402254576,Ambiguous/Mixed,Ambiguous/Mixed,True
29,30,15,17,0.9975757833367588,0.004854319668015183,Ambiguous/Mixed,Ambiguous/Mixed,True
29,30,15,18,0.9997263161932922,0.000547442529910961,Ambiguous/Mixed,Ambiguous/Mixed,True
29,30,15,19,0.9987353091888079,0.0025309824150463395,Ambiguous/Mixed,Ambiguous/Mixed,True
29,30,15,20,0.998657940915916,0.002685920903852272,Ambiguous/Mixed,Ambiguous/Mixed,True
29,30,15,21,0.9987638105124815,0.0024739084000553746,Ambiguous/Mixed,Ambiguous/Mixed,True
29,30,15,22,0.6293621997623448,0.9260967074605598,Ambiguous/Mixed,Ambiguous/Mixed,True
29,30,15,23,0.9993841396090338,0.0012321002217495,Ambiguous/Mixed,Ambiguous/Mixed,True
29,30,15,24,0.7859535640862462,0.48171513413765804,Ambiguous/Mixed,Ambiguous/Mixed,True
29,30,15,25,0.7911835684290138,0.46845053360008354,Ambiguous/Mixed,Ambiguous/Mixed,True
29,30,15,26,0.7860475339643369,0.4814760251998355,Ambiguous/Mixed,Ambiguous/Mixed,True
29,30,15,27,0.99952500963379,0.0009502064197369625,Ambiguous/Mixed,Ambiguous/Mixed,True
29,30,15,28,0.6210117282733513,0.952810622237085,Ambiguous/Mixed,Ambiguous/Mixed,True
29,30,15,29,0.9995508801428227,0.0008984414834154147,Ambiguous/Mixed,Ambiguous/Mixed,True
29,30,15,30,0.49298577474744926,1.4145499196467874,Ambiguous/Mixed,Ambiguous/Mixed,True
29,30,16,1,0.027385635036718065,7.195473343595868,Ambiguous/Mixed,Tumor/Epithelials,False
29,30,16,2,0.8272700020249453,0.37924830707310586,Ambiguous/Mixed,Ambiguous/Mixed,True
29,30,16,3,0.6377787127187965,0.8995278021408473,Ambiguous/Mixed,Ambiguous/Mixed,True
29,30,16,4,0.12993887486750272,4.081382264858004,Ambiguous/Mixed,Fibroblasts/Stromal,False
29,30,16,5,0.09848849214194053,4.635631137351322,Ambiguous/Mixed,Endothelials,False
29,30,16,6,0.4037588303490646,1.8138750677016748,Ambiguous/Mixed,Ambiguous/Mixed,True
29,30,16,7,0.7613219090845796,0.5453980051352109,Ambiguous/Mixed,Ambiguous/Mixed,True
29,30,16,8,0.799455555047467,0.44764867837672406,Ambiguous/Mixed,Ambiguous/Mixed,True
29,30,16,9,0.7874803096980828,0.47783382430586646,Ambiguous/Mixed,Ambiguous/Mixed,True
29,30,16,10,0.6203886506523949,0.9548182828882511,Ambiguous/Mixed,Ambiguous/Mixed,True
29,30,16,11,0.7591845696470753,0.5510207127662359,Ambiguous/Mixed,Ambiguous/Mixed,True
29,30,16,12,0.6205443177592589,0.9543165084600007,Ambiguous/Mixed,Ambiguous/Mixed,True
29,30,16,13,0.4809224187441454,1.4640986269549539,Ambiguous/Mixed,Ambiguous/Mixed,True
29,30,16,14,0.7911889157364612,0.46843701640991264,Ambiguous/Mixed,Ambiguous/Mixed,True
29,30,16,15,0.8007619684522298,0.44438308810334837,Ambiguous/Mixed,Ambiguous/Mixed,True
29,30,16,16,0.9998033623091739,0.0003933140531032813,Ambiguous/Mixed,Ambiguous/Mixed,True
29,30,16,17,0.7614347591482112,0.5451015688990285,Ambiguous/Mixed,Ambiguous/Mixed,True
29,30,16,18,0.7934127355445351,0.4628234383444711,Ambiguous/Mixed,Ambiguous/Mixed,True
29,30,16,19,0.8016927529423666,0.4420596911739059,Ambiguous/Mixed,Ambiguous/Mixed,True
29,30,16,20,0.8000653470475764,0.44612374168136004,Ambiguous/Mixed,Ambiguous/Mixed,True
29,30,16,21,0.7974538975209067,0.4526625094906838,Ambiguous/Mixed,Ambiguous/Mixed,True
29,30,16,22,0.7908568354515022,0.46927663887869864,Ambiguous/Mixed,Ambiguous/Mixed,True
29,30,16,23,0.7909203965377033,0.4691159055340788,Ambiguous/Mixed,Ambiguous/Mixed,True
29,30,16,24,0.6126961166469689,0.9797723947384896,Ambiguous/Mixed,Ambiguous/Mixed,True
29,30,16,25,0.9990377120190942,0.0019255025544501385,Ambiguous/Mixed,Ambiguous/Mixed,True
29,30,16,26,0.6209784081007176,0.9529179344343909,Ambiguous/Mixed,Ambiguous/Mixed,True
29,30,16,27,0.7964660324569165,0.45514159309305463,Ambiguous/Mixed,Ambiguous/Mixed,True
29,30,16,28,0.7895820482334446,0.47250305277595245,Ambiguous/Mixed,Ambiguous/Mixed,True
29,30,16,29,0.7966187552921941,0.45475812866750775,Ambiguous/Mixed,Ambiguous/Mixed,True
29,30,16,30,0.6240739464381133,0.9429728274530197,Ambiguous/Mixed,Ambiguous/Mixed,True
29,30,17,1,0.05185581138079837,5.918576539909206,Ambiguous/Mixed,Tumor/Epithelials,False
29,30,17,2,0.9794351655570743,0.04155847030842785,Ambiguous/Mixed,Ambiguous/Mixed,True
29,30,17,3,0.9416108396283317,0.12032642235519098,Ambiguous/Mixed,Ambiguous/Mixed,True
29,30,17,4,0.1872029266976297,3.351124161984643,Ambiguous/Mixed,Fibroblasts/Stromal,False
29,30,17,5,0.14740375851986395,3.829159601548158,Ambiguous/Mixed,Endothelials,False
29,30,17,6,0.5958633682992925,1.0354877720361289,Ambiguous/Mixed,Ambiguous/Mixed,True
29,30,17,7,0.9868511058734343,0.026472212346399702,Ambiguous/Mixed,Ambiguous/Mixed,True
29,30,17,8,0.9931628918118053,0.013721176595233493,Ambiguous/Mixed,Ambiguous/Mixed,True
29,30,17,9,0.9958450883196577,0.00832713461956349,Ambiguous/Mixed,Ambiguous/Mixed,True
29,30,17,10,0.8020456864474504,0.4411794141858064,Ambiguous/Mixed,Ambiguous/Mixed,True
29,30,17,11,0.9946484495873922,0.01073184250459245,Ambiguous/Mixed,Ambiguous/Mixed,True
29,30,17,12,0.8021129477875589,0.4410116967575859,Ambiguous/Mixed,Ambiguous/Mixed,True
29,30,17,13,0.639878668708078,0.8929534014892692,Ambiguous/Mixed,Ambiguous/Mixed,True
29,30,17,14,0.9994686499645147,0.0010629825038823522,Ambiguous/Mixed,Ambiguous/Mixed,True
29,30,17,15,0.9987029336007007,0.002595816636032965,Ambiguous/Mixed,Ambiguous/Mixed,True
29,30,17,16,0.7869114795128753,0.47927903054704996,Ambiguous/Mixed,Ambiguous/Mixed,True
29,30,17,17,0.9980284449513085,0.0039470022432543765,Ambiguous/Mixed,Ambiguous/Mixed,True
29,30,17,18,0.9995840479939375,0.0008320770761888849,Ambiguous/Mixed,Ambiguous/Mixed,True
29,30,17,19,0.9991018565059296,0.0017970941332007976,Ambiguous/Mixed,Ambiguous/Mixed,True
29,30,17,20,0.9991209306372018,0.001758911941714709,Ambiguous/Mixed,Ambiguous/Mixed,True
29,30,17,21,0.9984653969812095,0.0030715634561159734,Ambiguous/Mixed,Ambiguous/Mixed,True
29,30,17,22,0.6282485799172226,0.9296387258789317,Ambiguous/Mixed,Ambiguous/Mixed,True
29,30,17,23,0.9995344905713637,0.0009312356235745491,Ambiguous/Mixed,Ambiguous/Mixed,True
29,30,17,24,0.8023422412552336,0.4404400548175642,Ambiguous/Mixed,Ambiguous/Mixed,True
29,30,17,25,0.7877074915016593,0.47725692343099,Ambiguous/Mixed,Ambiguous/Mixed,True
29,30,17,26,0.8023038386507534,0.4405357833522696,Ambiguous/Mixed,Ambiguous/Mixed,True
29,30,17,27,0.9995343551125714,0.0009315066673508997,Ambiguous/Mixed,Ambiguous/Mixed,True
29,30,17,28,0.6312367759823898,0.9201484951015758,Ambiguous/Mixed,Ambiguous/Mixed,True
29,30,17,29,0.9993973300621599,0.0012057032327311198,Ambiguous/Mixed,Ambiguous/Mixed,True
29,30,17,30,0.5024104618021131,1.376675680788509,Ambiguous/Mixed,Ambiguous/Mixed,True
29,30,18,1,0.04788898336946212,6.077739586608706,Ambiguous/Mixed,Tumor/Epithelials,False
29,30,18,2,0.9804043723374489,0.039580335179208594,Ambiguous/Mixed,Ambiguous/Mixed,True
29,30,18,3,0.9433490824592975,0.11663776393158412,Ambiguous/Mixed,Ambiguous/Mixed,True
29,30,18,4,0.17750204392135233,3.457546310166184,Ambiguous/Mixed,Fibroblasts/Stromal,False
29,30,18,5,0.13856648704690697,3.952810035324221,Ambiguous/Mixed,Endothelials,False
29,30,18,6,0.5926665210186068,1.0462467946536185,Ambiguous/Mixed,Ambiguous/Mixed,True
29,30,18,7,0.9875786392004245,0.024998301488375715,Ambiguous/Mixed,Ambiguous/Mixed,True
29,30,18,8,0.9937972235926616,0.012444187092548204,Ambiguous/Mixed,Ambiguous/Mixed,True
29,30,18,9,0.9968820944637152,0.006245552661675724,Ambiguous/Mixed,Ambiguous/Mixed,True
29,30,18,10,0.7886300774140159,0.47491583599923365,Ambiguous/Mixed,Ambiguous/Mixed,True
29,30,18,11,0.9924997629850979,0.015057010453533535,Ambiguous/Mixed,Ambiguous/Mixed,True
29,30,18,12,0.7886429703298257,0.47488313927413983,Ambiguous/Mixed,Ambiguous/Mixed,True
29,30,18,13,0.6192938519695651,0.9583507969477179,Ambiguous/Mixed,Ambiguous/Mixed,True
29,30,18,14,0.9980186674539036,0.003966595963952011,Ambiguous/Mixed,Ambiguous/Mixed,True
29,30,18,15,0.9985974186568308,0.002807131762170495,Ambiguous/Mixed,Ambiguous/Mixed,True
29,30,18,16,0.7940432655485056,0.4612346572086292,Ambiguous/Mixed,Ambiguous/Mixed,True
29,30,18,17,0.9978897251319968,0.0042250092710258424,Ambiguous/Mixed,Ambiguous/Mixed,True
29,30,18,18,0.999924203524023,0.0001515986973500384,Ambiguous/Mixed,Ambiguous/Mixed,True
29,30,18,19,0.9990317610499186,0.001937415992407627,Ambiguous/Mixed,Ambiguous/Mixed,True
29,30,18,20,0.9989645194917359,0.0020720339771617205,Ambiguous/Mixed,Ambiguous/Mixed,True
29,30,18,21,0.9987872697010136,0.002426932502886939,Ambiguous/Mixed,Ambiguous/Mixed,True
29,30,18,22,0.6243053748003908,0.9422312952568629,Ambiguous/Mixed,Ambiguous/Mixed,True
29,30,18,23,0.999644208942979,0.0007117087313520769,Ambiguous/Mixed,Ambiguous/Mixed,True
29,30,18,24,0.7884654025068664,0.47533350229742455,Ambiguous/Mixed,Ambiguous/Mixed,True
29,30,18,25,0.7950310351109066,0.4587482544288181,Ambiguous/Mixed,Ambiguous/Mixed,True
29,30,18,26,0.7886588676503741,0.47484282404679085,Ambiguous/Mixed,Ambiguous/Mixed,True
29,30,18,27,0.9997581452269817,0.0004837680492009791,Ambiguous/Mixed,Ambiguous/Mixed,True
29,30,18,28,0.6259162180135761,0.93707750775606,Ambiguous/Mixed,Ambiguous/Mixed,True
29,30,18,29,0.9997818668735087,0.00043631384196404213,Ambiguous/Mixed,Ambiguous/Mixed,True
29,30,18,30,0.4905119743490322,1.4246111754768944,Ambiguous/Mixed,Ambiguous/Mixed,True
29,30,19,1,0.05400656506895756,5.8372993289129615,Ambiguous/Mixed,Tumor/Epithelials,False
29,30,19,2,0.9778608225714789,0.04477585456643093,Ambiguous/Mixed,Ambiguous/Mixed,True
29,30,19,3,0.9430977167109715,0.11717075696361481,Ambiguous/Mixed,Ambiguous/Mixed,True
29,30,19,4,0.18955538159759236,3.326148091964164,Ambiguous/Mixed,Fibroblasts/Stromal,False
29,30,19,5,0.14961525505939216,3.799376492636888,Ambiguous/Mixed,Endothelials,False
29,30,19,6,0.6045095396423492,1.0066756560114785,Ambiguous/Mixed,Ambiguous/Mixed,True
29,30,19,7,0.9842324503115969,0.031786359672668574,Ambiguous/Mixed,Ambiguous/Mixed,True
29,30,19,8,0.9948210344548756,0.010384845741283222,Ambiguous/Mixed,Ambiguous/Mixed,True
29,30,19,9,0.99700659080028,0.005995796819944763,Ambiguous/Mixed,Ambiguous/Mixed,True
29,30,19,10,0.786547665589355,0.48020390725868567,Ambiguous/Mixed,Ambiguous/Mixed,True
29,30,19,11,0.9963577336323277,0.007297831140346623,Ambiguous/Mixed,Ambiguous/Mixed,True
29,30,19,12,0.7869892850327588,0.47908129121888,Ambiguous/Mixed,Ambiguous/Mixed,True
29,30,19,13,0.6267705348334761,0.9343495569721694,Ambiguous/Mixed,Ambiguous/Mixed,True
29,30,19,14,0.9978304852065697,0.004343743200035825,Ambiguous/Mixed,Ambiguous/Mixed,True
29,30,19,15,0.9996706208399776,0.0006588668345047864,Ambiguous/Mixed,Ambiguous/Mixed,True
29,30,19,16,0.7829136499940752,0.4894657401018416,Ambiguous/Mixed,Ambiguous/Mixed,True
29,30,19,17,0.9994777128570133,0.0010448471648514888,Ambiguous/Mixed,Ambiguous/Mixed,True
29,30,19,18,0.9989644441611796,0.0020721847944483833,Ambiguous/Mixed,Ambiguous/Mixed,True
29,30,19,19,0.999641996828795,0.0007161345392782593,Ambiguous/Mixed,Ambiguous/Mixed,True
29,30,19,20,0.999460770674186,0.0010787495244632332,Ambiguous/Mixed,Ambiguous/Mixed,True
29,30,19,21,0.9994463358571051,0.0011076349429683385,Ambiguous/Mixed,Ambiguous/Mixed,True
29,30,19,22,0.6240622182014588,0.943010413854206,Ambiguous/Mixed,Ambiguous/Mixed,True
29,30,19,23,0.9990691962597755,0.0018624744140569314,Ambiguous/Mixed,Ambiguous/Mixed,True
29,30,19,24,0.7878033611131073,0.47701352399922525,Ambiguous/Mixed,Ambiguous/Mixed,True
29,30,19,25,0.7834315060793553,0.48814328290997566,Ambiguous/Mixed,Ambiguous/Mixed,True
29,30,19,26,0.7875209982654295,0.47773048834760384,Ambiguous/Mixed,Ambiguous/Mixed,True
29,30,19,27,0.999322409048976,0.001355641239051803,Ambiguous/Mixed,Ambiguous/Mixed,True
29,30,19,28,0.61604337577518,0.9688758054164088,Ambiguous/Mixed,Ambiguous/Mixed,True
29,30,19,29,0.9992849835485056,0.0014305443953461965,Ambiguous/Mixed,Ambiguous/Mixed,True
29,30,19,30,0.48956321801417674,1.4284833544223934,Ambiguous/Mixed,Ambiguous/Mixed,True
29,30,20,1,0.05303288319180717,5.87368624048114,Ambiguous/Mixed,Tumor/Epithelials,False
29,30,20,2,0.9799638337691335,0.040479224631422485,Ambiguous/Mixed,Ambiguous/Mixed,True
29,30,20,3,0.943047548067797,0.11727715098134653,Ambiguous/Mixed,Ambiguous/Mixed,True
29,30,20,4,0.19002335208771232,3.321216617298278,Ambiguous/Mixed,Fibroblasts/Stromal,False
29,30,20,5,0.15049311990638686,3.7876758214917867,Ambiguous/Mixed,Endothelials,False
29,30,20,6,0.5972594677126215,1.0308072814500324,Ambiguous/Mixed,Ambiguous/Mixed,True
29,30,20,7,0.9864933244086092,0.02719744097502664,Ambiguous/Mixed,Ambiguous/Mixed,True
29,30,20,8,0.9947869257283957,0.010453419504890527,Ambiguous/Mixed,Ambiguous/Mixed,True
29,30,20,9,0.9973487864598172,0.005309468461825399,Ambiguous/Mixed,Ambiguous/Mixed,True
29,30,20,10,0.8087453883757492,0.42454227069238165,Ambiguous/Mixed,Ambiguous/Mixed,True
29,30,20,11,0.9957429364285141,0.008532301330678106,Ambiguous/Mixed,Ambiguous/Mixed,True
29,30,20,12,0.8090641098699469,0.42375423848298555,Ambiguous/Mixed,Ambiguous/Mixed,True
29,30,20,13,0.6329709505524811,0.9146614991865176,Ambiguous/Mixed,Ambiguous/Mixed,True
29,30,20,14,0.997967932932391,0.004068269034329702,Ambiguous/Mixed,Ambiguous/Mixed,True
29,30,20,15,0.9998597721401484,0.00028047538539431745,Ambiguous/Mixed,Ambiguous/Mixed,True
29,30,20,16,0.7923256466866666,0.4655656032320672,Ambiguous/Mixed,Ambiguous/Mixed,True
29,30,20,17,0.9994036299152326,0.0011930959682784287,Ambiguous/Mixed,Ambiguous/Mixed,True
29,30,20,18,0.9991291939589256,0.0017423708258210296,Ambiguous/Mixed,Ambiguous/Mixed,True
29,30,20,19,0.9997483897595449,0.0005032837992445579,Ambiguous/Mixed,Ambiguous/Mixed,True
29,30,20,20,0.9996744451854749,0.0006512156379959294,Ambiguous/Mixed,Ambiguous/Mixed,True
29,30,20,21,0.999066545836335,0.0018677802066207041,Ambiguous/Mixed,Ambiguous/Mixed,True
29,30,20,22,0.6202767154340583,0.9551791705915759,Ambiguous/Mixed,Ambiguous/Mixed,True
29,30,20,23,0.9992834923439283,0.0014335289407250377,Ambiguous/Mixed,Ambiguous/Mixed,True
29,30,20,24,0.809758456187997,0.42203855604764323,Ambiguous/Mixed,Ambiguous/Mixed,True
29,30,20,25,0.7930284114560516,0.46379246035131544,Ambiguous/Mixed,Ambiguous/Mixed,True
29,30,20,26,0.8096424153127817,0.42232518273151387,Ambiguous/Mixed,Ambiguous/Mixed,True
29,30,20,27,0.9994059460384501,0.0011884609630323515,Ambiguous/Mixed,Ambiguous/Mixed,True
29,30,20,28,0.6412011859417056,0.8888240173649417,Ambiguous/Mixed,Ambiguous/Mixed,True
29,30,20,29,0.999158551637484,0.00168360515781302,Ambiguous/Mixed,Ambiguous/Mixed,True
29,30,20,30,0.5005012985658872,1.384290171385981,Ambiguous/Mixed,Ambiguous/Mixed,True
29,30,21,1,0.050082172519575315,5.988180344298573,Ambiguous/Mixed,Tumor/Epithelials,False
29,30,21,2,0.9747974335174777,0.0510511801287717,Ambiguous/Mixed,Ambiguous/Mixed,True
29,30,21,3,0.9460910876524095,0.11083285481314901,Ambiguous/Mixed,Ambiguous/Mixed,True
29,30,21,4,0.1889397120377976,3.3326545974713717,Ambiguous/Mixed,Fibroblasts/Stromal,False
29,30,21,5,0.1451868981345185,3.8594668277920965,Ambiguous/Mixed,Endothelials,False
29,30,21,6,0.6197455627768861,0.9568925355818343,Ambiguous/Mixed,Ambiguous/Mixed,True
29,30,21,7,0.9844534193465297,0.03133739208618581,Ambiguous/Mixed,Ambiguous/Mixed,True
29,30,21,8,0.9924753153751762,0.0151062757771933,Ambiguous/Mixed,Ambiguous/Mixed,True
29,30,21,9,0.996931944846025,0.006145542567780816,Ambiguous/Mixed,Ambiguous/Mixed,True
29,30,21,10,0.7603948693608286,0.5478348313608719,Ambiguous/Mixed,Ambiguous/Mixed,True
29,30,21,11,0.9934808032244787,0.013081079095754592,Ambiguous/Mixed,Ambiguous/Mixed,True
29,30,21,12,0.7608986883121092,0.5465101193296955,Ambiguous/Mixed,Ambiguous/Mixed,True
29,30,21,13,0.6020029114470435,1.0149859947884816,Ambiguous/Mixed,Ambiguous/Mixed,True
29,30,21,14,0.9966801872603243,0.006650671088990151,Ambiguous/Mixed,Ambiguous/Mixed,True
29,30,21,15,0.997989894873744,0.004024256197890148,Ambiguous/Mixed,Ambiguous/Mixed,True
29,30,21,16,0.7872865156408191,0.478326072567955,Ambiguous/Mixed,Ambiguous/Mixed,True
29,30,21,17,0.9975344122609692,0.0049372646118822075,Ambiguous/Mixed,Ambiguous/Mixed,True
29,30,21,18,0.9980103315142049,0.003983301011229364,Ambiguous/Mixed,Ambiguous/Mixed,True
29,30,21,19,0.9984936090387225,0.0030150534177429663,Ambiguous/Mixed,Ambiguous/Mixed,True
29,30,21,20,0.9978116257211921,0.004381544537810637,Ambiguous/Mixed,Ambiguous/Mixed,True
29,30,21,21,0.9993839136937454,0.001232552330813575,Ambiguous/Mixed,Ambiguous/Mixed,True
29,30,21,22,0.6228282623391079,0.9469689211471494,Ambiguous/Mixed,Ambiguous/Mixed,True
29,30,21,23,0.9985155471460426,0.0029711114913815975,Ambiguous/Mixed,Ambiguous/Mixed,True
29,30,21,24,0.7614801181420906,0.5449824315931444,Ambiguous/Mixed,Ambiguous/Mixed,True
29,30,21,25,0.7871428040957495,0.47869118656492443,Ambiguous/Mixed,Ambiguous/Mixed,True
29,30,21,26,0.7612580892503218,0.5455656674829761,Ambiguous/Mixed,Ambiguous/Mixed,True
29,30,21,27,0.9982125655290504,0.0035780676761407422,Ambiguous/Mixed,Ambiguous/Mixed,True
29,30,21,28,0.5986874203634338,1.026031305715248,Ambiguous/Mixed,Ambiguous/Mixed,True
29,30,21,29,0.9984283266861204,0.003145819376006158,Ambiguous/Mixed,Ambiguous/Mixed,True
29,30,21,30,0.47259714199030584,1.4990239233310079,Ambiguous/Mixed,Ambiguous/Mixed,True
29,30,22,1,0.05079451112826911,5.959933957782995,Ambiguous/Mixed,Tumor/Epithelials,False
29,30,22,2,0.9799324281184033,0.04054332118866093,Ambiguous/Mixed,Ambiguous/Mixed,True
29,30,22,3,0.9427684970114139,0.1178690455283212,Ambiguous/Mixed,Ambiguous/Mixed,True
29,30,22,4,0.18648664853904062,3.358791264127848,Ambiguous/Mixed,Fibroblasts/Stromal,False
29,30,22,5,0.1470653193846364,3.833756882684159,Ambiguous/Mixed,Endothelials,False
29,30,22,6,0.5980997831105673,1.0279953551248198,Ambiguous/Mixed,Ambiguous/Mixed,True
29,30,22,7,0.9865539454693465,0.02707454263055833,Ambiguous/Mixed,Ambiguous/Mixed,True
29,30,22,8,0.9943456287558629,0.01134083543658019,Ambiguous/Mixed,Ambiguous/Mixed,True
29,30,22,9,0.9971401024148439,0.005727989812130114,Ambiguous/Mixed,Ambiguous/Mixed,True
29,30,22,10,0.7998538198778838,0.44665258632625926,Ambiguous/Mixed,Ambiguous/Mixed,True
29,30,22,11,0.9947289926458605,0.01056989624582343,Ambiguous/Mixed,Ambiguous/Mixed,True
29,30,22,12,0.8001193034333071,0.4459888662824868,Ambiguous/Mixed,Ambiguous/Mixed,True
29,30,22,13,0.6314349024908062,0.919520852893644,Ambiguous/Mixed,Ambiguous/Mixed,True
29,30,22,14,0.99833646560015,0.003329839219284705,Ambiguous/Mixed,Ambiguous/Mixed,True
29,30,22,15,0.9996816165797278,0.0006368682300678641,Ambiguous/Mixed,Ambiguous/Mixed,True
29,30,22,16,0.8015915513220997,0.4423121769498404,Ambiguous/Mixed,Ambiguous/Mixed,True
29,30,22,17,0.9987317236592284,0.0025381625677507705,Ambiguous/Mixed,Ambiguous/Mixed,True
29,30,22,18,0.9995107230501022,0.0009787933698439466,Ambiguous/Mixed,Ambiguous/Mixed,True
29,30,22,19,0.9998981531192671,0.00020370413495716532,Ambiguous/Mixed,Ambiguous/Mixed,True
29,30,22,20,0.9995939665770135,0.0008122317537537351,Ambiguous/Mixed,Ambiguous/Mixed,True
29,30,22,21,0.9994888086001363,0.001022644205463971,Ambiguous/Mixed,Ambiguous/Mixed,True
29,30,22,22,0.6329797164778933,0.9146338016604113,Ambiguous/Mixed,Ambiguous/Mixed,True
29,30,22,23,0.9996899522058137,0.0006201917378817969,Ambiguous/Mixed,Ambiguous/Mixed,True
29,30,22,24,0.800539239315466,0.4449394584779407,Ambiguous/Mixed,Ambiguous/Mixed,True
29,30,22,25,0.8021240583941015,0.440983993602753,Ambiguous/Mixed,Ambiguous/Mixed,True
29,30,22,26,0.8005450375136838,0.4449249727989498,Ambiguous/Mixed,Ambiguous/Mixed,True
29,30,22,27,0.9997485796341802,0.0005029039544371242,Ambiguous/Mixed,Ambiguous/Mixed,True
29,30,22,28,0.6411020723890298,0.8891331908844792,Ambiguous/Mixed,Ambiguous/Mixed,True
29,30,22,29,0.9996295081197535,0.000741121058639329,Ambiguous/Mixed,Ambiguous/Mixed,True
29,30,22,30,0.5048916654162917,1.3668227932969235,Ambiguous/Mixed,Ambiguous/Mixed,True
29,30,23,1,0.05330755865468607,5.86335428891233,Ambiguous/Mixed,Tumor/Epithelials,False
29,30,23,2,0.7201180925624341,0.6566801259472038,Ambiguous/Mixed,Ambiguous/Mixed,True
29,30,23,3,0.7336672767582196,0.6193993091181763,Ambiguous/Mixed,Ambiguous/Mixed,True
29,30,23,4,0.12523436488759057,4.155136756092064,Ambiguous/Mixed,Fibroblasts/Stromal,False
29,30,23,5,0.08311583124667551,4.975040173763144,Ambiguous/Mixed,Endothelials,False
29,30,23,6,0.5201324619574298,1.3073435306249552,Ambiguous/Mixed,Ambiguous/Mixed,True
29,30,23,7,0.7316658248183812,0.6248627854630977,Ambiguous/Mixed,Ambiguous/Mixed,True
29,30,23,8,0.7827784001289283,0.48981127386238565,Ambiguous/Mixed,Ambiguous/Mixed,True
29,30,23,9,0.7463816373765509,0.5850364626743392,Ambiguous/Mixed,Ambiguous/Mixed,True
29,30,23,10,0.5929187025469521,1.0453959691637726,Ambiguous/Mixed,Ambiguous/Mixed,True
29,30,23,11,0.8023924522612876,0.44031489766536114,Ambiguous/Mixed,Ambiguous/Mixed,True
29,30,23,12,0.6006943069058923,1.0193382292082132,Ambiguous/Mixed,Ambiguous/Mixed,True
29,30,23,13,0.7626510003573453,0.5419095137020646,Ambiguous/Mixed,Ambiguous/Mixed,True
29,30,23,14,0.7992509249948099,0.4481606674286963,Ambiguous/Mixed,Ambiguous/Mixed,True
29,30,23,15,0.7873857605475004,0.47807396955372533,Ambiguous/Mixed,Ambiguous/Mixed,True
29,30,23,16,0.6270555063671442,0.9334404307322897,Ambiguous/Mixed,Ambiguous/Mixed,True
29,30,23,17,0.7760314496243901,0.507124463507336,Ambiguous/Mixed,Ambiguous/Mixed,True
29,30,23,18,0.7883355015441392,0.47566303270976085,Ambiguous/Mixed,Ambiguous/Mixed,True
29,30,23,19,0.7961607846689007,0.45590824549014153,Ambiguous/Mixed,Ambiguous/Mixed,True
29,30,23,20,0.8002550120717682,0.44564967403859324,Ambiguous/Mixed,Ambiguous/Mixed,True
29,30,23,21,0.8001779432236041,0.4458422940367472,Ambiguous/Mixed,Ambiguous/Mixed,True
29,30,23,22,0.7852807165853034,0.48342804875605355,Ambiguous/Mixed,Ambiguous/Mixed,True
29,30,23,23,0.78964157490607,0.47235227825160647,Ambiguous/Mixed,Ambiguous/Mixed,True
29,30,23,24,0.6023070310626508,1.013975890623974,Ambiguous/Mixed,Ambiguous/Mixed,True
29,30,23,25,0.6097552474263773,0.9893952721156403,Ambiguous/Mixed,Ambiguous/Mixed,True
29,30,23,26,0.5972973074659178,1.0306805741922604,Ambiguous/Mixed,Ambiguous/Mixed,True
29,30,23,27,0.7967511953622999,0.45442565077596375,Ambiguous/Mixed,Ambiguous/Mixed,True
29,30,23,28,0.46676451119258083,1.523860814365345,Ambiguous/Mixed,Ambiguous/Mixed,True
29,30,23,29,0.7979779052396708,0.4513487391704487,Ambiguous/Mixed,Ambiguous/Mixed,True
29,30,23,30,0.5977058876023845,1.0293129455396377,Ambiguous/Mixed,Ambiguous/Mixed,True
29,30,24,1,0.02654353382779371,7.25793821586465,Ambiguous/Mixed,Tumor/Epithelials,False
29,30,24,2,0.8298004151462863,0.3731401415733852,Ambiguous/Mixed,Ambiguous/Mixed,True
29,30,24,3,0.6376161127765808,0.9000377616917135,Ambiguous/Mixed,Ambiguous/Mixed,True
29,30,24,4,0.12191198913360199,4.208911790255421,Ambiguous/Mixed,Fibroblasts/Stromal,False
29,30,24,5,0.09378531857953096,4.733493907124239,Ambiguous/Mixed,Endothelials,False
29,30,24,6,0.39172174323977155,1.8744070598409683,Ambiguous/Mixed,Ambiguous/Mixed,True
29,30,24,7,0.7625051889852683,0.5422919305942887,Ambiguous/Mixed,Ambiguous/Mixed,True
29,30,24,8,0.8004442703465103,0.44517673504823374,Ambiguous/Mixed,Ambiguous/Mixed,True
29,30,24,9,0.7882606872863637,0.4758528448084117,Ambiguous/Mixed,Ambiguous/Mixed,True
29,30,24,10,0.6164478621362671,0.9675630613962747,Ambiguous/Mixed,Ambiguous/Mixed,True
29,30,24,11,0.7591200538163003,0.5511906808472568,Ambiguous/Mixed,Ambiguous/Mixed,True
29,30,24,12,0.6163974783348706,0.9677265330006054,Ambiguous/Mixed,Ambiguous/Mixed,True
29,30,24,13,0.4711408459697102,1.505196387277945,Ambiguous/Mixed,Ambiguous/Mixed,True
29,30,24,14,0.7922796603309721,0.465681686033264,Ambiguous/Mixed,Ambiguous/Mixed,True
29,30,24,15,0.8014121204674725,0.44275991355465116,Ambiguous/Mixed,Ambiguous/Mixed,True
29,30,24,16,0.999280173759836,0.0014401708789301573,Ambiguous/Mixed,Ambiguous/Mixed,True
29,30,24,17,0.7619714928742952,0.5436922698428374,Ambiguous/Mixed,Ambiguous/Mixed,True
29,30,24,18,0.7948001506581006,0.45932915749952336,Ambiguous/Mixed,Ambiguous/Mixed,True
29,30,24,19,0.8020525554648974,0.4411622855155853,Ambiguous/Mixed,Ambiguous/Mixed,True
29,30,24,20,0.8006385997742343,0.44469124005655053,Ambiguous/Mixed,Ambiguous/Mixed,True
29,30,24,21,0.7976413563544189,0.4521924213654264,Ambiguous/Mixed,Ambiguous/Mixed,True
29,30,24,22,0.7811415871714971,0.4939977119624753,Ambiguous/Mixed,Ambiguous/Mixed,True
29,30,24,23,0.7917106600813542,0.46711856419283276,Ambiguous/Mixed,Ambiguous/Mixed,True
29,30,24,24,0.6081904534171858,0.9945344006304544,Ambiguous/Mixed,Ambiguous/Mixed,True
29,30,24,25,0.9999322265995989,0.0001355513942435183,Ambiguous/Mixed,Ambiguous/Mixed,True
29,30,24,26,0.6166421022690762,0.9669329690590643,Ambiguous/Mixed,Ambiguous/Mixed,True
29,30,24,27,0.7976128246151141,0.4522639629157279,Ambiguous/Mixed,Ambiguous/Mixed,True
29,30,24,28,0.7837169788732808,0.48741464028338577,Ambiguous/Mixed,Ambiguous/Mixed,True
29,30,24,29,0.797827893165768,0.4517247550352728,Ambiguous/Mixed,Ambiguous/Mixed,True
29,30,24,30,0.611022434234335,0.9852432064869313,Ambiguous/Mixed,Ambiguous/Mixed,True
29,30,25,1,0.026736346368499548,7.24346270415527,Ambiguous/Mixed,Tumor/Epithelials,False
29,30,25,2,0.8298883830627104,0.3729281309444014,Ambiguous/Mixed,Ambiguous/Mixed,True
29,30,25,3,0.6376308963018706,0.8999913909880448,Ambiguous/Mixed,Ambiguous/Mixed,True
29,30,25,4,0.12116168100238914,4.22125883736743,Ambiguous/Mixed,Fibroblasts/Stromal,False
29,30,25,5,0.09351388423219388,4.739290718499481,Ambiguous/Mixed,Endothelials,False
29,30,25,6,0.3907755735312792,1.8792437290503847,Ambiguous/Mixed,Ambiguous/Mixed,True
29,30,25,7,0.762517205282234,0.5422604129011425,Ambiguous/Mixed,Ambiguous/Mixed,True
29,30,25,8,0.8005293782028774,0.4449640948051556,Ambiguous/Mixed,Ambiguous/Mixed,True
29,30,25,9,0.788044773801019,0.47640074238797353,Ambiguous/Mixed,Ambiguous/Mixed,True
29,30,25,10,0.6200455145693422,0.955924786083425,Ambiguous/Mixed,Ambiguous/Mixed,True
29,30,25,11,0.7591090036581716,0.5512197941304586,Ambiguous/Mixed,Ambiguous/Mixed,True
29,30,25,12,0.6200321802131069,0.9559677974408323,Ambiguous/Mixed,Ambiguous/Mixed,True
29,30,25,13,0.47856747852115,1.4739161141776087,Ambiguous/Mixed,Ambiguous/Mixed,True
29,30,25,14,0.7922480965026616,0.4657613661226244,Ambiguous/Mixed,Ambiguous/Mixed,True
29,30,25,15,0.801413863223282,0.44275556434687113,Ambiguous/Mixed,Ambiguous/Mixed,True
29,30,25,16,0.9993324328739525,0.0013355800963946228,Ambiguous/Mixed,Ambiguous/Mixed,True
29,30,25,17,0.7619321508900506,0.5437955361731316,Ambiguous/Mixed,Ambiguous/Mixed,True
29,30,25,18,0.7947867228051855,0.45936294704104425,Ambiguous/Mixed,Ambiguous/Mixed,True
29,30,25,19,0.802056353172459,0.44115281556615443,Ambiguous/Mixed,Ambiguous/Mixed,True
29,30,25,20,0.800727116710128,0.44447013644462086,Ambiguous/Mixed,Ambiguous/Mixed,True
29,30,25,21,0.7976188492362873,0.452248856342126,Ambiguous/Mixed,Ambiguous/Mixed,True
29,30,25,22,0.7887507598602336,0.4746098035089145,Ambiguous/Mixed,Ambiguous/Mixed,True
29,30,25,23,0.7916637147650007,0.4672371598127013,Ambiguous/Mixed,Ambiguous/Mixed,True
29,30,25,24,0.6117695039839162,0.9827993897780269,Ambiguous/Mixed,Ambiguous/Mixed,True
29,30,25,25,0.9998439284274854,0.00031216750589964305,Ambiguous/Mixed,Ambiguous/Mixed,True
29,30,25,26,0.6202516482662462,0.9552599979827068,Ambiguous/Mixed,Ambiguous/Mixed,True
29,30,25,27,0.7976459022827065,0.4521810229711549,Ambiguous/Mixed,Ambiguous/Mixed,True
29,30,25,28,0.7883752894910278,0.47556209359746915,Ambiguous/Mixed,Ambiguous/Mixed,True
29,30,25,29,0.7978125911566325,0.45176311457625046,Ambiguous/Mixed,Ambiguous/Mixed,True
29,30,25,30,0.6206930185486542,0.953837306664318,Ambiguous/Mixed,Ambiguous/Mixed,True
29,30,26,1,0.028929968489204767,7.085754498405912,Ambiguous/Mixed,Tumor/Epithelials,False
29,30,26,2,0.7126584138027557,0.6775061127807364,Ambiguous/Mixed,Ambiguous/Mixed,True
29,30,26,3,0.565789877817707,1.13906502062113,Ambiguous/Mixed,Ambiguous/Mixed,True
29,30,26,4,0.13904911769424141,3.945856087126553,Ambiguous/Mixed,Fibroblasts/Stromal,False
29,30,26,5,0.10560841777165454,4.496034394280438,Ambiguous/Mixed,Endothelials,False
29,30,26,6,0.24398575773036915,2.821290850700062,Ambiguous/Mixed,Ambiguous/Mixed,True
29,30,26,7,0.6567959848599816,0.8407636680955446,Ambiguous/Mixed,Ambiguous/Mixed,True
29,30,26,8,0.640403637129764,0.8913132368202307,Ambiguous/Mixed,Ambiguous/Mixed,True
29,30,26,9,0.6241544831770548,0.9427147441178145,Ambiguous/Mixed,Ambiguous/Mixed,True
29,30,26,10,0.7849244096143467,0.48433571864230507,Ambiguous/Mixed,Ambiguous/Mixed,True
29,30,26,11,0.606054571660895,1.0015704894431625,Ambiguous/Mixed,Ambiguous/Mixed,True
29,30,26,12,0.7849288208297265,0.48432447882626556,Ambiguous/Mixed,Ambiguous/Mixed,True
29,30,26,13,0.5941697304245344,1.0411805179607232,Ambiguous/Mixed,Ambiguous/Mixed,True
29,30,26,14,0.6352955812880395,0.9073298120987491,Ambiguous/Mixed,Ambiguous/Mixed,True
29,30,26,15,0.6403966918335199,0.8913349273088638,Ambiguous/Mixed,Ambiguous/Mixed,True
29,30,26,16,0.7896712235005745,0.4722771858581608,Ambiguous/Mixed,Ambiguous/Mixed,True
29,30,26,17,0.6111725817724326,0.9847518036031475,Ambiguous/Mixed,Ambiguous/Mixed,True
29,30,26,18,0.6325550472309752,0.9159760619444774,Ambiguous/Mixed,Ambiguous/Mixed,True
29,30,26,19,0.6413186556347088,0.8884576458219102,Ambiguous/Mixed,Ambiguous/Mixed,True
29,30,26,20,0.642751317725827,0.8839947654016383,Ambiguous/Mixed,Ambiguous/Mixed,True
29,30,26,21,0.6204029093079263,0.9547723165680659,Ambiguous/Mixed,Ambiguous/Mixed,True
29,30,26,22,0.5892710914776123,1.0577378880775732,Ambiguous/Mixed,Ambiguous/Mixed,True
29,30,26,23,0.6336594882679005,0.9124871071550695,Ambiguous/Mixed,Ambiguous/Mixed,True
29,30,26,24,0.7744689657788323,0.5111553798720029,Ambiguous/Mixed,Ambiguous/Mixed,True
29,30,26,25,0.784524924648672,0.48535387186479156,Ambiguous/Mixed,Ambiguous/Mixed,True
29,30,26,26,0.785297385841039,0.4833855949469485,Ambiguous/Mixed,Ambiguous/Mixed,True
29,30,26,27,0.6328877657235408,0.9149243557849372,Ambiguous/Mixed,Ambiguous/Mixed,True
29,30,26,28,0.9998880035125671,0.00022400551901560675,Ambiguous/Mixed,Ambiguous/Mixed,True
29,30,26,29,0.6243330402259017,0.9421426693578595,Ambiguous/Mixed,Ambiguous/Mixed,True
29,30,26,30,0.7721914469940221,0.5170455427343195,Ambiguous/Mixed,Ambiguous/Mixed,True
29,30,27,1,0.025863655213542332,7.309833138791055,Ambiguous/Mixed,Tumor/Epithelials,False
29,30,27,2,0.5420029495521085,1.224967671158477,Ambiguous/Mixed,Ambiguous/Mixed,True
29,30,27,3,0.38082980618137313,1.9308054131858867,Ambiguous/Mixed,Ambiguous/Mixed,True
29,30,27,4,0.09039313801120859,4.807173842841484,Ambiguous/Mixed,Fibroblasts/Stromal,False
29,30,27,5,0.10993853923964074,4.4156676070498335,Ambiguous/Mixed,Endothelials,False
29,30,27,6,0.15525473069141688,3.7253761743809903,Ambiguous/Mixed,Ambiguous/Mixed,True
29,30,27,7,0.5347298480155472,1.2519872332002528,Ambiguous/Mixed,Ambiguous/Mixed,True
29,30,27,8,0.4706087244940742,1.5074565275485823,Ambiguous/Mixed,Ambiguous/Mixed,True
29,30,27,9,0.475420006354942,1.4871132834760412,Ambiguous/Mixed,Ambiguous/Mixed,True
29,30,27,10,0.6156905285777003,0.9700216607213068,Ambiguous/Mixed,Ambiguous/Mixed,True
29,30,27,11,0.48582824461250584,1.4438002473828397,Ambiguous/Mixed,Ambiguous/Mixed,True
29,30,27,12,0.6008872455971255,1.0186959467347865,Ambiguous/Mixed,Ambiguous/Mixed,True
29,30,27,13,0.44490129930237304,1.6198056414750277,Ambiguous/Mixed,Ambiguous/Mixed,True
29,30,27,14,0.5082235887556253,1.3536675857781715,Ambiguous/Mixed,Ambiguous/Mixed,True
29,30,27,15,0.49656094346288004,1.4000981137616004,Ambiguous/Mixed,Ambiguous/Mixed,True
29,30,27,16,0.3464928489332287,2.1197861971289713,Ambiguous/Mixed,Ambiguous/Mixed,True
29,30,27,17,0.49462872536130237,1.4078956952333166,Ambiguous/Mixed,Ambiguous/Mixed,True
29,30,27,18,0.4990736309376576,1.3900032742535726,Ambiguous/Mixed,Ambiguous/Mixed,True
29,30,27,19,0.4951869108280797,1.4056399801060153,Ambiguous/Mixed,Ambiguous/Mixed,True
29,30,27,20,0.496128058223414,1.401842407356754,Ambiguous/Mixed,Ambiguous/Mixed,True
29,30,27,21,0.47572794043191696,1.4858182837285308,Ambiguous/Mixed,Ambiguous/Mixed,True
29,30,27,22,0.25560819915483596,2.728218957845369,Ambiguous/Mixed,Ambiguous/Mixed,True
29,30,27,23,0.5016399675257122,1.379745225525062,Ambiguous/Mixed,Ambiguous/Mixed,True
29,30,27,24,0.5997604801033236,1.0224498065904957,Ambiguous/Mixed,Ambiguous/Mixed,True
29,30,27,25,0.3586724017073018,2.0506916743322146,Ambiguous/Mixed,Ambiguous/Mixed,True
29,30,27,26,0.6053673925001791,1.0038394898567284,Ambiguous/Mixed,Ambiguous/Mixed,True
29,30,27,27,0.49969410644378104,1.387518309780962,Ambiguous/Mixed,Ambiguous/Mixed,True
29,30,27,28,0.4432507307222867,1.6272393709470805,Ambiguous/Mixed,Ambiguous/Mixed,True
29,30,27,29,0.49469768887797405,1.4076168650482903,Ambiguous/Mixed,Ambiguous/Mixed,True
29,30,27,30,0.3195184277323837,2.2818806600882313,Ambiguous/Mixed,Ambiguous/Mixed,True
29,30,28,1,0.049235679579225644,6.022273447221567,Ambiguous/Mixed,Tumor/Epithelials,False
29,30,28,2,0.9809484058424934,0.038470828465170914,Ambiguous/Mixed,Ambiguous/Mixed,True
29,30,28,3,0.9435543923048229,0.11620253266706743,Ambiguous/Mixed,Ambiguous/Mixed,True
29,30,28,4,0.1797934397443418,3.4318932880309605,Ambiguous/Mixed,Fibroblasts/Stromal,False
29,30,28,5,0.141317764615234,3.9134885490203946,Ambiguous/Mixed,Endothelials,False
29,30,28,6,0.590660380876822,1.0530281567964832,Ambiguous/Mixed,Ambiguous/Mixed,True
29,30,28,7,0.9873065620221334,0.02554937591000611,Ambiguous/Mixed,Ambiguous/Mixed,True
29,30,28,8,0.9937177758549396,0.01260408070399051,Ambiguous/Mixed,Ambiguous/Mixed,True
29,30,28,9,0.9971522032113966,0.005703718953703012,Ambiguous/Mixed,Ambiguous/Mixed,True
29,30,28,10,0.7929079056574673,0.464096396385861,Ambiguous/Mixed,Ambiguous/Mixed,True
29,30,28,11,0.9932653173966046,0.013514925829330685,Ambiguous/Mixed,Ambiguous/Mixed,True
29,30,28,12,0.7930840940497068,0.4636520350196073,Ambiguous/Mixed,Ambiguous/Mixed,True
29,30,28,13,0.6306093955453783,0.9221372652159177,Ambiguous/Mixed,Ambiguous/Mixed,True
29,30,28,14,0.9982684500304074,0.003466101670080819,Ambiguous/Mixed,Ambiguous/Mixed,True
29,30,28,15,0.999063464077363,0.0018739494928167533,Ambiguous/Mixed,Ambiguous/Mixed,True
29,30,28,16,0.7972900634730408,0.45307344454345605,Ambiguous/Mixed,Ambiguous/Mixed,True
29,30,28,17,0.9982071763925353,0.0035888652782720652,Ambiguous/Mixed,Ambiguous/Mixed,True
29,30,28,18,0.9998966003554652,0.0002068099812931694,Ambiguous/Mixed,Ambiguous/Mixed,True
29,30,28,19,0.9994861603983347,0.0010279433249480822,Ambiguous/Mixed,Ambiguous/Mixed,True
29,30,28,20,0.9993814398919977,0.0012375029904661081,Ambiguous/Mixed,Ambiguous/Mixed,True
29,30,28,21,0.9993274869157787,0.0013454786451668889,Ambiguous/Mixed,Ambiguous/Mixed,True
29,30,28,22,0.6344771948825987,0.9099078686900322,Ambiguous/Mixed,Ambiguous/Mixed,True
29,30,28,23,0.9997756451575671,0.00044876002749089604,Ambiguous/Mixed,Ambiguous/Mixed,True
29,30,28,24,0.7931732493366784,0.46342721579355356,Ambiguous/Mixed,Ambiguous/Mixed,True
29,30,28,25,0.7979778718356941,0.45134882289200834,Ambiguous/Mixed,Ambiguous/Mixed,True
29,30,28,26,0.7932462049567536,0.46324326540154587,Ambiguous/Mixed,Ambiguous/Mixed,True
29,30,28,27,0.9999265018035846,0.00014700179508049614,Ambiguous/Mixed,Ambiguous/Mixed,True
29,30,28,28,0.6319147709309636,0.9180015001021542,Ambiguous/Mixed,Ambiguous/Mixed,True
29,30,28,29,0.9998757596835441,0.0002484960698464939,Ambiguous/Mixed,Ambiguous/Mixed,True
29,30,28,30,0.5014030830708597,1.3806898887042371,Ambiguous/Mixed,Ambiguous/Mixed,True
29,30,29,1,0.0223192715564852,7.604609556719589,Ambiguous/Mixed,Tumor/Epithelials,False
29,30,29,2,0.7594617717336172,0.550290583355412,Ambiguous/Mixed,Ambiguous/Mixed,True
29,30,29,3,0.6395146667775974,0.8940914469369236,Ambiguous/Mixed,Ambiguous/Mixed,True
29,30,29,4,0.11352092442058645,4.351536205847335,Ambiguous/Mixed,Fibroblasts/Stromal,False
29,30,29,5,0.08274365186454492,4.984015964591077,Ambiguous/Mixed,Endothelials,False
29,30,29,6,0.3950274728084046,1.85759993017184,Ambiguous/Mixed,Ambiguous/Mixed,True
29,30,29,7,0.8091652327274641,0.42350427920963185,Ambiguous/Mixed,Ambiguous/Mixed,True
29,30,29,8,0.7550038699617293,0.5620648079382484,Ambiguous/Mixed,Ambiguous/Mixed,True
29,30,29,9,0.7649967292875963,0.535767441211583,Ambiguous/Mixed,Ambiguous/Mixed,True
29,30,29,10,0.6162555676345995,0.9681870379297484,Ambiguous/Mixed,Ambiguous/Mixed,True
29,30,29,11,0.7812204545474132,0.4937957936519247,Ambiguous/Mixed,Ambiguous/Mixed,True
29,30,29,12,0.6078667538088274,0.9955991519072207,Ambiguous/Mixed,Ambiguous/Mixed,True
29,30,29,13,0.46821161188990557,1.517669846202153,Ambiguous/Mixed,Ambiguous/Mixed,True
29,30,29,14,0.7968848101015085,0.4540902799910077,Ambiguous/Mixed,Ambiguous/Mixed,True
29,30,29,15,0.7834501988742474,0.48809556317508096,Ambiguous/Mixed,Ambiguous/Mixed,True
29,30,29,16,0.5982444888733587,1.0275115286314405,Ambiguous/Mixed,Ambiguous/Mixed,True
29,30,29,17,0.7764545500684272,0.5060343397842342,Ambiguous/Mixed,Ambiguous/Mixed,True
29,30,29,18,0.7930345099357814,0.4637770801803337,Ambiguous/Mixed,Ambiguous/Mixed,True
29,30,29,19,0.7859657106945867,0.4816842251500641,Ambiguous/Mixed,Ambiguous/Mixed,True
29,30,29,20,0.7844577976183873,0.485525007032497,Ambiguous/Mixed,Ambiguous/Mixed,True
29,30,29,21,0.7693830934370675,0.5243325252059327,Ambiguous/Mixed,Ambiguous/Mixed,True
29,30,29,22,0.4708197094651828,1.506560081394928,Ambiguous/Mixed,Ambiguous/Mixed,True
29,30,29,23,0.794767629627044,0.45941099366018184,Ambiguous/Mixed,Ambiguous/Mixed,True
29,30,29,24,0.6047711048246369,1.0058104633448677,Ambiguous/Mixed,Ambiguous/Mixed,True
29,30,29,25,0.6107346509309913,0.9861854013378073,Ambiguous/Mixed,Ambiguous/Mixed,True
29,30,29,26,0.6110962109476916,0.985001734961275,Ambiguous/Mixed,Ambiguous/Mixed,True
29,30,29,27,0.7930813454445553,0.46365896646593197,Ambiguous/Mixed,Ambiguous/Mixed,True
29,30,29,28,0.46910322866671145,1.5138648619763253,Ambiguous/Mixed,Ambiguous/Mixed,True
29,30,29,29,0.797778488658367,0.4518486064010721,Ambiguous/Mixed,Ambiguous/Mixed,True
29,30,29,30,0.3623812605040435,2.0301168311524393,Ambiguous/Mixed,Ambiguous/Mixed,True
