sample,K,gep,label,label_kind,ROGUE,n_cells,size_bin,null_median,null_mean,null_std,n_draws,null_zscore,beats_null_median
GSM4138134,4,1,Ambiguous/Mixed,ambiguous,0.9561562126178971,1213,1225,0.9513815996293293,0.9511254569081459,0.0004636789267097363,10.0,10.849653542483418,True
GSM4138156,4,1,Ambiguous/Mixed,ambiguous,0.8972217973513263,919,925,0.8886977449779212,0.8889503196162529,0.003913135749290336,10.0,2.1137722443116074,True
GSM4138126,4,1,Ambiguous/Mixed,ambiguous,0.9529039457285877,758,750,0.9538573827526964,0.9539020316682425,0.0002101539933936338,10.0,-4.749307512730878,False
GSM4138116,4,1,Ambiguous/Mixed,ambiguous,0.9242507542572167,703,700,0.9217260418786248,0.9217348768857916,0.00022669976466545822,10.0,11.09783847873774,True
GSM4138140,4,1,Ambiguous/Mixed,ambiguous,0.9104399036333599,700,700,0.9078111651806406,0.9068905802054197,0.0017668472697567185,10.0,2.008845636345776,True
GSM4138142,4,1,Ambiguous/Mixed,ambiguous,0.908776416664459,689,700,,,,,,False
GSM4138132,4,1,Ambiguous/Mixed,ambiguous,0.933026659763963,643,650,,,,,,False
GSM4138136,4,1,Ambiguous/Mixed,ambiguous,0.897545671138613,641,650,,,,,,False
GSM4138110,4,1,Ambiguous/Mixed,ambiguous,0.9119283262748428,628,625,0.9060897039154181,0.9066685629294383,0.0015164147847689798,10.0,3.468551875274522,True
GSM4138120,4,1,Ambiguous/Mixed,ambiguous,0.8473820463215724,609,600,0.8443952529491889,0.8440244997402349,0.0009759269134653771,10.0,3.440366829740774,True
GSM4138130,4,1,Ambiguous/Mixed,ambiguous,0.9194673989705873,585,575,0.9001695525010971,0.9005950010084701,0.002005367489728226,10.0,9.41094241269205,True
GSM4138138,4,1,Ambiguous/Mixed,ambiguous,0.8903661621199703,576,575,0.9043714999078616,0.9048127741948289,0.0011477243306989308,10.0,-12.58717941969651,False
GSM4138123,4,2,Ambiguous/Mixed,ambiguous,0.6968886543302559,562,550,0.6784234072551489,0.6778744843113707,0.004680732912351878,10.0,4.062220676746845,True
GSM4138122,4,1,Ambiguous/Mixed,ambiguous,0.8836217431693505,543,550,0.8827907504497787,0.8834174043870373,0.0014808083294433284,10.0,0.13799137825622623,True
GSM4138128,4,1,Ambiguous/Mixed,ambiguous,0.8836217431693505,543,550,0.8836444036268716,0.8844613770301131,0.002162722762049103,10.0,-0.3882300013188262,False
GSM4138135,4,2,Ambiguous/Mixed,ambiguous,0.7258529413620705,521,525,0.6800682596153514,0.6804157731448418,0.009455459301259074,10.0,4.805389856754849,True
GSM4138160,4,1,Ambiguous/Mixed,ambiguous,0.8973504704889755,485,475,0.8596701616474662,0.8611821379546842,0.005928421014857502,10.0,6.100837380416825,True
GSM4138162,4,1,Ambiguous/Mixed,ambiguous,0.8911671709487927,485,475,0.8860682449565281,0.8865330642353026,0.0033742582927845464,10.0,1.3733704747498325,True
GSM4138137,4,2,Ambiguous/Mixed,ambiguous,0.7614529724075058,469,475,0.7644768423506381,0.7634643363287601,0.004773082611141937,10.0,-0.4213972573110629,False
GSM4138166,4,1,Ambiguous/Mixed,ambiguous,0.8913964012848505,467,475,,,,,,False
GSM4138146,4,1,Ambiguous/Mixed,ambiguous,0.8890286325827184,461,450,0.8875859959393546,0.8872812173595259,0.004673913580633739,10.0,0.373865539669543,True
GSM4138152,4,1,Ambiguous/Mixed,ambiguous,0.8615241308228656,461,450,0.8487683296515977,0.8495548372199156,0.0031139402567368288,10.0,3.843777534605903,True
GSM4138165,4,1,Ambiguous/Mixed,ambiguous,0.8949850658164404,437,425,0.8973809165987539,0.8971954250620143,0.0005295584220022184,10.0,-4.173966749913441,False
GSM4138131,4,2,Ambiguous/Mixed,ambiguous,0.7112405257474139,436,425,0.6945644509497941,0.6947682996447764,0.008349001408705311,10.0,1.9729576384383327,True
GSM4138163,4,1,Ambiguous/Mixed,ambiguous,0.9072704819130132,424,425,0.8999351019674418,0.8982706432236526,0.0037395159604525726,10.0,2.4066854599736502,True
GSM4138125,4,2,Ambiguous/Mixed,ambiguous,0.7396250076788939,383,375,0.7062968386400886,0.7072352836723058,0.006934925048931695,10.0,4.670522576387134,True
GSM4138112,4,1,Ambiguous/Mixed,ambiguous,0.8964559322265603,354,350,0.8733830869380714,0.8730517382757235,0.003719020763182527,10.0,6.293106557116619,True
GSM4138114,4,1,Ambiguous/Mixed,ambiguous,0.8848695210761265,352,350,0.8850913324254888,0.8854384305771605,0.0011052528383953737,10.0,-0.5147324496899797,False
GSM4138154,4,1,Ambiguous/Mixed,ambiguous,0.8579446319199553,352,350,0.8215481739862732,0.8223186294756427,0.004532717902619563,10.0,7.859744023276517,True
GSM4138139,4,2,Ambiguous/Mixed,ambiguous,0.7194972391979613,349,350,0.6495891979674426,0.6453922749068371,0.014990785010037404,10.0,4.943367825067569,True
GSM4138124,4,1,Ambiguous/Mixed,ambiguous,0.915608488781229,341,350,,,,,,False
GSM4138167,4,1,Ambiguous/Mixed,ambiguous,0.8808930053659563,340,350,,,,,,False
GSM4138155,4,2,Ambiguous/Mixed,ambiguous,0.6704713611675652,319,325,0.5950795481773739,0.5982550309617837,0.009735905596723146,10.0,7.41752572355341,True
GSM4138144,4,1,Ambiguous/Mixed,ambiguous,0.8498831569088204,298,300,0.8510652216854628,0.8492120904825141,0.00429985964774312,10.0,0.1560670536440756,False
GSM4138141,4,1,Ambiguous/Mixed,ambiguous,0.9068391083874362,294,300,0.736584197398757,0.7375981933877374,0.008331441161285464,10.0,20.31352220143226,True
GSM4138118,4,1,Ambiguous/Mixed,ambiguous,0.8770768667778066,292,300,,,,,,False
GSM4138145,4,1,Ambiguous/Mixed,ambiguous,0.7946404926322501,279,275,0.7190370108919996,0.7173903335940321,0.01220780259515719,10.0,6.327933175202468,True
GSM4138158,4,1,Ambiguous/Mixed,ambiguous,0.8990372377107105,275,275,0.8929583802283123,0.8927295970311503,0.0024443295860833805,10.0,2.580519712019343,True
GSM4138133,4,2,Ambiguous/Mixed,ambiguous,0.7411041668849959,250,250,0.7636624534932598,0.7614187289963439,0.013097864310410373,10.0,-1.5509827884842002,False
GSM4138141,4,2,Ambiguous/Mixed,ambiguous,0.7178051372681549,245,250,0.7431201609942328,0.7391085299846584,0.017253227682101024,10.0,-1.2347482516911445,False
GSM4138135,4,4,Ambiguous/Mixed,ambiguous,0.7622950979702181,206,200,0.7143764789432155,0.715026157238883,0.013505865552847036,10.0,3.4998823693584638,True
GSM4138143,4,2,Ambiguous/Mixed,ambiguous,0.7148877979137864,196,200,0.7075864019172012,0.7076645880980741,0.009248620923530718,10.0,0.7810039870198112,True
GSM4138150,4,1,Ambiguous/Mixed,ambiguous,0.897909786957394,190,200,,,,,,False
GSM4138155,4,1,Ambiguous/Mixed,ambiguous,0.8074305866859492,189,200,0.6149920847587264,0.6159832708199058,0.022231909978797725,10.0,8.611375093216202,True
GSM4138111,4,2,Ambiguous/Mixed,ambiguous,0.6797673916355189,179,175,0.6868624942295802,0.6903808444488487,0.025668771909075933,10.0,-0.41347723416316323,False
GSM4138117,4,2,Ambiguous/Mixed,ambiguous,0.7366321479260738,178,175,0.7209469950337284,0.7200177556530368,0.014105889035744357,10.0,1.1778337565917363,True
GSM4138148,4,1,Ambiguous/Mixed,ambiguous,0.8569403051496318,177,175,0.851182691829546,0.8526637845811443,0.00508833153460405,10.0,0.840456353797761,True
GSM4138145,4,2,Ambiguous/Mixed,ambiguous,0.7310335742938701,172,175,0.7281953837093378,0.7251175554251411,0.012244741588320956,10.0,0.4831477108811874,True
GSM4138127,4,2,Ambiguous/Mixed,ambiguous,0.7538061616903207,165,175,0.759347970912561,0.7643712152860987,0.018018053079367453,10.0,-0.5863593335661871,False
GSM4138164,4,1,Ambiguous/Mixed,ambiguous,0.841996642698004,155,150,0.8373912943454023,0.8394840808611127,0.005660958392826469,10.0,0.4438403645706362,True
GSM4138127,4,1,Ambiguous/Mixed,ambiguous,0.9141995459344363,148,150,0.7668860514455906,0.7668052013055144,0.014720772737860328,10.0,10.012677136835258,True
GSM4138143,4,1,Ambiguous/Mixed,ambiguous,0.8339243964475664,147,150,0.7236820896617187,0.7308260583484285,0.02006810311333664,10.0,5.137423179304973,True
GSM4138161,4,2,Ambiguous/Mixed,ambiguous,0.7073285172955495,147,150,0.7029563501420206,0.7070731768025583,0.01748651262911728,10.0,0.014602139283390683,True
GSM4138117,4,1,Ambiguous/Mixed,ambiguous,0.824572933666172,145,150,0.7097790056590851,0.7154112201058042,0.015562735016677652,10.0,7.014301370767142,True
GSM4138139,4,1,Ambiguous/Mixed,ambiguous,0.8765083980944465,142,150,0.699060797300902,0.6988286295814581,0.014248817294500636,10.0,12.469790638803707,True
GSM4138155,4,4,Ambiguous/Mixed,ambiguous,0.7258971638847893,137,125,0.6703323608734009,0.6706060472674455,0.01467493260540225,10.0,3.7677254202168915,True
GSM4138139,4,4,Ambiguous/Mixed,ambiguous,0.8218078707821097,137,125,0.7229519069900383,0.722617484912415,0.030035127472733455,10.0,3.302479270638753,True
GSM4138161,4,1,Ambiguous/Mixed,ambiguous,0.835957856195919,137,125,0.7333353104514786,0.7353543171785206,0.025889469240864226,10.0,3.8858865000833864,True
GSM4138129,4,2,Ambiguous/Mixed,ambiguous,0.7685567770674665,133,125,0.756890486283832,0.7552705182207233,0.015009354452149085,10.0,0.8851985532822702,True
GSM4138125,4,1,Ambiguous/Mixed,ambiguous,0.8999309439502462,130,125,0.7520132089223499,0.7548864523792329,0.016148042472065072,10.0,8.982171790910856,True
GSM4138137,4,4,Ambiguous/Mixed,ambiguous,0.8216113958144029,129,125,0.7896445909365837,0.7889923150407521,0.013793873328592407,10.0,2.364751364363837,True
GSM4138111,4,1,Ambiguous/Mixed,ambiguous,0.7956338605493564,127,125,0.7372536749176613,0.7360946299112666,0.03491517663923173,10.0,1.7052535994101115,True
GSM4138115,4,2,Ambiguous/Mixed,ambiguous,0.7716281834695836,122,125,0.7776255670355046,0.7750482916849584,0.02461448754548891,10.0,-0.1389469599582037,False
GSM4138131,4,1,Ambiguous/Mixed,ambiguous,0.8727345972583438,117,125,0.7588302423614066,0.7566666679693221,0.007312858267320327,10.0,15.87175972050567,True
GSM4138127,4,4,Ambiguous/Mixed,ambiguous,0.7951429813079743,117,125,0.7806500689325178,0.7862384270027125,0.020488034378589554,10.0,0.4346221868197995,True
GSM4138137,4,1,Ambiguous/Mixed,ambiguous,0.9200092524549826,114,125,0.7896445909365837,0.7889923150407521,0.013793873328592407,10.0,9.498197808055417,True
GSM4138135,4,1,Ambiguous/Mixed,ambiguous,0.9320250141602635,114,125,0.7537509305914603,0.7524252329296265,0.01787572619691312,10.0,10.047132029894893,True
GSM4138161,4,3,Ambiguous/Mixed,ambiguous,0.860021817300931,113,125,0.7333353104514786,0.7353543171785206,0.025889469240864226,10.0,4.815374890947312,True
GSM4138131,4,3,Ambiguous/Mixed,ambiguous,0.9051170331450963,111,100,0.7557043535409838,0.7611333360605689,0.015599965739677184,10.0,9.22974444221484,True
GSM4138113,4,1,Ambiguous/Mixed,ambiguous,0.8526042396191641,92,100,0.7650419132455913,0.7661924020381662,0.011781454539829914,10.0,7.33456444523576,True
GSM4138157,4,2,Ambiguous/Mixed,ambiguous,0.8072243720056547,91,100,0.7525341686536431,0.7659391936217436,0.022798085751180298,10.0,1.8109054784028829,True
GSM4138129,4,1,Ambiguous/Mixed,ambiguous,0.8965448553388752,89,100,0.7802294636545738,0.7803470255522751,0.019596937692990053,10.0,5.929387111750873,True
GSM4138131,4,4,Ambiguous/Mixed,ambiguous,0.801293435371213,88,100,0.7557043535409838,0.7611333360605689,0.015599965739677184,10.0,2.574370994193938,True
GSM4138121,4,4,Ambiguous/Mixed,ambiguous,0.7637491234209671,85,75,0.7145737002026338,0.7116382866137885,0.02458865090515683,10.0,2.119304430657062,True
GSM4138159,4,2,Ambiguous/Mixed,ambiguous,0.7414897667455603,75,75,0.8071511925804915,0.8065018679849263,0.011075114658398522,10.0,-5.870106382155217,False
GSM4138141,4,3,Ambiguous/Mixed,ambiguous,0.9158404233747901,74,75,0.831470497790985,0.8278099593248556,0.0276992532023982,10.0,3.1780807737557653,True
GSM4138111,4,3,Ambiguous/Mixed,ambiguous,0.7677110639005599,71,75,0.7806089576382846,0.789021593047926,0.0342033162138128,10.0,-0.6230544726759554,False
GSM4138119,4,2,Ambiguous/Mixed,ambiguous,0.7188119089065275,60,50,0.7932023400422761,0.7863755180014268,0.03733831019104338,10.0,-1.8094983074811544,False
GSM4138121,4,2,Ambiguous/Mixed,ambiguous,0.7410901946360482,57,50,0.7614734388237507,0.7563677651983048,0.030301256083991836,10.0,-0.5041893484517229,False
GSM4138155,4,3,Ambiguous/Mixed,ambiguous,0.9001000132765705,52,50,0.8116719002969048,0.8001558755817797,0.0330336939627996,10.0,3.025521087872928,True
GSM4138157,4,1,Ambiguous/Mixed,ambiguous,0.9284703486310911,51,50,0.8767823283670589,0.8837388104858525,0.019832699274607107,10.0,2.255443776254446,True
GSM4138159,4,1,Ambiguous/Mixed,ambiguous,0.9509075599265641,50,50,0.8437099104233334,0.8452388199834336,0.025959377203851615,10.0,4.07054218263188,True
GSM4138119,4,1,Ambiguous/Mixed,ambiguous,0.8313345310276647,50,50,0.7932023400422761,0.7863755180014268,0.03733831019104338,10.0,1.204098760661713,True
GSM4138123,4,3,Ambiguous/Mixed,ambiguous,0.9495662265448335,50,50,0.7850821070212497,0.7888663908895278,0.026193388641296472,10.0,6.135129664053716,True
GSM4138143,4,3,Ambiguous/Mixed,ambiguous,0.9235207914849688,48,50,0.8716764985029095,0.8679807590756784,0.04169045767387151,10.0,1.332200112643493,True
GSM4138113,4,2,Ambiguous/Mixed,ambiguous,0.8109563413655733,47,50,0.8350619853836887,0.834037813788137,0.024529631773840915,10.0,-0.9409628581207844,False
GSM4138133,4,1,Ambiguous/Mixed,ambiguous,0.9446926353957724,46,50,0.8481763951444382,0.8457010820553125,0.040238050381549366,10.0,2.4601478551220075,True
GSM4138145,4,3,Ambiguous/Mixed,ambiguous,0.9472622152517468,46,50,0.8639541963394225,0.8551855138959764,0.03320226051125106,10.0,2.773205797977788,True
GSM4138161,4,4,Ambiguous/Mixed,ambiguous,0.8564055556061472,46,50,0.8186150959142044,0.8202611816061893,0.023224484276183642,10.0,1.5563046985298767,True
GSM4138121,4,1,Ambiguous/Mixed,ambiguous,0.905249073117885,43,50,0.7614734388237507,0.7563677651983048,0.030301256083991836,10.0,4.913370835416762,True
GSM4138153,4,2,Ambiguous/Mixed,ambiguous,0.7982978552799926,43,50,0.7957236134393696,0.7871529687135751,0.0266825271843156,10.0,0.41768482008588304,True
GSM4138113,4,3,Ambiguous/Mixed,ambiguous,0.7785771275833526,38,50,0.8350619853836887,0.834037813788137,0.024529631773840915,10.0,-2.2609669283307063,False
GSM4138145,4,4,Ambiguous/Mixed,ambiguous,0.9301123877602014,37,25,0.9581722339130803,0.9672380217135125,0.025825993587039915,10.0,-1.437529744138926,False
GSM4138123,4,4,Ambiguous/Mixed,ambiguous,0.8855966660914028,32,25,0.8699213661280445,0.8801549342541974,0.026021253875910234,10.0,0.2091264265417708,True
GSM4138147,4,3,Ambiguous/Mixed,ambiguous,0.925292417692126,32,25,0.9260874884786799,0.91700049001221,0.03480209657643462,10.0,0.23825942962099353,False
GSM4138127,4,3,Ambiguous/Mixed,ambiguous,0.921039121510737,32,25,0.9607701486208685,0.958907948415632,0.02307048316562853,10.0,-1.6414405642493755,False
GSM4138149,4,2,Ambiguous/Mixed,ambiguous,0.8925847752595351,28,25,0.9390651824540796,0.9368911783887327,0.04310263417779558,10.0,-1.0279279671501422,False
GSM4138115,4,1,Ambiguous/Mixed,ambiguous,0.9687325166582295,28,25,0.9613827702706941,0.9602304947917325,0.021745965538883007,10.0,0.39097007908408865,True
GSM4138129,4,4,Ambiguous/Mixed,ambiguous,0.9101838432203979,27,25,0.931076450825193,0.9183711485744729,0.032131232378038686,10.0,-0.25480832038272194,False
GSM4138123,4,1,Ambiguous/Mixed,ambiguous,0.9543318868316409,27,25,0.8699213661280445,0.8801549342541974,0.026021253875910234,10.0,2.85062944818791,True
GSM4138112,4,3,Ambiguous/Mixed,ambiguous,0.9670409840078681,25,25,0.9627064512758634,0.9599645605323005,0.013878950244238929,10.0,0.5098673423449274,True
GSM4138129,4,3,Ambiguous/Mixed,ambiguous,0.9868286715955322,25,25,0.931076450825193,0.9183711485744729,0.032131232378038686,10.0,2.130560142095553,True
GSM4138160,4,3,Ambiguous/Mixed,ambiguous,0.980833886723325,23,25,0.9807110966306685,0.9779941749898674,0.016262702143506322,10.0,0.17461499991817436,True
GSM4138139,4,3,Ambiguous/Mixed,ambiguous,0.9603602245344051,23,25,0.9357290956556907,0.9337225384790877,0.0319793612246252,10.0,0.8329649197247077,True
GSM4138133,4,3,Ambiguous/Mixed,ambiguous,0.9840886463775538,22,25,0.9093942843333844,0.9134138789599708,0.020292895865104355,10.0,3.4827344449697395,True
GSM4138110,4,3,Ambiguous/Mixed,ambiguous,0.9555193703185515,21,25,0.9868341180732119,0.9867664570718897,0.011731289324245612,10.0,-2.663567992373896,False
GSM4138170,4,2,Ambiguous/Mixed,ambiguous,1.0,20,25,0.9509799860820786,0.9563853632594395,0.024233388108039735,10.0,1.7997746145158642,True
GSM4138128,4,3,Ambiguous/Mixed,ambiguous,0.9782659584116306,20,25,0.9844528974607618,0.9831021452587395,0.010708099409941723,10.0,-0.4516382097292538,False
GSM4138115,4,3,Ambiguous/Mixed,ambiguous,0.96780551371186,20,25,0.9613827702706941,0.9602304947917325,0.021745965538883007,10.0,0.3483413466549878,True
GSM4138168,4,3,Ambiguous/Mixed,ambiguous,0.9457890908623999,20,25,0.9541628191306922,0.9543500656433102,0.015998487667747092,10.0,-0.5351115029559405,False
GSM4138122,4,3,Ambiguous/Mixed,ambiguous,0.9782659584116306,20,25,0.9792524358015444,0.9750685359411753,0.0122815856284961,10.0,0.2603428064725239,False
GSM4138141,4,4,Ambiguous/Mixed,ambiguous,0.9469821716081,19,25,0.9592369758991124,0.9592641270747289,0.029027749588371645,10.0,-0.42311083844918124,False
GSM4138153,4,1,Ambiguous/Mixed,ambiguous,1.0,19,25,0.9019739133206406,0.9067701798014556,0.032993349520122034,10.0,2.825715532207037,True
GSM4138147,4,2,Ambiguous/Mixed,ambiguous,0.8730933452623457,19,25,0.9260874884786799,0.91700049001221,0.03480209657643462,10.0,-1.261623553438297,False
GSM4138171,4,2,Ambiguous/Mixed,ambiguous,0.9708881861822778,18,25,0.9759808467049595,0.9775981664159804,0.00698398359901874,10.0,-0.9607668945049326,False
GSM4138135,4,3,Ambiguous/Mixed,ambiguous,0.9773181223355705,18,25,0.9262103971686568,0.9299491761958603,0.027728452087857892,10.0,1.7083155593980222,True
GSM4138172,4,2,Ambiguous/Mixed,ambiguous,0.9589225144173786,18,25,0.9425151302916579,0.940877955876207,0.01005325236184313,10.0,1.7948976004680106,True
GSM4138157,4,3,Ambiguous/Mixed,ambiguous,0.9480389776479722,17,25,0.968189445659703,0.967113018075611,0.0247939680093005,10.0,-0.7693016470975496,False
GSM4138162,4,3,Ambiguous/Mixed,ambiguous,0.9897606953288196,17,25,0.9600140953042835,0.9563751722194592,0.016814135194355585,10.0,1.9855629042740017,True
GSM4138157,4,4,Ambiguous/Mixed,ambiguous,0.9599457953890572,17,25,0.968189445659703,0.967113018075611,0.0247939680093005,10.0,-0.28907122425362813,False
GSM4138130,4,3,Ambiguous/Mixed,ambiguous,0.9652784490766921,17,25,0.9804453099621897,0.9776933830033974,0.009270985594780661,10.0,-1.3391169471447064,False
GSM4138163,4,3,Ambiguous/Mixed,ambiguous,0.9941087355013785,16,25,0.9585446561255815,0.9609096758297184,0.017601132002729513,10.0,1.8861888920844216,True
GSM4138172,4,1,Ambiguous/Mixed,ambiguous,0.9732120765697936,15,25,0.9425151302916579,0.940877955876207,0.01005325236184313,10.0,3.2162845942582616,True
GSM4138134,4,3,Ambiguous/Mixed,ambiguous,0.9856991785152992,15,25,0.9819249423843273,0.9821690248976547,0.015217447096237586,10.0,0.23198067292886035,True
GSM4138121,4,3,Ambiguous/Mixed,ambiguous,0.966326387069566,15,25,0.8588424057810767,0.8648333879843543,0.02589934807083429,10.0,3.918747252155924,True
GSM4138151,4,3,Ambiguous/Mixed,ambiguous,0.9806392337550041,15,25,0.9827178817478986,0.9846374919959022,0.012571234817351205,10.0,-0.31804817100223504,False
GSM4138134,5,1,Ambiguous/Mixed,ambiguous,0.9561562126178971,1213,1225,0.9513815996293293,0.9511254569081459,0.0004636789267097363,10.0,10.849653542483418,True
GSM4138156,5,1,Ambiguous/Mixed,ambiguous,0.8972217973513263,919,925,0.8886977449779212,0.8889503196162529,0.003913135749290336,10.0,2.1137722443116074,True
GSM4138126,5,1,Ambiguous/Mixed,ambiguous,0.9529039457285877,758,750,0.9538573827526964,0.9539020316682425,0.0002101539933936338,10.0,-4.749307512730878,False
GSM4138116,5,1,Ambiguous/Mixed,ambiguous,0.9242507542572167,703,700,0.9217260418786248,0.9217348768857916,0.00022669976466545822,10.0,11.09783847873774,True
GSM4138140,5,1,Ambiguous/Mixed,ambiguous,0.9104399036333599,700,700,0.9078111651806406,0.9068905802054197,0.0017668472697567185,10.0,2.008845636345776,True
GSM4138142,5,1,Ambiguous/Mixed,ambiguous,0.908776416664459,689,700,,,,,,False
GSM4138132,5,1,Ambiguous/Mixed,ambiguous,0.933026659763963,643,650,,,,,,False
GSM4138136,5,1,Ambiguous/Mixed,ambiguous,0.897545671138613,641,650,,,,,,False
GSM4138110,5,1,Ambiguous/Mixed,ambiguous,0.9119283262748428,628,625,0.9060897039154181,0.9066685629294383,0.0015164147847689798,10.0,3.468551875274522,True
GSM4138120,5,1,Ambiguous/Mixed,ambiguous,0.8473820463215724,609,600,0.8443952529491889,0.8440244997402349,0.0009759269134653771,10.0,3.440366829740774,True
GSM4138130,5,1,Ambiguous/Mixed,ambiguous,0.9194673989705873,585,575,0.9001695525010971,0.9005950010084701,0.002005367489728226,10.0,9.41094241269205,True
GSM4138138,5,1,Ambiguous/Mixed,ambiguous,0.8903661621199703,576,575,0.9043714999078616,0.9048127741948289,0.0011477243306989308,10.0,-12.58717941969651,False
GSM4138123,5,2,Ambiguous/Mixed,ambiguous,0.7192679676561551,550,550,0.6784234072551489,0.6778744843113707,0.004680732912351878,10.0,8.843376479685933,True
GSM4138122,5,1,Ambiguous/Mixed,ambiguous,0.8813609773768527,544,550,0.8827907504497787,0.8834174043870373,0.0014808083294433284,10.0,-1.388719234823364,False
GSM4138128,5,1,Ambiguous/Mixed,ambiguous,0.8813609773768527,544,550,0.8836444036268716,0.8844613770301131,0.002162722762049103,10.0,-1.4335631490385055,False
GSM4138135,5,2,Ambiguous/Mixed,ambiguous,0.743947241441501,493,500,0.6830151225960033,0.6865934827378459,0.011722560083588875,10.0,4.892596693443109,True
GSM4138162,5,1,Ambiguous/Mixed,ambiguous,0.8911671709487927,485,475,0.8860682449565281,0.8865330642353026,0.0033742582927845464,10.0,1.3733704747498325,True
GSM4138160,5,1,Ambiguous/Mixed,ambiguous,0.8973504704889755,485,475,0.8596701616474662,0.8611821379546842,0.005928421014857502,10.0,6.100837380416825,True
GSM4138166,5,1,Ambiguous/Mixed,ambiguous,0.8913964012848505,467,475,,,,,,False
GSM4138146,5,1,Ambiguous/Mixed,ambiguous,0.8890286325827184,461,450,0.8875859959393546,0.8872812173595259,0.004673913580633739,10.0,0.373865539669543,True
GSM4138152,5,1,Ambiguous/Mixed,ambiguous,0.8615241308228656,461,450,0.8487683296515977,0.8495548372199156,0.0031139402567368288,10.0,3.843777534605903,True
GSM4138137,5,2,Ambiguous/Mixed,ambiguous,0.7718623865211739,460,450,0.7580765510797334,0.7591546041486261,0.007391144647552315,10.0,1.7193253519610305,True
GSM4138165,5,1,Ambiguous/Mixed,ambiguous,0.8949850658164404,437,425,0.8973809165987539,0.8971954250620143,0.0005295584220022184,10.0,-4.173966749913441,False
GSM4138163,5,1,Ambiguous/Mixed,ambiguous,0.9072704819130132,424,425,0.8999351019674418,0.8982706432236526,0.0037395159604525726,10.0,2.4066854599736502,True
GSM4138131,5,2,Ambiguous/Mixed,ambiguous,0.7292039610840264,409,400,0.6981121905195642,0.6974884897641231,0.010155895217111256,10.0,3.1228631885121416,True
GSM4138125,5,2,Ambiguous/Mixed,ambiguous,0.7457012034805575,379,375,0.7062968386400886,0.7072352836723058,0.006934925048931695,10.0,5.546695823940766,True
GSM4138112,5,1,Ambiguous/Mixed,ambiguous,0.8964559322265603,354,350,0.8733830869380714,0.8730517382757235,0.003719020763182527,10.0,6.293106557116619,True
GSM4138114,5,1,Ambiguous/Mixed,ambiguous,0.8848695210761265,352,350,0.8850913324254888,0.8854384305771605,0.0011052528383953737,10.0,-0.5147324496899797,False
GSM4138154,5,1,Ambiguous/Mixed,ambiguous,0.8579446319199553,352,350,0.8215481739862732,0.8223186294756427,0.004532717902619563,10.0,7.859744023276517,True
GSM4138167,5,1,Ambiguous/Mixed,ambiguous,0.8808930053659563,340,350,,,,,,False
GSM4138124,5,1,Ambiguous/Mixed,ambiguous,0.9156908552946471,340,350,,,,,,False
GSM4138155,5,2,Ambiguous/Mixed,ambiguous,0.6596681055935145,300,300,0.6033448211959036,0.6039785414126425,0.005901794747632342,10.0,9.436038791964652,True
GSM4138144,5,1,Ambiguous/Mixed,ambiguous,0.8498831569088204,298,300,0.8510652216854628,0.8492120904825141,0.00429985964774312,10.0,0.1560670536440756,False
GSM4138141,5,1,Ambiguous/Mixed,ambiguous,0.9068391083874362,294,300,0.736584197398757,0.7375981933877374,0.008331441161285464,10.0,20.31352220143226,True
GSM4138118,5,1,Ambiguous/Mixed,ambiguous,0.8770768667778066,292,300,,,,,,False
GSM4138139,5,2,Ambiguous/Mixed,ambiguous,0.7201407142764347,286,275,0.6636751200653334,0.6646249853506608,0.020592534518260527,10.0,2.695915302535732,True
GSM4138145,5,1,Ambiguous/Mixed,ambiguous,0.7915138099644659,283,275,0.7190370108919996,0.7173903335940321,0.01220780259515719,10.0,6.071811515025508,True
GSM4138158,5,1,Ambiguous/Mixed,ambiguous,0.8973834055759495,276,275,0.8929583802283123,0.8927295970311503,0.0024443295860833805,10.0,1.9039202288003125,True
GSM4138133,5,2,Ambiguous/Mixed,ambiguous,0.7307058130449876,239,250,0.7636624534932598,0.7614187289963439,0.013097864310410373,10.0,-2.344879685991647,False
GSM4138141,5,2,Ambiguous/Mixed,ambiguous,0.7275276070362975,235,225,0.7349052383262953,0.7347788073381029,0.006553540347044443,10.0,-1.1064554298617486,False
GSM4138135,5,4,Ambiguous/Mixed,ambiguous,0.7611300250956905,209,200,0.7143764789432155,0.715026157238883,0.013505865552847036,10.0,3.4136181554901412,True
GSM4138155,5,1,Ambiguous/Mixed,ambiguous,0.8038673549443942,190,200,0.6149920847587264,0.6159832708199058,0.022231909978797725,10.0,8.451099536822117,True
GSM4138150,5,1,Ambiguous/Mixed,ambiguous,0.897909786957394,190,200,,,,,,False
GSM4138148,5,1,Ambiguous/Mixed,ambiguous,0.8569403051496318,177,175,0.851182691829546,0.8526637845811443,0.00508833153460405,10.0,0.840456353797761,True
GSM4138145,5,2,Ambiguous/Mixed,ambiguous,0.7288359779231,166,175,0.7281953837093378,0.7251175554251411,0.012244741588320956,10.0,0.30367504868420203,True
GSM4138127,5,2,Ambiguous/Mixed,ambiguous,0.7573785855466127,164,175,0.759347970912561,0.7643712152860987,0.018018053079367453,10.0,-0.3880901953548627,False
GSM4138143,5,2,Ambiguous/Mixed,ambiguous,0.7227659296837639,159,150,0.7236820896617187,0.7308260583484285,0.02006810311333664,10.0,-0.4016387906293019,False
GSM4138117,5,2,Ambiguous/Mixed,ambiguous,0.7467085033841926,157,150,0.7097790056590851,0.7154112201058042,0.015562735016677652,10.0,2.011040041795289,True
GSM4138164,5,1,Ambiguous/Mixed,ambiguous,0.841996642698004,155,150,0.8373912943454023,0.8394840808611127,0.005660958392826469,10.0,0.4438403645706362,True
GSM4138143,5,1,Ambiguous/Mixed,ambiguous,0.8389408479330955,153,150,0.7236820896617187,0.7308260583484285,0.02006810311333664,10.0,5.38739456211072,True
GSM4138117,5,1,Ambiguous/Mixed,ambiguous,0.8190179174955012,150,150,0.7097790056590851,0.7154112201058042,0.015562735016677652,10.0,6.65735793089505,True
GSM4138127,5,1,Ambiguous/Mixed,ambiguous,0.9199053531291854,148,150,0.7668860514455906,0.7668052013055144,0.014720772737860328,10.0,10.400279560726657,True
GSM4138139,5,1,Ambiguous/Mixed,ambiguous,0.8720554830449216,145,150,0.699060797300902,0.6988286295814581,0.014248817294500636,10.0,12.157279434716372,True
GSM4138161,5,1,Ambiguous/Mixed,ambiguous,0.827374275886676,140,150,0.7029563501420206,0.7070731768025583,0.01748651262911728,10.0,6.879650713419037,True
GSM4138111,5,2,Ambiguous/Mixed,ambiguous,0.683383729891532,139,150,0.7093394953080655,0.7115272973308231,0.026019176543846136,10.0,-1.0816471225315334,False
GSM4138139,5,4,Ambiguous/Mixed,ambiguous,0.8218078707821097,137,125,0.7229519069900383,0.722617484912415,0.030035127472733455,10.0,3.302479270638753,True
GSM4138111,5,1,Ambiguous/Mixed,ambiguous,0.7870366832080937,137,125,0.7372536749176613,0.7360946299112666,0.03491517663923173,10.0,1.4590232156977576,True
GSM4138161,5,2,Ambiguous/Mixed,ambiguous,0.6958845739271229,136,125,0.7333353104514786,0.7353543171785206,0.025889469240864226,10.0,-1.5245481815091928,False
GSM4138155,5,4,Ambiguous/Mixed,ambiguous,0.723801876264266,136,125,0.6703323608734009,0.6706060472674455,0.01467493260540225,10.0,3.624945369577884,True
GSM4138137,5,4,Ambiguous/Mixed,ambiguous,0.8235118713433076,131,125,0.7896445909365837,0.7889923150407521,0.013793873328592407,10.0,2.5025281500158654,True
GSM4138125,5,1,Ambiguous/Mixed,ambiguous,0.8999309439502462,130,125,0.7520132089223499,0.7548864523792329,0.016148042472065072,10.0,8.982171790910856,True
GSM4138129,5,2,Ambiguous/Mixed,ambiguous,0.7768906236490587,122,125,0.756890486283832,0.7552705182207233,0.015009354452149085,10.0,1.4404420588015188,True
GSM4138131,5,1,Ambiguous/Mixed,ambiguous,0.8735110662933803,121,125,0.7588302423614066,0.7566666679693221,0.007312858267320327,10.0,15.977938318073514,True
GSM4138135,5,1,Ambiguous/Mixed,ambiguous,0.9355637461062194,118,125,0.7537509305914603,0.7524252329296265,0.01787572619691312,10.0,10.245095005327297,True
GSM4138127,5,4,Ambiguous/Mixed,ambiguous,0.7951429813079743,117,125,0.7806500689325178,0.7862384270027125,0.020488034378589554,10.0,0.4346221868197995,True
GSM4138137,5,1,Ambiguous/Mixed,ambiguous,0.9177903600148091,115,125,0.7896445909365837,0.7889923150407521,0.013793873328592407,10.0,9.33733708479692,True
GSM4138161,5,3,Ambiguous/Mixed,ambiguous,0.860021817300931,113,125,0.7333353104514786,0.7353543171785206,0.025889469240864226,10.0,4.815374890947312,True
GSM4138131,5,3,Ambiguous/Mixed,ambiguous,0.9046789059634622,112,100,0.7557043535409838,0.7611333360605689,0.015599965739677184,10.0,9.201659304789203,True
GSM4138115,5,2,Ambiguous/Mixed,ambiguous,0.7886697691484414,110,100,0.7920845389979708,0.7915698759368393,0.01158484000377745,10.0,-0.25033636955298233,False
GSM4138113,5,1,Ambiguous/Mixed,ambiguous,0.8453409179734663,93,100,0.7650419132455913,0.7661924020381662,0.011781454539829914,10.0,6.718059783511484,True
GSM4138131,5,4,Ambiguous/Mixed,ambiguous,0.802385989441829,91,100,0.7557043535409838,0.7611333360605689,0.015599965739677184,10.0,2.644406665351678,True
GSM4138129,5,1,Ambiguous/Mixed,ambiguous,0.8965448553388752,89,100,0.7802294636545738,0.7803470255522751,0.019596937692990053,10.0,5.929387111750873,True
GSM4138121,5,4,Ambiguous/Mixed,ambiguous,0.7637491234209671,85,75,0.7145737002026338,0.7116382866137885,0.02458865090515683,10.0,2.119304430657062,True
GSM4138157,5,2,Ambiguous/Mixed,ambiguous,0.7741459420303799,80,75,0.7957078197803629,0.7937674527103674,0.017133301527208912,10.0,-1.1452264847395088,False
GSM4138159,5,2,Ambiguous/Mixed,ambiguous,0.7255477856648588,74,75,0.8071511925804915,0.8065018679849263,0.011075114658398522,10.0,-7.309548010744802,False
GSM4138141,5,3,Ambiguous/Mixed,ambiguous,0.9158404233747901,74,75,0.831470497790985,0.8278099593248556,0.0276992532023982,10.0,3.1780807737557653,True
GSM4138111,5,3,Ambiguous/Mixed,ambiguous,0.7677110639005599,71,75,0.7806089576382846,0.789021593047926,0.0342033162138128,10.0,-0.6230544726759554,False
GSM4138139,5,5,Mast,specific,0.9658315628046693,60,50,0.8497700424179017,0.8489892535757297,0.02583433449671354,10.0,4.522752821204023,True
GSM4138121,5,2,Ambiguous/Mixed,ambiguous,0.7410901946360482,57,50,0.7614734388237507,0.7563677651983048,0.030301256083991836,10.0,-0.5041893484517229,False
GSM4138155,5,3,Ambiguous/Mixed,ambiguous,0.9001000132765705,52,50,0.8116719002969048,0.8001558755817797,0.0330336939627996,10.0,3.025521087872928,True
GSM4138157,5,1,Ambiguous/Mixed,ambiguous,0.8931310440079556,52,50,0.8767823283670589,0.8837388104858525,0.019832699274607107,10.0,0.47357313253514405,True
GSM4138119,5,2,Ambiguous/Mixed,ambiguous,0.7084484697960387,52,50,0.7932023400422761,0.7863755180014268,0.03733831019104338,10.0,-2.0870534260032216,False
GSM4138123,5,3,Ambiguous/Mixed,ambiguous,0.9495662265448335,50,50,0.7850821070212497,0.7888663908895278,0.026193388641296472,10.0,6.135129664053716,True
GSM4138119,5,1,Ambiguous/Mixed,ambiguous,0.8313345310276647,50,50,0.7932023400422761,0.7863755180014268,0.03733831019104338,10.0,1.204098760661713,True
GSM4138159,5,1,Ambiguous/Mixed,ambiguous,0.9509075599265641,50,50,0.8437099104233334,0.8452388199834336,0.025959377203851615,10.0,4.07054218263188,True
GSM4138133,5,1,Ambiguous/Mixed,ambiguous,0.9366421187502854,48,50,0.8481763951444382,0.8457010820553125,0.040238050381549366,10.0,2.2600756207779074,True
GSM4138143,5,3,Ambiguous/Mixed,ambiguous,0.9235207914849688,48,50,0.8716764985029095,0.8679807590756784,0.04169045767387151,10.0,1.332200112643493,True
GSM4138145,5,3,Ambiguous/Mixed,ambiguous,0.9472622152517468,46,50,0.8639541963394225,0.8551855138959764,0.03320226051125106,10.0,2.773205797977788,True
GSM4138161,5,4,Ambiguous/Mixed,ambiguous,0.8564055556061472,46,50,0.8186150959142044,0.8202611816061893,0.023224484276183642,10.0,1.5563046985298767,True
GSM4138121,5,1,Ambiguous/Mixed,ambiguous,0.905249073117885,43,50,0.7614734388237507,0.7563677651983048,0.030301256083991836,10.0,4.913370835416762,True
GSM4138113,5,2,Ambiguous/Mixed,ambiguous,0.8588035562353217,42,50,0.8350619853836887,0.834037813788137,0.024529631773840915,10.0,1.0096255286471743,True
GSM4138113,5,3,Ambiguous/Mixed,ambiguous,0.7785771275833526,38,50,0.8350619853836887,0.834037813788137,0.024529631773840915,10.0,-2.2609669283307063,False
GSM4138145,5,4,Ambiguous/Mixed,ambiguous,0.9301123877602014,37,25,0.9581722339130803,0.9672380217135125,0.025825993587039915,10.0,-1.437529744138926,False
GSM4138153,5,2,Ambiguous/Mixed,ambiguous,0.7996953545449202,36,25,0.9019739133206406,0.9067701798014556,0.032993349520122034,10.0,-3.2453457079655514,False
GSM4138127,5,3,Ambiguous/Mixed,ambiguous,0.9217204179375714,33,25,0.9607701486208685,0.958907948415632,0.02307048316562853,10.0,-1.6119094780582774,False
GSM4138123,5,4,Ambiguous/Mixed,ambiguous,0.8855966660914028,32,25,0.8699213661280445,0.8801549342541974,0.026021253875910234,10.0,0.2091264265417708,True
GSM4138147,5,3,Ambiguous/Mixed,ambiguous,0.925292417692126,32,25,0.9260874884786799,0.91700049001221,0.03480209657643462,10.0,0.23825942962099353,False
GSM4138143,5,5,Mast,specific,0.9748135904112316,31,25,0.9450580936944553,0.9491119471886973,0.0170366173356051,10.0,1.5086118750123032,True
GSM4138111,5,5,Mast,specific,0.8772200899755831,30,25,0.9111547497859049,0.9174711520389224,0.03172688570524009,10.0,-1.2686735924002561,False
GSM4138115,5,1,Ambiguous/Mixed,ambiguous,0.9589018943170823,30,25,0.9613827702706941,0.9602304947917325,0.021745965538883007,10.0,-0.061096412218377194,False
GSM4138123,5,1,Ambiguous/Mixed,ambiguous,0.9543318868316409,27,25,0.8699213661280445,0.8801549342541974,0.026021253875910234,10.0,2.85062944818791,True
GSM4138129,5,4,Ambiguous/Mixed,ambiguous,0.9101838432203979,27,25,0.931076450825193,0.9183711485744729,0.032131232378038686,10.0,-0.25480832038272194,False
GSM4138112,5,3,Ambiguous/Mixed,ambiguous,0.9670409840078681,25,25,0.9627064512758634,0.9599645605323005,0.013878950244238929,10.0,0.5098673423449274,True
GSM4138129,5,3,Ambiguous/Mixed,ambiguous,0.9868286715955322,25,25,0.931076450825193,0.9183711485744729,0.032131232378038686,10.0,2.130560142095553,True
GSM4138139,5,3,Ambiguous/Mixed,ambiguous,0.9603602245344051,23,25,0.9357290956556907,0.9337225384790877,0.0319793612246252,10.0,0.8329649197247077,True
GSM4138160,5,3,Ambiguous/Mixed,ambiguous,0.980833886723325,23,25,0.9807110966306685,0.9779941749898674,0.016262702143506322,10.0,0.17461499991817436,True
GSM4138133,5,3,Ambiguous/Mixed,ambiguous,0.9840886463775538,22,25,0.9093942843333844,0.9134138789599708,0.020292895865104355,10.0,3.4827344449697395,True
GSM4138149,5,2,Ambiguous/Mixed,ambiguous,0.913724330125635,22,25,0.9390651824540796,0.9368911783887327,0.04310263417779558,10.0,-0.537481031148489,False
GSM4138135,5,5,Mast,specific,1.0,21,25,0.9262103971686568,0.9299491761958603,0.027728452087857892,10.0,2.5263156984812194,True
GSM4138110,5,3,Ambiguous/Mixed,ambiguous,0.9555193703185515,21,25,0.9868341180732119,0.9867664570718897,0.011731289324245612,10.0,-2.663567992373896,False
GSM4138168,5,3,Ambiguous/Mixed,ambiguous,0.9457890908623999,20,25,0.9541628191306922,0.9543500656433102,0.015998487667747092,10.0,-0.5351115029559405,False
GSM4138128,5,3,Ambiguous/Mixed,ambiguous,0.9782659584116306,20,25,0.9844528974607618,0.9831021452587395,0.010708099409941723,10.0,-0.4516382097292538,False
GSM4138115,5,3,Ambiguous/Mixed,ambiguous,0.96780551371186,20,25,0.9613827702706941,0.9602304947917325,0.021745965538883007,10.0,0.3483413466549878,True
GSM4138122,5,3,Ambiguous/Mixed,ambiguous,0.9782659584116306,20,25,0.9792524358015444,0.9750685359411753,0.0122815856284961,10.0,0.2603428064725239,False
GSM4138155,5,5,Mast,specific,0.9381206978557273,19,25,0.9125995833019843,0.9086011184524632,0.0205912592617861,10.0,1.4335975778833236,True
GSM4138147,5,2,Ambiguous/Mixed,ambiguous,0.8730933452623457,19,25,0.9260874884786799,0.91700049001221,0.03480209657643462,10.0,-1.261623553438297,False
GSM4138141,5,4,Ambiguous/Mixed,ambiguous,0.9469821716081,19,25,0.9592369758991124,0.9592641270747289,0.029027749588371645,10.0,-0.42311083844918124,False
GSM4138153,5,1,Ambiguous/Mixed,ambiguous,1.0,19,25,0.9019739133206406,0.9067701798014556,0.032993349520122034,10.0,2.825715532207037,True
GSM4138131,5,5,Mast,specific,0.9564196483172959,19,25,0.923417081484569,0.9232553144549218,0.039261461223893256,10.0,0.8447045226679263,True
GSM4138135,5,3,Ambiguous/Mixed,ambiguous,0.9773181223355705,18,25,0.9262103971686568,0.9299491761958603,0.027728452087857892,10.0,1.7083155593980222,True
GSM4138157,5,4,Ambiguous/Mixed,ambiguous,0.9599457953890572,17,25,0.968189445659703,0.967113018075611,0.0247939680093005,10.0,-0.28907122425362813,False
GSM4138170,5,2,Ambiguous/Mixed,ambiguous,1.0,17,25,0.9509799860820786,0.9563853632594395,0.024233388108039735,10.0,1.7997746145158642,True
GSM4138130,5,3,Ambiguous/Mixed,ambiguous,0.9652784490766921,17,25,0.9804453099621897,0.9776933830033974,0.009270985594780661,10.0,-1.3391169471447064,False
GSM4138162,5,3,Ambiguous/Mixed,ambiguous,0.9897606953288196,17,25,0.9600140953042835,0.9563751722194592,0.016814135194355585,10.0,1.9855629042740017,True
GSM4138157,5,3,Ambiguous/Mixed,ambiguous,0.9480389776479722,17,25,0.968189445659703,0.967113018075611,0.0247939680093005,10.0,-0.7693016470975496,False
GSM4138171,5,2,Ambiguous/Mixed,ambiguous,1.0,17,25,0.9759808467049595,0.9775981664159804,0.00698398359901874,10.0,3.2076011156680098,True
GSM4138163,5,3,Ambiguous/Mixed,ambiguous,0.9941087355013785,16,25,0.9585446561255815,0.9609096758297184,0.017601132002729513,10.0,1.8861888920844216,True
GSM4138172,5,1,Ambiguous/Mixed,ambiguous,0.97421260071075,16,25,0.9425151302916579,0.940877955876207,0.01005325236184313,10.0,3.315807027889181,True
GSM4138151,5,3,Ambiguous/Mixed,ambiguous,0.9806392337550041,15,25,0.9827178817478986,0.9846374919959022,0.012571234817351205,10.0,-0.31804817100223504,False
GSM4138121,5,3,Ambiguous/Mixed,ambiguous,0.966326387069566,15,25,0.8588424057810767,0.8648333879843543,0.02589934807083429,10.0,3.918747252155924,True
GSM4138172,5,2,Ambiguous/Mixed,ambiguous,0.9604836431532564,15,25,0.9425151302916579,0.940877955876207,0.01005325236184313,10.0,1.9501835397529923,True
GSM4138134,5,3,Ambiguous/Mixed,ambiguous,0.9856991785152992,15,25,0.9819249423843273,0.9821690248976547,0.015217447096237586,10.0,0.23198067292886035,True
GSM4138117,5,5,Mast,specific,0.9848958966969695,15,25,0.9147496893500744,0.9146754506733146,0.020995821291890267,10.0,3.3444962713022295,True
GSM4138134,6,1,Ambiguous/Mixed,ambiguous,0.9561562126178971,1213,1225,0.9513815996293293,0.9511254569081459,0.0004636789267097363,10.0,10.849653542483418,True
GSM4138156,6,1,Ambiguous/Mixed,ambiguous,0.901151012079771,916,925,0.8886977449779212,0.8889503196162529,0.003913135749290336,10.0,3.1178812198709736,True
GSM4138126,6,1,Ambiguous/Mixed,ambiguous,0.9529039457285877,758,750,0.9538573827526964,0.9539020316682425,0.0002101539933936338,10.0,-4.749307512730878,False
GSM4138116,6,1,Ambiguous/Mixed,ambiguous,0.9303430193458323,701,700,0.9217260418786248,0.9217348768857916,0.00022669976466545822,10.0,37.97155445989891,True
GSM4138140,6,1,Ambiguous/Mixed,ambiguous,0.9171426062806511,696,700,0.9078111651806406,0.9068905802054197,0.0017668472697567185,10.0,5.80244045465406,True
GSM4138142,6,1,Ambiguous/Mixed,ambiguous,0.9106069169972388,689,700,,,,,,False
GSM4138132,6,1,Ambiguous/Mixed,ambiguous,0.93497175799228,644,650,,,,,,False
GSM4138136,6,1,Ambiguous/Mixed,ambiguous,0.897545671138613,641,650,,,,,,False
GSM4138110,6,1,Ambiguous/Mixed,ambiguous,0.9110540960137425,627,625,0.9060897039154181,0.9066685629294383,0.0015164147847689798,10.0,2.8920405738277912,True
GSM4138120,6,1,Ambiguous/Mixed,ambiguous,0.852327674382433,606,600,0.8443952529491889,0.8440244997402349,0.0009759269134653771,10.0,8.507988177838758,True
GSM4138130,6,1,Ambiguous/Mixed,ambiguous,0.923439792533927,584,575,0.9001695525010971,0.9005950010084701,0.002005367489728226,10.0,11.391823016215813,True
GSM4138138,6,1,Ambiguous/Mixed,ambiguous,0.9129224731905184,575,575,0.9043714999078616,0.9048127741948289,0.0011477243306989308,10.0,7.065894465050691,True
GSM4138128,6,1,Ambiguous/Mixed,ambiguous,0.8858123633540804,541,550,0.8836444036268716,0.8844613770301131,0.002162722762049103,10.0,0.6246692121958989,True
GSM4138122,6,1,Ambiguous/Mixed,ambiguous,0.8858123633540804,541,550,0.8827907504497787,0.8834174043870373,0.0014808083294433284,10.0,1.6173321823111555,True
GSM4138160,6,1,Ambiguous/Mixed,ambiguous,0.9020943888560353,485,475,0.8596701616474662,0.8611821379546842,0.005928421014857502,10.0,6.901036683936401,True
GSM4138162,6,1,Ambiguous/Mixed,ambiguous,0.8969505020191236,482,475,0.8860682449565281,0.8865330642353026,0.0033742582927845464,10.0,3.08732671891107,True
GSM4138166,6,1,Ambiguous/Mixed,ambiguous,0.8961901068450987,465,475,,,,,,False
GSM4138146,6,1,Ambiguous/Mixed,ambiguous,0.8893332715472475,460,450,0.8875859959393546,0.8872812173595259,0.004673913580633739,10.0,0.4390441013338861,True
GSM4138152,6,1,Ambiguous/Mixed,ambiguous,0.8696110470806976,459,450,0.8487683296515977,0.8495548372199156,0.0031139402567368288,10.0,6.440781841395799,True
GSM4138165,6,1,Ambiguous/Mixed,ambiguous,0.9010838514971067,436,425,0.8973809165987539,0.8971954250620143,0.0005295584220022184,10.0,7.342771398839281,True
GSM4138163,6,1,Ambiguous/Mixed,ambiguous,0.9072704819130132,424,425,0.8999351019674418,0.8982706432236526,0.0037395159604525726,10.0,2.4066854599736502,True
GSM4138123,6,3,Macrophage_family,family,0.7424016288401483,403,400,0.6841643909095233,0.6847585428674706,0.008566764169818837,10.0,6.728688315683684,True
GSM4138135,6,3,Macrophage_family,family,0.7495144487620636,359,350,0.6962432198615721,0.6973667563280206,0.01332498295864608,10.0,3.9135278893701226,True
GSM4138112,6,1,Ambiguous/Mixed,ambiguous,0.8954083411534985,353,350,0.8733830869380714,0.8730517382757235,0.003719020763182527,10.0,6.011421904147576,True
GSM4138114,6,1,Ambiguous/Mixed,ambiguous,0.885230274258664,351,350,0.8850913324254888,0.8854384305771605,0.0011052528383953737,10.0,-0.18833366562422268,True
GSM4138154,6,1,Ambiguous/Mixed,ambiguous,0.8616792864768621,350,350,0.8215481739862732,0.8223186294756427,0.004532717902619563,10.0,8.683676735865681,True
GSM4138125,6,3,Macrophage_family,family,0.7525898180020528,342,350,0.7078718773381234,0.7090083985538308,0.005964149953419048,10.0,7.307230668007979,True
GSM4138167,6,1,Ambiguous/Mixed,ambiguous,0.889034732585736,339,350,,,,,,False
GSM4138124,6,1,Ambiguous/Mixed,ambiguous,0.9237456780946116,339,350,,,,,,False
GSM4138137,6,3,Macrophage_family,family,0.7889813275610023,312,300,0.7664775624973352,0.7664510467463589,0.00844285014684438,10.0,2.6685633906536097,True
GSM4138141,6,1,Ambiguous/Mixed,ambiguous,0.8779881339978622,303,300,0.736584197398757,0.7375981933877374,0.008331441161285464,10.0,16.850618985643056,True
GSM4138144,6,1,Ambiguous/Mixed,ambiguous,0.8638741106677961,292,300,0.8510652216854628,0.8492120904825141,0.00429985964774312,10.0,3.409883434911103,True
GSM4138118,6,1,Ambiguous/Mixed,ambiguous,0.892680065325938,290,300,,,,,,False
GSM4138131,6,2,DC_family,family,0.7167153982415957,282,275,0.7092649369120825,0.711545271193384,0.012473217103551952,10.0,0.4144982810200152,True
GSM4138158,6,1,Ambiguous/Mixed,ambiguous,0.9039463259653715,272,275,0.8929583802283123,0.8927295970311503,0.0024443295860833805,10.0,4.588877456658411,True
GSM4138145,6,1,Ambiguous/Mixed,ambiguous,0.8164540397626308,258,250,0.7214868193469293,0.7240791462805322,0.013654026598944866,10.0,6.765395747012606,True
GSM4138135,6,4,Ambiguous/Mixed,ambiguous,0.7658426306984571,228,225,0.7068261946462349,0.7073111435152103,0.012828952221973677,10.0,4.5624526594613855,True
GSM4138155,6,1,Ambiguous/Mixed,ambiguous,0.8058474096074996,193,200,0.6149920847587264,0.6159832708199058,0.022231909978797725,10.0,8.540163169456186,True
GSM4138150,6,1,Ambiguous/Mixed,ambiguous,0.9065579601561824,189,200,,,,,,False
GSM4138155,6,2,DC_family,family,0.7058781911771544,186,175,0.6128473714066296,0.6145663529522757,0.017371985508373884,10.0,5.256269537000441,True
GSM4138145,6,2,DC_family,family,0.7410749749983234,178,175,0.7281953837093378,0.7251175554251411,0.012244741588320956,10.0,1.303205907456839,True
GSM4138148,6,1,Ambiguous/Mixed,ambiguous,0.8619332230195504,174,175,0.851182691829546,0.8526637845811443,0.00508833153460405,10.0,1.8217048899757693,True
GSM4138141,6,2,DC_family,family,0.7405548032071125,172,175,0.7355483096820561,0.7363138224761704,0.008358980751236634,10.0,0.507356202526813,True
GSM4138139,6,1,Ambiguous/Mixed,ambiguous,0.856103483221548,166,175,0.6790455971146819,0.6812905278292081,0.014153770013014195,10.0,12.350981768928122,True
GSM4138139,6,3,Macrophage_family,family,0.7391694030203018,164,175,0.6790455971146819,0.6812905278292081,0.014153770013014195,10.0,4.089290354292522,True
GSM4138137,6,4,Ambiguous/Mixed,ambiguous,0.8012452272779182,157,150,0.8011127857757415,0.79474559502429,0.019355406577808966,10.0,0.33580448064987234,True
GSM4138117,6,1,Ambiguous/Mixed,ambiguous,0.806622726491546,157,150,0.7097790056590851,0.7154112201058042,0.015562735016677652,10.0,5.860891821906362,True
GSM4138164,6,1,Ambiguous/Mixed,ambiguous,0.841996642698004,155,150,0.8373912943454023,0.8394840808611127,0.005660958392826469,10.0,0.4438403645706362,True
GSM4138127,6,1,Ambiguous/Mixed,ambiguous,0.8810758084020189,155,150,0.7668860514455906,0.7668052013055144,0.014720772737860328,10.0,7.7625413510129215,True
GSM4138135,6,1,Ambiguous/Mixed,ambiguous,0.9182426453100236,151,150,0.7319658666972988,0.7283062711660893,0.010527102361305161,10.0,18.042607322038606,True
GSM4138143,6,1,Ambiguous/Mixed,ambiguous,0.8187811757987067,145,150,0.7236820896617187,0.7308260583484285,0.02006810311333664,10.0,4.382831648489285,True
GSM4138125,6,1,Ambiguous/Mixed,ambiguous,0.8170575445636903,143,150,0.7425267141176609,0.7432939772867544,0.013367600292711142,10.0,5.51808594375435,True
GSM4138111,6,2,DC_family,family,0.6929328846732705,142,150,0.7093394953080655,0.7115272973308231,0.026019176543846136,10.0,-0.7146426262267852,False
GSM4138155,6,4,Ambiguous/Mixed,ambiguous,0.7434196239767549,141,150,0.6397631182352425,0.6457963591794125,0.02037806436820356,10.0,4.7906053800510415,True
GSM4138143,6,2,DC_family,family,0.7841178639233746,141,150,0.7236820896617187,0.7308260583484285,0.02006810311333664,10.0,2.6555477253617448,True
GSM4138123,6,2,DC_family,family,0.6559064039345078,140,150,0.7077605529065726,0.704605824106745,0.015339853571415287,10.0,-3.174699155080921,False
GSM4138139,6,4,Ambiguous/Mixed,ambiguous,0.824821756090504,138,150,0.699060797300902,0.6988286295814581,0.014248817294500636,10.0,8.842356800916612,True
GSM4138161,6,2,DC_family,family,0.6758665173454972,136,125,0.7333353104514786,0.7353543171785206,0.025889469240864226,10.0,-2.297760501753633,False
GSM4138137,6,1,Ambiguous/Mixed,ambiguous,0.8872736328936847,135,125,0.7896445909365837,0.7889923150407521,0.013793873328592407,10.0,7.124997853156427,True
GSM4138133,6,2,DC_family,family,0.7409212754301988,134,125,0.7982967837565255,0.7904568849649085,0.017046736508829475,10.0,-2.90587054648568,False
GSM4138161,6,1,Ambiguous/Mixed,ambiguous,0.8542793943988874,133,125,0.7333353104514786,0.7353543171785206,0.025889469240864226,10.0,4.593569536476019,True
GSM4138131,6,1,Ambiguous/Mixed,ambiguous,0.8873341686103458,130,125,0.7588302423614066,0.7566666679693221,0.007312858267320327,10.0,17.86818448607845,True
GSM4138131,6,3,Macrophage_family,family,0.7980414157391909,125,125,0.7588302423614066,0.7566666679693221,0.007312858267320327,10.0,5.657807967476141,True
GSM4138127,6,2,DC_family,family,0.7573782258329818,124,125,0.7806500689325178,0.7862384270027125,0.020488034378589554,10.0,-1.4086368968557716,False
GSM4138111,6,1,Ambiguous/Mixed,ambiguous,0.8249797611535536,120,125,0.7372536749176613,0.7360946299112666,0.03491517663923173,10.0,2.5457448536122556,True
GSM4138127,6,4,Ambiguous/Mixed,ambiguous,0.8072737434314421,111,100,0.7973540158771094,0.8058608064961404,0.023871554802411377,10.0,0.059189145700677945,True
GSM4138155,6,3,Macrophage_family,family,0.7139650764146923,108,100,0.6860499575837475,0.6822802872140399,0.021377714806320187,10.0,1.4821410748395343,True
GSM4138161,6,5,DC_pDC,specific,0.882884773226156,105,100,0.7556751157728048,0.756615966500042,0.016341279346029823,10.0,7.726984163990284,True
GSM4138131,6,5,DC_pDC,specific,0.9369238574581618,104,100,0.7557043535409838,0.7611333360605689,0.015599965739677184,10.0,11.268647914430009,True
GSM4138137,6,2,DC_family,family,0.7944095264874084,103,100,0.8007390293415151,0.7983235842994478,0.01592226878485333,10.0,-0.2458228701529558,False
GSM4138139,6,2,DC_family,family,0.79224471611957,102,100,0.7661395734840504,0.7646397932166333,0.02201728160275333,10.0,1.2537843409099432,True
GSM4138115,6,2,DC_family,family,0.7663447148541443,98,100,0.7920845389979708,0.7915698759368393,0.01158484000377745,10.0,-2.177428525078445,False
GSM4138129,6,1,Ambiguous/Mixed,ambiguous,0.8569421862480828,93,100,0.7802294636545738,0.7803470255522751,0.019596937692990053,10.0,3.908527030894542,True
GSM4138131,6,4,Ambiguous/Mixed,ambiguous,0.8027865644962731,92,100,0.7557043535409838,0.7611333360605689,0.015599965739677184,10.0,2.6700846098503117,True
GSM4138121,6,4,Ambiguous/Mixed,ambiguous,0.7573701648026191,89,100,0.6774445434492038,0.6794323926426652,0.014293780936684992,10.0,5.452565175385232,True
GSM4138133,6,3,Macrophage_family,family,0.8148856950727769,89,100,0.821619486586328,0.8238407712785589,0.019454174398839907,10.0,-0.46031643503288805,False
GSM4138113,6,1,Ambiguous/Mixed,ambiguous,0.8471789908308671,89,100,0.7650419132455913,0.7661924020381662,0.011781454539829914,10.0,6.874073869139601,True
GSM4138135,6,2,DC_family,family,0.8350946368133607,82,75,0.7817661420287677,0.7864832350939914,0.03444538389057365,10.0,1.4112602685398525,True
GSM4138129,6,3,Macrophage_family,family,0.8323969031388694,80,75,0.8091636831736955,0.8078265285989547,0.02753753877055415,10.0,0.8922502023379009,True
GSM4138117,6,3,Macrophage_family,family,0.798808416088053,78,75,0.8080211511450079,0.8066033354566047,0.021599085243979976,10.0,-0.36089118036719975,False
GSM4138117,6,2,DC_family,family,0.7752928290882938,74,75,0.8080211511450079,0.8066033354566047,0.021599085243979976,10.0,-1.4496218712335356,False
GSM4138141,6,5,DC_pDC,specific,0.9220778673883754,70,75,0.831470497790985,0.8278099593248556,0.0276992532023982,10.0,3.403265329021871,True
GSM4138133,6,1,Ambiguous/Mixed,ambiguous,0.9281308338231139,66,75,0.8369736441972822,0.8420096141731772,0.012780163044304542,10.0,6.738663611049662,True
GSM4138111,6,5,DC_pDC,specific,0.8921496096643795,63,75,0.7806089576382846,0.789021593047926,0.0342033162138128,10.0,3.0151467176976814,True
GSM4138157,6,2,DC_family,family,0.8301790069109647,60,50,0.8767823283670589,0.8837388104858525,0.019832699274607107,10.0,-2.7005806336943414,False
GSM4138139,6,6,Mast,specific,0.966827109414383,59,50,0.8497700424179017,0.8489892535757297,0.02583433449671354,10.0,4.561288615878367,True
GSM4138141,6,3,Macrophage_family,family,0.8557321118961789,58,50,0.8900435014268286,0.8901090886724006,0.029603528026603508,10.0,-1.1612459415421172,False
GSM4138159,6,1,Ambiguous/Mixed,ambiguous,0.9410856453243512,53,50,0.8437099104233334,0.8452388199834336,0.025959377203851615,10.0,3.6921850854995366,True
GSM4138157,6,1,Ambiguous/Mixed,ambiguous,0.8837468795189103,51,50,0.8767823283670589,0.8837388104858525,0.019832699274607107,10.0,0.00040685500980519135,True
GSM4138159,6,2,DC_family,family,0.7598414970023137,50,50,0.8437099104233334,0.8452388199834336,0.025959377203851615,10.0,-3.2896522251099856,False
GSM4138155,6,5,DC_pDC,specific,0.904973189507882,50,50,0.8116719002969048,0.8001558755817797,0.0330336939627996,10.0,3.173042471245896,True
GSM4138119,6,1,Ambiguous/Mixed,ambiguous,0.8828307620991742,49,50,0.7932023400422761,0.7863755180014268,0.03733831019104338,10.0,2.5832782363269575,True
GSM4138123,6,5,DC_pDC,specific,0.9508575041839805,48,50,0.7850821070212497,0.7888663908895278,0.026193388641296472,10.0,6.184427510041892,True
GSM4138121,6,1,Ambiguous/Mixed,ambiguous,0.8949538442297315,47,50,0.7614734388237507,0.7563677651983048,0.030301256083991836,10.0,4.573608389278677,True
GSM4138161,6,4,Ambiguous/Mixed,ambiguous,0.8435735821300716,47,50,0.8186150959142044,0.8202611816061893,0.023224484276183642,10.0,1.0037854983840824,True
GSM4138127,6,3,Macrophage_family,family,0.9228253977982559,45,50,0.8870672744686936,0.8830671844295679,0.034225073500228534,10.0,1.1616691887724515,True
GSM4138143,6,5,DC_pDC,specific,0.9287322613330776,45,50,0.8716764985029095,0.8679807590756784,0.04169045767387151,10.0,1.4572040137490208,True
GSM4138145,6,5,DC_pDC,specific,0.945258029964264,45,50,0.8639541963394225,0.8551855138959764,0.03320226051125106,10.0,2.7128428812178385,True
GSM4138113,6,2,DC_family,family,0.7788455617675204,40,50,0.8350619853836887,0.834037813788137,0.024529631773840915,10.0,-2.2500236664569573,False
GSM4138123,6,4,Ambiguous/Mixed,ambiguous,0.8963457859742407,37,25,0.8699213661280445,0.8801549342541974,0.026021253875910234,10.0,0.6222164311241111,True
GSM4138129,6,2,DC_family,family,0.8714175018134912,36,25,0.931076450825193,0.9183711485744729,0.032131232378038686,10.0,-1.4613086173773384,False
GSM4138121,6,2,DC_family,family,0.8014687944220541,35,25,0.8588424057810767,0.8648333879843543,0.02589934807083429,10.0,-2.4465709866132173,False
GSM4138113,6,5,DC_pDC,specific,0.9193607203971467,34,25,0.9240671724385692,0.9177122554283212,0.040209782289650685,10.0,0.040996615125909595,False
GSM4138145,6,4,Ambiguous/Mixed,ambiguous,0.9293402607821224,34,25,0.9581722339130803,0.9672380217135125,0.025825993587039915,10.0,-1.4674270247789443,False
GSM4138147,6,5,DC_pDC,specific,0.935324749011505,31,25,0.9260874884786799,0.91700049001221,0.03480209657643462,10.0,0.5265274452373895,True
GSM4138123,6,1,Ambiguous/Mixed,ambiguous,0.940373709744404,31,25,0.8699213661280445,0.8801549342541974,0.026021253875910234,10.0,2.314214978931338,True
GSM4138143,6,6,Mast,specific,0.9748135904112316,31,25,0.9450580936944553,0.9491119471886973,0.0170366173356051,10.0,1.5086118750123032,True
GSM4138115,6,1,Ambiguous/Mixed,ambiguous,0.9531854121100907,30,25,0.9613827702706941,0.9602304947917325,0.021745965538883007,10.0,-0.3239719417859295,False
GSM4138111,6,6,Mast,specific,0.876493661763317,29,25,0.9111547497859049,0.9174711520389224,0.03172688570524009,10.0,-1.2915698898501542,False
GSM4138143,6,3,Macrophage_family,family,0.88842253879132,29,25,0.9450580936944553,0.9491119471886973,0.0170366173356051,10.0,-3.5622921617509995,False
GSM4138129,6,4,Ambiguous/Mixed,ambiguous,0.9007170083013085,29,25,0.931076450825193,0.9183711485744729,0.032131232378038686,10.0,-0.5494386292270184,False
GSM4138119,6,2,DC_family,family,0.8667932022025296,28,25,0.9211915973052534,0.9177772997659964,0.023356474458712168,10.0,-2.1828678661924195,False
GSM4138127,6,5,DC_pDC,specific,0.9538411986320278,27,25,0.9607701486208685,0.958907948415632,0.02307048316562853,10.0,-0.21962044519088772,False
GSM4138153,6,2,DC_family,family,0.8756505205390447,27,25,0.9019739133206406,0.9067701798014556,0.032993349520122034,10.0,-0.943210062483398,False
GSM4138129,6,5,DC_pDC,specific,0.9868286715955322,25,25,0.931076450825193,0.9183711485744729,0.032131232378038686,10.0,2.130560142095553,True
GSM4138119,6,3,Macrophage_family,family,0.8443560073622928,25,25,0.9211915973052534,0.9177772997659964,0.023356474458712168,10.0,-3.1435092027049003,False
GSM4138112,6,5,DC_pDC,specific,0.9670409840078681,25,25,0.9627064512758634,0.9599645605323005,0.013878950244238929,10.0,0.5098673423449274,True
GSM4138125,6,2,DC_family,family,0.9418781107392166,24,25,0.9164930338071231,0.9188388274053472,0.026717684424713443,10.0,0.8623233573549667,True
GSM4138157,6,3,Macrophage_family,family,0.9499196703255945,23,25,0.968189445659703,0.967113018075611,0.0247939680093005,10.0,-0.6934488155976906,False
GSM4138139,6,5,DC_pDC,specific,0.9506174967437965,22,25,0.9357290956556907,0.9337225384790877,0.0319793612246252,10.0,0.528308184332934,True
GSM4138160,6,5,DC_pDC,specific,0.9826077730887751,22,25,0.9807110966306685,0.9779941749898674,0.016262702143506322,10.0,0.28369197555216347,True
GSM4138135,6,6,Mast,specific,1.0,21,25,0.9262103971686568,0.9299491761958603,0.027728452087857892,10.0,2.5263156984812194,True
GSM4138171,6,2,DC_family,family,0.9866339541778586,21,25,0.9759808467049595,0.9775981664159804,0.00698398359901874,10.0,1.293787082081311,True
GSM4138122,6,5,DC_pDC,specific,0.9782659584116306,20,25,0.9792524358015444,0.9750685359411753,0.0122815856284961,10.0,0.2603428064725239,False
GSM4138153,6,1,Ambiguous/Mixed,ambiguous,0.970288946387194,20,25,0.9019739133206406,0.9067701798014556,0.032993349520122034,10.0,1.9251990934415277,True
GSM4138133,6,5,DC_pDC,specific,0.9772575612773257,20,25,0.9093942843333844,0.9134138789599708,0.020292895865104355,10.0,3.1461099855708796,True
GSM4138159,6,3,Macrophage_family,family,0.9735035046871444,20,25,0.9168929989490284,0.9184785998316982,0.02684712170909718,10.0,2.0495643984360883,True
GSM4138110,6,5,DC_pDC,specific,0.9697106021963595,20,25,0.9868341180732119,0.9867664570718897,0.011731289324245612,10.0,-1.4538772682283132,False
GSM4138128,6,5,DC_pDC,specific,0.9782659584116306,20,25,0.9844528974607618,0.9831021452587395,0.010708099409941723,10.0,-0.4516382097292538,False
GSM4138111,6,3,Macrophage_family,family,0.9091338002589118,20,25,0.9111547497859049,0.9174711520389224,0.03172688570524009,10.0,-0.2627850668190098,False
GSM4138168,6,5,DC_pDC,specific,0.9457890908623999,20,25,0.9541628191306922,0.9543500656433102,0.015998487667747092,10.0,-0.5351115029559405,False
GSM4138141,6,4,Ambiguous/Mixed,ambiguous,0.9469821716081,19,25,0.9592369758991124,0.9592641270747289,0.029027749588371645,10.0,-0.42311083844918124,False
GSM4138155,6,6,Mast,specific,0.9381206978557273,19,25,0.9125995833019843,0.9086011184524632,0.0205912592617861,10.0,1.4335975778833236,True
GSM4138131,6,6,Mast,specific,0.9564196483172959,19,25,0.923417081484569,0.9232553144549218,0.039261461223893256,10.0,0.8447045226679263,True
GSM4138115,6,5,DC_pDC,specific,0.9794161116049125,18,25,0.9613827702706941,0.9602304947917325,0.021745965538883007,10.0,0.8822609775075301,True
GSM4138135,6,5,DC_pDC,specific,0.9714275620812333,18,25,0.9262103971686568,0.9299491761958603,0.027728452087857892,10.0,1.4958781598752178,True
GSM4138145,6,3,Macrophage_family,family,0.9668025194701134,17,25,0.9581722339130803,0.9672380217135125,0.025825993587039915,10.0,-0.016862942443290948,True
GSM4138157,6,4,Ambiguous/Mixed,ambiguous,0.9582374872899588,17,25,0.968189445659703,0.967113018075611,0.0247939680093005,10.0,-0.35797137361485915,False
GSM4138162,6,5,DC_pDC,specific,0.9897606953288196,17,25,0.9600140953042835,0.9563751722194592,0.016814135194355585,10.0,1.9855629042740017,True
GSM4138130,6,5,DC_pDC,specific,0.9652784490766921,17,25,0.9804453099621897,0.9776933830033974,0.009270985594780661,10.0,-1.3391169471447064,False
GSM4138149,6,2,DC_family,family,0.9431629675052705,16,25,0.9390651824540796,0.9368911783887327,0.04310263417779558,10.0,0.14550825572903694,True
GSM4138121,6,3,Macrophage_family,family,0.954341197235705,16,25,0.8588424057810767,0.8648333879843543,0.02589934807083429,10.0,3.455986961777892,True
GSM4138170,6,2,DC_family,family,0.967132556190899,16,25,0.9509799860820786,0.9563853632594395,0.024233388108039735,10.0,0.4434870140132827,True
GSM4138163,6,5,DC_pDC,specific,0.9941087355013785,16,25,0.9585446561255815,0.9609096758297184,0.017601132002729513,10.0,1.8861888920844216,True
GSM4138157,6,5,DC_pDC,specific,0.978093154163344,16,25,0.968189445659703,0.967113018075611,0.0247939680093005,10.0,0.4428551365241008,True
GSM4138117,6,6,Mast,specific,0.9848958966969695,15,25,0.9147496893500744,0.9146754506733146,0.020995821291890267,10.0,3.3444962713022295,True
GSM4138134,6,5,DC_pDC,specific,0.9856991785152992,15,25,0.9819249423843273,0.9821690248976547,0.015217447096237586,10.0,0.23198067292886035,True
GSM4138151,6,5,DC_pDC,specific,0.9806392337550041,15,25,0.9827178817478986,0.9846374919959022,0.012571234817351205,10.0,-0.31804817100223504,False
GSM4138134,7,1,Mono_CD14_ID1,specific,0.9561562126178971,1213,1225,0.9513815996293293,0.9511254569081459,0.0004636789267097363,10.0,10.849653542483418,True
GSM4138156,7,1,Mono_CD14_ID1,specific,0.9057935180236475,912,900,0.8871962172245604,0.8885619049646192,0.0035162232327363356,10.0,4.900602697405711,True
GSM4138126,7,1,Mono_CD14_ID1,specific,0.9549444876876225,757,750,0.9538573827526964,0.9539020316682425,0.0002101539933936338,10.0,4.960438783703844,True
GSM4138116,7,1,Mono_CD14_ID1,specific,0.9303430193458323,701,700,0.9217260418786248,0.9217348768857916,0.00022669976466545822,10.0,37.97155445989891,True
GSM4138140,7,1,Mono_CD14_ID1,specific,0.922601387293611,692,700,0.9078111651806406,0.9068905802054197,0.0017668472697567185,10.0,8.892000659657775,True
GSM4138142,7,1,Mono_CD14_ID1,specific,0.9099268124169119,686,675,0.9093947544295217,0.9092609516844246,0.001328016032232219,10.0,0.5013951009070933,True
GSM4138132,7,1,Mono_CD14_ID1,specific,0.9366804967071318,642,650,,,,,,False
GSM4138136,7,1,Mono_CD14_ID1,specific,0.911325329709356,634,625,0.8997600701318478,0.8997697174657231,0.001422171325703088,10.0,8.125330636883753,True
GSM4138110,7,1,Mono_CD14_ID1,specific,0.9166625949074731,625,625,0.9060897039154181,0.9066685629294383,0.0015164147847689798,10.0,6.590566168581235,True
GSM4138120,7,1,Mono_CD14_ID1,specific,0.8739225499269356,591,600,0.8443952529491889,0.8440244997402349,0.0009759269134653771,10.0,30.63554224622935,True
GSM4138130,7,1,Mono_CD14_ID1,specific,0.923439792533927,584,575,0.9001695525010971,0.9005950010084701,0.002005367489728226,10.0,11.391823016215813,True
GSM4138138,7,1,Mono_CD14_ID1,specific,0.90393497044711,573,575,0.9043714999078616,0.9048127741948289,0.0011477243306989308,10.0,-0.7648210674285214,False
GSM4138128,7,1,Mono_CD14_ID1,specific,0.8959558474415688,535,525,0.8835313686581081,0.883627885958228,0.001735915978613893,10.0,7.101704019790417,True
GSM4138122,7,1,Mono_CD14_ID1,specific,0.8959558474415688,535,525,0.8837692631274707,0.8834997130866604,0.0015203066230211038,10.0,8.193172460273775,True
GSM4138160,7,1,Mono_CD14_ID1,specific,0.9194571607494754,481,475,0.8596701616474662,0.8611821379546842,0.005928421014857502,10.0,9.829771308202519,True
GSM4138162,7,1,Mono_CD14_ID1,specific,0.9205112601574489,467,475,0.8860682449565281,0.8865330642353026,0.0033742582927845464,10.0,10.069826603021056,True
GSM4138166,7,1,Mono_CD14_ID1,specific,0.9007023458285124,458,450,0.8914495290738329,0.8909445403043348,0.002325858948398227,10.0,4.195355668879923,True
GSM4138146,7,1,Mono_CD14_ID1,specific,0.8998833118367539,455,450,0.8875859959393546,0.8872812173595259,0.004673913580633739,10.0,2.696261764326247,True
GSM4138152,7,1,Mono_CD14_ID1,specific,0.9018983641004333,447,450,0.8487683296515977,0.8495548372199156,0.0031139402567368288,10.0,16.80941911691321,True
GSM4138165,7,1,Mono_CD14_ID1,specific,0.911111095348856,433,425,0.8973809165987539,0.8971954250620143,0.0005295584220022184,10.0,26.277875506592196,True
GSM4138123,7,3,Macrophage_family,family,0.7433099985602454,419,425,0.67775970657257,0.6776000282495002,0.007765460293068894,10.0,8.461825549400467,True
GSM4138163,7,1,Mono_CD14_ID1,specific,0.918019092008881,415,425,0.8999351019674418,0.8982706432236526,0.0037395159604525726,10.0,5.281017381414885,True
GSM4138135,7,3,Macrophage_family,family,0.7525181923360985,357,350,0.6962432198615721,0.6973667563280206,0.01332498295864608,10.0,4.1389498342504245,True
GSM4138112,7,1,Mono_CD14_ID1,specific,0.9047463027850867,349,350,0.8733830869380714,0.8730517382757235,0.003719020763182527,10.0,8.522287593318206,True
GSM4138154,7,1,Mono_CD14_ID1,specific,0.8796474224109901,346,350,0.8215481739862732,0.8223186294756427,0.004532717902619563,10.0,12.647774286199411,True
GSM4138114,7,1,Mono_CD14_ID1,specific,0.9041187622949814,345,350,0.8850913324254888,0.8854384305771605,0.0011052528383953737,10.0,16.901410309826804,True
GSM4138125,7,3,Macrophage_family,family,0.7510424710902694,339,350,0.7078718773381234,0.7090083985538308,0.005964149953419048,10.0,7.047789352167767,True
GSM4138124,7,1,Mono_CD14_ID1,specific,0.9237456780946116,339,350,,,,,,False
GSM4138167,7,1,Mono_CD14_ID1,specific,0.8982685146912551,336,325,0.8921455313809429,0.8915790349790411,0.00282308170158957,10.0,2.369566459393441,True
GSM4138137,7,3,Macrophage_family,family,0.7915496097591852,305,300,0.7664775624973352,0.7664510467463589,0.00844285014684438,10.0,2.9727595037568224,True
GSM4138141,7,1,Mono_CD14_ID1,specific,0.894415114261546,295,300,0.736584197398757,0.7375981933877374,0.008331441161285464,10.0,18.822304309427928,True
GSM4138118,7,1,Mono_CD14_ID1,specific,0.9022237135692892,288,300,,,,,,False
GSM4138144,7,1,Mono_CD14_ID1,specific,0.8933690019173579,278,275,0.8505182448421189,0.8516477500413517,0.00492723103217889,10.0,8.467484395095727,True
GSM4138158,7,1,Mono_CD14_ID1,specific,0.9295715463367556,268,275,0.8929583802283123,0.8927295970311503,0.0024443295860833805,10.0,15.072414749370306,True
GSM4138145,7,1,Mono_CD14_ID1,specific,0.8318687849949159,231,225,0.7203827266585581,0.7254277879350093,0.011547948279946518,10.0,9.217308086211794,True
GSM4138135,7,5,Ambiguous/Mixed,ambiguous,0.7612422218299462,229,225,0.7068261946462349,0.7073111435152103,0.012828952221973677,10.0,4.203856821787961,True
GSM4138131,7,4,Ambiguous/Mixed,ambiguous,0.7152426498661342,191,200,0.7223988722182473,0.7194371471220319,0.01178440917035759,10.0,-0.35593615218729135,False
GSM4138150,7,1,Mono_CD14_ID1,specific,0.9137768683727561,188,200,,,,,,False
GSM4138155,7,1,Mono_CD14_ID1,specific,0.8179259614326891,182,175,0.6128473714066296,0.6145663529522757,0.017371985508373884,10.0,11.706181103040135,True
GSM4138145,7,2,DC_family,family,0.7667565339396528,180,175,0.7281953837093378,0.7251175554251411,0.012244741588320956,10.0,3.400560004812759,True
GSM4138148,7,1,Mono_CD14_ID1,specific,0.8734551110742803,169,175,0.851182691829546,0.8526637845811443,0.00508833153460405,10.0,4.086079366436931,True
GSM4138155,7,2,DC_family,family,0.7156339822417607,169,175,0.6128473714066296,0.6145663529522757,0.017371985508373884,10.0,5.817851346972801,True
GSM4138137,7,5,Ambiguous/Mixed,ambiguous,0.8046854221180714,169,175,0.7790171426240297,0.7776459639027508,0.009735877569720866,10.0,2.7773005588540745,True
GSM4138139,7,3,Macrophage_family,family,0.738400915012926,164,175,0.6790455971146819,0.6812905278292081,0.014153770013014195,10.0,4.034994713861096,True
GSM4138139,7,1,Mono_CD14_ID1,specific,0.8569647318392697,163,175,0.6790455971146819,0.6812905278292081,0.014153770013014195,10.0,12.411831183390124,True
GSM4138117,7,1,Mono_CD14_ID1,specific,0.8152954804919879,158,150,0.7097790056590851,0.7154112201058042,0.015562735016677652,10.0,6.418168803821675,True
GSM4138127,7,1,Mono_CD14_ID1,specific,0.8854385673761549,153,150,0.7668860514455906,0.7668052013055144,0.014720772737860328,10.0,8.058908875451051,True
GSM4138164,7,1,Mono_CD14_ID1,specific,0.8614121220574006,149,150,0.8373912943454023,0.8394840808611127,0.005660958392826469,10.0,3.8735563264472956,True
GSM4138135,7,1,Mono_CD14_ID1,specific,0.9285470774509396,149,150,0.7319658666972988,0.7283062711660893,0.010527102361305161,10.0,19.02145523167728,True
GSM4138155,7,5,Ambiguous/Mixed,ambiguous,0.7511792856748427,142,150,0.6397631182352425,0.6457963591794125,0.02037806436820356,10.0,5.171390402508594,True
GSM4138139,7,5,Ambiguous/Mixed,ambiguous,0.8246740033404026,140,150,0.699060797300902,0.6988286295814581,0.014248817294500636,10.0,8.831987326240395,True
GSM4138137,7,1,Mono_CD14_ID1,specific,0.8916128560070626,137,125,0.7896445909365837,0.7889923150407521,0.013793873328592407,10.0,7.439573970394179,True
GSM4138131,7,1,Mono_CD14_ID1,specific,0.893620231078882,136,125,0.7588302423614066,0.7566666679693221,0.007312858267320327,10.0,18.727774845791476,True
GSM4138143,7,1,Mono_CD14_ID1,specific,0.8356963884394084,135,125,0.7496064891538959,0.7477718119335619,0.03284684261661722,10.0,2.6768045115351655,True
GSM4138131,7,3,Macrophage_family,family,0.7891679715006328,135,125,0.7588302423614066,0.7566666679693221,0.007312858267320327,10.0,4.4444049567530035,True
GSM4138125,7,1,Mono_CD14_ID1,specific,0.8510985476899218,133,125,0.7520132089223499,0.7548864523792329,0.016148042472065072,10.0,5.958127462020782,True
GSM4138161,7,1,Mono_CD14_ID1,specific,0.8706415677673353,126,125,0.7333353104514786,0.7353543171785206,0.025889469240864226,10.0,5.225570649214999,True
GSM4138111,7,1,Mono_CD14_ID1,specific,0.8126364816381839,125,125,0.7372536749176613,0.7360946299112666,0.03491517663923173,10.0,2.192222955587531,True
GSM4138127,7,5,Ambiguous/Mixed,ambiguous,0.806792592924926,111,100,0.7973540158771094,0.8058608064961404,0.023871554802411377,10.0,0.03903333639128644,True
GSM4138127,7,4,Ambiguous/Mixed,ambiguous,0.783144294341297,109,100,0.7973540158771094,0.8058608064961404,0.023871554802411377,10.0,-0.9516142682314431,False
GSM4138131,7,6,DC_pDC,specific,0.9183495726472163,108,100,0.7557043535409838,0.7611333360605689,0.015599965739677184,10.0,10.077986016775748,True
GSM4138161,7,6,DC_pDC,specific,0.8669479000470499,107,100,0.7556751157728048,0.756615966500042,0.016341279346029823,10.0,6.751731685794445,True
GSM4138131,7,5,Ambiguous/Mixed,ambiguous,0.8015744429485144,101,100,0.7557043535409838,0.7611333360605689,0.015599965739677184,10.0,2.5923843399916606,True
GSM4138143,7,2,DC_family,family,0.7778354547913591,99,100,0.7796478385240256,0.7774827916439634,0.03102493601364835,10.0,0.011367087018021249,False
GSM4138155,7,3,Macrophage_family,family,0.7283336337238286,98,100,0.6860499575837475,0.6822802872140399,0.021377714806320187,10.0,2.154268916347101,True
GSM4138141,7,2,DC_family,family,0.8243632076845719,95,100,0.7891336299131056,0.7876086704440655,0.016350802220791796,10.0,2.2478736360573888,True
GSM4138161,7,2,DC_family,family,0.7543310480738157,94,100,0.7556751157728048,0.756615966500042,0.016341279346029823,10.0,-0.1398249413551263,False
GSM4138129,7,1,Mono_CD14_ID1,specific,0.8798254775142139,91,100,0.7802294636545738,0.7803470255522751,0.019596937692990053,10.0,5.076224332617177,True
GSM4138121,7,5,Ambiguous/Mixed,ambiguous,0.7492306807912367,90,100,0.6774445434492038,0.6794323926426652,0.014293780936684992,10.0,4.883122839068713,True
GSM4138133,7,3,Macrophage_family,family,0.8142632632369665,87,75,0.8369736441972822,0.8420096141731772,0.012780163044304542,10.0,-2.171048275364203,False
GSM4138113,7,1,Mono_CD14_ID1,specific,0.8619256109051657,86,75,0.7999106296037788,0.7965042709907385,0.016329326993620878,10.0,4.006370865130226,True
GSM4138141,7,4,Ambiguous/Mixed,ambiguous,0.7758937932120452,81,75,0.831470497790985,0.8278099593248556,0.0276992532023982,10.0,-1.8742803545445572,False
GSM4138123,7,4,Ambiguous/Mixed,ambiguous,0.7018885685829478,79,75,0.7478910756966862,0.7459487390399755,0.010202811462813162,10.0,-4.318434248992704,False
GSM4138117,7,3,Macrophage_family,family,0.797906075580249,79,75,0.8080211511450079,0.8066033354566047,0.021599085243979976,10.0,-0.40266797311612046,False
GSM4138133,7,4,Ambiguous/Mixed,ambiguous,0.7714387667256905,78,75,0.8369736441972822,0.8420096141731772,0.012780163044304542,10.0,-5.521905096424927,False
GSM4138129,7,3,Macrophage_family,family,0.8448279978406515,78,75,0.8091636831736955,0.8078265285989547,0.02753753877055415,10.0,1.3436737956139535,True
GSM4138115,7,2,DC_family,family,0.8248290660188594,75,75,0.8347182520165184,0.83431743248954,0.02639121797291258,10.0,-0.3595274185685292,False
GSM4138111,7,4,Ambiguous/Mixed,ambiguous,0.6910729566112408,72,75,0.7806089576382846,0.789021593047926,0.0342033162138128,10.0,-2.863717536170636,False
GSM4138141,7,6,DC_pDC,specific,0.9165508686482305,72,75,0.831470497790985,0.8278099593248556,0.0276992532023982,10.0,3.203729309051978,True
GSM4138133,7,2,DC_family,family,0.869591411745131,67,75,0.8369736441972822,0.8420096141731772,0.012780163044304542,10.0,2.158172589530895,True
GSM4138137,7,4,Ambiguous/Mixed,ambiguous,0.8411965144307771,65,75,0.8112279979170152,0.8159020816159839,0.015441428125629543,10.0,1.6380889519415496,True
GSM4138111,7,2,DC_family,family,0.7985522767019447,65,75,0.7806089576382846,0.789021593047926,0.0342033162138128,10.0,0.27864794145808175,True
GSM4138111,7,6,DC_pDC,specific,0.8947421105721687,64,75,0.7806089576382846,0.789021593047926,0.0342033162138128,10.0,3.0909434881506646,True
GSM4138131,7,2,DC_family,family,0.8679187604286493,62,50,0.8415305947121112,0.8411825284014046,0.030352202367935933,10.0,0.8808662944172014,True
GSM4138139,7,7,Mast,specific,0.966827109414383,59,50,0.8497700424179017,0.8489892535757297,0.02583433449671354,10.0,4.561288615878367,True
GSM4138143,7,4,Ambiguous/Mixed,ambiguous,0.8032684253802751,58,50,0.8716764985029095,0.8679807590756784,0.04169045767387151,10.0,-1.552209721505653,False
GSM4138141,7,3,Macrophage_family,family,0.8747465570091368,57,50,0.8900435014268286,0.8901090886724006,0.029603528026603508,10.0,-0.5189425952696598,False
GSM4138133,7,1,Mono_CD14_ID1,specific,0.942042678532171,57,50,0.8481763951444382,0.8457010820553125,0.040238050381549366,10.0,2.3942908655692414,True
GSM4138159,7,1,Mono_CD14_ID1,specific,0.9410856453243512,53,50,0.8437099104233334,0.8452388199834336,0.025959377203851615,10.0,3.6921850854995366,True
GSM4138135,7,4,Ambiguous/Mixed,ambiguous,0.8668438473674768,52,50,0.8531425742537564,0.8504722957490571,0.01800954009829069,10.0,0.9090488446161643,True
GSM4138139,7,2,DC_family,family,0.891093085599491,52,50,0.8497700424179017,0.8489892535757297,0.02583433449671354,10.0,1.6297625947793382,True
GSM4138155,7,6,DC_pDC,specific,0.9011069531084976,51,50,0.8116719002969048,0.8001558755817797,0.0330336939627996,10.0,3.056003292892478,True
GSM4138117,7,4,Ambiguous/Mixed,ambiguous,0.7908580170175339,51,50,0.8358854099372073,0.8361613581247408,0.02091613010477299,10.0,-2.1659523477944345,False
GSM4138161,7,5,Ambiguous/Mixed,ambiguous,0.8329962008477572,51,50,0.8186150959142044,0.8202611816061893,0.023224484276183642,10.0,0.5483445440649636,True
GSM4138139,7,4,Ambiguous/Mixed,ambiguous,0.817094294262244,51,50,0.8497700424179017,0.8489892535757297,0.02583433449671354,10.0,-1.2345957399267702,False
GSM4138157,7,1,Mono_CD14_ID1,specific,0.9268573649155646,50,50,0.8767823283670589,0.8837388104858525,0.019832699274607107,10.0,2.174114266176525,True
GSM4138123,7,6,DC_pDC,specific,0.9508575041839805,48,50,0.7850821070212497,0.7888663908895278,0.026193388641296472,10.0,6.184427510041892,True
GSM4138157,7,2,DC_family,family,0.8289049480989218,48,50,0.8767823283670589,0.8837388104858525,0.019832699274607107,10.0,-2.764820946845973,False
GSM4138119,7,1,Mono_CD14_ID1,specific,0.9465758877288001,48,50,0.7932023400422761,0.7863755180014268,0.03733831019104338,10.0,4.290509369805432,True
GSM4138121,7,1,Mono_CD14_ID1,specific,0.9064324696355014,45,50,0.7614734388237507,0.7563677651983048,0.030301256083991836,10.0,4.952425207101424,True
GSM4138143,7,6,DC_pDC,specific,0.9287322613330776,45,50,0.8716764985029095,0.8679807590756784,0.04169045767387151,10.0,1.4572040137490208,True
GSM4138145,7,6,DC_pDC,specific,0.945258029964264,45,50,0.8639541963394225,0.8551855138959764,0.03320226051125106,10.0,2.7128428812178385,True
GSM4138159,7,2,DC_family,family,0.8089205054940727,45,50,0.8437099104233334,0.8452388199834336,0.025959377203851615,10.0,-1.3990441374676885,False
GSM4138123,7,2,DC_family,family,0.7793867648753902,44,50,0.7850821070212497,0.7888663908895278,0.026193388641296472,10.0,-0.36190911164476386,False
GSM4138161,7,4,Ambiguous/Mixed,ambiguous,0.788745171673816,43,50,0.8186150959142044,0.8202611816061893,0.023224484276183642,10.0,-1.357016567411684,False
GSM4138127,7,3,Macrophage_family,family,0.9253492289193467,42,50,0.8870672744686936,0.8830671844295679,0.034225073500228534,10.0,1.2354113568082319,True
GSM4138123,7,5,Ambiguous/Mixed,ambiguous,0.8804590901647799,38,50,0.7850821070212497,0.7888663908895278,0.026193388641296472,10.0,3.496786938473744,True
GSM4138155,7,4,Ambiguous/Mixed,ambiguous,0.8847240625256085,36,25,0.9125995833019843,0.9086011184524632,0.0205912592617861,10.0,-1.1595724002740528,False
GSM4138113,7,6,DC_pDC,specific,0.9193607203971467,34,25,0.9240671724385692,0.9177122554283212,0.040209782289650685,10.0,0.040996615125909595,False
GSM4138145,7,5,Ambiguous/Mixed,ambiguous,0.929787372445318,33,25,0.9581722339130803,0.9672380217135125,0.025825993587039915,10.0,-1.4501145577217263,False
GSM4138135,7,2,DC_family,family,0.8563168086952782,32,25,0.9262103971686568,0.9299491761958603,0.027728452087857892,10.0,-2.6554806329353395,False
GSM4138143,7,7,Mast,specific,0.9748135904112316,31,25,0.9450580936944553,0.9491119471886973,0.0170366173356051,10.0,1.5086118750123032,True
GSM4138115,7,1,Mono_CD14_ID1,specific,0.9575802705409975,31,25,0.9613827702706941,0.9602304947917325,0.021745965538883007,10.0,-0.12187199717558059,False
GSM4138123,7,1,Mono_CD14_ID1,specific,0.9491042945264545,31,25,0.8699213661280445,0.8801549342541974,0.026021253875910234,10.0,2.6497324303072305,True
GSM4138129,7,5,Ambiguous/Mixed,ambiguous,0.9009783901763304,31,25,0.931076450825193,0.9183711485744729,0.032131232378038686,10.0,-0.5413038066361319,False
GSM4138147,7,6,DC_pDC,specific,0.935324749011505,31,25,0.9260874884786799,0.91700049001221,0.03480209657643462,10.0,0.5265274452373895,True
GSM4138137,7,2,DC_family,family,0.8649743954733138,31,25,0.926176546037629,0.9188558130939726,0.02524688033865908,10.0,-2.1341812096345745,False
GSM4138111,7,7,Mast,specific,0.9050661191766445,28,25,0.9111547497859049,0.9174711520389224,0.03172688570524009,10.0,-0.39099434396200605,False
GSM4138127,7,6,DC_pDC,specific,0.9560784239578238,28,25,0.9607701486208685,0.958907948415632,0.02307048316562853,10.0,-0.1226469527098465,False
GSM4138113,7,2,DC_family,family,0.8664178414200414,28,25,0.9240671724385692,0.9177122554283212,0.040209782289650685,10.0,-1.2756700257360543,False
GSM4138119,7,2,DC_family,family,0.7973531841943233,27,25,0.9211915973052534,0.9177772997659964,0.023356474458712168,10.0,-5.155920076231961,False
GSM4138145,7,4,Ambiguous/Mixed,ambiguous,0.8974993227115186,27,25,0.9581722339130803,0.9672380217135125,0.025825993587039915,10.0,-2.7003297575737966,False
GSM4138125,7,2,DC_family,family,0.9108778683011874,25,25,0.9164930338071231,0.9188388274053472,0.026717684424713443,10.0,-0.2979659081831194,False
GSM4138112,7,6,DC_pDC,specific,0.9670409840078681,25,25,0.9627064512758634,0.9599645605323005,0.013878950244238929,10.0,0.5098673423449274,True
GSM4138129,7,6,DC_pDC,specific,0.9868286715955322,25,25,0.931076450825193,0.9183711485744729,0.032131232378038686,10.0,2.130560142095553,True
GSM4138119,7,3,Macrophage_family,family,0.8436462650752521,24,25,0.9211915973052534,0.9177772997659964,0.023356474458712168,10.0,-3.173896592218472,False
GSM4138153,7,2,DC_family,family,0.9253293528897513,24,25,0.9019739133206406,0.9067701798014556,0.032993349520122034,10.0,0.5625125474749628,True
GSM4138115,7,4,Ambiguous/Mixed,ambiguous,0.9567688038984894,23,25,0.9613827702706941,0.9602304947917325,0.021745965538883007,10.0,-0.15918773011266896,False
GSM4138143,7,3,Macrophage_family,family,0.9114122576070792,23,25,0.9450580936944553,0.9491119471886973,0.0170366173356051,10.0,-2.2128623798357485,False
GSM4138139,7,6,DC_pDC,specific,0.9506174967437965,22,25,0.9357290956556907,0.9337225384790877,0.0319793612246252,10.0,0.528308184332934,True
GSM4138141,7,5,Ambiguous/Mixed,ambiguous,0.9504603206790257,22,25,0.9592369758991124,0.9592641270747289,0.029027749588371645,10.0,-0.3032893186879999,False
GSM4138129,7,2,DC_family,family,0.9511530133079233,22,25,0.931076450825193,0.9183711485744729,0.032131232378038686,10.0,1.0202492188210146,True
GSM4138160,7,6,DC_pDC,specific,0.9826077730887751,22,25,0.9807110966306685,0.9779941749898674,0.016262702143506322,10.0,0.28369197555216347,True
GSM4138117,7,2,DC_family,family,0.9676818198729329,21,25,0.9147496893500744,0.9146754506733146,0.020995821291890267,10.0,2.5246151823597525,True
GSM4138111,7,3,Macrophage_family,family,0.9111643394169278,21,25,0.9111547497859049,0.9174711520389224,0.03172688570524009,10.0,-0.19878448457211698,True
GSM4138135,7,7,Mast,specific,1.0,21,25,0.9262103971686568,0.9299491761958603,0.027728452087857892,10.0,2.5263156984812194,True
GSM4138157,7,5,Ambiguous/Mixed,ambiguous,0.9292279759815614,20,25,0.968189445659703,0.967113018075611,0.0247939680093005,10.0,-1.527994312158446,False
GSM4138144,7,2,DC_family,family,0.9708045111142379,20,25,0.9619331439188813,0.9601463057710922,0.010574803418738227,10.0,1.0078868534104146,True
GSM4138133,7,6,DC_pDC,specific,0.9772575612773257,20,25,0.9093942843333844,0.9134138789599708,0.020292895865104355,10.0,3.1461099855708796,True
GSM4138122,7,6,DC_pDC,specific,0.9782659584116306,20,25,0.9792524358015444,0.9750685359411753,0.0122815856284961,10.0,0.2603428064725239,False
GSM4138168,7,6,DC_pDC,specific,0.9457890908623999,20,25,0.9541628191306922,0.9543500656433102,0.015998487667747092,10.0,-0.5351115029559405,False
GSM4138110,7,6,DC_pDC,specific,0.9697106021963595,20,25,0.9868341180732119,0.9867664570718897,0.011731289324245612,10.0,-1.4538772682283132,False
GSM4138128,7,6,DC_pDC,specific,0.9782659584116306,20,25,0.9844528974607618,0.9831021452587395,0.010708099409941723,10.0,-0.4516382097292538,False
GSM4138121,7,2,DC_family,family,0.9262283701585734,19,25,0.8588424057810767,0.8648333879843543,0.02589934807083429,10.0,2.3705223006503817,True
GSM4138135,7,6,DC_pDC,specific,0.9592348250153161,19,25,0.9262103971686568,0.9299491761958603,0.027728452087857892,10.0,1.056158804922249,True
GSM4138127,7,2,DC_family,family,0.974423076742236,19,25,0.9607701486208685,0.958907948415632,0.02307048316562853,10.0,0.6725098999972059,True
GSM4138157,7,3,Macrophage_family,family,0.9635954523219945,19,25,0.968189445659703,0.967113018075611,0.0247939680093005,10.0,-0.14187183561328398,False
GSM4138155,7,7,Mast,specific,0.9381206978557273,19,25,0.9125995833019843,0.9086011184524632,0.0205912592617861,10.0,1.4335975778833236,True
GSM4138115,7,6,DC_pDC,specific,0.9816087420119992,19,25,0.9613827702706941,0.9602304947917325,0.021745965538883007,10.0,0.9830902740115727,True
GSM4138131,7,7,Mast,specific,0.9564196483172959,19,25,0.923417081484569,0.9232553144549218,0.039261461223893256,10.0,0.8447045226679263,True
GSM4138153,7,1,Mono_CD14_ID1,specific,0.895311369775414,19,25,0.9019739133206406,0.9067701798014556,0.032993349520122034,10.0,-0.34730666006047756,False
GSM4138162,7,2,DC_family,family,0.9902770529495832,18,25,0.9600140953042835,0.9563751722194592,0.016814135194355585,10.0,2.016272638363506,True
GSM4138120,7,2,DC_family,family,0.9811159638729601,18,25,0.9269817708599346,0.9265773629703217,0.029997327016448413,10.0,1.8181153565027073,True
GSM4138171,7,2,DC_family,family,1.0,18,25,0.9759808467049595,0.9775981664159804,0.00698398359901874,10.0,3.2076011156680098,True
GSM4138159,7,3,Macrophage_family,family,0.9708356744047855,18,25,0.9168929989490284,0.9184785998316982,0.02684712170909718,10.0,1.9501932140213747,True
GSM4138172,7,2,DC_family,family,0.9754958122373675,18,25,0.9425151302916579,0.940877955876207,0.01005325236184313,10.0,3.4434484597792103,True
GSM4138162,7,6,DC_pDC,specific,0.9897606953288196,17,25,0.9600140953042835,0.9563751722194592,0.016814135194355585,10.0,1.9855629042740017,True
GSM4138121,7,4,Ambiguous/Mixed,ambiguous,0.9284928531867128,17,25,0.8588424057810767,0.8648333879843543,0.02589934807083429,10.0,2.457956278600178,True
GSM4138130,7,6,DC_pDC,specific,0.9652784490766921,17,25,0.9804453099621897,0.9776933830033974,0.009270985594780661,10.0,-1.3391169471447064,False
GSM4138157,7,6,DC_pDC,specific,0.978093154163344,16,25,0.968189445659703,0.967113018075611,0.0247939680093005,10.0,0.4428551365241008,True
GSM4138129,7,4,Ambiguous/Mixed,ambiguous,0.9701743087378052,16,25,0.931076450825193,0.9183711485744729,0.032131232378038686,10.0,1.6122369523161877,True
GSM4138163,7,6,DC_pDC,specific,0.9941087355013785,16,25,0.9585446561255815,0.9609096758297184,0.017601132002729513,10.0,1.8861888920844216,True
GSM4138145,7,3,Macrophage_family,family,1.0,16,25,0.9581722339130803,0.9672380217135125,0.025825993587039915,10.0,1.2685660350712797,True
GSM4138121,7,3,Macrophage_family,family,0.9498235871955446,15,25,0.8588424057810767,0.8648333879843543,0.02589934807083429,10.0,3.281557473135754,True
GSM4138134,7,6,DC_pDC,specific,0.9856991785152992,15,25,0.9819249423843273,0.9821690248976547,0.015217447096237586,10.0,0.23198067292886035,True
GSM4138117,7,7,Mast,specific,0.9848958966969695,15,25,0.9147496893500744,0.9146754506733146,0.020995821291890267,10.0,3.3444962713022295,True
GSM4138151,7,6,DC_pDC,specific,0.9806392337550041,15,25,0.9827178817478986,0.9846374919959022,0.012571234817351205,10.0,-0.31804817100223504,False
GSM4138152,7,2,DC_family,family,0.9905377356009475,15,25,0.9641180515152854,0.957583050979306,0.02067585370218309,10.0,1.593872983254953,True
GSM4138147,7,2,DC_family,family,0.9840307386621786,15,25,0.9260874884786799,0.91700049001221,0.03480209657643462,10.0,1.9260405332981154,True
GSM4138134,8,1,Mono_CD14_ID1,specific,0.9561562126178971,1213,1225,0.9513815996293293,0.9511254569081459,0.0004636789267097363,10.0,10.849653542483418,True
GSM4138156,8,1,Mono_CD14_ID1,specific,0.9057935180236475,912,900,0.8871962172245604,0.8885619049646192,0.0035162232327363356,10.0,4.900602697405711,True
GSM4138126,8,1,Mono_CD14_ID1,specific,0.9549444876876225,757,750,0.9538573827526964,0.9539020316682425,0.0002101539933936338,10.0,4.960438783703844,True
GSM4138116,8,1,Mono_CD14_ID1,specific,0.9303430193458323,701,700,0.9217260418786248,0.9217348768857916,0.00022669976466545822,10.0,37.97155445989891,True
GSM4138140,8,1,Mono_CD14_ID1,specific,0.922601387293611,692,700,0.9078111651806406,0.9068905802054197,0.0017668472697567185,10.0,8.892000659657775,True
GSM4138142,8,1,Mono_CD14_ID1,specific,0.9099268124169119,686,675,0.9093947544295217,0.9092609516844246,0.001328016032232219,10.0,0.5013951009070933,True
GSM4138132,8,1,Mono_CD14_ID1,specific,0.936207788198537,641,650,,,,,,False
GSM4138136,8,1,Mono_CD14_ID1,specific,0.911325329709356,634,625,0.8997600701318478,0.8997697174657231,0.001422171325703088,10.0,8.125330636883753,True
GSM4138110,8,1,Mono_CD14_ID1,specific,0.9166625949074731,625,625,0.9060897039154181,0.9066685629294383,0.0015164147847689798,10.0,6.590566168581235,True
GSM4138120,8,1,Mono_CD14_ID1,specific,0.8739225499269356,591,600,0.8443952529491889,0.8440244997402349,0.0009759269134653771,10.0,30.63554224622935,True
GSM4138130,8,1,Mono_CD14_ID1,specific,0.923439792533927,584,575,0.9001695525010971,0.9005950010084701,0.002005367489728226,10.0,11.391823016215813,True
GSM4138138,8,1,Mono_CD14_ID1,specific,0.90393497044711,573,575,0.9043714999078616,0.9048127741948289,0.0011477243306989308,10.0,-0.7648210674285214,False
GSM4138128,8,1,Mono_CD14_ID1,specific,0.8959558474415688,535,525,0.8835313686581081,0.883627885958228,0.001735915978613893,10.0,7.101704019790417,True
GSM4138122,8,1,Mono_CD14_ID1,specific,0.8959558474415688,535,525,0.8837692631274707,0.8834997130866604,0.0015203066230211038,10.0,8.193172460273775,True
GSM4138160,8,1,Mono_CD14_ID1,specific,0.9194571607494754,481,475,0.8596701616474662,0.8611821379546842,0.005928421014857502,10.0,9.829771308202519,True
GSM4138162,8,1,Mono_CD14_ID1,specific,0.9205112601574489,467,475,0.8860682449565281,0.8865330642353026,0.0033742582927845464,10.0,10.069826603021056,True
GSM4138166,8,1,Mono_CD14_ID1,specific,0.9007023458285124,458,450,0.8914495290738329,0.8909445403043348,0.002325858948398227,10.0,4.195355668879923,True
GSM4138146,8,1,Mono_CD14_ID1,specific,0.8998833118367539,455,450,0.8875859959393546,0.8872812173595259,0.004673913580633739,10.0,2.696261764326247,True
GSM4138152,8,1,Mono_CD14_ID1,specific,0.9018983641004333,447,450,0.8487683296515977,0.8495548372199156,0.0031139402567368288,10.0,16.80941911691321,True
GSM4138165,8,1,Mono_CD14_ID1,specific,0.911111095348856,433,425,0.8973809165987539,0.8971954250620143,0.0005295584220022184,10.0,26.277875506592196,True
GSM4138123,8,3,Macrophage_family,family,0.7498631647539007,422,425,0.67775970657257,0.6776000282495002,0.007765460293068894,10.0,9.30571193170602,True
GSM4138163,8,1,Mono_CD14_ID1,specific,0.918019092008881,415,425,0.8999351019674418,0.8982706432236526,0.0037395159604525726,10.0,5.281017381414885,True
GSM4138112,8,1,Mono_CD14_ID1,specific,0.9047463027850867,349,350,0.8733830869380714,0.8730517382757235,0.003719020763182527,10.0,8.522287593318206,True
GSM4138154,8,1,Mono_CD14_ID1,specific,0.8796474224109901,346,350,0.8215481739862732,0.8223186294756427,0.004532717902619563,10.0,12.647774286199411,True
GSM4138114,8,1,Mono_CD14_ID1,specific,0.9085553567196336,344,350,0.8850913324254888,0.8854384305771605,0.0011052528383953737,10.0,20.915509410529673,True
GSM4138124,8,1,Mono_CD14_ID1,specific,0.9237456780946116,339,350,,,,,,False
GSM4138167,8,1,Mono_CD14_ID1,specific,0.8982685146912551,336,325,0.8921455313809429,0.8915790349790411,0.00282308170158957,10.0,2.369566459393441,True
GSM4138125,8,7,Macrophage_family,family,0.7584126640393274,332,325,0.7064566623363193,0.7092253660789128,0.00974723270378593,10.0,5.046283335506053,True
GSM4138135,8,3,Macrophage_family,family,0.7684374588995865,299,300,0.6955585179714925,0.7008954754905794,0.016003003614458996,10.0,4.220581650558506,True
GSM4138141,8,1,Mono_CD14_ID1,specific,0.8966669389235868,292,300,0.736584197398757,0.7375981933877374,0.008331441161285464,10.0,19.092584638898973,True
GSM4138118,8,1,Mono_CD14_ID1,specific,0.9022237135692892,288,300,,,,,,False
GSM4138144,8,1,Mono_CD14_ID1,specific,0.8933690019173579,278,275,0.8505182448421189,0.8516477500413517,0.00492723103217889,10.0,8.467484395095727,True
GSM4138158,8,1,Mono_CD14_ID1,specific,0.9295715463367556,268,275,0.8929583802283123,0.8927295970311503,0.0024443295860833805,10.0,15.072414749370306,True
GSM4138135,8,5,Ambiguous/Mixed,ambiguous,0.7609559043149504,237,225,0.7068261946462349,0.7073111435152103,0.012828952221973677,10.0,4.181538747011337,True
GSM4138145,8,1,Mono_CD14_ID1,specific,0.836332172520328,232,225,0.7203827266585581,0.7254277879350093,0.011547948279946518,10.0,9.603817223351154,True
GSM4138137,8,3,Macrophage_family,family,0.8159798070817842,228,225,0.769996132676889,0.7685765243557433,0.011189381830873608,10.0,4.236452329765557,True
GSM4138150,8,1,Mono_CD14_ID1,specific,0.9137768683727561,188,200,,,,,,False
GSM4138155,8,1,Mono_CD14_ID1,specific,0.8098973338371273,184,175,0.6128473714066296,0.6145663529522757,0.017371985508373884,10.0,11.244021634181967,True
GSM4138131,8,3,Macrophage_family,family,0.7808914072235942,179,175,0.7338327332327117,0.7279872513993512,0.01797700557563322,10.0,2.9428792020819925,True
GSM4138145,8,2,DC_family,family,0.7629010906015434,179,175,0.7281953837093378,0.7251175554251411,0.012244741588320956,10.0,3.0856947779478077,True
GSM4138148,8,1,Mono_CD14_ID1,specific,0.8734551110742803,169,175,0.851182691829546,0.8526637845811443,0.00508833153460405,10.0,4.086079366436931,True
GSM4138155,8,2,DC_family,family,0.7308629917052845,169,175,0.6128473714066296,0.6145663529522757,0.017371985508373884,10.0,6.694493194053718,True
GSM4138117,8,1,Mono_CD14_ID1,specific,0.8090615254089843,168,175,0.7209469950337284,0.7200177556530368,0.014105889035744357,10.0,6.312524473311139,True
GSM4138135,8,1,Mono_CD14_ID1,specific,0.916279525531683,167,175,0.72591871847289,0.7243008535420628,0.015737403795268955,10.0,12.198878194085209,True
GSM4138137,8,5,Ambiguous/Mixed,ambiguous,0.7854653073045241,165,175,0.7790171426240297,0.7776459639027508,0.009735877569720866,10.0,0.8031472608172451,True
GSM4138139,8,1,Mono_CD14_ID1,specific,0.8571702856583883,160,150,0.699060797300902,0.6988286295814581,0.014248817294500636,10.0,11.112617475840786,True
GSM4138127,8,1,Mono_CD14_ID1,specific,0.8728541587824468,159,150,0.7668860514455906,0.7668052013055144,0.014720772737860328,10.0,7.2040346906643835,True
GSM4138164,8,1,Mono_CD14_ID1,specific,0.8614121220574006,149,150,0.8373912943454023,0.8394840808611127,0.005660958392826469,10.0,3.8735563264472956,True
GSM4138137,8,1,Mono_CD14_ID1,specific,0.8888542804772903,144,150,0.8011127857757415,0.79474559502429,0.019355406577808966,10.0,4.862139427280036,True
GSM4138131,8,4,Ambiguous/Mixed,ambiguous,0.7189926412081259,141,150,0.7485221675906779,0.7475879729821285,0.009645914678492058,10.0,-2.964501835970307,False
GSM4138131,8,1,Mono_CD14_ID1,specific,0.8941013311582678,139,150,0.7485221675906779,0.7475879729821285,0.009645914678492058,10.0,15.18916173940735,True
GSM4138155,8,5,Ambiguous/Mixed,ambiguous,0.7403534637232381,139,150,0.6397631182352425,0.6457963591794125,0.02037806436820356,10.0,4.640141616755593,True
GSM4138139,8,5,Ambiguous/Mixed,ambiguous,0.8271192183521303,139,150,0.699060797300902,0.6988286295814581,0.014248817294500636,10.0,9.003595605102346,True
GSM4138143,8,1,Mono_CD14_ID1,specific,0.8437084385825578,134,125,0.7496064891538959,0.7477718119335619,0.03284684261661722,10.0,2.9207259817557505,True
GSM4138161,8,1,Mono_CD14_ID1,specific,0.8709928800848282,128,125,0.7333353104514786,0.7353543171785206,0.025889469240864226,10.0,5.239140348702637,True
GSM4138111,8,1,Mono_CD14_ID1,specific,0.7818085462619073,128,125,0.7372536749176613,0.7360946299112666,0.03491517663923173,10.0,1.3092849800815611,True
GSM4138127,8,5,Ambiguous/Mixed,ambiguous,0.806792592924926,111,100,0.7973540158771094,0.8058608064961404,0.023871554802411377,10.0,0.03903333639128644,True
GSM4138125,8,1,Mono_CD14_ID1,specific,0.8891268846893889,109,100,0.7682671002427894,0.7684235647726084,0.012427329835319807,10.0,9.712731658069355,True
GSM4138131,8,6,DC_pDC,specific,0.9181206911501923,109,100,0.7557043535409838,0.7611333360605689,0.015599965739677184,10.0,10.063314093718777,True
GSM4138127,8,4,Ambiguous/Mixed,ambiguous,0.8020703899499856,107,100,0.7973540158771094,0.8058608064961404,0.023871554802411377,10.0,-0.15878381519464224,True
GSM4138161,8,6,DC_pDC,specific,0.8669479000470499,107,100,0.7556751157728048,0.756615966500042,0.016341279346029823,10.0,6.751731685794445,True
GSM4138131,8,5,Ambiguous/Mixed,ambiguous,0.8148647672827187,104,100,0.7557043535409838,0.7611333360605689,0.015599965739677184,10.0,3.444330078590399,True
GSM4138139,8,3,Macrophage_family,family,0.8248526623554622,96,100,0.7661395734840504,0.7646397932166333,0.02201728160275333,10.0,2.734800336627344,True
GSM4138143,8,2,DC_family,family,0.7752258115120115,96,100,0.7796478385240256,0.7774827916439634,0.03102493601364835,10.0,-0.07274729369172518,False
GSM4138141,8,2,DC_family,family,0.8012862308380416,95,100,0.7891336299131056,0.7876086704440655,0.016350802220791796,10.0,0.836506992701782,True
GSM4138161,8,2,DC_family,family,0.7543310480738157,94,100,0.7556751157728048,0.756615966500042,0.016341279346029823,10.0,-0.1398249413551263,False
GSM4138129,8,1,Mono_CD14_ID1,specific,0.876666934415467,92,100,0.7802294636545738,0.7803470255522751,0.019596937692990053,10.0,4.915048992457944,True
GSM4138121,8,5,Ambiguous/Mixed,ambiguous,0.7601871038288299,91,100,0.6774445434492038,0.6794323926426652,0.014293780936684992,10.0,5.649639626063371,True
GSM4138113,8,1,Mono_CD14_ID1,specific,0.8562169603041029,88,100,0.7650419132455913,0.7661924020381662,0.011781454539829914,10.0,7.6412091530454065,True
GSM4138141,8,4,Ambiguous/Mixed,ambiguous,0.7876325428278055,76,75,0.831470497790985,0.8278099593248556,0.0276992532023982,10.0,-1.4504873544233867,False
GSM4138115,8,2,DC_family,family,0.8311619777949616,74,75,0.8347182520165184,0.83431743248954,0.02639121797291258,10.0,-0.11956457249593969,False
GSM4138133,8,4,Ambiguous/Mixed,ambiguous,0.7695698790663918,73,75,0.8369736441972822,0.8420096141731772,0.012780163044304542,10.0,-5.668138571915012,False
GSM4138141,8,6,DC_pDC,specific,0.9165508686482305,72,75,0.831470497790985,0.8278099593248556,0.0276992532023982,10.0,3.203729309051978,True
GSM4138137,8,7,Macrophage_family,family,0.8333890800887809,71,75,0.8112279979170152,0.8159020816159839,0.015441428125629543,10.0,1.1324728730092157,True
GSM4138123,8,4,Ambiguous/Mixed,ambiguous,0.7057607136177961,71,75,0.7478910756966862,0.7459487390399755,0.010202811462813162,10.0,-3.938916794518376,False
GSM4138111,8,4,Ambiguous/Mixed,ambiguous,0.7048259016756835,71,75,0.7806089576382846,0.789021593047926,0.0342033162138128,10.0,-2.461623628712369,False
GSM4138133,8,1,Mono_CD14_ID1,specific,0.9266356108125111,68,75,0.8369736441972822,0.8420096141731772,0.012780163044304542,10.0,6.621667997971851,True
GSM4138139,8,7,Macrophage_family,family,0.7848802709882211,68,75,0.7929161934254034,0.7993578594578341,0.019050471501477973,10.0,-0.7599595877975934,False
GSM4138133,8,3,Macrophage_family,family,0.8346030965523711,68,75,0.8369736441972822,0.8420096141731772,0.012780163044304542,10.0,-0.5795323263975753,False
GSM4138155,8,7,Macrophage_family,family,0.7438834925554043,67,75,0.7331742729286999,0.7454933937386825,0.03308900406020785,10.0,-0.048653660906471004,True
GSM4138117,8,3,Macrophage_family,family,0.8300092981748416,67,75,0.8080211511450079,0.8066033354566047,0.021599085243979976,10.0,1.0836552777048996,True
GSM4138137,8,4,Ambiguous/Mixed,ambiguous,0.842400265786033,66,75,0.8112279979170152,0.8159020816159839,0.015441428125629543,10.0,1.7160449120679242,True
GSM4138133,8,2,DC_family,family,0.8772113541772394,66,75,0.8369736441972822,0.8420096141731772,0.012780163044304542,10.0,2.7544046098652686,True
GSM4138141,8,3,Macrophage_family,family,0.8632695625355349,64,75,0.831470497790985,0.8278099593248556,0.0276992532023982,10.0,1.280164593304242,True
GSM4138111,8,6,DC_pDC,specific,0.8947421105721687,64,75,0.7806089576382846,0.789021593047926,0.0342033162138128,10.0,3.0909434881506646,True
GSM4138111,8,2,DC_family,family,0.8054061025372734,64,75,0.7806089576382846,0.789021593047926,0.0342033162138128,10.0,0.4790327752702137,True
GSM4138139,8,8,Mast,specific,0.966827109414383,59,50,0.8497700424179017,0.8489892535757297,0.02583433449671354,10.0,4.561288615878367,True
GSM4138143,8,4,Ambiguous/Mixed,ambiguous,0.8032684253802751,58,50,0.8716764985029095,0.8679807590756784,0.04169045767387151,10.0,-1.552209721505653,False
GSM4138131,8,2,DC_family,family,0.8686739697717796,58,50,0.8415305947121112,0.8411825284014046,0.030352202367935933,10.0,0.9057478280197854,True
GSM4138139,8,2,DC_family,family,0.8942650051111574,54,50,0.8497700424179017,0.8489892535757297,0.02583433449671354,10.0,1.7525418176027443,True
GSM4138135,8,4,Ambiguous/Mixed,ambiguous,0.8589388486313215,54,50,0.8531425742537564,0.8504722957490571,0.01800954009829069,10.0,0.47011488555823594,True
GSM4138159,8,1,Mono_CD14_ID1,specific,0.9410856453243512,53,50,0.8437099104233334,0.8452388199834336,0.025959377203851615,10.0,3.6921850854995366,True
GSM4138161,8,5,Ambiguous/Mixed,ambiguous,0.8414714167931125,53,50,0.8186150959142044,0.8202611816061893,0.023224484276183642,10.0,0.9132704491816852,True
GSM4138139,8,4,Ambiguous/Mixed,ambiguous,0.8197566064866918,53,50,0.8497700424179017,0.8489892535757297,0.02583433449671354,10.0,-1.1315424863279027,False
GSM4138157,8,1,Mono_CD14_ID1,specific,0.9620102155866254,52,50,0.8767823283670589,0.8837388104858525,0.019832699274607107,10.0,3.94658356974071,True
GSM4138155,8,6,DC_pDC,specific,0.9011069531084976,51,50,0.8116719002969048,0.8001558755817797,0.0330336939627996,10.0,3.056003292892478,True
GSM4138123,8,6,DC_pDC,specific,0.9508575041839805,48,50,0.7850821070212497,0.7888663908895278,0.026193388641296472,10.0,6.184427510041892,True
GSM4138119,8,1,Mono_CD14_ID1,specific,0.9401620775585753,47,50,0.7932023400422761,0.7863755180014268,0.03733831019104338,10.0,4.118733782281299,True
GSM4138157,8,2,DC_family,family,0.8066575218846397,47,50,0.8767823283670589,0.8837388104858525,0.019832699274607107,10.0,-3.88657577740334,False
GSM4138117,8,4,Ambiguous/Mixed,ambiguous,0.8056814834217488,46,50,0.8358854099372073,0.8361613581247408,0.02091613010477299,10.0,-1.4572425467958126,False
GSM4138121,8,1,Mono_CD14_ID1,specific,0.9002369222190056,46,50,0.7614734388237507,0.7563677651983048,0.030301256083991836,10.0,4.747960171086997,True
GSM4138143,8,6,DC_pDC,specific,0.9295762244202338,46,50,0.8716764985029095,0.8679807590756784,0.04169045767387151,10.0,1.4774475690910651,True
GSM4138145,8,6,DC_pDC,specific,0.945258029964264,45,50,0.8639541963394225,0.8551855138959764,0.03320226051125106,10.0,2.7128428812178385,True
GSM4138159,8,2,DC_family,family,0.8089205054940727,45,50,0.8437099104233334,0.8452388199834336,0.025959377203851615,10.0,-1.3990441374676885,False
GSM4138161,8,4,Ambiguous/Mixed,ambiguous,0.8066195142324782,41,50,0.8186150959142044,0.8202611816061893,0.023224484276183642,10.0,-0.5873830054301964,False
GSM4138123,8,2,DC_family,family,0.8139693084802466,41,50,0.7850821070212497,0.7888663908895278,0.026193388641296472,10.0,0.9583684621523758,True
GSM4138129,8,7,Macrophage_family,family,0.8778197334158395,40,50,0.8524170384667056,0.8574794782243835,0.026621002191077093,10.0,0.7640679733039389,True
GSM4138123,8,5,Ambiguous/Mixed,ambiguous,0.8787053633047521,40,50,0.7850821070212497,0.7888663908895278,0.026193388641296472,10.0,3.429833903719669,True
GSM4138155,8,4,Ambiguous/Mixed,ambiguous,0.8881655853528152,38,50,0.8116719002969048,0.8001558755817797,0.0330336939627996,10.0,2.664240634733322,True
GSM4138125,8,3,Macrophage_family,family,0.9004499473209373,37,25,0.9164930338071231,0.9188388274053472,0.026717684424713443,10.0,-0.6882662356547798,False
GSM4138123,8,1,Mono_CD14_ID1,specific,0.9288980802311448,35,25,0.8699213661280445,0.8801549342541974,0.026021253875910234,10.0,1.8732051195300958,True
GSM4138129,8,3,Macrophage_family,family,0.9123337654390258,35,25,0.931076450825193,0.9183711485744729,0.032131232378038686,10.0,-0.187897652490092,False
GSM4138113,8,6,DC_pDC,specific,0.9193607203971467,34,25,0.9240671724385692,0.9177122554283212,0.040209782289650685,10.0,0.040996615125909595,False
GSM4138137,8,2,DC_family,family,0.8645097549783994,33,25,0.926176546037629,0.9188558130939726,0.02524688033865908,10.0,-2.1525850872100096,False
GSM4138129,8,5,Ambiguous/Mixed,ambiguous,0.9027278617549278,33,25,0.931076450825193,0.9183711485744729,0.032131232378038686,10.0,-0.4868561104502508,False
GSM4138135,8,2,DC_family,family,0.8551474788246496,32,25,0.9262103971686568,0.9299491761958603,0.027728452087857892,10.0,-2.697651391942136,False
GSM4138145,8,5,Ambiguous/Mixed,ambiguous,0.9532232009804209,32,25,0.9581722339130803,0.9672380217135125,0.025825993587039915,10.0,-0.5426633707569932,False
GSM4138143,8,8,Mast,specific,0.9748135904112316,31,25,0.9450580936944553,0.9491119471886973,0.0170366173356051,10.0,1.5086118750123032,True
GSM4138147,8,6,DC_pDC,specific,0.935324749011505,31,25,0.9260874884786799,0.91700049001221,0.03480209657643462,10.0,0.5265274452373895,True
GSM4138135,8,7,Macrophage_family,family,0.8532372807392307,30,25,0.9262103971686568,0.9299491761958603,0.027728452087857892,10.0,-2.7665408517419996,False
GSM4138115,8,1,Mono_CD14_ID1,specific,0.9562078674963608,30,25,0.9613827702706941,0.9602304947917325,0.021745965538883007,10.0,-0.1849826942923755,False
GSM4138155,8,3,Macrophage_family,family,0.9129001310080413,30,25,0.9125995833019843,0.9086011184524632,0.0205912592617861,10.0,0.20877851621034305,True
GSM4138111,8,8,Mast,specific,0.9050661191766445,28,25,0.9111547497859049,0.9174711520389224,0.03172688570524009,10.0,-0.39099434396200605,False
GSM4138127,8,6,DC_pDC,specific,0.9560784239578238,28,25,0.9607701486208685,0.958907948415632,0.02307048316562853,10.0,-0.1226469527098465,False
GSM4138127,8,7,Macrophage_family,family,0.9716997553186849,27,25,0.9607701486208685,0.958907948415632,0.02307048316562853,10.0,0.5544663634141287,True
GSM4138145,8,4,Ambiguous/Mixed,ambiguous,0.8974993227115186,27,25,0.9581722339130803,0.9672380217135125,0.025825993587039915,10.0,-2.7003297575737966,False
GSM4138113,8,2,DC_family,family,0.8629104195113271,26,25,0.9240671724385692,0.9177122554283212,0.040209782289650685,10.0,-1.3628981008210839,False
GSM4138112,8,6,DC_pDC,specific,0.9670409840078681,25,25,0.9627064512758634,0.9599645605323005,0.013878950244238929,10.0,0.5098673423449274,True
GSM4138129,8,6,DC_pDC,specific,0.9868286715955322,25,25,0.931076450825193,0.9183711485744729,0.032131232378038686,10.0,2.130560142095553,True
GSM4138119,8,7,Macrophage_family,family,0.888582245209537,25,25,0.9211915973052534,0.9177772997659964,0.023356474458712168,10.0,-1.2499769435694703,False
GSM4138119,8,2,DC_family,family,0.8219998400889794,25,25,0.9211915973052534,0.9177772997659964,0.023356474458712168,10.0,-4.100681369798565,False
GSM4138115,8,4,Ambiguous/Mixed,ambiguous,0.9567688038984894,23,25,0.9613827702706941,0.9602304947917325,0.021745965538883007,10.0,-0.15918773011266896,False
GSM4138153,8,2,DC_family,family,0.922645268527941,23,25,0.9019739133206406,0.9067701798014556,0.032993349520122034,10.0,0.48116026282216484,True
GSM4138160,8,6,DC_pDC,specific,0.9826077730887751,22,25,0.9807110966306685,0.9779941749898674,0.016262702143506322,10.0,0.28369197555216347,True
GSM4138139,8,6,DC_pDC,specific,0.9506174967437965,22,25,0.9357290956556907,0.9337225384790877,0.0319793612246252,10.0,0.528308184332934,True
GSM4138125,8,2,DC_family,family,0.91892829451534,22,25,0.9164930338071231,0.9188388274053472,0.026717684424713443,10.0,0.0033486101778358716,True
GSM4138133,8,6,DC_pDC,specific,0.9780104357713506,21,25,0.9093942843333844,0.9134138789599708,0.020292895865104355,10.0,3.1832103826275455,True
GSM4138110,8,6,DC_pDC,specific,0.9555193703185515,21,25,0.9868341180732119,0.9867664570718897,0.011731289324245612,10.0,-2.663567992373896,False
GSM4138135,8,8,Mast,specific,1.0,21,25,0.9262103971686568,0.9299491761958603,0.027728452087857892,10.0,2.5263156984812194,True
GSM4138129,8,2,DC_family,family,0.9498496185578876,21,25,0.931076450825193,0.9183711485744729,0.032131232378038686,10.0,0.9796844893173131,True
GSM4138117,8,2,DC_family,family,0.9669669483132934,21,25,0.9147496893500744,0.9146754506733146,0.020995821291890267,10.0,2.490566904385717,True
GSM4138141,8,5,Ambiguous/Mixed,ambiguous,0.9491170180223923,21,25,0.9592369758991124,0.9592641270747289,0.029027749588371645,10.0,-0.3495658187847048,False
GSM4138122,8,6,DC_pDC,specific,0.9782659584116306,20,25,0.9792524358015444,0.9750685359411753,0.0122815856284961,10.0,0.2603428064725239,False
GSM4138144,8,2,DC_family,family,0.9708045111142379,20,25,0.9619331439188813,0.9601463057710922,0.010574803418738227,10.0,1.0078868534104146,True
GSM4138168,8,6,DC_pDC,specific,0.9457890908623999,20,25,0.9541628191306922,0.9543500656433102,0.015998487667747092,10.0,-0.5351115029559405,False
GSM4138128,8,6,DC_pDC,specific,0.9782659584116306,20,25,0.9844528974607618,0.9831021452587395,0.010708099409941723,10.0,-0.4516382097292538,False
GSM4138115,8,6,DC_pDC,specific,0.9816087420119992,19,25,0.9613827702706941,0.9602304947917325,0.021745965538883007,10.0,0.9830902740115727,True
GSM4138127,8,2,DC_family,family,0.974423076742236,19,25,0.9607701486208685,0.958907948415632,0.02307048316562853,10.0,0.6725098999972059,True
GSM4138155,8,8,Mast,specific,0.9381206978557273,19,25,0.9125995833019843,0.9086011184524632,0.0205912592617861,10.0,1.4335975778833236,True
GSM4138153,8,1,Mono_CD14_ID1,specific,0.895311369775414,19,25,0.9019739133206406,0.9067701798014556,0.032993349520122034,10.0,-0.34730666006047756,False
GSM4138157,8,5,Ambiguous/Mixed,ambiguous,0.9443334080919771,19,25,0.968189445659703,0.967113018075611,0.0247939680093005,10.0,-0.9187561254854019,False
GSM4138131,8,8,Mast,specific,0.9564196483172959,19,25,0.923417081484569,0.9232553144549218,0.039261461223893256,10.0,0.8447045226679263,True
GSM4138135,8,6,DC_pDC,specific,0.9592348250153161,19,25,0.9262103971686568,0.9299491761958603,0.027728452087857892,10.0,1.056158804922249,True
GSM4138120,8,2,DC_family,family,0.9811159638729601,18,25,0.9269817708599346,0.9265773629703217,0.029997327016448413,10.0,1.8181153565027073,True
GSM4138172,8,2,DC_family,family,0.9754958122373675,18,25,0.9425151302916579,0.940877955876207,0.01005325236184313,10.0,3.4434484597792103,True
GSM4138171,8,2,DC_family,family,1.0,18,25,0.9759808467049595,0.9775981664159804,0.00698398359901874,10.0,3.2076011156680098,True
GSM4138121,8,2,DC_family,family,0.9276452427329016,18,25,0.8588424057810767,0.8648333879843543,0.02589934807083429,10.0,2.4252291824781826,True
GSM4138159,8,3,Macrophage_family,family,0.9708356744047855,18,25,0.9168929989490284,0.9184785998316982,0.02684712170909718,10.0,1.9501932140213747,True
GSM4138162,8,2,DC_family,family,0.9902770529495832,18,25,0.9600140953042835,0.9563751722194592,0.016814135194355585,10.0,2.016272638363506,True
GSM4138130,8,6,DC_pDC,specific,0.9652784490766921,17,25,0.9804453099621897,0.9776933830033974,0.009270985594780661,10.0,-1.3391169471447064,False
GSM4138162,8,6,DC_pDC,specific,0.9897606953288196,17,25,0.9600140953042835,0.9563751722194592,0.016814135194355585,10.0,1.9855629042740017,True
GSM4138129,8,4,Ambiguous/Mixed,ambiguous,0.9734803446413771,17,25,0.931076450825193,0.9183711485744729,0.032131232378038686,10.0,1.71512861438115,True
GSM4138163,8,6,DC_pDC,specific,0.9941087355013785,16,25,0.9585446561255815,0.9609096758297184,0.017601132002729513,10.0,1.8861888920844216,True
GSM4138111,8,3,Macrophage_family,family,0.9194219762328679,16,25,0.9111547497859049,0.9174711520389224,0.03172688570524009,10.0,0.06148804556708637,True
GSM4138121,8,4,Ambiguous/Mixed,ambiguous,0.9496042034723613,16,25,0.8588424057810767,0.8648333879843543,0.02589934807083429,10.0,3.2730868458989875,True
GSM4138157,8,6,DC_pDC,specific,0.978093154163344,16,25,0.968189445659703,0.967113018075611,0.0247939680093005,10.0,0.4428551365241008,True
GSM4138151,8,6,DC_pDC,specific,0.9806392337550041,15,25,0.9827178817478986,0.9846374919959022,0.012571234817351205,10.0,-0.31804817100223504,False
GSM4138117,8,8,Mast,specific,0.9848958966969695,15,25,0.9147496893500744,0.9146754506733146,0.020995821291890267,10.0,3.3444962713022295,True
GSM4138147,8,2,DC_family,family,0.9840307386621786,15,25,0.9260874884786799,0.91700049001221,0.03480209657643462,10.0,1.9260405332981154,True
GSM4138121,8,6,DC_pDC,specific,0.9751570211532646,15,25,0.8588424057810767,0.8648333879843543,0.02589934807083429,10.0,4.25970695737889,True
GSM4138152,8,2,DC_family,family,0.9905377356009475,15,25,0.9641180515152854,0.957583050979306,0.02067585370218309,10.0,1.593872983254953,True
GSM4138134,8,6,DC_pDC,specific,0.9856991785152992,15,25,0.9819249423843273,0.9821690248976547,0.015217447096237586,10.0,0.23198067292886035,True
GSM4138134,9,1,Mono_CD14_ID1,specific,0.9561072244017473,1212,1200,0.9514564630867532,0.9512295751909872,0.0008075577946875117,10.0,6.040000162028774,True
GSM4138156,9,1,Mono_CD14_ID1,specific,0.9059498017128599,911,900,0.8871962172245604,0.8885619049646192,0.0035162232327363356,10.0,4.945049161372326,True
GSM4138126,9,1,Mono_CD14_ID1,specific,0.9549444876876225,757,750,0.9538573827526964,0.9539020316682425,0.0002101539933936338,10.0,4.960438783703844,True
GSM4138116,9,1,Mono_CD14_ID1,specific,0.9303430193458323,701,700,0.9217260418786248,0.9217348768857916,0.00022669976466545822,10.0,37.97155445989891,True
GSM4138140,9,1,Mono_CD14_ID1,specific,0.922601387293611,692,700,0.9078111651806406,0.9068905802054197,0.0017668472697567185,10.0,8.892000659657775,True
GSM4138142,9,1,Mono_CD14_ID1,specific,0.909247432318442,682,675,0.9093947544295217,0.9092609516844246,0.001328016032232219,10.0,-0.010180122569658057,False
GSM4138132,9,1,Mono_CD14_ID1,specific,0.9359187887504299,640,650,,,,,,False
GSM4138136,9,1,Mono_CD14_ID1,specific,0.9157671192704845,632,625,0.8997600701318478,0.8997697174657231,0.001422171325703088,10.0,11.248575692420639,True
GSM4138110,9,1,Mono_CD14_ID1,specific,0.916596574176536,621,625,0.9060897039154181,0.9066685629294383,0.0015164147847689798,10.0,6.547028785801591,True
GSM4138120,9,1,Mono_CD14_ID1,specific,0.8739225499269356,591,600,0.8443952529491889,0.8440244997402349,0.0009759269134653771,10.0,30.63554224622935,True
GSM4138130,9,1,Mono_CD14_ID1,specific,0.923439792533927,584,575,0.9001695525010971,0.9005950010084701,0.002005367489728226,10.0,11.391823016215813,True
GSM4138138,9,1,Mono_CD14_ID1,specific,0.9029797350123661,572,575,0.9043714999078616,0.9048127741948289,0.0011477243306989308,10.0,-1.5971075400540962,False
GSM4138128,9,1,Mono_CD14_ID1,specific,0.8957742911300235,534,525,0.8835313686581081,0.883627885958228,0.001735915978613893,10.0,6.997115829012755,True
GSM4138122,9,1,Mono_CD14_ID1,specific,0.8957742911300235,534,525,0.8837692631274707,0.8834997130866604,0.0015203066230211038,10.0,8.073751608719187,True
GSM4138160,9,1,Mono_CD14_ID1,specific,0.9189586536240123,480,475,0.8596701616474662,0.8611821379546842,0.005928421014857502,10.0,9.74568363558046,True
GSM4138162,9,1,Mono_CD14_ID1,specific,0.9249634124596796,466,475,0.8860682449565281,0.8865330642353026,0.0033742582927845464,10.0,11.389272808947593,True
GSM4138166,9,1,Mono_CD14_ID1,specific,0.9164362635171576,456,450,0.8914495290738329,0.8909445403043348,0.002325858948398227,10.0,10.960132913639681,True
GSM4138146,9,1,Mono_CD14_ID1,specific,0.904075408127974,453,450,0.8875859959393546,0.8872812173595259,0.004673913580633739,10.0,3.593175286345579,True
GSM4138152,9,1,Mono_CD14_ID1,specific,0.9057714060010406,445,450,0.8487683296515977,0.8495548372199156,0.0031139402567368288,10.0,18.05319439237912,True
GSM4138165,9,1,Mono_CD14_ID1,specific,0.9110716604730761,431,425,0.8973809165987539,0.8971954250620143,0.0005295584220022184,10.0,26.20340803682587,True
GSM4138163,9,1,Mono_CD14_ID1,specific,0.9199046183928997,414,425,0.8999351019674418,0.8982706432236526,0.0037395159604525726,10.0,5.7852340778962486,True
GSM4138123,9,3,Macrophage_family,family,0.7534395424864815,388,400,0.6841643909095233,0.6847585428674706,0.008566764169818837,10.0,8.017146060933678,True
GSM4138112,9,1,Mono_CD14_ID1,specific,0.9047463027850867,349,350,0.8733830869380714,0.8730517382757235,0.003719020763182527,10.0,8.522287593318206,True
GSM4138154,9,1,Mono_CD14_ID1,specific,0.8828113057778798,345,350,0.8215481739862732,0.8223186294756427,0.004532717902619563,10.0,13.345784494392861,True
GSM4138114,9,1,Mono_CD14_ID1,specific,0.905890416517625,341,350,0.8850913324254888,0.8854384305771605,0.0011052528383953737,10.0,18.504350525041,True
GSM4138124,9,1,Mono_CD14_ID1,specific,0.9227267155758652,337,325,0.9143729858414473,0.9158976429570458,0.00365199454525931,10.0,1.8699569602819541,True
GSM4138167,9,1,Mono_CD14_ID1,specific,0.9004975272835627,333,325,0.8921455313809429,0.8915790349790411,0.00282308170158957,10.0,3.159133616111751,True
GSM4138125,9,7,Macrophage_family,family,0.756176247671456,326,325,0.7064566623363193,0.7092253660789128,0.00974723270378593,10.0,4.816842176580733,True
GSM4138118,9,1,Mono_CD14_ID1,specific,0.9022237135692892,288,300,,,,,,False
GSM4138141,9,1,Mono_CD14_ID1,specific,0.8947403222520465,286,275,0.7296762404316006,0.7332000606344871,0.012775952507686105,10.0,12.64408751679185,True
GSM4138135,9,3,Macrophage_family,family,0.7744106247085092,285,275,0.7027226748990125,0.701863011619313,0.005688651228013368,10.0,12.753042888609611,True
GSM4138144,9,1,Mono_CD14_ID1,specific,0.9043740859975282,276,275,0.8505182448421189,0.8516477500413517,0.00492723103217889,10.0,10.701007444511925,True
GSM4138158,9,1,Mono_CD14_ID1,specific,0.9410311607422925,266,275,0.8929583802283123,0.8927295970311503,0.0024443295860833805,10.0,19.760659113297905,True
GSM4138135,9,5,Ambiguous/Mixed,ambiguous,0.7645184694689076,243,250,0.70475084996778,0.70966674041301,0.017859261430966267,10.0,3.071332443837225,True
GSM4138145,9,1,Mono_CD14_ID1,specific,0.8321884233162319,229,225,0.7203827266585581,0.7254277879350093,0.011547948279946518,10.0,9.244987316631542,True
GSM4138137,9,3,Macrophage_family,family,0.8200666903474678,219,225,0.769996132676889,0.7685765243557433,0.011189381830873608,10.0,4.601698893646963,True
GSM4138150,9,1,Mono_CD14_ID1,specific,0.9137768683727561,188,200,,,,,,False
GSM4138145,9,2,DC_family,family,0.7721260857373694,178,175,0.7281953837093378,0.7251175554251411,0.012244741588320956,10.0,3.8390790016397784,True
GSM4138155,9,1,Mono_CD14_ID1,specific,0.8234124432991177,175,175,0.6128473714066296,0.6145663529522757,0.017371985508373884,10.0,12.022004637648996,True
GSM4138155,9,2,DC_family,family,0.7216967425028984,172,175,0.6128473714066296,0.6145663529522757,0.017371985508373884,10.0,6.166847738790839,True
GSM4138148,9,1,Mono_CD14_ID1,specific,0.8766033380248794,167,175,0.851182691829546,0.8526637845811443,0.00508833153460405,10.0,4.704794347799504,True
GSM4138135,9,1,Mono_CD14_ID1,specific,0.918663003250709,167,175,0.72591871847289,0.7243008535420628,0.015737403795268955,10.0,12.350331238693657,True
GSM4138137,9,5,Ambiguous/Mixed,ambiguous,0.7915093628724433,167,175,0.7790171426240297,0.7776459639027508,0.009735877569720866,10.0,1.423949599860267,True
GSM4138131,9,3,Macrophage_family,family,0.7757297853579208,165,175,0.7338327332327117,0.7279872513993512,0.01797700557563322,10.0,2.655755640599114,True
GSM4138139,9,1,Mono_CD14_ID1,specific,0.8556038639248287,163,175,0.6790455971146819,0.6812905278292081,0.014153770013014195,10.0,12.31568238959245,True
GSM4138117,9,1,Mono_CD14_ID1,specific,0.8190730185217348,160,150,0.7097790056590851,0.7154112201058042,0.015562735016677652,10.0,6.660898505618868,True
GSM4138164,9,1,Mono_CD14_ID1,specific,0.8722884946036187,148,150,0.8373912943454023,0.8394840808611127,0.005660958392826469,10.0,5.794851589807748,True
GSM4138127,9,1,Mono_CD14_ID1,specific,0.8847549286612028,146,150,0.7668860514455906,0.7668052013055144,0.014720772737860328,10.0,8.012468465893345,True
GSM4138137,9,1,Mono_CD14_ID1,specific,0.8853968352505012,143,150,0.8011127857757415,0.79474559502429,0.019355406577808966,10.0,4.683509998190537,True
GSM4138131,9,1,Mono_CD14_ID1,specific,0.889440707549986,141,150,0.7485221675906779,0.7475879729821285,0.009645914678492058,10.0,14.705991012356051,True
GSM4138139,9,5,Ambiguous/Mixed,ambiguous,0.8280493334085111,140,150,0.699060797300902,0.6988286295814581,0.014248817294500636,10.0,9.068872254887149,True
GSM4138155,9,5,Ambiguous/Mixed,ambiguous,0.7401880464231294,137,125,0.6703323608734009,0.6706060472674455,0.01467493260540225,10.0,4.7415549377084565,True
GSM4138143,9,1,Mono_CD14_ID1,specific,0.8272382686759612,132,125,0.7496064891538959,0.7477718119335619,0.03284684261661722,10.0,2.4193027521676376,True
GSM4138161,9,1,Mono_CD14_ID1,specific,0.8733135200858709,117,125,0.7333353104514786,0.7353543171785206,0.025889469240864226,10.0,5.328776794295727,True
GSM4138127,9,4,Ambiguous/Mixed,ambiguous,0.7608538186659418,115,125,0.7806500689325178,0.7862384270027125,0.020488034378589554,10.0,-1.2389967660000694,False
GSM4138127,9,5,Ambiguous/Mixed,ambiguous,0.8051852482595049,112,100,0.7973540158771094,0.8058608064961404,0.023871554802411377,10.0,-0.028299716638789014,True
GSM4138111,9,1,Mono_CD14_ID1,specific,0.8283303328153239,112,100,0.7371251208252627,0.7355921098917457,0.022767009942835006,10.0,4.0733597936853245,True
GSM4138131,9,6,DC_pDC,specific,0.9048448234257365,110,100,0.7557043535409838,0.7611333360605689,0.015599965739677184,10.0,9.212295062908353,True
GSM4138125,9,1,Mono_CD14_ID1,specific,0.9290405428731575,108,100,0.7682671002427894,0.7684235647726084,0.012427329835319807,10.0,12.924496269830898,True
GSM4138131,9,5,Ambiguous/Mixed,ambiguous,0.8096179978338229,107,100,0.7557043535409838,0.7611333360605689,0.015599965739677184,10.0,3.107997965017157,True
GSM4138161,9,6,DC_pDC,specific,0.8669479000470499,107,100,0.7556751157728048,0.756615966500042,0.016341279346029823,10.0,6.751731685794445,True
GSM4138143,9,2,DC_family,family,0.7736439553886619,100,100,0.7796478385240256,0.7774827916439634,0.03102493601364835,10.0,-0.12373389758524225,False
GSM4138141,9,2,DC_family,family,0.8334045494392543,95,100,0.7891336299131056,0.7876086704440655,0.016350802220791796,10.0,2.8008337680798636,True
GSM4138161,9,2,DC_family,family,0.7553037197008686,95,100,0.7556751157728048,0.756615966500042,0.016341279346029823,10.0,-0.08030257432030415,False
GSM4138121,9,5,Ambiguous/Mixed,ambiguous,0.744474069933011,92,100,0.6774445434492038,0.6794323926426652,0.014293780936684992,10.0,4.550347985494611,True
GSM4138129,9,1,Mono_CD14_ID1,specific,0.8860503072141288,91,100,0.7802294636545738,0.7803470255522751,0.019596937692990053,10.0,5.393867313241723,True
GSM4138139,9,3,Macrophage_family,family,0.8223199363864976,90,100,0.7661395734840504,0.7646397932166333,0.02201728160275333,10.0,2.6197667909489413,True
GSM4138123,9,4,Ambiguous/Mixed,ambiguous,0.6884863585475232,86,75,0.7478910756966862,0.7459487390399755,0.010202811462813162,10.0,-5.632014342506391,False
GSM4138131,9,4,Ambiguous/Mixed,ambiguous,0.7150931326487349,84,75,0.7984795748200924,0.7969442700850593,0.02169983692865555,10.0,-3.771970162975583,False
GSM4138113,9,1,Mono_CD14_ID1,specific,0.8605081610560863,82,75,0.7999106296037788,0.7965042709907385,0.016329326993620878,10.0,3.919566929509782,True
GSM4138111,9,4,Ambiguous/Mixed,ambiguous,0.7228005835745206,78,75,0.7806089576382846,0.789021593047926,0.0342033162138128,10.0,-1.9360990922471553,False
GSM4138115,9,2,DC_family,family,0.820803083376346,77,75,0.8347182520165184,0.83431743248954,0.02639121797291258,10.0,-0.5120775072626397,False
GSM4138141,9,6,DC_pDC,specific,0.9165508686482305,72,75,0.831470497790985,0.8278099593248556,0.0276992532023982,10.0,3.203729309051978,True
GSM4138137,9,7,Macrophage_family,family,0.8559493720474666,70,75,0.8112279979170152,0.8159020816159839,0.015441428125629543,10.0,2.593496540971658,True
GSM4138155,9,7,Macrophage_family,family,0.7516000281830764,70,75,0.7331742729286999,0.7454933937386825,0.03308900406020785,10.0,0.18455177536568912,True
GSM4138133,9,2,DC_family,family,0.8677810014245049,69,75,0.8369736441972822,0.8420096141731772,0.012780163044304542,10.0,2.0165147472678475,True
GSM4138139,9,7,Macrophage_family,family,0.7848802709882211,68,75,0.7929161934254034,0.7993578594578341,0.019050471501477973,10.0,-0.7599595877975934,False
GSM4138133,9,1,Mono_CD14_ID1,specific,0.9213052519615698,65,75,0.8369736441972822,0.8420096141731772,0.012780163044304542,10.0,6.204587336914337,True
GSM4138133,9,3,Macrophage_family,family,0.8223090733456093,64,75,0.8369736441972822,0.8420096141731772,0.012780163044304542,10.0,-1.5414937007667837,False
GSM4138111,9,2,DC_family,family,0.7995402764022453,64,75,0.7806089576382846,0.789021593047926,0.0342033162138128,10.0,0.30753402063603047,True
GSM4138131,9,8,DC_family,family,0.863923045013493,63,75,0.7984795748200924,0.7969442700850593,0.02169983692865555,10.0,3.0866026850176667,True
GSM4138111,9,6,DC_pDC,specific,0.8937358526096312,63,75,0.7806089576382846,0.789021593047926,0.0342033162138128,10.0,3.061523593417442,True
GSM4138131,9,2,DC_family,family,0.8567448972269429,60,50,0.8415305947121112,0.8411825284014046,0.030352202367935933,10.0,0.5127261816749873,True
GSM4138117,9,3,Macrophage_family,family,0.8380295268636176,59,50,0.8358854099372073,0.8361613581247408,0.02091613010477299,10.0,0.08931713130100209,True
GSM4138139,9,9,Mast,specific,0.966827109414383,59,50,0.8497700424179017,0.8489892535757297,0.02583433449671354,10.0,4.561288615878367,True
GSM4138137,9,4,Ambiguous/Mixed,ambiguous,0.808668252999321,58,50,0.8546409807078789,0.8599141946566412,0.021769077275210446,10.0,-2.3540704555115237,False
GSM4138117,9,4,Ambiguous/Mixed,ambiguous,0.7759617660472025,57,50,0.8358854099372073,0.8361613581247408,0.02091613010477299,10.0,-2.8781419782716395,False
GSM4138133,9,4,Ambiguous/Mixed,ambiguous,0.7996112814465826,57,50,0.8481763951444382,0.8457010820553125,0.040238050381549366,10.0,-1.1454282742750328,False
GSM4138141,9,3,Macrophage_family,family,0.8713083151131708,56,50,0.8900435014268286,0.8901090886724006,0.029603528026603508,10.0,-0.6350855729875952,False
GSM4138161,9,5,Ambiguous/Mixed,ambiguous,0.8330403254709634,55,50,0.8186150959142044,0.8202611816061893,0.023224484276183642,10.0,0.5502444623874339,True
GSM4138139,9,2,DC_family,family,0.8942650051111574,54,50,0.8497700424179017,0.8489892535757297,0.02583433449671354,10.0,1.7525418176027443,True
GSM4138159,9,1,Mono_CD14_ID1,specific,0.9233524300960049,54,50,0.8437099104233334,0.8452388199834336,0.025959377203851615,10.0,3.0090710381519266,True
GSM4138141,9,8,DC_family,family,0.8827440521678653,53,50,0.8900435014268286,0.8901090886724006,0.029603528026603508,10.0,-0.24878914762850476,False
GSM4138155,9,6,DC_pDC,specific,0.9011069531084976,51,50,0.8116719002969048,0.8001558755817797,0.0330336939627996,10.0,3.056003292892478,True
GSM4138157,9,1,Mono_CD14_ID1,specific,0.9178522576550265,50,50,0.8767823283670589,0.8837388104858525,0.019832699274607107,10.0,1.7200607288414544,True
GSM4138157,9,2,DC_family,family,0.8102586814352237,49,50,0.8767823283670589,0.8837388104858525,0.019832699274607107,10.0,-3.7049989027317816,False
GSM4138123,9,6,DC_pDC,specific,0.9508575041839805,48,50,0.7850821070212497,0.7888663908895278,0.026193388641296472,10.0,6.184427510041892,True
GSM4138121,9,1,Mono_CD14_ID1,specific,0.9079435356569353,47,50,0.7614734388237507,0.7563677651983048,0.030301256083991836,10.0,5.002293305547422,True
GSM4138119,9,1,Mono_CD14_ID1,specific,0.9222110917745823,46,50,0.7932023400422761,0.7863755180014268,0.03733831019104338,10.0,3.637967896194171,True
GSM4138159,9,2,DC_family,family,0.8089205054940727,45,50,0.8437099104233334,0.8452388199834336,0.025959377203851615,10.0,-1.3990441374676885,False
GSM4138143,9,6,DC_pDC,specific,0.9287322613330776,45,50,0.8716764985029095,0.8679807590756784,0.04169045767387151,10.0,1.4572040137490208,True
GSM4138145,9,6,DC_pDC,specific,0.945258029964264,45,50,0.8639541963394225,0.8551855138959764,0.03320226051125106,10.0,2.7128428812178385,True
GSM4138143,9,8,DC_family,family,0.8492030477372928,43,50,0.8716764985029095,0.8679807590756784,0.04169045767387151,10.0,-0.4504078963410865,False
GSM4138123,9,2,DC_family,family,0.8035181856217536,41,50,0.7850821070212497,0.7888663908895278,0.026193388641296472,10.0,0.5593699590714952,True
GSM4138123,9,5,Ambiguous/Mixed,ambiguous,0.8813853407021823,41,50,0.7850821070212497,0.7888663908895278,0.026193388641296472,10.0,3.532148935735227,True
GSM4138129,9,7,Macrophage_family,family,0.8778197334158395,40,50,0.8524170384667056,0.8574794782243835,0.026621002191077093,10.0,0.7640679733039389,True
GSM4138161,9,4,Ambiguous/Mixed,ambiguous,0.7717763550064234,40,50,0.8186150959142044,0.8202611816061893,0.023224484276183642,10.0,-2.087659989483013,False
GSM4138141,9,4,Ambiguous/Mixed,ambiguous,0.8350654052781903,37,25,0.9592369758991124,0.9592641270747289,0.029027749588371645,10.0,-4.27862040832445,False
GSM4138125,9,3,Macrophage_family,family,0.8994232062551781,36,25,0.9164930338071231,0.9188388274053472,0.026717684424713443,10.0,-0.7266955040538576,False
GSM4138145,9,5,Ambiguous/Mixed,ambiguous,0.9302855066721587,35,25,0.9581722339130803,0.9672380217135125,0.025825993587039915,10.0,-1.4308264623707412,False
GSM4138129,9,3,Macrophage_family,family,0.911247911629337,34,25,0.931076450825193,0.9183711485744729,0.032131232378038686,10.0,-0.2216919930529799,False
GSM4138137,9,2,DC_family,family,0.8613137097763715,33,25,0.926176546037629,0.9188558130939726,0.02524688033865908,10.0,-2.279176775337674,False
GSM4138139,9,4,Ambiguous/Mixed,ambiguous,0.8454799738578477,33,25,0.9357290956556907,0.9337225384790877,0.0319793612246252,10.0,-2.7593598259020333,False
GSM4138123,9,1,Mono_CD14_ID1,specific,0.9316252202713934,33,25,0.8699213661280445,0.8801549342541974,0.026021253875910234,10.0,1.9780094480706685,True
GSM4138113,9,6,DC_pDC,specific,0.9360748270364975,33,25,0.9240671724385692,0.9177122554283212,0.040209782289650685,10.0,0.45666926211889586,True
GSM4138129,9,5,Ambiguous/Mixed,ambiguous,0.903701217883313,32,25,0.931076450825193,0.9183711485744729,0.032131232378038686,10.0,-0.45656296398972146,False
GSM4138135,9,7,Macrophage_family,family,0.8506824579896967,32,25,0.9262103971686568,0.9299491761958603,0.027728452087857892,10.0,-2.8586780810918033,False
GSM4138147,9,6,DC_pDC,specific,0.935324749011505,31,25,0.9260874884786799,0.91700049001221,0.03480209657643462,10.0,0.5265274452373895,True
GSM4138135,9,4,Ambiguous/Mixed,ambiguous,0.9126530122957772,31,25,0.9262103971686568,0.9299491761958603,0.027728452087857892,10.0,-0.6237695434739726,False
GSM4138135,9,2,DC_family,family,0.8766734228684006,31,25,0.9262103971686568,0.9299491761958603,0.027728452087857892,10.0,-1.9213388889742176,False
GSM4138143,9,9,Mast,specific,0.9748135904112316,31,25,0.9450580936944553,0.9491119471886973,0.0170366173356051,10.0,1.5086118750123032,True
GSM4138135,9,8,DC_family,family,0.9258735720252302,30,25,0.9262103971686568,0.9299491761958603,0.027728452087857892,10.0,-0.14698275106437336,False
GSM4138111,9,9,Mast,specific,0.9050661191766445,28,25,0.9111547497859049,0.9174711520389224,0.03172688570524009,10.0,-0.39099434396200605,False
GSM4138155,9,3,Macrophage_family,family,0.9395178704164566,28,25,0.9125995833019843,0.9086011184524632,0.0205912592617861,10.0,1.5014502790205615,True
GSM4138127,9,6,DC_pDC,specific,0.9560784239578238,28,25,0.9607701486208685,0.958907948415632,0.02307048316562853,10.0,-0.1226469527098465,False
GSM4138115,9,1,Mono_CD14_ID1,specific,0.9697411579301205,27,25,0.9613827702706941,0.9602304947917325,0.021745965538883007,10.0,0.43735299411665113,True
GSM4138127,9,7,Macrophage_family,family,0.9587942301365583,27,25,0.9607701486208685,0.958907948415632,0.02307048316562853,10.0,-0.004929167640629053,False
GSM4138125,9,2,DC_family,family,0.9215176200907207,26,25,0.9164930338071231,0.9188388274053472,0.026717684424713443,10.0,0.10026290612578984,True
GSM4138113,9,2,DC_family,family,0.8726883461069048,26,25,0.9240671724385692,0.9177122554283212,0.040209782289650685,10.0,-1.119725269763642,False
GSM4138119,9,2,DC_family,family,0.8404484553596817,25,25,0.9211915973052534,0.9177772997659964,0.023356474458712168,10.0,-3.3108097946464854,False
GSM4138112,9,6,DC_pDC,specific,0.9670409840078681,25,25,0.9627064512758634,0.9599645605323005,0.013878950244238929,10.0,0.5098673423449274,True
GSM4138129,9,6,DC_pDC,specific,0.9868286715955322,25,25,0.931076450825193,0.9183711485744729,0.032131232378038686,10.0,2.130560142095553,True
GSM4138155,9,8,DC_family,family,0.9095891198160622,25,25,0.9125995833019843,0.9086011184524632,0.0205912592617861,10.0,0.0479815901999041,False
GSM4138119,9,7,Macrophage_family,family,0.8869751010903455,24,25,0.9211915973052534,0.9177772997659964,0.023356474458712168,10.0,-1.3187863061311225,False
GSM4138153,9,2,DC_family,family,0.922645268527941,23,25,0.9019739133206406,0.9067701798014556,0.032993349520122034,10.0,0.48116026282216484,True
GSM4138160,9,6,DC_pDC,specific,0.980833886723325,23,25,0.9807110966306685,0.9779941749898674,0.016262702143506322,10.0,0.17461499991817436,True
GSM4138139,9,6,DC_pDC,specific,0.9506174967437965,22,25,0.9357290956556907,0.9337225384790877,0.0319793612246252,10.0,0.528308184332934,True
GSM4138139,9,8,DC_family,family,0.9422756010989471,22,25,0.9357290956556907,0.9337225384790877,0.0319793612246252,10.0,0.267455705565291,True
GSM4138144,9,2,DC_family,family,0.9721106090046372,22,25,0.9619331439188813,0.9601463057710922,0.010574803418738227,10.0,1.1313972241171546,True
GSM4138123,9,8,DC_family,family,0.9565098966662946,21,25,0.8699213661280445,0.8801549342541974,0.026021253875910234,10.0,2.9343306351114964,True
GSM4138129,9,2,DC_family,family,0.9498496185578876,21,25,0.931076450825193,0.9183711485744729,0.032131232378038686,10.0,0.9796844893173131,True
GSM4138110,9,6,DC_pDC,specific,0.9555193703185515,21,25,0.9868341180732119,0.9867664570718897,0.011731289324245612,10.0,-2.663567992373896,False
GSM4138141,9,5,Ambiguous/Mixed,ambiguous,0.9491170180223923,21,25,0.9592369758991124,0.9592641270747289,0.029027749588371645,10.0,-0.3495658187847048,False
GSM4138135,9,9,Mast,specific,1.0,21,25,0.9262103971686568,0.9299491761958603,0.027728452087857892,10.0,2.5263156984812194,True
GSM4138117,9,2,DC_family,family,0.9606103889526073,20,25,0.9147496893500744,0.9146754506733146,0.020995821291890267,10.0,2.1878133577482544,True
GSM4138122,9,6,DC_pDC,specific,0.9782659584116306,20,25,0.9792524358015444,0.9750685359411753,0.0122815856284961,10.0,0.2603428064725239,False
GSM4138168,9,6,DC_pDC,specific,0.9457890908623999,20,25,0.9541628191306922,0.9543500656433102,0.015998487667747092,10.0,-0.5351115029559405,False
GSM4138128,9,6,DC_pDC,specific,0.9782659584116306,20,25,0.9844528974607618,0.9831021452587395,0.010708099409941723,10.0,-0.4516382097292538,False
GSM4138133,9,6,DC_pDC,specific,0.9772575612773257,20,25,0.9093942843333844,0.9134138789599708,0.020292895865104355,10.0,3.1461099855708796,True
GSM4138157,9,5,Ambiguous/Mixed,ambiguous,0.9377220805312816,20,25,0.968189445659703,0.967113018075611,0.0247939680093005,10.0,-1.185406770441284,False
GSM4138155,9,4,Ambiguous/Mixed,ambiguous,0.9440258540886044,20,25,0.9125995833019843,0.9086011184524632,0.0205912592617861,10.0,1.7203773302919634,True
GSM4138133,9,8,DC_family,family,0.880236894807487,19,25,0.9093942843333844,0.9134138789599708,0.020292895865104355,10.0,-1.6349063422502914,False
GSM4138162,9,2,DC_family,family,0.9909607999329997,19,25,0.9600140953042835,0.9563751722194592,0.016814135194355585,10.0,2.0569376488153055,True
GSM4138127,9,2,DC_family,family,0.9743418453029794,19,25,0.9607701486208685,0.958907948415632,0.02307048316562853,10.0,0.6689888883793101,True
GSM4138155,9,9,Mast,specific,0.9381206978557273,19,25,0.9125995833019843,0.9086011184524632,0.0205912592617861,10.0,1.4335975778833236,True
GSM4138131,9,9,Mast,specific,0.9564196483172959,19,25,0.923417081484569,0.9232553144549218,0.039261461223893256,10.0,0.8447045226679263,True
GSM4138115,9,8,DC_family,family,0.959043731436514,19,25,0.9613827702706941,0.9602304947917325,0.021745965538883007,10.0,-0.054573955481374295,False
GSM4138135,9,6,DC_pDC,specific,0.9592348250153161,19,25,0.9262103971686568,0.9299491761958603,0.027728452087857892,10.0,1.056158804922249,True
GSM4138115,9,6,DC_pDC,specific,0.9816087420119992,19,25,0.9613827702706941,0.9602304947917325,0.021745965538883007,10.0,0.9830902740115727,True
GSM4138113,9,4,Ambiguous/Mixed,ambiguous,0.7604918724852465,18,25,0.9240671724385692,0.9177122554283212,0.040209782289650685,10.0,-3.910003337261057,False
GSM4138120,9,2,DC_family,family,0.9811159638729601,18,25,0.9269817708599346,0.9265773629703217,0.029997327016448413,10.0,1.8181153565027073,True
GSM4138171,9,2,DC_family,family,1.0,18,25,0.9759808467049595,0.9775981664159804,0.00698398359901874,10.0,3.2076011156680098,True
GSM4138172,9,2,DC_family,family,0.9754958122373675,18,25,0.9425151302916579,0.940877955876207,0.01005325236184313,10.0,3.4434484597792103,True
GSM4138145,9,8,DC_family,family,0.9782002683833607,18,25,0.9581722339130803,0.9672380217135125,0.025825993587039915,10.0,0.42446563122161357,True
GSM4138152,9,2,DC_family,family,0.9871090852553972,17,25,0.9641180515152854,0.957583050979306,0.02067585370218309,10.0,1.4280442636800863,True
GSM4138130,9,6,DC_pDC,specific,0.9652784490766921,17,25,0.9804453099621897,0.9776933830033974,0.009270985594780661,10.0,-1.3391169471447064,False
GSM4138121,9,2,DC_family,family,0.9282525272686811,17,25,0.8588424057810767,0.8648333879843543,0.02589934807083429,10.0,2.448677052058475,True
GSM4138153,9,1,Mono_CD14_ID1,specific,0.9864745868198048,17,25,0.9019739133206406,0.9067701798014556,0.032993349520122034,10.0,2.4157719109343234,True
GSM4138162,9,6,DC_pDC,specific,0.9897606953288196,17,25,0.9600140953042835,0.9563751722194592,0.016814135194355585,10.0,1.9855629042740017,True
GSM4138157,9,6,DC_pDC,specific,0.978093154163344,16,25,0.968189445659703,0.967113018075611,0.0247939680093005,10.0,0.4428551365241008,True
GSM4138143,9,4,Ambiguous/Mixed,ambiguous,0.9182267048767272,16,25,0.9450580936944553,0.9491119471886973,0.0170366173356051,10.0,-1.8128740995680248,False
GSM4138163,9,6,DC_pDC,specific,0.9941087355013785,16,25,0.9585446561255815,0.9609096758297184,0.017601132002729513,10.0,1.8861888920844216,True
GSM4138121,9,6,DC_pDC,specific,0.975345479450801,16,25,0.8588424057810767,0.8648333879843543,0.02589934807083429,10.0,4.26698352268165,True
GSM4138159,9,3,Macrophage_family,family,0.9729532809172062,16,25,0.9168929989490284,0.9184785998316982,0.02684712170909718,10.0,2.0290696960281296,True
GSM4138137,9,8,DC_family,family,0.948549955779736,16,25,0.926176546037629,0.9188558130939726,0.02524688033865908,10.0,1.176150965483625,True
GSM4138117,9,9,Mast,specific,0.9848958966969695,15,25,0.9147496893500744,0.9146754506733146,0.020995821291890267,10.0,3.3444962713022295,True
GSM4138134,9,6,DC_pDC,specific,0.9856991785152992,15,25,0.9819249423843273,0.9821690248976547,0.015217447096237586,10.0,0.23198067292886035,True
GSM4138147,9,2,DC_family,family,0.9840307386621786,15,25,0.9260874884786799,0.91700049001221,0.03480209657643462,10.0,1.9260405332981154,True
GSM4138151,9,6,DC_pDC,specific,0.9806392337550041,15,25,0.9827178817478986,0.9846374919959022,0.012571234817351205,10.0,-0.31804817100223504,False
GSM4138115,9,3,Macrophage_family,family,0.9727088844047236,15,25,0.9613827702706941,0.9602304947917325,0.021745965538883007,10.0,0.5738255029733685,True
GSM4138134,10,1,Monocyte_family,family,0.9813825816281553,822,825,0.9544150266147507,0.9515854166319011,0.0067826123129616726,10.0,4.39316941929754,True
GSM4138116,10,1,Monocyte_family,family,0.9471155441026594,680,675,0.9215677914460505,0.9228814356832707,0.0036746728798352233,10.0,6.5949022435094555,True
GSM4138126,10,1,Monocyte_family,family,0.9705696717857791,676,675,0.9532556156725593,0.9535126440353062,0.0010935501361661762,10.0,15.597847036325472,True
GSM4138156,10,1,Monocyte_family,family,0.9559831593542805,649,650,0.8904264686639494,0.8892175110282035,0.005198510263942226,10.0,12.843227181674566,True
GSM4138120,10,1,Monocyte_family,family,0.8982835326407963,512,500,0.84842531828048,0.8481759081382345,0.0058990576250457895,10.0,8.494174440645992,True
GSM4138142,10,1,Monocyte_family,family,0.9542347427260781,489,500,0.9104737375763846,0.9099821249338337,0.006455675818837706,10.0,6.854838909834195,True
GSM4138110,10,1,Monocyte_family,family,0.9646955391952554,463,475,0.9051399416981061,0.9053300879644366,0.002745136849883965,10.0,21.625680057927955,True
GSM4138140,10,1,Monocyte_family,family,0.9651154352104648,460,450,0.908564348378622,0.9088507819333508,0.007572220193642767,10.0,7.430403743983946,True
GSM4138132,10,1,Monocyte_family,family,0.9751290310024602,416,425,0.9362037907702028,0.93621993660959,0.002834223856429562,10.0,13.728306712471973,True
GSM4138160,10,1,Monocyte_family,family,0.9398099476786865,414,425,0.8624297012349278,0.8648120262710689,0.0071595204205015155,10.0,10.475271666641062,True
GSM4138123,10,4,Macrophage_family,family,0.7545476334101728,396,400,0.6841643909095233,0.6847585428674706,0.008566764169818837,10.0,8.146493723799807,True
GSM4138136,10,1,Monocyte_family,family,0.9596487329854694,390,400,0.9007489383318499,0.9009662989600816,0.005683957278280148,10.0,10.32422151546218,True
GSM4138134,10,2,Mono_CD16,specific,0.9564230412209733,389,400,0.9487900434239251,0.9497254042002619,0.005979101555016941,10.0,1.1201744876020072,True
GSM4138138,10,1,Monocyte_family,family,0.9755352914513403,377,375,0.8889362198117894,0.8888051984514191,0.006111965666973916,10.0,14.1902127278902,True
GSM4138163,10,1,Monocyte_family,family,0.9546008630896596,347,350,0.8997656748541165,0.8980826076013646,0.004060752067987648,10.0,13.918174402679872,True
GSM4138125,10,8,Macrophage_family,family,0.754166117275118,337,325,0.7064566623363193,0.7092253660789128,0.00974723270378593,10.0,4.61061642436726,True
GSM4138162,10,1,Monocyte_family,family,0.9676297259970954,324,325,0.8923156404823891,0.8916745365944573,0.006657349717805574,10.0,11.40922328287642,True
GSM4138128,10,2,Mono_CD16,specific,0.9075087563898493,319,325,0.8839017466257113,0.8843795674015344,0.002898526898044347,10.0,7.9796357949689,True
GSM4138122,10,2,Mono_CD16,specific,0.9075087563898493,319,325,0.8869370079606307,0.887278574870396,0.004879846225042593,10.0,4.145659634853914,True
GSM4138135,10,4,Macrophage_family,family,0.7721522067257113,307,300,0.6955585179714925,0.7008954754905794,0.016003003614458996,10.0,4.4527098132221985,True
GSM4138152,10,1,Monocyte_family,family,0.9415305772599165,303,300,0.856895210585955,0.8577239122185769,0.005830856940705392,10.0,14.372958536554497,True
GSM4138130,10,1,Monocyte_family,family,0.9572778575532774,302,300,0.9085550340473691,0.9098388971354028,0.007340291854491658,10.0,6.462816650654823,True
GSM4138146,10,2,Mono_CD16,specific,0.9292688100228726,291,300,0.8856363653902639,0.8873004982652393,0.007143357398662486,10.0,5.875152175011078,True
GSM4138154,10,1,Monocyte_family,family,0.9049546515737832,289,300,0.8289345094828077,0.828511942014128,0.00849208579231597,10.0,9.001641225624926,True
GSM4138130,10,2,Mono_CD16,specific,0.9315531560379615,280,275,0.9167164154842669,0.9159092604799224,0.008106025853353318,10.0,1.9299094082666335,True
GSM4138118,10,1,Monocyte_family,family,0.9135377571930902,269,275,0.8799842619733088,0.8811750855186451,0.006384571128514112,10.0,5.068887325870683,True
GSM4138165,10,1,Monocyte_family,family,0.951540610453507,268,275,0.9014755430472252,0.9030645524088315,0.006672652548398205,10.0,7.264885694717063,True
GSM4138156,10,2,Mono_CD16,specific,0.9426509533484065,259,250,0.8983801416577686,0.8966498051314972,0.008771821479942146,10.0,5.244195669291342,True
GSM4138166,10,1,Monocyte_family,family,0.9610237781309163,252,250,0.8923754909659161,0.8947298110267695,0.007907839337729757,10.0,8.383322456722924,True
GSM4138135,10,5,Ambiguous/Mixed,ambiguous,0.764367919517573,245,250,0.70475084996778,0.70966674041301,0.017859261430966267,10.0,3.0629026466747553,True
GSM4138136,10,2,Mono_CD16,specific,0.9260208221150259,240,250,0.9011366799846745,0.9010271127815412,0.005748198676211005,10.0,4.348094201566388,True
GSM4138114,10,1,Monocyte_family,family,0.950444565028107,234,225,0.8743359701575643,0.8769193507816432,0.007499143282380788,10.0,9.804481855842267,True
GSM4138124,10,1,Monocyte_family,family,0.9840038578943484,229,225,0.9213970601133138,0.9200804485091794,0.004886146209432712,10.0,13.082582191618586,True
GSM4138140,10,2,Mono_CD16,specific,0.9408611877919489,229,225,0.9277717528992286,0.9245175021842911,0.008850422002581435,10.0,1.8466560806807677,True
GSM4138137,10,4,Macrophage_family,family,0.8157274302628316,228,225,0.769996132676889,0.7685765243557433,0.011189381830873608,10.0,4.213897301903671,True
GSM4138158,10,1,Monocyte_family,family,0.9600174484735479,220,225,0.9027550335924034,0.9016004003465478,0.005204879309503204,10.0,11.223516368639084,True
GSM4138132,10,2,Mono_CD16,specific,0.9488970805395623,220,225,0.941210129176567,0.9403601334738674,0.006637123758333749,10.0,1.2862419590979826,True
GSM4138128,10,1,Monocyte_family,family,0.9692065393517582,216,225,0.8940830672168274,0.8944900480633547,0.005434559348584229,10.0,13.748399179386642,True
GSM4138122,10,1,Monocyte_family,family,0.9692065393517582,216,225,0.8922521185794907,0.8913037977523934,0.006456009797580775,10.0,12.066701266246032,True
GSM4138167,10,1,Monocyte_family,family,0.9697774706090806,215,225,0.8954259198593748,0.8973581067377469,0.007452020308636227,10.0,9.718084609539531,True
GSM4138141,10,1,Monocyte_family,family,0.9286476366704655,207,200,0.7283639290332442,0.7325653923855071,0.012845000054541714,10.0,15.265258345843908,True
GSM4138166,10,2,Mono_CD16,specific,0.9016888023477582,200,200,0.8891104597699997,0.8921813048911243,0.011179789925294375,10.0,0.8504182565294022,True
GSM4138138,10,2,Mono_CD16,specific,0.9653522065408984,194,200,0.9015500332051807,0.899550836469991,0.013511408561816426,10.0,4.870059977082157,True
GSM4138142,10,2,Mono_CD16,specific,0.9525511573838954,192,200,0.9136081548560113,0.9141643541833165,0.010953332907377463,10.0,3.504577421793139,True
GSM4138145,10,1,Monocyte_family,family,0.8532364317746807,186,175,0.7281953837093378,0.7251175554251411,0.012244741588320956,10.0,10.463175186297066,True
GSM4138112,10,1,Monocyte_family,family,0.9560656042919441,185,175,0.8813310231371112,0.8832471784791048,0.01121516441649675,10.0,6.4928540597878595,True
GSM4138145,10,3,DC_family,family,0.7668870532963505,184,175,0.7281953837093378,0.7251175554251411,0.012244741588320956,10.0,3.4112192217310007,True
GSM4138155,10,3,DC_family,family,0.7274080823742917,175,175,0.6128473714066296,0.6145663529522757,0.017371985508373884,10.0,6.495614986992848,True
GSM4138131,10,4,Macrophage_family,family,0.7870255031780478,169,175,0.7338327332327117,0.7279872513993512,0.01797700557563322,10.0,3.284098207029512,True
GSM4138137,10,5,Ambiguous/Mixed,ambiguous,0.8045920190678149,167,175,0.7790171426240297,0.7776459639027508,0.009735877569720866,10.0,2.7677068627966177,True
GSM4138112,10,2,Mono_CD16,specific,0.9159627410392819,164,175,0.8813310231371112,0.8832471784791048,0.01121516441649675,10.0,2.9170827412975475,True
GSM4138144,10,1,Monocyte_family,family,0.9431139606107838,162,150,0.8602528535391646,0.8599396014414591,0.011213089716939429,10.0,7.417612921055521,True
GSM4138165,10,2,Mono_CD16,specific,0.9019502812707811,161,150,0.9083507929105827,0.906864500822356,0.012279271354820192,10.0,-0.4002044917466403,False
GSM4138146,10,1,Monocyte_family,family,0.9502974700164851,159,150,0.8956437685145003,0.8975869016366355,0.015234089378603669,10.0,3.4600406410823505,True
GSM4138110,10,2,Mono_CD16,specific,0.9189740352638536,157,150,0.9183972551733428,0.9212664283062482,0.016069904679603904,10.0,-0.14265131549312307,True
GSM4138155,10,1,Monocyte_family,family,0.8449901466004469,154,150,0.6397631182352425,0.6457963591794125,0.02037806436820356,10.0,9.77491207319189,True
GSM4138139,10,5,Ambiguous/Mixed,ambiguous,0.8245494712747572,147,150,0.699060797300902,0.6988286295814581,0.014248817294500636,10.0,8.823247508536822,True
GSM4138162,10,2,Mono_CD16,specific,0.910952528535737,139,150,0.9030608504148141,0.9048040188110249,0.008866417934954336,10.0,0.6934603996584348,True
GSM4138155,10,5,Ambiguous/Mixed,ambiguous,0.7288368957381659,138,150,0.6397631182352425,0.6457963591794125,0.02037806436820356,10.0,4.07499628317613,True
GSM4138152,10,2,Mono_CD16,specific,0.9234939884514818,138,150,0.8808661898346524,0.882841664474616,0.017260730748689744,10.0,2.355191362912124,True
GSM4138150,10,1,Monocyte_family,family,0.9501175358460741,127,125,0.9157436740234969,0.9138528606586764,0.013433991332580173,10.0,2.699471384907654,True
GSM4138117,10,1,Monocyte_family,family,0.8583848740528922,124,125,0.731120487982829,0.7324530051515378,0.014028665390184417,10.0,8.976753340304667,True
GSM4138127,10,1,Monocyte_family,family,0.9334078731011674,116,125,0.7806500689325178,0.7862384270027125,0.020488034378589554,10.0,7.183190118630908,True
GSM4138127,10,5,Ambiguous/Mixed,ambiguous,0.7885673114341214,116,125,0.7806500689325178,0.7862384270027125,0.020488034378589554,10.0,0.11367046678926991,True
GSM4138127,10,6,Ambiguous/Mixed,ambiguous,0.7670468276671203,115,125,0.7806500689325178,0.7862384270027125,0.020488034378589554,10.0,-0.9367223317258715,False
GSM4138131,10,5,Ambiguous/Mixed,ambiguous,0.790171517485777,115,125,0.7588302423614066,0.7566666679693221,0.007312858267320327,10.0,4.581635291111982,True
GSM4138167,10,2,Mono_CD16,specific,0.8903326652121378,112,100,0.911922649511117,0.918390966250063,0.022804584243801662,10.0,-1.230379854241433,False
GSM4138131,10,7,DC_pDC,specific,0.9053547193725107,110,100,0.7557043535409838,0.7611333360605689,0.015599965739677184,10.0,9.244980772305608,True
GSM4138144,10,2,Mono_CD16,specific,0.9578988846245348,110,100,0.8670942355143862,0.8676620769805912,0.012364726170693124,10.0,7.297922040345939,True
GSM4138148,10,1,Monocyte_family,family,0.9468203139209714,109,100,0.8513317912868819,0.8550302005551028,0.009728374308125239,10.0,9.435298278891734,True
GSM4138124,10,2,Mono_CD16,specific,0.9087122057436673,108,100,0.9221203523271243,0.9276155795157497,0.014902749723516195,10.0,-1.2684487173701449,False
GSM4138161,10,7,DC_pDC,specific,0.8669479000470499,107,100,0.7556751157728048,0.756615966500042,0.016341279346029823,10.0,6.751731685794445,True
GSM4138139,10,1,Monocyte_family,family,0.9015484957566525,107,100,0.7661395734840504,0.7646397932166333,0.02201728160275333,10.0,6.218238246219203,True
GSM4138135,10,1,Monocyte_family,family,0.9245104343425377,105,100,0.764807601281803,0.7604989437454011,0.02406086441661241,10.0,6.816525281772408,True
GSM4138143,10,3,DC_family,family,0.7687836398699405,102,100,0.7796478385240256,0.7774827916439634,0.03102493601364835,10.0,-0.28039225512652227,False
GSM4138137,10,1,Monocyte_family,family,0.9134888368831342,102,100,0.8007390293415151,0.7983235842994478,0.01592226878485333,10.0,7.232967496016757,True
GSM4138114,10,2,Mono_CD16,specific,0.8954024980192478,102,100,0.8978579837831457,0.8968159399129124,0.01107520854380798,10.0,-0.12762214707504504,False
GSM4138161,10,3,DC_family,family,0.7538115245275605,101,100,0.7556751157728048,0.756615966500042,0.016341279346029823,10.0,-0.17161703885582744,False
GSM4138141,10,3,DC_family,family,0.8356393113913131,99,100,0.7891336299131056,0.7876086704440655,0.016350802220791796,10.0,2.9375097502048875,True
GSM4138161,10,1,Monocyte_family,family,0.8972736526686034,97,100,0.7556751157728048,0.756615966500042,0.016341279346029823,10.0,8.60750760023784,True
GSM4138139,10,4,Macrophage_family,family,0.8331367401380043,97,100,0.7661395734840504,0.7646397932166333,0.02201728160275333,10.0,3.1110537693629365,True
GSM4138121,10,5,Ambiguous/Mixed,ambiguous,0.7434526981896218,93,100,0.6774445434492038,0.6794323926426652,0.014293780936684992,10.0,4.478892312015812,True
GSM4138164,10,1,Monocyte_family,family,0.9662427418924303,91,100,0.8484807087548788,0.8496648785588043,0.011476171500266657,10.0,10.158253850678093,True
GSM4138125,10,1,Monocyte_family,family,0.9505118449303743,86,75,0.7887823455344318,0.7947132085637797,0.020550408234818324,10.0,7.581291553256191,True
GSM4138111,10,6,Ambiguous/Mixed,ambiguous,0.7287151232234346,86,75,0.7806089576382846,0.789021593047926,0.0342033162138128,10.0,-1.7631761039631881,False
GSM4138123,10,6,Ambiguous/Mixed,ambiguous,0.6847617240530787,83,75,0.7478910756966862,0.7459487390399755,0.010202811462813162,10.0,-5.997073964358652,False
GSM4138137,10,8,Macrophage_family,family,0.8344264530037081,81,75,0.8112279979170152,0.8159020816159839,0.015441428125629543,10.0,1.1996540240327669,True
GSM4138126,10,2,Mono_CD16,specific,0.9644699692952327,81,75,0.9696162720742392,0.969404234779447,0.012291579855461133,10.0,-0.40143460338193193,False
GSM4138131,10,6,Ambiguous/Mixed,ambiguous,0.7150458981949486,80,75,0.7984795748200924,0.7969442700850593,0.02169983692865555,10.0,-3.774146882272672,False
GSM4138115,10,3,DC_family,family,0.8243875521290319,80,75,0.8347182520165184,0.83431743248954,0.02639121797291258,10.0,-0.37625699468285084,False
GSM4138143,10,1,Monocyte_family,family,0.8690310045834176,80,75,0.8272149831448337,0.8192228286902077,0.041641998942416894,10.0,1.19610434556913,True
GSM4138133,10,3,DC_family,family,0.8697639261637394,76,75,0.8369736441972822,0.8420096141731772,0.012780163044304542,10.0,2.17167119811753,True
GSM4138139,10,8,Macrophage_family,family,0.7785106551726442,74,75,0.7929161934254034,0.7993578594578341,0.019050471501477973,10.0,-1.0943143472103862,False
GSM4138120,10,2,Mono_CD16,specific,0.9175520391918406,74,75,0.8881480968044911,0.8876591209898365,0.013990501994875063,10.0,2.1366580136262705,True
GSM4138141,10,7,DC_pDC,specific,0.915848528113676,73,75,0.831470497790985,0.8278099593248556,0.0276992532023982,10.0,3.1783733714957365,True
GSM4138133,10,4,Macrophage_family,family,0.8312055234390129,71,75,0.8369736441972822,0.8420096141731772,0.012780163044304542,10.0,-0.8453797261200947,False
GSM4138155,10,8,Macrophage_family,family,0.7536387235058393,71,75,0.7331742729286999,0.7454933937386825,0.03308900406020785,10.0,0.24616424696058367,True
GSM4138129,10,1,Monocyte_family,family,0.9469292228541981,70,75,0.8091636831736955,0.8078265285989547,0.02753753877055415,10.0,5.051384417985306,True
GSM4138131,10,2,Mono_CD16,specific,0.9167680901619377,68,75,0.7984795748200924,0.7969442700850593,0.02169983692865555,10.0,5.521876522428886,True
GSM4138141,10,2,Mono_CD16,specific,0.9458500263333343,67,75,0.831470497790985,0.8278099593248556,0.0276992532023982,10.0,4.2614891508432,True
GSM4138160,10,2,Mono_CD16,specific,0.9587210442728091,65,75,0.9308918732976366,0.9329891092833809,0.018940931763079736,10.0,1.3585358582826308,True
GSM4138111,10,3,DC_family,family,0.8003291879787784,65,75,0.7806089576382846,0.789021593047926,0.0342033162138128,10.0,0.3305993740538505,True
GSM4138117,10,4,Macrophage_family,family,0.8404572429924667,64,75,0.8080211511450079,0.8066033354566047,0.021599085243979976,10.0,1.5673769121911163,True
GSM4138131,10,9,DC_family,family,0.8695062122729617,64,75,0.7984795748200924,0.7969442700850593,0.02169983692865555,10.0,3.3438934323087586,True
GSM4138111,10,7,DC_pDC,specific,0.8970584604838131,64,75,0.7806089576382846,0.789021593047926,0.0342033162138128,10.0,3.1586664509524116,True
GSM4138163,10,2,Mono_CD16,specific,0.9460253919609819,63,75,0.9395377867937518,0.939020402640087,0.012021574056104633,10.0,0.5827015071572682,True
GSM4138131,10,1,Monocyte_family,family,0.9296471161541309,63,75,0.7984795748200924,0.7969442700850593,0.02169983692865555,10.0,6.1153844844719485,True
GSM4138117,10,6,Ambiguous/Mixed,ambiguous,0.7761901128602449,63,75,0.8080211511450079,0.8066033354566047,0.021599085243979976,10.0,-1.408079196540811,False
GSM4138141,10,4,Macrophage_family,family,0.8685347144884038,62,50,0.8900435014268286,0.8901090886724006,0.029603528026603508,10.0,-0.7287771296924049,False
GSM4138150,10,2,Mono_CD16,specific,0.9398843820277918,61,50,0.9492177049660484,0.9455277823177115,0.018066775761503433,10.0,-0.3123634435063195,False
GSM4138133,10,6,Ambiguous/Mixed,ambiguous,0.7968224087220419,60,50,0.8481763951444382,0.8457010820553125,0.040238050381549366,10.0,-1.2147376145163147,False
GSM4138131,10,3,DC_family,family,0.8514923873873103,60,50,0.8415305947121112,0.8411825284014046,0.030352202367935933,10.0,0.3396741646924763,True
GSM4138139,10,10,Mast,specific,0.966827109414383,59,50,0.8497700424179017,0.8489892535757297,0.02583433449671354,10.0,4.561288615878367,True
GSM4138137,10,6,Ambiguous/Mixed,ambiguous,0.8311732996776743,57,50,0.8546409807078789,0.8599141946566412,0.021769077275210446,10.0,-1.3202624353626435,False
GSM4138113,10,1,Monocyte_family,family,0.9244230885146714,56,50,0.8350619853836887,0.834037813788137,0.024529631773840915,10.0,3.684738342583835,True
GSM4138164,10,2,Mono_CD16,specific,0.9396523208726991,55,50,0.9009637997425629,0.9032067374587932,0.023511123900078923,10.0,1.5501421186327706,True
GSM4138141,10,9,DC_family,family,0.8827440521678653,53,50,0.8900435014268286,0.8901090886724006,0.029603528026603508,10.0,-0.24878914762850476,False
GSM4138157,10,3,DC_family,family,0.8129768990298566,53,50,0.8767823283670589,0.8837388104858525,0.019832699274607107,10.0,-3.5679415331324176,False
GSM4138111,10,1,Monocyte_family,family,0.9137878662227187,53,50,0.8183961893699605,0.8271588557866159,0.033279857360471385,10.0,2.6030463261239105,True
GSM4138154,10,2,Mono_CD16,specific,0.9473208759634055,52,50,0.8753637533148233,0.8822145575071557,0.024186917043441437,10.0,2.6917989729453407,True
GSM4138148,10,2,Mono_CD16,specific,0.9250748096306702,52,50,0.8803577223985555,0.8775392652755208,0.02073202321911549,10.0,2.2928560253260923,True
GSM4138161,10,5,Ambiguous/Mixed,ambiguous,0.8454658928113352,51,50,0.8186150959142044,0.8202611816061893,0.023224484276183642,10.0,1.0852646244116146,True
GSM4138139,10,3,DC_family,family,0.8940364193112427,51,50,0.8497700424179017,0.8489892535757297,0.02583433449671354,10.0,1.7436936779325014,True
GSM4138155,10,7,DC_pDC,specific,0.9011069531084976,51,50,0.8116719002969048,0.8001558755817797,0.0330336939627996,10.0,3.056003292892478,True
GSM4138123,10,7,DC_pDC,specific,0.9508575041839805,48,50,0.7850821070212497,0.7888663908895278,0.026193388641296472,10.0,6.184427510041892,True
GSM4138111,10,2,Mono_CD16,specific,0.8998732598878716,46,50,0.8183961893699605,0.8271588557866159,0.033279857360471385,10.0,2.1849373725869174,True
GSM4138159,10,3,DC_family,family,0.8172620913720567,46,50,0.8437099104233334,0.8452388199834336,0.025959377203851615,10.0,-1.077711856940311,False
GSM4138143,10,7,DC_pDC,specific,0.9295762244202338,46,50,0.8716764985029095,0.8679807590756784,0.04169045767387151,10.0,1.4774475690910651,True
GSM4138145,10,7,DC_pDC,specific,0.945258029964264,45,50,0.8639541963394225,0.8551855138959764,0.03320226051125106,10.0,2.7128428812178385,True
GSM4138143,10,2,Mono_CD16,specific,0.945674053745517,44,50,0.8716764985029095,0.8679807590756784,0.04169045767387151,10.0,1.863575000245945,True
GSM4138158,10,2,Mono_CD16,specific,0.9688520387851621,43,50,0.9509965498643975,0.9521572316803834,0.016154902096490276,10.0,1.0334205063617066,True
GSM4138119,10,1,Monocyte_family,family,0.8931867386069501,42,50,0.7932023400422761,0.7863755180014268,0.03733831019104338,10.0,2.860633490348604,True
GSM4138129,10,8,Macrophage_family,family,0.875590907808813,42,50,0.8524170384667056,0.8574794782243835,0.026621002191077093,10.0,0.6803436420023324,True
GSM4138123,10,5,Ambiguous/Mixed,ambiguous,0.8792451259647479,42,50,0.7850821070212497,0.7888663908895278,0.026193388641296472,10.0,3.450440731930693,True
GSM4138123,10,3,DC_family,family,0.7913500330632482,42,50,0.7850821070212497,0.7888663908895278,0.026193388641296472,10.0,0.09481942973215489,True
GSM4138143,10,9,DC_family,family,0.8539487688654224,42,50,0.8716764985029095,0.8679807590756784,0.04169045767387151,10.0,-0.33657558571371216,False
GSM4138161,10,6,Ambiguous/Mixed,ambiguous,0.7626224722900904,40,50,0.8186150959142044,0.8202611816061893,0.023224484276183642,10.0,-2.481807932984181,False
GSM4138121,10,1,Monocyte_family,family,0.9041062020513686,40,50,0.7614734388237507,0.7563677651983048,0.030301256083991836,10.0,4.875653881923199,True
GSM4138135,10,3,DC_family,family,0.8762579145582194,39,50,0.8531425742537564,0.8504722957490571,0.01800954009829069,10.0,1.4317755294378478,True
GSM4138145,10,2,Mono_CD16,specific,0.9795749355481274,38,50,0.8639541963394225,0.8551855138959764,0.03320226051125106,10.0,3.746414242186908,True
GSM4138139,10,6,Ambiguous/Mixed,ambiguous,0.8524336506354653,37,25,0.9357290956556907,0.9337225384790877,0.0319793612246252,10.0,-2.541917184419156,False
GSM4138141,10,6,Ambiguous/Mixed,ambiguous,0.8325844683838861,37,25,0.9592369758991124,0.9592641270747289,0.029027749588371645,10.0,-4.364088173806967,False
GSM4138159,10,1,Monocyte_family,family,0.958876157576403,36,25,0.9168929989490284,0.9184785998316982,0.02684712170909718,10.0,1.5047258392327403,True
GSM4138129,10,5,Ambiguous/Mixed,ambiguous,0.8718311552244478,36,25,0.931076450825193,0.9183711485744729,0.032131232378038686,10.0,-1.4484347441909713,False
GSM4138125,10,4,Macrophage_family,family,0.8994232062551781,36,25,0.9164930338071231,0.9188388274053472,0.026717684424713443,10.0,-0.7266955040538576,False
GSM4138137,10,3,DC_family,family,0.8698362000428757,35,25,0.926176546037629,0.9188558130939726,0.02524688033865908,10.0,-1.9416107017402875,False
GSM4138135,10,8,Macrophage_family,family,0.8591470593181161,35,25,0.9262103971686568,0.9299491761958603,0.027728452087857892,10.0,-2.5534103617975834,False
GSM4138139,10,2,Mono_CD16,specific,0.9501933802406031,35,25,0.9357290956556907,0.9337225384790877,0.0319793612246252,10.0,0.5150459900003336,True
GSM4138129,10,4,Macrophage_family,family,0.909118969181269,34,25,0.931076450825193,0.9183711485744729,0.032131232378038686,10.0,-0.2879497208307404,False
GSM4138113,10,7,DC_pDC,specific,0.9360748270364975,33,25,0.9240671724385692,0.9177122554283212,0.040209782289650685,10.0,0.45666926211889586,True
GSM4138135,10,6,Ambiguous/Mixed,ambiguous,0.9026518339753895,32,25,0.9262103971686568,0.9299491761958603,0.027728452087857892,10.0,-0.9844524365795407,False
GSM4138145,10,5,Ambiguous/Mixed,ambiguous,0.9420086775217021,31,25,0.9581722339130803,0.9672380217135125,0.025825993587039915,10.0,-0.9768973304659614,False
GSM4138143,10,10,Mast,specific,0.9748135904112316,31,25,0.9450580936944553,0.9491119471886973,0.0170366173356051,10.0,1.5086118750123032,True
GSM4138147,10,7,DC_pDC,specific,0.935324749011505,31,25,0.9260874884786799,0.91700049001221,0.03480209657643462,10.0,0.5265274452373895,True
GSM4138135,10,9,DC_family,family,0.9258735720252302,30,25,0.9262103971686568,0.9299491761958603,0.027728452087857892,10.0,-0.14698275106437336,False
GSM4138133,10,1,Monocyte_family,family,0.9591286501309939,29,25,0.9093942843333844,0.9134138789599708,0.020292895865104355,10.0,2.2527475366211362,True
GSM4138127,10,7,DC_pDC,specific,0.9419975452784044,29,25,0.9607701486208685,0.958907948415632,0.02307048316562853,10.0,-0.7329886858382524,False
GSM4138119,10,3,DC_family,family,0.7841669029157519,28,25,0.9211915973052534,0.9177772997659964,0.023356474458712168,10.0,-5.720486500924232,False
GSM4138155,10,4,Macrophage_family,family,0.9395178704164566,28,25,0.9125995833019843,0.9086011184524632,0.0205912592617861,10.0,1.5014502790205615,True
GSM4138157,10,1,Monocyte_family,family,0.9659744337085671,28,25,0.968189445659703,0.967113018075611,0.0247939680093005,10.0,-0.04592182931819759,False
GSM4138117,10,3,DC_family,family,0.9294505281939935,28,25,0.9147496893500744,0.9146754506733146,0.020995821291890267,10.0,0.7037151495657811,True
GSM4138111,10,10,Mast,specific,0.9050661191766445,28,25,0.9111547497859049,0.9174711520389224,0.03172688570524009,10.0,-0.39099434396200605,False
GSM4138113,10,3,DC_family,family,0.8740270758704553,27,25,0.9240671724385692,0.9177122554283212,0.040209782289650685,10.0,-1.0864316360427004,False
GSM4138135,10,2,Mono_CD16,specific,0.9676991640382285,26,25,0.9262103971686568,0.9299491761958603,0.027728452087857892,10.0,1.3614170644202221,True
GSM4138119,10,8,Macrophage_family,family,0.8760046119891902,25,25,0.9211915973052534,0.9177772997659964,0.023356474458712168,10.0,-1.788484295891867,False
GSM4138129,10,7,DC_pDC,specific,0.9868286715955322,25,25,0.931076450825193,0.9183711485744729,0.032131232378038686,10.0,2.130560142095553,True
GSM4138144,10,3,DC_family,family,0.9781844894572163,25,25,0.9619331439188813,0.9601463057710922,0.010574803418738227,10.0,1.705770119013369,True
GSM4138112,10,7,DC_pDC,specific,0.9670409840078681,25,25,0.9627064512758634,0.9599645605323005,0.013878950244238929,10.0,0.5098673423449274,True
GSM4138127,10,8,Macrophage_family,family,0.9551348531414955,25,25,0.9607701486208685,0.958907948415632,0.02307048316562853,10.0,-0.16354643494236942,False
GSM4138155,10,9,DC_family,family,0.9095891198160622,25,25,0.9125995833019843,0.9086011184524632,0.0205912592617861,10.0,0.0479815901999041,False
GSM4138125,10,3,DC_family,family,0.9204911424777072,24,25,0.9164930338071231,0.9188388274053472,0.026717684424713443,10.0,0.06184349833968815,True
GSM4138129,10,3,DC_family,family,0.9201825036506178,24,25,0.931076450825193,0.9183711485744729,0.032131232378038686,10.0,0.056373657095797475,False
GSM4138123,10,1,Monocyte_family,family,0.9497458291067338,23,25,0.8699213661280445,0.8801549342541974,0.026021253875910234,10.0,2.6743866834550074,True
GSM4138160,10,7,DC_pDC,specific,0.980833886723325,23,25,0.9807110966306685,0.9779941749898674,0.016262702143506322,10.0,0.17461499991817436,True
GSM4138153,10,3,DC_family,family,0.922645268527941,23,25,0.9019739133206406,0.9067701798014556,0.032993349520122034,10.0,0.48116026282216484,True
GSM4138113,10,2,Mono_CD16,specific,0.939604105750446,23,25,0.9240671724385692,0.9177122554283212,0.040209782289650685,10.0,0.5444409065542067,True
GSM4138141,10,5,Ambiguous/Mixed,ambiguous,0.9495144952302128,22,25,0.9592369758991124,0.9592641270747289,0.029027749588371645,10.0,-0.33587281076800035,False
GSM4138139,10,9,DC_family,family,0.9422756010989471,22,25,0.9357290956556907,0.9337225384790877,0.0319793612246252,10.0,0.267455705565291,True
GSM4138162,10,3,DC_family,family,0.9884703085427223,22,25,0.9600140953042835,0.9563751722194592,0.016814135194355585,10.0,1.9088187380601813,True
GSM4138139,10,7,DC_pDC,specific,0.9506174967437965,22,25,0.9357290956556907,0.9337225384790877,0.0319793612246252,10.0,0.528308184332934,True
GSM4138120,10,3,DC_family,family,0.9628306238385708,22,25,0.9269817708599346,0.9265773629703217,0.029997327016448413,10.0,1.2085497100581786,True
GSM4138135,10,10,Mast,specific,1.0,21,25,0.9262103971686568,0.9299491761958603,0.027728452087857892,10.0,2.5263156984812194,True
GSM4138123,10,9,DC_family,family,0.9565098966662946,21,25,0.8699213661280445,0.8801549342541974,0.026021253875910234,10.0,2.9343306351114964,True
GSM4138133,10,7,DC_pDC,specific,0.9780104357713506,21,25,0.9093942843333844,0.9134138789599708,0.020292895865104355,10.0,3.1832103826275455,True
GSM4138116,10,2,Mono_CD16,specific,0.9842694746206083,21,25,0.9788246647115975,0.9644729305795968,0.03412886316677367,10.0,0.5800528410300091,True
GSM4138137,10,2,Mono_CD16,specific,0.9914975282969861,20,25,0.926176546037629,0.9188558130939726,0.02524688033865908,10.0,2.87725509958478,True
GSM4138110,10,7,DC_pDC,specific,0.9697106021963595,20,25,0.9868341180732119,0.9867664570718897,0.011731289324245612,10.0,-1.4538772682283132,False
GSM4138128,10,7,DC_pDC,specific,0.9782659584116306,20,25,0.9844528974607618,0.9831021452587395,0.010708099409941723,10.0,-0.4516382097292538,False
GSM4138122,10,7,DC_pDC,specific,0.9782659584116306,20,25,0.9792524358015444,0.9750685359411753,0.0122815856284961,10.0,0.2603428064725239,False
GSM4138127,10,2,Mono_CD16,specific,0.9434034012598295,20,25,0.9607701486208685,0.958907948415632,0.02307048316562853,10.0,-0.6720512546049277,False
GSM4138155,10,6,Ambiguous/Mixed,ambiguous,0.9460654341861999,20,25,0.9125995833019843,0.9086011184524632,0.0205912592617861,10.0,1.8194281008963937,True
GSM4138152,10,3,DC_family,family,0.9745412407235607,20,25,0.9641180515152854,0.957583050979306,0.02067585370218309,10.0,0.8201929646302453,True
GSM4138168,10,7,DC_pDC,specific,0.9457890908623999,20,25,0.9541628191306922,0.9543500656433102,0.015998487667747092,10.0,-0.5351115029559405,False
GSM4138157,10,5,Ambiguous/Mixed,ambiguous,0.9291599734980015,20,25,0.968189445659703,0.967113018075611,0.0247939680093005,10.0,-1.5307370148809132,False
GSM4138115,10,9,DC_family,family,0.959043731436514,19,25,0.9613827702706941,0.9602304947917325,0.021745965538883007,10.0,-0.054573955481374295,False
GSM4138115,10,7,DC_pDC,specific,0.9816087420119992,19,25,0.9613827702706941,0.9602304947917325,0.021745965538883007,10.0,0.9830902740115727,True
GSM4138155,10,10,Mast,specific,0.9381206978557273,19,25,0.9125995833019843,0.9086011184524632,0.0205912592617861,10.0,1.4335975778833236,True
GSM4138135,10,7,DC_pDC,specific,0.9592348250153161,19,25,0.9262103971686568,0.9299491761958603,0.027728452087857892,10.0,1.056158804922249,True
GSM4138133,10,9,DC_family,family,0.880236894807487,19,25,0.9093942843333844,0.9134138789599708,0.020292895865104355,10.0,-1.6349063422502914,False
GSM4138121,10,3,DC_family,family,0.9124308691849021,19,25,0.8588424057810767,0.8648333879843543,0.02589934807083429,10.0,1.8377868458452904,True
GSM4138131,10,10,Mast,specific,0.9564196483172959,19,25,0.923417081484569,0.9232553144549218,0.039261461223893256,10.0,0.8447045226679263,True
GSM4138127,10,3,DC_family,family,0.9725300008517392,18,25,0.9607701486208685,0.958907948415632,0.02307048316562853,10.0,0.5904537125777244,True
GSM4138145,10,9,DC_family,family,0.9782002683833607,18,25,0.9581722339130803,0.9672380217135125,0.025825993587039915,10.0,0.42446563122161357,True
GSM4138171,10,3,DC_family,family,1.0,18,25,0.9759808467049595,0.9775981664159804,0.00698398359901874,10.0,3.2076011156680098,True
GSM4138161,10,2,Mono_CD16,specific,0.9722161736903613,18,25,0.9006733795091095,0.899784281210698,0.029310319391865933,10.0,2.47120788795513,True
GSM4138130,10,7,DC_pDC,specific,0.9928521640048311,17,25,0.9804453099621897,0.9776933830033974,0.009270985594780661,10.0,1.6350776135352616,True
GSM4138133,10,2,Mono_CD16,specific,0.9874254293449747,17,25,0.9093942843333844,0.9134138789599708,0.020292895865104355,10.0,3.6471655340366693,True
GSM4138162,10,7,DC_pDC,specific,0.9897606953288196,17,25,0.9600140953042835,0.9563751722194592,0.016814135194355585,10.0,1.9855629042740017,True
GSM4138113,10,6,Ambiguous/Mixed,ambiguous,0.7622986286417504,17,25,0.9240671724385692,0.9177122554283212,0.040209782289650685,10.0,-3.8650700883444404,False
GSM4138154,10,3,DC_family,family,0.9579609715788284,17,25,0.9144385102824806,0.9152592386537124,0.04449839282543271,10.0,0.9596241619924346,True
GSM4138172,10,3,DC_family,family,0.9746524486080247,17,25,0.9425151302916579,0.940877955876207,0.01005325236184313,10.0,3.3595588289425518,True
GSM4138143,10,6,Ambiguous/Mixed,ambiguous,0.9332355890764402,17,25,0.9450580936944553,0.9491119471886973,0.0170366173356051,10.0,-0.9318961504803431,False
GSM4138127,10,4,Macrophage_family,family,0.94379714562899,17,25,0.9607701486208685,0.958907948415632,0.02307048316562853,10.0,-0.6549842358375388,False
GSM4138118,10,2,Mono_CD16,specific,0.986381416823375,17,25,0.9770147518871952,0.9633846604074188,0.030081236099759746,10.0,0.7644884119685458,True
GSM4138163,10,7,DC_pDC,specific,0.9941087355013785,16,25,0.9585446561255815,0.9609096758297184,0.017601132002729513,10.0,1.8861888920844216,True
GSM4138157,10,7,DC_pDC,specific,0.978093154163344,16,25,0.968189445659703,0.967113018075611,0.0247939680093005,10.0,0.4428551365241008,True
GSM4138121,10,7,DC_pDC,specific,0.975345479450801,16,25,0.8588424057810767,0.8648333879843543,0.02589934807083429,10.0,4.26698352268165,True
GSM4138155,10,2,Mono_CD16,specific,0.9792580468538428,16,25,0.9125995833019843,0.9086011184524632,0.0205912592617861,10.0,3.431403951700367,True
GSM4138143,10,4,Macrophage_family,family,0.9582337883714681,16,25,0.9450580936944553,0.9491119471886973,0.0170366173356051,10.0,0.5354256072716346,True
GSM4138117,10,2,Mono_CD16,specific,0.9751299018820724,16,25,0.9147496893500744,0.9146754506733146,0.020995821291890267,10.0,2.8793563427837245,True
GSM4138159,10,4,Macrophage_family,family,0.9729532809172062,16,25,0.9168929989490284,0.9184785998316982,0.02684712170909718,10.0,2.0290696960281296,True
GSM4138137,10,9,DC_family,family,0.948549955779736,16,25,0.926176546037629,0.9188558130939726,0.02524688033865908,10.0,1.176150965483625,True
GSM4138169,10,3,DC_family,family,1.0,15,25,0.9684676443498503,0.9684676443498503,0.0,10.0,inf,True
GSM4138151,10,7,DC_pDC,specific,0.9806392337550041,15,25,0.9827178817478986,0.9846374919959022,0.012571234817351205,10.0,-0.31804817100223504,False
GSM4138115,10,4,Macrophage_family,family,0.9727088844047236,15,25,0.9613827702706941,0.9602304947917325,0.021745965538883007,10.0,0.5738255029733685,True
GSM4138117,10,10,Mast,specific,0.9848958966969695,15,25,0.9147496893500744,0.9146754506733146,0.020995821291890267,10.0,3.3444962713022295,True
GSM4138147,10,3,DC_family,family,0.9840307386621786,15,25,0.9260874884786799,0.91700049001221,0.03480209657643462,10.0,1.9260405332981154,True
GSM4138148,10,3,DC_family,family,0.9935131467076675,15,25,0.9714882602784638,0.9685815328679765,0.015544512938823786,10.0,1.6038851740038833,True
GSM4138134,11,1,Ambiguous/Mixed,ambiguous,0.956170354549491,1214,1225,0.9513815996293293,0.9511254569081459,0.0004636789267097363,10.0,10.880152947953992,True
GSM4138156,11,1,Ambiguous/Mixed,ambiguous,0.9020571584237381,915,925,0.8886977449779212,0.8889503196162529,0.003913135749290336,10.0,3.3494464918223654,True
GSM4138126,11,1,Ambiguous/Mixed,ambiguous,0.9529039457285877,758,750,0.9538573827526964,0.9539020316682425,0.0002101539933936338,10.0,-4.749307512730878,False
GSM4138116,11,1,Ambiguous/Mixed,ambiguous,0.9303430193458323,701,700,0.9217260418786248,0.9217348768857916,0.00022669976466545822,10.0,37.97155445989891,True
GSM4138140,11,1,Ambiguous/Mixed,ambiguous,0.9177226957902214,696,700,0.9078111651806406,0.9068905802054197,0.0017668472697567185,10.0,6.130759443793454,True
GSM4138142,11,1,Ambiguous/Mixed,ambiguous,0.9052958356018415,686,675,0.9093947544295217,0.9092609516844246,0.001328016032232219,10.0,-2.9857441373793225,False
GSM4138132,11,1,Ambiguous/Mixed,ambiguous,0.9350220168984388,642,650,,,,,,False
GSM4138136,11,1,Ambiguous/Mixed,ambiguous,0.9030420718636254,639,650,,,,,,False
GSM4138110,11,1,Ambiguous/Mixed,ambiguous,0.9109487623685143,625,625,0.9060897039154181,0.9066685629294383,0.0015164147847689798,10.0,2.822578282714419,True
GSM4138120,11,1,Ambiguous/Mixed,ambiguous,0.8700638234745288,594,600,0.8443952529491889,0.8440244997402349,0.0009759269134653771,10.0,26.681632994249583,True
GSM4138130,11,1,Ambiguous/Mixed,ambiguous,0.9223221264230032,585,575,0.9001695525010971,0.9005950010084701,0.002005367489728226,10.0,10.834485711881948,True
GSM4138138,11,1,Ambiguous/Mixed,ambiguous,0.90393497044711,573,575,0.9043714999078616,0.9048127741948289,0.0011477243306989308,10.0,-0.7648210674285214,False
GSM4138128,11,1,Ambiguous/Mixed,ambiguous,0.8901411878830076,540,550,0.8836444036268716,0.8844613770301131,0.002162722762049103,10.0,2.6262315968381755,True
GSM4138122,11,1,Ambiguous/Mixed,ambiguous,0.8901411878830076,540,550,0.8827907504497787,0.8834174043870373,0.0014808083294433284,10.0,4.540617014558448,True
GSM4138160,11,1,Ambiguous/Mixed,ambiguous,0.9140249351178305,482,475,0.8596701616474662,0.8611821379546842,0.005928421014857502,10.0,8.913469038503562,True
GSM4138162,11,1,Ambiguous/Mixed,ambiguous,0.9093887290882252,474,475,0.8860682449565281,0.8865330642353026,0.0033742582927845464,10.0,6.773537432447513,True
GSM4138166,11,1,Ambiguous/Mixed,ambiguous,0.9072470159221634,461,450,0.8914495290738329,0.8909445403043348,0.002325858948398227,10.0,7.009227979648464,True
GSM4138146,11,1,Ambiguous/Mixed,ambiguous,0.8958474724633743,456,450,0.8875859959393546,0.8872812173595259,0.004673913580633739,10.0,1.8327799511190015,True
GSM4138152,11,1,Ambiguous/Mixed,ambiguous,0.8950058053173011,449,450,0.8487683296515977,0.8495548372199156,0.0031139402567368288,10.0,14.595966637142425,True
GSM4138165,11,1,Ambiguous/Mixed,ambiguous,0.9064512272842953,434,425,0.8973809165987539,0.8971954250620143,0.0005295584220022184,10.0,17.47834013721375,True
GSM4138163,11,1,Ambiguous/Mixed,ambiguous,0.9106057456052996,421,425,0.8999351019674418,0.8982706432236526,0.0037395159604525726,10.0,3.2985826272965513,True
GSM4138123,11,3,Macrophage_family,family,0.7546265596706583,389,400,0.6841643909095233,0.6847585428674706,0.008566764169818837,10.0,8.155706801097242,True
GSM4138112,11,1,Ambiguous/Mixed,ambiguous,0.8960687168604251,352,350,0.8733830869380714,0.8730517382757235,0.003719020763182527,10.0,6.1889889974706715,True
GSM4138154,11,1,Ambiguous/Mixed,ambiguous,0.8680948189420876,348,350,0.8215481739862732,0.8223186294756427,0.004532717902619563,10.0,10.099059868691539,True
GSM4138114,11,1,Ambiguous/Mixed,ambiguous,0.8889788195008883,348,350,0.8850913324254888,0.8854384305771605,0.0011052528383953737,10.0,3.203238933878485,True
GSM4138124,11,1,Ambiguous/Mixed,ambiguous,0.9237456780946116,339,350,,,,,,False
GSM4138167,11,1,Ambiguous/Mixed,ambiguous,0.8934830859956312,337,325,0.8921455313809429,0.8915790349790411,0.00282308170158957,10.0,0.6744583465359792,True
GSM4138125,11,7,Macrophage_family,family,0.7557976687136225,330,325,0.7064566623363193,0.7092253660789128,0.00974723270378593,10.0,4.77800254185175,True
GSM4138141,11,1,Ambiguous/Mixed,ambiguous,0.8529343021025548,290,300,0.736584197398757,0.7375981933877374,0.008331441161285464,10.0,13.843476354458486,True
GSM4138118,11,1,Ambiguous/Mixed,ambiguous,0.9022237135692892,288,300,,,,,,False
GSM4138144,11,1,Ambiguous/Mixed,ambiguous,0.8910884895574768,282,275,0.8505182448421189,0.8516477500413517,0.00492723103217889,10.0,8.00464586672401,True
GSM4138135,11,3,Macrophage_family,family,0.7902687975309766,277,275,0.7027226748990125,0.701863011619313,0.005688651228013368,10.0,15.540728789333302,True
GSM4138158,11,1,Ambiguous/Mixed,ambiguous,0.9210505693943015,270,275,0.8929583802283123,0.8927295970311503,0.0024443295860833805,10.0,11.586396746328607,True
GSM4138145,11,1,Ambiguous/Mixed,ambiguous,0.8335781055658897,241,250,0.7214868193469293,0.7240791462805322,0.013654026598944866,10.0,8.019536104742851,True
GSM4138135,11,4,Ambiguous/Mixed,ambiguous,0.7650344344499307,222,225,0.7068261946462349,0.7073111435152103,0.012828952221973677,10.0,4.499454821871644,True
GSM4138137,11,3,Macrophage_family,family,0.8227801004590074,212,200,0.7798113274043863,0.7797593912453584,0.013374597689698665,10.0,3.2165983763970885,True
GSM4138150,11,1,Ambiguous/Mixed,ambiguous,0.9065579601561824,189,200,,,,,,False
GSM4138135,11,1,Ambiguous/Mixed,ambiguous,0.9014743758604191,189,200,0.7143764789432155,0.715026157238883,0.013505865552847036,10.0,13.804981094472163,True
GSM4138155,11,1,Ambiguous/Mixed,ambiguous,0.8173015597356368,188,200,0.6149920847587264,0.6159832708199058,0.022231909978797725,10.0,9.055375318977342,True
GSM4138139,11,1,Ambiguous/Mixed,ambiguous,0.8284507951675442,178,175,0.6790455971146819,0.6812905278292081,0.014153770013014195,10.0,10.397248733236747,True
GSM4138145,11,2,DC_family,family,0.7725903251773645,174,175,0.7281953837093378,0.7251175554251411,0.012244741588320956,10.0,3.8769923734040193,True
GSM4138117,11,1,Ambiguous/Mixed,ambiguous,0.8155928625024109,171,175,0.7209469950337284,0.7200177556530368,0.014105889035744357,10.0,6.775546483258626,True
GSM4138148,11,1,Ambiguous/Mixed,ambiguous,0.8734551110742803,169,175,0.851182691829546,0.8526637845811443,0.00508833153460405,10.0,4.086079366436931,True
GSM4138155,11,2,DC_family,family,0.7214206096065487,167,175,0.6128473714066296,0.6145663529522757,0.017371985508373884,10.0,6.150952440224273,True
GSM4138137,11,1,Ambiguous/Mixed,ambiguous,0.885493969615164,157,150,0.8011127857757415,0.79474559502429,0.019355406577808966,10.0,4.688528459790524,True
GSM4138137,11,4,Ambiguous/Mixed,ambiguous,0.8102870808584535,153,150,0.8011127857757415,0.79474559502429,0.019355406577808966,10.0,0.80295320956894,True
GSM4138164,11,1,Ambiguous/Mixed,ambiguous,0.8500933962410103,152,150,0.8373912943454023,0.8394840808611127,0.005660958392826469,10.0,1.8741200064889505,True
GSM4138131,11,8,Ambiguous/Mixed,ambiguous,0.7978199103403499,148,150,0.7485221675906779,0.7475879729821285,0.009645914678492058,10.0,5.207586738272305,True
GSM4138143,11,1,Ambiguous/Mixed,ambiguous,0.8490201144617288,143,150,0.7236820896617187,0.7308260583484285,0.02006810311333664,10.0,5.889647638632679,True
GSM4138127,11,1,Ambiguous/Mixed,ambiguous,0.9013542703555348,138,150,0.7668860514455906,0.7668052013055144,0.014720772737860328,10.0,9.140081940398,True
GSM4138155,11,4,Ambiguous/Mixed,ambiguous,0.7511292212984091,129,125,0.6703323608734009,0.6706060472674455,0.01467493260540225,10.0,5.487123940952255,True
GSM4138131,11,1,Ambiguous/Mixed,ambiguous,0.888887947143328,129,125,0.7588302423614066,0.7566666679693221,0.007312858267320327,10.0,18.080656610682006,True
GSM4138111,11,1,Ambiguous/Mixed,ambiguous,0.8073855178040594,127,125,0.7372536749176613,0.7360946299112666,0.03491517663923173,10.0,2.0418309387181575,True
GSM4138161,11,1,Ambiguous/Mixed,ambiguous,0.8720102627117101,127,125,0.7333353104514786,0.7353543171785206,0.025889469240864226,10.0,5.278437509158752,True
GSM4138139,11,4,Ambiguous/Mixed,ambiguous,0.8311270975635464,122,125,0.7229519069900383,0.722617484912415,0.030035127472733455,10.0,3.612756854441149,True
GSM4138125,11,1,Ambiguous/Mixed,ambiguous,0.8946475070134314,113,125,0.7520132089223499,0.7548864523792329,0.016148042472065072,10.0,8.654984334848939,True
GSM4138131,11,6,DC_pDC,specific,0.9051170331450963,111,100,0.7557043535409838,0.7611333360605689,0.015599965739677184,10.0,9.22974444221484,True
GSM4138127,11,5,Ambiguous/Mixed,ambiguous,0.7661949362990488,110,100,0.7973540158771094,0.8058608064961404,0.023871554802411377,10.0,-1.6616374813208579,False
GSM4138161,11,6,DC_pDC,specific,0.8669479000470499,107,100,0.7556751157728048,0.756615966500042,0.016341279346029823,10.0,6.751731685794445,True
GSM4138129,11,1,Ambiguous/Mixed,ambiguous,0.8600420705979729,101,100,0.7802294636545738,0.7803470255522751,0.019596937692990053,10.0,4.066709110077194,True
GSM4138143,11,2,DC_family,family,0.7702001452661079,93,100,0.7796478385240256,0.7774827916439634,0.03102493601364835,10.0,-0.23473525858850197,False
GSM4138131,11,3,Macrophage_family,family,0.8227462833429701,91,100,0.7557043535409838,0.7611333360605689,0.015599965739677184,10.0,3.9495565766336207,True
GSM4138161,11,2,DC_family,family,0.7614576825014798,90,100,0.7556751157728048,0.756615966500042,0.016341279346029823,10.0,0.2962874508729394,True
GSM4138127,11,4,Ambiguous/Mixed,ambiguous,0.8544018838171089,89,100,0.7973540158771094,0.8058608064961404,0.023871554802411377,10.0,2.033427555211657,True
GSM4138121,11,4,Ambiguous/Mixed,ambiguous,0.7582979889497458,88,100,0.6774445434492038,0.6794323926426652,0.014293780936684992,10.0,5.517476212656372,True
GSM4138141,11,2,DC_family,family,0.8384247593345463,85,75,0.831470497790985,0.8278099593248556,0.0276992532023982,10.0,0.38321610810690376,True
GSM4138113,11,1,Ambiguous/Mixed,ambiguous,0.8593254562717617,84,75,0.7999106296037788,0.7965042709907385,0.016329326993620878,10.0,3.847138666863893,True
GSM4138123,11,5,Ambiguous/Mixed,ambiguous,0.6753849214012477,83,75,0.7478910756966862,0.7459487390399755,0.010202811462813162,10.0,-6.916115023385095,False
GSM4138139,11,3,Macrophage_family,family,0.8218369362214233,80,75,0.7929161934254034,0.7993578594578341,0.019050471501477973,10.0,1.1799748243420225,True
GSM4138133,11,1,Ambiguous/Mixed,ambiguous,0.90081407186942,78,75,0.8369736441972822,0.8420096141731772,0.012780163044304542,10.0,4.601229068235469,True
GSM4138139,11,7,Macrophage_family,family,0.7814663834235563,74,75,0.7929161934254034,0.7993578594578341,0.019050471501477973,10.0,-0.9391618487180072,False
GSM4138141,11,6,DC_pDC,specific,0.915848528113676,73,75,0.831470497790985,0.8278099593248556,0.0276992532023982,10.0,3.1783733714957365,True
GSM4138131,11,5,Ambiguous/Mixed,ambiguous,0.7115303248206712,73,75,0.7984795748200924,0.7969442700850593,0.02169983692865555,10.0,-3.936156089338872,False
GSM4138137,11,7,Macrophage_family,family,0.8397532214983812,71,75,0.8112279979170152,0.8159020816159839,0.015441428125629543,10.0,1.5446200758341375,True
GSM4138111,11,5,Ambiguous/Mixed,ambiguous,0.7282007715829016,69,75,0.7806089576382846,0.789021593047926,0.0342033162138128,10.0,-1.7782141674456178,False
GSM4138155,11,7,Macrophage_family,family,0.7365508003819239,69,75,0.7331742729286999,0.7454933937386825,0.03308900406020785,10.0,-0.2702587645275428,True
GSM4138115,11,2,DC_family,family,0.8371150762895367,69,75,0.8347182520165184,0.83431743248954,0.02639121797291258,10.0,0.1060066194318179,True
GSM4138131,11,9,DC_family,family,0.8698342079353883,63,75,0.7984795748200924,0.7969442700850593,0.02169983692865555,10.0,3.3590085533811,True
GSM4138133,11,2,DC_family,family,0.8761280010761531,63,75,0.8369736441972822,0.8420096141731772,0.012780163044304542,10.0,2.669636278089634,True
GSM4138111,11,6,DC_pDC,specific,0.8937358526096312,63,75,0.7806089576382846,0.789021593047926,0.0342033162138128,10.0,3.061523593417442,True
GSM4138111,11,2,DC_family,family,0.8109318576584398,59,50,0.8183961893699605,0.8271588557866159,0.033279857360471385,10.0,-0.48759217782735803,False
GSM4138139,11,10,Mast,specific,0.966827109414383,59,50,0.8497700424179017,0.8489892535757297,0.02583433449671354,10.0,4.561288615878367,True
GSM4138133,11,3,Macrophage_family,family,0.8364766339117511,58,50,0.8481763951444382,0.8457010820553125,0.040238050381549366,10.0,-0.22924689581359867,False
GSM4138133,11,5,Ambiguous/Mixed,ambiguous,0.8009364857125034,58,50,0.8481763951444382,0.8457010820553125,0.040238050381549366,10.0,-1.112494167046803,False
GSM4138131,11,4,Ambiguous/Mixed,ambiguous,0.8881990779364473,58,50,0.8415305947121112,0.8411825284014046,0.030352202367935933,10.0,1.5490325533909501,True
GSM4138131,11,2,DC_family,family,0.8606367567222035,57,50,0.8415305947121112,0.8411825284014046,0.030352202367935933,10.0,0.6409494798753171,True
GSM4138137,11,5,Ambiguous/Mixed,ambiguous,0.8204457349997503,56,50,0.8546409807078789,0.8599141946566412,0.021769077275210446,10.0,-1.8130515665831957,False
GSM4138159,11,1,Ambiguous/Mixed,ambiguous,0.9297769282995094,54,50,0.8437099104233334,0.8452388199834336,0.025959377203851615,10.0,3.256553793730182,True
GSM4138141,11,9,DC_family,family,0.8827440521678653,53,50,0.8900435014268286,0.8901090886724006,0.029603528026603508,10.0,-0.24878914762850476,False
GSM4138157,11,1,Ambiguous/Mixed,ambiguous,0.9266246657287442,53,50,0.8767823283670589,0.8837388104858525,0.019832699274607107,10.0,2.1623811589681545,True
GSM4138117,11,5,Ambiguous/Mixed,ambiguous,0.7820889072115804,52,50,0.8358854099372073,0.8361613581247408,0.02091613010477299,10.0,-2.585203412022247,False
GSM4138117,11,3,Macrophage_family,family,0.8497763908647045,52,50,0.8358854099372073,0.8361613581247408,0.02091613010477299,10.0,0.6509345979281688,True
GSM4138155,11,6,DC_pDC,specific,0.9011069531084976,51,50,0.8116719002969048,0.8001558755817797,0.0330336939627996,10.0,3.056003292892478,True
GSM4138139,11,2,DC_family,family,0.8930226441156444,49,50,0.8497700424179017,0.8489892535757297,0.02583433449671354,10.0,1.704452287923896,True
GSM4138157,11,2,DC_family,family,0.8090122247138243,48,50,0.8767823283670589,0.8837388104858525,0.019832699274607107,10.0,-3.7678474693409347,False
GSM4138123,11,6,DC_pDC,specific,0.9508575041839805,48,50,0.7850821070212497,0.7888663908895278,0.026193388641296472,10.0,6.184427510041892,True
GSM4138119,11,1,Ambiguous/Mixed,ambiguous,0.8767652657457791,47,50,0.7932023400422761,0.7863755180014268,0.03733831019104338,10.0,2.420831239599984,True
GSM4138121,11,1,Ambiguous/Mixed,ambiguous,0.9181991390840687,46,50,0.7614734388237507,0.7563677651983048,0.030301256083991836,10.0,5.340748034906032,True
GSM4138141,11,3,Macrophage_family,family,0.8876425828499767,46,50,0.8900435014268286,0.8901090886724006,0.029603528026603508,10.0,-0.08331796873019202,False
GSM4138159,11,2,DC_family,family,0.8089205054940727,45,50,0.8437099104233334,0.8452388199834336,0.025959377203851615,10.0,-1.3990441374676885,False
GSM4138145,11,6,DC_pDC,specific,0.945258029964264,45,50,0.8639541963394225,0.8551855138959764,0.03320226051125106,10.0,2.7128428812178385,True
GSM4138143,11,6,DC_pDC,specific,0.9278565087879327,44,50,0.8716764985029095,0.8679807590756784,0.04169045767387151,10.0,1.436197946797307,True
GSM4138161,11,4,Ambiguous/Mixed,ambiguous,0.9069330387221768,42,50,0.8186150959142044,0.8202611816061893,0.023224484276183642,10.0,3.731917406013969,True
GSM4138143,11,9,DC_family,family,0.8439454984635562,42,50,0.8716764985029095,0.8679807590756784,0.04169045767387151,10.0,-0.5765170725670821,False
GSM4138123,11,2,DC_family,family,0.8054917767003741,41,50,0.7850821070212497,0.7888663908895278,0.026193388641296472,10.0,0.6347168760224747,True
GSM4138129,11,7,Macrophage_family,family,0.8766689763237222,40,50,0.8524170384667056,0.8574794782243835,0.026621002191077093,10.0,0.7208405589542631,True
GSM4138127,11,8,Ambiguous/Mixed,ambiguous,0.8756781295970779,40,50,0.8870672744686936,0.8830671844295679,0.034225073500228534,10.0,-0.21589595220126065,False
GSM4138115,11,1,Ambiguous/Mixed,ambiguous,0.9499191389603183,38,50,0.8770174606594777,0.8813335219357127,0.025111796296502963,10.0,2.7312111095038145,True
GSM4138123,11,4,Ambiguous/Mixed,ambiguous,0.8810957309307015,38,50,0.7850821070212497,0.7888663908895278,0.026193388641296472,10.0,3.521092337620073,True
GSM4138161,11,5,Ambiguous/Mixed,ambiguous,0.771258255435791,37,25,0.9006733795091095,0.899784281210698,0.029310319391865933,10.0,-4.385009390603058,False
GSM4138137,11,2,DC_family,family,0.8532174401725058,35,25,0.926176546037629,0.9188558130939726,0.02524688033865908,10.0,-2.5998607368910673,False
GSM4138125,11,3,Macrophage_family,family,0.9100997990594014,35,25,0.9164930338071231,0.9188388274053472,0.026717684424713443,10.0,-0.3270877897585424,False
GSM4138123,11,1,Ambiguous/Mixed,ambiguous,0.940338175512116,34,25,0.8699213661280445,0.8801549342541974,0.026021253875910234,10.0,2.3128493939961334,True
GSM4138113,11,6,DC_pDC,specific,0.9360748270364975,33,25,0.9240671724385692,0.9177122554283212,0.040209782289650685,10.0,0.45666926211889586,True
GSM4138141,11,5,Ambiguous/Mixed,ambiguous,0.8407396806244632,32,25,0.9592369758991124,0.9592641270747289,0.029027749588371645,10.0,-4.083142790295595,False
GSM4138129,11,3,Macrophage_family,family,0.9102416437120447,32,25,0.931076450825193,0.9183711485744729,0.032131232378038686,10.0,-0.2530094322801188,False
GSM4138135,11,7,Macrophage_family,family,0.8708925545053264,32,25,0.9262103971686568,0.9299491761958603,0.027728452087857892,10.0,-2.1298203557635422,False
GSM4138147,11,6,DC_pDC,specific,0.935324749011505,31,25,0.9260874884786799,0.91700049001221,0.03480209657643462,10.0,0.5265274452373895,True
GSM4138135,11,2,DC_family,family,0.8540886007125837,31,25,0.9262103971686568,0.9299491761958603,0.027728452087857892,10.0,-2.735838814330908,False
GSM4138143,11,10,Mast,specific,0.9748135904112316,31,25,0.9450580936944553,0.9491119471886973,0.0170366173356051,10.0,1.5086118750123032,True
GSM4138139,11,5,Ambiguous/Mixed,ambiguous,0.8578198208303562,30,25,0.9357290956556907,0.9337225384790877,0.0319793612246252,10.0,-2.37349073721597,False
GSM4138135,11,9,DC_family,family,0.9258735720252302,30,25,0.9262103971686568,0.9299491761958603,0.027728452087857892,10.0,-0.14698275106437336,False
GSM4138135,11,5,Ambiguous/Mixed,ambiguous,0.9142272388429199,29,25,0.9262103971686568,0.9299491761958603,0.027728452087857892,10.0,-0.5669965746059404,False
GSM4138145,11,4,Ambiguous/Mixed,ambiguous,0.9414228321643345,29,25,0.9581722339130803,0.9672380217135125,0.025825993587039915,10.0,-0.9995816603211969,False
GSM4138127,11,6,DC_pDC,specific,0.9560784239578238,28,25,0.9607701486208685,0.958907948415632,0.02307048316562853,10.0,-0.1226469527098465,False
GSM4138111,11,10,Mast,specific,0.9050661191766445,28,25,0.9111547497859049,0.9174711520389224,0.03172688570524009,10.0,-0.39099434396200605,False
GSM4138141,11,8,Ambiguous/Mixed,ambiguous,0.9633604359519826,27,25,0.9592369758991124,0.9592641270747289,0.029027749588371645,10.0,0.14111699788449053,True
GSM4138127,11,7,Macrophage_family,family,0.9587942301365583,27,25,0.9607701486208685,0.958907948415632,0.02307048316562853,10.0,-0.004929167640629053,False
GSM4138129,11,4,Ambiguous/Mixed,ambiguous,0.903756101959936,27,25,0.931076450825193,0.9183711485744729,0.032131232378038686,10.0,-0.4548548416252481,False
GSM4138113,11,2,DC_family,family,0.8726883461069048,26,25,0.9240671724385692,0.9177122554283212,0.040209782289650685,10.0,-1.119725269763642,False
GSM4138155,11,3,Macrophage_family,family,0.927332394803538,26,25,0.9125995833019843,0.9086011184524632,0.0205912592617861,10.0,0.909671240254691,True
GSM4138119,11,2,DC_family,family,0.79903106034629,26,25,0.9211915973052534,0.9177772997659964,0.023356474458712168,10.0,-5.084082344260353,False
GSM4138112,11,6,DC_pDC,specific,0.9670409840078681,25,25,0.9627064512758634,0.9599645605323005,0.013878950244238929,10.0,0.5098673423449274,True
GSM4138129,11,6,DC_pDC,specific,0.9868286715955322,25,25,0.931076450825193,0.9183711485744729,0.032131232378038686,10.0,2.130560142095553,True
GSM4138119,11,7,Macrophage_family,family,0.8869751010903455,24,25,0.9211915973052534,0.9177772997659964,0.023356474458712168,10.0,-1.3187863061311225,False
GSM4138155,11,9,DC_family,family,0.9291414544626153,24,25,0.9125995833019843,0.9086011184524632,0.0205912592617861,10.0,0.9975269481586074,True
GSM4138125,11,2,DC_family,family,0.9259651449699164,23,25,0.9164930338071231,0.9188388274053472,0.026717684424713443,10.0,0.2667266163970984,True
GSM4138160,11,6,DC_pDC,specific,0.9826077730887751,22,25,0.9807110966306685,0.9779941749898674,0.016262702143506322,10.0,0.28369197555216347,True
GSM4138139,11,9,DC_family,family,0.9422756010989471,22,25,0.9357290956556907,0.9337225384790877,0.0319793612246252,10.0,0.267455705565291,True
GSM4138153,11,2,DC_family,family,0.9327103754987809,22,25,0.9019739133206406,0.9067701798014556,0.032993349520122034,10.0,0.7862249839624456,True
GSM4138139,11,6,DC_pDC,specific,0.9506174967437965,22,25,0.9357290956556907,0.9337225384790877,0.0319793612246252,10.0,0.528308184332934,True
GSM4138123,11,9,DC_family,family,0.9565098966662946,21,25,0.8699213661280445,0.8801549342541974,0.026021253875910234,10.0,2.9343306351114964,True
GSM4138135,11,10,Mast,specific,1.0,21,25,0.9262103971686568,0.9299491761958603,0.027728452087857892,10.0,2.5263156984812194,True
GSM4138133,11,6,DC_pDC,specific,0.9780104357713506,21,25,0.9093942843333844,0.9134138789599708,0.020292895865104355,10.0,3.1832103826275455,True
GSM4138110,11,6,DC_pDC,specific,0.9697106021963595,20,25,0.9868341180732119,0.9867664570718897,0.011731289324245612,10.0,-1.4538772682283132,False
GSM4138115,11,9,DC_family,family,0.9593305446031526,20,25,0.9613827702706941,0.9602304947917325,0.021745965538883007,10.0,-0.041384696714006595,False
GSM4138168,11,6,DC_pDC,specific,0.9457890908623999,20,25,0.9541628191306922,0.9543500656433102,0.015998487667747092,10.0,-0.5351115029559405,False
GSM4138155,11,5,Ambiguous/Mixed,ambiguous,0.963393454371854,20,25,0.9125995833019843,0.9086011184524632,0.0205912592617861,10.0,2.66095119403776,True
GSM4138122,11,6,DC_pDC,specific,0.9782659584116306,20,25,0.9792524358015444,0.9750685359411753,0.0122815856284961,10.0,0.2603428064725239,False
GSM4138128,11,6,DC_pDC,specific,0.9782659584116306,20,25,0.9844528974607618,0.9831021452587395,0.010708099409941723,10.0,-0.4516382097292538,False
GSM4138153,11,1,Ambiguous/Mixed,ambiguous,0.895959818061408,20,25,0.9019739133206406,0.9067701798014556,0.032993349520122034,10.0,-0.32765275115382053,False
GSM4138133,11,9,DC_family,family,0.880236894807487,19,25,0.9093942843333844,0.9134138789599708,0.020292895865104355,10.0,-1.6349063422502914,False
GSM4138155,11,10,Mast,specific,0.9381206978557273,19,25,0.9125995833019843,0.9086011184524632,0.0205912592617861,10.0,1.4335975778833236,True
GSM4138135,11,6,DC_pDC,specific,0.9592348250153161,19,25,0.9262103971686568,0.9299491761958603,0.027728452087857892,10.0,1.056158804922249,True
GSM4138115,11,6,DC_pDC,specific,0.9816087420119992,19,25,0.9613827702706941,0.9602304947917325,0.021745965538883007,10.0,0.9830902740115727,True
GSM4138129,11,2,DC_family,family,0.9500892184125482,19,25,0.931076450825193,0.9183711485744729,0.032131232378038686,10.0,0.9871414038807385,True
GSM4138171,11,2,DC_family,family,1.0,18,25,0.9759808467049595,0.9775981664159804,0.00698398359901874,10.0,3.2076011156680098,True
GSM4138127,11,2,DC_family,family,0.9729991592881023,18,25,0.9607701486208685,0.958907948415632,0.02307048316562853,10.0,0.6107895864731638,True
GSM4138145,11,9,DC_family,family,0.9782002683833607,18,25,0.9581722339130803,0.9672380217135125,0.025825993587039915,10.0,0.42446563122161357,True
GSM4138131,11,10,Mast,specific,0.9764376533440459,18,25,0.923417081484569,0.9232553144549218,0.039261461223893256,10.0,1.354568506399833,True
GSM4138113,11,5,Ambiguous/Mixed,ambiguous,0.7589274798265419,17,25,0.9240671724385692,0.9177122554283212,0.040209782289650685,10.0,-3.9489091101756078,False
GSM4138162,11,6,DC_pDC,specific,0.9897606953288196,17,25,0.9600140953042835,0.9563751722194592,0.016814135194355585,10.0,1.9855629042740017,True
GSM4138137,11,9,DC_family,family,0.9504246980059807,17,25,0.926176546037629,0.9188558130939726,0.02524688033865908,10.0,1.2504073568118654,True
GSM4138117,11,2,DC_family,family,0.9674629250066582,17,25,0.9147496893500744,0.9146754506733146,0.020995821291890267,10.0,2.5141895427416805,True
GSM4138121,11,2,DC_family,family,0.928225873077911,17,25,0.8588424057810767,0.8648333879843543,0.02589934807083429,10.0,2.447647906819097,True
GSM4138172,11,2,DC_family,family,0.9746524486080247,17,25,0.9425151302916579,0.940877955876207,0.01005325236184313,10.0,3.3595588289425518,True
GSM4138163,11,6,DC_pDC,specific,0.9941087355013785,16,25,0.9585446561255815,0.9609096758297184,0.017601132002729513,10.0,1.8861888920844216,True
GSM4138157,11,6,DC_pDC,specific,0.978093154163344,16,25,0.968189445659703,0.967113018075611,0.0247939680093005,10.0,0.4428551365241008,True
GSM4138144,11,2,DC_family,family,0.9890847932339238,16,25,0.9619331439188813,0.9601463057710922,0.010574803418738227,10.0,2.736550866898723,True
GSM4138130,11,6,DC_pDC,specific,0.9948247809286048,16,25,0.9804453099621897,0.9776933830033974,0.009270985594780661,10.0,1.8478507759576304,True
GSM4138121,11,6,DC_pDC,specific,0.975345479450801,16,25,0.8588424057810767,0.8648333879843543,0.02589934807083429,10.0,4.26698352268165,True
GSM4138157,11,4,Ambiguous/Mixed,ambiguous,0.9640498925168103,16,25,0.968189445659703,0.967113018075611,0.0247939680093005,10.0,-0.12354317621333198,False
GSM4138159,11,3,Macrophage_family,family,0.9729532809172062,16,25,0.9168929989490284,0.9184785998316982,0.02684712170909718,10.0,2.0290696960281296,True
GSM4138117,11,10,Mast,specific,0.9848958966969695,15,25,0.9147496893500744,0.9146754506733146,0.020995821291890267,10.0,3.3444962713022295,True
GSM4138139,11,8,Ambiguous/Mixed,ambiguous,0.9816996836116499,15,25,0.9357290956556907,0.9337225384790877,0.0319793612246252,10.0,1.5002533914160299,True
GSM4138151,11,6,DC_pDC,specific,0.9806392337550041,15,25,0.9827178817478986,0.9846374919959022,0.012571234817351205,10.0,-0.31804817100223504,False
GSM4138120,11,2,DC_family,family,0.9793670964346195,15,25,0.9269817708599346,0.9265773629703217,0.029997327016448413,10.0,1.7598145806575256,True
GSM4138147,11,2,DC_family,family,0.9840307386621786,15,25,0.9260874884786799,0.91700049001221,0.03480209657643462,10.0,1.9260405332981154,True
GSM4138134,12,1,Monocyte_family,family,0.9817416654165514,806,800,0.9503095963778567,0.9492678911083205,0.004309980141585272,10.0,7.534553116591977,True
GSM4138116,12,1,Monocyte_family,family,0.9471155441026594,680,675,0.9215677914460505,0.9228814356832707,0.0036746728798352233,10.0,6.5949022435094555,True
GSM4138126,12,1,Monocyte_family,family,0.9714797976755328,673,675,0.9532556156725593,0.9535126440353062,0.0010935501361661762,10.0,16.430114217914845,True
GSM4138156,12,1,Monocyte_family,family,0.9574145194074412,648,650,0.8904264686639494,0.8892175110282035,0.005198510263942226,10.0,13.118567612006856,True
GSM4138120,12,1,Monocyte_family,family,0.898753974517315,511,500,0.84842531828048,0.8481759081382345,0.0058990576250457895,10.0,8.573923089738908,True
GSM4138142,12,1,Monocyte_family,family,0.9590551423533857,484,475,0.9114662729982326,0.9125007472398992,0.003942517504242036,10.0,11.808291291895442,True
GSM4138110,12,1,Monocyte_family,family,0.9638236131614044,460,450,0.904079023297962,0.9044612727468826,0.006378268440608529,10.0,9.306968022320845,True
GSM4138140,12,1,Monocyte_family,family,0.9704447545199038,455,450,0.908564348378622,0.9088507819333508,0.007572220193642767,10.0,8.134202520716974,True
GSM4138132,12,1,Monocyte_family,family,0.9735784084305488,415,425,0.9362037907702028,0.93621993660959,0.002834223856429562,10.0,13.181200114524971,True
GSM4138160,12,1,Monocyte_family,family,0.9425071165839447,409,400,0.8642477621537183,0.8641146739805091,0.008090397704291583,10.0,9.689566010067962,True
GSM4138134,12,2,Mono_CD16,specific,0.9568656122662837,405,400,0.9487900434239251,0.9497254042002619,0.005979101555016941,10.0,1.194194144441432,True
GSM4138123,12,4,Macrophage_family,family,0.7546716853363291,394,400,0.6841643909095233,0.6847585428674706,0.008566764169818837,10.0,8.160974328576266,True
GSM4138136,12,1,Monocyte_family,family,0.9607384914510859,383,375,0.9027008455410762,0.903748762421864,0.00949168911224052,10.0,6.0041714762578735,True
GSM4138138,12,1,Monocyte_family,family,0.9755994958497483,371,375,0.8889362198117894,0.8888051984514191,0.006111965666973916,10.0,14.20071743323481,True
GSM4138163,12,1,Monocyte_family,family,0.9557540440270056,346,350,0.8997656748541165,0.8980826076013646,0.004060752067987648,10.0,14.202156511914486,True
GSM4138125,12,8,Macrophage_family,family,0.7530610780414143,337,325,0.7064566623363193,0.7092253660789128,0.00974723270378593,10.0,4.497246889927559,True
GSM4138128,12,2,Mono_CD16,specific,0.9056794850748091,328,325,0.8839017466257113,0.8843795674015344,0.002898526898044347,10.0,7.348532003496617,True
GSM4138122,12,2,Mono_CD16,specific,0.9056794850748091,328,325,0.8869370079606307,0.887278574870396,0.004879846225042593,10.0,3.7707971431522997,True
GSM4138162,12,1,Monocyte_family,family,0.9774367354160801,319,325,0.8923156404823891,0.8916745365944573,0.006657349717805574,10.0,12.882333429509567,True
GSM4138135,12,4,Macrophage_family,family,0.7893858926309236,305,300,0.6955585179714925,0.7008954754905794,0.016003003614458996,10.0,5.5296130196703555,True
GSM4138130,12,1,Monocyte_family,family,0.957370217862306,301,300,0.9085550340473691,0.9098388971354028,0.007340291854491658,10.0,6.475399298710169,True
GSM4138152,12,1,Monocyte_family,family,0.9398724046220661,300,300,0.856895210585955,0.8577239122185769,0.005830856940705392,10.0,14.088579644272876,True
GSM4138146,12,2,Mono_CD16,specific,0.9287535037083647,291,300,0.8856363653902639,0.8873004982652393,0.007143357398662486,10.0,5.80301434321165,True
GSM4138154,12,1,Monocyte_family,family,0.9049546515737832,289,300,0.8289345094828077,0.828511942014128,0.00849208579231597,10.0,9.001641225624926,True
GSM4138130,12,2,Mono_CD16,specific,0.9382069714811001,280,275,0.9167164154842669,0.9159092604799224,0.008106025853353318,10.0,2.750757449404576,True
GSM4138118,12,1,Monocyte_family,family,0.9127132672535798,267,275,0.8799842619733088,0.8811750855186451,0.006384571128514112,10.0,4.939749452250935,True
GSM4138165,12,1,Monocyte_family,family,0.9525759349300199,264,275,0.9014755430472252,0.9030645524088315,0.006672652548398205,10.0,7.420045051360235,True
GSM4138156,12,2,Mono_CD16,specific,0.9411989662363411,261,250,0.8983801416577686,0.8966498051314972,0.008771821479942146,10.0,5.078667094025014,True
GSM4138136,12,2,Mono_CD16,specific,0.9172528911685482,250,250,0.9011366799846745,0.9010271127815412,0.005748198676211005,10.0,2.8227587981879614,True
GSM4138166,12,1,Monocyte_family,family,0.9608818991559301,250,250,0.8923754909659161,0.8947298110267695,0.007907839337729757,10.0,8.365380896591669,True
GSM4138140,12,2,Mono_CD16,specific,0.9362096179272406,235,225,0.9277717528992286,0.9245175021842911,0.008850422002581435,10.0,1.3210800275443588,True
GSM4138135,12,6,Ambiguous/Mixed,ambiguous,0.7575591886487226,232,225,0.7068261946462349,0.7073111435152103,0.012828952221973677,10.0,3.9167692157623373,True
GSM4138114,12,1,Monocyte_family,family,0.9505665352214498,231,225,0.8743359701575643,0.8769193507816432,0.007499143282380788,10.0,9.820746406171553,True
GSM4138124,12,1,Monocyte_family,family,0.9816022492791028,227,225,0.9213970601133138,0.9200804485091794,0.004886146209432712,10.0,12.591068325208013,True
GSM4138137,12,4,Macrophage_family,family,0.8175382565948595,225,225,0.769996132676889,0.7685765243557433,0.011189381830873608,10.0,4.375731651593257,True
GSM4138132,12,2,Mono_CD16,specific,0.9495863480116273,220,225,0.941210129176567,0.9403601334738674,0.006637123758333749,10.0,1.3900922860109814,True
GSM4138158,12,1,Monocyte_family,family,0.9600257014766186,219,225,0.9027550335924034,0.9016004003465478,0.005204879309503204,10.0,11.225101996773756,True
GSM4138167,12,1,Monocyte_family,family,0.9823820954320386,210,200,0.8924069617712289,0.8932674989137495,0.005711730222881376,10.0,15.602031790873662,True
GSM4138128,12,1,Monocyte_family,family,0.9760949476629251,208,200,0.8923862044622478,0.8969703944276523,0.014131543797635532,10.0,5.599144323390336,True
GSM4138122,12,1,Monocyte_family,family,0.9760949476629251,208,200,0.8974688423498045,0.898797790628006,0.008042516420904018,10.0,9.611066112841154,True
GSM4138141,12,1,Monocyte_family,family,0.9087016356660621,207,200,0.7283639290332442,0.7325653923855071,0.012845000054541714,10.0,13.712436164472964,True
GSM4138166,12,2,Mono_CD16,specific,0.9236322539734074,204,200,0.8891104597699997,0.8921813048911243,0.011179789925294375,10.0,2.8131967856681297,True
GSM4138138,12,2,Mono_CD16,specific,0.9511591255886162,200,200,0.9015500332051807,0.899550836469991,0.013511408561816426,10.0,3.819608361519867,True
GSM4138142,12,2,Mono_CD16,specific,0.9432529314583887,198,200,0.9136081548560113,0.9141643541833165,0.010953332907377463,10.0,2.6556827516380874,True
GSM4138145,12,1,Monocyte_family,family,0.8545163101233489,185,175,0.7281953837093378,0.7251175554251411,0.012244741588320956,10.0,10.567699919582497,True
GSM4138112,12,1,Monocyte_family,family,0.9587812895740635,184,175,0.8813310231371112,0.8832471784791048,0.01121516441649675,10.0,6.734998105230904,True
GSM4138145,12,3,DC_family,family,0.7699996296091056,183,175,0.7281953837093378,0.7251175554251411,0.012244741588320956,10.0,3.6654162001077313,True
GSM4138155,12,3,DC_family,family,0.7332891326839841,176,175,0.6128473714066296,0.6145663529522757,0.017371985508373884,10.0,6.834151437351823,True
GSM4138165,12,2,Mono_CD16,specific,0.9000884783998548,166,175,0.8988515639553669,0.9040010586404975,0.012789243277786888,10.0,-0.3059274231993281,True
GSM4138112,12,2,Mono_CD16,specific,0.914159614990162,165,175,0.8813310231371112,0.8832471784791048,0.01121516441649675,10.0,2.756307028864153,True
GSM4138144,12,1,Monocyte_family,family,0.9436351263659076,162,150,0.8602528535391646,0.8599396014414591,0.011213089716939429,10.0,7.464091257382084,True
GSM4138110,12,2,Mono_CD16,specific,0.9222028464616959,161,150,0.9183972551733428,0.9212664283062482,0.016069904679603904,10.0,0.058271543865239736,True
GSM4138155,12,1,Monocyte_family,family,0.8392213139754352,159,150,0.6397631182352425,0.6457963591794125,0.02037806436820356,10.0,9.491821759962093,True
GSM4138146,12,1,Monocyte_family,family,0.9478180664779089,159,150,0.8956437685145003,0.8975869016366355,0.015234089378603669,10.0,3.297286998448577,True
GSM4138137,12,6,Ambiguous/Mixed,ambiguous,0.8119506974155409,156,150,0.8011127857757415,0.79474559502429,0.019355406577808966,10.0,0.8889042098953711,True
GSM4138131,12,9,Ambiguous/Mixed,ambiguous,0.8034996340198713,154,150,0.7485221675906779,0.7475879729821285,0.009645914678492058,10.0,5.796408417587564,True
GSM4138162,12,2,Mono_CD16,specific,0.9117051000554128,145,150,0.9030608504148141,0.9048040188110249,0.008866417934954336,10.0,0.7783392679000161,True
GSM4138152,12,2,Mono_CD16,specific,0.9220154256462135,142,150,0.8808661898346524,0.882841664474616,0.017260730748689744,10.0,2.2695308641304894,True
GSM4138155,12,6,Ambiguous/Mixed,ambiguous,0.7372703557647856,132,125,0.6703323608734009,0.6706060472674455,0.01467493260540225,10.0,4.542733536834035,True
GSM4138139,12,6,Ambiguous/Mixed,ambiguous,0.8274806935347054,126,125,0.7229519069900383,0.722617484912415,0.030035127472733455,10.0,3.49135220809326,True
GSM4138117,12,1,Monocyte_family,family,0.8439776538915225,124,125,0.731120487982829,0.7324530051515378,0.014028665390184417,10.0,7.949768965051822,True
GSM4138150,12,1,Monocyte_family,family,0.9453497235757008,124,125,0.9157436740234969,0.9138528606586764,0.013433991332580173,10.0,2.3445647787964576,True
GSM4138127,12,1,Monocyte_family,family,0.9318019085576424,120,125,0.7806500689325178,0.7862384270027125,0.020488034378589554,10.0,7.104804632065972,True
GSM4138167,12,2,Mono_CD16,specific,0.9149475725474278,120,125,0.8905040643423519,0.8952033265257752,0.01525359658920758,10.0,1.2943993835278358,True
GSM4138139,12,1,Monocyte_family,family,0.8918918299345874,114,125,0.7229519069900383,0.722617484912415,0.030035127472733455,10.0,5.635879027843094,True
GSM4138127,12,5,Ambiguous/Mixed,ambiguous,0.7621139970993723,113,125,0.7806500689325178,0.7862384270027125,0.020488034378589554,10.0,-1.1774887457505803,False
GSM4138144,12,2,Mono_CD16,specific,0.9270735286286377,111,100,0.8670942355143862,0.8676620769805912,0.012364726170693124,10.0,4.804914466190407,True
GSM4138131,12,7,DC_pDC,specific,0.9051170331450963,111,100,0.7557043535409838,0.7611333360605689,0.015599965739677184,10.0,9.22974444221484,True
GSM4138124,12,2,Mono_CD16,specific,0.9090537922850496,110,100,0.9221203523271243,0.9276155795157497,0.014902749723516195,10.0,-1.2455276761046352,False
GSM4138135,12,1,Monocyte_family,family,0.9335179694893234,109,100,0.764807601281803,0.7604989437454011,0.02406086441661241,10.0,7.19088985117527,True
GSM4138114,12,2,Mono_CD16,specific,0.889533430250398,108,100,0.8978579837831457,0.8968159399129124,0.01107520854380798,10.0,-0.6575505674415486,False
GSM4138148,12,1,Monocyte_family,family,0.9472388843963009,107,100,0.8513317912868819,0.8550302005551028,0.009728374308125239,10.0,9.478324015985326,True
GSM4138161,12,7,DC_pDC,specific,0.8669479000470499,107,100,0.7556751157728048,0.756615966500042,0.016341279346029823,10.0,6.751731685794445,True
GSM4138137,12,1,Monocyte_family,family,0.9110988355360403,106,100,0.8007390293415151,0.7983235842994478,0.01592226878485333,10.0,7.082863174868287,True
GSM4138143,12,3,DC_family,family,0.7687836398699405,102,100,0.7796478385240256,0.7774827916439634,0.03102493601364835,10.0,-0.28039225512652227,False
GSM4138131,12,4,Macrophage_family,family,0.8232304870710896,101,100,0.7557043535409838,0.7611333360605689,0.015599965739677184,10.0,3.9805953453206566,True
GSM4138161,12,3,DC_family,family,0.7583812722599772,101,100,0.7556751157728048,0.756615966500042,0.016341279346029823,10.0,0.10802739017885114,True
GSM4138161,12,1,Monocyte_family,family,0.8979564509330547,99,100,0.7556751157728048,0.756615966500042,0.016341279346029823,10.0,8.649291248261529,True
GSM4138141,12,3,DC_family,family,0.8229794749797104,98,100,0.7891336299131056,0.7876086704440655,0.016350802220791796,10.0,2.1632458186465695,True
GSM4138164,12,1,Monocyte_family,family,0.9723886827775335,90,100,0.8484807087548788,0.8496648785588043,0.011476171500266657,10.0,10.693793153568473,True
GSM4138121,12,6,Ambiguous/Mixed,ambiguous,0.7581664616825258,89,100,0.6774445434492038,0.6794323926426652,0.014293780936684992,10.0,5.508274499841366,True
GSM4138139,12,4,Macrophage_family,family,0.8299297747767115,89,100,0.7661395734840504,0.7646397932166333,0.02201728160275333,10.0,2.965397033933264,True
GSM4138127,12,6,Ambiguous/Mixed,ambiguous,0.8540132491449073,87,75,0.8245307197885778,0.8331419999182161,0.03359698448937056,10.0,0.6212238849380786,True
GSM4138125,12,1,Monocyte_family,family,0.9403428052585113,86,75,0.7887823455344318,0.7947132085637797,0.020550408234818324,10.0,7.08645760369826,True
GSM4138126,12,2,Mono_CD16,specific,0.9577658372124283,85,75,0.9696162720742392,0.969404234779447,0.012291579855461133,10.0,-0.946859370713673,False
GSM4138123,12,5,Ambiguous/Mixed,ambiguous,0.6937423267115566,84,75,0.7478910756966862,0.7459487390399755,0.010202811462813162,10.0,-5.116865338411769,False
GSM4138139,12,8,Macrophage_family,family,0.7734365979554109,84,75,0.7929161934254034,0.7993578594578341,0.019050471501477973,10.0,-1.3606624644651037,False
GSM4138111,12,5,Ambiguous/Mixed,ambiguous,0.7336139091041234,84,75,0.7806089576382846,0.789021593047926,0.0342033162138128,10.0,-1.6199506386292017,False
GSM4138137,12,8,Macrophage_family,family,0.8274979387254913,80,75,0.8112279979170152,0.8159020816159839,0.015441428125629543,10.0,0.7509575549078061,True
GSM4138115,12,3,DC_family,family,0.8269327831841607,80,75,0.8347182520165184,0.83431743248954,0.02639121797291258,10.0,-0.2798146456506386,False
GSM4138143,12,1,Monocyte_family,family,0.8581069965280834,79,75,0.8272149831448337,0.8192228286902077,0.041641998942416894,10.0,0.933772845334473,True
GSM4138133,12,3,DC_family,family,0.8725697581061181,79,75,0.8369736441972822,0.8420096141731772,0.012780163044304542,10.0,2.391217062489669,True
GSM4138120,12,2,Mono_CD16,specific,0.9172179113831989,76,75,0.8881480968044911,0.8876591209898365,0.013990501994875063,10.0,2.11277553901856,True
GSM4138131,12,5,Ambiguous/Mixed,ambiguous,0.7090515421290053,74,75,0.7984795748200924,0.7969442700850593,0.02169983692865555,10.0,-4.050386564886481,False
GSM4138141,12,7,DC_pDC,specific,0.915848528113676,73,75,0.831470497790985,0.8278099593248556,0.0276992532023982,10.0,3.1783733714957365,True
GSM4138129,12,1,Monocyte_family,family,0.9356483030719154,71,75,0.8091636831736955,0.8078265285989547,0.02753753877055415,10.0,4.64172835263115,True
GSM4138155,12,8,Macrophage_family,family,0.7386207611638049,70,75,0.7331742729286999,0.7454933937386825,0.03308900406020785,10.0,-0.207701403232697,True
GSM4138133,12,4,Macrophage_family,family,0.8187510221435998,70,75,0.8369736441972822,0.8420096141731772,0.012780163044304542,10.0,-1.8198979112353748,False
GSM4138160,12,2,Mono_CD16,specific,0.9602521359547022,69,75,0.9308918732976366,0.9329891092833809,0.018940931763079736,10.0,1.4393709355134923,True
GSM4138111,12,3,DC_family,family,0.7916917692613848,67,75,0.7806089576382846,0.789021593047926,0.0342033162138128,10.0,0.07806775801407677,True
GSM4138163,12,2,Mono_CD16,specific,0.9376290798982274,67,75,0.9395377867937518,0.939020402640087,0.012021574056104633,10.0,-0.11573548816205805,False
GSM4138131,12,3,DC_family,family,0.8578654581382575,64,75,0.7984795748200924,0.7969442700850593,0.02169983692865555,10.0,2.8074491183272094,True
GSM4138150,12,2,Mono_CD16,specific,0.929194523924484,64,75,0.9392035133886594,0.9390931598272836,0.014994350954645077,10.0,-0.6601576775641042,False
GSM4138111,12,7,DC_pDC,specific,0.8970584604838131,64,75,0.7806089576382846,0.789021593047926,0.0342033162138128,10.0,3.1586664509524116,True
GSM4138131,12,10,DC_family,family,0.8698342079353883,63,75,0.7984795748200924,0.7969442700850593,0.02169983692865555,10.0,3.3590085533811,True
GSM4138131,12,1,Monocyte_family,family,0.9428500335630593,63,75,0.7984795748200924,0.7969442700850593,0.02169983692865555,10.0,6.723818430419875,True
GSM4138117,12,5,Ambiguous/Mixed,ambiguous,0.7762236581522801,62,50,0.8358854099372073,0.8361613581247408,0.02091613010477299,10.0,-2.865620918985539,False
GSM4138141,12,2,Mono_CD16,specific,0.973525328845283,61,50,0.8900435014268286,0.8901090886724006,0.029603528026603508,10.0,2.8177803705666284,True
GSM4138133,12,5,Ambiguous/Mixed,ambiguous,0.7968224087220419,60,50,0.8481763951444382,0.8457010820553125,0.040238050381549366,10.0,-1.2147376145163147,False
GSM4138131,12,6,Ambiguous/Mixed,ambiguous,0.8772837296617222,60,50,0.8415305947121112,0.8411825284014046,0.030352202367935933,10.0,1.1894096126103482,True
GSM4138139,12,11,Mast,specific,0.966827109414383,59,50,0.8497700424179017,0.8489892535757297,0.02583433449671354,10.0,4.561288615878367,True
GSM4138117,12,4,Macrophage_family,family,0.8464430332194695,58,50,0.8358854099372073,0.8361613581247408,0.02091613010477299,10.0,0.4915667976449628,True
GSM4138164,12,2,Mono_CD16,specific,0.9231836927110376,57,50,0.9009637997425629,0.9032067374587932,0.023511123900078923,10.0,0.8496809993918389,True
GSM4138137,12,5,Ambiguous/Mixed,ambiguous,0.820588746531474,57,50,0.8546409807078789,0.8599141946566412,0.021769077275210446,10.0,-1.8064820859425739,False
GSM4138113,12,1,Monocyte_family,family,0.9244230885146714,56,50,0.8350619853836887,0.834037813788137,0.024529631773840915,10.0,3.684738342583835,True
GSM4138148,12,2,Mono_CD16,specific,0.9226793120388355,54,50,0.8803577223985555,0.8775392652755208,0.02073202321911549,10.0,2.177310255069282,True
GSM4138157,12,3,DC_family,family,0.8129768990298566,53,50,0.8767823283670589,0.8837388104858525,0.019832699274607107,10.0,-3.5679415331324176,False
GSM4138141,12,10,DC_family,family,0.8827440521678653,53,50,0.8900435014268286,0.8901090886724006,0.029603528026603508,10.0,-0.24878914762850476,False
GSM4138154,12,2,Mono_CD16,specific,0.9465842145751643,53,50,0.8753637533148233,0.8822145575071557,0.024186917043441437,10.0,2.66134195409841,True
GSM4138111,12,1,Monocyte_family,family,0.8859511733910015,53,50,0.8183961893699605,0.8271588557866159,0.033279857360471385,10.0,1.7666036536027054,True
GSM4138139,12,3,DC_family,family,0.8951088264124206,52,50,0.8497700424179017,0.8489892535757297,0.02583433449671354,10.0,1.7852046021374341,True
GSM4138155,12,7,DC_pDC,specific,0.9011069531084976,51,50,0.8116719002969048,0.8001558755817797,0.0330336939627996,10.0,3.056003292892478,True
GSM4138141,12,4,Macrophage_family,family,0.8971458057912821,49,50,0.8900435014268286,0.8901090886724006,0.029603528026603508,10.0,0.23769859837509655,True
GSM4138123,12,7,DC_pDC,specific,0.9508575041839805,48,50,0.7850821070212497,0.7888663908895278,0.026193388641296472,10.0,6.184427510041892,True
GSM4138111,12,2,Mono_CD16,specific,0.8863581359224489,47,50,0.8183961893699605,0.8271588557866159,0.033279857360471385,10.0,1.7788321474643056,True
GSM4138159,12,3,DC_family,family,0.8172620913720567,46,50,0.8437099104233334,0.8452388199834336,0.025959377203851615,10.0,-1.077711856940311,False
GSM4138143,12,2,Mono_CD16,specific,0.9486514486678003,46,50,0.8716764985029095,0.8679807590756784,0.04169045767387151,10.0,1.9349917005751722,True
GSM4138143,12,7,DC_pDC,specific,0.9295762244202338,46,50,0.8716764985029095,0.8679807590756784,0.04169045767387151,10.0,1.4774475690910651,True
GSM4138145,12,7,DC_pDC,specific,0.945258029964264,45,50,0.8639541963394225,0.8551855138959764,0.03320226051125106,10.0,2.7128428812178385,True
GSM4138158,12,2,Mono_CD16,specific,0.9726374535449929,45,50,0.9509965498643975,0.9521572316803834,0.016154902096490276,10.0,1.26774038878632,True
GSM4138119,12,1,Monocyte_family,family,0.8824380198829792,44,50,0.7932023400422761,0.7863755180014268,0.03733831019104338,10.0,2.572759757740607,True
GSM4138129,12,8,Macrophage_family,family,0.8739526695629722,43,50,0.8524170384667056,0.8574794782243835,0.026621002191077093,10.0,0.6188043267623577,True
GSM4138161,12,6,Ambiguous/Mixed,ambiguous,0.8713939860263733,42,50,0.8186150959142044,0.8202611816061893,0.023224484276183642,10.0,2.201676636265284,True
GSM4138143,12,10,DC_family,family,0.8539487688654224,42,50,0.8716764985029095,0.8679807590756784,0.04169045767387151,10.0,-0.33657558571371216,False
GSM4138123,12,3,DC_family,family,0.7940839318704487,42,50,0.7850821070212497,0.7888663908895278,0.026193388641296472,10.0,0.19919305029112938,True
GSM4138127,12,9,Ambiguous/Mixed,ambiguous,0.8766433545599318,41,50,0.8870672744686936,0.8830671844295679,0.034225073500228534,10.0,-0.18769367638007214,False
GSM4138121,12,1,Monocyte_family,family,0.9055673942400307,41,50,0.7614734388237507,0.7563677651983048,0.030301256083991836,10.0,4.923876047519631,True
GSM4138145,12,2,Mono_CD16,specific,0.9792952262363795,41,50,0.8639541963394225,0.8551855138959764,0.03320226051125106,10.0,3.737989836515703,True
GSM4138161,12,5,Ambiguous/Mixed,ambiguous,0.771102781303785,40,50,0.8186150959142044,0.8202611816061893,0.023224484276183642,10.0,-2.1166627304966927,False
GSM4138135,12,3,DC_family,family,0.8551721218126433,40,50,0.8531425742537564,0.8504722957490571,0.01800954009829069,10.0,0.2609631360898703,True
GSM4138131,12,2,Mono_CD16,specific,0.9553743909770015,39,50,0.8415305947121112,0.8411825284014046,0.030352202367935933,10.0,3.7622265821550123,True
GSM4138123,12,6,Ambiguous/Mixed,ambiguous,0.8810957309307015,38,50,0.7850821070212497,0.7888663908895278,0.026193388641296472,10.0,3.521092337620073,True
GSM4138141,12,5,Ambiguous/Mixed,ambiguous,0.8293813586329108,36,25,0.9592369758991124,0.9592641270747289,0.029027749588371645,10.0,-4.474434645593344,False
GSM4138139,12,5,Ambiguous/Mixed,ambiguous,0.8528986396822623,36,25,0.9357290956556907,0.9337225384790877,0.0319793612246252,10.0,-2.527376898778961,False
GSM4138137,12,3,DC_family,family,0.8512415535080113,36,25,0.926176546037629,0.9188558130939726,0.02524688033865908,10.0,-2.678123343517712,False
GSM4138159,12,1,Monocyte_family,family,0.9585456336987939,35,25,0.9168929989490284,0.9184785998316982,0.02684712170909718,10.0,1.4924145054074414,True
GSM4138125,12,4,Macrophage_family,family,0.9100997990594014,35,25,0.9164930338071231,0.9188388274053472,0.026717684424713443,10.0,-0.3270877897585424,False
GSM4138129,12,4,Macrophage_family,family,0.909118969181269,34,25,0.931076450825193,0.9183711485744729,0.032131232378038686,10.0,-0.2879497208307404,False
GSM4138135,12,8,Macrophage_family,family,0.8666527353605346,34,25,0.9262103971686568,0.9299491761958603,0.027728452087857892,10.0,-2.282725362193687,False
GSM4138113,12,7,DC_pDC,specific,0.9360748270364975,33,25,0.9240671724385692,0.9177122554283212,0.040209782289650685,10.0,0.45666926211889586,True
GSM4138129,12,6,Ambiguous/Mixed,ambiguous,0.8841161325894955,33,25,0.931076450825193,0.9183711485744729,0.032131232378038686,10.0,-1.0660971724318384,False
GSM4138135,12,5,Ambiguous/Mixed,ambiguous,0.8941017024787461,32,25,0.9262103971686568,0.9299491761958603,0.027728452087857892,10.0,-1.2928047192656507,False
GSM4138139,12,2,Mono_CD16,specific,0.9746060997996634,32,25,0.9357290956556907,0.9337225384790877,0.0319793612246252,10.0,1.2784358334554211,True
GSM4138147,12,7,DC_pDC,specific,0.935324749011505,31,25,0.9260874884786799,0.91700049001221,0.03480209657643462,10.0,0.5265274452373895,True
GSM4138143,12,11,Mast,specific,0.9748135904112316,31,25,0.9450580936944553,0.9491119471886973,0.0170366173356051,10.0,1.5086118750123032,True
GSM4138135,12,10,DC_family,family,0.9258735720252302,30,25,0.9262103971686568,0.9299491761958603,0.027728452087857892,10.0,-0.14698275106437336,False
GSM4138133,12,1,Monocyte_family,family,0.9592989429202927,30,25,0.9093942843333844,0.9134138789599708,0.020292895865104355,10.0,2.2611392807285724,True
GSM4138145,12,6,Ambiguous/Mixed,ambiguous,0.9418463823255908,30,25,0.9581722339130803,0.9672380217135125,0.025825993587039915,10.0,-0.9831815106104486,False
GSM4138141,12,9,Ambiguous/Mixed,ambiguous,0.9575318770820527,30,25,0.9592369758991124,0.9592641270747289,0.029027749588371645,10.0,-0.05967565578594188,False
GSM4138127,12,7,DC_pDC,specific,0.9419975452784044,29,25,0.9607701486208685,0.958907948415632,0.02307048316562853,10.0,-0.7329886858382524,False
GSM4138119,12,3,DC_family,family,0.7841669029157519,28,25,0.9211915973052534,0.9177772997659964,0.023356474458712168,10.0,-5.720486500924232,False
GSM4138157,12,1,Monocyte_family,family,0.9659744337085671,28,25,0.968189445659703,0.967113018075611,0.0247939680093005,10.0,-0.04592182931819759,False
GSM4138111,12,11,Mast,specific,0.9050661191766445,28,25,0.9111547497859049,0.9174711520389224,0.03172688570524009,10.0,-0.39099434396200605,False
GSM4138155,12,4,Macrophage_family,family,0.9121517566245125,28,25,0.9125995833019843,0.9086011184524632,0.0205912592617861,10.0,0.1724342414860831,False
GSM4138117,12,3,DC_family,family,0.9267430252279545,27,25,0.9147496893500744,0.9146754506733146,0.020995821291890267,10.0,0.5747607767694742,True
GSM4138113,12,3,DC_family,family,0.8726883461069048,26,25,0.9240671724385692,0.9177122554283212,0.040209782289650685,10.0,-1.119725269763642,False
GSM4138127,12,8,Macrophage_family,family,0.9559325492496658,26,25,0.9607701486208685,0.958907948415632,0.02307048316562853,10.0,-0.12896995457811292,False
GSM4138135,12,2,Mono_CD16,specific,0.9812734851395931,25,25,0.9262103971686568,0.9299491761958603,0.027728452087857892,10.0,1.8509619210301116,True
GSM4138112,12,7,DC_pDC,specific,0.9670409840078681,25,25,0.9627064512758634,0.9599645605323005,0.013878950244238929,10.0,0.5098673423449274,True
GSM4138129,12,7,DC_pDC,specific,0.9868286715955322,25,25,0.931076450825193,0.9183711485744729,0.032131232378038686,10.0,2.130560142095553,True
GSM4138119,12,8,Macrophage_family,family,0.8760046119891902,25,25,0.9211915973052534,0.9177772997659964,0.023356474458712168,10.0,-1.788484295891867,False
GSM4138113,12,2,Mono_CD16,specific,0.9317284283309728,24,25,0.9240671724385692,0.9177122554283212,0.040209782289650685,10.0,0.34857619475992746,True
GSM4138144,12,3,DC_family,family,0.9774820464942098,24,25,0.9619331439188813,0.9601463057710922,0.010574803418738227,10.0,1.6393440177241696,True
GSM4138125,12,3,DC_family,family,0.9204911424777072,24,25,0.9164930338071231,0.9188388274053472,0.026717684424713443,10.0,0.06184349833968815,True
GSM4138160,12,7,DC_pDC,specific,0.980833886723325,23,25,0.9807110966306685,0.9779941749898674,0.016262702143506322,10.0,0.17461499991817436,True
GSM4138153,12,3,DC_family,family,0.922645268527941,23,25,0.9019739133206406,0.9067701798014556,0.032993349520122034,10.0,0.48116026282216484,True
GSM4138129,12,3,DC_family,family,0.9331394198201579,23,25,0.931076450825193,0.9183711485744729,0.032131232378038686,10.0,0.4596235547995652,True
GSM4138155,12,10,DC_family,family,0.9283079458378963,23,25,0.9125995833019843,0.9086011184524632,0.0205912592617861,10.0,0.9570481889859797,True
GSM4138123,12,1,Monocyte_family,family,0.9659202117288335,23,25,0.8699213661280445,0.8801549342541974,0.026021253875910234,10.0,3.29597020511126,True
GSM4138139,12,7,DC_pDC,specific,0.9506174967437965,22,25,0.9357290956556907,0.9337225384790877,0.0319793612246252,10.0,0.528308184332934,True
GSM4138139,12,10,DC_family,family,0.9422756010989471,22,25,0.9357290956556907,0.9337225384790877,0.0319793612246252,10.0,0.267455705565291,True
GSM4138137,12,2,Mono_CD16,specific,1.0,22,25,0.926176546037629,0.9188558130939726,0.02524688033865908,10.0,3.214028260821439,True
GSM4138162,12,3,DC_family,family,0.9941525776404126,21,25,0.9600140953042835,0.9563751722194592,0.016814135194355585,10.0,2.246764700312098,True
GSM4138120,12,3,DC_family,family,0.9675202675594767,21,25,0.9269817708599346,0.9265773629703217,0.029997327016448413,10.0,1.3648850968189554,True
GSM4138155,12,5,Ambiguous/Mixed,ambiguous,0.945883456323077,21,25,0.9125995833019843,0.9086011184524632,0.0205912592617861,10.0,1.8105904741728729,True
GSM4138116,12,2,Mono_CD16,specific,0.9842694746206083,21,25,0.9788246647115975,0.9644729305795968,0.03412886316677367,10.0,0.5800528410300091,True
GSM4138133,12,7,DC_pDC,specific,0.9780104357713506,21,25,0.9093942843333844,0.9134138789599708,0.020292895865104355,10.0,3.1832103826275455,True
GSM4138123,12,10,DC_family,family,0.9565098966662946,21,25,0.8699213661280445,0.8801549342541974,0.026021253875910234,10.0,2.9343306351114964,True
GSM4138135,12,11,Mast,specific,1.0,21,25,0.9262103971686568,0.9299491761958603,0.027728452087857892,10.0,2.5263156984812194,True
GSM4138128,12,7,DC_pDC,specific,0.9782659584116306,20,25,0.9844528974607618,0.9831021452587395,0.010708099409941723,10.0,-0.4516382097292538,False
GSM4138110,12,7,DC_pDC,specific,0.9697106021963595,20,25,0.9868341180732119,0.9867664570718897,0.011731289324245612,10.0,-1.4538772682283132,False
GSM4138168,12,7,DC_pDC,specific,0.9457890908623999,20,25,0.9541628191306922,0.9543500656433102,0.015998487667747092,10.0,-0.5351115029559405,False
GSM4138115,12,10,DC_family,family,0.9593305446031526,20,25,0.9613827702706941,0.9602304947917325,0.021745965538883007,10.0,-0.041384696714006595,False
GSM4138152,12,3,DC_family,family,0.9745412407235607,20,25,0.9641180515152854,0.957583050979306,0.02067585370218309,10.0,0.8201929646302453,True
GSM4138122,12,7,DC_pDC,specific,0.9782659584116306,20,25,0.9792524358015444,0.9750685359411753,0.0122815856284961,10.0,0.2603428064725239,False
GSM4138135,12,7,DC_pDC,specific,0.9592348250153161,19,25,0.9262103971686568,0.9299491761958603,0.027728452087857892,10.0,1.056158804922249,True
GSM4138133,12,10,DC_family,family,0.880236894807487,19,25,0.9093942843333844,0.9134138789599708,0.020292895865104355,10.0,-1.6349063422502914,False
GSM4138115,12,7,DC_pDC,specific,0.9816087420119992,19,25,0.9613827702706941,0.9602304947917325,0.021745965538883007,10.0,0.9830902740115727,True
GSM4138155,12,11,Mast,specific,0.9381206978557273,19,25,0.9125995833019843,0.9086011184524632,0.0205912592617861,10.0,1.4335975778833236,True
GSM4138118,12,2,Mono_CD16,specific,0.989744282581234,19,25,0.9770147518871952,0.9633846604074188,0.030081236099759746,10.0,0.8762812168488581,True
GSM4138171,12,3,DC_family,family,1.0,18,25,0.9759808467049595,0.9775981664159804,0.00698398359901874,10.0,3.2076011156680098,True
GSM4138143,12,5,Ambiguous/Mixed,ambiguous,0.9070828170616644,18,25,0.9450580936944553,0.9491119471886973,0.0170366173356051,10.0,-2.4669879764919975,False
GSM4138145,12,10,DC_family,family,0.9782002683833607,18,25,0.9581722339130803,0.9672380217135125,0.025825993587039915,10.0,0.42446563122161357,True
GSM4138121,12,3,DC_family,family,0.9275368904569635,18,25,0.8588424057810767,0.8648333879843543,0.02589934807083429,10.0,2.421045591615519,True
GSM4138127,12,3,DC_family,family,0.9725300008517392,18,25,0.9607701486208685,0.958907948415632,0.02307048316562853,10.0,0.5904537125777244,True
GSM4138157,12,6,Ambiguous/Mixed,ambiguous,0.939252019116912,18,25,0.968189445659703,0.967113018075611,0.0247939680093005,10.0,-1.1237006899520077,False
GSM4138131,12,11,Mast,specific,0.9764376533440459,18,25,0.923417081484569,0.9232553144549218,0.039261461223893256,10.0,1.354568506399833,True
GSM4138137,12,10,DC_family,family,0.9504246980059807,17,25,0.926176546037629,0.9188558130939726,0.02524688033865908,10.0,1.2504073568118654,True
GSM4138162,12,7,DC_pDC,specific,0.9897606953288196,17,25,0.9600140953042835,0.9563751722194592,0.016814135194355585,10.0,1.9855629042740017,True
GSM4138172,12,3,DC_family,family,0.9746524486080247,17,25,0.9425151302916579,0.940877955876207,0.01005325236184313,10.0,3.3595588289425518,True
GSM4138130,12,7,DC_pDC,specific,0.9928521640048311,17,25,0.9804453099621897,0.9776933830033974,0.009270985594780661,10.0,1.6350776135352616,True
GSM4138163,12,7,DC_pDC,specific,0.9941087355013785,16,25,0.9585446561255815,0.9609096758297184,0.017601132002729513,10.0,1.8861888920844216,True
GSM4138159,12,4,Macrophage_family,family,0.9729532809172062,16,25,0.9168929989490284,0.9184785998316982,0.02684712170909718,10.0,2.0290696960281296,True
GSM4138121,12,7,DC_pDC,specific,0.975345479450801,16,25,0.8588424057810767,0.8648333879843543,0.02589934807083429,10.0,4.26698352268165,True
GSM4138113,12,5,Ambiguous/Mixed,ambiguous,0.7617852874300186,16,25,0.9240671724385692,0.9177122554283212,0.040209782289650685,10.0,-3.8778366636030155,False
GSM4138157,12,7,DC_pDC,specific,0.978093154163344,16,25,0.968189445659703,0.967113018075611,0.0247939680093005,10.0,0.4428551365241008,True
GSM4138154,12,3,DC_family,family,0.9333305365115374,16,25,0.9144385102824806,0.9152592386537124,0.04449839282543271,10.0,0.4061112483032535,True
GSM4138111,12,4,Macrophage_family,family,0.9138229407468663,15,25,0.9111547497859049,0.9174711520389224,0.03172688570524009,10.0,-0.11498800499834469,True
GSM4138148,12,3,DC_family,family,0.9935131467076675,15,25,0.9714882602784638,0.9685815328679765,0.015544512938823786,10.0,1.6038851740038833,True
GSM4138125,12,2,Mono_CD16,specific,1.0,15,25,0.9164930338071231,0.9188388274053472,0.026717684424713443,10.0,3.0377322863945504,True
GSM4138139,12,9,Ambiguous/Mixed,ambiguous,0.9734901206141577,15,25,0.9357290956556907,0.9337225384790877,0.0319793612246252,10.0,1.2435389767712945,True
GSM4138147,12,3,DC_family,family,0.9840307386621786,15,25,0.9260874884786799,0.91700049001221,0.03480209657643462,10.0,1.9260405332981154,True
GSM4138129,12,2,Mono_CD16,specific,1.0,15,25,0.931076450825193,0.9183711485744729,0.032131232378038686,10.0,2.5404830560224467,True
GSM4138151,12,7,DC_pDC,specific,0.9806392337550041,15,25,0.9827178817478986,0.9846374919959022,0.012571234817351205,10.0,-0.31804817100223504,False
GSM4138145,12,4,Macrophage_family,family,0.9659682215407983,15,25,0.9581722339130803,0.9672380217135125,0.025825993587039915,10.0,-0.049167524511094865,True
GSM4138117,12,11,Mast,specific,0.9848958966969695,15,25,0.9147496893500744,0.9146754506733146,0.020995821291890267,10.0,3.3444962713022295,True
GSM4138117,12,2,Mono_CD16,specific,0.9877302514675109,15,25,0.9147496893500744,0.9146754506733146,0.020995821291890267,10.0,3.4794924084448224,True
GSM4138133,12,2,Mono_CD16,specific,1.0,15,25,0.9093942843333844,0.9134138789599708,0.020292895865104355,10.0,4.26681936455026,True
GSM4138134,13,1,Monocyte_family,family,0.9819861273138426,809,800,0.9503095963778567,0.9492678911083205,0.004309980141585272,10.0,7.591273075677751,True
GSM4138116,13,1,Monocyte_family,family,0.9471155441026594,680,675,0.9215677914460505,0.9228814356832707,0.0036746728798352233,10.0,6.5949022435094555,True
GSM4138126,13,1,Monocyte_family,family,0.9714063890205811,670,675,0.9532556156725593,0.9535126440353062,0.0010935501361661762,10.0,16.36298546677307,True
GSM4138156,13,1,Monocyte_family,family,0.9539106245472357,651,650,0.8904264686639494,0.8892175110282035,0.005198510263942226,10.0,12.444548579187197,True
GSM4138120,13,1,Monocyte_family,family,0.898753974517315,511,500,0.84842531828048,0.8481759081382345,0.0058990576250457895,10.0,8.573923089738908,True
GSM4138142,13,1,Monocyte_family,family,0.955448638690628,484,475,0.9114662729982326,0.9125007472398992,0.003942517504242036,10.0,10.893519535301532,True
GSM4138110,13,1,Monocyte_family,family,0.9638236131614044,460,450,0.904079023297962,0.9044612727468826,0.006378268440608529,10.0,9.306968022320845,True
GSM4138140,13,1,Monocyte_family,family,0.9703429100826296,454,450,0.908564348378622,0.9088507819333508,0.007572220193642767,10.0,8.120752774847245,True
GSM4138132,13,1,Monocyte_family,family,0.9728299710645985,419,425,0.9362037907702028,0.93621993660959,0.002834223856429562,10.0,12.917128748301568,True
GSM4138160,13,1,Monocyte_family,family,0.9393514338278183,413,425,0.8624297012349278,0.8648120262710689,0.0071595204205015155,10.0,10.411229129719834,True
GSM4138134,13,2,Mono_CD16,specific,0.9555696063592363,402,400,0.9487900434239251,0.9497254042002619,0.005979101555016941,10.0,0.9774381828438188,True
GSM4138123,13,4,Macrophage_family,family,0.7463504049327119,396,400,0.6841643909095233,0.6847585428674706,0.008566764169818837,10.0,7.189629694982457,True
GSM4138136,13,1,Monocyte_family,family,0.9621497611893006,384,375,0.9027008455410762,0.903748762421864,0.00949168911224052,10.0,6.15285625949574,True
GSM4138138,13,1,Monocyte_family,family,0.9755994958497483,371,375,0.8889362198117894,0.8888051984514191,0.006111965666973916,10.0,14.20071743323481,True
GSM4138163,13,1,Monocyte_family,family,0.9561525632636788,345,350,0.8997656748541165,0.8980826076013646,0.004060752067987648,10.0,14.300295780207888,True
GSM4138125,13,8,Macrophage_family,family,0.7527579460283387,335,325,0.7064566623363193,0.7092253660789128,0.00974723270378593,10.0,4.466147600284264,True
GSM4138122,13,2,Mono_CD16,specific,0.9057210148164985,326,325,0.8869370079606307,0.887278574870396,0.004879846225042593,10.0,3.7793076042968,True
GSM4138128,13,2,Mono_CD16,specific,0.9057210148164985,326,325,0.8839017466257113,0.8843795674015344,0.002898526898044347,10.0,7.362859882157112,True
GSM4138162,13,1,Monocyte_family,family,0.9671788597668937,317,325,0.8923156404823891,0.8916745365944573,0.006657349717805574,10.0,11.34149870037539,True
GSM4138135,13,4,Macrophage_family,family,0.7700675452133179,307,300,0.6955585179714925,0.7008954754905794,0.016003003614458996,10.0,4.322442923167267,True
GSM4138130,13,1,Monocyte_family,family,0.9565651612784047,300,300,0.9085550340473691,0.9098388971354028,0.007340291854491658,10.0,6.3657229261816495,True
GSM4138152,13,1,Monocyte_family,family,0.9410014769400854,297,300,0.856895210585955,0.8577239122185769,0.005830856940705392,10.0,14.282217102626074,True
GSM4138154,13,1,Monocyte_family,family,0.9049546515737832,289,300,0.8289345094828077,0.828511942014128,0.00849208579231597,10.0,9.001641225624926,True
GSM4138146,13,2,Mono_CD16,specific,0.9289540883838,289,300,0.8856363653902639,0.8873004982652393,0.007143357398662486,10.0,5.831094231174812,True
GSM4138130,13,2,Mono_CD16,specific,0.936200783979712,281,275,0.9167164154842669,0.9159092604799224,0.008106025853353318,10.0,2.5032640984478647,True
GSM4138165,13,1,Monocyte_family,family,0.9526684012866887,267,275,0.9014755430472252,0.9030645524088315,0.006672652548398205,10.0,7.433902562447189,True
GSM4138118,13,1,Monocyte_family,family,0.9268749896654669,266,275,0.8799842619733088,0.8811750855186451,0.006384571128514112,10.0,7.157865928178261,True
GSM4138156,13,2,Mono_CD16,specific,0.945417572940716,256,250,0.8983801416577686,0.8966498051314972,0.008771821479942146,10.0,5.55959419839225,True
GSM4138166,13,1,Monocyte_family,family,0.9606912844772857,249,250,0.8923754909659161,0.8947298110267695,0.007907839337729757,10.0,8.341276375684801,True
GSM4138136,13,2,Mono_CD16,specific,0.9251646870637454,246,250,0.9011366799846745,0.9010271127815412,0.005748198676211005,10.0,4.19915449027499,True
GSM4138140,13,2,Mono_CD16,specific,0.9368059644640493,235,225,0.9277717528992286,0.9245175021842911,0.008850422002581435,10.0,1.3884606040450946,True
GSM4138114,13,1,Monocyte_family,family,0.9509721115013868,230,225,0.8743359701575643,0.8769193507816432,0.007499143282380788,10.0,9.874829421346083,True
GSM4138137,13,4,Macrophage_family,family,0.8221053806186662,230,225,0.769996132676889,0.7685765243557433,0.011189381830873608,10.0,4.7838975442974645,True
GSM4138124,13,1,Monocyte_family,family,0.9824067830841741,229,225,0.9213970601133138,0.9200804485091794,0.004886146209432712,10.0,12.755724430569357,True
GSM4138158,13,1,Monocyte_family,family,0.9634719548477954,218,225,0.9027550335924034,0.9016004003465478,0.005204879309503204,10.0,11.887221743697475,True
GSM4138132,13,2,Mono_CD16,specific,0.9513213706100166,215,225,0.941210129176567,0.9403601334738674,0.006637123758333749,10.0,1.651504105582791,True
GSM4138128,13,1,Monocyte_family,family,0.976940898473096,211,200,0.8923862044622478,0.8969703944276523,0.014131543797635532,10.0,5.659006913230828,True
GSM4138167,13,1,Monocyte_family,family,0.9824092598299118,211,200,0.8924069617712289,0.8932674989137495,0.005711730222881376,10.0,15.606787687390689,True
GSM4138135,13,7,Ambiguous/Mixed,ambiguous,0.7562514299690092,211,200,0.7143764789432155,0.715026157238883,0.013505865552847036,10.0,3.0523976837186813,True
GSM4138122,13,1,Monocyte_family,family,0.976940898473096,211,200,0.8974688423498045,0.898797790628006,0.008042516420904018,10.0,9.716250953741449,True
GSM4138141,13,1,Monocyte_family,family,0.9060730523630909,208,200,0.7283639290332442,0.7325653923855071,0.012845000054541714,10.0,13.507797527508396,True
GSM4138166,13,2,Mono_CD16,specific,0.9254198895181686,203,200,0.8891104597699997,0.8921813048911243,0.011179789925294375,10.0,2.9730956349941438,True
GSM4138138,13,2,Mono_CD16,specific,0.9511591255886162,200,200,0.9015500332051807,0.899550836469991,0.013511408561816426,10.0,3.819608361519867,True
GSM4138142,13,2,Mono_CD16,specific,0.947239917708687,197,200,0.9136081548560113,0.9141643541833165,0.010953332907377463,10.0,3.0196802932094635,True
GSM4138155,13,3,DC_family,family,0.7089471511192971,190,200,0.6149920847587264,0.6159832708199058,0.022231909978797725,10.0,4.181551670011695,True
GSM4138145,13,3,DC_family,family,0.7529662578269433,189,200,0.7276646374624565,0.7278491753604579,0.012187154202059076,10.0,2.060947293359242,True
GSM4138145,13,1,Monocyte_family,family,0.8545983959082528,186,175,0.7281953837093378,0.7251175554251411,0.012244741588320956,10.0,10.574403677625229,True
GSM4138112,13,1,Monocyte_family,family,0.9587812895740635,184,175,0.8813310231371112,0.8832471784791048,0.01121516441649675,10.0,6.734998105230904,True
GSM4138112,13,2,Mono_CD16,specific,0.914159614990162,165,175,0.8813310231371112,0.8832471784791048,0.01121516441649675,10.0,2.756307028864153,True
GSM4138155,13,1,Monocyte_family,family,0.8369994000149978,164,175,0.6128473714066296,0.6145663529522757,0.017371985508373884,10.0,12.804123452411465,True
GSM4138165,13,2,Mono_CD16,specific,0.8988516692762344,162,150,0.9083507929105827,0.906864500822356,0.012279271354820192,10.0,-0.6525494318501425,False
GSM4138146,13,1,Monocyte_family,family,0.9473344042730055,161,150,0.8956437685145003,0.8975869016366355,0.015234089378603669,10.0,3.2655383200154127,True
GSM4138110,13,2,Mono_CD16,specific,0.9222028464616959,161,150,0.9183972551733428,0.9212664283062482,0.016069904679603904,10.0,0.058271543865239736,True
GSM4138144,13,1,Monocyte_family,family,0.9496769213849405,160,150,0.8602528535391646,0.8599396014414591,0.011213089716939429,10.0,8.0029075133428,True
GSM4138131,13,9,Ambiguous/Mixed,ambiguous,0.7955249309996092,156,150,0.7485221675906779,0.7475879729821285,0.009645914678492058,10.0,4.969664320623519,True
GSM4138162,13,2,Mono_CD16,specific,0.9108781535887733,146,150,0.9030608504148141,0.9048040188110249,0.008866417934954336,10.0,0.6850720124304307,True
GSM4138152,13,2,Mono_CD16,specific,0.9219681967952902,145,150,0.8808661898346524,0.882841664474616,0.017260730748689744,10.0,2.2667946618450254,True
GSM4138127,13,1,Monocyte_family,family,0.9294991787948099,128,125,0.7806500689325178,0.7862384270027125,0.020488034378589554,10.0,6.992410747895271,True
GSM4138117,13,1,Monocyte_family,family,0.8461506283902052,127,125,0.731120487982829,0.7324530051515378,0.014028665390184417,10.0,8.104664276775708,True
GSM4138150,13,1,Monocyte_family,family,0.9531692135789532,124,125,0.9157436740234969,0.9138528606586764,0.013433991332580173,10.0,2.9266322976498143,True
GSM4138139,13,1,Monocyte_family,family,0.8893222366632249,118,125,0.7229519069900383,0.722617484912415,0.030035127472733455,10.0,5.550326094075949,True
GSM4138135,13,1,Monocyte_family,family,0.9236183656612719,118,125,0.7537509305914603,0.7524252329296265,0.01787572619691312,10.0,9.57684912186717,True
GSM4138167,13,2,Mono_CD16,specific,0.909430464801309,116,125,0.8905040643423519,0.8952033265257752,0.01525359658920758,10.0,0.9327071285994254,True
GSM4138137,13,1,Monocyte_family,family,0.9148633748979136,115,125,0.7896445909365837,0.7889923150407521,0.013793873328592407,10.0,9.125142507743037,True
GSM4138139,13,7,Ambiguous/Mixed,ambiguous,0.8492755647923975,114,125,0.7229519069900383,0.722617484912415,0.030035127472733455,10.0,4.2169982463022855,True
GSM4138127,13,5,Ambiguous/Mixed,ambiguous,0.7695155283144268,114,125,0.7806500689325178,0.7862384270027125,0.020488034378589554,10.0,-0.8162275784621627,False
GSM4138155,13,7,Ambiguous/Mixed,ambiguous,0.7691099832874531,114,125,0.6703323608734009,0.6706060472674455,0.01467493260540225,10.0,6.712394439463761,True
GSM4138137,13,7,Ambiguous/Mixed,ambiguous,0.8103965916165463,113,125,0.7896445909365837,0.7889923150407521,0.013793873328592407,10.0,1.5517234402484137,True
GSM4138144,13,2,Mono_CD16,specific,0.927765175482923,112,100,0.8670942355143862,0.8676620769805912,0.012364726170693124,10.0,4.860851560529358,True
GSM4138131,13,6,DC_pDC,specific,0.9051170331450963,111,100,0.7557043535409838,0.7611333360605689,0.015599965739677184,10.0,9.22974444221484,True
GSM4138124,13,2,Mono_CD16,specific,0.9084742898658345,108,100,0.9221203523271243,0.9276155795157497,0.014902749723516195,10.0,-1.284413279766131,False
GSM4138114,13,2,Mono_CD16,specific,0.8940695725077482,107,100,0.8978579837831457,0.8968159399129124,0.01107520854380798,10.0,-0.24797432881746223,False
GSM4138161,13,6,DC_pDC,specific,0.8669479000470499,107,100,0.7556751157728048,0.756615966500042,0.016341279346029823,10.0,6.751731685794445,True
GSM4138148,13,1,Monocyte_family,family,0.9472388843963009,107,100,0.8513317912868819,0.8550302005551028,0.009728374308125239,10.0,9.478324015985326,True
GSM4138161,13,3,DC_family,family,0.7486235949958235,106,100,0.7556751157728048,0.756615966500042,0.016341279346029823,10.0,-0.4890909294785586,False
GSM4138143,13,3,DC_family,family,0.7629980808385337,105,100,0.7796478385240256,0.7774827916439634,0.03102493601364835,10.0,-0.4668731886846642,False
GSM4138131,13,4,Macrophage_family,family,0.826134433367845,103,100,0.7557043535409838,0.7611333360605689,0.015599965739677184,10.0,4.166746157778498,True
GSM4138161,13,1,Monocyte_family,family,0.8933179358356652,100,100,0.7556751157728048,0.756615966500042,0.016341279346029823,10.0,8.365438619641212,True
GSM4138141,13,3,DC_family,family,0.8188426081377531,100,100,0.7891336299131056,0.7876086704440655,0.016350802220791796,10.0,1.9102388538447586,True
GSM4138164,13,1,Monocyte_family,family,0.9723886827775335,90,100,0.8484807087548788,0.8496648785588043,0.011476171500266657,10.0,10.693793153568473,True
GSM4138139,13,4,Macrophage_family,family,0.8251972689098394,88,100,0.7661395734840504,0.7646397932166333,0.02201728160275333,10.0,2.7504519761255684,True
GSM4138126,13,2,Mono_CD16,specific,0.959853818083607,87,75,0.9696162720742392,0.969404234779447,0.012291579855461133,10.0,-0.7769885407852405,False
GSM4138139,13,8,Macrophage_family,family,0.7771115965647101,86,75,0.7929161934254034,0.7993578594578341,0.019050471501477973,10.0,-1.1677539262688656,False
GSM4138125,13,1,Monocyte_family,family,0.9392396968895603,86,75,0.7887823455344318,0.7947132085637797,0.020550408234818324,10.0,7.032779430673841,True
GSM4138137,13,8,Macrophage_family,family,0.8205448945769171,84,75,0.8112279979170152,0.8159020816159839,0.015441428125629543,10.0,0.3006725105450042,True
GSM4138115,13,3,DC_family,family,0.8219879025377599,83,75,0.8347182520165184,0.83431743248954,0.02639121797291258,10.0,-0.46718305932052645,False
GSM4138123,13,5,Ambiguous/Mixed,ambiguous,0.6943293998053397,83,75,0.7478910756966862,0.7459487390399755,0.010202811462813162,10.0,-5.059325012794375,False
GSM4138111,13,5,Ambiguous/Mixed,ambiguous,0.7344999366425704,83,75,0.7806089576382846,0.789021593047926,0.0342033162138128,10.0,-1.5940459125228716,False
GSM4138121,13,7,Ambiguous/Mixed,ambiguous,0.771777865180371,82,75,0.7145737002026338,0.7116382866137885,0.02458865090515683,10.0,2.445826686407173,True
GSM4138133,13,3,DC_family,family,0.8737755582034263,81,75,0.8369736441972822,0.8420096141731772,0.012780163044304542,10.0,2.485566414147241,True
GSM4138143,13,1,Monocyte_family,family,0.87408426825541,78,75,0.8272149831448337,0.8192228286902077,0.041641998942416894,10.0,1.3174545160779965,True
GSM4138127,13,7,Ambiguous/Mixed,ambiguous,0.8464968488642287,78,75,0.8245307197885778,0.8331419999182161,0.03359698448937056,10.0,0.397501417135749,True
GSM4138111,13,3,DC_family,family,0.8052502457668066,77,75,0.7806089576382846,0.789021593047926,0.0342033162138128,10.0,0.474476001608487,True
GSM4138120,13,2,Mono_CD16,specific,0.9172179113831989,76,75,0.8881480968044911,0.8876591209898365,0.013990501994875063,10.0,2.11277553901856,True
GSM4138131,13,5,Ambiguous/Mixed,ambiguous,0.7069428088014045,74,75,0.7984795748200924,0.7969442700850593,0.02169983692865555,10.0,-4.147563946197407,False
GSM4138129,13,1,Monocyte_family,family,0.9360462674376772,72,75,0.8091636831736955,0.8078265285989547,0.02753753877055415,10.0,4.656180056869414,True
GSM4138141,13,6,DC_pDC,specific,0.9165508686482305,72,75,0.831470497790985,0.8278099593248556,0.0276992532023982,10.0,3.203729309051978,True
GSM4138131,13,3,DC_family,family,0.8638820798789619,71,75,0.7984795748200924,0.7969442700850593,0.02169983692865555,10.0,3.0847148766131247,True
GSM4138133,13,4,Macrophage_family,family,0.8187510221435998,70,75,0.8369736441972822,0.8420096141731772,0.012780163044304542,10.0,-1.8198979112353748,False
GSM4138155,13,8,Macrophage_family,family,0.7461020515003864,70,75,0.7331742729286999,0.7454933937386825,0.03308900406020785,10.0,0.01839456275554373,True
GSM4138163,13,2,Mono_CD16,specific,0.9425835669701786,67,75,0.9395377867937518,0.939020402640087,0.012021574056104633,10.0,0.29639748617463535,True
GSM4138131,13,1,Monocyte_family,family,0.938373115310089,67,75,0.7984795748200924,0.7969442700850593,0.02169983692865555,10.0,6.5175072831200405,True
GSM4138160,13,2,Mono_CD16,specific,0.9601998808485407,66,75,0.9308918732976366,0.9329891092833809,0.018940931763079736,10.0,1.4366120899184025,True
GSM4138111,13,6,DC_pDC,specific,0.8970584604838131,64,75,0.7806089576382846,0.789021593047926,0.0342033162138128,10.0,3.1586664509524116,True
GSM4138150,13,2,Mono_CD16,specific,0.9242305572471121,64,75,0.9392035133886594,0.9390931598272836,0.014994350954645077,10.0,-0.9912134659998209,False
GSM4138131,13,10,DC_family,family,0.8698342079353883,63,75,0.7984795748200924,0.7969442700850593,0.02169983692865555,10.0,3.3590085533811,True
GSM4138117,13,5,Ambiguous/Mixed,ambiguous,0.7762236581522801,62,50,0.8358854099372073,0.8361613581247408,0.02091613010477299,10.0,-2.865620918985539,False
GSM4138141,13,2,Mono_CD16,specific,0.9670839416862131,62,50,0.8900435014268286,0.8901090886724006,0.029603528026603508,10.0,2.600191873909027,True
GSM4138137,13,3,DC_family,family,0.8433253183338716,61,50,0.8546409807078789,0.8599141946566412,0.021769077275210446,10.0,-0.762038561076735,False
GSM4138139,13,11,Mast,specific,0.966827109414383,59,50,0.8497700424179017,0.8489892535757297,0.02583433449671354,10.0,4.561288615878367,True
GSM4138139,13,3,DC_family,family,0.8824738013289517,58,50,0.8497700424179017,0.8489892535757297,0.02583433449671354,10.0,1.2961258110783396,True
GSM4138133,13,5,Ambiguous/Mixed,ambiguous,0.7917961675501763,58,50,0.8481763951444382,0.8457010820553125,0.040238050381549366,10.0,-1.3396502562622548,False
GSM4138117,13,4,Macrophage_family,family,0.8524544297806724,57,50,0.8358854099372073,0.8361613581247408,0.02091613010477299,10.0,0.7789716154143452,True
GSM4138164,13,2,Mono_CD16,specific,0.9330072362559443,56,50,0.9009637997425629,0.9032067374587932,0.023511123900078923,10.0,1.2675063482205986,True
GSM4138137,13,5,Ambiguous/Mixed,ambiguous,0.8176872118157322,55,50,0.8546409807078789,0.8599141946566412,0.021769077275210446,10.0,-1.9397690727569326,False
GSM4138113,13,1,Monocyte_family,family,0.9233613643979112,55,50,0.8350619853836887,0.834037813788137,0.024529631773840915,10.0,3.641455013810329,True
GSM4138157,13,3,DC_family,family,0.7916267332641858,55,50,0.8767823283670589,0.8837388104858525,0.019832699274607107,10.0,-4.644454894730484,False
GSM4138148,13,2,Mono_CD16,specific,0.9226793120388355,54,50,0.8803577223985555,0.8775392652755208,0.02073202321911549,10.0,2.177310255069282,True
GSM4138141,13,10,DC_family,family,0.8827440521678653,53,50,0.8900435014268286,0.8901090886724006,0.029603528026603508,10.0,-0.24878914762850476,False
GSM4138154,13,2,Mono_CD16,specific,0.9473208759634055,52,50,0.8753637533148233,0.8822145575071557,0.024186917043441437,10.0,2.6917989729453407,True
GSM4138141,13,4,Macrophage_family,family,0.8932614228700199,51,50,0.8900435014268286,0.8901090886724006,0.029603528026603508,10.0,0.1064850849799528,True
GSM4138155,13,6,DC_pDC,specific,0.9011069531084976,51,50,0.8116719002969048,0.8001558755817797,0.0330336939627996,10.0,3.056003292892478,True
GSM4138111,13,1,Monocyte_family,family,0.8835545445269479,50,50,0.8183961893699605,0.8271588557866159,0.033279857360471385,10.0,1.6945892564827167,True
GSM4138123,13,6,DC_pDC,specific,0.9508575041839805,48,50,0.7850821070212497,0.7888663908895278,0.026193388641296472,10.0,6.184427510041892,True
GSM4138135,13,3,DC_family,family,0.8715458047716546,48,50,0.8531425742537564,0.8504722957490571,0.01800954009829069,10.0,1.170130325793135,True
GSM4138159,13,3,DC_family,family,0.8221683201176513,48,50,0.8437099104233334,0.8452388199834336,0.025959377203851615,10.0,-0.8887154604910694,False
GSM4138111,13,2,Mono_CD16,specific,0.8863581359224489,47,50,0.8183961893699605,0.8271588557866159,0.033279857360471385,10.0,1.7788321474643056,True
GSM4138123,13,3,DC_family,family,0.7535894312770938,46,50,0.7850821070212497,0.7888663908895278,0.026193388641296472,10.0,-1.3467886914340064,False
GSM4138143,13,6,DC_pDC,specific,0.9295762244202338,46,50,0.8716764985029095,0.8679807590756784,0.04169045767387151,10.0,1.4774475690910651,True
GSM4138121,13,1,Monocyte_family,family,0.925261617228091,46,50,0.7614734388237507,0.7563677651983048,0.030301256083991836,10.0,5.573823460045038,True
GSM4138131,13,7,Ambiguous/Mixed,ambiguous,0.9013302011559602,45,50,0.8415305947121112,0.8411825284014046,0.030352202367935933,10.0,1.981657608414458,True
GSM4138158,13,2,Mono_CD16,specific,0.9746002240330242,45,50,0.9509965498643975,0.9521572316803834,0.016154902096490276,10.0,1.3892372865272047,True
GSM4138145,13,6,DC_pDC,specific,0.945258029964264,45,50,0.8639541963394225,0.8551855138959764,0.03320226051125106,10.0,2.7128428812178385,True
GSM4138143,13,2,Mono_CD16,specific,0.9549806369356806,44,50,0.8716764985029095,0.8679807590756784,0.04169045767387151,10.0,2.0868055357072097,True
GSM4138119,13,1,Monocyte_family,family,0.8824380198829792,44,50,0.7932023400422761,0.7863755180014268,0.03733831019104338,10.0,2.572759757740607,True
GSM4138129,13,8,Macrophage_family,family,0.875590907808813,42,50,0.8524170384667056,0.8574794782243835,0.026621002191077093,10.0,0.6803436420023324,True
GSM4138143,13,10,DC_family,family,0.8539487688654224,42,50,0.8716764985029095,0.8679807590756784,0.04169045767387151,10.0,-0.33657558571371216,False
GSM4138127,13,9,Ambiguous/Mixed,ambiguous,0.8766433545599318,41,50,0.8870672744686936,0.8830671844295679,0.034225073500228534,10.0,-0.18769367638007214,False
GSM4138145,13,2,Mono_CD16,specific,0.9802384907154091,41,50,0.8639541963394225,0.8551855138959764,0.03320226051125106,10.0,3.7663994828622207,True
GSM4138131,13,2,Mono_CD16,specific,0.9485262396823262,39,50,0.8415305947121112,0.8411825284014046,0.030352202367935933,10.0,3.536603702745454,True
GSM4138159,13,1,Monocyte_family,family,0.9585261368230338,37,25,0.9168929989490284,0.9184785998316982,0.02684712170909718,10.0,1.4916882869333963,True
GSM4138161,13,5,Ambiguous/Mixed,ambiguous,0.809659964434754,37,25,0.9006733795091095,0.899784281210698,0.029310319391865933,10.0,-3.0748322995400352,False
GSM4138161,13,7,Ambiguous/Mixed,ambiguous,0.8604289408814503,36,25,0.9006733795091095,0.899784281210698,0.029310319391865933,10.0,-1.342712776448605,False
GSM4138135,13,8,Macrophage_family,family,0.8644888428593983,36,25,0.9262103971686568,0.9299491761958603,0.027728452087857892,10.0,-2.360764067501864,False
GSM4138141,13,5,Ambiguous/Mixed,ambiguous,0.8293813586329108,36,25,0.9592369758991124,0.9592641270747289,0.029027749588371645,10.0,-4.474434645593344,False
GSM4138139,13,5,Ambiguous/Mixed,ambiguous,0.834794323723439,35,25,0.9357290956556907,0.9337225384790877,0.0319793612246252,10.0,-3.0935019014535734,False
GSM4138129,13,4,Macrophage_family,family,0.9046820636611801,35,25,0.931076450825193,0.9183711485744729,0.032131232378038686,10.0,-0.42603672191076986,False
GSM4138125,13,4,Macrophage_family,family,0.9100997990594014,35,25,0.9164930338071231,0.9188388274053472,0.026717684424713443,10.0,-0.3270877897585424,False
GSM4138157,13,1,Monocyte_family,family,0.9450667062653103,33,25,0.968189445659703,0.967113018075611,0.0247939680093005,10.0,-0.8891804571995445,False
GSM4138113,13,6,DC_pDC,specific,0.9360748270364975,33,25,0.9240671724385692,0.9177122554283212,0.040209782289650685,10.0,0.45666926211889586,True
GSM4138139,13,2,Mono_CD16,specific,0.9731249033245186,32,25,0.9357290956556907,0.9337225384790877,0.0319793612246252,10.0,1.232118570745239,True
GSM4138123,13,7,Ambiguous/Mixed,ambiguous,0.8809552510529364,32,25,0.8699213661280445,0.8801549342541974,0.026021253875910234,10.0,0.030756273412321723,True
GSM4138143,13,11,Mast,specific,0.9748135904112316,31,25,0.9450580936944553,0.9491119471886973,0.0170366173356051,10.0,1.5086118750123032,True
GSM4138135,13,5,Ambiguous/Mixed,ambiguous,0.8938524224223909,31,25,0.9262103971686568,0.9299491761958603,0.027728452087857892,10.0,-1.3017947651421862,False
GSM4138133,13,1,Monocyte_family,family,0.959901103502346,31,25,0.9093942843333844,0.9134138789599708,0.020292895865104355,10.0,2.290812748037336,True
GSM4138147,13,6,DC_pDC,specific,0.935324749011505,31,25,0.9260874884786799,0.91700049001221,0.03480209657643462,10.0,0.5265274452373895,True
GSM4138119,13,3,DC_family,family,0.7801946555881141,31,25,0.9211915973052534,0.9177772997659964,0.023356474458712168,10.0,-5.890557002560069,False
GSM4138135,13,10,DC_family,family,0.9258735720252302,30,25,0.9262103971686568,0.9299491761958603,0.027728452087857892,10.0,-0.14698275106437336,False
GSM4138127,13,6,DC_pDC,specific,0.9419975452784044,29,25,0.9607701486208685,0.958907948415632,0.02307048316562853,10.0,-0.7329886858382524,False
GSM4138113,13,3,DC_family,family,0.8761140116452608,28,25,0.9240671724385692,0.9177122554283212,0.040209782289650685,10.0,-1.0345304404636657,False
GSM4138141,13,9,Ambiguous/Mixed,ambiguous,0.9646053659496772,28,25,0.9592369758991124,0.9592641270747289,0.029027749588371645,10.0,0.18400458012384044,True
GSM4138111,13,11,Mast,specific,0.9050661191766445,28,25,0.9111547497859049,0.9174711520389224,0.03172688570524009,10.0,-0.39099434396200605,False
GSM4138155,13,4,Macrophage_family,family,0.9121517566245125,28,25,0.9125995833019843,0.9086011184524632,0.0205912592617861,10.0,0.1724342414860831,False
GSM4138125,13,3,DC_family,family,0.9112837803921331,27,25,0.9164930338071231,0.9188388274053472,0.026717684424713443,10.0,-0.28277327080881964,False
GSM4138129,13,7,Ambiguous/Mixed,ambiguous,0.8849058089575765,27,25,0.931076450825193,0.9183711485744729,0.032131232378038686,10.0,-1.0415205748463452,False
GSM4138129,13,3,DC_family,family,0.9137371452011515,27,25,0.931076450825193,0.9183711485744729,0.032131232378038686,10.0,-0.14422115276501854,False
GSM4138117,13,3,DC_family,family,0.9267430252279545,27,25,0.9147496893500744,0.9146754506733146,0.020995821291890267,10.0,0.5747607767694742,True
GSM4138127,13,8,Macrophage_family,family,0.9559325492496658,26,25,0.9607701486208685,0.958907948415632,0.02307048316562853,10.0,-0.12896995457811292,False
GSM4138145,13,7,Ambiguous/Mixed,ambiguous,0.9168951668569012,26,25,0.9581722339130803,0.9672380217135125,0.025825993587039915,10.0,-1.9493095081489717,False
GSM4138123,13,1,Monocyte_family,family,0.9686837321028409,25,25,0.8699213661280445,0.8801549342541974,0.026021253875910234,10.0,3.40217263437105,True
GSM4138144,13,3,DC_family,family,0.9686409766635881,25,25,0.9619331439188813,0.9601463057710922,0.010574803418738227,10.0,0.803293504013852,True
GSM4138129,13,6,DC_pDC,specific,0.9868286715955322,25,25,0.931076450825193,0.9183711485744729,0.032131232378038686,10.0,2.130560142095553,True
GSM4138135,13,2,Mono_CD16,specific,0.9833249787811448,25,25,0.9262103971686568,0.9299491761958603,0.027728452087857892,10.0,1.9249470693914945,True
GSM4138112,13,6,DC_pDC,specific,0.9670409840078681,25,25,0.9627064512758634,0.9599645605323005,0.013878950244238929,10.0,0.5098673423449274,True
GSM4138137,13,2,Mono_CD16,specific,0.9803397500347825,24,25,0.926176546037629,0.9188558130939726,0.02524688033865908,10.0,2.4353082882348485,True
GSM4138119,13,8,Macrophage_family,family,0.8753207951473829,24,25,0.9211915973052534,0.9177772997659964,0.023356474458712168,10.0,-1.8177616957415785,False
GSM4138153,13,3,DC_family,family,0.922645268527941,23,25,0.9019739133206406,0.9067701798014556,0.032993349520122034,10.0,0.48116026282216484,True
GSM4138113,13,2,Mono_CD16,specific,0.9417161774850462,23,25,0.9240671724385692,0.9177122554283212,0.040209782289650685,10.0,0.5969672226477877,True
GSM4138155,13,10,DC_family,family,0.9283079458378963,23,25,0.9125995833019843,0.9086011184524632,0.0205912592617861,10.0,0.9570481889859797,True
GSM4138160,13,6,DC_pDC,specific,0.980833886723325,23,25,0.9807110966306685,0.9779941749898674,0.016262702143506322,10.0,0.17461499991817436,True
GSM4138162,13,3,DC_family,family,0.9884703085427223,22,25,0.9600140953042835,0.9563751722194592,0.016814135194355585,10.0,1.9088187380601813,True
GSM4138139,13,6,DC_pDC,specific,0.9506174967437965,22,25,0.9357290956556907,0.9337225384790877,0.0319793612246252,10.0,0.528308184332934,True
GSM4138139,13,10,DC_family,family,0.9422756010989471,22,25,0.9357290956556907,0.9337225384790877,0.0319793612246252,10.0,0.267455705565291,True
GSM4138133,13,6,DC_pDC,specific,0.9780104357713506,21,25,0.9093942843333844,0.9134138789599708,0.020292895865104355,10.0,3.1832103826275455,True
GSM4138120,13,3,DC_family,family,0.9675202675594767,21,25,0.9269817708599346,0.9265773629703217,0.029997327016448413,10.0,1.3648850968189554,True
GSM4138116,13,2,Mono_CD16,specific,0.9842694746206083,21,25,0.9788246647115975,0.9644729305795968,0.03412886316677367,10.0,0.5800528410300091,True
GSM4138121,13,3,DC_family,family,0.9265345689753285,21,25,0.8588424057810767,0.8648333879843543,0.02589934807083429,10.0,2.382344946375581,True
GSM4138123,13,10,DC_family,family,0.9565098966662946,21,25,0.8699213661280445,0.8801549342541974,0.026021253875910234,10.0,2.9343306351114964,True
GSM4138135,13,11,Mast,specific,1.0,21,25,0.9262103971686568,0.9299491761958603,0.027728452087857892,10.0,2.5263156984812194,True
GSM4138128,13,6,DC_pDC,specific,0.9782659584116306,20,25,0.9844528974607618,0.9831021452587395,0.010708099409941723,10.0,-0.4516382097292538,False
GSM4138115,13,10,DC_family,family,0.9593305446031526,20,25,0.9613827702706941,0.9602304947917325,0.021745965538883007,10.0,-0.041384696714006595,False
GSM4138110,13,6,DC_pDC,specific,0.9697106021963595,20,25,0.9868341180732119,0.9867664570718897,0.011731289324245612,10.0,-1.4538772682283132,False
GSM4138122,13,6,DC_pDC,specific,0.9782659584116306,20,25,0.9792524358015444,0.9750685359411753,0.0122815856284961,10.0,0.2603428064725239,False
GSM4138152,13,3,DC_family,family,0.9745412407235607,20,25,0.9641180515152854,0.957583050979306,0.02067585370218309,10.0,0.8201929646302453,True
GSM4138168,13,6,DC_pDC,specific,0.9457890908623999,20,25,0.9541628191306922,0.9543500656433102,0.015998487667747092,10.0,-0.5351115029559405,False
GSM4138135,13,6,DC_pDC,specific,0.9592348250153161,19,25,0.9262103971686568,0.9299491761958603,0.027728452087857892,10.0,1.056158804922249,True
GSM4138133,13,10,DC_family,family,0.880236894807487,19,25,0.9093942843333844,0.9134138789599708,0.020292895865104355,10.0,-1.6349063422502914,False
GSM4138118,13,2,Mono_CD16,specific,0.989744282581234,19,25,0.9770147518871952,0.9633846604074188,0.030081236099759746,10.0,0.8762812168488581,True
GSM4138155,13,5,Ambiguous/Mixed,ambiguous,0.9624772457469352,19,25,0.9125995833019843,0.9086011184524632,0.0205912592617861,10.0,2.6164561676155955,True
GSM4138115,13,6,DC_pDC,specific,0.9816087420119992,19,25,0.9613827702706941,0.9602304947917325,0.021745965538883007,10.0,0.9830902740115727,True
GSM4138155,13,11,Mast,specific,0.9381206978557273,19,25,0.9125995833019843,0.9086011184524632,0.0205912592617861,10.0,1.4335975778833236,True
GSM4138127,13,3,DC_family,family,0.9725300008517392,18,25,0.9607701486208685,0.958907948415632,0.02307048316562853,10.0,0.5904537125777244,True
GSM4138131,13,11,Mast,specific,0.9764376533440459,18,25,0.923417081484569,0.9232553144549218,0.039261461223893256,10.0,1.354568506399833,True
GSM4138145,13,10,DC_family,family,0.9782002683833607,18,25,0.9581722339130803,0.9672380217135125,0.025825993587039915,10.0,0.42446563122161357,True
GSM4138171,13,3,DC_family,family,1.0,18,25,0.9759808467049595,0.9775981664159804,0.00698398359901874,10.0,3.2076011156680098,True
GSM4138172,13,3,DC_family,family,0.9756177055008699,18,25,0.9425151302916579,0.940877955876207,0.01005325236184313,10.0,3.4555732189233326,True
GSM4138137,13,10,DC_family,family,0.9504246980059807,17,25,0.926176546037629,0.9188558130939726,0.02524688033865908,10.0,1.2504073568118654,True
GSM4138143,13,5,Ambiguous/Mixed,ambiguous,0.9332355890764402,17,25,0.9450580936944553,0.9491119471886973,0.0170366173356051,10.0,-0.9318961504803431,False
GSM4138162,13,6,DC_pDC,specific,0.9897606953288196,17,25,0.9600140953042835,0.9563751722194592,0.016814135194355585,10.0,1.9855629042740017,True
GSM4138113,13,5,Ambiguous/Mixed,ambiguous,0.7622986286417504,17,25,0.9240671724385692,0.9177122554283212,0.040209782289650685,10.0,-3.8650700883444404,False
GSM4138139,13,9,Ambiguous/Mixed,ambiguous,0.9636708712400875,17,25,0.9357290956556907,0.9337225384790877,0.0319793612246252,10.0,0.9364893986043287,True
GSM4138154,13,3,DC_family,family,0.9579609715788284,17,25,0.9144385102824806,0.9152592386537124,0.04449839282543271,10.0,0.9596241619924346,True
GSM4138130,13,6,DC_pDC,specific,0.9928521640048311,17,25,0.9804453099621897,0.9776933830033974,0.009270985594780661,10.0,1.6350776135352616,True
GSM4138121,13,6,DC_pDC,specific,0.975345479450801,16,25,0.8588424057810767,0.8648333879843543,0.02589934807083429,10.0,4.26698352268165,True
GSM4138157,13,6,DC_pDC,specific,0.978093154163344,16,25,0.968189445659703,0.967113018075611,0.0247939680093005,10.0,0.4428551365241008,True
GSM4138163,13,6,DC_pDC,specific,0.9941087355013785,16,25,0.9585446561255815,0.9609096758297184,0.017601132002729513,10.0,1.8861888920844216,True
GSM4138133,13,2,Mono_CD16,specific,1.0,15,25,0.9093942843333844,0.9134138789599708,0.020292895865104355,10.0,4.26681936455026,True
GSM4138159,13,4,Macrophage_family,family,0.9724161174370887,15,25,0.9168929989490284,0.9184785998316982,0.02684712170909718,10.0,2.0090614625222063,True
GSM4138129,13,2,Mono_CD16,specific,0.9857831999683292,15,25,0.931076450825193,0.9183711485744729,0.032131232378038686,10.0,2.0980225906284145,True
GSM4138147,13,3,DC_family,family,0.9840307386621786,15,25,0.9260874884786799,0.91700049001221,0.03480209657643462,10.0,1.9260405332981154,True
GSM4138155,13,2,Mono_CD16,specific,1.0,15,25,0.9125995833019843,0.9086011184524632,0.0205912592617861,10.0,4.438722294034621,True
GSM4138161,13,2,Mono_CD16,specific,0.9778744371708029,15,25,0.9006733795091095,0.899784281210698,0.029310319391865933,10.0,2.6642546918740218,True
GSM4138148,13,3,DC_family,family,0.9935131467076675,15,25,0.9714882602784638,0.9685815328679765,0.015544512938823786,10.0,1.6038851740038833,True
GSM4138117,13,11,Mast,specific,0.9848958966969695,15,25,0.9147496893500744,0.9146754506733146,0.020995821291890267,10.0,3.3444962713022295,True
GSM4138117,13,2,Mono_CD16,specific,0.9877302514675109,15,25,0.9147496893500744,0.9146754506733146,0.020995821291890267,10.0,3.4794924084448224,True
GSM4138151,13,6,DC_pDC,specific,0.9806392337550041,15,25,0.9827178817478986,0.9846374919959022,0.012571234817351205,10.0,-0.31804817100223504,False
GSM4138134,14,1,Monocyte_family,family,0.9816698710916228,807,800,0.9503095963778567,0.9492678911083205,0.004309980141585272,10.0,7.51789542384861,True
GSM4138116,14,1,Monocyte_family,family,0.9471869857456008,679,675,0.9215677914460505,0.9228814356832707,0.0036746728798352233,10.0,6.614343876894949,True
GSM4138126,14,1,Monocyte_family,family,0.9717670567844249,664,675,0.9532556156725593,0.9535126440353062,0.0010935501361661762,10.0,16.692799118580794,True
GSM4138156,14,1,Monocyte_family,family,0.9534152590747456,654,650,0.8904264686639494,0.8892175110282035,0.005198510263942226,10.0,12.349258688941886,True
GSM4138120,14,1,Monocyte_family,family,0.898753974517315,511,500,0.84842531828048,0.8481759081382345,0.0058990576250457895,10.0,8.573923089738908,True
GSM4138142,14,1,Monocyte_family,family,0.9540561807656042,479,475,0.9114662729982326,0.9125007472398992,0.003942517504242036,10.0,10.540329492765107,True
GSM4138110,14,1,Monocyte_family,family,0.9638236131614044,460,450,0.904079023297962,0.9044612727468826,0.006378268440608529,10.0,9.306968022320845,True
GSM4138140,14,1,Monocyte_family,family,0.9653630651693114,453,450,0.908564348378622,0.9088507819333508,0.007572220193642767,10.0,7.46310616843991,True
GSM4138132,14,1,Monocyte_family,family,0.9730765167698968,417,425,0.9362037907702028,0.93621993660959,0.002834223856429562,10.0,13.004117538809087,True
GSM4138160,14,1,Monocyte_family,family,0.9392416750870133,412,400,0.8642477621537183,0.8641146739805091,0.008090397704291583,10.0,9.285946606389048,True
GSM4138134,14,2,Mono_CD16,specific,0.9556938005372968,404,400,0.9487900434239251,0.9497254042002619,0.005979101555016941,10.0,0.9982095607703776,True
GSM4138123,14,4,Macrophage_family,family,0.7477604622447382,398,400,0.6841643909095233,0.6847585428674706,0.008566764169818837,10.0,7.354225951407267,True
GSM4138136,14,1,Monocyte_family,family,0.9600140520647057,384,375,0.9027008455410762,0.903748762421864,0.00949168911224052,10.0,5.927847928592792,True
GSM4138138,14,1,Monocyte_family,family,0.9745039307016317,371,375,0.8889362198117894,0.8888051984514191,0.006111965666973916,10.0,14.021468201839992,True
GSM4138125,14,8,Macrophage_family,family,0.758037993846357,338,350,0.7078718773381234,0.7090083985538308,0.005964149953419048,10.0,8.220718069709015,True
GSM4138163,14,1,Monocyte_family,family,0.9571660852429915,337,325,0.8976199298692972,0.9004055861659465,0.007523427128542116,10.0,7.544500412811742,True
GSM4138128,14,2,Mono_CD16,specific,0.910869626641033,326,325,0.8839017466257113,0.8843795674015344,0.002898526898044347,10.0,9.139145563000136,True
GSM4138122,14,2,Mono_CD16,specific,0.910869626641033,326,325,0.8869370079606307,0.887278574870396,0.004879846225042593,10.0,4.834384257760318,True
GSM4138135,14,4,Macrophage_family,family,0.7701670404649485,307,300,0.6955585179714925,0.7008954754905794,0.016003003614458996,10.0,4.328660209248536,True
GSM4138162,14,1,Monocyte_family,family,0.9788356794841855,303,300,0.8912274269915273,0.8915501991478341,0.008052600919322,10.0,10.839414645138099,True
GSM4138130,14,1,Monocyte_family,family,0.9556193347590658,297,300,0.9085550340473691,0.9098388971354028,0.007340291854491658,10.0,6.2368688508821535,True
GSM4138152,14,1,Monocyte_family,family,0.9419831871496142,294,300,0.856895210585955,0.8577239122185769,0.005830856940705392,10.0,14.450581756314522,True
GSM4138146,14,2,Mono_CD16,specific,0.9291080026310379,290,300,0.8856363653902639,0.8873004982652393,0.007143357398662486,10.0,5.852640716762484,True
GSM4138154,14,1,Monocyte_family,family,0.9049546515737832,289,300,0.8289345094828077,0.828511942014128,0.00849208579231597,10.0,9.001641225624926,True
GSM4138130,14,2,Mono_CD16,specific,0.9376730035588059,283,275,0.9167164154842669,0.9159092604799224,0.008106025853353318,10.0,2.6848844887264014,True
GSM4138165,14,1,Monocyte_family,family,0.9504422910963601,268,275,0.9014755430472252,0.9030645524088315,0.006672652548398205,10.0,7.100285582665592,True
GSM4138118,14,1,Monocyte_family,family,0.9234079626022533,259,250,0.8725031831551842,0.8753426081428269,0.008827055155750942,10.0,5.4452310098131855,True
GSM4138156,14,2,Mono_CD16,specific,0.9312956430860473,250,250,0.8983801416577686,0.8966498051314972,0.008771821479942146,10.0,3.949674310378079,True
GSM4138166,14,1,Monocyte_family,family,0.9612724454077195,247,250,0.8923754909659161,0.8947298110267695,0.007907839337729757,10.0,8.414768123002048,True
GSM4138136,14,2,Mono_CD16,specific,0.9248283996185833,245,250,0.9011366799846745,0.9010271127815412,0.005748198676211005,10.0,4.140651389720403,True
GSM4138140,14,2,Mono_CD16,specific,0.9402902213470635,235,225,0.9277717528992286,0.9245175021842911,0.008850422002581435,10.0,1.7821431744352942,True
GSM4138114,14,1,Monocyte_family,family,0.9497760389103287,232,225,0.8743359701575643,0.8769193507816432,0.007499143282380788,10.0,9.715334856964535,True
GSM4138124,14,1,Monocyte_family,family,0.981814078347176,230,225,0.9213970601133138,0.9200804485091794,0.004886146209432712,10.0,12.634421319366135,True
GSM4138137,14,4,Macrophage_family,family,0.8253570409872053,224,225,0.769996132676889,0.7685765243557433,0.011189381830873608,10.0,5.074499868687462,True
GSM4138158,14,1,Monocyte_family,family,0.9634719548477954,218,225,0.9027550335924034,0.9016004003465478,0.005204879309503204,10.0,11.887221743697475,True
GSM4138132,14,2,Mono_CD16,specific,0.9495921024757323,217,225,0.941210129176567,0.9403601334738674,0.006637123758333749,10.0,1.3909592977339098,True
GSM4138167,14,1,Monocyte_family,family,0.9708891768906727,210,200,0.8924069617712289,0.8932674989137495,0.005711730222881376,10.0,13.589871185786798,True
GSM4138166,14,2,Mono_CD16,specific,0.9189527776117754,206,200,0.8891104597699997,0.8921813048911243,0.011179789925294375,10.0,2.394631106625748,True
GSM4138128,14,1,Monocyte_family,family,0.9750620289840459,205,200,0.8923862044622478,0.8969703944276523,0.014131543797635532,10.0,5.526051199689863,True
GSM4138122,14,1,Monocyte_family,family,0.9750620289840459,205,200,0.8974688423498045,0.898797790628006,0.008042516420904018,10.0,9.482633838062767,True
GSM4138142,14,2,Mono_CD16,specific,0.9389222093654435,204,200,0.9136081548560113,0.9141643541833165,0.010953332907377463,10.0,2.260303360765344,True
GSM4138141,14,1,Monocyte_family,family,0.9227590590572979,203,200,0.7283639290332442,0.7325653923855071,0.012845000054541714,10.0,14.806824901845172,True
GSM4138138,14,2,Mono_CD16,specific,0.9512848380796197,200,200,0.9015500332051807,0.899550836469991,0.013511408561816426,10.0,3.8289125351319977,True
GSM4138135,14,9,Ambiguous/Mixed,ambiguous,0.7630136996051197,193,200,0.7143764789432155,0.715026157238883,0.013505865552847036,10.0,3.5530890025868005,True
GSM4138112,14,1,Monocyte_family,family,0.9560656042919441,185,175,0.8813310231371112,0.8832471784791048,0.01121516441649675,10.0,6.4928540597878595,True
GSM4138145,14,1,Monocyte_family,family,0.8524061454351264,181,175,0.7281953837093378,0.7251175554251411,0.012244741588320956,10.0,10.395367602644487,True
GSM4138145,14,3,DC_family,family,0.7635287790397172,167,175,0.7281953837093378,0.7251175554251411,0.012244741588320956,10.0,3.1369566550275514,True
GSM4138112,14,2,Mono_CD16,specific,0.9199645630310206,163,175,0.8813310231371112,0.8832471784791048,0.01121516441649675,10.0,3.2739051509496337,True
GSM4138155,14,3,DC_family,family,0.7209680474448036,162,150,0.6397631182352425,0.6457963591794125,0.02037806436820356,10.0,3.688853215258438,True
GSM4138110,14,2,Mono_CD16,specific,0.9222028464616959,161,150,0.9183972551733428,0.9212664283062482,0.016069904679603904,10.0,0.058271543865239736,True
GSM4138162,14,2,Mono_CD16,specific,0.9080476821919715,161,150,0.9030608504148141,0.9048040188110249,0.008866417934954336,10.0,0.36583695972180913,True
GSM4138165,14,2,Mono_CD16,specific,0.929626038168877,160,150,0.9083507929105827,0.906864500822356,0.012279271354820192,10.0,1.8536553748839504,True
GSM4138144,14,1,Monocyte_family,family,0.9428714601487435,160,150,0.8602528535391646,0.8599396014414591,0.011213089716939429,10.0,7.395986369573105,True
GSM4138146,14,1,Monocyte_family,family,0.9472615859273164,160,150,0.8956437685145003,0.8975869016366355,0.015234089378603669,10.0,3.260758359501892,True
GSM4138155,14,1,Monocyte_family,family,0.8385972494118595,159,150,0.6397631182352425,0.6457963591794125,0.02037806436820356,10.0,9.461197430177887,True
GSM4138131,14,10,Ambiguous/Mixed,ambiguous,0.7958957878573076,156,150,0.7485221675906779,0.7475879729821285,0.009645914678492058,10.0,5.008111359609397,True
GSM4138152,14,2,Mono_CD16,specific,0.900026171867411,152,150,0.8808661898346524,0.882841664474616,0.017260730748689744,10.0,0.9955840018012823,True
GSM4138150,14,1,Monocyte_family,family,0.9475348639877884,122,125,0.9157436740234969,0.9138528606586764,0.013433991332580173,10.0,2.507222350771229,True
GSM4138127,14,1,Monocyte_family,family,0.9159726892982546,121,125,0.7806500689325178,0.7862384270027125,0.020488034378589554,10.0,6.332196632348354,True
GSM4138117,14,1,Monocyte_family,family,0.8507830429510881,121,125,0.731120487982829,0.7324530051515378,0.014028665390184417,10.0,8.434874915638343,True
GSM4138167,14,2,Mono_CD16,specific,0.8952626691010649,117,125,0.8905040643423519,0.8952033265257752,0.01525359658920758,10.0,0.0038903988933147314,True
GSM4138127,14,6,Ambiguous/Mixed,ambiguous,0.7661641984899209,116,125,0.7806500689325178,0.7862384270027125,0.020488034378589554,10.0,-0.9798025589887541,False
GSM4138155,14,9,Ambiguous/Mixed,ambiguous,0.7708925363303871,114,125,0.6703323608734009,0.6706060472674455,0.01467493260540225,10.0,6.83386368847945,True
GSM4138139,14,1,Monocyte_family,family,0.8981819896725256,114,125,0.7229519069900383,0.722617484912415,0.030035127472733455,10.0,5.84530579800242,True
GSM4138144,14,2,Mono_CD16,specific,0.9271743188607213,113,125,0.8574903855486059,0.858966740021115,0.014585333693918436,10.0,4.6764496631329395,True
GSM4138131,14,7,DC_pDC,specific,0.9051170331450963,111,100,0.7557043535409838,0.7611333360605689,0.015599965739677184,10.0,9.22974444221484,True
GSM4138139,14,9,Ambiguous/Mixed,ambiguous,0.8548829289781853,111,100,0.7661395734840504,0.7646397932166333,0.02201728160275333,10.0,4.098741043048056,True
GSM4138161,14,7,DC_pDC,specific,0.8612630074632638,109,100,0.7556751157728048,0.756615966500042,0.016341279346029823,10.0,6.403846280777652,True
GSM4138148,14,1,Monocyte_family,family,0.9539217854207942,106,100,0.8513317912868819,0.8550302005551028,0.009728374308125239,10.0,10.165273429404964,True
GSM4138124,14,2,Mono_CD16,specific,0.9216741215331427,105,100,0.9221203523271243,0.9276155795157497,0.014902749723516195,10.0,-0.3986819944531143,False
GSM4138114,14,2,Mono_CD16,specific,0.9027054335056078,104,100,0.8978579837831457,0.8968159399129124,0.01107520854380798,10.0,0.5317727038185808,True
GSM4138131,14,4,Macrophage_family,family,0.813138720041254,104,100,0.7557043535409838,0.7611333360605689,0.015599965739677184,10.0,3.3336857816561634,True
GSM4138135,14,1,Monocyte_family,family,0.9298112714421184,100,100,0.764807601281803,0.7604989437454011,0.02406086441661241,10.0,7.036834785529091,True
GSM4138137,14,1,Monocyte_family,family,0.9196742383499855,99,100,0.8007390293415151,0.7983235842994478,0.01592226878485333,10.0,7.621442376728193,True
GSM4138161,14,1,Monocyte_family,family,0.8921396298939573,97,100,0.7556751157728048,0.756615966500042,0.016341279346029823,10.0,8.29333251847514,True
GSM4138137,14,5,Ambiguous/Mixed,ambiguous,0.8838965028324337,95,100,0.8007390293415151,0.7983235842994478,0.01592226878485333,10.0,5.374417408051194,True
GSM4138126,14,2,Mono_CD16,specific,0.9570132107852802,93,100,0.9618318175583207,0.961357561277115,0.009279435185305633,10.0,-0.4681697113111205,False
GSM4138164,14,1,Monocyte_family,family,0.9723886827775335,90,100,0.8484807087548788,0.8496648785588043,0.011476171500266657,10.0,10.693793153568473,True
GSM4138139,14,8,Macrophage_family,family,0.7787151609609306,88,100,0.7661395734840504,0.7646397932166333,0.02201728160275333,10.0,0.6392872652606273,True
GSM4138143,14,3,DC_family,family,0.8056811000887172,88,100,0.7796478385240256,0.7774827916439634,0.03102493601364835,10.0,0.9088917518588571,True
GSM4138139,14,4,Macrophage_family,family,0.8297581952519237,88,100,0.7661395734840504,0.7646397932166333,0.02201728160275333,10.0,2.957604086198686,True
GSM4138161,14,3,DC_family,family,0.7913312655994775,86,75,0.7934800082794461,0.7900880609988918,0.019093576417786837,10.0,0.06511114384142139,False
GSM4138137,14,9,Ambiguous/Mixed,ambiguous,0.8382558116916531,85,75,0.8112279979170152,0.8159020816159839,0.015441428125629543,10.0,1.4476465449828886,True
GSM4138111,14,6,Ambiguous/Mixed,ambiguous,0.7224753197870872,85,75,0.7806089576382846,0.789021593047926,0.0342033162138128,10.0,-1.9456088071940938,False
GSM4138123,14,6,Ambiguous/Mixed,ambiguous,0.6937423267115566,84,75,0.7478910756966862,0.7459487390399755,0.010202811462813162,10.0,-5.116865338411769,False
GSM4138125,14,1,Monocyte_family,family,0.9389853734104961,84,75,0.7887823455344318,0.7947132085637797,0.020550408234818324,10.0,7.020403838123165,True
GSM4138155,14,8,Macrophage_family,family,0.7521556817144357,79,75,0.7331742729286999,0.7454933937386825,0.03308900406020785,10.0,0.20134446971056222,True
GSM4138121,14,9,Ambiguous/Mixed,ambiguous,0.764872091943517,77,75,0.7145737002026338,0.7116382866137885,0.02458865090515683,10.0,2.1649746273214254,True
GSM4138137,14,8,Macrophage_family,family,0.823589415458139,77,75,0.8112279979170152,0.8159020816159839,0.015441428125629543,10.0,0.49783826855987334,True
GSM4138120,14,2,Mono_CD16,specific,0.9133193309747935,77,75,0.8881480968044911,0.8876591209898365,0.013990501994875063,10.0,1.8341164594634793,True
GSM4138141,14,3,DC_family,family,0.8673360344875756,77,75,0.831470497790985,0.8278099593248556,0.0276992532023982,10.0,1.4269725928675159,True
GSM4138131,14,6,Ambiguous/Mixed,ambiguous,0.7071170414051602,76,75,0.7984795748200924,0.7969442700850593,0.02169983692865555,10.0,-4.139534733612606,False
GSM4138143,14,1,Monocyte_family,family,0.8701859384621052,76,75,0.8272149831448337,0.8192228286902077,0.041641998942416894,10.0,1.223839178382623,True
GSM4138163,14,2,Mono_CD16,specific,0.936383200385349,74,75,0.9395377867937518,0.939020402640087,0.012021574056104633,10.0,-0.2193724584176962,False
GSM4138133,14,4,Macrophage_family,family,0.8157382545436402,74,75,0.8369736441972822,0.8420096141731772,0.012780163044304542,10.0,-2.0556357175149467,False
GSM4138141,14,7,DC_pDC,specific,0.9202560349379756,72,75,0.831470497790985,0.8278099593248556,0.0276992532023982,10.0,3.3374934312350355,True
GSM4138129,14,1,Monocyte_family,family,0.9348334789650168,71,75,0.8091636831736955,0.8078265285989547,0.02753753877055415,10.0,4.612138776246426,True
GSM4138115,14,3,DC_family,family,0.8492430013544527,70,75,0.8347182520165184,0.83431743248954,0.02639121797291258,10.0,0.5655505888448197,True
GSM4138141,14,2,Mono_CD16,specific,0.9454562480011155,69,75,0.831470497790985,0.8278099593248556,0.0276992532023982,10.0,4.247272943303544,True
GSM4138127,14,9,Ambiguous/Mixed,ambiguous,0.8632713043346905,66,75,0.8245307197885778,0.8331419999182161,0.03359698448937056,10.0,0.8967859727412933,True
GSM4138160,14,2,Mono_CD16,specific,0.9590178389818665,66,75,0.9308918732976366,0.9329891092833809,0.018940931763079736,10.0,1.3742053466039992,True
GSM4138133,14,3,DC_family,family,0.8657808830476652,66,75,0.8369736441972822,0.8420096141731772,0.012780163044304542,10.0,1.8600129585265048,True
GSM4138150,14,2,Mono_CD16,specific,0.9259902201515161,66,75,0.9392035133886594,0.9390931598272836,0.014994350954645077,10.0,-0.8738584094370779,False
GSM4138111,14,7,DC_pDC,specific,0.8960059329860938,65,75,0.7806089576382846,0.789021593047926,0.0342033162138128,10.0,3.127893777006419,True
GSM4138131,14,11,DC_family,family,0.8745625765318665,62,50,0.8415305947121112,0.8411825284014046,0.030352202367935933,10.0,1.0997570366005662,True
GSM4138117,14,6,Ambiguous/Mixed,ambiguous,0.7751922531358543,61,50,0.8358854099372073,0.8361613581247408,0.02091613010477299,10.0,-2.9149323839295485,False
GSM4138131,14,1,Monocyte_family,family,0.9445610815803952,60,50,0.8415305947121112,0.8411825284014046,0.030352202367935933,10.0,3.4059654691878203,True
GSM4138133,14,6,Ambiguous/Mixed,ambiguous,0.8005379554765718,60,50,0.8481763951444382,0.8457010820553125,0.040238050381549366,10.0,-1.1223984798092907,False
GSM4138139,14,12,Mast,specific,0.966827109414383,59,50,0.8497700424179017,0.8489892535757297,0.02583433449671354,10.0,4.561288615878367,True
GSM4138148,14,2,Mono_CD16,specific,0.9143177973338644,57,50,0.8803577223985555,0.8775392652755208,0.02073202321911549,10.0,1.7739962795542683,True
GSM4138164,14,2,Mono_CD16,specific,0.936552979153023,56,50,0.9009637997425629,0.9032067374587932,0.023511123900078923,10.0,1.418317637044901,True
GSM4138141,14,4,Macrophage_family,family,0.8910076218252874,55,50,0.8900435014268286,0.8901090886724006,0.029603528026603508,10.0,0.03035223207447834,True
GSM4138111,14,3,DC_family,family,0.833659577353786,54,50,0.8183961893699605,0.8271588557866159,0.033279857360471385,10.0,0.1953350189202286,True
GSM4138137,14,6,Ambiguous/Mixed,ambiguous,0.8268906711142119,54,50,0.8546409807078789,0.8599141946566412,0.021769077275210446,10.0,-1.516992343080838,False
GSM4138117,14,4,Macrophage_family,family,0.8436281837511679,54,50,0.8358854099372073,0.8361613581247408,0.02091613010477299,10.0,0.35698886883110287,True
GSM4138141,14,11,DC_family,family,0.872610460662363,52,50,0.8900435014268286,0.8901090886724006,0.029603528026603508,10.0,-0.5910994120130623,False
GSM4138154,14,2,Mono_CD16,specific,0.9473208759634055,52,50,0.8753637533148233,0.8822145575071557,0.024186917043441437,10.0,2.6917989729453407,True
GSM4138155,14,7,DC_pDC,specific,0.9001000132765705,52,50,0.8116719002969048,0.8001558755817797,0.0330336939627996,10.0,3.025521087872928,True
GSM4138111,14,1,Monocyte_family,family,0.8790383290658708,51,50,0.8183961893699605,0.8271588557866159,0.033279857360471385,10.0,1.558885085273096,True
GSM4138135,14,5,Ambiguous/Mixed,ambiguous,0.9579604625516274,51,50,0.8531425742537564,0.8504722957490571,0.01800954009829069,10.0,5.968401536959408,True
GSM4138139,14,3,DC_family,family,0.8938171074898207,50,50,0.8497700424179017,0.8489892535757297,0.02583433449671354,10.0,1.7352045170659853,True
GSM4138123,14,7,DC_pDC,specific,0.9416198516182993,49,50,0.7850821070212497,0.7888663908895278,0.026193388641296472,10.0,5.831756357325243,True
GSM4138157,14,3,DC_family,family,0.7936400908507981,49,50,0.8767823283670589,0.8837388104858525,0.019832699274607107,10.0,-4.542937821399464,False
GSM4138113,14,1,Monocyte_family,family,0.9345598312228698,48,50,0.8350619853836887,0.834037813788137,0.024529631773840915,10.0,4.0979831398012365,True
GSM4138111,14,2,Mono_CD16,specific,0.87507637671568,47,50,0.8183961893699605,0.8271588557866159,0.033279857360471385,10.0,1.4398355260374043,True
GSM4138145,14,2,Mono_CD16,specific,0.9806039766108234,47,50,0.8639541963394225,0.8551855138959764,0.03320226051125106,10.0,3.7774073446700167,True
GSM4138143,14,2,Mono_CD16,specific,0.9645239694188512,46,50,0.8716764985029095,0.8679807590756784,0.04169045767387151,10.0,2.3157148117296624,True
GSM4138143,14,7,DC_pDC,specific,0.9295762244202338,46,50,0.8716764985029095,0.8679807590756784,0.04169045767387151,10.0,1.4774475690910651,True
GSM4138158,14,2,Mono_CD16,specific,0.9733626153768707,46,50,0.9509965498643975,0.9521572316803834,0.016154902096490276,10.0,1.3126284250954607,True
GSM4138121,14,1,Monocyte_family,family,0.912769380604889,46,50,0.7614734388237507,0.7563677651983048,0.030301256083991836,10.0,5.161555513509263,True
GSM4138145,14,7,DC_pDC,specific,0.945258029964264,45,50,0.8639541963394225,0.8551855138959764,0.03320226051125106,10.0,2.7128428812178385,True
GSM4138159,14,3,DC_family,family,0.8265876274154917,44,50,0.8437099104233334,0.8452388199834336,0.025959377203851615,10.0,-0.7184761183397961,False
GSM4138129,14,8,Macrophage_family,family,0.8670031054204015,44,50,0.8524170384667056,0.8574794782243835,0.026621002191077093,10.0,0.3577486349935434,True
GSM4138131,14,3,DC_family,family,0.8717672535665236,44,50,0.8415305947121112,0.8411825284014046,0.030352202367935933,10.0,1.0076608212598344,True
GSM4138127,14,10,Ambiguous/Mixed,ambiguous,0.868163331472018,42,50,0.8870672744686936,0.8830671844295679,0.034225073500228534,10.0,-0.4354659152872354,False
GSM4138143,14,11,DC_family,family,0.8539487688654224,42,50,0.8716764985029095,0.8679807590756784,0.04169045767387151,10.0,-0.33657558571371216,False
GSM4138131,14,5,Ambiguous/Mixed,ambiguous,0.9721344284362766,41,50,0.8415305947121112,0.8411825284014046,0.030352202367935933,10.0,4.314411799428749,True
GSM4138119,14,5,Ambiguous/Mixed,ambiguous,0.8362384063562901,41,50,0.7932023400422761,0.7863755180014268,0.03733831019104338,10.0,1.3354350558377515,True
GSM4138161,14,6,Ambiguous/Mixed,ambiguous,0.780723563841082,40,50,0.8186150959142044,0.8202611816061893,0.023224484276183642,10.0,-1.7024110113675406,False
GSM4138131,14,2,Mono_CD16,specific,0.9360807495414614,40,50,0.8415305947121112,0.8411825284014046,0.030352202367935933,10.0,3.126567884256967,True
GSM4138135,14,8,Macrophage_family,family,0.8633195692055775,37,25,0.9262103971686568,0.9299491761958603,0.027728452087857892,10.0,-2.4029327991034677,False
GSM4138123,14,3,DC_family,family,0.8408268867179173,37,25,0.8699213661280445,0.8801549342541974,0.026021253875910234,10.0,-1.5113817237181255,False
GSM4138139,14,6,Ambiguous/Mixed,ambiguous,0.8444395000089366,36,25,0.9357290956556907,0.9337225384790877,0.0319793612246252,10.0,-2.791895618021291,False
GSM4138129,14,4,Macrophage_family,family,0.9054288174617068,36,25,0.931076450825193,0.9183711485744729,0.032131232378038686,10.0,-0.40279597621696056,False
GSM4138141,14,6,Ambiguous/Mixed,ambiguous,0.8283143524291859,35,25,0.9592369758991124,0.9592641270747289,0.029027749588371645,10.0,-4.511192789743531,False
GSM4138131,14,9,Ambiguous/Mixed,ambiguous,0.8841695812399868,35,25,0.923417081484569,0.9232553144549218,0.039261461223893256,10.0,-0.9955241602456892,False
GSM4138139,14,2,Mono_CD16,specific,0.9657911860919774,35,25,0.9357290956556907,0.9337225384790877,0.0319793612246252,10.0,1.002792000366655,True
GSM4138125,14,4,Macrophage_family,family,0.9056548237871547,34,25,0.9164930338071231,0.9188388274053472,0.026717684424713443,10.0,-0.49345607233827116,False
GSM4138159,14,1,Monocyte_family,family,0.9573735732866906,33,25,0.9168929989490284,0.9184785998316982,0.02684712170909718,10.0,1.448757668566488,True
GSM4138113,14,7,DC_pDC,specific,0.9360748270364975,33,25,0.9240671724385692,0.9177122554283212,0.040209782289650685,10.0,0.45666926211889586,True
GSM4138123,14,9,Ambiguous/Mixed,ambiguous,0.8740544706586364,32,25,0.8699213661280445,0.8801549342541974,0.026021253875910234,10.0,-0.23444156936682778,True
GSM4138135,14,2,Mono_CD16,specific,0.9733785119084669,31,25,0.9262103971686568,0.9299491761958603,0.027728452087857892,10.0,1.566237292114264,True
GSM4138135,14,6,Ambiguous/Mixed,ambiguous,0.8938524224223909,31,25,0.9262103971686568,0.9299491761958603,0.027728452087857892,10.0,-1.3017947651421862,False
GSM4138147,14,7,DC_pDC,specific,0.935324749011505,31,25,0.9260874884786799,0.91700049001221,0.03480209657643462,10.0,0.5265274452373895,True
GSM4138143,14,12,Mast,specific,0.9748135904112316,31,25,0.9450580936944553,0.9491119471886973,0.0170366173356051,10.0,1.5086118750123032,True
GSM4138133,14,1,Monocyte_family,family,0.9603264227274887,30,25,0.9093942843333844,0.9134138789599708,0.020292895865104355,10.0,2.3117717687690216,True
GSM4138135,14,11,DC_family,family,0.963303857441162,29,25,0.9262103971686568,0.9299491761958603,0.027728452087857892,10.0,1.2029045523210984,True
GSM4138111,14,12,Mast,specific,0.876493661763317,29,25,0.9111547497859049,0.9174711520389224,0.03172688570524009,10.0,-1.2915698898501542,False
GSM4138161,14,9,Ambiguous/Mixed,ambiguous,0.8932288307899074,29,25,0.9006733795091095,0.899784281210698,0.029310319391865933,10.0,-0.22365673785901394,False
GSM4138141,14,10,Ambiguous/Mixed,ambiguous,0.9719092617652704,28,25,0.9592369758991124,0.9592641270747289,0.029027749588371645,10.0,0.43562228797808994,True
GSM4138127,14,7,DC_pDC,specific,0.9560784239578238,28,25,0.9607701486208685,0.958907948415632,0.02307048316562853,10.0,-0.1226469527098465,False
GSM4138155,14,4,Macrophage_family,family,0.9134275492763823,28,25,0.9125995833019843,0.9086011184524632,0.0205912592617861,10.0,0.2343922128587897,True
GSM4138113,14,2,Mono_CD16,specific,0.9369498930845237,27,25,0.9240671724385692,0.9177122554283212,0.040209782289650685,10.0,0.4784317785563812,True
GSM4138127,14,8,Macrophage_family,family,0.9569119655891356,27,25,0.9607701486208685,0.958907948415632,0.02307048316562853,10.0,-0.08651673275183443,False
GSM4138129,14,9,Ambiguous/Mixed,ambiguous,0.8815037904737277,27,25,0.931076450825193,0.9183711485744729,0.032131232378038686,10.0,-1.147399441981676,False
GSM4138135,14,3,DC_family,family,0.8668342718766336,27,25,0.9262103971686568,0.9299491761958603,0.027728452087857892,10.0,-2.2761784220498993,False
GSM4138157,14,1,Monocyte_family,family,0.9754184021971838,26,25,0.968189445659703,0.967113018075611,0.0247939680093005,10.0,0.3349759957122367,True
GSM4138118,14,2,Mono_CD16,specific,0.9700303841000276,26,25,0.9770147518871952,0.9633846604074188,0.030081236099759746,10.0,0.22092588451383252,False
GSM4138113,14,3,DC_family,family,0.8869800552537673,25,25,0.9240671724385692,0.9177122554283212,0.040209782289650685,10.0,-0.7642966070588216,False
GSM4138155,14,11,DC_family,family,0.9292796927170469,25,25,0.9125995833019843,0.9086011184524632,0.0205912592617861,10.0,1.004240391599541,True
GSM4138129,14,7,DC_pDC,specific,0.9868286715955322,25,25,0.931076450825193,0.9183711485744729,0.032131232378038686,10.0,2.130560142095553,True
GSM4138112,14,7,DC_pDC,specific,0.9670409840078681,25,25,0.9627064512758634,0.9599645605323005,0.013878950244238929,10.0,0.5098673423449274,True
GSM4138137,14,3,DC_family,family,0.938744386136142,25,25,0.926176546037629,0.9188558130939726,0.02524688033865908,10.0,0.7877635880309214,True
GSM4138119,14,1,Monocyte_family,family,0.95955388038283,24,25,0.9211915973052534,0.9177772997659964,0.023356474458712168,10.0,1.788650966595282,True
GSM4138137,14,2,Mono_CD16,specific,0.9804397800897445,24,25,0.926176546037629,0.9188558130939726,0.02524688033865908,10.0,2.439270364088192,True
GSM4138144,14,3,DC_family,family,0.9774820464942098,24,25,0.9619331439188813,0.9601463057710922,0.010574803418738227,10.0,1.6393440177241696,True
GSM4138119,14,8,Macrophage_family,family,0.8884593019923989,24,25,0.9211915973052534,0.9177772997659964,0.023356474458712168,10.0,-1.2552407181753278,False
GSM4138145,14,9,Ambiguous/Mixed,ambiguous,0.9193074037825677,23,25,0.9581722339130803,0.9672380217135125,0.025825993587039915,10.0,-1.8559060571825385,False
GSM4138117,14,3,DC_family,family,0.9349126503210535,23,25,0.9147496893500744,0.9146754506733146,0.020995821291890267,10.0,0.9638679700305731,True
GSM4138123,14,1,Monocyte_family,family,0.9668302978472736,23,25,0.8699213661280445,0.8801549342541974,0.026021253875910234,10.0,3.3309449270358886,True
GSM4138160,14,7,DC_pDC,specific,0.980833886723325,23,25,0.9807110966306685,0.9779941749898674,0.016262702143506322,10.0,0.17461499991817436,True
GSM4138123,14,11,DC_family,family,0.9587945902226078,22,25,0.8699213661280445,0.8801549342541974,0.026021253875910234,10.0,3.022131690633587,True
GSM4138133,14,7,DC_pDC,specific,0.9840886463775538,22,25,0.9093942843333844,0.9134138789599708,0.020292895865104355,10.0,3.4827344449697395,True
GSM4138139,14,11,DC_family,family,0.9422756010989471,22,25,0.9357290956556907,0.9337225384790877,0.0319793612246252,10.0,0.267455705565291,True
GSM4138139,14,7,DC_pDC,specific,0.9506174967437965,22,25,0.9357290956556907,0.9337225384790877,0.0319793612246252,10.0,0.528308184332934,True
GSM4138116,14,2,Mono_CD16,specific,0.9773247650154988,22,25,0.9788246647115975,0.9644729305795968,0.03412886316677367,10.0,0.3765679030414924,False
GSM4138125,14,3,DC_family,family,0.9015747384651572,21,25,0.9164930338071231,0.9188388274053472,0.026717684424713443,10.0,-0.6461671103585954,False
GSM4138162,14,3,DC_family,family,0.9885592591984004,21,25,0.9600140953042835,0.9563751722194592,0.016814135194355585,10.0,1.9141089688481379,True
GSM4138135,14,12,Mast,specific,1.0,21,25,0.9262103971686568,0.9299491761958603,0.027728452087857892,10.0,2.5263156984812194,True
GSM4138168,14,7,DC_pDC,specific,0.9457890908623999,20,25,0.9541628191306922,0.9543500656433102,0.015998487667747092,10.0,-0.5351115029559405,False
GSM4138145,14,5,Ambiguous/Mixed,ambiguous,0.9699966410804103,20,25,0.9581722339130803,0.9672380217135125,0.025825993587039915,10.0,0.10681561418346154,True
GSM4138143,14,6,Ambiguous/Mixed,ambiguous,0.8780733536181439,20,25,0.9450580936944553,0.9491119471886973,0.0170366173356051,10.0,-4.1697592996990505,False
GSM4138161,14,5,Ambiguous/Mixed,ambiguous,0.9446548415515035,20,25,0.9006733795091095,0.899784281210698,0.029310319391865933,10.0,1.530879269546881,True
GSM4138122,14,7,DC_pDC,specific,0.9782659584116306,20,25,0.9792524358015444,0.9750685359411753,0.0122815856284961,10.0,0.2603428064725239,False
GSM4138115,14,11,DC_family,family,0.9593305446031526,20,25,0.9613827702706941,0.9602304947917325,0.021745965538883007,10.0,-0.041384696714006595,False
GSM4138120,14,3,DC_family,family,0.9610025843212462,20,25,0.9269817708599346,0.9265773629703217,0.029997327016448413,10.0,1.1476096297529497,True
GSM4138129,14,3,DC_family,family,0.9140524786524464,20,25,0.931076450825193,0.9183711485744729,0.032131232378038686,10.0,-0.13440722942759617,False
GSM4138128,14,7,DC_pDC,specific,0.9782659584116306,20,25,0.9844528974607618,0.9831021452587395,0.010708099409941723,10.0,-0.4516382097292538,False
GSM4138155,14,12,Mast,specific,0.9252378509283148,20,25,0.9125995833019843,0.9086011184524632,0.0205912592617861,10.0,0.8079511925104352,True
GSM4138110,14,7,DC_pDC,specific,0.9697106021963595,20,25,0.9868341180732119,0.9867664570718897,0.011731289324245612,10.0,-1.4538772682283132,False
GSM4138141,14,5,Ambiguous/Mixed,ambiguous,1.0,19,25,0.9592369758991124,0.9592641270747289,0.029027749588371645,10.0,1.4033424396629668,True
GSM4138135,14,7,DC_pDC,specific,0.9592348250153161,19,25,0.9262103971686568,0.9299491761958603,0.027728452087857892,10.0,1.056158804922249,True
GSM4138145,14,11,DC_family,family,0.9536282277938718,19,25,0.9581722339130803,0.9672380217135125,0.025825993587039915,10.0,-0.5269804576452148,False
GSM4138139,14,10,Ambiguous/Mixed,ambiguous,0.9478948384524988,19,25,0.9357290956556907,0.9337225384790877,0.0319793612246252,10.0,0.4431702019894606,True
GSM4138115,14,7,DC_pDC,specific,0.9816087420119992,19,25,0.9613827702706941,0.9602304947917325,0.021745965538883007,10.0,0.9830902740115727,True
GSM4138111,14,5,Ambiguous/Mixed,ambiguous,0.9715023217374775,19,25,0.9111547497859049,0.9174711520389224,0.03172688570524009,10.0,1.7030089306758283,True
GSM4138117,14,2,Mono_CD16,specific,0.9608984320562703,19,25,0.9147496893500744,0.9146754506733146,0.020995821291890267,10.0,2.2015324259218008,True
GSM4138133,14,11,DC_family,family,0.880236894807487,19,25,0.9093942843333844,0.9134138789599708,0.020292895865104355,10.0,-1.6349063422502914,False
GSM4138155,14,6,Ambiguous/Mixed,ambiguous,0.9624772457469352,19,25,0.9125995833019843,0.9086011184524632,0.0205912592617861,10.0,2.6164561676155955,True
GSM4138153,14,3,DC_family,family,0.9459674588534742,18,25,0.9019739133206406,0.9067701798014556,0.032993349520122034,10.0,1.1880357593918418,True
GSM4138127,14,5,Ambiguous/Mixed,ambiguous,1.0,18,25,0.9607701486208685,0.958907948415632,0.02307048316562853,10.0,1.7811526221344531,True
GSM4138131,14,12,Mast,specific,0.9764376533440459,18,25,0.923417081484569,0.9232553144549218,0.039261461223893256,10.0,1.354568506399833,True
GSM4138155,14,5,Ambiguous/Mixed,ambiguous,0.9632672001752302,18,25,0.9125995833019843,0.9086011184524632,0.0205912592617861,10.0,2.65481974792178,True
GSM4138133,14,2,Mono_CD16,specific,0.9821268843146931,18,25,0.9093942843333844,0.9134138789599708,0.020292895865104355,10.0,3.386062088500689,True
GSM4138129,14,2,Mono_CD16,specific,0.989372546058987,18,25,0.931076450825193,0.9183711485744729,0.032131232378038686,10.0,2.209731536255754,True
GSM4138154,14,3,DC_family,family,0.9579609715788284,17,25,0.9144385102824806,0.9152592386537124,0.04449839282543271,10.0,0.9596241619924346,True
GSM4138162,14,7,DC_pDC,specific,0.9897606953288196,17,25,0.9600140953042835,0.9563751722194592,0.016814135194355585,10.0,1.9855629042740017,True
GSM4138161,14,2,Mono_CD16,specific,1.0,17,25,0.9006733795091095,0.899784281210698,0.029310319391865933,10.0,3.4191274905422366,True
GSM4138130,14,7,DC_pDC,specific,0.9928521640048311,17,25,0.9804453099621897,0.9776933830033974,0.009270985594780661,10.0,1.6350776135352616,True
GSM4138113,14,6,Ambiguous/Mixed,ambiguous,0.7622986286417504,17,25,0.9240671724385692,0.9177122554283212,0.040209782289650685,10.0,-3.8650700883444404,False
GSM4138127,14,3,DC_family,family,1.0,16,25,0.9607701486208685,0.958907948415632,0.02307048316562853,10.0,1.7811526221344531,True
GSM4138171,14,3,DC_family,family,1.0,16,25,0.9759808467049595,0.9775981664159804,0.00698398359901874,10.0,3.2076011156680098,True
GSM4138155,14,2,Mono_CD16,specific,0.962374094291284,16,25,0.9125995833019843,0.9086011184524632,0.0205912592617861,10.0,2.611446689839623,True
GSM4138115,14,2,Mono_CD16,specific,0.9830586679183673,16,25,0.9613827702706941,0.9602304947917325,0.021745965538883007,10.0,1.0497659019010543,True
GSM4138161,14,10,Ambiguous/Mixed,ambiguous,1.0,16,25,0.9006733795091095,0.899784281210698,0.029310319391865933,10.0,3.4191274905422366,True
GSM4138143,14,4,Macrophage_family,family,0.965490188441538,16,25,0.9450580936944553,0.9491119471886973,0.0170366173356051,10.0,0.9613552344461925,True
GSM4138152,14,3,DC_family,family,0.9836064257281303,16,25,0.9641180515152854,0.957583050979306,0.02067585370218309,10.0,1.2586360458759005,True
GSM4138163,14,7,DC_pDC,specific,0.9941087355013785,16,25,0.9585446561255815,0.9609096758297184,0.017601132002729513,10.0,1.8861888920844216,True
GSM4138159,14,4,Macrophage_family,family,0.9830117533599081,16,25,0.9168929989490284,0.9184785998316982,0.02684712170909718,10.0,2.403727082085777,True
GSM4138137,14,11,DC_family,family,0.948549955779736,16,25,0.926176546037629,0.9188558130939726,0.02524688033865908,10.0,1.176150965483625,True
GSM4138157,14,7,DC_pDC,specific,0.978093154163344,16,25,0.968189445659703,0.967113018075611,0.0247939680093005,10.0,0.4428551365241008,True
GSM4138117,14,12,Mast,specific,0.9848958966969695,15,25,0.9147496893500744,0.9146754506733146,0.020995821291890267,10.0,3.3444962713022295,True
GSM4138172,14,3,DC_family,family,0.9858294555488663,15,25,0.9425151302916579,0.940877955876207,0.01005325236184313,10.0,4.47133903086642,True
GSM4138151,14,7,DC_pDC,specific,0.9806392337550041,15,25,0.9827178817478986,0.9846374919959022,0.012571234817351205,10.0,-0.31804817100223504,False
GSM4138157,14,2,Mono_CD16,specific,0.9757348775192252,15,25,0.968189445659703,0.967113018075611,0.0247939680093005,10.0,0.34774020198703154,True
GSM4138156,14,3,DC_family,family,0.9878728504470986,15,25,0.9698181957191854,0.9722365261537428,0.012198344324638207,10.0,1.2818398855796833,True
GSM4138145,14,4,Macrophage_family,family,0.9659682215407983,15,25,0.9581722339130803,0.9672380217135125,0.025825993587039915,10.0,-0.049167524511094865,True
GSM4138121,14,5,Ambiguous/Mixed,ambiguous,1.0,15,25,0.8588424057810767,0.8648333879843543,0.02589934807083429,10.0,5.218919474187817,True
GSM4138134,15,1,Mono_CD14_ID1,specific,0.971596393319434,930,925,0.9473099567287155,0.9483776398204957,0.003999962714971269,10.0,5.804742482232135,True
GSM4138126,15,1,Mono_CD14_ID1,specific,0.960074410674276,703,700,0.9536684634710912,0.9539996445078767,0.001247838927735442,10.0,4.868229409563088,True
GSM4138156,15,1,Mono_CD14_ID1,specific,0.9169004307674347,690,700,0.8905479948441584,0.889415229795801,0.004173087613182006,10.0,6.5862985681903785,True
GSM4138116,15,1,Mono_CD14_ID1,specific,0.9468411547060601,682,675,0.9215677914460505,0.9228814356832707,0.0036746728798352233,10.0,6.520231815536123,True
GSM4138120,15,1,Mono_CD14_ID1,specific,0.859593754998591,557,550,0.8437334482881339,0.8444098654949344,0.0027705984456567216,10.0,5.480364549925821,True
GSM4138140,15,1,Mono_CD14_ID1,specific,0.9343486250429023,532,525,0.9094704942602236,0.910601957681239,0.004934549379254939,10.0,4.81232743591448,True
GSM4138142,15,1,Mono_CD14_ID1,specific,0.9235668100381479,529,525,0.9128664752058518,0.9137568789437432,0.005229701456653019,10.0,1.875810918790563,True
GSM4138110,15,1,Mono_CD14_ID1,specific,0.937253789097756,497,500,0.9056140463626667,0.9050234218543375,0.002667277796148613,10.0,12.083618470470993,True
GSM4138132,15,1,Mono_CD14_ID1,specific,0.9471390891460632,491,500,0.9376561854639087,0.9362967865146116,0.004930629215478313,10.0,2.198969372390698,True
GSM4138160,15,1,Mono_CD14_ID1,specific,0.9250421804664585,431,425,0.8624297012349278,0.8648120262710689,0.0071595204205015155,10.0,8.412596187716513,True
GSM4138136,15,1,Mono_CD14_ID1,specific,0.9240877869462186,429,425,0.8974617874826869,0.8977247474028106,0.003110949678621554,10.0,8.474273860671815,True
GSM4138138,15,1,Mono_CD14_ID1,specific,0.9356599389842949,406,400,0.8884951984592573,0.8915665693328784,0.0102364583239698,10.0,4.3074829453627554,True
GSM4138163,15,1,Mono_CD14_ID1,specific,0.9120885577001978,378,375,0.9004588126980244,0.9013532103500544,0.0037971066975725416,10.0,2.82724405848442,True
GSM4138162,15,1,Mono_CD14_ID1,specific,0.9100727386934757,373,375,0.8925056468129215,0.8916384800219225,0.00591927633068538,10.0,3.114275739416067,True
GSM4138130,15,1,Mono_CD14_ID1,specific,0.9343028615071401,344,350,0.9091479623513752,0.9089060513694399,0.006816171304047255,10.0,3.725964182065129,True
GSM4138152,15,1,Mono_CD14_ID1,specific,0.8741767273904651,338,350,0.8534480402274807,0.8540322856092549,0.007425780532667442,10.0,2.712770959576698,True
GSM4138154,15,1,Mono_CD14_ID1,specific,0.8609049881694982,310,300,0.8289345094828077,0.828511942014128,0.00849208579231597,10.0,3.814498221942237,True
GSM4138123,15,3,Ambiguous/Mixed,ambiguous,0.7406658932514252,306,300,0.6889568621810767,0.6876162576152997,0.005480167146195244,10.0,9.680295184601567,True
GSM4138122,15,1,Mono_CD14_ID1,specific,0.8866734913953728,305,300,0.8873859468569325,0.8879079242297225,0.005929479211189069,10.0,-0.20818570912945594,False
GSM4138128,15,1,Mono_CD14_ID1,specific,0.8866734913953728,305,300,0.8906583308177368,0.8899349252232633,0.0033482252879330635,10.0,-0.9740783691123508,False
GSM4138166,15,1,Mono_CD14_ID1,specific,0.9002122607952161,299,300,0.8943155555257742,0.8922856624601442,0.005020857258740803,10.0,1.5787340540845924,True
GSM4138165,15,1,Mono_CD14_ID1,specific,0.9353646750205756,294,300,0.8963758552493457,0.898917826171583,0.008374043148293677,10.0,4.352359810376564,True
GSM4138145,15,1,Mono_CD14_ID1,specific,0.7814708349624531,285,275,0.7190370108919996,0.7173903335940321,0.01220780259515719,10.0,5.24914298612934,True
GSM4138134,15,2,Mono_CD16,specific,0.9742918492230648,284,275,0.9531544390111364,0.9515065827213245,0.007559810668596206,10.0,3.013999622555537,True
GSM4138118,15,1,Mono_CD14_ID1,specific,0.8926136238708576,281,275,0.8799842619733088,0.8811750855186451,0.006384571128514112,10.0,1.7915907148605357,True
GSM4138114,15,1,Mono_CD14_ID1,specific,0.8859099327449536,269,275,0.8799609147259724,0.8825301538071478,0.007296734673390117,10.0,0.4631906036176935,True
GSM4138146,15,2,Mono_CD16,specific,0.9300137264344561,269,275,0.8873224311239212,0.8845182072113239,0.009483129873949338,10.0,4.797521475279046,True
GSM4138167,15,1,Mono_CD14_ID1,specific,0.9094057514345204,260,250,0.8948266241827662,0.8952529183989515,0.005424516128487923,10.0,2.609049858150942,True
GSM4138124,15,1,Mono_CD14_ID1,specific,0.9563126533346389,259,250,0.9114275148651529,0.9130569401838893,0.007670296828617008,10.0,5.639379298773346,True
GSM4138141,15,1,Mono_CD14_ID1,specific,0.8601447969230982,259,250,0.7431201609942328,0.7391085299846584,0.017253227682101024,10.0,7.015282541249149,True
GSM4138125,15,1,Mono_CD14_ID1,specific,0.7343837073361017,257,250,0.7154942390830927,0.7156259129124043,0.009656618186198802,10.0,1.9424806968661106,True
GSM4138155,15,1,Mono_CD14_ID1,specific,0.7224381299526448,240,250,0.6043280412804026,0.6038819615932131,0.014314216037379085,10.0,8.282407366903149,True
GSM4138158,15,1,Mono_CD14_ID1,specific,0.9282848569555707,240,250,0.8957346747324957,0.8962946554471201,0.006613064715753996,10.0,4.837424535139041,True
GSM4138130,15,2,Mono_CD16,specific,0.9514992106405769,240,250,0.9119967851939403,0.9108070544208717,0.007316648963014621,10.0,5.561583783150238,True
GSM4138122,15,2,Mono_CD16,specific,0.92772269167377,239,250,0.8903719304419151,0.8889609012611503,0.005771068106785054,10.0,6.716571299348785,True
GSM4138128,15,2,Mono_CD16,specific,0.92772269167377,239,250,0.8833819505193508,0.885874999484237,0.007254489759957189,10.0,5.768523159343456,True
GSM4138156,15,2,Mono_CD16,specific,0.9385290038592842,230,225,0.9029570764100867,0.8992838031729896,0.006893270714488479,10.0,5.69326264871737,True
GSM4138135,15,3,Ambiguous/Mixed,ambiguous,0.7913406208709431,229,225,0.7068261946462349,0.7073111435152103,0.012828952221973677,10.0,6.549987551735171,True
GSM4138112,15,1,Mono_CD14_ID1,specific,0.9053774449654513,213,225,0.8784857680859313,0.8796952525094518,0.010309441025308015,10.0,2.4911333595055067,True
GSM4138136,15,2,Mono_CD16,specific,0.9163669519100469,212,200,0.9026285013275654,0.901052369309082,0.009796204717611,10.0,1.5633179422468964,True
GSM4138139,15,1,Mono_CD14_ID1,specific,0.7544859225202218,208,200,0.673619352483033,0.6698160117541562,0.018458710198550776,10.0,4.586989548853378,True
GSM4138137,15,7,Macrophage_family,family,0.7958841553753793,208,200,0.7798113274043863,0.7797593912453584,0.013374597689698665,10.0,1.2056261058559092,True
GSM4138144,15,1,Mono_CD14_ID1,specific,0.853913734927467,199,200,0.8547667948351255,0.8548207918808842,0.005969292030027369,10.0,-0.15195385798758398,False
GSM4138146,15,1,Mono_CD14_ID1,specific,0.8867169813558312,191,200,0.8881980235326972,0.885961743984794,0.009268960658811947,10.0,0.0814802650304941,False
GSM4138137,15,1,Mono_CD14_ID1,specific,0.8416275477438697,185,175,0.7790171426240297,0.7776459639027508,0.009735877569720866,10.0,6.571732582187078,True
GSM4138131,15,6,Ambiguous/Mixed,ambiguous,0.7583021496706748,184,175,0.7338327332327117,0.7279872513993512,0.01797700557563322,10.0,1.6863152288506649,True
GSM4138117,15,1,Mono_CD14_ID1,specific,0.7339134326136113,184,175,0.7209469950337284,0.7200177556530368,0.014105889035744357,10.0,0.985097566368401,True
GSM4138127,15,1,Mono_CD14_ID1,specific,0.839840501824779,179,175,0.759347970912561,0.7643712152860987,0.018018053079367453,10.0,4.188537252401616,True
GSM4138123,15,7,Macrophage_family,family,0.7112088626681294,174,175,0.7033437834268673,0.7016942348749722,0.010683366553659054,10.0,0.8906020162622332,True
GSM4138138,15,2,Mono_CD16,specific,0.9257106891839132,170,175,0.9058558814567507,0.9047427652609012,0.006315797180892469,10.0,3.319917236488747,True
GSM4138140,15,2,Mono_CD16,specific,0.9230147268866351,169,175,0.924308841290147,0.9243221738123589,0.008541014928406058,10.0,-0.15307863722090687,False
GSM4138166,15,2,Mono_CD16,specific,0.9208146694753635,169,175,0.89728166332112,0.8960981060248214,0.012793463023715486,10.0,1.9319681781800995,True
GSM4138135,15,1,Mono_CD14_ID1,specific,0.8647437832770726,161,150,0.7319658666972988,0.7283062711660893,0.010527102361305161,10.0,12.960595178830165,True
GSM4138161,15,1,Mono_CD14_ID1,specific,0.7944452084965428,160,150,0.7029563501420206,0.7070731768025583,0.01748651262911728,10.0,4.996538392023281,True
GSM4138142,15,2,Mono_CD16,specific,0.9527215692675619,160,150,0.9191415197860812,0.9191594989665323,0.014078003486662147,10.0,2.384007812814309,True
GSM4138125,15,3,Ambiguous/Mixed,ambiguous,0.7693524213566355,156,150,0.7425267141176609,0.7432939772867544,0.013367600292711142,10.0,1.9493733728775404,True
GSM4138143,15,1,Mono_CD14_ID1,specific,0.7081118396801025,156,150,0.7236820896617187,0.7308260583484285,0.02006810311333664,10.0,-1.1318567848712542,False
GSM4138132,15,2,Mono_CD16,specific,0.9534792369128582,151,150,0.9419161780403632,0.9444501806064487,0.010608967440102863,10.0,0.85107776580394,True
GSM4138165,15,2,Mono_CD16,specific,0.8900637008697604,143,150,0.9083507929105827,0.906864500822356,0.012279271354820192,10.0,-1.368224503484121,False
GSM4138112,15,2,Mono_CD16,specific,0.9174183963292616,141,150,0.8800192720171264,0.881955880042433,0.011934239691116656,10.0,2.9714935517195467,True
GSM4138150,15,1,Mono_CD14_ID1,specific,0.9311054897028854,140,150,0.8974775353261124,0.8960644399818236,0.005750007084472527,10.0,6.094088095245587,True
GSM4138135,15,7,Macrophage_family,family,0.7844857509071267,132,125,0.7537509305914603,0.7524252329296265,0.01787572619691312,10.0,1.7935225469629643,True
GSM4138110,15,2,Mono_CD16,specific,0.9289190928721144,131,125,0.9337153185144862,0.9339081932021271,0.01100712439826847,10.0,-0.45326101073206715,False
GSM4138148,15,1,Mono_CD14_ID1,specific,0.8716150072058095,128,125,0.8522027014613134,0.8533056974000258,0.009064266167779436,10.0,2.0199439719530132,True
GSM4138152,15,2,Mono_CD16,specific,0.911210898179354,124,125,0.8767905540808696,0.8779909166584335,0.013736394154027451,10.0,2.418391693512993,True
GSM4138111,15,1,Mono_CD14_ID1,specific,0.773416602598239,122,125,0.7372536749176613,0.7360946299112666,0.03491517663923173,10.0,1.0689326613641208,True
GSM4138137,15,5,Ambiguous/Mixed,ambiguous,0.8206860338848424,119,125,0.7896445909365837,0.7889923150407521,0.013793873328592407,10.0,2.297666368908472,True
GSM4138135,15,5,Ambiguous/Mixed,ambiguous,0.8360637720797932,118,125,0.7537509305914603,0.7524252329296265,0.01787572619691312,10.0,4.678889026875445,True
GSM4138162,15,2,Mono_CD16,specific,0.9014988499411322,112,100,0.9057453169694858,0.9082062601426497,0.013521341341000087,10.0,-0.49606100699336725,False
GSM4138129,15,1,Mono_CD14_ID1,specific,0.8066577223463576,108,100,0.7802294636545738,0.7803470255522751,0.019596937692990053,10.0,1.3425922563143113,True
GSM4138131,15,1,Mono_CD14_ID1,specific,0.8832736123094996,107,100,0.7557043535409838,0.7611333360605689,0.015599965739677184,10.0,7.829522082749026,True
GSM4138164,15,1,Mono_CD14_ID1,specific,0.875974869429078,106,100,0.8484807087548788,0.8496648785588043,0.011476171500266657,10.0,2.292575609353895,True
GSM4138161,15,4,DC_pDC,specific,0.8468478783225208,105,100,0.7556751157728048,0.756615966500042,0.016341279346029823,10.0,5.52171650161534,True
GSM4138137,15,3,Ambiguous/Mixed,ambiguous,0.8079012663067906,104,100,0.8007390293415151,0.7983235842994478,0.01592226878485333,10.0,0.6015274667674186,True
GSM4138144,15,2,Mono_CD16,specific,0.8948567715401324,99,100,0.8670942355143862,0.8676620769805912,0.012364726170693124,10.0,2.1993770168560736,True
GSM4138135,15,11,Ambiguous/Mixed,ambiguous,0.8126176986584357,98,100,0.764807601281803,0.7604989437454011,0.02406086441661241,10.0,2.1661214664029336,True
GSM4138131,15,4,DC_pDC,specific,0.9112126345596392,97,100,0.7557043535409838,0.7611333360605689,0.015599965739677184,10.0,9.620488980777465,True
GSM4138139,15,3,Ambiguous/Mixed,ambiguous,0.8154716707038976,95,100,0.7661395734840504,0.7646397932166333,0.02201728160275333,10.0,2.30872631800774,True
GSM4138133,15,3,Ambiguous/Mixed,ambiguous,0.8078772132509071,90,100,0.821619486586328,0.8238407712785589,0.019454174398839907,10.0,-0.8205723717889439,False
GSM4138155,15,5,Ambiguous/Mixed,ambiguous,0.7913873345729519,88,100,0.6860499575837475,0.6822802872140399,0.021377714806320187,10.0,5.103775045528026,True
GSM4138145,15,2,Mono_CD16,specific,0.8536682243349272,87,75,0.8200132814172478,0.8299575555758747,0.02767800433229479,10.0,0.8566610682760385,True
GSM4138111,15,2,Mono_CD16,specific,0.76385589541915,87,75,0.7806089576382846,0.789021593047926,0.0342033162138128,10.0,-0.7357677679982665,False
GSM4138133,15,1,Mono_CD14_ID1,specific,0.899986830244251,86,75,0.8369736441972822,0.8420096141731772,0.012780163044304542,10.0,4.536500502386877,True
GSM4138114,15,2,Mono_CD16,specific,0.8961167076793473,84,75,0.8917621515745844,0.8965529591485744,0.018605377487108495,10.0,-0.023447601078203067,True
GSM4138141,15,2,Mono_CD16,specific,0.8378987901819578,83,75,0.831470497790985,0.8278099593248556,0.0276992532023982,10.0,0.36422754012114394,True
GSM4138124,15,2,Mono_CD16,specific,0.9213385603526598,81,75,0.9466898012339438,0.9409331450300066,0.02559662004267504,10.0,-0.7655145345236362,False
GSM4138167,15,2,Mono_CD16,specific,0.9003609108051976,80,75,0.9020755756559382,0.9055373952632303,0.024424980767178882,10.0,-0.21193402391491584,False
GSM4138131,15,3,Ambiguous/Mixed,ambiguous,0.8401726041413071,76,75,0.7984795748200924,0.7969442700850593,0.02169983692865555,10.0,1.992104097296832,True
GSM4138141,15,3,Ambiguous/Mixed,ambiguous,0.8538094073830355,76,75,0.831470497790985,0.8278099593248556,0.0276992532023982,10.0,0.9386335388973178,True
GSM4138113,15,1,Mono_CD14_ID1,specific,0.841459984742664,75,75,0.7999106296037788,0.7965042709907385,0.016329326993620878,10.0,2.7530659266905286,True
GSM4138119,15,1,Mono_CD14_ID1,specific,0.7098989120220291,74,75,0.7040917520116727,0.7071330182680055,0.022950902832580507,10.0,0.12051350546860863,True
GSM4138155,15,3,Ambiguous/Mixed,ambiguous,0.7804736479438831,73,75,0.7331742729286999,0.7454933937386825,0.03308900406020785,10.0,1.0571564541970333,True
GSM4138139,15,5,Ambiguous/Mixed,ambiguous,0.8994670583608526,73,75,0.7929161934254034,0.7993578594578341,0.019050471501477973,10.0,5.254945994132052,True
GSM4138141,15,4,DC_pDC,specific,0.9152968488179667,73,75,0.831470497790985,0.8278099593248556,0.0276992532023982,10.0,3.158456614474231,True
GSM4138111,15,4,DC_pDC,specific,0.898958625160936,71,75,0.7806089576382846,0.789021593047926,0.0342033162138128,10.0,3.2142214347219555,True
GSM4138127,15,2,Mono_CD16,specific,0.844666079863404,66,75,0.8245307197885778,0.8331419999182161,0.03359698448937056,10.0,0.34300935397442855,True
GSM4138143,15,2,Mono_CD16,specific,0.9002153267927986,66,75,0.8272149831448337,0.8192228286902077,0.041641998942416894,10.0,1.9449714269141691,True
GSM4138131,15,2,Mono_CD16,specific,0.8902773075654338,65,75,0.7984795748200924,0.7969442700850593,0.02169983692865555,10.0,4.301093956937725,True
GSM4138121,15,5,Ambiguous/Mixed,ambiguous,0.8013500972041663,63,75,0.7145737002026338,0.7116382866137885,0.02458865090515683,10.0,3.6485047893198193,True
GSM4138155,15,2,Mono_CD16,specific,0.8472247198450092,60,50,0.8116719002969048,0.8001558755817797,0.0330336939627996,10.0,1.4248737763398613,True
GSM4138139,15,10,Mast,specific,0.9658315628046693,60,50,0.8497700424179017,0.8489892535757297,0.02583433449671354,10.0,4.522752821204023,True
GSM4138155,15,7,Macrophage_family,family,0.6938549991487055,60,50,0.8116719002969048,0.8001558755817797,0.0330336939627996,10.0,-3.217953055833941,False
GSM4138129,15,3,Ambiguous/Mixed,ambiguous,0.8472030439095062,58,50,0.8524170384667056,0.8574794782243835,0.026621002191077093,10.0,-0.38602732688710845,False
GSM4138121,15,1,Mono_CD14_ID1,specific,0.8425185483447477,57,50,0.7614734388237507,0.7563677651983048,0.030301256083991836,10.0,2.8431423076205857,True
GSM4138139,15,7,Macrophage_family,family,0.8401722570316068,57,50,0.8497700424179017,0.8489892535757297,0.02583433449671354,10.0,-0.341289865440295,False
GSM4138157,15,1,Mono_CD14_ID1,specific,0.8678315511053379,56,50,0.8767823283670589,0.8837388104858525,0.019832699274607107,10.0,-0.8020723331836859,False
GSM4138131,15,7,Macrophage_family,family,0.8635300356364662,55,50,0.8415305947121112,0.8411825284014046,0.030352202367935933,10.0,0.7362730046459341,True
GSM4138126,15,2,Mono_CD16,specific,0.9612908250081247,55,50,0.9732122706964341,0.9723926055709887,0.01302738769889343,10.0,-0.8521877769713604,False
GSM4138127,15,5,Ambiguous/Mixed,ambiguous,0.9046679354432076,55,50,0.8870672744686936,0.8830671844295679,0.034225073500228534,10.0,0.6311381921063058,True
GSM4138160,15,2,Mono_CD16,specific,0.9398474611694868,54,50,0.9670224251314018,0.9643464148097161,0.015999287371230457,10.0,-1.5312528034394015,False
GSM4138161,15,2,Mono_CD16,specific,0.8564666525805499,52,50,0.8186150959142044,0.8202611816061893,0.023224484276183642,10.0,1.5589354124641948,True
GSM4138120,15,2,Mono_CD16,specific,0.9156765116050406,52,50,0.9068173164668334,0.9045260502111283,0.020270007040423074,10.0,0.5500965723236158,True
GSM4138139,15,2,Mono_CD16,specific,0.902172092414629,51,50,0.8497700424179017,0.8489892535757297,0.02583433449671354,10.0,2.05861075483345,True
GSM4138148,15,2,Mono_CD16,specific,0.9138822780712698,50,50,0.8803577223985555,0.8775392652755208,0.02073202321911549,10.0,1.7529891999271772,True
GSM4138125,15,2,Mono_CD16,specific,0.8648308160649941,50,50,0.8335368355318901,0.8404677133871186,0.021456036745150852,10.0,1.135489418071663,True
GSM4138123,15,4,DC_pDC,specific,0.9393323689368633,50,50,0.7850821070212497,0.7888663908895278,0.026193388641296472,10.0,5.744425820877219,True
GSM4138150,15,2,Mono_CD16,specific,0.9331566869643679,50,50,0.9492177049660484,0.9455277823177115,0.018066775761503433,10.0,-0.6847428404853413,False
GSM4138133,15,2,Mono_CD16,specific,0.8840020023476856,50,50,0.8481763951444382,0.8457010820553125,0.040238050381549366,10.0,0.9518582518087276,True
GSM4138155,15,9,DC_family,family,0.8464434634915676,50,50,0.8116719002969048,0.8001558755817797,0.0330336939627996,10.0,1.4012234890204531,True
GSM4138164,15,2,Mono_CD16,specific,0.9140073490065919,49,50,0.9009637997425629,0.9032067374587932,0.023511123900078923,10.0,0.459383039011691,True
GSM4138154,15,2,Mono_CD16,specific,0.8752982266392462,48,50,0.8753637533148233,0.8822145575071557,0.024186917043441437,10.0,-0.2859533877545171,False
GSM4138143,15,4,DC_pDC,specific,0.9263186865944553,47,50,0.8716764985029095,0.8679807590756784,0.04169045767387151,10.0,1.3993112758591462,True
GSM4138117,15,7,Macrophage_family,family,0.8474351617925726,47,50,0.8358854099372073,0.8361613581247408,0.02091613010477299,10.0,0.5390004561722999,True
GSM4138131,15,8,DC_family,family,0.8749992005773927,47,50,0.8415305947121112,0.8411825284014046,0.030352202367935933,10.0,1.1141422874707763,True
GSM4138145,15,4,DC_pDC,specific,0.957709996143703,47,50,0.8639541963394225,0.8551855138959764,0.03320226051125106,10.0,3.0878765683133143,True
GSM4138163,15,2,Mono_CD16,specific,0.9542474164531164,46,50,0.9539297791367604,0.9539205281500077,0.008420182430304143,10.0,0.03882199771969394,True
GSM4138159,15,1,Mono_CD14_ID1,specific,0.8879528223352231,46,50,0.8437099104233334,0.8452388199834336,0.025959377203851615,10.0,1.645417068998556,True
GSM4138127,15,6,Ambiguous/Mixed,ambiguous,0.8975298978831167,46,50,0.8870672744686936,0.8830671844295679,0.034225073500228534,10.0,0.42257654913296816,True
GSM4138137,15,2,Mono_CD16,specific,0.9489910162032221,45,50,0.8546409807078789,0.8599141946566412,0.021769077275210446,10.0,4.091896979391828,True
GSM4138155,15,11,Ambiguous/Mixed,ambiguous,0.8312288848240115,43,50,0.8116719002969048,0.8001558755817797,0.0330336939627996,10.0,0.9406459137517039,True
GSM4138115,15,2,Mono_CD16,specific,0.9249229518619903,42,50,0.8770174606594777,0.8813335219357127,0.025111796296502963,10.0,1.735814890006406,True
GSM4138155,15,4,DC_pDC,specific,0.9244251360317419,41,50,0.8116719002969048,0.8001558755817797,0.0330336939627996,10.0,3.761894161455458,True
GSM4138139,15,11,Ambiguous/Mixed,ambiguous,0.9392675546078287,41,50,0.8497700424179017,0.8489892535757297,0.02583433449671354,10.0,3.4945084822519257,True
GSM4138123,15,1,Mono_CD14_ID1,specific,0.940221603230192,41,50,0.7850821070212497,0.7888663908895278,0.026193388641296472,10.0,5.778374627788239,True
GSM4138125,15,7,Macrophage_family,family,0.8540038301113753,40,50,0.8335368355318901,0.8404677133871186,0.021456036745150852,10.0,0.6308768429619656,True
GSM4138157,15,2,Mono_CD16,specific,0.8947877441486624,40,50,0.8767823283670589,0.8837388104858525,0.019832699274607107,10.0,0.5571069025867023,True
GSM4138115,15,1,Mono_CD14_ID1,specific,0.9478152298604922,39,50,0.8770174606594777,0.8813335219357127,0.025111796296502963,10.0,2.647429404882423,True
GSM4138158,15,2,Mono_CD16,specific,0.9499824410065133,37,25,0.9752988875372053,0.9702248123111227,0.022327878731653573,10.0,-0.9065962578842012,False
GSM4138143,15,3,Ambiguous/Mixed,ambiguous,0.8495890642159081,37,25,0.9450580936944553,0.9491119471886973,0.0170366173356051,10.0,-5.841704430655653,False
GSM4138113,15,2,Mono_CD16,specific,0.8491532748363937,37,25,0.9240671724385692,0.9177122554283212,0.040209782289650685,10.0,-1.705032374909761,False
GSM4138141,15,6,Ambiguous/Mixed,ambiguous,0.9524770245996517,36,25,0.9592369758991124,0.9592641270747289,0.029027749588371645,10.0,-0.23381428361901208,False
GSM4138141,15,8,DC_family,family,0.9206820398386973,36,25,0.9592369758991124,0.9592641270747289,0.029027749588371645,10.0,-1.3291449658738714,False
GSM4138113,15,4,DC_pDC,specific,0.919006132441017,34,25,0.9240671724385692,0.9177122554283212,0.040209782289650685,10.0,0.03217816508866823,False
GSM4138131,15,5,Ambiguous/Mixed,ambiguous,0.929157143058792,34,25,0.923417081484569,0.9232553144549218,0.039261461223893256,10.0,0.15032116533346362,True
GSM4138143,15,8,DC_family,family,0.8941034039054023,34,25,0.9450580936944553,0.9491119471886973,0.0170366173356051,10.0,-3.22884186453679,False
GSM4138131,15,9,DC_family,family,0.8619727126010626,34,25,0.923417081484569,0.9232553144549218,0.039261461223893256,10.0,-1.5608843874757428,False
GSM4138159,15,2,Mono_CD16,specific,0.856082249160297,34,25,0.9168929989490284,0.9184785998316982,0.02684712170909718,10.0,-2.3241355757797373,False
GSM4138135,15,2,Mono_CD16,specific,0.94218054985661,33,25,0.9262103971686568,0.9299491761958603,0.027728452087857892,10.0,0.4411127466471818,True
GSM4138127,15,11,Ambiguous/Mixed,ambiguous,0.9192017404388318,32,25,0.9607701486208685,0.958907948415632,0.02307048316562853,10.0,-1.721082635839906,False
GSM4138147,15,4,DC_pDC,specific,0.925292417692126,32,25,0.9260874884786799,0.91700049001221,0.03480209657643462,10.0,0.23825942962099353,False
GSM4138117,15,2,Mono_CD16,specific,0.944820643715046,32,25,0.9147496893500744,0.9146754506733146,0.020995821291890267,10.0,1.4357710814282454,True
GSM4138117,15,3,Ambiguous/Mixed,ambiguous,0.9116638258022217,32,25,0.9147496893500744,0.9146754506733146,0.020995821291890267,10.0,-0.14343925056440202,False
GSM4138143,15,10,Mast,specific,0.9748135904112316,31,25,0.9450580936944553,0.9491119471886973,0.0170366173356051,10.0,1.5086118750123032,True
GSM4138145,15,9,DC_family,family,0.8824145369766442,31,25,0.9581722339130803,0.9672380217135125,0.025825993587039915,10.0,-3.284422899393683,False
GSM4138141,15,9,DC_family,family,0.8967552661645241,31,25,0.9592369758991124,0.9592641270747289,0.029027749588371645,10.0,-2.153417395306645,False
GSM4138161,15,5,Ambiguous/Mixed,ambiguous,0.9148483833124144,31,25,0.9006733795091095,0.899784281210698,0.029310319391865933,10.0,0.51395216477569,True
GSM4138111,15,10,Mast,specific,0.8772200899755831,30,25,0.9111547497859049,0.9174711520389224,0.03172688570524009,10.0,-1.2686735924002561,False
GSM4138159,15,3,Ambiguous/Mixed,ambiguous,0.9330044428316822,27,25,0.9168929989490284,0.9184785998316982,0.02684712170909718,10.0,0.5410577400951642,True
GSM4138161,15,9,DC_family,family,0.8910170060380173,26,25,0.9006733795091095,0.899784281210698,0.029310319391865933,10.0,-0.2991190595866989,False
GSM4138123,15,5,Ambiguous/Mixed,ambiguous,0.8995482116604081,26,25,0.8699213661280445,0.8801549342541974,0.026021253875910234,10.0,0.7452860457337311,True
GSM4138153,15,1,Mono_CD14_ID1,specific,0.946125684923842,26,25,0.9019739133206406,0.9067701798014556,0.032993349520122034,10.0,1.192831455272045,True
GSM4138112,15,4,DC_pDC,specific,0.9672228106134714,26,25,0.9627064512758634,0.9599645605323005,0.013878950244238929,10.0,0.522968232715131,True
GSM4138127,15,4,DC_pDC,specific,0.9585099281428091,25,25,0.9607701486208685,0.958907948415632,0.02307048316562853,10.0,-0.017252359647840547,False
GSM4138129,15,4,DC_pDC,specific,0.9868286715955322,25,25,0.931076450825193,0.9183711485744729,0.032131232378038686,10.0,2.130560142095553,True
GSM4138111,15,3,Ambiguous/Mixed,ambiguous,0.9020788138197635,25,25,0.9111547497859049,0.9174711520389224,0.03172688570524009,10.0,-0.48515124875986887,False
GSM4138133,15,7,Macrophage_family,family,0.9096224202186473,24,25,0.9093942843333844,0.9134138789599708,0.020292895865104355,10.0,-0.18683675146844728,True
GSM4138115,15,3,Ambiguous/Mixed,ambiguous,0.9634524055760888,24,25,0.9613827702706941,0.9602304947917325,0.021745965538883007,10.0,0.1481613119728043,True
GSM4138145,15,5,Ambiguous/Mixed,ambiguous,0.9472399049012434,23,25,0.9581722339130803,0.9672380217135125,0.025825993587039915,10.0,-0.7743406558539749,False
GSM4138135,15,8,DC_family,family,0.9600980240770645,23,25,0.9262103971686568,0.9299491761958603,0.027728452087857892,10.0,1.0872892502501494,True
GSM4138145,15,3,Ambiguous/Mixed,ambiguous,0.943672757917949,22,25,0.9581722339130803,0.9672380217135125,0.025825993587039915,10.0,-0.912463008098517,False
GSM4138129,15,5,Ambiguous/Mixed,ambiguous,0.9255197539270708,22,25,0.931076450825193,0.9183711485744729,0.032131232378038686,10.0,0.22248151793529888,False
GSM4138129,15,2,Mono_CD16,specific,0.9364816917695301,22,25,0.931076450825193,0.9183711485744729,0.032131232378038686,10.0,0.5636429683735246,True
GSM4138160,15,4,DC_pDC,specific,0.9799809267543613,22,25,0.9807110966306685,0.9779941749898674,0.016262702143506322,10.0,0.12216615338350946,False
GSM4138133,15,4,DC_pDC,specific,0.9840886463775538,22,25,0.9093942843333844,0.9134138789599708,0.020292895865104355,10.0,3.4827344449697395,True
GSM4138123,15,8,DC_family,family,0.9687224782754187,21,25,0.8699213661280445,0.8801549342541974,0.026021253875910234,10.0,3.4036616545682548,True
GSM4138116,15,2,Mono_CD16,specific,0.9466202432328203,21,25,0.9788246647115975,0.9644729305795968,0.03412886316677367,10.0,-0.5230964553239807,False
GSM4138110,15,4,DC_pDC,specific,0.9555193703185515,21,25,0.9868341180732119,0.9867664570718897,0.011731289324245612,10.0,-2.663567992373896,False
GSM4138135,15,10,Mast,specific,1.0,21,25,0.9262103971686568,0.9299491761958603,0.027728452087857892,10.0,2.5263156984812194,True
GSM4138133,15,9,DC_family,family,0.9469809614187152,20,25,0.9093942843333844,0.9134138789599708,0.020292895865104355,10.0,1.6541297349515467,True
GSM4138122,15,4,DC_pDC,specific,0.9782659584116306,20,25,0.9792524358015444,0.9750685359411753,0.0122815856284961,10.0,0.2603428064725239,False
GSM4138131,15,11,Ambiguous/Mixed,ambiguous,0.9396424199283544,20,25,0.923417081484569,0.9232553144549218,0.039261461223893256,10.0,0.4173839934276293,True
GSM4138128,15,4,DC_pDC,specific,0.9782659584116306,20,25,0.9844528974607618,0.9831021452587395,0.010708099409941723,10.0,-0.4516382097292538,False
GSM4138155,15,10,Mast,specific,0.9381206978557273,19,25,0.9125995833019843,0.9086011184524632,0.0205912592617861,10.0,1.4335975778833236,True
GSM4138139,15,4,DC_pDC,specific,0.966268563483648,19,25,0.9357290956556907,0.9337225384790877,0.0319793612246252,10.0,1.0177196716330508,True
GSM4138115,15,4,DC_pDC,specific,0.9804146303450614,18,25,0.9613827702706941,0.9602304947917325,0.021745965538883007,10.0,0.928178402436926,True
GSM4138130,15,4,DC_pDC,specific,0.9645785270275617,18,25,0.9804453099621897,0.9776933830033974,0.009270985594780661,10.0,-1.4146129170148813,False
GSM4138139,15,8,DC_family,family,0.9377640532613075,18,25,0.9357290956556907,0.9337225384790877,0.0319793612246252,10.0,0.12637884646387834,True
GSM4138131,15,10,Mast,specific,0.9764376533440459,18,25,0.923417081484569,0.9232553144549218,0.039261461223893256,10.0,1.354568506399833,True
GSM4138172,15,1,Mono_CD14_ID1,specific,1.0,18,25,0.9425151302916579,0.940877955876207,0.01005325236184313,10.0,5.8808872985412375,True
GSM4138157,15,4,DC_pDC,specific,0.9464407952859799,17,25,0.968189445659703,0.967113018075611,0.0247939680093005,10.0,-0.8337601622248086,False
GSM4138161,15,6,Ambiguous/Mixed,ambiguous,0.9738603422328003,17,25,0.9006733795091095,0.899784281210698,0.029310319391865933,10.0,2.527303098671096,True
GSM4138145,15,8,DC_family,family,1.0,17,25,0.9581722339130803,0.9672380217135125,0.025825993587039915,10.0,1.2685660350712797,True
GSM4138161,15,3,Ambiguous/Mixed,ambiguous,0.9708271648902997,17,25,0.9006733795091095,0.899784281210698,0.029310319391865933,10.0,2.4238181348278744,True
GSM4138139,15,6,Ambiguous/Mixed,ambiguous,0.9539480540213499,17,25,0.9357290956556907,0.9337225384790877,0.0319793612246252,10.0,0.6324552701411627,True
GSM4138121,15,11,Ambiguous/Mixed,ambiguous,0.9497587627003915,17,25,0.8588424057810767,0.8648333879843543,0.02589934807083429,10.0,3.2790545338735066,True
GSM4138137,15,11,Ambiguous/Mixed,ambiguous,0.9708616371363009,17,25,0.926176546037629,0.9188558130939726,0.02524688033865908,10.0,2.0598910972257767,True
GSM4138135,15,4,DC_pDC,specific,0.9779384786654621,17,25,0.9262103971686568,0.9299491761958603,0.027728452087857892,10.0,1.730688114776377,True
GSM4138111,15,8,DC_family,family,0.8612226703829133,17,25,0.9111547497859049,0.9174711520389224,0.03172688570524009,10.0,-1.7728964064922041,False
GSM4138127,15,3,Ambiguous/Mixed,ambiguous,0.9278350637213539,17,25,0.9607701486208685,0.958907948415632,0.02307048316562853,10.0,-1.3468675307403992,False
GSM4138127,15,7,Macrophage_family,family,0.9400536585581297,17,25,0.9607701486208685,0.958907948415632,0.02307048316562853,10.0,-0.8172472904942125,False
GSM4138121,15,4,DC_pDC,specific,0.9571565953493264,16,25,0.8588424057810767,0.8648333879843543,0.02589934807083429,10.0,3.56469232787133,True
GSM4138123,15,2,Mono_CD16,specific,0.9723776559754015,16,25,0.8699213661280445,0.8801549342541974,0.026021253875910234,10.0,3.544130584982353,True
GSM4138115,15,9,DC_family,family,0.9854410247076782,16,25,0.9613827702706941,0.9602304947917325,0.021745965538883007,10.0,1.1593198688220077,True
GSM4138168,15,4,DC_pDC,specific,0.9608080387668018,16,25,0.9541628191306922,0.9543500656433102,0.015998487667747092,10.0,0.4036614746099325,True
GSM4138162,15,4,DC_pDC,specific,0.9857264726261489,16,25,0.9600140953042835,0.9563751722194592,0.016814135194355585,10.0,1.7456324733574597,True
GSM4138163,15,4,DC_pDC,specific,0.9941087355013785,16,25,0.9585446561255815,0.9609096758297184,0.017601132002729513,10.0,1.8861888920844216,True
GSM4138121,15,3,Ambiguous/Mixed,ambiguous,1.0,15,25,0.8588424057810767,0.8648333879843543,0.02589934807083429,10.0,5.218919474187817,True
GSM4138117,15,10,Mast,specific,0.9848958966969695,15,25,0.9147496893500744,0.9146754506733146,0.020995821291890267,10.0,3.3444962713022295,True
GSM4138131,15,12,Ambiguous/Mixed,ambiguous,0.9493185956442531,15,25,0.923417081484569,0.9232553144549218,0.039261461223893256,10.0,0.6638387970509374,True
GSM4138151,15,4,DC_pDC,specific,0.9806392337550041,15,25,0.9827178817478986,0.9846374919959022,0.012571234817351205,10.0,-0.31804817100223504,False
GSM4138113,15,3,Ambiguous/Mixed,ambiguous,0.9353668015720169,15,25,0.9240671724385692,0.9177122554283212,0.040209782289650685,10.0,0.4390609731861105,True
GSM4138117,15,4,DC_pDC,specific,0.9528621852287787,15,25,0.9147496893500744,0.9146754506733146,0.020995821291890267,10.0,1.8187778427231127,True
GSM4138134,16,1,Ambiguous/Mixed,ambiguous,0.9564748796025837,1210,1200,0.9514564630867532,0.9512295751909872,0.0008075577946875117,10.0,6.495268135732918,True
GSM4138156,16,1,Ambiguous/Mixed,ambiguous,0.8966911853530332,917,925,0.8886977449779212,0.8889503196162529,0.003913135749290336,10.0,1.9781745977465954,True
GSM4138135,16,1,Ambiguous/Mixed,ambiguous,0.6748683641759585,818,825,0.6777012775433586,0.6781408895505183,0.003991648010133833,10.0,-0.8198431741104536,False
GSM4138126,16,1,Ambiguous/Mixed,ambiguous,0.9539915052255966,755,750,0.9538573827526964,0.9539020316682425,0.0002101539933936338,10.0,0.42575235383000015,True
GSM4138137,16,1,Ambiguous/Mixed,ambiguous,0.743795362089585,706,700,0.7500373821461557,0.7486884246277248,0.006042691091478611,10.0,-0.8097489122089989,False
GSM4138116,16,1,Ambiguous/Mixed,ambiguous,0.9218872648235008,704,700,0.9217260418786248,0.9217348768857916,0.00022669976466545822,10.0,0.6722015699226648,True
GSM4138140,16,1,Ambiguous/Mixed,ambiguous,0.9082641761136105,701,700,0.9078111651806406,0.9068905802054197,0.0017668472697567185,10.0,0.7774276428431728,True
GSM4138142,16,1,Ambiguous/Mixed,ambiguous,0.9081704615567285,687,675,0.9093947544295217,0.9092609516844246,0.001328016032232219,10.0,-0.8211422913796081,False
GSM4138132,16,1,Ambiguous/Mixed,ambiguous,0.9332011099885459,639,650,,,,,,False
GSM4138136,16,1,Ambiguous/Mixed,ambiguous,0.8990804703054577,638,650,,,,,,False
GSM4138110,16,1,Ambiguous/Mixed,ambiguous,0.9116126366769164,625,625,0.9060897039154181,0.9066685629294383,0.0015164147847689798,10.0,3.260370313674622,True
GSM4138131,16,1,Ambiguous/Mixed,ambiguous,0.6997330004114897,618,625,0.6889864754599849,0.6909581256220186,0.007059097622145112,10.0,1.2430589941047638,True
GSM4138155,16,1,Ambiguous/Mixed,ambiguous,0.6007794980005285,615,625,0.6009717959752039,0.6021611207364017,0.0064118454990138105,10.0,-0.21547972983529792,False
GSM4138120,16,1,Ambiguous/Mixed,ambiguous,0.8473069186100034,608,600,0.8443952529491889,0.8440244997402349,0.0009759269134653771,10.0,3.3633859508117707,True
GSM4138123,16,1,Ambiguous/Mixed,ambiguous,0.6928910748348291,604,600,0.674896754983179,0.6737345892913613,0.004944905930194675,10.0,3.873983815646349,True
GSM4138130,16,1,Ambiguous/Mixed,ambiguous,0.9197644832207912,580,575,0.9001695525010971,0.9005950010084701,0.002005367489728226,10.0,9.559086955637731,True
GSM4138138,16,1,Ambiguous/Mixed,ambiguous,0.8863060941322543,574,575,0.9043714999078616,0.9048127741948289,0.0011477243306989308,10.0,-16.124673466933107,False
GSM4138139,16,1,Ambiguous/Mixed,ambiguous,0.638182733116281,564,575,0.632980114227881,0.6337926845976545,0.003470349926792198,10.0,1.2650160967152058,True
GSM4138128,16,1,Ambiguous/Mixed,ambiguous,0.8831250478199913,544,550,0.8836444036268716,0.8844613770301131,0.002162722762049103,10.0,-0.6178920542065218,False
GSM4138122,16,1,Ambiguous/Mixed,ambiguous,0.8831250478199913,544,550,0.8827907504497787,0.8834174043870373,0.0014808083294433284,10.0,-0.19743039070820412,True
GSM4138141,16,1,Ambiguous/Mixed,ambiguous,0.7175195547862171,535,525,0.7007508877676918,0.7019641784820522,0.0077813893165206635,10.0,1.9990487137225372,True
GSM4138125,16,1,Ambiguous/Mixed,ambiguous,0.7086140739475858,510,500,0.7014981261775172,0.7015153000256493,0.002769214701578894,10.0,2.563461012210083,True
GSM4138162,16,1,Ambiguous/Mixed,ambiguous,0.8911671709487927,485,475,0.8860682449565281,0.8865330642353026,0.0033742582927845464,10.0,1.3733704747498325,True
GSM4138160,16,1,Ambiguous/Mixed,ambiguous,0.8973504704889755,485,475,0.8596701616474662,0.8611821379546842,0.005928421014857502,10.0,6.100837380416825,True
GSM4138145,16,1,Ambiguous/Mixed,ambiguous,0.6984666882423356,475,475,0.695688118075954,0.6975502767452904,0.008115125997342583,10.0,0.11292634240618526,True
GSM4138166,16,1,Ambiguous/Mixed,ambiguous,0.8932971678375266,465,475,,,,,,False
GSM4138152,16,1,Ambiguous/Mixed,ambiguous,0.8566229961551394,459,450,0.8487683296515977,0.8495548372199156,0.0031139402567368288,10.0,2.2698441050473503,True
GSM4138146,16,1,Ambiguous/Mixed,ambiguous,0.8883689139165786,458,450,0.8875859959393546,0.8872812173595259,0.004673913580633739,10.0,0.23271644592649307,True
GSM4138165,16,1,Ambiguous/Mixed,ambiguous,0.8958809475913463,435,425,0.8973809165987539,0.8971954250620143,0.0005295584220022184,10.0,-2.482214267687606,False
GSM4138127,16,1,Ambiguous/Mixed,ambiguous,0.704727788889854,429,425,0.7075826731802177,0.7074972307126093,0.004436831960508772,10.0,-0.6241935343518666,False
GSM4138163,16,1,Ambiguous/Mixed,ambiguous,0.907456430436349,423,425,0.8999351019674418,0.8982706432236526,0.0037395159604525726,10.0,2.456410752044168,True
GSM4138154,16,1,Ambiguous/Mixed,ambiguous,0.828703408821198,358,350,0.8215481739862732,0.8223186294756427,0.004532717902619563,10.0,1.4085984353593561,True
GSM4138112,16,1,Ambiguous/Mixed,ambiguous,0.8911251844670601,353,350,0.8733830869380714,0.8730517382757235,0.003719020763182527,10.0,4.859732532353606,True
GSM4138114,16,1,Ambiguous/Mixed,ambiguous,0.8780308440668321,351,350,0.8850913324254888,0.8854384305771605,0.0011052528383953737,10.0,-6.702164656806435,False
GSM4138167,16,1,Ambiguous/Mixed,ambiguous,0.8860657128214239,339,350,,,,,,False
GSM4138124,16,1,Ambiguous/Mixed,ambiguous,0.9183120164846629,334,325,0.9143729858414473,0.9158976429570458,0.00365199454525931,10.0,0.6611109347770545,True
GSM4138161,16,1,Ambiguous/Mixed,ambiguous,0.6616904258259255,316,325,0.6822926802925836,0.6790859835989507,0.008082075164104943,10.0,-2.152362780574516,False
GSM4138143,16,1,Ambiguous/Mixed,ambiguous,0.7217958195171283,311,300,0.6895750362364462,0.6876102253039906,0.00756706184097423,10.0,4.517684000945928,True
GSM4138117,16,1,Ambiguous/Mixed,ambiguous,0.7288872645835497,309,300,0.7044208911394206,0.7044824036384252,0.006529438652169568,10.0,3.737666014675762,True
GSM4138144,16,1,Ambiguous/Mixed,ambiguous,0.8447301209011375,296,300,0.8510652216854628,0.8492120904825141,0.00429985964774312,10.0,-1.0423525297457215,False
GSM4138118,16,1,Ambiguous/Mixed,ambiguous,0.8806061203810139,291,300,,,,,,False
GSM4138133,16,1,Ambiguous/Mixed,ambiguous,0.7325118153823715,287,275,0.7600125025175691,0.7596961520130545,0.01084208492606951,10.0,-2.507297887449577,False
GSM4138158,16,1,Ambiguous/Mixed,ambiguous,0.8965181318576152,277,275,0.8929583802283123,0.8927295970311503,0.0024443295860833805,10.0,1.5499279835398077,True
GSM4138111,16,1,Ambiguous/Mixed,ambiguous,0.703687980420933,274,275,0.6706956414688527,0.6659410672289726,0.012826862922767562,10.0,2.9428016358512656,True
GSM4138129,16,1,Ambiguous/Mixed,ambiguous,0.7269105921993628,235,225,0.7049417096183439,0.7068990468608105,0.011475119257719405,10.0,1.7439073955671867,True
GSM4138150,16,1,Ambiguous/Mixed,ambiguous,0.9005636086565314,189,200,,,,,,False
GSM4138121,16,1,Ambiguous/Mixed,ambiguous,0.6292695691444314,181,175,0.6358757811709982,0.6353049849205892,0.004581956410391792,10.0,-1.3172137042747782,False
GSM4138148,16,1,Ambiguous/Mixed,ambiguous,0.8491022885876082,175,175,0.851182691829546,0.8526637845811443,0.00508833153460405,10.0,-0.6999339507097009,False
GSM4138164,16,1,Ambiguous/Mixed,ambiguous,0.8395625379771497,155,150,0.8373912943454023,0.8394840808611127,0.005660958392826469,10.0,0.013859334514181459,True
GSM4138157,16,1,Ambiguous/Mixed,ambiguous,0.7116056144776074,147,150,0.6994318754200987,0.703613102000863,0.013020046612168787,10.0,0.6138620478727332,True
GSM4138115,16,1,Ambiguous/Mixed,ambiguous,0.7824822361379724,138,150,0.7611435749782368,0.7640054401936592,0.011045594654270286,10.0,1.6727751219052698,True
GSM4138113,16,1,Ambiguous/Mixed,ambiguous,0.7530439545808126,133,125,0.7418624638797393,0.7402713936620589,0.011335065125227525,10.0,1.1268184856147798,True
GSM4138159,16,1,Ambiguous/Mixed,ambiguous,0.7334372078259165,132,125,0.7200645822426817,0.7213334369157742,0.00971552145249618,10.0,1.2458179387821193,True
GSM4138119,16,1,Ambiguous/Mixed,ambiguous,0.6217358138676459,109,100,0.6350834081243945,0.6367601755475861,0.011796497825401764,10.0,-1.2736289958522973,False
GSM4138161,16,2,Ambiguous/Mixed,ambiguous,0.8945527231886002,71,75,0.7934800082794461,0.7900880609988918,0.019093576417786837,10.0,5.47119407616025,True
GSM4138131,16,2,Ambiguous/Mixed,ambiguous,0.9342457199423522,55,50,0.8415305947121112,0.8411825284014046,0.030352202367935933,10.0,3.06611001115555,True
GSM4138153,16,1,Ambiguous/Mixed,ambiguous,0.7569725958310277,53,50,0.7957236134393696,0.7871529687135751,0.0266825271843156,10.0,-1.1310912446212318,False
GSM4138141,16,4,Ambiguous/Mixed,ambiguous,0.9055818990138778,52,50,0.8900435014268286,0.8901090886724006,0.029603528026603508,10.0,0.5226677822850164,True
GSM4138139,16,5,Mast,specific,0.9808873992283764,44,50,0.8497700424179017,0.8489892535757297,0.02583433449671354,10.0,5.105536806819074,True
GSM4138145,16,2,Ambiguous/Mixed,ambiguous,0.9554398505142113,41,50,0.8639541963394225,0.8551855138959764,0.03320226051125106,10.0,3.0195033432817713,True
GSM4138131,16,4,Ambiguous/Mixed,ambiguous,0.9348822298915693,40,50,0.8415305947121112,0.8411825284014046,0.030352202367935933,10.0,3.087080810621804,True
GSM4138111,16,4,Ambiguous/Mixed,ambiguous,0.7055408889903342,39,50,0.8183961893699605,0.8271588557866159,0.033279857360471385,10.0,-3.6544016844475755,False
GSM4138123,16,2,Ambiguous/Mixed,ambiguous,0.9405660049312511,34,25,0.8699213661280445,0.8801549342541974,0.026021253875910234,10.0,2.3216049067097635,True
GSM4138111,16,2,Ambiguous/Mixed,ambiguous,0.9235173489195422,32,25,0.9111547497859049,0.9174711520389224,0.03172688570524009,10.0,0.1905701346420269,True
GSM4138143,16,2,Ambiguous/Mixed,ambiguous,0.9418482384530354,32,25,0.9450580936944553,0.9491119471886973,0.0170366173356051,10.0,-0.4263586246362007,False
GSM4138147,16,2,Ambiguous/Mixed,ambiguous,0.926339647205751,29,25,0.9260874884786799,0.91700049001221,0.03480209657643462,10.0,0.2683504188613981,True
GSM4138172,16,1,Ambiguous/Mixed,ambiguous,0.9250675073025703,29,25,0.9425151302916579,0.940877955876207,0.01005325236184313,10.0,-1.572670018077428,False
GSM4138112,16,2,Ambiguous/Mixed,ambiguous,0.9602570049670208,27,25,0.9627064512758634,0.9599645605323005,0.013878950244238929,10.0,0.021071077392305668,False
GSM4138147,16,1,Ambiguous/Mixed,ambiguous,0.7697945846460826,26,25,0.9260874884786799,0.91700049001221,0.03480209657643462,10.0,-4.229799921473816,False
GSM4138149,16,1,Ambiguous/Mixed,ambiguous,0.8837849547463279,25,25,0.9390651824540796,0.9368911783887327,0.04310263417779558,10.0,-1.23208765903599,False
GSM4138155,16,4,Ambiguous/Mixed,ambiguous,0.9384154121816363,25,25,0.9125995833019843,0.9086011184524632,0.0205912592617861,10.0,1.4479101715019147,True
GSM4138161,16,9,Ambiguous/Mixed,ambiguous,0.9368329701420803,25,25,0.9006733795091095,0.899784281210698,0.029310319391865933,10.0,1.2640151898741827,True
GSM4138141,16,2,Ambiguous/Mixed,ambiguous,0.9503814446079577,24,25,0.9592369758991124,0.9592641270747289,0.029027749588371645,10.0,-0.30600658310520584,False
GSM4138171,16,1,Ambiguous/Mixed,ambiguous,0.9869510290006211,24,25,0.9759808467049595,0.9775981664159804,0.00698398359901874,10.0,1.3391873637782932,True
GSM4138110,16,2,Ambiguous/Mixed,ambiguous,0.9586405193362261,22,25,0.9868341180732119,0.9867664570718897,0.011731289324245612,10.0,-2.3975146259102504,False
GSM4138170,16,1,Ambiguous/Mixed,ambiguous,0.9554491799751693,22,25,0.9509799860820786,0.9563853632594395,0.024233388108039735,10.0,-0.038631960173969714,True
GSM4138160,16,2,Ambiguous/Mixed,ambiguous,0.9799809267543613,22,25,0.9807110966306685,0.9779941749898674,0.016262702143506322,10.0,0.12216615338350946,False
GSM4138129,16,2,Ambiguous/Mixed,ambiguous,0.9657694631101916,21,25,0.931076450825193,0.9183711485744729,0.032131232378038686,10.0,1.4751477309695387,True
GSM4138143,16,5,Mast,specific,0.9718703199017851,21,25,0.9450580936944553,0.9491119471886973,0.0170366173356051,10.0,1.335850437018662,True
GSM4138113,16,2,Ambiguous/Mixed,ambiguous,0.9785979075224103,21,25,0.9240671724385692,0.9177122554283212,0.040209782289650685,10.0,1.514199993809963,True
GSM4138161,16,4,Ambiguous/Mixed,ambiguous,0.972519838385353,21,25,0.9006733795091095,0.899784281210698,0.029310319391865933,10.0,2.481568221833854,True
GSM4138122,16,2,Ambiguous/Mixed,ambiguous,0.9850627871621725,20,25,0.9792524358015444,0.9750685359411753,0.0122815856284961,10.0,0.8137590310658525,True
GSM4138155,16,2,Ambiguous/Mixed,ambiguous,0.952380211724708,20,25,0.9125995833019843,0.9086011184524632,0.0205912592617861,10.0,2.1261008234446077,True
GSM4138128,16,2,Ambiguous/Mixed,ambiguous,0.9850627871621725,20,25,0.9844528974607618,0.9831021452587395,0.010708099409941723,10.0,0.18309896353901203,True
GSM4138151,16,1,Ambiguous/Mixed,ambiguous,0.9728008636809743,19,25,0.9827178817478986,0.9846374919959022,0.012571234817351205,10.0,-0.9415644912296646,False
GSM4138139,16,2,Ambiguous/Mixed,ambiguous,0.9761582114583718,19,25,0.9357290956556907,0.9337225384790877,0.0319793612246252,10.0,1.326970625873764,True
GSM4138111,16,5,Mast,specific,0.9776396373839983,19,25,0.9111547497859049,0.9174711520389224,0.03172688570524009,10.0,1.8964510385315987,True
GSM4138123,16,4,Ambiguous/Mixed,ambiguous,0.9472991367645633,19,25,0.8699213661280445,0.8801549342541974,0.026021253875910234,10.0,2.580359994586048,True
GSM4138130,16,2,Ambiguous/Mixed,ambiguous,0.9906045811238835,18,25,0.9804453099621897,0.9776933830033974,0.009270985594780661,10.0,1.3926456889065628,True
GSM4138131,16,9,Ambiguous/Mixed,ambiguous,0.9644913547523151,18,25,0.923417081484569,0.9232553144549218,0.039261461223893256,10.0,1.0502930612347747,True
GSM4138169,16,1,Ambiguous/Mixed,ambiguous,0.9803894539291542,17,25,0.9684676443498503,0.9684676443498503,0.0,10.0,inf,True
GSM4138156,16,2,Ambiguous/Mixed,ambiguous,0.9620408232828553,17,25,0.9698181957191854,0.9722365261537428,0.012198344324638207,10.0,-0.8358267810406182,False
GSM4138134,16,2,Ambiguous/Mixed,ambiguous,0.9873183191678601,17,25,0.9819249423843273,0.9821690248976547,0.015217447096237586,10.0,0.3383809542849348,True
GSM4138162,16,2,Ambiguous/Mixed,ambiguous,0.9897606953288196,17,25,0.9600140953042835,0.9563751722194592,0.016814135194355585,10.0,1.9855629042740017,True
GSM4138131,16,5,Mast,specific,0.9700972690342095,17,25,0.923417081484569,0.9232553144549218,0.039261461223893256,10.0,1.1930772090260648,True
GSM4138163,16,2,Ambiguous/Mixed,ambiguous,0.9858316108356697,17,25,0.9585446561255815,0.9609096758297184,0.017601132002729513,10.0,1.4159279642972116,True
GSM4138133,16,2,Ambiguous/Mixed,ambiguous,0.9895608253565897,16,25,0.9093942843333844,0.9134138789599708,0.020292895865104355,10.0,3.752394281368246,True
GSM4138155,16,5,Mast,specific,0.9491554127543788,16,25,0.9125995833019843,0.9086011184524632,0.0205912592617861,10.0,1.9694907332441545,True
GSM4138152,16,2,Ambiguous/Mixed,ambiguous,0.992154406195808,16,25,0.9641180515152854,0.957583050979306,0.02067585370218309,10.0,1.6720642211185572,True
GSM4138168,16,4,Ambiguous/Mixed,ambiguous,0.984965936378603,16,25,0.9541628191306922,0.9543500656433102,0.015998487667747092,10.0,1.9136728027746228,True
GSM4138135,16,5,Mast,specific,0.9907505629310543,15,25,0.9262103971686568,0.9299491761958603,0.027728452087857892,10.0,2.192743631795394,True
GSM4138155,16,9,Ambiguous/Mixed,ambiguous,0.971250174174332,15,25,0.9125995833019843,0.9086011184524632,0.0205912592617861,10.0,3.0425072563743063,True
GSM4138145,16,4,Ambiguous/Mixed,ambiguous,0.9620728769110692,15,25,0.9581722339130803,0.9672380217135125,0.025825993587039915,10.0,-0.19999791237597236,True
GSM4138143,16,4,Ambiguous/Mixed,ambiguous,0.9845546467384754,15,25,0.9450580936944553,0.9491119471886973,0.0170366173356051,10.0,2.080383614398958,True
GSM4138134,17,1,Ambiguous/Mixed,ambiguous,0.9564816571725439,1208,1200,0.9514564630867532,0.9512295751909872,0.0008075577946875117,10.0,6.5036608105417475,True
GSM4138156,17,1,Ambiguous/Mixed,ambiguous,0.8942430469671653,910,900,0.8871962172245604,0.8885619049646192,0.0035162232327363356,10.0,1.615694347746238,True
GSM4138135,17,1,Ambiguous/Mixed,ambiguous,0.6799827781610767,791,800,0.6765251452729626,0.6776298149615815,0.005728008160544079,10.0,0.4107820962447243,True
GSM4138126,17,1,Ambiguous/Mixed,ambiguous,0.9527362503822029,754,750,0.9538573827526964,0.9539020316682425,0.0002101539933936338,10.0,-5.5472716326452085,False
GSM4138116,17,1,Ambiguous/Mixed,ambiguous,0.921859063942928,703,700,0.9217260418786248,0.9217348768857916,0.00022669976466545822,10.0,0.547804084930231,True
GSM4138140,17,1,Ambiguous/Mixed,ambiguous,0.9074706201396279,700,700,0.9078111651806406,0.9068905802054197,0.0017668472697567185,10.0,0.32829093048209795,False
GSM4138142,17,1,Ambiguous/Mixed,ambiguous,0.9073387779406185,686,675,0.9093947544295217,0.9092609516844246,0.001328016032232219,10.0,-1.4474025140910234,False
GSM4138137,17,1,Ambiguous/Mixed,ambiguous,0.760944555137395,676,675,0.7528404803419062,0.7522074867869558,0.0034350491362211692,10.0,2.543506076320839,True
GSM4138136,17,1,Ambiguous/Mixed,ambiguous,0.8983071178070957,638,650,,,,,,False
GSM4138132,17,1,Ambiguous/Mixed,ambiguous,0.9332215748621393,634,625,0.9370845903608469,0.9367592970692484,0.0011512399667982765,10.0,-3.0729668089511506,False
GSM4138110,17,1,Ambiguous/Mixed,ambiguous,0.9116126366769164,625,625,0.9060897039154181,0.9066685629294383,0.0015164147847689798,10.0,3.260370313674622,True
GSM4138155,17,1,Ambiguous/Mixed,ambiguous,0.602115724827359,607,600,0.5950139801123322,0.5970225597087804,0.005601399737453594,10.0,0.9092664971798574,True
GSM4138120,17,1,Ambiguous/Mixed,ambiguous,0.846890588209144,606,600,0.8443952529491889,0.8440244997402349,0.0009759269134653771,10.0,2.9367859717404983,True
GSM4138123,17,1,Ambiguous/Mixed,ambiguous,0.69384250773175,594,600,0.674896754983179,0.6737345892913613,0.004944905930194675,10.0,4.066390488362051,True
GSM4138130,17,1,Ambiguous/Mixed,ambiguous,0.9187907516407764,574,575,0.9001695525010971,0.9005950010084701,0.002005367489728226,10.0,9.073524291935252,True
GSM4138138,17,1,Ambiguous/Mixed,ambiguous,0.8863480583955775,574,575,0.9043714999078616,0.9048127741948289,0.0011477243306989308,10.0,-16.088110450709777,False
GSM4138128,17,1,Ambiguous/Mixed,ambiguous,0.8778952522570448,543,550,0.8836444036268716,0.8844613770301131,0.002162722762049103,10.0,-3.036045529408084,False
GSM4138122,17,1,Ambiguous/Mixed,ambiguous,0.8778952522570448,543,550,0.8827907504497787,0.8834174043870373,0.0014808083294433284,10.0,-3.729147128763403,False
GSM4138125,17,1,Ambiguous/Mixed,ambiguous,0.7103375370683442,507,500,0.7014981261775172,0.7015153000256493,0.002769214701578894,10.0,3.185826305798836,True
GSM4138141,17,1,Ambiguous/Mixed,ambiguous,0.7176003654559986,488,500,0.707666026996487,0.7085396856630432,0.010454112487590933,10.0,0.8667096134378215,True
GSM4138160,17,1,Ambiguous/Mixed,ambiguous,0.8970156359462313,483,475,0.8596701616474662,0.8611821379546842,0.005928421014857502,10.0,6.0443578318312845,True
GSM4138162,17,1,Ambiguous/Mixed,ambiguous,0.8903449763710076,482,475,0.8860682449565281,0.8865330642353026,0.0033742582927845464,10.0,1.1297037170676294,True
GSM4138139,17,1,Ambiguous/Mixed,ambiguous,0.6613984727160733,469,475,0.6382415013622907,0.6396282294100724,0.007882137676800979,10.0,2.7619719673352083,True
GSM4138145,17,1,Ambiguous/Mixed,ambiguous,0.7054932007101462,464,475,0.695688118075954,0.6975502767452904,0.008115125997342583,10.0,0.9787801159780981,True
GSM4138166,17,1,Ambiguous/Mixed,ambiguous,0.8930343452393907,462,450,0.8914495290738329,0.8909445403043348,0.002325858948398227,10.0,0.898508887005017,True
GSM4138152,17,1,Ambiguous/Mixed,ambiguous,0.8564057272384606,458,450,0.8487683296515977,0.8495548372199156,0.0031139402567368288,10.0,2.2000711168827003,True
GSM4138146,17,1,Ambiguous/Mixed,ambiguous,0.8821015458178882,453,450,0.8875859959393546,0.8872812173595259,0.004673913580633739,10.0,-1.1082086675927287,False
GSM4138165,17,1,Ambiguous/Mixed,ambiguous,0.8958687442704026,434,425,0.8973809165987539,0.8971954250620143,0.0005295584220022184,10.0,-2.5052586012995786,False
GSM4138163,17,1,Ambiguous/Mixed,ambiguous,0.907456430436349,423,425,0.8999351019674418,0.8982706432236526,0.0037395159604525726,10.0,2.456410752044168,True
GSM4138131,17,1,Ambiguous/Mixed,ambiguous,0.7228153387446619,379,375,0.7070850492915985,0.704110533544973,0.009292364900934703,10.0,2.0129219417338406,True
GSM4138154,17,1,Ambiguous/Mixed,ambiguous,0.828703408821198,358,350,0.8215481739862732,0.8223186294756427,0.004532717902619563,10.0,1.4085984353593561,True
GSM4138112,17,1,Ambiguous/Mixed,ambiguous,0.8911251844670601,353,350,0.8733830869380714,0.8730517382757235,0.003719020763182527,10.0,4.859732532353606,True
GSM4138114,17,1,Ambiguous/Mixed,ambiguous,0.8776525790581275,349,350,0.8850913324254888,0.8854384305771605,0.0011052528383953737,10.0,-7.044407622003157,False
GSM4138127,17,1,Ambiguous/Mixed,ambiguous,0.7252966702973188,342,350,0.7153812798831316,0.7173914805770136,0.006147530876046861,10.0,1.2859129754202352,True
GSM4138167,17,1,Ambiguous/Mixed,ambiguous,0.8860657128214239,339,350,,,,,,False
GSM4138124,17,1,Ambiguous/Mixed,ambiguous,0.9180306190916478,332,325,0.9143729858414473,0.9158976429570458,0.00365199454525931,10.0,0.5840578643171572,True
GSM4138143,17,1,Ambiguous/Mixed,ambiguous,0.7136559401875107,309,300,0.6895750362364462,0.6876102253039906,0.00756706184097423,10.0,3.441985202564004,True
GSM4138117,17,1,Ambiguous/Mixed,ambiguous,0.731579950083016,299,300,0.7044208911394206,0.7044824036384252,0.006529438652169568,10.0,4.150057591181595,True
GSM4138144,17,1,Ambiguous/Mixed,ambiguous,0.8447301209011375,296,300,0.8510652216854628,0.8492120904825141,0.00429985964774312,10.0,-1.0423525297457215,False
GSM4138118,17,1,Ambiguous/Mixed,ambiguous,0.8806061203810139,291,300,,,,,,False
GSM4138133,17,1,Ambiguous/Mixed,ambiguous,0.7322725713381031,285,275,0.7600125025175691,0.7596961520130545,0.01084208492606951,10.0,-2.5293641270981144,False
GSM4138161,17,1,Ambiguous/Mixed,ambiguous,0.6733900120003447,283,275,0.681230850081489,0.6828857174609329,0.01310257417114142,10.0,-0.7247206034904659,False
GSM4138158,17,1,Ambiguous/Mixed,ambiguous,0.895562265736303,277,275,0.8929583802283123,0.8927295970311503,0.0024443295860833805,10.0,1.1588734683245472,True
GSM4138111,17,1,Ambiguous/Mixed,ambiguous,0.7033283095234525,273,275,0.6706956414688527,0.6659410672289726,0.012826862922767562,10.0,2.9147611945020375,True
GSM4138131,17,3,Ambiguous/Mixed,ambiguous,0.742286334848258,239,250,0.7111766982357738,0.7129593007579643,0.0105610115179005,10.0,2.7769152642798955,True
GSM4138129,17,1,Ambiguous/Mixed,ambiguous,0.7327903692100024,230,225,0.7049417096183439,0.7068990468608105,0.011475119257719405,10.0,2.256300938378012,True
GSM4138150,17,1,Ambiguous/Mixed,ambiguous,0.897909786957394,190,200,,,,,,False
GSM4138148,17,1,Ambiguous/Mixed,ambiguous,0.84862915163583,176,175,0.851182691829546,0.8526637845811443,0.00508833153460405,10.0,-0.7929186449185098,False
GSM4138121,17,1,Ambiguous/Mixed,ambiguous,0.637290501145087,165,175,0.6358757811709982,0.6353049849205892,0.004581956410391792,10.0,0.43333372181252444,True
GSM4138164,17,1,Ambiguous/Mixed,ambiguous,0.8405758277504751,154,150,0.8373912943454023,0.8394840808611127,0.005660958392826469,10.0,0.19285548728743113,True
GSM4138157,17,1,Ambiguous/Mixed,ambiguous,0.7077876819974431,137,125,0.7319188723355624,0.7324738550736527,0.013576974341520678,10.0,-1.8182381770226295,False
GSM4138115,17,1,Ambiguous/Mixed,ambiguous,0.7535062421395371,136,125,0.7776255670355046,0.7750482916849584,0.02461448754548891,10.0,-0.8751776572886352,False
GSM4138113,17,1,Ambiguous/Mixed,ambiguous,0.7517794469012833,130,125,0.7418624638797393,0.7402713936620589,0.011335065125227525,10.0,1.0152613251080407,True
GSM4138159,17,1,Ambiguous/Mixed,ambiguous,0.7292001878706018,129,125,0.7200645822426817,0.7213334369157742,0.00971552145249618,10.0,0.8097095964732188,True
GSM4138161,17,2,DC_pDC,specific,0.8388476215445075,107,100,0.7556751157728048,0.756615966500042,0.016341279346029823,10.0,5.0321430350215515,True
GSM4138119,17,1,Ambiguous/Mixed,ambiguous,0.6315585732975253,106,100,0.6350834081243945,0.6367601755475861,0.011796497825401764,10.0,-0.4409446199244035,False
GSM4138131,17,2,DC_pDC,specific,0.899499147701942,102,100,0.7557043535409838,0.7611333360605689,0.015599965739677184,10.0,8.869622789584172,True
GSM4138139,17,3,Ambiguous/Mixed,ambiguous,0.8238625724987324,94,100,0.7661395734840504,0.7646397932166333,0.02201728160275333,10.0,2.689831576423725,True
GSM4138127,17,3,Ambiguous/Mixed,ambiguous,0.8399157731836319,85,75,0.8245307197885778,0.8331419999182161,0.03359698448937056,10.0,0.20161848952720204,True
GSM4138141,17,2,DC_pDC,specific,0.872884211290669,79,75,0.831470497790985,0.8278099593248556,0.0276992532023982,10.0,1.6272731844593868,True
GSM4138111,17,2,DC_pDC,specific,0.7585732705976863,75,75,0.7806089576382846,0.789021593047926,0.0342033162138128,10.0,-0.8902155060024058,False
GSM4138145,17,2,DC_pDC,specific,0.8730018788423619,59,50,0.8639541963394225,0.8551855138959764,0.03320226051125106,10.0,0.5366009624660396,True
GSM4138123,17,2,DC_pDC,specific,0.9219823949716895,55,50,0.7850821070212497,0.7888663908895278,0.026193388641296472,10.0,5.082045927890794,True
GSM4138153,17,1,Ambiguous/Mixed,ambiguous,0.7571363845666212,52,50,0.7957236134393696,0.7871529687135751,0.0266825271843156,10.0,-1.1249528179848745,False
GSM4138143,17,2,DC_pDC,specific,0.9010230088025778,49,50,0.8716764985029095,0.8679807590756784,0.04169045767387151,10.0,0.7925614533996309,True
GSM4138139,17,4,Mast,specific,0.9760707050546682,49,50,0.8497700424179017,0.8489892535757297,0.02583433449671354,10.0,4.919091354766846,True
GSM4138141,17,3,Ambiguous/Mixed,ambiguous,0.9010852453912294,46,50,0.8900435014268286,0.8901090886724006,0.029603528026603508,10.0,0.3707719130289118,True
GSM4138155,17,2,DC_pDC,specific,0.9313119615696803,45,50,0.8116719002969048,0.8001558755817797,0.0330336939627996,10.0,3.970372981465533,True
GSM4138113,17,2,DC_pDC,specific,0.7790241772949414,39,50,0.8350619853836887,0.834037813788137,0.024529631773840915,10.0,-2.242742043599026,False
GSM4138161,17,3,Ambiguous/Mixed,ambiguous,0.8624332887908328,33,25,0.9006733795091095,0.899784281210698,0.029310319391865933,10.0,-1.2743290825493578,False
GSM4138147,17,2,DC_pDC,specific,0.925292417692126,32,25,0.9260874884786799,0.91700049001221,0.03480209657643462,10.0,0.23825942962099353,False
GSM4138172,17,1,Ambiguous/Mixed,ambiguous,0.9250675073025703,29,25,0.9425151302916579,0.940877955876207,0.01005325236184313,10.0,-1.572670018077428,False
GSM4138137,17,3,Ambiguous/Mixed,ambiguous,0.9104432698490477,29,25,0.926176546037629,0.9188558130939726,0.02524688033865908,10.0,-0.3332111980601132,False
GSM4138129,17,2,DC_pDC,specific,0.9619947733683699,27,25,0.931076450825193,0.9183711485744729,0.032131232378038686,10.0,1.3576704522454999,True
GSM4138112,17,2,DC_pDC,specific,0.9602570049670208,27,25,0.9627064512758634,0.9599645605323005,0.013878950244238929,10.0,0.021071077392305668,False
GSM4138135,17,3,Ambiguous/Mixed,ambiguous,0.9027923632356255,26,25,0.9262103971686568,0.9299491761958603,0.027728452087857892,10.0,-0.9793843837437484,False
GSM4138143,17,4,Mast,specific,0.9711950399790478,26,25,0.9450580936944553,0.9491119471886973,0.0170366173356051,10.0,1.2962134651107453,True
GSM4138139,17,2,DC_pDC,specific,0.9691574724819125,25,25,0.9357290956556907,0.9337225384790877,0.0319793612246252,10.0,1.108056341523755,True
GSM4138127,17,2,DC_pDC,specific,0.9545721348909166,25,25,0.9607701486208685,0.958907948415632,0.02307048316562853,10.0,-0.18793769916249708,False
GSM4138149,17,1,Ambiguous/Mixed,ambiguous,0.9201138462142596,24,25,0.9390651824540796,0.9368911783887327,0.04310263417779558,10.0,-0.38924145808044286,False
GSM4138171,17,1,Ambiguous/Mixed,ambiguous,0.9869510290006211,24,25,0.9759808467049595,0.9775981664159804,0.00698398359901874,10.0,1.3391873637782932,True
GSM4138111,17,4,Mast,specific,0.9777467774819784,24,25,0.9111547497859049,0.9174711520389224,0.03172688570524009,10.0,1.8998279882573128,True
GSM4138160,17,2,DC_pDC,specific,0.980833886723325,23,25,0.9807110966306685,0.9779941749898674,0.016262702143506322,10.0,0.17461499991817436,True
GSM4138110,17,2,DC_pDC,specific,0.957927971353203,23,25,0.9868341180732119,0.9867664570718897,0.011731289324245612,10.0,-2.4582537282653902,False
GSM4138147,17,1,Ambiguous/Mixed,ambiguous,0.7769606233087982,23,25,0.9260874884786799,0.91700049001221,0.03480209657643462,10.0,-4.023891675487053,False
GSM4138170,17,1,Ambiguous/Mixed,ambiguous,0.9554491799751693,22,25,0.9509799860820786,0.9563853632594395,0.024233388108039735,10.0,-0.038631960173969714,True
GSM4138130,17,2,DC_pDC,specific,0.9635006795258367,22,25,0.9804453099621897,0.9776933830033974,0.009270985594780661,10.0,-1.5308732100231908,False
GSM4138133,17,2,DC_pDC,specific,0.9840886463775538,22,25,0.9093942843333844,0.9134138789599708,0.020292895865104355,10.0,3.4827344449697395,True
GSM4138128,17,2,DC_pDC,specific,0.9852221605078891,21,25,0.9844528974607618,0.9831021452587395,0.010708099409941723,10.0,0.19798240266441067,True
GSM4138122,17,2,DC_pDC,specific,0.9852221605078891,21,25,0.9792524358015444,0.9750685359411753,0.0122815856284961,10.0,0.8267356409709125,True
GSM4138115,17,2,DC_pDC,specific,0.9691565220072408,21,25,0.9613827702706941,0.9602304947917325,0.021745965538883007,10.0,0.41046819464272777,True
GSM4138156,17,2,DC_pDC,specific,0.9620974772623492,19,25,0.9698181957191854,0.9722365261537428,0.012198344324638207,10.0,-0.8311823819331584,False
GSM4138151,17,2,DC_pDC,specific,0.9603088755093212,18,25,0.9827178817478986,0.9846374919959022,0.012571234817351205,10.0,-1.935260683620508,False
GSM4138151,17,1,Ambiguous/Mixed,ambiguous,0.971129544509469,18,25,0.9827178817478986,0.9846374919959022,0.012571234817351205,10.0,-1.0745123834445574,False
GSM4138135,17,4,Mast,specific,1.0,18,25,0.9262103971686568,0.9299491761958603,0.027728452087857892,10.0,2.5263156984812194,True
GSM4138121,17,3,Ambiguous/Mixed,ambiguous,0.9157733135540039,18,25,0.8588424057810767,0.8648333879843543,0.02589934807083429,10.0,1.9668420004368374,True
GSM4138135,17,2,DC_pDC,specific,0.9784301578221191,18,25,0.9262103971686568,0.9299491761958603,0.027728452087857892,10.0,1.7484200514563994,True
GSM4138134,17,2,DC_pDC,specific,0.9871598340956714,18,25,0.9819249423843273,0.9821690248976547,0.015217447096237586,10.0,0.3279662591533306,True
GSM4138157,17,2,DC_pDC,specific,0.9465188856506419,18,25,0.968189445659703,0.967113018075611,0.0247939680093005,10.0,-0.8306105911423298,False
GSM4138162,17,2,DC_pDC,specific,0.9874852193913165,18,25,0.9600140953042835,0.9563751722194592,0.016814135194355585,10.0,1.850231772984718,True
GSM4138155,17,9,Ambiguous/Mixed,ambiguous,0.9485427231163495,17,25,0.9125995833019843,0.9086011184524632,0.0205912592617861,10.0,1.9397358925984276,True
GSM4138152,17,2,DC_pDC,specific,0.9921940205963988,17,25,0.9641180515152854,0.957583050979306,0.02067585370218309,10.0,1.6739801952380045,True
GSM4138163,17,2,DC_pDC,specific,0.9858316108356697,17,25,0.9585446561255815,0.9609096758297184,0.017601132002729513,10.0,1.4159279642972116,True
GSM4138131,17,4,Mast,specific,0.9845419573020023,17,25,0.923417081484569,0.9232553144549218,0.039261461223893256,10.0,1.5609873126623073,True
GSM4138155,17,4,Mast,specific,0.9491554127543788,16,25,0.9125995833019843,0.9086011184524632,0.0205912592617861,10.0,1.9694907332441545,True
GSM4138169,17,1,Ambiguous/Mixed,ambiguous,0.9861086279777734,16,25,0.9684676443498503,0.9684676443498503,0.0,10.0,inf,True
GSM4138117,17,2,DC_pDC,specific,0.9528621852287787,15,25,0.9147496893500744,0.9146754506733146,0.020995821291890267,10.0,1.8187778427231127,True
GSM4138117,17,4,Mast,specific,0.9848958966969695,15,25,0.9147496893500744,0.9146754506733146,0.020995821291890267,10.0,3.3444962713022295,True
GSM4138134,18,1,Ambiguous/Mixed,ambiguous,0.9564748796025837,1210,1200,0.9514564630867532,0.9512295751909872,0.0008075577946875117,10.0,6.495268135732918,True
GSM4138156,18,1,Ambiguous/Mixed,ambiguous,0.8960803078668969,918,925,0.8886977449779212,0.8889503196162529,0.003913135749290336,10.0,1.8220651435199966,True
GSM4138135,18,1,Ambiguous/Mixed,ambiguous,0.6924472393962755,761,750,0.6791389260768637,0.6785640526920028,0.00562073613810633,10.0,2.4699943856375444,True
GSM4138126,18,1,Ambiguous/Mixed,ambiguous,0.9528333071672443,756,750,0.9538573827526964,0.9539020316682425,0.0002101539933936338,10.0,-5.085435131353196,False
GSM4138116,18,1,Ambiguous/Mixed,ambiguous,0.9217166910356253,703,700,0.9217260418786248,0.9217348768857916,0.00022669976466545822,10.0,-0.08021997814231106,False
GSM4138140,18,1,Ambiguous/Mixed,ambiguous,0.9082641761136105,701,700,0.9078111651806406,0.9068905802054197,0.0017668472697567185,10.0,0.7774276428431728,True
GSM4138142,18,1,Ambiguous/Mixed,ambiguous,0.9083915205313742,688,700,,,,,,False
GSM4138132,18,1,Ambiguous/Mixed,ambiguous,0.9330891875510585,640,650,,,,,,False
GSM4138137,18,1,Ambiguous/Mixed,ambiguous,0.7524828679463952,639,650,0.7550011202909028,0.7532130086682043,0.006710407785024597,10.0,-0.10880720594038032,False
GSM4138136,18,1,Ambiguous/Mixed,ambiguous,0.898287966151853,639,650,,,,,,False
GSM4138110,18,1,Ambiguous/Mixed,ambiguous,0.9116126366769164,625,625,0.9060897039154181,0.9066685629294383,0.0015164147847689798,10.0,3.260370313674622,True
GSM4138120,18,1,Ambiguous/Mixed,ambiguous,0.8473069186100034,608,600,0.8443952529491889,0.8440244997402349,0.0009759269134653771,10.0,3.3633859508117707,True
GSM4138155,18,1,Ambiguous/Mixed,ambiguous,0.5964071851838298,601,600,0.5950139801123322,0.5970225597087804,0.005601399737453594,10.0,-0.1098608479655265,True
GSM4138131,18,1,Ambiguous/Mixed,ambiguous,0.7055970919766884,600,600,0.6880342969089783,0.6900630851401233,0.006909772908501078,10.0,2.2481211817328592,True
GSM4138130,18,1,Ambiguous/Mixed,ambiguous,0.9195720004968945,581,575,0.9001695525010971,0.9005950010084701,0.002005367489728226,10.0,9.46310318962844,True
GSM4138138,18,1,Ambiguous/Mixed,ambiguous,0.8860735004110856,575,575,0.9043714999078616,0.9048127741948289,0.0011477243306989308,10.0,-16.327329901886475,False
GSM4138123,18,1,Ambiguous/Mixed,ambiguous,0.6877277364138019,544,550,0.6784234072551489,0.6778744843113707,0.004680732912351878,10.0,2.1050660840804962,True
GSM4138122,18,1,Ambiguous/Mixed,ambiguous,0.8831250478199913,544,550,0.8827907504497787,0.8834174043870373,0.0014808083294433284,10.0,-0.19743039070820412,True
GSM4138128,18,1,Ambiguous/Mixed,ambiguous,0.8831250478199913,544,550,0.8836444036268716,0.8844613770301131,0.002162722762049103,10.0,-0.6178920542065218,False
GSM4138139,18,1,Ambiguous/Mixed,ambiguous,0.6439578839072384,541,550,0.6327679537040859,0.6344243302416024,0.0060232206342205295,10.0,1.5828000076025381,True
GSM4138141,18,1,Ambiguous/Mixed,ambiguous,0.7199673470750997,534,525,0.7007508877676918,0.7019641784820522,0.0077813893165206635,10.0,2.3136187974588287,True
GSM4138125,18,1,Ambiguous/Mixed,ambiguous,0.7089549171885207,502,500,0.7014981261775172,0.7015153000256493,0.002769214701578894,10.0,2.6865440078118787,True
GSM4138160,18,1,Ambiguous/Mixed,ambiguous,0.8973504704889755,485,475,0.8596701616474662,0.8611821379546842,0.005928421014857502,10.0,6.100837380416825,True
GSM4138162,18,1,Ambiguous/Mixed,ambiguous,0.8911671709487927,485,475,0.8860682449565281,0.8865330642353026,0.0033742582927845464,10.0,1.3733704747498325,True
GSM4138145,18,1,Ambiguous/Mixed,ambiguous,0.701373273797524,470,475,0.695688118075954,0.6975502767452904,0.008115125997342583,10.0,0.4710952181747459,True
GSM4138166,18,1,Ambiguous/Mixed,ambiguous,0.8925608836740853,466,475,,,,,,False
GSM4138152,18,1,Ambiguous/Mixed,ambiguous,0.8566229961551394,459,450,0.8487683296515977,0.8495548372199156,0.0031139402567368288,10.0,2.2698441050473503,True
GSM4138146,18,1,Ambiguous/Mixed,ambiguous,0.8883689139165786,458,450,0.8875859959393546,0.8872812173595259,0.004673913580633739,10.0,0.23271644592649307,True
GSM4138165,18,1,Ambiguous/Mixed,ambiguous,0.8949850658164404,437,425,0.8973809165987539,0.8971954250620143,0.0005295584220022184,10.0,-4.173966749913441,False
GSM4138163,18,1,Ambiguous/Mixed,ambiguous,0.907456430436349,423,425,0.8999351019674418,0.8982706432236526,0.0037395159604525726,10.0,2.456410752044168,True
GSM4138127,18,1,Ambiguous/Mixed,ambiguous,0.7063511677072831,401,400,0.714148532887948,0.7116394578130107,0.009557145035045555,10.0,-0.5533336667316167,False
GSM4138154,18,1,Ambiguous/Mixed,ambiguous,0.828703408821198,358,350,0.8215481739862732,0.8223186294756427,0.004532717902619563,10.0,1.4085984353593561,True
GSM4138112,18,1,Ambiguous/Mixed,ambiguous,0.89109398562983,354,350,0.8733830869380714,0.8730517382757235,0.003719020763182527,10.0,4.851343539869619,True
GSM4138114,18,1,Ambiguous/Mixed,ambiguous,0.8780308440668321,351,350,0.8850913324254888,0.8854384305771605,0.0011052528383953737,10.0,-6.702164656806435,False
GSM4138167,18,1,Ambiguous/Mixed,ambiguous,0.8860657128214239,339,350,,,,,,False
GSM4138124,18,1,Ambiguous/Mixed,ambiguous,0.9182810382349073,334,325,0.9143729858414473,0.9158976429570458,0.00365199454525931,10.0,0.6526283783625513,True
GSM4138143,18,1,Ambiguous/Mixed,ambiguous,0.7178905277216622,310,300,0.6895750362364462,0.6876102253039906,0.00756706184097423,10.0,4.00159309571244,True
GSM4138161,18,1,Ambiguous/Mixed,ambiguous,0.6618015702603262,307,300,0.6794311450343953,0.6773020816239312,0.015048385731833617,10.0,-1.0300447928321663,False
GSM4138117,18,1,Ambiguous/Mixed,ambiguous,0.7148884226245824,305,300,0.7044208911394206,0.7044824036384252,0.006529438652169568,10.0,1.5937080567713995,True
GSM4138144,18,1,Ambiguous/Mixed,ambiguous,0.8497744864323267,297,300,0.8510652216854628,0.8492120904825141,0.00429985964774312,10.0,0.13079402489514783,False
GSM4138118,18,1,Ambiguous/Mixed,ambiguous,0.8806061203810139,291,300,,,,,,False
GSM4138133,18,1,Ambiguous/Mixed,ambiguous,0.7362264966591631,284,275,0.7600125025175691,0.7596961520130545,0.01084208492606951,10.0,-2.1646810105184917,False
GSM4138158,18,1,Ambiguous/Mixed,ambiguous,0.8955717529007992,278,275,0.8929583802283123,0.8927295970311503,0.0024443295860833805,10.0,1.1627547634453559,True
GSM4138111,18,1,Ambiguous/Mixed,ambiguous,0.7112116343796204,275,275,0.6706956414688527,0.6659410672289726,0.012826862922767562,10.0,3.5293561195148486,True
GSM4138129,18,1,Ambiguous/Mixed,ambiguous,0.726127173711149,233,225,0.7049417096183439,0.7068990468608105,0.011475119257719405,10.0,1.6756363414178517,True
GSM4138150,18,1,Ambiguous/Mixed,ambiguous,0.897909786957394,190,200,,,,,,False
GSM4138148,18,1,Ambiguous/Mixed,ambiguous,0.8486461862551625,177,175,0.851182691829546,0.8526637845811443,0.00508833153460405,10.0,-0.7895708639776041,False
GSM4138121,18,1,Ambiguous/Mixed,ambiguous,0.632522224679964,175,175,0.6358757811709982,0.6353049849205892,0.004581956410391792,10.0,-0.6073301427123866,False
GSM4138164,18,1,Ambiguous/Mixed,ambiguous,0.8395625379771497,155,150,0.8373912943454023,0.8394840808611127,0.005660958392826469,10.0,0.013859334514181459,True
GSM4138157,18,1,Ambiguous/Mixed,ambiguous,0.7090044310400205,143,150,0.6994318754200987,0.703613102000863,0.013020046612168787,10.0,0.4140790889426364,True
GSM4138115,18,1,Ambiguous/Mixed,ambiguous,0.7564160398142654,136,125,0.7776255670355046,0.7750482916849584,0.02461448754548891,10.0,-0.7569628185945183,False
GSM4138159,18,1,Ambiguous/Mixed,ambiguous,0.7334372078259165,132,125,0.7200645822426817,0.7213334369157742,0.00971552145249618,10.0,1.2458179387821193,True
GSM4138113,18,1,Ambiguous/Mixed,ambiguous,0.7502522802005268,132,125,0.7418624638797393,0.7402713936620589,0.011335065125227525,10.0,0.8805319094509937,True
GSM4138119,18,1,Ambiguous/Mixed,ambiguous,0.645896949050301,107,100,0.6350834081243945,0.6367601755475861,0.011796497825401764,10.0,0.7745327162304404,True
GSM4138137,18,6,Ambiguous/Mixed,ambiguous,0.8226875116619194,67,75,0.8112279979170152,0.8159020816159839,0.015441428125629543,10.0,0.43943021271932575,True
GSM4138161,18,5,Ambiguous/Mixed,ambiguous,0.9070617342272451,63,75,0.7934800082794461,0.7900880609988918,0.019093576417786837,10.0,6.1263364531008,True
GSM4138123,18,6,Ambiguous/Mixed,ambiguous,0.8062316337918113,62,50,0.7850821070212497,0.7888663908895278,0.026193388641296472,10.0,0.6629628239434987,True
GSM4138135,18,6,Ambiguous/Mixed,ambiguous,0.8064139415728604,57,50,0.8531425742537564,0.8504722957490571,0.01800954009829069,10.0,-2.446389743199405,False
GSM4138131,18,5,Ambiguous/Mixed,ambiguous,0.9281979205458308,56,50,0.8415305947121112,0.8411825284014046,0.030352202367935933,10.0,2.866855956269891,True
GSM4138131,18,2,DC_pDC,specific,0.9077713807619745,53,50,0.8415305947121112,0.8411825284014046,0.030352202367935933,10.0,2.1938721794670935,True
GSM4138153,18,1,Ambiguous/Mixed,ambiguous,0.7456886730549799,53,50,0.7957236134393696,0.7871529687135751,0.0266825271843156,10.0,-1.5539868233683867,False
GSM4138111,18,2,DC_pDC,specific,0.726245334007056,53,50,0.8183961893699605,0.8271588557866159,0.033279857360471385,10.0,-3.0322702614531414,False
GSM4138141,18,2,DC_pDC,specific,0.9441917483702101,49,50,0.8900435014268286,0.8901090886724006,0.029603528026603508,10.0,1.8268991334143565,True
GSM4138145,18,2,DC_pDC,specific,0.908706393767824,44,50,0.8639541963394225,0.8551855138959764,0.03320226051125106,10.0,1.6119649399688103,True
GSM4138161,18,2,DC_pDC,specific,0.9210275606572667,43,50,0.8186150959142044,0.8202611816061893,0.023224484276183642,10.0,4.338799426190563,True
GSM4138139,18,3,Mast,specific,0.980081626334419,42,50,0.8497700424179017,0.8489892535757297,0.02583433449671354,10.0,5.074346806780174,True
GSM4138123,18,2,DC_pDC,specific,0.9221682425336342,41,50,0.7850821070212497,0.7888663908895278,0.026193388641296472,10.0,5.089141136704351,True
GSM4138143,18,2,DC_pDC,specific,0.9334948679180303,37,25,0.9450580936944553,0.9491119471886973,0.0170366173356051,10.0,-0.9166772348656701,False
GSM4138113,18,2,DC_pDC,specific,0.7700753603277702,32,25,0.9240671724385692,0.9177122554283212,0.040209782289650685,10.0,-3.6716661144059524,False
GSM4138155,18,5,Ambiguous/Mixed,ambiguous,0.9280400344403574,32,25,0.9125995833019843,0.9086011184524632,0.0205912592617861,10.0,0.9440372607016615,True
GSM4138141,18,5,Ambiguous/Mixed,ambiguous,0.9515205699218068,31,25,0.9592369758991124,0.9592641270747289,0.029027749588371645,10.0,-0.2667639504518842,False
GSM4138172,18,1,Ambiguous/Mixed,ambiguous,0.9250675073025703,29,25,0.9425151302916579,0.940877955876207,0.01005325236184313,10.0,-1.572670018077428,False
GSM4138127,18,6,Ambiguous/Mixed,ambiguous,0.976585889997802,26,25,0.9607701486208685,0.958907948415632,0.02307048316562853,10.0,0.7662579693392584,True
GSM4138171,18,1,Ambiguous/Mixed,ambiguous,0.9760712496646808,25,25,0.9759808467049595,0.9775981664159804,0.00698398359901874,10.0,-0.21863120519270712,True
GSM4138112,18,2,DC_pDC,specific,0.9612668359988714,25,25,0.9627064512758634,0.9599645605323005,0.013878950244238929,10.0,0.09383097739048955,False
GSM4138149,18,1,Ambiguous/Mixed,ambiguous,0.8837849547463279,25,25,0.9390651824540796,0.9368911783887327,0.04310263417779558,10.0,-1.23208765903599,False
GSM4138147,18,1,Ambiguous/Mixed,ambiguous,0.7658591325311571,25,25,0.9260874884786799,0.91700049001221,0.03480209657643462,10.0,-4.342880813203492,False
GSM4138147,18,2,DC_pDC,specific,0.9442204133905738,24,25,0.9260874884786799,0.91700049001221,0.03480209657643462,10.0,0.7821345854431992,True
GSM4138139,18,6,Ambiguous/Mixed,ambiguous,0.9627349460888481,23,25,0.9357290956556907,0.9337225384790877,0.0319793612246252,10.0,0.9072228618318956,True
GSM4138110,18,2,DC_pDC,specific,0.957927971353203,23,25,0.9868341180732119,0.9867664570718897,0.011731289324245612,10.0,-2.4582537282653902,False
GSM4138170,18,1,Ambiguous/Mixed,ambiguous,0.9554491799751693,22,25,0.9509799860820786,0.9563853632594395,0.024233388108039735,10.0,-0.038631960173969714,True
GSM4138111,18,5,Ambiguous/Mixed,ambiguous,0.963595514687048,22,25,0.9111547497859049,0.9174711520389224,0.03172688570524009,10.0,1.4537942071165078,True
GSM4138122,18,2,DC_pDC,specific,0.9852221605078891,21,25,0.9792524358015444,0.9750685359411753,0.0122815856284961,10.0,0.8267356409709125,True
GSM4138129,18,2,DC_pDC,specific,0.9651358932235972,21,25,0.931076450825193,0.9183711485744729,0.032131232378038686,10.0,1.4554295365616734,True
GSM4138128,18,2,DC_pDC,specific,0.9852221605078891,21,25,0.9844528974607618,0.9831021452587395,0.010708099409941723,10.0,0.19798240266441067,True
GSM4138111,18,3,Mast,specific,0.9783986715882725,21,25,0.9111547497859049,0.9174711520389224,0.03172688570524009,10.0,1.920375044541079,True
GSM4138143,18,3,Mast,specific,0.979053076647643,20,25,0.9450580936944553,0.9491119471886973,0.0170366173356051,10.0,1.7574574147633888,True
GSM4138131,18,6,Ambiguous/Mixed,ambiguous,0.9763790199959624,20,25,0.923417081484569,0.9232553144549218,0.039261461223893256,10.0,1.3530750992199765,True
GSM4138139,18,2,DC_pDC,specific,0.9779622328671028,20,25,0.9357290956556907,0.9337225384790877,0.0319793612246252,10.0,1.3833826785116972,True
GSM4138130,18,2,DC_pDC,specific,0.9805007278082369,19,25,0.9804453099621897,0.9776933830033974,0.009270985594780661,10.0,0.3028097472635531,True
GSM4138127,18,2,DC_pDC,specific,1.0,19,25,0.9607701486208685,0.958907948415632,0.02307048316562853,10.0,1.7811526221344531,True
GSM4138155,18,2,DC_pDC,specific,0.956730351995526,19,25,0.9125995833019843,0.9086011184524632,0.0205912592617861,10.0,2.337362321127324,True
GSM4138134,18,2,DC_pDC,specific,0.9871598340956714,18,25,0.9819249423843273,0.9821690248976547,0.015217447096237586,10.0,0.3279662591533306,True
GSM4138115,18,2,DC_pDC,specific,0.9690542205367334,18,25,0.9613827702706941,0.9602304947917325,0.021745965538883007,10.0,0.40576380612870844,True
GSM4138133,18,2,DC_pDC,specific,0.9849007945567498,18,25,0.9093942843333844,0.9134138789599708,0.020292895865104355,10.0,3.5227557501888054,True
GSM4138151,18,1,Ambiguous/Mixed,ambiguous,0.971129544509469,18,25,0.9827178817478986,0.9846374919959022,0.012571234817351205,10.0,-1.0745123834445574,False
GSM4138152,18,2,DC_pDC,specific,0.9921940205963988,17,25,0.9641180515152854,0.957583050979306,0.02067585370218309,10.0,1.6739801952380045,True
GSM4138131,18,3,Mast,specific,0.9700972690342095,17,25,0.923417081484569,0.9232553144549218,0.039261461223893256,10.0,1.1930772090260648,True
GSM4138163,18,2,DC_pDC,specific,0.9858316108356697,17,25,0.9585446561255815,0.9609096758297184,0.017601132002729513,10.0,1.4159279642972116,True
GSM4138169,18,1,Ambiguous/Mixed,ambiguous,0.9803894539291542,17,25,0.9684676443498503,0.9684676443498503,0.0,10.0,inf,True
GSM4138162,18,2,DC_pDC,specific,0.9857264726261489,16,25,0.9600140953042835,0.9563751722194592,0.016814135194355585,10.0,1.7456324733574597,True
GSM4138127,18,5,Ambiguous/Mixed,ambiguous,0.9517780198128196,15,25,0.9607701486208685,0.958907948415632,0.02307048316562853,10.0,-0.30904981710287105,False
GSM4138155,18,6,Ambiguous/Mixed,ambiguous,0.9664644543990649,15,25,0.9125995833019843,0.9086011184524632,0.0205912592617861,10.0,2.810092146913343,True
GSM4138135,18,3,Mast,specific,1.0,15,25,0.9262103971686568,0.9299491761958603,0.027728452087857892,10.0,2.5263156984812194,True
GSM4138155,18,3,Mast,specific,0.9689663485453668,15,25,0.9125995833019843,0.9086011184524632,0.0205912592617861,10.0,2.931594873604029,True
GSM4138117,18,2,DC_pDC,specific,0.9528621852287787,15,25,0.9147496893500744,0.9146754506733146,0.020995821291890267,10.0,1.8187778427231127,True
GSM4138134,19,3,Ambiguous/Mixed,ambiguous,0.9487257836224307,542,550,0.950876927170152,0.9518271075387986,0.004120436407707153,10.0,-0.7526687975494628,False
GSM4138156,19,3,Ambiguous/Mixed,ambiguous,0.8861628669668482,421,425,0.8902416245036321,0.8881226358203733,0.005303847344274089,10.0,-0.36949948335915694,False
GSM4138125,19,1,Mac_SPP1,specific,0.738539498454881,392,400,0.706126529190733,0.7088147442296903,0.007132271800144488,10.0,4.167641819902117,True
GSM4138134,19,1,Mac_SPP1,specific,0.9530608613447048,371,375,0.9494474571578366,0.9491508018349263,0.005367365778981979,10.0,0.7284876177229966,True
GSM4138135,19,4,Ambiguous/Mixed,ambiguous,0.7857999585531228,361,350,0.6962432198615721,0.6973667563280206,0.01332498295864608,10.0,6.636646553286676,True
GSM4138123,19,4,Ambiguous/Mixed,ambiguous,0.7471559126895932,351,350,0.6813096433826795,0.6798892282971958,0.009409501433277774,10.0,7.1488043090679785,True
GSM4138126,19,3,Ambiguous/Mixed,ambiguous,0.9544586886259155,351,350,0.9536556018324185,0.9536451009705269,0.004997116481649694,10.0,0.16281142502406662,True
GSM4138130,19,3,Ambiguous/Mixed,ambiguous,0.9250963279884489,323,325,0.9092936134047167,0.9100276586272621,0.0070713676575870936,10.0,2.1309412960616085,True
GSM4138116,19,4,Ambiguous/Mixed,ambiguous,0.9172208979363252,310,300,0.9233147183409811,0.9220614476629587,0.013400609032423608,10.0,-0.3612186367740072,False
GSM4138110,19,3,Ambiguous/Mixed,ambiguous,0.9246646211569467,299,300,0.9085364107827758,0.909826557683135,0.006924920618355786,10.0,2.142705207981826,True
GSM4138142,19,3,Ambiguous/Mixed,ambiguous,0.9180899558463114,290,300,0.9150965177859873,0.9161197796556151,0.009670660371790988,10.0,0.20372716184338602,True
GSM4138132,19,3,Ambiguous/Mixed,ambiguous,0.937147185172845,287,275,0.9375866697162651,0.9378848725270496,0.0035787706330734563,10.0,-0.20612870447386394,False
GSM4138134,19,4,Ambiguous/Mixed,ambiguous,0.9421569890415024,263,275,0.9531544390111364,0.9515065827213245,0.007559810668596206,10.0,-1.23674971367481,False
GSM4138131,19,6,Ambiguous/Mixed,ambiguous,0.7688792615089554,252,250,0.7111766982357738,0.7129593007579643,0.0105610115179005,10.0,5.294943638325638,True
GSM4138135,19,7,Ambiguous/Mixed,ambiguous,0.7663896379855526,249,250,0.70475084996778,0.70966674041301,0.017859261430966267,10.0,3.1761054504857875,True
GSM4138165,19,3,Ambiguous/Mixed,ambiguous,0.905898958078048,244,250,0.8998803382054692,0.8996453444101334,0.006729256436069351,10.0,0.9293171879131668,True
GSM4138137,19,4,Ambiguous/Mixed,ambiguous,0.8082227820223504,237,225,0.769996132676889,0.7685765243557433,0.011189381830873608,10.0,3.5432035715517047,True
GSM4138140,19,3,Ambiguous/Mixed,ambiguous,0.9229578701998014,236,225,0.9277717528992286,0.9245175021842911,0.008850422002581435,10.0,-0.17622119985180526,False
GSM4138136,19,3,Ambiguous/Mixed,ambiguous,0.9202281046535254,234,225,0.9076472530358586,0.9053069541937596,0.0060717763246523814,10.0,2.4574604962280278,True
GSM4138138,19,1,Mac_SPP1,specific,0.9068484469835476,232,225,0.8903821230443711,0.8919236760409797,0.01067728314706126,10.0,1.397806046445039,True
GSM4138140,19,1,Mac_SPP1,specific,0.9406414441511082,232,225,0.9277717528992286,0.9245175021842911,0.008850422002581435,10.0,1.82182747468021,True
GSM4138156,19,1,Mac_SPP1,specific,0.9220197494183475,230,225,0.9029570764100867,0.8992838031729896,0.006893270714488479,10.0,3.2982813510531117,True
GSM4138136,19,1,Mac_SPP1,specific,0.9407618551488893,229,225,0.9076472530358586,0.9053069541937596,0.0060717763246523814,10.0,5.839296288168118,True
GSM4138120,19,1,Mac_SPP1,specific,0.8867662447632656,224,225,0.8539246262395295,0.85575042521446,0.012060186580448403,10.0,2.5717528781094887,True
GSM4138138,19,3,Ambiguous/Mixed,ambiguous,0.9113586338547245,223,225,0.8903821230443711,0.8919236760409797,0.01067728314706126,10.0,1.8202156434424017,True
GSM4138122,19,1,Mac_SPP1,specific,0.8935515088190161,220,225,0.8922521185794907,0.8913037977523934,0.006456009797580775,10.0,0.3481579392064995,True
GSM4138128,19,1,Mac_SPP1,specific,0.8935515088190161,220,225,0.8940830672168274,0.8944900480633547,0.005434559348584229,10.0,-0.17269831538101102,False
GSM4138116,19,3,Ambiguous/Mixed,ambiguous,0.9407367246806824,217,225,0.9406090791855607,0.9411637546624922,0.009356271546538794,10.0,-0.045641041913522896,True
GSM4138146,19,3,Ambiguous/Mixed,ambiguous,0.8907580424879347,208,200,0.8881980235326972,0.885961743984794,0.009268960658811947,10.0,0.5174580710492993,True
GSM4138142,19,1,Mac_SPP1,specific,0.9356507772917957,208,200,0.9136081548560113,0.9141643541833165,0.010953332907377463,10.0,1.961633348513243,True
GSM4138122,19,3,Ambiguous/Mixed,ambiguous,0.8998896327212405,206,200,0.8974688423498045,0.898797790628006,0.008042516420904018,10.0,0.1357587645573873,True
GSM4138128,19,3,Ambiguous/Mixed,ambiguous,0.8998896327212405,206,200,0.8923862044622478,0.8969703944276523,0.014131543797635532,10.0,0.20657603552675133,True
GSM4138126,19,1,Mac_SPP1,specific,0.9613642553646942,201,200,0.9613611160694149,0.959491281553834,0.007449059175347659,10.0,0.25143763350124576,True
GSM4138140,19,4,Ambiguous/Mixed,ambiguous,0.9010504689884941,197,200,0.9217290252215568,0.9211167021697267,0.0050627877545286444,10.0,-3.963475095965363,False
GSM4138162,19,3,Ambiguous/Mixed,ambiguous,0.9111531646195643,195,200,0.9031206880667653,0.9004240103664498,0.014369143350337097,10.0,0.7466801598066588,True
GSM4138156,19,4,Ambiguous/Mixed,ambiguous,0.9153408984005149,195,200,0.9020485714667975,0.9033833436351284,0.006797400763331905,10.0,1.7591363495721324,True
GSM4138154,19,1,Mac_SPP1,specific,0.8914204329550883,193,200,0.8322666337117524,0.8334642318593527,0.01187231948660112,10.0,4.8816241140700365,True
GSM4138120,19,3,Ambiguous/Mixed,ambiguous,0.886194449371568,192,200,0.8583515853283727,0.854218918460926,0.012264911654486671,10.0,2.6070738878045563,True
GSM4138114,19,3,Ambiguous/Mixed,ambiguous,0.8997598352101934,192,200,0.8761846506186927,0.8779769316344966,0.011369027622716986,10.0,1.9159865116495407,True
GSM4138160,19,3,Ambiguous/Mixed,ambiguous,0.9145485720165317,191,200,0.8845507334841007,0.8855222802401472,0.01845402906643897,10.0,1.5728972611825212,True
GSM4138167,19,3,Ambiguous/Mixed,ambiguous,0.9001423141806674,191,200,0.8924069617712289,0.8932674989137495,0.005711730222881376,10.0,1.2036309487057317,True
GSM4138155,19,7,Ambiguous/Mixed,ambiguous,0.709765635241038,186,175,0.6128473714066296,0.6145663529522757,0.017371985508373884,10.0,5.480046149179264,True
GSM4138110,19,4,Ambiguous/Mixed,ambiguous,0.9378017808675173,184,175,0.9101186370385674,0.9138205508500243,0.014888014347285525,10.0,1.6107742414867687,True
GSM4138166,19,3,Ambiguous/Mixed,ambiguous,0.9058196471381781,184,175,0.89728166332112,0.8960981060248214,0.012793463023715486,10.0,0.7598834729373628,True
GSM4138112,19,3,Ambiguous/Mixed,ambiguous,0.8980289083081134,179,175,0.8813310231371112,0.8832471784791048,0.01121516441649675,10.0,1.3180127620122697,True
GSM4138141,19,4,Ambiguous/Mixed,ambiguous,0.7531235722898386,178,175,0.7355483096820561,0.7363138224761704,0.008358980751236634,10.0,2.010980801837758,True
GSM4138160,19,1,Mac_SPP1,specific,0.9017903753049535,171,175,0.8775985126561869,0.881640781860155,0.009236566814983279,10.0,2.1815024833807772,True
GSM4138132,19,4,Ambiguous/Mixed,ambiguous,0.9376804785306716,171,175,0.9438448607141168,0.9432120955797142,0.009915241201602898,10.0,-0.5578903161880067,False
GSM4138126,19,4,Ambiguous/Mixed,ambiguous,0.9620749369265467,169,175,0.9551618426605979,0.9562859734146121,0.005563027354788099,10.0,1.040613885702364,True
GSM4138120,19,4,Ambiguous/Mixed,ambiguous,0.832770227046979,168,175,0.8572969503534867,0.8609251999143879,0.014559608038590497,10.0,-1.9337727219567735,False
GSM4138127,19,7,Ambiguous/Mixed,ambiguous,0.8159338544294471,165,175,0.759347970912561,0.7643712152860987,0.018018053079367453,10.0,2.8617209038191227,True
GSM4138116,19,1,Mac_SPP1,specific,0.9591360026228491,165,175,0.9383862921684374,0.9401989660095555,0.00950933509450919,10.0,1.9914154275863183,True
GSM4138155,19,1,Mac_SPP1,specific,0.6688493240861897,159,150,0.6397631182352425,0.6457963591794125,0.02037806436820356,10.0,1.1312637201572187,True
GSM4138152,19,4,Ambiguous/Mixed,ambiguous,0.8719779809393212,158,150,0.8808661898346524,0.882841664474616,0.017260730748689744,10.0,-0.6293872312514592,False
GSM4138142,19,4,Ambiguous/Mixed,ambiguous,0.9036944160511848,157,150,0.9191415197860812,0.9191594989665323,0.014078003486662147,10.0,-1.0985281350441087,False
GSM4138163,19,3,Ambiguous/Mixed,ambiguous,0.9267878137719006,157,150,0.9192033589777493,0.9149155953671626,0.008005239428972728,10.0,1.4830560047672998,True
GSM4138123,19,3,Ambiguous/Mixed,ambiguous,0.6956570070645784,156,150,0.7077605529065726,0.704605824106745,0.015339853571415287,10.0,-0.5833704344376548,False
GSM4138144,19,1,Mac_SPP1,specific,0.8962082477268277,154,150,0.8602528535391646,0.8599396014414591,0.011213089716939429,10.0,3.234491759267581,True
GSM4138166,19,1,Mac_SPP1,specific,0.896077871835219,152,150,0.8947668219149227,0.8897735841706824,0.013879628243150232,10.0,0.454211564898927,True
GSM4138162,19,4,Ambiguous/Mixed,ambiguous,0.8994211262124877,151,150,0.9030608504148141,0.9048040188110249,0.008866417934954336,10.0,-0.607110181138209,False
GSM4138139,19,7,Ambiguous/Mixed,ambiguous,0.8188963761885542,148,150,0.699060797300902,0.6988286295814581,0.014248817294500636,10.0,8.42650615314132,True
GSM4138139,19,1,Mac_SPP1,specific,0.7473841261995902,148,150,0.699060797300902,0.6988286295814581,0.014248817294500636,10.0,3.407686098752363,True
GSM4138146,19,1,Mac_SPP1,specific,0.905284565144202,147,150,0.8956437685145003,0.8975869016366355,0.015234089378603669,10.0,0.5052920011338456,True
GSM4138139,19,4,Ambiguous/Mixed,ambiguous,0.7824041473892859,145,150,0.699060797300902,0.6988286295814581,0.014248817294500636,10.0,5.86543543091706,True
GSM4138152,19,3,Ambiguous/Mixed,ambiguous,0.9017754069009111,143,150,0.8808661898346524,0.882841664474616,0.017260730748689744,10.0,1.0969258892896143,True
GSM4138136,19,4,Ambiguous/Mixed,ambiguous,0.9186596088489257,143,150,0.9035468651006413,0.906517837951659,0.010905313631112204,10.0,1.1133811743503657,True
GSM4138137,19,7,Ambiguous/Mixed,ambiguous,0.8278936041161693,142,150,0.8011127857757415,0.79474559502429,0.019355406577808966,10.0,1.7125968890719976,True
GSM4138163,19,4,Ambiguous/Mixed,ambiguous,0.9071058524558638,137,125,0.9116560760655494,0.9141335118541101,0.011744548543058923,10.0,-0.5983762911346311,False
GSM4138132,19,1,Mac_SPP1,specific,0.9758423524012306,135,125,0.9509840490397878,0.9507170672175882,0.005786735868386947,10.0,4.341875239355984,True
GSM4138161,19,2,DC_pDC,specific,0.8500216824485292,126,125,0.7333353104514786,0.7353543171785206,0.025889469240864226,10.0,4.429112246496591,True
GSM4138152,19,1,Mac_SPP1,specific,0.9306328775738212,126,125,0.8767905540808696,0.8779909166584335,0.013736394154027451,10.0,3.8322983692160033,True
GSM4138158,19,3,Ambiguous/Mixed,ambiguous,0.9115220417216017,126,125,0.919961746727167,0.9197526277146416,0.009164427951041934,10.0,-0.8981014458304709,False
GSM4138133,19,4,Ambiguous/Mixed,ambiguous,0.7938140762184049,126,125,0.7982967837565255,0.7904568849649085,0.017046736508829475,10.0,0.19694040860885878,False
GSM4138118,19,1,Mac_SPP1,specific,0.9346031137448854,125,125,0.8907906557146446,0.8916054881806563,0.01732007884446975,10.0,2.482530590670957,True
GSM4138145,19,4,Ambiguous/Mixed,ambiguous,0.7808218874970205,125,125,0.7529621588397084,0.7558602203577905,0.0182333191175836,10.0,1.369013890354049,True
GSM4138117,19,3,Ambiguous/Mixed,ambiguous,0.7580851716451514,123,125,0.731120487982829,0.7324530051515378,0.014028665390184417,10.0,1.8271279398785851,True
GSM4138141,19,3,Ambiguous/Mixed,ambiguous,0.8398871911972158,123,125,0.7747540267745447,0.77600884439355,0.023111556998599306,10.0,2.763913604242984,True
GSM4138155,19,4,Ambiguous/Mixed,ambiguous,0.7393146712723861,122,125,0.6703323608734009,0.6706060472674455,0.01467493260540225,10.0,4.682040173707309,True
GSM4138131,19,2,DC_pDC,specific,0.876464723631348,122,125,0.7588302423614066,0.7566666679693221,0.007312858267320327,10.0,16.381837481710665,True
GSM4138110,19,1,Mac_SPP1,specific,0.9411256648507679,122,125,0.9337153185144862,0.9339081932021271,0.01100712439826847,10.0,0.6557091014412545,True
GSM4138124,19,3,Ambiguous/Mixed,ambiguous,0.9668071155063124,113,125,0.9267373488771964,0.9255165849278942,0.012931454442579333,10.0,3.193030665016382,True
GSM4138130,19,1,Mac_SPP1,specific,0.9396374400083659,111,100,0.9383223849047797,0.9385944128374237,0.010082264211819488,10.0,0.10345168000253685,True
GSM4138163,19,1,Mac_SPP1,specific,0.930746304371574,111,100,0.9371085757506321,0.9305313088830326,0.02190339444709866,10.0,0.009815624197458746,False
GSM4138160,19,4,Ambiguous/Mixed,ambiguous,0.9303520376139995,108,100,0.9147568760788413,0.9147781522032066,0.008412061197375774,10.0,1.8513756670780512,True
GSM4138141,19,2,DC_pDC,specific,0.8652505151286508,107,100,0.7891336299131056,0.7876086704440655,0.016350802220791796,10.0,4.748503690287161,True
GSM4138124,19,4,Ambiguous/Mixed,ambiguous,0.9298602740845466,107,100,0.9221203523271243,0.9276155795157497,0.014902749723516195,10.0,0.15062284547762816,True
GSM4138137,19,1,Mac_SPP1,specific,0.828495509856827,107,100,0.8007390293415151,0.7983235842994478,0.01592226878485333,10.0,1.8949514020314324,True
GSM4138162,19,1,Mac_SPP1,specific,0.9372410530829182,101,100,0.9057453169694858,0.9082062601426497,0.013521341341000087,10.0,2.1473308163760128,True
GSM4138117,19,4,Ambiguous/Mixed,ambiguous,0.7617904857174008,101,100,0.7629944878824481,0.7608817203580664,0.019849662379733773,10.0,0.0457824088868237,False
GSM4138143,19,4,Ambiguous/Mixed,ambiguous,0.7685674065795238,100,100,0.7796478385240256,0.7774827916439634,0.03102493601364835,10.0,-0.2873619162507715,False
GSM4138111,19,2,DC_pDC,specific,0.8082554378275997,99,100,0.7371251208252627,0.7355921098917457,0.022767009942835006,10.0,3.1916061054263207,True
GSM4138137,19,3,Ambiguous/Mixed,ambiguous,0.8298613780346389,97,100,0.8007390293415151,0.7983235842994478,0.01592226878485333,10.0,1.9807349166968335,True
GSM4138111,19,3,Ambiguous/Mixed,ambiguous,0.7628099892196228,97,100,0.7371251208252627,0.7355921098917457,0.022767009942835006,10.0,1.1954964396386554,True
GSM4138121,19,7,Ambiguous/Mixed,ambiguous,0.7318235626289475,97,100,0.6774445434492038,0.6794323926426652,0.014293780936684992,10.0,3.665312223431408,True
GSM4138145,19,7,Ambiguous/Mixed,ambiguous,0.8431358558035205,97,100,0.7660243229784107,0.7802515756223561,0.03715785618762129,10.0,1.6923549050742461,True
GSM4138138,19,4,Ambiguous/Mixed,ambiguous,0.8912149482022166,96,100,0.9164320523483623,0.9149105783671094,0.011477168090353169,10.0,-2.0645885795477357,False
GSM4138131,19,4,Ambiguous/Mixed,ambiguous,0.8269863135636824,96,100,0.7557043535409838,0.7611333360605689,0.015599965739677184,10.0,4.221353982568182,True
GSM4138145,19,1,Mac_SPP1,specific,0.8536951843824321,95,100,0.7660243229784107,0.7802515756223561,0.03715785618762129,10.0,1.9765297650444869,True
GSM4138112,19,1,Mac_SPP1,specific,0.9144675784376712,94,100,0.8994960405552708,0.9004598882871975,0.012166096731600897,10.0,1.151370933463763,True
GSM4138124,19,1,Mac_SPP1,specific,0.96294110344959,93,100,0.9221203523271243,0.9276155795157497,0.014902749723516195,10.0,2.3704030859551715,True
GSM4138145,19,2,DC_pDC,specific,0.857409039823668,92,100,0.7660243229784107,0.7802515756223561,0.03715785618762129,10.0,2.076477819703064,True
GSM4138166,19,4,Ambiguous/Mixed,ambiguous,0.885443156109645,92,100,0.9012552998421572,0.9050113205318511,0.017344980412554778,10.0,-1.1281744894933476,False
GSM4138131,19,3,Ambiguous/Mixed,ambiguous,0.7879555583974464,91,100,0.7557043535409838,0.7611333360605689,0.015599965739677184,10.0,1.7193770027749125,True
GSM4138150,19,3,Ambiguous/Mixed,ambiguous,0.9431059304893773,90,100,0.917311928039248,0.9168736534706659,0.0145752133515749,10.0,1.7997868289095722,True
GSM4138143,19,3,Ambiguous/Mixed,ambiguous,0.7930792146409225,89,100,0.7796478385240256,0.7774827916439634,0.03102493601364835,10.0,0.5027060487763121,True
GSM4138130,19,4,Ambiguous/Mixed,ambiguous,0.9500272571745529,89,100,0.9383223849047797,0.9385944128374237,0.010082264211819488,10.0,1.1339560337772572,True
GSM4138154,19,3,Ambiguous/Mixed,ambiguous,0.8412512746907681,89,100,0.8553110228609127,0.8543098635501952,0.01848609568508162,10.0,-0.7064005878734835,False
GSM4138165,19,1,Mac_SPP1,specific,0.9484244653268166,87,75,0.9250117962133848,0.924029466404338,0.022116389243737097,10.0,1.103028105249445,True
GSM4138114,19,1,Mac_SPP1,specific,0.9473865658198788,87,75,0.8917621515745844,0.8965529591485744,0.018605377487108495,10.0,2.732199693692138,True
GSM4138118,19,4,Ambiguous/Mixed,ambiguous,0.8921405511085614,82,75,0.9059057280444303,0.9069243132699155,0.01681566851083336,10.0,-0.879165889350745,False
GSM4138133,19,3,Ambiguous/Mixed,ambiguous,0.8355274729334986,80,75,0.8369736441972822,0.8420096141731772,0.012780163044304542,10.0,-0.5072033288782933,False
GSM4138165,19,4,Ambiguous/Mixed,ambiguous,0.9188328817877542,79,75,0.9250117962133848,0.924029466404338,0.022116389243737097,10.0,-0.23496532636109907,False
GSM4138111,19,4,Ambiguous/Mixed,ambiguous,0.7663808457465211,79,75,0.7806089576382846,0.789021593047926,0.0342033162138128,10.0,-0.6619459692116502,False
GSM4138122,19,4,Ambiguous/Mixed,ambiguous,0.9120584568901012,77,75,0.9357428375283717,0.9351128191050379,0.008933297785875568,10.0,-2.580722457431998,False
GSM4138128,19,4,Ambiguous/Mixed,ambiguous,0.9120584568901012,77,75,0.9328785350026437,0.9337344547134206,0.009147888761997774,10.0,-2.3695082425319822,False
GSM4138158,19,1,Mac_SPP1,specific,0.9710141240876334,77,75,0.9343581181691566,0.9360511321424108,0.014495294891887861,10.0,2.4120235018322633,True
GSM4138164,19,3,Ambiguous/Mixed,ambiguous,0.8724362201514824,76,75,0.8724038549769497,0.8717907666461471,0.014166269677970111,10.0,0.04556270069734963,True
GSM4138167,19,1,Mac_SPP1,specific,0.965398677329892,75,75,0.9020755756559382,0.9055373952632303,0.024424980767178882,10.0,2.4508220758601564,True
GSM4138144,19,3,Ambiguous/Mixed,ambiguous,0.8849908636291652,75,75,0.8645484716863134,0.8689676094551372,0.01770429545604433,10.0,0.9050489590964007,True
GSM4138155,19,2,DC_pDC,specific,0.8288724130441609,74,75,0.7331742729286999,0.7454933937386825,0.03308900406020785,10.0,2.5198407045967364,True
GSM4138118,19,3,Ambiguous/Mixed,ambiguous,0.95796359412858,74,75,0.9059057280444303,0.9069243132699155,0.01681566851083336,10.0,3.0352216342622858,True
GSM4138141,19,1,Mac_SPP1,specific,0.8959502778440134,74,75,0.831470497790985,0.8278099593248556,0.0276992532023982,10.0,2.4600056189694754,True
GSM4138135,19,3,Ambiguous/Mixed,ambiguous,0.8268376244970428,73,75,0.7817661420287677,0.7864832350939914,0.03444538389057365,10.0,1.1715470941258626,True
GSM4138155,19,3,Ambiguous/Mixed,ambiguous,0.7691013848520127,72,75,0.7331742729286999,0.7454933937386825,0.03308900406020785,10.0,0.7134693770285069,True
GSM4138143,19,2,DC_pDC,specific,0.8500180784381237,72,75,0.8272149831448337,0.8192228286902077,0.041641998942416894,10.0,0.7395238108165775,True
GSM4138131,19,7,Ambiguous/Mixed,ambiguous,0.8180835826768263,71,75,0.7984795748200924,0.7969442700850593,0.02169983692865555,10.0,0.9741691912832623,True
GSM4138127,19,3,Ambiguous/Mixed,ambiguous,0.8867713241091034,71,75,0.8245307197885778,0.8331419999182161,0.03359698448937056,10.0,1.596254098574072,True
GSM4138161,19,7,Ambiguous/Mixed,ambiguous,0.805067953451275,66,75,0.7934800082794461,0.7900880609988918,0.019093576417786837,10.0,0.7845514179537624,True
GSM4138161,19,4,Ambiguous/Mixed,ambiguous,0.7910253489260999,66,75,0.7934800082794461,0.7900880609988918,0.019093576417786837,10.0,0.04908917568396983,False
GSM4138125,19,4,Ambiguous/Mixed,ambiguous,0.830347380211,66,75,0.7887823455344318,0.7947132085637797,0.020550408234818324,10.0,1.7339885047561097,True
GSM4138154,19,4,Ambiguous/Mixed,ambiguous,0.8488084246174009,66,75,0.8520934230760422,0.8623191370329162,0.027542423196123166,10.0,-0.4905418931118965,False
GSM4138112,19,4,Ambiguous/Mixed,ambiguous,0.920364567188719,65,75,0.9165705115326577,0.9143148369980304,0.015588097266690583,10.0,0.3880993354856666,True
GSM4138137,19,9,Ambiguous/Mixed,ambiguous,0.9200171321948031,64,75,0.8112279979170152,0.8159020816159839,0.015441428125629543,10.0,6.742579101605892,True
GSM4138161,19,3,Ambiguous/Mixed,ambiguous,0.8419737154641439,64,75,0.7934800082794461,0.7900880609988918,0.019093576417786837,10.0,2.7174403228573456,True
GSM4138129,19,7,Ambiguous/Mixed,ambiguous,0.8442618745945628,63,75,0.8091636831736955,0.8078265285989547,0.02753753877055415,10.0,1.3231155586994006,True
GSM4138129,19,1,Mac_SPP1,specific,0.8566630798064363,63,75,0.8091636831736955,0.8078265285989547,0.02753753877055415,10.0,1.7734537430666282,True
GSM4138146,19,4,Ambiguous/Mixed,ambiguous,0.9076724044755662,63,75,0.9208880130836499,0.9198069958301452,0.016331121590450453,10.0,-0.7430347810082258,False
GSM4138145,19,3,Ambiguous/Mixed,ambiguous,0.8377621725980363,62,50,0.8639541963394225,0.8551855138959764,0.03320226051125106,10.0,-0.5247637067372551,False
GSM4138127,19,6,Ambiguous/Mixed,ambiguous,0.8920748866775191,61,50,0.8870672744686936,0.8830671844295679,0.034225073500228534,10.0,0.2631901505745802,True
GSM4138148,19,3,Ambiguous/Mixed,ambiguous,0.8828601378348894,59,50,0.8803577223985555,0.8775392652755208,0.02073202321911549,10.0,0.25664994212733366,True
GSM4138139,19,10,Mast,specific,0.9667696070576453,58,50,0.8497700424179017,0.8489892535757297,0.02583433449671354,10.0,4.559062804458876,True
GSM4138156,19,2,DC_pDC,specific,0.9030082132579738,57,50,0.9217128680532233,0.9242145235346839,0.018654844832899486,10.0,-1.1367722683659602,False
GSM4138167,19,4,Ambiguous/Mixed,ambiguous,0.882861007280929,57,50,0.9478231449698429,0.9435934145268771,0.020363251185111206,10.0,-2.98245141180369,False
GSM4138127,19,1,Mac_SPP1,specific,0.8744045531056097,55,50,0.8870672744686936,0.8830671844295679,0.034225073500228534,10.0,-0.2531077493201096,False
GSM4138129,19,4,Ambiguous/Mixed,ambiguous,0.8749911863749927,55,50,0.8524170384667056,0.8574794782243835,0.026621002191077093,10.0,0.6578155106601822,True
GSM4138150,19,1,Mac_SPP1,specific,0.9332546067919959,54,50,0.9492177049660484,0.9455277823177115,0.018066775761503433,10.0,-0.6793229565547168,False
GSM4138158,19,4,Ambiguous/Mixed,ambiguous,0.9564421257487359,53,50,0.9509965498643975,0.9521572316803834,0.016154902096490276,10.0,0.26523800904268197,True
GSM4138123,19,2,DC_pDC,specific,0.9085263927449279,53,50,0.7850821070212497,0.7888663908895278,0.026193388641296472,10.0,4.5683284241712885,True
GSM4138148,19,1,Mac_SPP1,specific,0.9398720848775444,52,50,0.8803577223985555,0.8775392652755208,0.02073202321911549,10.0,3.0065960732935593,True
GSM4138114,19,4,Ambiguous/Mixed,ambiguous,0.8638585198983872,52,50,0.9116184668183751,0.9111866020341031,0.027543463167816945,10.0,-1.7183054232271031,False
GSM4138122,19,2,DC_pDC,specific,0.97862911284565,51,50,0.9570406284766703,0.955151171678493,0.01057600317215414,10.0,2.219925692625812,True
GSM4138130,19,2,DC_pDC,specific,0.9295299450761653,51,50,0.9661187556941782,0.9670861682466854,0.01051649363179643,10.0,-3.571173480956574,False
GSM4138119,19,1,Mac_SPP1,specific,0.7591360103117886,51,50,0.7932023400422761,0.7863755180014268,0.03733831019104338,10.0,-0.7295324172482871,False
GSM4138148,19,4,Ambiguous/Mixed,ambiguous,0.8896403436650279,51,50,0.8803577223985555,0.8775392652755208,0.02073202321911549,10.0,0.5836901812047703,True
GSM4138128,19,2,DC_pDC,specific,0.97862911284565,51,50,0.9551504651189529,0.9530757796238353,0.015649786276812332,10.0,1.6328231433854214,True
GSM4138131,19,5,DC_family,family,0.8170941303316611,50,50,0.8415305947121112,0.8411825284014046,0.030352202367935933,10.0,-0.7936293313328223,False
GSM4138113,19,4,Ambiguous/Mixed,ambiguous,0.8220448890249386,49,50,0.8350619853836887,0.834037813788137,0.024529631773840915,10.0,-0.4889158090007717,False
GSM4138141,19,6,Ambiguous/Mixed,ambiguous,0.913069009202294,49,50,0.8900435014268286,0.8901090886724006,0.029603528026603508,10.0,0.7755805493608806,True
GSM4138164,19,1,Mac_SPP1,specific,0.9408330926585272,48,50,0.9009637997425629,0.9032067374587932,0.023511123900078923,10.0,1.6003639536605778,True
GSM4138144,19,4,Ambiguous/Mixed,ambiguous,0.868086461085937,48,50,0.8932794297100091,0.8945772038466471,0.017927392114516574,10.0,-1.4776685081406447,False
GSM4138123,19,7,Ambiguous/Mixed,ambiguous,0.8485823749176259,47,50,0.7850821070212497,0.7888663908895278,0.026193388641296472,10.0,2.279811323608199,True
GSM4138113,19,2,DC_pDC,specific,0.832391248490668,47,50,0.8350619853836887,0.834037813788137,0.024529631773840915,10.0,-0.06712556114376433,False
GSM4138135,19,1,Mac_SPP1,specific,0.8694119808575891,47,50,0.8531425742537564,0.8504722957490571,0.01800954009829069,10.0,1.0516473494139662,True
GSM4138162,19,2,DC_pDC,specific,0.9134612538301395,46,50,0.9280184489932196,0.9257353685990607,0.018553452962763856,10.0,-0.661554201988971,False
GSM4138113,19,3,Ambiguous/Mixed,ambiguous,0.8323220855295402,46,50,0.8350619853836887,0.834037813788137,0.024529631773840915,10.0,-0.06994512899400647,False
GSM4138143,19,8,DC_family,family,0.8294229748995839,45,50,0.8716764985029095,0.8679807590756784,0.04169045767387151,10.0,-0.924858740523245,False
GSM4138139,19,3,Ambiguous/Mixed,ambiguous,0.9048329472563904,45,50,0.8497700424179017,0.8489892535757297,0.02583433449671354,10.0,2.1616075958049046,True
GSM4138161,19,1,Mac_SPP1,specific,0.9462311864268632,43,50,0.8186150959142044,0.8202611816061893,0.023224484276183642,10.0,5.424017313911001,True
GSM4138139,19,6,Ambiguous/Mixed,ambiguous,0.924120983445253,43,50,0.8497700424179017,0.8489892535757297,0.02583433449671354,10.0,2.908212320277921,True
GSM4138117,19,1,Mac_SPP1,specific,0.9185613292930043,42,50,0.8358854099372073,0.8361613581247408,0.02091613010477299,10.0,3.9395419112190395,True
GSM4138110,19,2,DC_pDC,specific,0.9751074267048492,42,50,0.9618625996278736,0.9623735534944851,0.009760950789779297,10.0,1.3045730364400336,True
GSM4138127,19,2,DC_pDC,specific,0.9005238385058272,41,50,0.8870672744686936,0.8830671844295679,0.034225073500228534,10.0,0.5100545387037,True
GSM4138115,19,4,Ambiguous/Mixed,ambiguous,0.899293140696299,39,50,0.8770174606594777,0.8813335219357127,0.025111796296502963,10.0,0.7151865421545851,True
GSM4138166,19,2,DC_pDC,specific,0.9116767708471312,39,50,0.937843277239738,0.9329757672513761,0.023543950990202313,10.0,-0.9046483495105979,False
GSM4138112,19,2,DC_pDC,specific,0.9319754859049977,39,50,0.9333047117669999,0.9309843660515933,0.016366520622887827,10.0,0.06055776155735581,False
GSM4138152,19,2,DC_pDC,specific,0.9516666396360196,39,50,0.9169882433486265,0.9199735949331396,0.026142997758681685,10.0,1.2122957357617974,True
GSM4138150,19,4,Ambiguous/Mixed,ambiguous,0.9322942219050698,37,25,0.9676085412444957,0.9670174119066248,0.010008135509171161,10.0,-3.4694963881869585,False
GSM4138143,19,1,Mac_SPP1,specific,0.866830982818861,37,25,0.9450580936944553,0.9491119471886973,0.0170366173356051,10.0,-4.82965384201452,False
GSM4138159,19,3,Ambiguous/Mixed,ambiguous,0.8160755989384472,37,25,0.9168929989490284,0.9184785998316982,0.02684712170909718,10.0,-3.8143009147439324,False
GSM4138157,19,4,Ambiguous/Mixed,ambiguous,0.8951402367105733,36,25,0.968189445659703,0.967113018075611,0.0247939680093005,10.0,-2.9028343239791186,False
GSM4138139,19,2,DC_pDC,specific,0.9273244886382186,35,25,0.9357290956556907,0.9337225384790877,0.0319793612246252,10.0,-0.20006809379114168,False
GSM4138141,19,8,DC_family,family,0.922378827537007,35,25,0.9592369758991124,0.9592641270747289,0.029027749588371645,10.0,-1.2706909788314404,False
GSM4138126,19,2,DC_pDC,specific,0.9405587602195787,35,25,0.9922946951745578,0.9896935637971218,0.007759505015600195,10.0,-6.332208495098513,False
GSM4138129,19,3,Ambiguous/Mixed,ambiguous,0.9189748996534557,34,25,0.931076450825193,0.9183711485744729,0.032131232378038686,10.0,0.018790162539656048,False
GSM4138160,19,2,DC_pDC,specific,0.9389568183929358,34,25,0.9807110966306685,0.9779941749898674,0.016262702143506322,10.0,-2.4004225283385154,False
GSM4138135,19,9,Ambiguous/Mixed,ambiguous,0.9537004374467443,33,25,0.9262103971686568,0.9299491761958603,0.027728452087857892,10.0,0.8565664313185563,True
GSM4138157,19,2,DC_pDC,specific,0.95160693577285,33,25,0.968189445659703,0.967113018075611,0.0247939680093005,10.0,-0.6253973666879158,False
GSM4138133,19,2,DC_pDC,specific,0.955675415971802,33,25,0.9093942843333844,0.9134138789599708,0.020292895865104355,10.0,2.082577927406803,True
GSM4138147,19,2,DC_pDC,specific,0.9252308986279258,33,25,0.9260874884786799,0.91700049001221,0.03480209657643462,10.0,0.23649174691644606,False
GSM4138146,19,2,DC_pDC,specific,0.9432680247753138,33,25,0.9535149464438304,0.9564270102486327,0.015677841486891705,10.0,-0.839336555629882,False
GSM4138115,19,3,Ambiguous/Mixed,ambiguous,0.9485328484551447,32,25,0.9613827702706941,0.9602304947917325,0.021745965538883007,10.0,-0.5379226006622569,False
GSM4138131,19,8,DC_family,family,0.9194480631119847,32,25,0.923417081484569,0.9232553144549218,0.039261461223893256,10.0,-0.09697171792017166,False
GSM4138159,19,7,Ambiguous/Mixed,ambiguous,0.9345191588167738,32,25,0.9168929989490284,0.9184785998316982,0.02684712170909718,10.0,0.5974777914326753,True
GSM4138121,19,4,Ambiguous/Mixed,ambiguous,0.9004900872712811,32,25,0.8588424057810767,0.8648333879843543,0.02589934807083429,10.0,1.3767411901414022,True
GSM4138125,19,3,Ambiguous/Mixed,ambiguous,0.9120526147903284,32,25,0.9164930338071231,0.9188388274053472,0.026717684424713443,10.0,-0.2539970345911276,False
GSM4138134,19,2,DC_pDC,specific,0.9430799908170495,32,25,0.9819249423843273,0.9821690248976547,0.015217447096237586,10.0,-2.5686985361867736,False
GSM4138127,19,4,Ambiguous/Mixed,ambiguous,0.9422341809414498,32,25,0.9607701486208685,0.958907948415632,0.02307048316562853,10.0,-0.7227316114048054,False
GSM4138159,19,4,Ambiguous/Mixed,ambiguous,0.9051261471810189,32,25,0.9168929989490284,0.9184785998316982,0.02684712170909718,10.0,-0.4973513658320701,False
GSM4138163,19,2,DC_pDC,specific,0.9561041035215968,31,25,0.9585446561255815,0.9609096758297184,0.017601132002729513,10.0,-0.27302632054440534,False
GSM4138141,19,5,DC_family,family,0.9488986837279445,31,25,0.9592369758991124,0.9592641270747289,0.029027749588371645,10.0,-0.35708739029968384,False
GSM4138111,19,5,DC_family,family,0.745925888203504,31,25,0.9111547497859049,0.9174711520389224,0.03172688570524009,10.0,-5.406936735901737,False
GSM4138138,19,2,DC_pDC,specific,0.9628459173394825,30,25,0.9820856316370963,0.9810226684022266,0.012529554423084474,10.0,-1.450710093030539,False
GSM4138129,19,2,DC_pDC,specific,0.9264025475277713,30,25,0.931076450825193,0.9183711485744729,0.032131232378038686,10.0,0.2499561441903415,False
GSM4138143,19,10,Mast,specific,0.9743123859516258,30,25,0.9450580936944553,0.9491119471886973,0.0170366173356051,10.0,1.4791926276504284,True
GSM4138111,19,10,Mast,specific,0.876493661763317,29,25,0.9111547497859049,0.9174711520389224,0.03172688570524009,10.0,-1.2915698898501542,False
GSM4138161,19,6,Ambiguous/Mixed,ambiguous,0.8993663003914687,29,25,0.9006733795091095,0.899784281210698,0.029310319391865933,10.0,-0.014260534443213065,False
GSM4138136,19,2,DC_pDC,specific,0.9672652611459058,29,25,0.9738945277579759,0.9749496490751518,0.01401440072802083,10.0,-0.5483208364294571,False
GSM4138115,19,2,DC_pDC,specific,0.9275603515791968,29,25,0.9613827702706941,0.9602304947917325,0.021745965538883007,10.0,-1.502354225390436,False
GSM4138145,19,8,DC_family,family,0.9232233361332292,29,25,0.9581722339130803,0.9672380217135125,0.025825993587039915,10.0,-1.7042784987901072,False
GSM4138132,19,2,DC_pDC,specific,0.9832927463052531,28,25,0.9878355164415149,0.9874334867917278,0.011255531502929595,10.0,-0.36788493598876,False
GSM4138114,19,2,DC_pDC,specific,0.9162577626276892,28,25,0.971643137727752,0.9642359866791143,0.016745484927383054,10.0,-2.8651439035347765,False
GSM4138145,19,5,DC_family,family,0.8729758896287911,28,25,0.9581722339130803,0.9672380217135125,0.025825993587039915,10.0,-3.6498937307885133,False
GSM4138140,19,2,DC_pDC,specific,1.0,27,25,0.9816581630623633,0.9732911579503897,0.020623526538710413,10.0,1.2950666802536297,True
GSM4138155,19,5,DC_family,family,0.957828264566372,27,25,0.9125995833019843,0.9086011184524632,0.0205912592617861,10.0,2.3906816716773682,True
GSM4138157,19,7,Ambiguous/Mixed,ambiguous,0.9135479826635006,26,25,0.968189445659703,0.967113018075611,0.0247939680093005,10.0,-2.1604059258291204,False
GSM4138133,19,1,Mac_SPP1,specific,0.9247849515017377,26,25,0.9093942843333844,0.9134138789599708,0.020292895865104355,10.0,0.5603474544665911,True
GSM4138165,19,2,DC_pDC,specific,0.9769668593605099,25,25,0.9739012516382907,0.9700264581466159,0.01143290022828615,10.0,0.6070551719433963,True
GSM4138119,19,7,Ambiguous/Mixed,ambiguous,0.9481198045113466,25,25,0.9211915973052534,0.9177772997659964,0.023356474458712168,10.0,1.2991046572113174,True
GSM4138167,19,2,DC_pDC,specific,1.0,24,25,0.9737219441288499,0.9761348844556832,0.008221080721184718,10.0,2.9029170681683403,True
GSM4138156,19,6,Ambiguous/Mixed,ambiguous,0.9590683560504036,24,25,0.9698181957191854,0.9722365261537428,0.012198344324638207,10.0,-1.0795047059576839,False
GSM4138130,19,6,Ambiguous/Mixed,ambiguous,0.9929355509764367,24,25,0.9804453099621897,0.9776933830033974,0.009270985594780661,10.0,1.6440720155600623,True
GSM4138155,19,8,DC_family,family,0.9247184697049348,24,25,0.9125995833019843,0.9086011184524632,0.0205912592617861,10.0,0.7827278092886083,True
GSM4138133,19,5,DC_family,family,0.8743685390600083,23,25,0.9093942843333844,0.9134138789599708,0.020292895865104355,10.0,-1.9240891078096367,False
GSM4138120,19,2,DC_pDC,specific,1.0,23,25,0.9269817708599346,0.9265773629703217,0.029997327016448413,10.0,2.4476393176438203,True
GSM4138168,19,2,DC_pDC,specific,0.963554581697097,23,25,0.9541628191306922,0.9543500656433102,0.015998487667747092,10.0,0.5753366346209763,True
GSM4138142,19,2,DC_pDC,specific,0.9627216254617201,23,25,0.9811748478137832,0.9758508586645165,0.012977113991966516,10.0,-1.0117221140943977,False
GSM4138158,19,2,DC_pDC,specific,1.0,23,25,0.9752988875372053,0.9702248123111227,0.022327878731653573,10.0,1.3335430582873027,True
GSM4138153,19,4,Ambiguous/Mixed,ambiguous,0.9173217540319905,23,25,0.9019739133206406,0.9067701798014556,0.032993349520122034,10.0,0.31980912468737577,True
GSM4138157,19,3,Ambiguous/Mixed,ambiguous,0.947773738389176,23,25,0.968189445659703,0.967113018075611,0.0247939680093005,10.0,-0.7799993804614341,False
GSM4138144,19,2,DC_pDC,specific,0.9485012162310874,22,25,0.9619331439188813,0.9601463057710922,0.010574803418738227,10.0,-1.1012109709169646,False
GSM4138148,19,2,DC_pDC,specific,0.9849286486561124,22,25,0.9714882602784638,0.9685815328679765,0.015544512938823786,10.0,1.0516325505000224,True
GSM4138135,19,8,DC_family,family,0.9699383118781512,22,25,0.9262103971686568,0.9299491761958603,0.027728452087857892,10.0,1.442169781262398,True
GSM4138135,19,10,Mast,specific,1.0,20,25,0.9262103971686568,0.9299491761958603,0.027728452087857892,10.0,2.5263156984812194,True
GSM4138115,19,8,DC_family,family,0.9683399487460728,20,25,0.9613827702706941,0.9602304947917325,0.021745965538883007,10.0,0.37291763108150355,True
GSM4138124,19,2,DC_pDC,specific,1.0,20,25,0.9839828195191841,0.9771431305957338,0.026499813112317732,10.0,0.8625294566187649,True
GSM4138137,19,6,Ambiguous/Mixed,ambiguous,0.9291396212127517,20,25,0.926176546037629,0.9188558130939726,0.02524688033865908,10.0,0.4073298554448393,True
GSM4138135,19,2,DC_pDC,specific,0.9605975090792013,20,25,0.9262103971686568,0.9299491761958603,0.027728452087857892,10.0,1.1053026972523186,True
GSM4138151,19,2,DC_pDC,specific,0.9631186668798005,19,25,0.9827178817478986,0.9846374919959022,0.012571234817351205,10.0,-1.7117511070909883,False
GSM4138141,19,7,Ambiguous/Mixed,ambiguous,0.9532185792020352,19,25,0.9592369758991124,0.9592641270747289,0.029027749588371645,10.0,-0.20826788016372572,False
GSM4138154,19,2,DC_pDC,specific,0.983382267848775,19,25,0.9144385102824806,0.9152592386537124,0.04449839282543271,10.0,1.530909879426644,True
GSM4138125,19,2,DC_pDC,specific,0.9736127217813246,18,25,0.9164930338071231,0.9188388274053472,0.026717684424713443,10.0,2.050098859814081,True
GSM4138155,19,10,Mast,specific,0.9484026808588523,18,25,0.9125995833019843,0.9086011184524632,0.0205912592617861,10.0,1.9329348390194903,True
GSM4138119,19,4,Ambiguous/Mixed,ambiguous,0.8884362987264645,18,25,0.9211915973052534,0.9177772997659964,0.023356474458712168,10.0,-1.256225595665082,False
GSM4138117,19,2,DC_pDC,specific,0.9554653812586306,18,25,0.9147496893500744,0.9146754506733146,0.020995821291890267,10.0,1.9427642299980563,True
GSM4138123,19,5,DC_family,family,0.9705521176928963,18,25,0.8699213661280445,0.8801549342541974,0.026021253875910234,10.0,3.4739749233370376,True
GSM4138164,19,4,Ambiguous/Mixed,ambiguous,0.9734034088010556,18,25,0.9741775326507864,0.9730184800289028,0.027064169013758806,10.0,0.014222818810993375,False
GSM4138132,19,6,Ambiguous/Mixed,ambiguous,0.9811146090310279,18,25,0.9878355164415149,0.9874334867917278,0.011255531502929595,10.0,-0.5614019879074806,False
GSM4138153,19,2,DC_pDC,specific,0.9638935759851114,18,25,0.9019739133206406,0.9067701798014556,0.032993349520122034,10.0,1.7313609262017275,True
GSM4138111,19,1,Mac_SPP1,specific,0.9815858887964104,18,25,0.9111547497859049,0.9174711520389224,0.03172688570524009,10.0,2.0208329728025802,True
GSM4138161,19,5,DC_family,family,0.9172136581933517,17,25,0.9006733795091095,0.899784281210698,0.029310319391865933,10.0,0.5946498483906183,True
GSM4138131,19,10,Mast,specific,0.9750965084852107,17,25,0.923417081484569,0.9232553144549218,0.039261461223893256,10.0,1.3204091853499327,True
GSM4138150,19,2,DC_pDC,specific,1.0,17,25,0.9676085412444957,0.9670174119066248,0.010008135509171161,10.0,3.295577689086134,True
GSM4138135,19,6,Ambiguous/Mixed,ambiguous,0.9623726128400462,17,25,0.9262103971686568,0.9299491761958603,0.027728452087857892,10.0,1.1693201099524742,True
GSM4138111,19,7,Ambiguous/Mixed,ambiguous,0.9296863377800997,17,25,0.9111547497859049,0.9174711520389224,0.03172688570524009,10.0,0.38501055081998836,True
GSM4138146,19,6,Ambiguous/Mixed,ambiguous,0.9761193237871254,17,25,0.9535149464438304,0.9564270102486327,0.015677841486891705,10.0,1.2560602526156082,True
GSM4138139,19,5,DC_family,family,0.9520030839102875,17,25,0.9357290956556907,0.9337225384790877,0.0319793612246252,10.0,0.5716357278932511,True
GSM4138172,19,4,Ambiguous/Mixed,ambiguous,0.9554133350121751,16,25,0.9425151302916579,0.940877955876207,0.01005325236184313,10.0,1.4458384821947472,True
GSM4138127,19,5,DC_family,family,0.9863952316651449,16,25,0.9607701486208685,0.958907948415632,0.02307048316562853,10.0,1.1914480963478349,True
GSM4138121,19,2,DC_pDC,specific,0.9520780285749161,16,25,0.8588424057810767,0.8648333879843543,0.02589934807083429,10.0,3.3686037328796523,True
GSM4138137,19,2,DC_pDC,specific,1.0,15,25,0.926176546037629,0.9188558130939726,0.02524688033865908,10.0,3.214028260821439,True
GSM4138116,20,1,Monocyte_family,family,0.9476862889648211,677,675,0.9215677914460505,0.9228814356832707,0.0036746728798352233,10.0,6.750220793166937,True
GSM4138156,20,1,Monocyte_family,family,0.9695759437770032,613,625,0.8889432958942218,0.8901540264495964,0.0054472787231958425,10.0,14.580108961417537,True
GSM4138134,20,1,Monocyte_family,family,0.9883069720222311,604,600,0.953285078422127,0.9507984082022267,0.006668391407770908,10.0,5.624829366838651,True
GSM4138126,20,1,Monocyte_family,family,0.9830297202150264,561,550,0.9550097160179796,0.9547410261289505,0.002218632310631108,10.0,12.75051028082656,True
GSM4138123,20,4,Macrophage_family,family,0.7368336514099768,422,425,0.67775970657257,0.6776000282495002,0.007765460293068894,10.0,7.627831567607905,True
GSM4138120,20,2,cDC2_CD33,specific,0.8658641610661272,388,400,0.8451491039545166,0.8448548927584479,0.005702466778618507,10.0,3.6842421224537136,True
GSM4138160,20,1,Monocyte_family,family,0.9697800379575768,353,350,0.8612371302129596,0.8652792268938626,0.009891390471865998,10.0,10.564825174068806,True
GSM4138134,20,2,cDC2_CD33,specific,0.9411987180562196,346,350,0.9504859536366796,0.9510262465182382,0.003762023285749857,10.0,-2.612298679607925,False
GSM4138142,20,1,Monocyte_family,family,0.9747292276586781,345,350,0.9139627892706061,0.911893526862831,0.007228553085386649,10.0,8.692707939418291,True
GSM4138135,20,4,Macrophage_family,family,0.7659325781300987,319,325,0.6976948492063076,0.7023119378621099,0.013087889040131279,10.0,4.861031452276944,True
GSM4138110,20,1,Monocyte_family,family,0.9821427103081375,317,325,0.9095909218084297,0.9074284606538905,0.008465251547443374,10.0,8.825992852724118,True
GSM4138140,20,2,cDC2_CD33,specific,0.9049617829867265,297,300,0.9109683377640535,0.9126208413138274,0.0054311564762916315,10.0,-1.4102076345129477,False
GSM4138132,20,2,cDC2_CD33,specific,0.9340292903866413,291,300,0.9374906091112387,0.936759717656266,0.004203483968833848,10.0,-0.6495629077853198,False
GSM4138138,20,1,Monocyte_family,family,0.9847170428608055,289,300,0.8873558882009345,0.88903823294267,0.01106015915085836,10.0,8.650762490222396,True
GSM4138136,20,1,Monocyte_family,family,0.980363867866528,287,275,0.9043262002534356,0.9055561625858578,0.007194948232498846,10.0,10.39725413767001,True
GSM4138125,20,9,Macrophage_family,family,0.7629769832178365,286,275,0.7201085389784577,0.7196046311271214,0.00963860569116998,10.0,4.499857498107733,True
GSM4138140,20,1,Monocyte_family,family,0.9847102613594932,285,275,0.9168228232000326,0.9167112779492361,0.004705332816261344,10.0,14.451471567591728,True
GSM4138137,20,4,Macrophage_family,family,0.8259371698465299,266,275,0.7673911425837976,0.7667503376451194,0.009592477922754547,10.0,6.170129624276957,True
GSM4138134,20,3,Mono_CD16,specific,0.9759291825589227,264,275,0.9531544390111364,0.9515065827213245,0.007559810668596206,10.0,3.2305835302265944,True
GSM4138146,20,3,Mono_CD16,specific,0.959985168398041,252,250,0.8846138108870922,0.8870516796817356,0.008326929141544644,10.0,8.758749771560598,True
GSM4138132,20,1,Monocyte_family,family,0.9940473504446524,235,225,0.941210129176567,0.9403601334738674,0.006637123758333749,10.0,8.088928114889217,True
GSM4138165,20,1,Monocyte_family,family,0.9786628087521299,229,225,0.900313876782008,0.8997833484501822,0.005866308167607361,10.0,13.446184218126332,True
GSM4138122,20,2,cDC2_CD33,specific,0.8910320109713034,227,225,0.8922521185794907,0.8913037977523934,0.006456009797580775,10.0,-0.042098260320472675,False
GSM4138128,20,2,cDC2_CD33,specific,0.8910320109713034,227,225,0.8940830672168274,0.8944900480633547,0.005434559348584229,10.0,-0.6363049642566244,False
GSM4138162,20,2,cDC2_CD33,specific,0.8860914155919845,222,225,0.8995246031363373,0.8987393949991528,0.005450680472999308,10.0,-2.320440442220348,False
GSM4138156,20,3,Mono_CD16,specific,0.9540942662867076,220,225,0.9029570764100867,0.8992838031729896,0.006893270714488479,10.0,7.951299953810854,True
GSM4138152,20,2,cDC2_CD33,specific,0.8648840127633586,217,225,0.8645403591157046,0.8640193790360977,0.00688748908075422,10.0,0.12553685633809872,True
GSM4138130,20,1,Monocyte_family,family,0.9862027607041808,216,225,0.9178740302785138,0.9186836045482766,0.007099318729945235,10.0,9.510652884354307,True
GSM4138130,20,3,Mono_CD16,specific,0.9628817546482549,213,225,0.9178740302785138,0.9186836045482766,0.007099318729945235,10.0,6.225688940200498,True
GSM4138135,20,5,Ambiguous/Mixed,ambiguous,0.7646966032524612,207,200,0.7143764789432155,0.715026157238883,0.013505865552847036,10.0,3.6776943927971915,True
GSM4138142,20,2,cDC2_CD33,specific,0.9193009306584377,206,200,0.9136081548560113,0.9141643541833165,0.010953332907377463,10.0,0.4689510050097577,True
GSM4138163,20,2,cDC2_CD33,specific,0.8944122900113026,203,200,0.9037920090732099,0.9053257936547452,0.006837246427628162,10.0,-1.5961840426495286,False
GSM4138128,20,3,Mono_CD16,specific,0.9780243757130381,200,200,0.8923862044622478,0.8969703944276523,0.014131543797635532,10.0,5.735677746613056,True
GSM4138122,20,3,Mono_CD16,specific,0.9780243757130381,200,200,0.8974688423498045,0.898797790628006,0.008042516420904018,10.0,9.850969639192439,True
GSM4138110,20,2,cDC2_CD33,specific,0.9080224799843732,199,200,0.9076612721923638,0.9125350133643858,0.010402388057524706,10.0,-0.43379783133050503,True
GSM4138120,20,1,Monocyte_family,family,0.9565218648411081,190,200,0.8583515853283727,0.854218918460926,0.012264911654486671,10.0,8.341107483049688,True
GSM4138154,20,1,Monocyte_family,family,0.9743967155278047,189,200,0.8322666337117524,0.8334642318593527,0.01187231948660112,10.0,11.870678162553308,True
GSM4138163,20,1,Monocyte_family,family,0.9775876460883985,188,200,0.9037920090732099,0.9053257936547452,0.006837246427628162,10.0,10.568853002234258,True
GSM4138136,20,3,Mono_CD16,specific,0.9654278480199868,186,175,0.9022361560844983,0.9043889697945182,0.008011251971794094,10.0,7.619143479742424,True
GSM4138118,20,2,cDC2_CD33,specific,0.881359906950026,185,175,0.8916588077309611,0.8878500679161379,0.01672748033531104,10.0,-0.38799393788025627,False
GSM4138124,20,1,Monocyte_family,family,0.9833268457351145,183,175,0.9199022397769336,0.9188698857298805,0.012587943655862863,10.0,5.1205313407335655,True
GSM4138162,20,1,Monocyte_family,family,0.9942329086027685,176,175,0.9019731291502109,0.9023507298222448,0.009612949673049724,10.0,9.55816704607524,True
GSM4138158,20,1,Monocyte_family,family,0.9889969962282096,174,175,0.9068290602268418,0.9081965308000463,0.005202031326226085,10.0,15.532483439845333,True
GSM4138136,20,2,cDC2_CD33,specific,0.8935204825293609,168,175,0.9022361560844983,0.9043889697945182,0.008011251971794094,10.0,-1.3566527807916846,False
GSM4138131,20,10,Ambiguous/Mixed,ambiguous,0.7840568566276896,166,175,0.7338327332327117,0.7279872513993512,0.01797700557563322,10.0,3.1189624430187393,True
GSM4138114,20,1,Monocyte_family,family,0.9808991784033997,165,175,0.8708463425156161,0.8768372208259418,0.013567202721459382,10.0,7.6701114971078,True
GSM4138167,20,2,cDC2_CD33,specific,0.866967186843999,164,175,0.8993165233803085,0.8998613120744038,0.004947766082526815,10.0,-6.648278168721718,False
GSM4138166,20,1,Monocyte_family,family,0.9850745491629599,164,175,0.89728166332112,0.8960981060248214,0.012793463023715486,10.0,6.954836463997366,True
GSM4138166,20,2,cDC2_CD33,specific,0.8867951398436754,160,150,0.8947668219149227,0.8897735841706824,0.013879628243150232,10.0,-0.21459107368217162,False
GSM4138141,20,2,cDC2_CD33,specific,0.7983424214228234,159,150,0.7518990456803911,0.7504152870695862,0.01001974798616102,10.0,4.783267445392119,True
GSM4138138,20,3,Mono_CD16,specific,0.9657541041618066,157,150,0.9074574641479296,0.905591226388195,0.015784499090730778,10.0,3.81151643950117,True
GSM4138130,20,2,cDC2_CD33,specific,0.9341611918843372,154,150,0.9261717786586207,0.924610659869147,0.009821735339797253,10.0,0.9723874330528776,True
GSM4138112,20,1,Monocyte_family,family,0.9866611022481243,153,150,0.8800192720171264,0.881955880042433,0.011934239691116656,10.0,8.773514267828011,True
GSM4138126,20,2,cDC2_CD33,specific,0.9346604496337891,148,150,0.9571451744848558,0.9576960123271971,0.01068003439071666,10.0,-2.1568809472590336,False
GSM4138145,20,2,cDC2_CD33,specific,0.8169896678716086,146,150,0.7511787156369325,0.7471335259746043,0.016686656575828455,10.0,4.186347431527708,True
GSM4138155,20,5,Ambiguous/Mixed,ambiguous,0.7562312517988034,145,150,0.6397631182352425,0.6457963591794125,0.02037806436820356,10.0,5.41930237455258,True
GSM4138166,20,3,Mono_CD16,specific,0.9595534542825263,143,150,0.8947668219149227,0.8897735841706824,0.013879628243150232,10.0,5.027502818476501,True
GSM4138142,20,3,Mono_CD16,specific,0.9692333430648978,138,150,0.9191415197860812,0.9191594989665323,0.014078003486662147,10.0,3.556885331489425,True
GSM4138152,20,1,Monocyte_family,family,0.9804976732413411,136,125,0.8767905540808696,0.8779909166584335,0.013736394154027451,10.0,7.462421027926968,True
GSM4138146,20,1,Monocyte_family,family,0.9801847764245536,133,125,0.8923549186630628,0.892434930397752,0.011372162070852575,10.0,7.716197278942134,True
GSM4138165,20,3,Mono_CD16,specific,0.9472110887829036,132,125,0.9081690501925104,0.9053061432570562,0.012844361918265884,10.0,3.262516720760935,True
GSM4138112,20,3,Mono_CD16,specific,0.9453885703305626,132,125,0.8765234246181343,0.8854697407097432,0.02204062525174608,10.0,2.718563059642447,True
GSM4138145,20,1,Monocyte_family,family,0.8883608799822684,132,125,0.7529621588397084,0.7558602203577905,0.0182333191175836,10.0,7.266952263052244,True
GSM4138143,20,2,cDC2_CD33,specific,0.7262296743299649,129,125,0.7496064891538959,0.7477718119335619,0.03284684261661722,10.0,-0.655835869980966,False
GSM4138138,20,2,cDC2_CD33,specific,0.9012512680547236,129,125,0.9043706164556417,0.9064005845100483,0.01289448062296581,10.0,-0.39934268047629345,False
GSM4138155,20,1,Monocyte_family,family,0.8786129276955227,128,125,0.6703323608734009,0.6706060472674455,0.01467493260540225,10.0,14.17429885514459,True
GSM4138154,20,2,cDC2_CD33,specific,0.8590152299657374,128,125,0.8380553469049759,0.8396272616176146,0.016404668877175094,10.0,1.181856731963582,True
GSM4138139,20,5,Ambiguous/Mixed,ambiguous,0.8423191859671154,123,125,0.7229519069900383,0.722617484912415,0.030035127472733455,10.0,3.985390145700839,True
GSM4138141,20,1,Monocyte_family,family,0.9502143607984449,121,125,0.7747540267745447,0.77600884439355,0.023111556998599306,10.0,7.537593266237007,True
GSM4138122,20,1,Monocyte_family,family,0.9946847967232948,119,125,0.9037233062982332,0.9065060585672514,0.010463785739306872,10.0,8.427039730448875,True
GSM4138128,20,1,Monocyte_family,family,0.9946847967232948,119,125,0.907189184223482,0.9080609251573042,0.011107802674528634,10.0,7.798470507999598,True
GSM4138144,20,2,cDC2_CD33,specific,0.8365707471416368,118,125,0.8574903855486059,0.858966740021115,0.014585333693918436,10.0,-1.5355146031946094,False
GSM4138140,20,3,Mono_CD16,specific,0.9678776126421986,116,125,0.9239317524849552,0.9244398354688983,0.010704374359671311,10.0,4.057946379094512,True
GSM4138132,20,3,Mono_CD16,specific,0.9815083367717214,116,125,0.9509840490397878,0.9507170672175882,0.005786735868386947,10.0,5.321008294563186,True
GSM4138131,20,4,Macrophage_family,family,0.8220725166470886,116,125,0.7588302423614066,0.7566666679693221,0.007312858267320327,10.0,8.943951364414083,True
GSM4138127,20,1,Monocyte_family,family,0.9341185072188868,115,125,0.7806500689325178,0.7862384270027125,0.020488034378589554,10.0,7.217875442981109,True
GSM4138117,20,1,Monocyte_family,family,0.8470303555817504,114,125,0.731120487982829,0.7324530051515378,0.014028665390184417,10.0,8.16737353436202,True
GSM4138110,20,3,Mono_CD16,specific,0.9664971257805566,113,125,0.9337153185144862,0.9339081932021271,0.01100712439826847,10.0,2.9607126620242425,True
GSM4138155,20,2,cDC2_CD33,specific,0.7374099386539492,113,125,0.6703323608734009,0.6706060472674455,0.01467493260540225,10.0,4.5522451913619895,True
GSM4138161,20,8,Ambiguous/Mixed,ambiguous,0.8622978152679901,111,100,0.7556751157728048,0.756615966500042,0.016341279346029823,10.0,6.467171053753749,True
GSM4138167,20,1,Monocyte_family,family,0.9901767171184493,111,100,0.911922649511117,0.918390966250063,0.022804584243801662,10.0,3.1478649249173607,True
GSM4138152,20,3,Mono_CD16,specific,0.9398910887385644,108,100,0.8910550646682798,0.888299475520804,0.012543763494194275,10.0,4.112929364591332,True
GSM4138131,20,8,Ambiguous/Mixed,ambiguous,0.9044671742432623,108,100,0.7557043535409838,0.7611333360605689,0.015599965739677184,10.0,9.188086728814794,True
GSM4138114,20,2,cDC2_CD33,specific,0.8801690892433789,108,100,0.8978579837831457,0.8968159399129124,0.01107520854380798,10.0,-1.5030733375075442,False
GSM4138137,20,5,Ambiguous/Mixed,ambiguous,0.8419053322713856,105,100,0.8007390293415151,0.7983235842994478,0.01592226878485333,10.0,2.7371569065205468,True
GSM4138161,20,2,cDC2_CD33,specific,0.7944152080159557,101,100,0.7556751157728048,0.756615966500042,0.016341279346029823,10.0,2.3131139683440454,True
GSM4138118,20,1,Monocyte_family,family,0.9721987033562981,99,100,0.8900687311692623,0.8979967407386129,0.02700366045840171,10.0,2.747848304935954,True
GSM4138144,20,1,Monocyte_family,family,0.9871133400484163,97,100,0.8670942355143862,0.8676620769805912,0.012364726170693124,10.0,9.660647669735587,True
GSM4138145,20,7,DC_family,family,0.8225978488599279,96,100,0.7660243229784107,0.7802515756223561,0.03715785618762129,10.0,1.1396317651845307,True
GSM4138139,20,2,cDC2_CD33,specific,0.847370912506333,96,100,0.7661395734840504,0.7646397932166333,0.02201728160275333,10.0,3.7575537608309415,True
GSM4138127,20,6,Ambiguous/Mixed,ambiguous,0.7690985100518929,95,100,0.7973540158771094,0.8058608064961404,0.023871554802411377,10.0,-1.5400042749010225,False
GSM4138139,20,4,Macrophage_family,family,0.809415641845652,94,100,0.7661395734840504,0.7646397932166333,0.02201728160275333,10.0,2.033668344570715,True
GSM4138135,20,2,cDC2_CD33,specific,0.8648417403251734,88,100,0.764807601281803,0.7604989437454011,0.02406086441661241,10.0,4.336618783643144,True
GSM4138127,20,5,Ambiguous/Mixed,ambiguous,0.8467931880269478,86,75,0.8245307197885778,0.8331419999182161,0.03359698448937056,10.0,0.4063218266821132,True
GSM4138162,20,3,Mono_CD16,specific,0.963961719452664,86,75,0.9229212999536986,0.9180613329079661,0.01266526745465674,10.0,3.624115061843506,True
GSM4138121,20,5,Ambiguous/Mixed,ambiguous,0.7685058779850044,85,75,0.7145737002026338,0.7116382866137885,0.02458865090515683,10.0,2.3127576860790433,True
GSM4138156,20,2,cDC2_CD33,specific,0.9104545423908423,84,75,0.9124848926136551,0.9128808366982403,0.017050889339538376,10.0,-0.14229722914051965,False
GSM4138160,20,2,cDC2_CD33,specific,0.8843360570859243,83,75,0.9308918732976366,0.9329891092833809,0.018940931763079736,10.0,-2.5686725872848872,False
GSM4138111,20,2,cDC2_CD33,specific,0.816848023262245,83,75,0.7806089576382846,0.789021593047926,0.0342033162138128,10.0,0.8135594233135074,True
GSM4138144,20,3,Mono_CD16,specific,0.9668495044311832,82,75,0.8645484716863134,0.8689676094551372,0.01770429545604433,10.0,5.528708850293656,True
GSM4138150,20,2,cDC2_CD33,specific,0.9104178317197877,79,75,0.9392035133886594,0.9390931598272836,0.014994350954645077,10.0,-1.9124087594209978,False
GSM4138158,20,2,cDC2_CD33,specific,0.9195830424091649,79,75,0.9343581181691566,0.9360511321424108,0.014495294891887861,10.0,-1.136098979432427,False
GSM4138148,20,1,Monocyte_family,family,0.9868284210311707,79,75,0.8592193670659329,0.8657940539769378,0.016156672247220068,10.0,7.491293083268324,True
GSM4138114,20,3,Mono_CD16,specific,0.963027052885596,78,75,0.8917621515745844,0.8965529591485744,0.018605377487108495,10.0,3.572843054814714,True
GSM4138125,20,2,cDC2_CD33,specific,0.8157946822614668,78,75,0.7887823455344318,0.7947132085637797,0.020550408234818324,10.0,1.025842088234967,True
GSM4138137,20,1,Monocyte_family,family,0.9266433143547264,77,75,0.8112279979170152,0.8159020816159839,0.015441428125629543,10.0,7.171696285975983,True
GSM4138124,20,3,Mono_CD16,specific,0.9634691071650187,77,75,0.9466898012339438,0.9409331450300066,0.02559662004267504,10.0,0.8804272633433557,True
GSM4138165,20,2,cDC2_CD33,specific,0.8666585330276435,76,75,0.9250117962133848,0.924029466404338,0.022116389243737097,10.0,-2.594046105104647,False
GSM4138133,20,4,Macrophage_family,family,0.8179038644737414,76,75,0.8369736441972822,0.8420096141731772,0.012780163044304542,10.0,-1.8861848331566071,False
GSM4138124,20,2,cDC2_CD33,specific,0.910756498368134,76,75,0.9466898012339438,0.9409331450300066,0.02559662004267504,10.0,-1.1789309139863646,False
GSM4138129,20,2,cDC2_CD33,specific,0.8534101940139291,75,75,0.8091636831736955,0.8078265285989547,0.02753753877055415,10.0,1.6553282337533028,True
GSM4138164,20,1,Monocyte_family,family,0.9841315454969644,75,75,0.8724038549769497,0.8717907666461471,0.014166269677970111,10.0,7.9301595553780695,True
GSM4138146,20,2,cDC2_CD33,specific,0.8990723689251013,75,75,0.9208880130836499,0.9198069958301452,0.016331121590450453,10.0,-1.269638878763133,False
GSM4138133,20,2,cDC2_CD33,specific,0.8968951922369421,75,75,0.8369736441972822,0.8420096141731772,0.012780163044304542,10.0,4.294591381463212,True
GSM4138137,20,12,Ambiguous/Mixed,ambiguous,0.8942163383767621,75,75,0.8112279979170152,0.8159020816159839,0.015441428125629543,10.0,5.071697781035738,True
GSM4138139,20,1,Monocyte_family,family,0.9095189314357607,74,75,0.7929161934254034,0.7993578594578341,0.019050471501477973,10.0,5.782590313808247,True
GSM4138161,20,1,Monocyte_family,family,0.9200322143803084,73,75,0.7934800082794461,0.7900880609988918,0.019093576417786837,10.0,6.805647644951711,True
GSM4138141,20,8,Ambiguous/Mixed,ambiguous,0.9167167719710088,72,75,0.831470497790985,0.8278099593248556,0.0276992532023982,10.0,3.209718760159774,True
GSM4138125,20,1,Monocyte_family,family,0.9407390196935971,71,75,0.7887823455344318,0.7947132085637797,0.020550408234818324,10.0,7.1057377284801335,True
GSM4138115,20,2,cDC2_CD33,specific,0.8634252962305127,71,75,0.8347182520165184,0.83431743248954,0.02639121797291258,10.0,1.1029374912081875,True
GSM4138131,20,2,cDC2_CD33,specific,0.9185912077675323,71,75,0.7984795748200924,0.7969442700850593,0.02169983692865555,10.0,5.60589178999005,True
GSM4138112,20,2,cDC2_CD33,specific,0.8815752265192545,69,75,0.9165705115326577,0.9143148369980304,0.015588097266690583,10.0,-2.100295495893239,False
GSM4138150,20,1,Monocyte_family,family,0.9708753005372068,69,75,0.9392035133886594,0.9390931598272836,0.014994350954645077,10.0,2.119607631304475,True
GSM4138117,20,4,Macrophage_family,family,0.7997388777233599,69,75,0.8080211511450079,0.8066033354566047,0.021599085243979976,10.0,-0.3178124284294851,False
GSM4138111,20,6,Ambiguous/Mixed,ambiguous,0.735220932675889,65,75,0.7806089576382846,0.789021593047926,0.0342033162138128,10.0,-1.572966201163557,False
GSM4138131,20,11,DC_family,family,0.8579693528816623,65,75,0.7984795748200924,0.7969442700850593,0.02169983692865555,10.0,2.8122369305004695,True
GSM4138167,20,3,Mono_CD16,specific,0.9613678480935791,64,75,0.9020755756559382,0.9055373952632303,0.024424980767178882,10.0,2.285793113310087,True
GSM4138155,20,9,Macrophage_family,family,0.784948900100905,64,75,0.7331742729286999,0.7454933937386825,0.03308900406020785,10.0,1.192405377037953,True
GSM4138139,20,9,Macrophage_family,family,0.8438725436649019,63,75,0.7929161934254034,0.7993578594578341,0.019050471501477973,10.0,2.3366709954456666,True
GSM4138117,20,2,cDC2_CD33,specific,0.8186178406601066,62,50,0.8358854099372073,0.8361613581247408,0.02091613010477299,10.0,-0.8387554187488467,False
GSM4138139,20,13,Mast,specific,0.966827109414383,59,50,0.8497700424179017,0.8489892535757297,0.02583433449671354,10.0,4.561288615878367,True
GSM4138133,20,6,Ambiguous/Mixed,ambiguous,0.778959586738718,59,50,0.8481763951444382,0.8457010820553125,0.040238050381549366,10.0,-1.65866622969382,False
GSM4138148,20,2,cDC2_CD33,specific,0.8794938603800935,59,50,0.8803577223985555,0.8775392652755208,0.02073202321911549,10.0,0.0942790331611457,False
GSM4138123,20,6,Ambiguous/Mixed,ambiguous,0.7056750060938044,57,50,0.7850821070212497,0.7888663908895278,0.026193388641296472,10.0,-3.176045143871303,False
GSM4138111,20,8,Ambiguous/Mixed,ambiguous,0.9492311765503009,57,50,0.8183961893699605,0.8271588557866159,0.033279857360471385,10.0,3.6680542059257175,True
GSM4138131,20,5,Ambiguous/Mixed,ambiguous,0.869328153294824,56,50,0.8415305947121112,0.8411825284014046,0.030352202367935933,10.0,0.9273009105643176,True
GSM4138141,20,4,Macrophage_family,family,0.8906383968747128,56,50,0.8900435014268286,0.8901090886724006,0.029603528026603508,10.0,0.017879902754717632,True
GSM4138157,20,2,cDC2_CD33,specific,0.8703010604663866,55,50,0.8767823283670589,0.8837388104858525,0.019832699274607107,10.0,-0.6775552754269303,False
GSM4138143,20,1,Monocyte_family,family,0.9464242758653566,53,50,0.8716764985029095,0.8679807590756784,0.04169045767387151,10.0,1.8815700562299367,True
GSM4138135,20,1,Monocyte_family,family,0.9524366656412898,53,50,0.8531425742537564,0.8504722957490571,0.01800954009829069,10.0,5.661686491478495,True
GSM4138137,20,2,cDC2_CD33,specific,0.9648003745806719,52,50,0.8546409807078789,0.8599141946566412,0.021769077275210446,10.0,4.818127043146194,True
GSM4138155,20,8,Ambiguous/Mixed,ambiguous,0.8982593382573131,52,50,0.8116719002969048,0.8001558755817797,0.0330336939627996,10.0,2.9697999498939214,True
GSM4138113,20,2,cDC2_CD33,specific,0.8428013817696735,51,50,0.8350619853836887,0.834037813788137,0.024529631773840915,10.0,0.3572645550628342,True
GSM4138155,20,4,Macrophage_family,family,0.833854176998833,51,50,0.8116719002969048,0.8001558755817797,0.0330336939627996,10.0,1.0201190776605897,True
GSM4138141,20,11,DC_family,family,0.8792801775913128,51,50,0.8900435014268286,0.8901090886724006,0.029603528026603508,10.0,-0.3657979910825573,False
GSM4138129,20,1,Monocyte_family,family,0.9497052868109082,50,50,0.8524170384667056,0.8574794782243835,0.026621002191077093,10.0,3.4644003228938223,True
GSM4138164,20,2,cDC2_CD33,specific,0.8837405024252789,50,50,0.9009637997425629,0.9032067374587932,0.023511123900078923,10.0,-0.8279585066305127,False
GSM4138131,20,6,Ambiguous/Mixed,ambiguous,0.749238248748521,50,50,0.8415305947121112,0.8411825284014046,0.030352202367935933,10.0,-3.029245737700194,False
GSM4138123,20,8,Ambiguous/Mixed,ambiguous,0.9393323689368633,50,50,0.7850821070212497,0.7888663908895278,0.026193388641296472,10.0,5.744425820877219,True
GSM4138126,20,3,Mono_CD16,specific,0.986121566166167,49,50,0.9732122706964341,0.9723926055709887,0.01302738769889343,10.0,1.0538536898187512,True
GSM4138160,20,3,Mono_CD16,specific,0.9806264650559819,49,50,0.9670224251314018,0.9643464148097161,0.015999287371230457,10.0,1.0175484612858627,True
GSM4138137,20,9,Macrophage_family,family,0.917078555460309,47,50,0.8546409807078789,0.8599141946566412,0.021769077275210446,10.0,2.625943216654561,True
GSM4138155,20,7,DC_family,family,0.8468860458523446,46,50,0.8116719002969048,0.8001558755817797,0.0330336939627996,10.0,1.414621396056687,True
GSM4138143,20,8,Ambiguous/Mixed,ambiguous,0.9313349856786913,45,50,0.8716764985029095,0.8679807590756784,0.04169045767387151,10.0,1.5196337516514882,True
GSM4138143,20,11,DC_family,family,0.8197670719706046,45,50,0.8716764985029095,0.8679807590756784,0.04169045767387151,10.0,-1.1564681655027873,False
GSM4138145,20,8,Ambiguous/Mixed,ambiguous,0.9467966603574602,44,50,0.8639541963394225,0.8551855138959764,0.03320226051125106,10.0,2.759184014908867,True
GSM4138125,20,4,Macrophage_family,family,0.8557007579622591,43,50,0.8335368355318901,0.8404677133871186,0.021456036745150852,10.0,0.7099654403128876,True
GSM4138150,20,3,Mono_CD16,specific,0.9740456671545703,43,50,0.9492177049660484,0.9455277823177115,0.018066775761503433,10.0,1.578471178992796,True
GSM4138141,20,3,Mono_CD16,specific,0.9638958579707971,42,50,0.8900435014268286,0.8901090886724006,0.029603528026603508,10.0,2.4924991788846023,True
GSM4138127,20,10,Ambiguous/Mixed,ambiguous,0.8986719576994917,42,50,0.8870672744686936,0.8830671844295679,0.034225073500228534,10.0,0.455945646685598,True
GSM4138148,20,3,Mono_CD16,specific,0.9683296849104478,41,50,0.8803577223985555,0.8775392652755208,0.02073202321911549,10.0,4.3792358649886,True
GSM4138155,20,11,DC_family,family,0.8628185273664342,39,50,0.8116719002969048,0.8001558755817797,0.0330336939627996,10.0,1.896931413580966,True
GSM4138137,20,6,Ambiguous/Mixed,ambiguous,0.8907071207341483,39,50,0.8546409807078789,0.8599141946566412,0.021769077275210446,10.0,1.414526012665338,True
GSM4138161,20,5,Ambiguous/Mixed,ambiguous,0.9211714048972784,39,50,0.8186150959142044,0.8202611816061893,0.023224484276183642,10.0,4.3449930724434225,True
GSM4138154,20,3,Mono_CD16,specific,0.9432574029153669,37,25,0.9144385102824806,0.9152592386537124,0.04449839282543271,10.0,0.6291949547816552,True
GSM4138141,20,7,DC_family,family,0.8895003476296034,37,25,0.9592369758991124,0.9592641270747289,0.029027749588371645,10.0,-2.4033478459202517,False
GSM4138135,20,12,Ambiguous/Mixed,ambiguous,0.9417150592232443,37,25,0.9262103971686568,0.9299491761958603,0.027728452087857892,10.0,0.4243252739137292,True
GSM4138119,20,2,cDC2_CD33,specific,0.807851102246059,37,25,0.9211915973052534,0.9177772997659964,0.023356474458712168,10.0,-4.706455065136509,False
GSM4138111,20,3,Mono_CD16,specific,0.9206457999414346,36,25,0.9111547497859049,0.9174711520389224,0.03172688570524009,10.0,0.10006175620281173,True
GSM4138113,20,8,Ambiguous/Mixed,ambiguous,0.9515624001258797,35,25,0.9240671724385692,0.9177122554283212,0.040209782289650685,10.0,0.8418385469913593,True
GSM4138131,20,1,Monocyte_family,family,0.9259805903622866,35,25,0.923417081484569,0.9232553144549218,0.039261461223893256,10.0,0.06941351193791806,True
GSM4138123,20,2,cDC2_CD33,specific,0.9442195242456249,34,25,0.8699213661280445,0.8801549342541974,0.026021253875910234,10.0,2.462010105160103,True
GSM4138145,20,5,Ambiguous/Mixed,ambiguous,0.9306617522367178,34,25,0.9581722339130803,0.9672380217135125,0.025825993587039915,10.0,-1.41625797875012,False
GSM4138123,20,5,Ambiguous/Mixed,ambiguous,0.8735676679542431,34,25,0.8699213661280445,0.8801549342541974,0.026021253875910234,10.0,-0.2531494574153719,True
GSM4138121,20,1,Monocyte_family,family,0.9325439424259765,34,25,0.8588424057810767,0.8648333879843543,0.02589934807083429,10.0,2.6143729277059395,True
GSM4138141,20,10,Ambiguous/Mixed,ambiguous,0.9564651596766038,33,25,0.9592369758991124,0.9592641270747289,0.029027749588371645,10.0,-0.09642385089494741,False
GSM4138139,20,6,Ambiguous/Mixed,ambiguous,0.8606307703687786,33,25,0.9357290956556907,0.9337225384790877,0.0319793612246252,10.0,-2.2855918727365325,False
GSM4138163,20,3,Mono_CD16,specific,0.9880314719418812,33,25,0.9585446561255815,0.9609096758297184,0.017601132002729513,10.0,1.5409120338371913,True
GSM4138141,20,6,Ambiguous/Mixed,ambiguous,0.8340660959377291,32,25,0.9592369758991124,0.9592641270747289,0.029027749588371645,10.0,-4.313046409465838,False
GSM4138159,20,1,Monocyte_family,family,0.9583003372717271,32,25,0.9168929989490284,0.9184785998316982,0.02684712170909718,10.0,1.4832777186142558,True
GSM4138127,20,2,cDC2_CD33,specific,0.934702142924306,32,25,0.9607701486208685,0.958907948415632,0.02307048316562853,10.0,-1.0492110337502134,False
GSM4138143,20,13,Mast,specific,0.9748135904112316,31,25,0.9450580936944553,0.9491119471886973,0.0170366173356051,10.0,1.5086118750123032,True
GSM4138147,20,8,Ambiguous/Mixed,ambiguous,0.935324749011505,31,25,0.9260874884786799,0.91700049001221,0.03480209657643462,10.0,0.5265274452373895,True
GSM4138113,20,1,Monocyte_family,family,0.9701506329879526,31,25,0.9240671724385692,0.9177122554283212,0.040209782289650685,10.0,1.3041199074864942,True
GSM4138129,20,5,Ambiguous/Mixed,ambiguous,0.8844425431289848,31,25,0.931076450825193,0.9183711485744729,0.032131232378038686,10.0,-1.0559385038924878,False
GSM4138120,20,3,Mono_CD16,specific,0.9526705053867545,31,25,0.9269817708599346,0.9265773629703217,0.029997327016448413,10.0,0.8698489169426715,True
GSM4138129,20,4,Macrophage_family,family,0.9031546217386274,31,25,0.931076450825193,0.9183711485744729,0.032131232378038686,10.0,-0.4735743296994057,False
GSM4138164,20,3,Mono_CD16,specific,0.9603152608349528,30,25,0.9741775326507864,0.9730184800289028,0.027064169013758806,10.0,-0.4693740712117185,False
GSM4138135,20,11,DC_family,family,0.9436620345371954,30,25,0.9262103971686568,0.9299491761958603,0.027728452087857892,10.0,0.4945410691475255,True
GSM4138119,20,1,Monocyte_family,family,0.8557867885678219,30,25,0.9211915973052534,0.9177772997659964,0.023356474458712168,10.0,-2.6541039533923136,False
GSM4138111,20,13,Mast,specific,0.9059125026497903,29,25,0.9111547497859049,0.9174711520389224,0.03172688570524009,10.0,-0.3643171755500426,False
GSM4138111,20,1,Monocyte_family,family,0.8817332444296805,29,25,0.9111547497859049,0.9174711520389224,0.03172688570524009,10.0,-1.1264234359863228,False
GSM4138127,20,8,Ambiguous/Mixed,ambiguous,0.9559775633031578,29,25,0.9607701486208685,0.958907948415632,0.02307048316562853,10.0,-0.12701880109906213,False
GSM4138111,20,7,DC_family,family,0.9421729141564511,28,25,0.9111547497859049,0.9174711520389224,0.03172688570524009,10.0,0.7785750655460306,True
GSM4138129,20,9,Macrophage_family,family,0.8997206029422584,28,25,0.931076450825193,0.9183711485744729,0.032131232378038686,10.0,-0.5804491222988973,False
GSM4138131,20,3,Mono_CD16,specific,0.9686382457301668,28,25,0.923417081484569,0.9232553144549218,0.039261461223893256,10.0,1.1559154922034938,True
GSM4138139,20,7,DC_family,family,0.9699498034605567,27,25,0.9357290956556907,0.9337225384790877,0.0319793612246252,10.0,1.1328326643864535,True
GSM4138145,20,3,Mono_CD16,specific,0.969513271085743,27,25,0.9581722339130803,0.9672380217135125,0.025825993587039915,10.0,0.08809919992283789,True
GSM4138143,20,7,DC_family,family,0.9341244823744888,27,25,0.9450580936944553,0.9491119471886973,0.0170366173356051,10.0,-0.8797206933142765,False
GSM4138117,20,6,Ambiguous/Mixed,ambiguous,0.8824831942655167,27,25,0.9147496893500744,0.9146754506733146,0.020995821291890267,10.0,-1.5332696902041307,False
GSM4138135,20,6,Ambiguous/Mixed,ambiguous,0.9492432162482685,26,25,0.9262103971686568,0.9299491761958603,0.027728452087857892,10.0,0.6958210285693133,True
GSM4138159,20,2,cDC2_CD33,specific,0.9442113328178601,26,25,0.9168929989490284,0.9184785998316982,0.02684712170909718,10.0,0.9584913148228582,True
GSM4138161,20,6,Ambiguous/Mixed,ambiguous,0.8365038739909008,25,25,0.9006733795091095,0.899784281210698,0.029310319391865933,10.0,-2.1589804728418795,False
GSM4138119,20,9,Macrophage_family,family,0.9064369292655693,25,25,0.9211915973052534,0.9177772997659964,0.023356474458712168,10.0,-0.48553434382718136,False
GSM4138153,20,2,cDC2_CD33,specific,0.9444222930047869,24,25,0.9019739133206406,0.9067701798014556,0.032993349520122034,10.0,1.1412031136871372,True
GSM4138135,20,9,Macrophage_family,family,0.9319274537371514,24,25,0.9262103971686568,0.9299491761958603,0.027728452087857892,10.0,0.07134468000676354,True
GSM4138115,20,7,DC_family,family,0.9506077518841016,24,25,0.9613827702706941,0.9602304947917325,0.021745965538883007,10.0,-0.4425070429926357,False
GSM4138123,20,11,DC_family,family,0.9558930587682362,24,25,0.8699213661280445,0.8801549342541974,0.026021253875910234,10.0,2.9106254785114336,True
GSM4138159,20,7,DC_family,family,0.8829285891253892,24,25,0.9168929989490284,0.9184785998316982,0.02684712170909718,10.0,-1.3241646941341525,False
GSM4138158,20,3,Mono_CD16,specific,0.9839465077781601,23,25,0.9752988875372053,0.9702248123111227,0.022327878731653573,10.0,0.6145543708809447,True
GSM4138112,20,8,Ambiguous/Mixed,ambiguous,0.9653155512512359,23,25,0.9627064512758634,0.9599645605323005,0.013878950244238929,10.0,0.3855472225758988,True
GSM4138131,20,7,DC_family,family,0.9265960736590514,23,25,0.923417081484569,0.9232553144549218,0.039261461223893256,10.0,0.08509003740534483,True
GSM4138133,20,7,DC_family,family,0.9505907402729513,23,25,0.9093942843333844,0.9134138789599708,0.020292895865104355,10.0,1.8320136051606994,True
GSM4138139,20,11,DC_family,family,0.9422756010989471,22,25,0.9357290956556907,0.9337225384790877,0.0319793612246252,10.0,0.267455705565291,True
GSM4138160,20,8,Ambiguous/Mixed,ambiguous,0.9826077730887751,22,25,0.9807110966306685,0.9779941749898674,0.016262702143506322,10.0,0.28369197555216347,True
GSM4138145,20,11,DC_family,family,0.9150097785106474,22,25,0.9581722339130803,0.9672380217135125,0.025825993587039915,10.0,-2.0223130245441734,False
GSM4138133,20,8,Ambiguous/Mixed,ambiguous,0.9780104357713506,21,25,0.9093942843333844,0.9134138789599708,0.020292895865104355,10.0,3.1832103826275455,True
GSM4138115,20,11,DC_family,family,0.9713539816532648,21,25,0.9613827702706941,0.9602304947917325,0.021745965538883007,10.0,0.5115195663141693,True
GSM4138139,20,10,Ambiguous/Mixed,ambiguous,0.9394432001347854,21,25,0.9357290956556907,0.9337225384790877,0.0319793612246252,10.0,0.17888605139781935,True
GSM4138135,20,13,Mast,specific,1.0,21,25,0.9262103971686568,0.9299491761958603,0.027728452087857892,10.0,2.5263156984812194,True
GSM4138159,20,4,Macrophage_family,family,0.9704074075688318,20,25,0.9168929989490284,0.9184785998316982,0.02684712170909718,10.0,1.9342411562703,True
GSM4138161,20,7,DC_family,family,0.956628296426271,20,25,0.9006733795091095,0.899784281210698,0.029310319391865933,10.0,1.939385731543687,True
GSM4138110,20,8,Ambiguous/Mixed,ambiguous,0.9697106021963595,20,25,0.9868341180732119,0.9867664570718897,0.011731289324245612,10.0,-1.4538772682283132,False
GSM4138143,20,4,Macrophage_family,family,0.8936040260125188,20,25,0.9450580936944553,0.9491119471886973,0.0170366173356051,10.0,-3.258153897732482,False
GSM4138155,20,6,Ambiguous/Mixed,ambiguous,0.8763656510162336,20,25,0.9125995833019843,0.9086011184524632,0.0205912592617861,10.0,-1.5654927669262606,False
GSM4138139,20,8,Ambiguous/Mixed,ambiguous,0.9671600881041681,20,25,0.9357290956556907,0.9337225384790877,0.0319793612246252,10.0,1.0455977963478624,True
GSM4138155,20,13,Mast,specific,0.9381206978557273,19,25,0.9125995833019843,0.9086011184524632,0.0205912592617861,10.0,1.4335975778833236,True
GSM4138157,20,1,Monocyte_family,family,0.9760519546443948,19,25,0.968189445659703,0.967113018075611,0.0247939680093005,10.0,0.3605286804206028,True
GSM4138145,20,4,Macrophage_family,family,0.9776996983623805,19,25,0.9581722339130803,0.9672380217135125,0.025825993587039915,10.0,0.4050832202683541,True
GSM4138116,20,3,Mono_CD16,specific,0.983849744355374,19,25,0.9788246647115975,0.9644729305795968,0.03412886316677367,10.0,0.5677544452943148,True
GSM4138157,20,5,Ambiguous/Mixed,ambiguous,0.9465172833955127,19,25,0.968189445659703,0.967113018075611,0.0247939680093005,10.0,-0.8306752139218961,False
GSM4138143,20,3,Mono_CD16,specific,0.9897775680840813,19,25,0.9450580936944553,0.9491119471886973,0.0170366173356051,10.0,2.38695394128483,True
GSM4138135,20,8,Ambiguous/Mixed,ambiguous,0.9592348250153161,19,25,0.9262103971686568,0.9299491761958603,0.027728452087857892,10.0,1.056158804922249,True
GSM4138133,20,11,DC_family,family,0.8761686282530052,19,25,0.9093942843333844,0.9134138789599708,0.020292895865104355,10.0,-1.8353837202216419,False
GSM4138113,20,3,Mono_CD16,specific,0.9391761103607917,19,25,0.9240671724385692,0.9177122554283212,0.040209782289650685,10.0,0.5337968452018932,True
GSM4138168,20,8,Ambiguous/Mixed,ambiguous,0.9572137196041713,18,25,0.9541628191306922,0.9543500656433102,0.015998487667747092,10.0,0.17899529132583628,True
GSM4138131,20,13,Mast,specific,0.9764376533440459,18,25,0.923417081484569,0.9232553144549218,0.039261461223893256,10.0,1.354568506399833,True
GSM4138137,20,11,DC_family,family,0.952252074348237,18,25,0.926176546037629,0.9188558130939726,0.02524688033865908,10.0,1.3227876397515408,True
GSM4138133,20,1,Monocyte_family,family,0.9693642877511105,18,25,0.9093942843333844,0.9134138789599708,0.020292895865104355,10.0,2.7571426553936016,True
GSM4138115,20,8,Ambiguous/Mixed,ambiguous,0.9663247726852617,18,25,0.9613827702706941,0.9602304947917325,0.021745965538883007,10.0,0.28024866877639076,True
GSM4138161,20,10,Ambiguous/Mixed,ambiguous,1.0,17,25,0.9006733795091095,0.899784281210698,0.029310319391865933,10.0,3.4191274905422366,True
GSM4138157,20,4,Macrophage_family,family,0.9524169648486809,17,25,0.968189445659703,0.967113018075611,0.0247939680093005,10.0,-0.5927269576784753,False
GSM4138139,20,3,Mono_CD16,specific,0.9952564132401812,17,25,0.9357290956556907,0.9337225384790877,0.0319793612246252,10.0,1.9241746052672974,True
GSM4138111,20,4,Macrophage_family,family,0.8976404713768388,17,25,0.9111547497859049,0.9174711520389224,0.03172688570524009,10.0,-0.6250434047111127,False
GSM4138122,20,8,Ambiguous/Mixed,ambiguous,0.9885168000412012,17,25,0.9792524358015444,0.9750685359411753,0.0122815856284961,10.0,1.0949941242784573,True
GSM4138128,20,8,Ambiguous/Mixed,ambiguous,0.9885168000412012,17,25,0.9844528974607618,0.9831021452587395,0.010708099409941723,10.0,0.5056597417684221,True
GSM4138163,20,8,Ambiguous/Mixed,ambiguous,0.9941087355013785,16,25,0.9585446561255815,0.9609096758297184,0.017601132002729513,10.0,1.8861888920844216,True
GSM4138130,20,8,Ambiguous/Mixed,ambiguous,0.9869218594514031,16,25,0.9804453099621897,0.9776933830033974,0.009270985594780661,10.0,0.9954148190243264,True
GSM4138123,20,7,DC_family,family,0.9579282491344728,16,25,0.8699213661280445,0.8801549342541974,0.026021253875910234,10.0,2.9888380956259684,True
GSM4138129,20,8,Ambiguous/Mixed,ambiguous,0.9772185819005016,15,25,0.931076450825193,0.9183711485744729,0.032131232378038686,10.0,1.831471405567694,True
GSM4138111,20,11,DC_family,family,0.7795758304461559,15,25,0.9111547497859049,0.9174711520389224,0.03172688570524009,10.0,-4.3463238993542745,False
GSM4138162,20,8,Ambiguous/Mixed,ambiguous,0.9892661764432229,15,25,0.9600140953042835,0.9563751722194592,0.016814135194355585,10.0,1.9561520020848298,True
GSM4138135,20,3,Mono_CD16,specific,0.9886705363624484,15,25,0.9262103971686568,0.9299491761958603,0.027728452087857892,10.0,2.1177294708167946,True
GSM4138115,20,4,Macrophage_family,family,0.9627065891132409,15,25,0.9613827702706941,0.9602304947917325,0.021745965538883007,10.0,0.11386453809471093,True
GSM4138117,20,13,Mast,specific,0.9848958966969695,15,25,0.9147496893500744,0.9146754506733146,0.020995821291890267,10.0,3.3444962713022295,True
