sample,K,gep,label,label_kind,whole_gep_ROGUE,whole_gep_n_cells,matched_n_cells,matched_frac,matched_ROGUE,contamination_delta
GSM4138139,5,5,Mast,specific,0.9658315628046693,60,60,1.0,0.9658315628046693,0.0
GSM4138143,5,5,Mast,specific,0.9748135904112316,31,31,1.0,0.9748135904112316,0.0
GSM4138111,5,5,Mast,specific,0.8772200899755831,30,29,0.9666666666666667,0.9059125026497903,0.02869241267420719
GSM4138135,5,5,Mast,specific,1.0,21,21,1.0,1.0,0.0
GSM4138155,5,5,Mast,specific,0.9381206978557273,19,19,1.0,0.9381206978557273,0.0
GSM4138131,5,5,Mast,specific,0.9564196483172959,19,18,0.9473684210526315,0.9764376533440459,0.020018005026749996
GSM4138117,5,5,Mast,specific,0.9848958966969695,15,15,1.0,0.9848958966969695,0.0
GSM4138123,6,3,Macrophage_family,family,0.7424016288401483,403,400,0.9925558312655087,0.7452306633190271,0.0028290344788788335
GSM4138135,6,3,Macrophage_family,family,0.7495144487620636,359,355,0.9888579387186629,0.7562995056150477,0.006785056852984028
GSM4138125,6,3,Macrophage_family,family,0.7525898180020528,342,340,0.9941520467836257,0.7524018074398744,-0.00018801056217843115
GSM4138137,6,3,Macrophage_family,family,0.7889813275610023,312,311,0.9967948717948718,0.7891713411753631,0.00019001361436088438
GSM4138131,6,2,DC_family,family,0.7167153982415957,282,157,0.5567375886524822,0.7538143179664833,0.03709891972488766
GSM4138155,6,2,DC_family,family,0.7058781911771544,186,161,0.8655913978494624,0.7199940563714887,0.014115865194334276
GSM4138145,6,2,DC_family,family,0.7410749749983234,178,171,0.9606741573033708,0.7442580688894826,0.0031830938911592277
GSM4138141,6,2,DC_family,family,0.7405548032071125,172,138,0.8023255813953488,0.772898173807245,0.03234337060013248
GSM4138139,6,3,Macrophage_family,family,0.7391694030203018,164,163,0.9939024390243902,0.7389306206538988,-0.00023878236640295647
GSM4138111,6,2,DC_family,family,0.6929328846732705,142,92,0.647887323943662,0.7154535367955283,0.022520652122257734
GSM4138143,6,2,DC_family,family,0.7841178639233746,141,126,0.8936170212765957,0.8010100991315257,0.016892235208151085
GSM4138123,6,2,DC_family,family,0.6559064039345078,140,65,0.4642857142857143,0.7790506389280968,0.12314423499358895
GSM4138161,6,2,DC_family,family,0.6758665173454972,136,103,0.7573529411764706,0.6853664951066363,0.009499977761139089
GSM4138133,6,2,DC_family,family,0.7409212754301988,134,96,0.7164179104477612,0.7914890308885254,0.05056775545832659
GSM4138131,6,3,Macrophage_family,family,0.7980414157391909,125,90,0.72,0.8155411850408794,0.017499769301688506
GSM4138127,6,2,DC_family,family,0.7573782258329818,124,44,0.3548387096774194,0.9080714745306382,0.15069324869765643
GSM4138155,6,3,Macrophage_family,family,0.7139650764146923,108,103,0.9537037037037037,0.7233593434138987,0.009394266999206424
GSM4138161,6,5,DC_pDC,specific,0.882884773226156,105,104,0.9904761904761905,0.8816535810111951,-0.00123119221496093
GSM4138131,6,5,DC_pDC,specific,0.9369238574581618,104,102,0.9807692307692307,0.9294499878571717,-0.007473869600990057
GSM4138137,6,2,DC_family,family,0.7944095264874084,103,40,0.3883495145631068,0.8344276469563251,0.04001812046891673
GSM4138139,6,2,DC_family,family,0.79224471611957,102,72,0.7058823529411765,0.8637197029196201,0.07147498680005004
GSM4138115,6,2,DC_family,family,0.7663447148541443,98,91,0.9285714285714286,0.8138160506729825,0.04747133581883811
GSM4138133,6,3,Macrophage_family,family,0.8148856950727769,89,84,0.9438202247191011,0.8229607124253795,0.008075017352602631
GSM4138135,6,2,DC_family,family,0.8350946368133607,82,52,0.6341463414634146,0.8396440332761214,0.0045493964627606465
GSM4138129,6,3,Macrophage_family,family,0.8323969031388694,80,77,0.9625,0.836558291073104,0.004161387934234595
GSM4138117,6,3,Macrophage_family,family,0.798808416088053,78,78,1.0,0.798808416088053,0.0
GSM4138117,6,2,DC_family,family,0.7752928290882938,74,27,0.36486486486486486,0.9357635701506808,0.160470741062387
GSM4138141,6,5,DC_pDC,specific,0.9220778673883754,70,70,1.0,0.9220778673883754,0.0
GSM4138111,6,5,DC_pDC,specific,0.8921496096643795,63,63,1.0,0.8921496096643795,0.0
GSM4138157,6,2,DC_family,family,0.8301790069109647,60,45,0.75,0.8770624286269946,0.04688342171602988
GSM4138139,6,6,Mast,specific,0.966827109414383,59,59,1.0,0.966827109414383,0.0
GSM4138141,6,3,Macrophage_family,family,0.8557321118961789,58,52,0.896551724137931,0.8791200171949629,0.023387905298783984
GSM4138159,6,2,DC_family,family,0.7598414970023137,50,45,0.9,0.7863296990285937,0.026488202026279994
GSM4138155,6,5,DC_pDC,specific,0.904973189507882,50,49,0.98,0.9065649257681399,0.001591736260257881
GSM4138123,6,5,DC_pDC,specific,0.9508575041839805,48,48,1.0,0.9508575041839805,0.0
GSM4138127,6,3,Macrophage_family,family,0.9228253977982559,45,42,0.9333333333333333,0.9287089974151461,0.005883599616890223
GSM4138143,6,5,DC_pDC,specific,0.9287322613330776,45,45,1.0,0.9287322613330776,0.0
GSM4138145,6,5,DC_pDC,specific,0.945258029964264,45,45,1.0,0.945258029964264,0.0
GSM4138113,6,2,DC_family,family,0.7788455617675204,40,30,0.75,0.7716398600561523,-0.00720570171136814
GSM4138129,6,2,DC_family,family,0.8714175018134912,36,28,0.7777777777777778,0.9188520541762627,0.0474345523627715
GSM4138121,6,2,DC_family,family,0.8014687944220541,35,29,0.8285714285714286,0.8615499520470269,0.06008115762497279
GSM4138113,6,5,DC_pDC,specific,0.9193607203971467,34,34,1.0,0.9193607203971467,0.0
GSM4138147,6,5,DC_pDC,specific,0.935324749011505,31,31,1.0,0.935324749011505,0.0
GSM4138143,6,6,Mast,specific,0.9748135904112316,31,31,1.0,0.9748135904112316,0.0
GSM4138111,6,6,Mast,specific,0.876493661763317,29,28,0.9655172413793104,0.9050661191766445,0.02857245741332748
GSM4138143,6,3,Macrophage_family,family,0.88842253879132,29,29,1.0,0.88842253879132,0.0
GSM4138119,6,2,DC_family,family,0.8667932022025296,28,21,0.75,0.93118174893201,0.06438854672948036
GSM4138127,6,5,DC_pDC,specific,0.9538411986320278,27,27,1.0,0.9538411986320278,0.0
GSM4138153,6,2,DC_family,family,0.8756505205390447,27,20,0.7407407407407407,0.9348779773625913,0.059227456823546576
GSM4138129,6,5,DC_pDC,specific,0.9868286715955322,25,25,1.0,0.9868286715955322,0.0
GSM4138119,6,3,Macrophage_family,family,0.8443560073622928,25,24,0.96,0.854050768639347,0.009694761277054265
GSM4138112,6,5,DC_pDC,specific,0.9670409840078681,25,25,1.0,0.9670409840078681,0.0
GSM4138125,6,2,DC_family,family,0.9418781107392166,24,16,0.6666666666666666,0.9540530205311766,0.012174909791960009
GSM4138157,6,3,Macrophage_family,family,0.9499196703255945,23,23,1.0,0.9499196703255945,0.0
GSM4138139,6,5,DC_pDC,specific,0.9506174967437965,22,22,1.0,0.9506174967437965,0.0
GSM4138160,6,5,DC_pDC,specific,0.9826077730887751,22,22,1.0,0.9826077730887751,0.0
GSM4138135,6,6,Mast,specific,1.0,21,21,1.0,1.0,0.0
GSM4138171,6,2,DC_family,family,0.9866339541778586,21,19,0.9047619047619048,0.9859276060195052,-0.0007063481583533537
GSM4138122,6,5,DC_pDC,specific,0.9782659584116306,20,20,1.0,0.9782659584116306,0.0
GSM4138133,6,5,DC_pDC,specific,0.9772575612773257,20,20,1.0,0.9772575612773257,0.0
GSM4138159,6,3,Macrophage_family,family,0.9735035046871444,20,20,1.0,0.9735035046871444,0.0
GSM4138110,6,5,DC_pDC,specific,0.9697106021963595,20,20,1.0,0.9697106021963595,0.0
GSM4138128,6,5,DC_pDC,specific,0.9782659584116306,20,20,1.0,0.9782659584116306,0.0
GSM4138111,6,3,Macrophage_family,family,0.9091338002589118,20,20,1.0,0.9091338002589118,0.0
GSM4138168,6,5,DC_pDC,specific,0.9457890908623999,20,20,1.0,0.9457890908623999,0.0
GSM4138155,6,6,Mast,specific,0.9381206978557273,19,19,1.0,0.9381206978557273,0.0
GSM4138131,6,6,Mast,specific,0.9564196483172959,19,18,0.9473684210526315,0.9764376533440459,0.020018005026749996
GSM4138115,6,5,DC_pDC,specific,0.9794161116049125,18,18,1.0,0.9794161116049125,0.0
GSM4138135,6,5,DC_pDC,specific,0.9714275620812333,18,17,0.9444444444444444,0.9787886250594097,0.0073610629781764025
GSM4138145,6,3,Macrophage_family,family,0.9668025194701134,17,17,1.0,0.9668025194701134,0.0
GSM4138162,6,5,DC_pDC,specific,0.9897606953288196,17,17,1.0,0.9897606953288196,0.0
GSM4138130,6,5,DC_pDC,specific,0.9652784490766921,17,17,1.0,0.9652784490766921,0.0
GSM4138149,6,2,DC_family,family,0.9431629675052705,16,11,0.6875,,
GSM4138121,6,3,Macrophage_family,family,0.954341197235705,16,16,1.0,0.954341197235705,0.0
GSM4138170,6,2,DC_family,family,0.967132556190899,16,16,1.0,0.967132556190899,0.0
GSM4138163,6,5,DC_pDC,specific,0.9941087355013785,16,16,1.0,0.9941087355013785,0.0
GSM4138157,6,5,DC_pDC,specific,0.978093154163344,16,16,1.0,0.978093154163344,0.0
GSM4138117,6,6,Mast,specific,0.9848958966969695,15,15,1.0,0.9848958966969695,0.0
GSM4138134,6,5,DC_pDC,specific,0.9856991785152992,15,15,1.0,0.9856991785152992,0.0
GSM4138151,6,5,DC_pDC,specific,0.9806392337550041,15,15,1.0,0.9806392337550041,0.0
GSM4138134,7,1,Mono_CD14_ID1,specific,0.9561562126178971,1213,1,0.0008244023083264633,,
GSM4138156,7,1,Mono_CD14_ID1,specific,0.9057935180236475,912,9,0.009868421052631578,,
GSM4138126,7,1,Mono_CD14_ID1,specific,0.9549444876876225,757,9,0.011889035667107,,
GSM4138116,7,1,Mono_CD14_ID1,specific,0.9303430193458323,701,0,0.0,,
GSM4138140,7,1,Mono_CD14_ID1,specific,0.922601387293611,692,2,0.002890173410404624,,
GSM4138142,7,1,Mono_CD14_ID1,specific,0.9099268124169119,686,37,0.05393586005830904,0.9672045977511199,0.05727778533420802
GSM4138132,7,1,Mono_CD14_ID1,specific,0.9366804967071318,642,1,0.001557632398753894,,
GSM4138136,7,1,Mono_CD14_ID1,specific,0.911325329709356,634,13,0.02050473186119874,,
GSM4138110,7,1,Mono_CD14_ID1,specific,0.9166625949074731,625,12,0.0192,,
GSM4138120,7,1,Mono_CD14_ID1,specific,0.8739225499269356,591,464,0.7851099830795262,0.9143636094168758,0.040441059489940145
GSM4138130,7,1,Mono_CD14_ID1,specific,0.923439792533927,584,1,0.0017123287671232876,,
GSM4138138,7,1,Mono_CD14_ID1,specific,0.90393497044711,573,2,0.0034904013961605585,,
GSM4138128,7,1,Mono_CD14_ID1,specific,0.8959558474415688,535,0,0.0,,
GSM4138122,7,1,Mono_CD14_ID1,specific,0.8959558474415688,535,0,0.0,,
GSM4138160,7,1,Mono_CD14_ID1,specific,0.9194571607494754,481,0,0.0,,
GSM4138162,7,1,Mono_CD14_ID1,specific,0.9205112601574489,467,7,0.014989293361884369,,
GSM4138166,7,1,Mono_CD14_ID1,specific,0.9007023458285124,458,10,0.021834061135371178,,
GSM4138146,7,1,Mono_CD14_ID1,specific,0.8998833118367539,455,1,0.002197802197802198,,
GSM4138152,7,1,Mono_CD14_ID1,specific,0.9018983641004333,447,142,0.31767337807606266,0.9520007247267991,0.05010236062636575
GSM4138165,7,1,Mono_CD14_ID1,specific,0.911111095348856,433,0,0.0,,
GSM4138123,7,3,Macrophage_family,family,0.7433099985602454,419,416,0.9928400954653938,0.743904213596224,0.0005942150359786735
GSM4138163,7,1,Mono_CD14_ID1,specific,0.918019092008881,415,11,0.02650602409638554,,
GSM4138135,7,3,Macrophage_family,family,0.7525181923360985,357,353,0.988795518207283,0.7563111994374366,0.0037930071013381195
GSM4138112,7,1,Mono_CD14_ID1,specific,0.9047463027850867,349,0,0.0,,
GSM4138154,7,1,Mono_CD14_ID1,specific,0.8796474224109901,346,149,0.430635838150289,0.943462555263132,0.06381513285214191
GSM4138114,7,1,Mono_CD14_ID1,specific,0.9041187622949814,345,2,0.005797101449275362,,
GSM4138125,7,3,Macrophage_family,family,0.7510424710902694,339,338,0.9970501474926253,0.7509472854292789,-9.518566099053771e-05
GSM4138124,7,1,Mono_CD14_ID1,specific,0.9237456780946116,339,0,0.0,,
GSM4138167,7,1,Mono_CD14_ID1,specific,0.8982685146912551,336,1,0.002976190476190476,,
GSM4138137,7,3,Macrophage_family,family,0.7915496097591852,305,304,0.9967213114754099,0.7917825019890572,0.00023289222987199487
GSM4138141,7,1,Mono_CD14_ID1,specific,0.894415114261546,295,2,0.006779661016949152,,
GSM4138118,7,1,Mono_CD14_ID1,specific,0.9022237135692892,288,170,0.5902777777777778,0.9335570118094065,0.031333298240117324
GSM4138144,7,1,Mono_CD14_ID1,specific,0.8933690019173579,278,13,0.046762589928057555,,
GSM4138158,7,1,Mono_CD14_ID1,specific,0.9295715463367556,268,8,0.029850746268656716,,
GSM4138145,7,1,Mono_CD14_ID1,specific,0.8318687849949159,231,8,0.03463203463203463,,
GSM4138150,7,1,Mono_CD14_ID1,specific,0.9137768683727561,188,8,0.0425531914893617,,
GSM4138155,7,1,Mono_CD14_ID1,specific,0.8179259614326891,182,5,0.027472527472527472,,
GSM4138145,7,2,DC_family,family,0.7667565339396528,180,171,0.95,0.7643153639902075,-0.002441169949445321
GSM4138148,7,1,Mono_CD14_ID1,specific,0.8734551110742803,169,5,0.029585798816568046,,
GSM4138155,7,2,DC_family,family,0.7156339822417607,169,147,0.8698224852071006,0.7288762071083763,0.013242224866615637
GSM4138139,7,3,Macrophage_family,family,0.738400915012926,164,163,0.9939024390243902,0.7380861968465025,-0.00031471816642358874
GSM4138139,7,1,Mono_CD14_ID1,specific,0.8569647318392697,163,2,0.012269938650306749,,
GSM4138117,7,1,Mono_CD14_ID1,specific,0.8152954804919879,158,1,0.006329113924050633,,
GSM4138127,7,1,Mono_CD14_ID1,specific,0.8854385673761549,153,14,0.0915032679738562,,
GSM4138164,7,1,Mono_CD14_ID1,specific,0.8614121220574006,149,0,0.0,,
GSM4138135,7,1,Mono_CD14_ID1,specific,0.9285470774509396,149,4,0.026845637583892617,,
GSM4138137,7,1,Mono_CD14_ID1,specific,0.8916128560070626,137,4,0.029197080291970802,,
GSM4138131,7,1,Mono_CD14_ID1,specific,0.893620231078882,136,3,0.022058823529411766,,
GSM4138143,7,1,Mono_CD14_ID1,specific,0.8356963884394084,135,2,0.014814814814814815,,
GSM4138131,7,3,Macrophage_family,family,0.7891679715006328,135,93,0.6888888888888889,0.8157215278551113,0.026553556354478536
GSM4138125,7,1,Mono_CD14_ID1,specific,0.8510985476899218,133,2,0.015037593984962405,,
GSM4138161,7,1,Mono_CD14_ID1,specific,0.8706415677673353,126,6,0.047619047619047616,,
GSM4138111,7,1,Mono_CD14_ID1,specific,0.8126364816381839,125,4,0.032,,
GSM4138131,7,6,DC_pDC,specific,0.9183495726472163,108,104,0.9629629629629629,0.923305153044135,0.00495558039691868
GSM4138161,7,6,DC_pDC,specific,0.8669479000470499,107,106,0.9906542056074766,0.8573154205164121,-0.009632479530637839
GSM4138143,7,2,DC_family,family,0.7778354547913591,99,80,0.8080808080808081,0.8246806893839914,0.046845234592632345
GSM4138155,7,3,Macrophage_family,family,0.7283336337238286,98,97,0.9897959183673469,0.7387517639996894,0.010418130275860804
GSM4138141,7,2,DC_family,family,0.8243632076845719,95,80,0.8421052631578947,0.8538757054582796,0.02951249777370768
GSM4138161,7,2,DC_family,family,0.7543310480738157,94,86,0.9148936170212766,0.7538507683320567,-0.00048027974175901544
GSM4138129,7,1,Mono_CD14_ID1,specific,0.8798254775142139,91,5,0.054945054945054944,,
GSM4138133,7,3,Macrophage_family,family,0.8142632632369665,87,82,0.9425287356321839,0.8265583394165255,0.01229507617955894
GSM4138113,7,1,Mono_CD14_ID1,specific,0.8619256109051657,86,0,0.0,,
GSM4138117,7,3,Macrophage_family,family,0.797906075580249,79,79,1.0,0.797906075580249,0.0
GSM4138129,7,3,Macrophage_family,family,0.8448279978406515,78,76,0.9743589743589743,0.8446612505466565,-0.00016674729399501764
GSM4138115,7,2,DC_family,family,0.8248290660188594,75,69,0.92,0.8322861035552731,0.007457037536413691
GSM4138141,7,6,DC_pDC,specific,0.9165508686482305,72,72,1.0,0.9165508686482305,0.0
GSM4138133,7,2,DC_family,family,0.869591411745131,67,56,0.835820895522388,0.860193268450239,-0.00939814329489197
GSM4138111,7,2,DC_family,family,0.7985522767019447,65,55,0.8461538461538461,0.8248252611339209,0.02627298443197612
GSM4138111,7,6,DC_pDC,specific,0.8947421105721687,64,64,1.0,0.8947421105721687,0.0
GSM4138131,7,2,DC_family,family,0.8679187604286493,62,48,0.7741935483870968,0.8714486485073196,0.0035298880786702735
GSM4138139,7,7,Mast,specific,0.966827109414383,59,59,1.0,0.966827109414383,0.0
GSM4138141,7,3,Macrophage_family,family,0.8747465570091368,57,48,0.8421052631578947,0.8842308266941569,0.00948426968502003
GSM4138133,7,1,Mono_CD14_ID1,specific,0.942042678532171,57,0,0.0,,
GSM4138159,7,1,Mono_CD14_ID1,specific,0.9410856453243512,53,3,0.05660377358490566,,
GSM4138139,7,2,DC_family,family,0.891093085599491,52,47,0.9038461538461539,0.9150402154081079,0.023947129808616907
GSM4138155,7,6,DC_pDC,specific,0.9011069531084976,51,50,0.9803921568627451,0.9062361607604512,0.005129207651953571
GSM4138157,7,1,Mono_CD14_ID1,specific,0.9268573649155646,50,2,0.04,,
GSM4138123,7,6,DC_pDC,specific,0.9508575041839805,48,48,1.0,0.9508575041839805,0.0
GSM4138157,7,2,DC_family,family,0.8289049480989218,48,37,0.7708333333333334,0.8818086027949306,0.05290365469600877
GSM4138119,7,1,Mono_CD14_ID1,specific,0.9465758877288001,48,0,0.0,,
GSM4138121,7,1,Mono_CD14_ID1,specific,0.9064324696355014,45,6,0.13333333333333333,,
GSM4138143,7,6,DC_pDC,specific,0.9287322613330776,45,45,1.0,0.9287322613330776,0.0
GSM4138145,7,6,DC_pDC,specific,0.945258029964264,45,45,1.0,0.945258029964264,0.0
GSM4138159,7,2,DC_family,family,0.8089205054940727,45,38,0.8444444444444444,0.8237717741498397,0.014851268655767025
GSM4138123,7,2,DC_family,family,0.7793867648753902,44,36,0.8181818181818182,0.8230292450872987,0.04364248021190853
GSM4138127,7,3,Macrophage_family,family,0.9253492289193467,42,39,0.9285714285714286,0.9567962340142492,0.0314470050949025
GSM4138113,7,6,DC_pDC,specific,0.9193607203971467,34,34,1.0,0.9193607203971467,0.0
GSM4138135,7,2,DC_family,family,0.8563168086952782,32,18,0.5625,0.9115154623561621,0.055198653660883945
GSM4138143,7,7,Mast,specific,0.9748135904112316,31,31,1.0,0.9748135904112316,0.0
GSM4138115,7,1,Mono_CD14_ID1,specific,0.9575802705409975,31,1,0.03225806451612903,,
GSM4138123,7,1,Mono_CD14_ID1,specific,0.9491042945264545,31,0,0.0,,
GSM4138147,7,6,DC_pDC,specific,0.935324749011505,31,31,1.0,0.935324749011505,0.0
GSM4138137,7,2,DC_family,family,0.8649743954733138,31,17,0.5483870967741935,0.9190058279471073,0.054031432473793495
GSM4138111,7,7,Mast,specific,0.9050661191766445,28,28,1.0,0.9050661191766445,0.0
GSM4138127,7,6,DC_pDC,specific,0.9560784239578238,28,27,0.9642857142857143,0.9538411986320278,-0.002237225325796066
GSM4138113,7,2,DC_family,family,0.8664178414200414,28,27,0.9642857142857143,0.8650700839264305,-0.0013477574936109349
GSM4138119,7,2,DC_family,family,0.7973531841943233,27,18,0.6666666666666666,0.9277640980677694,0.13041091387344605
GSM4138125,7,2,DC_family,family,0.9108778683011874,25,16,0.64,0.9577252028504422,0.046847334549254716
GSM4138112,7,6,DC_pDC,specific,0.9670409840078681,25,25,1.0,0.9670409840078681,0.0
GSM4138129,7,6,DC_pDC,specific,0.9868286715955322,25,25,1.0,0.9868286715955322,0.0
GSM4138119,7,3,Macrophage_family,family,0.8436462650752521,24,23,0.9583333333333334,0.8554278863724538,0.011781621297201728
GSM4138153,7,2,DC_family,family,0.9253293528897513,24,19,0.7916666666666666,0.9477268539540532,0.02239750106430194
GSM4138143,7,3,Macrophage_family,family,0.9114122576070792,23,23,1.0,0.9114122576070792,0.0
GSM4138139,7,6,DC_pDC,specific,0.9506174967437965,22,22,1.0,0.9506174967437965,0.0
GSM4138129,7,2,DC_family,family,0.9511530133079233,22,18,0.8181818181818182,0.9772710122829655,0.02611799897504219
GSM4138160,7,6,DC_pDC,specific,0.9826077730887751,22,22,1.0,0.9826077730887751,0.0
GSM4138117,7,2,DC_family,family,0.9676818198729329,21,18,0.8571428571428571,0.9580029116911486,-0.009678908181784296
GSM4138111,7,3,Macrophage_family,family,0.9111643394169278,21,21,1.0,0.9111643394169278,0.0
GSM4138135,7,7,Mast,specific,1.0,21,21,1.0,1.0,0.0
GSM4138144,7,2,DC_family,family,0.9708045111142379,20,20,1.0,0.9708045111142379,0.0
GSM4138133,7,6,DC_pDC,specific,0.9772575612773257,20,20,1.0,0.9772575612773257,0.0
GSM4138122,7,6,DC_pDC,specific,0.9782659584116306,20,20,1.0,0.9782659584116306,0.0
GSM4138168,7,6,DC_pDC,specific,0.9457890908623999,20,20,1.0,0.9457890908623999,0.0
GSM4138110,7,6,DC_pDC,specific,0.9697106021963595,20,20,1.0,0.9697106021963595,0.0
GSM4138128,7,6,DC_pDC,specific,0.9782659584116306,20,20,1.0,0.9782659584116306,0.0
GSM4138121,7,2,DC_family,family,0.9262283701585734,19,18,0.9473684210526315,0.9388958231924827,0.01266745303390926
GSM4138135,7,6,DC_pDC,specific,0.9592348250153161,19,17,0.8947368421052632,0.9787886250594097,0.019553800044093572
GSM4138127,7,2,DC_family,family,0.974423076742236,19,17,0.8947368421052632,0.987087942794276,0.01266486605203998
GSM4138157,7,3,Macrophage_family,family,0.9635954523219945,19,19,1.0,0.9635954523219945,0.0
GSM4138155,7,7,Mast,specific,0.9381206978557273,19,19,1.0,0.9381206978557273,0.0
GSM4138115,7,6,DC_pDC,specific,0.9816087420119992,19,19,1.0,0.9816087420119992,0.0
GSM4138131,7,7,Mast,specific,0.9564196483172959,19,18,0.9473684210526315,0.9764376533440459,0.020018005026749996
GSM4138153,7,1,Mono_CD14_ID1,specific,0.895311369775414,19,0,0.0,,
GSM4138162,7,2,DC_family,family,0.9902770529495832,18,18,1.0,0.9902770529495832,0.0
GSM4138120,7,2,DC_family,family,0.9811159638729601,18,18,1.0,0.9811159638729601,0.0
GSM4138171,7,2,DC_family,family,1.0,18,15,0.8333333333333334,1.0,0.0
GSM4138159,7,3,Macrophage_family,family,0.9708356744047855,18,18,1.0,0.9708356744047855,0.0
GSM4138172,7,2,DC_family,family,0.9754958122373675,18,16,0.8888888888888888,0.9863191889443204,0.01082337670695288
GSM4138162,7,6,DC_pDC,specific,0.9897606953288196,17,17,1.0,0.9897606953288196,0.0
GSM4138130,7,6,DC_pDC,specific,0.9652784490766921,17,17,1.0,0.9652784490766921,0.0
GSM4138157,7,6,DC_pDC,specific,0.978093154163344,16,16,1.0,0.978093154163344,0.0
GSM4138163,7,6,DC_pDC,specific,0.9941087355013785,16,16,1.0,0.9941087355013785,0.0
GSM4138145,7,3,Macrophage_family,family,1.0,16,16,1.0,1.0,0.0
GSM4138121,7,3,Macrophage_family,family,0.9498235871955446,15,15,1.0,0.9498235871955446,0.0
GSM4138134,7,6,DC_pDC,specific,0.9856991785152992,15,15,1.0,0.9856991785152992,0.0
GSM4138117,7,7,Mast,specific,0.9848958966969695,15,15,1.0,0.9848958966969695,0.0
GSM4138151,7,6,DC_pDC,specific,0.9806392337550041,15,15,1.0,0.9806392337550041,0.0
GSM4138152,7,2,DC_family,family,0.9905377356009475,15,15,1.0,0.9905377356009475,0.0
GSM4138147,7,2,DC_family,family,0.9840307386621786,15,13,0.8666666666666667,,
GSM4138134,8,1,Mono_CD14_ID1,specific,0.9561562126178971,1213,1,0.0008244023083264633,,
GSM4138156,8,1,Mono_CD14_ID1,specific,0.9057935180236475,912,9,0.009868421052631578,,
GSM4138126,8,1,Mono_CD14_ID1,specific,0.9549444876876225,757,9,0.011889035667107,,
GSM4138116,8,1,Mono_CD14_ID1,specific,0.9303430193458323,701,0,0.0,,
GSM4138140,8,1,Mono_CD14_ID1,specific,0.922601387293611,692,2,0.002890173410404624,,
GSM4138142,8,1,Mono_CD14_ID1,specific,0.9099268124169119,686,37,0.05393586005830904,0.9672045977511199,0.05727778533420802
GSM4138132,8,1,Mono_CD14_ID1,specific,0.936207788198537,641,1,0.0015600624024961,,
GSM4138136,8,1,Mono_CD14_ID1,specific,0.911325329709356,634,13,0.02050473186119874,,
GSM4138110,8,1,Mono_CD14_ID1,specific,0.9166625949074731,625,12,0.0192,,
GSM4138120,8,1,Mono_CD14_ID1,specific,0.8739225499269356,591,464,0.7851099830795262,0.9143636094168758,0.040441059489940145
GSM4138130,8,1,Mono_CD14_ID1,specific,0.923439792533927,584,1,0.0017123287671232876,,
GSM4138138,8,1,Mono_CD14_ID1,specific,0.90393497044711,573,2,0.0034904013961605585,,
GSM4138128,8,1,Mono_CD14_ID1,specific,0.8959558474415688,535,0,0.0,,
GSM4138122,8,1,Mono_CD14_ID1,specific,0.8959558474415688,535,0,0.0,,
GSM4138160,8,1,Mono_CD14_ID1,specific,0.9194571607494754,481,0,0.0,,
GSM4138162,8,1,Mono_CD14_ID1,specific,0.9205112601574489,467,7,0.014989293361884369,,
GSM4138166,8,1,Mono_CD14_ID1,specific,0.9007023458285124,458,10,0.021834061135371178,,
GSM4138146,8,1,Mono_CD14_ID1,specific,0.8998833118367539,455,1,0.002197802197802198,,
GSM4138152,8,1,Mono_CD14_ID1,specific,0.9018983641004333,447,142,0.31767337807606266,0.9520007247267991,0.05010236062636575
GSM4138165,8,1,Mono_CD14_ID1,specific,0.911111095348856,433,0,0.0,,
GSM4138123,8,3,Macrophage_family,family,0.7498631647539007,422,419,0.9928909952606635,0.7478667784364041,-0.0019963863174965457
GSM4138163,8,1,Mono_CD14_ID1,specific,0.918019092008881,415,11,0.02650602409638554,,
GSM4138112,8,1,Mono_CD14_ID1,specific,0.9047463027850867,349,0,0.0,,
GSM4138154,8,1,Mono_CD14_ID1,specific,0.8796474224109901,346,149,0.430635838150289,0.943462555263132,0.06381513285214191
GSM4138114,8,1,Mono_CD14_ID1,specific,0.9085553567196336,344,2,0.005813953488372093,,
GSM4138124,8,1,Mono_CD14_ID1,specific,0.9237456780946116,339,0,0.0,,
GSM4138167,8,1,Mono_CD14_ID1,specific,0.8982685146912551,336,1,0.002976190476190476,,
GSM4138125,8,7,Macrophage_family,family,0.7584126640393274,332,330,0.9939759036144579,0.7583053075940193,-0.0001073564453081266
GSM4138135,8,3,Macrophage_family,family,0.7684374588995865,299,294,0.9832775919732442,0.7737250318572451,0.005287572957658582
GSM4138141,8,1,Mono_CD14_ID1,specific,0.8966669389235868,292,2,0.00684931506849315,,
GSM4138118,8,1,Mono_CD14_ID1,specific,0.9022237135692892,288,170,0.5902777777777778,0.9335570118094065,0.031333298240117324
GSM4138144,8,1,Mono_CD14_ID1,specific,0.8933690019173579,278,13,0.046762589928057555,,
GSM4138158,8,1,Mono_CD14_ID1,specific,0.9295715463367556,268,8,0.029850746268656716,,
GSM4138145,8,1,Mono_CD14_ID1,specific,0.836332172520328,232,8,0.034482758620689655,,
GSM4138137,8,3,Macrophage_family,family,0.8159798070817842,228,226,0.9912280701754386,0.8173280305056769,0.001348223423892736
GSM4138150,8,1,Mono_CD14_ID1,specific,0.9137768683727561,188,8,0.0425531914893617,,
GSM4138155,8,1,Mono_CD14_ID1,specific,0.8098973338371273,184,5,0.02717391304347826,,
GSM4138131,8,3,Macrophage_family,family,0.7808914072235942,179,93,0.5195530726256983,0.8386968916271691,0.057805484403574914
GSM4138145,8,2,DC_family,family,0.7629010906015434,179,171,0.9553072625698324,0.7643153639902075,0.0014142733886640668
GSM4138148,8,1,Mono_CD14_ID1,specific,0.8734551110742803,169,5,0.029585798816568046,,
GSM4138155,8,2,DC_family,family,0.7308629917052845,169,145,0.8579881656804734,0.7358240285248425,0.004961036819558062
GSM4138117,8,1,Mono_CD14_ID1,specific,0.8090615254089843,168,1,0.005952380952380952,,
GSM4138135,8,1,Mono_CD14_ID1,specific,0.916279525531683,167,4,0.023952095808383235,,
GSM4138139,8,1,Mono_CD14_ID1,specific,0.8571702856583883,160,2,0.0125,,
GSM4138127,8,1,Mono_CD14_ID1,specific,0.8728541587824468,159,14,0.0880503144654088,,
GSM4138164,8,1,Mono_CD14_ID1,specific,0.8614121220574006,149,0,0.0,,
GSM4138137,8,1,Mono_CD14_ID1,specific,0.8888542804772903,144,4,0.027777777777777776,,
GSM4138131,8,1,Mono_CD14_ID1,specific,0.8941013311582678,139,3,0.02158273381294964,,
GSM4138143,8,1,Mono_CD14_ID1,specific,0.8437084385825578,134,2,0.014925373134328358,,
GSM4138161,8,1,Mono_CD14_ID1,specific,0.8709928800848282,128,6,0.046875,,
GSM4138111,8,1,Mono_CD14_ID1,specific,0.7818085462619073,128,4,0.03125,,
GSM4138125,8,1,Mono_CD14_ID1,specific,0.8891268846893889,109,2,0.01834862385321101,,
GSM4138131,8,6,DC_pDC,specific,0.9181206911501923,109,105,0.963302752293578,0.9270175062589495,0.008896815108757172
GSM4138161,8,6,DC_pDC,specific,0.8669479000470499,107,106,0.9906542056074766,0.8573154205164121,-0.009632479530637839
GSM4138139,8,3,Macrophage_family,family,0.8248526623554622,96,95,0.9895833333333334,0.8259164112373245,0.0010637488818623364
GSM4138143,8,2,DC_family,family,0.7752258115120115,96,80,0.8333333333333334,0.8246806893839914,0.049454877871979885
GSM4138141,8,2,DC_family,family,0.8012862308380416,95,82,0.8631578947368421,0.8277057115510285,0.02641948071298683
GSM4138161,8,2,DC_family,family,0.7543310480738157,94,86,0.9148936170212766,0.7538507683320567,-0.00048027974175901544
GSM4138129,8,1,Mono_CD14_ID1,specific,0.876666934415467,92,5,0.05434782608695652,,
GSM4138113,8,1,Mono_CD14_ID1,specific,0.8562169603041029,88,0,0.0,,
GSM4138115,8,2,DC_family,family,0.8311619777949616,74,69,0.9324324324324325,0.8322861035552731,0.0011241257603115118
GSM4138141,8,6,DC_pDC,specific,0.9165508686482305,72,72,1.0,0.9165508686482305,0.0
GSM4138137,8,7,Macrophage_family,family,0.8333890800887809,71,71,1.0,0.8333890800887809,0.0
GSM4138133,8,1,Mono_CD14_ID1,specific,0.9266356108125111,68,0,0.0,,
GSM4138139,8,7,Macrophage_family,family,0.7848802709882211,68,67,0.9852941176470589,0.7842282789844716,-0.0006519920037495464
GSM4138133,8,3,Macrophage_family,family,0.8346030965523711,68,64,0.9411764705882353,0.8266955559800512,-0.007907540572319904
GSM4138155,8,7,Macrophage_family,family,0.7438834925554043,67,67,1.0,0.7438834925554043,0.0
GSM4138117,8,3,Macrophage_family,family,0.8300092981748416,67,67,1.0,0.8300092981748416,0.0
GSM4138133,8,2,DC_family,family,0.8772113541772394,66,55,0.8333333333333334,0.8659572780535174,-0.011254076123721979
GSM4138141,8,3,Macrophage_family,family,0.8632695625355349,64,51,0.796875,0.8871388113187888,0.023869248783253916
GSM4138111,8,6,DC_pDC,specific,0.8947421105721687,64,64,1.0,0.8947421105721687,0.0
GSM4138111,8,2,DC_family,family,0.8054061025372734,64,55,0.859375,0.8248252611339209,0.019419158596647446
GSM4138139,8,8,Mast,specific,0.966827109414383,59,59,1.0,0.966827109414383,0.0
GSM4138131,8,2,DC_family,family,0.8686739697717796,58,50,0.8620689655172413,0.867758722241468,-0.0009152475303115803
GSM4138139,8,2,DC_family,family,0.8942650051111574,54,47,0.8703703703703703,0.9150402154081079,0.020775210296950508
GSM4138159,8,1,Mono_CD14_ID1,specific,0.9410856453243512,53,3,0.05660377358490566,,
GSM4138157,8,1,Mono_CD14_ID1,specific,0.9620102155866254,52,2,0.038461538461538464,,
GSM4138155,8,6,DC_pDC,specific,0.9011069531084976,51,50,0.9803921568627451,0.9062361607604512,0.005129207651953571
GSM4138123,8,6,DC_pDC,specific,0.9508575041839805,48,48,1.0,0.9508575041839805,0.0
GSM4138119,8,1,Mono_CD14_ID1,specific,0.9401620775585753,47,0,0.0,,
GSM4138157,8,2,DC_family,family,0.8066575218846397,47,37,0.7872340425531915,0.8818086027949306,0.07515108091029088
GSM4138121,8,1,Mono_CD14_ID1,specific,0.9002369222190056,46,6,0.13043478260869565,,
GSM4138143,8,6,DC_pDC,specific,0.9295762244202338,46,46,1.0,0.9295762244202338,0.0
GSM4138145,8,6,DC_pDC,specific,0.945258029964264,45,45,1.0,0.945258029964264,0.0
GSM4138159,8,2,DC_family,family,0.8089205054940727,45,38,0.8444444444444444,0.8237717741498397,0.014851268655767025
GSM4138123,8,2,DC_family,family,0.8139693084802466,41,36,0.8780487804878049,0.8230292450872987,0.009059936607052066
GSM4138129,8,7,Macrophage_family,family,0.8778197334158395,40,40,1.0,0.8778197334158395,0.0
GSM4138125,8,3,Macrophage_family,family,0.9004499473209373,37,37,1.0,0.9004499473209373,0.0
GSM4138123,8,1,Mono_CD14_ID1,specific,0.9288980802311448,35,0,0.0,,
GSM4138129,8,3,Macrophage_family,family,0.9123337654390258,35,34,0.9714285714285714,0.9118756290294978,-0.00045813640952796497
GSM4138113,8,6,DC_pDC,specific,0.9193607203971467,34,34,1.0,0.9193607203971467,0.0
GSM4138137,8,2,DC_family,family,0.8645097549783994,33,17,0.5151515151515151,0.9190058279471073,0.05449607296870784
GSM4138135,8,2,DC_family,family,0.8551474788246496,32,19,0.59375,0.9134610109205666,0.05831353209591705
GSM4138143,8,8,Mast,specific,0.9748135904112316,31,31,1.0,0.9748135904112316,0.0
GSM4138147,8,6,DC_pDC,specific,0.935324749011505,31,31,1.0,0.935324749011505,0.0
GSM4138135,8,7,Macrophage_family,family,0.8532372807392307,30,30,1.0,0.8532372807392307,0.0
GSM4138115,8,1,Mono_CD14_ID1,specific,0.9562078674963608,30,1,0.03333333333333333,,
GSM4138155,8,3,Macrophage_family,family,0.9129001310080413,30,29,0.9666666666666667,0.9283097282077426,0.015409597199701253
GSM4138111,8,8,Mast,specific,0.9050661191766445,28,28,1.0,0.9050661191766445,0.0
GSM4138127,8,6,DC_pDC,specific,0.9560784239578238,28,27,0.9642857142857143,0.9538411986320278,-0.002237225325796066
GSM4138127,8,7,Macrophage_family,family,0.9716997553186849,27,27,1.0,0.9716997553186849,0.0
GSM4138113,8,2,DC_family,family,0.8629104195113271,26,26,1.0,0.8629104195113271,0.0
GSM4138112,8,6,DC_pDC,specific,0.9670409840078681,25,25,1.0,0.9670409840078681,0.0
GSM4138129,8,6,DC_pDC,specific,0.9868286715955322,25,25,1.0,0.9868286715955322,0.0
GSM4138119,8,7,Macrophage_family,family,0.888582245209537,25,25,1.0,0.888582245209537,0.0
GSM4138119,8,2,DC_family,family,0.8219998400889794,25,18,0.72,0.9277640980677694,0.10576425797878997
GSM4138153,8,2,DC_family,family,0.922645268527941,23,18,0.782608695652174,0.932579393213612,0.009934124685671009
GSM4138160,8,6,DC_pDC,specific,0.9826077730887751,22,22,1.0,0.9826077730887751,0.0
GSM4138139,8,6,DC_pDC,specific,0.9506174967437965,22,22,1.0,0.9506174967437965,0.0
GSM4138125,8,2,DC_family,family,0.91892829451534,22,16,0.7272727272727273,0.9577252028504422,0.03879690833510219
GSM4138133,8,6,DC_pDC,specific,0.9780104357713506,21,21,1.0,0.9780104357713506,0.0
GSM4138110,8,6,DC_pDC,specific,0.9555193703185515,21,21,1.0,0.9555193703185515,0.0
GSM4138135,8,8,Mast,specific,1.0,21,21,1.0,1.0,0.0
GSM4138129,8,2,DC_family,family,0.9498496185578876,21,18,0.8571428571428571,0.9772710122829655,0.027421393725077903
GSM4138117,8,2,DC_family,family,0.9669669483132934,21,18,0.8571428571428571,0.9580029116911486,-0.008964036622144844
GSM4138122,8,6,DC_pDC,specific,0.9782659584116306,20,20,1.0,0.9782659584116306,0.0
GSM4138144,8,2,DC_family,family,0.9708045111142379,20,20,1.0,0.9708045111142379,0.0
GSM4138168,8,6,DC_pDC,specific,0.9457890908623999,20,20,1.0,0.9457890908623999,0.0
GSM4138128,8,6,DC_pDC,specific,0.9782659584116306,20,20,1.0,0.9782659584116306,0.0
GSM4138115,8,6,DC_pDC,specific,0.9816087420119992,19,19,1.0,0.9816087420119992,0.0
GSM4138127,8,2,DC_family,family,0.974423076742236,19,17,0.8947368421052632,0.987087942794276,0.01266486605203998
GSM4138155,8,8,Mast,specific,0.9381206978557273,19,19,1.0,0.9381206978557273,0.0
GSM4138153,8,1,Mono_CD14_ID1,specific,0.895311369775414,19,0,0.0,,
GSM4138131,8,8,Mast,specific,0.9564196483172959,19,18,0.9473684210526315,0.9764376533440459,0.020018005026749996
GSM4138135,8,6,DC_pDC,specific,0.9592348250153161,19,17,0.8947368421052632,0.9787886250594097,0.019553800044093572
GSM4138120,8,2,DC_family,family,0.9811159638729601,18,18,1.0,0.9811159638729601,0.0
GSM4138172,8,2,DC_family,family,0.9754958122373675,18,16,0.8888888888888888,0.9863191889443204,0.01082337670695288
GSM4138171,8,2,DC_family,family,1.0,18,15,0.8333333333333334,1.0,0.0
GSM4138121,8,2,DC_family,family,0.9276452427329016,18,17,0.9444444444444444,0.9386826567242663,0.011037413991364708
GSM4138159,8,3,Macrophage_family,family,0.9708356744047855,18,18,1.0,0.9708356744047855,0.0
GSM4138162,8,2,DC_family,family,0.9902770529495832,18,18,1.0,0.9902770529495832,0.0
GSM4138130,8,6,DC_pDC,specific,0.9652784490766921,17,17,1.0,0.9652784490766921,0.0
GSM4138162,8,6,DC_pDC,specific,0.9897606953288196,17,17,1.0,0.9897606953288196,0.0
GSM4138163,8,6,DC_pDC,specific,0.9941087355013785,16,16,1.0,0.9941087355013785,0.0
GSM4138111,8,3,Macrophage_family,family,0.9194219762328679,16,16,1.0,0.9194219762328679,0.0
GSM4138157,8,6,DC_pDC,specific,0.978093154163344,16,16,1.0,0.978093154163344,0.0
GSM4138151,8,6,DC_pDC,specific,0.9806392337550041,15,15,1.0,0.9806392337550041,0.0
GSM4138117,8,8,Mast,specific,0.9848958966969695,15,15,1.0,0.9848958966969695,0.0
GSM4138147,8,2,DC_family,family,0.9840307386621786,15,13,0.8666666666666667,,
GSM4138121,8,6,DC_pDC,specific,0.9751570211532646,15,12,0.8,,
GSM4138152,8,2,DC_family,family,0.9905377356009475,15,15,1.0,0.9905377356009475,0.0
GSM4138134,8,6,DC_pDC,specific,0.9856991785152992,15,15,1.0,0.9856991785152992,0.0
GSM4138134,9,1,Mono_CD14_ID1,specific,0.9561072244017473,1212,1,0.0008250825082508251,,
GSM4138156,9,1,Mono_CD14_ID1,specific,0.9059498017128599,911,9,0.009879253567508232,,
GSM4138126,9,1,Mono_CD14_ID1,specific,0.9549444876876225,757,9,0.011889035667107,,
GSM4138116,9,1,Mono_CD14_ID1,specific,0.9303430193458323,701,0,0.0,,
GSM4138140,9,1,Mono_CD14_ID1,specific,0.922601387293611,692,2,0.002890173410404624,,
GSM4138142,9,1,Mono_CD14_ID1,specific,0.909247432318442,682,37,0.054252199413489736,0.9672045977511199,0.057957165432677926
GSM4138132,9,1,Mono_CD14_ID1,specific,0.9359187887504299,640,1,0.0015625,,
GSM4138136,9,1,Mono_CD14_ID1,specific,0.9157671192704845,632,13,0.020569620253164556,,
GSM4138110,9,1,Mono_CD14_ID1,specific,0.916596574176536,621,12,0.01932367149758454,,
GSM4138120,9,1,Mono_CD14_ID1,specific,0.8739225499269356,591,464,0.7851099830795262,0.9143636094168758,0.040441059489940145
GSM4138130,9,1,Mono_CD14_ID1,specific,0.923439792533927,584,1,0.0017123287671232876,,
GSM4138138,9,1,Mono_CD14_ID1,specific,0.9029797350123661,572,2,0.0034965034965034965,,
GSM4138128,9,1,Mono_CD14_ID1,specific,0.8957742911300235,534,0,0.0,,
GSM4138122,9,1,Mono_CD14_ID1,specific,0.8957742911300235,534,0,0.0,,
GSM4138160,9,1,Mono_CD14_ID1,specific,0.9189586536240123,480,0,0.0,,
GSM4138162,9,1,Mono_CD14_ID1,specific,0.9249634124596796,466,7,0.015021459227467811,,
GSM4138166,9,1,Mono_CD14_ID1,specific,0.9164362635171576,456,10,0.021929824561403508,,
GSM4138146,9,1,Mono_CD14_ID1,specific,0.904075408127974,453,1,0.002207505518763797,,
GSM4138152,9,1,Mono_CD14_ID1,specific,0.9057714060010406,445,142,0.31910112359550563,0.9520007247267991,0.04622931872575853
GSM4138165,9,1,Mono_CD14_ID1,specific,0.9110716604730761,431,0,0.0,,
GSM4138163,9,1,Mono_CD14_ID1,specific,0.9199046183928997,414,11,0.026570048309178744,,
GSM4138123,9,3,Macrophage_family,family,0.7534395424864815,388,386,0.9948453608247423,0.7535176423204657,7.809983398421316e-05
GSM4138112,9,1,Mono_CD14_ID1,specific,0.9047463027850867,349,0,0.0,,
GSM4138154,9,1,Mono_CD14_ID1,specific,0.8828113057778798,345,149,0.4318840579710145,0.943462555263132,0.060651249485252245
GSM4138114,9,1,Mono_CD14_ID1,specific,0.905890416517625,341,2,0.005865102639296188,,
GSM4138124,9,1,Mono_CD14_ID1,specific,0.9227267155758652,337,0,0.0,,
GSM4138167,9,1,Mono_CD14_ID1,specific,0.9004975272835627,333,1,0.003003003003003003,,
GSM4138125,9,7,Macrophage_family,family,0.756176247671456,326,324,0.9938650306748467,0.757524357167049,0.0013481094955930528
GSM4138118,9,1,Mono_CD14_ID1,specific,0.9022237135692892,288,170,0.5902777777777778,0.9335570118094065,0.031333298240117324
GSM4138141,9,1,Mono_CD14_ID1,specific,0.8947403222520465,286,2,0.006993006993006993,,
GSM4138135,9,3,Macrophage_family,family,0.7744106247085092,285,281,0.9859649122807017,0.776011087202235,0.0016004624937258072
GSM4138144,9,1,Mono_CD14_ID1,specific,0.9043740859975282,276,13,0.04710144927536232,,
GSM4138158,9,1,Mono_CD14_ID1,specific,0.9410311607422925,266,8,0.03007518796992481,,
GSM4138145,9,1,Mono_CD14_ID1,specific,0.8321884233162319,229,8,0.034934497816593885,,
GSM4138137,9,3,Macrophage_family,family,0.8200666903474678,219,217,0.9908675799086758,0.8243411981961419,0.004274507848674114
GSM4138150,9,1,Mono_CD14_ID1,specific,0.9137768683727561,188,8,0.0425531914893617,,
GSM4138145,9,2,DC_family,family,0.7721260857373694,178,172,0.9662921348314607,0.7645646979688481,-0.007561387768521333
GSM4138155,9,1,Mono_CD14_ID1,specific,0.8234124432991177,175,5,0.02857142857142857,,
GSM4138155,9,2,DC_family,family,0.7216967425028984,172,147,0.8546511627906976,0.7380348897240352,0.0163381472211368
GSM4138148,9,1,Mono_CD14_ID1,specific,0.8766033380248794,167,5,0.029940119760479042,,
GSM4138135,9,1,Mono_CD14_ID1,specific,0.918663003250709,167,4,0.023952095808383235,,
GSM4138131,9,3,Macrophage_family,family,0.7757297853579208,165,83,0.503030303030303,0.828448447524912,0.05271866216699117
GSM4138139,9,1,Mono_CD14_ID1,specific,0.8556038639248287,163,2,0.012269938650306749,,
GSM4138117,9,1,Mono_CD14_ID1,specific,0.8190730185217348,160,1,0.00625,,
GSM4138164,9,1,Mono_CD14_ID1,specific,0.8722884946036187,148,0,0.0,,
GSM4138127,9,1,Mono_CD14_ID1,specific,0.8847549286612028,146,14,0.0958904109589041,,
GSM4138137,9,1,Mono_CD14_ID1,specific,0.8853968352505012,143,4,0.027972027972027972,,
GSM4138131,9,1,Mono_CD14_ID1,specific,0.889440707549986,141,3,0.02127659574468085,,
GSM4138143,9,1,Mono_CD14_ID1,specific,0.8272382686759612,132,2,0.015151515151515152,,
GSM4138161,9,1,Mono_CD14_ID1,specific,0.8733135200858709,117,6,0.05128205128205128,,
GSM4138111,9,1,Mono_CD14_ID1,specific,0.8283303328153239,112,4,0.03571428571428571,,
GSM4138131,9,6,DC_pDC,specific,0.9048448234257365,110,105,0.9545454545454546,0.9112621095638963,0.006417286138159839
GSM4138125,9,1,Mono_CD14_ID1,specific,0.9290405428731575,108,2,0.018518518518518517,,
GSM4138161,9,6,DC_pDC,specific,0.8669479000470499,107,106,0.9906542056074766,0.8573154205164121,-0.009632479530637839
GSM4138143,9,2,DC_family,family,0.7736439553886619,100,83,0.83,0.7978306459398128,0.024186690551150858
GSM4138141,9,2,DC_family,family,0.8334045494392543,95,80,0.8421052631578947,0.8424704770281961,0.009065927588941758
GSM4138161,9,2,DC_family,family,0.7553037197008686,95,87,0.9157894736842105,0.7654369673205983,0.010133247619729668
GSM4138129,9,1,Mono_CD14_ID1,specific,0.8860503072141288,91,5,0.054945054945054944,,
GSM4138139,9,3,Macrophage_family,family,0.8223199363864976,90,90,1.0,0.8223199363864976,0.0
GSM4138113,9,1,Mono_CD14_ID1,specific,0.8605081610560863,82,0,0.0,,
GSM4138115,9,2,DC_family,family,0.820803083376346,77,71,0.922077922077922,0.8326195421084399,0.011816458732093915
GSM4138141,9,6,DC_pDC,specific,0.9165508686482305,72,72,1.0,0.9165508686482305,0.0
GSM4138137,9,7,Macrophage_family,family,0.8559493720474666,70,70,1.0,0.8559493720474666,0.0
GSM4138155,9,7,Macrophage_family,family,0.7516000281830764,70,70,1.0,0.7516000281830764,0.0
GSM4138133,9,2,DC_family,family,0.8677810014245049,69,57,0.8260869565217391,0.8660139008616811,-0.001767100562823809
GSM4138139,9,7,Macrophage_family,family,0.7848802709882211,68,67,0.9852941176470589,0.7842282789844716,-0.0006519920037495464
GSM4138133,9,1,Mono_CD14_ID1,specific,0.9213052519615698,65,0,0.0,,
GSM4138133,9,3,Macrophage_family,family,0.8223090733456093,64,60,0.9375,0.8288197318875637,0.006510658541954428
GSM4138111,9,2,DC_family,family,0.7995402764022453,64,54,0.84375,0.8176165474533281,0.018076271051082782
GSM4138131,9,8,DC_family,family,0.863923045013493,63,62,0.9841269841269841,0.8692544480241239,0.005331403010630842
GSM4138111,9,6,DC_pDC,specific,0.8937358526096312,63,63,1.0,0.8937358526096312,0.0
GSM4138131,9,2,DC_family,family,0.8567448972269429,60,51,0.85,0.8493050826767281,-0.007439814550214807
GSM4138117,9,3,Macrophage_family,family,0.8380295268636176,59,59,1.0,0.8380295268636176,0.0
GSM4138139,9,9,Mast,specific,0.966827109414383,59,59,1.0,0.966827109414383,0.0
GSM4138141,9,3,Macrophage_family,family,0.8713083151131708,56,46,0.8214285714285714,0.8809648823995576,0.009656567286386863
GSM4138139,9,2,DC_family,family,0.8942650051111574,54,47,0.8703703703703703,0.9150402154081079,0.020775210296950508
GSM4138159,9,1,Mono_CD14_ID1,specific,0.9233524300960049,54,3,0.05555555555555555,,
GSM4138141,9,8,DC_family,family,0.8827440521678653,53,53,1.0,0.8827440521678653,0.0
GSM4138155,9,6,DC_pDC,specific,0.9011069531084976,51,50,0.9803921568627451,0.9062361607604512,0.005129207651953571
GSM4138157,9,1,Mono_CD14_ID1,specific,0.9178522576550265,50,2,0.04,,
GSM4138157,9,2,DC_family,family,0.8102586814352237,49,38,0.7755102040816326,0.8897595981417581,0.07950091670653436
GSM4138123,9,6,DC_pDC,specific,0.9508575041839805,48,48,1.0,0.9508575041839805,0.0
GSM4138121,9,1,Mono_CD14_ID1,specific,0.9079435356569353,47,6,0.1276595744680851,,
GSM4138119,9,1,Mono_CD14_ID1,specific,0.9222110917745823,46,0,0.0,,
GSM4138159,9,2,DC_family,family,0.8089205054940727,45,38,0.8444444444444444,0.8237717741498397,0.014851268655767025
GSM4138143,9,6,DC_pDC,specific,0.9287322613330776,45,45,1.0,0.9287322613330776,0.0
GSM4138145,9,6,DC_pDC,specific,0.945258029964264,45,45,1.0,0.945258029964264,0.0
GSM4138143,9,8,DC_family,family,0.8492030477372928,43,43,1.0,0.8492030477372928,0.0
GSM4138123,9,2,DC_family,family,0.8035181856217536,41,36,0.8780487804878049,0.8063788391672674,0.0028606535455137916
GSM4138129,9,7,Macrophage_family,family,0.8778197334158395,40,40,1.0,0.8778197334158395,0.0
GSM4138125,9,3,Macrophage_family,family,0.8994232062551781,36,36,1.0,0.8994232062551781,0.0
GSM4138129,9,3,Macrophage_family,family,0.911247911629337,34,33,0.9705882352941176,0.9100020762877368,-0.0012458353416002765
GSM4138137,9,2,DC_family,family,0.8613137097763715,33,17,0.5151515151515151,0.9190058279471073,0.05769211817073583
GSM4138123,9,1,Mono_CD14_ID1,specific,0.9316252202713934,33,0,0.0,,
GSM4138113,9,6,DC_pDC,specific,0.9360748270364975,33,33,1.0,0.9360748270364975,0.0
GSM4138135,9,7,Macrophage_family,family,0.8506824579896967,32,32,1.0,0.8506824579896967,0.0
GSM4138147,9,6,DC_pDC,specific,0.935324749011505,31,31,1.0,0.935324749011505,0.0
GSM4138135,9,2,DC_family,family,0.8766734228684006,31,19,0.6129032258064516,0.9134610109205666,0.03678758805216609
GSM4138143,9,9,Mast,specific,0.9748135904112316,31,31,1.0,0.9748135904112316,0.0
GSM4138135,9,8,DC_family,family,0.9258735720252302,30,30,1.0,0.9258735720252302,0.0
GSM4138111,9,9,Mast,specific,0.9050661191766445,28,28,1.0,0.9050661191766445,0.0
GSM4138155,9,3,Macrophage_family,family,0.9395178704164566,28,27,0.9642857142857143,0.9513011459887107,0.011783275572254115
GSM4138127,9,6,DC_pDC,specific,0.9560784239578238,28,27,0.9642857142857143,0.9538411986320278,-0.002237225325796066
GSM4138115,9,1,Mono_CD14_ID1,specific,0.9697411579301205,27,1,0.037037037037037035,,
GSM4138127,9,7,Macrophage_family,family,0.9587942301365583,27,26,0.9629629629629629,0.9704636898460286,0.011669459709470309
GSM4138125,9,2,DC_family,family,0.9215176200907207,26,16,0.6153846153846154,0.9577252028504422,0.03620758275972147
GSM4138113,9,2,DC_family,family,0.8726883461069048,26,26,1.0,0.8726883461069048,0.0
GSM4138119,9,2,DC_family,family,0.8404484553596817,25,18,0.72,0.9277640980677694,0.08731564270808767
GSM4138112,9,6,DC_pDC,specific,0.9670409840078681,25,25,1.0,0.9670409840078681,0.0
GSM4138129,9,6,DC_pDC,specific,0.9868286715955322,25,25,1.0,0.9868286715955322,0.0
GSM4138155,9,8,DC_family,family,0.9095891198160622,25,25,1.0,0.9095891198160622,0.0
GSM4138119,9,7,Macrophage_family,family,0.8869751010903455,24,24,1.0,0.8869751010903455,0.0
GSM4138153,9,2,DC_family,family,0.922645268527941,23,18,0.782608695652174,0.932579393213612,0.009934124685671009
GSM4138160,9,6,DC_pDC,specific,0.980833886723325,23,23,1.0,0.980833886723325,0.0
GSM4138139,9,6,DC_pDC,specific,0.9506174967437965,22,22,1.0,0.9506174967437965,0.0
GSM4138139,9,8,DC_family,family,0.9422756010989471,22,22,1.0,0.9422756010989471,0.0
GSM4138144,9,2,DC_family,family,0.9721106090046372,22,22,1.0,0.9721106090046372,0.0
GSM4138123,9,8,DC_family,family,0.9565098966662946,21,20,0.9523809523809523,0.9560392840687579,-0.0004706125975366682
GSM4138129,9,2,DC_family,family,0.9498496185578876,21,18,0.8571428571428571,0.9772710122829655,0.027421393725077903
GSM4138110,9,6,DC_pDC,specific,0.9555193703185515,21,21,1.0,0.9555193703185515,0.0
GSM4138135,9,9,Mast,specific,1.0,21,21,1.0,1.0,0.0
GSM4138117,9,2,DC_family,family,0.9606103889526073,20,18,0.9,0.9580029116911486,-0.0026074772614587127
GSM4138122,9,6,DC_pDC,specific,0.9782659584116306,20,20,1.0,0.9782659584116306,0.0
GSM4138168,9,6,DC_pDC,specific,0.9457890908623999,20,20,1.0,0.9457890908623999,0.0
GSM4138128,9,6,DC_pDC,specific,0.9782659584116306,20,20,1.0,0.9782659584116306,0.0
GSM4138133,9,6,DC_pDC,specific,0.9772575612773257,20,20,1.0,0.9772575612773257,0.0
GSM4138133,9,8,DC_family,family,0.880236894807487,19,19,1.0,0.880236894807487,0.0
GSM4138162,9,2,DC_family,family,0.9909607999329997,19,19,1.0,0.9909607999329997,0.0
GSM4138127,9,2,DC_family,family,0.9743418453029794,19,17,0.8947368421052632,0.9860711086592984,0.011729263356318964
GSM4138155,9,9,Mast,specific,0.9381206978557273,19,19,1.0,0.9381206978557273,0.0
GSM4138131,9,9,Mast,specific,0.9564196483172959,19,18,0.9473684210526315,0.9764376533440459,0.020018005026749996
GSM4138115,9,8,DC_family,family,0.959043731436514,19,19,1.0,0.959043731436514,0.0
GSM4138135,9,6,DC_pDC,specific,0.9592348250153161,19,17,0.8947368421052632,0.9787886250594097,0.019553800044093572
GSM4138115,9,6,DC_pDC,specific,0.9816087420119992,19,19,1.0,0.9816087420119992,0.0
GSM4138120,9,2,DC_family,family,0.9811159638729601,18,18,1.0,0.9811159638729601,0.0
GSM4138171,9,2,DC_family,family,1.0,18,15,0.8333333333333334,1.0,0.0
GSM4138172,9,2,DC_family,family,0.9754958122373675,18,16,0.8888888888888888,0.9863191889443204,0.01082337670695288
GSM4138145,9,8,DC_family,family,0.9782002683833607,18,18,1.0,0.9782002683833607,0.0
GSM4138152,9,2,DC_family,family,0.9871090852553972,17,17,1.0,0.9871090852553972,0.0
GSM4138130,9,6,DC_pDC,specific,0.9652784490766921,17,17,1.0,0.9652784490766921,0.0
GSM4138121,9,2,DC_family,family,0.9282525272686811,17,16,0.9411764705882353,0.9242480323460905,-0.004004494922590585
GSM4138153,9,1,Mono_CD14_ID1,specific,0.9864745868198048,17,0,0.0,,
GSM4138162,9,6,DC_pDC,specific,0.9897606953288196,17,17,1.0,0.9897606953288196,0.0
GSM4138157,9,6,DC_pDC,specific,0.978093154163344,16,16,1.0,0.978093154163344,0.0
GSM4138163,9,6,DC_pDC,specific,0.9941087355013785,16,16,1.0,0.9941087355013785,0.0
GSM4138121,9,6,DC_pDC,specific,0.975345479450801,16,12,0.75,,
GSM4138159,9,3,Macrophage_family,family,0.9729532809172062,16,16,1.0,0.9729532809172062,0.0
GSM4138137,9,8,DC_family,family,0.948549955779736,16,16,1.0,0.948549955779736,0.0
GSM4138117,9,9,Mast,specific,0.9848958966969695,15,15,1.0,0.9848958966969695,0.0
GSM4138134,9,6,DC_pDC,specific,0.9856991785152992,15,15,1.0,0.9856991785152992,0.0
GSM4138147,9,2,DC_family,family,0.9840307386621786,15,13,0.8666666666666667,,
GSM4138151,9,6,DC_pDC,specific,0.9806392337550041,15,15,1.0,0.9806392337550041,0.0
GSM4138115,9,3,Macrophage_family,family,0.9727088844047236,15,13,0.8666666666666667,,
GSM4138134,10,1,Monocyte_family,family,0.9813825816281553,822,816,0.9927007299270073,0.9866231696838874,0.005240588055732132
GSM4138116,10,1,Monocyte_family,family,0.9471155441026594,680,679,0.9985294117647059,0.9514414386005464,0.004325894497887006
GSM4138126,10,1,Monocyte_family,family,0.9705696717857791,676,665,0.9837278106508875,0.9798975543850867,0.009327882599307613
GSM4138156,10,1,Monocyte_family,family,0.9559831593542805,649,624,0.9614791987673343,0.9657507411180293,0.009767581763748812
GSM4138120,10,1,Monocyte_family,family,0.8982835326407963,512,491,0.958984375,0.9146364251194787,0.016352892478682435
GSM4138142,10,1,Monocyte_family,family,0.9542347427260781,489,474,0.9693251533742331,0.9599876886731409,0.005752945947062771
GSM4138110,10,1,Monocyte_family,family,0.9646955391952554,463,460,0.9935205183585313,0.9671629864974963,0.0024674473022409105
GSM4138140,10,1,Monocyte_family,family,0.9651154352104648,460,449,0.9760869565217392,0.9859309969766318,0.020815561766166946
GSM4138132,10,1,Monocyte_family,family,0.9751290310024602,416,411,0.9879807692307693,0.9884635572138755,0.013334526211415287
GSM4138160,10,1,Monocyte_family,family,0.9398099476786865,414,400,0.966183574879227,0.9665267930695468,0.026716845390860278
GSM4138123,10,4,Macrophage_family,family,0.7545476334101728,396,394,0.9949494949494949,0.7548267887833832,0.0002791553732103269
GSM4138136,10,1,Monocyte_family,family,0.9596487329854694,390,377,0.9666666666666667,0.9752513814884778,0.01560264850300841
GSM4138134,10,2,Mono_CD16,specific,0.9564230412209733,389,132,0.3393316195372751,0.9695591587489021,0.013136117527928759
GSM4138138,10,1,Monocyte_family,family,0.9755352914513403,377,370,0.9814323607427056,0.9831363449298423,0.007601053478501929
GSM4138163,10,1,Monocyte_family,family,0.9546008630896596,347,337,0.9711815561959655,0.9622252202013246,0.007624357111664981
GSM4138125,10,8,Macrophage_family,family,0.754166117275118,337,335,0.9940652818991098,0.75309277848573,-0.0010733387893879787
GSM4138162,10,1,Monocyte_family,family,0.9676297259970954,324,316,0.9753086419753086,0.9740905198343663,0.0064607938372709395
GSM4138128,10,2,Mono_CD16,specific,0.9075087563898493,319,139,0.43573667711598746,0.9776116977859656,0.07010294139611628
GSM4138122,10,2,Mono_CD16,specific,0.9075087563898493,319,139,0.43573667711598746,0.9776116977859656,0.07010294139611628
GSM4138135,10,4,Macrophage_family,family,0.7721522067257113,307,302,0.9837133550488599,0.7749058863499257,0.0027536796242144668
GSM4138152,10,1,Monocyte_family,family,0.9415305772599165,303,287,0.9471947194719472,0.9505472796100222,0.009016702350105654
GSM4138130,10,1,Monocyte_family,family,0.9572778575532774,302,291,0.9635761589403974,0.9817288540030108,0.024450996449733364
GSM4138146,10,2,Mono_CD16,specific,0.9292688100228726,291,200,0.6872852233676976,0.9622686828921565,0.03299987286928385
GSM4138154,10,1,Monocyte_family,family,0.9049546515737832,289,269,0.9307958477508651,0.9463368326881778,0.04138218111439462
GSM4138130,10,2,Mono_CD16,specific,0.9315531560379615,280,116,0.4142857142857143,0.9812775037239836,0.049724347686022075
GSM4138118,10,1,Monocyte_family,family,0.9135377571930902,269,260,0.966542750929368,0.9322147406641352,0.018676983471045072
GSM4138165,10,1,Monocyte_family,family,0.951540610453507,268,257,0.9589552238805971,0.9802228306394676,0.02868222018596056
GSM4138156,10,2,Mono_CD16,specific,0.9426509533484065,259,150,0.5791505791505791,0.9674540600296433,0.024803106681236753
GSM4138166,10,1,Monocyte_family,family,0.9610237781309163,252,240,0.9523809523809523,0.9806792341511266,0.019655456020210238
GSM4138136,10,2,Mono_CD16,specific,0.9260208221150259,240,110,0.4583333333333333,0.978914746972955,0.0528939248579291
GSM4138114,10,1,Monocyte_family,family,0.950444565028107,234,220,0.9401709401709402,0.9835861880931396,0.033141623065032544
GSM4138124,10,1,Monocyte_family,family,0.9840038578943484,229,229,1.0,0.9840038578943484,0.0
GSM4138140,10,2,Mono_CD16,specific,0.9408611877919489,229,77,0.33624454148471616,0.9699730019986887,0.029111814206739806
GSM4138137,10,4,Macrophage_family,family,0.8157274302628316,228,226,0.9912280701754386,0.8168250092901403,0.0010975790273087815
GSM4138158,10,1,Monocyte_family,family,0.9600174484735479,220,211,0.9590909090909091,0.9755491385372909,0.015531690063742998
GSM4138132,10,2,Mono_CD16,specific,0.9488970805395623,220,58,0.2636363636363636,0.9814133723188372,0.03251629177927484
GSM4138128,10,1,Monocyte_family,family,0.9692065393517582,216,202,0.9351851851851852,0.9934819689593046,0.024275429607546473
GSM4138122,10,1,Monocyte_family,family,0.9692065393517582,216,202,0.9351851851851852,0.9934819689593046,0.024275429607546473
GSM4138167,10,1,Monocyte_family,family,0.9697774706090806,215,209,0.9720930232558139,0.9849794488248325,0.015201978215751866
GSM4138141,10,1,Monocyte_family,family,0.9286476366704655,207,193,0.9323671497584541,0.9509498712241673,0.02230223455370184
GSM4138166,10,2,Mono_CD16,specific,0.9016888023477582,200,117,0.585,0.9621941145544404,0.060505312206682205
GSM4138138,10,2,Mono_CD16,specific,0.9653522065408984,194,112,0.5773195876288659,0.9668810029523296,0.0015287964114312214
GSM4138142,10,2,Mono_CD16,specific,0.9525511573838954,192,108,0.5625,0.9665257719433304,0.01397461455943505
GSM4138145,10,1,Monocyte_family,family,0.8532364317746807,186,144,0.7741935483870968,0.9089000408996144,0.05566360912493373
GSM4138112,10,1,Monocyte_family,family,0.9560656042919441,185,177,0.9567567567567568,0.9902895971005428,0.03422399280859867
GSM4138145,10,3,DC_family,family,0.7668870532963505,184,176,0.9565217391304348,0.7662649688498501,-0.0006220844465004705
GSM4138155,10,3,DC_family,family,0.7274080823742917,175,148,0.8457142857142858,0.7383643203638589,0.010956237989567241
GSM4138131,10,4,Macrophage_family,family,0.7870255031780478,169,89,0.5266272189349113,0.8273176963125459,0.040292193134498167
GSM4138112,10,2,Mono_CD16,specific,0.9159627410392819,164,95,0.5792682926829268,0.9618001923997429,0.04583745136046102
GSM4138144,10,1,Monocyte_family,family,0.9431139606107838,162,142,0.8765432098765432,0.9679938117221207,0.024879851111336948
GSM4138165,10,2,Mono_CD16,specific,0.9019502812707811,161,93,0.577639751552795,0.9446544771791544,0.042704195908373266
GSM4138146,10,1,Monocyte_family,family,0.9502974700164851,159,151,0.949685534591195,0.9693924645856737,0.019094994569188617
GSM4138110,10,2,Mono_CD16,specific,0.9189740352638536,157,78,0.4968152866242038,0.97761328954427,0.058639254280416386
GSM4138155,10,1,Monocyte_family,family,0.8449901466004469,154,136,0.8831168831168831,0.8723240178191658,0.027333871218718886
GSM4138162,10,2,Mono_CD16,specific,0.910952528535737,139,63,0.45323741007194246,0.9689990847188696,0.05804655618313259
GSM4138152,10,2,Mono_CD16,specific,0.9234939884514818,138,89,0.644927536231884,0.9413199538988823,0.01782596544740056
GSM4138150,10,1,Monocyte_family,family,0.9501175358460741,127,122,0.9606299212598425,0.9710642212761129,0.02094668543003886
GSM4138117,10,1,Monocyte_family,family,0.8583848740528922,124,88,0.7096774193548387,0.8964661642605914,0.03808129020769924
GSM4138127,10,1,Monocyte_family,family,0.9334078731011674,116,104,0.896551724137931,0.9289958073890564,-0.004412065712110946
GSM4138167,10,2,Mono_CD16,specific,0.8903326652121378,112,29,0.25892857142857145,0.9625303423920475,0.07219767717990966
GSM4138131,10,7,DC_pDC,specific,0.9053547193725107,110,106,0.9636363636363636,0.9185940501920142,0.01323933081950357
GSM4138144,10,2,Mono_CD16,specific,0.9578988846245348,110,64,0.5818181818181818,0.9749122264211482,0.0170133417966134
GSM4138148,10,1,Monocyte_family,family,0.9468203139209714,109,101,0.926605504587156,0.9841171477227778,0.03729683380180637
GSM4138124,10,2,Mono_CD16,specific,0.9087122057436673,108,48,0.4444444444444444,0.969665210227224,0.06095300448355667
GSM4138161,10,7,DC_pDC,specific,0.8669479000470499,107,106,0.9906542056074766,0.8573154205164121,-0.009632479530637839
GSM4138139,10,1,Monocyte_family,family,0.9015484957566525,107,71,0.6635514018691588,0.9410230439076034,0.03947454815095086
GSM4138135,10,1,Monocyte_family,family,0.9245104343425377,105,54,0.5142857142857142,0.9721106083682849,0.04760017402574723
GSM4138143,10,3,DC_family,family,0.7687836398699405,102,83,0.8137254901960784,0.814880006138983,0.046096366269042566
GSM4138137,10,1,Monocyte_family,family,0.9134888368831342,102,48,0.47058823529411764,0.9726719051411793,0.05918306825804509
GSM4138114,10,2,Mono_CD16,specific,0.8954024980192478,102,60,0.5882352941176471,0.9638175783207804,0.06841508030153265
GSM4138161,10,3,DC_family,family,0.7538115245275605,101,89,0.8811881188118812,0.7678885360803431,0.014077011552782626
GSM4138141,10,3,DC_family,family,0.8356393113913131,99,83,0.8383838383838383,0.8441654516135785,0.008526140222265388
GSM4138161,10,1,Monocyte_family,family,0.8972736526686034,97,84,0.865979381443299,0.9367507857220929,0.039477133053489544
GSM4138139,10,4,Macrophage_family,family,0.8331367401380043,97,96,0.9896907216494846,0.8293318391769965,-0.003804900961007829
GSM4138164,10,1,Monocyte_family,family,0.9662427418924303,91,88,0.967032967032967,0.9801412957445363,0.013898553852106033
GSM4138125,10,1,Monocyte_family,family,0.9505118449303743,86,77,0.8953488372093024,0.9705920034819351,0.020080158551560756
GSM4138137,10,8,Macrophage_family,family,0.8344264530037081,81,81,1.0,0.8344264530037081,0.0
GSM4138126,10,2,Mono_CD16,specific,0.9644699692952327,81,23,0.2839506172839506,1.0,0.035530030704767346
GSM4138115,10,3,DC_family,family,0.8243875521290319,80,71,0.8875,0.8335706002059003,0.009183048076868428
GSM4138143,10,1,Monocyte_family,family,0.8690310045834176,80,55,0.6875,0.9268151834361955,0.05778417885277787
GSM4138133,10,3,DC_family,family,0.8697639261637394,76,59,0.7763157894736842,0.857449173412869,-0.012314752750870461
GSM4138139,10,8,Macrophage_family,family,0.7785106551726442,74,72,0.972972972972973,0.7781004618448597,-0.0004101933277844694
GSM4138120,10,2,Mono_CD16,specific,0.9175520391918406,74,24,0.32432432432432434,0.9596757142031672,0.04212367501132663
GSM4138141,10,7,DC_pDC,specific,0.915848528113676,73,72,0.9863013698630136,0.9165508686482305,0.0007023405345545353
GSM4138133,10,4,Macrophage_family,family,0.8312055234390129,71,67,0.9436619718309859,0.8206488560328709,-0.010556667406142028
GSM4138155,10,8,Macrophage_family,family,0.7536387235058393,71,71,1.0,0.7536387235058393,0.0
GSM4138129,10,1,Monocyte_family,family,0.9469292228541981,70,59,0.8428571428571429,0.9595153293130382,0.012586106458840063
GSM4138131,10,2,Mono_CD16,specific,0.9167680901619377,68,5,0.07352941176470588,,
GSM4138141,10,2,Mono_CD16,specific,0.9458500263333343,67,29,0.43283582089552236,0.9795622594124764,0.03371223307914217
GSM4138160,10,2,Mono_CD16,specific,0.9587210442728091,65,36,0.5538461538461539,0.9900033659049698,0.031282321632160714
GSM4138111,10,3,DC_family,family,0.8003291879787784,65,55,0.8461538461538461,0.8197729401039903,0.019443752125211877
GSM4138117,10,4,Macrophage_family,family,0.8404572429924667,64,63,0.984375,0.8464349228233946,0.0059776798309278956
GSM4138131,10,9,DC_family,family,0.8695062122729617,64,63,0.984375,0.864131886986955,-0.005374325286006676
GSM4138111,10,7,DC_pDC,specific,0.8970584604838131,64,64,1.0,0.8970584604838131,0.0
GSM4138163,10,2,Mono_CD16,specific,0.9460253919609819,63,23,0.36507936507936506,0.9838436758508947,0.03781828388991282
GSM4138131,10,1,Monocyte_family,family,0.9296471161541309,63,57,0.9047619047619048,0.9298995266638352,0.0002524105097043705
GSM4138141,10,4,Macrophage_family,family,0.8685347144884038,62,49,0.7903225806451613,0.8950741750244535,0.02653946053604972
GSM4138150,10,2,Mono_CD16,specific,0.9398843820277918,61,35,0.5737704918032787,0.9785444665693842,0.03866008454159242
GSM4138131,10,3,DC_family,family,0.8514923873873103,60,50,0.8333333333333334,0.8496489231246338,-0.001843464262676453
GSM4138139,10,10,Mast,specific,0.966827109414383,59,59,1.0,0.966827109414383,0.0
GSM4138113,10,1,Monocyte_family,family,0.9244230885146714,56,53,0.9464285714285714,0.9315943134474772,0.007171224932805864
GSM4138164,10,2,Mono_CD16,specific,0.9396523208726991,55,21,0.38181818181818183,0.9829393430119403,0.04328702213924118
GSM4138141,10,9,DC_family,family,0.8827440521678653,53,53,1.0,0.8827440521678653,0.0
GSM4138157,10,3,DC_family,family,0.8129768990298566,53,39,0.7358490566037735,0.8868953799477981,0.07391848091794151
GSM4138111,10,1,Monocyte_family,family,0.9137878662227187,53,37,0.6981132075471698,0.9238355136027818,0.01004764738006314
GSM4138154,10,2,Mono_CD16,specific,0.9473208759634055,52,30,0.5769230769230769,0.951042806610867,0.0037219306474615133
GSM4138148,10,2,Mono_CD16,specific,0.9250748096306702,52,34,0.6538461538461539,0.9692635348384981,0.044188725207827906
GSM4138139,10,3,DC_family,family,0.8940364193112427,51,43,0.8431372549019608,0.9101763229533382,0.0161399036420955
GSM4138155,10,7,DC_pDC,specific,0.9011069531084976,51,50,0.9803921568627451,0.9062361607604512,0.005129207651953571
GSM4138123,10,7,DC_pDC,specific,0.9508575041839805,48,48,1.0,0.9508575041839805,0.0
GSM4138111,10,2,Mono_CD16,specific,0.8998732598878716,46,28,0.6086956521739131,0.909342322893809,0.009469063005937417
GSM4138159,10,3,DC_family,family,0.8172620913720567,46,38,0.8260869565217391,0.8237717741498397,0.006509682777782966
GSM4138143,10,7,DC_pDC,specific,0.9295762244202338,46,46,1.0,0.9295762244202338,0.0
GSM4138145,10,7,DC_pDC,specific,0.945258029964264,45,45,1.0,0.945258029964264,0.0
GSM4138143,10,2,Mono_CD16,specific,0.945674053745517,44,13,0.29545454545454547,,
GSM4138158,10,2,Mono_CD16,specific,0.9688520387851621,43,19,0.4418604651162791,0.9852479955603701,0.016395956775207998
GSM4138119,10,1,Monocyte_family,family,0.8931867386069501,42,35,0.8333333333333334,0.9328977822112251,0.03971104360427502
GSM4138129,10,8,Macrophage_family,family,0.875590907808813,42,42,1.0,0.875590907808813,0.0
GSM4138123,10,3,DC_family,family,0.7913500330632482,42,36,0.8571428571428571,0.8063788391672674,0.015028806104019132
GSM4138143,10,9,DC_family,family,0.8539487688654224,42,42,1.0,0.8539487688654224,0.0
GSM4138121,10,1,Monocyte_family,family,0.9041062020513686,40,35,0.875,0.9696121647545447,0.0655059627031761
GSM4138135,10,3,DC_family,family,0.8762579145582194,39,19,0.48717948717948717,0.9134610109205666,0.0372030963623472
GSM4138145,10,2,Mono_CD16,specific,0.9795749355481274,38,12,0.3157894736842105,,
GSM4138159,10,1,Monocyte_family,family,0.958876157576403,36,31,0.8611111111111112,0.9585732701151909,-0.000302887461212098
GSM4138125,10,4,Macrophage_family,family,0.8994232062551781,36,36,1.0,0.8994232062551781,0.0
GSM4138137,10,3,DC_family,family,0.8698362000428757,35,17,0.4857142857142857,0.9190058279471073,0.04916962790423163
GSM4138135,10,8,Macrophage_family,family,0.8591470593181161,35,35,1.0,0.8591470593181161,0.0
GSM4138139,10,2,Mono_CD16,specific,0.9501933802406031,35,10,0.2857142857142857,,
GSM4138129,10,4,Macrophage_family,family,0.909118969181269,34,34,1.0,0.909118969181269,0.0
GSM4138113,10,7,DC_pDC,specific,0.9360748270364975,33,33,1.0,0.9360748270364975,0.0
GSM4138143,10,10,Mast,specific,0.9748135904112316,31,31,1.0,0.9748135904112316,0.0
GSM4138147,10,7,DC_pDC,specific,0.935324749011505,31,31,1.0,0.935324749011505,0.0
GSM4138135,10,9,DC_family,family,0.9258735720252302,30,30,1.0,0.9258735720252302,0.0
GSM4138133,10,1,Monocyte_family,family,0.9591286501309939,29,12,0.41379310344827586,,
GSM4138127,10,7,DC_pDC,specific,0.9419975452784044,29,27,0.9310344827586207,0.9538411986320278,0.011843653353623362
GSM4138119,10,3,DC_family,family,0.7841669029157519,28,19,0.6785714285714286,0.9295676512830765,0.14540074836732464
GSM4138155,10,4,Macrophage_family,family,0.9395178704164566,28,27,0.9642857142857143,0.9513011459887107,0.011783275572254115
GSM4138157,10,1,Monocyte_family,family,0.9659744337085671,28,20,0.7142857142857143,0.9840334619762012,0.01805902826763417
GSM4138117,10,3,DC_family,family,0.9294505281939935,28,25,0.8928571428571429,0.9320020172135487,0.002551489019555153
GSM4138111,10,10,Mast,specific,0.9050661191766445,28,28,1.0,0.9050661191766445,0.0
GSM4138113,10,3,DC_family,family,0.8740270758704553,27,27,1.0,0.8740270758704553,0.0
GSM4138135,10,2,Mono_CD16,specific,0.9676991640382285,26,3,0.11538461538461539,,
GSM4138119,10,8,Macrophage_family,family,0.8760046119891902,25,25,1.0,0.8760046119891902,0.0
GSM4138129,10,7,DC_pDC,specific,0.9868286715955322,25,25,1.0,0.9868286715955322,0.0
GSM4138144,10,3,DC_family,family,0.9781844894572163,25,25,1.0,0.9781844894572163,0.0
GSM4138112,10,7,DC_pDC,specific,0.9670409840078681,25,25,1.0,0.9670409840078681,0.0
GSM4138127,10,8,Macrophage_family,family,0.9551348531414955,25,24,0.96,0.9458475091707391,-0.009287343970756368
GSM4138155,10,9,DC_family,family,0.9095891198160622,25,25,1.0,0.9095891198160622,0.0
GSM4138125,10,3,DC_family,family,0.9204911424777072,24,15,0.625,0.9559473606852438,0.03545621820753653
GSM4138129,10,3,DC_family,family,0.9201825036506178,24,20,0.8333333333333334,0.9773750861544296,0.05719258250381176
GSM4138123,10,1,Monocyte_family,family,0.9497458291067338,23,20,0.8695652173913043,0.9448726919425707,-0.004873137164163044
GSM4138160,10,7,DC_pDC,specific,0.980833886723325,23,23,1.0,0.980833886723325,0.0
GSM4138153,10,3,DC_family,family,0.922645268527941,23,18,0.782608695652174,0.932579393213612,0.009934124685671009
GSM4138113,10,2,Mono_CD16,specific,0.939604105750446,23,12,0.5217391304347826,,
GSM4138139,10,9,DC_family,family,0.9422756010989471,22,22,1.0,0.9422756010989471,0.0
GSM4138162,10,3,DC_family,family,0.9884703085427223,22,22,1.0,0.9884703085427223,0.0
GSM4138139,10,7,DC_pDC,specific,0.9506174967437965,22,22,1.0,0.9506174967437965,0.0
GSM4138120,10,3,DC_family,family,0.9628306238385708,22,22,1.0,0.9628306238385708,0.0
GSM4138135,10,10,Mast,specific,1.0,21,21,1.0,1.0,0.0
GSM4138123,10,9,DC_family,family,0.9565098966662946,21,20,0.9523809523809523,0.9560392840687579,-0.0004706125975366682
GSM4138133,10,7,DC_pDC,specific,0.9780104357713506,21,21,1.0,0.9780104357713506,0.0
GSM4138116,10,2,Mono_CD16,specific,0.9842694746206083,21,15,0.7142857142857143,0.9836055443637416,-0.0006639302568667294
GSM4138137,10,2,Mono_CD16,specific,0.9914975282969861,20,2,0.1,,
GSM4138110,10,7,DC_pDC,specific,0.9697106021963595,20,20,1.0,0.9697106021963595,0.0
GSM4138128,10,7,DC_pDC,specific,0.9782659584116306,20,20,1.0,0.9782659584116306,0.0
GSM4138122,10,7,DC_pDC,specific,0.9782659584116306,20,20,1.0,0.9782659584116306,0.0
GSM4138127,10,2,Mono_CD16,specific,0.9434034012598295,20,1,0.05,,
GSM4138152,10,3,DC_family,family,0.9745412407235607,20,20,1.0,0.9745412407235607,0.0
GSM4138168,10,7,DC_pDC,specific,0.9457890908623999,20,20,1.0,0.9457890908623999,0.0
GSM4138115,10,9,DC_family,family,0.959043731436514,19,19,1.0,0.959043731436514,0.0
GSM4138115,10,7,DC_pDC,specific,0.9816087420119992,19,19,1.0,0.9816087420119992,0.0
GSM4138155,10,10,Mast,specific,0.9381206978557273,19,19,1.0,0.9381206978557273,0.0
GSM4138135,10,7,DC_pDC,specific,0.9592348250153161,19,17,0.8947368421052632,0.9787886250594097,0.019553800044093572
GSM4138133,10,9,DC_family,family,0.880236894807487,19,19,1.0,0.880236894807487,0.0
GSM4138121,10,3,DC_family,family,0.9124308691849021,19,16,0.8421052631578947,0.9242480323460905,0.011817163161188415
GSM4138131,10,10,Mast,specific,0.9564196483172959,19,18,0.9473684210526315,0.9764376533440459,0.020018005026749996
GSM4138127,10,3,DC_family,family,0.9725300008517392,18,16,0.8888888888888888,1.0,0.02746999914826076
GSM4138145,10,9,DC_family,family,0.9782002683833607,18,18,1.0,0.9782002683833607,0.0
GSM4138171,10,3,DC_family,family,1.0,18,15,0.8333333333333334,1.0,0.0
GSM4138161,10,2,Mono_CD16,specific,0.9722161736903613,18,9,0.5,,
GSM4138130,10,7,DC_pDC,specific,0.9928521640048311,17,17,1.0,0.9928521640048311,0.0
GSM4138133,10,2,Mono_CD16,specific,0.9874254293449747,17,1,0.058823529411764705,,
GSM4138162,10,7,DC_pDC,specific,0.9897606953288196,17,17,1.0,0.9897606953288196,0.0
GSM4138154,10,3,DC_family,family,0.9579609715788284,17,17,1.0,0.9579609715788284,0.0
GSM4138172,10,3,DC_family,family,0.9746524486080247,17,15,0.8823529411764706,0.9858294555488663,0.01117700694084156
GSM4138127,10,4,Macrophage_family,family,0.94379714562899,17,12,0.7058823529411765,,
GSM4138118,10,2,Mono_CD16,specific,0.986381416823375,17,6,0.35294117647058826,,
GSM4138163,10,7,DC_pDC,specific,0.9941087355013785,16,16,1.0,0.9941087355013785,0.0
GSM4138157,10,7,DC_pDC,specific,0.978093154163344,16,16,1.0,0.978093154163344,0.0
GSM4138121,10,7,DC_pDC,specific,0.975345479450801,16,12,0.75,,
GSM4138155,10,2,Mono_CD16,specific,0.9792580468538428,16,6,0.375,,
GSM4138143,10,4,Macrophage_family,family,0.9582337883714681,16,15,0.9375,0.9688782310315183,0.010644442660050157
GSM4138117,10,2,Mono_CD16,specific,0.9751299018820724,16,5,0.3125,,
GSM4138159,10,4,Macrophage_family,family,0.9729532809172062,16,16,1.0,0.9729532809172062,0.0
GSM4138137,10,9,DC_family,family,0.948549955779736,16,16,1.0,0.948549955779736,0.0
GSM4138169,10,3,DC_family,family,1.0,15,14,0.9333333333333333,,
GSM4138151,10,7,DC_pDC,specific,0.9806392337550041,15,15,1.0,0.9806392337550041,0.0
GSM4138115,10,4,Macrophage_family,family,0.9727088844047236,15,13,0.8666666666666667,,
GSM4138117,10,10,Mast,specific,0.9848958966969695,15,15,1.0,0.9848958966969695,0.0
GSM4138147,10,3,DC_family,family,0.9840307386621786,15,13,0.8666666666666667,,
GSM4138148,10,3,DC_family,family,0.9935131467076675,15,15,1.0,0.9935131467076675,0.0
GSM4138123,11,3,Macrophage_family,family,0.7546265596706583,389,388,0.9974293059125964,0.7550250269160677,0.00039846724540937295
GSM4138125,11,7,Macrophage_family,family,0.7557976687136225,330,328,0.9939393939393939,0.7563726977368359,0.0005750290232133803
GSM4138135,11,3,Macrophage_family,family,0.7902687975309766,277,275,0.9927797833935018,0.7872664089391785,-0.003002388591798022
GSM4138137,11,3,Macrophage_family,family,0.8227801004590074,212,210,0.9905660377358491,0.8189581281561245,-0.0038219723028829478
GSM4138145,11,2,DC_family,family,0.7725903251773645,174,166,0.9540229885057471,0.7712659257064445,-0.0013243994709200013
GSM4138155,11,2,DC_family,family,0.7214206096065487,167,144,0.8622754491017964,0.7371914062975087,0.015770796690959932
GSM4138131,11,6,DC_pDC,specific,0.9051170331450963,111,106,0.954954954954955,0.9185940501920142,0.01347701704691795
GSM4138161,11,6,DC_pDC,specific,0.8669479000470499,107,106,0.9906542056074766,0.8573154205164121,-0.009632479530637839
GSM4138143,11,2,DC_family,family,0.7702001452661079,93,79,0.8494623655913979,0.8207243018346542,0.05052415656854625
GSM4138131,11,3,Macrophage_family,family,0.8227462833429701,91,74,0.8131868131868132,0.839138762542117,0.01639247919914688
GSM4138161,11,2,DC_family,family,0.7614576825014798,90,83,0.9222222222222223,0.7776880332027927,0.016230350701312846
GSM4138141,11,2,DC_family,family,0.8384247593345463,85,73,0.8588235294117647,0.8647381695242615,0.026313410189715225
GSM4138139,11,3,Macrophage_family,family,0.8218369362214233,80,80,1.0,0.8218369362214233,0.0
GSM4138139,11,7,Macrophage_family,family,0.7814663834235563,74,73,0.9864864864864865,0.7821419254982136,0.0006755420746572538
GSM4138141,11,6,DC_pDC,specific,0.915848528113676,73,72,0.9863013698630136,0.9165508686482305,0.0007023405345545353
GSM4138137,11,7,Macrophage_family,family,0.8397532214983812,71,71,1.0,0.8397532214983812,0.0
GSM4138155,11,7,Macrophage_family,family,0.7365508003819239,69,69,1.0,0.7365508003819239,0.0
GSM4138115,11,2,DC_family,family,0.8371150762895367,69,65,0.9420289855072463,0.8462551261812329,0.009140049891696145
GSM4138131,11,9,DC_family,family,0.8698342079353883,63,62,0.9841269841269841,0.8697452076506282,-8.900028476011013e-05
GSM4138133,11,2,DC_family,family,0.8761280010761531,63,51,0.8095238095238095,0.8755403287101301,-0.0005876723660229732
GSM4138111,11,6,DC_pDC,specific,0.8937358526096312,63,63,1.0,0.8937358526096312,0.0
GSM4138111,11,2,DC_family,family,0.8109318576584398,59,52,0.8813559322033898,0.8159976595593319,0.00506580190089212
GSM4138139,11,10,Mast,specific,0.966827109414383,59,59,1.0,0.966827109414383,0.0
GSM4138133,11,3,Macrophage_family,family,0.8364766339117511,58,57,0.9827586206896551,0.8277069399711243,-0.008769693940626766
GSM4138131,11,2,DC_family,family,0.8606367567222035,57,48,0.8421052631578947,0.8626351983575372,0.001998441635333692
GSM4138141,11,9,DC_family,family,0.8827440521678653,53,53,1.0,0.8827440521678653,0.0
GSM4138117,11,3,Macrophage_family,family,0.8497763908647045,52,52,1.0,0.8497763908647045,0.0
GSM4138155,11,6,DC_pDC,specific,0.9011069531084976,51,50,0.9803921568627451,0.9062361607604512,0.005129207651953571
GSM4138139,11,2,DC_family,family,0.8930226441156444,49,42,0.8571428571428571,0.9268478121811539,0.0338251680655095
GSM4138157,11,2,DC_family,family,0.8090122247138243,48,38,0.7916666666666666,0.8897595981417581,0.08074737342793381
GSM4138123,11,6,DC_pDC,specific,0.9508575041839805,48,48,1.0,0.9508575041839805,0.0
GSM4138141,11,3,Macrophage_family,family,0.8876425828499767,46,45,0.9782608695652174,0.8893464687858026,0.0017038859358259328
GSM4138159,11,2,DC_family,family,0.8089205054940727,45,38,0.8444444444444444,0.8237717741498397,0.014851268655767025
GSM4138145,11,6,DC_pDC,specific,0.945258029964264,45,45,1.0,0.945258029964264,0.0
GSM4138143,11,6,DC_pDC,specific,0.9278565087879327,44,44,1.0,0.9278565087879327,0.0
GSM4138143,11,9,DC_family,family,0.8439454984635562,42,42,1.0,0.8439454984635562,0.0
GSM4138123,11,2,DC_family,family,0.8054917767003741,41,35,0.8536585365853658,0.8127744206891356,0.00728264398876155
GSM4138129,11,7,Macrophage_family,family,0.8766689763237222,40,40,1.0,0.8766689763237222,0.0
GSM4138137,11,2,DC_family,family,0.8532174401725058,35,17,0.4857142857142857,0.9190058279471073,0.0657883877746015
GSM4138125,11,3,Macrophage_family,family,0.9100997990594014,35,35,1.0,0.9100997990594014,0.0
GSM4138113,11,6,DC_pDC,specific,0.9360748270364975,33,33,1.0,0.9360748270364975,0.0
GSM4138129,11,3,Macrophage_family,family,0.9102416437120447,32,32,1.0,0.9102416437120447,0.0
GSM4138135,11,7,Macrophage_family,family,0.8708925545053264,32,32,1.0,0.8708925545053264,0.0
GSM4138147,11,6,DC_pDC,specific,0.935324749011505,31,31,1.0,0.935324749011505,0.0
GSM4138135,11,2,DC_family,family,0.8540886007125837,31,19,0.6129032258064516,0.9134610109205666,0.059372410207982895
GSM4138143,11,10,Mast,specific,0.9748135904112316,31,31,1.0,0.9748135904112316,0.0
GSM4138135,11,9,DC_family,family,0.9258735720252302,30,30,1.0,0.9258735720252302,0.0
GSM4138127,11,6,DC_pDC,specific,0.9560784239578238,28,27,0.9642857142857143,0.9538411986320278,-0.002237225325796066
GSM4138111,11,10,Mast,specific,0.9050661191766445,28,28,1.0,0.9050661191766445,0.0
GSM4138127,11,7,Macrophage_family,family,0.9587942301365583,27,26,0.9629629629629629,0.9704636898460286,0.011669459709470309
GSM4138113,11,2,DC_family,family,0.8726883461069048,26,26,1.0,0.8726883461069048,0.0
GSM4138155,11,3,Macrophage_family,family,0.927332394803538,26,25,0.9615384615384616,0.9265866521752508,-0.0007457426282871937
GSM4138119,11,2,DC_family,family,0.79903106034629,26,18,0.6923076923076923,0.9277640980677694,0.12873303772147937
GSM4138112,11,6,DC_pDC,specific,0.9670409840078681,25,25,1.0,0.9670409840078681,0.0
GSM4138129,11,6,DC_pDC,specific,0.9868286715955322,25,25,1.0,0.9868286715955322,0.0
GSM4138119,11,7,Macrophage_family,family,0.8869751010903455,24,24,1.0,0.8869751010903455,0.0
GSM4138155,11,9,DC_family,family,0.9291414544626153,24,24,1.0,0.9291414544626153,0.0
GSM4138125,11,2,DC_family,family,0.9259651449699164,23,16,0.6956521739130435,0.9577252028504422,0.031760057880525716
GSM4138160,11,6,DC_pDC,specific,0.9826077730887751,22,22,1.0,0.9826077730887751,0.0
GSM4138139,11,9,DC_family,family,0.9422756010989471,22,22,1.0,0.9422756010989471,0.0
GSM4138153,11,2,DC_family,family,0.9327103754987809,22,17,0.7727272727272727,0.9440274449032098,0.011317069404428892
GSM4138139,11,6,DC_pDC,specific,0.9506174967437965,22,22,1.0,0.9506174967437965,0.0
GSM4138123,11,9,DC_family,family,0.9565098966662946,21,20,0.9523809523809523,0.9560392840687579,-0.0004706125975366682
GSM4138135,11,10,Mast,specific,1.0,21,21,1.0,1.0,0.0
GSM4138133,11,6,DC_pDC,specific,0.9780104357713506,21,21,1.0,0.9780104357713506,0.0
GSM4138110,11,6,DC_pDC,specific,0.9697106021963595,20,20,1.0,0.9697106021963595,0.0
GSM4138115,11,9,DC_family,family,0.9593305446031526,20,19,0.95,0.959043731436514,-0.0002868131666385887
GSM4138168,11,6,DC_pDC,specific,0.9457890908623999,20,20,1.0,0.9457890908623999,0.0
GSM4138122,11,6,DC_pDC,specific,0.9782659584116306,20,20,1.0,0.9782659584116306,0.0
GSM4138128,11,6,DC_pDC,specific,0.9782659584116306,20,20,1.0,0.9782659584116306,0.0
GSM4138133,11,9,DC_family,family,0.880236894807487,19,19,1.0,0.880236894807487,0.0
GSM4138155,11,10,Mast,specific,0.9381206978557273,19,19,1.0,0.9381206978557273,0.0
GSM4138135,11,6,DC_pDC,specific,0.9592348250153161,19,17,0.8947368421052632,0.9787886250594097,0.019553800044093572
GSM4138115,11,6,DC_pDC,specific,0.9816087420119992,19,19,1.0,0.9816087420119992,0.0
GSM4138129,11,2,DC_family,family,0.9500892184125482,19,17,0.8947368421052632,0.9771819414948678,0.02709272308231958
GSM4138171,11,2,DC_family,family,1.0,18,15,0.8333333333333334,1.0,0.0
GSM4138127,11,2,DC_family,family,0.9729991592881023,18,16,0.8888888888888888,0.9861361140412709,0.013136954753168562
GSM4138145,11,9,DC_family,family,0.9782002683833607,18,18,1.0,0.9782002683833607,0.0
GSM4138131,11,10,Mast,specific,0.9764376533440459,18,18,1.0,0.9764376533440459,0.0
GSM4138162,11,6,DC_pDC,specific,0.9897606953288196,17,17,1.0,0.9897606953288196,0.0
GSM4138137,11,9,DC_family,family,0.9504246980059807,17,16,0.9411764705882353,0.948549955779736,-0.00187474222624473
GSM4138117,11,2,DC_family,family,0.9674629250066582,17,15,0.8823529411764706,0.965031405932121,-0.002431519074537203
GSM4138121,11,2,DC_family,family,0.928225873077911,17,15,0.8823529411764706,0.9479225766605021,0.019696703582591013
GSM4138172,11,2,DC_family,family,0.9746524486080247,17,15,0.8823529411764706,0.9858294555488663,0.01117700694084156
GSM4138163,11,6,DC_pDC,specific,0.9941087355013785,16,16,1.0,0.9941087355013785,0.0
GSM4138157,11,6,DC_pDC,specific,0.978093154163344,16,16,1.0,0.978093154163344,0.0
GSM4138144,11,2,DC_family,family,0.9890847932339238,16,16,1.0,0.9890847932339238,0.0
GSM4138130,11,6,DC_pDC,specific,0.9948247809286048,16,16,1.0,0.9948247809286048,0.0
GSM4138121,11,6,DC_pDC,specific,0.975345479450801,16,12,0.75,,
GSM4138159,11,3,Macrophage_family,family,0.9729532809172062,16,16,1.0,0.9729532809172062,0.0
GSM4138117,11,10,Mast,specific,0.9848958966969695,15,15,1.0,0.9848958966969695,0.0
GSM4138151,11,6,DC_pDC,specific,0.9806392337550041,15,15,1.0,0.9806392337550041,0.0
GSM4138120,11,2,DC_family,family,0.9793670964346195,15,15,1.0,0.9793670964346195,0.0
GSM4138147,11,2,DC_family,family,0.9840307386621786,15,13,0.8666666666666667,,
GSM4138134,12,1,Monocyte_family,family,0.9817416654165514,806,800,0.9925558312655087,0.9849735544986897,0.0032318890821383395
GSM4138116,12,1,Monocyte_family,family,0.9471155441026594,680,679,0.9985294117647059,0.9514414386005464,0.004325894497887006
GSM4138126,12,1,Monocyte_family,family,0.9714797976755328,673,663,0.9851411589895989,0.9789040289909631,0.007424231315430241
GSM4138156,12,1,Monocyte_family,family,0.9574145194074412,648,625,0.9645061728395061,0.9673528265650845,0.009938307157643322
GSM4138120,12,1,Monocyte_family,family,0.898753974517315,511,490,0.958904109589041,0.9151799252438134,0.01642595072649844
GSM4138142,12,1,Monocyte_family,family,0.9590551423533857,484,472,0.9752066115702479,0.9601053873273715,0.0010502449739857589
GSM4138110,12,1,Monocyte_family,family,0.9638236131614044,460,457,0.9934782608695653,0.9665736922576369,0.002750079096232483
GSM4138140,12,1,Monocyte_family,family,0.9704447545199038,455,446,0.9802197802197802,0.9849585183697008,0.014513763849797079
GSM4138132,12,1,Monocyte_family,family,0.9735784084305488,415,410,0.9879518072289156,0.9865349139258512,0.012956505495302473
GSM4138160,12,1,Monocyte_family,family,0.9425071165839447,409,396,0.9682151589242054,0.9671671074656296,0.024659990881684912
GSM4138134,12,2,Mono_CD16,specific,0.9568656122662837,405,132,0.32592592592592595,0.9695591587489021,0.012693546482618334
GSM4138123,12,4,Macrophage_family,family,0.7546716853363291,394,393,0.9974619289340102,0.7552357590544017,0.0005640737180725441
GSM4138136,12,1,Monocyte_family,family,0.9607384914510859,383,371,0.9686684073107049,0.9762964857155135,0.01555799426442761
GSM4138138,12,1,Monocyte_family,family,0.9755994958497483,371,364,0.9811320754716981,0.9833285092484977,0.007729013398749429
GSM4138163,12,1,Monocyte_family,family,0.9557540440270056,346,337,0.9739884393063584,0.9622252202013246,0.006471176174319027
GSM4138125,12,8,Macrophage_family,family,0.7530610780414143,337,335,0.9940652818991098,0.7525244551048929,-0.0005366229365214581
GSM4138128,12,2,Mono_CD16,specific,0.9056794850748091,328,139,0.42378048780487804,0.9776116977859656,0.07193221271115646
GSM4138122,12,2,Mono_CD16,specific,0.9056794850748091,328,139,0.42378048780487804,0.9776116977859656,0.07193221271115646
GSM4138162,12,1,Monocyte_family,family,0.9774367354160801,319,311,0.9749216300940439,0.9754419583167049,-0.0019947770993752334
GSM4138135,12,4,Macrophage_family,family,0.7893858926309236,305,302,0.9901639344262295,0.789895583120836,0.00050969048991234
GSM4138130,12,1,Monocyte_family,family,0.957370217862306,301,290,0.9634551495016611,0.9818518649714558,0.024481647109149796
GSM4138152,12,1,Monocyte_family,family,0.9398724046220661,300,285,0.95,0.9509228750299026,0.011050470407836466
GSM4138146,12,2,Mono_CD16,specific,0.9287535037083647,291,200,0.6872852233676976,0.9622686828921565,0.033515179183791766
GSM4138154,12,1,Monocyte_family,family,0.9049546515737832,289,269,0.9307958477508651,0.9463368326881778,0.04138218111439462
GSM4138130,12,2,Mono_CD16,specific,0.9382069714811001,280,116,0.4142857142857143,0.9812775037239836,0.043070532242883486
GSM4138118,12,1,Monocyte_family,family,0.9127132672535798,267,258,0.9662921348314607,0.931955169104729,0.019241901851149157
GSM4138165,12,1,Monocyte_family,family,0.9525759349300199,264,254,0.9621212121212122,0.978735934200649,0.026159999270629064
GSM4138156,12,2,Mono_CD16,specific,0.9411989662363411,261,150,0.5747126436781609,0.9674540600296433,0.026255093793302153
GSM4138136,12,2,Mono_CD16,specific,0.9172528911685482,250,110,0.44,0.978914746972955,0.06166185580440675
GSM4138166,12,1,Monocyte_family,family,0.9608818991559301,250,239,0.956,0.9806737394680743,0.019791840312144204
GSM4138140,12,2,Mono_CD16,specific,0.9362096179272406,235,77,0.3276595744680851,0.9699730019986887,0.03376338407144819
GSM4138114,12,1,Monocyte_family,family,0.9505665352214498,231,218,0.9437229437229437,0.984044049078469,0.03347751385701914
GSM4138124,12,1,Monocyte_family,family,0.9816022492791028,227,227,1.0,0.9816022492791028,0.0
GSM4138137,12,4,Macrophage_family,family,0.8175382565948595,225,224,0.9955555555555555,0.8195176098815201,0.0019793532866606567
GSM4138132,12,2,Mono_CD16,specific,0.9495863480116273,220,58,0.2636363636363636,0.9814133723188372,0.03182702430720985
GSM4138158,12,1,Monocyte_family,family,0.9600257014766186,219,210,0.958904109589041,0.975597513475783,0.015571811999164464
GSM4138167,12,1,Monocyte_family,family,0.9823820954320386,210,207,0.9857142857142858,0.9858549457222223,0.0034728502901837377
GSM4138128,12,1,Monocyte_family,family,0.9760949476629251,208,195,0.9375,0.992138339021567,0.016043391358641856
GSM4138122,12,1,Monocyte_family,family,0.9760949476629251,208,195,0.9375,0.992138339021567,0.016043391358641856
GSM4138141,12,1,Monocyte_family,family,0.9087016356660621,207,192,0.927536231884058,0.9331915807308364,0.02448994506477431
GSM4138166,12,2,Mono_CD16,specific,0.9236322539734074,204,117,0.5735294117647058,0.9621941145544404,0.03856186058103295
GSM4138138,12,2,Mono_CD16,specific,0.9511591255886162,200,112,0.56,0.9668810029523296,0.015721877363713443
GSM4138142,12,2,Mono_CD16,specific,0.9432529314583887,198,108,0.5454545454545454,0.9665257719433304,0.023272840484941715
GSM4138145,12,1,Monocyte_family,family,0.8545163101233489,185,142,0.7675675675675676,0.9169610463031658,0.06244473617981683
GSM4138112,12,1,Monocyte_family,family,0.9587812895740635,184,177,0.9619565217391305,0.9902895971005428,0.03150830752647926
GSM4138145,12,3,DC_family,family,0.7699996296091056,183,175,0.9562841530054644,0.7700667672717659,6.71376626603104e-05
GSM4138155,12,3,DC_family,family,0.7332891326839841,176,148,0.8409090909090909,0.7348575822853584,0.0015684496013742555
GSM4138165,12,2,Mono_CD16,specific,0.9000884783998548,166,93,0.5602409638554217,0.9446544771791544,0.044565998779299565
GSM4138112,12,2,Mono_CD16,specific,0.914159614990162,165,95,0.5757575757575758,0.9618001923997429,0.04764057740958094
GSM4138144,12,1,Monocyte_family,family,0.9436351263659076,162,143,0.8827160493827161,0.966370144208379,0.02273501784247134
GSM4138110,12,2,Mono_CD16,specific,0.9222028464616959,161,78,0.484472049689441,0.97761328954427,0.055410443082574035
GSM4138155,12,1,Monocyte_family,family,0.8392213139754352,159,139,0.8742138364779874,0.8717629908920698,0.032541676916634565
GSM4138146,12,1,Monocyte_family,family,0.9478180664779089,159,151,0.949685534591195,0.9689868526698902,0.02116878619198126
GSM4138162,12,2,Mono_CD16,specific,0.9117051000554128,145,63,0.43448275862068964,0.9689990847188696,0.05729398466345681
GSM4138152,12,2,Mono_CD16,specific,0.9220154256462135,142,89,0.6267605633802817,0.9413199538988823,0.019304528252668818
GSM4138117,12,1,Monocyte_family,family,0.8439776538915225,124,87,0.7016129032258065,0.917685115524685,0.07370746163316255
GSM4138150,12,1,Monocyte_family,family,0.9453497235757008,124,119,0.9596774193548387,0.9702078664198011,0.02485814284410026
GSM4138127,12,1,Monocyte_family,family,0.9318019085576424,120,106,0.8833333333333333,0.9509960597753813,0.01919415121773882
GSM4138167,12,2,Mono_CD16,specific,0.9149475725474278,120,29,0.24166666666666667,0.9625303423920475,0.04758276984461973
GSM4138139,12,1,Monocyte_family,family,0.8918918299345874,114,74,0.6491228070175439,0.931590363387195,0.039698533452607654
GSM4138144,12,2,Mono_CD16,specific,0.9270735286286377,111,64,0.5765765765765766,0.9749122264211482,0.04783869779251049
GSM4138131,12,7,DC_pDC,specific,0.9051170331450963,111,106,0.954954954954955,0.9185940501920142,0.01347701704691795
GSM4138124,12,2,Mono_CD16,specific,0.9090537922850496,110,48,0.43636363636363634,0.969665210227224,0.060611417942174395
GSM4138135,12,1,Monocyte_family,family,0.9335179694893234,109,54,0.4954128440366973,0.9766961985099236,0.0431782290206002
GSM4138114,12,2,Mono_CD16,specific,0.889533430250398,108,60,0.5555555555555556,0.9638175783207804,0.07428414807038242
GSM4138148,12,1,Monocyte_family,family,0.9472388843963009,107,100,0.9345794392523364,0.982690512190985,0.03545162779468414
GSM4138161,12,7,DC_pDC,specific,0.8669479000470499,107,106,0.9906542056074766,0.8573154205164121,-0.009632479530637839
GSM4138137,12,1,Monocyte_family,family,0.9110988355360403,106,48,0.4528301886792453,0.9726719051411793,0.061573069605138975
GSM4138143,12,3,DC_family,family,0.7687836398699405,102,83,0.8137254901960784,0.814880006138983,0.046096366269042566
GSM4138131,12,4,Macrophage_family,family,0.8232304870710896,101,82,0.8118811881188119,0.8273100464316553,0.004079559360565699
GSM4138161,12,3,DC_family,family,0.7583812722599772,101,89,0.8811881188118812,0.7792466930679858,0.020865420808008572
GSM4138161,12,1,Monocyte_family,family,0.8979564509330547,99,86,0.8686868686868687,0.9224778390311189,0.024521388098064256
GSM4138141,12,3,DC_family,family,0.8229794749797104,98,81,0.826530612244898,0.8703281927766541,0.04734871779694372
GSM4138164,12,1,Monocyte_family,family,0.9723886827775335,90,88,0.9777777777777777,0.9801412957445363,0.007752612967002803
GSM4138139,12,4,Macrophage_family,family,0.8299297747767115,89,89,1.0,0.8299297747767115,0.0
GSM4138125,12,1,Monocyte_family,family,0.9403428052585113,86,76,0.8837209302325582,0.9706392175648941,0.030296412306382803
GSM4138126,12,2,Mono_CD16,specific,0.9577658372124283,85,23,0.27058823529411763,1.0,0.04223416278757175
GSM4138139,12,8,Macrophage_family,family,0.7734365979554109,84,80,0.9523809523809523,0.783611284537107,0.01017468658169618
GSM4138137,12,8,Macrophage_family,family,0.8274979387254913,80,80,1.0,0.8274979387254913,0.0
GSM4138115,12,3,DC_family,family,0.8269327831841607,80,72,0.9,0.8350973463229657,0.008164563138804981
GSM4138143,12,1,Monocyte_family,family,0.8581069965280834,79,54,0.6835443037974683,0.9190222403422507,0.06091524381416724
GSM4138133,12,3,DC_family,family,0.8725697581061181,79,59,0.7468354430379747,0.857449173412869,-0.015120584693249173
GSM4138120,12,2,Mono_CD16,specific,0.9172179113831989,76,24,0.3157894736842105,0.9596757142031672,0.04245780281996836
GSM4138141,12,7,DC_pDC,specific,0.915848528113676,73,72,0.9863013698630136,0.9165508686482305,0.0007023405345545353
GSM4138129,12,1,Monocyte_family,family,0.9356483030719154,71,60,0.8450704225352113,0.9521126056634451,0.016464302591529756
GSM4138155,12,8,Macrophage_family,family,0.7386207611638049,70,70,1.0,0.7386207611638049,0.0
GSM4138133,12,4,Macrophage_family,family,0.8187510221435998,70,66,0.9428571428571428,0.8208536210121572,0.0021025988685573482
GSM4138160,12,2,Mono_CD16,specific,0.9602521359547022,69,36,0.5217391304347826,0.9900033659049698,0.029751229950267688
GSM4138111,12,3,DC_family,family,0.7916917692613848,67,55,0.8208955223880597,0.8197729401039903,0.02808117084260542
GSM4138163,12,2,Mono_CD16,specific,0.9376290798982274,67,23,0.34328358208955223,0.9838436758508947,0.0462145959526673
GSM4138131,12,3,DC_family,family,0.8578654581382575,64,49,0.765625,0.8592170800152263,0.0013516218769688004
GSM4138150,12,2,Mono_CD16,specific,0.929194523924484,64,35,0.546875,0.9785444665693842,0.049349942644900224
GSM4138111,12,7,DC_pDC,specific,0.8970584604838131,64,64,1.0,0.8970584604838131,0.0
GSM4138131,12,10,DC_family,family,0.8698342079353883,63,62,0.9841269841269841,0.8697452076506282,-8.900028476011013e-05
GSM4138131,12,1,Monocyte_family,family,0.9428500335630593,63,55,0.873015873015873,0.9452115858750273,0.002361552311967996
GSM4138141,12,2,Mono_CD16,specific,0.973525328845283,61,29,0.47540983606557374,0.9795622594124764,0.006036930567193455
GSM4138139,12,11,Mast,specific,0.966827109414383,59,59,1.0,0.966827109414383,0.0
GSM4138117,12,4,Macrophage_family,family,0.8464430332194695,58,58,1.0,0.8464430332194695,0.0
GSM4138164,12,2,Mono_CD16,specific,0.9231836927110376,57,21,0.3684210526315789,0.9829393430119403,0.059755650300902685
GSM4138113,12,1,Monocyte_family,family,0.9244230885146714,56,53,0.9464285714285714,0.9315943134474772,0.007171224932805864
GSM4138148,12,2,Mono_CD16,specific,0.9226793120388355,54,34,0.6296296296296297,0.9692635348384981,0.04658422279966268
GSM4138157,12,3,DC_family,family,0.8129768990298566,53,39,0.7358490566037735,0.8868953799477981,0.07391848091794151
GSM4138141,12,10,DC_family,family,0.8827440521678653,53,53,1.0,0.8827440521678653,0.0
GSM4138154,12,2,Mono_CD16,specific,0.9465842145751643,53,30,0.5660377358490566,0.951042806610867,0.0044585920357027575
GSM4138111,12,1,Monocyte_family,family,0.8859511733910015,53,38,0.7169811320754716,0.8787653579481318,-0.00718581544286967
GSM4138139,12,3,DC_family,family,0.8951088264124206,52,44,0.8461538461538461,0.91228871183261,0.017179885420189334
GSM4138155,12,7,DC_pDC,specific,0.9011069531084976,51,50,0.9803921568627451,0.9062361607604512,0.005129207651953571
GSM4138141,12,4,Macrophage_family,family,0.8971458057912821,49,47,0.9591836734693877,0.8882039922241975,-0.008941813567084567
GSM4138123,12,7,DC_pDC,specific,0.9508575041839805,48,48,1.0,0.9508575041839805,0.0
GSM4138111,12,2,Mono_CD16,specific,0.8863581359224489,47,28,0.5957446808510638,0.909342322893809,0.022984186971360065
GSM4138159,12,3,DC_family,family,0.8172620913720567,46,38,0.8260869565217391,0.8237717741498397,0.006509682777782966
GSM4138143,12,2,Mono_CD16,specific,0.9486514486678003,46,13,0.2826086956521739,,
GSM4138143,12,7,DC_pDC,specific,0.9295762244202338,46,46,1.0,0.9295762244202338,0.0
GSM4138145,12,7,DC_pDC,specific,0.945258029964264,45,45,1.0,0.945258029964264,0.0
GSM4138158,12,2,Mono_CD16,specific,0.9726374535449929,45,19,0.4222222222222222,0.9852479955603701,0.012610542015377257
GSM4138119,12,1,Monocyte_family,family,0.8824380198829792,44,37,0.8409090909090909,0.9315536194769442,0.04911559959396494
GSM4138129,12,8,Macrophage_family,family,0.8739526695629722,43,43,1.0,0.8739526695629722,0.0
GSM4138143,12,10,DC_family,family,0.8539487688654224,42,42,1.0,0.8539487688654224,0.0
GSM4138123,12,3,DC_family,family,0.7940839318704487,42,35,0.8333333333333334,0.8127744206891356,0.018690488818686957
GSM4138121,12,1,Monocyte_family,family,0.9055673942400307,41,36,0.8780487804878049,0.9669261658437938,0.06135877160376302
GSM4138145,12,2,Mono_CD16,specific,0.9792952262363795,41,12,0.2926829268292683,,
GSM4138135,12,3,DC_family,family,0.8551721218126433,40,19,0.475,0.9134610109205666,0.05828888910792329
GSM4138131,12,2,Mono_CD16,specific,0.9553743909770015,39,5,0.1282051282051282,,
GSM4138137,12,3,DC_family,family,0.8512415535080113,36,17,0.4722222222222222,0.9190058279471073,0.06776427443909594
GSM4138159,12,1,Monocyte_family,family,0.9585456336987939,35,30,0.8571428571428571,0.9652221397326028,0.006676506033808982
GSM4138125,12,4,Macrophage_family,family,0.9100997990594014,35,35,1.0,0.9100997990594014,0.0
GSM4138129,12,4,Macrophage_family,family,0.909118969181269,34,34,1.0,0.909118969181269,0.0
GSM4138135,12,8,Macrophage_family,family,0.8666527353605346,34,34,1.0,0.8666527353605346,0.0
GSM4138113,12,7,DC_pDC,specific,0.9360748270364975,33,33,1.0,0.9360748270364975,0.0
GSM4138139,12,2,Mono_CD16,specific,0.9746060997996634,32,10,0.3125,,
GSM4138147,12,7,DC_pDC,specific,0.935324749011505,31,31,1.0,0.935324749011505,0.0
GSM4138143,12,11,Mast,specific,0.9748135904112316,31,31,1.0,0.9748135904112316,0.0
GSM4138135,12,10,DC_family,family,0.9258735720252302,30,30,1.0,0.9258735720252302,0.0
GSM4138133,12,1,Monocyte_family,family,0.9592989429202927,30,12,0.4,,
GSM4138127,12,7,DC_pDC,specific,0.9419975452784044,29,27,0.9310344827586207,0.9538411986320278,0.011843653353623362
GSM4138119,12,3,DC_family,family,0.7841669029157519,28,19,0.6785714285714286,0.9295676512830765,0.14540074836732464
GSM4138157,12,1,Monocyte_family,family,0.9659744337085671,28,20,0.7142857142857143,0.9840334619762012,0.01805902826763417
GSM4138111,12,11,Mast,specific,0.9050661191766445,28,28,1.0,0.9050661191766445,0.0
GSM4138155,12,4,Macrophage_family,family,0.9121517566245125,28,27,0.9642857142857143,0.9278292592384882,0.015677502613975713
GSM4138117,12,3,DC_family,family,0.9267430252279545,27,25,0.9259259259259259,0.9320020172135487,0.005258991985594208
GSM4138113,12,3,DC_family,family,0.8726883461069048,26,26,1.0,0.8726883461069048,0.0
GSM4138127,12,8,Macrophage_family,family,0.9559325492496658,26,25,0.9615384615384616,0.9554454749625706,-0.0004870742870951572
GSM4138135,12,2,Mono_CD16,specific,0.9812734851395931,25,3,0.12,,
GSM4138112,12,7,DC_pDC,specific,0.9670409840078681,25,25,1.0,0.9670409840078681,0.0
GSM4138129,12,7,DC_pDC,specific,0.9868286715955322,25,25,1.0,0.9868286715955322,0.0
GSM4138119,12,8,Macrophage_family,family,0.8760046119891902,25,25,1.0,0.8760046119891902,0.0
GSM4138113,12,2,Mono_CD16,specific,0.9317284283309728,24,12,0.5,,
GSM4138144,12,3,DC_family,family,0.9774820464942098,24,24,1.0,0.9774820464942098,0.0
GSM4138125,12,3,DC_family,family,0.9204911424777072,24,15,0.625,0.9559473606852438,0.03545621820753653
GSM4138160,12,7,DC_pDC,specific,0.980833886723325,23,23,1.0,0.980833886723325,0.0
GSM4138153,12,3,DC_family,family,0.922645268527941,23,18,0.782608695652174,0.932579393213612,0.009934124685671009
GSM4138129,12,3,DC_family,family,0.9331394198201579,23,20,0.8695652173913043,0.9773750861544296,0.04423566633427167
GSM4138155,12,10,DC_family,family,0.9283079458378963,23,23,1.0,0.9283079458378963,0.0
GSM4138123,12,1,Monocyte_family,family,0.9659202117288335,23,20,0.8695652173913043,0.9659755258039705,5.5314075137036234e-05
GSM4138139,12,7,DC_pDC,specific,0.9506174967437965,22,22,1.0,0.9506174967437965,0.0
GSM4138139,12,10,DC_family,family,0.9422756010989471,22,22,1.0,0.9422756010989471,0.0
GSM4138137,12,2,Mono_CD16,specific,1.0,22,2,0.09090909090909091,,
GSM4138162,12,3,DC_family,family,0.9941525776404126,21,21,1.0,0.9941525776404126,0.0
GSM4138120,12,3,DC_family,family,0.9675202675594767,21,21,1.0,0.9675202675594767,0.0
GSM4138116,12,2,Mono_CD16,specific,0.9842694746206083,21,15,0.7142857142857143,0.9836055443637416,-0.0006639302568667294
GSM4138133,12,7,DC_pDC,specific,0.9780104357713506,21,21,1.0,0.9780104357713506,0.0
GSM4138123,12,10,DC_family,family,0.9565098966662946,21,20,0.9523809523809523,0.9560392840687579,-0.0004706125975366682
GSM4138135,12,11,Mast,specific,1.0,21,21,1.0,1.0,0.0
GSM4138128,12,7,DC_pDC,specific,0.9782659584116306,20,20,1.0,0.9782659584116306,0.0
GSM4138110,12,7,DC_pDC,specific,0.9697106021963595,20,20,1.0,0.9697106021963595,0.0
GSM4138168,12,7,DC_pDC,specific,0.9457890908623999,20,20,1.0,0.9457890908623999,0.0
GSM4138115,12,10,DC_family,family,0.9593305446031526,20,19,0.95,0.959043731436514,-0.0002868131666385887
GSM4138152,12,3,DC_family,family,0.9745412407235607,20,20,1.0,0.9745412407235607,0.0
GSM4138122,12,7,DC_pDC,specific,0.9782659584116306,20,20,1.0,0.9782659584116306,0.0
GSM4138135,12,7,DC_pDC,specific,0.9592348250153161,19,17,0.8947368421052632,0.9787886250594097,0.019553800044093572
GSM4138133,12,10,DC_family,family,0.880236894807487,19,19,1.0,0.880236894807487,0.0
GSM4138115,12,7,DC_pDC,specific,0.9816087420119992,19,19,1.0,0.9816087420119992,0.0
GSM4138155,12,11,Mast,specific,0.9381206978557273,19,19,1.0,0.9381206978557273,0.0
GSM4138118,12,2,Mono_CD16,specific,0.989744282581234,19,6,0.3157894736842105,,
GSM4138171,12,3,DC_family,family,1.0,18,15,0.8333333333333334,1.0,0.0
GSM4138145,12,10,DC_family,family,0.9782002683833607,18,18,1.0,0.9782002683833607,0.0
GSM4138121,12,3,DC_family,family,0.9275368904569635,18,15,0.8333333333333334,0.9479225766605021,0.020385686203538533
GSM4138127,12,3,DC_family,family,0.9725300008517392,18,16,0.8888888888888888,1.0,0.02746999914826076
GSM4138131,12,11,Mast,specific,0.9764376533440459,18,18,1.0,0.9764376533440459,0.0
GSM4138137,12,10,DC_family,family,0.9504246980059807,17,16,0.9411764705882353,0.948549955779736,-0.00187474222624473
GSM4138162,12,7,DC_pDC,specific,0.9897606953288196,17,17,1.0,0.9897606953288196,0.0
GSM4138172,12,3,DC_family,family,0.9746524486080247,17,15,0.8823529411764706,0.9858294555488663,0.01117700694084156
GSM4138130,12,7,DC_pDC,specific,0.9928521640048311,17,17,1.0,0.9928521640048311,0.0
GSM4138163,12,7,DC_pDC,specific,0.9941087355013785,16,16,1.0,0.9941087355013785,0.0
GSM4138159,12,4,Macrophage_family,family,0.9729532809172062,16,16,1.0,0.9729532809172062,0.0
GSM4138121,12,7,DC_pDC,specific,0.975345479450801,16,12,0.75,,
GSM4138157,12,7,DC_pDC,specific,0.978093154163344,16,16,1.0,0.978093154163344,0.0
GSM4138154,12,3,DC_family,family,0.9333305365115374,16,16,1.0,0.9333305365115374,0.0
GSM4138111,12,4,Macrophage_family,family,0.9138229407468663,15,15,1.0,0.9138229407468663,0.0
GSM4138148,12,3,DC_family,family,0.9935131467076675,15,15,1.0,0.9935131467076675,0.0
GSM4138125,12,2,Mono_CD16,specific,1.0,15,6,0.4,,
GSM4138147,12,3,DC_family,family,0.9840307386621786,15,13,0.8666666666666667,,
GSM4138129,12,2,Mono_CD16,specific,1.0,15,3,0.2,,
GSM4138151,12,7,DC_pDC,specific,0.9806392337550041,15,15,1.0,0.9806392337550041,0.0
GSM4138145,12,4,Macrophage_family,family,0.9659682215407983,15,15,1.0,0.9659682215407983,0.0
GSM4138117,12,11,Mast,specific,0.9848958966969695,15,15,1.0,0.9848958966969695,0.0
GSM4138117,12,2,Mono_CD16,specific,0.9877302514675109,15,5,0.3333333333333333,,
GSM4138133,12,2,Mono_CD16,specific,1.0,15,1,0.06666666666666667,,
GSM4138134,13,1,Monocyte_family,family,0.9819861273138426,809,803,0.992583436341162,0.9849031140946594,0.002916986780816755
GSM4138116,13,1,Monocyte_family,family,0.9471155441026594,680,679,0.9985294117647059,0.9514414386005464,0.004325894497887006
GSM4138126,13,1,Monocyte_family,family,0.9714063890205811,670,660,0.9850746268656716,0.9794447930639429,0.008038404043361869
GSM4138156,13,1,Monocyte_family,family,0.9539106245472357,651,626,0.9615975422427036,0.9661319398408648,0.01222131529362902
GSM4138120,13,1,Monocyte_family,family,0.898753974517315,511,490,0.958904109589041,0.9151799252438134,0.01642595072649844
GSM4138142,13,1,Monocyte_family,family,0.955448638690628,484,471,0.9731404958677686,0.9601353859053413,0.004686747214713294
GSM4138110,13,1,Monocyte_family,family,0.9638236131614044,460,457,0.9934782608695653,0.9665736922576369,0.002750079096232483
GSM4138140,13,1,Monocyte_family,family,0.9703429100826296,454,445,0.9801762114537445,0.9826955329522793,0.012352622869649665
GSM4138132,13,1,Monocyte_family,family,0.9728299710645985,419,414,0.9880668257756563,0.984274087268081,0.011444116203482513
GSM4138160,13,1,Monocyte_family,family,0.9393514338278183,413,399,0.9661016949152542,0.9660572021377315,0.026705768309913225
GSM4138134,13,2,Mono_CD16,specific,0.9555696063592363,402,132,0.3283582089552239,0.9695591587489021,0.013989552389665816
GSM4138123,13,4,Macrophage_family,family,0.7463504049327119,396,395,0.9974747474747475,0.7467313919430397,0.000380987010327849
GSM4138136,13,1,Monocyte_family,family,0.9621497611893006,384,372,0.96875,0.9754965207181238,0.013346759528823138
GSM4138138,13,1,Monocyte_family,family,0.9755994958497483,371,364,0.9811320754716981,0.9833285092484977,0.007729013398749429
GSM4138163,13,1,Monocyte_family,family,0.9561525632636788,345,336,0.9739130434782609,0.9634874805255598,0.007334917261880958
GSM4138125,13,8,Macrophage_family,family,0.7527579460283387,335,333,0.9940298507462687,0.7522833856843432,-0.0004745603439955115
GSM4138122,13,2,Mono_CD16,specific,0.9057210148164985,326,139,0.4263803680981595,0.9776116977859656,0.0718906829694671
GSM4138128,13,2,Mono_CD16,specific,0.9057210148164985,326,139,0.4263803680981595,0.9776116977859656,0.0718906829694671
GSM4138162,13,1,Monocyte_family,family,0.9671788597668937,317,309,0.9747634069400631,0.9748724164748763,0.007693556707982663
GSM4138135,13,4,Macrophage_family,family,0.7700675452133179,307,304,0.990228013029316,0.7739741962325709,0.003906651019253027
GSM4138130,13,1,Monocyte_family,family,0.9565651612784047,300,289,0.9633333333333334,0.9818551737723974,0.025290012493992653
GSM4138152,13,1,Monocyte_family,family,0.9410014769400854,297,283,0.9528619528619529,0.9503377362165849,0.009336259276499503
GSM4138154,13,1,Monocyte_family,family,0.9049546515737832,289,269,0.9307958477508651,0.9463368326881778,0.04138218111439462
GSM4138146,13,2,Mono_CD16,specific,0.9289540883838,289,200,0.6920415224913494,0.9622686828921565,0.0333145945083565
GSM4138130,13,2,Mono_CD16,specific,0.936200783979712,281,116,0.4128113879003559,0.9812775037239836,0.04507671974427163
GSM4138165,13,1,Monocyte_family,family,0.9526684012866887,267,257,0.9625468164794008,0.9802228306394676,0.027554429352778853
GSM4138118,13,1,Monocyte_family,family,0.9268749896654669,266,258,0.9699248120300752,0.931955169104729,0.005080179439262089
GSM4138156,13,2,Mono_CD16,specific,0.945417572940716,256,150,0.5859375,0.9674540600296433,0.022036487088927248
GSM4138166,13,1,Monocyte_family,family,0.9606912844772857,249,238,0.9558232931726908,0.9806735065347532,0.01998222205746747
GSM4138136,13,2,Mono_CD16,specific,0.9251646870637454,246,110,0.44715447154471544,0.978914746972955,0.05375005990920956
GSM4138140,13,2,Mono_CD16,specific,0.9368059644640493,235,77,0.3276595744680851,0.9699730019986887,0.033167037534639454
GSM4138114,13,1,Monocyte_family,family,0.9509721115013868,230,218,0.9478260869565217,0.984044049078469,0.033071937577082156
GSM4138137,13,4,Macrophage_family,family,0.8221053806186662,230,229,0.9956521739130435,0.8239848553365872,0.001879474717920937
GSM4138124,13,1,Monocyte_family,family,0.9824067830841741,229,229,1.0,0.9824067830841741,0.0
GSM4138158,13,1,Monocyte_family,family,0.9634719548477954,218,210,0.963302752293578,0.975597513475783,0.012125558627987698
GSM4138132,13,2,Mono_CD16,specific,0.9513213706100166,215,58,0.26976744186046514,0.9814133723188372,0.030092001708820537
GSM4138128,13,1,Monocyte_family,family,0.976940898473096,211,198,0.9383886255924171,0.991519105114178,0.014578206641082003
GSM4138167,13,1,Monocyte_family,family,0.9824092598299118,211,209,0.990521327014218,0.9858036482210235,0.0033943883911117245
GSM4138122,13,1,Monocyte_family,family,0.976940898473096,211,198,0.9383886255924171,0.991519105114178,0.014578206641082003
GSM4138141,13,1,Monocyte_family,family,0.9060730523630909,208,194,0.9326923076923077,0.9304315582450421,0.02435850588195121
GSM4138166,13,2,Mono_CD16,specific,0.9254198895181686,203,117,0.5763546798029556,0.9621941145544404,0.03677422503627181
GSM4138138,13,2,Mono_CD16,specific,0.9511591255886162,200,112,0.56,0.9668810029523296,0.015721877363713443
GSM4138142,13,2,Mono_CD16,specific,0.947239917708687,197,108,0.5482233502538071,0.9665257719433304,0.019285854234643462
GSM4138155,13,3,DC_family,family,0.7089471511192971,190,149,0.7842105263157895,0.7350172381248784,0.026070087005581333
GSM4138145,13,3,DC_family,family,0.7529662578269433,189,179,0.9470899470899471,0.7473263065049742,-0.005639951321969039
GSM4138145,13,1,Monocyte_family,family,0.8545983959082528,186,142,0.7634408602150538,0.9169610463031658,0.062362650394912955
GSM4138112,13,1,Monocyte_family,family,0.9587812895740635,184,177,0.9619565217391305,0.9902895971005428,0.03150830752647926
GSM4138112,13,2,Mono_CD16,specific,0.914159614990162,165,95,0.5757575757575758,0.9618001923997429,0.04764057740958094
GSM4138155,13,1,Monocyte_family,family,0.8369994000149978,164,146,0.8902439024390244,0.8548762380929362,0.017876838077938384
GSM4138165,13,2,Mono_CD16,specific,0.8988516692762344,162,93,0.5740740740740741,0.9446544771791544,0.04580280790292002
GSM4138146,13,1,Monocyte_family,family,0.9473344042730055,161,152,0.9440993788819876,0.9721716283164202,0.024837224043414707
GSM4138110,13,2,Mono_CD16,specific,0.9222028464616959,161,78,0.484472049689441,0.97761328954427,0.055410443082574035
GSM4138144,13,1,Monocyte_family,family,0.9496769213849405,160,142,0.8875,0.9678892069388371,0.018212285553896534
GSM4138162,13,2,Mono_CD16,specific,0.9108781535887733,146,63,0.4315068493150685,0.9689990847188696,0.05812093113009631
GSM4138152,13,2,Mono_CD16,specific,0.9219681967952902,145,89,0.6137931034482759,0.9413199538988823,0.01935175710359216
GSM4138127,13,1,Monocyte_family,family,0.9294991787948099,128,109,0.8515625,0.9383876875074729,0.008888508712663001
GSM4138117,13,1,Monocyte_family,family,0.8461506283902052,127,88,0.6929133858267716,0.9109291143230678,0.06477848593286262
GSM4138150,13,1,Monocyte_family,family,0.9531692135789532,124,119,0.9596774193548387,0.9703727444940512,0.017203530915097964
GSM4138139,13,1,Monocyte_family,family,0.8893222366632249,118,77,0.652542372881356,0.9257743753905173,0.03645213872729247
GSM4138135,13,1,Monocyte_family,family,0.9236183656612719,118,57,0.4830508474576271,0.9772061406952075,0.053587775033935636
GSM4138167,13,2,Mono_CD16,specific,0.909430464801309,116,29,0.25,0.9625303423920475,0.05309987759073853
GSM4138137,13,1,Monocyte_family,family,0.9148633748979136,115,49,0.4260869565217391,0.9721448777860793,0.05728150288816569
GSM4138144,13,2,Mono_CD16,specific,0.927765175482923,112,64,0.5714285714285714,0.9749122264211482,0.04714705093822513
GSM4138131,13,6,DC_pDC,specific,0.9051170331450963,111,106,0.954954954954955,0.9185940501920142,0.01347701704691795
GSM4138124,13,2,Mono_CD16,specific,0.9084742898658345,108,48,0.4444444444444444,0.969665210227224,0.06119092036138951
GSM4138114,13,2,Mono_CD16,specific,0.8940695725077482,107,60,0.5607476635514018,0.9638175783207804,0.0697480058130322
GSM4138161,13,6,DC_pDC,specific,0.8669479000470499,107,106,0.9906542056074766,0.8573154205164121,-0.009632479530637839
GSM4138148,13,1,Monocyte_family,family,0.9472388843963009,107,100,0.9345794392523364,0.982690512190985,0.03545162779468414
GSM4138161,13,3,DC_family,family,0.7486235949958235,106,91,0.8584905660377359,0.7604049538982101,0.011781358902386518
GSM4138143,13,3,DC_family,family,0.7629980808385337,105,84,0.8,0.815032523440651,0.052034442602117315
GSM4138131,13,4,Macrophage_family,family,0.826134433367845,103,84,0.8155339805825242,0.8278185330470681,0.0016840996792231167
GSM4138161,13,1,Monocyte_family,family,0.8933179358356652,100,87,0.87,0.8985041303742566,0.005186194538591371
GSM4138141,13,3,DC_family,family,0.8188426081377531,100,82,0.82,0.8619934556524887,0.043150847514735635
GSM4138164,13,1,Monocyte_family,family,0.9723886827775335,90,88,0.9777777777777777,0.9801412957445363,0.007752612967002803
GSM4138139,13,4,Macrophage_family,family,0.8251972689098394,88,88,1.0,0.8251972689098394,0.0
GSM4138126,13,2,Mono_CD16,specific,0.959853818083607,87,23,0.26436781609195403,1.0,0.040146181916392965
GSM4138139,13,8,Macrophage_family,family,0.7771115965647101,86,83,0.9651162790697675,0.7771042001756052,-7.396389104852297e-06
GSM4138125,13,1,Monocyte_family,family,0.9392396968895603,86,77,0.8953488372093024,0.9705920034819351,0.03135230659237476
GSM4138137,13,8,Macrophage_family,family,0.8205448945769171,84,84,1.0,0.8205448945769171,0.0
GSM4138115,13,3,DC_family,family,0.8219879025377599,83,73,0.8795180722891566,0.831069958907355,0.009082056369595137
GSM4138133,13,3,DC_family,family,0.8737755582034263,81,60,0.7407407407407407,0.8650869219838562,-0.008688636219570167
GSM4138143,13,1,Monocyte_family,family,0.87408426825541,78,55,0.7051282051282052,0.9268151834361955,0.05273091518078554
GSM4138111,13,3,DC_family,family,0.8052502457668066,77,56,0.7272727272727273,0.8328515197911698,0.027601274024363187
GSM4138120,13,2,Mono_CD16,specific,0.9172179113831989,76,24,0.3157894736842105,0.9596757142031672,0.04245780281996836
GSM4138129,13,1,Monocyte_family,family,0.9360462674376772,72,61,0.8472222222222222,0.9524591807766943,0.016412913339017177
GSM4138141,13,6,DC_pDC,specific,0.9165508686482305,72,72,1.0,0.9165508686482305,0.0
GSM4138131,13,3,DC_family,family,0.8638820798789619,71,51,0.7183098591549296,0.8655075755194304,0.0016254956404684329
GSM4138133,13,4,Macrophage_family,family,0.8187510221435998,70,66,0.9428571428571428,0.8208536210121572,0.0021025988685573482
GSM4138155,13,8,Macrophage_family,family,0.7461020515003864,70,70,1.0,0.7461020515003864,0.0
GSM4138163,13,2,Mono_CD16,specific,0.9425835669701786,67,23,0.34328358208955223,0.9838436758508947,0.04126010888071607
GSM4138131,13,1,Monocyte_family,family,0.938373115310089,67,60,0.8955223880597015,0.9385173174746007,0.00014420216451160872
GSM4138160,13,2,Mono_CD16,specific,0.9601998808485407,66,36,0.5454545454545454,0.9900033659049698,0.029803485056429158
GSM4138111,13,6,DC_pDC,specific,0.8970584604838131,64,64,1.0,0.8970584604838131,0.0
GSM4138150,13,2,Mono_CD16,specific,0.9242305572471121,64,35,0.546875,0.9785444665693842,0.05431390932227209
GSM4138131,13,10,DC_family,family,0.8698342079353883,63,62,0.9841269841269841,0.8697452076506282,-8.900028476011013e-05
GSM4138141,13,2,Mono_CD16,specific,0.9670839416862131,62,29,0.46774193548387094,0.9795622594124764,0.012478317726263288
GSM4138137,13,3,DC_family,family,0.8433253183338716,61,18,0.29508196721311475,0.9045291579820232,0.06120383964815157
GSM4138139,13,11,Mast,specific,0.966827109414383,59,59,1.0,0.966827109414383,0.0
GSM4138139,13,3,DC_family,family,0.8824738013289517,58,44,0.7586206896551724,0.91228871183261,0.029814910503658254
GSM4138117,13,4,Macrophage_family,family,0.8524544297806724,57,57,1.0,0.8524544297806724,0.0
GSM4138164,13,2,Mono_CD16,specific,0.9330072362559443,56,21,0.375,0.9829393430119403,0.04993210675599602
GSM4138113,13,1,Monocyte_family,family,0.9233613643979112,55,52,0.9454545454545454,0.9369746226440846,0.013613258246173432
GSM4138157,13,3,DC_family,family,0.7916267332641858,55,39,0.7090909090909091,0.8868953799477981,0.09526864668361235
GSM4138148,13,2,Mono_CD16,specific,0.9226793120388355,54,34,0.6296296296296297,0.9692635348384981,0.04658422279966268
GSM4138141,13,10,DC_family,family,0.8827440521678653,53,53,1.0,0.8827440521678653,0.0
GSM4138154,13,2,Mono_CD16,specific,0.9473208759634055,52,30,0.5769230769230769,0.951042806610867,0.0037219306474615133
GSM4138141,13,4,Macrophage_family,family,0.8932614228700199,51,47,0.9215686274509803,0.888701721531993,-0.004559701338026856
GSM4138155,13,6,DC_pDC,specific,0.9011069531084976,51,50,0.9803921568627451,0.9062361607604512,0.005129207651953571
GSM4138111,13,1,Monocyte_family,family,0.8835545445269479,50,38,0.76,0.8787653579481318,-0.004789186578816107
GSM4138123,13,6,DC_pDC,specific,0.9508575041839805,48,48,1.0,0.9508575041839805,0.0
GSM4138135,13,3,DC_family,family,0.8715458047716546,48,19,0.3958333333333333,0.9134610109205666,0.04191520614891209
GSM4138159,13,3,DC_family,family,0.8221683201176513,48,38,0.7916666666666666,0.8237717741498397,0.0016034540321884228
GSM4138111,13,2,Mono_CD16,specific,0.8863581359224489,47,28,0.5957446808510638,0.909342322893809,0.022984186971360065
GSM4138123,13,3,DC_family,family,0.7535894312770938,46,36,0.782608695652174,0.8063788391672674,0.05278940789017361
GSM4138143,13,6,DC_pDC,specific,0.9295762244202338,46,46,1.0,0.9295762244202338,0.0
GSM4138121,13,1,Monocyte_family,family,0.925261617228091,46,37,0.8043478260869565,0.9424111719802901,0.017149554752199148
GSM4138158,13,2,Mono_CD16,specific,0.9746002240330242,45,19,0.4222222222222222,0.9852479955603701,0.010647771527345973
GSM4138145,13,6,DC_pDC,specific,0.945258029964264,45,45,1.0,0.945258029964264,0.0
GSM4138143,13,2,Mono_CD16,specific,0.9549806369356806,44,13,0.29545454545454547,,
GSM4138119,13,1,Monocyte_family,family,0.8824380198829792,44,37,0.8409090909090909,0.9315536194769442,0.04911559959396494
GSM4138129,13,8,Macrophage_family,family,0.875590907808813,42,42,1.0,0.875590907808813,0.0
GSM4138143,13,10,DC_family,family,0.8539487688654224,42,42,1.0,0.8539487688654224,0.0
GSM4138145,13,2,Mono_CD16,specific,0.9802384907154091,41,12,0.2926829268292683,,
GSM4138131,13,2,Mono_CD16,specific,0.9485262396823262,39,5,0.1282051282051282,,
GSM4138159,13,1,Monocyte_family,family,0.9585261368230338,37,31,0.8378378378378378,0.9591096792814161,0.0005835424583823245
GSM4138135,13,8,Macrophage_family,family,0.8644888428593983,36,36,1.0,0.8644888428593983,0.0
GSM4138129,13,4,Macrophage_family,family,0.9046820636611801,35,35,1.0,0.9046820636611801,0.0
GSM4138125,13,4,Macrophage_family,family,0.9100997990594014,35,35,1.0,0.9100997990594014,0.0
GSM4138157,13,1,Monocyte_family,family,0.9450667062653103,33,21,0.6363636363636364,0.983457619209122,0.038390912943811695
GSM4138113,13,6,DC_pDC,specific,0.9360748270364975,33,33,1.0,0.9360748270364975,0.0
GSM4138139,13,2,Mono_CD16,specific,0.9731249033245186,32,10,0.3125,,
GSM4138143,13,11,Mast,specific,0.9748135904112316,31,31,1.0,0.9748135904112316,0.0
GSM4138133,13,1,Monocyte_family,family,0.959901103502346,31,12,0.3870967741935484,,
GSM4138147,13,6,DC_pDC,specific,0.935324749011505,31,31,1.0,0.935324749011505,0.0
GSM4138119,13,3,DC_family,family,0.7801946555881141,31,19,0.6129032258064516,0.9295676512830765,0.14937299569496243
GSM4138135,13,10,DC_family,family,0.9258735720252302,30,30,1.0,0.9258735720252302,0.0
GSM4138127,13,6,DC_pDC,specific,0.9419975452784044,29,27,0.9310344827586207,0.9538411986320278,0.011843653353623362
GSM4138113,13,3,DC_family,family,0.8761140116452608,28,28,1.0,0.8761140116452608,0.0
GSM4138111,13,11,Mast,specific,0.9050661191766445,28,28,1.0,0.9050661191766445,0.0
GSM4138155,13,4,Macrophage_family,family,0.9121517566245125,28,27,0.9642857142857143,0.9278292592384882,0.015677502613975713
GSM4138125,13,3,DC_family,family,0.9112837803921331,27,15,0.5555555555555556,0.9559473606852438,0.04466358029311068
GSM4138129,13,3,DC_family,family,0.9137371452011515,27,20,0.7407407407407407,0.9773750861544296,0.06363794095327813
GSM4138117,13,3,DC_family,family,0.9267430252279545,27,25,0.9259259259259259,0.9320020172135487,0.005258991985594208
GSM4138127,13,8,Macrophage_family,family,0.9559325492496658,26,25,0.9615384615384616,0.9554454749625706,-0.0004870742870951572
GSM4138123,13,1,Monocyte_family,family,0.9686837321028409,25,20,0.8,0.9659755258039705,-0.0027082062988703637
GSM4138144,13,3,DC_family,family,0.9686409766635881,25,25,1.0,0.9686409766635881,0.0
GSM4138129,13,6,DC_pDC,specific,0.9868286715955322,25,25,1.0,0.9868286715955322,0.0
GSM4138135,13,2,Mono_CD16,specific,0.9833249787811448,25,3,0.12,,
GSM4138112,13,6,DC_pDC,specific,0.9670409840078681,25,25,1.0,0.9670409840078681,0.0
GSM4138137,13,2,Mono_CD16,specific,0.9803397500347825,24,2,0.08333333333333333,,
GSM4138119,13,8,Macrophage_family,family,0.8753207951473829,24,24,1.0,0.8753207951473829,0.0
GSM4138153,13,3,DC_family,family,0.922645268527941,23,18,0.782608695652174,0.932579393213612,0.009934124685671009
GSM4138113,13,2,Mono_CD16,specific,0.9417161774850462,23,12,0.5217391304347826,,
GSM4138155,13,10,DC_family,family,0.9283079458378963,23,23,1.0,0.9283079458378963,0.0
GSM4138160,13,6,DC_pDC,specific,0.980833886723325,23,23,1.0,0.980833886723325,0.0
GSM4138162,13,3,DC_family,family,0.9884703085427223,22,22,1.0,0.9884703085427223,0.0
GSM4138139,13,6,DC_pDC,specific,0.9506174967437965,22,22,1.0,0.9506174967437965,0.0
GSM4138139,13,10,DC_family,family,0.9422756010989471,22,22,1.0,0.9422756010989471,0.0
GSM4138133,13,6,DC_pDC,specific,0.9780104357713506,21,21,1.0,0.9780104357713506,0.0
GSM4138120,13,3,DC_family,family,0.9675202675594767,21,21,1.0,0.9675202675594767,0.0
GSM4138116,13,2,Mono_CD16,specific,0.9842694746206083,21,15,0.7142857142857143,0.9836055443637416,-0.0006639302568667294
GSM4138121,13,3,DC_family,family,0.9265345689753285,21,15,0.7142857142857143,0.9479225766605021,0.02138800768517357
GSM4138123,13,10,DC_family,family,0.9565098966662946,21,20,0.9523809523809523,0.9560392840687579,-0.0004706125975366682
GSM4138135,13,11,Mast,specific,1.0,21,21,1.0,1.0,0.0
GSM4138128,13,6,DC_pDC,specific,0.9782659584116306,20,20,1.0,0.9782659584116306,0.0
GSM4138115,13,10,DC_family,family,0.9593305446031526,20,19,0.95,0.959043731436514,-0.0002868131666385887
GSM4138110,13,6,DC_pDC,specific,0.9697106021963595,20,20,1.0,0.9697106021963595,0.0
GSM4138122,13,6,DC_pDC,specific,0.9782659584116306,20,20,1.0,0.9782659584116306,0.0
GSM4138152,13,3,DC_family,family,0.9745412407235607,20,20,1.0,0.9745412407235607,0.0
GSM4138168,13,6,DC_pDC,specific,0.9457890908623999,20,20,1.0,0.9457890908623999,0.0
GSM4138135,13,6,DC_pDC,specific,0.9592348250153161,19,17,0.8947368421052632,0.9787886250594097,0.019553800044093572
GSM4138133,13,10,DC_family,family,0.880236894807487,19,19,1.0,0.880236894807487,0.0
GSM4138118,13,2,Mono_CD16,specific,0.989744282581234,19,6,0.3157894736842105,,
GSM4138115,13,6,DC_pDC,specific,0.9816087420119992,19,19,1.0,0.9816087420119992,0.0
GSM4138155,13,11,Mast,specific,0.9381206978557273,19,19,1.0,0.9381206978557273,0.0
GSM4138127,13,3,DC_family,family,0.9725300008517392,18,16,0.8888888888888888,1.0,0.02746999914826076
GSM4138131,13,11,Mast,specific,0.9764376533440459,18,18,1.0,0.9764376533440459,0.0
GSM4138145,13,10,DC_family,family,0.9782002683833607,18,18,1.0,0.9782002683833607,0.0
GSM4138171,13,3,DC_family,family,1.0,18,15,0.8333333333333334,1.0,0.0
GSM4138172,13,3,DC_family,family,0.9756177055008699,18,15,0.8333333333333334,0.9858294555488663,0.010211750047996349
GSM4138137,13,10,DC_family,family,0.9504246980059807,17,16,0.9411764705882353,0.948549955779736,-0.00187474222624473
GSM4138162,13,6,DC_pDC,specific,0.9897606953288196,17,17,1.0,0.9897606953288196,0.0
GSM4138154,13,3,DC_family,family,0.9579609715788284,17,17,1.0,0.9579609715788284,0.0
GSM4138130,13,6,DC_pDC,specific,0.9928521640048311,17,17,1.0,0.9928521640048311,0.0
GSM4138121,13,6,DC_pDC,specific,0.975345479450801,16,12,0.75,,
GSM4138157,13,6,DC_pDC,specific,0.978093154163344,16,16,1.0,0.978093154163344,0.0
GSM4138163,13,6,DC_pDC,specific,0.9941087355013785,16,16,1.0,0.9941087355013785,0.0
GSM4138133,13,2,Mono_CD16,specific,1.0,15,1,0.06666666666666667,,
GSM4138159,13,4,Macrophage_family,family,0.9724161174370887,15,15,1.0,0.9724161174370887,0.0
GSM4138129,13,2,Mono_CD16,specific,0.9857831999683292,15,3,0.2,,
GSM4138147,13,3,DC_family,family,0.9840307386621786,15,13,0.8666666666666667,,
GSM4138155,13,2,Mono_CD16,specific,1.0,15,6,0.4,,
GSM4138161,13,2,Mono_CD16,specific,0.9778744371708029,15,9,0.6,,
GSM4138148,13,3,DC_family,family,0.9935131467076675,15,15,1.0,0.9935131467076675,0.0
GSM4138117,13,11,Mast,specific,0.9848958966969695,15,15,1.0,0.9848958966969695,0.0
GSM4138117,13,2,Mono_CD16,specific,0.9877302514675109,15,5,0.3333333333333333,,
GSM4138151,13,6,DC_pDC,specific,0.9806392337550041,15,15,1.0,0.9806392337550041,0.0
GSM4138134,14,1,Monocyte_family,family,0.9816698710916228,807,801,0.9925650557620818,0.9868380555153741,0.005168184423751221
GSM4138116,14,1,Monocyte_family,family,0.9471869857456008,679,678,0.9985272459499264,0.951475086942957,0.004288101197356231
GSM4138126,14,1,Monocyte_family,family,0.9717670567844249,664,654,0.9849397590361446,0.9800386758175089,0.008271619033084043
GSM4138156,14,1,Monocyte_family,family,0.9534152590747456,654,626,0.9571865443425076,0.9657976779994351,0.012382418924689498
GSM4138120,14,1,Monocyte_family,family,0.898753974517315,511,490,0.958904109589041,0.9151799252438134,0.01642595072649844
GSM4138142,14,1,Monocyte_family,family,0.9540561807656042,479,465,0.9707724425887265,0.960454152374222,0.006397971608617881
GSM4138110,14,1,Monocyte_family,family,0.9638236131614044,460,457,0.9934782608695653,0.9665736922576369,0.002750079096232483
GSM4138140,14,1,Monocyte_family,family,0.9653630651693114,453,442,0.9757174392935982,0.9827579662990483,0.01739490112973696
GSM4138132,14,1,Monocyte_family,family,0.9730765167698968,417,412,0.988009592326139,0.9846347307364515,0.011558213966554653
GSM4138160,14,1,Monocyte_family,family,0.9392416750870133,412,398,0.9660194174757282,0.9661973521019568,0.026955677014943502
GSM4138134,14,2,Mono_CD16,specific,0.9556938005372968,404,132,0.32673267326732675,0.9695591587489021,0.013865358211605283
GSM4138123,14,4,Macrophage_family,family,0.7477604622447382,398,397,0.9974874371859297,0.7481478083846865,0.0003873461399482858
GSM4138136,14,1,Monocyte_family,family,0.9600140520647057,384,371,0.9661458333333334,0.974674985195853,0.014660933131147358
GSM4138138,14,1,Monocyte_family,family,0.9745039307016317,371,364,0.9811320754716981,0.9831921982012075,0.008688267499575852
GSM4138125,14,8,Macrophage_family,family,0.758037993846357,338,337,0.9970414201183432,0.7575777226342475,-0.0004602712121094532
GSM4138163,14,1,Monocyte_family,family,0.9571660852429915,337,330,0.9792284866468842,0.9624483116517839,0.00528222640879239
GSM4138128,14,2,Mono_CD16,specific,0.910869626641033,326,139,0.4263803680981595,0.9776116977859656,0.06674207114493258
GSM4138122,14,2,Mono_CD16,specific,0.910869626641033,326,139,0.4263803680981595,0.9776116977859656,0.06674207114493258
GSM4138135,14,4,Macrophage_family,family,0.7701670404649485,307,304,0.990228013029316,0.7760596536567769,0.005892613191828322
GSM4138162,14,1,Monocyte_family,family,0.9788356794841855,303,294,0.9702970297029703,0.9699807658435421,-0.008854913640643391
GSM4138130,14,1,Monocyte_family,family,0.9556193347590658,297,286,0.9629629629629629,0.9814636588137533,0.025844324054687506
GSM4138152,14,1,Monocyte_family,family,0.9419831871496142,294,281,0.95578231292517,0.9530237860769682,0.011040598927354095
GSM4138146,14,2,Mono_CD16,specific,0.9291080026310379,290,200,0.6896551724137931,0.9622686828921565,0.033160680261118625
GSM4138154,14,1,Monocyte_family,family,0.9049546515737832,289,269,0.9307958477508651,0.9463368326881778,0.04138218111439462
GSM4138130,14,2,Mono_CD16,specific,0.9376730035588059,283,116,0.4098939929328622,0.9812775037239836,0.043604500165177695
GSM4138165,14,1,Monocyte_family,family,0.9504422910963601,268,257,0.9589552238805971,0.9802228306394676,0.029780539543107443
GSM4138118,14,1,Monocyte_family,family,0.9234079626022533,259,251,0.9691119691119691,0.9315344487095446,0.008126486107291275
GSM4138156,14,2,Mono_CD16,specific,0.9312956430860473,250,150,0.6,0.9674540600296433,0.036158416943596006
GSM4138166,14,1,Monocyte_family,family,0.9612724454077195,247,236,0.9554655870445344,0.9808316484155827,0.01955920300786318
GSM4138136,14,2,Mono_CD16,specific,0.9248283996185833,245,110,0.4489795918367347,0.978914746972955,0.05408634735437168
GSM4138140,14,2,Mono_CD16,specific,0.9402902213470635,235,77,0.3276595744680851,0.9699730019986887,0.029682780651625218
GSM4138114,14,1,Monocyte_family,family,0.9497760389103287,232,218,0.9396551724137931,0.984044049078469,0.034268010168140295
GSM4138124,14,1,Monocyte_family,family,0.981814078347176,230,230,1.0,0.981814078347176,0.0
GSM4138137,14,4,Macrophage_family,family,0.8253570409872053,224,223,0.9955357142857143,0.8262861244711086,0.0009290834839033035
GSM4138158,14,1,Monocyte_family,family,0.9634719548477954,218,210,0.963302752293578,0.975597513475783,0.012125558627987698
GSM4138132,14,2,Mono_CD16,specific,0.9495921024757323,217,58,0.2672811059907834,0.9814133723188372,0.03182126984310485
GSM4138167,14,1,Monocyte_family,family,0.9708891768906727,210,205,0.9761904761904762,0.9851549756939636,0.01426579880329093
GSM4138166,14,2,Mono_CD16,specific,0.9189527776117754,206,117,0.5679611650485437,0.9621941145544404,0.043241336942664965
GSM4138128,14,1,Monocyte_family,family,0.9750620289840459,205,192,0.9365853658536586,0.9928395417734183,0.01777751278937234
GSM4138122,14,1,Monocyte_family,family,0.9750620289840459,205,192,0.9365853658536586,0.9928395417734183,0.01777751278937234
GSM4138142,14,2,Mono_CD16,specific,0.9389222093654435,204,108,0.5294117647058824,0.9665257719433304,0.027603562577886986
GSM4138141,14,1,Monocyte_family,family,0.9227590590572979,203,190,0.9359605911330049,0.9320227231726277,0.00926366411532975
GSM4138138,14,2,Mono_CD16,specific,0.9512848380796197,200,112,0.56,0.9668810029523296,0.015596164872709872
GSM4138112,14,1,Monocyte_family,family,0.9560656042919441,185,177,0.9567567567567568,0.9902895971005428,0.03422399280859867
GSM4138145,14,1,Monocyte_family,family,0.8524061454351264,181,137,0.7569060773480663,0.9214686648512053,0.06906251941607888
GSM4138145,14,3,DC_family,family,0.7635287790397172,167,162,0.9700598802395209,0.7726167677569639,0.009087988717246698
GSM4138112,14,2,Mono_CD16,specific,0.9199645630310206,163,95,0.5828220858895705,0.9618001923997429,0.041835629368722316
GSM4138155,14,3,DC_family,family,0.7209680474448036,162,144,0.8888888888888888,0.7329747726730743,0.012006725228270732
GSM4138110,14,2,Mono_CD16,specific,0.9222028464616959,161,78,0.484472049689441,0.97761328954427,0.055410443082574035
GSM4138162,14,2,Mono_CD16,specific,0.9080476821919715,161,63,0.391304347826087,0.9689990847188696,0.060951402526898124
GSM4138165,14,2,Mono_CD16,specific,0.929626038168877,160,93,0.58125,0.9446544771791544,0.015028439010277395
GSM4138144,14,1,Monocyte_family,family,0.9428714601487435,160,141,0.88125,0.9678115279550785,0.024940067806335064
GSM4138146,14,1,Monocyte_family,family,0.9472615859273164,160,151,0.94375,0.9682928184325297,0.021031232505213326
GSM4138155,14,1,Monocyte_family,family,0.8385972494118595,159,142,0.8930817610062893,0.854741920655342,0.01614467124348251
GSM4138152,14,2,Mono_CD16,specific,0.900026171867411,152,89,0.5855263157894737,0.9413199538988823,0.04129378203147138
GSM4138150,14,1,Monocyte_family,family,0.9475348639877884,122,117,0.9590163934426229,0.9757834966949508,0.02824863270716238
GSM4138127,14,1,Monocyte_family,family,0.9159726892982546,121,106,0.8760330578512396,0.9466243966851369,0.030651707386882276
GSM4138117,14,1,Monocyte_family,family,0.8507830429510881,121,86,0.7107438016528925,0.9165776275781125,0.06579458462702437
GSM4138167,14,2,Mono_CD16,specific,0.8952626691010649,117,29,0.24786324786324787,0.9625303423920475,0.0672676732909826
GSM4138139,14,1,Monocyte_family,family,0.8981819896725256,114,75,0.6578947368421053,0.9314247789487098,0.03324278927618418
GSM4138144,14,2,Mono_CD16,specific,0.9271743188607213,113,64,0.5663716814159292,0.9749122264211482,0.04773790756042684
GSM4138131,14,7,DC_pDC,specific,0.9051170331450963,111,106,0.954954954954955,0.9185940501920142,0.01347701704691795
GSM4138161,14,7,DC_pDC,specific,0.8612630074632638,109,106,0.9724770642201835,0.8573154205164121,-0.003947586946851711
GSM4138148,14,1,Monocyte_family,family,0.9539217854207942,106,99,0.9339622641509434,0.9844709936216276,0.0305492082008334
GSM4138124,14,2,Mono_CD16,specific,0.9216741215331427,105,48,0.45714285714285713,0.969665210227224,0.04799108869408131
GSM4138114,14,2,Mono_CD16,specific,0.9027054335056078,104,60,0.5769230769230769,0.9638175783207804,0.061112144815172575
GSM4138131,14,4,Macrophage_family,family,0.813138720041254,104,84,0.8076923076923077,0.8275659763192315,0.014427256277977474
GSM4138135,14,1,Monocyte_family,family,0.9298112714421184,100,51,0.51,0.9758762647258418,0.04606499328372338
GSM4138137,14,1,Monocyte_family,family,0.9196742383499855,99,46,0.46464646464646464,0.9790699842561382,0.05939574590615271
GSM4138161,14,1,Monocyte_family,family,0.8921396298939573,97,82,0.845360824742268,0.9217380770684996,0.029598447174542297
GSM4138126,14,2,Mono_CD16,specific,0.9570132107852802,93,23,0.24731182795698925,1.0,0.04298678921471977
GSM4138164,14,1,Monocyte_family,family,0.9723886827775335,90,88,0.9777777777777777,0.9801412957445363,0.007752612967002803
GSM4138139,14,8,Macrophage_family,family,0.7787151609609306,88,84,0.9545454545454546,0.7779908876816587,-0.0007242732792719364
GSM4138143,14,3,DC_family,family,0.8056811000887172,88,75,0.8522727272727273,0.8408273871350773,0.035146287046360136
GSM4138139,14,4,Macrophage_family,family,0.8297581952519237,88,88,1.0,0.8297581952519237,0.0
GSM4138161,14,3,DC_family,family,0.7913312655994775,86,80,0.9302325581395349,0.7911587566654381,-0.00017250893403941703
GSM4138125,14,1,Monocyte_family,family,0.9389853734104961,84,77,0.9166666666666666,0.9705920034819351,0.031606630071438935
GSM4138155,14,8,Macrophage_family,family,0.7521556817144357,79,78,0.9873417721518988,0.7516745330469726,-0.0004811486674630716
GSM4138137,14,8,Macrophage_family,family,0.823589415458139,77,77,1.0,0.823589415458139,0.0
GSM4138120,14,2,Mono_CD16,specific,0.9133193309747935,77,24,0.3116883116883117,0.9596757142031672,0.046356383228373765
GSM4138141,14,3,DC_family,family,0.8673360344875756,77,74,0.961038961038961,0.8696073311573764,0.0022712966698008596
GSM4138143,14,1,Monocyte_family,family,0.8701859384621052,76,52,0.6842105263157895,0.9289270262765763,0.05874108781447107
GSM4138163,14,2,Mono_CD16,specific,0.936383200385349,74,23,0.3108108108108108,0.9838436758508947,0.04746047546554577
GSM4138133,14,4,Macrophage_family,family,0.8157382545436402,74,71,0.9594594594594594,0.8212639465946143,0.005525692050974085
GSM4138141,14,7,DC_pDC,specific,0.9202560349379756,72,71,0.9861111111111112,0.9214094894610956,0.00115345452311999
GSM4138129,14,1,Monocyte_family,family,0.9348334789650168,71,60,0.8450704225352113,0.9521964854237582,0.017363006458741448
GSM4138115,14,3,DC_family,family,0.8492430013544527,70,66,0.9428571428571428,0.8567008251781206,0.007457823823667886
GSM4138141,14,2,Mono_CD16,specific,0.9454562480011155,69,29,0.42028985507246375,0.9795622594124764,0.03410601141136094
GSM4138160,14,2,Mono_CD16,specific,0.9590178389818665,66,36,0.5454545454545454,0.9900033659049698,0.0309855269231033
GSM4138133,14,3,DC_family,family,0.8657808830476652,66,54,0.8181818181818182,0.8659360034574319,0.00015512040976672914
GSM4138150,14,2,Mono_CD16,specific,0.9259902201515161,66,35,0.5303030303030303,0.9785444665693842,0.0525542464178681
GSM4138111,14,7,DC_pDC,specific,0.8960059329860938,65,64,0.9846153846153847,0.8970584604838131,0.0010525274977193355
GSM4138131,14,11,DC_family,family,0.8745625765318665,62,61,0.9838709677419355,0.8701735472078471,-0.004389029324019411
GSM4138131,14,1,Monocyte_family,family,0.9445610815803952,60,53,0.8833333333333333,0.944756620116995,0.00019553853659981524
GSM4138139,14,12,Mast,specific,0.966827109414383,59,59,1.0,0.966827109414383,0.0
GSM4138148,14,2,Mono_CD16,specific,0.9143177973338644,57,34,0.5964912280701754,0.9692635348384981,0.05494573750463372
GSM4138164,14,2,Mono_CD16,specific,0.936552979153023,56,21,0.375,0.9829393430119403,0.04638636385891726
GSM4138141,14,4,Macrophage_family,family,0.8910076218252874,55,51,0.9272727272727272,0.8946802049335478,0.003672583108260463
GSM4138111,14,3,DC_family,family,0.833659577353786,54,51,0.9444444444444444,0.830563973406319,-0.003095603947466996
GSM4138117,14,4,Macrophage_family,family,0.8436281837511679,54,54,1.0,0.8436281837511679,0.0
GSM4138141,14,11,DC_family,family,0.872610460662363,52,52,1.0,0.872610460662363,0.0
GSM4138154,14,2,Mono_CD16,specific,0.9473208759634055,52,30,0.5769230769230769,0.951042806610867,0.0037219306474615133
GSM4138155,14,7,DC_pDC,specific,0.9001000132765705,52,50,0.9615384615384616,0.9062361607604512,0.006136147483880694
GSM4138111,14,1,Monocyte_family,family,0.8790383290658708,51,37,0.7254901960784313,0.8780630068456197,-0.0009753222202510958
GSM4138139,14,3,DC_family,family,0.8938171074898207,50,43,0.86,0.9101763229533382,0.016359215463517485
GSM4138123,14,7,DC_pDC,specific,0.9416198516182993,49,48,0.9795918367346939,0.9508575041839805,0.00923765256568121
GSM4138157,14,3,DC_family,family,0.7936400908507981,49,38,0.7755102040816326,0.8875624968935898,0.09392240604279167
GSM4138113,14,1,Monocyte_family,family,0.9345598312228698,48,47,0.9791666666666666,0.9390794892175469,0.004519657994677129
GSM4138111,14,2,Mono_CD16,specific,0.87507637671568,47,28,0.5957446808510638,0.909342322893809,0.03426594617812906
GSM4138145,14,2,Mono_CD16,specific,0.9806039766108234,47,12,0.2553191489361702,,
GSM4138143,14,2,Mono_CD16,specific,0.9645239694188512,46,13,0.2826086956521739,,
GSM4138143,14,7,DC_pDC,specific,0.9295762244202338,46,46,1.0,0.9295762244202338,0.0
GSM4138158,14,2,Mono_CD16,specific,0.9733626153768707,46,19,0.41304347826086957,0.9852479955603701,0.011885380183499383
GSM4138121,14,1,Monocyte_family,family,0.912769380604889,46,36,0.782608695652174,0.9415532918329454,0.028783911228056458
GSM4138145,14,7,DC_pDC,specific,0.945258029964264,45,45,1.0,0.945258029964264,0.0
GSM4138159,14,3,DC_family,family,0.8265876274154917,44,38,0.8636363636363636,0.8237717741498397,-0.002815853265652035
GSM4138129,14,8,Macrophage_family,family,0.8670031054204015,44,44,1.0,0.8670031054204015,0.0
GSM4138131,14,3,DC_family,family,0.8717672535665236,44,42,0.9545454545454546,0.8708148110895336,-0.0009524424769900008
GSM4138143,14,11,DC_family,family,0.8539487688654224,42,42,1.0,0.8539487688654224,0.0
GSM4138131,14,2,Mono_CD16,specific,0.9360807495414614,40,5,0.125,,
GSM4138135,14,8,Macrophage_family,family,0.8633195692055775,37,37,1.0,0.8633195692055775,0.0
GSM4138123,14,3,DC_family,family,0.8408268867179173,37,33,0.8918918918918919,0.817189482812812,-0.02363740390510527
GSM4138129,14,4,Macrophage_family,family,0.9054288174617068,36,36,1.0,0.9054288174617068,0.0
GSM4138139,14,2,Mono_CD16,specific,0.9657911860919774,35,10,0.2857142857142857,,
GSM4138125,14,4,Macrophage_family,family,0.9056548237871547,34,34,1.0,0.9056548237871547,0.0
GSM4138159,14,1,Monocyte_family,family,0.9573735732866906,33,28,0.8484848484848485,0.9671692208373415,0.009795647550650877
GSM4138113,14,7,DC_pDC,specific,0.9360748270364975,33,33,1.0,0.9360748270364975,0.0
GSM4138135,14,2,Mono_CD16,specific,0.9733785119084669,31,3,0.0967741935483871,,
GSM4138147,14,7,DC_pDC,specific,0.935324749011505,31,31,1.0,0.935324749011505,0.0
GSM4138143,14,12,Mast,specific,0.9748135904112316,31,31,1.0,0.9748135904112316,0.0
GSM4138133,14,1,Monocyte_family,family,0.9603264227274887,30,12,0.4,,
GSM4138135,14,11,DC_family,family,0.963303857441162,29,29,1.0,0.963303857441162,0.0
GSM4138111,14,12,Mast,specific,0.876493661763317,29,28,0.9655172413793104,0.9050661191766445,0.02857245741332748
GSM4138127,14,7,DC_pDC,specific,0.9560784239578238,28,27,0.9642857142857143,0.9538411986320278,-0.002237225325796066
GSM4138155,14,4,Macrophage_family,family,0.9134275492763823,28,27,0.9642857142857143,0.929048957646752,0.015621408370369738
GSM4138113,14,2,Mono_CD16,specific,0.9369498930845237,27,12,0.4444444444444444,,
GSM4138127,14,8,Macrophage_family,family,0.9569119655891356,27,26,0.9629629629629629,0.9578774445844132,0.0009654789952775467
GSM4138135,14,3,DC_family,family,0.8668342718766336,27,18,0.6666666666666666,0.9133344786389141,0.046500206762280505
GSM4138157,14,1,Monocyte_family,family,0.9754184021971838,26,20,0.7692307692307693,0.9840334619762012,0.008615059779017442
GSM4138118,14,2,Mono_CD16,specific,0.9700303841000276,26,6,0.23076923076923078,,
GSM4138113,14,3,DC_family,family,0.8869800552537673,25,25,1.0,0.8869800552537673,0.0
GSM4138155,14,11,DC_family,family,0.9292796927170469,25,25,1.0,0.9292796927170469,0.0
GSM4138129,14,7,DC_pDC,specific,0.9868286715955322,25,25,1.0,0.9868286715955322,0.0
GSM4138112,14,7,DC_pDC,specific,0.9670409840078681,25,25,1.0,0.9670409840078681,0.0
GSM4138137,14,3,DC_family,family,0.938744386136142,25,17,0.68,0.9190058279471073,-0.019738558189034694
GSM4138119,14,1,Monocyte_family,family,0.95955388038283,24,24,1.0,0.95955388038283,0.0
GSM4138137,14,2,Mono_CD16,specific,0.9804397800897445,24,2,0.08333333333333333,,
GSM4138144,14,3,DC_family,family,0.9774820464942098,24,24,1.0,0.9774820464942098,0.0
GSM4138119,14,8,Macrophage_family,family,0.8884593019923989,24,24,1.0,0.8884593019923989,0.0
GSM4138117,14,3,DC_family,family,0.9349126503210535,23,21,0.9130434782608695,0.9314008848482277,-0.003511765472825834
GSM4138123,14,1,Monocyte_family,family,0.9668302978472736,23,20,0.8695652173913043,0.9659755258039705,-0.000854772043303087
GSM4138160,14,7,DC_pDC,specific,0.980833886723325,23,23,1.0,0.980833886723325,0.0
GSM4138123,14,11,DC_family,family,0.9587945902226078,22,21,0.9545454545454546,0.9586816918285223,-0.0001128983940855699
GSM4138133,14,7,DC_pDC,specific,0.9840886463775538,22,21,0.9545454545454546,0.9780104357713506,-0.0060782106062031716
GSM4138139,14,11,DC_family,family,0.9422756010989471,22,22,1.0,0.9422756010989471,0.0
GSM4138139,14,7,DC_pDC,specific,0.9506174967437965,22,22,1.0,0.9506174967437965,0.0
GSM4138116,14,2,Mono_CD16,specific,0.9773247650154988,22,15,0.6818181818181818,0.9836055443637416,0.006280779348242782
GSM4138125,14,3,DC_family,family,0.9015747384651572,21,16,0.7619047619047619,0.9577252028504422,0.056150464385284926
GSM4138162,14,3,DC_family,family,0.9885592591984004,21,21,1.0,0.9885592591984004,0.0
GSM4138135,14,12,Mast,specific,1.0,21,21,1.0,1.0,0.0
GSM4138168,14,7,DC_pDC,specific,0.9457890908623999,20,20,1.0,0.9457890908623999,0.0
GSM4138122,14,7,DC_pDC,specific,0.9782659584116306,20,20,1.0,0.9782659584116306,0.0
GSM4138115,14,11,DC_family,family,0.9593305446031526,20,19,0.95,0.959043731436514,-0.0002868131666385887
GSM4138120,14,3,DC_family,family,0.9610025843212462,20,20,1.0,0.9610025843212462,0.0
GSM4138129,14,3,DC_family,family,0.9140524786524464,20,17,0.85,0.9637549399006011,0.049702461248154695
GSM4138128,14,7,DC_pDC,specific,0.9782659584116306,20,20,1.0,0.9782659584116306,0.0
GSM4138155,14,12,Mast,specific,0.9252378509283148,20,19,0.95,0.9381206978557273,0.012882846927412483
GSM4138110,14,7,DC_pDC,specific,0.9697106021963595,20,20,1.0,0.9697106021963595,0.0
GSM4138135,14,7,DC_pDC,specific,0.9592348250153161,19,17,0.8947368421052632,0.9787886250594097,0.019553800044093572
GSM4138145,14,11,DC_family,family,0.9536282277938718,19,19,1.0,0.9536282277938718,0.0
GSM4138115,14,7,DC_pDC,specific,0.9816087420119992,19,19,1.0,0.9816087420119992,0.0
GSM4138117,14,2,Mono_CD16,specific,0.9608984320562703,19,5,0.2631578947368421,,
GSM4138133,14,11,DC_family,family,0.880236894807487,19,19,1.0,0.880236894807487,0.0
GSM4138153,14,3,DC_family,family,0.9459674588534742,18,17,0.9444444444444444,0.9451879152687261,-0.0007795435847480769
GSM4138131,14,12,Mast,specific,0.9764376533440459,18,18,1.0,0.9764376533440459,0.0
GSM4138133,14,2,Mono_CD16,specific,0.9821268843146931,18,1,0.05555555555555555,,
GSM4138129,14,2,Mono_CD16,specific,0.989372546058987,18,3,0.16666666666666666,,
GSM4138154,14,3,DC_family,family,0.9579609715788284,17,17,1.0,0.9579609715788284,0.0
GSM4138162,14,7,DC_pDC,specific,0.9897606953288196,17,17,1.0,0.9897606953288196,0.0
GSM4138161,14,2,Mono_CD16,specific,1.0,17,9,0.5294117647058824,,
GSM4138130,14,7,DC_pDC,specific,0.9928521640048311,17,17,1.0,0.9928521640048311,0.0
GSM4138127,14,3,DC_family,family,1.0,16,16,1.0,1.0,0.0
GSM4138171,14,3,DC_family,family,1.0,16,15,0.9375,1.0,0.0
GSM4138155,14,2,Mono_CD16,specific,0.962374094291284,16,6,0.375,,
GSM4138115,14,2,Mono_CD16,specific,0.9830586679183673,16,0,0.0,,
GSM4138143,14,4,Macrophage_family,family,0.965490188441538,16,16,1.0,0.965490188441538,0.0
GSM4138152,14,3,DC_family,family,0.9836064257281303,16,16,1.0,0.9836064257281303,0.0
GSM4138163,14,7,DC_pDC,specific,0.9941087355013785,16,16,1.0,0.9941087355013785,0.0
GSM4138159,14,4,Macrophage_family,family,0.9830117533599081,16,16,1.0,0.9830117533599081,0.0
GSM4138137,14,11,DC_family,family,0.948549955779736,16,16,1.0,0.948549955779736,0.0
GSM4138157,14,7,DC_pDC,specific,0.978093154163344,16,16,1.0,0.978093154163344,0.0
GSM4138117,14,12,Mast,specific,0.9848958966969695,15,15,1.0,0.9848958966969695,0.0
GSM4138172,14,3,DC_family,family,0.9858294555488663,15,15,1.0,0.9858294555488663,0.0
GSM4138151,14,7,DC_pDC,specific,0.9806392337550041,15,15,1.0,0.9806392337550041,0.0
GSM4138157,14,2,Mono_CD16,specific,0.9757348775192252,15,4,0.26666666666666666,,
GSM4138156,14,3,DC_family,family,0.9878728504470986,15,15,1.0,0.9878728504470986,0.0
GSM4138145,14,4,Macrophage_family,family,0.9659682215407983,15,15,1.0,0.9659682215407983,0.0
GSM4138134,15,1,Mono_CD14_ID1,specific,0.971596393319434,930,1,0.001075268817204301,,
GSM4138126,15,1,Mono_CD14_ID1,specific,0.960074410674276,703,9,0.012802275960170697,,
GSM4138156,15,1,Mono_CD14_ID1,specific,0.9169004307674347,690,9,0.013043478260869565,,
GSM4138116,15,1,Mono_CD14_ID1,specific,0.9468411547060601,682,0,0.0,,
GSM4138120,15,1,Mono_CD14_ID1,specific,0.859593754998591,557,463,0.8312387791741472,0.9148791936756725,0.055285438677081467
GSM4138140,15,1,Mono_CD14_ID1,specific,0.9343486250429023,532,2,0.0037593984962406013,,
GSM4138142,15,1,Mono_CD14_ID1,specific,0.9235668100381479,529,37,0.06994328922495274,0.9672045977511199,0.043637787712972
GSM4138110,15,1,Mono_CD14_ID1,specific,0.937253789097756,497,12,0.02414486921529175,,
GSM4138132,15,1,Mono_CD14_ID1,specific,0.9471390891460632,491,1,0.002036659877800407,,
GSM4138160,15,1,Mono_CD14_ID1,specific,0.9250421804664585,431,0,0.0,,
GSM4138136,15,1,Mono_CD14_ID1,specific,0.9240877869462186,429,13,0.030303030303030304,,
GSM4138138,15,1,Mono_CD14_ID1,specific,0.9356599389842949,406,2,0.0049261083743842365,,
GSM4138163,15,1,Mono_CD14_ID1,specific,0.9120885577001978,378,11,0.0291005291005291,,
GSM4138162,15,1,Mono_CD14_ID1,specific,0.9100727386934757,373,7,0.01876675603217158,,
GSM4138130,15,1,Mono_CD14_ID1,specific,0.9343028615071401,344,1,0.0029069767441860465,,
GSM4138152,15,1,Mono_CD14_ID1,specific,0.8741767273904651,338,142,0.42011834319526625,0.9520007247267991,0.07782399733633394
GSM4138154,15,1,Mono_CD14_ID1,specific,0.8609049881694982,310,148,0.4774193548387097,0.9472356464717909,0.0863306583022927
GSM4138122,15,1,Mono_CD14_ID1,specific,0.8866734913953728,305,0,0.0,,
GSM4138128,15,1,Mono_CD14_ID1,specific,0.8866734913953728,305,0,0.0,,
GSM4138166,15,1,Mono_CD14_ID1,specific,0.9002122607952161,299,10,0.033444816053511704,,
GSM4138165,15,1,Mono_CD14_ID1,specific,0.9353646750205756,294,0,0.0,,
GSM4138145,15,1,Mono_CD14_ID1,specific,0.7814708349624531,285,8,0.028070175438596492,,
GSM4138134,15,2,Mono_CD16,specific,0.9742918492230648,284,132,0.4647887323943662,0.9695591587489021,-0.004732690474162693
GSM4138118,15,1,Mono_CD14_ID1,specific,0.8926136238708576,281,170,0.604982206405694,0.9335570118094065,0.0409433879385489
GSM4138114,15,1,Mono_CD14_ID1,specific,0.8859099327449536,269,2,0.007434944237918215,,
GSM4138146,15,2,Mono_CD16,specific,0.9300137264344561,269,200,0.7434944237918215,0.9622686828921565,0.03225495645770038
GSM4138167,15,1,Mono_CD14_ID1,specific,0.9094057514345204,260,1,0.0038461538461538464,,
GSM4138124,15,1,Mono_CD14_ID1,specific,0.9563126533346389,259,0,0.0,,
GSM4138141,15,1,Mono_CD14_ID1,specific,0.8601447969230982,259,2,0.007722007722007722,,
GSM4138125,15,1,Mono_CD14_ID1,specific,0.7343837073361017,257,2,0.007782101167315175,,
GSM4138155,15,1,Mono_CD14_ID1,specific,0.7224381299526448,240,5,0.020833333333333332,,
GSM4138158,15,1,Mono_CD14_ID1,specific,0.9282848569555707,240,8,0.03333333333333333,,
GSM4138130,15,2,Mono_CD16,specific,0.9514992106405769,240,116,0.48333333333333334,0.9812775037239836,0.029778293083406737
GSM4138122,15,2,Mono_CD16,specific,0.92772269167377,239,139,0.5815899581589958,0.9776116977859656,0.0498890061121956
GSM4138128,15,2,Mono_CD16,specific,0.92772269167377,239,139,0.5815899581589958,0.9776116977859656,0.0498890061121956
GSM4138156,15,2,Mono_CD16,specific,0.9385290038592842,230,150,0.6521739130434783,0.9674540600296433,0.02892505617035912
GSM4138112,15,1,Mono_CD14_ID1,specific,0.9053774449654513,213,0,0.0,,
GSM4138136,15,2,Mono_CD16,specific,0.9163669519100469,212,109,0.5141509433962265,0.9788246192598349,0.06245766734978797
GSM4138139,15,1,Mono_CD14_ID1,specific,0.7544859225202218,208,2,0.009615384615384616,,
GSM4138137,15,7,Macrophage_family,family,0.7958841553753793,208,203,0.9759615384615384,0.7948931610502193,-0.0009909943251599218
GSM4138144,15,1,Mono_CD14_ID1,specific,0.853913734927467,199,13,0.06532663316582915,,
GSM4138146,15,1,Mono_CD14_ID1,specific,0.8867169813558312,191,1,0.005235602094240838,,
GSM4138137,15,1,Mono_CD14_ID1,specific,0.8416275477438697,185,4,0.021621621621621623,,
GSM4138117,15,1,Mono_CD14_ID1,specific,0.7339134326136113,184,1,0.005434782608695652,,
GSM4138127,15,1,Mono_CD14_ID1,specific,0.839840501824779,179,13,0.07262569832402235,,
GSM4138123,15,7,Macrophage_family,family,0.7112088626681294,174,174,1.0,0.7112088626681294,0.0
GSM4138138,15,2,Mono_CD16,specific,0.9257106891839132,170,112,0.6588235294117647,0.9668810029523296,0.0411703137684164
GSM4138140,15,2,Mono_CD16,specific,0.9230147268866351,169,77,0.4556213017751479,0.9699730019986887,0.04695827511205364
GSM4138166,15,2,Mono_CD16,specific,0.9208146694753635,169,117,0.6923076923076923,0.9621941145544404,0.04137944507907687
GSM4138135,15,1,Mono_CD14_ID1,specific,0.8647437832770726,161,3,0.018633540372670808,,
GSM4138161,15,1,Mono_CD14_ID1,specific,0.7944452084965428,160,6,0.0375,,
GSM4138142,15,2,Mono_CD16,specific,0.9527215692675619,160,108,0.675,0.9665257719433304,0.01380420267576854
GSM4138143,15,1,Mono_CD14_ID1,specific,0.7081118396801025,156,2,0.01282051282051282,,
GSM4138132,15,2,Mono_CD16,specific,0.9534792369128582,151,58,0.3841059602649007,0.9814133723188372,0.027934135405979
GSM4138165,15,2,Mono_CD16,specific,0.8900637008697604,143,93,0.6503496503496503,0.9446544771791544,0.05459077630939402
GSM4138112,15,2,Mono_CD16,specific,0.9174183963292616,141,95,0.6737588652482269,0.9618001923997429,0.044381796070481316
GSM4138150,15,1,Mono_CD14_ID1,specific,0.9311054897028854,140,8,0.05714285714285714,,
GSM4138135,15,7,Macrophage_family,family,0.7844857509071267,132,131,0.9924242424242424,0.7841000080817141,-0.00038574282541259386
GSM4138110,15,2,Mono_CD16,specific,0.9289190928721144,131,78,0.5954198473282443,0.97761328954427,0.048694196672155576
GSM4138148,15,1,Mono_CD14_ID1,specific,0.8716150072058095,128,5,0.0390625,,
GSM4138152,15,2,Mono_CD16,specific,0.911210898179354,124,89,0.717741935483871,0.9413199538988823,0.030109055719528377
GSM4138111,15,1,Mono_CD14_ID1,specific,0.773416602598239,122,4,0.03278688524590164,,
GSM4138162,15,2,Mono_CD16,specific,0.9014988499411322,112,63,0.5625,0.9689990847188696,0.06750023477773748
GSM4138129,15,1,Mono_CD14_ID1,specific,0.8066577223463576,108,5,0.046296296296296294,,
GSM4138131,15,1,Mono_CD14_ID1,specific,0.8832736123094996,107,3,0.028037383177570093,,
GSM4138164,15,1,Mono_CD14_ID1,specific,0.875974869429078,106,0,0.0,,
GSM4138161,15,4,DC_pDC,specific,0.8468478783225208,105,100,0.9523809523809523,0.8639876403749088,0.017139762052387986
GSM4138144,15,2,Mono_CD16,specific,0.8948567715401324,99,64,0.6464646464646465,0.9749122264211482,0.08005545488101573
GSM4138131,15,4,DC_pDC,specific,0.9112126345596392,97,92,0.9484536082474226,0.9098589556385045,-0.0013536789211346933
GSM4138145,15,2,Mono_CD16,specific,0.8536682243349272,87,12,0.13793103448275862,,
GSM4138111,15,2,Mono_CD16,specific,0.76385589541915,87,35,0.40229885057471265,0.891739170315181,0.12788327489603102
GSM4138133,15,1,Mono_CD14_ID1,specific,0.899986830244251,86,0,0.0,,
GSM4138114,15,2,Mono_CD16,specific,0.8961167076793473,84,60,0.7142857142857143,0.9638175783207804,0.06770087064143315
GSM4138141,15,2,Mono_CD16,specific,0.8378987901819578,83,30,0.3614457831325301,0.9724074031211091,0.13450861293915128
GSM4138124,15,2,Mono_CD16,specific,0.9213385603526598,81,48,0.5925925925925926,0.969665210227224,0.04832664987456414
GSM4138167,15,2,Mono_CD16,specific,0.9003609108051976,80,29,0.3625,0.9625303423920475,0.062169431586849844
GSM4138113,15,1,Mono_CD14_ID1,specific,0.841459984742664,75,0,0.0,,
GSM4138119,15,1,Mono_CD14_ID1,specific,0.7098989120220291,74,0,0.0,,
GSM4138141,15,4,DC_pDC,specific,0.9152968488179667,73,69,0.9452054794520548,0.9174101145756802,0.002113265757713534
GSM4138111,15,4,DC_pDC,specific,0.898958625160936,71,67,0.9436619718309859,0.8972585868595231,-0.001700038301412965
GSM4138127,15,2,Mono_CD16,specific,0.844666079863404,66,2,0.030303030303030304,,
GSM4138143,15,2,Mono_CD16,specific,0.9002153267927986,66,13,0.19696969696969696,,
GSM4138131,15,2,Mono_CD16,specific,0.8902773075654338,65,5,0.07692307692307693,,
GSM4138155,15,2,Mono_CD16,specific,0.8472247198450092,60,6,0.1,,
GSM4138139,15,10,Mast,specific,0.9658315628046693,60,60,1.0,0.9658315628046693,0.0
GSM4138155,15,7,Macrophage_family,family,0.6938549991487055,60,42,0.7,0.8111450912382977,0.11729009208959218
GSM4138121,15,1,Mono_CD14_ID1,specific,0.8425185483447477,57,6,0.10526315789473684,,
GSM4138139,15,7,Macrophage_family,family,0.8401722570316068,57,56,0.9824561403508771,0.8298410284655553,-0.010331228566051509
GSM4138157,15,1,Mono_CD14_ID1,specific,0.8678315511053379,56,2,0.03571428571428571,,
GSM4138131,15,7,Macrophage_family,family,0.8635300356364662,55,43,0.7818181818181819,0.86672122979603,0.003191194159563704
GSM4138126,15,2,Mono_CD16,specific,0.9612908250081247,55,23,0.41818181818181815,1.0,0.03870917499187532
GSM4138160,15,2,Mono_CD16,specific,0.9398474611694868,54,36,0.6666666666666666,0.9900033659049698,0.05015590473548304
GSM4138161,15,2,Mono_CD16,specific,0.8564666525805499,52,9,0.17307692307692307,,
GSM4138120,15,2,Mono_CD16,specific,0.9156765116050406,52,24,0.46153846153846156,0.9596757142031672,0.04399920259812662
GSM4138139,15,2,Mono_CD16,specific,0.902172092414629,51,10,0.19607843137254902,,
GSM4138148,15,2,Mono_CD16,specific,0.9138822780712698,50,34,0.68,0.9692635348384981,0.05538125676722838
GSM4138125,15,2,Mono_CD16,specific,0.8648308160649941,50,6,0.12,,
GSM4138123,15,4,DC_pDC,specific,0.9393323689368633,50,48,0.96,0.9508575041839805,0.01152513524711718
GSM4138150,15,2,Mono_CD16,specific,0.9331566869643679,50,35,0.7,0.9785444665693842,0.045387779605016276
GSM4138133,15,2,Mono_CD16,specific,0.8840020023476856,50,1,0.02,,
GSM4138155,15,9,DC_family,family,0.8464434634915676,50,50,1.0,0.8464434634915676,0.0
GSM4138164,15,2,Mono_CD16,specific,0.9140073490065919,49,21,0.42857142857142855,0.9829393430119403,0.06893199400534844
GSM4138154,15,2,Mono_CD16,specific,0.8752982266392462,48,30,0.625,0.951042806610867,0.07574457997162087
GSM4138143,15,4,DC_pDC,specific,0.9263186865944553,47,45,0.9574468085106383,0.9330936495792832,0.006774962984827937
GSM4138117,15,7,Macrophage_family,family,0.8474351617925726,47,46,0.9787234042553191,0.8471232049380372,-0.00031195685453544453
GSM4138131,15,8,DC_family,family,0.8749992005773927,47,47,1.0,0.8749992005773927,0.0
GSM4138145,15,4,DC_pDC,specific,0.957709996143703,47,46,0.9787234042553191,0.9472622152517468,-0.010447780891956193
GSM4138163,15,2,Mono_CD16,specific,0.9542474164531164,46,23,0.5,0.9838436758508947,0.029596259397778324
GSM4138159,15,1,Mono_CD14_ID1,specific,0.8879528223352231,46,3,0.06521739130434782,,
GSM4138137,15,2,Mono_CD16,specific,0.9489910162032221,45,2,0.044444444444444446,,
GSM4138115,15,2,Mono_CD16,specific,0.9249229518619903,42,0,0.0,,
GSM4138155,15,4,DC_pDC,specific,0.9244251360317419,41,38,0.926829268292683,0.9308402190679321,0.006415083036190206
GSM4138123,15,1,Mono_CD14_ID1,specific,0.940221603230192,41,0,0.0,,
GSM4138125,15,7,Macrophage_family,family,0.8540038301113753,40,40,1.0,0.8540038301113753,0.0
GSM4138157,15,2,Mono_CD16,specific,0.8947877441486624,40,4,0.1,,
GSM4138115,15,1,Mono_CD14_ID1,specific,0.9478152298604922,39,1,0.02564102564102564,,
GSM4138158,15,2,Mono_CD16,specific,0.9499824410065133,37,19,0.5135135135135135,0.9852479955603701,0.035265554553856826
GSM4138113,15,2,Mono_CD16,specific,0.8491532748363937,37,12,0.32432432432432434,,
GSM4138141,15,8,DC_family,family,0.9206820398386973,36,35,0.9722222222222222,0.9511063753296932,0.03042433549099588
GSM4138113,15,4,DC_pDC,specific,0.919006132441017,34,34,1.0,0.919006132441017,0.0
GSM4138143,15,8,DC_family,family,0.8941034039054023,34,34,1.0,0.8941034039054023,0.0
GSM4138131,15,9,DC_family,family,0.8619727126010626,34,33,0.9705882352941176,0.8601517480326674,-0.0018209645683952003
GSM4138159,15,2,Mono_CD16,specific,0.856082249160297,34,2,0.058823529411764705,,
GSM4138135,15,2,Mono_CD16,specific,0.94218054985661,33,3,0.09090909090909091,,
GSM4138147,15,4,DC_pDC,specific,0.925292417692126,32,31,0.96875,0.935324749011505,0.010032331319378973
GSM4138117,15,2,Mono_CD16,specific,0.944820643715046,32,4,0.125,,
GSM4138143,15,10,Mast,specific,0.9748135904112316,31,31,1.0,0.9748135904112316,0.0
GSM4138145,15,9,DC_family,family,0.8824145369766442,31,31,1.0,0.8824145369766442,0.0
GSM4138141,15,9,DC_family,family,0.8967552661645241,31,31,1.0,0.8967552661645241,0.0
GSM4138111,15,10,Mast,specific,0.8772200899755831,30,29,0.9666666666666667,0.9059125026497903,0.02869241267420719
GSM4138161,15,9,DC_family,family,0.8910170060380173,26,26,1.0,0.8910170060380173,0.0
GSM4138153,15,1,Mono_CD14_ID1,specific,0.946125684923842,26,0,0.0,,
GSM4138112,15,4,DC_pDC,specific,0.9672228106134714,26,26,1.0,0.9672228106134714,0.0
GSM4138127,15,4,DC_pDC,specific,0.9585099281428091,25,22,0.88,0.9630723143932695,0.0045623862504603485
GSM4138129,15,4,DC_pDC,specific,0.9868286715955322,25,25,1.0,0.9868286715955322,0.0
GSM4138133,15,7,Macrophage_family,family,0.9096224202186473,24,23,0.9583333333333334,0.9092265408406088,-0.00039587937803842177
GSM4138135,15,8,DC_family,family,0.9600980240770645,23,22,0.9565217391304348,0.9595617337112972,-0.0005362903657673002
GSM4138129,15,2,Mono_CD16,specific,0.9364816917695301,22,3,0.13636363636363635,,
GSM4138160,15,4,DC_pDC,specific,0.9799809267543613,22,22,1.0,0.9799809267543613,0.0
GSM4138133,15,4,DC_pDC,specific,0.9840886463775538,22,21,0.9545454545454546,0.9780104357713506,-0.0060782106062031716
GSM4138123,15,8,DC_family,family,0.9687224782754187,21,21,1.0,0.9687224782754187,0.0
GSM4138116,15,2,Mono_CD16,specific,0.9466202432328203,21,15,0.7142857142857143,0.9836055443637416,0.036985301130921244
GSM4138110,15,4,DC_pDC,specific,0.9555193703185515,21,21,1.0,0.9555193703185515,0.0
GSM4138135,15,10,Mast,specific,1.0,21,21,1.0,1.0,0.0
GSM4138133,15,9,DC_family,family,0.9469809614187152,20,20,1.0,0.9469809614187152,0.0
GSM4138122,15,4,DC_pDC,specific,0.9782659584116306,20,20,1.0,0.9782659584116306,0.0
GSM4138128,15,4,DC_pDC,specific,0.9782659584116306,20,20,1.0,0.9782659584116306,0.0
GSM4138155,15,10,Mast,specific,0.9381206978557273,19,19,1.0,0.9381206978557273,0.0
GSM4138139,15,4,DC_pDC,specific,0.966268563483648,19,19,1.0,0.966268563483648,0.0
GSM4138115,15,4,DC_pDC,specific,0.9804146303450614,18,18,1.0,0.9804146303450614,0.0
GSM4138130,15,4,DC_pDC,specific,0.9645785270275617,18,18,1.0,0.9645785270275617,0.0
GSM4138139,15,8,DC_family,family,0.9377640532613075,18,18,1.0,0.9377640532613075,0.0
GSM4138131,15,10,Mast,specific,0.9764376533440459,18,18,1.0,0.9764376533440459,0.0
GSM4138172,15,1,Mono_CD14_ID1,specific,1.0,18,0,0.0,,
GSM4138157,15,4,DC_pDC,specific,0.9464407952859799,17,15,0.8823529411764706,1.0,0.05355920471402009
GSM4138145,15,8,DC_family,family,1.0,17,17,1.0,1.0,0.0
GSM4138135,15,4,DC_pDC,specific,0.9779384786654621,17,15,0.8823529411764706,0.9780032809248366,6.480225937444128e-05
GSM4138111,15,8,DC_family,family,0.8612226703829133,17,17,1.0,0.8612226703829133,0.0
GSM4138127,15,7,Macrophage_family,family,0.9400536585581297,17,17,1.0,0.9400536585581297,0.0
GSM4138121,15,4,DC_pDC,specific,0.9571565953493264,16,12,0.75,,
GSM4138123,15,2,Mono_CD16,specific,0.9723776559754015,16,0,0.0,,
GSM4138115,15,9,DC_family,family,0.9854410247076782,16,16,1.0,0.9854410247076782,0.0
GSM4138168,15,4,DC_pDC,specific,0.9608080387668018,16,16,1.0,0.9608080387668018,0.0
GSM4138162,15,4,DC_pDC,specific,0.9857264726261489,16,16,1.0,0.9857264726261489,0.0
GSM4138163,15,4,DC_pDC,specific,0.9941087355013785,16,16,1.0,0.9941087355013785,0.0
GSM4138117,15,10,Mast,specific,0.9848958966969695,15,15,1.0,0.9848958966969695,0.0
GSM4138151,15,4,DC_pDC,specific,0.9806392337550041,15,15,1.0,0.9806392337550041,0.0
GSM4138117,15,4,DC_pDC,specific,0.9528621852287787,15,13,0.8666666666666667,,
GSM4138139,16,5,Mast,specific,0.9808873992283764,44,44,1.0,0.9808873992283764,0.0
GSM4138143,16,5,Mast,specific,0.9718703199017851,21,21,1.0,0.9718703199017851,0.0
GSM4138111,16,5,Mast,specific,0.9776396373839983,19,19,1.0,0.9776396373839983,0.0
GSM4138131,16,5,Mast,specific,0.9700972690342095,17,16,0.9411764705882353,0.9827781664735028,0.012680897439293348
GSM4138155,16,5,Mast,specific,0.9491554127543788,16,16,1.0,0.9491554127543788,0.0
GSM4138135,16,5,Mast,specific,0.9907505629310543,15,15,1.0,0.9907505629310543,0.0
GSM4138161,17,2,DC_pDC,specific,0.8388476215445075,107,97,0.9065420560747663,0.8562174676535903,0.017369846109082765
GSM4138131,17,2,DC_pDC,specific,0.899499147701942,102,93,0.9117647058823529,0.9098866160327009,0.010387468330758987
GSM4138141,17,2,DC_pDC,specific,0.872884211290669,79,63,0.7974683544303798,0.9297500728210715,0.05686586153040252
GSM4138111,17,2,DC_pDC,specific,0.7585732705976863,75,65,0.8666666666666667,0.9263283127920904,0.16775504219440407
GSM4138145,17,2,DC_pDC,specific,0.8730018788423619,59,46,0.7796610169491526,0.9472622152517468,0.0742603364093849
GSM4138123,17,2,DC_pDC,specific,0.9219823949716895,55,49,0.8909090909090909,0.9383997749472549,0.01641737997556536
GSM4138143,17,2,DC_pDC,specific,0.9010230088025778,49,44,0.8979591836734694,0.9260040591730179,0.024981050370440072
GSM4138139,17,4,Mast,specific,0.9760707050546682,49,49,1.0,0.9760707050546682,0.0
GSM4138155,17,2,DC_pDC,specific,0.9313119615696803,45,34,0.7555555555555555,0.9399623200124505,0.008650358442770179
GSM4138113,17,2,DC_pDC,specific,0.7790241772949414,39,35,0.8974358974358975,0.9201898969130206,0.1411657196180791
GSM4138147,17,2,DC_pDC,specific,0.925292417692126,32,31,0.96875,0.935324749011505,0.010032331319378973
GSM4138129,17,2,DC_pDC,specific,0.9619947733683699,27,24,0.8888888888888888,0.9864439319040946,0.024449158535724713
GSM4138112,17,2,DC_pDC,specific,0.9602570049670208,27,26,0.9629629629629629,0.9672228106134714,0.006965805646450551
GSM4138143,17,4,Mast,specific,0.9711950399790478,26,26,1.0,0.9711950399790478,0.0
GSM4138139,17,2,DC_pDC,specific,0.9691574724819125,25,19,0.76,0.9774441458242239,0.008286673342311368
GSM4138127,17,2,DC_pDC,specific,0.9545721348909166,25,22,0.88,0.9493414349872137,-0.005230699903702951
GSM4138111,17,4,Mast,specific,0.9777467774819784,24,24,1.0,0.9777467774819784,0.0
GSM4138160,17,2,DC_pDC,specific,0.980833886723325,23,23,1.0,0.980833886723325,0.0
GSM4138110,17,2,DC_pDC,specific,0.957927971353203,23,21,0.9130434782608695,0.9555193703185515,-0.0024086010346514586
GSM4138130,17,2,DC_pDC,specific,0.9635006795258367,22,18,0.8181818181818182,0.9644480924860848,0.0009474129602480286
GSM4138133,17,2,DC_pDC,specific,0.9840886463775538,22,21,0.9545454545454546,0.9780104357713506,-0.0060782106062031716
GSM4138128,17,2,DC_pDC,specific,0.9852221605078891,21,20,0.9523809523809523,0.9782659584116306,-0.006956202096258579
GSM4138122,17,2,DC_pDC,specific,0.9852221605078891,21,20,0.9523809523809523,0.9782659584116306,-0.006956202096258579
GSM4138115,17,2,DC_pDC,specific,0.9691565220072408,21,19,0.9047619047619048,0.9816087420119992,0.01245222000475843
GSM4138156,17,2,DC_pDC,specific,0.9620974772623492,19,15,0.7894736842105263,0.9539837451128743,-0.008113732149474862
GSM4138151,17,2,DC_pDC,specific,0.9603088755093212,18,15,0.8333333333333334,0.9806392337550041,0.020330358245682856
GSM4138135,17,4,Mast,specific,1.0,18,18,1.0,1.0,0.0
GSM4138135,17,2,DC_pDC,specific,0.9784301578221191,18,16,0.8888888888888888,0.9782286894302672,-0.0002014683918518667
GSM4138134,17,2,DC_pDC,specific,0.9871598340956714,18,15,0.8333333333333334,0.9856991785152992,-0.0014606555803722276
GSM4138157,17,2,DC_pDC,specific,0.9465188856506419,18,15,0.8333333333333334,0.9747000388763724,0.02818115322573045
GSM4138162,17,2,DC_pDC,specific,0.9874852193913165,18,17,0.9444444444444444,0.9897606953288196,0.002275475937503102
GSM4138152,17,2,DC_pDC,specific,0.9921940205963988,17,16,0.9411764705882353,0.992154406195808,-3.961440059085941e-05
GSM4138163,17,2,DC_pDC,specific,0.9858316108356697,17,17,1.0,0.9858316108356697,0.0
GSM4138131,17,4,Mast,specific,0.9845419573020023,17,17,1.0,0.9845419573020023,0.0
GSM4138155,17,4,Mast,specific,0.9491554127543788,16,16,1.0,0.9491554127543788,0.0
GSM4138117,17,2,DC_pDC,specific,0.9528621852287787,15,13,0.8666666666666667,,
GSM4138117,17,4,Mast,specific,0.9848958966969695,15,15,1.0,0.9848958966969695,0.0
GSM4138131,18,2,DC_pDC,specific,0.9077713807619745,53,48,0.9056603773584906,0.9172746252447646,0.009503244482790052
GSM4138111,18,2,DC_pDC,specific,0.726245334007056,53,45,0.8490566037735849,0.9087926493102245,0.18254731530316848
GSM4138141,18,2,DC_pDC,specific,0.9441917483702101,49,35,0.7142857142857143,0.9392513453626553,-0.004940403007554828
GSM4138145,18,2,DC_pDC,specific,0.908706393767824,44,34,0.7727272727272727,0.9540879400652612,0.04538154629743718
GSM4138161,18,2,DC_pDC,specific,0.9210275606572667,43,36,0.8372093023255814,0.9258392155398771,0.004811654882610483
GSM4138139,18,3,Mast,specific,0.980081626334419,42,42,1.0,0.980081626334419,0.0
GSM4138123,18,2,DC_pDC,specific,0.9221682425336342,41,37,0.9024390243902439,0.9674685892220061,0.045300346688371906
GSM4138143,18,2,DC_pDC,specific,0.9334948679180303,37,33,0.8918918918918919,0.9348392754097977,0.001344407491767452
GSM4138113,18,2,DC_pDC,specific,0.7700753603277702,32,28,0.875,0.915273513268903,0.1451981529411328
GSM4138112,18,2,DC_pDC,specific,0.9612668359988714,25,25,1.0,0.9612668359988714,0.0
GSM4138147,18,2,DC_pDC,specific,0.9442204133905738,24,23,0.9583333333333334,0.9452088745148706,0.0009884611242967356
GSM4138110,18,2,DC_pDC,specific,0.957927971353203,23,21,0.9130434782608695,0.9555193703185515,-0.0024086010346514586
GSM4138122,18,2,DC_pDC,specific,0.9852221605078891,21,20,0.9523809523809523,0.9782659584116306,-0.006956202096258579
GSM4138129,18,2,DC_pDC,specific,0.9651358932235972,21,18,0.8571428571428571,1.0,0.03486410677640284
GSM4138128,18,2,DC_pDC,specific,0.9852221605078891,21,20,0.9523809523809523,0.9782659584116306,-0.006956202096258579
GSM4138111,18,3,Mast,specific,0.9783986715882725,21,21,1.0,0.9783986715882725,0.0
GSM4138143,18,3,Mast,specific,0.979053076647643,20,20,1.0,0.979053076647643,0.0
GSM4138139,18,2,DC_pDC,specific,0.9779622328671028,20,15,0.75,0.9844736058527733,0.006511372985670505
GSM4138130,18,2,DC_pDC,specific,0.9805007278082369,19,17,0.8947368421052632,0.9778958718361028,-0.0026048559721341125
GSM4138127,18,2,DC_pDC,specific,1.0,19,14,0.7368421052631579,,
GSM4138155,18,2,DC_pDC,specific,0.956730351995526,19,12,0.631578947368421,,
GSM4138134,18,2,DC_pDC,specific,0.9871598340956714,18,15,0.8333333333333334,0.9856991785152992,-0.0014606555803722276
GSM4138115,18,2,DC_pDC,specific,0.9690542205367334,18,16,0.8888888888888888,0.9806996897708737,0.011645469234140338
GSM4138133,18,2,DC_pDC,specific,0.9849007945567498,18,17,0.9444444444444444,0.9915684151643784,0.006667620607628599
GSM4138152,18,2,DC_pDC,specific,0.9921940205963988,17,16,0.9411764705882353,0.992154406195808,-3.961440059085941e-05
GSM4138131,18,3,Mast,specific,0.9700972690342095,17,16,0.9411764705882353,0.9827781664735028,0.012680897439293348
GSM4138163,18,2,DC_pDC,specific,0.9858316108356697,17,17,1.0,0.9858316108356697,0.0
GSM4138162,18,2,DC_pDC,specific,0.9857264726261489,16,16,1.0,0.9857264726261489,0.0
GSM4138135,18,3,Mast,specific,1.0,15,15,1.0,1.0,0.0
GSM4138155,18,3,Mast,specific,0.9689663485453668,15,15,1.0,0.9689663485453668,0.0
GSM4138117,18,2,DC_pDC,specific,0.9528621852287787,15,13,0.8666666666666667,,
GSM4138125,19,1,Mac_SPP1,specific,0.738539498454881,392,307,0.7831632653061225,0.7628327608744012,0.024293262419520234
GSM4138134,19,1,Mac_SPP1,specific,0.9530608613447048,371,0,0.0,,
GSM4138138,19,1,Mac_SPP1,specific,0.9068484469835476,232,0,0.0,,
GSM4138140,19,1,Mac_SPP1,specific,0.9406414441511082,232,0,0.0,,
GSM4138156,19,1,Mac_SPP1,specific,0.9220197494183475,230,0,0.0,,
GSM4138136,19,1,Mac_SPP1,specific,0.9407618551488893,229,0,0.0,,
GSM4138120,19,1,Mac_SPP1,specific,0.8867662447632656,224,0,0.0,,
GSM4138122,19,1,Mac_SPP1,specific,0.8935515088190161,220,0,0.0,,
GSM4138128,19,1,Mac_SPP1,specific,0.8935515088190161,220,0,0.0,,
GSM4138142,19,1,Mac_SPP1,specific,0.9356507772917957,208,0,0.0,,
GSM4138126,19,1,Mac_SPP1,specific,0.9613642553646942,201,0,0.0,,
GSM4138154,19,1,Mac_SPP1,specific,0.8914204329550883,193,0,0.0,,
GSM4138160,19,1,Mac_SPP1,specific,0.9017903753049535,171,0,0.0,,
GSM4138116,19,1,Mac_SPP1,specific,0.9591360026228491,165,0,0.0,,
GSM4138155,19,1,Mac_SPP1,specific,0.6688493240861897,159,24,0.1509433962264151,0.8786565203312283,0.20980719624503863
GSM4138144,19,1,Mac_SPP1,specific,0.8962082477268277,154,0,0.0,,
GSM4138166,19,1,Mac_SPP1,specific,0.896077871835219,152,0,0.0,,
GSM4138139,19,1,Mac_SPP1,specific,0.7473841261995902,148,56,0.3783783783783784,0.8101118006758892,0.06272767447629901
GSM4138146,19,1,Mac_SPP1,specific,0.905284565144202,147,0,0.0,,
GSM4138132,19,1,Mac_SPP1,specific,0.9758423524012306,135,0,0.0,,
GSM4138161,19,2,DC_pDC,specific,0.8500216824485292,126,108,0.8571428571428571,0.8488491714550629,-0.0011725109934662692
GSM4138152,19,1,Mac_SPP1,specific,0.9306328775738212,126,0,0.0,,
GSM4138118,19,1,Mac_SPP1,specific,0.9346031137448854,125,0,0.0,,
GSM4138131,19,2,DC_pDC,specific,0.876464723631348,122,107,0.8770491803278688,0.9179857890881354,0.041521065456787465
GSM4138110,19,1,Mac_SPP1,specific,0.9411256648507679,122,0,0.0,,
GSM4138130,19,1,Mac_SPP1,specific,0.9396374400083659,111,0,0.0,,
GSM4138163,19,1,Mac_SPP1,specific,0.930746304371574,111,0,0.0,,
GSM4138141,19,2,DC_pDC,specific,0.8652505151286508,107,71,0.6635514018691588,0.9214094894610956,0.05615897433244477
GSM4138137,19,1,Mac_SPP1,specific,0.828495509856827,107,7,0.06542056074766354,,
GSM4138162,19,1,Mac_SPP1,specific,0.9372410530829182,101,0,0.0,,
GSM4138111,19,2,DC_pDC,specific,0.8082554378275997,99,68,0.6868686868686869,0.8980982837036952,0.08984284587609548
GSM4138145,19,1,Mac_SPP1,specific,0.8536951843824321,95,1,0.010526315789473684,,
GSM4138112,19,1,Mac_SPP1,specific,0.9144675784376712,94,0,0.0,,
GSM4138124,19,1,Mac_SPP1,specific,0.96294110344959,93,0,0.0,,
GSM4138145,19,2,DC_pDC,specific,0.857409039823668,92,46,0.5,0.9472622152517468,0.0898531754280788
GSM4138165,19,1,Mac_SPP1,specific,0.9484244653268166,87,0,0.0,,
GSM4138114,19,1,Mac_SPP1,specific,0.9473865658198788,87,0,0.0,,
GSM4138158,19,1,Mac_SPP1,specific,0.9710141240876334,77,0,0.0,,
GSM4138167,19,1,Mac_SPP1,specific,0.965398677329892,75,0,0.0,,
GSM4138155,19,2,DC_pDC,specific,0.8288724130441609,74,50,0.6756756756756757,0.9062361607604512,0.07736374771629029
GSM4138141,19,1,Mac_SPP1,specific,0.8959502778440134,74,1,0.013513513513513514,,
GSM4138143,19,2,DC_pDC,specific,0.8500180784381237,72,46,0.6388888888888888,0.9295762244202338,0.07955814598211008
GSM4138129,19,1,Mac_SPP1,specific,0.8566630798064363,63,33,0.5238095238095238,0.913797298465985,0.05713421865954871
GSM4138139,19,10,Mast,specific,0.9667696070576453,58,58,1.0,0.9667696070576453,0.0
GSM4138156,19,2,DC_pDC,specific,0.9030082132579738,57,15,0.2631578947368421,0.9539837451128743,0.05097553185490056
GSM4138127,19,1,Mac_SPP1,specific,0.8744045531056097,55,21,0.38181818181818183,0.9723573358007237,0.09795278269511398
GSM4138150,19,1,Mac_SPP1,specific,0.9332546067919959,54,0,0.0,,
GSM4138123,19,2,DC_pDC,specific,0.9085263927449279,53,48,0.9056603773584906,0.9508575041839805,0.04233111143905266
GSM4138148,19,1,Mac_SPP1,specific,0.9398720848775444,52,0,0.0,,
GSM4138122,19,2,DC_pDC,specific,0.97862911284565,51,20,0.39215686274509803,0.9782659584116306,-0.0003631544340194637
GSM4138130,19,2,DC_pDC,specific,0.9295299450761653,51,19,0.37254901960784315,0.9639490407838097,0.034419095707644454
GSM4138119,19,1,Mac_SPP1,specific,0.7591360103117886,51,23,0.45098039215686275,0.904371369701497,0.14523535938970844
GSM4138128,19,2,DC_pDC,specific,0.97862911284565,51,20,0.39215686274509803,0.9782659584116306,-0.0003631544340194637
GSM4138131,19,5,DC_family,family,0.8170941303316611,50,49,0.98,0.8161555669110073,-0.000938563420653793
GSM4138164,19,1,Mac_SPP1,specific,0.9408330926585272,48,0,0.0,,
GSM4138113,19,2,DC_pDC,specific,0.832391248490668,47,36,0.7659574468085106,0.9211167331049517,0.08872548461428365
GSM4138135,19,1,Mac_SPP1,specific,0.8694119808575891,47,2,0.0425531914893617,,
GSM4138162,19,2,DC_pDC,specific,0.9134612538301395,46,17,0.3695652173913043,0.9897606953288196,0.07629944149868007
GSM4138143,19,8,DC_family,family,0.8294229748995839,45,45,1.0,0.8294229748995839,0.0
GSM4138161,19,1,Mac_SPP1,specific,0.9462311864268632,43,0,0.0,,
GSM4138117,19,1,Mac_SPP1,specific,0.9185613292930043,42,1,0.023809523809523808,,
GSM4138110,19,2,DC_pDC,specific,0.9751074267048492,42,21,0.5,0.9555193703185515,-0.01958805638629768
GSM4138127,19,2,DC_pDC,specific,0.9005238385058272,41,30,0.7317073170731707,0.9441912994803779,0.043667460974550765
GSM4138166,19,2,DC_pDC,specific,0.9116767708471312,39,6,0.15384615384615385,,
GSM4138112,19,2,DC_pDC,specific,0.9319754859049977,39,26,0.6666666666666666,0.9672228106134714,0.03524732470847369
GSM4138152,19,2,DC_pDC,specific,0.9516666396360196,39,16,0.41025641025641024,0.992154406195808,0.04048776655978836
GSM4138143,19,1,Mac_SPP1,specific,0.866830982818861,37,12,0.32432432432432434,,
GSM4138139,19,2,DC_pDC,specific,0.9273244886382186,35,22,0.6285714285714286,0.9506174967437965,0.023293008105577884
GSM4138141,19,8,DC_family,family,0.922378827537007,35,35,1.0,0.922378827537007,0.0
GSM4138126,19,2,DC_pDC,specific,0.9405587602195787,35,2,0.05714285714285714,,
GSM4138160,19,2,DC_pDC,specific,0.9389568183929358,34,23,0.6764705882352942,0.980833886723325,0.04187706833038929
GSM4138157,19,2,DC_pDC,specific,0.95160693577285,33,17,0.5151515151515151,0.9771060119735836,0.02549907620073355
GSM4138133,19,2,DC_pDC,specific,0.955675415971802,33,21,0.6363636363636364,0.9780104357713506,0.02233501979954866
GSM4138147,19,2,DC_pDC,specific,0.9252308986279258,33,31,0.9393939393939394,0.935324749011505,0.010093850383579128
GSM4138146,19,2,DC_pDC,specific,0.9432680247753138,33,10,0.30303030303030304,,
GSM4138131,19,8,DC_family,family,0.9194480631119847,32,32,1.0,0.9194480631119847,0.0
GSM4138134,19,2,DC_pDC,specific,0.9430799908170495,32,15,0.46875,0.9856991785152992,0.04261918769824968
GSM4138163,19,2,DC_pDC,specific,0.9561041035215968,31,17,0.5483870967741935,0.9858316108356697,0.02972750731407292
GSM4138141,19,5,DC_family,family,0.9488986837279445,31,27,0.8709677419354839,0.9060691504646922,-0.04282953326325234
GSM4138111,19,5,DC_family,family,0.745925888203504,31,29,0.9354838709677419,0.7570830368689563,0.011157148665452254
GSM4138138,19,2,DC_pDC,specific,0.9628459173394825,30,11,0.36666666666666664,,
GSM4138129,19,2,DC_pDC,specific,0.9264025475277713,30,25,0.8333333333333334,0.9868286715955322,0.060426124067760933
GSM4138143,19,10,Mast,specific,0.9743123859516258,30,30,1.0,0.9743123859516258,0.0
GSM4138111,19,10,Mast,specific,0.876493661763317,29,28,0.9655172413793104,0.9050661191766445,0.02857245741332748
GSM4138136,19,2,DC_pDC,specific,0.9672652611459058,29,4,0.13793103448275862,,
GSM4138115,19,2,DC_pDC,specific,0.9275603515791968,29,19,0.6551724137931034,0.9816087420119992,0.05404839043280241
GSM4138145,19,8,DC_family,family,0.9232233361332292,29,29,1.0,0.9232233361332292,0.0
GSM4138132,19,2,DC_pDC,specific,0.9832927463052531,28,4,0.14285714285714285,,
GSM4138114,19,2,DC_pDC,specific,0.9162577626276892,28,7,0.25,,
GSM4138145,19,5,DC_family,family,0.8729758896287911,28,26,0.9285714285714286,0.9284811181920894,0.055505228563298314
GSM4138140,19,2,DC_pDC,specific,1.0,27,4,0.14814814814814814,,
GSM4138155,19,5,DC_family,family,0.957828264566372,27,27,1.0,0.957828264566372,0.0
GSM4138133,19,1,Mac_SPP1,specific,0.9247849515017377,26,2,0.07692307692307693,,
GSM4138165,19,2,DC_pDC,specific,0.9769668593605099,25,6,0.24,,
GSM4138167,19,2,DC_pDC,specific,1.0,24,8,0.3333333333333333,,
GSM4138155,19,8,DC_family,family,0.9247184697049348,24,24,1.0,0.9247184697049348,0.0
GSM4138133,19,5,DC_family,family,0.8743685390600083,23,22,0.9565217391304348,0.8706831478602368,-0.003685391199771515
GSM4138120,19,2,DC_pDC,specific,1.0,23,7,0.30434782608695654,,
GSM4138168,19,2,DC_pDC,specific,0.963554581697097,23,20,0.8695652173913043,0.9457890908623999,-0.01776549083469703
GSM4138142,19,2,DC_pDC,specific,0.9627216254617201,23,4,0.17391304347826086,,
GSM4138158,19,2,DC_pDC,specific,1.0,23,6,0.2608695652173913,,
GSM4138144,19,2,DC_pDC,specific,0.9485012162310874,22,5,0.22727272727272727,,
GSM4138148,19,2,DC_pDC,specific,0.9849286486561124,22,8,0.36363636363636365,,
GSM4138135,19,8,DC_family,family,0.9699383118781512,22,22,1.0,0.9699383118781512,0.0
GSM4138135,19,10,Mast,specific,1.0,20,20,1.0,1.0,0.0
GSM4138115,19,8,DC_family,family,0.9683399487460728,20,20,1.0,0.9683399487460728,0.0
GSM4138124,19,2,DC_pDC,specific,1.0,20,1,0.05,,
GSM4138135,19,2,DC_pDC,specific,0.9605975090792013,20,17,0.85,0.9787886250594097,0.018191115980208394
GSM4138151,19,2,DC_pDC,specific,0.9631186668798005,19,15,0.7894736842105263,0.9806392337550041,0.017520566875203536
GSM4138154,19,2,DC_pDC,specific,0.983382267848775,19,11,0.5789473684210527,,
GSM4138125,19,2,DC_pDC,specific,0.9736127217813246,18,9,0.5,,
GSM4138155,19,10,Mast,specific,0.9484026808588523,18,18,1.0,0.9484026808588523,0.0
GSM4138117,19,2,DC_pDC,specific,0.9554653812586306,18,13,0.7222222222222222,,
GSM4138123,19,5,DC_family,family,0.9705521176928963,18,17,0.9444444444444444,0.9751680412439885,0.004615923551092194
GSM4138153,19,2,DC_pDC,specific,0.9638935759851114,18,11,0.6111111111111112,,
GSM4138111,19,1,Mac_SPP1,specific,0.9815858887964104,18,0,0.0,,
GSM4138161,19,5,DC_family,family,0.9172136581933517,17,16,0.9411764705882353,0.9183512447758075,0.001137586582455885
GSM4138131,19,10,Mast,specific,0.9750965084852107,17,17,1.0,0.9750965084852107,0.0
GSM4138150,19,2,DC_pDC,specific,1.0,17,9,0.5294117647058824,,
GSM4138139,19,5,DC_family,family,0.9520030839102875,17,17,1.0,0.9520030839102875,0.0
GSM4138127,19,5,DC_family,family,0.9863952316651449,16,13,0.8125,,
GSM4138121,19,2,DC_pDC,specific,0.9520780285749161,16,12,0.75,,
GSM4138137,19,2,DC_pDC,specific,1.0,15,11,0.7333333333333333,,
GSM4138116,20,1,Monocyte_family,family,0.9476862889648211,677,676,0.9985228951255539,0.95319955930418,0.005513270339358889
GSM4138156,20,1,Monocyte_family,family,0.9695759437770032,613,610,0.9951060358890701,0.9709131884621445,0.0013372446851412922
GSM4138134,20,1,Monocyte_family,family,0.9883069720222311,604,603,0.9983443708609272,0.9900364346667244,0.0017294626444933625
GSM4138126,20,1,Monocyte_family,family,0.9830297202150264,561,560,0.9982174688057041,0.9831677900396246,0.00013806982459818595
GSM4138123,20,4,Macrophage_family,family,0.7368336514099768,422,418,0.990521327014218,0.7406713308298611,0.0038376794198843323
GSM4138120,20,2,cDC2_CD33,specific,0.8658641610661272,388,41,0.1056701030927835,0.922151553350892,0.05628739228476487
GSM4138160,20,1,Monocyte_family,family,0.9697800379575768,353,353,1.0,0.9697800379575768,0.0
GSM4138134,20,2,cDC2_CD33,specific,0.9411987180562196,346,11,0.031791907514450865,,
GSM4138142,20,1,Monocyte_family,family,0.9747292276586781,345,345,1.0,0.9747292276586781,0.0
GSM4138135,20,4,Macrophage_family,family,0.7659325781300987,319,313,0.9811912225705329,0.766300091302074,0.00036751317197525335
GSM4138110,20,1,Monocyte_family,family,0.9821427103081375,317,317,1.0,0.9821427103081375,0.0
GSM4138140,20,2,cDC2_CD33,specific,0.9049617829867265,297,35,0.11784511784511785,0.9755490876823467,0.07058730469562025
GSM4138132,20,2,cDC2_CD33,specific,0.9340292903866413,291,18,0.061855670103092786,0.9677474499420015,0.03371815955536017
GSM4138138,20,1,Monocyte_family,family,0.9847170428608055,289,288,0.9965397923875432,0.9851494348002134,0.00043239193940791676
GSM4138136,20,1,Monocyte_family,family,0.980363867866528,287,286,0.9965156794425087,0.980746008681743,0.0003821408152150374
GSM4138125,20,9,Macrophage_family,family,0.7629769832178365,286,283,0.9895104895104895,0.762880732315947,-9.625090188947194e-05
GSM4138140,20,1,Monocyte_family,family,0.9847102613594932,285,285,1.0,0.9847102613594932,0.0
GSM4138137,20,4,Macrophage_family,family,0.8259371698465299,266,260,0.9774436090225563,0.8216543623350823,-0.004282807511447606
GSM4138134,20,3,Mono_CD16,specific,0.9759291825589227,264,132,0.5,0.9695591587489021,-0.006370023810020609
GSM4138146,20,3,Mono_CD16,specific,0.959985168398041,252,199,0.7896825396825397,0.9646172678615269,0.0046320994634858614
GSM4138132,20,1,Monocyte_family,family,0.9940473504446524,235,235,1.0,0.9940473504446524,0.0
GSM4138165,20,1,Monocyte_family,family,0.9786628087521299,229,228,0.9956331877729258,0.9794684661456967,0.000805657393566861
GSM4138122,20,2,cDC2_CD33,specific,0.8910320109713034,227,74,0.32599118942731276,0.9458228944772827,0.05479088350597938
GSM4138128,20,2,cDC2_CD33,specific,0.8910320109713034,227,74,0.32599118942731276,0.9458228944772827,0.05479088350597938
GSM4138162,20,2,cDC2_CD33,specific,0.8860914155919845,222,41,0.18468468468468469,0.9586272671217273,0.07253585152974285
GSM4138156,20,3,Mono_CD16,specific,0.9540942662867076,220,149,0.6772727272727272,0.9609269561989223,0.006832689912214751
GSM4138152,20,2,cDC2_CD33,specific,0.8648840127633586,217,37,0.17050691244239632,0.9422903143010685,0.07740630153770989
GSM4138130,20,1,Monocyte_family,family,0.9862027607041808,216,216,1.0,0.9862027607041808,0.0
GSM4138130,20,3,Mono_CD16,specific,0.9628817546482549,213,116,0.5446009389671361,0.9812775037239836,0.018395749075728718
GSM4138142,20,2,cDC2_CD33,specific,0.9193009306584377,206,31,0.15048543689320387,0.9473976527957454,0.02809672213730774
GSM4138163,20,2,cDC2_CD33,specific,0.8944122900113026,203,31,0.15270935960591134,0.9662642696443162,0.0718519796330136
GSM4138128,20,3,Mono_CD16,specific,0.9780243757130381,200,139,0.695,0.9776116977859656,-0.0004126779270725578
GSM4138122,20,3,Mono_CD16,specific,0.9780243757130381,200,139,0.695,0.9776116977859656,-0.0004126779270725578
GSM4138110,20,2,cDC2_CD33,specific,0.9080224799843732,199,15,0.07537688442211055,0.9772050463188249,0.06918256633445163
GSM4138120,20,1,Monocyte_family,family,0.9565218648411081,190,190,1.0,0.9565218648411081,0.0
GSM4138154,20,1,Monocyte_family,family,0.9743967155278047,189,189,1.0,0.9743967155278047,0.0
GSM4138163,20,1,Monocyte_family,family,0.9775876460883985,188,188,1.0,0.9775876460883985,0.0
GSM4138136,20,3,Mono_CD16,specific,0.9654278480199868,186,109,0.5860215053763441,0.9788246192598349,0.01339677123984806
GSM4138118,20,2,cDC2_CD33,specific,0.881359906950026,185,15,0.08108108108108109,1.0,0.11864009304997403
GSM4138124,20,1,Monocyte_family,family,0.9833268457351145,183,183,1.0,0.9833268457351145,0.0
GSM4138162,20,1,Monocyte_family,family,0.9942329086027685,176,175,0.9943181818181818,0.9901888127384797,-0.004044095864288777
GSM4138158,20,1,Monocyte_family,family,0.9889969962282096,174,174,1.0,0.9889969962282096,0.0
GSM4138136,20,2,cDC2_CD33,specific,0.8935204825293609,168,34,0.20238095238095238,0.9563294597354828,0.06280897720612189
GSM4138114,20,1,Monocyte_family,family,0.9808991784033997,165,165,1.0,0.9808991784033997,0.0
GSM4138167,20,2,cDC2_CD33,specific,0.866967186843999,164,34,0.2073170731707317,0.9791664161417739,0.11219922929777493
GSM4138166,20,1,Monocyte_family,family,0.9850745491629599,164,164,1.0,0.9850745491629599,0.0
GSM4138166,20,2,cDC2_CD33,specific,0.8867951398436754,160,45,0.28125,0.9526519052078193,0.06585676536414387
GSM4138141,20,2,cDC2_CD33,specific,0.7983424214228234,159,25,0.15723270440251572,0.9674516682113877,0.16910924678856432
GSM4138138,20,3,Mono_CD16,specific,0.9657541041618066,157,111,0.7070063694267515,0.9690899180284527,0.0033358138666460535
GSM4138130,20,2,cDC2_CD33,specific,0.9341611918843372,154,24,0.15584415584415584,0.9689703249118781,0.03480913302754085
GSM4138112,20,1,Monocyte_family,family,0.9866611022481243,153,153,1.0,0.9866611022481243,0.0
GSM4138126,20,2,cDC2_CD33,specific,0.9346604496337891,148,18,0.12162162162162163,0.9921043205475004,0.05744387091371128
GSM4138145,20,2,cDC2_CD33,specific,0.8169896678716086,146,78,0.5342465753424658,0.8837374281071572,0.06674776023554851
GSM4138166,20,3,Mono_CD16,specific,0.9595534542825263,143,116,0.8111888111888111,0.9655288497510968,0.00597539546857051
GSM4138142,20,3,Mono_CD16,specific,0.9692333430648978,138,106,0.7681159420289855,0.968423416572379,-0.0008099264925188754
GSM4138152,20,1,Monocyte_family,family,0.9804976732413411,136,136,1.0,0.9804976732413411,0.0
GSM4138146,20,1,Monocyte_family,family,0.9801847764245536,133,133,1.0,0.9801847764245536,0.0
GSM4138165,20,3,Mono_CD16,specific,0.9472110887829036,132,93,0.7045454545454546,0.9446544771791544,-0.0025566116037492037
GSM4138112,20,3,Mono_CD16,specific,0.9453885703305626,132,95,0.7196969696969697,0.9618001923997429,0.016411622069180343
GSM4138145,20,1,Monocyte_family,family,0.8883608799822684,132,116,0.8787878787878788,0.9216147483789531,0.03325386839668465
GSM4138143,20,2,cDC2_CD33,specific,0.7262296743299649,129,33,0.2558139534883721,0.9388418611884788,0.2126121868585139
GSM4138138,20,2,cDC2_CD33,specific,0.9012512680547236,129,17,0.13178294573643412,0.9882578863110115,0.08700661825628797
GSM4138155,20,1,Monocyte_family,family,0.8786129276955227,128,124,0.96875,0.8847883307736064,0.00617540307808373
GSM4138154,20,2,cDC2_CD33,specific,0.8590152299657374,128,33,0.2578125,0.9300654096595982,0.07105017969386074
GSM4138141,20,1,Monocyte_family,family,0.9502143607984449,121,120,0.9917355371900827,0.9545116805049222,0.004297319706477287
GSM4138122,20,1,Monocyte_family,family,0.9946847967232948,119,119,1.0,0.9946847967232948,0.0
GSM4138128,20,1,Monocyte_family,family,0.9946847967232948,119,119,1.0,0.9946847967232948,0.0
GSM4138144,20,2,cDC2_CD33,specific,0.8365707471416368,118,57,0.4830508474576271,0.8857225642654714,0.04915181712383454
GSM4138140,20,3,Mono_CD16,specific,0.9678776126421986,116,77,0.6637931034482759,0.9699730019986887,0.0020953893564901183
GSM4138132,20,3,Mono_CD16,specific,0.9815083367717214,116,58,0.5,0.9814133723188372,-9.496445288426081e-05
GSM4138131,20,4,Macrophage_family,family,0.8220725166470886,116,86,0.7413793103448276,0.8581946980047382,0.03612218135764966
GSM4138127,20,1,Monocyte_family,family,0.9341185072188868,115,98,0.8521739130434782,0.9495575340136758,0.015439026794789035
GSM4138117,20,1,Monocyte_family,family,0.8470303555817504,114,85,0.7456140350877193,0.9021136411595047,0.055083285577754215
GSM4138110,20,3,Mono_CD16,specific,0.9664971257805566,113,78,0.6902654867256637,0.97761328954427,0.011116163763713383
GSM4138155,20,2,cDC2_CD33,specific,0.7374099386539492,113,20,0.17699115044247787,0.9531661558641759,0.21575621721022664
GSM4138167,20,1,Monocyte_family,family,0.9901767171184493,111,111,1.0,0.9901767171184493,0.0
GSM4138152,20,3,Mono_CD16,specific,0.9398910887385644,108,89,0.8240740740740741,0.9413199538988823,0.001428865160317927
GSM4138114,20,2,cDC2_CD33,specific,0.8801690892433789,108,39,0.3611111111111111,0.9667106404153469,0.08654155117196805
GSM4138161,20,2,cDC2_CD33,specific,0.7944152080159557,101,23,0.22772277227722773,0.9451959704512419,0.15078076243528626
GSM4138118,20,1,Monocyte_family,family,0.9721987033562981,99,99,1.0,0.9721987033562981,0.0
GSM4138144,20,1,Monocyte_family,family,0.9871133400484163,97,97,1.0,0.9871133400484163,0.0
GSM4138145,20,7,DC_family,family,0.8225978488599279,96,95,0.9895833333333334,0.8254204066080745,0.002822557748146548
GSM4138139,20,2,cDC2_CD33,specific,0.847370912506333,96,2,0.020833333333333332,,
GSM4138139,20,4,Macrophage_family,family,0.809415641845652,94,94,1.0,0.809415641845652,0.0
GSM4138135,20,2,cDC2_CD33,specific,0.8648417403251734,88,0,0.0,,
GSM4138162,20,3,Mono_CD16,specific,0.963961719452664,86,63,0.7325581395348837,0.9689990847188696,0.0050373652662056845
GSM4138156,20,2,cDC2_CD33,specific,0.9104545423908423,84,50,0.5952380952380952,0.9622763430076573,0.05182180061681496
GSM4138160,20,2,cDC2_CD33,specific,0.8843360570859243,83,22,0.26506024096385544,0.9625059869198346,0.07816992983391025
GSM4138111,20,2,cDC2_CD33,specific,0.816848023262245,83,19,0.2289156626506024,0.9663244988467211,0.14947647558447608
GSM4138144,20,3,Mono_CD16,specific,0.9668495044311832,82,63,0.7682926829268293,0.9743614965188957,0.007511992087712471
GSM4138150,20,2,cDC2_CD33,specific,0.9104178317197877,79,14,0.17721518987341772,,
GSM4138158,20,2,cDC2_CD33,specific,0.9195830424091649,79,21,0.26582278481012656,0.9728171800182522,0.05323413760908735
GSM4138148,20,1,Monocyte_family,family,0.9868284210311707,79,79,1.0,0.9868284210311707,0.0
GSM4138114,20,3,Mono_CD16,specific,0.963027052885596,78,60,0.7692307692307693,0.9638175783207804,0.0007905254351844304
GSM4138125,20,2,cDC2_CD33,specific,0.8157946822614668,78,3,0.038461538461538464,,
GSM4138137,20,1,Monocyte_family,family,0.9266433143547264,77,42,0.5454545454545454,0.9724484371218688,0.04580512276714244
GSM4138124,20,3,Mono_CD16,specific,0.9634691071650187,77,48,0.6233766233766234,0.969665210227224,0.006196103062205305
GSM4138165,20,2,cDC2_CD33,specific,0.8666585330276435,76,21,0.27631578947368424,0.9648130823993767,0.09815454937173318
GSM4138133,20,4,Macrophage_family,family,0.8179038644737414,76,70,0.9210526315789473,0.8306584963468947,0.012754631873153288
GSM4138124,20,2,cDC2_CD33,specific,0.910756498368134,76,8,0.10526315789473684,,
GSM4138129,20,2,cDC2_CD33,specific,0.8534101940139291,75,9,0.12,,
GSM4138164,20,1,Monocyte_family,family,0.9841315454969644,75,75,1.0,0.9841315454969644,0.0
GSM4138146,20,2,cDC2_CD33,specific,0.8990723689251013,75,29,0.38666666666666666,0.9535751433901899,0.054502774465088555
GSM4138133,20,2,cDC2_CD33,specific,0.8968951922369421,75,7,0.09333333333333334,,
GSM4138139,20,1,Monocyte_family,family,0.9095189314357607,74,60,0.8108108108108109,0.9421450325110029,0.03262610107524222
GSM4138161,20,1,Monocyte_family,family,0.9200322143803084,73,67,0.9178082191780822,0.9232866297825131,0.0032544154022047245
GSM4138125,20,1,Monocyte_family,family,0.9407390196935971,71,67,0.9436619718309859,0.9764491921665315,0.0357101724729344
GSM4138115,20,2,cDC2_CD33,specific,0.8634252962305127,71,17,0.23943661971830985,0.9901582049673703,0.1267329087368576
GSM4138131,20,2,cDC2_CD33,specific,0.9185912077675323,71,5,0.07042253521126761,,
GSM4138112,20,2,cDC2_CD33,specific,0.8815752265192545,69,23,0.3333333333333333,0.9670038724911083,0.08542864597185384
GSM4138150,20,1,Monocyte_family,family,0.9708753005372068,69,69,1.0,0.9708753005372068,0.0
GSM4138117,20,4,Macrophage_family,family,0.7997388777233599,69,68,0.9855072463768116,0.8056321794963098,0.005893301772949888
GSM4138131,20,11,DC_family,family,0.8579693528816623,65,64,0.9846153846153847,0.8513703224154598,-0.006599030466202471
GSM4138167,20,3,Mono_CD16,specific,0.9613678480935791,64,29,0.453125,0.9625303423920475,0.001162494298468375
GSM4138155,20,9,Macrophage_family,family,0.784948900100905,64,62,0.96875,0.790715282481533,0.005766382380627988
GSM4138139,20,9,Macrophage_family,family,0.8438725436649019,63,59,0.9365079365079365,0.8382706912450167,-0.0056018524198852004
GSM4138117,20,2,cDC2_CD33,specific,0.8186178406601066,62,13,0.20967741935483872,,
GSM4138139,20,13,Mast,specific,0.966827109414383,59,59,1.0,0.966827109414383,0.0
GSM4138148,20,2,cDC2_CD33,specific,0.8794938603800935,59,30,0.5084745762711864,0.9694416070410731,0.0899477466609796
GSM4138141,20,4,Macrophage_family,family,0.8906383968747128,56,53,0.9464285714285714,0.8949533660855862,0.004314969210873376
GSM4138157,20,2,cDC2_CD33,specific,0.8703010604663866,55,8,0.14545454545454545,,
GSM4138143,20,1,Monocyte_family,family,0.9464242758653566,53,51,0.9622641509433962,0.9507700622670672,0.004345786401710572
GSM4138135,20,1,Monocyte_family,family,0.9524366656412898,53,37,0.6981132075471698,0.9816231447763011,0.029186479135011267
GSM4138137,20,2,cDC2_CD33,specific,0.9648003745806719,52,0,0.0,,
GSM4138113,20,2,cDC2_CD33,specific,0.8428013817696735,51,11,0.21568627450980393,,
GSM4138155,20,4,Macrophage_family,family,0.833854176998833,51,40,0.7843137254901961,0.9032676012163018,0.06941342421746877
GSM4138141,20,11,DC_family,family,0.8792801775913128,51,51,1.0,0.8792801775913128,0.0
GSM4138129,20,1,Monocyte_family,family,0.9497052868109082,50,46,0.92,0.9697822191155416,0.020076932304633477
GSM4138164,20,2,cDC2_CD33,specific,0.8837405024252789,50,23,0.46,0.9689070127254621,0.08516651030018318
GSM4138126,20,3,Mono_CD16,specific,0.986121566166167,49,23,0.46938775510204084,1.0,0.013878433833833026
GSM4138160,20,3,Mono_CD16,specific,0.9806264650559819,49,35,0.7142857142857143,0.9894998770855303,0.008873412029548389
GSM4138137,20,9,Macrophage_family,family,0.917078555460309,47,47,1.0,0.917078555460309,0.0
GSM4138155,20,7,DC_family,family,0.8468860458523446,46,46,1.0,0.8468860458523446,0.0
GSM4138143,20,11,DC_family,family,0.8197670719706046,45,45,1.0,0.8197670719706046,0.0
GSM4138125,20,4,Macrophage_family,family,0.8557007579622591,43,43,1.0,0.8557007579622591,0.0
GSM4138150,20,3,Mono_CD16,specific,0.9740456671545703,43,34,0.7906976744186046,0.9780278176956836,0.003982150541113283
GSM4138141,20,3,Mono_CD16,specific,0.9638958579707971,42,29,0.6904761904761905,0.9795622594124764,0.0156664014416793
GSM4138148,20,3,Mono_CD16,specific,0.9683296849104478,41,34,0.8292682926829268,0.9692635348384981,0.0009338499280503454
GSM4138155,20,11,DC_family,family,0.8628185273664342,39,39,1.0,0.8628185273664342,0.0
GSM4138154,20,3,Mono_CD16,specific,0.9432574029153669,37,29,0.7837837837837838,0.949913386237432,0.006655983322065184
GSM4138141,20,7,DC_family,family,0.8895003476296034,37,37,1.0,0.8895003476296034,0.0
GSM4138119,20,2,cDC2_CD33,specific,0.807851102246059,37,4,0.10810810810810811,,
GSM4138111,20,3,Mono_CD16,specific,0.9206457999414346,36,28,0.7777777777777778,0.909342322893809,-0.011303477047625576
GSM4138131,20,1,Monocyte_family,family,0.9259805903622866,35,28,0.8,0.9684381801833579,0.042457589821071284
GSM4138123,20,2,cDC2_CD33,specific,0.9442195242456249,34,2,0.058823529411764705,,
GSM4138121,20,1,Monocyte_family,family,0.9325439424259765,34,30,0.8823529411764706,0.9629822352615744,0.030438292835597958
GSM4138163,20,3,Mono_CD16,specific,0.9880314719418812,33,23,0.696969696969697,0.9838436758508947,-0.0041877960909865175
GSM4138159,20,1,Monocyte_family,family,0.9583003372717271,32,27,0.84375,0.9751981443608017,0.016897807089074512
GSM4138127,20,2,cDC2_CD33,specific,0.934702142924306,32,2,0.0625,,
GSM4138143,20,13,Mast,specific,0.9748135904112316,31,31,1.0,0.9748135904112316,0.0
GSM4138113,20,1,Monocyte_family,family,0.9701506329879526,31,29,0.9354838709677419,0.9794186665986164,0.009268033610663862
GSM4138120,20,3,Mono_CD16,specific,0.9526705053867545,31,23,0.7419354838709677,0.9588747802017235,0.006204274814968991
GSM4138129,20,4,Macrophage_family,family,0.9031546217386274,31,30,0.967741935483871,0.911366801888853,0.008212180150225623
GSM4138164,20,3,Mono_CD16,specific,0.9603152608349528,30,21,0.7,0.9829393430119403,0.022624082176987526
GSM4138135,20,11,DC_family,family,0.9436620345371954,30,30,1.0,0.9436620345371954,0.0
GSM4138119,20,1,Monocyte_family,family,0.8557867885678219,30,28,0.9333333333333333,0.9330415587768627,0.07725477020904081
GSM4138111,20,13,Mast,specific,0.9059125026497903,29,29,1.0,0.9059125026497903,0.0
GSM4138111,20,1,Monocyte_family,family,0.8817332444296805,29,24,0.8275862068965517,0.8976604289188616,0.015927184489181068
GSM4138111,20,7,DC_family,family,0.9421729141564511,28,28,1.0,0.9421729141564511,0.0
GSM4138129,20,9,Macrophage_family,family,0.8997206029422584,28,28,1.0,0.8997206029422584,0.0
GSM4138131,20,3,Mono_CD16,specific,0.9686382457301668,28,5,0.17857142857142858,,
GSM4138139,20,7,DC_family,family,0.9699498034605567,27,26,0.9629629629629629,0.9789793063066922,0.009029502846135462
GSM4138145,20,3,Mono_CD16,specific,0.969513271085743,27,12,0.4444444444444444,,
GSM4138143,20,7,DC_family,family,0.9341244823744888,27,27,1.0,0.9341244823744888,0.0
GSM4138159,20,2,cDC2_CD33,specific,0.9442113328178601,26,0,0.0,,
GSM4138119,20,9,Macrophage_family,family,0.9064369292655693,25,25,1.0,0.9064369292655693,0.0
GSM4138153,20,2,cDC2_CD33,specific,0.9444222930047869,24,4,0.16666666666666666,,
GSM4138135,20,9,Macrophage_family,family,0.9319274537371514,24,24,1.0,0.9319274537371514,0.0
GSM4138115,20,7,DC_family,family,0.9506077518841016,24,24,1.0,0.9506077518841016,0.0
GSM4138123,20,11,DC_family,family,0.9558930587682362,24,23,0.9583333333333334,0.9560383279489811,0.00014526918074497797
GSM4138159,20,7,DC_family,family,0.8829285891253892,24,23,0.9583333333333334,0.8687139058879504,-0.014214683237438797
GSM4138158,20,3,Mono_CD16,specific,0.9839465077781601,23,19,0.8260869565217391,0.9852479955603701,0.0013014877822100646
GSM4138131,20,7,DC_family,family,0.9265960736590514,23,23,1.0,0.9265960736590514,0.0
GSM4138133,20,7,DC_family,family,0.9505907402729513,23,23,1.0,0.9505907402729513,0.0
GSM4138139,20,11,DC_family,family,0.9422756010989471,22,22,1.0,0.9422756010989471,0.0
GSM4138145,20,11,DC_family,family,0.9150097785106474,22,22,1.0,0.9150097785106474,0.0
GSM4138115,20,11,DC_family,family,0.9713539816532648,21,20,0.9523809523809523,0.9714332842774659,7.930262420108303e-05
GSM4138135,20,13,Mast,specific,1.0,21,21,1.0,1.0,0.0
GSM4138159,20,4,Macrophage_family,family,0.9704074075688318,20,17,0.85,0.9851122750025538,0.014704867433722013
GSM4138161,20,7,DC_family,family,0.956628296426271,20,20,1.0,0.956628296426271,0.0
GSM4138143,20,4,Macrophage_family,family,0.8936040260125188,20,20,1.0,0.8936040260125188,0.0
GSM4138155,20,13,Mast,specific,0.9381206978557273,19,19,1.0,0.9381206978557273,0.0
GSM4138157,20,1,Monocyte_family,family,0.9760519546443948,19,15,0.7894736842105263,0.9835387555183346,0.007486800873939825
GSM4138145,20,4,Macrophage_family,family,0.9776996983623805,19,19,1.0,0.9776996983623805,0.0
GSM4138116,20,3,Mono_CD16,specific,0.983849744355374,19,15,0.7894736842105263,0.9836055443637416,-0.0002441999916323878
GSM4138143,20,3,Mono_CD16,specific,0.9897775680840813,19,13,0.6842105263157895,,
GSM4138133,20,11,DC_family,family,0.8761686282530052,19,19,1.0,0.8761686282530052,0.0
GSM4138113,20,3,Mono_CD16,specific,0.9391761103607917,19,12,0.631578947368421,,
GSM4138131,20,13,Mast,specific,0.9764376533440459,18,18,1.0,0.9764376533440459,0.0
GSM4138137,20,11,DC_family,family,0.952252074348237,18,18,1.0,0.952252074348237,0.0
GSM4138133,20,1,Monocyte_family,family,0.9693642877511105,18,10,0.5555555555555556,,
GSM4138157,20,4,Macrophage_family,family,0.9524169648486809,17,17,1.0,0.9524169648486809,0.0
GSM4138139,20,3,Mono_CD16,specific,0.9952564132401812,17,10,0.5882352941176471,,
GSM4138111,20,4,Macrophage_family,family,0.8976404713768388,17,17,1.0,0.8976404713768388,0.0
GSM4138123,20,7,DC_family,family,0.9579282491344728,16,16,1.0,0.9579282491344728,0.0
GSM4138111,20,11,DC_family,family,0.7795758304461559,15,15,1.0,0.7795758304461559,0.0
GSM4138135,20,3,Mono_CD16,specific,0.9886705363624484,15,3,0.2,,
GSM4138115,20,4,Macrophage_family,family,0.9627065891132409,15,10,0.6666666666666666,,
GSM4138117,20,13,Mast,specific,0.9848958966969695,15,15,1.0,0.9848958966969695,0.0
