sample,cluster,ROGUE,n_cells,K,celltype,top_NES
GSM4138134,1,0.9375265302853202,1213,3,Mono_CD14_ID1,2.2976299708461276
GSM4138156,1,0.8872548812707727,921,3,Mono_CD14_ID1,2.2976299708461276
GSM4138126,1,0.952463858652414,758,3,Mono_CD14_ID1,2.2976299708461276
GSM4138135,2,0.6564988257794164,757,3,Mac_CXCL9,1.3058427979691687
GSM4138116,1,0.917358931747166,704,3,Mono_CD14_ID1,2.2976299708461276
GSM4138140,1,0.9132339081662536,702,3,Mono_CD14_ID1,2.2976299708461276
GSM4138142,1,0.8939122300750916,689,3,Mono_CD14_ID1,2.2976299708461276
GSM4138132,1,0.924501759892542,643,3,Mono_CD14_ID1,2.2976299708461276
GSM4138136,1,0.900254442022012,641,3,Mono_CD14_ID1,2.2976299708461276
GSM4138110,1,0.9189053976740236,628,3,Mono_CD14_ID1,2.2976299708461276
GSM4138120,1,0.8350058803258972,609,3,Mono_CD14_ID1,2.2976299708461276
GSM4138137,2,0.7017061104587874,609,3,Mac_CXCL9,1.3058427979691687
GSM4138123,2,0.6366317250817843,597,3,Mac_CXCL9,1.3058427979691687
GSM4138130,1,0.9144422904626788,586,3,Mono_CD14_ID1,2.2976299708461276
GSM4138138,1,0.8917051116700222,577,3,Mono_CD14_ID1,2.2976299708461276
GSM4138128,1,0.8848603499237071,545,3,Mono_CD14_ID1,2.2976299708461276
GSM4138122,1,0.8848603499237071,545,3,Mono_CD14_ID1,2.2976299708461276
GSM4138131,2,0.651456611089368,538,3,Mac_CXCL9,1.3058427979691687
GSM4138139,2,0.6293473734254722,502,3,Mac_CXCL9,1.3058427979691687
GSM4138162,1,0.8899451442375059,485,3,Mono_CD14_ID1,2.2976299708461276
GSM4138160,1,0.9043595733831084,485,3,Mono_CD14_ID1,2.2976299708461276
GSM4138155,2,0.5335574056956156,472,3,Mac_CXCL9,1.3058427979691687
GSM4138166,1,0.8787661686891861,468,3,Mono_CD14_ID1,2.2976299708461276
GSM4138152,1,0.8579958550273622,462,3,Mono_CD14_ID1,2.2976299708461276
GSM4138146,1,0.8766444694029204,461,3,Mono_CD14_ID1,2.2976299708461276
GSM4138165,1,0.8800031964381653,437,3,Mono_CD14_ID1,2.2976299708461276
GSM4138163,1,0.9087111349062196,424,3,Mono_CD14_ID1,2.2976299708461276
GSM4138125,2,0.6664908644063515,393,3,Mac_CXCL9,1.3058427979691687
GSM4138154,1,0.8306580194411339,356,3,Mono_CD14_ID1,2.2976299708461276
GSM4138112,1,0.8710378138208937,355,3,Mono_CD14_ID1,2.2976299708461276
GSM4138114,1,0.8669014489056055,353,3,Mono_CD14_ID1,2.2976299708461276
GSM4138124,1,0.9287415601125042,341,3,Mono_CD14_ID1,2.2976299708461276
GSM4138167,1,0.8926047298520585,340,3,Mono_CD14_ID1,2.2976299708461276
GSM4138141,1,0.8644043440019915,300,3,Mono_CD14_ID1,2.2976299708461276
GSM4138127,2,0.6670379665961677,300,3,Mac_CXCL9,1.3058427979691687
GSM4138144,1,0.8395818442923761,298,3,Mono_CD14_ID1,2.2976299708461276
GSM4138118,1,0.8707060076322368,292,3,Mono_CD14_ID1,2.2976299708461276
GSM4138145,1,0.8013543644020593,290,3,Mono_CD14_ID1,2.2976299708461276
GSM4138158,1,0.8937477002522067,277,3,Mono_CD14_ID1,2.2976299708461276
GSM4138141,2,0.6376957193379349,257,3,Mac_CXCL9,1.3058427979691687
GSM4138133,2,0.6543184248575297,234,3,Mac_CXCL9,1.3058427979691687
GSM4138161,2,0.6042175339904976,200,3,Mac_CXCL9,1.3058427979691687
GSM4138145,2,0.6592061349125975,197,3,Mac_CXCL9,1.3058427979691687
GSM4138150,1,0.8893628817520021,190,3,Mono_CD14_ID1,2.2976299708461276
GSM4138117,2,0.6832966071943741,182,3,Mac_CXCL9,1.3058427979691687
GSM4138148,1,0.8320514530999539,178,3,Mono_CD14_ID1,2.2976299708461276
GSM4138143,1,0.8192126481446224,176,3,Mono_CD14_ID1,2.2976299708461276
GSM4138143,2,0.6109645173967979,170,3,Mac_CXCL9,1.3058427979691687
GSM4138155,1,0.7799353402624333,169,3,Mono_CD14_ID1,2.2976299708461276
GSM4138111,2,0.6298627836623951,162,3,Mac_CXCL9,1.3058427979691687
GSM4138129,2,0.7040098082479593,161,3,Mac_CXCL9,1.3058427979691687
GSM4138164,1,0.8498413236837918,155,3,Mono_CD14_ID1,2.2976299708461276
GSM4138111,1,0.7605835059563701,148,3,Mono_CD14_ID1,2.2976299708461276
GSM4138121,2,0.5964377476822584,147,3,Mac_CXCL9,1.3058427979691687
GSM4138117,1,0.796345356628499,143,3,Mono_CD14_ID1,2.2976299708461276
GSM4138161,1,0.8026136883454329,129,3,Mono_CD14_ID1,2.2976299708461276
GSM4138127,1,0.8811718035368108,129,3,Mono_CD14_ID1,2.2976299708461276
GSM4138139,1,0.8282577691269681,125,3,Mono_CD14_ID1,2.2976299708461276
GSM4138125,1,0.856757554094669,124,3,Mono_CD14_ID1,2.2976299708461276
GSM4138161,3,0.7861723827885154,114,3,DC_pDC,1.34227043674028
GSM4138131,3,0.8727891936617708,112,3,DC_pDC,1.34227043674028
GSM4138157,2,0.6618766993278877,106,3,Mac_CXCL9,1.3058427979691687
GSM4138137,1,0.8967774320378931,103,3,Mono_CD14_ID1,2.2976299708461276
GSM4138115,2,0.6917745653384216,103,3,Mac_CXCL9,1.3058427979691687
GSM4138131,1,0.8872688346219206,102,3,Mono_CD14_ID1,2.2976299708461276
GSM4138113,1,0.7961175146374182,93,3,Mono_CD14_ID1,2.2976299708461276
GSM4138159,2,0.6460334112232176,88,3,Mac_CXCL9,1.3058427979691687
GSM4138129,1,0.8556444866417943,85,3,Mono_CD14_ID1,2.2976299708461276
GSM4138135,1,0.9103715829893828,83,3,Mono_CD14_ID1,2.2976299708461276
GSM4138141,3,0.8934944874676117,75,3,DC_pDC,1.34227043674028
GSM4138119,2,0.6025476195857516,74,3,Mac_CXCL9,1.3058427979691687
GSM4138111,3,0.7304192708886548,72,3,DC_pDC,1.34227043674028
GSM4138133,1,0.8842966793807653,63,3,Mono_CD14_ID1,2.2976299708461276
GSM4138155,3,0.8065072308234937,56,3,DC_pDC,1.34227043674028
GSM4138157,1,0.846698337641533,53,3,Mono_CD14_ID1,2.2976299708461276
GSM4138123,3,0.89082161286665,50,3,DC_pDC,1.34227043674028
GSM4138143,3,0.854836173635095,47,3,DC_pDC,1.34227043674028
GSM4138145,3,0.8910345097419601,47,3,DC_pDC,1.34227043674028
GSM4138115,1,0.8733544180322814,46,3,Mono_CD14_ID1,2.2976299708461276
GSM4138113,2,0.6942686935590024,46,3,Mac_CXCL9,1.3058427979691687
GSM4138159,1,0.8770521503913169,46,3,Mono_CD14_ID1,2.2976299708461276
GSM4138119,1,0.8907264916806871,43,3,Mono_CD14_ID1,2.2976299708461276
GSM4138153,2,0.7293645585847299,38,3,Mac_CXCL9,1.3058427979691687
GSM4138113,3,0.7799159025409726,38,3,DC_pDC,1.34227043674028
GSM4138121,1,0.8957715012116396,37,3,Mono_CD14_ID1,2.2976299708461276
GSM4138127,3,0.8841099372340152,33,3,DC_pDC,1.34227043674028
GSM4138147,3,0.8610042948818039,32,3,DC_pDC,1.34227043674028
GSM4138129,3,0.9162232384408976,28,3,DC_pDC,1.34227043674028
GSM4138149,2,0.7844084055793299,28,3,Mac_CXCL9,1.3058427979691687
GSM4138112,3,0.9480145225252716,25,3,DC_pDC,1.34227043674028
GSM4138123,1,0.9385981078063116,24,3,Mono_CD14_ID1,2.2976299708461276
GSM4138153,1,0.8706846332766258,24,3,Mono_CD14_ID1,2.2976299708461276
GSM4138139,3,0.9288264594772754,24,3,DC_pDC,1.34227043674028
GSM4138160,3,0.9637168406872292,23,3,DC_pDC,1.34227043674028
GSM4138133,3,0.968913729778171,22,3,DC_pDC,1.34227043674028
GSM4138110,3,0.9492793865854678,21,3,DC_pDC,1.34227043674028
GSM4138115,3,0.937336703195328,21,3,DC_pDC,1.34227043674028
GSM4138122,3,0.9671572886913488,20,3,DC_pDC,1.34227043674028
GSM4138128,3,0.9671572886913488,20,3,DC_pDC,1.34227043674028
GSM4138168,3,0.9011449212070114,20,3,DC_pDC,1.34227043674028
GSM4138170,2,0.9093490045761848,19,3,Mac_CXCL9,1.3058427979691687
GSM4138135,3,0.9277395526018996,19,3,DC_pDC,1.34227043674028
GSM4138162,3,0.9844611143723536,17,3,DC_pDC,1.34227043674028
GSM4138130,3,0.9655214820192856,17,3,DC_pDC,1.34227043674028
GSM4138157,3,0.9372135155166408,17,3,DC_pDC,1.34227043674028
GSM4138172,1,0.8942882041960688,17,3,Mono_CD14_ID1,2.2976299708461276
GSM4138163,3,0.9903020421816136,16,3,DC_pDC,1.34227043674028
GSM4138147,2,0.8054698739036412,16,3,Mac_CXCL9,1.3058427979691687
GSM4138151,3,0.962833882807993,16,3,DC_pDC,1.34227043674028
GSM4138172,2,0.9155732980030667,16,3,Mac_CXCL9,1.3058427979691687
GSM4138121,3,0.9032983957695008,16,3,DC_pDC,1.34227043674028
GSM4138134,3,0.975264804294986,15,3,DC_pDC,1.34227043674028
GSM4138117,3,0.8988714761016199,15,3,DC_pDC,1.34227043674028
GSM4138134,1,0.9375265302853202,1213,4,Mono_CD14_ID1,2.307140337299911
GSM4138156,1,0.8898235532929372,919,4,Mono_CD14_ID1,2.307140337299911
GSM4138126,1,0.952463858652414,758,4,Mono_CD14_ID1,2.307140337299911
GSM4138116,1,0.9194511038188076,703,4,Mono_CD14_ID1,2.307140337299911
GSM4138140,1,0.9181030810489228,700,4,Mono_CD14_ID1,2.307140337299911
GSM4138142,1,0.8939122300750916,689,4,Mono_CD14_ID1,2.307140337299911
GSM4138132,1,0.924501759892542,643,4,Mono_CD14_ID1,2.307140337299911
GSM4138136,1,0.900254442022012,641,4,Mono_CD14_ID1,2.307140337299911
GSM4138110,1,0.9189053976740236,628,4,Mono_CD14_ID1,2.307140337299911
GSM4138120,1,0.8350058803258972,609,4,Mono_CD14_ID1,2.307140337299911
GSM4138130,1,0.9145429713993988,585,4,Mono_CD14_ID1,2.307140337299911
GSM4138138,1,0.8946940598911253,576,4,Mono_CD14_ID1,2.307140337299911
GSM4138123,2,0.6374608015596221,562,4,Mac_CXCL9,1.3409065287561508
GSM4138122,1,0.8882989825751952,543,4,Mono_CD14_ID1,2.307140337299911
GSM4138128,1,0.8882989825751952,543,4,Mono_CD14_ID1,2.307140337299911
GSM4138135,2,0.6956905630594556,521,4,Mac_CXCL9,1.3409065287561508
GSM4138160,1,0.9043595733831084,485,4,Mono_CD14_ID1,2.307140337299911
GSM4138162,1,0.8899451442375059,485,4,Mono_CD14_ID1,2.307140337299911
GSM4138137,2,0.7122106249424418,469,4,Mac_CXCL9,1.3409065287561508
GSM4138166,1,0.8748052691542805,467,4,Mono_CD14_ID1,2.307140337299911
GSM4138146,1,0.8766444694029204,461,4,Mono_CD14_ID1,2.307140337299911
GSM4138152,1,0.861871870831414,461,4,Mono_CD14_ID1,2.307140337299911
GSM4138165,1,0.8800031964381653,437,4,Mono_CD14_ID1,2.307140337299911
GSM4138131,2,0.6865194434418933,436,4,Mac_CXCL9,1.3409065287561508
GSM4138163,1,0.9087111349062196,424,4,Mono_CD14_ID1,2.307140337299911
GSM4138125,2,0.6781620077310064,383,4,Mac_CXCL9,1.3409065287561508
GSM4138112,1,0.8692096204364403,354,4,Mono_CD14_ID1,2.307140337299911
GSM4138114,1,0.8727743280621546,352,4,Mono_CD14_ID1,2.307140337299911
GSM4138154,1,0.8554243030770464,352,4,Mono_CD14_ID1,2.307140337299911
GSM4138139,2,0.6689479468258397,349,4,Mac_CXCL9,1.3409065287561508
GSM4138124,1,0.9287415601125042,341,4,Mono_CD14_ID1,2.307140337299911
GSM4138167,1,0.8926047298520585,340,4,Mono_CD14_ID1,2.307140337299911
GSM4138155,2,0.5747932083159533,319,4,Mac_CXCL9,1.3409065287561508
GSM4138144,1,0.8395818442923761,298,4,Mono_CD14_ID1,2.307140337299911
GSM4138141,1,0.8683274332887482,294,4,Mono_CD14_ID1,2.307140337299911
GSM4138118,1,0.8707060076322368,292,4,Mono_CD14_ID1,2.307140337299911
GSM4138145,1,0.795396596243545,279,4,Mono_CD14_ID1,2.307140337299911
GSM4138158,1,0.8934536144496751,275,4,Mono_CD14_ID1,2.307140337299911
GSM4138133,2,0.6503142241578368,250,4,Mac_CXCL9,1.3409065287561508
GSM4138141,2,0.6441906769873009,245,4,Mac_CXCL9,1.3409065287561508
GSM4138135,4,0.7431930830339346,206,4,Mac_IL1B,1.35887232401585
GSM4138143,2,0.6323006355725633,196,4,Mac_CXCL9,1.3409065287561508
GSM4138150,1,0.8893628817520021,190,4,Mono_CD14_ID1,2.307140337299911
GSM4138155,1,0.7700529991813994,189,4,Mono_CD14_ID1,2.307140337299911
GSM4138111,2,0.604012101052005,179,4,Mac_CXCL9,1.3409065287561508
GSM4138117,2,0.6768969940567736,178,4,Mac_CXCL9,1.3409065287561508
GSM4138148,1,0.8433939758251854,177,4,Mono_CD14_ID1,2.307140337299911
GSM4138145,2,0.6623639036020814,172,4,Mac_CXCL9,1.3409065287561508
GSM4138127,2,0.6820641103681071,165,4,Mac_CXCL9,1.3409065287561508
GSM4138164,1,0.8498413236837918,155,4,Mono_CD14_ID1,2.307140337299911
GSM4138127,1,0.8740052546525878,148,4,Mono_CD14_ID1,2.307140337299911
GSM4138143,1,0.8119754737607391,147,4,Mono_CD14_ID1,2.307140337299911
GSM4138161,2,0.6091342648864404,147,4,Mac_CXCL9,1.3409065287561508
GSM4138117,1,0.7924811537183419,145,4,Mono_CD14_ID1,2.307140337299911
GSM4138139,1,0.8512745766547406,142,4,Mono_CD14_ID1,2.307140337299911
GSM4138155,4,0.6862845367208752,137,4,Mac_IL1B,1.35887232401585
GSM4138139,4,0.8084416438187683,137,4,Mac_IL1B,1.35887232401585
GSM4138161,1,0.8066222726705019,137,4,Mono_CD14_ID1,2.307140337299911
GSM4138129,2,0.7180417336720439,133,4,Mac_CXCL9,1.3409065287561508
GSM4138125,1,0.8597859015246782,130,4,Mono_CD14_ID1,2.307140337299911
GSM4138137,4,0.7802254672128748,129,4,Mac_IL1B,1.35887232401585
GSM4138111,1,0.7719263449117347,127,4,Mono_CD14_ID1,2.307140337299911
GSM4138115,2,0.7005367547853906,122,4,Mac_CXCL9,1.3409065287561508
GSM4138131,1,0.8473425991784402,117,4,Mono_CD14_ID1,2.307140337299911
GSM4138127,4,0.7735484817142165,117,4,Mac_IL1B,1.35887232401585
GSM4138137,1,0.8816264909047027,114,4,Mono_CD14_ID1,2.307140337299911
GSM4138135,1,0.9020158123485298,114,4,Mono_CD14_ID1,2.307140337299911
GSM4138161,3,0.7961539325378617,113,4,DC_pDC,1.3477762324216638
GSM4138131,3,0.8805059006911912,111,4,DC_pDC,1.3477762324216638
GSM4138113,1,0.8020183909418108,92,4,Mono_CD14_ID1,2.307140337299911
GSM4138157,2,0.7065770601739423,91,4,Mac_CXCL9,1.3409065287561508
GSM4138129,1,0.881235890066883,89,4,Mono_CD14_ID1,2.307140337299911
GSM4138131,4,0.7462460856584932,88,4,Mac_IL1B,1.35887232401585
GSM4138121,4,0.7141143672061319,85,4,Mac_IL1B,1.35887232401585
GSM4138159,2,0.6598074354866754,75,4,Mac_CXCL9,1.3409065287561508
GSM4138141,3,0.8916367495065172,74,4,DC_pDC,1.3477762324216638
GSM4138111,3,0.7586753836429339,71,4,DC_pDC,1.3477762324216638
GSM4138119,2,0.5930030785628881,60,4,Mac_CXCL9,1.3409065287561508
GSM4138121,2,0.6704998076722386,57,4,Mac_CXCL9,1.3409065287561508
GSM4138155,3,0.822255839416768,52,4,DC_pDC,1.3477762324216638
GSM4138157,1,0.8641175229199973,51,4,Mono_CD14_ID1,2.307140337299911
GSM4138159,1,0.9247693220083734,50,4,Mono_CD14_ID1,2.307140337299911
GSM4138119,1,0.7652097301772163,50,4,Mono_CD14_ID1,2.307140337299911
GSM4138123,3,0.89082161286665,50,4,DC_pDC,1.3477762324216638
GSM4138143,3,0.8312257644588733,48,4,DC_pDC,1.3477762324216638
GSM4138113,2,0.7136410944873308,47,4,Mac_CXCL9,1.3409065287561508
GSM4138133,1,0.93043632861976,46,4,Mono_CD14_ID1,2.307140337299911
GSM4138145,3,0.9157891509887158,46,4,DC_pDC,1.3477762324216638
GSM4138161,4,0.8245747160094892,46,4,Mac_IL1B,1.35887232401585
GSM4138121,1,0.8405190953348887,43,4,Mono_CD14_ID1,2.307140337299911
GSM4138153,2,0.7057081177465747,43,4,Mac_CXCL9,1.3409065287561508
GSM4138113,3,0.7799159025409726,38,4,DC_pDC,1.3477762324216638
GSM4138145,4,0.8938578333136451,37,4,Mac_IL1B,1.35887232401585
GSM4138123,4,0.8386398489047179,32,4,Mac_IL1B,1.35887232401585
GSM4138147,3,0.8610042948818039,32,4,DC_pDC,1.3477762324216638
GSM4138127,3,0.9002007116477044,32,4,DC_pDC,1.3477762324216638
GSM4138149,2,0.780801232618827,28,4,Mac_CXCL9,1.3409065287561508
GSM4138115,1,0.9339541698481096,28,4,Mono_CD14_ID1,2.307140337299911
GSM4138129,4,0.8503529347465156,27,4,Mac_IL1B,1.35887232401585
GSM4138123,1,0.9321866434337188,27,4,Mono_CD14_ID1,2.307140337299911
GSM4138112,3,0.9480145225252716,25,4,DC_pDC,1.3477762324216638
GSM4138129,3,0.9522192501682016,25,4,DC_pDC,1.3477762324216638
GSM4138160,3,0.9637168406872292,23,4,DC_pDC,1.3477762324216638
GSM4138139,3,0.9353229218665796,23,4,DC_pDC,1.3477762324216638
GSM4138133,3,0.968913729778171,22,4,DC_pDC,1.3477762324216638
GSM4138110,3,0.9492793865854678,21,4,DC_pDC,1.3477762324216638
GSM4138170,2,0.9310118739481325,20,4,Mac_CXCL9,1.3409065287561508
GSM4138128,3,0.9671572886913488,20,4,DC_pDC,1.3477762324216638
GSM4138115,3,0.9465956413034108,20,4,DC_pDC,1.3477762324216638
GSM4138168,3,0.9011449212070114,20,4,DC_pDC,1.3477762324216638
GSM4138122,3,0.9671572886913488,20,4,DC_pDC,1.3477762324216638
GSM4138141,4,0.919475788810371,19,4,Mac_IL1B,1.35887232401585
GSM4138153,1,0.9379991373692308,19,4,Mono_CD14_ID1,2.307140337299911
GSM4138147,2,0.8350821125764198,19,4,Mac_CXCL9,1.3409065287561508
GSM4138171,2,0.9337810089115642,18,4,Mac_CXCL9,1.3409065287561508
GSM4138135,3,0.9478940622923178,18,4,DC_pDC,1.3477762324216638
GSM4138172,2,0.8832833746836937,18,4,Mac_CXCL9,1.3409065287561508
GSM4138157,3,0.9372135155166408,17,4,DC_pDC,1.3477762324216638
GSM4138162,3,0.9844611143723536,17,4,DC_pDC,1.3477762324216638
GSM4138157,4,0.9590931618417232,17,4,Mac_IL1B,1.35887232401585
GSM4138130,3,0.9655214820192856,17,4,DC_pDC,1.3477762324216638
GSM4138163,3,0.9903020421816136,16,4,DC_pDC,1.3477762324216638
GSM4138172,1,0.9159979071124504,15,4,Mono_CD14_ID1,2.307140337299911
GSM4138134,3,0.975264804294986,15,4,DC_pDC,1.3477762324216638
GSM4138121,3,0.8925741955797982,15,4,DC_pDC,1.3477762324216638
GSM4138151,3,0.9660966498243028,15,4,DC_pDC,1.3477762324216638
GSM4138134,1,0.9375265302853202,1213,5,Mono_CD14_ID1,2.308379126529838
GSM4138156,1,0.8898235532929372,919,5,Mono_CD14_ID1,2.308379126529838
GSM4138126,1,0.952463858652414,758,5,Mono_CD14_ID1,2.308379126529838
GSM4138116,1,0.9194511038188076,703,5,Mono_CD14_ID1,2.308379126529838
GSM4138140,1,0.9181030810489228,700,5,Mono_CD14_ID1,2.308379126529838
GSM4138142,1,0.8939122300750916,689,5,Mono_CD14_ID1,2.308379126529838
GSM4138132,1,0.924501759892542,643,5,Mono_CD14_ID1,2.308379126529838
GSM4138136,1,0.900254442022012,641,5,Mono_CD14_ID1,2.308379126529838
GSM4138110,1,0.9189053976740236,628,5,Mono_CD14_ID1,2.308379126529838
GSM4138120,1,0.8350058803258972,609,5,Mono_CD14_ID1,2.308379126529838
GSM4138130,1,0.9145429713993988,585,5,Mono_CD14_ID1,2.308379126529838
GSM4138138,1,0.8946940598911253,576,5,Mono_CD14_ID1,2.308379126529838
GSM4138123,2,0.666782490478695,550,5,Mac_CXCL9,1.334929204562302
GSM4138122,1,0.888430729830415,544,5,Mono_CD14_ID1,2.308379126529838
GSM4138128,1,0.888430729830415,544,5,Mono_CD14_ID1,2.308379126529838
GSM4138135,2,0.7087859089894566,493,5,Mac_CXCL9,1.334929204562302
GSM4138162,1,0.8899451442375059,485,5,Mono_CD14_ID1,2.308379126529838
GSM4138160,1,0.9043595733831084,485,5,Mono_CD14_ID1,2.308379126529838
GSM4138166,1,0.8748052691542805,467,5,Mono_CD14_ID1,2.308379126529838
GSM4138146,1,0.8766444694029204,461,5,Mono_CD14_ID1,2.308379126529838
GSM4138152,1,0.861871870831414,461,5,Mono_CD14_ID1,2.308379126529838
GSM4138137,2,0.7252770551626463,460,5,Mac_CXCL9,1.334929204562302
GSM4138165,1,0.8800031964381653,437,5,Mono_CD14_ID1,2.308379126529838
GSM4138163,1,0.9087111349062196,424,5,Mono_CD14_ID1,2.308379126529838
GSM4138131,2,0.70487932427237,409,5,Mac_CXCL9,1.334929204562302
GSM4138125,2,0.6845844622939111,379,5,Mac_CXCL9,1.334929204562302
GSM4138112,1,0.8692096204364403,354,5,Mono_CD14_ID1,2.308379126529838
GSM4138114,1,0.8727743280621546,352,5,Mono_CD14_ID1,2.308379126529838
GSM4138154,1,0.8554243030770464,352,5,Mono_CD14_ID1,2.308379126529838
GSM4138167,1,0.8926047298520585,340,5,Mono_CD14_ID1,2.308379126529838
GSM4138124,1,0.9286797788464348,340,5,Mono_CD14_ID1,2.308379126529838
GSM4138155,2,0.5764498656311816,300,5,Mac_CXCL9,1.334929204562302
GSM4138144,1,0.8395818442923761,298,5,Mono_CD14_ID1,2.308379126529838
GSM4138141,1,0.8683274332887482,294,5,Mono_CD14_ID1,2.308379126529838
GSM4138118,1,0.8707060076322368,292,5,Mono_CD14_ID1,2.308379126529838
GSM4138139,2,0.691754213376736,286,5,Mac_CXCL9,1.334929204562302
GSM4138145,1,0.794564535315921,283,5,Mono_CD14_ID1,2.308379126529838
GSM4138158,1,0.8925965768186321,276,5,Mono_CD14_ID1,2.308379126529838
GSM4138133,2,0.6531416439980401,239,5,Mac_CXCL9,1.334929204562302
GSM4138141,2,0.6530014377900972,235,5,Mac_CXCL9,1.334929204562302
GSM4138135,4,0.7455364916872056,209,5,Mac_IL1B,1.360238756347714
GSM4138155,1,0.7678295423707263,190,5,Mono_CD14_ID1,2.308379126529838
GSM4138150,1,0.8893628817520021,190,5,Mono_CD14_ID1,2.308379126529838
GSM4138148,1,0.8433939758251854,177,5,Mono_CD14_ID1,2.308379126529838
GSM4138145,2,0.6604202553332438,166,5,Mac_CXCL9,1.334929204562302
GSM4138127,2,0.6707316859581609,164,5,Mac_CXCL9,1.334929204562302
GSM4138143,2,0.6493285550939301,159,5,Mac_CXCL9,1.334929204562302
GSM4138117,2,0.6903560859932671,157,5,Mac_CXCL9,1.334929204562302
GSM4138164,1,0.8498413236837918,155,5,Mono_CD14_ID1,2.308379126529838
GSM4138143,1,0.8102051526021767,153,5,Mono_CD14_ID1,2.308379126529838
GSM4138117,1,0.7938389863817706,150,5,Mono_CD14_ID1,2.308379126529838
GSM4138127,1,0.8711429173309513,148,5,Mono_CD14_ID1,2.308379126529838
GSM4138139,1,0.834290847198747,145,5,Mono_CD14_ID1,2.308379126529838
GSM4138161,1,0.80924039533667,140,5,Mono_CD14_ID1,2.308379126529838
GSM4138111,2,0.6195726228401437,139,5,Mac_CXCL9,1.334929204562302
GSM4138139,4,0.8084416438187683,137,5,Mac_IL1B,1.360238756347714
GSM4138111,1,0.7534022936455689,137,5,Mono_CD14_ID1,2.308379126529838
GSM4138161,2,0.5998862160810031,136,5,Mac_CXCL9,1.334929204562302
GSM4138155,4,0.6830662760832653,136,5,Mac_IL1B,1.360238756347714
GSM4138137,4,0.7771255156817489,131,5,Mac_IL1B,1.360238756347714
GSM4138125,1,0.8597859015246782,130,5,Mono_CD14_ID1,2.308379126529838
GSM4138129,2,0.7387712241856241,122,5,Mac_CXCL9,1.334929204562302
GSM4138131,1,0.8426406620104,121,5,Mono_CD14_ID1,2.308379126529838
GSM4138135,1,0.9009569228315604,118,5,Mono_CD14_ID1,2.308379126529838
GSM4138127,4,0.7735484817142165,117,5,Mac_IL1B,1.360238756347714
GSM4138137,1,0.8810181361681796,115,5,Mono_CD14_ID1,2.308379126529838
GSM4138161,3,0.7961539325378617,113,5,DC_pDC,1.3392428913948986
GSM4138131,3,0.8727891936617708,112,5,DC_pDC,1.3392428913948986
GSM4138115,2,0.690773063365853,110,5,Mac_CXCL9,1.334929204562302
GSM4138113,1,0.79875145105165,93,5,Mono_CD14_ID1,2.308379126529838
GSM4138131,4,0.7475409810064171,91,5,Mac_IL1B,1.360238756347714
GSM4138129,1,0.881235890066883,89,5,Mono_CD14_ID1,2.308379126529838
GSM4138121,4,0.7141143672061319,85,5,Mac_IL1B,1.360238756347714
GSM4138157,2,0.7069168911243342,80,5,Mac_CXCL9,1.334929204562302
GSM4138159,2,0.674027261190151,74,5,Mac_CXCL9,1.334929204562302
GSM4138141,3,0.8916367495065172,74,5,DC_pDC,1.3392428913948986
GSM4138111,3,0.7586753836429339,71,5,DC_pDC,1.3392428913948986
GSM4138139,5,0.94695658041952,60,5,Mast,1.2548338661059304
GSM4138121,2,0.6704998076722386,57,5,Mac_CXCL9,1.334929204562302
GSM4138155,3,0.822255839416768,52,5,DC_pDC,1.3392428913948986
GSM4138157,1,0.870021734089935,52,5,Mono_CD14_ID1,2.308379126529838
GSM4138119,2,0.5998489339703665,52,5,Mac_CXCL9,1.334929204562302
GSM4138123,3,0.89082161286665,50,5,DC_pDC,1.3392428913948986
GSM4138119,1,0.7652097301772163,50,5,Mono_CD14_ID1,2.308379126529838
GSM4138159,1,0.9247693220083734,50,5,Mono_CD14_ID1,2.308379126529838
GSM4138133,1,0.9240077724196482,48,5,Mono_CD14_ID1,2.308379126529838
GSM4138143,3,0.8312257644588733,48,5,DC_pDC,1.3392428913948986
GSM4138145,3,0.9157891509887158,46,5,DC_pDC,1.3392428913948986
GSM4138161,4,0.8245747160094892,46,5,Mac_IL1B,1.360238756347714
GSM4138121,1,0.8405190953348887,43,5,Mono_CD14_ID1,2.308379126529838
GSM4138113,2,0.7233294532275388,42,5,Mac_CXCL9,1.334929204562302
GSM4138113,3,0.7799159025409726,38,5,DC_pDC,1.3392428913948986
GSM4138145,4,0.8938578333136451,37,5,Mac_IL1B,1.360238756347714
GSM4138153,2,0.7218035395065683,36,5,Mac_CXCL9,1.334929204562302
GSM4138127,3,0.8841099372340152,33,5,DC_pDC,1.3392428913948986
GSM4138123,4,0.8386398489047179,32,5,Mac_IL1B,1.360238756347714
GSM4138147,3,0.8610042948818039,32,5,DC_pDC,1.3392428913948986
GSM4138143,5,0.9499099441330964,31,5,Mast,1.2548338661059304
GSM4138111,5,0.8494515226370922,30,5,Mast,1.2548338661059304
GSM4138115,1,0.9219370262385554,30,5,Mono_CD14_ID1,2.308379126529838
GSM4138123,1,0.9321866434337188,27,5,Mono_CD14_ID1,2.308379126529838
GSM4138129,4,0.8503529347465156,27,5,Mac_IL1B,1.360238756347714
GSM4138112,3,0.9480145225252716,25,5,DC_pDC,1.3392428913948986
GSM4138129,3,0.9522192501682016,25,5,DC_pDC,1.3392428913948986
GSM4138139,3,0.9353229218665796,23,5,DC_pDC,1.3392428913948986
GSM4138160,3,0.9637168406872292,23,5,DC_pDC,1.3392428913948986
GSM4138133,3,0.968913729778171,22,5,DC_pDC,1.3392428913948986
GSM4138149,2,0.8148251830554915,22,5,Mac_CXCL9,1.334929204562302
GSM4138135,5,0.9632808291710414,21,5,Mast,1.2548338661059304
GSM4138110,3,0.9492793865854678,21,5,DC_pDC,1.3392428913948986
GSM4138168,3,0.9011449212070114,20,5,DC_pDC,1.3392428913948986
GSM4138128,3,0.9671572886913488,20,5,DC_pDC,1.3392428913948986
GSM4138115,3,0.9465956413034108,20,5,DC_pDC,1.3392428913948986
GSM4138122,3,0.9671572886913488,20,5,DC_pDC,1.3392428913948986
GSM4138155,5,0.9304048836734372,19,5,Mast,1.2548338661059304
GSM4138147,2,0.8350821125764198,19,5,Mac_CXCL9,1.334929204562302
GSM4138141,4,0.919475788810371,19,5,Mac_IL1B,1.360238756347714
GSM4138153,1,0.9379991373692308,19,5,Mono_CD14_ID1,2.308379126529838
GSM4138131,5,0.9536975701437346,19,5,Mast,1.2548338661059304
GSM4138135,3,0.9478940622923178,18,5,DC_pDC,1.3392428913948986
GSM4138157,4,0.9590931618417232,17,5,Mac_IL1B,1.360238756347714
GSM4138170,2,0.9265051627810674,17,5,Mac_CXCL9,1.334929204562302
GSM4138130,3,0.9655214820192856,17,5,DC_pDC,1.3392428913948986
GSM4138162,3,0.9844611143723536,17,5,DC_pDC,1.3392428913948986
GSM4138157,3,0.9372135155166408,17,5,DC_pDC,1.3392428913948986
GSM4138171,2,0.9325110308439294,17,5,Mac_CXCL9,1.334929204562302
GSM4138163,3,0.9903020421816136,16,5,DC_pDC,1.3392428913948986
GSM4138172,1,0.9122864895259472,16,5,Mono_CD14_ID1,2.308379126529838
GSM4138151,3,0.9660966498243028,15,5,DC_pDC,1.3392428913948986
GSM4138121,3,0.8925741955797982,15,5,DC_pDC,1.3392428913948986
GSM4138172,2,0.9216226218836469,15,5,Mac_CXCL9,1.334929204562302
GSM4138134,3,0.975264804294986,15,5,DC_pDC,1.3392428913948986
GSM4138117,5,0.9843483876594742,15,5,Mast,1.2548338661059304
GSM4138134,1,0.9375265302853202,1213,6,Mono_CD14_ID1,2.326572227758878
GSM4138156,1,0.8907885105089353,916,6,Mono_CD14_ID1,2.326572227758878
GSM4138126,1,0.952463858652414,758,6,Mono_CD14_ID1,2.326572227758878
GSM4138116,1,0.9295774111559684,701,6,Mono_CD14_ID1,2.326572227758878
GSM4138140,1,0.924279096672715,696,6,Mono_CD14_ID1,2.326572227758878
GSM4138142,1,0.8963430520527795,689,6,Mono_CD14_ID1,2.326572227758878
GSM4138132,1,0.9253129939625812,644,6,Mono_CD14_ID1,2.326572227758878
GSM4138136,1,0.900254442022012,641,6,Mono_CD14_ID1,2.326572227758878
GSM4138110,1,0.9176910357409844,627,6,Mono_CD14_ID1,2.326572227758878
GSM4138120,1,0.8412154880437948,606,6,Mono_CD14_ID1,2.326572227758878
GSM4138130,1,0.9188261994959755,584,6,Mono_CD14_ID1,2.326572227758878
GSM4138138,1,0.9005081203057985,575,6,Mono_CD14_ID1,2.326572227758878
GSM4138128,1,0.8920739564076242,541,6,Mono_CD14_ID1,2.326572227758878
GSM4138122,1,0.8920739564076242,541,6,Mono_CD14_ID1,2.326572227758878
GSM4138160,1,0.9057713160853722,485,6,Mono_CD14_ID1,2.326572227758878
GSM4138162,1,0.8952119611573512,482,6,Mono_CD14_ID1,2.326572227758878
GSM4138166,1,0.8733553639505633,465,6,Mono_CD14_ID1,2.326572227758878
GSM4138146,1,0.8769935391240538,460,6,Mono_CD14_ID1,2.326572227758878
GSM4138152,1,0.864931717562704,459,6,Mono_CD14_ID1,2.326572227758878
GSM4138165,1,0.884697729248654,436,6,Mono_CD14_ID1,2.326572227758878
GSM4138163,1,0.9087111349062196,424,6,Mono_CD14_ID1,2.326572227758878
GSM4138123,3,0.6997505089206588,403,6,Mac_CXCL9,1.2887665203921246
GSM4138135,3,0.7255030220470312,359,6,Mac_CXCL9,1.2887665203921246
GSM4138112,1,0.8686253829069468,353,6,Mono_CD14_ID1,2.326572227758878
GSM4138114,1,0.875653955781842,351,6,Mono_CD14_ID1,2.326572227758878
GSM4138154,1,0.8574007021667321,350,6,Mono_CD14_ID1,2.326572227758878
GSM4138125,3,0.6940412412448298,342,6,Mac_CXCL9,1.2887665203921246
GSM4138167,1,0.8846269032403777,339,6,Mono_CD14_ID1,2.326572227758878
GSM4138124,1,0.9370433623226164,339,6,Mono_CD14_ID1,2.326572227758878
GSM4138137,3,0.7610642986333779,312,6,Mac_CXCL9,1.2887665203921246
GSM4138141,1,0.8420981897101265,303,6,Mono_CD14_ID1,2.326572227758878
GSM4138144,1,0.860386966351058,292,6,Mono_CD14_ID1,2.326572227758878
GSM4138118,1,0.888799470513453,290,6,Mono_CD14_ID1,2.326572227758878
GSM4138131,2,0.6872153580625828,282,6,cDC2_CD1C,1.3800473636571902
GSM4138158,1,0.9031539137762704,272,6,Mono_CD14_ID1,2.326572227758878
GSM4138145,1,0.8078480055258521,258,6,Mono_CD14_ID1,2.326572227758878
GSM4138135,4,0.7415361338846229,228,6,Mac_IL1B,1.3552137471930392
GSM4138155,1,0.7729018528830786,193,6,Mono_CD14_ID1,2.326572227758878
GSM4138150,1,0.8977300136312176,189,6,Mono_CD14_ID1,2.326572227758878
GSM4138155,2,0.6135231649211119,186,6,cDC2_CD1C,1.3800473636571902
GSM4138145,2,0.6852276901437294,178,6,cDC2_CD1C,1.3800473636571902
GSM4138148,1,0.8396361876500869,174,6,Mono_CD14_ID1,2.326572227758878
GSM4138141,2,0.6653146890789745,172,6,cDC2_CD1C,1.3800473636571902
GSM4138139,1,0.8322695936017197,166,6,Mono_CD14_ID1,2.326572227758878
GSM4138139,3,0.7178240083794614,164,6,Mac_CXCL9,1.2887665203921246
GSM4138137,4,0.7583955012911198,157,6,Mac_IL1B,1.3552137471930392
GSM4138117,1,0.7699206010773518,157,6,Mono_CD14_ID1,2.326572227758878
GSM4138164,1,0.8498413236837918,155,6,Mono_CD14_ID1,2.326572227758878
GSM4138127,1,0.8469096862308552,155,6,Mono_CD14_ID1,2.326572227758878
GSM4138135,1,0.8922080030478148,151,6,Mono_CD14_ID1,2.326572227758878
GSM4138143,1,0.791749777940189,145,6,Mono_CD14_ID1,2.326572227758878
GSM4138125,1,0.7926385623827041,143,6,Mono_CD14_ID1,2.326572227758878
GSM4138111,2,0.6305955479755814,142,6,cDC2_CD1C,1.3800473636571902
GSM4138155,4,0.6990948181957328,141,6,Mac_IL1B,1.3552137471930392
GSM4138143,2,0.6747180039986032,141,6,cDC2_CD1C,1.3800473636571902
GSM4138123,2,0.5914852210463404,140,6,cDC2_CD1C,1.3800473636571902
GSM4138139,4,0.8047836821678288,138,6,Mac_IL1B,1.3552137471930392
GSM4138161,2,0.5933032236006683,136,6,cDC2_CD1C,1.3800473636571902
GSM4138137,1,0.8581892155229345,135,6,Mono_CD14_ID1,2.326572227758878
GSM4138133,2,0.6718087824686065,134,6,cDC2_CD1C,1.3800473636571902
GSM4138161,1,0.8202304503224958,133,6,Mono_CD14_ID1,2.326572227758878
GSM4138131,1,0.8638174667423824,130,6,Mono_CD14_ID1,2.326572227758878
GSM4138131,3,0.7779272873037748,125,6,Mac_CXCL9,1.2887665203921246
GSM4138127,2,0.6782115426203172,124,6,cDC2_CD1C,1.3800473636571902
GSM4138111,1,0.7922725043933924,120,6,Mono_CD14_ID1,2.326572227758878
GSM4138127,4,0.7829279956890038,111,6,Mac_IL1B,1.3552137471930392
GSM4138155,3,0.6697673891004201,108,6,Mac_CXCL9,1.2887665203921246
GSM4138161,5,0.8499043389997133,105,6,DC_pDC,1.3027596713777
GSM4138131,5,0.913461076178724,104,6,DC_pDC,1.3027596713777
GSM4138137,2,0.7033793230836625,103,6,cDC2_CD1C,1.3800473636571902
GSM4138139,2,0.6893042252697553,102,6,cDC2_CD1C,1.3800473636571902
GSM4138115,2,0.7037638596922671,98,6,cDC2_CD1C,1.3800473636571902
GSM4138129,1,0.8551358128179852,93,6,Mono_CD14_ID1,2.326572227758878
GSM4138131,4,0.7775017258286413,92,6,Mac_IL1B,1.3552137471930392
GSM4138121,4,0.7175202614370213,89,6,Mac_IL1B,1.3552137471930392
GSM4138133,3,0.7602297780830232,89,6,Mac_CXCL9,1.2887665203921246
GSM4138113,1,0.7893964875653687,89,6,Mono_CD14_ID1,2.326572227758878
GSM4138135,2,0.7235013486916619,82,6,cDC2_CD1C,1.3800473636571902
GSM4138129,3,0.7878692430580398,80,6,Mac_CXCL9,1.2887665203921246
GSM4138117,3,0.7466645315410101,78,6,Mac_CXCL9,1.2887665203921246
GSM4138117,2,0.7119516579500762,74,6,cDC2_CD1C,1.3800473636571902
GSM4138141,5,0.8970108608970236,70,6,DC_pDC,1.3027596713777
GSM4138133,1,0.9046292038323622,66,6,Mono_CD14_ID1,2.326572227758878
GSM4138111,5,0.892028348075645,63,6,DC_pDC,1.3027596713777
GSM4138157,2,0.7464388878043602,60,6,cDC2_CD1C,1.3800473636571902
GSM4138139,6,0.954392453358975,59,6,Mast,1.258749988596526
GSM4138141,3,0.7915096479463997,58,6,Mac_CXCL9,1.2887665203921246
GSM4138159,1,0.9129118316654724,53,6,Mono_CD14_ID1,2.326572227758878
GSM4138157,1,0.8621958174913766,51,6,Mono_CD14_ID1,2.326572227758878
GSM4138159,2,0.6665621110657624,50,6,cDC2_CD1C,1.3800473636571902
GSM4138155,5,0.8258696703545934,50,6,DC_pDC,1.3027596713777
GSM4138119,1,0.8365094186793426,49,6,Mono_CD14_ID1,2.326572227758878
GSM4138123,5,0.8975763485769659,48,6,DC_pDC,1.3027596713777
GSM4138121,1,0.8185911418189278,47,6,Mono_CD14_ID1,2.326572227758878
GSM4138161,4,0.8126676849211145,47,6,Mac_IL1B,1.3552137471930392
GSM4138127,3,0.8193040243753855,45,6,Mac_CXCL9,1.2887665203921246
GSM4138143,5,0.8740057886304822,45,6,DC_pDC,1.3027596713777
GSM4138145,5,0.9147704153933428,45,6,DC_pDC,1.3027596713777
GSM4138113,2,0.6778060945410667,40,6,cDC2_CD1C,1.3800473636571902
GSM4138123,4,0.850900669688246,37,6,Mac_IL1B,1.3552137471930392
GSM4138129,2,0.7800504631899394,36,6,cDC2_CD1C,1.3800473636571902
GSM4138121,2,0.7069869913302286,35,6,cDC2_CD1C,1.3800473636571902
GSM4138113,5,0.8770105097170787,34,6,DC_pDC,1.3027596713777
GSM4138145,4,0.8939454252432264,34,6,Mac_IL1B,1.3552137471930392
GSM4138147,5,0.8800969637734649,31,6,DC_pDC,1.3027596713777
GSM4138123,1,0.8966145867631425,31,6,Mono_CD14_ID1,2.326572227758878
GSM4138143,6,0.9499099441330964,31,6,Mast,1.258749988596526
GSM4138115,1,0.9324939386831456,30,6,Mono_CD14_ID1,2.326572227758878
GSM4138111,6,0.8559705668702753,29,6,Mast,1.258749988596526
GSM4138143,3,0.7919368554148102,29,6,Mac_CXCL9,1.2887665203921246
GSM4138129,4,0.8402327196688483,29,6,Mac_IL1B,1.3552137471930392
GSM4138119,2,0.6960652470966633,28,6,cDC2_CD1C,1.3800473636571902
GSM4138127,5,0.9284696614344656,27,6,DC_pDC,1.3027596713777
GSM4138153,2,0.7969146261347599,27,6,cDC2_CD1C,1.3800473636571902
GSM4138129,5,0.9522192501682016,25,6,DC_pDC,1.3027596713777
GSM4138119,3,0.7313143491943788,25,6,Mac_CXCL9,1.2887665203921246
GSM4138112,5,0.9480145225252716,25,6,DC_pDC,1.3027596713777
GSM4138125,2,0.8534971077858069,24,6,cDC2_CD1C,1.3800473636571902
GSM4138157,3,0.9408619535529938,23,6,Mac_CXCL9,1.2887665203921246
GSM4138139,5,0.9333160959033334,22,6,DC_pDC,1.3027596713777
GSM4138160,5,0.9618161262174572,22,6,DC_pDC,1.3027596713777
GSM4138135,6,0.9632808291710414,21,6,Mast,1.258749988596526
GSM4138171,2,0.9141770879811688,21,6,cDC2_CD1C,1.3800473636571902
GSM4138122,5,0.9671572886913488,20,6,DC_pDC,1.3027596713777
GSM4138153,1,0.9182033351065608,20,6,Mono_CD14_ID1,2.326572227758878
GSM4138133,5,0.9722280129792088,20,6,DC_pDC,1.3027596713777
GSM4138159,3,0.8786936317098702,20,6,Mac_CXCL9,1.2887665203921246
GSM4138110,5,0.9515832936947742,20,6,DC_pDC,1.3027596713777
GSM4138128,5,0.9671572886913488,20,6,DC_pDC,1.3027596713777
GSM4138111,3,0.862317911256509,20,6,Mac_CXCL9,1.2887665203921246
GSM4138168,5,0.9011449212070114,20,6,DC_pDC,1.3027596713777
GSM4138141,4,0.919475788810371,19,6,Mac_IL1B,1.3552137471930392
GSM4138155,6,0.9304048836734372,19,6,Mast,1.258749988596526
GSM4138131,6,0.9536975701437346,19,6,Mast,1.258749988596526
GSM4138115,5,0.919203001648519,18,6,DC_pDC,1.3027596713777
GSM4138135,5,0.9370978128138574,18,6,DC_pDC,1.3027596713777
GSM4138145,3,0.9408731729591974,17,6,Mac_CXCL9,1.2887665203921246
GSM4138157,4,0.9445828450306212,17,6,Mac_IL1B,1.3552137471930392
GSM4138162,5,0.9844611143723536,17,6,DC_pDC,1.3027596713777
GSM4138130,5,0.9655214820192856,17,6,DC_pDC,1.3027596713777
GSM4138149,2,0.8919612725645399,16,6,cDC2_CD1C,1.3800473636571902
GSM4138121,3,0.9157183647459424,16,6,Mac_CXCL9,1.2887665203921246
GSM4138170,2,0.9409297615712336,16,6,cDC2_CD1C,1.3800473636571902
GSM4138163,5,0.9903020421816136,16,6,DC_pDC,1.3027596713777
GSM4138157,5,0.9528870226328386,16,6,DC_pDC,1.3027596713777
GSM4138117,6,0.9843483876594742,15,6,Mast,1.258749988596526
GSM4138134,5,0.975264804294986,15,6,DC_pDC,1.3027596713777
GSM4138151,5,0.9660966498243028,15,6,DC_pDC,1.3027596713777
GSM4138134,1,0.9375265302853202,1213,7,Mono_CD14_ID1,2.301713502236851
GSM4138156,1,0.8962845623652773,912,7,Mono_CD14_ID1,2.301713502236851
GSM4138126,1,0.9524984459421776,757,7,Mono_CD14_ID1,2.301713502236851
GSM4138116,1,0.9295774111559684,701,7,Mono_CD14_ID1,2.301713502236851
GSM4138140,1,0.9257737344992634,692,7,Mono_CD14_ID1,2.301713502236851
GSM4138142,1,0.9002363493779278,686,7,Mono_CD14_ID1,2.301713502236851
GSM4138132,1,0.929738289755978,642,7,Mono_CD14_ID1,2.301713502236851
GSM4138136,1,0.9112063847134528,634,7,Mono_CD14_ID1,2.301713502236851
GSM4138110,1,0.918949879088445,625,7,Mono_CD14_ID1,2.301713502236851
GSM4138120,1,0.8622278369830793,591,7,Mono_CD14_ID1,2.301713502236851
GSM4138130,1,0.9188261994959755,584,7,Mono_CD14_ID1,2.301713502236851
GSM4138138,1,0.9054728130863178,573,7,Mono_CD14_ID1,2.301713502236851
GSM4138128,1,0.903928028039257,535,7,Mono_CD14_ID1,2.301713502236851
GSM4138122,1,0.903928028039257,535,7,Mono_CD14_ID1,2.301713502236851
GSM4138160,1,0.92364123513606,481,7,Mono_CD14_ID1,2.301713502236851
GSM4138162,1,0.9145018391035544,467,7,Mono_CD14_ID1,2.301713502236851
GSM4138166,1,0.8848076657610547,458,7,Mono_CD14_ID1,2.301713502236851
GSM4138146,1,0.8913312494576806,455,7,Mono_CD14_ID1,2.301713502236851
GSM4138152,1,0.8904055571403878,447,7,Mono_CD14_ID1,2.301713502236851
GSM4138165,1,0.8949539722707532,433,7,Mono_CD14_ID1,2.301713502236851
GSM4138123,3,0.694137774916099,419,7,Mac_CXCL9,1.2695971670802024
GSM4138163,1,0.9220566445695576,415,7,Mono_CD14_ID1,2.301713502236851
GSM4138135,3,0.7257495198855404,357,7,Mac_CXCL9,1.2695971670802024
GSM4138112,1,0.8784565288273578,349,7,Mono_CD14_ID1,2.301713502236851
GSM4138154,1,0.870017801971714,346,7,Mono_CD14_ID1,2.301713502236851
GSM4138114,1,0.8903658515412376,345,7,Mono_CD14_ID1,2.301713502236851
GSM4138125,3,0.6941104229368873,339,7,Mac_CXCL9,1.2695971670802024
GSM4138124,1,0.9370433623226164,339,7,Mono_CD14_ID1,2.301713502236851
GSM4138167,1,0.8935792123325513,336,7,Mono_CD14_ID1,2.301713502236851
GSM4138137,3,0.7718618276150674,305,7,Mac_CXCL9,1.2695971670802024
GSM4138141,1,0.854770921929038,295,7,Mono_CD14_ID1,2.301713502236851
GSM4138118,1,0.9025207988684304,288,7,Mono_CD14_ID1,2.301713502236851
GSM4138144,1,0.8892252132518056,278,7,Mono_CD14_ID1,2.301713502236851
GSM4138158,1,0.9196855226314224,268,7,Mono_CD14_ID1,2.301713502236851
GSM4138145,1,0.8297312552595549,231,7,Mono_CD14_ID1,2.301713502236851
GSM4138135,5,0.7385519769302437,229,7,Mac_IL1B,1.3486822725042538
GSM4138131,4,0.678031220438122,191,7,mregDC_LAMP3,1.375038109615292
GSM4138150,1,0.8997570528556955,188,7,Mono_CD14_ID1,2.301713502236851
GSM4138155,1,0.7912713572126411,182,7,Mono_CD14_ID1,2.301713502236851
GSM4138145,2,0.7015004147476431,180,7,cDC2_CD1C,1.35868033717826
GSM4138148,1,0.8521061316511702,169,7,Mono_CD14_ID1,2.301713502236851
GSM4138155,2,0.6422884917266591,169,7,cDC2_CD1C,1.35868033717826
GSM4138137,5,0.755993399760269,169,7,Mac_IL1B,1.3486822725042538
GSM4138139,3,0.717974360354434,164,7,Mac_CXCL9,1.2695971670802024
GSM4138139,1,0.8465946675491668,163,7,Mono_CD14_ID1,2.301713502236851
GSM4138117,1,0.7676244973107385,158,7,Mono_CD14_ID1,2.301713502236851
GSM4138127,1,0.8427202949892902,153,7,Mono_CD14_ID1,2.301713502236851
GSM4138164,1,0.8740532525534911,149,7,Mono_CD14_ID1,2.301713502236851
GSM4138135,1,0.8946750254345798,149,7,Mono_CD14_ID1,2.301713502236851
GSM4138155,5,0.6908883280863721,142,7,Mac_IL1B,1.3486822725042538
GSM4138139,5,0.8042344849273926,140,7,Mac_IL1B,1.3486822725042538
GSM4138137,1,0.8604910749276807,137,7,Mono_CD14_ID1,2.301713502236851
GSM4138131,1,0.8579134262140945,136,7,Mono_CD14_ID1,2.301713502236851
GSM4138143,1,0.8084910478213039,135,7,Mono_CD14_ID1,2.301713502236851
GSM4138131,3,0.7694514522181881,135,7,Mac_CXCL9,1.2695971670802024
GSM4138125,1,0.8248852350191238,133,7,Mono_CD14_ID1,2.301713502236851
GSM4138161,1,0.8384958374182754,126,7,Mono_CD14_ID1,2.301713502236851
GSM4138111,1,0.7798064592491715,125,7,Mono_CD14_ID1,2.301713502236851
GSM4138127,5,0.7751105703555827,111,7,Mac_IL1B,1.3486822725042538
GSM4138127,4,0.6970087580508588,109,7,mregDC_LAMP3,1.375038109615292
GSM4138131,6,0.880324371028394,108,7,DC_pDC,1.2885522395376363
GSM4138161,6,0.8292133355754832,107,7,DC_pDC,1.2885522395376363
GSM4138131,5,0.7633619992388287,101,7,Mac_IL1B,1.3486822725042538
GSM4138143,2,0.7122232770200859,99,7,cDC2_CD1C,1.35868033717826
GSM4138155,3,0.6775524952673037,98,7,Mac_CXCL9,1.2695971670802024
GSM4138141,2,0.7170883189454116,95,7,cDC2_CD1C,1.35868033717826
GSM4138161,2,0.6487782330650107,94,7,cDC2_CD1C,1.35868033717826
GSM4138129,1,0.8686218023032786,91,7,Mono_CD14_ID1,2.301713502236851
GSM4138121,5,0.7101454684010854,90,7,Mac_IL1B,1.3486822725042538
GSM4138133,3,0.7621511401062324,87,7,Mac_CXCL9,1.2695971670802024
GSM4138113,1,0.8004867154603259,86,7,Mono_CD14_ID1,2.301713502236851
GSM4138141,4,0.6732221758302818,81,7,mregDC_LAMP3,1.375038109615292
GSM4138123,4,0.6115792479475911,79,7,mregDC_LAMP3,1.375038109615292
GSM4138117,3,0.7425364318831319,79,7,Mac_CXCL9,1.2695971670802024
GSM4138133,4,0.6775375486633571,78,7,mregDC_LAMP3,1.375038109615292
GSM4138129,3,0.7949800254891609,78,7,Mac_CXCL9,1.2695971670802024
GSM4138115,2,0.7468558305725044,75,7,cDC2_CD1C,1.35868033717826
GSM4138111,4,0.6138377990224945,72,7,mregDC_LAMP3,1.375038109615292
GSM4138141,6,0.8882469191880943,72,7,DC_pDC,1.2885522395376363
GSM4138133,2,0.7680190121702948,67,7,cDC2_CD1C,1.35868033717826
GSM4138137,4,0.7394054883027255,65,7,mregDC_LAMP3,1.375038109615292
GSM4138111,2,0.7295378128309947,65,7,cDC2_CD1C,1.35868033717826
GSM4138111,6,0.8934359830003882,64,7,DC_pDC,1.2885522395376363
GSM4138131,2,0.7918328731147717,62,7,cDC2_CD1C,1.35868033717826
GSM4138139,7,0.954392453358975,59,7,Mast,1.254467271565297
GSM4138143,4,0.7718475034697743,58,7,mregDC_LAMP3,1.375038109615292
GSM4138141,3,0.8008759027399072,57,7,Mac_CXCL9,1.2695971670802024
GSM4138133,1,0.9119652835670318,57,7,Mono_CD14_ID1,2.301713502236851
GSM4138159,1,0.9129118316654724,53,7,Mono_CD14_ID1,2.301713502236851
GSM4138135,4,0.7668044443574016,52,7,mregDC_LAMP3,1.375038109615292
GSM4138139,2,0.8293473023572313,52,7,cDC2_CD1C,1.35868033717826
GSM4138155,6,0.8268653204988696,51,7,DC_pDC,1.2885522395376363
GSM4138117,4,0.727470795884557,51,7,mregDC_LAMP3,1.375038109615292
GSM4138161,5,0.8114694224079796,51,7,Mac_IL1B,1.3486822725042538
GSM4138139,4,0.7227440881705949,51,7,mregDC_LAMP3,1.375038109615292
GSM4138157,1,0.9252692676531036,50,7,Mono_CD14_ID1,2.301713502236851
GSM4138123,6,0.8975763485769659,48,7,DC_pDC,1.2885522395376363
GSM4138157,2,0.7510966897045889,48,7,cDC2_CD1C,1.35868033717826
GSM4138119,1,0.8474649594020736,48,7,Mono_CD14_ID1,2.301713502236851
GSM4138121,1,0.8474225109020267,45,7,Mono_CD14_ID1,2.301713502236851
GSM4138143,6,0.8740057886304822,45,7,DC_pDC,1.2885522395376363
GSM4138145,6,0.9147704153933428,45,7,DC_pDC,1.2885522395376363
GSM4138159,2,0.7157781662283377,45,7,cDC2_CD1C,1.35868033717826
GSM4138123,2,0.6455763359388609,44,7,cDC2_CD1C,1.35868033717826
GSM4138161,4,0.6936451199016369,43,7,mregDC_LAMP3,1.375038109615292
GSM4138127,3,0.8306439812081183,42,7,Mac_CXCL9,1.2695971670802024
GSM4138123,5,0.8511177229852427,38,7,Mac_IL1B,1.3486822725042538
GSM4138155,4,0.7382150634918325,36,7,mregDC_LAMP3,1.375038109615292
GSM4138113,6,0.8770105097170787,34,7,DC_pDC,1.2885522395376363
GSM4138145,5,0.8945708836404935,33,7,Mac_IL1B,1.3486822725042538
GSM4138135,2,0.8117881631097088,32,7,cDC2_CD1C,1.35868033717826
GSM4138143,7,0.9499099441330964,31,7,Mast,1.254467271565297
GSM4138115,1,0.9351809819060564,31,7,Mono_CD14_ID1,2.301713502236851
GSM4138123,1,0.9241570477862304,31,7,Mono_CD14_ID1,2.301713502236851
GSM4138129,5,0.8402974891780033,31,7,Mac_IL1B,1.3486822725042538
GSM4138147,6,0.8800969637734649,31,7,DC_pDC,1.2885522395376363
GSM4138137,2,0.7731409923884223,31,7,cDC2_CD1C,1.35868033717826
GSM4138111,7,0.8570514282209254,28,7,Mast,1.254467271565297
GSM4138127,6,0.9313771396418056,28,7,DC_pDC,1.2885522395376363
GSM4138113,2,0.7634640347091893,28,7,cDC2_CD1C,1.35868033717826
GSM4138119,2,0.6745901993086518,27,7,cDC2_CD1C,1.35868033717826
GSM4138145,4,0.8103893003224396,27,7,mregDC_LAMP3,1.375038109615292
GSM4138125,2,0.8040225941999046,25,7,cDC2_CD1C,1.35868033717826
GSM4138112,6,0.9480145225252716,25,7,DC_pDC,1.2885522395376363
GSM4138129,6,0.9522192501682016,25,7,DC_pDC,1.2885522395376363
GSM4138119,3,0.7414524518292901,24,7,Mac_CXCL9,1.2695971670802024
GSM4138153,2,0.8065777533427834,24,7,cDC2_CD1C,1.35868033717826
GSM4138115,4,0.8812050492925558,23,7,mregDC_LAMP3,1.375038109615292
GSM4138143,3,0.8822325366727419,23,7,Mac_CXCL9,1.2695971670802024
GSM4138139,6,0.9333160959033334,22,7,DC_pDC,1.2885522395376363
GSM4138141,5,0.9141729736401032,22,7,Mac_IL1B,1.3486822725042538
GSM4138129,2,0.8409483270850885,22,7,cDC2_CD1C,1.35868033717826
GSM4138160,6,0.9618161262174572,22,7,DC_pDC,1.2885522395376363
GSM4138117,2,0.9238931255839048,21,7,cDC2_CD1C,1.35868033717826
GSM4138111,3,0.8521959238823552,21,7,Mac_CXCL9,1.2695971670802024
GSM4138135,7,0.9632808291710414,21,7,Mast,1.254467271565297
GSM4138157,5,0.9112295201959008,20,7,Mac_IL1B,1.3486822725042538
GSM4138144,2,0.937086611484638,20,7,cDC2_CD1C,1.35868033717826
GSM4138133,6,0.9722280129792088,20,7,DC_pDC,1.2885522395376363
GSM4138122,6,0.9671572886913488,20,7,DC_pDC,1.2885522395376363
GSM4138168,6,0.9011449212070114,20,7,DC_pDC,1.2885522395376363
GSM4138110,6,0.9515832936947742,20,7,DC_pDC,1.2885522395376363
GSM4138128,6,0.9671572886913488,20,7,DC_pDC,1.2885522395376363
GSM4138121,2,0.8059444281923029,19,7,cDC2_CD1C,1.35868033717826
GSM4138135,6,0.9277395526018996,19,7,DC_pDC,1.2885522395376363
GSM4138127,2,0.9470502276078128,19,7,cDC2_CD1C,1.35868033717826
GSM4138157,3,0.9228938058114718,19,7,Mac_CXCL9,1.2695971670802024
GSM4138155,7,0.9304048836734372,19,7,Mast,1.254467271565297
GSM4138115,6,0.9225313235859188,19,7,DC_pDC,1.2885522395376363
GSM4138131,7,0.9536975701437346,19,7,Mast,1.254467271565297
GSM4138153,1,0.8925676110311169,19,7,Mono_CD14_ID1,2.301713502236851
GSM4138162,2,0.9629668472436136,18,7,cDC2_CD1C,1.35868033717826
GSM4138120,2,0.9252430382036522,18,7,cDC2_CD1C,1.35868033717826
GSM4138171,2,0.91325331721818,18,7,cDC2_CD1C,1.35868033717826
GSM4138159,3,0.8696411088406966,18,7,Mac_CXCL9,1.2695971670802024
GSM4138172,2,0.876801661908376,18,7,cDC2_CD1C,1.35868033717826
GSM4138162,6,0.9844611143723536,17,7,DC_pDC,1.2885522395376363
GSM4138121,4,0.8820498217804347,17,7,mregDC_LAMP3,1.375038109615292
GSM4138130,6,0.9655214820192856,17,7,DC_pDC,1.2885522395376363
GSM4138157,6,0.9528870226328386,16,7,DC_pDC,1.2885522395376363
GSM4138129,4,0.934575891907837,16,7,mregDC_LAMP3,1.375038109615292
GSM4138163,6,0.9903020421816136,16,7,DC_pDC,1.2885522395376363
GSM4138145,3,0.961603309659957,16,7,Mac_CXCL9,1.2695971670802024
GSM4138121,3,0.910672241099196,15,7,Mac_CXCL9,1.2695971670802024
GSM4138134,6,0.975264804294986,15,7,DC_pDC,1.2885522395376363
GSM4138117,7,0.9843483876594742,15,7,Mast,1.254467271565297
GSM4138151,6,0.9660966498243028,15,7,DC_pDC,1.2885522395376363
GSM4138152,2,0.9398797025217304,15,7,cDC2_CD1C,1.35868033717826
GSM4138147,2,0.8958648233412956,15,7,cDC2_CD1C,1.35868033717826
GSM4138134,1,0.9375265302853202,1213,8,Mono_CD14_ID1,2.3006091669265354
GSM4138156,1,0.8962845623652773,912,8,Mono_CD14_ID1,2.3006091669265354
GSM4138126,1,0.9524984459421776,757,8,Mono_CD14_ID1,2.3006091669265354
GSM4138116,1,0.9295774111559684,701,8,Mono_CD14_ID1,2.3006091669265354
GSM4138140,1,0.9257737344992634,692,8,Mono_CD14_ID1,2.3006091669265354
GSM4138142,1,0.9002363493779278,686,8,Mono_CD14_ID1,2.3006091669265354
GSM4138132,1,0.9296274694721512,641,8,Mono_CD14_ID1,2.3006091669265354
GSM4138136,1,0.9112063847134528,634,8,Mono_CD14_ID1,2.3006091669265354
GSM4138110,1,0.918949879088445,625,8,Mono_CD14_ID1,2.3006091669265354
GSM4138120,1,0.8622278369830793,591,8,Mono_CD14_ID1,2.3006091669265354
GSM4138130,1,0.9188261994959755,584,8,Mono_CD14_ID1,2.3006091669265354
GSM4138138,1,0.9054728130863178,573,8,Mono_CD14_ID1,2.3006091669265354
GSM4138128,1,0.903928028039257,535,8,Mono_CD14_ID1,2.3006091669265354
GSM4138122,1,0.903928028039257,535,8,Mono_CD14_ID1,2.3006091669265354
GSM4138160,1,0.92364123513606,481,8,Mono_CD14_ID1,2.3006091669265354
GSM4138162,1,0.9145018391035544,467,8,Mono_CD14_ID1,2.3006091669265354
GSM4138166,1,0.8848076657610547,458,8,Mono_CD14_ID1,2.3006091669265354
GSM4138146,1,0.8913312494576806,455,8,Mono_CD14_ID1,2.3006091669265354
GSM4138152,1,0.8904055571403878,447,8,Mono_CD14_ID1,2.3006091669265354
GSM4138165,1,0.8949539722707532,433,8,Mono_CD14_ID1,2.3006091669265354
GSM4138123,3,0.7056966901536563,422,8,Mac_CXCL9,1.2974044075706868
GSM4138163,1,0.9220566445695576,415,8,Mono_CD14_ID1,2.3006091669265354
GSM4138112,1,0.8784565288273578,349,8,Mono_CD14_ID1,2.3006091669265354
GSM4138154,1,0.870017801971714,346,8,Mono_CD14_ID1,2.3006091669265354
GSM4138114,1,0.8952898969794837,344,8,Mono_CD14_ID1,2.3006091669265354
GSM4138124,1,0.9370433623226164,339,8,Mono_CD14_ID1,2.3006091669265354
GSM4138167,1,0.8935792123325513,336,8,Mono_CD14_ID1,2.3006091669265354
GSM4138125,7,0.7000642563861541,332,8,Mac_SPP1,1.3272933775104103
GSM4138135,3,0.7466090061792985,299,8,Mac_CXCL9,1.2974044075706868
GSM4138141,1,0.8534085921421988,292,8,Mono_CD14_ID1,2.3006091669265354
GSM4138118,1,0.9025207988684304,288,8,Mono_CD14_ID1,2.3006091669265354
GSM4138144,1,0.8892252132518056,278,8,Mono_CD14_ID1,2.3006091669265354
GSM4138158,1,0.9196855226314224,268,8,Mono_CD14_ID1,2.3006091669265354
GSM4138135,5,0.7373910401237708,237,8,Mac_IL1B,1.3478904102579483
GSM4138145,1,0.8318953205630475,232,8,Mono_CD14_ID1,2.3006091669265354
GSM4138137,3,0.798218449741139,228,8,Mac_CXCL9,1.2974044075706868
GSM4138150,1,0.8997570528556955,188,8,Mono_CD14_ID1,2.3006091669265354
GSM4138155,1,0.7830198655286797,184,8,Mono_CD14_ID1,2.3006091669265354
GSM4138131,3,0.7657052548228008,179,8,Mac_CXCL9,1.2974044075706868
GSM4138145,2,0.7004566877662045,179,8,cDC2_CD1C,1.3545989484288088
GSM4138148,1,0.8521061316511702,169,8,Mono_CD14_ID1,2.3006091669265354
GSM4138155,2,0.625158429494278,169,8,cDC2_CD1C,1.3545989484288088
GSM4138117,1,0.7565186077638129,168,8,Mono_CD14_ID1,2.3006091669265354
GSM4138135,1,0.8760816429168722,167,8,Mono_CD14_ID1,2.3006091669265354
GSM4138137,5,0.7543199543957191,165,8,Mac_IL1B,1.3478904102579483
GSM4138139,1,0.8395107245811823,160,8,Mono_CD14_ID1,2.3006091669265354
GSM4138127,1,0.8325987578470584,159,8,Mono_CD14_ID1,2.3006091669265354
GSM4138164,1,0.8740532525534911,149,8,Mono_CD14_ID1,2.3006091669265354
GSM4138137,1,0.86351942208051,144,8,Mono_CD14_ID1,2.3006091669265354
GSM4138131,4,0.6553440377810731,141,8,mregDC_LAMP3,1.3498502853288037
GSM4138131,1,0.8629969982358728,139,8,Mono_CD14_ID1,2.3006091669265354
GSM4138155,5,0.6968803528549797,139,8,Mac_IL1B,1.3478904102579483
GSM4138139,5,0.8023351654865333,139,8,Mac_IL1B,1.3478904102579483
GSM4138143,1,0.8195375659552298,134,8,Mono_CD14_ID1,2.3006091669265354
GSM4138161,1,0.8364628750076347,128,8,Mono_CD14_ID1,2.3006091669265354
GSM4138111,1,0.7573151191946219,128,8,Mono_CD14_ID1,2.3006091669265354
GSM4138127,5,0.7751105703555827,111,8,Mac_IL1B,1.3478904102579483
GSM4138125,1,0.8740194371725551,109,8,Mono_CD14_ID1,2.3006091669265354
GSM4138131,6,0.8808569845713285,109,8,DC_pDC,1.286446554916435
GSM4138127,4,0.694609755813069,107,8,mregDC_LAMP3,1.3498502853288037
GSM4138161,6,0.8292133355754832,107,8,DC_pDC,1.286446554916435
GSM4138131,5,0.7561235553096497,104,8,Mac_IL1B,1.3478904102579483
GSM4138139,3,0.7872554345444164,96,8,Mac_CXCL9,1.2974044075706868
GSM4138143,2,0.7165353824123863,96,8,cDC2_CD1C,1.3545989484288088
GSM4138141,2,0.713023639104498,95,8,cDC2_CD1C,1.3545989484288088
GSM4138161,2,0.6487782330650107,94,8,cDC2_CD1C,1.3545989484288088
GSM4138129,1,0.8752548058735793,92,8,Mono_CD14_ID1,2.3006091669265354
GSM4138121,5,0.6982498348295687,91,8,Mac_IL1B,1.3478904102579483
GSM4138113,1,0.797215949100031,88,8,Mono_CD14_ID1,2.3006091669265354
GSM4138141,4,0.6864874624166977,76,8,mregDC_LAMP3,1.3498502853288037
GSM4138115,2,0.7412897505103714,74,8,cDC2_CD1C,1.3545989484288088
GSM4138133,4,0.6830011464829217,73,8,mregDC_LAMP3,1.3498502853288037
GSM4138141,6,0.8882469191880943,72,8,DC_pDC,1.286446554916435
GSM4138137,7,0.7549502931024112,71,8,Mac_SPP1,1.3272933775104103
GSM4138123,4,0.6339999897295099,71,8,mregDC_LAMP3,1.3498502853288037
GSM4138111,4,0.6366291764582162,71,8,mregDC_LAMP3,1.3498502853288037
GSM4138133,1,0.8878702596954421,68,8,Mono_CD14_ID1,2.3006091669265354
GSM4138139,7,0.7253198692609512,68,8,Mac_SPP1,1.3272933775104103
GSM4138133,3,0.7425318412898495,68,8,Mac_CXCL9,1.2974044075706868
GSM4138155,7,0.6590969422899818,67,8,Mac_SPP1,1.3272933775104103
GSM4138117,3,0.7697666163826173,67,8,Mac_CXCL9,1.2974044075706868
GSM4138137,4,0.744982579872684,66,8,mregDC_LAMP3,1.3498502853288037
GSM4138133,2,0.7634162621141619,66,8,cDC2_CD1C,1.3545989484288088
GSM4138141,3,0.7946094248972597,64,8,Mac_CXCL9,1.2974044075706868
GSM4138111,6,0.8934359830003882,64,8,DC_pDC,1.286446554916435
GSM4138111,2,0.7175171168771153,64,8,cDC2_CD1C,1.3545989484288088
GSM4138139,8,0.954392453358975,59,8,Mast,1.2515870725222875
GSM4138143,4,0.7718475034697743,58,8,mregDC_LAMP3,1.3498502853288037
GSM4138131,2,0.7852492532829344,58,8,cDC2_CD1C,1.3545989484288088
GSM4138139,2,0.823099057002914,54,8,cDC2_CD1C,1.3545989484288088
GSM4138135,4,0.758695706842408,54,8,mregDC_LAMP3,1.3498502853288037
GSM4138159,1,0.9129118316654724,53,8,Mono_CD14_ID1,2.3006091669265354
GSM4138161,5,0.7874038607482015,53,8,Mac_IL1B,1.3478904102579483
GSM4138139,4,0.7146595935133482,53,8,mregDC_LAMP3,1.3498502853288037
GSM4138157,1,0.894589192020375,52,8,Mono_CD14_ID1,2.3006091669265354
GSM4138155,6,0.8268653204988696,51,8,DC_pDC,1.286446554916435
GSM4138123,6,0.8975763485769659,48,8,DC_pDC,1.286446554916435
GSM4138119,1,0.8392866204238005,47,8,Mono_CD14_ID1,2.3006091669265354
GSM4138157,2,0.7206591386296191,47,8,cDC2_CD1C,1.3545989484288088
GSM4138117,4,0.7521050418008633,46,8,mregDC_LAMP3,1.3498502853288037
GSM4138121,1,0.843838932733449,46,8,Mono_CD14_ID1,2.3006091669265354
GSM4138143,6,0.8686542379614236,46,8,DC_pDC,1.286446554916435
GSM4138145,6,0.9147704153933428,45,8,DC_pDC,1.286446554916435
GSM4138159,2,0.7157781662283377,45,8,cDC2_CD1C,1.3545989484288088
GSM4138161,4,0.7156846499879327,41,8,mregDC_LAMP3,1.3498502853288037
GSM4138123,2,0.6566371105784945,41,8,cDC2_CD1C,1.3545989484288088
GSM4138129,7,0.8566354780274117,40,8,Mac_SPP1,1.3272933775104103
GSM4138123,5,0.8294051324384963,40,8,Mac_IL1B,1.3478904102579483
GSM4138155,4,0.7145675163363563,38,8,mregDC_LAMP3,1.3498502853288037
GSM4138125,3,0.8417560044161253,37,8,Mac_CXCL9,1.2974044075706868
GSM4138123,1,0.8821741426919781,35,8,Mono_CD14_ID1,2.3006091669265354
GSM4138129,3,0.887846199303265,35,8,Mac_CXCL9,1.2974044075706868
GSM4138113,6,0.8770105097170787,34,8,DC_pDC,1.286446554916435
GSM4138137,2,0.762451351535602,33,8,cDC2_CD1C,1.3545989484288088
GSM4138129,5,0.8319020461597082,33,8,Mac_IL1B,1.3478904102579483
GSM4138135,2,0.7978440956072073,32,8,cDC2_CD1C,1.3545989484288088
GSM4138145,5,0.8927881744270443,32,8,Mac_IL1B,1.3478904102579483
GSM4138143,8,0.9499099441330964,31,8,Mast,1.2515870725222875
GSM4138147,6,0.8800969637734649,31,8,DC_pDC,1.286446554916435
GSM4138135,7,0.8155602544190769,30,8,Mac_SPP1,1.3272933775104103
GSM4138115,1,0.9370298114170056,30,8,Mono_CD14_ID1,2.3006091669265354
GSM4138155,3,0.8453127385519278,30,8,Mac_CXCL9,1.2974044075706868
GSM4138111,8,0.8570514282209254,28,8,Mast,1.2515870725222875
GSM4138127,6,0.9313771396418056,28,8,DC_pDC,1.286446554916435
GSM4138127,7,0.8927126205323255,27,8,Mac_SPP1,1.3272933775104103
GSM4138145,4,0.8103893003224396,27,8,mregDC_LAMP3,1.3498502853288037
GSM4138113,2,0.7612353000788131,26,8,cDC2_CD1C,1.3545989484288088
GSM4138112,6,0.9480145225252716,25,8,DC_pDC,1.286446554916435
GSM4138129,6,0.9522192501682016,25,8,DC_pDC,1.286446554916435
GSM4138119,7,0.7699785190978079,25,8,Mac_SPP1,1.3272933775104103
GSM4138119,2,0.6865066676654855,25,8,cDC2_CD1C,1.3545989484288088
GSM4138115,4,0.8812050492925558,23,8,mregDC_LAMP3,1.3498502853288037
GSM4138153,2,0.8126481541930819,23,8,cDC2_CD1C,1.3545989484288088
GSM4138160,6,0.9618161262174572,22,8,DC_pDC,1.286446554916435
GSM4138139,6,0.9333160959033334,22,8,DC_pDC,1.286446554916435
GSM4138125,2,0.822436537560959,22,8,cDC2_CD1C,1.3545989484288088
GSM4138133,6,0.9677791977403044,21,8,DC_pDC,1.286446554916435
GSM4138110,6,0.9492793865854678,21,8,DC_pDC,1.286446554916435
GSM4138135,8,0.9632808291710414,21,8,Mast,1.2515870725222875
GSM4138129,2,0.8696851377040018,21,8,cDC2_CD1C,1.3545989484288088
GSM4138117,2,0.905722087428504,21,8,cDC2_CD1C,1.3545989484288088
GSM4138141,5,0.914362194075249,21,8,Mac_IL1B,1.3478904102579483
GSM4138122,6,0.9671572886913488,20,8,DC_pDC,1.286446554916435
GSM4138144,2,0.937086611484638,20,8,cDC2_CD1C,1.3545989484288088
GSM4138168,6,0.9011449212070114,20,8,DC_pDC,1.286446554916435
GSM4138128,6,0.9671572886913488,20,8,DC_pDC,1.286446554916435
GSM4138115,6,0.9225313235859188,19,8,DC_pDC,1.286446554916435
GSM4138127,2,0.9470502276078128,19,8,cDC2_CD1C,1.3545989484288088
GSM4138155,8,0.9304048836734372,19,8,Mast,1.2515870725222875
GSM4138153,1,0.8925676110311169,19,8,Mono_CD14_ID1,2.3006091669265354
GSM4138157,5,0.9433541428398052,19,8,Mac_IL1B,1.3478904102579483
GSM4138131,8,0.9536975701437346,19,8,Mast,1.2515870725222875
GSM4138135,6,0.9277395526018996,19,8,DC_pDC,1.286446554916435
GSM4138120,2,0.9252430382036522,18,8,cDC2_CD1C,1.3545989484288088
GSM4138172,2,0.876801661908376,18,8,cDC2_CD1C,1.3545989484288088
GSM4138171,2,0.91325331721818,18,8,cDC2_CD1C,1.3545989484288088
GSM4138121,2,0.8323078484638943,18,8,cDC2_CD1C,1.3545989484288088
GSM4138159,3,0.8696411088406966,18,8,Mac_CXCL9,1.2974044075706868
GSM4138162,2,0.9629668472436136,18,8,cDC2_CD1C,1.3545989484288088
GSM4138130,6,0.9655214820192856,17,8,DC_pDC,1.286446554916435
GSM4138162,6,0.9844611143723536,17,8,DC_pDC,1.286446554916435
GSM4138129,4,0.9192274827084678,17,8,mregDC_LAMP3,1.3498502853288037
GSM4138163,6,0.9903020421816136,16,8,DC_pDC,1.286446554916435
GSM4138111,3,0.8635384127620684,16,8,Mac_CXCL9,1.2974044075706868
GSM4138121,4,0.8949417559195763,16,8,mregDC_LAMP3,1.3498502853288037
GSM4138157,6,0.9528870226328386,16,8,DC_pDC,1.286446554916435
GSM4138151,6,0.9660966498243028,15,8,DC_pDC,1.286446554916435
GSM4138117,8,0.9843483876594742,15,8,Mast,1.2515870725222875
GSM4138147,2,0.8958648233412956,15,8,cDC2_CD1C,1.3545989484288088
GSM4138121,6,0.9091717713934686,15,8,DC_pDC,1.286446554916435
GSM4138152,2,0.9398797025217304,15,8,cDC2_CD1C,1.3545989484288088
GSM4138134,6,0.975264804294986,15,8,DC_pDC,1.286446554916435
GSM4138134,1,0.9375022092914892,1212,9,Mono_CD14_ID1,2.309898800134672
GSM4138156,1,0.8941287005804951,911,9,Mono_CD14_ID1,2.309898800134672
GSM4138126,1,0.9524984459421776,757,9,Mono_CD14_ID1,2.309898800134672
GSM4138116,1,0.9295774111559684,701,9,Mono_CD14_ID1,2.309898800134672
GSM4138140,1,0.9257737344992634,692,9,Mono_CD14_ID1,2.309898800134672
GSM4138142,1,0.8990559128916908,682,9,Mono_CD14_ID1,2.309898800134672
GSM4138132,1,0.931604132369899,640,9,Mono_CD14_ID1,2.309898800134672
GSM4138136,1,0.9151286572377852,632,9,Mono_CD14_ID1,2.309898800134672
GSM4138110,1,0.9188732496763384,621,9,Mono_CD14_ID1,2.309898800134672
GSM4138120,1,0.8622278369830793,591,9,Mono_CD14_ID1,2.309898800134672
GSM4138130,1,0.9188261994959755,584,9,Mono_CD14_ID1,2.309898800134672
GSM4138138,1,0.9054689187492132,572,9,Mono_CD14_ID1,2.309898800134672
GSM4138128,1,0.9037870864893426,534,9,Mono_CD14_ID1,2.309898800134672
GSM4138122,1,0.9037870864893426,534,9,Mono_CD14_ID1,2.309898800134672
GSM4138160,1,0.921733952022716,480,9,Mono_CD14_ID1,2.309898800134672
GSM4138162,1,0.9161076214719268,466,9,Mono_CD14_ID1,2.309898800134672
GSM4138166,1,0.8883168491082583,456,9,Mono_CD14_ID1,2.309898800134672
GSM4138146,1,0.8957010475087053,453,9,Mono_CD14_ID1,2.309898800134672
GSM4138152,1,0.8966682914070914,445,9,Mono_CD14_ID1,2.309898800134672
GSM4138165,1,0.8946226388164885,431,9,Mono_CD14_ID1,2.309898800134672
GSM4138163,1,0.9236938356608396,414,9,Mono_CD14_ID1,2.309898800134672
GSM4138123,3,0.7156020742106713,388,9,Mac_CXCL9,1.2998428123490413
GSM4138112,1,0.8784565288273578,349,9,Mono_CD14_ID1,2.309898800134672
GSM4138154,1,0.8684664843281709,345,9,Mono_CD14_ID1,2.309898800134672
GSM4138114,1,0.8945477984308865,341,9,Mono_CD14_ID1,2.309898800134672
GSM4138124,1,0.939316236569276,337,9,Mono_CD14_ID1,2.309898800134672
GSM4138167,1,0.8960337037364978,333,9,Mono_CD14_ID1,2.309898800134672
GSM4138125,7,0.6990419066560769,326,9,Mac_SPP1,1.3275439074133286
GSM4138118,1,0.9025207988684304,288,9,Mono_CD14_ID1,2.309898800134672
GSM4138141,1,0.8589754618946721,286,9,Mono_CD14_ID1,2.309898800134672
GSM4138135,3,0.7507310947727838,285,9,Mac_CXCL9,1.2998428123490413
GSM4138144,1,0.8964372205675685,276,9,Mono_CD14_ID1,2.309898800134672
GSM4138158,1,0.9287166590483318,266,9,Mono_CD14_ID1,2.309898800134672
GSM4138135,5,0.7430699560429299,243,9,Mac_IL1B,1.3397907586507969
GSM4138145,1,0.8280475122229481,229,9,Mono_CD14_ID1,2.309898800134672
GSM4138137,3,0.8053420142512585,219,9,Mac_CXCL9,1.2998428123490413
GSM4138150,1,0.8997570528556955,188,9,Mono_CD14_ID1,2.309898800134672
GSM4138145,2,0.7024987419531653,178,9,cDC2_CD1C,1.3551052738515
GSM4138155,1,0.7964997467661603,175,9,Mono_CD14_ID1,2.309898800134672
GSM4138155,2,0.6266185759648164,172,9,cDC2_CD1C,1.3551052738515
GSM4138148,1,0.8514418018063459,167,9,Mono_CD14_ID1,2.309898800134672
GSM4138135,1,0.8814652584693637,167,9,Mono_CD14_ID1,2.309898800134672
GSM4138137,5,0.7576368415835499,167,9,Mac_IL1B,1.3397907586507969
GSM4138131,3,0.7634067946602715,165,9,Mac_CXCL9,1.2998428123490413
GSM4138139,1,0.8393089938183075,163,9,Mono_CD14_ID1,2.309898800134672
GSM4138117,1,0.7667678443907462,160,9,Mono_CD14_ID1,2.309898800134672
GSM4138164,1,0.8764570382233937,148,9,Mono_CD14_ID1,2.309898800134672
GSM4138127,1,0.8500034276542444,146,9,Mono_CD14_ID1,2.309898800134672
GSM4138137,1,0.8654764940689047,143,9,Mono_CD14_ID1,2.309898800134672
GSM4138131,1,0.8530791165052869,141,9,Mono_CD14_ID1,2.309898800134672
GSM4138139,5,0.8078106203953401,140,9,Mac_IL1B,1.3397907586507969
GSM4138155,5,0.6864326252728821,137,9,Mac_IL1B,1.3397907586507969
GSM4138143,1,0.8048464020597195,132,9,Mono_CD14_ID1,2.309898800134672
GSM4138161,1,0.8462945568394182,117,9,Mono_CD14_ID1,2.309898800134672
GSM4138127,4,0.7095921514737951,115,9,cDC2_CD1C,1.2677633836570354
GSM4138127,5,0.7810420370327625,112,9,Mac_IL1B,1.3397907586507969
GSM4138111,1,0.7958231835123908,112,9,Mono_CD14_ID1,2.309898800134672
GSM4138131,6,0.8800814779915587,110,9,DC_pDC,1.2804727913539522
GSM4138125,1,0.8920173341541183,108,9,Mono_CD14_ID1,2.309898800134672
GSM4138131,5,0.7532958896879534,107,9,Mac_IL1B,1.3397907586507969
GSM4138161,6,0.8292133355754832,107,9,DC_pDC,1.2804727913539522
GSM4138143,2,0.7156094639682562,100,9,cDC2_CD1C,1.3551052738515
GSM4138141,2,0.7235470788962528,95,9,cDC2_CD1C,1.3551052738515
GSM4138161,2,0.6579326635538165,95,9,cDC2_CD1C,1.3551052738515
GSM4138121,5,0.6922269181199261,92,9,Mac_IL1B,1.3397907586507969
GSM4138129,1,0.8771727969742895,91,9,Mono_CD14_ID1,2.309898800134672
GSM4138139,3,0.7837897525960433,90,9,Mac_CXCL9,1.2998428123490413
GSM4138123,4,0.6570581909808415,86,9,cDC2_CD1C,1.2677633836570354
GSM4138131,4,0.6832371858693378,84,9,cDC2_CD1C,1.2677633836570354
GSM4138113,1,0.8151816891427283,82,9,Mono_CD14_ID1,2.309898800134672
GSM4138111,4,0.6862103397704962,78,9,cDC2_CD1C,1.2677633836570354
GSM4138115,2,0.7527562236420579,77,9,cDC2_CD1C,1.3551052738515
GSM4138141,6,0.8882469191880943,72,9,DC_pDC,1.2804727913539522
GSM4138137,7,0.7775527636779986,70,9,Mac_SPP1,1.3275439074133286
GSM4138155,7,0.6529999744409951,70,9,Mac_SPP1,1.3275439074133286
GSM4138133,2,0.7756199143670567,69,9,cDC2_CD1C,1.3551052738515
GSM4138139,7,0.7253198692609512,68,9,Mac_SPP1,1.3275439074133286
GSM4138133,1,0.8889510271077985,65,9,Mono_CD14_ID1,2.309898800134672
GSM4138133,3,0.7514633406094264,64,9,Mac_CXCL9,1.2998428123490413
GSM4138111,2,0.7290599199312959,64,9,cDC2_CD1C,1.3551052738515
GSM4138131,8,0.8152785306698975,63,9,mregDC_LAMP3,1.3654242434471566
GSM4138111,6,0.8922855170586885,63,9,DC_pDC,1.2804727913539522
GSM4138131,2,0.7861937234302464,60,9,cDC2_CD1C,1.3551052738515
GSM4138117,3,0.7861522564642781,59,9,Mac_CXCL9,1.2998428123490413
GSM4138139,9,0.954392453358975,59,9,Mast,1.2491645445471655
GSM4138137,4,0.752590742204051,58,9,cDC2_CD1C,1.2677633836570354
GSM4138117,4,0.7415752680947725,57,9,cDC2_CD1C,1.2677633836570354
GSM4138133,4,0.7347304284780456,57,9,cDC2_CD1C,1.2677633836570354
GSM4138141,3,0.7985261076665768,56,9,Mac_CXCL9,1.2998428123490413
GSM4138161,5,0.7746904933385586,55,9,Mac_IL1B,1.3397907586507969
GSM4138139,2,0.823099057002914,54,9,cDC2_CD1C,1.3551052738515
GSM4138159,1,0.9110484782110913,54,9,Mono_CD14_ID1,2.309898800134672
GSM4138141,8,0.8416797320919569,53,9,mregDC_LAMP3,1.3654242434471566
GSM4138155,6,0.8268653204988696,51,9,DC_pDC,1.2804727913539522
GSM4138157,1,0.8977614957418594,50,9,Mono_CD14_ID1,2.309898800134672
GSM4138157,2,0.7229217383099633,49,9,cDC2_CD1C,1.3551052738515
GSM4138123,6,0.8975763485769659,48,9,DC_pDC,1.2804727913539522
GSM4138121,1,0.8472257435378228,47,9,Mono_CD14_ID1,2.309898800134672
GSM4138119,1,0.8519489744810701,46,9,Mono_CD14_ID1,2.309898800134672
GSM4138159,2,0.7157781662283377,45,9,cDC2_CD1C,1.3551052738515
GSM4138143,6,0.8740057886304822,45,9,DC_pDC,1.2804727913539522
GSM4138145,6,0.9147704153933428,45,9,DC_pDC,1.2804727913539522
GSM4138143,8,0.8322611579814276,43,9,mregDC_LAMP3,1.3654242434471566
GSM4138123,2,0.6446001554728529,41,9,cDC2_CD1C,1.3551052738515
GSM4138123,5,0.8346984968485932,41,9,Mac_IL1B,1.3397907586507969
GSM4138129,7,0.8566354780274117,40,9,Mac_SPP1,1.3275439074133286
GSM4138161,4,0.7137313336854174,40,9,cDC2_CD1C,1.2677633836570354
GSM4138141,4,0.7212758861119555,37,9,cDC2_CD1C,1.2677633836570354
GSM4138125,3,0.8403136300233883,36,9,Mac_CXCL9,1.2998428123490413
GSM4138145,5,0.8948546609672002,35,9,Mac_IL1B,1.3397907586507969
GSM4138129,3,0.8865047835799298,34,9,Mac_CXCL9,1.2998428123490413
GSM4138137,2,0.7562952968790834,33,9,cDC2_CD1C,1.3551052738515
GSM4138139,4,0.7719942280387374,33,9,cDC2_CD1C,1.2677633836570354
GSM4138123,1,0.8761316697346604,33,9,Mono_CD14_ID1,2.309898800134672
GSM4138113,6,0.9011511681561436,33,9,DC_pDC,1.2804727913539522
GSM4138129,5,0.8323016548718482,32,9,Mac_IL1B,1.3397907586507969
GSM4138135,7,0.8046911461588422,32,9,Mac_SPP1,1.3275439074133286
GSM4138147,6,0.8800969637734649,31,9,DC_pDC,1.2804727913539522
GSM4138135,4,0.8006160528679718,31,9,cDC2_CD1C,1.2677633836570354
GSM4138135,2,0.8388354532559534,31,9,cDC2_CD1C,1.3551052738515
GSM4138143,9,0.9499099441330964,31,9,Mast,1.2491645445471655
GSM4138135,8,0.881353640916401,30,9,mregDC_LAMP3,1.3654242434471566
GSM4138111,9,0.8570514282209254,28,9,Mast,1.2491645445471655
GSM4138155,3,0.8383700366015931,28,9,Mac_CXCL9,1.2998428123490413
GSM4138127,6,0.9313771396418056,28,9,DC_pDC,1.2804727913539522
GSM4138115,1,0.9485455650631966,27,9,Mono_CD14_ID1,2.309898800134672
GSM4138127,7,0.8807180749629699,27,9,Mac_SPP1,1.3275439074133286
GSM4138125,2,0.8075236094123377,26,9,cDC2_CD1C,1.3551052738515
GSM4138113,2,0.8039725218493025,26,9,cDC2_CD1C,1.3551052738515
GSM4138119,2,0.7161899449712597,25,9,cDC2_CD1C,1.3551052738515
GSM4138112,6,0.9480145225252716,25,9,DC_pDC,1.2804727913539522
GSM4138129,6,0.9522192501682016,25,9,DC_pDC,1.2804727913539522
GSM4138155,8,0.8152075747183686,25,9,mregDC_LAMP3,1.3654242434471566
GSM4138119,7,0.7561324723701853,24,9,Mac_SPP1,1.3275439074133286
GSM4138153,2,0.8126481541930819,23,9,cDC2_CD1C,1.3551052738515
GSM4138160,6,0.9637168406872292,23,9,DC_pDC,1.2804727913539522
GSM4138139,6,0.9333160959033334,22,9,DC_pDC,1.2804727913539522
GSM4138139,8,0.9236926261728876,22,9,mregDC_LAMP3,1.3654242434471566
GSM4138144,2,0.9279660876668892,22,9,cDC2_CD1C,1.3551052738515
GSM4138123,8,0.9008442792778086,21,9,mregDC_LAMP3,1.3654242434471566
GSM4138129,2,0.8696851377040018,21,9,cDC2_CD1C,1.3551052738515
GSM4138110,6,0.9492793865854678,21,9,DC_pDC,1.2804727913539522
GSM4138141,5,0.914362194075249,21,9,Mac_IL1B,1.3397907586507969
GSM4138135,9,0.9632808291710414,21,9,Mast,1.2491645445471655
GSM4138117,2,0.9398643539533956,20,9,cDC2_CD1C,1.3551052738515
GSM4138122,6,0.9671572886913488,20,9,DC_pDC,1.2804727913539522
GSM4138168,6,0.9011449212070114,20,9,DC_pDC,1.2804727913539522
GSM4138128,6,0.9671572886913488,20,9,DC_pDC,1.2804727913539522
GSM4138133,6,0.9722280129792088,20,9,DC_pDC,1.2804727913539522
GSM4138157,5,0.9111557480273208,20,9,Mac_IL1B,1.3397907586507969
GSM4138155,4,0.8841853123507959,20,9,cDC2_CD1C,1.2677633836570354
GSM4138133,8,0.8674481408221775,19,9,mregDC_LAMP3,1.3654242434471566
GSM4138162,2,0.963710681969744,19,9,cDC2_CD1C,1.3551052738515
GSM4138127,2,0.9603079231151148,19,9,cDC2_CD1C,1.3551052738515
GSM4138155,9,0.9304048836734372,19,9,Mast,1.2491645445471655
GSM4138131,9,0.9536975701437346,19,9,Mast,1.2491645445471655
GSM4138115,8,0.9032273396047752,19,9,mregDC_LAMP3,1.3654242434471566
GSM4138135,6,0.9277395526018996,19,9,DC_pDC,1.2804727913539522
GSM4138115,6,0.9225313235859188,19,9,DC_pDC,1.2804727913539522
GSM4138113,4,0.7442920661885164,18,9,cDC2_CD1C,1.2677633836570354
GSM4138120,2,0.9252430382036522,18,9,cDC2_CD1C,1.3551052738515
GSM4138171,2,0.91325331721818,18,9,cDC2_CD1C,1.3551052738515
GSM4138172,2,0.876801661908376,18,9,cDC2_CD1C,1.3551052738515
GSM4138145,8,0.945295907805724,18,9,mregDC_LAMP3,1.3654242434471566
GSM4138152,2,0.9362273118864533,17,9,cDC2_CD1C,1.3551052738515
GSM4138130,6,0.9655214820192856,17,9,DC_pDC,1.2804727913539522
GSM4138121,2,0.8364558903526779,17,9,cDC2_CD1C,1.3551052738515
GSM4138153,1,0.9395629613281228,17,9,Mono_CD14_ID1,2.309898800134672
GSM4138162,6,0.9844611143723536,17,9,DC_pDC,1.2804727913539522
GSM4138157,6,0.9528870226328386,16,9,DC_pDC,1.2804727913539522
GSM4138143,4,0.8994536080368971,16,9,cDC2_CD1C,1.2677633836570354
GSM4138163,6,0.9903020421816136,16,9,DC_pDC,1.2804727913539522
GSM4138121,6,0.8867434722193563,16,9,DC_pDC,1.2804727913539522
GSM4138159,3,0.9067446106577052,16,9,Mac_CXCL9,1.2998428123490413
GSM4138137,8,0.9508347199820468,16,9,mregDC_LAMP3,1.3654242434471566
GSM4138117,9,0.9843483876594742,15,9,Mast,1.2491645445471655
GSM4138134,6,0.975264804294986,15,9,DC_pDC,1.2804727913539522
GSM4138147,2,0.8958648233412956,15,9,cDC2_CD1C,1.3551052738515
GSM4138151,6,0.9660966498243028,15,9,DC_pDC,1.2804727913539522
GSM4138115,3,0.9626012103085496,15,9,Mac_CXCL9,1.2998428123490413
GSM4138134,1,0.9827129559925734,822,10,Mono_CD14_ID1,1.8430984894987708
GSM4138116,1,0.9471786657498116,680,10,Mono_CD14_ID1,1.8430984894987708
GSM4138126,1,0.97390495753314,676,10,Mono_CD14_ID1,1.8430984894987708
GSM4138156,1,0.9491437816688212,649,10,Mono_CD14_ID1,1.8430984894987708
GSM4138120,1,0.8925108331000933,512,10,Mono_CD14_ID1,1.8430984894987708
GSM4138142,1,0.9525008159360489,489,10,Mono_CD14_ID1,1.8430984894987708
GSM4138110,1,0.9651208398018782,463,10,Mono_CD14_ID1,1.8430984894987708
GSM4138140,1,0.963784261110912,460,10,Mono_CD14_ID1,1.8430984894987708
GSM4138132,1,0.9720947672612998,416,10,Mono_CD14_ID1,1.8430984894987708
GSM4138160,1,0.9491453467375328,414,10,Mono_CD14_ID1,1.8430984894987708
GSM4138123,4,0.713178221388548,396,10,Mac_CXCL9,1.281979795240535
GSM4138136,1,0.9573273494363664,390,10,Mono_CD14_ID1,1.8430984894987708
GSM4138134,2,0.9601348543444226,389,10,Mono_CD16,1.9598239460857667
GSM4138138,1,0.9721461391612704,377,10,Mono_CD14_ID1,1.8430984894987708
GSM4138163,1,0.952032676349445,347,10,Mono_CD14_ID1,1.8430984894987708
GSM4138125,8,0.7010592974739833,337,10,Mac_SPP1,1.3213336562893023
GSM4138162,1,0.9582785069077534,324,10,Mono_CD14_ID1,1.8430984894987708
GSM4138128,2,0.9020586127201388,319,10,Mono_CD16,1.9598239460857667
GSM4138122,2,0.9020586127201388,319,10,Mono_CD16,1.9598239460857667
GSM4138135,4,0.7507726002191892,307,10,Mac_CXCL9,1.281979795240535
GSM4138152,1,0.9440611992636638,303,10,Mono_CD14_ID1,1.8430984894987708
GSM4138130,1,0.9473944003526168,302,10,Mono_CD14_ID1,1.8430984894987708
GSM4138146,2,0.922367509195224,291,10,Mono_CD16,1.9598239460857667
GSM4138154,1,0.9102557496583128,289,10,Mono_CD14_ID1,1.8430984894987708
GSM4138130,2,0.9483076710367764,280,10,Mono_CD16,1.9598239460857667
GSM4138118,1,0.9119188243139864,269,10,Mono_CD14_ID1,1.8430984894987708
GSM4138165,1,0.95093564677008,268,10,Mono_CD14_ID1,1.8430984894987708
GSM4138156,2,0.9299954224260336,259,10,Mono_CD16,1.9598239460857667
GSM4138166,1,0.9599938546089504,252,10,Mono_CD14_ID1,1.8430984894987708
GSM4138135,5,0.7379148876838528,245,10,Mac_IL1B,1.3070327315026138
GSM4138136,2,0.9282218501593864,240,10,Mono_CD16,1.9598239460857667
GSM4138114,1,0.9394211550109248,234,10,Mono_CD14_ID1,1.8430984894987708
GSM4138124,1,0.9771814541061202,229,10,Mono_CD14_ID1,1.8430984894987708
GSM4138140,2,0.922952774609545,229,10,Mono_CD16,1.9598239460857667
GSM4138137,4,0.7996796985292668,228,10,Mac_CXCL9,1.281979795240535
GSM4138158,1,0.9481892145136562,220,10,Mono_CD14_ID1,1.8430984894987708
GSM4138132,2,0.948146559317122,220,10,Mono_CD16,1.9598239460857667
GSM4138128,1,0.9585170399577532,216,10,Mono_CD14_ID1,1.8430984894987708
GSM4138122,1,0.9585170399577532,216,10,Mono_CD14_ID1,1.8430984894987708
GSM4138167,1,0.964271843857848,215,10,Mono_CD14_ID1,1.8430984894987708
GSM4138141,1,0.9212515130649878,207,10,Mono_CD14_ID1,1.8430984894987708
GSM4138166,2,0.8966008468206088,200,10,Mono_CD16,1.9598239460857667
GSM4138138,2,0.9464672577827904,194,10,Mono_CD16,1.9598239460857667
GSM4138142,2,0.9532542421832184,192,10,Mono_CD16,1.9598239460857667
GSM4138145,1,0.8363906222294103,186,10,Mono_CD14_ID1,1.8430984894987708
GSM4138112,1,0.949776297893215,185,10,Mono_CD14_ID1,1.8430984894987708
GSM4138145,3,0.7007558664294927,184,10,cDC2_CD1C,1.300270107775856
GSM4138155,3,0.6275620751110562,175,10,cDC2_CD1C,1.300270107775856
GSM4138131,4,0.7701031651213451,169,10,Mac_CXCL9,1.281979795240535
GSM4138137,5,0.7631921541009843,167,10,Mac_IL1B,1.3070327315026138
GSM4138112,2,0.9124959625229736,164,10,Mono_CD16,1.9598239460857667
GSM4138144,1,0.9299162663047572,162,10,Mono_CD14_ID1,1.8430984894987708
GSM4138165,2,0.9219222317881856,161,10,Mono_CD16,1.9598239460857667
GSM4138146,1,0.9454642473933664,159,10,Mono_CD14_ID1,1.8430984894987708
GSM4138110,2,0.9299294904536306,157,10,Mono_CD16,1.9598239460857667
GSM4138155,1,0.8104940579271687,154,10,Mono_CD14_ID1,1.8430984894987708
GSM4138139,5,0.8056650184301944,147,10,Mac_IL1B,1.3070327315026138
GSM4138162,2,0.9015587248939864,139,10,Mono_CD16,1.9598239460857667
GSM4138155,5,0.6943678566040706,138,10,Mac_IL1B,1.3070327315026138
GSM4138152,2,0.9113169602773324,138,10,Mono_CD16,1.9598239460857667
GSM4138150,1,0.9426615231711084,127,10,Mono_CD14_ID1,1.8430984894987708
GSM4138117,1,0.8124473612437274,124,10,Mono_CD14_ID1,1.8430984894987708
GSM4138127,1,0.9032177448604848,116,10,Mono_CD14_ID1,1.8430984894987708
GSM4138127,5,0.7764886252725216,116,10,Mac_IL1B,1.3070327315026138
GSM4138127,6,0.703545192606601,115,10,cDC2_CD1C,1.2105415954511831
GSM4138131,5,0.7483462676732693,115,10,Mac_IL1B,1.3070327315026138
GSM4138167,2,0.8889913043216534,112,10,Mono_CD16,1.9598239460857667
GSM4138131,7,0.8771365093189191,110,10,DC_pDC,1.2512067206651725
GSM4138144,2,0.9217632418081482,110,10,Mono_CD16,1.9598239460857667
GSM4138148,1,0.9375921716042748,109,10,Mono_CD14_ID1,1.8430984894987708
GSM4138124,2,0.9103815397851932,108,10,Mono_CD16,1.9598239460857667
GSM4138161,7,0.8292133355754832,107,10,DC_pDC,1.2512067206651725
GSM4138139,1,0.8598075269737677,107,10,Mono_CD14_ID1,1.8430984894987708
GSM4138135,1,0.9118160309493633,105,10,Mono_CD14_ID1,1.8430984894987708
GSM4138143,3,0.7156117154711464,102,10,cDC2_CD1C,1.300270107775856
GSM4138137,1,0.8910115401459607,102,10,Mono_CD14_ID1,1.8430984894987708
GSM4138114,2,0.8979637119421331,102,10,Mono_CD16,1.9598239460857667
GSM4138161,3,0.6552434040947291,101,10,cDC2_CD1C,1.300270107775856
GSM4138141,3,0.7242612701173963,99,10,cDC2_CD1C,1.300270107775856
GSM4138161,1,0.8654804158233489,97,10,Mono_CD14_ID1,1.8430984894987708
GSM4138139,4,0.785484329120008,97,10,Mac_CXCL9,1.281979795240535
GSM4138121,5,0.6930497859169638,93,10,Mac_IL1B,1.3070327315026138
GSM4138164,1,0.9618220665997336,91,10,Mono_CD14_ID1,1.8430984894987708
GSM4138125,1,0.9347879995140936,86,10,Mono_CD14_ID1,1.8430984894987708
GSM4138111,6,0.682545633526376,86,10,cDC2_CD1C,1.2105415954511831
GSM4138123,6,0.6411036021215801,83,10,cDC2_CD1C,1.2105415954511831
GSM4138137,8,0.7541957737664937,81,10,Mac_SPP1,1.3213336562893023
GSM4138126,2,0.94972132822458,81,10,Mono_CD16,1.9598239460857667
GSM4138131,6,0.6867001394867958,80,10,cDC2_CD1C,1.2105415954511831
GSM4138115,3,0.7551826328090513,80,10,cDC2_CD1C,1.300270107775856
GSM4138143,1,0.8531189830792962,80,10,Mono_CD14_ID1,1.8430984894987708
GSM4138133,3,0.7653956931119084,76,10,cDC2_CD1C,1.300270107775856
GSM4138139,8,0.7329203350959317,74,10,Mac_SPP1,1.3213336562893023
GSM4138120,2,0.8957722207637395,74,10,Mono_CD16,1.9598239460857667
GSM4138141,7,0.8916216841926786,73,10,DC_pDC,1.2512067206651725
GSM4138133,4,0.7524225741064952,71,10,Mac_CXCL9,1.281979795240535
GSM4138155,8,0.6587099351925638,71,10,Mac_SPP1,1.3213336562893023
GSM4138129,1,0.9240417546223249,70,10,Mono_CD14_ID1,1.8430984894987708
GSM4138131,2,0.8673595183242617,68,10,Mono_CD16,1.9598239460857667
GSM4138141,2,0.8887366259050329,67,10,Mono_CD16,1.9598239460857667
GSM4138160,2,0.9347740734661478,65,10,Mono_CD16,1.9598239460857667
GSM4138111,3,0.7275615227227632,65,10,cDC2_CD1C,1.300270107775856
GSM4138117,4,0.778625897788714,64,10,Mac_CXCL9,1.281979795240535
GSM4138131,9,0.8160254183846101,64,10,mregDC_LAMP3,1.3149391982306529
GSM4138111,7,0.8804975836349698,64,10,DC_pDC,1.2512067206651725
GSM4138163,2,0.9087694543551086,63,10,Mono_CD16,1.9598239460857667
GSM4138131,1,0.9120137852153134,63,10,Mono_CD14_ID1,1.8430984894987708
GSM4138117,6,0.7348657142097608,63,10,cDC2_CD1C,1.2105415954511831
GSM4138141,4,0.8063320840197844,62,10,Mac_CXCL9,1.281979795240535
GSM4138150,2,0.9133639786444302,61,10,Mono_CD16,1.9598239460857667
GSM4138133,6,0.7412734334854592,60,10,cDC2_CD1C,1.2105415954511831
GSM4138131,3,0.7901753170364063,60,10,cDC2_CD1C,1.300270107775856
GSM4138139,10,0.954392453358975,59,10,Mast,1.2464225895878265
GSM4138137,6,0.7500736591492482,57,10,cDC2_CD1C,1.2105415954511831
GSM4138113,1,0.8801955103183688,56,10,Mono_CD14_ID1,1.8430984894987708
GSM4138164,2,0.8544920905468567,55,10,Mono_CD16,1.9598239460857667
GSM4138141,9,0.8416797320919569,53,10,mregDC_LAMP3,1.3149391982306529
GSM4138157,3,0.7297372431386657,53,10,cDC2_CD1C,1.300270107775856
GSM4138111,1,0.8462000532428644,53,10,Mono_CD14_ID1,1.8430984894987708
GSM4138154,2,0.9179210034386218,52,10,Mono_CD16,1.9598239460857667
GSM4138148,2,0.8994636986723377,52,10,Mono_CD16,1.9598239460857667
GSM4138161,5,0.7810229901750421,51,10,Mac_IL1B,1.3070327315026138
GSM4138139,3,0.8253627075775118,51,10,cDC2_CD1C,1.300270107775856
GSM4138155,7,0.8268653204988696,51,10,DC_pDC,1.2512067206651725
GSM4138123,7,0.8975763485769659,48,10,DC_pDC,1.2512067206651725
GSM4138111,2,0.8811861161560113,46,10,Mono_CD16,1.9598239460857667
GSM4138159,3,0.712127371048924,46,10,cDC2_CD1C,1.300270107775856
GSM4138143,7,0.8686542379614236,46,10,DC_pDC,1.2512067206651725
GSM4138145,7,0.9147704153933428,45,10,DC_pDC,1.2512067206651725
GSM4138143,2,0.9379938986744872,44,10,Mono_CD16,1.9598239460857667
GSM4138158,2,0.946230511846454,43,10,Mono_CD16,1.9598239460857667
GSM4138119,1,0.8396641153391744,42,10,Mono_CD14_ID1,1.8430984894987708
GSM4138129,8,0.8378890619744658,42,10,Mac_SPP1,1.3213336562893023
GSM4138123,5,0.8204405773384156,42,10,Mac_IL1B,1.3070327315026138
GSM4138123,3,0.6470510853187651,42,10,cDC2_CD1C,1.300270107775856
GSM4138143,9,0.8368985469709751,42,10,mregDC_LAMP3,1.3149391982306529
GSM4138161,6,0.7324417828417236,40,10,cDC2_CD1C,1.2105415954511831
GSM4138121,1,0.8642175493386004,40,10,Mono_CD14_ID1,1.8430984894987708
GSM4138135,3,0.8293446442579381,39,10,cDC2_CD1C,1.300270107775856
GSM4138145,2,0.933928924583965,38,10,Mono_CD16,1.9598239460857667
GSM4138139,6,0.7766198945500761,37,10,cDC2_CD1C,1.2105415954511831
GSM4138141,6,0.7387865789791669,37,10,cDC2_CD1C,1.2105415954511831
GSM4138159,1,0.9459760352645656,36,10,Mono_CD14_ID1,1.8430984894987708
GSM4138129,5,0.8163673352605575,36,10,Mac_IL1B,1.3070327315026138
GSM4138125,4,0.8403136300233883,36,10,Mac_CXCL9,1.281979795240535
GSM4138137,3,0.7674916599769822,35,10,cDC2_CD1C,1.300270107775856
GSM4138135,8,0.8298739987412557,35,10,Mac_SPP1,1.3213336562893023
GSM4138139,2,0.9255788447092806,35,10,Mono_CD16,1.9598239460857667
GSM4138129,4,0.8782755525312701,34,10,Mac_CXCL9,1.281979795240535
GSM4138113,7,0.9011511681561436,33,10,DC_pDC,1.2512067206651725
GSM4138135,6,0.8116482173456164,32,10,cDC2_CD1C,1.2105415954511831
GSM4138145,5,0.885358859804533,31,10,Mac_IL1B,1.3070327315026138
GSM4138143,10,0.9499099441330964,31,10,Mast,1.2464225895878265
GSM4138147,7,0.8800969637734649,31,10,DC_pDC,1.2512067206651725
GSM4138135,9,0.881353640916401,30,10,mregDC_LAMP3,1.3149391982306529
GSM4138133,1,0.94437980923285,29,10,Mono_CD14_ID1,1.8430984894987708
GSM4138127,7,0.934311761778248,29,10,DC_pDC,1.2512067206651725
GSM4138119,3,0.6716147655201403,28,10,cDC2_CD1C,1.300270107775856
GSM4138155,4,0.8383700366015931,28,10,Mac_CXCL9,1.281979795240535
GSM4138157,1,0.941187373749056,28,10,Mono_CD14_ID1,1.8430984894987708
GSM4138117,3,0.8713990589873082,28,10,cDC2_CD1C,1.300270107775856
GSM4138111,10,0.8570514282209254,28,10,Mast,1.2464225895878265
GSM4138113,3,0.7944418098819747,27,10,cDC2_CD1C,1.300270107775856
GSM4138135,2,0.9555207849818216,26,10,Mono_CD16,1.9598239460857667
GSM4138119,8,0.7814744924612781,25,10,Mac_SPP1,1.3213336562893023
GSM4138129,7,0.9522192501682016,25,10,DC_pDC,1.2512067206651725
GSM4138144,3,0.9214615031146473,25,10,cDC2_CD1C,1.300270107775856
GSM4138112,7,0.9480145225252716,25,10,DC_pDC,1.2512067206651725
GSM4138127,8,0.8928088665325568,25,10,Mac_SPP1,1.3213336562893023
GSM4138155,9,0.8152075747183686,25,10,mregDC_LAMP3,1.3149391982306529
GSM4138125,3,0.8154018753249993,24,10,cDC2_CD1C,1.300270107775856
GSM4138129,3,0.8076836563367205,24,10,cDC2_CD1C,1.300270107775856
GSM4138123,1,0.9421228592515952,23,10,Mono_CD14_ID1,1.8430984894987708
GSM4138160,7,0.9637168406872292,23,10,DC_pDC,1.2512067206651725
GSM4138153,3,0.8126481541930819,23,10,cDC2_CD1C,1.300270107775856
GSM4138113,2,0.8945258740245003,23,10,Mono_CD16,1.9598239460857667
GSM4138141,5,0.8912076717544235,22,10,Mac_IL1B,1.3070327315026138
GSM4138139,9,0.9236926261728876,22,10,mregDC_LAMP3,1.3149391982306529
GSM4138162,3,0.9603546817406848,22,10,cDC2_CD1C,1.300270107775856
GSM4138139,7,0.9333160959033334,22,10,DC_pDC,1.2512067206651725
GSM4138120,3,0.9250823074361568,22,10,cDC2_CD1C,1.300270107775856
GSM4138135,10,0.9632808291710414,21,10,Mast,1.2464225895878265
GSM4138123,9,0.9008442792778086,21,10,mregDC_LAMP3,1.3149391982306529
GSM4138133,7,0.9677791977403044,21,10,DC_pDC,1.2512067206651725
GSM4138116,2,0.9775817324403516,21,10,Mono_CD16,1.9598239460857667
GSM4138137,2,0.9898190298589437,20,10,Mono_CD16,1.9598239460857667
GSM4138110,7,0.9515832936947742,20,10,DC_pDC,1.2512067206651725
GSM4138128,7,0.9671572886913488,20,10,DC_pDC,1.2512067206651725
GSM4138122,7,0.9671572886913488,20,10,DC_pDC,1.2512067206651725
GSM4138127,2,0.9443082652581504,20,10,Mono_CD16,1.9598239460857667
GSM4138155,6,0.8530361753050927,20,10,cDC2_CD1C,1.2105415954511831
GSM4138152,3,0.9437347645399266,20,10,cDC2_CD1C,1.300270107775856
GSM4138168,7,0.9011449212070114,20,10,DC_pDC,1.2512067206651725
GSM4138157,5,0.8688409822668064,20,10,Mac_IL1B,1.3070327315026138
GSM4138115,9,0.9032273396047752,19,10,mregDC_LAMP3,1.3149391982306529
GSM4138115,7,0.9225313235859188,19,10,DC_pDC,1.2512067206651725
GSM4138155,10,0.9304048836734372,19,10,Mast,1.2464225895878265
GSM4138135,7,0.9277395526018996,19,10,DC_pDC,1.2512067206651725
GSM4138133,9,0.8674481408221775,19,10,mregDC_LAMP3,1.3149391982306529
GSM4138121,3,0.7860750513898576,19,10,cDC2_CD1C,1.300270107775856
GSM4138131,10,0.9536975701437346,19,10,Mast,1.2464225895878265
GSM4138127,3,0.938251192859185,18,10,cDC2_CD1C,1.300270107775856
GSM4138145,9,0.945295907805724,18,10,mregDC_LAMP3,1.3149391982306529
GSM4138171,3,0.91325331721818,18,10,cDC2_CD1C,1.300270107775856
GSM4138161,2,0.95356007878757,18,10,Mono_CD16,1.9598239460857667
GSM4138130,7,0.9701570446941438,17,10,DC_pDC,1.2512067206651725
GSM4138133,2,0.943734002461732,17,10,Mono_CD16,1.9598239460857667
GSM4138162,7,0.9844611143723536,17,10,DC_pDC,1.2512067206651725
GSM4138113,6,0.7458023887969891,17,10,cDC2_CD1C,1.2105415954511831
GSM4138154,3,0.8840771009721184,17,10,cDC2_CD1C,1.300270107775856
GSM4138172,3,0.8673161447217009,17,10,cDC2_CD1C,1.300270107775856
GSM4138143,6,0.8812627769006492,17,10,cDC2_CD1C,1.2105415954511831
GSM4138127,4,0.929013594539043,17,10,Mac_CXCL9,1.281979795240535
GSM4138118,2,0.9650622802607396,17,10,Mono_CD16,1.9598239460857667
GSM4138163,7,0.9903020421816136,16,10,DC_pDC,1.2512067206651725
GSM4138157,7,0.9528870226328386,16,10,DC_pDC,1.2512067206651725
GSM4138121,7,0.8867434722193563,16,10,DC_pDC,1.2512067206651725
GSM4138155,2,0.9316414187826052,16,10,Mono_CD16,1.9598239460857667
GSM4138143,4,0.9592580469660232,16,10,Mac_CXCL9,1.281979795240535
GSM4138117,2,0.9637685986275838,16,10,Mono_CD16,1.9598239460857667
GSM4138159,4,0.9067446106577052,16,10,Mac_CXCL9,1.281979795240535
GSM4138137,9,0.9508347199820468,16,10,mregDC_LAMP3,1.3149391982306529
GSM4138169,3,0.9283077236386243,15,10,cDC2_CD1C,1.300270107775856
GSM4138151,7,0.9660966498243028,15,10,DC_pDC,1.2512067206651725
GSM4138115,4,0.9626012103085496,15,10,Mac_CXCL9,1.281979795240535
GSM4138117,10,0.9843483876594742,15,10,Mast,1.2464225895878265
GSM4138147,3,0.8958648233412956,15,10,cDC2_CD1C,1.300270107775856
GSM4138148,3,0.9600529018338052,15,10,cDC2_CD1C,1.300270107775856
GSM4138134,1,0.937522480819992,1214,11,Mono_CD14_ID1,2.208891854374032
GSM4138156,1,0.8917630896645242,915,11,Mono_CD14_ID1,2.208891854374032
GSM4138126,1,0.952463858652414,758,11,Mono_CD14_ID1,2.208891854374032
GSM4138116,1,0.9295774111559684,701,11,Mono_CD14_ID1,2.208891854374032
GSM4138140,1,0.9246855492295936,696,11,Mono_CD14_ID1,2.208891854374032
GSM4138142,1,0.9000749493695768,686,11,Mono_CD14_ID1,2.208891854374032
GSM4138132,1,0.924995656675034,642,11,Mono_CD14_ID1,2.208891854374032
GSM4138136,1,0.90538351915738,639,11,Mono_CD14_ID1,2.208891854374032
GSM4138110,1,0.9179666204395102,625,11,Mono_CD14_ID1,2.208891854374032
GSM4138120,1,0.8562890678938148,594,11,Mono_CD14_ID1,2.208891854374032
GSM4138130,1,0.9172906157559724,585,11,Mono_CD14_ID1,2.208891854374032
GSM4138138,1,0.9054728130863178,573,11,Mono_CD14_ID1,2.208891854374032
GSM4138128,1,0.8971179278497196,540,11,Mono_CD14_ID1,2.208891854374032
GSM4138122,1,0.8971179278497196,540,11,Mono_CD14_ID1,2.208891854374032
GSM4138160,1,0.9226773570896724,482,11,Mono_CD14_ID1,2.208891854374032
GSM4138162,1,0.905131090294524,474,11,Mono_CD14_ID1,2.208891854374032
GSM4138166,1,0.8823291307416924,461,11,Mono_CD14_ID1,2.208891854374032
GSM4138146,1,0.8894118540345323,456,11,Mono_CD14_ID1,2.208891854374032
GSM4138152,1,0.8887525654256854,449,11,Mono_CD14_ID1,2.208891854374032
GSM4138165,1,0.8903152544899418,434,11,Mono_CD14_ID1,2.208891854374032
GSM4138163,1,0.9138829936049092,421,11,Mono_CD14_ID1,2.208891854374032
GSM4138123,3,0.7168502099301169,389,11,Mac_CXCL9,1.263816118970534
GSM4138112,1,0.871306719154856,352,11,Mono_CD14_ID1,2.208891854374032
GSM4138154,1,0.869256194846114,348,11,Mono_CD14_ID1,2.208891854374032
GSM4138114,1,0.8790770792310295,348,11,Mono_CD14_ID1,2.208891854374032
GSM4138124,1,0.9370433623226164,339,11,Mono_CD14_ID1,2.208891854374032
GSM4138167,1,0.8886245107092298,337,11,Mono_CD14_ID1,2.208891854374032
GSM4138125,7,0.6989885261699402,330,11,Mac_SPP1,1.3211701472849362
GSM4138141,1,0.8437987778590836,290,11,Mono_CD14_ID1,2.208891854374032
GSM4138118,1,0.9025207988684304,288,11,Mono_CD14_ID1,2.208891854374032
GSM4138144,1,0.8802861583495212,282,11,Mono_CD14_ID1,2.208891854374032
GSM4138135,3,0.7605593530967035,277,11,Mac_CXCL9,1.263816118970534
GSM4138158,1,0.91019771061288,270,11,Mono_CD14_ID1,2.208891854374032
GSM4138145,1,0.827137700330109,241,11,Mono_CD14_ID1,2.208891854374032
GSM4138135,4,0.7367974509795422,222,11,Mac_IL1B,1.327972445675179
GSM4138137,3,0.803626540870908,212,11,Mac_CXCL9,1.263816118970534
GSM4138150,1,0.8977300136312176,189,11,Mono_CD14_ID1,2.208891854374032
GSM4138135,1,0.8798380121629321,189,11,Mono_CD14_ID1,2.208891854374032
GSM4138155,1,0.7722728887112571,188,11,Mono_CD14_ID1,2.208891854374032
GSM4138139,1,0.8025969982008845,178,11,Mono_CD14_ID1,2.208891854374032
GSM4138145,2,0.6979337963429437,174,11,cDC2_CD1C,1.286020985043644
GSM4138117,1,0.763822975156491,171,11,Mono_CD14_ID1,2.208891854374032
GSM4138148,1,0.8521061316511702,169,11,Mono_CD14_ID1,2.208891854374032
GSM4138155,2,0.6264526735290995,167,11,cDC2_CD1C,1.286020985043644
GSM4138137,1,0.8634316885995537,157,11,Mono_CD14_ID1,2.208891854374032
GSM4138137,4,0.77526477768655,153,11,Mac_IL1B,1.327972445675179
GSM4138164,1,0.860634171570599,152,11,Mono_CD14_ID1,2.208891854374032
GSM4138131,8,0.7770214241128885,148,11,Mono_TIL,1.2750862614059963
GSM4138143,1,0.8177760518395091,143,11,Mono_CD14_ID1,2.208891854374032
GSM4138127,1,0.8753704138715817,138,11,Mono_CD14_ID1,2.208891854374032
GSM4138155,4,0.7104430739077536,129,11,Mac_IL1B,1.327972445675179
GSM4138131,1,0.8721191848045496,129,11,Mono_CD14_ID1,2.208891854374032
GSM4138111,1,0.7809393827138834,127,11,Mono_CD14_ID1,2.208891854374032
GSM4138161,1,0.8427197867458323,127,11,Mono_CD14_ID1,2.208891854374032
GSM4138139,4,0.8087064074238289,122,11,Mac_IL1B,1.327972445675179
GSM4138125,1,0.8710430285465065,113,11,Mono_CD14_ID1,2.208891854374032
GSM4138131,6,0.8805059006911912,111,11,DC_pDC,1.2427282142716214
GSM4138127,5,0.7022324151827568,110,11,cDC2_CD1C,1.1947329174745778
GSM4138161,6,0.8292133355754832,107,11,DC_pDC,1.2427282142716214
GSM4138129,1,0.8358568119340926,101,11,Mono_CD14_ID1,2.208891854374032
GSM4138143,2,0.715227714544448,93,11,cDC2_CD1C,1.286020985043644
GSM4138131,3,0.7982149285588963,91,11,Mac_CXCL9,1.263816118970534
GSM4138161,2,0.6704235019082618,90,11,cDC2_CD1C,1.286020985043644
GSM4138127,4,0.8209064044216212,89,11,Mac_IL1B,1.327972445675179
GSM4138121,4,0.7069307994835201,88,11,Mac_IL1B,1.327972445675179
GSM4138141,2,0.7268812618635196,85,11,cDC2_CD1C,1.286020985043644
GSM4138113,1,0.8155781294679281,84,11,Mono_CD14_ID1,2.208891854374032
GSM4138123,5,0.6515314880336909,83,11,cDC2_CD1C,1.1947329174745778
GSM4138139,3,0.7849119218380847,80,11,Mac_CXCL9,1.263816118970534
GSM4138133,1,0.8771414887546328,78,11,Mono_CD14_ID1,2.208891854374032
GSM4138139,7,0.7206992292328984,74,11,Mac_SPP1,1.3211701472849362
GSM4138141,6,0.8916216841926786,73,11,DC_pDC,1.2427282142716214
GSM4138131,5,0.6774196166674842,73,11,cDC2_CD1C,1.1947329174745778
GSM4138137,7,0.7471948624858208,71,11,Mac_SPP1,1.3211701472849362
GSM4138111,5,0.6862172352084341,69,11,cDC2_CD1C,1.1947329174745778
GSM4138155,7,0.6653449190189805,69,11,Mac_SPP1,1.3211701472849362
GSM4138115,2,0.7489586871520735,69,11,cDC2_CD1C,1.286020985043644
GSM4138131,9,0.8157398887819808,63,11,mregDC_LAMP3,1.2969892928854112
GSM4138133,2,0.7647990227312665,63,11,cDC2_CD1C,1.286020985043644
GSM4138111,6,0.8922855170586885,63,11,DC_pDC,1.2427282142716214
GSM4138111,2,0.7255479138248642,59,11,cDC2_CD1C,1.286020985043644
GSM4138139,10,0.954392453358975,59,11,Mast,1.241130399423208
GSM4138133,3,0.7537094646204996,58,11,Mac_CXCL9,1.263816118970534
GSM4138133,5,0.7350044983801041,58,11,cDC2_CD1C,1.1947329174745778
GSM4138131,4,0.8288480054290065,58,11,Mac_IL1B,1.327972445675179
GSM4138131,2,0.7864166266604034,57,11,cDC2_CD1C,1.286020985043644
GSM4138137,5,0.7647742394555739,56,11,cDC2_CD1C,1.1947329174745778
GSM4138159,1,0.9065878565990664,54,11,Mono_CD14_ID1,2.208891854374032
GSM4138141,9,0.8416797320919569,53,11,mregDC_LAMP3,1.2969892928854112
GSM4138157,1,0.8910831674306371,53,11,Mono_CD14_ID1,2.208891854374032
GSM4138117,5,0.7382815087041493,52,11,cDC2_CD1C,1.1947329174745778
GSM4138117,3,0.8161094274958762,52,11,Mac_CXCL9,1.263816118970534
GSM4138155,6,0.8268653204988696,51,11,DC_pDC,1.2427282142716214
GSM4138139,2,0.8179026758126344,49,11,cDC2_CD1C,1.286020985043644
GSM4138157,2,0.7264490258863643,48,11,cDC2_CD1C,1.286020985043644
GSM4138123,6,0.8975763485769659,48,11,DC_pDC,1.2427282142716214
GSM4138119,1,0.8261716660340693,47,11,Mono_CD14_ID1,2.208891854374032
GSM4138121,1,0.8422079236988755,46,11,Mono_CD14_ID1,2.208891854374032
GSM4138141,3,0.8167112013761043,46,11,Mac_CXCL9,1.263816118970534
GSM4138159,2,0.7157781662283377,45,11,cDC2_CD1C,1.286020985043644
GSM4138145,6,0.9147704153933428,45,11,DC_pDC,1.2427282142716214
GSM4138143,6,0.8803628869615792,44,11,DC_pDC,1.2427282142716214
GSM4138161,4,0.8134848763463974,42,11,Mac_IL1B,1.327972445675179
GSM4138143,9,0.8361200848198584,42,11,mregDC_LAMP3,1.2969892928854112
GSM4138123,2,0.6639632448955164,41,11,cDC2_CD1C,1.286020985043644
GSM4138129,7,0.8370114858557212,40,11,Mac_SPP1,1.3211701472849362
GSM4138127,8,0.8543889141795495,40,11,Mono_TIL,1.2750862614059963
GSM4138115,1,0.9160768266733548,38,11,Mono_CD14_ID1,2.208891854374032
GSM4138123,4,0.8339546080861552,38,11,Mac_IL1B,1.327972445675179
GSM4138161,5,0.7081910505416451,37,11,cDC2_CD1C,1.1947329174745778
GSM4138137,2,0.7634884945028537,35,11,cDC2_CD1C,1.286020985043644
GSM4138125,3,0.8496744231811784,35,11,Mac_CXCL9,1.263816118970534
GSM4138123,1,0.8787487042577389,34,11,Mono_CD14_ID1,2.208891854374032
GSM4138113,6,0.9011511681561436,33,11,DC_pDC,1.2427282142716214
GSM4138141,5,0.7194624226876256,32,11,cDC2_CD1C,1.1947329174745778
GSM4138129,3,0.8917286249834872,32,11,Mac_CXCL9,1.263816118970534
GSM4138135,7,0.8395660338008752,32,11,Mac_SPP1,1.3211701472849362
GSM4138147,6,0.8800969637734649,31,11,DC_pDC,1.2427282142716214
GSM4138135,2,0.7940152835683322,31,11,cDC2_CD1C,1.286020985043644
GSM4138143,10,0.9499099441330964,31,11,Mast,1.241130399423208
GSM4138139,5,0.763653123026271,30,11,cDC2_CD1C,1.1947329174745778
GSM4138135,9,0.881353640916401,30,11,mregDC_LAMP3,1.2969892928854112
GSM4138135,5,0.8100103472828574,29,11,cDC2_CD1C,1.1947329174745778
GSM4138145,4,0.8929942017567978,29,11,Mac_IL1B,1.327972445675179
GSM4138127,6,0.9313771396418056,28,11,DC_pDC,1.2427282142716214
GSM4138111,10,0.8570514282209254,28,11,Mast,1.241130399423208
GSM4138141,8,0.9148978193967874,27,11,Mono_TIL,1.2750862614059963
GSM4138127,7,0.8807180749629699,27,11,Mac_SPP1,1.3211701472849362
GSM4138129,4,0.8400784163948908,27,11,Mac_IL1B,1.327972445675179
GSM4138113,2,0.8039725218493025,26,11,cDC2_CD1C,1.286020985043644
GSM4138155,3,0.8820397401522581,26,11,Mac_CXCL9,1.263816118970534
GSM4138119,2,0.6724480781359152,26,11,cDC2_CD1C,1.286020985043644
GSM4138112,6,0.9480145225252716,25,11,DC_pDC,1.2427282142716214
GSM4138129,6,0.9522192501682016,25,11,DC_pDC,1.2427282142716214
GSM4138119,7,0.7561324723701853,24,11,Mac_SPP1,1.3211701472849362
GSM4138155,9,0.8411628701995337,24,11,mregDC_LAMP3,1.2969892928854112
GSM4138125,2,0.8106759019973601,23,11,cDC2_CD1C,1.286020985043644
GSM4138160,6,0.9618161262174572,22,11,DC_pDC,1.2427282142716214
GSM4138139,9,0.9236926261728876,22,11,mregDC_LAMP3,1.2969892928854112
GSM4138153,2,0.8090696188036507,22,11,cDC2_CD1C,1.286020985043644
GSM4138139,6,0.9333160959033334,22,11,DC_pDC,1.2427282142716214
GSM4138123,9,0.9008442792778086,21,11,mregDC_LAMP3,1.2969892928854112
GSM4138135,10,0.9632808291710414,21,11,Mast,1.241130399423208
GSM4138133,6,0.9677791977403044,21,11,DC_pDC,1.2427282142716214
GSM4138110,6,0.9515832936947742,20,11,DC_pDC,1.2427282142716214
GSM4138115,9,0.8915195456984419,20,11,mregDC_LAMP3,1.2969892928854112
GSM4138168,6,0.9011449212070114,20,11,DC_pDC,1.2427282142716214
GSM4138155,5,0.8505733519885907,20,11,cDC2_CD1C,1.1947329174745778
GSM4138122,6,0.9671572886913488,20,11,DC_pDC,1.2427282142716214
GSM4138128,6,0.9671572886913488,20,11,DC_pDC,1.2427282142716214
GSM4138153,1,0.891977726653613,20,11,Mono_CD14_ID1,2.208891854374032
GSM4138133,9,0.8674481408221775,19,11,mregDC_LAMP3,1.2969892928854112
GSM4138155,10,0.9304048836734372,19,11,Mast,1.241130399423208
GSM4138135,6,0.9277395526018996,19,11,DC_pDC,1.2427282142716214
GSM4138115,6,0.9225313235859188,19,11,DC_pDC,1.2427282142716214
GSM4138129,2,0.9015470879447148,19,11,cDC2_CD1C,1.286020985043644
GSM4138171,2,0.91325331721818,18,11,cDC2_CD1C,1.286020985043644
GSM4138127,2,0.9594459219627484,18,11,cDC2_CD1C,1.286020985043644
GSM4138145,9,0.945295907805724,18,11,mregDC_LAMP3,1.2969892928854112
GSM4138131,10,0.9666702146494964,18,11,Mast,1.241130399423208
GSM4138113,5,0.7431486459597232,17,11,cDC2_CD1C,1.1947329174745778
GSM4138162,6,0.9844611143723536,17,11,DC_pDC,1.2427282142716214
GSM4138137,9,0.951599360583245,17,11,mregDC_LAMP3,1.2969892928854112
GSM4138117,2,0.9278241641810516,17,11,cDC2_CD1C,1.286020985043644
GSM4138121,2,0.7883091460210544,17,11,cDC2_CD1C,1.286020985043644
GSM4138172,2,0.8673161447217009,17,11,cDC2_CD1C,1.286020985043644
GSM4138163,6,0.9903020421816136,16,11,DC_pDC,1.2427282142716214
GSM4138157,6,0.9528870226328386,16,11,DC_pDC,1.2427282142716214
GSM4138144,2,0.955005617924283,16,11,cDC2_CD1C,1.286020985043644
GSM4138130,6,0.9750586036492248,16,11,DC_pDC,1.2427282142716214
GSM4138121,6,0.8867434722193563,16,11,DC_pDC,1.2427282142716214
GSM4138157,4,0.9624478146613404,16,11,Mac_IL1B,1.327972445675179
GSM4138159,3,0.9067446106577052,16,11,Mac_CXCL9,1.263816118970534
GSM4138117,10,0.9843483876594742,15,11,Mast,1.241130399423208
GSM4138139,8,0.9626145173817916,15,11,Mono_TIL,1.2750862614059963
GSM4138151,6,0.9660966498243028,15,11,DC_pDC,1.2427282142716214
GSM4138120,2,0.9363858829462824,15,11,cDC2_CD1C,1.286020985043644
GSM4138147,2,0.8958648233412956,15,11,cDC2_CD1C,1.286020985043644
GSM4138134,1,0.9828696821717002,806,12,Mono_CD14_ID1,1.8314129191004536
GSM4138116,1,0.9471786657498116,680,12,Mono_CD14_ID1,1.8314129191004536
GSM4138126,1,0.9734850061493342,673,12,Mono_CD14_ID1,1.8314129191004536
GSM4138156,1,0.948864954225118,648,12,Mono_CD14_ID1,1.8314129191004536
GSM4138120,1,0.8930049164816263,511,12,Mono_CD14_ID1,1.8314129191004536
GSM4138142,1,0.95850203070947,484,12,Mono_CD14_ID1,1.8314129191004536
GSM4138110,1,0.9649740736985984,460,12,Mono_CD14_ID1,1.8314129191004536
GSM4138140,1,0.9675667155312716,455,12,Mono_CD14_ID1,1.8314129191004536
GSM4138132,1,0.970411427902525,415,12,Mono_CD14_ID1,1.8314129191004536
GSM4138160,1,0.9488406988999036,409,12,Mono_CD14_ID1,1.8314129191004536
GSM4138134,2,0.95649208299447,405,12,Mono_CD16,1.9530621610400112
GSM4138123,4,0.7138943898345781,394,12,Mac_CXCL9,1.2637917345249388
GSM4138136,1,0.9596551337786066,383,12,Mono_CD14_ID1,1.8314129191004536
GSM4138138,1,0.9737451374328367,371,12,Mono_CD14_ID1,1.8314129191004536
GSM4138163,1,0.952401082743164,346,12,Mono_CD14_ID1,1.8314129191004536
GSM4138125,8,0.6970668728497942,337,12,Mac_SPP1,1.3152847098679958
GSM4138128,2,0.8981413478194967,328,12,Mono_CD16,1.9530621610400112
GSM4138122,2,0.8981413478194967,328,12,Mono_CD16,1.9530621610400112
GSM4138162,1,0.9589649657669788,319,12,Mono_CD14_ID1,1.8314129191004536
GSM4138135,4,0.76786575631156,305,12,Mac_CXCL9,1.2637917345249388
GSM4138130,1,0.9474833645000398,301,12,Mono_CD14_ID1,1.8314129191004536
GSM4138152,1,0.9419270363651436,300,12,Mono_CD14_ID1,1.8314129191004536
GSM4138146,2,0.9214081375250396,291,12,Mono_CD16,1.9530621610400112
GSM4138154,1,0.9102557496583128,289,12,Mono_CD14_ID1,1.8314129191004536
GSM4138130,2,0.9480953596607528,280,12,Mono_CD16,1.9530621610400112
GSM4138118,1,0.9117140461588116,267,12,Mono_CD14_ID1,1.8314129191004536
GSM4138165,1,0.9522787596352066,264,12,Mono_CD14_ID1,1.8314129191004536
GSM4138156,2,0.9238579846698908,261,12,Mono_CD16,1.9530621610400112
GSM4138136,2,0.9212667032875644,250,12,Mono_CD16,1.9530621610400112
GSM4138166,1,0.9627736650713608,250,12,Mono_CD14_ID1,1.8314129191004536
GSM4138140,2,0.9273363813790252,235,12,Mono_CD16,1.9530621610400112
GSM4138135,6,0.734345042485929,232,12,Mac_IL1B,1.2983334630535788
GSM4138114,1,0.9426125661564476,231,12,Mono_CD14_ID1,1.8314129191004536
GSM4138124,1,0.9768188149326336,227,12,Mono_CD14_ID1,1.8314129191004536
GSM4138137,4,0.7993475581830665,225,12,Mac_CXCL9,1.2637917345249388
GSM4138132,2,0.9479638464502737,220,12,Mono_CD16,1.9530621610400112
GSM4138158,1,0.9483514607024376,219,12,Mono_CD14_ID1,1.8314129191004536
GSM4138167,1,0.9791475505026428,210,12,Mono_CD14_ID1,1.8314129191004536
GSM4138128,1,0.9636422754863404,208,12,Mono_CD14_ID1,1.8314129191004536
GSM4138122,1,0.9636422754863404,208,12,Mono_CD14_ID1,1.8314129191004536
GSM4138141,1,0.9013721571940804,207,12,Mono_CD14_ID1,1.8314129191004536
GSM4138166,2,0.8888430225908435,204,12,Mono_CD16,1.9530621610400112
GSM4138138,2,0.9461499147002916,200,12,Mono_CD16,1.9530621610400112
GSM4138142,2,0.9446453528967738,198,12,Mono_CD16,1.9530621610400112
GSM4138145,1,0.8358567070575046,185,12,Mono_CD14_ID1,1.8314129191004536
GSM4138112,1,0.9538184172638224,184,12,Mono_CD14_ID1,1.8314129191004536
GSM4138145,3,0.6970691254718617,183,12,cDC2_CD1C,1.2923215519514093
GSM4138155,3,0.6315532898467586,176,12,cDC2_CD1C,1.2923215519514093
GSM4138165,2,0.9208214400643968,166,12,Mono_CD16,1.9530621610400112
GSM4138112,2,0.90994120462783,165,12,Mono_CD16,1.9530621610400112
GSM4138144,1,0.9298903743030904,162,12,Mono_CD14_ID1,1.8314129191004536
GSM4138110,2,0.9303923068383128,161,12,Mono_CD16,1.9530621610400112
GSM4138155,1,0.8083578402726499,159,12,Mono_CD14_ID1,1.8314129191004536
GSM4138146,1,0.9455017529312432,159,12,Mono_CD14_ID1,1.8314129191004536
GSM4138137,6,0.7675461011025212,156,12,Mac_IL1B,1.2983334630535788
GSM4138131,9,0.7810646658139133,154,12,Mono_TIL,1.295408245853625
GSM4138162,2,0.9005805982829507,145,12,Mono_CD16,1.9530621610400112
GSM4138152,2,0.9151646115890106,142,12,Mono_CD16,1.9530621610400112
GSM4138155,6,0.6983142611119808,132,12,Mac_IL1B,1.2983334630535788
GSM4138139,6,0.8073090812287984,126,12,Mac_IL1B,1.2983334630535788
GSM4138117,1,0.8173022771857883,124,12,Mono_CD14_ID1,1.8314129191004536
GSM4138150,1,0.9436682902882716,124,12,Mono_CD14_ID1,1.8314129191004536
GSM4138127,1,0.8830135868646394,120,12,Mono_CD14_ID1,1.8314129191004536
GSM4138167,2,0.8890195643011969,120,12,Mono_CD16,1.9530621610400112
GSM4138139,1,0.854470417949373,114,12,Mono_CD14_ID1,1.8314129191004536
GSM4138127,5,0.704383149223184,113,12,cDC2_CD1C,1.20715614550225
GSM4138144,2,0.9204860497557544,111,12,Mono_CD16,1.9530621610400112
GSM4138131,7,0.8805059006911912,111,12,DC_pDC,1.245008316047198
GSM4138124,2,0.9108079921836916,110,12,Mono_CD16,1.9530621610400112
GSM4138135,1,0.9029406451024854,109,12,Mono_CD14_ID1,1.8314129191004536
GSM4138114,2,0.8901097021120663,108,12,Mono_CD16,1.9530621610400112
GSM4138148,1,0.9376491660839744,107,12,Mono_CD14_ID1,1.8314129191004536
GSM4138161,7,0.8292133355754832,107,12,DC_pDC,1.245008316047198
GSM4138137,1,0.8856926812151188,106,12,Mono_CD14_ID1,1.8314129191004536
GSM4138143,3,0.7156117154711464,102,12,cDC2_CD1C,1.2923215519514093
GSM4138131,4,0.7848953472397165,101,12,Mac_CXCL9,1.2637917345249388
GSM4138161,3,0.6734865101436465,101,12,cDC2_CD1C,1.2923215519514093
GSM4138161,1,0.8715718229182474,99,12,Mono_CD14_ID1,1.8314129191004536
GSM4138141,3,0.7316557988947809,98,12,cDC2_CD1C,1.2923215519514093
GSM4138164,1,0.9707397056209864,90,12,Mono_CD14_ID1,1.8314129191004536
GSM4138121,6,0.7074215108889804,89,12,Mac_IL1B,1.2983334630535788
GSM4138139,4,0.7889218240117188,89,12,Mac_CXCL9,1.2637917345249388
GSM4138127,6,0.815394212339593,87,12,Mac_IL1B,1.2983334630535788
GSM4138125,1,0.9292740026288752,86,12,Mono_CD14_ID1,1.8314129191004536
GSM4138126,2,0.942268122461286,85,12,Mono_CD16,1.9530621610400112
GSM4138123,5,0.640104494605591,84,12,cDC2_CD1C,1.20715614550225
GSM4138139,8,0.7283256498308694,84,12,Mac_SPP1,1.3152847098679958
GSM4138111,5,0.686716164543957,84,12,cDC2_CD1C,1.20715614550225
GSM4138137,8,0.745901210739218,80,12,Mac_SPP1,1.3152847098679958
GSM4138115,3,0.7523022187075391,80,12,cDC2_CD1C,1.2923215519514093
GSM4138143,1,0.8390055140706985,79,12,Mono_CD14_ID1,1.8314129191004536
GSM4138133,3,0.7660652022556692,79,12,cDC2_CD1C,1.2923215519514093
GSM4138120,2,0.895973303489182,76,12,Mono_CD16,1.9530621610400112
GSM4138131,5,0.6828465317099999,74,12,cDC2_CD1C,1.20715614550225
GSM4138141,7,0.8916216841926786,73,12,DC_pDC,1.245008316047198
GSM4138129,1,0.922709634374925,71,12,Mono_CD14_ID1,1.8314129191004536
GSM4138155,8,0.667520437492936,70,12,Mac_SPP1,1.3152847098679958
GSM4138133,4,0.737245878339669,70,12,Mac_CXCL9,1.2637917345249388
GSM4138160,2,0.9372250215605756,69,12,Mono_CD16,1.9530621610400112
GSM4138111,3,0.7151145040286616,67,12,cDC2_CD1C,1.2923215519514093
GSM4138163,2,0.8980949230927117,67,12,Mono_CD16,1.9530621610400112
GSM4138131,3,0.7950327773127678,64,12,cDC2_CD1C,1.2923215519514093
GSM4138150,2,0.9033677087259944,64,12,Mono_CD16,1.9530621610400112
GSM4138111,7,0.8804975836349698,64,12,DC_pDC,1.245008316047198
GSM4138131,10,0.8157398887819808,63,12,mregDC_LAMP3,1.303356467252045
GSM4138131,1,0.9197571474090372,63,12,Mono_CD14_ID1,1.8314129191004536
GSM4138117,5,0.7362235879385299,62,12,cDC2_CD1C,1.20715614550225
GSM4138141,2,0.9116013254061042,61,12,Mono_CD16,1.9530621610400112
GSM4138133,5,0.7412734334854592,60,12,cDC2_CD1C,1.20715614550225
GSM4138131,6,0.8195516704286931,60,12,Mac_IL1B,1.2983334630535788
GSM4138139,11,0.954392453358975,59,12,Mast,1.2426507861546745
GSM4138117,4,0.8113301363538864,58,12,Mac_CXCL9,1.2637917345249388
GSM4138164,2,0.8503662458073266,57,12,Mono_CD16,1.9530621610400112
GSM4138137,5,0.7651613471610634,57,12,cDC2_CD1C,1.20715614550225
GSM4138113,1,0.8801955103183688,56,12,Mono_CD14_ID1,1.8314129191004536
GSM4138148,2,0.8962137214214474,54,12,Mono_CD16,1.9530621610400112
GSM4138157,3,0.7297372431386657,53,12,cDC2_CD1C,1.2923215519514093
GSM4138141,10,0.8416797320919569,53,12,mregDC_LAMP3,1.303356467252045
GSM4138154,2,0.917640030370489,53,12,Mono_CD16,1.9530621610400112
GSM4138111,1,0.8240108477954005,53,12,Mono_CD14_ID1,1.8314129191004536
GSM4138139,3,0.8180219699275952,52,12,cDC2_CD1C,1.2923215519514093
GSM4138155,7,0.8268653204988696,51,12,DC_pDC,1.245008316047198
GSM4138141,4,0.812382853656141,49,12,Mac_CXCL9,1.2637917345249388
GSM4138123,7,0.8975763485769659,48,12,DC_pDC,1.245008316047198
GSM4138111,2,0.8666564407976646,47,12,Mono_CD16,1.9530621610400112
GSM4138159,3,0.712127371048924,46,12,cDC2_CD1C,1.2923215519514093
GSM4138143,2,0.9401243961972924,46,12,Mono_CD16,1.9530621610400112
GSM4138143,7,0.8686542379614236,46,12,DC_pDC,1.245008316047198
GSM4138145,7,0.9147704153933428,45,12,DC_pDC,1.245008316047198
GSM4138158,2,0.9447002557795744,45,12,Mono_CD16,1.9530621610400112
GSM4138119,1,0.824280064905167,44,12,Mono_CD14_ID1,1.8314129191004536
GSM4138129,8,0.8342815181945514,43,12,Mac_SPP1,1.3152847098679958
GSM4138161,6,0.8132014584440379,42,12,Mac_IL1B,1.2983334630535788
GSM4138143,10,0.8368985469709751,42,12,mregDC_LAMP3,1.303356467252045
GSM4138123,3,0.6606214689291436,42,12,cDC2_CD1C,1.2923215519514093
GSM4138127,9,0.8557990254249848,41,12,Mono_TIL,1.295408245853625
GSM4138121,1,0.866082169087178,41,12,Mono_CD14_ID1,1.8314129191004536
GSM4138145,2,0.942337071039097,41,12,Mono_CD16,1.9530621610400112
GSM4138161,5,0.715852084352351,40,12,cDC2_CD1C,1.20715614550225
GSM4138135,3,0.8171245412648753,40,12,cDC2_CD1C,1.2923215519514093
GSM4138131,2,0.9000404133096334,39,12,Mono_CD16,1.9530621610400112
GSM4138123,6,0.8339546080861552,38,12,Mac_IL1B,1.2983334630535788
GSM4138141,5,0.7346506963713229,36,12,cDC2_CD1C,1.20715614550225
GSM4138139,5,0.7752791644302401,36,12,cDC2_CD1C,1.20715614550225
GSM4138137,3,0.7664601124755716,36,12,cDC2_CD1C,1.2923215519514093
GSM4138159,1,0.94521897362583,35,12,Mono_CD14_ID1,1.8314129191004536
GSM4138125,4,0.8496744231811784,35,12,Mac_CXCL9,1.2637917345249388
GSM4138129,4,0.8782755525312701,34,12,Mac_CXCL9,1.2637917345249388
GSM4138135,8,0.8355501068811695,34,12,Mac_SPP1,1.3152847098679958
GSM4138113,7,0.9011511681561436,33,12,DC_pDC,1.245008316047198
GSM4138129,6,0.827034628148088,33,12,Mac_IL1B,1.2983334630535788
GSM4138135,5,0.8116229075643762,32,12,cDC2_CD1C,1.20715614550225
GSM4138139,2,0.9302454281244148,32,12,Mono_CD16,1.9530621610400112
GSM4138147,7,0.8800969637734649,31,12,DC_pDC,1.245008316047198
GSM4138143,11,0.9499099441330964,31,12,Mast,1.2426507861546745
GSM4138135,10,0.881353640916401,30,12,mregDC_LAMP3,1.303356467252045
GSM4138133,1,0.9470962927441996,30,12,Mono_CD14_ID1,1.8314129191004536
GSM4138145,6,0.8851872432504514,30,12,Mac_IL1B,1.2983334630535788
GSM4138141,9,0.9174369274840508,30,12,Mono_TIL,1.295408245853625
GSM4138127,7,0.934311761778248,29,12,DC_pDC,1.245008316047198
GSM4138119,3,0.6716147655201403,28,12,cDC2_CD1C,1.2923215519514093
GSM4138157,1,0.941187373749056,28,12,Mono_CD14_ID1,1.8314129191004536
GSM4138111,11,0.8570514282209254,28,12,Mast,1.2426507861546745
GSM4138155,4,0.8508905109019171,28,12,Mac_CXCL9,1.2637917345249388
GSM4138117,3,0.8638328388242867,27,12,cDC2_CD1C,1.2923215519514093
GSM4138113,3,0.8039725218493025,26,12,cDC2_CD1C,1.2923215519514093
GSM4138127,8,0.8753079785885789,26,12,Mac_SPP1,1.3152847098679958
GSM4138135,2,0.9810010434981844,25,12,Mono_CD16,1.9530621610400112
GSM4138112,7,0.9480145225252716,25,12,DC_pDC,1.245008316047198
GSM4138129,7,0.9522192501682016,25,12,DC_pDC,1.245008316047198
GSM4138119,8,0.7814744924612781,25,12,Mac_SPP1,1.3152847098679958
GSM4138113,2,0.8985079665747382,24,12,Mono_CD16,1.9530621610400112
GSM4138144,3,0.9247324436105974,24,12,cDC2_CD1C,1.2923215519514093
GSM4138125,3,0.8154018753249993,24,12,cDC2_CD1C,1.2923215519514093
GSM4138160,7,0.9637168406872292,23,12,DC_pDC,1.245008316047198
GSM4138153,3,0.8126481541930819,23,12,cDC2_CD1C,1.2923215519514093
GSM4138129,3,0.8192605267278587,23,12,cDC2_CD1C,1.2923215519514093
GSM4138155,10,0.8410117665434924,23,12,mregDC_LAMP3,1.303356467252045
GSM4138123,1,0.9294195998931696,23,12,Mono_CD14_ID1,1.8314129191004536
GSM4138139,7,0.9333160959033334,22,12,DC_pDC,1.245008316047198
GSM4138139,10,0.9236926261728876,22,12,mregDC_LAMP3,1.303356467252045
GSM4138137,2,0.9909334789683384,22,12,Mono_CD16,1.9530621610400112
GSM4138162,3,0.9664585561115177,21,12,cDC2_CD1C,1.2923215519514093
GSM4138120,3,0.9070470283195148,21,12,cDC2_CD1C,1.2923215519514093
GSM4138155,5,0.8540909781536067,21,12,cDC2_CD1C,1.20715614550225
GSM4138116,2,0.9775817324403516,21,12,Mono_CD16,1.9530621610400112
GSM4138133,7,0.9677791977403044,21,12,DC_pDC,1.245008316047198
GSM4138123,10,0.9008442792778086,21,12,mregDC_LAMP3,1.303356467252045
GSM4138135,11,0.9632808291710414,21,12,Mast,1.2426507861546745
GSM4138128,7,0.9671572886913488,20,12,DC_pDC,1.245008316047198
GSM4138110,7,0.9515832936947742,20,12,DC_pDC,1.245008316047198
GSM4138168,7,0.9011449212070114,20,12,DC_pDC,1.245008316047198
GSM4138115,10,0.8915195456984419,20,12,mregDC_LAMP3,1.303356467252045
GSM4138152,3,0.9437347645399266,20,12,cDC2_CD1C,1.2923215519514093
GSM4138122,7,0.9671572886913488,20,12,DC_pDC,1.245008316047198
GSM4138135,7,0.9277395526018996,19,12,DC_pDC,1.245008316047198
GSM4138133,10,0.8674481408221775,19,12,mregDC_LAMP3,1.303356467252045
GSM4138115,7,0.9225313235859188,19,12,DC_pDC,1.245008316047198
GSM4138155,11,0.9304048836734372,19,12,Mast,1.2426507861546745
GSM4138118,2,0.9683764287428324,19,12,Mono_CD16,1.9530621610400112
GSM4138171,3,0.91325331721818,18,12,cDC2_CD1C,1.2923215519514093
GSM4138143,5,0.8250551452407502,18,12,cDC2_CD1C,1.20715614550225
GSM4138145,10,0.945295907805724,18,12,mregDC_LAMP3,1.303356467252045
GSM4138121,3,0.7988296298386901,18,12,cDC2_CD1C,1.2923215519514093
GSM4138127,3,0.938251192859185,18,12,cDC2_CD1C,1.2923215519514093
GSM4138157,6,0.9402950279394796,18,12,Mac_IL1B,1.2983334630535788
GSM4138131,11,0.9666702146494964,18,12,Mast,1.2426507861546745
GSM4138137,10,0.951599360583245,17,12,mregDC_LAMP3,1.303356467252045
GSM4138162,7,0.9844611143723536,17,12,DC_pDC,1.245008316047198
GSM4138172,3,0.8673161447217009,17,12,cDC2_CD1C,1.2923215519514093
GSM4138130,7,0.9701570446941438,17,12,DC_pDC,1.245008316047198
GSM4138163,7,0.9903020421816136,16,12,DC_pDC,1.245008316047198
GSM4138159,4,0.9067446106577052,16,12,Mac_CXCL9,1.2637917345249388
GSM4138121,7,0.8867434722193563,16,12,DC_pDC,1.245008316047198
GSM4138113,5,0.7448348853785678,16,12,cDC2_CD1C,1.20715614550225
GSM4138157,7,0.9528870226328386,16,12,DC_pDC,1.245008316047198
GSM4138154,3,0.9086251245096424,16,12,cDC2_CD1C,1.2923215519514093
GSM4138111,4,0.8751633410517297,15,12,Mac_CXCL9,1.2637917345249388
GSM4138148,3,0.9600529018338052,15,12,cDC2_CD1C,1.2923215519514093
GSM4138125,2,0.9806104345304972,15,12,Mono_CD16,1.9530621610400112
GSM4138139,9,0.975931747135998,15,12,Mono_TIL,1.295408245853625
GSM4138147,3,0.8958648233412956,15,12,cDC2_CD1C,1.2923215519514093
GSM4138129,2,1.0,15,12,Mono_CD16,1.9530621610400112
GSM4138151,7,0.9660966498243028,15,12,DC_pDC,1.245008316047198
GSM4138145,4,0.9473700711704308,15,12,Mac_CXCL9,1.2637917345249388
GSM4138117,11,0.9843483876594742,15,12,Mast,1.2426507861546745
GSM4138117,2,0.969674484953878,15,12,Mono_CD16,1.9530621610400112
GSM4138133,2,0.949469872579674,15,12,Mono_CD16,1.9530621610400112
GSM4138134,1,0.9828902478835186,809,13,Mono_CD14_ID1,1.8416997486860829
GSM4138116,1,0.9471786657498116,680,13,Mono_CD14_ID1,1.8416997486860829
GSM4138126,1,0.9733835261781631,670,13,Mono_CD14_ID1,1.8416997486860829
GSM4138156,1,0.9457590745770328,651,13,Mono_CD14_ID1,1.8416997486860829
GSM4138120,1,0.8930049164816263,511,13,Mono_CD14_ID1,1.8416997486860829
GSM4138142,1,0.9566128477714092,484,13,Mono_CD14_ID1,1.8416997486860829
GSM4138110,1,0.9649740736985984,460,13,Mono_CD14_ID1,1.8416997486860829
GSM4138140,1,0.9676001752485176,454,13,Mono_CD14_ID1,1.8416997486860829
GSM4138132,1,0.9679897395004652,419,13,Mono_CD14_ID1,1.8416997486860829
GSM4138160,1,0.9487211632798584,413,13,Mono_CD14_ID1,1.8416997486860829
GSM4138134,2,0.9567166394328742,402,13,Mono_CD16,1.944399024251808
GSM4138123,4,0.7088322024432752,396,13,Mac_CXCL9,1.267748586882454
GSM4138136,1,0.9596274619129128,384,13,Mono_CD14_ID1,1.8416997486860829
GSM4138138,1,0.9737451374328367,371,13,Mono_CD14_ID1,1.8416997486860829
GSM4138163,1,0.9525414350280396,345,13,Mono_CD14_ID1,1.8416997486860829
GSM4138125,8,0.7004494020302008,335,13,Mac_SPP1,1.321488043985274
GSM4138122,2,0.89769983810358,326,13,Mono_CD16,1.944399024251808
GSM4138128,2,0.89769983810358,326,13,Mono_CD16,1.944399024251808
GSM4138162,1,0.9592218358900892,317,13,Mono_CD14_ID1,1.8416997486860829
GSM4138135,4,0.7489258952010267,307,13,Mac_CXCL9,1.267748586882454
GSM4138130,1,0.9445604454138196,300,13,Mono_CD14_ID1,1.8416997486860829
GSM4138152,1,0.9417871962938346,297,13,Mono_CD14_ID1,1.8416997486860829
GSM4138154,1,0.9102557496583128,289,13,Mono_CD14_ID1,1.8416997486860829
GSM4138146,2,0.9218723108213028,289,13,Mono_CD16,1.944399024251808
GSM4138130,2,0.9495204453317624,281,13,Mono_CD16,1.944399024251808
GSM4138165,1,0.9523148620831072,267,13,Mono_CD14_ID1,1.8416997486860829
GSM4138118,1,0.9141355858000082,266,13,Mono_CD14_ID1,1.8416997486860829
GSM4138156,2,0.9316258667427896,256,13,Mono_CD16,1.944399024251808
GSM4138166,1,0.962400873591762,249,13,Mono_CD14_ID1,1.8416997486860829
GSM4138136,2,0.9279679716566804,246,13,Mono_CD16,1.944399024251808
GSM4138140,2,0.9257418713413164,235,13,Mono_CD16,1.944399024251808
GSM4138114,1,0.9425400450606868,230,13,Mono_CD14_ID1,1.8416997486860829
GSM4138137,4,0.7972062625824038,230,13,Mac_CXCL9,1.267748586882454
GSM4138124,1,0.977196725325232,229,13,Mono_CD14_ID1,1.8416997486860829
GSM4138158,1,0.9496763661584476,218,13,Mono_CD14_ID1,1.8416997486860829
GSM4138132,2,0.9451530514902806,215,13,Mono_CD16,1.944399024251808
GSM4138128,1,0.9638696264434626,211,13,Mono_CD14_ID1,1.8416997486860829
GSM4138167,1,0.9804619852469814,211,13,Mono_CD14_ID1,1.8416997486860829
GSM4138135,7,0.7342422839686574,211,13,Mac_IL1B,1.2999741580162272
GSM4138122,1,0.9638696264434626,211,13,Mono_CD14_ID1,1.8416997486860829
GSM4138141,1,0.8975810491587329,208,13,Mono_CD14_ID1,1.8416997486860829
GSM4138166,2,0.8921222682739173,203,13,Mono_CD16,1.944399024251808
GSM4138138,2,0.9461499147002916,200,13,Mono_CD16,1.944399024251808
GSM4138142,2,0.9505033902245484,197,13,Mono_CD16,1.944399024251808
GSM4138155,3,0.6153271877445158,190,13,cDC2_CD1C,1.339626912396341
GSM4138145,3,0.7007567622035662,189,13,cDC2_CD1C,1.339626912396341
GSM4138145,1,0.8406797616171341,186,13,Mono_CD14_ID1,1.8416997486860829
GSM4138112,1,0.9538184172638224,184,13,Mono_CD14_ID1,1.8416997486860829
GSM4138112,2,0.90994120462783,165,13,Mono_CD16,1.944399024251808
GSM4138155,1,0.7921656273413624,164,13,Mono_CD14_ID1,1.8416997486860829
GSM4138165,2,0.922343374618764,162,13,Mono_CD16,1.944399024251808
GSM4138146,1,0.9447160506743216,161,13,Mono_CD14_ID1,1.8416997486860829
GSM4138110,2,0.9303923068383128,161,13,Mono_CD16,1.944399024251808
GSM4138144,1,0.9406168325511812,160,13,Mono_CD14_ID1,1.8416997486860829
GSM4138131,9,0.7777829419416008,156,13,Mono_TIL,1.2992992450060137
GSM4138162,2,0.9047952259722132,146,13,Mono_CD16,1.944399024251808
GSM4138152,2,0.9115295389203472,145,13,Mono_CD16,1.944399024251808
GSM4138127,1,0.8741812256463143,128,13,Mono_CD14_ID1,1.8416997486860829
GSM4138117,1,0.8010464986888831,127,13,Mono_CD14_ID1,1.8416997486860829
GSM4138150,1,0.942250705763332,124,13,Mono_CD14_ID1,1.8416997486860829
GSM4138139,1,0.8531832453702272,118,13,Mono_CD14_ID1,1.8416997486860829
GSM4138135,1,0.8980823286283398,118,13,Mono_CD14_ID1,1.8416997486860829
GSM4138167,2,0.8894905094958188,116,13,Mono_CD16,1.944399024251808
GSM4138137,1,0.8740190619199657,115,13,Mono_CD14_ID1,1.8416997486860829
GSM4138139,7,0.8150247582048608,114,13,Mac_IL1B,1.2999741580162272
GSM4138127,5,0.7102563462345304,114,13,cDC2_CD1C,1.2143437841022364
GSM4138155,7,0.7457854180209356,114,13,Mac_IL1B,1.2999741580162272
GSM4138137,7,0.7790973131830433,113,13,Mac_IL1B,1.2999741580162272
GSM4138144,2,0.9228487036940558,112,13,Mono_CD16,1.944399024251808
GSM4138131,6,0.8805059006911912,111,13,DC_pDC,1.2516734700196013
GSM4138124,2,0.9099387713459354,108,13,Mono_CD16,1.944399024251808
GSM4138114,2,0.9044379786550714,107,13,Mono_CD16,1.944399024251808
GSM4138161,6,0.8292133355754832,107,13,DC_pDC,1.2516734700196013
GSM4138148,1,0.9376491660839744,107,13,Mono_CD14_ID1,1.8416997486860829
GSM4138161,3,0.6630432398812238,106,13,cDC2_CD1C,1.339626912396341
GSM4138143,3,0.709495892607583,105,13,cDC2_CD1C,1.339626912396341
GSM4138131,4,0.7878552592801918,103,13,Mac_CXCL9,1.267748586882454
GSM4138161,1,0.8606160120938455,100,13,Mono_CD14_ID1,1.8416997486860829
GSM4138141,3,0.7284088655511287,100,13,cDC2_CD1C,1.339626912396341
GSM4138164,1,0.9707397056209864,90,13,Mono_CD14_ID1,1.8416997486860829
GSM4138139,4,0.7890258889349095,88,13,Mac_CXCL9,1.267748586882454
GSM4138126,2,0.9445771648450804,87,13,Mono_CD16,1.944399024251808
GSM4138139,8,0.7266174579008469,86,13,Mac_SPP1,1.321488043985274
GSM4138125,1,0.9291328458337208,86,13,Mono_CD14_ID1,1.8416997486860829
GSM4138137,8,0.7507833072214773,84,13,Mac_SPP1,1.321488043985274
GSM4138115,3,0.7469092557718682,83,13,cDC2_CD1C,1.339626912396341
GSM4138123,5,0.6371411820404541,83,13,cDC2_CD1C,1.2143437841022364
GSM4138111,5,0.690308637372645,83,13,cDC2_CD1C,1.2143437841022364
GSM4138121,7,0.7143938797555756,82,13,Mac_IL1B,1.2999741580162272
GSM4138133,3,0.7676018910927499,81,13,cDC2_CD1C,1.339626912396341
GSM4138143,1,0.8493160803295687,78,13,Mono_CD14_ID1,1.8416997486860829
GSM4138127,7,0.8389774737657506,78,13,Mac_IL1B,1.2999741580162272
GSM4138111,3,0.7101687390518439,77,13,cDC2_CD1C,1.339626912396341
GSM4138120,2,0.895973303489182,76,13,Mono_CD16,1.944399024251808
GSM4138131,5,0.6819954435904756,74,13,cDC2_CD1C,1.2143437841022364
GSM4138129,1,0.9233557078808848,72,13,Mono_CD14_ID1,1.8416997486860829
GSM4138141,6,0.8882469191880943,72,13,DC_pDC,1.2516734700196013
GSM4138131,3,0.7816327418032678,71,13,cDC2_CD1C,1.339626912396341
GSM4138133,4,0.737245878339669,70,13,Mac_CXCL9,1.267748586882454
GSM4138155,8,0.6922302904162192,70,13,Mac_SPP1,1.321488043985274
GSM4138163,2,0.8986684683449108,67,13,Mono_CD16,1.944399024251808
GSM4138131,1,0.9168469079379772,67,13,Mono_CD14_ID1,1.8416997486860829
GSM4138160,2,0.943571948282736,66,13,Mono_CD16,1.944399024251808
GSM4138111,6,0.8804975836349698,64,13,DC_pDC,1.2516734700196013
GSM4138150,2,0.9069856043262108,64,13,Mono_CD16,1.944399024251808
GSM4138131,10,0.8157398887819808,63,13,mregDC_LAMP3,1.3127521869143697
GSM4138117,5,0.7362235879385299,62,13,cDC2_CD1C,1.2143437841022364
GSM4138141,2,0.9112864029397554,62,13,Mono_CD16,1.944399024251808
GSM4138137,3,0.7726873537768305,61,13,cDC2_CD1C,1.339626912396341
GSM4138139,11,0.954392453358975,59,13,Mast,1.2534144556532485
GSM4138139,3,0.8187041442071977,58,13,cDC2_CD1C,1.339626912396341
GSM4138133,5,0.7376737727753024,58,13,cDC2_CD1C,1.2143437841022364
GSM4138117,4,0.8167208562749475,57,13,Mac_CXCL9,1.267748586882454
GSM4138164,2,0.8606961838091174,56,13,Mono_CD16,1.944399024251808
GSM4138137,5,0.7634352089391213,55,13,cDC2_CD1C,1.2143437841022364
GSM4138113,1,0.878358495567928,55,13,Mono_CD14_ID1,1.8416997486860829
GSM4138157,3,0.7106596136646193,55,13,cDC2_CD1C,1.339626912396341
GSM4138148,2,0.8962137214214474,54,13,Mono_CD16,1.944399024251808
GSM4138141,10,0.8416797320919569,53,13,mregDC_LAMP3,1.3127521869143697
GSM4138154,2,0.9179210034386218,52,13,Mono_CD16,1.944399024251808
GSM4138141,4,0.8248297613634092,51,13,Mac_CXCL9,1.267748586882454
GSM4138155,6,0.8268653204988696,51,13,DC_pDC,1.2516734700196013
GSM4138111,1,0.8370641783331608,50,13,Mono_CD14_ID1,1.8416997486860829
GSM4138123,6,0.8975763485769659,48,13,DC_pDC,1.2516734700196013
GSM4138135,3,0.8238097279550234,48,13,cDC2_CD1C,1.339626912396341
GSM4138159,3,0.7086109383652094,48,13,cDC2_CD1C,1.339626912396341
GSM4138111,2,0.8666564407976646,47,13,Mono_CD16,1.944399024251808
GSM4138123,3,0.6418222160928351,46,13,cDC2_CD1C,1.339626912396341
GSM4138143,6,0.8686542379614236,46,13,DC_pDC,1.2516734700196013
GSM4138121,1,0.8718359227295082,46,13,Mono_CD14_ID1,1.8416997486860829
GSM4138131,7,0.845350261612358,45,13,Mac_IL1B,1.2999741580162272
GSM4138158,2,0.9453736702803875,45,13,Mono_CD16,1.944399024251808
GSM4138145,6,0.9147704153933428,45,13,DC_pDC,1.2516734700196013
GSM4138143,2,0.9449359160378225,44,13,Mono_CD16,1.944399024251808
GSM4138119,1,0.824280064905167,44,13,Mono_CD14_ID1,1.8416997486860829
GSM4138129,8,0.8378890619744658,42,13,Mac_SPP1,1.321488043985274
GSM4138143,10,0.8368985469709751,42,13,mregDC_LAMP3,1.3127521869143697
GSM4138127,9,0.8557990254249848,41,13,Mono_TIL,1.2992992450060137
GSM4138145,2,0.9228959250521918,41,13,Mono_CD16,1.944399024251808
GSM4138131,2,0.909590323487576,39,13,Mono_CD16,1.944399024251808
GSM4138159,1,0.9458044584237648,37,13,Mono_CD14_ID1,1.8416997486860829
GSM4138161,5,0.7470612806407885,37,13,cDC2_CD1C,1.2143437841022364
GSM4138161,7,0.839721272127666,36,13,Mac_IL1B,1.2999741580162272
GSM4138135,8,0.834720040807224,36,13,Mac_SPP1,1.321488043985274
GSM4138141,5,0.7346506963713229,36,13,cDC2_CD1C,1.2143437841022364
GSM4138139,5,0.7570858783759493,35,13,cDC2_CD1C,1.2143437841022364
GSM4138129,4,0.8701713522328011,35,13,Mac_CXCL9,1.267748586882454
GSM4138125,4,0.8496744231811784,35,13,Mac_CXCL9,1.267748586882454
GSM4138157,1,0.9143819383564392,33,13,Mono_CD14_ID1,1.8416997486860829
GSM4138113,6,0.9011511681561436,33,13,DC_pDC,1.2516734700196013
GSM4138139,2,0.9455671073102658,32,13,Mono_CD16,1.944399024251808
GSM4138123,7,0.848382734580065,32,13,Mac_IL1B,1.2999741580162272
GSM4138143,11,0.9499099441330964,31,13,Mast,1.2534144556532485
GSM4138135,5,0.8104648900725777,31,13,cDC2_CD1C,1.2143437841022364
GSM4138133,1,0.9474523020085026,31,13,Mono_CD14_ID1,1.8416997486860829
GSM4138147,6,0.8800969637734649,31,13,DC_pDC,1.2516734700196013
GSM4138119,3,0.6677534159257876,31,13,cDC2_CD1C,1.339626912396341
GSM4138135,10,0.881353640916401,30,13,mregDC_LAMP3,1.3127521869143697
GSM4138127,6,0.934311761778248,29,13,DC_pDC,1.2516734700196013
GSM4138113,3,0.7918618282876477,28,13,cDC2_CD1C,1.339626912396341
GSM4138141,9,0.9529358369993068,28,13,Mono_TIL,1.2992992450060137
GSM4138111,11,0.8570514282209254,28,13,Mast,1.2534144556532485
GSM4138155,4,0.8508905109019171,28,13,Mac_CXCL9,1.267748586882454
GSM4138125,3,0.800752018413763,27,13,cDC2_CD1C,1.339626912396341
GSM4138129,7,0.8388248531235172,27,13,Mac_IL1B,1.2999741580162272
GSM4138129,3,0.8074132586144993,27,13,cDC2_CD1C,1.339626912396341
GSM4138117,3,0.8638328388242867,27,13,cDC2_CD1C,1.339626912396341
GSM4138127,8,0.8753079785885789,26,13,Mac_SPP1,1.321488043985274
GSM4138145,7,0.911471842163775,26,13,Mac_IL1B,1.2999741580162272
GSM4138123,1,0.9407620834698668,25,13,Mono_CD14_ID1,1.8416997486860829
GSM4138144,3,0.923699262297116,25,13,cDC2_CD1C,1.339626912396341
GSM4138129,6,0.9522192501682016,25,13,DC_pDC,1.2516734700196013
GSM4138135,2,0.9645278316891808,25,13,Mono_CD16,1.944399024251808
GSM4138112,6,0.9480145225252716,25,13,DC_pDC,1.2516734700196013
GSM4138137,2,0.980895374863443,24,13,Mono_CD16,1.944399024251808
GSM4138119,8,0.7684688549515343,24,13,Mac_SPP1,1.321488043985274
GSM4138153,3,0.8126481541930819,23,13,cDC2_CD1C,1.339626912396341
GSM4138113,2,0.909071127996358,23,13,Mono_CD16,1.944399024251808
GSM4138155,10,0.8410117665434924,23,13,mregDC_LAMP3,1.3127521869143697
GSM4138160,6,0.9637168406872292,23,13,DC_pDC,1.2516734700196013
GSM4138162,3,0.9603546817406848,22,13,cDC2_CD1C,1.339626912396341
GSM4138139,6,0.9333160959033334,22,13,DC_pDC,1.2516734700196013
GSM4138139,10,0.9236926261728876,22,13,mregDC_LAMP3,1.3127521869143697
GSM4138133,6,0.9677791977403044,21,13,DC_pDC,1.2516734700196013
GSM4138120,3,0.9070470283195148,21,13,cDC2_CD1C,1.339626912396341
GSM4138116,2,0.9775817324403516,21,13,Mono_CD16,1.944399024251808
GSM4138121,3,0.7927040775082681,21,13,cDC2_CD1C,1.339626912396341
GSM4138123,10,0.9008442792778086,21,13,mregDC_LAMP3,1.3127521869143697
GSM4138135,11,0.9632808291710414,21,13,Mast,1.2534144556532485
GSM4138128,6,0.9671572886913488,20,13,DC_pDC,1.2516734700196013
GSM4138115,10,0.8915195456984419,20,13,mregDC_LAMP3,1.3127521869143697
GSM4138110,6,0.9515832936947742,20,13,DC_pDC,1.2516734700196013
GSM4138122,6,0.9671572886913488,20,13,DC_pDC,1.2516734700196013
GSM4138152,3,0.9437347645399266,20,13,cDC2_CD1C,1.339626912396341
GSM4138168,6,0.9011449212070114,20,13,DC_pDC,1.2516734700196013
GSM4138135,6,0.9277395526018996,19,13,DC_pDC,1.2516734700196013
GSM4138133,10,0.8674481408221775,19,13,mregDC_LAMP3,1.3127521869143697
GSM4138118,2,0.9683764287428324,19,13,Mono_CD16,1.944399024251808
GSM4138155,5,0.8645839919110553,19,13,cDC2_CD1C,1.2143437841022364
GSM4138115,6,0.9225313235859188,19,13,DC_pDC,1.2516734700196013
GSM4138155,11,0.9304048836734372,19,13,Mast,1.2534144556532485
GSM4138127,3,0.938251192859185,18,13,cDC2_CD1C,1.339626912396341
GSM4138131,11,0.9666702146494964,18,13,Mast,1.2534144556532485
GSM4138145,10,0.945295907805724,18,13,mregDC_LAMP3,1.3127521869143697
GSM4138171,3,0.91325331721818,18,13,cDC2_CD1C,1.339626912396341
GSM4138172,3,0.8918299516643426,18,13,cDC2_CD1C,1.339626912396341
GSM4138137,10,0.951599360583245,17,13,mregDC_LAMP3,1.3127521869143697
GSM4138143,5,0.8812627769006492,17,13,cDC2_CD1C,1.2143437841022364
GSM4138162,6,0.9844611143723536,17,13,DC_pDC,1.2516734700196013
GSM4138113,5,0.7458023887969891,17,13,cDC2_CD1C,1.2143437841022364
GSM4138139,9,0.9294615971287472,17,13,Mono_TIL,1.2992992450060137
GSM4138154,3,0.8840771009721184,17,13,cDC2_CD1C,1.339626912396341
GSM4138130,6,0.9701570446941438,17,13,DC_pDC,1.2516734700196013
GSM4138121,6,0.8867434722193563,16,13,DC_pDC,1.2516734700196013
GSM4138157,6,0.9528870226328386,16,13,DC_pDC,1.2516734700196013
GSM4138163,6,0.9903020421816136,16,13,DC_pDC,1.2516734700196013
GSM4138133,2,0.949469872579674,15,13,Mono_CD16,1.944399024251808
GSM4138159,4,0.9243493392583944,15,13,Mac_CXCL9,1.267748586882454
GSM4138129,2,0.9853374304067354,15,13,Mono_CD16,1.944399024251808
GSM4138147,3,0.8958648233412956,15,13,cDC2_CD1C,1.339626912396341
GSM4138155,2,0.9224081665572784,15,13,Mono_CD16,1.944399024251808
GSM4138161,2,0.9641250348096876,15,13,Mono_CD16,1.944399024251808
GSM4138148,3,0.9600529018338052,15,13,cDC2_CD1C,1.339626912396341
GSM4138117,11,0.9843483876594742,15,13,Mast,1.2534144556532485
GSM4138117,2,0.969674484953878,15,13,Mono_CD16,1.944399024251808
GSM4138151,6,0.9660966498243028,15,13,DC_pDC,1.2516734700196013
GSM4138134,1,0.98285860288298,807,14,Mono_CD14_ID1,1.8064805558933497
GSM4138116,1,0.9471304533166904,679,14,Mono_CD14_ID1,1.8064805558933497
GSM4138126,1,0.973304699158504,664,14,Mono_CD14_ID1,1.8064805558933497
GSM4138156,1,0.9425852736664696,654,14,Mono_CD14_ID1,1.8064805558933497
GSM4138120,1,0.8930049164816263,511,14,Mono_CD14_ID1,1.8064805558933497
GSM4138142,1,0.9540129182273508,479,14,Mono_CD14_ID1,1.8064805558933497
GSM4138110,1,0.9649740736985984,460,14,Mono_CD14_ID1,1.8064805558933497
GSM4138140,1,0.9652229528208705,453,14,Mono_CD14_ID1,1.8064805558933497
GSM4138132,1,0.9680840308563754,417,14,Mono_CD14_ID1,1.8064805558933497
GSM4138160,1,0.9470522676689288,412,14,Mono_CD14_ID1,1.8064805558933497
GSM4138134,2,0.9564712888217628,404,14,Mono_CD16,1.95436678199528
GSM4138123,4,0.7010371375669068,398,14,Mac_CXCL9,1.257111409477908
GSM4138136,1,0.95730550690821,384,14,Mono_CD14_ID1,1.8064805558933497
GSM4138138,1,0.9720019607775426,371,14,Mono_CD14_ID1,1.8064805558933497
GSM4138125,8,0.6970810531653913,338,14,Mac_SPP1,1.3047448252573433
GSM4138163,1,0.9521450543603868,337,14,Mono_CD14_ID1,1.8064805558933497
GSM4138128,2,0.9074134794443408,326,14,Mono_CD16,1.95436678199528
GSM4138122,2,0.9074134794443408,326,14,Mono_CD16,1.95436678199528
GSM4138135,4,0.7480823188914211,307,14,Mac_CXCL9,1.257111409477908
GSM4138162,1,0.9588902248732292,303,14,Mono_CD14_ID1,1.8064805558933497
GSM4138130,1,0.9434473347373667,297,14,Mono_CD14_ID1,1.8064805558933497
GSM4138152,1,0.9430791041165996,294,14,Mono_CD14_ID1,1.8064805558933497
GSM4138146,2,0.9221682157203762,290,14,Mono_CD16,1.95436678199528
GSM4138154,1,0.9102557496583128,289,14,Mono_CD14_ID1,1.8064805558933497
GSM4138130,2,0.948270139806716,283,14,Mono_CD16,1.95436678199528
GSM4138165,1,0.9477859667850508,268,14,Mono_CD14_ID1,1.8064805558933497
GSM4138118,1,0.9131439708578448,259,14,Mono_CD14_ID1,1.8064805558933497
GSM4138156,2,0.9338395563419328,250,14,Mono_CD16,1.95436678199528
GSM4138166,1,0.9620178198961116,247,14,Mono_CD14_ID1,1.8064805558933497
GSM4138136,2,0.9308288376161804,245,14,Mono_CD16,1.95436678199528
GSM4138140,2,0.9243895344282702,235,14,Mono_CD16,1.95436678199528
GSM4138114,1,0.9369779150440044,232,14,Mono_CD14_ID1,1.8064805558933497
GSM4138124,1,0.9764879472790452,230,14,Mono_CD14_ID1,1.8064805558933497
GSM4138137,4,0.8071796919747635,224,14,Mac_CXCL9,1.257111409477908
GSM4138158,1,0.9496763661584476,218,14,Mono_CD14_ID1,1.8064805558933497
GSM4138132,2,0.945007843711444,217,14,Mono_CD16,1.95436678199528
GSM4138167,1,0.9651334012431292,210,14,Mono_CD14_ID1,1.8064805558933497
GSM4138166,2,0.8906691589982203,206,14,Mono_CD16,1.95436678199528
GSM4138128,1,0.9630360043035798,205,14,Mono_CD14_ID1,1.8064805558933497
GSM4138122,1,0.9630360043035798,205,14,Mono_CD14_ID1,1.8064805558933497
GSM4138142,2,0.9383000656206524,204,14,Mono_CD16,1.95436678199528
GSM4138141,1,0.8983150171940097,203,14,Mono_CD14_ID1,1.8064805558933497
GSM4138138,2,0.9462590069029868,200,14,Mono_CD16,1.95436678199528
GSM4138135,9,0.7511856805653874,193,14,Mac_IL1B,1.2528675026698888
GSM4138112,1,0.949776297893215,185,14,Mono_CD14_ID1,1.8064805558933497
GSM4138145,1,0.8487800851598534,181,14,Mono_CD14_ID1,1.8064805558933497
GSM4138145,3,0.709192767427122,167,14,cDC2_CD1C,1.254533542968752
GSM4138112,2,0.9121123737011808,163,14,Mono_CD16,1.95436678199528
GSM4138155,3,0.6365173564785699,162,14,cDC2_CD1C,1.254533542968752
GSM4138110,2,0.9303923068383128,161,14,Mono_CD16,1.95436678199528
GSM4138162,2,0.8951494758858562,161,14,Mono_CD16,1.95436678199528
GSM4138165,2,0.9215186711555684,160,14,Mono_CD16,1.95436678199528
GSM4138144,1,0.9299640724760738,160,14,Mono_CD14_ID1,1.8064805558933497
GSM4138146,1,0.942593453673522,160,14,Mono_CD14_ID1,1.8064805558933497
GSM4138155,1,0.7987990799397477,159,14,Mono_CD14_ID1,1.8064805558933497
GSM4138131,10,0.777066779326971,156,14,Mono_TIL,1.2888575690795752
GSM4138152,2,0.8844598716492642,152,14,Mono_CD16,1.95436678199528
GSM4138150,1,0.9492612328231324,122,14,Mono_CD14_ID1,1.8064805558933497
GSM4138127,1,0.881239427871464,121,14,Mono_CD14_ID1,1.8064805558933497
GSM4138117,1,0.8272947448088738,121,14,Mono_CD14_ID1,1.8064805558933497
GSM4138167,2,0.8900582119984831,117,14,Mono_CD16,1.95436678199528
GSM4138127,6,0.7070319228861265,116,14,cDC2_CD1C,1.2021227348870085
GSM4138155,9,0.7327678591194627,114,14,Mac_IL1B,1.2528675026698888
GSM4138139,1,0.8563610008773793,114,14,Mono_CD14_ID1,1.8064805558933497
GSM4138144,2,0.9231365797023366,113,14,Mono_CD16,1.95436678199528
GSM4138131,7,0.8805059006911912,111,14,DC_pDC,1.2382837094355572
GSM4138139,9,0.818743432636533,111,14,Mac_IL1B,1.2528675026698888
GSM4138161,7,0.824790628121445,109,14,DC_pDC,1.2382837094355572
GSM4138148,1,0.95020683588957,106,14,Mono_CD14_ID1,1.8064805558933497
GSM4138124,2,0.9215282815400098,105,14,Mono_CD16,1.95436678199528
GSM4138114,2,0.9063053039482216,104,14,Mono_CD16,1.95436678199528
GSM4138131,4,0.7852839449138556,104,14,Mac_CXCL9,1.257111409477908
GSM4138135,1,0.9141102754334288,100,14,Mono_CD14_ID1,1.8064805558933497
GSM4138137,1,0.8922256276408884,99,14,Mono_CD14_ID1,1.8064805558933497
GSM4138161,1,0.8503688655113433,97,14,Mono_CD14_ID1,1.8064805558933497
GSM4138137,5,0.8339823749035261,95,14,cDC2_CD1C,1.2938890441397883
GSM4138126,2,0.9431608325575056,93,14,Mono_CD16,1.95436678199528
GSM4138164,1,0.9707397056209864,90,14,Mono_CD14_ID1,1.8064805558933497
GSM4138139,8,0.728426987309652,88,14,Mac_SPP1,1.3047448252573433
GSM4138143,3,0.7244516284669602,88,14,cDC2_CD1C,1.254533542968752
GSM4138139,4,0.7870457028986345,88,14,Mac_CXCL9,1.257111409477908
GSM4138161,3,0.6785633891372695,86,14,cDC2_CD1C,1.254533542968752
GSM4138137,9,0.7889648421280155,85,14,Mac_IL1B,1.2528675026698888
GSM4138111,6,0.6959646832078914,85,14,cDC2_CD1C,1.2021227348870085
GSM4138123,6,0.640104494605591,84,14,cDC2_CD1C,1.2021227348870085
GSM4138125,1,0.9345940517305612,84,14,Mono_CD14_ID1,1.8064805558933497
GSM4138155,8,0.6668938373644356,79,14,Mac_SPP1,1.3047448252573433
GSM4138121,9,0.7204427790362589,77,14,Mac_IL1B,1.2528675026698888
GSM4138137,8,0.7657908452479703,77,14,Mac_SPP1,1.3047448252573433
GSM4138120,2,0.8879742271461972,77,14,Mono_CD16,1.95436678199528
GSM4138141,3,0.7340258744643707,77,14,cDC2_CD1C,1.254533542968752
GSM4138131,6,0.679505985104966,76,14,cDC2_CD1C,1.2021227348870085
GSM4138143,1,0.8429719722824546,76,14,Mono_CD14_ID1,1.8064805558933497
GSM4138163,2,0.9041574497216256,74,14,Mono_CD16,1.95436678199528
GSM4138133,4,0.7546363026941311,74,14,Mac_CXCL9,1.257111409477908
GSM4138141,7,0.8970391206424041,72,14,DC_pDC,1.2382837094355572
GSM4138129,1,0.9183766129076996,71,14,Mono_CD14_ID1,1.8064805558933497
GSM4138115,3,0.760729899502255,70,14,cDC2_CD1C,1.254533542968752
GSM4138141,2,0.9143546038587234,69,14,Mono_CD16,1.95436678199528
GSM4138127,9,0.8512313890418941,66,14,Mac_IL1B,1.2528675026698888
GSM4138160,2,0.940369118668156,66,14,Mono_CD16,1.95436678199528
GSM4138133,3,0.7634379281989404,66,14,cDC2_CD1C,1.254533542968752
GSM4138150,2,0.9051766599522296,66,14,Mono_CD16,1.95436678199528
GSM4138111,7,0.8819018174764236,65,14,DC_pDC,1.2382837094355572
GSM4138131,11,0.8075020684650094,62,14,mregDC_LAMP3,1.2862380707803127
GSM4138117,6,0.7367496206995322,61,14,cDC2_CD1C,1.2021227348870085
GSM4138131,1,0.913718807661452,60,14,Mono_CD14_ID1,1.8064805558933497
GSM4138133,6,0.7370518080405508,60,14,cDC2_CD1C,1.2021227348870085
GSM4138139,12,0.954392453358975,59,14,Mast,1.236486435775289
GSM4138148,2,0.8744093928189702,57,14,Mono_CD16,1.95436678199528
GSM4138164,2,0.8709233290278271,56,14,Mono_CD16,1.95436678199528
GSM4138141,4,0.8354806699511034,55,14,Mac_CXCL9,1.257111409477908
GSM4138111,3,0.7643890630326657,54,14,cDC2_CD1C,1.254533542968752
GSM4138137,6,0.7689755911942069,54,14,cDC2_CD1C,1.2021227348870085
GSM4138117,4,0.8033081421500717,54,14,Mac_CXCL9,1.257111409477908
GSM4138141,11,0.8349495349747638,52,14,mregDC_LAMP3,1.2862380707803127
GSM4138154,2,0.9179210034386218,52,14,Mono_CD16,1.95436678199528
GSM4138155,7,0.822255839416768,52,14,DC_pDC,1.2382837094355572
GSM4138111,1,0.8223475652446004,51,14,Mono_CD14_ID1,1.8064805558933497
GSM4138135,5,0.9151381735819532,51,14,cDC2_CD1C,1.2938890441397883
GSM4138139,3,0.817999688781579,50,14,cDC2_CD1C,1.254533542968752
GSM4138123,7,0.9006334149339715,49,14,DC_pDC,1.2382837094355572
GSM4138157,3,0.7289832497995434,49,14,cDC2_CD1C,1.254533542968752
GSM4138113,1,0.8884098916456589,48,14,Mono_CD14_ID1,1.8064805558933497
GSM4138111,2,0.8317653235533422,47,14,Mono_CD16,1.95436678199528
GSM4138145,2,0.9127923942531242,47,14,Mono_CD16,1.95436678199528
GSM4138143,2,0.908301277640994,46,14,Mono_CD16,1.95436678199528
GSM4138143,7,0.8686542379614236,46,14,DC_pDC,1.2382837094355572
GSM4138158,2,0.9447002614996116,46,14,Mono_CD16,1.95436678199528
GSM4138121,1,0.8633611562557609,46,14,Mono_CD14_ID1,1.8064805558933497
GSM4138145,7,0.9147704153933428,45,14,DC_pDC,1.2382837094355572
GSM4138159,3,0.7244950000195556,44,14,cDC2_CD1C,1.254533542968752
GSM4138129,8,0.8224239966811868,44,14,Mac_SPP1,1.3047448252573433
GSM4138131,3,0.8020799742103599,44,14,cDC2_CD1C,1.254533542968752
GSM4138127,10,0.8560574375059741,42,14,Mono_TIL,1.2888575690795752
GSM4138143,11,0.8368985469709751,42,14,mregDC_LAMP3,1.2862380707803127
GSM4138131,5,0.8647841111418023,41,14,cDC2_CD1C,1.2938890441397883
GSM4138119,5,0.7438795841748809,41,14,cDC2_CD1C,1.2938890441397883
GSM4138161,6,0.7320932575911753,40,14,cDC2_CD1C,1.2021227348870085
GSM4138131,2,0.9138549699982432,40,14,Mono_CD16,1.95436678199528
GSM4138135,8,0.8268658438397143,37,14,Mac_SPP1,1.3047448252573433
GSM4138123,3,0.701130163527468,37,14,cDC2_CD1C,1.254533542968752
GSM4138139,6,0.7576108920310796,36,14,cDC2_CD1C,1.2021227348870085
GSM4138129,4,0.8713036832199642,36,14,Mac_CXCL9,1.257111409477908
GSM4138141,6,0.7266933775871273,35,14,cDC2_CD1C,1.2021227348870085
GSM4138131,9,0.8404755406650732,35,14,Mac_IL1B,1.2528675026698888
GSM4138139,2,0.9306768935512088,35,14,Mono_CD16,1.95436678199528
GSM4138125,4,0.8670686200714244,34,14,Mac_CXCL9,1.257111409477908
GSM4138159,1,0.9439593958120782,33,14,Mono_CD14_ID1,1.8064805558933497
GSM4138113,7,0.9011511681561436,33,14,DC_pDC,1.2382837094355572
GSM4138123,9,0.8431310263978821,32,14,Mac_IL1B,1.2528675026698888
GSM4138135,2,0.9593269116198672,31,14,Mono_CD16,1.95436678199528
GSM4138135,6,0.8104648900725777,31,14,cDC2_CD1C,1.2021227348870085
GSM4138147,7,0.8800969637734649,31,14,DC_pDC,1.2382837094355572
GSM4138143,12,0.9499099441330964,31,14,Mast,1.236486435775289
GSM4138133,1,0.9473559393448308,30,14,Mono_CD14_ID1,1.8064805558933497
GSM4138135,11,0.9292739378036524,29,14,mregDC_LAMP3,1.2862380707803127
GSM4138111,12,0.8559705668702753,29,14,Mast,1.236486435775289
GSM4138161,9,0.8698526789605273,29,14,Mac_IL1B,1.2528675026698888
GSM4138141,10,0.8761918577413053,28,14,Mono_TIL,1.2888575690795752
GSM4138127,7,0.9313771396418056,28,14,DC_pDC,1.2382837094355572
GSM4138155,4,0.8483988436671235,28,14,Mac_CXCL9,1.257111409477908
GSM4138113,2,0.9041856696589132,27,14,Mono_CD16,1.95436678199528
GSM4138127,8,0.8570630962014787,27,14,Mac_SPP1,1.3047448252573433
GSM4138129,9,0.8349988993340165,27,14,Mac_IL1B,1.2528675026698888
GSM4138135,3,0.8104634392757396,27,14,cDC2_CD1C,1.254533542968752
GSM4138157,1,0.9538045760058872,26,14,Mono_CD14_ID1,1.8064805558933497
GSM4138118,2,0.9463397182600348,26,14,Mono_CD16,1.95436678199528
GSM4138113,3,0.8140202254952212,25,14,cDC2_CD1C,1.254533542968752
GSM4138155,11,0.8335783958712156,25,14,mregDC_LAMP3,1.2862380707803127
GSM4138129,7,0.9522192501682016,25,14,DC_pDC,1.2382837094355572
GSM4138112,7,0.9480145225252716,25,14,DC_pDC,1.2382837094355572
GSM4138137,3,0.7738569233713473,25,14,cDC2_CD1C,1.254533542968752
GSM4138119,1,0.9305243217202054,24,14,Mono_CD14_ID1,1.8064805558933497
GSM4138137,2,0.9807351642422376,24,14,Mono_CD16,1.95436678199528
GSM4138144,3,0.9247324436105974,24,14,cDC2_CD1C,1.254533542968752
GSM4138119,8,0.7853346525491016,24,14,Mac_SPP1,1.3047448252573433
GSM4138145,9,0.9113087175559028,23,14,Mac_IL1B,1.2528675026698888
GSM4138117,3,0.9163773590863789,23,14,cDC2_CD1C,1.254533542968752
GSM4138123,1,0.9419554681878256,23,14,Mono_CD14_ID1,1.8064805558933497
GSM4138160,7,0.9637168406872292,23,14,DC_pDC,1.2382837094355572
GSM4138123,11,0.8955322967630677,22,14,mregDC_LAMP3,1.2862380707803127
GSM4138133,7,0.968913729778171,22,14,DC_pDC,1.2382837094355572
GSM4138139,11,0.9236926261728876,22,14,mregDC_LAMP3,1.2862380707803127
GSM4138139,7,0.9333160959033334,22,14,DC_pDC,1.2382837094355572
GSM4138116,2,0.974073412356578,22,14,Mono_CD16,1.95436678199528
GSM4138125,3,0.8227431010063121,21,14,cDC2_CD1C,1.254533542968752
GSM4138162,3,0.9635876389971992,21,14,cDC2_CD1C,1.254533542968752
GSM4138135,12,0.9632808291710414,21,14,Mast,1.236486435775289
GSM4138168,7,0.9011449212070114,20,14,DC_pDC,1.2382837094355572
GSM4138145,5,0.9200408918868388,20,14,cDC2_CD1C,1.2938890441397883
GSM4138143,6,0.8254078024991698,20,14,cDC2_CD1C,1.2021227348870085
GSM4138161,5,0.9032923291247864,20,14,cDC2_CD1C,1.2938890441397883
GSM4138122,7,0.9671572886913488,20,14,DC_pDC,1.2382837094355572
GSM4138115,11,0.8915195456984419,20,14,mregDC_LAMP3,1.2862380707803127
GSM4138120,3,0.9223497609127634,20,14,cDC2_CD1C,1.254533542968752
GSM4138129,3,0.887521609971628,20,14,cDC2_CD1C,1.254533542968752
GSM4138128,7,0.9671572886913488,20,14,DC_pDC,1.2382837094355572
GSM4138155,12,0.907094647641158,20,14,Mast,1.236486435775289
GSM4138110,7,0.9515832936947742,20,14,DC_pDC,1.2382837094355572
GSM4138141,5,0.9575424124067168,19,14,cDC2_CD1C,1.2938890441397883
GSM4138135,7,0.9277395526018996,19,14,DC_pDC,1.2382837094355572
GSM4138145,11,0.9266522420033932,19,14,mregDC_LAMP3,1.2862380707803127
GSM4138139,10,0.9158939991308968,19,14,Mono_TIL,1.2888575690795752
GSM4138115,7,0.9225313235859188,19,14,DC_pDC,1.2382837094355572
GSM4138111,5,0.8784193268707527,19,14,cDC2_CD1C,1.2938890441397883
GSM4138117,2,0.9505681627695506,19,14,Mono_CD16,1.95436678199528
GSM4138133,11,0.8674481408221775,19,14,mregDC_LAMP3,1.2862380707803127
GSM4138155,6,0.8645839919110553,19,14,cDC2_CD1C,1.2021227348870085
GSM4138153,3,0.8540110176451364,18,14,cDC2_CD1C,1.254533542968752
GSM4138127,5,0.9586664689283868,18,14,cDC2_CD1C,1.2938890441397883
GSM4138131,12,0.9666702146494964,18,14,Mast,1.236486435775289
GSM4138155,5,0.8920968151925522,18,14,cDC2_CD1C,1.2938890441397883
GSM4138133,2,0.942071309657044,18,14,Mono_CD16,1.95436678199528
GSM4138129,2,0.989060914279452,18,14,Mono_CD16,1.95436678199528
GSM4138154,3,0.8840771009721184,17,14,cDC2_CD1C,1.254533542968752
GSM4138162,7,0.9844611143723536,17,14,DC_pDC,1.2382837094355572
GSM4138161,2,0.958316427409056,17,14,Mono_CD16,1.95436678199528
GSM4138130,7,0.9701570446941438,17,14,DC_pDC,1.2382837094355572
GSM4138113,6,0.7458023887969891,17,14,cDC2_CD1C,1.2021227348870085
GSM4138127,3,0.963808069286544,16,14,cDC2_CD1C,1.254533542968752
GSM4138171,3,0.9262771279000824,16,14,cDC2_CD1C,1.254533542968752
GSM4138155,2,0.927690662734568,16,14,Mono_CD16,1.95436678199528
GSM4138115,2,0.9701876772151038,16,14,Mono_CD16,1.95436678199528
GSM4138161,10,0.9095366253550954,16,14,Mono_TIL,1.2888575690795752
GSM4138143,4,0.9506247882429124,16,14,Mac_CXCL9,1.257111409477908
GSM4138152,3,0.9550700080911728,16,14,cDC2_CD1C,1.254533542968752
GSM4138163,7,0.9903020421816136,16,14,DC_pDC,1.2382837094355572
GSM4138159,4,0.9199600894290912,16,14,Mac_CXCL9,1.257111409477908
GSM4138137,11,0.9508347199820468,16,14,mregDC_LAMP3,1.2862380707803127
GSM4138157,7,0.9528870226328386,16,14,DC_pDC,1.2382837094355572
GSM4138117,12,0.9843483876594742,15,14,Mast,1.236486435775289
GSM4138172,3,0.8985040950009492,15,14,cDC2_CD1C,1.254533542968752
GSM4138151,7,0.9660966498243028,15,14,DC_pDC,1.2382837094355572
GSM4138157,2,0.9659282719349576,15,14,Mono_CD16,1.95436678199528
GSM4138156,3,0.9627767176456592,15,14,cDC2_CD1C,1.254533542968752
GSM4138145,4,0.9473700711704308,15,14,Mac_CXCL9,1.257111409477908
GSM4138121,5,0.9307950457515916,15,14,cDC2_CD1C,1.2938890441397883
GSM4138134,1,0.9607623321295946,930,15,Mono_CD14_ID1,2.171654511159949
GSM4138126,1,0.9602580386070678,703,15,Mono_CD14_ID1,2.171654511159949
GSM4138156,1,0.914971677168008,690,15,Mono_CD14_ID1,2.171654511159949
GSM4138116,1,0.9473027902343436,682,15,Mono_CD14_ID1,2.171654511159949
GSM4138120,1,0.8572614155320885,557,15,Mono_CD14_ID1,2.171654511159949
GSM4138140,1,0.9337163139906108,532,15,Mono_CD14_ID1,2.171654511159949
GSM4138142,1,0.9288273271777808,529,15,Mono_CD14_ID1,2.171654511159949
GSM4138110,1,0.9359076703834908,497,15,Mono_CD14_ID1,2.171654511159949
GSM4138132,1,0.950086858487153,491,15,Mono_CD14_ID1,2.171654511159949
GSM4138160,1,0.92758506893713,431,15,Mono_CD14_ID1,2.171654511159949
GSM4138136,1,0.9163919983526764,429,15,Mono_CD14_ID1,2.171654511159949
GSM4138138,1,0.9378857080794072,406,15,Mono_CD14_ID1,2.171654511159949
GSM4138163,1,0.9101908216771676,378,15,Mono_CD14_ID1,2.171654511159949
GSM4138162,1,0.9074633173426284,373,15,Mono_CD14_ID1,2.171654511159949
GSM4138130,1,0.9354000871525118,344,15,Mono_CD14_ID1,2.171654511159949
GSM4138152,1,0.8869852171772109,338,15,Mono_CD14_ID1,2.171654511159949
GSM4138154,1,0.8591187367880687,310,15,Mono_CD14_ID1,2.171654511159949
GSM4138123,3,0.7000080006741429,306,15,Mac_CXCL9,1.391685209433977
GSM4138122,1,0.8714028378744205,305,15,Mono_CD14_ID1,2.171654511159949
GSM4138128,1,0.8714028378744205,305,15,Mono_CD14_ID1,2.171654511159949
GSM4138166,1,0.8988223864351911,299,15,Mono_CD14_ID1,2.171654511159949
GSM4138165,1,0.933069723044019,294,15,Mono_CD14_ID1,2.171654511159949
GSM4138145,1,0.7780858855219368,285,15,Mono_CD14_ID1,2.171654511159949
GSM4138134,2,0.967453273255116,284,15,Mono_CD16,2.055398218103786
GSM4138118,1,0.8793502834555005,281,15,Mono_CD14_ID1,2.171654511159949
GSM4138114,1,0.872898011603498,269,15,Mono_CD14_ID1,2.171654511159949
GSM4138146,2,0.9256677648296544,269,15,Mono_CD16,2.055398218103786
GSM4138167,1,0.9015035221047084,260,15,Mono_CD14_ID1,2.171654511159949
GSM4138124,1,0.962574357280452,259,15,Mono_CD14_ID1,2.171654511159949
GSM4138141,1,0.8461669482468885,259,15,Mono_CD14_ID1,2.171654511159949
GSM4138125,1,0.7266220688212504,257,15,Mono_CD14_ID1,2.171654511159949
GSM4138155,1,0.6747166728060301,240,15,Mono_CD14_ID1,2.171654511159949
GSM4138158,1,0.908444057829964,240,15,Mono_CD14_ID1,2.171654511159949
GSM4138130,2,0.9591014728399608,240,15,Mono_CD16,2.055398218103786
GSM4138122,2,0.9240198268250968,239,15,Mono_CD16,2.055398218103786
GSM4138128,2,0.9240198268250968,239,15,Mono_CD16,2.055398218103786
GSM4138156,2,0.9291172622689756,230,15,Mono_CD16,2.055398218103786
GSM4138135,3,0.773186675954572,229,15,Mac_CXCL9,1.391685209433977
GSM4138112,1,0.901334260402584,213,15,Mono_CD14_ID1,2.171654511159949
GSM4138136,2,0.914315755167598,212,15,Mono_CD16,2.055398218103786
GSM4138139,1,0.7606574265497854,208,15,Mono_CD14_ID1,2.171654511159949
GSM4138137,7,0.761407089711422,208,15,Mac_CXCL9,1.10220137247378
GSM4138144,1,0.8651071287655894,199,15,Mono_CD14_ID1,2.171654511159949
GSM4138146,1,0.8866633660526034,191,15,Mono_CD14_ID1,2.171654511159949
GSM4138137,1,0.8109852720447828,185,15,Mono_CD14_ID1,2.171654511159949
GSM4138131,6,0.7367371838459953,184,15,Mono_TIL,1.3044813020918242
GSM4138117,1,0.7145905475921626,184,15,Mono_CD14_ID1,2.171654511159949
GSM4138127,1,0.8311970258616557,179,15,Mono_CD14_ID1,2.171654511159949
GSM4138123,7,0.6841830462632726,174,15,Mac_CXCL9,1.10220137247378
GSM4138138,2,0.9233426831605076,170,15,Mono_CD16,2.055398218103786
GSM4138140,2,0.9123691925666872,169,15,Mono_CD16,2.055398218103786
GSM4138166,2,0.8927231405119599,169,15,Mono_CD16,2.055398218103786
GSM4138135,1,0.8346803487667779,161,15,Mono_CD14_ID1,2.171654511159949
GSM4138161,1,0.7463192486754389,160,15,Mono_CD14_ID1,2.171654511159949
GSM4138142,2,0.9507189188383228,160,15,Mono_CD16,2.055398218103786
GSM4138125,3,0.7249374938671054,156,15,Mac_CXCL9,1.391685209433977
GSM4138143,1,0.6990823527785237,156,15,Mono_CD14_ID1,2.171654511159949
GSM4138132,2,0.9477290825487532,151,15,Mono_CD16,2.055398218103786
GSM4138165,2,0.9059956261746384,143,15,Mono_CD16,2.055398218103786
GSM4138112,2,0.9170456024810476,141,15,Mono_CD16,2.055398218103786
GSM4138150,1,0.9207988880756784,140,15,Mono_CD14_ID1,2.171654511159949
GSM4138135,7,0.7537137520149899,132,15,Mac_CXCL9,1.10220137247378
GSM4138110,2,0.9342823343559006,131,15,Mono_CD16,2.055398218103786
GSM4138148,1,0.8496508533561775,128,15,Mono_CD14_ID1,2.171654511159949
GSM4138152,2,0.9004800987026673,124,15,Mono_CD16,2.055398218103786
GSM4138111,1,0.7418232791008627,122,15,Mono_CD14_ID1,2.171654511159949
GSM4138137,5,0.7772922554136815,119,15,Mac_IL1B,1.2508694676907337
GSM4138135,5,0.7974910712355824,118,15,Mac_IL1B,1.2508694676907337
GSM4138162,2,0.8879485491743625,112,15,Mono_CD16,2.055398218103786
GSM4138129,1,0.8198974816228358,108,15,Mono_CD14_ID1,2.171654511159949
GSM4138131,1,0.8438628364835425,107,15,Mono_CD14_ID1,2.171654511159949
GSM4138164,1,0.8729215202068938,106,15,Mono_CD14_ID1,2.171654511159949
GSM4138161,4,0.8046527153002956,105,15,DC_pDC,1.4437653569962086
GSM4138137,3,0.774379768344401,104,15,Mac_CXCL9,1.391685209433977
GSM4138144,2,0.8783409486737183,99,15,Mono_CD16,2.055398218103786
GSM4138135,11,0.7372660754925532,98,15,Mac_IL1B,1.0990182775386488
GSM4138131,4,0.892916536167808,97,15,DC_pDC,1.4437653569962086
GSM4138139,3,0.7952274618551982,95,15,Mac_CXCL9,1.391685209433977
GSM4138133,3,0.7470751914277911,90,15,Mac_CXCL9,1.391685209433977
GSM4138155,5,0.7145542068256063,88,15,Mac_IL1B,1.2508694676907337
GSM4138145,2,0.7862105335400693,87,15,Mono_CD16,2.055398218103786
GSM4138111,2,0.7178190472013144,87,15,Mono_CD16,2.055398218103786
GSM4138133,1,0.8446903160472523,86,15,Mono_CD14_ID1,2.171654511159949
GSM4138114,2,0.8789731489163481,84,15,Mono_CD16,2.055398218103786
GSM4138141,2,0.788585364497224,83,15,Mono_CD16,2.055398218103786
GSM4138124,2,0.9177940043143722,81,15,Mono_CD16,2.055398218103786
GSM4138167,2,0.8908951463113397,80,15,Mono_CD16,2.055398218103786
GSM4138131,3,0.8236121520458541,76,15,Mac_CXCL9,1.391685209433977
GSM4138141,3,0.7903621309281208,76,15,Mac_CXCL9,1.391685209433977
GSM4138113,1,0.8020932044192135,75,15,Mono_CD14_ID1,2.171654511159949
GSM4138119,1,0.6817684314061596,74,15,Mono_CD14_ID1,2.171654511159949
GSM4138155,3,0.6620060011879214,73,15,Mac_CXCL9,1.391685209433977
GSM4138139,5,0.8739915253695509,73,15,Mac_IL1B,1.2508694676907337
GSM4138141,4,0.8886253168257634,73,15,DC_pDC,1.4437653569962086
GSM4138111,4,0.8860371470445845,71,15,DC_pDC,1.4437653569962086
GSM4138127,2,0.7607014953311902,66,15,Mono_CD16,2.055398218103786
GSM4138143,2,0.8082281833878149,66,15,Mono_CD16,2.055398218103786
GSM4138131,2,0.8455024121673647,65,15,Mono_CD16,2.055398218103786
GSM4138121,5,0.7379787455440014,63,15,Mac_IL1B,1.2508694676907337
GSM4138155,2,0.7522392762301869,60,15,Mono_CD16,2.055398218103786
GSM4138139,10,0.94695658041952,60,15,Mast,1.4274834090728417
GSM4138155,7,0.6353746476770628,60,15,Mac_CXCL9,1.10220137247378
GSM4138129,3,0.790217615094936,58,15,Mac_CXCL9,1.391685209433977
GSM4138121,1,0.7806949356152824,57,15,Mono_CD14_ID1,2.171654511159949
GSM4138139,7,0.7775655516347324,57,15,Mac_CXCL9,1.10220137247378
GSM4138157,1,0.8598531938706576,56,15,Mono_CD14_ID1,2.171654511159949
GSM4138131,7,0.8245107164408122,55,15,Mac_CXCL9,1.10220137247378
GSM4138126,2,0.9637596267909108,55,15,Mono_CD16,2.055398218103786
GSM4138127,5,0.8486471921230861,55,15,Mac_IL1B,1.2508694676907337
GSM4138160,2,0.9197563875300396,54,15,Mono_CD16,2.055398218103786
GSM4138161,2,0.6988692556707822,52,15,Mono_CD16,2.055398218103786
GSM4138120,2,0.8919081946686076,52,15,Mono_CD16,2.055398218103786
GSM4138139,2,0.845136500108905,51,15,Mono_CD16,2.055398218103786
GSM4138148,2,0.8739529670326222,50,15,Mono_CD16,2.055398218103786
GSM4138125,2,0.785317121316067,50,15,Mono_CD16,2.055398218103786
GSM4138123,4,0.8923753245432726,50,15,DC_pDC,1.4437653569962086
GSM4138150,2,0.9066600683326576,50,15,Mono_CD16,2.055398218103786
GSM4138133,2,0.8035028999179581,50,15,Mono_CD16,2.055398218103786
GSM4138155,9,0.7548884433864639,50,15,mregDC_LAMP3,1.182853529517804
GSM4138164,2,0.8624922198179309,49,15,Mono_CD16,2.055398218103786
GSM4138154,2,0.8405167356008892,48,15,Mono_CD16,2.055398218103786
GSM4138143,4,0.8319984665490483,47,15,DC_pDC,1.4437653569962086
GSM4138117,7,0.7288226513405007,47,15,Mac_CXCL9,1.10220137247378
GSM4138131,8,0.8094278163925996,47,15,mregDC_LAMP3,1.4011333669133317
GSM4138145,4,0.8936345407781184,47,15,DC_pDC,1.4437653569962086
GSM4138163,2,0.9354020599154858,46,15,Mono_CD16,2.055398218103786
GSM4138159,1,0.8377772570463584,46,15,Mono_CD14_ID1,2.171654511159949
GSM4138127,6,0.8511189585427151,46,15,Mono_TIL,1.3044813020918242
GSM4138137,2,0.8743227422559711,45,15,Mono_CD16,2.055398218103786
GSM4138155,11,0.7898527521872509,43,15,Mac_IL1B,1.0990182775386488
GSM4138115,2,0.8274041646787674,42,15,Mono_CD16,2.055398218103786
GSM4138155,4,0.8343626306721328,41,15,DC_pDC,1.4437653569962086
GSM4138139,11,0.8682575292872531,41,15,Mac_IL1B,1.0990182775386488
GSM4138123,1,0.799284918319118,41,15,Mono_CD14_ID1,2.171654511159949
GSM4138125,7,0.7390981726561937,40,15,Mac_CXCL9,1.10220137247378
GSM4138157,2,0.7837033758275749,40,15,Mono_CD16,2.055398218103786
GSM4138115,1,0.8793221135574749,39,15,Mono_CD14_ID1,2.171654511159949
GSM4138158,2,0.9228334648324448,37,15,Mono_CD16,2.055398218103786
GSM4138143,3,0.7532296818917216,37,15,Mac_CXCL9,1.391685209433977
GSM4138113,2,0.8010059024779317,37,15,Mono_CD16,2.055398218103786
GSM4138141,6,0.8575938354694094,36,15,Mono_TIL,1.3044813020918242
GSM4138141,8,0.8853461134224074,36,15,mregDC_LAMP3,1.4011333669133317
GSM4138113,4,0.8858432462991777,34,15,DC_pDC,1.4437653569962086
GSM4138131,5,0.8682205961033197,34,15,Mac_IL1B,1.2508694676907337
GSM4138143,8,0.887066862989647,34,15,mregDC_LAMP3,1.4011333669133317
GSM4138131,9,0.7576207409508018,34,15,mregDC_LAMP3,1.182853529517804
GSM4138159,2,0.7493482121924021,34,15,Mono_CD16,2.055398218103786
GSM4138135,2,0.867971339456908,33,15,Mono_CD16,2.055398218103786
GSM4138127,11,0.8479577460788659,32,15,Mac_IL1B,1.0990182775386488
GSM4138147,4,0.8610042948818039,32,15,DC_pDC,1.4437653569962086
GSM4138117,2,0.8664779139818078,32,15,Mono_CD16,2.055398218103786
GSM4138117,3,0.8297217064610022,32,15,Mac_CXCL9,1.391685209433977
GSM4138143,10,0.9499099441330964,31,15,Mast,1.4274834090728417
GSM4138145,9,0.7662231822793092,31,15,mregDC_LAMP3,1.182853529517804
GSM4138141,9,0.7863803302122486,31,15,mregDC_LAMP3,1.182853529517804
GSM4138161,5,0.8487524894872847,31,15,Mac_IL1B,1.2508694676907337
GSM4138111,10,0.8494515226370922,30,15,Mast,1.4274834090728417
GSM4138159,3,0.84714595452955,27,15,Mac_CXCL9,1.391685209433977
GSM4138161,9,0.7546182544063217,26,15,mregDC_LAMP3,1.182853529517804
GSM4138123,5,0.903780122627042,26,15,Mac_IL1B,1.2508694676907337
GSM4138153,1,0.8376900281622711,26,15,Mono_CD14_ID1,2.171654511159949
GSM4138112,4,0.941887496508048,26,15,DC_pDC,1.4437653569962086
GSM4138127,4,0.9151583598365648,25,15,DC_pDC,1.4437653569962086
GSM4138129,4,0.9522192501682016,25,15,DC_pDC,1.4437653569962086
GSM4138111,3,0.8033206471933819,25,15,Mac_CXCL9,1.391685209433977
GSM4138133,7,0.8285438937224625,24,15,Mac_CXCL9,1.10220137247378
GSM4138115,3,0.8922404408414318,24,15,Mac_CXCL9,1.391685209433977
GSM4138145,5,0.9154024667237484,23,15,Mac_IL1B,1.2508694676907337
GSM4138135,8,0.9587677503250608,23,15,mregDC_LAMP3,1.4011333669133317
GSM4138145,3,0.8393771103310838,22,15,Mac_CXCL9,1.391685209433977
GSM4138129,5,0.8952682583112901,22,15,Mac_IL1B,1.2508694676907337
GSM4138129,2,0.8942371985612576,22,15,Mono_CD16,2.055398218103786
GSM4138160,4,0.9627380234869496,22,15,DC_pDC,1.4437653569962086
GSM4138133,4,0.968913729778171,22,15,DC_pDC,1.4437653569962086
GSM4138123,8,0.938860133244259,21,15,mregDC_LAMP3,1.4011333669133317
GSM4138116,2,0.9360932096272686,21,15,Mono_CD16,2.055398218103786
GSM4138110,4,0.9492793865854678,21,15,DC_pDC,1.4437653569962086
GSM4138135,10,0.9632808291710414,21,15,Mast,1.4274834090728417
GSM4138133,9,0.8956191078255183,20,15,mregDC_LAMP3,1.182853529517804
GSM4138122,4,0.9671572886913488,20,15,DC_pDC,1.4437653569962086
GSM4138131,11,0.9278138133024436,20,15,Mac_IL1B,1.0990182775386488
GSM4138128,4,0.9671572886913488,20,15,DC_pDC,1.4437653569962086
GSM4138155,10,0.9304048836734372,19,15,Mast,1.4274834090728417
GSM4138139,4,0.9474199358765296,19,15,DC_pDC,1.4437653569962086
GSM4138115,4,0.9339146138577936,18,15,DC_pDC,1.4437653569962086
GSM4138130,4,0.9498110136750506,18,15,DC_pDC,1.4437653569962086
GSM4138139,8,0.927358473063228,18,15,mregDC_LAMP3,1.4011333669133317
GSM4138131,10,0.9666702146494964,18,15,Mast,1.4274834090728417
GSM4138172,1,0.873622726467113,18,15,Mono_CD14_ID1,2.171654511159949
GSM4138157,4,0.9286566388777702,17,15,DC_pDC,1.4437653569962086
GSM4138161,6,0.8734188311569707,17,15,Mono_TIL,1.3044813020918242
GSM4138145,8,0.9434213706899854,17,15,mregDC_LAMP3,1.4011333669133317
GSM4138161,3,0.8469604353233493,17,15,Mac_CXCL9,1.391685209433977
GSM4138139,6,0.944180392266635,17,15,Mono_TIL,1.3044813020918242
GSM4138121,11,0.9295854557992363,17,15,Mac_IL1B,1.0990182775386488
GSM4138137,11,0.9350512554964812,17,15,Mac_IL1B,1.0990182775386488
GSM4138135,4,0.9478172770230578,17,15,DC_pDC,1.4437653569962086
GSM4138111,8,0.8158201551028221,17,15,mregDC_LAMP3,1.4011333669133317
GSM4138127,3,0.8954208423077451,17,15,Mac_CXCL9,1.391685209433977
GSM4138127,7,0.8806537585034291,17,15,Mac_CXCL9,1.10220137247378
GSM4138121,4,0.8470013426497821,16,15,DC_pDC,1.4437653569962086
GSM4138123,2,0.9263075232006284,16,15,Mono_CD16,2.055398218103786
GSM4138115,9,0.9183775642917636,16,15,mregDC_LAMP3,1.182853529517804
GSM4138168,4,0.948035567913838,16,15,DC_pDC,1.4437653569962086
GSM4138162,4,0.9843401674881124,16,15,DC_pDC,1.4437653569962086
GSM4138163,4,0.9903020421816136,16,15,DC_pDC,1.4437653569962086
GSM4138121,3,0.9157106162826716,15,15,Mac_CXCL9,1.391685209433977
GSM4138117,10,0.9843483876594742,15,15,Mast,1.4274834090728417
GSM4138131,12,0.940909795204016,15,15,DC_pDC,1.126807588501899
GSM4138151,4,0.9660966498243028,15,15,DC_pDC,1.4437653569962086
GSM4138113,3,0.9297902978559232,15,15,Mac_CXCL9,1.391685209433977
GSM4138117,4,0.8988714761016199,15,15,DC_pDC,1.4437653569962086
GSM4138134,1,0.9374220727345686,1210,16,Mac_CXCL9,2.542154188712433
GSM4138156,1,0.887510168532576,917,16,Mac_CXCL9,2.542154188712433
GSM4138135,1,0.668648122972823,818,16,Mac_CXCL9,2.542154188712433
GSM4138126,1,0.9523004174829048,755,16,Mac_CXCL9,2.542154188712433
GSM4138137,1,0.7113959929339724,706,16,Mac_CXCL9,2.542154188712433
GSM4138116,1,0.917358931747166,704,16,Mac_CXCL9,2.542154188712433
GSM4138140,1,0.9137519304612384,701,16,Mac_CXCL9,2.542154188712433
GSM4138142,1,0.8935885513639119,687,16,Mac_CXCL9,2.542154188712433
GSM4138132,1,0.9252686258223496,639,16,Mac_CXCL9,2.542154188712433
GSM4138136,1,0.9033978495279604,638,16,Mac_CXCL9,2.542154188712433
GSM4138110,1,0.9184866843580516,625,16,Mac_CXCL9,2.542154188712433
GSM4138131,1,0.6717216664016985,618,16,Mac_CXCL9,2.542154188712433
GSM4138155,1,0.5428153731756107,615,16,Mac_CXCL9,2.542154188712433
GSM4138120,1,0.8347697605961332,608,16,Mac_CXCL9,2.542154188712433
GSM4138123,1,0.6573086043507425,604,16,Mac_CXCL9,2.542154188712433
GSM4138130,1,0.9147414083068914,580,16,Mac_CXCL9,2.542154188712433
GSM4138138,1,0.8917537038599938,574,16,Mac_CXCL9,2.542154188712433
GSM4138139,1,0.646690756599145,564,16,Mac_CXCL9,2.542154188712433
GSM4138128,1,0.8861109283669465,544,16,Mac_CXCL9,2.542154188712433
GSM4138122,1,0.8861109283669465,544,16,Mac_CXCL9,2.542154188712433
GSM4138141,1,0.6890440041064947,535,16,Mac_CXCL9,2.542154188712433
GSM4138125,1,0.6728200189751465,510,16,Mac_CXCL9,2.542154188712433
GSM4138162,1,0.8899451442375059,485,16,Mac_CXCL9,2.542154188712433
GSM4138160,1,0.9043595733831084,485,16,Mac_CXCL9,2.542154188712433
GSM4138145,1,0.6846327725246026,475,16,Mac_CXCL9,2.542154188712433
GSM4138166,1,0.87663727547679,465,16,Mac_CXCL9,2.542154188712433
GSM4138152,1,0.857685084205237,459,16,Mac_CXCL9,2.542154188712433
GSM4138146,1,0.8766984643801011,458,16,Mac_CXCL9,2.542154188712433
GSM4138165,1,0.8808668559395728,435,16,Mac_CXCL9,2.542154188712433
GSM4138127,1,0.6761798868187787,429,16,Mac_CXCL9,2.542154188712433
GSM4138163,1,0.909356139678596,423,16,Mac_CXCL9,2.542154188712433
GSM4138154,1,0.8256502423023702,358,16,Mac_CXCL9,2.542154188712433
GSM4138112,1,0.8715541607377193,353,16,Mac_CXCL9,2.542154188712433
GSM4138114,1,0.8679780579332581,351,16,Mac_CXCL9,2.542154188712433
GSM4138167,1,0.8924861629313795,339,16,Mac_CXCL9,2.542154188712433
GSM4138124,1,0.9326278231654824,334,16,Mac_CXCL9,2.542154188712433
GSM4138161,1,0.6224911032420688,316,16,Mac_CXCL9,2.542154188712433
GSM4138143,1,0.6529370685773914,311,16,Mac_CXCL9,2.542154188712433
GSM4138117,1,0.6690501177802012,309,16,Mac_CXCL9,2.542154188712433
GSM4138144,1,0.8405292665232333,296,16,Mac_CXCL9,2.542154188712433
GSM4138118,1,0.8741229683350646,291,16,Mac_CXCL9,2.542154188712433
GSM4138133,1,0.6785371179469011,287,16,Mac_CXCL9,2.542154188712433
GSM4138158,1,0.8983735815098156,277,16,Mac_CXCL9,2.542154188712433
GSM4138111,1,0.6756454552479039,274,16,Mac_CXCL9,2.542154188712433
GSM4138129,1,0.7174887449912872,235,16,Mac_CXCL9,2.542154188712433
GSM4138150,1,0.8916171938184835,189,16,Mac_CXCL9,2.542154188712433
GSM4138121,1,0.5938551927914043,181,16,Mac_CXCL9,2.542154188712433
GSM4138148,1,0.8323964376463104,175,16,Mac_CXCL9,2.542154188712433
GSM4138164,1,0.8544998275594902,155,16,Mac_CXCL9,2.542154188712433
GSM4138157,1,0.6877201194802887,147,16,Mac_CXCL9,2.542154188712433
GSM4138115,1,0.7122301581545205,138,16,Mac_CXCL9,2.542154188712433
GSM4138113,1,0.7280634114115505,133,16,Mac_CXCL9,2.542154188712433
GSM4138159,1,0.6840842033938701,132,16,Mac_CXCL9,2.542154188712433
GSM4138119,1,0.6089314119536329,109,16,Mac_CXCL9,2.542154188712433
GSM4138161,2,0.8448719442826157,71,16,DC_pDC,1.4690827636654942
GSM4138131,2,0.9170892625519018,55,16,DC_pDC,1.4690827636654942
GSM4138153,1,0.7121671856840752,53,16,Mac_CXCL9,2.542154188712433
GSM4138141,4,0.8345152601156389,52,16,DC_pDC,1.1127907313430778
GSM4138139,5,0.969415150817858,44,16,Mast,1.5198917916299235
GSM4138145,2,0.89550098658229,41,16,DC_pDC,1.4690827636654942
GSM4138131,4,0.8721386729550489,40,16,DC_pDC,1.1127907313430778
GSM4138111,4,0.7077055019038093,39,16,DC_pDC,1.1127907313430778
GSM4138123,2,0.8857824850767687,34,16,DC_pDC,1.4690827636654942
GSM4138111,2,0.9006361243289372,32,16,DC_pDC,1.4690827636654942
GSM4138143,2,0.851024588581835,32,16,DC_pDC,1.4690827636654942
GSM4138147,2,0.8600958259446456,29,16,DC_pDC,1.4690827636654942
GSM4138172,1,0.8742635108190436,29,16,Mac_CXCL9,2.542154188712433
GSM4138112,2,0.9277261643232916,27,16,DC_pDC,1.4690827636654942
GSM4138147,1,0.7064469349197797,26,16,Mac_CXCL9,2.542154188712433
GSM4138149,1,0.8195079534874182,25,16,Mac_CXCL9,2.542154188712433
GSM4138155,4,0.8424138666281793,25,16,DC_pDC,1.1127907313430778
GSM4138161,9,0.875783726366587,25,16,DC_pDC,1.0103701527980713
GSM4138141,2,0.9183675458395644,24,16,DC_pDC,1.4690827636654942
GSM4138171,1,0.9054783827598089,24,16,Mac_CXCL9,2.542154188712433
GSM4138110,2,0.9268166476531382,22,16,DC_pDC,1.4690827636654942
GSM4138170,1,0.8918273032656474,22,16,Mac_CXCL9,2.542154188712433
GSM4138160,2,0.9627380234869496,22,16,DC_pDC,1.4690827636654942
GSM4138129,2,0.9209486329742378,21,16,DC_pDC,1.4690827636654942
GSM4138143,5,0.9491913185294876,21,16,Mast,1.5198917916299235
GSM4138113,2,0.952643962986313,21,16,DC_pDC,1.4690827636654942
GSM4138161,4,0.8836593092793197,21,16,DC_pDC,1.1127907313430778
GSM4138122,2,0.9657659181856452,20,16,DC_pDC,1.4690827636654942
GSM4138155,2,0.8918241314917157,20,16,DC_pDC,1.4690827636654942
GSM4138128,2,0.9657659181856452,20,16,DC_pDC,1.4690827636654942
GSM4138151,1,0.9515940720299556,19,16,Mac_CXCL9,2.542154188712433
GSM4138139,2,0.929307196983121,19,16,DC_pDC,1.4690827636654942
GSM4138111,5,0.9778320828186812,19,16,Mast,1.5198917916299235
GSM4138123,4,0.905772483842322,19,16,DC_pDC,1.1127907313430778
GSM4138130,2,0.9754510568881344,18,16,DC_pDC,1.4690827636654942
GSM4138131,9,0.951405695402047,18,16,DC_pDC,1.0103701527980713
GSM4138169,1,0.927572122785193,17,16,Mac_CXCL9,2.542154188712433
GSM4138156,2,0.9606114237187844,17,16,DC_pDC,1.4690827636654942
GSM4138134,2,0.9638068131405606,17,16,DC_pDC,1.4690827636654942
GSM4138162,2,0.9844611143723536,17,16,DC_pDC,1.4690827636654942
GSM4138131,5,0.9698296203761932,17,16,Mast,1.5198917916299235
GSM4138163,2,0.985707629631537,17,16,DC_pDC,1.4690827636654942
GSM4138133,2,0.9764108518927004,16,16,DC_pDC,1.4690827636654942
GSM4138155,5,0.9406172165412504,16,16,Mast,1.5198917916299235
GSM4138152,2,0.9592866854289104,16,16,DC_pDC,1.4690827636654942
GSM4138168,4,0.9583626765031676,16,16,DC_pDC,1.1127907313430778
GSM4138135,5,0.9827575232591388,15,16,Mast,1.5198917916299235
GSM4138155,9,0.9542955658258034,15,16,DC_pDC,1.0103701527980713
GSM4138145,4,0.9475886478102276,15,16,DC_pDC,1.1127907313430778
GSM4138143,4,0.958380511240154,15,16,DC_pDC,1.1127907313430778
GSM4138134,1,0.9372820927805616,1208,17,Mac_CXCL9,2.5274041940961687
GSM4138156,1,0.8879287147387943,910,17,Mac_CXCL9,2.5274041940961687
GSM4138135,1,0.6725484371915706,791,17,Mac_CXCL9,2.5274041940961687
GSM4138126,1,0.9522329588481568,754,17,Mac_CXCL9,2.5274041940961687
GSM4138116,1,0.9173076740833546,703,17,Mac_CXCL9,2.5274041940961687
GSM4138140,1,0.9139324931183874,700,17,Mac_CXCL9,2.5274041940961687
GSM4138142,1,0.8937279302886323,686,17,Mac_CXCL9,2.5274041940961687
GSM4138137,1,0.7184491762245646,676,17,Mac_CXCL9,2.5274041940961687
GSM4138136,1,0.9028028998279906,638,17,Mac_CXCL9,2.5274041940961687
GSM4138132,1,0.9247846929826158,634,17,Mac_CXCL9,2.5274041940961687
GSM4138110,1,0.9184866843580516,625,17,Mac_CXCL9,2.5274041940961687
GSM4138155,1,0.5512689705070374,607,17,Mac_CXCL9,2.5274041940961687
GSM4138120,1,0.8347177620846604,606,17,Mac_CXCL9,2.5274041940961687
GSM4138123,1,0.6584726603365766,594,17,Mac_CXCL9,2.5274041940961687
GSM4138130,1,0.9145687621065008,574,17,Mac_CXCL9,2.5274041940961687
GSM4138138,1,0.8916294005835986,574,17,Mac_CXCL9,2.5274041940961687
GSM4138128,1,0.8860574786477566,543,17,Mac_CXCL9,2.5274041940961687
GSM4138122,1,0.8860574786477566,543,17,Mac_CXCL9,2.5274041940961687
GSM4138125,1,0.6789020587763965,507,17,Mac_CXCL9,2.5274041940961687
GSM4138141,1,0.6827649972921526,488,17,Mac_CXCL9,2.5274041940961687
GSM4138160,1,0.9042981957586844,483,17,Mac_CXCL9,2.5274041940961687
GSM4138162,1,0.8900820543974373,482,17,Mac_CXCL9,2.5274041940961687
GSM4138139,1,0.6606422818286362,469,17,Mac_CXCL9,2.5274041940961687
GSM4138145,1,0.6863397965540049,464,17,Mac_CXCL9,2.5274041940961687
GSM4138166,1,0.8738313395029882,462,17,Mac_CXCL9,2.5274041940961687
GSM4138152,1,0.8573682293179015,458,17,Mac_CXCL9,2.5274041940961687
GSM4138146,1,0.8790036073174932,453,17,Mac_CXCL9,2.5274041940961687
GSM4138165,1,0.8808127830103192,434,17,Mac_CXCL9,2.5274041940961687
GSM4138163,1,0.909356139678596,423,17,Mac_CXCL9,2.5274041940961687
GSM4138131,1,0.6874453119549597,379,17,Mac_CXCL9,2.5274041940961687
GSM4138154,1,0.8256502423023702,358,17,Mac_CXCL9,2.5274041940961687
GSM4138112,1,0.8715541607377193,353,17,Mac_CXCL9,2.5274041940961687
GSM4138114,1,0.8664467481327408,349,17,Mac_CXCL9,2.5274041940961687
GSM4138127,1,0.6982937186429805,342,17,Mac_CXCL9,2.5274041940961687
GSM4138167,1,0.8924861629313795,339,17,Mac_CXCL9,2.5274041940961687
GSM4138124,1,0.9316459200906384,332,17,Mac_CXCL9,2.5274041940961687
GSM4138143,1,0.6560720578177827,309,17,Mac_CXCL9,2.5274041940961687
GSM4138117,1,0.6712146850467465,299,17,Mac_CXCL9,2.5274041940961687
GSM4138144,1,0.8405292665232333,296,17,Mac_CXCL9,2.5274041940961687
GSM4138118,1,0.8741229683350646,291,17,Mac_CXCL9,2.5274041940961687
GSM4138133,1,0.6785171213318371,285,17,Mac_CXCL9,2.5274041940961687
GSM4138161,1,0.6282454809881284,283,17,Mac_CXCL9,2.5274041940961687
GSM4138158,1,0.8963709050387719,277,17,Mac_CXCL9,2.5274041940961687
GSM4138111,1,0.6763176035706394,273,17,Mac_CXCL9,2.5274041940961687
GSM4138131,3,0.7225165050038271,239,17,Mono_TIL,1.977117056203148
GSM4138129,1,0.7380891658329087,230,17,Mac_CXCL9,2.5274041940961687
GSM4138150,1,0.8893628817520021,190,17,Mac_CXCL9,2.5274041940961687
GSM4138148,1,0.831260346340892,176,17,Mac_CXCL9,2.5274041940961687
GSM4138121,1,0.5900799535556884,165,17,Mac_CXCL9,2.5274041940961687
GSM4138164,1,0.8537994310160177,154,17,Mac_CXCL9,2.5274041940961687
GSM4138157,1,0.6872567217982595,137,17,Mac_CXCL9,2.5274041940961687
GSM4138115,1,0.7081807102574073,136,17,Mac_CXCL9,2.5274041940961687
GSM4138113,1,0.731802458924981,130,17,Mac_CXCL9,2.5274041940961687
GSM4138159,1,0.6759317347729321,129,17,Mac_CXCL9,2.5274041940961687
GSM4138161,2,0.7779620643748608,107,17,DC_pDC,2.3900244917450446
GSM4138119,1,0.6082528917782593,106,17,Mac_CXCL9,2.5274041940961687
GSM4138131,2,0.8732467662485756,102,17,DC_pDC,2.3900244917450446
GSM4138139,3,0.7960532355202865,94,17,Mono_TIL,1.977117056203148
GSM4138127,3,0.7979921921881661,85,17,Mono_TIL,1.977117056203148
GSM4138141,2,0.8180133648863663,79,17,DC_pDC,2.3900244917450446
GSM4138111,2,0.7472909236228658,75,17,DC_pDC,2.3900244917450446
GSM4138145,2,0.8112363874821433,59,17,DC_pDC,2.3900244917450446
GSM4138123,2,0.8395857778413734,55,17,DC_pDC,2.3900244917450446
GSM4138153,1,0.7126164035950666,52,17,Mac_CXCL9,2.5274041940961687
GSM4138143,2,0.8393200935551205,49,17,DC_pDC,2.3900244917450446
GSM4138139,4,0.9473611996945782,49,17,Mast,1.4428453703726252
GSM4138141,3,0.8511147929853957,46,17,Mono_TIL,1.977117056203148
GSM4138155,2,0.7922608231891499,45,17,DC_pDC,2.3900244917450446
GSM4138113,2,0.7672244956382747,39,17,DC_pDC,2.3900244917450446
GSM4138161,3,0.8047314285378747,33,17,Mono_TIL,1.977117056203148
GSM4138147,2,0.8610042948818039,32,17,DC_pDC,2.3900244917450446
GSM4138172,1,0.8742635108190436,29,17,Mac_CXCL9,2.5274041940961687
GSM4138137,3,0.8499502392115218,29,17,Mono_TIL,1.977117056203148
GSM4138129,2,0.917110351958978,27,17,DC_pDC,2.3900244917450446
GSM4138112,2,0.9277261643232916,27,17,DC_pDC,2.3900244917450446
GSM4138135,3,0.8272050698202996,26,17,Mono_TIL,1.977117056203148
GSM4138143,4,0.9526938196065428,26,17,Mast,1.4428453703726252
GSM4138139,2,0.9318135695229222,25,17,DC_pDC,2.3900244917450446
GSM4138127,2,0.8916212024854717,25,17,DC_pDC,2.3900244917450446
GSM4138149,1,0.8446328200183351,24,17,Mac_CXCL9,2.5274041940961687
GSM4138171,1,0.9054783827598089,24,17,Mac_CXCL9,2.5274041940961687
GSM4138111,4,0.9668779930990892,24,17,Mast,1.4428453703726252
GSM4138160,2,0.9637168406872292,23,17,DC_pDC,2.3900244917450446
GSM4138110,2,0.9266920146429076,23,17,DC_pDC,2.3900244917450446
GSM4138147,1,0.7133199080933106,23,17,Mac_CXCL9,2.5274041940961687
GSM4138170,1,0.8918273032656474,22,17,Mac_CXCL9,2.5274041940961687
GSM4138130,2,0.9509425296242736,22,17,DC_pDC,2.3900244917450446
GSM4138133,2,0.968913729778171,22,17,DC_pDC,2.3900244917450446
GSM4138128,2,0.9666131199767498,21,17,DC_pDC,2.3900244917450446
GSM4138122,2,0.9666131199767498,21,17,DC_pDC,2.3900244917450446
GSM4138115,2,0.9195567104577496,21,17,DC_pDC,2.3900244917450446
GSM4138156,2,0.9400227027604792,19,17,DC_pDC,2.3900244917450446
GSM4138151,2,0.9444502388813868,18,17,DC_pDC,2.3900244917450446
GSM4138151,1,0.9720502498430842,18,17,Mac_CXCL9,2.5274041940961687
GSM4138135,4,0.9602263776266536,18,17,Mast,1.4428453703726252
GSM4138121,3,0.8352785677884567,18,17,Mono_TIL,1.977117056203148
GSM4138135,2,0.9480750845363568,18,17,DC_pDC,2.3900244917450446
GSM4138134,2,0.9710049193945706,18,17,DC_pDC,2.3900244917450446
GSM4138157,2,0.9439524454703212,18,17,DC_pDC,2.3900244917450446
GSM4138162,2,0.9787070427783016,18,17,DC_pDC,2.3900244917450446
GSM4138155,9,0.9376362573578834,17,17,mregDC_LAMP3,1.0123032307170992
GSM4138152,2,0.9728310217039208,17,17,DC_pDC,2.3900244917450446
GSM4138163,2,0.985707629631537,17,17,DC_pDC,2.3900244917450446
GSM4138131,4,0.9659465673811368,17,17,Mast,1.4428453703726252
GSM4138155,4,0.9406172165412504,16,17,Mast,1.4428453703726252
GSM4138169,1,0.936938091656663,16,17,Mac_CXCL9,2.5274041940961687
GSM4138117,2,0.8988714761016199,15,17,DC_pDC,2.3900244917450446
GSM4138117,4,0.9843483876594742,15,17,Mast,1.4428453703726252
GSM4138134,1,0.9374220727345686,1210,18,Mac_CXCL9,2.560240936883347
GSM4138156,1,0.8870072169520287,918,18,Mac_CXCL9,2.560240936883347
GSM4138135,1,0.6863847330988835,761,18,Mac_CXCL9,2.560240936883347
GSM4138126,1,0.9523530065271912,756,18,Mac_CXCL9,2.560240936883347
GSM4138116,1,0.9172438994180698,703,18,Mac_CXCL9,2.560240936883347
GSM4138140,1,0.9137519304612384,701,18,Mac_CXCL9,2.560240936883347
GSM4138142,1,0.8936768900250802,688,18,Mac_CXCL9,2.560240936883347
GSM4138132,1,0.9255134349943932,640,18,Mac_CXCL9,2.560240936883347
GSM4138137,1,0.722687376716937,639,18,Mac_CXCL9,2.560240936883347
GSM4138136,1,0.902899507054458,639,18,Mac_CXCL9,2.560240936883347
GSM4138110,1,0.9184866843580516,625,18,Mac_CXCL9,2.560240936883347
GSM4138120,1,0.8347697605961332,608,18,Mac_CXCL9,2.560240936883347
GSM4138155,1,0.5412350094662981,601,18,Mac_CXCL9,2.560240936883347
GSM4138131,1,0.6785328947615563,600,18,Mac_CXCL9,2.560240936883347
GSM4138130,1,0.9144629895560022,581,18,Mac_CXCL9,2.560240936883347
GSM4138138,1,0.8917267771774661,575,18,Mac_CXCL9,2.560240936883347
GSM4138123,1,0.656083222246212,544,18,Mac_CXCL9,2.560240936883347
GSM4138122,1,0.8861109283669465,544,18,Mac_CXCL9,2.560240936883347
GSM4138128,1,0.8861109283669465,544,18,Mac_CXCL9,2.560240936883347
GSM4138139,1,0.653466018320177,541,18,Mac_CXCL9,2.560240936883347
GSM4138141,1,0.6875252163881493,534,18,Mac_CXCL9,2.560240936883347
GSM4138125,1,0.6730442254560748,502,18,Mac_CXCL9,2.560240936883347
GSM4138160,1,0.9043595733831084,485,18,Mac_CXCL9,2.560240936883347
GSM4138162,1,0.8899451442375059,485,18,Mac_CXCL9,2.560240936883347
GSM4138145,1,0.684257216549238,470,18,Mac_CXCL9,2.560240936883347
GSM4138166,1,0.8760674399503499,466,18,Mac_CXCL9,2.560240936883347
GSM4138152,1,0.857685084205237,459,18,Mac_CXCL9,2.560240936883347
GSM4138146,1,0.8766984643801011,458,18,Mac_CXCL9,2.560240936883347
GSM4138165,1,0.8800031964381653,437,18,Mac_CXCL9,2.560240936883347
GSM4138163,1,0.909356139678596,423,18,Mac_CXCL9,2.560240936883347
GSM4138127,1,0.6735899219785746,401,18,Mac_CXCL9,2.560240936883347
GSM4138154,1,0.8256502423023702,358,18,Mac_CXCL9,2.560240936883347
GSM4138112,1,0.8714492594131705,354,18,Mac_CXCL9,2.560240936883347
GSM4138114,1,0.8679780579332581,351,18,Mac_CXCL9,2.560240936883347
GSM4138167,1,0.8924861629313795,339,18,Mac_CXCL9,2.560240936883347
GSM4138124,1,0.932160483906837,334,18,Mac_CXCL9,2.560240936883347
GSM4138143,1,0.6541442470178422,310,18,Mac_CXCL9,2.560240936883347
GSM4138161,1,0.628947618404121,307,18,Mac_CXCL9,2.560240936883347
GSM4138117,1,0.6654220514356615,305,18,Mac_CXCL9,2.560240936883347
GSM4138144,1,0.8393907544611349,297,18,Mac_CXCL9,2.560240936883347
GSM4138118,1,0.8741229683350646,291,18,Mac_CXCL9,2.560240936883347
GSM4138133,1,0.6824977396158699,284,18,Mac_CXCL9,2.560240936883347
GSM4138158,1,0.8965744124234709,278,18,Mac_CXCL9,2.560240936883347
GSM4138111,1,0.6871564811067838,275,18,Mac_CXCL9,2.560240936883347
GSM4138129,1,0.7130256856134984,233,18,Mac_CXCL9,2.560240936883347
GSM4138150,1,0.8893628817520021,190,18,Mac_CXCL9,2.560240936883347
GSM4138148,1,0.8315657508512936,177,18,Mac_CXCL9,2.560240936883347
GSM4138121,1,0.5927079307147297,175,18,Mac_CXCL9,2.560240936883347
GSM4138164,1,0.8544998275594902,155,18,Mac_CXCL9,2.560240936883347
GSM4138157,1,0.6936138197626205,143,18,Mac_CXCL9,2.560240936883347
GSM4138115,1,0.7119362456669119,136,18,Mac_CXCL9,2.560240936883347
GSM4138159,1,0.6840842033938701,132,18,Mac_CXCL9,2.560240936883347
GSM4138113,1,0.7272836075424952,132,18,Mac_CXCL9,2.560240936883347
GSM4138119,1,0.6222641828221043,107,18,Mac_CXCL9,2.560240936883347
GSM4138137,6,0.7308779533005018,67,18,Mac_CXCL9,1.0104941876810096
GSM4138161,5,0.8698147015650013,63,18,DC_pDC,1.0267429935415262
GSM4138123,6,0.7293583279999662,62,18,Mac_CXCL9,1.0104941876810096
GSM4138135,6,0.730109036133999,57,18,Mac_CXCL9,1.0104941876810096
GSM4138131,5,0.9195993870974484,56,18,DC_pDC,1.0267429935415262
GSM4138131,2,0.8756730458789626,53,18,DC_pDC,2.5475443210946622
GSM4138153,1,0.7003743925792899,53,18,Mac_CXCL9,2.560240936883347
GSM4138111,2,0.7175451900441592,53,18,DC_pDC,2.5475443210946622
GSM4138141,2,0.8459366660645805,49,18,DC_pDC,2.5475443210946622
GSM4138145,2,0.8197384584106903,44,18,DC_pDC,2.5475443210946622
GSM4138161,2,0.8269592564483689,43,18,DC_pDC,2.5475443210946622
GSM4138139,3,0.9681005142912862,42,18,Mast,1.6241099332894189
GSM4138123,2,0.900918053824224,41,18,DC_pDC,2.5475443210946622
GSM4138143,2,0.8334189596455005,37,18,DC_pDC,2.5475443210946622
GSM4138113,2,0.7742544039386604,32,18,DC_pDC,2.5475443210946622
GSM4138155,5,0.8672565750617469,32,18,DC_pDC,1.0267429935415262
GSM4138141,5,0.9180943307084278,31,18,DC_pDC,1.0267429935415262
GSM4138172,1,0.8742635108190436,29,18,Mac_CXCL9,2.560240936883347
GSM4138127,6,0.917864857191048,26,18,Mac_CXCL9,1.0104941876810096
GSM4138171,1,0.892598577615769,25,18,Mac_CXCL9,2.560240936883347
GSM4138112,2,0.943342695125384,25,18,DC_pDC,2.5475443210946622
GSM4138149,1,0.8195079534874182,25,18,Mac_CXCL9,2.560240936883347
GSM4138147,1,0.7013684037171827,25,18,Mac_CXCL9,2.560240936883347
GSM4138147,2,0.8637995222575171,24,18,DC_pDC,2.5475443210946622
GSM4138139,6,0.8064834306738963,23,18,Mac_CXCL9,1.0104941876810096
GSM4138110,2,0.9266920146429076,23,18,DC_pDC,2.5475443210946622
GSM4138170,1,0.8918273032656474,22,18,Mac_CXCL9,2.560240936883347
GSM4138111,5,0.9434622414225852,22,18,DC_pDC,1.0267429935415262
GSM4138122,2,0.9666131199767498,21,18,DC_pDC,2.5475443210946622
GSM4138129,2,0.9186083921879524,21,18,DC_pDC,2.5475443210946622
GSM4138128,2,0.9666131199767498,21,18,DC_pDC,2.5475443210946622
GSM4138111,3,0.972015484982428,21,18,Mast,1.6241099332894189
GSM4138143,3,0.9646530511937244,20,18,Mast,1.6241099332894189
GSM4138131,6,0.9444767498999668,20,18,Mac_CXCL9,1.0104941876810096
GSM4138139,2,0.9502828275090268,20,18,DC_pDC,2.5475443210946622
GSM4138130,2,0.9761327649858694,19,18,DC_pDC,2.5475443210946622
GSM4138127,2,0.911271205789052,19,18,DC_pDC,2.5475443210946622
GSM4138155,2,0.8957545985320658,19,18,DC_pDC,2.5475443210946622
GSM4138134,2,0.9710049193945706,18,18,DC_pDC,2.5475443210946622
GSM4138115,2,0.9553366896362238,18,18,DC_pDC,2.5475443210946622
GSM4138133,2,0.9754864315078456,18,18,DC_pDC,2.5475443210946622
GSM4138151,1,0.9720502498430842,18,18,Mac_CXCL9,2.560240936883347
GSM4138152,2,0.9728310217039208,17,18,DC_pDC,2.5475443210946622
GSM4138131,3,0.9698296203761932,17,18,Mast,1.6241099332894189
GSM4138163,2,0.985707629631537,17,18,DC_pDC,2.5475443210946622
GSM4138169,1,0.927572122785193,17,18,Mac_CXCL9,2.560240936883347
GSM4138162,2,0.9843401674881124,16,18,DC_pDC,2.5475443210946622
GSM4138127,5,0.9430671909617604,15,18,DC_pDC,1.0267429935415262
GSM4138155,6,0.9059401702765694,15,18,Mac_CXCL9,1.0104941876810096
GSM4138135,3,0.9766125027725826,15,18,Mast,1.6241099332894189
GSM4138155,3,0.9426878139870865,15,18,Mast,1.6241099332894189
GSM4138117,2,0.8988714761016199,15,18,DC_pDC,2.5475443210946622
GSM4138134,3,0.9405832139387472,542,19,Mac_CXCL9,1.7703458898468771
GSM4138156,3,0.8856508284365837,421,19,Mac_CXCL9,1.7703458898468771
GSM4138125,1,0.6983499234961547,392,19,Mac_SPP1,2.655829182192745
GSM4138134,1,0.9456614632103416,371,19,Mac_SPP1,2.655829182192745
GSM4138135,4,0.7667619028454686,361,19,Mac_CXCL9,1.511306604795604
GSM4138123,4,0.702678256509713,351,19,Mac_CXCL9,1.511306604795604
GSM4138126,3,0.9548943911397382,351,19,Mac_CXCL9,1.7703458898468771
GSM4138130,3,0.91832672414247,323,19,Mac_CXCL9,1.7703458898468771
GSM4138116,4,0.908811395340173,310,19,Mac_CXCL9,1.511306604795604
GSM4138110,3,0.932211319940274,299,19,Mac_CXCL9,1.7703458898468771
GSM4138142,3,0.8959025010484835,290,19,Mac_CXCL9,1.7703458898468771
GSM4138132,3,0.9323447920843364,287,19,Mac_CXCL9,1.7703458898468771
GSM4138134,4,0.9424288295857052,263,19,Mac_CXCL9,1.511306604795604
GSM4138131,6,0.7509948793023916,252,19,Mono_TIL,1.8458688625105335
GSM4138135,7,0.7492394178351921,249,19,Mac_IL1B,1.6118872842171028
GSM4138165,3,0.8897741481892644,244,19,Mac_CXCL9,1.7703458898468771
GSM4138137,4,0.796528363547883,237,19,Mac_CXCL9,1.511306604795604
GSM4138140,3,0.9176319851473704,236,19,Mac_CXCL9,1.7703458898468771
GSM4138136,3,0.9233343244783035,234,19,Mac_CXCL9,1.7703458898468771
GSM4138138,1,0.9068555012829204,232,19,Mac_SPP1,2.655829182192745
GSM4138140,1,0.9163310301764652,232,19,Mac_SPP1,2.655829182192745
GSM4138156,1,0.9198492259625044,230,19,Mac_SPP1,2.655829182192745
GSM4138136,1,0.9408835001399424,229,19,Mac_SPP1,2.655829182192745
GSM4138120,1,0.8801728578800236,224,19,Mac_SPP1,2.655829182192745
GSM4138138,3,0.9110578600347692,223,19,Mac_CXCL9,1.7703458898468771
GSM4138122,1,0.8936805223798483,220,19,Mac_SPP1,2.655829182192745
GSM4138128,1,0.8936805223798483,220,19,Mac_SPP1,2.655829182192745
GSM4138116,3,0.9298401916565324,217,19,Mac_CXCL9,1.7703458898468771
GSM4138146,3,0.8836852866940602,208,19,Mac_CXCL9,1.7703458898468771
GSM4138142,1,0.9214460782805882,208,19,Mac_SPP1,2.655829182192745
GSM4138122,3,0.9181312656893096,206,19,Mac_CXCL9,1.7703458898468771
GSM4138128,3,0.9181312656893096,206,19,Mac_CXCL9,1.7703458898468771
GSM4138126,1,0.9519516916614628,201,19,Mac_SPP1,2.655829182192745
GSM4138140,4,0.9220351818547856,197,19,Mac_CXCL9,1.511306604795604
GSM4138162,3,0.9074432746811124,195,19,Mac_CXCL9,1.7703458898468771
GSM4138156,4,0.9122483595270092,195,19,Mac_CXCL9,1.511306604795604
GSM4138154,1,0.8847929124656075,193,19,Mac_SPP1,2.655829182192745
GSM4138120,3,0.879837038743772,192,19,Mac_CXCL9,1.7703458898468771
GSM4138114,3,0.8894655305709153,192,19,Mac_CXCL9,1.7703458898468771
GSM4138160,3,0.9095306946822964,191,19,Mac_CXCL9,1.7703458898468771
GSM4138167,3,0.9036558093303124,191,19,Mac_CXCL9,1.7703458898468771
GSM4138155,7,0.6921867315375569,186,19,Mac_IL1B,1.6118872842171028
GSM4138110,4,0.9344511686315112,184,19,Mac_CXCL9,1.511306604795604
GSM4138166,3,0.8980422549232,184,19,Mac_CXCL9,1.7703458898468771
GSM4138112,3,0.8788133056881049,179,19,Mac_CXCL9,1.7703458898468771
GSM4138141,4,0.7328556988313143,178,19,Mac_CXCL9,1.511306604795604
GSM4138160,1,0.900087371546555,171,19,Mac_SPP1,2.655829182192745
GSM4138132,4,0.9400762402916732,171,19,Mac_CXCL9,1.511306604795604
GSM4138126,4,0.9561451115983604,169,19,Mac_CXCL9,1.511306604795604
GSM4138120,4,0.8233657085288835,168,19,Mac_CXCL9,1.511306604795604
GSM4138127,7,0.795612036251336,165,19,Mac_IL1B,1.6118872842171028
GSM4138116,1,0.9566982915224236,165,19,Mac_SPP1,2.655829182192745
GSM4138155,1,0.6220136242996477,159,19,Mac_SPP1,2.655829182192745
GSM4138152,4,0.8640748883782119,158,19,Mac_CXCL9,1.511306604795604
GSM4138142,4,0.8925896058217232,157,19,Mac_CXCL9,1.511306604795604
GSM4138163,3,0.9149576097171732,157,19,Mac_CXCL9,1.7703458898468771
GSM4138123,3,0.657304082127814,156,19,Mac_CXCL9,1.7703458898468771
GSM4138144,1,0.8922029100153831,154,19,Mac_SPP1,2.655829182192745
GSM4138166,1,0.8837475034383095,152,19,Mac_SPP1,2.655829182192745
GSM4138162,4,0.8940559356679811,151,19,Mac_CXCL9,1.511306604795604
GSM4138139,7,0.7983287536206848,148,19,Mac_IL1B,1.6118872842171028
GSM4138139,1,0.7274360928134778,148,19,Mac_SPP1,2.655829182192745
GSM4138146,1,0.882619739638123,147,19,Mac_SPP1,2.655829182192745
GSM4138139,4,0.7519278724855369,145,19,Mac_CXCL9,1.511306604795604
GSM4138152,3,0.882796485878083,143,19,Mac_CXCL9,1.7703458898468771
GSM4138136,4,0.916741515496919,143,19,Mac_CXCL9,1.511306604795604
GSM4138137,7,0.7792959347811276,142,19,Mac_IL1B,1.6118872842171028
GSM4138163,4,0.915949306539401,137,19,Mac_CXCL9,1.511306604795604
GSM4138132,1,0.965778768525842,135,19,Mac_SPP1,2.655829182192745
GSM4138161,2,0.7956018895012096,126,19,DC_pDC,2.2189669747760106
GSM4138152,1,0.9194864059547582,126,19,Mac_SPP1,2.655829182192745
GSM4138158,3,0.9039001382170874,126,19,Mac_CXCL9,1.7703458898468771
GSM4138133,4,0.7202715938763526,126,19,Mac_CXCL9,1.511306604795604
GSM4138118,1,0.919682100486618,125,19,Mac_SPP1,2.655829182192745
GSM4138145,4,0.7351679066619424,125,19,Mac_CXCL9,1.511306604795604
GSM4138117,3,0.7332154206548155,123,19,Mac_CXCL9,1.7703458898468771
GSM4138141,3,0.809979981962915,123,19,Mac_CXCL9,1.7703458898468771
GSM4138155,4,0.6497763983899617,122,19,Mac_CXCL9,1.511306604795604
GSM4138131,2,0.8300775228760853,122,19,DC_pDC,2.2189669747760106
GSM4138110,1,0.9483590991367414,122,19,Mac_SPP1,2.655829182192745
GSM4138124,3,0.9644696377058408,113,19,Mac_CXCL9,1.7703458898468771
GSM4138130,1,0.9294612515954044,111,19,Mac_SPP1,2.655829182192745
GSM4138163,1,0.9078695560291418,111,19,Mac_SPP1,2.655829182192745
GSM4138160,4,0.92837290430736,108,19,Mac_CXCL9,1.511306604795604
GSM4138141,2,0.8171915221756503,107,19,DC_pDC,2.2189669747760106
GSM4138124,4,0.9257905200167988,107,19,Mac_CXCL9,1.511306604795604
GSM4138137,1,0.788659593992497,107,19,Mac_SPP1,2.655829182192745
GSM4138162,1,0.9343836162886038,101,19,Mac_SPP1,2.655829182192745
GSM4138117,4,0.7146294031989455,101,19,Mac_CXCL9,1.511306604795604
GSM4138143,4,0.728250914937841,100,19,Mac_CXCL9,1.511306604795604
GSM4138111,2,0.7676099929089734,99,19,DC_pDC,2.2189669747760106
GSM4138137,3,0.7736846871038794,97,19,Mac_CXCL9,1.7703458898468771
GSM4138111,3,0.7031685740921483,97,19,Mac_CXCL9,1.7703458898468771
GSM4138121,7,0.7075066684999423,97,19,Mac_IL1B,1.6118872842171028
GSM4138145,7,0.8155157008437597,97,19,Mac_IL1B,1.6118872842171028
GSM4138138,4,0.911470585337032,96,19,Mac_CXCL9,1.511306604795604
GSM4138131,4,0.7866420715817883,96,19,Mac_CXCL9,1.511306604795604
GSM4138145,1,0.8041962005576113,95,19,Mac_SPP1,2.655829182192745
GSM4138112,1,0.8973003141720789,94,19,Mac_SPP1,2.655829182192745
GSM4138124,1,0.9557567546730014,93,19,Mac_SPP1,2.655829182192745
GSM4138145,2,0.7821772226538866,92,19,DC_pDC,2.2189669747760106
GSM4138166,4,0.8919781709848056,92,19,Mac_CXCL9,1.511306604795604
GSM4138131,3,0.7505255538930613,91,19,Mac_CXCL9,1.7703458898468771
GSM4138150,3,0.9076068680916068,90,19,Mac_CXCL9,1.7703458898468771
GSM4138143,3,0.7413885009574666,89,19,Mac_CXCL9,1.7703458898468771
GSM4138130,4,0.9358805492092436,89,19,Mac_CXCL9,1.511306604795604
GSM4138154,3,0.8142999796639208,89,19,Mac_CXCL9,1.7703458898468771
GSM4138165,1,0.9371970978395772,87,19,Mac_SPP1,2.655829182192745
GSM4138114,1,0.9004345666419541,87,19,Mac_SPP1,2.655829182192745
GSM4138118,4,0.8735766600562395,82,19,Mac_CXCL9,1.511306604795604
GSM4138133,3,0.7763974600571402,80,19,Mac_CXCL9,1.7703458898468771
GSM4138165,4,0.9088578110861146,79,19,Mac_CXCL9,1.511306604795604
GSM4138111,4,0.7090076080847998,79,19,Mac_CXCL9,1.511306604795604
GSM4138122,4,0.9009381462752186,77,19,Mac_CXCL9,1.511306604795604
GSM4138128,4,0.9009381462752186,77,19,Mac_CXCL9,1.511306604795604
GSM4138158,1,0.9629004638839324,77,19,Mac_SPP1,2.655829182192745
GSM4138164,3,0.860269142419192,76,19,Mac_CXCL9,1.7703458898468771
GSM4138167,1,0.9527123324118628,75,19,Mac_SPP1,2.655829182192745
GSM4138144,3,0.8616012923660311,75,19,Mac_CXCL9,1.7703458898468771
GSM4138155,2,0.7507194099658773,74,19,DC_pDC,2.2189669747760106
GSM4138118,3,0.9481114728397102,74,19,Mac_CXCL9,1.7703458898468771
GSM4138141,1,0.8691464280633501,74,19,Mac_SPP1,2.655829182192745
GSM4138135,3,0.7769363701135653,73,19,Mac_CXCL9,1.7703458898468771
GSM4138155,3,0.7029835139837299,72,19,Mac_CXCL9,1.7703458898468771
GSM4138143,2,0.7923544324571252,72,19,DC_pDC,2.2189669747760106
GSM4138131,7,0.7907495472926337,71,19,Mac_IL1B,1.6118872842171028
GSM4138127,3,0.7641967241953391,71,19,Mac_CXCL9,1.7703458898468771
GSM4138161,7,0.7662304047983446,66,19,Mac_IL1B,1.6118872842171028
GSM4138161,4,0.6919858372941983,66,19,Mac_CXCL9,1.511306604795604
GSM4138125,4,0.7778037106361011,66,19,Mac_CXCL9,1.511306604795604
GSM4138154,4,0.8231724510390045,66,19,Mac_CXCL9,1.511306604795604
GSM4138112,4,0.9212113909255888,65,19,Mac_CXCL9,1.511306604795604
GSM4138137,9,0.8534472876489396,64,19,cDC2_CD1C,1.4715864921726158
GSM4138161,3,0.7355101584070793,64,19,Mac_CXCL9,1.7703458898468771
GSM4138129,7,0.8028787976811145,63,19,Mac_IL1B,1.6118872842171028
GSM4138129,1,0.8312800094976164,63,19,Mac_SPP1,2.655829182192745
GSM4138146,4,0.8859890110873487,63,19,Mac_CXCL9,1.511306604795604
GSM4138145,3,0.7802837591277255,62,19,Mac_CXCL9,1.7703458898468771
GSM4138127,6,0.8119356068146057,61,19,Mono_TIL,1.8458688625105335
GSM4138148,3,0.8632587340441882,59,19,Mac_CXCL9,1.7703458898468771
GSM4138139,10,0.9522499847700694,58,19,Mast,1.5722263194541717
GSM4138156,2,0.8635711775132973,57,19,DC_pDC,2.2189669747760106
GSM4138167,4,0.8968398624033297,57,19,Mac_CXCL9,1.511306604795604
GSM4138127,1,0.7970746321092115,55,19,Mac_SPP1,2.655829182192745
GSM4138129,4,0.817920252487347,55,19,Mac_CXCL9,1.511306604795604
GSM4138150,1,0.9191930127686592,54,19,Mac_SPP1,2.655829182192745
GSM4138158,4,0.9598127224656756,53,19,Mac_CXCL9,1.511306604795604
GSM4138123,2,0.8408637349749011,53,19,DC_pDC,2.2189669747760106
GSM4138148,1,0.9096254568516088,52,19,Mac_SPP1,2.655829182192745
GSM4138114,4,0.8698535610306646,52,19,Mac_CXCL9,1.511306604795604
GSM4138122,2,0.9290800825981518,51,19,DC_pDC,2.2189669747760106
GSM4138130,2,0.93378796374488,51,19,DC_pDC,2.2189669747760106
GSM4138119,1,0.7060448982007672,51,19,Mac_SPP1,2.655829182192745
GSM4138148,4,0.8390292457507863,51,19,Mac_CXCL9,1.511306604795604
GSM4138128,2,0.9290800825981518,51,19,DC_pDC,2.2189669747760106
GSM4138131,5,0.7540326286713276,50,19,mregDC_LAMP3,2.091502478847331
GSM4138113,4,0.7585360518462214,49,19,Mac_CXCL9,1.511306604795604
GSM4138141,6,0.8149514936347712,49,19,Mono_TIL,1.8458688625105335
GSM4138164,1,0.950805387744242,48,19,Mac_SPP1,2.655829182192745
GSM4138144,4,0.8730482618143565,48,19,Mac_CXCL9,1.511306604795604
GSM4138123,7,0.8191170484383261,47,19,Mac_IL1B,1.6118872842171028
GSM4138113,2,0.7872195604760761,47,19,DC_pDC,2.2189669747760106
GSM4138135,1,0.8209057754002786,47,19,Mac_SPP1,2.655829182192745
GSM4138162,2,0.8655523332195476,46,19,DC_pDC,2.2189669747760106
GSM4138113,3,0.803757021807346,46,19,Mac_CXCL9,1.7703458898468771
GSM4138143,8,0.8202839084337908,45,19,mregDC_LAMP3,1.2153275526200271
GSM4138139,3,0.7681284212785163,45,19,Mac_CXCL9,1.7703458898468771
GSM4138161,1,0.8823078422431552,43,19,Mac_SPP1,2.655829182192745
GSM4138139,6,0.8628959017711794,43,19,Mono_TIL,1.8458688625105335
GSM4138117,1,0.8391458322233327,42,19,Mac_SPP1,2.655829182192745
GSM4138110,2,0.8774185396768865,42,19,DC_pDC,2.2189669747760106
GSM4138127,2,0.848998991306364,41,19,DC_pDC,2.2189669747760106
GSM4138115,4,0.8351472658110666,39,19,Mac_CXCL9,1.511306604795604
GSM4138166,2,0.8809615442092821,39,19,DC_pDC,2.2189669747760106
GSM4138112,2,0.8629357386209606,39,19,DC_pDC,2.2189669747760106
GSM4138152,2,0.8220153124382314,39,19,DC_pDC,2.2189669747760106
GSM4138150,4,0.9280717301502506,37,19,Mac_CXCL9,1.511306604795604
GSM4138143,1,0.8022602299939725,37,19,Mac_SPP1,2.655829182192745
GSM4138159,3,0.7506215050745396,37,19,Mac_CXCL9,1.7703458898468771
GSM4138157,4,0.8216981001454041,36,19,Mac_CXCL9,1.511306604795604
GSM4138139,2,0.9083083035282328,35,19,DC_pDC,2.2189669747760106
GSM4138141,8,0.8590420390361158,35,19,mregDC_LAMP3,1.2153275526200271
GSM4138126,2,0.9352341453498564,35,19,DC_pDC,2.2189669747760106
GSM4138129,3,0.8734240127378997,34,19,Mac_CXCL9,1.7703458898468771
GSM4138160,2,0.9129097381693978,34,19,DC_pDC,2.2189669747760106
GSM4138135,9,0.9258353488609772,33,19,cDC2_CD1C,1.4715864921726158
GSM4138157,2,0.8889186178164572,33,19,DC_pDC,2.2189669747760106
GSM4138133,2,0.8724499654207973,33,19,DC_pDC,2.2189669747760106
GSM4138147,2,0.8548298313978566,33,19,DC_pDC,2.2189669747760106
GSM4138146,2,0.9090859110219716,33,19,DC_pDC,2.2189669747760106
GSM4138115,3,0.8506382136389535,32,19,Mac_CXCL9,1.7703458898468771
GSM4138131,8,0.8961328484798305,32,19,mregDC_LAMP3,1.2153275526200271
GSM4138159,7,0.905201359279132,32,19,Mac_IL1B,1.6118872842171028
GSM4138121,4,0.8355349225479808,32,19,Mac_CXCL9,1.511306604795604
GSM4138125,3,0.8734688917429974,32,19,Mac_CXCL9,1.7703458898468771
GSM4138134,2,0.9363307302445598,32,19,DC_pDC,2.2189669747760106
GSM4138127,4,0.795999885800434,32,19,Mac_CXCL9,1.511306604795604
GSM4138159,4,0.7946206965109434,32,19,Mac_CXCL9,1.511306604795604
GSM4138163,2,0.926219048830724,31,19,DC_pDC,2.2189669747760106
GSM4138141,5,0.8124525329374026,31,19,mregDC_LAMP3,2.091502478847331
GSM4138111,5,0.6857483015181687,31,19,mregDC_LAMP3,2.091502478847331
GSM4138138,2,0.9458809067622348,30,19,DC_pDC,2.2189669747760106
GSM4138129,2,0.9022938363248236,30,19,DC_pDC,2.2189669747760106
GSM4138143,10,0.956177106713078,30,19,Mast,1.5722263194541717
GSM4138111,10,0.8559705668702753,29,19,Mast,1.5722263194541717
GSM4138161,6,0.8334655375842024,29,19,Mono_TIL,1.8458688625105335
GSM4138136,2,0.9371869218280188,29,19,DC_pDC,2.2189669747760106
GSM4138115,2,0.8500122779095823,29,19,DC_pDC,2.2189669747760106
GSM4138145,8,0.8517230661576145,29,19,mregDC_LAMP3,1.2153275526200271
GSM4138132,2,0.9613343000076722,28,19,DC_pDC,2.2189669747760106
GSM4138114,2,0.8577778731715866,28,19,DC_pDC,2.2189669747760106
GSM4138145,5,0.8189709030132925,28,19,mregDC_LAMP3,2.091502478847331
GSM4138140,2,0.9325446264215332,27,19,DC_pDC,2.2189669747760106
GSM4138155,5,0.8314281401212131,27,19,mregDC_LAMP3,2.091502478847331
GSM4138157,7,0.9002131383170628,26,19,Mac_IL1B,1.6118872842171028
GSM4138133,1,0.9178902325385282,26,19,Mac_SPP1,2.655829182192745
GSM4138165,2,0.8946239415756139,25,19,DC_pDC,2.2189669747760106
GSM4138119,7,0.8769792108142834,25,19,Mac_IL1B,1.6118872842171028
GSM4138167,2,0.9172021440940794,24,19,DC_pDC,2.2189669747760106
GSM4138156,6,0.9470195197809732,24,19,Mono_TIL,1.8458688625105335
GSM4138130,6,0.9940412143897048,24,19,Mono_TIL,1.8458688625105335
GSM4138155,8,0.8421387194970935,24,19,mregDC_LAMP3,1.2153275526200271
GSM4138133,5,0.7876860842890031,23,19,mregDC_LAMP3,2.091502478847331
GSM4138120,2,0.8572649022419514,23,19,DC_pDC,2.2189669747760106
GSM4138168,2,0.9178139478553072,23,19,DC_pDC,2.2189669747760106
GSM4138142,2,0.9515808222060592,23,19,DC_pDC,2.2189669747760106
GSM4138158,2,0.9246436771031032,23,19,DC_pDC,2.2189669747760106
GSM4138153,4,0.816619789810757,23,19,Mac_CXCL9,1.511306604795604
GSM4138157,3,0.9034239013951992,23,19,Mac_CXCL9,1.7703458898468771
GSM4138144,2,0.8550784904077575,22,19,DC_pDC,2.2189669747760106
GSM4138148,2,0.9187664739399846,22,19,DC_pDC,2.2189669747760106
GSM4138135,8,0.911562381250064,22,19,mregDC_LAMP3,1.2153275526200271
GSM4138135,10,0.9753346617577004,20,19,Mast,1.5722263194541717
GSM4138115,8,0.9105905863660072,20,19,mregDC_LAMP3,1.2153275526200271
GSM4138124,2,0.9471711205203588,20,19,DC_pDC,2.2189669747760106
GSM4138137,6,0.9166386996560112,20,19,Mono_TIL,1.8458688625105335
GSM4138135,2,0.923849489705904,20,19,DC_pDC,2.2189669747760106
GSM4138151,2,0.9317260208226156,19,19,DC_pDC,2.2189669747760106
GSM4138141,7,0.9462244408033,19,19,Mac_IL1B,1.6118872842171028
GSM4138154,2,0.9034878618247968,19,19,DC_pDC,2.2189669747760106
GSM4138125,2,0.8971541098422662,18,19,DC_pDC,2.2189669747760106
GSM4138155,10,0.93258150569913,18,19,Mast,1.5722263194541717
GSM4138119,4,0.8312918570785452,18,19,Mac_CXCL9,1.511306604795604
GSM4138117,2,0.9154015799949042,18,19,DC_pDC,2.2189669747760106
GSM4138123,5,0.9217284237152228,18,19,mregDC_LAMP3,2.091502478847331
GSM4138164,4,0.905102625995006,18,19,Mac_CXCL9,1.511306604795604
GSM4138132,6,0.9833937247086992,18,19,Mono_TIL,1.8458688625105335
GSM4138153,2,0.888827692814267,18,19,DC_pDC,2.2189669747760106
GSM4138111,1,0.8905648243990917,18,19,Mac_SPP1,2.655829182192745
GSM4138161,5,0.795052109369093,17,19,mregDC_LAMP3,2.091502478847331
GSM4138131,10,0.9660815332636744,17,19,Mast,1.5722263194541717
GSM4138150,2,0.969617760902896,17,19,DC_pDC,2.2189669747760106
GSM4138135,6,0.9226256472807712,17,19,Mono_TIL,1.8458688625105335
GSM4138111,7,0.8934915250576111,17,19,Mac_IL1B,1.6118872842171028
GSM4138146,6,0.9784421408771692,17,19,Mono_TIL,1.8458688625105335
GSM4138139,5,0.9512180145021084,17,19,mregDC_LAMP3,2.091502478847331
GSM4138172,4,0.9334208929468994,16,19,Mac_CXCL9,1.511306604795604
GSM4138127,5,0.9333388288107578,16,19,mregDC_LAMP3,2.091502478847331
GSM4138121,2,0.9078376545873124,16,19,DC_pDC,2.2189669747760106
GSM4138137,2,0.9812704209518982,15,19,DC_pDC,2.2189669747760106
GSM4138116,1,0.94640205574479,677,20,Mono_CD14_THBS1,1.5496953714793622
GSM4138156,1,0.9636642903730156,613,20,Mono_CD14_THBS1,1.5496953714793622
GSM4138134,1,0.9869040653783137,604,20,Mono_CD14_THBS1,1.5496953714793622
GSM4138126,1,0.9854728133770932,561,20,Mono_CD14_THBS1,1.5496953714793622
GSM4138123,4,0.6905541446373064,422,20,Mac_CXCL9,1.282652607143361
GSM4138120,2,0.8543605212493257,388,20,cDC2_CD33,2.0994122501452352
GSM4138160,1,0.9724934874874545,353,20,Mono_CD14_THBS1,1.5496953714793622
GSM4138134,2,0.9467185528295684,346,20,cDC2_CD33,2.0994122501452352
GSM4138142,1,0.9751205110663594,345,20,Mono_CD14_THBS1,1.5496953714793622
GSM4138135,4,0.7446358704401994,319,20,Mac_CXCL9,1.282652607143361
GSM4138110,1,0.9808890848319628,317,20,Mono_CD14_THBS1,1.5496953714793622
GSM4138140,2,0.9108686442688616,297,20,cDC2_CD33,2.0994122501452352
GSM4138132,2,0.9271352956286886,291,20,cDC2_CD33,2.0994122501452352
GSM4138138,1,0.986359983612778,289,20,Mono_CD14_THBS1,1.5496953714793622
GSM4138136,1,0.9749740255129646,287,20,Mono_CD14_THBS1,1.5496953714793622
GSM4138125,9,0.6986987213603217,286,20,Mac_SPP1,1.3359724834427944
GSM4138140,1,0.984543152247642,285,20,Mono_CD14_THBS1,1.5496953714793622
GSM4138137,4,0.7896209098848326,266,20,Mac_CXCL9,1.282652607143361
GSM4138134,3,0.972855483376328,264,20,Mono_CD16,1.7775176431574016
GSM4138146,3,0.9521691380993482,252,20,Mono_CD16,1.7775176431574016
GSM4138132,1,0.991253121941168,235,20,Mono_CD14_THBS1,1.5496953714793622
GSM4138165,1,0.9767236355329278,229,20,Mono_CD14_THBS1,1.5496953714793622
GSM4138122,2,0.884812916619351,227,20,cDC2_CD33,2.0994122501452352
GSM4138128,2,0.884812916619351,227,20,cDC2_CD33,2.0994122501452352
GSM4138162,2,0.9002132444517872,222,20,cDC2_CD33,2.0994122501452352
GSM4138156,3,0.9577517753810016,220,20,Mono_CD16,1.7775176431574016
GSM4138152,2,0.8749580259657754,217,20,cDC2_CD33,2.0994122501452352
GSM4138130,1,0.9808385158380912,216,20,Mono_CD14_THBS1,1.5496953714793622
GSM4138130,3,0.9677496161340524,213,20,Mono_CD16,1.7775176431574016
GSM4138135,5,0.7446336537357685,207,20,Mac_IL1B,1.3205536773152762
GSM4138142,2,0.917344149075784,206,20,cDC2_CD33,2.0994122501452352
GSM4138163,2,0.9047012013945728,203,20,cDC2_CD33,2.0994122501452352
GSM4138128,3,0.978381683573897,200,20,Mono_CD16,1.7775176431574016
GSM4138122,3,0.978381683573897,200,20,Mono_CD16,1.7775176431574016
GSM4138110,2,0.9123874435070074,199,20,cDC2_CD33,2.0994122501452352
GSM4138120,1,0.942843631562333,190,20,Mono_CD14_THBS1,1.5496953714793622
GSM4138154,1,0.964881049427442,189,20,Mono_CD14_THBS1,1.5496953714793622
GSM4138163,1,0.9772727900342312,188,20,Mono_CD14_THBS1,1.5496953714793622
GSM4138136,3,0.9648257943918036,186,20,Mono_CD16,1.7775176431574016
GSM4138118,2,0.8805433558755551,185,20,cDC2_CD33,2.0994122501452352
GSM4138124,1,0.9795981089825908,183,20,Mono_CD14_THBS1,1.5496953714793622
GSM4138162,1,0.9793945887837048,176,20,Mono_CD14_THBS1,1.5496953714793622
GSM4138158,1,0.9841531533620816,174,20,Mono_CD14_THBS1,1.5496953714793622
GSM4138136,2,0.8942881172434342,168,20,cDC2_CD33,2.0994122501452352
GSM4138131,10,0.7693517167644278,166,20,Mono_TIL,1.3003375001858932
GSM4138114,1,0.976842402925276,165,20,Mono_CD14_THBS1,1.5496953714793622
GSM4138167,2,0.866252817349021,164,20,cDC2_CD33,2.0994122501452352
GSM4138166,1,0.9831459147147316,164,20,Mono_CD14_THBS1,1.5496953714793622
GSM4138166,2,0.8874132072206035,160,20,cDC2_CD33,2.0994122501452352
GSM4138141,2,0.7982588871041745,159,20,cDC2_CD33,2.0994122501452352
GSM4138138,3,0.9616052005339192,157,20,Mono_CD16,1.7775176431574016
GSM4138130,2,0.9159737770327152,154,20,cDC2_CD33,2.0994122501452352
GSM4138112,1,0.9744297761990752,153,20,Mono_CD14_THBS1,1.5496953714793622
GSM4138126,2,0.9334962541225976,148,20,cDC2_CD33,2.0994122501452352
GSM4138145,2,0.8070209733141174,146,20,cDC2_CD33,2.0994122501452352
GSM4138155,5,0.6834221844915938,145,20,Mac_IL1B,1.3205536773152762
GSM4138166,3,0.9497182889481404,143,20,Mono_CD16,1.7775176431574016
GSM4138142,3,0.9725866740850654,138,20,Mono_CD16,1.7775176431574016
GSM4138152,1,0.9656639643205124,136,20,Mono_CD14_THBS1,1.5496953714793622
GSM4138146,1,0.9768547057988396,133,20,Mono_CD14_THBS1,1.5496953714793622
GSM4138165,3,0.9392317275851252,132,20,Mono_CD16,1.7775176431574016
GSM4138112,3,0.9463818967047464,132,20,Mono_CD16,1.7775176431574016
GSM4138145,1,0.8600288975179863,132,20,Mono_CD14_THBS1,1.5496953714793622
GSM4138143,2,0.7055595496853077,129,20,cDC2_CD33,2.0994122501452352
GSM4138138,2,0.9000185227003219,129,20,cDC2_CD33,2.0994122501452352
GSM4138155,1,0.8325602365819185,128,20,Mono_CD14_THBS1,1.5496953714793622
GSM4138154,2,0.8564806957300588,128,20,cDC2_CD33,2.0994122501452352
GSM4138139,5,0.8140199376212971,123,20,Mac_IL1B,1.3205536773152762
GSM4138141,1,0.9412613906128414,121,20,Mono_CD14_THBS1,1.5496953714793622
GSM4138122,1,0.98914258694849,119,20,Mono_CD14_THBS1,1.5496953714793622
GSM4138128,1,0.98914258694849,119,20,Mono_CD14_THBS1,1.5496953714793622
GSM4138144,2,0.83299363876644,118,20,cDC2_CD33,2.0994122501452352
GSM4138140,3,0.9540489751855232,116,20,Mono_CD16,1.7775176431574016
GSM4138132,3,0.974669325374043,116,20,Mono_CD16,1.7775176431574016
GSM4138131,4,0.7912903628235429,116,20,Mac_CXCL9,1.282652607143361
GSM4138127,1,0.9090595968414824,115,20,Mono_CD14_THBS1,1.5496953714793622
GSM4138117,1,0.8353187567498864,114,20,Mono_CD14_THBS1,1.5496953714793622
GSM4138110,3,0.9662143863682576,113,20,Mono_CD16,1.7775176431574016
GSM4138155,2,0.7003957764474695,113,20,cDC2_CD33,2.0994122501452352
GSM4138161,8,0.799457622916289,111,20,DC_pDC,1.192939337256809
GSM4138167,1,0.9863936086645856,111,20,Mono_CD14_THBS1,1.5496953714793622
GSM4138152,3,0.9259931033555524,108,20,Mono_CD16,1.7775176431574016
GSM4138131,8,0.8751870114387335,108,20,DC_pDC,1.192939337256809
GSM4138114,2,0.8758058252166641,108,20,cDC2_CD33,2.0994122501452352
GSM4138137,5,0.789493838859087,105,20,Mac_IL1B,1.3205536773152762
GSM4138161,2,0.7428615660321032,101,20,cDC2_CD33,2.0994122501452352
GSM4138118,1,0.9607526928857556,99,20,Mono_CD14_THBS1,1.5496953714793622
GSM4138144,1,0.9802081035392728,97,20,Mono_CD14_THBS1,1.5496953714793622
GSM4138145,7,0.7540289003778138,96,20,cDC1_CLEC9A,1.4054219868412705
GSM4138139,2,0.8135100801400693,96,20,cDC2_CD33,2.0994122501452352
GSM4138127,6,0.6860414562173609,95,20,cDC2_CD1C,1.2536706886033715
GSM4138139,4,0.7736224985199947,94,20,Mac_CXCL9,1.282652607143361
GSM4138135,2,0.8580462383207765,88,20,cDC2_CD33,2.0994122501452352
GSM4138127,5,0.8238780249012029,86,20,Mac_IL1B,1.3205536773152762
GSM4138162,3,0.9560514502866712,86,20,Mono_CD16,1.7775176431574016
GSM4138121,5,0.7139340616729579,85,20,Mac_IL1B,1.3205536773152762
GSM4138156,2,0.90441809754436,84,20,cDC2_CD33,2.0994122501452352
GSM4138160,2,0.8933667168357968,83,20,cDC2_CD33,2.0994122501452352
GSM4138111,2,0.7745426503876899,83,20,cDC2_CD33,2.0994122501452352
GSM4138144,3,0.9637395279919088,82,20,Mono_CD16,1.7775176431574016
GSM4138150,2,0.9069606956719876,79,20,cDC2_CD33,2.0994122501452352
GSM4138158,2,0.9063192801776188,79,20,cDC2_CD33,2.0994122501452352
GSM4138148,1,0.9861902834622892,79,20,Mono_CD14_THBS1,1.5496953714793622
GSM4138114,3,0.953843477712395,78,20,Mono_CD16,1.7775176431574016
GSM4138125,2,0.7997232858458061,78,20,cDC2_CD33,2.0994122501452352
GSM4138137,1,0.8935456038971549,77,20,Mono_CD14_THBS1,1.5496953714793622
GSM4138124,3,0.95086648939375,77,20,Mono_CD16,1.7775176431574016
GSM4138165,2,0.8657159617302816,76,20,cDC2_CD33,2.0994122501452352
GSM4138133,4,0.7555868914461691,76,20,Mac_CXCL9,1.282652607143361
GSM4138124,2,0.9188730929336516,76,20,cDC2_CD33,2.0994122501452352
GSM4138129,2,0.8145219446998226,75,20,cDC2_CD33,2.0994122501452352
GSM4138164,1,0.9771721966677016,75,20,Mono_CD14_THBS1,1.5496953714793622
GSM4138146,2,0.8905488511639992,75,20,cDC2_CD33,2.0994122501452352
GSM4138133,2,0.8562770459086118,75,20,cDC2_CD33,2.0994122501452352
GSM4138137,12,0.8588769234532942,75,20,Mac_IL1Bint,1.2461938494720255
GSM4138139,1,0.8849345445025134,74,20,Mono_CD14_THBS1,1.5496953714793622
GSM4138161,1,0.8995562486372239,73,20,Mono_CD14_THBS1,1.5496953714793622
GSM4138141,8,0.8867320154295282,72,20,DC_pDC,1.192939337256809
GSM4138125,1,0.9302158868422166,71,20,Mono_CD14_THBS1,1.5496953714793622
GSM4138115,2,0.8122772332824932,71,20,cDC2_CD33,2.0994122501452352
GSM4138131,2,0.8967952824099796,71,20,cDC2_CD33,2.0994122501452352
GSM4138112,2,0.8850128540451987,69,20,cDC2_CD33,2.0994122501452352
GSM4138150,1,0.9715946787953456,69,20,Mono_CD14_THBS1,1.5496953714793622
GSM4138117,4,0.7609138111786846,69,20,Mac_CXCL9,1.282652607143361
GSM4138111,6,0.687586166046799,65,20,cDC2_CD1C,1.2536706886033715
GSM4138131,11,0.8005040205082194,65,20,mregDC_LAMP3,1.3513420190765535
GSM4138167,3,0.9627882117328788,64,20,Mono_CD16,1.7775176431574016
GSM4138155,9,0.7037543297707458,64,20,Mac_SPP1,1.3359724834427944
GSM4138139,9,0.745112419232121,63,20,Mac_SPP1,1.3359724834427944
GSM4138117,2,0.7619026910017245,62,20,cDC2_CD33,2.0994122501452352
GSM4138139,13,0.954392453358975,59,20,Mast,1.305578155512236
GSM4138133,6,0.7242681997780968,59,20,cDC2_CD1C,1.2536706886033715
GSM4138148,2,0.8533756113980491,59,20,cDC2_CD33,2.0994122501452352
GSM4138123,6,0.6474283077286551,57,20,cDC2_CD1C,1.2536706886033715
GSM4138111,8,0.9033846299268702,57,20,DC_pDC,1.192939337256809
GSM4138131,5,0.8082780509136771,56,20,Mac_IL1B,1.3205536773152762
GSM4138141,4,0.8191174653059954,56,20,Mac_CXCL9,1.282652607143361
GSM4138157,2,0.8012214832497381,55,20,cDC2_CD33,2.0994122501452352
GSM4138143,1,0.9043773010231798,53,20,Mono_CD14_THBS1,1.5496953714793622
GSM4138135,1,0.9448650684960976,53,20,Mono_CD14_THBS1,1.5496953714793622
GSM4138137,2,0.9020233283047984,52,20,cDC2_CD33,2.0994122501452352
GSM4138155,8,0.8211841562999267,52,20,DC_pDC,1.192939337256809
GSM4138113,2,0.7899896692393789,51,20,cDC2_CD33,2.0994122501452352
GSM4138155,4,0.7653486000360997,51,20,Mac_CXCL9,1.282652607143361
GSM4138141,11,0.8290958327285933,51,20,mregDC_LAMP3,1.3513420190765535
GSM4138129,1,0.9325711915727876,50,20,Mono_CD14_THBS1,1.5496953714793622
GSM4138164,2,0.8567621960828665,50,20,cDC2_CD33,2.0994122501452352
GSM4138131,6,0.6868737389046023,50,20,cDC2_CD1C,1.2536706886033715
GSM4138123,8,0.8923753245432726,50,20,DC_pDC,1.192939337256809
GSM4138126,3,0.9744216203664824,49,20,Mono_CD16,1.7775176431574016
GSM4138160,3,0.947307500004418,49,20,Mono_CD16,1.7775176431574016
GSM4138137,9,0.7852230272462921,47,20,Mac_SPP1,1.3359724834427944
GSM4138155,7,0.734501013190024,46,20,cDC1_CLEC9A,1.4054219868412705
GSM4138143,8,0.8547059621822516,45,20,DC_pDC,1.192939337256809
GSM4138143,11,0.788567789777777,45,20,mregDC_LAMP3,1.3513420190765535
GSM4138145,8,0.9143580115728172,44,20,DC_pDC,1.192939337256809
GSM4138125,4,0.8042062646436346,43,20,Mac_CXCL9,1.282652607143361
GSM4138150,3,0.9660426477208623,43,20,Mono_CD16,1.7775176431574016
GSM4138141,3,0.941231973163102,42,20,Mono_CD16,1.7775176431574016
GSM4138127,10,0.8584303105778056,42,20,Mono_TIL,1.3003375001858932
GSM4138148,3,0.9639092624885208,41,20,Mono_CD16,1.7775176431574016
GSM4138155,11,0.7539659898816018,39,20,mregDC_LAMP3,1.3513420190765535
GSM4138137,6,0.7900710316408233,39,20,cDC2_CD1C,1.2536706886033715
GSM4138161,5,0.8279850485206965,39,20,Mac_IL1B,1.3205536773152762
GSM4138154,3,0.9324960311925216,37,20,Mono_CD16,1.7775176431574016
GSM4138141,7,0.776961034782596,37,20,cDC1_CLEC9A,1.4054219868412705
GSM4138135,12,0.9016873413331342,37,20,Mac_IL1Bint,1.2461938494720255
GSM4138119,2,0.7522168622932013,37,20,cDC2_CD33,2.0994122501452352
GSM4138111,3,0.8888097380841948,36,20,Mono_CD16,1.7775176431574016
GSM4138113,8,0.8863003605536053,35,20,DC_pDC,1.192939337256809
GSM4138131,1,0.9156521790637054,35,20,Mono_CD14_THBS1,1.5496953714793622
GSM4138123,2,0.8058575865653629,34,20,cDC2_CD33,2.0994122501452352
GSM4138145,5,0.9011362628231055,34,20,Mac_IL1B,1.3205536773152762
GSM4138123,5,0.8432367240393662,34,20,Mac_IL1B,1.3205536773152762
GSM4138121,1,0.8692539823867491,34,20,Mono_CD14_THBS1,1.5496953714793622
GSM4138141,10,0.8857963541580376,33,20,Mono_TIL,1.3003375001858932
GSM4138139,6,0.7678631711516601,33,20,cDC2_CD1C,1.2536706886033715
GSM4138163,3,0.9800136015499474,33,20,Mono_CD16,1.7775176431574016
GSM4138141,6,0.7182735820086801,32,20,cDC2_CD1C,1.2536706886033715
GSM4138159,1,0.9466247346330006,32,20,Mono_CD14_THBS1,1.5496953714793622
GSM4138127,2,0.9299165956238192,32,20,cDC2_CD33,2.0994122501452352
GSM4138143,13,0.9499099441330964,31,20,Mast,1.305578155512236
GSM4138147,8,0.8800969637734649,31,20,DC_pDC,1.192939337256809
GSM4138113,1,0.9406510176904932,31,20,Mono_CD14_THBS1,1.5496953714793622
GSM4138129,5,0.8462854244962854,31,20,Mac_IL1B,1.3205536773152762
GSM4138120,3,0.9359013874116876,31,20,Mono_CD16,1.7775176431574016
GSM4138129,4,0.8718011004638734,31,20,Mac_CXCL9,1.282652607143361
GSM4138164,3,0.9395398464744548,30,20,Mono_CD16,1.7775176431574016
GSM4138135,11,0.9091763534929694,30,20,mregDC_LAMP3,1.3513420190765535
GSM4138119,1,0.8162610212148829,30,20,Mono_CD14_THBS1,1.5496953714793622
GSM4138111,13,0.8580139148973691,29,20,Mast,1.305578155512236
GSM4138111,1,0.8671612178786823,29,20,Mono_CD14_THBS1,1.5496953714793622
GSM4138127,8,0.9272067221531218,29,20,DC_pDC,1.192939337256809
GSM4138111,7,0.8373321605025988,28,20,cDC1_CLEC9A,1.4054219868412705
GSM4138129,9,0.84330165691621,28,20,Mac_SPP1,1.3359724834427944
GSM4138131,3,0.9499561365250516,28,20,Mono_CD16,1.7775176431574016
GSM4138139,7,0.9080565953137064,27,20,cDC1_CLEC9A,1.4054219868412705
GSM4138145,3,0.9379296676810882,27,20,Mono_CD16,1.7775176431574016
GSM4138143,7,0.8260046019790284,27,20,cDC1_CLEC9A,1.4054219868412705
GSM4138117,6,0.8081402045952577,27,20,cDC2_CD1C,1.2536706886033715
GSM4138135,6,0.816939537029491,26,20,cDC2_CD1C,1.2536706886033715
GSM4138159,2,0.8882409910189087,26,20,cDC2_CD33,2.0994122501452352
GSM4138161,6,0.7411760763168223,25,20,cDC2_CD1C,1.2536706886033715
GSM4138119,9,0.7726136084352723,25,20,Mac_SPP1,1.3359724834427944
GSM4138153,2,0.8654643206221253,24,20,cDC2_CD33,2.0994122501452352
GSM4138135,9,0.8798752801783501,24,20,Mac_SPP1,1.3359724834427944
GSM4138115,7,0.8459168234864196,24,20,cDC1_CLEC9A,1.4054219868412705
GSM4138123,11,0.8941040505028006,24,20,mregDC_LAMP3,1.3513420190765535
GSM4138159,7,0.7730192558820773,24,20,cDC1_CLEC9A,1.4054219868412705
GSM4138158,3,0.98343559186875,23,20,Mono_CD16,1.7775176431574016
GSM4138112,8,0.9595243636307672,23,20,DC_pDC,1.192939337256809
GSM4138131,7,0.8368197836801646,23,20,cDC1_CLEC9A,1.4054219868412705
GSM4138133,7,0.8946992008934889,23,20,cDC1_CLEC9A,1.4054219868412705
GSM4138139,11,0.9236926261728876,22,20,mregDC_LAMP3,1.3513420190765535
GSM4138160,8,0.9618161262174572,22,20,DC_pDC,1.192939337256809
GSM4138145,11,0.8744494729017372,22,20,mregDC_LAMP3,1.3513420190765535
GSM4138133,8,0.9677791977403044,21,20,DC_pDC,1.192939337256809
GSM4138115,11,0.8979837410578688,21,20,mregDC_LAMP3,1.3513420190765535
GSM4138139,10,0.929491124514669,21,20,Mono_TIL,1.3003375001858932
GSM4138135,13,0.9632808291710414,21,20,Mast,1.305578155512236
GSM4138159,4,0.8436628952953475,20,20,Mac_CXCL9,1.282652607143361
GSM4138161,7,0.8592277753746111,20,20,cDC1_CLEC9A,1.4054219868412705
GSM4138110,8,0.9515832936947742,20,20,DC_pDC,1.192939337256809
GSM4138143,4,0.874961184052432,20,20,Mac_CXCL9,1.282652607143361
GSM4138155,6,0.8046432513920355,20,20,cDC2_CD1C,1.2536706886033715
GSM4138139,8,0.935707459182466,20,20,DC_pDC,1.192939337256809
GSM4138155,13,0.9304048836734372,19,20,Mast,1.305578155512236
GSM4138157,1,0.9729340226616056,19,20,Mono_CD14_THBS1,1.5496953714793622
GSM4138145,4,0.9254137103666068,19,20,Mac_CXCL9,1.282652607143361
GSM4138116,3,0.9766309638636366,19,20,Mono_CD16,1.7775176431574016
GSM4138157,5,0.9269611126223236,19,20,Mac_IL1B,1.3205536773152762
GSM4138143,3,0.9814947505973384,19,20,Mono_CD16,1.7775176431574016
GSM4138135,8,0.9277395526018996,19,20,DC_pDC,1.192939337256809
GSM4138133,11,0.8634277050691901,19,20,mregDC_LAMP3,1.3513420190765535
GSM4138113,3,0.9104796591226773,19,20,Mono_CD16,1.7775176431574016
GSM4138168,8,0.9490367350406824,18,20,DC_pDC,1.192939337256809
GSM4138131,13,0.9666702146494964,18,20,Mast,1.305578155512236
GSM4138137,11,0.9538365979708816,18,20,mregDC_LAMP3,1.3513420190765535
GSM4138133,1,0.9529137870200962,18,20,Mono_CD14_THBS1,1.5496953714793622
GSM4138115,8,0.9341137821327924,18,20,DC_pDC,1.192939337256809
GSM4138161,10,0.8615813393638037,17,20,Mono_TIL,1.3003375001858932
GSM4138157,4,0.913283060494787,17,20,Mac_CXCL9,1.282652607143361
GSM4138139,3,1.0,17,20,Mono_CD16,1.7775176431574016
GSM4138111,4,0.8640891711610171,17,20,Mac_CXCL9,1.282652607143361
GSM4138122,8,0.9751646058440876,17,20,DC_pDC,1.192939337256809
GSM4138128,8,0.9751646058440876,17,20,DC_pDC,1.192939337256809
GSM4138163,8,0.9903020421816136,16,20,DC_pDC,1.192939337256809
GSM4138130,8,0.9688099390526624,16,20,DC_pDC,1.192939337256809
GSM4138123,7,0.867274532820319,16,20,cDC1_CLEC9A,1.4054219868412705
GSM4138129,8,0.9728596815705096,15,20,DC_pDC,1.192939337256809
GSM4138111,11,0.7587851819768315,15,20,mregDC_LAMP3,1.3513420190765535
GSM4138162,8,0.9939497440455548,15,20,DC_pDC,1.192939337256809
GSM4138135,3,0.9817866971001312,15,20,Mono_CD16,1.7775176431574016
GSM4138115,4,0.9436343740902462,15,20,Mac_CXCL9,1.282652607143361
GSM4138117,13,0.9843483876594742,15,20,Mast,1.305578155512236
GSM4138116,2,0.9366232483801812,684,21,Mono_CD14_THBS1,1.7075257022306085
GSM4138156,2,0.962614903370207,628,21,Mono_CD14_THBS1,1.7075257022306085
GSM4138134,1,0.9438656231583632,623,21,cDC2_CD33,2.2215019182967155
GSM4138134,2,0.9864743961505088,586,21,Mono_CD14_THBS1,1.7075257022306085
GSM4138126,2,0.9859356983515348,552,21,Mono_CD14_THBS1,1.7075257022306085
GSM4138122,1,0.895174347250868,434,21,cDC2_CD33,2.2215019182967155
GSM4138128,1,0.895174347250868,434,21,cDC2_CD33,2.2215019182967155
GSM4138140,1,0.910194181259405,419,21,cDC2_CD33,2.2215019182967155
GSM4138120,1,0.8378425016215808,417,21,cDC2_CD33,2.2215019182967155
GSM4138123,3,0.7009461094009933,414,21,Mac_CXCL9,1.2972262004716226
GSM4138132,1,0.925943971957783,411,21,cDC2_CD33,2.2215019182967155
GSM4138130,1,0.9310916085045384,371,21,cDC2_CD33,2.2215019182967155
GSM4138136,1,0.9006410945686603,360,21,cDC2_CD33,2.2215019182967155
GSM4138142,1,0.9078131961906086,356,21,cDC2_CD33,2.2215019182967155
GSM4138160,2,0.9655490242680486,339,21,Mono_CD14_THBS1,1.7075257022306085
GSM4138142,2,0.9761363295275384,329,21,Mono_CD14_THBS1,1.7075257022306085
GSM4138152,1,0.8579135942575212,328,21,cDC2_CD33,2.2215019182967155
GSM4138146,1,0.8897144652197698,325,21,cDC2_CD33,2.2215019182967155
GSM4138162,1,0.8948368119115147,320,21,cDC2_CD33,2.2215019182967155
GSM4138110,1,0.931442048643346,318,21,cDC2_CD33,2.2215019182967155
GSM4138110,2,0.9811887511017076,303,21,Mono_CD14_THBS1,1.7075257022306085
GSM4138135,3,0.76283208927691,302,21,Mac_CXCL9,1.2972262004716226
GSM4138166,1,0.8610968915386759,296,21,cDC2_CD33,2.2215019182967155
GSM4138138,1,0.908092357305219,291,21,cDC2_CD33,2.2215019182967155
GSM4138156,1,0.8997747820044723,285,21,cDC2_CD33,2.2215019182967155
GSM4138136,2,0.9761114304396762,280,21,Mono_CD14_THBS1,1.7075257022306085
GSM4138138,2,0.9788852858196198,279,21,Mono_CD14_THBS1,1.7075257022306085
GSM4138140,2,0.9833655365302604,275,21,Mono_CD14_THBS1,1.7075257022306085
GSM4138125,8,0.7133020664308143,262,21,Mac_SPP1,1.3358234318811335
GSM4138163,1,0.9008118143378856,239,21,cDC2_CD33,2.2215019182967155
GSM4138137,3,0.7998503232526512,239,21,Mac_CXCL9,1.2972262004716226
GSM4138132,2,0.9907827340079725,228,21,Mono_CD14_THBS1,1.7075257022306085
GSM4138167,1,0.8970894690345603,224,21,cDC2_CD33,2.2215019182967155
GSM4138165,2,0.977425367004981,223,21,Mono_CD14_THBS1,1.7075257022306085
GSM4138165,1,0.8813485938148075,213,21,cDC2_CD33,2.2215019182967155
GSM4138135,6,0.7514866384729348,210,21,Mac_IL1B,1.2388645845948678
GSM4138130,2,0.985059424980984,207,21,Mono_CD14_THBS1,1.7075257022306085
GSM4138126,1,0.934253962926286,204,21,cDC2_CD33,2.2215019182967155
GSM4138112,1,0.8820190119905594,199,21,cDC2_CD33,2.2215019182967155
GSM4138144,1,0.8415945911244669,197,21,cDC2_CD33,2.2215019182967155
GSM4138118,1,0.8771465516238116,190,21,cDC2_CD33,2.2215019182967155
GSM4138120,2,0.9431695651892984,190,21,Mono_CD14_THBS1,1.7075257022306085
GSM4138141,1,0.8313233213502962,189,21,cDC2_CD33,2.2215019182967155
GSM4138154,2,0.9666963203333512,188,21,Mono_CD14_THBS1,1.7075257022306085
GSM4138114,1,0.8688199266045347,188,21,cDC2_CD33,2.2215019182967155
GSM4138124,2,0.9752673281030394,188,21,Mono_CD14_THBS1,1.7075257022306085
GSM4138163,2,0.9773423745931478,178,21,Mono_CD14_THBS1,1.7075257022306085
GSM4138158,2,0.982492000305974,172,21,Mono_CD14_THBS1,1.7075257022306085
GSM4138131,11,0.7680548270801386,171,21,Mono_TIL,1.352389543663955
GSM4138154,1,0.844223612581777,166,21,cDC2_CD33,2.2215019182967155
GSM4138162,2,0.9801562048767728,163,21,Mono_CD14_THBS1,1.7075257022306085
GSM4138166,2,0.9832689257050768,163,21,Mono_CD14_THBS1,1.7075257022306085
GSM4138114,2,0.9763299534929092,159,21,Mono_CD14_THBS1,1.7075257022306085
GSM4138112,2,0.9737432294618764,153,21,Mono_CD14_THBS1,1.7075257022306085
GSM4138124,1,0.927123930853324,148,21,cDC2_CD33,2.2215019182967155
GSM4138160,1,0.8899019049173551,141,21,cDC2_CD33,2.2215019182967155
GSM4138145,1,0.8458593411449548,136,21,cDC2_CD33,2.2215019182967155
GSM4138146,2,0.9740630663196128,135,21,Mono_CD14_THBS1,1.7075257022306085
GSM4138152,2,0.968158664660679,133,21,Mono_CD14_THBS1,1.7075257022306085
GSM4138155,12,0.6323567044088538,132,21,cDC2_CD1C,1.210714185382881
GSM4138155,6,0.7295367373133725,131,21,Mac_IL1B,1.2388645845948678
GSM4138155,2,0.8395225408191487,130,21,Mono_CD14_THBS1,1.7075257022306085
GSM4138143,1,0.7980197445516449,122,21,cDC2_CD33,2.2215019182967155
GSM4138145,2,0.8586444405947372,120,21,Mono_CD14_THBS1,1.7075257022306085
GSM4138150,1,0.8881562593524339,118,21,cDC2_CD33,2.2215019182967155
GSM4138117,2,0.8260061513729318,117,21,Mono_CD14_THBS1,1.7075257022306085
GSM4138141,2,0.9591681607159066,116,21,Mono_CD14_THBS1,1.7075257022306085
GSM4138139,6,0.8109327971661595,114,21,Mac_IL1B,1.2388645845948678
GSM4138127,2,0.920227706430256,114,21,Mono_CD14_THBS1,1.7075257022306085
GSM4138128,2,0.9894196169866204,111,21,Mono_CD14_THBS1,1.7075257022306085
GSM4138122,2,0.9894196169866204,111,21,Mono_CD14_THBS1,1.7075257022306085
GSM4138131,5,0.8771365093189191,110,21,DC_pDC,1.244959997777214
GSM4138161,5,0.8029172479093281,110,21,DC_pDC,1.244959997777214
GSM4138111,1,0.7707760356625328,108,21,cDC2_CD33,2.2215019182967155
GSM4138167,2,0.9868354511354528,106,21,Mono_CD14_THBS1,1.7075257022306085
GSM4138131,3,0.7795877195803211,102,21,Mac_CXCL9,1.2972262004716226
GSM4138148,1,0.8342609234577643,102,21,cDC2_CD33,2.2215019182967155
GSM4138158,1,0.9055228246866728,101,21,cDC2_CD33,2.2215019182967155
GSM4138118,2,0.9600482862607412,100,21,Mono_CD14_THBS1,1.7075257022306085
GSM4138137,6,0.7846049077167814,99,21,Mac_IL1B,1.2388645845948678
GSM4138144,2,0.9781101245181536,98,21,Mono_CD14_THBS1,1.7075257022306085
GSM4138139,1,0.825111267242813,96,21,cDC2_CD33,2.2215019182967155
GSM4138139,3,0.7875085088423924,90,21,Mac_CXCL9,1.2972262004716226
GSM4138135,1,0.8807181282992996,88,21,cDC2_CD33,2.2215019182967155
GSM4138137,2,0.8911541723996441,86,21,Mono_CD14_THBS1,1.7075257022306085
GSM4138161,1,0.783527751406423,84,21,cDC2_CD33,2.2215019182967155
GSM4138121,6,0.7214465727220122,84,21,Mac_IL1B,1.2388645845948678
GSM4138131,1,0.8822623487759879,82,21,cDC2_CD33,2.2215019182967155
GSM4138164,1,0.8555194771745357,82,21,cDC2_CD33,2.2215019182967155
GSM4138139,2,0.8805947546730839,80,21,Mono_CD14_THBS1,1.7075257022306085
GSM4138148,2,0.9813561368209612,76,21,Mono_CD14_THBS1,1.7075257022306085
GSM4138127,6,0.8381150413557202,75,21,Mac_IL1B,1.2388645845948678
GSM4138164,2,0.9767263737352136,74,21,Mono_CD14_THBS1,1.7075257022306085
GSM4138137,15,0.8575309546322201,74,21,mregDC_LAMP3,1.2324229481263278
GSM4138133,1,0.8594473980265721,74,21,cDC2_CD33,2.2215019182967155
GSM4138141,5,0.8862585364796602,74,21,DC_pDC,1.244959997777214
GSM4138129,1,0.8246350330624683,73,21,cDC2_CD33,2.2215019182967155
GSM4138150,2,0.9708493553262544,71,21,Mono_CD14_THBS1,1.7075257022306085
GSM4138125,1,0.8052807588897668,71,21,cDC2_CD33,2.2215019182967155
GSM4138125,2,0.93599845271092,70,21,Mono_CD14_THBS1,1.7075257022306085
GSM4138133,3,0.7567611162621585,68,21,Mac_CXCL9,1.2972262004716226
GSM4138111,5,0.8788894513005281,66,21,DC_pDC,1.244959997777214
GSM4138161,2,0.9167498928075845,65,21,Mono_CD14_THBS1,1.7075257022306085
GSM4138131,13,0.7990874504346135,64,21,mregDC_LAMP3,1.3761576910504223
GSM4138145,10,0.8394021663322669,61,21,cDC1_CLEC9A,1.4183674663031764
GSM4138115,1,0.8587446225573416,60,21,cDC2_CD33,2.2215019182967155
GSM4138155,1,0.8134910403139003,60,21,cDC2_CD33,2.2215019182967155
GSM4138135,2,0.9382343359814768,59,21,Mono_CD14_THBS1,1.7075257022306085
GSM4138127,7,0.7185811916062347,59,21,cDC2_CD1C,1.2792231785732255
GSM4138139,16,0.954392453358975,59,21,Mast,1.2479488663012428
GSM4138113,1,0.8076852986700419,58,21,cDC2_CD33,2.2215019182967155
GSM4138117,3,0.816987200982742,56,21,Mac_CXCL9,1.2972262004716226
GSM4138139,8,0.7964057840295904,56,21,Mac_SPP1,1.3358234318811335
GSM4138111,7,0.6977790808639468,54,21,cDC2_CD1C,1.2792231785732255
GSM4138141,3,0.8095391463754179,54,21,Mac_CXCL9,1.2972262004716226
GSM4138155,8,0.7279636375708345,53,21,Mac_SPP1,1.3358234318811335
GSM4138145,4,0.8621912430293349,52,21,cDC2_CD1C,1.312837786838856
GSM4138155,5,0.822255839416768,52,21,DC_pDC,1.244959997777214
GSM4138129,2,0.9322242419148496,52,21,Mono_CD14_THBS1,1.7075257022306085
GSM4138133,7,0.7612629542355469,51,21,cDC2_CD1C,1.2792231785732255
GSM4138141,13,0.8402272376229935,51,21,mregDC_LAMP3,1.3761576910504223
GSM4138117,9,0.7528880111492635,50,21,Mac_CXCL9,1.2532950052036502
GSM4138123,5,0.9006334149339715,49,21,DC_pDC,1.244959997777214
GSM4138127,9,0.7834732292485694,48,21,Mac_CXCL9,1.2532950052036502
GSM4138143,2,0.9262833461799314,48,21,Mono_CD14_THBS1,1.7075257022306085
GSM4138137,1,0.8997269505122689,48,21,cDC2_CD33,2.2215019182967155
GSM4138123,7,0.6556756922294183,47,21,cDC2_CD1C,1.2792231785732255
GSM4138143,5,0.8663886831149841,46,21,DC_pDC,1.244959997777214
GSM4138119,4,0.7210412803830143,46,21,cDC2_CD1C,1.312837786838856
GSM4138145,5,0.9147704153933428,45,21,DC_pDC,1.244959997777214
GSM4138157,1,0.8544582139475267,45,21,cDC2_CD33,2.2215019182967155
GSM4138131,6,0.8110671320578012,44,21,Mac_IL1B,1.2388645845948678
GSM4138117,1,0.8190488345461653,44,21,cDC2_CD33,2.2215019182967155
GSM4138143,13,0.8351988233100984,42,21,mregDC_LAMP3,1.3761576910504223
GSM4138127,11,0.8567975843277789,41,21,Mono_TIL,1.352389543663955
GSM4138125,3,0.8489476328081179,41,21,Mac_CXCL9,1.2972262004716226
GSM4138131,7,0.7113424853183925,40,21,cDC2_CD1C,1.2792231785732255
GSM4138145,12,0.70183891841735,39,21,cDC2_CD1C,1.210714185382881
GSM4138125,14,0.7686268263078344,39,21,Mac_SPP1,1.4008915736689795
GSM4138161,12,0.698527152220006,37,21,cDC2_CD1C,1.210714185382881
GSM4138131,2,0.9413277840951756,35,21,Mono_CD14_THBS1,1.7075257022306085
GSM4138135,15,0.935926186555776,35,21,mregDC_LAMP3,1.2324229481263278
GSM4138137,8,0.8114995792581534,34,21,Mac_SPP1,1.3358234318811335
GSM4138113,5,0.8917952455170237,34,21,DC_pDC,1.244959997777214
GSM4138161,6,0.8738270608620392,33,21,Mac_IL1B,1.2388645845948678
GSM4138123,6,0.845702450930095,33,21,Mac_IL1B,1.2388645845948678
GSM4138137,9,0.763892277070138,33,21,Mac_CXCL9,1.2532950052036502
GSM4138129,3,0.8631177493054079,33,21,Mac_CXCL9,1.2972262004716226
GSM4138121,2,0.8812646095697021,33,21,Mono_CD14_THBS1,1.7075257022306085
GSM4138155,3,0.8377838347088374,33,21,Mac_CXCL9,1.2972262004716226
GSM4138143,16,0.9499099441330964,31,21,Mast,1.2479488663012428
GSM4138141,11,0.8884220539168598,31,21,Mono_TIL,1.352389543663955
GSM4138139,7,0.7691755799779445,31,21,cDC2_CD1C,1.2792231785732255
GSM4138147,5,0.8800969637734649,31,21,DC_pDC,1.244959997777214
GSM4138111,2,0.8670242370104428,30,21,Mono_CD14_THBS1,1.7075257022306085
GSM4138159,2,0.959540354899632,30,21,Mono_CD14_THBS1,1.7075257022306085
GSM4138141,7,0.7230595137573541,29,21,cDC2_CD1C,1.2792231785732255
GSM4138135,13,0.9292739378036524,29,21,mregDC_LAMP3,1.3761576910504223
GSM4138127,5,0.9158744103568628,29,21,DC_pDC,1.244959997777214
GSM4138111,16,0.8570514282209254,28,21,Mast,1.2479488663012428
GSM4138129,8,0.8382927027679009,27,21,Mac_SPP1,1.3358234318811335
GSM4138129,6,0.8476293355621068,27,21,Mac_IL1B,1.2388645845948678
GSM4138141,12,0.7922067208337917,27,21,cDC2_CD1C,1.210714185382881
GSM4138123,1,0.8879949040746136,26,21,cDC2_CD33,2.2215019182967155
GSM4138145,6,0.9120479395536156,26,21,Mac_IL1B,1.2388645845948678
GSM4138129,5,0.9522192501682016,25,21,DC_pDC,1.244959997777214
GSM4138131,4,0.9348764651517886,25,21,cDC2_CD1C,1.312837786838856
GSM4138127,1,0.9525733619695292,25,21,cDC2_CD33,2.2215019182967155
GSM4138127,18,0.9401290714402372,24,21,Mac_SPP1,1.2556864329707675
GSM4138159,1,0.9125248980656184,24,21,cDC2_CD33,2.2215019182967155
GSM4138135,7,0.8296089838111499,24,21,cDC2_CD1C,1.2792231785732255
GSM4138112,5,0.960475000321927,24,21,DC_pDC,1.244959997777214
GSM4138155,13,0.853798215465872,24,21,mregDC_LAMP3,1.3761576910504223
GSM4138160,5,0.9637168406872292,23,21,DC_pDC,1.244959997777214
GSM4138113,2,0.9446278699789538,23,21,Mono_CD14_THBS1,1.7075257022306085
GSM4138123,13,0.8939152823887438,23,21,mregDC_LAMP3,1.3761576910504223
GSM4138139,5,0.9333160959033334,22,21,DC_pDC,1.244959997777214
GSM4138135,8,0.8806965863754088,21,21,Mac_SPP1,1.3358234318811335
GSM4138139,13,0.9253177743810802,21,21,mregDC_LAMP3,1.3761576910504223
GSM4138139,11,0.924853848014224,21,21,Mono_TIL,1.352389543663955
GSM4138133,5,0.9677791977403044,21,21,DC_pDC,1.244959997777214
GSM4138115,13,0.8842485745967884,21,21,mregDC_LAMP3,1.3761576910504223
GSM4138135,16,0.9632808291710414,21,21,Mast,1.2479488663012428
GSM4138145,13,0.916432045305866,20,21,mregDC_LAMP3,1.3761576910504223
GSM4138110,5,0.9515832936947742,20,21,DC_pDC,1.244959997777214
GSM4138155,16,0.907094647641158,20,21,Mast,1.2479488663012428
GSM4138143,12,0.7983117172495517,20,21,cDC2_CD1C,1.210714185382881
GSM4138115,12,0.8637785082170094,20,21,cDC2_CD1C,1.210714185382881
GSM4138155,4,0.9156360508260538,20,21,cDC2_CD1C,1.312837786838856
GSM4138157,2,0.9712584825910268,20,21,Mono_CD14_THBS1,1.7075257022306085
GSM4138168,5,0.9011449212070114,20,21,DC_pDC,1.244959997777214
GSM4138137,7,0.8041778881092403,20,21,cDC2_CD1C,1.2792231785732255
GSM4138139,10,0.9396787104740892,20,21,cDC1_CLEC9A,1.4183674663031764
GSM4138111,10,0.8916269158075484,20,21,cDC1_CLEC9A,1.4183674663031764
GSM4138123,12,0.7798449822131781,19,21,cDC2_CD1C,1.210714185382881
GSM4138115,5,0.9225313235859188,19,21,DC_pDC,1.244959997777214
GSM4138133,2,0.9703781472578908,19,21,Mono_CD14_THBS1,1.7075257022306085
GSM4138159,12,0.8713143149708097,19,21,cDC2_CD1C,1.210714185382881
GSM4138161,9,0.8710538805511463,19,21,Mac_CXCL9,1.2532950052036502
GSM4138143,10,0.9165637389801168,19,21,cDC1_CLEC9A,1.4183674663031764
GSM4138130,5,0.947434452450576,19,21,DC_pDC,1.244959997777214
GSM4138135,5,0.9277395526018996,19,21,DC_pDC,1.244959997777214
GSM4138137,12,0.8150052430324907,18,21,cDC2_CD1C,1.210714185382881
GSM4138159,3,0.8875745082439973,18,21,Mac_CXCL9,1.2972262004716226
GSM4138128,5,0.972704252573205,18,21,DC_pDC,1.244959997777214
GSM4138131,16,0.9666702146494964,18,21,Mast,1.2479488663012428
GSM4138133,13,0.946008657869044,18,21,mregDC_LAMP3,1.3761576910504223
GSM4138122,5,0.972704252573205,18,21,DC_pDC,1.244959997777214
GSM4138119,8,0.8743553258851138,17,21,Mac_SPP1,1.3358234318811335
GSM4138157,12,0.8964372006961173,17,21,cDC2_CD1C,1.210714185382881
GSM4138131,9,0.8338706883792328,17,21,Mac_CXCL9,1.2532950052036502
GSM4138143,4,0.9067510154235032,17,21,cDC2_CD1C,1.312837786838856
GSM4138113,4,0.9274652251076778,17,21,cDC2_CD1C,1.312837786838856
GSM4138161,11,0.8724023266250296,17,21,Mono_TIL,1.352389543663955
GSM4138116,1,0.9459814384400528,17,21,cDC2_CD33,2.2215019182967155
GSM4138111,4,0.9334405976064316,17,21,cDC2_CD1C,1.312837786838856
GSM4138137,13,0.9508347199820468,16,21,mregDC_LAMP3,1.3761576910504223
GSM4138133,12,0.9018708107106814,16,21,cDC2_CD1C,1.210714185382881
GSM4138163,5,0.9903020421816136,16,21,DC_pDC,1.244959997777214
GSM4138133,10,0.9346747927494377,16,21,cDC1_CLEC9A,1.4183674663031764
GSM4138162,5,0.9903417728935672,16,21,DC_pDC,1.244959997777214
GSM4138143,3,0.9665633196176584,16,21,Mac_CXCL9,1.2972262004716226
GSM4138145,3,0.9226015225646576,16,21,Mac_CXCL9,1.2972262004716226
GSM4138157,5,0.9528870226328386,16,21,DC_pDC,1.244959997777214
GSM4138131,10,0.865275187676227,16,21,cDC1_CLEC9A,1.4183674663031764
GSM4138141,10,0.9129657744857318,15,21,cDC1_CLEC9A,1.4183674663031764
GSM4138161,4,0.9523855253144649,15,21,cDC2_CD1C,1.312837786838856
GSM4138137,4,0.9683587097531048,15,21,cDC2_CD1C,1.312837786838856
GSM4138141,4,0.958071009766532,15,21,cDC2_CD1C,1.312837786838856
GSM4138117,16,0.9843483876594742,15,21,Mast,1.2479488663012428
GSM4138153,1,0.9420363631934372,15,21,cDC2_CD33,2.2215019182967155
GSM4138151,5,0.9660966498243028,15,21,DC_pDC,1.244959997777214
GSM4138137,14,0.9043018974085322,15,21,Mac_SPP1,1.4008915736689795
GSM4138111,3,0.8795864886487531,15,21,Mac_CXCL9,1.2972262004716226
GSM4138156,5,0.9536502391004582,15,21,DC_pDC,1.244959997777214
GSM4138116,1,0.9475027197128464,676,22,Mono_CD14_THBS1,1.5151028982305412
GSM4138156,1,0.9637675631277568,616,22,Mono_CD14_THBS1,1.5151028982305412
GSM4138134,1,0.9870491633024224,613,22,Mono_CD14_THBS1,1.5151028982305412
GSM4138126,1,0.9851185263470428,564,22,Mono_CD14_THBS1,1.5151028982305412
GSM4138123,4,0.7007380297014087,415,22,Mac_CXCL9,1.231920482663954
GSM4138120,2,0.854552694073614,386,22,cDC2_CD33,2.0263080886821685
GSM4138160,1,0.9724206965184564,352,22,Mono_CD14_THBS1,1.5151028982305412
GSM4138142,1,0.9765463956374554,342,22,Mono_CD14_THBS1,1.5151028982305412
GSM4138134,2,0.944667666862204,333,22,cDC2_CD33,2.0263080886821685
GSM4138110,1,0.9809219987286026,318,22,Mono_CD14_THBS1,1.5151028982305412
GSM4138135,4,0.7655371955678281,309,22,Mac_CXCL9,1.231920482663954
GSM4138140,2,0.9102500454747122,294,22,cDC2_CD33,2.0263080886821685
GSM4138138,1,0.9856981346298638,292,22,Mono_CD14_THBS1,1.5151028982305412
GSM4138136,1,0.9740871054330122,289,22,Mono_CD14_THBS1,1.5151028982305412
GSM4138140,1,0.9845829802512835,283,22,Mono_CD14_THBS1,1.5151028982305412
GSM4138132,2,0.9260122167027104,281,22,cDC2_CD33,2.0263080886821685
GSM4138125,8,0.7148275717061052,274,22,Mac_SPP1,1.255279297113983
GSM4138134,3,0.9727647224615572,263,22,Mono_CD16,1.7338250097174384
GSM4138146,3,0.9525069806521772,253,22,Mono_CD16,1.7338250097174384
GSM4138132,1,0.9913391935470924,240,22,Mono_CD14_THBS1,1.5151028982305412
GSM4138137,4,0.8000312337816237,237,22,Mac_CXCL9,1.231920482663954
GSM4138165,1,0.9768435409433176,231,22,Mono_CD14_THBS1,1.5151028982305412
GSM4138122,2,0.8824768583449718,221,22,cDC2_CD33,2.0263080886821685
GSM4138128,2,0.8824768583449718,221,22,cDC2_CD33,2.0263080886821685
GSM4138130,1,0.979833195108516,221,22,Mono_CD14_THBS1,1.5151028982305412
GSM4138156,3,0.9596865240128022,219,22,Mono_CD16,1.7338250097174384
GSM4138152,2,0.8753321811474688,215,22,cDC2_CD33,2.0263080886821685
GSM4138130,3,0.9648358395392492,215,22,Mono_CD16,1.7338250097174384
GSM4138135,7,0.7504411026137116,211,22,Mac_IL1B,1.2362540260726178
GSM4138162,2,0.9007050291642102,207,22,cDC2_CD33,2.0263080886821685
GSM4138142,2,0.9211143215313344,204,22,cDC2_CD33,2.0263080886821685
GSM4138128,3,0.9785077566996624,201,22,Mono_CD16,1.7338250097174384
GSM4138122,3,0.9785077566996624,201,22,Mono_CD16,1.7338250097174384
GSM4138163,2,0.9028078237790228,192,22,cDC2_CD33,2.0263080886821685
GSM4138110,2,0.9078943967314218,192,22,cDC2_CD33,2.0263080886821685
GSM4138120,1,0.942916622108044,191,22,Mono_CD14_THBS1,1.5151028982305412
GSM4138154,1,0.9650630222296128,190,22,Mono_CD14_THBS1,1.5151028982305412
GSM4138163,1,0.9764761689974826,188,22,Mono_CD14_THBS1,1.5151028982305412
GSM4138162,1,0.980665882907887,187,22,Mono_CD14_THBS1,1.5151028982305412
GSM4138124,1,0.9780854541366686,186,22,Mono_CD14_THBS1,1.5151028982305412
GSM4138136,3,0.9666262559340186,186,22,Mono_CD16,1.7338250097174384
GSM4138118,2,0.8831826378837848,181,22,cDC2_CD33,2.0263080886821685
GSM4138158,1,0.982654724120136,174,22,Mono_CD14_THBS1,1.5151028982305412
GSM4138131,12,0.7749527743337059,170,22,Mono_TIL,1.2719568216343458
GSM4138166,1,0.9832843756116392,168,22,Mono_CD14_THBS1,1.5151028982305412
GSM4138136,2,0.8929894302525848,165,22,cDC2_CD33,2.0263080886821685
GSM4138114,1,0.9817942464678566,164,22,Mono_CD14_THBS1,1.5151028982305412
GSM4138112,1,0.9755523653075178,157,22,Mono_CD14_THBS1,1.5151028982305412
GSM4138138,3,0.9616491211397062,156,22,Mono_CD16,1.7338250097174384
GSM4138166,2,0.8881424083676841,152,22,cDC2_CD33,2.0263080886821685
GSM4138167,2,0.8612247872443753,150,22,cDC2_CD33,2.0263080886821685
GSM4138130,2,0.9107345693722392,143,22,cDC2_CD33,2.0263080886821685
GSM4138166,3,0.952508549425734,141,22,Mono_CD16,1.7338250097174384
GSM4138126,2,0.929479855606926,140,22,cDC2_CD33,2.0263080886821685
GSM4138142,3,0.9720081631993034,139,22,Mono_CD16,1.7338250097174384
GSM4138152,1,0.965422295337777,138,22,Mono_CD14_THBS1,1.5151028982305412
GSM4138146,1,0.9759157006126428,134,22,Mono_CD14_THBS1,1.5151028982305412
GSM4138155,14,0.6288998682123954,132,22,cDC2_CD1C,1.1864509190959969
GSM4138112,3,0.9460991431683944,131,22,Mono_CD16,1.7338250097174384
GSM4138141,2,0.8603610000803965,131,22,cDC2_CD33,2.0263080886821685
GSM4138165,3,0.9392327556738712,131,22,Mono_CD16,1.7338250097174384
GSM4138155,1,0.8347137264472431,129,22,Mono_CD14_THBS1,1.5151028982305412
GSM4138155,7,0.7296262740611369,129,22,Mac_IL1B,1.2362540260726178
GSM4138154,2,0.8570666037293824,127,22,cDC2_CD33,2.0263080886821685
GSM4138138,2,0.9044712197875184,124,22,cDC2_CD33,2.0263080886821685
GSM4138128,1,0.989001223452288,122,22,Mono_CD14_THBS1,1.5151028982305412
GSM4138122,1,0.989001223452288,122,22,Mono_CD14_THBS1,1.5151028982305412
GSM4138141,1,0.9586892265258002,119,22,Mono_CD14_THBS1,1.5151028982305412
GSM4138139,7,0.8091953127249087,117,22,Mac_IL1B,1.2362540260726178
GSM4138140,3,0.9534465936475208,117,22,Mono_CD16,1.7338250097174384
GSM4138132,3,0.9728068559491094,117,22,Mono_CD16,1.7338250097174384
GSM4138117,1,0.8448718529095017,115,22,Mono_CD14_THBS1,1.5151028982305412
GSM4138145,1,0.8584481833530839,115,22,Mono_CD14_THBS1,1.5151028982305412
GSM4138167,1,0.9847162531767556,114,22,Mono_CD14_THBS1,1.5151028982305412
GSM4138144,2,0.8376307071924977,114,22,cDC2_CD33,2.0263080886821685
GSM4138110,3,0.971522009645068,112,22,Mono_CD16,1.7338250097174384
GSM4138131,6,0.8727891936617708,112,22,DC_pDC,1.2015914635252691
GSM4138145,2,0.8419896024246102,109,22,cDC2_CD33,2.0263080886821685
GSM4138127,1,0.91752246545801,109,22,Mono_CD14_THBS1,1.5151028982305412
GSM4138161,6,0.8200083500434279,109,22,DC_pDC,1.2015914635252691
GSM4138152,3,0.9259931033555524,108,22,Mono_CD16,1.7338250097174384
GSM4138114,2,0.8716377548586678,107,22,cDC2_CD33,2.0263080886821685
GSM4138131,4,0.7828692758497845,105,22,Mac_CXCL9,1.231920482663954
GSM4138118,1,0.960009010920776,101,22,Mono_CD14_THBS1,1.5151028982305412
GSM4138143,2,0.7642074160285772,100,22,cDC2_CD33,2.0263080886821685
GSM4138137,7,0.7794441264601552,100,22,Mac_IL1B,1.2362540260726178
GSM4138144,1,0.9804062455377026,100,22,Mono_CD14_THBS1,1.5151028982305412
GSM4138139,4,0.7831593624527777,92,22,Mac_CXCL9,1.231920482663954
GSM4138162,3,0.95706216014321,88,22,Mono_CD16,1.7338250097174384
GSM4138121,7,0.7214465727220122,84,22,Mac_IL1B,1.2362540260726178
GSM4138144,3,0.9637738732829256,81,22,Mono_CD16,1.7338250097174384
GSM4138148,1,0.9854690038786867,80,22,Mono_CD14_THBS1,1.5151028982305412
GSM4138156,2,0.9082190846018356,79,22,cDC2_CD33,2.0263080886821685
GSM4138160,2,0.8962190562715225,78,22,cDC2_CD33,2.0263080886821685
GSM4138124,3,0.9504180670844616,78,22,Mono_CD16,1.7338250097174384
GSM4138137,17,0.8562592504072395,77,22,mregDC_LAMP3,1.1923081444874584
GSM4138139,1,0.8924969253254736,76,22,Mono_CD14_THBS1,1.5151028982305412
GSM4138114,3,0.9598024161958252,76,22,Mono_CD16,1.7338250097174384
GSM4138127,7,0.8320618434870548,76,22,Mac_IL1B,1.2362540260726178
GSM4138164,1,0.9771721966677016,75,22,Mono_CD14_THBS1,1.5151028982305412
GSM4138137,1,0.8898156212178896,75,22,Mono_CD14_THBS1,1.5151028982305412
GSM4138158,2,0.9121975609231424,75,22,cDC2_CD33,2.0263080886821685
GSM4138165,2,0.8680348009815096,74,22,cDC2_CD33,2.0263080886821685
GSM4138141,6,0.8972796546568612,73,22,DC_pDC,1.2015914635252691
GSM4138139,2,0.8235322344172651,73,22,cDC2_CD33,2.0263080886821685
GSM4138150,2,0.9078984844412455,73,22,cDC2_CD33,2.0263080886821685
GSM4138150,1,0.9709832606920336,72,22,Mono_CD14_THBS1,1.5151028982305412
GSM4138146,2,0.8795607718040078,72,22,cDC2_CD33,2.0263080886821685
GSM4138125,1,0.936401466540653,71,22,Mono_CD14_THBS1,1.5151028982305412
GSM4138133,4,0.760228972011453,71,22,Mac_CXCL9,1.231920482663954
GSM4138161,2,0.8097129727381718,70,22,cDC2_CD33,2.0263080886821685
GSM4138124,2,0.9161137184233534,70,22,cDC2_CD33,2.0263080886821685
GSM4138111,2,0.8035102689890903,68,22,cDC2_CD33,2.0263080886821685
GSM4138111,6,0.8856442608645018,67,22,DC_pDC,1.2015914635252691
GSM4138161,1,0.9167481975720486,67,22,Mono_CD14_THBS1,1.5151028982305412
GSM4138167,3,0.9628409076016068,65,22,Mono_CD16,1.7338250097174384
GSM4138112,2,0.891588687374423,64,22,cDC2_CD33,2.0263080886821685
GSM4138131,15,0.7977425222965138,63,22,mregDC_LAMP3,1.2833465134778694
GSM4138145,10,0.8403892579660253,62,22,cDC1_CLEC9A,1.3594656207122782
GSM4138135,2,0.8945067211986216,61,22,cDC2_CD33,2.0263080886821685
GSM4138133,2,0.867349256408771,61,22,cDC2_CD33,2.0263080886821685
GSM4138117,4,0.8041308804867029,61,22,Mac_CXCL9,1.231920482663954
GSM4138127,9,0.7133957308178984,59,22,Mac_CXCL9,1.1949711543339274
GSM4138139,16,0.954392453358975,59,22,Mast,1.2202053185194814
GSM4138135,1,0.9474746794488778,58,22,Mono_CD14_THBS1,1.5151028982305412
GSM4138129,2,0.8185235254587202,58,22,cDC2_CD33,2.0263080886821685
GSM4138139,8,0.7859827250657062,58,22,Mac_SPP1,1.255279297113983
GSM4138148,2,0.8614667261193117,57,22,cDC2_CD33,2.0263080886821685
GSM4138111,9,0.6957678908131016,56,22,Mac_CXCL9,1.1949711543339274
GSM4138155,8,0.7233718718850776,56,22,Mac_SPP1,1.255279297113983
GSM4138141,4,0.8125662469794028,56,22,Mac_CXCL9,1.231920482663954
GSM4138115,2,0.864039552367242,55,22,cDC2_CD33,2.0263080886821685
GSM4138131,2,0.9044766604210565,53,22,cDC2_CD33,2.0263080886821685
GSM4138133,9,0.7604209715679704,53,22,Mac_CXCL9,1.1949711543339274
GSM4138117,11,0.741925362169239,52,22,Mac_CXCL9,1.1935007039551226
GSM4138155,2,0.8281532527193229,52,22,cDC2_CD33,2.0263080886821685
GSM4138155,6,0.822255839416768,52,22,DC_pDC,1.2015914635252691
GSM4138141,15,0.8402272376229935,51,22,mregDC_LAMP3,1.2833465134778694
GSM4138126,3,0.9777873896034164,51,22,Mono_CD16,1.7338250097174384
GSM4138127,11,0.7933031333888655,51,22,Mac_CXCL9,1.1935007039551226
GSM4138160,3,0.9478860898075104,50,22,Mono_CD16,1.7338250097174384
GSM4138143,1,0.9053319999445774,50,22,Mono_CD14_THBS1,1.5151028982305412
GSM4138129,1,0.9400891052785688,49,22,Mono_CD14_THBS1,1.5151028982305412
GSM4138164,2,0.8579350476024533,49,22,cDC2_CD33,2.0263080886821685
GSM4138123,6,0.9006334149339715,49,22,DC_pDC,1.2015914635252691
GSM4138125,2,0.8325480443610084,48,22,cDC2_CD33,2.0263080886821685
GSM4138119,5,0.7212553384656701,47,22,cDC2_CD1C,1.3175294795078782
GSM4138143,6,0.8663886831149841,46,22,DC_pDC,1.2015914635252691
GSM4138145,14,0.6813682602240828,46,22,cDC2_CD1C,1.1864509190959969
GSM4138123,9,0.6674131934687508,46,22,Mac_CXCL9,1.1949711543339274
GSM4138145,5,0.8908779632954379,46,22,cDC2_CD1C,1.3175294795078782
GSM4138141,3,0.9386253073950094,45,22,Mono_CD16,1.7338250097174384
GSM4138145,6,0.9147704153933428,45,22,DC_pDC,1.2015914635252691
GSM4138131,7,0.8169793917638448,45,22,Mac_IL1B,1.2362540260726178
GSM4138150,3,0.9695023380667552,44,22,Mono_CD16,1.7338250097174384
GSM4138143,15,0.8351988233100984,42,22,mregDC_LAMP3,1.2833465134778694
GSM4138137,8,0.8060080737839049,41,22,Mac_SPP1,1.255279297113983
GSM4138148,3,0.9639092624885208,41,22,Mono_CD16,1.7338250097174384
GSM4138127,12,0.8567975843277789,41,22,Mono_TIL,1.2719568216343458
GSM4138125,4,0.8489476328081179,41,22,Mac_CXCL9,1.231920482663954
GSM4138131,9,0.7113424853183925,40,22,Mac_CXCL9,1.1949711543339274
GSM4138161,14,0.687785756820758,40,22,cDC2_CD1C,1.1864509190959969
GSM4138137,2,0.9200395451806966,38,22,cDC2_CD33,2.0263080886821685
GSM4138154,3,0.9324960311925216,37,22,Mono_CD16,1.7338250097174384
GSM4138157,2,0.8730797272305393,36,22,cDC2_CD33,2.0263080886821685
GSM4138111,3,0.9346955271499724,35,22,Mono_CD16,1.7338250097174384
GSM4138135,17,0.935926186555776,35,22,mregDC_LAMP3,1.1923081444874584
GSM4138125,13,0.8138599824007604,35,22,Mac_SPP1,1.3890541137737462
GSM4138123,7,0.8466747943597345,34,22,Mac_IL1B,1.2362540260726178
GSM4138121,1,0.8692539823867491,34,22,Mono_CD14_THBS1,1.5151028982305412
GSM4138163,3,0.983471675597566,34,22,Mono_CD16,1.7338250097174384
GSM4138113,6,0.8917952455170237,34,22,DC_pDC,1.2015914635252691
GSM4138161,7,0.8738270608620392,33,22,Mac_IL1B,1.2362540260726178
GSM4138129,4,0.8631177493054079,33,22,Mac_CXCL9,1.231920482663954
GSM4138155,4,0.8377838347088374,33,22,Mac_CXCL9,1.231920482663954
GSM4138147,6,0.8610042948818039,32,22,DC_pDC,1.2015914635252691
GSM4138137,11,0.7813755607566499,32,22,Mac_CXCL9,1.1935007039551226
GSM4138129,7,0.8266597114232669,32,22,Mac_IL1B,1.2362540260726178
GSM4138131,1,0.9434530031034158,32,22,Mono_CD14_THBS1,1.5151028982305412
GSM4138143,16,0.9499099441330964,31,22,Mast,1.2202053185194814
GSM4138113,2,0.8565424800760769,31,22,cDC2_CD33,2.0263080886821685
GSM4138129,8,0.8409635324879114,31,22,Mac_SPP1,1.255279297113983
GSM4138141,14,0.780125498277459,31,22,cDC2_CD1C,1.1864509190959969
GSM4138141,12,0.8884220539168598,31,22,Mono_TIL,1.2719568216343458
GSM4138164,3,0.9455093594423634,31,22,Mono_CD16,1.7338250097174384
GSM4138117,2,0.8744227201572947,31,22,cDC2_CD33,2.0263080886821685
GSM4138120,3,0.9382794840344514,30,22,Mono_CD16,1.7338250097174384
GSM4138139,9,0.7694114246403588,30,22,Mac_CXCL9,1.1949711543339274
GSM4138111,1,0.8551967745116639,30,22,Mono_CD14_THBS1,1.5151028982305412
GSM4138141,9,0.7211305208859489,30,22,Mac_CXCL9,1.1949711543339274
GSM4138127,6,0.9158744103568628,29,22,DC_pDC,1.2015914635252691
GSM4138135,15,0.9292739378036524,29,22,mregDC_LAMP3,1.2833465134778694
GSM4138131,3,0.9405451860404004,28,22,Mono_CD16,1.7338250097174384
GSM4138111,16,0.8570514282209254,28,22,Mast,1.2202053185194814
GSM4138159,1,0.9602587076880515,27,22,Mono_CD14_THBS1,1.5151028982305412
GSM4138145,7,0.911937715010774,27,22,Mac_IL1B,1.2362540260726178
GSM4138145,3,0.9517258071760316,27,22,Mono_CD16,1.7338250097174384
GSM4138129,6,0.9522192501682016,25,22,DC_pDC,1.2015914635252691
GSM4138113,1,0.93919883590654,25,22,Mono_CD14_THBS1,1.5151028982305412
GSM4138158,3,0.9830864972394,24,22,Mono_CD16,1.7338250097174384
GSM4138123,2,0.9084128841021542,24,22,cDC2_CD33,2.0263080886821685
GSM4138112,6,0.960475000321927,24,22,DC_pDC,1.2015914635252691
GSM4138155,15,0.853798215465872,24,22,mregDC_LAMP3,1.2833465134778694
GSM4138127,19,0.9401290714402372,24,22,Mac_SPP1,1.285495415730431
GSM4138160,6,0.9637168406872292,23,22,DC_pDC,1.2015914635252691
GSM4138135,9,0.8320152528953894,23,22,Mac_CXCL9,1.1949711543339274
GSM4138139,12,0.924883683067622,23,22,Mono_TIL,1.2719568216343458
GSM4138139,6,0.9333160959033334,22,22,DC_pDC,1.2015914635252691
GSM4138131,5,0.952160545996088,22,22,cDC2_CD1C,1.3175294795078782
GSM4138139,15,0.9236926261728876,22,22,mregDC_LAMP3,1.2833465134778694
GSM4138139,10,0.9284199634337992,22,22,cDC1_CLEC9A,1.3594656207122782
GSM4138135,8,0.8805030484107236,22,22,Mac_SPP1,1.255279297113983
GSM4138133,6,0.968913729778171,22,22,DC_pDC,1.2015914635252691
GSM4138123,15,0.8955322967630677,22,22,mregDC_LAMP3,1.2833465134778694
GSM4138135,16,0.9632808291710414,21,22,Mast,1.2202053185194814
GSM4138115,15,0.8842485745967884,21,22,mregDC_LAMP3,1.2833465134778694
GSM4138111,10,0.8916269158075484,20,22,cDC1_CLEC9A,1.3594656207122782
GSM4138137,9,0.8041778881092403,20,22,Mac_CXCL9,1.1949711543339274
GSM4138168,6,0.9011449212070114,20,22,DC_pDC,1.2015914635252691
GSM4138159,14,0.8542384785035873,20,22,cDC2_CD1C,1.1864509190959969
GSM4138143,14,0.8237260617227776,20,22,cDC2_CD1C,1.1864509190959969
GSM4138110,6,0.9515832936947742,20,22,DC_pDC,1.2015914635252691
GSM4138143,10,0.9108000968865644,20,22,cDC1_CLEC9A,1.3594656207122782
GSM4138141,5,0.926032349609111,20,22,cDC2_CD1C,1.3175294795078782
GSM4138155,16,0.907094647641158,20,22,Mast,1.2202053185194814
GSM4138131,11,0.8221026659350759,19,22,Mac_CXCL9,1.1935007039551226
GSM4138113,3,0.9104796591226773,19,22,Mono_CD16,1.7338250097174384
GSM4138145,15,0.9266522420033932,19,22,mregDC_LAMP3,1.2833465134778694
GSM4138123,14,0.7953450638987885,19,22,cDC2_CD1C,1.1864509190959969
GSM4138135,6,0.9277395526018996,19,22,DC_pDC,1.2015914635252691
GSM4138113,5,0.9149766309994284,19,22,cDC2_CD1C,1.3175294795078782
GSM4138128,6,0.9656038422724356,19,22,DC_pDC,1.2015914635252691
GSM4138130,6,0.947434452450576,19,22,DC_pDC,1.2015914635252691
GSM4138115,6,0.9225313235859188,19,22,DC_pDC,1.2015914635252691
GSM4138122,6,0.9656038422724356,19,22,DC_pDC,1.2015914635252691
GSM4138115,14,0.8798120272799864,19,22,cDC2_CD1C,1.1864509190959969
GSM4138143,3,0.981384114489288,18,22,Mono_CD16,1.7338250097174384
GSM4138157,1,0.9708923500767122,18,22,Mono_CD14_THBS1,1.5151028982305412
GSM4138137,14,0.8150052430324907,18,22,cDC2_CD1C,1.1864509190959969
GSM4138159,4,0.8851446108853025,18,22,Mac_CXCL9,1.231920482663954
GSM4138139,3,0.9919055167309104,18,22,Mono_CD16,1.7338250097174384
GSM4138116,3,0.9795728422442296,18,22,Mono_CD16,1.7338250097174384
GSM4138133,15,0.946008657869044,18,22,mregDC_LAMP3,1.2833465134778694
GSM4138133,14,0.8882703436865451,18,22,cDC2_CD1C,1.1864509190959969
GSM4138155,5,0.9108019951446512,18,22,cDC2_CD1C,1.3175294795078782
GSM4138119,8,0.8673730644968849,18,22,Mac_SPP1,1.255279297113983
GSM4138131,16,0.9666702146494964,18,22,Mast,1.2202053185194814
GSM4138161,11,0.8708135435837677,18,22,Mac_CXCL9,1.1935007039551226
GSM4138111,5,0.9211242673607092,17,22,cDC2_CD1C,1.3175294795078782
GSM4138157,14,0.905793467612586,17,22,cDC2_CD1C,1.1864509190959969
GSM4138143,4,0.9416551809239918,17,22,Mac_CXCL9,1.231920482663954
GSM4138143,5,0.9067510154235032,17,22,cDC2_CD1C,1.3175294795078782
GSM4138133,1,0.9569745389227132,17,22,Mono_CD14_THBS1,1.5151028982305412
GSM4138161,12,0.8724023266250296,17,22,Mono_TIL,1.2719568216343458
GSM4138157,6,0.9372135155166408,17,22,DC_pDC,1.2015914635252691
GSM4138127,2,0.9669578682490724,17,22,cDC2_CD33,2.0263080886821685
GSM4138145,4,0.9043735544314524,17,22,Mac_CXCL9,1.231920482663954
GSM4138162,6,0.9903417728935672,16,22,DC_pDC,1.2015914635252691
GSM4138137,13,0.8711750900970829,16,22,Mac_SPP1,1.3890541137737462
GSM4138131,10,0.865275187676227,16,22,cDC1_CLEC9A,1.3594656207122782
GSM4138137,15,0.9508347199820468,16,22,mregDC_LAMP3,1.2833465134778694
GSM4138133,10,0.9346747927494377,16,22,cDC1_CLEC9A,1.3594656207122782
GSM4138159,2,0.9777122693577532,16,22,cDC2_CD33,2.0263080886821685
GSM4138111,4,0.8381965878540486,16,22,Mac_CXCL9,1.231920482663954
GSM4138163,6,0.9903020421816136,16,22,DC_pDC,1.2015914635252691
GSM4138151,6,0.9660966498243028,15,22,DC_pDC,1.2015914635252691
GSM4138117,16,0.9843483876594742,15,22,Mast,1.2202053185194814
GSM4138156,6,0.9536502391004582,15,22,DC_pDC,1.2015914635252691
GSM4138155,13,0.8107040829949204,15,22,Mac_SPP1,1.3890541137737462
GSM4138116,1,0.9475027197128464,676,23,Mono_CD14_THBS1,1.4939956852883525
GSM4138134,1,0.9870472267718294,618,23,Mono_CD14_THBS1,1.4939956852883525
GSM4138156,1,0.9636194564016451,616,23,Mono_CD14_THBS1,1.4939956852883525
GSM4138126,1,0.985187350863915,570,23,Mono_CD14_THBS1,1.4939956852883525
GSM4138123,4,0.6972310558667485,416,23,Mac_CXCL9,1.2275048320697748
GSM4138120,2,0.8543731131508217,386,23,cDC2_CD33,2.0166047966107787
GSM4138160,1,0.9726675761076868,355,23,Mono_CD14_THBS1,1.4939956852883525
GSM4138142,1,0.9756308022754636,345,23,Mono_CD14_THBS1,1.4939956852883525
GSM4138134,2,0.9492284442414012,332,23,cDC2_CD33,2.0166047966107787
GSM4138110,1,0.980880570218226,318,23,Mono_CD14_THBS1,1.4939956852883525
GSM4138135,4,0.7593625490857369,310,23,Mac_CXCL9,1.2275048320697748
GSM4138138,1,0.985382837574817,294,23,Mono_CD14_THBS1,1.4939956852883525
GSM4138140,2,0.9107813104359722,292,23,cDC2_CD33,2.0166047966107787
GSM4138136,1,0.9740992509079172,289,23,Mono_CD14_THBS1,1.4939956852883525
GSM4138140,1,0.9843287900271384,287,23,Mono_CD14_THBS1,1.4939956852883525
GSM4138132,2,0.925744187264741,279,23,cDC2_CD33,2.0166047966107787
GSM4138125,11,0.7142696442390031,263,23,Mac_SPP1,1.2446514209268615
GSM4138134,3,0.973567665656386,259,23,Mono_CD16,1.7139948616465426
GSM4138146,3,0.9521691380993482,252,23,Mono_CD16,1.7139948616465426
GSM4138132,1,0.9911860164941748,243,23,Mono_CD14_THBS1,1.4939956852883525
GSM4138137,4,0.8019336842336413,237,23,Mac_CXCL9,1.2275048320697748
GSM4138165,1,0.9765779129237658,234,23,Mono_CD14_THBS1,1.4939956852883525
GSM4138122,2,0.8833125223435533,221,23,cDC2_CD33,2.0166047966107787
GSM4138128,2,0.8833125223435533,221,23,cDC2_CD33,2.0166047966107787
GSM4138130,1,0.9814661944294644,220,23,Mono_CD14_THBS1,1.4939956852883525
GSM4138156,3,0.9597756408531016,217,23,Mono_CD16,1.7139948616465426
GSM4138152,2,0.8753259027795686,215,23,cDC2_CD33,2.0166047966107787
GSM4138162,2,0.9009437683043212,210,23,cDC2_CD33,2.0166047966107787
GSM4138130,3,0.967795762667433,209,23,Mono_CD16,1.7139948616465426
GSM4138142,2,0.921427597451426,203,23,cDC2_CD33,2.0166047966107787
GSM4138122,3,0.9786469968757998,198,23,Mono_CD16,1.7139948616465426
GSM4138128,3,0.9786469968757998,198,23,Mono_CD16,1.7139948616465426
GSM4138110,2,0.9079984994810296,192,23,cDC2_CD33,2.0166047966107787
GSM4138163,1,0.9744018177690352,190,23,Mono_CD14_THBS1,1.4939956852883525
GSM4138163,2,0.90255911661602,190,23,cDC2_CD33,2.0166047966107787
GSM4138154,1,0.9647767578559984,189,23,Mono_CD14_THBS1,1.4939956852883525
GSM4138120,1,0.9428048931629815,189,23,Mono_CD14_THBS1,1.4939956852883525
GSM4138124,1,0.9788533617266276,188,23,Mono_CD14_THBS1,1.4939956852883525
GSM4138162,1,0.9794770109347634,186,23,Mono_CD14_THBS1,1.4939956852883525
GSM4138136,3,0.966694656513826,185,23,Mono_CD16,1.7139948616465426
GSM4138118,2,0.8841229528981931,184,23,cDC2_CD33,2.0166047966107787
GSM4138158,1,0.982654724120136,174,23,Mono_CD14_THBS1,1.4939956852883525
GSM4138166,1,0.9832573315532794,167,23,Mono_CD14_THBS1,1.4939956852883525
GSM4138136,2,0.89343618069242,166,23,cDC2_CD33,2.0166047966107787
GSM4138114,1,0.9754803844512272,165,23,Mono_CD14_THBS1,1.4939956852883525
GSM4138131,14,0.7669648120149918,159,23,Mono_TIL,1.286952233718362
GSM4138112,1,0.9755523653075178,157,23,Mono_CD14_THBS1,1.4939956852883525
GSM4138138,3,0.9619004905930996,155,23,Mono_CD16,1.7139948616465426
GSM4138166,2,0.8880000321408388,153,23,cDC2_CD33,2.0166047966107787
GSM4138130,2,0.914267409498835,149,23,cDC2_CD33,2.0166047966107787
GSM4138167,2,0.8615695922974992,148,23,cDC2_CD33,2.0166047966107787
GSM4138135,7,0.8668908087355595,142,23,Mac_IL1B,1.269446020185509
GSM4138166,3,0.9548097557228176,140,23,Mono_CD16,1.7139948616465426
GSM4138141,2,0.8516570644921235,139,23,cDC2_CD33,2.0166047966107787
GSM4138152,1,0.9654368317774624,138,23,Mono_CD14_THBS1,1.4939956852883525
GSM4138142,3,0.9721294614981384,137,23,Mono_CD16,1.7139948616465426
GSM4138146,1,0.974294837454716,136,23,Mono_CD14_THBS1,1.4939956852883525
GSM4138126,2,0.928706449741658,135,23,cDC2_CD33,2.0166047966107787
GSM4138155,13,0.6310608552553117,134,23,cDC2_CD1C,1.1796228176315855
GSM4138137,7,0.8093116870716451,134,23,Mac_IL1B,1.269446020185509
GSM4138165,3,0.939854743887504,130,23,Mono_CD16,1.7139948616465426
GSM4138112,3,0.94062995428867,130,23,Mono_CD16,1.7139948616465426
GSM4138154,2,0.8559956514943937,127,23,cDC2_CD33,2.0166047966107787
GSM4138128,1,0.991268963481752,125,23,Mono_CD14_THBS1,1.4939956852883525
GSM4138122,1,0.991268963481752,125,23,Mono_CD14_THBS1,1.4939956852883525
GSM4138139,7,0.832519997364023,122,23,Mac_IL1B,1.269446020185509
GSM4138138,2,0.9043379281705188,122,23,cDC2_CD33,2.0166047966107787
GSM4138155,7,0.7249601631899169,119,23,Mac_IL1B,1.269446020185509
GSM4138141,1,0.9588019050899173,117,23,Mono_CD14_THBS1,1.4939956852883525
GSM4138167,1,0.9835980231972284,116,23,Mono_CD14_THBS1,1.4939956852883525
GSM4138132,3,0.9774037596053856,116,23,Mono_CD16,1.7139948616465426
GSM4138140,3,0.9553467849199918,115,23,Mono_CD16,1.7139948616465426
GSM4138145,2,0.83771806202341,114,23,cDC2_CD33,2.0166047966107787
GSM4138144,2,0.8385706447431418,113,23,cDC2_CD33,2.0166047966107787
GSM4138110,3,0.971522009645068,112,23,Mono_CD16,1.7139948616465426
GSM4138117,1,0.8507365258797557,112,23,Mono_CD14_THBS1,1.4939956852883525
GSM4138131,6,0.8805059006911912,111,23,DC_pDC,1.1980803587751645
GSM4138161,6,0.8200083500434279,109,23,DC_pDC,1.1980803587751645
GSM4138152,3,0.9259931033555524,108,23,Mono_CD16,1.7139948616465426
GSM4138131,4,0.777100112878235,107,23,Mac_CXCL9,1.2275048320697748
GSM4138114,2,0.8718093359310999,106,23,cDC2_CD33,2.0166047966107787
GSM4138145,1,0.8865694474684513,104,23,Mono_CD14_THBS1,1.4939956852883525
GSM4138155,1,0.8746708634782665,104,23,Mono_CD14_THBS1,1.4939956852883525
GSM4138144,1,0.9804096163250128,101,23,Mono_CD14_THBS1,1.4939956852883525
GSM4138143,2,0.7630146394018957,101,23,cDC2_CD33,2.0166047966107787
GSM4138118,1,0.9599864337143936,98,23,Mono_CD14_THBS1,1.4939956852883525
GSM4138139,4,0.7853874402965373,94,23,Mac_CXCL9,1.2275048320697748
GSM4138127,7,0.8149487176366347,94,23,Mac_IL1B,1.269446020185509
GSM4138135,16,0.7625367861201419,93,23,Mac_IL1B,1.1593105501029692
GSM4138162,3,0.9568296641462748,87,23,Mono_CD16,1.7139948616465426
GSM4138144,3,0.9637738732829256,81,23,Mono_CD16,1.7139948616465426
GSM4138156,2,0.911911923748864,81,23,cDC2_CD33,2.0166047966107787
GSM4138127,1,0.9293280315061848,80,23,Mono_CD14_THBS1,1.4939956852883525
GSM4138148,1,0.9854690038786867,80,23,Mono_CD14_THBS1,1.4939956852883525
GSM4138114,3,0.9598024161958252,76,23,Mono_CD16,1.7139948616465426
GSM4138160,2,0.8966022092565209,76,23,cDC2_CD33,2.0166047966107787
GSM4138158,2,0.9098554707074176,76,23,cDC2_CD33,2.0166047966107787
GSM4138124,3,0.95514355843559,75,23,Mono_CD16,1.7139948616465426
GSM4138164,1,0.9771721966677016,75,23,Mono_CD14_THBS1,1.4939956852883525
GSM4138150,2,0.906774847905046,73,23,cDC2_CD33,2.0166047966107787
GSM4138150,1,0.9712833652098262,73,23,Mono_CD14_THBS1,1.4939956852883525
GSM4138141,6,0.8972796546568612,73,23,DC_pDC,1.1980803587751645
GSM4138165,2,0.8634012726272375,72,23,cDC2_CD33,2.0166047966107787
GSM4138139,2,0.825423655110916,72,23,cDC2_CD33,2.0166047966107787
GSM4138124,2,0.9169496978163242,71,23,cDC2_CD33,2.0166047966107787
GSM4138146,2,0.8819697056719784,71,23,cDC2_CD33,2.0166047966107787
GSM4138111,2,0.8179785417737312,70,23,cDC2_CD33,2.0166047966107787
GSM4138161,2,0.8202658842049118,70,23,cDC2_CD33,2.0166047966107787
GSM4138137,18,0.8740365834438706,68,23,mregDC_LAMP3,1.1920330381505149
GSM4138133,4,0.761651161981065,68,23,Mac_CXCL9,1.2275048320697748
GSM4138133,2,0.864141312092466,68,23,cDC2_CD33,2.0166047966107787
GSM4138125,1,0.9577229365637112,67,23,Mono_CD14_THBS1,1.4939956852883525
GSM4138111,6,0.8856442608645018,67,23,DC_pDC,1.1980803587751645
GSM4138112,2,0.8838935300801184,65,23,cDC2_CD33,2.0166047966107787
GSM4138167,3,0.9628409076016068,65,23,Mono_CD16,1.7139948616465426
GSM4138135,2,0.8908466991561778,64,23,cDC2_CD33,2.0166047966107787
GSM4138131,15,0.7977425222965138,63,23,mregDC_LAMP3,1.2800528861479443
GSM4138121,7,0.7642438489550597,62,23,Mac_IL1B,1.269446020185509
GSM4138145,10,0.8403892579660253,62,23,cDC1_CLEC9A,1.355054955614244
GSM4138117,4,0.8050377662640866,61,23,Mac_CXCL9,1.2275048320697748
GSM4138139,17,0.954392453358975,59,23,Mast,1.2181949047948406
GSM4138131,2,0.8973994891809199,59,23,cDC2_CD33,2.0166047966107787
GSM4138127,8,0.715378392073441,58,23,Mac_CXCL9,1.1917447757305204
GSM4138148,2,0.8614667261193117,57,23,cDC2_CD33,2.0166047966107787
GSM4138111,8,0.6957678908131016,56,23,Mac_CXCL9,1.1917447757305204
GSM4138115,2,0.866548075401417,56,23,cDC2_CD33,2.0166047966107787
GSM4138137,1,0.9323562600987092,55,23,Mono_CD14_THBS1,1.4939956852883525
GSM4138139,11,0.7863258929873695,55,23,Mac_SPP1,1.2446514209268615
GSM4138141,4,0.8095391463754179,54,23,Mac_CXCL9,1.2275048320697748
GSM4138161,1,0.9287852639935468,53,23,Mono_CD14_THBS1,1.4939956852883525
GSM4138133,8,0.7604209715679704,53,23,Mac_CXCL9,1.1917447757305204
GSM4138129,2,0.8321646337259073,53,23,cDC2_CD33,2.0166047966107787
GSM4138117,12,0.7430781119836489,53,23,Mac_CXCL9,1.1879475509233648
GSM4138155,6,0.822255839416768,52,23,DC_pDC,1.1980803587751645
GSM4138155,16,0.7912652579058729,51,23,Mac_IL1B,1.1593105501029692
GSM4138164,2,0.8635456369815783,51,23,cDC2_CD33,2.0166047966107787
GSM4138141,15,0.8402272376229935,51,23,mregDC_LAMP3,1.2800528861479443
GSM4138127,12,0.808186083586051,51,23,Mac_CXCL9,1.1879475509233648
GSM4138143,1,0.9053319999445774,50,23,Mono_CD14_THBS1,1.4939956852883525
GSM4138126,3,0.9774362215898914,50,23,Mono_CD16,1.7139948616465426
GSM4138155,2,0.8305123325586639,49,23,cDC2_CD33,2.0166047966107787
GSM4138160,3,0.947307500004418,49,23,Mono_CD16,1.7139948616465426
GSM4138123,6,0.9006334149339715,49,23,DC_pDC,1.1980803587751645
GSM4138145,13,0.697004117628846,49,23,cDC2_CD1C,1.1796228176315855
GSM4138139,16,0.8843941198618716,48,23,Mac_IL1B,1.1593105501029692
GSM4138123,8,0.6556756922294183,47,23,Mac_CXCL9,1.1917447757305204
GSM4138125,2,0.8328782147800915,47,23,cDC2_CD33,2.0166047966107787
GSM4138155,11,0.7309046014405406,47,23,Mac_SPP1,1.2446514209268615
GSM4138143,6,0.8663886831149841,46,23,DC_pDC,1.1980803587751645
GSM4138145,6,0.9147704153933428,45,23,DC_pDC,1.1980803587751645
GSM4138141,3,0.9372790372418178,43,23,Mono_CD16,1.7139948616465426
GSM4138150,3,0.9660426477208623,43,23,Mono_CD16,1.7139948616465426
GSM4138129,7,0.8454442995137852,42,23,Mac_IL1B,1.269446020185509
GSM4138119,5,0.7112945400989085,42,23,cDC2_CD1C,1.3151956490359633
GSM4138131,8,0.7126280435491119,42,23,Mac_CXCL9,1.1917447757305204
GSM4138143,15,0.8351988233100984,42,23,mregDC_LAMP3,1.2800528861479443
GSM4138148,3,0.9639092624885208,41,23,Mono_CD16,1.7139948616465426
GSM4138129,1,0.9557457394121734,41,23,Mono_CD14_THBS1,1.4939956852883525
GSM4138131,7,0.8406606195277817,41,23,Mac_IL1B,1.269446020185509
GSM4138125,9,0.778814213729429,41,23,Mac_SPP1,1.3914754178957265
GSM4138161,7,0.8546362173264241,40,23,Mac_IL1B,1.269446020185509
GSM4138125,4,0.8416873088575646,40,23,Mac_CXCL9,1.2275048320697748
GSM4138161,13,0.6931569435389541,39,23,cDC2_CD1C,1.1796228176315855
GSM4138154,3,0.9331964492244096,38,23,Mono_CD16,1.7139948616465426
GSM4138157,2,0.8664303455999425,36,23,cDC2_CD33,2.0166047966107787
GSM4138139,1,0.9242572779034725,35,23,Mono_CD14_THBS1,1.4939956852883525
GSM4138163,3,0.983471675597566,34,23,Mono_CD16,1.7139948616465426
GSM4138135,1,0.9570933307587526,34,23,Mono_CD14_THBS1,1.4939956852883525
GSM4138137,2,0.9138592101998158,34,23,cDC2_CD33,2.0166047966107787
GSM4138113,6,0.8917952455170237,34,23,DC_pDC,1.1980803587751645
GSM4138111,3,0.9403322996712012,34,23,Mono_CD16,1.7139948616465426
GSM4138137,12,0.763892277070138,33,23,Mac_CXCL9,1.1879475509233648
GSM4138145,5,0.9012795889890616,33,23,cDC2_CD1C,1.3151956490359633
GSM4138117,2,0.8617494986852152,33,23,cDC2_CD33,2.0166047966107787
GSM4138135,18,0.9239072589480588,33,23,mregDC_LAMP3,1.1920330381505149
GSM4138155,4,0.8568442502148341,33,23,Mac_CXCL9,1.2275048320697748
GSM4138120,3,0.9338136764818364,32,23,Mono_CD16,1.7139948616465426
GSM4138145,7,0.8978670657016568,32,23,Mac_IL1B,1.269446020185509
GSM4138129,4,0.8682133966729602,32,23,Mac_CXCL9,1.2275048320697748
GSM4138147,6,0.8800969637734649,31,23,DC_pDC,1.1980803587751645
GSM4138141,13,0.780125498277459,31,23,cDC2_CD1C,1.1796228176315855
GSM4138141,14,0.8884220539168598,31,23,Mono_TIL,1.286952233718362
GSM4138127,14,0.901481121187705,31,23,Mono_TIL,1.286952233718362
GSM4138113,2,0.8565424800760769,31,23,cDC2_CD33,2.0166047966107787
GSM4138143,17,0.9499099441330964,31,23,Mast,1.2181949047948406
GSM4138141,8,0.7211305208859489,30,23,Mac_CXCL9,1.1917447757305204
GSM4138123,7,0.9017890009047124,30,23,Mac_IL1B,1.269446020185509
GSM4138127,6,0.9158744103568628,29,23,DC_pDC,1.1980803587751645
GSM4138164,3,0.9603934258253208,29,23,Mono_CD16,1.7139948616465426
GSM4138137,11,0.8287895585906284,29,23,Mac_SPP1,1.2446514209268615
GSM4138135,15,0.9292739378036524,29,23,mregDC_LAMP3,1.2800528861479443
GSM4138139,8,0.7699456345491511,28,23,Mac_CXCL9,1.1917447757305204
GSM4138145,3,0.96598561097429,28,23,Mono_CD16,1.7139948616465426
GSM4138121,16,0.8274305243880977,28,23,Mac_IL1B,1.1593105501029692
GSM4138111,17,0.8570514282209254,28,23,Mast,1.2181949047948406
GSM4138129,11,0.83512948969753,27,23,Mac_SPP1,1.2446514209268615
GSM4138111,1,0.8889520003157987,27,23,Mono_CD14_THBS1,1.4939956852883525
GSM4138121,1,0.9082623546961044,26,23,Mono_CD14_THBS1,1.4939956852883525
GSM4138131,1,0.9177321417831832,26,23,Mono_CD14_THBS1,1.4939956852883525
GSM4138135,8,0.8049621039922947,25,23,Mac_CXCL9,1.1917447757305204
GSM4138113,1,0.93919883590654,25,23,Mono_CD14_THBS1,1.4939956852883525
GSM4138131,3,0.944818933911738,25,23,Mono_CD16,1.7139948616465426
GSM4138129,6,0.9522192501682016,25,23,DC_pDC,1.1980803587751645
GSM4138112,6,0.960475000321927,24,23,DC_pDC,1.1980803587751645
GSM4138159,7,0.9200511618365068,24,23,Mac_IL1B,1.269446020185509
GSM4138127,19,0.9401290714402372,24,23,Mac_SPP1,1.284546101399136
GSM4138127,16,0.942353785666162,24,23,Mac_IL1B,1.1593105501029692
GSM4138155,15,0.853798215465872,24,23,mregDC_LAMP3,1.2800528861479443
GSM4138158,3,0.9832198198916758,23,23,Mono_CD16,1.7139948616465426
GSM4138160,6,0.9637168406872292,23,23,DC_pDC,1.1980803587751645
GSM4138123,15,0.8955322967630677,22,23,mregDC_LAMP3,1.2800528861479443
GSM4138139,6,0.9333160959033334,22,23,DC_pDC,1.1980803587751645
GSM4138139,15,0.9236926261728876,22,23,mregDC_LAMP3,1.2800528861479443
GSM4138133,6,0.968913729778171,22,23,DC_pDC,1.1980803587751645
GSM4138135,17,0.9632808291710414,21,23,Mast,1.2181949047948406
GSM4138139,14,0.8950282542624465,21,23,Mono_TIL,1.286952233718362
GSM4138139,10,0.9346623063058004,21,23,cDC1_CLEC9A,1.355054955614244
GSM4138115,15,0.8842485745967884,21,23,mregDC_LAMP3,1.2800528861479443
GSM4138113,3,0.9079037268491386,20,23,Mono_CD16,1.7139948616465426
GSM4138111,10,0.8916269158075484,20,23,cDC1_CLEC9A,1.355054955614244
GSM4138159,13,0.8542384785035873,20,23,cDC2_CD1C,1.1796228176315855
GSM4138137,8,0.8041778881092403,20,23,Mac_CXCL9,1.1917447757305204
GSM4138110,6,0.9515832936947742,20,23,DC_pDC,1.1980803587751645
GSM4138168,6,0.9011449212070114,20,23,DC_pDC,1.1980803587751645
GSM4138143,13,0.8237260617227776,20,23,cDC2_CD1C,1.1796228176315855
GSM4138131,16,0.9209825605227548,20,23,Mac_IL1B,1.1593105501029692
GSM4138135,11,0.887136149710158,20,23,Mac_SPP1,1.2446514209268615
GSM4138135,6,0.9277395526018996,19,23,DC_pDC,1.1980803587751645
GSM4138128,6,0.9656038422724356,19,23,DC_pDC,1.1980803587751645
GSM4138145,15,0.9266522420033932,19,23,mregDC_LAMP3,1.2800528861479443
GSM4138157,7,0.9150998535403582,19,23,Mac_IL1B,1.269446020185509
GSM4138115,6,0.9225313235859188,19,23,DC_pDC,1.1980803587751645
GSM4138116,3,0.9734503046896814,19,23,Mono_CD16,1.7139948616465426
GSM4138115,13,0.8798120272799864,19,23,cDC2_CD1C,1.1796228176315855
GSM4138122,6,0.9656038422724356,19,23,DC_pDC,1.1980803587751645
GSM4138130,6,0.947434452450576,19,23,DC_pDC,1.1980803587751645
GSM4138143,10,0.9165637389801168,19,23,cDC1_CLEC9A,1.355054955614244
GSM4138123,13,0.7986812360279713,19,23,cDC2_CD1C,1.1796228176315855
GSM4138155,17,0.9304048836734372,19,23,Mast,1.2181949047948406
GSM4138143,3,0.981384114489288,18,23,Mono_CD16,1.7139948616465426
GSM4138131,17,0.9666702146494964,18,23,Mast,1.2181949047948406
GSM4138133,15,0.946008657869044,18,23,mregDC_LAMP3,1.2800528861479443
GSM4138159,4,0.8851446108853025,18,23,Mac_CXCL9,1.2275048320697748
GSM4138135,3,0.978222221568716,18,23,Mono_CD16,1.7139948616465426
GSM4138137,13,0.8150052430324907,18,23,cDC2_CD1C,1.1796228176315855
GSM4138131,12,0.8259887192678579,18,23,Mac_CXCL9,1.1879475509233648
GSM4138145,4,0.9043735544314524,17,23,Mac_CXCL9,1.2275048320697748
GSM4138139,3,1.0,17,23,Mono_CD16,1.7139948616465426
GSM4138161,14,0.8726397817203337,17,23,Mono_TIL,1.286952233718362
GSM4138161,12,0.8836963764336722,17,23,Mac_CXCL9,1.1879475509233648
GSM4138143,4,0.9416551809239918,17,23,Mac_CXCL9,1.2275048320697748
GSM4138143,5,0.9067510154235032,17,23,cDC2_CD1C,1.3151956490359633
GSM4138157,13,0.905793467612586,17,23,cDC2_CD1C,1.1796228176315855
GSM4138137,9,0.8548453095138436,17,23,Mac_SPP1,1.3914754178957265
GSM4138123,2,0.922875669179536,17,23,cDC2_CD33,2.0166047966107787
GSM4138113,5,0.9651337209242168,17,23,cDC2_CD1C,1.3151956490359633
GSM4138133,10,0.9346747927494377,16,23,cDC1_CLEC9A,1.355054955614244
GSM4138137,15,0.9508347199820468,16,23,mregDC_LAMP3,1.2800528861479443
GSM4138133,13,0.8881581353960935,16,23,cDC2_CD1C,1.1796228176315855
GSM4138127,2,0.9699359428782643,16,23,cDC2_CD33,2.0166047966107787
GSM4138119,11,0.8927854394474101,16,23,Mac_SPP1,1.2446514209268615
GSM4138157,6,0.9528870226328386,16,23,DC_pDC,1.1980803587751645
GSM4138162,6,0.9903417728935672,16,23,DC_pDC,1.1980803587751645
GSM4138155,9,0.7975480159284789,16,23,Mac_SPP1,1.3914754178957265
GSM4138163,6,0.9903020421816136,16,23,DC_pDC,1.1980803587751645
GSM4138156,6,0.9536502391004582,15,23,DC_pDC,1.1980803587751645
GSM4138137,3,1.0,15,23,Mono_CD16,1.7139948616465426
GSM4138131,10,0.9050030037576584,15,23,cDC1_CLEC9A,1.355054955614244
GSM4138131,5,0.9893216540402064,15,23,cDC2_CD1C,1.3151956490359633
GSM4138117,17,0.9843483876594742,15,23,Mast,1.2181949047948406
GSM4138151,6,0.9660966498243028,15,23,DC_pDC,1.1980803587751645
GSM4138111,4,0.8714710253435829,15,23,Mac_CXCL9,1.2275048320697748
GSM4138134,1,0.9375479955841112,1211,24,Mono_CD16,2.846761781728595
GSM4138156,1,0.8869085194564251,917,24,Mono_CD16,2.846761781728595
GSM4138126,1,0.9523197543188398,757,24,Mono_CD16,2.846761781728595
GSM4138140,1,0.9130792867491696,699,24,Mono_CD16,2.846761781728595
GSM4138116,1,0.9192491658288224,698,24,Mono_CD16,2.846761781728595
GSM4138142,1,0.8933657775963146,680,24,Mono_CD16,2.846761781728595
GSM4138136,1,0.902218372452755,639,24,Mono_CD16,2.846761781728595
GSM4138132,1,0.9240363232571004,639,24,Mono_CD16,2.846761781728595
GSM4138110,1,0.9194568918866772,622,24,Mono_CD16,2.846761781728595
GSM4138120,1,0.8339801774857254,606,24,Mono_CD16,2.846761781728595
GSM4138130,1,0.9146817704118968,580,24,Mono_CD16,2.846761781728595
GSM4138138,1,0.8916034771053397,573,24,Mono_CD16,2.846761781728595
GSM4138128,1,0.8843740567882148,544,24,Mono_CD16,2.846761781728595
GSM4138122,1,0.8843740567882148,544,24,Mono_CD16,2.846761781728595
GSM4138135,2,0.6792963106417053,499,24,Mac_CXCL9,1.8865248706208044
GSM4138123,2,0.6744379650067287,497,24,Mac_CXCL9,1.8865248706208044
GSM4138162,1,0.889705058552527,483,24,Mono_CD16,2.846761781728595
GSM4138160,1,0.90436402796529,481,24,Mono_CD16,2.846761781728595
GSM4138166,1,0.878146566513164,463,24,Mono_CD16,2.846761781728595
GSM4138152,1,0.8578195979622503,460,24,Mono_CD16,2.846761781728595
GSM4138146,1,0.8765277165986326,460,24,Mono_CD16,2.846761781728595
GSM4138165,1,0.8797257749369869,436,24,Mono_CD16,2.846761781728595
GSM4138163,1,0.9084437472719714,420,24,Mono_CD16,2.846761781728595
GSM4138137,2,0.7374183105594814,375,24,Mac_CXCL9,1.8865248706208044
GSM4138145,1,0.7275400939136047,373,24,Mono_CD16,2.846761781728595
GSM4138154,1,0.8256502423023702,358,24,Mono_CD16,2.846761781728595
GSM4138112,1,0.8689506222094523,354,24,Mono_CD16,2.846761781728595
GSM4138114,1,0.8659271931397147,349,24,Mono_CD16,2.846761781728595
GSM4138141,1,0.7700566555956325,344,24,Mono_CD16,2.846761781728595
GSM4138124,1,0.9286797788464348,340,24,Mono_CD16,2.846761781728595
GSM4138167,1,0.8946195528030005,332,24,Mono_CD16,2.846761781728595
GSM4138155,1,0.5950323685781371,332,24,Mono_CD16,2.846761781728595
GSM4138144,1,0.8395347146350346,295,24,Mono_CD16,2.846761781728595
GSM4138118,1,0.8701773167311858,290,24,Mono_CD16,2.846761781728595
GSM4138125,1,0.7154620206271601,283,24,Mono_CD16,2.846761781728595
GSM4138158,1,0.8919101711133577,272,24,Mono_CD16,2.846761781728595
GSM4138139,1,0.7064775949247076,255,24,Mono_CD16,2.846761781728595
GSM4138139,2,0.6953504971664043,218,24,Mac_CXCL9,1.8865248706208044
GSM4138125,2,0.7118811106488026,214,24,Mac_CXCL9,1.8865248706208044
GSM4138155,2,0.5698177896427778,204,24,Mac_CXCL9,1.8865248706208044
GSM4138143,1,0.7384211661035701,202,24,Mono_CD16,2.846761781728595
GSM4138135,1,0.7697788555704377,202,24,Mono_CD16,2.846761781728595
GSM4138111,1,0.7286773817135007,195,24,Mono_CD16,2.846761781728595
GSM4138127,1,0.7735717367731881,194,24,Mono_CD16,2.846761781728595
GSM4138150,1,0.8894653191086348,189,24,Mono_CD16,2.846761781728595
GSM4138161,1,0.7172134044849742,188,24,Mono_CD16,2.846761781728595
GSM4138131,5,0.7342962773432193,181,24,Mono_TIL,1.4391052891801104
GSM4138148,1,0.8315908692634104,177,24,Mono_CD16,2.846761781728595
GSM4138131,2,0.7410290149163133,165,24,Mac_CXCL9,1.8865248706208044
GSM4138137,1,0.8066487169935476,160,24,Mono_CD16,2.846761781728595
GSM4138131,1,0.774086526048434,159,24,Mono_CD16,2.846761781728595
GSM4138164,1,0.8498413236837918,155,24,Mono_CD16,2.846761781728595
GSM4138117,1,0.7802165972648833,145,24,Mono_CD16,2.846761781728595
GSM4138129,1,0.8033006402176718,129,24,Mono_CD16,2.846761781728595
GSM4138133,2,0.7200795785313584,127,24,Mac_CXCL9,1.8865248706208044
GSM4138133,1,0.784274125598165,119,24,Mono_CD16,2.846761781728595
GSM4138131,4,0.8887044478774355,106,24,DC_pDC,1.5239254688568946
GSM4138161,4,0.8429155922978616,105,24,DC_pDC,1.5239254688568946
GSM4138113,1,0.7763243178604793,102,24,Mono_CD16,2.846761781728595
GSM4138137,6,0.8320369764018988,92,24,Mac_SPP1,1.4518582993138371
GSM4138141,2,0.7645529656230976,92,24,Mac_CXCL9,1.8865248706208044
GSM4138157,1,0.7532687265603593,91,24,Mono_CD16,2.846761781728595
GSM4138117,2,0.7251921399139232,90,24,Mac_CXCL9,1.8865248706208044
GSM4138129,2,0.7400699289712003,86,24,Mac_CXCL9,1.8865248706208044
GSM4138115,1,0.8047287634136324,83,24,Mono_CD16,2.846761781728595
GSM4138121,1,0.6827756520412429,81,24,Mono_CD16,2.846761781728595
GSM4138127,3,0.69613277321537,81,24,cDC2_CD1C,1.5809991917055968
GSM4138159,1,0.7330873250321184,81,24,Mono_CD16,2.846761781728595
GSM4138141,4,0.89326491312065,70,24,DC_pDC,1.5239254688568946
GSM4138139,5,0.8020100050441165,65,24,Mono_TIL,1.4391052891801104
GSM4138111,4,0.8698182709172356,65,24,DC_pDC,1.5239254688568946
GSM4138121,2,0.6798873771354614,61,24,Mac_CXCL9,1.8865248706208044
GSM4138117,3,0.7180913155301347,61,24,cDC2_CD1C,1.5809991917055968
GSM4138139,10,0.94695658041952,60,24,Mast,1.1099917263886572
GSM4138119,1,0.7658597319456788,60,24,Mono_CD16,2.846761781728595
GSM4138123,1,0.7460602023467932,58,24,Mono_CD16,2.846761781728595
GSM4138127,5,0.836521710598544,57,24,Mono_TIL,1.4391052891801104
GSM4138143,2,0.7514001694123904,53,24,Mac_CXCL9,1.8865248706208044
GSM4138145,2,0.7513203272460305,50,24,Mac_CXCL9,1.8865248706208044
GSM4138135,6,0.8681959976819349,50,24,Mac_SPP1,1.4518582993138371
GSM4138131,7,0.8509545936016549,50,24,mregDC_LAMP3,1.4145698092412498
GSM4138123,4,0.901173566757442,46,24,DC_pDC,1.5239254688568946
GSM4138143,4,0.8686542379614236,46,24,DC_pDC,1.5239254688568946
GSM4138137,3,0.7414209362372959,46,24,cDC2_CD1C,1.5809991917055968
GSM4138155,4,0.8648075354031565,45,24,DC_pDC,1.5239254688568946
GSM4138155,8,0.671693996759055,44,24,mregDC_LAMP3,1.147643099405399
GSM4138111,2,0.7052417302590389,43,24,Mac_CXCL9,1.8865248706208044
GSM4138145,4,0.8994639718777624,42,24,DC_pDC,1.5239254688568946
GSM4138161,2,0.7522030726297002,40,24,Mac_CXCL9,1.8865248706208044
GSM4138127,2,0.7971173711892997,38,24,Mac_CXCL9,1.8865248706208044
GSM4138141,5,0.8593584093278603,36,24,Mono_TIL,1.4391052891801104
GSM4138143,7,0.838662045650043,36,24,mregDC_LAMP3,1.4145698092412498
GSM4138159,2,0.7920424960592604,35,24,Mac_CXCL9,1.8865248706208044
GSM4138131,3,0.7277094786174825,35,24,cDC2_CD1C,1.5809991917055968
GSM4138157,2,0.7486351934333613,35,24,Mac_CXCL9,1.8865248706208044
GSM4138161,3,0.7188533245401714,35,24,cDC2_CD1C,1.5809991917055968
GSM4138141,7,0.8419424996935979,33,24,mregDC_LAMP3,1.4145698092412498
GSM4138113,4,0.912485928488772,32,24,DC_pDC,1.5239254688568946
GSM4138143,10,0.9499099441330964,31,24,Mast,1.1099917263886572
GSM4138153,1,0.8063309020206825,31,24,Mono_CD16,2.846761781728595
GSM4138119,2,0.6646869835086364,30,24,Mac_CXCL9,1.8865248706208044
GSM4138147,4,0.9312231576786631,29,24,DC_pDC,1.5239254688568946
GSM4138111,10,0.8559705668702753,29,24,Mast,1.1099917263886572
GSM4138127,4,0.906578799809118,28,24,DC_pDC,1.5239254688568946
GSM4138115,2,0.8620369219617046,26,24,Mac_CXCL9,1.8865248706208044
GSM4138135,7,0.9252577495114512,26,24,mregDC_LAMP3,1.4145698092412498
GSM4138145,8,0.8231623367935383,25,24,mregDC_LAMP3,1.147643099405399
GSM4138161,5,0.8259098363631335,25,24,Mono_TIL,1.4391052891801104
GSM4138172,1,0.8789371453369063,24,24,Mono_CD16,2.846761781728595
GSM4138127,6,0.9440079587349912,24,24,Mac_SPP1,1.4518582993138371
GSM4138112,4,0.960475000321927,24,24,DC_pDC,1.5239254688568946
GSM4138129,4,0.954707442314534,24,24,DC_pDC,1.5239254688568946
GSM4138160,4,0.9637168406872292,23,24,DC_pDC,1.5239254688568946
GSM4138135,5,0.8169295216840331,23,24,Mono_TIL,1.4391052891801104
GSM4138141,8,0.8628306955775226,22,24,mregDC_LAMP3,1.147643099405399
GSM4138113,2,0.8157711202917413,22,24,Mac_CXCL9,1.8865248706208044
GSM4138155,10,0.8868842979750106,21,24,Mast,1.1099917263886572
GSM4138121,6,0.8594686926127008,21,24,Mac_SPP1,1.4518582993138371
GSM4138115,7,0.8959293962120423,21,24,mregDC_LAMP3,1.4145698092412498
GSM4138135,10,0.9632808291710414,21,24,Mast,1.1099917263886572
GSM4138127,16,0.9594561110487346,20,24,Mac_SPP1,1.1319603789959864
GSM4138151,1,0.9490662021067536,20,24,Mono_CD16,2.846761781728595
GSM4138123,7,0.9277318862108176,20,24,mregDC_LAMP3,1.4145698092412498
GSM4138168,4,0.9011449212070114,20,24,DC_pDC,1.5239254688568946
GSM4138139,4,0.950525347229094,20,24,DC_pDC,1.5239254688568946
GSM4138110,4,0.9515832936947742,20,24,DC_pDC,1.5239254688568946
GSM4138133,4,0.9722280129792088,20,24,DC_pDC,1.5239254688568946
GSM4138128,4,0.9746144436587548,19,24,DC_pDC,1.5239254688568946
GSM4138155,3,0.8174202068229118,19,24,cDC2_CD1C,1.5809991917055968
GSM4138131,8,0.8457561646243177,19,24,mregDC_LAMP3,1.147643099405399
GSM4138111,3,0.8566791826759499,19,24,cDC2_CD1C,1.5809991917055968
GSM4138122,4,0.9746144436587548,19,24,DC_pDC,1.5239254688568946
GSM4138130,4,0.947434452450576,19,24,DC_pDC,1.5239254688568946
GSM4138135,4,0.9370978128138574,18,24,DC_pDC,1.5239254688568946
GSM4138131,10,0.9666702146494964,18,24,Mast,1.1099917263886572
GSM4138171,1,0.9417133147015392,18,24,Mono_CD16,2.846761781728595
GSM4138153,2,0.8829178329239127,17,24,Mac_CXCL9,1.8865248706208044
GSM4138162,4,0.9844611143723536,17,24,DC_pDC,1.5239254688568946
GSM4138161,8,0.8336249031045124,17,24,mregDC_LAMP3,1.147643099405399
GSM4138163,4,0.9903020421816136,16,24,DC_pDC,1.5239254688568946
GSM4138145,7,0.96175139439349,16,24,mregDC_LAMP3,1.4145698092412498
GSM4138115,4,0.9465731863386734,16,24,DC_pDC,1.5239254688568946
GSM4138131,6,0.9172923238899556,16,24,Mac_SPP1,1.4518582993138371
GSM4138147,1,0.9210401790916308,16,24,Mono_CD16,2.846761781728595
GSM4138117,10,0.9843483876594742,15,24,Mast,1.1099917263886572
GSM4138137,5,0.9423019743069824,15,24,Mono_TIL,1.4391052891801104
GSM4138123,3,0.8765241559115953,15,24,cDC2_CD1C,1.5809991917055968
GSM4138151,4,0.9660966498243028,15,24,DC_pDC,1.5239254688568946
GSM4138152,4,0.962282917656284,15,24,DC_pDC,1.5239254688568946
GSM4138139,7,0.948523882410452,15,24,mregDC_LAMP3,1.4145698092412498
GSM4138143,3,0.8893816664178912,15,24,cDC2_CD1C,1.5809991917055968
GSM4138156,4,0.9536502391004582,15,24,DC_pDC,1.5239254688568946
GSM4138126,4,0.9722689775917616,433,25,DC_pDC,1.625148996429067
GSM4138120,4,0.8834681774763109,411,25,DC_pDC,1.625148996429067
GSM4138131,1,0.7230162816732881,406,25,Mono_TIL,1.9815449272650936
GSM4138156,3,0.8726704112813414,405,25,DC_pDC,1.528072460204808
GSM4138134,4,0.9504139573402268,385,25,DC_pDC,1.625148996429067
GSM4138134,3,0.9272774476156568,353,25,DC_pDC,1.528072460204808
GSM4138140,4,0.9534646102380454,294,25,DC_pDC,1.625148996429067
GSM4138116,3,0.9307352017105054,283,25,DC_pDC,1.528072460204808
GSM4138142,4,0.9332814506433312,276,25,DC_pDC,1.625148996429067
GSM4138163,4,0.9385997300044412,271,25,DC_pDC,1.625148996429067
GSM4138135,5,0.7209375324808861,270,25,Mac_IL1B,1.786099700982216
GSM4138123,2,0.6941123290072522,265,25,mregDC_LAMP3,1.8208599581950025
GSM4138152,4,0.8852340583697834,257,25,DC_pDC,1.625148996429067
GSM4138162,4,0.9341373622462956,253,25,DC_pDC,1.625148996429067
GSM4138116,2,0.8989300863147625,235,25,mregDC_LAMP3,1.8208599581950025
GSM4138165,3,0.855830964060315,227,25,DC_pDC,1.528072460204808
GSM4138145,2,0.7019191011696948,224,25,mregDC_LAMP3,1.8208599581950025
GSM4138134,2,0.934908645679052,222,25,mregDC_LAMP3,1.8208599581950025
GSM4138110,4,0.9420812653514324,214,25,DC_pDC,1.625148996429067
GSM4138122,3,0.8759015234111432,212,25,DC_pDC,1.528072460204808
GSM4138128,3,0.8759015234111432,212,25,DC_pDC,1.528072460204808
GSM4138160,3,0.8817439275612701,203,25,DC_pDC,1.528072460204808
GSM4138154,4,0.8978223743778484,203,25,DC_pDC,1.625148996429067
GSM4138141,4,0.7985692067540573,201,25,DC_pDC,1.625148996429067
GSM4138118,4,0.9016981032164966,199,25,DC_pDC,1.625148996429067
GSM4138138,4,0.9474555095416264,198,25,DC_pDC,1.625148996429067
GSM4138155,2,0.6352558633840457,196,25,mregDC_LAMP3,1.8208599581950025
GSM4138132,4,0.9546680077133676,196,25,DC_pDC,1.625148996429067
GSM4138130,4,0.906971784135684,195,25,DC_pDC,1.625148996429067
GSM4138155,5,0.6535863677628021,194,25,Mac_IL1B,1.786099700982216
GSM4138130,3,0.8994231696514504,193,25,DC_pDC,1.528072460204808
GSM4138110,3,0.8923679828251215,191,25,DC_pDC,1.528072460204808
GSM4138135,2,0.7676800017756171,189,25,mregDC_LAMP3,1.8208599581950025
GSM4138156,4,0.9466303523164036,188,25,DC_pDC,1.625148996429067
GSM4138122,4,0.9186370317901316,186,25,DC_pDC,1.625148996429067
GSM4138128,4,0.9186370317901316,186,25,DC_pDC,1.625148996429067
GSM4138136,3,0.8785568140186515,185,25,DC_pDC,1.528072460204808
GSM4138134,6,0.9512439370239176,182,25,mregDC_LAMP3,1.4203547123649105
GSM4138136,4,0.9520758786426148,182,25,DC_pDC,1.625148996429067
GSM4138112,3,0.844180090058259,180,25,DC_pDC,1.528072460204808
GSM4138146,3,0.8405855394645685,178,25,DC_pDC,1.528072460204808
GSM4138125,3,0.6976114961563507,174,25,DC_pDC,1.528072460204808
GSM4138166,4,0.9413309481255892,173,25,DC_pDC,1.625148996429067
GSM4138138,3,0.8778478351928727,170,25,DC_pDC,1.528072460204808
GSM4138136,2,0.9318231194067484,165,25,mregDC_LAMP3,1.8208599581950025
GSM4138110,2,0.9460082514395426,164,25,mregDC_LAMP3,1.8208599581950025
GSM4138140,3,0.8894826624595888,162,25,DC_pDC,1.528072460204808
GSM4138137,1,0.7674380428147611,162,25,Mono_TIL,1.9815449272650936
GSM4138167,3,0.8746664124354299,161,25,DC_pDC,1.528072460204808
GSM4138137,5,0.7492203311513628,158,25,Mac_IL1B,1.786099700982216
GSM4138142,3,0.8797547615243777,158,25,DC_pDC,1.528072460204808
GSM4138156,1,0.8989465927414095,157,25,Mono_TIL,1.9815449272650936
GSM4138156,2,0.898889458929905,154,25,mregDC_LAMP3,1.8208599581950025
GSM4138126,3,0.911315372593878,153,25,DC_pDC,1.528072460204808
GSM4138139,1,0.7138376276494705,151,25,Mono_TIL,1.9815449272650936
GSM4138124,3,0.9149753255245106,150,25,DC_pDC,1.528072460204808
GSM4138132,3,0.924447679437798,148,25,DC_pDC,1.528072460204808
GSM4138125,2,0.6862386517130394,147,25,mregDC_LAMP3,1.8208599581950025
GSM4138114,3,0.8447411419769326,146,25,DC_pDC,1.528072460204808
GSM4138155,3,0.6074969375654069,143,25,DC_pDC,1.528072460204808
GSM4138135,1,0.7368182319764407,141,25,Mono_TIL,1.9815449272650936
GSM4138160,2,0.9255879639464264,138,25,mregDC_LAMP3,1.8208599581950025
GSM4138166,3,0.8400782546390606,138,25,DC_pDC,1.528072460204808
GSM4138132,1,0.960854384477662,138,25,Mono_TIL,1.9815449272650936
GSM4138138,2,0.9216641877415056,134,25,mregDC_LAMP3,1.8208599581950025
GSM4138114,4,0.9579280444810008,134,25,DC_pDC,1.625148996429067
GSM4138139,5,0.8045819769562429,132,25,Mac_IL1B,1.786099700982216
GSM4138123,1,0.6866425974655217,130,25,Mono_TIL,1.9815449272650936
GSM4138133,2,0.7002615743404424,127,25,mregDC_LAMP3,1.8208599581950025
GSM4138137,2,0.7942614018412968,126,25,mregDC_LAMP3,1.8208599581950025
GSM4138127,1,0.8078206723731355,122,25,Mono_TIL,1.9815449272650936
GSM4138139,3,0.757780400925437,121,25,DC_pDC,1.528072460204808
GSM4138160,4,0.9099617368366772,120,25,DC_pDC,1.625148996429067
GSM4138140,6,0.9359971369662902,119,25,mregDC_LAMP3,1.4203547123649105
GSM4138143,3,0.7416537333758102,119,25,DC_pDC,1.528072460204808
GSM4138123,3,0.6805757555374574,117,25,DC_pDC,1.528072460204808
GSM4138141,1,0.7704732659820255,116,25,Mono_TIL,1.9815449272650936
GSM4138130,1,0.9440692601280326,115,25,Mono_TIL,1.9815449272650936
GSM4138141,2,0.7351204396131743,115,25,mregDC_LAMP3,1.8208599581950025
GSM4138127,5,0.8103156568274745,111,25,Mac_IL1B,1.786099700982216
GSM4138116,4,0.9560052122840268,111,25,DC_pDC,1.625148996429067
GSM4138140,2,0.906154556659419,110,25,mregDC_LAMP3,1.8208599581950025
GSM4138111,2,0.7160235645812567,107,25,mregDC_LAMP3,1.8208599581950025
GSM4138139,2,0.7846162477893841,105,25,mregDC_LAMP3,1.8208599581950025
GSM4138165,4,0.9635705967207238,104,25,DC_pDC,1.625148996429067
GSM4138142,6,0.9113996868534796,103,25,mregDC_LAMP3,1.4203547123649105
GSM4138162,3,0.8441001197661722,101,25,DC_pDC,1.528072460204808
GSM4138142,2,0.931430724239762,101,25,mregDC_LAMP3,1.8208599581950025
GSM4138158,4,0.9450040980826276,100,25,DC_pDC,1.625148996429067
GSM4138122,6,0.945503317493321,98,25,mregDC_LAMP3,1.4203547123649105
GSM4138146,4,0.9404286468003508,98,25,DC_pDC,1.625148996429067
GSM4138128,6,0.945503317493321,98,25,mregDC_LAMP3,1.4203547123649105
GSM4138167,4,0.9762037031268338,95,25,DC_pDC,1.625148996429067
GSM4138143,2,0.6612624819308567,95,25,mregDC_LAMP3,1.8208599581950025
GSM4138111,3,0.7275262465292576,94,25,DC_pDC,1.528072460204808
GSM4138166,6,0.9328824293848372,94,25,mregDC_LAMP3,1.4203547123649105
GSM4138112,4,0.8933802828406838,92,25,DC_pDC,1.625148996429067
GSM4138161,2,0.7283056863209314,92,25,mregDC_LAMP3,1.8208599581950025
GSM4138150,4,0.9309408374889316,91,25,DC_pDC,1.625148996429067
GSM4138145,3,0.7790934163659196,90,25,DC_pDC,1.528072460204808
GSM4138117,2,0.7416049839564212,89,25,mregDC_LAMP3,1.8208599581950025
GSM4138121,5,0.7288756000540999,89,25,Mac_IL1B,1.786099700982216
GSM4138146,1,0.928288743493236,87,25,Mono_TIL,1.9815449272650936
GSM4138144,4,0.9428012425697117,87,25,DC_pDC,1.625148996429067
GSM4138144,3,0.8123791641339225,87,25,DC_pDC,1.528072460204808
GSM4138144,2,0.8778573431498788,86,25,mregDC_LAMP3,1.8208599581950025
GSM4138117,3,0.7373398509981954,85,25,DC_pDC,1.528072460204808
GSM4138132,6,0.9664810250759852,84,25,mregDC_LAMP3,1.4203547123649105
GSM4138120,6,0.8845108036391813,84,25,mregDC_LAMP3,1.4203547123649105
GSM4138164,3,0.8150860069178638,83,25,DC_pDC,1.528072460204808
GSM4138117,1,0.7585459587949299,82,25,Mono_TIL,1.9815449272650936
GSM4138126,6,0.9671425103334124,81,25,mregDC_LAMP3,1.4203547123649105
GSM4138137,3,0.7432499964641406,80,25,DC_pDC,1.528072460204808
GSM4138135,3,0.8237630583098765,79,25,DC_pDC,1.528072460204808
GSM4138162,2,0.8941474821860318,78,25,mregDC_LAMP3,1.8208599581950025
GSM4138127,3,0.7521429860307253,77,25,DC_pDC,1.528072460204808
GSM4138137,10,0.8411528628118855,75,25,cDC2_CD1C,1.3394250856961492
GSM4138126,2,0.9585389194002348,75,25,mregDC_LAMP3,1.8208599581950025
GSM4138141,3,0.768983999494978,74,25,DC_pDC,1.528072460204808
GSM4138133,3,0.7385782282236235,74,25,DC_pDC,1.528072460204808
GSM4138111,4,0.8347112301973336,72,25,DC_pDC,1.625148996429067
GSM4138158,3,0.8906422055817839,72,25,DC_pDC,1.528072460204808
GSM4138145,5,0.8380384419722136,71,25,Mac_IL1B,1.786099700982216
GSM4138161,14,0.8664269745485118,71,25,DC_pDC,1.0287347372310331
GSM4138129,2,0.73435453242806,71,25,mregDC_LAMP3,1.8208599581950025
GSM4138148,4,0.9480334263199364,71,25,DC_pDC,1.625148996429067
GSM4138116,1,0.946665180833182,71,25,Mono_TIL,1.9815449272650936
GSM4138148,3,0.814910872404247,70,25,DC_pDC,1.528072460204808
GSM4138141,6,0.8192982107663462,70,25,mregDC_LAMP3,1.4203547123649105
GSM4138132,2,0.9351922620086216,69,25,mregDC_LAMP3,1.8208599581950025
GSM4138129,3,0.7673873844674434,68,25,DC_pDC,1.528072460204808
GSM4138124,2,0.9695425762848888,68,25,mregDC_LAMP3,1.8208599581950025
GSM4138124,4,0.9814982899586586,68,25,DC_pDC,1.625148996429067
GSM4138161,3,0.7376270778536262,67,25,DC_pDC,1.528072460204808
GSM4138136,6,0.9606270081185992,67,25,mregDC_LAMP3,1.4203547123649105
GSM4138131,4,0.864151868787904,67,25,DC_pDC,1.625148996429067
GSM4138123,5,0.7267829544031587,65,25,Mac_IL1B,1.786099700982216
GSM4138154,6,0.9112145679422832,65,25,mregDC_LAMP3,1.4203547123649105
GSM4138143,4,0.8263004563003387,65,25,DC_pDC,1.625148996429067
GSM4138134,1,0.9440149343849772,64,25,Mono_TIL,1.9815449272650936
GSM4138137,8,0.8476862042571486,64,25,Mac_SPP1,1.52629119961964
GSM4138146,2,0.9182873383881291,64,25,mregDC_LAMP3,1.8208599581950025
GSM4138152,3,0.7999500988424901,63,25,DC_pDC,1.528072460204808
GSM4138152,6,0.930633861844715,63,25,mregDC_LAMP3,1.4203547123649105
GSM4138125,4,0.8409219738112946,62,25,DC_pDC,1.625148996429067
GSM4138118,6,0.9376186621526672,62,25,mregDC_LAMP3,1.4203547123649105
GSM4138113,4,0.7975369218667973,62,25,DC_pDC,1.625148996429067
GSM4138131,2,0.7376054385945274,62,25,mregDC_LAMP3,1.8208599581950025
GSM4138154,3,0.7679255833935699,61,25,DC_pDC,1.528072460204808
GSM4138139,7,0.94695658041952,60,25,Mast,2.227527258889028
GSM4138161,4,0.8168599398044433,60,25,DC_pDC,1.625148996429067
GSM4138163,2,0.9278491355189176,59,25,mregDC_LAMP3,1.8208599581950025
GSM4138165,2,0.930290274631464,58,25,mregDC_LAMP3,1.8208599581950025
GSM4138161,1,0.7479887383292754,57,25,Mono_TIL,1.9815449272650936
GSM4138158,2,0.9570253899459052,56,25,mregDC_LAMP3,1.8208599581950025
GSM4138163,3,0.8648050072632889,56,25,DC_pDC,1.528072460204808
GSM4138120,1,0.8923930456697504,56,25,Mono_TIL,1.9815449272650936
GSM4138133,1,0.7752063641904408,55,25,Mono_TIL,1.9815449272650936
GSM4138122,2,0.8991664868549611,51,25,mregDC_LAMP3,1.8208599581950025
GSM4138128,2,0.8991664868549611,51,25,mregDC_LAMP3,1.8208599581950025
GSM4138120,3,0.841016303041616,51,25,DC_pDC,1.528072460204808
GSM4138166,2,0.8936799089319071,51,25,mregDC_LAMP3,1.8208599581950025
GSM4138130,2,0.9339385738030964,50,25,mregDC_LAMP3,1.8208599581950025
GSM4138124,1,0.9713231308884228,49,25,Mono_TIL,1.9815449272650936
GSM4138131,6,0.8234507228889976,49,25,mregDC_LAMP3,1.4203547123649105
GSM4138125,1,0.7327840200766125,49,25,Mono_TIL,1.9815449272650936
GSM4138161,5,0.7798140272040767,49,25,Mac_IL1B,1.786099700982216
GSM4138145,4,0.9086903347798256,48,25,DC_pDC,1.625148996429067
GSM4138150,6,0.940137905615336,48,25,mregDC_LAMP3,1.4203547123649105
GSM4138129,5,0.8124831856012004,48,25,Mac_IL1B,1.786099700982216
GSM4138112,6,0.9318394113263287,48,25,mregDC_LAMP3,1.4203547123649105
GSM4138131,5,0.8292158321118831,48,25,Mac_IL1B,1.786099700982216
GSM4138138,6,0.9735299077573314,47,25,mregDC_LAMP3,1.4203547123649105
GSM4138110,6,0.97734243137665,47,25,mregDC_LAMP3,1.4203547123649105
GSM4138131,3,0.8015286134434454,47,25,DC_pDC,1.528072460204808
GSM4138114,2,0.941123769406827,46,25,mregDC_LAMP3,1.8208599581950025
GSM4138155,1,0.7626908776744523,46,25,Mono_TIL,1.9815449272650936
GSM4138152,2,0.9028163923823016,46,25,mregDC_LAMP3,1.8208599581950025
GSM4138163,6,0.9530290186384508,46,25,mregDC_LAMP3,1.4203547123649105
GSM4138162,6,0.9580240156120504,45,25,mregDC_LAMP3,1.4203547123649105
GSM4138157,3,0.7758438729356057,44,25,DC_pDC,1.528072460204808
GSM4138150,3,0.8727255765588897,44,25,DC_pDC,1.528072460204808
GSM4138159,3,0.7429657419977911,44,25,DC_pDC,1.528072460204808
GSM4138130,6,0.9700169098127628,41,25,mregDC_LAMP3,1.4203547123649105
GSM4138113,3,0.792282797742676,40,25,DC_pDC,1.528072460204808
GSM4138146,6,0.9351260253873254,40,25,mregDC_LAMP3,1.4203547123649105
GSM4138112,2,0.9502871903606152,39,25,mregDC_LAMP3,1.8208599581950025
GSM4138115,2,0.7923255458955684,39,25,mregDC_LAMP3,1.8208599581950025
GSM4138115,3,0.8328838662894726,39,25,DC_pDC,1.528072460204808
GSM4138142,1,0.948138027880745,39,25,Mono_TIL,1.9815449272650936
GSM4138167,2,0.9481258326766832,38,25,mregDC_LAMP3,1.8208599581950025
GSM4138135,6,0.8288458773569727,38,25,mregDC_LAMP3,1.4203547123649105
GSM4138164,4,0.9740313352811502,38,25,DC_pDC,1.625148996429067
GSM4138127,2,0.8066074400517697,38,25,mregDC_LAMP3,1.8208599581950025
GSM4138152,1,0.9209513563658274,38,25,Mono_TIL,1.9815449272650936
GSM4138155,4,0.8822377418909413,38,25,DC_pDC,1.625148996429067
GSM4138131,14,0.8850876842479196,37,25,DC_pDC,1.0287347372310331
GSM4138135,10,0.8654959951928964,37,25,cDC2_CD1C,1.3394250856961492
GSM4138159,2,0.8106065936319465,37,25,mregDC_LAMP3,1.8208599581950025
GSM4138145,1,0.856362734698417,35,25,Mono_TIL,1.9815449272650936
GSM4138135,4,0.8438343019708876,34,25,DC_pDC,1.625148996429067
GSM4138167,6,0.9738746500133966,34,25,mregDC_LAMP3,1.4203547123649105
GSM4138158,6,0.992483230500309,34,25,mregDC_LAMP3,1.4203547123649105
GSM4138143,7,0.9396416592076504,32,25,Mast,2.227527258889028
GSM4138155,14,0.8663045090072656,32,25,DC_pDC,1.0287347372310331
GSM4138143,6,0.8741247859578488,32,25,mregDC_LAMP3,1.4203547123649105
GSM4138117,10,0.8005698943062295,32,25,cDC2_CD1C,1.3394250856961492
GSM4138144,6,0.955381904519824,31,25,mregDC_LAMP3,1.4203547123649105
GSM4138123,4,0.8213209138977388,31,25,DC_pDC,1.625148996429067
GSM4138165,6,0.9479288323985144,31,25,mregDC_LAMP3,1.4203547123649105
GSM4138119,5,0.7985239801423953,30,25,Mac_IL1B,1.786099700982216
GSM4138119,2,0.6795592841467384,30,25,mregDC_LAMP3,1.8208599581950025
GSM4138111,7,0.8494515226370922,30,25,Mast,2.227527258889028
GSM4138157,1,0.8889622355412767,29,25,Mono_TIL,1.9815449272650936
GSM4138136,1,1.0,29,25,Mono_TIL,1.9815449272650936
GSM4138129,4,0.9618938055993512,29,25,DC_pDC,1.625148996429067
GSM4138138,1,0.9754730965159218,27,25,Mono_TIL,1.9815449272650936
GSM4138139,6,0.9010465264314536,27,25,mregDC_LAMP3,1.4203547123649105
GSM4138145,14,0.9249746873596708,26,25,DC_pDC,1.0287347372310331
GSM4138135,8,0.9115411009903316,26,25,Mac_SPP1,1.52629119961964
GSM4138148,2,0.9099766935233976,26,25,mregDC_LAMP3,1.8208599581950025
GSM4138139,4,0.9304272152960296,25,25,DC_pDC,1.625148996429067
GSM4138121,1,0.8127022013420077,25,25,Mono_TIL,1.9815449272650936
GSM4138111,6,0.8300803271490893,25,25,mregDC_LAMP3,1.4203547123649105
GSM4138113,2,0.8296510537455487,25,25,mregDC_LAMP3,1.8208599581950025
GSM4138133,4,0.9192646540945004,25,25,DC_pDC,1.625148996429067
GSM4138115,1,0.8367679585697594,25,25,Mono_TIL,1.9815449272650936
GSM4138154,2,0.8300050674607682,24,25,mregDC_LAMP3,1.8208599581950025
GSM4138156,6,0.975796516556088,24,25,mregDC_LAMP3,1.4203547123649105
GSM4138127,13,0.888762626591084,24,25,Mac_SPP1,1.3532994402024698
GSM4138114,6,0.9820330059408416,22,25,mregDC_LAMP3,1.4203547123649105
GSM4138160,1,0.9624861419755668,22,25,Mono_TIL,1.9815449272650936
GSM4138162,1,0.9630412582666992,22,25,Mono_TIL,1.9815449272650936
GSM4138164,2,0.9623292018633376,22,25,mregDC_LAMP3,1.8208599581950025
GSM4138157,2,0.9186000934088128,22,25,mregDC_LAMP3,1.8208599581950025
GSM4138137,6,0.9591316520808818,22,25,mregDC_LAMP3,1.4203547123649105
GSM4138159,5,0.9263407285993104,22,25,Mac_IL1B,1.786099700982216
GSM4138121,2,0.8357775367309882,21,25,mregDC_LAMP3,1.8208599581950025
GSM4138123,6,0.8613496315417228,21,25,mregDC_LAMP3,1.4203547123649105
GSM4138135,7,0.9632808291710414,21,25,Mast,2.227527258889028
GSM4138153,2,0.8413661127296461,21,25,mregDC_LAMP3,1.8208599581950025
GSM4138127,8,0.9272867606558002,21,25,Mac_SPP1,1.52629119961964
GSM4138127,6,0.9223064025989228,21,25,mregDC_LAMP3,1.4203547123649105
GSM4138165,1,0.9611900395144152,21,25,Mono_TIL,1.9815449272650936
GSM4138147,3,0.9033438299081876,20,25,DC_pDC,1.528072460204808
GSM4138155,7,0.907094647641158,20,25,Mast,2.227527258889028
GSM4138117,4,0.9393275233430176,20,25,DC_pDC,1.625148996429067
GSM4138157,5,0.924373325027583,20,25,Mac_IL1B,1.786099700982216
GSM4138111,14,0.943602572486797,20,25,DC_pDC,1.0287347372310331
GSM4138125,6,0.8644982339783774,19,25,mregDC_LAMP3,1.4203547123649105
GSM4138125,9,0.8291534931725415,19,25,Mac_SPP1,1.901132795755668
GSM4138137,4,0.9425693582307132,19,25,DC_pDC,1.625148996429067
GSM4138119,4,0.921841260242018,19,25,DC_pDC,1.625148996429067
GSM4138143,1,0.8772196201798453,19,25,Mono_TIL,1.9815449272650936
GSM4138141,14,0.9348011172770516,19,25,DC_pDC,1.0287347372310331
GSM4138125,5,0.8524981568381073,18,25,Mac_IL1B,1.786099700982216
GSM4138123,14,0.9577296959327526,18,25,DC_pDC,1.0287347372310331
GSM4138131,7,0.9666702146494964,18,25,Mast,2.227527258889028
GSM4138112,1,0.9469032741030976,18,25,Mono_TIL,1.9815449272650936
GSM4138143,14,0.947285831786802,17,25,DC_pDC,1.0287347372310331
GSM4138115,8,0.9887064314091404,16,25,Mac_SPP1,1.52629119961964
GSM4138127,14,0.9563930210882828,16,25,DC_pDC,1.0287347372310331
GSM4138151,3,0.9539802301091024,16,25,DC_pDC,1.528072460204808
GSM4138140,1,0.9825679964061588,15,25,Mono_TIL,1.9815449272650936
GSM4138172,3,0.9171478667259444,15,25,DC_pDC,1.528072460204808
GSM4138110,1,0.982126179526919,15,25,Mono_TIL,1.9815449272650936
GSM4138157,4,1.0,15,25,DC_pDC,1.625148996429067
GSM4138153,4,0.8973482626393123,15,25,DC_pDC,1.625148996429067
GSM4138111,5,0.9085346290923024,15,25,Mac_IL1B,1.786099700982216
GSM4138145,6,0.988980151416365,15,25,mregDC_LAMP3,1.4203547123649105
GSM4138159,1,0.9341129397191272,15,25,Mono_TIL,1.9815449272650936
GSM4138117,7,0.9843483876594742,15,25,Mast,2.227527258889028
GSM4138155,6,0.9287266045880526,15,25,mregDC_LAMP3,1.4203547123649105
GSM4138147,4,0.9534838140079016,15,25,DC_pDC,1.625148996429067
GSM4138148,6,0.973411767898594,15,25,mregDC_LAMP3,1.4203547123649105
GSM4138127,4,0.9201122269383372,15,25,DC_pDC,1.625148996429067
GSM4138121,4,0.9384525598680706,15,25,DC_pDC,1.625148996429067
GSM4138126,2,0.9734281456904268,532,26,DC_pDC,1.4100527516027224
GSM4138134,2,0.9451708044163816,530,26,DC_pDC,1.4100527516027224
GSM4138135,1,0.676648419125715,521,26,DC_pDC,1.4930339160152597
GSM4138116,1,0.90911998141755,519,26,DC_pDC,1.4930339160152597
GSM4138123,1,0.6411403311254482,517,26,DC_pDC,1.4930339160152597
GSM4138137,1,0.7341863689807848,453,26,DC_pDC,1.4930339160152597
GSM4138155,1,0.5631031425858677,447,26,DC_pDC,1.4930339160152597
GSM4138156,1,0.8696416159039579,441,26,DC_pDC,1.4930339160152597
GSM4138139,1,0.6767349621595381,373,26,DC_pDC,1.4930339160152597
GSM4138131,1,0.6727021995479134,349,26,DC_pDC,1.4930339160152597
GSM4138120,4,0.8781324294706895,346,26,DC_pDC,1.182821320320144
GSM4138134,4,0.9539720225211978,344,26,DC_pDC,1.182821320320144
GSM4138156,2,0.93037137016607,337,26,DC_pDC,1.4100527516027224
GSM4138130,2,0.9176753566803652,333,26,DC_pDC,1.4100527516027224
GSM4138125,1,0.6938420738872443,323,26,DC_pDC,1.4930339160152597
GSM4138145,1,0.6803450089072728,318,26,DC_pDC,1.4930339160152597
GSM4138140,2,0.94959193472288,318,26,DC_pDC,1.4100527516027224
GSM4138132,2,0.9523355719586808,315,26,DC_pDC,1.4100527516027224
GSM4138134,1,0.9204655561552388,314,26,DC_pDC,1.4930339160152597
GSM4138136,1,0.8815083480039255,298,26,DC_pDC,1.4930339160152597
GSM4138160,1,0.8820412571633245,296,26,DC_pDC,1.4930339160152597
GSM4138142,2,0.937450933949576,290,26,DC_pDC,1.4100527516027224
GSM4138127,1,0.6908107975342553,277,26,DC_pDC,1.4930339160152597
GSM4138110,1,0.8996180573491844,274,26,DC_pDC,1.4930339160152597
GSM4138161,1,0.6235270159367976,264,26,DC_pDC,1.4930339160152597
GSM4138162,2,0.9228795588379316,260,26,DC_pDC,1.4100527516027224
GSM4138163,2,0.9271454723784848,254,26,DC_pDC,1.4100527516027224
GSM4138110,2,0.9462302457363904,250,26,DC_pDC,1.4100527516027224
GSM4138117,1,0.6856671394197591,249,26,DC_pDC,1.4930339160152597
GSM4138146,1,0.8716481991331032,244,26,DC_pDC,1.4930339160152597
GSM4138128,2,0.9269370989943388,241,26,DC_pDC,1.4100527516027224
GSM4138122,2,0.9269370989943388,241,26,DC_pDC,1.4100527516027224
GSM4138165,2,0.9318253952788892,238,26,DC_pDC,1.4100527516027224
GSM4138131,4,0.7060869725968872,236,26,DC_pDC,1.182821320320144
GSM4138152,4,0.8942251083424371,231,26,DC_pDC,1.182821320320144
GSM4138138,1,0.8806986344727554,231,26,DC_pDC,1.4930339160152597
GSM4138141,4,0.7155171787081653,221,26,DC_pDC,1.182821320320144
GSM4138140,4,0.9381169131533036,219,26,DC_pDC,1.182821320320144
GSM4138138,2,0.9381007302803052,218,26,DC_pDC,1.4100527516027224
GSM4138141,1,0.6624630678428589,211,26,DC_pDC,1.4930339160152597
GSM4138142,4,0.9108132906200233,211,26,DC_pDC,1.182821320320144
GSM4138114,2,0.930569849953748,196,26,DC_pDC,1.4100527516027224
GSM4138166,2,0.9406549787222752,190,26,DC_pDC,1.4100527516027224
GSM4138132,4,0.954930410259161,190,26,DC_pDC,1.182821320320144
GSM4138128,1,0.8700675213220681,185,26,DC_pDC,1.4930339160152597
GSM4138122,1,0.8700675213220681,185,26,DC_pDC,1.4930339160152597
GSM4138136,2,0.970845085681879,181,26,DC_pDC,1.4100527516027224
GSM4138118,4,0.912407077483332,180,26,DC_pDC,1.182821320320144
GSM4138167,2,0.9598141556451308,179,26,DC_pDC,1.4100527516027224
GSM4138133,1,0.7030939415304703,178,26,DC_pDC,1.4930339160152597
GSM4138129,1,0.7074573390777807,177,26,DC_pDC,1.4930339160152597
GSM4138143,1,0.6532995911894959,177,26,DC_pDC,1.4930339160152597
GSM4138111,1,0.6687301339438007,173,26,DC_pDC,1.4930339160152597
GSM4138142,1,0.8763577364006349,172,26,DC_pDC,1.4930339160152597
GSM4138112,2,0.8726379252318395,169,26,DC_pDC,1.4100527516027224
GSM4138126,4,0.9340626475765512,164,26,DC_pDC,1.182821320320144
GSM4138135,4,0.6940862012098572,162,26,DC_pDC,1.182821320320144
GSM4138140,1,0.8849719966650986,161,26,DC_pDC,1.4930339160152597
GSM4138124,1,0.9143360339604466,159,26,DC_pDC,1.4930339160152597
GSM4138154,4,0.913336095610842,152,26,DC_pDC,1.182821320320144
GSM4138116,2,0.9650501612794864,152,26,DC_pDC,1.4100527516027224
GSM4138141,2,0.8468689079508422,150,26,DC_pDC,1.4100527516027224
GSM4138160,2,0.9348466748506016,150,26,DC_pDC,1.4100527516027224
GSM4138162,4,0.9288444639345216,149,26,DC_pDC,1.182821320320144
GSM4138120,1,0.8244537171518831,148,26,DC_pDC,1.4930339160152597
GSM4138124,2,0.967582628099314,141,26,DC_pDC,1.4100527516027224
GSM4138156,4,0.92900424640696,140,26,DC_pDC,1.182821320320144
GSM4138136,4,0.9426414766663114,139,26,DC_pDC,1.182821320320144
GSM4138166,4,0.9317545049879452,138,26,DC_pDC,1.182821320320144
GSM4138130,4,0.9371518286012755,137,26,DC_pDC,1.182821320320144
GSM4138144,1,0.8044349711309788,135,26,DC_pDC,1.4930339160152597
GSM4138121,1,0.6263566788265377,134,26,DC_pDC,1.4930339160152597
GSM4138166,1,0.8172551596105415,133,26,DC_pDC,1.4930339160152597
GSM4138165,1,0.8569913536883237,130,26,DC_pDC,1.4930339160152597
GSM4138132,1,0.9118952214958848,126,26,DC_pDC,1.4930339160152597
GSM4138154,1,0.7766123585121898,126,26,DC_pDC,1.4930339160152597
GSM4138112,1,0.8498353444545287,125,26,DC_pDC,1.4930339160152597
GSM4138152,2,0.9364027753026334,125,26,DC_pDC,1.4100527516027224
GSM4138163,4,0.9528409899133576,121,26,DC_pDC,1.182821320320144
GSM4138120,2,0.9135061387870432,119,26,DC_pDC,1.4100527516027224
GSM4138138,4,0.9291489128631044,119,26,DC_pDC,1.182821320320144
GSM4138146,2,0.9254986745716732,118,26,DC_pDC,1.4100527516027224
GSM4138122,4,0.9249072512666888,117,26,DC_pDC,1.182821320320144
GSM4138145,4,0.7793011058834378,117,26,DC_pDC,1.182821320320144
GSM4138128,4,0.9249072512666888,117,26,DC_pDC,1.182821320320144
GSM4138152,1,0.783353953532001,116,26,DC_pDC,1.4930339160152597
GSM4138130,1,0.9154362827900868,115,26,DC_pDC,1.4930339160152597
GSM4138137,4,0.7392022938526539,114,26,DC_pDC,1.182821320320144
GSM4138125,4,0.7422595574159996,112,26,DC_pDC,1.182821320320144
GSM4138167,1,0.8685429591947416,105,26,DC_pDC,1.4930339160152597
GSM4138110,4,0.9519767727243948,103,26,DC_pDC,1.182821320320144
GSM4138146,4,0.9211364730954116,102,26,DC_pDC,1.182821320320144
GSM4138159,1,0.6641449147214524,102,26,DC_pDC,1.4930339160152597
GSM4138111,4,0.7005235142435124,102,26,DC_pDC,1.182821320320144
GSM4138114,1,0.8341996942625065,100,26,DC_pDC,1.4930339160152597
GSM4138139,4,0.730056645899355,99,26,DC_pDC,1.182821320320144
GSM4138157,1,0.6953128824401087,98,26,DC_pDC,1.4930339160152597
GSM4138150,2,0.9254227413956008,96,26,DC_pDC,1.4100527516027224
GSM4138158,4,0.9474841035666806,96,26,DC_pDC,1.182821320320144
GSM4138115,1,0.7229183947897883,95,26,DC_pDC,1.4930339160152597
GSM4138144,4,0.9194340294974248,92,26,DC_pDC,1.182821320320144
GSM4138158,1,0.8774080686956125,91,26,DC_pDC,1.4930339160152597
GSM4138131,2,0.8451395560760886,89,26,DC_pDC,1.4100527516027224
GSM4138162,1,0.8453212723240142,88,26,DC_pDC,1.4930339160152597
GSM4138133,4,0.7547706342296879,87,26,DC_pDC,1.182821320320144
GSM4138164,2,0.9437482889457126,87,26,DC_pDC,1.4100527516027224
GSM4138155,4,0.7142888089251553,86,26,DC_pDC,1.182821320320144
GSM4138154,2,0.9051258073834292,86,26,DC_pDC,1.4100527516027224
GSM4138143,2,0.8229859214082786,84,26,DC_pDC,1.4100527516027224
GSM4138123,4,0.7466181038359174,83,26,DC_pDC,1.182821320320144
GSM4138143,4,0.7465567234624799,82,26,DC_pDC,1.182821320320144
GSM4138158,2,0.9770879149865264,80,26,DC_pDC,1.4100527516027224
GSM4138112,4,0.9177702344416934,77,26,DC_pDC,1.182821320320144
GSM4138118,2,0.9498646993218928,77,26,DC_pDC,1.4100527516027224
GSM4138148,2,0.952548513429674,73,26,DC_pDC,1.4100527516027224
GSM4138161,4,0.7285166708197599,71,26,DC_pDC,1.182821320320144
GSM4138148,1,0.8155109382963857,70,26,DC_pDC,1.4930339160152597
GSM4138144,2,0.9529612871260228,69,26,DC_pDC,1.4100527516027224
GSM4138139,5,0.8336262662722365,68,26,Mast,1.7060088407622396
GSM4138165,4,0.9414382847040708,65,26,DC_pDC,1.182821320320144
GSM4138113,4,0.7966289407266902,63,26,DC_pDC,1.182821320320144
GSM4138150,4,0.9386831939777736,62,26,DC_pDC,1.182821320320144
GSM4138119,4,0.660130988763629,62,26,DC_pDC,1.182821320320144
GSM4138137,16,0.8092062061053943,60,26,Mono_CD14_ID1,1.0112633806657656
GSM4138135,16,0.7026310754424163,58,26,Mono_CD14_ID1,1.0112633806657656
GSM4138163,1,0.8524437182591824,58,26,DC_pDC,1.4930339160152597
GSM4138111,2,0.8165833311346495,57,26,DC_pDC,1.4100527516027224
GSM4138114,4,0.9254574522070524,55,26,DC_pDC,1.182821320320144
GSM4138167,4,0.968178628963219,54,26,DC_pDC,1.182821320320144
GSM4138164,1,0.8430612178873301,53,26,DC_pDC,1.4930339160152597
GSM4138126,1,0.9473840218898544,51,26,DC_pDC,1.4930339160152597
GSM4138127,2,0.8693898269692792,50,26,DC_pDC,1.4100527516027224
GSM4138113,2,0.7990663486905865,49,26,DC_pDC,1.4100527516027224
GSM4138113,1,0.7559240061820096,47,26,DC_pDC,1.4930339160152597
GSM4138155,16,0.7094857164977251,47,26,Mono_CD14_ID1,1.0112633806657656
GSM4138161,2,0.8203904389066344,46,26,DC_pDC,1.4100527516027224
GSM4138145,2,0.9384121101484388,45,26,DC_pDC,1.4100527516027224
GSM4138157,4,0.7785992407403488,43,26,DC_pDC,1.182821320320144
GSM4138127,4,0.7981297727813652,42,26,DC_pDC,1.182821320320144
GSM4138125,2,0.9792503738673368,41,26,DC_pDC,1.4100527516027224
GSM4138150,1,0.8913986687585701,37,26,DC_pDC,1.4930339160152597
GSM4138155,18,0.7400294794769909,36,26,cDC2_CD1C,1.004246493032941
GSM4138118,1,0.8425746568595215,35,26,DC_pDC,1.4930339160152597
GSM4138148,4,0.9357066846461684,35,26,DC_pDC,1.182821320320144
GSM4138139,16,0.769734724412539,33,26,Mono_CD14_ID1,1.0112633806657656
GSM4138143,5,0.9362147260543388,33,26,Mast,1.7060088407622396
GSM4138147,1,0.7430627457197132,32,26,DC_pDC,1.4930339160152597
GSM4138160,4,0.9827102692478332,32,26,DC_pDC,1.182821320320144
GSM4138129,4,0.8736779349581592,31,26,DC_pDC,1.182821320320144
GSM4138137,18,0.8647666733271537,31,26,cDC2_CD1C,1.004246493032941
GSM4138127,18,0.90680371351824,31,26,cDC2_CD1C,1.004246493032941
GSM4138153,1,0.7418755195865276,30,26,DC_pDC,1.4930339160152597
GSM4138115,4,0.8461895442637439,30,26,DC_pDC,1.182821320320144
GSM4138117,2,0.8615413249778324,30,26,DC_pDC,1.4100527516027224
GSM4138111,5,0.8494515226370922,30,26,Mast,1.7060088407622396
GSM4138135,2,0.9285891385252488,29,26,DC_pDC,1.4100527516027224
GSM4138117,4,0.8487841196568464,29,26,DC_pDC,1.182821320320144
GSM4138139,2,0.9504228537348548,29,26,DC_pDC,1.4100527516027224
GSM4138121,4,0.7777747745798995,29,26,DC_pDC,1.182821320320144
GSM4138137,2,0.9320864567729816,28,26,DC_pDC,1.4100527516027224
GSM4138129,2,0.9309711724986964,27,26,DC_pDC,1.4100527516027224
GSM4138135,7,0.8028781838913658,26,26,Mac_SPP1,1.3657018418305438
GSM4138135,5,0.9291851538379126,25,26,Mast,1.7060088407622396
GSM4138155,2,0.8950859825949985,25,26,DC_pDC,1.4100527516027224
GSM4138160,14,0.9204026821781915,24,26,DC_pDC,1.018075529248332
GSM4138115,2,0.9180700480963936,23,26,DC_pDC,1.4100527516027224
GSM4138119,1,0.7822135737151119,22,26,DC_pDC,1.4930339160152597
GSM4138155,5,0.8379189448103292,22,26,Mast,1.7060088407622396
GSM4138133,2,0.9557562151761828,22,26,DC_pDC,1.4100527516027224
GSM4138124,4,0.9845794050197588,22,26,DC_pDC,1.182821320320144
GSM4138159,4,0.9316416532269838,21,26,DC_pDC,1.182821320320144
GSM4138125,7,0.7886582962056097,21,26,Mac_SPP1,1.3657018418305438
GSM4138131,18,0.9058059726617878,20,26,cDC2_CD1C,1.004246493032941
GSM4138131,20,0.8660559868422225,20,26,DC_pDC,1.0047296088671125
GSM4138131,5,0.9431458014838096,20,26,Mast,1.7060088407622396
GSM4138147,2,0.941784242673254,20,26,DC_pDC,1.4100527516027224
GSM4138139,7,0.9600866887075732,19,26,Mac_SPP1,1.3657018418305438
GSM4138172,1,0.8659633353181184,19,26,DC_pDC,1.4930339160152597
GSM4138153,4,0.8809404260690867,19,26,DC_pDC,1.182821320320144
GSM4138119,2,0.9687362544138414,18,26,DC_pDC,1.4100527516027224
GSM4138123,18,0.9216322971809549,18,26,cDC2_CD1C,1.004246493032941
GSM4138161,20,0.7993995588541751,18,26,DC_pDC,1.0047296088671125
GSM4138145,18,0.9265575670650968,18,26,cDC2_CD1C,1.004246493032941
GSM4138149,1,0.873241683361091,18,26,DC_pDC,1.4930339160152597
GSM4138127,6,0.9608300621145012,17,26,Mac_SPP1,1.3326130770401836
GSM4138171,1,0.9433950663599748,17,26,DC_pDC,1.4930339160152597
GSM4138168,2,0.949921970730968,17,26,DC_pDC,1.4100527516027224
GSM4138164,4,0.9537371788303992,16,26,DC_pDC,1.182821320320144
GSM4138141,20,0.9289188856636784,16,26,DC_pDC,1.0047296088671125
GSM4138151,1,0.9367124044722616,16,26,DC_pDC,1.4930339160152597
GSM4138145,20,0.8973533543253974,16,26,DC_pDC,1.0047296088671125
GSM4138170,1,0.9284647838675176,16,26,DC_pDC,1.4930339160152597
GSM4138161,18,0.9031233864566224,16,26,cDC2_CD1C,1.004246493032941
GSM4138127,16,1.0,15,26,Mono_CD14_ID1,1.0112633806657656
GSM4138116,14,1.0,15,26,DC_pDC,1.018075529248332
GSM4138134,1,0.9294930157470536,735,27,DC_pDC,1.6973221358441906
GSM4138156,1,0.8786101306173375,590,27,DC_pDC,1.6973221358441906
GSM4138135,1,0.6859049687879957,556,27,DC_pDC,1.6973221358441906
GSM4138120,1,0.8370874609012845,546,27,DC_pDC,1.6973221358441906
GSM4138131,1,0.6809772180742948,507,27,DC_pDC,1.6973221358441906
GSM4138123,1,0.6593811960065272,489,27,DC_pDC,1.6973221358441906
GSM4138116,1,0.915922089084908,475,27,DC_pDC,1.6973221358441906
GSM4138126,3,0.9718544999245023,459,27,cDC1_CLEC9A,1.294982581316889
GSM4138142,1,0.8858119998866469,441,27,DC_pDC,1.6973221358441906
GSM4138136,1,0.8970473180027971,437,27,DC_pDC,1.6973221358441906
GSM4138137,1,0.7268405971842696,424,27,DC_pDC,1.6973221358441906
GSM4138140,1,0.9032844109226956,423,27,DC_pDC,1.6973221358441906
GSM4138125,1,0.6885949988800235,423,27,DC_pDC,1.6973221358441906
GSM4138141,1,0.6840399536354305,419,27,DC_pDC,1.6973221358441906
GSM4138134,3,0.9559995555039412,410,27,cDC1_CLEC9A,1.294982581316889
GSM4138110,1,0.9073507351075236,405,27,DC_pDC,1.6973221358441906
GSM4138152,1,0.8471065932853614,376,27,DC_pDC,1.6973221358441906
GSM4138138,1,0.8879326739573316,364,27,DC_pDC,1.6973221358441906
GSM4138139,1,0.699825190207324,355,27,DC_pDC,1.6973221358441906
GSM4138146,1,0.8708090855923345,350,27,DC_pDC,1.6973221358441906
GSM4138132,1,0.9153137309174262,341,27,DC_pDC,1.6973221358441906
GSM4138160,1,0.8988989060226659,329,27,DC_pDC,1.6973221358441906
GSM4138155,1,0.5801156719821687,327,27,DC_pDC,1.6973221358441906
GSM4138145,1,0.7322383741407941,326,27,DC_pDC,1.6973221358441906
GSM4138154,1,0.8233420545098857,313,27,DC_pDC,1.6973221358441906
GSM4138122,1,0.8746091682545447,303,27,DC_pDC,1.6973221358441906
GSM4138128,1,0.8746091682545447,303,27,DC_pDC,1.6973221358441906
GSM4138126,1,0.9326350448214924,289,27,DC_pDC,1.6973221358441906
GSM4138130,1,0.9209165487965132,285,27,DC_pDC,1.6973221358441906
GSM4138166,1,0.8617616532518575,282,27,DC_pDC,1.6973221358441906
GSM4138130,3,0.928294933997705,281,27,cDC1_CLEC9A,1.294982581316889
GSM4138156,3,0.9324607572281368,275,27,cDC1_CLEC9A,1.294982581316889
GSM4138162,1,0.8749553852177796,272,27,DC_pDC,1.6973221358441906
GSM4138132,3,0.95116954570431,270,27,cDC1_CLEC9A,1.294982581316889
GSM4138140,3,0.9507693521443522,269,27,cDC1_CLEC9A,1.294982581316889
GSM4138118,1,0.8625107446984623,244,27,DC_pDC,1.6973221358441906
GSM4138117,1,0.6773194992501025,243,27,DC_pDC,1.6973221358441906
GSM4138111,1,0.6883303703666696,240,27,DC_pDC,1.6973221358441906
GSM4138144,1,0.8421939712194408,238,27,DC_pDC,1.6973221358441906
GSM4138133,1,0.7067508662156381,228,27,DC_pDC,1.6973221358441906
GSM4138143,1,0.6672374181425487,226,27,DC_pDC,1.6973221358441906
GSM4138163,1,0.884819426711681,219,27,DC_pDC,1.6973221358441906
GSM4138128,3,0.9396285536007402,218,27,cDC1_CLEC9A,1.294982581316889
GSM4138122,3,0.9396285536007402,218,27,cDC1_CLEC9A,1.294982581316889
GSM4138112,1,0.8585594871606284,217,27,DC_pDC,1.6973221358441906
GSM4138142,3,0.9366655521396652,214,27,cDC1_CLEC9A,1.294982581316889
GSM4138155,8,0.5572000206335468,210,27,DC_pDC,1.0433262584418124
GSM4138161,1,0.6459723658853445,210,27,DC_pDC,1.6973221358441906
GSM4138162,3,0.960429880472886,209,27,cDC1_CLEC9A,1.294982581316889
GSM4138165,1,0.8684791047843579,209,27,DC_pDC,1.6973221358441906
GSM4138165,3,0.9361368950002232,208,27,cDC1_CLEC9A,1.294982581316889
GSM4138163,3,0.9627403129772932,198,27,cDC1_CLEC9A,1.294982581316889
GSM4138127,1,0.7202415013932415,197,27,DC_pDC,1.6973221358441906
GSM4138158,1,0.8881558897830588,193,27,DC_pDC,1.6973221358441906
GSM4138110,3,0.9661924121225692,184,27,cDC1_CLEC9A,1.294982581316889
GSM4138167,3,0.9475364095605606,176,27,cDC1_CLEC9A,1.294982581316889
GSM4138114,1,0.8588968389103756,175,27,DC_pDC,1.6973221358441906
GSM4138137,8,0.7276895967724548,174,27,DC_pDC,1.0433262584418124
GSM4138166,3,0.939494602000415,169,27,cDC1_CLEC9A,1.294982581316889
GSM4138124,1,0.9208896600321482,168,27,DC_pDC,1.6973221358441906
GSM4138114,3,0.932973039817071,163,27,cDC1_CLEC9A,1.294982581316889
GSM4138138,3,0.943305402045268,160,27,cDC1_CLEC9A,1.294982581316889
GSM4138167,1,0.8838656882847589,152,27,DC_pDC,1.6973221358441906
GSM4138136,3,0.9578283863534156,150,27,cDC1_CLEC9A,1.294982581316889
GSM4138135,8,0.6688287449920891,145,27,DC_pDC,1.0433262584418124
GSM4138129,1,0.7834589844999644,139,27,DC_pDC,1.6973221358441906
GSM4138112,3,0.9329499740077264,127,27,cDC1_CLEC9A,1.294982581316889
GSM4138116,11,0.9594665949751258,123,27,cDC1_CLEC9A,1.0374627594274932
GSM4138124,3,0.9719764239649252,117,27,cDC1_CLEC9A,1.294982581316889
GSM4138141,3,0.8580929985504602,115,27,cDC1_CLEC9A,1.294982581316889
GSM4138148,1,0.8209992821839096,112,27,DC_pDC,1.6973221358441906
GSM4138150,1,0.8811777098418668,111,27,DC_pDC,1.6973221358441906
GSM4138160,3,0.965256554278566,108,27,cDC1_CLEC9A,1.294982581316889
GSM4138157,1,0.7433412999508471,103,27,DC_pDC,1.6973221358441906
GSM4138115,1,0.7263748929015776,103,27,DC_pDC,1.6973221358441906
GSM4138146,3,0.9397069872069026,99,27,cDC1_CLEC9A,1.294982581316889
GSM4138113,1,0.7280426118920922,97,27,DC_pDC,1.6973221358441906
GSM4138123,8,0.6558506445498131,95,27,DC_pDC,1.0433262584418124
GSM4138121,1,0.6222234147639565,93,27,DC_pDC,1.6973221358441906
GSM4138161,8,0.6990531121709453,92,27,DC_pDC,1.0433262584418124
GSM4138116,3,0.9737046117161084,90,27,cDC1_CLEC9A,1.294982581316889
GSM4138139,8,0.6840697148702458,87,27,DC_pDC,1.0433262584418124
GSM4138159,1,0.7221046146047126,87,27,DC_pDC,1.6973221358441906
GSM4138152,3,0.9387995452544108,86,27,cDC1_CLEC9A,1.294982581316889
GSM4138119,1,0.6326802479236477,84,27,DC_pDC,1.6973221358441906
GSM4138164,3,0.94327201787403,81,27,cDC1_CLEC9A,1.294982581316889
GSM4138150,3,0.9465776093909948,77,27,cDC1_CLEC9A,1.294982581316889
GSM4138127,8,0.7383749363616079,72,27,DC_pDC,1.0433262584418124
GSM4138145,8,0.735295575078524,66,27,DC_pDC,1.0433262584418124
GSM4138143,3,0.8613693788475051,66,27,cDC1_CLEC9A,1.294982581316889
GSM4138164,1,0.8608630468932724,65,27,DC_pDC,1.6973221358441906
GSM4138158,3,0.9743852316258544,62,27,cDC1_CLEC9A,1.294982581316889
GSM4138139,4,0.9079165368390572,62,27,Mast,1.7310402170712562
GSM4138148,3,0.9493676442037,61,27,cDC1_CLEC9A,1.294982581316889
GSM4138127,16,0.803925540788947,60,27,cDC2_CD1C,1.0067487391747376
GSM4138120,3,0.9315929303229952,59,27,cDC1_CLEC9A,1.294982581316889
GSM4138131,8,0.7498823034977834,57,27,DC_pDC,1.0433262584418124
GSM4138155,13,0.6467984935611224,53,27,cDC2_CD1C,1.0127284410387851
GSM4138144,3,0.9522726953577526,50,27,cDC1_CLEC9A,1.294982581316889
GSM4138129,8,0.7079907159501166,48,27,DC_pDC,1.0433262584418124
GSM4138160,11,0.895495698634431,47,27,cDC1_CLEC9A,1.0374627594274932
GSM4138118,3,0.9452622833516467,46,27,cDC1_CLEC9A,1.294982581316889
GSM4138145,13,0.7911926945526357,45,27,cDC2_CD1C,1.0127284410387851
GSM4138131,3,0.8709641859790423,45,27,cDC1_CLEC9A,1.294982581316889
GSM4138139,16,0.7942341329411899,45,27,cDC2_CD1C,1.0067487391747376
GSM4138155,16,0.6574985541628062,44,27,cDC2_CD1C,1.0067487391747376
GSM4138131,16,0.7619799622688916,43,27,cDC2_CD1C,1.0067487391747376
GSM4138154,3,0.955385325801706,43,27,cDC1_CLEC9A,1.294982581316889
GSM4138124,11,0.9641297362122012,43,27,cDC1_CLEC9A,1.0374627594274932
GSM4138145,16,0.736220968775988,43,27,cDC2_CD1C,1.0067487391747376
GSM4138121,16,0.6998546372236514,42,27,cDC2_CD1C,1.0067487391747376
GSM4138139,13,0.7686530198517658,42,27,cDC2_CD1C,1.0127284410387851
GSM4138111,3,0.8702105861819216,42,27,cDC1_CLEC9A,1.294982581316889
GSM4138137,16,0.8294812459970893,40,27,cDC2_CD1C,1.0067487391747376
GSM4138127,3,0.8853691033829405,39,27,cDC1_CLEC9A,1.294982581316889
GSM4138127,13,0.7720702286546289,38,27,cDC2_CD1C,1.0127284410387851
GSM4138161,13,0.8072451205955347,37,27,cDC2_CD1C,1.0127284410387851
GSM4138135,13,0.7604342887056112,37,27,cDC2_CD1C,1.0127284410387851
GSM4138141,8,0.7486116484970562,36,27,DC_pDC,1.0433262584418124
GSM4138110,11,0.9472007425696872,35,27,cDC1_CLEC9A,1.0374627594274932
GSM4138156,11,0.95010859871137,35,27,cDC1_CLEC9A,1.0374627594274932
GSM4138153,1,0.7694134943135894,34,27,DC_pDC,1.6973221358441906
GSM4138113,3,0.8708477441880085,33,27,cDC1_CLEC9A,1.294982581316889
GSM4138145,3,0.9517440627975592,33,27,cDC1_CLEC9A,1.294982581316889
GSM4138161,16,0.693132948727037,33,27,cDC2_CD1C,1.0067487391747376
GSM4138143,4,0.9396416592076504,32,27,Mast,1.7310402170712562
GSM4138123,13,0.7837460312032977,32,27,cDC2_CD1C,1.0127284410387851
GSM4138134,11,0.9825014283333934,31,27,cDC1_CLEC9A,1.0374627594274932
GSM4138131,18,0.9225305718091528,31,27,DC_pDC,1.0180104551433231
GSM4138161,3,0.9408725858645336,30,27,cDC1_CLEC9A,1.294982581316889
GSM4138111,4,0.8494515226370922,30,27,Mast,1.7310402170712562
GSM4138125,3,0.9868241339885316,29,27,cDC1_CLEC9A,1.294982581316889
GSM4138111,8,0.7872132555817292,29,27,DC_pDC,1.0433262584418124
GSM4138133,8,0.8039148441250783,29,27,DC_pDC,1.0433262584418124
GSM4138125,8,0.7879647342864092,28,27,DC_pDC,1.0433262584418124
GSM4138135,16,0.8184083707927865,28,27,cDC2_CD1C,1.0067487391747376
GSM4138137,13,0.8632540631319089,27,27,cDC2_CD1C,1.0127284410387851
GSM4138129,13,0.8896329863888538,25,27,cDC2_CD1C,1.0127284410387851
GSM4138136,11,0.96270921104357,25,27,cDC1_CLEC9A,1.0374627594274932
GSM4138135,4,0.9121440945118328,25,27,Mast,1.7310402170712562
GSM4138134,19,0.9849492867753072,25,27,cDC2_CD1C,1.012370103512127
GSM4138112,11,0.9208579304435704,25,27,cDC1_CLEC9A,1.0374627594274932
GSM4138121,13,0.8117674973047653,24,27,cDC2_CD1C,1.0127284410387851
GSM4138155,4,0.7767264723214742,24,27,Mast,1.7310402170712562
GSM4138128,11,0.9464757147039528,24,27,cDC1_CLEC9A,1.0374627594274932
GSM4138122,11,0.9464757147039528,24,27,cDC1_CLEC9A,1.0374627594274932
GSM4138147,1,0.7891073335022392,24,27,DC_pDC,1.6973221358441906
GSM4138131,13,0.8978119437891735,24,27,cDC2_CD1C,1.0127284410387851
GSM4138129,3,0.9698834546357368,24,27,cDC1_CLEC9A,1.294982581316889
GSM4138137,3,0.9358150174294668,23,27,cDC1_CLEC9A,1.294982581316889
GSM4138159,8,0.8724031850396743,22,27,DC_pDC,1.0433262584418124
GSM4138117,8,0.8925863861327737,22,27,DC_pDC,1.0433262584418124
GSM4138157,8,0.8699151207112402,22,27,DC_pDC,1.0433262584418124
GSM4138130,11,0.970680011469332,21,27,cDC1_CLEC9A,1.0374627594274932
GSM4138123,16,0.9506400838425372,21,27,cDC2_CD1C,1.0067487391747376
GSM4138135,3,0.9435792746891312,21,27,cDC1_CLEC9A,1.294982581316889
GSM4138117,3,0.916460210623522,20,27,cDC1_CLEC9A,1.294982581316889
GSM4138172,1,0.889573277210025,20,27,DC_pDC,1.6973221358441906
GSM4138117,11,0.910087131389564,20,27,cDC1_CLEC9A,1.0374627594274932
GSM4138131,4,0.9536975701437346,19,27,Mast,1.7310402170712562
GSM4138115,3,0.9354618417133194,19,27,cDC1_CLEC9A,1.294982581316889
GSM4138141,16,0.8762472128142772,18,27,cDC2_CD1C,1.0067487391747376
GSM4138121,8,0.8320159889130313,18,27,DC_pDC,1.0433262584418124
GSM4138139,3,0.9495584797143586,18,27,cDC1_CLEC9A,1.294982581316889
GSM4138143,13,0.9327895833692634,18,27,cDC2_CD1C,1.0127284410387851
GSM4138156,19,0.9531520484897904,18,27,cDC2_CD1C,1.012370103512127
GSM4138161,18,0.9548768998749452,18,27,DC_pDC,1.0180104551433231
GSM4138133,3,0.9560562153775584,17,27,cDC1_CLEC9A,1.294982581316889
GSM4138131,11,0.9685499417014668,17,27,cDC1_CLEC9A,1.0374627594274932
GSM4138157,13,0.8983157602627697,17,27,cDC2_CD1C,1.0127284410387851
GSM4138171,1,0.9420407512170568,16,27,DC_pDC,1.6973221358441906
GSM4138138,19,0.9867638972190428,16,27,cDC2_CD1C,1.012370103512127
GSM4138138,11,0.9877961151091526,16,27,cDC1_CLEC9A,1.0374627594274932
GSM4138133,13,0.9632955000610488,16,27,cDC2_CD1C,1.0127284410387851
GSM4138165,11,0.9599308465005,15,27,cDC1_CLEC9A,1.0374627594274932
GSM4138115,13,0.9670569251847784,15,27,cDC2_CD1C,1.0127284410387851
GSM4138159,13,0.9321056441663084,15,27,cDC2_CD1C,1.0127284410387851
GSM4138141,13,0.9617129633389134,15,27,cDC2_CD1C,1.0127284410387851
GSM4138142,11,0.9910216505926984,15,27,cDC1_CLEC9A,1.0374627594274932
GSM4138117,13,0.9885917360400324,15,27,cDC2_CD1C,1.0127284410387851
GSM4138134,1,0.9353346846304276,1215,28,Mono_CD16,2.641140209263656
GSM4138156,1,0.8871971696170342,920,28,Mono_CD16,2.641140209263656
GSM4138135,1,0.6754981690439089,781,28,Mono_CD16,2.641140209263656
GSM4138126,1,0.952463858652414,758,28,Mono_CD16,2.641140209263656
GSM4138116,1,0.9194511038188076,703,28,Mono_CD16,2.641140209263656
GSM4138140,1,0.9131955201466444,701,28,Mono_CD16,2.641140209263656
GSM4138142,1,0.8940926192501456,688,28,Mono_CD16,2.641140209263656
GSM4138137,1,0.7078154994041912,684,28,Mono_CD16,2.641140209263656
GSM4138132,1,0.9245279100620212,643,28,Mono_CD16,2.641140209263656
GSM4138136,1,0.900254442022012,641,28,Mono_CD16,2.641140209263656
GSM4138110,1,0.9197206852826432,629,28,Mono_CD16,2.641140209263656
GSM4138120,1,0.8350058803258972,609,28,Mono_CD16,2.641140209263656
GSM4138155,1,0.55250096426323,586,28,Mono_CD16,2.641140209263656
GSM4138130,1,0.9147261454358978,584,28,Mono_CD16,2.641140209263656
GSM4138123,1,0.6537971898988688,581,28,Mono_CD16,2.641140209263656
GSM4138138,1,0.8917051116700222,577,28,Mono_CD16,2.641140209263656
GSM4138131,1,0.7130939579612516,552,28,Mono_CD16,2.641140209263656
GSM4138122,1,0.8849556735029042,545,28,Mono_CD16,2.641140209263656
GSM4138128,1,0.8849556735029042,545,28,Mono_CD16,2.641140209263656
GSM4138139,1,0.6486590592168541,545,28,Mono_CD16,2.641140209263656
GSM4138125,1,0.6787042122958049,506,28,Mono_CD16,2.641140209263656
GSM4138141,1,0.7091004290377114,488,28,Mono_CD16,2.641140209263656
GSM4138162,1,0.8902115800213349,486,28,Mono_CD16,2.641140209263656
GSM4138160,1,0.9043595733831084,485,28,Mono_CD16,2.641140209263656
GSM4138166,1,0.8787661686891861,468,28,Mono_CD16,2.641140209263656
GSM4138152,1,0.8579958550273622,462,28,Mono_CD16,2.641140209263656
GSM4138146,1,0.8766444694029204,461,28,Mono_CD16,2.641140209263656
GSM4138145,1,0.6826337028951968,452,28,Mono_CD16,2.641140209263656
GSM4138165,1,0.8800031964381653,437,28,Mono_CD16,2.641140209263656
GSM4138163,1,0.9087111349062196,424,28,Mono_CD16,2.641140209263656
GSM4138127,1,0.690798837760783,395,28,Mono_CD16,2.641140209263656
GSM4138154,1,0.8256502423023702,358,28,Mono_CD16,2.641140209263656
GSM4138112,1,0.8714054117517415,356,28,Mono_CD16,2.641140209263656
GSM4138114,1,0.8669014489056055,353,28,Mono_CD16,2.641140209263656
GSM4138124,1,0.9286797788464348,340,28,Mono_CD16,2.641140209263656
GSM4138167,1,0.8924861629313795,339,28,Mono_CD16,2.641140209263656
GSM4138117,1,0.6693889066908604,306,28,Mono_CD16,2.641140209263656
GSM4138161,1,0.6252183745306065,305,28,Mono_CD16,2.641140209263656
GSM4138144,1,0.8395919137126256,297,28,Mono_CD16,2.641140209263656
GSM4138118,1,0.8707060076322368,292,28,Mono_CD16,2.641140209263656
GSM4138158,1,0.8965744124234709,278,28,Mono_CD16,2.641140209263656
GSM4138143,1,0.6649588967722473,269,28,Mono_CD16,2.641140209263656
GSM4138111,1,0.6899234541580936,264,28,Mono_CD16,2.641140209263656
GSM4138133,1,0.7113916353747676,261,28,Mono_CD16,2.641140209263656
GSM4138129,1,0.7232898282067646,225,28,Mono_CD16,2.641140209263656
GSM4138150,1,0.8893628817520021,190,28,Mono_CD16,2.641140209263656
GSM4138148,1,0.8320514530999539,178,28,Mono_CD16,2.641140209263656
GSM4138121,1,0.6109837787441618,171,28,Mono_CD16,2.641140209263656
GSM4138164,1,0.8545286700211668,156,28,Mono_CD16,2.641140209263656
GSM4138157,1,0.6833975651167489,141,28,Mono_CD16,2.641140209263656
GSM4138113,1,0.7346955074612032,131,28,Mono_CD16,2.641140209263656
GSM4138159,1,0.6860967519174013,127,28,Mono_CD16,2.641140209263656
GSM4138115,1,0.7530149123050307,120,28,Mono_CD16,2.641140209263656
GSM4138119,1,0.6088887244640118,104,28,Mono_CD16,2.641140209263656
GSM4138161,4,0.7990199182737336,75,28,DC_pDC,1.17894927278336
GSM4138131,2,0.738221459920813,74,28,mregDC_LAMP3,1.9730228843247588
GSM4138141,2,0.8109490440973122,59,28,mregDC_LAMP3,1.9730228843247588
GSM4138139,10,0.9534121024081564,55,28,Mast,1.0393238507077818
GSM4138153,1,0.7270392660067989,50,28,Mono_CD16,2.641140209263656
GSM4138131,9,0.919647263348009,48,28,DC_pDC,1.0321556141067707
GSM4138143,2,0.789952333131078,45,28,mregDC_LAMP3,1.9730228843247588
GSM4138155,4,0.7858213901116556,42,28,DC_pDC,1.17894927278336
GSM4138123,4,0.8790229631471558,39,28,DC_pDC,1.17894927278336
GSM4138161,9,0.9432116640925178,37,28,DC_pDC,1.0321556141067707
GSM4138131,4,0.8718435697275224,37,28,DC_pDC,1.17894927278336
GSM4138111,4,0.8954207040642882,36,28,DC_pDC,1.17894927278336
GSM4138145,4,0.8439648623143924,35,28,DC_pDC,1.17894927278336
GSM4138155,2,0.7670178596540993,35,28,mregDC_LAMP3,1.9730228843247588
GSM4138141,4,0.8854708693741496,34,28,DC_pDC,1.17894927278336
GSM4138135,2,0.863973947726944,33,28,mregDC_LAMP3,1.9730228843247588
GSM4138145,2,0.7715073645977042,31,28,mregDC_LAMP3,1.9730228843247588
GSM4138143,10,0.9481207650499452,30,28,Mast,1.0393238507077818
GSM4138172,1,0.8831788458330716,29,28,Mono_CD16,2.641140209263656
GSM4138133,2,0.8183925274244187,28,28,mregDC_LAMP3,1.9730228843247588
GSM4138123,2,0.884768214262144,28,28,mregDC_LAMP3,1.9730228843247588
GSM4138111,10,0.8803526117515438,27,28,Mast,1.0393238507077818
GSM4138147,1,0.7661304202442376,25,28,Mono_CD16,2.641140209263656
GSM4138139,2,0.913046114178964,24,28,mregDC_LAMP3,1.9730228843247588
GSM4138111,9,0.9277282337689634,24,28,DC_pDC,1.0321556141067707
GSM4138149,1,0.8214008712094035,23,28,Mono_CD16,2.641140209263656
GSM4138113,9,0.919617696220202,22,28,DC_pDC,1.0321556141067707
GSM4138160,9,0.9618161262174572,22,28,DC_pDC,1.0321556141067707
GSM4138131,3,0.9459903439049904,22,28,DC_pDC,1.562084215429544
GSM4138143,9,0.9112499390340992,22,28,DC_pDC,1.0321556141067707
GSM4138141,9,0.9230484397377308,21,28,DC_pDC,1.0321556141067707
GSM4138115,2,0.8842485745967884,21,28,mregDC_LAMP3,1.9730228843247588
GSM4138112,9,0.9762515962780992,21,28,DC_pDC,1.0321556141067707
GSM4138171,1,0.9061727757724232,21,28,Mono_CD16,2.641140209263656
GSM4138137,2,0.9452122655265768,20,28,mregDC_LAMP3,1.9730228843247588
GSM4138151,1,0.9490662021067536,20,28,Mono_CD16,2.641140209263656
GSM4138127,4,0.9364282474710292,20,28,DC_pDC,1.17894927278336
GSM4138168,9,0.9338021553786492,19,28,DC_pDC,1.0321556141067707
GSM4138141,3,0.9694967748236956,19,28,DC_pDC,1.562084215429544
GSM4138135,10,0.9669093528677932,19,28,Mast,1.0393238507077818
GSM4138147,9,0.9446674372239038,19,28,DC_pDC,1.0321556141067707
GSM4138129,4,0.9754225850316842,17,28,DC_pDC,1.17894927278336
GSM4138155,10,0.9315457635796554,17,28,Mast,1.0393238507077818
GSM4138170,1,0.923322245297981,16,28,Mono_CD16,2.641140209263656
GSM4138161,2,0.8773338049646828,16,28,mregDC_LAMP3,1.9730228843247588
GSM4138130,9,0.9750586036492248,16,28,DC_pDC,1.0321556141067707
GSM4138143,4,0.9177907048166696,16,28,DC_pDC,1.17894927278336
GSM4138169,1,0.9460898387695724,15,28,Mono_CD16,2.641140209263656
GSM4138151,9,0.9660966498243028,15,28,DC_pDC,1.0321556141067707
GSM4138111,2,0.8908467094789637,15,28,mregDC_LAMP3,1.9730228843247588
GSM4138134,1,0.9350232638727825,682,29,cDC1_CLEC9A,2.0667567835148977
GSM4138156,1,0.8829425515198659,653,29,cDC1_CLEC9A,2.0667567835148977
GSM4138126,1,0.9504686433760764,555,29,cDC1_CLEC9A,2.0667567835148977
GSM4138116,1,0.925531821538055,495,29,cDC1_CLEC9A,2.0667567835148977
GSM4138140,1,0.8991419504249493,455,29,cDC1_CLEC9A,2.0667567835148977
GSM4138142,1,0.8927400941239253,435,29,cDC1_CLEC9A,2.0667567835148977
GSM4138110,1,0.9129845303550748,433,29,cDC1_CLEC9A,2.0667567835148977
GSM4138130,1,0.9183440671140776,429,29,cDC1_CLEC9A,2.0667567835148977
GSM4138128,1,0.8844580913585578,391,29,cDC1_CLEC9A,2.0667567835148977
GSM4138122,1,0.8844580913585578,391,29,cDC1_CLEC9A,2.0667567835148977
GSM4138162,1,0.8857503966485659,380,29,cDC1_CLEC9A,2.0667567835148977
GSM4138120,1,0.8222310637629133,374,29,cDC1_CLEC9A,2.0667567835148977
GSM4138136,1,0.8877307121194788,372,29,cDC1_CLEC9A,2.0667567835148977
GSM4138160,1,0.8953061733358568,369,29,cDC1_CLEC9A,2.0667567835148977
GSM4138152,1,0.8592281453316208,357,29,cDC1_CLEC9A,2.0667567835148977
GSM4138132,1,0.914136649680544,347,29,cDC1_CLEC9A,2.0667567835148977
GSM4138138,1,0.8874781240030879,331,29,cDC1_CLEC9A,2.0667567835148977
GSM4138163,1,0.902873234980207,327,29,cDC1_CLEC9A,2.0667567835148977
GSM4138165,1,0.877268884173106,326,29,cDC1_CLEC9A,2.0667567835148977
GSM4138146,1,0.8644917630589364,318,29,cDC1_CLEC9A,2.0667567835148977
GSM4138125,1,0.6850797907746615,294,29,cDC1_CLEC9A,2.0667567835148977
GSM4138166,1,0.8729580548525517,284,29,cDC1_CLEC9A,2.0667567835148977
GSM4138135,3,0.6666134046528092,274,29,mregDC_LAMP3,1.545535137604407
GSM4138114,1,0.8622381172769755,271,29,cDC1_CLEC9A,2.0667567835148977
GSM4138124,1,0.9276478932225212,263,29,cDC1_CLEC9A,2.0667567835148977
GSM4138112,1,0.8654232111656168,260,29,cDC1_CLEC9A,2.0667567835148977
GSM4138123,1,0.6533278054553324,257,29,cDC1_CLEC9A,2.0667567835148977
GSM4138167,1,0.8827543955481468,254,29,cDC1_CLEC9A,2.0667567835148977
GSM4138141,1,0.7747664669890817,251,29,cDC1_CLEC9A,2.0667567835148977
GSM4138135,2,0.6720134652585014,251,29,mregDC_LAMP3,1.90314569390521
GSM4138154,1,0.8217314122867725,248,29,cDC1_CLEC9A,2.0667567835148977
GSM4138137,3,0.7287897477945162,229,29,mregDC_LAMP3,1.545535137604407
GSM4138155,1,0.5940558466297303,225,29,cDC1_CLEC9A,2.0667567835148977
GSM4138139,1,0.7497122136621914,214,29,cDC1_CLEC9A,2.0667567835148977
GSM4138134,2,0.9430232102065628,214,29,mregDC_LAMP3,1.90314569390521
GSM4138155,2,0.5598336806659052,213,29,mregDC_LAMP3,1.90314569390521
GSM4138131,1,0.7366976804287207,205,29,cDC1_CLEC9A,2.0667567835148977
GSM4138145,3,0.6893243088132208,201,29,mregDC_LAMP3,1.545535137604407
GSM4138118,1,0.8516444643666954,201,29,cDC1_CLEC9A,2.0667567835148977
GSM4138145,1,0.761875880454126,199,29,cDC1_CLEC9A,2.0667567835148977
GSM4138144,1,0.8309959295135185,198,29,cDC1_CLEC9A,2.0667567835148977
GSM4138117,1,0.689924023476691,192,29,cDC1_CLEC9A,2.0667567835148977
GSM4138123,3,0.6643994604421248,184,29,mregDC_LAMP3,1.545535137604407
GSM4138137,2,0.7303306680902305,174,29,mregDC_LAMP3,1.90314569390521
GSM4138116,2,0.9163320663026516,173,29,mregDC_LAMP3,1.90314569390521
GSM4138141,3,0.6942533481697483,170,29,mregDC_LAMP3,1.545535137604407
GSM4138131,2,0.6905155053944179,169,29,mregDC_LAMP3,1.90314569390521
GSM4138135,1,0.782829598025244,169,29,cDC1_CLEC9A,2.0667567835148977
GSM4138143,1,0.6849513643455595,167,29,cDC1_CLEC9A,2.0667567835148977
GSM4138158,1,0.902409539748816,164,29,cDC1_CLEC9A,2.0667567835148977
GSM4138139,3,0.6569016923475869,161,29,mregDC_LAMP3,1.545535137604407
GSM4138137,1,0.7734540769510507,160,29,cDC1_CLEC9A,2.0667567835148977
GSM4138111,1,0.7123007259179923,156,29,cDC1_CLEC9A,2.0667567835148977
GSM4138131,3,0.6679641483857288,149,29,mregDC_LAMP3,1.545535137604407
GSM4138134,3,0.9542458660519998,148,29,mregDC_LAMP3,1.545535137604407
GSM4138161,1,0.6595748562290851,147,29,cDC1_CLEC9A,2.0667567835148977
GSM4138123,2,0.6809839463387406,139,29,mregDC_LAMP3,1.90314569390521
GSM4138156,2,0.9051231489979524,137,29,mregDC_LAMP3,1.90314569390521
GSM4138127,2,0.7726766446455879,137,29,mregDC_LAMP3,1.90314569390521
GSM4138148,1,0.8217842544291255,134,29,cDC1_CLEC9A,2.0667567835148977
GSM4138132,2,0.9644787264011774,131,29,mregDC_LAMP3,1.90314569390521
GSM4138120,8,0.8860586939738465,128,29,DC_pDC,1.0662289737244135
GSM4138150,1,0.8719265361962356,128,29,cDC1_CLEC9A,2.0667567835148977
GSM4138164,1,0.8491243707083458,128,29,cDC1_CLEC9A,2.0667567835148977
GSM4138139,2,0.6920499334057572,127,29,mregDC_LAMP3,1.90314569390521
GSM4138125,3,0.7196109564968203,124,29,mregDC_LAMP3,1.545535137604407
GSM4138142,2,0.9297108401001304,115,29,mregDC_LAMP3,1.90314569390521
GSM4138140,2,0.9331778564102376,114,29,mregDC_LAMP3,1.90314569390521
GSM4138110,2,0.9596258267547632,113,29,mregDC_LAMP3,1.90314569390521
GSM4138161,3,0.654892533382627,113,29,mregDC_LAMP3,1.545535137604407
GSM4138155,3,0.6314652128419752,110,29,mregDC_LAMP3,1.545535137604407
GSM4138136,2,0.9468720107023492,109,29,mregDC_LAMP3,1.90314569390521
GSM4138129,1,0.7879487998225454,108,29,cDC1_CLEC9A,2.0667567835148977
GSM4138127,1,0.7532087364418641,103,29,cDC1_CLEC9A,2.0667567835148977
GSM4138121,2,0.6388248172930955,101,29,mregDC_LAMP3,1.90314569390521
GSM4138126,2,0.9690638240376002,98,29,mregDC_LAMP3,1.90314569390521
GSM4138136,3,0.9502104652078364,98,29,mregDC_LAMP3,1.545535137604407
GSM4138117,2,0.7356736670021897,96,29,mregDC_LAMP3,1.90314569390521
GSM4138133,1,0.7540812391532447,93,29,cDC1_CLEC9A,2.0667567835148977
GSM4138138,2,0.9278332170466908,90,29,mregDC_LAMP3,1.90314569390521
GSM4138113,1,0.7343925455810114,86,29,cDC1_CLEC9A,2.0667567835148977
GSM4138133,2,0.7200244903971889,85,29,mregDC_LAMP3,1.90314569390521
GSM4138166,2,0.9236781268146894,85,29,mregDC_LAMP3,1.90314569390521
GSM4138138,3,0.9391732460151596,85,29,mregDC_LAMP3,1.545535137604407
GSM4138146,2,0.9296000581110224,83,29,mregDC_LAMP3,1.90314569390521
GSM4138140,3,0.9510242257502092,79,29,mregDC_LAMP3,1.545535137604407
GSM4138111,3,0.6676331840591161,77,29,mregDC_LAMP3,1.545535137604407
GSM4138141,2,0.7585940663080744,77,29,mregDC_LAMP3,1.90314569390521
GSM4138142,3,0.9199027883510212,76,29,mregDC_LAMP3,1.545535137604407
GSM4138122,2,0.949910420550126,76,29,mregDC_LAMP3,1.90314569390521
GSM4138128,2,0.949910420550126,76,29,mregDC_LAMP3,1.90314569390521
GSM4138130,2,0.9328105884713704,75,29,mregDC_LAMP3,1.90314569390521
GSM4138127,3,0.7412641982606623,74,29,mregDC_LAMP3,1.545535137604407
GSM4138132,3,0.9602806527728992,69,29,mregDC_LAMP3,1.545535137604407
GSM4138160,2,0.9463034517545812,67,29,mregDC_LAMP3,1.90314569390521
GSM4138145,2,0.7844709714204497,67,29,mregDC_LAMP3,1.90314569390521
GSM4138143,3,0.7226705415831175,67,29,mregDC_LAMP3,1.545535137604407
GSM4138134,11,0.9694262382585498,67,29,cDC2_CD1C,1.0253307127483406
GSM4138161,12,0.8860847258222477,67,29,DC_pDC,1.0334021722659577
GSM4138162,2,0.9519558481169944,65,29,mregDC_LAMP3,1.90314569390521
GSM4138131,8,0.7807936157738347,64,29,DC_pDC,1.0662289737244135
GSM4138120,2,0.9126393825040976,62,29,mregDC_LAMP3,1.90314569390521
GSM4138133,3,0.747569633234397,62,29,mregDC_LAMP3,1.545535137604407
GSM4138165,2,0.9212114238582316,61,29,mregDC_LAMP3,1.90314569390521
GSM4138163,2,0.9352409528850542,60,29,mregDC_LAMP3,1.90314569390521
GSM4138139,9,0.94695658041952,60,29,Mast,1.2300226676736552
GSM4138166,3,0.916835432108043,59,29,mregDC_LAMP3,1.545535137604407
GSM4138143,2,0.7877045513648595,56,29,mregDC_LAMP3,1.90314569390521
GSM4138159,1,0.7518322070549138,55,29,cDC1_CLEC9A,2.0667567835148977
GSM4138157,1,0.780744474223869,55,29,cDC1_CLEC9A,2.0667567835148977
GSM4138129,2,0.750697919236954,54,29,mregDC_LAMP3,1.90314569390521
GSM4138152,2,0.9306094437673206,54,29,mregDC_LAMP3,1.90314569390521
GSM4138119,1,0.7138182190682434,54,29,cDC1_CLEC9A,2.0667567835148977
GSM4138137,11,0.7376650375358409,53,29,cDC2_CD1C,1.0253307127483406
GSM4138134,8,0.9863781762807572,52,29,DC_pDC,1.0662289737244135
GSM4138115,1,0.8094059551698587,52,29,cDC1_CLEC9A,2.0667567835148977
GSM4138110,3,0.9722949347956452,51,29,mregDC_LAMP3,1.545535137604407
GSM4138114,2,0.9227146942446064,51,29,mregDC_LAMP3,1.90314569390521
GSM4138135,11,0.8024333749049363,50,29,cDC2_CD1C,1.0253307127483406
GSM4138128,3,0.9601864762115612,49,29,mregDC_LAMP3,1.545535137604407
GSM4138122,3,0.9601864762115612,49,29,mregDC_LAMP3,1.545535137604407
GSM4138127,8,0.7525397059562674,49,29,DC_pDC,1.0662289737244135
GSM4138156,3,0.9309537056370156,48,29,mregDC_LAMP3,1.545535137604407
GSM4138125,2,0.7445300484359997,48,29,mregDC_LAMP3,1.90314569390521
GSM4138121,1,0.7511244742182484,47,29,cDC1_CLEC9A,2.0667567835148977
GSM4138112,2,0.9333758008705576,47,29,mregDC_LAMP3,1.90314569390521
GSM4138129,3,0.7720168263652472,47,29,mregDC_LAMP3,1.545535137604407
GSM4138155,8,0.7081738962693006,47,29,DC_pDC,1.0662289737244135
GSM4138124,2,0.9625690079616518,46,29,mregDC_LAMP3,1.90314569390521
GSM4138156,11,0.9270601525783552,46,29,cDC2_CD1C,1.0253307127483406
GSM4138131,10,0.8383279189244729,45,29,DC_pDC,1.0486708475017
GSM4138115,2,0.805761622601151,44,29,mregDC_LAMP3,1.90314569390521
GSM4138144,2,0.9422343516676172,44,29,mregDC_LAMP3,1.90314569390521
GSM4138144,3,0.8954332967505284,44,29,mregDC_LAMP3,1.545535137604407
GSM4138132,11,0.971834164253244,43,29,cDC2_CD1C,1.0253307127483406
GSM4138131,12,0.8505711480112834,43,29,DC_pDC,1.0334021722659577
GSM4138158,2,0.978515553739616,42,29,mregDC_LAMP3,1.90314569390521
GSM4138120,3,0.904592940805629,42,29,mregDC_LAMP3,1.545535137604407
GSM4138137,10,0.8072633511610058,41,29,DC_pDC,1.0486708475017
GSM4138167,2,0.9908860112136548,40,29,mregDC_LAMP3,1.90314569390521
GSM4138161,8,0.7271490551813546,40,29,DC_pDC,1.0662289737244135
GSM4138118,8,0.9779570185151968,40,29,DC_pDC,1.0662289737244135
GSM4138154,3,0.844593641788777,40,29,mregDC_LAMP3,1.545535137604407
GSM4138158,3,0.9536123854235544,39,29,mregDC_LAMP3,1.545535137604407
GSM4138141,12,0.9245942326328168,39,29,DC_pDC,1.0334021722659577
GSM4138111,2,0.7224036127375215,39,29,mregDC_LAMP3,1.90314569390521
GSM4138135,8,0.7998162917501124,39,29,DC_pDC,1.0662289737244135
GSM4138159,3,0.7874972285912032,39,29,mregDC_LAMP3,1.545535137604407
GSM4138155,10,0.7315261477170298,38,29,DC_pDC,1.0486708475017
GSM4138161,2,0.8160812125642993,38,29,mregDC_LAMP3,1.90314569390521
GSM4138111,12,0.9137425649585448,38,29,DC_pDC,1.0334021722659577
GSM4138137,8,0.7755704784223765,37,29,DC_pDC,1.0662289737244135
GSM4138115,3,0.7860406400358508,36,29,mregDC_LAMP3,1.545535137604407
GSM4138154,2,0.903188344405031,36,29,mregDC_LAMP3,1.90314569390521
GSM4138157,2,0.7804024632464356,36,29,mregDC_LAMP3,1.90314569390521
GSM4138126,3,0.963414704574848,36,29,mregDC_LAMP3,1.545535137604407
GSM4138134,10,0.9445665972993612,35,29,DC_pDC,1.0486708475017
GSM4138145,12,0.9003277497720685,35,29,DC_pDC,1.0334021722659577
GSM4138119,3,0.6835046192353711,35,29,mregDC_LAMP3,1.545535137604407
GSM4138146,3,0.9503364758951864,35,29,mregDC_LAMP3,1.545535137604407
GSM4138157,3,0.8823910214463709,35,29,mregDC_LAMP3,1.545535137604407
GSM4138130,10,0.944686295491802,34,29,DC_pDC,1.0486708475017
GSM4138130,3,0.9647031322807162,34,29,mregDC_LAMP3,1.545535137604407
GSM4138150,2,0.9629256532182504,33,29,mregDC_LAMP3,1.90314569390521
GSM4138154,8,0.954689110132212,32,29,DC_pDC,1.0662289737244135
GSM4138143,9,0.9396416592076504,32,29,Mast,1.2300226676736552
GSM4138138,8,0.9904671288842102,31,29,DC_pDC,1.0662289737244135
GSM4138153,1,0.7978486219328311,31,29,cDC1_CLEC9A,2.0667567835148977
GSM4138118,2,0.9778713584567552,31,29,mregDC_LAMP3,1.90314569390521
GSM4138112,3,0.9286734011107745,30,29,mregDC_LAMP3,1.545535137604407
GSM4138160,3,0.9807007875017696,30,29,mregDC_LAMP3,1.545535137604407
GSM4138141,8,0.8721518769519919,30,29,DC_pDC,1.0662289737244135
GSM4138111,9,0.8494515226370922,30,29,Mast,1.2300226676736552
GSM4138152,3,0.9498461285723008,29,29,mregDC_LAMP3,1.545535137604407
GSM4138133,11,0.7865060681009444,29,29,cDC2_CD1C,1.0253307127483406
GSM4138148,2,0.932432399962406,29,29,mregDC_LAMP3,1.90314569390521
GSM4138113,2,0.8261280014204317,28,29,mregDC_LAMP3,1.90314569390521
GSM4138163,3,0.97017141448696,28,29,mregDC_LAMP3,1.545535137604407
GSM4138142,8,0.9937155212524388,28,29,DC_pDC,1.0662289737244135
GSM4138131,11,0.865157347509145,27,29,cDC2_CD1C,1.0253307127483406
GSM4138126,10,0.9836841963363334,27,29,DC_pDC,1.0486708475017
GSM4138162,3,0.9847383396227332,26,29,mregDC_LAMP3,1.545535137604407
GSM4138123,11,0.7510619060397317,25,29,cDC2_CD1C,1.0253307127483406
GSM4138156,10,0.9680859610607132,25,29,DC_pDC,1.0486708475017
GSM4138143,12,0.8842092372266686,24,29,DC_pDC,1.0334021722659577
GSM4138131,13,0.8823913431881185,24,29,DC_pDC,1.0370050762275609
GSM4138138,11,0.970895630663166,24,29,cDC2_CD1C,1.0253307127483406
GSM4138132,8,0.9852278166231804,24,29,DC_pDC,1.0662289737244135
GSM4138136,11,0.97811453374962,23,29,cDC2_CD1C,1.0253307127483406
GSM4138141,11,0.854605638182042,23,29,cDC2_CD1C,1.0253307127483406
GSM4138116,3,1.0,22,29,mregDC_LAMP3,1.545535137604407
GSM4138159,2,0.8825552301588074,22,29,mregDC_LAMP3,1.90314569390521
GSM4138139,8,0.9001495274203801,22,29,DC_pDC,1.0662289737244135
GSM4138125,6,0.8577589806010553,22,29,Mac_SPP1,1.605560333162214
GSM4138127,11,0.8956583505469885,22,29,cDC2_CD1C,1.0253307127483406
GSM4138152,8,0.9889728055249792,22,29,DC_pDC,1.0662289737244135
GSM4138135,10,0.8797780875983673,21,29,DC_pDC,1.0486708475017
GSM4138167,3,0.961827070012797,21,29,mregDC_LAMP3,1.545535137604407
GSM4138155,12,0.9216366152185734,21,29,DC_pDC,1.0334021722659577
GSM4138123,8,0.8871250278579371,21,29,DC_pDC,1.0662289737244135
GSM4138135,9,0.9632808291710414,21,29,Mast,1.2300226676736552
GSM4138155,9,0.8868842979750106,21,29,Mast,1.2300226676736552
GSM4138121,3,0.7968751471133549,21,29,mregDC_LAMP3,1.545535137604407
GSM4138136,8,0.9926805075051424,20,29,DC_pDC,1.0662289737244135
GSM4138126,8,0.9906314445286551,20,29,DC_pDC,1.0662289737244135
GSM4138132,10,0.9900834243688396,20,29,DC_pDC,1.0486708475017
GSM4138112,10,0.9537380210569432,19,29,DC_pDC,1.0486708475017
GSM4138147,12,0.9226965505966912,19,29,DC_pDC,1.0334021722659577
GSM4138131,9,0.9536975701437346,19,29,Mast,1.2300226676736552
GSM4138127,10,0.8589074831888438,19,29,DC_pDC,1.0486708475017
GSM4138118,3,0.9422537505850568,19,29,mregDC_LAMP3,1.545535137604407
GSM4138166,8,0.9953152872436472,18,29,DC_pDC,1.0662289737244135
GSM4138172,1,0.8895306683039236,18,29,cDC1_CLEC9A,2.0667567835148977
GSM4138139,6,0.9429862097585656,18,29,Mac_SPP1,1.605560333162214
GSM4138165,3,0.9711950173237092,18,29,mregDC_LAMP3,1.545535137604407
GSM4138140,8,0.9758139099878458,18,29,DC_pDC,1.0662289737244135
GSM4138113,12,0.934036206726004,17,29,DC_pDC,1.0334021722659577
GSM4138164,2,0.9862885627087384,17,29,mregDC_LAMP3,1.90314569390521
GSM4138133,10,0.944162831095617,17,29,DC_pDC,1.0486708475017
GSM4138150,3,0.9915696333029078,17,29,mregDC_LAMP3,1.545535137604407
GSM4138143,10,0.9529073507084036,17,29,DC_pDC,1.0486708475017
GSM4138158,8,0.99455470074831,16,29,DC_pDC,1.0662289737244135
GSM4138147,1,0.934493315638274,16,29,cDC1_CLEC9A,2.0667567835148977
GSM4138117,3,0.9554046003610646,16,29,mregDC_LAMP3,1.545535137604407
GSM4138126,11,1.0,16,29,cDC2_CD1C,1.0253307127483406
GSM4138140,11,0.9911600156829432,16,29,cDC2_CD1C,1.0253307127483406
GSM4138149,1,0.9572554279053604,15,29,cDC1_CLEC9A,2.0667567835148977
GSM4138161,13,0.9492882588164452,15,29,DC_pDC,1.0370050762275609
GSM4138135,6,0.926110575200574,15,29,Mac_SPP1,1.605560333162214
GSM4138143,11,0.9605208925743414,15,29,cDC2_CD1C,1.0253307127483406
GSM4138165,10,0.952449157010607,15,29,DC_pDC,1.0486708475017
GSM4138139,11,0.9439910665068536,15,29,cDC2_CD1C,1.0253307127483406
GSM4138159,11,0.9260129856698036,15,29,cDC2_CD1C,1.0253307127483406
GSM4138134,1,0.934326376486612,1145,30,DC_pDC,2.394938565130762
GSM4138156,1,0.8874114808129201,888,30,DC_pDC,2.394938565130762
GSM4138126,1,0.9528894346195136,708,30,DC_pDC,2.394938565130762
GSM4138116,1,0.9181860378310092,684,30,DC_pDC,2.394938565130762
GSM4138140,1,0.9153657669194428,661,30,DC_pDC,2.394938565130762
GSM4138142,1,0.8924724250894425,655,30,DC_pDC,2.394938565130762
GSM4138135,1,0.6848632067260267,649,30,DC_pDC,2.394938565130762
GSM4138120,1,0.8333197777893063,608,30,DC_pDC,2.394938565130762
GSM4138136,1,0.904388513465219,605,30,DC_pDC,2.394938565130762
GSM4138132,1,0.923316070739337,604,30,DC_pDC,2.394938565130762
GSM4138110,1,0.91899728128166,589,30,DC_pDC,2.394938565130762
GSM4138123,1,0.6518201116832512,566,30,DC_pDC,2.394938565130762
GSM4138130,1,0.914958690209563,554,30,DC_pDC,2.394938565130762
GSM4138138,1,0.8911121502783088,541,30,DC_pDC,2.394938565130762
GSM4138155,1,0.547965418608495,525,30,DC_pDC,2.394938565130762
GSM4138137,1,0.7184325704076351,523,30,DC_pDC,2.394938565130762
GSM4138128,1,0.8847725293419921,516,30,DC_pDC,2.394938565130762
GSM4138122,1,0.8847725293419921,516,30,DC_pDC,2.394938565130762
GSM4138125,1,0.6796774091823832,483,30,DC_pDC,2.394938565130762
GSM4138160,1,0.9026181965773936,478,30,DC_pDC,2.394938565130762
GSM4138162,1,0.8891854291584664,478,30,DC_pDC,2.394938565130762
GSM4138131,1,0.6846530352318402,469,30,DC_pDC,2.394938565130762
GSM4138141,1,0.6972851893378909,453,30,DC_pDC,2.394938565130762
GSM4138139,1,0.6600891185269447,452,30,DC_pDC,2.394938565130762
GSM4138152,1,0.858032245131666,449,30,DC_pDC,2.394938565130762
GSM4138146,1,0.8749429812172823,446,30,DC_pDC,2.394938565130762
GSM4138166,1,0.8749908398278052,444,30,DC_pDC,2.394938565130762
GSM4138165,1,0.881157182035151,419,30,DC_pDC,2.394938565130762
GSM4138163,1,0.9103140581088872,418,30,DC_pDC,2.394938565130762
GSM4138145,1,0.6982747435173507,398,30,DC_pDC,2.394938565130762
GSM4138154,1,0.8284972830772078,356,30,DC_pDC,2.394938565130762
GSM4138112,1,0.8671732922950671,344,30,DC_pDC,2.394938565130762
GSM4138114,1,0.8708946382403724,338,30,DC_pDC,2.394938565130762
GSM4138167,1,0.8908071917262034,324,30,DC_pDC,2.394938565130762
GSM4138124,1,0.9277007656974458,323,30,DC_pDC,2.394938565130762
GSM4138127,1,0.6840597171148937,301,30,DC_pDC,2.394938565130762
GSM4138117,1,0.6687752945659209,296,30,DC_pDC,2.394938565130762
GSM4138118,1,0.8701384488297516,289,30,DC_pDC,2.394938565130762
GSM4138144,1,0.8468645319742418,287,30,DC_pDC,2.394938565130762
GSM4138143,1,0.656745333608262,278,30,DC_pDC,2.394938565130762
GSM4138161,1,0.6367316496217752,274,30,DC_pDC,2.394938565130762
GSM4138158,1,0.8998893520999008,261,30,DC_pDC,2.394938565130762
GSM4138111,1,0.6990868569830745,228,30,DC_pDC,2.394938565130762
GSM4138129,1,0.7121941514703537,206,30,DC_pDC,2.394938565130762
GSM4138133,1,0.7245567765770504,199,30,DC_pDC,2.394938565130762
GSM4138150,1,0.892238741190912,181,30,DC_pDC,2.394938565130762
GSM4138148,1,0.8333892732371743,169,30,DC_pDC,2.394938565130762
GSM4138164,1,0.8569860284719066,148,30,DC_pDC,2.394938565130762
GSM4138131,6,0.6867071946526742,143,30,DC_pDC,1.059749003374456
GSM4138121,1,0.6208893839979819,134,30,DC_pDC,2.394938565130762
GSM4138141,6,0.6904640059265652,106,30,DC_pDC,1.059749003374456
GSM4138115,1,0.7429125021300127,104,30,DC_pDC,2.394938565130762
GSM4138113,1,0.7454505113750536,104,30,DC_pDC,2.394938565130762
GSM4138157,1,0.7213344537094664,103,30,DC_pDC,2.394938565130762
GSM4138159,1,0.7118560819602738,99,30,DC_pDC,2.394938565130762
GSM4138119,1,0.6243317076122856,96,30,DC_pDC,2.394938565130762
GSM4138139,2,0.7248864812934827,95,30,cDC2_CD1C,2.4014639075673028
GSM4138135,2,0.7294819486253541,95,30,cDC2_CD1C,2.4014639075673028
GSM4138161,6,0.7444716097472561,94,30,DC_pDC,1.059749003374456
GSM4138145,6,0.7545789624854964,82,30,DC_pDC,1.059749003374456
GSM4138137,2,0.7532496854817572,76,30,cDC2_CD1C,2.4014639075673028
GSM4138127,2,0.7184249306946303,69,30,cDC2_CD1C,2.4014639075673028
GSM4138111,6,0.7354280529018877,68,30,DC_pDC,1.059749003374456
GSM4138155,6,0.6783955119897008,67,30,DC_pDC,1.059749003374456
GSM4138131,2,0.7009119357822009,65,30,cDC2_CD1C,2.4014639075673028
GSM4138127,6,0.7582837132282729,54,30,DC_pDC,1.059749003374456
GSM4138143,6,0.8073921139243629,54,30,DC_pDC,1.059749003374456
GSM4138133,2,0.7665529597443128,45,30,cDC2_CD1C,2.4014639075673028
GSM4138134,2,0.984334177864736,44,30,cDC2_CD1C,2.4014639075673028
GSM4138155,2,0.6250141120290356,43,30,cDC2_CD1C,2.4014639075673028
GSM4138137,8,0.8109046875246395,41,30,DC_pDC,1.0220167653562295
GSM4138113,6,0.8437553749230399,41,30,DC_pDC,1.059749003374456
GSM4138123,6,0.8025248578411097,38,30,DC_pDC,1.059749003374456
GSM4138139,5,0.9670828028444728,38,30,Mast,1.3676423080619988
GSM4138157,6,0.8164486204638781,36,30,DC_pDC,1.059749003374456
GSM4138147,6,0.8106748919315458,36,30,DC_pDC,1.059749003374456
GSM4138137,6,0.8289767166637675,35,30,DC_pDC,1.059749003374456
GSM4138121,6,0.6890794506755933,35,30,DC_pDC,1.059749003374456
GSM4138133,6,0.8134804421214021,34,30,DC_pDC,1.059749003374456
GSM4138153,6,0.6682742963285172,33,30,DC_pDC,1.059749003374456
GSM4138111,2,0.7257567873007341,33,30,cDC2_CD1C,2.4014639075673028
GSM4138145,2,0.8574860609243001,32,30,cDC2_CD1C,2.4014639075673028
GSM4138137,12,0.8020100086284208,31,30,Mono_CD14_THBS1,1.006163011462616
GSM4138139,6,0.784376599884995,31,30,DC_pDC,1.059749003374456
GSM4138135,8,0.8424749956870496,31,30,DC_pDC,1.0220167653562295
GSM4138141,2,0.8182787661550849,31,30,cDC2_CD1C,2.4014639075673028
GSM4138129,6,0.8337920885463268,30,30,DC_pDC,1.059749003374456
GSM4138140,2,0.9962436436869776,29,30,cDC2_CD1C,2.4014639075673028
GSM4138153,1,0.8363274605914809,29,30,DC_pDC,2.394938565130762
GSM4138123,2,0.7992122955828862,28,30,cDC2_CD1C,2.4014639075673028
GSM4138131,8,0.858586149143,28,30,DC_pDC,1.0220167653562295
GSM4138161,2,0.7926972715467248,28,30,cDC2_CD1C,2.4014639075673028
GSM4138110,2,0.99359001905607,28,30,cDC2_CD1C,2.4014639075673028
GSM4138138,2,0.9787428535937056,28,30,cDC2_CD1C,2.4014639075673028
GSM4138142,2,0.9865483107688656,26,30,cDC2_CD1C,2.4014639075673028
GSM4138135,6,0.8837662404532617,26,30,DC_pDC,1.059749003374456
GSM4138115,6,0.8667357334357838,26,30,DC_pDC,1.059749003374456
GSM4138126,2,0.9812608531999316,25,30,cDC2_CD1C,2.4014639075673028
GSM4138155,8,0.7952060248115607,25,30,DC_pDC,1.0220167653562295
GSM4138135,12,0.8851670978350126,25,30,Mono_CD14_THBS1,1.006163011462616
GSM4138122,6,0.946928796880652,24,30,DC_pDC,1.059749003374456
GSM4138128,6,0.946928796880652,24,30,DC_pDC,1.059749003374456
GSM4138136,2,0.9912205810524116,23,30,cDC2_CD1C,2.4014639075673028
GSM4138143,5,0.9645149878809612,23,30,Mast,1.3676423080619988
GSM4138125,2,0.8848708786107022,22,30,cDC2_CD1C,2.4014639075673028
GSM4138161,15,0.9076549466484906,22,30,DC_pDC,1.006420840650618
GSM4138110,6,0.9648773781607316,21,30,DC_pDC,1.059749003374456
GSM4138139,7,0.9716635014425338,21,30,Mast,1.1243186260026252
GSM4138151,6,0.9540529900956553,21,30,DC_pDC,1.059749003374456
GSM4138156,6,0.9446743336613448,20,30,DC_pDC,1.059749003374456
GSM4138172,1,0.8486116315040229,19,30,DC_pDC,2.394938565130762
GSM4138134,6,0.9864063447033256,19,30,DC_pDC,1.059749003374456
GSM4138132,2,1.0,19,30,cDC2_CD1C,2.4014639075673028
GSM4138135,5,0.9554320278898272,19,30,Mast,1.3676423080619988
GSM4138121,2,0.8524085500439857,18,30,cDC2_CD1C,2.4014639075673028
GSM4138116,2,0.9950990964099916,18,30,cDC2_CD1C,2.4014639075673028
GSM4138131,12,0.8714571189308659,18,30,Mono_CD14_THBS1,1.006163011462616
GSM4138133,12,0.8709419131900118,18,30,Mono_CD14_THBS1,1.006163011462616
GSM4138130,8,0.9712642107344558,18,30,DC_pDC,1.0220167653562295
GSM4138111,5,0.9666907200837448,18,30,Mast,1.3676423080619988
GSM4138159,6,0.8896267708774556,18,30,DC_pDC,1.059749003374456
GSM4138131,5,0.9698296203761932,17,30,Mast,1.3676423080619988
GSM4138126,6,0.9819088054189916,17,30,DC_pDC,1.059749003374456
GSM4138112,8,0.9766805103886048,16,30,DC_pDC,1.0220167653562295
GSM4138171,6,0.9318960060653868,16,30,DC_pDC,1.059749003374456
GSM4138155,5,0.938964637099672,16,30,Mast,1.3676423080619988
GSM4138152,6,0.9381670841909304,16,30,DC_pDC,1.059749003374456
GSM4138141,12,0.8750546431321036,16,30,Mono_CD14_THBS1,1.006163011462616
GSM4138134,8,0.9884836124116556,15,30,DC_pDC,1.0220167653562295
GSM4138115,12,0.9426417599631964,15,30,Mono_CD14_THBS1,1.006163011462616
GSM4138147,1,0.8883693887678663,15,30,DC_pDC,2.394938565130762
GSM4138132,6,1.0,15,30,DC_pDC,1.059749003374456
GSM4138156,2,0.9897978472407508,15,30,cDC2_CD1C,2.4014639075673028
GSM4138127,8,0.9770023816955496,15,30,DC_pDC,1.0220167653562295
GSM4138112,6,0.9410711802424876,15,30,DC_pDC,1.059749003374456
GSM4138130,2,1.0,15,30,cDC2_CD1C,2.4014639075673028
GSM4138134,2,0.9408052029969192,645,31,DC_pDC,1.4455094126434005
GSM4138156,2,0.9056064211614702,500,31,DC_pDC,1.4455094126434005
GSM4138123,3,0.6592656155797775,371,31,cDC2_CD1C,1.3664288374098756
GSM4138116,2,0.940276197357358,362,31,DC_pDC,1.4455094126434005
GSM4138132,2,0.9369684694261072,341,31,DC_pDC,1.4455094126434005
GSM4138120,2,0.8808579552048554,340,31,DC_pDC,1.4455094126434005
GSM4138131,3,0.6855763014591851,335,31,cDC2_CD1C,1.3664288374098756
GSM4138135,2,0.7087302504113652,332,31,DC_pDC,1.4455094126434005
GSM4138140,2,0.9334808598390268,309,31,DC_pDC,1.4455094126434005
GSM4138145,3,0.703250089492675,309,31,cDC2_CD1C,1.3664288374098756
GSM4138142,2,0.9153927062517014,303,31,DC_pDC,1.4455094126434005
GSM4138137,2,0.7316371849801248,287,31,DC_pDC,1.4455094126434005
GSM4138138,2,0.9136642007196172,266,31,DC_pDC,1.4455094126434005
GSM4138136,2,0.941757481900068,266,31,DC_pDC,1.4455094126434005
GSM4138128,3,0.8786967199774878,263,31,cDC2_CD1C,1.3664288374098756
GSM4138122,3,0.8786967199774878,263,31,cDC2_CD1C,1.3664288374098756
GSM4138155,3,0.5993749562355036,261,31,cDC2_CD1C,1.3664288374098756
GSM4138152,3,0.8476776185059424,260,31,cDC2_CD1C,1.3664288374098756
GSM4138126,5,0.9674615757787564,255,31,DC_pDC,1.295292843185346
GSM4138141,3,0.6939219459561629,254,31,cDC2_CD1C,1.3664288374098756
GSM4138126,2,0.9652465969983762,252,31,DC_pDC,1.4455094126434005
GSM4138134,3,0.9301365618833888,245,31,cDC2_CD1C,1.3664288374098756
GSM4138110,3,0.8912886533437179,227,31,cDC2_CD1C,1.3664288374098756
GSM4138162,3,0.8817421154286378,227,31,cDC2_CD1C,1.3664288374098756
GSM4138134,5,0.9133620746722526,219,31,DC_pDC,1.295292843185346
GSM4138130,2,0.9318905477644802,217,31,DC_pDC,1.4455094126434005
GSM4138140,3,0.8921128839660539,209,31,cDC2_CD1C,1.3664288374098756
GSM4138139,3,0.6650916079340095,209,31,cDC2_CD1C,1.3664288374098756
GSM4138110,2,0.9582727716151394,208,31,DC_pDC,1.4455094126434005
GSM4138120,3,0.813387891142938,208,31,cDC2_CD1C,1.3664288374098756
GSM4138141,2,0.7006131506962479,206,31,DC_pDC,1.4455094126434005
GSM4138136,3,0.87607627915526,203,31,cDC2_CD1C,1.3664288374098756
GSM4138163,3,0.8874710454521667,200,31,cDC2_CD1C,1.3664288374098756
GSM4138161,3,0.6223600641680834,197,31,cDC2_CD1C,1.3664288374098756
GSM4138156,3,0.864666976671137,196,31,cDC2_CD1C,1.3664288374098756
GSM4138160,2,0.923554652350812,196,31,DC_pDC,1.4455094126434005
GSM4138126,3,0.9225530035085566,190,31,cDC2_CD1C,1.3664288374098756
GSM4138142,3,0.8741691654484425,188,31,cDC2_CD1C,1.3664288374098756
GSM4138154,2,0.9129085047515916,187,31,DC_pDC,1.4455094126434005
GSM4138156,5,0.8937242364339746,185,31,DC_pDC,1.295292843185346
GSM4138130,5,0.8895475643321312,180,31,DC_pDC,1.295292843185346
GSM4138135,3,0.6723636491740208,180,31,cDC2_CD1C,1.3664288374098756
GSM4138111,3,0.7085792826918971,174,31,cDC2_CD1C,1.3664288374098756
GSM4138166,2,0.9069427414911572,173,31,DC_pDC,1.4455094126434005
GSM4138138,3,0.886279431063833,173,31,cDC2_CD1C,1.3664288374098756
GSM4138165,2,0.9036744393029436,171,31,DC_pDC,1.4455094126434005
GSM4138131,2,0.7290618299946999,171,31,DC_pDC,1.4455094126434005
GSM4138160,3,0.8771644519380477,170,31,cDC2_CD1C,1.3664288374098756
GSM4138166,3,0.8474543297998729,167,31,cDC2_CD1C,1.3664288374098756
GSM4138137,3,0.7364045708156437,162,31,cDC2_CD1C,1.3664288374098756
GSM4138146,2,0.9123079130927624,161,31,DC_pDC,1.4455094126434005
GSM4138125,4,0.7112666701041133,159,31,Mac_SPP1,2.5671907800681386
GSM4138123,2,0.6436609646382685,156,31,DC_pDC,1.4455094126434005
GSM4138130,3,0.9121683333851968,155,31,cDC2_CD1C,1.3664288374098756
GSM4138144,3,0.8258581375796767,154,31,cDC2_CD1C,1.3664288374098756
GSM4138143,3,0.7018741864047744,154,31,cDC2_CD1C,1.3664288374098756
GSM4138116,3,0.8726670633437731,154,31,cDC2_CD1C,1.3664288374098756
GSM4138118,3,0.8608612170023788,152,31,cDC2_CD1C,1.3664288374098756
GSM4138133,2,0.7401566421329013,150,31,DC_pDC,1.4455094126434005
GSM4138146,3,0.8495688545167245,149,31,cDC2_CD1C,1.3664288374098756
GSM4138165,5,0.8733760068806192,148,31,DC_pDC,1.295292843185346
GSM4138132,5,0.9455067071787808,145,31,DC_pDC,1.295292843185346
GSM4138127,3,0.7220988393462918,143,31,cDC2_CD1C,1.3664288374098756
GSM4138155,5,0.6204911251526977,143,31,DC_pDC,1.295292843185346
GSM4138110,5,0.9115257090316452,142,31,DC_pDC,1.295292843185346
GSM4138114,3,0.8541333780439058,141,31,cDC2_CD1C,1.3664288374098756
GSM4138154,3,0.781516935340846,140,31,cDC2_CD1C,1.3664288374098756
GSM4138112,2,0.9132801832236714,139,31,DC_pDC,1.4455094126434005
GSM4138125,3,0.7055868497502638,139,31,cDC2_CD1C,1.3664288374098756
GSM4138139,2,0.7309535354474773,139,31,DC_pDC,1.4455094126434005
GSM4138135,5,0.7169885349760488,139,31,DC_pDC,1.295292843185346
GSM4138131,5,0.6940369144627694,137,31,DC_pDC,1.295292843185346
GSM4138125,2,0.737995713796015,137,31,DC_pDC,1.4455094126434005
GSM4138167,2,0.9384020479116042,135,31,DC_pDC,1.4455094126434005
GSM4138155,2,0.5763126199066578,135,31,DC_pDC,1.4455094126434005
GSM4138142,5,0.9282827130114366,134,31,DC_pDC,1.295292843185346
GSM4138162,2,0.943897881117091,131,31,DC_pDC,1.4455094126434005
GSM4138122,5,0.8902521675230517,129,31,DC_pDC,1.295292843185346
GSM4138128,5,0.8902521675230517,129,31,DC_pDC,1.295292843185346
GSM4138122,2,0.9379725783785384,128,31,DC_pDC,1.4455094126434005
GSM4138128,2,0.9379725783785384,128,31,DC_pDC,1.4455094126434005
GSM4138117,3,0.7150578677343209,128,31,cDC2_CD1C,1.3664288374098756
GSM4138140,5,0.9474883865114152,127,31,DC_pDC,1.295292843185346
GSM4138152,2,0.9204071234060602,126,31,DC_pDC,1.4455094126434005
GSM4138137,5,0.7255539901275736,124,31,DC_pDC,1.295292843185346
GSM4138124,2,0.9636547689574692,121,31,DC_pDC,1.4455094126434005
GSM4138146,5,0.8797263771063366,121,31,DC_pDC,1.295292843185346
GSM4138116,5,0.9589566010271884,120,31,DC_pDC,1.295292843185346
GSM4138127,2,0.7632232287761951,115,31,DC_pDC,1.4455094126434005
GSM4138145,2,0.7201698190337873,111,31,DC_pDC,1.4455094126434005
GSM4138112,5,0.8379255726423475,111,31,DC_pDC,1.295292843185346
GSM4138158,2,0.9457144731891212,110,31,DC_pDC,1.4455094126434005
GSM4138112,3,0.8462298244608666,108,31,cDC2_CD1C,1.3664288374098756
GSM4138132,3,0.94658200554492,107,31,cDC2_CD1C,1.3664288374098756
GSM4138166,5,0.9343507607082496,106,31,DC_pDC,1.295292843185346
GSM4138124,3,0.9218152144361405,106,31,cDC2_CD1C,1.3664288374098756
GSM4138162,5,0.8886602846129759,104,31,DC_pDC,1.295292843185346
GSM4138136,5,0.944533337037372,102,31,DC_pDC,1.295292843185346
GSM4138117,2,0.7150043912260294,102,31,DC_pDC,1.4455094126434005
GSM4138163,2,0.946522180324006,101,31,DC_pDC,1.4455094126434005
GSM4138158,3,0.8855332744652977,101,31,cDC2_CD1C,1.3664288374098756
GSM4138143,2,0.6872275866128571,100,31,DC_pDC,1.4455094126434005
GSM4138134,1,0.9612920590673856,98,31,cDC2_CD1C,2.398934623180487
GSM4138135,1,0.7205606839849685,98,31,cDC2_CD1C,2.398934623180487
GSM4138160,5,0.8410267168047929,98,31,DC_pDC,1.295292843185346
GSM4138114,5,0.8757026809674866,98,31,DC_pDC,1.295292843185346
GSM4138163,5,0.8979349705304379,97,31,DC_pDC,1.295292843185346
GSM4138138,5,0.934486828284558,97,31,DC_pDC,1.295292843185346
GSM4138139,1,0.7418562805004423,97,31,cDC2_CD1C,2.398934623180487
GSM4138114,2,0.921064744657085,96,31,DC_pDC,1.4455094126434005
GSM4138167,5,0.9308238281259662,96,31,DC_pDC,1.295292843185346
GSM4138118,2,0.9251361446313072,95,31,DC_pDC,1.4455094126434005
GSM4138165,3,0.8584034689479366,95,31,cDC2_CD1C,1.3664288374098756
GSM4138141,5,0.8050693851350902,92,31,DC_pDC,1.295292843185346
GSM4138144,2,0.9265996208522967,91,31,DC_pDC,1.4455094126434005
GSM4138115,2,0.7164652330333399,90,31,DC_pDC,1.4455094126434005
GSM4138161,2,0.7006739588217898,88,31,DC_pDC,1.4455094126434005
GSM4138167,3,0.8768053147228498,88,31,cDC2_CD1C,1.3664288374098756
GSM4138129,2,0.7554968903177551,83,31,DC_pDC,1.4455094126434005
GSM4138129,3,0.7340626923001403,83,31,cDC2_CD1C,1.3664288374098756
GSM4138124,5,0.9223287719282842,83,31,DC_pDC,1.295292843185346
GSM4138121,3,0.5985554333341896,81,31,cDC2_CD1C,1.3664288374098756
GSM4138137,1,0.7510934709761907,80,31,cDC2_CD1C,2.398934623180487
GSM4138143,5,0.7926945399766967,80,31,DC_pDC,1.295292843185346
GSM4138119,3,0.6024238362761167,78,31,cDC2_CD1C,1.3664288374098756
GSM4138127,1,0.7599462897926267,76,31,cDC2_CD1C,2.398934623180487
GSM4138127,5,0.751519207172263,75,31,DC_pDC,1.295292843185346
GSM4138131,1,0.6875471549485725,75,31,cDC2_CD1C,2.398934623180487
GSM4138155,4,0.6295735810715896,72,31,Mac_SPP1,2.5671907800681386
GSM4138161,5,0.7093930197433622,71,31,DC_pDC,1.295292843185346
GSM4138150,3,0.875649421364869,70,31,cDC2_CD1C,1.3664288374098756
GSM4138139,4,0.7333840357120383,69,31,Mac_SPP1,2.5671907800681386
GSM4138150,2,0.944076998560856,68,31,DC_pDC,1.4455094126434005
GSM4138133,3,0.781718340972299,67,31,cDC2_CD1C,1.3664288374098756
GSM4138123,1,0.6635932243203772,67,31,cDC2_CD1C,2.398934623180487
GSM4138116,1,0.9427514328751948,66,31,cDC2_CD1C,2.398934623180487
GSM4138110,1,0.9689414186805848,65,31,cDC2_CD1C,2.398934623180487
GSM4138148,3,0.8198085951707168,65,31,cDC2_CD1C,1.3664288374098756
GSM4138159,2,0.758014671335297,64,31,DC_pDC,1.4455094126434005
GSM4138111,5,0.7824216483581921,63,31,DC_pDC,1.295292843185346
GSM4138136,1,0.9751614747712728,63,31,cDC2_CD1C,2.398934623180487
GSM4138113,3,0.7667974881067523,62,31,cDC2_CD1C,1.3664288374098756
GSM4138157,2,0.7604833854027551,61,31,DC_pDC,1.4455094126434005
GSM4138117,5,0.7820172768843645,61,31,DC_pDC,1.295292843185346
GSM4138139,7,0.9414305856696902,61,31,Mast,2.1809938014025874
GSM4138139,5,0.7743755662502582,60,31,DC_pDC,1.295292843185346
GSM4138157,3,0.7221648245367419,60,31,cDC2_CD1C,1.3664288374098756
GSM4138148,2,0.9389207467004752,58,31,DC_pDC,1.4455094126434005
GSM4138142,1,0.9558429732424572,57,31,cDC2_CD1C,2.398934623180487
GSM4138126,1,0.9559641799584218,57,31,cDC2_CD1C,2.398934623180487
GSM4138152,5,0.918189320917106,57,31,DC_pDC,1.295292843185346
GSM4138121,2,0.6738630177140529,53,31,DC_pDC,1.4455094126434005
GSM4138140,1,0.9806867129644604,53,31,cDC2_CD1C,2.398934623180487
GSM4138111,2,0.7146585485477279,53,31,DC_pDC,1.4455094126434005
GSM4138156,1,0.9372998592993094,52,31,cDC2_CD1C,2.398934623180487
GSM4138164,2,0.8855187027448568,52,31,DC_pDC,1.4455094126434005
GSM4138148,5,0.897302813925879,51,31,DC_pDC,1.295292843185346
GSM4138164,3,0.8406474371001037,50,31,cDC2_CD1C,1.3664288374098756
GSM4138129,5,0.7477888985179644,50,31,DC_pDC,1.295292843185346
GSM4138141,1,0.758887469158782,50,31,cDC2_CD1C,2.398934623180487
GSM4138145,1,0.8037684186317248,49,31,cDC2_CD1C,2.398934623180487
GSM4138115,3,0.7788847140901959,49,31,cDC2_CD1C,1.3664288374098756
GSM4138135,4,0.8083330072265645,49,31,Mac_SPP1,2.5671907800681386
GSM4138133,1,0.7451618164568037,49,31,cDC2_CD1C,2.398934623180487
GSM4138113,5,0.8253795549956686,47,31,DC_pDC,1.295292843185346
GSM4138132,1,0.9751599008348816,47,31,cDC2_CD1C,2.398934623180487
GSM4138158,5,0.965932420889036,47,31,DC_pDC,1.295292843185346
GSM4138159,3,0.7675785474264276,46,31,cDC2_CD1C,1.3664288374098756
GSM4138150,5,0.9095576436747788,46,31,DC_pDC,1.295292843185346
GSM4138164,5,0.917744074336648,45,31,DC_pDC,1.295292843185346
GSM4138113,2,0.7674572037637348,45,31,DC_pDC,1.4455094126434005
GSM4138111,1,0.7322093714659184,44,31,cDC2_CD1C,2.398934623180487
GSM4138155,1,0.6961469288976583,44,31,cDC2_CD1C,2.398934623180487
GSM4138137,4,0.7947421946316936,44,31,Mac_SPP1,2.5671907800681386
GSM4138138,1,0.9713239990674072,44,31,cDC2_CD1C,2.398934623180487
GSM4138130,1,0.9541306622008998,43,31,cDC2_CD1C,2.398934623180487
GSM4138153,3,0.7127237016420822,43,31,cDC2_CD1C,1.3664288374098756
GSM4138123,5,0.6935208058878084,43,31,DC_pDC,1.295292843185346
GSM4138125,5,0.8961997093835724,42,31,DC_pDC,1.295292843185346
GSM4138145,5,0.8567232661869191,41,31,DC_pDC,1.295292843185346
GSM4138162,1,0.961385036013123,39,31,cDC2_CD1C,2.398934623180487
GSM4138120,5,0.8937114012445652,39,31,DC_pDC,1.295292843185346
GSM4138146,1,0.9400738265289188,37,31,cDC2_CD1C,2.398934623180487
GSM4138128,1,0.9664555114631028,36,31,cDC2_CD1C,2.398934623180487
GSM4138118,5,0.9634413442440558,36,31,DC_pDC,1.295292843185346
GSM4138122,1,0.9664555114631028,36,31,cDC2_CD1C,2.398934623180487
GSM4138160,1,0.9751443764742302,36,31,cDC2_CD1C,2.398934623180487
GSM4138163,1,0.9697163422432536,36,31,cDC2_CD1C,2.398934623180487
GSM4138161,1,0.7638266248461462,35,31,cDC2_CD1C,2.398934623180487
GSM4138125,1,0.7855818961876009,33,31,cDC2_CD1C,2.398934623180487
GSM4138161,15,0.8944108074333393,32,31,DC_pDC,1.0079393717726433
GSM4138117,1,0.8016733820885178,32,31,cDC2_CD1C,2.398934623180487
GSM4138133,5,0.8565688178985776,32,31,DC_pDC,1.295292843185346
GSM4138144,5,0.9555968661655214,32,31,DC_pDC,1.295292843185346
GSM4138143,7,0.9499099441330964,31,31,Mast,2.1809938014025874
GSM4138157,5,0.8267283638680161,30,31,DC_pDC,1.295292843185346
GSM4138120,1,0.947156857975517,28,31,cDC2_CD1C,2.398934623180487
GSM4138124,1,0.9903641812285612,28,31,cDC2_CD1C,2.398934623180487
GSM4138111,7,0.8606534545202665,27,31,Mast,2.1809938014025874
GSM4138165,1,0.9591021746537732,27,31,cDC2_CD1C,2.398934623180487
GSM4138121,5,0.7555707941009643,26,31,DC_pDC,1.295292843185346
GSM4138147,5,0.92246387753569,26,31,DC_pDC,1.295292843185346
GSM4138135,7,0.9088745137419194,26,31,Mast,2.1809938014025874
GSM4138152,1,0.970696297495215,25,31,cDC2_CD1C,2.398934623180487
GSM4138114,1,0.99198007860105,25,31,cDC2_CD1C,2.398934623180487
GSM4138144,1,0.9662568683085996,23,31,cDC2_CD1C,2.398934623180487
GSM4138154,5,0.9076934715711504,23,31,DC_pDC,1.295292843185346
GSM4138167,1,0.9628490436403306,23,31,cDC2_CD1C,2.398934623180487
GSM4138166,1,0.9734924729883162,23,31,cDC2_CD1C,2.398934623180487
GSM4138127,6,0.8220457495351893,22,31,Mac_SPP1,2.4244605530365524
GSM4138112,1,0.9654028637442772,21,31,cDC2_CD1C,2.398934623180487
GSM4138158,1,0.987035616552036,21,31,cDC2_CD1C,2.398934623180487
GSM4138155,7,0.8940613767781529,20,31,Mast,2.1809938014025874
GSM4138147,2,0.8663569282497514,20,31,DC_pDC,1.4455094126434005
GSM4138131,7,0.9536975701437346,19,31,Mast,2.1809938014025874
GSM4138135,6,0.9356415215516618,19,31,Mac_SPP1,2.4244605530365524
GSM4138121,4,0.925339105873,18,31,Mac_SPP1,2.5671907800681386
GSM4138129,4,0.8707277406487265,17,31,Mac_SPP1,2.5671907800681386
GSM4138172,3,0.909712294565769,17,31,cDC2_CD1C,1.3664288374098756
GSM4138121,1,0.8458402676510827,16,31,cDC2_CD1C,2.398934623180487
GSM4138129,1,0.981096818815708,16,31,cDC2_CD1C,2.398934623180487
GSM4138154,1,0.967981144817458,16,31,cDC2_CD1C,2.398934623180487
GSM4138119,4,0.9293009662546922,15,31,Mac_SPP1,2.5671907800681386
GSM4138151,5,0.9156835944311484,15,31,DC_pDC,1.295292843185346
GSM4138159,1,0.9779622909184676,15,31,cDC2_CD1C,2.398934623180487
GSM4138150,1,0.9896769564663892,15,31,cDC2_CD1C,2.398934623180487
GSM4138134,1,0.9319097660573104,1225,32,DC_pDC,2.611407955687721
GSM4138156,1,0.8850961703107132,934,32,DC_pDC,2.611407955687721
GSM4138135,1,0.668306270955386,804,32,DC_pDC,2.611407955687721
GSM4138126,1,0.9523888250257184,758,32,DC_pDC,2.611407955687721
GSM4138131,1,0.6575247242583864,719,32,DC_pDC,2.611407955687721
GSM4138116,1,0.917358931747166,704,32,DC_pDC,2.611407955687721
GSM4138140,1,0.912773838348506,704,32,DC_pDC,2.611407955687721
GSM4138137,1,0.7091911724853905,701,32,DC_pDC,2.611407955687721
GSM4138142,1,0.8934213929838504,685,32,DC_pDC,2.611407955687721
GSM4138155,1,0.543374924100221,647,32,DC_pDC,2.611407955687721
GSM4138110,1,0.9113224943718408,646,32,DC_pDC,2.611407955687721
GSM4138123,1,0.6411580156350419,646,32,DC_pDC,2.611407955687721
GSM4138132,1,0.9254583015596696,645,32,DC_pDC,2.611407955687721
GSM4138136,1,0.9020476828587024,638,32,DC_pDC,2.611407955687721
GSM4138120,1,0.834729033910994,615,32,DC_pDC,2.611407955687721
GSM4138141,1,0.6829494354744134,604,32,DC_pDC,2.611407955687721
GSM4138130,1,0.910716026033196,600,32,DC_pDC,2.611407955687721
GSM4138138,1,0.8919315721369743,584,32,DC_pDC,2.611407955687721
GSM4138139,1,0.658161211445957,567,32,DC_pDC,2.611407955687721
GSM4138128,1,0.8878942191963216,563,32,DC_pDC,2.611407955687721
GSM4138122,1,0.8878942191963216,563,32,DC_pDC,2.611407955687721
GSM4138145,1,0.6789335404683001,517,32,DC_pDC,2.611407955687721
GSM4138125,1,0.6759666779949569,503,32,DC_pDC,2.611407955687721
GSM4138162,1,0.8833853574390184,501,32,DC_pDC,2.611407955687721
GSM4138160,1,0.876137425296717,501,32,DC_pDC,2.611407955687721
GSM4138166,1,0.8737368025313612,473,32,DC_pDC,2.611407955687721
GSM4138152,1,0.8552392618974339,472,32,DC_pDC,2.611407955687721
GSM4138146,1,0.8750594097436273,470,32,DC_pDC,2.611407955687721
GSM4138165,1,0.8759417157841863,443,32,DC_pDC,2.611407955687721
GSM4138163,1,0.9017022060926024,440,32,DC_pDC,2.611407955687721
GSM4138127,1,0.6892338663701015,410,32,DC_pDC,2.611407955687721
GSM4138161,1,0.6015022098396086,393,32,DC_pDC,2.611407955687721
GSM4138112,1,0.8452848364113356,380,32,DC_pDC,2.611407955687721
GSM4138154,1,0.8187842866252133,367,32,DC_pDC,2.611407955687721
GSM4138114,1,0.8672528044809852,359,32,DC_pDC,2.611407955687721
GSM4138143,1,0.6416962340515202,350,32,DC_pDC,2.611407955687721
GSM4138167,1,0.8943274589891063,346,32,DC_pDC,2.611407955687721
GSM4138124,1,0.9285486185091616,339,32,DC_pDC,2.611407955687721
GSM4138111,1,0.6723083300384027,336,32,DC_pDC,2.611407955687721
GSM4138117,1,0.6709409513872743,324,32,DC_pDC,2.611407955687721
GSM4138133,1,0.6886235571753014,307,32,DC_pDC,2.611407955687721
GSM4138144,1,0.8434362988791317,303,32,DC_pDC,2.611407955687721
GSM4138118,1,0.8712295308447853,293,32,DC_pDC,2.611407955687721
GSM4138158,1,0.8939230785923881,282,32,DC_pDC,2.611407955687721
GSM4138129,1,0.7026458840809005,251,32,DC_pDC,2.611407955687721
GSM4138150,1,0.881491052286145,199,32,DC_pDC,2.611407955687721
GSM4138121,1,0.5918693420709328,191,32,DC_pDC,2.611407955687721
GSM4138148,1,0.8272253889713892,186,32,DC_pDC,2.611407955687721
GSM4138113,1,0.6977578369811464,163,32,DC_pDC,2.611407955687721
GSM4138157,1,0.6805179962079176,161,32,DC_pDC,2.611407955687721
GSM4138164,1,0.844278666763004,160,32,DC_pDC,2.611407955687721
GSM4138115,1,0.6882092178344708,158,32,DC_pDC,2.611407955687721
GSM4138159,1,0.6830117412681186,140,32,DC_pDC,2.611407955687721
GSM4138119,1,0.6121164566075092,104,32,DC_pDC,2.611407955687721
GSM4138153,1,0.6759258621962118,64,32,DC_pDC,2.611407955687721
GSM4138147,1,0.7052317915282154,57,32,DC_pDC,2.611407955687721
GSM4138151,1,0.857104375122357,36,32,DC_pDC,2.611407955687721
GSM4138172,1,0.8382830001979142,35,32,DC_pDC,2.611407955687721
GSM4138139,8,0.9607794654356676,34,32,Mast,1.2126058602012693
GSM4138171,1,0.8629410773948336,32,32,DC_pDC,2.611407955687721
GSM4138149,1,0.8120087836956185,26,32,DC_pDC,2.611407955687721
GSM4138127,6,0.9324288797499636,26,32,Mac_SPP1,1.2750777339168686
GSM4138170,1,0.8732818831219271,25,32,DC_pDC,2.611407955687721
GSM4138143,8,0.9583303607206298,24,32,Mast,1.2126058602012693
GSM4138161,16,0.9073063643287655,21,32,DC_pDC,1.0053693231611491
GSM4138168,1,0.9139235808638492,20,32,DC_pDC,2.611407955687721
GSM4138169,1,0.935692948913352,19,32,DC_pDC,2.611407955687721
GSM4138161,18,0.9528775929942138,17,32,DC_pDC,1.0045977477575083
GSM4138125,6,0.8786481253556642,17,32,Mac_SPP1,1.2750777339168686
GSM4138139,19,0.9747593250558492,17,32,Mast,1.003537177884792
GSM4138135,8,0.9832419495046332,17,32,Mast,1.2126058602012693
GSM4138155,8,0.9240056527925282,16,32,Mast,1.2126058602012693
GSM4138134,3,0.9322299576324872,669,33,DC_pDC,1.5902381611651413
GSM4138156,3,0.9022822175095786,594,33,DC_pDC,1.5902381611651413
GSM4138120,2,0.8273061885138008,460,33,DC_pDC,1.709545556399933
GSM4138126,3,0.9649549930342912,447,33,DC_pDC,1.5902381611651413
GSM4138123,2,0.6558079497013585,432,33,DC_pDC,1.709545556399933
GSM4138132,3,0.937380873136527,414,33,DC_pDC,1.5902381611651413
GSM4138145,2,0.6937843891713816,401,33,DC_pDC,1.709545556399933
GSM4138155,2,0.5670355525626845,401,33,DC_pDC,1.709545556399933
GSM4138131,2,0.6743329234305665,393,33,DC_pDC,1.709545556399933
GSM4138134,2,0.9296952190719237,390,33,DC_pDC,1.709545556399933
GSM4138130,3,0.902295912004306,373,33,DC_pDC,1.5902381611651413
GSM4138152,2,0.8517828529819569,366,33,DC_pDC,1.709545556399933
GSM4138141,2,0.6832255017652173,357,33,DC_pDC,1.709545556399933
GSM4138116,3,0.948264191815897,331,33,DC_pDC,1.5902381611651413
GSM4138125,2,0.6856493168173349,331,33,DC_pDC,1.709545556399933
GSM4138140,3,0.9288546458337652,330,33,DC_pDC,1.5902381611651413
GSM4138128,2,0.8773012096840584,330,33,DC_pDC,1.709545556399933
GSM4138122,2,0.8773012096840584,330,33,DC_pDC,1.709545556399933
GSM4138135,3,0.7164455680943224,319,33,DC_pDC,1.5902381611651413
GSM4138110,2,0.8949310043948332,317,33,DC_pDC,1.709545556399933
GSM4138142,3,0.9111564697493604,306,33,DC_pDC,1.5902381611651413
GSM4138136,2,0.8939210352400672,305,33,DC_pDC,1.709545556399933
GSM4138142,2,0.8826162884524053,298,33,DC_pDC,1.709545556399933
GSM4138162,2,0.8795777878263964,291,33,DC_pDC,1.709545556399933
GSM4138116,2,0.9003923600226754,290,33,DC_pDC,1.709545556399933
GSM4138140,2,0.9007527492023694,290,33,DC_pDC,1.709545556399933
GSM4138154,2,0.810158817159535,288,33,DC_pDC,1.709545556399933
GSM4138161,2,0.6047493652175687,288,33,DC_pDC,1.709545556399933
GSM4138165,3,0.9051474447572776,287,33,DC_pDC,1.5902381611651413
GSM4138139,2,0.6614386155941645,283,33,DC_pDC,1.709545556399933
GSM4138137,3,0.7471989309010871,275,33,DC_pDC,1.5902381611651413
GSM4138135,2,0.6759894016593555,275,33,DC_pDC,1.709545556399933
GSM4138156,2,0.8688305515711712,270,33,DC_pDC,1.709545556399933
GSM4138163,2,0.8948808269272922,261,33,DC_pDC,1.709545556399933
GSM4138138,2,0.8799260369624182,259,33,DC_pDC,1.709545556399933
GSM4138160,2,0.8873446309630711,255,33,DC_pDC,1.709545556399933
GSM4138138,3,0.9130860884263252,252,33,DC_pDC,1.5902381611651413
GSM4138136,3,0.933639833390642,251,33,DC_pDC,1.5902381611651413
GSM4138137,2,0.7278307766717189,246,33,DC_pDC,1.709545556399933
GSM4138110,3,0.926818132641068,239,33,DC_pDC,1.5902381611651413
GSM4138126,2,0.9325729147816008,233,33,DC_pDC,1.709545556399933
GSM4138131,3,0.6879556883929139,228,33,DC_pDC,1.5902381611651413
GSM4138166,3,0.9062585928009428,226,33,DC_pDC,1.5902381611651413
GSM4138118,2,0.8558302976605472,225,33,DC_pDC,1.709545556399933
GSM4138146,2,0.8587794215801837,224,33,DC_pDC,1.709545556399933
GSM4138111,2,0.6864114421875075,221,33,DC_pDC,1.709545556399933
GSM4138112,3,0.8485906023869173,211,33,DC_pDC,1.5902381611651413
GSM4138160,3,0.8561708980595957,210,33,DC_pDC,1.5902381611651413
GSM4138146,3,0.8975615892472295,208,33,DC_pDC,1.5902381611651413
GSM4138144,2,0.8306706891149429,208,33,DC_pDC,1.709545556399933
GSM4138166,2,0.8572939687453598,207,33,DC_pDC,1.709545556399933
GSM4138127,2,0.7101095200204608,206,33,DC_pDC,1.709545556399933
GSM4138167,3,0.9402146160808156,201,33,DC_pDC,1.5902381611651413
GSM4138143,2,0.6615946835515443,197,33,DC_pDC,1.709545556399933
GSM4138122,3,0.9240805098634968,185,33,DC_pDC,1.5902381611651413
GSM4138128,3,0.9240805098634968,185,33,DC_pDC,1.5902381611651413
GSM4138117,2,0.695498660789726,181,33,DC_pDC,1.709545556399933
GSM4138114,3,0.8807227283854255,175,33,DC_pDC,1.5902381611651413
GSM4138162,3,0.887688686247237,167,33,DC_pDC,1.5902381611651413
GSM4138124,3,0.9491314303238771,166,33,DC_pDC,1.5902381611651413
GSM4138141,3,0.7435813441349809,165,33,DC_pDC,1.5902381611651413
GSM4138130,2,0.9223558238233464,163,33,DC_pDC,1.709545556399933
GSM4138155,3,0.597261127665307,159,33,DC_pDC,1.5902381611651413
GSM4138114,2,0.8606905826619481,157,33,DC_pDC,1.709545556399933
GSM4138135,1,0.689230763620482,149,33,cDC2_CD1C,2.4079960912584246
GSM4138132,2,0.926215943116772,145,33,DC_pDC,1.709545556399933
GSM4138112,2,0.8476883087036232,143,33,DC_pDC,1.709545556399933
GSM4138139,1,0.7350100019265234,141,33,cDC2_CD1C,2.4079960912584246
GSM4138134,1,0.9663211368296571,140,33,cDC2_CD1C,2.4079960912584246
GSM4138133,3,0.7272173850536124,140,33,DC_pDC,1.5902381611651413
GSM4138129,2,0.7172178598774247,138,33,DC_pDC,1.709545556399933
GSM4138158,2,0.8869825214537949,137,33,DC_pDC,1.709545556399933
GSM4138163,3,0.899355306778014,136,33,DC_pDC,1.5902381611651413
GSM4138124,2,0.918807725850198,136,33,DC_pDC,1.709545556399933
GSM4138165,2,0.8460328189714357,128,33,DC_pDC,1.709545556399933
GSM4138139,3,0.7347114363779345,127,33,DC_pDC,1.5902381611651413
GSM4138143,3,0.6925340608927557,124,33,DC_pDC,1.5902381611651413
GSM4138120,3,0.914424594716711,122,33,DC_pDC,1.5902381611651413
GSM4138137,1,0.7436108143810314,121,33,cDC2_CD1C,2.4079960912584246
GSM4138121,2,0.6060892525515479,121,33,DC_pDC,1.709545556399933
GSM4138117,3,0.7190792549769434,109,33,DC_pDC,1.5902381611651413
GSM4138127,3,0.7545447947299045,107,33,DC_pDC,1.5902381611651413
GSM4138158,3,0.948993565460089,104,33,DC_pDC,1.5902381611651413
GSM4138167,2,0.8730825360482272,103,33,DC_pDC,1.709545556399933
GSM4138125,3,0.7387800622105218,103,33,DC_pDC,1.5902381611651413
GSM4138150,2,0.8820134869456243,101,33,DC_pDC,1.709545556399933
GSM4138119,2,0.6309433791565482,101,33,DC_pDC,1.709545556399933
GSM4138164,3,0.8874655403253571,97,33,DC_pDC,1.5902381611651413
GSM4138127,1,0.7382477946322175,94,33,cDC2_CD1C,2.4079960912584246
GSM4138133,2,0.7482129430566348,93,33,DC_pDC,1.709545556399933
GSM4138148,3,0.8940026925246433,92,33,DC_pDC,1.5902381611651413
GSM4138123,1,0.6530285218298627,91,33,cDC2_CD1C,2.4079960912584246
GSM4138131,1,0.698697387421743,90,33,cDC2_CD1C,2.4079960912584246
GSM4138123,3,0.6909509852720757,88,33,DC_pDC,1.5902381611651413
GSM4138157,2,0.7109657730358021,85,33,DC_pDC,1.709545556399933
GSM4138161,3,0.7287098695175455,85,33,DC_pDC,1.5902381611651413
GSM4138152,3,0.8982577307745225,84,33,DC_pDC,1.5902381611651413
GSM4138113,2,0.7612929634457954,84,33,DC_pDC,1.709545556399933
GSM4138129,3,0.7355025042770766,82,33,DC_pDC,1.5902381611651413
GSM4138110,1,0.9762583125118433,80,33,cDC2_CD1C,2.4079960912584246
GSM4138115,2,0.6902337577815643,80,33,DC_pDC,1.709545556399933
GSM4138150,3,0.914868261173126,78,33,DC_pDC,1.5902381611651413
GSM4138148,2,0.8107014862130311,78,33,DC_pDC,1.709545556399933
GSM4138116,1,0.9495369044220237,77,33,cDC2_CD1C,2.4079960912584246
GSM4138159,2,0.7073246542840443,75,33,DC_pDC,1.709545556399933
GSM4138140,1,0.9505549453963184,74,33,cDC2_CD1C,2.4079960912584246
GSM4138155,1,0.6089472902057529,73,33,cDC2_CD1C,2.4079960912584246
GSM4138132,1,0.984749758507162,73,33,cDC2_CD1C,2.4079960912584246
GSM4138144,3,0.9314947833234084,72,33,DC_pDC,1.5902381611651413
GSM4138136,1,0.9552981930335316,71,33,cDC2_CD1C,2.4079960912584246
GSM4138141,1,0.7170800188726838,70,33,cDC2_CD1C,2.4079960912584246
GSM4138113,3,0.7414191903139328,69,33,DC_pDC,1.5902381611651413
GSM4138142,1,0.9502633929725368,68,33,cDC2_CD1C,2.4079960912584246
GSM4138156,1,0.9311547190202114,66,33,cDC2_CD1C,2.4079960912584246
GSM4138138,1,0.9579431551865972,64,33,cDC2_CD1C,2.4079960912584246
GSM4138126,1,0.9558145848583685,63,33,cDC2_CD1C,2.4079960912584246
GSM4138133,1,0.7526502272280149,61,33,cDC2_CD1C,2.4079960912584246
GSM4138145,3,0.8236503643504131,60,33,DC_pDC,1.5902381611651413
GSM4138111,1,0.7126518887156386,60,33,cDC2_CD1C,2.4079960912584246
GSM4138111,3,0.775325605114049,58,33,DC_pDC,1.5902381611651413
GSM4138130,1,0.9435352006422718,55,33,cDC2_CD1C,2.4079960912584246
GSM4138154,3,0.8982489857355808,54,33,DC_pDC,1.5902381611651413
GSM4138145,1,0.8034606979067906,53,33,cDC2_CD1C,2.4079960912584246
GSM4138157,3,0.7499349426691694,53,33,DC_pDC,1.5902381611651413
GSM4138125,1,0.7355164241075669,53,33,cDC2_CD1C,2.4079960912584246
GSM4138139,10,0.9450560710112998,52,33,Mast,1.023690119596424
GSM4138164,2,0.8352253784896564,52,33,DC_pDC,1.709545556399933
GSM4138153,2,0.7445544699388333,49,33,DC_pDC,1.709545556399933
GSM4138118,3,0.9704604631335024,47,33,DC_pDC,1.5902381611651413
GSM4138161,1,0.7205833217458966,43,33,cDC2_CD1C,2.4079960912584246
GSM4138115,3,0.8361405680135081,41,33,DC_pDC,1.5902381611651413
GSM4138162,1,0.97488009013635,39,33,cDC2_CD1C,2.4079960912584246
GSM4138123,12,0.7323210616271023,39,33,cDC2_CD1C,1.009155523425252
GSM4138128,1,0.9900540227088844,38,33,cDC2_CD1C,2.4079960912584246
GSM4138122,1,0.9900540227088844,38,33,cDC2_CD1C,2.4079960912584246
GSM4138147,3,0.8583359420553227,37,33,DC_pDC,1.5902381611651413
GSM4138137,12,0.7982448352316165,36,33,cDC2_CD1C,1.009155523425252
GSM4138124,1,0.9812690804349582,35,33,cDC2_CD1C,2.4079960912584246
GSM4138163,1,0.964117656155736,35,33,cDC2_CD1C,2.4079960912584246
GSM4138167,1,0.9468432006122034,35,33,cDC2_CD1C,2.4079960912584246
GSM4138166,1,0.9798744658406406,34,33,cDC2_CD1C,2.4079960912584246
GSM4138159,3,0.8570372334993208,34,33,DC_pDC,1.5902381611651413
GSM4138146,1,0.9433897820889524,33,33,cDC2_CD1C,2.4079960912584246
GSM4138158,1,0.9844486812878054,33,33,cDC2_CD1C,2.4079960912584246
GSM4138121,3,0.8261473916986779,32,33,DC_pDC,1.5902381611651413
GSM4138160,1,0.9696475464118014,32,33,cDC2_CD1C,2.4079960912584246
GSM4138120,1,0.9548112977518456,29,33,cDC2_CD1C,2.4079960912584246
GSM4138121,1,0.7690365757884212,29,33,cDC2_CD1C,2.4079960912584246
GSM4138135,12,0.8202670080460956,29,33,cDC2_CD1C,1.009155523425252
GSM4138117,1,0.7802211485970525,28,33,cDC2_CD1C,2.4079960912584246
GSM4138143,10,0.95207778785585,28,33,Mast,1.023690119596424
GSM4138111,10,0.8601245447891928,27,33,Mast,1.023690119596424
GSM4138165,1,0.9412284647387428,26,33,cDC2_CD1C,2.4079960912584246
GSM4138114,1,0.9538094525009582,26,33,cDC2_CD1C,2.4079960912584246
GSM4138154,1,0.9640169169718902,23,33,cDC2_CD1C,2.4079960912584246
GSM4138129,1,0.9352866284704492,22,33,cDC2_CD1C,2.4079960912584246
GSM4138125,7,0.8048634257028,22,33,Mac_SPP1,1.549436585798436
GSM4138172,2,0.8860943948220217,22,33,DC_pDC,1.709545556399933
GSM4138143,1,0.9161424343357248,22,33,cDC2_CD1C,2.4079960912584246
GSM4138155,10,0.8702002728785935,21,33,Mast,1.023690119596424
GSM4138115,12,0.9112497608469844,20,33,cDC2_CD1C,1.009155523425252
GSM4138152,1,0.9910050075422812,20,33,cDC2_CD1C,2.4079960912584246
GSM4138144,1,0.9923241728894562,19,33,cDC2_CD1C,2.4079960912584246
GSM4138159,1,0.933708824055784,19,33,cDC2_CD1C,2.4079960912584246
GSM4138115,1,0.956680012249472,19,33,cDC2_CD1C,2.4079960912584246
GSM4138112,1,0.9677638931445732,19,33,cDC2_CD1C,2.4079960912584246
GSM4138151,3,0.9282939991987272,19,33,DC_pDC,1.5902381611651413
GSM4138155,15,0.8709778229067354,18,33,mregDC_LAMP3,1.0175311792494577
GSM4138141,12,0.8878787770918091,17,33,cDC2_CD1C,1.009155523425252
GSM4138170,2,0.9137456896093712,17,33,DC_pDC,1.709545556399933
GSM4138137,15,0.9098840317593276,17,33,mregDC_LAMP3,1.0175311792494577
GSM4138135,10,0.9764555466004128,17,33,Mast,1.023690119596424
GSM4138150,1,0.9796770493553284,17,33,cDC2_CD1C,2.4079960912584246
GSM4138147,2,0.8231063947681619,17,33,DC_pDC,1.709545556399933
GSM4138171,2,0.952730134039434,16,33,DC_pDC,1.709545556399933
GSM4138118,1,0.9905222848178504,16,33,cDC2_CD1C,2.4079960912584246
GSM4138127,19,0.977671336496867,15,33,Mac_SPP1,1.0171863666049628
GSM4138135,6,0.9504871917194264,15,33,Mac_SPP1,1.5788228958707506
GSM4138135,7,0.9469272186993944,15,33,Mac_SPP1,1.549436585798436
GSM4138127,12,1.0,15,33,cDC2_CD1C,1.009155523425252
GSM4138171,3,0.9371726248130468,15,33,DC_pDC,1.5902381611651413
GSM4138151,2,0.9203636275103904,15,33,DC_pDC,1.709545556399933
GSM4138169,2,0.9620428420769366,15,33,DC_pDC,1.709545556399933
GSM4138134,1,0.9283149575896088,705,34,DC_pDC,1.974142472654513
GSM4138156,1,0.8774206952501368,595,34,DC_pDC,1.974142472654513
GSM4138120,1,0.8318749893961915,520,34,DC_pDC,1.974142472654513
GSM4138116,1,0.9091638058577706,506,34,DC_pDC,1.974142472654513
GSM4138140,1,0.899011378784059,471,34,DC_pDC,1.974142472654513
GSM4138126,1,0.940674271933122,471,34,DC_pDC,1.974142472654513
GSM4138142,1,0.8850400368021977,466,34,DC_pDC,1.974142472654513
GSM4138110,1,0.9087760546869434,441,34,DC_pDC,1.974142472654513
GSM4138122,1,0.8855274638290331,435,34,DC_pDC,1.974142472654513
GSM4138128,1,0.8855274638290331,435,34,DC_pDC,1.974142472654513
GSM4138136,1,0.8883875792434865,424,34,DC_pDC,1.974142472654513
GSM4138152,1,0.8548476533481253,401,34,DC_pDC,1.974142472654513
GSM4138162,1,0.8840477950874845,387,34,DC_pDC,1.974142472654513
GSM4138130,1,0.9188751552291516,379,34,DC_pDC,1.974142472654513
GSM4138131,1,0.7154587682262981,370,34,DC_pDC,1.974142472654513
GSM4138160,1,0.896428548808418,358,34,DC_pDC,1.974142472654513
GSM4138123,1,0.6661802188184508,357,34,DC_pDC,1.974142472654513
GSM4138138,1,0.8824313795732214,355,34,DC_pDC,1.974142472654513
GSM4138146,1,0.8701238762338115,352,34,DC_pDC,1.974142472654513
GSM4138132,1,0.9137564540784444,348,34,DC_pDC,1.974142472654513
GSM4138163,1,0.9056086203591786,345,34,DC_pDC,1.974142472654513
GSM4138141,1,0.7091676007852094,342,34,DC_pDC,1.974142472654513
GSM4138166,1,0.8641081230182615,331,34,DC_pDC,1.974142472654513
GSM4138145,1,0.7254131043878518,329,34,DC_pDC,1.974142472654513
GSM4138155,1,0.6156565137480376,313,34,DC_pDC,1.974142472654513
GSM4138154,1,0.8125834418477873,310,34,DC_pDC,1.974142472654513
GSM4138135,3,0.7268658279282744,309,34,Mac_IL1B,1.9909342091311557
GSM4138165,1,0.8653526134714781,286,34,DC_pDC,1.974142472654513
GSM4138112,1,0.8608750969261764,270,34,DC_pDC,1.974142472654513
GSM4138114,1,0.8583624466778376,257,34,DC_pDC,1.974142472654513
GSM4138124,1,0.9244177103680656,245,34,DC_pDC,1.974142472654513
GSM4138144,1,0.8319888666423082,245,34,DC_pDC,1.974142472654513
GSM4138118,1,0.8593895214384373,243,34,DC_pDC,1.974142472654513
GSM4138167,1,0.8820856135362859,238,34,DC_pDC,1.974142472654513
GSM4138117,1,0.6884641938411737,219,34,DC_pDC,1.974142472654513
GSM4138139,1,0.6987435616995179,213,34,DC_pDC,1.974142472654513
GSM4138137,3,0.7354011218167564,212,34,Mac_IL1B,1.9909342091311557
GSM4138143,1,0.6985105059855774,212,34,DC_pDC,1.974142472654513
GSM4138135,5,0.7615584407485823,210,34,DC_pDC,1.177026201913014
GSM4138161,1,0.6445931720820965,207,34,DC_pDC,1.974142472654513
GSM4138135,1,0.7250086382413192,201,34,DC_pDC,1.974142472654513
GSM4138111,1,0.7034662678185384,199,34,DC_pDC,1.974142472654513
GSM4138134,5,0.9389717277958312,195,34,DC_pDC,1.177026201913014
GSM4138125,1,0.7048505419559821,190,34,DC_pDC,1.974142472654513
GSM4138137,1,0.7528311328829347,183,34,DC_pDC,1.974142472654513
GSM4138158,1,0.888905011077931,177,34,DC_pDC,1.974142472654513
GSM4138137,5,0.7734611455803482,177,34,DC_pDC,1.177026201913014
GSM4138155,3,0.6262777020494743,167,34,Mac_IL1B,1.9909342091311557
GSM4138139,3,0.7862317299239188,164,34,Mac_IL1B,1.9909342091311557
GSM4138156,5,0.8882842503276835,163,34,DC_pDC,1.177026201913014
GSM4138134,2,0.9699930401165816,156,34,cDC2_CD1C,2.399757946750825
GSM4138125,4,0.7185276003758733,151,34,Mac_SPP1,2.054954868308928
GSM4138123,5,0.6384081047342619,150,34,DC_pDC,1.177026201913014
GSM4138150,1,0.880181834477681,146,34,DC_pDC,1.974142472654513
GSM4138127,3,0.793751925116703,143,34,Mac_IL1B,1.9909342091311557
GSM4138141,5,0.7120405554705409,139,34,DC_pDC,1.177026201913014
GSM4138127,1,0.748950951777597,137,34,DC_pDC,1.974142472654513
GSM4138148,1,0.8218425527276413,132,34,DC_pDC,1.974142472654513
GSM4138126,9,0.9756010651963716,125,34,DC_pDC,1.1216050748995747
GSM4138131,5,0.7200317730538778,119,34,DC_pDC,1.177026201913014
GSM4138164,1,0.8461079884279727,118,34,DC_pDC,1.974142472654513
GSM4138129,1,0.7802634631787784,112,34,DC_pDC,1.974142472654513
GSM4138131,3,0.7013821636729699,110,34,Mac_IL1B,1.9909342091311557
GSM4138133,1,0.7519796265439891,109,34,DC_pDC,1.974142472654513
GSM4138133,5,0.7580891513830341,106,34,DC_pDC,1.177026201913014
GSM4138161,5,0.6852268310867611,105,34,DC_pDC,1.177026201913014
GSM4138134,9,0.9508505762937348,102,34,DC_pDC,1.1216050748995747
GSM4138132,5,0.9688208890663186,102,34,DC_pDC,1.177026201913014
GSM4138121,3,0.6974736397016708,96,34,Mac_IL1B,1.9909342091311557
GSM4138145,3,0.7965588882406524,86,34,Mac_IL1B,1.9909342091311557
GSM4138140,2,0.9784911382026616,84,34,cDC2_CD1C,2.399757946750825
GSM4138113,1,0.744711567895679,84,34,DC_pDC,1.974142472654513
GSM4138110,2,0.9744622154961506,84,34,cDC2_CD1C,2.399757946750825
GSM4138136,2,0.9547623302085204,84,34,cDC2_CD1C,2.399757946750825
GSM4138156,2,0.9379818248786344,83,34,cDC2_CD1C,2.399757946750825
GSM4138126,2,0.9788609877109392,83,34,cDC2_CD1C,2.399757946750825
GSM4138143,5,0.6717353827910364,82,34,DC_pDC,1.177026201913014
GSM4138125,5,0.7346450154569215,81,34,DC_pDC,1.177026201913014
GSM4138138,5,0.9371488285168148,80,34,DC_pDC,1.177026201913014
GSM4138157,1,0.750165587466794,79,34,DC_pDC,1.974142472654513
GSM4138132,2,0.9848516106574952,78,34,cDC2_CD1C,2.399757946750825
GSM4138145,5,0.7412036338158153,78,34,DC_pDC,1.177026201913014
GSM4138142,2,0.9594299648532204,77,34,cDC2_CD1C,2.399757946750825
GSM4138115,1,0.7188505908120801,77,34,DC_pDC,1.974142472654513
GSM4138138,2,0.9420887886398004,76,34,cDC2_CD1C,2.399757946750825
GSM4138155,5,0.6493924232914876,74,34,DC_pDC,1.177026201913014
GSM4138123,3,0.7033659371507598,74,34,Mac_IL1B,1.9909342091311557
GSM4138131,2,0.7180189607527924,74,34,cDC2_CD1C,2.399757946750825
GSM4138139,5,0.7613826476226645,73,34,DC_pDC,1.177026201913014
GSM4138156,9,0.9322766590852142,72,34,DC_pDC,1.1216050748995747
GSM4138116,2,0.9802862340807728,72,34,cDC2_CD1C,2.399757946750825
GSM4138130,9,0.8997822724756304,72,34,DC_pDC,1.1216050748995747
GSM4138140,9,0.95632219800437,72,34,DC_pDC,1.1216050748995747
GSM4138130,2,0.9533429107345897,70,34,cDC2_CD1C,2.399757946750825
GSM4138121,1,0.6894652815908724,69,34,DC_pDC,1.974142472654513
GSM4138132,9,0.9728361933885354,69,34,DC_pDC,1.1216050748995747
GSM4138127,2,0.7578866422323635,68,34,cDC2_CD1C,2.399757946750825
GSM4138161,3,0.7210668831179328,68,34,Mac_IL1B,1.9909342091311557
GSM4138130,5,0.940221684909504,68,34,DC_pDC,1.177026201913014
GSM4138142,9,0.9773543043997424,67,34,DC_pDC,1.1216050748995747
GSM4138116,5,0.9502015234380504,67,34,DC_pDC,1.177026201913014
GSM4138139,2,0.7757384939203343,66,34,cDC2_CD1C,2.399757946750825
GSM4138115,5,0.7418852957227828,66,34,DC_pDC,1.177026201913014
GSM4138123,2,0.682764521675248,63,34,cDC2_CD1C,2.399757946750825
GSM4138110,5,0.943629034715134,63,34,DC_pDC,1.177026201913014
GSM4138137,2,0.8080787438888276,62,34,cDC2_CD1C,2.399757946750825
GSM4138133,2,0.7500721412476736,60,34,cDC2_CD1C,2.399757946750825
GSM4138166,9,0.9550681350620168,59,34,DC_pDC,1.1216050748995747
GSM4138140,5,0.9627732564571516,59,34,DC_pDC,1.177026201913014
GSM4138119,1,0.6822168181667954,59,34,DC_pDC,1.974142472654513
GSM4138127,5,0.8155144876525442,59,34,DC_pDC,1.177026201913014
GSM4138141,2,0.7720874300036334,59,34,cDC2_CD1C,2.399757946750825
GSM4138136,5,0.9636974244758022,56,34,DC_pDC,1.177026201913014
GSM4138142,5,0.9409866310499296,55,34,DC_pDC,1.177026201913014
GSM4138129,3,0.8230711308482097,53,34,Mac_IL1B,1.9909342091311557
GSM4138111,2,0.7412028640770609,53,34,cDC2_CD1C,2.399757946750825
GSM4138160,5,0.9148621130440616,52,34,DC_pDC,1.177026201913014
GSM4138126,5,0.9825866650142622,52,34,DC_pDC,1.177026201913014
GSM4138110,9,0.9669921861348576,52,34,DC_pDC,1.1216050748995747
GSM4138159,1,0.7148783325498641,51,34,DC_pDC,1.974142472654513
GSM4138165,9,0.9469352154061822,51,34,DC_pDC,1.1216050748995747
GSM4138117,5,0.7893095976684981,50,34,DC_pDC,1.177026201913014
GSM4138134,15,0.9632469454430014,50,34,DC_pDC,1.0204892736555218
GSM4138120,5,0.8956376702173905,50,34,DC_pDC,1.177026201913014
GSM4138138,9,0.946661658201804,49,34,DC_pDC,1.1216050748995747
GSM4138111,5,0.7229280941511531,49,34,DC_pDC,1.177026201913014
GSM4138112,9,0.8724032720708019,49,34,DC_pDC,1.1216050748995747
GSM4138116,9,0.9703770593345972,48,34,DC_pDC,1.1216050748995747
GSM4138160,9,0.8839058897048145,48,34,DC_pDC,1.1216050748995747
GSM4138136,9,0.9681935430062356,48,34,DC_pDC,1.1216050748995747
GSM4138159,5,0.7816575646842724,46,34,DC_pDC,1.177026201913014
GSM4138135,2,0.82487683793737,46,34,cDC2_CD1C,2.399757946750825
GSM4138166,2,0.9598961790376443,45,34,cDC2_CD1C,2.399757946750825
GSM4138131,9,0.8346790820220658,45,34,DC_pDC,1.1216050748995747
GSM4138125,2,0.745982863181901,45,34,cDC2_CD1C,2.399757946750825
GSM4138165,5,0.922654236530736,44,34,DC_pDC,1.177026201913014
GSM4138157,5,0.767893292038646,43,34,DC_pDC,1.177026201913014
GSM4138114,9,0.9424726912534644,42,34,DC_pDC,1.1216050748995747
GSM4138165,2,0.9532799680066212,42,34,cDC2_CD1C,2.399757946750825
GSM4138146,2,0.9227536906864164,42,34,cDC2_CD1C,2.399757946750825
GSM4138122,9,0.9646850843960312,41,34,DC_pDC,1.1216050748995747
GSM4138113,5,0.7859893368959179,41,34,DC_pDC,1.177026201913014
GSM4138128,9,0.9646850843960312,41,34,DC_pDC,1.1216050748995747
GSM4138129,5,0.7721046054523827,40,34,DC_pDC,1.177026201913014
GSM4138153,1,0.6974991343229142,40,34,DC_pDC,1.974142472654513
GSM4138122,2,0.9882909054733616,40,34,cDC2_CD1C,2.399757946750825
GSM4138128,2,0.9882909054733616,40,34,cDC2_CD1C,2.399757946750825
GSM4138163,9,0.9696184761735814,40,34,DC_pDC,1.1216050748995747
GSM4138124,2,0.9885672220300984,40,34,cDC2_CD1C,2.399757946750825
GSM4138132,15,0.9868705640550008,39,34,DC_pDC,1.0204892736555218
GSM4138155,4,0.7150943433036325,39,34,Mac_SPP1,2.054954868308928
GSM4138146,9,0.9403457403200288,39,34,DC_pDC,1.1216050748995747
GSM4138114,2,0.966927968639169,39,34,cDC2_CD1C,2.399757946750825
GSM4138167,2,0.9678776146384884,38,34,cDC2_CD1C,2.399757946750825
GSM4138162,5,0.9585042631179296,38,34,DC_pDC,1.177026201913014
GSM4138141,9,0.9008923265999996,38,34,DC_pDC,1.1216050748995747
GSM4138160,2,0.9817300881426614,38,34,cDC2_CD1C,2.399757946750825
GSM4138162,9,0.9404522184478044,37,34,DC_pDC,1.1216050748995747
GSM4138139,4,0.8218234755810577,37,34,Mac_SPP1,2.054954868308928
GSM4138158,2,0.9817152444008516,36,34,cDC2_CD1C,2.399757946750825
GSM4138162,2,0.9734673035390576,35,34,cDC2_CD1C,2.399757946750825
GSM4138128,5,0.9445421786214884,34,34,DC_pDC,1.177026201913014
GSM4138139,18,0.9619147421379112,34,34,Mast,1.0064520151752128
GSM4138122,5,0.9445421786214884,34,34,DC_pDC,1.177026201913014
GSM4138119,3,0.7916692371612424,34,34,Mac_IL1B,1.9909342091311557
GSM4138146,5,0.9058568738167956,33,34,DC_pDC,1.177026201913014
GSM4138112,5,0.9483769053777464,33,34,DC_pDC,1.177026201913014
GSM4138158,5,0.9692916097648366,33,34,DC_pDC,1.177026201913014
GSM4138167,9,0.96629085831595,33,34,DC_pDC,1.1216050748995747
GSM4138155,9,0.7916912826262724,32,34,DC_pDC,1.1216050748995747
GSM4138124,9,0.993991953753475,32,34,DC_pDC,1.1216050748995747
GSM4138137,9,0.8515557666686114,31,34,DC_pDC,1.1216050748995747
GSM4138161,2,0.761889993005109,31,34,cDC2_CD1C,2.399757946750825
GSM4138147,5,0.8438080141297802,30,34,DC_pDC,1.177026201913014
GSM4138141,3,0.8781405071495709,30,34,Mac_IL1B,1.9909342091311557
GSM4138120,2,0.9699793820343716,28,34,cDC2_CD1C,2.399757946750825
GSM4138155,2,0.7667342672534934,28,34,cDC2_CD1C,2.399757946750825
GSM4138159,3,0.915800556082149,28,34,Mac_IL1B,1.9909342091311557
GSM4138163,2,0.9737032922718224,27,34,cDC2_CD1C,2.399757946750825
GSM4138139,6,0.9537734971564158,27,34,Mast,2.0546865761847015
GSM4138157,3,0.9158293604952044,27,34,Mac_IL1B,1.9909342091311557
GSM4138152,5,0.8991157036681878,27,34,DC_pDC,1.177026201913014
GSM4138117,2,0.8667724312597389,27,34,cDC2_CD1C,2.399757946750825
GSM4138150,9,0.9431758310149024,26,34,DC_pDC,1.1216050748995747
GSM4138121,5,0.8485033522840062,26,34,DC_pDC,1.177026201913014
GSM4138166,5,0.9694065764702746,25,34,DC_pDC,1.177026201913014
GSM4138158,9,0.9797922855330096,25,34,DC_pDC,1.1216050748995747
GSM4138143,2,0.8932343715854285,24,34,cDC2_CD1C,2.399757946750825
GSM4138144,2,0.9789342892534316,24,34,cDC2_CD1C,2.399757946750825
GSM4138167,5,0.994275366887922,24,34,DC_pDC,1.177026201913014
GSM4138143,18,0.959846998349218,24,34,Mast,1.0064520151752128
GSM4138118,9,0.9822531866007396,24,34,DC_pDC,1.1216050748995747
GSM4138152,2,0.9796018594887836,24,34,cDC2_CD1C,2.399757946750825
GSM4138172,1,0.8930494542645661,23,34,DC_pDC,1.974142472654513
GSM4138143,9,0.898152017967964,23,34,DC_pDC,1.1216050748995747
GSM4138127,11,0.9488126543014338,23,34,Mac_SPP1,1.2688363214697147
GSM4138112,2,0.9652894970549252,23,34,cDC2_CD1C,2.399757946750825
GSM4138125,10,0.8820440436891914,22,34,Mac_SPP1,1.3238489415529937
GSM4138154,2,0.9667305931859924,21,34,cDC2_CD1C,2.399757946750825
GSM4138145,2,0.9121681288948478,21,34,cDC2_CD1C,2.399757946750825
GSM4138148,9,0.9418078411001864,20,34,DC_pDC,1.1216050748995747
GSM4138154,5,0.9404759686571128,20,34,DC_pDC,1.177026201913014
GSM4138113,9,0.8872779766149221,19,34,DC_pDC,1.1216050748995747
GSM4138163,5,0.947465628832688,19,34,DC_pDC,1.177026201913014
GSM4138137,15,0.906967186443724,18,34,DC_pDC,1.0204892736555218
GSM4138111,9,0.9729798835877276,18,34,DC_pDC,1.1216050748995747
GSM4138129,2,0.9372097591621767,18,34,cDC2_CD1C,2.399757946750825
GSM4138147,1,0.8166267216526758,18,34,DC_pDC,1.974142472654513
GSM4138124,5,0.9938056887595804,18,34,DC_pDC,1.177026201913014
GSM4138156,15,0.9752456272385448,18,34,DC_pDC,1.0204892736555218
GSM4138138,15,0.97956743332274,18,34,DC_pDC,1.0204892736555218
GSM4138168,9,0.9692126838320702,18,34,DC_pDC,1.1216050748995747
GSM4138114,5,1.0,18,34,DC_pDC,1.177026201913014
GSM4138126,15,0.995455927666324,17,34,DC_pDC,1.0204892736555218
GSM4138135,4,0.9333456288428768,17,34,Mac_SPP1,2.054954868308928
GSM4138153,5,0.9596965973948371,17,34,DC_pDC,1.177026201913014
GSM4138111,6,0.9411834375516098,17,34,Mast,2.0546865761847015
GSM4138135,9,0.9502028604914456,17,34,DC_pDC,1.1216050748995747
GSM4138165,15,0.9678316693816444,17,34,DC_pDC,1.0204892736555218
GSM4138148,2,0.9722511202666726,17,34,cDC2_CD1C,2.399757946750825
GSM4138135,18,0.9715585308842066,16,34,Mast,1.0064520151752128
GSM4138151,1,0.9317059814539214,16,34,DC_pDC,1.974142472654513
GSM4138171,1,0.9522772888796102,16,34,DC_pDC,1.974142472654513
GSM4138152,9,0.9666979143473996,16,34,DC_pDC,1.1216050748995747
GSM4138117,9,0.9589084553203416,16,34,DC_pDC,1.1216050748995747
GSM4138136,15,1.0,16,34,DC_pDC,1.0204892736555218
GSM4138127,9,0.95918245591069,16,34,DC_pDC,1.1216050748995747
GSM4138111,3,0.9319494412772014,15,34,Mac_IL1B,1.9909342091311557
GSM4138144,5,0.9622653506107888,15,34,DC_pDC,1.177026201913014
GSM4138125,9,0.9760625394174828,15,34,DC_pDC,1.1216050748995747
GSM4138164,2,0.97427035240505,15,34,cDC2_CD1C,2.399757946750825
GSM4138142,15,1.0,15,34,DC_pDC,1.0204892736555218
GSM4138154,9,0.9545425754377634,15,34,DC_pDC,1.1216050748995747
GSM4138150,2,0.9828393155555352,15,34,cDC2_CD1C,2.399757946750825
GSM4138120,9,0.9728395774257071,15,34,DC_pDC,1.1216050748995747
GSM4138119,4,0.91439642554912,15,34,Mac_SPP1,2.054954868308928
GSM4138137,4,0.8844766290274707,15,34,Mac_SPP1,2.054954868308928
GSM4138134,1,0.9211610888579824,696,35,DC_pDC,2.1813339982925912
GSM4138156,1,0.8751462822106749,627,35,DC_pDC,2.1813339982925912
GSM4138120,1,0.8298787337044489,533,35,DC_pDC,2.1813339982925912
GSM4138126,1,0.9464155807612824,529,35,DC_pDC,2.1813339982925912
GSM4138116,1,0.9135518907294607,500,35,DC_pDC,2.1813339982925912
GSM4138142,1,0.8932816906379879,488,35,DC_pDC,2.1813339982925912
GSM4138140,1,0.9025143118577792,481,35,DC_pDC,2.1813339982925912
GSM4138110,1,0.9007005901797236,452,35,DC_pDC,2.1813339982925912
GSM4138122,1,0.8835946358214598,442,35,DC_pDC,2.1813339982925912
GSM4138128,1,0.8835946358214598,442,35,DC_pDC,2.1813339982925912
GSM4138130,1,0.8985694079492341,432,35,DC_pDC,2.1813339982925912
GSM4138136,1,0.8896990908240879,415,35,DC_pDC,2.1813339982925912
GSM4138162,1,0.8751731211310563,401,35,DC_pDC,2.1813339982925912
GSM4138152,1,0.8437777502054982,396,35,DC_pDC,2.1813339982925912
GSM4138160,1,0.8535432792342998,394,35,DC_pDC,2.1813339982925912
GSM4138131,1,0.6951764413187624,383,35,DC_pDC,2.1813339982925912
GSM4138146,1,0.8634248872795878,375,35,DC_pDC,2.1813339982925912
GSM4138138,1,0.8852854341001035,369,35,DC_pDC,2.1813339982925912
GSM4138141,1,0.7109130259270697,367,35,DC_pDC,2.1813339982925912
GSM4138132,1,0.9144368969374298,367,35,DC_pDC,2.1813339982925912
GSM4138163,1,0.8916436384783384,360,35,DC_pDC,2.1813339982925912
GSM4138166,1,0.8648577356043671,352,35,DC_pDC,2.1813339982925912
GSM4138165,1,0.8630918725674361,317,35,DC_pDC,2.1813339982925912
GSM4138112,1,0.8330459463243023,307,35,DC_pDC,2.1813339982925912
GSM4138154,1,0.8085066255077528,300,35,DC_pDC,2.1813339982925912
GSM4138123,1,0.6681429654797182,297,35,DC_pDC,2.1813339982925912
GSM4138145,1,0.7382160571188574,294,35,DC_pDC,2.1813339982925912
GSM4138155,1,0.6232528311676653,285,35,DC_pDC,2.1813339982925912
GSM4138114,1,0.8583689051113306,285,35,DC_pDC,2.1813339982925912
GSM4138124,1,0.925055050439448,263,35,DC_pDC,2.1813339982925912
GSM4138144,1,0.8326605686411161,242,35,DC_pDC,2.1813339982925912
GSM4138143,1,0.6933791552114037,239,35,DC_pDC,2.1813339982925912
GSM4138118,1,0.8558999607935154,236,35,DC_pDC,2.1813339982925912
GSM4138167,1,0.8811001305462268,235,35,DC_pDC,2.1813339982925912
GSM4138161,1,0.6779070787816426,226,35,DC_pDC,2.1813339982925912
GSM4138134,5,0.953691247483612,223,35,cDC2_CD1C,1.145485081632276
GSM4138139,1,0.7081997458640408,207,35,DC_pDC,2.1813339982925912
GSM4138125,1,0.7214401073457604,197,35,DC_pDC,2.1813339982925912
GSM4138117,1,0.6819830090503634,192,35,DC_pDC,2.1813339982925912
GSM4138111,1,0.7109942518115631,191,35,DC_pDC,2.1813339982925912
GSM4138135,1,0.7298365015457076,188,35,DC_pDC,2.1813339982925912
GSM4138158,1,0.882950380900868,178,35,DC_pDC,2.1813339982925912
GSM4138135,15,0.7291644227750735,173,35,Mac_IL1B,1.1904107312861625
GSM4138156,5,0.918326844923104,167,35,cDC2_CD1C,1.145485081632276
GSM4138137,4,0.8375604064681648,165,35,cDC2_CD1C,1.964116332575719
GSM4138135,5,0.792838442737314,164,35,cDC2_CD1C,1.145485081632276
GSM4138137,1,0.7687525043582749,162,35,DC_pDC,2.1813339982925912
GSM4138134,2,0.9551972606756928,156,35,cDC2_CD1C,2.187632237807469
GSM4138150,1,0.8647530990556405,155,35,DC_pDC,2.1813339982925912
GSM4138148,1,0.823850528264616,147,35,DC_pDC,2.1813339982925912
GSM4138125,6,0.7092060422319423,143,35,Mac_SPP1,1.5842186526740565
GSM4138132,5,0.969322190085642,133,35,cDC2_CD1C,1.145485081632276
GSM4138137,5,0.7978620754972292,132,35,cDC2_CD1C,1.145485081632276
GSM4138164,1,0.848214550703115,128,35,DC_pDC,2.1813339982925912
GSM4138127,1,0.7429361377927983,127,35,DC_pDC,2.1813339982925912
GSM4138133,1,0.745416923674443,118,35,DC_pDC,2.1813339982925912
GSM4138134,3,0.9619679280730802,114,35,cDC2_CD1C,2.2697059037579357
GSM4138127,11,0.7917334584015412,111,35,Mac_IL1B,1.374181686255579
GSM4138113,1,0.7422437850290621,106,35,DC_pDC,2.1813339982925912
GSM4138138,5,0.9530193452698092,103,35,cDC2_CD1C,1.145485081632276
GSM4138155,11,0.6793909874978522,101,35,Mac_IL1B,1.374181686255579
GSM4138129,1,0.7729165068626995,97,35,DC_pDC,2.1813339982925912
GSM4138123,5,0.6820161674132719,96,35,cDC2_CD1C,1.145485081632276
GSM4138135,4,0.8150041918876398,90,35,cDC2_CD1C,1.964116332575719
GSM4138136,2,0.9603878232026024,90,35,cDC2_CD1C,2.187632237807469
GSM4138133,5,0.7890740913933141,84,35,cDC2_CD1C,1.145485081632276
GSM4138137,11,0.8077584792255654,83,35,Mac_IL1B,1.374181686255579
GSM4138123,2,0.7018681944824594,82,35,cDC2_CD1C,2.187632237807469
GSM4138110,2,0.9617578442513992,81,35,cDC2_CD1C,2.187632237807469
GSM4138155,18,0.7015082090885326,78,35,DC_pDC,1.0245812503500755
GSM4138140,2,0.9774373220904268,77,35,cDC2_CD1C,2.187632237807469
GSM4138142,5,0.955075082545801,76,35,cDC2_CD1C,1.145485081632276
GSM4138131,5,0.7798335055094776,73,35,cDC2_CD1C,1.145485081632276
GSM4138140,5,0.955057217717022,73,35,cDC2_CD1C,1.145485081632276
GSM4138126,3,0.971028412394408,73,35,cDC2_CD1C,2.2697059037579357
GSM4138141,5,0.7621081926919173,73,35,cDC2_CD1C,1.145485081632276
GSM4138139,15,0.8303229654758304,73,35,Mac_IL1B,1.1904107312861625
GSM4138156,2,0.9295582718286448,73,35,cDC2_CD1C,2.187632237807469
GSM4138126,5,0.9915872380323686,72,35,cDC2_CD1C,1.145485081632276
GSM4138135,11,0.8110040694153021,71,35,Mac_IL1B,1.374181686255579
GSM4138130,5,0.9447617703269336,70,35,cDC2_CD1C,1.145485081632276
GSM4138139,11,0.8076237981672431,70,35,Mac_IL1B,1.374181686255579
GSM4138126,2,0.9687639047683376,69,35,cDC2_CD1C,2.187632237807469
GSM4138136,5,0.9719392506886734,68,35,cDC2_CD1C,1.145485081632276
GSM4138145,18,0.7351548790735969,68,35,DC_pDC,1.0245812503500755
GSM4138161,18,0.7224691721109188,68,35,DC_pDC,1.0245812503500755
GSM4138116,5,0.9611463753565354,66,35,cDC2_CD1C,1.145485081632276
GSM4138116,2,0.9752064812485745,66,35,cDC2_CD1C,2.187632237807469
GSM4138157,1,0.7994712099770811,64,35,DC_pDC,2.1813339982925912
GSM4138132,3,0.9791616559087872,62,35,cDC2_CD1C,2.2697059037579357
GSM4138155,15,0.6950234165409999,62,35,Mac_IL1B,1.1904107312861625
GSM4138132,2,0.9798221090034688,62,35,cDC2_CD1C,2.187632237807469
GSM4138138,2,0.9708796402268614,61,35,cDC2_CD1C,2.187632237807469
GSM4138116,3,0.9593450801043104,61,35,cDC2_CD1C,2.2697059037579357
GSM4138142,2,0.9575138061121544,60,35,cDC2_CD1C,2.187632237807469
GSM4138156,3,0.9447405392967856,59,35,cDC2_CD1C,2.2697059037579357
GSM4138165,5,0.9382329580572336,59,35,cDC2_CD1C,1.145485081632276
GSM4138130,2,0.9457062497399528,58,35,cDC2_CD1C,2.187632237807469
GSM4138121,11,0.7391772930836815,57,35,Mac_IL1B,1.374181686255579
GSM4138131,4,0.7622319448478962,57,35,cDC2_CD1C,1.964116332575719
GSM4138111,2,0.72432297007314,56,35,cDC2_CD1C,2.187632237807469
GSM4138140,3,0.9617248424322076,56,35,cDC2_CD1C,2.2697059037579357
GSM4138110,5,0.9902950839566956,53,35,cDC2_CD1C,1.145485081632276
GSM4138145,15,0.8566345632059877,53,35,Mac_IL1B,1.1904107312861625
GSM4138159,1,0.7493873319020081,51,35,DC_pDC,2.1813339982925912
GSM4138141,2,0.7766272485365489,50,35,cDC2_CD1C,2.187632237807469
GSM4138128,3,0.9530370272780764,50,35,cDC2_CD1C,2.2697059037579357
GSM4138122,3,0.9530370272780764,50,35,cDC2_CD1C,2.2697059037579357
GSM4138139,5,0.8403676924733162,49,35,cDC2_CD1C,1.145485081632276
GSM4138110,3,0.9600425049627704,49,35,cDC2_CD1C,2.2697059037579357
GSM4138123,18,0.714813095967165,49,35,DC_pDC,1.0245812503500755
GSM4138142,3,0.9475101648250048,48,35,cDC2_CD1C,2.2697059037579357
GSM4138117,4,0.7378865413405717,48,35,cDC2_CD1C,1.964116332575719
GSM4138115,1,0.7828037685299016,48,35,DC_pDC,2.1813339982925912
GSM4138152,3,0.9189551685133672,45,35,cDC2_CD1C,2.2697059037579357
GSM4138136,3,0.9512596381058412,45,35,cDC2_CD1C,2.2697059037579357
GSM4138121,4,0.7088428976438537,45,35,cDC2_CD1C,1.964116332575719
GSM4138147,1,0.7376552517577409,45,35,DC_pDC,2.1813339982925912
GSM4138133,2,0.7470809461983197,43,35,cDC2_CD1C,2.187632237807469
GSM4138135,2,0.8050301311449815,43,35,cDC2_CD1C,2.187632237807469
GSM4138127,4,0.885154645865096,43,35,cDC2_CD1C,1.964116332575719
GSM4138137,2,0.8485163254953222,43,35,cDC2_CD1C,2.187632237807469
GSM4138131,2,0.7364707945308133,43,35,cDC2_CD1C,2.187632237807469
GSM4138160,2,0.9839522105864112,42,35,cDC2_CD1C,2.187632237807469
GSM4138115,4,0.8190429298920621,42,35,cDC2_CD1C,1.964116332575719
GSM4138143,5,0.7809934855149419,42,35,cDC2_CD1C,1.145485081632276
GSM4138155,6,0.7335665350429091,41,35,Mac_SPP1,1.5842186526740565
GSM4138119,1,0.7672174263405979,41,35,DC_pDC,2.1813339982925912
GSM4138141,18,0.770429937710201,41,35,DC_pDC,1.0245812503500755
GSM4138139,2,0.788251659325804,41,35,cDC2_CD1C,2.187632237807469
GSM4138125,5,0.8133014804779459,40,35,cDC2_CD1C,1.145485081632276
GSM4138115,5,0.823283190511965,40,35,cDC2_CD1C,1.145485081632276
GSM4138131,11,0.8026554546021235,39,35,Mac_IL1B,1.374181686255579
GSM4138121,1,0.820682702730025,39,35,DC_pDC,2.1813339982925912
GSM4138158,2,0.9841253782069416,39,35,cDC2_CD1C,2.187632237807469
GSM4138166,3,0.9267740942430612,39,35,cDC2_CD1C,2.2697059037579357
GSM4138155,5,0.7333542886621689,38,35,cDC2_CD1C,1.145485081632276
GSM4138167,2,0.9689316109474544,38,35,cDC2_CD1C,2.187632237807469
GSM4138120,5,0.9381878936079544,38,35,cDC2_CD1C,1.145485081632276
GSM4138123,12,0.7855912882495892,37,35,Mac_IL1B,1.4648631973229602
GSM4138160,5,0.9306507764183948,37,35,cDC2_CD1C,1.145485081632276
GSM4138162,2,0.981703081798519,37,35,cDC2_CD1C,2.187632237807469
GSM4138166,5,0.9786493372355604,37,35,cDC2_CD1C,1.145485081632276
GSM4138111,18,0.8315600713349417,37,35,DC_pDC,1.0245812503500755
GSM4138138,3,0.9675086720146092,37,35,cDC2_CD1C,2.2697059037579357
GSM4138161,15,0.7971550029569128,36,35,Mac_IL1B,1.1904107312861625
GSM4138162,3,0.936400174303382,36,35,cDC2_CD1C,2.2697059037579357
GSM4138166,2,0.9677124051428664,36,35,cDC2_CD1C,2.187632237807469
GSM4138125,8,0.7869043165147478,35,35,Mac_SPP1,1.5247319724053072
GSM4138139,13,0.957513982802924,35,35,Mast,1.359327686997316
GSM4138125,2,0.7994019432027194,35,35,cDC2_CD1C,2.187632237807469
GSM4138118,3,0.964352495384866,34,35,cDC2_CD1C,2.2697059037579357
GSM4138163,3,0.9732295975999044,34,35,cDC2_CD1C,2.2697059037579357
GSM4138146,2,0.93886797001129,34,35,cDC2_CD1C,2.187632237807469
GSM4138139,6,0.8176644575953571,34,35,Mac_SPP1,1.5842186526740565
GSM4138165,2,0.9596274019264722,34,35,cDC2_CD1C,2.187632237807469
GSM4138167,5,0.9841751994383756,33,35,cDC2_CD1C,1.145485081632276
GSM4138127,5,0.8657688695399582,33,35,cDC2_CD1C,1.145485081632276
GSM4138153,1,0.772102025447863,33,35,DC_pDC,2.1813339982925912
GSM4138131,16,0.7860176255446804,33,35,cDC2_CD1C,1.0677008488191022
GSM4138131,15,0.789707910146505,32,35,Mac_IL1B,1.1904107312861625
GSM4138137,15,0.8401965353341132,32,35,Mac_IL1B,1.1904107312861625
GSM4138137,16,0.8108873736025872,32,35,cDC2_CD1C,1.0677008488191022
GSM4138128,2,0.9791712068520948,31,35,cDC2_CD1C,2.187632237807469
GSM4138122,2,0.9791712068520948,31,35,cDC2_CD1C,2.187632237807469
GSM4138165,3,0.958629645303247,31,35,cDC2_CD1C,2.2697059037579357
GSM4138167,3,0.9629740395958865,31,35,cDC2_CD1C,2.2697059037579357
GSM4138159,5,0.840060219186083,31,35,cDC2_CD1C,1.145485081632276
GSM4138157,5,0.7968603514435169,31,35,cDC2_CD1C,1.145485081632276
GSM4138127,2,0.8472809019706145,31,35,cDC2_CD1C,2.187632237807469
GSM4138146,5,0.9471579942851792,31,35,cDC2_CD1C,1.145485081632276
GSM4138130,3,0.9783034070934168,30,35,cDC2_CD1C,2.2697059037579357
GSM4138155,2,0.7634700284056992,30,35,cDC2_CD1C,2.187632237807469
GSM4138129,3,0.8656422311629199,29,35,cDC2_CD1C,2.2697059037579357
GSM4138129,11,0.8953910990406169,29,35,Mac_IL1B,1.374181686255579
GSM4138128,5,0.9806511342382164,28,35,cDC2_CD1C,1.145485081632276
GSM4138127,16,0.8368331377838398,28,35,cDC2_CD1C,1.0677008488191022
GSM4138163,2,0.9789097640251708,28,35,cDC2_CD1C,2.187632237807469
GSM4138154,2,0.9627586518214444,28,35,cDC2_CD1C,2.187632237807469
GSM4138120,2,0.9644991991726344,28,35,cDC2_CD1C,2.187632237807469
GSM4138158,5,0.9668388857862512,28,35,cDC2_CD1C,1.145485081632276
GSM4138117,2,0.8251763088855072,28,35,cDC2_CD1C,2.187632237807469
GSM4138122,5,0.9806511342382164,28,35,cDC2_CD1C,1.145485081632276
GSM4138131,18,0.8306299247272968,27,35,DC_pDC,1.0245812503500755
GSM4138112,2,0.9308603161536514,27,35,cDC2_CD1C,2.187632237807469
GSM4138114,3,0.9719323378267728,27,35,cDC2_CD1C,2.2697059037579357
GSM4138158,3,0.9923091312724722,27,35,cDC2_CD1C,2.2697059037579357
GSM4138112,5,0.9768385460125276,27,35,cDC2_CD1C,1.145485081632276
GSM4138124,2,0.9875591563846898,27,35,cDC2_CD1C,2.187632237807469
GSM4138123,15,0.842518566049876,26,35,Mac_IL1B,1.1904107312861625
GSM4138145,5,0.882280189995001,26,35,cDC2_CD1C,1.145485081632276
GSM4138146,3,0.9617959357707928,26,35,cDC2_CD1C,2.2697059037579357
GSM4138141,3,0.948962096863946,26,35,cDC2_CD1C,2.2697059037579357
GSM4138168,1,0.9045472961456268,26,35,DC_pDC,2.1813339982925912
GSM4138139,9,0.9615008355983328,26,35,Mast,1.558718364605404
GSM4138162,5,0.966591667315585,26,35,cDC2_CD1C,1.145485081632276
GSM4138139,16,0.8582250669899567,25,35,cDC2_CD1C,1.0677008488191022
GSM4138151,1,0.9186223510296996,25,35,DC_pDC,2.1813339982925912
GSM4138117,5,0.8381571726195799,25,35,cDC2_CD1C,1.145485081632276
GSM4138114,5,0.9887612833508492,24,35,cDC2_CD1C,1.145485081632276
GSM4138124,3,0.9778274829951046,24,35,cDC2_CD1C,2.2697059037579357
GSM4138143,13,0.959846998349218,24,35,Mast,1.359327686997316
GSM4138113,5,0.837701844291494,24,35,cDC2_CD1C,1.145485081632276
GSM4138161,5,0.8226802436189238,24,35,cDC2_CD1C,1.145485081632276
GSM4138145,2,0.876068368789684,23,35,cDC2_CD1C,2.187632237807469
GSM4138144,3,0.9374800523243842,23,35,cDC2_CD1C,2.2697059037579357
GSM4138135,12,0.8715470418261184,23,35,Mac_IL1B,1.4648631973229602
GSM4138139,3,0.8832889398317982,23,35,cDC2_CD1C,2.2697059037579357
GSM4138121,15,0.8742665041338018,23,35,Mac_IL1B,1.1904107312861625
GSM4138161,2,0.8764259967550253,22,35,cDC2_CD1C,2.187632237807469
GSM4138139,18,0.8878284851316216,22,35,DC_pDC,1.0245812503500755
GSM4138143,18,0.8808663461637314,22,35,DC_pDC,1.0245812503500755
GSM4138161,11,0.8798197243720429,22,35,Mac_IL1B,1.374181686255579
GSM4138129,15,0.8995576056357153,22,35,Mac_IL1B,1.1904107312861625
GSM4138152,2,0.972127338733189,22,35,cDC2_CD1C,2.187632237807469
GSM4138127,18,0.8743165319069931,22,35,DC_pDC,1.0245812503500755
GSM4138125,4,0.8723099551361746,21,35,cDC2_CD1C,1.964116332575719
GSM4138123,4,0.8349820576425893,21,35,cDC2_CD1C,1.964116332575719
GSM4138172,1,0.8799013056563681,21,35,DC_pDC,2.1813339982925912
GSM4138114,2,0.987646899078259,21,35,cDC2_CD1C,2.187632237807469
GSM4138145,12,0.8215018019058198,21,35,Mac_IL1B,1.4648631973229602
GSM4138111,5,0.866881835137966,20,35,cDC2_CD1C,1.145485081632276
GSM4138137,12,0.9190443298821334,20,35,Mac_IL1B,1.4648631973229602
GSM4138137,3,0.9054616010614408,20,35,cDC2_CD1C,2.2697059037579357
GSM4138161,4,0.8734593689371495,20,35,cDC2_CD1C,1.964116332575719
GSM4138141,4,0.9120444247908222,20,35,cDC2_CD1C,1.964116332575719
GSM4138129,5,0.8762523503173778,20,35,cDC2_CD1C,1.145485081632276
GSM4138133,16,0.8583668738311537,20,35,cDC2_CD1C,1.0677008488191022
GSM4138135,13,0.9670115304619458,19,35,Mast,1.359327686997316
GSM4138157,4,0.8838549533695456,19,35,cDC2_CD1C,1.964116332575719
GSM4138139,12,0.9163420902318672,19,35,Mac_IL1B,1.4648631973229602
GSM4138160,3,0.9855750017546858,19,35,cDC2_CD1C,2.2697059037579357
GSM4138117,3,0.9237659238169752,19,35,cDC2_CD1C,2.2697059037579357
GSM4138131,12,0.9015968381336964,18,35,Mac_IL1B,1.4648631973229602
GSM4138143,2,0.919495319941462,18,35,cDC2_CD1C,2.187632237807469
GSM4138131,3,0.8950006217852188,18,35,cDC2_CD1C,2.2697059037579357
GSM4138154,3,0.9851027448541652,18,35,cDC2_CD1C,2.2697059037579357
GSM4138145,3,0.969939297215852,18,35,cDC2_CD1C,2.2697059037579357
GSM4138124,5,0.9928964421925296,18,35,cDC2_CD1C,1.145485081632276
GSM4138154,5,0.982317958898106,17,35,cDC2_CD1C,1.145485081632276
GSM4138119,6,0.8560949472864818,17,35,Mac_SPP1,1.5842186526740565
GSM4138112,3,0.963224382318524,17,35,cDC2_CD1C,2.2697059037579357
GSM4138153,3,0.8441203567626218,17,35,cDC2_CD1C,2.2697059037579357
GSM4138127,7,0.9433796166244371,17,35,Mac_SPP1,1.711330707843232
GSM4138150,3,0.9919335380597908,17,35,cDC2_CD1C,2.2697059037579357
GSM4138135,3,0.9343681375952484,17,35,cDC2_CD1C,2.2697059037579357
GSM4138123,11,0.9359627459953772,17,35,Mac_IL1B,1.374181686255579
GSM4138127,3,0.9779401478153654,16,35,cDC2_CD1C,2.2697059037579357
GSM4138111,9,0.9326357529475516,16,35,Mast,1.558718364605404
GSM4138143,3,0.9510682236330488,16,35,cDC2_CD1C,2.2697059037579357
GSM4138155,13,0.9322736709971527,16,35,Mast,1.359327686997316
GSM4138150,2,0.976080579965464,16,35,cDC2_CD1C,2.187632237807469
GSM4138127,15,0.9441418331240388,15,35,Mac_IL1B,1.1904107312861625
GSM4138127,14,0.9345183134034616,15,35,Mac_SPP1,1.3158800267607529
GSM4138157,3,0.966040920926509,15,35,cDC2_CD1C,2.2697059037579357
GSM4138148,3,1.0,15,35,cDC2_CD1C,2.2697059037579357
