K,GEP,pathway,NES,pval,fdr,Name,ES,FWER p-val,Tag %,Gene %,Lead_genes,spectra_file
3,1,LYMPHOID,-3.7871662990149484,0.0,0.0,prerank,-0.7781354458036007,0.0,183/238,18.92%,ARHGEF1;CORO1A;TMC8;IL2RG;SEPTIN1;TRAF3IP3;TBC1D10C;RAC2;ARHGAP9;LTB;RASAL3;CD2;STK17B;MYO1G;FMNL1;CD96;CD37;SASH3;FCMR;RASGRP2;LIMD2;ZAP70;CYTIP;TRBC2;CD79A;IKZF3;PARP15;MS4A1;MAP4K1;IL32;ITGB7;STK17A;CD3E;CD27;ARHGDIB;JCHAIN;CD3D;CD52;RIPOR2;CD6;IL7R;LAT;DGKA;IGKC;PTPN7;TNFRSF13B;CXCR4;GPSM3;POU2AF1;DENND2D;CDHR1;PYHIN1;CD22;LCK;SELL;ICAM3;ITK;CARD11;THEMIS;FCRL2;SLAMF1;BLK;TIGIT;SP140L;MZB1;FCRL1;CCR4;IL2RB;SKAP1;CD28;RASGRP1;NIBAN3;ZBP1;LY9;CD5;CCR6;PAX5;CD48;AGAP2;CD19;KLRK1;CD8A;P2RX5;RHOH;SLAMF6;CD247;ISG20;SP110;P2RY10;OXNAD1;CD7;TCF7;NKG7;IRF4;STAT4;SIRPG;FCRL5;GIMAP2;ADAM19;GPR174;CD79B;GRK6;BTN3A2;TESPA1;MFNG;GBP5;CD3G;CXCR5;SLC25A45;IL21R;SIT1;CD69;ICOS;SLFN12L;PRKCQ;CST7;PTGDR;CCR7;SAMD3;ALOX5AP;TMEM156;SH2D2A;CNR2;CXCR6;GIMAP7;FCRL3;RHOF;SCML4;TAGAP;PRF1;SH2D1A;S1PR4;GPR171;RNF125;CD40LG;CXCR3;GZMA;TRAT1;UBASH3A;MATK;GZMM;CD72;FOXP3;GZMK;SPIB;CTLA4;SHISAL2A;FCRLA;TXK;LAX1;STAP1;CXorf65;TRGC2;IL2RA;BCL11B;EOMES;ZNF831;APOBEC3D;GPR18;FASLG;KLRC4;GATA3;RUNX3;PDCD1;GZMH;TNFRSF25;KLRB1;DTX1;RORC;TRGC1;LIME1;IL18RAP;SLC14A1;TCL1A;UTS2;FLT3LG;ZNF683;NCR3;IGHG1;KLRC3;TBX21;CR2;LTA,anal_pc5_c21_S1.filtered.gene_spectra_score.k_3.dt_0_01.txt
3,1,B_T,-3.612728892981074,0.0,0.0,prerank,-0.8045712679806712,0.0,102/123,16.16%,ARHGEF1;ACAP1;CORO1A;TMC8;ARHGAP15;ITGAL;EVL;IL2RG;SEPTIN1;ARHGAP45;WIPF1;TBC1D10C;RAC2;ADGRE5;LAPTM5;ARHGAP9;CD53;LTB;IL16;STK17B;CD96;CD37;SASH3;FCMR;FYB1;PTPRC;LIMD2;ZAP70;CYTIP;HCLS1;LCP1;IL32;CLEC2D;PIM2;SPOCK2;CD3E;ARHGDIB;STK4;LPXN;CD3D;CD52;RIPOR2;IL7R;LAT;ETS1;ITGB2;CXCR4;SRGN;GPSM3;BIN2;DENND2D;LCK;SEPTIN6;SELL;SH3KBP1;ITK;CDC42SE2;IL2RB;SKAP1;CCL5;PLAC8;RNF213;CD48;GIMAP4;RHOH;CD247;ISG20;GPR183;CD7;PTPN22;TCF7;NKG7;GMFG;LSP1;CD3G;IRF1;CD69;CST7;SAMD3;GIMAP7;TAGAP;PRF1;SH2D1A;GZMA;GPR65;FAM107B;PIK3IP1;COTL1;TXK;SAMSN1;CCND3;RGS1;HCST;ZFP36;UCP2;GNG2;TSC22D3;RUNX3;KLRD1;PRKCH;LEPROTL1;KLRB1,anal_pc5_c21_S1.filtered.gene_spectra_score.k_3.dt_0_01.txt
3,1,KIDNEY_LYMPHOID,-3.487922016328467,0.0,0.0,prerank,-0.7649343514903085,0.0,112/143,18.92%,ACAP1;IL2RG;SEPTIN1;LTB;CD2;CARMIL2;MYO1G;SASH3;FCMR;ZAP70;TRBC2;CD79A;IKZF3;MS4A1;STK17A;CD3E;CD27;CD3D;CD52;IL7R;DGKA;IGKC;CXCR4;POU2AF1;DENND2D;PYHIN1;LCK;ITK;THEMIS;FCRL2;SLAMF1;BLK;TIGIT;FCRL1;IL2RB;SKAP1;RASGRP1;NIBAN3;LY9;CD5;CCR6;PAX5;CD19;CCDC141;CD8A;P2RX5;RHOH;SLAMF6;C16orf54;CD247;ISG20;P2RY10;CD7;PTPN22;TCF7;NKG7;SIRPG;FCRL5;CD79B;TTN;TESPA1;CD3G;CXCR5;PBXIP1;IL21R;SIT1;CD69;ICOS;SLFN12L;CST7;CCR7;SAMD3;SH2D2A;CNR2;FCRL3;SCML4;PRF1;SH2D1A;S1PR4;GPR171;GZMA;TRAT1;APOBEC3G;SLFN5;MATK;ZNF101;GZMM;FOXP3;GZMK;SHISAL2A;LAX1;IL2RA;BCL11B;EOMES;ZNF831;GPR18;GFI1;RUNX3;CRIP1;LRRN3;DTHD1;FCRL6;KLRB1;DUSP2;PLEKHF1;TCL1A;FLT3LG;NCR3;KLRC3;TBX21;CR2;LTA,anal_pc5_c21_S1.filtered.gene_spectra_score.k_3.dt_0_01.txt
3,1,ADRENAL_LYMPHOID,-3.4132742572360004,0.0,0.0,prerank,-0.775684152569621,0.0,109/133,18.62%,ACAP1;IL2RG;SEPTIN1;TRAF3IP3;TBC1D10C;LTB;CD2;MYO1G;CD96;FCMR;ZAP70;CYTIP;TRBC2;CD79A;IKZF3;MS4A1;IL32;CD3E;CD27;JCHAIN;SULT1B1;CD3D;CD52;IL7R;IGKC;HSH2D;PYHIN1;LCK;SELL;ITK;CARD11;THEMIS;FCRL2;SLAMF1;BLK;TIGIT;MZB1;FCRL1;ADAM8;IL2RB;SLAMF7;SKAP1;RASGRP1;NIBAN3;LY9;CD5;CCR6;CCDC88C;PLAC8;PAX5;CD19;KLRK1;CD8A;P2RX5;RHOH;SLAMF6;CD247;ISG20;P2RY10;CD7;PTPN22;TCF7;NKG7;IRF4;FCRL5;CD79B;GBP5;CD3G;CXCR5;SIT1;BIRC3;ICOS;SLFN12L;CST7;PTGDR;CCR7;SH2D2A;FCRL3;PRF1;SH2D1A;GPR171;GZMA;TRAT1;UBASH3A;SLFN5;MATK;SYTL3;GZMM;GZMK;SPIB;FCRLA;LAX1;IL2RA;CD244;EOMES;ZNF831;GPR18;RUNX3;CRIP1;DTHD1;GZMH;KLRB1;DUSP2;IL18RAP;TMEM154;TCL1A;NCR3;KLRC3;TBX21,anal_pc5_c21_S1.filtered.gene_spectra_score.k_3.dt_0_01.txt
3,1,CTX_BIG_GROUPS_BRAIN_IMMUNE,-3.4118687753389194,0.0,0.0,prerank,-0.7941010345655437,0.0,69/97,11.20%,ARHGEF1;AKNA;ACAP1;CORO1A;TMC8;ARHGAP15;ITGAL;IL2RG;SEPTIN1;ARHGAP45;TBC1D10C;RAC2;ADGRE5;ARHGAP9;LTB;IL16;STK17B;CD96;CD37;FCMR;FYB1;PTPRC;LIMD2;CD74;CYTIP;HCLS1;STK10;LCP1;PTPN6;IL32;CLEC2D;CD3E;ARHGDIB;CD52;RIPOR2;FERMT3;ETS1;ITGB2;SRGN;GPSM3;BIN2;DENND2D;LCK;SELL;ICAM3;EVI2B;SP100;SKAP1;LY9;PLAC8;RNF213;CD48;ABI3;GIMAP4;RHOH;ISG20;SP110;CD7;GMFG;BTN3A2;LSP1;DOK2;IRF1;CD69;RCSD1;GIMAP7;TAGAP;SH2D1A;GZMA,anal_pc5_c21_S1.filtered.gene_spectra_score.k_3.dt_0_01.txt
3,1,CTX_BRAIN_NAIVE_LIKE_T,-3.372479145244633,0.0,0.0,prerank,-0.7736856792719411,0.0,88/110,16.00%,ARHGEF1;ACAP1;CORO1A;ARHGAP15;IL2RG;SEPTIN1;TRAF3IP3;TBC1D10C;RAC2;LTB;CD2;IL16;STK17B;CD96;FCMR;PTPRC;LIMD2;ZAP70;CYTIP;TC2N;FGD3;IL32;CLEC2D;PIM2;CD3E;CD27;ARHGDIB;STK4;CD3D;CD52;RIPOR2;CD6;IL7R;LAT;DGKA;ETS1;CXCR4;GPSM3;DENND2D;LCK;SEPTIN6;SELL;ICAM3;ITK;THEMIS;CDC42SE2;JAML;CYFIP2;SKAP1;LY9;CD5;PLAC8;CD48;GIMAP4;RHOH;C16orf54;ISG20;OXNAD1;CD7;TCF7;GMFG;BTN3A2;LSP1;TESPA1;CD3G;CD69;ICOS;CCR7;SAMD3;GIMAP7;SCML4;SH2D1A;GPR171;LPIN1;CD40LG;TRAT1;MTERF4;IL27RA;FAM107B;PIK3IP1;TXK;CAMK4;CCND3;TSC22D3;CRIP1;LRRN3;PRKCH;LEPROTL1,anal_pc5_c21_S1.filtered.gene_spectra_score.k_3.dt_0_01.txt
3,1,INTESTINE_LYMPHOID,-3.3479024558587707,0.0,0.0,prerank,-0.7423784743236982,0.0,104/129,21.96%,ACAP1;IL2RG;SEPTIN1;TBC1D10C;LTB;CD2;MYO1G;CD96;ZAP70;TRBC2;CD79A;IKZF3;MS4A1;CD3E;NLRC3;CD3D;CD52;CD6;IL7R;PTPN7;DENND2D;PYHIN1;LCK;ITK;CARD11;THEMIS;SLAMF1;BLK;CCR4;IL2RB;SKAP1;LY9;CD5;PAX5;KLRK1;CD8A;SLAMF6;CD247;CD7;PTPN22;TCF7;NKG7;STAT4;SIRPG;CD79B;TESPA1;GBP5;CD3G;CXCR5;IL21R;SIT1;CD69;ICOS;SLFN12L;CST7;PTGDR;CCR7;SH2D2A;CXCR6;SCML4;PRF1;SH2D1A;SLA2;S1PR4;GPR171;CD40LG;CXCR3;GZMA;TRAT1;UBASH3A;MATK;GZMM;GZMK;SHISAL2A;TXK;LAX1;STAP1;TRGC2;IL2RA;EOMES;GPR18;FASLG;GATA3;DTHD1;KLRD1;KLRB1;PDE7A;TRGC1;IL18RAP;PLEKHF1;TCL1A;NCR3;KLRC3;TBX21;LTA;IGHM;TRDC;CTSW;IL23R;GPR68;CHI3L2;RGL4;GNLY;COL4A4,anal_pc5_c21_S1.filtered.gene_spectra_score.k_3.dt_0_01.txt
3,1,SPLEEN_LYMPHOID,-3.3260632200912945,0.0,0.0,prerank,-0.784861039252052,0.0,71/93,14.16%,ACAP1;CD2;CD96;CD37;FCMR;CD79A;IKZF3;PARP15;MS4A1;SP140;STK17A;CD27;CD3D;CD52;IGKC;TNFRSF13B;POU2AF1;PYHIN1;CD22;LCK;CARD11;THEMIS;FCRL2;SLAMF1;BLK;TIGIT;CYFIP2;MZB1;FCRL1;EMB;IL2RB;RASGRP1;NIBAN3;LY9;CD5;CCR6;PLAC8;PLCG2;PAX5;ALOX5;CD8A;RHOH;SLAMF6;CD247;P2RY10;ADGRG5;PTPN22;SIRPG;FCRL5;RALGPS2;TLR10;TNFRSF13C;CD3G;CXCR5;CCR7;SAMD3;ALOX5AP;CNR2;FCRL3;SCML4;TAGAP;SH2D1A;HIP1R;GZMM;SPIB;SHISAL2A;STAP1;FCER2;BCL11B;EOMES;GPR18,anal_pc5_c21_S1.filtered.gene_spectra_score.k_3.dt_0_01.txt
3,1,CTX_BRAIN_EFFECTOR_T,-3.305215099219636,0.0,0.0,prerank,-0.7525202396988102,0.0,76/105,17.12%,AKNA;ACAP1;CORO1A;ITGAL;IL2RG;SEPTIN1;TBC1D10C;RAC2;ADGRE5;STK17B;CD96;PTPRC;LIMD2;ZAP70;CYTIP;STK10;LCP1;CD3E;RIPOR2;HSH2D;SRGN;DENND2D;PYHIN1;LCK;SEPTIN6;ICAM3;CDC42SE2;ADAM8;IL2RB;SLAMF7;SKAP1;PLAC8;CD48;ABI3;GIMAP4;FKBP11;CD247;CD7;NKG7;STAT4;FYN;IQGAP2;GMFG;BTN3A2;LSP1;DOK2;IRF1;RASSF5;CD69;CST7;SAMD3;SH2D2A;PRKACB;GIMAP7;PRF1;SH2D1A;GZMA;APOBEC3G;GPR65;TXK;FGR;CCND3;CD244;EOMES;HCST;PLEK;RUNX3;CRIP1;ARID5A;KLRD1;GZMH;PRKCH;KLRB1;ID2;DUSP2;IL18RAP,anal_pc5_c21_S1.filtered.gene_spectra_score.k_3.dt_0_01.txt
3,1,MARROW_NAIVE_T,-3.2745009115976207,0.0,0.0,prerank,-0.7061999443098196,0.0,118/170,18.78%,ARHGEF1;ACAP1;TMC8;ARHGAP15;EVL;SEPTIN1;ARHGAP45;TRAF3IP3;LTB;CD2;TRAC;IL16;ANKRD44;RESF1;CD96;ADTRP;FYB1;TRBC2;ANO9;TRBC1;TC2N;TMC6;CLEC2D;PIM2;SPOCK2;CD3E;CD27;STK4;MGAT4A;ATM;TRAF1;CD3D;RIPOR2;CD6;IL7R;LAT;TNIK;DGKA;FNBP1;ETS1;TMEM63A;GPSM3;LCK;SEPTIN6;ICAM3;ITK;THEMIS;CDC42SE2;CD28;RASGRP1;CD5;CCR6;PAG1;CD48;ZC3H12D;GIMAP4;RHOH;ISG20;P2RY10;OXNAD1;TCF7;SIRPG;TESPA1;CD3G;PBXIP1;SLC25A45;SUSD3;SIT1;CD69;ICOS;CCR7;HELB;BCL2;PCED1B;GIMAP7;SCML4;GPR171;RNF125;CD40LG;SH2D3A;TRAT1;P2RY8;UBASH3A;MTERF4;IL27RA;SLFN5;RORA;BTG2;ZNF101;ITM2A;BIN1;SHISAL2A;FAM107B;PIK3IP1;CAMK4;RASA3;IL2RA;BCL11B;SFI1;TCEA3;ITPKB;TSC22D3;GATA3;ARID5A;LRRN3;PBX4;TNFRSF25;LEPROTL1;TNFRSF4;ANXA2R;PDE3B;PLK3;FLT3LG;GRAMD1A;GIMAP1;TNFAIP3;PTGER4;DPP4,anal_pc5_c21_S1.filtered.gene_spectra_score.k_3.dt_0_01.txt
3,1,CTX_BRAIN_B,-3.2650682547841856,0.0,0.0,prerank,-0.80985115430592,0.0,46/64,9.04%,ATP2A3;ACAP1;CORO1A;ARHGAP15;IL2RG;SEPTIN1;RAC2;LTB;CD37;FCMR;LIMD2;CD74;CYTIP;CD79A;IKZF3;MS4A1;PTPN6;CLEC2D;PIM2;SP140;CD52;RIPOR2;CXCR4;CD22;SEPTIN6;FCRL2;BANK1;MZB1;FCRL1;NIBAN3;LY9;PLAC8;PAX5;CD48;CD19;ALOX5;P2RX5;RHOH;ISG20;SP110;RALGPS2;CD79B;TTN;LSP1;BIRC3;CD69,anal_pc5_c21_S1.filtered.gene_spectra_score.k_3.dt_0_01.txt
3,1,NK_NKT,-3.262646192917565,0.0,0.0,prerank,-0.6645447454226832,0.0,180/308,17.12%,AKNA;CORO1A;TMC8;ITGAL;EVL;IL2RG;IKZF1;ARHGAP45;WIPF1;TBC1D10C;RAC2;ADGRE5;LAPTM5;ARHGAP9;CD53;CELF2;CTSS;LTB;RASAL3;CD2;TRAC;STK17B;NLRC5;RESF1;ARHGAP30;CD96;CD37;SASH3;PTK2B;FCMR;FYB1;PTPRC;CYTIP;TRBC2;HCLS1;STK10;LCP1;IKZF3;TRBC1;TC2N;PTPN6;IL32;CLEC2D;PIM2;SPOCK2;STK17A;CD3E;ADA2;ARHGDIB;CCND2;STK4;ATM;CD3D;CD52;CD6;IL7R;DGKA;FNBP1;TENT5C;ETS1;ITGB2;CXCR4;SRGN;BIN2;DENND2D;SLA;PYHIN1;LCK;PRKCB;SH3KBP1;ITK;THEMIS;GPRIN3;EVI2B;AOAH;TIGIT;CDC42SE2;JAML;CYFIP2;EMB;SMAP2;IL2RB;SLAMF7;CCL5;RASGRP1;PAG1;CD48;TNFRSF1B;KLRK1;ALOX5;CD8A;P2RX5;RHOH;SLAMF6;CD247;ISG20;GPR183;POU2F2;ARHGAP25;CD7;PTPN22;TCF7;NKG7;SIRPG;FYN;PARP8;CYBB;GBP5;ERN1;CD3G;CCR5;PBXIP1;RASSF5;CD69;PRKCQ;KLRG1;CST7;SAMHD1;ALOX5AP;CST3;SH2D2A;BCL2;CXCR6;PRKACB;GIMAP7;SCML4;TAGAP;PRF1;SH2D1A;GPR171;RNF125;MPEG1;EVI2A;CD40LG;LILRB1;GZMA;BTN3A1;MCTP2;TRAT1;APOBEC3G;SLFN5;RORA;SYTL3;BTG2;PRDM1;SCIMP;GZMM;GZMK;PIK3IP1;COTL1;TXK;IPCEF1;CAMK4;SAMSN1;FGR;BCL11B;EOMES;RGS1;HCST;PLEK;GNG2;LYZ;TSC22D3;GATA3;RUNX3;ITGAX;FCRL6;KLRD1;GZMH;PRKCH;LEPROTL1;KLRB1;HSPA6;PDE7A;CD83;PITPNC1;SLC7A7;DUSP2;TRGC1;IL18RAP,anal_pc5_c21_S1.filtered.gene_spectra_score.k_3.dt_0_01.txt
3,1,CD5_POS_CCL22_NEG_MATURE_B,-3.2220385137174943,0.0,0.0,prerank,-0.7268732507696516,0.0,84/117,19.18%,TMC8;ITGAL;ARHGAP9;TRAC;DENND1C;FCGBP;TRBC2;SEL1L3;ITGB7;SP140;SPOCK2;CD27;CCND2;LPXN;IL10RA;TENT5C;TNFRSF13B;PPP1R16B;SRGN;BIN2;KCNN4;SELL;FCRL2;EVI2B;NFKBIZ;ADAM8;SKAP1;ZBP1;LY9;CD5;CCR6;ABI3;GPR183;PTPN22;FCRL5;MCOLN2;TTN;TRAF5;TLR10;IGFLR1;DOK2;CYBB;TNFRSF13C;CXCR5;BIRC3;CTSZ;SEMA7A;CD40;CCR7;BCL2;PCED1B;FCRL3;RHOF;SCML4;MPEG1;EVI2A;APOBEC3G;CLEC17A;IL27RA;CD1D;SIGLEC10;SHISAL2A;FCER2;RAB11FIP1;RGS1;HCST;PLEK;RUNX3;CD1C;PRKCD;PDE7A;CTSH;DUSP2;ACP5;TMEM154;PLK3;SH2B2;MS4A6A;PTGER4;CR2;LTA;RAB8B;BCL2A1;GRK3,anal_pc5_c21_S1.filtered.gene_spectra_score.k_3.dt_0_01.txt
3,1,OLFACTORY_NEUROEPITHELIUM_CD8_T,-3.211659871551664,0.0,0.0,prerank,-0.8037209918131284,0.0,59/67,16.86%,ACAP1;CORO1A;EVL;IL2RG;TRAF3IP3;TBC1D10C;RAC2;LAPTM5;CD2;TRAC;STK17B;CD96;FYB1;PTPRC;CYTIP;TRBC2;LCP1;TRBC1;IL32;CLEC2D;STK17A;CD3E;ARHGDIB;STK4;CD3D;CD52;IL7R;CXCR4;LCK;JAML;CCL5;CD48;CD8A;CD7;PTPN22;NKG7;GMFG;LSP1;CD3G;CD69;CST7;ALOX5AP;CXCR6;TAGAP;GZMA;RORA;SYTL3;GZMM;TRGC2;SAMSN1;CKLF;RGS1;HCST;TSC22D3;RUNX3;LEPROTL1;KLRB1;ID2;DUSP2,anal_pc5_c21_S1.filtered.gene_spectra_score.k_3.dt_0_01.txt
3,1,INTESTINE_ADULT_CI_MESENCHYMAL,-3.210654830936476,0.0,0.0,prerank,-0.6697681398327087,0.0,161/261,15.06%,ACAP1;CORO1A;TMC8;ARHGAP15;ITGAL;ARHGAP4;IKZF1;SEPTIN1;WIPF1;TRAF3IP3;TBC1D10C;DOCK2;LAPTM5;ARHGAP9;CD53;RASAL3;CD2;GPR15;IL16;ANKRD44;ARHGAP30;MYO1G;CD37;ITGA4;SASH3;PARVG;FCMR;FYB1;PTPRC;LIMD2;ZAP70;CYTIP;CYTH4;DOCK8;CD79A;HCLS1;LCP1;MAP4K1;ITGB7;APBB1IP;SP140;SPOCK2;CD3E;CD27;ADA2;ARHGDIB;IL10RA;CD3D;CD52;IL7R;NCKAP1L;FGD2;INPP5D;PTPN7;TNFRSF13B;PPP1R16B;ITGB2;NLRP1;SRGN;GPSM3;POU2AF1;SLA;KLHL6;LCK;SEPTIN6;PRKCB;FCRL2;EVI2B;SLAMF1;BLK;MZB1;ADAM8;CHST11;EMB;SLAMF7;KCNAB2;SKAP1;ZBP1;LY9;CD48;ABI3;CD19;ALOX5;P2RX5;GIMAP4;RHOH;C16orf54;CCDC69;GLIPR1;ISG20;GPR183;POU2F2;P2RY10;ARHGAP25;ADGRG5;CD7;NKG7;KCNA3;IRF4;STAT4;FCRL5;FYN;AIM2;GMFG;IL12RB1;WAS;SFMBT2;ADAM19;SELPLG;CD79B;IGFLR1;CD300A;GLCCI1;LSP1;DOK2;CYBB;ERN1;RELT;SUSD3;DERL3;SIT1;RASSF5;CD69;RCSD1;NCF4;CST7;TRPV2;ALOX5AP;TMEM156;EAF2;PDK1;TAGAP;ANXA6;EVI2A;LILRB1;APOBEC3G;IL27RA;BTK;HVCN1;CEP85L;PRDM1;GPR65;DAPP1;LAX1;STAP1;MEF2C;SAMSN1;RASA3;THEMIS2;NUGGC;DOK3;RGS1;ELMO1;HCST;ATP8B2;GNG2;CPNE5;RASGRP3;FCGR2B;PLEKHO1;RUNX3,anal_pc5_c21_S1.filtered.gene_spectra_score.k_3.dt_0_01.txt
3,1,CD8_NAIVE_T,-3.1848443759099125,0.0,0.0,prerank,-0.7206456781768485,0.0,74/102,15.76%,AKNA;ITGAL;SEPTIN1;TBC1D10C;RASAL3;CD2;MYO1G;CD96;ZAP70;SIGIRR;IKZF3;TC2N;IL32;SPOCK2;CD3E;CCND2;IL10RA;CD3D;SPN;ETS1;ITGB2;PYHIN1;LCK;ITK;TIGIT;CDC42SE2;EMB;SKAP1;CCL5;CD8A;SLAMF6;ISG20;CD7;NKG7;STAT4;FYN;IL12RB1;BTN3A2;LSP1;CD3G;KLRG1;RAB27A;CST7;PTGDR;SAMD3;SH2D2A;PRKACB;ANXA6;PRF1;SH2D1A;SLA2;S1PR4;RNF125;GZMA;BTN3A1;APOBEC3G;SLFN5;RORA;MATK;SYTL3;PRDM1;GZMM;BIN1;CCND3;BCL11B;EOMES;HCST;GNG2;GFI1;RUNX3;FCRL6;KLRD1;GZMH;PRKCH,anal_pc5_c21_S1.filtered.gene_spectra_score.k_3.dt_0_01.txt
3,1,HEART_LYMPHOID,-3.170936431935239,0.0,0.0,prerank,-0.7580566933225696,0.0,74/87,18.92%,ACAP1;SEPTIN1;CD96;FCMR;ZAP70;TRBC2;IKZF3;MS4A1;CD27;JCHAIN;CD3D;CD52;IGKC;TNFRSF13B;POU2AF1;LCK;SELL;ITK;CARD11;THEMIS;FCRL2;SLAMF1;BLK;TIGIT;FCRL1;IL2RB;SKAP1;RASGRP1;LY9;CD5;PAX5;CD19;KLRK1;SLAMF6;ISG20;CD7;TCF7;NKG7;SIRPG;FCRL5;CD79B;CD3G;SIT1;ICOS;CST7;CCR7;SAMD3;CXCR6;FCRL3;SCML4;PRF1;SH2D1A;GPR171;CXCR3;GZMA;TRAT1;UBASH3A;MATK;GZMM;FOXP3;GZMK;SHISAL2A;FCRLA;PDCD1;GZMH;KLRB1;IL18RAP;TCL1A;FLT3LG;RAB25;NCR3;TBX21;CR2;LTA,anal_pc5_c21_S1.filtered.gene_spectra_score.k_3.dt_0_01.txt
3,1,PLACENTA_LYMPHOID,-3.166014627637784,0.0,0.0,prerank,-0.7343447084825234,0.0,89/119,16.40%,AKNA;IL2RG;SEPTIN1;TRAF3IP3;TBC1D10C;LTB;RASAL3;CD2;CARMIL2;MYO1G;CD96;DENND1C;ZAP70;TRBC2;CD79A;IKZF3;IL32;PIM2;ITGB7;CD3E;CD27;NLRC3;PSTPIP1;JCHAIN;CD3D;CD52;CD6;TXNDC5;IGKC;PTPN7;POU2AF1;CDHR1;LCK;ITK;CARD11;THEMIS;TIGIT;MZB1;RASGRP1;ZBP1;CD5;CD8A;RHOH;SLAMF6;CD247;ISG20;ADGRG5;CD7;NKG7;IRF4;SIRPG;FCRL5;CD79B;TRAF5;CD3G;IGHA1;CD69;SLFN12L;KLRG1;CST7;PTGDR;SAMD3;ALOX5AP;SH2D2A;DAPK2;SCML4;PRF1;SH2D1A;CXCR3;GZMA;TRAT1;CD38;GZMK;LAX1;STAP1;CAMK4;TRGC2;NUGGC;BCL11B;CD244;EOMES;APOBEC3D;RUNX3;DTHD1;VAMP1;GZMH;GIPR;KLRB1;NOD2,anal_pc5_c21_S1.filtered.gene_spectra_score.k_3.dt_0_01.txt
3,1,MUSCLE_LYMPHOID,-3.1538404777518574,0.0,0.0,prerank,-0.7629860098952692,0.0,61/80,16.44%,ACAP1;IL2RG;SEPTIN1;TBC1D10C;LTB;CD2;CD96;IKZF3;TC2N;PARP15;CD3E;KIF21B;RIPOR2;CD6;IL7R;LLGL2;HSH2D;CDHR1;PYHIN1;ICAM3;ITK;CARD11;THEMIS;IL2RB;SKAP1;HDHD3;RASGRP1;PLAC8;CD8A;RHOH;CD247;ADGRG5;CD7;PTPN22;TCF7;NKG7;TESPA1;SNX20;CD69;SLFN12L;TRIM14;KLRG1;SAMD3;SCML4;SH2D1A;SLA2;GZMA;MCTP2;IL27RA;MATK;ABCD2;FGR;BCL11B;SFI1;ABCB1;MYB;GATA3;RUNX3;VAMP1;KLRB1;RORC,anal_pc5_c21_S1.filtered.gene_spectra_score.k_3.dt_0_01.txt
3,1,B,-3.135539893594129,0.0,0.0,prerank,-0.7522374657990002,0.0,68/92,16.02%,ATP2A3;LAPTM5;CD37;FCMR;RASGRP2;LIMD2;CD74;SEL1L3;CD79A;IKZF3;MS4A1;PTPN6;SP140;CD52;FGD2;TNFRSF13B;HSH2D;CD24;CXCR4;POU2AF1;CD22;SELL;PRKCB;FCRL2;BLK;BANK1;FCRL1;SP100;ST6GAL1;NIBAN3;PLAC8;PLCG2;PAX5;CD19;P2RX5;IRF8;SP110;POU2F2;P2RY10;RALGPS2;ADAM19;CD79B;TRAF5;TLR10;TNFRSF13C;CXCR5;BIRC3;RCSD1;CD40;CCR7;TMEM156;EAF2;HIP1R;HVCN1;SCIMP;SNX22;CD72;LY86;SPIB;DAPP1;FCRLA;STAP1;MEF2C;FCER2;RASGRP3;FCGR2B;CXXC5;AFF3,anal_pc5_c21_S1.filtered.gene_spectra_score.k_3.dt_0_01.txt
3,1,MHC_II_POS_B,-3.135002640778146,0.0,0.0,prerank,-0.7655873261065869,0.0,60/76,16.38%,ITM2C;CORO1A;LAPTM5;LTB;CD37;FCMR;LIMD2;CD79A;PARP15;MS4A1;PTPN6;CLEC2D;SP140;CD52;CIITA;RIPOR2;HSH2D;CXCR4;POU2AF1;CD22;SEPTIN6;SELL;PRKCB;FCRL2;EVI2B;CYFIP2;BANK1;FCRL1;SMAP2;NIBAN3;PLAC8;PAX5;RNASET2;CD19;P2RX5;IRF8;ISG20;POU2F2;RALGPS2;CD79B;TTN;TLR10;CYBB;TNFRSF13C;BIRC3;RCSD1;CCR7;MPEG1;TLR6;SPIB;FCRLA;RUBCNL;DOK3;UCP2;CNTRL;CD1C;CXXC5;AFF3;PDE7A;CD83,anal_pc5_c21_S1.filtered.gene_spectra_score.k_3.dt_0_01.txt
3,1,CD4_MEMORY_EFFECTOR_T,-3.112600119716786,0.0,0.0,prerank,-0.8217774589111055,0.0,40/47,13.70%,CORO1A;ARHGAP15;EVL;IL2RG;SEPTIN1;TRAF3IP3;CD2;CD96;IL32;CLEC2D;SPOCK2;CD3E;IL10RA;CD3D;CD52;CD6;IL7R;ETS1;LCK;ICAM3;ITK;SLAMF1;SKAP1;CD28;RASGRP1;CD5;CCR6;GPR183;PBXIP1;SUSD3;SIT1;ICOS;GIMAP7;CD40LG;TRAT1;SLFN5;RORA;PRDM1;CTLA4;BCL11B,anal_pc5_c21_S1.filtered.gene_spectra_score.k_3.dt_0_01.txt
3,1,MUSCLE_B,-3.1010050773592286,0.0,0.0,prerank,-0.8088584676024544,0.0,40/49,13.48%,CYBA;TBC1D10C;RAC2;LAPTM5;CD53;CTSS;LTB;CD37;FCMR;RASGRP2;PTPRC;LIMD2;CD74;CD79A;MS4A1;STK4;JCHAIN;CD52;CXCR4;SELL;EVI2B;BANK1;FCRL1;TRIM22;PLAC8;CD48;RNASET2;RHOH;IRF8;GPR183;GMFG;CD79B;CD69;ALOX5AP;EAF2;BTK;HVCN1;LY86;FCRLA;FCER2,anal_pc5_c21_S1.filtered.gene_spectra_score.k_3.dt_0_01.txt
3,1,MUSCLE_T,-3.0473487002114164,0.0,0.0,prerank,-0.839343120371221,0.0,36/37,16.00%,CYBA;CORO1A;EVL;IL2RG;TRAF3IP3;LAPTM5;LTB;CD2;CD37;FYB1;PTPRC;LIMD2;IL32;CD3E;ARHGDIB;CD3D;CD52;IL7R;ETS1;CXCR4;LCK;SELL;PLAC8;CD48;GIMAP4;ISG20;CD7;GMFG;CD3G;CD69;SLFN5;COTL1;HCST;TSC22D3;CRIP1;LEPROTL1,anal_pc5_c21_S1.filtered.gene_spectra_score.k_3.dt_0_01.txt
3,1,CL4_T_LYMPHOCYTE_NK,-3.0096705274514175,0.0,0.0,prerank,-0.7012047824560291,0.0,70/97,16.86%,CYBA;AKNA;CORO1A;IL2RG;WIPF1;ADGRE5;LAPTM5;CD53;CD2;TRAC;CD37;PTPRC;LIMD2;CYTIP;TRBC2;LCP1;TRBC1;IL32;CLEC2D;SPOCK2;CD3E;ARHGDIB;STK4;CD3D;CD52;FNBP1;ITGB2;CXCR4;SRGN;CDC42SE2;SSR4;CCL5;TNFRSF1B;CD247;ISG20;CD7;NKG7;FYN;LSP1;DOK2;IRF1;BIRC3;CD69;CST7;ALOX5AP;SH2D2A;GIMAP7;PRF1;S1PR4;GZMA;APOBEC3G;GZMM;ITM2A;GZMK;COTL1;TRGC2;SAMSN1;HCST;ZFP36;GNG2;TSC22D3;RUNX3;CRIP1;ARID5A;KLRD1;GZMH;LEPROTL1;KLRB1;ID2;DUSP2,anal_pc5_c21_S1.filtered.gene_spectra_score.k_3.dt_0_01.txt
3,1,CL12_T_LYMPHOCYTE_NK,-2.957944308628346,0.0,0.0,prerank,-0.747993924047449,0.0,51/65,16.86%,CYBA;CORO1A;IL2RG;WIPF1;LAPTM5;CD53;LTB;CD2;TRAC;PTPRC;CYTIP;TRBC2;TRBC1;IL32;CLEC2D;SPOCK2;STK17A;ARHGDIB;STK4;CD3D;CD52;CD6;IL7R;FNBP1;CXCR4;SRGN;EVI2B;CDC42SE2;SSR4;CCL5;GLIPR1;ISG20;GPR183;CD7;FYN;PBXIP1;BIRC3;CD69;CST7;ALOX5AP;GIMAP7;EVI2A;TRAT1;RORA;ITM2A;SAMSN1;TSC22D3;CRIP1;LEPROTL1;KLRB1;DUSP2,anal_pc5_c21_S1.filtered.gene_spectra_score.k_3.dt_0_01.txt
3,1,OLFACTORY_NEUROEPITHELIUM_NK,-2.9178022887820294,0.0,0.0,prerank,-0.7022039924987311,0.0,47/71,16.86%,CYBA;CORO1A;EVL;IL2RG;TRAF3IP3;TBC1D10C;RAC2;CD53;PTPRC;LIMD2;LCP1;TRBC1;IL32;ARHGDIB;CD52;SPN;ITGB2;CXCR4;SRGN;BIN2;PYHIN1;MYO1F;IL2RB;CCL5;PLAC8;CD48;CD247;CD7;NKG7;LSP1;DOK2;CD69;CST7;PRF1;GZMA;APOBEC3G;MATK;GPR65;GZMM;CCND3;HCST;PLEK;UCP2;KLRD1;GZMH;KLRB1;DUSP2,anal_pc5_c21_S1.filtered.gene_spectra_score.k_3.dt_0_01.txt
3,1,OLFACTORY_NEUROEPITHELIUM_CD4_T,-2.8513496126485505,0.0,0.0,prerank,-0.8309040751493002,0.0,28/29,16.16%,ACAP1;CORO1A;LTB;CD2;TRAC;FYB1;PTPRC;TRBC2;TRBC1;IL32;CLEC2D;CD3E;ARHGDIB;STK4;CD3D;CD52;IL7R;CXCR4;CD48;GPR183;GMFG;CD3G;CD69;TAGAP;RORA;HCST;TSC22D3;KLRB1,anal_pc5_c21_S1.filtered.gene_spectra_score.k_3.dt_0_01.txt
3,1,CD4_NAIVE_T,-2.8451965018144736,0.0,0.0,prerank,-0.7822322860950104,0.0,30/41,13.70%,TMC8;SEPTIN1;TRAF3IP3;ADTRP;FCMR;TC2N;IL32;PIM2;SPOCK2;CD3E;CD27;CD3D;CD6;IL7R;DGKA;LCK;SELL;ITK;GIMAP4;OXNAD1;TCF7;TESPA1;SUSD3;CCR7;PCED1B;GIMAP7;TRAT1;PIK3IP1;TXK;BCL11B,anal_pc5_c21_S1.filtered.gene_spectra_score.k_3.dt_0_01.txt
3,1,INTESTINE_ADULT_CJ_IMMUNE,2.817557975946039,0.0,0.0,prerank,0.7203292965297466,0.0,297/381,24.38%,FBLN1;CXCL14;C1R;C1S;COL6A2;COL1A2;DPYSL3;COL6A1;COL5A1;COL3A1;SPARC;LAMA5;PXDN;COL4A2;FGFR1;FSTL1;COL6A3;DCN;LAMB2;A2M;COL18A1;RBP1;LUM;COL4A5;NOTCH3;PITX1;PTPRS;MFAP4;SERPINF1;MMP2;TBX2;EFEMP1;ACKR3;ANTXR1;COL1A1;DKK3;COL4A1;MXRA7;A4GALT;CALD1;MRC2;TCF4;LAMC1;TGFBI;GJA1;PHGDH;FKBP10;MAPK10;COL14A1;NID1;FBN1;LAMA4;CXCL12;EMILIN1;COL5A2;IGFBP7;GLI3;IGFBP5;MFGE8;AEBP1;EHD2;PTN;HTRA1;BMP4;ITIH5;CDH13;VCAN;TFPI;HS6ST1;MXRA5;LIMS2;CAVIN1;WNT5A;ADAMDEC1;THY1;TIMP2;ADGRA2;CDH11;PCOLCE;NFATC4;SPARCL1;MXRA8;TNS2;ABCA8;FXYD6;LRP1;ANXA1;PDLIM4;SDC2;PCDH18;CYBRD1;MAP1B;FOXF1;COL15A1;SLC12A4;FBLN5;CFH;SNAI2;TSHZ2;TIMP3;CCDC80;MYL9;SERPING1;BGN;ABI3BP;CRISPLD2;PDGFRB;ANGPTL2;ADAM33;FRMD6;RBPMS;FAM20C;LTBP2;PMP22;CAV2;RBMS3;KIRREL1;PDPN;CYGB;TNFAIP2;TPM2;SULF1;DCHS1;SFRP1;FOXQ1;APOE;ACTA2;CAV1;MGP;NNMT;COL12A1;ARHGEF17;TNS1;PDGFRA;CCL11;OLFML2A;GGT5;NUAK1;WWTR1;ADAMTS1;CLMP;NSG1;IGFBP3;SCARA5;CCDC102B;TSPAN11;PDLIM7;SLC7A2;SDC3;ADH1B;PLAT;OLFML3;ECM1;GPC6;TSPAN9;PAPPA;TMTC1;ENG;PLAU;GPX3;TSHZ3;CSPG4;MSRB3;MMP11;NES;MCAM;CRIP2;MMRN2;FGD5;LAMC3;LOX;TMEM119;SNED1;UNC5C;ZEB2;FST;CDH5;PAM;TSPAN2;VWF;LHFPL6;COL4A6;PINLYP;CLDN5;MAMDC2;CALCRL;SOX6;SCARF2;ISYNA1;LIFR;C11orf96;FHL1;COL27A1;OLFM1;CCL2;ISLR;PLVAP;FLNA;ALDH1A3;EDNRB;IGDCC4;KIAA1755;EMID1;TSPAN4;OBSCN;CLEC11A;SYNPO2;EGFL7;TGM2;FRY;NEGR1;ITGA11;THBD;SPON2;ADGRL3;ARHGAP29;RAMP2;TMEM47;IGFBP6;CYYR1;LMOD1;ZNF521;EFEMP2;CAVIN2;GNG11;COLEC12;GASK1B;SOBP;RAMP3;PDE1C;CLEC14A;CD34;GLIS2;ZCCHC24;MCTP1;PREX2;GUCY1A1;RBP5;GDNF;DLC1;FILIP1L;MEIS2;FAM13C;LDB2;LRRC32;PTPRM;RGS5;PPP1R14A;CSF1;AXL;CAVIN3;KIFC3;SGCD;PEAR1;MMP19;SGIP1;RHOJ;IL33;CPED1;RASIP1;CLEC3B;JAM3;DMD;COX7A1;IL1R1;ESAM;CPAMD8;NRP1;PLXND1;TEK;PDE1A;FABP4;STMN2;SOX18;HEG1;DACT1;SHANK3;ECSCR;NEXN;EGFLAM;ADGRF5;JAM2;CD93;ARHGEF15;SCN7A;HECW2;FLT1;PGF;INHBB;ETV1;SYNM;RAI14;PDGFC;POSTN;CNRIP1;APLNR;CCM2L,anal_pc5_c21_S1.filtered.gene_spectra_score.k_3.dt_0_01.txt
3,1,CEREBELLUM_MICROGLIA,-2.800541456603653,0.0,0.0,prerank,-0.5551223589510138,0.0,183/386,20.82%,CORO1A;APOBR;TMC8;ARHGAP15;ITGAL;ARHGAP4;IKZF1;TRAF3IP3;RAC2;DOCK2;LAPTM5;ARHGAP9;CD53;CCDC88B;CTSS;RASAL3;ARHGAP30;FMNL1;CD37;ADTRP;DENND1C;SASH3;PARVG;FYB1;PTPRC;CD74;CYTIP;CYTH4;DOCK8;HCLS1;LCP1;DEF6;PARP15;PTPN6;JAK3;APBB1IP;SP140;PLCB2;ADA2;IL10RA;PIK3CD;IL7R;LGALS3;NCKAP1L;FERMT3;SPN;FGD2;PTPN7;WDFY4;ITGB2;NABP1;BIN2;DENND2D;SERPINA1;LCP2;SELL;CARD11;RBM47;EVI2B;NFATC2;AOAH;NFKBIZ;MYO1F;TRIM22;VAV1;SMAP2;SLC17A9;CD28;TFCP2L1;PLCG2;PPARG;RNASET2;ZC3H12D;MAST3;ALOX5;RHOH;SLAMF6;GLIPR1;IRF8;GPR132;GPR183;ARHGAP25;PLBD1;CD4;IL12RB1;WAS;SFMBT2;SELPLG;TLR10;IGFLR1;CYBB;PIK3R5;CD84;SCIN;SUSD3;SNX20;CTSZ;CD69;LY75;NCF4;ALOX5AP;TMEM106A;HK2;TMEM156;RIN3;PIK3AP1;GAB3;TAGAP;BATF;MPEG1;LILRB1;FMN1;P2RY8;TLR6;ARRDC5;MAN2B1;BTK;BTG2;IL6R;SCIMP;CD226;LY86;BIN1;DAPP1;SIGLEC10;TXK;RUBCNL;SPI1;IPCEF1;LAIR1;SAMSN1;AMPD3;BHLHE41;DOK3;TSPAN32;RGS1;ARRB2;PLEK;UCP2;LYZ;FCGR2B;ARID5A;ITGAX;ERP27;PRKCD;IL18;NFKBID;HSPA6;MILR1;TNF;CD83;TBXAS1;TNFSF8;SLC7A7;TLR1;C11orf21;BMP2K;LAG3;NRROS;CSF2RB;TNFAIP8L2;MS4A6A;PTGER4;FCGR2A;DPP4;IL17RA;MAP3K8;BCL2A1;SNAI3;RNASE6;HAVCR2;SIGLEC5;PLD4;TFEC;LST1;TANGO2;C3AR1;CLEC7A;ATP8B4;CSF2RA;TNFSF14;HCK;NMRK1,anal_pc5_c21_S1.filtered.gene_spectra_score.k_3.dt_0_01.txt
3,1,MUSCLE_NK,-2.7785080837446747,0.0,0.0,prerank,-0.6546190892634923,0.0,55/91,16.36%,CYBA;CORO1A;EVL;IL2RG;TBC1D10C;RAC2;LAPTM5;CD53;CD37;FYB1;PTPRC;LIMD2;LCP1;STK17A;ARHGDIB;STK4;CD52;ETS1;ITGB2;SRGN;GPSM3;BIN2;PYHIN1;XBP1;LCK;IL2RB;CCL5;PLAC8;CD48;GIMAP4;CD247;CD7;NKG7;GMFG;DOK2;CD69;CST7;PTGDR;SAMD3;ALOX5AP;PRF1;GZMA;GPR65;GZMM;CKLF;CCND3;HCST;PLEK;UCP2;GNG2;TSC22D3;KLRD1;GZMH;KLRB1;ID2,anal_pc5_c21_S1.filtered.gene_spectra_score.k_3.dt_0_01.txt
3,1,PROLIFERATING_BASAL,2.7440432987936245,0.0,0.0,prerank,0.7233615453380156,0.0,155/219,17.32%,FBLN1;CXCL14;GPC1;PKP1;TP63;CALML3;DPYSL3;DST;KRT17;CLCA2;ALDH3A1;KRT15;PITX1;SERPINF1;TYMS;A4GALT;PRXL2A;CALD1;TACSTD2;CDH3;TCF4;HELLS;PHGDH;PTN;CDK1;CENPU;NUSAP1;MDK;S100A2;TPX2;KRT14;TOP2A;COL17A1;FAM3B;EZH2;ECT2;UHRF1;TCF19;PTGR1;AKR1B10;ADGRG1;TNC;ZWINT;CDT1;KRT19;ANLN;HMGB2;KIFC1;LMNB1;PTTG1;SNAI2;TSHZ2;HES4;ITGB4;LAMB3;CDKN2C;IGFBP4;KRT6A;TNFSF10;FANCI;CENPM;NCAPG;MCM6;IFITM3;TPM2;PTPRZ1;PRC1;SERPINB5;SMC4;TK1;MKI67;CAV1;NCAPG2;KIF23;GPX2;HEY1;PRSS23;NSG1;IGFBP3;TROAP;CSTA;ASPM;RRM2;SNCA;IGFBP2;CENPW;NDC80;BIRC5;CCNB2;HJURP;KIF11;SLC2A1;FAM83D;CCNB1;SERPINB13;CENPF;CDC45;SPRY1;GTSE1;PCLAF;CEP55;MT2A;HMMR;GLUL;MELK;DLGAP5;GPSM2;KPNA2;CKAP2;KIF20A;KIF2C;NCAPD2;CDCA2;TACC3;AURKB;CKS2;CDC20;ORC6;CDCA3;PLK1;SPC25;FOXM1;ISYNA1;AQP3;GPNMB;UACA;NMU;SERPINB3;ISLR;SLITRK6;ANP32E;FABP5;SLC7A1;CENPE;AVPI1;CKAP2L;NUF2;FGFBP1;BUB1;IGFBP6;TUBA1C;GCHFR;KNSTRN;LY6D;DEPDC1;TTK;NEK2;UBE2C;DIAPH3;KRT16;ZNF703;ARL6IP1;CARHSP1;ACAT2;CDCA7L,anal_pc5_c21_S1.filtered.gene_spectra_score.k_3.dt_0_01.txt
3,1,IRIS_CILIARY_BODY_ACTIVATED_T,-2.7309389690959276,0.0,0.0,prerank,-0.7210034062417051,0.0,40/51,21.30%,FGD3;MGAT4A;RIPOR2;SPN;TENT5C;ZFYVE28;SYTL2;PRKCB;SH3KBP1;CARD11;AOAH;SLAMF1;CYFIP2;ADAM8;IL2RB;RNF213;TNFRSF1B;SLAMF6;P2RY10;TCF7;ADAM19;S1PR4;SH2D3A;BTN3A1;TRAT1;PATL2;RORA;NUP210;IPCEF1;SFI1;KLRC4;ARID5A;LPIN2;IL18RAP;GLRX;FLT3LG;CHST12;CD70;TNFSF14;CDC14A,anal_pc5_c21_S1.filtered.gene_spectra_score.k_3.dt_0_01.txt
3,1,OLFACTORY_NEUROEPITHELIUM_B,-2.7274908746274305,0.0,0.0,prerank,-0.8340016391240174,0.0,22/25,12.14%,CORO1A;LAPTM5;CD53;LTB;CD37;LIMD2;CD74;CD79A;MS4A1;CD52;CXCR4;EVI2B;BANK1;IRF8;GPR183;POU2F2;CD79B;TNFRSF13C;BIRC3;CD69;TAGAP;REL,anal_pc5_c21_S1.filtered.gene_spectra_score.k_3.dt_0_01.txt
3,1,INTESTINE_MYELOID,-2.7271443880801853,0.0,0.0,prerank,-0.5906111810122573,0.0,122/170,31.36%,CTSS;CD74;IL10RA;CIITA;FGD2;WDFY4;AOAH;ITPR2;SLAMF7;RNASET2;IRF8;GPR183;CD4;MCOLN2;TLR10;CYBB;TNFRSF13C;CR1;NCF4;SAMHD1;CST3;IL1R2;MPEG1;LILRB1;FMN1;TLR6;MAN2B1;IL6R;SCIMP;LY86;CD1D;DAPP1;SIGLEC10;SPI1;FCER2;THEMIS2;PLEK;LYZ;ITGAX;CD200R1;CD1C;MILR1;CD83;TBXAS1;CCR2;GAPT;TLR1;TNFAIP8L2;MS4A6A;FCGR2A;BCL2A1;RNASE6;SIGLEC5;PLD4;NUAK2;IFI30;C3AR1;CLEC7A;CSF2RA;HCK;DNASE1L3;MS4A7;TLR7;CD14;C1orf162;CLEC10A;CSF1R;CFP;FPR3;ADAP2;FGL2;RASGRP4;CD300LF;STAB1;RILPL2;LILRB2;FLT3;MNDA;HRH2;CD86;MS4A14;CD163L1;NLRP3;CD209;RUFY4;STX11;CD101;GPR141;CPVL;SIGLEC1;MS4A4E;CD163;TIFAB;FCER1G;GPR34;TYROBP;LILRB5;FCGR3A;C1QC;EBI3;P2RY13;CSF3R;CD33;SIRPB2;CLEC9A;CX3CR1;HPGDS;CD300E;C1QA;RGS18;CCR1;FPR1;AIF1;LGMN;C1QB;NLRC4;VSIG4;ADGRE3;SLC24A4;F13A1;IL10;SIGLEC12,anal_pc5_c21_S1.filtered.gene_spectra_score.k_3.dt_0_01.txt
3,1,CEREBRUM_MICROGLIA,-2.7103863380028974,0.0,0.0,prerank,-0.5488444805037132,0.0,167/280,27.24%,CORO1A;APOBR;TMC8;ARHGAP15;ITGAL;TRAF3IP3;DOCK2;ARHGAP9;CCDC88B;CTSS;ARHGAP30;MYO1G;FMNL1;CD37;DENND1C;SASH3;PARVG;CD74;CYTIP;CYTH4;DOCK8;HCLS1;TNFSF13;APBB1IP;SP140;ADA2;MGAT4A;IL7R;LGALS3;FGD2;WDFY4;ITGB2;TNFRSF11A;DENND2D;SERPINA1;CARD11;RBM47;EVI2B;NFATC2;AOAH;MYO1F;TRIM22;VAV1;SMAP2;SLC17A9;CD28;TFCP2L1;PLCG2;CD48;PPARG;ZC3H12D;MAST3;GLIPR1;IRF8;GPR132;GPR183;PTPN22;IRF4;CD4;IL12RB1;SFMBT2;SELPLG;IGFLR1;CYBB;PIK3R5;SCIN;LY75;NCF4;TMEM106A;HK2;LAT2;TMEM156;RIN3;PIK3AP1;GAB3;TAGAP;BATF;MPEG1;LILRB1;FMN1;CLEC17A;P2RY8;ARRDC5;OTULINL;GPR65;SULT1C2;LY86;BIN1;SIGLEC10;SHISAL2A;SPI1;IPCEF1;LAIR1;SAMSN1;AMPD3;BHLHE41;RGS1;ARRB2;LYZ;PDCD1;ITGAX;ERP27;IL18;NFKBID;HSPA6;MILR1;CD83;TNFSF8;LPIN2;SLC7A7;GAPT;TLR1;CSF2RB;TNFAIP8L2;MS4A6A;IL17RA;BCL2A1;RNASE6;HAVCR2;SIGLEC5;PLD4;TFEC;IFI30;CLEC7A;ATP8B4;CSF2RA;RUNX2;GTSF1;LRRK1;MS4A7;TLR7;TRPM2;CSF1R;TMEM273;LY96;ADAP2;S100Z;CASP5;SPATC1;ITGAM;RASGRP4;CACNA2D4;CD300LF;LILRB2;P2RY6;MNDA;CD86;SOWAHD;MS4A14;LRRC25;HMOX1;ATG7;SLC37A2;CPVL;CD163;SLC2A5;CD68;GPR34;TYROBP;ACY3;LILRB5;FCGR3A;OAS1;C1QC;EBI3;ENTPD1;P2RY13,anal_pc5_c21_S1.filtered.gene_spectra_score.k_3.dt_0_01.txt
3,1,PRO_B,2.683525479095842,0.0,0.0,prerank,0.7225505261327627,0.0,123/164,19.80%,FBLN1;PXDN;GSN;MCM2;TYMS;PRXL2A;HELLS;PHGDH;MCM4;IGFBP7;CDK1;CENPU;NUSAP1;MDK;TPX2;TOP2A;EZH2;ECT2;UHRF1;TCF19;ADGRG1;ZWINT;CDT1;ANLN;KIFC1;PTTG1;CDKN2C;E2F1;FANCI;CENPM;FANCA;NCAPG;MCM6;PRC1;CCNE2;TK1;CIT;MKI67;NCAPG2;KIF23;MYBL2;WDR76;TROAP;ASPM;RRM2;SNCA;CENPW;NDC80;RAD54L;DTL;BIRC5;CCNB2;HJURP;ENG;KIF11;WWOX;CCNB1;CENPF;CDC45;GTSE1;PCLAF;CEP55;BRIP1;MT2A;HMMR;MELK;DLGAP5;GPSM2;LIG1;CKAP2;KIF20A;MAP3K20;KIF2C;NCAPD2;KIF18A;CDCA2;TACC3;AURKB;FADS2;CDC20;CTNNAL1;ARHGAP33;ERG;ORC6;CDCA3;PLK1;SPC25;FOXM1;FHL1;EPB41L2;SPAG5;CLEC11A;EGFL7;CENPE;CKAP2L;FBXO5;NUF2;CCNF;BUB1;KNSTRN;DEPDC1;TTK;UBE2C;DIAPH3;KNTC1;CLEC14A;CD34;INCENP;ARL6IP1;GUCY1A1;CCN2;KIF15;ACAT2;POLA1;EXO1;SORBS3;ZGRF1;PLCB1;KIF14;PSRC1;CDCA8;FAM111B;CENPA,anal_pc5_c21_S1.filtered.gene_spectra_score.k_3.dt_0_01.txt
3,1,RETINA_MICROGLIA,-2.6795924438563112,0.0,0.0,prerank,-0.5553472622644029,0.0,112/236,16.48%,CYBA;CORO1A;ARHGAP4;IKZF1;ARHGAP45;DOCK2;LAPTM5;ARHGAP9;CD53;CTSS;ARHGAP30;CD37;PARVG;FYB1;PTPRC;CD74;CYTH4;DOCK8;HCLS1;STK10;LCP1;TMC6;APBB1IP;PLCB2;ARHGDIB;STK4;MGAT4A;LPXN;IL10RA;NCKAP1L;FGD2;INPP5D;ITGB2;SRGN;GPSM3;ARHGAP27;BIN2;SLA;LCP2;SIPA1;SH3KBP1;EVI2B;AOAH;NFKBIZ;DOCK10;MYO1F;HERPUD1;ITPR2;VAV1;SP100;SMAP2;ST6GAL1;RNF213;ABI3;RNASET2;TNFRSF1B;ALOX5;GIMAP4;GLIPR1;IRF8;GPR183;ARHGAP25;CD4;GMFG;WAS;SFMBT2;SELPLG;TLR10;CD300A;LSP1;CYBB;CD84;SUSD3;LGALS9;RCSD1;NCF4;SAMHD1;PREX1;ALOX5AP;CST3;LAT2;LPAR6;TAGAP;MPEG1;EVI2A;BTG2;IL6R;OTULINL;LY86;BIN1;SIGLEC10;COTL1;MEF2C;SPI1;IPCEF1;NEK6;LAIR1;SAMSN1;BHLHE41;RGS1;HCST;ARRB2;PLEK;ZFP36;UCP2;PLEKHO1;ITGAX;PRKCD;MILR1;CD83;SH2B3;TBXAS1,anal_pc5_c21_S1.filtered.gene_spectra_score.k_3.dt_0_01.txt
3,1,MARROW_FOLLICULAR_B,-2.670856700236832,0.0,0.0,prerank,-0.6651652976253487,0.0,52/78,17.40%,CD37;FCMR;SEL1L3;CD79A;IKZF3;MS4A1;SP140;CD52;TNFRSF13B;CD22;KLK1;FCRL2;BLK;BANK1;FCRL1;SP100;LY9;CD19;P2RX5;SP110;ARHGAP25;AIM2;RALGPS2;ADAM19;TRAF5;TLR10;TNFRSF13C;CXCR5;BIRC3;CD40;TMEM156;CNR2;FCRL3;HVCN1;REL;SPIB;FCRLA;STAP1;MEF2C;BCAS4;FCER2;SMAGP;CPNE5;COL4A3;NFKB2;FCGR2B;CXXC5;NFKBID;CD83;SPON1;ACP5;TMEM154,anal_pc5_c21_S1.filtered.gene_spectra_score.k_3.dt_0_01.txt
3,1,THYMOCYTES,-2.663681109020459,0.0,0.0,prerank,-0.737817115154635,0.0,28/45,16.24%,CD96;TRBC2;DGKA;LCK;SEPTIN6;THEMIS;MZB1;GRAP2;CD8A;P2RX5;RHOH;CD247;TCF7;KCNA3;TESPA1;CD3G;SH2D1A;TRAT1;UBASH3A;CEP85L;PGGHG;CD38;ATF7IP2;CAMK4;CCND3;BCL11B;PDCD1;PDE7A,anal_pc5_c21_S1.filtered.gene_spectra_score.k_3.dt_0_01.txt
3,1,MARROW_NK,-2.6518477985994884,0.0,0.0,prerank,-0.5678254054222466,0.0,101/181,21.12%,AKNA;CORO1A;ST6GALNAC6;ITGAL;IL2RG;WIPF1;TBC1D10C;RAC2;ADGRE5;B3GNT7;ARHGAP9;CD53;ARHGAP30;SASH3;ZAP70;SIGIRR;STK10;ITGB7;ARHGDIB;LLGL2;ITGB2;HSH2D;CASP8;BIN2;DENND2D;PYHIN1;SYTL2;SIPA1;NFATC2;AOAH;MYO1F;ADAM8;IL2RB;SKAP1;ZBP1;RNF213;CD247;ADGRG5;CD7;NKG7;STAT4;PRR5L;IL12RB1;BTN3A2;CD300A;DOK2;IRF1;RASSF5;CST7;PTGDR;SAMD3;SH2D2A;PRKACB;RHOF;ANXA6;PRF1;SLA2;GZMA;MCTP2;APOBEC3G;MATK;SYTL3;GPR65;GZMM;TXK;KLHDC4;CD244;TSPAN32;ABCB1;EOMES;HCST;FASLG;UCP2;GNG2;RUNX3;LPCAT1;DTHD1;FCRL6;KLRD1;PRKCH;KLRB1;ID2;PITPNC1;VPS37B;TRGC1;IL18RAP;GNPTAB;PLEKHF1;NCR3;TBX21;CCL4;HAVCR2;PSMB9;TRDC;SYNE1;CHST12;CTSW;PIP4K2A;APOBEC3H;GNGT2;CEMIP2,anal_pc5_c21_S1.filtered.gene_spectra_score.k_3.dt_0_01.txt
3,1,RESIDENT_B,-2.651124793430126,0.0,0.0,prerank,-0.7725570790009926,0.0,24/31,17.44%,ITM2C;PTK2B;SEL1L3;CD79A;CD27;JCHAIN;TENT5C;POU2AF1;XBP1;SSR4;HERPUD1;MZB1;SLAMF7;LY9;FKBP11;ISG20;FCRL5;IGHA1;DERL3;BTG2;TSC22D3;SEC11C;SDF2L1;HSP90B1,anal_pc5_c21_S1.filtered.gene_spectra_score.k_3.dt_0_01.txt
3,1,MAJOR_TYPES_NPCS,2.6441611579846533,0.0,0.0,prerank,0.7881523387250318,0.0,59/69,15.82%,MCM2;MFAP2;HELLS;PHGDH;MCM4;PLPP3;GLI3;CDK1;CENPU;NUSAP1;MDK;ID4;TPX2;TOP2A;UHRF1;ZWINT;SFRP2;HMGB2;PTTG1;CENPM;MCM6;PRC1;SMC4;SFRP1;MKI67;KIF23;ASPM;RRM2;CENPW;NDC80;BIRC5;CCNB2;HJURP;KIF11;CCNB1;CENPF;GTSE1;PCLAF;TGIF1;MELK;DLGAP5;KPNA2;CKAP2;KIF2C;TACC3;AURKB;CKS2;CDC20;ORC6;CDCA3;SPC25;ANP32E;SPAG5;CKAP2L;FBXO5;NUF2;BUB1;KNSTRN;UBE2C,anal_pc5_c21_S1.filtered.gene_spectra_score.k_3.dt_0_01.txt
3,1,MUSCLE_FBN1_FAP,2.6379827884589373,0.0,0.0,prerank,0.7223996029280341,0.0,88/141,15.32%,FBLN1;C1R;C1S;COL6A2;COL1A2;COL6A1;COL3A1;DST;NTRK2;LTBP4;FGFR1;ELN;FSTL1;COL6A3;DCN;LAMB2;GSN;MFAP4;SERPINF1;MMP2;EFEMP1;ACKR3;COL1A1;APCDD1;COL14A1;NID1;FBN1;TNXB;IGFBP5;FBLN2;FN1;HTRA1;VCAN;TFPI;MMP14;TIMP2;PCOLCE;MXRA8;CPE;LRP1;ANXA1;SDC2;CYBRD1;CFD;FBLN5;TIMP3;CLU;ITGB5;CCDC80;SERPING1;ABI3BP;CD248;PMP22;LOXL1;JAG1;RBMS3;PRRX1;TNFAIP2;PLPP1;C3;FTL;MGP;COL12A1;PDGFRA;OLFML2A;TPPP3;DBN1;SCARA5;CCN1;OLFML3;GPX3;HSPA1A;CSTB;CTSK;GLUL;DDR2;PAM;MFAP5;OSR2;GPNMB;FHL1;ISLR;HTRA3;ALDH1A3;VIT;NEGR1;PLTP;IGFBP6,anal_pc5_c21_S1.filtered.gene_spectra_score.k_3.dt_0_01.txt
3,1,STELLATE,2.6322515686690466,0.0,0.0,prerank,0.6816149153990846,0.0,166/277,18.98%,FBLN1;CXCL14;C1R;C1S;COL6A2;COL1A2;COL6A1;COL5A1;COL3A1;DST;SPARC;PXDN;COL4A2;LTBP4;FSTL1;COL6A3;DCN;A2M;GSN;RBP1;LUM;NOTCH3;MFAP4;SERPINF1;MMP2;MYH11;TBX2;EFEMP1;ANTXR1;COL1A1;DKK3;COL4A1;MXRA7;ALDH1A1;FGFR2;CALD1;TCF4;LAMC1;COL14A1;NID1;FBN1;CXCL12;IGFBP7;IGFBP5;FBLN2;AEBP1;PTN;THBS2;PALLD;ITIH5;PBX1;NFIX;PTGDS;ID4;LAMB1;CAVIN1;PRKG1;NR2F1;THY1;TIMP2;ADGRA2;DPYSL2;PCOLCE;SPARCL1;MXRA8;CPE;MATN2;FXYD6;LRP1;SVEP1;CYBRD1;MAP1B;FBLN5;CFH;TIMP3;ITGB5;CCDC80;MYL9;IGFBP4;BGN;CRISPLD2;PDGFRB;RBPMS;RBMS3;IFITM3;ADAMTS2;CYGB;TPM2;LAMA2;SFRP1;ACTA2;CAV1;MGP;ARHGEF17;TNS1;PDGFRA;EGR1;CRYAB;NEURL1B;VSTM4;GGT5;PRSS23;ADAMTS1;IGFBP3;EMP1;CCN1;PLAT;OLFML3;ECM1;GPC6;NID2;NR2F2;DENND2A;ENG;SLIT3;PRELP;GPX3;SPRY1;CSPG4;NES;CCDC3;MCAM;DSTN;PHLDA1;GLUL;LAMC3;DDR2;MYLK;THBS1;LHFPL6;SCARF2;ISYNA1;LIFR;C11orf96;UACA;FHL1;EPB41L2;CCL2;SLITRK6;FLNA;EDNRB;LYPD6B;RCAN2;SYNPO2;SOD3;CH25H;RSPO3;DPT;CEBPB;SRPX;CCN2;DAAM2;DLC1;ID3;FILIP1L;C1QTNF1;FAM13C;TWIST2;MASP1;CPXM2;ABCA10;ADAMTS9;RGS5;ANK3;CAVIN3;INMT,anal_pc5_c21_S1.filtered.gene_spectra_score.k_3.dt_0_01.txt
3,1,FIBROBLAST_LIKE,2.6311156552556434,0.0,0.0,prerank,0.7518090630023847,0.0,74/101,16.86%,FBLN1;C1R;COL6A2;COL1A2;COL6A1;COL5A1;SPARC;LTBP4;ELN;FSTL1;COL6A3;DCN;LUM;MFAP4;SERPINF1;MMP2;GPC3;COL1A1;MFAP2;MRC2;LAMC1;TGFBI;COL14A1;NID1;FBN1;LAMA4;CXCL12;COL16A1;COL5A2;IGFBP7;FBLN2;PTN;THBS2;LAMB1;THY1;TIMP2;PCOLCE;MXRA8;MATN2;ABCA8;LRP1;SDC2;FLRT2;PCDH18;CYBRD1;COL15A1;SERPINH1;FBLN5;SNAI2;SERPING1;ANGPTL2;ADAMTS2;MGP;COL12A1;PDGFRA;CCDC102B;COL21A1;OLFML3;GPC6;GLT8D2;SPRY1;LOX;EPB41L2;OLFML1;ISLR;HTRA3;SPON2;DPT;EFEMP2;SMOC2;SRPX;SERPINE2;BICC1;CCN2,anal_pc5_c21_S1.filtered.gene_spectra_score.k_3.dt_0_01.txt
3,1,THYMUS_STROMAL,2.617828522253823,0.0,0.0,prerank,0.745664228441747,0.0,66/101,14.24%,FBLN1;C1R;C1S;COL1A2;COL6A1;COL5A1;COL3A1;SPARC;NTRK2;LTBP4;ELN;FSTL1;DCN;LUM;MFAP4;MMP2;GPC3;COL1A1;MRC2;FKBP10;COL14A1;FBN1;EMILIN1;COL5A2;IGFBP5;FBLN2;MFGE8;THBS2;VCAN;MXRA5;MMP14;OBSL1;PCOLCE;TNS2;PCDH7;LRP1;SFRP2;CCDC80;GJC1;SERPING1;BGN;ANGPTL2;ADAM33;CD248;PMP22;CRABP2;PDPN;PRRX1;C3;SFRP1;MGP;COL12A1;ANOS1;ITGB8;PDGFRA;SCARA5;PLAT;OLFML3;ADAMTSL4;LOX;SSC5D;MFAP5;ISLR;HTRA3;CERCAM;CLEC11A,anal_pc5_c21_S1.filtered.gene_spectra_score.k_3.dt_0_01.txt
3,1,OPC,2.609047187950663,0.0,0.0,prerank,0.734583763493087,0.0,89/106,20.46%,CDK1;CENPU;NUSAP1;TPX2;TOP2A;ECT2;UHRF1;SCARA3;ZWINT;SFRP2;ANLN;HMGB2;KIFC1;PTTG1;CDKN2C;CENPM;NCAPG;PRC1;SMC4;STON2;TK1;MKI67;NCAPG2;KIF23;TROAP;ASPM;RRM2;CENPW;NDC80;BIRC5;CCNB2;HJURP;KIF11;FAM83D;CCNB1;CENPF;IQGAP3;GTSE1;PCLAF;TGIF1;CEP55;MT2A;HMMR;MELK;DLGAP5;KPNA2;KIF18B;CKAP2;KIF20A;KIF2C;NCAPD2;KIF18A;CDCA2;TACC3;AURKB;CKS2;CDC20;ZNF83;ORC6;CDCA3;PLK1;SPC25;FOXM1;NMU;ANP32E;SPAG5;CENPE;ESPL1;POLQ;CKAP2L;FBXO5;NUF2;CCNF;BUB1;TUBA1C;KNSTRN;DEPDC1;TTK;NEK2;UBE2C;DIAPH3;ARL6IP1;KIF15;KIF14;PSRC1;CDCA8;CENPA;TUBB4B;KIF20B,anal_pc5_c21_S1.filtered.gene_spectra_score.k_3.dt_0_01.txt
3,1,MARROW_STROMAL,2.5967283145280455,0.0,0.0,prerank,0.6594264204875514,0.0,354/483,30.44%,FBLN1;CXCL14;C1R;C1S;COL6A2;COL1A2;COL7A1;DPYSL3;COL6A1;COL5A1;COL3A1;AKR1C2;NTRK2;COL4A2;EPHX1;PFN2;FGFR1;FSTL1;COL6A3;CLCA2;DCN;LAMB2;GSN;RBP1;LUM;EFS;NOTCH3;TUSC3;MMP2;EFEMP1;ACKR3;ANTXR1;COL1A1;COL4A1;CALD1;MRC2;LAMC1;GJA1;FKBP10;MAPK10;COL14A1;NID1;FBN1;LAMA4;CXCL12;COL16A1;EMILIN1;COL5A2;PLPP3;IGFBP7;GLI3;IGFBP5;FN1;PTN;HTRA1;THBS2;PALLD;BMP4;ITIH5;MTSS2;PTGDS;TFPI;TM4SF1;MDK;MXRA5;ID4;CAVIN1;ADIRF;MMP14;ADAMDEC1;NR2F1;THY1;CDH11;PCOLCE;NFATC4;NPNT;SPARCL1;MXRA8;TNS2;OSMR;ABCA8;SCARA3;FARP1;ADGRL2;SVEP1;TNC;PDLIM4;FLRT2;PCDH18;CYBRD1;SERPINH1;CFD;CFH;HOXD11;SNAI2;TIMP3;ITGB5;CCDC80;SERPING1;IGFBP4;BGN;ABI3BP;EDIL3;PDGFRB;ANGPTL2;FGFR3;FRMD6;LTBP2;LOXL1;CAV2;JAG1;RBMS3;KIRREL1;ADAMTS2;PRRX1;TPST1;PLPP1;SULF1;ARHGEF25;SFRP1;APOE;CAV1;HSPG2;MGP;NNMT;PODN;NAV2;COL12A1;ARHGEF17;WNT4;FOXD1;PDGFRA;CP;EGR1;CRYAB;TAGLN;VCAM1;OLFML2A;GGT5;NFIB;WWTR1;ADAMTS1;PLEKHH2;CLMP;IGFBP3;EMP1;SLC7A2;COL21A1;SDC3;GLI2;IGFBP2;PTPN13;CCN1;ADH1B;RUNX1;ABCA6;CNN3;OLFML3;FGF7;PAPPA;GLT8D2;NID2;LY6K;NR2F2;DENND2A;SH3PXD2B;SLIT3;PRELP;GPX3;BOC;SPRY1;MT2A;CTSK;MMRN2;AMOTL2;LOX;DDR2;TMEM119;UNC5C;CDC42EP4;FST;NFASC;CDH5;LHFPL6;VWA1;FRMD4A;SRPX2;OSR2;TJP1;PLA2R1;LDLR;LIFR;C11orf96;FHL1;CCL2;OLFML1;ISLR;MID1;ALDH1A3;EDNRB;IGDCC4;KIAA1755;FZD4;TSPAN4;DLX5;SYNPO2;THSD7B;SOD3;RAMP2;TMEM47;CH25H;IGFBP6;RSPO3;HAS2;RUNX1T1;DPT;ZNF503;PTGFR;EFEMP2;SMOC2;SRPX;PDE1C;BICC1;SNCG;GLIS2;ZCCHC24;PREX2;ZNF423;CCN2;CHRD;KCNT2;ASPA;DAAM2;DLC1;ID3;GPC4;C1QTNF1;MEIS2;NRP2;FAM13C;TWIST2;GASK1A;CRISPLD1;MRGPRF;CPXM2;DCLK1;PTPRM;ABCA10;RARRES2;ADAMTS9;CFI;CSF1;ANK2;CAVIN3;JUN;UNC5B;THSD4;MMP19;ARHGEF28;RHOJ;CYP4X1;CD276;EPAS1;STEAP2;CLDN11;ADAMTSL3;NCKAP5;GFRA1;VEGFC;DMD;COX7A1;IL1R1;LMCD1;SOCS3;ADM;NRP1;C7;PDE1A;ECM2;FABP4;DEPP1;SEMA3G;EYA1;ABCA9;CYP1B1;FOXC2;NAV3;EGFLAM;TMEM100;PGF;RND3;CHRDL1;INHBB;RGL1;SLPI;GEM;RAI14;BCAR1;APLNR;RSPO1;ERRFI1;VASN;TMEM45A;MAGI1;TWIST1;GALNT17;DYNC1I1;PLSCR4;S1PR3;SEPTIN4;FIBIN;MAPK4;FAP;CCL13;COL28A1;VGLL3;EDNRA;PTGIS;STEAP1;APOD;FAM20A;LIMCH1;TMEM132C;FMO3;LEPR;ITGBL1;FOXC1;TNFAIP6;PDGFRL;LGI4;GPM6B;HSD11B1;RNF180;PALMD;NBL1;ANGPTL4;TNFRSF12A;FMO2;TLL1;CCN5;HOXC8;NGFR;HOXD4;MYO1B;FNDC1;PPP1R3C;PLN;SELENOM;GADD45A;ZNF488;ALPL;PTH1R;HES1;AGT,anal_pc5_c21_S1.filtered.gene_spectra_score.k_3.dt_0_01.txt
3,1,STROMAL,2.5920944065278504,0.0,0.0,prerank,0.6781662496004841,0.0,159/269,18.82%,FBLN1;CXCL14;C1R;C1S;COL6A2;COL1A2;DPYSL3;COL6A1;COL5A1;COL3A1;SPARC;EPHX1;PFN2;LTBP4;FSTL1;COL6A3;DCN;LAMB2;RBP1;LUM;PITX1;MFAP4;SERPINF1;MMP2;MYH11;COL1A1;CALD1;GSTM3;MRC2;TCF4;COL14A1;SOX4;FBN1;CXCL12;EMILIN1;COL5A2;PLPP3;IGFBP7;IGFBP5;MFGE8;FN1;AEBP1;HTRA1;THBS2;PALLD;PTGDS;MDK;MXRA5;CAVIN1;ADIRF;OBSL1;LOXL4;NR2F1;TIMP2;CDH11;PCOLCE;SPARCL1;MXRA8;MATN2;ABCA8;LRP1;PDLIM4;SDC2;PCDH18;MAP1B;FOXF1;KRT19;SFRP2;CFH;TSHZ2;ITGB5;CCDC80;SULT1E1;MYL9;SERPING1;IGFBP4;BGN;PDGFRB;ADAM33;CD248;CAV2;IFITM3;ADAMTS2;TPM2;LAMA2;APOE;ACTA2;CAV1;HSPG2;MGP;PODN;COL12A1;TNS1;PDGFRA;CCL11;TAGLN;NFIB;CDKN1C;PRSS23;PTHLH;SCARA5;PDLIM7;SLC7A2;IGFBP2;ABCA6;OLFML3;BNC2;FGF7;NR2F2;PRELP;GPX3;ADAMTSL4;ITGB3;CTSK;DSTN;LOX;DDR2;TMEM119;SULF2;MYLK;THBS1;MFAP5;OSR2;ISYNA1;SVIL;C11orf96;UACA;EPB41L2;OLFML1;ACTG2;ISLR;CTHRC1;HTRA3;CERCAM;DLX5;CNN1;ITGA11;SOD3;PLTP;RAMP2;IGFBP6;DPT;GNG11;SMOC2;SRPX;SERPINE2;BICC1;CHRD;ASPA;GPC4;FILIP1L;C1QTNF1;TWIST2;CPXM2;ABCA10;RARRES2;PPP1R14A;CAVIN3;UNC5B,anal_pc5_c21_S1.filtered.gene_spectra_score.k_3.dt_0_01.txt
3,1,MARROW_CD8_T,-2.591763132454439,0.0,0.0,prerank,-0.7252867313112605,0.0,29/41,18.08%,RASAL3;ATP8A1;PTPRC;IL32;STK17A;TENT5C;PTPN7;CXCR4;SLA;TIGIT;CCL5;CD8A;SLAMF6;PTPN22;FYN;PARP8;GBP5;KLRG1;CXCR6;SH2D1A;PATL2;PRDM1;GZMK;TRGC2;RGS1;GZMH;DUSP2;LAG3;ZNF683,anal_pc5_c21_S1.filtered.gene_spectra_score.k_3.dt_0_01.txt
3,1,CD5_POS_CCL22_POS_MATURE_B,-2.5885092870796553,0.0,0.0,prerank,-0.5375043879672574,0.0,119/223,19.28%,AKNA;ITGAL;IL2RG;ARHGAP9;TRAC;ADTRP;DENND1C;SEL1L3;TRBC1;ITGB7;CD27;CCND2;IL10RA;TENT5C;PTPN7;TNFRSF13B;SRGN;BIN2;LCK;KCNN4;RBM47;FCRL2;NFKBIZ;ADAM8;SLAMF7;KCNAB2;SKAP1;CD5;CCDC88C;ABI3;CCDC141;ADGRG5;PTPN22;FCRL5;MCOLN2;ADAM19;TTN;TLR10;IGFLR1;TESPA1;DOK2;CYBB;TNFRSF13C;CXCR5;SLC25A45;IL21R;CTSZ;RASSF5;SEMA7A;CCR7;COL9A2;CNR2;BCL2;RHOF;BATF;LPIN1;MPEG1;EVI2A;EHD1;APOBEC3G;CLEC17A;MTERF4;IL27RA;MATK;IL6R;NUP210;RASSF2;CBFA2T3;GPR65;CD1D;SIGLEC10;SHISAL2A;STAP1;SAMSN1;STAMBPL1;CKLF;AMPD3;RAB11FIP1;SFI1;RGS1;HCST;PLEK;SERPINB9;NFKB2;PLEKHO1;RUNX3;LPCAT1;CD1C;DENND5B;PRKCD;ECHDC2;PDLIM2;CTSH;JADE2;SLC7A7;ARHGAP18;SEC11C;ACP5;TMEM154;PLK3;GNPTAB;BMP2K;FMNL3;PPM1M;IGHG1;SH2B2;HDAC9;MS4A6A;CCL4;PTGER4;CR2;LTA;RAB8B;MAP3K8;MAP3K14;BCL2A1;GRK3;PFKP;RNASE6,anal_pc5_c21_S1.filtered.gene_spectra_score.k_3.dt_0_01.txt
3,1,CD5_NEG_MATURE_B,-2.5770549279142205,0.0,0.0,prerank,-0.7129151641422028,0.0,31/39,20.08%,TRBC2;ITGB7;SP140;SPOCK2;IL10RA;TENT5C;BIN2;SELL;LY9;CCR6;GPR183;TRAF5;CXCR5;BIRC3;CCR7;RIN3;IL27RA;GPR65;BIN1;FCER2;PLEK;CPNE5;DPEP2;CD1C;CD83;CTSH;DUSP2;ACP5;NCR3;SLC2A3;PLPP5,anal_pc5_c21_S1.filtered.gene_spectra_score.k_3.dt_0_01.txt
3,1,THYMUS_ANTIGEN_PRESENTING,-2.5768897502832373,0.0,0.0,prerank,-0.5835077575822452,0.0,84/136,27.24%,APOBR;CTSS;CD74;MS4A1;PLCB2;IL10RA;TRAF1;FGD2;IGKC;WDFY4;NABP1;SRGN;MYO1F;ADAM8;SLAMF7;PAX5;ALOX5;IRF8;GPR132;P2RY10;NAAA;FCRL5;MCOLN2;TLR10;CYBB;CD84;BIRC3;FUCA1;CST7;MPEG1;ABCC3;IL6R;OTULINL;LY86;DAPP1;SIGLEC10;SPI1;SAMSN1;FGR;THEMIS2;RGS1;PLEK;LYZ;ITGAX;IL18;KDM2B;ID2;CD83;CTSH;SLC7A7;CD80;CLNK;MS4A6A;IL18R1;IGHM;PLD4;TSPAN13;TFEC;CLEC7A;CSF2RA;HCK;DNASE1L3;MS4A7;ANKRD55;CD14;LY96;ADAP2;SLAMF8;IL4I1;FGL2;FLT3;P2RY6;NFKBIE;MNDA;CD86;CD163L1;SLC16A3;GPR141;CPVL;FCER1G;CD68;TYROBP;EBI3;P2RY13,anal_pc5_c21_S1.filtered.gene_spectra_score.k_3.dt_0_01.txt
3,1,CL6_PUTATIVE_EARLY_ATRETIC_FOLLICLE_THECAL,2.5741511097946845,0.0,0.0,prerank,0.6965646011705239,0.0,89/163,13.08%,FBLN1;C1R;C1S;COL6A2;COL1A2;COL6A1;COL3A1;SPARC;EPHX1;PFN2;LTBP4;FSTL1;COL6A3;DCN;GSN;COL18A1;LUM;MFAP4;SERPINF1;MMP2;GPC3;COL1A1;ALDH1A1;CALD1;GSTM3;FKBP10;CXCL12;EMILIN1;PLPP3;IGFBP5;FN1;AEBP1;HTRA1;PALLD;PBX1;MDK;CAVIN1;MMP14;THY1;TIMP2;CDH11;SPARCL1;MXRA8;CPE;MATN2;ABCA8;FXYD6;CYBRD1;KRT19;SERPINH1;CFD;RHOB;CFH;SNAI2;CCDC80;MYL9;SERPING1;IGFBP4;BGN;PMP22;IFITM3;TPM2;APOE;ACTA2;MGP;PDGFRA;EGR1;CRYAB;TAGLN;ADAMTS1;IGFBP3;CCN1;OLFML3;NR2F2;ENG;PRELP;HSPA1A;CTSK;HSPA1B;DSTN;GLUL;CPXM1;TGFB1I1;MYLK;LHFPL6;SGK1;IFI6;OSR2;SVIL,anal_pc5_c21_S1.filtered.gene_spectra_score.k_3.dt_0_01.txt
3,1,RETINA_FIBROBLAST,2.5658562355490617,0.0,0.0,prerank,0.6709176096513485,0.0,147/233,19.90%,FBLN1;C1R;COL6A2;COL1A2;COL5A1;COL3A1;SPARC;PXDN;COL4A2;LTBP4;FGFR1;FSTL1;COL6A3;DCN;LAMB2;LUM;COL4A5;NOTCH3;PITX1;TUSC3;MFAP4;MMP2;ANTXR1;COL1A1;COL4A1;FGFR2;MFAP2;ALCAM;CALD1;MRC2;TCF4;LAMC1;TGFBI;NID1;FBN1;LAMA4;CXCL12;EMILIN1;COL5A2;PLPP3;IGFBP7;IGFBP5;FN1;AEBP1;PTN;VCAN;TFPI;MDK;MXRA5;LAMB1;THY1;CDH11;PCOLCE;MXRA8;TNS2;SDC2;PCDH18;SERPINH1;SNAI2;CCDC80;SULT1E1;MYL9;IGFBP4;BGN;PDGFRB;FRMD6;CD248;PMP22;JAG1;RBMS3;IFITM3;EPHA7;PRRX1;TPST1;TPM2;SULF1;BMP1;PHLDB2;PDGFRA;EGR1;PRSS23;WWTR1;PLEKHH2;CLMP;ECE1;SCARA5;COL21A1;CCN1;CENPW;CNN3;OLFML3;GLT8D2;NR2F2;ENG;SHISA2;MCAM;EPHB4;MT2A;CTSK;LAMC3;CPXM1;DDR2;TGFB1I1;TMEM119;SNED1;FST;FRMD4A;ID1;TJP1;SVIL;UACA;COL27A1;EPB41L2;OLFML1;PLVAP;FLNA;SYNPO2;EGFL7;TGM2;SMTN;ARHGAP29;RAMP2;IGFBP6;RSPO3;HAS2;EFEMP2;GNG11;WLS;GUCY1A1;CCN2;DLC1;ID3;GPC4;NRP2;DHRS3;SORBS3;LOXL2;DSE;CFI;HMCN1;JUN;PLK2;PIEZO2;PEAR1;RHOJ;CPED1;CREB5,anal_pc5_c21_S1.filtered.gene_spectra_score.k_3.dt_0_01.txt
3,1,MUSCLE_FAP,2.5588358267167655,0.0,0.0,prerank,0.7216333268101185,0.0,73/112,16.10%,FBLN1;CXCL14;C1R;C1S;COL6A2;COL1A2;COL6A1;COL3A1;EPHX1;LTBP4;FSTL1;COL6A3;DCN;GSN;LUM;MFAP4;SERPINF1;MMP2;EFEMP1;ACKR3;COL1A1;ALDH1A1;LAMC1;CXCL12;PLPP3;IGFBP7;TNXB;FBLN2;FN1;PTGDS;VCAN;TFPI;TIMP2;PCOLCE;MXRA8;ABCA8;LRP1;ANXA1;SDC2;CYBRD1;MAP1B;COL15A1;CFD;FBLN5;CFH;CCDC80;SERPING1;PMP22;C3;LAMA2;HSPG2;MGP;PODN;PDGFRA;EMP1;ADH1B;GPX3;SPRY1;CSTB;LHFPL6;AKR1B1;MFAP5;GPNMB;FHL1;ISLR;HTRA3;CILP;TSPAN4;VIT;SPON2;IGFBP6;DPT;SMOC2,anal_pc5_c21_S1.filtered.gene_spectra_score.k_3.dt_0_01.txt
3,1,CYCLING_NK,2.5558381763173452,0.0,0.0,prerank,0.6908302751761816,0.0,114/163,19.80%,MCM2;TYMS;HELLS;PHGDH;MCM4;MFGE8;CDK1;CENPU;NUSAP1;TPX2;TOP2A;EZH2;ECT2;UHRF1;TCF19;ZWINT;CDT1;ANLN;KIFC1;LMNB1;PTTG1;CDKN2C;E2F1;FANCI;CENPM;FANCA;NCAPG;MCM6;PRC1;CCNE2;TK1;MKI67;NCAPG2;KIF23;MYBL2;WDR76;TROAP;ASPM;RRM2;PDLIM7;RECQL4;CENPW;NDC80;RAD54L;DTL;BIRC5;CCNB2;HJURP;KIF11;WWOX;FAM83D;CCNB1;CENPF;CDC45;CENPP;GTSE1;PCLAF;CEP55;HMMR;MELK;CPXM1;DLGAP5;KPNA2;LIG1;KIF18B;CKAP2;KIF20A;MAP3K20;KIF2C;NCAPD2;KIF18A;CDCA2;TACC3;AURKB;CDC20;CTNNAL1;ARHGAP33;ORC6;CDCA3;PLK1;SPC25;FOXM1;FABP5;SPAG5;TSPAN4;SPTSSA;CENPE;POLQ;CKAP2L;FBXO5;NUF2;CCNF;POLE;BUB1;KNSTRN;DEPDC1;TTK;UBE2C;DIAPH3;KNTC1;INCENP;ARL6IP1;CTNNBIP1;KIF15;ACAT2;CDCA7L;POLA1;EXO1;ZGRF1;KIF14;PSRC1;CDCA8;FAM111B;CENPA,anal_pc5_c21_S1.filtered.gene_spectra_score.k_3.dt_0_01.txt
3,1,NEUROTYPES_HPROGBP,2.553125446362882,0.0,0.0,prerank,0.6998937217406653,0.0,91/132,16.92%,ANTXR1;TYMS;FAT2;HELLS;PHGDH;FBLN2;CDK1;CENPU;NUSAP1;MDK;WNT5A;TPX2;TOP2A;MXRA8;ECT2;UHRF1;ZWINT;SFRP2;ANLN;HMGB2;LMNB1;PTTG1;ARHGEF26;FGFR3;FANCI;NCAPG;MCM6;PDPN;PRC1;SMC4;TK1;SFRP1;MKI67;NCAPG2;KIF23;MYBL2;ITGB8;PMAIP1;TROAP;ASPM;RRM2;IGFBP2;CCN1;CENPW;BIRC5;PDZRN3;PAPPA;CCNB2;HJURP;KIF11;FAM83D;CCNB1;CENPF;BOC;GTSE1;SHISA2;NES;HMMR;MELK;DLGAP5;GPSM2;CKAP2;KIF2C;NCAPD2;KIF18A;MYLK;TACC3;AURKB;LHFPL6;CKS2;CTNNAL1;CDCA3;PLK1;SPC25;FOXM1;MID1;ANP32E;SPAG5;VIT;CENPE;CKAP2L;FBXO5;NUF2;BUB1;KNSTRN;DEPDC1;TTK;NEK2;UBE2C;CCN2;KIF15,anal_pc5_c21_S1.filtered.gene_spectra_score.k_3.dt_0_01.txt
3,1,IRIS_CILIARY_BODY_MONOCYTES,-2.5507946947670987,0.0,0.0,prerank,-0.6239581426321836,0.0,36/74,17.50%,TMC8;DOCK2;CCDC88B;IL16;ARHGAP30;ITGA4;LIMD2;STK10;TMC6;JAK3;PSTPIP1;NCKAP1L;INPP5D;CXCR4;SERPINA1;GPRIN3;JAML;DOCK11;ITPR2;PLAC8;PAG1;CD48;ALOX5;CD4;GIMAP7;LILRB1;GIMAP5;SIGLEC10;FGR;THEMIS2;IL2RA;UCP2;ARID5A;SH2B3;SLC7A7;TLR1,anal_pc5_c21_S1.filtered.gene_spectra_score.k_3.dt_0_01.txt
3,1,MULTILYMPHOID_PROGENITOR,-2.5339884263626704,0.0,0.0,prerank,-0.6481855545304628,0.0,32/58,15.56%,ITM2C;CORO1A;ITGAL;EVL;TRAF3IP3;LTB;SASH3;CD74;TRBC2;CYTH4;JCHAIN;CD52;PRKCB;CARD11;JAML;CYFIP2;MZB1;PAG1;RNASET2;IRF8;ARHGAP25;IQGAP2;PREX1;FAM30A;LPIN1;BTK;IL6R;LAIR1;HCST;ARRB2;SH2D3C;CXXC5,anal_pc5_c21_S1.filtered.gene_spectra_score.k_3.dt_0_01.txt
3,1,PANETH_LIKE,-2.531197893217661,0.0,0.0,prerank,-0.5364412418499875,0.0,142/256,27.02%,IKZF1;WIPF1;RAC2;DOCK2;LAPTM5;CD53;FMNL1;CD37;FYB1;PTPRC;CD74;CYTH4;HCLS1;LCP1;PLCB2;ADA2;ARHGDIB;TRAF1;NCKAP1L;FERMT3;FGD2;INPP5D;WDFY4;ITGB2;CXCR4;SRGN;GPSM3;SLA;LCP2;PRKCB;EVI2B;AOAH;ADCY7;VAV1;SLAMF7;PLCG2;CD48;ABI3;TNFRSF1B;IRF8;GPR132;ADGRG5;CORO7;CD4;GMFG;WAS;SFMBT2;CD300A;LSP1;DOK2;SGPP1;CYBB;GBP5;CD84;SNX20;CR1;BIRC3;CTSZ;RASSF5;NCF4;CD40;LAT2;IL1R2;PIK3AP1;LPAR6;MPEG1;METRNL;LILRB1;BTK;GPR65;LY86;COTL1;RUBCNL;SPI1;SAMSN1;HCST;ARRB2;PLEK;UCP2;LYZ;RUNX3;ITGAX;LPCAT1;HSPA6;TNF;CD83;SH2B3;TBXAS1;DUSP2;PLXNC1;ACP5;TNFAIP3;PDE4B;CSF2RB;MS4A6A;CCL4;FCGR2A;BCL2A1;RNASE6;HAVCR2;ST3GAL5;TFEC;LST1;IFI30;CLEC7A;HCK;DNASE1L3;MS4A7;CD14;CLEC10A;CSF1R;CFP;ADAP2;SLAMF8;LYN;KLHDC7B;IL4I1;FGL2;ITGAM;SNX10;STAB1;RILPL2;LILRB2;NFKBIE;CD86;CCL3;CD163L1;NLRP3;HMOX1;CD209;STX11;SLC37A2;CPVL;SIGLEC1;CD163;FCER1G;CD68;GPR34;TYROBP;LILRB5;FCGR3A;C1QC,anal_pc5_c21_S1.filtered.gene_spectra_score.k_3.dt_0_01.txt
3,1,CTX_NSC,2.5298981354158316,0.0,0.0,prerank,0.7064575476909137,0.0,87/112,20.46%,MCM4;CDK1;NUSAP1;TPX2;TOP2A;EZH2;ECT2;ZWINT;HMGB2;KIFC1;LMNB1;PTTG1;CCDC80;CDKN2C;CENPM;NCAPG;TPM2;PRC1;CBR3;SMC4;TK1;MKI67;NCAPG2;KIF23;NEURL1B;TROAP;ASPM;RRM2;CENPW;NDC80;BIRC5;CCNB2;HJURP;KIF11;FAM83D;CCNB1;CENPF;SPRY1;GTSE1;CEP55;HMMR;MELK;DLGAP5;KPNA2;KIF18B;CKAP2;KIF20A;KIF2C;NCAPD2;KIF18A;CDCA2;TACC3;AURKB;CKS2;CDC20;ORC6;CDCA3;PLK1;SPC25;FOXM1;NMU;ANP32E;SPAG5;CENPE;ESPL1;CKAP2L;FBXO5;NUF2;CCNF;SMTN;BUB1;TUBA1C;KNSTRN;DEPDC1;TTK;NEK2;UBE2C;DIAPH3;ARL6IP1;KIF15;KIF14;RARRES2;PSRC1;CDCA8;CENPA;TUBB4B;KIF20B,anal_pc5_c21_S1.filtered.gene_spectra_score.k_3.dt_0_01.txt
3,1,OLFACTORY_NEUROEPITHELIUM_FIBROBLASTS_STROMAL,2.517566739770276,0.0,0.0,prerank,0.7433827820522307,0.0,53/74,15.32%,FBLN1;C1R;C1S;COL6A2;COL1A2;COL3A1;SPARC;DCN;GSN;LUM;MFAP4;SERPINF1;COL1A1;CALD1;TGFBI;GJA1;PLPP3;IGFBP7;IGFBP5;AEBP1;PTN;THY1;TIMP2;CDH11;PCOLCE;MXRA8;CPE;ABCA8;TFAP2A;SFRP2;SERPING1;IGFBP4;BGN;CRABP2;IFITM3;PRRX1;TPM2;SFRP1;ACTA2;MGP;CCL11;TAGLN;CCN1;ECM1;FGF7;NR2F2;CCDC3;CCL2;CLEC11A;SYNPO2;TGM2;CH25H;IGFBP6,anal_pc5_c21_S1.filtered.gene_spectra_score.k_3.dt_0_01.txt
3,1,PROLIFERATING_CHONDROCYTE,2.5069496044468993,0.0,0.0,prerank,0.6852979934663869,0.0,102/143,19.00%,FBLN1;MCM2;TYMS;HELLS;PHGDH;MCM4;CDK1;CENPU;NUSAP1;TPX2;TOP2A;EZH2;ECT2;UHRF1;TCF19;ZWINT;CDT1;ANLN;HMGB2;KIFC1;LMNB1;PTTG1;TUBB2B;CDKN2C;E2F1;FANCI;CENPM;NCAPG;PRC1;SMC4;TK1;CIT;MKI67;NCAPG2;KIF23;NAV2;WDR76;TROAP;ASPM;RRM2;CENPW;NDC80;DTL;BIRC5;CCNB2;HJURP;KIF11;FAM83D;PRELP;CCNB1;CENPF;IQGAP3;GTSE1;PCLAF;TGIF1;HMMR;MELK;DLGAP5;LIG1;CKAP2;KIF20A;KIF2C;NCAPD2;CDCA2;TACC3;AURKB;CKS2;CDC20;ARHGAP33;ORC6;CDCA3;PLK1;SPC25;FOXM1;ANP32E;FABP5;SPAG5;CLEC11A;CENPE;CKAP2L;FBXO5;NUF2;BUB1;TUBA1C;GCHFR;KNSTRN;DEPDC1;TTK;NEK2;UBE2C;EFEMP2;DIAPH3;KNTC1;ARL6IP1;KIF15;CDCA7L;ZGRF1;KIF14;RARRES2;CAVIN3;SNRPD1;PSRC1,anal_pc5_c21_S1.filtered.gene_spectra_score.k_3.dt_0_01.txt
3,1,NEUROTYPES_HPROGFPL,2.4984619068555305,0.0,0.0,prerank,0.6787467583404487,0.0,96/148,17.42%,FBLN1;BMP7;EFS;MCM2;TYMS;HELLS;PHGDH;FBN1;CDK1;CENPU;NUSAP1;MDK;WNT5A;LOXL4;TPX2;TOP2A;EZH2;ECT2;UHRF1;CELSR1;PTGR1;SDC2;ZWINT;SFRP2;ANLN;HMGB2;LMNB1;PTTG1;NRCAM;ARHGEF26;FANCI;NCAPG;MCM6;PRC1;SMC4;TK1;MKI67;KIF23;MYBL2;PMAIP1;TROAP;TSPAN11;ASPM;RRM2;IGFBP2;CCN1;CENPW;BIRC5;PDZRN3;AASS;CCNB2;HJURP;KIF11;FAM83D;CCNB1;CENPF;GTSE1;NES;HMMR;MELK;DLGAP5;GPSM2;CKAP2;ZEB2;KIF2C;NCAPD2;KIF18A;TACC3;AURKB;CTNNAL1;CDCA3;PLK1;SPC25;FOXM1;LTBP1;PLOD2;MID1;SPAG5;VIT;CENPE;CKAP2L;FBXO5;NUF2;BUB1;TMEM47;KNSTRN;CYYR1;DEPDC1;TTK;NEK2;UBE2C;GASK1B;CCN2;KIF15;B3GNT5;GPC4,anal_pc5_c21_S1.filtered.gene_spectra_score.k_3.dt_0_01.txt
3,1,SCHWANN_PRECURSOR,2.493181974173362,0.0,0.0,prerank,0.6995359054673881,0.0,79/114,19.80%,MCM2;TYMS;HELLS;MCM4;EMILIN1;GLI3;CDK1;CENPU;NUSAP1;TPX2;TOP2A;EZH2;ECT2;UHRF1;ZWINT;CDT1;SFRP2;ANLN;KIFC1;PTTG1;GJC1;E2F1;FANCI;CENPM;NCAPG;MCM6;TK1;MKI67;KIF23;MYBL2;PHLDB2;TROAP;ASPM;CENPW;NDC80;BIRC5;CCNB2;HJURP;KIF11;FAM83D;CCNB1;CENPF;GTSE1;MELK;DLGAP5;CKAP2;KIF20A;KIF2C;NCAPD2;CDCA2;TACC3;AURKB;CDC20;ORC6;CDCA3;PLK1;SPC25;FOXM1;ANP32E;SPAG5;CENPE;CKAP2L;FBXO5;NUF2;BUB1;DEPDC1;UBE2C;DIAPH3;ENC1;INCENP;CCN2;KIF15;CDCA7L;FILIP1L;ADAM12;PSRC1;TGFB2;CDCA8;CENPA,anal_pc5_c21_S1.filtered.gene_spectra_score.k_3.dt_0_01.txt
3,1,MESENCHYMAL_STROMAL,2.4909239260665315,0.0,0.0,prerank,0.6372973742539496,0.0,218/364,23.04%,C1R;C1S;COL6A2;COL1A2;COL6A1;COL5A1;COL3A1;SPARC;PXDN;COL4A2;FSTL1;COL6A3;DCN;A2M;COL18A1;LUM;NOTCH3;MFAP4;SERPINF1;MMP2;TBX2;ANTXR1;COL1A1;DKK3;COL4A1;CALD1;MRC2;TCF4;LAMC1;SPHK1;TGFBI;TXNRD1;PHGDH;FKBP10;NID1;FBN1;LAMA4;PHLDB1;COL16A1;COL5A2;IGFBP7;IGFBP5;MFGE8;FN1;AEBP1;EHD2;HTRA1;THBS2;VCAN;TFPI;LAMB1;CAVIN1;NQO1;SLC7A11;WNT5A;PRKG1;THY1;TIMP2;ADGRA2;CDH11;MXRA8;OSMR;ITGA2;SCARA3;FARP1;TNC;ANXA1;SDC2;CYBRD1;COL15A1;SFRP2;SERPINH1;SNAI2;TIMP3;ITGB5;PTK7;CCDC80;IGFBP4;BGN;CRLF1;CRISPLD2;PDGFRB;ANGPTL2;FRMD6;RBPMS;CD248;LTBP2;PMP22;JAG1;GREM1;IFITM3;ADAMTS2;PRRX1;CYGB;TPST1;TPM2;SULF1;LAMA2;SMC4;SFRP1;ACTA2;BMP1;CAV1;MGP;NNMT;COL12A1;ARHGEF17;NREP;TNS1;DCBLD2;PDGFRA;CTSB;OLFML2A;VSTM4;WWTR1;IGFBP3;EMP1;CCDC102B;GLI2;CCN1;RUNX1;PLAT;PPFIBP1;CNN3;GPC6;FGF7;PAPPA;NID2;NR2F2;SH3PXD2B;PLAU;MMP11;NES;ITGB3;MT2A;CTSK;PHLDA1;NAV1;LAMC3;LOX;TGFB1I1;SULF2;ZEB2;MAP3K20;MYLK;THBS1;SSC5D;LHFPL6;TFPI2;SRPX2;GPNMB;SVIL;C11orf96;UACA;LTBP1;TMEM158;PLOD2;ISLR;CTHRC1;HTRA3;FLNA;EDNRB;CERCAM;SPRED1;FSCN1;TGM2;ITGA11;SPON2;TMEM47;FGF2;TUBA1C;HAS2;CEBPB;GNG11;IRX4;ENC1;GASK1B;WLS;ZCCHC24;CCN2;DLC1;ID3;NRP2;COL8A1;ABCA1;LRRC32;LOXL2;DSE;AXL;HMCN1;CAVIN3;UNC5B;LMO4;ADAM12;PIEZO2;SGCD;IL33;CD276;EPAS1;DUSP14;TBC1D16;SERPINE1;JAM3;IL1R1;LMCD1;NRP1;AFAP1;SPOCK1;AKAP12;RASL12;HEG1;DACT1;HIC1;GAS7;KLF9;PTGES;CYP1B1;NEXN,anal_pc5_c21_S1.filtered.gene_spectra_score.k_3.dt_0_01.txt
3,1,PRE_B,2.4875929447777856,0.0,0.0,prerank,0.6564869237168243,0.0,139/211,22.06%,MCM2;TYMS;PRXL2A;HELLS;TXNRD1;PHGDH;MCM4;CDKN2A;IGFBP7;MFGE8;CDK1;CENPU;NUSAP1;TPX2;DPYSL2;TOP2A;EZH2;ECT2;UHRF1;TCF19;ZWINT;CDT1;ANLN;KIFC1;LMNB1;PTTG1;CDKN2C;E2F1;FANCI;CENPM;FANCA;NCAPG;MCM6;PRC1;CCNE2;SMC4;TK1;MKI67;NCAPG2;KIF23;MYBL2;WDR76;TROAP;ASPM;RRM2;PDLIM7;RECQL4;RUNX1;CENPW;NDC80;RAD54L;DTL;BIRC5;CCNB2;HJURP;KIF11;WWOX;FAM83D;CCNB1;CENPF;CDC45;BLMH;CENPP;GTSE1;PCLAF;CEP55;MT2A;HMMR;MELK;CPXM1;DLGAP5;GPSM2;KPNA2;LIG1;KIF18B;CKAP2;KIF20A;MAP3K20;KIF2C;NCAPD2;KIF18A;CDCA2;TACC3;AURKB;FADS2;CDC20;CTNNAL1;ORC6;PPT1;CDCA3;PLK1;SPC25;FOXM1;ISYNA1;FHL1;EPB41L2;ANP32E;FABP5;SPAG5;CLEC11A;SPTSSA;CENPE;POLQ;CKAP2L;FBXO5;NUF2;CCNF;POLE;BUB1;TUBA1C;GCHFR;KNSTRN;DEPDC1;TTK;NEK2;UBE2C;DIAPH3;KNTC1;INCENP;ARL6IP1;CTNNBIP1;KIF15;ACAT2;POLA1;EXO1;KIF14;PSRC1;CDCA8;FAM111B;CENPA;HILPDA;CSRP1;KIF20B;SLC16A1;NINJ1;ARHGAP11A;SLC29A1;CEP70;CCDC88A,anal_pc5_c21_S1.filtered.gene_spectra_score.k_3.dt_0_01.txt
3,1,MUSCLE_MYELOID,-2.48737208461597,0.0,0.0,prerank,-0.5301901719715869,0.0,123/201,27.02%,CYBA;CORO1A;LAPTM5;CD53;CTSS;AGR2;CD37;FYB1;PTPRC;LIMD2;CD74;CYTIP;CYTH4;HCLS1;LCP1;ARHGDIB;IL10RA;CD52;CIITA;FGD2;ITGB2;SRGN;GPSM3;SERPINA1;RBM47;NFKBIZ;JAML;HERPUD1;SERPINB1;HSD17B11;SMAP2;PLAC8;CD48;RNASET2;GLIPR1;IRF8;PLBD1;NAAA;MCOLN2;GMFG;LSP1;CYBB;CR1;CTSZ;LY75;NCF4;SAMHD1;CST3;EAF2;MPEG1;FMN1;TLR6;BTG2;LY86;CITED2;COTL1;SPI1;CKLF;HCST;ARRB2;PLEK;ZFP36;UCP2;LYZ;TSC22D3;CRIP1;CD200R1;CD1C;GLIPR2;ID2;CD83;TBXAS1;CTSH;DUSP2;GLRX;TLR1;MS4A6A;BCL2A1;RNASE6;PLD4;LST1;IFI30;C3AR1;CLEC7A;ATP8B4;CSF2RA;HCK;DNASE1L3;MS4A7;LYST;EMP3;CD14;C1orf162;TRPM2;CSF1R;CFP;LY96;ADAP2;CARD16;RENBP;FGL2;ITGAM;RASGRP4;FLT3;P2RY6;FCGRT;MNDA;CD86;CCL3;CD163L1;HMOX1;CD209;STX11;CPVL;SIGLEC1;MS4A4E;CD163;FCER1G;CD68;TYROBP;LILRB5;FCGR3A;C1QC,anal_pc5_c21_S1.filtered.gene_spectra_score.k_3.dt_0_01.txt
3,1,LUNG_MYELOID,-2.4857651907556044,0.0,0.0,prerank,-0.5683190088559615,0.0,90/128,31.04%,CD74;CYTH4;CIITA;FGD2;WDFY4;IRF8;CYBB;TMEM106A;IL1R2;MPEG1;SCIMP;CD1D;SPI1;ANPEP;LYZ;ITGAX;CD1C;MILR1;CD83;NOD2;TLR1;CLNK;MS4A6A;BCL2A1;RNASE6;HAVCR2;SIGLEC5;PLD4;IFI30;C3AR1;CLEC7A;ATP8B4;CSF2RA;HCK;DNASE1L3;LRRK1;MS4A7;CD14;SLC12A3;CLEC10A;TRPM2;FPR3;TIMD4;SLAMF8;CASP5;FGL2;CD300LF;LILRB2;FLT3;MNDA;HRH2;CD86;SOWAHD;MS4A14;CD163L1;NLRP3;LRRC25;CD209;SLC37A2;GPR141;CPVL;SIGLEC1;MS4A4E;CPA3;CD163;GPR34;LILRB5;C1QC;P2RY13;HDC;CD33;SIRPB2;CLEC9A;CARD9;IDO2;HPGDS;CD300E;PRAM1;CEACAM4;C1QA;CCR1;FPR1;ASGR2;SIGLEC7;LGMN;C1QB;NLRC4;VSIG4;ADGRE3;SLC24A4,anal_pc5_c21_S1.filtered.gene_spectra_score.k_3.dt_0_01.txt
3,1,KIDNEY_3_STROMAL,2.4786837770825874,0.0,0.0,prerank,0.7810265628741518,0.0,35/49,11.78%,COL1A2;COL3A1;DST;SPARC;PXDN;COL4A2;FSTL1;COL6A3;RBP1;GPC3;COL1A1;COL4A1;ALCAM;CALD1;SOX4;COL5A2;IGFBP5;FN1;PTN;PALLD;PBX1;VCAN;MDK;NR2F1;CDH11;TNC;FLRT2;SERPINH1;SULT1E1;TPM2;SFRP1;COL21A1;NR2F2;ZEB2;MYLK,anal_pc5_c21_S1.filtered.gene_spectra_score.k_3.dt_0_01.txt
3,1,CHOROID_SCLERA_ACTIVATED_T,-2.475424730701065,0.0,0.0,prerank,-0.6674745713661914,0.0,30/44,19.84%,ATP2A3;ACSL5;PTPN6;FERMT3;SPN;NLRP1;SYTL2;THEMIS;SLAMF1;CCR5;SIT1;PTGDR;HELB;RAPGEF6;MTERF4;IL27RA;MAN2B1;LAIR1;KLHDC4;APOBEC3D;GPR18;FASLG;GIMAP6;FCRL6;TMEM154;CHD7;CNST;SNAI3;ACSS1;DIAPH1,anal_pc5_c21_S1.filtered.gene_spectra_score.k_3.dt_0_01.txt
3,1,ANTIGEN_PRESENTING,-2.475290983016078,0.0,0.0,prerank,-0.6524742054928142,0.0,38/57,28.80%,CD74;TRAF1;WDFY4;ADAM8;SLAMF7;IRF8;GPR132;NAAA;MCOLN2;IGFLR1;SNX20;IL21R;CD40;CCR7;SAMD9L;EVI2A;RASSF2;GFI1;KDM2B;CD80;GCSAM;FCHSD2;RAB8B;FUT7;CD70;ERICH1;SLC12A3;SLAMF8;TNFRSF9;IL4I1;FLT3;RGS13;TIFAB;OASL;XCR1;TMCC3;EPSTI1;RFTN1,anal_pc5_c21_S1.filtered.gene_spectra_score.k_3.dt_0_01.txt
3,1,PROLIFERATIVE,2.4747777170517034,0.0,0.0,prerank,0.7299469977023954,0.0,63/74,21.98%,PXDN;COL4A2;TYMS;CDK1;CENPU;NUSAP1;TPX2;TOP2A;ZWINT;CDT1;ANLN;KIFC1;PTTG1;PRC1;SMC4;TK1;MKI67;KIF23;TROAP;ASPM;RRM2;CENPW;NDC80;BIRC5;CCNB2;HJURP;CCNB1;CENPF;IQGAP3;GTSE1;PCLAF;CEP55;HMMR;KPNA2;CKAP2;TACC3;AURKB;CDC20;CDCA3;PLK1;SPC25;FOXM1;ISYNA1;NMU;ANP32E;CENPE;CKAP2L;NUF2;SMTN;KNSTRN;DEPDC1;NEK2;UBE2C;DIAPH3;ARL6IP1;KIF14;PSRC1;ADAM15;CDCA8;CENPA;KIF20B;ARHGAP11A;AKAP12,anal_pc5_c21_S1.filtered.gene_spectra_score.k_3.dt_0_01.txt
3,1,CTX_MICROGLIA,2.4690535722568114,0.0,0.0,prerank,0.6977738300332392,0.0,75/113,16.92%,CDK1;CENPU;NUSAP1;TPX2;TOP2A;EZH2;TCF19;ZWINT;ANLN;HMGB2;PTTG1;CDKN2C;CENPM;NCAPG;PRC1;SMC4;TK1;CIT;MKI67;NCAPG2;KIF23;CTSB;TROAP;ASPM;RRM2;CENPW;NDC80;BIRC5;CCNB2;HJURP;KIF11;FAM83D;CCNB1;CENPF;IQGAP3;GTSE1;PCLAF;CEP55;HMMR;MELK;DLGAP5;KPNA2;KIF18B;CKAP2;KIF20A;KIF2C;NCAPD2;CDCA2;TACC3;AURKB;CKS2;CDC20;CDCA3;PLK1;SPC25;FOXM1;ANP32E;SPAG5;CENPE;ESPL1;POLQ;CKAP2L;FBXO5;NUF2;CCNF;BUB1;TUBA1C;KNSTRN;DEPDC1;TTK;UBE2C;DIAPH3;CREG1;ARL6IP1;KIF15,anal_pc5_c21_S1.filtered.gene_spectra_score.k_3.dt_0_01.txt
3,1,EARLY_TIP,2.4558641711964557,0.0,0.0,prerank,0.7271529435327854,0.0,51/72,19.74%,MCM4;CDK1;CENPU;NUSAP1;VCAN;TPX2;TOP2A;UHRF1;ZWINT;E2F1;CENPM;FANCA;MCM6;TPM2;TK1;MYBL2;PMAIP1;CENPW;RAD54L;BIRC5;CCNB2;FAM83D;CENPF;CDC45;GTSE1;NES;HSPA2;MELK;CPXM1;DLGAP5;KIF20A;TACC3;AURKB;TSPAN2;FADS2;CDC20;ORC6;CDCA3;PLK1;SPC25;FOXM1;SCD;CENPE;FBXO5;NUF2;UBE2C;SERPINE2;HSPB8;KIF14;CDCA8;PKN3,anal_pc5_c21_S1.filtered.gene_spectra_score.k_3.dt_0_01.txt
3,1,DCLK1POS_PROGENITOR,2.4556843605730587,0.0,0.0,prerank,0.708429923951574,0.0,55/90,16.18%,FBLN1;C1R;C1S;COL1A2;COL5A1;COL3A1;SPARC;DCN;LUM;SERPINF1;MMP2;COL1A1;MRC2;MAPK10;COL14A1;COL16A1;COL5A2;HTRA1;THBS2;VCAN;PCOLCE;MATN2;SVEP1;CYBRD1;SFRP2;CCDC80;SERPING1;PAMR1;ADAMTS2;PDPN;TPST1;C3;LAMA2;SFRP1;MGP;NNMT;VCAM1;ADAMTS1;GPC6;BOC;LOX;CPXM1;LPAR1;IFI6;CCL2;OLFML1;ISLR;CTHRC1;CERCAM;CLEC11A;SPON2;DPT;MX1;COLEC12;SRPX,anal_pc5_c21_S1.filtered.gene_spectra_score.k_3.dt_0_01.txt
3,1,CL5_HEALTHY_SELECTABLE_FOLLICLE_THECAL,2.4549623045250186,0.0,0.0,prerank,0.6862787575887757,0.0,76/125,17.46%,COL6A2;COL1A2;COL6A1;COL5A1;COL3A1;SPARC;PXDN;COL4A2;PFN2;FSTL1;COL6A3;COL18A1;SERPINF1;MMP2;COL1A1;COL4A1;ALDH1A1;CALD1;LAMC1;FKBP10;NID1;LAMA4;EMILIN1;PBX1;LAMB1;MMP14;CDH11;PCOLCE;MATN2;SDC2;COL15A1;SERPINH1;PTTG1;SNAI2;TSHZ2;PTK7;BGN;PDGFRB;PMP22;IFITM3;TPST1;TPM2;APOE;PDGFRA;EGR1;VCAM1;NSG1;ECE1;CCN1;GLT8D2;NID2;NR2F2;CTSK;PHLDA1;CPXM1;KPNA2;SULF2;CKS2;SGK1;IFI6;OSR2;FHL1;HTRA3;MTUS1;CLEC11A;F3;WFDC1;SPON2;PLTP;EFEMP2;ENC1;WLS;CCN2;DLC1;HSPH1;FILIP1L,anal_pc5_c21_S1.filtered.gene_spectra_score.k_3.dt_0_01.txt
3,1,LEUKOCYTE,-2.4544086148799678,0.0,0.0,prerank,-0.5196478290924369,0.0,102/224,19.34%,CORO1A;WIPF1;C15orf48;RAC2;CD53;CELF2;CTSS;STK17B;FMNL1;CD37;FYB1;PTPRC;CD74;CYTIP;HCLS1;LCP1;PTPN6;ARHGDIB;STK4;MGAT4A;IL10RA;FNBP1;FERMT3;CXCR4;SRGN;GPSM3;LCP2;RBM47;EVI2B;ADAM8;HSD17B11;SMAP2;CCL5;RNF213;CD48;RNASET2;TNFRSF1B;GLIPR1;IRF8;GPR183;CD4;IQGAP2;GMFG;WAS;TNFRSF14;CD300A;DOK2;CD84;LGALS9;BIRC3;CTSZ;NCF4;ALOX5AP;HK2;LPAR6;TAGAP;METRNL;PRDM1;REL;MXD1;LY86;CITED2;FAM107B;COTL1;SPI1;LAIR1;SAMSN1;THEMIS2;AMPD3;ANPEP;RGS1;HCST;ARRB2;PLEK;UCP2;LYZ;SERPINB9;RASGRP3;FCGR2B;PLEKHO1;ARID5A;ITGAX;IL18;TNF;CD83;CTSH;ARHGAP18;RNASE1;GLRX;ACP5;CCL20;TNFAIP3;PHACTR1;PDE4B;MS4A6A;CCL4;PTGER4;FCGR2A;MAP3K8;BCL2A1;RNASE6;HAVCR2,anal_pc5_c21_S1.filtered.gene_spectra_score.k_3.dt_0_01.txt
3,1,PROLIFERATING_NK_T,2.4496912652680707,0.0,0.0,prerank,0.7489795379434505,0.0,44/59,15.88%,TYMS;AKR1C3;HELLS;MCM4;IGFBP7;CDK1;CENPU;TPX2;TOP2A;EZH2;ZWINT;CDT1;HMGB2;E2F1;FANCI;CENPM;MCM6;SMC4;TK1;MKI67;MYBL2;PRSS23;TROAP;ASPM;RRM2;NDC80;DTL;BIRC5;CENPF;CDC45;GTSE1;HMMR;MELK;KIF2C;TACC3;AURKB;CKS2;CDC20;ORC6;CDCA3;POLQ;NUF2;UBE2C;DIAPH3,anal_pc5_c21_S1.filtered.gene_spectra_score.k_3.dt_0_01.txt
3,1,PROGENITOR_LIKE,2.443100294650068,0.0,0.0,prerank,0.6714557766733243,0.0,86/149,16.86%,CXCL14;GPC1;COL1A2;COL6A1;COL5A1;COL3A1;COL4A2;PFN2;FGFR1;FSTL1;COL6A3;DCN;MMP2;COL1A1;DKK3;CALD1;GJA1;FKBP10;SOX4;COL5A2;IGFBP7;IGFBP5;MFGE8;FN1;AEBP1;PTN;NFIX;TM4SF1;MDK;ID4;CAVIN1;PCOLCE;MXRA8;CPE;MATN2;TNC;MAP1B;COL15A1;SERPINH1;TUBB2B;SNAI2;TIMP3;MYL9;BGN;EDIL3;ANGPTL2;PMP22;CAV2;CRABP2;PRRX1;TPM2;CAV1;HSPG2;MGP;NNMT;COL12A1;CRYAB;PRSS23;CLMP;IGFBP3;EMP1;CCN1;CNN3;PRELP;CSPG4;TNNT3;CRIP2;HAPLN1;DSTN;LOX;DDR2;LHFPL6;ID1;SBSPON;C11orf96;ISLR;CTHRC1;DLX5;SPTSSA;SPON2;SOD3;TMEM47;EFEMP2;SRPX;SERPINE2;CCN2,anal_pc5_c21_S1.filtered.gene_spectra_score.k_3.dt_0_01.txt
3,1,NEUROTYPES_HPROGFPM,2.435644585810115,0.0,0.0,prerank,0.6625216275193481,0.0,87/143,16.24%,FBLN1;BMP7;EFS;MCM2;MMP2;ANTXR1;TYMS;HELLS;PHGDH;BMP4;CDK1;CENPU;NUSAP1;MDK;WNT5A;TPX2;TOP2A;ECT2;UHRF1;PTGR1;SDC2;FLRT2;ZWINT;KRT19;SFRP2;ANLN;HMGB2;LMNB1;PTTG1;ARHGEF26;FANCI;NCAPG;PDPN;PRC1;SMC4;MKI67;NCAPG2;KIF23;PMAIP1;TROAP;ASPM;RRM2;IGFBP2;CCN1;CENPW;BIRC5;CCNB2;HJURP;KIF11;FAM83D;CCNB1;CENPF;GTSE1;NES;EPHB4;HMMR;MELK;DLGAP5;KPNA2;CKAP2;MAP3K20;KIF2C;NCAPD2;KIF18A;TACC3;AURKB;CKS2;CTNNAL1;CDCA3;PLK1;SPC25;FOXM1;LTBP1;MID1;ANP32E;IGDCC4;SPAG5;CENPE;CKAP2L;NUF2;BUB1;KNSTRN;DEPDC1;TTK;NEK2;UBE2C;GASK1B,anal_pc5_c21_S1.filtered.gene_spectra_score.k_3.dt_0_01.txt
3,1,HEART_MYELOID,-2.4353705284731526,0.0,0.0,prerank,-0.5728910596570285,0.0,73/97,32.36%,PADI2;CD74;CIITA;FGD2;RBM47;JAML;IRF8;CYBB;TMEM106A;IL1R2;MPEG1;LILRB1;SCIMP;CD1D;SPI1;LYZ;ITGAX;NOD2;CCR2;MS4A6A;PLD4;C3AR1;CLEC7A;CSF2RA;HCK;LRRK1;MS4A7;TLR7;CD14;CLEC10A;CSF1R;TIMD4;SLAMF8;CD300LF;FLT3;P2RY6;MNDA;CD86;SOWAHD;MS4A14;CD163L1;LRRC25;CD209;SLC37A2;SIGLEC1;MS4A4E;CD163;GPR34;TYROBP;LILRB5;C1QC;EBI3;P2RY13;XCR1;CD1E;SIRPB2;CLEC9A;IDO2;HK3;C1QA;CCR1;FPR1;LGMN;C1QB;NLRC4;VSIG4;SLC24A4;CLEC5A;SLC11A1;MS4A4A;OSCAR;PLA2G7;CCL22,anal_pc5_c21_S1.filtered.gene_spectra_score.k_3.dt_0_01.txt
3,1,OLFACTORY_NEUROEPITHELIUM_VASCULAR_SMOOTH_MUSCLE,2.418919374881259,0.0,0.0,prerank,0.7059599901914053,0.0,61/81,22.72%,SPARC;NOTCH3;MYH11;CALD1;COL14A1;IGFBP7;IGFBP5;MFGE8;PALLD;ID4;CAVIN1;ADIRF;SPARCL1;MAP1B;RHOB;TIMP3;MYL9;CRISPLD2;PDGFRB;TPM2;ACTA2;CAV1;TNS1;EGR1;CRYAB;TAGLN;GGT5;ADAMTS1;NR2F2;HSPA1A;MCAM;MT2A;HSPA1B;DSTN;TGFB1I1;MAP3K20;MYLK;THBS1;LHFPL6;ISYNA1;C11orf96;FHL1;CCL2;ACTG2;FLNA;RCAN2;SYNPO2;CNN1;SOD3;LMOD1;GUCY1A1;FILIP1L;RGS5;PPP1R14A;CAVIN3;JUN;CSRP1;TCIM;SOCS3;DEPP1;PDLIM3,anal_pc5_c21_S1.filtered.gene_spectra_score.k_3.dt_0_01.txt
3,1,NATURAL_KILLER,-2.3919107987404407,0.0,0.0,prerank,-0.5628352439712703,0.0,58/96,20.50%,AKNA;ITGAL;IL2RG;RAC2;ZAP70;SPN;ETS1;ITGB2;HSH2D;BIN2;PYHIN1;AOAH;TIGIT;IL2RB;SLAMF7;CCL5;PLAC8;ABI3;FKBP11;CD247;ISG20;CD7;NKG7;SELPLG;CD300A;CST7;PTGDR;SAMD3;SH2D2A;GIMAP7;PRF1;SLA2;GZMA;APOBEC3G;MATK;SYTL3;PRDM1;GPR65;GZMM;TXK;CD244;GNG2;RUNX3;DTHD1;FCRL6;KLRD1;GZMH;PRKCH;KLRB1;ID2;DUSP2;KLRC3;TBX21;HAVCR2;SYNE1;CHST12;CTSW;PIP4K2A,anal_pc5_c21_S1.filtered.gene_spectra_score.k_3.dt_0_01.txt
3,1,INTESTINE_ADULT_CH_MKI67HIGH,2.382172971731103,0.0,0.0,prerank,0.7586159681604888,0.0,43/48,21.40%,TPX2;TOP2A;ANLN;KIFC1;NCAPG;CIT;MKI67;KIF23;MYO3A;MYBL2;TROAP;NDC80;RAD54L;DTL;BIRC5;HJURP;KIF11;CENPF;CDC45;IQGAP3;GTSE1;CEP55;HMMR;KIF20A;KIF2C;CDCA2;TACC3;AURKB;CDCA3;FOXM1;ESPL1;CKAP2L;NUF2;BUB1;DEPDC1;DIAPH3;KIF15;EXO1;CDCA8;FAM111B;CENPA;LYPD5;ARHGAP11A,anal_pc5_c21_S1.filtered.gene_spectra_score.k_3.dt_0_01.txt
3,1,BASAL,2.380632582524536,0.0,0.0,prerank,0.6930271546156731,0.0,60/83,20.94%,FBLN1;GPC1;PKP1;C1R;TP63;DST;KRT17;LTBP4;DCN;ALDH3A1;KRT15;SERPINF1;GPC3;DKK3;CALD1;TACSTD2;CDH3;TCF4;TGFBI;IGFBP7;PALLD;CLDN1;S100A2;LOXL4;EYA2;TNS4;ITGA2;VSNL1;CFH;CLU;ITGB4;LAMB3;IGFBP4;ABI3BP;PDPN;TPM2;SERPINB5;RGS12;CTSB;NSG1;IGFBP2;MT2A;ISYNA1;AQP3;F3;SYT8;THBD;SOD3;CH25H;IGFBP6;SNCG;DHRS3;CYP24A1;AXL;LMO4;DLK2;IL33;EPAS1;JAM3;GLTP,anal_pc5_c21_S1.filtered.gene_spectra_score.k_3.dt_0_01.txt
3,1,FIBROBLAST,2.376244723435704,0.0,0.0,prerank,0.6561214698761645,0.0,64/133,14.36%,C1R;COL6A2;COL1A2;COL6A1;COL5A1;LTBP4;COL6A3;NOTCH3;SERPINF1;ANTXR1;COL1A1;DKK3;CALD1;TGFBI;SOX4;FBN1;LAMA4;EMILIN1;AEBP1;HTRA1;THBS2;BMP4;VCAN;MXRA5;MMP14;THY1;ADGRA2;CDH11;PCOLCE;SPARCL1;MXRA8;SCARA3;TNC;FLRT2;PCDH18;ITGB5;SERPING1;FRMD6;CD248;LOXL1;RBMS3;PRRX1;SULF1;NNMT;COL12A1;TAGLN;VCAM1;OLFML2A;GGT5;PRSS23;CLMP;TSPAN11;PTPN13;RUNX1;OLFML3;MMP11;CNKSR3;CTSK;TGFB1I1;ZEB2;FRMD4A;EPB41L2;DLX5;SPRED1,anal_pc5_c21_S1.filtered.gene_spectra_score.k_3.dt_0_01.txt
3,1,EARLY_STALK,2.3739168442825944,0.0,0.0,prerank,0.6201346834844832,0.0,143/236,22.66%,COL1A2;FGFR1;DKK3;MCM4;CDK1;CENPU;NUSAP1;VCAN;TPX2;TOP2A;ECT2;UHRF1;PCDH18;MAP1B;CDT1;ANLN;KIFC1;GJC1;EDIL3;CRISPLD2;E2F1;FANCI;CENPM;FANCA;LOXL1;NCAPG;MCM6;TPM2;HSPA4L;CCNE2;STON2;TK1;MKI67;NCAPG2;KIF23;MYBL2;NEURL1B;NUAK1;PMAIP1;WDR76;TROAP;ASPM;RRM2;RECQL4;CENPW;NDC80;RAD54L;DTL;BIRC5;CCNB2;HJURP;SH3PXD2B;KIF11;GRB10;FAM83D;GPX3;CENPF;CDC45;CENPP;GTSE1;NES;CEP55;HSPA2;BRIP1;HMMR;PHLDA1;MELK;CPXM1;DLGAP5;GPSM2;KIF18B;KIF20A;KIF2C;NCAPD2;KIF18A;CDCA2;TACC3;AURKB;TSPAN2;FADS2;CDC20;SGK1;ORC6;CDCA3;PLK1;LDLR;SPC25;FOXM1;UACA;LTBP1;SCD;CTHRC1;FZD4;SPAG5;CLEC11A;CENPE;ESPL1;CKAP2L;FBXO5;NUF2;CCNF;POLE;BUB1;TICRR;KNSTRN;DEPDC1;TTK;NEK2;UBE2C;DIAPH3;KNTC1;GASK1B;SERPINE2;INCENP;HSPB8;KIF15;CITED4;TFRC;TEAD4;POLA1;EXO1;ZGRF1;KIF14;RARRES2;PPP1R14A;ANK2;PSRC1;COCH;HOMER3;CDCA8;FAM111B;PKN3;CENPA;MVK;JAM3;PRKAR2B;ARHGAP11A;ADM;SLC29A1;SLC6A8;GALNT16;C6orf141;BAG2,anal_pc5_c21_S1.filtered.gene_spectra_score.k_3.dt_0_01.txt
3,1,CD8_MEMORY_EFFECTOR_T,-2.3720529619220203,0.0,0.0,prerank,-0.8272764865848032,0.0,15/17,12.54%,IKZF3;TC2N;IL32;CD3D;IL7R;PYHIN1;CDC42SE2;CCL5;CD8A;FYN;CD3G;CXCR6;SH2D1A;PRDM1;GZMK,anal_pc5_c21_S1.filtered.gene_spectra_score.k_3.dt_0_01.txt
3,1,CL18_B_LYMPHOCYTE,-2.3704236442302467,0.0,0.0,prerank,-0.5241723527784643,0.0,74/139,18.66%,ITM2C;CYBA;CORO1A;IL2RG;LAPTM5;CD53;CTSS;LTB;FMNL1;CD37;LIMD2;CD74;CYTIP;CD79A;HCLS1;LCP1;CLEC2D;ARHGDIB;STK4;LPXN;JCHAIN;FERMT3;IGKC;CXCR4;SRGN;GPSM3;SEPTIN6;SELL;EVI2B;CDC42SE2;JAML;SSR4;HERPUD1;MZB1;PLAC8;PAG1;RNASET2;GLIPR1;IRF8;ISG20;GPR183;IRF4;CD4;LSP1;DERL3;BIRC3;CTSZ;CCR7;ALOX5AP;CST3;RHOF;HVCN1;REL;GPR65;SPIB;THEMIS2;HCST;PLEK;UCP2;MAP2K3;SERPINB9;NFKB2;CRIP1;EGLN3;ARID5A;IRF7;CD83;SH2B3;SEC11C;HSP90B1;DEDD2;TRIB1;PHACTR1;MS4A6A,anal_pc5_c21_S1.filtered.gene_spectra_score.k_3.dt_0_01.txt
3,1,CYCLING_T,2.3684807403049,0.0,0.0,prerank,0.6269115648192177,0.0,132/222,19.84%,MCM2;SERPINF1;TYMS;HELLS;PHGDH;MCM4;FBLN2;MFGE8;CDK1;CENPU;NUSAP1;TPX2;TOP2A;EZH2;ECT2;UHRF1;TCF19;ZWINT;CDT1;ANLN;KIFC1;LMNB1;PTTG1;CDKN2C;E2F1;FANCI;CENPM;CD248;FANCA;NCAPG;MCM6;PRC1;CCNE2;TK1;CIT;MKI67;NCAPG2;KIF23;NREP;MYBL2;WDR76;TROAP;ASPM;RRM2;PDLIM7;RECQL4;IGFBP2;CENPW;NDC80;RAD54L;DTL;BIRC5;CCNB2;HJURP;MAST4;KIF11;RIMKLB;FAM83D;CCNB1;CENPF;CDC45;CENPP;GTSE1;PCLAF;CEP55;HSPA2;BRIP1;HMMR;MELK;DLGAP5;KPNA2;LIG1;KIF18B;CKAP2;KIF20A;MAP3K20;KIF2C;NCAPD2;KIF18A;CDCA2;TACC3;AURKB;CDC20;CTNNAL1;ZNF83;ARHGAP33;SGK1;ID1;ORC6;PPT1;CDCA3;PLK1;LDLR;SPC25;FOXM1;NAB2;EPB41L2;FABP5;SPAG5;SPTSSA;SLC7A1;CENPE;ESPL1;POLQ;CKAP2L;FBXO5;NUF2;CCNF;POLE;BUB1;KNSTRN;DEPDC1;TTK;NEK2;UBE2C;DIAPH3;KNTC1;INCENP;ARL6IP1;KIF15;ACAT2;CDCA7L;POLA1;EXO1;ZGRF1;MYEF2;KIF14;PSRC1;CDCA8;FAM111B;CENPA;HILPDA,anal_pc5_c21_S1.filtered.gene_spectra_score.k_3.dt_0_01.txt
3,1,CHOROID_SCLERA_MONOCYTES,-2.3670555565127382,0.0,0.0,prerank,-0.6122114242724889,0.0,30/54,16.94%,ARHGAP15;DOCK2;ARHGAP9;ARHGAP30;PTK2B;ADA2;PSTPIP1;DGKA;GPSM3;KLHL6;SIPA1;DOCK11;ADAM8;GLIPR1;ARHGAP25;CD69;TRIM14;PREX1;EHD1;IL27RA;SPATA13;BTK;DOK3;CASP10;CRIP1;KDM2B;MILR1;CTSH;SLC7A7;GAPT,anal_pc5_c21_S1.filtered.gene_spectra_score.k_3.dt_0_01.txt
3,1,TREG,-2.363596584712798,0.0,0.0,prerank,-0.7086348547747863,0.0,22/29,21.84%,CD79A;TRAF1;SLAMF1;CCR4;CD28;CD5;CD4;SIRPG;LGALS9;SIT1;BIRC3;ICOS;NCF4;FOXP3;CTLA4;IL2RA;TNFRSF4;TMEM154;DUSP4;HNRNPLL;HS3ST3B1;FAS,anal_pc5_c21_S1.filtered.gene_spectra_score.k_3.dt_0_01.txt
3,1,MVECS,2.363314605220533,0.0,0.0,prerank,0.6094385911400406,0.0,203/309,27.98%,BCAM;DPYSL3;COL3A1;SPARC;LTBP4;FGFR1;LAMB2;A2M;GSN;ACKR3;DKK3;COL4A1;TCF4;GJA1;CXCL12;PLPP3;IGFBP7;FBLN2;EHD2;BMP4;PTGDS;TFPI;TM4SF1;MDK;LIMS2;CAVIN1;NR2F1;TIMP2;DPYSL2;SPARCL1;TNS2;CPE;MATN2;PIK3R3;FXYD6;ADGRG1;ANXA1;COL15A1;TIMP3;IGFBP4;BGN;ABI3BP;TNFSF10;CAV2;RBMS3;IFITM3;PLPP1;NDRG4;CAV1;MGP;TNS1;HYAL2;VCAM1;NUAK1;NFIB;PRSS23;WWTR1;ADAMTS1;PTHLH;IGFBP3;ECE1;EMP1;TTC28;CCN1;PLAT;PPFIBP1;TMTC1;NR2F2;ENG;MAST4;GRB10;GPX3;SPRY1;NES;EPHB4;CRIP2;MMRN2;FGD5;DSTN;SULF2;CDC42EP4;CDH5;VWF;AIF1L;VWA1;CTNNAL1;CLDN5;ERG;SGK1;ID1;TFPI2;IFI6;CALCRL;LIFR;C11orf96;PGM5;UACA;PLVAP;EDNRB;FZD4;EGFL7;NDRG1;TGM2;AVPI1;THBD;ARHGAP29;PLTP;RAMP2;TMEM47;FGF2;CYYR1;RSPO3;RUNX1T1;PRCP;CAVIN2;GNG11;SRPX;GASK1B;RAMP3;CLEC14A;CD34;ZCCHC24;PREX2;HSPB8;CCN2;APOL1;DLC1;ID3;CXCL1;FILIP1L;C1QTNF1;MEIS2;NRP2;LDB2;DOC2B;COL8A1;LRRC32;ATP13A3;PTPRM;ADAMTS9;INMT;ADAM15;RHOJ;IL33;EPAS1;CSRP1;CLDN11;TUBB4B;SERPINE1;CLEC3B;ITPKC;IL1R1;NIBAN2;TIE1;ESAM;SOCS3;C7;TSPAN18;TEK;AKAP12;SOX18;ADGRL4;HEG1;KLF9;NCOA7;SHE;SHANK3;ADGRF5;JAM2;CD93;HECW2;FLT1;SMAD6;ACKR1;SYNPO;POSTN;CCM2L;RBP7;NRN1;KLF3;SLCO2A1;ARL15;KDR;DYSF;EMCN;ADCY4;ARID5B;PLSCR4;CDKN1A;ROBO4;FAM107A;ITGA5;PTGIS;IRAK3;MMRN1;NPR1;EXOC3L2;LIMCH1;PTPRB;PDE2A;NOVA2;FOXC1;ST6GALNAC3,anal_pc5_c21_S1.filtered.gene_spectra_score.k_3.dt_0_01.txt
3,1,ADVENTITIAL_FIBROBLAST,2.361064947788305,0.0,0.0,prerank,0.6170350562877743,0.0,159/254,24.54%,FBLN1;CXCL14;C1R;C1S;COL6A2;COL1A2;DPYSL3;COL6A1;COL3A1;AKR1C2;LTBP4;FGFR1;FSTL1;COL6A3;DCN;LAMB2;GSN;LUM;PTPRS;SERPINF1;MMP2;EFEMP1;ACKR3;RGMA;COL1A1;ALDH1A1;AKR1C3;MRC2;PHGDH;UCHL1;FBN1;CXCL12;TNXB;FBLN2;THBS2;MXRA5;THY1;TIMP2;PCOLCE;CPE;MATN2;ABCA8;LRP1;SVEP1;ANXA1;PDLIM4;FLRT2;CYBRD1;SFRP2;CFD;FBLN5;CFH;TSHZ2;CCDC80;IGFBP4;ABI3BP;PAMR1;ADAM33;CD248;RDH10;LOXL1;CRABP2;PDPN;PRRX1;TPST1;TNFAIP2;C3;FTL;SFRP1;MGP;NNMT;PODN;COL12A1;PDGFRA;EGR1;PTHLH;CLMP;EMP1;SCARA5;CCN1;ADH1B;PLAT;ABCA6;OLFML3;FGF7;PLAU;PRELP;ADAMTSL4;CTSK;LOX;SSC5D;MFAP5;OSR2;GPNMB;CCL2;ISLR;HTRA3;ALDH1A3;FZD4;F3;NEGR1;SPON2;PLTP;VAT1;IGFBP6;RSPO3;HAS2;PRCP;OSR1;DPT;COLEC12;SRPX;BICC1;CD34;IGF1;HSPB8;APOL1;HSPH1;DHRS3;C16orf89;CPXM2;DCLK1;ABCA10;CSF1;ANK2;JUN;VEGFA;CADM3;IL33;STEAP2;CLDN11;ADAMTSL3;GFRA1;CLEC3B;PI16;IL1R1;SOCS3;ADM;NRP1;C7;AOX1;AKAP12;C1QTNF3;GAS7;NCOA7;PDLIM3;ABCA9;CYP1B1;DNAJB1;NAV3;ANGPTL1;FJX1;AHR;CHRDL1;SLPI;ASPN;MOXD1;OGN;ERRFI1,anal_pc5_c21_S1.filtered.gene_spectra_score.k_3.dt_0_01.txt
3,1,MESENCHYMAL_2,2.353787805742559,0.0,0.0,prerank,0.639432566586389,0.0,100/159,19.80%,BMP7;PITX1;EFEMP1;RGMA;HELLS;MAPK10;MCM4;CDK1;CENPU;NUSAP1;EYA2;TPX2;TOP2A;EZH2;ECT2;UHRF1;PDLIM4;ZWINT;ANLN;KIFC1;LMNB1;PTTG1;TUBB2B;FANCI;CENPM;FANCA;NCAPG;CRABP2;SULF1;PRC1;TK1;MKI67;GTF2IRD1;KIF23;MYBL2;PHLDB2;ITGB8;NEURL1B;CLMP;NSG1;TROAP;ASPM;IGFBP2;NDC80;BIRC5;CCNB2;HJURP;KIF11;FAM83D;CCNB1;CENPF;CDC45;CENPP;GTSE1;HAPLN1;AMOTL2;MELK;DLGAP5;KPNA2;KIF18B;CKAP2;KIF20A;KIF2C;FST;KIF18A;CDCA2;TACC3;AURKB;CDC20;ARHGAP33;SGK1;OSR2;CDCA3;PLK1;LDLR;SPC25;FOXM1;EPHA4;MID1;CTHRC1;SPAG5;SYNPO2;CENPE;CKAP2L;FBXO5;NUF2;BUB1;KNSTRN;DEPDC1;UBE2C;DIAPH3;KIF15;GPC4;MEIS2;LDB2;TWIST2;KIF14;THSD4;CDCA8;CENPA,anal_pc5_c21_S1.filtered.gene_spectra_score.k_3.dt_0_01.txt
3,1,KIDNEY_10_IMMUNE,-2.3521237711172573,0.0,0.0,prerank,-0.6913735264578924,0.0,14/29,13.14%,CYBA;CORO1A;LAPTM5;FYB1;PTPRC;CD74;LCP1;ARHGDIB;SRGN;CYBB;SAMHD1;CST3;COTL1;MEF2C,anal_pc5_c21_S1.filtered.gene_spectra_score.k_3.dt_0_01.txt
3,1,ADRENAL_MYELOID,-2.3494690995074046,0.0,0.0,prerank,-0.534847312072224,0.0,84/123,32.26%,AGR2;CYTH4;FGD2;TNFRSF11A;RNASET2;CD4;CYBB;CTSZ;CST3;TMEM106A;MPEG1;LILRB1;TLR6;SCIMP;SIGLEC10;SPI1;RGS1;LYZ;ITGAX;MILR1;NOD2;SLC7A7;CD80;TLR1;MS4A6A;RNASE6;SIGLEC5;C3AR1;CLEC7A;HCK;MS4A7;CD14;CLEC10A;TRPM2;CSF1R;TMEM273;FPR3;TIMD4;ADAP2;SLAMF8;CASP5;CD300LF;LILRB2;FLT3;MNDA;CD86;MS4A14;CD163L1;NLRP3;LRRC25;HMOX1;CD209;RUFY4;SLC37A2;CPVL;SIGLEC1;MS4A4E;CD163;CD68;GPR34;LILRB5;C1QC;P2RY13;CD33;SIRPB2;PRAM1;HK3;C1QA;CCR1;FPR1;MRC1;LGMN;C1QB;NLRC4;VSIG4;IL10;SIGLEC12;TGFA;SLC11A1;LILRA5;MS4A4A;SIGLEC8;OSCAR;PLA2G7,anal_pc5_c21_S1.filtered.gene_spectra_score.k_3.dt_0_01.txt
3,1,PROMONOCYTE_LIKE,2.344653350631122,0.0,0.0,prerank,0.6418953268887488,0.0,85/135,16.98%,MCM2;CES1;TYMS;HELLS;PHGDH;MCM4;IGFBP7;CDK1;CENPU;NUSAP1;TPX2;TOP2A;EZH2;UHRF1;TCF19;ZWINT;CDT1;ANLN;KIFC1;LMNB1;PTTG1;FANCI;CENPM;FANCA;NCAPG;MCM6;PRC1;SMC4;TK1;CIT;MKI67;NCAPG2;KIF23;MYBL2;TROAP;ASPM;RRM2;RECQL4;IGFBP2;CENPW;NDC80;BIRC5;CCNB2;HJURP;KIF11;CCNB1;CENPF;CDC45;GTSE1;PCLAF;CEP55;HMMR;MELK;DLGAP5;GPSM2;LIG1;KIF18B;CKAP2;KIF20A;KIF2C;NCAPD2;AURKB;CDC20;ORC6;CDCA3;PLK1;SPC25;FOXM1;SPAG5;CLEC11A;CENPE;CKAP2L;FBXO5;NUF2;CCNF;BUB1;GCHFR;KNSTRN;UBE2C;DIAPH3;KNTC1;INCENP;KIF15;CITED4;CARHSP1,anal_pc5_c21_S1.filtered.gene_spectra_score.k_3.dt_0_01.txt
3,1,PROXIMAL_BASAL,2.3245465566462236,0.0,0.0,prerank,0.6091621030734973,0.0,133/248,20.36%,FBLN1;PKP1;TP63;COL6A2;CALML3;BCAM;COL1A2;COL7A1;DPYSL3;DST;KRT17;EPHX1;ELN;GCLC;CLCA2;DCN;ALDH3A1;KRT15;PITX1;PTPRS;MFAP4;SERPINF1;ACKR3;GPC3;DKK3;ALDH1A1;A4GALT;PRXL2A;TACSTD2;ABCC5;FAT2;TCF4;TGFBI;PHGDH;COL14A1;EHD2;PTN;DDR1;CLDN1;VCAN;MDK;S100A2;EYA2;KRT14;COL17A1;TNS4;FAM3B;SPARCL1;MEIS1;PCDH7;ITGA2;TNC;ANXA1;TFAP2A;KRT19;CFH;TSHZ2;HES4;ITGB4;CDKN2C;IGFBP4;ABI3BP;TNFSF10;TP73;LAYN;FGFR3;MTSS1;TPM2;PTPRZ1;SERPINB5;RGS12;WNT4;CTSB;NFIB;HEY1;PRSS23;KLK10;NSG1;IGFBP3;ECE1;EMP1;CSTA;KLK11;SNCA;IGFBP2;PLAT;RIPK4;SERPINB13;BOC;SPRY1;TNNT3;CX3CL1;HSPA2;IL1RAP;GLUL;SULF2;CDC42EP4;NRG1;SGK1;TFPI2;ISYNA1;AQP3;GPNMB;UACA;FHL1;SERPINB3;ISLR;SLITRK6;LYPD6B;F3;SYNPO2;AVPI1;CH25H;IGFBP6;GCHFR;GNG11;ZNF703;LRP4;CXCL1;MEIS2;DHRS3;DMRT2;CYP24A1;RARRES2;LMO4;DLK2;CYP4X1;IL33;SLC2A9;EPAS1;GLIS3;SOX15;MRTFB,anal_pc5_c21_S1.filtered.gene_spectra_score.k_3.dt_0_01.txt
3,1,QUIESCENT_BASAL,2.320904155403358,0.0,0.0,prerank,0.762439312323034,0.0,30/41,14.42%,CXCL14;COL7A1;DST;LAMA5;NTRK2;DCN;KRT15;DKK3;IGFBP5;MXRA5;KRT14;COL17A1;TNC;MEGF6;KRT19;CLU;ITGB4;LAMB3;JAG2;IFITM3;SFRP1;CAV1;TNS1;NFIB;SLC7A2;HSPA2;GLUL;SOX6;GPNMB;SLC7A1,anal_pc5_c21_S1.filtered.gene_spectra_score.k_3.dt_0_01.txt
3,1,UNKNOWN_NPC,2.3147509889590463,0.0,0.0,prerank,0.7308655024151309,0.0,47/51,25.66%,MFAP2;NUSAP1;TPX2;TOP2A;PTTG1;CIT;MKI67;TROAP;ASPM;NDC80;CCNB2;HJURP;FAM83D;CCNB1;CENPF;GTSE1;DLGAP5;KPNA2;KIF20A;KIF2C;NCAPD2;CDCA2;TACC3;AURKB;CKS2;CDC20;CDCA3;PLK1;SPAG5;CENPE;CKAP2L;TUBA1C;KNSTRN;DEPDC1;TTK;NEK2;UBE2C;ARL6IP1;PSRC1;CDCA8;TUBB4B;ARHGAP11A;CEP70;KIF22;AURKA;PIF1;CDC25B,anal_pc5_c21_S1.filtered.gene_spectra_score.k_3.dt_0_01.txt
3,1,HEART_SMOOTH_MUSCLE,2.3127568280710933,0.0,0.0,prerank,0.6810990582636999,0.0,38/72,16.02%,FBLN1;C1R;C1S;COL1A2;COL3A1;SPARC;NTRK2;ELN;NOTCH3;SERPINF1;MYH11;COL1A1;COL14A1;PCOLCE;CPE;SFRP2;CFH;TSHZ2;CCDC80;SULT1E1;IGFBP4;BGN;PDGFRB;CRABP2;CYGB;ACTA2;MYO3A;ARHGEF17;TAGLN;CTSK;LOX;MFAP5;OSR2;C11orf96;ACTG2;LMOD1;OSR1;COLEC12,anal_pc5_c21_S1.filtered.gene_spectra_score.k_3.dt_0_01.txt
3,1,OLFACTORY_NEUROEPITHELIUM_PLASMA,-2.3031158294414054,0.0,0.0,prerank,-0.7648902361677462,0.0,12/18,9.64%,ITM2C;CYBA;CD79A;JCHAIN;IGKC;SSR4;HERPUD1;MZB1;FKBP11;IGHA1;DERL3;IGHA2,anal_pc5_c21_S1.filtered.gene_spectra_score.k_3.dt_0_01.txt
3,1,NEUROTYPES_HMGL,-2.3011130249573615,0.0,0.0,prerank,-0.4675120085469853,0.0,129/370,14.38%,CYBA;APOBR;TMC8;ARHGAP4;IKZF1;ACSL5;ARHGAP45;WIPF1;LAPTM5;CD53;CTSS;RASAL3;IL16;ANKRD44;STK17B;AGR2;CD37;SASH3;PARVG;PTK2B;FYB1;PTPRC;SLC4A4;CD74;CYTIP;CYTH4;DOCK8;HCLS1;LCP1;PTPN6;JAK3;APBB1IP;PLCB2;ARHGDIB;IL7R;NCKAP1L;FERMT3;FGD2;INPP5D;ITGB2;TMEM63A;SRGN;BIN2;SLA;SEPTIN6;CARD11;GPRIN3;RBM47;EVI2B;NFATC2;NFKBIZ;ADCY7;MYO1F;HERPUD1;TRIM22;ITPR2;VAV1;ST6GAL1;PAG1;PLCG2;RNF213;CD48;ABI3;RNASET2;TNFRSF1B;ALOX5;GIMAP4;GLIPR1;IRF8;GPR183;POU2F2;ARHGAP25;CD4;GMFG;SFMBT2;SELPLG;DOK2;MFNG;CYBB;DENND3;CD84;IRF1;SCIN;DERL3;BIRC3;CD69;RCSD1;NCF4;SAMHD1;TRPV2;ALOX5AP;LAT2;GAB3;LPAR6;TAGAP;DPF3;MLKL;RNF125;MPEG1;EVI2A;IL27RA;BTK;PAQR8;PRDM1;GIMAP5;IL6R;REL;PGGHG;GPR65;LY86;BIN1;PIK3IP1;IKBKE;MEF2C;SPI1;IPCEF1;NEK6;LAIR1;SAMSN1;ARHGEF6;BHLHE41;RGS1;HCST;APOBEC3D;ARRB2;PLEK;ZFP36;UCP2;MAP2K3,anal_pc5_c21_S1.filtered.gene_spectra_score.k_3.dt_0_01.txt
3,1,VASCULAR_SMOOTH_MUSCLE_CELLS_AND_PERICYTES,2.290324004108124,0.0,0.0,prerank,0.6471670699503885,0.0,58/100,23.12%,DST;COL4A2;A2M;COL18A1;MYH11;TBX2;COL4A1;CALD1;SDK1;IGFBP5;PALLD;CDH13;PBX1;ADIRF;PRKG1;SPARCL1;TIMP3;RBPMS;RBMS3;PLPP1;ACTA2;TNS1;EGR1;TAGLN;TTC28;GPC6;TMTC1;SLIT3;GPX3;HSPA1A;MSRB3;MCAM;HSPA1B;DSTN;MYLK;LHFPL6;TJP1;FLNA;RCAN2;SYNPO2;FRY;ADGRL3;DOCK4;DLC1;HSPH1;MEIS2;JUN;THSD4;KALRN;SOX5;EPAS1;DMD;HIP1;PDE1A;AKAP12;DNAJB1;CACNA1C;FER,anal_pc5_c21_S1.filtered.gene_spectra_score.k_3.dt_0_01.txt
3,1,CL2_PUTATIVE_EARLY_ATRETIC_FOLLICLE_THECAL,2.2880072920025576,0.0,0.0,prerank,0.7637981084327453,0.0,20/37,7.60%,C1R;C1S;COL6A2;COL1A2;COL6A1;DCN;LUM;MFAP4;SERPINF1;COL1A1;CALD1;GSTM3;IGFBP5;MDK;TIMP2;SERPING1;IFITM3;TPM2;APOE;EGR1,anal_pc5_c21_S1.filtered.gene_spectra_score.k_3.dt_0_01.txt
3,1,CL14_MATURE_SMOOTH_MUSCLE,2.2849046565614772,0.0,0.0,prerank,0.6340772435007052,0.0,75/127,22.18%,BCAM;SPARC;NTRK2;A2M;GSN;COL18A1;NOTCH3;MFAP4;MYH11;CALD1;IGFBP7;IGFBP5;MFGE8;EHD2;PTN;PALLD;CAVIN1;ADIRF;SPARCL1;CPE;FXYD6;MAP1B;RHOB;HES4;TIMP3;MYL9;SERPING1;BGN;CAV2;IFITM3;TPM2;ACTA2;CAV1;MGP;EGR1;CRYAB;TAGLN;TPPP3;ADAMTS1;PDLIM7;CCN1;NR2F2;GPX3;MSRB3;CCDC3;MCAM;HSPA2;MT2A;CRIP2;HSPA1B;DSTN;TGFB1I1;MYLK;LHFPL6;ISYNA1;FLNA;RCAN2;SOD3;LMOD1;GUCY1A1;ID3;RGS5;PPP1R14A;AXL;CAVIN3;JUN;PLK2;EPAS1;CSRP1;COX7A1;ESAM;SOCS3;ISG15;DEPP1;RASL12,anal_pc5_c21_S1.filtered.gene_spectra_score.k_3.dt_0_01.txt
3,1,DEUTEROSOMAL,2.2833639559139436,0.0,0.0,prerank,0.6657153199881036,0.0,62/89,20.46%,TYMS;HELLS;PTN;CDK1;CENPU;TPX2;TOP2A;FAM3B;EZH2;MATN2;ECT2;ZWINT;CDT1;ANLN;PTTG1;FANCI;PRC1;KIF23;MYO3A;TROAP;ASPM;CENPW;RAD54L;BIRC5;CCNB2;CCNB1;CENPF;MELK;DLGAP5;GPSM2;KPNA2;KIF20A;SULF2;KIF18A;TACC3;TSPAN2;CKS2;CDC20;ORC6;PLK1;FOXM1;EID3;SPAG5;CADM1;CKAP2L;NUF2;BUB1;KNSTRN;DEPDC1;TTK;NEK2;UBE2C;ENC1;CTNNBIP1;KIF15;CDCA7L;KIF14;ANKS1B;ASAP2;COCH;CDCA8;KIF20B,anal_pc5_c21_S1.filtered.gene_spectra_score.k_3.dt_0_01.txt
3,1,CYCLING_DEFINITIVE_ERYTHROBLAST,2.2733570621522623,0.0,0.0,prerank,0.614228453568552,0.0,90/161,15.88%,GCLC;MCM2;TYMS;MRC2;HELLS;MCM4;CDK1;CENPU;NUSAP1;TPX2;TOP2A;EZH2;ECT2;UHRF1;CYBRD1;ZWINT;CDT1;ANLN;KIFC1;PTTG1;CDKN2C;FANCI;CENPM;FANCA;NCAPG;MCM6;PRC1;TK1;RIPOR3;MKI67;NCAPG2;KIF23;MYBL2;WDR76;TROAP;ASPM;RRM2;RECQL4;CENPW;NDC80;RAD54L;BIRC5;CCNB2;HJURP;KIF11;FAM83D;CCNB1;CENPF;CDC45;CENPP;GTSE1;PCLAF;HMMR;MELK;DLGAP5;GPSM2;KPNA2;LIG1;CKAP2;KIF20A;KIF2C;NCAPD2;KIF18A;CDCA2;TACC3;AURKB;CKS2;CDC20;ORC6;CDCA3;SOX6;PLK1;SPC25;FOXM1;AQP3;SPTB;SPAG5;CENPE;POLQ;CKAP2L;FBXO5;NUF2;CCNF;BUB1;KNSTRN;DEPDC1;TTK;NEK2;UBE2C;DIAPH3,anal_pc5_c21_S1.filtered.gene_spectra_score.k_3.dt_0_01.txt
3,1,RETINA_RPC,2.2627611747104805,0.0,0.0,prerank,0.708620872564399,0.0,34/53,17.26%,MCM2;TBX2;ALDH1A1;TYMS;HELLS;MCM4;PLPP3;CDK1;CENPU;NUSAP1;MDK;ODC1;CDH11;TOP2A;MEIS1;UHRF1;PCDH7;ZWINT;SFRP2;HMGB2;PTTG1;CENPM;IFITM3;CCNB2;CENPF;SHISA2;PCLAF;AURKB;CKS2;ID1;ANP32E;UBE2C;ARRDC3;ID3,anal_pc5_c21_S1.filtered.gene_spectra_score.k_3.dt_0_01.txt
3,1,CTX_BRAIN_ENDOTHELIAL,2.25974486828057,0.0,0.0,prerank,0.5737274826636029,0.0,291/440,30.48%,FBLN1;COL6A2;COL1A2;COL6A1;COL3A1;SPARC;LAMA5;PXDN;COL4A2;ELN;FSTL1;DCN;LAMB2;COL18A1;RBP1;LUM;NOTCH3;TUSC3;TBX2;COL4A1;MFAP2;PRXL2A;APCDD1;CALD1;TCF4;LAMC1;GJA1;NID1;LAMA4;PHLDB1;COL5A2;IGFBP7;MFGE8;FN1;AEBP1;EHD2;PTN;ITIH5;TFPI;TM4SF1;MDK;LAMB1;LIMS2;CAVIN1;NQO1;LAPTM4B;FAM43A;SLC7A11;PRKG1;NR2F1;THY1;CDH11;PCOLCE;NFATC4;SPARCL1;TNS2;CPE;MATN2;FXYD6;FARP1;ADGRL2;ANXA1;PCDH18;FOXF1;MEGF6;SERPINH1;CFH;SNAI2;HES4;TIMP3;CCDC80;GJC1;MYL9;SERPING1;IGFBP4;BGN;PDGFRB;ADAM33;FRMD6;CD248;PMP22;CAV2;RBMS3;IFITM3;TPM2;LAMA2;FOXQ1;BMP1;TDRP;CAV1;ARHGEF17;TNS1;HYAL2;TAGLN;OLFML2A;VSTM4;GGT5;HEY1;WWTR1;ECE1;CCDC102B;PDLIM7;IGFBP2;CCN1;PPFIBP1;CNN3;ECM1;TSPAN9;AASS;NID2;NR2F2;ENG;SLC2A1;PRELP;SPRY1;CSPG4;MSRB3;NES;CCDC3;MCAM;MT2A;CRIP2;MMRN2;AMOTL2;DSTN;LAMC3;SMAD1;TGFB1I1;MAP3K20;CDC42EP4;MYLK;CDH5;PAM;VWF;LHFPL6;AIF1L;VWA1;CLDN5;ERG;ID1;IFI6;CALCRL;TJP1;ISYNA1;LIFR;SVIL;C11orf96;UACA;CTHRC1;HTRA3;FLNA;FZD4;CLEC11A;EGFL7;SLC7A1;TGM2;FRY;ITGA11;SPON2;NKD2;SMTN;ARHGAP29;RAMP2;GUCY1B1;CYYR1;PRCP;EFEMP2;CAVIN2;MX1;GNG11;COLEC12;SMOC2;CLEC14A;CD34;PREX2;GUCY1A1;NAMPT;CARHSP1;STXBP1;DLC1;ID3;TFRC;SORBS3;PDE5A;LRRC32;PTPRM;RGS5;PPP1R14A;HMCN1;CAVIN3;LRP8;UNC5B;ADAM12;PLK2;LURAP1L;PLCB4;ADAM15;AFAP1L1;RHOJ;SORBS1;EPAS1;HSPA12B;CSRP1;RASIP1;CLEC3B;DIPK1B;DMD;COX7A1;NIBAN2;TIE1;SLC16A1;ARHGAP10;PRSS12;ESAM;LMCD1;ADM;PLXND1;TEK;ECM2;AKAP12;ISG15;DOCK6;SOX18;ADGRL4;RASL12;HEG1;ADGRD1;SEMA5A;SEMA3G;ECSCR;CDH2;MT1X;ADGRF5;JAM2;CD93;ARHGEF15;FLT1;PGF;RAI14;APLNR;PODXL;SLCO2A1;DIPK2B;KDR;HEYL;EMCN;ADCY4;MAGI1;DACH1;S1PR3;SEPTIN4;NDUFA4L2;ROBO4;PDZD2;EDNRA;ITGA5;APOD;FAM20A;TBX3;BCL6B;PTPRB;FLT4;THSD1;SLC1A4;FOXC1;MICALL2;PLAGL1;NOS3;GPM6B;TRPC6;ATP1A2;PALMD;ITSN1;JCAD;ANGPTL4;GJA4;SEPTIN11;IFIT1;MYO1B;ITGA6;FHL3;SELENOM;TM4SF18;MYCT1;ARAP3;GADD45A;ALPL;PTH1R;HES1;TSC22D1;RAPGEF5,anal_pc5_c21_S1.filtered.gene_spectra_score.k_3.dt_0_01.txt
3,1,MID_BASAL,2.255847153716037,0.0,0.0,prerank,0.6507046546264763,0.0,50/96,14.26%,CXCL14;PKP1;TP63;COL1A2;COL7A1;DPYSL3;COL5A1;DST;ELN;KRT15;PITX1;GPC3;DKK3;A4GALT;COL14A1;FBN1;FBLN2;VCAN;S100A2;EYA2;KRT14;COL17A1;SPARCL1;MEIS1;PCDH7;ANXA1;TFAP2A;CFH;SNAI2;ITGB4;SULT1E1;IGFBP4;JAG2;ABI3BP;TP73;NUAK1;KLK10;EMP1;SLIT3;BOC;HSPA2;IL1RAP;SULF2;NRG1;LHFPL6;TFPI2;FHL1;SLITRK6;LYPD6B;F3,anal_pc5_c21_S1.filtered.gene_spectra_score.k_3.dt_0_01.txt
3,1,NEUROTYPES_HPROGM,2.254719502692635,0.0,0.0,prerank,0.6206017476100075,0.0,73/137,16.92%,BMP7;RBP1;MCM2;SERPINF1;MMP2;TYMS;ALCAM;PHGDH;BMP4;CDK1;CENPU;NUSAP1;MDK;SLC7A11;WNT5A;TOP2A;UHRF1;ABCA8;CELSR1;PTGR1;SDC2;SFRP2;HMGB2;NRCAM;ARHGEF26;FANCI;NCAPG;SULF1;PRC1;BMP1;NCAPG2;ITGB8;TROAP;TSPAN11;IGFBP2;CCN1;CENPW;BIRC5;PDZRN3;CCNB2;HJURP;KIF11;CENPF;GTSE1;MMP11;NES;HMMR;MELK;TACC3;AURKB;PAM;CDCA3;PLK1;SPC25;FOXM1;COL27A1;PLOD2;MID1;EFCC1;CTHRC1;CENPE;CKAP2L;NUF2;BUB1;PLTP;TMEM47;CYYR1;RSPO3;TTK;EFEMP2;GASK1B;CCN2;KIF15,anal_pc5_c21_S1.filtered.gene_spectra_score.k_3.dt_0_01.txt
3,1,DIFFERENTIATING_BASAL,2.2294450641371655,0.0,0.0,prerank,0.6592904199877824,0.0,42/76,14.34%,FBLN1;CALML3;DPYSL3;KRT17;CLCA2;GSN;PITX1;SERPINF1;ALDH1A1;A4GALT;TACSTD2;TCF4;CLDN1;MDK;S100A2;EYA2;FAM3B;ANXA1;KRT19;TSHZ2;HES4;IGFBP4;TNFSF10;LAYN;SERPINB5;CTSB;HEY1;PRSS23;NSG1;IGFBP3;ECE1;CSTA;KLK11;RIPK4;SERPINB13;GLUL;AQP3;SERPINB3;SLITRK6;LYPD6B;F3;DHRS9,anal_pc5_c21_S1.filtered.gene_spectra_score.k_3.dt_0_01.txt
3,1,NATURAL_KILLER_T,-2.2225789836672005,0.0,0.0,prerank,-0.6745123989487536,0.0,21/27,25.04%,CXCR4;IL2RB;CD7;NKG7;CD69;PRF1;SLA2;CXCR3;RGS1;GATA3;KLRD1;ID2;DUSP2;ZNF683;KLRC3;CTSW;GZMB;GNLY;CRTAM;XCL2;KLRC1,anal_pc5_c21_S1.filtered.gene_spectra_score.k_3.dt_0_01.txt
3,1,DENDRITIC,-2.2209269795096516,0.0,0.0,prerank,-0.4967031877622843,0.0,68/130,20.04%,IL2RG;C15orf48;LAPTM5;CELF2;CTSS;LTB;ANKRD44;STK17B;CD37;PTK2B;PTPRC;CD74;FCGBP;LCP1;PARM1;ADA2;ARHGDIB;CCND2;CD52;INPP5D;ITGB2;SRGN;SLA;SEPTIN6;PRKCB;SH3KBP1;EVI2B;NFATC2;JAML;ADCY7;ADAM8;ALOX5;GPR183;CD4;LSP1;CYBB;RASSF5;ALOX5AP;CST3;MPEG1;ABCC3;MAN2B1;RASSF2;COTL1;SPI1;CKLF;RGS1;PLEK;ZFP36;UCP2;SERPINB9;RUNX3;CRIP1;ITGAX;CNTRL;CD1C;CD83;CTSH;DUSP2;CHAD;GLRX;TNFAIP3;CSF2RB;MS4A6A;GRK3;SLC2A3;LST1;IFI30,anal_pc5_c21_S1.filtered.gene_spectra_score.k_3.dt_0_01.txt
3,1,MARROW_PRO_B,2.218579179636349,0.0,0.0,prerank,0.6456572885849179,0.0,57/82,19.80%,TYMS;HELLS;PHGDH;CDKN2A;MFGE8;NUSAP1;TPX2;TOP2A;EZH2;TCF19;ZWINT;HMGB2;KIFC1;LMNB1;CDKN2C;E2F1;CENPM;CCNE2;SMC4;MKI67;MYO3A;WDR76;ASPM;NDC80;BIRC5;HJURP;KIF11;CENPF;GTSE1;CEP55;KPNA2;LIG1;NCAPD2;TACC3;AURKB;ARHGAP33;AKR1B1;SPC25;FOXM1;EPB41L2;ANP32E;CKAP2L;FBXO5;NUF2;CCNF;UBE2C;INCENP;ARL6IP1;KIF15;CARHSP1;ACAT2;CDCA7L;KIF14;PSRC1;CDCA8;FAM111B;CENPA,anal_pc5_c21_S1.filtered.gene_spectra_score.k_3.dt_0_01.txt
3,1,CL1_GPRC5A_TNFRS12A_HIGH_SELECTABLE_FOLLICLE_STROMAL,2.2164061826855015,0.0,1.576309740931942e-05,prerank,0.6311931457724137,0.001,56/100,20.30%,C1R;C1S;COL6A2;COL1A2;COL6A1;LTBP4;FGFR1;DCN;GSN;COL18A1;LUM;MFAP4;SERPINF1;MMP2;EFEMP1;GPC3;COL1A1;CALD1;GSTM3;TXNRD1;LAMA4;IGFBP5;AEBP1;PALLD;CAVIN1;CPE;SDC2;MAP1B;KRT19;CFD;CFH;CCDC80;SERPING1;CAV2;CAV1;EMP1;CNN3;FGF7;PHLDA1;KPNA2;LHFPL6;CTNNAL1;SGK1;C11orf96;PLOD2;SPTSSA;PLTP;TUBA1C;HSPH1;FILIP1L;DSE;RARRES2;AXL;GLIS3;DUSP14;TUBB4B,anal_pc5_c21_S1.filtered.gene_spectra_score.k_3.dt_0_01.txt
3,1,CANCER_ASSOCIATED_FIBROBLAST,2.213353387769011,0.0,1.549592626678858e-05,prerank,0.6558454329354809,0.001,43/78,14.68%,FBLN1;COL5A1;SPARC;FSTL1;MFAP4;COL1A1;DKK3;MRC2;FKBP10;COL14A1;FBN1;COL16A1;EMILIN1;COL5A2;PTN;NFIX;VCAN;MDK;LAMB1;TIMP2;CDH11;LRP1;CYBRD1;SFRP2;CFH;ITGB5;CCDC80;ABI3BP;FRMD6;LTBP2;ADAMTS2;PDGFRA;CTSB;PDLIM7;FGF7;CCDC3;CPXM1;SSC5D;MFAP5;FLNA;CERCAM;EMID1;WFDC1,anal_pc5_c21_S1.filtered.gene_spectra_score.k_3.dt_0_01.txt
3,1,ADRENAL_STROMAL,2.2129836991298277,0.0,1.5237660829008773e-05,prerank,0.6326297479794698,0.001,62/100,24.52%,C1R;COL3A1;COL6A3;DCN;LUM;MYH11;COL1A1;THBS2;BMP4;MXRA5;CDH11;PCOLCE;PCDH18;SFRP2;CCDC80;SULT1E1;ABI3BP;PAMR1;CD248;PRRX1;SULF1;ACTA2;MGP;PODN;COL12A1;PDGFRA;TAGLN;IGFBP3;SCARA5;CCDC102B;GLI2;ADH1B;ABCA6;FGF7;PRELP;LAMC3;LOX;TMEM119;ADAMTS14;SRPX2;OLFML1;ACTG2;ISLR;ITGA11;IGFBP6;RSPO3;OSR1;BICC1;TWIST2;VIPR2;CYP4X1;CLDN11;ADAMTSL3;TRPC4;PI16;C7;PDE1A;CYP1B1;CHRDL1;ASPN;POSTN;OGN,anal_pc5_c21_S1.filtered.gene_spectra_score.k_3.dt_0_01.txt
3,1,MYELOID,-2.207113964177508,0.0,2.1161225625839876e-05,prerank,-0.4529115429741125,0.001,163/287,29.84%,PADI2;CTSS;MYO7B;AGR2;CD74;GPR35;IL10RA;JCHAIN;CIITA;FGD2;WDFY4;TNFRSF11A;NABP1;SRGN;RBM47;JAML;MYO1F;SLAMF7;ABI3;TNFRSF1B;ALOX5;IRF8;GPR183;PLBD1;CD4;MCOLN2;CD300A;CYBB;CD84;CCR5;CR1;CTSZ;FUCA1;NCF4;SAMHD1;CST3;IL1R2;PIK3AP1;MPEG1;LILRB1;FMN1;MAN2B1;SCIMP;OTULINL;LY86;CD1D;SIGLEC10;RUBCNL;SPI1;FGR;THEMIS2;RGS1;PLEK;LYZ;COL4A3;PTPRO;ITGAX;CD1C;MILR1;CD83;NOD2;SH2B3;TBXAS1;CCR2;TLDC2;CD80;CLNK;TNFAIP8L2;MS4A6A;FCGR2A;BCL2A1;RNASE6;SIGLEC5;PLD4;TFEC;LST1;IFI30;C3AR1;CLEC7A;ATP8B4;CSF2RA;HCK;DNASE1L3;MS4A7;GZMB;CD14;C1orf162;CLEC10A;TRPM2;CSF1R;CFP;FPR3;TIMD4;ADAP2;SLAMF8;S100Z;RENBP;IL4I1;FGL2;ITGAM;RASGRP4;CD300LF;STAB1;RILPL2;LILRB2;FLT3;P2RY6;NFKBIE;MNDA;CAMP;CD86;SOWAHD;MS4A14;CD163L1;NLRP3;LRRC25;HMOX1;CD209;SLC37A2;SIGLEC9;GPR141;CPVL;SIGLEC1;MS4A4E;CD163;TIFAB;FCER1G;CD68;GPR34;TYROBP;CLEC12A;LILRB5;DMXL2;FCGR3A;HORMAD1;C1QC;EBI3;P2RY13;XCR1;VENTX;CSF3R;CD33;SIRPB2;RASSF4;CLEC9A;CX3CR1;CARD9;NR4A3;IDO2;HPGDS;CD300E;PRAM1;HK3;CEACAM4;PACSIN1;C1QA;RGS18;CCR1;FPR1;MRC1;ASGR2;AIF1;SIGLEC7,anal_pc5_c21_S1.filtered.gene_spectra_score.k_3.dt_0_01.txt
3,1,MUSCLE_STROMAL,2.199247589053333,0.0,1.498786311050043e-05,prerank,0.6954487112916329,0.001,29/50,16.10%,FBLN1;CXCL14;C1R;C1S;COL1A2;COL3A1;DCN;LUM;COL1A1;MRC2;TNXB;PCOLCE;GREM1;MGP;COL12A1;ANOS1;PDGFRA;SCARA5;CTSK;TMEM119;MFAP5;ISLR;CILP;SPON2;IGFBP6;RSPO3;OSR1;DPT;SMOC2,anal_pc5_c21_S1.filtered.gene_spectra_score.k_3.dt_0_01.txt
3,1,MKI67POS_PROGENITOR,2.19708786783593,0.0,1.4746123382911714e-05,prerank,0.6303772011120622,0.001,83/98,28.58%,CDK1;NUSAP1;TFPI;TM4SF1;TPX2;TOP2A;ANLN;PTTG1;BGN;JAG2;CD248;PRC1;TK1;MKI67;HYAL2;TROAP;ASPM;RRM2;CENPW;NDC80;BIRC5;CCNB2;ENG;CCNB1;CENPF;IQGAP3;MMRN2;DLGAP5;TACC3;AURKB;CDH5;VWF;CDC20;CLDN5;ERG;CALCRL;PLVAP;FZD4;EGFL7;NUF2;ARHGAP29;RAMP2;KNSTRN;CYYR1;UBE2C;GNG11;RAMP3;CLEC14A;SERPINE2;CD34;LDB2;LRRC32;HMCN1;HSPA12B;KIF20B;CLEC3B;TIE1;HIP1;ESAM;LMCD1;NRP1;FABP4;SOX18;HEG1;SHE;ECSCR;ADGRF5;JAM2;CD93;FLT1;APLNR;NRN1;PODXL;SLCO2A1;DIPK2B;KDR;EMCN;ROBO4;MMRN1;PTPRB;FOXC1;NOS3;PALMD,anal_pc5_c21_S1.filtered.gene_spectra_score.k_3.dt_0_01.txt
3,1,LATE_BASAL,2.1892650693699616,0.0,1.4512057932389306e-05,prerank,0.6556831877035265,0.001,48/70,26.76%,PKP1;TP63;COL1A2;COL7A1;DST;GCLC;KRT15;GPC3;DKK3;A4GALT;COL14A1;NTN1;EHD2;CLDN1;VCAN;S100A2;EYA2;ANXA1;TFAP2A;CFH;JAG2;ABI3BP;TPM2;ACTA2;WNT4;PMAIP1;EMP1;BOC;NRG1;LHFPL6;FHL1;LYPD6B;F3;CH25H;CXCL1;LMO3;DLK2;IL33;EPAS1;EYA1;TMEM40;RND3;FJX1;SPINK5;SULT2B1;NTF3;CDKN1A;SOSTDC1,anal_pc5_c21_S1.filtered.gene_spectra_score.k_3.dt_0_01.txt
3,1,INTERSTITIUM,2.1833480602292905,0.0,1.4285307027195724e-05,prerank,0.6803534010930233,0.001,35/52,23.02%,DST;COL4A2;DCN;A2M;COL4A1;CALD1;IGFBP7;PALLD;PRKG1;MEIS1;TNC;TSHZ2;TIMP3;RBMS3;LAMA2;MGP;NAV2;TTC28;CCN1;SLIT3;ZEB2;THBS1;LHFPL6;ZBTB16;UACA;NEGR1;MEIS2;LDB2;THSD4;KALRN;SORBS1;ARHGAP10;C7;AKAP12;CACNA1C,anal_pc5_c21_S1.filtered.gene_spectra_score.k_3.dt_0_01.txt
3,1,HEART_COMPACT_VENTRICULAR_CARDIOMYOCYTE,2.1831173371809354,0.0,1.4065533072931175e-05,prerank,0.6972939501266963,0.001,22/45,7.64%,CXCL14;COL6A2;COL1A2;COL6A1;COL5A1;COL3A1;SPARC;ELN;COL6A3;DCN;LUM;MMP2;COL1A1;FBN1;COL5A2;FN1;TIMP2;SPARCL1;COL15A1;MGP;COL12A1;CRYAB,anal_pc5_c21_S1.filtered.gene_spectra_score.k_3.dt_0_01.txt
3,1,CL13_MONOCYTE_MACROPHAGE,-2.1830637249227784,0.0,2.0840600995145333e-05,prerank,-0.46055555996212777,0.001,103/198,23.60%,CYBA;CORO1A;IL2RG;WIPF1;C15orf48;LAPTM5;CD53;CTSS;CD37;PTPRC;LIMD2;CD74;CYTIP;HCLS1;LCP1;ARHGDIB;STK4;LPXN;IL10RA;CD52;LGALS3;FNBP1;FERMT3;ITGB2;NABP1;CXCR4;SRGN;GPSM3;SERPINA1;RBM47;EVI2B;JAML;SSR4;SERPINB1;CD48;RNASET2;TNFRSF1B;GLIPR1;ISG20;LGALS2;GPR183;GMFG;WAS;LSP1;DOK2;LGALS9;CTSZ;CCR7;ALOX5AP;CST3;EVI2A;EHD1;REL;LY86;COTL1;SPI1;SAMSN1;FGR;THEMIS2;CKLF;RGS1;HCST;ARRB2;PLEK;MAP2K3;LYZ;SERPINB9;FCGR2B;CRIP1;CD1C;GLIPR2;HSPA6;CD83;CTSH;STX4;PHACTR1;MS4A6A;FCGR2A;RAB8B;MAP3K8;BCL2A1;RNASE6;HAVCR2;PSMB9;LST1;IFI30;CLEC7A;CTSD;CSF2RA;PKIB;MS4A7;EMP3;CD14;C1orf162;CLEC10A;TMEM273;CFP;FPR3;LY96;CARD16;UPP1;IL4I1;FGL2,anal_pc5_c21_S1.filtered.gene_spectra_score.k_3.dt_0_01.txt
3,1,ORG_PROLIFERATING,2.175799762913887,0.0,1.3852418935462518e-05,prerank,0.7194755282459677,0.001,33/38,21.94%,NUSAP1;TPX2;SFRP2;PTTG1;PRC1;TROAP;ASPM;BIRC5;CCNB2;CCNB1;CENPF;MT2A;CKAP2;KIF20A;KIF18A;TACC3;CKS2;CDC20;CDCA3;PLK1;NMU;CENPE;SMTN;BUB1;TUBA1C;KNSTRN;NEK2;ARL6IP1;PSRC1;CDCA8;CENPA;TUBB4B;CEP70,anal_pc5_c21_S1.filtered.gene_spectra_score.k_3.dt_0_01.txt
3,1,MAJOR_TYPES_MICROGLIA,-2.1742145731075695,0.0,2.0529547248949135e-05,prerank,-0.4475042926162166,0.001,97/280,14.36%,ITM2C;CYBA;CORO1A;ARHGAP4;IKZF1;DOCK2;LAPTM5;ARHGAP9;CD53;CTSS;IL16;CD37;SASH3;PARVG;FYB1;PTPRC;CD74;CYTH4;DOCK8;HCLS1;LCP1;TMC6;PTPN6;APBB1IP;PLCB2;ADA2;ARHGDIB;MGAT4A;IL10RA;ATM;NCKAP1L;FGD2;INPP5D;ITGB2;NABP1;SRGN;GPSM3;BIN2;SERPINA1;XBP1;AOAH;MYO1F;HERPUD1;ITPR2;VAV1;SP100;SMAP2;PAG1;RNF213;ABI3;RNASET2;TNFRSF1B;MAST3;ALOX5;GIMAP4;GLIPR1;IRF8;GPR183;CD4;GMFG;WAS;SFMBT2;SELPLG;TLR10;IGFLR1;CD300A;CYBB;CD84;RCSD1;NCF4;ALOX5AP;LAT2;RAPGEF6;LPAR6;TAGAP;MPEG1;EVI2A;MAN2B1;HVCN1;BTG2;IL6R;OTULINL;LY86;CCND1;BIN1;SIGLEC10;RUBCNL;IPCEF1;LAIR1;SAMSN1;BHLHE41;RGS1;HCST;ARRB2;PLEK;ZFP36;UCP2,anal_pc5_c21_S1.filtered.gene_spectra_score.k_3.dt_0_01.txt
3,1,CL17_PUTATIVE_APOPTOTIC_SMOOTH_MUSCLE,2.171276008576632,0.0,1.3645666414037707e-05,prerank,0.61431465408077,0.001,59/93,26.80%,BCAM;FGFR1;A2M;COL18A1;MYH11;COL4A1;IGFBP7;MFGE8;PTN;TM4SF1;ADIRF;CPE;FXYD6;MAP1B;SERPINH1;HES4;TIMP3;MYL9;BGN;CRISPLD2;PDGFRB;IFITM3;TPM2;ACTA2;CAV1;CRYAB;TAGLN;ADAMTS1;GPX3;HSPA1A;CCDC3;HSPA2;MT2A;DSTN;PHLDA1;MYLK;ISYNA1;C11orf96;CNN1;SOD3;TUBA1C;HSPB8;RGS5;AXL;EPAS1;CSRP1;DUSP14;TUBB4B;AKAP12;ISG15;DNAJB1;PGF;GEM;VASN;ARID5B;TPM1;CDKN1A;NDUFA4L2;EDNRA,anal_pc5_c21_S1.filtered.gene_spectra_score.k_3.dt_0_01.txt
3,1,IRIS_CILIARY_BODY_CYTOTOXIC_T,-2.169408324941138,0.0,2.022764214234694e-05,prerank,-0.6904511253990779,0.001,16/22,18.44%,SEPTIN1;ADGRE5;STK10;FGD3;ADA2;TMEM63A;SLC17A9;MCOLN2;RASSF5;PCED1B;S1PR4;APOBEC3G;LAX1;LRBA;NRROS;SLC2A6,anal_pc5_c21_S1.filtered.gene_spectra_score.k_3.dt_0_01.txt
3,1,KIDNEY_STROMAL,2.1683341018938207,0.0,1.3444994849125387e-05,prerank,0.6234413314626491,0.001,55/97,24.52%,C1R;COL1A2;COL3A1;SPARC;DCN;LUM;SERPINF1;COL1A1;COL14A1;FBN1;FBLN2;THBS2;MXRA5;EYA2;SPARCL1;ABCA8;SFRP2;ANGPTL2;LTBP2;AHNAK2;GREM1;PRRX1;SULF1;MGP;PODN;COL12A1;CRYAB;TPPP3;SCARA5;PRELP;ADAMTSL4;LOX;MFAP5;OSR2;ACTG2;ISLR;HTRA3;SOD3;IGFBP6;OSR1;DPT;SRPX;IGF1;DMRT2;DCLK1;CADM3;ADAMTSL3;PI16;AOX1;RASL12;ANGPTL1;CHRDL1;ASPN;POSTN;OGN,anal_pc5_c21_S1.filtered.gene_spectra_score.k_3.dt_0_01.txt
3,1,CTX_BIG_GROUPS_BRAIN_ENDOTHELIAL,2.1682455486872945,0.0,1.3250139851311977e-05,prerank,0.568269072299832,0.001,142/237,26.82%,COL6A2;COL1A2;COL6A1;COL3A1;SPARC;COL4A2;FSTL1;DCN;LAMB2;COL18A1;NOTCH3;COL4A1;MFAP2;PRXL2A;APCDD1;CALD1;LAMC1;NID1;LAMA4;COL5A2;IGFBP7;FN1;AEBP1;ITIH5;TFPI;TM4SF1;LAMB1;CAVIN1;CDH11;PCOLCE;ANXA1;PCDH18;SERPINH1;TIMP3;MYL9;SERPING1;IGFBP4;BGN;PDGFRB;CD248;PMP22;CAV2;JAG1;RBMS3;IFITM3;TPM2;LAMA2;FOXQ1;CAV1;TNS1;HYAL2;GGT5;WWTR1;ECE1;PLAT;ECM1;TSPAN9;NID2;NR2F2;ENG;SLC2A1;PRELP;CSPG4;MSRB3;CCDC3;MCAM;MT2A;CRIP2;LAMC3;TGFB1I1;CDH5;VWF;LHFPL6;VWA1;CLDN5;ERG;ID1;IFI6;TJP1;ISYNA1;UACA;FLNA;CLEC11A;EGFL7;SLC7A1;TGM2;NKD2;SMTN;ARHGAP29;RAMP2;CYYR1;PRCP;EFEMP2;CAVIN2;GNG11;COLEC12;CLEC14A;CD34;NAMPT;DLC1;ID3;TFRC;SORBS3;RGS5;PPP1R14A;CAVIN3;UNC5B;RHOJ;EPAS1;HSPA12B;CLEC3B;COX7A1;TIE1;SLC16A1;ESAM;PLXND1;TEK;ISG15;DOCK6;ADGRL4;HEG1;PALD1;SEMA5A;ECSCR;ADGRF5;JAM2;CD93;FLT1;PGF;APLNR;PODXL;SLCO2A1;DIPK2B;KDR;EMCN;ADCY4;S1PR3;NDUFA4L2;ROBO4;PDZD2;EDNRA;ITGA5,anal_pc5_c21_S1.filtered.gene_spectra_score.k_3.dt_0_01.txt
3,1,EARLY_SUPRABASAL,2.1461136157039253,0.0,1.3060852139150377e-05,prerank,0.8274214531344453,0.001,16/18,14.42%,KRT15;CDK1;TOP2A;VSNL1;HMGB2;PTTG1;PRC1;SMC4;MKI67;ASPM;RRM2;CCNB1;CENPF;HSPA1A;MT2A;SLC7A1,anal_pc5_c21_S1.filtered.gene_spectra_score.k_3.dt_0_01.txt
3,1,TH17,-2.1452109451988597,0.0,5.9803463725199655e-05,prerank,-0.7479636215344001,0.003,12/16,20.54%,SLAMF1;BLK;MGLL;JAML;CCR6;ADAM19;RORC;DPP4;NPDC1;LST1;GPR25;IL23R,anal_pc5_c21_S1.filtered.gene_spectra_score.k_3.dt_0_01.txt
3,1,NEUROTYPES_HRGL2B,2.1445742929698635,0.0,1.287689647521868e-05,prerank,0.560450867450173,0.001,100/211,20.54%,GPC1;KRT17;LAMA5;NTRK2;ELN;COL4A5;RGMA;MRC2;FAT2;TCF4;GJA1;ARHGEF4;PHGDH;PLPP3;MFGE8;PTN;CDK1;MTSS2;NUSAP1;CDH13;NFIX;ID4;SLC7A11;OBSL1;TPX2;KRT14;SPARCL1;LRP1;ADGRG1;TNC;BCL6;SFRP2;SERPINH1;TIMP3;ITGB5;ARHGEF26;FGFR3;FANCI;PMP22;NCAPG;PDPN;PTPRZ1;STON2;MKI67;KIF23;ANOS1;MYBL2;TNS1;ITGB8;EGR1;CRYAB;VCAM1;VSTM4;NFIB;SDC3;IGFBP2;CCN1;BIRC5;KIF11;BOC;LRIG1;NES;AFF2;KIF2C;TACC3;AURKB;AIF1L;ZNF83;IFI6;LIFR;LTBP1;FHL1;COL27A1;SCD;INKA2;EDNRB;FABP5;F3;SPRED1;CENPE;WFDC1;NUF2;HAS2;DEPDC1;IRX4;PDE1C;WLS;SERPINE2;KIF15;GPC4;FASN;MASP1;KIF14;JUN;SOX5;CDCA8;CREB5;GLIS3;NCKAP5;SALL3,anal_pc5_c21_S1.filtered.gene_spectra_score.k_3.dt_0_01.txt
3,1,EARLY_FIBROBLAST,2.141120735087848,0.0,1.2698050690840642e-05,prerank,0.7077267635958502,0.001,32/42,17.40%,TYMS;MCM4;CDK1;CENPU;NUSAP1;TOP2A;UHRF1;ZWINT;CDT1;LMNB1;PTTG1;CENPM;CRABP2;SFRP1;MKI67;NSG1;BIRC5;CCNB2;CCNB1;CENPF;KPNA2;KIF20A;AURKB;CKS2;CDC20;ORC6;SPC25;SCD;FBXO5;UBE2C;SNCG;HSPH1,anal_pc5_c21_S1.filtered.gene_spectra_score.k_3.dt_0_01.txt
3,1,PROLIFERATING_SCHWANN,2.1389811804273915,0.0,1.2524104790966114e-05,prerank,0.5446893036638456,0.001,196/413,21.44%,C1R;COL5A1;NTRK2;LTBP4;DCN;COL4A5;MCM2;GPC3;RGMA;COL4A1;ALCAM;SPHK1;COL14A1;COL16A1;IGFBP7;MFGE8;FN1;EHD2;HTRA1;CDK1;ITIH5;CENPU;NUSAP1;CLDN1;LIMS2;CAVIN1;ADIRF;NR2F1;TPX2;TOP2A;NFATC4;MATN2;ECT2;UHRF1;OSMR;ABCA8;PCDH7;TCF19;TNC;ANXA1;ZWINT;CDT1;COL15A1;ANLN;KIFC1;FBLN5;HES4;ITGB4;CDKN2C;MYL9;BGN;ANGPTL2;FRMD6;CENPM;RDH10;NCAPG;JAG1;MCM6;PRC1;CCNE2;LAMA2;CBR3;TK1;BMP1;MKI67;NCAPG2;HSPG2;KIF23;NAV2;MYO3A;MYBL2;MELTF;TNS1;ITGB8;NEURL1B;OLFML2A;VSTM4;HEY1;TPPP3;PRSS23;CCDC102B;WDR76;TROAP;TSPAN11;ASPM;RRM2;CYP7B1;NDC80;RAD54L;DTL;BIRC5;TSPAN9;FGF7;AASS;CCNB2;NID2;HJURP;ENG;KIF11;WWOX;FAM83D;CCNB1;CDC45;IQGAP3;LRIG1;CENPP;GTSE1;PCLAF;CEP55;ITGB3;HSPA2;HMMR;MELK;DLGAP5;LIG1;KIF18B;KIF20A;SULF2;KIF2C;NCAPD2;FST;KIF18A;CDCA2;TACC3;THBS1;AURKB;SSC5D;VWA1;CDC20;MAMDC2;ORC6;SBSPON;TFPI2;LPAR1;IFI6;PLCXD1;CDCA3;PLK1;SPC25;FOXM1;NAB2;NMU;EPHA4;CERCAM;KIAA1755;CENPE;ESPL1;AVPI1;POLQ;CKAP2L;FBXO5;NUF2;CNN1;CCNF;SPON2;BUB1;PLTP;FGF2;IGFBP6;KNSTRN;DEPDC1;TTK;UBE2C;DIAPH3;MX1;GNG11;SRPX;GASK1B;INCENP;KIF15;DHRS3;EXO1;ABCA1;ARSI;LOXL2;ZGRF1;KIF14;CFI;PSRC1;PIEZO2;ADAM15;RHOJ;SORBS1;CDCA8;FAM111B;CENPA;RASIP1;DUSP14;MVK;TCIM;KIF20B;P4HA2;PRSS12;ADAM9;ARHGAP11A;LMCD1,anal_pc5_c21_S1.filtered.gene_spectra_score.k_3.dt_0_01.txt
3,1,FGFR1HIGH_EPITHELIAL,2.1372492489519486,0.0,1.2354860131628733e-05,prerank,0.6084261498302553,0.001,64/100,24.26%,FGFR1;LUM;MFAP4;MMP2;FKBP10;FBN1;COL16A1;THBS2;COL17A1;PCOLCE;SVEP1;FLRT2;PCDH18;FOXF1;ABI3BP;PDGFRB;PAMR1;ADAM33;ADAMTS2;DCHS1;LAMA2;KLHL21;BMP1;TMEM132A;VCAM1;VSTM4;ADAMTS1;SCARA5;TROAP;GLT8D2;SH3PXD2B;SLIT3;CTSK;PLEKHG5;LHFPL6;MFAP5;CRMP1;ISLR;CILP;TSPAN4;GABBR1;ADGRL3;HMCN2;TTK;COLEC12;SNX21;ASPA;DLC1;RARRES2;ZNF436;GFRA1;JAM3;PI16;ARHGAP10;NRP1;AOX1;ADGRD1;HIC1;CYP1B1;JAM2;CHRDL1;MN1;ACKR1;POSTN,anal_pc5_c21_S1.filtered.gene_spectra_score.k_3.dt_0_01.txt
3,1,CTX_BIG_GROUPS_MICROGLIA,-2.1369945065773726,0.0,5.894912852912537e-05,prerank,-0.44635125841793144,0.003,87/244,14.62%,CYBA;CORO1A;ARHGAP4;IKZF1;DOCK2;LAPTM5;CD53;CTSS;CD37;PARVG;FYB1;PTPRC;CD74;CYTH4;DOCK8;HCLS1;LCP1;PTPN6;APBB1IP;ARHGDIB;MGAT4A;IL10RA;NCKAP1L;FGD2;INPP5D;ITGB2;SRGN;GPSM3;BIN2;SERPINA1;XBP1;EVI2B;AOAH;NFKBIZ;MYO1F;HERPUD1;ITPR2;SP100;ST6GAL1;RNF213;ABI3;RNASET2;TNFRSF1B;GIMAP4;GLIPR1;IRF8;GPR183;CD4;GMFG;SFMBT2;SELPLG;TLR10;CD300A;CYBB;CD84;SUSD3;LGALS9;RCSD1;NCF4;ALOX5AP;LAT2;LPAR6;TAGAP;MPEG1;EVI2A;MAN2B1;HVCN1;BTG2;IL6R;OTULINL;LY86;CCND1;BIN1;SIGLEC10;COTL1;RUBCNL;IPCEF1;LAIR1;SAMSN1;BHLHE41;RGS1;HCST;ARRB2;PLEK;ZFP36;UCP2;SERPINB9,anal_pc5_c21_S1.filtered.gene_spectra_score.k_3.dt_0_01.txt
3,1,PERICYTE,2.136859341092856,0.0,1.2190128663207018e-05,prerank,0.557338388388803,0.001,144/271,23.18%,COL6A2;BCAM;COL6A1;COL4A2;EPHX1;LTBP4;COL6A3;A2M;COL18A1;NOTCH3;TBX2;EFEMP1;COL1A1;COL4A1;CALD1;GSTM3;COL14A1;NID1;FBN1;EMILIN1;PLPP3;IGFBP7;IGFBP5;MFGE8;PTN;PALLD;MTSS2;TM4SF1;LAMB1;CAVIN1;ADIRF;PRKG1;DPYSL2;SPARCL1;MXRA8;VSNL1;FARP1;SDC2;PCDH18;MAP1B;FOXF1;RHOB;HES4;TIMP3;CCDC80;GJC1;MYL9;NRCAM;SERPING1;IGFBP4;BGN;CRISPLD2;PDGFRB;CAV2;JAG1;IFITM3;CYGB;TPM2;APOE;ACTA2;CAV1;MGP;COL12A1;MYO3A;ARHGEF17;TNS1;TAGLN;NEURL1B;NFIB;CDKN1C;TPPP3;PRSS23;ECE1;CCDC102B;SLC7A2;IGFBP2;NR2F2;DENND2A;GPX3;CSPG4;CCDC3;MCAM;HSPA2;MT2A;CRIP2;CDC42EP2;DSTN;LAMC3;DDR2;PLEKHG3;MYLK;PLEKHH3;TJP1;ISYNA1;C11orf96;CTHRC1;MTUS1;OBSCN;CADM1;NDRG1;WFDC1;ARHGAP29;SOD3;GUCY1B1;GNG11;SMOC2;WLS;PREX2;GUCY1A1;CCN2;CHRD;GPC4;FILIP1L;LDB2;LRRC32;MASP1;PLCB1;RARRES2;ADAMTS9;RGS5;PPP1R14A;CAVIN3;PEAR1;SGIP1;CYP4X1;EPAS1;CSRP1;ADCY3;ADAMTSL3;DMD;COX7A1;MAP2;ESAM;LIN7A;PDE1A;ISG15;DOCK6;RASL12;ADGRD1;SEMA5A;MT1X;SEMA5B;EGFLAM;ADGRF5,anal_pc5_c21_S1.filtered.gene_spectra_score.k_3.dt_0_01.txt
3,1,VALVAR,2.1343705701564875,0.0,1.202973223342798e-05,prerank,0.5849063029480759,0.001,79/145,24.54%,DPYSL3;NTRK2;PXDN;LTBP4;ELN;ROBO1;MFAP4;SERPINF1;APCDD1;UCHL1;SOX4;PLPP3;IGFBP5;AEBP1;NFIX;VCAN;MXRA5;ID4;ADIRF;MATN2;TUBB2B;TIMP3;CLU;CCDC80;NRCAM;BGN;EDIL3;PAMR1;LTBP2;PRRX1;PTPRZ1;APOE;MGP;EGR1;TAGLN;ADAMTS1;PTHLH;NSG1;GLT8D2;PRELP;LSAMP;HSPA1A;TRPS1;HSPA2;MT2A;HAPLN1;CTSK;HSPA1B;THBS1;CTNNAL1;ID1;IFI6;C11orf96;FHL1;SYNPO2;SRPX;ARL6IP1;IGF1;ID3;CXCL1;HSPH1;FILIP1L;C1QTNF1;RGS5;MMP19;IL33;CLDN11;FAT4;SALL3;LMCD1;SOCS3;PDLIM3;CYP1B1;DNAJB1;TUBB2A;AHR;GEM;ASPN;ERRFI1,anal_pc5_c21_S1.filtered.gene_spectra_score.k_3.dt_0_01.txt
3,1,HEART_VASCULAR_ENDOTHELIAL,2.126028832225658,0.0,1.187350194468216e-05,prerank,0.5773416038308847,0.001,75/154,22.26%,C1R;BCAM;COL5A1;LTBP4;ELN;MMP2;SEMA3F;EFEMP1;COL1A1;ALDH1A1;MFAP2;MRC2;GJA1;COL5A2;IGFBP7;FBLN2;PTN;HTRA1;NFIX;PTGDS;LIMS2;FAM3B;CPE;MEGF6;RHOB;FBLN5;CFH;CLU;SULT1E1;BGN;ABI3BP;LTBP2;AHNAK2;SULF1;SFRP1;MGP;NNMT;VCAM1;ADAMTS1;IGFBP2;ADH1B;GLT8D2;PER1;HSPA1A;NES;CTSK;MMRN2;HSPA1B;LOX;SULF2;TSPAN2;AIF1L;IFI6;MTUS1;THBD;MPZL2;GASK1B;RAMP3;CLEC14A;SERPINE2;CXCL1;MEIS2;DHRS3;IER5L;CPXM2;RGS5;CFI;JUN;CREB5;SERPINE1;PI16;CPAMD8;ECM2;DEPP1;HEG1,anal_pc5_c21_S1.filtered.gene_spectra_score.k_3.dt_0_01.txt
3,1,HEART_STROMAL,2.1203221476428946,0.0,1.1721277560775979e-05,prerank,0.7431473537521079,0.001,19/28,15.70%,FBLN1;COL1A2;DCN;LUM;SERPINF1;GPC3;COL1A1;PTN;PCOLCE;ADAMTS2;PDGFRA;CCL11;SCARA5;PRELP;MFAP5;ISLR;HTRA3;CILP;DPT,anal_pc5_c21_S1.filtered.gene_spectra_score.k_3.dt_0_01.txt
3,1,NEUROTYPES_HRGL3,2.1120040535414373,0.0,1.157290695874084e-05,prerank,0.5518544259598879,0.001,125/252,24.08%,COL6A1;DST;SPARC;NTRK2;FSTL1;DCN;LAMB2;COL18A1;COL4A5;EFEMP1;ANTXR1;RGMA;DKK3;ALCAM;MRC2;FAT2;GJA1;PHGDH;NTN1;PLPP3;IGFBP5;HTRA1;ITIH5;MTSS2;CDH13;ID4;SLC7A11;WNT5A;OBSL1;TIMP2;SPARCL1;MXRA8;ABCA8;CELSR1;LRP1;ANXA1;SDC2;SFRP2;FBLN5;TSHZ2;HES4;TIMP3;CLU;ITGB5;NRCAM;ARHGEF26;FGFR3;PMP22;PDPN;SULF1;PAPLN;NDRG4;BMP1;ITGB8;EGR1;CRYAB;VCAM1;HEY1;TPPP3;WWTR1;PLEKHH2;IGFBP2;CCN1;BNC2;DTNA;BOC;LRIG1;NES;HAPLN1;AFF2;SULF2;PAM;FADS2;MAMDC2;PPT1;LIFR;COL27A1;SCD;PLOD2;EFCC1;EDNRB;PLTP;TMEM47;RSPO3;HAS2;PRCP;FMNL2;EFEMP2;COLEC12;GASK1B;PDE1C;WLS;CCN2;LRP1B;ID3;GPC4;DHRS3;COL8A1;CRISPLD1;CPXM2;DCLK1;JUN;THSD4;FLNC;ARHGEF28;RHOJ;CADM3;IL33;CREB5;GLIS3;TCIM;ADAM9;LMCD1;NRP1;SPOCK1;SRGAP3;KLF9;PDLIM3;JAM2;NDNF;FJX1;INHBB;RAI14;PDGFC;C12orf75,anal_pc5_c21_S1.filtered.gene_spectra_score.k_3.dt_0_01.txt
3,1,CL16_LYMPHATIC_ENDOTHELIAL,2.111132399264506,0.0,1.142824562175658e-05,prerank,0.5981356567374703,0.001,64/107,22.54%,A2M;MMP2;EFEMP1;ALDH1A1;MFAP2;PRXL2A;TCF4;GJA1;LAMA4;IGFBP7;FN1;TFPI;TM4SF1;CAVIN1;FXYD6;MAP1B;TIMP3;CLU;SERPING1;IGFBP4;ABI3BP;TNFSF10;IFITM3;PDPN;NNMT;HYAL2;NFIB;PRSS23;CCN1;PPFIBP1;NR2F2;ENG;CRIP2;LOX;SMAD1;CDH5;VWF;CLDN5;CALCRL;CTHRC1;MTUS1;FABP5;TSPAN4;EGFL7;FSCN1;SMTN;ARHGAP29;RAMP2;PRCP;CAVIN2;GNG11;CLEC14A;ARL6IP1;NRP2;LDB2;CFI;JUN;PROX1;TIE1;ADM;AKAP12;FABP4;DEPP1;C6orf141,anal_pc5_c21_S1.filtered.gene_spectra_score.k_3.dt_0_01.txt
3,1,LSECS,2.1051338161206252,0.0,1.1287156169636128e-05,prerank,0.5409512503797478,0.001,182/307,31.94%,COL6A2;SPARC;PXDN;COL4A2;FGFR1;LAMB2;A2M;SEMA3F;ACKR3;COL4A1;TCF4;NID1;PLPP3;IGFBP7;CDH13;TFPI;TM4SF1;LIMS2;CAVIN1;LAPTM4B;FAM43A;NR2F1;TIMP2;TNS2;OSMR;FXYD6;ADGRL2;MAP1B;SERPINH1;TIMP3;IGFBP4;IFITM3;HYAL2;NUAK1;NFIB;PRSS23;WWTR1;ADAMTS1;ECE1;EMP1;DLL1;PPFIBP1;CNN3;TMEM44;ECM1;NR2F2;ENG;MAST4;GRB10;SPRY1;CNKSR3;MCAM;EPHB4;MMRN2;NAV1;ZEB2;CDC42EP4;CDH5;CLDN5;ERG;SGK1;ID1;TFPI2;CALCRL;LIFR;C11orf96;PGM5;UACA;FHL1;EPB41L2;MID1;EDNRB;FZD4;EGFL7;SLC7A1;NDRG1;FSCN1;TGM2;THBD;SMTN;ARHGAP29;PLTP;RAMP2;PRCP;CAVIN2;GNG11;SRPX;RAMP3;CLEC14A;ZCCHC24;PREX2;NAMPT;APOL1;DLC1;ID3;C1QTNF1;MEIS2;NRP2;LDB2;LRRC32;ATP13A3;PLCB1;ADAMTS9;PLK2;PIEZO2;RHOJ;SORBS1;IL33;EPAS1;RASIP1;CSNK1E;SERPINE1;TCIM;CLEC3B;JAM3;ITPKC;IL1R1;TIE1;ESAM;ADAM9;SOCS3;ADM;NRP1;TSPAN18;PLXND1;TEK;ITGA9;AKAP12;ADGRL4;HEG1;HIC1;NCOA7;BNIP3L;SHE;SHANK3;ADGRF5;CD93;HECW2;MCF2L;FLT1;SMAD6;RAI14;APLNR;SLCO2A1;KDR;EMCN;CDKN1A;TMEM255B;ROBO4;FAM107A;ITGA5;MMRN1;NPR1;EXOC3L2;LIMCH1;PTPRB;FLT4;PDE2A;NOVA2;FOXC1;ST6GALNAC3;PLAUR;NOS3;SLC27A3;ANGPTL4;GJA4;TM4SF18;MYCT1;ARAP3;ALPL;HES1;TSPAN7;RAPGEF5;ZNF117;FILIP1;STC2;TGFBR3;IFI44L;IFI27;SOX17;SNTB2;PCDH17,anal_pc5_c21_S1.filtered.gene_spectra_score.k_3.dt_0_01.txt
3,1,MUSCLE_PERICYTES,2.0959367152976824,0.0,1.1149507923664955e-05,prerank,0.6136677932119536,0.001,36/74,13.78%,COL6A2;COL3A1;SPARC;COL4A2;EPHX1;COL6A3;NOTCH3;COL4A1;PRXL2A;CALD1;CXCL12;IGFBP7;MFGE8;TFPI;ADIRF;DPYSL2;SPARCL1;CPE;RHOB;TIMP3;MYL9;SERPING1;PDGFRB;IFITM3;CYGB;TPM2;ACTA2;TAGLN;CNN3;NR2F2;MCAM;MT2A;CRIP2;LHFPL6;ISYNA1;FLNA,anal_pc5_c21_S1.filtered.gene_spectra_score.k_3.dt_0_01.txt
3,1,MAJOR_TYPES_ASTROCYTES,2.087817746683409,0.0,1.1015176502897908e-05,prerank,0.5618856044699782,0.001,68/167,16.50%,CXCL14;NTRK2;BMP7;ELN;DCN;LAMB2;NOTCH3;RGMA;DKK3;ALCAM;MRC2;GJA1;PHGDH;PLPP3;FBLN2;MFGE8;PTN;HTRA1;DDR1;TFPI;ID4;NPNT;SPARCL1;MEIS1;ADGRG1;TNC;HES4;TIMP3;CLU;CCDC80;IGFBP4;ARHGEF26;PDGFRB;PMP22;IFITM3;PDPN;PTPRZ1;STON2;APOE;ANOS1;VCAM1;HEY1;SDC3;CNN3;AASS;DTNA;GPX3;SPRY1;LRIG1;MT2A;HAPLN1;GLUL;CDC42EP4;AIF1L;FADS2;ID1;LIFR;SCD;EDNRB;FABP5;F3;PLTP;PRCP;EFEMP2;GNG11;LRP4;RAMP3;SERPINE2,anal_pc5_c21_S1.filtered.gene_spectra_score.k_3.dt_0_01.txt
3,1,NK,2.0871870882381294,0.0,1.088404344929198e-05,prerank,0.6250846361855217,0.001,39/66,18.46%,COL6A2;BCAM;COL6A3;LUM;NOTCH3;COL1A1;COL14A1;FBN1;IGFBP7;MFGE8;FAM43A;SPARCL1;MATN2;CFH;CCDC80;GJC1;PDGFRB;CAV2;TPM2;ACTA2;CAV1;HSPG2;PRSS23;CCDC102B;BNC2;MT2A;CRIP2;CTSK;DSTN;ISYNA1;LIFR;RAMP2;SMOC2;CD34;PREX2;GUCY1A1;CCN2;LDB2;RARRES2,anal_pc5_c21_S1.filtered.gene_spectra_score.k_3.dt_0_01.txt
3,1,BASOPHIL,-2.0870762768723696,0.0,9.686476518870367e-05,prerank,-0.522231216584703,0.005,30/66,18.50%,ATP2A3;IL32;KIF21B;NLRC3;S100P;LAT;TNIK;ETS1;ADAM8;C16orf54;ADAM19;TTN;TESPA1;PBXIP1;CR1;CD69;RAB27A;HELB;RAB37;EIF4E3;MCTP2;LAX1;STAP1;CD244;MYB;SLC45A3;PDE3B;TMEM154;ZNF683;CSF2RB,anal_pc5_c21_S1.filtered.gene_spectra_score.k_3.dt_0_01.txt
3,1,INTESTINE_INTESTINAL_EPITHELIAL,-2.080406103298196,0.0,0.00011462330547329933,prerank,-0.5154704683973577,0.006,31/71,16.98%,SLC44A4;ACSL5;CDX1;ATP10B;TMEM45B;AMN;PRSS8;SULT1B1;ELF3;SEMA4G;TJP3;LGALS3;CYP3A5;LIPH;BICDL2;HDHD3;TMC5;GLYCTK;NR1I2;PRSS3;TPSG1;SH3RF2;SLC5A1;SULT1C2;ANPEP;ARL14;DMBT1;GDA;XDH;VIPR1;DEGS2,anal_pc5_c21_S1.filtered.gene_spectra_score.k_3.dt_0_01.txt
3,1,ENDOTHELIAL_CELLS_GLOMERULAR_CAPILLARIES,2.0756431063102614,0.0,1.075599587930031e-05,prerank,0.6018280479527459,0.001,54/86,27.98%,COL4A2;COL4A1;CALD1;TCF4;PLPP3;IGFBP5;CDH13;PBX1;PRKG1;ADGRL2;TIMP3;RBMS3;MTSS1;PLPP1;TTC28;PLAT;PPFIBP1;TMTC1;GRB10;GPX3;HSPA1A;SNED1;TJP1;ZBTB16;LIFR;SVIL;UACA;CADPS2;FMNL2;DOCK4;PREX2;HSPH1;MEIS2;LDB2;PTPRM;EXOC6B;KALRN;EPAS1;TEK;AKAP12;ITGA8;SHANK3;DNAJB1;CACNA1C;ADGRF5;HECW2;FLT1;SLCO2A1;ARL15;EMCN;LIMCH1;PTPRB;PLXDC2;ST6GALNAC3,anal_pc5_c21_S1.filtered.gene_spectra_score.k_3.dt_0_01.txt
3,1,MUSCLE_SMOOTH_MUSCLE,2.0737790910972946,0.0,1.0630926159773563e-05,prerank,0.5608175183173223,0.001,83/163,23.08%,BCAM;NTRK2;NOTCH3;MYH11;TBX2;DKK3;CALD1;IGFBP7;IGFBP5;MFGE8;PTN;PALLD;ITIH5;ADIRF;SLC7A11;SPARCL1;CPE;MAP1B;HES4;SULT1E1;MYL9;BGN;PDGFRB;RBPMS;JAG1;TPM2;ARHGEF25;ACTA2;TNS1;EGR1;CRYAB;TAGLN;PRSS23;PDLIM7;CNN3;GPC6;NR2F2;SLIT3;MSRB3;CCDC3;MCAM;MT2A;CRIP2;DSTN;LAMC3;TGFB1I1;MAP3K20;MYLK;ISYNA1;SVIL;C11orf96;FHL1;CCL2;ACTG2;FLNA;RCAN2;SYNPO2;CNN1;ITGA11;NKD2;SOD3;GUCY1B1;LMOD1;SNCG;GUCY1A1;DAAM2;FILIP1L;RGS5;PPP1R14A;AXL;CAVIN3;JUN;LMO4;CSRP1;TRPC4;COX7A1;FTH1;RASL12;ITGA8;PDLIM3;SEMA5B;CACNA1C;ADCY5,anal_pc5_c21_S1.filtered.gene_spectra_score.k_3.dt_0_01.txt
3,1,MESANGIAL,2.060041919788022,0.0,1.0508731606212945e-05,prerank,0.5739886446465373,0.001,64/113,25.40%,DST;SPARC;COL4A2;A2M;ROBO1;COL4A1;CALD1;TCF4;IGFBP7;IGFBP5;PALLD;PRKG1;MEIS1;HOXD10;ADGRL2;FLRT2;TIMP3;PTK7;SULT1E1;PDGFRB;RBMS3;MTSS1;PLPP1;LAMA2;MGP;COL12A1;TNS1;EGR1;TTC28;TMTC1;ENG;GPX3;HSPA1A;HSPA1B;UNC5C;ZEB2;LHFPL6;FRMD4A;TJP1;ZBTB16;UACA;EPB41L2;ITGA11;DOCK4;DAAM2;DLC1;HSPH1;MEIS2;PTPRM;JUN;PIEZO2;KALRN;EPAS1;CLDN11;C7;SPOCK1;AKAP12;ITGA8;DNAJB1;ADGRF5;MOXD1;POSTN;EMCN;ARID5B,anal_pc5_c21_S1.filtered.gene_spectra_score.k_3.dt_0_01.txt
3,1,PROMYELOCYTE_LIKE,2.051623295627734,0.0,3.116794260479067e-05,prerank,0.7121054586928212,0.003,19/28,16.96%,MCM2;TYMS;HELLS;PHGDH;MCM4;CENPU;TOP2A;UHRF1;CDT1;CENPM;TK1;MKI67;IGFBP2;CENPF;PCLAF;NCAPD2;CLEC11A;UBE2C;CITED4,anal_pc5_c21_S1.filtered.gene_spectra_score.k_3.dt_0_01.txt
3,1,ENTEROCYTE,-2.050456096095448,0.0,0.00018842187201090302,prerank,-0.6708991883148573,0.01,12/20,17.28%,AOC1;TMEM45B;CYP3A5;NR1I2;RARRES1;PRSS3;SPIB;MUC20;ANPEP;SLC41A2;MALL;MCF2L2,anal_pc5_c21_S1.filtered.gene_spectra_score.k_3.dt_0_01.txt
3,1,OLFACTORY_NEUROEPITHELIUM_MACROPHAGES,-2.048957079801715,0.0,0.00018587563049724218,prerank,-0.5228992384474649,0.01,44/62,28.16%,CYBA;C15orf48;LAPTM5;CTSS;CD74;ITGB2;CXCR4;SRGN;HERPUD1;RNASET2;GPR183;CST3;LY86;COTL1;SPI1;RGS1;CD83;PHACTR1;MS4A6A;FCGR2A;RNASE6;PLD4;LST1;IFI30;C3AR1;CLEC7A;CSF2RA;MS4A7;CD14;CLEC10A;CSF1R;CCL4L2;FGL2;MNDA;CCL3;FCER1G;CD68;GPR34;TYROBP;FCGR3A;C1QC;P2RY13;SLC40A1;CX3CR1,anal_pc5_c21_S1.filtered.gene_spectra_score.k_3.dt_0_01.txt
3,1,PROLIFERATING_MACROPHAGE,2.0473253580662027,0.0,3.0817741002489654e-05,prerank,0.5274825359242192,0.003,136/333,17.38%,DST;SPARC;AKR1C2;EPHX1;GSN;CES1;ALDH1A1;TYMS;ALCAM;AKR1C3;TGFBI;PHGDH;MCM4;CDKN2A;FN1;CDK1;CENPU;NUSAP1;MDK;TIMP2;TPX2;DPYSL2;TOP2A;FAM3B;EZH2;CPE;UHRF1;TCF19;PTGR1;LRP1;ANXA1;ZWINT;CDT1;ANLN;HMGB2;KIFC1;CFD;PTTG1;CDKN2C;SERPING1;E2F1;FANCI;CENPM;NCAPG;MCM6;PRC1;CBR3;SMC4;TK1;FTL;APOE;MKI67;KIF23;NNMT;MYBL2;ITGB8;TAGLN;CTSB;TROAP;CSTA;ASPM;RRM2;PDLIM7;IGFBP2;CENPW;NDC80;BIRC5;CCNB2;GAA;HJURP;KIF11;CCNB1;GPX3;CENPF;HSPA1A;ADAMTSL4;GTSE1;PCLAF;CEP55;MT2A;CSTB;HMMR;GLUL;MELK;DLGAP5;GPSM2;KPNA2;LIG1;CKAP2;KIF2C;CDCA2;TACC3;AURKB;CKS2;CDC20;ORC6;IFI6;PPT1;AKR1B1;CDCA3;PLK1;SPC25;FOXM1;AQP3;GPNMB;SVIL;FHL1;SCD;ANP32E;DRAM1;FABP5;SPAG5;TSPAN4;CENPE;TGM2;AVPI1;CKAP2L;FBXO5;NUF2;BUB1;VAT1;TUBA1C;GCHFR;KNSTRN;DEPDC1;MPZL2;UBE2C;DIAPH3;MX1;COLEC12;CREG1;ARL6IP1;CARHSP1;ACAT2;RBP4;CXCL1,anal_pc5_c21_S1.filtered.gene_spectra_score.k_3.dt_0_01.txt
3,1,CL3_MATURE_CUMULUS_GRANULOSA,2.0465492514404287,0.0,3.0475321658017545e-05,prerank,0.5994869144098233,0.003,40/80,21.38%,DPYSL3;DST;COL4A2;EPHX1;RBP1;COL4A1;MFAP2;GJA1;SOX4;IGFBP7;HTRA1;VCAN;HS6ST1;MDK;GSTA4;LAPTM4B;ABCA8;RHOB;TSHZ2;HSPG2;PRSS23;NSG1;IGFBP2;PPFIBP1;GPX3;FST;THBS1;SCD;FLNA;VIT;FSCN1;AVPI1;GASK1B;SERPINE2;ID3;PPP1R14A;CFI;CLDN11;SLC16A1;PRKAR2B,anal_pc5_c21_S1.filtered.gene_spectra_score.k_3.dt_0_01.txt
3,1,CYCLING_DC,2.037542571084478,0.0,3.0140428013423948e-05,prerank,0.5275763542847737,0.003,130/256,19.84%,FBLN1;MCM2;CES1;TYMS;ALCAM;HELLS;TXNRD1;PHGDH;MCM4;IGFBP7;FBLN2;CDK1;CENPU;NUSAP1;LAPTM4B;TPX2;TOP2A;EZH2;ECT2;UHRF1;TCF19;CYBRD1;ZWINT;CDT1;ANLN;KIFC1;LMNB1;PTTG1;E2F1;FANCI;CENPM;FANCA;NCAPG;MCM6;PRC1;CCNE2;SMC4;TK1;CIT;MKI67;NCAPG2;KIF23;NREP;MYBL2;WDR76;TROAP;ASPM;RRM2;SNCA;RECQL4;CENPW;NDC80;RAD54L;DTL;BIRC5;CCNB2;HJURP;KIF11;WWOX;SLC2A1;FAM83D;CCNB1;CENPF;CDC45;CENPP;GTSE1;PCLAF;CEP55;HMMR;MELK;DLGAP5;GPSM2;LIG1;KIF18B;CKAP2;KIF20A;SULF2;MAP3K20;KIF2C;NCAPD2;KIF18A;CDCA2;AURKB;FADS2;CDC20;CTNNAL1;ARHGAP33;ORC6;CDCA3;PLK1;SPC25;FOXM1;EPB41L2;SPAG5;CLEC11A;SPTSSA;CENPE;ESPL1;POLQ;CKAP2L;FBXO5;NUF2;CCNF;POLE;BUB1;GCHFR;KNSTRN;DEPDC1;TTK;NEK2;ZNF503;UBE2C;DIAPH3;KNTC1;INCENP;KIF15;CARHSP1;ACAT2;CDCA7L;FILIP1L;POLA1;ZGRF1;KIF14;PPP1R14A;PSRC1;ADAM15;CDCA8;FAM111B;CENPA;HILPDA,anal_pc5_c21_S1.filtered.gene_spectra_score.k_3.dt_0_01.txt
3,1,MUC13_DMBT1_POSITIVE,-2.035377364609175,0.0,0.0002567562042601905,prerank,-0.5368531068744108,0.014,26/47,22.06%,ACSL5;CEACAM5;MYO7B;CDX1;AMN;GCNT3;BAIAP2L2;EPCAM;SDCBP2;MUC3A;NR1I2;OCLN;PRSS3;FER1L6;MXD1;SPIB;POF1B;DMBT1;GDA;SLC3A1;VIPR1;INAVA;AGPAT2;HKDC1;PDE4C;GDPD2,anal_pc5_c21_S1.filtered.gene_spectra_score.k_3.dt_0_01.txt
3,1,CTX_BIG_GROUPS_GLIAL,2.0150265905049123,0.0,2.9812814665451945e-05,prerank,0.5991851503125973,0.003,33/70,16.68%,CXCL14;NTRK2;BMP7;PRXL2A;PHGDH;PLPP3;MFGE8;PTN;MDK;LAPTM4B;CPE;ADGRG1;TNC;CLU;CCDC80;ARHGEF26;PTPRZ1;ITGB8;HEY1;CNN3;AASS;DTNA;MT2A;HAPLN1;AIF1L;FHL1;SCD;EDNRB;FABP5;F3;PRCP;SERPINE2;ARL6IP1,anal_pc5_c21_S1.filtered.gene_spectra_score.k_3.dt_0_01.txt
3,1,MYOFIBROBLAST,2.0124514863421203,0.0,2.9492246765823427e-05,prerank,0.6460103117378663,0.003,33/46,24.26%,CXCL14;COL3A1;ROBO1;MMP2;COL1A1;DKK3;TGFBI;COL16A1;VCAN;WNT5A;SCARA3;TNC;CFH;CLU;PAMR1;LTBP2;COL12A1;CNN3;PRELP;SLITRK6;CTHRC1;THBD;DPT;ENC1;CCN2;C16orf89;CREB5;PDLIM3;COMP;GEM;PDGFC;ASPN;POSTN,anal_pc5_c21_S1.filtered.gene_spectra_score.k_3.dt_0_01.txt
3,1,ALVEOLAR_FIBROBLAST,2.0101032261760463,0.0,2.9178499459804032e-05,prerank,0.5559753999490669,0.003,69/131,24.24%,DST;LTBP4;COL6A3;A2M;LUM;MFAP4;MMP2;CES1;GPC3;DKK3;ALDH1A1;MRC2;LAMA4;FN1;CDH13;CDH11;NPNT;ABCA8;ITGA2;SVEP1;ANXA1;CFD;FBLN5;TIMP3;SERPING1;ABI3BP;PMP22;PDGFRA;OLFML2A;NUAK1;PLEKHH2;SNCA;CYP7B1;CCN1;ADH1B;ABCA6;OLFML3;PRELP;LSAMP;TMEM119;MAMDC2;FHL1;ISLR;EFCC1;LYPD6B;TGM2;COLEC12;DOCK4;CCN2;DHRS3;COL8A1;RARRES2;HMCN1;ANKS1B;KIFC3;INMT;PIEZO2;SGCD;MMP19;VEGFC;MCOLN3;LMCD1;SLC29A1;NRP1;ITGA8;CYP4B1;SCN7A;CHRDL1;MOXD1,anal_pc5_c21_S1.filtered.gene_spectra_score.k_3.dt_0_01.txt
3,1,SMG_BASAL,2.004605683057873,0.0,2.8871357360227146e-05,prerank,0.5278137180046502,0.003,99/238,16.50%,PKP1;TP63;COL1A2;COL7A1;COL5A1;DST;NTRK2;FGFR1;GCLC;KRT15;ROBO1;PITX1;MFAP4;DKK3;COL4A1;SPHK1;COL14A1;NID1;LAMA4;COL16A1;NTN1;FBLN2;AEBP1;HTRA1;PALLD;CLDN1;VCAN;TM4SF1;CAVIN1;S100A2;EYA2;THY1;KRT14;TNS4;SPARCL1;MEIS1;MAP1B;TFAP2A;CFH;SNAI2;TSHZ2;ITGB4;IGFBP4;TNFSF10;LAYN;PMP22;ADAMTS2;TNFAIP2;TPM2;SULF1;HSPA4L;SFRP1;ACTA2;MGP;VCAM1;GPX2;HEY1;ABCA13;PMAIP1;KLK10;IGFBP3;CSTA;SNCA;PLAT;PDZRN3;PLAU;SLIT3;BOC;LSAMP;CSPG4;SHISA2;CX3CL1;CEP55;CCDC3;MCAM;PHLDA1;CPXM1;FST;TSPAN2;LHFPL6;FRMD4A;MAMDC2;SGK1;UACA;TMEM158;SCD;CCL2;ACTG2;GABRP;ISLR;SYNPO2;EOGT;OSR1;MX1;TFAP2C;SMOC2;SPEG;LRP4;SERPINE2,anal_pc5_c21_S1.filtered.gene_spectra_score.k_3.dt_0_01.txt
3,1,MID_SCHWANN,2.0031248928518353,0.0,3.809415207252193e-05,prerank,0.5371575336881275,0.004,97/178,28.90%,COL5A1;COL3A1;NTRK2;DCN;LAMB2;COL4A5;COL4A1;ALCAM;SPHK1;COL14A1;COL16A1;FBLN2;FN1;ITIH5;LAMB1;CAVIN1;NR2F1;MATN2;ABCA8;PCDH7;ITGA2;TNC;ANXA1;COL15A1;FBLN5;ITGB4;MYL9;ARHGEF26;RDH10;JAG1;PDPN;LAMA2;BMP1;HSPG2;TNS1;ITGB8;OLFML2A;HEY1;PRSS23;TSPAN11;TRPM3;NID2;SH3PXD2B;LRIG1;PLEKHG3;THBS1;VWA1;SBSPON;TFPI2;LPAR1;IFI6;COL27A1;CCL2;SPON2;SMTN;GNG11;GASK1B;ZCCHC24;ASPA;VLDLR;DHRS3;LOXL2;ADAMTS9;ANK3;AXL;CAVIN3;RHOJ;SORBS1;TCIM;P4HA2;ADAM9;PRIMA1;RASL12;SEMA3G;MT1X;SCN7A;GFRA3;PDGFC;STARD9;NTRK3;EGFL8;PLSCR4;S1PR3;SH3BP5;COL28A1;VGLL3;SOSTDC1;RAB31;IFIT3;LIMCH1;PLXDC2;SLC1A4;TNFAIP6;MICALL2;ATP1A2;ANGPTL4;TNFRSF12A,anal_pc5_c21_S1.filtered.gene_spectra_score.k_3.dt_0_01.txt
3,1,KIDNEY_9_ENDOTHELIAL,1.9988469475874684,0.0,3.770142885527944e-05,prerank,0.6144569129430502,0.004,42/58,25.24%,SPARC;PXDN;COL4A2;A2M;COL4A1;TCF4;PLPP3;IGFBP5;FN1;PBX1;TM4SF1;CAVIN1;THY1;SERPINH1;TIMP3;IGFBP4;IFITM3;MKI67;HSPG2;NES;CRIP2;CLDN5;LIFR;UACA;EGFL7;ARHGAP29;RAMP2;PRCP;CAVIN2;GNG11;CD34;MEIS2;PIEZO2;TCIM;ESAM;NRP1;ADGRL4;ADGRF5;FLT1;APLNR;KDR;EMCN,anal_pc5_c21_S1.filtered.gene_spectra_score.k_3.dt_0_01.txt
3,1,NEUROTYPES_HRGL1,1.9968190337498026,0.0,4.664590049696562e-05,prerank,0.5357731437045276,0.005,78/152,26.40%,BMP7;ELN;DCN;LAMB2;COL18A1;COL4A5;ANTXR1;RGMA;APCDD1;FAT2;IGFBP5;ID4;WNT5A;NPNT;CELSR1;CLU;ARHGEF26;FGFR3;PMP22;PDPN;STON2;ITGB8;CRYAB;VSTM4;NFIB;HEY1;TSPAN11;COL21A1;IGFBP2;CCN1;AASS;NES;EPHB4;SULF2;LHFPL6;IFI6;SOX6;FOXM1;LTBP1;SCD;PLOD2;IGDCC4;VIT;PLTP;TMEM47;TTK;GASK1B;WLS;CCN2;B3GNT5;ID3;GPC4;LRP8;FLNC;SOX5;RHOJ;CADM3;IL33;CREB5;GLIS3;NCKAP5;NINJ1;LMCD1;TSPAN18;PDE1A;PDLIM3;JAM2;NDNF;FJX1;INHBB;RAI14;PDGFC;PSAT1;TWIST1;DACH1;PLSCR4;NPR3;BLVRB,anal_pc5_c21_S1.filtered.gene_spectra_score.k_3.dt_0_01.txt
3,1,RETINA_RPE,1.9933082060019611,0.0,4.6174729784875064e-05,prerank,0.5413839313440024,0.005,62/154,18.30%,C1S;COL1A2;SPARC;PXDN;BMP7;ELN;FSTL1;LAMB2;COL18A1;SERPINF1;EFEMP1;FGFR2;PRXL2A;CALD1;ABCC5;GJA1;FBN1;IGFBP7;IGFBP5;BMP4;PTGDS;TIMP2;SDC2;FLRT2;SERPINH1;TIMP3;CCDC80;MYL9;PDGFRB;FGFR3;LOXL1;PDPN;TPM2;SULF1;SFRP1;APOE;WWTR1;SLC7A2;TRPM3;SLC2A1;DDR2;CTNNAL1;SGK1;TFPI2;GPNMB;PGM5;UACA;LTBP1;COL27A1;ALDH1A3;TSPAN4;WFDC1;PLTP;ZNF503;GNG11;COLEC12;WLS;ID3;DHRS3;COL8A1;CRISPLD1;CPXM2,anal_pc5_c21_S1.filtered.gene_spectra_score.k_3.dt_0_01.txt
3,1,CTX_ASTROCYTE,1.9928195160878504,0.0,4.571298248702631e-05,prerank,0.5467592582997546,0.005,60/139,16.50%,FBLN1;CXCL14;COL6A1;DST;NTRK2;DCN;EFEMP1;ACKR3;ALCAM;MRC2;GJA1;LAMA4;PLPP3;MFGE8;HTRA1;TFPI;ID4;ADIRF;SLC7A11;NR2F1;NPNT;SPARCL1;CPE;ADGRG1;TNC;SDC2;HES4;TIMP3;CLU;NRCAM;ARHGEF26;FGFR3;APOE;ANOS1;VCAM1;NFIB;HEY1;TPPP3;NR2F2;DTNA;GPX3;MT2A;GLUL;CDC42EP4;FADS2;FRMD4A;ID1;LIFR;EDNRB;GJB6;EMID1;F3;GABBR1;PLTP;TMEM47;GASK1B;LRP4;RAMP3;WLS;SERPINE2,anal_pc5_c21_S1.filtered.gene_spectra_score.k_3.dt_0_01.txt
3,1,UNKNOWN_INP,1.9922840863442053,0.0,4.5260378700026054e-05,prerank,0.6366845268263476,0.005,28/50,15.82%,CDK1;TPX2;ECT2;CDKN2C;SERPING1;ARHGEF26;PRC1;KIF23;PHLDB2;NDC80;BIRC5;CCNB2;HJURP;FAM83D;CENPF;HSPA1A;HSPA1B;DLGAP5;KPNA2;CDCA2;SPC25;SVIL;NMU;CENPE;CKAP2L;NUF2;BUB1;UBE2C,anal_pc5_c21_S1.filtered.gene_spectra_score.k_3.dt_0_01.txt
3,1,OLFACTORY_NEUROEPITHELIUM_DENDRITIC,-1.9912201564721626,0.0,0.0004524604163419711,prerank,-0.4583742467829679,0.025,57/100,26.90%,CYBA;CORO1A;LAPTM5;CTSS;CD37;FYB1;PTPRC;LCP1;CD52;RIPOR2;ITGB2;SRGN;SERPINA1;EVI2B;NFKBIZ;JAML;CD48;TNFRSF1B;LGALS2;POU2F2;GMFG;LSP1;CYBB;CST3;MPEG1;MXD1;COTL1;SPI1;SAMSN1;FGR;PLEK;TNFAIP3;PHACTR1;MS4A6A;BCL2A1;LST1;IFI30;CLEC7A;MS4A7;EMP3;CD14;C1orf162;CFP;LYN;CARD16;FGL2;LILRB2;MNDA;CCL3;NLRP3;STX11;CPVL;FCER1G;CD68;TYROBP;CLEC12A;FCGR3A,anal_pc5_c21_S1.filtered.gene_spectra_score.k_3.dt_0_01.txt
3,1,INTESTINE_STROMAL,1.9891252701506148,0.0,4.481664949708462e-05,prerank,0.7422758812131959,0.005,14/21,16.38%,FBLN1;CXCL14;LUM;FZD10;PDGFRB;PDGFRA;ADH1B;TMEM119;ADAMTS14;ITGA11;SPON2;CH25H;DPT;LRP4,anal_pc5_c21_S1.filtered.gene_spectra_score.k_3.dt_0_01.txt
3,1,NEUROTYPES_HPERIC,1.9855931051998446,0.0,4.4381536395171174e-05,prerank,0.502624096178623,0.005,207/451,22.62%,GPC1;C1S;COL1A2;COL6A1;COL3A1;SPARC;KRT17;PXDN;COL4A2;EPHX1;FSTL1;DCN;LAMB2;A2M;GSN;COL18A1;LUM;NOTCH3;TBX2;ANTXR1;COL4A1;SYCP2;CALD1;MRC2;LAMC1;TGFBI;ARHGEF4;NID1;FBN1;LAMA4;EMILIN1;COL5A2;IGFBP7;MFGE8;FN1;EHD2;PTN;ITIH5;TFPI;MXRA5;LAMB1;NQO1;GABRE;PRKG1;THY1;TIMP2;ADGRA2;CDH11;PCOLCE;NFATC4;SPARCL1;TNS2;OSMR;PTGR1;LRP1;FARP1;SVEP1;PCDH18;BCL6;SERPINH1;CFH;SNAI2;HES4;ITGB5;GJC1;SULT1E1;MYL9;SERPING1;IGFBP4;BGN;LAYN;CRISPLD2;PDGFRB;PAMR1;FRMD6;RBPMS;CD248;PMP22;CAV2;JAG1;RBMS3;KIRREL1;IFITM3;TPM2;LAMA2;FOXQ1;APOE;ACTA2;MGP;ARHGEF17;GP1BB;FOXD1;MELTF;TNS1;EGR1;TAGLN;OLFML2A;VSTM4;GGT5;WWTR1;ADAMTS1;PLEKHH2;ECE1;COL21A1;EPHA2;CCN1;RUNX1;PLAT;PPFIBP1;OLFML3;GLT8D2;NID2;NR2F2;PER1;PRELP;LYPD3;SPRY1;LRIG1;CSPG4;MSRB3;MMP11;CCDC3;MCAM;HSPA2;EPHB4;MT2A;CTSK;CDC42EP2;FGD5;PHLDA1;LAMC3;MAP3K20;MYLK;LHFPL6;CALCRL;TJP1;PLA2R1;ISYNA1;GPNMB;SVIL;C11orf96;UACA;EPB41L2;CCL2;OLFML1;PLVAP;HTRA3;DRAM1;FLNA;MTUS1;CLEC11A;F3;SPRED1;ITGA11;SPON2;SMTN;ARHGAP29;PLTP;GUCY1B1;EFEMP2;GNG11;COLEC12;SRPX;GUCY1A1;HSPB8;DAAM2;ID3;TEAD4;FILIP1L;C1QTNF1;ABCA1;PDE5A;LRRC32;LOXL2;C16orf89;PTPRM;RGS5;PPP1R14A;AXL;CAVIN3;JUN;UNC5B;ADAM12;PIEZO2;RHOJ;CYP4X1;SORBS1;EPAS1;CPED1;COX7A1;IL1R1;ADAM9;SOCS3;ECM2;AKAP12;FABP4;ISG15;DOCK6;RASL12;DACT1;PALD1;ADGRD1;SEMA5A;HIC1;ITGA8;KLF9;NCOA7,anal_pc5_c21_S1.filtered.gene_spectra_score.k_3.dt_0_01.txt
3,1,OLFACTORY_NEUROEPITHELIUM_OLFACTORY_ENSHEATHING_GLIA,1.9831159404032632,0.0,5.27457490234919e-05,prerank,0.5943284462178918,0.006,30/70,16.54%,SPARC;NTRK2;DKK3;ALDH1A1;MFGE8;PTN;ITIH5;PTGDS;NR2F1;ABCA8;PDLIM4;TIMP3;CLU;EDIL3;PMP22;IFITM3;APOE;ITGB8;CRYAB;CNN3;MT2A;ZEB2;FADS2;VWA1;IFI6;SCD;SCN9A;SOD3;SERPINE2;SNCG,anal_pc5_c21_S1.filtered.gene_spectra_score.k_3.dt_0_01.txt
3,1,HEART_LEFT_VENTRICULAR_CARDIOMYOCYTE,1.9810044834540115,0.0,6.0950643316035084e-05,prerank,0.723194890860611,0.007,22/24,25.24%,CXCL14;COL3A1;GJA1;SOX4;TFPI;TM4SF1;THY1;ANXA1;ENG;BRIP1;HAPLN1;PHLDA1;CCL2;PLVAP;CTHRC1;RAMP2;PLK2;ESAM;PLXND1;ECSCR;POSTN;EMCN,anal_pc5_c21_S1.filtered.gene_spectra_score.k_3.dt_0_01.txt
3,1,IRIS_CILIARY_BODY_WIF1_HIGH_FIBROBLASTS,1.980884826154603,0.0,6.900072828230387e-05,prerank,0.6288953428647727,0.008,30/51,26.28%,DPYSL3;LUM;CALD1;AKR1C3;TGFBI;PLPP3;ADIRF;NR2F1;CDH11;PRRX1;SCARA5;PAPPA;LSAMP;TGIF1;LAMC3;FHL1;SOD3;ZNF703;ARRDC3;CSRP1;ADAMTSL3;TUBB4B;HIC1;KLF9;MT1X;CYP1B1;TMEM45A;ARID5B;SEPTIN4;CDKN1A,anal_pc5_c21_S1.filtered.gene_spectra_score.k_3.dt_0_01.txt
3,1,AIRWAY_SMOOTH_MUSCLE,1.980533711782757,0.0,6.835586166284309e-05,prerank,0.5671615897919182,0.008,56/91,25.90%,BCAM;MYH11;ANTXR1;IGFBP7;IGFBP5;CDH13;TM4SF1;ID4;LIMS2;MAP1B;HES4;MYL9;CAV2;TPM2;ACTA2;CAV1;CRYAB;TAGLN;MSRB3;MCAM;CRIP2;DSTN;TGFB1I1;MYLK;TSPAN2;ISYNA1;ACTG2;FLNA;EDNRB;RCAN2;SYNPO2;TGM2;WFDC1;CNN1;SOD3;LMOD1;SPEG;DES;SNCG;PPP1R14A;THSD4;SORBS1;EPAS1;CPED1;CSRP1;COX7A1;ESAM;NEXN;C12orf75;RAMP1;ITGA7;NET1;NTRK3;LDB3;TPM1;NTF3,anal_pc5_c21_S1.filtered.gene_spectra_score.k_3.dt_0_01.txt
3,1,IRIS_CILIARY_BODY_MGP_HIGH_FIBROBLASTS,1.9787164625269553,0.0,6.772293701781676e-05,prerank,0.6368578905549419,0.008,19/45,9.54%,AKR1C2;LTBP4;SERPINF1;COL1A1;CALD1;TGFBI;SOX4;LAMA4;TFPI;MXRA8;BGN;RBMS3;PDPN;BMP1;CP;GGT5;SCARA5;CNN3;NR2F2,anal_pc5_c21_S1.filtered.gene_spectra_score.k_3.dt_0_01.txt
3,1,IGFBP1_DKK1_POSITIVE,1.9758993145296135,0.0,6.710162566902945e-05,prerank,0.5787603477392583,0.008,52/86,28.70%,DCN;RBP1;LUM;MFAP4;MMP2;PLPP3;WNT5A;THY1;MXRA8;CFD;SERPING1;IGFBP4;ABI3BP;CRISPLD2;CD248;LTBP2;PLPP1;ADAMTS1;SCARA5;CTSK;CPXM1;SULF2;SSC5D;OSR2;ISLR;CILP;SPTSSA;TGM2;SPON2;IGFBP6;LMOD1;SNX21;APOL1;C1QTNF1;GASK1A;ATP13A3;MMP19;DKK1;AOX1;DEPP1;CHRDL1;S100A3;VASN;SPSB1;TMEM45A;HSPB6;APOD;IRS2;HSD11B1;PGR;PALMD;RTL10,anal_pc5_c21_S1.filtered.gene_spectra_score.k_3.dt_0_01.txt
3,1,PUTATIVE_LYMPHOID_PRIMED_MULTIPOTENT_PROGENITOR,-1.9701128435094086,0.0,0.0005716279130097006,prerank,-0.5244322864983505,0.032,18/51,10.22%,ITM2C;ARHGAP30;RASGRP2;CD74;CYTIP;PIM2;CD52;SPN;HSH2D;SELL;MZB1;CD48;RNASET2;PROM1;GLIPR1;ARHGAP25;RCSD1;FAM30A,anal_pc5_c21_S1.filtered.gene_spectra_score.k_3.dt_0_01.txt
3,1,CORNEA_FIBROBLASTS,1.968274950599742,0.0,6.64916108902201e-05,prerank,0.5963446220468936,0.008,33/62,15.90%,AKR1C2;COL6A3;LAMB2;MFAP4;LAMC1;TFPI;TM4SF1;DPYSL2;PDLIM4;FBLN5;TSHZ2;CCDC80;MYL9;LTBP2;RBMS3;PRRX1;TPM2;FTL;COL12A1;TNS1;IGFBP3;SNCA;CNN3;MYLK;THBS1;CTNNAL1;CLDN5;PLOD2;CTHRC1;TSPAN4;RAMP2;EFEMP2;CEBPB,anal_pc5_c21_S1.filtered.gene_spectra_score.k_3.dt_0_01.txt
3,1,NEUROTYPES_HRGL2A,1.9664737223192028,0.0,6.589258736868658e-05,prerank,0.5092557736958468,0.008,115/274,20.44%,GPC1;KRT17;NTRK2;BMP7;ELN;LAMB2;COL4A5;MFAP4;EFEMP1;ANTXR1;RGMA;DKK3;MRC2;FAT2;TCF4;GJA1;ARHGEF4;PHGDH;LAMA4;PLPP3;MFGE8;HTRA1;PALLD;CDH13;NFIX;PLXNB1;ID4;ADIRF;SLC7A11;OBSL1;KRT14;SPARCL1;MXRA8;PCDH7;CELSR1;LRP1;ADGRG1;TNC;SFRP2;SERPINH1;TUBB2B;HES4;TIMP3;CLU;ITGB5;ARHGEF26;ADAM33;FGFR3;PMP22;JAG1;PDPN;PTPRZ1;STON2;SFRP1;ANOS1;ITGB8;EGR1;CRYAB;VCAM1;NFIB;EMP1;IGFBP2;CCN1;PDZRN3;AASS;PER1;SH3PXD2B;DTNA;BOC;SPRY1;LRIG1;AFF2;CDC42EP4;AIF1L;FADS2;MAMDC2;PPT1;SOX6;LIFR;LTBP1;FHL1;COL27A1;SCD;CCL2;EDNRB;FABP5;F3;SPRED1;PLTP;TMEM47;HAS2;PRCP;EFEMP2;IRX4;GASK1B;PDE1C;WLS;SERPINE2;MCTP1;HSPB8;CCN2;GPC4;COL8A1;CRISPLD1;MASP1;CPXM2;DCLK1;JUN;THSD4;FLNC;SORBS1;CREB5;GLIS3;NCKAP5;TCIM,anal_pc5_c21_S1.filtered.gene_spectra_score.k_3.dt_0_01.txt
3,1,CL7_ANGEIOGENIC_ENDOTHELIAL,1.9638038089389804,0.0,6.530426069575189e-05,prerank,0.5492698345679272,0.008,64/122,22.14%,BCAM;SPARC;A2M;GSN;TCF4;IGFBP7;FN1;TFPI;TM4SF1;CAVIN1;ADIRF;SPARCL1;CPE;RHOB;TIMP3;CLU;IGFBP4;TNFSF10;CAV2;IFITM3;CAV1;MGP;NNMT;EGR1;NFIB;PRSS23;EMP1;ENG;HSPA2;MT2A;CRIP2;HSPA1B;VWF;CLDN5;ID1;IFI6;CALCRL;LIFR;MTUS1;TSPAN4;EGFL7;ARHGAP29;RAMP2;CYYR1;PRCP;CAVIN2;MX1;GNG11;ARRDC3;RAMP3;CLEC14A;CD34;CCN2;ID3;LDB2;JUN;PLK2;EPAS1;ESAM;LMCD1;SOCS3;ISG15;DEPP1;ADGRL4,anal_pc5_c21_S1.filtered.gene_spectra_score.k_3.dt_0_01.txt
3,1,PLACENTA_MYELOID,-1.9623928433194116,0.0,0.0006172024140869964,prerank,-0.4502843205258091,0.035,66/112,29.00%,PADI2;CD74;CIITA;FGD2;CD28;LGALS2;CYBB;CTSZ;MPEG1;TLR6;SCIMP;LY86;SIGLEC10;RUBCNL;LAIR1;THEMIS2;LYZ;MILR1;CD83;SLC7A7;TLDC2;ACP5;PPM1M;TNFAIP8L2;MS4A6A;BCL2A1;RNASE6;TFEC;LST1;C3AR1;CLEC7A;HCK;MS4A7;TLR7;CD14;C1orf162;TMEM273;FPR3;P2RX7;ADAP2;SLAMF8;IL4I1;FGL2;STAB1;LILRB2;MNDA;CD86;CD163L1;NLRP3;LRRC25;SLC37A2;SIGLEC9;GPR141;CPVL;SIGLEC1;CD163;TYROBP;FCGR3A;C1QC;SIRPB2;RASSF4;CLEC9A;HPGDS;PRAM1;HK3;C1QA,anal_pc5_c21_S1.filtered.gene_spectra_score.k_3.dt_0_01.txt
3,1,NEUROTYPES_HRGL2C,1.9569349204573174,0.0,9.708952032642757e-05,prerank,0.5241552752526695,0.012,67/159,21.44%,KRT17;ELN;LAMB2;MRC2;ARHGEF4;PHGDH;PLPP3;FBLN2;PTN;HTRA1;NUSAP1;CDH13;NFIX;SLC7A11;NPNT;SPARCL1;UHRF1;PCDH7;LRP1;ADGRG1;TNC;ZWINT;ITGB5;FGFR3;FANCI;PMP22;PDPN;PTPRZ1;ANOS1;MYBL2;ITGB8;EGR1;PLEKHH2;SDC3;IGFBP2;PLAT;BIRC5;DTNA;CENPF;SPRY1;LRIG1;NES;MT2A;NAV1;MYLK;FOXM1;LIFR;COL27A1;INKA2;EDNRB;FABP5;F3;SPRED1;WFDC1;PLTP;HAS2;PDE1C;SERPINE2;LRP1B;DCLK1;THSD4;PIEZO2;RHOJ;CREB5;SEC14L2;GLTP;LMCD1,anal_pc5_c21_S1.filtered.gene_spectra_score.k_3.dt_0_01.txt
3,1,PLACENTA_IGFBP1_DKK1_POSITIVE,1.9541377093326477,0.0,9.623785786742382e-05,prerank,0.5825354764910179,0.012,48/75,28.52%,C1R;RBP1;LUM;IGFBP5;MFGE8;WNT5A;THY1;MXRA8;HOXD10;CFD;IGFBP4;CRLF1;CD248;PLPP1;WNT4;MELTF;GGT5;SCARA5;SDC3;IGFBP2;CTSK;CPXM1;SULF2;SSC5D;OSR2;C11orf96;ISLR;ALDH1A3;CILP;IGFBP6;CHRD;GRIA3;TRPC4;DKK1;COX7A1;AOX1;SPOCK1;CYP1B1;CHRDL1;RAMP1;S100A3;TMEM45A;NPR3;HSPB6;APOD;TMEM132C;HSD11B1;PGR,anal_pc5_c21_S1.filtered.gene_spectra_score.k_3.dt_0_01.txt
3,1,ENDOTHELIAL_CELLS_AVR,1.9487748374106595,0.0,9.540100692944624e-05,prerank,0.6165537691171619,0.012,39/49,28.96%,TCF4;PLPP3;IGFBP7;IGFBP5;FN1;PBX1;TFPI;TIMP3;RBMS3;IFITM3;FTL;PLAT;PPFIBP1;CNN3;ENG;MT2A;ID1;EGFL7;TGM2;ARHGAP29;CAVIN2;DOCK4;NAMPT;MEIS2;LDB2;PTPRM;ADAMTS9;KALRN;EPAS1;TCIM;FTH1;ADGRL4;ADGRF5;FLT1;EMCN;SH3BP5;PTPRB;ST6GALNAC3;TLL1,anal_pc5_c21_S1.filtered.gene_spectra_score.k_3.dt_0_01.txt
3,1,MARROW_ERYTHROBLAST,1.9446186431437598,0.0,0.00010246013316057623,prerank,0.5168788167570852,0.013,96/203,22.66%,BCAM;GCLC;COL18A1;MCM2;ALDH1A1;A4GALT;AKR1C3;ABCC5;SPHK1;TXNRD1;MCM4;TNXB;CDK1;CENPU;NFIX;ECT2;CDT1;ANLN;PTTG1;FANCI;FANCA;NCAPG;MCM6;PRC1;TK1;RIPOR3;SPTBN2;CIT;NCAPG2;KIF23;TNS1;TROAP;RRM2;SNCA;RECQL4;CENPW;RAD54L;DTL;CCNB2;ENG;GRB10;SLC2A1;FAM83D;CCNB1;CDC45;CENPP;CNKSR3;PCLAF;EPHB4;HMMR;MELK;DLGAP5;CKAP2;KIF20A;KIF2C;KIF18A;CDCA2;PLEKHH3;FADS2;CKS2;CDC20;CTNNAL1;ORC6;CDCA3;SOX6;PLK1;SPTB;SPAG5;SLC7A1;CENPE;TGM2;POLQ;BUB1;TUBA1C;KNSTRN;DEPDC1;TTK;NEK2;DIAPH3;TFRC;HSPH1;POLA1;EXO1;SNRPD1;KCNH2;C1orf198;TUBB4B;KIF20B;NIBAN2;PRKAR2B;ARHGAP11A;SLC29A1;SLC6A8;DMTN;TMOD1;BAG2,anal_pc5_c21_S1.filtered.gene_spectra_score.k_3.dt_0_01.txt
3,1,IRIS_CILIARY_BODY_MEG3_HIGH_FIBROBLASTS,1.9430591453219412,0.0,0.00010939859056724245,prerank,0.6020714702191229,0.014,30/56,23.54%,COL1A2;COL5A1;COL3A1;KRT17;ELN;MMP2;MAPK10;COL16A1;SLC7A11;CRISPLD2;ADAM33;CP;FGF7;AASS;HSPA1A;HSPA1B;NAV1;COL27A1;ARHGAP29;CH25H;KRT16;JUN;ADAM12;CYP4X1;CLIP4;ADM;HGF;HIC1;NDNF;FLT1,anal_pc5_c21_S1.filtered.gene_spectra_score.k_3.dt_0_01.txt
3,1,KIDNEY_0_CAP_MESENCHYME,1.9321926562887102,0.0,0.00012396741013430865,prerank,0.7259819625493557,0.016,13/21,10.02%,NTRK2;RBP1;PRXL2A;SOX4;LAMA4;MDK;NR2F1;TOP2A;HMGB2;SMC4;MKI67;NR2F2;CENPF,anal_pc5_c21_S1.filtered.gene_spectra_score.k_3.dt_0_01.txt
3,1,RETINA_BLOOD,1.9185277469102484,0.0,0.00016133993818950464,prerank,0.5419260255290415,0.019,41/99,17.30%,COL1A2;COL3A1;PITX1;COL1A1;TYMS;PRXL2A;MRC2;NID1;CXCL12;PCOLCE;TCF19;ANXA1;ANLN;PTTG1;BGN;FTL;RIPOR3;CIT;MKI67;TNS1;CTSB;TROAP;RRM2;SNCA;CENPW;NDC80;BIRC5;SLC2A1;CENPF;MT2A;MELK;AURKB;CKS2;SPTB;TGM2;NUF2;BUB1;UBE2C;GNG11;CREG1;TFRC,anal_pc5_c21_S1.filtered.gene_spectra_score.k_3.dt_0_01.txt
3,1,LATE_IMMATURE_ENTEROCYTES,-1.9165637886261844,0.0,0.001009845830498941,prerank,-0.49123379088646213,0.058,29/56,19.04%,ACSL5;CA2;TMEM45B;AMN;SLC4A4;CD74;CAMK2N1;MISP;CYP3A5;RBM47;SMPD3;HSD17B11;IQGAP2;BTNL8;MAOA;ATP1B1;CLIC5;CYB5A;FBP1;SLC5A1;ANPEP;GDA;TDP2;XDH;MALL;GLRX;CYSTM1;ACAA2;PNP,anal_pc5_c21_S1.filtered.gene_spectra_score.k_3.dt_0_01.txt
3,1,CEREBRUM_VASCULAR_ENDOTHELIAL,1.9121510668460715,0.0,0.0001676142691190965,prerank,0.49513129997408034,0.02,159/327,25.46%,COL6A2;BCAM;COL1A2;COL3A1;SPARC;COL4A2;FSTL1;DCN;LAMB2;ALDH3A1;COL18A1;RBP1;LUM;NOTCH3;TBX2;COL4A1;A4GALT;LAMC1;CXCL12;IGFBP7;TNXB;FN1;EHD2;ITIH5;TM4SF1;MXRA5;LIMS2;CAVIN1;NQO1;FAM43A;PCOLCE;OSMR;ANXA1;PCDH18;FOXF1;MEGF6;SERPINH1;RHOB;CFH;SNAI2;SULT1E1;SERPING1;IGFBP4;BGN;JAG2;LAYN;PDGFRB;RBPMS;CD248;CAV2;IFITM3;FOXQ1;ACTA2;CAV1;PHLDB2;MELTF;HYAL2;TAGLN;OLFML2A;GGT5;WWTR1;EPHA2;SLC2A1;PRELP;LYPD3;CCDC3;MCAM;GBP6;MT2A;CSTB;CRIP2;CTSK;CDC42EP2;MMRN2;FGD5;LAMC3;CDH5;VWA1;ERG;ID1;SRPX2;IFI6;C11orf96;UACA;OLFML1;HTRA3;FZD4;CLEC11A;SLC7A1;TGM2;EOGT;ITGA11;THBD;SPON2;NKD2;ARHGAP29;CYYR1;ZNF503;MPZL2;ZNF703;CLEC14A;CD34;PREX2;CCN2;DLC1;ID3;TFRC;C1QTNF1;LRRC32;RGS5;HMCN1;CAVIN3;UNC5B;ZNF436;LURAP1L;AFAP1L1;EPAS1;HSPA12B;DKK1;TCIM;CLEC3B;VEGFC;NIBAN2;TIE1;SLC16A1;TBX1;LMCD1;SOCS3;ADM;TEK;FABP4;ISG15;DEPP1;DOCK6;SOX18;ADGRL4;RASL12;HEG1;HIC1;SEMA3G;ECSCR;ABCA9;MT1X;FOXC2;ADGRF5;CD93;ARHGEF15;PGF;SYNM;APLNR;CCM2L;SLCO2A1;DIPK2B;KDR;DYSF;HEYL;EMCN;ADCY4;TWIST1,anal_pc5_c21_S1.filtered.gene_spectra_score.k_3.dt_0_01.txt
3,1,ADC_1,-1.9082512451414861,0.0,0.0010659967409016838,prerank,-0.44727739058372906,0.06,46/101,24.48%,AOC1;ATP8A1;IL32;TRAF1;IL7R;IGKC;PPP1R16B;MGLL;HDHD3;ISG20;P2RY10;TSPAN15;IRF4;ADAM19;TRAF5;BIRC3;CKB;LY75;CD40;CCR7;SAMD9L;RHOF;P2RY8;CYB5A;SPIB;RASGRP3;ANTXR2;ADORA2A;CD80;PLXNC1;GCSAM;SLC22A23;MAP3K14;TSPAN13;NUAK2;DUSP4;ATP6V0A2;NMRK1;APOBEC3H;ANKRD55;FAS;RASGRF1;IL4I1;GBP4;FLT3;DUSP5,anal_pc5_c21_S1.filtered.gene_spectra_score.k_3.dt_0_01.txt
3,1,OLFACTORY_NEUROEPITHELIUM_PERICYTES,1.9009583700311892,0.0,0.00018134075697332755,prerank,0.5699559198254465,0.022,44/67,25.24%,A2M;TCF4;CXCL12;TM4SF1;CAVIN1;SPARCL1;TIMP3;CLU;IGFBP4;CAV1;EMP1;PLAT;ENG;SPRY1;CRIP2;VWF;CLDN5;CALCRL;LIFR;PLVAP;EGFL7;THBD;RAMP2;CYYR1;PRCP;CAVIN2;GNG11;RAMP3;CLEC14A;CD34;ID3;FAM13C;ESAM;LMCD1;SOCS3;SOX18;ADGRL4;ECSCR;JAM2;CD93;FLT1;ACKR1;PODXL;EMCN,anal_pc5_c21_S1.filtered.gene_spectra_score.k_3.dt_0_01.txt
3,1,KIDNEY_1_EMBRYONIC_RED_BLOOD,1.898939827481031,0.0,0.0001948422204365056,prerank,0.7342614541450184,0.023,11/17,21.46%,NUSAP1;TOP2A;HMGB2;PTTG1;SMC4;MKI67;CADM1;ARL6IP1;ID3;JUN;FTH1,anal_pc5_c21_S1.filtered.gene_spectra_score.k_3.dt_0_01.txt
3,1,NEUROTYPES_HNPROG,1.8910868454609424,0.0,0.0002155571531908558,prerank,0.5399590044947392,0.026,60/95,25.66%,LAMA5;EFS;CDK1;NUSAP1;WNT5A;TPX2;TOP2A;MEGF6;HMGB2;PDPN;PRC1;MKI67;IGSF9;KIF23;ANOS1;CDKN1C;PMAIP1;TSPAN11;ASPM;DLL1;CCN1;BIRC5;CCNB2;HJURP;KIF11;FAM83D;CENPF;BOC;GTSE1;NES;PHLDA1;DLGAP5;GPSM2;KIF2C;TACC3;CDCA3;PLK1;EPHA4;KIAA1755;CKAP2L;NUF2;DEPDC1;NEK2;UBE2C;KIF15;ASPA;ABCA1;KIF14;PSRC1;CDCA8;ARHGAP11A;TSPAN18;PDE1A;SLC6A8;MT1X;NDNF;NRN1;SEMA3A;PIF1;CDC25B,anal_pc5_c21_S1.filtered.gene_spectra_score.k_3.dt_0_01.txt
3,1,THECA,1.884162380334905,0.0,0.00025068409750949916,prerank,0.6628568830841599,0.031,15/30,16.14%,COL1A2;COL3A1;SPARC;COL1A1;UCHL1;LAMA4;LAMB1;THY1;COL15A1;BGN;APOE;MT2A;LDLR;CILP;ENC1,anal_pc5_c21_S1.filtered.gene_spectra_score.k_3.dt_0_01.txt
3,1,PROXIMAL_TUBULE_EPITHELIAL_CELLS_S3,1.882465046542352,0.0,0.0002559927019273474,prerank,0.6225413990666244,0.032,14/34,10.78%,CXCL14;COL4A2;COL18A1;CALD1;SDK1;FTL;ITGB8;CTSB;TTC28;PPFIBP1;BNC2;GPX3;CNKSR3;MT2A,anal_pc5_c21_S1.filtered.gene_spectra_score.k_3.dt_0_01.txt
3,1,SEROUS,-1.8725580852838226,0.0,0.0015283107396439912,prerank,-0.49301254640574765,0.085,19/48,14.54%,ATP2A3;FAM3D;PADI2;CA2;PPP1R1B;GCNT3;CCL28;XBP1;KCNN4;SSR4;SLC12A2;FKBP11;LRRC26;PKDCC;SLC5A1;STK39;FAM107B;DMBT1;LYZ,anal_pc5_c21_S1.filtered.gene_spectra_score.k_3.dt_0_01.txt
3,1,NEUTROPHIL,-1.8699167765092377,0.0,0.0015264469460590595,prerank,-0.4001950806100626,0.086,72/201,20.64%,ARHGEF1;CORO1A;IL2RG;PADI2;ARHGAP9;CCDC88B;CTSS;ANKRD44;RESF1;HCLS1;FGD3;S100P;SRGN;SLA;LCP2;SELL;RBM47;JAML;MYO1F;CYFIP2;DOCK11;ADAM8;EMB;SMAP2;RNF213;MAST3;C16orf54;CA4;POU2F2;WAS;DENND3;CR1;NCF4;RAB27A;PREX1;ALOX5AP;HK2;IL1R2;DAPK2;PFKFB2;TLR6;BTG2;NBEAL2;PGGHG;MXD1;LRG1;FAM107B;RUBCNL;SPI1;SAMSN1;ANPEP;DOK3;ARRB2;ATG16L2;ITGAX;RASSF3;IL18RAP;PLXNC1;TMEM154;PLK3;TRIB1;TNFAIP3;VNN2;FCGR2A;IL17RA;BCL2A1;SLC2A3;F5;CDA;FGD4;CLEC7A;CTSD,anal_pc5_c21_S1.filtered.gene_spectra_score.k_3.dt_0_01.txt
3,1,ENDOCARDIAL,1.8698411648850919,0.0,0.00029749718761398075,prerank,0.6050545147863057,0.037,31/45,28.88%,ACKR3;FBLN2;CDH11;SPARCL1;HYAL2;PTHLH;ECE1;ENG;HAPLN1;MMRN2;CALCRL;CTHRC1;FZD4;THBD;RAMP2;PRCP;CPXM2;HMCN1;IL33;CLEC3B;HEG1;ECSCR;TMEM100;SMAD6;POSTN;EMCN;NPR1;LEPR;FOXC1;NBL1;GJA4,anal_pc5_c21_S1.filtered.gene_spectra_score.k_3.dt_0_01.txt
3,1,THYMUS_VASCULAR_ENDOTHELIAL,1.8691281788012626,0.0,0.0003023535849535598,prerank,0.5373308028195165,0.038,71/97,32.08%,BCAM;A2M;COL4A1;TFPI;COL15A1;CAV1;NUAK1;WWTR1;PPFIBP1;MCAM;EPHB4;FGD5;VWF;CLDN5;ERG;ID1;HOXB3;CALCRL;PGM5;PLVAP;EGFL7;TGM2;ARHGAP29;PRCP;ZNF521;CAVIN2;GASK1B;PREX2;LDB2;ADAMTS9;HMCN1;KALRN;RHOJ;EPAS1;PROX1;RASIP1;GLIS3;TIE1;HIF3A;TEK;ADGRL4;SHE;SHANK3;ECSCR;ADGRF5;FLT1;APLNR;NRN1;PODXL;DIPK2B;SEMA3A;KDR;EMCN;ADCY4;CCL21;RNF152;MMRN1;PTPRB;NOVA2;ST6GALNAC3;PALMD;GJA4;TLL1;MYO1B;ITGA6;MYCT1;ARAP3;KANK3;THSD7A;PCDH17;ABLIM3,anal_pc5_c21_S1.filtered.gene_spectra_score.k_3.dt_0_01.txt
3,1,KIDNEY_MYELOID,-1.864035524430594,0.0,0.0015577721514925503,prerank,-0.4111875418775579,0.089,78/140,29.78%,C15orf48;CYTH4;CIITA;FGD2;TNFRSF11A;GPR183;TLR10;CYBB;CCR5;CST3;IL1R2;MPEG1;LILRB1;SCIMP;SPI1;CD200R1;NOD2;CCR2;TLR1;MS4A6A;RNASE6;HAVCR2;SIGLEC5;IFI30;C3AR1;CLEC7A;ATP8B4;CSF2RA;HCK;LRRK1;MS4A7;TLR7;C1orf162;CSF1R;TMEM273;FPR3;LY96;ADAP2;SLAMF8;SIGLEC6;CD300LF;LILRB2;P2RY6;MNDA;CD86;SOWAHD;MS4A14;CD163L1;NLRP3;LRRC25;HMOX1;CD209;RUFY4;SLC37A2;SIGLEC9;CPVL;SIGLEC1;MS4A4E;CD163;TIFAB;CD68;GPR34;ACY3;LILRB5;C1QC;P2RY13;CD33;CRLF2;SIRPB2;RASSF4;CLEC9A;HPGDS;CD300E;HK3;C1QA;CCR1;ASGR2;AIF1,anal_pc5_c21_S1.filtered.gene_spectra_score.k_3.dt_0_01.txt
3,1,OLFACTORY_NEUROEPITHELIUM_OLFACTORY_HORIZONTAL_BASAL,1.86330494649245,0.0,0.0003214194081119038,prerank,0.7531467116155649,0.041,7/15,3.16%,CXCL14;BCAM;DST;KRT17;KRT15;IGFBP5;S100A2,anal_pc5_c21_S1.filtered.gene_spectra_score.k_3.dt_0_01.txt
3,1,VASCULAR_SMOOTH_MUSCLE,1.8598922701201046,0.0,0.0003331023530062383,prerank,0.5135347903998974,0.043,79/122,29.82%,EPHX1;A2M;NOTCH3;TBX2;PRXL2A;CALD1;IGFBP7;EHD2;TM4SF1;PRKG1;ADGRA2;HES4;GJC1;MYL9;BGN;CD248;CAV2;JAG1;TPM2;ACTA2;CAV1;ARHGEF17;TNS1;DCBLD2;TAGLN;ADAMTS1;CCDC102B;PDLIM7;CNN3;NR2F2;MSRB3;MCAM;HSPA2;TGFB1I1;ZEB2;MAP3K20;MYLK;LHFPL6;ISYNA1;UACA;ACTG2;RCAN2;WFDC1;CNN1;SOD3;GUCY1B1;LMOD1;GUCY1A1;DLC1;FILIP1L;LRRC32;RGS5;PPP1R14A;ASAP2;SGIP1;EPAS1;JAM3;ESAM;NRP1;HGF;RASL12;SEMA5A;HIC1;ADGRF5;ITGA7;HEYL;TPM1;PLSCR4;ADAMTS12;STK38L;RNF152;EDNRA;EGFL6;LGI4;GPM6B;GJA4;MYO1B;FHL3;PLN,anal_pc5_c21_S1.filtered.gene_spectra_score.k_3.dt_0_01.txt
3,1,OMD_POS_ENDOTHELIAL,1.8587835307995084,0.0,0.0003446055602868138,prerank,0.48785460404201064,0.045,88/233,18.72%,FBLN1;C1R;C1S;COL1A2;COL5A1;COL3A1;LTBP4;MFAP4;SEMA3F;EFEMP1;ALDH1A1;ALCAM;MRC2;CXCL12;COL5A2;FBLN2;PTN;BMP4;PTGDS;ID4;CDH11;CPE;MATN2;ABCA8;CYBRD1;FBLN5;CFH;ITGB5;CCDC80;SULT1E1;ABI3BP;LTBP2;LOXL1;CRABP2;JAG1;AHNAK2;RBMS3;SULF1;MGP;NNMT;ANOS1;TAGLN;VCAM1;NUAK1;ADAMTS1;IGFBP3;COL21A1;CCN1;TMTC1;PER1;SLIT3;LOX;IRF6;THBS1;TSPAN2;AIF1L;HOXB3;TFPI2;IFI6;ZBTB16;LDLR;PLOD2;HTRA3;CERCAM;CADM1;HMCN2;TMEM47;GUCY1B1;GCHFR;RSPO3;HAS2;RUNX1T1;MPZL2;MX1;SPEG;GASK1B;SERPINE2;GLIS2;MCTP1;GUCY1A1;CCN2;APOL1;FILIP1L;CRISPLD1;CPXM2;DSE;CSF1;HMCN1,anal_pc5_c21_S1.filtered.gene_spectra_score.k_3.dt_0_01.txt
3,1,UNKNOWN_NOVEL_PT_CFH_POS_SUBPOPULATION_S2,1.8581751251159981,0.0,0.0003419749834907312,prerank,0.5975137688497212,0.045,23/43,23.96%,DST;PALLD;CFH;TSHZ2;EDIL3;RBMS3;ITGB8;TTC28;L3MBTL4;BNC2;SLIT3;WWOX;FRMD4A;ZBTB16;SVIL;ARHGAP29;BICC1;CCN2;KCNT2;PLCB4;PDE1A;FER;TMEM178B,anal_pc5_c21_S1.filtered.gene_spectra_score.k_3.dt_0_01.txt
3,1,HEART_TRABECULAR_ATRIAL_CARDIOMYOCYTE,1.8479712518843485,0.0,0.000401720149128413,prerank,0.5594617106880277,0.054,33/62,23.02%,GPC1;DST;COL4A2;LAMB2;COL18A1;DKK3;ABCC5;MDK;LAPTM4B;MEIS1;CPE;ADGRL2;TIMP3;JAG1;DCBLD2;NID2;SLC2A1;NES;PAM;COL4A6;SVIL;LTBP1;SCD;PLOD2;WLS;ATP13A3;FLNC;VEGFA;DMD;SLC16A1;HEG1;CDH2;CACNA1C,anal_pc5_c21_S1.filtered.gene_spectra_score.k_3.dt_0_01.txt
3,1,LYMPHATIC,1.846853908155656,0.0,0.00040557382958414324,prerank,0.5122598256272337,0.055,78/142,27.66%,COL6A2;LTBP4;ELN;MFAP4;MMP2;EFEMP1;DKK3;MFAP2;LAMC1;SPHK1;TGFBI;LAMA4;EMILIN1;NTN1;IGFBP7;IGFBP5;FN1;GSTA4;NR2F1;TIMP2;PDLIM4;MAP1B;MEGF6;CFH;TSHZ2;CLU;CCDC80;LAYN;FRMD6;PDPN;STON2;SFRP1;NNMT;PHLDB2;GGT5;PPFIBP1;GLT8D2;NR2F2;LOX;HOXD9;SMAD1;PGM5;FABP5;SCN9A;SLC7A1;FSCN1;COLEC12;SNCG;IGF1;NRP2;RARRES2;FLNC;PIEZO2;RHOJ;HOMER3;C1orf198;CREB5;PROX1;TBX1;PDE1A;AKAP12;FABP4;DMTN;GAS7;C6orf141;CHRDL1;PDGFC;DIPK2B;SEMA3A;CCL21;ARID5B;CHST15;RAB3IL1;MMRN1;SEMA3D;APOD;FLT4;PDE2A,anal_pc5_c21_S1.filtered.gene_spectra_score.k_3.dt_0_01.txt
3,1,CD4_T,-1.8413374226626413,0.0035211267605633804,0.002030469982669874,prerank,-0.5849265694994853,0.118,11/22,11.26%,CD6;THEMIS;CD5;GPR183;CD4;SUSD3;SIT1;ICOS;CCR7;CD40LG;TRAT1,anal_pc5_c21_S1.filtered.gene_spectra_score.k_3.dt_0_01.txt
3,1,MARROW_PLASMA,-1.827179603318702,0.0,0.002362588602226123,prerank,-0.4853443183042626,0.137,29/51,21.62%,PARM1;JCHAIN;TXNDC5;IGKC;TXNDC11;XBP1;SSR4;HERPUD1;MZB1;SLAMF7;FKBP11;UBE2J1;FCRL5;IGHA1;DERL3;IGHA2;BHLHE41;DNAJB9;SCNN1B;RASGRP3;SEC11C;SDF2L1;HID1;HSP90B1;IGHG1;IGHM;JSRP1;AMPD1;ERLEC1,anal_pc5_c21_S1.filtered.gene_spectra_score.k_3.dt_0_01.txt
3,1,COL20A1_POS_SCHWANN,1.8267365968460514,0.0013333333333333333,0.0005390038233544893,prerank,0.592330913858299,0.074,19/41,19.30%,ELN;COL6A3;ALDH1A1;TGFBI;FBN1;IGFBP7;NFIX;ITGA2;ANXA1;BGN;ENG;IL1RAP;FST;ALDH1A3;TFAP2C;SRPX;LMO3;HMCN1;AFAP1L1,anal_pc5_c21_S1.filtered.gene_spectra_score.k_3.dt_0_01.txt
3,1,CL9_PUTATIVE_APOPTOTIC_ENDOTHELIAL,1.8233870466392865,0.0,0.0005688726709496608,prerank,0.5041946501452733,0.078,87/141,32.36%,BCAM;SPARC;A2M;GSN;TCF4;TXNRD1;LAMA4;PLPP3;IGFBP7;TFPI;TM4SF1;SPARCL1;ANXA1;CLU;TNFSF10;CAV2;IFITM3;FTL;CAV1;MGP;NNMT;NFIB;PRSS23;WWTR1;EMP1;PPFIBP1;ENG;MAST4;HSPA1A;CNKSR3;TGIF1;HSPA2;MT2A;CRIP2;SMAD1;THBS1;VWF;CLDN5;ERG;IFI6;CALCRL;LIFR;CTHRC1;MTUS1;NDRG1;ARHGAP29;TUBA1C;MX1;GNG11;GASK1B;ARRDC3;CLEC14A;ARL6IP1;CCN2;NAMPT;CARHSP1;LDB2;EPAS1;TUBB4B;ESAM;SOCS3;ISG15;DEPP1;ADGRL4;NCOA7;ACKR1;SOD2;EMCN;LAP3;SH3BP5;CDKN1A;TMEM255B;IFIT3;PTPRB;TNFRSF12A;IFIT1;TM4SF18;MYCT1;GADD45A;TSC22D1;HLX;IFI44L;IFI27;SOX17;PCDH17;AQP1;PDLIM5,anal_pc5_c21_S1.filtered.gene_spectra_score.k_3.dt_0_01.txt
3,1,ASPN_POS_CHONDROCYTE,1.8144366465497386,0.0,0.0006991397321545202,prerank,0.5343689503497453,0.096,49/80,30.30%,NTRK2;SERPINF1;EFEMP1;FGFR2;THBS2;TM4SF1;MXRA5;EYA2;COL15A1;CFH;PDPN;PRRX1;COL12A1;ANOS1;BOC;HAPLN1;CTSK;FST;ERG;SOX6;CTHRC1;DPT;MPZL2;RBP4;LDB2;TWIST2;COL8A1;CRISPLD1;THSD4;STEAP2;CYP1B1;AR;JAM2;TMEM100;PDGFC;ASPN;TWIST1;FIBIN;STEAP1;RHOD;LRRN1;GFPT2;FOXC1;PDGFRL;INHBA;PI15;PDGFD;FNDC1;THBS3,anal_pc5_c21_S1.filtered.gene_spectra_score.k_3.dt_0_01.txt
3,1,OLFACTORY_NEUROEPITHELIUM_SUSTENTACULAR,-1.813505756647183,0.003436426116838488,0.002718971432157333,prerank,-0.5462091984151025,0.156,11/28,11.38%,FAM3D;VSIG2;AGR2;MUC1;TSPAN1;ELF3;S100P;TFF3;CLDN4;KRT8;CYB5A,anal_pc5_c21_S1.filtered.gene_spectra_score.k_3.dt_0_01.txt
3,1,LIPOFIBROBLAST,1.8085115211366838,0.0,0.0008074848001357933,prerank,0.5070457578775615,0.112,60/107,29.28%,C1S;COL3A1;SERPINF1;COL1A1;GJA1;CXCL12;GLI3;THBS2;PDLIM4;TSHZ2;CCDC80;IGFBP4;RDH10;PDPN;C3;NNMT;BNC2;FGF7;PAPPA;TGIF1;MT2A;PHLDA1;CPXM1;SULF2;SGK1;TFPI2;LDLR;GPNMB;ALDH1A3;SPTSSA;TUBA1C;RSPO3;HAS2;OSR1;CEBPB;SRPX;SERPINE2;NAMPT;C1QTNF1;ATP13A3;CFI;MMP19;VEGFA;IL1R1;SOCS3;C7;KLF9;NCOA7;CYP1B1;RND3;ERRFI1;TWIST1;SH3BP5;CDKN1A;APOD;GFPT2;PLAUR;NFIL3;PI15;NGFR,anal_pc5_c21_S1.filtered.gene_spectra_score.k_3.dt_0_01.txt
3,1,IRIS_CILIARY_BODY_CILIARY_BODY,1.80530514009502,0.0,0.0008546340204096224,prerank,0.5722991137176825,0.117,32/52,26.18%,CLCA2;DKK3;PHGDH;NQO1;ADIRF;THY1;SDC2;CYBRD1;CCDC80;FGFR3;SFRP1;HSPG2;DCBLD2;PDGFRA;TRPM3;SLIT3;CCDC3;COL4A6;MFAP5;CERCAM;WLS;CARHSP1;TFRC;PROX1;P4HA2;LMCD1;RND3;CHRDL1;MAGI1;DYNC1I1;S1PR3;ME1,anal_pc5_c21_S1.filtered.gene_spectra_score.k_3.dt_0_01.txt
3,1,ENTEROCYTE_PROGENITOR_SUBTYPE,-1.8025247510261235,0.0,0.0029723008867559002,prerank,-0.47442699802246696,0.171,22/49,20.04%,AOC1;IL32;SULT1B1;CD24;EMB;NR5A2;RARRES1;PRSS3;FBP1;ENPP4;POF1B;DMBT1;SLC7A7;SEC11C;GLRX;ACP5;RAB25;DPP4;PNP;RNASE6;TSPAN13;IFI30,anal_pc5_c21_S1.filtered.gene_spectra_score.k_3.dt_0_01.txt
3,1,AIRWAY_FIBROBLAST,1.8011185592800574,0.0,0.0009011048346363459,prerank,0.654521242140576,0.123,13/24,15.86%,CXCL14;NTRK2;SERPINF1;ALDH1A1;NPNT;TNC;CFH;FGF7;GPX3;COL4A6;NKD2;DPT;CAVIN2,anal_pc5_c21_S1.filtered.gene_spectra_score.k_3.dt_0_01.txt
3,1,PLACENTA_VASCULAR_ENDOTHELIAL,1.7992988221168527,0.0,0.0009207900758101015,prerank,0.5445378039409823,0.127,44/70,28.64%,CDH13;ARHGEF26;RASSF9;HEY1;CDH5;CLDN5;ERG;PLVAP;EGFL7;RAMP2;CYYR1;ZNF521;PDE1C;CLEC14A;CD34;LDB2;RHOJ;IL33;PKN3;RASIP1;JAM3;TIE1;TEK;SOX18;ADGRL4;SHE;SHANK3;ECSCR;ADGRF5;CD93;ARHGEF15;HECW2;NDNF;APLNR;CCM2L;DIPK2B;KDR;TMEM255B;ROBO4;BCL6B;THSD1;NOVA2;ST6GALNAC3;JCAD,anal_pc5_c21_S1.filtered.gene_spectra_score.k_3.dt_0_01.txt
3,1,MUSCLE_PCV_ENDOTHELIAL,1.7967960210397562,0.0,0.0009596484266779993,prerank,0.5230771851387385,0.132,47/89,24.46%,BCAM;AKR1C3;TM4SF1;CAVIN1;ADIRF;SPARCL1;HMGB2;TSHZ2;CLU;IGFBP4;IFITM3;HYAL2;NUAK1;PLAT;CRIP2;MMRN2;SMAD1;ERG;ID1;CALCRL;LIFR;PLVAP;MTUS1;FABP5;EGFL7;NDRG1;CYYR1;PRCP;GNG11;RAMP3;SNCG;ARL6IP1;ID3;LDB2;PLK2;ADAM15;IL33;LMCD1;SOCS3;SOX18;ADGRL4;ECSCR;JAM2;CD93;ACKR1;APLNR;NRN1,anal_pc5_c21_S1.filtered.gene_spectra_score.k_3.dt_0_01.txt
3,1,CTX_BRAIN_MYELOID,-1.7967745722061492,0.0,0.003141720600018159,prerank,-0.4266000176484942,0.183,34/91,15.88%,APOBR;ITGAL;ADGRE5;CTSS;CD74;PLCB2;ADA2;CD52;RIPOR2;NLRP1;CXCR4;SERPINA1;NFKBIZ;JAML;MYO1F;PLAC8;CD48;POU2F2;TNFRSF14;LSP1;DOK2;ARHGEF2;IRF1;SCIMP;COTL1;SPI1;FGR;TSPAN32;HCST;LYZ;PLEKHO1;CRIP1;ITGAX;TMEM131L,anal_pc5_c21_S1.filtered.gene_spectra_score.k_3.dt_0_01.txt
3,1,CEREBELLUM_VASCULAR_ENDOTHELIAL,1.7946907994254104,0.0,0.0009979594768294475,prerank,0.46171715242095396,0.137,201/366,31.10%,COL6A2;BCAM;COL3A1;SPARC;COL4A2;FSTL1;LAMB2;ALDH3A1;COL18A1;NOTCH3;TBX2;COL4A1;APCDD1;CALD1;LAMC1;NID1;IGFBP7;TNXB;FN1;EHD2;ITIH5;TM4SF1;CAVIN1;FAM43A;SLC7A11;ADGRA2;PCOLCE;OSMR;ANXA1;PCDH18;FOXF1;SERPINH1;RHOB;CFH;SNAI2;SULT1E1;MYL9;IGFBP4;BGN;LAYN;PDGFRB;PAMR1;RBPMS;CD248;CAV2;IFITM3;FOXQ1;ACTA2;CAV1;HSPG2;FOXD1;PHLDB2;MELTF;HYAL2;TAGLN;OLFML2A;GGT5;WWTR1;ECE1;EPHA2;CCN1;ECM1;ENG;SLC2A1;PRELP;LYPD3;CCDC3;MCAM;GBP6;CRIP2;CTSK;CDC42EP2;MMRN2;FGD5;LAMC3;TGFB1I1;CDH5;VWF;VWA1;CLDN5;ERG;ID1;SRPX2;IFI6;UACA;OLFML1;HTRA3;FZD4;CLEC11A;EGFL7;SLC7A1;TGM2;ITGA11;THBD;NKD2;SMTN;ARHGAP29;RAMP2;ZNF503;EFEMP2;CAVIN2;GNG11;CD34;CCN2;DAAM2;DLC1;ID3;TFRC;TEAD4;C1QTNF1;LRRC32;C16orf89;RGS5;PPP1R14A;CAVIN3;UNC5B;PEAR1;AFAP1L1;EPAS1;HSPA12B;CSRP1;RASIP1;SERPINE1;TCIM;CLEC3B;COX7A1;IL1R1;DENND2C;NIBAN2;TIE1;SLC16A1;TBX1;PRSS12;ESAM;LMCD1;ADM;TEK;FABP4;ISG15;DEPP1;SOX18;ADGRL4;RASL12;HEG1;HIC1;SEMA3G;SHE;SHANK3;ECSCR;MT1X;FOXC2;ADGRF5;CD93;ARHGEF15;FLT1;PGF;SYNM;APLNR;CCM2L;PODXL;SLCO2A1;DIPK2B;KDR;HEYL;EMCN;ADCY4;TWIST1;S1PR3;NDUFA4L2;ROBO4;EDNRA;IFIT3;TBX3;RHOD;BCL6B;PTPRB;FLT4;THSD1;SLC1A4;FOXC1;NOS3;TRPC6;PALMD;JCAD;ANGPTL4;GJA4;IFIT1;MYO1B;FHL3;SHC1;TM4SF18;MYCT1;ARAP3;GADD45A;PTH1R;HES1;JPH2;HLX;KANK3;FILIP1;STC2,anal_pc5_c21_S1.filtered.gene_spectra_score.k_3.dt_0_01.txt
3,1,MESOTHELIAL,1.786674701186555,0.0,0.0010868821010901362,prerank,0.4565499747127666,0.15,182/375,29.64%,DPYSL3;COL3A1;LAMA5;ELN;RBP1;EFEMP1;RGMA;COL1A1;MFAP2;GSTM3;CDH3;GJA1;ARHGEF4;PHGDH;COL5A2;IGFBP5;HTRA1;THBS2;PALLD;DDR1;CLDN1;TM4SF1;ID4;CAVIN1;NQO1;ODC1;NPNT;ECT2;PDLIM4;PPL;MEGF6;KRT19;ITGB4;CCDC80;IGFBP4;ARHGEF26;ABI3BP;RDH10;PDPN;SULF1;C3;IGSF9;MGP;NNMT;PODN;COL12A1;MELTF;ITGB8;DCBLD2;EGR1;CRYAB;TMEM132A;VCAM1;LAMA3;PRSS23;PTPRU;KLK10;NSG1;COL21A1;KLK11;CENPW;BNC2;PAPPA;MAST4;SLIT3;PPP2R2C;BOC;LSAMP;CNKSR3;TGIF1;MT2A;HSPA1B;IL1RAP;LOX;CPXM1;KPNA2;SULF2;FST;COL4A6;CKS2;CTNNAL1;SGK1;TFPI2;AQP3;PLOD2;ALDH1A3;FABP5;VIT;SPTSSA;KRT7;RAMP2;TUBA1C;GCHFR;RSPO3;OSR1;GNG11;SMOC2;SPEG;BICC1;ARL6IP1;NAMPT;CITED4;RBP4;TFRC;GPC4;C1QTNF1;MEIS2;C6orf132;COL8A1;ABCA1;B4GALNT4;ATP13A3;PLCB1;ADAMTS9;CFI;CAVIN3;LMO4;SNRPD1;THSD4;INMT;FLNC;LURAP1L;CYP4X1;CADM3;DKK1;SERPINE1;SERPINB4;ITPKC;IL1R1;HSD17B6;SLC16A1;CPAMD8;AOX1;SPOCK1;FABP4;HEG1;ADGRD1;NCOA7;CDH2;MT1X;TUBB2A;ARL4D;RAB7B;C2;SLPI;PODXL;RSPO1;OGN;ERRFI1;SOD2;SPSB1;KDR;TNNT1;BNC1;NTRK3;LAP3;GRIK2;MSLN;SH3BP5;CHI3L1;PTGIS;STEAP1;RAB31;FAM20A;TMEM132C;LRRN1;GFPT2;SDC4;FOXC1;EVA1C;PDGFRL;NBL1;INHBA;MSANTD3;DMKN;TNFRSF12A;SERPINB2;TLL1;PIANP;PTPRD;FNDC1;GMPR,anal_pc5_c21_S1.filtered.gene_spectra_score.k_3.dt_0_01.txt
3,1,CL8_MATURE_CUMULUS_GRANULOSA,1.7854501452535108,0.0,0.0010983813847577155,prerank,0.5000840089600394,0.152,47/120,19.32%,DPYSL3;DST;COL4A2;EPHX1;RBP1;COL4A1;MFAP2;PRXL2A;CDH3;GJA1;HTRA1;VCAN;HS6ST1;MDK;GSTA4;LIMS2;LAPTM4B;HMGB2;RHOB;TSHZ2;GREM1;HSPG2;NAV2;NREP;PRSS23;NSG1;IGFBP2;CKAP2;FST;PAM;CKS2;IFI6;AKR1B1;SCD;EPB41L2;FSCN1;AVPI1;VAT1;UBE2C;SRPX;SERPINE2;CARHSP1;ACAT2;PPP1R14A;CFI;SNRPD1;VEGFA,anal_pc5_c21_S1.filtered.gene_spectra_score.k_3.dt_0_01.txt
3,1,KIDNEY_4_PODOCYTES,1.7819232033218277,0.0,0.0011223325355435426,prerank,0.5303394380861628,0.156,30/75,15.16%,BCAM;DST;SPARC;NTRK2;BMP7;COL18A1;ALCAM;CALD1;CXCL12;HTRA1;PALLD;ITIH5;NPNT;MXRA8;SDC2;MYL9;SULF1;CDKN1C;TPPP3;NES;DSTN;CPXM1;AIF1L;CLDN5;TJP1;PLA2R1;UACA;PLOD2;ARHGAP29;PLTP,anal_pc5_c21_S1.filtered.gene_spectra_score.k_3.dt_0_01.txt
3,1,PROCRPOS_PROGENITOR,1.780613088951379,0.0,0.0011271694311869502,prerank,0.714600795120455,0.157,10/16,15.20%,MFAP4;GPC3;IGFBP5;PCOLCE;FLRT2;SFRP2;CD248;MGP;LHFPL6;RAMP2,anal_pc5_c21_S1.filtered.gene_spectra_score.k_3.dt_0_01.txt
3,1,CL11_MURAL_GRANULOSA,1.7703260738121211,0.0,0.0012874268537162515,prerank,0.48763089604268134,0.18,52/139,18.58%,DPYSL3;DST;RBP1;COL4A1;LAMC1;GJA1;TXNRD1;SOX4;VCAN;HS6ST1;MDK;GSTA4;LAPTM4B;EZH2;SERPINH1;RHOB;TSHZ2;PRSS23;PMAIP1;SNCA;IGFBP2;CCN1;PLAT;PPFIBP1;RIMKLB;GPX3;HSPA1A;TGIF1;AMOTL2;HSPA1B;PHLDA1;FST;THBS1;CKS2;CTNNAL1;SGK1;TJP1;SCD;PLOD2;VIT;F3;FSCN1;AVPI1;ENC1;SRPX;GASK1B;SERPINE2;CCN2;HSPH1;FILIP1L;DSE;CFI,anal_pc5_c21_S1.filtered.gene_spectra_score.k_3.dt_0_01.txt
3,1,ENDOTHELIAL_CELLS_AEA_AND_DVR,1.769520195846203,0.0,0.0012849054536893884,prerank,0.5150111423026921,0.181,44/81,25.24%,DST;SPARC;A2M;CALD1;TCF4;TM4SF1;TIMP3;ABI3BP;RBMS3;IFITM3;PLPP1;FTL;WWTR1;ADAMTS1;EMP1;TTC28;TMTC1;CLDN5;ID1;TJP1;UACA;MTUS1;EGFL7;DOCK4;NAMPT;HSPH1;MEIS2;LDB2;PLCB1;PTPRM;ADAMTS9;EXOC6B;THSD4;PLCB4;SOX5;EPAS1;DEPP1;ADGRL4;ADGRF5;CD93;FLT1;PODXL;ARL15;EMCN,anal_pc5_c21_S1.filtered.gene_spectra_score.k_3.dt_0_01.txt
3,1,RETINA_AMACRINE,1.768859883243648,0.0,0.0013069617811726985,prerank,0.6104320355144444,0.184,16/29,23.58%,SOX4;DPYSL2;MEIS1;TFAP2A;TUBB2B;NREP;RUNX1T1;MEIS2;ANK3;MAP2;NRP1;CCDC88A;STMN2;SRGAP3;TUBB2A;RND3,anal_pc5_c21_S1.filtered.gene_spectra_score.k_3.dt_0_01.txt
3,1,SPLEEN_MYELOID,-1.7628373878617511,0.0,0.004049164858517451,prerank,-0.4145669595483745,0.226,56/94,32.44%,AGR2;IL10RA;NABP1;PPARG;IL1R2;LILRB1;FMN1;SAMSN1;THEMIS2;RGS1;LYZ;ITGAX;CD200R1;NOD2;CLNK;MS4A6A;SIGLEC5;C3AR1;CLEC7A;CSF2RA;HCK;LRRK1;MS4A7;PID1;LY96;TIMD4;ADAP2;S100Z;CD300LF;LILRB2;MNDA;CD86;CD163L1;NLRP3;RUFY4;SIGLEC1;MS4A4E;CD163;LILRB5;DMXL2;EBI3;SIRPB2;RASSF4;CLEC9A;PRAM1;HK3;MKNK1;SIGLEC7;LGMN;VSIG4;IL10;TGFA;LILRA5;MS4A4A;OSCAR;RAB20,anal_pc5_c21_S1.filtered.gene_spectra_score.k_3.dt_0_01.txt
3,1,CEREBRUM_MEGAKARYOCYTES,-1.7619578586173064,0.0,0.004034740352660137,prerank,-0.3893942973712975,0.227,43/142,16.44%,ATP2A3;NLRC5;CD96;SIAE;LEFTY1;CD6;LAT;FERMT3;TENT5C;CDHR1;LIPH;BANK1;SKAP1;GRAP2;SLAMF6;KCNA3;RASSF7;IQGAP2;CLDN4;BTN3A2;TESPA1;DOK2;IL21R;CD69;ST3GAL4;RAB37;RHOF;MCTP2;MTERF4;CISH;IL27RA;ABCC3;ABCA2;NBEAL2;CD226;DAPP1;CCND3;TSPAN32;PLEK;CD200R1;KLRD1;LYL1;RORC,anal_pc5_c21_S1.filtered.gene_spectra_score.k_3.dt_0_01.txt
3,1,EARLY_CAP,1.7613186838596309,0.0,0.001450625310921635,prerank,0.4658983007234348,0.205,99/229,21.12%,FBLN1;ROBO1;MCM2;TYMS;PHGDH;UCHL1;MCM4;CDK1;CENPU;NUSAP1;CDH13;HS6ST1;NQO1;FAM43A;THY1;TPX2;TOP2A;EZH2;UHRF1;PTGR1;PDLIM4;ZWINT;CDT1;COL15A1;KIFC1;LMNB1;PTTG1;TUBB2B;SNAI2;EDIL3;FANCI;CENPM;NCAPG;MCM6;TPM2;TK1;MKI67;MYBL2;NEURL1B;PMAIP1;IGFBP3;CCN1;CENPW;BIRC5;CCNB2;GRB10;CCNB1;CENPF;GTSE1;PCLAF;HAPLN1;HMMR;DLGAP5;KPNA2;LIG1;KIF20A;CDC42EP4;KIF2C;NCAPD2;TACC3;THBS1;AURKB;CKS2;CDC20;ORC6;PLCXD1;CDCA3;PLK1;FOXM1;C11orf96;NAB2;PLOD2;ANP32E;CLEC11A;CENPE;HOXB4;FBXO5;KNSTRN;UBE2C;DIAPH3;CEBPB;ARRDC3;CCN2;NAMPT;ACAT2;CDCA7L;TEAD4;FASN;ABCA1;IER5L;PSRC1;VEGFA;MAPK12;HILPDA;MVK;SERPINE1;KIF20B;SLC16A1;ARHGAP10,anal_pc5_c21_S1.filtered.gene_spectra_score.k_3.dt_0_01.txt
3,1,VEIN,1.7560079384811544,0.0,0.0015500031147918857,prerank,0.5803756287476035,0.22,21/37,24.80%,PTGDS;CPE;CLU;ABI3BP;NNMT;VCAM1;PRSS23;PLAT;VWF;PRCP;SRPX;NAMPT;ADAMTS9;IL1R1;FTH1;C7;NCOA7;CYP1B1;ACKR1;SOD2;SLCO2A1,anal_pc5_c21_S1.filtered.gene_spectra_score.k_3.dt_0_01.txt
3,1,CHOROID_SCLERA_FIBROBLASTS,1.754674364206784,0.0,0.0015638651903456373,prerank,0.5139287752679841,0.223,52/79,31.60%,AKR1C2;LAMB2;GPC3;DKK3;BMP4;NFIX;TNS2;PCDH18;RHOB;STON2;BMP1;PODN;VSTM4;PTPN13;RUNX1;AASS;GLT8D2;BOC;ADAMTSL4;AMOTL2;CDC42EP4;FST;NFASC;LPAR1;ZBTB16;COL27A1;CLEC11A;FGF2;FMNL2;WLS;ZCCHC24;DSE;PIEZO2;CPED1;JAM3;IL1R1;DEPP1;BAG2;RGL1;BHMT2;ARID5B;LAP3;ME1;CEMIP;SDC4;ANKRD35;TNFRSF12A;AHI1;USP11;SCUBE2;PTPRG;PTGS2,anal_pc5_c21_S1.filtered.gene_spectra_score.k_3.dt_0_01.txt
3,1,IRIS_CILIARY_BODY_FIBROBLASTS,1.7536739851705605,0.0,0.0015715705090311007,prerank,0.5354000388060396,0.226,28/58,26.42%,FBLN1;MFAP4;NID1;FN1;MATN2;CYBRD1;BCL6;TUBB2B;IGFBP4;PLPP1;FTL;BMP1;EGR1;LAMC3;FHL1;FABP5;CEBPB;ID3;FAM13C;JUN;VEGFA;HGF;DACT1;GEM;SOD2;NTRK3;SH3BP5;NDUFA4L2,anal_pc5_c21_S1.filtered.gene_spectra_score.k_3.dt_0_01.txt
3,1,INTESTINE_ADULT_CE_OLFM4HIGH_STEM,1.752658475193068,0.0,0.0015910492605874095,prerank,0.47910610093648703,0.229,56/143,24.74%,PKP1;BCAM;COL5A1;MYH11;TBX2;ANTXR1;SDK1;LIMS2;NFATC4;UHRF1;BCL6;SLC12A4;LMNB1;CCDC80;GJC1;PDGFRB;RBPMS;LOXL1;GREM1;HSPA4L;SERPINB5;GTF2IRD1;BNC2;GPC6;CDC45;CX3CL1;COL4A6;C11orf96;OBSCN;RCAN2;CENPE;POLQ;HMCN2;TMEM47;TTK;RAMP3;GUCY1A1;FILIP1L;B4GALNT4;KIF14;ANKS1B;CPED1;ACSL1;MAP2;C7;HEG1;RHBDL3;BAG2;ABCA9;CACNA1C;WNT11;KCNH8;SYNPO;RBP7;CMYA5;VASN,anal_pc5_c21_S1.filtered.gene_spectra_score.k_3.dt_0_01.txt
3,1,IRIS_CILIARY_BODY_CRYAA_HIGH_CILIARY_BODY,1.74600072719619,0.0,0.0017754332553025704,prerank,0.5574507283440181,0.256,25/44,29.42%,RBP1;PBX1;THY1;HSPG2;EPHA2;MAST4;CRIP2;COL4A6;CKS2;CTNNAL1;ALDH1A3;LYPD6B;TGM2;CREG1;CADM3;CSNK1E;SERPINE1;JAM3;SLC16A1;SPOCK1;INHBB;S1PR3;PDZD2;ERICH5;MYO1B,anal_pc5_c21_S1.filtered.gene_spectra_score.k_3.dt_0_01.txt
3,1,5TH_WEEK_CARDIAC,1.7371331404939723,0.0,0.0020277810180142444,prerank,0.5714523040097905,0.29,14/42,14.82%,CXCL14;CES1;CDH3;UCHL1;VSNL1;KRT19;CRABP2;PDPN;TPM2;HEY1;SLC2A1;KPNA2;ISYNA1;CNN1,anal_pc5_c21_S1.filtered.gene_spectra_score.k_3.dt_0_01.txt
3,1,INTESTINE_SMOOTH_MUSCLE,1.735250874635726,0.0028328611898017,0.0020847449338032386,prerank,0.589795334256787,0.298,16/32,20.24%,MYH11;MYL9;ACTA2;TAGLN;PDLIM7;FGF7;DSTN;FST;MYLK;ACTG2;FLNA;CNN1;LMOD1;DES;RGS5;GREM2,anal_pc5_c21_S1.filtered.gene_spectra_score.k_3.dt_0_01.txt
3,1,THYMUS_THYMIC_EPITHELIAL,1.729528135729653,0.0,0.00233772720566565,prerank,0.4935269368929327,0.322,52/108,28.18%,PKP1;TP63;BMP7;FGFR2;SDK1;CDH3;FAT2;MAPK10;DSG3;PRKG1;EYA2;COL17A1;KRT19;RBMS3;HSPA4L;PAPLN;ACTA2;MYO3A;L3MBTL4;GLI2;PTPN13;TRPM3;BNC2;SLIT3;IRF6;PLEKHH3;COL4A6;ADAMTS14;COL27A1;SYNPO2;THSD7B;PLTP;MPZL2;LARGE2;KIAA1549;HSPB8;LMO3;ANK3;ANKRD18A;FOXN1;SPOCK1;EYA1;MCF2L;ADAMTS17;CMYA5;SLCO2A1;CTSV;MAPK4;FAM20A;CACNB4;EVA1A;MICALL2,anal_pc5_c21_S1.filtered.gene_spectra_score.k_3.dt_0_01.txt
3,1,PROXIMAL_TUBULE_EPITHELIAL_CELLS_FIBRINOGEN_POS_S3,1.7276065907467348,0.0,0.0024092754291904434,prerank,0.5058048361091494,0.332,32/71,21.98%,CXCL14;GCLC;TXNRD1;TFPI;ODC1;PTGR1;CLU;TNFSF10;FTL;PHLDB2;ITGB8;CRYAB;CTSB;WWTR1;L3MBTL4;CNN3;MAST4;GPX3;TRPS1;CNKSR3;NRG1;SVIL;TGM2;FMNL2;SERPINE2;CFI;NCKAP5;IL1R1;FTH1;NRP1;AOX1;AKAP12,anal_pc5_c21_S1.filtered.gene_spectra_score.k_3.dt_0_01.txt
3,1,RETINA_RGC,1.7194355755492998,0.0,0.0026627812298692832,prerank,0.4736773156980215,0.364,82/141,37.94%,DPYSL3;AKR1C2;ALCAM;UCHL1;MAPK10;GSTA4;DPYSL2;FXYD6;ADGRG1;MAP1B;TUBB2B;NRCAM;EDIL3;RBPMS;CRABP2;NDRG4;NAV2;HEY1;TPPP3;NSG1;DBN1;SNCA;CRIP2;DSTN;NAV1;KPNA2;FHL1;OLFM1;SCD;CRMP1;FABP5;SCN9A;CADM1;VAT1;SNCG;JAKMIP2;STXBP1;ACAT2;FASN;DCLK1;ANK2;MAP2;AFAP1;STMN2;BNIP3L;TUBB2A;RND3;CNRIP1;SBK1;DBI;NRN1;DACH1;ZC2HC1A;NMNAT2;RAB31;CHN1;NOVA2;TMEM59L;MYO1B;SNAP25;FDPS;TSC22D1;TSPAN7;EBF3;SMAD9;PRUNE2;TXNDC17;ENO2;CEP170;PKIA;SLC35F1;L1CAM;HMGCS1;INSIG1;TCEAL7;PCSK2;UBE2L6;PCSK1N;ACSL4;NCAM1;MSMO1;AKAP6,anal_pc5_c21_S1.filtered.gene_spectra_score.k_3.dt_0_01.txt
3,1,LATE_SCHWANN,1.717924615073976,0.0,0.002731421686491883,prerank,0.5174259764248386,0.371,35/67,27.36%,COL4A1;ALDH1A1;COL16A1;IGFBP7;FBLN2;HTRA1;NFIX;LAMB1;MATN2;CYBRD1;COL15A1;FBLN5;MYL9;BGN;HSPG2;OLFML2A;PRSS23;TSPAN11;TRPM3;FST;GPNMB;CCL2;ASPA;SORBS1;SOCS3;SEMA3G;SCN7A;GFRA3;PDGFC;NAALADL2;EGFL8;PLSCR4;FIBIN;COL28A1;LIMCH1,anal_pc5_c21_S1.filtered.gene_spectra_score.k_3.dt_0_01.txt
3,1,HEART_VALVAR_ENDOTHELIAL,1.712086065281896,0.0,0.002923373447935757,prerank,0.48558569067336144,0.395,48/100,25.38%,NTRK2;SERPINF1;ACKR3;DKK3;GJA1;IGFBP5;VCAN;ITGB4;EDIL3;ANGPTL2;PMP22;WNT4;PDGFRA;CRYAB;OLFML2A;ADAMTS1;PTHLH;PLAT;GLT8D2;CCDC3;MT2A;HAPLN1;CTSK;TFPI2;AKR1B1;LDLR;THBD;TUFT1;HSPB8;NAMPT;CXCL1;C1QTNF1;RGS5;ANK2;MMP19;ACSL1;CLDN11;PI16;SOCS3;C7;KLF9;PDLIM3;CYP1B1;TUBB2A;GEM;ASPN;SOD2;NET1,anal_pc5_c21_S1.filtered.gene_spectra_score.k_3.dt_0_01.txt
3,1,MUSCLE_SATELLITE,1.7051273055633147,0.0012484394506866417,0.0033036744398599388,prerank,0.5178320523641434,0.437,29/59,25.44%,CXCL14;RBP1;ALDH1A1;IGFBP5;PDLIM4;RHOB;TUBB2B;CLU;PMP22;APOE;EGR1;CRYAB;HEY1;CCN1;CNN3;SPRY1;GLUL;AKR1B1;DES;RARRES2;JUN;SNRPD1;C1QTNF3;PDLIM3;MT1X;RND3;DBI;ANKRD18B;BNC1,anal_pc5_c21_S1.filtered.gene_spectra_score.k_3.dt_0_01.txt
3,1,DECENDING_THIN_LIMB,1.704908142964912,0.0012531328320802004,0.0033002543454048266,prerank,0.5154435119143262,0.439,25/63,15.04%,TACSTD2;IGFBP7;TFPI;ODC1;CPE;ITGA2;ADGRG1;CLU;SERPING1;TNFSF10;EDIL3;IFITM3;FTL;EGR1;CRYAB;VCAM1;CTSB;ADAMTS1;MT2A;DSTN;ID1;TFPI2;PLOD2;TGM2;ARHGAP29,anal_pc5_c21_S1.filtered.gene_spectra_score.k_3.dt_0_01.txt
3,1,ENS_GLIA,1.6950722924830777,0.0,0.0037179892422781404,prerank,0.5187116741212924,0.473,32/54,37.88%,ADAM23;ABCA8;TFAP2A;ARHGEF26;PTPRZ1;CRYAB;OLFML2A;TSPAN11;AIF1L;EDNRB;ASPA;GFRA1;PRIMA1;GAS7;EGFLAM;MOXD1;HEYL;COL28A1;VGLL3;LGI4;ARTN;ATP1A2;NRXN1;INSC;CCN3;SOX10;MVB12B;SLC35F1;CDH19;PLP1;DLX1;NKAIN3,anal_pc5_c21_S1.filtered.gene_spectra_score.k_3.dt_0_01.txt
3,1,SCHWANN,1.6940758787854338,0.004219409282700422,0.0037176220697280435,prerank,0.6178441371099979,0.474,18/23,33.56%,ADAM23;ABCA8;PMP22;OLFML2A;TSPAN11;PLAT;EDNRB;KIAA1755;ASPA;C1orf198;SEMA3G;SCN7A;GFRA3;COL28A1;NGFR;DHH;GAS2L3;SOX10,anal_pc5_c21_S1.filtered.gene_spectra_score.k_3.dt_0_01.txt
3,1,ADRENAL_VASCULAR_ENDOTHELIAL,1.6928946972689243,0.001215066828675577,0.0037720053812648063,prerank,0.49320979536660675,0.479,54/87,31.86%,PLPP3;CDH13;HYAL2;CP;ENG;CX3CL1;MMRN2;CDH5;CLDN5;ID1;CALCRL;PLVAP;EFCC1;ARHGAP29;RAMP2;CLEC14A;CD34;RBP5;LDB2;SLC26A5;AFAP1L1;RASIP1;TCIM;TIE1;TEK;SOX18;ADGRL4;SHE;SHANK3;ECSCR;ARHGEF15;INHBB;APLNR;NRN1;PODXL;SLCO2A1;DIPK2B;KDR;ADCY4;TMEM255B;ROBO4;NPR1;BCL6B;PTPRB;FLT4;PDE2A;THSD1;ST6GALNAC3;TM4SF18;HLX;KANK3;STC2;FAM110D;SOX17,anal_pc5_c21_S1.filtered.gene_spectra_score.k_3.dt_0_01.txt
3,1,LATE_AIRWAY_SMC,1.692646799704956,0.0012239902080783353,0.003754994990005733,prerank,0.494167816730911,0.479,42/83,26.28%,COL4A5;MYH11;NTN1;THBS2;WNT5A;FLRT2;CRISPLD2;LTBP2;MTSS1;DTNA;LRIG1;CCDC3;SSC5D;TSPAN2;COL4A6;SBSPON;SVIL;ACTG2;SYNPO2;WFDC1;CNN1;LMOD1;SPEG;DES;IGF1;FILIP1L;MRGPRF;C16orf89;THSD4;GREM2;LMCD1;TSPAN18;ITGA9;PDLIM3;MT1X;CHRDL1;GEM;PDGFC;RAMP1;HPSE2;NET1;CDKN1A,anal_pc5_c21_S1.filtered.gene_spectra_score.k_3.dt_0_01.txt
3,1,PDC,-1.6914677759034369,0.0,0.0077389625145928695,prerank,-0.40269186991034917,0.381,28/89,11.14%,ATP2A3;SEPTIN1;LTB;SEL1L3;CD3E;JCHAIN;IGKC;TMEM63A;CARD11;SMPD3;MZB1;SLAMF7;NIBAN3;LY9;ADGRG5;CD7;TTC39A;IRF4;ADAM19;ERN1;DERL3;SIT1;SEMA7A;LRRC26;PCED1B;PFKFB2;SLA2;CXCR3,anal_pc5_c21_S1.filtered.gene_spectra_score.k_3.dt_0_01.txt
3,1,RESTING_CHONDROCYTE,1.690449869239966,0.0,0.003835562672580078,prerank,0.4988644743351289,0.49,33/83,19.54%,DST;FGFR2;MRC2;COL14A1;LRP1;COL15A1;CFH;ITGB5;FGFR3;GREM1;PDPN;PRRX1;APOE;COL12A1;PER1;SLC2A1;PRELP;CSPG4;HAPLN1;DDR2;SOX6;COL27A1;CTHRC1;CERCAM;FRY;SYT8;MPZL2;DAAM2;DHRS3;CRISPLD1;THSD4;SOX5;SORBS1,anal_pc5_c21_S1.filtered.gene_spectra_score.k_3.dt_0_01.txt
3,1,KIDNEY_5_PROXIMAL_TUBULE,1.6897284655920828,0.0,0.0038291345330309103,prerank,0.5599682972595659,0.491,15/38,9.00%,GPC3;IGFBP7;VCAN;ID4;ODC1;PTGR1;FARP1;CLU;TNFSF10;JAG1;EPHA7;FTL;APOE;CTSB;PPFIBP1,anal_pc5_c21_S1.filtered.gene_spectra_score.k_3.dt_0_01.txt
3,1,NECK,-1.688042206504841,0.01567398119122257,0.007789401150207255,prerank,-0.5583358695226792,0.386,8/18,9.76%,GOLM1;PPP1R1B;SLC4A4;CREB3L1;CD24;KCNN4;SLC12A2;CST3,anal_pc5_c21_S1.filtered.gene_spectra_score.k_3.dt_0_01.txt
3,1,PLACENTA_STROMAL,1.6833594274477968,0.004160887656033287,0.004143574435958526,prerank,0.5968279144238271,0.518,14/25,24.06%,PKP1;ELN;PITX1;COL16A1;MATN2;CLMP;GLI2;NFASC;PTGFR;DES;GDNF;CADM3;LIN7A;ACKR1,anal_pc5_c21_S1.filtered.gene_spectra_score.k_3.dt_0_01.txt
3,1,PLACENTA_EXTRAVILLOUS_TROPHOBLASTS,1.6817502046615305,0.005376344086021506,0.004156692128471463,prerank,0.5709037802417078,0.522,12/35,15.44%,FSTL1;FAT2;FN1;HTRA1;COL17A1;TNFSF10;HSPG2;SEMA4C;LY6K;CERCAM;SYT8;LY6D,anal_pc5_c21_S1.filtered.gene_spectra_score.k_3.dt_0_01.txt
3,1,OLFACTORY_NEUROEPITHELIUM_RESPIRATORY_HORIZONTAL_BASAL,1.6812526716776137,0.005578800557880056,0.004153803957780657,prerank,0.6362743117601566,0.525,10/18,13.00%,CALML3;ALDH3A1;TACSTD2;S100A2;ANXA1;KRT19;KRT6A;SERPINB5;LYPD3;AQP3,anal_pc5_c21_S1.filtered.gene_spectra_score.k_3.dt_0_01.txt
3,1,HEART_CARDIAC_FIBROBLASTS,1.6769637852164623,0.0025673940949935813,0.004350614884972159,prerank,0.5158561958945916,0.544,35/56,34.86%,COL6A3;LAMC1;PTN;TFPI;TM4SF1;LAMB1;COL15A1;MYL9;CRYAB;CCDC102B;IGFBP2;ENG;CRIP2;AKR1B1;NEGR1;DES;GASK1B;LOXL2;CSRP1;S100A8;C7;SCN7A;RAMP1;MOXD1;LDB3;TPM1;LIMCH1;PPP1R3C;PLN;SORBS2;PDLIM5;CASQ2;HSPB7;RYR2;RRAD,anal_pc5_c21_S1.filtered.gene_spectra_score.k_3.dt_0_01.txt
3,1,INTESTINE_ADULT_CA_ENTEROENDOCRINE,1.6655305669822995,0.0,0.005125078379402607,prerank,0.4636821117869753,0.604,61/124,35.36%,FGFR1;MMP2;CES1;SPHK1;COL5A2;CDKN2A;TFPI;CPE;NINL;MAP1B;TUBB2B;PTK7;FRMD6;TDRP;IGFBP3;SLC7A2;NFASC;PAM;ISYNA1;NAB2;EFCC1;FRY;ASPA;ANK2;KCNH2;GLIS3;NCKAP5;MAPRE3;MCOLN3;MAP2;AP3B2;NRP1;C7;PLXND1;SPOCK1;STMN2;TMOD1;SEMA3G;GFRA3;ETV1;KCNH8;RAMP1;FAP;APOD;PDE2A;GDF11;PEG10;PALMD;GJA4;SNAP25;KIAA0319;ENPP2;THSD7A;ATP6V1C2;CXCL6;CEP170;RAPGEF4;ALPK3;ADAMTSL2;OGDHL;KIF26A,anal_pc5_c21_S1.filtered.gene_spectra_score.k_3.dt_0_01.txt
3,1,PROXIMAL_TUBULE_EPITHELIAL_CELLS_S2,1.6631608650101217,0.0,0.005231019700504034,prerank,0.48971256891179915,0.613,50/83,33.64%,COL4A2;COL18A1;COL4A1;CALD1;SDK1;MAPK10;FARP1;RBPMS;RBMS3;ITGB8;NFIB;TTC28;L3MBTL4;PPFIBP1;BNC2;GPC6;MAST4;WWOX;CNKSR3;PAM;ZBTB16;SOX6;SVIL;FMNL2;BICC1;PTPRM;ANK3;SLC2A9;CREB5;GLIS3;NCKAP5;NRP1;AKAP12;SEMA5A;TMEM178B;ERRFI1;TPM1;PLXDC2;ITSN1;PTPRD;FHOD3;TRIO;PDE4D;SORBS2;PTPRG;PRUNE2;PDLIM5;CLSTN2;PTPRK;CRIM1,anal_pc5_c21_S1.filtered.gene_spectra_score.k_3.dt_0_01.txt
3,1,LATE_SUPRABASAL,1.6607517296508965,0.0012091898428053204,0.005340929253286464,prerank,0.4777278114050463,0.623,49/93,28.94%,PKP1;CALML3;ALDH3A1;GSN;DSG3;FAM3B;ANXA1;PPL;KRT6A;CRABP2;GRHL1;EGR1;CSTA;KLK11;CNN3;GPX3;SERPINB13;LYPD3;GBP6;CSTB;AQP3;SCD;SERPINB3;NDRG1;FGFBP1;TUBA1C;LY6D;MPZL2;CTNNBIP1;CITED4;ZNF185;SERPINB4;GLTP;NIBAN2;S100A8;SLPI;DBI;SPRR3;SPINK5;SOD2;SPRR1B;CDKN1A;KRT6B;RHCG;KRT13;CXCL17;DMKN;FMO2;SERPINB2,anal_pc5_c21_S1.filtered.gene_spectra_score.k_3.dt_0_01.txt
3,1,LYMPHATIC_ENDOTHELIAL,1.6588230409622635,0.0,0.00542905870660526,prerank,0.43495662807699137,0.627,131/269,29.14%,AKR1C2;LTBP4;COL4A5;MFAP4;EFEMP1;DKK3;SPHK1;GJA1;EMILIN1;NTN1;COL5A2;IGFBP5;HTRA1;MTSS2;TFPI;LAMB1;LAPTM4B;ADIRF;PRKG1;NR2F1;TIMP2;FZD10;NPNT;MATN2;HOXD10;SCARA3;FLRT2;MEGF6;SNAI2;TSHZ2;CLU;CCDC80;ABI3BP;LAYN;FRMD6;PMP22;PDPN;STON2;SFRP1;NNMT;OLFML2A;VSTM4;RASSF9;GGT5;PRSS23;SUSD4;CCDC102B;TSPAN11;SDC3;PPFIBP1;GLT8D2;SH3PXD2B;TSHZ3;SPRY1;LRIG1;LOX;HOXD9;SMAD1;SULF2;PLEKHG3;PGM5;OLFML1;GABRP;MID1;EFCC1;CTHRC1;EDNRB;MTUS1;SCN9A;EMID1;ZNF521;GNG11;COLEC12;SNCG;MCTP1;IGF1;NRP2;DOC2B;DSE;CFI;UNC5B;FLNC;PIEZO2;KALRN;SGIP1;RHOJ;HOMER3;CYP4X1;PROX1;GLIS3;ADAMTSL3;TIE1;TBX1;ITGA9;PDE1A;GAS7;C6orf141;PDLIM3;FOXC2;NAV3;PLD1;PGF;CHRDL1;SYNM;DIPK2B;SEMA3A;CCL21;ARID5B;MAGI1;PLSCR4;CHST15;RAB3IL1;ADAMTS12;CDKN1A;CEMIP;TMEM255B;ARRDC4;MMRN1;SEMA3D;APOD;RHOD;LIMCH1;FLT4;PDE2A;CTTNBP2;TRPC6;ITSN1;SLC27A3;NBL1;TLL1;GCNT2,anal_pc5_c21_S1.filtered.gene_spectra_score.k_3.dt_0_01.txt
3,1,SPLEEN_MESOTHELIAL,1.6567672612257802,0.0,0.005511095877486189,prerank,0.4670925964162168,0.636,63/121,28.14%,LAMA5;EFEMP1;CDH3;GJA1;BMP4;TM4SF1;ID4;ADIRF;WNT5A;NR2F1;NPNT;ANXA1;PPL;FOXF1;KRT19;SFRP2;AHNAK2;PDPN;SULF1;IGSF9;MGP;NREP;EGR1;FAM83H;KLK11;PLAT;BNC2;PAPPA;GLT8D2;ADAMTSL4;HSPA1B;NFASC;SBSPON;GPNMB;F3;NDRG1;KRT7;ADGRL3;RSPO3;TUFT1;COL8A1;INMT;SGIP1;INSYN1;ITPKC;MCOLN3;SOCS3;AOX1;FABP4;CHRDL1;SLPI;RSPO1;OGN;TNNT1;BNC1;MSLN;CDKN1A;SCNN1A;PTGIS;SEMA3D;GFPT2;EGFL6;PDGFRL,anal_pc5_c21_S1.filtered.gene_spectra_score.k_3.dt_0_01.txt
3,1,EPICARDIAL,1.6556134678664283,0.0,0.005556666982311865,prerank,0.4582993705252538,0.642,61/128,26.94%,C1R;C1S;EFEMP1;GSTM3;CDH3;GJA1;PHGDH;HTRA1;DDR1;CLDN1;TM4SF1;ID4;ADIRF;NPNT;CPE;FLRT2;CYBRD1;PPL;KRT19;CFH;CCDC80;SERPING1;PDPN;SULF1;C3;NNMT;ITGB8;PRSS23;PLEKHH2;NSG1;KLK11;SLIT3;SULF2;SGK1;SBSPON;NMU;PLOD2;KRT7;COLEC12;SMOC2;BICC1;CARHSP1;RARRES2;CFI;INMT;CLIP4;IL1R1;HSD17B6;SLC16A1;AOX1;ADGRD1;SLPI;PDGFC;KDR;TNNT1;ARID5B;BNC1;MSLN;VGLL3;PTGIS;STEAP1,anal_pc5_c21_S1.filtered.gene_spectra_score.k_3.dt_0_01.txt
3,1,INTERMEDIATE_LYMPHATIC_ENDO,1.6526131861289188,0.0,0.005733064654450261,prerank,0.43756617969166756,0.652,114/235,29.60%,AKR1C2;LTBP4;COL4A5;PTPRS;MFAP4;EFEMP1;DKK3;ALDH1A1;A4GALT;AKR1C3;GSTM3;FBN1;NTN1;IGFBP5;FBLN2;LAMB1;LAPTM4B;ADIRF;NR2F1;FZD10;MXRA8;MATN2;NINL;CELSR1;SCARA3;PDLIM4;FLRT2;TSHZ2;HES4;ITGB4;CCDC80;ABI3BP;PMP22;AHNAK2;PDPN;PLPP1;STON2;APOE;NNMT;ITGB8;VSTM4;RASSF9;CCDC102B;SDC3;CCN1;TMTC1;GLT8D2;HSPA2;HOXD9;SULF2;THBS1;SBSPON;PGM5;OLFML1;MID1;EDNRB;SLC7A1;HOXB4;COLEC12;SNCG;IGF1;GUCY1A1;FILIP1L;DOC2B;MYEF2;CPXM2;RARRES2;ADAMTS9;CFI;UNC5B;FLNC;SGCD;CYP4X1;C1orf198;PROX1;GLIS3;TBX1;ITGA9;PDE1A;SRGAP3;GAS7;C6orf141;PDLIM3;CYP1B1;FAM110B;FOXC2;NEXN;PLD1;CHRDL1;SYNM;SLPI;BCL2L11;PDGFC;SYNPO;ARL15;BHMT2;SEMA3A;CCL21;ARID5B;RAB3IL1;ADAMTS12;NMNAT2;ARRDC4;SEMA3D;RHOD;PDE2A;ST6GALNAC3;CTTNBP2;PEG10;NBL1;GCNT2;PDGFD;RCAN1;GLRB,anal_pc5_c21_S1.filtered.gene_spectra_score.k_3.dt_0_01.txt
3,1,ERYTHROBLASTS,1.6523160565190742,0.0,0.005711611108543837,prerank,0.4662075184718923,0.652,42/97,27.82%,GCLC;A4GALT;NUSAP1;NCAPG;PRC1;RIPOR3;KIF23;TROAP;RRM2;SNCA;RECQL4;BIRC5;HJURP;SLC2A1;FAM83D;HMMR;DLGAP5;KIF18B;CENPI;CDC20;SPC25;SPTB;SPAG5;CENPE;ESPL1;CCNF;INCENP;KIF15;TFRC;EXO1;KCNH2;DMTN;TMOD1;BNIP3L;KIF22;ACKR1;AURKA;ANKRD18B;FCHO2;BLVRB;KIF4A;KRT13,anal_pc5_c21_S1.filtered.gene_spectra_score.k_3.dt_0_01.txt
3,1,CORNEA_TGFBI_HIGH_EPITHELIAL,1.6521945282124535,0.00258732212160414,0.00568539607324983,prerank,0.5246686157548559,0.652,26/51,24.08%,TP63;COL7A1;TOP2A;ITGA2;ITGB4;CRLF1;CAV2;NREP;EGR1;HSPA2;THBS1;NRG1;UACA;EID3;TGM2;SYT8;UBE2C;TFRC;HSPH1;CPXM2;TUBB4B;SOX15;IL20RB;CPAMD8;PTGES;C12orf75,anal_pc5_c21_S1.filtered.gene_spectra_score.k_3.dt_0_01.txt
3,1,ACTC_POS_SMC,1.6514489826321925,0.0,0.005704185205989806,prerank,0.4328756660914551,0.654,113/251,26.30%,KRT17;LAMA5;MYH11;RGMA;MXRA7;FGFR2;CDH3;NTN1;LIMS2;PDLIM4;TUBB2B;CRISPLD2;ANGPTL2;CAV2;CRABP2;JAG1;AHNAK2;TK1;HSPG2;GTF2IRD1;NAV2;ANOS1;PHLDB2;NEURL1B;CLMP;NSG1;ECE1;IGFBP2;BNC2;FGF7;SH3PXD2B;SLC2A1;LRIG1;MSRB3;MMP11;KPNA2;SULF2;FST;NRG1;TSPAN2;AIF1L;VWA1;PVALB;SVIL;PGM5;SCD;INKA2;ACTG2;CTHRC1;SYNPO2;WFDC1;NEGR1;CNN1;RSPO3;LMOD1;CAVIN2;TFAP2C;SMOC2;SPEG;ZNF703;CITED4;FILIP1L;MEIS2;DHRS3;LDB2;PLEKHG4B;MRGPRF;MYEF2;CPXM2;DCLK1;CACNA1H;ASAP2;FLNC;RHOJ;SORBS1;IL33;C1orf198;CASZ1;DUSP14;GREM2;SOX15;GFRA1;VEGFC;DMD;ST6GALNAC5;PRKAR2B;PCP4L1;TSPAN18;ISG15;PDLIM3;CDH2;CACNA1C;ADCY5;RNF150;PGF;SYNM;RAI14;PDGFC;C12orf75;BCAR1;RAMP1;RSPO1;ERRFI1;ARMC9;SPSB1;HPSE2;NET1;MAGI1;TWIST1;LDB3;NTF3;CHST15;STK38L,anal_pc5_c21_S1.filtered.gene_spectra_score.k_3.dt_0_01.txt
3,1,HEART_5TH_WEEK_ATRIAL_CARDIOMYOCYTE,1.6513971991417857,0.005502063273727648,0.005678293716496566,prerank,0.5980936741825424,0.654,16/25,25.24%,COL3A1;GJA1;LAMA4;CXCL12;VCAN;TM4SF1;OLFML3;HAPLN1;FABP5;RAMP2;MASP1;COX7A1;ESAM;C7;DBI;EMCN,anal_pc5_c21_S1.filtered.gene_spectra_score.k_3.dt_0_01.txt
3,1,CHONDROBLASTIC_OSTEOSARCOMA,1.647633150235679,0.0,0.00594268772331342,prerank,0.4695527622943216,0.669,46/102,23.60%,GPC1;A2M;TUSC3;MFAP2;FKBP10;CDKN2A;FN1;SERPINH1;TUBB2B;ANGPTL2;FRMD6;PMP22;SERPINB5;ACTA2;HYAL2;CDKN1C;ADAMTS1;CNN3;NID2;LY6K;CSPG4;HAPLN1;PHLDA1;TGFB1I1;FADS2;VWA1;TFPI2;PPT1;SCD;FABP5;TSPAN4;SPON2;CH25H;PRCP;HSPB8;KRBOX1;ARSI;LOXL2;C16orf89;CSRP1;DUSP14;LMCD1;FABP4;CYP1B1;TUBB2A;WNT11,anal_pc5_c21_S1.filtered.gene_spectra_score.k_3.dt_0_01.txt
3,1,BRONCHIAL_VESSEL_2,1.6394062233725633,0.0,0.006649161089022009,prerank,0.45533823134923074,0.71,68/123,32.16%,A2M;COL4A1;TCF4;GJA1;CXCL12;PLPP3;FN1;TM4SF1;FAM43A;SPARCL1;COL15A1;SERPINH1;MYL9;RBPMS;IFITM3;NNMT;CP;EGR1;ADAMTS1;EMP1;CCN1;SPRY1;MT2A;VWA1;TFPI2;IFI6;LDLR;C11orf96;THBD;CYYR1;MX1;CLEC14A;CD34;CCN2;NAMPT;B3GNT5;DLC1;FAM13C;LRRC32;ADAMTS9;PPP1R14A;SNRPD1;TUBB4B;ESAM;LMCD1;SOCS3;ADM;RND3;AHR;RBP7;DIPK2B;CDKN1A;IFIT3;PLAUR;PALMD;TNFRSF12A;FMO2;IFIT1;RCAN1;TM4SF18;MYCT1;TSC22D1;ENPP2;STC2;FAM110D;SOX17;PCDH17;ATF3,anal_pc5_c21_S1.filtered.gene_spectra_score.k_3.dt_0_01.txt
3,1,MESENCHYMAL_3,1.6366557719009553,0.0011918951132300357,0.006847221206567345,prerank,0.4613690464665437,0.719,56/103,29.78%,AKR1C2;SERPINF1;ALCAM;GJA1;UCHL1;TM4SF1;MXRA5;PDLIM4;FLRT2;TUBB2B;CRABP2;PDPN;EPHA7;PRRX1;ANOS1;ITGB8;TMEM132A;IGFBP2;MMP11;CCDC3;AMOTL2;SULF2;FST;SVIL;EPHA4;CTHRC1;RSPO3;SMOC2;MEIS2;DHRS3;LDB2;IER5L;ADAMTS9;ANK3;CFI;FLNC;ADAMTS10;ADM;LIN7A;HGF;DACT1;CDH2;MN1;ASPN;SPSB1;NET1;TWIST1;SH3BP5;ITGA5;PTGIS;RHOD;LRRN1;INHBA;DMKN;PDGFD;TRIO,anal_pc5_c21_S1.filtered.gene_spectra_score.k_3.dt_0_01.txt
3,1,MUSCLE_SCHWANN,1.6365799946570392,0.002607561929595828,0.006810992522934715,prerank,0.5081816888078621,0.719,20/49,25.68%,DST;ADAM23;ALCAM;TFAP2A;RDH10;PMP22;PTPRZ1;ITGB8;KIAA1755;CADM1;ASPA;LRP1B;CPXM2;PRIMA1;CDH2;GFRA3;TMEM178B;KCNH8;MOXD1;GRIK2,anal_pc5_c21_S1.filtered.gene_spectra_score.k_3.dt_0_01.txt
3,1,MARROW_MONOCYTE,-1.6354404372611853,0.0,0.011994774288883325,prerank,-0.3671860947070017,0.529,51/123,24.30%,MYO1G;FMNL1;CYTIP;PTPN6;SPN;FGD2;SERPINA1;NFKBIZ;SMAP2;ABI3;RNASET2;TNFRSF1B;POU2F2;NAAA;WAS;SELPLG;LGALS9;CKB;RIN3;PIK3AP1;LILRB1;SCIMP;SIGLEC10;COTL1;SPI1;MAPKAPK3;FGR;THEMIS2;ARRB2;DPEP2;ITGAX;ARRB1;TBXAS1;SLC7A7;PHTF2;C11orf21;DEDD2;SLC2A6;GRK3;ST3GAL5;LST1;C3AR1;HCK;MS4A7;CSF1R;ADAP2;CASP5;LYN;KIAA0513;CD300LF;LILRB2,anal_pc5_c21_S1.filtered.gene_spectra_score.k_3.dt_0_01.txt
3,1,PUTATIVE_EARLY_ERYTHROID_COMMITMENT,-1.6313781510274612,0.004291845493562232,0.012276887654310401,prerank,-0.4321663892703157,0.544,15/50,10.24%,ARHGAP15;CELF2;ITGA4;CCND2;STK4;TNIK;SLA;NFKBIZ;SERPINB1;RHOH;TESPA1;CD84;CD69;SLC39A8;PRKACB,anal_pc5_c21_S1.filtered.gene_spectra_score.k_3.dt_0_01.txt
3,1,CL10_PUTATIVE_EARLY_ATRESIA_GRANULOSA,1.6306235049731161,0.01440922190201729,0.007318889090817581,prerank,0.5750871553495176,0.745,13/28,18.90%,RBP1;SOX4;MDK;GSTA4;HMGB2;PRSS23;GPX3;CSTB;FSCN1;SERPINE2;ID3;PPP1R14A;SNRPD1,anal_pc5_c21_S1.filtered.gene_spectra_score.k_3.dt_0_01.txt
3,1,NEUROENDOCRINE,1.630025267619071,0.002421307506053269,0.0073188638976610714,prerank,0.48460450568762997,0.747,30/79,25.70%,DPYSL3;PITX1;CALD1;TCF4;UCHL1;CPE;FXYD6;MAP1B;TUBB2B;LSAMP;CNKSR3;PAM;AKR1B1;CRMP1;ESPL1;NEGR1;SOD3;SLC26A5;PIEZO2;KCNH2;PROX1;ACSL1;GNG4;AP3B2;DEPP1;STMN2;GFRA3;HAP1;LFNG;DYNC1I1,anal_pc5_c21_S1.filtered.gene_spectra_score.k_3.dt_0_01.txt
3,1,VENOUS_ENDOTHELIAL,1.628489914168835,0.002512562814070352,0.007437883192159907,prerank,0.4883226641213746,0.752,42/69,29.76%,COL3A1;SEMA3F;ACKR3;ALCAM;FBN1;FBLN2;PALLD;PTGDS;CDH11;NPNT;CPE;ITGB4;SULT1E1;MGP;VCAM1;NUAK1;DLL1;HSPA2;PLVAP;WFDC1;HAS2;SERPINE2;RBP5;APOL1;FILIP1L;HMCN1;VEGFC;IL1R1;MAP2;C7;CYP1B1;ACKR1;SPINK5;LFNG;SLCO2A1;PTGIS;ASAP3;PLXDC2;EVA1C;TLL1;DNM3;DHH,anal_pc5_c21_S1.filtered.gene_spectra_score.k_3.dt_0_01.txt
3,1,CORNEA_MONOCYTES,-1.6282662284443488,0.0,0.012466189391053989,prerank,-0.4046753811300793,0.55,38/71,25.40%,ADGRE5;IL16;FYB1;DEF6;FGD3;MAP4K1;ATM;FERMT3;VAV1;EMB;LY9;PLAC8;MCOLN2;SUSD3;SEMA7A;GIMAP7;NOL4L;SPATA13;NEK6;MAPKAPK3;DNAJB9;KMO;KDM2B;PHTF2;GALC;SH2B2;HDAC9;SNAI3;PCNX2;NFATC1;ZNF75A;IL18BP;ACSL6;TGFBR2;KCTD17;SMCHD1;HPS3;RARA,anal_pc5_c21_S1.filtered.gene_spectra_score.k_3.dt_0_01.txt
3,1,GRANULOSA,1.6269789024798167,0.00823045267489712,0.007574617512617106,prerank,0.5302269756439784,0.761,22/39,23.76%,RBP1;MFAP2;CDH3;VCAN;HS6ST1;LIMS2;HMGB2;GREM1;HSPG2;PRSS23;CKAP2;FST;FSCN1;BUB1;SRPX;SERPINE2;VEGFA;SLC16A1;PRKAR2B;PTGES;CDH2;INHBB,anal_pc5_c21_S1.filtered.gene_spectra_score.k_3.dt_0_01.txt
3,1,INTESTINE_ADULT_CG_GOBLET_CELL_SUBTYPE,1.6215442953928656,0.011204481792717087,0.0080209789889607,prerank,0.5720959223121137,0.782,12/26,19.04%,C1S;DCN;ANTXR1;SYCP2;IGFBP5;RNF212;BNC2;VWF;FZD4;SYNPO2;CLEC14A;VIPR2,anal_pc5_c21_S1.filtered.gene_spectra_score.k_3.dt_0_01.txt
3,1,GRIA2_POS_ARTERIAL_ENDO,1.613325221442947,0.0012077294685990338,0.008767515615460431,prerank,0.4759520234654038,0.807,36/81,24.12%,LAMA5;NTRK2;LTBP4;CXCL12;PALLD;PIK3R3;COL15A1;FBLN5;CFH;HES4;ITGB4;SULT1E1;JAG2;JAG1;HEY1;IGFBP3;SLC45A4;SLC6A6;TSPAN2;AIF1L;TFPI2;SOX6;LTBP1;SERPINE2;PREX2;FILIP1L;ATP13A3;UNC5B;TGFB2;FAT4;VEGFC;C7;SEMA3G;TMEM100;SMAD6;SYNPO,anal_pc5_c21_S1.filtered.gene_spectra_score.k_3.dt_0_01.txt
3,1,CORNEA_ELF3_HIGH_EPITHELIAL,1.6119275853319468,0.003870967741935484,0.008904702404870738,prerank,0.5072381468082993,0.81,23/56,21.54%,PFN2;CLCA2;ARHGEF4;CLDN1;NQO1;TNS4;PPL;HES4;CLU;EGR1;CDKN1C;EMP1;EPHA2;PTPN13;FRMD4A;THBD;RAPGEFL1;TFRC;JUN;SOX15;GLTP;CPAMD8;ADM,anal_pc5_c21_S1.filtered.gene_spectra_score.k_3.dt_0_01.txt
3,1,MUSCLE_ENDOTHELIAL,1.6100894569929622,0.0,0.00904513734692531,prerank,0.47451345289306124,0.817,46/80,25.64%,COL4A2;A2M;COL4A1;TCF4;SOX4;TM4SF1;CAVIN1;DPYSL2;SPARCL1;TIMP3;IGFBP4;TNFSF10;CAV2;IFITM3;CAV1;HSPG2;ENG;CRIP2;MMRN2;CDH5;VWF;CLDN5;ID1;UACA;FABP5;EGFL7;ARHGAP29;RAMP2;CAVIN2;GNG11;CLEC14A;CD34;ARL6IP1;ID3;EPAS1;ESAM;NRP1;FABP4;ISG15;ADGRL4;ADGRF5;CD93;FLT1;PODXL;EMCN;LAP3,anal_pc5_c21_S1.filtered.gene_spectra_score.k_3.dt_0_01.txt
3,1,MAJOR_TYPES_OPC,1.6077455404426624,0.006693440428380187,0.009188771227190137,prerank,0.5109114543959205,0.82,25/48,28.36%,SPARC;MMP2;ALCAM;PLPP3;PTN;ANGPTL2;PTPRZ1;ITGB8;PDGFRA;PLAT;LSAMP;SPRY1;SOX6;EPB41L2;EDNRB;SERPINE2;SEMA5A;ETV1;RAMP1;DBI;PSAT1;FIBIN;RAB31;APOD;GPM6B,anal_pc5_c21_S1.filtered.gene_spectra_score.k_3.dt_0_01.txt
3,1,EPITHELIAL_CELLS_UNASSIGNED,1.6072458654665702,0.022091310751104567,0.009179350654178752,prerank,0.6031857960647746,0.82,8/20,17.58%,CALD1;PBX1;FARP1;PAMR1;MAST4;GPX3;ZBTB16;MEIS2,anal_pc5_c21_S1.filtered.gene_spectra_score.k_3.dt_0_01.txt
3,1,MID_MESOTHELIAL,1.6049466159305956,0.0,0.009426016988824826,prerank,0.4084262709973302,0.826,168/394,28.14%,GPC1;C1R;CALML3;KRT17;LAMA5;GCLC;COL18A1;EFEMP1;ACKR3;A4GALT;ALCAM;CDH3;GJA1;UCHL1;TNXB;HTRA1;DDR1;CLDN1;PLXNB1;TM4SF1;LIMS2;NQO1;ADIRF;OBSL1;NPNT;NINL;OSMR;ANXA1;PDLIM4;FLRT2;PPL;MEGF6;KRT19;LMNB1;TUBB2B;CFH;ITGB5;PAMR1;ADAM33;ANXA8;RDH10;LTBP2;CAV2;CRABP2;KIRREL1;PDPN;EPHA7;SULF1;C3;TDRP;IGSF9;HSPG2;PODN;NAV2;ANOS1;ITGB8;DCBLD2;TMEM132A;LAMA3;PTHLH;KLK10;NSG1;EMP1;CACNA2D3;KLK11;IGFBP2;BNC2;PAPPA;SLC2A1;ADAMTSL4;AMOTL2;SULF2;COL4A6;AIF1L;SBSPON;TFPI2;SOX6;AQP3;SVIL;NMU;MID1;ALDH1A3;MTUS1;CADPS2;NDRG1;FRY;WFDC1;THBD;ARHGAP29;IGFBP6;GCHFR;RSPO3;CYB5R2;SHTN1;CAVIN2;SMOC2;SPEG;BICC1;GLIS2;HSPB8;CITED4;KCNT2;SLC51A;TEAD4;CEP162;C1QTNF1;MEIS2;DHRS3;COL8A1;LRRC32;B4GALNT4;MRGPRF;MYEF2;PLCB1;ADAMTS9;RGS5;ANK3;CFI;CACNA1H;AXL;UNC5B;THSD4;FLNC;ADAM15;TGFB2;IL1R1;SLC16A1;P4HA2;NINJ1;TSPAN18;PDE1A;HEG1;NCOA7;CDH2;CYP4B1;EGFLAM;RAB7B;PGF;SMAD6;SLPI;MN1;GEM;PDGFC;RBP7;PODXL;RSPO1;ERRFI1;CMYA5;ARMC9;TNNT1;NET1;MAGI1;BNC1;MSLN;SH3BP5;PDZD2;ARRDC4;PTGIS;NPR1;FAM20A;ASAP3;RHOD;LRRN1;GFPT2;SDC4;KRT13;PLAUR;PDGFRL,anal_pc5_c21_S1.filtered.gene_spectra_score.k_3.dt_0_01.txt
3,1,SMOOTH_MUSCLE,1.6042099283973619,0.0012642225031605564,0.009474641046813514,prerank,0.475003844294192,0.828,41/67,35.82%,COL6A3;NOTCH3;MYH11;TBX2;SLC12A4;GJC1;PDGFRB;PAMR1;CYGB;ACTA2;TAGLN;CCDC102B;CSPG4;CCDC3;LAMC3;MYLK;C11orf96;ACTG2;ASPA;RGS5;ADCY3;RASL12;HPSE2;ARID5B;NTF3;SEPTIN4;NDUFA4L2;RAB38;PLN;COL24A1;KCNMB1;TYRP1;CASQ2;ANO1;ABCC9;GPR20;THBS4;CDH19;NPTX1;SPIN4;MME,anal_pc5_c21_S1.filtered.gene_spectra_score.k_3.dt_0_01.txt
3,1,GOBLET,-1.6032186339073995,0.0,0.014886701798344752,prerank,-0.36071612776201756,0.601,37/134,9.76%,CYBA;FAM3D;C15orf48;CEACAM5;GOLM1;B3GNT3;AGR2;SLC4A4;FCGBP;TSPAN1;SLC26A2;MLPH;CREB3L1;FUT3;FUT6;S100P;LGALS3;CAPN8;TFF3;CRACR2B;SYTL2;XBP1;KLK1;MYO1F;ST6GAL1;SLC12A2;CEACAM6;FKBP11;TMEM238L;SERINC2;TSPAN15;GPRC5A;MUC4;RFLNA;LGALS9;LRRC26;CST3,anal_pc5_c21_S1.filtered.gene_spectra_score.k_3.dt_0_01.txt
3,1,BRONCHIAL_VESSEL_1,1.6027354149671191,0.003472222222222222,0.009617830473755537,prerank,0.4631602537253629,0.835,52/91,31.94%,GJA1;IGFBP7;LAPTM4B;FAM43A;SPARCL1;COL15A1;MYL9;HSPG2;MGP;NNMT;EGR1;TAGLN;NUAK1;ADAMTS1;IGFBP2;CCN1;SPRY1;CCDC3;THBS1;VWA1;C11orf96;OLFM1;PLVAP;NDRG1;CYYR1;MPZL2;GASK1B;MCTP1;CCN2;CPXM2;ADAMTS9;SNRPD1;ITPKC;SOCS3;ADGRL4;NCOA7;INHBB;ACKR1;POSTN;RBP7;DIPK2B;NET1;ARID5B;CDKN1A;FOXC1;PALMD;RCAN1;TM4SF18;GADD45A;ENPP2;FAM110D;PCDH17,anal_pc5_c21_S1.filtered.gene_spectra_score.k_3.dt_0_01.txt
3,1,CCL19_CCL21_POSITIVE,1.6007752089273406,0.002398081534772182,0.009759609167427194,prerank,0.4760500367046569,0.839,36/76,29.04%,CXCL14;C1S;COL7A1;CXCL12;PTGDS;ADAMDEC1;TNC;PRRX1;APOE;EGR1;VCAM1;ADH1B;FGF7;LPAR1;SCARF2;CCL2;IGDCC4;NKD2;HMCN2;EFEMP2;RBP5;MRGPRF;CSF1;VEGFA;SOCS3;C7;PGF;CNRIP1;CCL21;LAP3;SPNS2;MICALL2;NFIL3;CCL19;LGI2;PI15,anal_pc5_c21_S1.filtered.gene_spectra_score.k_3.dt_0_01.txt
3,1,X,1.5999066536951745,0.0024330900243309003,0.009801401245012407,prerank,0.47391833989458215,0.842,33/75,27.66%,DST;PFN2;RBP1;ALDH1A1;CALD1;IGFBP5;PBX1;MDK;CPE;MAP1B;CLU;NNMT;EGR1;OLFML3;NR2F2;GPX3;NAV1;SOX6;ISYNA1;CITED4;JUN;KCNH2;PROX1;ACSL1;MAP2;DEPP1;STMN2;C12orf75;MSLN;ARRDC4;MMRN1;MAFB;PDE2A,anal_pc5_c21_S1.filtered.gene_spectra_score.k_3.dt_0_01.txt
3,1,VASCULAR_ENDOTHELIAL,1.5955773717870847,0.0,0.01027984630561909,prerank,0.43228332240337464,0.857,87/171,32.00%,A2M;PLPP3;COL15A1;JAG2;CAV1;HSPG2;RASSF9;GGT5;ENG;HAPLN1;MMRN2;FGD5;CDH5;VWF;CLDN5;ERG;PVALB;CALCRL;OLFM1;PLVAP;EGFL7;ARHGAP29;RAMP2;CYYR1;CAVIN2;RAMP3;CLEC14A;CD34;LDB2;LRRC32;CPXM2;PPP1R14A;PLK2;AFAP1L1;IL33;EPAS1;HSPA12B;RASIP1;TCIM;CLEC3B;TIE1;ESAM;ADM;TSPAN18;PLXND1;TEK;SOX18;ADGRL4;SEMA3G;SHANK3;ECSCR;ADGRF5;JAM2;CD93;ARHGEF15;HECW2;FLT1;APLNR;CCM2L;PODXL;SLCO2A1;ARL15;DIPK2B;KDR;EMCN;ADCY4;COL13A1;ROBO4;BCL6B;PTPRB;FLT4;PDE2A;THSD1;NOVA2;NOS3;JCAD;TM4SF18;MYCT1;ALPL;TSPAN7;RAPGEF5;HLX;KANK3;IFI27;SOX17;SMAD9;PRUNE2,anal_pc5_c21_S1.filtered.gene_spectra_score.k_3.dt_0_01.txt
3,1,CTX_OPC,1.5939369001847152,0.01692524682651622,0.010451851821062813,prerank,0.5923748791579581,0.865,7/22,11.08%,UCHL1;TM4SF1;THY1;PDGFRA;PLAT;PHLDA1;IL1RAP,anal_pc5_c21_S1.filtered.gene_spectra_score.k_3.dt_0_01.txt
3,1,NEUROTYPES_HOPC,1.5875689657603977,0.0,0.011156617754804683,prerank,0.42614612838187516,0.882,57/165,21.40%,KRT17;MMP2;TYMS;PHGDH;PTN;NFIX;NLGN2;SLC7A11;EYA2;THY1;KRT14;UHRF1;FXYD6;LRP1;ADGRG1;ITGB5;ANGPTL2;PMP22;PTPRZ1;TNS1;ITGB8;PDGFRA;EGR1;PLEKHH2;SDC3;IGFBP2;PLAT;BIRC5;BOC;GTSE1;MT2A;PHLDA1;AIF1L;CALCRL;SOX6;CTHRC1;EDNRB;FABP5;SPRED1;WFDC1;TTK;PDE1C;SERPINE2;ZCCHC24;MCTP1;IGF1;CDCA7L;GRIA3;ZGRF1;KIF14;ANKS1B;SOX5;CREB5;SALL3;GNG4;CPEB1;ARHGAP11A,anal_pc5_c21_S1.filtered.gene_spectra_score.k_3.dt_0_01.txt
3,1,HIGH_GRADE_CHONDROSARCOMA,1.58739705064644,0.0,0.011116166606700919,prerank,0.4325982002816109,0.882,65/166,22.96%,COL7A1;LTBP4;BMP7;ELN;GSN;A4GALT;PRXL2A;LAMC1;COL14A1;COL16A1;IGFBP5;FBLN2;NFIX;OBSL1;KRT14;ADGRG1;CYBRD1;MAP1B;BCL6;SLC12A4;BGN;EDIL3;LTBP2;CAV2;JAG1;AHNAK2;PRRX1;TPST1;TNS1;CRYAB;PMAIP1;SUSD4;EMP1;PAPPA;SLC2A1;GPSM1;CSTB;NAV1;LOX;SRPX2;TJP1;ZBTB16;COL27A1;SPTSSA;EGFL7;TGM2;SYT8;TMEM47;CEBPB;DAAM2;TWIST2;AXL;HOMER3;EPAS1;C1orf198;CSNK1E;IL1R1;NIBAN2;HIP1;PRKAR2B;SPOCK1;GAS7;KLF9;ECSCR;FOXC2,anal_pc5_c21_S1.filtered.gene_spectra_score.k_3.dt_0_01.txt
3,1,TRANSITIONING,1.586843992368152,0.009817671809256662,0.011132970376026983,prerank,0.596174409939949,0.884,9/21,17.28%,DCN;LUM;GSTM3;TM4SF1;FTL;MGP;CNN3;CCN2;RBP4,anal_pc5_c21_S1.filtered.gene_spectra_score.k_3.dt_0_01.txt
3,1,CHON1,1.5801378028786999,0.0,0.01191585076828486,prerank,0.46361810016141564,0.904,25/80,13.20%,NTRK2;MFAP4;EFEMP1;PHGDH;ITIH5;TM4SF1;FAM43A;OSMR;FXYD6;SDC2;CFH;CLU;PDPN;TTLL7;WWTR1;GPC6;BOC;TRPS1;AMOTL2;DDR2;FST;THBS1;PAM;C11orf96;FHL1,anal_pc5_c21_S1.filtered.gene_spectra_score.k_3.dt_0_01.txt
3,1,KIDNEY_MESANGIAL,1.5789104692883686,0.031117397454031116,0.012024030938530618,prerank,0.5877014961855762,0.905,8/21,17.86%,APCDD1;PALLD;TNC;LAMA2;LAMC3;SYNPO2;NKD2;COL8A1,anal_pc5_c21_S1.filtered.gene_spectra_score.k_3.dt_0_01.txt
3,1,RETINA_HORIZONTAL,1.568914545190301,0.02967359050445104,0.013519830197813916,prerank,0.6260556988994175,0.928,9/15,25.42%,SOX4;MEIS1;TFAP2A;TUBB2B;NDRG4;SULF2;PROX1;STMN2;MAGI1,anal_pc5_c21_S1.filtered.gene_spectra_score.k_3.dt_0_01.txt
3,1,INTESTINE_VASCULAR_ENDOTHELIAL,1.5637817062593964,0.008032128514056224,0.014203216812166203,prerank,0.5279836667312476,0.941,28/34,35.94%,COL15A1;HSPG2;TNNT3;MMRN2;PLVAP;FABP5;CYYR1;GASK1B;CLEC14A;CD34;CLEC3B;DIPK1B;ESAM;FABP4;ARHGEF15;FLT1;APLNR;SLCO2A1;EMCN;TM4SF18;FAM110D;SOX17;LHX6;MEOX1;MSX1;PCDH12;GPR4;FAM167B,anal_pc5_c21_S1.filtered.gene_spectra_score.k_3.dt_0_01.txt
3,1,CTX_BIG_GROUPS_CAJAL_RETZIUS,1.5635609709647063,0.0,0.014175296812332086,prerank,0.42180430479798847,0.941,75/179,26.52%,FBLN1;PKP1;COL6A1;COL18A1;TUSC3;RGMA;MXRA7;MFAP2;IGFBP5;FBLN2;MXRA5;NQO1;CPE;SCARA3;PPL;CLU;TP73;CRABP2;ADAMTS2;CYGB;NDRG4;IGSF9;WNT4;CRYAB;VSTM4;PTPRU;NSG1;SUSD4;CACNA2D3;SNCA;TSPAN9;MAST4;LSAMP;SHISA2;IRF6;FST;LHFPL6;OLFM1;PLOD2;LTB4R;RCAN2;THSD7B;ITGA11;TMEM47;VAT1;GCHFR;RSPO3;ZNF503;HSPB8;ADAM12;PLCB4;CYP4X1;EPPK1;CASZ1;GREM2;TUBB4B;ST6GALNAC5;COX7A1;CPEB1;C7;PCP4L1;C1QTNF3;NCOA7;EGFLAM;NDNF;PLD1;PGF;ACKR1;SPINK5;NRN1;TMEM45A;PLSCR4;ME1;CDKN1A;TMEM255B,anal_pc5_c21_S1.filtered.gene_spectra_score.k_3.dt_0_01.txt
3,1,INTESTINE_MESOTHELIAL,1.562757396987677,0.006501950585175552,0.014207169719921387,prerank,0.5075790056404248,0.941,26/41,38.62%,PTGDS;ADIRF;CFH;C3;KLK10;KLK11;AOX1;ARL4D;SLPI;RSPO1;TNNT1;BNC1;MSLN;SCNN1A;PTGIS;SEMA3D;GFPT2;PTPRD;PCOLCE2;MUC16;TMEM255A;COL11A1;TGM1;SCEL;SMTNL2;FGF11,anal_pc5_c21_S1.filtered.gene_spectra_score.k_3.dt_0_01.txt
3,1,ADRENAL_SCHWANN,1.562447384918317,0.005208333333333333,0.014183722621668999,prerank,0.47673285029534007,0.941,31/59,34.72%,GPC1;ADAM23;COL18A1;ALDH1A1;PTPRZ1;OLFML2A;HEY1;TSPAN11;TRPM3;MCAM;SLITRK6;CRISPLD1;GFRA1;PRIMA1;SEMA3G;SCN7A;TCP11;COL28A1;LRRN1;LGI4;GPM6B;ATP1A2;LGI2;NGFR;DHH;NRXN1;INSC;SOX10;SLC35F1;PTX3;CDH19,anal_pc5_c21_S1.filtered.gene_spectra_score.k_3.dt_0_01.txt
3,1,ENS_NEURONS,1.5619983128547188,0.004987531172069825,0.014173131160032859,prerank,0.4860001339696426,0.942,26/60,33.54%,PKP1;DPYSL3;UCHL1;MAP1B;TUBB2B;NDRG4;UNC5C;NRG1;OLFM1;DLX5;HOXB4;ANK2;RGS11;SPOCK1;STMN2;TUBB2A;ETV1;TMEM59L;SHF;MED12L;FHOD3;ADCYAP1R1;TMEM255A;ABCA12;SLC6A15;ENO2,anal_pc5_c21_S1.filtered.gene_spectra_score.k_3.dt_0_01.txt
3,1,VASCULAR_SMC_2,1.5505888804398442,0.002290950744558992,0.01591986068997724,prerank,0.42742031838981687,0.961,57/120,29.04%,COL18A1;NOTCH3;MYH11;ALCAM;CDH13;TM4SF1;LIMS2;ADIRF;SEPTIN5;MEGF6;HES4;CAV2;JAG1;ANOS1;PHLDB2;OLFML2A;IGFBP2;CSPG4;MSRB3;MCAM;HSPA2;PLEKHG3;TSPAN2;AIF1L;MAMDC2;ACTG2;SPTB;RCAN2;FRY;WFDC1;ARHGAP29;LMOD1;FILIP1L;C1QTNF1;COL8A1;LRRC32;RGS5;HMCN1;THSD4;EPAS1;HIP1;ESAM;SEMA5B;FJX1;ITGA7;HEYL;NET1;NTRK3;LDB3;NTF3;SEPTIN4;NDUFA4L2;TRPC6;ATP1A2;INHBA;GJA4;PI15,anal_pc5_c21_S1.filtered.gene_spectra_score.k_3.dt_0_01.txt
3,1,PODOCYTES,1.5423535218637343,0.0024067388688327317,0.017320836925906136,prerank,0.44607416680561257,0.97,50/93,31.64%,DST;CALD1;HTRA1;PALLD;PRKG1;NPNT;ARHGEF26;KIRREL1;MTSS1;SULF1;ITGB8;CDKN1C;PTPN13;GPC6;WWOX;GPX3;NES;UNC5C;NFASC;PAM;TJP1;SOX6;PLA2R1;UACA;FRY;FMNL2;DOCK4;CCN2;ADAMTS9;VEGFA;SGIP1;SPOCK1;SEMA5A;RNF150;RAI14;PODXL;CMYA5;DACH1;WIPF3;PLXDC2;ST6GALNAC3;CTTNBP2;SEPTIN11;MYO1B;PTPRD;PTH1R;PCOLCE2;TGFBR3;CPQ;THSD7A,anal_pc5_c21_S1.filtered.gene_spectra_score.k_3.dt_0_01.txt
3,1,MID_AIRWAY_SMC_2,1.5411855952352504,0.0011376564277588168,0.01744989213300214,prerank,0.4195552898592279,0.971,80/141,34.92%,LAMA5;COL4A5;MYH11;NTN1;THBS2;CDH13;LIMS2;FAM43A;WNT5A;PDLIM4;FLRT2;CRISPLD2;LTBP2;HSPG2;NNMT;ANOS1;DTNA;SLC2A1;LRIG1;MSRB3;TNNT3;CCDC3;SSC5D;TSPAN2;COL4A6;SBSPON;ZBTB16;SVIL;INKA2;ACTG2;SYNPO2;WFDC1;CNN1;LMOD1;CAVIN2;SMOC2;SPEG;IGF1;FILIP1L;C1QTNF1;MRGPRF;C16orf89;THSD4;SORBS1;NCKAP5;GREM2;DMD;SLC29A1;TSPAN18;ITGA9;PDLIM3;CHRDL1;GEM;PDGFC;RAMP1;HPSE2;NET1;CDKN1A;ATP1A2;TMEM59L;INHBA;GLRB;FNDC1;PLN;THBS3;TSPAN7;ADAMTS5;CCN4;PLXNA4;AQP1;TMEM255A;KCNMB1;TYRP1;SCUBE1;ANO1;GPR20;HSPB7;MYOCD;RRAD;ADAMTSL2,anal_pc5_c21_S1.filtered.gene_spectra_score.k_3.dt_0_01.txt
3,1,KUPFFER,-1.5394538739689503,0.0,0.024021263439806487,prerank,-0.3138162100916085,0.785,114/334,20.72%,CYBA;LAPTM5;CELF2;CTSS;STK17B;CD37;PARVG;PTK2B;FYB1;FCGBP;HCLS1;PLCB2;ADA2;CD52;CIITA;RIPOR2;NCKAP1L;FGD2;WDFY4;ITGB2;CXCR4;SRGN;CYP3A5;SLA;KLHL6;SELL;PRKCB;RBM47;EVI2B;JAML;MYO1F;HERPUD1;SERPINB1;SMAP2;KCNAB2;PAG1;RNASET2;TNFRSF1B;ALOX5;CCDC69;IRF8;GPR183;POU2F2;PLBD1;IRF4;CD4;GMFG;WAS;ARHGEF10L;CYBB;CD84;LGALS9;SAMHD1;PREX1;CST3;IL1R2;MPEG1;METRNL;LILRB1;IL6R;SCIMP;REL;RASSF2;LY86;COTL1;SPI1;LAIR1;SAMSN1;FGR;THEMIS2;DOK3;RGS1;ARRB2;PLEK;UCP2;LYZ;SERPINB9;FCGR2B;CPM;PLEKHO1;ITGAX;CNTRL;CD1C;PRKCD;IL18;GLIPR2;ECHDC2;HSPA6;CD83;SH2B3;TBXAS1;CTSH;SLC7A7;DDX60L;GAPT;RNASE1;PHACTR1;MS4A6A;VNN2;CCL4;FCGR2A;IL17RA;MAP3K8;BCL2A1;RNASE6;SLC2A3;PLD4;LST1;C3AR1;FGD4;CLEC7A;CTSD;TNFSF14;HCK,anal_pc5_c21_S1.filtered.gene_spectra_score.k_3.dt_0_01.txt
3,1,HEART_CORONARY_VASCULAR_ENDOTHELIAL,1.5250339276458906,0.009009009009009009,0.020647375166764556,prerank,0.5034378928602836,0.984,25/39,27.62%,DST;COL4A2;A2M;COL4A1;TCF4;IGFBP7;COL15A1;MTSS1;CAV1;TNNT3;VWF;CLDN5;UACA;FABP5;CAVIN2;TCIM;FABP4;ADGRL4;JAM2;APLNR;RBP7;DIPK2B;ROBO4;APOD;FLT4,anal_pc5_c21_S1.filtered.gene_spectra_score.k_3.dt_0_01.txt
3,1,MYL4_POS_SMC,1.5234771241270346,0.0024154589371980675,0.02086735876232093,prerank,0.4428776497535664,0.984,41/80,28.90%,CXCL14;MYH11;HTRA1;LIMS2;PDLIM4;TUBB2B;COL12A1;ANOS1;IGFBP2;LRIG1;MSRB3;FST;SSC5D;TSPAN2;SBSPON;SCD;ACTG2;SYNPO2;WFDC1;CNN1;ITGA11;LMOD1;CAVIN2;SMOC2;SPEG;ENC1;IGF1;SORBS1;GREM2;TSPAN18;CACNA1C;PDGFC;RAMP1;SPSB1;PSAT1;NET1;ITGA5;RHCG;TMEM59L;COL23A1;TNFRSF12A,anal_pc5_c21_S1.filtered.gene_spectra_score.k_3.dt_0_01.txt
3,1,BETA,1.521404991655236,0.0,0.02117146561103174,prerank,0.39664046801762576,0.985,111/272,27.88%,DST;PFN2;GSN;ROBO1;MXRA7;PRXL2A;ALCAM;TXNRD1;UCHL1;MTSS2;DDR1;HS6ST1;ID4;TIMP2;DPYSL2;PCDH7;PPL;MAP1B;TUBB2B;NRCAM;GREM1;MTSS1;TTLL7;HSPA4L;FTL;NAV2;MYO3A;WNT4;TNS1;CDKN1C;PRSS23;NSG1;SUSD4;PDZRN3;GLT8D2;ANKRD65;MAST4;SLC2A1;TSHZ3;HSPA1A;GPSM1;MT2A;HSPA1B;SLC6A6;NFASC;ID1;PPT1;OLFM1;SCD;PLOD2;CRMP1;ANP32E;CADM1;RCAN2;SLC7A1;NDRG1;THBD;CYYR1;SHTN1;RUNX1T1;SPEG;SOBP;WLS;GLIS2;STXBP1;RBP4;HSPH1;VLDLR;MEIS2;FASN;PLCB1;CACNA1H;PLCB4;VEGFA;KCNH2;GLIS3;GREM2;CLIP4;GNG4;SERPINB4;MAP2;PRKAR2B;FTH1;ADM;SLC29A1;RNF130;STMN2;TMOD1;SEMA5A;BNIP3L;MT1X;DNAJB1;ARL4D;RGL1;SYNM;EDARADD;GEM;CNRIP1;DBI;ERRFI1;ROR1;ME1;CDKN1A;MDM2;FAM107A;NMNAT2;PDZD2;MAFB;CHN1;IRS2;SLC1A4,anal_pc5_c21_S1.filtered.gene_spectra_score.k_3.dt_0_01.txt
3,1,KIDNEY_VASCULAR_ENDOTHELIAL,1.5209688148396845,0.008793969849246231,0.021142254400249673,prerank,0.4720262961421492,0.985,39/58,37.06%,EPHB4;MMRN2;CDH5;CALCRL;EFCC1;RAMP3;CLEC14A;PREX2;RBP5;NRP2;TCIM;TIE1;ADGRL4;SHE;SHANK3;ECSCR;ADGRF5;ARHGEF15;FUT1;DIPK2B;DYSF;ADCY4;BDKRB2;BCL6B;PTPRB;THSD1;NOS3;MAPK11;KANK3;STC2;FAM110D;SOX17;LHX6;MSX1;GPR4;FAM167B;KCNC4;STAB2;CLEC1A,anal_pc5_c21_S1.filtered.gene_spectra_score.k_3.dt_0_01.txt
3,1,ENDOTHELIAL_CELLS_UNASSIGNED,1.5130159771638245,0.029957203994293864,0.022787413847754987,prerank,0.5807726993821727,0.989,12/19,27.98%,TCF4;TFPI;TSHZ2;PPFIBP1;LDB2;PLCB4;KALRN;PROX1;ARL15;SEMA3A;MMRN1;ST6GALNAC3,anal_pc5_c21_S1.filtered.gene_spectra_score.k_3.dt_0_01.txt
3,1,MID_AIRWAY_SMC_1,1.512282066970194,0.011363636363636364,0.022824128070071014,prerank,0.47851604736160686,0.989,28/49,34.92%,MYH11;HTRA1;LIMS2;WNT5A;LTBP2;NAV2;SSC5D;TSPAN2;ACTG2;WFDC1;CNN1;LMOD1;SPEG;ENC1;IGF1;C16orf89;CHRDL1;PDGFC;RHCG;LRRN1;COL23A1;PLPPR4;NGFR;PLXNA4;KCNMB1;TYRP1;MYOCD;ADAMTSL2,anal_pc5_c21_S1.filtered.gene_spectra_score.k_3.dt_0_01.txt
3,1,INTERM_CHONDROCYTE,1.5120296463860954,0.009162303664921465,0.02276788458142377,prerank,0.5030746162091735,0.989,16/38,19.38%,FGFR2;VSNL1;COL15A1;PRRX1;SLC2A1;PRELP;BOC;HAPLN1;AIF1L;SOX6;CTHRC1;DAAM2;DHRS3;CRISPLD1;THSD4;SOX5,anal_pc5_c21_S1.filtered.gene_spectra_score.k_3.dt_0_01.txt
3,1,T,-1.5111707787109956,0.0,0.029404386730599443,prerank,-0.33282616186206654,0.872,61/147,12.54%,ACAP1;CORO1A;EVL;IL2RG;LTB;CD2;TRAC;CD96;CD37;PTPRC;LIMD2;CYTIP;TRBC2;TRBC1;IL32;CLEC2D;SPOCK2;STK17A;CD3E;CD27;ARHGDIB;STK4;CD3D;CD52;IL7R;FNBP1;TENT5C;ETS1;CXCR4;DENND2D;LCK;TIGIT;CDC42SE2;SKAP1;CCL5;CD48;CD8A;GIMAP4;RHOH;CD247;CD7;NKG7;FYN;DOK2;CD3G;IRF1;PBXIP1;CD69;CST7;GIMAP7;BATF;PRF1;SH2D1A;GZMA;APOBEC3G;RORA;BTG2;GPR65;GZMM;ITM2A;GZMK,anal_pc5_c21_S1.filtered.gene_spectra_score.k_3.dt_0_01.txt
3,1,MUC16_POS_CILIATED,1.5105679888996846,0.02953020134228188,0.023036937227014578,prerank,0.5195624953589575,0.991,12/33,16.86%,DPYSL3;PITX1;PALLD;VCAN;ITGA2;ITGB4;CP;TNNT3;GBP6;UACA;KRT7;CCN2,anal_pc5_c21_S1.filtered.gene_spectra_score.k_3.dt_0_01.txt
3,1,CL15_SMALL_ANTRAL_FOLLICLE_GRANULOSA,1.5101760285182553,0.0011350737797956867,0.023008202451767046,prerank,0.42177455819273124,0.991,56/136,24.36%,RBP1;MFAP2;CDH3;GJA1;TXNRD1;SOX4;ID4;LAPTM4B;EZH2;SERPINH1;PTTG1;RHOB;NAV2;PMAIP1;CCN1;RUNX1;PLAT;CNN3;PDZRN3;RIMKLB;HSPA1A;AMOTL2;HSPA1B;PHLDA1;KPNA2;CKAP2;THBS1;CKS2;CTNNAL1;SGK1;TJP1;ISYNA1;SCD;F3;FSCN1;TUFT1;UBE2C;ENC1;SRPX;SERPINE2;ARL6IP1;CCN2;ID3;HSPH1;FILIP1L;PPP1R14A;CFI;DUSP14;SLC16A1;PRKAR2B;CDH2;DNAJB1;TUBB2A;ARL4D;INHBB;DBI,anal_pc5_c21_S1.filtered.gene_spectra_score.k_3.dt_0_01.txt
3,1,PULMONARY_NE_PRECURSOR,1.4991709029249163,0.0022271714922048997,0.025714546409441152,prerank,0.41364242633318987,0.993,50/133,23.76%,DPYSL3;DST;ROBO1;A4GALT;ADGRG1;MAP1B;NRCAM;TTLL7;NDRG4;SPTBN2;NEURL1B;KLK11;GPC6;PDZRN3;NAV1;NRG1;LHFPL6;CLDN5;CRMP1;SLITRK6;ESPL1;KRT7;NEGR1;RUNX1T1;SMOC2;SOBP;JAKMIP2;CHRD;KCNT2;FAM13C;CACNA1H;ANK2;THSD4;PLCB4;KCNH2;CASZ1;PROX1;MAPRE3;RGS11;GNG4;JAM3;MAP2;TBX1;AP3B2;STMN2;SLC6A8;CDH2;GFRA3;MCF2L;INHBB,anal_pc5_c21_S1.filtered.gene_spectra_score.k_3.dt_0_01.txt
3,1,SCG3_POS_LYMPHATIC_ENDOTHELIAL,1.4981144137221132,0.0,0.025872360737462425,prerank,0.39233826616165995,0.995,103/250,25.40%,AKR1C2;LAMA5;LTBP4;COL4A5;PTPRS;MFAP4;DKK3;A4GALT;AKR1C3;GSTM3;UCHL1;NTN1;COL5A2;PLXNB1;HS6ST1;LAPTM4B;ADIRF;FZD10;TOP2A;MXRA8;CPE;NINL;CELSR1;SCARA3;PDLIM4;FLRT2;PPL;TUBB2B;TSHZ2;HES4;ITGB4;CCDC80;ANGPTL2;PDPN;TNFAIP2;PLPP1;APOE;NAV2;ITGB8;CCDC102B;SDC3;TMTC1;GAA;LYPD3;CCDC3;HSPA2;HOXD9;SLC6A6;SULF2;SBSPON;IFI6;PGM5;LTBP1;OLFML1;PLOD2;MID1;EDNRB;SLC7A1;HOXB4;COLEC12;IGF1;GUCY1A1;B3GNT5;FILIP1L;DOC2B;MRGPRF;MYEF2;CFI;ANK2;UNC5B;FLNC;SGIP1;C1orf198;PROX1;GLIS3;CLDN11;MAPRE3;IL1R1;SEC14L2;ARHGAP10;TBX1;ADAM9;ITGA9;HGF;PDE1A;SRGAP3;PDLIM3;FAM110B;FOXC2;NEXN;CHRDL1;RGL1;SYNM;SLPI;C12orf75;SYNPO;ARL15;BHMT2;TMEM45A;SEMA3A;CCL21;STARD9;ARID5B,anal_pc5_c21_S1.filtered.gene_spectra_score.k_3.dt_0_01.txt
3,1,SOX5_BCL11B_POS_EXCITATORY_NEURON,1.4905439828015186,0.0361794500723589,0.027896741640143042,prerank,0.6034965147017964,0.996,10/16,21.86%,IGFBP5;VSNL1;CAV1;LSAMP;HSPA1A;SHISA2;LMO3;MASP1;SOX5;PDE1A,anal_pc5_c21_S1.filtered.gene_spectra_score.k_3.dt_0_01.txt
3,1,ARTERY,1.4891803512413238,0.010676156583629894,0.02817332311217588,prerank,0.42570970107446593,0.997,36/96,19.60%,LTBP4;SOX4;CXCL12;FBLN2;FN1;PALLD;HS6ST1;FBLN5;HES4;ITGB4;ABI3BP;SULF1;MGP;HEY1;IGFBP3;SLC7A2;MMRN2;GLUL;TSPAN2;AIF1L;CTNNAL1;IFI6;CALCRL;LIFR;LTBP1;PLTP;CYYR1;RUNX1T1;SRPX;SERPINE2;ATP13A3;PPP1R14A;PLK2;ADAM15;VEGFA;IL33,anal_pc5_c21_S1.filtered.gene_spectra_score.k_3.dt_0_01.txt
3,1,MARROW_CD34_POS_MKP,1.4872903242253463,0.026134800550206328,0.02859210306325287,prerank,0.49779652658061846,0.997,20/34,31.36%,PBX1;PRKG1;ITGA2;TGFB1I1;VWF;LTBP1;WFDC1;GUCY1B1;TEAD4;PIEZO2;KALRN;DKK1;TPM1;KAZN;MMRN1;RAB38;TRPC6;GJA4;MED12L;EXOC3L4,anal_pc5_c21_S1.filtered.gene_spectra_score.k_3.dt_0_01.txt
3,1,MATURE_ENTEROCYTES,-1.4854970847072058,0.0,0.034734334991908894,prerank,-0.3411390692247405,0.911,35/111,16.64%,ACSL5;AOC1;MYO7B;GSDMB;AMN;CD74;CAMK2N1;IL32;BAIAP2L2;MICAL1;MISP;DGKA;CGN;CYP3A5;ARHGAP27;SERPINA1;MGLL;SMPD3;PTPRH;CEACAM6;TMC5;PNPLA2;HERC4;ABCC3;IL6R;FBP1;SLC5A1;MXD1;ANPEP;ATP8B2;ARL14;EPS8L2;MALL;ECHDC2;LPIN2,anal_pc5_c21_S1.filtered.gene_spectra_score.k_3.dt_0_01.txt
3,1,OSSIFICATION_STROMAL,1.4843131397050875,0.013142174432497013,0.029396365589103902,prerank,0.43726887464061864,0.998,36/77,28.62%,FGFR1;FGFR2;TACSTD2;SOX4;FN1;ID4;SCARA3;SDC2;TIMP3;CLU;CLMP;TRPS1;TGIF1;DSTN;GLUL;ZBTB16;FHL1;ISLR;DLX5;F3;CEBPB;SRPX;HSPH1;JUN;LMO4;CD276;SLC29A1;KLF9;FOXC2;SOD2;CDKN1A;MAFB;SDC4;FOXC1;NFIL3;ANKRD35,anal_pc5_c21_S1.filtered.gene_spectra_score.k_3.dt_0_01.txt
3,1,EARLY_AIRWAY_PROGENITOR,1.4779504163065298,0.046413502109704644,0.03129402309577954,prerank,0.5562249984393944,0.999,16/21,36.28%,GPC3;SPTSSB;GRHL1;PHLDA1;SCD;LYPD6B;TMEM47;TBX1;ADM;CDH2;MOXD1;ALPL;PCDH17;MITF;INSIG1;CYTL1,anal_pc5_c21_S1.filtered.gene_spectra_score.k_3.dt_0_01.txt
3,1,OLFACTORY_NEUROEPITHELIUM_MATURE_NEURONS,1.4775322616576843,0.024327784891165175,0.03132400150165854,prerank,0.45303581526260994,0.999,14/60,8.70%,PRXL2A;UCHL1;MAPK10;FXYD6;MAP1B;TUBB2B;TSHZ2;JAG1;TTLL7;GPX2;TPPP3;NSG1;SDC3;SNCA,anal_pc5_c21_S1.filtered.gene_spectra_score.k_3.dt_0_01.txt
3,1,THIN_ASCENDING_LIMB,1.4747871683019649,0.005592841163310962,0.03213353768940968,prerank,0.40679742398030655,0.999,63/148,25.84%,COL18A1;TACSTD2;GSTM3;PLPP3;IGFBP7;CLDN1;TFPI;LAMB1;LAPTM4B;OSMR;ITGA2;ADGRG1;BCL6;CLU;SERPING1;TNFSF10;IFITM3;TPST1;FTL;CRYAB;CTSB;ADAMTS1;EMP1;CACNA2D3;RUNX1;CNN3;GPC6;MAST4;TRPS1;SIM2;MT2A;DSTN;SNED1;AIF1L;AKR1B1;SVIL;PLOD2;MTUS1;TGM2;KRT7;ARHGAP29;BICC1;NAMPT;HSPH1;PLCB1;RARRES2;ADAMTS9;ANK2;ARHGEF28;SGIP1;GLIS3;TCIM;FTH1;PDE1A;NCOA7;SLPI;C12orf75;DBI;ERRFI1;SOD2;MAGI1;FCHO2;TPM1,anal_pc5_c21_S1.filtered.gene_spectra_score.k_3.dt_0_01.txt
3,1,CORNEA_CONJUNCTIVAL,-1.4724711378950155,0.03070175438596491,0.03756434966970966,prerank,-0.38506534965803707,0.927,15/50,12.82%,CTSS;ATP10B;MUC1;TC2N;BICDL2;CEACAM6;CEACAM1;MUC4;RASSF5;MAOA;ST3GAL4;OCLN;NBEAL2;RDH13;DAPP1,anal_pc5_c21_S1.filtered.gene_spectra_score.k_3.dt_0_01.txt
3,1,PUTATIVE_PIT_CELL_PROGENITOR,1.4718395500083281,0.026462395543175487,0.03284066566118167,prerank,0.5135739784020734,0.999,11/31,18.56%,LAMA5;NFIX;LIMS2;VSNL1;SBSPON;WFDC1;CNN1;TMEM47;RSPO3;HSPB8;PPP1R14A,anal_pc5_c21_S1.filtered.gene_spectra_score.k_3.dt_0_01.txt
3,1,ADC_2,-1.466189933653947,0.03015075376884422,0.03894922617666964,prerank,-0.3796226116377006,0.934,15/65,10.16%,IL2RG;C15orf48;PARM1;TRAF1;IL7R;ADAM8;GPR132;ISG20;MCOLN2;BIRC3;CST7;CD40;CCR7;TMEM156;SAMD9L,anal_pc5_c21_S1.filtered.gene_spectra_score.k_3.dt_0_01.txt
3,1,THY1_POS_OPC,1.4572110973398251,0.05967976710334789,0.037755114119076484,prerank,0.5888159848566812,1.0,5/15,13.82%,LAMA4;THY1;PLAT;SULF2;EDNRB,anal_pc5_c21_S1.filtered.gene_spectra_score.k_3.dt_0_01.txt
3,1,SQUAMOUS_EPITHELIAL,1.4569621541414057,0.003271537622682661,0.037678119673124094,prerank,0.3911002079350623,1.0,78/182,28.08%,PKP1;TP63;CALML3;KRT17;CLCA2;KRT15;PITX1;TACSTD2;FAT2;NTN1;DSG3;S100A2;KRT14;COL17A1;TNS4;PPL;KRT19;CALML5;HES4;KRT6A;AHNAK2;SERPINB5;KLHL21;FOXQ1;GRHL1;CSTA;ECM1;DUOXA1;RHOV;SERPINB13;LYPD3;SIM2;GBP6;MT2A;CSTB;IRF6;SRPX2;AQP3;ZNF750;NMU;GABRP;GJB6;F3;AVPI1;FGFBP1;LY6D;KRT16;RAPGEFL1;TMPRSS11E;C6orf132;KRT80;DLK2;NECTIN4;ZNF185;GLTP;GRHL3;DENND2C;NIBAN2;FOXN1;FTH1;PCP4L1;PTGES;MT1X;TMEM40;TMPRSS11D;BNIPL;SPRR3;SPINK5;S100A3;SPRR1B;CTSV;CDKN1A;KRT6B;GSDMC;RHCG;KRT13;CXCL17;SERPINB11,anal_pc5_c21_S1.filtered.gene_spectra_score.k_3.dt_0_01.txt
3,1,HEART_ENDOCARDIAL,1.4565277100649148,0.020434227330779056,0.03766598639633491,prerank,0.44944315139079044,1.0,34/54,28.78%,COL18A1;APCDD1;EMILIN1;TFPI;CDH11;PCDH7;FXYD6;SCARA3;OLFML3;ENG;HAPLN1;ISYNA1;EPHA4;PLVAP;CTHRC1;CLEC11A;MPZL2;SRPX;MASP1;CPXM2;HMCN1;IL33;SALL3;ITGA8;TMEM100;POSTN;SLCO2A1;NPR3;TMEM132C;LEPR;FOXC1;ST6GALNAC3;ANGPTL4;INHBA,anal_pc5_c21_S1.filtered.gene_spectra_score.k_3.dt_0_01.txt
3,1,LGR5POS_STEM,-1.45505057138517,0.05573770491803279,0.04137227072848028,prerank,-0.47557091107458027,0.945,6/20,10.08%,ATP10B;PPP1R1B;LEFTY1;SULT1B1;PTGDR;DAPK2,anal_pc5_c21_S1.filtered.gene_spectra_score.k_3.dt_0_01.txt
3,1,MESENCHYMAL_1,1.4548082279761327,0.0055617352614015575,0.03809791445791181,prerank,0.39397085142458654,1.0,71/159,27.54%,AKR1C2;BMP7;EFEMP1;RGMA;CDH3;MAPK10;LIMS2;EYA2;PDLIM4;KRT19;TUBB2B;RDH10;CRABP2;PAPLN;PHLDB2;NEURL1B;NSG1;IGFBP2;BNC2;FGF7;SULF2;NRG1;TSPAN2;SGK1;ACTG2;EPHA4;CTHRC1;ALDH1A3;CNN1;RSPO3;LMOD1;FMNL2;SMOC2;ENC1;ZNF703;IGF1;GPC4;MEIS2;DHRS3;LDB2;TWIST2;ANK3;ASAP2;VIPR2;FLNC;SORBS1;DUSP14;GFRA1;DIPK1B;ST6GALNAC5;PRKAR2B;PDE1A;NCOA7;ADCY5;RNF150;SYNM;PDGFC;C12orf75;ASPN;RAMP1;SPSB1;HPSE2;NET1;TWIST1;NTF3;FIBIN;PDZD2;ITGA5;PTGIS;RHOD;GFPT2,anal_pc5_c21_S1.filtered.gene_spectra_score.k_3.dt_0_01.txt
3,1,NEUROTYPES_HOMTN,1.4540447365541231,0.01122334455667789,0.038196569137110344,prerank,0.4004630344361804,1.0,69/142,33.96%,DPYSL3;AKR1C2;ALCAM;UCHL1;PCDH7;MAP1B;DNM1;TUBB2B;EDIL3;AHNAK2;RBMS3;NSG1;SNCA;SLIT3;PPP2R2C;SIM2;NFASC;OLFM1;CRMP1;SCN9A;CADM1;FRY;THSD7B;SHTN1;DOCK4;SNCG;STXBP1;NRP2;PLCB1;ANK3;ANK2;CYP4X1;CADM3;CASZ1;GREM2;MAPRE3;MAP2;PRKAR2B;STMN2;DMTN;EYA1;CACNA1C;TUBB2A;MCF2L;KCNH8;PDP1;SEMA3A;DACH1;ZC2HC1A;NMNAT2;SEMA3D;SLC1A4;TMEM59L;PLPPR4;PIANP;DNM3;ESRRG;SNAP25;TSPAN7;RAPGEF5;PFKM;PLXNA4;ELOVL4;TMEM255A;RELN;KHDRBS3;SLC6A15;ENO2;FGF9,anal_pc5_c21_S1.filtered.gene_spectra_score.k_3.dt_0_01.txt
3,1,OLFACTORY_NEUROEPITHELIUM_IMMATURE_NEURONS,1.4512878681987857,0.025348542458808618,0.039025826191781327,prerank,0.45065145680827473,1.0,21/59,24.72%,DPYSL3;UCHL1;MAPK10;DPYSL2;FXYD6;MAP1B;TUBB2B;TTLL7;TPPP3;NSG1;SDC3;SNCA;CRMP1;SCN9A;CADM1;SERPINE2;DCLK1;SPOCK1;STMN2;TUBB2A;LHX2,anal_pc5_c21_S1.filtered.gene_spectra_score.k_3.dt_0_01.txt
3,1,VASCULAR_SMC_1,1.4510544713247076,0.010575793184488837,0.03897124669585024,prerank,0.41458604634490054,1.0,44/95,26.06%,COL18A1;NOTCH3;MYH11;ALCAM;TM4SF1;MEGF6;HES4;CRISPLD2;LTBP2;CAV2;JAG1;NEURL1B;TPPP3;CCDC102B;PAPPA;PRELP;GPX3;MCAM;HSPA2;PLEKHG3;FST;WFDC1;ITGA11;SPON2;ADGRL3;ARHGAP29;LMOD1;FILIP1L;LRRC32;MRGPRF;EPAS1;MAP2;ESAM;SEMA5A;PDLIM3;SEMA5B;ADCY5;ADGRF5;GEM;ITGA7;HEYL;NTRK3;NPR3;SEPTIN4,anal_pc5_c21_S1.filtered.gene_spectra_score.k_3.dt_0_01.txt
3,1,PROXIMAL_TUBULE_EPITHELIAL_CELLS_S1_S2,1.449358060843391,0.014580801944106925,0.03946122318171559,prerank,0.4200544039314517,1.0,41/84,32.00%,COL4A1;CALD1;SDK1;MAPK10;PBX1;FARP1;TNS1;NFIB;TTC28;L3MBTL4;PPFIBP1;TRPM3;BNC2;GPC6;MAST4;WWOX;GPX3;TRPS1;CNKSR3;ZBTB16;PTPRM;ANK3;ANK2;ANKS1B;ARHGEF28;SLC2A9;NCKAP5;NRP1;ERRFI1;RNF152;PDZD2;PLXDC2;PTPRD;FHOD3;DPH6;PDE4D;PTH1R;SORBS2;PTPRG;NEDD4L;PRUNE2,anal_pc5_c21_S1.filtered.gene_spectra_score.k_3.dt_0_01.txt
3,1,MUSCLE_VASCULAR_ENDOTHELIAL,1.4473844201405361,0.0321285140562249,0.03997674049107366,prerank,0.46906181334325814,1.0,24/42,31.86%,TM4SF1;MMRN2;PLVAP;CYYR1;PRCP;RAMP3;PTPRM;INMT;IL33;VEGFC;ADGRL4;CD93;FLT1;ACKR1;CCM2L;RBP7;NRN1;SPNS2;TMEM255B;NOS3;MAPK11;RAPGEF5;ADAMTS18;SOX17,anal_pc5_c21_S1.filtered.gene_spectra_score.k_3.dt_0_01.txt
3,1,CEREBRUM_ASTROCYTES,1.4458526360666981,0.020227560050568902,0.04045139984414208,prerank,0.44103437742718005,1.0,26/57,30.44%,EFEMP1;TNC;ARHGEF26;FGFR3;VCAM1;TPPP3;LRIG1;FST;COL27A1;GJB6;CPXM2;VIPR2;FLNC;IL33;GLIS3;PI16;HSD17B6;PDLIM3;SLC25A48;FAP;ADAMTS12;SLC47A2;PI15;COL22A1;GREB1L;AGT,anal_pc5_c21_S1.filtered.gene_spectra_score.k_3.dt_0_01.txt
3,1,HEPATOCYTES,1.4448773762800162,0.0031982942430703624,0.0406187277186721,prerank,0.38083147002605944,1.0,47/230,13.32%,C1R;C1S;DST;EPHX1;A2M;COL18A1;SERPINF1;CES1;ALDH1A1;CALD1;FN1;DSG3;PTGR1;SDC2;BCL6;RHOB;CFH;TSHZ2;CLU;SERPING1;IGFBP4;ARHGEF26;CYP4F3;IFITM3;HSPA4L;C3;FTL;APOE;NNMT;CP;VSTM4;GPX2;SLC7A2;IGFBP2;ADH1B;ABCA6;AASS;MAST4;GPX3;CNKSR3;PCLAF;MT2A;IL1RAP;FST;MFAP5;COL27A1;SCD,anal_pc5_c21_S1.filtered.gene_spectra_score.k_3.dt_0_01.txt
3,1,MARROW_CD34_POS_HSC,1.4441823918938126,0.03609625668449198,0.04078107983464116,prerank,0.46755503565957446,1.0,15/43,16.80%,MFAP2;UCHL1;EHD2;LAPTM4B;RBPMS;RASSF9;MSRB3;FGD5;HOXB3;PLOD2;EGFL7;CYYR1;ZNF521;CD34;GUCY1A1,anal_pc5_c21_S1.filtered.gene_spectra_score.k_3.dt_0_01.txt
3,1,ACTIVATED_NK,-1.4435722524991823,0.05343511450381679,0.04440262027557907,prerank,-0.4399868336282966,0.959,13/26,23.30%,TRAF1;SLAMF7;IRF8;PRR5L;FCRL3;SPATA13;CD72;NEK6;TNFRSF4;BCL2A1;HAVCR2;CRTAM;TNFRSF9,anal_pc5_c21_S1.filtered.gene_spectra_score.k_3.dt_0_01.txt
3,1,ILC2,-1.4425021037937735,0.00684931506849315,0.04433276768613455,prerank,-0.3255354904440606,0.96,38/94,24.00%,SEL1L3;S100P;SLAMF1;MGLL;PPARG;ADAM19;TTN;CD84;BIRC3;CTSZ;ATP1B1;COL9A2;BATF;LINC02694;STAP1;SAMSN1;IL2RA;GFI1;EPS8L2;EGLN3;CD200R1;ANTXR2;SH2B3;CCR2;PHTF2;PTPRN2;IL9R;DPP4;BCOR;GDPD5;TNFSF14;PKIB;C1orf162;TMEM273;RENBP;RASGRP4;HPGD;LIF,anal_pc5_c21_S1.filtered.gene_spectra_score.k_3.dt_0_01.txt
3,1,AT1,1.43894268024187,0.04043126684636118,0.04275977869778509,prerank,0.4939399902959756,1.0,14/34,17.88%,TGFBI;EHD2;HTRA1;CAVIN1;ADIRF;ABCA8;ANXA1;CYBRD1;CAV2;CRYAB;NMU;NRP2;COL8A1;ABCA1,anal_pc5_c21_S1.filtered.gene_spectra_score.k_3.dt_0_01.txt
3,1,PRE_PDC_DC5,1.4387622344686948,0.006493506493506494,0.04267388222840267,prerank,0.3820437563739558,1.0,62/186,17.32%,FBLN1;MCM2;CES1;TYMS;PRXL2A;ALCAM;HELLS;PHGDH;MCM4;FBLN2;CDK1;CENPU;NUSAP1;TPX2;TOP2A;EZH2;UHRF1;ZWINT;CDT1;LMNB1;PTTG1;FANCI;CENPM;NCAPG;MCM6;TPM2;PRC1;SMC4;MKI67;NCAPG2;NREP;MYBL2;ASPM;SNCA;CENPW;DTL;BIRC5;CCNB2;KIF11;SLC2A1;CCNB1;CENPF;CENPP;PCLAF;MT2A;HMMR;LIG1;SULF2;CDC20;ORC6;CALCRL;SCN9A;NDRG1;FRY;CYYR1;UBE2C;KNTC1;MX1;GNG11;CARHSP1;ACAT2;CDCA7L,anal_pc5_c21_S1.filtered.gene_spectra_score.k_3.dt_0_01.txt
3,1,CAPILLARY_INTERMEDIATE_2,1.437810101040252,0.02909090909090909,0.04284422287740742,prerank,0.4194996644197839,1.0,37/81,27.40%,DPYSL3;SPARC;MXRA7;AKR1C3;CAVIN1;ADIRF;DPYSL2;MYL9;IFITM3;FTL;TAGLN;MT2A;CSTB;MYLK;LHFPL6;IFI6;UACA;EPB41L2;ANP32E;EGFL7;WFDC1;CAVIN2;CARHSP1;EPAS1;HSPA12B;TCIM;COX7A1;FTH1;TMEM100;SYNPO;DBI;S100A3;CDC25B;TPM1;SH3BP5;FAM107A;BCL6B,anal_pc5_c21_S1.filtered.gene_spectra_score.k_3.dt_0_01.txt
3,1,LUNG_MESOTHELIAL,1.429698370673773,0.01761006289308176,0.046075101014962754,prerank,0.4514413200569666,1.0,24/54,31.32%,C1R;ELN;CFH;SULF1;C3;MGP;PODN;PRELP;SBSPON;NMU;DKK1;SOX15;ADGRD1;GEM;RSPO1;TNNT1;BNC1;MSLN;PTGIS;GFPT2;FNDC1;PCOLCE2;ADAMTS5;CCN4,anal_pc5_c21_S1.filtered.gene_spectra_score.k_3.dt_0_01.txt
3,1,ARTERIAL_ENDOTHELIAL,1.426647137254426,0.006564551422319475,0.04715579849677309,prerank,0.384808541512567,1.0,55/170,20.84%,COL1A2;COL6A1;COL3A1;LAMA5;LTBP4;SEMA3F;MXRA7;FBN1;CXCL12;FBLN2;PALLD;PTGDS;HS6ST1;PIK3R3;FBLN5;CFH;HES4;ITGB4;SULT1E1;JAG2;FGFR3;JAG1;PLPP1;SULF1;MGP;NUAK1;HEY1;NSG1;COL21A1;TSPAN2;AIF1L;IFI6;SOX6;LTBP1;EPHA4;EDNRB;TMEM47;GCHFR;RUNX1T1;MX1;SERPINE2;MCTP1;PREX2;GUCY1A1;FILIP1L;ATP13A3;HMCN1;PLCB4;SOX5;TGFB2;PKN3;PDE10A;FAT4;VEGFC;PI16,anal_pc5_c21_S1.filtered.gene_spectra_score.k_3.dt_0_01.txt
3,1,INTERM_NEUROENDOCRINE,1.4266223977725208,0.011286681715575621,0.046982985191140594,prerank,0.3979687971707016,1.0,44/124,25.50%,DPYSL3;DST;ROBO1;A4GALT;MATN2;ADGRG1;MAP1B;ARHGEF26;TTLL7;NDRG4;SPTBN2;COL12A1;KLK11;PDZRN3;GPX3;HSPA2;NAV1;CLDN5;CRMP1;SLITRK6;NEGR1;RUNX1T1;JAKMIP2;STXBP1;CACNA1H;ANK2;THSD4;KCNH2;CASZ1;PROX1;ACSL1;MAPRE3;RGS11;JAM3;ST6GALNAC5;MAP2;AP3B2;DEPP1;STMN2;FAM110B;INHBB;MOXD1;SEMA3A;DACH1,anal_pc5_c21_S1.filtered.gene_spectra_score.k_3.dt_0_01.txt
3,1,CXCL9_POS_MACROPHAGE,-1.4263086806895535,0.005847953216374269,0.049071874548911924,prerank,-0.3481122976037634,0.976,30/77,23.90%,C15orf48;NLRC5;IL32;TRAF1;SLAMF7;ISG20;PRR5L;GBP5;BIRC3;CD40;SAMD9L;BATF;PATL2;CD38;IKBKE;STAMBPL1;SERPINB9;TNFRSF4;CD80;SLC2A6;FAS;OAS2;TMEM140;P2RX7;SLAMF8;CASP5;APOL2;IL4I1;HIVEP3;GBP4,anal_pc5_c21_S1.filtered.gene_spectra_score.k_3.dt_0_01.txt
3,1,DC1,-1.425660766208171,0.0,0.04882952813162552,prerank,-0.30855915412609525,0.976,46/161,13.74%,ATP2A3;ACAP1;ACSL5;C15orf48;B3GNT7;SEL1L3;MAP4K1;ITGB7;SP140;PARM1;STK17A;WDFY4;HSH2D;CYFIP2;SLAMF7;GRAP2;ISG20;P2RY10;PTPN22;TSPAN15;AIM2;MCOLN2;ADAM19;TLR10;CKB;LY75;CD40;TRPV2;TMEM156;RAB11FIP4;DAPK2;RHOF;CXCR3;PAQR8;PRELID2;SH3RF2;NUP210;CBFA2T3;CD226;SNX22;CD38;CCND1;SIGLEC10;RUBCNL;VAV3;ANPEP,anal_pc5_c21_S1.filtered.gene_spectra_score.k_3.dt_0_01.txt
3,1,EARLY_MESOTHELIAL,1.4256355365196314,0.003232758620689655,0.047286359558672796,prerank,0.3771412089643139,1.0,72/235,19.40%,LAMA5;COL18A1;EFEMP1;ALCAM;CDH3;GJA1;UCHL1;DDR1;PLXNB1;TM4SF1;NPNT;PDLIM4;KRT19;LMNB1;TUBB2B;ADAM33;RDH10;CRABP2;PDPN;EPHA7;SULF1;PAPLN;TK1;TDRP;IGSF9;GTF2IRD1;TMEM132A;LAMA3;PTPRU;NSG1;EPHA2;IGFBP2;BNC2;PAPPA;SLC2A1;MMP11;AMOTL2;KPNA2;SULF2;TSPAN2;COL4A6;AIF1L;ORC6;SBSPON;PLCXD1;SOX6;SVIL;NMU;MID1;FZD4;CADPS2;ARHGAP29;RSPO3;SHTN1;CAVIN2;SMOC2;GLIS2;TEAD4;MEIS2;DHRS3;GASK1A;MYEF2;IER5L;PLCB1;ADAMTS9;RGS5;ANK3;CFI;LRP8;FLNC;ADAM15;TGFB2,anal_pc5_c21_S1.filtered.gene_spectra_score.k_3.dt_0_01.txt
3,1,PLACENTA_SMOOTH_MUSCLE,1.4210978225121542,0.03850931677018633,0.04914057368354389,prerank,0.4415200425413851,1.0,31/51,34.72%,NOTCH3;GJC1;CCDC102B;CSPG4;CCDC3;LAMC3;AFF2;PGM5;HAS2;PLCB1;ADAMTSL3;ITGA9;RASL12;PDLIM3;SEMA5B;CACNA1C;EGFLAM;SCN7A;POSTN;HEYL;VASH2;COL13A1;SEPTIN4;NDUFA4L2;NGFR;ERFE;ADAMTS18;ABCC9;GPR20;PELO;CDH19,anal_pc5_c21_S1.filtered.gene_spectra_score.k_3.dt_0_01.txt
3,1,INTESTINE_ENS_GLIA,1.4170769377201136,0.060941828254847646,0.050709763111185115,prerank,0.4804106662835238,1.0,20/30,43.74%,ABCA8;TFAP2A;PTPRZ1;PRIMA1;EGFLAM;HEYL;LGI4;ARTN;ATP1A2;COL22A1;SOX10;SLC35F1;CDH19;CSMD2;PLP1;NKAIN3;RASGEF1C;SERPINA3;PAQR6;MEGF10,anal_pc5_c21_S1.filtered.gene_spectra_score.k_3.dt_0_01.txt
3,1,ADRENAL_CHROMAFFIN,1.408800761900972,0.06008010680907877,0.054799532415865104,prerank,0.5027678157330198,1.0,13/27,34.76%,MAP1B;TUBB2B;GREM1;CADM3;EYA1;TUBB2A;SHOX2;TMEM132C;SLC44A5;PLXNA4;SCUBE1;PLPP4;RYR2,anal_pc5_c21_S1.filtered.gene_spectra_score.k_3.dt_0_01.txt
3,1,NONCLASSICAL_MONOCYTE,-1.4086216823432391,0.0,0.054376439119856776,prerank,-0.3210306844777904,0.979,56/117,27.24%,CTSS;MYO1G;PTPN6;FGD2;SERPINA1;NFKBIZ;PAG1;ABI3;TNFRSF1B;POU2F2;CD4;NAAA;SFMBT2;CD300A;CYBB;RELT;LGALS9;CKB;CST3;PIK3AP1;MPEG1;SCIMP;SIGLEC10;COTL1;SPI1;FGR;THEMIS2;SH2D3C;ITGAX;TBXAS1;SLC7A7;BCL2A1;LST1;CLEC7A;HCK;MS4A7;LYST;C1orf162;CSF1R;CFP;LYN;FGL2;CD300LF;FCGRT;CD86;RARA;LRRC25;HMOX1;CPVL;FCER1G;TYROBP;CLEC12A;DMXL2;FCGR3A;OAS1;P2RY13,anal_pc5_c21_S1.filtered.gene_spectra_score.k_3.dt_0_01.txt
3,1,MEGAKARYOCYTE_ERYTHROID_PROGENITOR,1.4074738372786344,0.046357615894039736,0.05524640753699241,prerank,0.4616965891561079,1.0,18/43,26.40%,SOX4;SLC2A1;CENPF;GLUL;ZEB2;FADS2;FLNA;TFRC;PPP1R14A;CSF1;SNRPD1;KCNH2;KIF20B;PRKAR2B;TUBB2A;CNRIP1;NET1;BLVRB,anal_pc5_c21_S1.filtered.gene_spectra_score.k_3.dt_0_01.txt
3,1,G,1.3981822710989138,0.05962732919254658,0.05996917573260007,prerank,0.43756008210291847,1.0,15/51,18.52%,DST;PFN2;CES1;MDK;CPE;MAP1B;EGR1;MAST4;DTNA;NAV1;PAM;SLC7A1;LRP4;MEIS2;ANK3,anal_pc5_c21_S1.filtered.gene_spectra_score.k_3.dt_0_01.txt
3,1,IRIS_CILIARY_BODY_COL9A1_HIGH_CILIARY_BODY,1.39814450845458,0.051630434782608696,0.059759335287585306,prerank,0.472376835321618,1.0,13/36,15.96%,CXCL14;FGFR1;MXRA7;PALLD;PTGDS;NR2F1;PTK7;BOC;PLA2R1;UACA;TSPAN4;WFDC1;GNG11,anal_pc5_c21_S1.filtered.gene_spectra_score.k_3.dt_0_01.txt
3,1,OLFACTORY_NEUROEPITHELIUM_RESPIRATORY_COLUMNAR,1.3970927741261945,0.06505295007564296,0.05998923316863499,prerank,0.5547771936521477,1.0,11/16,22.86%,ALDH3A1;TACSTD2;KRT19;KRT6A;CSTB;AQP3;SERPINB3;FABP5;EPAS1;SERPINB4;MT1X,anal_pc5_c21_S1.filtered.gene_spectra_score.k_3.dt_0_01.txt
3,1,MATURE_PIT,-1.392505783053074,0.018292682926829267,0.060368274215937656,prerank,-0.3278081670254796,0.984,38/102,16.08%,ATP2A3;VSIG2;C15orf48;CEACAM5;CA2;MUC1;FCGBP;TSPAN1;MLPH;CREB3L1;ELF3;S100P;LGALS3;CAPN8;CYP3A5;SYTL2;RBM47;MGLL;PLAC8;PNPLA2;ARHGEF2;RAB27A;KRT8;IL1R2;OCLN;ABCC3;PAQR8;MXD1;RDH13;SULT1C2;CCND1;FOXA3;REP15;ARL14;SPIRE2;CRIP1;PRKCD;DUOX2,anal_pc5_c21_S1.filtered.gene_spectra_score.k_3.dt_0_01.txt
3,1,ORG_OTHER,1.3915947186095303,0.048366013071895426,0.06292924784623795,prerank,0.4363031018989479,1.0,33/49,34.14%,SPARC;BMP7;DKK3;PLPP3;MFGE8;PTN;TNC;CLU;PDPN;PTPRZ1;ITGB8;GPX3;NRG1;LIFR;FABP5;F3;AXL;TCIM;PDLIM3;TUBB2A;MOXD1;DBI;PSAT1;FAM107A;GPM6B;ATP1A2;TSPAN7;EEPD1;FOLH1;NTM;MEST;ETV5;COL11A1,anal_pc5_c21_S1.filtered.gene_spectra_score.k_3.dt_0_01.txt
3,1,CORNEAL_AND_CONJUNCTIVAL_EPITHELIAL,-1.3914019779047073,0.0,0.0603192000178757,prerank,-0.3033684254267764,0.984,34/166,8.08%,FAM3D;VSIG2;SLC44A4;CLDN7;B3GNT3;PLA2G2A;AGR2;PSD4;MUC1;PRSS8;TSPAN1;GCNT3;EPCAM;ELF3;S100P;TJP3;LGALS3;CCL28;TFF3;SERPINA1;SYTL2;LIPH;SERPINB1;TRIM22;SLC12A2;PLAC8;CEACAM6;ALOX5;TMC5;SERINC2;GPRC5A;RASSF7;CLDN4;MUC4,anal_pc5_c21_S1.filtered.gene_spectra_score.k_3.dt_0_01.txt
3,1,LATE_PRO_B,1.388796279797219,0.0935672514619883,0.06426526257052509,prerank,0.5561756069799076,1.0,7/15,17.92%,GSN;ENG;ERG;EGFL7;GNG11;CD34;SORBS3,anal_pc5_c21_S1.filtered.gene_spectra_score.k_3.dt_0_01.txt
3,1,DIFFERENTIATING_STEM,1.387810683023244,0.06005221932114883,0.0645576478048124,prerank,0.4552000850723578,1.0,17/40,12.20%,ALDH1A1;SOX4;TOP2A;KRT19;HMGB2;CLU;SMC4;MKI67;EGR1;GPX2;NFIB;ASPM;RRM2;CENPF;PCLAF;MT2A;CKS2,anal_pc5_c21_S1.filtered.gene_spectra_score.k_3.dt_0_01.txt
3,1,HEART_MEGAKARYOCYTES,-1.384197164557593,0.0319634703196347,0.06262183787021271,prerank,-0.35731553179075626,0.989,13/55,21.22%,CA2;LEFTY1;FERMT3;LIPH;CISH;ABCC3;TSPAN32;PLEK;LYL1;CNST;SLC2A3;HGD;VWA5A,anal_pc5_c21_S1.filtered.gene_spectra_score.k_3.dt_0_01.txt
3,1,MUC5AC_POS_ASCL1_POS_PROGENITOR,1.3837252215402276,0.07093184979137691,0.06651663793707005,prerank,0.5007825959919139,1.0,12/26,26.74%,CALML3;ACKR3;CRISPLD2;DLL1;SMOC2;FAM13C;CPXM2;CDH2;LFNG;SULT2B1;CDC25B;SCNN1A,anal_pc5_c21_S1.filtered.gene_spectra_score.k_3.dt_0_01.txt
3,1,HEART_TRABECULAR_VENTRICULAR_CARDIOMYOCYTE,1.3804637758465657,0.04630788485607009,0.06821054216434505,prerank,0.4329827606786714,1.0,24/49,30.40%,CDH3;VCAN;KRT19;CRABP2;VCAM1;HEY1;CCN1;SLC2A1;KPNA2;SCD;ARRDC3;HSPB8;CCN2;DEPP1;DNAJB1;ARL4D;GEM;TNNT1;NET1;CTSV;TNFRSF12A;PDGFD;RCAN1;HES1,anal_pc5_c21_S1.filtered.gene_spectra_score.k_3.dt_0_01.txt
3,1,PROXIMAL_SECRETORY_PROGENITORS,1.3784887047994723,0.0405727923627685,0.06906202689977238,prerank,0.4025534738700778,1.0,33/89,18.06%,COL6A2;DPYSL3;KRT15;COL16A1;NTN1;VCAN;S100A2;NPNT;MEIS1;PCDH7;ANXA1;CYBRD1;BCL6;CFH;ITGB4;TNFSF10;GRHL1;CP;KLK10;EMP1;KLK11;RUNX1;PLAT;RHOV;LHFPL6;CCL2;SLITRK6;LYPD6B;SOD3;OSR1;JAKMIP2;CXCL1;LMO3,anal_pc5_c21_S1.filtered.gene_spectra_score.k_3.dt_0_01.txt
3,1,DELTA,1.3783475122981925,0.018475750577367205,0.06889887610434305,prerank,0.3870214879832005,1.0,41/120,23.80%,DPYSL3;ABCC5;UCHL1;CDKN2A;MDK;TIMP2;CPE;FXYD6;ADGRL2;PDLIM4;MAP1B;TSHZ2;ABI3BP;NDRG4;EGR1;NUAK1;TPPP3;PRSS23;NSG1;PDZRN3;GPX3;PAM;AQP3;MTUS1;CADM1;RUNX1T1;KCNT2;RBP4;ANK3;UNC5B;KCNH2;PROX1;ACSL1;JAM3;MAP2;AKAP12;TMOD1;NCOA7;ARL4D;HAP1;ETV1,anal_pc5_c21_S1.filtered.gene_spectra_score.k_3.dt_0_01.txt
3,1,MAST,-1.36893978380019,0.0,0.06878637499267942,prerank,-0.30076489147650043,0.995,50/144,16.94%,ATP2A3;ARHGAP15;RAC2;LAPTM5;CD53;CD37;MLPH;HCLS1;LCP1;ARHGDIB;LPXN;LAT;PTPN7;NABP1;SRGN;BIN2;XBP1;NFKBIZ;DOCK10;ADAM8;GRAP2;PAG1;ALOX5;RHOH;GMFG;TESPA1;CD84;CD69;NCF4;ALOX5AP;HK2;LAT2;BATF;BTK;BTG2;GPR65;LAIR1;SAMSN1;ARHGEF6;RGS1;DNAJB9;PLEK;ZFP36;STXBP5;TSC22D3;SLC45A3;CD83;PIK3R6;ARHGAP18;GAPT,anal_pc5_c21_S1.filtered.gene_spectra_score.k_3.dt_0_01.txt
3,1,SATB2_LRRC7_POSITIVE,1.3625411662805842,0.08951048951048951,0.07864307455991494,prerank,0.5108797469516038,1.0,12/20,35.64%,NFIX;BCL6;ARHGAP33;TMEM158;B4GALNT4;TAF7L;SBK1;IL11;SCUBE1;NXPH3;PHC1;ANO8,anal_pc5_c21_S1.filtered.gene_spectra_score.k_3.dt_0_01.txt
3,1,OLFACTORY_NEUROEPITHELIUM_MAST,-1.3615194321350204,0.020942408376963352,0.07142669406779026,prerank,-0.34703711366561013,0.995,33/64,28.66%,RAC2;CD37;SRGN;NFKBIZ;BIRC3;CD69;ALOX5AP;GPR65;SAMSN1;CKLF;RGS1;SLC45A3;CD83;ARHGAP18;DUSP2;TNFAIP3;CCL4;VWA5A;EMP3;STX3;HPGD;LIF;RGS13;RHEX;CPA3;MS4A2;FCER1G;TYROBP;HDC;IL1RL1;SLC18A2;NR4A3;HPGDS,anal_pc5_c21_S1.filtered.gene_spectra_score.k_3.dt_0_01.txt
3,1,GHRL_POS_NEUROENDOCRINE,1.3578739672085567,0.048426150121065374,0.08152259767321364,prerank,0.4044670860071273,1.0,21/72,20.26%,DST;A4GALT;MATN2;MAP1B;ARHGEF26;SPTSSB;COL12A1;SNCA;GPC6;GPX3;IL1RAP;CLDN5;RUNX1T1;JAKMIP2;ANK2;THSD4;KCNH2;CASZ1;PROX1;ACSL1;MAPRE3,anal_pc5_c21_S1.filtered.gene_spectra_score.k_3.dt_0_01.txt
3,1,EPCAM_POS_BILE_DUCT,1.3567749827867968,0.01276595744680851,0.08200410371090845,prerank,0.3583444443929067,1.0,80/227,21.30%,DST;AKR1C2;LAMA5;CES1;FGFR2;ALCAM;TACSTD2;LAMC1;PHGDH;SOX4;DDR1;CLDN1;PBX1;VCAN;PLXNB1;TM4SF1;NQO1;AKR1B10;KRT19;RHOB;CLU;ITGB5;LAMB3;FGFR3;RBPMS;CAV2;TNFAIP2;C3;ITGB8;EGR1;CRYAB;GPX2;NFIB;CDKN1C;TPPP3;WWTR1;KLK11;EPHA2;VTCN1;CCN1;NR2F2;HSPA1A;CX3CL1;MCAM;AMOTL2;HSPA1B;DSTN;GLUL;MYLK;THBS1;NRG1;TJP1;SOX6;AQP3;COL27A1;CCL2;GABRP;FLNA;SLC7A1;KRT7;SOD3;BICC1;CCN2;CITED4;CXCL1;C6orf132;KRT80;CSF1;LMO4;THSD4;KIFC3;VEGFA;C1orf198;CREB5;PROX1;GLIS3;TUBB4B;ITPKC;NIBAN2;ADAM9,anal_pc5_c21_S1.filtered.gene_spectra_score.k_3.dt_0_01.txt
3,1,OLFACTORY_NEUROEPITHELIUM_MONOCYTES,-1.3567558019666,0.06884057971014493,0.07296128421312811,prerank,-0.4076789007809074,0.995,19/28,27.02%,CD74;SRGN;HERPUD1;GPR183;REL;RGS1;CD83;PHACTR1;MS4A6A;LST1;IFI30;MS4A7;CCL4L2;FGL2;MNDA;CCL3;FCER1G;TYROBP;C1QC,anal_pc5_c21_S1.filtered.gene_spectra_score.k_3.dt_0_01.txt
3,1,MYOFIBROBLAST_2,1.3486227232919008,0.07343941248470012,0.08740454752917945,prerank,0.4138482341251011,1.0,26/62,24.80%,CXCL14;MYH11;HTRA1;WNT5A;VSNL1;NRCAM;LTBP2;COL12A1;RUNX1;SNED1;SSC5D;TSPAN2;COL27A1;ACTG2;EOGT;THBD;ENC1;LRP4;IGF1;C16orf89;SERPINE1;ITGA9;MT1X;TMEM100;WNT11;SLCO2A1,anal_pc5_c21_S1.filtered.gene_spectra_score.k_3.dt_0_01.txt
3,1,CEREBELLUM_ASTROCYTES,1.347814131630304,0.06826801517067003,0.08759069525203643,prerank,0.4119951813795458,1.0,14/57,16.40%,ID4;FZD10;ABCA8;TNC;CLU;VCAM1;CCDC102B;LRIG1;FST;SLITRK6;GJB6;PTGFR;LRP4;RAMP3,anal_pc5_c21_S1.filtered.gene_spectra_score.k_3.dt_0_01.txt
3,1,HEART_5TH_WEEK_VENTRICULAR_CARDIOMYOCYTE,1.3470214698530631,0.08032128514056225,0.08786758748837187,prerank,0.43646142852514774,1.0,14/40,22.72%,DKK3;NR2F1;CPE;VSNL1;PDLIM4;HEY1;GPX3;PAM;AIF1L;CNN1;DES;DUSP14;ADM;PDLIM3,anal_pc5_c21_S1.filtered.gene_spectra_score.k_3.dt_0_01.txt
3,1,SPP1_POS_MACROPHAGE,1.3464868213048227,0.08086253369272237,0.08796554135352935,prerank,0.44047485081652105,1.0,20/42,28.60%,A2M;ABCC5;ITGB5;IGFBP4;PLEKHG5;CCL2;MTUS1;SCN9A;EGFL7;PLTP;COLEC12;IGF1;NRP2;ABCA1;HOMER3;NRP1;C2;RAB3IL1;FAM20A;ITSN1,anal_pc5_c21_S1.filtered.gene_spectra_score.k_3.dt_0_01.txt
3,1,GHRL_POS_NE_PRECURSOR,1.3442613024245047,0.024526198439241916,0.08931337214054506,prerank,0.36762135478315583,1.0,52/162,23.52%,DPYSL3;DST;A4GALT;SDK1;ARHGEF4;MATN2;ADGRG1;MAP1B;NRCAM;ARHGEF26;TTLL7;DCHS1;STON2;NDRG4;SPTBN2;SPTSSB;COL12A1;ITGB8;NUAK1;IGFBP3;SDC3;SNCA;GPC6;GPX3;CENPF;NAV1;NRG1;CLDN5;CRMP1;EPHA4;RUNX1T1;SOBP;JAKMIP2;STXBP1;CACNA1H;ANK2;THSD4;KCNH2;CASZ1;PROX1;ACSL1;MAPRE3;RGS11;JAM3;ST6GALNAC5;MAP2;DEPP1;STMN2;SLC6A8;SRGAP3;FAM110B;MCF2L,anal_pc5_c21_S1.filtered.gene_spectra_score.k_3.dt_0_01.txt
3,1,SPLEEN_VASCULAR_ENDOTHELIAL,1.341079856482761,0.09176788124156546,0.0913251035892058,prerank,0.47483730508102995,1.0,18/25,41.88%,ERG;CALCRL;CYYR1;AFAP1L1;ADGRL4;HECW2;MAGI1;FAP;PTPRB;GREB1L;RAPGEF5;THSD7A;STAB2;HOXD3;SLC5A4;MYRIP;TACR1;KLHL4,anal_pc5_c21_S1.filtered.gene_spectra_score.k_3.dt_0_01.txt
3,1,TUFT,-1.338696578428739,0.0639269406392694,0.08110503783068612,prerank,-0.3533402885095138,0.996,16/49,12.64%,ATP2A3;AOC1;FYB1;SIGIRR;CD24;SERPINA1;ITPR2;PLCG2;ALOX5;RASSF7;PIK3R5;PBXIP1;KRT8;ALOX5AP;MATK;SPIB,anal_pc5_c21_S1.filtered.gene_spectra_score.k_3.dt_0_01.txt
3,1,ILC3,-1.3332046958429902,0.04918032786885246,0.08337798912567336,prerank,-0.36114326515224626,0.997,21/46,25.68%,CA2;GPR35;SLAMF1;BLK;JAML;CCR6;TSPAN15;ADAM19;CXCR6;AFF3;RORC;DPP4;LST1;GPR25;IL23R;RUNX2;NFATC1;IL4I1;SLC16A3;LDLRAD4;CPNE7,anal_pc5_c21_S1.filtered.gene_spectra_score.k_3.dt_0_01.txt
3,1,TREM2_DENDRITIC,1.3329067828534136,0.009433962264150943,0.09732650597592411,prerank,0.34522262102153844,1.0,63/271,17.46%,COL6A2;COL6A1;DST;SPARC;EPHX1;A2M;GSN;SERPINF1;ALDH1A1;PRXL2A;ALCAM;TGFBI;TXNRD1;PLPP3;FN1;PALLD;PTGDS;MMP14;ADAMDEC1;TIMP2;DPYSL2;LRP1;SDC2;CFD;RHOB;SERPING1;PMP22;TNFAIP2;FTL;APOE;TNS1;HYAL2;CTSB;EMP1;PDLIM7;GAA;ENG;GPX3;HSPA1A;CSTB;CTSK;GLUL;SGK1;IFI6;PPT1;AKR1B1;GPNMB;SCD;FLNA;FABP5;TSPAN4;AVPI1;VAT1;TUBA1C;GCHFR;SHTN1;PRCP;FMNL2;MX1;CREG1;RBP4;TFRC;FILIP1L,anal_pc5_c21_S1.filtered.gene_spectra_score.k_3.dt_0_01.txt
3,1,LATE_MESOTHELIAL,1.3327905119678145,0.008264462809917356,0.09705043864966484,prerank,0.3418234281457763,1.0,136/348,28.14%,C1R;LAMA5;COL18A1;EFEMP1;A4GALT;ALCAM;CDH3;GJA1;UCHL1;TNXB;HTRA1;DDR1;CLDN1;PLXNB1;TM4SF1;LIMS2;NQO1;ADIRF;OBSL1;NPNT;FAM3B;ANXA1;PDLIM4;FLRT2;PPL;MEGF6;KRT19;CFH;ADAM33;ANXA8;RDH10;CAV2;AHNAK2;PDPN;SULF1;C3;IGSF9;HSPG2;PODN;NAV2;ANOS1;ITGB8;TMEM132A;LAMA3;KLK10;NSG1;EMP1;KLK11;IGFBP2;BNC2;PRELP;ADAMTSL4;AMOTL2;PLEKHG3;COL4A6;SBSPON;TFPI2;SOX6;AQP3;GPNMB;NMU;MTUS1;CADPS2;NDRG1;KRT7;AVPI1;FRY;ARHGAP29;IGFBP6;GCHFR;RSPO3;SHTN1;CAVIN2;MX1;SMOC2;GLIS2;HSPB8;KCNT2;APOL1;C1QTNF1;DHRS3;MRGPRF;MYEF2;PLCB1;CFI;CSF1;AXL;THSD4;INMT;VIPR2;ADAM15;CYP4X1;SOX15;CLIP4;SLC16A1;P4HA2;NINJ1;TSPAN18;AOX1;PDE1A;SPOCK1;HEG1;ADGRD1;KLF9;NCOA7;MT1X;CYP4B1;RAB7B;PGF;CHRDL1;SLPI;MN1;GEM;PDGFC;RBP7;PODXL;RSPO1;ERRFI1;CMYA5;TNNT1;NET1;BNC1;MSLN;SH3BP5;CDKN1A;PDZD2;ARRDC4;PTGIS;NPR1;RHOD;LRRN1;GFPT2;SDC4;EVA1C;PLAUR;PDGFRL,anal_pc5_c21_S1.filtered.gene_spectra_score.k_3.dt_0_01.txt
3,1,INTESTINE_ENS_NEURONS,1.3250022392142038,0.09410288582183186,0.1030731178358879,prerank,0.42556411228155416,1.0,11/46,23.24%,UCHL1;MAP1B;TUBB2B;NDRG4;OLFM1;DCLK1;SGIP1;CADM3;SPOCK1;STMN2;TUBB2A,anal_pc5_c21_S1.filtered.gene_spectra_score.k_3.dt_0_01.txt
3,1,HSC_ELP,-1.324603339163538,0.0,0.08735481635397892,prerank,-0.2806517902505485,0.997,53/171,16.60%,ATP2A3;ACAP1;SEPTIN1;TBC1D10C;LTB;FCMR;TRBC2;CD79A;CLEC2D;SPOCK2;CD3E;JCHAIN;PTPN7;HSH2D;LCK;KCNN4;CYFIP2;MZB1;SLC17A9;NIBAN3;PROM1;RHOH;C16orf54;CD7;NKG7;GIMAP2;CD79B;PBXIP1;CD69;PRKCQ;KLRG1;SAMD3;SLC39A8;BCL2;FAM30A;PRKACB;RAB37;S1PR4;LPIN1;MATK;ITM2A;STAP1;IKBKE;BCAS4;SMAGP;MYB;GATA3;USP20;CXXC5;PDE7A;TRANK1;TNFSF8;LRBA,anal_pc5_c21_S1.filtered.gene_spectra_score.k_3.dt_0_01.txt
3,1,SIMILAR_TO_HSC_C6_PUTATIVE_ALTERED_METABOLIC_STATE,-1.324264031697684,0.05416666666666667,0.0867610250659435,prerank,-0.3695257276016488,0.997,13/40,16.86%,CD74;CD52;NFKBIZ;JAML;SKAP1;CD69;LPAR6;BTG2;MEF2C;ZFP36;ID2;LRBA;DUSP2,anal_pc5_c21_S1.filtered.gene_spectra_score.k_3.dt_0_01.txt
3,1,EXTRAVILLOUS_TROPHOBLASTS,1.3227314319477788,0.0810126582278481,0.10455922464436039,prerank,0.4170739775826154,1.0,19/53,23.54%,FSTL1;FAT2;FBN1;TNFSF10;SEMA4C;CDKN1C;GAA;LY6K;IL1RAP;MFAP5;CERCAM;KRT7;FGFBP1;CD276;SERPINE1;AFAP1;ISG15;PTGES;FLT1,anal_pc5_c21_S1.filtered.gene_spectra_score.k_3.dt_0_01.txt
3,1,CORNEA_CYTOTOXIC_T,1.3220832849244404,0.11690140845070422,0.10467953318322824,prerank,0.4769571731742849,1.0,7/27,13.30%,NUSAP1;MATN2;CEP72;ASPM;KIF11;CENPF;NMU,anal_pc5_c21_S1.filtered.gene_spectra_score.k_3.dt_0_01.txt
3,1,VISCERAL_NEURONS,1.3194595650142908,0.07894736842105263,0.10653514099746489,prerank,0.402314492668565,1.0,35/67,44.00%,UCHL1;MAP1B;TUBB2B;FST;OLFM1;VAT1;ACAT2;GRIA3;PRIMA1;STMN2;TMOD1;TUBB2A;LHX2;GPM6B;TMEM59L;NGFR;SLC44A5;ADCYAP1R1;SCUBE1;NECAB2;SLC6A15;L1CAM;CSMD2;RAB15;DLX1;SYN2;KCNH1;NKAIN3;GNAO1;DLGAP1;KCNB1;CDH6;VIP;MEGF10;MGAT5B,anal_pc5_c21_S1.filtered.gene_spectra_score.k_3.dt_0_01.txt
3,1,KIDNEY_2_NEPHRON_PROGENITOR,1.3190543066879648,0.1240768094534712,0.10652077273278945,prerank,0.5051743046292264,1.0,7/19,13.64%,SOX4;LAMB1;ODC1;TUBB2B;JAG1;HOXB3;ANP32E,anal_pc5_c21_S1.filtered.gene_spectra_score.k_3.dt_0_01.txt
3,1,HEART_SATB2_LRRC7_POSITIVE,1.3178313062030285,0.10683760683760683,0.10721197069102574,prerank,0.48209616947734596,1.0,13/24,37.82%,TMEM158;LYPD6B;RAPGEFL1;LRP1B;LMO3;LHX2;KAZN;PTPRD;KIAA0319;NXPH3;NTM;CSMD2;MSRA,anal_pc5_c21_S1.filtered.gene_spectra_score.k_3.dt_0_01.txt
3,1,HYPERTROPHIC_CHONDROCYTE,1.3142786447394772,0.031833150384193196,0.10968593701300826,prerank,0.3612565537335088,1.0,63/167,26.30%,GPC1;GSN;GPC3;MXRA7;MFGE8;MTSS2;DDR1;PLXNB1;WNT5A;LOXL4;PDLIM4;NRCAM;CRISPLD2;ANGPTL2;PAMR1;FGFR3;PDPN;TPM2;TTLL7;KLHL21;WNT4;MELTF;CRYAB;CDKN1C;PPFIBP1;SLC2A1;GPSM1;HAPLN1;DSTN;LOX;TMEM119;SCD;VIT;NDRG1;AVPI1;SPON2;HAS2;CEBPB;SMOC2;ACAT2;TFRC;HSPH1;VLDLR;CRISPLD1;ARSI;LOXL2;COX7A1;NIBAN2;SLC16A1;SPOCK1;CCDC88A;SLC6A8;C1QTNF3;PTGES;COMP;WNT11;DBI;NRN1;ERRFI1;SPSB1;NPR3;CDKN1A;STK38L,anal_pc5_c21_S1.filtered.gene_spectra_score.k_3.dt_0_01.txt
3,1,ALVEOLAR_EPITHELIAL_TYPE_1,1.3138433378560577,0.020518358531317494,0.1097080161831252,prerank,0.3475388552549181,1.0,73/209,23.34%,DST;SPARC;COL4A2;RBP1;EFEMP1;COL4A1;TACSTD2;LAMC1;GJA1;IGFBP7;FN1;EHD2;TM4SF1;LIMS2;TIMP2;DPYSL2;ABCA8;CYBRD1;KRT19;FBLN5;TIMP3;LAMB3;MYL9;ARHGEF26;ABI3BP;ANGPTL2;PMP22;CAV2;PDPN;TTLL7;CAV1;HSPG2;COL12A1;ANOS1;PHLDB2;TNS1;CRYAB;TAGLN;LAMA3;CCN1;PPFIBP1;MT2A;CRIP2;SBSPON;FHL1;FLNA;TSPAN4;CADM1;KRT7;ARHGAP29;DOCK4;HSPB8;CCN2;SNX21;DLC1;COL8A1;ABCA1;VEGFA;C1orf198;NCKAP5;CLIP4;ST6GALNAC5;HIP1;MAP2;P4HA2;HEG1;SEMA5A;PDLIM3;MT1X;DNAJB1;NEXN;CYP4B1;NDNF,anal_pc5_c21_S1.filtered.gene_spectra_score.k_3.dt_0_01.txt
3,1,ASTROCYTES,1.3110454976440125,0.13249651324965134,0.11187469707150255,prerank,0.45742030727176747,1.0,13/29,30.58%,PTN;FZD10;ADGRG1;TNC;BOC;HMCN2;LMO3;DCLK1;SLC25A48;DCLK2;GPM6B;ATP1A2;ADCYAP1R1,anal_pc5_c21_S1.filtered.gene_spectra_score.k_3.dt_0_01.txt
3,1,HEART_SCHWANN,1.3006944812696821,0.11790393013100436,0.12077276362869308,prerank,0.4588864849116993,1.0,16/26,34.72%,ALDH1A1;ITIH5;TFAP2A;OLFML2A;TSPAN11;ALDH1A3;ASPA;PRIMA1;GFRA3;COL28A1;LGI4;ARTN;COL22A1;INSC;SOX10;CDH19,anal_pc5_c21_S1.filtered.gene_spectra_score.k_3.dt_0_01.txt
3,1,GAMMA,1.2950324794761454,0.1390922401171303,0.1255396668708335,prerank,0.47354886729954615,1.0,12/23,23.80%,DPYSL3;FGFR1;ID4;ID1;AQP3;SLITRK6;TMEM47;MEIS2;SPOCK1;AKAP12;STMN2;ETV1,anal_pc5_c21_S1.filtered.gene_spectra_score.k_3.dt_0_01.txt
3,1,DC2,-1.2860050535129093,0.08928571428571429,0.11113409434397652,prerank,-0.3649755640735929,1.0,14/39,15.82%,MAP4K1;LPXN;ADAM8;LGALS2;IRF4;TLR10;CD69;COL9A2;TMEM156;IL1R2;MOB3B;FCGR2B;CD1C;IL18,anal_pc5_c21_S1.filtered.gene_spectra_score.k_3.dt_0_01.txt
3,1,CL0_XBP1_SELK_HIGH_STROMAL,1.2840151221941503,0.13550135501355012,0.1360201415846168,prerank,0.4479764668448063,1.0,11/29,17.40%,DCN;LUM;IGFBP5;SDC2;CNN3;FGF7;CTNNAL1;C11orf96;SPTSSA;CEBPB;HSPH1,anal_pc5_c21_S1.filtered.gene_spectra_score.k_3.dt_0_01.txt
3,1,MACROPHAGE,1.2831109501098588,0.007128309572301426,0.13645325272377357,prerank,0.3273377998850798,1.0,129/458,17.46%,C1S;COL6A2;BCAM;COL6A1;EPHX1;A2M;GSN;RBP1;NOTCH3;MFAP4;SERPINF1;MMP2;CALD1;GSTM3;TGFBI;SOX4;FBN1;CXCL12;EMILIN1;PLPP3;IGFBP7;IGFBP5;MFGE8;FN1;AEBP1;HTRA1;PALLD;TM4SF1;MDK;CAVIN1;OBSL1;PRKG1;NR2F1;CDH11;MXRA8;ABCA8;LRP1;SDC2;MAP1B;KRT19;RHOB;CFH;TSHZ2;HES4;CCDC80;MYL9;SERPING1;IGFBP4;BGN;TNFSF10;PDGFRB;CAV2;JAG1;IFITM3;TNFAIP2;TPM2;FTL;APOE;ACTA2;CAV1;MGP;ARHGEF17;TNS1;ITGB8;TAGLN;CTSB;NUAK1;NFIB;CDKN1C;PMAIP1;EMP1;CSTA;IGFBP2;RUNX1;OLFML3;BNC2;FGF7;NR2F2;ENG;PRELP;GPX3;HSPA1A;MT2A;CSTB;CTSK;GLUL;DDR2;SMAD1;SULF2;MYLK;CDH5;CLDN5;SGK1;IFI6;CALCRL;PPT1;OSR2;TJP1;GPNMB;SVIL;C11orf96;ISLR;CTHRC1;HTRA3;FABP5;EGFL7;TGM2;AVPI1;ARHGAP29;SOD3;PLTP;RAMP2;VAT1;TUBA1C;GUCY1B1;CYYR1;FMNL2;CEBPB;GNG11;CREG1;CLEC14A;SERPINE2;GUCY1A1;CCN2;NAMPT;B3GNT5;RBP4;CXCL1;FILIP1L,anal_pc5_c21_S1.filtered.gene_spectra_score.k_3.dt_0_01.txt
3,1,CEREBRUM_SKOR2_NPSR1_POSITIVE,1.2825451843692512,0.15294117647058825,0.1365663808117465,prerank,0.49699427629897996,1.0,9/19,32.22%,GPC3;ADGRL2;TFAP2A;PDE1C;NDNF;POSTN;NGFR;EBF3;COL6A5,anal_pc5_c21_S1.filtered.gene_spectra_score.k_3.dt_0_01.txt
3,1,EC,1.2816285307763198,0.1763869132290185,0.1369978201325955,prerank,0.5168214892247545,1.0,4/15,12.46%,CES1;MAP1B;IGFBP3;ID1,anal_pc5_c21_S1.filtered.gene_spectra_score.k_3.dt_0_01.txt
3,1,OLFACTORY_NEUROEPITHELIUM_BOWMANS_GLAND,-1.2808517070047196,0.14204545454545456,0.11411857764079505,prerank,-0.42915584176930816,1.0,6/18,16.96%,PPP1R1B;XBP1;LRRC26;DMBT1;LYZ;RNASE1,anal_pc5_c21_S1.filtered.gene_spectra_score.k_3.dt_0_01.txt
3,1,PROXIMAL_SECRETORY_3,1.280596501971822,0.07043879907621248,0.1375700866270101,prerank,0.3546741918795862,1.0,38/128,15.94%,PKP1;KRT15;SEMA3F;A4GALT;FBN1;FBLN2;EHD2;CLDN1;VCAN;TM4SF1;S100A2;EYA2;ANXA1;TFAP2A;CFH;TSHZ2;ITGB4;IGFBP4;TNFSF10;TNFAIP2;C3;GRHL1;ITGB8;IGFBP3;CSTA;KLK11;VTCN1;RHOV;TNNT3;PLEKHG5;IFI6;GABRP;ALDH1A3;LYPD6B;KRT7;SOD3;CH25H;MX1,anal_pc5_c21_S1.filtered.gene_spectra_score.k_3.dt_0_01.txt
3,1,FIBROMYOCYTE,1.2802095674030076,0.13486370157819225,0.13749855625664356,prerank,0.482961235166137,1.0,14/19,32.82%,CLDN1;SCARA3;CLU;SBSPON;ACTG2;SYNPO2;GREM2;RAMP1;COL23A1;FNDC1;PLXNA4;PRUNE2;AQP1;KCNMB1,anal_pc5_c21_S1.filtered.gene_spectra_score.k_3.dt_0_01.txt
3,1,HSC,1.2790356082854852,0.022988505747126436,0.1383296111909736,prerank,0.3290758848456272,1.0,79/323,17.32%,PXDN;LTBP4;FSTL1;MFAP4;MCM2;ALDH1A1;TYMS;MFAP2;PRXL2A;GSTM3;CROCC;HELLS;PHGDH;IGFBP7;MFGE8;AEBP1;CENPU;PBX1;TFPI;MDK;CAVIN1;NQO1;LAPTM4B;MEIS1;EZH2;UHRF1;ADGRG1;CDT1;LMNB1;PTTG1;TIMP3;RBPMS;PLPP1;BMP1;NREP;HYAL2;DBN1;SNCA;PPFIBP1;MAST4;WWOX;RIMKLB;CCNB1;CENPF;BLMH;SPRY1;MSRB3;CNKSR3;IL1RAP;CPXM1;GPSM2;SMAD1;CKAP2;PAM;TSPAN2;FADS2;PINLYP;ERG;CALCRL;PLCXD1;ZBTB16;ISYNA1;FHL1;CERCAM;EMID1;CLEC11A;HOXB4;WFDC1;VAT1;GUCY1B1;CYYR1;ZNF521;CAVIN2;GNG11;SERPINE2;CD34;GUCY1A1;ACAT2;CDCA7L,anal_pc5_c21_S1.filtered.gene_spectra_score.k_3.dt_0_01.txt
3,1,HEART_LYMPHATIC_ENDOTHELIAL,1.2786133208991468,0.13439306358381503,0.13830144979717285,prerank,0.477968155044429,1.0,11/22,29.30%,SPHK1;FZD10;HOXD10;HOXD9;EFCC1;PROX1;TBX1;C6orf141;CCL21;FLT4;HOXD4,anal_pc5_c21_S1.filtered.gene_spectra_score.k_3.dt_0_01.txt
3,1,POLYPEPTIDE,1.2779288686591679,0.08863920099875156,0.13856012335225976,prerank,0.3801692687655438,1.0,30/77,23.80%,DPYSL3;FGFR1;SDK1;DDR1;ID4;MEIS1;ADGRL2;EGR1;GLT8D2;PAM;ID1;SPC25;AQP3;SLITRK6;FABP5;SYNPO2;TMEM47;ZNF503;PTGFR;MEIS2;GRIA3;LMO3;CACNA1H;MAP2;SPOCK1;AKAP12;STMN2;TMOD1;TUBB2A;ETV1,anal_pc5_c21_S1.filtered.gene_spectra_score.k_3.dt_0_01.txt
3,1,CHIEF,1.2757458502550432,0.15602836879432624,0.14036291569963766,prerank,0.44215483017875135,1.0,12/27,22.86%,SOX4;ITIH5;FTL;CDKN1C;IGFBP2;NR2F2;MT2A;GLUL;JUN;IL33;FTH1;MT1X,anal_pc5_c21_S1.filtered.gene_spectra_score.k_3.dt_0_01.txt
3,1,NEUROTYPES_HNBML1,1.272614952765461,0.07381776239907728,0.14329895919949462,prerank,0.35971305554923505,1.0,40/114,25.54%,DPYSL3;AKR1C2;ROBO1;SYCP2;UCHL1;SOX4;MAP1B;TUBB2B;EDIL3;NDRG4;IGSF9;GP1BB;NREP;NUAK1;NSG1;PER1;SHISA2;PHLDA1;NAV1;NFASC;OLFM1;CRMP1;NEGR1;ZNF521;DOCK4;ASPA;ANK3;ANK2;MAPRE3;MAP2;PRKAR2B;PDE1A;STMN2;MCF2L;KCNH8;RNF112;SBK1;NRN1;SEMA3A;VASH2,anal_pc5_c21_S1.filtered.gene_spectra_score.k_3.dt_0_01.txt
3,1,COLLECTING_SYSTEM_PCS_STRESSED_DISSOC_SUBSET,1.2708885152982334,0.07719298245614035,0.14463527903362464,prerank,0.3581320661538655,1.0,39/108,25.24%,COL18A1;SDK1;IGFBP5;PALLD;LAMB1;PRKG1;ITGA2;ADGRL2;KRT19;TIMP3;RBPMS;TPST1;EGR1;WWTR1;GPX3;HSPA1A;TRPS1;TJP1;LDLR;UACA;MID1;MTUS1;CADPS2;NDRG1;NAMPT;LRP1B;HSPH1;ANK3;JUN;THSD4;ASAP2;GLIS3;NCOA7;DNAJB1;FAM110B;FER;ARL15;NAALADL2;EMCN,anal_pc5_c21_S1.filtered.gene_spectra_score.k_3.dt_0_01.txt
3,1,FGFBP2_POS_NEURAL_PROGENITOR,1.2628400281231564,0.14285714285714285,0.15298512204176085,prerank,0.4394621334683864,1.0,13/28,32.06%,LAMA5;MFAP4;NFIX;UNC5B;VEGFA;EPAS1;ADM;TMEM100;SYNM;NDUFA4L2;NKD1;PLA2G6;AQP1,anal_pc5_c21_S1.filtered.gene_spectra_score.k_3.dt_0_01.txt
3,1,KIDNEY_URETERIC_BUD,1.2626341987755754,0.06473214285714286,0.1526902666331264,prerank,0.35119175714701184,1.0,43/139,18.58%,PKP1;AKR1C2;KRT15;ALDH1A1;TACSTD2;SDK1;ADIRF;S100A2;COL17A1;TNS4;FAM3B;PPL;TFAP2A;KRT19;ITGB4;LAMB3;HR;RDH10;CYP4F3;CYP4F11;FOXQ1;GRHL1;GPX2;VTCN1;LY6K;DUOXA1;IRF6;GRHL2;PVALB;GJB6;LYPD6B;KRT7;SYT8;LY6D;TFAP2C;SNCG;UGT1A1;C6orf132;KRT80;CYP24A1;PROM2;CPXM2;CFI,anal_pc5_c21_S1.filtered.gene_spectra_score.k_3.dt_0_01.txt
3,1,FGFR1LOW_EPITHELIAL,-1.2592761778066508,0.125,0.1296962701430382,prerank,-0.41016739689856585,1.0,9/21,9.04%,LAPTM5;CYTIP;LPXN;IL10RA;TRAF1;CD52;SH3KBP1;TCF7;CD69,anal_pc5_c21_S1.filtered.gene_spectra_score.k_3.dt_0_01.txt
3,1,KIDNEY_7_LOOPOF_HENLE_CELLS_DISTAL,1.25893480833334,0.12390488110137672,0.15620525549644448,prerank,0.3893125974248175,1.0,11/56,6.84%,COL6A1;COL18A1;ALDH1A1;GSTM3;UCHL1;CXCL12;IGFBP7;LAMB1;TUBB2B;FTL;APOE,anal_pc5_c21_S1.filtered.gene_spectra_score.k_3.dt_0_01.txt
3,1,PLACENTA_SYNCYTIOTROPHOBLASTS_AND_VILLOUS_CYTOTROPHOBLASTS,1.2588072324583506,0.14022662889518414,0.1558222857872281,prerank,0.4579672917014852,1.0,10/24,26.12%,TP63;CLCA2;FRMD6;ANKRD65;ISYNA1;CRISPLD1;MCOLN3;PRSS12;EDARADD;MAPK4,anal_pc5_c21_S1.filtered.gene_spectra_score.k_3.dt_0_01.txt
3,1,NEUROTYPES_HDA1,1.2555707553949773,0.05037513397642015,0.1590517816384612,prerank,0.3327799577601102,1.0,92/229,32.70%,DPYSL3;AKR1C2;ROBO1;CDH3;UCHL1;CDH13;PBX1;NPNT;VSNL1;MAP1B;DNM1;TUBB2B;TSHZ2;NDRG4;NREP;NSG1;SDC3;SNCA;BNC2;PAPPA;LSAMP;NAV1;NFASC;CRMP1;MID1;IGDCC4;SCN9A;CADPS2;CADM1;RCAN2;FRY;NEGR1;VAT1;SHTN1;ENC1;DOCK4;SOBP;PDE1C;IGF1;STXBP1;GRIA3;LDB2;MYEF2;DCLK1;PLCB1;ANK3;ANK2;LMO4;PLCB4;KALRN;CYP4X1;GFRA1;FAT4;MAP2;PRKAR2B;PDE1A;SPOCK1;CCDC88A;STMN2;DMTN;CACNA1C;NAV3;MCF2L;TMEM178B;RNF112;SBK1;ZBTB46;VASH2;SLC4A3;SH3BP5;ZC2HC1A;NMNAT2;SLC1A4;CHST1;TMEM59L;LGI2;PLPPR4;DNM3;PDE4D;TSPOAP1;SNAP25;RAPGEF5;EBF3;NRXN1;PLXNA4;ELOVL4;PTPN3;AJAP1;NEDD4L;ABLIM3;TMEM255A;RELN,anal_pc5_c21_S1.filtered.gene_spectra_score.k_3.dt_0_01.txt
3,1,NEUROTYPES_HNBM,1.2544772431402311,0.10344827586206896,0.1598518530544726,prerank,0.35285830198011336,1.0,39/110,25.68%,DPYSL3;EFS;ROBO1;SOX4;NFIX;ADGRG1;MAP1B;MEGF6;TUBB2B;EDIL3;NSG1;TSPAN11;PAPPA;PHLDA1;NAV1;NFASC;CRMP1;CADM1;SOBP;DCLK1;ANK2;SOX5;GREM2;GFRA1;MAP2;AP3B2;PRKAR2B;AFAP1;STMN2;MCF2L;RND3;KCNH8;SBK1;NRN1;PDP1;SHOX2;ZBTB46;VASH2;GRIK2,anal_pc5_c21_S1.filtered.gene_spectra_score.k_3.dt_0_01.txt
3,1,MARROW_CD34_POS_PRE_PC,1.2507362217323252,0.13192612137203166,0.16388907484869472,prerank,0.40881868192399706,1.0,13/40,22.86%,PXDN;DBN1;PPFIBP1;RIMKLB;PPP2R2C;GPSM1;NAV1;SMAD1;ERG;CLEC14A;P4HA2;AKAP12;MT1X,anal_pc5_c21_S1.filtered.gene_spectra_score.k_3.dt_0_01.txt
3,1,PULMONARY_NEUROENDOCRINE,1.2461814590720135,0.10472972972972973,0.16891383777196547,prerank,0.3528648427647833,1.0,42/106,30.10%,DPYSL3;ROBO1;A4GALT;ADGRG1;MAP1B;KLK11;SNCA;PDZRN3;DTNA;MMP11;LHFPL6;CRMP1;SLITRK6;ESPL1;KRT7;NEGR1;RUNX1T1;SMOC2;JAKMIP2;CHRD;FAM13C;CACNA1H;ANK2;KCNH2;CASZ1;PROX1;MAPRE3;RGS11;GNG4;JAM3;AP3B2;GFRA3;INHBB;DACH1;GRIK2;NDUFA4L2;SCNN1A;FLT4;COL22A1;PDGFD;SNAP25;BAALC,anal_pc5_c21_S1.filtered.gene_spectra_score.k_3.dt_0_01.txt
3,1,MUCOUS,1.239047088798075,0.10877626699629171,0.17752019986374543,prerank,0.35509603124814926,1.0,22/88,14.54%,AKR1C2;SERPINF1;MDK;CLU;TNFSF10;RDH10;TNFAIP2;C3;CBR3;CP;CTSB;KLK10;IGFBP3;KLK11;RHOV;GPX3;CX3CL1;CSTB;TFPI2;CCL2;ALDH1A3;TGM2,anal_pc5_c21_S1.filtered.gene_spectra_score.k_3.dt_0_01.txt
3,1,COLLECTING_SYSTEM_PRINCIPAL_CELLS_CORTEX,1.2328099269243127,0.15802781289506954,0.18518965715377092,prerank,0.37778228165118605,1.0,27/59,30.52%,COL4A5;SDK1;MAPK10;LAMB1;PRKG1;RBPMS;NFIB;WWTR1;PTPN13;TRPM3;PAPPA;TRPS1;CADPS2;NDRG1;ANK3;THSD4;GLIS3;PDE10A;PDE1A;FER;ARL15;NAALADL2;KAZN;LIMCH1;FHOD3;PDE4D;AHI1,anal_pc5_c21_S1.filtered.gene_spectra_score.k_3.dt_0_01.txt
3,1,EPSILON,1.2306996639052161,0.18132611637347767,0.18749821479268566,prerank,0.44417195177821034,1.0,9/24,20.08%,BMP7;CDKN2A;CLU;SPTSSB;NUAK1;SPON2;KCNH2;PROX1;ACSL1,anal_pc5_c21_S1.filtered.gene_spectra_score.k_3.dt_0_01.txt
3,1,OXYNTIC_ENTEROCHROMAFFIN_LIKE,1.2291362187600956,0.1608300907911803,0.18882624300521472,prerank,0.4006104454381986,1.0,17/43,23.46%,ALDH1A1;SOX4;CPE;ECE1;KLK11;PDZRN3;GPX3;PAM;IFI6;RUNX1T1;SMOC2;ANK2;CAVIN3;PROX1;ACSL1;DEPP1;GFRA3,anal_pc5_c21_S1.filtered.gene_spectra_score.k_3.dt_0_01.txt
3,1,MARROW_PLATELET,1.2290552318245094,0.11342592592592593,0.18835468395281313,prerank,0.34551678156458643,1.0,30/106,23.04%,SPARC;ODC1;MEIS1;SEPTIN5;CLU;MYL9;STON2;TDRP;GRHL1;PDLIM7;TSPAN9;ITGB3;MYLK;CLDN5;PVALB;INKA2;CNN1;CAVIN2;GNG11;PDE5A;ASAP2;KIFC3;LURAP1L;PEAR1;DENND2C;ESAM;AFAP1;TSPAN18;TMEM40;NEXN,anal_pc5_c21_S1.filtered.gene_spectra_score.k_3.dt_0_01.txt
3,1,SMG,1.2216856433799996,0.042988741044012284,0.19769436394936166,prerank,0.3131142134589429,1.0,80/352,14.88%,PKP1;COL6A2;DST;NTRK2;A2M;KRT15;PITX1;FAT2;SPHK1;NTN1;FBLN2;AEBP1;HTRA1;PALLD;VCAN;TM4SF1;CAVIN1;NQO1;S100A2;EYA2;KRT14;NPNT;MEIS1;ADGRG1;ANXA1;MAP1B;TFAP2A;CFD;CALML5;CFH;TSHZ2;ITGB4;IGFBP4;TNFSF10;FRMD6;RDH10;TNFAIP2;CBR3;SFRP1;FOXQ1;GRHL1;MGP;ITGB8;CP;CRYAB;FAM83H;HEY1;KLK10;IGFBP3;CSTA;KLK11;VTCN1;RUNX1;SH3PXD2B;SLIT3;RHOV;LYPD3;LRIG1;TRPS1;CX3CL1;CDC42EP2;SLC45A4;FGD5;PHLDA1;SULF2;FRMD4A;CALCRL;PLA2R1;UACA;ZNF750;GABRP;SLITRK6;ALDH1A3;SLC4A11;F3;TGM2;KRT7;AVPI1;WFDC1;GABBR1,anal_pc5_c21_S1.filtered.gene_spectra_score.k_3.dt_0_01.txt
3,1,PTGDS_POS_OPC,1.2196477207424152,0.15375153751537515,0.19987538766305582,prerank,0.3687600721501413,1.0,15/63,14.22%,PFN2;ADAM23;APCDD1;PTGDS;LIMS2;TNS2;PCDH7;FXYD6;ANGPTL2;LSAMP;NFASC;FRMD4A;SGK1;EPB41L2;CADM1,anal_pc5_c21_S1.filtered.gene_spectra_score.k_3.dt_0_01.txt
3,1,CORNEA_MELANOCYTES,1.2177315212178275,0.15521628498727735,0.2019122561242175,prerank,0.3725980357936761,1.0,23/58,26.40%,LAMA4;MFGE8;PLXNB1;CAVIN1;NRCAM;HSPG2;CNN3;CSPG4;HSF4;ISYNA1;OLFM1;CLEC11A;PRCP;NAMPT;STXBP1;KIFC3;DUSP14;KLF9;DNAJB1;RAMP1;ARID5B;LAP3;BLVRB,anal_pc5_c21_S1.filtered.gene_spectra_score.k_3.dt_0_01.txt
3,1,LATE_AIRWAY_PROGENITOR,1.2176175473664985,0.2,0.2014569722940634,prerank,0.47838991046180646,1.0,7/18,20.22%,NTN1;PCDH7;ANXA1;CFH;LMO3;LURAP1L;NCKAP5,anal_pc5_c21_S1.filtered.gene_spectra_score.k_3.dt_0_01.txt
3,1,HEART_VISCERAL_NEURONS,1.2155527737123186,0.22913719943422914,0.2036654459249143,prerank,0.457874299474138,1.0,15/19,48.54%,FST;GNG4;CPEB1;PIANP;PRUNE2;TMEM255A;NECAB2;PLPP4;KCNH1;RGS4;ECEL1;KCNK3;RAB3B;TH;MAB21L1,anal_pc5_c21_S1.filtered.gene_spectra_score.k_3.dt_0_01.txt
3,1,SPLEEN_AFP_ALB_POSITIVE,1.2150977573572541,0.1569115815691158,0.20366610578942881,prerank,0.36418126369225096,1.0,11/62,13.32%,GPC3;FN1;LOXL4;CLU;SULT1E1;CYP4F3;FTL;APOE;MT2A;FST;SCD,anal_pc5_c21_S1.filtered.gene_spectra_score.k_3.dt_0_01.txt
3,1,KIDNEY_8_CONNECTING_TUBULE,1.2130945297099585,0.14583333333333334,0.20583181819955884,prerank,0.367018591353633,1.0,19/70,12.48%,COL1A2;COL6A1;COL18A1;GSTM3;PHGDH;PHLDB1;IGFBP7;PLXNB1;LAMB1;NPNT;PTGR1;KRT19;IGFBP3;PTPN13;DSTN;HOXD9;AIF1L;FRMD4A;HOXB3,anal_pc5_c21_S1.filtered.gene_spectra_score.k_3.dt_0_01.txt
3,1,PLATELET,1.21295239185762,0.1310344827586207,0.20537850486541234,prerank,0.33093810670092105,1.0,44/130,25.40%,SPHK1;PBX1;TFPI;LAPTM4B;MEIS1;TIMP3;E2F1;CAV2;STON2;RIPOR3;TNS1;ECE1;SNCA;RIMKLB;SPRY1;MYLK;THBS1;CTNNAL1;PLCXD1;LTBP1;INKA2;SMTN;GUCY1B1;CAVIN2;GNG11;PDE5A;KIFC3;PEAR1;KALRN;SORBS1;SERPINE1;ZNF185;DIPK1B;SLC16A1;ESAM;PRKAR2B;DEPP1;DMTN;TMEM40;NEXN;BTBD19;ARL15;NET1;ARID5B,anal_pc5_c21_S1.filtered.gene_spectra_score.k_3.dt_0_01.txt
3,1,IRIS_CILIARY_BODY_MELANOCYTES,1.211313909849262,0.1958762886597938,0.20697110296397345,prerank,0.3803064404974259,1.0,17/50,22.32%,EPHX1;MTSS2;MMP14;CDKN2C;CDKN1C;BNC2;TMTC1;PER1;ZEB2;PLEKHG3;ZBTB16;ARL6IP1;LMO4;SGCD;NINJ1;CCDC88A;TMOD1,anal_pc5_c21_S1.filtered.gene_spectra_score.k_3.dt_0_01.txt
3,1,MUSCLE_ERYTHROBLASTS,1.2101625132631135,0.1947019867549669,0.20801491210129816,prerank,0.41214395586954994,1.0,11/32,22.30%,SLC12A4;RIPOR3;MYBL2;WDR76;TROAP;SLC2A1;HMMR;TFRC;CDCA8;SLC6A8;DMTN,anal_pc5_c21_S1.filtered.gene_spectra_score.k_3.dt_0_01.txt
3,1,FIBROCARTILAGE_CHONDROCYTE,1.2070302878485555,0.18406593406593408,0.21192815729364112,prerank,0.40548766896755073,1.0,13/37,21.16%,OBSL1;FXYD6;PDLIM4;TUBB2B;ANGPTL2;CRYAB;IGFBP3;HAPLN1;PLOD2;AVPI1;CPXM2;TUBB4B;P4HA2,anal_pc5_c21_S1.filtered.gene_spectra_score.k_3.dt_0_01.txt
3,1,PARIETAL,1.2033686701359774,0.18820577164366373,0.21651933439126922,prerank,0.3737916524060459,1.0,12/55,13.02%,GPC3;ALDH1A1;IGFBP5;ITIH5;TPM2;FTL;IGFBP2;LRIG1;PHLDA1;GLUL;SGK1;LIFR,anal_pc5_c21_S1.filtered.gene_spectra_score.k_3.dt_0_01.txt
3,1,NEUROTYPES_HDA2,1.2013405368667196,0.10281385281385282,0.21867603772965497,prerank,0.32104652709066417,1.0,84/196,34.22%,DPYSL3;AKR1C2;KRT17;ROBO1;DKK3;ALDH1A1;UCHL1;CLDN1;CDH13;PBX1;VSNL1;SDC2;MAP1B;TUBB2B;NDRG4;NREP;NSG1;SNCA;BNC2;PAPPA;NFASC;SOX6;CRMP1;SCN9A;RCAN2;FRY;SHTN1;KIAA1549;SOBP;IGF1;STXBP1;GRIA3;LMO3;ANK3;LMO4;CYP4X1;GFRA1;MAP2;PRKAR2B;PDE1A;STMN2;DMTN;TUBB2A;TMEM178B;RNF112;SBK1;PDP1;FAM184A;DYNC1I1;SLC4A3;SH3BP5;ZC2HC1A;NMNAT2;BRSK1;PDE2A;SLC1A4;CHST1;TMEM59L;LGI2;PLPPR4;PIANP;SHF;DNM3;FHOD3;PDE4D;SNAP25;BAALC;TSPAN7;PLXNA4;ELOVL4;PTPN3;AJAP1;NEDD4L;PCDH17;ABLIM3;PLA2G4C;SLC6A15;ENO2;NTM;MEST;PKIA;FGF9;COL11A1;PNCK,anal_pc5_c21_S1.filtered.gene_spectra_score.k_3.dt_0_01.txt
3,1,IRIS_CILIARY_BODY_SMOOTH_MUSCLE,1.200158959572837,0.1735330836454432,0.21970235943404323,prerank,0.36683649358726156,1.0,14/60,16.86%,COL18A1;PITX1;FGFR2;LAMC1;PCDH18;EDIL3;HSPG2;CCN1;LTBP1;ACTG2;PLOD2;FRY;RUSC2;CCN2,anal_pc5_c21_S1.filtered.gene_spectra_score.k_3.dt_0_01.txt
3,1,MEGAKARYOCYTES,-1.1996166573570382,0.08196721311475409,0.18615582648899998,prerank,-0.2696849811354962,1.0,34/134,19.84%,ATP2A3;RASGRP2;SIAE;LEFTY1;LAT;FERMT3;BIN2;LIPH;BANK1;CCR4;CD84;SUSD3;FAM30A;RAB37;NOL4L;CD40LG;BTK;LINC02694;NBEAL2;CD226;RASA3;DOK3;TSPAN32;PLEK;STXBP5;C3orf52;LYL1;ARHGAP18;C11orf21;CNST;SLC2A3;PDE3A;HGD;DIAPH1,anal_pc5_c21_S1.filtered.gene_spectra_score.k_3.dt_0_01.txt
3,1,ALPHA,1.1980309102571747,0.10486486486486486,0.2220829757567317,prerank,0.31996062535419634,1.0,70/188,31.10%,PFN2;TUSC3;ALDH1A1;SDK1;PALLD;MTSS2;NLGN2;GSTA4;LOXL4;NPNT;CPE;FXYD6;SDC2;CLU;NRCAM;EDIL3;SPTSSB;SLC7A2;GPC6;GPX3;LSAMP;CNKSR3;NAV1;IRF6;SNED1;NFASC;PAM;TSPAN2;IFI6;SPC25;CRMP1;CERCAM;FABP5;RCAN2;SERPINE2;GRIA3;LDB2;MYEF2;PLK2;PROX1;GNG4;P4HA2;AP3B2;SLC29A1;DEPP1;STMN2;FAM110B;TMEM178B;C12orf75;DACH1;FAP;ARRDC4;MMRN1;LIMCH1;MAFB;PEG10;PGR;LGI2;PLPPR4;F10;PTPRD;PDE4D;SNAP25;AGT;TSPAN7;AHI1;KIAA0319;ENPP2;NRXN1;STC2,anal_pc5_c21_S1.filtered.gene_spectra_score.k_3.dt_0_01.txt
3,1,SIGNALING_ALVEOLAR_EPITHELIAL_TYPE_2,-1.1976162214045056,0.1606425702811245,0.18709905780289204,prerank,-0.3372361021744158,1.0,6/38,2.76%,SELENBP1;ATP8A1;MUC1;CD74;CREB3L1;PARM1,anal_pc5_c21_S1.filtered.gene_spectra_score.k_3.dt_0_01.txt
3,1,PLASMACYTOID_DENDRITIC,-1.1950698773703845,0.09782608695652174,0.18864200390527675,prerank,-0.2942533110044903,1.0,30/74,21.16%,ITM2C;SEL1L3;CARD11;MGLL;SMPD3;MZB1;NIBAN3;RNASET2;IRF8;GPR183;IRF4;CD4;MCOLN2;LRRC26;PFKFB2;MPEG1;CXCR3;NUP210;CBFA2T3;SPIB;EGLN3;AFF3;SH2B3;GAPT;CSF2RB;RNASE6;PLD4;TSPAN13;RUNX2;DNASE1L3,anal_pc5_c21_S1.filtered.gene_spectra_score.k_3.dt_0_01.txt
3,1,INTESTINE_LYMPHATIC_ENDOTHELIAL,1.1915701291980396,0.24431818181818182,0.2308246347932962,prerank,0.4558346070089688,1.0,8/19,27.62%,TP63;TFPI;PROX1;TBX1;CCL21;PLSCR4;MMRN1;FLT4,anal_pc5_c21_S1.filtered.gene_spectra_score.k_3.dt_0_01.txt
3,1,COLLECTING_DUCT_INTERCALATED_CELLS_TYPE_B,-1.1885251079145331,0.13043478260869565,0.1946414652716113,prerank,-0.302215076308876,1.0,14/59,11.50%,CELF2;NR3C2;CA12;SKAP1;TFCP2L1;PLCG2;PPARG;IQGAP2;GLCCI1;SCIN;PPARGC1A;PTPRJ;KIF13B;RORA,anal_pc5_c21_S1.filtered.gene_spectra_score.k_3.dt_0_01.txt
3,1,HEART_RIGHT_ATRIAL_CARDIOMYOCYTE,1.1835752620119853,0.2525697503671072,0.24244750985470348,prerank,0.47417793240859185,1.0,5/16,16.96%,CAV1;NES;PAM;DES;CITED4,anal_pc5_c21_S1.filtered.gene_spectra_score.k_3.dt_0_01.txt
3,1,MINERALISATION_STROMAL,1.1831023955550295,0.19472361809045227,0.24247142568311358,prerank,0.35876484811903947,1.0,34/67,33.40%,DPYSL3;GSN;BMP4;PTGDS;ADIRF;LOXL4;FAM20C;GPX3;CTNNAL1;LIFR;CADM1;CLEC11A;SERPINE2;CARHSP1;UNC5B;C1orf198;NINJ1;DEPP1;JAM2;NDNF;SLPI;RAMP1;DBI;LIMCH1;INHBA;COL22A1;CNFN;PDGFD;ALPL;ENPP2;STC2;MXI1;CDK18;STEAP4,anal_pc5_c21_S1.filtered.gene_spectra_score.k_3.dt_0_01.txt
3,1,ACINAR,-1.1812104388798499,0.02127659574468085,0.2013482153808414,prerank,-0.24443992485697988,1.0,83/281,16.08%,SLC44A4;CLDN7;C15orf48;B3GNT7;GOLM1;LTB;ATP10B;MUC1;CD74;GCNT3;MLPH;SEL1L3;CREB3L1;TC2N;IL32;STK17A;CCND2;ELF3;LGALS3;CCL28;CA12;CD24;CYP3A5;SYTL2;XBP1;KLK1;RBM47;NFKBIZ;SSR4;HERPUD1;SERPINB1;HSD17B11;SP100;GATA6;SLC12A2;HDHD3;NRARP;RNF213;EPB41L4B;FKBP11;TMC5;LGALS2;SERINC2;TSPAN15;PLBD1;GPRC5A;IQGAP2;CLDN4;C4orf19;LGALS9;BIRC3;KRT8;SLC39A8;PIK3AP1;NR5A2;PDZK1IP1;OCLN;PRSS3;CYB5A;SLFN5;ABCC3;SPATA13;BTG2;ATP8B1;FBP1;MOB3B;LRG1;FAM107B;MUC20;RAB11FIP1;ANPEP;MYO5B;SEL1L;TCEA3;LYZ;RASGRP3;CPM;RETREG1;SLC39A14;ERP27;IL18;ERBB3;DUOX2,anal_pc5_c21_S1.filtered.gene_spectra_score.k_3.dt_0_01.txt
3,1,MYOFIBROBLAST_1,1.1811966117685953,0.23404255319148937,0.24478625894251008,prerank,0.3982741686844456,1.0,17/34,30.12%,CXCL14;MYH11;HTRA1;WNT5A;ACTG2;MTUS1;THBD;ENC1;IGF1;CPED1;MT1X;TMEM100;WNT11;RHCG;JCAD;PLPPR4;NKD1,anal_pc5_c21_S1.filtered.gene_spectra_score.k_3.dt_0_01.txt
3,1,MUSCLE_LYMPHATIC_ENDOTHELIAL,1.1765713391547319,0.21188630490956073,0.2514996146811299,prerank,0.38114376866689254,1.0,29/42,44.78%,GJA1;CELSR1;RASSF9;PPFIBP1;EFCC1;NRP2;DLK2;PROX1;SEC14L2;TBX1;C6orf141;CCL21;FLT4;SHC1;RAPGEF4;EFNA5;PTX3;CYTL1;PIK3C2G;STAB2;GJC2;HAND2;ABCA4;UNC5A;KLHL4;P4HA3;SNTG2;TMEM63C;NTS,anal_pc5_c21_S1.filtered.gene_spectra_score.k_3.dt_0_01.txt
3,1,ELF3_AGBL2_POSITIVE,1.1746310898458998,0.2453900709219858,0.254045866673194,prerank,0.46096280822159624,1.0,11/17,45.92%,PTTG1;CNN1;GJB4;CDK18;SLC2A4;RRAD;TP53INP2;RMND5A;PPP1R3B;SCN1B;CSNK2A2,anal_pc5_c21_S1.filtered.gene_spectra_score.k_3.dt_0_01.txt
3,1,PDE11A_FAM19A2_POSITIVE,1.1718425685734164,0.23733719247467439,0.2580035369341081,prerank,0.414954214493881,1.0,15/26,43.74%,PCDH7;FILIP1L;RGS5;CCDC88A;SEMA3A;CACNB4;SNAP25;ADAMTS18;RELN;DAAM1;RGS4;HLF;GRIN2A;CABP1;MEGF10,anal_pc5_c21_S1.filtered.gene_spectra_score.k_3.dt_0_01.txt
3,1,UNKNOWN_NEUROD2_POS_INTERNEURON,1.1669278752164916,0.22641509433962265,0.2652956948545317,prerank,0.3854244787794861,1.0,14/39,33.26%,NTRK2;ALCAM;CPE;JAG2;SCD;FASN;RGS11;SPOCK1;LHX2;MAPK11;ADCYAP1R1;PLXNA4;PTPRK;KHDRBS3,anal_pc5_c21_S1.filtered.gene_spectra_score.k_3.dt_0_01.txt
3,1,APOE_POS_M2_MACROPHAGE,1.1666985926681963,0.1316916488222698,0.2648980707022252,prerank,0.31136785949826984,1.0,52/193,24.54%,BCAM;DST;EPHX1;PRXL2A;ABCC5;MCM4;CXCL12;PALLD;FXYD6;FARP1;SDC2;SERPING1;FAM20C;DCHS1;APOE;TNS1;HYAL2;VCAM1;NUAK1;EMP1;PDLIM7;SDC3;GPX3;ID1;IFI6;GPNMB;C11orf96;UACA;NAB2;SCD;EPB41L2;PLVAP;CADM1;TGM2;VAT1;FMNL2;MX1;APOL1;NRP2;KIFC3;MMP19;CD276;EPAS1;NIBAN2;ARHGAP10;ADAM9;ITGA9;PLD1;RAB7B;C2;PDGFC;ERRFI1,anal_pc5_c21_S1.filtered.gene_spectra_score.k_3.dt_0_01.txt
3,1,RETINAL_PIGMENT,1.1661157560643303,0.23153942428035043,0.2651937685186314,prerank,0.36173707658050847,1.0,24/51,34.46%,BMP7;SERPINF1;ABCC5;RNF212;PTGDS;TRPM3;WFDC1;COL8A1;CRISPLD1;ADAMTSL3;TRPC4;SEC14L2;GEM;SOSTDC1;LCNL1;PGR;ENPP2;BEST1;GPR143;ATP6V1C2;TYRP1;STRIP2;MITF;MYOCD,anal_pc5_c21_S1.filtered.gene_spectra_score.k_3.dt_0_01.txt
3,1,OLR1_CLASSICAL_MONOCYTE,-1.1654344456951446,0.05714285714285714,0.21925800861249686,prerank,-0.23265865027102248,1.0,98/338,21.92%,ACSL5;C15orf48;CD53;CTSS;MYO1G;GPR35;HCLS1;LCP1;ADA2;TRAF1;FERMT3;NABP1;SRGN;SLA;SERPINA1;LCP2;XBP1;KCNN4;RBM47;SLAMF1;DOCK10;SERPINB1;ADAM8;CHST11;TNFRSF1B;GPR132;GPR183;ADAM19;CYBB;PIK3R5;ALOX5AP;SLC39A8;LAT2;IL1R2;PIK3AP1;METRNL;EHD1;LILRB1;FMN1;IL6R;MXD1;KDM7A;LRG1;SIGLEC10;FAM107B;SPI1;NEK6;LAIR1;SAMSN1;FGR;AMPD3;ANPEP;DOK3;ARRB2;PLEK;MAP2K3;LYZ;SERPINB9;ITGAX;IRF7;ANTXR2;GLIPR2;CD83;SH2B3;TNFSF8;CTSH;DDX60L;PLK3;CYSTM1;CCL20;SLC16A6;GRAMD1A;TNFAIP3;CCRL2;SLC2A6;PDE4B;FCGR2A;RAB8B;PNP;MAP3K8;BCL2A1;SLC2A3;HAVCR2;TNS3;LST1;GPCPD1;IFI30;C3AR1;CLEC7A;CSF2RA;HCK;HS3ST3B1;MS4A7;HSPA5;TNIP3;CSRNP1;EMP3;CD14,anal_pc5_c21_S1.filtered.gene_spectra_score.k_3.dt_0_01.txt
3,1,CD8_T,1.1638518057139189,0.25336927223719674,0.26807947949971417,prerank,0.40962775087388026,1.0,9/28,14.24%,SERPINF1;FBLN2;LIMS2;CD248;DBN1;IGFBP2;LYPD3;SGK1;CLEC11A,anal_pc5_c21_S1.filtered.gene_spectra_score.k_3.dt_0_01.txt
3,1,BIPOLAR,1.1621685577915637,0.2753623188405797,0.2702958449448198,prerank,0.46620915169013416,1.0,4/16,24.06%,NFIB;NRG1;NCKAP5;ACKR1,anal_pc5_c21_S1.filtered.gene_spectra_score.k_3.dt_0_01.txt
3,1,THICK_ASCENDING_LIMB,1.15850060482343,0.1784090909090909,0.2756031762011766,prerank,0.3262930913623233,1.0,39/127,21.86%,CXCL14;NTRK2;COL18A1;GPC3;ALDH1A1;PRXL2A;TACSTD2;GSTM3;PBX1;PLXNB1;LAMB1;OBSL1;THY1;ITGB5;NRCAM;FGFR3;SFRP1;PLEKHH2;CACNA2D3;PLAU;WWOX;SIM2;HSPA2;CRIP2;DSTN;AIF1L;SOX6;CADM1;WLS;LRP1B;PLCB1;RARRES2;ANK2;KIFC3;SGIP1;ACSL1;HIP1;FTH1;PDE1A,anal_pc5_c21_S1.filtered.gene_spectra_score.k_3.dt_0_01.txt
3,1,ISTHMUS,1.1565867130695937,0.18192090395480226,0.27816612561645665,prerank,0.31790512284629785,1.0,47/144,19.24%,DST;ALDH3A1;GSN;AKR1C3;TACSTD2;TXNRD1;PALLD;NUSAP1;NQO1;TPX2;TOP2A;AKR1B10;KRT19;HMGB2;PTTG1;ITGB4;LAMB3;PRC1;SERPINB5;SMC4;TK1;FOXQ1;MKI67;GPX2;LAMA3;ASPM;PPFIBP1;CCNB1;CENPF;CSTB;TACC3;CKS2;ID1;LDLR;NMU;SCD;FABP5;CENPE;TUBA1C;UBE2C;ARL6IP1;HSPH1;FASN;LMO4;SNRPD1;ASAP2;ADAM15,anal_pc5_c21_S1.filtered.gene_spectra_score.k_3.dt_0_01.txt
3,1,ADRENAL_CSH1_CSH2_POSITIVE,1.15643776238061,0.22181818181818183,0.2776100962816706,prerank,0.33905536962043253,1.0,32/79,28.94%,TP63;EFEMP1;TNS4;FAM3B;SVEP1;ANXA1;ITGB4;GRHL1;PAPPA;RIMKLB;GPX3;MMP11;GRHL2;TFPI2;TGM2;KRT7;TFAP2C;HSPB8;ADAM12;LYPD5;SERPINE1;NECTIN4;MCOLN3;DEPP1;PGF;ERRFI1;FAM184A;SLC47A2;KRT23;INHBA;TNFRSF12A;SERPINB2,anal_pc5_c21_S1.filtered.gene_spectra_score.k_3.dt_0_01.txt
3,1,MID_CAP,1.155064167339185,0.2526595744680851,0.27914698059963317,prerank,0.3785973300911596,1.0,19/42,25.50%,APCDD1;ADGRL2;ARHGEF26;EDIL3;NEURL1B;PLAT;DTL;GPX3;CX3CL1;MCAM;CCL2;FMNL2;RBP5;NCKAP5;JAM3;ADM;POSTN;LONRF1;DACH1,anal_pc5_c21_S1.filtered.gene_spectra_score.k_3.dt_0_01.txt
3,1,NEUROTYPES_HSERT,1.1517718723619124,0.17845484221980412,0.2841420011716376,prerank,0.31285632643620276,1.0,57/175,26.16%,DPYSL3;AKR1C2;KRT17;GPC3;UCHL1;COL5A2;CDH13;PCDH7;VSNL1;MAP1B;TSHZ2;RBMS3;NDRG4;TNS1;NSG1;SNCA;GLT8D2;AFF2;NFASC;CRMP1;CTHRC1;SCN9A;EMID1;CADM1;FRY;NEGR1;THSD7B;GCHFR;SNCG;STXBP1;LRP1B;PLCB1;PTPRM;ANK2;CYP4X1;CASZ1;GREM2;MAPRE3;AP3B2;PRKAR2B;SPOCK1;STMN2;DMTN;NCOA7;SHANK3;CACNA1C;TUBB2A;SCN7A;MCF2L;TMEM178B;RNF112;SBK1;GRIK2;DYNC1I1;SLC4A3;SH3BP5;ZC2HC1A,anal_pc5_c21_S1.filtered.gene_spectra_score.k_3.dt_0_01.txt
3,1,ADRENOCORTICAL,1.1493233388181274,0.2703081232492997,0.28751907587209313,prerank,0.42510809668197896,1.0,5/22,16.74%,TNXB;GSTA4;LDLR;SNCG;JAKMIP2,anal_pc5_c21_S1.filtered.gene_spectra_score.k_3.dt_0_01.txt
3,1,IRIS_CILIARY_BODY_PIGMENTED_CILIARY_BODY,1.1414521169612526,0.27023498694516973,0.3004935781365307,prerank,0.3754172296388161,1.0,12/43,22.72%,FSTL1;EYA2;SPARCL1;PCDH7;TSPAN9;CTSK;ISLR;FLNA;PLTP;RGS11;HIF3A;PDLIM3,anal_pc5_c21_S1.filtered.gene_spectra_score.k_3.dt_0_01.txt
3,1,CARDIOMYOCYTE,1.1407723686514235,0.26549865229110514,0.30083274723467796,prerank,0.3759572747320105,1.0,14/38,34.86%,MYL9;CRYAB;CRIP2;MAP3K20;DES;COX7A1;NEXN;LDB3;PPP1R3C;PLN;SORBS2;PDLIM5;HSPB7;RRAD,anal_pc5_c21_S1.filtered.gene_spectra_score.k_3.dt_0_01.txt
3,1,CLASSICAL_MONOCYTE,-1.1389059474841103,0.1,0.2540305162087782,prerank,-0.25384786772098594,1.0,72/152,27.78%,CTSS;STK17B;FGD2;SERPINA1;RBM47;EVI2B;AOAH;MYO1F;TNFRSF1B;LGALS2;POU2F2;PLBD1;CD4;CYBB;CR1;LGALS9;CST3;HK2;MPEG1;IL6R;SCIMP;RASSF2;LY86;CD1D;COTL1;MEF2C;SPI1;FGR;DOK3;ARRB2;LYZ;PLEKHO1;RASSF3;CCR2;SLC7A7;MS4A6A;FCGR2A;IL17RA;RNASE6;TFEC;IFI30;FGD4;CLEC7A;HCK;CD14;C1orf162;CFP;LYN;CARD16;FGL2;ITGAM;CD300LF;FCGRT;MNDA;HRH2;CD86;UBXN11;NLRP3;SLC12A6;LRRC25;CPVL;CD163;FCER1G;TYROBP;CLEC12A;DMXL2;DPYD;ENTPD1;P2RY13;EMILIN2;CSF3R;CD33,anal_pc5_c21_S1.filtered.gene_spectra_score.k_3.dt_0_01.txt
3,1,KIDNEY_6_COLLECTING_DUCT,1.1386215634454442,0.257516339869281,0.30387930453939055,prerank,0.37011456283408956,1.0,10/41,12.68%,ALDH1A1;GSTM3;NPNT;KRT19;CLU;RDH10;EGR1;PTPN13;ID1;AKR1B1,anal_pc5_c21_S1.filtered.gene_spectra_score.k_3.dt_0_01.txt
3,1,CONNECTING_TUBULE,1.1377645185209728,0.23945409429280398,0.30457173432760526,prerank,0.34107175273311513,1.0,32/74,30.96%,MAPK10;LAMB1;PRKG1;PCDH7;ITGA2;ADGRL2;RBPMS;WWTR1;PTPN13;PPFIBP1;TRPM3;MID1;CADPS2;BICC1;LRP1B;ADAMTS9;ANK3;EXOC6B;GLIS3;FER;ARL15;NAALADL2;ARID5B;DACH1;KAZN;LIMCH1;MYO1B;ESRRG;FHOD3;PDE4D;AHI1;DEFB1,anal_pc5_c21_S1.filtered.gene_spectra_score.k_3.dt_0_01.txt
3,1,CHON2,1.1328762076107928,0.28721804511278193,0.312415583168477,prerank,0.4179404316180344,1.0,9/23,25.28%,PITX1;ID4;MYLK;FGF2;SERPINE2;CITED4;BNIP3L;RND3;TNNT1,anal_pc5_c21_S1.filtered.gene_spectra_score.k_3.dt_0_01.txt
3,1,ASTROCYTE,1.1300660430411436,0.22508398656215006,0.31671946229377185,prerank,0.30674789494989635,1.0,45/143,26.08%,DPYSL3;COL18A1;PTPRS;SYCP2;ABCC5;MCM4;NFIX;LIMS2;SPARCL1;FLRT2;MEGF6;DNM1;JAG2;SPTBN2;APOE;ANOS1;PTPRU;TMEM44;GPX3;ZEB2;CLDN5;SCN9A;OBSCN;EGFL7;SHTN1;RUNX1T1;ENC1;PDE1C;STXBP1;KCNT2;B4GALNT4;MASP1;ANK3;RGS11;PRKAR2B;AFAP1;GAS7;ETV1;RNF112;PDP1;VASH2;GRIK2;DYNC1I1;SLC4A3;CHST15,anal_pc5_c21_S1.filtered.gene_spectra_score.k_3.dt_0_01.txt
3,1,MARROW_DENDRITIC,-1.127980429941489,0.17857142857142858,0.26886329090080774,prerank,-0.266884608011647,1.0,38/94,22.18%,ITM2C;PARVG;CD74;CIITA;WDFY4;SMPD3;JAML;PLAC8;IRF8;GPR183;TTC39A;LSP1;SEMA7A;LRRC26;ST3GAL4;ALOX5AP;CST3;IL1R2;PFKFB2;CXCR3;CBFA2T3;EGLN3;IRF7;CD1C;MILR1;GAPT;PHACTR1;CSF2RB;FUT7;RNASE6;PLD4;TSPAN13;CSF2RA;RUNX2;DNASE1L3;PKIB;SLC12A3;CLEC10A,anal_pc5_c21_S1.filtered.gene_spectra_score.k_3.dt_0_01.txt
3,1,CD16_POS_NK,1.1268553860533912,0.3166421207658321,0.32170224923265395,prerank,0.44744005358177413,1.0,4/15,14.96%,ADGRG1;PRSS23;ZEB2;SPON2,anal_pc5_c21_S1.filtered.gene_spectra_score.k_3.dt_0_01.txt
3,1,IRIS_CILIARY_BODY_PUTATIVE_STEM,1.1268346002256642,0.2379778051787916,0.32084926563588506,prerank,0.33825146494458747,1.0,17/70,15.22%,ANTXR1;AEBP1;PLXNB1;NQO1;LAPTM4B;PIK3R3;DCBLD2;NFIB;WWTR1;DTNA;MCAM;LHFPL6;CTNNAL1;PLOD2;FZD4;CADM1;TMEM47,anal_pc5_c21_S1.filtered.gene_spectra_score.k_3.dt_0_01.txt
3,1,MARROW_EARLY_ERYTHROBLAST,1.1207169155848005,0.2976190476190476,0.331597669583037,prerank,0.414077771422709,1.0,6/21,16.22%,GSTM3;PMP22;NMU;FSCN1;PLTP;DES,anal_pc5_c21_S1.filtered.gene_spectra_score.k_3.dt_0_01.txt
3,1,LUNG_NEUROENDOCRINE,1.1199894921300064,0.291156462585034,0.3320050573921004,prerank,0.3893517176489208,1.0,7/30,23.46%,CPE;GPX2;PTGFR;CHRD;KCNH2;ACSL1;GFRA3,anal_pc5_c21_S1.filtered.gene_spectra_score.k_3.dt_0_01.txt
3,1,HEART_EPICARDIAL_FAT,1.119795867337901,0.27672955974842767,0.33145060580124863,prerank,0.34394811944767056,1.0,10/58,14.56%,EFEMP1;CDH3;IGFBP5;CLDN1;C3;PLEKHH2;KLK11;SBSPON;NMU;KRT7,anal_pc5_c21_S1.filtered.gene_spectra_score.k_3.dt_0_01.txt
3,1,PROXIMAL_SECRETORY_2,1.119216656005973,0.22643553629469124,0.33161252411069364,prerank,0.3010812213224446,1.0,48/184,15.74%,COL6A2;DPYSL3;KRT15;ACKR3;NTN1;VCAN;TFPI;TM4SF1;S100A2;WNT5A;NPNT;MEIS1;ANXA1;CYBRD1;MAP1B;BCL6;TFAP2A;CFH;ITGB4;CCDC80;TNFSF10;C3;SPTBN2;GRHL1;CP;HEY1;KLK10;EMP1;CSTA;KLK11;VTCN1;RUNX1;PLAT;RHOV;LYPD3;LRIG1;TNNT3;CX3CL1;LHFPL6;ZNF750;GABRP;SLITRK6;LYPD6B;TGM2;KRT7;SOD3;CH25H;PTGFR,anal_pc5_c21_S1.filtered.gene_spectra_score.k_3.dt_0_01.txt
3,1,TROPHOBLAST_GIANT,1.1177261922016903,0.27308707124010556,0.33348434791097104,prerank,0.3442695709086845,1.0,25/59,35.12%,FBLN1;SVEP1;BMP1;PHLDB2;ADAMTSL4;MMP11;GPNMB;CEBPB;ZNF703;HSPB8;LYPD5;CLIP4;ADM;PAQR7;PGF;DYSF;VGLL3;SH3D21;ZNF117;ALDH3B2;BPGM;RHOBTB3;CRIM1;CAPN6;POU2F3,anal_pc5_c21_S1.filtered.gene_spectra_score.k_3.dt_0_01.txt
3,1,PLATELET_MEGAKARYOCYTE,1.1170720913968872,0.22282608695652173,0.33372975192714294,prerank,0.29617030859318033,1.0,60/201,23.10%,SPARC;FSTL1;GSN;CALD1;TACSTD2;SPHK1;PBX1;TFPI;ODC1;MEIS1;PDLIM4;KRT19;CLU;ITGB5;MYL9;CAV2;STON2;TDRP;GRHL1;TNS1;CP;TPPP3;PDLIM7;SNCA;IGFBP2;TSPAN9;ITGB3;TGFB1I1;MYLK;TACC3;CLDN5;PVALB;LTBP1;FHL1;INKA2;FLNA;KRT7;TUBA1C;GUCY1B1;CAVIN2;GNG11;SERPINE2;GUCY1A1;DHRS3;PDE5A;PPP1R14A;ASAP2;KIFC3;PEAR1;C1orf198;TUBB4B;ZNF185;JAM3;ESAM;PRKAR2B;TSPAN18;DMTN;TMEM40;NEXN;CYP4B1,anal_pc5_c21_S1.filtered.gene_spectra_score.k_3.dt_0_01.txt
3,1,CILIATED,1.115544466962467,0.21894736842105264,0.33564788530732925,prerank,0.2909977283293437,1.0,66/256,22.50%,PFN2;FSTL1;ALDH3A1;GSN;TUSC3;CES1;GPC3;ALDH1A1;AKR1C3;CROCC;MAPK10;CDKN2A;IGFBP7;IGFBP5;MTSS2;CLDN1;PLXNB1;NQO1;ANXA1;PDLIM4;MAP1B;HMGB2;CCDC80;CRLF1;TP73;CENPM;AHNAK2;CYGB;TPST1;TTLL7;ITGB8;GPX2;TPPP3;ABCA13;COL21A1;ANKRD65;CSTB;DSTN;GLUL;IFI6;SCARF2;SYT8;SPON2;PLTP;WLS;BICC1;CCN2;B3GNT5;HSPH1;CEP162;C6orf132;KRT80;CRISPLD1;MYEF2;CYP4X1;EPPK1;MAPRE3;TUBB4B;DMD;P4HA2;PRSS12;FTH1;RNF130;SRGAP3;GPR162;GAS7,anal_pc5_c21_S1.filtered.gene_spectra_score.k_3.dt_0_01.txt
3,1,MICROGLIA,1.113975984833662,0.18126272912423624,0.33772204893146174,prerank,0.2884392052688641,1.0,102/407,17.18%,GPC1;DPYSL3;NTRK2;PFN2;ALCAM;SDK1;TCF4;HELLS;UCHL1;MAPK10;SOX4;MCM4;CDK1;NUSAP1;NFIX;LIMS2;THY1;TPX2;DPYSL2;TOP2A;UHRF1;TCF19;FLRT2;ZWINT;MAP1B;KRT19;ANLN;HMGB2;DNM1;TUBB2B;JAG2;MCM6;PRC1;TK1;NDRG4;TDRP;GTF2IRD1;KIF23;TMEM132A;NFIB;NSG1;TROAP;ASPM;RRM2;SDC3;PTPN13;RUNX1;PPFIBP1;NDC80;BIRC5;CCNB2;HJURP;MAST4;KIF11;FAM83D;CCNB1;CENPF;LSAMP;IQGAP3;GTSE1;GPSM1;PCLAF;CRIP2;HMMR;HSPA1B;NAV1;KPNA2;CKAP2;CDC42EP4;KIF2C;NCAPD2;TACC3;AURKB;NFASC;CKS2;ARHGAP33;ID1;ORC6;CDCA3;PLK1;SPC25;CCL2;CRMP1;SPAG5;CADM1;NDRG1;CKAP2L;NUF2;CCNF;BUB1;CH25H;RUNX1T1;DEPDC1;UBE2C;DIAPH3;DOCK4;SOBP;CREG1;RAMP3;GUCY1A1;STXBP1;B3GNT5,anal_pc5_c21_S1.filtered.gene_spectra_score.k_3.dt_0_01.txt
3,1,PAEP_MECOM_POSITIVE,1.1114835615413041,0.29806451612903223,0.34158128008625455,prerank,0.35993234576704225,1.0,16/44,26.26%,CXCL14;LAMB3;EVC;NNMT;SLC7A2;RIMKLB;SLC45A4;SLC6A6;CYP24A1;ATP2C2;GLIS3;COMP;HAP1;ATOH8;ARID5B;BDKRB2,anal_pc5_c21_S1.filtered.gene_spectra_score.k_3.dt_0_01.txt
3,1,LYZ_POSITIVE,-1.1107342065628334,0.28852459016393445,0.29556818862510303,prerank,-0.34473561873235903,1.0,8/23,10.44%,GOLM1;AGR2;PPP1R1B;CREB3L1;CD24;SLC12A2;CST3;PKDCC,anal_pc5_c21_S1.filtered.gene_spectra_score.k_3.dt_0_01.txt
3,1,ALVEOLAR_EPITHELIAL_TYPE_2,-1.1097862825380937,0.22085889570552147,0.2950403882882725,prerank,-0.26498173644776946,1.0,19/84,16.58%,AK1;SELENBP1;CA2;PPP1R1B;MUC1;CD74;MLPH;PARM1;SERPINA1;SERPINB1;TTN;RAB27A;FBP1;SMAGP;DMBT1;LPCAT1;MALL;CD83;CTSH,anal_pc5_c21_S1.filtered.gene_spectra_score.k_3.dt_0_01.txt
3,1,MARROW_NEUTROPHIL,-1.108449239347539,0.13846153846153847,0.2948776406942417,prerank,-0.23233529883842627,1.0,37/214,13.78%,CYBA;APOBR;PADI2;DOCK2;STK17B;LCP1;ADA2;PSTPIP1;S100P;SRGN;SELL;PRKCB;RBM47;SERPINB1;EMB;ALOX5;GLIPR1;PLBD1;GMFG;CYBB;CR1;CTSZ;NCF4;RAB27A;EIF4E3;MPEG1;FBP1;RASSF2;OTULINL;MXD1;LY86;CD1D;SAMSN1;CKLF;RAB11FIP1;ANPEP;DOK3,anal_pc5_c21_S1.filtered.gene_spectra_score.k_3.dt_0_01.txt
3,1,TRANSIT_AMPLIFYING,1.106660767581253,0.333810888252149,0.3498772840675941,prerank,0.41876283183620217,1.0,10/22,17.30%,ALDH1A1;AKR1C3;TOP2A;KRT19;HMGB2;MKI67;CENPF;MT2A;ARL6IP1;TFRC,anal_pc5_c21_S1.filtered.gene_spectra_score.k_3.dt_0_01.txt
3,1,SKELETAL_MUSCLE,1.0969422666830322,0.27305389221556886,0.36787738283710314,prerank,0.3168219200802131,1.0,29/88,28.46%,FZD10;CRABP2;TPM2;KLHL21;TNNT3;NES;FHL1;OBSCN;PTGFR;SPEG;DES;TEAD4;GPC4;FLNC;COX7A1;TBX1;LMCD1;TNNI2;PDLIM3;NEXN;RAMP1;CMYA5;TNNT1;LDB3;TPM1;VGLL3;HSPB6;TRPC6;PEG10,anal_pc5_c21_S1.filtered.gene_spectra_score.k_3.dt_0_01.txt
3,1,COLLECTING_DUCT_INTERCALATED_CELLS_TYPE_A_CORTEX,-1.0968687240543407,0.22660098522167488,0.3120358983998135,prerank,-0.2665322354105219,1.0,13/72,10.46%,NR3C2;DOCK8;AHCYL2;CA12;ITPR2;SKAP1;TFCP2L1;PLCG2;RALGPS2;GLCCI1;SCIN;PPARGC1A;PTPRJ,anal_pc5_c21_S1.filtered.gene_spectra_score.k_3.dt_0_01.txt
3,1,LATE_TIP,1.0948766132127898,0.34534534534534533,0.3709289029482223,prerank,0.45019454363111333,1.0,5/15,13.10%,COL6A3;TNC;ENG;SHISA2;C11orf96,anal_pc5_c21_S1.filtered.gene_spectra_score.k_3.dt_0_01.txt
3,1,OOCYTE,1.0901726944776817,0.33951497860199714,0.379474129902222,prerank,0.40562874575542385,1.0,4/23,3.88%,UCHL1;NTN1;ODC1;UHRF1,anal_pc5_c21_S1.filtered.gene_spectra_score.k_3.dt_0_01.txt
3,1,IMMATURE_PIT,1.0893105154715845,0.3299874529485571,0.3801828970764595,prerank,0.32711424827002544,1.0,14/69,7.88%,AKR1C2;ALDH3A1;GSN;AKR1C3;TACSTD2;ABCC5;NQO1;PTGR1;AKR1B10;KRT19;ITGB4;FOXQ1;SPTSSB;GPX2,anal_pc5_c21_S1.filtered.gene_spectra_score.k_3.dt_0_01.txt
3,1,NEUROTYPES_HRN,1.0810982197652412,0.3033067274800456,0.3959012466207069,prerank,0.3047123044380647,1.0,52/120,33.42%,DPYSL3;AKR1C2;UCHL1;SOX4;DPYSL2;MAP1B;TUBB2B;EDIL3;NREP;NSG1;SCARA5;PAPPA;NFASC;CRMP1;RUNX1T1;ENC1;SNCG;STXBP1;DCLK1;ANK3;ANK2;GREM2;MAP2;PRSS12;PRKAR2B;STMN2;MCF2L;RND3;KCNH8;RNF112;SBK1;NRN1;VASH2;GRIK2;SH3BP5;NMNAT2;PLPPR4;DNM3;ESRRG;FHOD3;SNAP25;BAALC;RAPGEF5;EBF3;NRXN1;ADAMTS5;ELOVL4;THSD7A;NEDD4L;RELN;KHDRBS3;SLC6A15,anal_pc5_c21_S1.filtered.gene_spectra_score.k_3.dt_0_01.txt
3,1,CLUB,-1.0808747774259577,0.2838709677419355,0.3392780895660504,prerank,-0.26418584493415526,1.0,18/73,9.76%,MLPH;SEL1L3;ARHGDIB;S100P;CRACR2B;SLA;SERPINA1;LIPH;SSR4;HSD17B11;TRIM22;PAG1;CEACAM6;TMC5;ISG20;GPRC5A;CLIC5;CST3,anal_pc5_c21_S1.filtered.gene_spectra_score.k_3.dt_0_01.txt
3,1,BASOPHIL_MAST_2,-1.0774364426260845,0.2037037037037037,0.3435517084375393,prerank,-0.21845809473119493,1.0,68/234,19.30%,ITM2C;STK17B;SLC26A2;MLPH;ARHGDIB;LAT;TNIK;SRGN;CD22;SYTL2;SH3KBP1;NFKBIZ;SERPINB1;GRAP2;PAG1;ALOX5;RHOH;TESPA1;SCIN;BIRC3;RASSF5;CD69;KLRG1;COL9A2;LAT2;RAB37;BATF;RARRES1;EHD1;SPATA13;BTK;SYTL3;BTG2;TPSG1;REL;GPR65;ITM2A;FAM107B;LAX1;SAMSN1;CKLF;ARHGEF6;RGS1;DNAJB9;ZFP36;NFKB2;CPM;NFKBID;TNFRSF4;SLC45A3;ID2;CD83;PIK3R6;VPS37B;ARHGAP18;PLK3;GNPTAB;CYSTM1;BMP2K;UTS2;TNFAIP3;GALC;CSF2RB;ZBTB32;IL18R1;MAP3K8;BCL2A1;SLC2A3,anal_pc5_c21_S1.filtered.gene_spectra_score.k_3.dt_0_01.txt
3,1,METALLOTHIONEIN,1.0724813828056536,0.359504132231405,0.41263504473568363,prerank,0.34917974716258016,1.0,13/42,14.50%,ALDH3A1;GSN;ALDH1A1;AKR1C3;NQO1;AKR1B10;KRT19;IGFBP2;MT2A;CSTB;ID1;FABP5;NDRG1,anal_pc5_c21_S1.filtered.gene_spectra_score.k_3.dt_0_01.txt
3,1,OLFACTORY_NEUROEPITHELIUM_OLFACTORY_MICROVILLAR,-1.0711606473041215,0.34915254237288135,0.35277487366289034,prerank,-0.33607732442439514,1.0,8/24,14.60%,C15orf48;GOLM1;EPCAM;CD24;PBXIP1;KRT8;STAP1;SCNN1B,anal_pc5_c21_S1.filtered.gene_spectra_score.k_3.dt_0_01.txt
3,1,REG3A_POSITIVE,-1.0640274784576742,0.34459459459459457,0.3643807455522378,prerank,-0.3343077661314495,1.0,8/25,20.04%,FAM3D;CD74;CD24;BIRC3;SULT1C2;DUOX2;VNN2;IFI30,anal_pc5_c21_S1.filtered.gene_spectra_score.k_3.dt_0_01.txt
3,1,SYNCYTIOTROPHOBLASTS_AND_VILLOUS_CYTOTROPHOBLASTS,1.06370510548034,0.38472418670438474,0.43019917921941825,prerank,0.405720344997919,1.0,3/20,6.94%,GABRE;ITGB4;TDRP,anal_pc5_c21_S1.filtered.gene_spectra_score.k_3.dt_0_01.txt
3,1,CTX_OLIG,1.058006292144474,0.3350895679662803,0.4412874949607382,prerank,0.2780117582612535,1.0,79/251,27.18%,GSN;COL4A5;FGFR2;APCDD1;FBN1;PHLDB1;COL16A1;PTGDS;TIMP2;TNS2;ANLN;RHOB;HR;EDIL3;TTLL7;PLPP1;KLHL21;NAV2;CRYAB;NUAK1;CDKN1C;PLAT;TSPAN9;TMTC1;GRB10;SHISA2;MCAM;HSPA2;CDC42EP2;AMOTL2;UNC5C;ZEB2;PLEKHG3;MYLK;NFASC;VWA1;LPAR1;LDLR;SCD;EPB41L2;MTUS1;SPTSSA;NDRG1;FRY;CYB5R2;SHTN1;FMNL2;ASPA;FAM13C;ANK3;PPP1R14A;CSF1;ANKS1B;UNC5B;C1orf198;CSRP1;CREB5;ACSL1;CLDN11;JAM3;GLTP;PDE1A;RNF130;PRIMA1;GAS7;NCOA7;ADCY5;PLD1;BCAR1;ERRFI1;SPSB1;HEYL;CTSV;LDB3;SEPTIN4;SPNS2;SEMA3D;BRSK1;APOD,anal_pc5_c21_S1.filtered.gene_spectra_score.k_3.dt_0_01.txt
3,1,PROXIMAL_SECRETORY_1,1.0545360874965901,0.36764705882352944,0.4474927079818373,prerank,0.3139869865964039,1.0,23/73,17.38%,DPYSL3;ACKR3;TFPI;ANXA1;BCL6;CFH;TNFSF10;GRHL1;CP;KLK10;KLK11;VTCN1;RUNX1;PLAT;RHOV;CX3CL1;SLITRK6;LYPD6B;NEGR1;SOD3;CH25H;JAKMIP2;CXCL1,anal_pc5_c21_S1.filtered.gene_spectra_score.k_3.dt_0_01.txt
3,1,PANCREAS_DUCTAL,-1.0430115177402388,0.3547008547008547,0.4067905811265696,prerank,-0.28051762989021634,1.0,9/47,9.86%,PPP1R1B;SLC4A4;FUT3;FUT6;LEFTY1;ELF3;CA4;ATP1B1;PPARGC1A,anal_pc5_c21_S1.filtered.gene_spectra_score.k_3.dt_0_01.txt
3,1,CAPILLARY_INTERMEDIATE_1,1.0406149718412108,0.3873659117997616,0.47685377384019173,prerank,0.2958229177318151,1.0,39/106,27.22%,SPARC;TBX2;PHLDB1;ADGRL2;ANXA1;FOXF1;TIMP3;EDIL3;MTSS1;CNN3;PLAU;GPX3;CX3CL1;PHLDA1;MYLK;CDH5;SGK1;FHL1;EDNRB;FZD4;FRY;WFDC1;VAT1;FMNL2;HSPB8;CSF1;SERPINE1;JAM3;ESAM;PALD1;DNAJB1;ADGRF5;HECW2;TMEM100;S100A3;EMCN;SOSTDC1;ITGA5;TBX3,anal_pc5_c21_S1.filtered.gene_spectra_score.k_3.dt_0_01.txt
3,1,LENS_FIBRE,1.0399365552513276,0.4077540106951872,0.4770827618455715,prerank,0.34162144382120757,1.0,15/41,29.58%,NRCAM;CRYAB;PTPRU;LSAMP;HSF4;COL4A6;FABP5;VIT;CARHSP1;ARSI;CPEB1;DYNC1I1;ME1;ERICH5;MED12L,anal_pc5_c21_S1.filtered.gene_spectra_score.k_3.dt_0_01.txt
3,1,CEREBELLUM_PURKINJE_NEURONS,1.0397580770071342,0.42042042042042044,0.47621200337126113,prerank,0.4055875784464807,1.0,10/17,42.28%,GPC3;VIT;NDNF;POSTN;COL24A1;COL6A5;ANO1;SLCO4C1;COL6A6;PTGER3,anal_pc5_c21_S1.filtered.gene_spectra_score.k_3.dt_0_01.txt
3,1,COLLECTING_DUCT_INTERCALATED_CELLS_TYPE_A_MEDULLA,1.0350392466933966,0.41656050955414015,0.4853214866546903,prerank,0.31503811296340883,1.0,19/67,17.78%,ALDH1A1;TACSTD2;TXNRD1;IGFBP7;PTGR1;ADGRG1;CLU;HSPA4L;FTL;SPTBN2;PHLDB2;CRYAB;CNN3;MT2A;PLOD2;RCAN2;NAMPT;HSPH1;DMRT2,anal_pc5_c21_S1.filtered.gene_spectra_score.k_3.dt_0_01.txt
3,1,MEGAKARYOCYTE,1.0303116471833698,0.41875,0.4942121010283587,prerank,0.2664895224179213,1.0,101/273,30.42%,SPARC;CALD1;SPHK1;NID1;EMILIN1;PBX1;TFPI;GABRE;LAPTM4B;MEIS1;SERPINH1;TIMP3;CLU;PTK7;MYL9;TPM2;STON2;RIPOR3;TDRP;TNS1;NFIB;ECE1;DBN1;PDLIM7;SNCA;TSPAN9;MAST4;FAM83D;SPRY1;ITGB3;TGFB1I1;MYLK;THBS1;TSPAN2;FADS2;CTNNAL1;CLDN5;ZBTB16;LTBP1;FHL1;INKA2;PLOD2;SPTB;SLC7A1;WFDC1;SMTN;GUCY1B1;UBE2C;CAVIN2;GNG11;SERPINE2;PDE5A;LRRC32;PPP1R14A;ASAP2;KIFC3;PSRC1;LURAP1L;PEAR1;KALRN;C1orf198;SERPINE1;ZNF185;DENND2C;ARHGAP10;ESAM;PRKAR2B;AFAP1;TSPAN18;DMTN;KLF9;TMEM40;NEXN;PDGFC;C12orf75;RAMP1;ARL15;TMEM45A;NET1;TPM1;MMRN1;RAB38;CYB5R1;EXOC3L2;SLC24A3;SDC4;EVA1C;KCNE3;TRPC6;MSANTD3;GJA4;SEPTIN11;DNM3;MED12L;GMPR;ITGA6;PDE4D;TCEA2;MYCT1;GADD45A;TSC22D1,anal_pc5_c21_S1.filtered.gene_spectra_score.k_3.dt_0_01.txt
3,1,EARLY_IMMATURE_ENTEROCYTES,1.0289012713444596,0.4297635605006954,0.4959300545250955,prerank,0.3670891223125773,1.0,6/26,6.72%,ALDH1A1;AKR1C3;PTGR1;AKR1B10;KRT19;FTL,anal_pc5_c21_S1.filtered.gene_spectra_score.k_3.dt_0_01.txt
3,1,HEART_ERYTHROBLASTS,1.028558767992901,0.41011984021304926,0.4953581946806572,prerank,0.32524261162900253,1.0,9/45,9.88%,CDK1;SLC7A11;CDT1;KIFC1;PRC1;FTL;NCAPG2;CENPW;SLC2A1,anal_pc5_c21_S1.filtered.gene_spectra_score.k_3.dt_0_01.txt
3,1,NEUROTYPES_HNBGABA,1.0278946433671132,0.42917547568710357,0.4954578573183001,prerank,0.27052072397922855,1.0,99/260,32.08%,DPYSL3;AKR1C2;ADAM23;ROBO1;UCHL1;PCDH7;MAP1B;MEGF6;TUBB2B;TSHZ2;JAG2;EDIL3;RBMS3;KIRREL1;MTSS1;TTLL7;NDRG4;GP1BB;ANOS1;NUAK1;NSG1;IGFBP3;SDC3;SNCA;BNC2;TSPAN9;PPP2R2C;LSAMP;GPSM1;NFASC;FRMD4A;OLFM1;CRMP1;SCN9A;CADM1;FRY;NEGR1;THSD7B;RUNX1T1;ENC1;DOCK4;IGF1;GUCY1A1;STXBP1;LRP1B;MEIS2;B4GALNT4;DCLK1;ANK3;ANK2;PLCB4;CASZ1;MAPRE3;MAP2;PRKAR2B;SPOCK1;CCDC88A;STMN2;DMTN;DACT1;CACNA1C;SCN7A;MCF2L;RNF112;SBK1;NRN1;PDP1;ZBTB46;VASH2;GRIK2;DYNC1I1;SLC4A3;SH3BP5;BRSK1;CHN1;SLC24A3;CDKL5;CTTNBP2;CHST1;NFIL3;LGI2;TNFRSF6B;PLPPR4;PIANP;DNM3;FHOD3;PDE4D;SNAP25;BAALC;MMP17;TSPAN7;NRXN1;ADAMTS5;MICU3;PLXNA4;ELOVL4;AJAP1;PCDH17;ABLIM3,anal_pc5_c21_S1.filtered.gene_spectra_score.k_3.dt_0_01.txt
3,1,GRANULOCYTE_MACROPHAGE_PROGENITOR,1.0271811563961202,0.4260355029585799,0.4958162035543868,prerank,0.36831361277833136,1.0,8/25,14.24%,IGFBP7;ANXA1;MKI67;CP;BIRC5;CENPF;DSTN;CLEC11A,anal_pc5_c21_S1.filtered.gene_spectra_score.k_3.dt_0_01.txt
3,1,NEUROTYPES_HNBML5,1.0266691598182685,0.4256243213897937,0.49555458326000057,prerank,0.27729990377284947,1.0,67/174,32.08%,DPYSL3;ROBO1;SOX4;CDH13;PCDH7;VSNL1;MAP1B;TUBB2B;TSHZ2;NDRG4;NREP;NUAK1;NSG1;PAPPA;SHISA2;NAV1;AFF2;NFASC;CRMP1;FSCN1;FRY;RUNX1T1;SPEG;ENC1;JAKMIP2;STXBP1;ANK3;ANK2;ANKS1B;KALRN;CASZ1;PROX1;MAPRE3;MAP2;PRSS12;PRKAR2B;STMN2;DMTN;DACT1;EYA1;WNT11;KCNH8;RNF112;SBK1;PDP1;VASH2;SH3BP5;NMNAT2;NOVA2;CHST1;TNFRSF6B;PIANP;DNM3;ESRRG;MED12L;TSPOAP1;SNAP25;RAPGEF5;ZNF117;NRXN1;MICU3;PLXNA4;THSD7A;AJAP1;NEDD4L;SMAD9;ABLIM3,anal_pc5_c21_S1.filtered.gene_spectra_score.k_3.dt_0_01.txt
3,1,IGSF21_DENDRITIC,1.0136591243145736,0.43506493506493504,0.5227549136775357,prerank,0.325761503890391,1.0,11/41,27.50%,TGFBI;SERPING1;GPX3;MAMDC2;CCL2;PLTP;WLS;CD93;PDGFC;CCL13;MAFB,anal_pc5_c21_S1.filtered.gene_spectra_score.k_3.dt_0_01.txt
3,1,COLLECTING_DUCT_PRINCIPAL_CELLS_MEDULLA,1.0132029430916294,0.4497549019607843,0.5223438955384557,prerank,0.2982961282864317,1.0,21/82,14.50%,TACSTD2;GSTM3;IGFBP7;ADGRG1;KRT19;CLU;RDH10;IFITM3;FTL;SPTBN2;CRYAB;IGFBP3;PTPN13;PAPPA;DSTN;AIF1L;ID1;AKR1B1;AQP3;MTUS1;NDRG1,anal_pc5_c21_S1.filtered.gene_spectra_score.k_3.dt_0_01.txt
3,1,PROXIMAL_CILIATED,1.0060294861605574,0.47058823529411764,0.5370575753718138,prerank,0.2588398830130459,1.0,76/320,20.30%,PFN2;GCLC;PITX1;TUSC3;CES1;ALDH1A1;APCDD1;ALCAM;ABCC5;CROCC;TXNRD1;IGFBP7;IGFBP5;MTSS2;DDR1;VCAN;PLXNB1;NQO1;PCDH7;CELSR1;PTGR1;ANXA1;PDLIM4;MAP1B;HMGB2;ITGB4;CCDC80;TP73;CENPM;AHNAK2;MTSS1;ITGB8;DCBLD2;TPPP3;ABCA13;SLC7A2;COL21A1;IGFBP2;RUNX1;NR2F2;ANKRD65;LRIG1;GBP6;CRIP2;DSTN;IRF6;SLC6A6;MYLK;TSPAN2;PINLYP;CTNNAL1;UACA;SLC4A11;DHRS9;GCHFR;CCN2;CITED4;CARHSP1;B3GNT5;HSPH1;CEP162;C6orf132;KRT80;CRISPLD1;MYEF2;CDH26;CAVIN3;LRP8;SNRPD1;HILPDA;CASZ1;ATP2C2;GLIS3;DUSP14;MAPRE3;TUBB4B,anal_pc5_c21_S1.filtered.gene_spectra_score.k_3.dt_0_01.txt
3,1,GRANULATING_CANCER_ASSOCIATED_FIBROBLAST,1.0030817910543564,0.4559902200488998,0.5422839221198871,prerank,0.3017153497405021,1.0,30/68,32.18%,AKR1C3;SPHK1;TGFBI;IGFBP5;CFD;PMP22;FTL;APOE;CSTA;PPFIBP1;SLC2A1;PLTP;VAT1;ARRDC3;SERPINE1;FTH1;AKAP12;NCOA7;BNIP3L;ERRFI1;SH3BP5;APOD;TNFAIP6;PLAUR;MSANTD3;SELENOM;GADD45A;IFI44L;IFI44;RGS2,anal_pc5_c21_S1.filtered.gene_spectra_score.k_3.dt_0_01.txt
3,1,PREZYMOGENIC,1.0015608465753627,0.46088193456614507,0.5443720077415691,prerank,0.34737586509145973,1.0,10/28,19.60%,SOX4;PTPRZ1;EGR1;NFIB;CDKN1C;NR2F2;JUN;THSD4;PLCB4;IL33,anal_pc5_c21_S1.filtered.gene_spectra_score.k_3.dt_0_01.txt
3,1,NEUROTYPES_HGABA,0.9953401833222298,0.5149330587023687,0.5571104826682169,prerank,0.25461048395596675,1.0,155/402,34.22%,DPYSL3;AKR1C2;LAMA5;ADAM23;ROBO1;ABCC5;FAT2;UCHL1;CDH13;NFIX;VCAN;KRT14;NPNT;NINL;PCDH7;VSNL1;MAP1B;MEGF6;DNM1;TUBB2B;TSHZ2;JAG2;AHNAK2;RBMS3;MTSS1;TTLL7;NDRG4;NREP;NUAK1;LAMA3;NSG1;SDC3;PPFIBP1;PAPPA;MAST4;PPP2R2C;LSAMP;NAV1;AFF2;NFASC;OLFM1;CRMP1;MTUS1;SCN9A;CADM1;FRY;NEGR1;RUSC2;ADGRL3;SHTN1;RUNX1T1;FMNL2;SPEG;ENC1;DOCK4;KIAA1549;SOBP;GUCY1A1;STXBP1;LRP1B;NRP2;COL8A1;B4GALNT4;DCLK1;ANK3;ANK2;ANKS1B;PIEZO2;ANKRD18A;PLCB4;CYP4X1;SORBS1;CADM3;CASZ1;STEAP2;MAPRE3;GFRA1;MAP2;AP3B2;PRSS12;PRKAR2B;PDE1A;SPOCK1;CCDC88A;STMN2;DMTN;DACT1;ADGRD1;SRGAP3;ITGA8;NCOA7;SHANK3;CACNA1C;NAV3;MCF2L;TMEM178B;KCNH8;RNF112;SBK1;PDP1;SHOX2;SEMA3A;LONRF1;VASH2;NTRK3;FAM184A;GRIK2;SLC4A3;SH3BP5;DCLK2;CEMIP;NMNAT2;CHN1;SLC24A3;CACNB4;CHST1;TMEM59L;LGI2;TLL1;PLPPR4;PIANP;DNM3;ESRRG;FHOD3;PDE4D;TSPOAP1;SNAP25;LRRC4B;TSPAN7;RAPGEF5;PCOLCE2;EBF3;NRXN1;LAMC2;MICU3;PLXNA4;THSD7A;AJAP1;NEDD4L;PCDH17;ABLIM3;CACNA1G;TMEM255A;RELN;ARHGAP24;PTPRK;KHDRBS3;SLC6A15;NTM;CRIM1;MVB12B;PKIA;FGF9;COL11A1;PNCK,anal_pc5_c21_S1.filtered.gene_spectra_score.k_3.dt_0_01.txt
3,1,MYOFIBROBLAST_3,0.9911243679450346,0.4753623188405797,0.5653633914860102,prerank,0.3910327944840379,1.0,6/18,18.26%,CXCL14;VSNL1;PTHLH;SNED1;ENC1;C16orf89,anal_pc5_c21_S1.filtered.gene_spectra_score.k_3.dt_0_01.txt
3,1,AEROCYTE,0.9859879202806124,0.5223499361430396,0.5755575389455946,prerank,0.30913375526902553,1.0,11/58,16.42%,LAMA5;TBX2;PHLDB1;CDH13;ADIRF;ADAMTS1;MYLK;ZBTB16;EDNRB;SPON2;PDE1C,anal_pc5_c21_S1.filtered.gene_spectra_score.k_3.dt_0_01.txt
3,1,EPICARDIAL_FAT,0.9740547519285151,0.5085959885386819,0.6010705884692358,prerank,0.3422768959490517,1.0,6/28,18.98%,NPNT;CCDC80;OLFML1;SMOC2;KCNT2;INMT,anal_pc5_c21_S1.filtered.gene_spectra_score.k_3.dt_0_01.txt
3,1,BASOPHIL_MAST_1,-0.9696917463503042,0.5212765957446809,0.5859643048234605,prerank,-0.21368999353877016,1.0,45/162,18.94%,ITM2C;RAC2;SLC26A2;MLPH;TNIK;LGALS3;SRGN;CD22;NFKBIZ;SERPINB1;GRAP2;RHOH;TESPA1;SCIN;CD69;ST3GAL4;ALOX5AP;LAT2;RAB37;BATF;RARRES1;KIF13B;BTK;SYTL3;GPR65;LAX1;STAP1;SAMSN1;ARHGEF6;RGS1;MYB;CPM;IL18;LYL1;TNFRSF4;SLC45A3;PIK3R6;ARHGAP18;TMEM154;GNPTAB;CYSTM1;GALC;CSF2RB;ZBTB32;IL18R1,anal_pc5_c21_S1.filtered.gene_spectra_score.k_3.dt_0_01.txt
3,1,NEUROTYPES_HDA,0.9636645802748471,0.5744908896034298,0.6226543576470955,prerank,0.25773317055514566,1.0,82/200,33.96%,DPYSL3;AKR1C2;ROBO1;UCHL1;CDH13;PBX1;NFIX;MAP1B;TUBB2B;EDIL3;TTLL7;IGSF9;NREP;NSG1;PAPPA;LSAMP;CRMP1;SCN9A;CADM1;NEGR1;THSD7B;SHTN1;DLG4;ENC1;DOCK4;SOBP;IGF1;FAM13C;GRIA3;LDB2;COL8A1;DCLK1;ANK3;ANK2;CASZ1;GFRA1;MAP2;AKAP12;STMN2;DMTN;DACT1;NAV3;FJX1;TMEM178B;RNF112;SBK1;GALNT17;GRIK2;SLC4A3;SH3BP5;ZC2HC1A;NMNAT2;SEMA3D;SLC24A3;SLC1A4;CTTNBP2;CHST1;TMEM59L;PLPPR4;PIANP;SHF;DNM3;MED12L;SNAP25;TSPAN7;RAPGEF5;EBF3;NRXN1;LAMC2;EEPD1;PLXNA4;ELOVL4;AJAP1;MUC16;NEDD4L;RELN;CLSTN2;SLC6A15;ENO2;NTM;PKIA;FGF9,anal_pc5_c21_S1.filtered.gene_spectra_score.k_3.dt_0_01.txt
3,1,T_ALPHA_BETA_ENTRY,-0.9634766295373385,0.505338078291815,0.5990362377092071,prerank,-0.2783700511551624,1.0,9/30,16.52%,THEMIS;MZB1;ITPR2;KCNA3;CD4;CBFA2T3;CD1C;RORC;ADORA2A,anal_pc5_c21_S1.filtered.gene_spectra_score.k_3.dt_0_01.txt
3,1,STEM,0.9632230573691615,0.525,0.6220736939290759,prerank,0.2893930402232413,1.0,15/65,16.14%,CES1;SOX4;BMP4;TM4SF1;LAMB1;CLU;EGR1;GPX2;NFIB;CEL;LRIG1;DSTN;ZNF503;SMOC2;ENC1,anal_pc5_c21_S1.filtered.gene_spectra_score.k_3.dt_0_01.txt
3,1,KRT6BPOS_SECRETORY_PROGENITOR,-0.9586864348246215,0.5407725321888412,0.6076770914424889,prerank,-0.25540545657823543,1.0,8/50,10.88%,ATP10B;PRSS8;LIPH;CEACAM1;GPRC5A;MUC3A;ST3GAL4;PDZK1IP1,anal_pc5_c21_S1.filtered.gene_spectra_score.k_3.dt_0_01.txt
3,1,OLFACTORY_NEUROEPITHELIUM_RESPIRATORY_CILIATED,0.9468982573257111,0.52925877763329,0.6569878962832427,prerank,0.30636087846326504,1.0,7/40,8.82%,ALDH3A1;CES1;ALDH1A1;NQO1;CCDC80;TPPP3;IGFBP2,anal_pc5_c21_S1.filtered.gene_spectra_score.k_3.dt_0_01.txt
3,1,GANGLION,0.944230948692296,0.5566714490674318,0.6611984918144613,prerank,0.385553521397927,1.0,4/15,24.46%,RBPMS;SUSD4;IRX4;NRN1,anal_pc5_c21_S1.filtered.gene_spectra_score.k_3.dt_0_01.txt
3,1,PRIMITIVE_ERYTHROCYTE,-0.9367074547556021,0.592,0.6622788262623228,prerank,-0.2664904453465686,1.0,10/35,14.82%,CA2;PIM2;GRAP2;IQGAP2;SLC39A8;SNX22;MAPKAPK3;TSPAN32;GNG2;SLC38A5,anal_pc5_c21_S1.filtered.gene_spectra_score.k_3.dt_0_01.txt
3,1,CTX_EX_4_EXCITATORY_NEURON,0.9346943042290323,0.5947302383939774,0.6811483940347247,prerank,0.2768712247461742,1.0,12/70,16.12%,LAMA5;LTBP4;LIMS2;TIMP3;JAG2;EPHA7;PTPN13;PPFIBP1;UACA;SCN9A;RAPGEFL1;SPEG,anal_pc5_c21_S1.filtered.gene_spectra_score.k_3.dt_0_01.txt
3,1,PDE1C_ACSM3_POSITIVE,0.9298297927588735,0.5794392523364486,0.6903791865008475,prerank,0.3036311438107292,1.0,8/40,19.22%,ALDH3A1;SOX4;PER1;SHISA2;PINLYP;MAMDC2;PDE1C;PLCB4,anal_pc5_c21_S1.filtered.gene_spectra_score.k_3.dt_0_01.txt
3,1,MARROW_CD34_POS_PRE_B,0.9288670294996819,0.5918097754293263,0.6908100764814737,prerank,0.3028966749342873,1.0,5/42,3.68%,LAMA5;ADAM23;SOX4;AEBP1;FAM3B,anal_pc5_c21_S1.filtered.gene_spectra_score.k_3.dt_0_01.txt
3,1,SATELLITE,0.9284973453770734,0.5598227474150664,0.6899530254769695,prerank,0.34977505559067174,1.0,10/20,33.78%,MATN2;COL15A1;GLT8D2;DMRT2;C1QTNF3;ITGA7;CDC25B;ERFE;CSTF2T;MEST,anal_pc5_c21_S1.filtered.gene_spectra_score.k_3.dt_0_01.txt
3,1,PPP1R1B_POSITIVE,0.9279014671540091,0.5733695652173914,0.6896168438126354,prerank,0.33036843042092523,1.0,6/27,7.88%,ALDH3A1;TACSTD2;ADIRF;CLU;EGR1;GPX2,anal_pc5_c21_S1.filtered.gene_spectra_score.k_3.dt_0_01.txt
3,1,CSH1_CSH2_POSITIVE,0.918343565284575,0.630173564753004,0.7088223692783653,prerank,0.2892141953132771,1.0,20/54,28.90%,SEMA3F;CDKN1C;PAPPA;SLC2A1;MMP11;TFPI2;AKR1B1;CERCAM;TGM2;CYB5R2;ZNF703;MRGPRF;ADAM12;SEMA5B;PGF;TWIST1;VGLL3;SLC47A2;ANGPTL4;TNFRSF12A,anal_pc5_c21_S1.filtered.gene_spectra_score.k_3.dt_0_01.txt
3,1,M1_MACROPHAGE,-0.9161280634807061,0.78125,0.7127600016880381,prerank,-0.1956986164283407,1.0,59/174,24.60%,CTSS;CD74;SRGN;LCP2;RBM47;NFATC2;NFKBIZ;HERPUD1;IRF8;GPR183;CYBB;CTSZ;PREX1;LPAR6;MPEG1;REL;MXD1;LY86;MEF2C;LAIR1;RGS1;PLEK;ZFP36;MAP2K3;SERPINB9;CPM;IL18;NFKBID;HSPA6;TNF;ID2;CD83;SH2B3;CCL20;TRIB1;TNFAIP3;CCRL2;PHACTR1;PDE4B;MS4A6A;CCL4;FCGR2A;MAP3K8;BCL2A1;LST1;CLEC7A;CSF2RA;MS4A7;CD14;CSF1R;CCL4L2;ADAP2;LYN;USP53;FGL2;STAB1;RILPL2;FCGRT;MNDA,anal_pc5_c21_S1.filtered.gene_spectra_score.k_3.dt_0_01.txt
3,1,SPLEEN_MEGAKARYOCYTES,0.9139558617405155,0.6427656850192062,0.7164397916392118,prerank,0.2856343269252639,1.0,19/53,29.66%,GABRE;ITGB3;THBS1;LTBP1;WFDC1;PDE5A;ASAP2;PLCB4;DENND2C;PRKAR2B;TMEM40;NEXN;MCF2L;DYNC1I1;MMRN1;IRS2;DNM3;MED12L;KBTBD12,anal_pc5_c21_S1.filtered.gene_spectra_score.k_3.dt_0_01.txt
3,1,ORG_UNDERGOING_NEURONAL_DIFFERENTIATION,-0.9126137474319733,0.5868055555555556,0.7176637296225178,prerank,-0.2977854486184322,1.0,4/22,7.62%,TNIK;SLA;RNF213;IQGAP2,anal_pc5_c21_S1.filtered.gene_spectra_score.k_3.dt_0_01.txt
3,1,S100A12_HI_CLASSICAL_MONOCYTE,0.9078463919394902,0.6288515406162465,0.7276592552284848,prerank,0.32169266773488897,1.0,7/27,25.16%,VCAN;THBS1;LTB4R;S100A8;ADM;RBP7;DYSF,anal_pc5_c21_S1.filtered.gene_spectra_score.k_3.dt_0_01.txt
3,1,HSC_MULTIPOTENT_PROGENITOR,-0.9057163360627326,0.6377551020408163,0.7303414947073723,prerank,-0.23601799130718512,1.0,16/57,16.86%,PTPRC;CD74;CXCR4;SRGN;TNFRSF1B;IRF1;LPAR6;RNF125;MEF2C;SAMSN1;THEMIS2;TSC22D3;GATA3;PRKCH;ID2;DUSP2,anal_pc5_c21_S1.filtered.gene_spectra_score.k_3.dt_0_01.txt
3,1,SQUAMOUS,0.9016435954562908,0.6789989118607181,0.7386283689969411,prerank,0.2421601403314322,1.0,58/173,27.96%,PKP1;CALML3;KRT15;PITX1;CLDN1;TM4SF1;MEIS1;ANXA1;TNFSF10;FRMD6;SERPINB5;GRHL1;ITGB8;CRYAB;EMP1;CSTA;ECM1;RHOV;LYPD3;SLC45A4;PHLDA1;SRPX2;IFI6;UACA;ZNF750;ALDH1A3;F3;KRT7;TUFT1;MX1;KRT16;HSPB8;VLDLR;TMPRSS11E;C6orf132;KRT80;GNG4;NECTIN4;ZNF185;DENND2C;ISG15;TMEM40;PLD1;RND3;SLPI;BNIPL;SPRR3;SPINK5;CTSV;CDKN1A;SPNS2;SCNN1A;ARRDC4;RHCG;APOD;KRT23;KRT13;EVA1C,anal_pc5_c21_S1.filtered.gene_spectra_score.k_3.dt_0_01.txt
3,1,CHOROID_SCLERA_MELANOCYTES,0.9004667098326667,0.60741885625966,0.7392521563502675,prerank,0.35975576465768905,1.0,6/16,27.06%,KLHL21;SGK1;DLC1;PDLIM3;NET1;CYB5R1,anal_pc5_c21_S1.filtered.gene_spectra_score.k_3.dt_0_01.txt
3,1,THYMIC_EPITHELIAL,0.898910940884973,0.6494845360824743,0.7406809248112178,prerank,0.28246784934128244,1.0,14/49,25.76%,CDH3;EYA2;GLI2;SLIT3;COL27A1;GJB6;PLTP;KIAA1549;MRTFB;FOXN1;MCF2L;ADAMTS17;STARD9;CTSV,anal_pc5_c21_S1.filtered.gene_spectra_score.k_3.dt_0_01.txt
3,1,CAPILLARY_AEROCYTE,0.8983873725316038,0.5983717774762551,0.7399430182133078,prerank,0.3101225745753974,1.0,12/30,26.76%,SPARC;TBX2;ADGRL2;GPX3;EDNRB;F3;GNG11;INMT;SERPINE1;S100A3;EMCN;SOSTDC1,anal_pc5_c21_S1.filtered.gene_spectra_score.k_3.dt_0_01.txt
3,1,HEPATOBLASTS,0.8928781598988998,0.7138047138047138,0.7496730854695263,prerank,0.24295322451718246,1.0,13/145,8.62%,AKR1C2;SERPINF1;GPC3;ALDH1A1;AKR1C3;FN1;VSNL1;SULT1E1;FGFR3;CYP4F3;APOE;CP;SLC7A2,anal_pc5_c21_S1.filtered.gene_spectra_score.k_3.dt_0_01.txt
3,1,ISLET_ENDOCRINE,-0.8880680869480496,0.6863636363636364,0.7696615045143406,prerank,-0.24403662917855445,1.0,3/44,2.44%,AMN;TSPAN1;CAMK2N1,anal_pc5_c21_S1.filtered.gene_spectra_score.k_3.dt_0_01.txt
3,1,PUTATIVE_MEGAKARYOCYTE_PROGENITOR,0.8847241384493921,0.6938271604938272,0.7644705134719798,prerank,0.26551386819707534,1.0,26/68,29.68%,GSN;CALD1;NID1;GABRE;CLU;MYLK;THBS1;VWF;LTBP1;SPTB;CAVIN2;PDE5A;LRRC32;KALRN;CENPA;ESAM;PRKAR2B;DMTN;TMEM40;NEXN;TPM1;MMRN1;EXOC3L2;KCNE3;DNM3;ITGA6,anal_pc5_c21_S1.filtered.gene_spectra_score.k_3.dt_0_01.txt
3,1,KCNIP4_POS_NEURON,0.8833399826511436,0.6575716234652115,0.765410724367543,prerank,0.28726258773645613,1.0,19/40,34.34%,ROBO1;UNC5C;MTUS1;NEGR1;GCHFR;GUCY1A1;LDB2;SGIP1;RGS11;ADM;DMTN;PDE2A;PALMD;PIANP;TSPAN7;SMAD9;TMEM255A;PKIA;RAPGEF4,anal_pc5_c21_S1.filtered.gene_spectra_score.k_3.dt_0_01.txt
3,1,PROXIMAL_TUBULE_EPITHELIAL_CELLS_STRESS_INFLAM,0.882074087439882,0.723744292237443,0.7660905314334152,prerank,0.2438609919844549,1.0,32/125,23.02%,COL4A1;NFIX;EYA2;DNM1;GTF2IRD1;TNS1;EGR1;RUNX1;TRPM3;SLIT3;WWOX;GPX3;LSAMP;NRG1;FRMD4A;ZBTB16;COL27A1;KIAA1549;MCTP1;ASPA;DHRS3;ANKS1B;KIFC3;SLC2A9;NCKAP5;PDE10A;DMD;HIP1;ARHGAP10;NRP1;BNIP3L;CACNA1C,anal_pc5_c21_S1.filtered.gene_spectra_score.k_3.dt_0_01.txt
3,1,ADRENAL_SYMPATHOBLASTS,0.8819173309959086,0.652050919377652,0.764567633627998,prerank,0.30538095156778106,1.0,19/29,50.84%,ANKRD18A;CPEB1;PLCH2;POU2F3;PCSK2;KY;IL13RA2;NPAS4;ALPK2;PENK;SLC6A17;GCGR;PACRG;LRRC10B;CCSER1;HS3ST2;CFAP46;PNMT;RASD2,anal_pc5_c21_S1.filtered.gene_spectra_score.k_3.dt_0_01.txt
3,1,SST_POS_NEURON,0.8817163508428962,0.738015607580825,0.7632174251773217,prerank,0.24196965918404925,1.0,33/151,22.94%,AKR1C2;MXRA7;ALCAM;HES4;NRCAM;LAYN;CYGB;SPTBN2;TPPP3;CACNA2D3;NRG1;C11orf96;MTUS1;RCAN2;SYNPO2;FRY;GCHFR;SOBP;SNCG;GRIA3;DOC2B;DCLK1;ANK3;ARHGEF28;PDE10A;RGS11;COX7A1;PRKAR2B;NRP1;SPOCK1;DMTN;TMOD1;FAM110B,anal_pc5_c21_S1.filtered.gene_spectra_score.k_3.dt_0_01.txt
3,1,CHOROID_SCLERA_CHOROID_ENDOTHELIAL,0.8717607632470533,0.6966145833333334,0.7812989340279053,prerank,0.28953780324397954,1.0,16/37,27.40%,TCF4;ADIRF;CLU;NNMT;CX3CL1;FGD5;RHOJ;PKN3;PALD1;DNAJB1;SMAD6;SOD2;SEMA3A;SPNS2;TMEM255B;BCL6B,anal_pc5_c21_S1.filtered.gene_spectra_score.k_3.dt_0_01.txt
3,1,OSTEOCLAST,0.8701129100504289,0.7315130830489193,0.7827644140983432,prerank,0.24365362556676953,1.0,26/119,17.46%,LTBP4;COL18A1;PRXL2A;SPHK1;EHD2;PALLD;ITGA2;FXYD6;PTTG1;FAM20C;NDRG4;HYAL2;MAST4;ITGB3;CTSK;COL27A1;HTRA3;CADM1;CLEC11A;EOGT;IGFBP6;SHTN1;PRCP;CTNNBIP1;CARHSP1;FILIP1L,anal_pc5_c21_S1.filtered.gene_spectra_score.k_3.dt_0_01.txt
3,1,PLACENTA_MEGAKARYOCYTES,-0.8673484783862474,0.7979274611398963,0.811872162120579,prerank,-0.2070702237359052,1.0,18/78,16.48%,LEFTY1;TNIK;FERMT3;BIN2;PRKCB;BANK1;EPHA10;RAB37;PRELID2;CBFA2T3;CD226;DAPP1;IPCEF1;RASA3;TSPAN32;STXBP5;SEC31B;TBXAS1,anal_pc5_c21_S1.filtered.gene_spectra_score.k_3.dt_0_01.txt
3,1,M2_MACROPHAGE,0.8650902833926218,0.6994884910485933,0.7907157216573857,prerank,0.2688760538550805,1.0,15/55,22.64%,TGFBI;VCAN;IFITM3;FTL;TNS1;SLC2A1;GLUL;IFI6;GPNMB;NDRG1;PLTP;HILPDA;ADM;SLC6A8;BNIP3L,anal_pc5_c21_S1.filtered.gene_spectra_score.k_3.dt_0_01.txt
3,1,RETINA_PHOTORECEPTOR,0.8491942486967756,0.7090909090909091,0.8190084568923235,prerank,0.30948855775256945,1.0,5/23,14.50%,SOX4;PTPRZ1;PTPN13;EPB41L2;NDRG1,anal_pc5_c21_S1.filtered.gene_spectra_score.k_3.dt_0_01.txt
3,1,MUSCLE_SKELETAL_MUSCLE,0.8440481242999552,0.7727840199750312,0.8264132801951048,prerank,0.25190828155558753,1.0,20/73,31.06%,TPM2;WNT4;SHISA2;TNNT3;PVALB;FHL1;OBSCN;PTGFR;DES;HSPB8;KRT80;TNNI2;CMYA5;LDB3;TPM1;MAPK4;HSPB6;COL22A1;PPP1R3C;PFKM,anal_pc5_c21_S1.filtered.gene_spectra_score.k_3.dt_0_01.txt
3,1,PLACENTA_PAEP_MECOM_POSITIVE,0.8413265757197338,0.75,0.8294567018535611,prerank,0.25340701682779715,1.0,24/72,28.48%,TACSTD2;LAMB3;EVC;NNMT;CP;KLK10;VTCN1;RIMKLB;GPX3;CX3CL1;SLC6A6;NMU;GABRP;ARHGEF28;ATP2C2;COMP;HAP1;INHBB;SLPI;GEM;BDKRB2;SCNN1A;TNFAIP6;RNF180,anal_pc5_c21_S1.filtered.gene_spectra_score.k_3.dt_0_01.txt
3,1,EREG_DENDRITIC,0.8369808170767367,0.895010395010395,0.835316433614219,prerank,0.21641972595756956,1.0,81/306,28.90%,A2M;GSN;ALCAM;SPHK1;TGFBI;VCAN;DPYSL2;SDC2;RHOB;PMP22;IFITM3;FTL;CTSB;EMP1;CSTA;PDLIM7;SDC3;SNCA;RUNX1;ENG;SH3PXD2B;PLAU;GPX3;MT2A;IL1RAP;GLUL;SLC6A6;ZEB2;THBS1;SGK1;PPT1;EPB41L2;CCL2;SPRED1;THBD;CH25H;TUBA1C;SHTN1;CEBPB;NAMPT;B3GNT5;ID3;TFRC;FILIP1L;ABCA1;ATP13A3;DSE;MMP19;VEGFA;EPAS1;ACSL1;IL1R1;NIBAN2;ADAM9;NINJ1;FTH1;SOCS3;RNF130;AKAP12;CCDC88A;KLF9;MT1X;CD93;AHR;RGL1;SERPINB8;DBI;SOD2;SH3BP5;CDKN1A;ITGA5;IRAK3;RAB31;MAFB;SDC4;IRS2;PLXDC2;PLAUR;NFIL3;ANGPTL4;TNFRSF12A,anal_pc5_c21_S1.filtered.gene_spectra_score.k_3.dt_0_01.txt
3,1,AFP_ALB_POSITIVE,0.8364992254624416,0.7124087591240876,0.8342491136641685,prerank,0.31299197304424026,1.0,3/21,13.32%,LOXL4;FTL;SCD,anal_pc5_c21_S1.filtered.gene_spectra_score.k_3.dt_0_01.txt
3,1,ILCP,0.8359010766455902,0.7855421686746988,0.8333785722884227,prerank,0.2382642113589232,1.0,23/92,25.38%,GSN;IGFBP7;LAPTM4B;MATN2;CFH;IGFBP4;JAG1;PLPP1;SPRY1;TSPAN4;CLEC11A;NDRG1;FRY;FASN;ADAM12;IL1R1;ARHGAP10;NINJ1;SRGAP3;NCOA7;AHR;SLCO2A1;NET1,anal_pc5_c21_S1.filtered.gene_spectra_score.k_3.dt_0_01.txt
3,1,TM4SF4_POS_PENK_POS_NEURON,0.8272194618142382,0.7760416666666666,0.8466809783280778,prerank,0.26052132093687363,1.0,30/50,43.22%,AKR1C2;DTNA;SLC2A1;TSHZ3;MTUS1;SYNPO2;GCHFR;PTGFR;GRIA3;ARHGEF28;TMOD1;VASH2;CHST1;PIANP;DNM3;PTPRG;PLPP4;RYR2;OGDHL;RND2;BBC3;SORL1;SAMD14;ARL4C;RASA4B;DLGAP1;ERC2;PTGER3;PNMA2;PENK,anal_pc5_c21_S1.filtered.gene_spectra_score.k_3.dt_0_01.txt
3,1,IRIS_CILIARY_BODY_CILIARY_BODY_ENDOTHELIAL,0.8256975110290081,0.7775030902348579,0.8473383888820248,prerank,0.25089743791398733,1.0,27/69,32.24%,ACKR3;PMAIP1;TMEM44;WTIP;TJP1;ZNF503;DLC1;PLCB1;ASAP2;PKN3;C1orf198;CSRP1;FAT4;GLTP;DENND2C;CCDC88A;SHE;CDH2;PDGFC;SEMA3A;BCL6B;EVA1C;ARAP3;TGFBR3;NSMCE1;IFI44;BPGM,anal_pc5_c21_S1.filtered.gene_spectra_score.k_3.dt_0_01.txt
3,1,MUSCLE_MEGAKARYOCYTES,-0.8218278786695137,0.9074074074074074,0.8942021377596613,prerank,-0.19493861769655796,1.0,17/84,15.98%,ARHGAP45;CA2;SIAE;BIN2;KLHL6;LIPH;ABI3;UBE2J1;CD84;SLC39A8;PATL2;CD226;DAPP1;MAPKAPK3;PLEK;TDP2;LYL1,anal_pc5_c21_S1.filtered.gene_spectra_score.k_3.dt_0_01.txt
3,1,ADRENAL_MEGAKARYOCYTES,-0.8205704330638266,0.8318965517241379,0.8901862757958673,prerank,-0.21697970589508,1.0,4/48,5.42%,LEFTY1;LAT;FERMT3;SERPINB1,anal_pc5_c21_S1.filtered.gene_spectra_score.k_3.dt_0_01.txt
3,1,KIDNEY_MEGAKARYOCYTES,0.8144311042285491,0.7746113989637305,0.8640642553596332,prerank,0.26087930860322134,1.0,17/43,40.62%,GABRE;SEPTIN5;ITGB3;KLF9;TMEM40;MMRN1;MED12L;EXOC3L4;COL24A1;RYR3;HPSE;PTGS1;NRGN;ADRA2A;SELP;ITGA2B;LGALSL,anal_pc5_c21_S1.filtered.gene_spectra_score.k_3.dt_0_01.txt
3,1,RETINA_MULLER,0.8119146670625567,0.770949720670391,0.8660973804320242,prerank,0.28888075159093596,1.0,4/25,11.64%,DKK3;CLU;PTPRZ1;CDC42EP4,anal_pc5_c21_S1.filtered.gene_spectra_score.k_3.dt_0_01.txt
3,1,RETINA_BIPOLAR,0.8086712052105254,0.7673758865248227,0.8691744307918011,prerank,0.29583559511283347,1.0,6/23,22.06%,TCF4;NFIB;GPX3;ANK3;PROX1;CCDC88A,anal_pc5_c21_S1.filtered.gene_spectra_score.k_3.dt_0_01.txt
3,1,PARIETAL_AND_CHIEF,-0.8038291072354012,0.8115384615384615,0.9098197947005607,prerank,-0.23358939344431665,1.0,5/33,11.72%,VSIG2;CKB;HK2;PFKFB2;HIP1R,anal_pc5_c21_S1.filtered.gene_spectra_score.k_3.dt_0_01.txt
3,1,CEREBRUM_OLIGODENDROCYTES,-0.801488290820555,0.7867647058823529,0.9070279710068744,prerank,-0.24884551762235302,1.0,8/24,20.86%,KLRK1;NT5E;FCRLA;KLRC4;ERBB3;CHAD;KLRC3;TNR,anal_pc5_c21_S1.filtered.gene_spectra_score.k_3.dt_0_01.txt
3,1,INTESTINE_CHROMAFFIN,0.7978932972487144,0.7671809256661991,0.8839608747734933,prerank,0.2848945987784716,1.0,3/25,17.20%,SPTSSB;PAM;LRP1B,anal_pc5_c21_S1.filtered.gene_spectra_score.k_3.dt_0_01.txt
3,1,ADRENAL_ERYTHROBLASTS,-0.7930922503527564,0.8540925266903915,0.9129085868526029,prerank,-0.22884493358156982,1.0,6/34,17.74%,SELENBP1;TENT5C;GALNT5;DPF3;EPB41;SLC14A1,anal_pc5_c21_S1.filtered.gene_spectra_score.k_3.dt_0_01.txt
3,1,DEFINITIVE_RETICULOCYTE,0.7806090526587545,0.8321775312066574,0.9074823855479542,prerank,0.2480021536039019,1.0,6/43,17.30%,GCLC;MRC2;RIPOR3;SOX6;SPTB;TFRC,anal_pc5_c21_S1.filtered.gene_spectra_score.k_3.dt_0_01.txt
3,1,CLC_IL5RA_POSITIVE,0.7735680665733383,0.7851002865329513,0.9148998407080792,prerank,0.28374785083777326,1.0,13/23,47.92%,CENPW;BIRC5;PTGS2;TMSB15B;PTGDR2;FBXO45;SNRNP25;PCDHB6;SLC6A3;NOP16;BRF2;VSIG10L;SPAAR,anal_pc5_c21_S1.filtered.gene_spectra_score.k_3.dt_0_01.txt
3,1,DISTAL_CONVOLUTED_TUBULE,0.7612234467367631,0.9040767386091128,0.928821008910823,prerank,0.22241048965970556,1.0,32/88,34.54%,DST;ADGRL2;NAV2;CACNA2D3;WWOX;SOX6;SVIL;CADPS2;CADM1;BICC1;LRP1B;ABCA10;ANK3;EXOC6B;PDE10A;RNF150;ADAMTS17;NAALADL2;DACH1;LIMCH1;CACNB4;ESRRG;FHOD3;DPH6;AHI1;PTPRG;NEDD4L;RHOBTB3;ARHGAP24;MITF;EFNA5;ME3,anal_pc5_c21_S1.filtered.gene_spectra_score.k_3.dt_0_01.txt
3,1,MARROW_IMMATURE_NEUTROPHIL,0.7609381269300001,0.9049338146811071,0.9270488718568283,prerank,0.21919080461903323,1.0,26/99,23.94%,DPYSL2;TNFAIP2;FTL;CTSB;GLUL;SLC6A6;ZEB2;SGK1;ID1;IFI6;PPT1;THBD;SHTN1;PRCP;CEBPB;ARRDC3;NAMPT;B3GNT5;ABCA1;IER5L;DSE;VEGFA;NINJ1;BNIP3L;AHR;BCL2L11,anal_pc5_c21_S1.filtered.gene_spectra_score.k_3.dt_0_01.txt
3,1,SECRETORY_PROGENITOR,0.7608112481950912,0.8323863636363636,0.9251164830811951,prerank,0.27437351185437947,1.0,8/25,21.74%,BCAM;APOE;PTPN13;SRPX2;MX1;KCNT2;GLIS3;PLXND1,anal_pc5_c21_S1.filtered.gene_spectra_score.k_3.dt_0_01.txt
3,1,BCHE,0.7603217907051923,0.794251134644478,0.9236323660137167,prerank,0.305136958783277,1.0,4/16,12.46%,GSN;AKR1C3;MT2A;ID1,anal_pc5_c21_S1.filtered.gene_spectra_score.k_3.dt_0_01.txt
3,1,KIDNEY_ERYTHROBLASTS,-0.7552316081869758,0.9446640316205533,0.9505016950262323,prerank,-0.20044551850306597,1.0,8/50,14.38%,SELENBP1;TENT5C;KLK1;MICAL2;GALNT5;DPF3;SNX22;MAP2K3,anal_pc5_c21_S1.filtered.gene_spectra_score.k_3.dt_0_01.txt
3,1,PLACENTA_AFP_ALB_POSITIVE,0.7306014807067779,0.8923884514435696,0.9548200965092185,prerank,0.23521536053323527,1.0,7/46,19.98%,AKR1C2;AKR1C3;CYP4F3;MT2A;SCD;RBP4;PROX1,anal_pc5_c21_S1.filtered.gene_spectra_score.k_3.dt_0_01.txt
3,1,CILIATED_EPITHELIAL,0.7156195849004277,0.976897689768977,0.9661413051238832,prerank,0.19330295660020064,1.0,27/163,21.26%,PFN2;COL4A5;CES1;ALDH1A1;APCDD1;CROCC;TP73;TTLL7;CP;TPPP3;ABCA13;SLC7A2;DTNA;LRIG1;LTBP1;DHRS9;POLQ;CCN2;HSPH1;CEP162;NRP2;ANKRD18A;ATP2C2;MAPRE3;TUBB4B;CPEB1;PRSS12,anal_pc5_c21_S1.filtered.gene_spectra_score.k_3.dt_0_01.txt
3,1,BRONCHIOLAR_AND_ALVEOLAR_EPITHELIAL,0.7133872654855961,0.8907801418439716,0.9658535456502079,prerank,0.2572676355998432,1.0,2/25,5.44%,FGFR2;CRLF1,anal_pc5_c21_S1.filtered.gene_spectra_score.k_3.dt_0_01.txt
3,1,PUTATIVE_BASOPHIL_EOSINOPHIL_MAST_CELL_PROGENITOR,0.7071659978599577,0.9154362416107382,0.9688440326041361,prerank,0.22951105465550092,1.0,9/44,18.84%,SOX4;ANXA1;SLC2A1;GLUL;AFF2;SLC6A6;FLNA;TFRC;LMO4,anal_pc5_c21_S1.filtered.gene_spectra_score.k_3.dt_0_01.txt
3,1,KIDNEY_METANEPHRIC,0.7033592692470559,0.8878116343490304,0.9694862623496283,prerank,0.23516229957674048,1.0,15/34,43.62%,SIM2;SALL3;EYA1;TMEM100;GRIK2;SLC47A2;DEFB1;NKAIN3;DMRT3;ECEL1;OR51E1;MYO15A;LYPD1;CDH6;SH2D5,anal_pc5_c21_S1.filtered.gene_spectra_score.k_3.dt_0_01.txt
3,1,PCP4_POS_NEURON,0.7024571285593942,0.903448275862069,0.9680393885107218,prerank,0.2471509999910806,1.0,6/27,22.32%,AKR1C2;FRY;SNCG;GRIA3;ARHGEF28;TMOD1,anal_pc5_c21_S1.filtered.gene_spectra_score.k_3.dt_0_01.txt
3,1,GMP,0.6972226502378978,0.8898550724637682,0.9696988855549261,prerank,0.25208442435333883,1.0,8/21,30.96%,MCM6;PCLAF;CLEC11A;CITED4;HGF;SERPINB8;TSPOAP1;DEFB1,anal_pc5_c21_S1.filtered.gene_spectra_score.k_3.dt_0_01.txt
3,1,HEMATOPOIETIC_STEM,-0.6911216750741123,0.9027355623100304,0.9904981903632707,prerank,-0.23805700521878764,1.0,18/18,76.30%,CD244;HSF5;S100Z;CPNE7;PRAM1;KIT;SPINK2;NOG;IL12RB2;C1QTNF4;MPO;HTR1F;INPP5J;DDTL;PRDM16;BAALC;IRAK3;CHRDL1,anal_pc5_c21_S1.filtered.gene_spectra_score.k_3.dt_0_01.txt
3,1,TM4SF4_POS_CHODL_POS_NEURON,-0.6599662111737491,0.9763513513513513,0.9962224087699373,prerank,-0.21630088663798863,1.0,5/20,17.14%,POU2F2;PLEKHA6;FBP1;ABCB1;HID1,anal_pc5_c21_S1.filtered.gene_spectra_score.k_3.dt_0_01.txt
3,1,OLFACTORY_NEUROEPITHELIUM_RESPIRATORY_SECRETORY,0.6597569187013953,0.9083969465648855,0.9887585758096947,prerank,0.2584619079457786,1.0,5/17,23.10%,ANXA1;KRT7;CXCL1;NCOA7;CYP4B1,anal_pc5_c21_S1.filtered.gene_spectra_score.k_3.dt_0_01.txt
3,1,OLIGODENDROCYTES,0.655334676616685,0.9230769230769231,0.9884690896659096,prerank,0.25771479583954676,1.0,2/17,12.84%,PDGFRA;SOX6,anal_pc5_c21_S1.filtered.gene_spectra_score.k_3.dt_0_01.txt
3,1,PHOTORECEPTOR,-0.6343303472532917,0.9583333333333334,0.9972671279295005,prerank,-0.19648959920136605,1.0,3/24,10.24%,CDHR1;RALGPS2;PRKACB,anal_pc5_c21_S1.filtered.gene_spectra_score.k_3.dt_0_01.txt
3,1,RETINAL_PROGENITORS_AND_MULLER_GLIA,0.6251919286253274,0.9388379204892966,0.9968126335906005,prerank,0.24870480108152349,1.0,2/15,9.78%,ARHGEF26;GRB10,anal_pc5_c21_S1.filtered.gene_spectra_score.k_3.dt_0_01.txt
3,1,EPITHELIAL,-0.6166626522369462,1.0,0.9950713663457439,prerank,-0.15281309264320933,1.0,5/73,9.56%,SLC44A4;CAPN8;TMC5;DERL3;LRRC26,anal_pc5_c21_S1.filtered.gene_spectra_score.k_3.dt_0_01.txt
3,1,PANCREAS_ACINAR,0.6163706736979151,0.9384384384384384,0.996836309476493,prerank,0.2515770191622722,1.0,4/15,26.94%,CEL;MT2A;MT1X;STEAP1,anal_pc5_c21_S1.filtered.gene_spectra_score.k_3.dt_0_01.txt
3,1,IRIS_CILIARY_BODY_SCHWANN,0.6065896071300044,0.9732016925246827,0.9968982272643134,prerank,0.22164492942593014,1.0,12/24,40.08%,FRY;NIBAN2;MAP2;ZC2HC1A;MMP17;AJAP1;NTM;RRAD;ADGRG6;MOB2;TAFA5;KLF15,anal_pc5_c21_S1.filtered.gene_spectra_score.k_3.dt_0_01.txt
3,1,CEREBELLUM_OLIGODENDROCYTES,0.6049617799353366,0.9724047306176085,0.9950608704149512,prerank,0.20206155057635855,1.0,11/37,27.42%,HR;PDGFRA;HAPLN1;GDNF;DMRT2;CLDN11;EYA1;TMEM100;SLPI;APOD;FMO3,anal_pc5_c21_S1.filtered.gene_spectra_score.k_3.dt_0_01.txt
3,1,SLC26A4_PAEP_POSITIVE,0.5751676217275666,0.9757834757834758,0.9977184949096973,prerank,0.20986971874414614,1.0,7/25,32.42%,CEP55;EPHA4;KNSTRN;DPH6;DTX3;SHOC1;CCN3,anal_pc5_c21_S1.filtered.gene_spectra_score.k_3.dt_0_01.txt
3,1,INTESTINE_ERYTHROBLASTS,0.5714233904676776,0.9947089947089947,0.9959916554898082,prerank,0.17771880193082606,1.0,9/49,26.40%,RIPOR3;SNCA;SLC2A1;FAM83D;SPTB;DMTN;TMOD1;ANKRD18B;BLVRB,anal_pc5_c21_S1.filtered.gene_spectra_score.k_3.dt_0_01.txt
3,1,PLACENTA_TROPHOBLAST_GIANT,0.541399434234278,0.9874651810584958,0.99668505855663,prerank,0.1915746654832413,1.0,10/26,35.12%,TFPI2;HSPB8;CPXM2;LYPD5;INHBA;ZNF117;BPGM;RHOBTB3;CAPN6;POU2F3,anal_pc5_c21_S1.filtered.gene_spectra_score.k_3.dt_0_01.txt
3,1,SPLEEN_ERYTHROBLASTS,-0.540758998702345,0.9963636363636363,0.9971964745667677,prerank,-0.16564984548239428,1.0,12/27,30.92%,EPCAM;SLC38A5;MYB;SLC14A1;ST8SIA1;TRIM10;HDC;IL1RL1;DNAJA4;GYPE;LONRF3;CDK15,anal_pc5_c21_S1.filtered.gene_spectra_score.k_3.dt_0_01.txt
3,2,LYMPHOID,3.406185875458337,0.0,0.0,prerank,0.811940635898261,0.0,179/238,15.56%,ARHGEF1;CORO1A;TMC8;SEPTIN1;ARHGAP9;TRAF3IP3;TBC1D10C;RAC2;LTB;RASAL3;CD2;FMNL1;MYO1G;IL2RG;LIMD2;SASH3;STK17B;CD37;CD96;CYTIP;ARHGDIB;FCMR;RASGRP2;ZAP70;TRBC2;MAP4K1;CD3E;IKZF3;ITGB7;STK17A;CD52;PARP15;CXCR4;CD3D;MS4A1;LAT;PTPN7;CD6;IL32;RIPOR2;GPSM3;DGKA;IL7R;CD27;CARD11;LCK;ADAM19;CD79A;PYHIN1;SELL;THEMIS;ITK;CD22;TIGIT;SLAMF1;RASGRP1;SKAP1;IL2RB;CCR4;SP110;CD48;CD28;FCRL2;ICAM3;BLK;CCR6;TNFRSF13B;SLAMF6;CD5;CD8A;CD247;AGAP2;TCF7;FCRL1;P2RX5;RHOH;LY9;GBP5;KLRK1;CD19;PAX5;NIBAN3;NKG7;P2RY10;SP140L;GIMAP7;DENND2D;CD7;GIMAP2;ALOX5AP;MFNG;STAT4;POU2AF1;SIRPG;GRK6;CST7;IL21R;CD79B;ZBP1;BTN3A2;CD3G;SIT1;GPR174;TESPA1;CXCR5;CCR7;ISG20;CD69;ICOS;SLFN12L;SH2D2A;TAGAP;TMEM156;OXNAD1;GZMA;PRKCQ;SAMD3;S1PR4;GPR171;CXCR3;BCL11B;CXCR6;PRF1;SLC25A45;SH2D1A;FCRL3;CNR2;UBASH3A;SCML4;FCRL5;MATK;CD40LG;TRAT1;RUNX3;FOXP3;CTLA4;IRF4;IL2RA;GZMM;GZMK;RHOF;CD72;FLT3LG;SHISAL2A;TNFRSF25;DTX1;APOBEC3D;GPR18;STAP1;JCHAIN;TXK;MZB1;TRGC2;ZNF831;CXorf65;FCRLA;KLRC4;RNF125;EOMES;OAS2;GATA3;LAX1;FASLG;GZMH;PDCD1;KLRB1;ZNF683;LIME1;IL18RAP;MYBL1;TCL1A;ARL4C;SLC14A1;SPIB;CR2;LTA;TBX21;TRGC1;NCR3,anal_pc5_c21_S1.filtered.gene_spectra_score.k_3.dt_0_01.txt
3,2,INTESTINE_ADULT_CI_MESENCHYMAL,3.3660606336833947,0.0,0.0,prerank,0.793222611279527,0.0,178/261,12.68%,CORO1A;ACAP1;LAPTM5;TMC8;ARHGAP15;ARHGAP4;ITGAL;WIPF1;IKZF1;SEPTIN1;DOCK2;CD53;ARHGAP9;TRAF3IP3;TBC1D10C;RASAL3;ARHGAP30;CD2;IL16;PARVG;ANKRD44;LCP1;MYO1G;LIMD2;SASH3;PTPRC;HCLS1;ITGA4;CYTH4;FYB1;CD37;APBB1IP;GPR15;CYTIP;ARHGDIB;FCMR;ZAP70;ITGB2;FGD2;DOCK8;IL10RA;LSP1;MAP4K1;CD3E;SPOCK2;NLRP1;NCKAP1L;SRGN;ITGB7;ADA2;CHST11;CD52;INPP5D;SP140;CD3D;PTPN7;SEPTIN6;ABI3;SLA;GPSM3;PPP1R16B;IL7R;CD27;GLIPR1;LCK;ADAM19;CD79A;KCNAB2;CYBB;GIMAP4;PRKCB;ADAM8;KLHL6;CD300A;SFMBT2;SLAMF1;SKAP1;EVI2B;FYN;CD48;NCF4;DOK2;FCRL2;CCDC69;ANXA6;RCSD1;BLK;ALOX5;ARHGAP25;GPR183;RELT;TNFRSF13B;SELPLG;WAS;EMB;P2RX5;RHOH;LY9;GMFG;TRPV2;IGFLR1;CD19;POU2F2;C16orf54;NKG7;P2RY10;CD7;IL12RB1;ALOX5AP;STAT4;POU2AF1;RASSF5;PLEKHO1;CST7;ADGRG5;CD79B;AIM2;SLAMF7;FGL2;SUSD3;ZBP1;SIT1;RASA3;KCNA3;ISG20;CEP85L;CD69;APOBEC3G;GLCCI1;EVI2A;ST8SIA4;TAGAP;TMEM156;LILRB1;RGS1;THEMIS2;ATP8B2;ELMO1;HVCN1;IL27RA;TRIB2;SAMSN1;EMP3;GPR65;HCST;BTK;FCRL5;DAPP1;ERN1;GNG2;RUNX3;IRF4;C1QC;SLC7A7;MEF2C;EAF2;PRDM1;FLT3LG;RASGRP3;DOK3;STAP1;MZB1;FCGR2B;CSF2RB;NFATC1;NUGGC;OAS2;LAX1;SLC2A3;SYNE3;S100A4;RUNX2;PDE4B;PDK1;DERL3;TNF;CPNE5;TNFRSF4,anal_pc5_c21_S1.filtered.gene_spectra_score.k_3.dt_0_01.txt
3,2,NK_NKT,3.316670772609693,0.0,0.0,prerank,0.7788894416119269,0.0,218/308,16.06%,AKNA;EVL;CORO1A;LAPTM5;TMC8;ITGAL;WIPF1;IKZF1;ARHGAP45;CD53;ARHGAP9;TBC1D10C;CELF2;RAC2;LTB;RASAL3;TRAC;ARHGAP30;CD2;LCP1;IL2RG;SASH3;PTPRC;STK17B;HCLS1;RESF1;FYB1;CD37;CD96;CLEC2D;CYTIP;NLRC5;ARHGDIB;FCMR;ITGB2;TRBC2;ATM;CD3E;SPOCK2;PTPN6;IKZF3;SRGN;TRBC1;ETS1;STK10;ADA2;JAML;STK17A;CD52;STK4;CXCR4;FNBP1;CD3D;CD6;SLA;IL32;AOAH;DGKA;PTK2B;BIN2;SAMHD1;IL7R;MPEG1;LCK;PYHIN1;TNFRSF1B;THEMIS;CYBB;PRKCB;ITK;TIGIT;RASGRP1;IL2RB;PIM2;CCL5;EVI2B;FYN;SMAP2;CD48;CYFIP2;ALOX5;ARHGAP25;GPR183;SLAMF6;CD8A;CD247;TCF7;EMB;P2RX5;RHOH;GBP5;KLRK1;POU2F2;NKG7;GIMAP7;DENND2D;CD7;ALOX5AP;SLFN5;PTPN22;PBXIP1;SIRPG;RASSF5;CCR5;ADGRE5;CST7;SLAMF7;FGL2;CD3G;RORA;ISG20;CD69;APOBEC3G;CSF1R;FGR;EVI2A;SH2D2A;PLEK;PDE7A;TAGAP;ITGAX;HSPA6;LILRB1;GZMA;PRKCQ;TSC22D3;RGS1;KLRG1;GPR171;COTL1;BCL11B;CXCR6;CLEC7A;PRF1;PARP8;SH2D1A;SYTL3;MS4A7;PIK3IP1;SAMSN1;BCL2;CDC42SE2;HCST;IPCEF1;SCML4;HCK;MAF;CD40LG;TRAT1;ERN1;TNFAIP3;SCIMP;GNG2;RUNX3;CD163;SEMA4D;PITPNC1;CAMK4;GZMM;SLC7A7;GZMK;PRKCH;GPRIN3;PRDM1;LILRB2;BTN3A1;CD83;CPVL;PIP4K2A;LYZ;TXK;TC2N;C3AR1;SH3KBP1;BTG2;TENT5C;LST1;FCGR2A;GCSAM;PAG1;RNF125;EOMES;KLF2;GATA3;TYROBP;LYST;S100A4;RUNX2;GZMH;FCRL6;DUSP2;PHACTR1;FCER1G;SMCHD1;RNASE6;KLRD1;KLRB1;HK3;BCL2A1;LEPROTL1;RILPL2;IL18RAP;MYBL1;AIF1;ARL4C;DUSP4;P2RX7;C1orf162;CCL4;MNDA;TBX21;TRGC1;LYN;NIBAN1;NCF2;RGCC;GZMB;PSAP,anal_pc5_c21_S1.filtered.gene_spectra_score.k_3.dt_0_01.txt
3,2,B_T,3.2949307101973924,0.0,0.0,prerank,0.8432428970943413,0.0,105/123,13.16%,ARHGEF1;EVL;CORO1A;ACAP1;LAPTM5;TMC8;ARHGAP15;ITGAL;WIPF1;SEPTIN1;ARHGAP45;CD53;ARHGAP9;TBC1D10C;RAC2;LTB;IL16;LCP1;IL2RG;LIMD2;SASH3;PTPRC;STK17B;HCLS1;FYB1;CD37;CD96;CLEC2D;CYTIP;ARHGDIB;FCMR;ZAP70;ITGB2;LSP1;CD3E;SPOCK2;LPXN;SRGN;ETS1;CD52;STK4;CXCR4;CD3D;LAT;SEPTIN6;IL32;RIPOR2;GPSM3;BIN2;IL7R;LCK;RNF213;SELL;GIMAP4;ITK;SKAP1;IL2RB;PIM2;CCL5;CD48;GPR183;CD247;TCF7;RHOH;GMFG;NKG7;GIMAP7;DENND2D;CD7;PTPN22;UCP2;ADGRE5;CST7;CD3G;ISG20;CD69;TAGAP;GZMA;TSC22D3;RGS1;IRF1;SAMD3;COTL1;PRF1;SH2D1A;PIK3IP1;SAMSN1;CDC42SE2;GPR65;HCST;TNFAIP3;GNG2;RUNX3;PRKCH;PIP4K2A;FAM107B;TXK;SH3KBP1;CCND3;SLC2A3;DUSP2;FCER1G;PSMB9;KLRD1;KLRB1,anal_pc5_c21_S1.filtered.gene_spectra_score.k_3.dt_0_01.txt
3,2,CTX_BIG_GROUPS_BRAIN_IMMUNE,3.1725331234469087,0.0,0.0,prerank,0.8386739274804089,0.0,72/97,7.86%,ARHGEF1;AKNA;CORO1A;ACAP1;TMC8;ARHGAP15;ITGAL;SEPTIN1;ARHGAP45;ARHGAP9;TBC1D10C;RAC2;LTB;IL16;CD74;LCP1;IL2RG;LIMD2;PTPRC;STK17B;HCLS1;FYB1;CD37;CD96;CLEC2D;CYTIP;ARHGDIB;FCMR;ITGB2;LSP1;CD3E;PTPN6;SRGN;ETS1;STK10;CD52;ABI3;IL32;RIPOR2;FERMT3;GPSM3;BIN2;LCK;RNF213;SELL;GIMAP4;SKAP1;EVI2B;SP100;SP110;CD48;DOK2;ICAM3;RCSD1;RHOH;LY9;GMFG;GIMAP7;DENND2D;CD7;UCP2;ADGRE5;BTN3A2;ISG20;CD69;TAGAP;GZMA;TSC22D3;IRF1;SH2D1A;EMP3;HCST,anal_pc5_c21_S1.filtered.gene_spectra_score.k_3.dt_0_01.txt
3,2,CTX_BRAIN_NAIVE_LIKE_T,3.13426465327636,0.0,0.0,prerank,0.8204785501861671,0.0,86/110,10.34%,ARHGEF1;CORO1A;ACAP1;ARHGAP15;SEPTIN1;TRAF3IP3;TBC1D10C;RAC2;LTB;CD2;IL16;IL2RG;LIMD2;PTPRC;STK17B;CD96;CLEC2D;CYTIP;ARHGDIB;FCMR;ZAP70;FGD3;LSP1;CD3E;ETS1;JAML;CD52;STK4;CXCR4;CD3D;LAT;SEPTIN6;CD6;IL32;RIPOR2;GPSM3;DGKA;IL7R;CD27;LCK;SELL;THEMIS;GIMAP4;ITK;SKAP1;PIM2;CD48;CYFIP2;ICAM3;CD5;TCF7;RHOH;LY9;GMFG;C16orf54;GIMAP7;DENND2D;CD7;BTN3A2;CD3G;TESPA1;CCR7;ISG20;CD69;ICOS;OXNAD1;TSC22D3;SAMD3;GPR171;SH2D1A;IL27RA;PIK3IP1;LPIN1;CDC42SE2;EMP3;SCML4;MTERF4;CD40LG;TRAT1;TNFAIP3;CAMK4;PRKCH;FLT3LG;FAM107B;TXK;TC2N,anal_pc5_c21_S1.filtered.gene_spectra_score.k_3.dt_0_01.txt
3,2,KIDNEY_LYMPHOID,3.133122347984864,0.0,0.0,prerank,0.7949884114080586,0.0,114/143,16.46%,ACAP1;SEPTIN1;LTB;CD2;MYO1G;IL2RG;SASH3;CARMIL2;FCMR;ZAP70;TRBC2;CD3E;IKZF3;STK17A;CD52;CXCR4;CD3D;MS4A1;DGKA;IL7R;CD27;LCK;CD79A;PYHIN1;THEMIS;ITK;TIGIT;SLAMF1;RASGRP1;SKAP1;IL2RB;FCRL2;BLK;CCR6;SLAMF6;CD5;CD8A;CD247;TCF7;FCRL1;P2RX5;CCDC141;RHOH;LY9;CD19;C16orf54;PAX5;NIBAN3;NKG7;P2RY10;DENND2D;CD7;SLFN5;POU2AF1;PTPN22;PBXIP1;SIRPG;CST7;IL21R;TTN;CD79B;CD3G;SIT1;TESPA1;CXCR5;CCR7;ISG20;CD69;APOBEC3G;ICOS;SLFN12L;SH2D2A;GZMA;SAMD3;S1PR4;GPR171;BCL11B;PRF1;SH2D1A;FCRL3;CNR2;ZNF101;SCML4;FCRL5;MATK;TRAT1;RUNX3;FOXP3;IL2RA;GZMM;GZMK;GPR68;FLT3LG;SHISAL2A;GPR18;ZNF831;PLEKHF1;EOMES;LAX1;LRRN3;FCRL6;DUSP2;DTHD1;TNFSF14;KLRB1;GFI1;TCL1A;CR2;LTA;TBX21;NCR3;KLRC3;BICDL1;CTSW,anal_pc5_c21_S1.filtered.gene_spectra_score.k_3.dt_0_01.txt
3,2,PANETH_LIKE,3.13031757196637,0.0,0.0,prerank,0.7479984735913948,0.0,176/256,19.56%,LAPTM5;WIPF1;IKZF1;DOCK2;CD53;RAC2;FMNL1;CD74;LCP1;PTPRC;HCLS1;CYTH4;FYB1;CD37;PLCB2;ARHGDIB;ITGB2;FGD2;LSP1;TRAF1;NCKAP1L;SRGN;ADA2;INPP5D;CD4;CXCR4;LCP2;WDFY4;ABI3;ADCY7;SLA;AOAH;FERMT3;GPSM3;MPEG1;TNFRSF1B;CYBB;VAV1;PRKCB;CD300A;SFMBT2;IRF8;EVI2B;GPR132;PLCG2;CD48;NCF4;DOK2;SPI1;WAS;LPAR6;CD84;GBP5;GMFG;RASSF5;MS4A6A;UCP2;CORO7;ADGRG5;CD40;SLAMF7;FGL2;LAT2;SNX20;BIRC3;STAB1;CR1;PIK3AP1;ARRB2;CSF1R;LPCAT1;PLEK;ITGAX;HSPA6;LILRB1;ACP5;COTL1;IFI30;CLEC7A;MS4A7;SGPP1;SAMSN1;DNASE1L3;GPR65;HCST;BTK;HCK;MAF;CTSZ;TNFAIP3;LY86;RUNX3;CD163;ST3GAL5;C1QC;HAVCR2;CD163L1;SLAMF8;CLEC10A;LILRB2;C1QA;CD83;ADAP2;CPVL;SH2B3;SIGLEC1;LYZ;PLXNC1;C1QB;CD14;CSF2RB;CD209;LST1;FCGR2A;LILRB5;TYROBP;PDE4B;DUSP2;TNF;TFEC;RIPOR1;FCER1G;F13A1;RNASE6;CD68;PLA2G7;TBXAS1;SLC37A2;ITGAM;BCL2A1;CFP;GPR34;RILPL2;ICAM1;AIF1;IL4I1;ARL4C;MRC1;MS4A4A;CD86;CCL4;NFKBIE;CTSC;LYN;SLC9A9;NCF2;CSF3R;LIPA;RUBCNL;TSPAN33;UAP1L1;SLC15A3;PTPRE;GFRA2;NLRP3;FCGR3A;SNX10;CLEC2B;CCR1;STX11;KLHDC7B;TLR4;UVRAG;CMKLR1;IGSF6;PTAFR;TLR2;MMP9;FPR1;CD33;ZNF267;GPR137B;NDST2;CD300E;NFAM1;LGMN,anal_pc5_c21_S1.filtered.gene_spectra_score.k_3.dt_0_01.txt
3,2,ADRENAL_LYMPHOID,3.1059486181617597,0.0,0.0,prerank,0.7994930507581961,0.0,104/133,14.62%,ACAP1;SEPTIN1;TRAF3IP3;TBC1D10C;LTB;CD2;MYO1G;IL2RG;CD96;CYTIP;FCMR;ZAP70;TRBC2;CD3E;IKZF3;CD52;CD3D;MS4A1;IL32;IL7R;CD27;CARD11;LCK;CD79A;PYHIN1;SELL;THEMIS;ITK;ADAM8;TIGIT;SLAMF1;RASGRP1;SKAP1;IL2RB;CCDC88C;FCRL2;BLK;CCR6;SLAMF6;CD5;CD8A;CD247;TCF7;FCRL1;P2RX5;RHOH;LY9;GBP5;KLRK1;CD19;PAX5;NIBAN3;NKG7;P2RY10;CD7;SLFN5;PTPN22;CST7;CD79B;SLAMF7;CD3G;SIT1;CXCR5;CCR7;BIRC3;ISG20;HSH2D;ICOS;SLFN12L;SH2D2A;GZMA;GPR171;PRF1;SH2D1A;FCRL3;SYTL3;UBASH3A;FCRL5;MATK;TRAT1;RUNX3;IRF4;IL2RA;GZMM;GZMK;GPR18;JCHAIN;MZB1;TMEM154;ZNF831;CD244;FCRLA;EOMES;LAX1;GZMH;DUSP2;DTHD1;KLRB1;SYTL1;IL18RAP;MYBL1;TCL1A;SPIB;COL4A4,anal_pc5_c21_S1.filtered.gene_spectra_score.k_3.dt_0_01.txt
3,2,ISTHMUS,-3.066459917513825,0.0,0.0,prerank,-0.7160768911898272,0.0,98/144,16.12%,EPCAM;KRT8;GPX2;ITGB4;ELF3;CDH1;DST;KRT19;MYH14;LGALS3;GSN;AGR2;TSPAN1;AKR1C3;TACSTD2;ALDH3A1;TMPRSS4;ATP8B1;NQO1;ABCC3;MUC1;LAMB3;SERPINB5;ID1;HES1;KLF4;MISP;FCGBP;CREB3L1;TPM1;ITGA6;NIBAN2;TXNRD1;PLEKHA6;SDC4;S100P;TFCP2L1;MLPH;CA2;MAL2;UGDH;PALLD;AKAP1;FLNB;LAMA3;EFNB2;ASAP2;RBM47;AKR1B10;KLF3;LLGL2;S100A14;CYP3A5;ADAM15;TK1;TUBB4B;TOP2A;MYO10;NUSAP1;TUBA1C;TPX2;LAD1;LDLR;MGLL;PPARG;KCNE3;TLN2;HMGB2;PPFIBP1;CSTB;MKI67;PTTG1;NET1;CAPN8;TSPAN15;FOXQ1;FHL2;TTC39A;LMO7;FABP5;PLXNA2;BACE2;SH3RF1;DBI;BLVRB;PRC1;FASN;SYTL2;FERMT1;SCD;FBLIM1;CKS2;SMC4;CCNB1;CENPF;SLC16A1;NMU;REP15,anal_pc5_c21_S1.filtered.gene_spectra_score.k_3.dt_0_01.txt
3,2,INTESTINE_LYMPHOID,3.0594351931689303,0.0,0.0,prerank,0.7952136112292308,0.0,97/129,15.56%,ACAP1;SEPTIN1;TBC1D10C;LTB;CD2;MYO1G;IL2RG;CD96;ZAP70;TRBC2;CD3E;IKZF3;CD52;NLRC3;CD3D;MS4A1;PTPN7;CD6;IL7R;CARD11;LCK;CD79A;PYHIN1;THEMIS;ITK;SLAMF1;SKAP1;IL2RB;CCR4;BLK;SLAMF6;CD5;CD8A;CD247;TCF7;LY9;GBP5;KLRK1;PAX5;NKG7;DENND2D;CD7;STAT4;PTPN22;SIRPG;CST7;IL21R;CD79B;CD3G;SIT1;TESPA1;CXCR5;CCR7;CD69;ICOS;SLFN12L;SH2D2A;PDE7A;GZMA;S1PR4;GPR171;SLA2;CXCR3;CXCR6;PRF1;SH2D1A;UBASH3A;SCML4;MATK;CD40LG;TRAT1;IL2RA;GZMM;GZMK;GPR68;SHISAL2A;GPR18;STAP1;TXK;TRGC2;PLEKHF1;EOMES;GATA3;LAX1;FASLG;DTHD1;KLRD1;KLRB1;SYTL1;IL18RAP;IL4I1;TCL1A;COL4A4;LTA;TBX21;TRGC1;NCR3,anal_pc5_c21_S1.filtered.gene_spectra_score.k_3.dt_0_01.txt
3,2,MARROW_NAIVE_T,3.0579258022535645,0.0,0.0,prerank,0.7620997375077547,0.0,112/170,12.84%,ARHGEF1;EVL;ACAP1;TMC8;ARHGAP15;SEPTIN1;ARHGAP45;TRAF3IP3;LTB;TRAC;CD2;IL16;ANKRD44;RESF1;FYB1;CD96;CLEC2D;TRBC2;ATM;CD3E;TRAF1;SPOCK2;TRBC1;ETS1;STK4;TMC6;FNBP1;CD3D;LAT;SEPTIN6;CD6;RIPOR2;GPSM3;DGKA;IL7R;CD27;LCK;THEMIS;GIMAP4;ITK;RASGRP1;PIM2;CD48;CD28;ICAM3;CCR6;MGAT4A;CD5;TCF7;RHOH;P2RY10;GIMAP7;ZC3H12D;ITPKB;SLFN5;PBXIP1;SIRPG;SUSD3;CD3G;RORA;SIT1;TESPA1;CCR7;RASA3;ISG20;CD69;ICOS;PCED1B;OXNAD1;TSC22D3;HELB;TNIK;GPR171;BCL11B;SLC25A45;IL27RA;PIK3IP1;BCL2;ZNF101;CDC42SE2;UBASH3A;SCML4;P2RY8;MTERF4;CD40LG;TRAT1;TNFAIP3;ITM2A;CAMK4;SFI1;IL2RA;ARID5A;FLT3LG;ANXA2R;SHISAL2A;TNFRSF25;BIN1;FAM107B;TC2N;BTG2;PAG1;RNF125;GRAMD1A;KLF2;PLK3;GATA3;LRRN3;GIMAP1;PDE3B;PBX4;TNFRSF4;SMCHD1,anal_pc5_c21_S1.filtered.gene_spectra_score.k_3.dt_0_01.txt
3,2,CTX_BRAIN_EFFECTOR_T,3.0568932355373306,0.0,0.0,prerank,0.8034077251733078,0.0,88/105,17.60%,AKNA;CORO1A;ACAP1;ITGAL;SEPTIN1;TBC1D10C;RAC2;LCP1;IL2RG;LIMD2;PTPRC;STK17B;CD96;CYTIP;ZAP70;LSP1;CD3E;SRGN;STK10;SEPTIN6;ABI3;RIPOR2;LCK;PYHIN1;GIMAP4;ADAM8;SKAP1;IL2RB;FYN;CD48;DOK2;ICAM3;CD247;GMFG;NKG7;GIMAP7;DENND2D;CD7;STAT4;RASSF5;ADGRE5;CST7;SLAMF7;BTN3A2;HSH2D;CD69;APOBEC3G;FGR;SH2D2A;PLEK;GZMA;IRF1;SAMD3;PRF1;SH2D1A;CDC42SE2;EMP3;GPR65;HCST;RUNX3;ARID5A;FKBP11;PRKCH;PIP4K2A;TXK;CD244;EOMES;CCND3;CHST12;SYNE1;S100A4;GZMH;DUSP2;IQGAP2;PSMB9;KLRD1;KLRB1;SYTL1;IL18RAP;CCL4;GZMB;KLRC3;CTSW;TMEM71;PTPN4;CRIP1;CLEC2B;IFITM2,anal_pc5_c21_S1.filtered.gene_spectra_score.k_3.dt_0_01.txt
3,2,OLFACTORY_NEUROEPITHELIUM_CD8_T,3.054272393401535,0.0,0.0,prerank,0.8612245717308927,0.0,55/67,8.92%,EVL;CORO1A;ACAP1;LAPTM5;TRAF3IP3;TBC1D10C;RAC2;TRAC;CD2;LCP1;IL2RG;PTPRC;STK17B;FYB1;CD96;CLEC2D;CYTIP;ARHGDIB;TRBC2;LSP1;CD3E;TRBC1;JAML;STK17A;CD52;STK4;CXCR4;CD3D;IL32;IL7R;LCK;CCL5;CD48;CD8A;GMFG;NKG7;CD7;ALOX5AP;PTPN22;CST7;CD3G;RORA;CD69;TAGAP;GZMA;TSC22D3;RGS1;CXCR6;SYTL3;SAMSN1;CKLF;HCST;TNFAIP3;RUNX3;GZMM,anal_pc5_c21_S1.filtered.gene_spectra_score.k_3.dt_0_01.txt
3,2,RETINA_MICROGLIA,3.0438695484247806,0.0,0.0,prerank,0.7288824502768497,0.0,163/236,18.58%,CORO1A;LAPTM5;ARHGAP4;IKZF1;DOCK2;ARHGAP45;CD53;ARHGAP9;ARHGAP30;PARVG;CD74;LCP1;PTPRC;HCLS1;CYTH4;FYB1;CD37;APBB1IP;PLCB2;ARHGDIB;ITGB2;FGD2;DOCK8;IL10RA;LSP1;CYBA;NCKAP1L;LPXN;SRGN;STK10;INPP5D;SIPA1;STK4;MYO1F;CD4;TMC6;LCP2;ABI3;DOCK10;SLA;AOAH;GPSM3;BIN2;SAMHD1;MPEG1;GLIPR1;RNF213;TNFRSF1B;CYBB;GIMAP4;VAV1;CD300A;SFMBT2;IRF8;EVI2B;SMAP2;SP100;NCF4;RCSD1;ALOX5;MGAT4A;ARHGAP25;GPR183;SPI1;SELPLG;WAS;LPAR6;CD84;GMFG;ALOX5AP;UCP2;PLEKHO1;PREX1;ITPR2;FGL2;LAT2;SUSD3;TLR10;STAB1;LAIR1;ARRB2;FMNL3;CSF1R;EVI2A;PLEK;TAGAP;ITGAX;RGS1;COTL1;CLEC7A;MS4A7;SIGLEC10;SAMSN1;HCST;IPCEF1;HCK;MAF;RNASET2;LY86;TGFBR2;CSF2RA;C1QC;HAVCR2;MEF2C;MILR1;IL6R;ST6GAL1;C1QA;CD83;ADAP2;CPVL;BIN1;PIP4K2A;SH2B3;C3AR1;C1QB;HERPUD1;SH3KBP1;CD14;BTG2;ENTPD1;LST1;FCGR2A;PARP14;KLF2;TYROBP;SLC2A3;FCER1G;ATP8B4;RNASE6;TBXAS1;P2RY13;ITGAM;SIRPA;ADAM28;GPR34;AIF1;PLD4;CD86;CTSC;MNDA;ARHGAP27;ZFP36;SWAP70;LYN;LY96;CSF3R;VSIG4;PSAP;FOLR2;LIPA;CD36;NEK6;PTPRE;FCGR3A;MKNK1;CCR1;CCL4L2;GLRX;TLR4;IER5;IGSF6;PTAFR,anal_pc5_c21_S1.filtered.gene_spectra_score.k_3.dt_0_01.txt
3,2,CEREBELLUM_MICROGLIA,3.0282459890088824,0.0,0.0,prerank,0.6950154336599959,0.0,240/386,19.68%,CORO1A;LAPTM5;TMC8;ARHGAP15;ARHGAP4;ITGAL;IKZF1;DOCK2;CD53;ARHGAP9;TRAF3IP3;RAC2;RASAL3;ARHGAP30;PARVG;FMNL1;CD74;LCP1;CCDC88B;SASH3;PTPRC;HCLS1;CYTH4;FYB1;CD37;DENND1C;APBB1IP;JAK3;PLCB2;CYTIP;ITGB2;FGD2;DOCK8;IL10RA;DEF6;PIK3CD;PTPN6;NCKAP1L;ADA2;PARP15;SP140;MYO1F;CD4;NABP1;LCP2;PTPN7;WDFY4;SPN;TRIM22;AOAH;FERMT3;BIN2;IL7R;MPEG1;GLIPR1;CARD11;NFATC2;SELL;CYBB;VAV1;SFMBT2;IRF8;EVI2B;GPR132;SMAP2;PLCG2;NCF4;CD28;ALOX5;ARHGAP25;GPR183;SLAMF6;SPI1;SELPLG;WAS;CD84;PIK3R5;RHOH;IGFLR1;DENND2D;ZC3H12D;IL12RB1;ALOX5AP;MS4A6A;UCP2;TMEM106A;GAB3;SUSD3;SNX20;TLR10;RIN3;CD69;LAIR1;PIK3AP1;ARRB2;CSF1R;MAN2B1;BATF;PLEK;TAGAP;TMEM156;ITGAX;HSPA6;LILRB1;RGS1;TLR6;CLEC7A;MS4A7;SIGLEC10;SAMSN1;MAST3;IPCEF1;BTK;HCK;MAF;ARRDC5;P2RY8;DAPP1;CTSZ;SCIMP;RNASET2;LY86;CD163;AMPD3;CSF2RA;C1QC;ARID5A;SLC7A7;HAVCR2;MILR1;CD226;IL6R;LILRB2;DOK3;C1QA;CD83;ADAP2;CPVL;BIN1;NRROS;TRPM2;LYZ;TXK;C3AR1;C1QB;FCGR2B;CD14;CSF2RB;TSPAN32;BTG2;ENTPD1;LST1;FCGR2A;NFATC1;LILRB5;TYROBP;MAP3K8;P2RY6;S100A4;TLR1;LY75;TNF;TFEC;FCER1G;ATP8B4;TNFSF14;RENBP;NFKBID;RNASE6;CD68;LAG3;PLA2G7;TBXAS1;SLC37A2;P2RY13;ITGAM;IL17RA;ADAM28;BCL2A1;TNFSF8;ERP27;TMEM273;GPR34;TANGO2;ICAM1;AIF1;IL4I1;PLD4;SIGLEC9;SNAI3;MS4A4A;CD86;TNFAIP8L2;C11orf21;GBP2;TLR7;CTSC;MNDA;SIGLEC5;CD300LF;LYN;SLC9A9;CARD9;LRRC25;LY96;MX2;CSF3R;VSIG4;FOLR2;RUBCNL;MS4A14;ATG7;UAP1L1;SLC15A3;CD36;NLRP3;FCGR3A;MKNK1;CCR1;NMRK1;GBGT1;RASGRP4;TM6SF1;BMP2K;TLR4;IGSF6;PTAFR;CLEC9A;TLR2;FPR1;CD33;RGS18;SIGLEC7;S100Z;CASS4;NFAM1;ADRB2;LGMN;SPATC1;BATF3,anal_pc5_c21_S1.filtered.gene_spectra_score.k_3.dt_0_01.txt
3,2,SPLEEN_LYMPHOID,3.010495653161225,0.0,0.0,prerank,0.8066716198315287,0.0,69/93,11.56%,ACAP1;CD2;CD37;CD96;FCMR;IKZF3;STK17A;CD52;PARP15;SP140;CD3D;MS4A1;CD27;CARD11;LCK;CD79A;PYHIN1;THEMIS;CD22;TIGIT;SLAMF1;RASGRP1;IL2RB;PLCG2;CYFIP2;FCRL2;BLK;ALOX5;CCR6;TNFRSF13B;SLAMF6;CD5;CD8A;CD247;EMB;FCRL1;RHOH;LY9;PAX5;NIBAN3;P2RY10;ALOX5AP;POU2AF1;PTPN22;SIRPG;ADGRG5;TNFRSF13C;CD3G;TLR10;CXCR5;CCR7;TAGAP;SAMD3;BCL11B;SH2D1A;FCRL3;CNR2;SCML4;FCRL5;RALGPS2;GZMM;SHISAL2A;DTX1;GPR18;STAP1;MZB1;TMEM154;EOMES;FCER2,anal_pc5_c21_S1.filtered.gene_spectra_score.k_3.dt_0_01.txt
3,2,PROLIFERATING_BASAL,-3.005583447934977,0.0,0.0,prerank,-0.6626735769659964,0.0,175/219,26.82%,GPC1;GPX2;ITGB4;CXCL14;PKP1;DST;KRT19;TP63;AGR2;CALML3;FAM3D;ZNF703;COL17A1;IGFBP2;FBLN1;TACSTD2;KRT15;ALDH3A1;KRT17;DPYSL3;ADGRG1;CLCA2;MDK;LAMB3;SERPINB5;PITX1;PRXL2A;HES1;TYMS;IGFBP4;ITGA6;GLUL;SERINC2;CDH3;OAF;PTGR1;A4GALT;TNFSF10;HELLS;S100A2;CENPU;PHGDH;CDK1;AKR1B10;PRSS23;S100A14;FAM3B;CALD1;ADAM15;TK1;KRT6A;ECT2;KRT14;TOP2A;ZWINT;CSTA;SERPINF1;CDT1;PTN;NUSAP1;TUBA1C;TPX2;IFITM3;LAD1;TCF4;ANLN;UHRF1;TCF19;UACA;EZH2;HMGB2;LMNB1;MKI67;PTTG1;KIFC1;SERPINB13;FANCI;PTPRZ1;HES4;SERPINB3;ASS1;FHL2;GPSM2;TSHZ2;FABP5;TNC;CDKN2C;KIF23;SLC7A1;CENPW;CENPM;SNAI2;MCM6;RRM2;AVPI1;PRC1;NCAPG;TROAP;FERMT1;NCAPG2;MT2A;CKS2;FGFBP1;HEY1;SMC4;NSG1;PCLAF;CCNB1;CENPF;NMU;CCNB2;BIRC5;FAM83D;PLK1;NDC80;GLTP;FOXM1;HJURP;CDC20;CEP55;KRT16;ASPM;RHOBTB3;KPNA2;HMMR;CDC45;MELK;RND3;KIF20A;SLC2A1;SNCA;GTSE1;TPM2;KIF11;KIF2C;AQP3;SERPINB4;DLGAP5;SPC25;CDCA2;IGFBP3;ORC6;ARL6IP1;CAV1;SPRY1;SLITRK6;LY6D;CDCA3;KRT13;CKAP2;NEK2;ACOT7;DEPDC1;TTK;GCHFR;AURKB;CDCA7L;UBE2C;CENPE;KNSTRN;CKAP2L;ISYNA1;TACC3;BUB1;CENPA;NCAPD2;FAM111B;SNRPD1;ACAT2;DIAPH3;IGFBP6;ANP32E;ISLR;AURKA;DLK2,anal_pc5_c21_S1.filtered.gene_spectra_score.k_3.dt_0_01.txt
3,2,EPCAM_POS_BILE_DUCT,-2.992108679454484,0.0,0.0,prerank,-0.658528557289048,0.0,144/227,21.54%,EPCAM;KRT8;DDR1;CLDN7;GPX2;ELF3;CDH1;CLDN4;PTPRK;DST;KRT19;SPINT1;LGALS3;AGR2;CD24;GOLM1;CKB;TACSTD2;AKR1C2;WNK2;PLXNB1;FGFR2;NQO1;ABCC3;MUC1;LAMB3;NEDD4L;HES1;LAMA5;SOX4;TFF3;TPM1;CAMK2N1;GLUL;ALCAM;MAOA;ATP1B1;NIBAN2;CES1;ERBB3;SDC4;EPHA2;MLPH;CA2;CLDN1;CGN;PBX1;MAL2;HSPA1B;OCLN;NFIB;C6orf132;GCNT3;PHGDH;FLNB;SLC4A4;WFDC2;MYO6;SLC12A2;RBM47;TM4SF1;CEACAM6;AKR1B10;LAMC1;THBS1;SLPI;LLGL2;S100A14;VEGFA;FGFR3;ITGB5;CYP3A5;ITGB8;TUBB4B;LCN2;RHOB;MYO10;DSTN;TJP1;PLD1;TOB1;LAD1;MGLL;CRIM1;PTPRD;PROM1;ADAM9;KLK11;SDCBP2;SOD3;BMP2;CAV2;PDZK1IP1;TMC5;VTCN1;LMO7;TNFRSF21;CYSTM1;SLC7A1;BACE2;EGR1;GABRP;TPPP3;RBPMS;NR2F2;AQP1;THSD4;CLU;HSD17B11;MAGI1;CRYAB;AMOTL2;LAMC2;KRT80;VCAN;COL27A1;SOD2;LGALS2;CDKN1C;C3;HSPA1A;HMGCR;FAM110C;WWTR1;PAQR5;ANXA3;CCN1;PHLDA2;AQP3;MYLK;SLC5A1;KRT7;EPB41L1;KIF12;MYRF;CX3CL1;GLIS3;GDF15;HMGCS1;MET;C12orf75;ERRFI1;TNFRSF12A;ITPKC,anal_pc5_c21_S1.filtered.gene_spectra_score.k_3.dt_0_01.txt
3,2,CD5_POS_CCL22_NEG_MATURE_B,2.9909919768954465,0.0,0.0,prerank,0.7761159991369998,0.0,86/117,15.40%,TMC8;ITGAL;ARHGAP9;TRAC;DENND1C;TRBC2;IL10RA;SPOCK2;LPXN;SRGN;ITGB7;SP140;ABI3;PPP1R16B;BIN2;MPEG1;CD27;SELL;CYBB;ADAM8;SKAP1;EVI2B;DOK2;FCRL2;CCR6;GPR183;TNFRSF13B;CD5;LY9;IGFLR1;TRAF5;PTPN22;MS4A6A;TTN;SEL1L3;TNFRSF13C;CD40;ZBP1;TLR10;CXCR5;SEMA7A;CCR7;CMTM3;BIRC3;MCOLN2;APOBEC3G;CTSH;PCED1B;EVI2A;PLEK;PDE7A;RGS1;ACP5;FCRL3;IL27RA;SIGLEC10;BCL2;HCST;SCML4;FCRL5;CTSZ;CLEC17A;RUNX3;GRK3;RHOF;SHISAL2A;TMEM154;RAB8B;ENTPD1;TENT5C;KCNN4;PLK3;CD1C;FCER2;S100A4;DUSP2;SH2B2;ADAM28;BCL2A1;ARL4C;C1orf162;CR2;LTA;NFKBIE;LRRK2;CD1D,anal_pc5_c21_S1.filtered.gene_spectra_score.k_3.dt_0_01.txt
3,2,PLACENTA_LYMPHOID,2.9843360450398038,0.0,0.0,prerank,0.7790324937863887,0.0,83/119,13.16%,AKNA;SEPTIN1;TRAF3IP3;TBC1D10C;LTB;RASAL3;CD2;MYO1G;IL2RG;CARMIL2;CD96;DENND1C;ZAP70;TRBC2;CD3E;IKZF3;ITGB7;PSTPIP1;CD52;NLRC3;CD3D;PTPN7;CD6;IL32;CD27;CARD11;LCK;CD79A;THEMIS;ITK;TIGIT;RASGRP1;PIM2;SLAMF6;CD5;CD8A;CD247;RHOH;TRAF5;NKG7;CD7;ALOX5AP;POU2AF1;SIRPG;CST7;ADGRG5;CD79B;ZBP1;CD3G;ISG20;CD69;SLFN12L;SH2D2A;GZMA;SAMD3;KLRG1;CXCR3;BCL11B;PRF1;SH2D1A;SCML4;FCRL5;TRAT1;VAMP1;RUNX3;CAMK4;IRF4;GZMK;APOBEC3D;CD38;STAP1;JCHAIN;MZB1;TRGC2;CD244;TXNDC5;EOMES;NUGGC;LAX1;GZMH;NOD2;DTHD1;KLRB1,anal_pc5_c21_S1.filtered.gene_spectra_score.k_3.dt_0_01.txt
3,2,INTESTINE_MYELOID,2.9637018676766047,0.0,0.0,prerank,0.7315439375166995,0.0,128/170,22.06%,CD74;FGD2;IL10RA;CIITA;CD4;WDFY4;AOAH;SAMHD1;MPEG1;CYBB;IRF8;NCF4;GPR183;SPI1;MS4A6A;ITPR2;TNFRSF13C;SLAMF7;FGL2;TLR10;STAB1;CR1;MCOLN2;CSF1R;MAN2B1;PLEK;ITGAX;LILRB1;THEMIS2;IFI30;TLR6;CLEC7A;MS4A7;SIGLEC10;DNASE1L3;HCK;DAPP1;SCIMP;RNASET2;LY86;CD163;CSF2RA;C1QC;MILR1;FPR3;CD163L1;CLEC10A;IL6R;LILRB2;C1QA;CD83;ADAP2;CPVL;SIGLEC1;LYZ;C3AR1;C1QB;CD14;CD209;FCGR2A;LILRB5;CD200R1;CD1C;TYROBP;TIFAB;FCER2;TLR1;FCER1G;F13A1;GAPT;RNASE6;SIRPB2;TBXAS1;P2RY13;BCL2A1;CFP;GPR34;RILPL2;AIF1;CCR2;PLD4;MS4A4A;C1orf162;CD86;TNFAIP8L2;TLR7;MNDA;SIGLEC5;CD1D;MS4A4E;CD300LF;GPR141;NCF2;CSF3R;VSIG4;FOLR2;HRH2;MS4A14;NLRP3;FCGR3A;CCR1;RASGRP4;FLT3;STX11;CMKLR1;IGSF6;PTAFR;CLEC9A;MMP9;FPR1;CD33;RGS18;RUFY4;ADGRE2;CD300E;CD101;LGMN;MEFV;NLRC4;EBI3;SLC24A4;CX3CR1;CD300LB;LILRA5;SIGLEC12;MERTK;OSCAR;SDS,anal_pc5_c21_S1.filtered.gene_spectra_score.k_3.dt_0_01.txt
3,2,B,2.939145100230955,0.0,0.0,prerank,0.7886570763783884,0.0,73/92,15.42%,LAPTM5;CD74;LIMD2;CD37;FCMR;RASGRP2;FGD2;PTPN6;IKZF3;CD52;SP140;CXCR4;MS4A1;ADAM19;CD79A;SELL;PRKCB;CD22;ATP2A3;IRF8;PLCG2;SP100;SP110;FCRL2;RCSD1;BLK;TNFRSF13B;BANK1;FCRL1;P2RX5;TRAF5;CD19;POU2F2;PAX5;NIBAN3;P2RY10;POU2AF1;CD79B;SEL1L3;TNFRSF13C;CD40;TLR10;CXCR5;CCR7;BIRC3;HSH2D;TMEM156;HVCN1;DAPP1;SCIMP;LY86;RALGPS2;MEF2C;SNX22;EAF2;CD72;ELOVL5;RASGRP3;ST6GAL1;STAP1;TMEM154;FCGR2B;FCRLA;FCER2;AFF3;SMCHD1;LBH;ADAM28;HHEX;TCL1A;SPIB;KIAA0040;SWAP70,anal_pc5_c21_S1.filtered.gene_spectra_score.k_3.dt_0_01.txt
3,2,CTX_BRAIN_B,2.9271171816522896,0.0,0.0,prerank,0.8330306333052503,0.0,57/64,15.42%,CORO1A;ACAP1;ARHGAP15;SEPTIN1;RAC2;LTB;CD74;IL2RG;LIMD2;CD37;CLEC2D;CYTIP;FCMR;LSP1;PTPN6;IKZF3;CD52;SP140;CXCR4;MS4A1;SEPTIN6;RIPOR2;CD79A;CD22;ATP2A3;PIM2;SP110;CD48;FCRL2;ALOX5;BANK1;FCRL1;P2RX5;RHOH;LY9;CD19;PAX5;NIBAN3;TTN;CD79B;BIRC3;ISG20;CD69;RALGPS2;CD72;GPR18;MZB1;FCRLA;AFF3;PDE4B;UTRN;PSMB9;SYTL1;TCL1A;SPIB;KIAA0040;SWAP70,anal_pc5_c21_S1.filtered.gene_spectra_score.k_3.dt_0_01.txt
3,2,MHC_II_POS_B,2.913630648267032,0.0,0.0,prerank,0.805868429615836,0.0,65/76,15.58%,CORO1A;LAPTM5;LTB;LIMD2;CD37;CLEC2D;FCMR;CIITA;PTPN6;CD52;PARP15;SP140;CXCR4;MS4A1;SEPTIN6;RIPOR2;MPEG1;CD79A;SELL;CYBB;PRKCB;CD22;IRF8;EVI2B;SMAP2;CYFIP2;FCRL2;RCSD1;BANK1;FCRL1;P2RX5;CD19;POU2F2;PAX5;NIBAN3;POU2AF1;UCP2;TTN;CD79B;TNFRSF13C;TLR10;CNTRL;CCR7;BIRC3;ISG20;HSH2D;PDE7A;TLR6;RNASET2;RALGPS2;DOK3;CD83;TMEM154;FCRLA;KLF2;CD1C;LYST;MAP3K8;AFF3;RNASE6;TCL1A;SPIB;KIAA0040;SWAP70;LYN,anal_pc5_c21_S1.filtered.gene_spectra_score.k_3.dt_0_01.txt
3,2,CD4_MEMORY_EFFECTOR_T,2.9067206030177744,0.0,0.0,prerank,0.8689021017141424,0.0,41/47,9.86%,EVL;CORO1A;ARHGAP15;SEPTIN1;TRAF3IP3;CD2;IL2RG;CD96;CLEC2D;IL10RA;CD3E;SPOCK2;ETS1;CD52;CD3D;CD6;IL32;IL7R;LCK;ITK;SLAMF1;RASGRP1;SKAP1;CD28;ICAM3;CCR6;GPR183;CD5;GIMAP7;SLFN5;PBXIP1;SUSD3;RORA;SIT1;ICOS;BCL11B;CD40LG;TRAT1;CTLA4;PRDM1;TNFRSF25,anal_pc5_c21_S1.filtered.gene_spectra_score.k_3.dt_0_01.txt
3,2,MARROW_STROMAL,-2.9028231295096316,0.0,0.0,prerank,-0.6063704778381768,0.0,307/483,31.20%,CXCL14;LRATD1;MYH14;GSN;EPHX1;NUPR1;COL7A1;IGFBP2;NBL1;PFN2;FBLN1;NTRK2;AKR1C2;JAG1;DPYSL3;HSD11B2;CLCA2;MDK;RBP1;HES1;FGFR1;IGFBP4;C1R;EFS;LAMB2;NOTCH3;C1S;TUSC3;COL6A1;NPNT;ACKR3;HEPH;COL3A1;COL1A2;COL4A2;COL6A2;COL5A1;NFIB;MTSS2;GPRC5A;PALLD;FSTL1;MAPK10;DCN;COL6A3;BCAR1;WFDC2;MYO6;EMP1;JUN;ADIRF;EFNA1;TM4SF1;LAMC1;ANTXR1;COL1A1;SLPI;CNN3;EPAS1;MMP14;LUM;EFNB1;FGFR3;ITGB5;EPB41L4B;GJA1;FARP1;ID4;HOXD11;CALD1;PLPP3;GLI3;FKBP10;MMP2;THBS2;COL4A1;IGFBP5;COL16A1;MID1;PTN;MALL;MYO10;ID3;NFATC4;CYBRD1;TJP1;FN1;TINAGL1;LAMA4;LDLR;SERPINH1;BMP4;PPARG;EFEMP1;CRIM1;MRC2;TFPI;COL14A1;NR2F1;COL5A2;GAS6;PDLIM4;HTRA1;PLPP1;NID1;HSPG2;SCARA3;EDIL3;IGFBP7;TNS2;FLRT2;CAVIN1;SOD3;NAV2;BMP2;CAV2;FBN1;EMILIN1;ASS1;PLA2R1;ITIH5;EPS8;CDC42EP4;TNC;CDH11;ADGRL2;OSMR;EGR1;SNAI2;LPIN3;MXRA5;FRMD6;TPST1;CXCL12;MYO1B;PTGDS;ABCA8;WNT4;RARRES1;LY6K;SPARCL1;CD276;NR2F2;THSD4;PCSK6;PTPN13;MXRA8;PCDH18;MT2A;PCOLCE;THY1;CCDC80;FOXD1;SLC7A2;ARHGEF17;CFD;SULF1;ADAMDEC1;LOXL1;MAGI1;SLC39A14;SVEP1;PDGFRB;ARHGEF25;CRYAB;AMOTL2;KIRREL1;PLEKHH2;COL21A1;UNC5B;RASD1;BGN;STEAP2;VWA1;ANGPTL2;SMOC2;RBMS3;ADAMTS1;PRRX1;ARHGEF28;COL12A1;TIMP3;FST;ADAMTS2;ADM;CFH;ABI3BP;RND3;GLI2;WWTR1;BOC;GPC4;LTBP2;CCN1;TAGLN;PDGFRA;FRZB;LOX;SMAD9;OLFML2A;NID2;DENND2A;CP;ABCA6;SERPING1;SFRP1;PODN;IGFBP3;CAV1;GLDN;DLX5;SPRY1;PTPRG;NNMT;PLSCR4;CYP4X1;C1QTNF1;ADH1B;GLT8D2;RUNX1;NFASC;FGF7;MAP1LC3A;THSD7B;ERRFI1;PAPPA;TNFRSF12A;GGT5;CLMP;FMOD;HAS2;SELENOP;SLIT3;SRPX2;STEAP1;SPRY4;ABCA10;P3H2;MGP;UNC5C;GPX3;SH3PXD2B;RASL11A;ZNF503;VCAM1;MEIS2;KIAA1755;ITGB6;DDR2;OSR2;CH25H;ALDH1A3;CCN2;SYNPO2;EDNRB;FHL1;C11orf96;FZD4;PRELP;TMEM119;RGL3;ZNF423;TMEM47;IGFBP6;OLFML3;ISLR;CRISPLD1;CFI;OLFML1;SORBS2;ASPA;CPXM2;SNCG;LHFPL6;DPT;PTGFR;RUNX1T1;LIFR;IGDCC4;SDC3;BICC1;NCKAP5;TWIST2;RSPO3;DAAM2;FABP4;LIMCH1;HRCT1;CTSK;GADD45A;MRGPRF;CCL2;RAI14;DMD;DCLK1;FRMD4A;SRPX;DLC1;ADAMTS9;GLIS2;CHRD;MMRN2;FAM13C;RARRES2;INHBB;TMEM37;FMO3,anal_pc5_c21_S1.filtered.gene_spectra_score.k_3.dt_0_01.txt
3,2,IMMATURE_PIT,-2.9012223295804795,0.0,0.0,prerank,-0.7643672395420489,0.0,47/69,13.46%,KRT8;GPX2;ITGB4;KRT19;LGALS3;GSN;AGR2;TSPAN1;AKR1C3;TACSTD2;AKR1C2;ALDH3A1;CEACAM5;VSIG2;IFI27;NQO1;ABCC3;MUC1;ID1;KLF4;FCGBP;TPM1;ABCC5;S100P;CA2;DSC2;PTGR1;MAL2;UGDH;FLNB;EFNB2;RBM47;AKR1B10;KLF3;S100A14;CYP3A5;MGLL;CSTB;NET1;CAPN8;FOXQ1;FHL2;LMO7;CYSTM1;SPTSSB;BLVRB;SYTL2,anal_pc5_c21_S1.filtered.gene_spectra_score.k_3.dt_0_01.txt
3,2,CL4_T_LYMPHOCYTE_NK,2.8850802454060474,0.0,0.0,prerank,0.7720367309568625,0.0,76/97,16.46%,AKNA;CORO1A;LAPTM5;WIPF1;CD53;TRAC;CD2;LCP1;IL2RG;LIMD2;PTPRC;CD37;CLEC2D;CYTIP;ARHGDIB;ITGB2;TRBC2;LSP1;CYBA;CD3E;SPOCK2;SRGN;TRBC1;CD52;STK4;CXCR4;FNBP1;CD3D;IL32;TNFRSF1B;CCL5;FYN;DOK2;CD247;NKG7;GIMAP7;CD7;ALOX5AP;ADGRE5;CST7;BIRC3;ISG20;CD69;APOBEC3G;SH2D2A;GZMA;TSC22D3;IRF1;S1PR4;COTL1;PRF1;SAMSN1;CDC42SE2;EMP3;HCST;ITM2A;GNG2;RUNX3;GZMM;ARID5A;GZMK;TRGC2;CHST12;S100A4;GZMH;DUSP2;PSMB9;KLRD1;KLRB1;LEPROTL1;SSR4;CCL4;ZFP36;RGCC;GZMB;CTSW,anal_pc5_c21_S1.filtered.gene_spectra_score.k_3.dt_0_01.txt
3,2,HEART_LYMPHOID,2.8806595738225655,0.0,0.0,prerank,0.7890764987838,0.0,74/87,16.04%,ACAP1;SEPTIN1;CD96;FCMR;ZAP70;TRBC2;IKZF3;CD52;CD3D;MS4A1;CD27;CARD11;LCK;SELL;THEMIS;ITK;TIGIT;SLAMF1;RASGRP1;SKAP1;IL2RB;FCRL2;BLK;TNFRSF13B;SLAMF6;CD5;TCF7;FCRL1;LY9;KLRK1;CD19;PAX5;NKG7;CD7;POU2AF1;SIRPG;CST7;CD79B;CD3G;SIT1;CCR7;ISG20;ICOS;GZMA;SAMD3;GPR171;CXCR3;CXCR6;PRF1;SH2D1A;FCRL3;UBASH3A;SCML4;FCRL5;MATK;TRAT1;FOXP3;GZMM;GZMK;FLT3LG;SHISAL2A;JCHAIN;FCRLA;GZMH;PDCD1;KLRB1;IL18RAP;TCL1A;CR2;LTA;GBP2;TBX21;NCR3;GZMB,anal_pc5_c21_S1.filtered.gene_spectra_score.k_3.dt_0_01.txt
3,2,CL12_T_LYMPHOCYTE_NK,2.878950129483392,0.0,0.0,prerank,0.8182827615565398,0.0,48/65,8.26%,CORO1A;LAPTM5;WIPF1;CD53;LTB;TRAC;CD2;IL2RG;PTPRC;CLEC2D;CYTIP;ARHGDIB;TRBC2;CYBA;SPOCK2;SRGN;TRBC1;STK17A;CD52;STK4;CXCR4;FNBP1;CD3D;CD6;IL32;IL7R;GLIPR1;CCL5;EVI2B;FYN;GPR183;GIMAP7;CD7;ALOX5AP;PBXIP1;CST7;RORA;BIRC3;ISG20;CD69;EVI2A;TSC22D3;SAMSN1;CDC42SE2;EMP3;TRAT1;TNFAIP3;ITM2A,anal_pc5_c21_S1.filtered.gene_spectra_score.k_3.dt_0_01.txt
3,2,NEUROTYPES_HMGL,2.873497356139367,0.0,0.0,prerank,0.6612100058260925,0.0,206/370,18.58%,LAPTM5;TMC8;ARHGAP4;WIPF1;IKZF1;ARHGAP45;CD53;RASAL3;IL16;PARVG;ANKRD44;CD74;LCP1;SASH3;PTPRC;STK17B;HCLS1;CYTH4;FYB1;CD37;APBB1IP;JAK3;PLCB2;CYTIP;ARHGDIB;ITGB2;FGD2;DOCK8;CYBA;PTPN6;NCKAP1L;SRGN;INPP5D;MYO1F;CD4;SEPTIN6;ABI3;TRIM22;ADCY7;SLA;FERMT3;PTK2B;BIN2;SAMHD1;IL7R;MPEG1;GLIPR1;CARD11;RNF213;NFATC2;TNFRSF1B;CYBB;GIMAP4;VAV1;SFMBT2;IRF8;EVI2B;PLCG2;CD48;NCF4;DOK2;RCSD1;ALOX5;ARHGAP25;GPR183;SPI1;SELPLG;LPAR6;CD84;GMFG;TRPV2;POU2F2;DENND3;ALOX5AP;MFNG;UCP2;GAB3;ITPR2;FGL2;LAT2;BIRC3;STAB1;CD69;LAIR1;ARRB2;CSF1R;CTSH;EVI2A;PGGHG;PLEK;TAGAP;GIMAP5;HSPA6;RGS1;IRF1;CLEC7A;IL27RA;MS4A7;PIK3IP1;SAMSN1;ARHGEF6;REL;GPR65;HCST;IPCEF1;BTK;MAF;TNFAIP3;RNASET2;LY86;RUNX3;TGFBR2;CD163;C1QC;SLC7A7;HAVCR2;MEF2C;GPRIN3;PRDM1;IL6R;ST6GAL1;C1QA;CD83;ADAP2;CPVL;APOBEC3D;BIN1;SH2B3;SIGLEC1;IKBKE;C3AR1;C1QB;HERPUD1;CD14;ENTPD1;FCGR2A;PARP14;PAG1;NFATC1;RNF125;KLF2;TYROBP;LYST;MAP3K8;TLR1;DUSP2;DERL3;TFEC;MLKL;FCER1G;ATP8B4;RNASE6;CD68;SLC37A2;P2RY13;IL17RA;SIRPA;ADAM28;BCL2A1;GPR34;RILPL2;HHEX;ICAM1;MRC1;PLD4;MS4A4A;CD86;CCL4;LTA;TLR7;RASSF4;CTSC;MNDA;LRRK2;ZFP36;LYN;SLC9A9;CARD9;NIBAN1;NCF2;LY96;CSF3R;VSIG4;FOLR2;LIPA;STAT1;SLC15A3;CD36;NEK6;PTPRE;GNGT2;NLRP3;FCGR3A;MKNK1;CCR1;RASSF3;GLRX;TM6SF1;BMP2K;STX11;TLR4;IER5;CMKLR1;APOBEC3C;IGSF6;PTAFR,anal_pc5_c21_S1.filtered.gene_spectra_score.k_3.dt_0_01.txt
3,2,CD8_NAIVE_T,2.8724973506591946,0.0,0.0,prerank,0.7721660761307283,0.0,76/102,13.44%,AKNA;ITGAL;SEPTIN1;TBC1D10C;RASAL3;CD2;MYO1G;CD96;ZAP70;ITGB2;IL10RA;LSP1;CD3E;SPOCK2;IKZF3;ETS1;CD3D;SPN;IL32;LCK;PYHIN1;ITK;TIGIT;SKAP1;CCL5;FYN;ANXA6;SLAMF6;CD8A;EMB;NKG7;CD7;IL12RB1;SLFN5;STAT4;CST7;BTN3A2;CD3G;RORA;ISG20;APOBEC3G;SH2D2A;GZMA;SAMD3;KLRG1;S1PR4;SLA2;BCL11B;PRF1;SH2D1A;SYTL3;CDC42SE2;HCST;SIGIRR;MATK;GNG2;RUNX3;GZMM;PRKCH;PRDM1;BTN3A1;BIN1;PIP4K2A;TC2N;PLEKHF1;RNF125;EOMES;CCND3;KLF2;CHST12;SYNE1;GZMH;FCRL6;KLRD1;LAG3;GFI1,anal_pc5_c21_S1.filtered.gene_spectra_score.k_3.dt_0_01.txt
3,2,MATURE_PIT,-2.869811396835971,0.0,0.0,prerank,-0.7035431767899221,0.0,61/102,14.30%,KRT8;GPX2;ELF3;KRT19;SPINT1;MYH14;LGALS3;GSN;TSPAN1;SCNN1A;COL17A1;AKR1C3;TACSTD2;AKR1C2;ALDH3A1;CEACAM5;VSIG2;IFI27;C15orf48;NQO1;ABCC3;MUC1;LAMB3;ID1;HES1;KLF4;IGFBP4;FCGBP;CREB3L1;ABCC5;S100P;MLPH;CA2;DSC2;MAL2;OCLN;FLNB;EFNB2;RBM47;AKR1B10;KLF3;SLPI;S100A14;VEGFA;CYP3A5;CSTA;TUBA1C;SPIRE2;MGLL;NET1;RIPK4;CAPN8;FOXQ1;FHL2;LMO7;TNFRSF21;CYSTM1;SPTSSB;SYTL2;DUOX2;MT2A,anal_pc5_c21_S1.filtered.gene_spectra_score.k_3.dt_0_01.txt
3,2,KIDNEY_URETERIC_BUD,-2.8675089618454668,0.0,0.0,prerank,-0.6806719821073886,0.0,90/139,23.04%,KRT8;CLDN7;GPX2;ITGB4;ELF3;PKP1;CLDN4;KRT19;SPINT1;MYH14;TSPAN1;FAM3D;COL17A1;TACSTD2;EHF;AKR1C2;KRT15;VSIG2;ALDH1A1;GRHL2;MUC1;LAMB3;ESRP2;TMEM45B;MAOA;AOC1;IRF6;PROM2;ATP10B;B3GNT3;S100P;MLPH;SDK1;CGN;MAL2;TNS4;HR;S100A2;CDCP1;C6orf132;ADIRF;PPL;BICDL2;PLEKHG6;S100A14;POF1B;RDH10;RNF43;FAM3B;EPB41L4B;TFAP2A;CBLC;LAD1;GRHL1;EVPL;CYP4F11;CYP4F3;FOXQ1;VTCN1;TTC39A;C4orf19;TMEM184A;SCNN1B;NECTIN4;LY6K;TMEM238L;DUOXA1;LYPD6B;SPRR3;KRT80;UGT1A1;CWH43;PPFIBP2;FAM110C;ANXA3;PRSS22;GJB6;HPGD;KRT7;DEGS2;SCIN;CYP4B1;SYT8;LY6D;TFAP2C;ADGRF1;PVALB;EPN3;SAMD12;GRHL3,anal_pc5_c21_S1.filtered.gene_spectra_score.k_3.dt_0_01.txt
3,2,MUSCLE_T,2.851525518536108,0.0,0.0,prerank,0.9040805003345279,0.0,34/37,7.86%,EVL;CORO1A;LAPTM5;TRAF3IP3;LTB;CD2;IL2RG;LIMD2;PTPRC;FYB1;CD37;ARHGDIB;CYBA;CD3E;ETS1;CD52;CXCR4;CD3D;IL32;IL7R;LCK;SELL;GIMAP4;CD48;GMFG;CD7;SLFN5;CD3G;ISG20;CD69;TSC22D3;COTL1;EMP3;HCST,anal_pc5_c21_S1.filtered.gene_spectra_score.k_3.dt_0_01.txt
3,2,LEUKOCYTE,2.8421641963911317,0.0,0.0,prerank,0.6864012909549878,0.0,127/224,18.02%,CORO1A;WIPF1;CD53;CELF2;RAC2;FMNL1;CD74;LCP1;PTPRC;STK17B;HCLS1;FYB1;CD37;CYTIP;ARHGDIB;IL10RA;PTPN6;SRGN;STK4;CD4;CXCR4;FNBP1;LCP2;FERMT3;GPSM3;GLIPR1;RNF213;TNFRSF1B;ADAM8;CD300A;IRF8;CCL5;EVI2B;SMAP2;CD48;NCF4;DOK2;MGAT4A;GPR183;SPI1;WAS;LPAR6;CD84;GMFG;ALOX5AP;MS4A6A;UCP2;PLEKHO1;FGL2;SERPINB9;BIRC3;STAB1;LAIR1;ARRB2;CSF1R;CTSH;PLEK;TAGAP;ITGAX;RGS1;THEMIS2;ACP5;COTL1;CLEC7A;MS4A7;SAMSN1;REL;HCST;CTSZ;TNFAIP3;RNASET2;LY86;CD163;AMPD3;CSF2RA;C1QC;ARID5A;HAVCR2;FPR3;PRDM1;RASGRP3;C1QA;CD83;ADAP2;LYZ;FAM107B;C1QB;FCGR2B;CD14;LST1;FCGR2A;TYROBP;MAP3K8;PDE4B;PHACTR1;IQGAP2;TNF;FCER1G;RNASE6;CD68;SIRPA;BCL2A1;CSGALNACT2;RILPL2;AIF1;MS4A4A;C1orf162;CD86;CCL4;NFKBIE;RASSF4;LYN;NCF2;LY96;VSIG4;FOLR2;LIPA;TNFRSF14;PTPRE;NLRP3;FCGR3A;SNX10;CLEC2B;CCL4L2;GLRX;ARHGAP18;STX11,anal_pc5_c21_S1.filtered.gene_spectra_score.k_3.dt_0_01.txt
3,2,CEREBRUM_MICROGLIA,2.8297212629940858,0.0,0.0,prerank,0.6649219746656025,0.0,174/280,20.56%,CORO1A;TMC8;ARHGAP15;ITGAL;DOCK2;ARHGAP9;TRAF3IP3;ARHGAP30;PARVG;FMNL1;CD74;MYO1G;CCDC88B;SASH3;HCLS1;CYTH4;CD37;DENND1C;APBB1IP;CYTIP;ITGB2;FGD2;DOCK8;ADA2;SP140;MYO1F;CD4;WDFY4;TRIM22;AOAH;IL7R;MPEG1;GLIPR1;CARD11;NFATC2;CYBB;VAV1;SFMBT2;IRF8;EVI2B;GPR132;SMAP2;PLCG2;CD48;NCF4;CD28;MGAT4A;GPR183;SPI1;SELPLG;PIK3R5;IGFLR1;DENND2D;ZC3H12D;IL12RB1;PTPN22;MS4A6A;TMEM106A;GAB3;LAT2;RIN3;LAIR1;PIK3AP1;ARRB2;CSF1R;BATF;TAGAP;TMEM156;ITGAX;HSPA6;LILRB1;RGS1;IFI30;CLEC7A;MS4A7;SIGLEC10;SAMSN1;MAST3;GPR65;IPCEF1;MAF;ARRDC5;P2RY8;CLEC17A;LY86;CD163;AMPD3;CSF2RA;IRF4;C1QC;SLC7A7;HAVCR2;MILR1;LILRB2;C1QA;CD83;SHISAL2A;ADAP2;CPVL;BIN1;TRPM2;LYZ;CSF2RB;ENTPD1;LILRB5;TYROBP;P2RY6;RUNX2;TLR1;LY75;TFEC;PDCD1;ATP8B4;NFKBID;GAPT;RNASE6;CD68;HK3;PLA2G7;SLC37A2;P2RY13;ITGAM;IL17RA;ADAM28;BCL2A1;TNFSF8;ERP27;TMEM273;GPR34;AIF1;MRC1;PLD4;MS4A4A;CD86;TNFAIP8L2;GBP2;TLR7;CTSC;MNDA;SIGLEC5;CD300LF;CARD9;LRRC25;NCF2;LY96;CSF3R;VSIG4;FOLR2;LPIN2;MS4A14;ATG7;UAP1L1;SLC15A3;FCGR3A;MKNK1;CCR1;GBGT1;RASGRP4;TLR4;GTSF1;CLEC9A;TLR2;CD33;S100Z;NFAM1;ADRB2;LGMN;SPATC1;BATF3;MEFV;NLRC4;EBI3;CACNA2D4;CX3CR1,anal_pc5_c21_S1.filtered.gene_spectra_score.k_3.dt_0_01.txt
3,2,MUSCLE_B,2.8248720852370637,0.0,0.0,prerank,0.8410578047302607,0.0,40/49,11.56%,LAPTM5;CD53;TBC1D10C;RAC2;LTB;CD74;LIMD2;PTPRC;CD37;FCMR;RASGRP2;CYBA;CD52;STK4;CXCR4;MS4A1;TRIM22;CD79A;SELL;IRF8;EVI2B;CD48;GPR183;BANK1;FCRL1;RHOH;GMFG;ALOX5AP;CD79B;CD69;TSC22D3;HVCN1;BTK;RNASET2;LY86;EAF2;CD83;JCHAIN;FCRLA;FCER2,anal_pc5_c21_S1.filtered.gene_spectra_score.k_3.dt_0_01.txt
3,2,PROGENITOR_LIKE,-2.8092865682653074,0.0,0.0,prerank,-0.6541322950922152,0.0,99/149,25.80%,GPC1;CXCL14;PFN2;MDK;ID1;FGFR1;SOX4;NFIX;TPM1;COL6A1;ITM2C;COL3A1;COL1A2;SDC4;COL4A2;S100P;COL5A1;FSTL1;DCN;COL6A3;BCAR1;WFDC2;EMP1;MATN2;EFNA1;TM4SF1;PRSS23;COL1A1;SLPI;CNN3;DKK3;SPTSSA;GJA1;ID4;CPE;CALD1;FKBP10;MMP2;P4HA2;IGFBP5;PTN;DSTN;FN1;SERPINH1;MGLL;TSC22D1;COL5A2;HSPG2;EDIL3;IGFBP7;MFGE8;CAVIN1;SOD3;MAP1B;BMP2;CAV2;CRABP2;AEBP1;TNC;TUBB2B;SNAI2;AQP1;MXRA8;PCOLCE;SLC39A14;MYL9;CRYAB;RASD1;BGN;ANGPTL2;COL15A1;AK1;PRRX1;COL12A1;TIMP3;TPM2;CCN1;TNNT3;LOX;IGFBP3;CAV1;DLX5;NNMT;CSPG4;NT5E;CLMP;FMOD;SBSPON;PMP22;MGP;DDR2;SPON2;CTHRC1;CCN2;HAPLN1;CRIP2;C11orf96;PRELP;SERPINE2,anal_pc5_c21_S1.filtered.gene_spectra_score.k_3.dt_0_01.txt
3,2,MAJOR_TYPES_MICROGLIA,2.8028437879303336,0.0,0.0,prerank,0.6542923039567757,0.0,159/280,17.60%,CORO1A;LAPTM5;ARHGAP4;IKZF1;DOCK2;CD53;ARHGAP9;IL16;PARVG;CD74;LCP1;SASH3;PTPRC;HCLS1;CYTH4;FYB1;CD37;APBB1IP;PLCB2;ARHGDIB;ITGB2;FGD2;DOCK8;IL10RA;CYBA;ATM;PTPN6;NCKAP1L;SRGN;ADA2;INPP5D;MYO1F;CD4;TMC6;NABP1;ABI3;AOAH;GPSM3;BIN2;MPEG1;GLIPR1;RNF213;TNFRSF1B;CYBB;GIMAP4;VAV1;CD300A;SFMBT2;IRF8;SMAP2;SP100;NCF4;RCSD1;ALOX5;MGAT4A;GPR183;SELPLG;WAS;LPAR6;CD84;GMFG;IGFLR1;ALOX5AP;UCP2;ITPR2;LAT2;TLR10;STAB1;LAIR1;ARRB2;FMNL3;CSF1R;RAPGEF6;MAN2B1;EVI2A;PLEK;TAGAP;ITGAX;TSC22D3;RGS1;IFI30;HVCN1;MS4A7;SIGLEC10;SAMSN1;MAST3;HCST;IPCEF1;HCK;MAF;RNASET2;LY86;C1QC;SLC7A7;HAVCR2;MILR1;IL6R;C1QA;CD83;ADAP2;CPVL;BIN1;SH2B3;C3AR1;C1QB;HERPUD1;CD14;BTG2;ENTPD1;LST1;FCGR2A;PAG1;KLF2;TYROBP;LYST;TFEC;FCER1G;ATP8B4;RNASE6;CD68;PLA2G7;TBXAS1;P2RY13;ITGAM;IL17RA;SIRPA;ADAM28;TMEM273;GPR34;AIF1;MRC1;PLD4;CD86;TNFAIP8L2;CCL4;TLR7;RASSF4;CTSC;MNDA;ZFP36;SWAP70;LYN;SLC9A9;LY96;CSF3R;VSIG4;PSAP;FOLR2;LIPA;LPIN2;RUBCNL;SLC15A3;CD36;PTPRE;FCGR3A;MKNK1;CCR1;CCL4L2;IFITM2,anal_pc5_c21_S1.filtered.gene_spectra_score.k_3.dt_0_01.txt
3,2,OLFACTORY_NEUROEPITHELIUM_NK,2.799776761285021,0.0,0.0,prerank,0.7821683945879595,0.0,58/71,17.60%,EVL;CORO1A;CD53;TRAF3IP3;TBC1D10C;RAC2;LCP1;IL2RG;LIMD2;PTPRC;ARHGDIB;ITGB2;LSP1;CYBA;SRGN;TRBC1;CD52;MYO1F;CXCR4;SPN;IL32;BIN2;PYHIN1;IL2RB;CCL5;CD48;DOK2;CD247;NKG7;CD7;UCP2;CST7;CD69;APOBEC3G;PLEK;GZMA;PRF1;EMP3;GPR65;HCST;MATK;GZMM;CCND3;TYROBP;GZMH;DUSP2;FCER1G;PSMB9;KLRD1;KLRB1;ARL4C;CCL4;GZMB;CTSW;TRDC;FCGR3A;CCL4L2;IFITM2,anal_pc5_c21_S1.filtered.gene_spectra_score.k_3.dt_0_01.txt
3,2,DIFFERENTIATING_BASAL,-2.795690316267017,0.0,0.0,prerank,-0.7215024151571185,0.0,56/76,20.00%,LRATD1;KRT19;GSN;AGR2;TSPAN1;CALML3;FAM3D;FBLN1;TACSTD2;EHF;KRT17;DPYSL3;TMPRSS4;CLCA2;ALDH1A1;MDK;SERPINB5;PITX1;IGFBP4;GLUL;CLDN1;A4GALT;TNFSF10;S100A2;WFDC2;EYA2;PRSS23;EPAS1;FAM3B;DHRS9;CSTA;SERPINF1;ANXA1;LAD1;TCF4;NDRG2;DHRS3;KLK11;SERPINB13;RIPK4;HES4;SERPINB3;ASS1;TSHZ2;LAYN;ECE1;HEY1;NSG1;LYPD6B;GLTP;CTSB;F3;AQP3;SERPINB4;IGFBP3;SLITRK6,anal_pc5_c21_S1.filtered.gene_spectra_score.k_3.dt_0_01.txt
3,2,STELLATE,-2.7846547371255292,0.0,0.0,prerank,-0.6026363915209756,0.0,167/277,25.72%,CXCL14;DST;GSN;FBLN1;ALDH1A1;FGFR2;RBP1;KLF4;LRP1;IGFBP4;C1R;NFIX;LAMB1;TPM1;NOTCH3;CAMK2N1;PXDN;C1S;GLUL;COL6A1;ITM2C;COL3A1;PRKG1;COL1A2;COL4A2;COL6A2;COL5A1;TBX2;SPARC;PBX1;MYH11;PALLD;FSTL1;LTBP4;DCN;COL6A3;EMP1;MATN2;QSOX1;LAMC1;PRSS23;THBS1;ANTXR1;COL1A1;MXRA7;EPAS1;LUM;DKK3;ITGB5;ID4;CPE;CALD1;MMP2;THBS2;COL4A1;MFAP4;SERPINF1;IGFBP5;PTN;ID3;DSTN;CYBRD1;IFITM3;TOB1;TCF4;NEURL1B;EFEMP1;SEMA5A;A2M;COL14A1;TSC22D1;NR2F1;UACA;NID1;IGFBP7;CAVIN1;SOD3;MAP1B;BMP2;FBN1;FXYD6;AEBP1;ITIH5;SEPTIN11;EGR1;FBLN2;CXCL12;RBPMS;ECM1;VIPR1;PTGDS;KAZN;CSRP1;SPARCL1;EPB41L2;ADGRA2;NR2F2;CDKN1A;ADAMTSL1;MXRA8;PCOLCE;THY1;CCDC80;ARHGEF17;SVEP1;PDGFRB;MYL9;CRYAB;FBLN5;RASD1;BGN;PLAT;DPYSL2;LYPD6B;CRISPLD2;CYGB;RBMS3;ADAMTS1;TIMP3;TIMP2;ADAMTS2;CFH;ACTA2;RND3;PPP1R12B;TPM2;CCN1;LAMA2;PDGFRA;MYLK;NID2;DENND2A;SFRP1;IGFBP3;CAV1;SPRY1;SLITRK6;GPC6;TNS1;MYC;FOS;C1QTNF1;PHLDA1;CSPG4;VSTM4;GGT5;SLIT3;NES;CCDC3;ABCA10;MGP;GPX3;CCDC68;LAMC3;ISYNA1;ANK3;DDR2;CH25H;MCAM;CCN2;IER3;SYNPO2;EDNRB;FHL1;C11orf96;PRELP;AFAP1L2,anal_pc5_c21_S1.filtered.gene_spectra_score.k_3.dt_0_01.txt
3,2,LUNG_MYELOID,2.7841054365025477,0.0,0.0,prerank,0.7176319550268103,0.0,102/128,23.62%,CD74;CYTH4;FGD2;CIITA;WDFY4;MPEG1;CYBB;IRF8;SPI1;MS4A6A;TMEM106A;FGL2;ITGAX;IFI30;CLEC7A;MS4A7;DNASE1L3;HCK;SCIMP;CD163;CSF2RA;C1QC;HAVCR2;MILR1;FPR3;CD163L1;SLAMF8;CLEC10A;LILRB2;C1QA;CD83;CPVL;SIGLEC1;TRPM2;LYZ;C3AR1;C1QB;CD14;CD209;LILRB5;CD1C;TLR1;CLNK;NOD2;ATP8B4;RNASE6;SIRPB2;SLC37A2;P2RY13;BCL2A1;GPR34;PLD4;MS4A4A;CD86;MNDA;SIGLEC5;CD1D;MS4A4E;CD300LF;CARD9;GPR141;LRRC25;NCF2;VSIG4;FOLR2;HRH2;MS4A14;SLC15A3;NLRP3;CCR1;FLT3;CMKLR1;IGSF6;CLEC9A;SLC12A3;MMP9;FPR1;CD33;ADGRE2;SIGLEC7;CD300E;NFAM1;LGMN;BATF3;MEFV;NLRC4;SLC24A4;IDO2;CD300LB;PILRA;PRAM1;LILRA5;CEACAM4;ASGR2;OSCAR;ADGRE3;LRRK1;KYNU;CLEC5A;SOWAHD;LILRA6;C5AR2,anal_pc5_c21_S1.filtered.gene_spectra_score.k_3.dt_0_01.txt
3,2,CTX_BIG_GROUPS_MICROGLIA,2.7751360769384825,0.0,0.0,prerank,0.6619989383276645,0.0,140/244,17.46%,CORO1A;LAPTM5;ARHGAP4;IKZF1;DOCK2;CD53;PARVG;CD74;LCP1;PTPRC;HCLS1;CYTH4;FYB1;CD37;APBB1IP;ARHGDIB;ITGB2;FGD2;DOCK8;IL10RA;CYBA;PTPN6;NCKAP1L;SRGN;INPP5D;MYO1F;CD4;ABI3;AOAH;GPSM3;BIN2;MPEG1;GLIPR1;RNF213;TNFRSF1B;CYBB;GIMAP4;CD300A;SFMBT2;IRF8;EVI2B;SP100;NCF4;RCSD1;MGAT4A;GPR183;SELPLG;LPAR6;CD84;GMFG;ALOX5AP;UCP2;ITPR2;LAT2;SUSD3;TLR10;SERPINB9;STAB1;LAIR1;ARRB2;FMNL3;CSF1R;CTSH;MAN2B1;EVI2A;PLEK;TAGAP;ITGAX;RGS1;COTL1;IFI30;HVCN1;MS4A7;SIGLEC10;SAMSN1;HCST;IPCEF1;HCK;MAF;RNASET2;LY86;TGFBR2;C1QC;SLC7A7;HAVCR2;MILR1;IL6R;ST6GAL1;C1QA;CD83;ADAP2;CPVL;BIN1;C3AR1;C1QB;HERPUD1;CD14;BTG2;ENTPD1;LST1;FCGR2A;KLF2;TYROBP;LYST;TFEC;FCER1G;ATP8B4;RNASE6;CD68;TBXAS1;P2RY13;ITGAM;IL17RA;SIRPA;ADAM28;GPR34;HHEX;AIF1;MRC1;PLD4;CD86;CCL4;TLR7;CTSC;MNDA;ZFP36;LYN;SLC9A9;LY96;CSF3R;VSIG4;PSAP;FOLR2;LIPA;RUBCNL;CD36;PTPRE;FCGR3A;MKNK1;CCR1,anal_pc5_c21_S1.filtered.gene_spectra_score.k_3.dt_0_01.txt
3,2,PROXIMAL_BASAL,-2.7747208519983433,0.0,0.0,prerank,-0.6056094119302388,0.0,146/248,20.52%,DDR1;ITGB4;PKP1;LRATD1;MUC4;DST;KRT19;SPINT1;TP63;AGR2;EPHX1;CALML3;FAM3D;ZNF703;NUPR1;COL7A1;COL17A1;IGFBP2;NBL1;FBLN1;BCAM;TACSTD2;EHF;KRT15;ALDH3A1;KRT17;DPYSL3;TMPRSS4;CLCA2;ALDH1A1;MDK;GCLC;SERPINB5;MGST1;PITX1;PRXL2A;HES1;IGFBP4;FAT2;GLUL;RAB25;ACKR3;ABCC5;COL1A2;TFCP2L1;COL6A2;MICALL2;ELN;CLDN1;OAF;A4GALT;TNS4;TNFSF10;NFIB;GPC3;ITGA2;S100A2;CDCP1;DCN;PHGDH;PTPRS;EMP1;MUC20;EYA2;PRSS23;SLPI;EPAS1;DKK3;FGFR3;FAM3B;KRT14;TFAP2A;MFAP4;CSTA;SERPINF1;PTN;PCDH7;MEIS1;TOB1;ANXA1;SULF2;TCF4;SEMA5A;COL14A1;TSC22D1;NDRG2;DHRS3;PROM1;KLK11;UACA;LRP4;NET1;SERPINB13;HSPA2;EHD2;RIPK4;MTSS1;PTPRZ1;HES4;SERPINB3;FHL2;CDC42EP4;TNFRSF21;TSHZ2;TNC;LAYN;KLK10;CDKN2C;SCNN1B;TP73;AVPI1;TGFBI;ECE1;WNT4;SPARCL1;FERMT1;CDKN1A;RAPGEF5;HEY1;RGS12;NSG1;GJB2;PLAT;LYPD6B;VCAN;GLTP;CTSB;F3;CFH;ABI3BP;BOC;SNCA;TPM2;TNNT3;DMRT2;AQP3;FRZB;SERPINB4;IGFBP3;MT1X;SPRY1;SLITRK6;CX3CL1;GLIS3;CYP4X1;MYC,anal_pc5_c21_S1.filtered.gene_spectra_score.k_3.dt_0_01.txt
3,2,THYMUS_ANTIGEN_PRESENTING,2.772278368036923,0.0,0.0,prerank,0.7159276723304837,0.0,98/136,20.62%,CD74;PLCB2;FGD2;IL10RA;TRAF1;SRGN;MYO1F;MS4A1;NABP1;WDFY4;MPEG1;CYBB;ADAM8;IRF8;GPR132;ALOX5;SPI1;CD84;PAX5;P2RY10;MS4A6A;CST7;SLAMF7;FGL2;TLR10;BIRC3;MCOLN2;FGR;CTSH;KDM2B;PLEK;ITGAX;RGS1;THEMIS2;CLEC7A;MS4A7;SIGLEC10;SAMSN1;DNASE1L3;FCRL5;HCK;DAPP1;LY86;CSF2RA;SLC7A7;CD163L1;SLAMF8;IL6R;C1QA;CD83;ADAP2;CPVL;LYZ;C1QB;CD14;CD80;TYROBP;P2RY6;CLNK;TFEC;FCER1G;F13A1;CD68;P2RY13;IL4I1;PLD4;CD86;NFKBIE;RASSF4;MNDA;LRRK2;GPR141;IL18R1;LY96;EPSTI1;TSPAN33;SLC15A3;SLC8A1;GFRA2;ZNF366;FLT3;CMKLR1;IGSF6;PTAFR;CLEC9A;ANKRD55;TLR2;MMP9;FUCA1;MMP25;NAAA;NFAM1;IGKC;LGMN;BATF3;EBI3;SLC24A4;IDO2,anal_pc5_c21_S1.filtered.gene_spectra_score.k_3.dt_0_01.txt
3,2,CD5_POS_CCL22_POS_MATURE_B,2.7611858298916014,0.0,0.0,prerank,0.667388977694601,0.0,131/223,18.48%,AKNA;ITGAL;ARHGAP9;TRAC;IL2RG;DENND1C;IL10RA;SRGN;TRBC1;ITGB7;PTPN7;ABI3;BIN2;MPEG1;CD27;LCK;ADAM19;KCNAB2;CYBB;ADAM8;SKAP1;CCDC88C;DOK2;FCRL2;TNFRSF13B;CD5;CCDC141;IGFLR1;PTPN22;RASSF5;MS4A6A;PLEKHO1;NUP210;ADGRG5;IL21R;TTN;SEL1L3;TNFRSF13C;SLAMF7;TLR10;TESPA1;CXCR5;RASSF2;SEMA7A;CCR7;CMTM3;SERPINB9;MCOLN2;APOBEC3G;FMNL3;CTSH;LPCAT1;EVI2A;BATF;PLEK;RGS1;ACP5;IFI30;SLC25A45;NFKB2;IL27RA;CNR2;SIGLEC10;SAMSN1;BCL2;LPIN1;CKLF;GPR65;HCST;FCRL5;CTSZ;MTERF4;MATK;CLEC17A;RUNX3;AMPD3;PDLIM2;SFI1;SLC7A7;GRK3;EHD1;CBFA2T3;RHOF;IL6R;SHISAL2A;STAP1;TMEM154;RAB8B;RFTN1;ENTPD1;TENT5C;JADE2;NFATC1;KCNN4;PLK3;CD1C;PPM1M;MAP3K8;S100A4;SH2B2;STAMBPL1;RNASE6;CD68;MAP3K14;BCL2A1;RILPL2;ICAM1;ARL4C;ST3GAL2;HDAC9;DENND5B;CCL4;CR2;LTA;NFKBIE;MRNIP;CTSC;LRRK2;CD1D;NIBAN1;RGCC;STAT1;SNX10;CCL4L2;WNT10A;ARHGAP18;BMP2K;JAK2;ZNF589;C12orf42;APOBEC3C,anal_pc5_c21_S1.filtered.gene_spectra_score.k_3.dt_0_01.txt
3,2,MUSCLE_LYMPHOID,2.745843822024189,0.0,0.0,prerank,0.7523967837219189,0.0,55/80,13.46%,ACAP1;SEPTIN1;TBC1D10C;LTB;CD2;IL2RG;CD96;CD3E;IKZF3;PARP15;CD6;RIPOR2;IL7R;CARD11;KIF21B;PYHIN1;THEMIS;ITK;RASGRP1;SKAP1;IL2RB;ICAM3;CD8A;CD247;TCF7;RHOH;NKG7;CD7;PTPN22;ADGRG5;SNX20;TESPA1;HSH2D;CD69;SLFN12L;FGR;GZMA;SAMD3;KLRG1;SLA2;BCL11B;SH2D1A;IL27RA;SCML4;MATK;VAMP1;RUNX3;SFI1;TC2N;ABCD2;TRIM14;GATA3;HS3ST3B1;KLRB1;SYTL1,anal_pc5_c21_S1.filtered.gene_spectra_score.k_3.dt_0_01.txt
3,2,CORNEAL_AND_CONJUNCTIVAL_EPITHELIAL,-2.736441541891668,0.0,0.0,prerank,-0.6323376413289908,0.0,103/166,21.54%,EPCAM;KRT8;CLDN7;ELF3;CXCL14;PKP1;CLDN4;MUC4;KRT19;SPINT1;MYH14;LGALS3;SLC44A4;AGR2;TSPAN1;FAM3D;ZNF703;TACSTD2;EHF;KRT15;VSIG2;EPS8L2;TMPRSS4;FAM83H;PRSS8;GRHL2;MUC1;MGST1;ESRP2;KLF4;ERBB2;TFF3;PLA2G2A;RAB25;SERINC2;SDC4;B3GNT3;S100P;TSPAN6;CLDN1;MPZL2;MAL2;A4GALT;GPRC5A;C6orf132;GCNT3;CDKN2A;WFDC2;ADIRF;SLC12A2;MUC20;CEACAM6;SLPI;LIPH;CALML5;SERPINA1;DHRS9;GALNT5;LCN2;TJP3;MALL;CDKN2B;ANXA1;STAP2;DTX4;KCNE3;EVPL;ENC1;CFB;CCL28;EXPH5;ASS1;TMC5;VTCN1;RHOV;TMEM184A;GABRP;ABHD11;LYPD3;WNT4;NECTIN4;SYTL2;RARRES1;C1orf116;GJB2;S100A8;SPRR3;F3;ANXA3;PRSS22;ZNF750;AQP3;EPS8L1;KRT7;CP;SPRR1B;CYP4B1;CX3CL1;SYT8;GDF15;MSLN;KRT13;ITPKC,anal_pc5_c21_S1.filtered.gene_spectra_score.k_3.dt_0_01.txt
3,2,OLFACTORY_NEUROEPITHELIUM_CD4_T,2.725543283320453,0.0,0.0,prerank,0.908767092417116,0.0,28/29,8.22%,CORO1A;ACAP1;LTB;TRAC;CD2;PTPRC;FYB1;CLEC2D;ARHGDIB;TRBC2;CD3E;TRBC1;CD52;STK4;CXCR4;CD3D;IL32;IL7R;CD48;GPR183;GMFG;CD3G;RORA;CD69;TAGAP;TSC22D3;HCST;TNFAIP3,anal_pc5_c21_S1.filtered.gene_spectra_score.k_3.dt_0_01.txt
3,2,MUSCLE_NK,2.721685630633454,0.0,0.0,prerank,0.7382120174033054,0.0,65/91,17.74%,EVL;CORO1A;LAPTM5;CD53;TBC1D10C;RAC2;LCP1;IL2RG;LIMD2;PTPRC;FYB1;CD37;ARHGDIB;ITGB2;CYBA;SRGN;ETS1;STK17A;CD52;STK4;GPSM3;BIN2;LCK;PYHIN1;GIMAP4;IL2RB;CCL5;CD48;DOK2;CD247;GMFG;NKG7;CD7;ALOX5AP;UCP2;CST7;CD69;PLEK;GZMA;TSC22D3;SAMD3;PRF1;CKLF;EMP3;GPR65;HCST;GNG2;GZMM;CCND3;TYROBP;S100A4;GZMH;FCER1G;PSMB9;KLRD1;KLRB1;C1orf162;CCL4;CTSC;GZMB;CTSW;FCGR3A;CLEC2B;IFITM2;GLRX,anal_pc5_c21_S1.filtered.gene_spectra_score.k_3.dt_0_01.txt
3,2,OPC,-2.7209722909358636,0.0,0.0,prerank,-0.6645203713453033,0.0,89/106,27.48%,CKB;CENPU;CDK1;TGIF1;TK1;TUBB4B;ECT2;TOP2A;ZWINT;NUSAP1;TUBA1C;TPX2;ANLN;UHRF1;HMGB2;MKI67;PTTG1;SCARA3;KIFC1;CDKN2C;KIF23;CENPW;CENPM;RRM2;PRC1;SFRP2;NCAPG;TROAP;IQGAP3;NCAPG2;MT2A;HSD17B11;CKS2;SMC4;PCLAF;CCNB1;CENPF;STON2;NMU;CCNB2;BIRC5;FAM83D;PLK1;NDC80;FOXM1;HJURP;CDC20;CEP55;ASPM;KPNA2;HMMR;MELK;KIF20A;GTSE1;KIF11;KIF2C;DLGAP5;SPC25;KIF18B;KIF18A;CDCA2;ORC6;ARL6IP1;SPAG5;CDCA3;CDCA8;CKAP2;NEK2;DEPDC1;ESPL1;TTK;AURKB;UBE2C;CENPE;KNSTRN;CKAP2L;CCNF;POLQ;PSRC1;KIF15;TACC3;BUB1;CENPA;NCAPD2;DIAPH3;ANP32E;AURKA;NUF2;KIF14,anal_pc5_c21_S1.filtered.gene_spectra_score.k_3.dt_0_01.txt
3,2,NEUROTYPES_HPROGBP,-2.715414710103933,0.0,0.0,prerank,-0.6437574348184373,0.0,105/132,28.20%,IGFBP2;MDK;HES1;TYMS;NRARP;FAT2;DSC2;HELLS;CDHR1;CENPU;PHGDH;CDK1;ANTXR1;FGFR3;ITGB8;SLC6A8;TK1;ECT2;TOP2A;ZWINT;MID1;NUSAP1;TPX2;WNT5A;DTX4;EPHB2;ANLN;UHRF1;HMGB2;LMNB1;MKI67;PTTG1;FANCI;ARHGEF26;PDZRN3;GPSM2;KIF23;CENPW;FBLN2;MCM6;HK2;RRM2;PRC1;SFRP2;NCAPG;TROAP;MXRA8;NCAPG2;MYBL2;CKS2;PDPN;SMC4;HMGA2;CCNB1;CENPF;CCNB2;BIRC5;FAM83D;PLK1;FOXM1;HJURP;ASPM;HMMR;MELK;BOC;GTSE1;CCN1;KIF11;KIF2C;DLGAP5;MYLK;PMAIP1;SPC25;KIF18A;SFRP1;SPAG5;SHISA2;CDCA3;CTNNAL1;PAPPA;CDCA8;CKAP2;NEK2;DEPDC1;TTK;NES;AURKB;UBE2C;CENPE;KNSTRN;CKAP2L;KIF15;CCN2;TACC3;BUB1;NCAPD2;SAPCD2;LGR5;ANP32E;AURKA;NUF2;KIF14;LHFPL6;CCND1;FBXO5,anal_pc5_c21_S1.filtered.gene_spectra_score.k_3.dt_0_01.txt
3,2,NEUROTYPES_HPROGFPL,-2.705017224619079,0.0,0.0,prerank,-0.6305468057511843,0.0,103/148,25.04%,PTPRK;IGFBP2;FBLN1;BMP7;MDK;HES1;TYMS;TFF3;EFS;MCM2;DSC2;PTGR1;HELLS;CENPU;PHGDH;CDK1;LOXL4;TK1;ECT2;TOP2A;ZWINT;MID1;NUSAP1;TPX2;WNT5A;CELSR1;EPHB2;ANLN;PROM1;UHRF1;EZH2;HMGB2;LMNB1;MKI67;PTTG1;NRCAM;FANCI;ARHGEF26;FBN1;PDZRN3;GPSM2;PLOD2;KIF23;CENPW;MCM6;HK2;RRM2;PRC1;SFRP2;SDC2;NCAPG;TROAP;B3GNT5;MYBL2;SMC4;HMGA2;CCNB1;CENPF;CCNB2;BIRC5;FAM83D;PLK1;AASS;GPRC5C;FOXM1;HJURP;ASPM;HMMR;MELK;GPC4;GTSE1;CCN1;KIF11;KIF2C;DLGAP5;PMAIP1;SPC25;KIF18A;MT1X;SPAG5;CDCA3;CTNNAL1;SMAD6;CDCA8;LTBP1;CKAP2;NEK2;TSPAN11;DEPDC1;TTK;NES;AURKB;UBE2C;CENPE;KNSTRN;CKAP2L;LIPG;PSRC1;KIF15;CCN2;TACC3;BUB1;NCAPD2,anal_pc5_c21_S1.filtered.gene_spectra_score.k_3.dt_0_01.txt
3,2,MUSCLE_MYELOID,2.704519897723214,0.0,0.0,prerank,0.6571401635692395,0.0,124/201,19.40%,CORO1A;LAPTM5;CD53;CD74;LCP1;LIMD2;PTPRC;HCLS1;CYTH4;FYB1;CD37;CYTIP;ARHGDIB;ITGB2;FGD2;IL10RA;LSP1;CYBA;CIITA;SRGN;JAML;CD52;GPSM3;SAMHD1;MPEG1;GLIPR1;CYBB;IRF8;SMAP2;CD48;NCF4;SPI1;GMFG;MS4A6A;UCP2;FGL2;CR1;ARRB2;MCOLN2;CSF1R;CTSH;PLEK;TSC22D3;COTL1;IFI30;TLR6;CLEC7A;MS4A7;DNASE1L3;CKLF;EMP3;HCST;HCK;CTSZ;RNASET2;LY86;CD163;CSF2RA;C1QC;EAF2;CD163L1;C1QA;CD83;ADAP2;CPVL;SIGLEC1;TRPM2;LYZ;C3AR1;HERPUD1;CD14;BTG2;CD209;LST1;LILRB5;CD200R1;CD1C;TYROBP;LYST;P2RY6;S100A4;TLR1;LY75;DUSP2;FCER1G;ATP8B4;RENBP;RNASE6;SIRPB2;CD68;PLA2G7;TBXAS1;P2RY13;ITGAM;BCL2A1;CFP;AIF1;PLD4;MS4A4A;C1orf162;CD86;MNDA;ZFP36;MS4A4E;NCF2;LY96;VSIG4;PSAP;FOLR2;CRIP1;FCGR3A;MKNK1;CLEC2B;GLRX;RASGRP4;FLT3;STX11;CMKLR1;IGSF6;TLR2;FPR1;RGS18;NAAA;NFAM1,anal_pc5_c21_S1.filtered.gene_spectra_score.k_3.dt_0_01.txt
3,2,STROMAL,-2.6956608835065206,0.0,0.0,prerank,-0.584878536071709,0.0,165/269,28.00%,CXCL14;KRT19;EPHX1;CA12;NUPR1;IGFBP2;NBL1;PFN2;FBLN1;DPYSL3;MDK;PITX1;RBP1;LRP1;SOX4;IGFBP4;TCEA3;C1R;CREB3L1;LAMB2;TPM1;C1S;COL6A1;COL3A1;COL1A2;GSTM3;COL6A2;COL5A1;SPARC;NFIB;MYH11;PALLD;FSTL1;LTBP4;DCN;FLNB;COL6A3;ADIRF;MATN2;PRSS23;THBS1;COL1A1;LUM;ITGB5;LOXL4;CALD1;PLPP3;MMP2;THBS2;SVIL;MFAP4;OBSL1;SERPINF1;IGFBP5;MARCKSL1;DSTN;FN1;IFITM3;SULF2;TCF4;MRC2;COL14A1;NDRG2;NR2F1;COL5A2;SULT1E1;PDLIM4;UACA;HTRA1;HSPG2;IGFBP7;MFGE8;CAVIN1;SOD3;MAP1B;CAV2;FBN1;EMILIN1;FHL2;AEBP1;TSHZ2;CDH11;MXRA5;CXCL12;MYO1B;SFRP2;SDC2;PTGDS;ABCA8;CSRP1;SPARCL1;EPB41L2;NR2F2;ADAM33;MXRA8;PCDH18;PCOLCE;CCDC80;SLC7A2;PDGFRB;MYL9;FOXF1;PTHLH;UNC5B;BGN;SMOC2;CDKN1C;COL12A1;RHOBTB3;TIMP2;ADAMTS2;CFH;ACTA2;GPC4;TPM2;TAGLN;LAMA2;PDGFRA;FRZB;LOX;MYLK;ABCA6;SERPING1;PODN;CD248;CAV1;DLX5;CCL11;TNS1;C1QTNF1;FGF7;SCARA5;FMOD;SELENOP;ABCA10;MGP;EGLN3;GPX3;TRPA1;ISYNA1;DDR2;CTHRC1;OSR2;PDLIM7;CYB5A;BNC2;CHAD;C11orf96;ITGB3;PRELP;TMEM119;SERPINE2;ACTG2;IGFBP6;CACNA1D;OLFML3;ISLR;CNN1;OLFML1;MFAP5;ASPA;CPXM2;DPT;HTRA3;ADAMTSL4,anal_pc5_c21_S1.filtered.gene_spectra_score.k_3.dt_0_01.txt
3,2,CL6_PUTATIVE_EARLY_ATRETIC_FOLLICLE_THECAL,-2.6851181924979852,0.0,0.0,prerank,-0.6239805951251401,0.0,94/163,20.64%,KRT19;LGALS3;GSN;EPHX1;NBL1;PFN2;FBLN1;ALDH1A1;MDK;HES1;KLF4;IGFBP4;C1R;TPM1;C1S;GLUL;COL6A1;COL3A1;COL1A2;GSTM3;COL6A2;SPARC;PBX1;HSPA1B;GPC3;PALLD;FSTL1;LTBP4;DCN;COL6A3;JUN;MATN2;QSOX1;COL1A1;MMP14;LUM;CPE;CALD1;COL18A1;PLPP3;FKBP10;MMP2;SVIL;MFAP4;SERPINF1;IGFBP5;RHOB;ID3;DSTN;CYBRD1;FN1;IFITM3;SERPINH1;NDRG2;ST3GAL4;TMEM176B;HTRA1;CAVIN1;EMILIN1;FXYD6;AEBP1;CDH11;EGR1;SNAI2;CXCL12;ABCA8;CSRP1;SPARCL1;NR2F2;MXRA8;THY1;CCDC80;CFD;MYL9;CRYAB;BGN;SMOC2;ADAMTS1;IFI6;HSPA1A;TIMP2;ADM;CFH;ACTA2;TPM2;CCN1;TAGLN;PDGFRA;MYLK;SERPING1;IGFBP3;DNAJB1;FOS;TGFB1I1,anal_pc5_c21_S1.filtered.gene_spectra_score.k_3.dt_0_01.txt
3,2,DIFFERENTIATING_STEM,-2.6665758494306964,0.0,0.0,prerank,-0.7842122588493163,0.0,35/40,19.90%,EPCAM;KRT8;GPX2;KRT19;AGR2;GOLM1;ALDH1A1;MGST1;SOX4;NRARP;MAOA;PPP1R1B;NFIB;SLC12A2;TOP2A;LAD1;EPHB2;KCNE3;HMGB2;MKI67;EGR1;DBI;RRM2;TFRC;AQP1;CLU;MT2A;CKS2;SMC4;PCLAF;CENPF;ASPM;DMBT1;ARL6IP1;MT1X,anal_pc5_c21_S1.filtered.gene_spectra_score.k_3.dt_0_01.txt
3,2,SQUAMOUS_EPITHELIAL,-2.660356324947747,0.0,0.0,prerank,-0.6081496944399442,0.0,118/182,29.70%,PKP1;MUC4;KRT19;LGALS3;RAPGEFL1;TP63;CALML3;FAM3D;COL17A1;TACSTD2;KRT15;CEACAM5;VSIG2;KRT17;C15orf48;TMPRSS4;CLCA2;SERPINB5;PITX1;B3GALT5;AMN;FAT2;FUT3;NIBAN2;SERINC2;IRF6;ATP10B;B3GNT3;DSC2;DSG3;MAL2;TNS4;S100A2;C6orf132;GCNT3;FUT6;MUC20;CEACAM6;PPL;NTN1;S100A14;POF1B;CALML5;KRT6A;KRT14;CSTA;LCN2;CDKN2B;GRHL1;FTH1;NDRG2;CSTB;SDCBP2;SERPINB13;FOXQ1;HES4;RHOV;AHNAK2;SCNN1B;GABRP;AVPI1;ECM1;LYPD3;NECTIN4;GBP6;TMPRSS11E;CDKN1A;MT2A;FGFBP1;DUOXA1;GJB2;NMU;SIM2;SPRR3;KRT80;GLTP;TMPRSS11D;KRT16;KLHL21;F3;PRSS22;GJB6;ZNF750;AQP3;SPRR1B;MT1X;RHCG;LY6D;KRT13;ADGRF1;SRPX2;CLCA4;ZNF185;GRHL3;SPINK5;RDH13;CNFN;DENND2C;SERPINB11;BNIPL;TMEM40;XDH;FOXN1;GSDMC;KRT6B;OVOL1;DLK2;CTSV;CXCL17;PCP4L1;TMPRSS11A;A2ML1;SERPINB2;CERS3;KRT4;CRNN;TP53INP2;SLC28A3,anal_pc5_c21_S1.filtered.gene_spectra_score.k_3.dt_0_01.txt
3,2,CD4_NAIVE_T,2.6474548449711794,0.0,0.0,prerank,0.8211592686646506,0.0,30/41,10.34%,TMC8;SEPTIN1;TRAF3IP3;FCMR;CD3E;SPOCK2;CD3D;CD6;IL32;DGKA;IL7R;CD27;LCK;SELL;GIMAP4;ITK;PIM2;TCF7;GIMAP7;SUSD3;TESPA1;CCR7;PCED1B;OXNAD1;BCL11B;PIK3IP1;TRAT1;TNFRSF25;TXK;TC2N,anal_pc5_c21_S1.filtered.gene_spectra_score.k_3.dt_0_01.txt
3,2,MARROW_FOLLICULAR_B,2.6351366628753943,0.0,0.0,prerank,0.7153223681645983,0.0,56/78,17.80%,CD37;FCMR;IKZF3;CD52;SP140;MS4A1;ADAM19;CD79A;CD22;SP100;SP110;FCRL2;BLK;ARHGAP25;TNFRSF13B;BANK1;FCRL1;P2RX5;LY9;TRAF5;CD19;AIM2;SEL1L3;TNFRSF13C;CD40;TLR10;CXCR5;BIRC3;TMEM156;ACP5;HVCN1;FCRL3;NFKB2;CNR2;REL;RALGPS2;BCAS4;MEF2C;CD83;STAP1;TMEM154;FCGR2B;FCRLA;FCER2;COL4A3;CPNE5;NFKBID;ADAM28;SPIB;COL4A4;SWAP70;ZBTB32;CYB561A3;SETBP1;COL19A1;CD70,anal_pc5_c21_S1.filtered.gene_spectra_score.k_3.dt_0_01.txt
3,2,IRIS_CILIARY_BODY_ACTIVATED_T,2.630717035791798,0.0,0.0,prerank,0.7772041402949852,0.0,43/51,17.80%,FGD3;SPN;RIPOR2;AOAH;CARD11;ADAM19;RNF213;TNFRSF1B;PRKCB;ADAM8;SLAMF1;IL2RB;CYFIP2;MGAT4A;SLAMF6;TCF7;P2RY10;NUP210;RORA;S1PR4;IPCEF1;MAF;TRAT1;SFI1;PATL2;ARID5A;FLT3LG;BTN3A1;ZFYVE28;SH3KBP1;TENT5C;KLRC4;CHST12;TNFSF14;GOLGA8B;SYTL1;IL18RAP;LPIN2;TMEM71;CDC14A;GLRX;ST3GAL1;CD70,anal_pc5_c21_S1.filtered.gene_spectra_score.k_3.dt_0_01.txt
3,2,MYELOID,2.6289166884447,0.0,0.0,prerank,0.621203718223715,0.0,176/287,22.12%,CD74;FGD2;IL10RA;CIITA;SRGN;JAML;MYO1F;CD4;NABP1;WDFY4;ABI3;SAMHD1;MPEG1;TNFRSF1B;CYBB;CD300A;IRF8;NCF4;ALOX5;GPR183;SPI1;CD84;MS4A6A;CCR5;SLAMF7;FGL2;STAB1;CR1;PIK3AP1;MCOLN2;CSF1R;FGR;MAN2B1;PLEK;ITGAX;LILRB1;RGS1;THEMIS2;IFI30;CLEC7A;MS4A7;SIGLEC10;DNASE1L3;HCK;CTSZ;SCIMP;LY86;CD163;CSF2RA;C1QC;MILR1;FPR3;CD163L1;SLAMF8;CLEC10A;LILRB2;C1QA;CD83;ADAP2;CPVL;SH2B3;SIGLEC1;TRPM2;LYZ;JCHAIN;C3AR1;C1QB;CD14;CD80;CD209;LST1;FCGR2A;LILRB5;CD1C;TYROBP;TIFAB;COL4A3;P2RY6;CLNK;NOD2;TFEC;FCER1G;ATP8B4;F13A1;RENBP;RNASE6;SIRPB2;CD68;HK3;PLA2G7;TBXAS1;SLC37A2;P2RY13;ITGAM;ADAM28;BCL2A1;CFP;GPR34;RILPL2;AIF1;IL4I1;CCR2;MRC1;PLD4;SIGLEC9;MS4A4A;C1orf162;CD86;TNFAIP8L2;NFKBIE;RASSF4;MNDA;SIGLEC5;CD1D;MS4A4E;CD300LF;CARD9;GPR141;LRRC25;NCF2;MX2;CSF3R;VSIG4;GZMB;FOLR2;LIPA;RUBCNL;MS4A14;SLC15A3;GFRA2;NLRP3;FCGR3A;XCR1;CCR1;RASGRP4;FLT3;VENTX;CMKLR1;IGSF6;PTAFR;CLEC9A;MMP9;FPR1;FUCA1;CD33;RGS18;ADGRE2;SIGLEC7;S100Z;GPR137B;CD300E;NFAM1;LGMN;BATF3;MEFV;NLRC4;EBI3;SLC24A4;CX3CR1;CLEC12A;IDO2;CAMP;CD300LB;CALHM6;PILRA;PRAM1;LILRA5;CLEC4A;RNF135;CEACAM4;ASGR2;SIGLEC12;MERTK;OSCAR;SDS;TMEM86A,anal_pc5_c21_S1.filtered.gene_spectra_score.k_3.dt_0_01.txt
3,2,PROLIFERATIVE,-2.6283881140714915,0.0,0.0,prerank,-0.6793366531778785,0.0,65/74,27.48%,TYMS;PXDN;COL4A2;CENPU;CDK1;ADAM15;TK1;TOP2A;ZWINT;CDT1;MYO10;NUSAP1;TPX2;ANLN;ST3GAL4;MKI67;PTTG1;KIFC1;TXNDC17;KIF23;CENPW;RRM2;SMTN;PRC1;TROAP;IQGAP3;SMC4;PCLAF;CCNB1;CENPF;NMU;CCNB2;BIRC5;PLK1;NDC80;FOXM1;HJURP;CDC20;CEP55;MICOS10;ASPM;KPNA2;HMMR;GTSE1;SPC25;ARL6IP1;CDCA3;CDCA8;CKAP2;NEK2;DEPDC1;AURKB;UBE2C;CENPE;KNSTRN;CKAP2L;ISYNA1;PSRC1;TACC3;CENPA;DIAPH3;ANP32E;AURKA;NUF2;KIF14,anal_pc5_c21_S1.filtered.gene_spectra_score.k_3.dt_0_01.txt
3,2,MARROW_NK,2.612397595110776,0.0,0.0,prerank,0.6473114024179468,0.0,110/181,20.56%,AKNA;CORO1A;ITGAL;WIPF1;CD53;ARHGAP9;TBC1D10C;RAC2;ARHGAP30;IL2RG;SASH3;ARHGDIB;ZAP70;ITGB2;STK10;ITGB7;SIPA1;MYO1F;AOAH;BIN2;RNF213;NFATC2;PYHIN1;ADAM8;CD300A;SKAP1;IL2RB;CASP8;DOK2;ANXA6;CD247;NKG7;DENND2D;CD7;IL12RB1;STAT4;RASSF5;UCP2;ADGRE5;CST7;ADGRG5;ZBP1;BTN3A2;HSH2D;APOBEC3G;LPCAT1;SH2D2A;GZMA;IRF1;SAMD3;SLA2;PRF1;SYTL3;GPR65;HCST;SIGIRR;MATK;GNG2;RUNX3;PITPNC1;GZMM;HAVCR2;PRKCH;RHOF;PIP4K2A;TXK;CD244;PLEKHF1;TSPAN32;EOMES;FASLG;CHST12;SYNE1;FCRL6;PSMB9;DTHD1;KLRD1;KLRB1;SYTL1;IL18RAP;MYBL1;ARL4C;CCL4;CTSC;TBX21;TRGC1;NCR3;GSAP;GZMB;CTSW;PTPN4;TRDC;GNGT2;APOBEC3H;CBLB;IFITM2;KLHDC4;APOBEC3C;GNLY;PPP2R2B;SIGLEC7;CHST2;ADRB2;KLRF1;NCR1;PLAAT4;CCL3;TINF2;XCL2;CX3CR1,anal_pc5_c21_S1.filtered.gene_spectra_score.k_3.dt_0_01.txt
3,2,FIBROBLAST_LIKE,-2.6119453989299424,0.0,0.0,prerank,-0.6400656701165228,0.0,66/101,20.84%,NUPR1;FBLN1;LRP1;C1R;LAMB1;COL6A1;COL1A2;COL6A2;COL5A1;ELN;SPARC;MFAP2;GPC3;FSTL1;LTBP4;DCN;COL6A3;MATN2;SPON1;LAMC1;COL1A1;LUM;MMP2;THBS2;MFAP4;SERPINF1;COL16A1;PTN;CYBRD1;LAMA4;SERPINH1;MRC2;COL14A1;COL5A2;NID1;IGFBP7;FLRT2;FBN1;SEPTIN11;SNAI2;FBLN2;CXCL12;SDC2;TGFBI;ABCA8;EPB41L2;MXRA8;PCDH18;PCOLCE;THY1;FBLN5;COL21A1;ANGPTL2;SMOC2;COL15A1;COL12A1;TIMP2;ADAMTS2;PDGFRA;FRZB;LOX;CCDC102B;SERPING1;SPRY1;GPC6;GLT8D2,anal_pc5_c21_S1.filtered.gene_spectra_score.k_3.dt_0_01.txt
3,2,ADRENAL_MYELOID,2.6019043840145337,0.0,0.0,prerank,0.6774935985270351,0.0,90/123,21.82%,CYTH4;FGD2;CD4;MPEG1;CYBB;SPI1;MS4A6A;TMEM106A;CSF1R;ITGAX;LILRB1;RGS1;TLR6;CLEC7A;MS4A7;SIGLEC10;HCK;CTSZ;SCIMP;RNASET2;CD163;C1QC;SLC7A7;MILR1;FPR3;CD163L1;SLAMF8;CLEC10A;LILRB2;C1QA;ADAP2;CPVL;SIGLEC1;TRPM2;LYZ;C3AR1;C1QB;CD14;CD80;CD209;LILRB5;TLR1;NOD2;RNASE6;SIRPB2;CD68;HK3;PLA2G7;SLC37A2;P2RY13;ADAM28;TMEM273;GPR34;MRC1;MS4A4A;CD86;MNDA;SIGLEC5;MS4A4E;CD300LF;LRRC25;NCF2;MX2;VSIG4;FOLR2;MS4A14;NLRP3;CCR1;FLT3;CMKLR1;IGSF6;PTAFR;TLR2;FPR1;CD33;RUFY4;ADGRE2;NFAM1;LGMN;MEFV;NLRC4;CALHM6;PILRA;SLC11A1;PRAM1;LILRA5;RNF135;SIGLEC12;MERTK;OSCAR,anal_pc5_c21_S1.filtered.gene_spectra_score.k_3.dt_0_01.txt
3,2,CL1_GPRC5A_TNFRS12A_HIGH_SELECTABLE_FOLLICLE_STROMAL,-2.596351461294701,0.0,0.0,prerank,-0.6531712679589974,0.0,62/100,21.48%,KRT19;LGALS3;GSN;NBL1;FGFR1;KLF4;C1R;C1S;ATP1B1;COL6A1;TXNRD1;COL1A2;GSTM3;COL6A2;UGDH;GPC3;GPRC5A;PALLD;LTBP4;DCN;EMP1;QSOX1;COL1A1;CNN3;LUM;SPTSSA;CPE;CALD1;COL18A1;MMP2;TUBB4B;MFAP4;SERPINF1;IGFBP5;TUBA1C;LAMA4;EFEMP1;TMEM176B;CAVIN1;MAP1B;CAV2;FHL2;AEBP1;EPS8;PLOD2;SDC2;CCDC80;CFD;RHOBTB3;KPNA2;CFH;FGD4;NOP16;SERPING1;CAV1;GLIS3;MYC;CTNNAL1;PHLDA1;FGF7;ERRFI1;TNFRSF12A,anal_pc5_c21_S1.filtered.gene_spectra_score.k_3.dt_0_01.txt
3,2,MAJOR_TYPES_NPCS,-2.5809100348786105,0.0,0.0,prerank,-0.683898501081926,0.0,61/69,24.94%,MDK;HES1;MCM2;MCM4;MFAP2;HELLS;CENPU;PHGDH;CDK1;TGIF1;EFNB1;ID4;PLPP3;GLI3;TUBB4B;TOP2A;ZWINT;NUSAP1;TPX2;UHRF1;HMGB2;MKI67;PTTG1;KIF23;CENPW;CENPM;MCM6;RRM2;PRC1;SFRP2;CKS2;SMC4;PCLAF;CCNB1;CENPF;CCNB2;BIRC5;DACH1;NDC80;HJURP;CDC20;ASPM;KPNA2;MELK;GTSE1;KIF11;KIF2C;DLGAP5;SPC25;SFRP1;ORC6;SPAG5;CDCA3;CKAP2;AURKB;UBE2C;KNSTRN;CKAP2L;KIF15;TACC3;BUB1,anal_pc5_c21_S1.filtered.gene_spectra_score.k_3.dt_0_01.txt
3,2,OLFACTORY_NEUROEPITHELIUM_B,2.574090353173736,0.0,0.0,prerank,0.8862751206247352,0.0,23/25,9.80%,CORO1A;LAPTM5;CD53;LTB;CD74;LIMD2;CD37;CD52;CXCR4;MS4A1;CD79A;IRF8;EVI2B;GPR183;BANK1;POU2F2;CD79B;TNFRSF13C;BIRC3;CD69;TAGAP;REL;CD83,anal_pc5_c21_S1.filtered.gene_spectra_score.k_3.dt_0_01.txt
3,2,GOBLET,-2.5682530609430465,0.0,0.0,prerank,-0.6091735729821547,0.0,79/134,20.46%,ATP2C2;MUC4;KRT19;LGALS3;GSN;AGR2;TSPAN1;FAM3D;SCNN1A;GOLM1;AKR1C3;WNK2;CEACAM5;IFI27;C15orf48;TMPRSS4;MDK;MGST1;KLF4;TFF3;FUT3;FCGBP;CREB3L1;SERINC2;PLEKHA6;B3GNT3;S100P;MLPH;A4GALT;TNFSF10;GPRC5A;FUT6;SLC4A4;WFDC2;SLC12A2;CEACAM6;SLPI;PLEKHG6;RDH10;KLK1;FAM3B;SLC26A2;DHRS9;LCN2;MARCKSL1;STAP2;NDRG2;CSTB;CAPN8;TSPAN15;FOXQ1;CRABP2;SERPINB3;ASS1;VTCN1;RHOV;SCNN1B;CENPM;BACE2;EGR1;CRACR2B;ECE1;SYTL2;DUOX2;LRRC26;RFLNA;TMEM238L;REP15;C3;CTSB;SLC6A14;RND3;FAM110C;SERPINB4;KRT7;CP;IGFBP3;FER1L6;PTPRN2,anal_pc5_c21_S1.filtered.gene_spectra_score.k_3.dt_0_01.txt
3,2,PLACENTA_MYELOID,2.5663651602063235,0.0,0.0,prerank,0.6718413793847977,0.0,77/112,22.08%,CD74;FGD2;CIITA;MPEG1;CYBB;CD28;MS4A6A;FGL2;STAB1;LAIR1;THEMIS2;ACP5;TLR6;CLEC7A;MS4A7;SIGLEC10;HCK;CTSZ;SCIMP;LY86;CD163;C1QC;SLC7A7;MILR1;FPR3;CD163L1;SLAMF8;LILRB2;C1QA;CD83;ADAP2;CPVL;SIGLEC1;LYZ;C3AR1;C1QB;CD14;LST1;TYROBP;PPM1M;TFEC;RNASE6;SIRPB2;HK3;SLC37A2;BCL2A1;TMEM273;ICAM1;IL4I1;P2RX7;SIGLEC9;C1orf162;CD86;TNFAIP8L2;TLR7;RASSF4;MNDA;GPR141;LRRC25;VSIG4;FOLR2;RUBCNL;NLRP3;FCGR3A;IGSF6;CLEC9A;TLR2;MMP9;ADGRE2;NFAM1;LGMN;CALHM6;SLC11A1;PRAM1;OSCAR;SDS;CHIT1,anal_pc5_c21_S1.filtered.gene_spectra_score.k_3.dt_0_01.txt
3,2,CL13_MONOCYTE_MACROPHAGE,2.562149682744063,0.0,0.0,prerank,0.626552659690934,0.0,102/198,16.06%,CORO1A;LAPTM5;WIPF1;CD53;CD74;LCP1;IL2RG;LIMD2;PTPRC;HCLS1;CD37;CYTIP;ARHGDIB;ITGB2;IL10RA;LSP1;CYBA;LPXN;SRGN;JAML;CD52;STK4;CXCR4;FNBP1;NABP1;FERMT3;GPSM3;GLIPR1;TNFRSF1B;EVI2B;CD48;DOK2;GPR183;SPI1;WAS;GMFG;ALOX5AP;MS4A6A;FGL2;CCR7;SERPINB9;ISG20;ARRB2;FGR;CTSH;EVI2A;PLEK;HSPA6;RGS1;THEMIS2;COTL1;IFI30;CLEC7A;MS4A7;SAMSN1;REL;CKLF;EMP3;HCST;CTSZ;RNASET2;LY86;CSF2RA;HAVCR2;EHD1;FPR3;CLEC10A;C1QA;CD83;CPVL;LYZ;FCGR2B;RAB8B;CD14;LST1;FCGR2A;CD1C;TYROBP;MAP3K8;S100A4;PHACTR1;FCER1G;PSMB9;RNASE6;CD68;BCL2A1;CFP;TMEM273;RILPL2;AIF1;IL4I1;ARL4C;SSR4;C1orf162;CD86;CTSC;MNDA;BASP1;LY96;RGCC;VSIG4;PSAP,anal_pc5_c21_S1.filtered.gene_spectra_score.k_3.dt_0_01.txt
3,2,QUIESCENT_BASAL,-2.5606077163698218,0.0,0.0,prerank,-0.7477845332282043,0.0,32/41,20.58%,ITGB4;CXCL14;DST;KRT19;COL7A1;COL17A1;NTRK2;KRT15;LAMB3;LAMA5;GLUL;NFIB;DCN;DKK3;KRT14;IGFBP5;IFITM3;FTH1;HSPA2;ASS1;TNC;SLC7A1;JAG2;MXRA5;THSD4;CLU;SLC7A2;MEGF6;SFRP1;CAV1;TNS1;FOS,anal_pc5_c21_S1.filtered.gene_spectra_score.k_3.dt_0_01.txt
3,2,CTX_NSC,-2.5588824067669536,0.0,0.0,prerank,-0.6130329855394382,0.0,90/112,27.48%,MCM4;CDK1;TK1;TUBB4B;ECT2;TOP2A;ZWINT;NUSAP1;TUBA1C;TPX2;NEURL1B;EZH2;HMGB2;LMNB1;MKI67;PTTG1;KIFC1;LMO7;CDKN2C;KIF23;CENPW;CENPM;CBR3;RRM2;SMTN;PRC1;NCAPG;TROAP;NCAPG2;HSD17B11;CCDC80;CKS2;SMC4;CCNB1;CENPF;CEP70;NMU;CCNB2;BIRC5;FAM83D;PLK1;NDC80;FOXM1;HJURP;CDC20;CEP55;ASPM;KPNA2;HMMR;MELK;KIF20A;GTSE1;TPM2;KIF11;KIF2C;DLGAP5;SPC25;KIF18B;KIF18A;CDCA2;ORC6;ARL6IP1;SPRY1;SPAG5;CDCA3;FOS;CDCA8;CKAP2;NEK2;DEPDC1;ESPL1;TTK;AURKB;UBE2C;CENPE;KNSTRN;CKAP2L;CCNF;PSRC1;KIF15;TACC3;BUB1;CENPA;NCAPD2;SAPCD2;DIAPH3;ANP32E;AURKA;NUF2;KIF14,anal_pc5_c21_S1.filtered.gene_spectra_score.k_3.dt_0_01.txt
3,2,ACINAR,-2.556840976793279,0.0,0.0,prerank,-0.5548032703204352,0.0,135/281,17.28%,KRT8;CLDN7;GPX2;ELF3;CDH1;CLDN4;PTPRK;LGALS3;SLC44A4;EPHX1;CD24;CA12;GOLM1;NUPR1;AKR1C3;IGFBP2;TACSTD2;AKR1C2;C15orf48;ATP8B1;GCLC;ABCC3;MUC1;LAMB3;NEDD4L;MGST1;HES1;SOX4;NRARP;TCEA3;C1R;CREB3L1;TPM1;ITGA6;GLUL;B3GNT7;NIBAN2;TXNRD1;SERINC2;ERBB3;BAIAP2L1;SDC4;ATP10B;MLPH;TSPAN6;CLDN1;OAF;PTGR1;MAL2;OCLN;UGDH;TNFSF10;NFIB;GPRC5A;ITGA2;GCNT3;PHGDH;LGR4;JUN;MTUS1;SLC12A2;MUC20;RBM47;TM4SF1;TGIF1;AKR1B10;KLF3;CNN3;RDH10;KLK1;FAM3B;MYO5B;SPTSSA;EPB41L4B;CYP3A5;SLC7A11;TUBB4B;SLC22A23;SERPINF1;LCN2;MARCKSL1;GATA6;TUBA1C;IFITM3;TOB1;LAD1;TFPI;FTH1;DHRS3;ADAM9;ENC1;TSPAN13;CFB;CCL28;MECOM;NET1;FLRT2;NDRG1;TSPAN15;CAV2;ASS1;PDZK1IP1;TMC5;LMO7;SCN9A;FTL;HDHD3;OSMR;C4orf19;BACE2;NTN4;MXRA5;ABHD11;CXCL12;INSR;BLVRB;RBPMS;TCIM;CEL;NECTIN4;SYTL2;DUOX2;NR5A2;B3GNT5;HSD17B11;USP53;SLC39A14;AMOTL2;SOD2;ADAMTS1;LGALS2;PLBD1;C3;PRSS3;F3,anal_pc5_c21_S1.filtered.gene_spectra_score.k_3.dt_0_01.txt
3,2,LATE_SUPRABASAL,-2.5544931761280267,0.0,0.0,prerank,-0.6444784192089578,0.0,60/93,23.70%,PKP1;CLDN4;LGALS3;GSN;CALML3;CD24;ALDH3A1;RAB25;NIBAN2;MPZL2;DSC2;DSG3;MAL2;CEACAM6;PPL;SLPI;S100A14;CNN3;FAM3B;KRT6A;CSTA;MALL;TUBA1C;CDKN2B;ANXA1;MGLL;GRHL1;EVPL;KLK11;CSTB;SERPINB13;NDRG1;CRABP2;SERPINB3;PDZK1IP1;SORT1;EGR1;DBI;LYPD3;GBP6;CTNNBIP1;CDKN1A;SCD;FGFBP1;GJB2;S100A8;SPRR3;SOD2;GLTP;AQP3;SERPINB4;SPRR1B;RHCG;LY6D;HMGCS1;KRT13;CLCA4;ZNF185;GPX3;SPINK5,anal_pc5_c21_S1.filtered.gene_spectra_score.k_3.dt_0_01.txt
3,2,STEM,-2.5483621671887144,0.0,0.0,prerank,-0.674007658208603,0.0,39/65,17.38%,EPCAM;KRT8;GPX2;CLDN4;AGR2;GOLM1;HES1;SOX4;NRARP;LAMB1;ITGA6;PPP1R1B;CES1;NFIB;JUN;SLC12A2;TM4SF1;RNF43;PKDCC;CERS6;MARCKSL1;MYO10;DSTN;BMP4;MYB;EPHB2;TSC22D1;LRIG1;ENC1;MECOM;EGR1;RGMB;CEL;FERMT1;AQP1;CLU;DACH1;SMOC2;RHOBTB3,anal_pc5_c21_S1.filtered.gene_spectra_score.k_3.dt_0_01.txt
3,2,CYCLING_NK,-2.5480786226359298,0.0,0.0,prerank,-0.5845862842358779,0.0,120/163,28.42%,TYMS;MCM2;MCM4;HELLS;CENPU;PHGDH;CDK1;SPTSSA;TK1;ECT2;TOP2A;ZWINT;CDT1;NUSAP1;TPX2;ANLN;ST3GAL4;UHRF1;TCF19;E2F1;EZH2;LMNB1;MKI67;PTTG1;KIFC1;FANCI;MFGE8;FABP5;SEPTIN11;CDKN2C;KIF23;CENPW;CENPM;MCM6;CCNE2;RRM2;ABHD11;FANCA;BLVRB;PRC1;NCAPG;CTNNBIP1;TROAP;CDKN1A;NCAPG2;MYBL2;RAD54L;DTL;RECQL4;PCLAF;CCNB1;CENPF;CCNB2;BIRC5;FAM83D;PLK1;NDC80;FOXM1;HJURP;CDC20;CEP55;ASPM;KPNA2;HMMR;CDC45;MELK;KIF20A;WDR76;GTSE1;KIF11;KIF2C;DLGAP5;SPC25;KIF18B;KIF18A;CDCA2;ORC6;ARL6IP1;SPAG5;MAP3K20;CDCA3;CTNNAL1;HMGCS1;POLE;CDCA8;CKAP2;ACOT7;DEPDC1;TTK;AURKB;CENPP;INCENP;CDCA7L;UBE2C;CENPE;KNSTRN;CKAP2L;CPXM1;LIG1;CCNF;WWOX;POLQ;PSRC1;KIF15;TACC3;BUB1;CENPA;NCAPD2;PDLIM7;FAM111B;EXO1;ACAT2;DIAPH3;AURKA;NUF2;AHI1;KIF14;FBXO5;RCCD1;POLA1,anal_pc5_c21_S1.filtered.gene_spectra_score.k_3.dt_0_01.txt
3,2,DENDRITIC,2.543522393076277,0.0,0.0,prerank,0.6521971287472806,0.0,73/130,15.68%,LAPTM5;CELF2;LTB;ANKRD44;CD74;LCP1;IL2RG;PTPRC;STK17B;CD37;ARHGDIB;ITGB2;LSP1;SRGN;ADA2;JAML;CD52;INPP5D;CD4;SEPTIN6;ADCY7;SLA;PTK2B;MPEG1;NFATC2;CYBB;PRKCB;ADAM8;EVI2B;ALOX5;GPR183;SPI1;ALOX5AP;RASSF5;MS4A6A;UCP2;FGL2;CNTRL;RASSF2;SERPINB9;CSF1R;CTSH;MAN2B1;PLEK;ITGAX;RGS1;COTL1;IFI30;CKLF;HCK;TNFAIP3;RUNX3;GRK3;CLEC10A;CD83;CPVL;SH3KBP1;CSF2RB;ENTPD1;LST1;CD1C;TYROBP;SLC2A3;S100A4;DUSP2;CFP;AIF1;ARL4C;CD86;ZFP36;BASP1;LYN;NIBAN1,anal_pc5_c21_S1.filtered.gene_spectra_score.k_3.dt_0_01.txt
3,2,NEUROTYPES_HPROGFPM,-2.5397794637258433,0.0,0.0,prerank,-0.5946212865601124,0.0,104/143,27.92%,KRT19;IGFBP2;FBLN1;BMP7;MDK;HES1;TYMS;TFF3;EFS;MCM2;DSC2;PTGR1;HELLS;CENPU;PHGDH;CDK1;ANTXR1;SLC6A8;MMP2;ECT2;TOP2A;ZWINT;MID1;NUSAP1;TPX2;WNT5A;EPHB4;BMP4;EPHB2;ANLN;PROM1;UHRF1;HMGB2;LMNB1;MKI67;PTTG1;FLRT2;FANCI;ARHGEF26;KIF23;CENPW;HK2;RRM2;PRC1;SFRP2;SDC2;NCAPG;TROAP;NCAPG2;CKS2;PDPN;SMC4;HMGA2;CCNB1;CENPF;CCNB2;BIRC5;FAM83D;PLK1;GPRC5C;FOXM1;HJURP;ASPM;KPNA2;HMMR;MELK;GTSE1;CCN1;KIF11;KIF2C;DLGAP5;PMAIP1;SPC25;KIF18A;MT1X;SPAG5;MAP3K20;CDCA3;CTNNAL1;CDCA8;LTBP1;CKAP2;NEK2;DEPDC1;TTK;NES;HILPDA;AURKB;UBE2C;CEBPA;CENPE;KNSTRN;CKAP2L;KIF15;TACC3;BUB1;NCAPD2;LGR5;ANP32E;AURKA;NUF2;KIF14;CCND1;IGDCC4,anal_pc5_c21_S1.filtered.gene_spectra_score.k_3.dt_0_01.txt
3,2,BASAL,-2.532171451696736,0.0,0.0,prerank,-0.6411369530365674,0.0,52/83,18.62%,GPC1;ITGB4;PKP1;DST;TP63;IGFBP2;FBLN1;TACSTD2;KRT15;ALDH3A1;KRT17;LAMB3;SERPINB5;IGFBP4;C1R;CDH3;CLDN1;TNS4;GPC3;PALLD;ITGA2;S100A2;LTBP4;DCN;EYA2;EPAS1;DKK3;LOXL4;CALD1;SERPINF1;TINAGL1;TCF4;TSC22D1;VSNL1;DHRS3;CD177;IGFBP7;SOD3;FHL2;TGFBI;CLU;MT2A;PDPN;RGS12;NSG1;GLTP;CTSB;F3;CFH;ABI3BP;TPM2;AQP3,anal_pc5_c21_S1.filtered.gene_spectra_score.k_3.dt_0_01.txt
3,2,METALLOTHIONEIN,-2.5304508406513277,0.0,0.0,prerank,-0.7464014311358285,0.0,28/42,14.30%,KRT8;KRT19;LGALS3;GSN;AGR2;AKR1C3;IGFBP2;ALDH3A1;VSIG2;IFI27;SELENBP1;ALDH1A1;NQO1;ABCC3;MUC1;ID1;S100P;CA2;MAL2;AKR1B10;QSOX1;LAD1;CSTB;NDRG1;CYSTM1;FABP5;TMEM238L;MT2A,anal_pc5_c21_S1.filtered.gene_spectra_score.k_3.dt_0_01.txt
3,2,MULTILYMPHOID_PROGENITOR,2.530141883657167,0.0,0.0,prerank,0.7433437686275877,0.0,33/58,12.40%,EVL;CORO1A;ITGAL;TRAF3IP3;LTB;CD74;SASH3;CYTH4;TRBC2;JAML;CD52;CARD11;PRKCB;IRF8;CYFIP2;ARHGAP25;PREX1;LAIR1;ARRB2;SH2D3C;LPIN1;HCST;BTK;RNASET2;FAM30A;IL6R;JCHAIN;MZB1;LST1;PAG1;TYROBP;CLNK;IQGAP2,anal_pc5_c21_S1.filtered.gene_spectra_score.k_3.dt_0_01.txt
3,2,CL18_B_LYMPHOCYTE,2.5290554009123793,0.0,0.0,prerank,0.6450885413415384,0.0,74/139,15.16%,CORO1A;LAPTM5;CD53;LTB;FMNL1;CD74;LCP1;IL2RG;LIMD2;HCLS1;CD37;CLEC2D;CYTIP;ARHGDIB;LSP1;CYBA;LPXN;SRGN;JAML;STK4;CD4;CXCR4;SEPTIN6;FERMT3;GPSM3;GLIPR1;CD79A;SELL;IRF8;EVI2B;GPR183;ALOX5AP;MS4A6A;UCP2;CCR7;SERPINB9;BIRC3;ISG20;PLEK;THEMIS2;HVCN1;NFKB2;DNASE1L3;REL;CDC42SE2;EMP3;GPR65;HCST;CTSZ;RNASET2;IRF4;ARID5A;RHOF;CD83;SH2B3;JCHAIN;MZB1;HERPUD1;PAG1;TYROBP;IRF7;P2RY6;PHACTR1;DERL3;FCER1G;CD68;RILPL2;IL4I1;DEDD2;PLD4;SPIB;TGFBR1;SSR4;CTSC,anal_pc5_c21_S1.filtered.gene_spectra_score.k_3.dt_0_01.txt
3,2,KIDNEY_3_STROMAL,-2.5253662901791736,0.0,0.0,prerank,-0.7258313141913005,0.0,38/49,20.58%,DST;MDK;RBP1;SOX4;TPM1;PXDN;ALCAM;COL3A1;COL1A2;COL4A2;SPARC;PBX1;GPC3;PALLD;FSTL1;COL6A3;COL1A1;CALD1;COL4A1;IGFBP5;PTN;FN1;SERPINH1;NR2F1;COL5A2;SULT1E1;UACA;FLRT2;SEPTIN11;TNC;CDH11;NR2F2;COL21A1;VCAN;TPM2;MYLK;SFRP1;FOS,anal_pc5_c21_S1.filtered.gene_spectra_score.k_3.dt_0_01.txt
3,2,THYMUS_STROMAL,-2.5204675040446007,0.0,0.0,prerank,-0.6254475222638615,0.0,64/101,23.80%,FBLN1;NTRK2;LRP1;C1R;CREB3L1;C1S;COL6A1;COL3A1;COL1A2;COL5A1;ELN;SPARC;GPC3;FSTL1;LTBP4;DCN;COL1A1;MMP14;LUM;ITGB8;FKBP10;MMP2;THBS2;MFAP4;P4HA2;OBSL1;IGFBP5;PCDH7;MRC2;COL14A1;COL5A2;TNS2;MFGE8;CRABP2;FBN1;EMILIN1;SEMA3C;FBLN2;MXRA5;GJC1;SFRP2;ADAM33;PCOLCE;CCDC80;PDPN;ANOS1;BGN;PLAT;VCAN;ANGPTL2;PRRX1;C3;COL12A1;PDGFRA;LOX;SERPING1;SFRP1;CD248;SCARA5;FMOD;PMP22;MGP;SSC5D;ZNF503,anal_pc5_c21_S1.filtered.gene_spectra_score.k_3.dt_0_01.txt
3,2,ANTIGEN_PRESENTING,2.5147945476372326,0.0,0.0,prerank,0.7344262826328976,0.0,38/57,19.36%,CD74;TRAF1;WDFY4;ADAM8;IRF8;GPR132;IGFLR1;IL21R;CD40;SLAMF7;SNX20;RASSF2;CCR7;MCOLN2;SAMD9L;EVI2A;KDM2B;SLAMF8;FCHSD2;RAB8B;RFTN1;CD80;GCSAM;TIFAB;GFI1;ERICH1;IL4I1;FUT7;EPSTI1;TNFRSF9;XCR1;CD70;ZNF366;FLT3;SLC12A3;MMP9;MMP25;NAAA,anal_pc5_c21_S1.filtered.gene_spectra_score.k_3.dt_0_01.txt
3,2,NATURAL_KILLER,2.510757404186327,0.0,0.0,prerank,0.6807510338036359,0.0,67/96,19.54%,AKNA;ITGAL;RAC2;IL2RG;ZAP70;ITGB2;ETS1;SPN;ABI3;AOAH;BIN2;PYHIN1;CD300A;TIGIT;IL2RB;CCL5;SELPLG;CD247;NKG7;GIMAP7;CD7;CST7;SLAMF7;ISG20;HSH2D;APOBEC3G;SH2D2A;GZMA;SAMD3;SLA2;PRF1;SYTL3;GPR65;MATK;GNG2;RUNX3;GZMM;HAVCR2;FKBP11;PRKCH;PRDM1;PIP4K2A;TXK;CD244;CHST12;SYNE1;GZMH;FCRL6;DUSP2;DTHD1;KLRD1;KLRB1;MYBL1;ARL4C;TBX21;GSAP;GZMB;KLRC3;CTSW;PTPN4;FCGR3A;CLEC2B;GNLY;SIGLEC7;CHST2;MAPRE2;KLRF1,anal_pc5_c21_S1.filtered.gene_spectra_score.k_3.dt_0_01.txt
3,2,HEART_MYELOID,2.510077095057111,0.0,0.0,prerank,0.6770319449431941,0.0,77/97,23.20%,CD74;FGD2;CIITA;JAML;MPEG1;CYBB;IRF8;SPI1;MS4A6A;TMEM106A;CSF1R;ITGAX;LILRB1;CLEC7A;MS4A7;HCK;SCIMP;CD163;CSF2RA;C1QC;CD163L1;SLAMF8;CLEC10A;C1QA;SIGLEC1;LYZ;C3AR1;C1QB;CD14;CD209;LILRB5;TYROBP;P2RY6;NOD2;SIRPB2;HK3;PLA2G7;SLC37A2;P2RY13;ADAM28;GPR34;CCR2;PLD4;MS4A4A;CD86;TLR7;MNDA;CD1D;MS4A4E;CD300LF;LRRC25;NCF2;VSIG4;MS4A14;XCR1;CCR1;FLT3;IGSF6;CLEC9A;TLR2;MMP9;FPR1;NFAM1;LGMN;NLRC4;EBI3;SLC24A4;IDO2;PILRA;SLC11A1;CLEC4A;CD1E;OSCAR;SLCO2B1;LRRK1;CLEC5A;SOWAHD,anal_pc5_c21_S1.filtered.gene_spectra_score.k_3.dt_0_01.txt
3,2,RETINA_RPC,-2.5086299732709985,0.0,0.0,prerank,-0.7025493260554637,0.0,32/53,15.86%,CKB;ALDH1A1;MDK;ID1;HES1;TYMS;MCM2;MCM4;TBX2;HELLS;CENPU;LGR4;CDK1;PLPP3;TOP2A;ZWINT;ID3;PCDH7;ODC1;NUSAP1;IFITM3;MEIS1;UHRF1;HMGB2;PTTG1;CDH11;CENPM;SFRP2;CKS2;PCLAF;CENPF;CCNB2,anal_pc5_c21_S1.filtered.gene_spectra_score.k_3.dt_0_01.txt
3,2,CD5_NEG_MATURE_B,2.5070114187682404,0.0,0.0,prerank,0.7738691376384151,0.0,29/39,12.62%,TRBC2;IL10RA;SPOCK2;ITGB7;SP140;BIN2;SELL;CCR6;GPR183;LY9;TRAF5;CXCR5;RIN3;CCR7;BIRC3;CTSH;PLEK;ACP5;IL27RA;GPR65;DPEP2;CD83;BIN1;TENT5C;CD1C;FCER2;SLC2A3;DUSP2;CPNE5,anal_pc5_c21_S1.filtered.gene_spectra_score.k_3.dt_0_01.txt
3,2,KIDNEY_8_CONNECTING_TUBULE,-2.5058392110130603,0.0,0.0,prerank,-0.6660826286324627,0.0,35/70,10.28%,EPCAM;KRT8;KRT19;CD24;CA12;PLXNB1;HSD11B2;MUC1;NEDD4L;ERBB2;LAMB1;CAMK2N1;ATP1B1;COL6A1;NPNT;ITM2C;COL1A2;GSTM3;SDC4;TFCP2L1;CA2;PTGR1;PHGDH;WFDC2;MYO6;RBM47;LLGL2;COL18A1;PHLDB1;MYO10;DSTN;HOXB3;MECOM;IGFBP7;NDRG1,anal_pc5_c21_S1.filtered.gene_spectra_score.k_3.dt_0_01.txt
3,2,IRIS_CILIARY_BODY_MONOCYTES,2.5024397396332954,0.0,0.0,prerank,0.7033660189378867,0.0,47/74,19.12%,TMC8;DOCK2;ARHGAP30;IL16;CCDC88B;LIMD2;ITGA4;JAK3;NCKAP1L;STK10;JAML;PSTPIP1;INPP5D;CD4;TMC6;CXCR4;DOCK11;CD48;ALOX5;GIMAP7;UCP2;ITPR2;FGR;GIMAP5;LILRB1;THEMIS2;SIGLEC10;IL2RA;ARID5A;SLC7A7;GPRIN3;CLEC10A;SH2B3;PAG1;DPYD;TLR1;GPR155;ARL4C;TGFBR1;SIGLEC9;HDAC9;LIPA;MKNK1;STX11;TLR4;RCBTB2;ZNF267,anal_pc5_c21_S1.filtered.gene_spectra_score.k_3.dt_0_01.txt
3,2,PROLIFERATING_CHONDROCYTE,-2.4970452602093554,0.0,0.0,prerank,-0.5804908158184594,0.0,102/143,27.74%,FBLN1;TYMS;PPP1R1B;ITM2C;MCM2;MCM4;HELLS;CENPU;PHGDH;CDK1;TGIF1;TK1;ECT2;TOP2A;ZWINT;CDT1;NUSAP1;TUBA1C;TPX2;ANLN;UHRF1;TCF19;E2F1;EZH2;HMGB2;LMNB1;MKI67;PTTG1;KIFC1;FANCI;NAV2;LMO7;FABP5;CDKN2C;TUBB2B;KIF23;CENPW;CENPM;CIT;RRM2;PRC1;NCAPG;SYTL2;TROAP;IQGAP3;NCAPG2;DTL;CKS2;SMC4;PCLAF;CCNB1;CENPF;CEP70;CCNB2;BIRC5;FAM83D;PLK1;NDC80;FOXM1;HJURP;CDC20;ASPM;HMMR;MELK;KIF20A;WDR76;GTSE1;KIF11;KIF2C;DLGAP5;SPC25;CDCA2;ORC6;ARL6IP1;SPAG5;CDCA3;C12orf75;CDCA8;CKAP2;NEK2;DEPDC1;TTK;GCHFR;AURKB;CDCA7L;UBE2C;CENPE;KNSTRN;CKAP2L;LIG1;PSRC1;KIF15;TACC3;BUB1;NCAPD2;PRELP;SNRPD1;DIAPH3;ANP32E;NUF2;KIF14;GPT2,anal_pc5_c21_S1.filtered.gene_spectra_score.k_3.dt_0_01.txt
3,2,MARROW_ERYTHROBLAST,-2.492968234199202,0.0,0.0,prerank,-0.5615410098759738,0.0,115/203,27.00%,EPCAM;SLC44A4;AKR1C3;BCAM;IFI27;SELENBP1;ALDH1A1;GCLC;NEDD4L;NFIX;NIBAN2;TXNRD1;MCM2;ABCC5;MCM4;MICALL2;CA2;A4GALT;CENPU;CDK1;SPHK1;COL18A1;SLC6A8;TK1;TUBB4B;ECT2;SLC22A23;CDT1;TUBA1C;EPHB4;MBOAT2;ANLN;TLN2;PTTG1;SPTBN2;FANCI;CNKSR3;FHL2;TNXB;SEPTIN11;HDHD3;KIF23;SLC7A1;CENPW;ICA1;MCM6;CIT;RRM2;PRELID2;FANCA;BLVRB;PRC1;NCAPG;TFRC;TROAP;AQP1;NCAPG2;RAD54L;DTL;CKS2;RECQL4;PCLAF;CCNB1;DMTN;PLEKHH3;CCNB2;FAM83D;PLK1;AK1;CDC20;FHDC1;RHOBTB3;HMMR;CDC45;MELK;RIPOR3;KIF20A;SLC2A1;SNCA;GRB10;KIF2C;DLGAP5;NOP16;KIF18A;CDCA2;ORC6;SPTB;SPAG5;CDCA3;TNS1;CTNNAL1;ACAA2;KRT13;CKAP2;NEK2;DEPDC1;KBTBD12;FADS2;TTK;SOX6;CENPP;CENPE;KNSTRN;TUBB2A;C1orf198;POLQ;SLC16A9;BUB1;CYB5A;EXO1;SNRPD1;DIAPH3;ALDH1B1;AURKA;HSPH1,anal_pc5_c21_S1.filtered.gene_spectra_score.k_3.dt_0_01.txt
3,2,MARROW_CD8_T,2.474846527653048,0.0,0.0,prerank,0.7725213124165795,0.0,34/41,18.96%,RASAL3;PTPRC;STK17A;CXCR4;PTPN7;SLA;IL32;TIGIT;CCL5;FYN;SLAMF6;CD8A;GBP5;PTPN22;RGS1;KLRG1;CXCR6;PARP8;SH2D1A;PATL2;GZMK;PRDM1;TRGC2;ATP8A1;TENT5C;GZMH;DUSP2;LAG3;ZNF683;TNFRSF9;CLEC2B;CHI3L2;TNIP3;CRTAM,anal_pc5_c21_S1.filtered.gene_spectra_score.k_3.dt_0_01.txt
3,2,NEUROTYPES_HPROGM,-2.4622512108860017,0.0,0.0,prerank,-0.580370736561086,0.0,83/137,24.94%,IGFBP2;BMP7;MDK;RBP1;HES1;TYMS;TFF3;ITGA6;ALCAM;MCM2;SDC4;DSC2;PTGR1;CENPU;PHGDH;CDK1;ITGB8;MMP2;SLC7A11;TOP2A;SERPINF1;MID1;NUSAP1;WNT5A;BMP4;CELSR1;BMP1;PROM1;UHRF1;HMGB2;NRCAM;FANCI;ARHGEF26;PDZRN3;PLOD2;CENPW;SH3RF1;HK2;PRC1;SFRP2;SDC2;TCIM;ABCA8;NCAPG;TROAP;NCAPG2;SULF1;HMGA2;CENPF;CCNB2;BIRC5;PLK1;PDE3A;COL27A1;FOXM1;HJURP;ARHGEF28;HMMR;MELK;GTSE1;CCN1;KIF11;SPC25;MMP11;CDCA3;CDCA8;PDLIM5;TSPAN11;TTK;NES;HILPDA;AURKB;PAM;CENPE;CKAP2L;KCNMA1;LIPG;CTHRC1;KIF15;EFCC1;CCN2;TACC3;BUB1,anal_pc5_c21_S1.filtered.gene_spectra_score.k_3.dt_0_01.txt
3,2,MESENCHYMAL_2,-2.4619673583013646,0.0,0.0,prerank,-0.5701422614081686,0.0,108/159,25.18%,CD24;IGFBP2;BMP7;PITX1;SERINC2;MCM4;OAF;HELLS;RGMA;MAPK10;CENPU;FLNB;GTF2IRD1;EFNB2;CDK1;EYA2;ITGB8;TK1;ECT2;TOP2A;ZWINT;MID1;NUSAP1;TPX2;LDLR;NEURL1B;EFEMP1;ANLN;PROM1;UHRF1;PDLIM4;TMEM176B;EZH2;LMNB1;MKI67;PTTG1;KIFC1;FANCI;CRABP2;FHL2;EPS8;TNFRSF21;TUBB2B;KIF23;CENPM;FANCA;PRC1;NCAPG;TROAP;THSD4;MYBL2;SULF1;NSG1;TMEM176A;HMGA2;CCNB1;CENPF;AMOTL2;CCNB2;BIRC5;FAM83D;PLK1;PDE3A;PHLDB2;NDC80;FOXM1;HJURP;CDC20;ASPM;FST;KPNA2;CDC45;MELK;KIF20A;GPC4;GTSE1;EPHA4;KIF11;KIF2C;FRZB;DLGAP5;SPC25;KIF18B;KIF18A;CDCA2;SPAG5;CDCA3;C12orf75;CDCA8;CLMP;CKAP2;DEPDC1;AURKB;CENPP;UBE2C;CENPE;KNSTRN;CKAP2L;MEIS2;CTHRC1;OSR2;KIF15;TACC3;BUB1;SYNPO2;CENPA;HAPLN1;SGK1,anal_pc5_c21_S1.filtered.gene_spectra_score.k_3.dt_0_01.txt
3,2,OLFACTORY_NEUROEPITHELIUM_DENDRITIC,2.4588767268400606,0.0,0.0,prerank,0.6534285894334156,0.0,63/100,21.02%,CORO1A;LAPTM5;LCP1;PTPRC;FYB1;CD37;ITGB2;LSP1;CYBA;SRGN;JAML;CD52;RIPOR2;MPEG1;TNFRSF1B;CYBB;EVI2B;CD48;SPI1;GMFG;POU2F2;MS4A6A;FGL2;FGR;PLEK;COTL1;IFI30;CLEC7A;MS4A7;SAMSN1;EMP3;TNFAIP3;LILRB2;CPVL;CD14;LST1;TYROBP;S100A4;PHACTR1;FCER1G;CD68;BCL2A1;CFP;AIF1;C1orf162;MNDA;LYN;NCF2;CSF3R;PSAP;CD36;PTPRE;NLRP3;FCGR3A;IFITM2;STX11;IGSF6;FPR1;CCL3;CLEC12A;CARD16;PILRA;SLC11A1,anal_pc5_c21_S1.filtered.gene_spectra_score.k_3.dt_0_01.txt
3,2,CL5_HEALTHY_SELECTABLE_FOLLICLE_THECAL,-2.458063822200521,0.0,0.0,prerank,-0.585188556063129,0.0,69/125,19.04%,PFN2;ALDH1A1;HES1;KLF4;LAMB1;PXDN;COL6A1;ITM2C;COL3A1;COL1A2;COL4A2;COL6A2;COL5A1;SPARC;OAF;PBX1;WLS;FSTL1;COL6A3;MYO6;JUN;MTUS1;MATN2;LAMC1;COL1A1;MMP14;CALD1;COL18A1;FKBP10;MMP2;COL4A1;SERPINF1;IFITM3;LAMA4;SULF2;SERPINH1;PTK7;ENC1;NID1;PTTG1;EMILIN1;EPS8;TSHZ2;CDH11;EGR1;SNAI2;TPST1;SDC2;TCIM;ECE1;NR2F2;PCOLCE;CKS2;PDGFRB;NSG1;RASD1;BGN;COL15A1;IFI6;F3;RHOBTB3;KPNA2;ADM;RND3;TPM2;CCN1;PDGFRA;FRZB;NID2,anal_pc5_c21_S1.filtered.gene_spectra_score.k_3.dt_0_01.txt
3,2,MUSCLE_FBN1_FAP,-2.4513618917388604,0.0,0.0,prerank,-0.5759449577696132,0.0,95/141,27.80%,DST;GSN;NUPR1;FBLN1;NTRK2;JAG1;MGST1;FGFR1;KLF4;LRP1;C1R;PLA2G2A;LAMB2;C1S;GLUL;COL6A1;ACKR3;COL3A1;COL1A2;COL6A2;ELN;FSTL1;LTBP4;DCN;COL6A3;APCDD1;COL1A1;SLPI;MMP14;ITGB5;CPE;MMP2;MFAP4;SERPINF1;IGFBP5;CYBRD1;FN1;ANXA1;EFEMP1;TFPI;COL14A1;FTH1;TMEM176B;HTRA1;PLPP1;CSTB;NID1;FBN1;TNXB;FTL;SEMA3C;DBI;FBLN2;TPPP3;SDC2;MXRA8;CLU;PCOLCE;CCDC80;CFD;LOXL1;FBLN5;VCAN;RBMS3;PRRX1;C3;COL12A1;HSPA1A;TIMP3;TIMP2;ABI3BP;CCN1;PDGFRA;OLFML2A;SERPING1;CD248;DBN1;PXN;SCARA5;PMP22;PAM;MGP;GPX3;DDR2;OSR2;ALDH1A3;FHL1;TRIO;IGFBP6;OLFML3;TNFAIP2;ISLR;MFAP5;NEGR1;HTRA3,anal_pc5_c21_S1.filtered.gene_spectra_score.k_3.dt_0_01.txt
3,2,KIDNEY_7_LOOPOF_HENLE_CELLS_DISTAL,-2.449818122943901,0.0,0.0,prerank,-0.6655612093982074,0.0,25/56,12.78%,EPCAM;CD24;CA12;CKB;ALDH1A1;MUC1;NEDD4L;LAMB1;ATP1B1;COL6A1;ITM2C;GSTM3;SDC4;TFCP2L1;UCHL1;MYO6;RBM47;COL18A1;MECOM;IGFBP7;CYSTM1;FTL;TUBB2B;HOXD9;CXCL12,anal_pc5_c21_S1.filtered.gene_spectra_score.k_3.dt_0_01.txt
3,2,THYMOCYTES,2.4495695766523293,0.0,0.0,prerank,0.749255371855704,0.0,28/45,13.66%,CD96;TRBC2;SEPTIN6;DGKA;LCK;THEMIS;GRAP2;CD8A;CD247;TCF7;P2RX5;RHOH;CD3G;TESPA1;KCNA3;CEP85L;PGGHG;PDE7A;BCL11B;SH2D1A;UBASH3A;TRAT1;CAMK4;CD38;MZB1;CCND3;PDCD1;ATF7IP2,anal_pc5_c21_S1.filtered.gene_spectra_score.k_3.dt_0_01.txt
3,2,RETINA_FIBROBLAST,-2.4479592386913414,0.0,0.0,prerank,-0.5425186997326513,0.0,125/233,21.74%,FBLN1;JAG1;MDK;FGFR2;PITX1;ID1;HES1;FGFR1;KLF4;IGFBP4;C1R;LAMB1;LAMB2;TPM1;NOTCH3;PXDN;ALCAM;TUSC3;COL3A1;COL4A5;COL1A2;COL4A2;COL6A2;COL5A1;SPARC;MFAP2;OAF;WLS;FSTL1;LTBP4;DCN;FLNB;COL6A3;JUN;EFNB2;SPON1;LAMC1;PRSS23;ANTXR1;COL1A1;CNN3;LUM;EFNB1;CALD1;PLPP3;MMP2;COL4A1;SVIL;MFAP4;IGFBP5;PTN;ID3;TJP1;FN1;IFITM3;LAMA4;TCF4;SERPINH1;EPHB4;MRC2;TFPI;BMP1;DHRS3;COL5A2;SULT1E1;UACA;NID1;IGFBP7;TNS2;FBN1;EMILIN1;AEBP1;EPS8;CDH11;CENPW;EGR1;SNAI2;MXRA5;FRMD6;TPST1;SMTN;CXCL12;SDC2;TGFBI;ECE1;EPB41L2;NR2F2;MXRA8;PCDH18;MT2A;PCOLCE;THY1;CCDC80;FBLIM1;EPHA7;SULF1;PDGFRB;MYL9;HMGA2;PLEKHH2;COL21A1;BGN;VCAN;COL27A1;PHLDB2;RBMS3;PRRX1;PLBD1;SORBS3;FST;WWTR1;GPC4;TPM2;CCN1;PDGFRA;SCIN;CD248;DNAJB1;SHISA2;FOS;TGFB1I1;GLT8D2;SCARA5;CLMP;HAS2,anal_pc5_c21_S1.filtered.gene_spectra_score.k_3.dt_0_01.txt
3,2,UNKNOWN_NPC,-2.4377688834851057,0.0,0.0,prerank,-0.678418419860458,0.0,42/51,25.04%,MFAP2;TUBB4B;TOP2A;NUSAP1;TUBA1C;TPX2;MKI67;PTTG1;CIT;TROAP;CKS2;CCNB1;CENPF;CEP70;CCNB2;FAM83D;PLK1;NDC80;HJURP;CDC20;ASPM;KPNA2;KIF20A;GTSE1;KIF2C;DLGAP5;CDCA2;ARL6IP1;SPAG5;CDCA3;CDCA8;NEK2;DEPDC1;TTK;AURKB;UBE2C;CENPE;KNSTRN;CKAP2L;PSRC1;TACC3;NCAPD2,anal_pc5_c21_S1.filtered.gene_spectra_score.k_3.dt_0_01.txt
3,2,OLFACTORY_NEUROEPITHELIUM_FIBROBLASTS_STROMAL,-2.4338394185126595,0.0,0.0,prerank,-0.6355748135549257,0.0,51/74,22.94%,GSN;NBL1;FBLN1;IGFBP4;C1R;TPM1;C1S;COL3A1;COL1A2;COL6A2;SPARC;DCN;COL1A1;LUM;GJA1;CPE;CALD1;PLPP3;TFAP2A;MFAP4;SERPINF1;IGFBP5;PTN;IFITM3;IGFBP7;CRABP2;AEBP1;CDH11;SFRP2;ECM1;TCIM;TGFBI;ABCA8;NR2F2;MXRA8;PCOLCE;THY1;BGN;PRRX1;TIMP2;ACTA2;TPM2;CCN1;TAGLN;SERPING1;SFRP1;CCL11;FGF7;SELENOP;CCDC3;MGP,anal_pc5_c21_S1.filtered.gene_spectra_score.k_3.dt_0_01.txt
3,2,PRO_B,-2.431452133996673,0.0,0.0,prerank,-0.5595446910445828,0.0,113/164,26.08%,GSN;FBLN1;ADGRG1;MDK;PRXL2A;TYMS;PXDN;MCM2;MCM4;HELLS;CENPU;PHGDH;CDK1;TK1;ECT2;TOP2A;ZWINT;CDT1;NUSAP1;TPX2;MBOAT2;ANLN;UHRF1;TCF19;E2F1;EZH2;MKI67;PTTG1;NET1;KIFC1;IGFBP7;FANCI;GPSM2;CDKN2C;KIF23;CENPW;CENPM;MCM6;CCNE2;CIT;RRM2;FANCA;PRC1;NCAPG;TROAP;EPB41L2;NCAPG2;MT2A;MYBL2;RAD54L;DTL;PCLAF;CCNB1;CENPF;CCNB2;BIRC5;RASD1;PLK1;NDC80;FOXM1;HJURP;CDC20;CEP55;ASPM;SORBS3;HMMR;CDC45;MELK;KIF20A;SNCA;WDR76;GTSE1;KIF11;KIF2C;DLGAP5;SPC25;KIF18A;CDCA2;ORC6;ARL6IP1;MT1X;SPAG5;MAP3K20;CDCA3;CTNNAL1;BRIP1;CDCA8;CKAP2;DEPDC1;FADS2;TTK;AURKB;INCENP;UBE2C;CENPE;KNSTRN;CKAP2L;LIG1;CCNF;WWOX;PSRC1;KIF15;CCN2;TACC3;BUB1;CENPA;NCAPD2;ERG;FHL1;FAM111B;EXO1;ACAT2;DIAPH3,anal_pc5_c21_S1.filtered.gene_spectra_score.k_3.dt_0_01.txt
3,2,MID_BASAL,-2.4279621829573665,0.0,0.0,prerank,-0.6061482860947061,0.0,57/96,18.00%,ITGB4;CXCL14;PKP1;DST;TP63;NUPR1;COL7A1;COL17A1;NBL1;EHF;KRT15;DPYSL3;PITX1;NPDC1;IGFBP4;MAOA;COL1A2;COL5A1;ELN;A4GALT;GPC3;S100A2;CDCP1;LGR4;EMP1;EYA2;SLPI;EPAS1;DKK3;KRT14;TFAP2A;PCDH7;MEIS1;ANXA1;SULF2;COL14A1;PROM1;SULT1E1;GAS6;HSPA2;FBN1;FHL2;KLK10;SCNN1B;SNAI2;TP73;JAG2;FBLN2;SPARCL1;THSD4;NUAK1;LYPD6B;VCAN;F3;CFH;ABI3BP;BOC,anal_pc5_c21_S1.filtered.gene_spectra_score.k_3.dt_0_01.txt
3,2,CL3_MATURE_CUMULUS_GRANULOSA,-2.423978785808192,0.0,0.0,prerank,-0.6219331444923238,0.0,41/80,18.02%,DST;EPHX1;CKB;IGFBP2;IFI27;DPYSL3;MDK;RBP1;SOX4;TCEA3;COL4A2;TSPAN6;MFAP2;LAPTM4B;PRSS23;THBS1;GSTA4;GJA1;COL4A1;RHOB;MARCKSL1;ID3;HS6ST1;ST3GAL4;PPFIBP1;HTRA1;HSPG2;IGFBP7;FHL2;TSPAN7;TSHZ2;DBI;AVPI1;INSR;ABCA8;SCD;NSG1;SLC16A1;VCAN;FST;PPP1R12B,anal_pc5_c21_S1.filtered.gene_spectra_score.k_3.dt_0_01.txt
3,2,KUPFFER,2.411344805195413,0.0,0.0,prerank,0.5630015370313894,0.0,163/334,19.56%,LAPTM5;CELF2;PARVG;STK17B;HCLS1;FYB1;CD37;PLCB2;ITGB2;FGD2;CYBA;CIITA;NCKAP1L;SRGN;ADA2;JAML;CD52;MYO1F;CD4;CXCR4;WDFY4;SLA;RIPOR2;PTK2B;SAMHD1;MPEG1;KCNAB2;TNFRSF1B;SELL;CYBB;PRKCB;KLHL6;IRF8;EVI2B;SMAP2;CCDC69;ALOX5;GPR183;SPI1;WAS;CD84;GMFG;POU2F2;MS4A6A;UCP2;PLEKHO1;PREX1;FGL2;CNTRL;RASSF2;SERPINB9;LAIR1;ARRB2;CSF1R;FGR;CTSH;PLEK;ITGAX;HSPA6;LILRB1;RGS1;THEMIS2;COTL1;CLEC7A;MS4A7;SAMSN1;REL;HCK;MAF;SCIMP;RNASET2;LY86;CD163;IRF4;C1QC;SLC7A7;FPR3;CLEC10A;IL6R;LILRB2;DOK3;C1QA;CD83;ADAP2;CPVL;SH2B3;LYZ;C3AR1;C1QB;FCGR2B;HERPUD1;EMILIN2;CD14;LST1;FCGR2A;PAG1;LILRB5;CD1C;TYROBP;MAP3K8;SLC2A3;S100A4;PHACTR1;FCER1G;TNFSF14;F13A1;GAPT;RNASE6;SIRPB2;HK3;TBXAS1;P2RY13;ITGAM;IL17RA;ADAM28;VNN2;BCL2A1;CSGALNACT2;CFP;GPR34;RILPL2;AIF1;RHOQ;MRC1;PLD4;MS4A4A;C1orf162;CD86;CCL4;RASSF4;CTSC;MNDA;LRRK2;BASP1;LYN;LRRC25;NCF2;RGCC;MX2;CSF3R;VSIG4;GZMB;PSAP;FOLR2;LIPA;DDX60L;SLC15A3;PTPRE;NLRP3;FCGR3A;SNX10;CCR1;CCL4L2;FLT3;IER5;IGSF6;PTAFR;TLR2;FPR1;ADGRE2;CD300E;NFAM1;LGMN,anal_pc5_c21_S1.filtered.gene_spectra_score.k_3.dt_0_01.txt
3,2,OLFACTORY_NEUROEPITHELIUM_MACROPHAGES,2.4031750692314837,0.0,0.0,prerank,0.6944030043150811,0.0,39/62,15.20%,LAPTM5;CD74;ITGB2;CYBA;SRGN;CXCR4;GPR183;SPI1;MS4A6A;FGL2;CSF1R;RGS1;COTL1;IFI30;CLEC7A;MS4A7;RNASET2;LY86;CSF2RA;C1QC;CLEC10A;C1QA;CD83;C3AR1;C1QB;HERPUD1;CD14;LST1;FCGR2A;TYROBP;PHACTR1;FCER1G;RNASE6;CD68;P2RY13;GPR34;AIF1;PLD4;MNDA,anal_pc5_c21_S1.filtered.gene_spectra_score.k_3.dt_0_01.txt
3,2,PRE_B,-2.3891433023787547,0.0,0.0,prerank,-0.5390949094743175,0.0,145/211,28.42%,PRXL2A;TYMS;TXNRD1;MCM2;MCM4;BDH1;HELLS;CENPU;PHGDH;CDKN2A;CDK1;SPTSSA;TK1;ECT2;TOP2A;ZWINT;CDT1;NUSAP1;TUBA1C;TPX2;ANLN;UHRF1;TCF19;E2F1;EZH2;LMNB1;MKI67;PTTG1;NET1;KIFC1;IGFBP7;FANCI;MFGE8;GPSM2;FABP5;SEPTIN11;CDKN2C;KIF23;CENPW;CENPM;MCM6;CCNE2;RRM2;FANCA;INSR;PRC1;NCAPG;CTNNBIP1;CSRP1;TROAP;EPB41L2;NCAPG2;MT2A;MYBL2;RAD54L;DTL;SMC4;RECQL4;PCLAF;CCNB1;CENPF;CEP70;SLC16A1;CCNB2;BIRC5;FAM83D;PLK1;DPYSL2;NDC80;FOXM1;HJURP;CDC20;CEP55;ASPM;KPNA2;HMMR;CDC45;MELK;KIF20A;WDR76;GTSE1;KIF11;KIF2C;AGPAT2;DLGAP5;NOP16;TDP2;SPC25;KIF18B;KIF18A;CDCA2;ORC6;ARL6IP1;SPAG5;MAP3K20;CDCA3;CTNNAL1;ACAA2;POLE;RUNX1;C12orf75;CDCA8;CKAP2;NEK2;ACOT7;DEPDC1;FADS2;TTK;HILPDA;GCHFR;AURKB;CENPP;INCENP;BLMH;UBE2C;CENPE;KNSTRN;CKAP2L;CPXM1;LIG1;CCNF;WWOX;ISYNA1;POLQ;PSRC1;KIF15;TACC3;BUB1;CENPA;NCAPD2;PDLIM7;CYB5A;FHL1;FAM111B;EXO1;ACAT2;DIAPH3;ANP32E;AURKA;NUF2;AHI1;KIF14;FBXO5;RCCD1;POLA1,anal_pc5_c21_S1.filtered.gene_spectra_score.k_3.dt_0_01.txt
3,2,INTESTINE_ADULT_CH_MKI67HIGH,-2.3859850792301507,0.0,0.0,prerank,-0.6818928571221298,0.0,42/48,28.02%,TOP2A;TPX2;ANLN;MKI67;KIFC1;KIF23;CIT;MYO3A;NCAPG;TROAP;IQGAP3;MYBL2;RAD54L;DTL;CENPF;BIRC5;NDC80;FOXM1;HJURP;CEP55;HMMR;CDC45;KIF20A;GTSE1;KIF11;KIF2C;CDCA2;CDCA3;CDCA8;DEPDC1;ESPL1;AURKB;CKAP2L;KIF15;TACC3;BUB1;CENPA;FAM111B;EXO1;DIAPH3;NUF2;LYPD5,anal_pc5_c21_S1.filtered.gene_spectra_score.k_3.dt_0_01.txt
3,2,EARLY_TIP,-2.384891390107613,0.0,0.0,prerank,-0.6255929166042646,0.0,52/72,28.20%,MCM4;CENPU;CDK1;TK1;TOP2A;ZWINT;NUSAP1;TPX2;UHRF1;E2F1;HSPA2;CENPW;CENPM;MCM6;FANCA;SCD;MYBL2;RAD54L;CENPF;CCNB2;BIRC5;FAM83D;PLK1;VCAN;FOXM1;CDC20;CDC45;MELK;KIF20A;GTSE1;TPM2;DLGAP5;PMAIP1;SPC25;ORC6;CDCA3;CDCA8;ACOT7;FADS2;NES;AURKB;UBE2C;CENPE;CPXM1;CNFN;C6orf141;TACC3;SERPINE2;TSPAN2;NUF2;KIF14;FBXO5,anal_pc5_c21_S1.filtered.gene_spectra_score.k_3.dt_0_01.txt
3,2,KIDNEY_MYELOID,2.382142790182308,0.0,0.0,prerank,0.607067667137858,0.0,95/140,24.42%,CYTH4;FGD2;CIITA;MPEG1;CYBB;GPR183;SPI1;MS4A6A;CCR5;TLR10;CSF1R;LILRB1;IFI30;CLEC7A;MS4A7;HCK;SCIMP;CD163;CSF2RA;C1QC;HAVCR2;FPR3;CD163L1;SLAMF8;LILRB2;C1QA;ADAP2;CPVL;SIGLEC1;C3AR1;C1QB;CD209;LILRB5;CD200R1;TIFAB;P2RY6;TLR1;NOD2;ATP8B4;RNASE6;SIRPB2;CD68;HK3;SLC37A2;P2RY13;TMEM273;GPR34;AIF1;CCR2;SIGLEC9;MS4A4A;C1orf162;CD86;TLR7;RASSF4;MNDA;SIGLEC5;MS4A4E;CD300LF;LRRC25;NCF2;LY96;VSIG4;FOLR2;MS4A14;SLC15A3;NLRP3;CCR1;IGSF6;PTAFR;CLEC9A;CD33;RUFY4;CD300E;NFAM1;MEFV;SLC24A4;SIGLEC6;ASGR2;OSCAR;TMEM86A;CRLF2;SLCO2B1;LRRK1;KYNU;CLEC5A;SOWAHD;MSR1;LILRA6;SLC43A2;C5AR2;TREM2;CD274;IL10;LILRB4,anal_pc5_c21_S1.filtered.gene_spectra_score.k_3.dt_0_01.txt
3,2,SCHWANN_PRECURSOR,-2.379932011731679,0.0,0.0,prerank,-0.5733477570323204,0.0,79/114,25.04%,MGST1;TYMS;MCM2;MCM4;OAF;HELLS;CENPU;CDK1;GLI3;TK1;ECT2;TOP2A;ZWINT;CDT1;MYO10;NUSAP1;TPX2;ANLN;UHRF1;E2F1;ENC1;PCSK5;EZH2;MKI67;PTTG1;NET1;KIFC1;FANCI;EMILIN1;KIF23;CENPW;CENPM;MCM6;GJC1;SFRP2;NCAPG;TROAP;MYBL2;CCNB1;CENPF;SLC16A1;CCNB2;BIRC5;FAM83D;PLK1;PHLDB2;NDC80;FOXM1;HJURP;CDC20;ASPM;MELK;KIF20A;GTSE1;KIF11;KIF2C;DLGAP5;SPC25;CDCA2;ORC6;SPAG5;CDCA3;STXBP6;CDCA8;CKAP2;DEPDC1;AURKB;INCENP;CDCA7L;UBE2C;CENPE;CKAP2L;PSRC1;KIF15;CCN2;TACC3;BUB1;CENPA;NCAPD2,anal_pc5_c21_S1.filtered.gene_spectra_score.k_3.dt_0_01.txt
3,2,CHOROID_SCLERA_MONOCYTES,2.371042028670791,0.0,0.0,prerank,0.6984462411130634,0.0,29/54,12.88%,ARHGAP15;DOCK2;ARHGAP9;ARHGAP30;ADA2;PSTPIP1;SIPA1;GPSM3;DGKA;PTK2B;DOCK11;GLIPR1;ADAM8;KLHL6;ARHGAP25;PREX1;CD69;CTSH;KDM2B;IL27RA;BTK;SLC7A7;EHD1;MILR1;DOK3;TRIM14;DPYD;SPATA13;GAPT,anal_pc5_c21_S1.filtered.gene_spectra_score.k_3.dt_0_01.txt
3,2,CL2_PUTATIVE_EARLY_ATRETIC_FOLLICLE_THECAL,-2.359828735352925,0.0,0.0,prerank,-0.7094571944213638,0.0,19/37,8.02%,NBL1;MDK;HES1;C1R;C1S;COL6A1;COL1A2;GSTM3;COL6A2;HSPA1B;DCN;JUN;COL1A1;LUM;CALD1;MFAP4;SERPINF1;IGFBP5;IFITM3,anal_pc5_c21_S1.filtered.gene_spectra_score.k_3.dt_0_01.txt
3,2,TREG,2.3597040501063384,0.0,0.0,prerank,0.7939363352076323,0.0,20/29,14.42%,TRAF1;CD4;CD79A;SLAMF1;CCR4;NCF4;CD28;CD5;SIRPG;SIT1;BIRC3;ICOS;FOXP3;CTLA4;IL2RA;TMEM154;TNFRSF4;HS3ST3B1;HNRNPLL;DUSP4,anal_pc5_c21_S1.filtered.gene_spectra_score.k_3.dt_0_01.txt
3,2,OLFACTORY_NEUROEPITHELIUM_SUSTENTACULAR,-2.3572877046894893,0.0,0.0,prerank,-0.7569261362246987,0.0,16/28,7.32%,KRT8;ELF3;CLDN4;KRT19;AGR2;TSPAN1;FAM3D;VSIG2;MUC1;MGST1;TFF3;S100P;WFDC2;PRSS23;S100A14;LCN2,anal_pc5_c21_S1.filtered.gene_spectra_score.k_3.dt_0_01.txt
3,2,TRANSIT_AMPLIFYING,-2.354144270862631,0.0,0.0,prerank,-0.7864512244629479,0.0,19/22,19.78%,EPCAM;KRT8;KRT19;AGR2;GOLM1;AKR1C3;ALDH1A1;MGST1;MAOA;PPP1R1B;TOP2A;HMGB2;MKI67;DBI;TFRC;MT2A;CENPF;DMBT1;ARL6IP1,anal_pc5_c21_S1.filtered.gene_spectra_score.k_3.dt_0_01.txt
3,2,DECENDING_THIN_LIMB,-2.35289626509938,0.0,0.0,prerank,-0.6285806793512008,0.0,43/63,26.30%,EPCAM;KRT8;CD24;TACSTD2;EHF;ADGRG1;ID1;TPM1;MAOA;TNFSF10;ITGA2;SLPI;CPE;SERPINA1;DSTN;ODC1;IFITM3;TFPI;FTH1;TSC22D1;EDIL3;IGFBP7;PLOD2;CYSTM1;FTL;EGR1;TCIM;CLU;MT2A;CRYAB;RASD1;SOD2;ADAMTS1;CTSB;SERPING1;GDF15;MET;VCAM1;ITGB6;TFPI2;CYB5A;NAMPT;CYP24A1,anal_pc5_c21_S1.filtered.gene_spectra_score.k_3.dt_0_01.txt
3,2,PANCREAS_DUCTAL,-2.3488146799444705,0.0,0.0,prerank,-0.670110822816732,0.0,28/47,20.36%,ELF3;SCNN1A;EHF;WNK2;FGFR2;FUT3;PPP1R1B;ATP1B1;FUT6;SLC4A4;LEFTY1;MUC20;S100A14;FGFR3;PLD1;LAD1;VTCN1;PPARGC1A;RHOV;PTPRU;NECTIN4;CA4;LYPD6B;PAQR5;PRSS22;DEGS2;IFFO2;SYT8,anal_pc5_c21_S1.filtered.gene_spectra_score.k_3.dt_0_01.txt
3,2,INTESTINE_INTESTINAL_EPITHELIAL,-2.343668752742604,0.0,0.0,prerank,-0.608685012964327,0.0,48/71,31.22%,GPX2;ELF3;LGALS3;SLC44A4;PRSS8;GRHL2;LAMB3;INAVA;CDX1;ESRP2;AMN;TMEM45B;SH3RF2;ATP10B;BICDL2;S100A14;LIPH;CYP3A5;TJP3;SULT1E1;SEMA4G;SULT1B1;TMC5;HDHD3;RHPN2;VIPR1;FERMT1;SLC51A;PRSS3;NR1I2;DMBT1;SLC5A1;DEGS2;RBP4;GCHFR;SULT1C2;ACSL5;GDA;XDH;LGR5;DEFB1;ALDH1L1;EXOC3L4;CYP2C18;MASP1;HKDC1;ARL14;ANPEP,anal_pc5_c21_S1.filtered.gene_spectra_score.k_3.dt_0_01.txt
3,2,MUSCLE_FAP,-2.3261893242981593,0.0,0.0,prerank,-0.5653358853189713,0.0,76/112,27.80%,CXCL14;GSN;EPHX1;NUPR1;FBLN1;ALDH1A1;MGST1;LRP1;C1R;C1S;COL6A1;ACKR3;COL3A1;COL1A2;COL6A2;FSTL1;LTBP4;DCN;COL6A3;EMP1;LAMC1;COL1A1;LUM;PLPP3;MMP2;MFAP4;SERPINF1;CYBRD1;FN1;ANXA1;EFEMP1;TFPI;CSTB;HSPG2;IGFBP7;MAP1B;TNXB;DBI;FBLN2;CXCL12;SDC2;PTGDS;ABCA8;MXRA8;PCOLCE;CCDC80;CFD;FBLN5;VCAN;SMOC2;COL15A1;C3;TIMP2;CFH;RND3;LAMA2;PDGFRA;SERPING1;PODN;SPRY1;ADH1B;SELENOP;ABCA10;PMP22;MGP;GPX3;SPON2;CYB5A;FHL1;IGFBP6;CILP;ISLR;MFAP5;LHFPL6;DPT;HTRA3,anal_pc5_c21_S1.filtered.gene_spectra_score.k_3.dt_0_01.txt
3,2,CD8_MEMORY_EFFECTOR_T,2.3241846970359425,0.0,0.0,prerank,0.8807947019867546,0.0,17/17,12.22%,IKZF3;CD3D;IL32;IL7R;PYHIN1;CCL5;FYN;CD8A;CD3G;CXCR6;SH2D1A;CDC42SE2;GZMK;PRDM1;PIP4K2A;TC2N;DUSP2,anal_pc5_c21_S1.filtered.gene_spectra_score.k_3.dt_0_01.txt
3,2,PROLIFERATING_NK_T,-2.317075032205281,0.0,0.0,prerank,-0.6270559008796216,0.0,48/59,27.48%,AKR1C3;TYMS;MCM4;HELLS;CENPU;CDK1;PRSS23;TK1;TUBB4B;TOP2A;ZWINT;CDT1;TPX2;E2F1;EZH2;HMGB2;MKI67;IGFBP7;FANCI;CENPM;MCM6;RRM2;TROAP;MYBL2;DTL;CKS2;SMC4;CENPF;BIRC5;NDC80;CDC20;ASPM;HMMR;CDC45;MELK;GTSE1;KIF2C;ORC6;CDCA3;C12orf75;CDCA8;AURKB;UBE2C;POLQ;TACC3;DIAPH3;NUF2;KIF14,anal_pc5_c21_S1.filtered.gene_spectra_score.k_3.dt_0_01.txt
3,2,MESENCHYMAL_STROMAL,-2.3163627876685973,0.0,0.0,prerank,-0.48729183427410666,0.0,191/364,24.98%,NUPR1;JAG1;NQO1;MGST1;HES1;IGFBP4;C1R;CREB3L1;LAMB1;TPM1;NOTCH3;PXDN;C1S;COL6A1;TXNRD1;COL3A1;PRKG1;COL1A2;COL4A2;COL6A2;COL5A1;TBX2;SPARC;WLS;ITGA2;FSTL1;DCN;PHGDH;COL6A3;EMP1;EFNB2;SPON1;SPHK1;LAMC1;THBS1;ANTXR1;COL1A1;CNN3;EPAS1;LUM;DKK3;ITGB5;FARP1;CALD1;COL18A1;FKBP10;MMP2;THBS2;SLC7A11;COL4A1;SVIL;MFAP4;SERPINF1;IGFBP5;COL16A1;PHLDB1;MARCKSL1;MYO10;ID3;CYBRD1;FN1;TUBA1C;IFITM3;LAMA4;ANXA1;SULF2;TCF4;SERPINH1;WNT5A;MRC2;TFPI;A2M;BMP1;PTK7;COL5A2;ENC1;UACA;PPFIBP1;HTRA1;NID1;SCARA3;IGFBP7;EHD2;MFGE8;CAVIN1;FBN1;FHL2;AEBP1;DCBLD2;EPS8;PLOD2;TNC;CDH11;OSMR;SNAI2;FRMD6;TPST1;NREP;SFRP2;RBPMS;SDC2;TGFBI;CD276;ADGRA2;NR2F2;MXRA8;CRLF1;MT2A;THY1;CCDC80;ARHGEF17;SULF1;PDGFRB;GREM1;SMC4;AFAP1;UNC5B;BGN;PLAT;PDE3A;VCAN;CRISPLD2;ANGPTL2;CYGB;COL15A1;PRRX1;COL12A1;CTSB;TIMP3;TIMP2;ADAMTS2;ACTA2;RND3;GLI2;WWTR1;LTBP2;TBX3;TPM2;CCN1;LAMA2;ARHGEF40;PDGFRA;LOX;OLFML2A;MYLK;NID2;CCDC102B;MMP11;SFRP1;IGFBP3;CD248;CAV1;TBC1D16;NNMT;MAP3K20;PLSCR4;GPC6;TNS1;MYC;TGFB1I1;PHLDA1;RUNX1;FGF7;VSTM4;ANO1;NT5E;PAPPA;TNFRSF12A;LTBP1;FMOD;HAS2;SRPX2;NES;STEAP1;SPRY4;TMEM158;PMP22;MGP;STK38L;IRX4;SSC5D;SH3PXD2B;KLF9;MICAL2;LAMC3;SPON2;CTHRC1;TFPI2;CCN2;IER3;EDNRB,anal_pc5_c21_S1.filtered.gene_spectra_score.k_3.dt_0_01.txt
3,2,CTX_BIG_GROUPS_GLIAL,-2.314801091141282,0.0,0.0,prerank,-0.6182121008152229,0.0,35/70,17.28%,CXCL14;CKB;NTRK2;ADGRG1;BMP7;MDK;PRXL2A;ITM2C;TSPAN6;LAPTM4B;PHGDH;MYO6;SPON1;CNN3;CPE;PLPP3;ITGB8;PTN;MYO10;SEMA6A;NDRG2;MFGE8;PTPRZ1;ARHGEF26;TSPAN7;FABP5;TNC;DBI;CLU;MT2A;SCD;CCDC80;HEY1;AASS;F3,anal_pc5_c21_S1.filtered.gene_spectra_score.k_3.dt_0_01.txt
3,2,CL14_MATURE_SMOOTH_MUSCLE,-2.309992596242792,0.0,0.0,prerank,-0.5469953470972908,0.0,76/127,25.70%,GSN;CKB;BCAM;NTRK2;HES1;TPM1;NOTCH3;SPARC;HSPA1B;MYH11;PALLD;JUN;ADIRF;EPAS1;CPE;CALD1;COL18A1;MFAP4;IGFBP5;RHOB;PTN;ID3;DSTN;TINAGL1;IFITM3;A2M;TSC22D1;NDRG2;NET1;IGFBP7;HSPA2;EHD2;MFGE8;CAVIN1;SOD3;MAP1B;HES4;CAV2;FXYD6;EPS8;CYSTM1;EGR1;DBI;TPPP3;CSRP1;SPARCL1;NR2F2;MT2A;MYL9;CRYAB;RASD1;BGN;ADAMTS1;TIMP3;ACTA2;TPM2;CCN1;TAGLN;PHLDA2;FRZB;MYLK;SERPING1;CAV1;DNAJB1;FOS;TGFB1I1;MSRB3;CCDC3;MGP;GPX3;ISYNA1;MCAM;IER3;PDLIM7;CRIP2;PLK2,anal_pc5_c21_S1.filtered.gene_spectra_score.k_3.dt_0_01.txt
3,2,MUSCLE_PERICYTES,-2.298276765448504,0.0,0.0,prerank,-0.5926385864380734,0.0,41/74,19.52%,EPHX1;SELENBP1;PRXL2A;HES1;TPM1;NOTCH3;ITM2C;COL3A1;COL4A2;COL6A2;SPARC;COL6A3;ADIRF;CNN3;CPE;CALD1;COL4A1;RHOB;TINAGL1;IFITM3;TFPI;NDRG2;GAS6;IGFBP7;MFGE8;EPS8;TNFRSF21;CXCL12;MYO1B;SPARCL1;NR2F2;MT2A;PDGFRB;MYL9;DPYSL2;CYGB;TIMP3;ACTA2;TPM2;TAGLN;SERPING1,anal_pc5_c21_S1.filtered.gene_spectra_score.k_3.dt_0_01.txt
3,2,ORG_PROLIFERATING,-2.2788286288799022,0.0,0.0,prerank,-0.6796397748352241,0.0,34/38,25.02%,TUBB4B;NUSAP1;TUBA1C;TPX2;PTTG1;SMTN;PRC1;SFRP2;TROAP;MT2A;HSD17B11;CKS2;CCNB1;CENPF;CEP70;NMU;CCNB2;BIRC5;PLK1;CDC20;ASPM;KIF20A;KIF18A;ARL6IP1;CDCA3;CDCA8;CKAP2;NEK2;CENPE;KNSTRN;PSRC1;TACC3;BUB1;CENPA,anal_pc5_c21_S1.filtered.gene_spectra_score.k_3.dt_0_01.txt
3,2,EPICARDIAL,-2.278395769436383,0.0,0.0,prerank,-0.5451924092089123,0.0,66/128,22.52%,KRT8;DDR1;KRT19;NUPR1;SELENBP1;MGST1;C1R;PLA2G2A;C1S;NPNT;CDH3;GSTM3;CLDN1;CGN;MAL2;PHGDH;SLC4A4;ADIRF;ITGA3;TM4SF1;PPL;PRSS23;SLPI;GJA1;ID4;CPE;ITGB8;CYBRD1;SULF2;EFEMP1;CRIM1;TMEM176B;KLK11;HTRA1;CFB;FLRT2;ASS1;PDZK1IP1;PLOD2;CYSTM1;SEMA3C;RARRES1;AQP1;CCDC80;SULF1;PDPN;NSG1;TMEM176A;SLC16A1;PLEKHH2;NMU;SMOC2;LGALS2;C3;CFH;ANXA3;SMPD3;KRT7;SERPING1;MYRF;NNMT;MSLN;SBSPON;SLIT3;WWC1;STEAP1,anal_pc5_c21_S1.filtered.gene_spectra_score.k_3.dt_0_01.txt
3,2,KIDNEY_10_IMMUNE,2.277407113496667,0.0,0.0,prerank,0.7650899799649727,0.0,21/29,16.06%,CORO1A;LAPTM5;CD74;LCP1;PTPRC;FYB1;ARHGDIB;CYBA;SRGN;SAMHD1;CYBB;FGL2;COTL1;MAF;MEF2C;LST1;TYROBP;S100A4;AIF1;MNDA;PSAP,anal_pc5_c21_S1.filtered.gene_spectra_score.k_3.dt_0_01.txt
3,2,CTX_BRAIN_ENDOTHELIAL,-2.273361815406562,0.0,0.0,prerank,-0.477921807759871,0.0,194/440,21.30%,LRATD1;PTPRK;IGFBP2;FBLN1;IFI27;MDK;NQO1;PRXL2A;ID1;RBP1;HES1;LAMA5;KLF4;NPDC1;IGFBP4;TMEM45B;LAMB1;LAMB2;NOTCH3;PXDN;ITGA6;MAOA;TUSC3;COL6A1;NIBAN2;COL3A1;PRKG1;COL1A2;COL4A2;TSPAN6;COL6A2;TBX2;MICALL2;CA2;ELN;SPARC;MFAP2;PLCB4;OCLN;FSTL1;LAPTM4B;DCN;FLNB;MYO6;SLC12A2;MATN2;EFNA1;TM4SF1;APCDD1;LAMC1;CNN3;EPAS1;LUM;GJA1;FARP1;CPE;CALD1;COL18A1;PLCE1;ADAM15;SLC7A11;COL4A1;SVIL;PHLDB1;PTN;MYO10;ID3;DSTN;NFATC4;TJP1;FN1;SEMA6A;IFITM3;LAMA4;ANXA1;TCF4;SERPINH1;MGLL;MMP28;SEMA5A;TFPI;BMP1;TSC22D1;NR2F1;PROM1;COL5A2;UACA;PPFIBP1;NID1;MECOM;IGFBP7;FAM43A;TNS2;EHD2;FOXQ1;MFGE8;CAVIN1;SMAGP;HES4;CAV2;FXYD6;PRSS12;AEBP1;ITIH5;EPS8;PDE5A;CDC42EP4;TNFRSF21;SEPTIN11;CDH11;ADGRL2;SLC7A1;SNAI2;DOCK6;LIMS2;FRMD6;GJC1;SMTN;INSR;MYO1B;ECM1;ECE1;SMAD1;TFRC;SYTL2;CSRP1;SPARCL1;NR2F2;CA4;ADAM33;PCDH18;MT2A;PCOLCE;THY1;TDRP;CCDC80;RAPGEF5;ARHGEF17;HEY1;MAGI1;PDGFRB;MYL9;FOXF1;HYAL2;AMOTL2;SLC16A1;TSPAN9;UNC5B;BGN;VWA1;DACH1;AASS;SMOC2;AK1;RBMS3;GPRC5C;IFI6;TIMP3;SORBS3;ADM;CFH;PPFIBP2;NOSTRIN;MEGF6;SLC2A1;WWTR1;TBX3;TPM2;CCN1;TAGLN;LAMA2;FRZB;OLFML2A;MYLK;NID2;CCDC102B;SERPING1;EPB41L1;DEGS2;CD248;CAV1;MT1X;SPRY1;LURAP1L;PTPRG;MAP3K20;TNS1;TGFB1I1;CSPG4;PXN;MAP1LC3A;MSRB3;VSTM4;AIF1L,anal_pc5_c21_S1.filtered.gene_spectra_score.k_3.dt_0_01.txt
3,2,EARLY_SUPRABASAL,-2.2717626308955614,0.0,0.0,prerank,-0.7972701726214372,0.0,18/18,20.58%,KRT15;HES1;CDK1;TOP2A;VSNL1;HMGB2;MKI67;PTTG1;SLC7A1;RRM2;PRC1;MT2A;SMC4;CCNB1;CENPF;HSPA1A;ASPM;FOS,anal_pc5_c21_S1.filtered.gene_spectra_score.k_3.dt_0_01.txt
3,2,OLFACTORY_NEUROEPITHELIUM_VASCULAR_SMOOTH_MUSCLE,-2.2690321727395997,0.0,0.0,prerank,-0.5861394349571889,0.0,61/81,31.78%,TPM1;NOTCH3;SPARC;HSPA1B;MYH11;PALLD;JUN;ADIRF;THBS1;ID4;CALD1;IGFBP5;RHOB;DSTN;TINAGL1;COL14A1;IGFBP7;MFGE8;CAVIN1;SOD3;MAP1B;EGR1;TCIM;CSRP1;SPARCL1;NR2F2;MT2A;PDGFRB;MYL9;CRYAB;CRISPLD2;ADAMTS1;HSPA1A;TIMP3;ACTA2;PPP1R12B;TPM2;TAGLN;FRZB;MYLK;CAV1;MAP3K20;TNS1;FOS;TGFB1I1;GGT5;ISYNA1;MCAM;SYNPO2;FHL1;C11orf96;ACTG2;CNN1;LHFPL6;RCAN2;CCL2;NDUFA4L2;RGS5;LMOD1;FILIP1L;GUCY1A1,anal_pc5_c21_S1.filtered.gene_spectra_score.k_3.dt_0_01.txt
3,2,PLACENTA_PAEP_MECOM_POSITIVE,-2.2621990547565898,0.0,0.0,prerank,-0.5918363408989414,0.0,35/72,23.46%,EPCAM;ATP2C2;AGR2;TSPAN1;CA12;SCNN1A;TACSTD2;EHF;TMPRSS4;MUC1;LAMB3;WFDC2;MUC20;SLPI;BAIAP2L2;PKDCC;LCN2;OVOL2;VTCN1;TTC39A;KLK10;GABRP;NMU;RASD1;ARHGEF28;CP;KIF12;CX3CL1;BDKRB2;EVC;NNMT;HOXB5;ADGRF1;SAMD12;GPX3,anal_pc5_c21_S1.filtered.gene_spectra_score.k_3.dt_0_01.txt
3,2,HEART_TRABECULAR_ATRIAL_CARDIOMYOCYTE,-2.2612840012859703,0.0,0.0,prerank,-0.6037711978597304,0.0,37/62,22.92%,GPC1;PTPRK;DST;JAG1;MDK;ERBB2;LAMB2;ITGA6;ATP1B1;HEPH;ABCC5;PARM1;COL4A2;WLS;LAPTM4B;AKAP1;VEGFA;DKK3;CPE;COL18A1;SVIL;MEIS1;DCBLD2;LMO7;PLOD2;ADGRL2;INSR;SCD;SLC16A1;TIMP3;SLC2A1;NID2;COL4A6;TNFRSF12A;LTBP1;NES;PAM,anal_pc5_c21_S1.filtered.gene_spectra_score.k_3.dt_0_01.txt
3,2,LATE_BASAL,-2.2601369133067934,0.0,0.0,prerank,-0.5896978530768194,0.0,38/70,19.00%,PKP1;DST;TP63;COL7A1;NBL1;EHF;KRT15;GCLC;COL1A2;CLDN1;A4GALT;GPC3;S100A2;EMP1;NTN1;EYA2;EPAS1;DKK3;TFAP2A;ANXA1;COL14A1;EHD2;FHL2;SCNN1B;JAG2;WNT4;CDKN1A;LYPD6B;VCAN;F3;CFH;ABI3BP;ACTA2;RND3;BOC;TPM2;FRZB;PMAIP1,anal_pc5_c21_S1.filtered.gene_spectra_score.k_3.dt_0_01.txt
3,2,PPP1R1B_POSITIVE,-2.2595157843286913,0.0,0.0,prerank,-0.7286523078371046,0.0,17/27,14.28%,EPCAM;GPX2;ELF3;LGALS3;GOLM1;TACSTD2;ALDH3A1;ABCC3;PPP1R1B;SDC4;MLPH;JUN;ADIRF;MARCKSL1;KCNE3;EGR1;CLU,anal_pc5_c21_S1.filtered.gene_spectra_score.k_3.dt_0_01.txt
3,2,CL17_PUTATIVE_APOPTOTIC_SMOOTH_MUSCLE,-2.258116130003105,0.0,0.0,prerank,-0.5649976346493968,0.0,57/93,25.52%,BCAM;FGFR1;TPM1;MYH11;ADIRF;TM4SF1;EPAS1;CPE;COL18A1;TUBB4B;COL4A1;PTN;DSTN;TUBA1C;TINAGL1;IFITM3;SERPINH1;A2M;TSC22D1;NDRG2;IGFBP7;HSPA2;MFGE8;SOD3;MAP1B;HES4;FXYD6;CYSTM1;CSRP1;CDKN1A;MT2A;PDGFRB;MYL9;CRYAB;BGN;CRISPLD2;ADAMTS1;HSPA1A;TIMP3;ACTA2;TPM2;TAGLN;PHLDA2;FRZB;MYLK;NOP16;CAV1;DNAJB1;PHLDA1;MAP1LC3A;TNFRSF12A;PDLIM5;CCDC3;GPX3;ISYNA1;IER3;C11orf96,anal_pc5_c21_S1.filtered.gene_spectra_score.k_3.dt_0_01.txt
3,2,OLFACTORY_NEUROEPITHELIUM_RESPIRATORY_CILIATED,-2.2513436432574516,0.0,0.0,prerank,-0.6618553819615451,0.0,19/40,14.52%,ELF3;SLC44A4;TSPAN1;CD24;CKB;IGFBP2;ALDH3A1;ALDH1A1;NQO1;TFF3;CES1;TSPAN6;TUBB4B;DHRS9;PROM1;TMC5;CYSTM1;TPPP3;CCDC80,anal_pc5_c21_S1.filtered.gene_spectra_score.k_3.dt_0_01.txt
3,2,NEUROTYPES_HRGL2B,-2.2487737463520396,0.0,0.0,prerank,-0.5009943031924694,0.0,125/211,29.24%,GPC1;CA12;IGFBP2;NTRK2;KRT17;ADGRG1;MGST1;HES1;LAMA5;LRP1;NRARP;FAT2;NFIX;ITGA6;ATP1B1;COL4A5;ELN;ARHGEF4;PCDH1;WLS;NFIB;MTSS2;PLCD3;RGMA;PHGDH;SLC4A4;JUN;CDK1;FGFR3;ITGB5;EPB41L4B;GJA1;ID4;CDH13;PLPP3;ITGB8;SLC7A11;KRT14;OBSL1;PTN;NUSAP1;SEMA6A;TPX2;TCF4;SERPINH1;MRC2;DTX4;NDRG2;LRIG1;MKI67;FANCI;MFGE8;PTPRZ1;ARHGEF26;TSPAN7;FABP5;TNC;KIF23;EGR1;DBI;FASN;SFRP2;NCAPG;SPARCL1;SCD;MYBL2;PDPN;ANOS1;CRYAB;STON2;BCL6;BIRC5;COL27A1;IFI6;F3;TIMP3;BOC;GPC4;CCN1;KIF11;KIF2C;SPRY2;PARD3B;DNAJB1;GLIS3;KANK1;TNS1;FOS;AKAP7;VSTM4;AIF1L;CDCA8;PDLIM5;LTBP1;HAS2;SELENOP;DEPDC1;INKA2;WWC1;NES;AURKB;PMP22;IRX4;CENPE;KLF9;VCAM1;LIPG;AFF2;KIF15;TACC3;EDNRB;FHL1;SERPINE2;WFDC1;ATP13A4;NUF2;KIF14;LIFR;SDC3;PDE4C;NCKAP5;WSCD1;SALL3;SPRED1;LIMCH1,anal_pc5_c21_S1.filtered.gene_spectra_score.k_3.dt_0_01.txt
3,2,MAJOR_TYPES_ASTROCYTES,-2.24346677620963,0.0,0.0,prerank,-0.5179782429193571,0.0,67/167,17.42%,DDR1;CXCL14;LGALS3;CA12;NTRK2;SELENBP1;ADGRG1;BMP7;ID1;HES1;IGFBP4;LAMB2;NOTCH3;GLUL;ALCAM;NPNT;ITM2C;TSPAN6;ELN;RGMA;DCN;PHGDH;SLC4A4;JUN;EFNA1;SPON1;CNN3;DKK3;GJA1;ID4;PLPP3;PTN;MYO10;SEMA6A;IFITM3;MEIS1;MGLL;MRC2;TFPI;NDRG2;LRIG1;HTRA1;LRP4;MFGE8;PTPRZ1;ARHGEF26;HES4;CDC42EP4;TSPAN7;FABP5;TNC;DBI;FBLN2;TCIM;SPARCL1;CLU;MT2A;SCD;CCDC80;HEY1;PDPN;ANOS1;PDGFRB;STON2;AASS;F3;TIMP3,anal_pc5_c21_S1.filtered.gene_spectra_score.k_3.dt_0_01.txt
3,2,THIN_ASCENDING_LIMB,-2.240991972968306,0.0,0.0,prerank,-0.5240923294503468,0.0,75/148,21.32%,EPCAM;ELF3;CD24;GOLM1;TACSTD2;ADGRG1;LAMB1;TPM1;MAOA;ITM2C;GSTM3;CLDN1;MAL2;TNFSF10;ITGA2;LAPTM4B;WFDC2;EMP1;MTUS1;RBM47;SLPI;CNN3;COL18A1;PLPP3;SERPINA1;SVIL;DSTN;IFITM3;MGLL;TFPI;FTH1;TSC22D1;MECOM;IGFBP7;PLOD2;CYSTM1;SEPTIN11;FTL;OSMR;C4orf19;BACE2;NTN4;DBI;TPST1;TCIM;KAZN;SYTL2;CACNA2D3;PCSK6;CLU;MT2A;USP53;MAGI1;TMEM176A;CRYAB;SIM2;BCL6;RASD1;SOD2;ADAMTS1;ARHGEF28;CTSB;KRT7;SERPING1;SCIN;PTPRG;GLIS3;GPC6;GDF15;MET;RUNX1;MAST4;C12orf75;AIF1L;ERRFI1,anal_pc5_c21_S1.filtered.gene_spectra_score.k_3.dt_0_01.txt
3,2,DEUTEROSOMAL,-2.236394131974299,0.0,0.0,prerank,-0.5720877312692865,0.0,64/89,27.50%,TYMS;PPP1R1B;HELLS;CENPU;SLC12A2;MATN2;ASAP2;CDK1;FAM3B;ECT2;TOP2A;ZWINT;CDT1;PTN;MARCKSL1;TPX2;SULF2;ANLN;ENC1;EZH2;PTTG1;FANCI;GPSM2;KIF23;CENPW;PRC1;MYO3A;CTNNBIP1;TROAP;RAD54L;CKS2;CCNB1;CENPF;CCNB2;BIRC5;PLK1;FOXM1;CDC20;ASPM;KPNA2;MELK;KIF20A;DLGAP5;KIF18A;ORC6;SPAG5;CDCA8;NEK2;ACOT7;DEPDC1;TTK;CDCA7L;UBE2C;EID3;KNSTRN;CKAP2L;KIF15;TACC3;BUB1;AURKA;TSPAN2;NUF2;KIF14;CADM1,anal_pc5_c21_S1.filtered.gene_spectra_score.k_3.dt_0_01.txt
3,2,PROMONOCYTE_LIKE,-2.236038339742092,0.0,0.0,prerank,-0.5302147514106174,0.0,92/135,25.04%,GOLM1;IGFBP2;MGST1;TYMS;MCM2;CES1;MCM4;S100P;OAF;HELLS;CENPU;PHGDH;FLNB;CDK1;TK1;TOP2A;ZWINT;CDT1;NUSAP1;TPX2;ANLN;UHRF1;TCF19;EZH2;LMNB1;MKI67;PTTG1;KIFC1;IGFBP7;FANCI;GPSM2;KIF23;CENPW;CENPM;MCM6;CIT;RRM2;FANCA;PRC1;FASN;NCAPG;TROAP;NCAPG2;MYBL2;SMC4;RECQL4;PCLAF;CCNB1;CENPF;CCNB2;BIRC5;PLK1;NDC80;FOXM1;HJURP;CDC20;CEP55;ASPM;HMMR;CDC45;MELK;KIF20A;GTSE1;KIF11;KIF2C;DLGAP5;SPC25;KIF18B;ORC6;MT1X;SPAG5;CDCA3;C12orf75;LRG1;CDCA8;CKAP2;ACOT7;GCHFR;AURKB;INCENP;UBE2C;CENPE;KNSTRN;CKAP2L;LIG1;CCNF;PSRC1;KIF15;BUB1;CITED4;CENPA;NCAPD2,anal_pc5_c21_S1.filtered.gene_spectra_score.k_3.dt_0_01.txt
3,2,CORNEA_MONOCYTES,2.2154804236190624,0.0,0.0,prerank,0.6158126982996858,0.0,34/71,15.68%,IL16;FYB1;FGD3;ATM;DEF6;MAP4K1;FERMT3;VAV1;EMB;LY9;GIMAP7;ADGRE5;SUSD3;SEMA7A;MCOLN2;KDM2B;PHTF2;TGFBR2;IL18BP;NFATC1;PCNX2;KMO;SPATA13;SH2B2;PLEKHO2;SMCHD1;ZNF75A;MAPKAPK3;HPS3;SNAI3;HDAC9;DNAJB9;SLC9A9;NIBAN1,anal_pc5_c21_S1.filtered.gene_spectra_score.k_3.dt_0_01.txt
3,2,EARLY_IMMATURE_ENTEROCYTES,-2.212064530319669,0.0,0.0,prerank,-0.7272745295703031,0.0,14/26,11.66%,KRT8;KRT19;LGALS3;AKR1C3;ALDH1A1;MAOA;ATP1B1;CA2;PTGR1;SLC4A4;AKR1B10;FTH1;NDRG1;FTL,anal_pc5_c21_S1.filtered.gene_spectra_score.k_3.dt_0_01.txt
3,2,THICK_ASCENDING_LIMB,-2.210112460607113,0.0,0.0,prerank,-0.5287705046376747,0.0,51/127,15.94%,EPCAM;CXCL14;CD24;CA12;SCNN1A;GOLM1;CKB;TACSTD2;NTRK2;PLXNB1;EPS8L2;SELENBP1;ALDH1A1;PRSS8;PRXL2A;LAMB1;ATP1B1;ITM2C;GSTM3;SDC4;TFCP2L1;PBX1;WLS;GPC3;FLNB;LGR4;LLGL2;FGFR3;ITGB5;WNK4;COL18A1;OBSL1;DSTN;FTH1;PTPN3;GAS6;MECOM;NRCAM;HSPA2;NAALADL2;SORT1;PPARGC1A;LMO7;BACE2;NR3C2;CACNA2D3;THY1;USP53;PLEKHH2;SIM2;PCCA,anal_pc5_c21_S1.filtered.gene_spectra_score.k_3.dt_0_01.txt
3,2,COLLECTING_DUCT_PRINCIPAL_CELLS_MEDULLA,-2.207992703817823,0.0,0.0,prerank,-0.5624807123891276,0.0,49/82,21.44%,EPCAM;KRT8;KRT19;TSPAN1;CD24;CA12;NUPR1;TACSTD2;ADGRG1;HSD11B2;ID1;ATP1B1;ITM2C;GSTM3;CA2;MAL2;WFDC2;MTUS1;SLPI;LLGL2;RDH10;MYO10;DSTN;IFITM3;FTH1;MECOM;IGFBP7;NDRG1;SPTBN2;CYSTM1;SEPTIN11;FTL;MYO1B;KAZN;SYTL2;PTPN13;CLU;CRYAB;RASD1;SOD2;GPRC5C;RHOBTB3;AQP3;SCIN;IGFBP3;GDF15;C12orf75;AIF1L;PAPPA,anal_pc5_c21_S1.filtered.gene_spectra_score.k_3.dt_0_01.txt
3,2,ADVENTITIAL_FIBROBLAST,-2.207863007532822,0.0,0.0,prerank,-0.4858418169314421,0.0,140/254,28.08%,CXCL14;LGALS3;GSN;AKR1C3;FBLN1;AKR1C2;DPYSL3;ALDH1A1;MGST1;FGFR1;KLF4;LRP1;NPDC1;IGFBP4;C1R;PLA2G2A;LAMB2;C1S;COL6A1;ACKR3;COL3A1;COL1A2;COL6A2;OAF;UGDH;GPRC5A;RGMA;FSTL1;LTBP4;UCHL1;DCN;PHGDH;PTPRS;COL6A3;EMP1;JUN;MATN2;COL1A1;SLPI;RDH10;VEGFA;LUM;CPE;MMP2;THBS2;SERPINF1;GATA6;CYBRD1;ANXA1;EFEMP1;MRC2;EPHB2;DHRS3;PDLIM4;TMEM176B;FLRT2;CRABP2;FBN1;TNXB;TSHZ2;FTL;SEMA3C;EGR1;FBLN2;MXRA5;TPST1;CXCL12;SFRP2;ABCA8;RARRES1;ADAM33;PCOLCE;THY1;CCDC80;CFD;LOXL1;PDPN;SVEP1;TMEM176A;PTHLH;FBLN5;STEAP2;PLAT;PAMR1;PRRX1;PLBD1;C3;COL12A1;F3;TIMP2;ADM;CFH;ABI3BP;CCN1;PDGFRA;LOX;ABCA6;SFRP1;PODN;CD248;DNAJB1;NNMT;CYP27A1;MYC;FOS;ADH1B;FGF7;ERRFI1;SCARA5;NT5E;TNFRSF12A;CLMP;HAS2;STEAP1;ABCA10;MGP;SSC5D;SPON2;OSR2;ALDH1A3;APOL1;FZD4;PRELP;PLAU;TRIO;IGFBP6;OSR1;PID1;OLFML3;TNFAIP2;ISLR;HSPH1;MFAP5;CPXM2;DPT;NEGR1;HTRA3;ADAMTSL4;LXN;PLAUR,anal_pc5_c21_S1.filtered.gene_spectra_score.k_3.dt_0_01.txt
3,2,CTX_BRAIN_MYELOID,2.200171903271081,0.0,0.0,prerank,0.595948921741659,0.0,54/91,21.14%,ITGAL;CD74;PLCB2;LSP1;NLRP1;ADA2;JAML;CD52;MYO1F;CXCR4;RIPOR2;CD48;DOK2;SPI1;POU2F2;MS4A6A;PLEKHO1;ADGRE5;FGL2;FGR;TMEM131L;ITGAX;IRF1;COTL1;IFI30;CLEC7A;EMP3;HCST;HCK;SCIMP;LILRB2;LYZ;TSPAN32;LST1;KLF2;S100A4;UTRN;PSMB9;BCL2A1;CFP;C1orf162;LRRC25;MX2;TNFRSF14;CRIP1;CLEC2B;IFITM2;IER5;CD300E;CLEC12A;CALHM6;CARD16;PRAM1;LILRA5,anal_pc5_c21_S1.filtered.gene_spectra_score.k_3.dt_0_01.txt
3,2,THYMUS_THYMIC_EPITHELIAL,-2.197834583444801,0.0,0.0,prerank,-0.5340647445527276,0.0,55/108,27.42%,CDH1;PKP1;KRT19;TP63;COL17A1;WNK2;BMP7;FGFR2;B3GALT5;FAT2;IRF6;PRKG1;CDH3;ATP10B;MICALL2;SDK1;MPZL2;DSC2;DSG3;MAPK10;EYA2;RNF43;MYO5B;PATJ;PTPN3;HSPA4L;PPARGC1A;RHPN2;MCF2L;MYO3A;TRPM3;L3MBTL4;PTPN13;PLEKHH3;ANKRD18A;COL27A1;RBMS3;PAPLN;ACTA2;GLI2;COL4A6;KANK1;THSD7B;KIAA1549;SLIT3;ADAMTS14;ANK3;SYNPO2;BNC2;AFAP1L2;FOXN1;CTSV;SORBS2;EPB41L4A;CACNB2,anal_pc5_c21_S1.filtered.gene_spectra_score.k_3.dt_0_01.txt
3,2,INTESTINE_ADULT_CJ_IMMUNE,-2.1975106392846517,0.0,0.0,prerank,-0.4636075051398402,0.0,249/381,33.82%,CXCL14;FBLN1;DPYSL3;PITX1;RBP1;FGFR1;LAMA5;LRP1;C1R;LAMB2;NOTCH3;PXDN;C1S;COL6A1;ACKR3;COL3A1;COL4A5;COL1A2;COL4A2;COL6A2;COL5A1;TBX2;SPARC;A4GALT;FSTL1;MAPK10;DCN;PHGDH;PTPRS;COL6A3;LAMC1;ANTXR1;COL1A1;MXRA7;LUM;DKK3;GJA1;CALD1;COL18A1;CDH13;GLI3;FKBP10;MMP2;COL4A1;MFAP4;SERPINF1;IGFBP5;PTN;NFATC4;HS6ST1;CYBRD1;LAMA4;ANXA1;TCF4;WNT5A;BMP4;EFEMP1;MRC2;TFPI;A2M;COL14A1;COL5A2;PDLIM4;HTRA1;NID1;IGFBP7;TNS2;EHD2;FOXQ1;MFGE8;CAVIN1;MAP1B;CAV2;FBN1;EMILIN1;FXYD6;AEBP1;ITIH5;TSHZ2;CDH11;SNAI2;LIMS2;MXRA5;FRMD6;CXCL12;RBPMS;SDC2;ECM1;TGFBI;ABCA8;SPARCL1;ADGRA2;ADAM33;MXRA8;PCDH18;PCOLCE;THY1;CCDC80;SLC7A2;ARHGEF17;SULF1;ADAMDEC1;PDPN;PDGFRB;NSG1;NUAK1;MYL9;FOXF1;KIRREL1;TSPAN9;FBLN5;BGN;PLAT;VCAN;CRISPLD2;COL27A1;ANGPTL2;CYGB;COL15A1;RBMS3;ADAMTS1;COL12A1;TIMP3;FST;TIMP2;CFH;ABI3BP;ACTA2;FAM20C;WWTR1;LTBP2;TPM2;PDGFRA;LOX;TMTC1;OLFML2A;CCDC102B;COL4A6;SERPING1;MMP11;SFRP1;DCHS1;IGFBP3;CAV1;CCL11;NNMT;GPC6;TNS1;ADH1B;CSPG4;MSRB3;SCARA5;PAPPA;GGT5;CLMP;TSPAN11;NES;SOX6;PINLYP;PMP22;OLFM1;PAM;MGP;TSHZ3;SLC12A4;UNC5C;GPX3;TRPA1;LAMC3;MEIS2;ISYNA1;KIAA1755;SPON2;ADGRL3;FRY;MCAM;ALDH1A3;SYNPO2;EDNRB;PDLIM7;CRIP2;GDNF;FHL1;C11orf96;TMEM119;FGD5;PLAU;SOBP;TMEM47;IGFBP6;OLFML3;TNFAIP2;ISLR;SCARF2;TSPAN2;VWF;LHFPL6;NEGR1;LIFR;EMID1;IGDCC4;MAMDC2;CYYR1;SDC3;CALCRL;SNED1;FABP4;ITGA7;LIMCH1;ITGA11;CCL2;RAI14;DMD;ARHGAP29;DLC1;PLVAP;GLIS2;CAVIN2;NDUFA4L2;CLDN5;HECW2;NPR3;MMRN2;FAM13C;RGS5;LMOD1;INHBB;SGIP1;FILIP1L;LDB2;GUCY1A1;PDE1C;CDH5;ZNF521;PGF;PREX2;EGFL7;POSTN;CLEC11A;ESAM;STMN2;SGCD;CPAMD8;DACT1;ETV1;RAMP2;PEAR1;APOD;TGM2,anal_pc5_c21_S1.filtered.gene_spectra_score.k_3.dt_0_01.txt
3,2,CHOROID_SCLERA_ACTIVATED_T,2.193632689163398,0.0,0.0,prerank,0.6715920300483781,0.0,31/44,19.76%,NLRP1;PTPN6;SPN;FERMT3;THEMIS;ATP2A3;SLAMF1;CCR5;SIT1;LAIR1;RAPGEF6;MAN2B1;HELB;IL27RA;GIMAP6;MTERF4;APOBEC3D;GPR18;TMEM154;FASLG;FCRL6;GPR155;TMEM273;SNAI3;DIAPH1;ABTB1;CNST;SNX10;KLHDC4;ACSS1;TRIM59,anal_pc5_c21_S1.filtered.gene_spectra_score.k_3.dt_0_01.txt
3,2,CL8_MATURE_CUMULUS_GRANULOSA,-2.1886082321880735,0.0,0.0,prerank,-0.524538521165667,0.0,56/120,18.02%,KRT8;DST;EPHX1;CKB;IGFBP2;IFI27;DPYSL3;MDK;PRXL2A;RBP1;TCEA3;ATP1B1;CDH3;COL4A2;TSPAN6;MFAP2;LAPTM4B;PRSS23;GSTA4;VEGFA;GJA1;COL4A1;RHOB;MARCKSL1;MYO10;HS6ST1;PPARG;ST3GAL4;GAS6;TMEM176B;HMGB2;HTRA1;HSPG2;NAV2;FHL2;TSPAN7;TXNDC17;TSHZ2;HDHD3;LIMS2;DBI;NREP;AVPI1;MYO1B;NR5A2;EPB41L2;SCD;CKS2;GREM1;NSG1;SLC16A1;VCAN;IFI6;MICOS10;FST;PPP1R12B,anal_pc5_c21_S1.filtered.gene_spectra_score.k_3.dt_0_01.txt
3,2,MUC13_DMBT1_POSITIVE,-2.1875083242141793,0.0,0.0,prerank,-0.6143795711953964,0.0,26/47,23.98%,EPCAM;CEACAM5;INAVA;CDX1;AMN;OCLN;GCNT3;AKR1B10;POF1B;BAIAP2L2;MYO7B;SULT1E1;SDCBP2;MELTF;RHPN2;MUC3A;VIPR1;MT2A;PRSS3;NR1I2;AGPAT2;DMBT1;FER1L6;ACSL5;MXD1;GDA,anal_pc5_c21_S1.filtered.gene_spectra_score.k_3.dt_0_01.txt
3,2,T,2.185683949381517,0.0,0.0,prerank,0.5516943213884293,0.0,67/147,12.22%,EVL;CORO1A;ACAP1;LTB;TRAC;CD2;IL2RG;LIMD2;PTPRC;CD37;CD96;CLEC2D;CYTIP;ARHGDIB;TRBC2;CD3E;SPOCK2;TRBC1;ETS1;STK17A;CD52;STK4;CXCR4;FNBP1;CD3D;IL32;IL7R;CD27;LCK;GIMAP4;TIGIT;SKAP1;CCL5;FYN;CD48;DOK2;CD8A;CD247;RHOH;NKG7;GIMAP7;DENND2D;CD7;PBXIP1;CST7;CD3G;RORA;CD69;APOBEC3G;BATF;GZMA;IRF1;PRF1;SH2D1A;CDC42SE2;GPR65;ITM2A;GNG2;GZMM;GZMK;TRGC2;BTG2;TENT5C;LYST;CLDND1;GZMH;DUSP2,anal_pc5_c21_S1.filtered.gene_spectra_score.k_3.dt_0_01.txt
3,2,ADRENAL_CSH1_CSH2_POSITIVE,-2.1817853213324248,0.0,0.0,prerank,-0.5571076103991748,0.0,53/79,33.98%,KRT8;CLDN7;ITGB4;CLDN4;SPINT1;TP63;HSD11B2;GRHL2;SERINC2;S100P;TNS4;FAM3B;SPIRE2;ANXA1;EFEMP1;GRHL1;EXPH5;ASS1;TMC5;TMEM184A;NECTIN4;SVEP1;ANXA3;PHLDA2;EPS8L1;KRT7;MMP11;SCIN;GDF15;MET;TFAP2C;ERRFI1;PAPPA;TNFRSF12A;GPX3;KRT23;ITGB6;RDH13;TFPI2;RIMKLB;LYPD5;SERPINB2;PKIB;ATP6V1C2;MCOLN3;SERPINE1;PGF;HSPB8;SLC47A2;L1TD1;ATF3;TGM2;CPS1,anal_pc5_c21_S1.filtered.gene_spectra_score.k_3.dt_0_01.txt
3,2,SPLEEN_MESOTHELIAL,-2.179464731051665,0.0,0.0,prerank,-0.5246916810744158,0.0,74/121,31.24%,KRT8;KRT19;LGALS3;SCNN1A;FAM83H;LAMA5;PLA2G2A;NPNT;CDH3;SH3RF2;CGN;MAL2;HSPA1B;IGSF9;SLC4A4;ADIRF;ITGA3;TM4SF1;PPL;SLPI;GJA1;ID4;PATJ;ANXA1;WNT5A;BMP4;EFEMP1;NR2F1;KLK11;NDRG1;TUFT1;PDZK1IP1;CYSTM1;AHNAK2;SEMA3C;EGR1;NREP;SFRP2;CDKN1A;ARHGAP44;SULF1;PDPN;FOXF1;PLAT;F3;SMPD3;KRT7;MYRF;FOS;GLT8D2;NFASC;MSLN;PAPPA;ITPKC;SBSPON;WWC1;MGP;ADGRL3;IER3;BNC2;RASSF7;MUC16;ADAMTSL4;INSYN1;RSPO3;FABP4;MCOLN3;GADD45A;BNC1;TNNT1;COL8A1;EGFL6;INMT;SGIP1,anal_pc5_c21_S1.filtered.gene_spectra_score.k_3.dt_0_01.txt
3,2,PROXIMAL_SECRETORY_2,-2.1782166167440145,0.0,0.0,prerank,-0.4934804756113933,0.0,96/184,21.68%,ATP2C2;ITGB4;MUC4;SLC44A4;TSPAN1;FAM3D;SCNN1A;NUPR1;EHF;WNK2;KRT15;TRPM4;DPYSL3;TMPRSS4;B3GALT5;NPDC1;AMN;FCGBP;CREB3L1;NPNT;ACKR3;S100P;MLPH;COL6A2;TNFSF10;S100A2;EMP1;MUC20;TM4SF1;CEACAM6;NTN1;BICDL2;SLPI;POF1B;EPAS1;LIPH;SERPINA1;TFAP2A;SLC22A23;CSTA;LCN2;CYBRD1;MEIS1;ANXA1;WNT5A;TFPI;GRHL1;MYB;CDC42BPG;LRIG1;PROM1;TMEM176B;KLK11;DOCK5;CAPN8;SPTBN2;SOD3;MAP1B;TMC5;VTCN1;RHOV;KLK10;C4orf19;GABRP;VIPR1;LYPD3;NECTIN4;SYTL2;CDKN1A;CCDC80;HEY1;TMEM176A;BCL6;PLAT;LYPD6B;VCAN;C3;CFH;RND3;TNNT3;ZNF750;HPGD;EPS8L1;KRT7;CP;DEGS2;SLITRK6;CX3CL1;GLIS3;MYC;STXBP6;MET;RUNX1;KRT13;LRG1;LNX1,anal_pc5_c21_S1.filtered.gene_spectra_score.k_3.dt_0_01.txt
3,2,KIDNEY_6_COLLECTING_DUCT,-2.175663772851008,0.0,0.0,prerank,-0.6260983115630416,0.0,21/41,14.28%,EPCAM;KRT8;CLDN4;KRT19;AGR2;ALDH1A1;NEDD4L;ID1;NPNT;GSTM3;MAL2;WFDC2;MYO6;JUN;EFNB2;RDH10;TSC22D1;MECOM;EGR1;PTPN13;CLU,anal_pc5_c21_S1.filtered.gene_spectra_score.k_3.dt_0_01.txt
3,2,NEUTROPHIL,2.174243195389202,0.0,0.0,prerank,0.5341620079670982,0.0,84/201,20.02%,ARHGEF1;CORO1A;ARHGAP9;ANKRD44;CCDC88B;IL2RG;HCLS1;RESF1;FGD3;SRGN;JAML;MYO1F;LCP2;SLA;DOCK11;RNF213;SELL;ADAM8;SMAP2;NCF4;CYFIP2;SPI1;WAS;EMB;POU2F2;C16orf54;DENND3;ALOX5AP;PREX1;CR1;ARRB2;PGGHG;ITGAX;TLR6;CLEC7A;SAMSN1;MAST3;EMP3;ATG16L2;TNFAIP3;NBEAL2;DOK3;FAM107B;PLXNC1;TMEM154;BTG2;ENTPD1;FCGR2A;KLF2;PLK3;TYROBP;SLC2A3;SMCHD1;HK3;P2RY13;IL17RA;VNN2;BCL2A1;IL18RAP;ZDHHC18;MNDA;LRRK2;BASP1;NIBAN1;NCF2;MX2;CSF3R;NTNG2;ABTB1;F5;RUBCNL;RGL4;IFITM2;RASSF3;RASGRP4;TLR4;TLR2;MMP9;FPR1;RGS18;MMP25;NFAM1;MEFV;LPAR2,anal_pc5_c21_S1.filtered.gene_spectra_score.k_3.dt_0_01.txt
3,2,MATURE_ENTEROCYTES,-2.172859653315571,0.0,0.0,prerank,-0.5261970641168553,0.0,42/111,11.24%,ITGB4;SPINT1;MYH14;RAPGEFL1;SCNN1A;COL17A1;EPS8L2;IFI27;MDK;ABCC3;LAMB3;KLF4;LRP1;AMN;IGFBP4;MISP;CAMK2N1;AOC1;NPNT;GABRE;MICALL2;CGN;IGSF9;FLNB;LAMA3;ADIRF;CEACAM6;ARHGEF16;S100A14;VEGFA;BAIAP2L2;CYP3A5;SLC6A8;SERPINA1;MALL;MGLL;BMP1;MYO7B;UACA;PTPRH;TMC5;LMO7,anal_pc5_c21_S1.filtered.gene_spectra_score.k_3.dt_0_01.txt
3,2,MESOTHELIAL,-2.1712939885709415,0.0,0.0,prerank,-0.4596103534549598,0.0,159/375,22.56%,KRT8;DDR1;ITGB4;KRT19;SPINT1;LGALS3;CA12;GOLM1;NBL1;IFI27;DPYSL3;NQO1;MGST1;RBP1;LAMA5;IGFBP4;PLA2G2A;NPNT;COL3A1;CDH3;GSTM3;PARM1;SDC4;ELN;CLDN1;ARHGEF4;MFAP2;CGN;HSPA1B;UGDH;GPRC5A;PALLD;RGMA;IGSF9;C6orf132;PHGDH;FLNB;LAMA3;SLC4A4;WFDC2;ITGA3;EFNB2;EFNA1;TM4SF1;TGIF1;PPL;PRSS23;COL1A1;SLPI;POF1B;RDH10;MYO5B;SPTSSA;GJA1;ID4;ITGB8;PLCE1;THBS2;SERPINA1;ECT2;IGFBP5;MARCKSL1;GATA6;ODC1;TUBA1C;SULF2;EFEMP1;STAP2;PTPRD;EVPL;COL5A2;GAS6;PDLIM4;KLK11;HTRA1;CFB;CAVIN1;ARHGEF26;CNKSR3;BMP2;PDZK1IP1;DCBLD2;PLOD2;TNFRSF21;CYSTM1;PTPRU;TXNDC17;FABP5;KLK10;SEMA3C;CENPW;EGR1;MELTF;RHPN2;HK2;TFRC;RARRES1;THSD4;MT2A;TMEM132A;ARHGAP44;CCDC80;CKS2;SULF1;PDPN;NSG1;TMEM176A;CRYAB;SLC16A1;COL21A1;LAMC2;PPP2R2C;SOD2;SMOC2;LGALS2;C3;COL12A1;MICOS10;FST;KPNA2;MEGF6;ABI3BP;FAM110C;BOC;GPC4;ANXA3;PHLDA2;AQP3;LOX;SERPINB4;NOP16;EPS8L1;SMPD3;COL4A6;KRT7;PODN;ARL6IP1;MT1X;MYRF;LURAP1L;NNMT;CYP4X1;CYP27A1;CTNNAL1;ADTRP;SLC12A8;C1QTNF1;MAST4;MSLN;ERRFI1;PAPPA;TNFRSF12A;ITPKC;RBP4;SLIT3;WWC1;IL1RAP;STEAP1;GCHFR,anal_pc5_c21_S1.filtered.gene_spectra_score.k_3.dt_0_01.txt
3,2,CANCER_ASSOCIATED_FIBROBLAST,-2.169135419315863,0.0,0.0,prerank,-0.5615703615446026,0.0,40/78,18.70%,GOLM1;FBLN1;MDK;LRP1;NFIX;CREB3L1;LAMB1;COL5A1;SPARC;FSTL1;SPON1;COL1A1;DKK3;ITGB5;FKBP10;MFAP4;COL16A1;PTN;ID3;CYBRD1;MRC2;COL14A1;COL5A2;GAS6;FBN1;EMILIN1;FHL2;CDH11;FRMD6;SFRP2;CSRP1;CCDC80;VCAN;CTSB;TIMP2;ADAMTS2;CFH;ABI3BP;LTBP2;PDGFRA,anal_pc5_c21_S1.filtered.gene_spectra_score.k_3.dt_0_01.txt
3,2,ADRENAL_STROMAL,-2.1662197974585795,0.0,0.0,prerank,-0.5376826338161536,0.0,69/100,37.80%,C1R;COL3A1;MYH11;DCN;COL6A3;COL1A1;LUM;THBS2;BMP4;SULT1E1;CDH11;MXRA5;SFRP2;PCDH18;PCOLCE;CCDC80;SULF1;GJB2;PAMR1;PRRX1;COL12A1;ABI3BP;ACTA2;GLI2;TAGLN;PDGFRA;LOX;CCDC102B;ABCA6;PODN;IGFBP3;CD248;CYP4X1;ADH1B;FGF7;ANO1;SCARA5;FMOD;SRPX2;MGP;ADAMTS14;TRPA1;LAMC3;PRELP;TMEM119;ACTG2;IGFBP6;OSR1;DMKN;ISLR;OLFML1;BICC1;TWIST2;RSPO3;ITGA11;POSTN;ADAMTSL3;TRPC4;C7;ADAMTS15;CLDN11;FAP;PI16;VIPR2;PDE1A;CHRDL1;PDGFRL;OGN;PI15,anal_pc5_c21_S1.filtered.gene_spectra_score.k_3.dt_0_01.txt
3,2,MUSCLE_SMOOTH_MUSCLE,-2.1662122948502773,0.0,0.0,prerank,-0.4995509725172623,0.0,98/163,31.78%,NUPR1;CKB;BCAM;NTRK2;JAG1;HES1;TPM1;NOTCH3;ITM2C;TBX2;MYH11;PALLD;JUN;ADIRF;PRSS23;CNN3;DKK3;CPE;CALD1;SLC7A11;SVIL;IGFBP5;PTN;DSTN;TINAGL1;CRIM1;FTH1;TSC22D1;SULT1E1;NET1;IGFBP7;MFGE8;SOD3;MAP1B;HES4;ITIH5;EPS8;CYSTM1;EGR1;NTN4;DBI;RBPMS;CSRP1;SPARCL1;NR2F2;MT2A;PDGFRB;MYL9;ARHGEF25;CRYAB;BGN;AK1;GPRC5C;MICOS10;ACTA2;PPP1R12B;TPM2;TAGLN;PHLDA2;FRZB;MYLK;MAP3K20;GPC6;TNS1;FOS;TGFB1I1;MSRB3;ANO1;SLIT3;CCDC3;LAMC3;ISYNA1;MCAM;SYNPO2;PDLIM7;CRIP2;FHL1;C11orf96;GUCY1B1;ACTG2;NKD2;CNN1;SORBS2;SNCG;CCND1;ADCY5;RCAN2;CACNA1C;DAAM2;LMO4;ITGA11;CCL2;NDUFA4L2;RGS5;LMOD1;FILIP1L;SEMA5B;GUCY1A1,anal_pc5_c21_S1.filtered.gene_spectra_score.k_3.dt_0_01.txt
3,2,NATURAL_KILLER_T,2.162971972212984,0.0,0.0,prerank,0.7437228304600503,0.0,20/27,20.44%,CXCR4;IL2RB;NKG7;CD7;CD69;RGS1;SLA2;CXCR3;PRF1;GATA3;DUSP2;KLRD1;ZNF683;GZMB;KLRC3;CTSW;GNLY;CRTAM;SOCS1;XCL2,anal_pc5_c21_S1.filtered.gene_spectra_score.k_3.dt_0_01.txt
3,2,OLFACTORY_NEUROEPITHELIUM_RESPIRATORY_HORIZONTAL_BASAL,-2.154246361801251,0.0,0.0,prerank,-0.7777085153632799,0.0,16/18,19.90%,KRT8;ELF3;CLDN4;KRT19;CALML3;TACSTD2;ALDH3A1;SERPINB5;S100A2;KRT6A;ANXA1;LYPD3;PHLDA2;AQP3;SERPINB4;MT1X,anal_pc5_c21_S1.filtered.gene_spectra_score.k_3.dt_0_01.txt
3,2,PROXIMAL_SECRETORY_3,-2.152274433239492,0.0,0.0,prerank,-0.5126804912433431,0.0,67/128,21.16%,ITGB4;PKP1;MUC4;SLC44A4;TSPAN1;FAM3D;NUPR1;EHF;KRT15;C15orf48;SEMA3F;NPDC1;IGFBP4;FUT3;B3GNT3;S100P;CLDN1;A4GALT;TNFSF10;S100A2;LGR4;MUC20;TM4SF1;CEACAM6;EYA2;BICDL2;SLPI;EPAS1;LIPH;EPB41L4B;CASZ1;ITGB8;TFAP2A;CSTA;LCN2;SPIRE2;ANXA1;GRHL1;MYB;PROM1;KLK11;EHD2;SOD3;FBN1;ASS1;VTCN1;RHOV;TSHZ2;TMEM184A;FBLN2;GABRP;SYTL2;CDKN1A;ANKRD18A;LYPD6B;VCAN;PLEKHG5;IFI6;C3;CFH;RND3;TNNT3;KRT7;IGFBP3;GLIS3;STXBP6;MSLN,anal_pc5_c21_S1.filtered.gene_spectra_score.k_3.dt_0_01.txt
3,2,HEART_VASCULAR_ENDOTHELIAL,-2.1474855813404825,0.0,1.883606244644273e-05,prerank,-0.500493801563701,0.001,69/154,21.30%,CKB;IGFBP2;BCAM;IFI27;ALDH1A1;SEMA3F;KLF4;NPDC1;C1R;NFIX;COL5A1;ELN;MPZL2;MFAP2;HSPA1B;LTBP4;JUN;MTUS1;COL1A1;FAM3B;GJA1;CPE;MMP2;RHOB;PTN;MALL;TOB1;SULF2;MMP28;EFEMP1;CRIM1;MRC2;TSC22D1;DHRS3;COL5A2;SULT1E1;GAS6;HTRA1;MECOM;IGFBP7;ASS1;TSPAN7;AHNAK2;LIMS2;SH3RF1;FBLN2;PTGDS;CA4;CLU;FBLIM1;SULF1;FBLN5;RASD1;BGN;ADAMTS1;IFI6;HSPA1A;CFH;MEGF6;ABI3BP;LTBP2;LOX;PER1;SFRP1;NNMT;ADH1B;GLT8D2;MET;AIF1L,anal_pc5_c21_S1.filtered.gene_spectra_score.k_3.dt_0_01.txt
3,2,5TH_WEEK_CARDIAC,-2.147479372429176,0.0,1.865318805375882e-05,prerank,-0.6286542099613502,0.001,27/42,26.94%,KRT8;CXCL14;KRT19;CKB;MGST1;CES1;CDH3;UCHL1;VSNL1;CRABP2;TXNDC17;RHPN2;CSRP1;HEY1;PDPN;RASD1;KPNA2;SLC2A1;TPM2;ANXA3;MYRF;MAP1LC3A;TNFRSF12A;ISYNA1;DMKN;CNN1;CTSV,anal_pc5_c21_S1.filtered.gene_spectra_score.k_3.dt_0_01.txt
3,2,LYZ_POSITIVE,-2.139724810638858,0.0022675736961451248,3.694766095263766e-05,prerank,-0.7073460752277484,0.002,14/23,14.28%,AGR2;CD24;GOLM1;CREB3L1;GLUL;PPP1R1B;ADIRF;SLC12A2;TM4SF1;SLPI;FAM3B;PKDCC;EGR1;CLU,anal_pc5_c21_S1.filtered.gene_spectra_score.k_3.dt_0_01.txt
3,2,OLFACTORY_NEUROEPITHELIUM_MONOCYTES,2.133597651673141,0.0,0.0,prerank,0.7172131428987767,0.0,20/28,15.20%,CD74;SRGN;GPR183;MS4A6A;FGL2;RGS1;IFI30;MS4A7;REL;C1QC;C1QA;CD83;C1QB;HERPUD1;LST1;TYROBP;PHACTR1;FCER1G;AIF1;MNDA,anal_pc5_c21_S1.filtered.gene_spectra_score.k_3.dt_0_01.txt
3,2,CORNEA_ELF3_HIGH_EPITHELIAL,-2.1262987030789096,0.0,3.659577846737444e-05,prerank,-0.5778196390985848,0.002,28/56,17.64%,SPINT1;RAPGEFL1;PFN2;WNK2;CLCA2;NQO1;ERBB3;EPHA2;CLDN1;ARHGEF4;TNS4;MYO6;EMP1;JUN;PPL;POF1B;LIPH;CDKN2B;EVPL;HES4;EGR1;TFRC;PTPN13;CLU;GLTP;CDKN1C;MICOS10;ADM,anal_pc5_c21_S1.filtered.gene_spectra_score.k_3.dt_0_01.txt
3,2,EARLY_STALK,-2.126053466919182,0.0,3.6250535274286e-05,prerank,-0.4680070177662326,0.002,136/236,27.48%,LRATD1;FGFR1;COL1A2;MCM4;CENPU;CDK1;DKK3;EFNB1;SLC6A8;TK1;ECT2;TOP2A;CDT1;NUSAP1;TPX2;LDLR;NEURL1B;ANLN;UHRF1;E2F1;UACA;MKI67;HSPA4L;EDIL3;KIFC1;HSPA2;FANCI;MAP1B;GPSM2;KIF23;CENPW;CENPM;MCM6;CCNE2;RRM2;GJC1;FANCA;NCAPG;TFRC;TROAP;PCDH18;NCAPG2;SCD;MYBL2;RAD54L;DTL;LOXL1;SLC39A14;RECQL4;NUAK1;CENPF;STON2;CCNB2;BIRC5;FAM83D;PLK1;VCAN;CRISPLD2;NDC80;FOXM1;HJURP;CDC20;CEP55;ASPM;HMMR;CDC45;ADM;MELK;RND3;KIF20A;PAQR5;WDR76;GRB10;GTSE1;TPM2;KIF11;KIF2C;DLGAP5;PMAIP1;SPC25;KIF18B;KIF18A;CDCA2;ORC6;SPAG5;CDCA3;PHLDA1;STXBP6;POLE;BRIP1;TICRR;CDCA8;LTBP1;NEK2;ACOT7;DEPDC1;ESPL1;FADS2;TTK;NES;MVK;AURKB;CENPP;INCENP;UBE2C;TEAD4;CENPE;KNSTRN;GPX3;CKAP2L;SH3PXD2B;CPXM1;CCNF;CNFN;CTHRC1;PSRC1;KIF15;C6orf141;TACC3;BUB1;CITED4;CENPA;NCAPD2;SGK1;FZD4;FAM111B;SERPINE2;EXO1;DIAPH3;ALDH1B1;AURKA;CTSV;TSPAN2;NUF2;VAV3;KIF14,anal_pc5_c21_S1.filtered.gene_spectra_score.k_3.dt_0_01.txt
3,2,RESIDENT_B,2.1213512792315847,0.0,0.0,prerank,0.7048069011742407,0.0,19/31,16.34%,PTK2B;CD27;CD79A;LY9;POU2AF1;SEL1L3;SLAMF7;ISG20;TSC22D3;FCRL5;FKBP11;JCHAIN;MZB1;HERPUD1;BTG2;TENT5C;DERL3;SSR4;IGHA1,anal_pc5_c21_S1.filtered.gene_spectra_score.k_3.dt_0_01.txt
3,2,HEART_SMOOTH_MUSCLE,-2.1204017139771625,0.0,3.591174522499361e-05,prerank,-0.5647384332546638,0.002,31/72,18.76%,FBLN1;NTRK2;NPDC1;IGFBP4;C1R;NOTCH3;C1S;COL3A1;COL1A2;ELN;SPARC;MYH11;COL1A1;CPE;SERPINF1;COL14A1;SULT1E1;CRABP2;TSHZ2;SFRP2;MYO3A;PCOLCE;CCDC80;ARHGEF17;PDGFRB;BGN;CYGB;CFH;ACTA2;TAGLN;LOX,anal_pc5_c21_S1.filtered.gene_spectra_score.k_3.dt_0_01.txt
3,2,CL15_SMALL_ANTRAL_FOLLICLE_GRANULOSA,-2.114397171303575,0.0,3.5579229065502934e-05,prerank,-0.49910525540634815,0.002,77/136,27.00%,KRT8;CKB;RBP1;HES1;SOX4;TCEA3;ITGA6;MAOA;ATP1B1;TXNRD1;CDH3;MFAP2;HSPA1B;LAPTM4B;LGR4;SLC12A2;EFNB2;THBS1;CNN3;LIPH;GJA1;ID4;RHOB;MARCKSL1;MYO10;ID3;GATA6;TJP1;TOB1;SERPINH1;ST3GAL4;ENC1;TMEM176B;EZH2;PTTG1;NET1;NAV2;TUFT1;PDZRN3;TSPAN7;TXNDC17;DBI;MYO1B;NR5A2;SCD;CKS2;AMOTL2;SLC16A1;PLAT;HSPA1A;F3;MICOS10;HMGCR;KPNA2;PPP1R12B;FGD4;CCN1;PMAIP1;ARL6IP1;DNAJB1;CTNNAL1;PHLDA1;HMGCS1;RUNX1;PDLIM5;CKAP2;P3H2;UBE2C;TUBB2A;ISYNA1;CCN2;SGK1;SERPINE2;RIMKLB;CTSV;CFI;HSPH1,anal_pc5_c21_S1.filtered.gene_spectra_score.k_3.dt_0_01.txt
3,2,RETINA_RPE,-2.109092720930777,0.0,3.5252814119947855e-05,prerank,-0.4919283144481468,0.002,76/154,25.18%,KRT8;BMP7;FGFR2;MGST1;PRXL2A;LAMB2;TPM1;PXDN;C1S;ITGA6;ABCC5;COL1A2;ELN;SPARC;WLS;FSTL1;SLC4A4;RBM47;VEGFA;FGFR3;GJA1;CALD1;COL18A1;PLCE1;SERPINF1;IGFBP5;ID3;SERPINH1;BMP4;EFEMP1;CRIM1;DHRS3;UACA;NET1;IGFBP7;FLRT2;BMP2;FBN1;PPARGC1A;SEMA3C;BACE2;SDC2;PTGDS;TRPM3;CCDC80;SLC7A2;SULF1;LOXL1;PDPN;PDGFRB;MYL9;HMGA2;COL27A1;GPRC5C;TIMP3;TIMP2;SLC2A1;WWTR1;TPM2;FRZB;SFRP1;MYRF;CYP27A1;CTNNAL1;MET;PDLIM5;LTBP1;WWC1;FAM174B;ELOVL7;ZNF503;LIPG;DDR2;TFPI2;ALDH1A3;SGK1,anal_pc5_c21_S1.filtered.gene_spectra_score.k_3.dt_0_01.txt
3,2,KIDNEY_STROMAL,-2.1059422163027586,0.0,3.49323339915847e-05,prerank,-0.5211613833881925,0.002,71/97,42.30%,NUPR1;C1R;COL3A1;COL1A2;SPARC;DCN;EYA2;COL1A1;LUM;THBS2;SERPINF1;COL14A1;SOD3;FBN1;AHNAK2;FBLN2;MXRA5;TPPP3;SFRP2;ABCA8;SPARCL1;SULF1;GREM1;CRYAB;ANGPTL2;PRRX1;COL12A1;LTBP2;DMRT2;LOX;PODN;SCARA5;MGP;OSR2;PRELP;ACTG2;IGFBP6;OSR1;ISLR;MFAP5;DPT;HTRA3;ADAMTSL4;DCLK1;PCSK9;SRPX;POSTN;ADAMTSL3;APOD;CADM3;PI16;RASL12;ANGPTL1;AOX1;CCN3;CHRDL1;F10;OGN;TNFAIP6;SLC22A3;PI15;AGT;TIMP4;FNDC1;NGFR;ASPN;COL6A6;PCOLCE2;FIBIN;CCL19;EBF3,anal_pc5_c21_S1.filtered.gene_spectra_score.k_3.dt_0_01.txt
3,2,SPLEEN_MYELOID,2.1054589462652338,0.0,1.0861993551913303e-05,prerank,0.5679416752139808,0.002,54/94,21.82%,IL10RA;NABP1;MS4A6A;ITGAX;LILRB1;RGS1;THEMIS2;CLEC7A;MS4A7;SAMSN1;HCK;CD163;CSF2RA;CD163L1;LILRB2;ADAP2;SIGLEC1;LYZ;C3AR1;LILRB5;CD200R1;CLNK;NOD2;SIRPB2;HK3;MS4A4A;CD86;RASSF4;MNDA;SIGLEC5;MS4A4E;CD300LF;NCF2;LY96;VSIG4;SLC8A1;PTPRE;NLRP3;MKNK1;CMKLR1;IGSF6;CLEC9A;RUFY4;ADGRE2;SIGLEC7;S100Z;GPR137B;LGMN;BATF3;EBI3;PRAM1;LILRA5;MERTK;OSCAR,anal_pc5_c21_S1.filtered.gene_spectra_score.k_3.dt_0_01.txt
3,2,MUCOUS,-2.101216216258862,0.0,3.4617628279948796e-05,prerank,-0.524997282169176,0.002,43/88,24.76%,MUC4;AKR1C2;C15orf48;MDK;TFF3;FCGBP;S100P;TNFSF10;SLC4A4;WFDC2;SLPI;RDH10;SLC26A2;SERPINF1;LCN2;PROM1;KLK11;CFB;CSTB;ASS1;PDZK1IP1;TMC5;RHOV;KLK10;BACE2;CBR3;INSR;RARRES1;CLU;RASD1;PI3;SOD2;C3;CTSB;ADM;CP;IGFBP3;CX3CL1;KLK12;HILPDA;GPX3;TFPI2;ALDH1A3,anal_pc5_c21_S1.filtered.gene_spectra_score.k_3.dt_0_01.txt
3,2,OLFACTORY_NEUROEPITHELIUM_RESPIRATORY_COLUMNAR,-2.095537683737251,0.0,3.430854231316354e-05,prerank,-0.7729713044243857,0.002,14/16,19.90%,KRT8;ELF3;CLDN4;KRT19;TACSTD2;ALDH3A1;EPAS1;KRT6A;CSTB;SERPINB3;FABP5;AQP3;SERPINB4;MT1X,anal_pc5_c21_S1.filtered.gene_spectra_score.k_3.dt_0_01.txt
3,2,CL10_PUTATIVE_EARLY_ATRESIA_GRANULOSA,-2.0941470715732646,0.0,5.100739034169447e-05,prerank,-0.6767719994866436,0.003,16/28,12.36%,CKB;IFI27;MDK;RBP1;SOX4;TCEA3;TSPAN6;PRSS23;GSTA4;MARCKSL1;ID3;ST3GAL4;HMGB2;CSTB;FHL2;DBI,anal_pc5_c21_S1.filtered.gene_spectra_score.k_3.dt_0_01.txt
3,2,NEUROTYPES_HRGL3,-2.090251143801486,0.0,6.741327612411081e-05,prerank,-0.4628523894148388,0.004,116/252,25.22%,DST;IGFBP2;NTRK2;MGST1;HES1;LRP1;TFF3;FAT2;LAMB2;ITGA6;ALCAM;MAOA;COL6A1;ITM2C;COL4A5;DSC2;SPARC;WLS;MTSS2;RGMA;FSTL1;DCN;PHGDH;SLC4A4;JUN;SPON1;NTN1;ANTXR1;DKK3;FGFR3;ITGB5;GJA1;ID4;COL18A1;CDH13;PLPP3;ITGB8;SLC7A11;OBSL1;IGFBP5;ID3;ANXA1;SULF2;WNT5A;CELSR1;EFEMP1;CRIM1;MRC2;BMP1;DTX4;LRIG1;DHRS3;PROM1;ADAM9;HTRA1;NRCAM;ARHGEF26;HES4;TMC5;ITIH5;PLOD2;TSHZ2;EGR1;HK2;TPPP3;SFRP2;SDC2;TCIM;ABCA8;NDRG4;SPARCL1;THSD4;MXRA8;CLU;SCD;SULF1;HEY1;PDPN;CRYAB;PLEKHH2;FBLN5;PDE3A;COL27A1;GPRC5C;ARHGEF28;TIMP3;PAPLN;TIMP2;WWTR1;BOC;GPC4;CCN1;SMAD9;DTNA;PARD3B;GLIS3;FOS;C12orf75;PDLIM5;HAS2;WWC1;FADS2;NES;PMP22;PAM;EGLN3;KCNMA1;KLF9;VCAM1;LIPG;AFF2;EFCC1;CCN2;EDNRB;HAPLN1;BNC2,anal_pc5_c21_S1.filtered.gene_spectra_score.k_3.dt_0_01.txt
3,2,MARROW_MONOCYTE,2.0900822187519315,0.0,1.0724499962648577e-05,prerank,0.5444987382037736,0.002,65/123,21.14%,FMNL1;MYO1G;CYTIP;FGD2;PTPN6;SPN;ABI3;TNFRSF1B;SMAP2;SPI1;SELPLG;WAS;POU2F2;RIN3;PIK3AP1;ARRB2;CSF1R;FGR;ITGAX;LILRB1;THEMIS2;COTL1;MS4A7;SIGLEC10;HCK;SCIMP;RNASET2;PHTF2;ST3GAL5;DPEP2;SLC7A7;GRK3;LILRB2;C1QA;ADAP2;C3AR1;C1QB;LST1;UTRN;FCER1G;CD68;MAPKAPK3;HK3;TBXAS1;SLC2A6;AIF1;DEDD2;C11orf21;GBP2;CD300LF;LYN;CARD9;LRRC25;PSAP;FCGR3A;ADGRE2;GPR137B;NAAA;BATF3;PECAM1;RARA;CALHM6;TNFRSF8;PILRA;LILRA5,anal_pc5_c21_S1.filtered.gene_spectra_score.k_3.dt_0_01.txt
3,2,DCLK1POS_PROGENITOR,-2.0892618839228576,0.0,6.682707372303159e-05,prerank,-0.5389081705326907,0.004,48/90,24.36%,FBLN1;C1R;C1S;COL3A1;COL1A2;COL5A1;SPARC;MAPK10;DCN;MATN2;SPON1;COL1A1;LUM;MMP2;THBS2;SERPINF1;COL16A1;CYBRD1;MRC2;COL14A1;COL5A2;HTRA1;TPST1;SFRP2;PCOLCE;CCDC80;LPAR1;PDPN;SVEP1;VCAN;PAMR1;ADAMTS1;IFI6;C3;ADAMTS2;BOC;LAMA2;LOX;SERPING1;SFRP1;NNMT;GPC6;MYC;MGP;CPXM1;VCAM1;SPON2;CTHRC1,anal_pc5_c21_S1.filtered.gene_spectra_score.k_3.dt_0_01.txt
3,2,PREZYMOGENIC,-2.0867183290188462,0.0,6.625097825990201e-05,prerank,-0.6687067787440021,0.004,19/28,21.64%,FAM3D;SOX4;TCEA3;PLCB4;NFIB;SLC4A4;JUN;SLC12A2;EPHB3;MECOM;PTPRZ1;EGR1;RGMB;NR2F2;THSD4;MAGI1;CDKN1C;FOS;FMOD,anal_pc5_c21_S1.filtered.gene_spectra_score.k_3.dt_0_01.txt
3,2,CL11_MURAL_GRANULOSA,-2.0813920687482907,0.0,8.210591322808368e-05,prerank,-0.4881056126060762,0.005,66/139,21.82%,KRT8;DST;CKB;IGFBP2;IFI27;DPYSL3;MDK;RBP1;SOX4;TCEA3;TXNRD1;TSPAN6;HSPA1B;LAPTM4B;LGR4;MYO6;TGIF1;LAMC1;PRSS23;THBS1;GSTA4;LIPH;GJA1;COL4A1;RHOB;MYO10;HS6ST1;TJP1;SERPINH1;PPARG;ST3GAL4;ENC1;EZH2;PPFIBP1;FHL2;EPS8;PLOD2;TSPAN7;TSHZ2;AVPI1;INSR;NR5A2;SCD;CKS2;AMOTL2;SLC16A1;PLAT;VCAN;HSPA1A;F3;RHOBTB3;HMGCR;FST;PPP1R12B;SNCA;FGD4;CCN1;PMAIP1;DNAJB1;CTNNAL1;PHLDA1;HMGCS1;MAP1LC3A;TNFRSF12A;PDLIM5;SELENOP,anal_pc5_c21_S1.filtered.gene_spectra_score.k_3.dt_0_01.txt
3,2,CHIEF,-2.0790229519310617,0.0,8.141010040411686e-05,prerank,-0.6633129724167021,0.005,17/27,21.64%,IGFBP2;NEDD4L;SOX4;GLUL;JUN;SLC12A2;FTH1;TSC22D1;MECOM;ITIH5;FTL;NR2F2;MT2A;GPRC5C;CDKN1C;MT1X;FMOD,anal_pc5_c21_S1.filtered.gene_spectra_score.k_3.dt_0_01.txt
3,2,HEPATOBLASTS,-2.07208292610222,0.0,8.072598191332598e-05,prerank,-0.49032330290885495,0.005,55/145,26.44%,MYH14;AKR1C3;AKR1C2;ALDH1A1;MGST1;AMN;TCEA3;CAMK2N1;MAOA;ERBB3;BDH1;GPC3;PLEKHG6;FGFR3;EPB41L4B;WNK4;CYP3A5;SERPINA1;SERPINF1;TJP3;FN1;LAD1;VSNL1;SULT1E1;SEMA4G;CFB;CYP4F3;ASS1;PPARGC1A;CAMSAP3;DBI;MT2A;SCD;SLC7A2;SLC39A14;FFAR4;GJB2;STEAP2;SLC51A;SNORC;FST;CP;KIF12;MT1X;HMGCS1;ERRFI1;RBP4;SULT1C2;IL17RB;LIPG;PROX1;CHAD;SHANK2;XDH;CACNA1D,anal_pc5_c21_S1.filtered.gene_spectra_score.k_3.dt_0_01.txt
3,2,PERICYTE,-2.069586160810008,0.0,8.005326539738159e-05,prerank,-0.4482416499002343,0.005,143/271,25.72%,EPHX1;NUPR1;IGFBP2;NBL1;BCAM;JAG1;IFI27;HES1;IGFBP4;LAMB1;TPM1;NOTCH3;COL6A1;ITM2C;PRKG1;GSTM3;COL4A2;COL6A2;TBX2;PCDH1;WLS;NFIB;MTSS2;PALLD;PLEKHG3;LTBP4;COL6A3;MTUS1;ADIRF;SLC12A2;TM4SF1;PRSS23;COL1A1;EPAS1;FARP1;CALD1;COL18A1;PLPP3;PLCE1;COL4A1;IGFBP5;RHOB;PTN;MYO10;DSTN;TJP1;TINAGL1;IFITM3;NEURL1B;MGLL;EFEMP1;SEMA5A;CRIM1;A2M;COL14A1;NDRG2;VSNL1;GAS6;NID1;NRCAM;IGFBP7;HSPA2;NDRG1;MFGE8;CAVIN1;SOD3;MAP1B;HES4;CAV2;FBN1;EMILIN1;SORT1;EPS8;TNFRSF21;CYSTM1;DOCK6;GJC1;TPPP3;MYO1B;SDC2;ECE1;MYO3A;SYTL2;CSRP1;SPARCL1;NR2F2;MXRA8;PCDH18;MT2A;CCDC80;RAPGEF5;SLC7A2;ARHGEF17;PDGFRB;MYL9;FOXF1;PLEKHH3;RASD1;BGN;DPYSL2;PDE3A;CRISPLD2;SMOC2;CYGB;CDC42EP2;CDKN1C;COL12A1;TIMP3;PPFIBP2;NOSTRIN;ACTA2;GPC4;TPM2;TAGLN;FRZB;MYLK;CCDC102B;DENND2A;SERPING1;CAV1;MT1X;CYP4X1;TNS1;CSPG4;PDLIM5;ARHGAP26;SELENOP;CCDC3;SPRY4;MGP;GPX3;RASL11A;CCDC68;LAMC3;ISYNA1;DDR2;CTHRC1;MCAM;CCN2;CRIP2;C11orf96;GUCY1B1;AFAP1L2,anal_pc5_c21_S1.filtered.gene_spectra_score.k_3.dt_0_01.txt
3,2,COLLECTING_DUCT_INTERCALATED_CELLS_TYPE_A_MEDULLA,-2.068632008335988,0.0,7.939166816269248e-05,prerank,-0.5513071038081837,0.005,37/67,21.10%,EPCAM;LGALS3;TSPAN1;CD24;CA12;TACSTD2;ADGRG1;ALDH1A1;ITGA6;ATP1B1;TXNRD1;TFCP2L1;CA2;PTGR1;WFDC2;CNN3;MBOAT2;FTH1;HSPA4L;IGFBP7;SPTBN2;EPS8;PLOD2;CYSTM1;SEPTIN11;FTL;CLU;MT2A;CRYAB;RASD1;SOD2;PHLDB2;ARHGEF28;DMRT2;SCIN;RHCG;C12orf75,anal_pc5_c21_S1.filtered.gene_spectra_score.k_3.dt_0_01.txt
3,2,VALVAR,-2.062300249079068,0.0,7.874091678430977e-05,prerank,-0.480982549815083,0.005,69/145,25.64%,GOLM1;NTRK2;IFI27;DPYSL3;ID1;HES1;SOX4;NFIX;PXDN;ERBB3;ROBO1;ELN;HSPA1B;UGDH;LTBP4;UCHL1;ADIRF;MATN2;APCDD1;THBS1;ID4;PLPP3;MFAP4;SERPINF1;IGFBP5;ID3;TOB1;TSC22D1;NRCAM;EDIL3;HSPA2;PTPRZ1;AEBP1;TUBB2B;EGR1;MXRA5;CDKN1A;CLU;MT2A;CCDC80;NSG1;PTHLH;BGN;VCAN;PAMR1;ADAMTS1;PRRX1;IFI6;HSPA1A;TIMP3;LTBP2;TAGLN;ARL6IP1;DNAJB1;CTNNAL1;FOS;C1QTNF1;GLT8D2;ERRFI1;FMOD;MGP;LSAMP;TUBB2A;IER3;SYNPO2;HAPLN1;FHL1;C11orf96;PRELP,anal_pc5_c21_S1.filtered.gene_spectra_score.k_3.dt_0_01.txt
3,2,PROLIFERATING_SCHWANN,-2.059297060327154,0.0,7.810074672915277e-05,prerank,-0.43098791842874423,0.005,215/413,27.12%,ITGB4;LGALS3;NTRK2;JAG1;ERBB2;C1R;ALCAM;MAOA;MCM2;HEPH;COL4A5;SDC4;COL5A1;CA2;CLDN1;MAL2;GPC3;RGMA;LTBP4;CENPU;DCN;ADIRF;MATN2;CDK1;SPHK1;QSOX1;PRSS23;THBS1;RDH10;EFNB1;ITGB8;ADAM15;TK1;ECT2;TOP2A;COL4A1;ZWINT;P4HA2;COL16A1;CDT1;NFATC4;PCDH7;FN1;NUSAP1;TPX2;TINAGL1;ANXA1;SULF2;NEURL1B;PTPRD;BMP1;COL14A1;LRIG1;NR2F1;ANLN;DHRS3;ADAM9;UHRF1;TCF19;TMEM176B;HTRA1;MKI67;DOCK5;HSPG2;KIFC1;IGFBP7;HSPA2;EHD2;TSPAN15;MFGE8;CAVIN1;NAV2;HES4;PRSS12;ITIH5;LMO7;TNC;CDKN2C;OSMR;KIF23;CENPM;BACE2;CBR3;MELTF;LIMS2;MCM6;CCNE2;FRMD6;RRM2;PRELID2;ABHD11;TPPP3;AVPI1;BLVRB;PRC1;TCIM;ABCA8;MYO3A;NCAPG;RARRES1;TROAP;AQP1;RFLNA;IQGAP3;NCAPG2;MYBL2;RAD54L;DTL;LPAR1;HEY1;PCLAF;MYL9;CCNB1;NMU;TSPAN9;FBLN5;CCNB2;BIRC5;BGN;FAM83D;VWA1;PLK1;AASS;ANGPTL2;COL15A1;NDC80;ME3;FOXM1;IFI6;HJURP;CDC20;CEP55;ASPM;FHDC1;FST;HMMR;CDC45;MELK;KIF20A;WDR76;GTSE1;EPHA4;ANXA3;LAMA2;KIF11;KIF2C;AGPAT2;CYP7B1;FRZB;DLGAP5;OLFML2A;NID2;CCDC102B;SPC25;KIF18B;KIF18A;CDCA2;ORC6;PARD3B;MT1X;PLSCR4;CDCA3;TNS1;CYP27A1;MYO15B;FGF7;VSTM4;CDCA8;TNFRSF12A;SBSPON;ARHGAP26;TSPAN11;DEPDC1;ESPL1;WWC1;TTK;MVK;AURKB;CENPP;INCENP;P3H2;PLCXD1;EGFL8;UBE2C;CENPE;KNSTRN;SSC5D;CKAP2L;LIG1;SORBS1;CCNF;WWOX;KIAA1755;SPON2;POLQ;PSRC1;KIF15;TFPI2;TACC3;BUB1;CENPA;NCAPD2;ITGB3;FAM111B;EXO1;SAPCD2;DIAPH3;RASSF7;CDK18;IGFBP6;AURKA;CNN1;CTSV;CFI;SORBS2,anal_pc5_c21_S1.filtered.gene_spectra_score.k_3.dt_0_01.txt
3,2,MVECS,-2.0563127667461196,0.0,7.747090199746605e-05,prerank,-0.4401063390635662,0.005,172/309,32.88%,GSN;BCAM;IFI27;DPYSL3;ADGRG1;MDK;ID1;HES1;FGFR1;KLF4;NPDC1;IGFBP4;LAMB2;ITGA6;NIBAN2;ACKR3;COL3A1;SPARC;TNFSF10;NFIB;GPRC5A;LTBP4;FLNB;EMP1;MATN2;EFNB2;TM4SF1;KLF3;PRSS23;EPAS1;DKK3;EFNB1;GJA1;CPE;PLPP3;ADAM15;TUBB4B;COL4A1;ID3;DSTN;TINAGL1;IFITM3;ANXA1;SULF2;TCF4;EPHB4;BMP4;CRIM1;TFPI;A2M;TSC22D1;NR2F1;GAS6;UACA;PPFIBP1;PLPP1;MECOM;IGFBP7;TNS2;EHD2;PIK3R3;NDRG1;CAVIN1;CAV2;FXYD6;CDC42EP4;TSPAN7;LIMS2;NTN4;FBLN2;CXCL12;AVPI1;INSR;ECE1;PTGDS;NDRG4;CSRP1;SPARCL1;NR2F2;AQP1;CDKN1A;NUAK1;HYAL2;TTC28;PTHLH;BGN;PLAT;VWA1;DPYSL2;COL15A1;RBMS3;ADAMTS1;IFI6;TIMP3;TIMP2;NOSTRIN;ABI3BP;WWTR1;GRB10;CCN1;TMTC1;IGFBP3;CAV1;SPRY1;PTPRG;PLSCR4;TNS1;MYC;CTNNAL1;C1QTNF1;MAST4;AIF1L;SMAD6;ITPKC;PDLIM5;NES;SPRY4;MGP;GPX3;KLF9;VCAM1;MEIS2;TFPI2;CCN2;EDNRB;SGK1;CRIP2;ERG;APOL1;C11orf96;FZD4;FGD5;DOC2B;TMEM47;ATP13A3;VWF;RUNX1T1;LIFR;CYYR1;CALCRL;PGM5;FGF2;RSPO3;LIMCH1;SRPX;ARHGAP29;DLC1;PLVAP;SERPINE1;ADAMTS9;CAVIN2;CLDN5;COL8A1;NCOA7;HECW2;EDN1;MMRN2;INMT;HBEGF;SLCO2A1;FILIP1L;LDB2;TIMP1;CXCL1;CDH5;PREX2;EGFL7;SYNPO;PRCP;POSTN;ESAM;HSPB8,anal_pc5_c21_S1.filtered.gene_spectra_score.k_3.dt_0_01.txt
3,2,CTX_ASTROCYTE,-2.052356826380942,0.0,7.685113478148633e-05,prerank,-0.4848271708203792,0.005,53/139,14.94%,CXCL14;DST;LGALS3;FBLN1;NTRK2;ADGRG1;MGST1;ID1;GLUL;ALCAM;COL6A1;NPNT;ACKR3;ITM2C;OAF;WLS;NFIB;DCN;SLC4A4;LGR4;ADIRF;SPON1;FGFR3;GJA1;ID4;CPE;PLPP3;SLC7A11;ID3;LAMA4;MMP28;EFEMP1;MRC2;TFPI;NDRG2;NR2F1;HTRA1;LRP4;NRCAM;MFGE8;ARHGEF26;HES4;CDC42EP4;TNC;TPPP3;SDC2;TCIM;SPARCL1;NR2F2;CLU;MT2A;HEY1;ANOS1,anal_pc5_c21_S1.filtered.gene_spectra_score.k_3.dt_0_01.txt
3,2,VASCULAR_SMOOTH_MUSCLE,-2.0444873679830473,0.0,9.14894461684361e-05,prerank,-0.48718172324480236,0.006,59/122,21.28%,EPHX1;JAG1;SELENBP1;HSD11B2;PRXL2A;TPM1;NOTCH3;CAMK2N1;PRKG1;PARM1;TBX2;ASAP2;TM4SF1;CNN3;EPAS1;CALD1;TINAGL1;MGLL;SEMA5A;CRIM1;A2M;UACA;IGFBP7;HSPA2;EHD2;SOD3;HES4;CAV2;DCBLD2;EPS8;SH3RF1;GJC1;MYO1B;SYTL2;ADGRA2;NR2F2;HSD17B11;FBLIM1;ARHGEF17;MYL9;BGN;ADAMTS1;RNF152;PDGFA;ACTA2;TPM2;TAGLN;FRZB;MYLK;CCDC102B;EPB41L1;CD248;CAV1;MAP3K20;PLSCR4;TNS1;TGFB1I1;MSRB3;ANO1,anal_pc5_c21_S1.filtered.gene_spectra_score.k_3.dt_0_01.txt
3,2,KIDNEY_5_PROXIMAL_TUBULE,-2.043773420107517,0.0,9.076905682852715e-05,prerank,-0.6028511571895065,0.006,20/38,17.08%,CD24;JAG1;ID1;PTGR1;TNFSF10;GPC3;MYO6;FARP1;ID4;TUBB4B;ODC1;FTH1;PPFIBP1;IGFBP7;FTL;DBI;CLU;EPHA7;VCAN;CTSB,anal_pc5_c21_S1.filtered.gene_spectra_score.k_3.dt_0_01.txt
3,2,IRIS_CILIARY_BODY_CYTOTOXIC_T,2.043370216961004,0.0,2.118088742623094e-05,prerank,0.7345596942037038,0.004,15/22,14.84%,SEPTIN1;FGD3;STK10;ADA2;RASSF5;ADGRE5;MCOLN2;APOBEC3G;PCED1B;S1PR4;NRROS;LAX1;SLC2A6;TMEM273;CD86,anal_pc5_c21_S1.filtered.gene_spectra_score.k_3.dt_0_01.txt
3,2,HEART_EPICARDIAL_FAT,-2.0376268265586237,0.0,9.005992357205428e-05,prerank,-0.5637397357262425,0.006,23/58,21.72%,PLA2G2A;CDH3;CLDN1;MAL2;SLC4A4;SLPI;IGFBP5;EFEMP1;KLK11;CFB;PDZK1IP1;RHPN2;RARRES1;PLEKHH2;NMU;GRB7;C3;FAM110C;EPS8L1;KRT7;MYRF;MSLN;SBSPON,anal_pc5_c21_S1.filtered.gene_spectra_score.k_3.dt_0_01.txt
3,2,CXCL9_POS_MACROPHAGE,2.0375818524561398,0.0,2.0919394988870066e-05,prerank,0.5619979523423856,0.004,45/77,25.78%,NLRC5;TRAF1;IL32;GBP5;CD40;SLAMF7;SERPINB9;BIRC3;ISG20;SAMD9L;BATF;PATL2;SLAMF8;CD38;IKBKE;CD80;OAS2;TIFAB;STAMBPL1;TNFRSF4;HIVEP3;SLC2A6;IL4I1;P2RX7;GBP4;GBP2;APOL2;STAT1;EPSTI1;TMEM140;SOCS1;FAS;PLAAT4;EBI3;OASL;PTGIR;SGTB;IFIH1;LAMP3;GBP1;CD274;HAPLN3;XAF1;SLC31A2;KSR1,anal_pc5_c21_S1.filtered.gene_spectra_score.k_3.dt_0_01.txt
3,2,CLASSICAL_MONOCYTE,2.0365290595536774,0.0,2.0664280415835064e-05,prerank,0.5168699213183712,0.004,82/152,21.04%,STK17B;FGD2;MYO1F;CD4;AOAH;MPEG1;TNFRSF1B;CYBB;EVI2B;SPI1;POU2F2;MS4A6A;PLEKHO1;FGL2;RASSF2;CR1;ARRB2;FGR;COTL1;IFI30;CLEC7A;HCK;SCIMP;LY86;CD163;SLC7A7;MEF2C;IL6R;DOK3;CPVL;LYZ;EMILIN2;CD14;ENTPD1;FCGR2A;TYROBP;DPYD;S100A4;TFEC;FCER1G;RNASE6;P2RY13;ITGAM;IL17RA;CFP;CCR2;C1orf162;CD86;MNDA;LRRK2;CD1D;CD300LF;UBXN11;LYN;LRRC25;NCF2;CSF3R;PSAP;HRH2;SLC8A1;CD36;PTPRE;NLRP3;SLC12A6;CCR1;RASSF3;TLR4;TLR2;AGTPBP1;FPR1;CD33;ADGRE2;CD300E;NFAM1;FES;PECAM1;SLC24A4;CLEC12A;CARD16;PILRA;SLC11A1;PRAM1,anal_pc5_c21_S1.filtered.gene_spectra_score.k_3.dt_0_01.txt
3,2,BASOPHIL,2.027559444692605,0.0,3.062296977286401e-05,prerank,0.5739991136153777,0.006,26/66,13.82%,ETS1;NLRC3;LAT;IL32;KIF21B;ADAM19;ADAM8;ATP2A3;C16orf54;PBXIP1;TTN;TESPA1;CR1;CD69;HELB;TNIK;RAB37;EIF4E3;STAP1;TMEM154;CD244;CSF2RB;LAX1;PDE3B;HK3;ZNF683,anal_pc5_c21_S1.filtered.gene_spectra_score.k_3.dt_0_01.txt
3,2,PROXIMAL_SECRETORY_1,-2.026242890728215,0.0,8.936178462963527e-05,prerank,-0.5278524260715378,0.006,39/73,21.38%,ATP2C2;TSPAN1;FAM3D;SCNN1A;EHF;WNK2;DPYSL3;B3GALT5;FCGBP;ACKR3;S100P;MLPH;TNFSF10;MUC20;CEACAM6;SLPI;LIPH;SERPINA1;LCN2;ANXA1;TFPI;GRHL1;KLK11;CAPN8;SOD3;VTCN1;RHOV;KLK10;BCL6;PLAT;LYPD6B;CFH;HPGD;CP;SLITRK6;CX3CL1;MET;RUNX1;NT5E,anal_pc5_c21_S1.filtered.gene_spectra_score.k_3.dt_0_01.txt
3,2,MID_MESOTHELIAL,-2.023417381309727,0.0,8.867438628633038e-05,prerank,-0.42546650596143626,0.006,169/394,22.74%,EPCAM;KRT8;DDR1;GPC1;KRT19;CALML3;IGFBP2;PLXNB1;EPS8L2;KRT17;NQO1;GCLC;NEDD4L;LAMA5;NPDC1;TCEA3;C1R;PLA2G2A;ITGA6;ALCAM;NPNT;ACKR3;CDH3;PARM1;SDC4;AGAP1;CA2;CLDN1;DSC2;CGN;A4GALT;GPRC5A;IGSF9;UCHL1;FLNB;LAMA3;WFDC2;EMP1;MTUS1;ADIRF;ITGA3;EFNB2;EFNA1;TM4SF1;PPL;SLPI;RDH10;MYO5B;ITGB5;GJA1;COL18A1;ITGB8;PLCE1;ADAM15;SLC26A2;SVIL;P4HA2;OBSL1;MID1;SEMA6A;TOB1;ANXA1;SULF2;MMP28;EFEMP1;CRIM1;STAP2;NINL;DHRS3;GAS6;PDLIM4;TMEM176B;KLK11;HTRA1;TSPAN13;CFB;LMNB1;HSPG2;ANXA8;NET1;FLRT2;NDRG1;NAV2;CADPS2;CAV2;CRABP2;ASS1;PDZK1IP1;DCBLD2;EPS8;LMO7;TNXB;TSPAN7;CYSTM1;KLK10;SEMA3C;OSMR;PLXNA2;TUBB2B;LIMS2;RHPN2;PRELID2;CRACR2B;CACNA2D3;SHTN1;AQP1;ADAM33;THSD4;TMEM132A;TDRP;EPHA7;SULF1;USP53;PDPN;MAGI1;ANOS1;NSG1;TMEM176A;PTHLH;AMOTL2;SLC16A1;KIRREL1;NMU;GRB7;UNC5B;LAMC2;SLC51A;SMOC2;PAMR1;LGALS2;CCDC85C;C3;CFH;MEGF6;PDGFA;FAM110C;SLC2A1;LTBP2;ANXA3;AQP3;ASAP3;HPGD;NOP16;EPS8L1;SMPD3;COL4A6;PODN;PARD3B;CYP4B1;MYRF;KANK1;C1QTNF1;MET;MSLN;KRT13;AIF1L;ERRFI1;SMAD6;PAPPA;TNFRSF12A;CYB5R2;SBSPON;TNFSF13;ACOT7;WWC1;ARMC9;SOX6;GCHFR;P3H2,anal_pc5_c21_S1.filtered.gene_spectra_score.k_3.dt_0_01.txt
3,2,VASCULAR_SMOOTH_MUSCLE_CELLS_AND_PERICYTES,-2.0228233540293963,0.0,8.799748257422099e-05,prerank,-0.4962990727488413,0.006,62/100,30.24%,DST;TPM1;PRKG1;COL4A2;TBX2;SDK1;PBX1;HSPA1B;MYH11;PALLD;JUN;ADIRF;EPAS1;CALD1;COL18A1;CDH13;COL4A1;IGFBP5;DSTN;TJP1;CRIM1;A2M;PLPP1;EPS8;EGR1;RBPMS;SPARCL1;THSD4;TTC28;PDE3A;RBMS3;HSPA1A;TIMP3;ACTA2;PPP1R12B;TAGLN;TMTC1;MYLK;DNAJB1;PTPRG;GPC6;TNS1;FOS;MSRB3;PDLIM5;SLIT3;GPX3;MEIS2;ADGRL3;FRY;MCAM;SYNPO2;KALRN;HSPH1;SORBS2;CACNB2;LHFPL6;RCAN2;CACNA1C;MAML3;DMD;DLC1,anal_pc5_c21_S1.filtered.gene_spectra_score.k_3.dt_0_01.txt
3,2,PUTATIVE_LYMPHOID_PRIMED_MULTIPOTENT_PROGENITOR,2.0041999051190698,0.0,4.034454747853512e-05,prerank,0.6020737757375896,0.008,27/51,17.92%,ARHGAP30;CD74;CYTIP;RASGRP2;CD52;SPN;GLIPR1;SELL;PIM2;CD48;RCSD1;ARHGAP25;HSH2D;TSC22D3;HCST;RNASET2;FAM30A;MZB1;MAP3K8;S100A4;CSGALNACT2;RILPL2;GBP4;CSF3R;RFLNB;PTPRE;FLT3,anal_pc5_c21_S1.filtered.gene_spectra_score.k_3.dt_0_01.txt
3,2,CYCLING_T,-1.9968468668199317,0.0,0.00016010653079476318,prerank,-0.44402984394297407,0.01,134/222,26.08%,IGFBP2;ID1;TYMS;TCEA3;ITGA6;RAB25;MCM2;MCM4;BDH1;HELLS;CENPU;PHGDH;CDK1;SPTSSA;TK1;ECT2;TOP2A;ZWINT;CERS6;SERPINF1;CDT1;NUSAP1;TPX2;TOB1;LDLR;ANLN;UHRF1;TCF19;E2F1;EZH2;LMNB1;MKI67;PTTG1;NET1;KIFC1;HSPA2;FANCI;MFGE8;FABP5;CDKN2C;KIF23;SLC7A1;CENPW;CENPM;FBLN2;MCM6;CCNE2;CIT;RRM2;FANCA;NREP;PRC1;NCAPG;TROAP;EPB41L2;NCAPG2;MYBL2;RAD54L;DTL;RECQL4;PCLAF;CCNB1;CENPF;SLC16A1;CCNB2;BIRC5;FAM83D;PLK1;SOD2;NDC80;FOXM1;HJURP;CDC20;CEP55;ASPM;KPNA2;HMMR;CDC45;MELK;KIF20A;WDR76;GTSE1;KIF11;KIF2C;DLGAP5;HPGD;SPC25;KIF18B;KIF18A;CDCA2;ORC6;CD248;ARL6IP1;SPAG5;MAP3K20;CDCA3;CTNNAL1;POLE;MAST4;BRIP1;CDCA8;CKAP2;NEK2;ACOT7;DEPDC1;ESPL1;TTK;HILPDA;AURKB;CENPP;INCENP;CDCA7L;UBE2C;CENPE;KNSTRN;CKAP2L;LIG1;TUBB2A;CCNF;POLQ;PSRC1;KIF15;IER3;TACC3;BUB1;CENPA;NCAPD2;PDLIM7;SGK1;FAM111B;EXO1;RIMKLB;ACAT2;DIAPH3,anal_pc5_c21_S1.filtered.gene_spectra_score.k_3.dt_0_01.txt
3,2,PROXIMAL_TUBULE_EPITHELIAL_CELLS_S3,-1.9907292164996353,0.0,0.00015890272229254692,prerank,-0.6169837290510807,0.01,18/34,17.08%,CXCL14;TPM1;SDC4;COL4A2;SDK1;CALD1;COL18A1;ITGB8;PTPRD;FTH1;PPFIBP1;CNKSR3;PDZK1IP1;FTL;AQP1;MT2A;TTC28;CTSB,anal_pc5_c21_S1.filtered.gene_spectra_score.k_3.dt_0_01.txt
3,2,PROMYELOCYTE_LIKE,-1.9735826963041854,0.0,0.00021506847420192066,prerank,-0.6260866506153222,0.014,16/28,15.48%,IGFBP2;TYMS;MCM2;MCM4;S100P;HELLS;CENPU;PHGDH;TK1;TOP2A;CDT1;UHRF1;MKI67;CENPM;PCLAF;CENPF,anal_pc5_c21_S1.filtered.gene_spectra_score.k_3.dt_0_01.txt
3,2,KIDNEY_1_EMBRYONIC_RED_BLOOD,-1.9666378280352343,0.0,0.00022770706601921877,prerank,-0.6947583362612415,0.015,12/17,20.58%,JUN;TOP2A;MARCKSL1;ID3;NUSAP1;FTH1;HMGB2;MKI67;PTTG1;SMC4;ARL6IP1;FOS,anal_pc5_c21_S1.filtered.gene_spectra_score.k_3.dt_0_01.txt
3,2,HEPATOCYTES,-1.958931824901263,0.0,0.0002825409366966409,prerank,-0.4324743171299616,0.019,79/230,22.34%,GPX2;DST;EPHX1;IGFBP2;SELENBP1;ALDH1A1;ABCC3;MGST1;IGFBP4;C1R;PLA2G2A;C1S;CES1;ERBB3;SDC4;DSG3;BDH1;PTGR1;EFNA1;QSOX1;VEGFA;CALD1;COL18A1;CYP3A5;SERPINA1;SERPINF1;RHOB;FN1;IFITM3;ARHGEF10L;A2M;PTPN3;TMEM176B;CFB;HSPA4L;CYP4F3;ARHGEF26;CNKSR3;ASS1;FHL2;PPARGC1A;TSHZ2;FTL;HDHD3;MYO1B;MUC3A;SDC2;CLU;MT2A;SCD;SLC7A2;SLC39A14;TMEM176A;PCLAF;BCL6;AASS;COL27A1;C3;RHOBTB3;FST;CFH;PPP1R12B;NR1I2;HPGD;CP;ABCA6;SERPING1;MT1X;NNMT;CYP27A1;ACAA2;ADH1B;MAST4;VSTM4;ERRFI1;LRG1;RBP4;IL1RAP;ARMC9,anal_pc5_c21_S1.filtered.gene_spectra_score.k_3.dt_0_01.txt
3,2,EARLY_FIBROBLAST,-1.9561286691276678,0.0,0.0002804785940930158,prerank,-0.5778976003561924,0.019,30/42,19.72%,KRT8;TYMS;SERINC2;MCM4;CENPU;CDK1;TOP2A;ZWINT;CDT1;NUSAP1;UHRF1;LMNB1;MKI67;PTTG1;CRABP2;CENPM;SCD;CKS2;NSG1;HMGA2;CCNB1;CENPF;CCNB2;BIRC5;CDC20;KPNA2;KIF20A;SPC25;SFRP1;ORC6,anal_pc5_c21_S1.filtered.gene_spectra_score.k_3.dt_0_01.txt
3,2,CTX_MICROGLIA,-1.9524165304968608,0.0,0.0002923684475382632,prerank,-0.4725166580727319,0.02,79/113,27.48%,CENPU;CDK1;TK1;TUBB4B;TOP2A;ZWINT;NUSAP1;TUBA1C;TPX2;ANLN;TCF19;EZH2;HMGB2;MKI67;PTTG1;CDKN2C;KIF23;CENPW;CENPM;CIT;RRM2;PRC1;NCAPG;TROAP;IQGAP3;NCAPG2;CKS2;SMC4;PCLAF;CCNB1;CENPF;CCNB2;BIRC5;FAM83D;PLK1;NDC80;FOXM1;HJURP;CTSB;CDC20;CEP55;ASPM;KPNA2;HMMR;MELK;KIF20A;GTSE1;CREG1;KIF11;KIF2C;DLGAP5;SPC25;KIF18B;CDCA2;ARL6IP1;SPAG5;CDCA3;CDCA8;CKAP2;DEPDC1;ESPL1;TTK;AURKB;UBE2C;CENPE;KNSTRN;CKAP2L;CCNF;POLQ;KIF15;IER3;TACC3;BUB1;NCAPD2;DIAPH3;ANP32E;AURKA;NUF2;KIF14,anal_pc5_c21_S1.filtered.gene_spectra_score.k_3.dt_0_01.txt
3,2,OLFACTORY_NEUROEPITHELIUM_OLFACTORY_ENSHEATHING_GLIA,-1.952127968467465,0.0,0.0002902650774120886,prerank,-0.5224222997997954,0.02,31/70,18.74%,NTRK2;ALDH1A1;ERBB3;SPARC;OAF;CNN3;DKK3;ITGB8;PTN;IFITM3;NDRG2;NR2F1;PDLIM4;TMEM176B;EDIL3;MFGE8;SOD3;ITIH5;SCN9A;DBI;PTGDS;ABCA8;CLU;MT2A;SCD;TMEM176A;CRYAB;VWA1;IFI6;TIMP3;FRZB,anal_pc5_c21_S1.filtered.gene_spectra_score.k_3.dt_0_01.txt
3,2,CHOROID_SCLERA_FIBROBLASTS,-1.950430200978654,0.0,0.0002881917554305737,prerank,-0.5146836116373473,0.02,36/79,22.18%,CA12;CKB;AKR1C2;NFIX;LAMB2;CAMK2N1;SDC4;WLS;GPC3;C1orf21;DKK3;RHOB;BMP4;AHCYL2;BMP1;TNS2;CDC42EP4;PTPN13;PCDH18;FBLIM1;LPAR1;AMOTL2;STON2;AASS;COL27A1;FST;BOC;PODN;PTPRG;GDF15;GLT8D2;RUNX1;NFASC;VSTM4;TNFRSF12A;ME1,anal_pc5_c21_S1.filtered.gene_spectra_score.k_3.dt_0_01.txt
3,2,NONCLASSICAL_MONOCYTE,1.9490223599489958,0.0,0.00014452840832016405,prerank,0.5178786183045836,0.028,62/117,21.14%,MYO1G;FGD2;PTPN6;CD4;ABI3;MPEG1;TNFRSF1B;CYBB;CD300A;SFMBT2;RELT;SPI1;POU2F2;FGL2;PIK3AP1;CSF1R;FGR;ITGAX;THEMIS2;COTL1;CLEC7A;SH2D3C;MS4A7;SIGLEC10;HCK;SCIMP;SLC7A7;CPVL;LST1;PAG1;TYROBP;LYST;UTRN;FCER1G;HK3;TBXAS1;P2RY13;BCL2A1;CFP;C1orf162;CD86;CD300LF;LYN;LRRC25;NCF2;PSAP;FCGR3A;TLR4;RGS18;ADGRE2;CD300E;NAAA;NFAM1;PECAM1;RARA;SLC24A4;CLEC12A;PHF19;PILRA;SLC11A1;PRAM1;LILRA5,anal_pc5_c21_S1.filtered.gene_spectra_score.k_3.dt_0_01.txt
3,2,NEUROTYPES_HRGL2C,-1.9489576752726552,0.0,0.0002861478422714916,prerank,-0.45001638491040574,0.02,65/159,22.96%,CA12;IGFBP2;KRT17;ADGRG1;MGST1;HES1;LRP1;NFIX;LAMB2;ATP1B1;NPNT;ERBB3;ELN;ARHGEF4;PHGDH;SLC4A4;C1orf21;FGFR3;ITGB5;CDH13;PLPP3;ITGB8;SLC7A11;ZWINT;PTN;PCDH7;NUSAP1;MRC2;NDRG2;LRIG1;UHRF1;HTRA1;FANCI;PTPRZ1;FABP5;TNC;EGR1;DBI;FBLN2;SPARCL1;THSD4;MT2A;MYBL2;PDPN;ANOS1;CENPF;PLEKHH2;BIRC5;PLAT;COL27A1;GLTP;FOXM1;F3;SPRY2;MYLK;DTNA;MT1X;SPRY1;KANK1;HAS2;INKA2;NES;SPRY4;PMP22;EGLN3,anal_pc5_c21_S1.filtered.gene_spectra_score.k_3.dt_0_01.txt
3,2,M1_MACROPHAGE,1.94348520954716,0.0,0.00014777363320626238,prerank,0.48416820931151483,0.029,83/174,24.72%,CD74;SRGN;LCP2;MPEG1;NFATC2;CYBB;IRF8;GPR183;LPAR6;MS4A6A;PREX1;FGL2;SERPINB9;STAB1;LAIR1;CSF1R;PLEK;HSPA6;RGS1;CLEC7A;MS4A7;REL;CTSZ;TNFAIP3;LY86;CD163;CSF2RA;C1QC;MEF2C;C1QA;CD83;ADAP2;CPVL;SH2B3;C1QB;HERPUD1;CD14;LST1;FCGR2A;MAP3K8;PDE4B;PHACTR1;TNF;NFKBID;SIRPA;BCL2A1;GPR34;RILPL2;ICAM1;RHOQ;MS4A4A;CCL4;MNDA;ZFP36;LYN;VSIG4;PSAP;FOLR2;PTPRE;NLRP3;CCL4L2;STX11;TLR2;FPR1;ZNF267;LGMN;CCL3;PFKFB3;MERTK;SDS;DAB2;SLCO2B1;NR4A3;PLD3;KYNU;MSR1;IL6;SLC43A2;TREM2;CD93;IL10;AP2A2;KDM6B,anal_pc5_c21_S1.filtered.gene_spectra_score.k_3.dt_0_01.txt
3,2,FIBROBLAST,-1.9429381957262952,0.0,0.00031119297534756786,prerank,-0.46522690695495295,0.021,64/133,21.90%,SOX4;C1R;NOTCH3;COL6A1;COL1A2;COL6A2;COL5A1;LTBP4;COL6A3;PRSS23;ANTXR1;COL1A1;MMP14;DKK3;EFNB1;ITGB5;CALD1;THBS2;SERPINF1;LAMA4;BMP4;HTRA1;NET1;SCARA3;FLRT2;CNKSR3;FBN1;EMILIN1;AEBP1;TNC;CDH11;MXRA5;FRMD6;TGFBI;SPARCL1;EPB41L2;ADGRA2;PTPN13;MXRA8;PCDH18;PCOLCE;THY1;SULF1;LOXL1;AFAP1;VCAN;RBMS3;PRRX1;COL12A1;TAGLN;OLFML2A;SERPING1;MMP11;CD248;DLX5;NNMT;TGFB1I1;RUNX1;MAP1LC3A;GGT5;PDLIM5;CLMP;SELENOP;TSPAN11,anal_pc5_c21_S1.filtered.gene_spectra_score.k_3.dt_0_01.txt
3,2,HEART_ENDOCARDIAL,-1.9415981890734666,0.0,0.0003224523137684741,prerank,-0.5356997736213047,0.022,33/54,32.68%,LRATD1;FAM3D;CA12;ATP1B1;ITM2C;MPZL2;APCDD1;QSOX1;COL18A1;PCDH7;TFPI;SCARA3;EMILIN1;FXYD6;EPS8;CDH11;EPHA4;NT5E;ISYNA1;CTHRC1;HAPLN1;OLFML3;CPXM2;MEST;HMCN1;SALL3;SRPX;PLVAP;MASP1;NPR3;SLCO2A1;POSTN;CLEC11A,anal_pc5_c21_S1.filtered.gene_spectra_score.k_3.dt_0_01.txt
3,2,CORNEA_TGFBI_HIGH_EPITHELIAL,-1.9401409081895618,0.0,0.0003335552724890899,prerank,-0.5294665020769924,0.023,20/51,14.24%,ITGB4;ELF3;TP63;COL7A1;SDC4;GPRC5A;ITGA2;ITGA3;THBS1;TUBB4B;TOP2A;CRIM1;UACA;HSPA2;CAV2;ASS1;EGR1;NREP;TFRC;CRLF1,anal_pc5_c21_S1.filtered.gene_spectra_score.k_3.dt_0_01.txt
3,2,IRIS_CILIARY_BODY_CILIARY_BODY,-1.9332073915525394,0.0,0.0003577552826034708,prerank,-0.55214597930734,0.025,32/52,27.32%,CLCA2;NQO1;WLS;PLCD3;PHGDH;ADIRF;SLC12A2;DKK3;FGFR3;P4HA2;CYBRD1;HSPG2;DCBLD2;SDC2;TFRC;TRPM3;THY1;CCDC80;MAGI1;RND3;PDGFRA;COL4A6;SFRP1;TNFRSF12A;SLIT3;ME1;CCDC3;EGLN3;PROX1;IER3;MFAP5;EPB41L4A,anal_pc5_c21_S1.filtered.gene_spectra_score.k_3.dt_0_01.txt
3,2,COLLECTING_SYSTEM_PCS_STRESSED_DISSOC_SUBSET,-1.9307172710402034,0.0,0.0003684643448427427,prerank,-0.4725117128751887,0.026,45/108,20.86%,ELF3;KRT19;LGALS3;HSD11B2;NEDD4L;LAMB1;PRKG1;SDK1;PALLD;ITGA2;JUN;MTUS1;ASAP2;RBM47;COL18A1;IGFBP5;MID1;MYO10;TJP1;LDLR;UACA;MECOM;NDRG1;CADPS2;NAALADL2;PPARGC1A;ADGRL2;C4orf19;BACE2;EGR1;SH3RF1;NR3C2;TPST1;MYO1B;RBPMS;THSD4;HSPA1A;TIMP3;WWTR1;SCIN;DNAJB1;GLIS3;GDF15;FOS;HMGCS1,anal_pc5_c21_S1.filtered.gene_spectra_score.k_3.dt_0_01.txt
3,2,PROXIMAL_SECRETORY_PROGENITORS,-1.930359847548053,0.0,0.0003659577846737444,prerank,-0.48567304335879957,0.026,47/89,21.68%,ITGB4;SLC44A4;TSPAN1;EHF;KRT15;DPYSL3;TMPRSS4;NPNT;S100P;MLPH;COL6A2;TNFSF10;S100A2;EMP1;MUC20;CEACAM6;NTN1;SLPI;LIPH;SERPINA1;COL16A1;CYBRD1;PCDH7;MEIS1;ANXA1;CRIM1;GRHL1;PROM1;KLK11;SOD3;PRSS12;RHOV;KLK10;CDKN1A;BCL6;PLAT;LYPD6B;VCAN;CFH;RND3;HPGD;CP;SLITRK6;GLIS3;MYC;RUNX1;LNX1,anal_pc5_c21_S1.filtered.gene_spectra_score.k_3.dt_0_01.txt
3,2,MUSCLE_STROMAL,-1.928532236097886,0.0,0.00038944831814942394,prerank,-0.54478679434619,0.028,31/50,30.84%,CXCL14;FBLN1;C1R;C1S;COL3A1;COL1A2;DCN;COL1A1;LUM;MRC2;TNXB;PCOLCE;ANOS1;GREM1;SMOC2;COL12A1;PDGFRA;SCARA5;MGP;SPON2;TMEM119;IGFBP6;OSR1;CILP;ISLR;MFAP5;DPT;RSPO3;CTSK;SHOX2;EGFL6,anal_pc5_c21_S1.filtered.gene_spectra_score.k_3.dt_0_01.txt
3,2,CYCLING_DEFINITIVE_ERYTHROBLAST,-1.9176521894599075,0.0,0.000502884942362075,prerank,-0.4363675391109016,0.037,96/161,25.04%,EPCAM;GCLC;TYMS;MCM2;MCM4;HELLS;CENPU;CDK1;SLC6A8;TK1;ECT2;TOP2A;ZWINT;CDT1;CYBRD1;NUSAP1;TPX2;MRC2;ANLN;UHRF1;EZH2;MKI67;PTTG1;KIFC1;FANCI;GPSM2;CDKN2C;KIF23;CENPW;CENPM;MCM6;RRM2;FANCA;PRC1;NCAPG;TFRC;TROAP;NCAPG2;MYBL2;RAD54L;CKS2;RECQL4;PCLAF;CCNB1;CENPF;CCNB2;BIRC5;FAM83D;PLK1;NDC80;FOXM1;HJURP;CDC20;ASPM;FHDC1;KPNA2;HMMR;CDC45;MELK;RIPOR3;KIF20A;WDR76;GTSE1;KIF11;KIF2C;AQP3;DLGAP5;NOP16;SPC25;KIF18A;CDCA2;ORC6;SPTB;SPAG5;CDCA3;MYC;CDCA8;CKAP2;NEK2;DEPDC1;TTK;SOX6;AURKB;CENPP;UBE2C;CENPE;KNSTRN;CKAP2L;LIG1;CCNF;POLQ;KIF15;TACC3;BUB1;CENPA;NCAPD2,anal_pc5_c21_S1.filtered.gene_spectra_score.k_3.dt_0_01.txt
3,2,OLR1_CLASSICAL_MONOCYTE,1.91352964739264,0.0,0.0002239817980704881,prerank,0.4477541300976745,0.045,142/338,23.60%,CD53;LCP1;MYO1G;HCLS1;TRAF1;SRGN;ADA2;CHST11;NABP1;LCP2;DOCK10;SLA;FERMT3;ADAM19;TNFRSF1B;CYBB;ADAM8;SLAMF1;GPR132;GPR183;SPI1;PIK3R5;ALOX5AP;LAT2;SERPINB9;LAIR1;PIK3AP1;ARRB2;FGR;CTSH;PLEK;ITGAX;LILRB1;IFI30;CLEC7A;MS4A7;SIGLEC10;SAMSN1;EMP3;HCK;TNFAIP3;CD163;AMPD3;CSF2RA;HAVCR2;EHD1;IL6R;LILRB2;DOK3;CD83;CPVL;SH2B3;LYZ;FAM107B;C3AR1;RAB8B;EMILIN2;CD14;LST1;FCGR2A;PARP14;KCNN4;GRAMD1A;PLK3;TYROBP;DPYD;IRF7;GPCPD1;MAP3K8;SLC2A3;PDE4B;PLEKHO2;FCER1G;HS3ST3B1;HIVEP3;SLC2A6;SIRPA;BCL2A1;TNFSF8;CFP;RILPL2;SLC16A6;ICAM1;AIF1;IL4I1;ST3GAL2;SIGLEC9;GBP2;NFKBIE;RASSF4;BASP1;LYN;NCF2;LY96;GSAP;RGCC;MX2;CSF3R;PSAP;DDX60L;EPSTI1;SLC15A3;NEK6;NLRP3;SNX10;SEMA6B;CCR1;STX11;TLR4;IGSF6;PTAFR;TLR2;FPR1;TNIP3;ADGRE2;ZNF267;GPR137B;NDST2;CD300E;BATF3;CCL3;RARA;CSRNP1;JARID2;PFKFB3;SLC11A1;LILRA5;CLEC4A;PTGER2;UPP1;GLIPR2;ITGA5;ARHGAP31;MPP1;KYNU;CLEC5A;ACSL4;IL6;LILRA6;SLC43A2;GBP1;ZC3H12A,anal_pc5_c21_S1.filtered.gene_spectra_score.k_3.dt_0_01.txt
3,2,HYPERTROPHIC_CHONDROCYTE,-1.9133205558102389,0.0,0.0005507664659339852,prerank,-0.43208782726934347,0.041,75/167,25.10%,DDR1;GPC1;LGALS3;GSN;CD24;CA12;NUPR1;CKB;PLXNB1;MGST1;NIBAN2;S100P;CA2;GPC3;MTSS2;MXRA7;FGFR3;LOXL4;SLC6A8;SERPINA1;DSTN;TOB1;WNT5A;TLN2;PDLIM4;PPFIBP1;TSPAN13;NRCAM;NDRG1;MFGE8;BMP2;ASS1;TTLL7;CYSTM1;TXNDC17;MELTF;DBI;AVPI1;WNT4;TFRC;CDKN1A;PCSK6;ARHGAP44;SCD;PDPN;CRYAB;SLC16A1;CRISPLD2;ANGPTL2;SMOC2;PAMR1;SNORC;CDKN1C;KLHL21;HMGCR;SLC2A1;TPM2;AGPAT2;LOX;SMPD3;VLDLR;SCIN;FOS;ERRFI1;TNFRSF12A;HAS2;FOXA3;P3H2;STK38L;MXI1;SPON2;GPSM1;WNT11;IER3;HAPLN1,anal_pc5_c21_S1.filtered.gene_spectra_score.k_3.dt_0_01.txt
3,2,FIBROCARTILAGE_CHONDROCYTE,-1.9121051622285543,0.0,0.0005598427037061918,prerank,-0.5766572275662479,0.042,18/37,19.70%,CKB;EPS8L2;SERPINA1;TUBB4B;P4HA2;OBSL1;PDLIM4;FXYD6;PLOD2;TUBB2B;AVPI1;CRYAB;ANGPTL2;GPRC5C;SNORC;FRZB;SCIN;IGFBP3,anal_pc5_c21_S1.filtered.gene_spectra_score.k_3.dt_0_01.txt
3,2,CTX_BIG_GROUPS_BRAIN_ENDOTHELIAL,-1.9102550960651548,0.0,0.0005814395065704557,prerank,-0.42081098815657,0.044,95/237,21.52%,JAG1;IFI27;PRXL2A;ID1;HES1;KLF4;IGFBP4;LAMB1;LAMB2;NOTCH3;COL6A1;COL3A1;COL1A2;COL4A2;COL6A2;CA2;SPARC;MFAP2;FSTL1;DCN;MYO6;SLC12A2;EFNA1;TM4SF1;APCDD1;LAMC1;EPAS1;CALD1;COL18A1;PLCE1;COL4A1;ID3;TJP1;FN1;IFITM3;LAMA4;ANXA1;SERPINH1;MGLL;MMP28;SEMA5A;TFPI;COL5A2;UACA;NID1;MECOM;IGFBP7;FOXQ1;CAVIN1;CAV2;AEBP1;ITIH5;CDH11;SLC7A1;DOCK6;SMTN;MYO1B;ECM1;ECE1;TFRC;NR2F2;CA4;PCDH18;MT2A;PCOLCE;RAPGEF5;PDGFRB;MYL9;HYAL2;SLC16A1;TSPAN9;UNC5B;BGN;PLAT;VWA1;RBMS3;IFI6;TIMP3;SORBS3;NOSTRIN;SLC2A1;WWTR1;TPM2;LAMA2;FRZB;NID2;SERPING1;CD248;CAV1;TNS1;TGFB1I1;CSPG4;PXN;MSRB3;GGT5,anal_pc5_c21_S1.filtered.gene_spectra_score.k_3.dt_0_01.txt
3,2,PLACENTA_EXTRAVILLOUS_TROPHOBLASTS,-1.9054767074560743,0.0,0.000665540873107643,prerank,-0.5779746450694356,0.05,15/35,22.58%,COL17A1;FAT2;AOC1;TNFSF10;FSTL1;QSOX1;FN1;HTRA1;HSPG2;LY6K;NOS2;ASAP3;SYT8;LY6D;SEMA4C,anal_pc5_c21_S1.filtered.gene_spectra_score.k_3.dt_0_01.txt
3,2,IRIS_CILIARY_BODY_MEG3_HIGH_FIBROBLASTS,-1.9049363807432613,0.0,0.0006612191791264245,prerank,-0.5227015215518519,0.05,27/56,21.18%,KRT17;COL3A1;COL1A2;COL5A1;ELN;HSPA1B;UGDH;MAPK10;JUN;MMP2;SLC7A11;COL16A1;ADAM33;FBLIM1;CRISPLD2;AASS;COL27A1;HSPA1A;KRT16;RHOBTB3;ADM;COX6B2;CP;PTPRG;CYP4X1;FGF7;MAP1LC3A,anal_pc5_c21_S1.filtered.gene_spectra_score.k_3.dt_0_01.txt
3,2,NEUROTYPES_HRGL2A,-1.9037973720342711,0.0,0.0006569532489385121,prerank,-0.41570653206239133,0.05,121/274,24.98%,GPC1;CA12;GOLM1;IGFBP2;NTRK2;JAG1;PLXNB1;KRT17;ADGRG1;BMP7;MGST1;HES1;LRP1;NRARP;FAT2;NFIX;LAMB2;ITM2C;COL4A5;TSPAN6;ELN;ARHGEF4;PCDH1;WLS;NFIB;PLCD3;PALLD;RGMA;CDHR1;PHGDH;SLC4A4;EMP1;JUN;ADIRF;ANTXR1;C1orf21;DKK3;FGFR3;ITGB5;EPB41L4B;GJA1;ID4;CDH13;PLPP3;ITGB8;SLC7A11;KRT14;MFAP4;OBSL1;PCDH7;SEMA6A;LAMA4;TCF4;SERPINH1;CELSR1;EFEMP1;MRC2;DTX4;NDRG2;LRIG1;HTRA1;MFGE8;PTPRZ1;ARHGEF26;HES4;PDZRN3;CDC42EP4;TSPAN7;FABP5;TNC;TUBB2B;EGR1;SFRP2;TCIM;SPARCL1;ADAM33;THSD4;PCSK6;MXRA8;CLU;SCD;PDPN;ANOS1;CRYAB;STON2;AASS;COL27A1;F3;TIMP3;BOC;GPC4;CCN1;SPRY2;PER1;DTNA;SFRP1;PARD3B;SPRY1;DNAJB1;GLIS3;FOS;HMGCS1;C12orf75;AIF1L;PDLIM5;LTBP1;HAS2;SELENOP;WWC1;FADS2;SOX6;PMP22;IRX4;SH3PXD2B;VCAM1;SORBS1;LIPG;AFF2;SLC16A9;CCN2;EDNRB,anal_pc5_c21_S1.filtered.gene_spectra_score.k_3.dt_0_01.txt
3,2,LIPOFIBROBLAST,-1.9016465548482606,0.0,0.0006773737841316903,prerank,-0.46828858486584873,0.051,55/107,26.98%,KLF4;IGFBP4;PLA2G2A;C1S;COL3A1;OAF;UGDH;GPRC5A;TGIF1;COL1A1;RDH10;VEGFA;SPTSSA;GJA1;GLI3;THBS2;SERPINF1;MARCKSL1;GATA6;TUBA1C;SEMA6A;SULF2;LDLR;PDLIM4;TSHZ2;HK2;CXCL12;RARRES1;CDKN1A;MT2A;CCDC80;PDPN;C3;RND3;SPRY2;NOP16;NNMT;MYC;C1QTNF1;PHLDA1;FGF7;ERRFI1;PAPPA;HAS2;CPXM1;KLF9;TFPI2;ALDH1A3;SGK1;BNC2;SERPINE2;NAMPT;OSR1;CFI;ATP13A3,anal_pc5_c21_S1.filtered.gene_spectra_score.k_3.dt_0_01.txt
3,2,LATE_IMMATURE_ENTEROCYTES,-1.9008194833747245,0.0,0.0006852967432744003,prerank,-0.5155888689996089,0.052,32/56,25.96%,ALDH1A1;AMN;MISP;TMEM45B;CAMK2N1;MAOA;ATP1B1;CA2;PTGR1;SLC4A4;ADIRF;RBM47;AKR1B10;S100A14;CYP3A5;MALL;CYBRD1;FTH1;CYSTM1;FTL;HSD17B11;BTNL8;ACOX1;TDP2;SLC5A1;SMPD3;ACAA2;ACE;ACSL5;GDA;CYB5A;XDH,anal_pc5_c21_S1.filtered.gene_spectra_score.k_3.dt_0_01.txt
3,2,KIDNEY_0_CAP_MESENCHYME,-1.8999559503984145,0.002304147465437788,0.0006809594221144358,prerank,-0.6645487445329781,0.052,14/21,16.22%,NTRK2;MDK;PRXL2A;RBP1;SOX4;TOP2A;LAMA4;NR2F1;HMGB2;MKI67;NR2F2;SMC4;CENPF;DACH1,anal_pc5_c21_S1.filtered.gene_spectra_score.k_3.dt_0_01.txt
3,2,HIGH_GRADE_CHONDROSARCOMA,-1.8978043487722607,0.0,0.0007008436819695294,prerank,-0.44094176637828747,0.054,76/166,24.46%,GSN;COL7A1;JAG1;ADGRG1;BMP7;PRXL2A;NFIX;CAMK2N1;PPP1R1B;ATP1B1;B3GNT7;NIBAN2;SDC4;MLPH;ELN;A4GALT;UGDH;LTBP4;WFDC2;EMP1;LAMC1;C1orf21;EPAS1;SPTSSA;SLC26A2;KRT14;OBSL1;IGFBP5;COL16A1;CYBRD1;TJP1;TOB1;MGLL;CRIM1;COL14A1;CSTB;CCL28;EDIL3;SMAGP;MAP1B;CAV2;ASS1;EPS8;CYSTM1;SUSD4;AHNAK2;FBLN2;TPST1;CRYAB;BCL6;WASL;BGN;COL27A1;PRRX1;SLC2A1;LTBP2;SPRY2;LOX;PMAIP1;SYT8;TNS1;STXBP6;HMGCS1;MAP1LC3A;PAPPA;LNX1;SRPX2;PRUNE2;STK38L;SLC12A4;KLF9;CSNK1E;CCDC68;CNFN;C1orf198;GPSM1,anal_pc5_c21_S1.filtered.gene_spectra_score.k_3.dt_0_01.txt
3,2,KIDNEY_2_NEPHRON_PROGENITOR,-1.895677034659757,0.0,0.0007204793885764342,prerank,-0.6850876578393443,0.054,12/19,12.36%,EPCAM;CD24;JAG1;HES1;SOX4;LAMB1;MARCKSL1;ODC1;HOXB3;MECOM;TUBB2B;DBI,anal_pc5_c21_S1.filtered.gene_spectra_score.k_3.dt_0_01.txt
3,2,MAST,1.8952520104614743,0.0,0.00031289947334204796,prerank,0.48132811678246257,0.062,51/144,13.38%,LAPTM5;ARHGAP15;CD53;RAC2;LCP1;HCLS1;CD37;ARHGDIB;LPXN;SRGN;NABP1;LAT;PTPN7;DOCK10;BIN2;ADAM8;ATP2A3;NCF4;GRAP2;ALOX5;CD84;RHOH;GMFG;ALOX5AP;LAT2;TESPA1;CD69;LAIR1;BATF;PLEK;TSC22D3;RGS1;SAMSN1;ARHGEF6;EMP3;GPR65;BTK;TNFAIP3;ELOVL5;CD83;CSF2RB;BTG2;PAG1;TYROBP;LYST;PIK3R6;SLC2A3;S100A4;FCER1G;GAPT;ITGAM,anal_pc5_c21_S1.filtered.gene_spectra_score.k_3.dt_0_01.txt
3,2,RETINA_HORIZONTAL,-1.8885981567292724,0.002053388090349076,0.0007637379854060753,prerank,-0.7209109525536531,0.056,9/15,14.92%,CD24;SOX4;TFAP2A;MEIS1;SULF2;PLXNA2;TUBB2B;NDRG4;MAGI1,anal_pc5_c21_S1.filtered.gene_spectra_score.k_3.dt_0_01.txt
3,2,HEART_STROMAL,-1.8868082286602683,0.0,0.0007590235533973958,prerank,-0.6119142199440406,0.056,20/28,27.80%,FBLN1;COL1A2;GPC3;DCN;COL1A1;LUM;SERPINF1;PTN;PCOLCE;ADAMTS2;PDGFRA;CCL11;SCARA5;ABCA10;PRELP;CILP;ISLR;MFAP5;DPT;HTRA3,anal_pc5_c21_S1.filtered.gene_spectra_score.k_3.dt_0_01.txt
3,2,LATE_MESOTHELIAL,-1.8700786632988984,0.0,0.0008958107735265276,prerank,-0.4001760967611456,0.067,141/348,21.76%,KRT8;DDR1;KRT19;SPINT1;IGFBP2;PLXNB1;EPS8L2;IFI27;NQO1;NEDD4L;LAMA5;NPDC1;MISP;TCEA3;C1R;PLA2G2A;ITGA6;ALCAM;NPNT;CDH3;SDC4;MLPH;CA2;CLDN1;DSC2;CGN;MAL2;A4GALT;GPRC5A;PLCD3;PLEKHG3;CDCP1;IGSF9;UCHL1;FLNB;LAMA3;WFDC2;EMP1;MTUS1;ADIRF;ITGA3;EFNB2;EFNA1;RBM47;TM4SF1;PPL;SLPI;RDH10;KLK1;FAM3B;MYO5B;GJA1;COL18A1;ITGB8;ADAM15;SLC26A2;P4HA2;OBSL1;SEMA6A;TOB1;ANXA1;MGLL;MMP28;EFEMP1;CRIM1;STAP2;DHRS3;GAS6;PDLIM4;TMEM176B;KLK11;HTRA1;CFB;HSPG2;ANXA8;NET1;FLRT2;NDRG1;NAV2;CADPS2;CAV2;ASS1;PDZK1IP1;EPS8;LMO7;TNXB;TSPAN7;CYSTM1;KLK10;AHNAK2;SEMA3C;LIMS2;RHPN2;AVPI1;CRACR2B;SHTN1;AQP1;CDKN1A;ADAM33;THSD4;TMEM132A;SULF1;PDPN;ANOS1;NSG1;TMEM176A;AMOTL2;SLC16A1;NMU;GRB7;LAMC2;SMOC2;LGALS2;CCDC85C;C3;CFH;MEGF6;PDGFA;FAM110C;ANXA3;AQP3;HPGD;EPS8L1;SMPD3;COL4A6;KRT7;PODN;PARD3B;CYP4B1;MT1X;MYRF;KANK1;CYP4X1;CYP27A1;C1QTNF1;MET;MSLN;ERRFI1;PDLIM5;SBSPON;TNFSF13,anal_pc5_c21_S1.filtered.gene_spectra_score.k_3.dt_0_01.txt
3,2,INTERSTITIUM,-1.8680184943781095,0.0,0.0009254938487404604,prerank,-0.5191729432800019,0.07,35/52,28.84%,DST;TPM1;PRKG1;COL4A2;PALLD;DCN;THBS1;CALD1;COL4A1;MEIS1;A2M;UACA;IGFBP7;NAV2;EPS8;TSHZ2;TNC;THSD4;USP53;TTC28;DACH1;RBMS3;TIMP3;CCN1;LAMA2;PDLIM5;SLIT3;MGP;SORBS1;MEIS2;KALRN;LHFPL6;NEGR1;ITSN1;CACNA1C,anal_pc5_c21_S1.filtered.gene_spectra_score.k_3.dt_0_01.txt
3,2,CD4_T,1.8668293417817894,0.0,0.00045693599840857755,prerank,0.6822524772619678,0.087,12/22,11.76%,CD4;CD6;THEMIS;GPR183;CD5;SUSD3;SIT1;CCR7;ICOS;CD40LG;TRAT1;LRRN3,anal_pc5_c21_S1.filtered.gene_spectra_score.k_3.dt_0_01.txt
3,2,CORNEA_CONJUNCTIVAL,-1.866684401877932,0.0,0.0009198847951117303,prerank,-0.5295310979891035,0.07,29/50,21.58%,CDH1;MUC4;SCNN1A;NUPR1;IFI27;MUC1;MAOA;NIBAN2;ATP10B;OCLN;CEACAM6;PPL;BICDL2;MALL;LAD1;LDLR;EPHB3;ST3GAL4;CEACAM1;B3GNT5;CDKN1A;C1orf116;PTPN13;GLTP;KRT7;SPRR1B;RHCG;HMGCS1;PDLIM5,anal_pc5_c21_S1.filtered.gene_spectra_score.k_3.dt_0_01.txt
3,2,CTX_BIG_GROUPS_CAJAL_RETZIUS,-1.866681426042938,0.0,0.0009143433204423825,prerank,-0.4289308915067763,0.07,75/179,23.80%,CDH1;PKP1;MYH14;NUPR1;FBLN1;NQO1;EPPK1;MAOA;TUSC3;COL6A1;ITM2C;IRF6;CA2;MFAP2;OAF;PLCB4;RGMA;IGSF9;AKAP1;PPL;MXRA7;CASZ1;CPE;COL18A1;CYP3A5;TUBB4B;IGFBP5;MARCKSL1;TNFRSF11A;PLD1;GAS6;SCARA3;CAPN8;CRABP2;PPARGC1A;PLOD2;CYSTM1;PTPRU;SUSD4;TP73;FBLN2;MXRA5;CRACR2B;NDRG4;WNT4;CACNA2D3;CDKN1A;TMEM238L;CLU;NSG1;CRYAB;TSPAN9;CYGB;MICOS10;FST;ADAMTS2;SNCA;AGPAT2;DEGS2;SHISA2;PLSCR4;CYP4X1;PTPRN2;HMGCS1;MAST4;MAP1LC3A;THSD7B;VSTM4;ACOT7;ME1;GCHFR;OLFM1;LSAMP;SPINK5;ZNF503,anal_pc5_c21_S1.filtered.gene_spectra_score.k_3.dt_0_01.txt
3,2,MAJOR_TYPES_OPC,-1.8644298846820755,0.0,0.0009318775325299988,prerank,-0.5174138271218521,0.072,23/48,25.84%,ALCAM;ITM2C;SPARC;PLPP3;ITGB8;MMP2;PTN;SEMA5A;PTPRZ1;TSPAN7;DBI;EPB41L2;PLAT;ANGPTL2;PDGFRA;SPRY1;KANK1;SOX6;SPRY4;LSAMP;EDNRB;SERPINE2;RAMP1,anal_pc5_c21_S1.filtered.gene_spectra_score.k_3.dt_0_01.txt
3,2,PLACENTA_IGFBP1_DKK1_POSITIVE,-1.8628895560891163,0.0,0.0009492030039975246,prerank,-0.49443383981625944,0.074,50/75,37.42%,IGFBP2;RBP1;IGFBP4;C1R;HEPH;PARM1;HOXD10;LUM;IGFBP5;SULF2;WNT5A;PLPP1;MFGE8;MELTF;WNT4;MXRA8;CRLF1;THY1;CFD;CD248;SCARA5;GGT5;SSC5D;CPXM1;OSR2;ALDH1A3;C11orf96;RAMP1;IGFBP6;CILP;ISLR;CACNB2;SDC3;DKK1;CTSK;CHRD;NPR3;GLB1L2;TIMP1;PCSK1;SPOCK1;GRIA3;TRPC4;APOD;S100A3;TMEM45A;AOX1;CHRDL1;COX7A1;GAS1,anal_pc5_c21_S1.filtered.gene_spectra_score.k_3.dt_0_01.txt
3,2,FGFR1LOW_EPITHELIAL,1.862299204328545,0.0,0.000480100114994568,prerank,0.6658934372454175,0.091,13/21,11.82%,LAPTM5;CYTIP;IL10RA;TRAF1;LPXN;CD52;TCF7;CD69;PHTF2;PIP4K2A;SH3KBP1;L3MBTL3;SLC2A3,anal_pc5_c21_S1.filtered.gene_spectra_score.k_3.dt_0_01.txt
3,2,NEUROTYPES_HRGL1,-1.8610171823932495,0.0,0.0009890604624244541,prerank,-0.4381452201290392,0.078,59/152,22.80%,IGFBP2;BMP7;MGST1;HES1;TFF3;FAT2;LAMB2;NPNT;COL4A5;ELN;WLS;NFIB;RGMA;DCN;APCDD1;ANTXR1;FGFR3;ID4;COL18A1;ITGB8;IGFBP5;ID3;SULF2;WNT5A;EPHB4;CELSR1;DTX4;ARHGEF26;PLOD2;HK2;BLVRB;B3GNT5;CLU;SCD;HEY1;PDPN;CRYAB;STON2;COL21A1;DACH1;PDE3A;AASS;GPRC5C;FOXM1;IFI6;GPC4;CCN1;FRZB;PARD3B;GLIS3;PLSCR4;VSTM4;PDLIM5;LTBP1;TSPAN11;TTK;NES;SOX6;PMP22,anal_pc5_c21_S1.filtered.gene_spectra_score.k_3.dt_0_01.txt
3,2,IRIS_CILIARY_BODY_WIF1_HIGH_FIBROBLASTS,-1.860932962840308,0.0,0.0009832424597043103,prerank,-0.5252383414017678,0.078,30/51,25.94%,ZNF703;AKR1C3;DPYSL3;ADIRF;TGIF1;LUM;CALD1;PLPP3;TUBB4B;NR2F1;TMEM176B;SOD3;FHL2;CDH11;TGFBI;CSRP1;CDKN1A;TMEM176A;RASD1;PRRX1;MT1X;FOS;SCARA5;PAPPA;FMOD;LSAMP;KLF9;LAMC3;FHL1;RGL3,anal_pc5_c21_S1.filtered.gene_spectra_score.k_3.dt_0_01.txt
3,2,MYOFIBROBLAST,-1.8608982213032736,0.0,0.0009774925037996068,prerank,-0.522931773121793,0.078,28/46,28.06%,CXCL14;ATP1B1;COL3A1;ROBO1;COL1A1;CNN3;DKK3;MMP2;COL16A1;WNT5A;ENC1;SCARA3;TNC;TGFBI;RARRES1;CLU;VCAN;PAMR1;COL12A1;CFH;LTBP2;SLITRK6;CCDC68;CTHRC1;CCN2;PRELP;DPT;LXN,anal_pc5_c21_S1.filtered.gene_spectra_score.k_3.dt_0_01.txt
3,2,MICROGLIA,1.858604663001838,0.0,0.0005074102702108072,prerank,0.42548492686064676,0.098,119/407,13.90%,LAPTM5;ARHGAP15;ITGAL;IKZF1;DOCK2;TRAF3IP3;ARHGAP30;FMNL1;CD74;LCP1;PTPRC;CYTH4;FYB1;CD37;APBB1IP;FGD3;ITGB2;FGD2;DOCK8;IL10RA;NCKAP1L;INPP5D;SP140;MYO1F;WDFY4;SPN;ADCY7;RIPOR2;AOAH;DOCK11;GLIPR1;CARD11;KIF21B;CYBB;VAV1;PRKCB;SFMBT2;SKAP1;IRF8;FYN;SMAP2;CYFIP2;ICAM3;MGAT4A;ARHGAP25;GPR183;SPI1;GMIP;CD247;BANK1;CD84;PIK3R5;RHOH;FCHO1;ALOX5AP;PTPN22;MS4A6A;TMEM106A;GAB3;ITPR2;LAT2;KCNA3;STAB1;PIK3AP1;KLF12;FMNL3;CSF1R;ST8SIA4;PLEK;ITGAX;RGS1;TLR6;CLEC7A;MS4A7;SIGLEC10;SAMSN1;MAST3;IPCEF1;HCK;MATK;RNASET2;LY86;CSF2RA;C1QC;SLC7A7;HAVCR2;PTPRJ;CD163L1;IL6R;CISH;ST6GAL1;C1QA;CD83;ADAP2;DTX1;NRROS;PIP4K2A;TRPM2;TXK;C1QB;CD14;ENTPD1;FCGR2A;PLK3;LRRN3;RUNX2;TLR1;TNF;TFEC;ATP8B4;F13A1;TBXAS1;P2RY13;ITGAM;IL17RA;ADAM28;HAGHL;TMEM273;GPR34,anal_pc5_c21_S1.filtered.gene_spectra_score.k_3.dt_0_01.txt
3,2,OLFACTORY_NEUROEPITHELIUM_OLFACTORY_HORIZONTAL_BASAL,-1.850012938224455,0.004273504273504274,0.0011840436463426672,prerank,-0.6980583080189756,0.094,12/15,20.52%,CXCL14;DST;BCAM;KRT15;KRT17;S100A2;IGFBP5;TSC22D1;F3;AQP3;MT1X;MYC,anal_pc5_c21_S1.filtered.gene_spectra_score.k_3.dt_0_01.txt
3,2,HEART_LEFT_VENTRICULAR_CARDIOMYOCYTE,-1.8450174305831386,0.0021645021645021645,0.0012549390506225368,prerank,-0.6126270352313932,0.099,19/24,33.52%,CXCL14;HES1;SOX4;COL3A1;TM4SF1;GJA1;ANXA1;TFPI;THY1;PHLDA1;BRIP1;CTHRC1;HAPLN1;PLK2;CCL2;PLVAP;POSTN;ESAM;RAMP2,anal_pc5_c21_S1.filtered.gene_spectra_score.k_3.dt_0_01.txt
3,2,HEART_COMPACT_VENTRICULAR_CARDIOMYOCYTE,-1.8446500948745166,0.0,0.0012587685869381382,prerank,-0.539639081911426,0.1,23/45,17.60%,CXCL14;LGALS3;KLF4;COL6A1;COL3A1;COL1A2;COL6A2;COL5A1;ELN;SPARC;DCN;COL6A3;COL1A1;LUM;MMP2;FN1;COL5A2;FBN1;SPARCL1;CRYAB;COL15A1;COL12A1;TIMP2,anal_pc5_c21_S1.filtered.gene_spectra_score.k_3.dt_0_01.txt
3,2,MARROW_PRO_B,-1.839484039197844,0.0,0.0013284267583656922,prerank,-0.4757950168677631,0.105,57/82,27.48%,CD24;TYMS;HELLS;PHGDH;CDKN2A;TOP2A;ZWINT;MARCKSL1;NUSAP1;TPX2;TCF19;E2F1;EZH2;HMGB2;LMNB1;MKI67;KIFC1;MFGE8;CDKN2C;CENPM;CCNE2;MYO3A;EPB41L2;SMC4;CENPF;CEP70;BIRC5;NDC80;FOXM1;HJURP;CEP55;ASPM;KPNA2;WDR76;GTSE1;KIF11;SPC25;ARL6IP1;CDCA8;ACOT7;AURKB;INCENP;CDCA7L;UBE2C;CKAP2L;LIG1;CCNF;PSRC1;KIF15;TACC3;CENPA;NCAPD2;FAM111B;ACAT2;ANP32E;NUF2;KIF14,anal_pc5_c21_S1.filtered.gene_spectra_score.k_3.dt_0_01.txt
3,2,LGR5POS_STEM,-1.8378679026141256,0.0,0.0013427115878015365,prerank,-0.6533797440792647,0.107,14/20,26.04%,GPX2;MGST1;PPP1R1B;ATP10B;LEFTY1;SLPI;EVPL;SULT1B1;RGMB;GJB2;GDF15;ITPKC;LIPG;LGR5,anal_pc5_c21_S1.filtered.gene_spectra_score.k_3.dt_0_01.txt
3,2,SQUAMOUS,-1.8372890403935438,0.0,0.0013568350067352812,prerank,-0.42135888739395116,0.108,101/173,30.46%,PKP1;LRATD1;MUC4;TSPAN1;CALML3;FAM3D;SCNN1A;EHF;KRT15;IFI27;C15orf48;TMPRSS4;SERPINB5;PITX1;AMN;FUT3;CAMK2N1;B3GNT3;S100P;CLDN1;TNFSF10;C6orf132;GCNT3;FUT6;EMP1;MUC20;TM4SF1;CEACAM6;BICDL2;SLPI;PLEKHG6;ITGB8;ALS2CL;CSTA;LCN2;CDKN2B;PLD1;MEIS1;ANXA1;MGLL;GRHL1;UACA;SDCBP2;TUFT1;ASS1;RHOV;TMEM184A;FRMD6;ECM1;LYPD3;NECTIN4;SYTL2;TMPRSS11E;CDKN1A;CRYAB;SPRR3;KRT80;IFI6;SMPDL3A;KRT16;F3;RND3;SLC45A4;ZNF750;PHLDA2;HPGD;EPS8L1;KRT7;VLDLR;RHCG;PHLDA1;KRT13;LNX1;ADGRF1;SRPX2;ZNF185;SPINK5;KRT23;SPNS2;RDH13;ALDH1A3;DENND2C;GRAMD2B;BARX2;BNIPL;TMEM40;ARRDC4;CTSV;CRYBG2;PSCA;A2ML1;DEFB1;SERPINB2;CERS3;KRT4;GNG4;TP53INP2;ACHE;ISG15;FBXO32;SCEL,anal_pc5_c21_S1.filtered.gene_spectra_score.k_3.dt_0_01.txt
3,2,ALVEOLAR_EPITHELIAL_TYPE_1,-1.8355956567627412,0.0,0.0013815934342739115,prerank,-0.4092523011046781,0.109,91/209,21.72%,EPCAM;KRT8;CLDN7;CLDN4;DST;KRT19;SPINT1;LGALS3;CKB;TACSTD2;VSIG2;EPS8L2;PRSS8;LAMB3;NEDD4L;RBP1;B3GNT7;COL4A2;SPARC;CGN;GPRC5A;LAMA3;ITGA3;EFNA1;TM4SF1;CEACAM6;LAMC1;VEGFA;GJA1;PLCE1;ALS2CL;PKDCC;COL4A1;P4HA2;CYBRD1;FN1;CDKN2B;MGLL;EFEMP1;SEMA5A;ST3GAL4;GAS6;PPFIBP1;TSPAN13;HSPG2;IGFBP7;EHD2;TSPAN15;ARHGEF26;CAV2;TTLL7;LMO7;TSPAN7;CYSTM1;SCNN1B;LIMS2;MYO1B;ABCA8;CDKN1A;MT2A;PDPN;ANOS1;MYL9;CRYAB;FBLN5;LAMC2;DPYSL2;ANGPTL2;PHLDB2;COL12A1;TIMP3;GPRIN2;TIMP2;PDGFA;ABI3BP;ANXA3;CCN1;TAGLN;KRT7;CAV1;CYP4B1;MT1X;DNAJB1;MYRF;TNS1;ACAA2;SNX21;MSLN;ERRFI1;TNFRSF12A;SBSPON,anal_pc5_c21_S1.filtered.gene_spectra_score.k_3.dt_0_01.txt
3,2,INTESTINE_STROMAL,-1.8354161176125972,0.0,0.0013738750351997555,prerank,-0.6318331490747022,0.109,14/21,29.32%,CXCL14;FBLN1;LUM;LRP4;FZD10;PDGFRB;PDGFRA;ADH1B;ADAMTS14;SPON2;CH25H;TMEM119;DPT;ITGA11,anal_pc5_c21_S1.filtered.gene_spectra_score.k_3.dt_0_01.txt
3,2,CL16_LYMPHATIC_ENDOTHELIAL,-1.824139647359887,0.0,0.0016330866141065846,prerank,-0.43879121418694655,0.133,45/107,20.58%,LGALS3;ALDH1A1;PRXL2A;KLF4;IGFBP4;TFF3;MFAP2;TNFSF10;NFIB;JUN;MTUS1;EFNA1;TM4SF1;PRSS23;GJA1;MMP2;FN1;IFITM3;LAMA4;TCF4;EFEMP1;TFPI;A2M;PPFIBP1;DOCK5;IGFBP7;CAVIN1;MAP1B;FXYD6;FABP5;SMTN;SMAD1;NR2F2;CLU;PDPN;HYAL2;TIMP3;ADM;ABI3BP;CCN1;LOX;SERPING1;ARL6IP1;NNMT;FOS,anal_pc5_c21_S1.filtered.gene_spectra_score.k_3.dt_0_01.txt
3,2,KIDNEY_4_PODOCYTES,-1.8240969504582043,0.0,0.001624064036128095,prerank,-0.478303706638238,0.133,33/75,16.86%,DST;BCAM;NTRK2;BMP7;TPM1;ALCAM;NPNT;DSC2;SPARC;PALLD;EFNB2;VEGFA;CALD1;COL18A1;PLCE1;DSTN;TJP1;CRIM1;PTPRD;UACA;HTRA1;PLA2R1;ITIH5;PLOD2;SEPTIN11;CXCL12;TPPP3;SDC2;MXRA8;SULF1;MYL9;DACH1;CDKN1C,anal_pc5_c21_S1.filtered.gene_spectra_score.k_3.dt_0_01.txt
3,2,HEART_TRABECULAR_VENTRICULAR_CARDIOMYOCYTE,-1.8222124443382797,0.0,0.0016362535564739533,prerank,-0.5139751481979538,0.135,23/49,21.48%,KRT8;KRT19;CD24;MGST1;HES1;CDH3;TOB1;TSPAN13;NET1;CRABP2;SCD;HEY1;HMGA2;RASD1;VCAN;HMGCR;KPNA2;SLC2A1;ANXA3;CCN1;NOP16;DNAJB1;TNFRSF12A,anal_pc5_c21_S1.filtered.gene_spectra_score.k_3.dt_0_01.txt
3,2,LYMPHATIC,-1.8153969746963257,0.0,0.0018582856361097101,prerank,-0.43344469648292455,0.153,53/142,17.76%,LRATD1;LGALS3;MGST1;TFF3;B3GNT7;COL6A2;ELN;MFAP2;OAF;LTBP4;SPHK1;NTN1;LAMC1;GSTA4;DKK3;MMP2;MFAP4;IGFBP5;FN1;LAMA4;MGLL;EFEMP1;PTPN3;NR2F1;PDLIM4;PPFIBP1;IGFBP7;MAP1B;EMILIN1;FHL2;TSHZ2;FABP5;SCN9A;LAYN;SCNN1B;SLC7A1;BACE2;HOXD9;FRMD6;TGFBI;SMAD1;NR2F2;CLU;CCDC80;PDPN;STON2;DMTN;PHLDB2;PLBD1;TIMP2;CFH;MEGF6;PDGFA,anal_pc5_c21_S1.filtered.gene_spectra_score.k_3.dt_0_01.txt
3,2,CORNEA_FIBROBLASTS,-1.8147718476294303,0.0,0.001858627987921816,prerank,-0.47882844382782497,0.154,32/62,21.82%,AKR1C2;LAMB2;PPP1R1B;ITM2C;COL6A3;TM4SF1;LAMC1;THBS1;CNN3;MFAP4;TFPI;PDLIM4;PLOD2;TSHZ2;FTL;CCDC80;MYL9;FBLN5;DPYSL2;RBMS3;PRRX1;COL12A1;SNCA;LTBP2;TPM2;MYLK;IGFBP3;TNS1;CTNNAL1;ERRFI1;NT5E;SELENOP,anal_pc5_c21_S1.filtered.gene_spectra_score.k_3.dt_0_01.txt
3,2,THYMUS_VASCULAR_ENDOTHELIAL,-1.8111334636058454,0.0,0.0019108930810531734,prerank,-0.4515139371909366,0.158,72/97,43.44%,BCAM;ID1;ITGA6;EPAS1;COL4A1;TNFRSF11A;EPHB4;PPARG;TFPI;A2M;HOXB3;PPFIBP1;MECOM;NR3C2;PRELID2;MYO1B;NUAK1;COL15A1;RNF152;WWTR1;FGD4;CAV1;GLIS3;STXBP6;MET;PROX1;MCAM;ERG;KALRN;PODXL;FGD5;VWF;PRR5L;CALCRL;HMCN1;PGM5;ARHGAP29;PLVAP;ADAMTS9;CAVIN2;CLDN5;LDB2;HIF3A;ZNF521;PREX2;EGFL7;PRCP;PTPRB;TGM2;GASK1B;ADGRL4;RHOJ;NRN1;SHANK3;RASIP1;TIE1;SEMA3A;ADGRF5;ADCY4;TLL1;ARAP3;ECSCR;ST6GALNAC3;THSD7A;TEK;GJA4;CCL21;PALMD;EMCN;FLT1;MYRIP;KDR,anal_pc5_c21_S1.filtered.gene_spectra_score.k_3.dt_0_01.txt
3,2,OLFACTORY_NEUROEPITHELIUM_OLFACTORY_MICROVILLAR,-1.8097122693734238,0.0041753653444676405,0.0019212783695371578,prerank,-0.6055729943336795,0.159,11/24,11.94%,EPCAM;KRT8;CD24;GOLM1;C15orf48;MGST1;FAM3B;ENC1;SEMA3C;TUBB2B;SCNN1B,anal_pc5_c21_S1.filtered.gene_spectra_score.k_3.dt_0_01.txt
3,2,ORG_OTHER,-1.8083208823533288,0.0,0.0019212783695371583,prerank,-0.5134870665494633,0.16,23/49,24.22%,LGALS3;BMP7;ITM2C;SPARC;DKK3;PLPP3;ITGB8;PTN;NDRG2;MFGE8;PTPRZ1;TSPAN7;FABP5;TNC;DBI;TCIM;CLU;PDPN;F3;PTPRN2;GPX3;TUBB2A;NRG1,anal_pc5_c21_S1.filtered.gene_spectra_score.k_3.dt_0_01.txt
3,2,COLLECTING_SYSTEM_PRINCIPAL_CELLS_CORTEX,-1.80502867351365,0.0,0.00197237619851421,prerank,-0.48521883846694086,0.163,33/59,29.34%,HSD11B2;LAMB1;COL4A5;PRKG1;SDK1;NFIB;MAPK10;MYO10;MECOM;NDRG1;CADPS2;NAALADL2;SH3RF1;NR3C2;RBPMS;KAZN;SYTL2;TRPM3;THSD4;PTPN13;PCCA;WWTR1;SCIN;GLIS3;PAPPA;SAMD12;ANK3;EPB41L4A;AHI1;PDE10A;PDE4D;LIMCH1;MAML3,anal_pc5_c21_S1.filtered.gene_spectra_score.k_3.dt_0_01.txt
3,2,OLFACTORY_NEUROEPITHELIUM_MATURE_NEURONS,-1.796568231560483,0.0,0.002246574178136042,prerank,-0.49124629010935766,0.183,18/60,12.80%,EPCAM;GPX2;CKB;JAG1;IFI27;PRXL2A;ATP1B1;MAPK10;UCHL1;MAP1B;FXYD6;TTLL7;TSPAN7;CYSTM1;TSHZ2;SCN9A;TUBB2B;TPPP3,anal_pc5_c21_S1.filtered.gene_spectra_score.k_3.dt_0_01.txt
3,2,MACROPHAGE,1.7960491655047297,0.0,0.0012294123788703613,prerank,0.40854342443278163,0.223,149/458,16.12%,CORO1A;LAPTM5;ARHGAP4;WIPF1;IKZF1;DOCK2;CD53;RAC2;ARHGAP30;IL16;PARVG;FMNL1;CD74;LCP1;PTPRC;STK17B;HCLS1;CYTH4;FYB1;CD37;APBB1IP;PLCB2;ARHGDIB;ITGB2;DOCK8;IL10RA;LSP1;CYBA;PTPN6;SRGN;ADA2;JAML;INPP5D;MYO1F;CD4;CXCR4;LCP2;ADCY7;SLA;AOAH;GPSM3;MPEG1;GLIPR1;TNFRSF1B;CYBB;GIMAP4;CD300A;IRF8;EVI2B;SMAP2;NCF4;DOK2;ALOX5;GPR183;SPI1;WAS;LPAR6;GMFG;POU2F2;ALOX5AP;MS4A6A;UCP2;PREX1;FGL2;LAT2;RIN3;STAB1;LAIR1;PIK3AP1;ARRB2;CSF1R;CTSH;MAN2B1;EVI2A;PLEK;ITGAX;RGS1;THEMIS2;ACP5;COTL1;IFI30;CLEC7A;MS4A7;SAMSN1;REL;HCST;HCK;MAF;RNASET2;LY86;TGFBR2;CD163;C1QC;SLC7A7;MEF2C;GIMAP8;IL6R;LILRB2;C1QA;CD83;ADAP2;CPVL;SH2B3;SIGLEC1;LYZ;C3AR1;C1QB;HERPUD1;SH3KBP1;CD14;BTG2;LST1;FCGR2A;TYROBP;MAP3K8;SLC2A3;S100A4;DUSP2;UTRN;IQGAP2;FCER1G;F13A1;RNASE6;ICAM2;CD68;TBXAS1;ITGAM;SIRPA;BCL2A1;GPR34;RILPL2;AIF1;MRC1;PLD4;MS4A4A;C1orf162;CD86;CTSC;MNDA;ZFP36;BASP1;LYN;NCF2;LY96;RGCC;CSF3R;VSIG4;PSAP;FOLR2,anal_pc5_c21_S1.filtered.gene_spectra_score.k_3.dt_0_01.txt
3,2,CHON1,-1.7920993384060646,0.0,0.002376317983374906,prerank,-0.464166704372512,0.195,42/80,25.52%,NTRK2;HES1;PLA2G2A;TSPAN6;MPZL2;PHGDH;TM4SF1;THBS1;SERPINA1;MFAP4;EFEMP1;TSC22D1;NDRG2;GAS6;TSPAN13;FAM43A;FXYD6;ITIH5;TTLL7;OSMR;INSR;SDC2;CLU;PDPN;SLC39A14;AMOTL2;SLC16A1;AK1;RHOBTB3;FST;CFH;WWTR1;BOC;FRZB;GPC6;RBP4;FOXA3;P3H2;PAM;DDR2;FHL1;C11orf96,anal_pc5_c21_S1.filtered.gene_spectra_score.k_3.dt_0_01.txt
3,2,PDC,1.79196886466505,0.001579778830963665,0.0012708532455738563,prerank,0.4830825822749851,0.233,34/89,16.70%,SEPTIN1;LTB;CD3E;CARD11;ADAM19;ATP2A3;LY9;NIBAN3;CD7;ADGRG5;SEL1L3;SLAMF7;SIT1;SEMA7A;PCED1B;SLA2;CXCR3;SH2D3C;DNASE1L3;ERN1;IRF4;JCHAIN;MZB1;RUNX2;DERL3;STAMBPL1;HS3ST3B1;LIME1;TCL1A;ST3GAL2;SPIB;GZMB;GRAMD1B;CYB561A3,anal_pc5_c21_S1.filtered.gene_spectra_score.k_3.dt_0_01.txt
3,2,SPLEEN_AFP_ALB_POSITIVE,-1.791948269254825,0.0,0.0023739355770197347,prerank,-0.48180929756929214,0.196,21/62,22.76%,MGST1;AMN;GPC3;LOXL4;CYP3A5;SERPINA1;FN1;SULT1E1;CYP4F3;FTL;CLU;MT2A;SCD;SLC39A14;FST;AGPAT2;MT1X;HMGCS1;LRG1;RBP4;SULT1C2,anal_pc5_c21_S1.filtered.gene_spectra_score.k_3.dt_0_01.txt
3,2,CL7_ANGEIOGENIC_ENDOTHELIAL,-1.790415930715207,0.0,0.002431617936445466,prerank,-0.4253153511878151,0.203,41/122,14.36%,GSN;BCAM;IFI27;ID1;HES1;KLF4;NPDC1;IGFBP4;SPARC;HSPA1B;TNFSF10;NFIB;EMP1;JUN;MTUS1;ADIRF;EFNA1;TM4SF1;PRSS23;EPAS1;CPE;RHOB;ID3;FN1;IFITM3;TCF4;TFPI;A2M;TSC22D1;IGFBP7;HSPA2;CAVIN1;CAV2;TSPAN7;EGR1;SPARCL1;AQP1;CDKN1A;CLU;MT2A;HSD17B11,anal_pc5_c21_S1.filtered.gene_spectra_score.k_3.dt_0_01.txt
3,2,PROXIMAL_TUBULE_EPITHELIAL_CELLS_S1_S2,-1.788506920616125,0.0,0.0024588381205993682,prerank,-0.458367119060685,0.205,42/84,25.22%,NEDD4L;PLEKHA6;AGAP1;SDK1;PBX1;NFIB;MAPK10;SLC4A4;MYO6;RBM47;FARP1;CALD1;COL4A1;PATJ;SAMD5;PTPRD;TLN2;PCSK5;PPFIBP1;CNKSR3;INSR;TRPM3;L3MBTL4;TTC28;PCCA;ARHGEF28;RNF152;FGD4;PTPRG;KANK1;GPC6;TNS1;MAST4;ERRFI1;P3H2;PRUNE2;GPX3;PLEKHA7;WWOX;ANK3;SLC16A9;BNC2,anal_pc5_c21_S1.filtered.gene_spectra_score.k_3.dt_0_01.txt
3,2,OLFACTORY_NEUROEPITHELIUM_MAST,1.7881388602651505,0.0017064846416382253,0.001302399248123562,prerank,0.5084396392161846,0.241,32/64,25.82%,RAC2;CD37;SRGN;ALOX5AP;BIRC3;CD69;RGS1;SAMSN1;CKLF;EMP3;GPR65;TNFAIP3;CD83;TYROBP;DUSP2;FCER1G;CCL4;ARHGAP18;SOCS1;ADRB2;FCER1A;RGS13;NR4A3;ACSL4;EGR3;CPA3;RHEX;MS4A2;KIT;HDC;SLC18A2;IL1RL1,anal_pc5_c21_S1.filtered.gene_spectra_score.k_3.dt_0_01.txt
3,2,ENDOCARDIAL,-1.787858853079206,0.0,0.002485777684298076,prerank,-0.5154834266094577,0.209,34/45,42.98%,NBL1;NPDC1;ACKR3;CDH11;FBLN2;ECE1;SPARCL1;HYAL2;PTHLH;NT5E;SMAD6;FMOD;CTHRC1;HAPLN1;FZD4;CPXM2;CALCRL;HMCN1;HRCT1;MMRN2;THBS3;PRCP;POSTN;RAMP2;IL33;FOXC1;CLEC3B;CGNL1;THBD;ECSCR;TMEM100;GJA4;LEPR;EMCN,anal_pc5_c21_S1.filtered.gene_spectra_score.k_3.dt_0_01.txt
3,2,AIRWAY_FIBROBLAST,-1.7865266767290158,0.002173913043478261,0.0025025882351919905,prerank,-0.5907930783741483,0.21,16/24,27.60%,CXCL14;NTRK2;HSD11B2;ALDH1A1;NPNT;EFNB2;SERPINF1;TSPAN13;MECOM;TNC;CFH;COL4A6;FGF7;GPX3;NKD2;DPT,anal_pc5_c21_S1.filtered.gene_spectra_score.k_3.dt_0_01.txt
3,2,PROXIMAL_TUBULE_EPITHELIAL_CELLS_S2,-1.7861196112186843,0.0,0.002499622368530486,prerank,-0.45418984620022973,0.211,51/83,29.16%,PTPRK;TPM1;COL4A2;AGAP1;SDK1;NFIB;MAPK10;FARP1;CALD1;COL18A1;ITGB8;COL4A1;SVIL;PATJ;SEMA5A;CRIM1;PTPRD;PPFIBP1;CNKSR3;EPS8;NTN4;RBPMS;L3MBTL4;TTC28;RBMS3;PARD3B;PTPRG;GLIS3;KANK1;GPC6;MAST4;ERRFI1;PDLIM5;ARHGAP26;WWC1;SOX6;P3H2;PRUNE2;PAM;WWOX;ANK3;BNC2;TRIO;FMNL2;SORBS2;EPB41L4A;TMEM178B;ITSN1;BICC1;NCKAP5;PDE4D,anal_pc5_c21_S1.filtered.gene_spectra_score.k_3.dt_0_01.txt
3,2,PROLIFERATING_MACROPHAGE,-1.779180607484347,0.0,0.0027209983000044016,prerank,-0.37787943232889154,0.231,158/333,26.48%,CLDN7;DST;LGALS3;GSN;EPHX1;NUPR1;AKR1C3;IGFBP2;AKR1C2;IFI27;ALDH1A1;MDK;MGST1;TYMS;LRP1;GLUL;ALCAM;ATP1B1;SERINC2;CES1;MCM4;SDC4;MPZL2;SPARC;PTGR1;CDCP1;CENPU;PHGDH;CDKN2A;CDK1;QSOX1;FAM3B;CPE;ITGB8;SERPINA1;TK1;TUBB4B;TOP2A;SVIL;ZWINT;CSTA;CDT1;FN1;NUSAP1;TUBA1C;TPX2;ANXA1;PPARG;FTH1;ANLN;UHRF1;TCF19;E2F1;EZH2;HMGB2;CSTB;MKI67;PTTG1;KIFC1;FANCI;SORT1;GPSM2;TXNDC17;FABP5;SEPTIN11;FTL;CDKN2C;KIF23;CENPW;CENPM;CBR3;DBI;MCM6;RRM2;AVPI1;BLVRB;PRC1;TGFBI;NCAPG;TROAP;MT2A;HSD17B11;SCD;MYBL2;CKS2;CFD;SMC4;PCLAF;CCNB1;CENPF;CCNB2;BIRC5;PLK1;DPYSL2;NDC80;PLBD1;FOXM1;IFI6;HJURP;CTSB;CDC20;HSPA1A;CEP55;MICOS10;ASPM;KPNA2;HMMR;TIMP2;MELK;RND3;GTSE1;CREG1;TAGLN;KIF11;KIF2C;AGPAT2;AQP3;DLGAP5;SPC25;CDCA2;SERPING1;ORC6;ARL6IP1;GLDN;MT1X;SPAG5;NNMT;CDCA3;CYP27A1;ADTRP;ACAA2;RBP4;CKAP2;ACOT7;DEPDC1;GCHFR;AURKB;IL17RB;UBE2C;CENPE;KNSTRN;GPX3;CKAP2L;LIG1;TUBB2A;TACC3;BUB1;CENPA;PDLIM7;CYB5A;FHL1;GAA;FAM111B;SNRPD1;ACAT2;DIAPH3;ARRDC4;ANP32E,anal_pc5_c21_S1.filtered.gene_spectra_score.k_3.dt_0_01.txt
3,2,PROXIMAL_CILIATED,-1.7746319561745887,0.0,0.0028334004237618696,prerank,-0.37749419585439503,0.24,92/320,14.62%,ATP2C2;DDR1;CLDN7;ITGB4;CDH1;MUC4;MYH14;LGALS3;SLC44A4;AGR2;TSPAN1;CD24;GOLM1;CKB;IGFBP2;PFN2;EHF;PLXNB1;ALDH1A1;NQO1;GCLC;PITX1;TFF3;MISP;TMEM45B;ALCAM;TUSC3;TXNRD1;CES1;IRF6;ABCC5;BAIAP2L1;TSPAN6;BDH1;CGN;PTGR1;UGDH;MTSS2;C6orf132;CROCC;MUC20;APCDD1;BICDL2;MYO5B;EPB41L4B;CASZ1;ITGB8;TUBB4B;DHRS9;SLC22A23;CERS6;IGFBP5;TJP3;DSTN;PCDH7;ANXA1;CELSR1;MYB;KCNE3;PTPN3;LRIG1;PROM1;PCSK5;PDLIM4;UACA;HMGB2;CCL28;NET1;IGFBP7;MTSS1;ABCA13;MAP1B;TMC5;PRSS12;DCBLD2;CYSTM1;AHNAK2;SEMA3C;CENPM;TP73;RHPN2;ABHD11;TPPP3;KAZN;SYTL2;MAPRE3;GBP6;NR2F2;B3GNT5;ST6GALNAC6;CCDC80;SLC7A2,anal_pc5_c21_S1.filtered.gene_spectra_score.k_3.dt_0_01.txt
3,2,THECA,-1.772590434495112,0.004640371229698376,0.002925363547586728,prerank,-0.5529911601451438,0.25,15/30,16.58%,MGST1;CREB3L1;LAMB1;COL3A1;COL1A2;SPARC;UCHL1;COL1A1;LAMA4;LDLR;ENC1;MT2A;THY1;BGN;COL15A1,anal_pc5_c21_S1.filtered.gene_spectra_score.k_3.dt_0_01.txt
3,2,MID_SCHWANN,-1.7713037792313258,0.0,0.0029587686890872236,prerank,-0.4043254240304027,0.254,70/178,21.90%,ITGB4;CDH1;LGALS3;NTRK2;JAG1;ERBB2;LAMB1;LAMB2;ALCAM;COL3A1;COL4A5;COL5A1;MICALL2;ITGA2;PLEKHG3;DCN;MATN2;SPHK1;PRSS23;THBS1;RDH10;ITGB8;COL4A1;P4HA2;COL16A1;PCDH7;FN1;TINAGL1;ANXA1;BMP1;COL14A1;LRIG1;NR2F1;DHRS3;ADAM9;TMEM176B;HSPG2;TSPAN15;CAVIN1;ARHGEF26;ITIH5;TNC;BACE2;FBLN2;SMTN;TCIM;ABCA8;TRPM3;AQP1;LPAR1;HEY1;PDPN;TMEM176A;MYL9;FBLN5;VWA1;COL27A1;COL15A1;IFI6;ANXA3;LAMA2;OLFML2A;NID2;VLDLR;MT1X;PLSCR4;TNS1;TNFRSF12A;SBSPON;TSPAN11,anal_pc5_c21_S1.filtered.gene_spectra_score.k_3.dt_0_01.txt
3,2,CILIATED,-1.7695541517784772,0.0,0.00307786883080082,prerank,-0.38390039751657157,0.262,78/256,16.92%,GPX2;ELF3;MUC4;SLC44A4;GSN;AGR2;TSPAN1;CD24;CKB;AKR1C3;PFN2;ALDH3A1;PLXNB1;ALDH1A1;NQO1;EPPK1;TMEM45B;GLUL;TUSC3;B3GNT7;CES1;BAIAP2L1;TSPAN6;CLDN1;UGDH;WLS;GPC3;MTSS2;FSTL1;MAPK10;C6orf132;CDKN2A;CROCC;EPB41L4B;ITGB8;TUBB4B;SLC22A23;P4HA2;IGFBP5;TJP3;DSTN;ANXA1;MYB;FTH1;PROM1;PDLIM4;HMGB2;CSTB;IGFBP7;ABCA13;MAP1B;TMC5;PRSS12;TTLL7;CYSTM1;AHNAK2;SEMA3C;CENPM;BACE2;TP73;RHPN2;TPST1;ABHD11;TPPP3;SYTL2;RARRES1;MAPRE3;B3GNT5;CDKN1A;LRRC26;CRLF1;CCDC80;ANKRD65;COL21A1;LAMC2;KRT80;CYGB;IFI6,anal_pc5_c21_S1.filtered.gene_spectra_score.k_3.dt_0_01.txt
3,2,OLFACTORY_NEUROEPITHELIUM_PLASMA,1.7683818458407599,0.007285974499089253,0.0016855527257084834,prerank,0.6535781634937465,0.303,12/18,20.58%,CYBA;CD79A;FKBP11;IGHA2;JCHAIN;MZB1;HERPUD1;DERL3;SSR4;IGHA1;IGKC;SEC11C,anal_pc5_c21_S1.filtered.gene_spectra_score.k_3.dt_0_01.txt
3,2,NEUROTYPES_HNPROG,-1.763345592710426,0.0,0.0033004138328187817,prerank,-0.4423257586337623,0.28,51/95,24.90%,CD24;LAMA5;EFS;IGSF9;CDK1;SLC6A8;TOP2A;NUSAP1;TPX2;WNT5A;EPHB2;HMGB2;MKI67;GPSM2;KIF23;DLL1;PRC1;PDPN;ANOS1;CENPF;CCNB2;BIRC5;FAM83D;PLK1;CDKN1C;HJURP;ASPM;MEGF6;BOC;GTSE1;EPHA4;CCN1;KIF11;KIF2C;DLGAP5;PMAIP1;MT1X;CDCA3;RAP1GAP2;PHLDA1;CDCA8;NEK2;TSPAN11;DEPDC1;NES;UBE2C;CKAP2L;KIAA1755;PSRC1;KIF15;TACC3,anal_pc5_c21_S1.filtered.gene_spectra_score.k_3.dt_0_01.txt
3,2,MUC16_POS_CILIATED,-1.758223417139622,0.0,0.0035491595496376076,prerank,-0.542630789759997,0.3,16/33,19.46%,ITGB4;MUC4;DPYSL3;PITX1;PALLD;ITGA2;LGR4;MUC20;UACA;TNFRSF21;SEPTIN11;GBP6;VCAN;TNNT3;KRT7;CP,anal_pc5_c21_S1.filtered.gene_spectra_score.k_3.dt_0_01.txt
3,2,AIRWAY_SMOOTH_MUSCLE,-1.7552227888684138,0.0,0.003644778083386668,prerank,-0.4462121070737164,0.308,53/91,29.18%,BCAM;TPM1;MYH11;AKAP1;TM4SF1;ANTXR1;EPAS1;ID4;CDH13;IGFBP5;DSTN;TINAGL1;MGLL;NET1;IGFBP7;SOD3;MAP1B;HES4;CAV2;LIMS2;NTN4;CSRP1;THSD4;MYL9;CRYAB;GPRC5C;ACTA2;PPP1R12B;TPM2;TAGLN;MYLK;CAV1;TGFB1I1;C12orf75;MSRB3;PDLIM5;SORBS1;ISYNA1;MCAM;SYNPO2;EDNRB;CRIP2;RAMP1;ACTG2;WFDC1;CNN1;SORBS2;TSPAN2;SPEG;SNCG;DES;RCAN2;ITGA7,anal_pc5_c21_S1.filtered.gene_spectra_score.k_3.dt_0_01.txt
3,2,IRIS_CILIARY_BODY_COL9A1_HIGH_CILIARY_BODY,-1.7535934995686633,0.004464285714285714,0.003701975394961841,prerank,-0.5253237150288781,0.313,15/36,18.74%,CXCL14;SELENBP1;FGFR1;CA2;PALLD;MXRA7;PLD1;NR2F1;PTK7;UACA;PLA2R1;PTGDS;MAGI1;BOC;FRZB,anal_pc5_c21_S1.filtered.gene_spectra_score.k_3.dt_0_01.txt
3,2,ACTC_POS_SMC,-1.7480709510220127,0.0,0.0037959237689399196,prerank,-0.38817576167846596,0.32,134/251,31.50%,KRT8;CD24;ZNF703;IGFBP2;JAG1;KRT17;FGFR2;NEDD4L;LAMA5;NPDC1;PLA2G2A;HEPH;CDH3;MYH11;RGMA;AKAP1;FLNB;BCAR1;GTF2IRD1;ASAP2;EFNA1;ABHD17C;NTN1;MXRA7;CASZ1;TK1;SVIL;MALL;TINAGL1;TOB1;SULF2;NEURL1B;CRIM1;LRIG1;DHRS3;PDLIM4;HSPG2;NET1;NAV2;CAV2;CRABP2;FHL2;AHNAK2;PLXNA2;TUBB2B;BACE2;RGMB;LIMS2;ECE1;SYTL2;SCD;MAGI1;ANOS1;NSG1;HMGA2;PCCA;VWA1;CRISPLD2;ANGPTL2;PHLDB2;SMOC2;FHDC1;FST;KPNA2;SLC2A1;PPP1R12B;ANXA3;FRZB;MMP11;EPB41L1;HMGCS1;TFAP2C;C12orf75;FGF7;MSRB3;ANO1;AIF1L;ERRFI1;PDLIM5;CLMP;ACOT7;INKA2;PVALB;ARMC9;PRUNE2;STK38L;SH3PXD2B;KCNMA1;AACS;SORBS1;MEIS2;NRG1;C1orf198;CTHRC1;RASD2;SYNPO2;CITED4;BNC2;PLEKHG4B;RAMP1;ACTG2;WFDC1;ALDH1B1;DMKN;CNN1;PACSIN2;TSPAN2;SPEG;CPXM2;NEGR1;PCP4L1;SOX15;CACNA1H;ADCY5;PGM5;CACNA1C;RSPO3;MRGPRF;RAI14;CDH2;DMD;DCLK1;DUSP14;TMEM51;ISG15;FBXO32;CAVIN2;ST6GALNAC5;GREM2;NFIL3;LMOD1;THNSL2;FILIP1L;LDB2,anal_pc5_c21_S1.filtered.gene_spectra_score.k_3.dt_0_01.txt
3,2,TRANSITIONING,-1.7477001027698502,0.0066518847006651885,0.0038054305870059654,prerank,-0.5997183948013511,0.323,8/21,11.66%,GSTM3;TSPAN6;DCN;TM4SF1;CNN3;LUM;FTH1;FTL,anal_pc5_c21_S1.filtered.gene_spectra_score.k_3.dt_0_01.txt
3,2,UNKNOWN_INP,-1.7471189864412975,0.0,0.0038056090781216786,prerank,-0.4820023032461462,0.324,29/50,24.94%,SERINC2;HSPA1B;CDK1;ECT2;SVIL;TPX2;ARHGEF26;CDKN2C;KIF23;PRC1;CENPF;NMU;CCNB2;BIRC5;FAM83D;PHLDB2;NDC80;HJURP;HSPA1A;KPNA2;DLGAP5;SPC25;CDCA2;SERPING1;CDCA8;UBE2C;CENPE;CKAP2L;BUB1,anal_pc5_c21_S1.filtered.gene_spectra_score.k_3.dt_0_01.txt
3,2,RETINA_PHOTORECEPTOR,-1.7452271869193519,0.004618937644341801,0.0038517494585457858,prerank,-0.5801143401091468,0.329,9/23,14.18%,CKB;SOX4;CDHR1;TUBB4B;PROM1;NDRG1;PTPRZ1;EPB41L2;PTPN13,anal_pc5_c21_S1.filtered.gene_spectra_score.k_3.dt_0_01.txt
3,2,EPSILON,-1.745173620280666,0.008830022075055188,0.0038334077944574725,prerank,-0.5744727669012075,0.329,15/24,31.90%,BMP7;TMEM45B;CDKN2A;SERPINA1;SAMD5;SPTSSB;CLU;NUAK1;FFAR4;FRZB;SPON2;PROX1;DEFB1;KCNH2;PCSK1,anal_pc5_c21_S1.filtered.gene_spectra_score.k_3.dt_0_01.txt
3,2,EARLY_CAP,-1.7444645960858458,0.0,0.003842556739074316,prerank,-0.3847927305458223,0.331,117/229,26.48%,KRT8;CLDN7;CD24;GOLM1;FBLN1;NQO1;MGST1;TYMS;ATP1B1;SERINC2;MCM2;MCM4;ROBO1;CA2;PTGR1;PCDH1;CENPU;UCHL1;PHGDH;CDK1;THBS1;VEGFA;CDH13;TK1;TOP2A;ZWINT;CDT1;MYO10;HS6ST1;NUSAP1;TPX2;NEURL1B;ST3GAL4;UHRF1;PDLIM4;TMEM176B;EZH2;LMNB1;MKI67;PTTG1;EDIL3;KIFC1;FAM43A;FANCI;LMO7;PLOD2;CDC42EP4;TUBB2B;CENPW;CENPM;SNAI2;MCM6;FASN;NCAPG;THY1;MYBL2;CKS2;TMEM176A;PCLAF;HMGA2;CCNB1;CENPF;SLC16A1;CCNB2;BIRC5;PLK1;COL15A1;FOXM1;CCDC85C;CDC20;RHOBTB3;KPNA2;HMMR;NOSTRIN;KIF20A;GRB10;GTSE1;TPM2;CCN1;KIF2C;DLGAP5;HOXB4;PMAIP1;IGFBP3;ORC6;PVR;CDCA3;MYC;C12orf75;ERRFI1;SMAD6;ACOT7;HILPDA;MVK;AURKB;LGALSL;CDCA7L;PLCXD1;UBE2C;TEAD4;CENPE;KNSTRN;MXI1;LIG1;LIPG;RDH13;PSRC1;CCN2;IER3;TACC3;NCAPD2;HAPLN1;C11orf96;ACAT2;DIAPH3;NAMPT;ANP32E,anal_pc5_c21_S1.filtered.gene_spectra_score.k_3.dt_0_01.txt
3,2,GAMMA,-1.7384152235546915,0.004405286343612335,0.004069122584538603,prerank,-0.5725863067287412,0.349,7/23,9.42%,DPYSL3;ID1;FGFR1;GCNT3;SLC4A4;ID4;TMEM176B,anal_pc5_c21_S1.filtered.gene_spectra_score.k_3.dt_0_01.txt
3,2,MESENCHYMAL_3,-1.7376735444633695,0.0,0.004077078981365237,prerank,-0.4293931943727757,0.351,40/103,18.26%,KRT8;CD24;IGFBP2;AKR1C2;ALCAM;SERINC2;UCHL1;FLNB;EFNB2;EFNA1;TM4SF1;GJA1;ITGB8;SVIL;SERPINF1;SULF2;EPHB3;EPHB2;DHRS3;PDLIM4;NET1;FLRT2;CRABP2;ASS1;FHL2;TUBB2B;MXRA5;ADAMTSL1;TMEM132A;EPHA7;PDPN;ANOS1;HMGA2;AMOTL2;PDE3A;SMOC2;PRRX1;FST;ADM;EPHA4,anal_pc5_c21_S1.filtered.gene_spectra_score.k_3.dt_0_01.txt
3,2,X,-1.7347178891079522,0.0,0.0042196300639367485,prerank,-0.4498696471291581,0.36,35/75,27.12%,LRATD1;DST;PFN2;ALDH1A1;MDK;RBP1;PBX1;FLNB;JUN;CPE;CALD1;SERPINA1;IGFBP5;TMEM176B;MAP1B;ASS1;EGR1;NR2F2;CLU;TMEM176A;RHOBTB3;NNMT;FOS;C12orf75;MSLN;SOX6;GPX3;KCNMA1;ISYNA1;PROX1;CITED4;ARRDC4;OLFML3;MAP2;SORBS2,anal_pc5_c21_S1.filtered.gene_spectra_score.k_3.dt_0_01.txt
3,2,SMG,-1.7295854215480708,0.0,0.004378727446852127,prerank,-0.3689258549643451,0.375,140/352,21.76%,ITGB4;PKP1;LRATD1;DST;SLC44A4;TSPAN1;FAM3D;NUPR1;NBL1;EHF;FAM83E;NTRK2;WNK2;KRT15;ADGRG1;FAM83H;NQO1;PITX1;NPDC1;IGFBP4;TCEA3;FAT2;FCGBP;PADI2;PPP1R1B;NPNT;B3GNT3;MLPH;COL6A2;MICALL2;DSC2;OAF;TNFSF10;PALLD;S100A2;CDCP1;LGR4;MUC20;ABHD17C;SPHK1;TM4SF1;CEACAM6;NTN1;EYA2;BICDL2;SLPI;RDH10;CASZ1;CALML5;ITGB8;KRT14;TFAP2A;SLC22A23;CSTA;LCN2;CBLC;SPIRE2;MEIS1;ANXA1;SULF2;CRIM1;GRHL1;A2M;DTX4;CDC42BPG;LRIG1;ST3GAL4;PROM1;KLK11;UACA;HTRA1;CFB;CCL28;FOXQ1;CAVIN1;MAP1B;ASS1;PDZK1IP1;TMC5;VTCN1;FHL2;PLA2R1;AEBP1;RHOV;TSHZ2;KLK10;C4orf19;CBR3;SH3RF1;FBLN2;GABRP;FRMD6;AVPI1;INSR;LYPD3;B3GNT5;CDKN1A;LRRC26;THSD4;PCSK6;RAPGEF5;CNNM4;CFD;HEY1;CRYAB;STEAP2;VCAN;CDC42EP2;SMPDL3A;F3;RNF152;CFH;PPFIBP2;SLC45A4;ZNF750;PHLDA2;FRZB;SLC5A1;EPS8L1;KRT7;SLC4A11;CP;SFRP1;IGFBP3;SLITRK6;CX3CL1;LURAP1L;GLIS3;CYP4X1;MYC;PHLDA1;RUNX1;TFAP2C;MYO15B;ANO1;CYB5R2;ITPKC;FMOD;LNX1;TNFSF13,anal_pc5_c21_S1.filtered.gene_spectra_score.k_3.dt_0_01.txt
3,2,SMG_BASAL,-1.729368465361934,0.0,0.0043762451750568605,prerank,-0.38629759834247135,0.375,130/238,27.94%,GPX2;ITGB4;PKP1;DST;TP63;CA12;NUPR1;COL7A1;NBL1;EHF;NTRK2;KRT15;GCLC;PITX1;FGFR1;NPDC1;IGFBP4;PADI2;COL1A2;ROBO1;COL5A1;CLDN1;BDH1;TNS4;TNFSF10;PALLD;S100A2;SPHK1;TM4SF1;NTN1;EYA2;DKK3;SLC6A8;KRT14;TFAP2A;COL4A1;MFAP4;CSTA;COL16A1;SEMA6A;MEIS1;LAMA4;MYB;COL14A1;ST3GAL4;PROM1;GAS6;UACA;HTRA1;NID1;LRP4;HSPA4L;CAVIN1;ABCA13;MAP1B;FHL2;AEBP1;PDZRN3;TSHZ2;LAYN;KLK10;SNAI2;FBLN2;GABRP;SPARCL1;FERMT1;CDKN1A;RFLNA;THY1;SCD;RAPGEF5;SULF1;HEY1;SLC16A1;PLAT;VCAN;SMOC2;CEP55;FST;ADAMTS2;ADM;CFH;ACTA2;BOC;SNCA;TPM2;FRZB;PMAIP1;SFRP1;IGFBP3;CX3CL1;SHISA2;CYP4X1;MYC;C1QTNF1;PHLDA1;STXBP6;CSPG4;TFAP2C;ANO1;SLIT3;CCDC3;SPRY4;TMEM158;PMP22;MGP;STK38L;LSAMP;CPXM1;KRT23;VCAM1;ITGB6;CNFN;MCAM;C6orf141;SYNPO2;SGK1;SERPINE2;ACTG2;PLAU;OSR1;TNFAIP2;ISLR;DLK2;MAP2;TSPAN2;SPEG;LHFPL6;SOX15;MAMDC2,anal_pc5_c21_S1.filtered.gene_spectra_score.k_3.dt_0_01.txt
3,2,MARROW_CD34_POS_HSC,-1.7233430208094442,0.00468384074941452,0.00467481557196138,prerank,-0.5029130060329179,0.395,15/43,16.06%,KRT8;NPDC1;ATP1B1;MFAP2;LAPTM4B;UCHL1;HOXB6;PROM1;HOXB3;MECOM;EHD2;PLOD2;RBPMS;HMGA2;RASSF9,anal_pc5_c21_S1.filtered.gene_spectra_score.k_3.dt_0_01.txt
3,2,NEUROTYPES_HPERIC,-1.7232499015068397,0.0,0.004653371463833117,prerank,-0.36071102508264075,0.395,178/451,21.26%,CLDN7;GPC1;PTPRK;GSN;EPHX1;JAG1;VSIG2;KRT17;ATP8B1;NQO1;HES1;LRP1;NRARP;IGFBP4;LAMB1;LAMB2;NOTCH3;PXDN;C1S;SYCP2;COL6A1;ITM2C;COL3A1;PRKG1;COL1A2;COL4A2;EPHA2;GABRE;TBX2;CA2;ARHGEF4;SPARC;PTGR1;FSTL1;DCN;JUN;MTUS1;SLC12A2;KLF3;LAMC1;ANTXR1;EPAS1;LUM;ITGB5;FARP1;CALD1;COL18A1;PLCE1;COL4A1;SVIL;PTN;ID3;NFATC4;TJP1;FN1;IFITM3;LAMA4;SERPINH1;MGLL;EPHB4;SEMA5A;MRC2;TFPI;SYTL4;A2M;KCNE3;LRIG1;ADAM9;COL5A2;SULT1E1;GAS6;UACA;PPFIBP1;NID1;IGFBP7;HSPA2;TNS2;EHD2;FOXQ1;MFGE8;SMAGP;HES4;CAV2;FBN1;EMILIN1;PLA2R1;ITIH5;EPS8;PDE5A;TSPAN7;TNFRSF21;CYSTM1;SEPTIN11;LAYN;CDH11;OSMR;EGR1;SNAI2;DOCK6;MELTF;MXRA5;FRMD6;GJC1;SMTN;MYO1B;RBPMS;TGFBI;ECE1;LYPD3;SYTL2;SPARCL1;EPB41L2;ADGRA2;NR2F2;CA4;CDKN1A;PCDH18;MT2A;PCOLCE;THY1;GP1BB;FOXD1;RAPGEF5;ARHGEF17;SVEP1;PDGFRB;MYL9;KIRREL1;PLEKHH2;COL21A1;BCL6;UNC5B;BGN;PLAT;PDE3A;CRISPLD2;CDC42EP2;RBMS3;GPRC5C;PAMR1;ADAMTS1;F3;TIMP2;CFH;NOSTRIN;ACTA2;WWTR1;TPM2;CCN1;TAGLN;LAMA2;FRZB;OLFML2A;MYLK;PER1;NID2;SERPING1;MMP11;EPB41L1;CD248;SPRY1;PTPRG;MAP3K20;PLSCR4;KANK1;CYP4X1;TNS1;MYC;GDF15;FOS;C1QTNF1;PHLDA1;GLT8D2;RUNX1;CSPG4;MAP1LC3A;MSRB3;VSTM4,anal_pc5_c21_S1.filtered.gene_spectra_score.k_3.dt_0_01.txt
3,2,MYOFIBROBLAST_1,-1.7211648501793695,0.00477326968973747,0.004658442074083247,prerank,-0.5241349115132511,0.397,12/34,11.80%,CXCL14;MYH11;SLC4A4;MTUS1;RNF43;SLC26A2;WNT5A;PROM1;ENC1;PCSK5;HTRA1;SEMA3C,anal_pc5_c21_S1.filtered.gene_spectra_score.k_3.dt_0_01.txt
3,2,MESANGIAL,-1.715052763442841,0.0,0.004942925259809234,prerank,-0.416197314827691,0.42,49/113,20.58%,DST;PRKG1;ROBO1;COL4A2;HOXD10;SPARC;HSPA1B;PALLD;JUN;EPAS1;CALD1;COL4A1;IGFBP5;TJP1;MEIS1;TCF4;PPARG;CRIM1;PTPRD;A2M;TSC22D1;PTK7;SULT1E1;UACA;PLPP1;IGFBP7;FLRT2;MTSS1;EPS8;LMO7;ADGRL2;EGR1;EPB41L2;AQP1;RAPGEF5;USP53;PDGFRB;TTC28;PDE3A;RBMS3;COL12A1;HSPA1A;TIMP3;LAMA2;TMTC1;DNAJB1;PTPRG;TNS1;FOS,anal_pc5_c21_S1.filtered.gene_spectra_score.k_3.dt_0_01.txt
3,2,ASPN_POS_CHONDROCYTE,-1.714511636514569,0.005420054200542005,0.004929252649446012,prerank,-0.43614004141415647,0.421,41/80,31.76%,NTRK2;FGFR2;NPDC1;MPZL2;TM4SF1;EYA2;THBS2;SERPINF1;EFEMP1;PROM1;TSPAN13;MECOM;LMO7;MXRA5;RFLNA;THSD4;PDPN;ANOS1;STEAP2;COL15A1;PRRX1;COL12A1;FST;CFH;BOC;FRZB;RBP4;SOX6;STEAP1;CTHRC1;HAPLN1;ERG;CRISPLD1;DPT;RHOD;TWIST2;CTSK;COL8A1;AR;LDB2;THBS3,anal_pc5_c21_S1.filtered.gene_spectra_score.k_3.dt_0_01.txt
3,2,IRIS_CILIARY_BODY_CRYAA_HIGH_CILIARY_BODY,-1.7141184369989741,0.0023923444976076554,0.00494166643696269,prerank,-0.49366865455141556,0.423,28/44,34.56%,RBP1;EPHA2;DSC2;PBX1;EFNA1;HSPG2;HK2;MYO1B;THY1;CKS2;SLC16A1;LYPD6B;CREG1;COL4A6;CTNNAL1;MAST4;MXD1;CSNK1E;ALDH1A3;CRIP2;EPB41L4A;SERPINE1;INHBB;EFNA5;SPOCK1;TGM2;CADM3;NCEH1,anal_pc5_c21_S1.filtered.gene_spectra_score.k_3.dt_0_01.txt
3,2,ADC_2,1.7130333326751281,0.0033613445378151263,0.003274212181304866,prerank,0.49104799739682226,0.517,38/65,24.16%,IL2RG;TRAF1;IL7R;ADAM8;GPR132;CST7;CD40;CCR7;BIRC3;ISG20;MCOLN2;SAMD9L;TMEM156;DNASE1L3;RFTN1;CD80;CD1C;TIFAB;SH2B2;MAP3K14;IL4I1;ST3GAL2;GBP4;GBP2;NIBAN1;ZEB1;GPR137B;EBI3;DUSP5;CD1E;SGTB;ARHGAP31;LAMP3;POGLUT1;GBP1;TVP23A;CD274;TNFRSF18,anal_pc5_c21_S1.filtered.gene_spectra_score.k_3.dt_0_01.txt
3,2,G,-1.7126058348838036,0.002544529262086514,0.005014278076549893,prerank,-0.4783755918609548,0.426,21/51,24.28%,DST;PFN2;MDK;TFF3;CAMK2N1;CES1;CPE;SAMD5;TMEM176B;LRP4;MAP1B;PLXNA2;SLC7A1;EGR1;DTNA;MAST4;C12orf75;PDLIM5;PAM;MEIS2;ANK3,anal_pc5_c21_S1.filtered.gene_spectra_score.k_3.dt_0_01.txt
3,2,MUSCLE_SCHWANN,-1.7118603054859252,0.0025380710659898475,0.005009047177721876,prerank,-0.4832575670728093,0.426,24/49,35.30%,CDH1;DST;ADAM23;ALCAM;ATP10B;RDH10;ITGB8;TFAP2A;PTPRZ1;GLDN;PMP22;KIAA1755;LRP1B;ASPA;CPXM2;CADM1;TMEM178B;CDH2;PLLP;PRIMA1;GRIK2;PRSS27;GFRA3;KCNH8,anal_pc5_c21_S1.filtered.gene_spectra_score.k_3.dt_0_01.txt
3,2,NECK,-1.710799430540481,0.013513513513513514,0.005038018835675214,prerank,-0.6254035399766698,0.429,9/18,14.28%,CD24;GOLM1;CREB3L1;PPP1R1B;SLC4A4;SLC12A2;EGR1;RGMB;CLU,anal_pc5_c21_S1.filtered.gene_spectra_score.k_3.dt_0_01.txt
3,2,CONNECTING_TUBULE,-1.7099658815264989,0.0,0.005041230412104136,prerank,-0.4494570250081815,0.43,27/74,17.96%,CA12;HSD11B2;LAMB1;ATP1B1;PRKG1;ITGA2;MAPK10;LGR4;MID1;PCDH7;PPFIBP1;MECOM;CADPS2;NAALADL2;PPARGC1A;ADGRL2;SH3RF1;NR3C2;MYO1B;RBPMS;KAZN;TRPM3;PTPN13;PCCA;DACH1;RHOBTB3;WWTR1,anal_pc5_c21_S1.filtered.gene_spectra_score.k_3.dt_0_01.txt
3,2,LSECS,-1.7091779795242772,0.0,0.005086732599523489,prerank,-0.36732916520355424,0.435,76/307,13.94%,LRATD1;IFI27;SEMA3F;ID1;HES1;FGFR1;KLF4;NPDC1;IGFBP4;LAMB2;PXDN;ACKR3;COL4A2;TMEM44;COL6A2;SPARC;NFIB;GPRC5A;LAPTM4B;FLNB;MYO6;EMP1;EFNB2;TM4SF1;PRSS23;CNN3;EPAS1;EFNB1;CDH13;PLPP3;COL4A1;MID1;MARCKSL1;MYO10;ID3;SEMA6A;TINAGL1;IFITM3;TCF4;SERPINH1;EPHB4;CRIM1;TFPI;A2M;NR2F1;ADAM9;UACA;PPFIBP1;NID1;IGFBP7;FAM43A;TNS2;NDRG1;CAVIN1;CNKSR3;MAP1B;FXYD6;CDC42EP4;TSPAN7;ADGRL2;OSMR;PLXNA2;SLC7A1;DLL1;LIMS2;NTN4;SMTN;INSR;ECM1;TCIM;ECE1;MCF2L;NR5A2;EPB41L2;NR2F2;CDKN1A,anal_pc5_c21_S1.filtered.gene_spectra_score.k_3.dt_0_01.txt
3,2,SIGNALING_ALVEOLAR_EPITHELIAL_TYPE_2,-1.7070152891247614,0.004705882352941176,0.005157115623494477,prerank,-0.5056972149082044,0.441,15/38,14.44%,SELENBP1;MUC1;CREB3L1;PARM1;MTUS1;QSOX1;GSTA4;C1orf21;S100A14;MALL;TXNDC17;FABP5;FASN;PTPN13;SCD,anal_pc5_c21_S1.filtered.gene_spectra_score.k_3.dt_0_01.txt
3,2,EARLY_MESOTHELIAL,-1.7066010608095536,0.0,0.005176544777311906,prerank,-0.38049195440720185,0.443,94/235,23.32%,KRT8;DDR1;KRT19;CD24;IGFBP2;PLXNB1;EPS8L2;NEDD4L;LAMA5;NPDC1;ALCAM;NPNT;CDH3;PARM1;AGAP1;EPHA2;CA2;GPRC5A;IGSF9;UCHL1;FLNB;LAMA3;WFDC2;GTF2IRD1;ITGA3;EFNB2;EFNA1;TM4SF1;RDH10;GJA1;COL18A1;PLCE1;ADAM15;TK1;SVIL;MID1;PATJ;SULF2;EFEMP1;EPHB2;DHRS3;GAS6;PDLIM4;TSPAN13;LMNB1;NET1;CADPS2;CRABP2;ASS1;TSPAN7;PTPRU;TUBB2B;SH3RF1;RHPN2;CRACR2B;MAPRE3;SHTN1;ADAM33;TMEM132A;TDRP;EPHA7;SULF1;PDPN;MAGI1;NSG1;HMGA2;AMOTL2;NMU;GRB7;SMOC2;GPRC5C;LGALS2;CCDC85C;PAPLN;KPNA2;FAM110C;SLC2A1;AGPAT2;HPGD;EPS8L1;COL4A6;MMP11;ORC6;MYRF;AIF1L;SMAD6;PAPPA;TNFRSF12A;SBSPON;FAM174B;SOX6;P3H2;PLCXD1;TEAD4,anal_pc5_c21_S1.filtered.gene_spectra_score.k_3.dt_0_01.txt
3,2,ADRENAL_SCHWANN,-1.7038981146729546,0.002652519893899204,0.0052793388241194955,prerank,-0.4658361538137185,0.45,35/59,42.58%,GPC1;ALDH1A1;ADAM23;ERBB3;ATP10B;WFDC2;COL18A1;DTX4;TMEM176B;PTPRZ1;TRPM3;HEY1;TMEM176A;OLFML2A;SLITRK6;TSPAN11;MCAM;CRISPLD1;AZGP1;COL28A1;PRIMA1;TCP11;GFRA1;LGI4;INSC;NRXN1;LRRN1;SCN7A;ATP1A2;SEMA3G;NGFR;GPM6B;SOX10;LGI2;PMEPA1,anal_pc5_c21_S1.filtered.gene_spectra_score.k_3.dt_0_01.txt
3,2,MUSCLE_SATELLITE,-1.700847925450198,0.0025252525252525255,0.0053978773239377305,prerank,-0.4594254150969981,0.456,27/59,20.58%,CXCL14;ALDH1A1;RBP1;GLUL;JUN;CNN3;IGFBP5;RHOB;TSC22D1;NDRG2;PDLIM4;TUBB2B;EGR1;NTN4;DBI;CLU;HEY1;CRYAB;RASD1;AK1;RHOBTB3;RND3;CCN1;MT1X;SPRY1;MYC;FOS,anal_pc5_c21_S1.filtered.gene_spectra_score.k_3.dt_0_01.txt
3,2,PLACENTA_STROMAL,-1.6981338802507058,0.010940919037199124,0.005515393940136842,prerank,-0.5609652651327934,0.466,12/25,28.12%,PKP1;SELENBP1;PITX1;ELN;MATN2;COL16A1;GLI2;NFASC;CLMP;GDNF;PTGFR;DES,anal_pc5_c21_S1.filtered.gene_spectra_score.k_3.dt_0_01.txt
3,2,BCHE,-1.6974097236832761,0.010869565217391304,0.005532951871070528,prerank,-0.636623190249378,0.471,6/16,5.38%,LGALS3;GSN;CD24;AKR1C3;ID1;RBM47,anal_pc5_c21_S1.filtered.gene_spectra_score.k_3.dt_0_01.txt
3,2,ACTIVATED_NK,1.6918470983047236,0.011049723756906077,0.004153200812854768,prerank,0.5896997811531054,0.587,14/26,18.96%,TRAF1;IRF8;SLAMF7;FCRL3;HAVCR2;CD72;SPATA13;TNFRSF4;BCL2A1;ICAM1;NEK6;TNFRSF9;STX11;CRTAM,anal_pc5_c21_S1.filtered.gene_spectra_score.k_3.dt_0_01.txt
3,2,EREG_DENDRITIC,1.690699176647731,0.0,0.004149724883506469,prerank,0.3958271461642023,0.59,106/306,19.30%,CD74;HCLS1;SRGN;ADA2;CHST11;CD4;LCP2;DOCK10;GLIPR1;ADAM19;CYBB;GPR183;SPI1;PIK3R5;MS4A6A;FGL2;LAT2;RASSF2;CMTM3;SERPINB9;STAB1;ARRB2;CSF1R;FGR;CTSH;MAN2B1;ST8SIA4;PLEK;ITGAX;COTL1;IFI30;CLEC7A;MS4A7;SAMSN1;REL;EMP3;HCK;CTSZ;TNFAIP3;CD163;SEMA4D;CSF2RA;C1QC;HAVCR2;FPR3;SLAMF8;CLEC10A;IL6R;LILRB2;CD83;CPVL;SH2B3;LYZ;C3AR1;FCGR2B;RAB8B;EMILIN2;CD14;ENTPD1;LST1;FCGR2A;KCNN4;CD1C;TYROBP;DPYD;MAP3K8;SLC2A3;PDE4B;TLR1;FCER1G;F13A1;RNASE6;TBXAS1;SIRPA;BCL2A1;TNFSF8;RILPL2;ICAM1;AIF1;RHOQ;DUSP4;MRC1;MS4A4A;C1orf162;CD86;BASP1;NCF2;LY96;RGCC;VSIG4;PSAP;HRH2;CD36;PTPRE;NLRP3;SEMA6B;CCR1;ARHGAP18;TLR4;IER5;IGSF6;PTAFR;TLR2;FPR1;ADGRE2;CD300E,anal_pc5_c21_S1.filtered.gene_spectra_score.k_3.dt_0_01.txt
3,2,HSC_MULTIPOTENT_PROGENITOR,1.6810011242087877,0.0,0.0045485420876936345,prerank,0.4943118153665919,0.625,22/57,16.18%,CD74;PTPRC;SRGN;CXCR4;TNFRSF1B;LPAR6;TSC22D3;IRF1;THEMIS2;SAMSN1;MEF2C;PRKCH;RNF125;GATA3;MAP3K8;SLC2A3;DUSP2;SMCHD1;RILPL2;GBP4;FOXO1;STAT1,anal_pc5_c21_S1.filtered.gene_spectra_score.k_3.dt_0_01.txt
3,2,ADC_1,1.6795692563320752,0.001658374792703151,0.004553890796639652,prerank,0.4426417991607754,0.628,55/101,24.10%,TRAF1;IL32;PPP1R16B;IL7R;ADAM19;TRAF5;P2RY10;CD40;CCR7;BIRC3;ISG20;SAMD9L;P2RY8;IRF4;RHOF;RASGRP3;PLXNC1;ATP8A1;RFTN1;CD80;GCSAM;ADORA2A;LY75;MAP3K14;IL4I1;DUSP4;SPIB;GBP4;NIBAN1;EPSTI1;TSPAN33;ZEB1;APOBEC3H;NMRK1;ZNF366;FLT3;ATP6V0A2;ANKRD55;GPR137B;SOCS1;FAS;IGKC;EBI3;SLCO5A1;RASGRF1;TNFRSF8;BTN2A2;DUSP5;CD1E;TREML1;LAMP3;POGLUT1;GBP1;TVP23A;CD274,anal_pc5_c21_S1.filtered.gene_spectra_score.k_3.dt_0_01.txt
3,2,NEUROENDOCRINE,-1.6791310831313775,0.0,0.006560262466923886,prerank,-0.43075917708665223,0.523,39/79,35.46%,DPYSL3;PITX1;NPDC1;TFF3;UCHL1;CPE;CALD1;TCF4;TMEM176B;SOD3;CNKSR3;MAP1B;FXYD6;TUBB2B;TMEM176A;RASD1;KLK12;ESPL1;CRMP1;PAM;LSAMP;IL17RB;PROX1;SLC26A5;MB;NEGR1;PKIB;GNG4;AP3B2;KCNH2;PCSK1;STMN2;HAP1;CHST1;GFRA3;PIEZO2;DEPP1;DYNC1I1;PCSK1N,anal_pc5_c21_S1.filtered.gene_spectra_score.k_3.dt_0_01.txt
3,2,GRANULOSA,-1.6785055315184603,0.0023094688221709007,0.006548697761698994,prerank,-0.4993119342436851,0.524,19/39,17.92%,CKB;IFI27;RBP1;CDH3;MFAP2;PRSS23;VEGFA;MYO10;HS6ST1;HMGB2;HSPG2;TSPAN7;HDHD3;LIMS2;GREM1;SLC16A1;VCAN;FST;FAM110C,anal_pc5_c21_S1.filtered.gene_spectra_score.k_3.dt_0_01.txt
3,2,PUTATIVE_EARLY_ERYTHROID_COMMITMENT,1.676475009230859,0.004991680532445923,0.004672377939172529,prerank,0.5088853347996883,0.64,11/50,7.14%,ARHGAP15;CELF2;ITGA4;STK4;SLA;CD84;RHOH;TESPA1;CD69;TNIK;ELMO1,anal_pc5_c21_S1.filtered.gene_spectra_score.k_3.dt_0_01.txt
3,2,HSC_ELP,1.675980414244414,0.0014970059880239522,0.004647335888225966,prerank,0.41725958197477114,0.641,48/171,14.04%,ACAP1;SEPTIN1;TBC1D10C;LTB;CLEC2D;FCMR;TRBC2;CD3E;SPOCK2;PTPN7;LCK;CD79A;ATP2A3;CYFIP2;RHOH;C16orf54;NIBAN3;NKG7;CD7;GIMAP2;PBXIP1;CD79B;HSH2D;CD69;PDE7A;PRKCQ;SAMD3;KLRG1;S1PR4;BCL2;LPIN1;MATK;ITM2A;USP20;BCAS4;FAM30A;RAB37;IKBKE;STAP1;JCHAIN;MZB1;KCNN4;GATA3;CHST12;CLNK;SYTL1;TNFSF8;TRANK1,anal_pc5_c21_S1.filtered.gene_spectra_score.k_3.dt_0_01.txt
3,2,IRIS_CILIARY_BODY_MGP_HIGH_FIBROBLASTS,-1.673583812846744,0.0045662100456621,0.006871012474107463,prerank,-0.4785269252425225,0.543,22/45,21.52%,AKR1C2;SOX4;LTBP4;COL1A1;CNN3;CALD1;SERPINF1;LAMA4;TFPI;BMP1;TSC22D1;TGFBI;NR2F2;MXRA8;PDPN;SLC39A14;BGN;RBMS3;RHOBTB3;CP;SCARA5;GGT5,anal_pc5_c21_S1.filtered.gene_spectra_score.k_3.dt_0_01.txt
3,2,INTERMEDIATE_LYMPHATIC_ENDO,-1.6721064200666005,0.0,0.006939300777737584,prerank,-0.3746042997066772,0.551,83/235,21.72%,ITGB4;LGALS3;NUPR1;AKR1C3;NBL1;AKR1C2;ALDH1A1;MGST1;TFF3;LAMB1;B3GNT7;COL4A5;GSTM3;AGAP1;S100P;OAF;A4GALT;LTBP4;LAPTM4B;PTPRS;ADIRF;MATN2;NTN1;THBS1;SLPI;DKK3;ITGB8;SLC22A23;MFAP4;IGFBP5;MID1;TNFRSF11A;PLD1;SULF2;PPARG;CELSR1;EFEMP1;NINL;DTX4;EPHB2;PTPN3;NR2F1;PDLIM4;PLPP1;DOCK5;SCARA3;FZD10;HSPA2;FLRT2;HES4;FBN1;FHL2;TSHZ2;AHNAK2;SCNN1B;SLC7A1;HOXD9;FBLN2;CEACAM1;MXRA8;CCDC80;PDPN;STON2;UNC5B;RASSF9;PDGFA;ABI3BP;CCN1;SMAD9;TMTC1;HOXB4;CCDC102B;EPS8L1;EPB41L1;NNMT;GLIS3;CYP4X1;CYP27A1;GLT8D2;MET;VSTM4;FMOD;SBSPON,anal_pc5_c21_S1.filtered.gene_spectra_score.k_3.dt_0_01.txt
3,2,LUNG_MESOTHELIAL,-1.6476685728299003,0.002570694087403599,0.008629607466534546,prerank,-0.4630231466537078,0.633,35/54,43.22%,C1R;PLA2G2A;ELN;KLK1;CRIM1;CFB;ASS1;SULF1;NMU;C3;CFH;FAM110C;PODN;MSLN;SBSPON;MGP;PRELP;SOX15;DKK1;PLLP;BNC1;TNNT1;FGF9;RSPO1;GEM;PTGIS;TGM1;CCN4;FNDC1;KLHL31;ADGRD1;PCOLCE2;GFPT2;ADAMTS5;BST1,anal_pc5_c21_S1.filtered.gene_spectra_score.k_3.dt_0_01.txt
3,2,FGFR1HIGH_EPITHELIAL,-1.6435524656115148,0.002570694087403599,0.009019557868705822,prerank,-0.4119173709076032,0.65,51/100,27.64%,COL17A1;FGFR1;CA2;LUM;FKBP10;MMP2;THBS2;PKDCC;MFAP4;COL16A1;BMP1;FLRT2;FBN1;TROAP;ADAM33;PCSK6;ADAMTSL1;PCDH18;TMEM132A;PCOLCE;SVEP1;PDGFRB;FOXF1;PLEKHG5;PAMR1;ADAMTS1;KLHL21;ADAMTS2;ABI3BP;LAMA2;DCHS1;SNX21;GLT8D2;VSTM4;SCARA5;SLIT3;CRMP1;TTK;SH3PXD2B;VCAM1;ADGRL3;AFAP1L2;TRIO;CILP;HMCN2;ISLR;GABBR1;MFAP5;ASPA;LHFPL6;ZNF436,anal_pc5_c21_S1.filtered.gene_spectra_score.k_3.dt_0_01.txt
3,2,CEREBRUM_VASCULAR_ENDOTHELIAL,-1.643198927480218,0.0,0.00899798703066569,prerank,-0.35225092574042344,0.65,108/327,20.06%,ZNF703;BCAM;ALDH3A1;IFI27;ATP8B1;NQO1;ID1;RBP1;KLF4;NRARP;IGFBP4;TMEM45B;LAMB2;NOTCH3;NIBAN2;COL3A1;COL1A2;COL4A2;S100P;EPHA2;COL6A2;TBX2;MPZL2;SPARC;A4GALT;PCDH1;OCLN;FSTL1;DCN;EFNA1;TM4SF1;LAMC1;EPAS1;LUM;COL18A1;COL4A1;RHOB;MYO10;ID3;FN1;CDKN2B;TINAGL1;IFITM3;ANXA1;SERPINH1;STAP2;SULT1E1;TMEM176B;UACA;CSTB;MECOM;IGFBP7;FAM43A;EHD2;FOXQ1;CAVIN1;SMAGP;CAV2;SULT1B1;ITIH5;TNXB;LAYN;OSMR;SLC7A1;SNAI2;DOCK6;MELTF;JAG2;LIMS2;MXRA5;CXCL12;RBPMS;TCIM;LYPD3;TFRC;GBP6;PCDH18;MT2A;PCOLCE;PDGFRB;FOXF1;HYAL2;SLC16A1;UNC5B;BGN;VWA1;PHLDB2;CDC42EP2;GPRC5C;IFI6;ADM;CFH;NOSTRIN;MEGF6;ACTA2;SLC2A1;WWTR1;TAGLN;BTNL8;PHLDA2;FRZB;OLFML2A;SERPING1;DEGS2;CD248;CAV1;MT1X;LURAP1L,anal_pc5_c21_S1.filtered.gene_spectra_score.k_3.dt_0_01.txt
3,2,RETINA_RGC,-1.6372631763733614,0.0,0.009518698644096957,prerank,-0.387267067302103,0.675,57/141,27.52%,CD24;AKR1C2;DPYSL3;ADGRG1;NPDC1;ALCAM;MAPK10;UCHL1;GSTA4;DSTN;SEMA6A;TSC22D1;NRCAM;EDIL3;NAV2;MAP1B;CRABP2;FXYD6;TSPAN7;TXNDC17;FABP5;SCN9A;TUBB2B;RGMB;DBI;TPPP3;MYO1B;FASN;RBPMS;NDRG4;SCD;HEY1;NSG1;AFAP1;DACH1;DPYSL2;HMGCR;KPNA2;RND3;SNCA;SMAD9;EPS8L1;DBN1;HMGCS1;ACOT7;CRMP1;PRUNE2;OLFM1;CORO2A;TUBB2A;STXBP1;CRIP2;FHL1;ACAT2;MAP2;CADM1;SNCG,anal_pc5_c21_S1.filtered.gene_spectra_score.k_3.dt_0_01.txt
3,2,RETINA_BLOOD,-1.6362995784490664,0.0,0.009542878513155635,prerank,-0.4074670698613255,0.677,42/99,20.48%,SELENBP1;MGST1;PITX1;PRXL2A;TYMS;COL3A1;COL1A2;KLF3;COL1A1;ANXA1;MRC2;FTH1;ANLN;TCF19;NID1;MKI67;PTTG1;FTL;CENPW;CIT;RRM2;CXCL12;BLVRB;TFRC;TROAP;MT2A;PCOLCE;CKS2;CENPF;DMTN;BIRC5;BGN;NDC80;CTSB;MELK;RIPOR3;SLC2A1;SNCA;CREG1;MT1X;SPTB;TNS1,anal_pc5_c21_S1.filtered.gene_spectra_score.k_3.dt_0_01.txt
3,2,SEROUS,-1.6304324284899439,0.0,0.01013612703599439,prerank,-0.45623984514430743,0.703,21/48,21.30%,FAM3D;NPDC1;PADI2;PPP1R1B;CA2;GCNT3;PHGDH;WFDC2;SLC12A2;SLPI;PKDCC;MARCKSL1;NDRG2;CCL28;LRRC26;DMBT1;SLC5A1;SFRP1;CYP4X1;PHLDA1;AIF1L,anal_pc5_c21_S1.filtered.gene_spectra_score.k_3.dt_0_01.txt
3,2,POLYPEPTIDE,-1.6263123869776526,0.0,0.010456793748956337,prerank,-0.42251160832639845,0.718,35/77,27.96%,DDR1;EHF;DPYSL3;ID1;FGFR1;TMEM45B;CAMK2N1;ITM2C;SDK1;ID4;SERPINA1;MEIS1;SAMD5;FABP5;ADGRL2;EGR1;CDKN1A;RASD1;RHOBTB3;FGD4;AQP3;SPC25;SLITRK6;FOS;GLT8D2;PAM;IL17RB;ZNF503;TUBB2A;MEIS2;SYNPO2;TMEM47;MAP2;PTGFR;CACNA1H,anal_pc5_c21_S1.filtered.gene_spectra_score.k_3.dt_0_01.txt
3,2,CHONDROBLASTIC_OSTEOSARCOMA,-1.620294855931121,0.0025906735751295338,0.01104931111297084,prerank,-0.3947418339194276,0.738,45/102,25.10%,GPC1;SPINT1;LGALS3;SERPINB5;TUSC3;SERINC2;S100P;CA2;MFAP2;CDKN2A;CNN3;FKBP10;FN1;SERPINH1;A2M;FABP5;TUBB2B;FRMD6;LY6K;CSRP1;SCD;HYAL2;RASD1;VWA1;ANGPTL2;GPRC5C;ADAMTS1;CDKN1C;ACTA2;PHLDA2;AGPAT2;NID2;MYC;TGFB1I1;PHLDA1;CSPG4;PDLIM5;FADS2;PMP22;TUBB2A;SPON2;WNT11;CH25H;TFPI2;HAPLN1,anal_pc5_c21_S1.filtered.gene_spectra_score.k_3.dt_0_01.txt
3,2,MARROW_NEUTROPHIL,1.6170324022439704,0.0,0.008402437478017439,prerank,0.39101504315772684,0.85,85/214,21.86%,DOCK2;LCP1;STK17B;CYBA;SRGN;ADA2;PSTPIP1;MPEG1;GLIPR1;SELL;CYBB;PRKCB;NCF4;ALOX5;EMB;GMFG;MS4A6A;FGL2;RASSF2;STAB1;CR1;CTSH;SAMSN1;CKLF;CTSZ;LY86;CD163;DOK3;EIF4E3;EMILIN2;CD14;ENTPD1;TYROBP;DPYD;LYST;SLC2A3;S100A4;NOD2;TFEC;PLA2G7;P2RY13;ITGAM;IL17RA;SIRPA;VNN2;CSGALNACT2;CFP;RILPL2;C1orf162;RASSF4;MNDA;LRRK2;BASP1;CD1D;UBXN11;NCF2;LY96;CSF3R;F5;SLC15A3;PTPRE;SNX10;RASGRP4;STX11;TLR4;IGSF6;PTAFR;TLR2;AGTPBP1;FPR1;CD33;NFAM1;MEFV;FES;SLC24A4;CACNA2D4;CLEC12A;CD300LB;CARD16;SLC11A1;PRAM1;CEACAM4;ASGR2;OSCAR;GLIPR2,anal_pc5_c21_S1.filtered.gene_spectra_score.k_3.dt_0_01.txt
3,2,EPITHELIAL_CELLS_UNASSIGNED,-1.6090765061795873,0.021645021645021644,0.012027514996289526,prerank,-0.5572316010820872,0.763,9/20,24.04%,PBX1;FARP1;CALD1;PTPRD;TLN2;PAMR1;MAST4;GPX3;MEIS2,anal_pc5_c21_S1.filtered.gene_spectra_score.k_3.dt_0_01.txt
3,2,INTESTINE_MESOTHELIAL,-1.6028621601980235,0.0051813471502590676,0.012694438457832557,prerank,-0.47220194998645054,0.785,14/41,21.16%,SCNN1A;ADIRF;ITGA3;SLPI;PTPRD;KLK11;KLK10;PTGDS;C3;CFH;FAM110C;EPS8L1;MYRF;MSLN,anal_pc5_c21_S1.filtered.gene_spectra_score.k_3.dt_0_01.txt
3,2,CYCLING_DC,-1.5998963857197865,0.0,0.013077088257172268,prerank,-0.3470187456023865,0.793,136/256,26.20%,SPINT1;FBLN1;TYMS;ALCAM;TXNRD1;MCM2;CES1;MCM4;BDH1;HELLS;LAPTM4B;CENPU;PHGDH;CDK1;EFNB1;SPTSSA;ADAM15;TK1;ECT2;TOP2A;ZWINT;CDT1;CYBRD1;NUSAP1;TPX2;SULF2;MBOAT2;ANLN;ST3GAL4;UHRF1;TCF19;E2F1;EZH2;LMNB1;MKI67;PTTG1;NET1;KIFC1;IGFBP7;FANCI;GPSM2;SEPTIN11;KIF23;CENPW;CENPM;FBLN2;MCM6;CCNE2;CIT;RRM2;PRELID2;FANCA;NREP;INSR;PRC1;NCAPG;TROAP;EPB41L2;NCAPG2;MYBL2;RAD54L;DTL;SMC4;RECQL4;PCLAF;CCNB1;CENPF;SLC16A1;CCNB2;BIRC5;FAM83D;PLK1;NDC80;FOXM1;HJURP;CDC20;CEP55;ASPM;HMMR;CDC45;MELK;KIF20A;SLC2A1;SNCA;WDR76;GTSE1;KIF11;KIF2C;DLGAP5;SPC25;KIF18B;KIF18A;CDCA2;ORC6;SPAG5;MAP3K20;CDCA3;CTNNAL1;ACAA2;POLE;C12orf75;MSLN;CDCA8;CKAP2;NEK2;ACOT7;DEPDC1;ESPL1;FADS2;TTK;HILPDA;GCHFR;AURKB;CENPP;INCENP;CDCA7L;UBE2C;CENPE;KNSTRN;CKAP2L;LIG1;ZNF503;CCNF;WWOX;POLQ;PSRC1;KIF15;BUB1;CENPA;NCAPD2;CYB5A;FAM111B;SAPCD2;ACAT2;DIAPH3;RASSF7,anal_pc5_c21_S1.filtered.gene_spectra_score.k_3.dt_0_01.txt
3,2,RETINA_AMACRINE,-1.599355550948114,0.020642201834862386,0.01312487753647673,prerank,-0.501047157885668,0.794,14/29,27.82%,CD24;SOX4;TFAP2A;MARCKSL1;MEIS1;TUBB2B;NREP;DPYSL2;RND3;TUBB2A;MEIS2;ANK3;MAP2;RUNX1T1,anal_pc5_c21_S1.filtered.gene_spectra_score.k_3.dt_0_01.txt
3,2,PULMONARY_NE_PRECURSOR,-1.5957838958246393,0.002857142857142857,0.013548855061976041,prerank,-0.3826486088137103,0.803,67/133,31.80%,LRATD1;DST;SCNN1A;DPYSL3;ADGRG1;NPDC1;ROBO1;PLCB4;A4GALT;CASZ1;SLC6A8;NEURL1B;TMEM176B;KLK11;NRCAM;SPTBN2;MAP1B;TTC39A;TTLL7;PDZRN3;TNFRSF21;TMEM184A;MCF2L;NDRG4;MAPRE3;THSD4;TMEM176A;RASD1;DACH1;SMOC2;SMPD3;KRT7;SLITRK6;GPC6;PTPRN2;RAP1GAP2;HOXB5;KLK12;ESPL1;CRMP1;PRUNE2;EGLN3;ELOVL7;KCNMA1;NRG1;PROX1;SOBP;MAP2;EPB41L4A;CACNB2;LHFPL6;NEGR1;RUNX1T1;CACNA1H;RGS11;PKIB;GNG4;AP3B2;CDH2;TMEM51;CHRD;NDUFA4L2;CLDN5;FAM13C;INHBB;KCNH2;TIMP1,anal_pc5_c21_S1.filtered.gene_spectra_score.k_3.dt_0_01.txt
3,2,PLACENTA_AFP_ALB_POSITIVE,-1.5949471574170817,0.019417475728155338,0.01360969299217955,prerank,-0.46082671634898453,0.809,14/46,21.56%,AKR1C3;AKR1C2;AMN;BDH1;SERPINA1;SEMA4G;CYP4F3;ASS1;MT2A;HSD17B11;SCD;MT1X;LRG1;RBP4,anal_pc5_c21_S1.filtered.gene_spectra_score.k_3.dt_0_01.txt
3,2,LYMPHATIC_ENDOTHELIAL,-1.5941512655837256,0.0,0.013639551599611015,prerank,-0.34846734764329634,0.81,113/269,28.16%,LGALS3;NUPR1;NBL1;AKR1C2;MGST1;TFF3;LAMB1;NPNT;B3GNT7;COL4A5;PRKG1;HOXD10;OAF;MTSS2;PLEKHG3;LTBP4;LAPTM4B;MTUS1;ADIRF;MATN2;SPHK1;NTN1;PRSS23;DKK3;GJA1;SLC22A23;MFAP4;CERS6;IGFBP5;MID1;TNFRSF11A;PLD1;SULF2;PPARG;EFEMP1;TFPI;DTX4;EPHB2;LRIG1;NR2F1;COL5A2;PPFIBP1;HTRA1;DOCK5;SCARA3;FZD10;FLRT2;EMILIN1;FHL2;TSHZ2;SCN9A;LAYN;SUSD4;SCNN1B;SNAI2;HOXD9;GABRP;FRMD6;CRACR2B;SMAD1;CEACAM1;CDKN1A;PCSK6;CLU;CCDC80;PDPN;MAGI1;STON2;UNC5B;RASSF9;GPRC5C;TIMP2;MEGF6;PDGFA;ABI3BP;FRZB;LOX;OLFML2A;CCDC102B;SFRP1;SPRY1;NNMT;GLIS3;PLSCR4;CYP4X1;GLT8D2;VSTM4;GGT5;TSPAN11;FAM174B;P3H2;PMP22;TSHZ3;SH3PXD2B;ACSL5;MICAL2;CTHRC1;PROX1;EFCC1;C6orf141;EDNRB;KALRN;DOC2B;ARRDC4;CFI;OLFML1;VAV3;SNCG;PRR5L;ITSN1;EMID1;SDC3;RHOD,anal_pc5_c21_S1.filtered.gene_spectra_score.k_3.dt_0_01.txt
3,2,INTESTINE_VASCULAR_ENDOTHELIAL,-1.5917060097225662,0.012048192771084338,0.013821053883626987,prerank,-0.4772573872746634,0.819,26/34,46.46%,VSIG2;HSPG2;FABP5;COL15A1;TNNT3;CYYR1;FABP4;PLVAP;MMRN2;SLCO2A1;ESAM;DIPK1B;GASK1B;CLEC14A;CD34;DLL4;CLEC3B;MSX1;ARHGEF15;EMCN;FLT1;FAM167B;LHX6;SOX17;APLNR;FAM110D,anal_pc5_c21_S1.filtered.gene_spectra_score.k_3.dt_0_01.txt
3,2,PLACENTA_SYNCYTIOTROPHOBLASTS_AND_VILLOUS_CYTOTROPHOBLASTS,-1.5911141480725708,0.02301255230125523,0.013842281166350391,prerank,-0.5335835412540237,0.822,12/24,26.86%,LRATD1;TP63;CLCA2;POF1B;SMAGP;PRSS12;FRMD6;ANKRD65;KANK1;ISYNA1;LGR5;CRISPLD1,anal_pc5_c21_S1.filtered.gene_spectra_score.k_3.dt_0_01.txt
3,2,HEART_CARDIAC_FIBROBLASTS,-1.5873347173147354,0.00702576112412178,0.014390751709082241,prerank,-0.4392093398685644,0.84,26/56,29.24%,IGFBP2;LAMB1;TPM1;SH3RF2;COL6A3;TM4SF1;LAMC1;PTN;TFPI;FHL2;CSRP1;MYL9;CRYAB;S100A8;COL15A1;FRZB;CCDC102B;PDLIM5;MB;CRIP2;RAMP1;SORBS2;NEGR1;CCND1;DES;LIMCH1,anal_pc5_c21_S1.filtered.gene_spectra_score.k_3.dt_0_01.txt
3,2,PROXIMAL_TUBULE_EPITHELIAL_CELLS_FIBRINOGEN_POS_S3,-1.5857613083788922,0.004830917874396135,0.01456719263777978,prerank,-0.42250294910431907,0.844,28/71,17.96%,CXCL14;PTPRK;CD24;GCLC;MGST1;TXNRD1;AGAP1;PTGR1;TNFSF10;CNN3;ITGB8;SERPINA1;SVIL;ODC1;SEMA6A;TFPI;FTH1;CNKSR3;PDZK1IP1;EPS8;FTL;L3MBTL4;CLU;CRYAB;SOD2;PHLDB2;CTSB;WWTR1,anal_pc5_c21_S1.filtered.gene_spectra_score.k_3.dt_0_01.txt
3,2,CL9_PUTATIVE_APOPTOTIC_ENDOTHELIAL,-1.580532852303177,0.0,0.015175856381947204,prerank,-0.37022495350410706,0.854,43/141,14.30%,LGALS3;GSN;NUPR1;BCAM;IFI27;NPDC1;TXNRD1;SPARC;TNFSF10;NFIB;EMP1;MTUS1;EFNA1;TM4SF1;TGIF1;PRSS23;THBS1;EPAS1;PLPP3;TUBB4B;TUBA1C;IFITM3;LAMA4;ANXA1;TCF4;CRIM1;TFPI;A2M;TSC22D1;PPFIBP1;IGFBP7;HSPA2;NDRG1;CNKSR3;CAV2;FTL;BACE2;SMAD1;SPARCL1;AQP1;CDKN1A;CLU;MT2A,anal_pc5_c21_S1.filtered.gene_spectra_score.k_3.dt_0_01.txt
3,2,ENTEROCYTE,-1.5788576595086379,0.017543859649122806,0.015325546063982448,prerank,-0.5575472877984583,0.856,11/20,22.52%,TMEM45B;AOC1;MUC20;CYP3A5;MALL;LAD1;RARRES1;PRSS3;NR1I2;MSLN;STEAP1,anal_pc5_c21_S1.filtered.gene_spectra_score.k_3.dt_0_01.txt
3,2,FGFBP2_POS_NEURAL_PROGENITOR,-1.5780122989881595,0.01366742596810934,0.015385063082702958,prerank,-0.5146322551205927,0.858,11/28,22.96%,LAMA5;NFIX;EPAS1;VEGFA;MFAP4;AQP1;UNC5B;ADM;FRZB;SELENOP;EGLN3,anal_pc5_c21_S1.filtered.gene_spectra_score.k_3.dt_0_01.txt
3,2,INTESTINE_SMOOTH_MUSCLE,-1.5761482643041254,0.011737089201877934,0.015532796664488872,prerank,-0.5032284468888828,0.861,17/32,31.06%,MYH11;DSTN;MYL9;FST;ACTA2;TAGLN;MYLK;FGF7;ANO1;KCNMA1;PDLIM7;ACTG2;CNN1;DES;GREM2;RGS5;LMOD1,anal_pc5_c21_S1.filtered.gene_spectra_score.k_3.dt_0_01.txt
3,2,LATE_AIRWAY_SMC,-1.5668523896130269,0.0026595744680851063,0.016857193357241732,prerank,-0.40158135783372834,0.881,44/83,31.60%,EPCAM;COL4A5;MYH11;AKAP1;NTN1;THBS2;SVIL;TINAGL1;TOB1;WNT5A;LRIG1;NET1;FLRT2;MTSS1;FHL2;TSPAN7;SEMA3C;CDKN1A;THSD4;CRISPLD2;PPP1R12B;LTBP2;COL4A6;DTNA;MT1X;SBSPON;CCDC3;SSC5D;RASL11A;SYNPO2;RAMP1;ACTG2;WFDC1;CNN1;TSPAN2;SPEG;CACNB2;DES;MRGPRF;FBXO32;GREM2;LMOD1;FILIP1L;C16orf89,anal_pc5_c21_S1.filtered.gene_spectra_score.k_3.dt_0_01.txt
3,2,KRT6BPOS_SECRETORY_PROGENITOR,-1.5638235852222429,0.0049382716049382715,0.017181508472616645,prerank,-0.435182021440495,0.887,29/50,33.82%,PRSS8;ATP10B;GPRC5A;CDKN2A;LIPH;ST3GAL4;PDZK1IP1;NTN4;MUC3A;DUOX2;TMPRSS11E;CEACAM1;S100A8;TMPRSS11D;SLC6A14;ADM;PRSS22;EPS8L1;SPNS2;XDH;PDE9A;CTSV;GPT2;ISG15;PDP1;TMPRSS11B;PRSS27;GAN;TGM2,anal_pc5_c21_S1.filtered.gene_spectra_score.k_3.dt_0_01.txt
3,2,IRIS_CILIARY_BODY_FIBROBLASTS,-1.5633726424835064,0.010498687664041995,0.017160010988755837,prerank,-0.4274366729151858,0.888,21/58,17.38%,FBLN1;IGFBP4;JUN;MATN2;C1orf21;VEGFA;MFAP4;ID3;CYBRD1;FN1;BMP1;PLPP1;NID1;FABP5;FTL;TUBB2B;EGR1;SLC39A14;BCL6;SOD2;RHOBTB3,anal_pc5_c21_S1.filtered.gene_spectra_score.k_3.dt_0_01.txt
3,2,CEREBELLUM_VASCULAR_ENDOTHELIAL,-1.5630303262250376,0.0,0.0171532315037844,prerank,-0.33038836174314246,0.889,110/366,19.90%,BCAM;ALDH3A1;VSIG2;IFI27;ATP8B1;ID1;HES1;KLF4;NRARP;IGFBP4;TMEM45B;LAMB2;NOTCH3;NIBAN2;COL3A1;COL4A2;S100P;EPHA2;COL6A2;TBX2;CA2;SPARC;OAF;OCLN;FSTL1;EFNA1;TM4SF1;APCDD1;LAMC1;EPAS1;KLK1;CALD1;COL18A1;SLC7A11;ALS2CL;SLC26A2;COL4A1;RHOB;MYO10;ID3;FN1;CDKN2B;TINAGL1;IFITM3;ANXA1;SERPINH1;SULT1E1;UACA;NID1;MECOM;HSPG2;IGFBP7;FAM43A;EHD2;FOXQ1;CAVIN1;SMAGP;CAV2;SULT1B1;PRSS12;ITIH5;TNXB;LAYN;OSMR;SLC7A1;SNAI2;MELTF;SMTN;MYO1B;RBPMS;ECM1;TCIM;ECE1;LYPD3;TFRC;GBP6;CSRP1;ADGRA2;PCDH18;PCOLCE;FOXD1;PDGFRB;NOS2;MYL9;FOXF1;HYAL2;SLC16A1;UNC5B;BGN;VWA1;PHLDB2;CDC42EP2;GPRC5C;PAMR1;IFI6;ADM;CFH;NOSTRIN;ACTA2;SLC2A1;WWTR1;TBX3;CCN1;TAGLN;BTNL8;OLFML2A;DEGS2;CD248;CAV1;MT1X,anal_pc5_c21_S1.filtered.gene_spectra_score.k_3.dt_0_01.txt
3,2,MUSCLE_VASCULAR_ENDOTHELIAL,-1.5605142942121535,0.0024096385542168677,0.017523508751589853,prerank,-0.45046503363942353,0.893,27/42,43.90%,TM4SF1;CA4;RAPGEF5;NOS2;NOSTRIN;SPNS2;CYYR1;PLVAP;MMRN2;INMT;PRCP;DLL4;RBP7;ADGRL4;VEGFC;IL33;NRN1;RAMP3;PTPRR;ADAMTS18;CCM2L;CLIC5;PTPRM;FLT1;ACKR1;FAM167B;C2CD4B,anal_pc5_c21_S1.filtered.gene_spectra_score.k_3.dt_0_01.txt
3,2,OSSIFICATION_STROMAL,-1.5548813133704351,0.00554016620498615,0.018309927318709382,prerank,-0.4078129395110853,0.902,40/77,32.72%,TACSTD2;FGFR2;FGFR1;SOX4;PLA2G2A;GLUL;SDC4;JUN;TGIF1;ID4;DSTN;FN1;ST3GAL4;SCARA3;SDC2;CD276;CDKN1A;CLU;RASD1;SOD2;AK1;F3;TIMP3;DLX5;PDLIM5;CLMP;KLF9;FHL1;ISLR;HSPH1;IVNS1ABP;RCAN1;SLC29A1;LMO4;SRPX;NFIL3;ANKRD35;CEBPB;ZBTB16;FOXC2,anal_pc5_c21_S1.filtered.gene_spectra_score.k_3.dt_0_01.txt
3,2,ALVEOLAR_EPITHELIAL_TYPE_2,-1.549122729290891,0.00554016620498615,0.019176804699687362,prerank,-0.39719559906876806,0.919,37/84,26.52%,SELENBP1;MUC1;PPP1R1B;PARM1;MLPH;CA2;GSTA4;C1orf21;S100A14;SERPINA1;MALL;ODC1;TFPI;SMAGP;BMP2;FABP5;FTL;DBI;BLVRB;FASN;AQP1;SCD;SOD2;AK1;C3;SLC6A14;AGPAT2;DMBT1;NNMT;SPRY4;LGALSL;P3H2;SDR16C5;EDNRB;C11orf96;SERPINB1;PID1,anal_pc5_c21_S1.filtered.gene_spectra_score.k_3.dt_0_01.txt
3,2,PARIETAL,-1.5465183462736543,0.01240694789081886,0.01944219006785363,prerank,-0.43048178916666874,0.922,22/55,20.80%,CKB;IGFBP2;ALDH1A1;GLUL;ATP1B1;GPC3;IGFBP5;AHCYL2;FTH1;LRIG1;ITIH5;CYSTM1;TXNDC17;FTL;C1orf116;ME3;GPRC5C;MICOS10;FGD4;TPM2;RAP1GAP2;PHLDA1,anal_pc5_c21_S1.filtered.gene_spectra_score.k_3.dt_0_01.txt
3,2,EC,-1.5455073956718537,0.024175824175824177,0.019541329438861204,prerank,-0.5904928360780588,0.926,4/15,10.58%,ID1;TFF3;CES1;MAP1B,anal_pc5_c21_S1.filtered.gene_spectra_score.k_3.dt_0_01.txt
3,2,IRIS_CILIARY_BODY_PUTATIVE_STEM,-1.5452945439117476,0.0,0.019504533373708707,prerank,-0.40255859484560397,0.927,18/70,11.86%,EPCAM;WNK2;PLXNB1;NQO1;PLCB4;NFIB;LAPTM4B;RBM47;QSOX1;ANTXR1;C1orf21;PTPRD;TLN2;PIK3R3;AEBP1;DCBLD2;PLOD2;PLXNA2,anal_pc5_c21_S1.filtered.gene_spectra_score.k_3.dt_0_01.txt
3,2,PARIETAL_AND_CHIEF,-1.5442992327427572,0.023474178403755867,0.01954599433510681,prerank,-0.4655070670548888,0.928,20/33,35.24%,GPX2;CKB;VSIG2;TXNDC17;HK2;GPRC5C;ARHGEF28;PAQR5;FGD4;PFKFB2;RAP1GAP2;PHLDA1;EPN3;GPT2;PSCA;KCNQ1;GREM2;FUT1;ESRRG;SLC19A2,anal_pc5_c21_S1.filtered.gene_spectra_score.k_3.dt_0_01.txt
3,2,OMD_POS_ENDOTHELIAL,-1.5394084379292268,0.0,0.020286439254818815,prerank,-0.3368495258970653,0.938,100/233,27.82%,CKB;FBLN1;JAG1;ALDH1A1;SEMA3F;ERBB2;C1R;C1S;ALCAM;IRF6;COL3A1;COL1A2;SH3RF2;COL5A1;MPZL2;LTBP4;LGR4;MATN2;QSOX1;THBS1;ITGB5;ID4;CPE;MFAP4;PTN;GATA6;CYBRD1;LDLR;BMP4;EFEMP1;CRIM1;MRC2;COL5A2;HOXB3;SULT1E1;PCSK5;MECOM;CRABP2;SULT1B1;ASS1;EPS8;PLOD2;CDH11;AHNAK2;PLXNA2;RGMB;FBLN2;CXCL12;PTGDS;ABCA8;CDKN1A;CCDC80;SULF1;LOXL1;ANOS1;NUAK1;FBLN5;COL21A1;PDE3A;RBMS3;ADAMTS1;IFI6;CFH;ABI3BP;RND3;LTBP2;CCN1;TAGLN;LOX;TMTC1;PER1;IGFBP3;NNMT;KANK1;MET;AIF1L;SMAD6;TNFRSF12A;FMOD;HAS2;SLIT3;GCHFR;PRUNE2;MGP;VCAM1;TFPI2;CCN2;IER3;APOL1;GUCY1B1;SERPINE2;TMEM47;HMCN2;CRISPLD1;TSPAN2;SPEG;CPXM2;CADM1;HTRA3;RUNX1T1,anal_pc5_c21_S1.filtered.gene_spectra_score.k_3.dt_0_01.txt
3,2,KIDNEY_VASCULAR_ENDOTHELIAL,-1.5388960077975726,0.011990407673860911,0.020296581749982286,prerank,-0.4187331951921537,0.939,41/58,49.78%,MALL;EPHB4;TCIM;NR5A2;CEACAM1;NOS2;BDKRB2;EFCC1;CALCRL;MMRN2;STC2;CDH5;FUT1;PREX2;PTPRB;CLEC14A;KCNC4;RBP5;ADGRL4;RAMP3;SHANK3;TIE1;ADGRF5;MSX1;ADCY4;ECSCR;ARHGEF15;THSD1;FAM167B;C2CD4B;LHX6;EXOC3L1;SSUH2;DIPK2B;SOX17;FAM110D;NOS3;BCL6B;STAB2;CYP26B1;GPR4,anal_pc5_c21_S1.filtered.gene_spectra_score.k_3.dt_0_01.txt
3,2,ENDOTHELIAL_CELLS_AVR,-1.536534181859262,0.009615384615384616,0.020650236490098284,prerank,-0.42726209399402926,0.942,20/49,17.42%,ID1;PBX1;CNN3;EPAS1;PLPP3;IGFBP5;FN1;IFITM3;TCF4;TFPI;FTH1;PPFIBP1;IGFBP7;FTL;TCIM;CEACAM1;MT2A;PLAT;RBMS3;TIMP3,anal_pc5_c21_S1.filtered.gene_spectra_score.k_3.dt_0_01.txt
3,2,BETA,-1.5341811186068384,0.0,0.020980359795345765,prerank,-0.33165796281379634,0.948,121/272,30.16%,DDR1;DST;MYH14;GSN;TSPAN1;PFN2;PRXL2A;ID1;CAMK2N1;ALCAM;TXNRD1;PLEKHA6;ROBO1;TFCP2L1;PLCB4;HSPA1B;WLS;MTSS2;CDCP1;UCHL1;PPL;PRSS23;MXRA7;VEGFA;ID4;TNFRSF11A;HS6ST1;PCDH7;SEMA5A;FTH1;PTPN3;TSPAN13;NRCAM;HSPA4L;NDRG1;MTSS1;NAV2;MAP1B;EXPH5;TTLL7;PDZRN3;PLOD2;TSPAN7;FTL;SUSD4;TUBB2B;SLC7A1;DBI;FASN;WNT4;MYO3A;SHTN1;CDKN1A;MT2A;SCD;SLC39A14;GREM1;NSG1;FFAR4;ANKRD65;RAB15;RASD1;DPYSL2;CDKN1C;HSPA1A;TIMP2;ADM;SLC2A1;SMAD9;SERPINB4;PFKFB2;VLDLR;EPB41L1;MT1X;DNAJB1;GLIS3;TNS1;RAP1GAP2;GLT8D2;MAST4;NFASC;MAP1LC3A;ERRFI1;RBP4;CRMP1;ME1;FAM174B;PRUNE2;OLFM1;TSHZ3;IL17RB;MXI1;KCNMA1;AACS;STXBP1;GDA;MEIS2;GPSM1;SLC16A9;IER3;SOBP;CACNA1D;ANP32E;IRS2;HSPH1;MAP2;PLAGL1;SPEG;CADM1;RUNX1T1;CACNA1H;CYYR1;RMND5A;RCAN2;PKIB;SLC29A1;GNG4;ROR1;APPL2;RALGPS1;MLXIPL,anal_pc5_c21_S1.filtered.gene_spectra_score.k_3.dt_0_01.txt
3,2,HEART_LYMPHATIC_ENDOTHELIAL,-1.5294526499792631,0.01875,0.021892827797805662,prerank,-0.5287612107250523,0.956,8/22,24.88%,TFF3;HOXD10;SPHK1;FZD10;HOXD9;PROX1;EFCC1;C6orf141,anal_pc5_c21_S1.filtered.gene_spectra_score.k_3.dt_0_01.txt
3,2,LATE_SCHWANN,-1.5278142518087487,0.005154639175257732,0.022105105284169396,prerank,-0.4045073697115315,0.96,26/67,17.52%,LGALS3;ALDH1A1;NFIX;LAMB1;MAL2;MATN2;PRSS23;COL4A1;COL16A1;CYBRD1;TMEM176B;HTRA1;DOCK5;HSPG2;IGFBP7;NAALADL2;FBLN2;TRPM3;AQP1;USP53;TMEM176A;MYL9;FBLN5;BGN;COL15A1;FST,anal_pc5_c21_S1.filtered.gene_spectra_score.k_3.dt_0_01.txt
3,2,GRIA2_POS_ARTERIAL_ENDO,-1.5274361726016514,0.006864988558352402,0.02211543446949247,prerank,-0.39552711783000843,0.96,39/81,27.56%,ITGB4;CKB;NTRK2;JAG1;LAMA5;PALLD;LTBP4;GATA6;SULT1E1;PCSK5;MECOM;PIK3R3;HES4;SULT1B1;ASS1;EPS8;JAG2;CXCL12;ADAMTSL1;HEY1;FBLN5;UNC5B;COL15A1;CFH;SLC45A4;IGFBP3;MET;AIF1L;SMAD6;LTBP1;SOX6;EGFL8;TFPI2;AFAP1L2;SERPINE2;ATP13A3;SORBS2;TSPAN2;TGFB2,anal_pc5_c21_S1.filtered.gene_spectra_score.k_3.dt_0_01.txt
3,2,IRIS_CILIARY_BODY_MELANOCYTES,-1.5272567649079318,0.016786570743405275,0.022070599191278104,prerank,-0.4298784638969575,0.96,20/50,20.86%,EPHX1;NUPR1;ERBB3;BAIAP2L1;MTSS2;PLEKHG3;EFNA1;MMP14;MARCKSL1;TOB1;AHCYL2;CCL28;EPS8;CDKN2C;CDKN1C;RHOBTB3;TMTC1;PER1;ARL6IP1;HMGCS1,anal_pc5_c21_S1.filtered.gene_spectra_score.k_3.dt_0_01.txt
3,2,MARROW_EARLY_ERYTHROBLAST,-1.5238956890350837,0.03146067415730337,0.0226367762182253,prerank,-0.5327558125003004,0.965,8/21,22.80%,CDH1;MUC1;GSTM3;MYB;NMU;MICOS10;MYC;PMP22,anal_pc5_c21_S1.filtered.gene_spectra_score.k_3.dt_0_01.txt
3,2,MARROW_CD34_POS_MKP,-1.5234028938298412,0.02358490566037736,0.022658777639310113,prerank,-0.4630300658183123,0.965,17/34,29.84%,TPM1;PRKG1;PBX1;ITGA2;EFNB2;MGLL;KAZN;ANXA3;TGFB1I1;LTBP1;TEAD4;GUCY1B1;KALRN;WFDC1;VWF;DKK1;EXOC3L4,anal_pc5_c21_S1.filtered.gene_spectra_score.k_3.dt_0_01.txt
3,2,CEREBRUM_MEGAKARYOCYTES,1.522878984802628,0.003125,0.020134062797665296,prerank,0.3872560705208235,0.987,35/142,13.64%,CD96;NLRC5;LAT;CD6;FERMT3;ATP2A3;SKAP1;DOK2;GRAP2;SLAMF6;BANK1;IL21R;BTN3A2;TESPA1;KCNA3;CD69;PLEK;IL27RA;DAPP1;MTERF4;NBEAL2;RHOF;CD226;RAB37;CISH;LYL1;TSPAN32;TENT5C;CD200R1;CCND3;S100A4;IQGAP2;F13A1;KLRD1;HAGHL,anal_pc5_c21_S1.filtered.gene_spectra_score.k_3.dt_0_01.txt
3,2,MYL4_POS_SMC,-1.516780781049452,0.007481296758104738,0.023975101356032834,prerank,-0.39491236409274655,0.969,42/80,31.06%,KRT8;CXCL14;CD24;IGFBP2;MYH11;AKAP1;LRIG1;ENC1;PDLIM4;HTRA1;NET1;FHL2;SEMA3C;TUBB2B;LIMS2;SCD;ANOS1;HMGA2;SMOC2;COL12A1;FHDC1;FST;RHCG;MSRB3;TNFRSF12A;SBSPON;SSC5D;SORBS1;SYNPO2;RAMP1;ACTG2;WFDC1;ALDH1B1;CNN1;TSPAN2;SPEG;CACNA1C;ITGA11;PSAT1;CAVIN2;GREM2;LMOD1,anal_pc5_c21_S1.filtered.gene_spectra_score.k_3.dt_0_01.txt
3,2,TH17,1.5157983671227617,0.04036697247706422,0.021233335337953036,prerank,0.5886880697324482,0.99,9/16,18.54%,JAML;ADAM19;SLAMF1;BLK;CCR6;LST1;IL4I1;GPR25;IL23R,anal_pc5_c21_S1.filtered.gene_spectra_score.k_3.dt_0_01.txt
3,2,SCHWANN,-1.5105113746743313,0.034653465346534656,0.02511918716356002,prerank,-0.5087415514358578,0.975,18/23,42.04%,ADAM23;ABCA8;TMEM176A;PLAT;OLFML2A;TSPAN11;PMP22;KIAA1755;C1orf198;EDNRB;ASPA;COL28A1;GAS2L3;GFRA3;SCN7A;SEMA3G;NGFR;SOX10,anal_pc5_c21_S1.filtered.gene_spectra_score.k_3.dt_0_01.txt
3,2,AT1,-1.5103810635618755,0.02403846153846154,0.025057799580160682,prerank,-0.4649589547968572,0.975,14/34,15.66%,ADIRF;PKDCC;CYBRD1;ANXA1;MMP28;SEMA5A;HTRA1;EHD2;CAVIN1;CAV2;TGFBI;ABCA8;CRYAB;NMU,anal_pc5_c21_S1.filtered.gene_spectra_score.k_3.dt_0_01.txt
3,2,OLFACTORY_NEUROEPITHELIUM_BOWMANS_GLAND,-1.507055860572845,0.040169133192389,0.02569794085851104,prerank,-0.5396742319756254,0.978,10/18,29.72%,PPP1R1B;SLPI;LCN2;NDRG2;LRRC26;PI3;DMBT1;GPX3;CXCL17;AZGP1,anal_pc5_c21_S1.filtered.gene_spectra_score.k_3.dt_0_01.txt
3,2,KIDNEY_MESANGIAL,-1.506746920568975,0.0367170626349892,0.02566182997074106,prerank,-0.5215892917241696,0.978,9/21,30.62%,PALLD;APCDD1;TNC;RARRES1;LAMA2;LAMC3;SYNPO2;NKD2;COL8A1,anal_pc5_c21_S1.filtered.gene_spectra_score.k_3.dt_0_01.txt
3,2,ERYTHROBLASTS,-1.5057488777005985,0.008426966292134831,0.025786635120059697,prerank,-0.3756420313146182,0.978,37/97,24.66%,SELENBP1;GCLC;A4GALT;GALNT5;NUSAP1;MBOAT2;KIF23;RRM2;BLVRB;PRC1;NCAPG;TFRC;TROAP;RECQL4;DMTN;BIRC5;FAM83D;HJURP;CDC20;FHDC1;HMMR;RIPOR3;SLC2A1;SNCA;DLGAP5;SPC25;KIF18B;SPTB;SPAG5;KRT13;ESPL1;INCENP;CENPE;FCHO2;CENPI;CCNF;KIF15,anal_pc5_c21_S1.filtered.gene_spectra_score.k_3.dt_0_01.txt
3,2,CLUB,-1.505225445363917,0.007692307692307693,0.025770480352507088,prerank,-0.38740079532417376,0.978,33/73,20.92%,EHF;NEDD4L;MGST1;SOX4;S100P;MLPH;GPRC5A;MUC20;CEACAM6;SLPI;EPAS1;LIPH;SERPINA1;ANXA1;CRIM1;GRHL1;KLK11;TMC5;PRSS12;RHOV;FABP5;KLK10;SCNN1B;CRACR2B;SPARCL1;HSD17B11;C3;CFH;KRT7;CP;GDF15;MET;RUNX1,anal_pc5_c21_S1.filtered.gene_spectra_score.k_3.dt_0_01.txt
3,2,DC1,1.497318615520145,0.0015082956259426848,0.02458981138369792,prerank,0.374464815992748,0.995,64/161,19.68%,ACAP1;MAP4K1;ITGB7;STK17A;SP140;WDFY4;ADAM19;ATP2A3;CYFIP2;GRAP2;TRPV2;P2RY10;PTPN22;NUP210;AIM2;SEL1L3;CD40;SLAMF7;TLR10;SERPINB9;ISG20;HSH2D;MCOLN2;TMEM156;CXCR3;SIGLEC10;DNASE1L3;SNX22;CBFA2T3;RHOF;CD226;SLAMF8;CD38;RFTN1;GCSAM;TIFAB;PDE4B;LY75;EPB41;CLNK;GOLGA8B;DUSP4;ST3GAL2;ZDHHC18;LRRK2;KIAA0040;NIBAN1;RGCC;APOL2;RUBCNL;TSPAN33;ZEB1;LDLRAD4;XCR1;CLEC2B;ZNF366;FLT3;ATP6V0A2;CLEC9A;FUT8;GPR137B;CHST2;RAB11FIP4;BATF3,anal_pc5_c21_S1.filtered.gene_spectra_score.k_3.dt_0_01.txt
3,2,SCG3_POS_LYMPHATIC_ENDOTHELIAL,-1.4949600978673196,0.0,0.028174317405185043,prerank,-0.3273327292815121,0.987,69/250,15.98%,ITGB4;PTPRK;LGALS3;NUPR1;AKR1C3;NBL1;AKR1C2;PLXNB1;MGST1;LAMA5;TFF3;SERINC2;HEPH;COL4A5;GSTM3;SDC4;AGAP1;S100P;SIAE;OAF;A4GALT;LTBP4;LAPTM4B;UCHL1;PTPRS;ADIRF;PPL;NTN1;SLPI;POF1B;DKK3;CPE;ITGB8;TOP2A;SLC22A23;MFAP4;MID1;TNFRSF11A;HS6ST1;SULF2;PPARG;CELSR1;NINL;PTPN3;ADAM9;COL5A2;PDLIM4;PLPP1;SCARA3;FZD10;HSPA2;FLRT2;NAV2;HES4;PLOD2;TSHZ2;TUBB2B;SLC7A1;HOXD9;LYPD3;MAPRE3;CEACAM1;B3GNT5;MXRA8;CCDC80;PDPN;PCCA;UNC5B;RASD1,anal_pc5_c21_S1.filtered.gene_spectra_score.k_3.dt_0_01.txt
3,2,INTERM_CHONDROCYTE,-1.4929210074476449,0.01182033096926714,0.028534296336539793,prerank,-0.43835082175298185,0.988,21/38,30.48%,FGFR2;WFDC2;SEMA6A;VSNL1;DHRS3;MECOM;RFLNA;THSD4;COL15A1;PRRX1;SLC2A1;BOC;FRZB;AIF1L;SOX6;CTHRC1;HAPLN1;PRELP;CRISPLD1;DAAM2;PSAT1,anal_pc5_c21_S1.filtered.gene_spectra_score.k_3.dt_0_01.txt
3,2,KIDNEY_9_ENDOTHELIAL,-1.4805136839584105,0.0072992700729927005,0.03145350567860832,prerank,-0.3971901069867153,0.991,19/58,10.42%,IGFBP4;PXDN;COL4A2;SPARC;PBX1;EFNB2;TM4SF1;PLPP3;COL4A1;IGFBP5;FN1;IFITM3;TCF4;SERPINH1;A2M;UACA;MKI67;HSPG2;CAVIN1,anal_pc5_c21_S1.filtered.gene_spectra_score.k_3.dt_0_01.txt
3,2,PODOCYTES,-1.4788063756669365,0.008108108108108109,0.03183268750623552,prerank,-0.3743343593942228,0.991,43/93,24.80%,DST;NPNT;PRKG1;PALLD;VEGFA;CALD1;ITGB8;PLCE1;ALS2CL;CERS6;TJP1;SEMA5A;CRIM1;PTPRD;UACA;HTRA1;DOCK5;MTSS1;ARHGEF26;EXPH5;PLA2R1;SEPTIN11;SH3RF1;MYO1B;PTPN13;SULF1;KIRREL1;DACH1;CDKN1C;PARD3B;KANK1;GPC6;NFASC;PDLIM5;NES;SOX6;P3H2;PAM;UNC5C;GPX3;WWOX;FRY;CCN2,anal_pc5_c21_S1.filtered.gene_spectra_score.k_3.dt_0_01.txt
3,2,ISLET_ENDOCRINE,-1.474621754568504,0.033707865168539325,0.032622388697772564,prerank,-0.4257114289566023,0.992,19/44,38.62%,TSPAN1;AMN;CAMK2N1;EYA2;FFAR4;HSPA1A;PTPRN2;RBP4;KLK12;GRHL3;KCNMA1;MLXIPL;ST6GALNAC5;PCSK1;GRIA3;PCSK1N;MAB21L4;RAB3B;NECAB2,anal_pc5_c21_S1.filtered.gene_spectra_score.k_3.dt_0_01.txt
3,2,HEART_SCHWANN,-1.4741490574424263,0.05176470588235294,0.032661732282131685,prerank,-0.48396419103631044,0.992,13/26,34.26%,ALDH1A1;ERBB3;ATP10B;TFAP2A;ITIH5;OLFML2A;TSPAN11;ALDH1A3;ASPA;COL28A1;PRIMA1;GFRA3;ARTN,anal_pc5_c21_S1.filtered.gene_spectra_score.k_3.dt_0_01.txt
3,2,COL20A1_POS_SCHWANN,-1.4707475029061774,0.02689486552567237,0.033469320478140524,prerank,-0.43814146948354504,0.992,21/41,22.74%,ALDH1A1;KLF4;NFIX;ELN;MAL2;ITGA2;COL6A3;ANXA1;TMEM176B;IGFBP7;FBN1;TGFBI;ADAMTSL1;USP53;TMEM176A;BGN;FST;PDGFA;TFAP2C;IL1RAP;P3H2,anal_pc5_c21_S1.filtered.gene_spectra_score.k_3.dt_0_01.txt
3,2,DC2,1.4701431457411027,0.03231597845601436,0.031003276529871872,prerank,0.460572552666808,0.999,15/39,14.74%,MAP4K1;LPXN;ADAM8;TLR10;CD69;TMEM156;IRF4;SLAMF8;FCGR2B;IL18BP;CD1C;ADAM28;TMEM273;ARL4C;SNAI3,anal_pc5_c21_S1.filtered.gene_spectra_score.k_3.dt_0_01.txt
3,2,PUTATIVE_BASOPHIL_EOSINOPHIL_MAST_CELL_PROGENITOR,1.4687324921609564,0.03204047217537943,0.031128059743438654,prerank,0.4488211406838657,0.999,12/44,13.12%,LAPTM5;PIM2;GRAP2;P2RX5;POU2F2;ALOX5AP;PLEK;TRIB2;EMP3;CSF2RB;S100A4;STAM,anal_pc5_c21_S1.filtered.gene_spectra_score.k_3.dt_0_01.txt
3,2,RESTING_CHONDROCYTE,-1.4679478678666826,0.00819672131147541,0.03412216347519203,prerank,-0.37102781705297305,0.993,38/83,27.12%,DST;FGFR2;LRP1;MPZL2;FLNB;WFDC2;FGFR3;ITGB5;MRC2;COL14A1;DHRS3;RFLNA;THSD4;PDPN;GREM1;COL27A1;COL15A1;SNORC;PRRX1;COL12A1;CFH;SLC2A1;FRZB;PER1;SYT8;CSPG4;FMOD;SOX6;STEAP1;SORBS1;DDR2;CTHRC1;FRY;HAPLN1;CHAD;PRELP;CRISPLD1;SORBS2,anal_pc5_c21_S1.filtered.gene_spectra_score.k_3.dt_0_01.txt
3,2,IGSF21_DENDRITIC,1.449552167418385,0.03074141048824593,0.035852052570088146,prerank,0.45805603372501086,0.999,21/41,23.98%,MS4A6A;STAB1;CSF1R;MS4A7;C1QC;C1QA;CD83;C1QB;FCGR2B;F13A1;MRC1;MS4A4A;VSIG4;FOLR2;GFRA2;ARHGAP18;LGMN;DAB2;SLCO2B1;MSR1;CD93,anal_pc5_c21_S1.filtered.gene_spectra_score.k_3.dt_0_01.txt
3,2,ADRENAL_VASCULAR_ENDOTHELIAL,-1.4461877174475035,0.013440860215053764,0.0404632868735856,prerank,-0.3679932296103072,0.997,60/87,46.82%,ID1;EFNB2;EFNA1;CDH13;PLPP3;TCIM;NR5A2;CEACAM1;CA4;HYAL2;BTNL8;CP;CX3CL1;SLC26A5;EFCC1;PODXL;CALCRL;HRCT1;ARHGAP29;PLVAP;CLDN5;EDN1;MMRN2;INHBB;SLCO2A1;LDB2;STC2;CDH5;PTPRB;RAMP2;CLEC14A;CD34;DLL4;RBP5;ADGRL4;NRN1;SHANK3;RASIP1;SOX18;TIE1;AFAP1L1;ADCY4;ECSCR;ST6GALNAC3;TEK;PLIN4;ROBO4;ARHGEF15;THSD1;MYRIP;KDR;RAET1E;NPR1;PDE2A;EXOC3L1;DIPK2B;SOX17;APLNR;FAM110D;CDA,anal_pc5_c21_S1.filtered.gene_spectra_score.k_3.dt_0_01.txt
3,2,ENDOTHELIAL_CELLS_GLOMERULAR_CAPILLARIES,-1.4445905001034742,0.010582010582010581,0.04077881103128364,prerank,-0.3628668598501323,0.997,50/86,32.56%,PRKG1;COL4A2;PBX1;EPAS1;CALD1;CDH13;PLPP3;COL4A1;SVIL;IGFBP5;TJP1;TCF4;UACA;PPFIBP1;PLPP1;MTSS1;CADPS2;ADGRL2;NTN4;TTC28;PLAT;RBMS3;HSPA1A;TIMP3;NOSTRIN;GRB10;TMTC1;DNAJB1;PTPRG;FOS;ARHGAP26;GPX3;MEIS2;EXOC6B;KALRN;FMNL2;HSPH1;SORBS2;EPB41L4A;LIFR;CACNA1C;SNED1;LIMCH1;MAML3;GNA14;HECW2;SLCO2A1;LDB2;PREX2;ZBTB16,anal_pc5_c21_S1.filtered.gene_spectra_score.k_3.dt_0_01.txt
3,2,MARROW_CD34_POS_PRE_B,1.4388178712595485,0.03411131059245961,0.038814938976178485,prerank,0.446216811969532,0.999,17/42,18.28%,LIMD2;CCDC69;RCSD1;PAX5;NIBAN3;CD79B;TMEM131L;BTK;IRF4;DTX1;TBC1D1;CD38;AFF3;TCL1A;RUBCNL;LDLRAD4;KLHL14,anal_pc5_c21_S1.filtered.gene_spectra_score.k_3.dt_0_01.txt
3,2,BRONCHIAL_VESSEL_1,-1.4371766591665358,0.015915119363395226,0.042705070381083454,prerank,-0.36396371651965903,0.998,46/91,31.14%,LGALS3;IGFBP2;MPZL2;LAPTM4B;THBS1;GJA1;MGLL;TSPAN13;HSPG2;NET1;IGFBP7;FAM43A;NDRG1;EPS8;BACE2;EGR1;INSR;SPARCL1;CDKN1A;NUAK1;MYL9;VWA1;COL15A1;ADAMTS1;CCN1;TAGLN;NOP16;SPRY1;NNMT;MYC;ITPKC;CCDC3;OLFM1;MGP;CCN2;C11orf96;SNRPD1;CPXM2;CYYR1;RCAN1;GADD45A;PLVAP;ADAMTS9;NCOA7;HBEGF;INHBB,anal_pc5_c21_S1.filtered.gene_spectra_score.k_3.dt_0_01.txt
3,2,IGFBP1_DKK1_POSITIVE,-1.430431953750504,0.018276762402088774,0.044919488279778756,prerank,-0.36422811735721344,0.998,53/86,38.56%,RBP1;IGFBP4;DCN;LUM;SPTSSA;PLPP3;MMP2;MFAP4;SULF2;WNT5A;PLPP1;MXRA8;THY1;CFD;CRISPLD2;ADAMTS1;ABI3BP;LTBP2;SERPING1;CD248;C1QTNF1;SNX21;SCARA5;ACE;SSC5D;CPXM1;SPON2;OSR2;APOL1;IGFBP6;CILP;ISLR;IRS2;ATP13A3;DKK1;CTSK;LMOD1;TMEM37;GASK1A;TIMP1;APOD;TGM2;S100A3;ADAMTS15;DEPP1;TMEM45A;AOX1;VASN;CHRDL1;GAS1;SPSB1;MMP19;HSPB6,anal_pc5_c21_S1.filtered.gene_spectra_score.k_3.dt_0_01.txt
3,2,CL0_XBP1_SELK_HIGH_STROMAL,-1.4273713452854286,0.06479481641468683,0.04572131880729124,prerank,-0.45498354482680115,0.999,10/29,13.04%,NUPR1;HES1;ATP1B1;DCN;CNN3;LUM;SPTSSA;IGFBP5;FHL2;SDC2,anal_pc5_c21_S1.filtered.gene_spectra_score.k_3.dt_0_01.txt
3,2,MYOFIBROBLAST_3,-1.4248135502247552,0.0654627539503386,0.04644785886089666,prerank,-0.5155787135228567,0.999,7/18,15.40%,CXCL14;SLC26A2;SAMD5;VSNL1;PROM1;ENC1;PTHLH,anal_pc5_c21_S1.filtered.gene_spectra_score.k_3.dt_0_01.txt
3,2,HEART_5TH_WEEK_ATRIAL_CARDIOMYOCYTE,-1.4237054514909158,0.08466819221967964,0.04659258567445227,prerank,-0.47495508864304414,0.999,17/25,33.80%,CD24;COL3A1;TM4SF1;GJA1;LAMA4;FABP5;DBI;CXCL12;VCAN;HAPLN1;CYB5A;OLFML3;FRMD3;MASP1;ESAM;RAMP2;C7,anal_pc5_c21_S1.filtered.gene_spectra_score.k_3.dt_0_01.txt
3,2,RETINAL_PIGMENT,-1.4193405328319828,0.025252525252525252,0.04793083932424279,prerank,-0.4018637548818532,0.999,25/51,33.18%,BMP7;ABCC5;RNF212;PLCE1;SERPINF1;PTGDS;TRPM3;FRZB;PFKFB2;PARD3B;MYRF;CYP27A1;ADTRP;MROH7;ELOVL7;WFDC1;CRISPLD1;ATP6V1C2;SOSTDC1;BTC;COL8A1;GPR143;SEC14L2;ADAMTSL3;TRPC4,anal_pc5_c21_S1.filtered.gene_spectra_score.k_3.dt_0_01.txt
3,2,OXYNTIC_ENTEROCHROMAFFIN_LIKE,-1.4149964407574385,0.03773584905660377,0.04948079210726025,prerank,-0.4072575886307286,0.999,12/43,16.92%,EPCAM;ALDH1A1;SOX4;WFDC2;LEFTY1;CPE;SERPINA1;KLK11;PDZRN3;ECE1;SMOC2;IFI6,anal_pc5_c21_S1.filtered.gene_spectra_score.k_3.dt_0_01.txt
3,2,LATE_TIP,-1.4131884130668138,0.0872210953346856,0.04992184417055537,prerank,-0.53295617029534,0.999,8/15,30.02%,PPP1R1B;COL6A3;MGLL;TNC;AQP1;SHISA2;C11orf96;CEMIP,anal_pc5_c21_S1.filtered.gene_spectra_score.k_3.dt_0_01.txt
3,2,DISTAL_CONVOLUTED_TUBULE,-1.4081324697250714,0.02610966057441253,0.051567862426665084,prerank,-0.35954190108870215,0.999,42/88,29.52%,DST;CA12;NEDD4L;ATP1B1;AGAP1;LGR4;SVIL;SAMD5;MECOM;NAV2;CADPS2;NAALADL2;PPARGC1A;ADGRL2;ICA1;SH3RF1;NR3C2;CACNA2D3;PCCA;DACH1;ME3;RHOBTB3;FGD4;PARD3B;PTPRG;KANK1;SOX6;ABCA10;SAMD12;WWOX;ANK3;EXOC6B;CACNA1D;LRP1B;VAV3;AHI1;CADM1;PDE10A;IVNS1ABP;BICC1;LIMCH1;FRMD3,anal_pc5_c21_S1.filtered.gene_spectra_score.k_3.dt_0_01.txt
3,2,FIBROMYOCYTE,-1.407126871704822,0.05321507760532151,0.051780947225740094,prerank,-0.49482989675340183,0.999,11/19,26.12%,CKB;CLDN1;SCARA3;AQP1;CLU;SBSPON;PRUNE2;KCNMA1;SYNPO2;RAMP1;ACTG2,anal_pc5_c21_S1.filtered.gene_spectra_score.k_3.dt_0_01.txt
3,2,PULMONARY_NEUROENDOCRINE,-1.406484757474291,0.02197802197802198,0.05186829824815202,prerank,-0.3474894172414724,0.999,49/106,31.80%,LRATD1;SCNN1A;DPYSL3;ADGRG1;NPDC1;ROBO1;A4GALT;CASZ1;TMEM176B;KLK11;MAP1B;TTC39A;PDZRN3;TMEM184A;MAPRE3;TMEM176A;RASD1;DACH1;SMOC2;SNCA;SMPD3;KRT7;DTNA;MMP11;SLITRK6;PTPRN2;HOXB5;KLK12;ESPL1;CRMP1;PRUNE2;KCNMA1;PROX1;CACNB2;LHFPL6;NEGR1;RUNX1T1;CACNA1H;RGS11;PKIB;GNG4;AP3B2;TMEM51;CHRD;NDUFA4L2;FAM13C;INHBB;KCNH2;TIMP1,anal_pc5_c21_S1.filtered.gene_spectra_score.k_3.dt_0_01.txt
3,2,MARROW_DENDRITIC,1.401937165149213,0.02694136291600634,0.051788223851162864,prerank,0.37463282636781325,1.0,26/94,14.56%,PARVG;CD74;LSP1;CIITA;JAML;WDFY4;IRF8;GPR183;ALOX5AP;SEMA7A;CXCR3;DNASE1L3;CSF2RA;MILR1;CBFA2T3;CLEC10A;CSF2RB;CD1C;IRF7;P2RY6;RUNX2;PHACTR1;GAPT;RNASE6;MRC1;PLD4,anal_pc5_c21_S1.filtered.gene_spectra_score.k_3.dt_0_01.txt
3,2,MARROW_PLASMA,1.3966803036292623,0.05574912891986063,0.053281278780949154,prerank,0.4145567954102711,1.0,20/51,21.88%,SLAMF7;FCRL5;FKBP11;TXNDC11;RASGRP3;IGHA2;JCHAIN;MZB1;HERPUD1;TXNDC5;UBE2J1;DERL3;SSR4;DNAJB9;IGHA1;WNT10A;SDF2L1;IGKC;SEC11C;JSRP1,anal_pc5_c21_S1.filtered.gene_spectra_score.k_3.dt_0_01.txt
3,2,MID_AIRWAY_SMC_2,-1.3940627321206092,0.008928571428571428,0.05686364206614009,prerank,-0.331460038686094,1.0,70/141,31.76%,EPCAM;LAMA5;TCEA3;COL4A5;PARM1;MYH11;AKAP1;NTN1;CDH13;THBS2;SVIL;TINAGL1;TOB1;WNT5A;LRIG1;PDLIM4;HSPG2;NET1;FAM43A;FLRT2;FHL2;TSPAN7;SEMA3C;LIMS2;AQP1;CDKN1A;THSD4;ANOS1;CRISPLD2;SMOC2;SLC2A1;PPP1R12B;LTBP2;TNNT3;COL4A6;DTNA;NNMT;KANK1;C1QTNF1;MSRB3;ANO1;SBSPON;INKA2;CCDC3;P3H2;EGLN3;SSC5D;RASL11A;KCNMA1;SORBS1;SYNPO2;RAMP1;ACTG2;WFDC1;ALDH1B1;CNN1;TSPAN2;SPEG;NCKAP5;SLC29A1;MRGPRF;DMD;BTC;FBXO32;CAVIN2;GREM2;LMOD1;FILIP1L;C16orf89;THBS3,anal_pc5_c21_S1.filtered.gene_spectra_score.k_3.dt_0_01.txt
3,2,T_ALPHA_BETA_ENTRY,1.3896347785728116,0.06770833333333333,0.05585381270148934,prerank,0.46809276741157807,1.0,15/30,22.72%,CD4;THEMIS;ITPR2;KCNA3;CBFA2T3;MZB1;CD1C;ADORA2A;DAPK1;BCOR;LDLRAD4;SH3TC1;CD1E;EPHB6;CD1A,anal_pc5_c21_S1.filtered.gene_spectra_score.k_3.dt_0_01.txt
3,2,NK,-1.3821001292946211,0.052083333333333336,0.06174655081518937,prerank,-0.36740870250024144,1.0,29/66,19.80%,BCAM;NOTCH3;ITGA6;COL6A2;COL6A3;MATN2;PRSS23;COL1A1;LUM;DSTN;CRIM1;COL14A1;HSPG2;IGFBP7;FAM43A;MFGE8;CAV2;FBN1;GJC1;SPARCL1;MT2A;CCDC80;PDGFRB;SMOC2;CFH;ACTA2;TPM2;CCDC102B;CAV1,anal_pc5_c21_S1.filtered.gene_spectra_score.k_3.dt_0_01.txt
3,2,UNKNOWN_NOVEL_PT_CFH_POS_SUBPOPULATION_S2,-1.3820819494255847,0.04672897196261682,0.061554803147094335,prerank,-0.39528791730732843,1.0,26/43,30.22%,DST;TPM1;PLCB4;PALLD;ITGB8;SVIL;CRIM1;EDIL3;TSHZ2;L3MBTL4;TTC28;RBMS3;CFH;PARD3B;KANK1;SLIT3;PRUNE2;PLEKHA7;WWOX;CCN2;BNC2;TMEM178B;BICC1;MAML3;FRMD4A;ARHGAP29,anal_pc5_c21_S1.filtered.gene_spectra_score.k_3.dt_0_01.txt
3,2,RETINA_BIPOLAR,-1.3807805820220194,0.0821917808219178,0.061935139771980584,prerank,-0.4684770283305161,1.0,7/23,9.42%,CKB;AGAP1;NFIB;CDHR1;TCF4;PROM1;TMEM176B,anal_pc5_c21_S1.filtered.gene_spectra_score.k_3.dt_0_01.txt
3,2,MUSCLE_ERYTHROBLASTS,-1.3774659154849882,0.06506024096385542,0.06330428665997273,prerank,-0.43192495375426126,1.0,14/32,24.18%,SELENBP1;SLC6A8;BLVRB;TFRC;TROAP;MYBL2;DMTN;HMMR;RIPOR3;SLC2A1;WDR76;CDCA8;SLC12A4;LIPG,anal_pc5_c21_S1.filtered.gene_spectra_score.k_3.dt_0_01.txt
3,2,UNKNOWN_NEUROD2_POS_INTERNEURON,-1.3769511968881647,0.050724637681159424,0.06332899463779147,prerank,-0.4071653485733545,1.0,9/39,14.44%,PTPRK;NTRK2;ALCAM;CPE;DTX4;SEMA3C;JAG2;FASN;SCD,anal_pc5_c21_S1.filtered.gene_spectra_score.k_3.dt_0_01.txt
3,2,MYOFIBROBLAST_2,-1.3763905540536305,0.050761421319796954,0.06341434618440683,prerank,-0.3712049089615272,1.0,30/62,31.60%,CXCL14;MYH11;SLC4A4;SLC26A2;WNT5A;VSNL1;ENC1;PCSK5;HTRA1;LRP4;NRCAM;SORT1;SEMA3C;PLXNA2;COL27A1;COL12A1;LTBP2;MT1X;RUNX1;ANO1;SSC5D;WNT11;ACTG2;TSPAN2;MCTP2;EOGT;SNED1;SERPINE1;SLCO2A1;C16orf89,anal_pc5_c21_S1.filtered.gene_spectra_score.k_3.dt_0_01.txt
3,2,MUC5AC_POS_ASCL1_POS_PROGENITOR,-1.3731782625630649,0.07589285714285714,0.06450525453307247,prerank,-0.4493023280453659,1.0,15/26,30.86%,CALML3;SCNN1A;ACKR3;CEACAM6;DLL1;RASD1;CRISPLD2;SMOC2;FMOD;LNX1;CPXM2;SULT2B1;CDH2;PLLP;FAM13C,anal_pc5_c21_S1.filtered.gene_spectra_score.k_3.dt_0_01.txt
3,2,SECRETORY_PROGENITOR,1.3725542807753173,0.09944751381215469,0.06335686502056799,prerank,0.47071617915655983,1.0,6/25,6.66%,ARHGAP4;BANK1;POU2AF1;ABCA7;STAB1;ITGAX,anal_pc5_c21_S1.filtered.gene_spectra_score.k_3.dt_0_01.txt
3,2,ILC3,1.3722478005881866,0.05756578947368421,0.06292749563518316,prerank,0.41212082772856157,1.0,21/46,24.78%,JAML;ADAM19;SLAMF1;BLK;CCR6;CXCR6;LST1;NFATC1;AFF3;RUNX2;DAPK1;IL4I1;LDLRAD4;GPR25;IL23R;TOX2;TIAM1;CPNE7;SCART1;KIT;FSD1,anal_pc5_c21_S1.filtered.gene_spectra_score.k_3.dt_0_01.txt
3,2,CEREBRUM_ASTROCYTES,-1.367875757680918,0.0594059405940594,0.06666473436941196,prerank,-0.3721893563431964,1.0,35/57,40.90%,SLC4A4;RNF43;FGFR3;EFEMP1;LRIG1;ARHGEF26;TNC;TPPP3;GJB2;COL27A1;FST;GJB6;GLIS3;VCAM1;CPXM2;SLC25A48;HKDC1;HSD17B6;SLC47A2;PDLIM3;FLNC;FAP;GREB1L;PI16;ADAMTS12;VIPR2;IL33;GDPD2;PIK3C2G;UBXN10;PI15;AGT;TNFRSF11B;COL22A1;CFAP43,anal_pc5_c21_S1.filtered.gene_spectra_score.k_3.dt_0_01.txt
3,2,EXTRAVILLOUS_TROPHOBLASTS,-1.3636493126604394,0.04600484261501211,0.0684794202559169,prerank,-0.3852598574478277,1.0,23/53,22.58%,KRT8;PRSS8;FAT2;TNFSF10;FSTL1;FLNB;EFNA1;QSOX1;FBN1;LY6K;CD276;FGFBP1;NOS2;AFAP1;CDKN1C;ASAP3;HPGD;KRT7;PVR;SLC12A8;PXN;IL1RAP;SEMA4C,anal_pc5_c21_S1.filtered.gene_spectra_score.k_3.dt_0_01.txt
3,2,PLATELET_MEGAKARYOCYTE,-1.363111741996681,0.009554140127388535,0.06849957786890448,prerank,-0.30691031863552304,1.0,77/201,25.80%,EPCAM;KRT8;ELF3;CLDN4;KRT19;SLC44A4;GSN;AGR2;TSPAN1;IGFBP2;TACSTD2;ABCC3;TPM1;SDC4;SIAE;CA2;SPARC;PBX1;FSTL1;WFDC2;ASAP2;SPHK1;SLPI;ITGB5;CALD1;TUBB4B;LCN2;ODC1;TUBA1C;MEIS1;MGLL;TFPI;SYTL4;GRHL1;TSC22D1;DHRS3;PDLIM4;CAV2;PDZK1IP1;TMC5;FHL2;PDE5A;TPPP3;CDKN1A;PCSK6;CLU;TDRP;MYL9;STON2;DMTN;TSPAN9;PDGFA;SNCA;MYLK;KRT7;CP;CYP4B1;TNS1;TGFB1I1;LTBP1;INKA2;WWC1;PVALB;LGALSL;ZNF185;EGLN3;ELOVL7;C1orf198;TACC3;PDLIM7;CYB5A;FHL1;ITGB3;GUCY1B1;AFAP1L2;TMEM40;SERPINE2,anal_pc5_c21_S1.filtered.gene_spectra_score.k_3.dt_0_01.txt
3,2,CTX_OPC,-1.3558127138042575,0.10151187904967603,0.07182947574085805,prerank,-0.45982047223892225,1.0,10/22,22.60%,UCHL1;TM4SF1;SEMA5A;TSPAN13;THY1;PLAT;PDGFRA;PHLDA1;IL1RAP;SPRY4,anal_pc5_c21_S1.filtered.gene_spectra_score.k_3.dt_0_01.txt
3,2,TROPHOBLAST_GIANT,-1.3551408528079611,0.052884615384615384,0.07199423853054457,prerank,-0.36301476491034834,1.0,15/59,20.56%,ZNF703;FBLN1;HSD11B2;PCDH1;CRIM1;BMP1;ST3GAL4;EXPH5;SVEP1;PHLDB2;RHOBTB3;ADM;MMP11;GLDN;GDF15,anal_pc5_c21_S1.filtered.gene_spectra_score.k_3.dt_0_01.txt
3,2,HEART_VISCERAL_NEURONS,-1.3529912066398386,0.12258064516129032,0.07288961343748711,prerank,-0.4658682203280004,1.0,18/19,53.24%,FST;PRUNE2;GNG4;ACHE;CPEB1;RAB3B;NECAB2;PTPRR;PLPP4;TMEM255A;KCNH1;PIANP;RGS4;KCNK3;MAB21L1;ECEL1;SCG2;TH,anal_pc5_c21_S1.filtered.gene_spectra_score.k_3.dt_0_01.txt
3,2,IRIS_CILIARY_BODY_PIGMENTED_CILIARY_BODY,-1.351874906866853,0.061611374407582936,0.07326356251738145,prerank,-0.3991503222764116,1.0,17/43,29.36%,CKB;FSTL1;MUC20;EYA2;C1orf21;PCDH7;TOB1;SPARCL1;TSPAN9;PPFIBP2;EPB41L1;PTPRG;P3H2;DMKN;ISLR;RGS11;CTSK,anal_pc5_c21_S1.filtered.gene_spectra_score.k_3.dt_0_01.txt
3,2,AFP_ALB_POSITIVE,-1.3498572757056304,0.08137044967880086,0.07407267067784797,prerank,-0.4700806267245494,1.0,8/21,21.82%,LOXL4;SERPINA1;FTL;SCD;SNORC;MT1X;LRG1;SELENOP,anal_pc5_c21_S1.filtered.gene_spectra_score.k_3.dt_0_01.txt
3,2,MUSCLE_PCV_ENDOTHELIAL,-1.3496427662715678,0.034482758620689655,0.07393974976752511,prerank,-0.3408471953347736,1.0,28/89,16.16%,AKR1C3;BCAM;ID1;KLF4;NPDC1;IGFBP4;MTUS1;ADIRF;TM4SF1;ADAM15;MARCKSL1;ID3;IFITM3;CRIM1;HMGB2;NDRG1;CAVIN1;TSPAN7;CYSTM1;TSHZ2;FABP5;SMAD1;SPARCL1;AQP1;CLU;NUAK1;HYAL2;PLAT,anal_pc5_c21_S1.filtered.gene_spectra_score.k_3.dt_0_01.txt
3,2,HEART_VALVAR_ENDOTHELIAL,-1.3491394630830087,0.03783783783783784,0.07392515120953065,prerank,-0.34079697066497794,1.0,51/100,34.00%,ITGB4;NTRK2;IFI27;PLA2G2A;ACKR3;DKK3;GJA1;SERPINF1;IGFBP5;LDLR;NET1;EDIL3;TUFT1;CYSTM1;WNT4;AQP1;CDKN1A;MT2A;PTHLH;CRYAB;PLAT;VCAN;ANGPTL2;SOD2;ADAMTS1;PDGFRA;OLFML2A;C1QTNF1;GLT8D2;ANO1;CCDC3;PMP22;KLF9;TUBB2A;TFPI2;HAPLN1;SERPINB1;NAMPT;RCAN1;CTSK;GADD45A;PLCD1;PLLP;NFIL3;HBEGF;RGS5;CXCL1;HSPB8;ATF3;C7;PDLIM3,anal_pc5_c21_S1.filtered.gene_spectra_score.k_3.dt_0_01.txt
3,2,SPLEEN_VASCULAR_ENDOTHELIAL,-1.346462027386812,0.09049773755656108,0.07515830109613195,prerank,-0.444111054489869,1.0,13/25,36.04%,MECOM;ADAMTSL1;RAPGEF5;MAGI1;NOSTRIN;ERG;CYYR1;CALCRL;HECW2;PTPRB;FAP;GREB1L;ADGRL4,anal_pc5_c21_S1.filtered.gene_spectra_score.k_3.dt_0_01.txt
3,2,SIMILAR_TO_HSC_C6_PUTATIVE_ALTERED_METABOLIC_STATE,1.3372795234157535,0.08813559322033898,0.08109358382532487,prerank,0.41351823593912634,1.0,12/40,18.60%,CD74;JAML;CD52;SKAP1;LPAR6;CD69;MEF2C;BTG2;DUSP2;ZFP36;CLEC2B;CLEC9A,anal_pc5_c21_S1.filtered.gene_spectra_score.k_3.dt_0_01.txt
3,2,DELTA,-1.3367033782559457,0.02981029810298103,0.08033746665569205,prerank,-0.32336792285129096,1.0,33/120,18.74%,EHF;DPYSL3;MDK;ITM2C;ABCC5;MLPH;UCHL1;CDKN2A;MTUS1;PRSS23;CPE;SERPINA1;PKDCC;SAMD5;PDLIM4;MAP1B;FXYD6;PDZRN3;TSHZ2;ADGRL2;PLXNA2;EGR1;TPPP3;NDRG4;NSG1;NUAK1;FFAR4;UNC5B;RHOBTB3;TIMP2;ABI3BP;AQP3;FRZB,anal_pc5_c21_S1.filtered.gene_spectra_score.k_3.dt_0_01.txt
3,2,MEGAKARYOCYTES,1.3358869673988436,0.031818181818181815,0.08126943575541533,prerank,0.3413209193147941,1.0,47/134,25.64%,RASGRP2;LAT;FERMT3;BIN2;ATP2A3;CCR4;BANK1;CD84;SUSD3;RASA3;PLEK;BTK;CD40LG;LINC02694;NBEAL2;FAM30A;CD226;RAB37;DOK3;LYL1;TSPAN32;SLC2A3;F13A1;C11orf21;PCYOX1L;GSAP;DIAPH1;CNST;ARHGAP18;ANKRD55;RGS18;CASS4;BMP6;FCER1A;PTGIR;TUBA4A;MPP1;TREML1;MYOM1;P2RX1;ZNF175;CPA3;CENPT;TFR2;PTGS1;TNFSF4;PADI4,anal_pc5_c21_S1.filtered.gene_spectra_score.k_3.dt_0_01.txt
3,2,MKI67POS_PROGENITOR,-1.3343177844629208,0.036931818181818184,0.0813981602560576,prerank,-0.3307712607872052,1.0,62/98,37.22%,CDK1;TM4SF1;TK1;TOP2A;NUSAP1;TPX2;TFPI;ANLN;MKI67;PTTG1;TSPAN7;CENPW;JAG2;RRM2;PRC1;TROAP;IQGAP3;HYAL2;CCNB1;CENPF;CCNB2;BIRC5;BGN;NDC80;CDC20;ASPM;DLGAP5;CD248;AURKB;UBE2C;KNSTRN;TACC3;ERG;FZD4;SERPINE2;PODXL;VWF;NUF2;CYYR1;CALCRL;HMCN1;FABP4;ARHGAP29;PLVAP;CLDN5;MMRN2;SLCO2A1;LDB2;CDH5;KIF20B;EGFL7;ESAM;PTPRB;RAMP2;CLEC14A;CD34;GNG11;LMCD1;FOXC1;NRN1;RAMP3;HSPA12B,anal_pc5_c21_S1.filtered.gene_spectra_score.k_3.dt_0_01.txt
3,2,OLFACTORY_NEUROEPITHELIUM_RESPIRATORY_SECRETORY,-1.3298729230627682,0.12083333333333333,0.08343339964872239,prerank,-0.4869049592995295,1.0,6/17,19.88%,CLDN4;CD24;ANXA1;DMBT1;KRT7;CYP4B1,anal_pc5_c21_S1.filtered.gene_spectra_score.k_3.dt_0_01.txt
3,2,LATE_AIRWAY_PROGENITOR,-1.3298372694026124,0.12391304347826088,0.08318209422809371,prerank,-0.47285049146680685,1.0,10/18,29.40%,NTN1;LIPH;PCDH7;ANXA1;GAS6;CFH;LURAP1L;SULT2B1;NCKAP5;LMO3,anal_pc5_c21_S1.filtered.gene_spectra_score.k_3.dt_0_01.txt
3,2,VENOUS_ENDOTHELIAL,-1.320303545063232,0.06205250596658711,0.08879421653806865,prerank,-0.35038211609293335,1.0,19/69,13.50%,ITGB4;SEMA3F;ALCAM;NPNT;ACKR3;COL3A1;PALLD;CPE;MALL;MMP28;SULT1E1;HSPA2;FBN1;ASS1;CDH11;DLL1;FBLN2;PTGDS;RARRES1,anal_pc5_c21_S1.filtered.gene_spectra_score.k_3.dt_0_01.txt
3,2,PLASMACYTOID_DENDRITIC,1.3188921838393246,0.05081967213114754,0.09154451345235405,prerank,0.3683064298069644,1.0,24/74,15.12%,CD4;MPEG1;CARD11;IRF8;GPR183;NIBAN3;NUP210;SEL1L3;MCOLN2;CXCR3;DNASE1L3;RNASET2;IRF4;CBFA2T3;SH2B3;MZB1;CSF2RB;AFF3;RUNX2;GAPT;RNASE6;PLD4;SPIB;TLR7,anal_pc5_c21_S1.filtered.gene_spectra_score.k_3.dt_0_01.txt
3,2,NEUROTYPES_HOPC,-1.3163544211566738,0.026865671641791045,0.09065097552555709,prerank,-0.3020994361253201,1.0,62/165,29.22%,IGFBP2;KRT17;ADGRG1;TYMS;LRP1;NFIX;ATP1B1;ITM2C;ERBB3;PHGDH;EYA2;C1orf21;ITGB5;ITGB8;MMP2;SLC7A11;KRT14;PTN;NDRG2;UHRF1;PTPRZ1;NLGN2;FXYD6;TSPAN7;FABP5;EGR1;DBI;MT2A;THY1;PLEKHH2;BIRC5;PLAT;ANGPTL2;BOC;GTSE1;PDGFRA;KANK1;TNS1;PHLDA1;AKAP7;AIF1L;TTK;SOX6;SPRY4;PMP22;CDCA7L;CTHRC1;EDNRB;AFAP1L2;SERPINE2;SAPCD2;LGR5;WFDC1;PID1;ATP13A4;KIF14;SDC3;CALCRL;WSCD1;SALL3;SPRED1;GNG4,anal_pc5_c21_S1.filtered.gene_spectra_score.k_3.dt_0_01.txt
3,2,OOCYTE,-1.3126299056311967,0.10043668122270742,0.09265723384549948,prerank,-0.44680368946590737,1.0,7/23,9.18%,EPCAM;BAIAP2L1;UCHL1;WFDC2;NTN1;ODC1;UHRF1,anal_pc5_c21_S1.filtered.gene_spectra_score.k_3.dt_0_01.txt
3,2,ALVEOLAR_FIBROBLAST,-1.3054302906462028,0.04180064308681672,0.09717894610203573,prerank,-0.30956988091637444,1.0,64/131,31.20%,DST;ALDH1A1;CAMK2N1;NPNT;CES1;GPC3;ITGA2;LTBP4;COL6A3;LUM;DKK3;CYP3A5;CDH13;MMP2;MFAP4;FN1;LAMA4;ANXA1;MRC2;A2M;DHRS3;TMEM176B;CDH11;ABCA8;CFD;USP53;SVEP1;TMEM176A;NUAK1;PLEKHH2;FBLN5;LYPD6B;TIMP3;ABI3BP;SNCA;CCN1;CYP7B1;PDGFRA;OLFML2A;ABCA6;SERPING1;CYP4B1;ADH1B;ANO1;PMP22;LSAMP;EFCC1;CCN2;FHL1;PRELP;TMEM119;OLFML3;ISLR;IRS2;MAMDC2;HMCN1;SLC29A1;LIMCH1;MCOLN3;COL8A1;INMT;RARRES2;TMEM37;FMO3,anal_pc5_c21_S1.filtered.gene_spectra_score.k_3.dt_0_01.txt
3,2,EPICARDIAL_FAT,-1.303483760051756,0.09009009009009009,0.09810492042431875,prerank,-0.4151531894432456,1.0,11/28,34.66%,PLA2G2A;NPNT;CCDC80;SMOC2;ANXA3;MSLN;TRPA1;OLFML1;INMT;KCNT2;KLK7,anal_pc5_c21_S1.filtered.gene_spectra_score.k_3.dt_0_01.txt
3,2,CEREBELLUM_ASTROCYTES,-1.301366750431303,0.0794044665012407,0.09925847008537828,prerank,-0.35710738234650313,1.0,15/57,20.00%,CA12;MGST1;SLC4A4;ID4;LRIG1;LRP4;FZD10;TNC;ABCA8;CLU;GJB2;FST;GJB6;CCDC102B;SLITRK6,anal_pc5_c21_S1.filtered.gene_spectra_score.k_3.dt_0_01.txt
3,2,KCNIP4_POS_NEURON,-1.298541460118845,0.09466019417475728,0.10094362548621334,prerank,-0.3859819753984563,1.0,17/40,31.78%,ROBO1;MTUS1;PROM1;TSPAN7;TNFRSF21;PLXNA2;DMTN;AK1;ADM;SMAD9;GCHFR;UNC5C;NEGR1;RGS11;SGIP1;LDB2;GUCY1A1,anal_pc5_c21_S1.filtered.gene_spectra_score.k_3.dt_0_01.txt
3,2,RETINA_MULLER,-1.290004955876855,0.1348314606741573,0.10671006097158732,prerank,-0.4294576123961409,1.0,8/25,14.28%,CKB;HES1;SPON1;DKK3;MYO10;PTPRZ1;CDC42EP4;CLU,anal_pc5_c21_S1.filtered.gene_spectra_score.k_3.dt_0_01.txt
3,2,ALPHA,-1.2884918883741199,0.013377926421404682,0.10761975993117084,prerank,-0.29250807737823215,1.0,70/188,29.24%,LRATD1;CKB;PFN2;SELENBP1;ALDH1A1;NPDC1;TUSC3;NPNT;IRF6;PARM1;SDK1;MTSS2;PALLD;FLNB;GSTA4;LOXL4;CPE;PLCE1;CERS6;P4HA2;MYO10;PTPRD;MBOAT2;TMEM176B;NRCAM;EDIL3;CNKSR3;NLGN2;FXYD6;TSPAN7;CYSTM1;FABP5;SPTSSB;SH3RF1;SDC2;CLU;SLC7A2;TMEM176A;DACH1;IFI6;SPC25;KIF12;PVR;GPC6;PTPRN2;RAP1GAP2;STXBP6;NFASC;C12orf75;TMEM236;CRMP1;PAM;LSAMP;GPX3;KCNMA1;GDA;PROX1;PLK2;SERPINE2;ARRDC4;TSPAN2;AHI1;TMEM178B;IVNS1ABP;RCAN2;SLC29A1;SNED1;PDE4D;GNG4;LIMCH1,anal_pc5_c21_S1.filtered.gene_spectra_score.k_3.dt_0_01.txt
3,2,MID_AIRWAY_SMC_1,-1.287755684880069,0.0892018779342723,0.10786685957158765,prerank,-0.3699348201953403,1.0,21/49,31.60%,EPCAM;MYH11;WNT5A;ENC1;PCSK5;HTRA1;NAV2;FHL2;SEMA3C;LIMS2;LTBP2;RHCG;SSC5D;ACTG2;WFDC1;CNN1;TSPAN2;SPEG;FBXO32;LMOD1;C16orf89,anal_pc5_c21_S1.filtered.gene_spectra_score.k_3.dt_0_01.txt
3,2,VASCULAR_SMC_2,-1.2825452383440943,0.0469208211143695,0.11130531335589758,prerank,-0.3140994606218949,1.0,62/120,32.02%,IGFBP2;JAG1;NOTCH3;ALCAM;PARM1;MYH11;PLEKHG3;ADIRF;EFNB2;TM4SF1;EPAS1;COL18A1;CDH13;PLCE1;TINAGL1;SEPTIN5;NET1;HSPA2;HES4;CAV2;LIMS2;NTN4;THSD4;RAPGEF5;ANOS1;RASD1;PDE3A;PHLDB2;GPRC5C;PPFIBP2;MEGF6;PDGFA;FRZB;OLFML2A;SPTB;C1QTNF1;CSPG4;MSRB3;AIF1L;PDLIM5;LGALSL;RASL11A;FRY;MCAM;AFAP1L2;ACTG2;WFDC1;TSPAN2;MAMDC2;HMCN1;RCAN2;ITGA7;BTC;TMEM51;ARHGAP29;NDUFA4L2;COL8A1;RGS5;LMOD1;FILIP1L;SEMA5B;CNNM2,anal_pc5_c21_S1.filtered.gene_spectra_score.k_3.dt_0_01.txt
3,2,CCL19_CCL21_POSITIVE,-1.2742921325185115,0.07349081364829396,0.11718681031868794,prerank,-0.3278534973357174,1.0,26/76,29.74%,CXCL14;COL7A1;CDX1;C1S;MICALL2;VEGFA;TNC;EGR1;CXCL12;PTGDS;LPAR1;ADAMDEC1;PRRX1;FOS;ADH1B;FGF7;ADGRF1;VCAM1;SPNS2;IER3;NKD2;HMCN2;SCARF2;IGDCC4;MRGPRF;CCL2,anal_pc5_c21_S1.filtered.gene_spectra_score.k_3.dt_0_01.txt
3,2,BASOPHIL_MAST_2,1.2685762352893593,0.0456490727532097,0.1305881805619926,prerank,0.304839382165128,1.0,67/234,19.52%,STK17B;ARHGDIB;SRGN;LAT;CD22;GRAP2;ALOX5;RHOH;RASSF5;LAT2;TESPA1;BIRC3;CD69;BATF;RGS1;KLRG1;TNIK;NFKB2;SYTL3;SAMSN1;ARHGEF6;REL;CKLF;EMP3;GPR65;BTK;TNFAIP3;ITM2A;EHD1;RAB37;CD83;FAM107B;SH3KBP1;CSF2RB;BTG2;PAG1;NFATC1;PLK3;LAX1;LYST;PIK3R6;MAP3K8;SLC2A3;SPATA13;TNFRSF4;RENBP;NFKBID;BCL2A1;RILPL2;ICAM1;ZFP36;SWAP70;DNAJB9;IL18R1;ZBTB32;UTS2;TNFRSF9;NMT2;ARHGAP18;BMP2K;STX11;ATP6V0A2;PTAFR;CD33;SOCS1;NDST2;ADRB2,anal_pc5_c21_S1.filtered.gene_spectra_score.k_3.dt_0_01.txt
3,2,PROXIMAL_TUBULE_EPITHELIAL_CELLS_STRESS_INFLAM,-1.266645784448251,0.051771117166212535,0.12285043719417307,prerank,-0.3007796676819848,1.0,57/125,30.16%,EPS8L2;TCEA3;NFIX;PLEKHA6;MAL2;SLC4A4;GTF2IRD1;MYO6;RBM47;EYA2;CYP3A5;COL4A1;SAMD5;DHRS3;TLN2;PCSK5;ASS1;C4orf19;EGR1;INSR;TRPM3;DNM1;COL27A1;RNF152;PAQR5;FGD4;KIF12;PTPRG;TNS1;FOS;MET;RUNX1;KIAA1549;ARHGAP26;SLIT3;PRUNE2;LSAMP;GPX3;PLEKHA7;WWOX;NRG1;SLC16A9;SHANK2;RGL3;CACNA1D;SORBS2;ASPA;PDE10A;ITSN1;NCKAP5;CACNA1C;PDE4D;FRMD3;GADD45A;DMD;FRMD4A;MLXIPL,anal_pc5_c21_S1.filtered.gene_spectra_score.k_3.dt_0_01.txt
3,2,MESENCHYMAL_1,-1.2657370232794212,0.031609195402298854,0.12313950613542202,prerank,-0.29618382057013604,1.0,62/159,27.16%,KRT8;KRT19;CD24;ZNF703;IGFBP2;AKR1C2;TRPM4;BMP7;NPDC1;CDH3;RGMA;MAPK10;FLNB;EFNB2;ASAP2;EFNA1;EYA2;RDH10;PLCE1;SULF2;NEURL1B;EFEMP1;EPHB3;DHRS3;ENC1;PDLIM4;NET1;CRABP2;FHL2;TNFRSF21;TUBB2B;RGMB;LIMS2;NSG1;HMGA2;PDE3A;PHLDB2;SMOC2;PAPLN;GPC4;EPHA4;ANXA3;FRZB;C12orf75;FGF7;ANO1;MXD1;SORBS1;MEIS2;NRG1;ANK3;CTHRC1;ALDH1A3;SGK1;BNC2;RAMP1;ACTG2;TRIO;DMKN;FMNL2;CNN1;TSPAN2,anal_pc5_c21_S1.filtered.gene_spectra_score.k_3.dt_0_01.txt
3,2,ENS_NEURONS,-1.2639924805901932,0.09536082474226804,0.12421313816194987,prerank,-0.34545236097598775,1.0,15/60,24.22%,PKP1;DPYSL3;UCHL1;MAP1B;TUBB2B;RGMB;NDRG4;HOXB4;DLX5;HOXB5;OLFM1;UNC5C;TUBB2A;SHF;NRG1,anal_pc5_c21_S1.filtered.gene_spectra_score.k_3.dt_0_01.txt
3,2,ILC2,1.261243190979401,0.09722222222222222,0.13629548043989173,prerank,0.33941040828864727,1.0,39/94,24.22%,ADAM19;SLAMF1;CD84;TTN;SEL1L3;BIRC3;BATF;SAMSN1;MAF;CTSZ;PHTF2;LINC02694;IL2RA;SH2B3;STAP1;CD200R1;TNFSF14;RENBP;GFI1;GDPD5;TMEM273;IL9R;DAPK1;CCR2;C1orf162;SWAP70;BCOR;RASGRP4;RGS18;MMP25;CSGALNACT1;PTGER2;RNF144A;NR4A3;TIAM1;ACSL4;CAMK1;TNFRSF18;SCART1,anal_pc5_c21_S1.filtered.gene_spectra_score.k_3.dt_0_01.txt
3,2,MUSCLE_ENDOTHELIAL,-1.253396997731034,0.088,0.1329270669636384,prerank,-0.3207407973370932,1.0,24/80,13.92%,LGALS3;IFI27;ID1;SOX4;IGFBP4;ITGA6;COL4A2;TNFSF10;TM4SF1;EPAS1;COL4A1;ID3;IFITM3;TCF4;MGLL;A2M;UACA;HSPG2;CAVIN1;CAV2;FABP5;SPARCL1;AQP1;CA4,anal_pc5_c21_S1.filtered.gene_spectra_score.k_3.dt_0_01.txt
3,2,CHOROID_SCLERA_CHOROID_ENDOTHELIAL,-1.2525643864078662,0.12318840579710146,0.13324533425867444,prerank,-0.3806839632584069,1.0,16/37,26.10%,NRARP;ADIRF;TCF4;MECOM;SMAGP;CA4;CLU;SOD2;ANXA3;DNAJB1;CX3CL1;NNMT;SMAD6;ACSL5;SPNS2;FGD5,anal_pc5_c21_S1.filtered.gene_spectra_score.k_3.dt_0_01.txt
3,2,PLACENTA_SMOOTH_MUSCLE,-1.2514053399286045,0.13267813267813267,0.13394054919059045,prerank,-0.3524654333870207,1.0,29/51,39.24%,PLA2G2A;NOTCH3;GJC1;ARHGAP44;PAQR5;CCDC102B;CSPG4;HAS2;CCDC3;CCDC68;LAMC3;LIPG;AFF2;PGM5;CACNA1C;NDUFA4L2;SEMA5B;POSTN;ADAMTSL3;HEYL;PLCB1;PDLIM3;RASL12;ERFE;COL13A1;EGFLAM;VASH2;SCN7A;ADAMTS18,anal_pc5_c21_S1.filtered.gene_spectra_score.k_3.dt_0_01.txt
3,2,ENDOTHELIAL_CELLS_AEA_AND_DVR,-1.2444707927957197,0.09043927648578812,0.1396293160356791,prerank,-0.31890600784520945,1.0,31/81,21.80%,DST;ID1;SPARC;PLCB4;EMP1;MTUS1;TM4SF1;EPAS1;CALD1;TJP1;IFITM3;TCF4;CRIM1;A2M;UACA;PLPP1;FTL;AQP1;THSD4;TTC28;PDE3A;RBMS3;ADAMTS1;TIMP3;ABI3BP;WWTR1;TMTC1;PTPRG;FOS;PDLIM5;ARHGAP26,anal_pc5_c21_S1.filtered.gene_spectra_score.k_3.dt_0_01.txt
3,2,MUSCLE_LYMPHATIC_ENDOTHELIAL,-1.2418835713594754,0.1483050847457627,0.14167244704462068,prerank,-0.3653570362236089,1.0,15/42,33.44%,TFF3;GJA1;CELSR1;STAP2;PPFIBP1;SLC39A14;RASSF9;PROX1;EFCC1;C6orf141;DLK2;TMEM63C;EFNA5;SEC14L2;TBX1,anal_pc5_c21_S1.filtered.gene_spectra_score.k_3.dt_0_01.txt
3,2,MINERALISATION_STROMAL,-1.2417462015331768,0.1044776119402985,0.14140717654092042,prerank,-0.3260060579215738,1.0,31/67,29.24%,GSN;DPYSL3;TCEA3;ADIRF;SLPI;C1orf21;LOXL4;BMP4;BMP2;DBI;PTGDS;UNC5B;PDGFA;FAM20C;CTNNAL1;SELENOP;EGLN3;GPX3;MXI1;CNFN;C1orf198;CHAD;SERPINE2;RAMP1;SERPINB1;RASSF7;CDK18;CADM1;LIFR;CARHSP1;LIMCH1,anal_pc5_c21_S1.filtered.gene_spectra_score.k_3.dt_0_01.txt
3,2,INTESTINE_CHROMAFFIN,-1.2385364032962367,0.16859122401847576,0.14418271515571793,prerank,-0.4070336005498727,1.0,12/25,41.18%,SPTSSB;FFAR4;RAP1GAP2;PAM;RGL3;LRP1B;PCSK1;PCSK1N;MAB21L4;RAB3B;TGM3;TTLL10,anal_pc5_c21_S1.filtered.gene_spectra_score.k_3.dt_0_01.txt
3,2,PROCRPOS_PROGENITOR,-1.2353172282219795,0.19135802469135801,0.14698591334721037,prerank,-0.45509122283435294,1.0,8/16,22.94%,GPC3;MFAP4;IGFBP5;FLRT2;SFRP2;PCOLCE;CD248;MGP,anal_pc5_c21_S1.filtered.gene_spectra_score.k_3.dt_0_01.txt
3,2,GHRL_POS_NE_PRECURSOR,-1.232724622204326,0.05373134328358209,0.1492552656964035,prerank,-0.2903199059242989,1.0,53/162,24.48%,DST;WNK2;DPYSL3;ADGRG1;C15orf48;NPDC1;SDK1;ARHGEF4;A4GALT;CDCP1;MATN2;CASZ1;ITGB8;SLC6A8;CERS6;SPIRE2;ARHGEF10L;NRCAM;SPTBN2;ARHGEF26;MAP1B;TTC39A;TTLL7;TSPAN7;TNFRSF21;SPTSSB;INSR;MCF2L;NDRG4;MAPRE3;THSD4;NUAK1;FFAR4;CENPF;STON2;RASD1;DACH1;COL12A1;SNCA;EPHA4;LRFN4;DCHS1;IGFBP3;GPC6;PTPRN2;RAP1GAP2;ACOT7;CRMP1;FOXA3;GPX3;STXBP1;NRG1;PROX1,anal_pc5_c21_S1.filtered.gene_spectra_score.k_3.dt_0_01.txt
3,2,ENDOTHELIAL_CELLS_UNASSIGNED,-1.2287525032639408,0.1822125813449024,0.15254519715554832,prerank,-0.4369856082488798,1.0,6/19,11.50%,PLCB4;TCF4;TFPI;PPFIBP1;DOCK5;TSHZ2,anal_pc5_c21_S1.filtered.gene_spectra_score.k_3.dt_0_01.txt
3,2,EARLY_AIRWAY_PROGENITOR,-1.2192796840738036,0.20506912442396313,0.1617093850024962,prerank,-0.4122494424614582,1.0,10/21,29.78%,GPC3;GRHL1;SPTSSB;SCD;LYPD6B;ADM;PHLDA1;TMEM47;FRMD3;CDH2,anal_pc5_c21_S1.filtered.gene_spectra_score.k_3.dt_0_01.txt
3,2,PDE1C_ACSM3_POSITIVE,-1.2183167918336926,0.17471264367816092,0.1622383113440639,prerank,-0.36256503960951775,1.0,6/40,7.04%,ALDH3A1;SOX4;PARM1;TFCP2L1;PLCB4;C3orf52,anal_pc5_c21_S1.filtered.gene_spectra_score.k_3.dt_0_01.txt
3,2,HEMATOPOIETIC_STEM,1.2183118435941227,0.2125237191650854,0.18044715697897443,prerank,0.4601095132666359,1.0,13/18,35.34%,CD244;S100Z;HSF5;PRAM1;CPNE7;IL12RB2;KIT;SPINK2;NOG;IRAK3;MPO;HTR1F;C1QTNF4,anal_pc5_c21_S1.filtered.gene_spectra_score.k_3.dt_0_01.txt
3,2,PRE_PDC_DC5,1.2169752236943603,0.08579881656804733,0.18057227372355966,prerank,0.29823747411061896,1.0,56/186,18.18%,ACAP1;LTB;CD2;MAP4K1;ITGB7;PTPN7;RIPOR2;CARD11;ADAM19;CD22;CYFIP2;CCDC69;BANK1;LY9;NIBAN3;NKG7;CD7;ADGRG5;SEL1L3;SLAMF7;SIT1;SEMA7A;MCOLN2;PCED1B;SAMD9L;CXCR3;SH2D3C;BCL2;MATK;IRF4;CBFA2T3;RHOF;CD38;FAM107B;JCHAIN;MZB1;CSF2RB;TIFAB;RUNX2;KMO;DERL3;GAPT;SLC2A6;LIME1;ST3GAL2;SPIB;SIGLEC5;NIBAN1;IL18R1;CTSW;CYB561A3;ZEB1;CDC14A;FLT3;KLHDC4;ATP6V0A2,anal_pc5_c21_S1.filtered.gene_spectra_score.k_3.dt_0_01.txt
3,2,INTESTINE_ADULT_CG_GOBLET_CELL_SUBTYPE,-1.2053728288914674,0.16475972540045766,0.17559950609133645,prerank,-0.38583635306908737,1.0,6/26,7.34%,C1S;SYCP2;DCN;RNF212;ANTXR1;IGFBP5,anal_pc5_c21_S1.filtered.gene_spectra_score.k_3.dt_0_01.txt
3,2,APOE_POS_M2_MACROPHAGE,-1.204432775292404,0.05362776025236593,0.17601783799363555,prerank,-0.26886099778825345,1.0,51/193,20.50%,DST;EPHX1;NUPR1;BCAM;IFI27;SELENBP1;C15orf48;ABCC3;PRXL2A;ID1;NPDC1;FCGBP;NIBAN2;SERINC2;ABCC5;MCM4;PALLD;CDCP1;EMP1;EPAS1;FARP1;PLD1;MGLL;PPARG;ADAM9;TMEM176B;UACA;TSPAN15;FXYD6;TNFRSF21;CYSTM1;BACE2;CXCL12;SDC2;RARRES1;CD276;EPB41L2;SCD;TMEM176A;NUAK1;HYAL2;IFI6;SMPDL3A;PPFIBP2;FAM20C;ACOX1;TDP2;SERPING1;DCHS1;TNS1;CYP27A1,anal_pc5_c21_S1.filtered.gene_spectra_score.k_3.dt_0_01.txt
3,2,OLFACTORY_NEUROEPITHELIUM_IMMATURE_NEURONS,-1.199414528741411,0.15550239234449761,0.18085492187941493,prerank,-0.33073265129137785,1.0,16/59,18.04%,EPCAM;CKB;DPYSL3;MAPK10;UCHL1;MARCKSL1;MAP1B;FXYD6;TTLL7;SCN9A;TUBB2B;RGMB;TPPP3;NSG1;DPYSL2;SNCA,anal_pc5_c21_S1.filtered.gene_spectra_score.k_3.dt_0_01.txt
3,2,PLACENTA_MEGAKARYOCYTES,1.1937552762205248,0.15166666666666667,0.20810307997440297,prerank,0.3304179161622664,1.0,28/78,25.22%,FERMT3;BIN2;PRKCB;BANK1;RASA3;TNIK;IPCEF1;DAPP1;CBFA2T3;CD226;RAB37;TSPAN32;HNRNPLL;TBXAS1;SEC31B;C11orf21;TSPAN33;CNST;RGS18;PTGIR;TUBA4A;EHD3;MYOM1;P2RX1;CENPT;LMO2;PTGS1;HABP4,anal_pc5_c21_S1.filtered.gene_spectra_score.k_3.dt_0_01.txt
3,2,CEREBRUM_SKOR2_NPSR1_POSITIVE,-1.1930395272469387,0.22717149220489977,0.1877824663162778,prerank,-0.42022786419878866,1.0,4/19,11.68%,SPINT1;GPC3;TFAP2A;ADGRL2,anal_pc5_c21_S1.filtered.gene_spectra_score.k_3.dt_0_01.txt
3,2,ENS_GLIA,-1.187898856493117,0.17475728155339806,0.19347906569712656,prerank,-0.32571246549095145,1.0,25/54,39.08%,ADAM23;ERBB3;TFAP2A;PTPRZ1;ARHGEF26;ABCA8;CRYAB;OLFML2A;AIF1L;TSPAN11;EDNRB;ASPA;AZGP1;COL28A1;PRIMA1;HEYL;GFRA1;ARTN;CRYM;CCN3;LGI4;EGFLAM;INSC;NRXN1;ATP1A2,anal_pc5_c21_S1.filtered.gene_spectra_score.k_3.dt_0_01.txt
3,2,HEART_SATB2_LRRC7_POSITIVE,-1.186853184000943,0.22413793103448276,0.19419123728483514,prerank,-0.38822476346876983,1.0,8/24,30.98%,RAPGEFL1;PTPRD;KAZN;LYPD6B;TMEM158;LRP1B;LMO3;KIAA0319,anal_pc5_c21_S1.filtered.gene_spectra_score.k_3.dt_0_01.txt
3,2,BIPOLAR,-1.1797616090771512,0.2336244541484716,0.20220667430210745,prerank,-0.4400254853216502,1.0,2/16,4.24%,AGAP1;NFIB,anal_pc5_c21_S1.filtered.gene_spectra_score.k_3.dt_0_01.txt
3,2,HEART_ERYTHROBLASTS,1.177965011077499,0.2024866785079929,0.22757497030618937,prerank,0.36038093865705584,1.0,9/45,7.52%,TBC1D10C;TRIM22;GIMAP2;FCHO1;GRK6;CD40;MAN2B1;PGGHG;PIK3IP1,anal_pc5_c21_S1.filtered.gene_spectra_score.k_3.dt_0_01.txt
3,2,ENTEROCYTE_PROGENITOR_SUBTYPE,-1.1745194464795765,0.20952380952380953,0.20832520827618986,prerank,-0.3376953316127786,1.0,15/49,18.64%,CD24;MGST1;RAB25;AOC1;POF1B;TSPAN13;CFB;SULT1B1;RARRES1;NR5A2;AQP1;PRSS3;FAM110C;SLC2A1;DMBT1,anal_pc5_c21_S1.filtered.gene_spectra_score.k_3.dt_0_01.txt
3,2,REG3A_POSITIVE,-1.1697941325333983,0.24123711340206186,0.21406591224935478,prerank,-0.39091068000107304,1.0,7/25,8.88%,CD24;FAM3D;IFI27;ID1;LCN2;IFITM3;KCNE3,anal_pc5_c21_S1.filtered.gene_spectra_score.k_3.dt_0_01.txt
3,2,SOX5_BCL11B_POS_EXCITATORY_NEURON,-1.169258382523366,0.2587991718426501,0.21422514156161743,prerank,-0.44306186918435214,1.0,13/16,38.32%,IGFBP5;MGLL;VSNL1;LMO7;HSPA1A;CAV1;SHISA2;LSAMP;LMO3;MASP1;CRYM;PDE1A;SOX5,anal_pc5_c21_S1.filtered.gene_spectra_score.k_3.dt_0_01.txt
3,2,VEIN,-1.167706413101383,0.21212121212121213,0.21571801974508692,prerank,-0.35082368575409184,1.0,19/37,33.80%,PRSS23;CPE;FTH1;PTGDS;CLU;PLAT;SOD2;ABI3BP;NNMT;VCAM1;NAMPT;VWF;SRPX;ADAMTS9;NCOA7;SLCO2A1;TIMP1;PRCP;C7,anal_pc5_c21_S1.filtered.gene_spectra_score.k_3.dt_0_01.txt
3,2,INTESTINE_ENS_GLIA,-1.1662782394214881,0.21345707656612528,0.21709927710980254,prerank,-0.3716571145118608,1.0,21/30,49.34%,TFAP2A;PTPRZ1;ABCA8;PRIMA1;HEYL;ARTN;LGI4;EGFLAM;ATP1A2;COL22A1;SOX10;CSMD2;SLC35F1;CDH19;NKAIN3;NPTX2;RASGEF1C;MEGF10;SOX8;PAQR6;PLP1,anal_pc5_c21_S1.filtered.gene_spectra_score.k_3.dt_0_01.txt
3,2,NEUROTYPES_HOMTN,-1.1659982768350086,0.09939759036144578,0.21682556051050797,prerank,-0.2747150258551897,1.0,44/142,24.54%,CD24;AKR1C2;DPYSL3;ALCAM;UCHL1;CASZ1;PCDH7;TLN2;EDIL3;MAP1B;TSPAN7;SCN9A;AHNAK2;SEMA3C;TUBB2B;MCF2L;MAPRE3;SHTN1;RAPGEF5;NSG1;DMTN;RAB15;SIM2;DNM1;DACH1;PPP2R2C;RBMS3;SNCA;SMPD3;EPB41L1;CYP4X1;NFASC;MAP1LC3A;THSD7B;ACOT7;SLIT3;CRMP1;OLFM1;CORO2A;KCNMA1;TUBB2A;STXBP1;ANK3;FRY,anal_pc5_c21_S1.filtered.gene_spectra_score.k_3.dt_0_01.txt
3,2,INTESTINE_LYMPHATIC_ENDOTHELIAL,-1.165904768603974,0.24481327800829875,0.21637818162873174,prerank,-0.4130973529586436,1.0,5/19,24.48%,TP63;TFPI;CRACR2B;PLSCR4;PROX1,anal_pc5_c21_S1.filtered.gene_spectra_score.k_3.dt_0_01.txt
3,2,OLFACTORY_NEUROEPITHELIUM_PERICYTES,-1.1640494346591905,0.17415730337078653,0.21818324842508605,prerank,-0.3103492270634034,1.0,41/67,37.14%,IFI27;NPDC1;IGFBP4;EMP1;TM4SF1;ID3;TCF4;A2M;CAVIN1;TSPAN7;CXCL12;SPARCL1;AQP1;CDKN1A;CLU;PLAT;TIMP3;NOSTRIN;CAV1;SPRY1;CRIP2;PODXL;VWF;LIFR;CYYR1;CALCRL;PLVAP;CAVIN2;CLDN5;EDN1;FAM13C;EGFL7;PRCP;ESAM;RAMP2;CLEC14A;CD34;ADGRL4;GNG11;LMCD1;RAMP3,anal_pc5_c21_S1.filtered.gene_spectra_score.k_3.dt_0_01.txt
3,2,GRANULOCYTE_MACROPHAGE_PROGENITOR,1.163279563744318,0.25,0.24696236950587636,prerank,0.4004440138788728,1.0,6/25,10.26%,LCP1;SELL;IRF8;LPAR6;PLEK;LYZ,anal_pc5_c21_S1.filtered.gene_spectra_score.k_3.dt_0_01.txt
3,2,PAEP_MECOM_POSITIVE,-1.160219675381526,0.2018140589569161,0.22272483541471824,prerank,-0.3370522672088714,1.0,12/44,20.26%,ATP2C2;CXCL14;LAMB3;WFDC2;PKDCC;PDZK1IP1;SLC7A2;SLC45A4;BDKRB2;EVC;NNMT;GLIS3,anal_pc5_c21_S1.filtered.gene_spectra_score.k_3.dt_0_01.txt
3,2,ARTERIAL_ENDOTHELIAL,-1.159692029998993,0.10741687979539642,0.2228325223860264,prerank,-0.26487558014384166,1.0,43/170,15.98%,ITGB4;CKB;JAG1;SEMA3F;LAMA5;ERBB2;COL6A1;COL3A1;COL1A2;PLCB4;PALLD;LTBP4;SLC12A2;QSOX1;MXRA7;FGFR3;GATA6;HS6ST1;TOB1;ST3GAL4;SULT1E1;PCSK5;PLPP1;MECOM;PIK3R3;HES4;FBN1;SULT1B1;ASS1;EPS8;RGMB;JAG2;FBLN2;CXCL12;PTGDS;SULF1;HEY1;USP53;NSG1;NUAK1;FBLN5;COL21A1;RASD1,anal_pc5_c21_S1.filtered.gene_spectra_score.k_3.dt_0_01.txt
3,2,MARROW_IMMATURE_NEUTROPHIL,1.1580643809873665,0.1726844583987441,0.25266445267557264,prerank,0.3109213679958634,1.0,32/99,21.48%,IL10RA;CD4;LCP2;EVI2B;RELT;EVI2A;IFI30;CLEC7A;EMP3;CPVL;SH2B3;FCGR2A;GPCPD1;MAP3K8;BCL2A1;SLC16A6;ICAM1;RHOQ;CD86;ARHGAP27;LIPA;SLC8A1;NLRP3;CRIP1;CCR1;IER5;CD300E;JARID2;PFKFB3;RTN1;CLEC4A;UPP1,anal_pc5_c21_S1.filtered.gene_spectra_score.k_3.dt_0_01.txt
3,2,PLACENTA_VASCULAR_ENDOTHELIAL,-1.1463816007299865,0.21844660194174756,0.23973680917710075,prerank,-0.3030291251497399,1.0,50/70,46.62%,NRARP;CDH13;PCSK5;ARHGEF26;VIPR1;HEY1;RASSF9;ERG;CYYR1;PLVAP;CLDN5;HECW2;LDB2;PDE1C;CDH5;ZNF521;EGFL7;NDNF;RAMP2;PKN3;CLEC14A;CD34;DLL4;ADGRL4;RHOJ;IL33;SHANK3;RASIP1;SOX18;TIE1;CCM2L;CGNL1;ADGRF5;RALGAPA2;ECSCR;ST6GALNAC3;TTLL10;TEK;ROBO4;ARHGEF15;THSD1;SYN2;JCAD;KDR;LHX6;MEOX2;FAM124A;DIPK2B;APLNR;PCDH17,anal_pc5_c21_S1.filtered.gene_spectra_score.k_3.dt_0_01.txt
3,2,TUFT,-1.1429269716554369,0.22650602409638554,0.24426665577570564,prerank,-0.32018692005162736,1.0,17/49,15.18%,KRT8;GSN;CD24;BCAM;SOX4;TPM1;AOC1;SERPINA1;MARCKSL1;TMEM176B;MTSS1;MELTF;GABRP;MYO1B;VIPR1;MT2A;TMEM176A,anal_pc5_c21_S1.filtered.gene_spectra_score.k_3.dt_0_01.txt
3,2,CTX_OLIG,-1.1418818303796974,0.10666666666666667,0.24527982562019893,prerank,-0.25061263612729173,1.0,79/251,24.70%,GSN;FGFR2;PADI2;ATP1B1;COL4A5;ERBB3;ATP10B;AGAP1;CA2;PLEKHG3;HR;FLNB;BCAR1;MTUS1;SLC12A2;APCDD1;SPTSSA;SLC22A23;COL16A1;RHOB;PHLDB1;MARCKSL1;PLD1;LDLR;PTPRD;ANLN;GAS6;PLPP1;EDIL3;HSPA2;TNS2;NDRG1;TSPAN15;NAV2;FBN1;SORT1;TTLL7;BACE2;PTGDS;SHTN1;CSRP1;EPB41L2;PCSK6;SCD;RAPGEF5;LPAR1;NUAK1;CRYAB;AMOTL2;TSPAN9;UNC5B;PLAT;VWA1;CDC42EP2;GLTP;CDKN1C;KLHL21;TIMP2;PPFIBP2;GRB10;TMTC1;MYLK;GLDN;MYRF;SHISA2;HMGCS1;NFASC;ERRFI1;CYB5R2;CLCA4;SAMD12;EGLN3;ELOVL7;UNC5C;SPNS2;ANK3;C1orf198;FRY;MCAM,anal_pc5_c21_S1.filtered.gene_spectra_score.k_3.dt_0_01.txt
3,2,OSTEOCLAST,-1.1412837510341518,0.14133333333333334,0.24553431963113953,prerank,-0.27253668258460606,1.0,31/119,13.72%,SPINT1;GOLM1;CKB;PRXL2A;PARM1;CA2;BDH1;PALLD;ITGA2;LTBP4;SPHK1;COL18A1;MYO10;TNFRSF11A;PLD1;STAP2;DOCK5;PTTG1;NET1;EHD2;TSPAN15;FXYD6;FHL2;CYSTM1;TXNDC17;BACE2;MYO1B;NDRG4;SHTN1;CTNNBIP1;CD276,anal_pc5_c21_S1.filtered.gene_spectra_score.k_3.dt_0_01.txt
3,2,PANCREAS_ACINAR,-1.134959404607969,0.29554655870445345,0.25428446997973947,prerank,-0.432407446226134,1.0,5/15,22.52%,KLK1;CEL;MT2A;MT1X;STEAP1,anal_pc5_c21_S1.filtered.gene_spectra_score.k_3.dt_0_01.txt
3,2,ARTERY,-1.1314931163284114,0.20155038759689922,0.258784125517789,prerank,-0.2873882052488089,1.0,33/96,21.62%,ITGB4;CKB;SOX4;NPDC1;GLUL;PALLD;LTBP4;EFNB2;VEGFA;ADAM15;GATA6;HS6ST1;FN1;PCSK5;MECOM;HES4;EPS8;TSPAN7;FBLN2;CXCL12;FBLIM1;SLC7A2;SULF1;HEY1;FBLN5;IFI6;ABI3BP;RND3;IGFBP3;CTNNAL1;AIF1L;SMAD6;LTBP1,anal_pc5_c21_S1.filtered.gene_spectra_score.k_3.dt_0_01.txt
3,2,GHRL_POS_NEUROENDOCRINE,-1.1301784200301819,0.2340966921119593,0.25991936668197996,prerank,-0.2991347013813852,1.0,22/72,24.48%,DST;NPDC1;A4GALT;MATN2;CASZ1;TMEM176B;ARHGEF26;MAP1B;TSPAN7;TNFRSF21;SPTSSB;MAPRE3;THSD4;TMEM176A;FFAR4;COL12A1;SNCA;GPC6;RAP1GAP2;IL1RAP;GPX3;PROX1,anal_pc5_c21_S1.filtered.gene_spectra_score.k_3.dt_0_01.txt
3,2,IRIS_CILIARY_BODY_SMOOTH_MUSCLE,-1.12521671055208,0.22950819672131148,0.26710772665653837,prerank,-0.30648451315188185,1.0,24/60,26.90%,FGFR2;PITX1;LAMC1;COL18A1;PKDCC;HSPG2;EDIL3;TMC5;SORT1;PLOD2;PCDH18;PDE3A;CCN1;PDLIM5;LTBP1;STK38L;MXI1;FRY;CCN2;RASD2;RUSC2;ACTG2;IRS2;PACSIN2,anal_pc5_c21_S1.filtered.gene_spectra_score.k_3.dt_0_01.txt
3,2,NEUROTYPES_HDA2,-1.124231428234866,0.1492063492063492,0.26814558605283145,prerank,-0.2524379327045358,1.0,58/196,29.40%,CD24;AKR1C2;KRT17;DPYSL3;ALDH1A1;NEDD4L;CAMK2N1;ATP1B1;PLEKHA6;ROBO1;CLDN1;CGN;PBX1;PCDH1;UCHL1;DKK3;EPB41L4B;CDH13;PTPN3;VSNL1;MAP1B;TSPAN7;SCN9A;TUBB2B;NREP;SDC2;NDRG4;SHTN1;NSG1;DMTN;SNCA;SMPD3;EPB41L1;CYP4X1;RAP1GAP2;NFASC;KIAA1549;PAPPA;ACOT7;CRMP1;SOX6;CORO2A;TUBB2A;STXBP1;SHF;ANK3;FRY;BNC2;SHANK2;SOBP;PID1;MAP2;TMEM178B;MEST;RCAN2;PDE4D;LMO4;LMO3,anal_pc5_c21_S1.filtered.gene_spectra_score.k_3.dt_0_01.txt
3,2,TREM2_DENDRITIC,1.121321224150024,0.1869031377899045,0.31059519898912136,prerank,0.26523751288106234,1.0,83/271,18.92%,CD74;ITGB2;CYBA;ADA2;CD4;FERMT3;CYBB;ALOX5;SPI1;CD84;MS4A6A;PLEKHO1;CD40;SLAMF7;LAIR1;CSF1R;CTSH;MAN2B1;ITGAX;THEMIS2;ACP5;IFI30;CLEC7A;MS4A7;HCK;CTSZ;LY86;C1QC;SLC7A7;HAVCR2;FPR3;SLAMF8;CLEC10A;C1QA;CPVL;LYZ;C3AR1;C1QB;FCGR2B;CD14;FCGR2A;LILRB5;TYROBP;GPCPD1;TFEC;FCER1G;RENBP;RNASE6;CD68;PLA2G7;ITGAM;SIRPA;AIF1;IL4I1;MRC1;MS4A4A;C1orf162;CD86;RASSF4;CTSC;MNDA;BASP1;CD300LF;NCF2;LY96;RGCC;VSIG4;PSAP;LIPA;STAT1;EPSTI1;ATG7;SLC15A3;NEK6;CRIP1;SNX10;GLRX;TM6SF1;ARHGAP18;IGSF6;PTAFR;MMP9;FUCA1,anal_pc5_c21_S1.filtered.gene_spectra_score.k_3.dt_0_01.txt
3,2,KIDNEY_ERYTHROBLASTS,-1.1203844598370551,0.24504950495049505,0.2734735685426945,prerank,-0.318357299005124,1.0,13/50,23.68%,SELENBP1;GCLC;KLK1;SLC6A8;GALNT5;BLVRB;FAM83D;FHDC1;SLC2A1;SNCA;SPTB;SOX6;MICAL2,anal_pc5_c21_S1.filtered.gene_spectra_score.k_3.dt_0_01.txt
3,2,INTERM_NEUROENDOCRINE,-1.1194342889789382,0.19943019943019943,0.27421160067962635,prerank,-0.2743108481266408,1.0,49/124,31.90%,DST;DPYSL3;ADGRG1;NPDC1;ROBO1;A4GALT;CDCP1;MATN2;CASZ1;TMEM176B;KLK11;HSPA2;SPTBN2;ARHGEF26;MAP1B;TTLL7;PDZRN3;NDRG4;MAPRE3;CEACAM1;THSD4;SLC39A14;TMEM176A;RASD1;DACH1;COL12A1;SMPD3;SLITRK6;PTPRN2;RAP1GAP2;KLK12;CRMP1;PRUNE2;GPX3;STXBP1;PROX1;MAP2;CACNB2;NEGR1;RUNX1T1;CACNA1H;RGS11;AP3B2;TMEM51;CLDN5;ST6GALNAC5;INHBB;KCNH2;PCSK1,anal_pc5_c21_S1.filtered.gene_spectra_score.k_3.dt_0_01.txt
3,2,PLACENTA_TROPHOBLAST_GIANT,-1.117816717112332,0.2837528604118993,0.27612929638884043,prerank,-0.36959909527643925,1.0,9/26,28.26%,HSD11B2;SCNN1B;RHOBTB3;GDF15;TFPI2;CRYBG2;CPXM2;LYPD5;PSCA,anal_pc5_c21_S1.filtered.gene_spectra_score.k_3.dt_0_01.txt
3,2,LUNG_NEUROENDOCRINE,-1.1091875182452715,0.28440366972477066,0.2893079737121043,prerank,-0.3482828768252062,1.0,9/30,34.18%,GPX2;CPE;RASD1;KLK12;PTGFR;CHRD;KCNH2;PCSK1;GFRA3,anal_pc5_c21_S1.filtered.gene_spectra_score.k_3.dt_0_01.txt
3,2,NEUROTYPES_HNBM,-1.0948808856965981,0.24517906336088155,0.3127397813675062,prerank,-0.2711442127137034,1.0,28/110,22.02%,CD24;DPYSL3;ADGRG1;NEDD4L;SOX4;NFIX;EFS;PLEKHA6;ROBO1;SAMD5;TSPAN13;EDIL3;MAP1B;TUBB2B;RGMB;MCF2L;NSG1;AFAP1;MEGF6;RND3;SMPD3;PTPRG;RAP1GAP2;PHLDA1;NFASC;PAPPA;TSPAN11;CRMP1,anal_pc5_c21_S1.filtered.gene_spectra_score.k_3.dt_0_01.txt
3,2,PUTATIVE_MEGAKARYOCYTE_PROGENITOR,-1.0941748348981792,0.26506024096385544,0.3131192366803487,prerank,-0.2900551864954677,1.0,27/68,25.78%,GSN;ABCC3;TPM1;ITGA6;GABRE;CA2;EFNB2;THBS1;CALD1;C3orf52;LCN2;KCNE3;NID1;TSPAN15;PDE5A;CLU;DMTN;PDE3A;PDGFA;MYLK;SPTB;LTBP1;LGALSL;CCDC68;CENPA;TMEM40;KALRN,anal_pc5_c21_S1.filtered.gene_spectra_score.k_3.dt_0_01.txt
3,2,RETINAL_PROGENITORS_AND_MULLER_GLIA,-1.0932370635035136,0.3225152129817444,0.3139917792500727,prerank,-0.41381471408236226,1.0,5/15,18.18%,LGR4;MYB;EPHB2;ARHGEF26;GRB10,anal_pc5_c21_S1.filtered.gene_spectra_score.k_3.dt_0_01.txt
3,2,MID_CAP,-1.0818617300796374,0.3050847457627119,0.3341019975891576,prerank,-0.3144195124498814,1.0,12/42,17.64%,LRATD1;MAOA;CA2;APCDD1;NEURL1B;EDIL3;ARHGEF26;ADGRL2;DTL;PLAT;DACH1;ADM,anal_pc5_c21_S1.filtered.gene_spectra_score.k_3.dt_0_01.txt
3,2,HSC,1.0778330686343527,0.25864453665283543,0.3903207315878517,prerank,0.25218560020924635,1.0,66/323,15.06%,ACAP1;TBC1D10C;TRBC2;SPOCK2;CHST11;PTPN7;PTK2B;KLHL6;ATP2A3;SKAP1;CASP8;CYFIP2;RHOH;C16orf54;CD7;PBXIP1;CD79B;TESPA1;HSH2D;CD69;KLF12;PDE7A;PRKCQ;KLRG1;S1PR4;TNIK;IL27RA;BCL2;LPIN1;SCML4;P2RY8;MATK;ITM2A;USP20;RALGPS2;BCAS4;IRF4;CBFA2T3;FAM30A;PRKCH;EAF2;RAB37;BTN3A1;CD38;STAP1;MZB1;CD244;TSPAN32;NFATC1;RNF125;KCNN4;CHST12;SYNE1;TP53I13;ATP8B4;GAPT;ZNF75A;ICAM2;GOLGA8B;SYTL1;TRANK1;DAPK1;GBP4;ULK4;C11orf21;GBP2,anal_pc5_c21_S1.filtered.gene_spectra_score.k_3.dt_0_01.txt
3,2,ADRENAL_CHROMAFFIN,-1.074326178777128,0.3613636363636364,0.3474539280828201,prerank,-0.3444991380820776,1.0,9/27,33.94%,MAP1B;TUBB2B;GREM1;TUBB2A;CCND1;SHOX2;SLC44A5;EYA1;CADM3,anal_pc5_c21_S1.filtered.gene_spectra_score.k_3.dt_0_01.txt
3,2,IRIS_CILIARY_BODY_CILIARY_BODY_ENDOTHELIAL,1.0682718694313282,0.34608985024958405,0.40630524642987625,prerank,0.30433659677444774,1.0,23/69,23.40%,ARHGAP4;ADA2;RNF213;TMEM106A;ELMO1;ARHGEF6;IFFO1;CISH;LYL1;IL18BP;RILPL2;ZDHHC18;MAGEH1;SEMA6B;GLRX;STX4;TINF2;HIP1R;TUBA4A;ARHGAP31;RBBP6;C17orf67;POGLUT1,anal_pc5_c21_S1.filtered.gene_spectra_score.k_3.dt_0_01.txt
3,2,MEGAKARYOCYTE,-1.0625966660716895,0.2379421221864952,0.3698533821297113,prerank,-0.22962977341619548,1.0,93/273,25.84%,CKB;ABCC3;TPM1;ITGA6;SDC4;GABRE;SIAE;CA2;SPARC;PBX1;NFIB;LAPTM4B;EFNB2;ASAP2;SPHK1;THBS1;LIPH;EFNB1;CALD1;C3orf52;LCN2;MEIS1;SERPINH1;MGLL;TFPI;SYTL4;MBOAT2;KCNE3;TSC22D1;PTK7;TSPAN13;NID1;NET1;TSPAN15;EMILIN1;FHL2;PDE5A;PLOD2;SEPTIN11;SLC7A1;ICA1;SMTN;ECE1;PCSK6;C1orf116;CLU;TDRP;AFAP1;MYL9;STON2;DMTN;TSPAN9;FAM83D;PDE3A;TIMP3;PDGFA;RIPOR3;SNCA;TPM2;ANXA3;HPGD;MYLK;SPRY1;SPTB;LURAP1L;TNS1;CTNNAL1;TGFB1I1;DBN1;MAST4;C12orf75;MAP1LC3A;LTBP1;INKA2;FADS2;LGALSL;ZNF185;EGLN3;ELOVL7;UBE2C;KLF9;CCDC68;C1orf198;PSRC1;DENND2C;PDLIM7;FHL1;ITGB3;GUCY1B1;TMEM40;KALRN;SERPINE2;RAMP1,anal_pc5_c21_S1.filtered.gene_spectra_score.k_3.dt_0_01.txt
3,2,CILIATED_EPITHELIAL,-1.0573617241085684,0.3270440251572327,0.37920989233086944,prerank,-0.24379931315502504,1.0,24/163,13.52%,ATP2C2;SLC44A4;TSPAN1;PFN2;ALDH1A1;TFF3;TMEM45B;CES1;COL4A5;MLPH;CROCC;LGR4;APCDD1;TUBB4B;DHRS9;LRIG1;TSPAN15;ABCA13;TMC5;PRSS12;TTLL7;TP73;TPPP3;MAPRE3,anal_pc5_c21_S1.filtered.gene_spectra_score.k_3.dt_0_01.txt
3,2,DEFINITIVE_RETICULOCYTE,1.0557923988767235,0.3589315525876461,0.4295679485923569,prerank,0.3280058202102757,1.0,14/43,25.40%,STK17B;CHST11;PIM2;TSPAN32;TENT5C;TANGO2;SLC14A1;LPIN2;CHST2;ACSL6;TCP11L2;GYPE;TFR2;CPEB4,anal_pc5_c21_S1.filtered.gene_spectra_score.k_3.dt_0_01.txt
3,2,HEART_CORONARY_VASCULAR_ENDOTHELIAL,-1.0550046726386801,0.35877862595419846,0.3829974059576088,prerank,-0.31221305197946725,1.0,15/39,19.80%,DST;ITGA6;COL4A2;COL4A1;TCF4;A2M;UACA;IGFBP7;MTSS1;FABP5;TCIM;CA4;COL15A1;TNNT3;CAV1,anal_pc5_c21_S1.filtered.gene_spectra_score.k_3.dt_0_01.txt
3,2,CAPILLARY_INTERMEDIATE_2,-1.0536207681122691,0.33678756476683935,0.3848204718200845,prerank,-0.2723947768508498,1.0,28/81,20.82%,AKR1C3;IFI27;DPYSL3;TPM1;SPARC;ADIRF;MXRA7;EPAS1;IFITM3;FTH1;NDRG2;UACA;CSTB;CAVIN1;FTL;DBI;TCIM;EPB41L2;MT2A;MYL9;DPYSL2;IFI6;NOSTRIN;TAGLN;HPGD;MYLK;PTPRN2;STXBP6,anal_pc5_c21_S1.filtered.gene_spectra_score.k_3.dt_0_01.txt
3,2,MARROW_PLATELET,-1.05142884712278,0.3271276595744681,0.38841603609109104,prerank,-0.25825648436661985,1.0,34/106,25.76%,ABCC3;SPARC;LEFTY1;ASAP2;LIPH;LCN2;ODC1;MEIS1;SYTL4;GRHL1;TSC22D1;SEPTIN5;PDZK1IP1;PDE5A;C1orf116;CLU;TDRP;AFAP1;MYL9;STON2;TSPAN9;PDE3A;PDGFA;MYLK;LURAP1L;INKA2;PVALB;LGALSL;ELOVL7;DENND2C;PDLIM7;ITGB3;AFAP1L2;TMEM40,anal_pc5_c21_S1.filtered.gene_spectra_score.k_3.dt_0_01.txt
3,2,BRONCHIAL_VESSEL_2,-1.051164162657755,0.32142857142857145,0.38798775714025757,prerank,-0.2536619892584033,1.0,35/123,20.52%,EMP1;TM4SF1;GJA1;PLPP3;TUBB4B;COL4A1;FN1;IFITM3;TCF4;LDLR;SERPINH1;MGLL;A2M;TSC22D1;TSPAN13;FAM43A;EGR1;CXCL12;RBPMS;SPARCL1;B3GNT5;CDKN1A;MT2A;MYL9;VWA1;COL15A1;ADAMTS1;IFI6;ADM;RND3;CCN1;CP;SPRY1;NNMT;MYC,anal_pc5_c21_S1.filtered.gene_spectra_score.k_3.dt_0_01.txt
3,2,CTX_EX_4_EXCITATORY_NEURON,-1.045843330862118,0.35218508997429304,0.39830831594696403,prerank,-0.27384830025656476,1.0,18/70,17.42%,PTPRK;RAPGEFL1;LAMA5;PLEKHA6;LTBP4;MYO6;SAMD5;PROM1;UACA;PPFIBP1;LMO7;SCN9A;JAG2;LIMS2;PTPN13;EPHA7;ANKRD18A;TIMP3,anal_pc5_c21_S1.filtered.gene_spectra_score.k_3.dt_0_01.txt
3,2,BRONCHIOLAR_AND_ALVEOLAR_EPITHELIAL,-1.0325000694783741,0.3870246085011186,0.42606976459171175,prerank,-0.3358483944129333,1.0,13/25,39.68%,FGFR2;TSPAN13;CRLF1;DMBT1;KIF12;ITGB6;HAS3;RBBP8NL;NDNF;ESYT3;PIK3C2G;SLC22A3;SLC19A3,anal_pc5_c21_S1.filtered.gene_spectra_score.k_3.dt_0_01.txt
3,2,ORG_UNDERGOING_NEURONAL_DIFFERENTIATION,1.02869588830653,0.41605839416058393,0.4857634423501618,prerank,0.36285283587539063,1.0,5/22,12.40%,SLA;RNF213;TNIK;MEF2C;IQGAP2,anal_pc5_c21_S1.filtered.gene_spectra_score.k_3.dt_0_01.txt
3,2,NEUROTYPES_HDA1,-1.0277857924001215,0.34532374100719426,0.43530542274366957,prerank,-0.2267974914707768,1.0,65/229,29.30%,CD24;AKR1C2;DPYSL3;NEDD4L;CAMK2N1;ATP1B1;NPNT;PLEKHA6;CDH3;ROBO1;PBX1;PLCB4;PCDH1;UCHL1;SLC4A4;EPB41L4B;CDH13;CERS6;MID1;PTPN3;VSNL1;ENC1;MAP1B;CADPS2;TSHZ2;SCN9A;TUBB2B;NREP;MCF2L;NDRG4;SHTN1;RAPGEF5;NSG1;DMTN;DNM1;SNCA;SMPD3;EPB41L1;CYP4X1;NFASC;PAPPA;CRMP1;CORO2A;LSAMP;KCNMA1;STXBP1;ANK3;FRY;BNC2;SHANK2;KALRN;SOBP;PID1;MAP2;VAV3;CADM1;NEGR1;TMEM178B;IGDCC4;SDC3;MEST;RCAN2;CACNA1C;PDE4D;LMO4,anal_pc5_c21_S1.filtered.gene_spectra_score.k_3.dt_0_01.txt
3,2,INTESTINE_ENS_NEURONS,-1.021312426886514,0.42933333333333334,0.4489751722515682,prerank,-0.2933609585793883,1.0,12/46,33.94%,UCHL1;MAP1B;TUBB2B;NDRG4;HOXB5;OLFM1;TUBB2A;DCLK1;SGIP1;STMN2;SPOCK1;CADM3,anal_pc5_c21_S1.filtered.gene_spectra_score.k_3.dt_0_01.txt
3,2,NEUROTYPES_HNBML1,-1.016456603633735,0.3961218836565097,0.4592472009830943,prerank,-0.24802608599302792,1.0,23/114,15.22%,CD24;AKR1C2;DPYSL3;SOX4;ITGA6;SYCP2;PLEKHA6;ROBO1;IGSF9;UCHL1;SAMD5;PTPN3;EDIL3;MAP1B;TUBB2B;NREP;MCF2L;NDRG4;MAPRE3;GP1BB;RAPGEF5;NSG1;NUAK1,anal_pc5_c21_S1.filtered.gene_spectra_score.k_3.dt_0_01.txt
3,2,ADRENAL_ERYTHROBLASTS,-1.0091673162935413,0.4251781472684085,0.4756772916933636,prerank,-0.31506498527715476,1.0,7/34,22.36%,SELENBP1;GCLC;GALNT5;BLVRB;SPTB;KRT13;SOX6,anal_pc5_c21_S1.filtered.gene_spectra_score.k_3.dt_0_01.txt
3,2,TM4SF4_POS_PENK_POS_NEURON,1.0021473763832558,0.4421416234887737,0.5449617688993489,prerank,0.2995922331196596,1.0,8/50,11.44%,CARMIL2;POU2F2;GLCCI1;ELMO1;SH2D3C;SCML4;RFTN1;GATA3,anal_pc5_c21_S1.filtered.gene_spectra_score.k_3.dt_0_01.txt
3,2,COLLECTING_DUCT_INTERCALATED_CELLS_TYPE_A_CORTEX,-0.9982381549826511,0.45038167938931295,0.5018124189604632,prerank,-0.26241587390612997,1.0,22/72,20.26%,CA12;NEDD4L;ITGA6;PRKG1;TFCP2L1;LGR4;IGFBP5;MYO10;SAMD5;AHCYL2;PPARGC1A;EPS8;SEMA3C;NR3C2;ADAMTSL1;MAGI1;ARHGEF28;RNF152;PPP1R12B;FGD4;SCIN;GLIS3,anal_pc5_c21_S1.filtered.gene_spectra_score.k_3.dt_0_01.txt
3,2,INTESTINE_ADULT_CA_ENTEROENDOCRINE,-0.9969243809126592,0.4717514124293785,0.5039494327233519,prerank,-0.24189428083073441,1.0,63/124,42.02%,FGFR1;CES1;CDKN2A;SPHK1;CPE;MMP2;TFPI;NINL;PTK7;COL5A2;MAP1B;TUBB2B;FRMD6;MAPRE3;TDRP;SLC7A2;IGFBP3;GLIS3;NFASC;PAM;ISYNA1;FRY;EFCC1;RAMP1;CACNA1D;MAP2;ASPA;PSCA;NCKAP5;ATP6V1C2;MCOLN3;AP3B2;TMEM63C;MLXIPL;KIAA0319;KCNH2;PCSK1;STMN2;SPOCK1;ETV1;APOD;C7;GFRA3;FAP;KCNH8;PCSK1N;TMOD1;OGDHL;TM7SF2;ANK2;SNAP25;ADAMTSL2;DIRAS3;PEG10;SEMA3G;SLC15A1;KIF26A;NAB2;TGM3;RIMBP2;THSD7A;CXCL6;GJA4,anal_pc5_c21_S1.filtered.gene_spectra_score.k_3.dt_0_01.txt
3,2,S100A12_HI_CLASSICAL_MONOCYTE,-0.9961929423946513,0.4796380090497738,0.5046103758778755,prerank,-0.32162631084259236,1.0,6/27,17.64%,MGST1;S100P;THBS1;S100A8;VCAN;ADM,anal_pc5_c21_S1.filtered.gene_spectra_score.k_3.dt_0_01.txt
3,2,SMOOTH_MUSCLE,-0.9938912521890977,0.46984924623115576,0.5089044656871594,prerank,-0.2645929458505543,1.0,21/67,27.38%,NOTCH3;TBX2;MYH11;COL6A3;GJC1;PDGFRB;CYGB;PAMR1;ACTA2;TAGLN;MYLK;CCDC102B;CSPG4;ANO1;CCDC3;SEC16B;SLC12A4;LAMC3;C11orf96;ACTG2;ASPA,anal_pc5_c21_S1.filtered.gene_spectra_score.k_3.dt_0_01.txt
3,2,MUSCLE_MEGAKARYOCYTES,0.9901529312137004,0.4536741214057508,0.5696575785065909,prerank,0.2751788606072826,1.0,15/84,13.10%,ARHGAP45;ABI3;BIN2;KLHL6;CD84;PLEK;DAPP1;PATL2;CD226;LYL1;FCGR2A;SLC2A3;UBE2J1;MAPKAPK3;HNRNPLL,anal_pc5_c21_S1.filtered.gene_spectra_score.k_3.dt_0_01.txt
3,2,CD8_T,0.989854743472349,0.4755877034358047,0.5661998954944498,prerank,0.33834741172258903,1.0,6/28,5.80%,CD79A;THEMIS;CD5;SIRPG;SIT1;CCR7,anal_pc5_c21_S1.filtered.gene_spectra_score.k_3.dt_0_01.txt
3,2,KIDNEY_MEGAKARYOCYTES,-0.9793375805499605,0.45965770171149145,0.5448997886742064,prerank,-0.2853408390708062,1.0,4/43,9.16%,ABCC3;GABRE;LEFTY1;SEPTIN5,anal_pc5_c21_S1.filtered.gene_spectra_score.k_3.dt_0_01.txt
3,2,SYNCYTIOTROPHOBLASTS_AND_VILLOUS_CYTOTROPHOBLASTS,-0.9783474578721855,0.501010101010101,0.5461093866498968,prerank,-0.3465379569845327,1.0,8/20,33.34%,ITGB4;GABRE;TDRP;KANK1;ATP6V1C2;LARGE2;CNNM2;L1TD1,anal_pc5_c21_S1.filtered.gene_spectra_score.k_3.dt_0_01.txt
3,2,CAPILLARY_INTERMEDIATE_1,-0.9779236184712837,0.4891304347826087,0.5458710052296845,prerank,-0.24058187514661808,1.0,46/106,27.10%,TBX2;CA2;SPARC;PCDH1;MYO6;ITGA3;CNN3;EFNB1;CYP3A5;PHLDB1;CDKN2B;TINAGL1;ANXA1;MBOAT2;EDIL3;TSPAN15;MTSS1;EXPH5;ADGRL2;NTN4;VIPR1;AQP1;CA4;RAPGEF5;FOXF1;TIMP3;TBX3;ANXA3;HPGD;MYLK;DNAJB1;CX3CL1;PHLDA1;STXBP6;ACE;GPX3;FRY;EDNRB;SGK1;FHL1;FZD4;WFDC1;SERPINB1;PLAU;FMNL2;PLAGL1,anal_pc5_c21_S1.filtered.gene_spectra_score.k_3.dt_0_01.txt
3,2,KIDNEY_METANEPHRIC,-0.9768885935054448,0.5099778270509978,0.5471977145664151,prerank,-0.29998293400409726,1.0,22/34,52.88%,SIM2;SALL3;DEFB1;SLC3A1;EYA1;GRIK2;SLC47A2;CLIC5;TMEM100;DMRT3;MYO15A;PTPRO;NKAIN3;OR51E1;LYPD1;KLK6;CDH6;OR51E2;FAM78B;ECEL1;SH2D5;ELOVL2,anal_pc5_c21_S1.filtered.gene_spectra_score.k_3.dt_0_01.txt
3,2,ELF3_AGBL2_POSITIVE,-0.9717062913129725,0.4778761061946903,0.5595086683142487,prerank,-0.3569029049870307,1.0,9/17,41.26%,PTTG1;CDK18;CNN1;GJB4;RMND5A;TP53INP2;PPP1R3B;RRAD;SLC2A4,anal_pc5_c21_S1.filtered.gene_spectra_score.k_3.dt_0_01.txt
3,2,COLLECTING_DUCT_INTERCALATED_CELLS_TYPE_B,-0.9698660015029505,0.5213270142180095,0.562860666952482,prerank,-0.2670994378372029,1.0,20/59,20.44%,CA12;NEDD4L;ITGA6;TFCP2L1;LGR4;IGFBP5;PPARG;PPARGC1A;EPS8;SEMA3C;NR3C2;L3MBTL4;ADAMTSL1;MAGI1;DACH1;PHLDB2;RNF152;SCIN;PARD3B;GPC6,anal_pc5_c21_S1.filtered.gene_spectra_score.k_3.dt_0_01.txt
3,2,HEART_5TH_WEEK_VENTRICULAR_CARDIOMYOCYTE,-0.9645898530995333,0.5012106537530266,0.5750657995573402,prerank,-0.28452750699013885,1.0,15/40,28.16%,BAIAP2L1;DKK3;CPE;VSNL1;NR2F1;PDLIM4;HEY1;ADM;FOS;AIF1L;PAM;GPX3;CNN1;DES;RHOD,anal_pc5_c21_S1.filtered.gene_spectra_score.k_3.dt_0_01.txt
3,2,ASTROCYTES,-0.9629696960715239,0.5023696682464455,0.5778727314155254,prerank,-0.30932683240933084,1.0,10/29,29.92%,ADGRG1;PTN;FZD10;TNC;BOC;HMCN2;SLC25A48;LMO3;ALDH1L1;DCLK1,anal_pc5_c21_S1.filtered.gene_spectra_score.k_3.dt_0_01.txt
3,2,VASCULAR_SMC_1,-0.9496119046880598,0.5597826086956522,0.6116130614892,prerank,-0.24069332744625574,1.0,53/95,34.00%,JAG1;NOTCH3;ALCAM;MYH11;PLEKHG3;TM4SF1;EPAS1;COL18A1;PLCE1;TINAGL1;NEURL1B;MGLL;SEMA5A;GAS6;HSPA2;HES4;CAV2;NTN4;TPPP3;SYTL2;PDE3A;CRISPLD2;FST;MEGF6;PDGFA;LTBP2;FRZB;CCDC102B;PAPPA;PDLIM5;GPX3;RASL11A;SPON2;ADGRL3;MCAM;PRELP;WFDC1;MAP2;MCTP2;ADCY5;ITGA7;ITGA11;MRGPRF;ARHGAP29;NPR3;LMOD1;FILIP1L;SEMA5B;CNNM2;ESAM;HEYL;NTRK3;PDLIM3,anal_pc5_c21_S1.filtered.gene_spectra_score.k_3.dt_0_01.txt
3,2,ASTROCYTE,0.9466489218001541,0.6032689450222882,0.6702260363509135,prerank,0.2403800330334578,1.0,24/143,15.38%,EVL;CELF2;ANKRD44;RESF1;PRKCB;CCL5;MICAL1;AGAP2;POU2F2;PDE7A;MAST3;ZNF101;KCTD7;GRK3;MEF2C;CBFA2T3;BIN1;DPYD;IRF7;GOLGA8B;SEC31B;DUSP4;S1PR1;BASP1,anal_pc5_c21_S1.filtered.gene_spectra_score.k_3.dt_0_01.txt
3,2,HEART_MEGAKARYOCYTES,-0.9341652595804357,0.5616113744075829,0.6510617712961334,prerank,-0.2579373685738173,1.0,7/55,8.62%,ABCC3;CA2;LEFTY1;THBS1;LIPH;LCN2;SYTL4,anal_pc5_c21_S1.filtered.gene_spectra_score.k_3.dt_0_01.txt
3,2,ADRENOCORTICAL,-0.932862861187576,0.5337690631808278,0.6530703558058087,prerank,-0.31762830279785575,1.0,6/22,27.52%,GSTA4;LDLR;TNXB;HMGCR;SLC16A9;SNCG,anal_pc5_c21_S1.filtered.gene_spectra_score.k_3.dt_0_01.txt
3,2,PUTATIVE_PIT_CELL_PROGENITOR,-0.9313546276472169,0.5687103594080338,0.6555247001921057,prerank,-0.291320865909971,1.0,15/31,35.88%,LAMA5;NFIX;VSNL1;LIMS2;SBSPON;WFDC1;TMEM47;ALDH1B1;CNN1;RSPO3;TMEM51;FBXO32;HSPB8;PPP1R14A;LDB3,anal_pc5_c21_S1.filtered.gene_spectra_score.k_3.dt_0_01.txt
3,2,SPLEEN_ERYTHROBLASTS,-0.9304099754920756,0.5368663594470046,0.6566229994574676,prerank,-0.3028637022279422,1.0,4/27,15.20%,EPCAM;MYB;TFRC;PCLAF,anal_pc5_c21_S1.filtered.gene_spectra_score.k_3.dt_0_01.txt
3,2,MUSCLE_SKELETAL_MUSCLE,-0.9303719152256925,0.6428571428571429,0.6551649866459894,prerank,-0.24672195436220543,1.0,30/73,42.38%,TPM1;C3orf52;TTC39A;WNT4;KRT80;AK1;TPM2;TNNT3;SLC5A1;SHISA2;PVALB;MB;FHL1;PTGFR;DES;TNNI2;CMYA5;HSPB8;MAPK4;LDB3;TNNT2;SRPK3;HSPB6;KCNQ4;COL22A1;VAX2;KLHL31;PPP1R3C;PFKM;CA3,anal_pc5_c21_S1.filtered.gene_spectra_score.k_3.dt_0_01.txt
3,2,PHOTORECEPTOR,-0.9300835749978125,0.5805739514348786,0.6544100159392918,prerank,-0.3071736082366091,1.0,4/24,14.18%,CDHR1;CASZ1;EPB41L2;PTPN13,anal_pc5_c21_S1.filtered.gene_spectra_score.k_3.dt_0_01.txt
3,2,PRIMITIVE_ERYTHROCYTE,0.9272536467236006,0.566607460035524,0.7143752658318179,prerank,0.2959924439422883,1.0,9/35,14.90%,PIM2;GRAP2;GNG2;SNX22;TSPAN32;ST8SIA1;IQGAP2;MAPKAPK3;C11orf21,anal_pc5_c21_S1.filtered.gene_spectra_score.k_3.dt_0_01.txt
3,2,ILCP,0.9266875848032334,0.6214511041009464,0.7106141349995168,prerank,0.25065565209224044,1.0,35/92,24.78%,JAML;PLCG2;CCR6;TTN;CXCR5;BIRC3;CTSH;LST1;NFATC1;AFF3;RUNX2;TNF;ATP8B4;TNFRSF4;HNRNPLL;ICAM1;IL4I1;COL4A4;LTA;NIBAN1;GRAMD1B;SH3TC1;IL23R;FES;PECAM1;PHF19;TMED8;PRAM1;TOX2;NR4A3;TIAM1;CAMK1;TNFRSF18;KIT;FSD1,anal_pc5_c21_S1.filtered.gene_spectra_score.k_3.dt_0_01.txt
3,2,SPP1_POS_MACROPHAGE,-0.9230880791374356,0.5990566037735849,0.6708238138144528,prerank,-0.2672951538636617,1.0,7/42,11.54%,AGR2;IGFBP4;ABCC5;MTUS1;ITGB5;A2M;SCN9A,anal_pc5_c21_S1.filtered.gene_spectra_score.k_3.dt_0_01.txt
3,2,CAPILLARY_AEROCYTE,-0.9206827228585474,0.5777262180974478,0.6755745686045822,prerank,-0.286991761343821,1.0,11/30,18.86%,TBX2;SPARC;SLC12A2;CYP3A5;EXPH5;ADGRL2;VIPR1;AQP1;CA4;F3;HPGD,anal_pc5_c21_S1.filtered.gene_spectra_score.k_3.dt_0_01.txt
3,2,VISCERAL_NEURONS,-0.9202423904702289,0.6233766233766234,0.6751901888795643,prerank,-0.2440745750344538,1.0,33/67,49.20%,UCHL1;MAP1B;TUBB2B;RAB15;FST;OLFM1;TUBB2A;ACAT2;ACHE;PRIMA1;VAT1;SLC44A5;STMN2;GRIA3;TMOD1;NECAB2;TMEM59L;PTPRR;LHX2;NGFR;GPM6B;ADCYAP1R1;CSMD2;SYN2;SLC6A15;DLX1;PTPRO;MLIP;NKAIN3;KCNH1;MEGF10;KCNB1;CDH6,anal_pc5_c21_S1.filtered.gene_spectra_score.k_3.dt_0_01.txt
3,2,SKELETAL_MUSCLE,-0.9180334332857701,0.65,0.6792905839968696,prerank,-0.2324953210988264,1.0,34/88,38.56%,PADI2;TPM1;FZD10;CRABP2;AK1;KLHL21;GPC4;TPM2;TNNT3;NES;TEAD4;ITGB6;MB;FHL1;RAMP1;SPEG;PTGFR;DES;FBXO32;TNNT1;TNNI2;CMYA5;TBX1;PDLIM3;FLNC;LDB3;CALML6;LMCD1;COX7A1;TNNT2;SRPK3;TRPC6;NEXN;HSPB6,anal_pc5_c21_S1.filtered.gene_spectra_score.k_3.dt_0_01.txt
3,2,GRANULATING_CANCER_ASSOCIATED_FIBROBLAST,-0.9088738609792474,0.6615384615384615,0.7008555406717664,prerank,-0.2424293816730888,1.0,14/68,14.72%,LGALS3;CA12;AKR1C3;ATP1B1;SPHK1;CSTA;IGFBP5;FTH1;TMEM176B;PPFIBP1;CYSTM1;FTL;TGFBI;CFD,anal_pc5_c21_S1.filtered.gene_spectra_score.k_3.dt_0_01.txt
3,2,THYMIC_EPITHELIAL,-0.9024697546647116,0.6488372093023256,0.7151078330421134,prerank,-0.2581205611694345,1.0,14/49,26.94%,CDH3;ATP10B;EYA2;SLC22A23;MCF2L;COL27A1;GLI2;GJB6;COX6B2;KIAA1549;SLIT3;MRTFB;FOXN1;CTSV,anal_pc5_c21_S1.filtered.gene_spectra_score.k_3.dt_0_01.txt
3,2,IRIS_CILIARY_BODY_SCHWANN,0.8990674671298845,0.5893186003683242,0.7755243794892114,prerank,0.31632727364254026,1.0,7/24,19.96%,KAT2B;ARHGEF6;IRF4;LIPA;PPP2R2B;COL5A3;SYT11,anal_pc5_c21_S1.filtered.gene_spectra_score.k_3.dt_0_01.txt
3,2,M2_MACROPHAGE,-0.895902210606688,0.6860759493670886,0.7296588296753341,prerank,-0.24434141403820953,1.0,19/55,23.56%,LGALS3;NUPR1;C15orf48;GLUL;SLC6A8;IFITM3;NDRG1;FTL;HK2;BLVRB;TGFBI;VCAN;IFI6;ADM;SLC2A1;TNS1;HILPDA;EGLN3;MXI1,anal_pc5_c21_S1.filtered.gene_spectra_score.k_3.dt_0_01.txt
3,2,PCP4_POS_NEURON,0.89380146282911,0.6092362344582594,0.7833941690197864,prerank,0.30358128190192457,1.0,4/27,11.44%,PLCB2;TRPV2;ELMO1;GATA3,anal_pc5_c21_S1.filtered.gene_spectra_score.k_3.dt_0_01.txt
3,2,CSH1_CSH2_POSITIVE,-0.893352489158652,0.6782178217821783,0.7342877448951401,prerank,-0.2482852549684846,1.0,22/54,33.82%,ZNF703;HSD11B2;SEMA3F;SPIRE2;ST3GAL4;CDKN1C;SLC2A1;PHLDA2;MMP11;PAPPA;TNFRSF12A;CYB5R2;P2RY2;TFPI2;LGR5;MRGPRF;SEMA5B;PGF;CERCAM;SLC47A2;TWIST1;TGM2,anal_pc5_c21_S1.filtered.gene_spectra_score.k_3.dt_0_01.txt
3,2,CARDIOMYOCYTE,-0.8901587193910461,0.6335540838852097,0.740214547496703,prerank,-0.26811864432685334,1.0,20/38,41.28%,SH3RF2;FHL2;MYL9;CRYAB;PPP1R12B;MAP3K20;PDLIM5;MB;CRIP2;SORBS2;DES;LDB3;COX7A1;RBM24;TNNT2;RRAD;NEXN;MYZAP;PLN;PPP1R3C,anal_pc5_c21_S1.filtered.gene_spectra_score.k_3.dt_0_01.txt
3,2,CEREBELLUM_OLIGODENDROCYTES,-0.8885433465532232,0.6690647482014388,0.74224062656887,prerank,-0.26286916000179517,1.0,13/37,26.52%,B3GNT7;ERBB3;HR;SLPI;DMRT2;PDGFRA;MYRF;NT5E;HAPLN1;CHAD;GDNF;LGR5;PID1,anal_pc5_c21_S1.filtered.gene_spectra_score.k_3.dt_0_01.txt
3,2,CORNEA_CYTOTOXIC_T,-0.8872626371025717,0.6548672566371682,0.7436537072585351,prerank,-0.27908368065170064,1.0,7/27,18.48%,MATN2;NUSAP1;CEP72;CENPF;NMU;ASPM;KIF11,anal_pc5_c21_S1.filtered.gene_spectra_score.k_3.dt_0_01.txt
3,2,AEROCYTE,-0.8753989898294042,0.7554479418886199,0.7684673826347822,prerank,-0.24024232306120552,1.0,13/58,16.80%,NEDD4L;LAMA5;TBX2;ADIRF;SLC12A2;ITGA3;CDH13;PHLDB1;MGLL;LMO7;VIPR1;NOS2;ADAMTS1,anal_pc5_c21_S1.filtered.gene_spectra_score.k_3.dt_0_01.txt
3,2,ADRENAL_SYMPATHOBLASTS,-0.8739820691057951,0.648910411622276,0.7698316783838831,prerank,-0.27653378081917307,1.0,18/29,53.56%,ANKRD18A;RASD2;CNTN3;CPEB1;POU2F3;CCSER1;KSR2;LRRC10B;PACRG;PCSK2;KY;NPAS4;KLK4;GCGR;PENK;IL13RA2;SLC6A17;CFAP46,anal_pc5_c21_S1.filtered.gene_spectra_score.k_3.dt_0_01.txt
3,2,SST_POS_NEURON,0.8627237444834686,0.8024132730015083,0.852733450256875,prerank,0.22044922790299443,1.0,25/151,17.56%,CORO1A;CARMIL2;CXCR4;TRPV2;POU2F2;KLRG1;ELMO1;SH2D3C;SCML4;BCAS4;SEMA4D;EIF4E3;PLXNC1;RFTN1;GATA3;SLC2A3;SH2B2;STAMBPL1;HAGHL;ARL4C;RIC3;TTC39C;SLC8A1;SNX10;CNR1,anal_pc5_c21_S1.filtered.gene_spectra_score.k_3.dt_0_01.txt
3,2,NEUROTYPES_HDA,-0.8583514751622424,0.907051282051282,0.8009586321696435,prerank,-0.19254573856369497,1.0,30/200,16.04%,CD24;AKR1C2;DPYSL3;NEDD4L;NFIX;CAMK2N1;PLEKHA6;ROBO1;CGN;PBX1;PCDH1;IGSF9;AKAP1;UCHL1;CASZ1;CDH13;ENC1;TSPAN13;EDIL3;MAP1B;TTLL7;TSPAN7;SCN9A;TUBB2B;NREP;SHTN1;RAPGEF5;NSG1;DMTN;LAMC2,anal_pc5_c21_S1.filtered.gene_spectra_score.k_3.dt_0_01.txt
3,2,EPITHELIAL,-0.8575852319154149,0.7746113989637305,0.8005442980851465,prerank,-0.22358747254560524,1.0,8/73,13.96%,SLC44A4;CAPN8;ABCA13;TMC5;TP73;TPPP3;GBP6;LRRC26,anal_pc5_c21_S1.filtered.gene_spectra_score.k_3.dt_0_01.txt
3,2,BASOPHIL_MAST_1,0.8539656046962681,0.823262839879154,0.8665927250899761,prerank,0.21592805641927712,1.0,26/162,12.80%,RAC2;SRGN;CD22;GRAP2;RHOH;ALOX5AP;LAT2;TESPA1;CD69;BATF;RGS1;TNIK;SYTL3;SAMSN1;ARHGEF6;GPR65;BTK;RAB37;LYL1;STAP1;TMEM154;CSF2RB;LAX1;PIK3R6;TNFRSF4;RENBP,anal_pc5_c21_S1.filtered.gene_spectra_score.k_3.dt_0_01.txt
3,2,NEUROTYPES_HNBGABA,0.849654246272241,0.8847736625514403,0.8700273252092946,prerank,0.20100403820900167,1.0,24/260,9.04%,CELF2;CD2;ANKRD44;PIK3CD;FNBP1;WDFY4;RIPOR2;KIF21B;NFATC2;PRKCB;CYFIP2;POU2F2;PAX5;DENND3;RASSF5;TTN;CNTRL;KCNA3;BCL11B;LPIN1;GNG2;RUNX3;KCTD7;GRK3,anal_pc5_c21_S1.filtered.gene_spectra_score.k_3.dt_0_01.txt
3,2,VASCULAR_ENDOTHELIAL,-0.8443515024553939,0.9079365079365079,0.8249864759425507,prerank,-0.19597882120182034,1.0,95/171,45.36%,VSIG2;IFI27;EPAS1;PLPP3;MALL;TINAGL1;A2M;HSPG2;BMP2;TSPAN7;JAG2;NTN4;CRACR2B;TCIM;RAPGEF5;RASSF9;COL15A1;ADM;NOSTRIN;BTNL8;SMAD9;CAV1;PTPRN2;GGT5;PVALB;PRUNE2;OLFM1;HAPLN1;ERG;PLK2;PODXL;FGD5;VWF;CPXM2;CYYR1;LXN;CALCRL;GNA14;ARHGAP29;PLVAP;CAVIN2;CLDN5;HECW2;EDN1;MMRN2;SLCO2A1;LDB2;CDH5;EGFL7;ESAM;PTPRB;RAMP2;CLEC14A;PPP1R14A;CD34;DLL4;ADGRL4;LHFPL2;IL33;COL13A1;RAMP3;HSPA12B;SHANK3;LRRC32;RASIP1;SOX18;CLEC3B;TIE1;CCM2L;AFAP1L1;ADGRF5;SEMA3G;ADCY4;ECSCR;TEK;ROBO4;ARHGEF15;THSD1;ATG9B;EMCN;FLT1;JCAD;MYRIP;FAM167B;KDR;JAM2;AQP7;C2CD4B;LHX6;BMPER;PDE2A;ARL15;EXOC3L1;TSPAN18;SSUH2,anal_pc5_c21_S1.filtered.gene_spectra_score.k_3.dt_0_01.txt
3,2,NEUROTYPES_HGABA,-0.8415747950714892,0.9853658536585366,0.8282361550488917,prerank,-0.17535728368816728,1.0,65/402,16.66%,LRATD1;PTPRK;CD24;AKR1C2;DPYSL3;NEDD4L;ADAM23;LAMA5;NPDC1;FAT2;NFIX;CAMK2N1;ATP1B1;NPNT;PLEKHA6;ABCC5;ROBO1;AGAP1;CGN;PLCB4;PCDH1;UCHL1;LAMA3;MTUS1;CASZ1;CDH13;KRT14;CERS6;PCDH7;SAMD5;CRIM1;NINL;VSNL1;ENC1;TLN2;PPFIBP1;MTSS1;MAP1B;PRSS12;PPARGC1A;TTLL7;TSPAN7;TSHZ2;SCN9A;AHNAK2;SEMA3C;TUBB2B;JAG2;NREP;MCF2L;NDRG4;SYTL2;MAPRE3;SHTN1;RAPGEF5;NSG1;NUAK1;DMTN;ANKRD18A;LAMC2;STEAP2;DNM1;PPP2R2C;VCAN;RBMS3,anal_pc5_c21_S1.filtered.gene_spectra_score.k_3.dt_0_01.txt
3,2,NEUROTYPES_HRN,-0.8374204724915572,0.8853333333333333,0.8336786814055299,prerank,-0.19992475699302886,1.0,28/120,22.02%,CD24;AKR1C2;DPYSL3;NEDD4L;SOX4;PLEKHA6;UCHL1;C1orf21;CERS6;SAMD5;ENC1;EDIL3;MAP1B;PRSS12;SEMA3C;TUBB2B;NREP;MCF2L;RAPGEF5;NSG1;DPYSL2;RND3;SMPD3;EPB41L1;NFASC;SCARA5;PAPPA;CRMP1,anal_pc5_c21_S1.filtered.gene_spectra_score.k_3.dt_0_01.txt
3,2,PLATELET,-0.836070071175944,0.8944281524926686,0.8342069518831361,prerank,-0.19949853039990292,1.0,42/130,26.40%,CA2;PBX1;LAPTM4B;SPHK1;THBS1;MEIS1;TFPI;TSC22D1;E2F1;NET1;CAV2;PDZK1IP1;PDE5A;SMTN;ECE1;SLC16A1;STON2;DMTN;WASL;TIMP3;PDGFA;RIPOR3;SNCA;ANXA3;MYLK;SPRY1;TNS1;CTNNAL1;GDF15;LTBP1;INKA2;LGALSL;ZNF185;EGLN3;ELOVL7;PLCXD1;SORBS1;GUCY1B1;TMEM40;KALRN;RIMKLB;ARRDC4,anal_pc5_c21_S1.filtered.gene_spectra_score.k_3.dt_0_01.txt
3,2,NEUROTYPES_HNBML5,-0.8317286017768887,0.9283667621776505,0.8398404263387361,prerank,-0.18829179250522332,1.0,44/174,24.68%,LRATD1;CD24;DPYSL3;NEDD4L;SOX4;PLEKHA6;ROBO1;AKAP1;CASZ1;CDH13;PCDH7;VSNL1;ENC1;MAP1B;PRSS12;TSHZ2;PLXNA2;TUBB2B;NREP;NDRG4;SYTL2;MAPRE3;RAPGEF5;NSG1;NUAK1;DMTN;PAQR5;SMAD9;SMPD3;SHISA2;PTPRN2;RAP1GAP2;NFASC;PAPPA;CRMP1;CORO2A;KCNMA1;STXBP1;ANK3;AFF2;PROX1;FRY;WNT11;SLC16A9,anal_pc5_c21_S1.filtered.gene_spectra_score.k_3.dt_0_01.txt
3,2,OLIGODENDROCYTES,0.8132797159413555,0.7401129943502824,0.9376201203026266,prerank,0.31069744590455706,1.0,8/17,32.04%,FYN;PDE4B;PPP2R2B;RNF144A;RTP5;ADGRB1;OLIG1;ZNF365,anal_pc5_c21_S1.filtered.gene_spectra_score.k_3.dt_0_01.txt
3,2,INTESTINE_ADULT_CE_OLFM4HIGH_STEM,0.8105696313773513,0.8989113530326595,0.9360687272728342,prerank,0.2061386423942913,1.0,19/143,12.10%,LTB;RIPOR2;KIF21B;CD28;SAP25;PREX1;ARRB2;PCED1B;PLEK;MS4A7;CTSZ;ST3GAL5;ELOVL5;ADAP2;PLXNC1;LST1;NFATC1;PLXDC1;TLR1,anal_pc5_c21_S1.filtered.gene_spectra_score.k_3.dt_0_01.txt
3,2,NEUROTYPES_HSERT,-0.8061842198170274,0.9728915662650602,0.8796870253059282,prerank,-0.1844520490902926,1.0,44/175,24.54%,LRATD1;AKR1C2;KRT17;DPYSL3;MAOA;GPC3;UCHL1;CASZ1;CDH13;PCDH7;VSNL1;COL5A2;MAP1B;TSPAN7;TSHZ2;SCN9A;SEMA3C;ICA1;MCF2L;NDRG4;SYTL2;MAPRE3;NSG1;DMTN;RAB15;RBMS3;SNCA;SMPD3;EPB41L1;CYP4X1;TNS1;GLT8D2;AKAP7;NFASC;MAP1LC3A;THSD7B;ACOT7;CRMP1;GCHFR;TUBB2A;STXBP1;CTHRC1;AFF2;FRY,anal_pc5_c21_S1.filtered.gene_spectra_score.k_3.dt_0_01.txt
3,2,ADRENAL_MEGAKARYOCYTES,0.7996041925834138,0.8101045296167247,0.948521039970617,prerank,0.2404609476051092,1.0,16/48,27.80%,LAT;FERMT3;PLEK;CBFA2T3;CNST;RGS18;FCER1A;TREML1;MYOM1;P2RX1;CPA3;PTGS1;PADI4;MCEMP1;CMTM2;MPIG6B,anal_pc5_c21_S1.filtered.gene_spectra_score.k_3.dt_0_01.txt
3,2,PTGDS_POS_OPC,0.7988339474620338,0.8377483443708609,0.9433532035929023,prerank,0.22735864078632584,1.0,8/63,9.14%,ANKRD44;PPP1R16B;FYN;ITPR2;EVI2A;RALGPS2;SEMA4D;SNX22,anal_pc5_c21_S1.filtered.gene_spectra_score.k_3.dt_0_01.txt
3,2,CORNEA_MELANOCYTES,0.7940477547000818,0.8569051580698835,0.9444658564725072,prerank,0.23199321121989944,1.0,8/58,9.50%,CYBA;GPSM3;NFATC2;TRPV2;CMTM3;IFFO1;MEF2C;ELOVL5,anal_pc5_c21_S1.filtered.gene_spectra_score.k_3.dt_0_01.txt
3,2,SATB2_LRRC7_POSITIVE,-0.7700003339332689,0.7925764192139738,0.9223296677491503,prerank,-0.26952060712348697,1.0,5/20,25.48%,NFIX;BCL6;TMEM158;B4GALNT4;TAF7L,anal_pc5_c21_S1.filtered.gene_spectra_score.k_3.dt_0_01.txt
3,2,SPLEEN_MEGAKARYOCYTES,0.7534612296488683,0.8964912280701754,0.9921385275834188,prerank,0.22344115811316598,1.0,8/53,12.78%,LAT;RASA3;PLEK;NBEAL2;CD226;RAB37;SLC2A3;F13A1,anal_pc5_c21_S1.filtered.gene_spectra_score.k_3.dt_0_01.txt
3,2,CHON2,-0.7447122859447814,0.8553459119496856,0.9448015039232649,prerank,-0.2521993762386099,1.0,11/23,30.52%,PITX1;ID4;LCN2;RND3;MYLK;GDF15;CITED4;SERPINE2;CCND1;FGF2;TNNT1,anal_pc5_c21_S1.filtered.gene_spectra_score.k_3.dt_0_01.txt
3,2,GMP,0.7402193356017096,0.8449905482041588,0.9990185892672498,prerank,0.2668966738745019,1.0,5/21,17.32%,NKG7;CST7;FKBP11;TRGC1;RGL4,anal_pc5_c21_S1.filtered.gene_spectra_score.k_3.dt_0_01.txt
3,2,CEREBELLUM_PURKINJE_NEURONS,0.7355098713976844,0.8549905838041432,0.9965720498774597,prerank,0.28303154803643205,1.0,2/17,9.82%,RORA;ITPR1,anal_pc5_c21_S1.filtered.gene_spectra_score.k_3.dt_0_01.txt
3,2,MARROW_CD34_POS_PRE_PC,0.731117486541146,0.8833619210977701,0.9939138438297751,prerank,0.22673298522776505,1.0,9/40,19.78%,LAPTM5;S1PR4;SARDH;SYNE3;GBP4;TP53INP1;ERO1B;SH3TC1;STAG3,anal_pc5_c21_S1.filtered.gene_spectra_score.k_3.dt_0_01.txt
3,2,LENS_FIBRE,0.7290019435059703,0.9018302828618968,0.9891362949694975,prerank,0.2230697712779481,1.0,11/41,21.48%,HSPA6;LPIN1;HERC4;KMO;STAMBPL1;CCDC159;NMRK1;C12orf42;GPR137B;RASGRF1;UPP1,anal_pc5_c21_S1.filtered.gene_spectra_score.k_3.dt_0_01.txt
3,2,HEART_RIGHT_ATRIAL_CARDIOMYOCYTE,-0.719774240822048,0.8619246861924686,0.9612382470664302,prerank,-0.267217713089739,1.0,7/16,28.12%,EFNB1;CDKN1A;CAV1;NES;PAM;CITED4;DES,anal_pc5_c21_S1.filtered.gene_spectra_score.k_3.dt_0_01.txt
3,2,SATELLITE,-0.7191175516512446,0.8741573033707866,0.9595034957768082,prerank,-0.2540998548755704,1.0,6/20,29.18%,MATN2;COL15A1;DMRT2;GLT8D2;MEST;ITGA7,anal_pc5_c21_S1.filtered.gene_spectra_score.k_3.dt_0_01.txt
3,2,CHOROID_SCLERA_MELANOCYTES,-0.7166644149865742,0.8703296703296703,0.9589010881504613,prerank,-0.2624866010054529,1.0,3/16,17.22%,ERBB3;NET1;KLHL21,anal_pc5_c21_S1.filtered.gene_spectra_score.k_3.dt_0_01.txt
3,2,THY1_POS_OPC,0.691151159349219,0.8833333333333333,1.0,prerank,0.2615712220702739,1.0,4/15,15.26%,ELMO1;ITM2A;GPR155;LRRK2,anal_pc5_c21_S1.filtered.gene_spectra_score.k_3.dt_0_01.txt
3,2,TM4SF4_POS_CHODL_POS_NEURON,-0.6704487493581169,0.9072847682119205,0.9790315996026218,prerank,-0.23298059092722848,1.0,7/20,31.24%,PLEKHA6;ARHGEF28;EPS8L1;TSHZ3;SYNPO2;NDUFA4L2;SGIP1,anal_pc5_c21_S1.filtered.gene_spectra_score.k_3.dt_0_01.txt
3,2,CD16_POS_NK,0.6621605761779374,0.9061913696060038,1.0,prerank,0.2603075352720117,1.0,8/15,25.60%,GZMH;FCRL6;RASSF4;GZMB;GNLY;CX3CR1;FGFBP2;LAIR2,anal_pc5_c21_S1.filtered.gene_spectra_score.k_3.dt_0_01.txt
3,2,MEGAKARYOCYTE_ERYTHROID_PROGENITOR,0.6616674181763719,0.9554794520547946,1.0,prerank,0.20292599609894615,1.0,7/43,13.12%,TRIB2;EMP3;CD40LG;PIP4K2A;CSF2RB;S100A4;STAM,anal_pc5_c21_S1.filtered.gene_spectra_score.k_3.dt_0_01.txt
3,2,CEREBRUM_OLIGODENDROCYTES,0.631939987615429,0.9498269896193772,1.0,prerank,0.218624413830935,1.0,5/24,18.64%,KLRK1;FCRLA;KLRC4;KLRC3;TNR,anal_pc5_c21_S1.filtered.gene_spectra_score.k_3.dt_0_01.txt
3,2,LATE_PRO_B,-0.6157047729235334,0.9574468085106383,0.9913457088203429,prerank,-0.2342835864558613,1.0,1/15,0.50%,GSN,anal_pc5_c21_S1.filtered.gene_spectra_score.k_3.dt_0_01.txt
3,2,INTESTINE_ERYTHROBLASTS,0.6073882040084279,0.9849498327759197,1.0,prerank,0.18449395713680672,1.0,16/49,28.70%,SNX22;TSPAN32;KCNN4;EPB41;TANGO2;SLC14A1;GBGT1;CHST2;ACSL6;TCP11L2;GYPE;TFR2;CPEB4;NFE2;PIM1;MYO18B,anal_pc5_c21_S1.filtered.gene_spectra_score.k_3.dt_0_01.txt
3,2,CLC_IL5RA_POSITIVE,0.585796465844698,0.9737827715355806,1.0,prerank,0.2102352094880996,1.0,10/23,29.44%,PPM1M;PEAK3;ZSCAN2;HDC;SLC5A5;NLRP12;OSM;PDE6G;LIG4;CDK15,anal_pc5_c21_S1.filtered.gene_spectra_score.k_3.dt_0_01.txt
3,2,PDE11A_FAM19A2_POSITIVE,-0.5672436272375242,0.9798206278026906,0.9952475867643387,prerank,-0.1835544833132288,1.0,26/26,81.76%,PCDH7;RGS5;FILIP1L;SNAP25;CACNB4;ADAMTS18;SEMA3A;DAAM1;RGS4;MEGF10;RELN;KCNAB1;CABP1;GABRD;GRIN2A;NSG2;PCDHA10;SYT6;HLF;LTK;PCDH9;RASGEF1B;CCDC88A;ERCC6;HDC;KLHL14,anal_pc5_c21_S1.filtered.gene_spectra_score.k_3.dt_0_01.txt
3,2,GANGLION,0.5623111390794454,0.9717314487632509,1.0,prerank,0.22213446042070167,1.0,2/15,11.20%,RAB37;EOMES,anal_pc5_c21_S1.filtered.gene_spectra_score.k_3.dt_0_01.txt
3,2,SLC26A4_PAEP_POSITIVE,0.48523838480750053,1.0,0.9991845358340901,prerank,0.17206030150753743,1.0,25/25,82.88%,ZNF683;SPATC1;ABCG1;TMEM86A;ZC3H12A;SPAG4;SCART1;SPATA22;DTX3;CREM;IL1A;RXYLT1;TNFRSF10C;PNPLA2;VMO1;SLC26A4;SHOC1;CCN3;PPP1R9A;DPH6;CACNB2;CACNA1D;KNSTRN;EPHA4;CEP55,anal_pc5_c21_S1.filtered.gene_spectra_score.k_3.dt_0_01.txt
3,3,INTESTINE_ADULT_CI_MESENCHYMAL,-3.5711996377091517,0.0,0.0,prerank,-0.74080394845513,0.0,204/261,19.32%,LSP1;CORO1A;WIPF1;LAPTM5;ACAP1;TMC8;ARHGAP15;IKZF1;ITGAL;TCF4;ARHGAP4;SEPTIN1;LIMD2;DOCK2;CD53;COL18A1;IL16;LAMA5;SLC12A4;ANKRD44;ZEB2;HCLS1;ARHGAP9;PTPRS;TBC1D10C;TRAF3IP3;ST8SIA4;LCP1;CHST11;NLRP1;ARHGDIB;RASAL3;ARHGAP30;SASH3;GPR15;PARVG;SRGN;ITGA4;MYO1G;CD37;CD2;APBB1IP;CD79A;CYTH4;PTPRC;ADA2;ANXA6;FYB1;ENO2;ADAM28;CYTIP;FCMR;PLEKHO1;SEPTIN6;ZAP70;ITGB2;ADAM19;CD27;FGD2;ITGB7;IL10RA;CD52;SPOCK2;CCDC69;MAP4K1;DOCK8;EMP3;CD3E;CCDC88A;INPP5D;PHGDH;GLIPR1;RCSD1;SP140;NCKAP1L;SFMBT2;FYN;KLHL6;GPSM3;GIMAP4;TRIB2;POU2AF1;ABI3;PPP1R16B;CLIP4;CHST15;KCNAB2;ATP8B2;CD3D;RASA3;PTPN7;IL7R;PECAM1;S100A4;SKAP1;SLAMF7;SLA;TNFRSF17;LCK;CSGALNACT2;TNFRSF18;MZB1;RELT;TNFRSF13B;CDK14;PRKCB;EVI2B;RHOQ;TRPV2;SLAMF1;GLCCI1;NCF4;CD48;ST3GAL1;BLK;IFFO2;CD300A;ARHGAP25;FCRL2;TNS1;ALOX5;RUNX2;CEP85L;DOK2;FGL2;CYBB;P2RX5;ADAM8;GPR183;CD19;POU2F2;CLEC2B;ZEB1;SELPLG;RASSF5;GMFG;THEMIS2;CERCAM;RHOH;ELMO1;APOBEC3G;SLC1A4;C16orf54;CD79B;LY9;CSF2RB;WAS;MX2;P2RY10;SUSD3;IGFLR1;AIM2;IRF4;NFATC1;DERL3;ALOX5AP;FRMD6;NKG7;CDKN2A;CEP128;BASP1;KCNA3;FLT3LG;ITGA8;CST7;IL12RB1;OAS2;PDK1;CAV1;PRDM1;STAT4;TP53INP1;ADGRG5;ZBP1;CD7;NIBAN1;HVCN1;ISG20;FCRL5;WNT10A;TMEM156;SIT1;SEC14L1;RASGRP3;EVI2A;EAF2;GNG2;IGF1;TAGAP;HOMER3;EMB;CD69;ICAM1;LILRB1;HHEX;IL27RA;COL4A4;MEF2C;RUNX3;SLC7A7;RGS1;BTK;UAP1L1;OSR2,anal_pc5_c21_S1.filtered.gene_spectra_score.k_3.dt_0_01.txt
3,3,INTESTINE_ADULT_CJ_IMMUNE,-3.3276901836855437,0.0,0.0,prerank,-0.6447440822644235,0.0,288/381,28.74%,COL6A2;FBLN1;COL5A1;COL6A1;C1R;C1S;TCF4;COL3A1;CXCL14;COL1A2;FLNA;COL18A1;FGFR1;LAMA5;SLC12A4;TGFBI;ZEB2;A2M;OBSCN;PTPRS;COL4A2;CHST11;SPARC;DCN;DPYSL3;COL6A3;FSTL1;LUM;COL1A1;PXDN;ETS1;ANXA6;SERPINF1;ADAM28;MXRA7;CALD1;AEBP1;ANTXR1;MAF;MFGE8;VCAN;MFAP4;FBN1;DKK3;ADAM19;NID1;MMP2;CXCL12;GLI3;COL4A1;COL4A5;TBX2;EMILIN1;TIMP2;EFEMP1;LAMA4;LIMS2;PHGDH;CD4;MRC2;COL14A1;ITIH5;COL5A2;FKBP10;IGFBP7;RBP1;HTRA1;PPP1R16B;PCOLCE;ENG;LAMB2;IGFBP5;ITGA5;EHD2;RIPOR1;CSF1;NOTCH3;APOE;ADGRA2;PECAM1;BMP4;GJA1;PDLIM7;TNFAIP2;MAPK10;MXRA8;TSHZ2;ADAMDEC1;ABCA8;ACKR3;RFTN1;GIMAP7;ITPR1;MXRA5;MYL9;PTN;TRPV2;TFPI;CDH11;LAMC1;CDH13;PMP22;ADAM33;LBH;CFH;TPM2;THY1;DCHS1;RBMS3;PCDH18;A4GALT;COL15A1;TNS1;FOXF1;ABI3BP;FXYD6;RBPMS;SPARCL1;BGN;SDC2;SERPING1;TIMP3;CAVIN1;HS6ST1;PDGFRB;PLXND1;ZEB1;CRISPLD2;WNT5A;LTBP2;FBLN5;SNAI2;ELMO1;ACTA2;TNS2;KIRREL1;MX2;GGT5;SDC3;PITX1;CLMP;MGP;NRP1;ANGPTL2;CD93;CCDC80;FAM20C;FRMD6;SFRP1;GIMAP6;CCL11;MAP1B;MCTP1;ZCCHC24;CCDC102B;TSPAN11;IL1R1;CYGB;TSHZ3;CAV1;ACSL4;TSPAN4;NFATC4;WWTR1;PDLIM4;OLFML2A;RAB8B;GIMAP8;PDPN;SULF1;OLFML3;HEG1;PDGFRA;AXL;MCAM;NNMT;PAPPA;EFEMP2;SCARF2;PLEK;LHFPL6;COL12A1;CPED1;CDH5;SNED1;IGFBP3;PLAU;ADAMTS1;LIFR;CCL2;UNC5C;TMTC1;ISYNA1;RBP5;TSPAN2;FGD5;ANXA1;ADH1B;EMID1;SCARA5;ARHGEF17;COL5A3;JAM3;GPC6;COLEC12;THBD;IFI44L;MAMDC2;CSPG4;NES;MSRB3;IGDCC4;ZNF521;TMEM119;VWF;CALCRL;EGFL7;NSG1;NUAK1;SLC15A3;PTPRM;TGM2;PAM;CRIP2;KIAA1755;SLC7A2;MMRN2;SYNPO2;SLC2A3;CLDN5;LRRC32;C11orf96;FHL1;MMP11;GPX3;PTGS1;RAMP3;CLEC11A;SOX6;NEGR1;KIFC3;ITGA11;FRY;CAVIN2;PINLYP;RAMP2;PDE1C;PREX2;PPP1R14A;GBP4;SOBP;MMP19;CD34;LAMC3;SPON2;ISLR;EDNRB;ARHGAP29;CD36;PLVAP;TMEM47;GUCY1A1;GNG11;LMOD1;CYYR1;ITGA1;FOXQ1;CAV2;COL4A6;ADGRL3;CLEC14A;CNRIP1;TMEM273;OLFM1;SYNM;ALDH1A3;FILIP1L;TMEM204;LOX;PLAT;ECSCR;FST;FAM13C;TEK;RHOJ;LRRN3;RASIP1;GLIS2,anal_pc5_c21_S1.filtered.gene_spectra_score.k_3.dt_0_01.txt
3,3,CTX_BIG_GROUPS_BRAIN_IMMUNE,-3.0857970248998217,0.0,0.0,prerank,-0.7126783530110319,0.0,77/97,19.62%,LSP1;ARHGEF1;CORO1A;ACAP1;AKNA;TMC8;ARHGAP15;ITGAL;SEPTIN1;LIMD2;IL16;RAC2;ARHGAP45;LTB;HCLS1;ARHGAP9;TBC1D10C;CD74;LCP1;CLEC2D;ARHGDIB;SRGN;SYTL1;CD37;UCP2;ETS1;PTPRC;STK17B;FYB1;CYTIP;FCMR;CD96;ITGB2;RNF213;CD52;PTPN6;EMP3;CD3E;RCSD1;GPSM3;TSC22D3;GIMAP4;ABI3;RIPOR2;KLF2;S100A4;BIN2;SKAP1;SP110;SELL;LCK;GIMAP7;EVI2B;STK10;CD48;SP100;DOK2;UTRN;CLEC2B;GMFG;RHOH;LY9;ICAM3;FERMT3;PIP4K2A;IL2RG;CD7;BTN3A2;ISG20;IL32;TAGAP;CD69;ANXA1;GZMA;IFITM2;SH2D1A;HCST,anal_pc5_c21_S1.filtered.gene_spectra_score.k_3.dt_0_01.txt
3,3,B_T,-3.005455984928549,0.0,0.0,prerank,-0.6878997770783513,0.0,93/123,21.00%,EVL;LSP1;ARHGEF1;CORO1A;WIPF1;LAPTM5;ACAP1;TMC8;ARHGAP15;ITGAL;SEPTIN1;LIMD2;CD53;IL16;RAC2;ARHGAP45;LTB;HCLS1;ARHGAP9;TBC1D10C;LCP1;CLEC2D;ARHGDIB;ARL4C;CXCR4;SASH3;SRGN;CD37;UCP2;ETS1;PTPRC;STK17B;FYB1;CYTIP;FCMR;SEPTIN6;CD96;ZAP70;ITGB2;RNF213;CD52;PIM2;SPOCK2;STK4;CD3E;LPXN;LAT;GPSM3;TSC22D3;GIMAP4;CD3D;RIPOR2;TCF7;IL7R;BIN2;SKAP1;SELL;LCK;GIMAP7;ITK;CD48;CCL5;IL2RB;GPR183;CLEC2B;GMFG;RHOH;CD247;NKG7;PIP4K2A;CST7;IL2RG;TNFAIP3;CD7;PIK3IP1;ISG20;IL32;GNG2;CD3G;PRKCH;TAGAP;CD69;RUNX3;GZMA;RGS1;IFITM2;SH2D1A;HCST;PRF1;PTPN22;GPR65;SAMD3;SAMSN1,anal_pc5_c21_S1.filtered.gene_spectra_score.k_3.dt_0_01.txt
3,3,LYMPHOID,-2.8456563236670895,0.0,0.0,prerank,-0.5825957510919062,0.0,160/238,28.10%,ARHGEF1;CORO1A;TMC8;SEPTIN1;LIMD2;RAC2;LTB;ARHGAP9;FMNL1;TBC1D10C;TRAF3IP3;ARHGDIB;RASAL3;ARL4C;CXCR4;SASH3;MYO1G;CD37;CD2;CD79A;RASGRP2;STK17B;CYTIP;TRBC2;FCMR;CD96;ZAP70;ADAM19;CD27;ITGB7;IGKC;CD52;DGKA;IKZF3;JCHAIN;MAP4K1;MS4A1;CD3E;LAT;STK17A;GPSM3;POU2AF1;PARP15;CD3D;RIPOR2;TCF7;PTPN7;CD6;IL7R;CD22;SKAP1;SP110;SELL;CARD11;LCK;MZB1;GIMAP7;TNFRSF13B;SLAMF1;PYHIN1;THEMIS;ITK;CD48;BLK;RASGRP1;FCRL2;TIGIT;IL2RB;SLAMF6;P2RX5;CCR4;CD19;AGAP2;PAX5;CCR6;NIBAN3;CD28;FCRL1;GBP5;GRK6;RHOH;CD5;CD79B;LY9;P2RY10;BCL11B;CD8A;IRF4;CD247;MFNG;ALOX5AP;ICAM3;NKG7;KLRK1;CXCR5;FLT3LG;SIRPG;CST7;GIMAP2;OAS2;STAT4;IL2RG;IL21R;ZBP1;CD7;BTN3A2;CCR7;ISG20;FCRL5;TMEM156;SIT1;GPR174;TESPA1;IL32;DTX1;CD3G;TAGAP;EBF1;CD69;SLFN12L;ICOS;TNFRSF25;RUNX3;GZMA;CNR2;FCRL3;SH2D1A;MYBL1;PRF1;GPR171;CXCR3;S1PR4;SAMD3;PRKCQ;UBASH3A;SH2D2A;LAX1;CD40LG;IL2RA;CXCR6;GZMK;TRAT1;APOBEC3D;FOXP3;SHISAL2A;STAP1;SCML4;CD72;GZMM;CTLA4;FCRLA;GPR18;TRGC2;CXorf65;LEF1;ZNF831;MATK;TXK;GATA3;KLRC4,anal_pc5_c21_S1.filtered.gene_spectra_score.k_3.dt_0_01.txt
3,3,CL12_T_LYMPHOCYTE_NK,-2.779631879067696,0.0,0.0,prerank,-0.69436954772157,0.0,45/65,16.98%,CORO1A;WIPF1;LAPTM5;CD53;LTB;CLEC2D;ARHGDIB;TRAC;CXCR4;SRGN;CD2;PTPRC;CYTIP;TRBC2;CD52;SPOCK2;STK4;EMP3;GLIPR1;CLDND1;FYN;FNBP1;STK17A;TRBC1;TSC22D3;CD3D;CD6;IL7R;S100A4;RORA;GIMAP7;EVI2B;TSPYL2;CCL5;GPR183;ALOX5AP;PBXIP1;CST7;IL2RG;TNFAIP3;CD7;ISG20;IL32;EVI2A;CD69,anal_pc5_c21_S1.filtered.gene_spectra_score.k_3.dt_0_01.txt
3,3,OLFACTORY_NEUROEPITHELIUM_CD8_T,-2.7627225609335677,0.0,0.0,prerank,-0.7071810947386171,0.0,53/67,19.90%,EVL;LSP1;CORO1A;LAPTM5;ACAP1;RAC2;TBC1D10C;TRAF3IP3;LCP1;CLEC2D;ARHGDIB;ARL4C;TRAC;CXCR4;CD2;PTPRC;STK17B;FYB1;CYTIP;TRBC2;CD96;CD52;STK4;CD3E;STK17A;TRBC1;TSC22D3;CD3D;JAML;IL7R;RORA;LCK;CD48;CCL5;GMFG;CD8A;ALOX5AP;NKG7;CST7;IL2RG;TNFAIP3;CD7;CKLF;SYTL3;IL32;CD3G;TAGAP;CD69;RUNX3;GZMA;RGS1;HCST;PTPN22,anal_pc5_c21_S1.filtered.gene_spectra_score.k_3.dt_0_01.txt
3,3,KIDNEY_LYMPHOID,-2.6994613477297453,0.0,0.0,prerank,-0.6166157480604105,0.0,97/143,24.24%,ACAP1;SEPTIN1;LTB;CXCR4;SASH3;CARMIL2;MYO1G;CD2;CD79A;TRBC2;FCMR;ZAP70;CD27;IGKC;CD52;DGKA;IKZF3;MS4A1;CD3E;STK17A;POU2AF1;CD3D;SLFN5;TCF7;IL7R;SKAP1;LCK;TNFRSF18;SLAMF1;PYHIN1;THEMIS;ITK;BLK;RASGRP1;FCRL2;TIGIT;IL2RB;SLAMF6;P2RX5;CD19;PAX5;CCR6;NIBAN3;FCRL1;CCDC141;RHOH;APOBEC3G;C16orf54;CD5;CD79B;LY9;P2RY10;BCL11B;CD8A;CD247;PBXIP1;NKG7;GPR68;CXCR5;FLT3LG;SIRPG;CST7;TTN;IL2RG;IL21R;CD7;CCR7;ISG20;FCRL5;SIT1;TESPA1;CD3G;TNFSF14;CD69;ZNF101;PLEKHF1;SLFN12L;BICDL1;ICOS;RUNX3;GZMA;CNR2;FCRL3;SH2D1A;PRF1;PTPN22;GPR171;S1PR4;SAMD3;SH2D2A;LAX1;IL2RA;GZMK;TRAT1;FOXP3;SHISAL2A;NELL2,anal_pc5_c21_S1.filtered.gene_spectra_score.k_3.dt_0_01.txt
3,3,CTX_BRAIN_NAIVE_LIKE_T,-2.69855564557174,0.0,0.0,prerank,-0.6324990421438119,0.0,81/110,20.86%,LSP1;ARHGEF1;CORO1A;ACAP1;ARHGAP15;SEPTIN1;LIMD2;IL16;RAC2;LTB;TBC1D10C;TRAF3IP3;CLEC2D;ARHGDIB;ARL4C;CXCR4;SYTL1;CD2;ETS1;PTPRC;STK17B;CYTIP;FCMR;FGD3;SEPTIN6;CD96;ZAP70;CD27;CD52;DGKA;PIM2;STK4;EMP3;CD3E;LAT;GPSM3;TSC22D3;GIMAP4;CD3D;RIPOR2;TCF7;CD6;JAML;IL7R;SKAP1;SELL;LCK;GIMAP7;THEMIS;ITK;CD48;GMFG;RHOH;C16orf54;CD5;LY9;CYFIP2;ICAM3;FLT3LG;SMC4;IL2RG;TNFAIP3;CD7;GBP2;BTN3A2;PIK3IP1;CCR7;ISG20;TESPA1;IL32;CD3G;PRKCH;CD69;IL27RA;ICOS;ANXA1;SH2D1A;GPR171;CAMK4;SAMD3;MTERF4,anal_pc5_c21_S1.filtered.gene_spectra_score.k_3.dt_0_01.txt
3,3,SPLEEN_LYMPHOID,-2.6782475557695977,0.0,0.0,prerank,-0.6147511193861603,0.0,63/93,19.90%,ACAP1;SYTL1;CD37;CD2;CD79A;FCMR;CD96;CD27;IGKC;CD52;IKZF3;MS4A1;SP140;STK17A;POU2AF1;PARP15;CD3D;PLCG2;CD22;CARD11;LCK;MZB1;TNFRSF13B;SLAMF1;PYHIN1;THEMIS;BLK;RASGRP1;FCRL2;ALOX5;TIGIT;TNFRSF13C;IL2RB;SLAMF6;PAX5;CCR6;NIBAN3;FCRL1;RHOH;CD5;LY9;P2RY10;BCL11B;CD8A;CD247;CYFIP2;ALOX5AP;CXCR5;SIRPG;ADGRG5;TLR10;TMEM154;CCR7;FCRL5;DTX1;CD3G;TAGAP;EMB;LARGE2;CNR2;FCRL3;SH2D1A;PTPN22,anal_pc5_c21_S1.filtered.gene_spectra_score.k_3.dt_0_01.txt
3,3,NK_NKT,-2.617255290012446,0.0,0.0,prerank,-0.5230344594275579,0.0,183/308,24.92%,EVL;CORO1A;WIPF1;LAPTM5;AKNA;TMC8;IKZF1;ITGAL;FLNA;ATM;CD53;TGFBI;ZEB2;RAC2;ARHGAP45;LTB;HCLS1;ARHGAP9;TBC1D10C;LCP1;CLEC2D;ARHGDIB;RASAL3;ARL4C;ARHGAP30;TRAC;CXCR4;SASH3;SRGN;CELF2;CD37;CD2;ETS1;PTPRC;ADA2;RESF1;STK17B;FYB1;CYTIP;PDE7A;TRBC2;SAMHD1;FCMR;MAF;VCAN;CD96;ITGB2;CD52;DGKA;IKZF3;PIM2;SPOCK2;STK4;SEMA4D;PTPN6;CD3E;CCDC88A;FYN;FNBP1;STK17A;TRBC1;TSC22D3;NLRC5;SMCHD1;CD3D;SLFN5;KLF2;MPEG1;TCF7;CD6;JAML;IL7R;S100A4;BIN2;TNFAIP2;SLAMF7;SLA;RORA;LCK;GIMAP7;PRKCB;EVI2B;SMAP2;STK10;PYHIN1;THEMIS;ITK;CD48;CCL5;RASGRP1;ARHGAP25;ALOX5;TIGIT;RUNX2;FGL2;IL2RB;CYBB;SLAMF6;P2RX5;GPR183;POU2F2;RASSF5;GBP5;RHOH;APOBEC3G;BCL11B;PTK2B;CD8A;CD247;CYFIP2;TNFRSF1B;ALOX5AP;BTG2;PBXIP1;NKG7;KLRK1;AOAH;PIP4K2A;SIRPG;CST7;PRDM1;IL2RG;TNFAIP3;CD7;NIBAN1;PIK3IP1;CCR5;ISG20;SYTL3;FGR;IL32;EVI2A;PLEK;GNG2;CD3G;PITPNC1;PRKCH;BCL2;TAGAP;EMB;HSPA6;CD69;LYST;IPCEF1;LILRB1;MS4A7;IRAK3;ANXA1;RUNX3;SLC7A7;GZMA;RGS1;CSF1R;SH2D1A;KLRG1;HCST;MYBL1;PRF1;PTPN22;GPR171;PMAIP1;CAMK4;PRKCQ;SAMSN1;CBLB;MAFB;SH2D2A;CD163;SCIMP;CD40LG;CLEC7A;CXCR6;GZMK;TRAT1;CD83;ITGAX;C3AR1;TENT5C;PHACTR1;RILPL2;HCK;SCML4;SPON2,anal_pc5_c21_S1.filtered.gene_spectra_score.k_3.dt_0_01.txt
3,3,CD4_MEMORY_EFFECTOR_T,-2.6170822520945825,0.0,0.0,prerank,-0.7340831537029502,0.0,41/47,20.60%,EVL;CORO1A;ARHGAP15;SEPTIN1;TRAF3IP3;CLEC2D;CD2;ETS1;CD96;TTC39C;IL10RA;CD52;SPOCK2;CD3E;CD3D;SLFN5;CD6;IL7R;SKAP1;RORA;LCK;GIMAP7;SLAMF1;ITK;RASGRP1;GPR183;CCR6;CD28;CD5;SUSD3;BCL11B;ICAM3;PBXIP1;PRDM1;IL2RG;SIT1;IL32;ICOS;TNFRSF25;HNRNPLL;CRIP2,anal_pc5_c21_S1.filtered.gene_spectra_score.k_3.dt_0_01.txt
3,3,CL4_T_LYMPHOCYTE_NK,-2.6062742650709723,0.0,0.0,prerank,-0.603781441438948,0.0,62/97,23.12%,LSP1;CORO1A;WIPF1;LAPTM5;AKNA;FLNA;LIMD2;CD53;LCP1;CLEC2D;ARHGDIB;TRAC;CXCR4;SRGN;CD37;CD2;PTPRC;CYTIP;TRBC2;ITGB2;CD52;SPOCK2;STK4;EMP3;CD3E;FYN;FNBP1;TRBC1;TSC22D3;CD3D;S100A4;GIMAP7;CCL5;DOK2;CHST12;APOBEC3G;CD247;TNFRSF1B;ALOX5AP;NKG7;CST7;IL2RG;CD7;ISG20;IL32;GNG2;CD69;ARID5A;ANXA1;RUNX3;GZMA;HMGB2;IFITM2;HCST;PRF1;S1PR4;ITM2A;SAMSN1;SH2D2A;BIRC3;GZMK;PSMB9,anal_pc5_c21_S1.filtered.gene_spectra_score.k_3.dt_0_01.txt
3,3,INTESTINE_LYMPHOID,-2.5947542400119974,0.0,0.0,prerank,-0.5813818902103692,0.0,87/129,28.04%,ACAP1;SEPTIN1;LTB;TBC1D10C;SYTL1;MYO1G;CD2;CD79A;PDE7A;TRBC2;CD96;ZAP70;CD52;IKZF3;MS4A1;CD3E;NLRC3;CD3D;TCF7;PTPN7;CD6;IL7R;SKAP1;CARD11;LCK;TNFRSF18;SLAMF1;PYHIN1;THEMIS;ITK;BLK;IL2RB;SLAMF6;CCR4;PAX5;ZBTB16;GBP5;CD5;CD79B;LY9;CD8A;CD247;NKG7;KLRK1;GPR68;CXCR5;SIRPG;CST7;STAT4;IL2RG;IL21R;CD7;CCR7;SIT1;TESPA1;CD3G;CD69;PLEKHF1;SLFN12L;COL4A4;ICOS;GZMA;SH2D1A;PRF1;PTPN22;GPR171;CXCR3;S1PR4;SLA2;UBASH3A;SH2D2A;LAX1;CD40LG;IL2RA;CXCR6;GZMK;TRAT1;JMY;SHISAL2A;STAP1;SCML4;GZMM;GPR18;TRGC2;MATK;TXK;GATA3,anal_pc5_c21_S1.filtered.gene_spectra_score.k_3.dt_0_01.txt
3,3,FIBROBLAST,-2.561211006479652,0.0,0.0,prerank,-0.5796514739944646,0.0,66/133,16.12%,LSP1;COL6A2;COL5A1;COL6A1;C1R;COL1A2;TGFBI;ZEB2;LTBP4;ARL4C;COL6A3;COL1A1;STK17B;SERPINF1;CALD1;AEBP1;ANTXR1;VCAN;FBN1;DKK3;EMILIN1;FMNL3;LAMA4;ARID5B;HTRA1;PCOLCE;RIPOR1;CSF1;NOTCH3;ADGRA2;BMP4;S100A4;MXRA8;RFTN1;MXRA5;CDH11;THY1;RUNX1;THBS2;RBMS3;PCDH18;VCAM1;SPARCL1;SERPING1;PRRX1;TNC;KLF12;SCARA3;FLRT2;GGT5;CD248;CLMP;FRMD6;BASP1;TSPAN11;IL1R1;LOXL1;SOX4;OLFML2A;TAGLN;SULF1;OLFML3;AXL;NNMT;CTSK;COL12A1,anal_pc5_c21_S1.filtered.gene_spectra_score.k_3.dt_0_01.txt
3,3,CTX_BRAIN_B,-2.5611926282588957,0.0,0.0,prerank,-0.6692669513874994,0.0,47/64,17.42%,LSP1;CORO1A;ACAP1;ARHGAP15;SEPTIN1;LIMD2;RAC2;LTB;CD74;CLEC2D;CXCR4;SYTL1;CD37;CD79A;CYTIP;FCMR;SEPTIN6;CD52;IKZF3;PIM2;MS4A1;PTPN6;SP140;ARID5B;RIPOR2;CD22;SP110;MZB1;CD48;BANK1;FCRL2;ALOX5;UTRN;P2RX5;CD19;PAX5;NIBAN3;FCRL1;RHOH;CD79B;LY9;TTN;IL2RG;ISG20;EBF1;CD69;SWAP70,anal_pc5_c21_S1.filtered.gene_spectra_score.k_3.dt_0_01.txt
3,3,ADRENAL_LYMPHOID,-2.551374929113427,0.0,0.0,prerank,-0.5774135819097194,0.0,90/133,22.76%,ACAP1;SEPTIN1;LTB;TBC1D10C;TRAF3IP3;SYTL1;MYO1G;CD2;CD79A;CYTIP;TRBC2;FCMR;CD96;CCDC88C;ZAP70;CD27;IGKC;CD52;IKZF3;JCHAIN;MS4A1;CD3E;CD3D;SLFN5;TCF7;IL7R;SKAP1;SLAMF7;SELL;CARD11;LCK;MZB1;SLAMF1;PYHIN1;THEMIS;ITK;BLK;RASGRP1;FCRL2;TIGIT;IL2RB;SLAMF6;P2RX5;ADAM8;CD19;PAX5;CCR6;NIBAN3;FCRL1;GBP5;RHOH;CD5;CD79B;LY9;P2RY10;CD8A;IRF4;CD247;NKG7;KLRK1;CXCR5;CST7;IL2RG;CD7;TMEM154;CCR7;ISG20;FCRL5;SYTL3;SIT1;IL32;CD3G;SLFN12L;COL4A4;ICOS;RUNX3;GZMA;FCRL3;SH2D1A;MYBL1;PRF1;PTPN22;GPR171;SPTSSB;UBASH3A;SH2D2A;LAX1;BIRC3;IL2RA;GZMK,anal_pc5_c21_S1.filtered.gene_spectra_score.k_3.dt_0_01.txt
3,3,T,-2.528836023030923,0.0,0.0,prerank,-0.5583352982346226,0.0,95/147,20.76%,EVL;CORO1A;FBLN1;ACAP1;COL6A1;C1R;C1S;LIMD2;LTBP4;LTB;CLEC2D;ARHGDIB;DCN;TRAC;COL6A3;CXCR4;CD37;CD2;LUM;COL1A1;ETS1;PTPRC;CYTIP;TRBC2;AEBP1;MFGE8;MFAP4;CD96;TTC39C;CD27;CD52;TBX2;SPOCK2;STK4;CD3E;CLDND1;COL14A1;FYN;FAM43A;FNBP1;STK17A;TRBC1;GIMAP4;CD3D;IGFBP5;IL7R;SKAP1;MXRA8;ABCA8;RORA;LCK;GIMAP7;CDH11;LBH;CFH;CD48;CCL5;TIGIT;DOK2;SPARCL1;TIMP3;CAVIN1;RHOH;APOBEC3G;CD8A;CD247;CCDC80;BTG2;PBXIP1;NKG7;CST7;IL2RG;CD7;FGF7;PDGFRA;MCAM;IL32;COL12A1;GNG2;CD3G;CD69;LYST;LIFR;ISYNA1;GZMA;SH2D1A;BATF;VWF;ADIRF;PRF1;GPR65;CRIP2;SLC7A2;ITM2A;MMRN2,anal_pc5_c21_S1.filtered.gene_spectra_score.k_3.dt_0_01.txt
3,3,OLFACTORY_NEUROEPITHELIUM_CD4_T,-2.5128938411157207,0.0,0.0,prerank,-0.8003103160813118,0.0,27/29,16.98%,CORO1A;ACAP1;LTB;CLEC2D;ARHGDIB;TRAC;CXCR4;CD2;PTPRC;FYB1;TRBC2;CD52;STK4;CD3E;TRBC1;TSC22D3;CD3D;IL7R;RORA;CD48;GPR183;GMFG;TNFAIP3;IL32;CD3G;TAGAP;CD69,anal_pc5_c21_S1.filtered.gene_spectra_score.k_3.dt_0_01.txt
3,3,PLACENTA_LYMPHOID,-2.5081204279426363,0.0,0.0,prerank,-0.556734114144878,0.0,81/119,24.22%,AKNA;SEPTIN1;LTB;TBC1D10C;TRAF3IP3;RASAL3;CARMIL2;MYO1G;CD2;CD79A;TRBC2;DENND1C;CD96;ZAP70;CD27;ITGB7;IGKC;CD52;IKZF3;PIM2;JCHAIN;CD3E;PSTPIP1;TXNDC5;POU2AF1;NLRC3;CD3D;PTPN7;CD6;CARD11;LCK;TNFRSF18;MZB1;TRAF5;THEMIS;ITK;RASGRP1;TIGIT;SLAMF6;IGHA1;VAMP1;RHOH;CD5;CD79B;BCL11B;CD8A;IRF4;CD247;ALOX5AP;NKG7;CDKN2A;ITGA8;SIRPG;CST7;ADGRG5;IL2RG;ZBP1;CD7;ISG20;FCRL5;CD38;IL32;CD3G;CD69;SLFN12L;RUNX3;GZMA;SH2D1A;PLCH2;KLRG1;PRF1;CXCR3;CAMK4;SAMD3;SH2D2A;LAX1;GZMK;NUGGC;TRAT1;APOBEC3D;STAP1,anal_pc5_c21_S1.filtered.gene_spectra_score.k_3.dt_0_01.txt
3,3,CTX_BRAIN_EFFECTOR_T,-2.5074892322733597,0.0,0.0,prerank,-0.583759809197227,0.0,64/105,20.78%,LSP1;CORO1A;ACAP1;AKNA;ITGAL;SEPTIN1;LIMD2;RAC2;TBC1D10C;LCP1;SRGN;SYTL1;PTPRC;STK17B;CYTIP;SEPTIN6;CD96;ZAP70;EMP3;CD3E;FYN;GIMAP4;ABI3;RIPOR2;S100A4;SKAP1;SLAMF7;LCK;GIMAP7;STK10;PYHIN1;CD48;DOK2;IL2RB;ADAM8;CHST12;CLEC2B;RASSF5;GMFG;APOBEC3G;CD247;ICAM3;NKG7;PIP4K2A;CST7;STAT4;IL2RG;CD7;SYNE1;FKBP11;BTN3A2;FGR;PLEK;PRKCH;CD69;ARID5A;RUNX3;GZMA;IFITM2;SH2D1A;HCST;PRF1;GPR65;SAMD3,anal_pc5_c21_S1.filtered.gene_spectra_score.k_3.dt_0_01.txt
3,3,INTESTINE_INTESTINAL_EPITHELIAL,2.494914163932708,0.0,0.0,prerank,0.8405823404498923,0.0,43/71,11.92%,SLC44A4;ELF3;TMEM45B;PRSS8;CDX1;AMN;LGALS3;ATP10B;TJP3;LIPH;CYP3A5;ACSL5;BICDL2;SULT1B1;SEMA4G;INAVA;SH3RF2;HDHD3;TMC5;ESRP2;NR1I2;PRSS3;VIPR1;S100A14;SLC5A1;ANPEP;RHPN2;XDH;GDA;SULT1C2;DEGS2;DMBT1;TPSG1;ARL14;HKDC1;FERMT1;GPX2;GDPD2;GRHL2;ALDH1L1;CPS1;CYP2C18;MFSD6L,anal_pc5_c21_S1.filtered.gene_spectra_score.k_3.dt_0_01.txt
3,3,MATURE_PIT,2.482003052038894,0.0,0.0,prerank,0.8101464198083359,0.0,60/102,9.28%,VSIG2;CEACAM5;TSPAN1;C15orf48;ELF3;MUC1;CA2;LGALS3;CREB3L1;KRT8;MLPH;FCGBP;S100P;CYP3A5;ABCC3;MGLL;RBM47;CAPN8;MYH14;OCLN;SYTL2;SPINT1;KLF4;EFNB2;SPIRE2;DSC2;PLAC8;DUOX2;MXD1;CYSTM1;REP15;S100A14;IFI27;SCNN1A;RDH13;TNFRSF21;FOXA3;IL1R2;CCND1;FLNB;SULT1C2;MAL2;PAQR8;HES1;HPGD;LMO7;PNPLA2;ARL14;FHL2;EPS8L1;PKIB;ID1;RAB27A;SLPI;KLF3;FCGRT;GPX2;OAS1;ARHGEF2;RNASE1,anal_pc5_c21_S1.filtered.gene_spectra_score.k_3.dt_0_01.txt
3,3,PANETH_LIKE,-2.4647076892306257,0.0,0.0,prerank,-0.4988106701119406,0.0,168/256,35.44%,LSP1;WIPF1;LAPTM5;IKZF1;DOCK2;CD53;RAC2;HCLS1;FMNL1;CD74;LCP1;ARHGDIB;ARL4C;CXCR4;SRGN;CD37;CYTH4;UCP2;PTPRC;ADA2;FYB1;MAF;TRAF1;ITGB2;FGD2;PLCB2;INPP5D;CD4;NCKAP1L;SFMBT2;GPSM3;ABI3;WDFY4;RIPOR1;MPEG1;LCP2;PLCG2;ADCY7;TNFAIP2;LPCAT1;SLAMF7;LPAR6;SLA;PRKCB;EVI2B;NCF4;CD48;VAV1;CD300A;DOK2;FGL2;CYBB;CTSC;SPI1;CLEC2B;RASSF5;ST3GAL5;GBP5;CD84;TSPAN33;GMFG;SLC1A4;GPR132;CSF2RB;WAS;ABCA1;LAT2;CD40;TNFRSF1B;STAB1;AOAH;FERMT3;CR1;MS4A6A;ARRB2;ADGRG5;TNFAIP3;SLC9A9;IFI30;SNX20;IRF8;EYA2;ACP5;PLEK;HSPA6;KYNU;PLAU;ICAM1;LILRB1;MS4A7;CORO7;RUNX3;CSF1R;THBD;BTK;UAP1L1;HCST;SLC15A3;GPR65;LMO2;PIK3AP1;SAMSN1;MAFB;C1QA;C1QC;LY86;CD163;BIRC3;C1QB;CLEC7A;DNASE1L3;CD83;F13A1;ITGAX;JMY;PDE4B;FES;RILPL2;HCK;HAVCR2;TLR2;CD163L1;LST1;LILRB5;CPVL;SIGLEC1;LILRB2;FCGR2A;PLXNC1;SLAMF8;CLEC10A;UVRAG;ADAP2;SGK1;PTPRE;TYROBP;GM2A;NCF2;GPR137B;FCER1G;NINJ1;SLC7A5;DUSP2;PFKFB3;CD209;COTL1;PLA2G7;ITGAM;AIF1;CD86;GPR34;TFEC;RNASE6;NFKBIE;TNFSF13B;CMKLR1;IL4I1;BCL2A1;PTAFR;TNF;NPL;MS4A4A;LIPA;CCR1;MERTK;CEBPB;NDST2;RAP2B,anal_pc5_c21_S1.filtered.gene_spectra_score.k_3.dt_0_01.txt
3,3,MUSCLE_T,-2.4620431117444967,0.0,0.0,prerank,-0.7240347807510128,0.0,31/37,16.98%,EVL;CORO1A;LAPTM5;LIMD2;LTB;TRAF3IP3;ARHGDIB;CXCR4;CD37;CD2;ETS1;PTPRC;FYB1;CD52;EMP3;CD3E;TSC22D3;GIMAP4;CD3D;SLFN5;IL7R;SELL;LCK;CD48;GMFG;IL2RG;CD7;ISG20;IL32;CD3G;CD69,anal_pc5_c21_S1.filtered.gene_spectra_score.k_3.dt_0_01.txt
3,3,HEART_LYMPHOID,-2.4620041877006513,0.0,0.0,prerank,-0.5945010550149101,0.0,65/87,26.18%,ACAP1;SEPTIN1;TRBC2;FCMR;CD96;ZAP70;CD27;IGKC;CD52;IKZF3;JCHAIN;MS4A1;POU2AF1;CD3D;TCF7;SKAP1;SELL;CARD11;LCK;TNFRSF13B;SLAMF1;THEMIS;ITK;BLK;RASGRP1;FCRL2;TIGIT;IL2RB;SLAMF6;CD19;PAX5;FCRL1;CD5;CD79B;LY9;NKG7;CDKN2A;KLRK1;FLT3LG;SIRPG;CST7;CD7;GBP2;CCR7;ISG20;FCRL5;SIT1;CD3G;ICOS;GZMA;FCRL3;SH2D1A;PRF1;GPR171;CXCR3;SAMD3;UBASH3A;CXCR6;GZMK;TRAT1;FOXP3;SHISAL2A;SCML4;GZMM;FCRLA,anal_pc5_c21_S1.filtered.gene_spectra_score.k_3.dt_0_01.txt
3,3,MARROW_NAIVE_T,-2.4579476770956057,0.0,0.0,prerank,-0.5271965614683695,0.0,103/170,21.22%,EVL;ARHGEF1;ACAP1;TMC8;ARHGAP15;SEPTIN1;ATM;ITPKB;IL16;ANKRD44;ARHGAP45;LTB;TRAF3IP3;CLEC2D;TRAC;CD2;ETS1;RESF1;FYB1;TRBC2;SEPTIN6;CD96;TRAF1;TTC39C;CD27;DGKA;PIM2;SPOCK2;STK4;CD3E;LAT;ARID5B;FNBP1;TRBC1;GPSM3;TSC22D3;GIMAP4;SMCHD1;CD3D;RIPOR2;SLFN5;KLF2;RASA3;TCF7;CD6;IL7R;TSHZ2;RORA;LCK;GIMAP7;TSPYL2;LBH;THEMIS;ITK;CD48;ST3GAL1;TMC6;RASGRP1;CCR6;CD28;ZEB1;FBLN5;RHOH;CD5;P2RY10;SUSD3;BCL11B;ICAM3;BTG2;PBXIP1;RIC3;STMN3;FLT3LG;SIRPG;PCED1B;TNFAIP3;ANXA2R;HAPLN3;PIK3IP1;CCR7;ISG20;SIT1;TESPA1;CD3G;BCL2;CD69;SFI1;ZNF101;IL27RA;ZC3H12D;BICDL1;ARID5A;ICOS;TNFRSF25;SOCS1;NSG1;GPR171;CAMK4;CRIP2;ITM2A;MTERF4;UBASH3A;P2RY8,anal_pc5_c21_S1.filtered.gene_spectra_score.k_3.dt_0_01.txt
3,3,FIBROBLAST_LIKE,-2.449760889128257,0.0,0.0,prerank,-0.5713478023238734,0.0,55/101,16.80%,COL6A2;FBLN1;COL5A1;COL6A1;C1R;COL1A2;TGFBI;LTBP4;SPARC;DCN;ELN;COL6A3;FSTL1;LUM;COL1A1;SERPINF1;MFAP4;FBN1;COL16A1;NID1;MMP2;CXCL12;TIMP2;LAMA4;MRC2;COL14A1;COL5A2;IGFBP7;FBLN2;PCOLCE;GPC3;MFAP2;MXRA8;ABCA8;PTN;LAMC1;THY1;THBS2;PCDH18;COL15A1;SDC2;SERPING1;ADAMTS2;FLRT2;FBLN5;SNAI2;MGP;ANGPTL2;CCDC102B;OLFML3;PDGFRA;EFEMP2;IL32;COL12A1;COL21A1,anal_pc5_c21_S1.filtered.gene_spectra_score.k_3.dt_0_01.txt
3,3,ISTHMUS,2.442507076564892,0.0,0.0,prerank,0.7851288885147293,0.0,85/144,12.78%,EPCAM;TSPAN1;AGR2;ELF3;MUC1;CA2;LGALS3;CREB3L1;MISP;KRT8;MLPH;FCGBP;S100P;CYP3A5;TFCP2L1;ABCC3;MGLL;LLGL2;RBM47;ATP8B1;CAPN8;PPARG;PLEKHA6;MYH14;SYTL2;TSPAN15;CDH1;TTC39A;SMPD3;AKAP1;KLF4;TMPRSS4;EFNB2;TLN2;SERPINB1;MYO10;REP15;FER1L6;S100A14;SH3RF1;IL1R2;UGDH;LAD1;CCND1;FLNB;SULT1C2;BACE2;MAL2;PAQR8;HES1;FMN1;HPGD;LMO7;SDC4;PLXNA2;FBP1;FHL2;FBLIM1;TPM1;RAB11FIP1;NIBAN2;ITGA6;ID1;KLF3;FERMT1;GPX2;PHLDA2;ASAP2;ITGB4;KCNE3;IER3;ADAM15;HSPA5;PRKCD;CORO2A;CYP2C18;TUBB4B;CAPG;NET1;ATP2A3;PLLP;BLVRB;TENT5A;IL1RN;HMGCS1,anal_pc5_c21_S1.filtered.gene_spectra_score.k_3.dt_0_01.txt
3,3,CORNEAL_AND_CONJUNCTIVAL_EPITHELIAL,2.442117293382763,0.0,0.0,prerank,0.7825790141453757,0.0,76/166,10.00%,CLDN7;SLC44A4;FAM3D;VSIG2;EPCAM;TSPAN1;AGR2;ELF3;B3GNT3;PRSS8;MUC1;LGALS3;GCNT3;CLDN4;PLA2G2A;KRT8;MUC4;S100P;TFF3;TJP3;LIPH;SERINC2;CEACAM6;GPRC5A;CCL28;SERPINA1;EPS8L2;SLC12A2;MYH14;SYTL2;GALNT5;MUC20;TMC5;SPINT1;RAB25;MALL;EHF;KLF4;TSPAN6;ESRP2;TMPRSS4;ERBB2;MGST1;SERPINB1;STAP2;PLAC8;RARRES1;TMEM184A;RASSF7;WFDC2;CDKN2B;CFB;LCN2;MAL2;C1orf116;EXPH5;SDC4;ANXA3;GDF15;ZNF703;EPS8L1;ABHD11;RAB11FIP1;DTX4;ASS1;SMIM5;PLA2G4F;EVPL;SLPI;PRSS22;UBXN10;SDR16C5;C6orf132;KCNE3;MPZL2;IER3,anal_pc5_c21_S1.filtered.gene_spectra_score.k_3.dt_0_01.txt
3,3,GOBLET,2.4400466910620895,0.0,0.0,prerank,0.7932300009372591,0.0,59/134,9.28%,FAM3D;CEACAM5;GOLM1;TSPAN1;C15orf48;AGR2;B3GNT3;LGALS3;FUT3;CREB3L1;MLPH;FCGBP;SLC4A4;MUC4;SLC26A2;FUT6;S100P;TFF3;SERINC2;CEACAM6;GPRC5A;KLK1;CAPN8;PLEKHA6;SLC12A2;SYTL2;TSPAN15;CRACR2B;TMEM238L;KLF4;RFLNA;TMPRSS4;SCNN1B;LRRC26;MGST1;STAP2;DUOX2;REP15;FER1L6;PLEKHG6;WFDC2;WNK2;IFI27;SCNN1A;LGALS9;ATP2C2;NDRG2;BACE2;LCN2;CST3;PTPRN2;ARL14;MARCKSL1;ASS1;SLPI;FAM110C;OAS1;SLC6A14;RNASE1,anal_pc5_c21_S1.filtered.gene_spectra_score.k_3.dt_0_01.txt
3,3,B,-2.411297389172062,0.0,0.0,prerank,-0.5527602934763044,0.0,59/92,18.34%,LAPTM5;TCF4;LIMD2;CD74;CXCR4;ELOVL5;CD37;CD79A;RASGRP2;ADAM28;FCMR;ADAM19;FGD2;CD52;IKZF3;MS4A1;PTPN6;RCSD1;SP140;ARID5B;POU2AF1;SMCHD1;PLCG2;CD22;SP110;SELL;TNFRSF13B;PRKCB;TRAF5;LBH;BLK;BANK1;FCRL2;SP100;TNFRSF13C;P2RX5;CD19;PAX5;POU2F2;NIBAN3;FCRL1;CD79B;P2RY10;BCL11A;CD40;CXCR5;HVCN1;TLR10;TMEM154;CCR7;TMEM156;IRF8;RASGRP3;EAF2;EBF1;SWAP70;HHEX;MEF2C;ARHGAP24,anal_pc5_c21_S1.filtered.gene_spectra_score.k_3.dt_0_01.txt
3,3,IMMATURE_PIT,2.3982758769939267,0.0,0.0,prerank,0.816416068070126,0.0,42/69,9.44%,VSIG2;CEACAM5;TSPAN1;AGR2;MUC1;CA2;LGALS3;KRT8;FCGBP;S100P;CYP3A5;ABCC3;MGLL;RBM47;CAPN8;SYTL2;SMPD3;KLF4;EFNB2;DSC2;PLAC8;CYSTM1;REP15;S100A14;IFI27;IL1R2;UGDH;CCND1;FLNB;SULT1C2;MAL2;HPGD;LMO7;FHL2;FBLIM1;TPM1;ID1;RAB27A;KLF3;GPX2;RNASE1;ITGB4,anal_pc5_c21_S1.filtered.gene_spectra_score.k_3.dt_0_01.txt
3,3,KIDNEY_3_STROMAL,-2.3884284179588606,0.0,0.0,prerank,-0.6492376733098784,0.0,33/49,18.00%,COL3A1;COL1A2;ZEB2;COL4A2;SPARC;COL6A3;FSTL1;COL1A1;PXDN;CALD1;VCAN;COL4A1;DST;CCDC88A;COL5A2;RBP1;ALCAM;GPC3;IGFBP5;PTN;NR2F1;CDH11;TPM2;CTSC;TNC;FLRT2;FN1;SULT1E1;SFRP1;SOX4;PALLD;COL21A1;PBX1,anal_pc5_c21_S1.filtered.gene_spectra_score.k_3.dt_0_01.txt
3,3,MHC_II_POS_B,-2.373389256761969,0.0,0.0,prerank,-0.5913409999166649,0.0,52/76,17.42%,CORO1A;LAPTM5;LIMD2;LTB;CLEC2D;CXCR4;CD37;CNTRL;CD79A;UCP2;PDE7A;FCMR;AEBP1;SEPTIN6;CIITA;CD52;MS4A1;PTPN6;RCSD1;SP140;POU2AF1;PARP15;RIPOR2;KLF2;MPEG1;CD22;SELL;PRKCB;EVI2B;SMAP2;BANK1;FCRL2;TNFRSF13C;CYBB;P2RX5;CD19;PAX5;POU2F2;NIBAN3;FCRL1;CD79B;BCL11A;CYFIP2;TTN;TLR10;TMEM154;CCR7;ISG20;IRF8;EBF1;LYST;SWAP70,anal_pc5_c21_S1.filtered.gene_spectra_score.k_3.dt_0_01.txt
3,3,MUSCLE_FAP,-2.3721738576488924,0.0,0.0,prerank,-0.5390118785600737,0.0,55/112,12.60%,LSP1;COL6A2;FBLN1;COL6A1;C1R;C1S;COL3A1;CXCL14;COL1A2;LTBP4;DCN;COL6A3;FSTL1;LUM;COL1A1;SERPINF1;VCAN;MFAP4;MMP2;CXCL12;PTGDS;TIMP2;EFEMP1;EMP3;TNXB;IGFBP7;TSC22D3;AKR1B1;FBLN2;PCOLCE;S100A4;MXRA8;ABCA8;ACKR3;TFPI;LAMC1;PMP22;CFH;COL15A1;FGL2;SDC2;SERPING1;FN1;C3;LAMA2;FBLN5;CFD;PODN;EPHX1;MGP;ALDH1A1;CCDC80;PLPP3;GPNMB;MAP1B,anal_pc5_c21_S1.filtered.gene_spectra_score.k_3.dt_0_01.txt
3,3,KIDNEY_URETERIC_BUD,2.3642756244178433,0.0,0.0,prerank,0.7625513350507778,0.0,56/139,10.36%,CLDN7;FAM3D;VSIG2;TSPAN1;AOC1;ELF3;B3GNT3;TMEM45B;MUC1;ATP10B;CLDN4;KRT8;MLPH;CGN;S100P;CBLC;BICDL2;MAOA;EPB41L4B;MYH14;SPINT1;TTC39A;TMEM238L;EHF;POF1B;C4orf19;ESRP2;SCNN1B;SCIN;TMEM184A;CWH43;PLEKHG6;S100A14;LAD1;CDCP1;RNF43;DEGS2;MAL2;HPGD;ANXA3;ARL14;ITGB6;FBP1;PLA2G4F;EVPL;PRSS22;MYEOV;GPX2;FAM110C;PROM2;C6orf132;EPN3;ITGB4;PPFIBP2;OVOL1;GRHL2,anal_pc5_c21_S1.filtered.gene_spectra_score.k_3.dt_0_01.txt
3,3,DCLK1POS_PROGENITOR,-2.3625243863985106,0.0,0.0,prerank,-0.5622294879606234,0.0,49/90,19.28%,FBLN1;COL5A1;C1R;C1S;COL3A1;COL1A2;SPARC;DCN;LUM;COL1A1;SERPINF1;VCAN;COL16A1;MMP2;MRC2;COL14A1;COL5A2;HTRA1;PCOLCE;CSF1;MAPK10;PHC1;THBS2;VCAM1;SERPING1;ADAMTS2;C3;SFRP2;CERCAM;LAMA2;SVEP1;MGP;CCDC80;SFRP1;BASP1;MX1;PDPN;PAMR1;HAPLN3;TPST1;NNMT;ICAM1;ADAMTS1;BOC;CCL2;GPC6;COLEC12;GBP1;CPXM1,anal_pc5_c21_S1.filtered.gene_spectra_score.k_3.dt_0_01.txt
3,3,OLFACTORY_NEUROEPITHELIUM_NK,-2.350987648575047,0.0,0.0,prerank,-0.5917092540128941,0.0,42/71,20.22%,EVL;LSP1;CORO1A;LIMD2;CD53;RAC2;TBC1D10C;TRAF3IP3;LCP1;ARHGDIB;ARL4C;CXCR4;SRGN;UCP2;PTPRC;ITGB2;CD52;PTGDS;EMP3;TRBC1;MYO1F;SPN;BIN2;PYHIN1;CD48;CCL5;DOK2;IL2RB;APOBEC3G;CD247;NKG7;CST7;IL2RG;CD7;IL32;PLEK;CD69;GZMA;IFITM2;HCST;PRF1;GPR65,anal_pc5_c21_S1.filtered.gene_spectra_score.k_3.dt_0_01.txt
3,3,MUC13_DMBT1_POSITIVE,2.3474613313628727,0.0,0.0,prerank,0.8432564193962021,0.0,31/47,12.70%,EPCAM;CEACAM5;CDX1;AMN;GCNT3;MYO7B;BAIAP2L2;ACSL5;SDCBP2;OCLN;INAVA;MUC3A;POF1B;NR1I2;PRSS3;VIPR1;MXD1;FER1L6;AGPAT2;RHPN2;GDA;DMBT1;SLC3A1;HKDC1;PDE4C;GDPD2;CPS1;SLC15A1;CYP2C18;BEST4;SLC19A3,anal_pc5_c21_S1.filtered.gene_spectra_score.k_3.dt_0_01.txt
3,3,MATURE_ENTEROCYTES,2.3206301149221007,0.0,0.0,prerank,0.7621974834407618,0.0,57/111,11.58%,AOC1;AMN;MISP;CAMK2N1;MYO7B;CGN;BAIAP2L2;CYP3A5;CEACAM6;ACSL5;ABCC3;MGLL;SERPINA1;EPS8L2;MYH14;PTPRH;TMC5;SPINT1;SMPD3;MALL;KLF4;GSDMB;MXD1;ARHGEF16;S100A14;SLC5A1;IFI27;SCNN1A;ANPEP;AGPAT2;FLNB;LMO7;PNPLA2;RAPGEFL1;ACOX1;ARL14;MICALL2;FBP1;ACE;FBLIM1;HKDC1;CTSD;SLC6A8;ARHGAP27;SELENOP;ITGB4;ACHE;AATK;VEGFA;CRYBG2;ACY3;CDKN1A;ECHDC2;SLC15A1;CYP2C18;SLC40A1;GPAT3,anal_pc5_c21_S1.filtered.gene_spectra_score.k_3.dt_0_01.txt
3,3,OLFACTORY_NEUROEPITHELIUM_FIBROBLASTS_STROMAL,-2.3163015059467327,0.0,0.0,prerank,-0.5522355194398791,0.0,38/74,14.62%,COL6A2;FBLN1;C1R;C1S;COL3A1;COL1A2;TGFBI;SPARC;DCN;LUM;COL1A1;SERPINF1;CALD1;AEBP1;MFAP4;TIMP2;GLIPR1;IGFBP7;PCOLCE;IGFBP5;GJA1;MXRA8;ABCA8;PTN;CDH11;TPM2;THY1;BGN;SERPING1;PRRX1;SFRP2;ACTA2;MGP;PLPP3;SFRP1;CCL11;FGF7;TAGLN,anal_pc5_c21_S1.filtered.gene_spectra_score.k_3.dt_0_01.txt
3,3,RETINA_MICROGLIA,-2.2829201031055857,0.0,0.0,prerank,-0.46065495187927397,0.0,116/236,21.54%,LSP1;CORO1A;LAPTM5;IKZF1;ARHGAP4;DOCK2;CD53;A2M;ARHGAP45;HCLS1;ARHGAP9;CD74;LCP1;ARHGDIB;ARHGAP30;PARVG;SRGN;CD37;APBB1IP;CYTH4;UCP2;PTPRC;SIPA1;FYB1;ADAM28;SAMHD1;PLEKHO1;MAF;ITGB2;FGD2;PLCB2;IL10RA;RNF213;FMNL3;STK4;DOCK8;INPP5D;CD4;GLIPR1;RCSD1;LPXN;PARP14;NCKAP1L;SFMBT2;DOCK10;GPSM3;GIMAP4;ABI3;MYO1F;KLF2;MPEG1;LCP2;TGFBR2;BIN2;LPAR6;SLA;EVI2B;SMAP2;PPT1;STK10;NCF4;RUNX1;VAV1;TMC6;CD300A;ARHGAP25;FTL;SP100;ALOX5;FGL2;CYBB;CTSC;SPI1;GPR183;ENTPD1;SELPLG;CD84;GMFG;C3;WAS;SUSD3;LAT2;TNFRSF1B;ALOX5AP;BTG2;STAB1;AOAH;PIP4K2A;PREX1;ARRB2;PALD1;TLR10;OLFML3;IRF8;EVI2A;PLEK;CPED1;TAGAP;CTSB;IPCEF1;SWAP70;LAIR1;MS4A7;MEF2C;RGS1;CSF1R;SIRPA;HERPUD1;SIGLEC10;HCST;SAMSN1;MILR1;C1QA;C1QC;LY86;SLC2A3,anal_pc5_c21_S1.filtered.gene_spectra_score.k_3.dt_0_01.txt
3,3,THYMUS_STROMAL,-2.27424609222454,0.0,0.0,prerank,-0.5309834944556348,0.0,52/101,15.04%,FBLN1;COL5A1;COL6A1;C1R;C1S;COL3A1;COL1A2;LTBP4;SPARC;DCN;ELN;FSTL1;LUM;COL1A1;MFGE8;VCAN;MFAP4;FBN1;MMP2;EMILIN1;MRC2;COL14A1;COL5A2;FKBP10;FBLN2;PCOLCE;GPC3;IGFBP5;NTRK2;MXRA5;PMP22;ADAM33;THBS2;OBSL1;BGN;SERPING1;PRRX1;C3;ADAMTSL4;SFRP2;CERCAM;TNS2;CD248;MGP;ANGPTL2;GJC1;CCDC80;SFRP1;PCDH7;PDPN;OLFML3;PDGFRA,anal_pc5_c21_S1.filtered.gene_spectra_score.k_3.dt_0_01.txt
3,3,LATE_IMMATURE_ENTEROCYTES,2.2604678139916508,0.0,0.0,prerank,0.8003637541486446,0.0,28/56,6.84%,TMEM45B;AMN;CA2;MISP;SLC4A4;CAMK2N1;CYP3A5;ACSL5;RBM47;ATP1B1;MAOA;HSD17B11;SMPD3;MALL;BTNL8;CYSTM1;S100A14;SLC5A1;CYB5A;TDP2;ANPEP;CLIC5;XDH;GDA;ACAA2;ACOX1;FBP1;ACE,anal_pc5_c21_S1.filtered.gene_spectra_score.k_3.dt_0_01.txt
3,3,EPCAM_POS_BILE_DUCT,2.2519594120844855,0.0,0.0,prerank,0.7062056225235731,0.0,102/227,13.98%,CLDN7;EPCAM;GOLM1;AGR2;ELF3;MUC1;CA2;LGALS3;GCNT3;CLDN4;KRT8;MLPH;SLC4A4;CAMK2N1;CD24;CGN;CKB;TFF3;CYP3A5;CEACAM6;ABCC3;MGLL;LLGL2;RBM47;ATP1B1;SDCBP2;MAOA;SLC12A2;OCLN;PROM1;CDH1;TMC5;ERBB3;SPINT1;HSD17B11;PDZK1IP1;LGALS2;MYO10;PTPRK;TOB1;CYSTM1;S100A14;WFDC2;WNK2;SLC5A1;TNFRSF21;ANPEP;LAD1;CCND1;FLNB;KIF12;BACE2;LCN2;MAL2;BMP2;NEDD4L;HES1;LMO7;MYRF;MYO6;SDC4;ANXA3;GDF15;CPM;TPM1;RAB11FIP1;NIBAN2;CRIM1;WWC1;PAQR5;SLPI;HMGCR;GPX2;PTPRD;FAM110C;PHLDA2;C6orf132;AQP1;NUAK2;ABCB1;VEGFA;EDN1;PLD1;SHANK2;CCL20;ADAM9;THBS1;TUBB4B;CXCL3;SAT1;LAMC2;TENT5A;EPB41L1;GLUL;HMGCS1;EPHA2;LIF;MET;HSPA1B;KRT19;PLEKHB1;MAGI1,anal_pc5_c21_S1.filtered.gene_spectra_score.k_3.dt_0_01.txt
3,3,PANCREAS_DUCTAL,2.243014678969155,0.0,0.0,prerank,0.809296738763159,0.0,23/47,10.60%,ELF3;FUT3;SLC4A4;PPP1R1B;FUT6;LEFTY1;ATP1B1;CA4;MUC20;PPARGC1A;EHF;S100A14;WNK2;SCNN1A;LAD1;DEGS2;SLC3A1;HKDC1;PAQR5;PRSS22;NUAK2;PLD1;SHANK2,anal_pc5_c21_S1.filtered.gene_spectra_score.k_3.dt_0_01.txt
3,3,OLFACTORY_NEUROEPITHELIUM_B,-2.2428109989694014,0.0,0.0,prerank,-0.7387757910942296,0.0,23/25,23.56%,CORO1A;LAPTM5;LIMD2;CD53;LTB;CD74;CXCR4;CD37;CD79A;CD52;MS4A1;EVI2B;BANK1;TNFRSF13C;GPR183;POU2F2;CD79B;IRF8;TAGAP;CD69;REL;BIRC3;CD83,anal_pc5_c21_S1.filtered.gene_spectra_score.k_3.dt_0_01.txt
3,3,ACINAR,2.2331901988814145,0.0,0.0,prerank,0.7007909062846484,0.0,113/281,11.74%,CLDN7;SLC44A4;GOLM1;C15orf48;ELF3;B3GNT7;MUC1;CA12;LGALS3;ATP10B;GCNT3;CLDN4;CREB3L1;KRT8;MLPH;CD24;SERINC2;CYP3A5;NRARP;GPRC5A;ABCC3;RBM47;KLK1;CCL28;ATP8B1;GATA6;EPB41L4B;SLC12A2;OCLN;SYTL2;TSPAN15;CDH1;MUC20;HDHD3;TMC5;ERBB3;TCEA3;HSD17B11;OAF;PLBD1;MYO5B;C4orf19;PDZK1IP1;TSPAN6;LGALS2;SLC22A23;NR5A2;MGST1;BAIAP2L1;SERPINB1;LGR4;DUOX2;PTPRK;TOB1;PRSS3;NFKBIZ;SLC39A14;TSPAN13;MECOM;LRG1;NUPR1;CYB5A;LGALS9;ANPEP;UGDH;LAD1;CFB;USP53;SLC39A8;BACE2;LCN2;MAL2;CCND2;NEDD4L;HES1;LMO7;SDC4;ACOX1;MARCKSL1;MOB3B;GDF15;FBP1;CPM;IL18;NTN4;INSR;ARHGAP26;PACSIN2;TPM1;ABHD11;RAB11FIP1;RETREG1;NIBAN2;ASS1;CTSD;KCNQ1;ITGA6;KLF3;GPX2;RNASE1;PDGFA;EDN1;HPN;JUN;IGFBP2;CEMIP2;CCL20;ADAM9;TC2N;TUBB4B;CXCL3;NET1;SAT1,anal_pc5_c21_S1.filtered.gene_spectra_score.k_3.dt_0_01.txt
3,3,CD8_NAIVE_T,-2.2299577719608683,0.0,0.0,prerank,-0.519744123619917,0.0,62/102,20.78%,LSP1;AKNA;ITGAL;SEPTIN1;TBC1D10C;RASAL3;ARL4C;MYO1G;CD2;ETS1;ANXA6;CD96;ZAP70;ITGB2;IL10RA;IKZF3;SPOCK2;CD3E;FYN;CD3D;SLFN5;KLF2;SPN;SKAP1;RORA;LCK;CDC25B;PYHIN1;ITK;CCL5;TIGIT;SLAMF6;CHST12;APOBEC3G;BCL11B;CD8A;NKG7;PIP4K2A;CST7;IL12RB1;PRDM1;STAT4;CD7;SYNE1;BTN3A2;ISG20;SYTL3;IL32;GNG2;CD3G;PRKCH;EMB;PLEKHF1;RUNX3;GZMA;SH2D1A;KLRG1;HCST;PRF1;S1PR4;SLA2;SAMD3,anal_pc5_c21_S1.filtered.gene_spectra_score.k_3.dt_0_01.txt
3,3,OLFACTORY_NEUROEPITHELIUM_SUSTENTACULAR,2.2104967960352444,0.0,0.0,prerank,0.8779861009731158,0.0,16/28,6.06%,FAM3D;VSIG2;TSPAN1;AGR2;ELF3;MUC1;CLDN4;KRT8;S100P;TFF3;MGST1;S100A14;WFDC2;CYB5A;LCN2;HPGD,anal_pc5_c21_S1.filtered.gene_spectra_score.k_3.dt_0_01.txt
3,3,MKI67POS_PROGENITOR,-2.205794095327992,0.0,0.0,prerank,-0.5134286198031217,0.0,84/98,41.76%,INPP5D;GIMAP4;ENG;PECAM1;GIMAP7;TFPI;BGN;NUSAP1;RHOH;PHF19;JAG2;CD248;NRP1;CD93;GIMAP6;ARHGEF6;HEG1;PTTG1;SEC14L1;TPX2;EBF1;CDH5;CDK1;TACC3;VWF;CALCRL;EGFL7;TOP2A;SHE;MMRN2;CLDN5;LRRC32;NDC80;ANLN;ERG;RAMP3;PRC1;RAMP2;CD34;HIP1;ARHGAP29;PLVAP;CENPF;GNG11;RGCC;ASPM;CYYR1;CLEC14A;ECSCR;NUF2;AURKB;LDB2;JAM2;CLEC3B;TIE1;LMCD1;TM4SF1;RRM2;DLGAP5;HSPA12B;HMCN1;DIPK2B;EMCN;BIRC5;HYAL2;FZD4;FLT1;APLNR;ADGRF5;SOX18;MMRN1;KNSTRN;CCNB2;NRN1;MYCT1;ROBO4;KDR;CCNB1;TROAP;PALMD;NOS3;CENPW;KIF20B;MKI67,anal_pc5_c21_S1.filtered.gene_spectra_score.k_3.dt_0_01.txt
3,3,MUSCLE_NK,-2.1991698053033306,0.0,0.0,prerank,-0.5331220840660451,0.0,52/91,20.78%,EVL;CORO1A;LAPTM5;FLNA;LIMD2;CD53;RAC2;TBC1D10C;LCP1;ARHGDIB;SRGN;CD37;UCP2;ETS1;PTPRC;FYB1;ITGB2;CD52;STK4;EMP3;STK17A;GPSM3;TSC22D3;GIMAP4;S100A4;BIN2;LCK;PYHIN1;CD48;CCL5;DOK2;IL2RB;CTSC;CLEC2B;GMFG;CD247;ALOX5AP;NKG7;CST7;IL2RG;CD7;CKLF;PLEK;GNG2;CD69;ANXA1;GZMA;IFITM2;HCST;PRF1;GPR65;SAMD3,anal_pc5_c21_S1.filtered.gene_spectra_score.k_3.dt_0_01.txt
3,3,STEM,2.1951806660884503,0.0,0.0,prerank,0.7733615005432466,0.0,35/65,11.20%,EPCAM;GOLM1;AGR2;CLDN4;KRT8;PPP1R1B;NRARP;SLC12A2;PKDCC;EPHB2;MYB;MYO10;MECOM;CCND1;RNF43;DMBT1;CCND2;HES1;RGMB;MARCKSL1;GDF15;CERS6;ITGA6;FCGRT;FERMT1;GPX2;FOS;TSC22D1;AQP1;EDN1;IER3;JUN;IVNS1ABP;CEMIP2;CPS1,anal_pc5_c21_S1.filtered.gene_spectra_score.k_3.dt_0_01.txt
3,3,PRO_B,-2.1905502407965995,0.0,0.0,prerank,-0.46886315709412457,0.0,124/164,41.32%,FBLN1;HELLS;PXDN;CMTM3;CCDC88A;PHGDH;IGFBP7;ENG;WWOX;ITGA5;LCP2;MCM2;EZH2;MCM4;TYMS;NUSAP1;CENPM;PHF19;ARHGAP33;WDR76;TCF19;UHRF1;LIG1;FANCA;STMN3;MCM6;CENPU;PRXL2A;CDKN2C;CKLF;ANXA2R;PTTG1;SNCA;TPX2;FANCI;FAM111A;KNTC1;CCNE2;NCAPG2;CDK1;TACC3;E2F1;NCAPG;MYBL2;PLCB1;EGFL7;TOP2A;ZGRF1;KIFC1;BRIP1;RAD54L;NCAPD2;FHL1;ECT2;NDC80;ANLN;CTNNAL1;CDC45;ERG;CLEC11A;CDT1;CSTF2T;F13A1;PRC1;FBXO5;GBP4;CD34;CENPF;GUCY1A1;DTL;LST1;ASPM;KIF18A;CKAP2;CLEC14A;CIT;KIF11;ORC6;NUF2;ZWINT;FADS2;AURKB;SLC20A1;NCF2;HJURP;NINJ1;MAP3K20;POLA1;RRM2;DLGAP5;KIF15;KIF23;AIF1;PCLAF;KIF2C;MELK;BIRC5;EXO1;CCNF;KIF20A;GSN;CDCA2;CENPE;DIAPH3;SPC25;KNSTRN;CCNB2;TTF2;HMMR;KIF14;DEPDC1;ARHGAP11A;KIF22;CCNB1;CEP55;TROAP;BUB1;MT2A;CDCA3;CCN2;GTSE1;CENPW;KIF20B;CKAP2L,anal_pc5_c21_S1.filtered.gene_spectra_score.k_3.dt_0_01.txt
3,3,METALLOTHIONEIN,2.176721884843986,0.0,0.0,prerank,0.799245454987008,0.0,21/42,10.26%,VSIG2;SELENBP1;AGR2;MUC1;CA2;LGALS3;KRT8;S100P;ABCC3;TMEM238L;QSOX1;CYSTM1;IFI27;LAD1;SULT1C2;MAL2;HPGD;CTSD;ID1;RNASE1;IGFBP2,anal_pc5_c21_S1.filtered.gene_spectra_score.k_3.dt_0_01.txt
3,3,THYMOCYTES,-2.168512504943936,0.0,0.0,prerank,-0.5942566267112023,0.0,25/45,21.02%,PDE7A;TRBC2;SEPTIN6;CD96;DGKA;PGGHG;TCF7;LCK;MZB1;THEMIS;CEP85L;P2RX5;GRAP2;RHOH;BCL11B;CD8A;CD247;CEP128;KCNA3;CD38;TESPA1;CD3G;SH2D1A;CAMK4;UBASH3A,anal_pc5_c21_S1.filtered.gene_spectra_score.k_3.dt_0_01.txt
3,3,MUSCLE_B,-2.1557782679604736,0.0,5.963805124535094e-05,prerank,-0.599845671747282,0.001,35/49,19.04%,LAPTM5;LIMD2;CD53;RAC2;LTB;TBC1D10C;CD74;CXCR4;CD37;CD79A;PTPRC;RASGRP2;TRIM22;FCMR;CD52;STK4;JCHAIN;MS4A1;TSC22D3;SELL;EVI2B;CD48;BANK1;GPR183;FCRL1;GMFG;RHOH;CD79B;ALOX5AP;HVCN1;IRF8;EAF2;CD69;ARHGAP24;BTK,anal_pc5_c21_S1.filtered.gene_spectra_score.k_3.dt_0_01.txt
3,3,MESENCHYMAL_STROMAL,-2.117510074443116,0.0,5.8251119821040454e-05,prerank,-0.41763292325107637,0.001,160/364,19.02%,COL6A2;WIPF1;COL5A1;COL6A1;C1R;C1S;TCF4;COL3A1;COL1A2;FLNA;COL18A1;TGFBI;ZEB2;A2M;HCLS1;COL4A2;SPARC;ARL4C;DCN;COL6A3;FSTL1;LUM;COL1A1;PXDN;ETS1;STK17B;ANXA6;SERPINF1;CALD1;AEBP1;PLEKHO1;ANTXR1;MFGE8;VCAN;CMTM3;MFAP4;FBN1;DKK3;COL16A1;ADAM19;PHLDB1;NID1;MMP2;COL4A1;TBX2;FMNL3;TIMP2;LAMA4;PHGDH;MRC2;FYN;ARID5B;COL5A2;FKBP10;IGFBP7;HTRA1;CHST15;IGFBP5;ITGA5;EHD2;NOTCH3;SPHK1;ADGRA2;MXRA8;TXNRD1;CSGALNACT2;RFTN1;RHOQ;TFPI;CDH11;LAMC1;PMP22;PLXDC1;TPM2;THY1;RUNX1;THBS2;SLC4A7;COL15A1;TNS1;RBPMS;BGN;CTSC;SDC2;VSTM4;PRRX1;TIMP3;CAVIN1;OSMR;TNC;PDGFRB;ZEB1;CRISPLD2;ADAMTS2;SCARA3;FN1;WNT5A;DSE;LTBP2;SFRP2;CERCAM;LAMA2;SNAI2;ACTA2;ABCA1;CD248;GREM1;NAV1;MGP;NRP1;GAS7;ANGPTL2;CCDC80;GPNMB;FRMD6;SFRP1;BASP1;NRP2;ZCCHC24;CCDC102B;IL1R1;CYGB;SMC4;CAV1;PRDM1;ACSL4;CRLF1;SLC7A11;WWTR1;FKBP11;OLFML2A;FGF7;SULF1;GLI2;HEG1;PDGFRA;AXL;LOXL2;TPST1;NNMT;CTSK;PAPPA;ITGB3;CEP170;LHFPL6;COL12A1;HIC1;EBF1;CTSB;IGFBP3;PLAU;PTK7;CCN1;ANXA1;ARHGEF17;COL5A3;JAM3;GPC6;IFITM2;NES,anal_pc5_c21_S1.filtered.gene_spectra_score.k_3.dt_0_01.txt
3,3,KIDNEY_8_CONNECTING_TUBULE,2.1151834717636433,0.0,0.0,prerank,0.728080589933032,0.0,25/70,6.28%,HSD11B2;EPCAM;ITM2C;MUC1;CA2;CA12;KRT8;CAMK2N1;CD24;TFCP2L1;LLGL2;RBM47;ATP1B1;ERBB2;SCIN;MYO10;WFDC2;MECOM;CYB5A;SULT1C2;KIF12;VAV3;NEDD4L;MYO6;SDC4,anal_pc5_c21_S1.filtered.gene_spectra_score.k_3.dt_0_01.txt
3,3,CD5_POS_CCL22_NEG_MATURE_B,-2.111721909853669,0.0,5.6927230734198626e-05,prerank,-0.48246387343684144,0.001,68/117,20.06%,TMC8;ITGAL;ARHGAP9;ARL4C;TRAC;SRGN;ADAM28;PDE7A;TRBC2;DENND1C;CMTM3;CD27;ITGB7;IL10RA;SPOCK2;SP140;LPXN;ABI3;PPP1R16B;MPEG1;S100A4;BIN2;SKAP1;SELL;TNFRSF13B;EVI2B;TRAF5;CTSH;FCRL2;TNFRSF13C;DOK2;CYBB;ADAM8;GPR183;ENTPD1;CCR6;APOBEC3G;CD5;LY9;IGFLR1;CD40;LRRK2;CXCR5;PCED1B;TTN;MS4A6A;ZBP1;RAB8B;TLR10;GRK3;TMEM154;CCR7;FCRL5;WNT10A;EVI2A;ACP5;PLEK;BCL2;SEMA7A;IL27RA;RUNX3;ARHGAP24;RGS1;FCRL3;SIGLEC10;HCST;PTPN22;SH2B2,anal_pc5_c21_S1.filtered.gene_spectra_score.k_3.dt_0_01.txt
3,3,CORNEA_CONJUNCTIVAL,2.0950658297553746,0.0,0.0,prerank,0.7650387377284072,0.0,30/50,15.14%,MUC1;ATP10B;MUC4;CEACAM6;BICDL2;MAOA;OCLN;ST3GAL4;CDH1;CEACAM1;MALL;CTSS;IFI27;SCNN1A;NUPR1;RDH13;LAD1;C1orf116;P2RY2;NIBAN2;EPHB3;CRYBG2;TC2N;CDKN1A;HMGCS1;MACC1;HMOX1;RHCG;PDLIM5;LDLR,anal_pc5_c21_S1.filtered.gene_spectra_score.k_3.dt_0_01.txt
3,3,SEROUS,2.077095448919524,0.0,0.0,prerank,0.7483501234882617,0.0,20/48,11.62%,FAM3D;PADI2;CA2;GCNT3;PPP1R1B;CCL28;SLC12A2;PKDCC;NPDC1;LRRC26;WFDC2;SLC5A1;NDRG2;DMBT1;BARX2;MARCKSL1;SLPI;STK39;ALDH1L1;ATP2A3,anal_pc5_c21_S1.filtered.gene_spectra_score.k_3.dt_0_01.txt
3,3,PLACENTA_PAEP_MECOM_POSITIVE,2.059898791716522,0.0,0.0,prerank,0.7125632610453108,0.0,28/72,13.52%,EPCAM;TSPAN1;AGR2;MUC1;CA12;BAIAP2L2;MUC20;PKDCC;TTC39A;EHF;TMPRSS4;WFDC2;SCNN1A;ATP2C2;KIF12;LCN2;OVOL2;RASD1;SLPI;HOXB5;CATSPERB;PTPRR;SLC15A1;RORC;SAMD12;MACC1;LIF;ADGRF1,anal_pc5_c21_S1.filtered.gene_spectra_score.k_3.dt_0_01.txt
3,3,ENTEROCYTE,2.057356293366264,0.0,0.0,prerank,0.8619137203691756,0.0,14/20,11.28%,AOC1;TMEM45B;CYP3A5;MUC20;MALL;NR1I2;RARRES1;PRSS3;ANPEP;LAD1;SLC41A2;CLDN23;MLXIPL;SLC15A1,anal_pc5_c21_S1.filtered.gene_spectra_score.k_3.dt_0_01.txt
3,3,HEPATOBLASTS,2.0530490269311676,0.0,0.0,prerank,0.6625562286826615,0.0,40/145,11.50%,AMN;CAMK2N1;TJP3;CYP3A5;WNK4;SEMA4G;SERPINA1;MAOA;EPB41L4B;MYH14;ERBB3;TCEA3;PPARGC1A;MGST1;FFAR4;PLEKHG6;SLC39A14;SNORC;CAMSAP3;ANPEP;LAD1;CFB;XDH;SULT1C2;KIF12;BDH1;CHAD;FBP1;HKDC1;ASS1;HGD;MLXIPL;LIPG;HPN;SHANK2;ALDH1L1;CPS1;SLC15A1;SOWAHA;GJB2,anal_pc5_c21_S1.filtered.gene_spectra_score.k_3.dt_0_01.txt
3,3,MUSCLE_FBN1_FAP,-2.0529461653968757,0.0,0.00016698654348698262,prerank,-0.45186992744755616,0.003,71/141,18.46%,LSP1;COL6A2;FBLN1;COL6A1;C1R;C1S;COL3A1;COL1A2;FGFR1;LTBP4;DCN;ELN;COL6A3;FSTL1;CELF2;COL1A1;SERPINF1;VCAN;MFAP4;FBN1;NID1;MMP2;APCDD1;TIMP2;DST;EFEMP1;EMP3;TNXB;COL14A1;HTRA1;FBLN2;PCOLCE;LAMB2;IGFBP5;S100A4;TNFAIP2;MXRA8;ACKR3;NTRK2;TFPI;PMP22;RBMS3;FTL;ABI3BP;SDC2;SERPING1;PRRX1;TIMP3;FN1;C3;FBLN5;PLTP;CFD;CD248;MGP;CCDC80;GPNMB;DBN1;CLU;LOXL1;OLFML2A;OLFML3;PDGFRA;AXL;CTSK;COL12A1;EBF1;CCN1;ANXA1;DDR2;SCARA5,anal_pc5_c21_S1.filtered.gene_spectra_score.k_3.dt_0_01.txt
3,3,MUSCLE_STROMAL,-2.051062571657827,0.0,0.0001633564012372656,prerank,-0.5519777720193143,0.003,30/50,31.34%,FBLN1;C1R;C1S;COL3A1;CXCL14;COL1A2;DCN;LUM;COL1A1;TNXB;MRC2;PCOLCE;GREM1;MGP;PDGFRA;CTSK;COL12A1;SCARA5;TMEM119;ANOS1;MFAP5;ITM2A;RSPO3;SPON2;ISLR;DPT;OSR1;CILP;IGFBP6;PI16,anal_pc5_c21_S1.filtered.gene_spectra_score.k_3.dt_0_01.txt
3,3,OLFACTORY_NEUROEPITHELIUM_RESPIRATORY_CILIATED,2.04048203089977,0.0,0.0,prerank,0.7602763619449011,0.0,12/40,6.60%,SLC44A4;TSPAN1;ELF3;CD24;CKB;TFF3;PROM1;TMC5;TSPAN6;PLAC8;CYSTM1;GDF15,anal_pc5_c21_S1.filtered.gene_spectra_score.k_3.dt_0_01.txt
3,3,PPP1R1B_POSITIVE,2.018846313073689,0.0,0.0,prerank,0.8118978407733555,0.0,16/27,11.74%,EPCAM;GOLM1;ELF3;LGALS3;MLPH;PPP1R1B;ABCC3;SULT1C2;SDC4;MARCKSL1;GPX2;FOS;KCNE3;IER3;JUN;SAT1,anal_pc5_c21_S1.filtered.gene_spectra_score.k_3.dt_0_01.txt
3,3,SQUAMOUS_EPITHELIAL,2.013229184807683,0.0,0.0,prerank,0.6556920050333389,0.0,74/182,18.08%,FAM3D;VSIG2;CEACAM5;B3GALT5;C15orf48;B3GNT3;AMN;LGALS3;ATP10B;FUT3;GCNT3;MUC4;FUT6;SERINC2;CEACAM6;SDCBP2;MUC20;POF1B;TMPRSS4;SCNN1B;DSC2;S100A14;CDKN2B;RDH13;NDRG2;XDH;METRNL;LCN2;MAL2;RAPGEFL1;RAB11FIP1;NIBAN2;SMIM5;PRSS22;C6orf132;CLCA4;OVOL1;CDKN1A;GJB2;IRF6;IL1RN;SPRR3;ADGRF1;FTH1;KRT19;SERPINB5;TP53INP2;CRNN;NECTIN4;SCEL;RHCG;KRT78;TMPRSS11B;PADI1;MAB21L4;COL17A1;NCCRP1;TMPRSS11D;RNF223;SPRR2D;FLG;SPRR2E;CLIC3;TMPRSS11E;PRSS27;MUC21;RNF39;SPRR1B;IL36RN;IL1RL2;KRT13;KRT4;CNFN;KRT80,anal_pc5_c21_S1.filtered.gene_spectra_score.k_3.dt_0_01.txt
3,3,NK,-2.011528593190159,0.0,0.0002131743108344459,prerank,-0.5084771806541518,0.004,36/66,20.66%,COL6A2;COL6A3;SRGN;LUM;COL1A1;ETS1;BCAM;MFGE8;FBN1;COL14A1;FAM43A;IGFBP7;GIMAP4;NOTCH3;TGFBR2;GIMAP7;LBH;CFH;TPM2;SPARCL1;UTRN;PDGFRB;ACTA2;GJC1;CCDC80;S1PR1;BNC2;CCDC102B;CAV1;CTSK;LIFR;ISYNA1;IFITM2;ICAM2;CRIP2;ITM2A,anal_pc5_c21_S1.filtered.gene_spectra_score.k_3.dt_0_01.txt
3,3,COLLECTING_DUCT_PRINCIPAL_CELLS_MEDULLA,2.006133431982251,0.0,0.0,prerank,0.6796780766867342,0.0,35/82,13.76%,HSD11B2;EPCAM;ITM2C;TSPAN1;CA2;CA12;KRT8;CD24;LLGL2;ATP1B1;SYTL2;SCIN;MYO10;CYSTM1;WFDC2;MECOM;NUPR1;CYB5A;MAL2;GDF15;GPRC5C;RASD1;ID1;FUCA1;SLPI;MYO1B;SEPTIN11;IVNS1ABP;SAT1;KAZN;RHOBTB3;DUSP1;MTUS1;FTH1;KRT19,anal_pc5_c21_S1.filtered.gene_spectra_score.k_3.dt_0_01.txt
3,3,CD4_NAIVE_T,-2.004250652560467,0.0,0.00026091647419841034,prerank,-0.5569592186020824,0.005,26/41,15.90%,TMC8;SEPTIN1;TRAF3IP3;FCMR;CD27;DGKA;PIM2;SPOCK2;CD3E;GIMAP4;CD3D;TCF7;CD6;IL7R;SELL;LCK;GIMAP7;ITK;SUSD3;BCL11B;STMN3;PCED1B;PIK3IP1;CCR7;TESPA1;IL32,anal_pc5_c21_S1.filtered.gene_spectra_score.k_3.dt_0_01.txt
3,3,SQUAMOUS,2.0025492111954004,0.0,0.0,prerank,0.6501204703580968,0.0,68/173,15.70%,FAM3D;TSPAN1;C15orf48;B3GNT3;AMN;FUT3;GCNT3;LRATD1;CAMK2N1;MUC4;FUT6;S100P;CEACAM6;MGLL;BICDL2;SDCBP2;SYTL2;MUC20;EHF;TMPRSS4;PLAC8;TMEM184A;PLEKHG6;CDKN2B;IFI27;SCNN1A;RDH13;LGALS9;LCN2;HPGD;BARX2;ALS2CL;EPS8L1;ASS1;SMIM5;SMPDL3A;SLPI;ARHGAP27;OAS1;PHLDA2;C6orf132;ACHE;CRYBG2;PLD1;GRAMD2B;CDKN1A;TNFRSF14;IL1RN;TGFA;SPRR3;MYZAP;EMP1;PSCA;ADGRF1;HMOX1;FBXO32;SERPINB5;TP53INP2;LNX1;NECTIN4;SCEL;RHCG;KRT78;TMPRSS11B;PADI1;RND3;MAB21L4;SPNS2,anal_pc5_c21_S1.filtered.gene_spectra_score.k_3.dt_0_01.txt
3,3,DIFFERENTIATING_STEM,2.001064783898958,0.0,0.0,prerank,0.7519134456863521,0.0,16/40,9.64%,EPCAM;GOLM1;AGR2;KRT8;PPP1R1B;NRARP;MAOA;SLC12A2;EPHB2;MGST1;LAD1;DMBT1;CCND2;GPX2;AQP1;KCNE3,anal_pc5_c21_S1.filtered.gene_spectra_score.k_3.dt_0_01.txt
3,3,KRT6BPOS_SECRETORY_PROGENITOR,1.9941825266715782,0.0,0.0,prerank,0.7176846331143034,0.0,28/50,17.52%,PRSS8;ATP10B;LIPH;GPRC5A;ST3GAL4;CEACAM1;MUC3A;PDZK1IP1;DUOX2;XDH;NTN4;EPS8L1;PDE9A;PRSS22;OAS1;SLC6A14;SLC15A1;MACC1;SECTM1;KRT78;TMPRSS11B;SPNS2;NCCRP1;TMPRSS11D;TMPRSS11E;PRSS27;MUC21;ADM,anal_pc5_c21_S1.filtered.gene_spectra_score.k_3.dt_0_01.txt
3,3,KIDNEY_10_IMMUNE,-1.9842997454252296,0.0,0.0003067099778332334,prerank,-0.6163759334049079,0.006,15/29,8.60%,CORO1A;LAPTM5;CD74;LCP1;ARHGDIB;SRGN;PTPRC;FYB1;SAMHD1;MAF;CCDC88A;S100A4;FTL;FGL2;CYBB,anal_pc5_c21_S1.filtered.gene_spectra_score.k_3.dt_0_01.txt
3,3,LATE_SUPRABASAL,1.983176849095604,0.0,7.340300549851756e-05,prerank,0.6647547492139333,0.003,43/93,18.04%,LGALS3;CLDN4;CD24;CEACAM6;MGLL;RAB25;MALL;PDZK1IP1;DSC2;SERPINB1;S100A14;CDKN2B;MAL2;CST3;SORT1;NIBAN2;EVPL;SLPI;MPZL2;CDA;CLCA4;CDKN1A;CYP2C18;GJB2;IL1RN;HMGCS1;SPRR3;DBI;CRNN;TUBA1C;SCEL;RHCG;SOD2;NCCRP1;SPRR2D;NDRG1;CLIC3;MUC21;SPRR1B;KLK13;KRT13;KRT4;TM7SF2,anal_pc5_c21_S1.filtered.gene_spectra_score.k_3.dt_0_01.txt
3,3,CHOROID_SCLERA_MONOCYTES,-1.979523387000237,0.0,0.00035067174132266357,prerank,-0.5283867503871467,0.007,29/54,21.18%,ARHGAP15;DOCK2;ARHGAP9;ARHGAP30;ADA2;SIPA1;DGKA;DOCK11;GLIPR1;PSTPIP1;DPYSL2;KLHL6;GPSM3;ITGA5;CDC25B;KDM2B;CTSH;ARHGAP25;DPYD;ADAM8;SLC1A4;PTK2B;PREX1;CD69;IL27RA;SLC7A7;BTK;FSCN1;MILR1,anal_pc5_c21_S1.filtered.gene_spectra_score.k_3.dt_0_01.txt
3,3,LGR5POS_STEM,1.9789088037158236,0.0,7.103516661146861e-05,prerank,0.8433801277633827,0.003,15/20,12.06%,ATP10B;PPP1R1B;LEFTY1;SULT1B1;MGST1;RGMB;DAPK2;GDF15;PTGDR;EVPL;SLPI;GPX2;LIPG;GJB2;SLC27A2,anal_pc5_c21_S1.filtered.gene_spectra_score.k_3.dt_0_01.txt
3,3,ENTEROCYTE_PROGENITOR_SUBTYPE,1.9736438766198363,0.0,6.881531765486022e-05,prerank,0.7148834734930088,0.003,19/49,12.28%,AOC1;CD24;SULT1B1;RAB25;POF1B;NR5A2;MGST1;RARRES1;PRSS3;TSPAN13;CFB;DMBT1;FBP1;FAM110C;STARD5;AQP1;PNP;ENPP4;DPP4,anal_pc5_c21_S1.filtered.gene_spectra_score.k_3.dt_0_01.txt
3,3,ADRENAL_STROMAL,-1.967669155892019,0.0,0.00044202320334789526,prerank,-0.45225546454672666,0.009,60/100,37.42%,C1R;COL3A1;DCN;COL6A3;LUM;COL1A1;MYH11;PCOLCE;BMP4;MXRA5;CDH11;THBS2;PCDH18;ABI3BP;PRRX1;SFRP2;ACTA2;PODN;CD248;MGP;SULT1E1;CCDC80;CCDC102B;PRELP;FGF7;TAGLN;SULF1;PAMR1;GLI2;PDGFRA;COL12A1;IGFBP3;ABCA6;ADH1B;SCARA5;TMEM119;ADAMTS14;VIPR2;RSPO3;OLFML1;ITGA11;ACTG2;LAMC3;ISLR;LOX;BICC1;OSR1;IGFBP6;TWIST2;PI16;CLDN11;C7;MSC;ADAMTSL3;TRPC4;PDE1A;CYP1B1;CHRDL1;OGN;ASPN,anal_pc5_c21_S1.filtered.gene_spectra_score.k_3.dt_0_01.txt
3,3,HEART_STROMAL,-1.9615868553570939,0.0,0.00048169195236629603,prerank,-0.6067128477973788,0.01,19/28,30.10%,FBLN1;COL1A2;DCN;LUM;COL1A1;SERPINF1;PCOLCE;GPC3;PTN;ADAMTS2;CCL11;PRELP;PDGFRA;SCARA5;MFAP5;ISLR;DPT;HTRA3;CILP,anal_pc5_c21_S1.filtered.gene_spectra_score.k_3.dt_0_01.txt
3,3,FGFR1LOW_EPITHELIAL,-1.9449015587211553,0.0,0.000614384452452106,prerank,-0.6709306937309478,0.013,16/21,21.54%,LAPTM5;GPC1;CYTIP;TRAF1;IL10RA;CD52;LPXN;TCF7;CLCA2;PHTF2;GAS7;PIP4K2A;CD69;ISYNA1;NDRG4;SLC2A3,anal_pc5_c21_S1.filtered.gene_spectra_score.k_3.dt_0_01.txt
3,3,CD5_POS_CCL22_POS_MATURE_B,-1.940142367743512,0.0,0.0006957772645290943,prerank,-0.41688954991693083,0.015,126/223,28.34%,AKNA;ITGAL;FLNA;ARHGAP9;ARL4C;TRAC;SRGN;NUP210;DENND1C;PLEKHO1;CMTM3;CCDC88C;ADAM19;CD27;ITGB7;IL10RA;FMNL3;TRBC1;ABI3;KCNAB2;MPEG1;PTPN7;MCM2;S100A4;BIN2;SKAP1;PDLIM7;LPCAT1;SLAMF7;LCK;TNFRSF18;RFTN1;TNFRSF13B;CTSH;NAB2;FCRL2;TNFRSF13C;NFKB2;DOK2;CYBB;CTSC;ADAM8;ENTPD1;RASSF5;SERPINB9;CCDC141;RASSF2;DSE;APOBEC3G;SLC1A4;PHF19;CD5;IGFLR1;NFATC1;LRRK2;CDKN2A;MCM6;CXCR5;SESN3;ZNF589;TTN;MS4A6A;ADGRG5;IL2RG;IL21R;NIBAN1;RAB8B;IFI30;TLR10;GRK3;TMEM154;CKLF;CCR7;FCRL5;WNT10A;TESPA1;EVI2A;ACP5;PLEK;BCL2;SEMA7A;KYNU;SFI1;ABCA6;ICAM1;IL27RA;SEC11C;RUNX3;ARHGAP24;SLC7A7;RGS1;MRNIP;CNR2;SIGLEC10;BATF;HCST;PTPN22;SH2B2;GPR65;MYO3A;PDLIM2;MTERF4;SAMSN1;ST3GAL2;PRKD3;AMPD3;LPIN1;CLEC17A;SHISAL2A;STAP1;TENT5C;JAZF1;RILPL2;PPM1M;ECE1;STAT1;LONRF1;TESC;RGCC;JADE2;MAP3K8;IMMP2L;MATK;PLK3;SGK1;GM2A,anal_pc5_c21_S1.filtered.gene_spectra_score.k_3.dt_0_01.txt
3,3,THICK_ASCENDING_LIMB,1.936853334518758,0.0,0.00024467668499505855,prerank,0.6310341238723419,0.011,39/127,10.72%,EPCAM;ITM2C;GOLM1;SELENBP1;PRSS8;CA12;CD24;CKB;TFCP2L1;NR3C2;WNK4;LLGL2;ATP1B1;EPS8L2;PPARGC1A;LGR4;MECOM;SCNN1A;FLNB;USP53;SULT1C2;KIF12;BACE2;FGD4;VAV3;FMN1;CST3;LMO7;GAS6;SDC4;SLC3A1;SORT1;KCNQ1;PTPN3;WLS;HPN;CAT;IVNS1ABP;PCCA,anal_pc5_c21_S1.filtered.gene_spectra_score.k_3.dt_0_01.txt
3,3,EARLY_IMMATURE_ENTEROCYTES,1.9358019952186944,0.0,0.0002374803119069686,prerank,0.7663823431590154,0.011,17/26,13.76%,CA2;LGALS3;KRT8;SLC4A4;ATP1B1;MAOA;SLC5A1;CYB5A;ANPEP;DMBT1;FBP1;PNP;CAT;CPS1;SAT1;FTH1;KRT19,anal_pc5_c21_S1.filtered.gene_spectra_score.k_3.dt_0_01.txt
3,3,ADRENAL_CSH1_CSH2_POSITIVE,1.9356562140281681,0.0,0.00023069516013819808,prerank,0.6625437608493581,0.011,30/79,14.68%,CLDN7;HSD11B2;CLDN4;KRT8;S100P;SERINC2;TMC5;SPINT1;SPIRE2;SCIN;TMEM184A;RDH13;CLIC5;EXPH5;ANXA3;GDF15;ITGB6;EPS8L1;PKIB;ASS1;PHLDA2;ITGB4;GRHL2;CPS1;L1TD1;SLC19A3;MET;STS;NECTIN4;TNFRSF12A,anal_pc5_c21_S1.filtered.gene_spectra_score.k_3.dt_0_01.txt
3,3,CTX_MICROGLIA,-1.9346533393080418,0.0,0.0009563774763345369,prerank,-0.440893500459212,0.021,84/113,41.76%,CNTRL;ADAM28;EVI2B;EZH2;CTSC;NUSAP1;CENPM;PHF19;TCF19;ALOX5AP;CENPU;SMC4;CDKN2C;CKLF;PTTG1;TPX2;FAM111A;NCAPG2;CTSB;CDK1;TACC3;NCAPG;ANP32E;HMGB2;SIGLEC10;TOP2A;NCAPD2;HERC5;C1QC;NDC80;ANLN;C1QB;CD83;PRC1;FBXO5;CENPF;ASPM;CKAP2;CIT;KIF11;NUF2;ZWINT;AURKB;HJURP;KIF18B;RRM2;DLGAP5;KIF15;KIF23;GPR34;PCLAF;POLQ;KIF2C;FOLR2;FAM83D;MELK;BIRC5;CCNF;KIF20A;MERTK;CDCA2;CENPE;DIAPH3;SPC25;KNSTRN;CCNB2;TTF2;HMMR;KIF14;CCL4;DEPDC1;ESPL1;ARHGAP11A;KIF22;CCNB1;CEP55;TROAP;BUB1;CDCA3;GTSE1;CENPW;KIF20B;CKAP2L;MKI67,anal_pc5_c21_S1.filtered.gene_spectra_score.k_3.dt_0_01.txt
3,3,PROXIMAL_SECRETORY_2,1.9317029034783577,0.0,0.00024467668499505855,prerank,0.6176833776049727,0.012,70/184,14.62%,SLC44A4;FAM3D;B3GALT5;TSPAN1;AMN;CREB3L1;MLPH;FCGBP;TRPM4;MUC4;S100P;LIPH;CEACAM6;BICDL2;SERPINA1;CAPN8;SYTL2;PROM1;MUC20;TMC5;NPDC1;EHF;POF1B;C4orf19;TMPRSS4;CRACR2A;SLC22A23;MYB;VIPR1;WNK2;SCNN1A;LRG1;NUPR1;MCTP2;LGALS9;TMEM176B;ATP2C2;DEGS2;TMEM176A;LCN2;HPGD;EPS8L1;DOCK5;EPAS1;SLPI;CNTN3;ARHGAP27;MB;CDC42BPG;ITGB4;STXBP6;SH2D3A;GRAMD2B;CDKN1A;CXCL3;ATP2A3;TNFRSF14;PLLP;RASL11A;ATP13A4;DNAJA4;EMP1;PSCA;MET;ADGRF1;PAG1;CRYM;LNX1;NECTIN4;SOD3,anal_pc5_c21_S1.filtered.gene_spectra_score.k_3.dt_0_01.txt
3,3,PROXIMAL_SECRETORY_1,1.9269987111687343,0.0,0.0002579024517515482,prerank,0.6661110665488438,0.013,18/73,6.06%,FAM3D;B3GALT5;TSPAN1;MLPH;FCGBP;S100P;LIPH;CEACAM6;SERPINA1;CAPN8;MUC20;EHF;NT5E;WNK2;SCNN1A;ATP2C2;LCN2;HPGD,anal_pc5_c21_S1.filtered.gene_spectra_score.k_3.dt_0_01.txt
3,3,ALVEOLAR_EPITHELIAL_TYPE_2,1.9261542844968704,0.0,0.00025111554512650746,prerank,0.6496622843371839,0.013,32/84,14.26%,SELENBP1;MUC1;CA2;MLPH;PPP1R1B;PARM1;AK1;SERPINA1;MALL;SERPINB1;SMAGP;C1orf21;S100A14;AGPAT2;DMBT1;BMP2;FBP1;PID1;RAB27A;SLC6A14;SDR16C5;AQP1;P3H2;CAT;CXCL3;BLVRB;SPRY4;LGALSL;HMOX1;AREG;DBI;DUSP6,anal_pc5_c21_S1.filtered.gene_spectra_score.k_3.dt_0_01.txt
3,3,KIDNEY_7_LOOPOF_HENLE_CELLS_DISTAL,1.9235878021587356,0.0,0.00024467668499505855,prerank,0.6911940223530284,0.013,18/56,8.00%,EPCAM;ITM2C;MUC1;CA12;CD24;CKB;TFCP2L1;RBM47;ATP1B1;CYSTM1;MECOM;SULT1C2;VAV3;NEDD4L;MYO6;SDC4;CPM;ID2,anal_pc5_c21_S1.filtered.gene_spectra_score.k_3.dt_0_01.txt
3,3,TRANSIT_AMPLIFYING,1.9226374748626605,0.0,0.0002385597678701821,prerank,0.8058083248212804,0.013,8/22,5.48%,EPCAM;GOLM1;AGR2;KRT8;PPP1R1B;MAOA;MGST1;DMBT1,anal_pc5_c21_S1.filtered.gene_spectra_score.k_3.dt_0_01.txt
3,3,MAJOR_TYPES_MICROGLIA,-1.9201345192361605,0.0,0.0012076705377183567,prerank,-0.3998946362822082,0.027,149/280,28.36%,CORO1A;LAPTM5;IKZF1;ARHGAP4;ATM;DOCK2;CD53;IL16;A2M;HCLS1;ARHGAP9;CD74;LCP1;ARHGDIB;SASH3;PARVG;SRGN;CD37;APBB1IP;CYTH4;UCP2;PTPRC;ADA2;FYB1;SERPINF1;ADAM28;MAF;ITGB2;FGD2;PLCB2;IL10RA;RNF213;FMNL3;TIMP2;PTPN6;DOCK8;INPP5D;CD4;GLIPR1;RCSD1;NCKAP1L;SFMBT2;GPSM3;TSC22D3;GIMAP4;HTRA1;ABI3;MYO1F;KLF2;MPEG1;APOE;BIN2;LPAR6;NABP1;SMAP2;PPT1;NCF4;RUNX1;VAV1;TMC6;CD300A;FTL;SP100;ALOX5;CYBB;CTSC;GPR183;ENTPD1;SELPLG;CD84;GMFG;C3;PLTP;WAS;IGFLR1;LAT2;TNFRSF1B;ALOX5AP;BTG2;STAB1;AOAH;SESN3;ARRB2;HVCN1;SLC9A9;IFI30;PALD1;TLR10;PDPN;OLFML3;AXL;IRF8;EVI2A;PLEK;RAPGEF6;CPED1;IGF1;TAGAP;GAA;CTSB;LYST;IPCEF1;SWAP70;LAIR1;MS4A7;SLC7A7;RGS1;FRMD4A;CSF1R;SIRPA;IFITM2;HERPUD1;SIGLEC10;ADRB2;TMEM119;HCST;EGFL7;SLC15A3;SAMSN1;MILR1;C1QA;C1QC;LY86;MAN2B1;PTGS1;C1QB;LY96;CD83;ITGAX;C3AR1;FES;HCK;HAVCR2;CD36;PLVAP;CH25H;LST1;PLD3;CPVL;DOCK4;FCGR2A;RAB3IL1;TMEM273;ADAP2;SGK1;PTPRE;TYROBP;GM2A;PDGFB,anal_pc5_c21_S1.filtered.gene_spectra_score.k_3.dt_0_01.txt
3,3,COLLECTING_DUCT_INTERCALATED_CELLS_TYPE_A_MEDULLA,1.9198141735943617,0.0,0.00026854758109213746,prerank,0.6598895575554591,0.015,18/67,8.10%,EPCAM;TSPAN1;CA2;CA12;LGALS3;CD24;TFCP2L1;ATP1B1;SCIN;CYSTM1;WFDC2;CYB5A;IL18;RETREG1;EPS8;RASD1;ITGA6;MBOAT2,anal_pc5_c21_S1.filtered.gene_spectra_score.k_3.dt_0_01.txt
3,3,LYZ_POSITIVE,1.9185893891509849,0.0,0.00026215359106613413,prerank,0.7928654974923314,0.015,11/23,9.70%,GOLM1;AGR2;CREB3L1;CD24;PPP1R1B;SLC12A2;PKDCC;CST3;SLPI;FOS;FMOD,anal_pc5_c21_S1.filtered.gene_spectra_score.k_3.dt_0_01.txt
3,3,RETINA_FIBROBLAST,-1.9165811676099953,0.0,0.001274370989769078,prerank,-0.4102786470445061,0.028,118/233,21.58%,COL6A2;FBLN1;COL5A1;C1R;TCF4;COL3A1;COL1A2;FLNA;FGFR1;TGFBI;LTBP4;COL4A2;SPARC;DCN;COL6A3;FSTL1;LUM;COL1A1;PXDN;ETS1;CALD1;AEBP1;ANTXR1;VCAN;CMTM3;MFAP4;FBN1;NID1;MMP2;CXCL12;COL4A1;COL4A5;EMILIN1;LAMA4;EMP3;MRC2;COL5A2;IGFBP7;ALCAM;TUSC3;PCOLCE;ENG;LAMB2;KLF2;IGFBP5;ITGA5;NOTCH3;MFAP2;MXRA8;LPAR6;MXRA5;MYL9;PTN;TSPYL2;TFPI;CDH11;LAMC1;PMP22;TPM2;THY1;RBMS3;PCDH18;BGN;CTSC;UTRN;SDC2;PRRX1;PDGFRB;FN1;DSE;SNAI2;EPHA7;TNS2;CD248;PITX1;CLMP;SULT1E1;CCDC80;PLPP3;BTG2;FRMD6;NRP2;FGFR2;WWTR1;PHLDB2;SULF1;OLFML3;PDGFRA;LOXL2;MCAM;TPST1;CTSK;PLEKHH2;EFEMP2;CPED1;FAM111A;HIC1;COL21A1;SNED1;CCN1;MEF2C;GLT8D2;DDR2;SCARA5;FRMD4A;IFITM2;HERPUD1;CPXM1;SHISA2;TMEM119;EGFL7;TGM2;ITM2A;SMAD3;SYNPO2;FHL3;SLC2A3;RSPO3,anal_pc5_c21_S1.filtered.gene_spectra_score.k_3.dt_0_01.txt
3,3,NECK,1.9081560933824475,0.0,0.0002731274623200654,prerank,0.8340069671776333,0.016,8/18,6.00%,GOLM1;CREB3L1;SLC4A4;CD24;PPP1R1B;SLC12A2;RGMB;CST3,anal_pc5_c21_S1.filtered.gene_spectra_score.k_3.dt_0_01.txt
3,3,STROMAL,-1.9059546266083809,0.0,0.0014251437763113173,prerank,-0.37951916351547144,0.032,113/269,20.64%,COL6A2;FBLN1;COL5A1;COL6A1;C1R;C1S;TCF4;COL3A1;CXCL14;COL1A2;LTBP4;SPARC;DCN;DPYSL3;COL6A3;FSTL1;LUM;COL1A1;SERPINF1;CALD1;AEBP1;MFGE8;MFAP4;FBN1;PFN2;MMP2;MYH11;CXCL12;EMILIN1;PTGDS;TIMP2;MRC2;COL14A1;COL5A2;IGFBP7;RBP1;HTRA1;PCOLCE;LAMB2;IGFBP5;APOE;PDLIM7;MXRA8;TSHZ2;ABCA8;GSTM3;MXRA5;MYL9;NR2F1;CDH11;ADAM33;CFH;TPM2;THBS2;PCDH18;TNS1;SP100;FOXF1;RUNX2;OBSL1;SPARCL1;BGN;SDC2;SERPING1;CAVIN1;PDGFRB;ADAMTS2;LOXL4;FN1;ADAMTSL4;SFRP2;CERCAM;LAMA2;PLTP;ACTA2;PODN;EPHX1;CD248;PITX1;MGP;SULT1E1;CCDC80;PLPP3;BNC2;CCL11;MAP1B;ITGA8;CAV1;PRELP;SOX4;PDLIM4;FGF7;TAGLN;OLFML3;PDGFRA;CTSK;ITGB3;PALLD;COL12A1;ABCA6;ISYNA1;MEF2C;DDR2;SCARA5;IFITM2;SOCS1;OSR2;TMEM119;CDKN1C;ADIRF;MFAP5;PDLIM2;SLC7A2,anal_pc5_c21_S1.filtered.gene_spectra_score.k_3.dt_0_01.txt
3,3,OLFACTORY_NEUROEPITHELIUM_MONOCYTES,-1.9039810509317163,0.0,0.0014009887970518034,prerank,-0.60134968448181,0.032,22/28,32.10%,CD74;SRGN;FGL2;GPR183;SFRP2;SFRP1;MS4A6A;IFI30;MS4A7;RGS1;HERPUD1;REL;C1QA;C1QC;C1QB;CD83;PHACTR1;LST1;SGK1;TYROBP;FCER1G;AIF1,anal_pc5_c21_S1.filtered.gene_spectra_score.k_3.dt_0_01.txt
3,3,STELLATE,-1.90341817719111,0.0,0.0014193856196393524,prerank,-0.38364607838976134,0.033,112/277,19.02%,COL6A2;FBLN1;COL5A1;COL6A1;C1R;C1S;TCF4;COL3A1;CXCL14;COL1A2;FLNA;LTBP4;A2M;COL4A2;SPARC;DCN;COL6A3;FSTL1;LUM;COL1A1;PXDN;ANXA6;SERPINF1;MXRA7;CALD1;AEBP1;ANTXR1;MFAP4;FBN1;DKK3;NID1;MMP2;MYH11;CXCL12;COL4A1;TBX2;PTGDS;TIMP2;DST;EFEMP1;COL14A1;ITIH5;ARID5B;DPYSL2;IGFBP7;RBP1;FBLN2;PCOLCE;ENG;IGFBP5;NOTCH3;ADGRA2;MXRA8;MYL9;PTN;NR2F1;LAMC1;CFH;TPM2;THY1;THBS2;RBMS3;TNS1;FXYD6;RBPMS;SPARCL1;ID4;BGN;VSTM4;TIMP3;CAVIN1;PDGFRB;CRISPLD2;ADAMTS2;LAMA2;FBLN5;ACTA2;SVEP1;GGT5;MGP;ALDH1A1;CCDC80;BTG2;SFRP1;MAP1B;ITGA8;CYGB;CAV1;PRELP;FGFR2;OLFML3;PDGFRA;MCAM;SCARF2;ITGA9;PALLD;LHFPL6;DENND2A;EBF1;IGFBP3;CCN1;ADAMTS1;LIFR;CCL2;ISYNA1;PBX1;DDR2;ARHGEF17;GPC6;CSPG4;IFITM2;NES,anal_pc5_c21_S1.filtered.gene_spectra_score.k_3.dt_0_01.txt
3,3,KIDNEY_6_COLLECTING_DUCT,1.900279422754444,0.0,0.00026692001999460935,prerank,0.7042259745761158,0.016,19/41,11.74%,EPCAM;AGR2;CLDN4;KRT8;EFNB2;SCIN;WFDC2;MECOM;CYB5A;MAL2;NEDD4L;MYO6;ID1;FOS;TSC22D1;JUN;IVNS1ABP;ECHDC2;SAT1,anal_pc5_c21_S1.filtered.gene_spectra_score.k_3.dt_0_01.txt
3,3,CL18_B_LYMPHOCYTE,-1.8970693951053412,0.0,0.0015603660620914772,prerank,-0.4033298039310359,0.037,65/139,20.26%,LSP1;CORO1A;LAPTM5;TCF4;LIMD2;CD53;LTB;HCLS1;FMNL1;CD74;LCP1;CLEC2D;ARHGDIB;CXCR4;SRGN;CD37;CD79A;UCP2;CYTIP;SEPTIN6;IGKC;PTGDS;STK4;JCHAIN;EMP3;CD4;GLIPR1;LPXN;GPSM3;JAML;TXNRD1;SELL;MZB1;EVI2B;SH3BP5;FTL;NFKB2;CTSC;GPR183;SERPINB9;THEMIS2;IRF4;DERL3;ALOX5AP;FERMT3;HES4;SMC4;MS4A6A;IL2RG;SLC7A11;HVCN1;CCR7;ISG20;IRF8;PLEK;SH3TC1;CTSB;SEC11C;ARID5A;MYBL2;HERPUD1;HCST;REL;GPR65;PMAIP1,anal_pc5_c21_S1.filtered.gene_spectra_score.k_3.dt_0_01.txt
3,3,NEUROTYPES_HMGL,-1.894437998680153,0.0,0.0015351988675416145,prerank,-0.3703879266218606,0.037,161/370,21.50%,WIPF1;LAPTM5;TMC8;IKZF1;ARHGAP4;CD53;IL16;ANKRD44;A2M;ARHGAP45;HCLS1;CD74;LCP1;ARHGDIB;RASAL3;SASH3;PARVG;SRGN;JAK3;CD37;KRT17;APBB1IP;CYTH4;UCP2;PTPRC;TRIM22;STK17B;FYB1;SERPINF1;ADAM28;CYTIP;SAMHD1;MAF;SEPTIN6;ITGB2;FGD2;PLCB2;RNF213;PTPN6;DOCK8;INPP5D;CD4;GLIPR1;RCSD1;PARP14;NCKAP1L;SFMBT2;GIMAP4;HTRA1;ABI3;MYO1F;PGGHG;KLF2;CSF1;MPEG1;APOE;TGFBR2;PLCG2;IL7R;BIN2;ADCY7;LPAR6;SLA;CARD11;EVI2B;TRPV2;PPT1;NCF4;CD48;RUNX1;VAV1;CTSH;ARHGAP25;FTL;ALOX5;DOK2;NFATC2;FGL2;CYBB;CTSC;SPI1;GPR183;ENTPD1;POU2F2;SELPLG;CD84;GMFG;C3;PTK2B;LAT2;DRAM1;TIAM1;NFATC1;MFNG;DERL3;TNFRSF1B;LRRK2;ALOX5AP;GPNMB;STAB1;GAB3;FERMT3;MCTP1;IL1R1;ARHGEF6;KRT14;GIMAP5;PRDM1;ARRB2;SLC7A11;TNFAIP3;NIBAN1;SLC9A9;DENND3;PALD1;PDPN;OLFML3;PIK3IP1;AXL;RGL1;IRF8;EVI2A;PLEK;CPED1;IGF1;TAGAP;HSPA6;CTSB;CD69;IGFBP3;PLAU;LYST;IPCEF1;ICAM1;HHEX;IL27RA;CCL2;LAIR1;MS4A7;MEF2C;RUNX3;SLC7A7;RGS1;CSF1R;SIRPA;BTK;HERPUD1;TMEM119;HCST;REL;ANOS1;SLC15A3;GPR65;PMAIP1;KIAA1755;SAMSN1;MAFB;C1QA;FHL3;C1QC;LY86,anal_pc5_c21_S1.filtered.gene_spectra_score.k_3.dt_0_01.txt
3,3,HEART_SMOOTH_MUSCLE,-1.8894730556462196,0.0,0.0016301067340395924,prerank,-0.46693412538560536,0.04,36/72,24.26%,FBLN1;C1R;C1S;COL3A1;COL1A2;SPARC;ELN;COL1A1;SERPINF1;MYH11;COL14A1;PCOLCE;NOTCH3;S100A4;TSHZ2;NTRK2;CFH;BGN;PDGFRB;SFRP2;ACTA2;SULT1E1;CCDC80;CYGB;TAGLN;CTSK;ARHGEF17;COLEC12;OSR2;MYO3A;MFAP5;ITM2A;C11orf96;CRABP2;ACTG2;CPE,anal_pc5_c21_S1.filtered.gene_spectra_score.k_3.dt_0_01.txt
3,3,IRIS_CILIARY_BODY_ACTIVATED_T,-1.8853029023001233,0.0,0.0016829112585797468,prerank,-0.5021794428854955,0.042,28/51,17.92%,SYTL1;NUP210;FGD3;MAF;ADAM19;RNF213;RIPOR2;SPN;TCF7;CARD11;RORA;PRKCB;SLAMF1;ST3GAL1;IL2RB;SLAMF6;ADAM8;CHST12;P2RY10;CYFIP2;TNFRSF1B;AOAH;FLT3LG;GOLGA8B;TNFSF14;SFI1;IPCEF1;ARID5A,anal_pc5_c21_S1.filtered.gene_spectra_score.k_3.dt_0_01.txt
3,3,PROXIMAL_SECRETORY_3,1.8754653396346084,0.0,0.0003751709169924231,prerank,0.6186321423003506,0.023,38/128,11.68%,SLC44A4;FAM3D;TSPAN1;C15orf48;B3GNT3;FUT3;MUC4;S100P;LIPH;CEACAM6;BICDL2;EPB41L4B;SYTL2;PROM1;MUC20;NPDC1;EHF;SPIRE2;PLAC8;LGR4;MYB;TMEM184A;NUPR1;LGALS9;LCN2;ASS1;SMIM5;EPAS1;SLPI;ITGB4;STXBP6;EDN1;KDM7A;GRAMD2B;CCL20;CDKN1A;CASZ1;TNFRSF14,anal_pc5_c21_S1.filtered.gene_spectra_score.k_3.dt_0_01.txt
3,3,PARIETAL_AND_CHIEF,1.8685915727385425,0.0,0.00041488655281770795,prerank,0.7354161885265299,0.026,14/33,13.36%,VSIG2;CKB;HK2;PFKFB2;FGD4;GPRC5C;KCNQ1;PAQR5;GPX2;EPN3;TXNDC17;RAP1GAP2;HIP1R;PSCA,anal_pc5_c21_S1.filtered.gene_spectra_score.k_3.dt_0_01.txt
3,3,IRIS_CILIARY_BODY_MONOCYTES,-1.8671073606334092,0.0,0.002427727439926132,prerank,-0.45832364365847705,0.061,36/74,19.48%,TMC8;LIMD2;DOCK2;IL16;ARL4C;ARHGAP30;CXCR4;ITGA4;JAK3;UCP2;DOCK11;INPP5D;CD4;NCKAP1L;PSTPIP1;CCDC88B;JAML;GIMAP7;STK10;CD48;TMC6;ALOX5;DPYD;C3;THEMIS2;GPR155;GIMAP5;FGR;KYNU;LILRB1;ARID5A;ARHGAP24;SLC7A7;FRMD4A;SIGLEC10;RCBTB2,anal_pc5_c21_S1.filtered.gene_spectra_score.k_3.dt_0_01.txt
3,3,CD8_MEMORY_EFFECTOR_T,-1.8652916647535185,0.0056179775280898875,0.0024668466651486076,prerank,-0.6678468438791454,0.063,14/17,22.76%,IKZF3;FYN;CD3D;IL7R;PYHIN1;CCL5;CD8A;PIP4K2A;PRDM1;IL32;CD3G;SH2D1A;CXCR6;GZMK,anal_pc5_c21_S1.filtered.gene_spectra_score.k_3.dt_0_01.txt
3,3,KIDNEY_STROMAL,-1.8549231958181567,0.0,0.002691723387551362,prerank,-0.43280386160243417,0.07,55/97,38.06%,C1R;COL3A1;COL1A2;SPARC;DCN;LUM;COL1A1;SERPINF1;FBN1;COL14A1;FBLN2;ABCA8;MXRA5;THBS2;SPARCL1;PRRX1;ADAMTSL4;LTBP2;SFRP2;PODN;GREM1;MGP;ANGPTL2;PRELP;SULF1;EYA2;COL12A1;IGF1;SCARA5;COL5A3;OSR2;AHNAK2;CRYAB;MFAP5;ACTG2;ISLR;LOX;TPPP3;DPT;HTRA3;OSR1;CADM3;SRPX;IGFBP6;PI16;DCLK1;OLFML2B;AOX1;CCL19;ADAMTSL3;RASL12;CHRDL1;OGN;ASPN;ANGPTL1,anal_pc5_c21_S1.filtered.gene_spectra_score.k_3.dt_0_01.txt
3,3,PREZYMOGENIC,1.8531869867588984,0.0,0.000780883037218272,prerank,0.7376843492968355,0.049,12/28,10.22%,FAM3D;SLC4A4;SLC12A2;TCEA3;NFKBIZ;MECOM;RGMB;EPHB3;FOS;PLCB4;FMOD;JUN,anal_pc5_c21_S1.filtered.gene_spectra_score.k_3.dt_0_01.txt
3,3,OLFACTORY_NEUROEPITHELIUM_OLFACTORY_MICROVILLAR,1.8518709296736533,0.0,0.0007951992262339403,prerank,0.7705438580548175,0.051,8/24,5.98%,EPCAM;GOLM1;C15orf48;KRT8;CD24;SCNN1B;MGST1;SEMA3C,anal_pc5_c21_S1.filtered.gene_spectra_score.k_3.dt_0_01.txt
3,3,SIGNALING_ALVEOLAR_EPITHELIAL_TYPE_2,1.8469324929859545,0.0,0.0008988123122267457,prerank,0.6983233607044795,0.059,14/38,10.84%,SELENBP1;MUC1;CREB3L1;PARM1;MALL;QSOX1;C1orf21;S100A14;CYB5A;FBP1;CPM;ATP8A1;RNASE1;TXNDC17,anal_pc5_c21_S1.filtered.gene_spectra_score.k_3.dt_0_01.txt
3,3,INTESTINE_ADULT_CH_MKI67HIGH,-1.8460740922854875,0.0,0.003167832957326582,prerank,-0.4979038923205538,0.084,40/48,43.82%,TPX2;TACC3;NCAPG;MYBL2;TOP2A;MYO3A;KIFC1;RAD54L;NDC80;ANLN;CDC45;CENPF;DTL;CIT;KIF11;NUF2;AURKB;HJURP;KIF15;KIF23;KIF2C;BIRC5;EXO1;KIF20A;CDCA2;DIAPH3;HMMR;DEPDC1;ESPL1;ARHGAP11A;CEP55;TROAP;PIF1;BUB1;CDCA3;GTSE1;CKAP2L;MKI67;LYPD5;IQGAP3,anal_pc5_c21_S1.filtered.gene_spectra_score.k_3.dt_0_01.txt
3,3,CLUB,1.8430196101937464,0.0,0.0010423226780789494,prerank,0.6395481169158301,0.069,22/73,9.28%,MLPH;S100P;LIPH;CEACAM6;GPRC5A;SERPINA1;CRACR2B;MUC20;TMC5;HSD17B11;EHF;SCNN1B;MGST1;CYB5A;CLIC5;NEDD4L;CST3;GDF15;CRIM1;EPAS1;SLPI;RNASE1,anal_pc5_c21_S1.filtered.gene_spectra_score.k_3.dt_0_01.txt
3,3,CEREBELLUM_MICROGLIA,-1.8384666968878713,0.0,0.003557539404722674,prerank,-0.33471592473411904,0.093,186/386,27.46%,CORO1A;LAPTM5;TMC8;ARHGAP15;IKZF1;ITGAL;ARHGAP4;DOCK2;CD53;RAC2;HCLS1;ARHGAP9;FMNL1;TRAF3IP3;CD74;LCP1;RASAL3;ARHGAP30;SASH3;PARVG;JAK3;CD37;APBB1IP;CYTH4;UCP2;PTPRC;TRIM22;ADA2;FYB1;SERPINF1;DEF6;ADAM28;CYTIP;DENND1C;MAF;ITGB2;FGD2;PIK3CD;PLCB2;IL10RA;PTPN6;DOCK8;CD4;GLIPR1;SP140;NCKAP1L;SFMBT2;HTRA1;PARP15;WDFY4;MYO1F;CCDC88B;SPN;CSF1;MPEG1;PTPN7;LCP2;APOE;PLCG2;IL7R;S100A4;BIN2;SELL;CARD11;EVI2B;NABP1;SMAP2;NCF4;RUNX1;VAV1;ARHGAP25;FTL;ALOX5;NFATC2;CYBB;SLAMF6;CTSC;SPI1;GPR183;ENTPD1;CD28;SELPLG;CD84;C3;RHOH;GPR132;CFD;CSF2RB;WAS;MX2;SUSD3;IGFLR1;NFATC1;PIK3R5;ALOX5AP;BTG2;GPNMB;CDKN2A;GAB3;BNC2;AOAH;FERMT3;IL12RB1;MS4A6A;ARRB2;SLC9A9;GBP2;TLR10;SNX20;TMEM156;ITGB3;IRF8;PLEK;IGF1;TAGAP;GAA;HSPA6;TNFSF14;CTSB;CD69;IPCEF1;ICAM1;LILRB1;ZC3H12D;ABCC4;CCL2;LAIR1;MS4A7;ARID5A;SLC7A7;RGS1;CSF1R;TLR6;BTK;NRROS;UAP1L1;SIGLEC10;ADRB2;BATF;TMEM119;TRPM2;SLC15A3;PIK3AP1;SAMSN1;MAFB;MILR1;P2RY8;C1QA;C1QC;LY86;ADAMTS17;CD163;AMPD3;MAN2B1;ARRDC5;PTGS1;SCIMP;C1QB;CLEC7A;DOK3;LY96;CD83;ITGAX;RIN3;TMEM106A;C3AR1;RENBP;DAPP1;HCK;CD226;HAVCR2;CD36;PLVAP;CH25H;TLR2;FCGR2B;LST1;LILRB5;CPVL;DOCK4;LILRB2;FCGR2A;MAP3K8;RAB3IL1;TMEM273;GBGT1,anal_pc5_c21_S1.filtered.gene_spectra_score.k_3.dt_0_01.txt
3,3,OLFACTORY_NEUROEPITHELIUM_BOWMANS_GLAND,1.832758275142284,0.0,0.0012233834249752928,prerank,0.7996066586159014,0.083,10/18,14.44%,PPP1R1B;LRRC26;NDRG2;DMBT1;LCN2;SLPI;RNASE1;PI3;AZGP1;XBP1,anal_pc5_c21_S1.filtered.gene_spectra_score.k_3.dt_0_01.txt
3,3,MARROW_CD8_T,-1.8312364732760555,0.004761904761904762,0.003864545720698741,prerank,-0.5088042818634908,0.103,27/41,31.28%,RASAL3;CXCR4;PTPRC;FYN;STK17A;PTPN7;SLA;CCL5;TIGIT;SLAMF6;CLEC2B;GBP5;CD8A;PRDM1;IL32;RGS1;SH2D1A;KLRG1;PTPN22;CXCR6;GZMK;TENT5C;TRGC2;PATL2;LAG3;DUSP2;GZMH,anal_pc5_c21_S1.filtered.gene_spectra_score.k_3.dt_0_01.txt
3,3,INTESTINE_ADULT_CE_OLFM4HIGH_STEM,-1.830943714591285,0.0,0.0038101154992804497,prerank,-0.4071589417924851,0.103,59/143,27.68%,COL5A1;SLC12A4;LTB;OBSCN;PKP1;ELOVL5;BCAM;ANTXR1;MYH11;TBX2;BCL6;LIMS2;SDK1;RIPOR2;PLXDC1;RBPMS;CD28;PDGFRB;ST3GAL5;GREM1;NFATC1;SAP25;UHRF1;GJC1;CCDC80;BNC2;PCED1B;LOXL1;PREX1;KIF21B;ARRB2;NFATC4;LMNB1;HEG1;TBKBP1;PLEK;CPED1;MS4A7;GPC6;C11orf96;RCAN2;CDC45;ACSL1;RAMP3;BAG2;HMCN2;MAPK11;CD36;TMEM47;GUCY1A1;HSPA4L;LST1;CX3CL1;ANKS1B;COL4A6;PLXNC1;FILIP1L;GBGT1;ADAP2,anal_pc5_c21_S1.filtered.gene_spectra_score.k_3.dt_0_01.txt
3,3,EARLY_TIP,-1.829875065608781,0.0,0.003791986091683564,prerank,-0.45013872583182796,0.104,48/72,42.96%,VCAN;TPM2;MCM4;NUSAP1;CENPM;UHRF1;FANCA;MCM6;CENPU;TPX2;HSPA6;CDK1;TACC3;E2F1;TSPAN2;MYBL2;NES;CPXM1;TOP2A;SYT11;PMAIP1;RAD54L;CDC45;FBXO5;HSPB8;CENPF;ORC6;NUF2;ZWINT;FADS2;AURKB;DLGAP5;LOXL3;PKN3;FAM83D;MELK;BIRC5;KIF20A;CENPE;SPC25;CCNB2;KIF14;CDCA3;GTSE1;CENPW;PCDH17;ALPL;UBE2C,anal_pc5_c21_S1.filtered.gene_spectra_score.k_3.dt_0_01.txt
3,3,CTX_BIG_GROUPS_MICROGLIA,-1.8288471773377193,0.0,0.0037400410767289946,prerank,-0.3845384718914193,0.104,126/244,28.36%,CORO1A;LAPTM5;IKZF1;ARHGAP4;DOCK2;CD53;A2M;HCLS1;CD74;LCP1;ARHGDIB;PARVG;SRGN;CD37;APBB1IP;CYTH4;UCP2;PTPRC;FYB1;SERPINF1;ADAM28;MAF;ITGB2;FGD2;IL10RA;RNF213;FMNL3;PTPN6;DOCK8;INPP5D;CD4;GLIPR1;RCSD1;NCKAP1L;SFMBT2;GPSM3;GIMAP4;HTRA1;ABI3;MYO1F;KLF2;MPEG1;APOE;TGFBR2;BIN2;LPAR6;EVI2B;PPT1;NCF4;CTSH;CD300A;SP100;CYBB;CTSC;GPR183;ENTPD1;SELPLG;SERPINB9;CD84;GMFG;C3;SUSD3;LAT2;TNFRSF1B;ALOX5AP;BTG2;STAB1;AOAH;ARRB2;HVCN1;SLC9A9;IFI30;TLR10;PDPN;OLFML3;IRF8;EVI2A;PLEK;CPED1;IGF1;TAGAP;GAA;CTSB;LYST;IPCEF1;HHEX;LAIR1;MS4A7;SLC7A7;RGS1;CSF1R;SIRPA;HERPUD1;SIGLEC10;ADRB2;TMEM119;HCST;EGFL7;SAMSN1;MILR1;C1QA;C1QC;LY86;MAN2B1;PTGS1;C1QB;LY96;CD83;ITGAX;C3AR1;HCK;HAVCR2;CD36;PLVAP;CH25H;LST1;PLD3;CPVL;DOCK4;FCGR2A;RAB3IL1;ADAP2;PTPRE;TYROBP;GM2A;PDGFB,anal_pc5_c21_S1.filtered.gene_spectra_score.k_3.dt_0_01.txt
3,3,ISLET_ENDOCRINE,1.8175604780636598,0.0,0.0016092197359290387,prerank,0.65992422510935,0.108,10/44,13.12%,TSPAN1;AMN;CAMK2N1;FFAR4;PTPRN2;MLXIPL;PCSK1;KLK12;KCNMA1;GIPR,anal_pc5_c21_S1.filtered.gene_spectra_score.k_3.dt_0_01.txt
3,3,MUCOUS,1.8155350329971776,0.0,0.0016065563467600073,prerank,0.6137198203137032,0.11,25/88,11.74%,C15orf48;FCGBP;SLC4A4;MUC4;SLC26A2;S100P;TFF3;PROM1;TMC5;PDZK1IP1;RARRES1;WFDC2;ANPEP;CFB;BACE2;LCN2;INSR;RASD1;ASS1;SLPI;PI3;CCL20;KLK12;CXCL3;SAT1,anal_pc5_c21_S1.filtered.gene_spectra_score.k_3.dt_0_01.txt
3,3,MICROGLIA,-1.8094330734789628,0.0,0.004231077959974222,prerank,-0.34111556128707365,0.119,220/407,33.70%,LAPTM5;ARHGAP15;IKZF1;ITGAL;TCF4;DOCK2;GPC1;FMNL1;TRAF3IP3;CD74;ST8SIA4;LCP1;ARL4C;ARHGAP30;DPYSL3;CD37;APBB1IP;HELLS;CYTH4;PTPRC;FYB1;ENO2;ADAM28;FGD3;ITGB2;FGD2;IL10RA;PFN2;DOCK11;FMNL3;DOCK8;LIMS2;INPP5D;GLIPR1;SP140;NCKAP1L;SFMBT2;FYN;DPYSL2;ALCAM;WDFY4;MYO1F;SDK1;UCHL1;RIPOR2;SPN;ADCY7;SKAP1;MAPK10;CARD11;NTRK2;PRKCB;DNM1;SMAP2;THY1;RUNX1;TSPOAP1;VAV1;BANK1;ARHGAP25;RUNX2;CYBB;SPI1;MCM4;GPR183;ENTPD1;NUSAP1;KLF12;TUBB2B;FLRT2;CD84;MAST4;RHOH;PHF19;JAG2;ARHGAP33;BCL11A;TCF19;SDC3;LAT2;NAV1;CD247;PIK3R5;CYFIP2;UHRF1;ALOX5AP;ICAM3;STAB1;RIC3;GAB3;STMN3;MCM6;AOAH;MAP1B;KCNA3;GPSM1;PIP4K2A;KIF21B;MS4A6A;SOX4;SLC9A9;PALD1;IRF8;PLEK;TPX2;FAM111A;DTX1;CDK1;TDRP;IPCEF1;TACC3;LSAMP;CCL2;MS4A7;SLC7A7;RGS1;HMGB2;CSF1R;CADM1;TLR6;NRROS;ZC2HC1A;SIGLEC10;ADRB2;FAM184A;PTPN22;NSG1;TRPM2;TOP2A;NDRG4;CRIP2;FCHO1;TGFBR1;PIK3AP1;SAMSN1;NCAPD2;C1QA;C1QC;LY86;LMO4;GNAO1;NDC80;ANLN;C1QB;CLEC7A;RAMP3;PTP4A3;TMEM132A;CD83;F13A1;PRC1;ITGAX;TMEM106A;NELL2;GMIP;SOBP;HCK;NFASC;HAVCR2;CH25H;TLR2;CENPF;PTPN13;GUCY1A1;CREB5;HAGHL;CD163L1;ASPM;DOCK4;PLXNA4;TCEA2;CKAP2;CRMP1;FCGR2A;DGKE;TMEM273;KIF11;ORC6;ADAP2;MATK;PLK3;NUF2;ZWINT;RUNX1T1;TXK;TLR1;LRRN3;PNMA3;AGTPBP1;CSF2RA;AURKB;ANK2;TM6SF1;NCF2;HJURP;NCAM1;CNR1;ACKR1;B4GALNT4;RRM2;PLD4;ATP8B4;ITGAM;KIF23;DNM3;GRIA3;GPR34;DCLK1;PCLAF;TFEC;P2RY13;TLR7;KIF2C;FAM83D;RNF112;PTAFR;BIRC5;ARHGAP22;CCNF;TNF,anal_pc5_c21_S1.filtered.gene_spectra_score.k_3.dt_0_01.txt
3,3,MULTILYMPHOID_PROGENITOR,-1.8045978421842035,0.0,0.004375047439358945,prerank,-0.47026960213461133,0.123,29/58,19.62%,EVL;CORO1A;ITGAL;LTB;TRAF3IP3;CD74;SASH3;SETBP1;CYTH4;TRBC2;CD52;JCHAIN;JAML;TNFAIP2;CARD11;MZB1;PRKCB;ARHGAP25;CYFIP2;SH2D3C;PREX1;ARRB2;IRF8;SH3TC1;FAM30A;LAIR1;STARD9;BTK;HCST,anal_pc5_c21_S1.filtered.gene_spectra_score.k_3.dt_0_01.txt
3,3,MARROW_FOLLICULAR_B,-1.8021806234930797,0.0,0.004482270377808481,prerank,-0.4557124399455806,0.128,44/78,19.74%,SETBP1;CD37;CD79A;ADAM28;FCMR;ADAM19;CD52;IKZF3;MS4A1;LIMS2;SP140;CD22;SP110;TNFRSF13B;TRAF5;BLK;BANK1;ARHGAP25;FCRL2;SP100;TNFRSF13C;NFKB2;P2RX5;CD19;FCRL1;LY9;AIM2;CD40;CXCR5;BCAS4;HVCN1;TLR10;TMEM154;TMEM156;ACP5;LARGE2;COCH;SWAP70;COL4A4;MEF2C;ARHGAP24;CNR2;FCRL3;REL,anal_pc5_c21_S1.filtered.gene_spectra_score.k_3.dt_0_01.txt
3,3,NATURAL_KILLER,-1.8002000938454528,0.0,0.004586708304869718,prerank,-0.4219318146816985,0.132,45/96,20.78%,AKNA;ITGAL;RAC2;ARL4C;ETS1;ZAP70;ITGB2;IGFBP7;ABI3;SPN;BIN2;SLAMF7;GIMAP7;PYHIN1;CCL5;CD300A;TIGIT;IL2RB;CHST12;CLEC2B;SELPLG;ZBTB16;APOBEC3G;CD247;NKG7;AOAH;PIP4K2A;CST7;PRDM1;IL2RG;CD7;SYNE1;FKBP11;GSAP;ISG20;SYTL3;GNG2;PRKCH;RUNX3;GZMA;MYBL1;PRF1;GPR65;SLA2;SAMD3,anal_pc5_c21_S1.filtered.gene_spectra_score.k_3.dt_0_01.txt
3,3,HEART_MEGAKARYOCYTES,1.7991834807593357,0.0012077294685990338,0.002215683314121919,prerank,0.6437594909723829,0.147,13/55,12.64%,CA2;LIPH;ABCC3;LEFTY1;LCN2;SYTL4;PAQR5;HGD;CXCL5;THBS1;VWA5A;ELOVL7;LGALSL,anal_pc5_c21_S1.filtered.gene_spectra_score.k_3.dt_0_01.txt
3,3,BCHE,1.7961330153387642,0.0,0.002228782166954988,prerank,0.7981453551791031,0.15,6/16,7.90%,LGALS3;CD24;RBM47;PLAC8;CST3;ID1,anal_pc5_c21_S1.filtered.gene_spectra_score.k_3.dt_0_01.txt
3,3,CL2_PUTATIVE_EARLY_ATRETIC_FOLLICLE_THECAL,-1.7931748685133375,0.0,0.0048169195236629605,prerank,-0.505992686066529,0.14,17/37,8.92%,COL6A2;COL6A1;C1R;C1S;COL1A2;DCN;LUM;COL1A1;SERPINF1;CALD1;MFAP4;TIMP2;IGFBP5;APOE;GSTM3;TPM2;SERPING1,anal_pc5_c21_S1.filtered.gene_spectra_score.k_3.dt_0_01.txt
3,3,PROLIFERATING_NK_T,-1.7896228402642198,0.0,0.005009596304609479,prerank,-0.4626153087911553,0.147,43/59,40.64%,HELLS;IGFBP7;EZH2;MCM4;TYMS;CENPM;MCM6;CENPU;SMC4;TPX2;FANCI;CDK1;TACC3;E2F1;MYBL2;HMGB2;ICAM2;TOP2A;NDC80;CDC45;CDT1;CENPF;DTL;ASPM;AKR1C3;ORC6;NUF2;ZWINT;AURKB;DUSP2;RRM2;POLQ;KIF2C;MELK;BIRC5;DIAPH3;GZMB;HMMR;KIF14;KIF22;TROAP;CDCA3;GTSE1,anal_pc5_c21_S1.filtered.gene_spectra_score.k_3.dt_0_01.txt
3,3,CYCLING_NK,-1.780293114588405,0.0,0.005698415796493283,prerank,-0.3743214547247057,0.165,116/163,41.32%,HELLS;MFGE8;CCDC88A;PHGDH;WWOX;MCM2;PDLIM7;RELT;EZH2;MCM4;TYMS;NUSAP1;CENPM;SLC1A4;PHF19;ARHGAP33;WDR76;TCF19;CENPP;UHRF1;LIG1;FANCA;KLRK1;MCM6;CENPU;JADE1;CDKN2C;TSPAN4;LMNB1;PTTG1;TPX2;FANCI;FAM111A;KNTC1;CCNE2;NCAPG2;CDK1;TACC3;ATG16L2;E2F1;NCAPG;MYBL2;CPXM1;TOP2A;ZGRF1;KIFC1;RAD54L;NCAPD2;ECT2;NDC80;ANLN;CTNNAL1;CDC45;BAG2;CDT1;PRC1;FBXO5;RECQL4;CENPF;DTL;ASPM;KIF18A;CKAP2;KIF11;ORC6;NUF2;ZWINT;POLH;AURKB;UBXN11;HJURP;KIF18B;SLF1;MAP3K20;POLA1;RRM2;DLGAP5;KIF15;KIF23;PCLAF;POLQ;KIF2C;FAM83D;MELK;BIRC5;EXO1;CCNF;KIF20A;TP53I13;CHST2;CDCA2;CENPE;DIAPH3;SPC25;KNSTRN;CCNB2;TTF2;HMMR;KIF14;POLE;DEPDC1;STX11;ARHGAP11A;KIF22;CCNB1;CDCA7L;TOR3A;GNGT2;CEP55;TROAP;BUB1;CDCA3;GTSE1;CENPW;KIF20B;CKAP2L,anal_pc5_c21_S1.filtered.gene_spectra_score.k_3.dt_0_01.txt
3,3,QUIESCENT_BASAL,-1.777874752664849,0.004672897196261682,0.005658988418169968,prerank,-0.4980954750933785,0.166,20/41,13.44%,CXCL14;COL7A1;LAMA5;DCN;MEGF6;DKK3;KRT15;DST;IGFBP5;NTRK2;MXRA5;TNS1;TNC;SLC1A4;JAG2;GPNMB;SFRP1;CLU;KRT14;CAV1,anal_pc5_c21_S1.filtered.gene_spectra_score.k_3.dt_0_01.txt
3,3,CD5_NEG_MATURE_B,-1.7724789268402734,0.009259259259259259,0.0059259858725258475,prerank,-0.5071643901206225,0.176,30/39,31.58%,TRBC2;ITGB7;IL10RA;SPOCK2;SP140;BIN2;SELL;TRAF5;CTSH;GPR183;CCR6;LY9;CXCR5;CCR7;ACP5;PLEK;IL27RA;ARHGAP24;GPR65;DPEP2;SLC2A3;BIRC3;CD83;RIN3;TENT5C;CPNE5;FCER2;COL19A1;DUSP2;CD1C,anal_pc5_c21_S1.filtered.gene_spectra_score.k_3.dt_0_01.txt
3,3,PROCRPOS_PROGENITOR,-1.7550121302293449,0.002793296089385475,0.007755820784847206,prerank,-0.651714569159147,0.228,11/16,23.88%,MFAP4;PCOLCE;GPC3;IGFBP5;FLRT2;SFRP2;CD248;MGP;LHFPL6;ITM2A;RAMP2,anal_pc5_c21_S1.filtered.gene_spectra_score.k_3.dt_0_01.txt
3,3,INTERSTITIUM,-1.74616987012401,0.0,0.008528241328085185,prerank,-0.4587933753056001,0.249,26/52,17.72%,ZEB2;A2M;COL4A2;DCN;SETBP1;CALD1;COL4A1;DST;IGFBP7;TSHZ2;RBMS3;DPYD;UTRN;TIMP3;TNC;ZBTB16;MEIS1;LAMA2;MGP;ARHGAP10;SYNE1;PALLD;LHFPL6;EBF1;CCN1;COL4A4,anal_pc5_c21_S1.filtered.gene_spectra_score.k_3.dt_0_01.txt
3,3,OLFACTORY_NEUROEPITHELIUM_VASCULAR_SMOOTH_MUSCLE,-1.7459044226988008,0.0,0.008457377290723062,prerank,-0.4058689557999009,0.25,45/81,26.28%,FLNA;SPARC;CALD1;MFGE8;MYH11;COL14A1;ARID5B;IGFBP7;KLF2;IGFBP5;NOTCH3;MYL9;TPM2;TNS1;SPARCL1;ID4;TIMP3;CAVIN1;PDGFRB;CRISPLD2;ACTA2;GGT5;MAP1B;CAV1;TAGLN;MCAM;PALLD;LHFPL6;EBF1;ADAMTS1;CCL2;ISYNA1;ADIRF;CRYAB;SYNPO2;C11orf96;FHL1;RCAN2;PTP4A3;ACTG2;SOCS3;PPP1R14A;TGFB1I1;GUCY1A1;LMOD1,anal_pc5_c21_S1.filtered.gene_spectra_score.k_3.dt_0_01.txt
3,3,OLFACTORY_NEUROEPITHELIUM_RESPIRATORY_COLUMNAR,1.7442050945677146,0.0016,0.005544548451048737,prerank,0.7672840557391073,0.34,3/16,0.74%,ELF3;CLDN4;KRT8,anal_pc5_c21_S1.filtered.gene_spectra_score.k_3.dt_0_01.txt
3,3,CORNEA_MONOCYTES,-1.7430335201408367,0.0,0.008650291293424508,prerank,-0.42685439546754833,0.257,31/71,16.76%,ATM;IL16;FYB1;DEF6;FGD3;MAP4K1;SMCHD1;CSF1;TGFBR2;ACKR3;GIMAP7;THBS2;VAV1;KDM2B;EZH2;PHTF2;PHF19;LY9;SUSD3;DRAM1;NFATC1;FERMT3;ACSL4;PLEKHO2;NIBAN1;SLC9A9;IL18BP;ZNF75A;PCNX2;EMB;SEMA7A,anal_pc5_c21_S1.filtered.gene_spectra_score.k_3.dt_0_01.txt
3,3,CL6_PUTATIVE_EARLY_ATRETIC_FOLLICLE_THECAL,-1.7332980371030997,0.0,0.00947216772538229,prerank,-0.37706876468312645,0.283,72/163,17.48%,COL6A2;FBLN1;COL6A1;C1R;C1S;COL3A1;COL1A2;COL18A1;LTBP4;SPARC;DCN;COL6A3;FSTL1;CELF2;LUM;COL1A1;SERPINF1;CALD1;AEBP1;MFAP4;PFN2;MMP2;CXCL12;EMILIN1;TIMP2;FKBP10;TSC22D3;HTRA1;ENG;GPC3;IGFBP5;APOE;MXRA8;ABCA8;GSTM3;MYL9;CDH11;PMP22;CFH;TPM2;THY1;SH3BP5;FXYD6;SPARCL1;BGN;SERPING1;CAVIN1;FN1;SNAI2;PLTP;ACTA2;CFD;EPHX1;MGP;ALDH1A1;CCDC80;PLPP3;BTG2;PRELP;TSPAN4;TAGLN;OLFML3;PDGFRA;CTSK;EFEMP2;PALLD;LHFPL6;IGF1;HSPA6;IGFBP3;CCN1;ADAMTS1,anal_pc5_c21_S1.filtered.gene_spectra_score.k_3.dt_0_01.txt
3,3,THIN_ASCENDING_LIMB,1.7258214017172038,0.0,0.007494833193006531,prerank,0.5625611141983465,0.428,51/148,14.12%,EPCAM;ITM2C;GOLM1;ELF3;CD24;MGLL;RBM47;SERPINA1;MAOA;SYTL2;C4orf19;SCIN;CYSTM1;WFDC2;MECOM;CYB5A;USP53;BACE2;TMEM176A;MAL2;VAV3;KIF13B;PCSK6;GDF15;ITGB6;CPM;NTN4;TPM1;RASD1;ID2;WWC1;SLPI;TSC22D1;PLEKHA7;RALGAPA2;IER3;HSPA5;SEPTIN11;GRAMD2B;IVNS1ABP;SAT1;KAZN;SAMD12;TCIM;EMP1;MET;MTUS1;FTH1;PTPRG;MAGI1;DBI,anal_pc5_c21_S1.filtered.gene_spectra_score.k_3.dt_0_01.txt
3,3,HEART_COMPACT_VENTRICULAR_CARDIOMYOCYTE,-1.7211198836588901,0.0,0.010474610455092547,prerank,-0.4858945349078979,0.308,24/45,16.12%,COL6A2;COL5A1;COL6A1;COL3A1;CXCL14;COL1A2;SPARC;DCN;ELN;COL6A3;SRGN;LUM;COL1A1;FBN1;MMP2;TIMP2;COL5A2;COL15A1;SPARCL1;FN1;MGP;NIBAN1;IL32;COL12A1,anal_pc5_c21_S1.filtered.gene_spectra_score.k_3.dt_0_01.txt
3,3,KIDNEY_0_CAP_MESENCHYME,-1.7206981689713652,0.006666666666666667,0.010385062002252235,prerank,-0.5893715834689531,0.309,12/21,20.16%,SEPTIN6;LAMA4;CCDC88A;RBP1;NTRK2;NR2F1;PRXL2A;ITGA8;SMC4;SOX4;HMGB2;TOP2A,anal_pc5_c21_S1.filtered.gene_spectra_score.k_3.dt_0_01.txt
3,3,DENDRITIC,-1.7206693396838284,0.0,0.010269672424449433,prerank,-0.38743345626883063,0.309,59/130,15.16%,LSP1;LAPTM5;ANKRD44;LTB;CD74;LCP1;ARHGDIB;ARL4C;SRGN;CELF2;CD37;CNTRL;UCP2;PTPRC;ADA2;STK17B;SERPINF1;SEPTIN6;ITGB2;CD52;CCDC88A;INPP5D;CD4;DPYSL2;ALCAM;ENG;MPEG1;JAML;S100A4;ADCY7;SLA;PRKCB;EVI2B;PPT1;CTSH;FTL;ALOX5;NFATC2;FGL2;CYBB;SPI1;ADAM8;GPR183;ENTPD1;RASSF5;SERPINB9;RASSF2;CSF2RB;PTK2B;ALOX5AP;BASP1;MS4A6A;IL2RG;TNFAIP3;NIBAN1;IFI30;GRK3;CKLF;AXL,anal_pc5_c21_S1.filtered.gene_spectra_score.k_3.dt_0_01.txt
3,3,COLLECTING_SYSTEM_PCS_STRESSED_DISSOC_SUBSET,1.7172258395962523,0.0022172949002217295,0.00854259115715506,prerank,0.564247205289873,0.479,33/108,13.76%,HSD11B2;ELF3;LGALS3;NR3C2;RBM47;PPARGC1A;C4orf19;SCIN;MYO10;NFKBIZ;SH3RF1;MECOM;BACE2;NEDD4L;KIF13B;GDF15;WWC1;FOS;ASAP2;MYO1B;JUN;HSPA5;SAT1;TMEM51;MAML3;SAMD12;NAALADL2;HMGCS1;MACC1;ABTB2;DUSP1;MTUS1;KRT19,anal_pc5_c21_S1.filtered.gene_spectra_score.k_3.dt_0_01.txt
3,3,MUSCLE_LYMPHOID,-1.7117778875291472,0.008403361344537815,0.011120202786056207,prerank,-0.41096092691747615,0.336,51/80,21.40%,ACAP1;SEPTIN1;LTB;TBC1D10C;ARL4C;SYTL1;CD2;CD96;IKZF3;CD3E;PARP15;RIPOR2;TCF7;CD6;IL7R;SKAP1;CARD11;PYHIN1;THEMIS;ITK;TSPOAP1;RASGRP1;IL2RB;ZBTB16;VAMP1;RHOH;BCL11B;CD8A;CD247;ICAM3;NKG7;KIF21B;ADGRG5;IL2RG;CD7;SNX20;FGR;TESPA1;CD69;SFI1;SLFN12L;IL27RA;BICDL1;RUNX3;GZMA;SH2D1A;KLRG1;PTPN22;SLA2;SAMD3;HS3ST3B1,anal_pc5_c21_S1.filtered.gene_spectra_score.k_3.dt_0_01.txt
3,3,PLACENTA_AFP_ALB_POSITIVE,1.7050857057317002,0.0,0.009878302773868296,prerank,0.6339418805817125,0.531,10/46,13.14%,AMN;SEMA4G;SERPINA1;HSD17B11;LRG1;BDH1;ASS1;MLXIPL;CPS1;C4BPB,anal_pc5_c21_S1.filtered.gene_spectra_score.k_3.dt_0_01.txt
3,3,FGFR1HIGH_EPITHELIAL,-1.702609636969998,0.0,0.012142825825303412,prerank,-0.39115261735201245,0.356,62/100,31.34%,FGFR1;ARHGAP30;LUM;CMTM3;MFAP4;FBN1;COL16A1;MMP2;DOCK11;FKBP10;PCOLCE;KLHL21;ADAM33;THBS2;DCHS1;PCDH18;VCAM1;FOXF1;ABI3BP;VSTM4;PDGFRB;ADAMTS2;FLRT2;LAMA2;IFFO1;TRERF1;SVEP1;NRP1;TSPAN4;ARHGAP10;PAMR1;CTSK;LHFPL6;HIC1;ADAMTS1;STARD9;GLT8D2;SCARA5;COL5A3;JAM3;COLEC12;MFAP5;GABBR1;SLIT3;SH3PXD2B;HMCN2;TMEM132A;ISLR;TMSB15B;CRMP1;ADGRL3;PLXNC1;HHAT;TGFBR3;DLC1;ADGRD1;ASPA;CILP;JAM2;ACKR1;GFRA1;PI16,anal_pc5_c21_S1.filtered.gene_spectra_score.k_3.dt_0_01.txt
3,3,REG3A_POSITIVE,1.7019123967141712,0.0014005602240896359,0.010264186935542706,prerank,0.6781573473343011,0.549,10/25,11.74%,FAM3D;CD24;DUOX2;IFI27;SULT1C2;LCN2;ID1;KCNE3;CXCL3;SAT1,anal_pc5_c21_S1.filtered.gene_spectra_score.k_3.dt_0_01.txt
3,3,LATE_PRO_B,-1.6904941765645143,0.002652519893899204,0.01346665673282118,prerank,-0.6425493649182444,0.39,9/15,25.76%,CD27;ENG;ITGA5;PECAM1;EGFL7;ERG;GBP4;CD34;GNG11,anal_pc5_c21_S1.filtered.gene_spectra_score.k_3.dt_0_01.txt
3,3,PROXIMAL_CILIATED,1.6895183547426127,0.0,0.012033279589920913,prerank,0.5347976488604516,0.612,90/320,14.20%,CLDN7;SLC44A4;GOLM1;TSPAN1;AGR2;TMEM45B;LGALS3;ST6GALNAC6;MISP;CD24;MUC4;CGN;CKB;TFF3;TJP3;BICDL2;CCL28;EPB41L4B;MYH14;SYTL2;PROM1;CDH1;MUC20;TMC5;SMPD3;EHF;MYO5B;TSPAN6;CTSS;SLC22A23;BAIAP2L1;PLAC8;MYB;CYSTM1;SNORC;ATP2C2;UGDH;RHPN2;DEGS2;SEMA3C;PCSK5;PTPRN2;BDH1;PXN;ABHD11;CERS6;PKIB;SMIM5;PTPN3;SPAG1;MAP1LC3A;MB;UBXN10;C6orf132;RALGAPA2;ITGB4;KCNE3;RHOU;LXN;IGFBP2;MICOS10;ME3;ALDH1L1;ENPP4;VWA5A;CASZ1;TUBB4B;NET1;GNA14;KAZN;UBL3;RAB11FIP4;BEST4;SLC27A2;IRF6;EPB41L1;PRSS12;DNAJA4;APPL2;MACC1;SIGIRR;GIPR;DHRS9;PSCA;ADGRF1;USP2;PLEKHB1;KCTD12;TP53INP2;WFDC3,anal_pc5_c21_S1.filtered.gene_spectra_score.k_3.dt_0_01.txt
3,3,MARROW_CD34_POS_PRE_B,-1.6815859609099397,0.009615384615384616,0.014655733869868157,prerank,-0.47646790025535957,0.423,22/42,26.24%,LIMD2;LAMA5;ADAM23;AEBP1;CCDC69;TMEM131L;RCSD1;CDC25B;PAX5;NIBAN3;CD79B;IRF4;SOX4;TBC1D1;CD38;DTX1;BTK;FAM3B;PPP1R14A;AFF3;HIP1;SBSPON,anal_pc5_c21_S1.filtered.gene_spectra_score.k_3.dt_0_01.txt
3,3,INTESTINE_ADULT_CG_GOBLET_CELL_SUBTYPE,-1.678248671886876,0.0034129692832764505,0.014976056321148337,prerank,-0.5450283088081191,0.434,12/26,21.44%,C1S;DCN;FYB1;ANTXR1;SYCP2;RNF212;IGFBP5;ST8SIA1;BNC2;VWF;SYNPO2;VIPR2,anal_pc5_c21_S1.filtered.gene_spectra_score.k_3.dt_0_01.txt
3,3,CL15_SMALL_ANTRAL_FOLLICLE_GRANULOSA,1.6746524926362538,0.0,0.01455036996091582,prerank,0.5454052580343393,0.664,45/136,15.48%,KRT8;CKB;LIPH;ATP1B1;MAOA;GATA6;SLC12A2;ST3GAL4;TCEA3;EFNB2;NR5A2;LGR4;MYO10;TOB1;TMEM176B;SLC39A8;FGD4;CCND2;HES1;MARCKSL1;ITGA6;TSPAN7;CITED2;PPP1R12B;HMGCR;MYO1B;P3H2;MICOS10;IVNS1ABP;TXNDC17;THBS1;NET1;GPAT3;ID3;DNAJA4;HMGCS1;CD55;HSPA1B;FBXO32;DBI;ENC1;SLC16A1;PDLIM5;IFRD1;TJP1,anal_pc5_c21_S1.filtered.gene_spectra_score.k_3.dt_0_01.txt
3,3,COLLECTING_DUCT_INTERCALATED_CELLS_TYPE_A_CORTEX,1.6712742149668,0.0011641443538998836,0.014843718889700219,prerank,0.5710571919695174,0.676,17/72,8.42%,CA12;AHCYL2;TFCP2L1;NR3C2;PPARGC1A;SCIN;LGR4;MYO10;FGD4;NEDD4L;SEMA3C;IL18;ADAMTSL1;SAMD5;EPS8;ITGA6;PPP1R12B,anal_pc5_c21_S1.filtered.gene_spectra_score.k_3.dt_0_01.txt
3,3,HEART_EPICARDIAL_FAT,1.6674001949145711,0.0011862396204033216,0.015483446472343548,prerank,0.5903245921290494,0.691,12/58,9.08%,PLA2G2A;SLC4A4;PDZK1IP1;RARRES1;CFB;RHPN2;MAL2;MYRF;EPS8L1;SLPI;FAM110C;UBXN10,anal_pc5_c21_S1.filtered.gene_spectra_score.k_3.dt_0_01.txt
3,3,ALVEOLAR_EPITHELIAL_TYPE_1,1.6590611457245679,0.0,0.017187596056729808,prerank,0.528654830486433,0.726,56/209,12.00%,CLDN7;VSIG2;EPCAM;B3GNT7;PRSS8;LGALS3;CLDN4;KRT8;CGN;CKB;CEACAM6;GPRC5A;MGLL;EPS8L2;TSPAN15;ST3GAL4;SPINT1;PKDCC;PLCE1;SCNN1B;PLAC8;PRR5L;GPRIN2;CYSTM1;ITGA3;EFNA1;TSPAN13;CDKN2B;CLIC5;SLC39A8;NEDD4L;ACAA2;LMO7;PNPLA2;DAPK2;GAS6;MYRF;ALS2CL;ANXA3;CPM;IL18;RAB11FIP1;TSPAN7;STX3;RNASE1;PDGFA;P4HA2;VEGFA;EDN1;MYO1B;P3H2;SEMA5A;CDKN1A;SLC40A1;PLLP;LAMC2,anal_pc5_c21_S1.filtered.gene_spectra_score.k_3.dt_0_01.txt
3,3,LATE_MESOTHELIAL,1.6574323857081743,0.0,0.01729419296215073,prerank,0.5176145126354408,0.736,106/348,14.78%,CA2;PLA2G2A;MISP;KRT8;MLPH;SLC26A2;CGN;GPRC5A;MGLL;RBM47;KLK1;MMP28;EPS8L2;PLCD3;TNFSF13;CRACR2B;SPINT1;TCEA3;SMPD3;NPDC1;MYO5B;PDZK1IP1;LGALS2;EFNB2;DSC2;SERPINB1;STAP2;RASSF7;TOB1;CYSTM1;ITGA3;WFDC2;EFNA1;IFI27;TMEM176B;CLIC5;SEMA6A;CFB;CDCP1;RHPN2;FLNB;SLC39A8;TMEM176A;MAL2;NEDD4L;SEMA3C;HPGD;LMO7;PNPLA2;GAS6;MYRF;SDC4;ANXA3;HRCT1;IL18;EPS8L1;RAB11FIP1;RETREG1;EPS8;ASS1;CTSD;CRIM1;ITGA6;CCDC85C;FUCA1;CYP27A1;WWC1;TSPAN7;SLPI;NAAA;FAM110C;RNASE1;PDGFA;AQP1;P4HA2;PARD3B;IGFBP2;ADAM15;SLC16A3;VWA5A;CDKN1A;ECHDC2;LRATD2;CAPG;NET1;PLLP;LAMC2;GRB7;DPP4;KANK1;CD55;EMP1;PLEKHG3;LIF;MET;MTUS1;BST1;KRT19;DHRS3;TMEM37;BTC;CXCL16;SCEL;PIM3;DDR1;SLC16A1,anal_pc5_c21_S1.filtered.gene_spectra_score.k_3.dt_0_01.txt
3,3,MAJOR_TYPES_NPCS,-1.6561120876281548,0.006944444444444444,0.018342428136148246,prerank,-0.4248036779767068,0.491,57/69,41.76%,HELLS;UCP2;GLI3;PHGDH;MFAP2;MCM2;ID4;MCM4;NUSAP1;CENPM;SFRP2;UHRF1;PLPP3;SFRP1;MCM6;CENPU;SMC4;PTTG1;TPX2;CDK1;TACC3;ANP32E;HMGB2;TOP2A;NDC80;PRC1;FBXO5;CENPF;CREB5;ASPM;CKAP2;KIF11;ORC6;NUF2;ZWINT;AURKB;HJURP;RRM2;DLGAP5;KIF15;KIF23;EOMES;PCLAF;KIF2C;MELK;BIRC5;SPC25;KNSTRN;CCNB2;KIF22;CCNB1;BUB1;CDCA3;GTSE1;CENPW;CKAP2L;MKI67,anal_pc5_c21_S1.filtered.gene_spectra_score.k_3.dt_0_01.txt
3,3,INTESTINE_STROMAL,-1.6554258180231955,0.013114754098360656,0.018204976261596305,prerank,-0.5480387016240238,0.492,15/21,34.78%,FBLN1;CXCL14;LUM;PDGFRB;FZD10;PDGFRA;ADH1B;TMEM119;ADAMTS14;ITGA11;SPON2;CH25H;DPT;CCL19;MSC,anal_pc5_c21_S1.filtered.gene_spectra_score.k_3.dt_0_01.txt
3,3,CORNEA_ELF3_HIGH_EPITHELIAL,1.6552533196801116,0.0,0.01758385430225682,prerank,0.5925933330331274,0.75,21/56,13.34%,LIPH;ERBB3;SPINT1;POF1B;WNK2;CDKN2B;XDH;VAV3;RAPGEFL1;MYO6;PID1;SMIM5;EVPL;RHOU;JUN;BHLHE41;MICOS10;SAT1;HMGCS1;EPHA2;EMP1,anal_pc5_c21_S1.filtered.gene_spectra_score.k_3.dt_0_01.txt
3,3,OLFACTORY_NEUROEPITHELIUM_OLFACTORY_HORIZONTAL_BASAL,-1.6534580620401174,0.014492753623188406,0.018377039505174567,prerank,-0.6182232679956892,0.498,8/15,17.64%,CXCL14;KRT17;BCAM;KRT15;DST;IGFBP5;BASP1;S100A2,anal_pc5_c21_S1.filtered.gene_spectra_score.k_3.dt_0_01.txt
3,3,DECENDING_THIN_LIMB,1.646780114749682,0.0035294117647058825,0.019322261741521535,prerank,0.5762490003964511,0.781,22/63,14.26%,EPCAM;KRT8;CD24;SERPINA1;MAOA;EHF;CYSTM1;NFKBIZ;CYB5A;GDF15;ITGB6;TPM1;RASD1;ID1;SLPI;TSC22D1;HSPA5;SAT1;TCIM;MET;FTH1;DUSP6,anal_pc5_c21_S1.filtered.gene_spectra_score.k_3.dt_0_01.txt
3,3,LEUKOCYTE,-1.6457146012609662,0.0,0.01996248224412565,prerank,-0.3307495408321436,0.524,98/224,22.62%,CORO1A;WIPF1;CD53;ZEB2;RAC2;HCLS1;FMNL1;CD74;LCP1;ARHGDIB;CXCR4;SRGN;CELF2;CD37;UCP2;PTPRC;STK17B;FYB1;CYTIP;PLEKHO1;IL10RA;RNF213;STK4;PTPN6;CD4;GLIPR1;FNBP1;GPSM3;AKR1B1;ENG;LCP2;APOE;TNFAIP2;LPAR6;CSGALNACT2;EVI2B;SMAP2;NCF4;CD48;CCL5;CTSH;CD300A;DOK2;FGL2;SPI1;ADAM8;GPR183;CLEC2B;PLXND1;SERPINB9;CD84;GMFG;DSE;THEMIS2;WAS;ABCA1;NRP1;TNFRSF1B;CD93;ALOX5AP;GPNMB;STAB1;FERMT3;PRDM1;MS4A6A;ARRB2;TNFAIP3;SEC14L1;IRF8;RASGRP3;ACP5;PLEK;TAGAP;KYNU;CTSB;PLAU;CCL2;LAIR1;MS4A7;ARID5A;RGS1;CSF1R;THBD;SIRPA;HCST;REL;AP1S2;SAMSN1;C1QA;C1QC;LY86;CD163;VAT1;AMPD3;BIRC3;C1QB;CLEC7A;ACSL1,anal_pc5_c21_S1.filtered.gene_spectra_score.k_3.dt_0_01.txt
3,3,SMG,1.6309344299252444,0.0,0.02355279045995911,prerank,0.5097137186325554,0.848,85/352,12.32%,SLC44A4;FAM3D;TSPAN1;PADI2;B3GNT3;LRATD1;MLPH;FCGBP;PPP1R1B;CEACAM6;CBLC;BICDL2;FAM83E;CCL28;TNFSF13;PROM1;ST3GAL4;MUC20;TMC5;CNNM4;TCEA3;OAF;NPDC1;EHF;C4orf19;PDZK1IP1;CRACR2A;SLC22A23;SPIRE2;LRRC26;DSC2;LGR4;ABHD17C;WNK2;SH3RF1;SLC5A1;NUPR1;RDH13;LGALS9;NBL1;ANPEP;CFB;CDCP1;SLC39A8;LCN2;KIF13B;BARX2;MICALL2;PCSK6;FHL2;EPS8L1;INSR;MYO15B;RETREG1;DTX4;ASS1;LHFPL2;TMEM63A;CRIM1;SMPDL3A;SLPI;ARHGAP27;STXBP5;PHLDA2;CDC42BPG;ITGB4;STARD5;FMOD;PPFIBP2;SH2D3A;FRZB;GRAMD2B;RAPGEF5;CCL20;CDKN1A;CASZ1;PNPLA7;CXCL3;ATP2A3;TNFRSF14;PLLP;KCNMA1;MFSD6L;FAM83H;TENT5A,anal_pc5_c21_S1.filtered.gene_spectra_score.k_3.dt_0_01.txt
3,3,TUFT,1.6258046668127901,0.002442002442002442,0.024946535725853328,prerank,0.5948375534193437,0.874,16/49,14.14%,AOC1;KRT8;CD24;SERPINA1;RASSF7;VIPR1;TMEM176B;TMEM176A;MARCKSL1;TPM1;ID2;MYO1B;ATP2A3;SIGIRR;AZGP1;KCTD12,anal_pc5_c21_S1.filtered.gene_spectra_score.k_3.dt_0_01.txt
3,3,KIDNEY_ERYTHROBLASTS,1.6222134503325252,0.0049504950495049506,0.02574274418187447,prerank,0.5854431182693123,0.883,13/50,12.24%,SELENBP1;KLK1;GALNT5;MICAL2;DPF3;SMIM5;SLC6A8;FHDC1;ACHE;TRIM10;CAT;MAP2K3;BLVRB,anal_pc5_c21_S1.filtered.gene_spectra_score.k_3.dt_0_01.txt
3,3,TREG,-1.6213870303364437,0.011583011583011582,0.02444682996649426,prerank,-0.4955051710050393,0.594,19/29,25.68%,CD79A;TRAF1;CD4;SLAMF1;NCF4;CCR4;CD28;CD5;SESN3;SIRPG;TMEM154;SIT1;ICOS;HNRNPLL;HS3ST3B1;BIRC3;IL2RA;FOXP3;CTLA4,anal_pc5_c21_S1.filtered.gene_spectra_score.k_3.dt_0_01.txt
3,3,CYCLING_DEFINITIVE_ERYTHROBLAST,-1.6173454608667062,0.0,0.024799981705987517,prerank,-0.3358920218247919,0.605,111/161,41.32%,IKZF1;ITGA4;GCLC;HELLS;NUP210;MRC2;SPN;MCM2;S100A4;SMAP2;EZH2;MCM4;TYMS;NUSAP1;RIPOR3;GRK6;CENPM;WDR76;CENPP;ABCA7;UHRF1;LIG1;FANCA;MCM6;CENPU;FERMT3;CDKN2C;ISG20;PTTG1;TPX2;FANCI;NCAPG2;CDK1;TACC3;NCAPG;MYBL2;TOP2A;KIFC1;RAD54L;NCAPD2;ECT2;NDC80;ANLN;CDC45;SOX6;CDT1;PRC1;FBXO5;SNX22;JAZF1;RECQL4;CENPF;TESC;ASPM;CPVL;KIF18A;CKAP2;RAB3IL1;KIF11;ORC6;NUF2;ZWINT;TSPAN32;AURKB;SLC20A1;KCNH2;SPTB;HJURP;SLC7A5;ACKR1;RRM2;DLGAP5;CYBRD1;KIF15;KIF23;APOBEC3C;PCLAF;POLQ;KIF2C;FAM83D;MELK;BIRC5;EXO1;CCNF;KIF20A;TMOD1;CHST2;CDCA2;CENPE;DIAPH3;SPC25;KNSTRN;AQP3;TANGO2;CCNB2;TTF2;HMMR;KIF14;DEPDC1;ARHGAP11A;KIF22;PRKAR2B;CCNB1;TROAP;BUB1;CISH;CDCA3;GTSE1;CENPW;KIF20B;CKAP2L,anal_pc5_c21_S1.filtered.gene_spectra_score.k_3.dt_0_01.txt
3,3,EPICARDIAL,1.6167509553305708,0.002098635886673662,0.027250865791324647,prerank,0.5275304744055171,0.898,28/128,8.28%,SELENBP1;PLA2G2A;KRT8;SLC4A4;CGN;SMPD3;PDZK1IP1;LGALS2;MGST1;RARRES1;RASSF7;CYSTM1;NFKBIZ;ITGA3;NUPR1;TMEM176B;CFB;SLC39A8;TMEM176A;MAL2;SEMA3C;MYRF;ANXA3;IL18;ASS1;CRIM1;WWC1;SLPI,anal_pc5_c21_S1.filtered.gene_spectra_score.k_3.dt_0_01.txt
3,3,COLLECTING_DUCT_INTERCALATED_CELLS_TYPE_B,1.6152345692589456,0.006060606060606061,0.027299884921708928,prerank,0.5691775812724901,0.9,16/59,9.94%,CA12;TFCP2L1;NR3C2;PPARG;PPARGC1A;SCIN;LGR4;NEDD4L;KIF13B;SEMA3C;IL18;ADAMTSL1;EPS8;ITGA6;RALGAPA2;PARD3B,anal_pc5_c21_S1.filtered.gene_spectra_score.k_3.dt_0_01.txt
3,3,CYCLING_T,-1.6151044147851572,0.0,0.02499886783378652,prerank,-0.3319768275800882,0.616,156/222,41.80%,CNTRL;HELLS;SERPINF1;MFGE8;CCDC88A;PHGDH;CD4;FBLN2;MCM2;CD6;PDLIM7;ZNF83;PPT1;THEMIS;PHC1;RIMKLB;EZH2;NAB2;MCM4;TYMS;CD28;NUSAP1;ZEB1;CENPM;MAST4;PHF19;CD5;ARHGAP33;SUSD3;BCL11A;WDR76;CD248;TCF19;BCL11B;CENPP;UHRF1;LIG1;FANCA;STMN3;MCM6;CENPU;KCNA3;SIRPG;CEP120;PDK1;JADE1;CDKN2C;LMNB1;MYEF2;PTTG1;SIT1;TPX2;FANCI;FAM111A;KNTC1;CCNE2;NCAPG2;CDK1;SFI1;TACC3;E2F1;BICDL1;ICOS;NCAPG;MYBL2;GBP1;NREP;TOP2A;ZGRF1;KIFC1;BRIP1;RAD54L;NCAPD2;ECT2;NDC80;ANLN;CTNNAL1;CDC45;CD40LG;BAG2;PTP4A3;CDT1;PRC1;FBXO5;RECQL4;INTS4;STAT1;CENPF;DTL;ASPM;KIF18A;CKAP2;CIT;KIF11;TMEM204;ORC6;NUF2;ZWINT;POLH;SGK1;CD200R1;LRRN3;AURKB;RTKN2;UBXN11;PDE3B;HJURP;KIF18B;SLF1;MAP3K20;POLA1;RRM2;DLGAP5;KIF15;KIF23;CENPT;PCLAF;POLQ;KIF2C;FAM83D;MELK;BIRC5;EXO1;CCNF;KIF20A;CDCA2;CENPE;RFLNB;DIAPH3;ARL4D;CALHM6;SPC25;KNSTRN;CCNB2;TTF2;HMMR;KIF14;POLE;DEPDC1;ESPL1;ARHGAP11A;KIF22;CCNB1;CDCA7L;CEP55;TROAP;BUB1;PSAT1;CISH;CDCA3;GTSE1;CENPW;KIF20B;CKAP2L;MKI67;AAAS,anal_pc5_c21_S1.filtered.gene_spectra_score.k_3.dt_0_01.txt
3,3,OLFACTORY_NEUROEPITHELIUM_RESPIRATORY_SECRETORY,1.6097048011622255,0.016975308641975308,0.02898426784684707,prerank,0.7111174856510472,0.918,6/17,13.26%,CLDN4;CD24;DMBT1;IVNS1ABP;CXCL3;CD55,anal_pc5_c21_S1.filtered.gene_spectra_score.k_3.dt_0_01.txt
3,3,SPLEEN_AFP_ALB_POSITIVE,1.6074083878986194,0.004750593824228029,0.029322053929807818,prerank,0.5711973225186346,0.92,15/62,13.74%,AMN;CYP3A5;SERPINA1;MGST1;SLC39A14;LRG1;CYB5A;AGPAT2;SULT1C2;HPN;CPS1;SLC27A2;HMGCS1;DNAJC12;AZGP1,anal_pc5_c21_S1.filtered.gene_spectra_score.k_3.dt_0_01.txt
3,3,HYPERTROPHIC_CHONDROCYTE,1.603398472116784,0.0,0.03040429754070175,prerank,0.5132697187727421,0.926,39/167,11.54%,CA2;CA12;LGALS3;CD24;S100P;CKB;SERPINA1;SMPD3;ARHGAP44;TLN2;MGST1;SCIN;TOB1;CYSTM1;TSPAN13;SNORC;NUPR1;FOXA3;KCNK5;CCND1;AGPAT2;BMP2;VAV3;PCSK6;CPM;NIBAN2;ASS1;SMIM5;CITED2;HMGCR;NAAA;SLC6A8;FOS;STK39;IER3;P3H2;TXNDC17;CDKN1A;GNPTAB,anal_pc5_c21_S1.filtered.gene_spectra_score.k_3.dt_0_01.txt
3,3,INTESTINE_MYELOID,-1.6007922965315289,0.0,0.02837960624989933,prerank,-0.3384623984245313,0.672,95/170,36.60%,CD74;SAMHD1;FGD2;IL10RA;CIITA;CD4;WDFY4;MPEG1;SLAMF7;NCF4;TNFRSF13C;FGL2;CYBB;SPI1;GPR183;THEMIS2;ABCA1;STAB1;AOAH;CR1;MS4A6A;IFI30;TLR10;IRF8;PLEK;KYNU;LILRB1;MS4A7;CSF1R;TLR6;SIGLEC10;MAFB;MILR1;C1QA;C1QC;LY86;CD163;MAN2B1;SCIMP;C1QB;CLEC7A;DNASE1L3;CD83;F13A1;ITGAX;C3AR1;RILPL2;DAPP1;HCK;CD163L1;LILRB5;CPVL;SIGLEC1;LILRB2;FCGR2A;FCER2;CLEC10A;ADAP2;GAPT;TYROBP;CD200R1;TLR1;FPR3;CSF2RA;NCF2;C1orf162;FCER1G;TNNI2;CD209;CD1C;PLD4;TIFAB;AIF1;CD86;GPR34;RNASE6;P2RY13;TLR7;FOLR2;CMKLR1;BCL2A1;PTAFR;ADGRE2;MCOLN2;MS4A4A;CCR1;MERTK;CCR2;SIRPB2;IGSF6;TNFAIP8L2;VSIG4;SIGLEC5;MNDA;HRH2,anal_pc5_c21_S1.filtered.gene_spectra_score.k_3.dt_0_01.txt
3,3,LUNG_MYELOID,-1.5880528582911406,0.0,0.03171941506332059,prerank,-0.344381917999708,0.723,101/128,51.98%,TGFBI;CD74;CYTH4;FGD2;CIITA;WDFY4;MPEG1;FGL2;CYBB;SPI1;MS4A6A;IFI30;IRF8;KYNU;MS4A7;TRPM2;SLC15A3;MILR1;C1QA;C1QC;CD163;SCIMP;C1QB;CLEC7A;DNASE1L3;CD83;ITGAX;TMEM106A;C3AR1;HCK;HAVCR2;CD163L1;LILRB5;CPVL;SIGLEC1;LILRB2;SLAMF8;CLEC10A;TLR1;FPR3;CSF2RA;NCF2;NOD2;CLNK;CD209;CD1C;PLD4;ATP8B4;CD86;GPR34;RNASE6;P2RY13;FOLR2;CMKLR1;BCL2A1;BATF3;ADGRE2;MS4A4A;CCR1;SIRPB2;IGSF6;VSIG4;SIGLEC5;MNDA;HRH2;MMP9;SLC37A2;KCNMB1;GPR141;CD300LF;CARD9;MS4A14;NLRP3;PILRA;LRRC25;MS4A4E;C5AR2;SLC12A3;EGR2;NFAM1;CD300LB;CXCL10;PRAM1;SLC24A4;FLT3;ADGRE1;CD300E;LILRA6;SIGLEC7;LILRA5;MEFV;CLEC9A;FPR1;PTGS2;LILRB4;CXCL9;IDO1;ASGR2;IDO2;CD14;CD33,anal_pc5_c21_S1.filtered.gene_spectra_score.k_3.dt_0_01.txt
3,3,DISTAL_CONVOLUTED_TUBULE,1.5874911532647398,0.0033975084937712344,0.03632018843498077,prerank,0.5275380020963112,0.955,29/88,15.98%,CA12;NR3C2;ATP1B1;PPARGC1A;LGR4;SH3RF1;MECOM;FGD4;VAV3;ICA1;NEDD4L;AGAP1;FMN1;SAMD5;CNNM2;FRMD3;PARD3B;ME3;IVNS1ABP;PCCA;KANK1;SAMD12;RHOBTB3;NAALADL2;PTPRG;INPP4B;CACNA1D;SVIL;DACH1,anal_pc5_c21_S1.filtered.gene_spectra_score.k_3.dt_0_01.txt
3,3,BASAL,-1.5861704092423188,0.019417475728155338,0.03189442980601369,prerank,-0.37746914687506916,0.73,37/83,18.76%,FBLN1;C1R;TCF4;TGFBI;LTBP4;GPC1;TP63;DCN;PKP1;KRT17;SERPINF1;CALD1;DKK3;KRT15;DST;EMP3;IGFBP7;STK17A;GPC3;CFH;TPM2;ALDH3A1;ABI3BP;CDH3;LOXL4;BASP1;CLU;PDPN;AXL;VSNL1;EYA2;PALLD;CTSB;S100A2;ISYNA1;JAM3;THBD,anal_pc5_c21_S1.filtered.gene_spectra_score.k_3.dt_0_01.txt
3,3,FIBROCARTILAGE_CHONDROCYTE,1.585814697560066,0.018666666666666668,0.03672973467445052,prerank,0.5964540530694519,0.959,12/37,11.38%,CKB;SERPINA1;EPS8L2;SCIN;SNORC;COL9A2;GPRC5C;SMIM5;P4HA2;BHLHE41;FRZB;TUBB4B,anal_pc5_c21_S1.filtered.gene_spectra_score.k_3.dt_0_01.txt
3,3,CEREBELLUM_OLIGODENDROCYTES,1.5774138349882798,0.01593625498007968,0.04022298870925095,prerank,0.6026594546454466,0.972,7/37,8.28%,B3GNT7;ERBB3;NT5E;MYRF;CHAD;PID1;SLPI,anal_pc5_c21_S1.filtered.gene_spectra_score.k_3.dt_0_01.txt
3,3,OLFACTORY_NEUROEPITHELIUM_RESPIRATORY_HORIZONTAL_BASAL,1.5763939206429385,0.024132730015082957,0.040289074642998836,prerank,0.6712632308354709,0.972,3/18,0.74%,ELF3;CLDN4;KRT8,anal_pc5_c21_S1.filtered.gene_spectra_score.k_3.dt_0_01.txt
3,3,NEUROTYPES_HPERIC,-1.564542876167828,0.0,0.03785553433954899,prerank,-0.28976577488484273,0.786,163/451,19.18%,ARHGAP15;COL6A1;C1S;COL3A1;COL1A2;FLNA;ITPKB;COL18A1;ANKRD44;TGFBI;A2M;GPC1;COL4A2;SPARC;ARHGDIB;DCN;ITGA4;FSTL1;KRT17;LUM;PXDN;ETS1;RASGRP2;TRIM22;ANXA6;CALD1;ANTXR1;MFGE8;SEPTIN6;FBN1;PIK3CD;NID1;RNF213;DGKA;COL4A1;SYCP2;TBX2;BCL6;EMILIN1;FMNL3;TIMP2;LAMA4;CD4;RCSD1;MRC2;PARP14;ITIH5;ARID5B;COL5A2;IGFBP7;TSC22D3;WDFY4;PCOLCE;LAMB2;PGGHG;EHD2;NOTCH3;LCP2;APOE;TGFBR2;ADGRA2;JAML;LPAR6;RFTN1;MXRA5;ARHGEF4;PRKCB;MYL9;PTN;TRPV2;TFPI;CDH11;LAMC1;PMP22;LBH;PLXDC1;CFH;TPM2;THY1;RUNX1;RBMS3;PCDH18;TNS1;RBPMS;SPARCL1;BGN;SERPING1;VSTM4;CD19;ENTPD1;OSMR;PDGFRB;ZEB1;CRISPLD2;ST3GAL5;FN1;GMFG;LAMA2;SNAI2;PLTP;ACTA2;TNS2;KIRREL1;SVEP1;ABCA1;GGT5;EPHX1;CD248;DRAM1;MGP;SULT1E1;GJC1;LAYN;GPNMB;FRMD6;SH2D3C;IL1R1;ITGA8;GIMAP2;ARHGEF6;HES4;PRELP;STAT4;NFATC4;TNFAIP3;WWTR1;NIBAN1;OLFML2A;PALD1;TAGLN;GRK3;PAMR1;OLFML3;AXL;LOXL2;MCAM;CTSK;PLEKHH2;RGL1;EFEMP2;LHFPL6;GP1BB;CPED1;SLC8A1;FOXD1;HIC1;EBF1;COL21A1;CCN1;ADAMTS1;CCL2;ISYNA1;MEF2C;FGD5;RUNX3;ARHGAP24;GLT8D2;ARHGEF17;COL5A3;COLEC12;CSPG4;IFITM2;MSRB3,anal_pc5_c21_S1.filtered.gene_spectra_score.k_3.dt_0_01.txt
3,3,ALVEOLAR_FIBROBLAST,-1.563498237153483,0.0,0.037876293555411854,prerank,-0.3594857623183513,0.789,81/131,33.78%,LTBP4;A2M;COL6A3;SRGN;LUM;UCP2;SAMHD1;MFAP4;DKK3;MMP2;DST;LAMA4;MRC2;GPC3;S100A4;CES1;ABCA8;NABP1;CDH11;CDH13;PMP22;LBH;ABI3BP;SERPING1;TIMP3;SERPINB9;FN1;FBLN5;ELMO1;CFD;SVEP1;CD8A;NRP1;ALDH1A1;ITGA8;PRELP;CYP7B1;OLFML2A;OLFML3;PDGFRA;SNCA;PLEKHH2;LSAMP;ABCA6;ICAM1;CCN1;ANXA1;ADH1B;COLEC12;MAMDC2;TMEM119;NUAK1;TGM2;PDLIM2;FHL1;KIFC3;MMP19;ISLR;MOXD1;CD36;PIEZO2;RGCC;DOCK4;ANKS1B;EFCC1;INMT;LRRN3;HIVEP3;SGCD;SCN7A;ENPP2;VEGFC;COL13A1;COL8A1;LMCD1;MME;PTGIR;CMKLR1;HMCN1;ULK4;MCOLN3,anal_pc5_c21_S1.filtered.gene_spectra_score.k_3.dt_0_01.txt
3,3,MARROW_PRO_B,-1.5632172520523517,0.0,0.037595164860055395,prerank,-0.37569228097671753,0.789,52/82,34.44%,APBB1IP;HELLS;MFGE8;PHGDH;POU2AF1;AKR1B1;EZH2;TYMS;NUSAP1;CENPM;PHF19;ARHGAP33;WDR76;TCF19;LAT2;LIG1;CDKN2A;SMC4;CDKN2C;LMNB1;TPX2;FAM111A;EAF2;CCNE2;TACC3;E2F1;ANP32E;HMGB2;TOP2A;MYO3A;KIFC1;NCAPD2;HERC5;MSI2;NDC80;FBXO5;CD72;CENPF;GCSAM;ASPM;KIF11;NUF2;ZWINT;AURKB;RTKN2;HJURP;PIM1;KIF15;CARHSP1;BIRC5;CCNF;TP53I13,anal_pc5_c21_S1.filtered.gene_spectra_score.k_3.dt_0_01.txt
3,3,HEART_TRABECULAR_VENTRICULAR_CARDIOMYOCYTE,1.5629192742294802,0.011124845488257108,0.046633563740169304,prerank,0.5602916496976527,0.975,16/49,14.80%,KRT8;CD24;MGST1;TOB1;TSPAN13;HES1;ANXA3;RASD1;HMGA2;HMGCR;HSPA5;NET1;NOP16;KRT19;TNFRSF12A;RGS3,anal_pc5_c21_S1.filtered.gene_spectra_score.k_3.dt_0_01.txt
3,3,PROXIMAL_TUBULE_EPITHELIAL_CELLS_STRESS_INFLAM,1.560384374013314,0.005405405405405406,0.047488163923126304,prerank,0.5088472864408965,0.976,30/125,11.18%,SLC4A4;CYP3A5;RBM47;EPS8L2;PLEKHA6;TCEA3;C4orf19;TLN2;KCNK5;ANPEP;SLC16A9;KIF12;FGD4;MAL2;FMN1;PCSK5;MYO6;INSR;ARHGAP26;SAMD5;ASS1;TMEM63A;PAQR5;FRMD3;FOS;PLEKHA7;MLXIPL;HPN;SHANK2;ECHDC2,anal_pc5_c21_S1.filtered.gene_spectra_score.k_3.dt_0_01.txt
3,3,PUTATIVE_BASOPHIL_EOSINOPHIL_MAST_CELL_PROGENITOR,-1.5581284220385867,0.02512562814070352,0.03865202286400525,prerank,-0.4413550243964173,0.802,19/44,19.00%,LAPTM5;FLNA;SLC6A6;PIM2;EMP3;CCDC88A;TRIB2;S100A4;TSPYL2;P2RX5;GRAP2;POU2F2;CSF2RB;ALOX5AP;SOX4;PLEK;AFF2;ANXA1;IFITM2,anal_pc5_c21_S1.filtered.gene_spectra_score.k_3.dt_0_01.txt
3,3,CANCER_ASSOCIATED_FIBROBLAST,-1.5571546001784609,0.0,0.03848280797631827,prerank,-0.3828025694726253,0.803,41/78,21.46%,FBLN1;COL5A1;FLNA;SPARC;FSTL1;COL1A1;VCAN;MFAP4;FBN1;DKK3;COL16A1;EMILIN1;TIMP2;MRC2;COL14A1;COL5A2;FKBP10;PDLIM7;PTN;CDH11;CFH;ABI3BP;ADAMTS2;LTBP2;SFRP2;CERCAM;CCDC80;FRMD6;IL1R1;FKBP11;FGF7;PDGFRA;EFEMP2;CTSB;EMID1;CPXM1;MFAP5;PDLIM2;TGFBR1;SSC5D;CCDC3,anal_pc5_c21_S1.filtered.gene_spectra_score.k_3.dt_0_01.txt
3,3,CL5_HEALTHY_SELECTABLE_FOLLICLE_THECAL,-1.5506676438159146,0.0,0.0399188101930368,prerank,-0.35718359737722916,0.819,55/125,19.92%,COL6A2;COL5A1;COL6A1;COL3A1;COL1A2;COL18A1;COL4A2;SPARC;COL6A3;FSTL1;COL1A1;PXDN;SERPINF1;CALD1;PFN2;NID1;MMP2;COL4A1;EMILIN1;LAMA4;FKBP10;PCOLCE;APOE;TSHZ2;CDH11;LAMC1;PMP22;TPM2;COL15A1;VCAM1;BGN;CTSC;SDC2;PDGFRB;CLEC2B;SNAI2;PLTP;SUSD3;NRP1;ALDH1A1;PDGFRA;TPST1;PTTG1;CTSK;EFEMP2;IRF8;CPED1;PTK7;CCN1;PBX1;GLT8D2;GBP1;CPXM1;OSR2;NSG1,anal_pc5_c21_S1.filtered.gene_spectra_score.k_3.dt_0_01.txt
3,3,KIDNEY_2_NEPHRON_PROGENITOR,1.548848043984472,0.033773861967694566,0.05319506964741966,prerank,0.6688192239310706,0.989,6/19,6.48%,EPCAM;CD24;MECOM;CCND1;HES1;MARCKSL1,anal_pc5_c21_S1.filtered.gene_spectra_score.k_3.dt_0_01.txt
3,3,EARLY_STALK,-1.5484943144122847,0.0,0.04036750593669692,prerank,-0.31773333383835656,0.829,148/236,41.88%,COL1A2;FGFR1;NLRP1;PDE7A;VCAN;DKK3;TCF7;RELT;CDC25B;TPM2;KDM2B;PCDH18;MCM4;NUSAP1;CRISPLD2;GRK6;CENPM;WDR76;CENPP;UHRF1;DERL3;GJC1;FANCA;MCM6;MAP1B;CEP128;CENPU;LOXL1;KIF21B;TNFAIP3;NIBAN1;STON2;TPX2;FANCI;KNTC1;HOMER3;HSPA6;CCNE2;NCAPG2;CDK1;TACC3;COCH;E2F1;TSPAN2;NCAPG;STARD9;MYBL2;JAM3;NES;SARDH;CPXM1;NUAK1;TOP2A;SYT11;PMAIP1;ZGRF1;KIFC1;BRIP1;RAD54L;NCAPD2;SH3PXD2B;GPX3;ECT2;NDC80;CTHRC1;ANLN;CDC45;CLEC11A;BAG2;CDT1;CD83;FBXO5;PPP1R14A;HSPB8;RECQL4;CENPF;HSPA4L;DTL;GRB10;ASPM;KIF18A;KIF11;ORC6;NUF2;SGK1;FADS2;PNMA3;APBA2;AURKB;ANK2;RTKN2;HJURP;KIF18B;PIM1;SLF1;NEXN;POLA1;RRM2;DLGAP5;KIF15;KIF23;LOXL3;MTHFD1L;PKN3;KIF2C;FAM83D;MELK;BIRC5;ARHGAP22;EXO1;CCNF;MSANTD3;KIF20A;FZD4;CDCA2;LTBP1;CENPE;EDIL3;ADAMTS7;DIAPH3;RARRES2;HRH2;PHLDA1;SPC25;KNSTRN;CCNB2;TTF2;HMMR;KIF14;POLE;DEPDC1;ESPL1;ARHGAP11A;PRKAR2B;GALNT16;CEP55;TROAP;PIF1;FJX1;BUB1;CDCA3;GTSE1;CENPW;CKAP2L;GASK1B;TICRR;MKI67;PCDH17,anal_pc5_c21_S1.filtered.gene_spectra_score.k_3.dt_0_01.txt
3,3,UNKNOWN_NPC,-1.5463789232836531,0.016129032258064516,0.04060876296479897,prerank,-0.41387483101256056,0.834,40/51,47.60%,MFAP2;CDC25B;NUSAP1;PHF19;PTTG1;TPX2;TACC3;TOP2A;NCAPD2;NDC80;CENPF;ASPM;CIT;AURKB;HJURP;DLGAP5;KIF2C;FAM83D;KIF20A;CDCA2;CENPE;KNSTRN;CCNB2;DEPDC1;ARHGAP11A;KIF22;CCNB1;TROAP;PIF1;CDCA3;GTSE1;CKAP2L;MKI67;UBE2C;TRIM59;TTK;NEK2;KPNA2;SPAG5;CDC20,anal_pc5_c21_S1.filtered.gene_spectra_score.k_3.dt_0_01.txt
3,3,VASCULAR_SMOOTH_MUSCLE_CELLS_AND_PERICYTES,-1.54609530121828,0.0,0.040384377227509746,prerank,-0.3590690855236021,0.835,50/100,26.94%,FLNA;COL18A1;A2M;COL4A2;CALD1;MYH11;COL4A1;TBX2;DST;ARID5B;SDK1;IGFBP5;CDH13;RBMS3;TNS1;RBPMS;SPARCL1;UTRN;TIMP3;ZEB1;ACTA2;FCHSD2;TAGLN;TBC1D1;MCAM;PALLD;LHFPL6;SOX5;SLC8A1;EBF1;TMTC1;PBX1;MEF2C;GPC6;MSRB3;ADIRF;CBLB;SYNPO2;SLIT3;RCAN2;GPX3;FRY;AFF3;HIP1;ATP10A;PRKG1;ITGA1;DOCK4;TTC28;ADGRL3,anal_pc5_c21_S1.filtered.gene_spectra_score.k_3.dt_0_01.txt
3,3,PRE_B,-1.54500266487639,0.0,0.04044704494634697,prerank,-0.3261104017909953,0.835,144/211,41.80%,HELLS;NUP210;SAMHD1;MFGE8;ZAP70;TTC39C;CCDC88A;PHGDH;DPYSL2;IGFBP7;WWOX;MCM2;IL7R;PDLIM7;TXNRD1;PPT1;RUNX1;EZH2;CTSC;MCM4;TYMS;NUSAP1;CENPM;SLC1A4;PHF19;WDR76;TCF19;CENPP;UHRF1;LIG1;CDKN2A;FANCA;STMN3;MCM6;CENPU;PRXL2A;SMC4;JADE1;CDKN2C;LMNB1;CKLF;PTTG1;BLMH;TPX2;FANCI;FAM111A;KNTC1;CCNE2;NCAPG2;CDK1;TACC3;E2F1;ISYNA1;NCAPG;ANP32E;MYBL2;CPXM1;TOP2A;CAMK4;KIFC1;RAD54L;NCAPD2;HERC5;FHL1;ECT2;NDC80;ANLN;CTNNAL1;CDC45;CLEC11A;PTP4A3;CDT1;CSTF2T;PRC1;FBXO5;RECQL4;CENPF;GCSAM;DTL;ASPM;KIF18A;TCEA2;CKAP2;KIF11;ORC6;NUF2;ZWINT;FADS2;AURKB;SLC20A1;RTKN2;HJURP;NINJ1;SLC7A5;KIF18B;SLF1;MAP3K20;POLA1;RRM2;DLGAP5;KIF15;KIF23;AIF1;CENPT;PCLAF;POLQ;KIF2C;FAM83D;MELK;BRF1;BIRC5;EXO1;CCNF;KIF20A;CDCA2;CENPE;DIAPH3;SPC25;KNSTRN;CCNB2;TTF2;HMMR;KIF14;POLE;DEPDC1;LAP3;ARHGAP11A;KIF22;CCNB1;CEP55;TROAP;BUB1;PSAT1;MT2A;BCAT1;CDCA3;GTSE1;SCLT1;CENPW;KIF20B;CKAP2L;GCHFR;MKI67;AAAS,anal_pc5_c21_S1.filtered.gene_spectra_score.k_3.dt_0_01.txt
3,3,CHIEF,1.5364176760225596,0.03819918144611187,0.05998948008896703,prerank,0.6158770417749193,0.995,13/27,14.44%,SLC12A2;MECOM;NEDD4L;CST3;GPRC5C;TSC22D1;FMOD;JUN;IGFBP2;GLUL;FTH1;AZGP1;XBP1,anal_pc5_c21_S1.filtered.gene_spectra_score.k_3.dt_0_01.txt
3,3,HEART_ENDOCARDIAL,1.535111237707525,0.018094089264173704,0.06017319321337299,prerank,0.5460480516248516,0.996,7/54,4.04%,FAM3D;ITM2C;CA12;LRATD1;ATP1B1;QSOX1;NT5E,anal_pc5_c21_S1.filtered.gene_spectra_score.k_3.dt_0_01.txt
3,3,HEPATOCYTES,1.5329710510167256,0.0010245901639344263,0.06109519922771962,prerank,0.4892794058672424,0.996,55/230,13.14%,SELENBP1;PLA2G2A;CYP3A5;ABCC3;SERPINA1;ARHGEF10L;HDHD3;ERBB3;MUC3A;PPARGC1A;QSOX1;MGST1;NR1I2;GSDMB;SLC39A14;EFNA1;LRG1;CYB5A;TMEM176B;CFB;TMEM176A;ACAA2;FMN1;HPGD;BDH1;SDC4;FBP1;FHL2;RETREG1;ASS1;PTPN3;RAB27A;ID2;CYP27A1;SLC17A9;HGD;PPP1R12B;GPX2;RALGAPA2;MLXIPL;VEGFA;MYO1B;HPN;IGFBP2;CAT;ALDH1L1;ECHDC2;CPS1;SLC27A2;L1TD1;TENT5A;RHOBTB3;MACC1;GLYCTK;C4BPB,anal_pc5_c21_S1.filtered.gene_spectra_score.k_3.dt_0_01.txt
3,3,ANTIGEN_PRESENTING,-1.5312688949462177,0.031055900621118012,0.044546539553488605,prerank,-0.39479454622135884,0.876,18/57,15.96%,CD74;TRAF1;WDFY4;SLAMF7;RFTN1;KDM2B;ADAM8;RASSF2;GPR132;IGFLR1;CD40;FCHSD2;IL21R;RAB8B;SNX20;CCR7;IRF8;EVI2A,anal_pc5_c21_S1.filtered.gene_spectra_score.k_3.dt_0_01.txt
3,3,CILIATED,1.5257723804288386,0.0020181634712411706,0.06513462097109834,prerank,0.48668803378586034,0.997,64/256,14.14%,SLC44A4;TSPAN1;AGR2;ELF3;TMEM45B;B3GNT7;CD24;MUC4;CKB;TJP3;EPB41L4B;SYTL2;PROM1;TMC5;TSPAN6;CTSS;SLC22A23;LRRC26;BAIAP2L1;PLAC8;RARRES1;MYB;CYSTM1;CWH43;UGDH;RHPN2;DEGS2;BACE2;SEMA3C;PTPRN2;EPPK1;PXN;ABHD11;SMIM5;CYP27A1;WWC1;SPAG1;GPX2;UBXN10;C6orf132;WLS;P4HA2;LXN;BHLHE41;SHANK2;CDKN1A;TUBB4B;ADGRE5;GNA14;LAMC2;SLC27A2;GLB1L2;GLUL;PRSS12;DNAJA4;GALC;ECI2;APPL2;SIGIRR;GIPR;FTH1;USP2;PLEKHB1;KCTD12,anal_pc5_c21_S1.filtered.gene_spectra_score.k_3.dt_0_01.txt
3,3,PARIETAL,1.5194087942840688,0.023696682464454975,0.06898214266735685,prerank,0.5434445331920001,0.997,19/55,13.64%,CKB;AHCYL2;ATP1B1;CYSTM1;FGD4;C1orf116;GPRC5C;KCNQ1;IGFBP2;MICOS10;ME3;TXNDC17;PRKACB;RAP1GAP2;UBL3;GLUL;ECI2;PSCA;FTH1,anal_pc5_c21_S1.filtered.gene_spectra_score.k_3.dt_0_01.txt
3,3,CL10_PUTATIVE_EARLY_ATRESIA_GRANULOSA,1.5136483853559017,0.03087248322147651,0.07265248038611699,prerank,0.5972096814256442,0.998,7/28,6.68%,CKB;ST3GAL4;TCEA3;TSPAN6;IFI27;MARCKSL1;FHL2,anal_pc5_c21_S1.filtered.gene_spectra_score.k_3.dt_0_01.txt
3,3,RETINA_PHOTORECEPTOR,1.5083317653509272,0.05028735632183908,0.07546644554197589,prerank,0.6193086348359391,0.999,7/23,13.90%,CKB;CDHR1;PROM1;FOS;TUBB4B;DUSP1;PLEKHB1,anal_pc5_c21_S1.filtered.gene_spectra_score.k_3.dt_0_01.txt
3,3,HSC_ELP,-1.50431068260088,0.0,0.05362837069678097,prerank,-0.3282398377695173,0.917,79/171,25.76%,ACAP1;SEPTIN1;LTB;TBC1D10C;CLEC2D;SYTL1;CD79A;PXDN;PDE7A;TRBC2;FCMR;MFAP4;SPOCK2;JCHAIN;CD3E;PHGDH;ARID5B;MFAP2;PTPN7;LCK;MZB1;TFPI;RBPMS;SERPING1;TIMP3;CAVIN1;CHST12;NIBAN3;ZEB1;MAST4;MEIS1;RHOH;C16orf54;CD79B;BCL11A;ALDH1A1;CYFIP2;DBN1;PBXIP1;NKG7;STMN3;USP11;GIMAP2;BCAS4;CD7;USP20;DNMT3A;BCL2;CD69;FAM30A;PTK7;ISYNA1;TSPAN2;STARD9;PLCB1;MSRB3;CPXM1;KLRG1;ZNF521;CALCRL;NREP;S1PR4;PAM;ITM2A;SAMD3;PRKCQ;FHL1;MSI2;LAPTM4B;ERG;LPIN1;CAVIN2;STAP1;GBP4;CD34;ZSCAN18;INTS4;GUCY1A1;GNG11,anal_pc5_c21_S1.filtered.gene_spectra_score.k_3.dt_0_01.txt
3,3,PROXIMAL_SECRETORY_PROGENITORS,1.5036121398872022,0.012154696132596685,0.0783072942175394,prerank,0.5069793419295469,1.0,28/89,16.30%,SLC44A4;TSPAN1;MLPH;S100P;LIPH;CEACAM6;SERPINA1;PROM1;MUC20;EHF;TMPRSS4;HPGD;CRIM1;SLPI;ITGB4;CDKN1A;ATP2A3;PRSS12;EMP1;EPB41L4A;PAG1;CRYM;LNX1;SOD3;RND3;MYC;GLIPR2;PFKP,anal_pc5_c21_S1.filtered.gene_spectra_score.k_3.dt_0_01.txt
3,3,SMOOTH_MUSCLE,-1.5026517641061812,0.034482758620689655,0.05389561448052317,prerank,-0.37903789877970984,0.923,35/67,39.78%,SLC12A4;COL6A3;MYH11;TBX2;LAT;ARID5B;KCNAB2;NOTCH3;PDGFRB;ACTA2;DERL3;GJC1;CCDC102B;CYGB;TAGLN;PAMR1;CSPG4;CCDC3;C11orf96;ACTG2;LAMC3;COL24A1;PNMA3;P2RX7;ASPA;MME;SEPTIN4;RASL12;RGS5;MEF2B;HPSE2;MUSTN1;KCNMB1;NTF3;ADCY3,anal_pc5_c21_S1.filtered.gene_spectra_score.k_3.dt_0_01.txt
3,3,PLACENTA_TROPHOBLAST_GIANT,1.4977984020568456,0.046831955922865015,0.08197998711926825,prerank,0.6047202824326027,1.0,7/26,15.62%,HSD11B2;SCNN1B;GDF15;CRYBG2;RHOBTB3;PSCA;SLC7A4,anal_pc5_c21_S1.filtered.gene_spectra_score.k_3.dt_0_01.txt
3,3,BRONCHIOLAR_AND_ALVEOLAR_EPITHELIAL,1.4846313594571396,0.03314121037463977,0.09160379374363385,prerank,0.5990958267894171,1.0,6/25,6.74%,TSPAN13;KIF12;DMBT1;DAPK2;ITGB6;CPM,anal_pc5_c21_S1.filtered.gene_spectra_score.k_3.dt_0_01.txt
3,3,MAST,-1.48148660905646,0.0,0.06139912781741954,prerank,-0.325514328353125,0.945,66/144,23.68%,FBLN1;LAPTM5;ARHGAP15;CD53;RAC2;HCLS1;LCP1;ARHGDIB;SRGN;ELOVL5;CD37;BCAM;EMP3;LPXN;LAT;DOCK10;TSC22D3;PTPN7;S100A4;BIN2;TSHZ2;GSTM3;NABP1;TSPYL2;NCF4;TNS1;ALOX5;ADAM8;GRAP2;TIMP3;CD84;GMFG;RHOH;CSF2RB;LAT2;ALDH1A1;GJC1;ALOX5AP;BTG2;ARHGEF6;HES4;CAV1;ACSL4;SOX4;TNFAIP3;TESPA1;PALLD;PLEK;CD69;LYST;LAIR1;ANXA1;DDR2;RGS1;IFITM2;BTK;ADRB2;BATF;GPR65;SAMSN1;SLC2A3;DNAJB9;PTGS1;ERG;CD83;CAVIN2,anal_pc5_c21_S1.filtered.gene_spectra_score.k_3.dt_0_01.txt
3,3,INTESTINE_ADULT_CA_ENTEROENDOCRINE,-1.480950235005914,0.0,0.061284061459722636,prerank,-0.3303145802562021,0.946,61/124,43.04%,FGFR1;SETBP1;MMP2;COL5A2;SPHK1;CES1;TFPI;NAB2;NINL;PLXND1;TUBB2B;NRP1;FRMD6;CDKN2A;STMN3;AOAH;MAP1B;BCAS4;CEP170;GNG2;GDF11;IGFBP3;TDRP;PTK7;ISYNA1;PAM;SLC7A2;SAMD3;RFX3;GNAO1;FRY;CPE;AFF3;JAZF1;NFASC;EFCC1;ANK2;KCNH2;AMIGO2;ASPA;ENPP2;KCNH8;MCOLN3;TMOD1;C7;AP3B2;STMN2;KIF5C;GFRA3;PDE2A;DUSP4;SPOCK1;PALMD;RTN1;SEMA3G;NCKAP5;PCDH9;F5;PEG10;MAP2;HDAC9,anal_pc5_c21_S1.filtered.gene_spectra_score.k_3.dt_0_01.txt
3,3,PLATELET_MEGAKARYOCYTE,1.478613965580723,0.0020491803278688526,0.0957987310059376,prerank,0.4673947734285876,1.0,41/201,11.88%,SLC44A4;EPCAM;TSPAN1;AGR2;ELF3;CA2;CLDN4;KRT8;SIAE;ABCC3;MGLL;TMC5;PDZK1IP1;WFDC2;EGLN3;CYB5A;LCN2;SYTL4;SDC4;PCSK6;ARRB1;FHL2;PACSIN2;TPM1;SMIM5;WWC1;SLPI;FRMD3;HGD;TSC22D1;ASAP2;PDGFA;IGFBP2;PRKCD;MAP2K3;CDKN1A;TUBB4B;SLC40A1;ATP2A3;SAT1;ELOVL7,anal_pc5_c21_S1.filtered.gene_spectra_score.k_3.dt_0_01.txt
3,3,MESOTHELIAL,1.4766162930760405,0.0,0.09676834114351937,prerank,0.4617618527451568,1.0,73/375,12.44%,GOLM1;CA12;LGALS3;PLA2G2A;KRT8;SLC4A4;PARM1;CGN;GPRC5A;SERPINA1;ADTRP;GATA6;SPINT1;SMPD3;PLCE1;MYO5B;POF1B;HK2;PDZK1IP1;LGALS2;EFNB2;ARHGAP44;MGST1;STAP2;RARRES1;RASSF7;CYSTM1;ITGA3;WFDC2;EFNA1;IFI27;CYB5A;TNFRSF21;NBL1;UGDH;CLIC5;CFB;RHPN2;FLNB;SLC39A8;TMEM176A;BMP2;SEMA3C;GAS6;MYRF;SDC4;ANXA3;MARCKSL1;IL18;EPS8L1;LHFPL2;EVPL;CYP27A1;WWC1;SLPI;CNTN3;PTPRD;FAM110C;PHLDA2;C6orf132;ITGB4;SLC12A8;LXN;MICOS10;TXNDC17;LRATD2;CAPG;PLLP;SAT1;NOP16;LAMC2;DPP4;TRAF4,anal_pc5_c21_S1.filtered.gene_spectra_score.k_3.dt_0_01.txt
3,3,SPLEEN_ERYTHROBLASTS,1.4758486984399564,0.047156726768377254,0.09646378305930184,prerank,0.5828542322235982,1.0,6/27,14.76%,EPCAM;MYB;ACHE;TRIM10;DNAJA4;LONRF3,anal_pc5_c21_S1.filtered.gene_spectra_score.k_3.dt_0_01.txt
3,3,COLLECTING_SYSTEM_PRINCIPAL_CELLS_CORTEX,1.4729089588631301,0.04428044280442804,0.09811787312306998,prerank,0.5171609117383149,1.0,16/59,13.72%,HSD11B2;NR3C2;SYTL2;SCIN;MYO10;SH3RF1;MECOM;PPP1R9A;PCCA;KAZN;MAML3;SAMD12;NAALADL2;MACC1;ABTB2;EPB41L4A,anal_pc5_c21_S1.filtered.gene_spectra_score.k_3.dt_0_01.txt
3,3,OPC,-1.4717638733953726,0.0,0.06466933411404964,prerank,-0.3406197632634195,0.952,80/106,41.76%,EMP3;ZNF83;CDC25B;NUSAP1;SCARA3;CENPM;SFRP2;PHF19;UHRF1;CENPU;SMC4;CDKN2C;STON2;PTTG1;TPX2;FAM111A;NCAPG2;CDK1;TACC3;NCAPG;ANP32E;HMGB2;TOP2A;KIFC1;NCAPD2;ECT2;NDC80;ANLN;PRC1;FBXO5;CENPF;ASPM;KIF18A;CKAP2;KIF11;ORC6;NUF2;ZWINT;AURKB;RTKN2;HJURP;KIF18B;RRM2;DLGAP5;KIF15;KIF23;PCLAF;POLQ;KIF2C;FAM83D;MELK;PDLIM3;BIRC5;CCNF;KIF20A;CDCA2;CENPE;DIAPH3;SPC25;KNSTRN;CCNB2;HMMR;KIF14;DEPDC1;ESPL1;ARHGAP11A;KIF22;CCNB1;CEP55;TROAP;PIF1;BUB1;MT2A;CDCA3;GTSE1;SCLT1;CENPW;KIF20B;CKAP2L;MKI67,anal_pc5_c21_S1.filtered.gene_spectra_score.k_3.dt_0_01.txt
3,3,MID_MESOTHELIAL,1.4699588270098785,0.0,0.099888008298799,prerank,0.4590394030667619,1.0,105/394,14.84%,EPCAM;CA2;PLA2G2A;KRT8;PARM1;SLC26A2;CGN;GPRC5A;MMP28;EPS8L2;TNFSF13;CRACR2B;TCEA3;SMPD3;PLCE1;NPDC1;MYO5B;PDZK1IP1;LGALS2;EFNB2;PRELID2;DSC2;SERPINB1;STAP2;RASSF7;TOB1;CYSTM1;ITGA3;WFDC2;EFNA1;TSPAN13;TMEM176B;SEMA6A;CFB;RHPN2;FLNB;USP53;TMEM176A;COL9A2;NEDD4L;AGAP1;SEMA3C;HPGD;LMO7;GAS6;MYRF;SDC4;ANXA3;PLXNA2;EPS8L1;RAB11FIP1;EPS8;NOL4L;ASS1;CTSD;CRIM1;ITGA6;CCDC85C;FUCA1;WWC1;TSPAN7;SLPI;CNTN3;NAAA;FAM110C;RNASE1;PLEKHA7;PDGFA;AQP1;P4HA2;PARD3B;RHOU;IGFBP2;P3H2;ADAM15;SLC16A3;VWA5A;ECHDC2;LRATD2;CAPG;NET1;PLLP;NOP16;LAMC2;GRB7;ACOT7;DPP4;KANK1;SIGIRR;HEXB;CD55;EMP1;MET;MTUS1;BST1;KRT19;DHRS3;TMEM37;MAGI1;BTC;PIM3;TNFRSF12A;DDR1;SLC16A1;ASAP3,anal_pc5_c21_S1.filtered.gene_spectra_score.k_3.dt_0_01.txt
3,3,CONNECTING_TUBULE,1.4682406905631609,0.021101992966002344,0.10067333420796681,prerank,0.4986714126936817,1.0,15/74,12.76%,HSD11B2;CA12;NR3C2;ATP1B1;PPARGC1A;LGR4;SH3RF1;MECOM;VAV3;PPP1R9A;MYO1B;PCCA;KAZN;RHOBTB3;NAALADL2,anal_pc5_c21_S1.filtered.gene_spectra_score.k_3.dt_0_01.txt
3,3,KIDNEY_9_ENDOTHELIAL,-1.4681933260428037,0.03164556962025317,0.0658638727261771,prerank,-0.3878031503083134,0.954,34/58,26.80%,TCF4;A2M;CD74;COL4A2;SPARC;PXDN;ETS1;COL4A1;IGFBP5;TGFBR2;PECAM1;THY1;TIMP3;CAVIN1;FN1;GMFG;NRP1;PLPP3;LIFR;PBX1;MEF2C;IFITM2;NES;EGFL7;CRIP2;CLDN5;CAVIN2;RAMP2;CD34;ARHGAP29;PRCP;GNG11;PIEZO2;EHD3,anal_pc5_c21_S1.filtered.gene_spectra_score.k_3.dt_0_01.txt
3,3,HEART_LEFT_VENTRICULAR_CARDIOMYOCYTE,-1.4681400808227536,0.04363636363636364,0.06532839408612688,prerank,-0.48993292562501684,0.954,16/24,27.78%,COL3A1;CXCL14;ENG;GJA1;TFPI;THY1;PLXND1;SOX4;CCL2;ANXA1;HAPLN1;BRIP1;CTHRC1;RAMP2;PLVAP;ECSCR,anal_pc5_c21_S1.filtered.gene_spectra_score.k_3.dt_0_01.txt
3,3,CTX_NSC,-1.4678219829195776,0.014084507042253521,0.06494295209403014,prerank,-0.34079476498994754,0.954,81/112,41.76%,CNTRL;UCP2;CDC25B;TPM2;EZH2;MCM4;NUSAP1;ZEB1;CENPM;PHF19;CCDC80;SMC4;JADE1;CDKN2C;LMNB1;PTTG1;TPX2;NCAPG2;CDK1;TACC3;MEF2C;NCAPG;ANP32E;HMGB2;TOP2A;KIFC1;NCAPD2;ECT2;NDC80;CBR3;PRC1;FBXO5;CENPF;TMSB15B;ASPM;KIF18A;CKAP2;KIF11;ORC6;NUF2;ZWINT;AURKB;RTKN2;SPRY1;HJURP;KIF18B;RRM2;DLGAP5;KIF15;KIF23;KIF2C;FAM83D;MELK;BIRC5;CCNF;KIF20A;CDCA2;CENPE;DIAPH3;RARRES2;SPC25;KNSTRN;CCNB2;TTF2;HMMR;KIF14;DEPDC1;ESPL1;ARHGAP11A;KIF22;CCNB1;CEP55;TROAP;PIF1;BUB1;CDCA3;GTSE1;CENPW;KIF20B;CKAP2L;MKI67,anal_pc5_c21_S1.filtered.gene_spectra_score.k_3.dt_0_01.txt
3,3,SPLEEN_MESOTHELIAL,1.4671836459260106,0.010822510822510822,0.10067222204121683,prerank,0.48309238417375994,1.0,20/121,8.88%,LGALS3;PLA2G2A;KRT8;SLC4A4;CGN;SH3RF2;SMPD3;PDZK1IP1;ARHGAP44;RASSF7;CYSTM1;ITGA3;SCNN1A;MAL2;SEMA3C;MYRF;WWC1;SLPI;PATJ;FOS,anal_pc5_c21_S1.filtered.gene_spectra_score.k_3.dt_0_01.txt
3,3,IRIS_CILIARY_BODY_MELANOCYTES,1.4536296475839245,0.04860267314702309,0.11303336084341029,prerank,0.5250255156069018,1.0,18/50,14.80%,AHCYL2;CCL28;ERBB3;BAIAP2L1;TOB1;EFNA1;NUPR1;PAQR8;MARCKSL1;CCDC68;EPS8;TMEM51;RHOBTB3;HMGCS1;SIGIRR;PLEKHG3;PLEKHB1;RGS3,anal_pc5_c21_S1.filtered.gene_spectra_score.k_3.dt_0_01.txt
3,3,OSTEOCLAST,1.450593487035297,0.014176663031624863,0.11502682744002987,prerank,0.47690452032596425,1.0,27/119,11.56%,GOLM1;CA2;PARM1;CKB;TNFRSF11A;TSPAN15;SPINT1;PLBD1;STAP2;MYO10;CYSTM1;ANPEP;CCND1;ESRRA;SLC39A8;BACE2;CST3;BDH1;FHL2;RETREG1;DOCK5;MAP1LC3A;MYO1B;PLD1;TXNDC17;GNPTAB;NET1,anal_pc5_c21_S1.filtered.gene_spectra_score.k_3.dt_0_01.txt
3,3,RETINA_BIPOLAR,1.4480462018469697,0.06338028169014084,0.11649698358099675,prerank,0.6013384621198782,1.0,7/23,9.00%,CKB;CDHR1;PROM1;TMEM176B;AGAP1;FRMD3;STX3,anal_pc5_c21_S1.filtered.gene_spectra_score.k_3.dt_0_01.txt
3,3,ADRENAL_ERYTHROBLASTS,1.4437219810474629,0.07323568575233022,0.11985158042022373,prerank,0.5427532414872951,1.0,6/34,12.24%,SELENBP1;GALNT5;DPF3;TRIM10;CAT;BLVRB,anal_pc5_c21_S1.filtered.gene_spectra_score.k_3.dt_0_01.txt
3,3,EARLY_MESOTHELIAL,1.4410508441679593,0.003048780487804878,0.12135963575754906,prerank,0.45758073568591573,1.0,62/235,14.70%,CA2;KRT8;CD24;PARM1;GPRC5A;EPS8L2;CRACR2B;PLCE1;EPHB2;NPDC1;LGALS2;EFNB2;RASSF7;ITGA3;WFDC2;EFNA1;TSPAN13;SH3RF1;AGPAT2;RHPN2;FLNB;NEDD4L;AGAP1;HPGD;GAS6;MYRF;EPS8L1;GPRC5C;RAB11FIP1;NOL4L;ASS1;CCDC85C;FUCA1;HMGA2;TSPAN7;PATJ;FAM110C;RNASE1;RHOU;IGFBP2;FAM174B;P3H2;ADAM15;SLC16A3;ECHDC2;LRATD2;GNPTAB;NET1;PLLP;GRB7;DPP4;TRAF4;SIGIRR;EPHA2;KRT19;DHRS3;TMEM37;MAGI1;MAPRE3;PIM3;TNFRSF12A;DDR1,anal_pc5_c21_S1.filtered.gene_spectra_score.k_3.dt_0_01.txt
3,3,OLFACTORY_NEUROEPITHELIUM_DENDRITIC,-1.4396012807217813,0.011111111111111112,0.07945219739110634,prerank,-0.33559280699607513,0.971,33/100,16.06%,LSP1;CORO1A;LAPTM5;ZEB2;LCP1;SRGN;CD37;PTPRC;FYB1;VCAN;ITGB2;CD52;EMP3;RIPOR2;MPEG1;JAML;S100A4;TNFAIP2;EVI2B;CD48;FTL;FGL2;CYBB;SPI1;POU2F2;GMFG;CFD;TNFRSF1B;MS4A6A;TNFAIP3;IFI30;FGR;PLEK,anal_pc5_c21_S1.filtered.gene_spectra_score.k_3.dt_0_01.txt
3,3,MARROW_CD34_POS_HSC,1.426884144819877,0.05815423514538559,0.13648804135620576,prerank,0.5241957802648914,1.0,9/43,9.04%,KRT8;ATP1B1;PROM1;NPDC1;MECOM;HOXB6;IL18;HMGA2;HOXB5,anal_pc5_c21_S1.filtered.gene_spectra_score.k_3.dt_0_01.txt
3,3,MARROW_NK,-1.4236414283408143,0.0,0.08788660818523218,prerank,-0.30129820695087095,0.979,76/181,21.70%,CORO1A;WIPF1;AKNA;ITGAL;CD53;RAC2;ARHGAP9;TBC1D10C;ARHGDIB;ARL4C;ARHGAP30;SASH3;SYTL1;UCP2;SIPA1;ANXA6;ZAP70;ITGB2;ITGB7;RNF213;MYO1F;BIN2;SKAP1;LPCAT1;TNFRSF18;STK10;PYHIN1;CD300A;DOK2;NFATC2;IL2RB;CTSC;ADAM8;CHST12;RASSF5;ZBTB16;CERCAM;APOBEC3G;CD247;DTX3;NKG7;BNC2;AOAH;PIP4K2A;CST7;IL12RB1;STAT4;ADGRG5;IL2RG;ZBP1;CD7;SYNE1;GSAP;BTN3A2;CASP8;SYTL3;GNG2;PITPNC1;PRKCH;PLEKHF1;TSPAN2;RUNX3;GZMA;IFITM2;ADRB2;HCST;MYBL1;PRF1;GPR65;SLA2;SPTSSB;SAMD3;CBLB;FHL3;VIPR2;SH2D2A,anal_pc5_c21_S1.filtered.gene_spectra_score.k_3.dt_0_01.txt
3,3,PRE_PDC_DC5,-1.4202056539694166,0.0,0.08973883144083909,prerank,-0.2987659298489038,0.98,69/186,17.04%,FBLN1;ACAP1;LTB;CD2;HELLS;ADAM19;ITGB7;IGKC;JCHAIN;CCDC69;MAP4K1;PHGDH;ALCAM;FBLN2;RIPOR2;PTPN7;MCM2;CD22;CES1;SLAMF7;CARD11;MZB1;TPM2;EZH2;BANK1;RUNX2;MCM4;TYMS;NIBAN3;NUSAP1;ZEB1;CENPM;SLC1A4;PHF19;TRERF1;LY9;CSF2RB;BCL11A;CENPP;IRF4;CYFIP2;UHRF1;DERL3;LIG1;NKG7;MCM6;SH2D3C;CENPU;PRXL2A;USP11;PCED1B;SMC4;MX1;ADGRG5;CD7;NIBAN1;LMNB1;PALD1;CD38;PTTG1;SIT1;SNCA;TPX2;FANCI;KNTC1;BCL2;SEMA7A;NCAPG2;CDK1,anal_pc5_c21_S1.filtered.gene_spectra_score.k_3.dt_0_01.txt
3,3,CL8_MATURE_CUMULUS_GRANULOSA,1.420180654626075,0.018947368421052633,0.14338282410509492,prerank,0.4663435452559332,1.0,28/120,10.84%,KRT8;CKB;ATP1B1;PPARG;ST3GAL4;HDHD3;TCEA3;TSPAN6;NR5A2;MYO10;IFI27;TMEM176B;SLC39A8;CCND2;ACAA2;GAS6;MARCKSL1;FHL2;TSPAN7;PPP1R12B;RNASE1;VEGFA;MYO1B;IGFBP2;P3H2;MICOS10;IVNS1ABP;TXNDC17,anal_pc5_c21_S1.filtered.gene_spectra_score.k_3.dt_0_01.txt
3,3,MARROW_EARLY_ERYTHROBLAST,1.4184595818759844,0.0776978417266187,0.1445767345337468,prerank,0.5984669886425841,1.0,6/21,12.06%,MUC1;CDH1;MYB;KCNK5;MICOS10;SLC27A2,anal_pc5_c21_S1.filtered.gene_spectra_score.k_3.dt_0_01.txt
3,3,ADVENTITIAL_FIBROBLAST,-1.4148320687630414,0.0,0.09259925669301584,prerank,-0.2895360487709918,0.981,97/254,18.74%,LSP1;COL6A2;FBLN1;COL6A1;C1R;C1S;COL3A1;CXCL14;COL1A2;FGFR1;LTBP4;PTPRS;CD74;DCN;DPYSL3;COL6A3;FSTL1;LUM;COL1A1;SERPINF1;AKR1C2;FBN1;MMP2;CXCL12;TIMP2;EFEMP1;PHGDH;TNXB;MRC2;RGMA;FBLN2;PCOLCE;UCHL1;LAMB2;KLF2;CSF1;TGFBR2;S100A4;TNFAIP2;TSHZ2;ABCA8;ACKR3;MXRA5;ADAM33;CFH;THY1;THBS2;SH3BP5;CTSH;FTL;ABI3BP;FGL2;PRRX1;CLEC2B;FLRT2;RASSF2;C3;ADAMTSL4;SFRP2;FBLN5;PLTP;CFD;PODN;SVEP1;CD248;CLMP;MGP;NRP1;ALDH1A1;GAS7;CCDC80;BTG2;GPNMB;SFRP1;IL1R1;LOXL1;PRELP;PDLIM4;FGF7;PDPN;PAMR1;OLFML3;PDGFRA;TPST1;NNMT;CTSK;IL32;COL12A1;IGF1;PLAU;ABCA6;CCN1;CCL2;ANXA1;ADH1B;SCARA5;COLEC12,anal_pc5_c21_S1.filtered.gene_spectra_score.k_3.dt_0_01.txt
3,3,CL11_MURAL_GRANULOSA,1.412755521261505,0.014736842105263158,0.15079266964429408,prerank,0.4591015466916267,1.0,43/139,15.54%,KRT8;CKB;LIPH;PPARG;ST3GAL4;TCEA3;TSPAN6;NR5A2;LGR4;MYO10;IFI27;SLC39A8;FGD4;CCND2;MYO6;FHL2;INSR;EPS8;LHFPL2;TSPAN7;CITED2;PPP1R12B;HMGCR;MAP1LC3A;SELENOP;IGFBP2;P3H2;IVNS1ABP;THBS1;TENT5A;RHOBTB3;DNAJA4;HMGCS1;CD55;HMOX1;HSPA1B;ENC1;TNFRSF12A;SLC16A1;PDLIM5;SLC25A37;TJP1;PRSS23,anal_pc5_c21_S1.filtered.gene_spectra_score.k_3.dt_0_01.txt
3,3,KCNIP4_POS_NEURON,1.4093790596692017,0.07040417209908735,0.15381933452239352,prerank,0.5270324586441893,1.0,9/40,9.92%,AK1;PROM1;TNFRSF21;PLXNA2;FBP1;DPF3;TSPAN7;RNASE1;PTPRR,anal_pc5_c21_S1.filtered.gene_spectra_score.k_3.dt_0_01.txt
3,3,CL13_MONOCYTE_MACROPHAGE,-1.4089192207688828,0.0,0.09592017730531328,prerank,-0.2906365881882419,0.986,67/198,16.96%,LSP1;CORO1A;WIPF1;LAPTM5;FLNA;LIMD2;CD53;ZEB2;HCLS1;CD74;LCP1;ARHGDIB;ARL4C;CXCR4;SRGN;CD37;PTPRC;CYTIP;ITGB2;IL10RA;CD52;STK4;EMP3;GLIPR1;LPXN;FNBP1;GPSM3;SPHK1;JAML;S100A4;TXNRD1;EVI2B;NABP1;PPT1;CD48;CTSH;FTL;DOK2;FGL2;CTSC;SPI1;GPR183;SERPINB9;GMFG;DSE;THEMIS2;CFD;WAS;TNFRSF1B;ALOX5AP;BASP1;FERMT3;HES4;MS4A6A;ARRB2;IL2RG;RAB8B;IFI30;CKLF;CCR7;ISG20;FGR;EVI2A;PLEK;HSPA6;KYNU;CTSB,anal_pc5_c21_S1.filtered.gene_spectra_score.k_3.dt_0_01.txt
3,3,5TH_WEEK_CARDIAC,1.4048827146143386,0.07566204287515763,0.15806775139018608,prerank,0.5147226649686556,1.0,10/42,10.84%,KRT8;CKB;MGST1;RHPN2;MYRF;ANXA3;RASD1;MAP1LC3A;HSPA5;TXNDC17,anal_pc5_c21_S1.filtered.gene_spectra_score.k_3.dt_0_01.txt
3,3,BASOPHIL_MAST_1,1.4039905834998538,0.011470281543274244,0.15791476941846255,prerank,0.45351196510047515,1.0,46/162,15.22%,ITM2C;LGALS3;MLPH;SLC26A2;ST3GAL4;SCIN;SERPINB1;RARRES1;MYB;CYSTM1;NFKBIZ;TNFRSF21;TMEM176B;NDRG2;BACE2;KIF13B;HPGD;CPM;IL18;CTSD;EPAS1;FOS;TSC22D1;STX3;STXBP6;JUN;LXN;VWA5A;CAPG;GNPTAB;SLC27A2;ACOT7;GLUL;AKAP5;RHOBTB3;GALC;DHRS9;DUSP1;LIF;SLC45A3;KRT19;AREG;DUSP6;TNFRSF12A;TMEM44;ENPP3,anal_pc5_c21_S1.filtered.gene_spectra_score.k_3.dt_0_01.txt
3,3,AFP_ALB_POSITIVE,1.4027786361671648,0.09014084507042254,0.15799834537526042,prerank,0.5992753355525461,1.0,6/21,14.86%,SERPINA1;SNORC;LRG1;SELENOP;AZGP1;AQP7,anal_pc5_c21_S1.filtered.gene_spectra_score.k_3.dt_0_01.txt
3,3,POLYPEPTIDE,1.3994050493046482,0.04284103720405862,0.16107452504832592,prerank,0.48145542839013333,1.0,18/77,12.68%,ITM2C;TMEM45B;CAMK2N1;SERPINA1;EHF;FGD4;SAMD5;RASD1;ID1;ID2;ATP8A1;FOS;ABCB1;PRKACB;CDKN1A;SLC40A1;L1TD1;RHOBTB3,anal_pc5_c21_S1.filtered.gene_spectra_score.k_3.dt_0_01.txt
3,3,IRIS_CILIARY_BODY_MGP_HIGH_FIBROBLASTS,-1.395259250135494,0.06074766355140187,0.10375644653970016,prerank,-0.38469618866953703,0.99,23/45,22.94%,TGFBI;LTBP4;COL1A1;SERPINF1;AKR1C2;CALD1;LAMA4;MXRA8;RORA;TFPI;PLXDC1;RBMS3;BGN;GGT5;SOX4;PDPN;PITPNC1;SCARA5;CP;CALCRL;CBLB;CTTNBP2;LPIN1,anal_pc5_c21_S1.filtered.gene_spectra_score.k_3.dt_0_01.txt
3,3,MYOFIBROBLAST,-1.3921986347552007,0.05202312138728324,0.10483823106173197,prerank,-0.37856412767084224,0.99,19/46,16.12%,COL3A1;CXCL14;TGFBI;COL1A1;VCAN;DKK3;COL16A1;MMP2;ROBO1;PSTPIP1;CFH;TNC;SCARA3;WNT5A;LTBP2;CLU;PRELP;PAMR1;COL12A1,anal_pc5_c21_S1.filtered.gene_spectra_score.k_3.dt_0_01.txt
3,3,HEART_CORONARY_VASCULAR_ENDOTHELIAL,-1.3908207618892021,0.03614457831325301,0.10493586198670614,prerank,-0.38970316080354306,0.99,28/39,35.48%,TCF4;A2M;CD74;COL4A2;COL4A1;DST;IGFBP7;GIMAP4;GIMAP7;COL15A1;UTRN;GMFG;CAV1;MEF2C;TNNT3;VWF;MTSS1;CLDN5;CAVIN2;CD36;RGCC;PDGFB;JAM2;FLT4;DIPK2B;APLNR;ADGRL4;RBP7,anal_pc5_c21_S1.filtered.gene_spectra_score.k_3.dt_0_01.txt
3,3,RESIDENT_B,-1.3866001573602338,0.04838709677419355,0.10731082610400305,prerank,-0.42071074371043204,0.99,17/31,19.14%,CD79A;CD27;JCHAIN;TSC22D3;POU2AF1;SLAMF7;MZB1;IGHA1;LY9;PTK2B;DERL3;BTG2;FKBP11;ISG20;FCRL5;SEC11C;HERPUD1,anal_pc5_c21_S1.filtered.gene_spectra_score.k_3.dt_0_01.txt
3,3,EPSILON,1.3855306577243127,0.08946608946608947,0.17882887000451883,prerank,0.5725300849829109,1.0,6/24,10.38%,TMEM45B;SERPINA1;FFAR4;SAMD5;PCSK1;FRZB,anal_pc5_c21_S1.filtered.gene_spectra_score.k_3.dt_0_01.txt
3,3,IRIS_CILIARY_BODY_PUTATIVE_STEM,1.3852410331550602,0.04846335697399527,0.17771753529533324,prerank,0.4856916712986769,1.0,19/70,14.94%,EPCAM;RBM47;TLN2;QSOX1;C1orf21;WNK2;LGALS9;PLXNA2;RAB27A;FCGRT;PTPRD;STX3;PLCB4;MAP2K3;SH3KBP1;HMOX1;USP2;DUSP6;PDLIM5,anal_pc5_c21_S1.filtered.gene_spectra_score.k_3.dt_0_01.txt
3,3,DIFFERENTIATING_BASAL,1.3840266064460591,0.04908675799086758,0.17772310596256458,prerank,0.4720124020150463,1.0,13/76,8.20%,FAM3D;TSPAN1;AGR2;LRATD1;EHF;TMPRSS4;WFDC2;NDRG2;LAD1;VAV3;ASS1;CTSD;EPAS1,anal_pc5_c21_S1.filtered.gene_spectra_score.k_3.dt_0_01.txt
3,3,MVECS,-1.374705944679225,0.0,0.11503378977077139,prerank,-0.2666617323162082,0.991,155/309,30.84%,TCF4;COL3A1;FGFR1;LTBP4;A2M;SPARC;DPYSL3;BCAM;DKK3;CXCL12;COL4A1;PTGDS;TIMP2;LIMS2;PARP14;ARID5B;DPYSL2;IGFBP7;GIMAP4;FBLN2;ENG;LAMB2;KLF2;ITGA5;EHD2;RIPOR1;TGFBR2;PECAM1;BMP4;GJA1;ACKR3;NR2F1;TFPI;RBMS3;COL15A1;TNS1;VCAM1;ABI3BP;FXYD6;NFATC2;SPARCL1;BGN;TIMP3;CAVIN1;SERPINB9;MAST4;PLTP;TNS2;MGP;TIAM1;NFATC1;CD93;PLPP3;S1PR1;SH2D3C;NRP2;ZCCHC24;IL1R1;CAV1;PIK3R3;WWTR1;GIMAP8;HEG1;SEC14L1;IL32;ACP5;CDH5;IGFBP3;SWAP70;CCN1;ADAMTS1;LIFR;TMTC1;IRAK3;FGD5;ANXA1;PGM5;THBD;IFI44L;IFITM2;NES;VWF;CALCRL;EGFL7;NUAK1;LMO2;PTPRM;TGM2;NDRG4;CRIP2;ITM2A;SHE;MMRN2;RSPO3;CLDN5;LRRC32;C11orf96;PTHLH;GPX3;PTGS1;CTNNAL1;KCNN3;DYSF;DNASE1L3;ERG;RAMP3;CAVIN2;SOCS3;RAMP2;PREX2;CPE;GBP4;CD34;HSPB8;TSPAN18;EDNRB;ARHGAP29;ECE1;PRCP;CD36;FGF2;PLVAP;FCGR2B;TMEM47;GNG11;GRB10;RGCC;CYYR1;CAV2;TTC28;CLEC14A;TFPI2;ARL15;FILIP1L;TMEM204;PLAT;DOCK9;RUNX1T1;SGK1;INMT;TEK;PDGFB;RHOJ;TGFBR3;SPRY1;AIF1L;DLC1;ARHGAP31;LDB2;JAM2;SRPX;CLEC3B;ACKR1;COL8A1;TIE1,anal_pc5_c21_S1.filtered.gene_spectra_score.k_3.dt_0_01.txt
3,3,CHOROID_SCLERA_CHOROID_ENDOTHELIAL,1.3739510903072711,0.08900523560209424,0.1908664760772046,prerank,0.5204297298680897,1.0,13/37,15.70%,NRARP;ACSL5;CA4;SMAGP;MECOM;ANXA3;NOL4L;HID1;PIK3C2B;SIGIRR;SLC25A37;SOD2;SPNS2,anal_pc5_c21_S1.filtered.gene_spectra_score.k_3.dt_0_01.txt
3,3,EPITHELIAL,1.3725323379710683,0.06285714285714286,0.19142146803659627,prerank,0.47794227384765436,1.0,4/73,3.44%,SLC44A4;CAPN8;TMC5;LRRC26,anal_pc5_c21_S1.filtered.gene_spectra_score.k_3.dt_0_01.txt
3,3,CYCLING_DC,-1.3669868693013807,0.0,0.11946959483474237,prerank,-0.26729659437220893,0.994,170/256,41.80%,FBLN1;ACAP1;SEPTIN1;CD2;HELLS;NUP210;PDE7A;TTC39C;ITGB7;MAP4K1;PHGDH;IGFBP7;ALCAM;FBLN2;WWOX;PTPN7;MCM2;CES1;TXNRD1;CDC25B;EZH2;BANK1;RUNX2;MCM4;TYMS;NUSAP1;GRK6;CENPM;PABPC1L;RHOH;SLC1A4;PHF19;CD79B;ARHGAP33;WDR76;TCF19;CENPP;IRF4;UHRF1;DERL3;LIG1;NKG7;FANCA;MCM6;CEP128;CENPU;SMC4;JADE1;ADGRG5;CD7;NIBAN1;LMNB1;PTTG1;TMEM156;SNCA;TPX2;FANCI;FAM111A;EAF2;KNTC1;BCL2;CCNE2;NCAPG2;CD69;CDK1;TMX4;E2F1;NCAPG;MYBL2;NREP;TOP2A;HNRNPLL;ZGRF1;KIFC1;RAD54L;NCAPD2;ECT2;NDC80;ANLN;CTNNAL1;LAPTM4B;CDC45;CLEC11A;BAG2;CDT1;SLC2A1;PRC1;FBXO5;PPP1R14A;RECQL4;CENPF;DTL;ASPM;KIF18A;CKAP2;CIT;KIF11;FILIP1L;IMMP2L;ORC6;MATK;NUF2;ZWINT;GAPT;FADS2;AURKB;STAM;HJURP;KIF18B;SLF1;MAP3K20;KMO;POLA1;RRM2;DLGAP5;CYBRD1;CD1C;KIF15;TIFAB;KIF23;PCLAF;CARHSP1;POLQ;KIF2C;FAM83D;MELK;TMEM71;BIRC5;CCNF;KIF20A;MCOLN2;TP53I13;CHST2;SEL1L3;CDCA2;CCR2;CENPE;DIAPH3;ARL4D;SIGLEC5;SPC25;KNSTRN;EPB41;ZNF503;CCNB2;TTF2;HMMR;KCNMB1;HDAC3;KIF14;POLE;DEPDC1;ESPL1;ARHGAP11A;KIF22;CCNB1;CDCA7L;CEP55;TROAP;BUB1;CDCA3;SUPT3H;GTSE1;CENPW;KIF20B;CKAP2L;CTSW;GCHFR;MKI67;AAAS,anal_pc5_c21_S1.filtered.gene_spectra_score.k_3.dt_0_01.txt
3,3,CTX_BIG_GROUPS_CAJAL_RETZIUS,1.365371586905181,0.026915113871635612,0.20049419260207588,prerank,0.43545477113398234,1.0,38/179,13.24%,ITM2C;CA2;CYP3A5;TNFRSF11A;CAPN8;MAOA;MYH14;CRACR2B;CDH1;TMEM238L;OAF;PPARGC1A;AKAP1;CYSTM1;NUPR1;CYB5A;AGPAT2;DEGS2;PTPRN2;GAS6;MARCKSL1;EPPK1;CPM;MAP1LC3A;PLCB4;ACHE;PCSK1;MICOS10;PLD1;CDKN1A;CASZ1;TUBB4B;ACOT7;IRF6;HMGCS1;SUSD1;FAM118A;DNAJC12,anal_pc5_c21_S1.filtered.gene_spectra_score.k_3.dt_0_01.txt
3,3,PROXIMAL_TUBULE_EPITHELIAL_CELLS_S1_S2,1.361502039024209,0.06615214994487321,0.20504310626858624,prerank,0.4567777477900901,1.0,20/84,10.72%,SLC4A4;RBM47;PLEKHA6;TLN2;SLC16A9;FGD4;NEDD4L;AGAP1;PCSK5;MYO6;CPM;INSR;SAMD5;FRMD3;PATJ;PTPRD;PLEKHA7;HPN;P3H2;PCCA,anal_pc5_c21_S1.filtered.gene_spectra_score.k_3.dt_0_01.txt
3,3,PUTATIVE_LYMPHOID_PRIMED_MULTIPOTENT_PROGENITOR,-1.3605664088282758,0.01990049751243781,0.12325080320017144,prerank,-0.3610066339049013,0.996,18/51,8.10%,CD74;ARHGAP30;RASGRP2;CYTIP;CD52;PIM2;GLIPR1;RCSD1;IGFBP7;TSC22D3;SPN;S100A4;SELL;CSGALNACT2;MZB1;CD48;RUNX1;ARHGAP25,anal_pc5_c21_S1.filtered.gene_spectra_score.k_3.dt_0_01.txt
3,3,GAMMA,1.3597073386305074,0.1187683284457478,0.20616016257432002,prerank,0.560775813547782,1.0,6/23,9.80%,GCNT3;SLC4A4;TMEM176B;ID1;ID2;ABCB1,anal_pc5_c21_S1.filtered.gene_spectra_score.k_3.dt_0_01.txt
3,3,TM4SF4_POS_CHODL_POS_NEURON,1.3589918374210435,0.13976945244956773,0.20581486614901415,prerank,0.5695360150262798,1.0,5/20,9.80%,PLEKHA6;FBP1;EPS8L1;HID1;ABCB1,anal_pc5_c21_S1.filtered.gene_spectra_score.k_3.dt_0_01.txt
3,3,ENDOTHELIAL_CELLS_GLOMERULAR_CAPILLARIES,-1.3576293043570435,0.05084745762711865,0.12438059730021273,prerank,-0.32440292492164374,0.996,41/86,28.64%,TCF4;COL4A2;CALD1;COL4A1;IGFBP5;TGFBR2;CDH13;RBMS3;DPYD;UTRN;TIMP3;ZEB1;ZBTB16;ELMO1;PLPP3;FCHSD2;ADGRL2;PIP4K2A;ITGA8;SYNE1;SEC14L1;PITPNC1;EBF1;SNED1;LIFR;TMTC1;PBX1;MTSS1;PTPRM;RFX3;GPX3;PREX2;PRKG1;GRB10;ITGA1;DOCK4;TTC28;ARL15;PLAT;TEK;HIVEP3,anal_pc5_c21_S1.filtered.gene_spectra_score.k_3.dt_0_01.txt
3,3,RETINAL_PROGENITORS_AND_MULLER_GLIA,1.3573828903049623,0.11642743221690591,0.20664129967276218,prerank,0.6213896202171468,1.0,6/15,12.14%,EPHB2;LGR4;MYB;MOB3B;GDPD2;L1TD1,anal_pc5_c21_S1.filtered.gene_spectra_score.k_3.dt_0_01.txt
3,3,IGFBP1_DKK1_POSITIVE,-1.355429268401687,0.0594059405940594,0.12527620903773418,prerank,-0.33084229480595045,0.996,57/86,45.86%,DCN;LUM;MFAP4;MMP2;RBP1;MXRA8;THY1;ABI3BP;SERPING1;CLEC2B;CRISPLD2;WNT5A;LTBP2;CFD;CD248;PLPP3;PBXIP1;CTSK;ADAMTS1;SCARA5;GBP1;CPXM1;OSR2;TGM2;PDLIM2;SSC5D;EMILIN2;MMP19;SPON2;ISLR;RGCC;LMOD1;GASK1A;CILP;CNR1;KIAA0040;IGFBP6;AOX1;CHST2;RTL10;CHRDL1;VASN;TMEM45A;PALMD;PILRA;CHI3L2;ADAMTS5;S100A3;HSPB6;DEPP1;DKK1;PLPP1;PGR;GDF7;SPSB1;UBE2L6;HSD11B1,anal_pc5_c21_S1.filtered.gene_spectra_score.k_3.dt_0_01.txt
3,3,RETINA_MULLER,1.3535472989322763,0.12038303693570451,0.21165316217464547,prerank,0.5527466475529998,1.0,5/25,5.86%,CKB;SPON1;MYO10;CCND1;HES1,anal_pc5_c21_S1.filtered.gene_spectra_score.k_3.dt_0_01.txt
3,3,CORNEA_TGFBI_HIGH_EPITHELIAL,1.3519454440534917,0.09665427509293681,0.21265899307284808,prerank,0.48831928320091794,1.0,12/51,11.46%,ELF3;GPRC5A;ITGA3;SDC4;ASS1;CRIM1;GDPD2;ITGB4;RHOU;THBS1;TUBB4B;CAPG,anal_pc5_c21_S1.filtered.gene_spectra_score.k_3.dt_0_01.txt
3,3,INTESTINE_CHROMAFFIN,1.3509463714949688,0.106353591160221,0.21269532301932648,prerank,0.5530408590856126,1.0,9/25,19.90%,FFAR4;PCSK1;RAP1GAP2;GIPR;MAB21L4;RGL3;KIF19;TGM3;RAB3B,anal_pc5_c21_S1.filtered.gene_spectra_score.k_3.dt_0_01.txt
3,3,APOE_POS_M2_MACROPHAGE,1.3456304577368186,0.02368692070030896,0.21962982090529096,prerank,0.4316666376864116,1.0,30/193,8.20%,SELENBP1;C15orf48;FCGBP;SERINC2;ABCC3;MGLL;PPARG;TSPAN15;NPDC1;RARRES1;CYSTM1;IFI27;NUPR1;TNFRSF21;TDP2;TMEM176B;ANPEP;CCND1;CDCP1;BACE2;TMEM176A;ACOX1;FBP1;IL18;NIBAN2;LHFPL2;SMPDL3A;ID1;CYP27A1;EPAS1,anal_pc5_c21_S1.filtered.gene_spectra_score.k_3.dt_0_01.txt
3,3,CEREBRUM_OLIGODENDROCYTES,1.3444786054127869,0.12517385257301808,0.21986191701218763,prerank,0.5498972532403148,1.0,4/24,6.40%,ERBB3;NT5E;MYRF;CHAD,anal_pc5_c21_S1.filtered.gene_spectra_score.k_3.dt_0_01.txt
3,3,PUTATIVE_MEGAKARYOCYTE_PROGENITOR,1.3413848692074446,0.08149010477299184,0.22355732282329277,prerank,0.4733067948195507,1.0,16/68,12.64%,CA2;ABCC3;TSPAN15;EFNB2;C3orf52;CCND1;PDE3A;LCN2;CCDC68;TPM1;ITGA6;PDGFA;KCNE3;THBS1;CXCL3;LGALSL,anal_pc5_c21_S1.filtered.gene_spectra_score.k_3.dt_0_01.txt
3,3,OXYNTIC_ENTEROCHROMAFFIN_LIKE,1.3412836230877323,0.105,0.22199646372868453,prerank,0.49319268624640633,1.0,4/43,4.38%,EPCAM;LEFTY1;SERPINA1;WFDC2,anal_pc5_c21_S1.filtered.gene_spectra_score.k_3.dt_0_01.txt
3,3,PLACENTA_MYELOID,-1.3389725674079562,0.023255813953488372,0.1372593347201813,prerank,-0.30353006311544717,0.997,66/112,38.00%,CD74;FGD2;CIITA;MPEG1;ADAMDEC1;FGL2;CYBB;CD28;THEMIS2;PLTP;FAM20C;STAB1;MS4A6A;ACP5;ICAM1;CCL2;LAIR1;MS4A7;SLC7A7;TLR6;SIGLEC10;MAFB;MILR1;C1QA;C1QC;LY86;CD163;SCIMP;C1QB;CLEC7A;CD83;C3AR1;HCK;PPM1M;TLR2;CD163L1;LST1;CPVL;SIGLEC1;LILRB2;TMEM273;SLAMF8;ADAP2;TYROBP;FPR3;HK3;C1orf162;P2RX7;CD86;TFEC;RNASE6;TLR7;FOLR2;IL4I1;BCL2A1;ARHGAP22;ADGRE2;SIRPB2;IGSF6;TNFAIP8L2;VSIG4;CALHM6;MNDA;MMP9;SLC37A2;SIGLEC9,anal_pc5_c21_S1.filtered.gene_spectra_score.k_3.dt_0_01.txt
3,3,MESANGIAL,-1.3386154983131227,0.03260869565217391,0.13656517354672912,prerank,-0.30276071714023584,0.997,45/113,18.68%,TCF4;ZEB2;A2M;COL4A2;SPARC;ETS1;CALD1;COL4A1;DST;ROBO1;DOCK8;ARID5B;IGFBP7;ENG;IGFBP5;RORA;ITPR1;RBMS3;TNS1;DPYD;UTRN;TIMP3;PDGFRB;ZBTB16;FLRT2;PHTF2;MEIS1;LAMA2;TRERF1;MGP;SULT1E1;FCHSD2;ADGRL2;ITGA8;SYNE1;TBC1D1;PALLD;LHFPL6;COL12A1;EBF1;PTK7;UNC5C;TMTC1;MEF2C;FRMD4A,anal_pc5_c21_S1.filtered.gene_spectra_score.k_3.dt_0_01.txt
3,3,LATE_BASAL,-1.3331201763657834,0.06504065040650407,0.13977128980378506,prerank,-0.3341046883011961,0.998,34/70,26.14%,COL1A2;COL7A1;TP63;PKP1;GCLC;VCAN;DKK3;KRT15;DST;COL14A1;GPC3;KLF2;EHD2;CFH;TPM2;A4GALT;ABI3BP;NTN1;ACTA2;JAG2;EYA2;LHFPL6;S100A2;BOC;ANXA1;PMAIP1;PDLIM2;FHL1;NRG1;CLDN1;WNT4;TFAP2A;CH25H;RGCC,anal_pc5_c21_S1.filtered.gene_spectra_score.k_3.dt_0_01.txt
3,3,EPICARDIAL_FAT,1.3315393707312038,0.11621621621621622,0.23718068110020996,prerank,0.522774388193901,1.0,3/28,6.80%,PLA2G2A;ANXA3;IL18,anal_pc5_c21_S1.filtered.gene_spectra_score.k_3.dt_0_01.txt
3,3,PLACENTA_SYNCYTIOTROPHOBLASTS_AND_VILLOUS_CYTOTROPHOBLASTS,1.3266203616795018,0.14950634696755993,0.24375868750774624,prerank,0.5483683336926898,1.0,8/24,12.94%,LRATD1;POF1B;SMAGP;SLC27A2;L1TD1;KANK1;PRSS12;FAM118A,anal_pc5_c21_S1.filtered.gene_spectra_score.k_3.dt_0_01.txt
3,3,ALPHA,1.326223669712346,0.031958762886597936,0.2426243223537567,prerank,0.4266087753604966,1.0,40/188,13.60%,SELENBP1;LRATD1;PARM1;CKB;PLCE1;NPDC1;TMEM236;MYO10;CYSTM1;SH3RF1;TMEM176B;FLNB;GDA;KIF12;TMEM176A;COL9A2;CST3;PTPRN2;DAPK2;CERS6;RAB27A;MBOAT2;TSPAN7;CITED2;PTPRD;PVR;P4HA2;STXBP6;IVNS1ABP;RAP1GAP2;SESN2;KCNMA1;IRF6;DPP4;TENT5A;DNAJA4;SSTR1;DNAJC12;SH3KBP1;PTGER4,anal_pc5_c21_S1.filtered.gene_spectra_score.k_3.dt_0_01.txt
3,3,THY1_POS_OPC,-1.3261682596773459,0.13636363636363635,0.14506661975038154,prerank,-0.488799712389211,0.999,8/15,27.52%,LAMA4;THY1;ELMO1;LRRK2;GPR155;ITM2A;EDNRB;PLAT,anal_pc5_c21_S1.filtered.gene_spectra_score.k_3.dt_0_01.txt
3,3,MYOFIBROBLAST_1,1.3247242526719567,0.1411917098445596,0.24350767416674884,prerank,0.5058677196329974,1.0,6/34,6.02%,SLC4A4;SLC26A2;PROM1;RNF43;SEMA3C;PCSK5,anal_pc5_c21_S1.filtered.gene_spectra_score.k_3.dt_0_01.txt
3,3,ILC2,1.3223378219517552,0.07769145394006659,0.24591086297966597,prerank,0.4440851274406775,1.0,24/94,14.94%,S100P;MGLL;ATP1B1;EPS8L2;PPARG;EGLN3;BACE2;COL9A2;HPGD;PTPRN2;ACOX1;PKIB;MBOAT2;EPAS1;ANTXR2;SEPTIN11;CAPG;DPP4;RHOBTB3;LIF;INPP4B;DUSP6;GAB2;PDLIM5,anal_pc5_c21_S1.filtered.gene_spectra_score.k_3.dt_0_01.txt
3,3,PROLIFERATING_CHONDROCYTE,-1.3213890276756919,0.023255813953488372,0.14760793027602825,prerank,-0.2984511165984108,0.999,103/143,41.76%,FBLN1;CNTRL;HELLS;EMP3;PHGDH;SMCHD1;MCM2;CDC25B;EZH2;MCM4;TYMS;NUSAP1;TUBB2B;CENPM;PHF19;ARHGAP33;WDR76;TCF19;UHRF1;LIG1;CENPU;SMC4;PRELP;CDKN2C;LMNB1;CKLF;PTTG1;EFEMP2;TPX2;FANCI;KNTC1;NCAPG2;CDK1;TACC3;E2F1;NCAPG;ANP32E;HMGB2;MYBL1;TOP2A;ZGRF1;KIFC1;NCAPD2;ECT2;NDC80;ANLN;CLEC11A;CDT1;PRC1;FBXO5;CENPF;DTL;ASPM;CKAP2;CIT;KIF11;ORC6;NUF2;ZWINT;AURKB;SLC20A1;HJURP;NCAM1;SLF1;RRM2;DLGAP5;KIF15;KIF23;CENPT;PCLAF;KIF2C;FAM83D;MELK;CAVIN3;BIRC5;KIF20A;TP53I13;CDCA2;CENPE;SPAG4;DIAPH3;RARRES2;SPC25;KNSTRN;CCNB2;HMMR;KIF14;DEPDC1;ARHGAP11A;KIF22;TMEM45A;CCNB1;CDCA7L;NAV2;TROAP;BUB1;CDCA3;GTSE1;CENPW;KIF20B;CKAP2L;GCHFR;MKI67,anal_pc5_c21_S1.filtered.gene_spectra_score.k_3.dt_0_01.txt
3,3,CAPILLARY_INTERMEDIATE_1,1.3168241114003914,0.09249183895538629,0.2542101459038441,prerank,0.43443029265871097,1.0,22/106,10.76%,CA2;CYP3A5;PCDH1;TSPAN15;CA4;TINAGL1;SERPINB1;VIPR1;ITGA3;CDKN2B;EFNB1;EXPH5;HPGD;MYO6;ANXA3;ACE;NTN4;MBOAT2;AQP1;NUAK2;STXBP6;RAPGEF5,anal_pc5_c21_S1.filtered.gene_spectra_score.k_3.dt_0_01.txt
3,3,SMG_BASAL,-1.3160121297616962,0.0,0.1508792998131341,prerank,-0.28783994684460745,1.0,102/238,22.32%,LSP1;COL5A1;COL1A2;COL7A1;FGFR1;RAC2;LTB;TP63;NLRP1;PKP1;CXCR4;GCLC;AEBP1;VCAN;MFAP4;DKK3;COL16A1;TTC39C;KRT15;NID1;DGKA;COL4A1;FMNL3;DST;LAMA4;ROBO1;EMP3;COL14A1;FNBP1;HTRA1;FBLN2;CHST15;KLF2;SPHK1;TNFAIP2;TSHZ2;LPAR6;NTRK2;PMP22;CFH;TPM2;THY1;SH3BP5;VCAM1;SPARCL1;CAVIN1;NTN1;ADAMTS2;MEIS1;SNAI2;ACTA2;PTK2B;PITX1;MGP;TIAM1;CD40;NFATC1;LAYN;RIC3;SFRP1;STMN3;MAP1B;NRP2;KRT14;MX1;TNFAIP3;SULF1;WNT10A;MCAM;SNCA;EYA2;IL32;ITGA9;PALLD;ACP5;LHFPL6;GNG2;BCL2;IGFBP3;PLAU;LSAMP;S100A2;BOC;IL27RA;CCL2;TSPAN2;FRMD4A;MAMDC2;SIRPA;CSPG4;CPXM1;RCBTB2;SHISA2;PMAIP1;SPEG;ITM2A;SYNPO2;SLIT3;CCDC3;EOGT;BIRC3;CLDN1,anal_pc5_c21_S1.filtered.gene_spectra_score.k_3.dt_0_01.txt
3,3,MARROW_ERYTHROBLAST,1.3158028854432815,0.03490759753593429,0.25425630911845204,prerank,0.41971636424806924,1.0,39/203,12.96%,SLC44A4;EPCAM;SELENBP1;CA2;AK1;HDHD3;SLC22A23;TLN2;PRELID2;IFI27;CYB5A;SLC16A9;SLC39A8;ICA1;NEDD4L;ACAA2;MICALL2;FHL2;DPF3;NIBAN2;MBOAT2;SLC6A8;UBXN10;FHDC1;ACHE;AQP1;PNP;TRIM10;LXN;SEPTIN11;CAT;MAP2K3;TUBB4B;ALDH1B1;NOP16;BLVRB;RHOBTB3;DNAJA4;ECI2,anal_pc5_c21_S1.filtered.gene_spectra_score.k_3.dt_0_01.txt
3,3,CORNEA_FIBROBLASTS,-1.314339659984206,0.08391608391608392,0.15125525945917448,prerank,-0.3272747242690946,1.0,27/62,17.00%,WIPF1;COL6A3;AKR1C2;MFAP4;DPYSL2;TSC22D3;LAMB2;TSHZ2;MYL9;TFPI;LAMC1;TPM2;RBMS3;FTL;TNS1;PRRX1;LTBP2;FBLN5;CCDC80;IL1R1;TSPAN4;PDLIM4;FKBP11;SNCA;EFEMP2;COL12A1;IGFBP3,anal_pc5_c21_S1.filtered.gene_spectra_score.k_3.dt_0_01.txt
3,3,PULMONARY_NEUROENDOCRINE,1.31427479228274,0.08487486398258977,0.25520482350552937,prerank,0.4322373003151384,1.0,27/106,14.88%,LRATD1;TTC39A;SMPD3;NPDC1;TMEM184A;SCNN1A;TMEM176B;TMEM176A;PTPRN2;OTULINL;RETREG1;PKIB;RASD1;NAAA;HOXB5;CACNB2;KLK12;CASZ1;PNPLA7;ATP2A3;KCNMA1;TMEM51;TENT5A;DNAJC12;DLL4;MAPRE3;KSR2,anal_pc5_c21_S1.filtered.gene_spectra_score.k_3.dt_0_01.txt
3,3,LATE_TIP,1.3134811350720779,0.14779874213836477,0.25468221372074934,prerank,0.5841652950145184,1.0,4/15,9.56%,PPP1R1B;MGLL;FMN1;AQP1,anal_pc5_c21_S1.filtered.gene_spectra_score.k_3.dt_0_01.txt
3,3,VEIN,-1.3120927551211587,0.09777777777777778,0.1521922219801051,prerank,-0.38248742553877535,1.0,24/37,43.10%,PTGDS;VCAM1;ABI3BP;CLU;IL1R1;TNFAIP3;NNMT;LYST;ICAM1;VWF;CPE;PRCP;PLAT;SRPX;ACKR1;ADAMTS9;C7;MMRN1;SELP;CYP1B1;NAMPT;PLA1A;HDAC9;LYVE1,anal_pc5_c21_S1.filtered.gene_spectra_score.k_3.dt_0_01.txt
3,3,CHON1,1.3039961929342265,0.10543840177580466,0.2704458252232615,prerank,0.4465502419486363,1.0,18/80,11.04%,PLA2G2A;AK1;SERPINA1;TSPAN6;SLC39A14;TSPAN13;FOXA3;NDRG2;HES1;GAS6;HRCT1;PID1;INSR;TSC22D1;MPZL2;FRZB;P3H2;THBS1,anal_pc5_c21_S1.filtered.gene_spectra_score.k_3.dt_0_01.txt
3,3,THYMUS_THYMIC_EPITHELIAL,1.3036878078999956,0.08807733619763695,0.26906336895798155,prerank,0.42694360724186975,1.0,26/108,15.34%,B3GALT5;ATP10B;CDH1;PPARGC1A;MYO5B;DSC2;WNK2;RHPN2;ANO9;RNF43;FMN1;MICALL2;MOB3B;PTPN3;CNTN3;PATJ;ACHE;MPZL2;CACNB2;IRF6;KANK1;EPB41L4A;KRT19;AFAP1L2;ENPP3;MCF2L,anal_pc5_c21_S1.filtered.gene_spectra_score.k_3.dt_0_01.txt
3,3,KUPFFER,-1.3004926333608444,0.0,0.16173839497739176,prerank,-0.2654681845111401,1.0,150/334,28.30%,LAPTM5;TGFBI;ZEB2;HCLS1;CXCR4;PARVG;SRGN;CELF2;CD37;CNTRL;UCP2;ADA2;STK17B;FYB1;ADAM28;SAMHD1;CALD1;PLEKHO1;MAF;VCAN;TRPS1;ITGB2;FGD2;PLCB2;CIITA;MYH11;CXCL12;CD52;BCL6;CCDC69;CCDC88A;CD4;NCKAP1L;DPYSL2;KLHL6;WDFY4;KCNAB2;MYO1F;RIPOR2;MPEG1;JAML;S100A4;TNFAIP2;SLA;SELL;CSGALNACT2;PRKCB;EVI2B;RHOQ;SMAP2;PPT1;CTSH;FTL;ALOX5;VCAM1;FGL2;CYBB;CTSC;SPI1;GPR183;VSTM4;POU2F2;SERPINB9;RASSF2;CD84;GMFG;THEMIS2;PLTP;CFD;WAS;MX2;SDC3;PTK2B;IRF4;GAS7;TNFRSF1B;CD93;LRRK2;GPNMB;BASP1;PREX1;MS4A6A;ARRB2;AXL;RGL1;IRF8;FGR;PLEK;HSPA6;TNFSF14;CTSB;LILRB1;LAIR1;MS4A7;IRAK3;ANXA1;SLC7A7;RGS1;FRMD4A;CSF1R;THBD;IFI44L;HERPUD1;MTSS1;REL;SLC15A3;AP1S2;PMAIP1;PHF8;SAMSN1;MAFB;C1QA;C1QC;LY86;SLC2A3;CD163;SCIMP;CYP4F3;C1QB;CLEC7A;DOK3;AHR;CD83;F13A1;DSG3;ITGAX;C3AR1;EMILIN2;PHACTR1;RILPL2;HCK;TLR2;FCGR2B;CREB5;LST1;LILRB5;RGCC;PLD3;CPVL;LILRB2;FCGR2A;MAP3K8;FILIP1L;CLEC10A;ADAP2;GAPT;SGK1;FST;PTPRE;TYROBP,anal_pc5_c21_S1.filtered.gene_spectra_score.k_3.dt_0_01.txt
3,3,PANCREAS_ACINAR,1.2914447413890664,0.17432646592709986,0.2906143048464385,prerank,0.5829071787802087,1.0,1/15,1.70%,KLK1,anal_pc5_c21_S1.filtered.gene_spectra_score.k_3.dt_0_01.txt
3,3,HIGH_GRADE_CHONDROSARCOMA,1.286980229330848,0.07372793354101766,0.29750136179930425,prerank,0.41405150873105606,1.0,30/166,9.86%,B3GNT7;MLPH;CAMK2N1;PPP1R1B;SLC26A2;MGLL;CCL28;ATP1B1;SMAGP;TOB1;C1orf21;CYSTM1;WFDC2;CYB5A;UGDH;SDC4;CCDC68;WASL;PACSIN2;EPS8;NIBAN2;ASS1;SPRY2;TMEM63A;CRIM1;EPAS1;MAP1LC3A;ARHGEF2;CDA;STXBP6,anal_pc5_c21_S1.filtered.gene_spectra_score.k_3.dt_0_01.txt
3,3,IRIS_CILIARY_BODY_PIGMENTED_CILIARY_BODY,1.2864135690520426,0.14668367346938777,0.2965633290427348,prerank,0.47428567971630564,1.0,15/43,16.76%,CKB;MUC20;TOB1;C1orf21;DAPK2;PPFIBP2;P3H2;ECHDC2;EPB41L1;PTPRG;TNS3;EPB41L3;RBM24;PFKP;SCARB1,anal_pc5_c21_S1.filtered.gene_spectra_score.k_3.dt_0_01.txt
3,3,EXTRAVILLOUS_TROPHOBLASTS,1.2848897535906634,0.12804878048780488,0.29775476696193176,prerank,0.4571976143245787,1.0,15/53,15.76%,PRSS8;KRT8;QSOX1;EFNA1;FLNB;HPGD;PXN;NOS2;PVR;SLC12A8;HEXB;CD276;ASAP3;AFAP1;SLCO4A1,anal_pc5_c21_S1.filtered.gene_spectra_score.k_3.dt_0_01.txt
3,3,OLFACTORY_NEUROEPITHELIUM_PERICYTES,-1.28391285977661,0.07801418439716312,0.1756743568981297,prerank,-0.3194385566859028,1.0,43/67,31.18%,TCF4;A2M;CD74;CXCL12;ENG;KLF2;TGFBR2;PECAM1;LPAR6;GIMAP7;SPARCL1;TIMP3;CAVIN1;CD93;CLU;CAV1;LIFR;THBD;VWF;CALCRL;EGFL7;CRIP2;ITM2A;CLDN5;RAMP3;CAVIN2;SOCS3;RAMP2;CD34;PRCP;PLVAP;GNG11;CYYR1;CLEC14A;PLAT;ECSCR;FAM13C;CCDC85B;SPRY1;JAM2;ACKR1;LMCD1;TM4SF1,anal_pc5_c21_S1.filtered.gene_spectra_score.k_3.dt_0_01.txt
3,3,NATURAL_KILLER_T,-1.2825863799119908,0.1509433962264151,0.1757897602594004,prerank,-0.4015456151765992,1.0,14/27,30.24%,CXCR4;TNFRSF18;IL2RB;NKG7;CD7;CD69;RGS1;SOCS1;PRF1;CXCR3;SLA2;ITGA1;GATA3;DUSP2,anal_pc5_c21_S1.filtered.gene_spectra_score.k_3.dt_0_01.txt
3,3,ADC_1,1.2804184085985606,0.09923664122137404,0.30456255199803284,prerank,0.4254389769255913,1.0,19/101,11.56%,AOC1;CKB;MGLL;TSPAN15;HDHD3;SLC22A23;TSPAN13;CYB5A;TMEM176B;LAD1;TMEM176A;ATP8A1;MAP1LC3A;PHLDA2;ACHE;NUAK2;ANTXR2;TMCC3;NET1,anal_pc5_c21_S1.filtered.gene_spectra_score.k_3.dt_0_01.txt
3,3,CILIATED_EPITHELIAL,1.280024000602263,0.08289611752360965,0.3032932832598207,prerank,0.4141599466261351,1.0,28/163,14.48%,SLC44A4;TSPAN1;TMEM45B;MLPH;TFF3;TSPAN15;TMC5;SMPD3;LGR4;ATP2C2;ADAP1;SPAG1;MB;UBXN10;SHANK2;ENPP4;TUBB4B;ADGRE5;SLC27A2;PRSS12;DNAJA4;GALC;DHRS9;CEBPA;USP2;WFDC3;BTC;MAPRE3,anal_pc5_c21_S1.filtered.gene_spectra_score.k_3.dt_0_01.txt
3,3,TROPHOBLAST_GIANT,1.278262359548925,0.1354916067146283,0.30475548497646265,prerank,0.45292255107613094,1.0,13/59,14.82%,HSD11B2;PCDH1;ST3GAL4;EXPH5;GDF15;ZNF703;CRIM1;GLDN;GRAMD2B;TENT5A;RHOBTB3;STS;TRIM25,anal_pc5_c21_S1.filtered.gene_spectra_score.k_3.dt_0_01.txt
3,3,CAPILLARY_AEROCYTE,1.2762692479917448,0.18157181571815717,0.3068588177197027,prerank,0.5070967739871675,1.0,6/30,6.06%,CYP3A5;SLC12A2;CA4;VIPR1;EXPH5;HPGD,anal_pc5_c21_S1.filtered.gene_spectra_score.k_3.dt_0_01.txt
3,3,PULMONARY_NE_PRECURSOR,1.276127730598913,0.09894736842105263,0.30514261332138704,prerank,0.4123654770437617,1.0,33/133,14.74%,LRATD1;TTC39A;SMPD3;NPDC1;TMEM184A;SCNN1A;EGLN3;TNFRSF21;TMEM176B;TMEM176A;PTPRN2;OTULINL;RETREG1;PKIB;RASD1;NAAA;SLC6A8;HOXB5;PLCB4;CACNB2;KLK12;CASZ1;RAP1GAP2;PNPLA7;ATP2A3;ELOVL7;KCNMA1;TMEM51;DNAJC12;EPB41L4A;DLL4;MAPRE3;GAB2,anal_pc5_c21_S1.filtered.gene_spectra_score.k_3.dt_0_01.txt
3,3,CTX_BIG_GROUPS_GLIAL,1.2749945744816493,0.12758620689655173,0.3053516737287345,prerank,0.4469810776861744,1.0,11/70,8.22%,ITM2C;CKB;SPON1;TSPAN6;MYO10;NDRG2;SEMA6A;CST3;MYO6;WSCD1;TSPAN7,anal_pc5_c21_S1.filtered.gene_spectra_score.k_3.dt_0_01.txt
3,3,CEREBRUM_MICROGLIA,-1.2703040235968328,0.0,0.1877095735337172,prerank,-0.26479971021184334,1.0,111/280,24.06%,CORO1A;TMC8;ARHGAP15;ITGAL;DOCK2;HCLS1;ARHGAP9;FMNL1;TRAF3IP3;CD74;ARHGAP30;SASH3;PARVG;MYO1G;CD37;GCLC;APBB1IP;CYTH4;TRIM22;ADA2;SERPINF1;ADAM28;CYTIP;DENND1C;MAF;ITGB2;FGD2;DOCK8;CD4;GLIPR1;SP140;SFMBT2;WDFY4;MYO1F;CCDC88B;CSF1;MPEG1;PLCG2;IL7R;CARD11;EVI2B;SMAP2;PPT1;NCF4;CD48;VAV1;RUNX2;NFATC2;CYBB;CTSC;SPI1;GPR183;ENTPD1;CD28;SELPLG;GPR132;CSF2RB;IGFLR1;LAT2;IRF4;PIK3R5;GPNMB;CDKN2A;GAB3;BNC2;AOAH;IL12RB1;MS4A6A;ARRB2;GBP2;IFI30;TMEM156;IRF8;TAGAP;HSPA6;CTSB;IPCEF1;LILRB1;ZC3H12D;LAIR1;MS4A7;ARHGAP24;SLC7A7;RGS1;CSF1R;UAP1L1;SIGLEC10;ADRB2;BATF;PTPN22;TRPM2;SLC15A3;GPR65;PIK3AP1;SAMSN1;MILR1;P2RY8;C1QA;C1QC;LY86;CD163;AMPD3;ARRDC5;CLEC7A;LY96;CLEC17A;CD83;ITGAX;RIN3;TMEM106A;SHISAL2A,anal_pc5_c21_S1.filtered.gene_spectra_score.k_3.dt_0_01.txt
3,3,CTX_OLIG,1.2696666691455663,0.047764227642276426,0.3146206338292342,prerank,0.40010061874800634,1.0,68/251,16.00%,PADI2;CA2;ATP10B;ATP1B1;SLC12A2;TSPAN15;ERBB3;SLC22A23;EGLN3;FLNB;BACE2;AGAP1;KIF13B;GAS6;MYRF;MARCKSL1;MOB3B;PCSK6;CPM;RETREG1;SORT1;NOL4L;ADAP1;BCAR1;TMEM63A;GLDN;ATP8A1;PTPRD;ARHGEF2;RNASE1;AATK;HID1;PPFIBP2;STK39;RHOU;CLCA4;PLD1;TMCC3;RAPGEF5;ABCA2;PRKACB;ENPP4;PLLP;UBL3;ELOVL7;ZFYVE28;SAMD12;DNAJA4;HMGCS1;GALC;DNAJC12;SH3KBP1;PLEKHG3;SLC45A3;MTUS1;FBXO32;AZGP1;PLEKHB1;TP53INP2;TNS3;SPTSSA;GAB2;RGS3;LDLR;EPB41L3;SPNS2;UNC5B;HBEGF,anal_pc5_c21_S1.filtered.gene_spectra_score.k_3.dt_0_01.txt
3,3,MYOFIBROBLAST_3,1.2664974336661508,0.18615384615384614,0.3192601760581951,prerank,0.5497830752303421,1.0,4/18,7.14%,SLC26A2;PROM1;MCTP2;SAMD5,anal_pc5_c21_S1.filtered.gene_spectra_score.k_3.dt_0_01.txt
3,3,THECA,-1.264462891698494,0.1640625,0.19295239806363398,prerank,-0.38913826241794863,1.0,11/30,8.66%,LSP1;COL3A1;COL1A2;SPARC;COL1A1;LAMA4;UCHL1;APOE;THY1;COL15A1;BGN,anal_pc5_c21_S1.filtered.gene_spectra_score.k_3.dt_0_01.txt
3,3,CTX_BRAIN_MYELOID,-1.2640565536872688,0.07608695652173914,0.1920455109668384,prerank,-0.3068931903446217,1.0,28/91,10.84%,LSP1;ITGAL;TGFBI;CD74;NLRP1;CXCR4;ADA2;PLEKHO1;VCAN;PLCB2;CD52;TMEM131L;EMP3;MYO1F;RIPOR2;KLF2;JAML;S100A4;TNFAIP2;CD48;DOK2;FGL2;UTRN;SPI1;POU2F2;CLEC2B;CFD;MX2,anal_pc5_c21_S1.filtered.gene_spectra_score.k_3.dt_0_01.txt
3,3,CL1_GPRC5A_TNFRS12A_HIGH_SELECTABLE_FOLLICLE_STROMAL,-1.263997638054124,0.08791208791208792,0.19090491015702987,prerank,-0.293611459749463,1.0,38/100,16.08%,COL6A2;COL6A1;C1R;C1S;COL1A2;COL18A1;FGFR1;LTBP4;DCN;LUM;COL1A1;SERPINF1;CALD1;AEBP1;MFAP4;MMP2;EFEMP1;LAMA4;ARID5B;STK17A;GPC3;IGFBP5;TXNRD1;GSTM3;CFH;SDC2;SERPING1;CAVIN1;DSE;PLTP;CFD;CCDC80;MAP1B;CAV1;FGF7;AXL;PALLD;LHFPL6,anal_pc5_c21_S1.filtered.gene_spectra_score.k_3.dt_0_01.txt
3,3,HSC_MULTIPOTENT_PROGENITOR,-1.2638043948820217,0.10526315789473684,0.18982791711395205,prerank,-0.32656419850438856,1.0,25/57,25.38%,TCF4;CD74;CXCR4;SRGN;PTPRC;TSC22D3;SMCHD1;LPAR6;TSPYL2;TFPI;TPM2;THEMIS2;MEIS1;ALDH1A1;TNFRSF1B;PRKCH;MEF2C;IRAK3;SAMSN1;SLC2A3;CAVIN2;PREX2;GBP4;RILPL2;STAT1,anal_pc5_c21_S1.filtered.gene_spectra_score.k_3.dt_0_01.txt
3,3,THYMUS_ANTIGEN_PRESENTING,-1.2628052558293363,0.0196078431372549,0.18949202021887337,prerank,-0.282332732268392,1.0,86/136,34.40%,CD74;SRGN;TRAF1;FGD2;PLCB2;IL10RA;IGKC;MS4A1;WDFY4;MYO1F;MPEG1;SLAMF7;NABP1;KDM2B;CTSH;ALOX5;FGL2;CYBB;SPI1;ADAM8;PAX5;CD84;TSPAN33;THEMIS2;GPR132;P2RY10;LRRK2;CST7;MS4A6A;TLR10;FCRL5;IRF8;FGR;PLEK;SLC8A1;KYNU;ABCC4;MS4A7;SLC7A7;RGS1;SIGLEC10;FSCN1;SLC15A3;SAMSN1;MAFB;C1QA;LY86;GNAO1;BIRC3;C1QB;CLEC7A;ACSL1;DNASE1L3;LY96;CD83;F13A1;ITGAX;DAPP1;HCK;TLR2;CD163L1;CPVL;SLAMF8;ADAP2;TYROBP;CSF2RA;EPSTI1;CD80;FCER1G;P2RY6;CLNK;PLD4;ZNF366;RAB31;CD86;TFEC;NFKBIE;P2RY13;CMKLR1;IL4I1;BATF3;IGHM;PTAFR;ARHGAP22;CCL19;MCOLN2,anal_pc5_c21_S1.filtered.gene_spectra_score.k_3.dt_0_01.txt
3,3,CL14_MATURE_SMOOTH_MUSCLE,-1.2556527653872314,0.08333333333333333,0.19555087626230402,prerank,-0.287418739502765,1.0,62/127,26.68%,FLNA;COL18A1;A2M;SPARC;BCAM;CALD1;MFGE8;MFAP4;MYH11;IGFBP7;TSC22D3;IGFBP5;EHD2;NOTCH3;S100A4;PDLIM7;NTRK2;MYL9;PTN;LBH;TPM2;FXYD6;SPARCL1;BGN;SERPING1;TIMP3;CAVIN1;ACTA2;MGP;BTG2;MAP1B;HES4;CAV1;TAGLN;AXL;MCAM;PALLD;LHFPL6;EBF1;CCN1;ADAMTS1;ARID5A;ISYNA1;MEF2C;IFITM2;MSRB3;ADIRF;CRYAB;CRIP2;MAFB;CCDC3;RCAN2;GPX3;PTP4A3;SOCS3;CPE;PPP1R14A;SELENOM;TGFB1I1;GUCY1A1;LMOD1;CAV2,anal_pc5_c21_S1.filtered.gene_spectra_score.k_3.dt_0_01.txt
3,3,ENDOTHELIAL_CELLS_AEA_AND_DVR,-1.2472873839652299,0.09821428571428571,0.20322368703221513,prerank,-0.3033010581262871,1.0,31/81,20.48%,TCF4;A2M;CD74;SPARC;SRGN;CALD1;DST;PECAM1;RBMS3;FTL;SP100;ABI3BP;DPYD;UTRN;TIMP3;KLF12;ZEB1;ELMO1;CD93;FCHSD2;WWTR1;SYNE1;SOX5;EBF1;ADAMTS1;TMTC1;MEF2C;PLCB1;IFITM2;EGFL7;PTPRM,anal_pc5_c21_S1.filtered.gene_spectra_score.k_3.dt_0_01.txt
3,3,KIDNEY_5_PROXIMAL_TUBULE,1.241352662937967,0.19165580182529335,0.37275940463256857,prerank,0.47419090438033207,1.0,15/38,14.12%,CD24;CYB5A;ACAA2;MYO6;SLC3A1;ID1;ID2;CITED2;SELENOP;TUBB4B;SLC27A2;DPP4;JAG1;FTH1;DBI,anal_pc5_c21_S1.filtered.gene_spectra_score.k_3.dt_0_01.txt
3,3,ENDOTHELIAL_CELLS_AVR,-1.2394155769038513,0.11602209944751381,0.21014939434779512,prerank,-0.3350432018378771,1.0,16/49,12.06%,TCF4;CD74;IGFBP7;ENG;IGFBP5;TGFBR2;PECAM1;TFPI;SH3BP5;RBMS3;FTL;UTRN;TIMP3;ZEB1;FN1;PLPP3,anal_pc5_c21_S1.filtered.gene_spectra_score.k_3.dt_0_01.txt
3,3,M2_MACROPHAGE,1.2377475033395646,0.1508313539192399,0.37851953700822094,prerank,0.4402305086599073,1.0,13/55,12.74%,C15orf48;LGALS3;HK2;NUPR1;EGLN3;FBP1;CTSD;SLC6A8;RNASE1;TMEM51;BLVRB;GLUL;IL1RN,anal_pc5_c21_S1.filtered.gene_spectra_score.k_3.dt_0_01.txt
3,3,IRIS_CILIARY_BODY_CYTOTOXIC_T,-1.233753958563629,0.20701754385964913,0.2150188049107383,prerank,-0.40485491056848055,1.0,11/22,21.72%,SEPTIN1;ADA2;FGD3;STK10;RASSF5;CENPM;APOBEC3G;PCED1B;NRROS;S1PR4;LAX1,anal_pc5_c21_S1.filtered.gene_spectra_score.k_3.dt_0_01.txt
3,3,HEART_TRABECULAR_ATRIAL_CARDIOMYOCYTE,1.2283111797644206,0.17192982456140352,0.39897104931312083,prerank,0.42845673105305465,1.0,12/62,10.46%,HEPH;PARM1;ATP1B1;AKAP1;ERBB2;PTPRK;LMO7;INSR;ITGA6;WLS;VEGFA;HSPA5,anal_pc5_c21_S1.filtered.gene_spectra_score.k_3.dt_0_01.txt
3,3,RETINAL_PIGMENT,1.225157071078135,0.19612590799031476,0.40448772637556524,prerank,0.4399811835811869,1.0,11/51,11.88%,ADTRP;PLCE1;PFKFB2;COL9A2;MYRF;MROH7;RAB27A;CYP27A1;PARD3B;FRZB;ELOVL7,anal_pc5_c21_S1.filtered.gene_spectra_score.k_3.dt_0_01.txt
3,3,IRIS_CILIARY_BODY_MEG3_HIGH_FIBROBLASTS,-1.2221473724231928,0.15432098765432098,0.22666857779512703,prerank,-0.32132029647669186,1.0,21/56,20.14%,COL5A1;COL3A1;COL1A2;ELN;KRT17;COL16A1;MMP2;CLIP4;CHST15;MAPK10;NABP1;ADAM33;CRISPLD2;NAV1;NFATC1;SLC7A11;FGF7;HIC1;GBP1;CP;AASS,anal_pc5_c21_S1.filtered.gene_spectra_score.k_3.dt_0_01.txt
3,3,HSC,-1.2207239333110351,0.0,0.2269409356998089,prerank,-0.24860670183973158,1.0,158/323,32.24%,ACAP1;LTBP4;TBC1D10C;CHST11;SYTL1;CROCC;FSTL1;HELLS;PXDN;PDE7A;TRBC2;AEBP1;MFGE8;MFAP4;SPOCK2;PHGDH;ARID5B;IGFBP7;KLHL6;WWOX;ITGA5;BICD1;MFAP2;PTPN7;MCM2;SKAP1;GSTM3;MZB1;TFPI;PHC1;RIMKLB;EZH2;RBPMS;TYMS;TIMP3;CAVIN1;CHST12;KLF12;ZEB1;ZBTB16;PLA2G6;MAST4;MEIS1;CERCAM;RHOH;C16orf54;PHF19;CD79B;CLSTN3;PTK2B;IRF4;NFATC1;ALDH1A1;CYFIP2;UHRF1;DTX3;DBN1;PBXIP1;STMN3;CENPU;PRXL2A;USP11;BCAS4;GOLGA8B;CD7;SYNE1;LMNB1;USP20;GBP2;CASP8;DNMT3A;CD38;PTTG1;SNCA;TESPA1;ZNF75A;BLMH;EAF2;PRKCH;BCL2;CD69;FAM30A;IL27RA;ISYNA1;PBX1;TSPAN2;EMID1;JAM3;PLCB1;MSRB3;CPXM1;PLCXD1;KLRG1;ZNF521;ICAM2;CALCRL;NREP;S1PR4;PAM;ITM2A;PRKCQ;P2RY8;RFX3;FHL1;MSI2;VAT1;WFDC1;LAPTM4B;ERG;CLEC11A;LPIN1;PTP4A3;CDT1;CSTF2T;CAVIN2;PINLYP;PNMA1;IL1RAP;STAP1;GBP4;CD34;MAGEH1;SCML4;ZSCAN18;INTS4;LONRF1;CENPF;GUCY1A1;GNG11;CYYR1;CKAP2;COL24A1;DGKE;ARL15;IMMP2L;ZNF606;MATK;GAPT;FADS2;ZFP90;TSPAN32;DIPK1B;SPRY1;GUCY1B1;PIM1;P2RX1;SLF1;DNAJC18;TIE1;PTGER2;TAF8;BTN3A1;CBFA2T3;ATP8B4;CSGALNACT1;CD244;CEP68;CENPT,anal_pc5_c21_S1.filtered.gene_spectra_score.k_3.dt_0_01.txt
3,3,CEREBRUM_MEGAKARYOCYTES,1.220505467949264,0.14210526315789473,0.41323122170929594,prerank,0.4010199915077131,1.0,25/142,13.26%,CLDN4;SIAE;LIPH;ABCC3;LEFTY1;CDHR1;ST3GAL4;RASSF7;MCTP2;SYTL4;SDC4;FHL2;DOCK5;SMIM5;CXCL5;ABCA2;THBS1;CXCL3;ATP2A3;RASL11A;ELOVL7;RORC;CCRL2;LGALSL;CD55,anal_pc5_c21_S1.filtered.gene_spectra_score.k_3.dt_0_01.txt
3,3,CSH1_CSH2_POSITIVE,1.215582231359055,0.2065613608748481,0.4231499759475792,prerank,0.43061878786760144,1.0,6/54,9.10%,HSD11B2;ST3GAL4;SPIRE2;ZNF703;P2RY2;PHLDA2,anal_pc5_c21_S1.filtered.gene_spectra_score.k_3.dt_0_01.txt
3,3,S100A12_HI_CLASSICAL_MONOCYTE,1.2142053669674793,0.21988795518207283,0.4238225708783971,prerank,0.49045867220417727,1.0,6/27,13.70%,S100P;MGST1;RAB27A;CDA;THBS1;BST1,anal_pc5_c21_S1.filtered.gene_spectra_score.k_3.dt_0_01.txt
3,3,EC,1.2044918164589415,0.24203821656050956,0.4459685689007155,prerank,0.5397572665213813,1.0,4/15,14.14%,TFF3;ID1;PCSK1;KCTD12,anal_pc5_c21_S1.filtered.gene_spectra_score.k_3.dt_0_01.txt
3,3,MEGAKARYOCYTE,1.2013128992781588,0.09595959595959595,0.45152305210517557,prerank,0.3805865913517068,1.0,54/273,12.98%,CA2;SIAE;CKB;LIPH;ABCC3;MGLL;TSPAN15;EFNB2;C3orf52;TSPAN13;EGLN3;MCTP2;PDE3A;LCN2;ICA1;EFNB1;SYTL4;C1orf116;HPGD;SDC4;ANXA3;PCSK6;FHL2;CCDC68;TPM1;NOL4L;VPS37B;TMEM63A;SMIM5;ITGA6;MBOAT2;FRMD3;HGD;ATP8A1;STXBP5;MAP1LC3A;TSC22D1;ASAP2;PDGFA;AATK;KCNE3;LXN;SEPTIN11;THBS1;TC2N;VWA5A;CXCL3;NET1;ATP2A3;ELOVL7;CCRL2;LGALSL;SUSD1;APPL2,anal_pc5_c21_S1.filtered.gene_spectra_score.k_3.dt_0_01.txt
3,3,MUC16_POS_CILIATED,1.1993933603600402,0.23746701846965698,0.45376037197836644,prerank,0.47333530642569605,1.0,7/33,10.54%,MUC4;MUC20;LGR4;TNFRSF21;MB;ITGB4;SEPTIN11,anal_pc5_c21_S1.filtered.gene_spectra_score.k_3.dt_0_01.txt
3,3,DC1,1.1962499045662287,0.1551901336073998,0.4595384037567192,prerank,0.38636886361284345,1.0,31/161,12.28%,C15orf48;B3GNT7;PARM1;CKB;ACSL5;TSPAN15;SH3RF2;SPINT1;PRELID2;C1orf21;CYSTM1;TSPAN13;EGLN3;ANPEP;CCND1;FLNB;VAV3;PAQR8;DAPK2;PKIB;MBOAT2;STX3;P3H2;SEPTIN11;GRAMD2B;ECHDC2;NET1;ATP2A3;RAB11FIP4;ACOT7;DPP4,anal_pc5_c21_S1.filtered.gene_spectra_score.k_3.dt_0_01.txt
3,3,RETINA_BLOOD,-1.1915651754215788,0.13953488372093023,0.26125663197218013,prerank,-0.28380972495436896,1.0,54/99,34.26%,COL3A1;COL1A2;UCP2;COL1A1;NID1;CXCL12;PIM2;EMP3;MRC2;PCOLCE;S100A4;FTL;TNS1;BGN;CTSC;TYMS;PLXND1;RIPOR3;TCF19;PITX1;PRXL2A;ANXA2R;PTTG1;SNCA;CPED1;CTSB;HHEX;ANXA1;LMO2;TGM2;ITM2A;NDC80;ANLN;SLC2A1;TENT5C;SNX22;CD36;CENPF;GNG11;TESC;RGCC;CIT;NUF2;TSPAN32;AURKB;SPTB;PIM1;RRM2;APOBEC3C;MELK;EMCN;BIRC5;TMOD1;NPL,anal_pc5_c21_S1.filtered.gene_spectra_score.k_3.dt_0_01.txt
3,3,MID_BASAL,-1.1892775596972358,0.10101010101010101,0.26261963449624537,prerank,-0.28095789464664767,1.0,31/96,12.10%,LSP1;COL5A1;CXCL14;COL1A2;COL7A1;TP63;ELN;PKP1;DPYSL3;SYTL1;VCAN;FBN1;DKK3;KRT15;DST;EMP3;COL14A1;FBLN2;GPC3;LPAR6;CFH;A4GALT;ABI3BP;SPARCL1;RGS14;MEIS1;SNAI2;JAG2;PITX1;SULT1E1;TP73,anal_pc5_c21_S1.filtered.gene_spectra_score.k_3.dt_0_01.txt
3,3,UNKNOWN_NOVEL_PT_CFH_POS_SUBPOPULATION_S2,-1.1888690707228127,0.18877551020408162,0.2614917632049356,prerank,-0.3363977267803149,1.0,22/43,26.76%,DST;WWOX;BICD1;TSHZ2;RORA;CFH;RBMS3;DPYD;UTRN;ZEB1;ZBTB16;BNC2;SYNE1;PALLD;BCL2;FRMD4A;SLIT3;CTTNBP2;L3MBTL4;ARHGAP29;TTC28;KCNT2,anal_pc5_c21_S1.filtered.gene_spectra_score.k_3.dt_0_01.txt
3,3,CTX_BIG_GROUPS_BRAIN_ENDOTHELIAL,-1.1868835052715898,0.05263157894736842,0.2626091105255739,prerank,-0.2585480365348829,1.0,120/237,28.48%,COL6A2;COL6A1;COL3A1;COL1A2;FLNA;COL18A1;COL4A2;SPARC;DCN;FSTL1;ETS1;SIPA1;CALD1;AEBP1;NID1;COL4A1;APCDD1;LAMA4;ITIH5;COL5A2;IGFBP7;PCOLCE;ENG;LAMB2;ITGA5;NOTCH3;MFAP2;TGFBR2;PECAM1;GIMAP7;MYL9;TFPI;CDH11;LAMC1;PMP22;PLXDC1;TPM2;RBMS3;PCDH18;TNS1;BGN;UTRN;SERPING1;TIMP3;CAVIN1;PDGFRB;PLXND1;ZEB1;FN1;LAMA2;GGT5;CD248;CD93;SH2D3C;PRXL2A;OAS2;CAV1;PRELP;WWTR1;PALD1;HAPLN3;HEG1;MCAM;EFEMP2;RASGRP3;IL32;LHFPL6;PRKCH;EBF1;CDH5;ISYNA1;ANXA1;COLEC12;IFI44L;CSPG4;IFITM2;MSRB3;VWF;EGFL7;LMO2;TGM2;PDLIM2;CRIP2;ITM2A;FHL3;CCDC3;SLC2A3;CLDN5;GPCPD1;ERG;CLEC11A;SLC2A1;CAVIN2;RAMP2;PPP1R14A;NKD2;CD34;LAMC3;NID2;ARHGAP29;SELENOM;ECE1;PRCP;STAT1;TGFB1I1;GNG11;TESC;RGCC;CYYR1;ITGA1;FOXQ1;CAV2;CLEC14A;LEF1;TMEM204;PLAT;ECSCR;TEK;PDGFB;RHOJ,anal_pc5_c21_S1.filtered.gene_spectra_score.k_3.dt_0_01.txt
3,3,INTESTINE_MESOTHELIAL,1.1863902466785234,0.24968314321926488,0.4832305570415058,prerank,0.4384032345086042,1.0,7/41,8.82%,ITGA3;SCNN1A;MYRF;EPS8L1;SLPI;PTPRD;FAM110C,anal_pc5_c21_S1.filtered.gene_spectra_score.k_3.dt_0_01.txt
3,3,ACTC_POS_SMC,1.1845298677803802,0.13184584178498987,0.4853433095899286,prerank,0.3715092343413449,1.0,55/251,13.98%,PLA2G2A;KRT8;HEPH;CD24;SYTL2;MALL;NPDC1;AKAP1;TINAGL1;ABHD17C;TOB1;EFNA1;FLNB;BACE2;NEDD4L;RGMB;ANXA3;PLXNA2;FHL2;ZNF703;PACSIN2;NOL4L;BCAR1;CRIM1;HMGA2;SLC2A13;PPP1R12B;DMXL2;ASAP2;FHDC1;STK39;IGFBP2;FRZB;PIK3C2B;PCCA;PRKACB;RASD2;ECHDC2;CASZ1;LRATD2;GNPTAB;NET1;ALDH1B1;KCNMA1;TMEM51;ACOT7;KCTD5;EPB41L1;JAG1;AKAP5;HMGCS1;SIGIRR;FBXO32;DHRS3;MAGI1,anal_pc5_c21_S1.filtered.gene_spectra_score.k_3.dt_0_01.txt
3,3,INTESTINE_SMOOTH_MUSCLE,-1.1831715536683238,0.21755725190839695,0.2664139528740511,prerank,-0.35620182775406845,1.0,21/32,47.06%,FLNA;MYH11;PDLIM7;MYL9;ACTA2;FGF7;TAGLN;ACTG2;LMOD1;FST;CNN1;DES;OLFML2B;LDB3;RGS5;KCNMB1;GREM2;JPH2;CAPN3;NTM;CHRDL2,anal_pc5_c21_S1.filtered.gene_spectra_score.k_3.dt_0_01.txt
3,3,TREM2_DENDRITIC,1.1815260426086327,0.14516129032258066,0.49121902971320436,prerank,0.37190454363254377,1.0,58/271,14.36%,C15orf48;CA2;LGALS3;ABCC3;MGLL;RBM47;SERPINA1;PPARG;ARHGEF10L;PLBD1;KLF4;LGALS2;CTSS;MGST1;RARRES1;IFI27;NUPR1;CYB5A;LGALS9;TMEM176B;ANPEP;AGPAT2;TMEM176A;ACAA2;CST3;FBP1;CPM;IL18;ACE;RAB11FIP1;LHFPL2;CTSD;FUCA1;CYP27A1;FCGRT;TSC22D1;OAS1;RNASE1;BHLHE41;RAB20;SLC16A3;TXNDC17;CAPG;SLC40A1;KCNMA1;TMEM51;ACOT7;BLVRB;GLUL;HEXB;CEBPA;EMP1;HMOX1;FTH1;DBI;KCTD12;CXCL16;TUBA1C,anal_pc5_c21_S1.filtered.gene_spectra_score.k_3.dt_0_01.txt
3,3,CEREBELLUM_ASTROCYTES,1.1805826992022812,0.24516908212560387,0.49088368511461283,prerank,0.4161337164257948,1.0,8/57,12.32%,CA12;SLC4A4;MGST1;GDPD2;LIPG;ALDH1L1;GJB2;TENT5A,anal_pc5_c21_S1.filtered.gene_spectra_score.k_3.dt_0_01.txt
3,3,G,1.1776506183963877,0.2399497487437186,0.49620431716997876,prerank,0.424015638876978,1.0,9/51,11.48%,CAMK2N1;TFF3;TMEM176B;PLXNA2;SAMD5;MLXIPL;PCSK1;PRKACB;SLC40A1,anal_pc5_c21_S1.filtered.gene_spectra_score.k_3.dt_0_01.txt
3,3,MUSCLE_ERYTHROBLASTS,1.1769789419657422,0.2550607287449393,0.49506678521342273,prerank,0.45709518350108647,1.0,11/32,16.68%,SELENBP1;DPF3;SLC6A8;LIPG;CAT;BLVRB;BST1;LONRF3;NCEH1;SLC25A37;DMTN,anal_pc5_c21_S1.filtered.gene_spectra_score.k_3.dt_0_01.txt
3,3,OOCYTE,1.1754080626961758,0.26256983240223464,0.49648597986549625,prerank,0.4956117756399365,1.0,4/23,7.62%,EPCAM;BAIAP2L1;WFDC2;ADAP1,anal_pc5_c21_S1.filtered.gene_spectra_score.k_3.dt_0_01.txt
3,3,OLFACTORY_NEUROEPITHELIUM_MACROPHAGES,-1.175133348820747,0.14705882352941177,0.2749128463089435,prerank,-0.29806914274125007,1.0,38/62,32.52%,LAPTM5;CD74;CXCR4;SRGN;ITGB2;APOE;FTL;FGL2;SPI1;GPR183;C3;MS4A6A;IFI30;MS4A7;RGS1;CSF1R;HERPUD1;C1QA;C1QC;LY86;C1QB;CLEC7A;CD83;C3AR1;PHACTR1;LST1;FCGR2A;CLEC10A;SGK1;TYROBP;CSF2RA;FCER1G;COTL1;PLD4;AIF1;GPR34;RNASE6;P2RY13,anal_pc5_c21_S1.filtered.gene_spectra_score.k_3.dt_0_01.txt
3,3,PLASMACYTOID_DENDRITIC,1.174779510697647,0.23858447488584475,0.4953302698212681,prerank,0.40888115615509996,1.0,12/74,7.70%,ITM2C;MGLL;SMPD3;LRRC26;PFKFB2;TSPAN13;EGLN3;TNFRSF21;FLNB;GAS6;RASD1;SMIM5,anal_pc5_c21_S1.filtered.gene_spectra_score.k_3.dt_0_01.txt
3,3,PDE1C_ACSM3_POSITIVE,1.1737422484832583,0.2714285714285714,0.4952888888830145,prerank,0.44015602620872635,1.0,3/40,3.40%,PARM1;TFCP2L1;C3orf52,anal_pc5_c21_S1.filtered.gene_spectra_score.k_3.dt_0_01.txt
3,3,HEART_SCHWANN,1.1709302348573156,0.2747093023255814,0.5003987746270369,prerank,0.47930832275007407,1.0,2/26,2.52%,ATP10B;ERBB3,anal_pc5_c21_S1.filtered.gene_spectra_score.k_3.dt_0_01.txt
3,3,KIDNEY_MEGAKARYOCYTES,1.1696448973661577,0.27906976744186046,0.5011381669145666,prerank,0.4391748633801329,1.0,2/43,1.46%,ABCC3;LEFTY1,anal_pc5_c21_S1.filtered.gene_spectra_score.k_3.dt_0_01.txt
3,3,THYMIC_EPITHELIAL,1.1689003277857455,0.24969097651421507,0.5003264972527769,prerank,0.4275317249468248,1.0,4/49,5.32%,ATP10B;SLC22A23;COX6B2;ANO9,anal_pc5_c21_S1.filtered.gene_spectra_score.k_3.dt_0_01.txt
3,3,MARROW_CD34_POS_PRE_PC,-1.1653004544956025,0.20416666666666666,0.2861731889008165,prerank,-0.3267356078484189,1.0,16/40,24.52%,LAPTM5;PXDN;RIMKLB;NAV1;DBN1;GPSM1;TP53INP1;SH3TC1;EBF1;SARDH;S1PR4;SYNE3;ERG;PPP2R2C;ERO1B;GBP4,anal_pc5_c21_S1.filtered.gene_spectra_score.k_3.dt_0_01.txt
3,3,MAJOR_TYPES_ASTROCYTES,1.1582137388121971,0.2204968944099379,0.5266789357449251,prerank,0.37268476073924633,1.0,36/167,15.00%,ITM2C;SELENBP1;CA12;LGALS3;SLC4A4;MGLL;SPON1;TSPAN6;MYO10;NT5E;EFNA1;NDRG2;SEMA6A;PAQR8;HES1;CST3;SPRY2;ID1;WSCD1;ID2;TSPAN7;GDPD2;JUN;LRATD2;TEX264;UBL3;ATP13A4;GLUL;HMGCS1;PLCD1;TCIM;PLEKHB1;DBI;DDR1;PDLIM5;IGFBP4,anal_pc5_c21_S1.filtered.gene_spectra_score.k_3.dt_0_01.txt
3,3,MID_CAP,1.1576492739931756,0.2783641160949868,0.5253317779552285,prerank,0.4249829970143826,1.0,3/42,1.94%,CA2;LRATD1;MAOA,anal_pc5_c21_S1.filtered.gene_spectra_score.k_3.dt_0_01.txt
3,3,MARROW_DENDRITIC,1.1549081332085855,0.24366041896361632,0.5296353082298035,prerank,0.3929459617569805,1.0,14/94,7.40%,ITM2C;ST3GAL4;TTC39A;SMPD3;LRRC26;PLAC8;PFKFB2;TSPAN13;EGLN3;TNFRSF21;IL1R2;NDRG2;CST3;PKIB,anal_pc5_c21_S1.filtered.gene_spectra_score.k_3.dt_0_01.txt
3,3,OLFACTORY_NEUROEPITHELIUM_MATURE_NEURONS,1.1517770126489726,0.2651869158878505,0.5354850636483568,prerank,0.41038615895691405,1.0,8/60,8.76%,EPCAM;CKB;ATP1B1;CYSTM1;IFI27;RETREG1;TSPAN7;GPX2,anal_pc5_c21_S1.filtered.gene_spectra_score.k_3.dt_0_01.txt
3,3,PUTATIVE_PIT_CELL_PROGENITOR,-1.1516813966218642,0.2706766917293233,0.3054223403819158,prerank,-0.3544216101973006,1.0,18/31,38.22%,LAMA5;LIMS2;BCL11A;GBP2;VSNL1;BCL2;RSPO3;WFDC1;PPP1R14A;HSPB8;TMEM47;SBSPON;CAPS;CNN1;LDB3;NFIX;KCNMB1;MVB12B,anal_pc5_c21_S1.filtered.gene_spectra_score.k_3.dt_0_01.txt
3,3,BRONCHIAL_VESSEL_2,-1.1501373140547573,0.16393442622950818,0.30593899314385653,prerank,-0.25598273713817477,1.0,52/123,31.18%,TCF4;A2M;SRGN;CXCL12;COL4A1;FAM43A;GJA1;LPAR6;MYL9;COL15A1;RBPMS;SPARCL1;FN1;PLPP3;BTG2;PRDM1;MX1;NNMT;RASGRP3;SWAP70;CCN1;ADAMTS1;ARID5A;MEF2C;RGS1;THBD;IFITM2;CP;UBE2J1;ITM2A;SLC2A3;LRRC32;C11orf96;RNF122;AHR;SOCS3;PPP1R14A;CD34;CD36;BMP6;RGCC;CYYR1;CLEC14A;TFPI2;FAM13C;SPRY1;DLC1;ENPP2;PIM1;PFKFB3;LMCD1;TM4SF1,anal_pc5_c21_S1.filtered.gene_spectra_score.k_3.dt_0_01.txt
3,3,MARROW_PLATELET,1.1495410956604013,0.26332970620239393,0.5387982260199702,prerank,0.3806011512846844,1.0,22/106,15.16%,LIPH;ABCC3;LEFTY1;PDZK1IP1;PDE3A;LCN2;SYTL4;C1orf116;SMIM5;FRMD3;HGD;MYEOV;TSC22D1;ASAP2;PDGFA;CXCL5;ELOVL7;LGALSL;MYZAP;PDE5A;AFAP1L2;AFAP1,anal_pc5_c21_S1.filtered.gene_spectra_score.k_3.dt_0_01.txt
3,3,AIRWAY_FIBROBLAST,1.1482904099435518,0.29219858156028367,0.5393757132454183,prerank,0.46778488769931464,1.0,4/24,4.58%,HSD11B2;EFNB2;TSPAN13;MECOM,anal_pc5_c21_S1.filtered.gene_spectra_score.k_3.dt_0_01.txt
3,3,MEGAKARYOCYTE_ERYTHROID_PROGENITOR,-1.1474411111808769,0.19704433497536947,0.3078118618276713,prerank,-0.32795853371388306,1.0,19/43,29.48%,FLNA;ZEB2;EMP3;TRIB2;CSF1;S100A4;CSF2RB;PIP4K2A;ACSL4;SOX4;CD40LG;SLC2A1;PPP1R14A;CD36;CENPF;CNRIP1;FADS2;KCNH2;STAM,anal_pc5_c21_S1.filtered.gene_spectra_score.k_3.dt_0_01.txt
3,3,MARROW_PLASMA,-1.1383155803914498,0.2375,0.31923069939925697,prerank,-0.30765855255465596,1.0,25/51,25.10%,IGKC;JCHAIN;TXNDC5;SLAMF7;TNFRSF17;MZB1;TUBB2B;IGHA1;DERL3;ITGA8;FKBP11;FCRL5;WNT10A;RASGRP3;IGF1;IGHA2;SEC11C;CADM1;HERPUD1;UBE2J1;DNAJB9;CTHRC1;KCNN3;BRSK1;MOXD1,anal_pc5_c21_S1.filtered.gene_spectra_score.k_3.dt_0_01.txt
3,3,KIDNEY_METANEPHRIC,1.1378321730553964,0.3099870298313878,0.5661206799073166,prerank,0.44103308460197443,1.0,3/34,8.70%,CLIC5;SLC3A1;PTPRO,anal_pc5_c21_S1.filtered.gene_spectra_score.k_3.dt_0_01.txt
3,3,T_ALPHA_BETA_ENTRY,-1.1328038294698397,0.27310924369747897,0.3262608182892197,prerank,-0.34180795988240886,1.0,13/30,22.00%,AEBP1;CD4;MZB1;THEMIS;EPHB6;MCTP1;KCNA3;SH3TC1;PTK7;NREP;PTPRM;ADORA2A;MSI2,anal_pc5_c21_S1.filtered.gene_spectra_score.k_3.dt_0_01.txt
3,3,MINERALISATION_STROMAL,1.1324332776684554,0.2908878504672897,0.5783442641878334,prerank,0.39626582771022456,1.0,20/67,16.96%,TCEA3;SERPINB1;RASSF7;C1orf21;EGLN3;BMP2;DAPK2;CHAD;CITED2;SLPI;SELENOP;PDGFA;SLC16A3;TGFA;CD55;DBI;UNC5B;MXI1;CLIC3;CDK18,anal_pc5_c21_S1.filtered.gene_spectra_score.k_3.dt_0_01.txt
3,3,LATE_AIRWAY_PROGENITOR,1.131263139092088,0.32988165680473375,0.5785301288745258,prerank,0.49917304301149523,1.0,4/18,10.50%,LIPH;CLIC5;GAS6;ANTXR2,anal_pc5_c21_S1.filtered.gene_spectra_score.k_3.dt_0_01.txt
3,3,CD4_T,-1.1300344881285507,0.29328621908127206,0.3285892104856781,prerank,-0.37522711995723745,1.0,15/22,28.60%,LIMS2;CD4;CD6;THEMIS;GPR183;CD5;SUSD3;CCR7;SIT1;ICOS;CD40LG;TRAT1;SOCS3;TMEM204;LRRN3,anal_pc5_c21_S1.filtered.gene_spectra_score.k_3.dt_0_01.txt
3,3,VASCULAR_SMOOTH_MUSCLE,1.1283953543853218,0.27478448275862066,0.5836206237182132,prerank,0.3715392246518288,1.0,21/122,10.86%,HSD11B2;SELENBP1;CAMK2N1;PARM1;MGLL;SYTL2;HSD17B11;TINAGL1;SH3RF1;FBLIM1;TPM1;EPS8;CRIM1;EPAS1;ASAP2;ARHGEF2;PDGFA;MYO1B;FRZB;HSPA5;SEMA5A,anal_pc5_c21_S1.filtered.gene_spectra_score.k_3.dt_0_01.txt
3,3,ORG_OTHER,1.126340007655607,0.32926829268292684,0.5861425209815933,prerank,0.4058718730306152,1.0,7/49,8.22%,ITM2C;LGALS3;NDRG2;CST3;PTPRN2;ID2;TSPAN7,anal_pc5_c21_S1.filtered.gene_spectra_score.k_3.dt_0_01.txt
3,3,MARROW_NEUTROPHIL,1.1231152985799568,0.2599388379204893,0.5924399295111304,prerank,0.3587160895193247,1.0,45/214,14.14%,PADI2;S100P;RBM47;APOBR;OAF;PLBD1;KLF4;QSOX1;MGST1;SERPINB1;MXD1;TMEM176B;ANPEP;FGD4;TMEM176A;OTULINL;FBP1;ARHGAP26;RAB11FIP1;CTSD;ADAP1;RAB27A;CYP27A1;DMXL2;FOS;WLS;KCNE3;CDA;RHOU;ADAM15;PLD1;IVNS1ABP;SLC16A3;ADAM9;THBS1;CAPG;GPAT3;ARHGEF40;IL1RN;HEXB;CD55;DUSP1;BST1;SULT1A1;KCTD12,anal_pc5_c21_S1.filtered.gene_spectra_score.k_3.dt_0_01.txt
3,3,SATB2_LRRC7_POSITIVE,-1.1230777576835673,0.2745664739884393,0.33803324550274877,prerank,-0.3776623006326354,1.0,14/20,52.72%,BCL6;PHC1;ARHGAP33;SBK1;TMEM158;B4GALNT4;NFIX;TAF7L;SCUBE1;GOLGA7B;NXPH3;B3GAT1;GNG8;ANO8,anal_pc5_c21_S1.filtered.gene_spectra_score.k_3.dt_0_01.txt
3,3,SPLEEN_VASCULAR_ENDOTHELIAL,1.117497060746618,0.33381712626995647,0.6060345299761554,prerank,0.44838078555090505,1.0,5/25,13.98%,NOSTRIN;MECOM;ADAMTSL1;RAPGEF5;MAGI1,anal_pc5_c21_S1.filtered.gene_spectra_score.k_3.dt_0_01.txt
3,3,PROLIFERATIVE,-1.1172431704959322,0.19230769230769232,0.3458613903256238,prerank,-0.27592028867803214,1.0,51/74,41.76%,COL4A2;PXDN;TYMS;NUSAP1;PHF19;CENPU;SMC4;PTTG1;TPX2;CDK1;TACC3;ISYNA1;ANP32E;ADRB2;TOP2A;KIFC1;NDC80;ANLN;CDT1;PRC1;CENPF;ASPM;CKAP2;NUF2;ZWINT;AURKB;HJURP;RRM2;KIF23;PCLAF;BIRC5;CENPE;AKAP12;DIAPH3;SPC25;KNSTRN;CCNB2;HMMR;KIF14;DEPDC1;ARHGAP11A;KIF22;CCNB1;CEP55;TROAP;CDCA3;GTSE1;CENPW;KIF20B;CKAP2L;MKI67,anal_pc5_c21_S1.filtered.gene_spectra_score.k_3.dt_0_01.txt
3,3,INTERMEDIATE_LYMPHATIC_ENDO,1.1146145857269658,0.2564102564102564,0.6112856260523404,prerank,0.35321426718939536,1.0,42/235,12.84%,B3GNT7;LGALS3;S100P;TFF3;ACSL5;TNFRSF11A;PPARG;CEACAM1;OAF;EPHB2;SLC22A23;SCNN1B;MGST1;NUPR1;NBL1;AGAP1;MOB3B;PPP1R9A;FHL2;EPS8L1;RAB11FIP1;DTX4;DOCK5;PTPN3;CYP27A1;SLPI;NAAA;OAS1;PDGFA;ITGB4;FMOD;IER3;RHOU;FAM174B;PLD1;THBS1;ECHDC2;KBTBD11;RASSF10;DPP4;EPB41L1;TGFA,anal_pc5_c21_S1.filtered.gene_spectra_score.k_3.dt_0_01.txt
3,3,ADRENAL_MEGAKARYOCYTES,1.1125217950496056,0.325609756097561,0.6141652408500184,prerank,0.4071979466125449,1.0,8/48,12.64%,LEFTY1;SERPINB1;C1orf116;HGD;THBS1;CXCL3;ELOVL7;LGALSL,anal_pc5_c21_S1.filtered.gene_spectra_score.k_3.dt_0_01.txt
3,3,CEREBELLUM_PURKINJE_NEURONS,-1.1094544458997546,0.3333333333333333,0.3563889077267941,prerank,-0.41295536379614606,1.0,3/17,6.68%,GPC3;RORA;ITPR1,anal_pc5_c21_S1.filtered.gene_spectra_score.k_3.dt_0_01.txt
3,3,ILC3,1.108398982926478,0.34595959595959597,0.6229290914295956,prerank,0.4042353681626735,1.0,9/46,12.28%,CA2;GPR35;TSPAN15;KLF4;SLC16A3;CDKN1A;CAPG;RORC;DPP4,anal_pc5_c21_S1.filtered.gene_spectra_score.k_3.dt_0_01.txt
3,3,MARROW_CD34_POS_MKP,1.107819883995724,0.32845744680851063,0.6213677925251829,prerank,0.4276812288733243,1.0,4/34,7.20%,MGLL;EFNB2;ANXA3;TPM1,anal_pc5_c21_S1.filtered.gene_spectra_score.k_3.dt_0_01.txt
3,3,INTESTINE_ENS_GLIA,-1.106045755673956,0.3333333333333333,0.35987476374742366,prerank,-0.3350018639483133,1.0,25/30,61.08%,ABCA8;PTPRZ1;TFAP2A;PRIMA1;EGFLAM;ATP1A2;SNTB1;LGI4;HEYL;SLC35F1;CDH19;S100B;COL22A1;SOX10;PLP1;CSMD2;ARTN;MPZ;PAQR6;NKAIN3;LAMP5;SERPINA3;SHC4;RASGEF1C;LMO1,anal_pc5_c21_S1.filtered.gene_spectra_score.k_3.dt_0_01.txt
3,3,SCHWANN_PRECURSOR,-1.1042216349165102,0.19672131147540983,0.36067694064611544,prerank,-0.25614326485742245,1.0,77/114,41.76%,ITGA4;HELLS;GLI3;EMILIN1;MCM2;EZH2;MCM4;TYMS;NUSAP1;CENPM;SFRP2;PHF19;UHRF1;GJC1;MCM6;CENPU;PHLDB2;PTTG1;TPX2;FANCI;HSPA6;CDK1;TACC3;E2F1;NCAPG;ANP32E;MYBL2;SLC15A3;TOP2A;KIFC1;NCAPD2;ECT2;NDC80;ANLN;CDT1;ADAM12;FBXO5;CENPF;ASPM;CKAP2;KIF11;FILIP1L;ORC6;NUF2;ZWINT;AURKB;RTKN2;HJURP;DLGAP5;KIF15;KIF23;KIF2C;FAM83D;MELK;BIRC5;KIF20A;TGFB2;EYA1;CDCA2;CENPE;DIAPH3;SPC25;CCNB2;DEPDC1;KDR;CCNB1;CDCA7L;TROAP;BUB1;BCAT1;CDCA3;CCN2;GTSE1;CENPW;KIF20B;CKAP2L;MKI67,anal_pc5_c21_S1.filtered.gene_spectra_score.k_3.dt_0_01.txt
3,3,MUSCLE_SKELETAL_MUSCLE,1.102857699455587,0.3283582089552239,0.6323951242949206,prerank,0.383197681478302,1.0,7/73,11.12%,AK1;TTC39A;C3orf52;SLC5A1;TPM1;MB;VWA5A,anal_pc5_c21_S1.filtered.gene_spectra_score.k_3.dt_0_01.txt
3,3,MUSCLE_MYELOID,-1.1016783949986264,0.1111111111111111,0.36326530981064015,prerank,-0.2327582144132051,1.0,104/201,33.06%,LSP1;CORO1A;LAPTM5;LIMD2;CD53;HCLS1;CD74;LCP1;ARHGDIB;SRGN;CD37;CYTH4;UCP2;PTPRC;FYB1;CYTIP;SAMHD1;VCAN;ITGB2;FGD2;IL10RA;CIITA;CD52;EMP3;GLIPR1;GPSM3;TSC22D3;MPEG1;JAML;S100A4;SMAP2;PPT1;NCF4;CD48;CTSH;FTL;FGL2;CYBB;SPI1;CLEC2B;GMFG;BTG2;CR1;MS4A6A;ARRB2;IFI30;CKLF;RGL1;IRF8;PLEK;EAF2;KYNU;CTSB;LYST;MS4A7;CSF1R;TLR6;HERPUD1;HCST;TRPM2;AP1S2;C1QA;C1QC;LY86;CD163;CLEC7A;DNASE1L3;LY96;CD83;C3AR1;RENBP;HCK;TLR2;CD163L1;LST1;LILRB5;CPVL;FAM20A;SIGLEC1;ADAP2;TYROBP;CD200R1;TLR1;CSF2RA;NCF2;C1orf162;FCER1G;DUSP2;P2RY6;CD209;COTL1;PLA2G7;CD1C;PLD4;ATP8B4;ITGAM;AIF1;CD86;RNASE6;P2RY13;TNFSF13B;FOLR2;CMKLR1;BCL2A1,anal_pc5_c21_S1.filtered.gene_spectra_score.k_3.dt_0_01.txt
3,3,PHOTORECEPTOR,1.1012762833274803,0.3434065934065934,0.6338798930953106,prerank,0.4418312704648073,1.0,3/24,11.22%,CDHR1;PRKACB;CASZ1,anal_pc5_c21_S1.filtered.gene_spectra_score.k_3.dt_0_01.txt
3,3,GRANULOSA,1.1008145441008483,0.33771353482260186,0.6319961513013479,prerank,0.41874425585286734,1.0,9/39,11.24%,CKB;HDHD3;MYO10;IFI27;CCND2;TSPAN7;FAM110C;VEGFA;CORO2A,anal_pc5_c21_S1.filtered.gene_spectra_score.k_3.dt_0_01.txt
3,3,CL17_PUTATIVE_APOPTOTIC_SMOOTH_MUSCLE,-1.0996887995209934,0.2247191011235955,0.3646487917858005,prerank,-0.2682426012491838,1.0,38/93,25.22%,COL18A1;FGFR1;A2M;BCAM;PLEKHO1;MFGE8;MYH11;COL4A1;ARID5B;IGFBP7;MYL9;PTN;LBH;TPM2;FXYD6;BGN;TIMP3;PDGFRB;CRISPLD2;ACTA2;MAP1B;HES4;CAV1;TAGLN;AXL;ADAMTS1;ARID5A;ISYNA1;ADIRF;CRYAB;CCDC3;C11orf96;GPX3;DNAJB9;PTP4A3;CPE;HSPB8;SELENOM,anal_pc5_c21_S1.filtered.gene_spectra_score.k_3.dt_0_01.txt
3,3,MESENCHYMAL_3,1.0992081039815642,0.33807439824945296,0.6335643252372046,prerank,0.36431271940227633,1.0,15/103,10.40%,KRT8;CD24;SERINC2;EPHB2;EFNB2;EFNA1;PDE3A;FLNB;FHL2;ADAMTSL1;ASS1;EPHB3;HMGA2;IGFBP2;P3H2,anal_pc5_c21_S1.filtered.gene_spectra_score.k_3.dt_0_01.txt
3,3,VALVAR,-1.0988666827452869,0.17073170731707318,0.36392515132634196,prerank,-0.2456160536243117,1.0,53/145,22.42%,LTBP4;ELN;DPYSL3;PXDN;SERPINF1;AEBP1;VCAN;MFAP4;TRPS1;APCDD1;ROBO1;UCHL1;IGFBP5;APOE;NTRK2;MXRA5;TSPYL2;PLXDC1;ID4;BGN;PRRX1;TIMP3;TUBB2B;LTBP2;MGP;NFATC1;CCDC80;PLPP3;BTG2;CLU;NRCAM;PRELP;SOX4;TAGLN;PAMR1;CTSK;GNG2;IGF1;HSPA6;PTPRZ1;LSAMP;ADAMTS1;ARID5A;GLT8D2;ADIRF;NSG1;HAPLN1;ITM2A;SYNPO2;C11orf96;FHL1;PTHLH;CTNNAL1,anal_pc5_c21_S1.filtered.gene_spectra_score.k_3.dt_0_01.txt
3,3,CORNEA_CYTOTOXIC_T,-1.0983856739277806,0.3447098976109215,0.3628535465442549,prerank,-0.35192789970972416,1.0,18/27,47.84%,NUSAP1;ACSL4;CEP72;LONRF1;ZNF236;CENPF;ASPM;KIF11;PTPRE;TMED8;CAVIN3;MCOLN2;ATG7;SMYD3;PDGFD;MATN2;ZNF621;RGS16,anal_pc5_c21_S1.filtered.gene_spectra_score.k_3.dt_0_01.txt
3,3,ADRENAL_SCHWANN,1.097942075376404,0.34296028880866425,0.6340175378451351,prerank,0.3867570806319461,1.0,6/59,7.34%,ATP10B;ERBB3;WFDC2;TMEM176B;TMEM176A;DTX4,anal_pc5_c21_S1.filtered.gene_spectra_score.k_3.dt_0_01.txt
3,3,ASTROCYTE,-1.09670715034287,0.1896551724137931,0.36390360982288206,prerank,-0.24498257046062963,1.0,34/143,14.66%,EVL;COL18A1;ANKRD44;ZEB2;OBSCN;PTPRS;DPYSL3;CELF2;MEGF6;RESF1;PDE7A;ABCC5;SYCP2;LIMS2;CHST15;APOE;PRKCB;DNM1;TSPOAP1;CCL5;SLC4A7;DPYD;SPARCL1;MCM4;AGAP2;POU2F2;FLRT2;JAG2;GAS7;S1PR1;BASP1;KCTD7;GOLGA8B;GRK3,anal_pc5_c21_S1.filtered.gene_spectra_score.k_3.dt_0_01.txt
3,3,DC2,1.0927804933216652,0.3516339869281046,0.6459134170344801,prerank,0.41574431825304575,1.0,8/39,7.40%,SPINT1;LGALS2;IL1R2;NDRG2;COL9A2;MOB3B;IL18;PKIB,anal_pc5_c21_S1.filtered.gene_spectra_score.k_3.dt_0_01.txt
3,3,PROXIMAL_BASAL,1.0912163119209348,0.30364372469635625,0.6471807874843923,prerank,0.3451707387038494,1.0,55/248,13.82%,FAM3D;AGR2;LRATD1;MUC4;TFCP2L1;PROM1;MUC20;SPINT1;OAF;RAB25;EHF;TMPRSS4;SCNN1B;MGST1;TOB1;NUPR1;TNFRSF21;NBL1;NDRG2;CCND1;CDCP1;VAV3;HES1;MICALL2;FHL2;ZNF703;RETREG1;CTSD;FUCA1;EPAS1;SLPI;FCGRT;FERMT1;TSC22D1;ITGB4;STXBP6;EDN1;IGFBP2;FRZB;GRAMD2B;RAPGEF5;SEMA5A;CDKN1A;CAPG;GJB2;NET1;TEX264;GLUL;EMP1;DUSP1;ADGRF1;FBXO32;KRT19;SERPINB5;DHRS3,anal_pc5_c21_S1.filtered.gene_spectra_score.k_3.dt_0_01.txt
3,3,MARROW_IMMATURE_NEUTROPHIL,1.090445863751701,0.33837837837837836,0.6463279986630608,prerank,0.36840457045700004,1.0,24/99,16.00%,C15orf48;LGALS3;HSD17B11;HK2;LGALS2;CTSS;METRNL;PID1;ID1;FCGRT;ARHGAP27;PHLDA2;VEGFA;IER3;RAB20;CDKN1A;GLUL;SECTM1;HMOX1;DUSP6;GAB2;RNF19B;EPB41L3;HBEGF,anal_pc5_c21_S1.filtered.gene_spectra_score.k_3.dt_0_01.txt
3,3,NEUROTYPES_HDA,1.0883266021052143,0.335030549898167,0.6491682256233674,prerank,0.35055410466588366,1.0,30/200,12.50%,CAMK2N1;CD24;CGN;ACSL5;PCDH1;PLEKHA6;SMPD3;AKAP1;TSPAN13;SLC39A8;VAV3;NEDD4L;HPGD;PID1;RETREG1;TSPAN7;FRMD3;ATP8A1;PTPRO;TMCC3;RAPGEF5;PRKACB;VWA5A;CASZ1;RAP1GAP2;KCNMA1;RAB11FIP4;LAMC2;ACOT7;EPB41L1,anal_pc5_c21_S1.filtered.gene_spectra_score.k_3.dt_0_01.txt
3,3,CHOROID_SCLERA_FIBROBLASTS,1.0869417078403696,0.34530706836616454,0.6498936590257719,prerank,0.370472810950611,1.0,9/79,6.88%,CA12;CAMK2N1;CKB;AHCYL2;C1orf21;NFKBIZ;SDC4;GDF15;FBLIM1,anal_pc5_c21_S1.filtered.gene_spectra_score.k_3.dt_0_01.txt
3,3,X,1.086690469740386,0.36054421768707484,0.6475434113358491,prerank,0.3742205818318838,1.0,17/75,14.14%,LRATD1;SERPINA1;TMEM176B;FLNB;TMEM176A;KIF13B;ASS1;FOS;MLXIPL;HPN;JUN;PCSK1;KCNMA1;RHOBTB3;APPL2;DUSP1;KCTD12,anal_pc5_c21_S1.filtered.gene_spectra_score.k_3.dt_0_01.txt
3,3,CL3_MATURE_CUMULUS_GRANULOSA,1.085546998635464,0.33962264150943394,0.6478100295459703,prerank,0.3708863472399979,1.0,16/80,11.04%,CKB;ST3GAL4;TCEA3;TSPAN6;IFI27;CCND2;CST3;MARCKSL1;FHL2;INSR;TSPAN7;PPP1R12B;SELENOP;IGFBP2;IVNS1ABP;THBS1,anal_pc5_c21_S1.filtered.gene_spectra_score.k_3.dt_0_01.txt
3,3,LUNG_MESOTHELIAL,1.0823519462191666,0.3658838071693449,0.654084607692225,prerank,0.39160713039358075,1.0,9/54,13.70%,PLA2G2A;KLK1;CFB;ASS1;CRIM1;FAM110C;PLLP;LIF;BST1,anal_pc5_c21_S1.filtered.gene_spectra_score.k_3.dt_0_01.txt
3,3,MESENCHYMAL_1,1.0821473092048606,0.32460732984293195,0.651486963705833,prerank,0.347711824088929,1.0,29/159,13.82%,KRT8;CD24;TRPM4;PLCE1;NPDC1;EFNB2;MXD1;EFNA1;TNFRSF21;PDE3A;FLNB;RGMB;ANXA3;FHL2;ZNF703;EPHB3;FUCA1;HMGA2;SLC2A13;ASAP2;IGFBP2;FRZB;ECHDC2;NET1;TRAF4;SIGIRR;DNAJC12;KRT19;DHRS3,anal_pc5_c21_S1.filtered.gene_spectra_score.k_3.dt_0_01.txt
3,3,SCG3_POS_LYMPHATIC_ENDOTHELIAL,1.0813153589678883,0.3157894736842105,0.6507966661186988,prerank,0.34253386529108587,1.0,38/250,11.30%,LGALS3;SIAE;HEPH;S100P;TFF3;SERINC2;TNFRSF11A;PPARG;CEACAM1;OAF;POF1B;SLC22A23;MGST1;PTPRK;NUPR1;NBL1;ANPEP;AGAP1;PAQR8;SDC4;OTULINL;MOB3B;PPP1R9A;EPS8L1;RAB11FIP1;RASD1;PTPN3;CYP27A1;SLPI;NAAA;PDGFA;ITGB4;FHDC1;IER3;GRAMD2B;PCCA;ADAM9;KBTBD11,anal_pc5_c21_S1.filtered.gene_spectra_score.k_3.dt_0_01.txt
3,3,IRIS_CILIARY_BODY_WIF1_HIGH_FIBROBLASTS,-1.0806121855240887,0.3235294117647059,0.389502882408123,prerank,-0.28357188325255467,1.0,22/51,21.80%,TGFBI;DPYSL3;ELOVL5;LUM;CALD1;ARID5B;TSC22D3;CSGALNACT2;NR2F1;CDH11;CTSC;PRRX1;PLPP3;GBP2;PAPPA;HIC1;LSAMP;SCARA5;IFI44L;ADIRF;CTTNBP2;FHL1,anal_pc5_c21_S1.filtered.gene_spectra_score.k_3.dt_0_01.txt
3,3,GHRL_POS_NE_PRECURSOR,1.0752388146336853,0.36542443064182195,0.665254934214279,prerank,0.34677784211824025,1.0,40/162,16.34%,C15orf48;ARHGEF10L;TTC39A;NPDC1;SPIRE2;FFAR4;WNK2;TNFRSF21;FOXA3;CDCP1;PTPRN2;INSR;CERS6;RASD1;TSPAN7;NAAA;SLC6A8;RHOU;PCSK1;ABCA2;CACNB2;CASZ1;RAP1GAP2;ATP2A3;TMEM51;ACOT7;GLYCTK;GIPR;DNAJC12;DLL4;CRYM;MAPRE3;GPRIN3;MCF2L;MAB21L4;LRFN4;DACH1;SMIM6;PFKP;KIF19,anal_pc5_c21_S1.filtered.gene_spectra_score.k_3.dt_0_01.txt
3,3,CTX_EX_4_EXCITATORY_NEURON,1.0733256974723773,0.36682242990654207,0.6676994812486717,prerank,0.37357840182107005,1.0,13/70,11.90%,PLEKHA6;PROM1;PTPRK;GDA;LMO7;RAPGEFL1;MYO6;SAMD5;SLC2A13;CNTN3;STX3;RAP1GAP2;KCNMA1,anal_pc5_c21_S1.filtered.gene_spectra_score.k_3.dt_0_01.txt
3,3,PROMONOCYTE_LIKE,-1.0674833797773564,0.2619047619047619,0.41224129590512193,prerank,-0.23144637558303968,1.0,93/135,41.76%,CD2;HELLS;NUP210;PHGDH;IGFBP7;NLRC5;MCM2;CES1;CDC25B;EZH2;MCM4;TYMS;NUSAP1;GRK6;CENPM;PHF19;TCF19;PTK2B;UHRF1;LIG1;NKG7;FANCA;MCM6;CENPU;SMC4;LMNB1;PTTG1;TPX2;FANCI;FAM111A;KNTC1;NCAPG2;CDK1;TMX4;NCAPG;MYBL2;TOP2A;KIFC1;NCAPD2;HERC5;NDC80;ANLN;CDC45;CLEC11A;CDT1;PRC1;FBXO5;RECQL4;CENPF;ASPM;CKAP2;CIT;KIF11;ORC6;NUF2;ZWINT;AURKB;TMED8;HJURP;KIF18B;RRM2;DLGAP5;KIF15;KIF23;PCLAF;CARHSP1;KIF2C;MELK;BIRC5;CCNF;KIF20A;CENPE;RFLNB;DIAPH3;SPC25;KNSTRN;CCNB2;HMMR;KIF14;ARHGAP11A;KIF22;CCNB1;CEP55;TROAP;FAM107B;BUB1;CDCA3;GTSE1;CENPW;KIF20B;CKAP2L;GCHFR;MKI67,anal_pc5_c21_S1.filtered.gene_spectra_score.k_3.dt_0_01.txt
3,3,DEFINITIVE_RETICULOCYTE,-1.0630058277757883,0.3251231527093596,0.4187701039232908,prerank,-0.2970323905025846,1.0,5/43,4.28%,CHST11;GCLC;STK17B;PIM2;MRC2,anal_pc5_c21_S1.filtered.gene_spectra_score.k_3.dt_0_01.txt
3,3,TH17,1.0595859332814466,0.401244167962675,0.7041945031747641,prerank,0.4730493238488085,1.0,5/16,12.28%,MGLL;NPDC1;CAPG;RORC;DPP4,anal_pc5_c21_S1.filtered.gene_spectra_score.k_3.dt_0_01.txt
3,3,PROXIMAL_TUBULE_EPITHELIAL_CELLS_FIBRINOGEN_POS_S3,1.059578943909366,0.4026128266033254,0.7009091025980276,prerank,0.3670165059854074,1.0,15/71,13.64%,CD24;SERPINA1;PDZK1IP1;MGST1;PTPRK;CYB5A;SEMA6A;AGAP1;SLC3A1;EPS8;RALGAPA2;HSPA5;SLC27A2;MACC1;FTH1,anal_pc5_c21_S1.filtered.gene_spectra_score.k_3.dt_0_01.txt
3,3,RETINA_RPE,1.0560039147461757,0.37891440501043844,0.7083321429667226,prerank,0.3421908109370282,1.0,33/154,11.88%,KRT8;SLC4A4;RBM47;PLCE1;PPARGC1A;MGST1;BACE2;CCND2;BMP2;COL9A2;SEMA3C;CST3;MYRF;GPRC5C;TPM1;CTSD;CRIM1;ITGA6;RAB27A;HMGA2;CYP27A1;WWC1;RNASE1;WLS;LIPG;VEGFA;FAM174B;FRZB;ECHDC2;LRATD2;NET1;TNFRSF14;ELOVL7,anal_pc5_c21_S1.filtered.gene_spectra_score.k_3.dt_0_01.txt
3,3,MUC5AC_POS_ASCL1_POS_PROGENITOR,1.0556025625958627,0.4,0.706208608854598,prerank,0.431170715479382,1.0,9/26,16.34%,CEACAM6;SCNN1A;RASD1;FMOD;PLLP;LNX1;MAB21L4;RASAL1;KIF19,anal_pc5_c21_S1.filtered.gene_spectra_score.k_3.dt_0_01.txt
3,3,PDC,-1.054317693658639,0.3157894736842105,0.4334899610818458,prerank,-0.2552901525178015,1.0,34/89,21.40%,SEPTIN1;LTB;PTPRS;SERPINF1;AEBP1;ADAM19;IGKC;JCHAIN;CD3E;SLAMF7;CARD11;TNFRSF17;MZB1;TPM2;RUNX2;NIBAN3;LY9;BCL11A;IRF4;DERL3;SH2D3C;PRXL2A;PCED1B;ADGRG5;CD7;SIT1;SEMA7A;MYBL2;ULK1;SOCS1;CXCR3;SLA2;ST3GAL2;HS3ST3B1,anal_pc5_c21_S1.filtered.gene_spectra_score.k_3.dt_0_01.txt
3,3,MYOFIBROBLAST_2,1.0523452332835643,0.38615023474178406,0.7124441341089449,prerank,0.3688753871522287,1.0,8/62,7.38%,SLC4A4;SLC26A2;MCTP2;KCNK5;SEMA3C;PCSK5;PLXNA2;SORT1,anal_pc5_c21_S1.filtered.gene_spectra_score.k_3.dt_0_01.txt
3,3,MUSCLE_LYMPHATIC_ENDOTHELIAL,1.0509428666572773,0.42010309278350516,0.7132235164219782,prerank,0.3964935363939651,1.0,3/42,4.36%,TFF3;STAP2;SLC39A14,anal_pc5_c21_S1.filtered.gene_spectra_score.k_3.dt_0_01.txt
3,3,BASOPHIL_MAST_2,1.0509403172344016,0.372210953346856,0.7099585831361435,prerank,0.33404756789396955,1.0,48/234,14.60%,ITM2C;MLPH;SLC26A2;SYTL2;SCIN;SERPINB1;RARRES1;CYSTM1;NFKBIZ;TMEM176B;NDRG2;USP53;BACE2;COL9A2;TPSG1;HPGD;CPM;TPM1;VPS37B;ID2;EPAS1;TSC22D1;STX3;VEGFA;STXBP6;LXN;HSPA5;VWA5A;CDKN1A;CAPG;GNPTAB;ACOT7;TENT5A;GLUL;RHOBTB3;GALC;DHRS9;SH3KBP1;LIF;SLC45A3;FTH1;KRT19;AREG;PAG1;DBI;DUSP6;MAPRE3;PIM3,anal_pc5_c21_S1.filtered.gene_spectra_score.k_3.dt_0_01.txt
3,3,CXCL9_POS_MACROPHAGE,-1.04776123522169,0.3115942028985507,0.44395890637066915,prerank,-0.25900543270031573,1.0,43/77,36.68%,TRAF1;NLRC5;SLAMF7;VCAM1;SERPING1;SERPINB9;GBP5;GGT5;DRAM1;CD40;OAS2;MX1;GBP2;HAPLN3;ISG20;CD38;IL32;GBP1;SOCS1;BATF;BIRC3;ACSL1;SAMD9L;GBP4;STAT1;SLAMF8;PATL2;HIVEP3;EPSTI1;CD80;KSR1;P2RX7;PIM1;TIFAB;TNFRSF4;PTGIR;IL4I1;SGTB;TMEM140;CCL19;SLC2A6;IKBKE;XAF1,anal_pc5_c21_S1.filtered.gene_spectra_score.k_3.dt_0_01.txt
3,3,DELTA,1.044761800380766,0.4206008583690987,0.7243234292352347,prerank,0.34491239221518655,1.0,25/120,14.26%,ITM2C;MLPH;SERPINA1;PKDCC;EHF;FFAR4;PLXNA2;SAMD5;PKIB;SLC2A13;FOS;HID1;HPN;PCSK1;BHLHE41;FRZB;PRKACB;VWA5A;RHOBTB3;SSTR1;DNAJC12;HMOX1;MTUS1;PLEKHB1;DUSP6,anal_pc5_c21_S1.filtered.gene_spectra_score.k_3.dt_0_01.txt
3,3,PROLIFERATING_BASAL,-1.0394873181673383,0.3,0.45824623039006707,prerank,-0.2104348714931618,1.0,75/219,23.64%,FBLN1;TCF4;CXCL14;GPC1;TP63;PKP1;DPYSL3;SYTL1;KRT17;HELLS;SERPINF1;CALML3;CALD1;KRT15;DST;PHGDH;TSC22D3;TSHZ2;PTN;CLCA2;TPM2;ALDH3A1;EZH2;A4GALT;TYMS;TNC;NUSAP1;CLEC2B;CDH3;CENPM;SNAI2;PHF19;BCL11A;TCF19;PITX1;UHRF1;GPNMB;MCM6;CENPU;PRXL2A;KRT14;HES4;SMC4;CAV1;CDKN2C;LMNB1;PTTG1;SNCA;TPX2;FANCI;FAM111A;NCAPG2;IGFBP3;CDK1;PTPRZ1;TACC3;S100A2;ISYNA1;NCAPG;ANP32E;HMGB2;NSG1;FAM3B;TOP2A;KIFC1;NCAPD2;LMO4;ECT2;NDC80;ANLN;CDC45;PSMB9;CDT1;SLC2A1;PRC1,anal_pc5_c21_S1.filtered.gene_spectra_score.k_3.dt_0_01.txt
3,3,BETA,1.03848362323718,0.40904522613065325,0.7390214593590748,prerank,0.3309037197921798,1.0,69/272,16.58%,TSPAN1;CAMK2N1;TFCP2L1;TNFRSF11A;PLEKHA6;MYH14;FFAR4;PFKFB2;SLC39A14;TSPAN13;SLC16A9;CDCP1;GDA;EXPH5;OTULINL;RAB11FIP1;PKIB;RASD1;PTPN3;ID1;TSPAN7;SLC2A13;ATP8A1;DMXL2;STXBP5;MAP1LC3A;STX3;PLCB4;MLXIPL;WLS;VEGFA;KDM7A;IER3;PCSK1;BHLHE41;FAM174B;TMCC3;SEMA5A;PRKACB;CDKN1A;RAB15;RAP1GAP2;ATP2A3;RALGPS1;UBL3;KCNMA1;EPB41L1;APPL2;DNAJC12;HSPA1B;FTH1;TMEM37;SMAD9;RMND5A;DBI;AACS;PIM3;SNX9;DDR1;CACNA1D;RNF19B;PRSS23;EPB41L3;RNF157;MXI1;RAB3IP;NDRG1;SMAD7;IL17RB,anal_pc5_c21_S1.filtered.gene_spectra_score.k_3.dt_0_01.txt
3,3,EARLY_CAP,1.0375947753419785,0.4240570846075433,0.7381652016750243,prerank,0.3298587032650284,1.0,35/229,12.92%,CLDN7;GOLM1;CA2;KRT8;CD24;SERINC2;PCDH1;ATP1B1;ST3GAL4;MGST1;MYO10;NOSTRIN;RDH13;TMEM176B;TMEM176A;LMO7;NOL4L;KCNQ1;CCDC85C;ID2;HMGA2;PVR;LIPG;NUAK2;VEGFA;IER3;TMCC3;SLC16A3;THBS1;TMEM51;ACOT7;TRAF4;LGALSL;RHOBTB3;HIP1R,anal_pc5_c21_S1.filtered.gene_spectra_score.k_3.dt_0_01.txt
3,3,LYMPHATIC_ENDOTHELIAL,1.0371963295297293,0.40546006066734075,0.7358981945395298,prerank,0.32809965728773655,1.0,41/269,11.46%,B3GNT7;LGALS3;TFF3;ACSL5;TNFRSF11A;PPARG;CRACR2B;CEACAM1;OAF;EPHB2;SLC22A23;SCNN1B;MGST1;MICAL2;PRR5L;NUPR1;NBL1;ANO9;VAV3;PCSK6;FHL2;GPRC5C;RAB11FIP1;CERS6;DTX4;DOCK5;OAS1;RALGAPA2;PDGFA;CDA;RHOU;CXCL5;FAM174B;FRZB;P3H2;PLD1;CCL20;TC2N;CDKN1A;KBTBD11;CAPG,anal_pc5_c21_S1.filtered.gene_spectra_score.k_3.dt_0_01.txt
3,3,LIPOFIBROBLAST,1.0357361918386567,0.42464246424642466,0.7367620951001429,prerank,0.3421456308444679,1.0,26/107,16.72%,PLA2G2A;GPRC5A;GATA6;OAF;KLF4;HK2;RARRES1;UGDH;SEMA6A;MARCKSL1;SPRY2;VEGFA;CDKN1A;NOP16;TUBA1C;SPTSSA;IGFBP4;LDLR;TRIB1;MT1A;RND3;SULF2;MYC;CTH;TGIF1;PLAUR,anal_pc5_c21_S1.filtered.gene_spectra_score.k_3.dt_0_01.txt
3,3,ADRENAL_VASCULAR_ENDOTHELIAL,1.0319848707571169,0.4507829977628635,0.743955845326917,prerank,0.34769913045856976,1.0,10/87,9.88%,CA4;CEACAM1;BTNL8;EFNB2;NR5A2;EFNA1;HRCT1;ID1;CDA;EDN1,anal_pc5_c21_S1.filtered.gene_spectra_score.k_3.dt_0_01.txt
3,3,AT1,1.0319707165269445,0.41145139813581894,0.7406983102402409,prerank,0.3978743891825724,1.0,8/34,11.72%,MMP28;PKDCC;CLIC5;SLC39A8;ITGB6;IL18;SEMA5A;PLLP,anal_pc5_c21_S1.filtered.gene_spectra_score.k_3.dt_0_01.txt
3,3,PLACENTA_VASCULAR_ENDOTHELIAL,-1.030663075849469,0.4076923076923077,0.47419369837270725,prerank,-0.2511048000394389,1.0,48/70,40.26%,KLF2;CDH13;CD93;S1PR1;RASSF9;CDH5;ARHGEF26;JAM3;ZNF521;EGFL7;SHE;CLDN5;ERG;RAMP2;PDE1C;HEY1;AFF3;CD34;PLVAP;FCGR2B;CYYR1;CLEC14A;ECSCR;TEK;RHOJ;RASIP1;TMEM255B;LDB2;TIE1;ARHGEF15;PKN3;IL33;DIPK2B;APLNR;ADGRF5;ADGRL4;SHANK3;SOX18;CCM2L;IGSF9B;ST6GALNAC3;BCL6B;JCAD;THSD1;ROBO4;KDR;NOVA2;TM4SF18,anal_pc5_c21_S1.filtered.gene_spectra_score.k_3.dt_0_01.txt
3,3,PLACENTA_EXTRAVILLOUS_TROPHOBLASTS,1.0272772726727932,0.44041450777202074,0.7506171854754824,prerank,0.3878790563295135,1.0,8/35,16.36%,AOC1;QSOX1;NOS2;HEXB;WFDC3;ASAP3;COL17A1;RNF223,anal_pc5_c21_S1.filtered.gene_spectra_score.k_3.dt_0_01.txt
3,3,MUSCLE_MEGAKARYOCYTES,1.0260823842235716,0.43924191750278707,0.7505990858298631,prerank,0.3486112935051684,1.0,8/84,7.38%,CA2;SIAE;LIPH;TDP2;SLC39A8;SYTL4;SDC4;SORT1,anal_pc5_c21_S1.filtered.gene_spectra_score.k_3.dt_0_01.txt
3,3,CCL19_CCL21_POSITIVE,-1.0242481437503368,0.39823008849557523,0.485513375188402,prerank,-0.2504768324641486,1.0,22/76,19.34%,C1S;CXCL14;COL7A1;CXCL12;PTGDS;CSF1;APOE;ADAMDEC1;CTSH;VCAM1;NFKB2;PRRX1;TNC;TNFAIP3;FGF7;EFEMP2;SCARF2;ICAM1;CCL2;RBP5;ADH1B;IGDCC4,anal_pc5_c21_S1.filtered.gene_spectra_score.k_3.dt_0_01.txt
3,3,INTERM_CHONDROCYTE,1.0239848093925985,0.42213642213642216,0.7533530742396539,prerank,0.3742549162885926,1.0,5/38,5.66%,RFLNA;WFDC2;MECOM;SEMA6A;COL9A2,anal_pc5_c21_S1.filtered.gene_spectra_score.k_3.dt_0_01.txt
3,3,RETINA_HORIZONTAL,1.0213682481132431,0.4672,0.7575510704588928,prerank,0.46662150640425193,1.0,2/15,6.52%,CD24;PLXNA2,anal_pc5_c21_S1.filtered.gene_spectra_score.k_3.dt_0_01.txt
3,3,ILCP,1.015792661712118,0.4537346711259755,0.7701028450351646,prerank,0.3372636455907972,1.0,17/92,12.52%,CA2;ATP1B1;EPS8L2;TSPAN13;FLNB;COL9A2;CST3;PPP1R9A;RASD1;HPN;FAM174B;GRAMD2B;SLC16A3;SLC40A1;NET1;RORC;JAG1,anal_pc5_c21_S1.filtered.gene_spectra_score.k_3.dt_0_01.txt
3,3,GHRL_POS_NEUROENDOCRINE,1.0145965858324675,0.4781609195402299,0.7700706129230193,prerank,0.3514659339770776,1.0,17/72,15.52%,NPDC1;FFAR4;TNFRSF21;TMEM176B;TMEM176A;TSPAN7;NAAA;PCSK1;CACNB2;CASZ1;RAP1GAP2;ATP2A3;TMEM51;DNAJC12;MAPRE3;GPRIN3;MAB21L4,anal_pc5_c21_S1.filtered.gene_spectra_score.k_3.dt_0_01.txt
3,3,ADRENAL_MYELOID,-1.0136106047913636,0.4576271186440678,0.5058264662491048,prerank,-0.23288818142520962,1.0,65/123,36.38%,CYTH4;ADAM28;FGD2;CD4;MPEG1;CYBB;SPI1;CFD;MX2;MS4A6A;LILRB1;MS4A7;SLC7A7;RGS1;CSF1R;TLR6;SIGLEC10;TRPM2;MILR1;C1QA;C1QC;CD163;SCIMP;C1QB;CLEC7A;ITGAX;TMEM106A;C3AR1;HCK;TLR2;CD163L1;LILRB5;CPVL;FAM20A;SIGLEC1;LILRB2;TMEM273;SLAMF8;CLEC10A;ADAP2;TLR1;FPR3;NCF2;HK3;CD80;NOD2;CD209;PLA2G7;CD86;GPR34;RNASE6;P2RY13;FOLR2;CMKLR1;PTAFR;ADGRE2;MS4A4A;CCR1;MERTK;SIRPB2;IGSF6;VSIG4;CALHM6;SIGLEC5;MNDA,anal_pc5_c21_S1.filtered.gene_spectra_score.k_3.dt_0_01.txt
3,3,IGSF21_DENDRITIC,-1.012478471461455,0.4647887323943662,0.50553024152237,prerank,-0.2900065301419362,1.0,18/41,25.58%,TGFBI;SERPING1;PLTP;CD93;STAB1;MS4A6A;CCL2;MS4A7;CSF1R;MAMDC2;MAFB;C1QA;C1QC;GPX3;C1QB;CD83;F13A1;FCGR2B,anal_pc5_c21_S1.filtered.gene_spectra_score.k_3.dt_0_01.txt
3,3,NEUROTYPES_HDA2,1.011141414282213,0.4744897959183674,0.7760121446386166,prerank,0.3244216141470919,1.0,26/196,12.50%,CAMK2N1;CD24;CGN;PCDH1;ATP1B1;EPB41L4B;PLEKHA6;SMPD3;NEDD4L;PID1;RETREG1;PTPN3;TSPAN7;STXBP5;AATK;SLITRK5;SHANK2;TMCC3;PRKACB;ENPP4;VWA5A;CORO2A;RAP1GAP2;GNPTAB;ACOT7;EPB41L1,anal_pc5_c21_S1.filtered.gene_spectra_score.k_3.dt_0_01.txt
3,3,OLFACTORY_NEUROEPITHELIUM_PLASMA,-1.011078714192356,0.45980707395498394,0.5061233681903147,prerank,-0.3664750707674444,1.0,11/18,19.14%,CD79A;IGKC;JCHAIN;TNFRSF17;MZB1;IGHA1;DERL3;FKBP11;IGHA2;SEC11C;HERPUD1,anal_pc5_c21_S1.filtered.gene_spectra_score.k_3.dt_0_01.txt
3,3,INTERM_NEUROENDOCRINE,1.0084063723115038,0.46474358974358976,0.7801983402032346,prerank,0.33282823997283606,1.0,29/124,16.34%,CEACAM1;SMPD3;NPDC1;PLAC8;SLC39A14;TMEM176B;CDCP1;TMEM176A;PTPRN2;OTULINL;RASD1;NAAA;PCSK1;CACNB2;KLK12;CASZ1;RAP1GAP2;LRATD2;ATP2A3;TMEM51;GIPR;DNAJC12;DLL4;MAPRE3;KSR2;GPRIN3;SLC7A4;DACH1;KIF19,anal_pc5_c21_S1.filtered.gene_spectra_score.k_3.dt_0_01.txt
3,3,PROXIMAL_TUBULE_EPITHELIAL_CELLS_S3,1.007759081971014,0.47114093959731546,0.7785737591765837,prerank,0.38999135956740566,1.0,9/34,10.46%,PDZK1IP1;ANPEP;SDC4;TPM1;RETREG1;WWC1;PTPRD;AQP1;HSPA5,anal_pc5_c21_S1.filtered.gene_spectra_score.k_3.dt_0_01.txt
3,3,AIRWAY_SMOOTH_MUSCLE,-1.0076316544321748,0.425531914893617,0.5111577372239029,prerank,-0.2410412711222649,1.0,39/91,26.68%,FLNA;RASGRP2;BCAM;ANTXR1;MYH11;LIMS2;IGFBP7;IGFBP5;MYL9;CDH13;TPM2;ID4;ENTPD1;ACTA2;MAP1B;HES4;CAV1;NIBAN1;TAGLN;TBC1D1;MCAM;CPED1;ISYNA1;MEF2C;TSPAN2;MSRB3;SPEG;CRYAB;TGM2;CRIP2;SYNPO2;RCAN2;WFDC1;ACTG2;PPP1R14A;EDNRB;TGFB1I1;LMOD1;CAV2,anal_pc5_c21_S1.filtered.gene_spectra_score.k_3.dt_0_01.txt
3,3,IRIS_CILIARY_BODY_COL9A1_HIGH_CILIARY_BODY,1.0072151290656075,0.4663143989431968,0.7768318160211837,prerank,0.37323301366671346,1.0,2/36,0.50%,SELENBP1;CA2,anal_pc5_c21_S1.filtered.gene_spectra_score.k_3.dt_0_01.txt
3,3,CL16_LYMPHATIC_ENDOTHELIAL,-1.0014197668206932,0.4,0.5230577989315349,prerank,-0.23777774890758785,1.0,55/107,31.18%,LAPTM5;TCF4;A2M;MMP2;EFEMP1;LAMA4;IGFBP7;GIMAP4;ENG;MFAP2;TGFBR2;PECAM1;GJA1;GIMAP7;TFPI;ABI3BP;FXYD6;SERPING1;TIMP3;CAVIN1;FN1;GMFG;ALDH1A1;MAP1B;NRP2;PRXL2A;CLU;TSPAN4;PDPN;NNMT;RASGRP3;CDH5;CCN1;VWF;CALCRL;EGFL7;FSCN1;CRIP2;CLDN5;CTHRC1;CAVIN2;RAMP2;ARHGAP29;PRCP;GNG11;CLEC14A;LOX;PTPRE;EPSTI1;CCL21;TMEM255B;LDB2;TIE1;FLT4;TM4SF1,anal_pc5_c21_S1.filtered.gene_spectra_score.k_3.dt_0_01.txt
3,3,MACROPHAGE,-1.0,1.0,0.5215140796203129,prerank,-0.3272169018608995,1.0,219/458,27.00%,LSP1;COL6A2;CORO1A;WIPF1;LAPTM5;IKZF1;COL6A1;C1S;ARHGAP4;DOCK2;CD53;IL16;TGFBI;RAC2;A2M;HCLS1;FMNL1;CD74;LCP1;ARHGDIB;ARHGAP30;CXCR4;PARVG;SRGN;CD37;APBB1IP;CYTH4;UCP2;PTPRC;ADA2;STK17B;FYB1;SERPINF1;BCAM;CALD1;AEBP1;MAF;MFGE8;MFAP4;FBN1;ITGB2;PLCB2;IL10RA;MMP2;CXCL12;EMILIN1;PTPN6;DOCK8;CCDC88A;INPP5D;CD4;GLIPR1;IGFBP7;RBP1;GPSM3;GIMAP4;HTRA1;MYO1F;ENG;IGFBP5;NOTCH3;MPEG1;LCP2;APOE;TGFBR2;JAML;PECAM1;S100A4;ADCY7;TNFAIP2;MXRA8;TSHZ2;ABCA8;LPAR6;SLA;GSTM3;EVI2B;MYL9;NR2F1;SMAP2;PPT1;CDH11;NCF4;CFH;TPM2;RUNX1;CTSH;CD300A;FTL;TNS1;ALOX5;OBSL1;DOK2;FGL2;CYBB;BGN;CTSC;UTRN;SPI1;GPR183;SDC2;SERPING1;CAVIN1;POU2F2;PDGFRB;FN1;GMFG;THEMIS2;PLTP;ACTA2;WAS;EPHX1;LAT2;MGP;TNFRSF1B;CD93;CCDC80;ALOX5AP;PLPP3;BTG2;GPNMB;STAB1;BNC2;AOAH;MAP1B;BASP1;HES4;CAV1;PRELP;PREX1;MS4A6A;ARRB2;SOX4;FGF7;IFI30;GIMAP8;TAGLN;OLFML3;CTSK;IRF8;EVI2A;PALLD;ACP5;PLEK;KYNU;CDH5;CTSB;LAIR1;MS4A7;MEF2C;DDR2;ARHGEF17;SLC7A7;RGS1;CSF1R;SIRPA;IFITM2;HERPUD1;OSR2;ICAM2;HCST;CDKN1C;CALCRL;REL;EGFL7;NUAK1;SLC15A3;AP1S2;PMAIP1;LMO2;TGM2;PIK3AP1;SAMSN1;MAFB;C1QA;C1QC;LY86;SLC2A3;CLDN5;C11orf96;CD163;VAT1;GPX3;MAN2B1;CTHRC1;C1QB;CLEC7A;ACSL1;DYSF;LY96;CD83;F13A1;ITGAX;RIN3;RAMP2;C3AR1;AFAP1L1;FES;PPP1R14A;MMP19;RILPL2;HCK;ISLR;ARHGAP29;CD36;TLR2;GUCY1A1;GNG11;LST1;PRKG1;RGCC;CPVL;CYYR1;SIGLEC1;CAV2;LILRB2;FCGR2A;MAP3K8;CLEC14A,anal_pc5_c21_S1.filtered.gene_spectra_score.k_3.dt_0_01.txt
3,3,MARROW_STROMAL,-1.0,1.0,0.5215140796203129,prerank,-0.260718304496889,1.0,152/483,18.68%,COL6A2;FBLN1;COL5A1;COL6A1;C1R;C1S;COL3A1;CXCL14;COL1A2;COL7A1;FGFR1;COL4A2;DCN;DPYSL3;COL6A3;FSTL1;LUM;COL1A1;AKR1C2;CALD1;ANTXR1;FBN1;COL16A1;EFS;PFN2;NID1;MMP2;CXCL12;GLI3;COL4A1;EMILIN1;PTGDS;EFEMP1;LAMA4;MRC2;COL14A1;ITIH5;COL5A2;FKBP10;IGFBP7;RBP1;HTRA1;TUSC3;PCOLCE;LAMB2;IGFBP5;CSF1;NOTCH3;APOE;BMP4;GJA1;MAPK10;MXRA8;ADAMDEC1;ABCA8;ACKR3;NTRK2;MXRA5;PTN;NR2F1;TFPI;CDH11;LAMC1;CLCA2;CFH;THY1;RUNX1;THBS2;ARHGEF25;RBMS3;PCDH18;VCAM1;ABI3BP;SPARCL1;ID4;BGN;SERPING1;PRRX1;TIMP3;CAVIN1;OSMR;TNC;PDGFRB;ADAMTS2;SCARA3;FLRT2;FN1;LTBP2;SNAI2;CFD;TNS2;KIRREL1;PODN;SVEP1;GGT5;EPHX1;SDC3;CLMP;MGP;NRP1;ANGPTL2;CCDC80;PLPP3;FRMD6;SFRP1;NRP2;ZCCHC24;ADGRL2;IL1R1;CAV1;LOXL1;PRELP;TSPAN4;NFATC4;WWTR1;PDLIM4;OLFML2A;FGF7;TAGLN;SULF1;GLI2;OLFML3;PDGFRA;TPST1;NNMT;CTSK;PLEKHH2;PAPPA;RGL1;EFEMP2;PALLD;LHFPL6;COL12A1;MTSS2;FOXD1;DENND2A;COL21A1;CDH5;IGFBP3;ABCA6;CCN1;ADAMTS1;LIFR;BOC;CCL2;UNC5C;ADH1B;GLT8D2;DDR2;ARHGEF17;COL5A3;FRMD4A,anal_pc5_c21_S1.filtered.gene_spectra_score.k_3.dt_0_01.txt
3,3,CD8_T,-0.9946066613803327,0.4393939393939394,0.5305037246673823,prerank,-0.31441992559533716,1.0,13/28,15.50%,CD79A;SERPINF1;LIMS2;FBLN2;PECAM1;THEMIS;CD5;CD248;DBN1;STMN3;SIRPG;CCR7;SIT1,anal_pc5_c21_S1.filtered.gene_spectra_score.k_3.dt_0_01.txt
3,3,AEROCYTE,0.9931185725502611,0.4934131736526946,0.8114608948955823,prerank,0.3525520787902462,1.0,8/58,9.04%,MGLL;SLC12A2;VIPR1;ITGA3;NEDD4L;LMO7;NOS2;HOXB5,anal_pc5_c21_S1.filtered.gene_spectra_score.k_3.dt_0_01.txt
3,3,SECRETORY_PROGENITOR,-0.992970706605838,0.4490566037735849,0.5314782905355465,prerank,-0.32230722805548073,1.0,10/25,14.20%,ARHGAP4;BCAM;POU2AF1;APOE;BANK1;PLXND1;ABCA7;STAB1;MX1;SYNE1,anal_pc5_c21_S1.filtered.gene_spectra_score.k_3.dt_0_01.txt
3,3,FGFBP2_POS_NEURAL_PROGENITOR,0.9870157089654208,0.5088919288645691,0.8245325538742972,prerank,0.3963806501336465,1.0,7/28,10.38%,EGLN3;EPAS1;SELENOP;RNASE1;AQP1;VEGFA;FRZB,anal_pc5_c21_S1.filtered.gene_spectra_score.k_3.dt_0_01.txt
3,3,THYMUS_VASCULAR_ENDOTHELIAL,0.984060888001798,0.5323819978046103,0.8288679717532182,prerank,0.3305458754507021,1.0,12/97,10.04%,NR3C2;TNFRSF11A;PPARG;PRELID2;PRR5L;MECOM;FGD4;ITGA6;ID1;EPAS1;STXBP6;MYO1B,anal_pc5_c21_S1.filtered.gene_spectra_score.k_3.dt_0_01.txt
3,3,CTX_ASTROCYTE,0.9819667826549721,0.5100742311770944,0.8309005234549975,prerank,0.31950168407697166,1.0,18/139,10.66%,ITM2C;LGALS3;SLC4A4;AK1;MMP28;OAF;SPON1;MGST1;LGR4;CYB5A;NDRG2;PAQR8;ID1;ID2;GDPD2;WLS;GRAMD2B;ALDH1L1,anal_pc5_c21_S1.filtered.gene_spectra_score.k_3.dt_0_01.txt
3,3,SYNCYTIOTROPHOBLASTS_AND_VILLOUS_CYTOTROPHOBLASTS,0.980928672924713,0.5043859649122807,0.8301849337296713,prerank,0.4217800829174345,1.0,7/20,15.66%,CNNM2;ITGB4;SLC27A2;L1TD1;KANK1;FAM118A;EPB41L3,anal_pc5_c21_S1.filtered.gene_spectra_score.k_3.dt_0_01.txt
3,3,KIDNEY_MYELOID,-0.9807593552128845,0.5370370370370371,0.5556311901317974,prerank,-0.2121043084550648,1.0,68/140,36.38%,CYTH4;FGD2;CIITA;MPEG1;CYBB;SPI1;GPR183;ABCA1;MS4A6A;IFI30;TLR10;CCR5;KYNU;CTSB;LILRB1;MS4A7;CSF1R;SLC15A3;C1QA;C1QC;CD163;SCIMP;C1QB;CLEC7A;LY96;C3AR1;HCK;HAVCR2;CD163L1;LILRB5;CPVL;FAM20A;SIGLEC1;LILRB2;TMEM273;SLAMF8;ADAP2;CD200R1;TLR1;FPR3;CSF2RA;NCF2;HK3;C1orf162;TNNI2;NOD2;P2RY6;TMEM86A;CD209;ATP8B4;TIFAB;AIF1;CD86;GPR34;RNASE6;P2RY13;TLR7;FOLR2;PTAFR;ARHGAP22;MS4A4A;CCR1;CCR2;SIRPB2;IGSF6;VSIG4;SIGLEC5;MNDA,anal_pc5_c21_S1.filtered.gene_spectra_score.k_3.dt_0_01.txt
3,3,OSSIFICATION_STROMAL,0.9795183856140973,0.5318906605922551,0.8303006855991649,prerank,0.33281447272690057,1.0,16/77,15.28%,PLA2G2A;AK1;ST3GAL4;CCND2;SDC4;RASD1;ID2;JUN;IVNS1ABP;CDKN1A;CAPG;SLC40A1;GLUL;CD276;PDLIM5;SOD2,anal_pc5_c21_S1.filtered.gene_spectra_score.k_3.dt_0_01.txt
3,3,PROMYELOCYTE_LIKE,-0.9788694764566338,0.4421052631578947,0.5571510136412228,prerank,-0.3008884365009578,1.0,14/28,25.66%,HELLS;PHGDH;MCM2;MCM4;TYMS;CENPM;UHRF1;NKG7;CENPU;TOP2A;NCAPD2;CLEC11A;CDT1;CENPF,anal_pc5_c21_S1.filtered.gene_spectra_score.k_3.dt_0_01.txt
3,3,CHONDROBLASTIC_OSTEOSARCOMA,0.9778556070955039,0.5403930131004366,0.8314164309166179,prerank,0.3264458804786147,1.0,11/102,9.10%,CA2;LGALS3;S100P;SERINC2;SPINT1;AGPAT2;GPRC5C;RASD1;SMIM5;ID2;PHLDA2,anal_pc5_c21_S1.filtered.gene_spectra_score.k_3.dt_0_01.txt
3,3,PAEP_MECOM_POSITIVE,0.9768285357699791,0.5082174462705437,0.830638076460632,prerank,0.36374992094689906,1.0,6/44,11.08%,PKDCC;PDZK1IP1;WFDC2;ATP2C2;CATSPERB;TC2N,anal_pc5_c21_S1.filtered.gene_spectra_score.k_3.dt_0_01.txt
3,3,MUSCLE_VASCULAR_ENDOTHELIAL,0.9753007086789849,0.5125944584382871,0.8313010705503013,prerank,0.3612636349482281,1.0,6/42,10.76%,CA4;NOSTRIN;CLIC5;NOS2;PTPRR;RAPGEF5,anal_pc5_c21_S1.filtered.gene_spectra_score.k_3.dt_0_01.txt
3,3,MEGAKARYOCYTES,0.9748281325886645,0.5550847457627118,0.8291333857418877,prerank,0.3220780158557635,1.0,20/134,12.86%,SIAE;LIPH;LEFTY1;C3orf52;PDE3A;LCN2;SYTL4;NOL4L;ITGA6;HGD;MYEOV;STXBP5;ASAP2;THBS1;CXCL3;ATP2A3;ELOVL7;ATP13A4;LGALSL;SUSD1,anal_pc5_c21_S1.filtered.gene_spectra_score.k_3.dt_0_01.txt
3,3,NEUROTYPES_HRGL2B,0.9736868713839881,0.5476673427991886,0.8287438029743603,prerank,0.3123394267031573,1.0,30/211,10.26%,CA12;SLC4A4;NRARP;PCDH1;ATP1B1;PLCD3;EPB41L4B;MGST1;AKAP7;NDRG2;SEMA6A;HES1;CST3;DPF3;DTX4;SPRY2;ITGA6;WSCD1;PDE4C;WWC1;TSPAN7;SPAG1;FOS;GDPD2;SELENOP;WLS;LIPG;PARD3B;JUN;IGFBP2,anal_pc5_c21_S1.filtered.gene_spectra_score.k_3.dt_0_01.txt
3,3,PDE11A_FAM19A2_POSITIVE,-0.9727103149116446,0.48056537102473496,0.5679015889235237,prerank,-0.31039223259889104,1.0,19/26,61.58%,CCDC88A;PCDH7;FILIP1L;HLF;RGS5;SEMA3A;CACNB4;KLHL14;PCDH9;RELN;ADAMTS18;SNAP25;ERCC6;HDC;GRIN2A;RGS4;KCNAB1;CABP1;PCDHA10,anal_pc5_c21_S1.filtered.gene_spectra_score.k_3.dt_0_01.txt
3,3,MUSCLE_PCV_ENDOTHELIAL,-0.9715422497310833,0.5188679245283019,0.5677094465879762,prerank,-0.2301666105979038,1.0,48/89,31.18%,CD74;BCAM;GIMAP4;KLF2;TGFBR2;TSHZ2;GIMAP7;SH3BP5;SPARCL1;CTSC;CAVIN1;CLEC2B;CD93;S1PR1;GIMAP6;CLU;GIMAP5;LYST;LIFR;HMGB2;IFITM2;CALCRL;EGFL7;ADIRF;NUAK1;CRIP2;ITM2A;MMRN2;SLC2A3;ERG;RAMP3;SOCS3;GIMAP1;GBP4;PRCP;PLVAP;GNG11;AKR1C3;CYYR1;TMEM273;PLAT;ECSCR;DOCK9;LDB2;JAM2;ACKR1;LMCD1;TM4SF1,anal_pc5_c21_S1.filtered.gene_spectra_score.k_3.dt_0_01.txt
3,3,HEART_ERYTHROBLASTS,-0.9692790631361536,0.49514563106796117,0.5699023757209861,prerank,-0.2685457891232351,1.0,21/45,25.88%,TBC1D10C;TRIM22;PGGHG;ACAD11;FTL;GRK6;DRAM1;CD40;GIMAP2;SLC7A11;PIK3IP1;NCAPG2;CDK1;FCHO1;KIFC1;MAN2B1;CDT1;SLC2A1;PRC1;TESC;ABCD2,anal_pc5_c21_S1.filtered.gene_spectra_score.k_3.dt_0_01.txt
3,3,PROLIFERATING_MACROPHAGE,0.9690606090293172,0.5807422266800402,0.8377571199212185,prerank,0.30541130430629815,1.0,58/333,14.36%,CLDN7;LGALS3;SERINC2;ATP1B1;SERPINA1;ADTRP;PPARG;HSD17B11;PLBD1;CTSS;QSOX1;MGST1;IFI27;NUPR1;CYB5A;LGALS9;ANPEP;CDCP1;AGPAT2;ACAA2;CST3;SDC4;FBP1;IL18;SORT1;CTSD;GLDN;FUCA1;CYP27A1;FCGRT;OAS1;PNP;MPZL2;CXCL5;IGFBP2;BHLHE41;MICOS10;SEPTIN11;CAT;SLC16A3;TXNDC17;CCL20;TUBB4B;CAPG;CXCL3;ACOT7;CCRL2;BLVRB;GLUL;IL1RN;MACC1;HEXB;FTH1;CCL23;BST1;DBI;CXCL16;TUBA1C,anal_pc5_c21_S1.filtered.gene_spectra_score.k_3.dt_0_01.txt
3,3,HEART_MYELOID,-0.9688579312981339,0.6022727272727273,0.5679962573390556,prerank,-0.2217896744189826,1.0,51/97,37.64%,CD74;ADAM28;FGD2;CIITA;MPEG1;JAML;CYBB;SPI1;MS4A6A;IRF8;LILRB1;MS4A7;CSF1R;C1QA;C1QC;CD163;SCIMP;C1QB;CLEC7A;ITGAX;TMEM106A;C3AR1;HCK;TLR2;CD163L1;LILRB5;SIGLEC1;SLAMF8;CLEC10A;TYROBP;CSF2RA;NCF2;HK3;NOD2;P2RY6;CD209;PLA2G7;PLD4;CD86;GPR34;P2RY13;TLR7;MS4A4A;CCR1;CCR2;SIRPB2;IGSF6;VSIG4;MNDA;MMP9;SLC37A2,anal_pc5_c21_S1.filtered.gene_spectra_score.k_3.dt_0_01.txt
3,3,PRIMITIVE_ERYTHROCYTE,0.9637895674805352,0.5216819973718791,0.8478905476675334,prerank,0.36452197202942416,1.0,5/35,9.48%,CA2;SLC39A8;GDF15;SMIM5;ACHE,anal_pc5_c21_S1.filtered.gene_spectra_score.k_3.dt_0_01.txt
3,3,INTESTINE_VASCULAR_ENDOTHELIAL,0.9615306749708754,0.5446313065976714,0.8504460425410775,prerank,0.37378468371409385,1.0,1/34,0.08%,VSIG2,anal_pc5_c21_S1.filtered.gene_spectra_score.k_3.dt_0_01.txt
3,3,NEUROTYPES_HRGL2A,0.9580288466275794,0.608739837398374,0.8560287862439317,prerank,0.3044883588981476,1.0,44/274,13.34%,ITM2C;GOLM1;CA12;SLC4A4;NRARP;PCDH1;CDHR1;PLCD3;EPB41L4B;TSPAN6;MGST1;C1orf21;NDRG2;SLC16A9;SEMA6A;HES1;CST3;PCSK6;DTX4;SPRY2;WSCD1;RAB27A;WWC1;TSPAN7;SPAG1;FOS;GDPD2;SELENOP;WLS;LIPG;PARD3B;JUN;IGFBP2;CACNB2;TC2N;KBTBD11;LRATD2;UBL3;JAG1;ATP13A4;HMGCS1;GALC;TCIM;EMP1,anal_pc5_c21_S1.filtered.gene_spectra_score.k_3.dt_0_01.txt
3,3,CORNEA_MELANOCYTES,-0.9568747801748826,0.5225806451612903,0.5919873671593686,prerank,-0.24739439616877135,1.0,22/58,27.36%,ELOVL5;MFGE8;CMTM3;LAMA4;ARID5B;GPSM3;TRPV2;NFATC2;CAVIN1;IFFO1;NRCAM;JADE1;LIX1L;ISYNA1;MEF2C;CSPG4;DNAJB9;CLEC11A;KIFC3;PRCP;PLD3;OLFM1,anal_pc5_c21_S1.filtered.gene_spectra_score.k_3.dt_0_01.txt
3,3,HEART_LYMPHATIC_ENDOTHELIAL,0.9567124537124022,0.5266106442577031,0.8559843233237884,prerank,0.40038844316977945,1.0,1/22,1.16%,TFF3,anal_pc5_c21_S1.filtered.gene_spectra_score.k_3.dt_0_01.txt
3,3,PODOCYTES,0.9539152871636356,0.5663322185061316,0.8596860968185308,prerank,0.32051447376412995,1.0,21/93,12.34%,PLCE1;SH3RF1;CLIC5;EXPH5;ALS2CL;RETREG1;CERS6;DOCK5;CRIM1;FRMD3;PTPRO;PTPRD;VEGFA;PARD3B;MYO1B;P3H2;SEPTIN11;CACNB2;SEMA5A;MAML3;KANK1,anal_pc5_c21_S1.filtered.gene_spectra_score.k_3.dt_0_01.txt
3,3,CL0_XBP1_SELK_HIGH_STROMAL,0.953102609655187,0.5502063273727648,0.8582929295109271,prerank,0.374287799155185,1.0,10/29,15.46%,ATP1B1;NUPR1;HES1;FHL2;HSPA5;SLC40A1;SAT1;XBP1;SPTSSA;IFRD1,anal_pc5_c21_S1.filtered.gene_spectra_score.k_3.dt_0_01.txt
3,3,SIMILAR_TO_HSC_C6_PUTATIVE_ALTERED_METABOLIC_STATE,0.9530656851986355,0.5349428208386277,0.8550236390092675,prerank,0.3529294810338232,1.0,11/40,13.96%,NFKBIZ;MECOM;ID2;HMGA2;FOS;JUN;HSPA5;TUBB4B;DUSP1;AREG;MLLT3,anal_pc5_c21_S1.filtered.gene_spectra_score.k_3.dt_0_01.txt
3,3,CARDIOMYOCYTE,0.9496144469409482,0.5485564304461942,0.8598917417466339,prerank,0.3471227444021437,1.0,8/38,16.30%,SH3RF2;FHL2;PPP1R12B;MB;MYZAP;PDLIM5;RBM24;PFKP,anal_pc5_c21_S1.filtered.gene_spectra_score.k_3.dt_0_01.txt
3,3,DEUTEROSOMAL,-0.945739073931587,0.6063829787234043,0.6141309651605348,prerank,-0.22321789144173546,1.0,53/89,41.32%,HELLS;CCDC88A;PTN;EZH2;TYMS;CD19;ICAM3;CENPU;PREX1;PTTG1;TPX2;FANCI;CDK1;TACC3;COCH;TSPAN2;CADM1;FAM3B;TOP2A;MYO3A;RAD54L;ECT2;ANLN;CDT1;PRC1;EID3;CENPF;ASPM;ANKS1B;KIF18A;ORC6;NUF2;ZWINT;POLH;DLGAP5;KIF15;KIF23;MELK;CDH23;BIRC5;KIF20A;KNSTRN;CCNB2;KIF14;DEPDC1;CCNB1;CDCA7L;TROAP;BUB1;ZNF469;CENPW;KIF20B;CKAP2L,anal_pc5_c21_S1.filtered.gene_spectra_score.k_3.dt_0_01.txt
3,3,MUSCLE_PERICYTES,0.9398348169742038,0.5693181818181818,0.8801909223791965,prerank,0.32447904399042765,1.0,11/74,8.36%,ITM2C;SELENBP1;TINAGL1;TNFRSF21;NDRG2;HES1;GAS6;CPM;TPM1;EPS8;FRMD3,anal_pc5_c21_S1.filtered.gene_spectra_score.k_3.dt_0_01.txt
3,3,LATE_AIRWAY_SMC,0.9372692699748851,0.5818385650224215,0.8833523324352923,prerank,0.3208840242035818,1.0,13/83,11.80%,EPCAM;AKAP1;TINAGL1;TOB1;SEMA3C;FHL2;TSPAN7;PPP1R12B;SLC16A3;CACNB2;CDKN1A;NET1;RASL11A,anal_pc5_c21_S1.filtered.gene_spectra_score.k_3.dt_0_01.txt
3,3,GRANULATING_CANCER_ASSOCIATED_FIBROBLAST,0.9372163922451432,0.5886442641946698,0.8800451343725756,prerank,0.322869322366351,1.0,6/68,7.60%,CA12;LGALS3;ATP1B1;CYSTM1;TMEM176B;CTSD,anal_pc5_c21_S1.filtered.gene_spectra_score.k_3.dt_0_01.txt
3,3,CEREBELLUM_VASCULAR_ENDOTHELIAL,0.935874039310296,0.695085255767302,0.8799773358406643,prerank,0.29267431936082294,1.0,40/366,10.24%,VSIG2;TMEM45B;CA2;SLC26A2;S100P;NRARP;SULT1B1;KLK1;ATP8B1;OCLN;OAF;KLF4;BTNL8;TINAGL1;SMAGP;MYO10;EFNA1;NOSTRIN;CDKN2B;MECOM;IFI27;ANPEP;CLIC5;SLC39A8;DEGS2;HES1;ALS2CL;HRCT1;ACE;GPRC5C;NIBAN2;ID1;EPAS1;NOS2;EPN3;ABCB1;CDA;EDN1;MYO1B;LXN,anal_pc5_c21_S1.filtered.gene_spectra_score.k_3.dt_0_01.txt
3,3,LYMPHATIC,0.9336727246005653,0.6127659574468085,0.8818975863694201,prerank,0.30315608207854716,1.0,15/142,7.82%,B3GNT7;LGALS3;LRATD1;TFF3;MGLL;OAF;PLBD1;SCNN1B;MGST1;BACE2;CST3;FHL2;RAB11FIP1;CTSD;PTPN3,anal_pc5_c21_S1.filtered.gene_spectra_score.k_3.dt_0_01.txt
3,3,HEART_VASCULAR_ENDOTHELIAL,0.925566675615687,0.6322916666666667,0.8974543939320477,prerank,0.3006870162276781,1.0,31/154,14.02%,CKB;MMP28;CA4;MALL;NPDC1;KLF4;TOB1;SH3RF1;MECOM;IFI27;METRNL;CST3;GAS6;FBLIM1;RASD1;ASS1;CTSD;CRIM1;TSPAN7;TSC22D1;MPZL2;JUN;IGFBP2;CXCL3;TENT5A;HEXB;MET;HSPA1B;MTUS1;DHRS3;DLL4,anal_pc5_c21_S1.filtered.gene_spectra_score.k_3.dt_0_01.txt
3,3,OLFACTORY_NEUROEPITHELIUM_MAST,-0.9252018122740412,0.6282051282051282,0.6572471075545147,prerank,-0.2350374011312528,1.0,20/64,23.68%,RAC2;SRGN;CD37;EMP3;CSF1;ALOX5AP;ACSL4;TNFAIP3;CKLF;CD69;CCL2;RGS1;SOCS1;ADRB2;GPR65;SAMSN1;LMO4;BIRC3;CD83;CAVIN2,anal_pc5_c21_S1.filtered.gene_spectra_score.k_3.dt_0_01.txt
3,3,TRANSITIONING,-0.9251195766349423,0.5833333333333334,0.6542390320844493,prerank,-0.30656809893635956,1.0,5/21,11.42%,DCN;LUM;GSTM3;FTL;MGP,anal_pc5_c21_S1.filtered.gene_spectra_score.k_3.dt_0_01.txt
3,3,NEUROTYPES_HNBM,0.923816855031088,0.6090225563909775,0.8981081854058125,prerank,0.30703323035085656,1.0,15/110,12.30%,CD24;PLEKHA6;SMPD3;TSPAN13;VAV3;NEDD4L;RGMB;SAMD5;PTPRO;STXBP5;RHOU;VWA5A;RAP1GAP2;RAB11FIP4;MAML3,anal_pc5_c21_S1.filtered.gene_spectra_score.k_3.dt_0_01.txt
3,3,GMP,0.9213098841649486,0.5931721194879089,0.9007051152652505,prerank,0.38771248734275343,1.0,2/21,3.76%,MGST1;MYB,anal_pc5_c21_S1.filtered.gene_spectra_score.k_3.dt_0_01.txt
3,3,EARLY_SUPRABASAL,-0.920962481796617,0.5758426966292135,0.6602860601016527,prerank,-0.3195194580986976,1.0,10/18,26.32%,KRT15;SMC4;VSNL1;PTTG1;CDK1;HMGB2;TOP2A;PRC1;CENPF;ASPM,anal_pc5_c21_S1.filtered.gene_spectra_score.k_3.dt_0_01.txt
3,3,NEUROTYPES_HNBGABA,0.916554585169629,0.7028397565922921,0.9084011188804041,prerank,0.29163536122577116,1.0,35/260,11.98%,CAMK2N1;CD24;ATP1B1;PLEKHA6;SYTL2;SMPD3;PPARGC1A;AKAP1;TLN2;PTPRK;AKAP7;VAV3;PAQR8;SEMA3C;PLXNA2;SAMD5;RETREG1;CERS6;TSPAN7;FRMD3;STXBP5;MAP1LC3A;STX3;PLCB4;AATK;RHOU;SHANK2;PRKACB;ENPP4;CASZ1;RAP1GAP2;GNPTAB;RALGPS1;KCNMA1;RAB11FIP4,anal_pc5_c21_S1.filtered.gene_spectra_score.k_3.dt_0_01.txt
3,3,NEUROTYPES_HNBML5,0.9118212191631851,0.675564681724846,0.9159697913310106,prerank,0.2944319362167687,1.0,24/174,11.98%,LRATD1;CD24;PLEKHA6;SYTL2;SMPD3;AKAP1;SLC16A9;NEDD4L;PTPRN2;PLXNA2;PAQR5;ATP8A1;PTPRO;AATK;SHANK2;RAPGEF5;PRKACB;CASZ1;CORO2A;RAP1GAP2;GNPTAB;RALGPS1;KCNMA1;RAB11FIP4,anal_pc5_c21_S1.filtered.gene_spectra_score.k_3.dt_0_01.txt
3,3,COL20A1_POS_SCHWANN,0.9067592265192864,0.6007653061224489,0.9240306992554549,prerank,0.34094742130059547,1.0,9/41,10.40%,KLF4;TMEM176B;USP53;TMEM176A;MAL2;ADAMTSL1;SMIM5;PDGFA;P3H2,anal_pc5_c21_S1.filtered.gene_spectra_score.k_3.dt_0_01.txt
3,3,IRIS_CILIARY_BODY_CRYAA_HIGH_CILIARY_BODY,0.9027730736632115,0.6042446941323346,0.9294167592467915,prerank,0.33554444440140613,1.0,10/44,16.32%,HK2;DSC2;MXD1;EFNA1;MYO1B;EPHA2;EPB41L4A;SLC16A1;NCEH1;PMEPA1,anal_pc5_c21_S1.filtered.gene_spectra_score.k_3.dt_0_01.txt
3,3,ASPN_POS_CHONDROCYTE,0.9004351975714833,0.6519274376417233,0.9311499917660827,prerank,0.30855618043888183,1.0,11/80,11.46%,PROM1;NPDC1;RFLNA;TSPAN13;MECOM;COL9A2;LMO7;CPM;MPZL2;FRZB;CAPG,anal_pc5_c21_S1.filtered.gene_spectra_score.k_3.dt_0_01.txt
3,3,NEUROTYPES_HDA1,0.9000856937855911,0.7170582226762002,0.9284033965342614,prerank,0.28870802616368324,1.0,27/229,11.98%,SLC4A4;CAMK2N1;CD24;PCDH1;ATP1B1;EPB41L4B;PLEKHA6;SMPD3;VAV3;NEDD4L;ARRB1;PID1;RETREG1;CERS6;PTPN3;STXBP5;PLCB4;SHANK2;TMCC3;RAPGEF5;ENPP4;VWA5A;CORO2A;GNPTAB;RALGPS1;KCNMA1;RAB11FIP4,anal_pc5_c21_S1.filtered.gene_spectra_score.k_3.dt_0_01.txt
3,3,KIDNEY_4_PODOCYTES,0.8999050121313612,0.648,0.9253780971706447,prerank,0.30935112294141964,1.0,16/75,10.54%,PLCE1;EFNB2;DSC2;CLIC5;PPP1R9A;TPM1;RETREG1;CRIM1;CITED2;PTPRO;PTPRD;SELENOP;VEGFA;PARD3B;HSPA5;SEPTIN11,anal_pc5_c21_S1.filtered.gene_spectra_score.k_3.dt_0_01.txt
3,3,CHOROID_SCLERA_MELANOCYTES,0.8986787061196736,0.6236044657097288,0.9247532737738331,prerank,0.39975135409051626,1.0,3/16,12.72%,ERBB3;NET1;DNAJA4,anal_pc5_c21_S1.filtered.gene_spectra_score.k_3.dt_0_01.txt
3,3,MID_AIRWAY_SMC_2,0.8968457103288713,0.6750788643533123,0.9254445836620084,prerank,0.2929299485515999,1.0,21/141,12.34%,EPCAM;PARM1;TCEA3;AKAP1;TINAGL1;TOB1;EGLN3;SEMA3C;FHL2;TSPAN7;PPP1R12B;AQP1;P3H2;SLC16A3;CDKN1A;NET1;ADGRE5;ALDH1B1;RASL11A;KCNMA1;KANK1,anal_pc5_c21_S1.filtered.gene_spectra_score.k_3.dt_0_01.txt
3,3,ARTERY,0.8965297498584595,0.6853070175438597,0.9227026666641674,prerank,0.301324621365643,1.0,18/96,12.82%,CKB;GATA6;NPDC1;EFNB2;MECOM;PCSK5;FBLIM1;EPS8;TSPAN7;RNASE1;ITGB4;VEGFA;PTPRR;ADAM15;PIK3C2B;PLLP;GLUL;SSTR1,anal_pc5_c21_S1.filtered.gene_spectra_score.k_3.dt_0_01.txt
3,3,CTX_OPC,0.8965141875462902,0.6066763425253991,0.9193672859853195,prerank,0.37484790646181254,1.0,5/22,12.46%,TSPAN13;CCND1;SEMA5A;PLLP;SPRY4,anal_pc5_c21_S1.filtered.gene_spectra_score.k_3.dt_0_01.txt
3,3,CEREBRUM_ASTROCYTES,0.8956974251109827,0.6479041916167665,0.9176656903410669,prerank,0.3203773798142202,1.0,6/57,11.50%,SLC4A4;RNF43;HKDC1;GDPD2;UBXN10;GJB2,anal_pc5_c21_S1.filtered.gene_spectra_score.k_3.dt_0_01.txt
3,3,GRIA2_POS_ARTERIAL_ENDO,0.8938216694532611,0.6367816091954023,0.9183194703117799,prerank,0.30607423675855716,1.0,20/81,16.82%,CKB;SULT1B1;GATA6;MECOM;PCSK5;ADAMTSL1;EPS8;ASS1;ITGB4;PIK3C2B;PLLP;JAG1;SSTR1;HIP1R;MET;AFAP1L2;UNC5B;SSUH2;SMAD7;NR4A1,anal_pc5_c21_S1.filtered.gene_spectra_score.k_3.dt_0_01.txt
3,3,UNKNOWN_INP,-0.8918729150530171,0.6428571428571429,0.7206292524564998,prerank,-0.2414742044281172,1.0,31/50,41.32%,SLC4A7;SERPING1;MFNG;CDKN2C;PHLDB2;TPX2;CDK1;ARHGEF26;ECT2;NDC80;PRC1;NELL2;GMIP;CENPF;NUF2;HJURP;CNR1;DLGAP5;KIF23;EOMES;FAM83D;BIRC5;CDCA2;CENPE;ARL4D;HSPA1A;SPC25;CCNB2;BUB1;C19orf12;CKAP2L,anal_pc5_c21_S1.filtered.gene_spectra_score.k_3.dt_0_01.txt
3,3,SCHWANN,-0.891108360417547,0.6317460317460317,0.7188887743757234,prerank,-0.2926311705050865,1.0,10/23,30.14%,ADAM23;ABCA8;PMP22;TSPAN11;OLFML2A;KIAA1755;EDNRB;PLAT;ASPA;SCN7A,anal_pc5_c21_S1.filtered.gene_spectra_score.k_3.dt_0_01.txt
3,3,LATE_SCHWANN,0.8896314843779349,0.6538011695906433,0.9237648995228601,prerank,0.3124418913672314,1.0,12/67,10.34%,LGALS3;TMEM176B;USP53;TMEM176A;MAL2;DOCK5;SMIM5;FRMD3;RNASE1;AATK;AQP1;RAB20,anal_pc5_c21_S1.filtered.gene_spectra_score.k_3.dt_0_01.txt
3,3,INTESTINE_ERYTHROBLASTS,0.8880599420996305,0.6402439024390244,0.9237451394482686,prerank,0.32292523705848447,1.0,8/49,16.68%,SELENBP1;TRIM10;CAT;BLVRB;NCEH1;SLC25A37;KCNN4;DMTN,anal_pc5_c21_S1.filtered.gene_spectra_score.k_3.dt_0_01.txt
3,3,ORG_UNDERGOING_NEURONAL_DIFFERENTIATION,0.8877728297229109,0.636896046852123,0.9210735414694626,prerank,0.3646124905865446,1.0,8/22,16.52%,SEMA3C;PTPRD;MLLT3;CRYM;ENC1;LNX1;IQGAP2;NDRG1,anal_pc5_c21_S1.filtered.gene_spectra_score.k_3.dt_0_01.txt
3,3,KIDNEY_VASCULAR_ENDOTHELIAL,0.8874070447390517,0.6321428571428571,0.9184891862670397,prerank,0.3133463443819984,1.0,3/58,3.48%,CEACAM1;MALL;NR5A2,anal_pc5_c21_S1.filtered.gene_spectra_score.k_3.dt_0_01.txt
3,3,CTX_BRAIN_ENDOTHELIAL,0.8866514671391207,0.7923771313941825,0.9168453339821063,prerank,0.2783277708167742,1.0,61/440,10.86%,TMEM45B;CA2;LRATD1;AK1;MGLL;MMP28;MAOA;SLC12A2;OCLN;SYTL2;PROM1;CA4;PLCE1;NPDC1;KLF4;TSPAN6;SMAGP;MYO10;PTPRK;EFNA1;NOSTRIN;MECOM;IFI27;CYB5A;TNFRSF21;ANPEP;CLIC5;SEMA6A;FLNB;SLC39A8;DEGS2;HES1;MYO6;MICALL2;PID1;ACE;PXN;INSR;GPRC5C;EPS8;NIBAN2;ITGA6;ID1;EPAS1;MAP1LC3A;TSC22D1;STX3;PLCB4;HID1;PPFIBP2;ABCB1;CDA;EDN1;MYO1B;LXN;IGFBP2;FRZB;ADAM15;SEPTIN11;RAPGEF5;SEMA5A,anal_pc5_c21_S1.filtered.gene_spectra_score.k_3.dt_0_01.txt
3,3,BRONCHIAL_VESSEL_1,0.8855786192791891,0.6674008810572687,0.9158716849187373,prerank,0.2935015623616162,1.0,15/91,11.86%,LGALS3;MGLL;TSPAN13;BACE2;INSR;EPS8;PNP;MPZL2;ABCB1;CDA;IGFBP2;THBS1;CDKN1A;NET1;NOP16,anal_pc5_c21_S1.filtered.gene_spectra_score.k_3.dt_0_01.txt
3,3,NEUROTYPES_HGABA,0.8850639643484257,0.7987987987987988,0.9136884499979078,prerank,0.2794866028685453,1.0,51/402,12.00%,LRATD1;CAMK2N1;CD24;CGN;PCDH1;ATP1B1;PLEKHA6;SYTL2;SMPD3;NPDC1;PPARGC1A;TLN2;SCIN;PTPRK;SLC16A9;VAV3;NEDD4L;AGAP1;PAQR8;SEMA3C;PPP1R9A;SAMD5;RETREG1;CERS6;NOL4L;ADAP1;CRIM1;PDE4C;TSPAN7;CITED2;FRMD3;ATP8A1;PTPRO;STXBP5;PLCB4;AATK;CXCL5;SLITRK5;SHANK2;RAPGEF5;PRKACB;MAP2K3;VWA5A;CASZ1;RAP1GAP2;KBTBD11;GNPTAB;RALGPS1;KCNMA1;RAB11FIP4;LAMC2,anal_pc5_c21_S1.filtered.gene_spectra_score.k_3.dt_0_01.txt
3,3,MUSCLE_SATELLITE,0.8813916919119714,0.651270207852194,0.9178916606946138,prerank,0.3099408572306816,1.0,15/59,15.82%,AK1;NDRG2;CST3;NTN4;RASD1;MYEOV;FOS;TSC22D1;JUN;GLUL;RHOBTB3;DUSP1;DBI;RND3;MYC,anal_pc5_c21_S1.filtered.gene_spectra_score.k_3.dt_0_01.txt
3,3,NONCLASSICAL_MONOCYTE,0.8795758171457836,0.7060702875399361,0.9183823471807157,prerank,0.2901318999740569,1.0,23/117,14.26%,CKB;SERPINA1;KLF4;CTSS;NFKBIZ;LGALS9;HES1;CST3;ZNF703;INSR;DMXL2;KLF3;FCGRT;NAAA;OAS1;SAT1;DUSP1;SECTM1;HMOX1;FTH1;PAG1;CXCL16;DUSP6,anal_pc5_c21_S1.filtered.gene_spectra_score.k_3.dt_0_01.txt
3,3,ENS_GLIA,-0.8786464953755108,0.7484662576687117,0.7421775176398765,prerank,-0.23341504892455556,1.0,35/54,49.30%,ADAM23;ABCA8;GAS7;TSPAN11;OLFML2A;ARHGEF26;PTPRZ1;COL5A3;SLC15A3;AP1S2;CRYAB;TFAP2A;MOXD1;EDNRB;AIF1L;ASPA;GFRA1;TMEM71;PRIMA1;EGFLAM;MVB12B;VGLL3;ATP1A2;LGI4;B3GALT2;ADGRB1;HEYL;SLC35F1;CDH19;NRXN1;INSC;S100B;WDR86;COL28A1;SOX10,anal_pc5_c21_S1.filtered.gene_spectra_score.k_3.dt_0_01.txt
3,3,VASCULAR_SMC_2,0.8762901669160332,0.7073170731707317,0.9218596198244593,prerank,0.2869470429168095,1.0,26/120,14.94%,PARM1;PLCE1;TINAGL1;EFNB2;PDE3A;NTN4;GPRC5C;RASD1;CNNM2;EPAS1;PDGFA;PPFIBP2;IGFBP2;FRZB;RAPGEF5;NET1;ADGRE5;RASL11A;TMEM51;JAG1;LGALSL;PLEKHG3;INPP4B;BTC;AFAP1L2;PDLIM5,anal_pc5_c21_S1.filtered.gene_spectra_score.k_3.dt_0_01.txt
3,3,MYL4_POS_SMC,0.8694988401060134,0.6831228473019518,0.9320544836865075,prerank,0.29294242023658623,1.0,12/80,11.78%,KRT8;CD24;AKAP1;SEMA3C;FHL2;HMGA2;FHDC1;IGFBP2;GNPTAB;NET1;ATP2A3;ALDH1B1,anal_pc5_c21_S1.filtered.gene_spectra_score.k_3.dt_0_01.txt
3,3,MAJOR_TYPES_OPC,0.8683246864121281,0.6735187424425635,0.9311273196105702,prerank,0.32023797757933137,1.0,10/48,14.26%,ITM2C;CST3;TSPAN7;SEMA5A;PLLP;KANK1;SPRY4;PLEKHB1;DBI;DUSP6,anal_pc5_c21_S1.filtered.gene_spectra_score.k_3.dt_0_01.txt
3,3,HEART_SATB2_LRRC7_POSITIVE,0.866313241293718,0.6223479490806223,0.93181940609888,prerank,0.35157532497674726,1.0,3/24,11.82%,RAPGEFL1;PTPRD;KAZN,anal_pc5_c21_S1.filtered.gene_spectra_score.k_3.dt_0_01.txt
3,3,ADRENAL_SYMPATHOBLASTS,0.8662543802086765,0.6630434782608695,0.9287150746722094,prerank,0.3429812820922891,1.0,26/29,46.54%,CNTN3;RASD2;KSR2;KLK4;CCSER1;C2CD4A;ANKRD18A;LRRC10B;PACRG;CACNA1E;SLC38A11;ARC;PNMT;GCGR;POU2F3;SLC6A17;CFAP46;KISS1R;PENK;HS3ST2;KY;NPAS4;GLB1L3;COLGALT2;IL13RA2;PCSK2,anal_pc5_c21_S1.filtered.gene_spectra_score.k_3.dt_0_01.txt
3,3,NEUROTYPES_HRGL2C,0.8639838898459097,0.7505219206680585,0.9301270670284834,prerank,0.2803143886635427,1.0,20/159,12.54%,CA12;SLC4A4;ATP1B1;ERBB3;MGST1;C1orf21;EGLN3;NDRG2;HES1;CST3;DPF3;SPRY2;WSCD1;GDPD2;IGFBP2;LRATD2;PLLP;KANK1;SPRY4;ATP13A4,anal_pc5_c21_S1.filtered.gene_spectra_score.k_3.dt_0_01.txt
3,3,MESENCHYMAL_2,0.8583693049440003,0.7502601456815817,0.9378189197027722,prerank,0.2735682723231904,1.0,16/159,8.24%,CD24;SERINC2;PROM1;OAF;EFNB2;TNFRSF21;TMEM176B;ANPEP;PDE3A;FLNB;TMEM176A;MOB3B;FHL2;EPS8;HMGA2;SLC2A13,anal_pc5_c21_S1.filtered.gene_spectra_score.k_3.dt_0_01.txt
3,3,PLACENTA_STROMAL,0.8545356905557113,0.6595744680851063,0.9419284104220349,prerank,0.34937369783062494,1.0,1/25,0.22%,SELENBP1,anal_pc5_c21_S1.filtered.gene_spectra_score.k_3.dt_0_01.txt
3,3,IRIS_CILIARY_BODY_SMOOTH_MUSCLE,0.8507372435644442,0.7037914691943128,0.9456204600868209,prerank,0.2953129876595991,1.0,12/60,14.94%,TMC5;PKDCC;PDE3A;GBA2;PACSIN2;SORT1;RASD2;ATP2A3;DNAJA4;USP2;PIM3;PDLIM5,anal_pc5_c21_S1.filtered.gene_spectra_score.k_3.dt_0_01.txt
3,3,SOX5_BCL11B_POS_EXCITATORY_NEURON,0.8489636608905842,0.6375404530744336,0.9455650756445307,prerank,0.37276822891589656,1.0,2/16,6.08%,MGLL;LMO7,anal_pc5_c21_S1.filtered.gene_spectra_score.k_3.dt_0_01.txt
3,3,OLFACTORY_NEUROEPITHELIUM_IMMATURE_NEURONS,0.8455203899885881,0.7033492822966507,0.9486098545049975,prerank,0.3006786881460779,1.0,5/59,7.30%,EPCAM;CKB;RGMB;MARCKSL1;RETREG1,anal_pc5_c21_S1.filtered.gene_spectra_score.k_3.dt_0_01.txt
3,3,PROXIMAL_TUBULE_EPITHELIAL_CELLS_S2,0.8450378053970306,0.7347629796839729,0.946355044964221,prerank,0.2886198446043786,1.0,19/83,13.84%,PTPRK;AGAP1;PPP1R9A;NTN4;ARHGAP26;TPM1;RETREG1;EPS8;CRIM1;WWC1;PATJ;PTPRD;PARD3B;P3H2;SEMA5A;KANK1;MACC1;EPB41L4A;PTPRG,anal_pc5_c21_S1.filtered.gene_spectra_score.k_3.dt_0_01.txt
3,3,VASCULAR_ENDOTHELIAL,0.8446306859855068,0.7796086508753862,0.9438764391272967,prerank,0.2690273921060143,1.0,17/171,10.76%,VSIG2;CRACR2B;MALL;BTNL8;TINAGL1;NOSTRIN;IFI27;BMP2;PTPRN2;NTN4;LHFPL2;EPAS1;TSPAN7;ABCB1;EDN1;LXN;RAPGEF5,anal_pc5_c21_S1.filtered.gene_spectra_score.k_3.dt_0_01.txt
3,3,PLACENTA_SMOOTH_MUSCLE,0.8426819630880871,0.7010804321728692,0.9441074927619195,prerank,0.307941780484394,1.0,5/51,9.66%,PLA2G2A;ARHGAP44;CCDC68;PAQR5;LIPG,anal_pc5_c21_S1.filtered.gene_spectra_score.k_3.dt_0_01.txt
3,3,NEUROTYPES_HRGL1,0.8394117109878789,0.7631027253668763,0.9466492007121816,prerank,0.2708294216194754,1.0,25/152,12.48%,TFF3;HK2;MGST1;SLC16A9;PDE3A;HES1;IL18;GPRC5C;DTX4;WSCD1;FRMD3;PTPRO;SPAG1;GDPD2;WLS;LIPG;NUAK2;PARD3B;IGFBP2;FRZB;CEMIP2;ECHDC2;LRATD2;BLVRB;ID3,anal_pc5_c21_S1.filtered.gene_spectra_score.k_3.dt_0_01.txt
3,3,PROGENITOR_LIKE,0.8382016552476429,0.7767393561786086,0.9456501882459849,prerank,0.26916376460397623,1.0,20/149,9.70%,ITM2C;AK1;S100P;MGLL;NT5E;SLC39A14;WFDC2;EFNA1;BMP2;COL9A2;SDC4;TPM1;RASD1;BCAR1;ID1;SLPI;TSC22D1;AQP1;P4HA2;FMOD,anal_pc5_c21_S1.filtered.gene_spectra_score.k_3.dt_0_01.txt
3,3,MUSCLE_SMOOTH_MUSCLE,0.837728649258221,0.7956431535269709,0.9433598710631335,prerank,0.2718442876332108,1.0,21/163,10.48%,ITM2C;AK1;CKB;TINAGL1;CYSTM1;NUPR1;CCND1;HES1;CPM;NTN4;GPRC5C;TPM1;EPS8;CRIM1;PPP1R12B;FOS;TSC22D1;PHLDA2;JUN;FRZB;MICOS10,anal_pc5_c21_S1.filtered.gene_spectra_score.k_3.dt_0_01.txt
3,3,ARTERIAL_ENDOTHELIAL,0.8351394820285496,0.7906735751295336,0.9448250754620077,prerank,0.2680430431053502,1.0,25/170,12.92%,CKB;SULT1B1;GATA6;SLC12A2;ST3GAL4;ERBB2;QSOX1;TOB1;MECOM;USP53;RGMB;PCSK5;EPS8;RASD1;ASS1;ID2;PLCB4;ITGB4;PIK3C2B;ATP2A3;GNA14;PLLP;JAG1;SSTR1;HIP1R,anal_pc5_c21_S1.filtered.gene_spectra_score.k_3.dt_0_01.txt
3,3,CEREBRUM_VASCULAR_ENDOTHELIAL,0.8337373082503632,0.8618951612903226,0.9441051104913442,prerank,0.26271028987135353,1.0,35/327,9.88%,TMEM45B;S100P;NRARP;PCDH1;SULT1B1;ATP8B1;OCLN;KLF4;BTNL8;TINAGL1;STAP2;SMAGP;MYO10;EFNA1;NOSTRIN;CDKN2B;MECOM;IFI27;TMEM176B;ANPEP;CLIC5;SLC39A8;DEGS2;ZNF703;HRCT1;ACE;GPRC5C;NIBAN2;ID1;EPAS1;PHLDA2;MPZL2;ABCB1;CDA;EDN1,anal_pc5_c21_S1.filtered.gene_spectra_score.k_3.dt_0_01.txt
3,3,MUSCLE_SCHWANN,0.8323609890180615,0.698136645962733,0.9432671271506385,prerank,0.30476819919298115,1.0,2/49,2.32%,ATP10B;CDH1,anal_pc5_c21_S1.filtered.gene_spectra_score.k_3.dt_0_01.txt
3,3,SPP1_POS_MACROPHAGE,-0.8295036580939442,0.7802690582959642,0.8327294227639044,prerank,-0.23521960550114654,1.0,19/42,27.22%,A2M;ABCC5;CD28;PLTP;ABCA1;NRP1;NRP2;IGF1;HOMER3;CCL2;TNFRSF25;COLEC12;EGFL7;C1QB;CD163L1;LILRB5;FAM20A;SIGLEC1;RAB3IL1,anal_pc5_c21_S1.filtered.gene_spectra_score.k_3.dt_0_01.txt
3,3,SLC26A4_PAEP_POSITIVE,0.8283282332896272,0.690856313497823,0.9470259068554329,prerank,0.33380594785065365,1.0,4/25,15.02%,PNPLA2;PPP1R9A;CACNB2;CACNA1D,anal_pc5_c21_S1.filtered.gene_spectra_score.k_3.dt_0_01.txt
3,3,VASCULAR_SMC_1,0.8259555428409597,0.7458563535911602,0.9478790716557753,prerank,0.27578724668210924,1.0,18/95,14.16%,MGLL;SYTL2;PLCE1;TINAGL1;MCTP2;PDE3A;GAS6;NTN4;CNNM2;EPAS1;PDGFA;FRZB;SEMA5A;RASL11A;JAG1;PLEKHG3;MLLT3;INPP4B,anal_pc5_c21_S1.filtered.gene_spectra_score.k_3.dt_0_01.txt
3,3,SKELETAL_MUSCLE,0.8234268321991053,0.7864293659621802,0.9491413757417241,prerank,0.2829759524458511,1.0,6/88,11.12%,PADI2;AK1;ITGB6;TPM1;MB;VWA5A,anal_pc5_c21_S1.filtered.gene_spectra_score.k_3.dt_0_01.txt
3,3,VENOUS_ENDOTHELIAL,-0.823416868230931,0.8345323741007195,0.8394998378754442,prerank,-0.20436544956092145,1.0,20/69,20.24%,COL3A1;SRGN;FBN1;PTGDS;CCDC69;ALCAM;FBLN2;ACKR3;CDH11;VCAM1;ENTPD1;MGP;SULT1E1;IL1R1;PALLD;LYST;SEMA3F;RBP5;NUAK1;S1PR4,anal_pc5_c21_S1.filtered.gene_spectra_score.k_3.dt_0_01.txt
3,3,PTGDS_POS_OPC,0.819987972422766,0.7386759581881533,0.9519657162618907,prerank,0.2854859922115282,1.0,14/63,14.54%,ERBB3;TNFRSF21;RGMB;MYRF;MOB3B;CPM;NOL4L;PTPRO;HID1;KANK1;HMGCS1;APPL2;PLEKHB1;TNS3,anal_pc5_c21_S1.filtered.gene_spectra_score.k_3.dt_0_01.txt
3,3,NEUROTYPES_HPROGM,0.8195075192970674,0.7940865892291447,0.9496809816231591,prerank,0.2666379648891555,1.0,18/137,10.90%,TFF3;PROM1;HK2;DSC2;SH3RF1;CCND1;PDE3A;SLC39A8;HES1;SDC4;ITGA6;HMGA2;FRMD3;PTPRO;GDPD2;LIPG;IGFBP2;CEMIP2,anal_pc5_c21_S1.filtered.gene_spectra_score.k_3.dt_0_01.txt
3,3,GANGLION,-0.8181013124661518,0.7153846153846154,0.8442433662242906,prerank,-0.3087630759956892,1.0,12/15,58.96%,RBPMS;SUSD4;IRX4;EOMES;NRN1;RAB37;SYNGR3;C4orf50;CHRNA6;TMEM74;IL12A;CPNE9,anal_pc5_c21_S1.filtered.gene_spectra_score.k_3.dt_0_01.txt
3,3,OLR1_CLASSICAL_MONOCYTE,0.8032649547069193,0.9077231695085256,0.9726700705141021,prerank,0.25209087764288374,1.0,69/338,16.32%,C15orf48;ACSL5;RBM47;GPR35;SERPINA1;CTSS;SERPINB1;MXD1;CYSTM1;LRG1;IL1R2;ANPEP;METRNL;SLC39A8;FMN1;MARCKSL1;PID1;PXN;NIBAN2;LHFPL2;SMPDL3A;EPAS1;DMXL2;FCGRT;FOS;PHLDA2;PNP;VEGFA;KDM7A;IER3;RAB20;HSPA5;ANTXR2;IVNS1ABP;SLC16A3;CCL20;MAP2K3;ADAM9;THBS1;CDKN1A;CXCL3;SAT1;CCRL2;KANK1;IL1RN;CD55;EMP1;DUSP1;HMOX1;FTH1;KCTD12;CXCL16;DUSP6;XBP1;TNS3;PIM3;SNX9;TRIM25;RNF19B;SLC25A37;SOD2;KCNN4;PPP1R3B;EPB41L3;SLCO4A1;TCN2;HBEGF;GLIPR2;PMEPA1,anal_pc5_c21_S1.filtered.gene_spectra_score.k_3.dt_0_01.txt
3,3,OLFACTORY_NEUROEPITHELIUM_OLFACTORY_ENSHEATHING_GLIA,0.8030680572818699,0.7820965842167256,0.9698113308844043,prerank,0.27913727794593335,1.0,10/70,10.38%,ERBB3;OAF;TMEM176B;NDRG2;TMEM176A;CST3;SELENOP;RNASE1;AATK;FRZB,anal_pc5_c21_S1.filtered.gene_spectra_score.k_3.dt_0_01.txt
3,3,IRIS_CILIARY_BODY_CILIARY_BODY,0.7985753425057854,0.7704517704517705,0.9738069525631446,prerank,0.2871089948423146,1.0,11/52,15.44%,PLCD3;SLC12A2;EGLN3;CITED2;WLS;P4HA2;IER3;EPB41L4A;MAGI1;TNFRSF12A;RND3,anal_pc5_c21_S1.filtered.gene_spectra_score.k_3.dt_0_01.txt
3,3,CL7_ANGEIOGENIC_ENDOTHELIAL,0.797079469814455,0.832271762208068,0.9730059290648716,prerank,0.2615712964948915,1.0,28/122,15.00%,HSD17B11;NPDC1;KLF4;EFNA1;NOSTRIN;IFI27;HES1;ID1;ID2;EPAS1;TSPAN7;FCGRT;FOS;TSC22D1;RNASE1;AQP1;JUN;CDKN1A;SAT1;ID3;EMP1;DUSP1;HSPA1B;MTUS1;KCTD12;DUSP6;PIM3;IGFBP4,anal_pc5_c21_S1.filtered.gene_spectra_score.k_3.dt_0_01.txt
3,3,GRANULOCYTE_MACROPHAGE_PROGENITOR,0.7930259891646878,0.7327823691460055,0.9759453888210042,prerank,0.31811160323658044,1.0,1/25,0.14%,ITM2C,anal_pc5_c21_S1.filtered.gene_spectra_score.k_3.dt_0_01.txt
3,3,NEUROTYPES_HRGL3,0.7925262005698811,0.8861788617886179,0.9736049213807645,prerank,0.2505972697921766,1.0,38/252,14.14%,ITM2C;SLC4A4;TFF3;MAOA;PROM1;TMC5;HK2;SPON1;MGST1;DSC2;EGLN3;PDE3A;HES1;GPRC5C;DTX4;TMEM63A;CRIM1;ITGA6;WWC1;SPAG1;FOS;GDPD2;WLS;LIPG;PARD3B;JUN;IGFBP2;ADAM9;ECHDC2;UBL3;KCNMA1;ID3;GALC;APPL2;TCIM;DHRS3;SMAD9;KCTD12,anal_pc5_c21_S1.filtered.gene_spectra_score.k_3.dt_0_01.txt
3,3,NEUROENDOCRINE,0.792309900642733,0.8058361391694725,0.9708346342696204,prerank,0.2687439757222759,1.0,9/79,11.10%,TFF3;NPDC1;TMEM176B;TMEM176A;PKIB;RASD1;MB;PCSK1;KLK12,anal_pc5_c21_S1.filtered.gene_spectra_score.k_3.dt_0_01.txt
3,3,PERICYTE,0.7921329665014264,0.9039433771486349,0.9680240635825255,prerank,0.25097986076193163,1.0,51/271,15.00%,ITM2C;MGLL;PCDH1;SLC12A2;SYTL2;PLCE1;TINAGL1;MYO10;CYSTM1;NOSTRIN;IFI27;NUPR1;TNFRSF21;MCTP2;NBL1;NDRG2;PDE3A;HES1;GAS6;CCDC68;CPM;ARHGAP26;TPM1;EPS8;SORT1;RASD1;CRIM1;EPAS1;SELENOP;WLS;PPFIBP2;MYO1B;IGFBP2;FRZB;RAPGEF5;SEMA5A;SLC40A1;RASL11A;DOCK6;SPRY4;JAG1;SH3KBP1;PLEKHG3;MTUS1;MLLT3;PAG1;INPP4B;SOD3;AFAP1L2;PDLIM5;IGFBP4,anal_pc5_c21_S1.filtered.gene_spectra_score.k_3.dt_0_01.txt
3,3,CHON2,0.7911554805354979,0.7411598302687411,0.9665795203361687,prerank,0.32861570303662724,1.0,3/23,6.60%,CCND1;LCN2;GDF15,anal_pc5_c21_S1.filtered.gene_spectra_score.k_3.dt_0_01.txt
3,3,ENDOTHELIAL_CELLS_UNASSIGNED,-0.7902868334938205,0.7222222222222222,0.8842394975015146,prerank,-0.2833687888098965,1.0,5/19,12.46%,TCF4;TSHZ2;TFPI;UTRN;FCHSD2,anal_pc5_c21_S1.filtered.gene_spectra_score.k_3.dt_0_01.txt
3,3,CLASSICAL_MONOCYTE,0.7872878311477064,0.8366285119667014,0.9691926400071296,prerank,0.25656325507010497,1.0,16/152,9.64%,RBM47;SERPINA1;PLBD1;KLF4;HK2;LGALS2;CTSS;MGST1;LGALS9;FGD4;CST3;INSR;DMXL2;FCGRT;FOS;KCNE3,anal_pc5_c21_S1.filtered.gene_spectra_score.k_3.dt_0_01.txt
3,3,NEUTROPHIL,0.7863443294394755,0.876278118609407,0.967524786806161,prerank,0.25216702893052195,1.0,24/201,11.74%,PADI2;S100P;RBM47;CA4;HK2;CTSS;MXD1;PFKFB2;LRG1;IL1R2;ANPEP;FGD4;DAPK2;ANXA3;CTSD;RAB27A;FOS;STX3;CDA;TMCC3;SLC16A3;THBS1;ARHGEF40;SAT1,anal_pc5_c21_S1.filtered.gene_spectra_score.k_3.dt_0_01.txt
3,3,KIDNEY_1_EMBRYONIC_RED_BLOOD,0.7862940042397392,0.7589285714285714,0.9645770413545103,prerank,0.34692634062519556,1.0,5/17,13.64%,MARCKSL1;FOS;JUN;ID3;FTH1,anal_pc5_c21_S1.filtered.gene_spectra_score.k_3.dt_0_01.txt
3,3,UNKNOWN_NEUROD2_POS_INTERNEURON,0.7792979570324937,0.7701298701298701,0.9713058383938512,prerank,0.2892507313828938,1.0,8/39,16.48%,PTPRK;SEMA3C;DTX4;CNTN3;KBTBD11;CRYM;MVD;DUSP23,anal_pc5_c21_S1.filtered.gene_spectra_score.k_3.dt_0_01.txt
3,3,LSECS,0.7779611756745257,0.9186746987951807,0.9701815699280453,prerank,0.24446255260700045,1.0,57/307,15.78%,LRATD1;GPRC5A;NPDC1;KLF4;TINAGL1;EFNB2;NR5A2;PLAC8;MYO10;NOSTRIN;IFI27;ANPEP;SEMA6A;FLNB;EFNB1;HES1;MYO6;MARCKSL1;PLXNA2;NTN4;PXN;INSR;ARHGAP26;CTSD;CRIM1;ID1;EPAS1;TSPAN7;FCGRT;RNASE1;PVR;PNP;EDN1;IVNS1ABP;TMCC3;RAPGEF5;CEMIP2;ADAM9;CDKN1A;TMEM51;SPRY4;ID3;TCIM;EMP1;TMEM37;PEAK1;CXCL16;DUSP6;PIM3;SNX9;IGFBP4;TMEM44;SLC25A37;MCF2L;PRSS23;SLCO4A1;TCN2,anal_pc5_c21_S1.filtered.gene_spectra_score.k_3.dt_0_01.txt
3,3,PUTATIVE_EARLY_ERYTHROID_COMMITMENT,0.7771380334803911,0.7997572815533981,0.968327931428413,prerank,0.27987573949481176,1.0,8/50,11.48%,SERPINB1;MYB;NFKBIZ;SLC39A8;CCND2;JUN;PRKACB;SLC40A1,anal_pc5_c21_S1.filtered.gene_spectra_score.k_3.dt_0_01.txt
3,3,KIDNEY_MESANGIAL,-0.7750175739570546,0.7714285714285715,0.9018298038450279,prerank,-0.26057492194023546,1.0,9/21,31.48%,APCDD1;TNC;LAMA2;PALLD;SYNPO2;NKD2;LAMC3;COL8A1;NKD1,anal_pc5_c21_S1.filtered.gene_spectra_score.k_3.dt_0_01.txt
3,3,FIBROMYOCYTE,0.773217692772219,0.7877906976744186,0.9705993855283427,prerank,0.3333405529496106,1.0,5/19,17.04%,CKB;AQP1;KCNMA1;SCX;PRUNE2,anal_pc5_c21_S1.filtered.gene_spectra_score.k_3.dt_0_01.txt
3,3,LUNG_NEUROENDOCRINE,0.7687579121994182,0.7813333333333333,0.9739478906940917,prerank,0.3066252582102256,1.0,5/30,14.88%,RASD1;GPX2;PCSK1;KLK12;KSR2,anal_pc5_c21_S1.filtered.gene_spectra_score.k_3.dt_0_01.txt
3,3,RETINA_RGC,-0.7657304034867477,1.0,0.9096610846333864,prerank,-0.17090899099182538,1.0,50/141,30.78%,DPYSL3;CXCR4;ENO2;AKR1C2;FYN;DPYSL2;ALCAM;UCHL1;MAPK10;FXYD6;RBPMS;TUBB2B;NAV1;DBN1;STMN3;MAP1B;BASP1;NRCAM;PDK1;ACSL4;GSTA4;JAKMIP2;SNCA;CEP170;GNG2;EBF1;SEC11C;CADM1;ZC2HC1A;NSG1;NDRG4;CRIP2;FHL1;GNAO1;VAT1;CRABP2;PNMA1;NELL2;HEY1;CRMP1;CNRIP1;SBK1;OLFM1;TPPP3;LRRN3;ANK2;NCAM1;CNR1;PKIA;PFKFB3,anal_pc5_c21_S1.filtered.gene_spectra_score.k_3.dt_0_01.txt
3,3,NEUROTYPES_HRN,0.7650637525425019,0.8562434417628542,0.976002615031737,prerank,0.25062094736005824,1.0,14/120,12.66%,CD24;PLEKHA6;SMPD3;C1orf21;NEDD4L;SEMA3C;ARRB1;SAMD5;CERS6;PTPRO;SHANK2;RAPGEF5;EPB41L1;PRSS12,anal_pc5_c21_S1.filtered.gene_spectra_score.k_3.dt_0_01.txt
3,3,ENDOCARDIAL,0.763422400213185,0.7788944723618091,0.9753251445800137,prerank,0.2760515967841289,1.0,5/45,9.70%,NPDC1;NT5E;NBL1;HRCT1;FMOD,anal_pc5_c21_S1.filtered.gene_spectra_score.k_3.dt_0_01.txt
3,3,MUSCLE_ENDOTHELIAL,0.7625008713201923,0.843644544431946,0.9737131112728351,prerank,0.2581391765594601,1.0,10/80,9.56%,LGALS3;MGLL;CA4;IFI27;ANXA3;ITGA6;ID1;EPAS1;RNASE1;AQP1,anal_pc5_c21_S1.filtered.gene_spectra_score.k_3.dt_0_01.txt
3,3,RESTING_CHONDROCYTE,0.761777307019214,0.8168701442841287,0.9717205183793631,prerank,0.2583815946094497,1.0,11/83,10.78%,RFLNA;WFDC2;SNORC;FLNB;COL9A2;CHAD;CPM;MPZL2;FMOD;FRZB;PRKCD,anal_pc5_c21_S1.filtered.gene_spectra_score.k_3.dt_0_01.txt
3,3,SPLEEN_MYELOID,0.7591568792440374,0.8547486033519553,0.9721918547532574,prerank,0.2540762927598738,1.0,10/94,12.84%,AGR2;PPARG;IL1R2;FMN1;PID1;DMXL2;RAB20;KCNMA1;IL1RN;TGFA,anal_pc5_c21_S1.filtered.gene_spectra_score.k_3.dt_0_01.txt
3,3,BIPOLAR,0.7590099858840897,0.7847328244274809,0.9694685419008262,prerank,0.3351167707964304,1.0,1/16,5.74%,AGAP1,anal_pc5_c21_S1.filtered.gene_spectra_score.k_3.dt_0_01.txt
3,3,TM4SF4_POS_PENK_POS_NEURON,-0.7565625894507274,0.9017341040462428,0.9165755977505758,prerank,-0.20406123105700236,1.0,9/50,13.36%,ARL4C;CARMIL2;AKR1C2;RFTN1;GLCCI1;POU2F2;ELMO1;SH2D3C;TSHZ3,anal_pc5_c21_S1.filtered.gene_spectra_score.k_3.dt_0_01.txt
3,3,IRIS_CILIARY_BODY_FIBROBLASTS,0.7559887056824575,0.8284671532846716,0.9703833373008514,prerank,0.26872003633663377,1.0,16/58,15.38%,C1orf21;SLC39A14;OTULINL;FOS;SELENOP;VEGFA;JUN;CEMIP2;ECHDC2;ID3;RHOBTB3;FBXO32;IGFBP4;SLC25A37;SOD2;MT1A,anal_pc5_c21_S1.filtered.gene_spectra_score.k_3.dt_0_01.txt
3,3,EARLY_FIBROBLAST,0.7550788259244303,0.8118556701030928,0.9686567364413328,prerank,0.2817773393228469,1.0,2/42,1.22%,KRT8;SERINC2,anal_pc5_c21_S1.filtered.gene_spectra_score.k_3.dt_0_01.txt
3,3,ADRENAL_CHROMAFFIN,-0.7542240070015417,0.8654545454545455,0.915048817379632,prerank,-0.23675658633005123,1.0,4/27,12.66%,TUBB2B;GREM1;MAP1B;BASP1,anal_pc5_c21_S1.filtered.gene_spectra_score.k_3.dt_0_01.txt
3,3,INTESTINE_LYMPHATIC_ENDOTHELIAL,0.7541548159370715,0.7669064748201438,0.9670387205645323,prerank,0.3189814115204018,1.0,2/19,9.34%,CRACR2B;RALGAPA2,anal_pc5_c21_S1.filtered.gene_spectra_score.k_3.dt_0_01.txt
3,3,ADRENOCORTICAL,0.7477224368734429,0.8097982708933718,0.972101921572519,prerank,0.31805192105511043,1.0,6/22,16.76%,SLC16A9;HMGCR;GALC;LDLR;AQP11;SCARB1,anal_pc5_c21_S1.filtered.gene_spectra_score.k_3.dt_0_01.txt
3,3,SST_POS_NEURON,0.747624492984951,0.8905109489051095,0.9693344647120951,prerank,0.2428790986126106,1.0,20/151,12.50%,SMPD3;AKAP1;PRSS3;NT5E;CAMSAP3;EGLN3;ICA1;TSPAN7;HOXB5;ACHE;HID1;ABCB1;PTPRR;FAM174B;SHANK2;SLC16A3;VWA5A;RAB15;KCNMA1;EPB41L1,anal_pc5_c21_S1.filtered.gene_spectra_score.k_3.dt_0_01.txt
3,3,ERYTHROBLASTS,0.7467183276711141,0.881767955801105,0.9676941238750585,prerank,0.25097023680534103,1.0,10/97,12.72%,SELENBP1;GALNT5;MBOAT2;FHDC1;ACHE;TRIM10;CAT;MAP2K3;BLVRB;DNAJA4,anal_pc5_c21_S1.filtered.gene_spectra_score.k_3.dt_0_01.txt
3,3,RETINA_AMACRINE,0.7434859619191526,0.8150134048257373,0.9689261493162111,prerank,0.2914450259396905,1.0,2/29,6.48%,CD24;MARCKSL1,anal_pc5_c21_S1.filtered.gene_spectra_score.k_3.dt_0_01.txt
3,3,HEART_CARDIAC_FIBROBLASTS,0.740770062549803,0.8390129259694477,0.969348036160907,prerank,0.265245207602922,1.0,7/56,10.38%,SH3RF2;CCND1;FHL2;TPM1;MB;IGFBP2;FRZB,anal_pc5_c21_S1.filtered.gene_spectra_score.k_3.dt_0_01.txt
3,3,ASTROCYTES,-0.7400458743158438,0.8576923076923076,0.9266634950066686,prerank,-0.22727956920237785,1.0,5/29,11.44%,PTN;PAX5;TNC;FZD10;ST8SIA1,anal_pc5_c21_S1.filtered.gene_spectra_score.k_3.dt_0_01.txt
3,3,SPLEEN_MEGAKARYOCYTES,0.739650700881473,0.8343337334933973,0.967822920071375,prerank,0.2691067115610517,1.0,12/53,18.48%,LIPH;PLCB4;ASAP2;THBS1;ELOVL7;LGALSL;PDE5A;MCF2L;KIAA0513;KBTBD12;MPP7;RAB27B,anal_pc5_c21_S1.filtered.gene_spectra_score.k_3.dt_0_01.txt
3,3,ORG_PROLIFERATING,-0.7395348462253776,0.8608695652173913,0.9229346258525531,prerank,-0.21611052741761688,1.0,21/38,40.54%,EMP3;NUSAP1;SFRP2;PTTG1;TPX2;TACC3;PRC1;CENPF;ASPM;KIF18A;CKAP2;BIRC5;KIF20A;CENPE;KNSTRN;CCNB2;CCNB1;TROAP;BUB1;MT2A;CDCA3,anal_pc5_c21_S1.filtered.gene_spectra_score.k_3.dt_0_01.txt
3,3,RETINA_RPC,0.7381249690329086,0.8375149342891278,0.9667903434121804,prerank,0.2666908438211116,1.0,6/53,8.00%,CKB;LGR4;CCND1;HES1;ID1;ID2,anal_pc5_c21_S1.filtered.gene_spectra_score.k_3.dt_0_01.txt
3,3,MID_SCHWANN,0.7328425582934608,0.9185567010309278,0.9702340984928471,prerank,0.23519117574410928,1.0,31/178,14.68%,LGALS3;TSPAN15;CDH1;TINAGL1;ERBB2;TMEM176B;BACE2;TMEM176A;ANXA3;MICALL2;SMIM5;FCGRT;ITGB4;AATK;AQP1;P4HA2;RAB20;SLITRK5;PRKCD;ADAM9;THBS1;PLLP;L1TD1;TENT5A;JAG1;TCIM;PLEKHG3;DHRS3;CXCL16;TNS3;TNFRSF12A,anal_pc5_c21_S1.filtered.gene_spectra_score.k_3.dt_0_01.txt
3,3,MID_AIRWAY_SMC_1,0.7314993364812492,0.8430884184308842,0.9689835012808655,prerank,0.2668303140688346,1.0,4/49,6.68%,EPCAM;SEMA3C;PCSK5;FHL2,anal_pc5_c21_S1.filtered.gene_spectra_score.k_3.dt_0_01.txt
3,3,EREG_DENDRITIC,0.7296309301153847,0.963855421686747,0.9683214168708775,prerank,0.22964079711381738,1.0,64/306,16.20%,C15orf48;RBM47;KLF4;QSOX1;MXD1;IL1R2;ANPEP;CDCP1;USP53;METRNL;FGD4;CST3;SDC4;MARCKSL1;MOB3B;PID1;PKIB;NIBAN2;LHFPL2;EPAS1;FCGRT;FOS;PHLDA2;RNASE1;PNP;VEGFA;IER3;RHOU;RAB20;IVNS1ABP;SLC16A3;CCL20;MAP2K3;ADAM9;THBS1;CDKN1A;CXCL3;GPAT3;SAT1;CCRL2;ID3;GLUL;IL1RN;EMP1;DUSP1;HMOX1;FTH1;AREG;DBI;KCTD12;CXCL16;DUSP6;TUBA1C;PIM3;TNFRSF12A;RNF19B;SLC25A37;SOD2;MT1A;KCNN4;EPB41L3;TCN2;HBEGF;GLIPR2,anal_pc5_c21_S1.filtered.gene_spectra_score.k_3.dt_0_01.txt
3,3,PLATELET,0.728063560884116,0.902465166130761,0.9672019999445589,prerank,0.23729930590053724,1.0,20/130,14.78%,CA2;PDZK1IP1;EGLN3;MCTP2;SLC39A8;ANXA3;GDF15;WASL;TSC22D1;PDGFA;LXN;THBS1;CXCL3;NET1;ELOVL7;LGALSL;SUSD1;CRYM;PDE5A;SLC16A1,anal_pc5_c21_S1.filtered.gene_spectra_score.k_3.dt_0_01.txt
3,3,ADC_2,0.7265488914761249,0.8651817116060961,0.9660890164488511,prerank,0.2516348770694262,1.0,3/65,3.98%,C15orf48;PARM1;PTPRK,anal_pc5_c21_S1.filtered.gene_spectra_score.k_3.dt_0_01.txt
3,3,HEMATOPOIETIC_STEM,-0.725394141382374,0.8611898016997167,0.9326494005152383,prerank,-0.25270228667393896,1.0,10/18,51.16%,IRAK3;CD244;CHRDL1;SPINK2;IL12RB2;PRAM1;BAALC;S100Z;KIT;HSF5,anal_pc5_c21_S1.filtered.gene_spectra_score.k_3.dt_0_01.txt
3,3,NEUROTYPES_HSERT,0.7198205763954975,0.9198355601233299,0.9704234877360606,prerank,0.23279377650746977,1.0,21/175,13.42%,LRATD1;MAOA;SYTL2;SMPD3;AKAP7;ICA1;PAQR8;SEMA3C;ARRB1;RETREG1;TSPAN7;MAP1LC3A;AATK;PTPRR;PRKACB;RAB15;CASZ1;ACOT7;EPB41L1;DNAJC12;SH3KBP1,anal_pc5_c21_S1.filtered.gene_spectra_score.k_3.dt_0_01.txt
3,3,IRIS_CILIARY_BODY_SCHWANN,0.7171262149367149,0.8283261802575107,0.9704338717224298,prerank,0.29189424733662417,1.0,4/24,10.62%,WASL;NIBAN2;FRMD3;CAT,anal_pc5_c21_S1.filtered.gene_spectra_score.k_3.dt_0_01.txt
3,3,OMD_POS_ENDOTHELIAL,0.7170117308550646,0.9604863221884499,0.9677883043190445,prerank,0.22829099204677367,1.0,38/233,13.70%,CKB;SULT1B1;GATA6;SH3RF2;ERBB2;QSOX1;LGR4;NFKBIZ;MECOM;PDE3A;METRNL;RGMB;PCSK5;PLXNA2;EPS8;ASS1;CRIM1;ID2;MPZL2;FMOD;CDA;PTPRR;IER3;ABCA2;THBS1;CDKN1A;CAPG;CXCL3;ATP2A3;IRF6;TENT5A;KANK1;JAG1;SSTR1;HIP1R;MET;PTGER4;BST1,anal_pc5_c21_S1.filtered.gene_spectra_score.k_3.dt_0_01.txt
3,3,HEART_5TH_WEEK_ATRIAL_CARDIOMYOCYTE,0.7156704853614956,0.8375350140056023,0.9665924636561039,prerank,0.2958590340205839,1.0,3/25,8.36%,CD24;CYB5A;FRMD3,anal_pc5_c21_S1.filtered.gene_spectra_score.k_3.dt_0_01.txt
3,3,NEUROTYPES_HOPC,0.7149316773782267,0.9386694386694386,0.9646007478659723,prerank,0.23214008126815303,1.0,18/165,12.54%,ITM2C;ATP1B1;ERBB3;AKAP7;C1orf21;NDRG2;CCND2;PID1;LHFPL2;WSCD1;TSPAN7;IGFBP2;PLLP;UBL3;KANK1;TRAF4;SPRY4;ATP13A4,anal_pc5_c21_S1.filtered.gene_spectra_score.k_3.dt_0_01.txt
3,3,CEREBRUM_SKOR2_NPSR1_POSITIVE,0.713282275042415,0.8325859491778774,0.9635305649168543,prerank,0.30729446355407175,1.0,1/19,2.54%,SPINT1,anal_pc5_c21_S1.filtered.gene_spectra_score.k_3.dt_0_01.txt
3,3,ELF3_AGBL2_POSITIVE,0.7050229848614635,0.8246445497630331,0.9690623432108375,prerank,0.3084800252489172,1.0,5/17,16.96%,AKAP5;RMND5A;TP53INP2;PPP1R3B;CDK18,anal_pc5_c21_S1.filtered.gene_spectra_score.k_3.dt_0_01.txt
3,3,HEART_VALVAR_ENDOTHELIAL,0.704808711753498,0.9218241042345277,0.9665588174878531,prerank,0.2351849959018192,1.0,18/100,15.28%,PLA2G2A;SERPINB1;CYSTM1;IFI27;ITGB4;AQP1;PNP;RHOU;CEMIP2;CCL20;CDKN1A;NET1;PLLP;PLCD1;CD55;ANO1;LDLR;SOD2,anal_pc5_c21_S1.filtered.gene_spectra_score.k_3.dt_0_01.txt
3,3,ENS_NEURONS,-0.7023260262530406,0.9868421052631579,0.9472661100480395,prerank,-0.17676898439807426,1.0,10/60,21.94%,PKP1;DPYSL3;ENO2;UCHL1;TUBB2B;MAP1B;GRK3;UNC5C;NDRG4;NRG1,anal_pc5_c21_S1.filtered.gene_spectra_score.k_3.dt_0_01.txt
3,3,EARLY_AIRWAY_PROGENITOR,-0.6998382709345816,0.8834355828220859,0.9451987659203634,prerank,-0.23986299228763697,1.0,11/21,43.74%,GPC3;HSPA6;SPTSSB;MOXD1;TMEM47;TBX1;PHLDA1;GRHL1;PCDH17;ALPL;CDH2,anal_pc5_c21_S1.filtered.gene_spectra_score.k_3.dt_0_01.txt
3,3,NEUROTYPES_HPROGFPL,0.6969247067294791,0.9521331945889698,0.9715412084910932,prerank,0.22657270734202564,1.0,16/148,11.40%,TFF3;PROM1;EPHB2;HK2;DSC2;PTPRK;CCND1;SLC39A8;HES1;GPRC5C;HMGA2;PTPRO;LIPG;IGFBP2;CEMIP2;LRATD2,anal_pc5_c21_S1.filtered.gene_spectra_score.k_3.dt_0_01.txt
3,3,MYELOID,0.6914441318796942,0.9767911200807265,0.9740332786059431,prerank,0.21927070768832885,1.0,17/287,8.70%,PADI2;AGR2;MYO7B;RBM47;GPR35;TNFRSF11A;PLBD1;CTSS;IFI27;IL1R2;FMN1;CST3;OTULINL;TLDC2;FUCA1;DMXL2;PTPRO,anal_pc5_c21_S1.filtered.gene_spectra_score.k_3.dt_0_01.txt
3,3,CL9_PUTATIVE_APOPTOTIC_ENDOTHELIAL,0.6901576596619617,0.9499478623566214,0.9725591530759015,prerank,0.22383678726703754,1.0,30/141,15.54%,LGALS3;NPDC1;EFNA1;IFI27;NUPR1;BACE2;CRIM1;EPAS1;FCGRT;TSC22D1;AQP1;PNP;IER3;MAP2K3;THBS1;CDKN1A;TUBB4B;SAT1;NOP16;CD55;EMP1;HMOX1;MTUS1;TUBA1C;PIM3;TNFRSF12A;PDLIM5;SLC25A37;SOD2;PRSS23,anal_pc5_c21_S1.filtered.gene_spectra_score.k_3.dt_0_01.txt
3,3,BASOPHIL,0.6855450044635532,0.895712630359212,0.9740048696835791,prerank,0.2387132203725809,1.0,6/66,9.10%,S100P;MYB;MCTP2;HPGD;RAB27A;PHLDA2,anal_pc5_c21_S1.filtered.gene_spectra_score.k_3.dt_0_01.txt
3,3,NEUROTYPES_HOMTN,0.6850585473832701,0.9492600422832981,0.97171346010273,prerank,0.22528781618137514,1.0,19/142,12.50%,CD24;SMPD3;TLN2;SEMA3C;PID1;TSPAN7;STXBP5;MAP1LC3A;AATK;RHOU;RAPGEF5;PRKACB;RAB15;CASZ1;CORO2A;KCNMA1;RAB11FIP4;ACOT7;EPB41L1,anal_pc5_c21_S1.filtered.gene_spectra_score.k_3.dt_0_01.txt
3,3,CAPILLARY_INTERMEDIATE_2,0.683729634817056,0.9076576576576577,0.9702498485916757,prerank,0.2318955302839989,1.0,15/81,14.12%,NOSTRIN;IFI27;CYB5A;NDRG2;CCND1;HPGD;PTPRN2;TPM1;EPAS1;STXBP6;CCL20;MYZAP;TCIM;FTH1;DBI,anal_pc5_c21_S1.filtered.gene_spectra_score.k_3.dt_0_01.txt
3,3,PROLIFERATING_SCHWANN,0.6829789455806905,0.9869739478957916,0.9682483282877181,prerank,0.21409963781754165,1.0,45/413,11.04%,CA2;LGALS3;HEPH;MAOA;TSPAN15;RFLNA;TINAGL1;ERBB2;QSOX1;PRELID2;RARRES1;RASSF7;TMEM176B;AGPAT2;BACE2;MAL2;EFNB1;LMO7;SDC4;ANXA3;MYO15B;ARHGAP26;ABHD11;LHFPL2;DOCK5;SMIM5;CYP27A1;WWC1;FRMD3;PTPRD;RNASE1;ITGB4;FHDC1;AATK;AQP1;P4HA2;PARD3B;RAB20;FRZB;P3H2;ADAM15;ME3;SLITRK5;ADAM9;THBS1,anal_pc5_c21_S1.filtered.gene_spectra_score.k_3.dt_0_01.txt
3,3,HEART_RIGHT_ATRIAL_CARDIOMYOCYTE,0.6794404219528167,0.8859784283513097,0.9685345084581732,prerank,0.3012479551354764,1.0,3/16,11.14%,EFNB1;PNP;CDKN1A,anal_pc5_c21_S1.filtered.gene_spectra_score.k_3.dt_0_01.txt
3,3,NEUROTYPES_HNBML1,0.6783364865026491,0.9355531686358755,0.9668623773852268,prerank,0.2232788095909702,1.0,13/114,12.30%,CD24;PLEKHA6;SMPD3;FOXD2;SAMD5;ITGA6;PTPN3;RHOU;PCSK1;RAPGEF5;PRKACB;RAP1GAP2;MAML3,anal_pc5_c21_S1.filtered.gene_spectra_score.k_3.dt_0_01.txt
3,3,HEART_VISCERAL_NEURONS,0.6735741672007095,0.843939393939394,0.9683240252407308,prerank,0.28741134636071763,1.0,2/19,9.92%,ACHE;PTPRR,anal_pc5_c21_S1.filtered.gene_spectra_score.k_3.dt_0_01.txt
3,3,PCP4_POS_NEURON,-0.6627425946082244,0.9402985074626866,0.9654410869571085,prerank,-0.20973797632384059,1.0,7/27,23.48%,AKR1C2;PLCB2;TRPV2;ELMO1;SLC8A1;GNAO1;FRY,anal_pc5_c21_S1.filtered.gene_spectra_score.k_3.dt_0_01.txt
3,3,CHOROID_SCLERA_ACTIVATED_T,0.6586252958826502,0.9241466498103666,0.9771580099005516,prerank,0.24097372895860933,1.0,4/44,8.46%,ACSL5;SYTL2;PTGDR;PATJ,anal_pc5_c21_S1.filtered.gene_spectra_score.k_3.dt_0_01.txt
3,3,NEUROTYPES_HPROGBP,0.648245198292117,0.9735449735449735,0.9820564169884003,prerank,0.21388376440789827,1.0,10/132,8.62%,NRARP;CDHR1;EPHB2;HK2;DSC2;CCND1;HES1;DTX4;HMGA2;SLC6A8,anal_pc5_c21_S1.filtered.gene_spectra_score.k_3.dt_0_01.txt
3,3,M1_MACROPHAGE,0.6421269795969301,0.9730010384215991,0.983570435060014,prerank,0.20748960663725627,1.0,29/174,15.32%,RBM47;KLF4;CTSS;MXD1;NFKBIZ;TMEM176B;USP53;GAS6;CPM;IL18;ID2;FCGRT;SELENOP;IER3;CCL20;MAP2K3;CDKN1A;SLC40A1;CXCL3;SAT1;CCRL2;DUSP1;HSPA1B;KCTD12;CXCL16;DUSP6;PIM3;SOD2;TRIB1,anal_pc5_c21_S1.filtered.gene_spectra_score.k_3.dt_0_01.txt
3,3,MARROW_MONOCYTE,0.6309782186977919,0.9703075291622482,0.988292114437,prerank,0.20523825642477656,1.0,11/123,8.94%,CKB;SERPINA1;NFKBIZ;LGALS9;ARRB1;ZNF703;DOCK5;SMPDL3A;KLF3;NAAA;OAS1,anal_pc5_c21_S1.filtered.gene_spectra_score.k_3.dt_0_01.txt
3,3,NEUROTYPES_HPROGFPM,0.6196898965178432,0.9832985386221295,0.9920366730182939,prerank,0.20345346063828212,1.0,15/143,11.40%,TFF3;PROM1;EPHB2;HK2;DSC2;CCND1;HES1;GPRC5C;PKIB;HMGA2;SLC6A8;PTPRO;IGFBP2;CEMIP2;LRATD2,anal_pc5_c21_S1.filtered.gene_spectra_score.k_3.dt_0_01.txt
3,3,PLACENTA_IGFBP1_DKK1_POSITIVE,0.609213045925056,0.968,0.9948297496019651,prerank,0.20973863223555478,1.0,2/75,0.98%,HEPH;PARM1,anal_pc5_c21_S1.filtered.gene_spectra_score.k_3.dt_0_01.txt
3,3,CLC_IL5RA_POSITIVE,0.6052420289166557,0.9298998569384835,0.9941089077112905,prerank,0.250351617440225,1.0,23/23,75.08%,NOP16;VSIG10L;BRF2;LIG4;SPAAR;SLC5A5;PDE6G;SLC6A3;CDK15;NLRP12;PCDHB6;HDC;SNRNP25;OSM;PEAK3;PTGS2;ZSCAN2;PTGDR2;FBXO45;CENPW;BIRC5;TMSB15B;PPM1M,anal_pc5_c21_S1.filtered.gene_spectra_score.k_3.dt_0_01.txt
3,3,PLACENTA_MEGAKARYOCYTES,0.5996028207250513,0.9622857142857143,0.9940768844649238,prerank,0.20718085709623216,1.0,5/78,8.78%,LEFTY1;EPHA10;PRELID2;MBOAT2;STXBP5,anal_pc5_c21_S1.filtered.gene_spectra_score.k_3.dt_0_01.txt
3,3,OLIGODENDROCYTES,-0.5926260159969364,0.9693251533742331,0.987652801880508,prerank,-0.2078873128890199,1.0,4/17,24.18%,FYN;PDGFRA;SOX6;PDE4B,anal_pc5_c21_S1.filtered.gene_spectra_score.k_3.dt_0_01.txt
3,3,CD16_POS_NK,-0.5908622792008184,0.9472295514511874,0.9837676067792199,prerank,-0.22388636647796578,1.0,1/15,0.80%,ZEB2,anal_pc5_c21_S1.filtered.gene_spectra_score.k_3.dt_0_01.txt
3,3,NEUROTYPES_HNPROG,0.5871959711545075,0.9846153846153847,0.9964311190412762,prerank,0.19804739140287927,1.0,9/95,11.26%,CD24;EPHB2;CCND1;CCND2;ATP8A1;SLC6A8;RHOU;CEMIP2;RAP1GAP2,anal_pc5_c21_S1.filtered.gene_spectra_score.k_3.dt_0_01.txt
3,3,EPITHELIAL_CELLS_UNASSIGNED,0.5849412594073953,0.9496183206106871,0.9946361032036226,prerank,0.24862398056755103,1.0,2/20,8.80%,TLN2;PTPRD,anal_pc5_c21_S1.filtered.gene_spectra_score.k_3.dt_0_01.txt
3,3,HEART_5TH_WEEK_VENTRICULAR_CARDIOMYOCYTE,0.5745926814286222,0.9674902470741222,0.9956076035185799,prerank,0.2162381694196436,1.0,3/40,8.88%,BAIAP2L1;CLIC5;FOS,anal_pc5_c21_S1.filtered.gene_spectra_score.k_3.dt_0_01.txt
3,3,IRIS_CILIARY_BODY_CILIARY_BODY_ENDOTHELIAL,0.5614606604867939,0.9894613583138173,0.9969487461615325,prerank,0.1976432347547991,1.0,11/69,15.48%,PRR5L;MYO10;ICA1;WASL;ASAP2;RASL11A;SLC19A3;HIP1R;EPB41L4A;TMEM44;TJP1,anal_pc5_c21_S1.filtered.gene_spectra_score.k_3.dt_0_01.txt
3,3,ACTIVATED_NK,0.46040215408951063,0.9874826147426982,1.0,prerank,0.18432174166885074,1.0,2/26,8.84%,PRR5L;MAP1LC3A,anal_pc5_c21_S1.filtered.gene_spectra_score.k_3.dt_0_01.txt
3,3,SATELLITE,0.43032513977388165,0.9883720930232558,1.0,prerank,0.18668508662625222,1.0,1/20,5.60%,CCND2,anal_pc5_c21_S1.filtered.gene_spectra_score.k_3.dt_0_01.txt
3,3,INTESTINE_ENS_NEURONS,0.40418441578649417,0.9987421383647799,1.0,prerank,0.1512182617356124,1.0,3/46,9.92%,PTPRO;HOXB5;PTPRR,anal_pc5_c21_S1.filtered.gene_spectra_score.k_3.dt_0_01.txt
3,3,LENS_FIBRE,0.3702142360303312,1.0,1.0,prerank,0.1368760379169195,1.0,7/41,18.36%,CLIC5;P3H2;EPB41L4A;TEX11;ME1;PELI1;HSF4,anal_pc5_c21_S1.filtered.gene_spectra_score.k_3.dt_0_01.txt
3,3,VISCERAL_NEURONS,0.32499147328818917,1.0,0.999954003338591,prerank,0.11351167474888121,1.0,4/67,11.16%,PTPRO;ACHE;PTPRR;RAB15,anal_pc5_c21_S1.filtered.gene_spectra_score.k_3.dt_0_01.txt
