K,GEP,spectra_file,Name,pathway,ES,NES,NOM_p,FDR_q,FWER p-val,Tag %,Gene %,leading_edge
10,1,anal_pc5_c21_S1.filtered.gene_spectra_score.k_10.dt_0_01.txt,prerank,HALLMARK_ALLOGRAFT_REJECTION,-0.6132707995659251,-2.638819197138844,0.0,0.0,0.0,80/121,24.06%,CTSS;CD74;IL2RG;ITGAL;LTB;IL16;SRGN;CD79A;HCLS1;CD2;CCND2;PTPRC;ETS1;CD96;FYB1;ITGB2;MAP4K1;ZAP70;CD3E;PTPN6;CD3D;CD4;LCP2;IRF4;CD40;IRF8;CCL5;PRKCB;ITK;IL2RB;LCK;CD28;CD8A;TIMP1;CD7;WAS;NCF4;SPI1;CD247;CCR5;FGR;CD3G;TLR6;IL12RB1;STAT4;LY75;GBP2;STAB1;ICAM1;FCGR2B;PRF1;THY1;SIT1;CXCR3;LY86;CCL2;IL27RA;C2;CD1D;TRAT1;HDAC9;CD40LG;CSF1;GPR65;IL18;GZMA;IRF7;IL7;CCL11;CCND3;KLRD1;CCR2;IL2RA;ACHE;CD80;FASLG;CCL4;TNF;CCR1;CAPG
10,1,anal_pc5_c21_S1.filtered.gene_spectra_score.k_10.dt_0_01.txt,prerank,HALLMARK_INTERFERON_GAMMA_RESPONSE,-0.5620474283659866,-2.5337306219658244,0.0,0.0,0.0,66/111,21.84%,IFI27;CD74;C1S;SOD2;NLRC5;ITGB7;C1R;CIITA;IL10RA;SLAMF7;CFB;NFKBIA;RNF213;PTPN6;ZBP1;LCP2;IRF4;CD40;IRF1;TNFAIP3;BANK1;IRF8;CCL5;SAMHD1;IL2RB;SP110;IFITM2;CASP8;PFKP;NAMPT;SAMD9L;KLRK1;IFITM3;ISG20;FGL2;CSF2RB;CFH;ST3GAL5;STAT4;VCAM1;EIF4E3;SOCS3;OAS2;CD69;ICAM1;IFI30;CCL2;PDE4B;SERPING1;CXCL10;CD38;GBP4;UPP1;GBP6;GZMA;IRF7;SECTM1;CD274;ISG15;IL7;IFIT1;TRIM14;GPR18;PTGS2;IFIT2;EPSTI1
10,1,anal_pc5_c21_S1.filtered.gene_spectra_score.k_10.dt_0_01.txt,prerank,HALLMARK_E2F_TARGETS,0.9002835172011225,2.4498653294247386,0.0,0.0,0.0,48/54,8.84%,HELLS;CDK1;CENPM;CIT;LMNB1;EZH2;TOP2A;SMC4;TACC3;MCM4;MKI67;CCNB2;MCM2;SPAG5;AURKB;KIF22;KIF18B;TCF19;DLGAP5;HMGB2;ESPL1;CDCA3;HMMR;PTTG1;LIG1;SPC25;POLE;PLK1;KIF2C;MYBL2;RRM2;DEPDC1;BIRC5;DIAPH3;NCAPD2;CDC20;TK1;ORC6;MCM6;MELK;CDKN2C;CENPE;CDCA8;KPNA2;CKS2;AURKA;ANP32E;KIF4A
10,1,anal_pc5_c21_S1.filtered.gene_spectra_score.k_10.dt_0_01.txt,prerank,HALLMARK_G2M_CHECKPOINT,0.8685497107612141,2.432189145475236,0.0,0.0,0.0,54/68,8.84%,TROAP;NUSAP1;CDK1;LMNB1;EZH2;TOP2A;SMC4;NDC80;TACC3;MKI67;KIF23;PRC1;CCNB2;MCM2;AURKB;KIF22;RAD54L;ESPL1;POLQ;HMMR;CDC45;KIF11;PTTG1;KIF15;POLE;PLK1;TTK;KIF2C;MYBL2;BUB1;CCNF;UBE2C;BIRC5;CENPF;INCENP;FBXO5;CDC20;ORC6;MCM6;CDKN2C;CENPE;KIF20B;FANCC;KPNA2;NEK2;CKS2;ODC1;EXO1;TPX2;AURKA;E2F1;CENPA;SLC7A1;KIF4A
10,1,anal_pc5_c21_S1.filtered.gene_spectra_score.k_10.dt_0_01.txt,prerank,HALLMARK_MITOTIC_SPINDLE,0.7793922859681479,2.203977096745915,0.0,0.0,0.0,47/77,11.52%,DST;CEP72;NUSAP1;CDK1;LMNB1;TOP2A;SMC4;NDC80;ANLN;KIF23;PRC1;ECT2;CCNB2;KIF22;DLGAP5;ESPL1;FARP1;KIF11;KIF15;PLK1;TTK;KIF2C;BUB1;BIRC5;CENPF;INCENP;FBXO5;PIF1;MID1;KNTC1;CENPE;KIF20B;CEP250;GSN;NEK2;TPX2;AURKA;PALLD;BCL2L11;KIF4A;STK38L;NEDD9;CDC42EP4;CCDC88A;DOCK4;TRIO;TIAM1
10,1,anal_pc5_c21_S1.filtered.gene_spectra_score.k_10.dt_0_01.txt,prerank,HALLMARK_COMPLEMENT,-0.46156529779507993,-2.0859503651390043,0.0,0.0,0.0,68/122,24.80%,CTSS;CA2;C1S;KYNU;CTSC;LGALS3;C1R;SPOCK2;CFB;SERPINA1;LCP2;DOCK10;IRF1;TNFAIP3;CCL5;CD55;LCK;KLK1;TIMP1;CTSD;WAS;FN1;PRSS3;CR1;EHD1;RASGRP1;C1QC;FYN;PLEK;CASP10;CFH;SERPINE1;PIK3R5;DUSP5;SH2B3;C1QA;PLAT;CTSH;SERPING1;SERPINB2;C2;C3;LGMN;APOBEC3G;CP;CD40LG;GZMK;CPM;CEBPB;CTSL;GNG2;LIPA;ZEB1;GZMA;IRF7;STX4;CDA;CXCL1;TFPI2;HSPA5;CD36;FCER1G;DUSP6;GATA3;ITGAM;CR2;MMP12;S100A12
10,1,anal_pc5_c21_S1.filtered.gene_spectra_score.k_10.dt_0_01.txt,prerank,HALLMARK_INTERFERON_ALPHA_RESPONSE,-0.5412251374816115,-2.074727429199391,0.0,0.0,0.0,32/50,27.84%,IFI27;CD74;C1S;SELL;IRF1;SP110;IFITM2;CASP8;SAMD9L;IFITM3;ISG20;GBP2;IFI30;CXCL10;TMEM140;CSF1;OAS1;GBP4;LAMP3;LPAR6;IRF7;ISG15;SAMD9;IL7;TRIM14;IFIT2;EPSTI1;OASL;RSAD2;CXCL11;CCRL2;PSMB9
10,1,anal_pc5_c21_S1.filtered.gene_spectra_score.k_10.dt_0_01.txt,prerank,HALLMARK_IL6_JAK_STAT3_SIGNALING,-0.5271824885865874,-2.0094012458048005,0.0,0.0,0.0,34/53,26.82%,IL2RG;LTB;PLA2G2A;A2M;ITGA4;TNFRSF1B;IRF1;CD14;HMOX1;CSF2RB;IL12RB1;TNFRSF12A;PIK3R5;MAP3K8;SOCS3;IL1R2;CXCL10;CD38;IL1R1;CSF1;CSF2RA;CXCL1;IL7;IL3RA;OSMR;CD36;IL2RA;TNF;IL9R;CCR1;CSF3R;IL18R1;IL1B;CXCL11
10,1,anal_pc5_c21_S1.filtered.gene_spectra_score.k_10.dt_0_01.txt,prerank,HALLMARK_KRAS_SIGNALING_UP,-0.42677484098352064,-1.8910590815716761,0.0,0.0029175784099197666,0.0040858018386108275,61/131,19.74%,CTSS;CA2;LAPTM5;IL2RG;IKZF1;TMEM176B;DOCK2;CD37;TSPAN1;CCND2;SPON1;ETS1;LCP1;PECAM1;IL10RA;ITGB2;MAP4K1;FUCA1;TMEM176A;TNFRSF1B;CXCR4;PRDM1;MALL;TRAF1;IL7R;CFB;ENG;SLPI;EMP1;TNFAIP3;ADAM8;IRF8;KCNN4;TSPAN7;ADAMDEC1;BIRC3;ST6GAL1;ABCB1;ERO1A;CFH;ACE;ID2;TRIB1;PLVAP;PLAT;IGFBP3;NRP1;PRRX1;LAT2;ADGRA2;CXCL10;HDAC9;IL33;CCL20;EPHB2;SPARCL1;PPP1R15A;GLRX;CSF2RA;F13A1;GNG11
10,1,anal_pc5_c21_S1.filtered.gene_spectra_score.k_10.dt_0_01.txt,prerank,HALLMARK_UNFOLDED_PROTEIN_RESPONSE,-0.5895102510150028,-1.8835431756763077,0.0,0.0025007814942169426,0.0040858018386108275,12/23,21.46%,XBP1;NABP1;HERPUD1;ERN1;DNAJB9;ERO1A;VEGFA;CCL2;CEBPB;IFIT1;HSPA5;SLC7A5
10,1,anal_pc5_c21_S1.filtered.gene_spectra_score.k_10.dt_0_01.txt,prerank,HALLMARK_SPERMATOGENESIS,0.6787446914449582,1.7463210296977354,0.0011507479861910242,0.0013036829042043772,0.008,11/36,8.80%,CDK1;EZH2;CCNB2;TTK;KIF2C;BUB1;NEK2;HSPA4L;AURKA;HSPA2;TCP11
10,1,anal_pc5_c21_S1.filtered.gene_spectra_score.k_10.dt_0_01.txt,prerank,HALLMARK_INFLAMMATORY_RESPONSE,-0.3376983716108656,-1.5374926988806423,0.0,0.047045951859956234,0.08682328907048008,88/141,33.28%,SLC4A4;IL10RA;TNFRSF1B;CYBB;IL7R;NFKBIA;SELL;LCP2;CD40;ITGA5;IRF1;CD48;SLAMF1;CCL5;GPR132;CD55;MXD1;IL2RB;GPR183;LCK;KCNA3;NAMPT;TIMP1;CD14;CCR7;RASGRP1;SERPINE1;PIK3R5;EDN1;STAB1;CD69;CXCR6;ICAM1;EMP3;CCL2;PDE4B;CHST2;CXCL10;CXCL8;RGS1;IL1R1;CSF1;IL18;CCL20;PTGER4;LAMP3;PTGER2;IRF7;MYC;C3AR1;OSMR;APLNR;SCARF1;NOD2;TNFAIP6;AXL;FPR1;P2RX7;CSF3R;IL18R1;IL18RAP;IL1B;INHBA;CXCL11;CCRL2;CLEC5A;PTGIR;TLR1;LTA;PTAFR;CXCL9;NLRP3;NMUR1;IL1A;HBEGF;IL6;CCL22;EREG;AHR;CDKN1A;AQP9;CCL24;ADM;LYN;CMKLR1;TNFRSF9;EBI3;TACR1
10,1,anal_pc5_c21_S1.filtered.gene_spectra_score.k_10.dt_0_01.txt,prerank,HALLMARK_DNA_REPAIR,0.5963924856831345,1.4091123343112237,0.07402597402597402,0.1572241582470479,0.69,10/22,18.16%,TYMS;ZWINT;LIG1;BCAM;POLA1;ARL6IP1;POLH;AAAS;USP11;SNAPC4
10,1,anal_pc5_c21_S1.filtered.gene_spectra_score.k_10.dt_0_01.txt,prerank,HALLMARK_IL2_STAT5_SIGNALING,-0.3138979935670712,-1.4091120553486134,0.0,0.09725261366399222,0.18283963227783454,57/127,21.76%,CA2;LTB;CCND2;MUC1;NDRG1;CTSZ;XBP1;ADAM19;IL10RA;TNFRSF1B;TRAF1;SELL;IRF4;EMP1;CD48;HK2;IRF8;MXD1;IL2RB;NFKBIZ;NT5E;ST3GAL4;CD79B;CDC42SE2;CCR4;ABCB1;CST7;IFITM3;RHOH;FGL2;ITIH5;MAP3K8;IL1R2;SLC2A3;COL6A1;ICOS;NRP1;BATF;CXCL10;CD83;CSF1;GBP4;GLIPR2;GPR65;PTGER2;SLC39A8;MYC;IL3RA;TNFRSF4;TGM2;P4HA1;SWAP70;CCND3;EOMES;CISH;IL2RA;SHE
10,1,anal_pc5_c21_S1.filtered.gene_spectra_score.k_10.dt_0_01.txt,prerank,HALLMARK_WNT_BETA_CATENIN_SIGNALING,0.6383171461683435,1.4064194178096896,0.07764390896921017,0.1350398208271701,0.697,6/15,12.26%,JAG2;HEY1;DLL1;CSNK1E;JAG1;DKK1
10,1,anal_pc5_c21_S1.filtered.gene_spectra_score.k_10.dt_0_01.txt,prerank,HALLMARK_PEROXISOME,0.5283752875376889,1.3249904474311278,0.10671462829736211,0.26157466270786406,0.925,8/32,13.34%,ABCC5;TOP2A;CEL;ALDH1A1;CADM1;DHRS3;CRABP2;FDPS
10,1,anal_pc5_c21_S1.filtered.gene_spectra_score.k_10.dt_0_01.txt,prerank,HALLMARK_HEDGEHOG_SIGNALING,0.5685013863168521,1.2862185299782842,0.1677336747759283,0.31679494572166367,0.97,6/17,14.86%,NRCAM;ADGRG1;HEY1;CELSR1;VLDLR;DPYSL2
10,1,anal_pc5_c21_S1.filtered.gene_spectra_score.k_10.dt_0_01.txt,prerank,HALLMARK_TNFA_SIGNALING_VIA_NFKB,-0.28838876435183874,-1.2779961994426,0.0,0.1964989059080963,0.36772216547497444,71/150,27.38%,SOD2;KYNU;ZFP36;TRAF1;IL7R;NFKBIA;FOS;NFKB2;KLF2;IRF1;TNFAIP3;CCL5;MXD1;GPR183;NAMPT;BIRC3;VEGFA;EFNA1;EHD1;PLEK;SERPINE1;DUSP5;MAP3K8;EDN1;FOSB;SOCS3;ID2;TRIB1;PFKFB3;CD69;ICAM1;SLC2A3;DUSP1;CCL2;CCND1;PDE4B;SERPINB2;CXCL10;CD83;SERPINB8;CSF1;CEBPB;IL18;CCL20;RNF19B;PTGER4;PPP1R15A;PMEPA1;CXCL1;SLC2A6;MYC;BCL2A1;REL;PTGS2;IFIT2;MAP2K3;CD80;CCL4;TNF;DUSP2;ZC3H12A;G0S2;TNFAIP6;SPSB1;GADD45B;IL1B;INHBA;GFPT2;CXCL11;CCRL2;SLC16A6
10,1,anal_pc5_c21_S1.filtered.gene_spectra_score.k_10.dt_0_01.txt,prerank,HALLMARK_APOPTOSIS,-0.3098238231797209,-1.2766587896330581,0.09259259259259259,0.17982892381141832,0.36976506639427986,30/79,15.78%,SOD2;LGALS3;CD2;CCND2;LUM;DCN;MMP2;PLCB2;EMP1;IRF1;CAV1;TIMP3;CASP8;BIRC3;IFITM3;TIMP1;CD14;ISG20;HMOX1;TNFRSF12A;CD69;PDGFRB;PRF1;BGN;IGFBP6;CCND1;PLAT;PPT1;GPX3;CD38
10,1,anal_pc5_c21_S1.filtered.gene_spectra_score.k_10.dt_0_01.txt,prerank,HALLMARK_REACTIVE_OXYGEN_SPECIES_PATHWAY,-0.42203621761700355,-1.2435861792724408,0.17408906882591094,0.1983953318745441,0.4310520939734423,8/19,18.56%,SOD2;LSP1;FTL;PFKP;GPX3;HHEX;MGST1;GLRX
10,1,anal_pc5_c21_S1.filtered.gene_spectra_score.k_10.dt_0_01.txt,prerank,HALLMARK_COAGULATION,-0.2877585969487065,-1.208576820156043,0.09090909090909091,0.21713516243056724,0.48314606741573035,41/79,30.92%,C1S;A2M;C1R;PECAM1;MMP2;CFB;SERPINA1;TIMP3;TIMP1;FN1;FYN;PLEK;CFH;SERPINE1;CFD;C1QA;PLAT;CTSH;SERPING1;SERPINB2;C2;C3;LGMN;RAPGEF3;THBD;TFPI2;MMP3;MMP1;GDA;DUSP6;CTSK;SH2B2;SPARC;CRIP2;VWF;THBS1;CSRP1;DPP4;MMP9;CLU;CPQ
10,1,anal_pc5_c21_S1.filtered.gene_spectra_score.k_10.dt_0_01.txt,prerank,HALLMARK_GLYCOLYSIS,0.437661739569744,1.2038429909749762,0.1955128205128205,0.5144477593646496,0.998,17/67,15.20%,CDK1;GPC1;HMMR;GPC3;DEPDC1;KIF20A;TGFBI;AURKA;CENPA;GPC4;TPST1;VCAN;GCLC;IRS2;SDC2;VLDLR;ARTN
10,1,anal_pc5_c21_S1.filtered.gene_spectra_score.k_10.dt_0_01.txt,prerank,HALLMARK_ESTROGEN_RESPONSE_LATE,0.41915978240440055,1.188651999508917,0.17355371900826447,0.5126733020783714,0.998,21/106,12.52%,PLXNB1;TOP2A;KRT19;FGFR3;FARP1;MDK;SCNN1A;CPE;CDC20;KIF20A;RAPGEFL1;CXCL14;HR;HSPA4L;TFAP2C;OVOL2;NMU;IL17RB;TIAM1;CDH1;PRSS23
10,1,anal_pc5_c21_S1.filtered.gene_spectra_score.k_10.dt_0_01.txt,prerank,HALLMARK_APICAL_JUNCTION,0.4135086784524698,1.1782931822682168,0.18564102564102564,0.49794761109224467,0.999,22/101,14.14%,CDH3;ADAM23;COL17A1;LAYN;PIK3R3;ITGA2;MDK;TGFBI;LAMA3;ITGB4;LAMB3;KCNH2;BMP1;NLGN2;MAP3K20;MPZL2;CDH1;VCAN;CDH8;GRB7;SORBS3;NECTIN4
10,1,anal_pc5_c21_S1.filtered.gene_spectra_score.k_10.dt_0_01.txt,prerank,HALLMARK_ESTROGEN_RESPONSE_EARLY,0.3949483228663973,1.11357901940132,0.27835051546391754,0.6597178696484234,1.0,27/118,16.22%,KRT15;TUBB2B;LRIG1;KRT19;FARP1;SCNN1A;MAST4;RAPGEFL1;HR;NAV2;CELSR1;DHRS3;HES1;TFAP2C;AQP3;OVOL2;IL17RB;SVIL;TIAM1;ESRP2;SEC14L2;PRSS23;RHOBTB3;MYB;SLC19A2;AR;SLC7A2
10,1,anal_pc5_c21_S1.filtered.gene_spectra_score.k_10.dt_0_01.txt,prerank,HALLMARK_UV_RESPONSE_DN,-0.2663047603206157,-1.0693668433680674,0.3090909090909091,0.40919037199124725,0.7364657814096016,21/69,14.62%,ID1;CELF2;COL3A1;COL1A2;MGLL;TGFBR2;PIK3CD;GJA1;COL1A1;PPARG;CAV1;FHL2;FBLN5;FYN;PMP22;SERPINE1;CITED2;DAB2;PDGFRB;DUSP1;NRP1
10,1,anal_pc5_c21_S1.filtered.gene_spectra_score.k_10.dt_0_01.txt,prerank,HALLMARK_UV_RESPONSE_UP,-0.24399867554952,-1.0254288007027066,0.43283582089552236,0.47527352297592995,0.8028600612870276,18/66,16.24%,CA2;SOD2;NFKBIA;FOS;OLFM1;IRF1;CDKN2B;ABCB1;SLC6A8;RAB27A;RASGRP1;HMOX1;FOSB;ICAM1;CREG1;PPT1;GPX3;MAOA
10,1,anal_pc5_c21_S1.filtered.gene_spectra_score.k_10.dt_0_01.txt,prerank,HALLMARK_ADIPOGENESIS,-0.2689899383756502,-1.012808633698842,0.43564356435643564,0.4729212253829322,0.8202247191011236,15/51,15.62%,MGLL;NABP1;CAVIN1;APOE;PPARG;DNAJB9;ITIH5;COL15A1;LAMA4;ENPP2;PFKFB3;FABP4;MYLK;C3;GPX3
10,1,anal_pc5_c21_S1.filtered.gene_spectra_score.k_10.dt_0_01.txt,prerank,HALLMARK_KRAS_SIGNALING_DN,0.35676112864345094,0.9979770763909982,0.51875,1.0,1.0,15/78,20.46%,KRT15;PKP1;FGFR3;LFNG;CALML5;SPTBN2;IGFBP2;DLK2;TGFB2;NTF3;GDNF;SHOX2;MX1;THNSL2;KCNN1
10,1,anal_pc5_c21_S1.filtered.gene_spectra_score.k_10.dt_0_01.txt,prerank,HALLMARK_ANDROGEN_RESPONSE,-0.2721749993282434,-0.9928519624787975,0.5,0.4878362723645257,0.8437180796731358,14/41,20.78%,SLC26A2;NDRG1;PTK2B;SCD;UBE2J1;ADAMTS1;DNAJB9;IQGAP2;MAF;CCND1;SELENOP;PMEPA1;ABCC4;CCND3
10,1,anal_pc5_c21_S1.filtered.gene_spectra_score.k_10.dt_0_01.txt,prerank,HALLMARK_MYOGENESIS,0.34224845870570614,0.9806178410070541,0.5399590163934426,0.986748278171549,1.0,27/112,18.34%,EFS;TNNT3;SPHK1;PVALB;GAA;TNNI2;ITGB4;GSN;NAV2;KCNH2;ITGB5;SVIL;IGF1;DTNA;COL4A2;FDPS;MAPRE3;SORBS3;EPHB3;WWTR1;MYOM2;CDH13;DMD;TEAD4;CNN3;FST;ACSL1
10,1,anal_pc5_c21_S1.filtered.gene_spectra_score.k_10.dt_0_01.txt,prerank,HALLMARK_APICAL_SURFACE,0.3930806642478776,0.9792662463681432,0.5125628140703518,0.9253975815010739,1.0,3/27,7.46%,CROCC;EPHB4;DCBLD2
10,1,anal_pc5_c21_S1.filtered.gene_spectra_score.k_10.dt_0_01.txt,prerank,HALLMARK_MTORC1_SIGNALING,0.3444389783395695,0.9603841291539553,0.564021164021164,0.9205223506405595,1.0,12/72,11.02%,MCM4;MCM2;PIK3R3;PHGDH;PLK1;BUB1;RRM2;CCNF;SLC6A6;AURKA;LDLR;FADS2
10,1,anal_pc5_c21_S1.filtered.gene_spectra_score.k_10.dt_0_01.txt,prerank,HALLMARK_XENOBIOTIC_METABOLISM,-0.22849163432510772,-0.9511966248382847,0.5079365079365079,0.549963530269876,0.8886618998978549,22/80,18.96%,CES1;CA2;KYNU;TMEM176B;CFB;ABCC3;APOE;IRF8;PTGDS;HMOX1;IGFBP4;CYB5A;SERPINE1;CYFIP2;ID2;MAOA;IL1R1;UPP1;XDH;AKR1C3;ABCD2;CDA
10,1,anal_pc5_c21_S1.filtered.gene_spectra_score.k_10.dt_0_01.txt,prerank,HALLMARK_CHOLESTEROL_HOMEOSTASIS,0.3710481533691854,0.9387204959056743,0.594306049822064,0.9226240600284038,1.0,12/35,23.96%,ALCAM;MVK;JAG1;LDLR;FADS2;ACAT2;FDPS;TM7SF2;NFIL3;HMGCR;FASN;STARD4
10,1,anal_pc5_c21_S1.filtered.gene_spectra_score.k_10.dt_0_01.txt,prerank,HALLMARK_PI3K_AKT_MTOR_SIGNALING,0.36990348435953363,0.9366464228270882,0.5709177592371871,0.8757127774852849,1.0,6/32,11.52%,CDK1;PIK3R3;MAPK10;E2F1;PLCB1;TIAM1
10,1,anal_pc5_c21_S1.filtered.gene_spectra_score.k_10.dt_0_01.txt,prerank,HALLMARK_TGF_BETA_SIGNALING,0.3764219332182475,0.914321915444574,0.6419753086419753,0.8815641028009391,1.0,10/24,23.58%,CDKN1C;TGIF1;SLC20A1;CDH1;SMAD1;WWTR1;SMAD3;ID3;TJP1;RAB31
10,1,anal_pc5_c21_S1.filtered.gene_spectra_score.k_10.dt_0_01.txt,prerank,HALLMARK_P53_PATHWAY,0.31111039405138224,0.8871225900801037,0.7053291536050157,0.8913931857497429,1.0,16/89,15.40%,ABCC5;SPHK1;TP63;CLCA2;JAG2;ITGB4;KRT17;HSPA4L;EPHA2;JUN;POLH;MDM2;EPHX1;CDH13;TRAF4;SLC19A2
10,1,anal_pc5_c21_S1.filtered.gene_spectra_score.k_10.dt_0_01.txt,prerank,HALLMARK_FATTY_ACID_METABOLISM,0.3273852991782387,0.8639641328945663,0.6895027624309392,0.8931779897257371,1.0,14/44,25.82%,CEL;ALDH1A1;ALDH3A1;ODC1;HSPH1;ACAT2;EPHX1;ACSL1;ENO3;GLUL;FASN;ACSS1;FMO1;CBR3
10,1,anal_pc5_c21_S1.filtered.gene_spectra_score.k_10.dt_0_01.txt,prerank,HALLMARK_EPITHELIAL_MESENCHYMAL_TRANSITION,0.2883933941297016,0.8418150255109539,0.8316532258064516,0.8913042982790018,1.0,22/164,12.86%,COL7A1;DPYSL3;DST;PFN2;GPC1;ELN;ITGA2;CRLF1;CADM1;TGFBI;LAMA3;THBS2;CDH2;WNT5A;BMP1;IGFBP2;ITGB5;HTRA1;JUN;COL4A2;DKK1;VCAN
10,1,anal_pc5_c21_S1.filtered.gene_spectra_score.k_10.dt_0_01.txt,prerank,HALLMARK_ANGIOGENESIS,0.3259858870924983,0.8133417845569193,0.7390243902439024,0.895233382130606,1.0,4/29,12.86%,FGFR1;JAG2;JAG1;VCAN
10,1,anal_pc5_c21_S1.filtered.gene_spectra_score.k_10.dt_0_01.txt,prerank,HALLMARK_HYPOXIA,0.2561697244716308,0.7370400107397451,0.9081527347781218,0.951634199948187,1.0,19/111,17.34%,GPC1;PKP1;GPC3;CDKN1C;ACKR3;TGFBI;GAA;SLC6A6;GCNT2;CCNG2;GPC4;DTNA;JUN;IRS2;SDC2;VLDLR;NEDD4L;SDC4;COL5A1
10,1,anal_pc5_c21_S1.filtered.gene_spectra_score.k_10.dt_0_01.txt,prerank,HALLMARK_BILE_ACID_METABOLISM,0.2842174626152236,0.7211298288158982,0.8683274021352313,0.9297605736204778,1.0,2/37,2.54%,RBP1;ALDH1A1
10,1,anal_pc5_c21_S1.filtered.gene_spectra_score.k_10.dt_0_01.txt,prerank,HALLMARK_HEME_METABOLISM,0.22750212837454425,0.6059716687670368,0.9779005524861878,0.9723970215859804,1.0,7/55,13.00%,BCAM;SPTB;KLF3;AQP3;DMTN;SNCA;GCLC
10,2,anal_pc5_c21_S1.filtered.gene_spectra_score.k_10.dt_0_01.txt,prerank,HALLMARK_E2F_TARGETS,-0.622201874574331,-2.373390829284757,0.0,0.0,0.0,41/54,27.26%,HELLS;MCM2;EZH2;MCM4;CENPM;CDKN2A;TCF19;SMC4;LIG1;CDC25B;LMNB1;CDK1;MCM6;PTTG1;CDKN2C;TACC3;TOP2A;HMGB2;MYBL2;ANP32E;NCAPD2;CIT;ORC6;AURKB;KIF18B;DLGAP5;RRM2;ESPL1;BIRC5;KIF2C;CCNB2;MELK;HMMR;DIAPH3;CENPE;SPC25;MKI67;DEPDC1;CDCA3;KIF22;POLE
10,2,anal_pc5_c21_S1.filtered.gene_spectra_score.k_10.dt_0_01.txt,prerank,HALLMARK_ALLOGRAFT_REJECTION,-0.4386203674659137,-1.9747759149335953,0.0,0.0023002606962122373,0.0020060180541624875,65/121,27.36%,ITGAL;ST8SIA4;HCLS1;CD79A;IL16;LTB;FLNA;SRGN;CD74;CD2;PTPRC;FYB1;ETS1;ITGB2;ZAP70;CD96;CDKN2A;PTPN6;MAP4K1;CD3E;CD4;IRF4;CD3D;LCP2;LCK;NCF4;PRKCB;ITK;CCL5;SPI1;IL2RB;CD28;CSF1;WAS;CD40;CD247;CD8A;STAB1;IL12RB1;GBP2;CD7;STAT4;SIT1;CCR5;ICAM1;FGR;SOCS1;IL2RG;CD3G;TLR6;TLR2;IL27RA;IRF8;GZMA;THY1;GPR65;PRF1;CXCR3;LY86;IL2RA;CD40LG;CCL11;FCGR2B;TRAT1;STAT1
10,2,anal_pc5_c21_S1.filtered.gene_spectra_score.k_10.dt_0_01.txt,prerank,HALLMARK_INTERFERON_GAMMA_RESPONSE,-0.4259613267710521,-1.8704481673844062,0.0,0.0023002606962122373,0.003009027081243731,64/111,32.04%,ST8SIA4;CD74;ARID5B;ITGB7;TNFAIP2;SAMHD1;PARP14;SLAMF7;IL10RA;C1R;CIITA;RNF213;PTPN6;C1S;IRF4;LCP2;SP110;NLRC5;MX1;CSF2RB;BANK1;CCL5;MX2;IL2RB;FGL2;OAS2;CD38;ISG20;ZBP1;CD40;ST3GAL5;PIM1;IFI30;KLRK1;TNFAIP3;STAT4;ICAM1;IL18BP;RAPGEF6;IFI44L;CASP8;GBP6;SOCS1;CD69;CFH;IRF8;GZMA;VCAM1;SERPING1;TNFSF10;IFI44;IFITM2;PSMB9;SAMD9L;STAT1;GBP4;SOCS3;PDE4B;GPR18;CCL2;NAMPT;OAS3;CD86;EPSTI1
10,2,anal_pc5_c21_S1.filtered.gene_spectra_score.k_10.dt_0_01.txt,prerank,HALLMARK_G2M_CHECKPOINT,-0.4643748291580988,-1.8512474559689636,0.0,0.003450391044318356,0.006018054162487462,49/68,29.68%,MCM2;EZH2;NUSAP1;SMC4;ODC1;CDC25B;LMNB1;CDK1;MCM6;PTTG1;CDKN2C;TACC3;TOP2A;TPX2;E2F1;MYBL2;NDC80;RAD54L;PRC1;MEIS1;CDC45;FBXO5;KIF11;SMAD3;CENPF;ORC6;AURKB;KIF23;TROAP;ESPL1;POLQ;KIF15;BIRC5;CCNF;KIF2C;CCNB2;HMMR;CENPE;MKI67;EXO1;SLC7A5;BUB1;KIF22;POLE;MAP3K20;UBE2C;TTK;KIF20B;FANCC
10,2,anal_pc5_c21_S1.filtered.gene_spectra_score.k_10.dt_0_01.txt,prerank,HALLMARK_ESTROGEN_RESPONSE_EARLY,0.6181525095101169,1.8225524448002948,0.0,0.0046425998559193144,0.006,28/118,7.72%,CLDN7;CA12;MUC1;ELF3;KRT8;MLPH;SLC26A2;TFF3;TJP3;TTC39A;AKAP1;KLF4;ESRP2;MYB;TOB1;NBL1;KCNK5;CCND1;LAD1;SCNN1A;FLNB;FHL2;HES1;OVOL2;RETREG1;FOS;RAPGEFL1;P2RY2
10,2,anal_pc5_c21_S1.filtered.gene_spectra_score.k_10.dt_0_01.txt,prerank,HALLMARK_ESTROGEN_RESPONSE_LATE,0.6236752902803991,1.8135603619527143,0.0,0.004255716534592706,0.011,25/106,8.06%,AGR2;CA2;CA12;SLC26A2;CKB;TFF3;TJP3;SERPINA1;LLGL2;CDH1;KLF4;MYB;TOB1;TSPAN13;NBL1;KCNK5;CCND1;UGDH;SCNN1A;FLNB;OVOL2;FOS;RAPGEFL1;ID2;ASS1
10,2,anal_pc5_c21_S1.filtered.gene_spectra_score.k_10.dt_0_01.txt,prerank,HALLMARK_FATTY_ACID_METABOLISM,0.5976419949007746,1.5872312114679652,0.013613861386138614,0.0740236754804913,0.243,10/44,6.56%,CA2;ACSL5;MGLL;MAOA;CA4;HSD17B11;UGDH;ACAA2;HPGD;ACOX1
10,2,anal_pc5_c21_S1.filtered.gene_spectra_score.k_10.dt_0_01.txt,prerank,HALLMARK_EPITHELIAL_MESENCHYMAL_TRANSITION,-0.34653128445649134,-1.5728349256772656,0.0,0.04784542248121454,0.09829488465396188,78/164,27.16%,COL7A1;GPC1;WIPF1;DPYSL3;TGFBI;FBLN1;PFN2;DST;FLNA;ELN;ENO2;COL5A1;COL6A2;COL4A2;EMP3;FSTL1;GLIPR1;ECM1;SPARC;COL3A1;HTRA1;VCAN;COL1A2;WNT5A;THBS2;FBLN2;GJA1;FBN1;COL4A1;PDLIM4;DCN;ITGA5;CALD1;LUM;COL1A1;COL6A3;COL16A1;SNAI2;CRLF1;CXCL12;CADM1;BASP1;MMP2;LAMC1;TNC;TNFAIP3;COL5A2;PTHLH;PCOLCE;PRRX1;CDH11;LOXL1;ITGA2;PMP22;MYL9;TPM2;MXRA5;TIMP3;BGN;THY1;VCAM1;MGP;ABI3BP;IL32;EFEMP2;LOXL2;PDGFRB;LAMA2;COL5A3;ITGB3;SFRP1;CTHRC1;LOX;ADAM12;ACTA2;GREM1;CCN1;FBLN5
10,2,anal_pc5_c21_S1.filtered.gene_spectra_score.k_10.dt_0_01.txt,prerank,HALLMARK_BILE_ACID_METABOLISM,0.597133342432838,1.5479694077005903,0.023543990086741014,0.08434056404920089,0.338,9/37,9.88%,ACSL5;TFCP2L1;NR3C2;SULT1B1;HSD17B11;NR1I2;CYP27A1;ABCA2;CAT
10,2,anal_pc5_c21_S1.filtered.gene_spectra_score.k_10.dt_0_01.txt,prerank,HALLMARK_PI3K_AKT_MTOR_SIGNALING,-0.45793750987509635,-1.5187393832274316,0.015873015873015872,0.06555742984204876,0.15747241725175526,16/32,22.12%,CXCR4;MAPK10;PLCG1;PIK3R3;CDK1;PDK1;TIAM1;SLA;LCK;PRKCB;E2F1;SLC2A1;PLCB1;IL2RG;DAPP1;CAMK4
10,2,anal_pc5_c21_S1.filtered.gene_spectra_score.k_10.dt_0_01.txt,prerank,HALLMARK_MITOTIC_SPINDLE,-0.36542677888407027,-1.496766256042173,0.0,0.0647359081648301,0.17953861584754263,36/77,21.92%,ARHGAP4;DOCK2;DST;FLNA;CNTRL;NUSAP1;CCDC88A;SMC4;CEP72;LMNB1;CDK1;TIAM1;TOP2A;KNTC1;TPX2;ECT2;ANLN;NDC80;PRC1;PALLD;CEP250;FBXO5;KIF11;ARHGAP10;CENPF;PREX1;FSCN1;KIF23;RAPGEF6;DLGAP5;ESPL1;FARP1;KIF15;BIRC5;KIF2C;CCNB2
10,2,anal_pc5_c21_S1.filtered.gene_spectra_score.k_10.dt_0_01.txt,prerank,HALLMARK_CHOLESTEROL_HOMEOSTASIS,0.5622421663421309,1.4503400965288236,0.04533678756476684,0.1833826943088129,0.669,17/35,18.54%,LGALS3;PPARG;MAL2;HMGCR;ANTXR2;ABCA2;JAG1;HMGCS1;TNFRSF12A;CXCL16;MVD;CPEB2;LDLR;PLAUR;STARD4;FASN;LGMN
10,2,anal_pc5_c21_S1.filtered.gene_spectra_score.k_10.dt_0_01.txt,prerank,HALLMARK_PEROXISOME,0.5679473655459795,1.4344011514876716,0.0683311432325887,0.17848217223867588,0.722,10/32,11.86%,HSD11B2;ACSL5;HSD17B11;NR1I2;SEMA3C;ACOX1;ABCB1;CAT;ECI2;SLC27A2
10,2,anal_pc5_c21_S1.filtered.gene_spectra_score.k_10.dt_0_01.txt,prerank,HALLMARK_UV_RESPONSE_UP,0.5099614983651115,1.4027019359614072,0.043329532497149374,0.20924860779179197,0.834,18/66,15.24%,EPCAM;CA2;MAOA;BMP2;CDKN2B;FOS;RAB27A;PTPRD;ABCB1;SLC6A8;PRKCD;IGFBP2;C4BPB;SULT1A1;HMOX1;SOD2;CDC34;NR4A1
10,2,anal_pc5_c21_S1.filtered.gene_spectra_score.k_10.dt_0_01.txt,prerank,HALLMARK_ANDROGEN_RESPONSE,0.5177791789323999,1.3457292770536158,0.09913258983890955,0.29819031991248435,0.951,16/41,15.36%,KRT8;SLC26A2;CCND1;HPGD;TSC22D1;HMGCR;SELENOP;STK39;HMGCS1;AZGP1;IQGAP2;PMEPA1;INPP4B;SAT1;DBI;PDLIM5
10,2,anal_pc5_c21_S1.filtered.gene_spectra_score.k_10.dt_0_01.txt,prerank,HALLMARK_GLYCOLYSIS,0.4823902777605416,1.3450288148021263,0.08720271800679502,0.2664336472869251,0.952,15/67,11.02%,B3GNT3;ELF3;TFF3;HK2;QSOX1;NT5E;DSC2;CYB5A;EGLN3;CITED2;P4HA2;IER3;HSPA5;VEGFA;SLC16A3
10,2,anal_pc5_c21_S1.filtered.gene_spectra_score.k_10.dt_0_01.txt,prerank,HALLMARK_XENOBIOTIC_METABOLISM,0.47859158989378425,1.336725646322954,0.07135016465422613,0.25456922543290905,0.96,19/80,12.80%,CA2;ABCC3;MAOA;TMEM176B;CYB5A;UGDH;CFB;XDH;NDRG2;FBP1;ACOX1;BCAR1;ID2;CYP27A1;CDA;CAT;IGFBP4;BLVRB;CYP2C18
10,2,anal_pc5_c21_S1.filtered.gene_spectra_score.k_10.dt_0_01.txt,prerank,HALLMARK_P53_PATHWAY,0.4337011242642344,1.2443508194060051,0.15309446254071662,0.43316863504168396,0.996,31/89,16.18%,AK1;EPS8L2;KLF4;TOB1;NUPR1;CCND2;MXD1;BMP2;CDKN2B;KIF13B;FOS;CTSD;FUCA1;TSC22D1;PDGFA;GPX2;JUN;IER3;ITGB4;VWA5A;CDKN1A;LIF;CEBPA;TRAF4;TGFA;HMOX1;SAT1;RNF19B;TCN2;SERPINB5;HBEGF
10,2,anal_pc5_c21_S1.filtered.gene_spectra_score.k_10.dt_0_01.txt,prerank,HALLMARK_KRAS_SIGNALING_UP,0.41278663184833325,1.2182809933228522,0.15126050420168066,0.4672260910554355,0.998,31/131,14.32%,TSPAN1;CA2;SPON1;EPHB2;CTSS;KLF4;MALL;TMEM176B;TSPAN13;TMEM176A;CCND2;CFB;BMP2;ACE;SPRY2;FUCA1;ID2;HKDC1;TSPAN7;ABCB1;PTPRR;VWA5A;CCL20;MPZL2;LIF;DUSP6;ANO1;KCNN4;BTC;SLPI;EPB41L3
10,2,anal_pc5_c21_S1.filtered.gene_spectra_score.k_10.dt_0_01.txt,prerank,HALLMARK_HEME_METABOLISM,0.4471928505485327,1.2046739901518817,0.21320973348783315,0.465093272745558,0.999,13/55,12.40%,SELENBP1;CA2;PDZK1IP1;MBOAT2;P4HA2;KDM7A;KLF3;SLC6A8;TRIM10;CAT;MAP2K3;ALDH1L1;BLVRB
10,2,anal_pc5_c21_S1.filtered.gene_spectra_score.k_10.dt_0_01.txt,prerank,HALLMARK_MTORC1_SIGNALING,-0.28758774603564136,-1.1794295256324927,0.1557377049180328,0.3513648213464193,0.7011033099297894,21/72,14.66%,CORO1A;GCLC;PHGDH;ELOVL5;SLC6A6;MCM2;CXCR4;MCM4;TXNRD1;ITGB2;PIK3R3;SLC1A4;PDK1;SLA;BTG2;SLC7A11;FGL2;SLC2A1;NIBAN1;IGFBP5;IFI30
10,2,anal_pc5_c21_S1.filtered.gene_spectra_score.k_10.dt_0_01.txt,prerank,HALLMARK_TGF_BETA_SIGNALING,0.4878634457474055,1.1511375320091466,0.30532212885154064,0.565125994366369,1.0,9/24,16.20%,CDH1;BMP2;ID2;ID1;THBS1;ID3;PMEPA1;SMAD7;TJP1
10,2,anal_pc5_c21_S1.filtered.gene_spectra_score.k_10.dt_0_01.txt,prerank,HALLMARK_HEDGEHOG_SIGNALING,-0.41036761062135585,-1.1088882070430686,0.3291139240506329,0.4551960333282216,0.8254764292878636,8/17,22.90%,DPYSL2;NRCAM;CELSR1;NRP2;HEY1;NRP1;THY1;CRMP1
10,2,anal_pc5_c21_S1.filtered.gene_spectra_score.k_10.dt_0_01.txt,prerank,HALLMARK_IL2_STAT5_SIGNALING,0.36814615285727104,1.0841448399131761,0.3575949367088608,0.7066552825137633,1.0,18/127,9.40%,CA2;MUC1;ST3GAL4;HK2;NT5E;NFKBIZ;IL1R2;CCND2;MXD1;TNFRSF21;SLC39A8;BMP2;CDCP1;SMPDL3A;ITGA6;WLS;PNP;ABCB1
10,2,anal_pc5_c21_S1.filtered.gene_spectra_score.k_10.dt_0_01.txt,prerank,HALLMARK_HYPOXIA,0.35473856235054924,1.0341045420585977,0.4296455424274973,0.7957706315536701,1.0,17/111,10.90%,SELENBP1;CA12;PPARGC1A;HK2;PLAC8;EFNA1;NEDD4L;FBP1;SDC4;FOS;CITED2;P4HA2;JUN;LXN;IER3;HSPA5;VEGFA
10,2,anal_pc5_c21_S1.filtered.gene_spectra_score.k_10.dt_0_01.txt,prerank,HALLMARK_ANGIOGENESIS,-0.3045907796136085,-1.0095730069532467,0.4426229508196721,0.640392577825487,0.9267803410230692,9/29,16.92%,FGFR1;FSTL1;COL3A1;VCAN;JAG2;S100A4;LUM;COL5A2;NRP1
10,2,anal_pc5_c21_S1.filtered.gene_spectra_score.k_10.dt_0_01.txt,prerank,HALLMARK_ADIPOGENESIS,0.3751739637582824,1.0082819288015947,0.47759433962264153,0.8123639434161563,1.0,6/51,6.56%,MGLL;PPARG;TOB1;ESRRA;ACAA2;ACOX1
10,2,anal_pc5_c21_S1.filtered.gene_spectra_score.k_10.dt_0_01.txt,prerank,HALLMARK_INFLAMMATORY_RESPONSE,-0.2194326553062682,-0.9877049743284619,0.5,0.6371722128507897,0.9448345035105316,38/141,20.34%,SPHK1;GPC3;SEMA4D;IL10RA;EMP3;LCP2;SELL;IL7R;SLAMF1;LCK;CD48;BTG2;RASGRP1;ITGA5;CCL5;GPR183;CYBB;IL2RB;KCNA3;CSF1;GPR132;ABCA1;PIK3R5;CD40;STAB1;PCDH7;OSMR;TNFRSF1B;CCR7;ICAM1;SLC7A2;IL1R1;PDPN;ITGB8;CD69;CALCRL;TLR2;RGS1
10,2,anal_pc5_c21_S1.filtered.gene_spectra_score.k_10.dt_0_01.txt,prerank,HALLMARK_COAGULATION,-0.23642006690891704,-0.9753574735263849,0.47191011235955055,0.6130194755405612,0.9498495486459378,33/79,29.70%,ANXA1;C1R;C1S;FYN;SPARC;HTRA1;PECAM1;A2M;CTSH;FBN1;CTSB;USP11;PLAU;CLU;MMP2;PLEK;SH2B2;ITGA2;CFH;THBD;VWF;TIMP3;SERPING1;MMP11;C1QA;CRIP2;C3;ITGB3;CFD;PLAT;DUSP14;CTSK;PDGFB
10,2,anal_pc5_c21_S1.filtered.gene_spectra_score.k_10.dt_0_01.txt,prerank,HALLMARK_DNA_REPAIR,0.4199859718271819,0.9661182396072546,0.5197183098591549,0.8713042266632276,1.0,5/22,9.68%,AK1;VPS37B;STX3;PNP;CDA
10,2,anal_pc5_c21_S1.filtered.gene_spectra_score.k_10.dt_0_01.txt,prerank,HALLMARK_INTERFERON_ALPHA_RESPONSE,-0.2671792724089552,-0.9622642308314028,0.5269461077844312,0.5989524966675711,0.954864593781344,18/50,28.22%,CD74;PARP14;C1S;LPAR6;SP110;SELL;MX1;ISG20;CSF1;IFI30;GBP2;IFI44L;CASP8;IFI44;IFITM2;PSMB9;SAMD9L;GBP4
10,2,anal_pc5_c21_S1.filtered.gene_spectra_score.k_10.dt_0_01.txt,prerank,HALLMARK_REACTIVE_OXYGEN_SPECIES_PATHWAY,-0.33628575906026326,-0.9500865961038402,0.521594684385382,0.585087738515127,0.9638916750250752,4/19,6.42%,LSP1;GCLC;TXNRD1;FTL
10,2,anal_pc5_c21_S1.filtered.gene_spectra_score.k_10.dt_0_01.txt,prerank,HALLMARK_COMPLEMENT,0.32150788101756017,0.9435647940036412,0.604602510460251,0.8787138341330795,1.0,19/122,13.80%,CA2;LGALS3;KLK1;SERPINA1;CTSS;PRSS3;CFB;CPM;CTSD;CDA;HSPA5;PRKCD;DPP4;CASP5;ADAM9;C4BPB;LRP1;DUSP6;CSRP1
10,2,anal_pc5_c21_S1.filtered.gene_spectra_score.k_10.dt_0_01.txt,prerank,HALLMARK_TNFA_SIGNALING_VIA_NFKB,0.30788329196132574,0.9130879064335424,0.6784968684759917,0.8998132287414284,1.0,39/150,16.82%,KLF4;EFNA1;MXD1;CCND1;BMP2;HES1;IL18;SDC4;FOS;ID2;TSC22D1;PHLDA2;EDN1;JUN;IER3;MAP2K3;VEGFA;CCL20;CXCL3;CCRL2;PTGER4;JAG1;CDKN1A;LIF;DUSP1;AREG;PMEPA1;SOD2;SAT1;TRIB1;MYC;NR4A1;PDLIM5;RNF19B;LAMB3;HBEGF;LDLR;ZFP36;G0S2
10,2,anal_pc5_c21_S1.filtered.gene_spectra_score.k_10.dt_0_01.txt,prerank,HALLMARK_UNFOLDED_PROTEIN_RESPONSE,-0.3090844269722952,-0.907993049032148,0.6065573770491803,0.6313448857537187,0.9729187562688064,10/23,30.20%,SLC1A4;NABP1;TSPYL2;HERPUD1;DNAJB9;SLC7A5;ERN1;PSAT1;CEBPB;CCL2
10,2,anal_pc5_c21_S1.filtered.gene_spectra_score.k_10.dt_0_01.txt,prerank,HALLMARK_APICAL_JUNCTION,0.3099568893403267,0.8966381409571452,0.668824163969795,0.889831639051202,1.0,6/101,4.16%,CLDN7;CLDN4;WNK4;PCDH1;CDH1;ITGA3
10,2,anal_pc5_c21_S1.filtered.gene_spectra_score.k_10.dt_0_01.txt,prerank,HALLMARK_APOPTOSIS,0.306847928834024,0.8756075673653996,0.678173719376392,0.8894447557298755,1.0,17/79,15.84%,LGALS3;ERBB3;ERBB2;CCND2;CCND1;BMP2;IL18;JUN;IER3;CDKN1A;HMOX1;TNFRSF12A;SOD2;SAT1;SMAD7;CTH;TIMP1
10,2,anal_pc5_c21_S1.filtered.gene_spectra_score.k_10.dt_0_01.txt,prerank,HALLMARK_APICAL_SURFACE,0.3482340041099775,0.8524425382813179,0.6803170409511229,0.8929939896776977,1.0,2/27,3.90%,ATP8B1;AKAP7
10,2,anal_pc5_c21_S1.filtered.gene_spectra_score.k_10.dt_0_01.txt,prerank,HALLMARK_UV_RESPONSE_DN,0.29509832254674,0.8248512489616354,0.7537399309551208,0.8994392415308128,1.0,15/69,15.36%,MGLL;PPARG;ERBB2;ICA1;FHL2;ID1;CITED2;PLCB4;KCNMA1;DUSP1;MET;INPP4B;SMAD7;MYC;PDLIM5
10,2,anal_pc5_c21_S1.filtered.gene_spectra_score.k_10.dt_0_01.txt,prerank,HALLMARK_KRAS_SIGNALING_DN,0.2723967902121761,0.7660940918913699,0.8140589569160998,0.9480498412444304,1.0,6/78,11.06%,HSD11B2;TFCP2L1;GPRC5C;SELENOP;EDN1;IGFBP2
10,2,anal_pc5_c21_S1.filtered.gene_spectra_score.k_10.dt_0_01.txt,prerank,HALLMARK_SPERMATOGENESIS,0.26824548835502804,0.695999239146043,0.8642131979695431,0.9942008550429265,1.0,2/36,6.28%,SLC12A2;ACE
10,2,anal_pc5_c21_S1.filtered.gene_spectra_score.k_10.dt_0_01.txt,prerank,HALLMARK_MYOGENESIS,0.23565842241871038,0.6800114510599466,0.9366952789699571,0.9729399080769182,1.0,11/112,11.58%,AK1;CKB;ERBB3;VIPR1;DAPK2;EPHB3;MB;SLC6A8;ACHE;ITGB4;SOD3
10,2,anal_pc5_c21_S1.filtered.gene_spectra_score.k_10.dt_0_01.txt,prerank,HALLMARK_IL6_JAK_STAT3_SIGNALING,0.24855267472385523,0.675300242401769,0.9007009345794392,0.94214379099915,1.0,3/53,5.04%,PLA2G2A;IL1R2;TNFRSF21
10,2,anal_pc5_c21_S1.filtered.gene_spectra_score.k_10.dt_0_01.txt,prerank,HALLMARK_WNT_BETA_CATENIN_SIGNALING,0.25025081363170043,0.5493335354882641,0.9619482496194824,0.983644174070813,1.0,4/15,17.02%,CCND2;JAG1;MYC;PPARD
10,3,anal_pc5_c21_S1.filtered.gene_spectra_score.k_10.dt_0_01.txt,prerank,HALLMARK_G2M_CHECKPOINT,-0.5605083631524055,-2.3348219716546104,0.0,0.0,0.0,57/68,33.58%,CDK1;SLC12A2;MCM2;TOP2A;ODC1;NUSAP1;E2F1;TPX2;MKI67;TROAP;SLC7A1;MEIS1;KIF23;MYBL2;BIRC5;PLK1;RAD54L;ORC6;PRC1;PTTG1;CDC20;LMNB1;CCND1;CDKN2C;CCNB2;MAP3K20;HMMR;NDC80;CKS2;CENPF;EZH2;CDC45;KIF11;KIF2C;MT2A;KPNA2;ESPL1;CENPE;NEK2;TTK;INCENP;POLQ;UBE2C;DMD;MYC;MEIS2;BUB1;MCM6;CENPA;EXO1;AURKB;KIF15;CCNF;SNRPD1;FANCC;SMC4;AURKA
10,3,anal_pc5_c21_S1.filtered.gene_spectra_score.k_10.dt_0_01.txt,prerank,HALLMARK_E2F_TARGETS,-0.5918924803679559,-2.2547881836581207,0.0,0.0,0.0,39/54,23.66%,MCM4;CDK1;MCM2;TOP2A;CDKN2A;TCF19;TK1;HELLS;PRDX4;CENPM;MKI67;RRM2;MYBL2;BIRC5;CDKN1A;PLK1;CIT;ORC6;PTTG1;CDC20;LMNB1;CDKN2C;HMGB2;CCNB2;HMMR;CDCA3;SPC25;CKS2;EZH2;KIF2C;KIF18B;SPAG5;MELK;DLGAP5;DEPDC1;KPNA2;ESPL1;CENPE;CDCA8
10,3,anal_pc5_c21_S1.filtered.gene_spectra_score.k_10.dt_0_01.txt,prerank,HALLMARK_ALLOGRAFT_REJECTION,0.7480768871724172,2.2204873383118877,0.0,0.0,0.0,58/121,12.02%,CD2;ITGAL;CD96;ZAP70;FYB1;CD3E;CD3D;CCL5;IL2RG;ITK;IL2RB;LCK;CD8A;LCP2;CD28;CD247;ETS1;CD7;PTPRC;STAT4;CCR5;CD3G;IL16;GZMA;PRF1;ITGB2;TRAT1;CD40LG;CD4;LTB;SRGN;CXCR3;MAP4K1;HCLS1;IL12RB1;SIT1;GBP2;FASLG;KLRD1;IL27RA;IL18RAP;IL2RA;CCND3;WAS;FAS;ST8SIA4;CCL4;GZMB;CCND2;STAT1;CRTAM;PTPN6;NCR1;TNF;GPR65;CSF1;FLNA;PRKCB
10,3,anal_pc5_c21_S1.filtered.gene_spectra_score.k_10.dt_0_01.txt,prerank,HALLMARK_EPITHELIAL_MESENCHYMAL_TRANSITION,-0.4262767365581542,-1.9771083330605876,0.0,0.004626835646751157,0.003009027081243731,97/164,25.84%,DST;GPC1;LRP1;IGFBP2;MMP14;DPYSL3;COL7A1;PFN2;TGFBI;FBLN1;IGFBP4;COL4A2;LAMC1;ITGB5;ELN;SPARC;RHOB;COL3A1;LAMA3;VEGFA;COL1A2;ITGA2;MATN2;TPM1;COL4A1;THBS1;QSOX1;SAT1;FSTL1;VCAN;WNT5A;SDC4;DCN;CALD1;GJA1;THBS2;LUM;COL6A3;MMP2;JUN;COL1A1;CXCL12;FUCA1;FN1;DAB2;FBN1;COL5A1;SLC6A8;COL5A2;PDLIM4;EDIL3;CAPG;HTRA1;COL16A1;SERPINH1;COL6A2;ANPEP;BASP1;FBLN2;PMP22;CDH11;MXRA5;NT5E;PLOD2;BMP1;ECM1;CADM1;TNC;SNAI2;PVR;PTHLH;CRLF1;FBLN5;ABI3BP;PCOLCE;LOX;TIMP1;BGN;PDGFRB;COL12A1;MYL9;TIMP3;TAGLN;CTHRC1;LOXL1;THY1;NNMT;SERPINE2;VCAM1;GREM1;NID2;CCN1;ITGB3;LAMC2;PLAUR;FMOD;IGFBP3
10,3,anal_pc5_c21_S1.filtered.gene_spectra_score.k_10.dt_0_01.txt,prerank,HALLMARK_ESTROGEN_RESPONSE_LATE,-0.4323587524236193,-1.896444719242912,0.0,0.003470126735063368,0.003009027081243731,42/106,16.10%,CDH1;AGR2;CXCL14;CA12;KRT19;SCNN1A;RAPGEFL1;PLXNB1;CKB;IGFBP4;TFF3;NBL1;MDK;KLF4;XBP1;FLNB;SERPINA1;TSPAN13;CA2;UGDH;HR;TOP2A;FARP1;PRSS23;FGFR3;CPE;BLVRB;CXCL12;FOS;OVOL2;HSPA4L;SLC26A2;SGK1;MYB;KLK11;KLK10;CYP4F11;SCARB1;TJP3;CDC20;FABP5;CCND1
10,3,anal_pc5_c21_S1.filtered.gene_spectra_score.k_10.dt_0_01.txt,prerank,HALLMARK_COAGULATION,-0.4478737350403807,-1.888874301182211,0.0,0.002776101388050694,0.003009027081243731,41/79,25.50%,GSN;LRP1;MMP14;CTSB;SPARC;SERPINA1;A2M;C1S;C1R;CTSH;ITGA2;THBS1;PRSS23;LGMN;ADAM9;MMP2;CFB;FN1;FBN1;HTRA1;SH2B2;CLU;C1QA;C2;BMP1;PLAU;CFD;SERPING1;CSRP1;VWF;CFI;TIMP1;THBD;C3;TIMP3;PLAT;F3;MMP11;RAPGEF3;CRIP2;ITGB3
10,3,anal_pc5_c21_S1.filtered.gene_spectra_score.k_10.dt_0_01.txt,prerank,HALLMARK_MYOGENESIS,-0.396877681335729,-1.837832213758572,0.0,0.005397974921209683,0.007021063189568706,52/112,28.94%,ITGB4;GSN;CKB;NQO1;COL4A2;EFS;ITGB5;SPARC;ERBB3;COL3A1;SPHK1;MYH11;CNN3;EPHB3;CDH13;COL6A3;AEBP1;COL1A1;MEF2C;IGFBP7;NAV2;SLC6A8;SVIL;SMTN;COL6A2;SOD3;CDKN1A;CLU;SCD;MAPRE3;GAA;CFD;CD36;COL15A1;IGF1;DTNA;TAGLN;CRYAB;FST;VIPR1;WWTR1;TNNT3;IGFBP3;DMD;MYLK;SORBS3;GPX3;HBEGF;MAPK12;BDKRB2;PVALB;TNNI2
10,3,anal_pc5_c21_S1.filtered.gene_spectra_score.k_10.dt_0_01.txt,prerank,HALLMARK_HEDGEHOG_SIGNALING,-0.6246793919482956,-1.7969184666009965,0.0078125,0.00793171825157341,0.012036108324974924,13/17,33.22%,CELSR1;ADGRG1;VEGFA;NRP1;DPYSL2;NRCAM;NRP2;HEY1;THY1;VLDLR;UNC5C;CRMP1;ACHE
10,3,anal_pc5_c21_S1.filtered.gene_spectra_score.k_10.dt_0_01.txt,prerank,HALLMARK_INTERFERON_GAMMA_RESPONSE,0.5988079893263396,1.7496164251801645,0.0,0.005111583694176126,0.019,44/111,14.42%,CCL5;IL2RB;NLRC5;LCP2;RNF213;KLRK1;STAT4;IL10RA;GZMA;CASP8;EIF4E3;SAMHD1;RAPGEF6;CD69;ITGB7;IRF1;TRIM14;TNFAIP3;FAS;ST8SIA4;ZBP1;PFKP;SAMD9L;OAS2;STAT1;ISG20;PSMB9;PTPN6;PIM1;GBP4;GPR18;ST3GAL5;OASL;MX2;IFITM2;SP110;UPP1;IFI44;EPSTI1;PDE4B;SOCS1;HERC6;HELZ2;IRF7
10,3,anal_pc5_c21_S1.filtered.gene_spectra_score.k_10.dt_0_01.txt,prerank,HALLMARK_ESTROGEN_RESPONSE_EARLY,-0.36873694962480524,-1.6843287174309054,0.0,0.020242405954536313,0.034102306920762285,42/118,16.10%,CLDN7;KRT8;ELF3;CA12;KRT19;SCNN1A;RAPGEFL1;MUC1;HES1;KRT15;CELSR1;IGFBP4;TFF3;NBL1;ESRP2;KLF4;MLPH;XBP1;FLNB;HR;FARP1;PRSS23;LAD1;GJA1;AKAP1;BLVRB;CXCL12;FOS;OVOL2;NAV2;SLC26A2;SVIL;CBFA2T3;TUBB2B;MYB;RHOBTB3;KLK10;TTC39A;SCARB1;TJP3;KAZN;CCND1
10,3,anal_pc5_c21_S1.filtered.gene_spectra_score.k_10.dt_0_01.txt,prerank,HALLMARK_INTERFERON_ALPHA_RESPONSE,0.5957187162536295,1.630718956446223,0.002277904328018223,0.019728919521381536,0.108,29/50,21.06%,CASP8;LPAR6;GBP2;IRF1;TRIM14;SELL;SAMD9L;ISG20;PSMB9;GBP4;CSF1;OASL;SAMD9;IFITM2;SP110;IFI44;EPSTI1;HERC6;HELZ2;IRF7;TMEM140;TRIM5;NUB1;DDX60;RSAD2;CMPK2;CCRL2;IFI44L;IFIH1
10,3,anal_pc5_c21_S1.filtered.gene_spectra_score.k_10.dt_0_01.txt,prerank,HALLMARK_IL2_STAT5_SIGNALING,0.5326145612563975,1.587914198824187,0.0,0.02690307207461119,0.181,39/127,11.86%,TRAF1;IL2RB;CCR4;RORA;CST7;IL10RA;ICOS;TNFRSF1B;PRKCH;LTB;FLT3LG;CTLA4;BATF;CISH;EOMES;CDC42SE2;CD48;PHTF2;TNFRSF4;RHOH;IL2RA;CCND3;SLC2A3;TNFRSF18;SELL;CCND2;BCL2;IL18R1;SYT11;TIAM1;TNFRSF9;PTGER2;PIM1;GPR65;IKZF2;GBP4;TTC39B;AGER;CSF1
10,3,anal_pc5_c21_S1.filtered.gene_spectra_score.k_10.dt_0_01.txt,prerank,HALLMARK_ANGIOGENESIS,-0.46743892407671117,-1.5759160208866823,0.024630541871921183,0.043183799369677464,0.08124373119358075,16/29,26.22%,JAG1;FGFR1;TNFRSF21;COL3A1;VEGFA;FSTL1;VCAN;LUM;NRP1;COL5A2;VAV2;JAG2;TIMP1;THBD;PDGFA;SLCO2A1
10,3,anal_pc5_c21_S1.filtered.gene_spectra_score.k_10.dt_0_01.txt,prerank,HALLMARK_XENOBIOTIC_METABOLISM,-0.37549927420296236,-1.5645111233805449,0.0,0.043492255079460876,0.09127382146439318,21/80,9.96%,EPHX1;ABCC3;ALDH3A1;AKR1C3;TMEM176B;AKR1C2;NQO1;FBLN1;IGFBP4;GCLC;IRF8;CES1;EPHA2;MAOA;CA2;UGDH;PTGR1;BCAR1;NDRG2;BLVRB;CFB
10,3,anal_pc5_c21_S1.filtered.gene_spectra_score.k_10.dt_0_01.txt,prerank,HALLMARK_PI3K_AKT_MTOR_SIGNALING,0.6071238566756791,1.5610668529774694,0.01373283395755306,0.03056188987675831,0.243,10/32,12.70%,IL2RG;LCK;SLA;PLCG1;CAMK4;FASLG;CXCR4;TIAM1;PRKCB;ITPR2
10,3,anal_pc5_c21_S1.filtered.gene_spectra_score.k_10.dt_0_01.txt,prerank,HALLMARK_IL6_JAK_STAT3_SIGNALING,0.5654965872891049,1.5544498804224778,0.010169491525423728,0.02699274898152656,0.259,18/53,14.04%,IL2RG;TNFRSF1B;LTB;ITGA4;IL12RB1;IRF1;PIK3R5;IL2RA;FAS;IL9R;IL18R1;IL17RA;STAT1;PIM1;TNF;CSF1;SOCS1;MAP3K8
10,3,anal_pc5_c21_S1.filtered.gene_spectra_score.k_10.dt_0_01.txt,prerank,HALLMARK_FATTY_ACID_METABOLISM,-0.41530122417870485,-1.5336310784696296,0.02459016393442623,0.05089519211426272,0.11634904714142427,19/44,26.58%,EPHX1;ALDH3A1;ALDH1A1;GLUL;MAOA;CA2;UGDH;MGLL;ODC1;CBR3;CD1D;CEL;CA4;PTPRG;CD36;ME1;HSD17B11;HMGCS1;ACOX1
10,3,anal_pc5_c21_S1.filtered.gene_spectra_score.k_10.dt_0_01.txt,prerank,HALLMARK_INFLAMMATORY_RESPONSE,0.504396399779794,1.4966477751273009,0.00508130081300813,0.04827179789387379,0.458,36/141,14.72%,IL7R;CCL5;IL2RB;LCK;RASGRP1;LCP2;IL10RA;TNFRSF1B;CXCR6;SLAMF1;CD69;CD48;KCNA3;IRF1;PIK3R5;CCR7;IL18RAP;GPR183;SEMA4D;SELL;EMP3;IL18R1;GPR132;RGS1;TNFRSF9;PTGER2;PTGER4;ITGA5;NMUR1;CSF1;LTA;NOD2;PDE4B;P2RX7;IRF7;CD70
10,3,anal_pc5_c21_S1.filtered.gene_spectra_score.k_10.dt_0_01.txt,prerank,HALLMARK_GLYCOLYSIS,-0.36867749075527667,-1.47001704864609,0.0125,0.07287266143633071,0.17251755265797392,36/67,29.00%,ELF3;GPC1;TGFBI;TFF3;GCLC;B3GNT3;CDK1;DSC2;GPC3;VEGFA;QSOX1;P4HA2;VCAN;DCN;COL5A1;TPST1;SDC3;HK2;NT5E;PLOD2;SDC2;HMMR;SPAG4;MET;KIF20A;GPC4;DEPDC1;ME1;HSPA5;CHPF;IGFBP3;CYB5A;IER3;VLDLR;CENPA;MERTK
10,3,anal_pc5_c21_S1.filtered.gene_spectra_score.k_10.dt_0_01.txt,prerank,HALLMARK_CHOLESTEROL_HOMEOSTASIS,-0.40112075121682456,-1.4460376676220066,0.049723756906077346,0.07794438512603873,0.19759277833500502,19/35,32.10%,JAG1;LGALS3;ALCAM;MAL2;LGMN;PPARG;CXCL16;CLU;LDLR;SCD;FABP5;HMGCR;HMGCS1;PLAUR;ERRFI1;ATF3;NFIL3;FASN;TNFRSF12A
10,3,anal_pc5_c21_S1.filtered.gene_spectra_score.k_10.dt_0_01.txt,prerank,HALLMARK_ADIPOGENESIS,-0.3751094727404829,-1.4321108986774551,0.01652892561983471,0.07865620599476966,0.21063189568706117,32/51,34.42%,MGLL;COL4A1;PHLDB1;LAMA4;PPARG;CAVIN1;ABCA1;ITIH5;SPARCL1;SCARB1;APOE;CDKN2C;CD36;COL15A1;BCL6;C3;ME1;ITSN1;ENPP2;SNCG;CYP4B1;ACOX1;MYLK;TOB1;GPX3;FZD4;LIFR;FABP4;CAT;SORBS1;CCNG2;CAVIN2
10,3,anal_pc5_c21_S1.filtered.gene_spectra_score.k_10.dt_0_01.txt,prerank,HALLMARK_UV_RESPONSE_DN,-0.33753540047936614,-1.3730046596572312,0.023809523809523808,0.09963119426004158,0.27382146439317956,39/69,23.32%,ID1;LAMC1;ERBB2;PLPP3;PLCB4;COL3A1;MGLL;NFIB;COL1A2;TJP1;GJA1;TFPI;COL1A1;DAB2;NRP1;COL5A2;PPARG;SLC7A1;VAV2;IGFBP5;PIK3R3;ICA1;LDLR;LPAR1;EFEMP1;PMP22;MAP1B;KCNMA1;SDC2;ADGRL2;SNAI2;RBPMS;FHL2;MET;FBLN5;RND3;PDGFRB;F3;CAV1
10,3,anal_pc5_c21_S1.filtered.gene_spectra_score.k_10.dt_0_01.txt,prerank,HALLMARK_COMPLEMENT,0.4384487877192997,1.3061312436923578,0.05699481865284974,0.2531579082220913,0.957,32/122,16.18%,SPOCK2;CCL5;LCK;RASGRP1;LCP2;FYN;GZMA;CD40LG;GZMK;DOCK10;GATA3;APOBEC3G;GNG2;IRF1;PIK3R5;CBLB;WAS;TNFAIP3;GZMB;F5;EHD1;PSMB9;PIM1;DOCK9;CTSC;ZEB1;GNGT2;IRF7;PHEX;STX4;DPP4;KIF2A
10,3,anal_pc5_c21_S1.filtered.gene_spectra_score.k_10.dt_0_01.txt,prerank,HALLMARK_MITOTIC_SPINDLE,-0.29383344942650014,-1.2634475501559952,0.14925373134328357,0.17581975457654395,0.45336008024072216,42/77,24.26%,GSN;DST;TRIO;FLNB;CDK1;RAPGEF5;TOP2A;FARP1;BCAR1;ECT2;PALLD;FGD4;NUSAP1;MID1;ANLN;NET1;EPB41L2;TPX2;DOCK4;KIF23;BIRC5;CCDC88A;SYNPO;PLK1;PRC1;LMNB1;CDC42EP4;CCNB2;NDC80;CENPF;CDC42EP2;FSCN1;KIF11;KIF2C;DLGAP5;ESPL1;CENPE;NEK2;CEP250;TTK;ITSN1;INCENP
10,3,anal_pc5_c21_S1.filtered.gene_spectra_score.k_10.dt_0_01.txt,prerank,HALLMARK_P53_PATHWAY,-0.28874994390760655,-1.2256380460872318,0.07246376811594203,0.2043972688653011,0.5275827482447342,28/89,12.90%,ITGB4;GPX2;EPHX1;TP63;NUPR1;EPS8L2;CLCA2;KLF4;KRT17;SERPINB5;IFI30;ABCC5;EPHA2;SPHK1;TM4SF1;SLC7A11;SAT1;CDKN2A;CDH13;TRAF4;JUN;FUCA1;FOS;GM2A;HSPA4L;BMP2;TSC22D1;CDKN2B
10,3,anal_pc5_c21_S1.filtered.gene_spectra_score.k_10.dt_0_01.txt,prerank,HALLMARK_KRAS_SIGNALING_UP,0.40710358371946487,1.2218452527385177,0.1313340227507756,0.404562419397542,0.997,17/131,8.74%,TRAF1;IL7R;IKZF1;IL2RG;ETS1;IL10RA;TNFRSF1B;LCP1;TRIB2;ITGB2;LAPTM5;DOCK2;MAP4K1;ADAM8;SATB1;TNFAIP3;CCND2
10,3,anal_pc5_c21_S1.filtered.gene_spectra_score.k_10.dt_0_01.txt,prerank,HALLMARK_APOPTOSIS,0.42068240789077727,1.2008775415601176,0.1907824222936763,0.4145763406697584,1.0,18/79,12.56%,CD2;CASP8;PRF1;PLCB2;CD69;FASLG;DPYD;SATB1;IRF1;FAS;CCND2;LEF1;ISG20;TNF;CDC25B;SLC20A1;BIRC3;ENO2
10,3,anal_pc5_c21_S1.filtered.gene_spectra_score.k_10.dt_0_01.txt,prerank,HALLMARK_TGF_BETA_SIGNALING,-0.36360588899112944,-1.1618753632418481,0.20164609053497942,0.25935984264288425,0.6278836509528586,14/24,27.98%,CDH1;ID1;ID3;THBS1;TJP1;TGIF1;BMP2;SMAD1;LTBP2;CDKN1C;SMAD6;WWTR1;ENG;RAB31
10,3,anal_pc5_c21_S1.filtered.gene_spectra_score.k_10.dt_0_01.txt,prerank,HALLMARK_PEROXISOME,-0.3140549562177849,-1.105651119045157,0.2549019607843137,0.32631367192876576,0.7422266800401204,13/32,26.58%,HSD11B2;ALDH1A1;ABCC5;TOP2A;SEMA3C;CRABP2;SOD2;CADM1;CEL;NR1I2;HSD17B11;DHRS3;ACOX1
10,3,anal_pc5_c21_S1.filtered.gene_spectra_score.k_10.dt_0_01.txt,prerank,HALLMARK_WNT_BETA_CATENIN_SIGNALING,0.4751375860185281,1.06910955575986,0.39098837209302323,0.7307852668994383,1.0,3/15,9.02%,TCF7;CCND2;LEF1
10,3,anal_pc5_c21_S1.filtered.gene_spectra_score.k_10.dt_0_01.txt,prerank,HALLMARK_APICAL_SURFACE,0.42090814147494504,1.0570178421471599,0.3886743886743887,0.7040533961925748,1.0,5/27,12.52%,IL2RG;IL2RB;GATA3;CD160;MAL
10,3,anal_pc5_c21_S1.filtered.gene_spectra_score.k_10.dt_0_01.txt,prerank,HALLMARK_HEME_METABOLISM,-0.262587938642476,-1.034822947399799,0.37719298245614036,0.43330315831824584,0.8525576730190572,13/55,11.76%,BCAM;SELENBP1;CTSB;GCLC;CA2;SLC7A11;P4HA2;MBOAT2;KLF3;BLVRB;SLC6A8;TENT5C;PDZK1IP1
10,3,anal_pc5_c21_S1.filtered.gene_spectra_score.k_10.dt_0_01.txt,prerank,HALLMARK_UV_RESPONSE_UP,-0.25259740716267237,-1.0112958145542346,0.44761904761904764,0.463124215689092,0.8856569709127382,15/66,13.30%,EPCAM;EPHX1;IGFBP2;MMP14;MAOA;CA2;CREG1;RHOB;HSPA2;FOS;SLC6A8;PTPRD;BMP2;CDKN2B;HYAL2
10,3,anal_pc5_c21_S1.filtered.gene_spectra_score.k_10.dt_0_01.txt,prerank,HALLMARK_APICAL_JUNCTION,0.31732616066665764,0.9358403919848436,0.6050686378035903,0.966896410361526,1.0,6/101,1.98%,EVL;FYB1;TRAF1;PTPRC;RAC2;PLCG1
10,3,anal_pc5_c21_S1.filtered.gene_spectra_score.k_10.dt_0_01.txt,prerank,HALLMARK_TNFA_SIGNALING_VIA_NFKB,0.3077275951754904,0.9307663181182869,0.6320081549439348,0.9097850316431373,1.0,40/150,21.06%,TRAF1;IL7R;CCL5;CD69;IRF1;GPR183;TNFAIP3;SLC16A6;SLC2A3;CCL4;DUSP2;DUSP4;EHD1;TNFRSF9;PTGER4;TNF;CSF1;BIRC3;KLF2;PDE4B;MAP3K8;ZFP36;NFKB2;SMAD3;MAP2K3;CSF2;NR4A3;PTPRE;KDM6B;NFAT5;ZC3H12A;PFKFB3;ID2;CCL20;NR4A2;PLEK;TIPARP;CCRL2;BCL2A1;IFIH1
10,3,anal_pc5_c21_S1.filtered.gene_spectra_score.k_10.dt_0_01.txt,prerank,HALLMARK_HYPOXIA,-0.20078653012511713,-0.9218235928515289,0.6363636363636364,0.6342971050273404,0.9598796389167502,41/111,26.26%,PKP1;GPC1;NEDD4L;CA12;SELENBP1;TGFBI;ACKR3;GPC3;VEGFA;EFNA1;P4HA2;SDC4;DCN;JUN;FOS;COL5A1;SDC3;CAVIN1;CDKN1A;PPARGC1A;HK2;SCARB1;SDC2;GAA;HMOX1;ADM;NDRG1;LOX;CDKN1C;BGN;GPC4;MT2A;DTNA;F3;CAV1;HSPA5;CCN1;PLAUR;IGFBP3;CP;ERRFI1
10,3,anal_pc5_c21_S1.filtered.gene_spectra_score.k_10.dt_0_01.txt,prerank,HALLMARK_KRAS_SIGNALING_DN,-0.21143644294783204,-0.8467246329786511,0.8536585365853658,0.7473345403339369,0.9729187562688064,13/78,13.54%,PKP1;IGFBP2;HSD11B2;KRT15;TFCP2L1;SELENOP;CALML5;AKR1B10;FGFR3;TENT5C;SPTBN2;SGK1;SYNPO
10,3,anal_pc5_c21_S1.filtered.gene_spectra_score.k_10.dt_0_01.txt,prerank,HALLMARK_BILE_ACID_METABOLISM,0.29874658133239534,0.7883548896016073,0.7636579572446556,1.0,1.0,3/37,7.92%,LCK;ABCD2;ABCA2
10,3,anal_pc5_c21_S1.filtered.gene_spectra_score.k_10.dt_0_01.txt,prerank,HALLMARK_UNFOLDED_PROTEIN_RESPONSE,0.30103462248440266,0.7393589413573077,0.8155844155844156,1.0,1.0,7/23,19.68%,NABP1;ERN1;ERO1A;TSPYL2;DDIT4;DNAJA4;SLC7A5
10,3,anal_pc5_c21_S1.filtered.gene_spectra_score.k_10.dt_0_01.txt,prerank,HALLMARK_REACTIVE_OXYGEN_SPECIES_PATHWAY,0.3133752178957554,0.7366169785525306,0.8089430894308943,1.0,1.0,3/19,8.92%,IPCEF1;LSP1;PFKP
10,3,anal_pc5_c21_S1.filtered.gene_spectra_score.k_10.dt_0_01.txt,prerank,HALLMARK_MTORC1_SIGNALING,0.2516944455703088,0.7221620750568742,0.8927789934354485,1.0,1.0,10/72,13.76%,CORO1A;SLA;ITGB2;SLC2A3;CXCR4;NIBAN1;ELOVL5;CTSC;TUBA4A;ERO1A
10,3,anal_pc5_c21_S1.filtered.gene_spectra_score.k_10.dt_0_01.txt,prerank,HALLMARK_DNA_REPAIR,0.2766176385718015,0.6732545949853516,0.8670143415906127,1.0,1.0,11/22,24.66%,HCLS1;PDE4B;USP11;CMPK2;PNP;NT5C3A;SNAPC4;POLH;AK1;PDE6G;BRF2
10,3,anal_pc5_c21_S1.filtered.gene_spectra_score.k_10.dt_0_01.txt,prerank,HALLMARK_ANDROGEN_RESPONSE,0.23958574137254554,0.6334375393552594,0.9402810304449649,0.9969740449409414,1.0,6/41,11.68%,MAF;IQGAP2;CCND3;STK39;PTK2B;ELOVL5
10,3,anal_pc5_c21_S1.filtered.gene_spectra_score.k_10.dt_0_01.txt,prerank,HALLMARK_SPERMATOGENESIS,0.2450875906576534,0.6325786240310785,0.9280660377358491,0.9499602859412232,1.0,3/36,7.78%,CAMK4;GFI1;LPIN1
10,4,anal_pc5_c21_S1.filtered.gene_spectra_score.k_10.dt_0_01.txt,prerank,HALLMARK_EPITHELIAL_MESENCHYMAL_TRANSITION,-0.5112064293977863,-2.270875878645919,0.0,0.0,0.0,106/164,30.26%,GPC1;DST;IL32;LRP1;TGFBI;COL7A1;PFN2;FBLN1;IGFBP4;MMP14;DPYSL3;IGFBP2;SDC4;JUN;COL5A1;COL6A2;RHOB;TPM1;SPARC;ELN;ITGB5;COL4A2;ITGA2;THBS1;SERPINH1;COL1A2;FSTL1;COL3A1;QSOX1;FUCA1;COL6A3;DAB2;LAMA3;THBS2;DCN;HTRA1;MATN2;SLC6A8;LAMC1;COL4A1;COL16A1;CALD1;MMP2;LUM;COL1A1;BMP1;VEGFA;CXCL12;GJA1;VCAN;FN1;ITGA5;TIMP1;PMP22;PLAUR;TIMP3;PDLIM4;CDH11;COL5A2;TPM2;SNAI2;PLOD2;CRLF1;LAMC2;LOXL1;CTHRC1;WNT5A;FBN1;THY1;TNC;ECM1;COL5A3;EDIL3;GREM1;LAMA2;FBLN5;PRRX1;FBLN2;PDGFRB;MXRA5;TGFBR3;PTHLH;CCN2;MGP;IGFBP3;CCN1;CADM1;SAT1;COL12A1;SFRP1;SLIT3;BGN;NNMT;MYL9;MYLK;TNFRSF12A;SPP1;GADD45A;ACTA2;ABI3BP;FMOD;NID2;TFPI2;PVR;ID2;CXCL1
10,4,anal_pc5_c21_S1.filtered.gene_spectra_score.k_10.dt_0_01.txt,prerank,HALLMARK_ESTROGEN_RESPONSE_LATE,-0.4490702570518975,-1.967091264987182,0.0,0.002438174851967956,0.001004016064257028,43/106,16.44%,CDH1;XBP1;CXCL14;NBL1;KRT19;CA12;SCNN1A;AGR2;PLXNB1;MDK;RAPGEFL1;IGFBP4;CKB;KLF4;FOS;TFF3;CPE;LLGL2;PRSS23;SERPINA1;TJP3;HR;FGFR3;CA2;FARP1;UGDH;TOB1;BLVRB;SLC1A4;OVOL2;MYB;ASS1;CXCL12;CAV1;SLC26A2;TIAM1;TOP2A;SLC16A1;CYP4F11;KLK11;HSPA4L;CISH;LAMC2
10,4,anal_pc5_c21_S1.filtered.gene_spectra_score.k_10.dt_0_01.txt,prerank,HALLMARK_E2F_TARGETS,-0.49089066440100326,-1.8653921615328235,0.0,0.006501799605247882,0.004016064257028112,43/54,44.92%,MCM2;PRDX4;CDKN2A;MCM4;CDK1;TK1;CDKN2C;TOP2A;HMGB2;MCM6;MKI67;PTTG1;TCF19;CKS2;CIT;EZH2;HELLS;CDKN1A;KPNA2;HMMR;LMNB1;RRM2;SMC4;MELK;CDC25B;DLGAP5;CCNB2;CDC20;AURKB;KIF18B;PLK1;AURKA;CDCA8;KIF4A;MYBL2;KIF2C;DIAPH3;TFRC;SPAG5;CDCA3;SPC25;BIRC5;ESPL1
10,4,anal_pc5_c21_S1.filtered.gene_spectra_score.k_10.dt_0_01.txt,prerank,HALLMARK_UV_RESPONSE_DN,-0.44096284574422895,-1.777515274062086,0.0,0.014629049111807735,0.012048192771084338,44/69,24.96%,ERBB2;ID1;NFIB;PLCB4;RUNX1;COL1A2;LDLR;COL3A1;NRP1;MGLL;DAB2;TFPI;PIK3R3;DUSP1;IGFBP5;LAMC1;TJP1;EFEMP1;COL1A1;GJA1;CAV1;PPARG;ADGRL2;FHL2;PMP22;ICA1;MAP1B;SLC7A1;CITED2;COL5A2;SNAI2;SDC2;PTPRM;RBPMS;SYNE1;PDLIM5;FYN;FBLN5;PDGFRB;LPAR1;TGFBR3;KCNMA1;CCN1;F3
10,4,anal_pc5_c21_S1.filtered.gene_spectra_score.k_10.dt_0_01.txt,prerank,HALLMARK_APICAL_JUNCTION,-0.4089446774217853,-1.7659916739993864,0.0,0.012678509230233366,0.013052208835341365,41/101,18.54%,CLDN7;ITGB4;CDH1;TGFBI;CLDN4;COL17A1;MDK;LAMB3;ADAM23;ADAM15;FYB1;PCDH1;CDH3;MPZL2;ITGA2;ITGA3;ADAM9;CD209;LAMA3;CD276;PIK3R3;TJP1;NLGN2;COL16A1;MMP2;BMP1;WNK4;VCAN;SDC3;TSPAN4;PLCG1;LAYN;SORBS3;CDH11;NECTIN4;LAMC2;PECAM1;ITGA9;FBN1;THY1;CERCAM
10,4,anal_pc5_c21_S1.filtered.gene_spectra_score.k_10.dt_0_01.txt,prerank,HALLMARK_ESTROGEN_RESPONSE_EARLY,-0.39448820976268584,-1.7281335602274337,0.0,0.018692673865087658,0.02208835341365462,56/118,23.20%,CLDN7;KRT8;ELF3;XBP1;NBL1;KRT19;CA12;SCNN1A;RAPGEFL1;IGFBP4;KRT15;KLF4;MUC1;ESRP2;FOS;DHRS3;TFF3;HES1;PRSS23;MLPH;AQP3;LRIG1;BCL11B;TJP3;HR;FARP1;TOB1;SVIL;BLVRB;SLC1A4;OVOL2;MYB;CXCL12;GJA1;TTC39A;FHL2;SLC26A2;TIAM1;SLC16A1;TUBB2B;CISH;KAZN;LAD1;RASGRP1;KCNK5;SLC7A2;FLNB;THSD4;AKAP1;KLK10;SLC7A5;FASN;NAV2;TFAP2C;OLFML3;RETREG1
10,4,anal_pc5_c21_S1.filtered.gene_spectra_score.k_10.dt_0_01.txt,prerank,HALLMARK_G2M_CHECKPOINT,-0.43046837087228973,-1.673515157667489,0.0,0.027168234064785787,0.03714859437751004,56/68,49.14%,MCM2;MEIS1;CDK1;TPX2;SLC12A2;CDKN2C;TOP2A;SLC7A1;MCM6;MKI67;PTTG1;MT2A;CKS2;NUSAP1;KIF23;SLC7A5;ODC1;EZH2;CENPF;KPNA2;HMMR;PRC1;LMNB1;CDC45;E2F1;SMC4;RAD54L;NDC80;TROAP;CDC25B;CENPA;CCNB2;TTK;MEIS2;CDC20;AURKB;PLK1;AURKA;EFNA5;FANCC;KIF4A;MYBL2;EXO1;KIF11;KIF2C;CCNF;KIF15;BIRC5;ESPL1;NEK2;FBXO5;ORC6;KIF22;INCENP;BUB1;POLQ
10,4,anal_pc5_c21_S1.filtered.gene_spectra_score.k_10.dt_0_01.txt,prerank,HALLMARK_ALLOGRAFT_REJECTION,0.5803880765919209,1.655176791866444,0.0,0.03847561294369805,0.085,41/121,13.50%,CD40;IRF8;CD74;CD79A;LTB;PTPN6;PRKCB;TLR6;LY86;CD1D;MAP4K1;FCGR2B;IL16;LYN;CD80;HDAC9;TLR1;SPI1;NCF4;HCLS1;PTPRC;LY75;GPR65;IL7;CD86;FGR;WAS;ST8SIA4;IL6;IRF7;ETS1;TNF;SIT1;SOCS5;IL12RB1;CCL22;ITGB2;IL2RG;JAK2;CCR1;IL27RA
10,4,anal_pc5_c21_S1.filtered.gene_spectra_score.k_10.dt_0_01.txt,prerank,HALLMARK_INTERFERON_GAMMA_RESPONSE,0.5839519746007874,1.6484789502295387,0.0020855057351407717,0.022583511945214074,0.099,41/111,15.52%,CIITA;BANK1;CD40;IRF8;CD74;PTPN6;SP110;PARP14;GPR18;IL7;CD86;NLRC5;ST8SIA4;ST3GAL5;ARID5B;IL6;IRF7;IL18BP;SAMD9L;IFI30;CD38;PSMB9;ISG20;PDE4B;ITGB7;CASP8;MX2;OAS2;NOD1;IRF1;TRIM25;IFIH1;JAK2;IDO1;RAPGEF6;EPSTI1;ICAM1;SOCS1;XAF1;CSF2RB;CD69
10,4,anal_pc5_c21_S1.filtered.gene_spectra_score.k_10.dt_0_01.txt,prerank,HALLMARK_ANGIOGENESIS,-0.5042169115338035,-1.6256150472584756,0.013392857142857142,0.0329153605015674,0.05120481927710843,17/29,28.04%,JAG1;FGFR1;FSTL1;COL3A1;NRP1;TNFRSF21;LUM;VEGFA;VCAN;JAG2;TIMP1;COL5A2;PDGFA;SLCO2A1;S100A4;SPP1;CCND2
10,4,anal_pc5_c21_S1.filtered.gene_spectra_score.k_10.dt_0_01.txt,prerank,HALLMARK_INTERFERON_ALPHA_RESPONSE,0.5931759066226133,1.5253404402078523,0.019428571428571427,0.07235088086151915,0.377,19/50,15.56%,CD74;SP110;SELL;PARP14;IL7;IRF7;SAMD9L;IFI30;PSMB9;ISG20;CASP8;LAMP3;IRF1;TRIM25;IFIH1;TRIM5;EPSTI1;NUB1;SAMD9
10,4,anal_pc5_c21_S1.filtered.gene_spectra_score.k_10.dt_0_01.txt,prerank,HALLMARK_MYOGENESIS,-0.3641573002127805,-1.499844537938324,0.0,0.09102519447347034,0.15060240963855423,51/112,26.98%,ITGB4;CKB;GSN;EFS;COL6A2;SPHK1;NQO1;ERBB3;SPARC;ITGB5;COL4A2;COL3A1;COL6A3;CNN3;SLC6A8;CDH13;MYH11;SVIL;AK1;IGFBP7;COL1A1;SORBS3;VIPR1;EPHB3;TPM2;SOD3;CFD;COL15A1;SCD;GAA;MAPRE3;TNNT3;KIFC3;LAMA2;CRYAB;NAV2;CD36;FST;DTNA;IGF1;IGFBP3;CDKN1A;NCAM1;CLU;BDKRB2;PVALB;WWTR1;GPX3;SMTN;TEAD4;MYLK
10,4,anal_pc5_c21_S1.filtered.gene_spectra_score.k_10.dt_0_01.txt,prerank,HALLMARK_COAGULATION,-0.38041643169292555,-1.4949723839067484,0.012195121951219513,0.08289794496691048,0.15261044176706828,39/79,26.44%,CTSB;LRP1;MMP14;GSN;LGMN;ANXA1;C1QA;C1R;SPARC;PRSS23;SERPINA1;C1S;ITGA2;THBS1;A2M;ADAM9;HTRA1;CFB;MMP2;BMP1;FN1;PLAU;TIMP1;TIMP3;SERPING1;CFD;C2;PECAM1;FBN1;CFH;FYN;VWF;C3;CSRP1;CLU;F3;PLAT;PDGFB;MMP9
10,4,anal_pc5_c21_S1.filtered.gene_spectra_score.k_10.dt_0_01.txt,prerank,HALLMARK_HEDGEHOG_SIGNALING,-0.5383201375554955,-1.474279863788755,0.05460750853242321,0.0926506443747823,0.18875502008032127,9/17,28.08%,ADGRG1;NRP1;NRCAM;VEGFA;HEY1;THY1;DPYSL2;VLDLR;CRMP1
10,4,anal_pc5_c21_S1.filtered.gene_spectra_score.k_10.dt_0_01.txt,prerank,HALLMARK_CHOLESTEROL_HOMEOSTASIS,-0.43652548605207303,-1.4676945141698452,0.04739336492890995,0.08818065714617439,0.19477911646586346,17/35,27.02%,LGALS3;JAG1;LGMN;MAL2;LDLR;PPARG;PLAUR;ALCAM;NFIL3;SCD;FABP5;FASN;FADS2;ABCA2;CLU;MVK;TNFRSF12A
10,4,anal_pc5_c21_S1.filtered.gene_spectra_score.k_10.dt_0_01.txt,prerank,HALLMARK_P53_PATHWAY,-0.347750063989944,-1.4252653738243048,0.014084507042253521,0.10990542025024783,0.2580321285140562,43/89,28.04%,ITGB4;TP63;GPX2;EPHX1;NUPR1;CLCA2;KLF4;CTSD;EPS8L2;KRT17;FOS;JUN;SPHK1;SERPINB5;ABCC5;EPHA2;CDKN2A;TM4SF1;FUCA1;CDH13;TOB1;CDKN2B;AK1;JAG2;NDRG1;BMP2;NINJ1;HSPA4L;TSC22D1;CEBPA;SLC7A11;PDGFA;TCN2;PITPNC1;IER3;CDKN1A;SLC19A2;SAT1;S100A4;MXD1;KIF13B;GADD45A;CCND2
10,4,anal_pc5_c21_S1.filtered.gene_spectra_score.k_10.dt_0_01.txt,prerank,HALLMARK_XENOBIOTIC_METABOLISM,-0.34181539211309286,-1.4173671689388727,0.0125,0.10588645071403692,0.2680722891566265,21/80,9.72%,EPHX1;FBLN1;IGFBP4;ALDH3A1;AKR1C3;AKR1C2;MAOA;ABCC3;TMEM176B;NQO1;GCLC;MAN1A1;APOE;EPHA2;BCAR1;CA2;CES1;UGDH;PTGR1;BLVRB;CFB
10,4,anal_pc5_c21_S1.filtered.gene_spectra_score.k_10.dt_0_01.txt,prerank,HALLMARK_GLYCOLYSIS,-0.34807876319899617,-1.3907679569971543,0.04081632653061224,0.11248113317078835,0.2961847389558233,32/67,26.16%,GPC1;ELF3;TGFBI;COL5A1;TFF3;GCLC;B3GNT3;CHPF;GPC3;QSOX1;DCN;PAM;DSC2;HSPA5;VEGFA;VCAN;CDK1;P4HA2;SDC3;ME1;CITED2;PLOD2;SDC2;HK2;MERTK;IER3;GPC4;IGFBP3;SPAG4;HMMR;EGLN3;VLDLR
10,4,anal_pc5_c21_S1.filtered.gene_spectra_score.k_10.dt_0_01.txt,prerank,HALLMARK_TGF_BETA_SIGNALING,-0.4577545036954003,-1.3807649183131467,0.07462686567164178,0.110632183908046,0.3032128514056225,13/24,30.04%,CDH1;ID1;THBS1;TJP1;ENG;TGIF1;BMP2;SMAD1;LTBP2;CDKN1C;WWTR1;SMAD6;ID2
10,4,anal_pc5_c21_S1.filtered.gene_spectra_score.k_10.dt_0_01.txt,prerank,HALLMARK_UNFOLDED_PROTEIN_RESPONSE,-0.4631689655890576,-1.368034802628616,0.1070110701107011,0.11359026369168358,0.3273092369477912,18/23,36.74%,XBP1;HSP90B1;HSPA5;SLC1A4;VEGFA;ERN1;DNAJB9;CEBPB;SLC7A5;CCL2;SHC1;TUBB2A;PSAT1;DDIT4;HERPUD1;CHAC1;STC2;ERO1A
10,4,anal_pc5_c21_S1.filtered.gene_spectra_score.k_10.dt_0_01.txt,prerank,HALLMARK_UV_RESPONSE_UP,-0.3380567094201271,-1.3250689444004948,0.041666666666666664,0.13518325012577884,0.3895582329317269,20/66,17.34%,EPCAM;EPHX1;MMP14;IGFBP2;MAOA;FOS;RHOB;AQP3;CREG1;CA2;HYAL2;SLC6A8;CDKN2B;PTPRD;RAB27A;BMP2;HSPA2;SOD2;RASGRP1;DNAJB1
10,4,anal_pc5_c21_S1.filtered.gene_spectra_score.k_10.dt_0_01.txt,prerank,HALLMARK_APOPTOSIS,-0.31828935984650253,-1.3161979157832957,0.04395604395604396,0.13756439164787623,0.40963855421686746,39/79,28.04%,LGALS3;CD2;CD14;GSN;TIMP2;ANXA1;ERBB2;TNFSF10;JUN;ERBB3;RHOB;EMP1;DCN;PRF1;MMP2;LUM;IFITM3;CAV1;TIMP1;TIMP3;BMP2;TOP2A;HMGB2;SOD2;FASLG;DPYD;PDGFRB;IER3;TGFBR3;CDKN1A;SAT1;CLU;BGN;GPX3;PLAT;TNFRSF12A;LEF1;GADD45A;CCND2
10,4,anal_pc5_c21_S1.filtered.gene_spectra_score.k_10.dt_0_01.txt,prerank,HALLMARK_WNT_BETA_CATENIN_SIGNALING,-0.4788538481272445,-1.2756687372556854,0.1795774647887324,0.16018808777429466,0.4718875502008032,8/15,33.10%,JAG1;JAG2;DLL1;HEY1;LEF1;CCND2;DKK1;CSNK1E
10,4,anal_pc5_c21_S1.filtered.gene_spectra_score.k_10.dt_0_01.txt,prerank,HALLMARK_PEROXISOME,-0.4036567026819725,-1.267437166178507,0.16101694915254236,0.1611517473586439,0.4859437751004016,14/32,26.10%,ALDH1A1;HSD11B2;DHRS3;ABCC5;CRABP2;TOP2A;CEL;SOD2;SEMA3C;ACOX1;DLG4;CADM1;HSD17B11;NR1I2
10,4,anal_pc5_c21_S1.filtered.gene_spectra_score.k_10.dt_0_01.txt,prerank,HALLMARK_PI3K_AKT_MTOR_SIGNALING,0.5058892721635225,1.2520039629464979,0.21092757306226176,0.6198964922369178,0.992,7/32,13.00%,CXCR4;PRKCB;DAPP1;ITPR2;NOD1;MKNK2;IL2RG
10,4,anal_pc5_c21_S1.filtered.gene_spectra_score.k_10.dt_0_01.txt,prerank,HALLMARK_KRAS_SIGNALING_UP,0.4356929531062625,1.2418123224436501,0.11752577319587629,0.528286894244341,0.994,14/131,5.92%,CD37;IRF8;CXCR4;LAT2;LAPTM5;DOCK2;KCNN4;MAP4K1;BIRC3;LCP1;HDAC9;IKZF1;ADAM8;ST6GAL1
10,4,anal_pc5_c21_S1.filtered.gene_spectra_score.k_10.dt_0_01.txt,prerank,HALLMARK_FATTY_ACID_METABOLISM,-0.3405070114540028,-1.2402999023435635,0.14285714285714285,0.18197650486051742,0.5411646586345381,18/44,22.40%,EPHX1;GLUL;ALDH1A1;ALDH3A1;MAOA;MGLL;CA2;UGDH;ME1;CBR3;CEL;HPGD;CA4;ACAA2;ODC1;FASN;ACOX1;CD36
10,4,anal_pc5_c21_S1.filtered.gene_spectra_score.k_10.dt_0_01.txt,prerank,HALLMARK_ADIPOGENESIS,-0.3217377585887025,-1.1994127222641822,0.14285714285714285,0.2086229612466494,0.607429718875502,29/51,32.78%,APOE;MGLL;TOB1;COL4A1;PHLDB1;LAMA4;CAVIN1;SPARCL1;PPARG;ME1;DNAJB9;CDKN2C;ACAA2;COL15A1;ITIH5;ACOX1;CD36;FZD4;C3;ITSN1;GPX3;MYLK;GADD45A;ENPP2;CYP4B1;CAVIN2;LIFR;ITGA7;ABCA1
10,4,anal_pc5_c21_S1.filtered.gene_spectra_score.k_10.dt_0_01.txt,prerank,HALLMARK_APICAL_SURFACE,-0.3562497613708988,-1.1678806403702744,0.225531914893617,0.2354870544525717,0.6686746987951807,17/27,29.72%,ATP8B1;IL2RB;GSTM3;CROCC;SULF2;PLAUR;EPHB4;THY1;AKAP7;DCBLD2;LYPD3;GATA3;RHCG;MAL;CX3CL1;AFAP1L2;SRPX
10,4,anal_pc5_c21_S1.filtered.gene_spectra_score.k_10.dt_0_01.txt,prerank,HALLMARK_BILE_ACID_METABOLISM,-0.3345860355445433,-1.1532342471685872,0.26108374384236455,0.24206199930337857,0.6907630522088354,17/37,33.14%,ALDH1A1;RBP1;TFCP2L1;SULT1B1;BMP6;ABCA8;CYP7B1;CYP27A1;FADS2;ABCA2;SLC29A1;HSD17B11;NR1I2;LCK;AR;ABCA1;ABCA6
10,4,anal_pc5_c21_S1.filtered.gene_spectra_score.k_10.dt_0_01.txt,prerank,HALLMARK_IL6_JAK_STAT3_SIGNALING,0.4315119677393437,1.1257670054226365,0.30974477958236657,0.815933922316901,1.0,16/53,15.46%,LTB;ITGA4;IL7;IL6;CD38;MAP3K8;TNF;PIK3R5;IL12RB1;IRF1;CSF2RA;IL2RG;CCR1;CRLF2;SOCS1;CSF2RB
10,4,anal_pc5_c21_S1.filtered.gene_spectra_score.k_10.dt_0_01.txt,prerank,HALLMARK_HYPOXIA,-0.2546412924238108,-1.119064167479462,0.16326530612244897,0.27513865444899926,0.7540160642570282,47/111,26.90%,GPC1;PKP1;TGFBI;CA12;SELENBP1;SDC4;FOS;JUN;COL5A1;ACKR3;EFNA1;GPC3;DCN;PAM;DUSP1;HSPA5;VEGFA;PIM1;CAVIN1;P4HA2;SDC3;NDRG1;CAV1;PLAUR;RORA;CITED2;PPARGC1A;NFIL3;NEDD4L;SDC2;MT2A;GAA;HK2;IER3;DTNA;GPC4;CCN2;IGFBP3;CDKN1A;CCN1;CDKN1C;F3;BGN;VLDLR;PDGFB;S100A4;ADM
10,4,anal_pc5_c21_S1.filtered.gene_spectra_score.k_10.dt_0_01.txt,prerank,HALLMARK_IL2_STAT5_SIGNALING,0.3842797383987841,1.0903675797482117,0.3392116182572614,0.8104971509226828,1.0,18/127,9.36%,CD79B;IRF8;LTB;ADAM19;SELL;SWAP70;CD83;RHOH;BCL2;GPR65;CTSZ;CD86;TLR7;CD48;MAP3K8;CAPN3;COCH;AGER
10,4,anal_pc5_c21_S1.filtered.gene_spectra_score.k_10.dt_0_01.txt,prerank,HALLMARK_ANDROGEN_RESPONSE,-0.29332502716957753,-1.0360577563013487,0.3869047619047619,0.39263645393913593,0.8765060240963856,18/41,22.36%,KRT8;KRT19;MAF;SELENOP;NDRG1;PLPP1;DBI;SLC26A2;DNAJB9;HPGD;IQGAP2;SCD;TSC22D1;STK39;PDLIM5;ADAMTS1;SGK1;MERTK
10,4,anal_pc5_c21_S1.filtered.gene_spectra_score.k_10.dt_0_01.txt,prerank,HALLMARK_HEME_METABOLISM,-0.24904757166426308,-0.9824232270896823,0.5083333333333333,0.4792755137582724,0.9367469879518072,11/55,9.50%,CTSB;BCAM;SELENBP1;GCLC;AQP3;TENT5C;DMTN;CA2;KLF3;SLC6A8;BLVRB
10,4,anal_pc5_c21_S1.filtered.gene_spectra_score.k_10.dt_0_01.txt,prerank,HALLMARK_INFLAMMATORY_RESPONSE,0.34338863082086996,0.9814645316849517,0.5352400408580184,1.0,1.0,25/141,13.54%,CD40;CYBB;SELL;LYN;GPR132;TLR1;GPR183;IL6;IRF7;CCR7;BTG2;CD48;PDE4B;CD55;GABBR1;LTA;LAMP3;SEMA4D;PIK3R5;CCL22;IRF1;SLAMF1;CD70;PTAFR;RNF144B
10,4,anal_pc5_c21_S1.filtered.gene_spectra_score.k_10.dt_0_01.txt,prerank,HALLMARK_TNFA_SIGNALING_VIA_NFKB,0.34340085558824157,0.9787145984308318,0.5534979423868313,0.9392138753840881,1.0,27/150,13.14%,REL;CD83;SLC2A6;BIRC3;NFKB2;CD80;KYNU;IER5;NFKBIE;PLEK;BCL2A1;GPR183;IL6;EHD1;BTG2;SMAD3;MAP3K8;PDE4B;NFAT5;TNF;CLCF1;PFKFB3;IRF1;EGR3;KLF2;IFIH1;ZC3H12A
10,4,anal_pc5_c21_S1.filtered.gene_spectra_score.k_10.dt_0_01.txt,prerank,HALLMARK_COMPLEMENT,0.3097854229567911,0.8738888379847266,0.7236704900938478,1.0,1.0,25/122,13.22%,CR1;CTSH;CR2;LYN;KYNU;PLEK;DOCK10;WAS;IL6;IRF7;EHD1;KCNIP2;PSMB9;SH2B3;CD55;ZEB1;PRKCD;ITGAM;PIK3R5;IRF1;GCA;STX4;DGKG;JAK2;LTA4H
10,4,anal_pc5_c21_S1.filtered.gene_spectra_score.k_10.dt_0_01.txt,prerank,HALLMARK_DNA_REPAIR,0.3383998897125518,0.7724963904207389,0.7622841965471447,1.0,1.0,5/22,13.98%,HCLS1;PDE4B;POLH;NT5C3A;SNAPC4
10,4,anal_pc5_c21_S1.filtered.gene_spectra_score.k_10.dt_0_01.txt,prerank,HALLMARK_MITOTIC_SPINDLE,0.26345249874421417,0.7189990076439813,0.8721311475409836,1.0,1.0,10/77,12.20%,DOCK2;CNTRL;ARHGAP4;ARHGAP27;TRIO;BIN1;ARHGEF2;RHOF;PREX1;CCDC88A
10,4,anal_pc5_c21_S1.filtered.gene_spectra_score.k_10.dt_0_01.txt,prerank,HALLMARK_KRAS_SIGNALING_DN,0.2618337516461341,0.7172773923866731,0.8782894736842105,1.0,1.0,6/78,8.04%,TCL1A;CD80;SLC12A3;MAST3;STAG3;BTG2
10,4,anal_pc5_c21_S1.filtered.gene_spectra_score.k_10.dt_0_01.txt,prerank,HALLMARK_MTORC1_SIGNALING,0.2659708282375611,0.7168669769914993,0.8758389261744967,0.9956759743993786,1.0,6/72,8.04%,CXCR4;CORO1A;DAPP1;ELOVL5;IFI30;BTG2
10,4,anal_pc5_c21_S1.filtered.gene_spectra_score.k_10.dt_0_01.txt,prerank,HALLMARK_REACTIVE_OXYGEN_SPECIES_PATHWAY,0.3191625025975227,0.7045030187788891,0.8174037089871612,0.9410354261418091,1.0,2/19,4.60%,HHEX;LSP1
10,4,anal_pc5_c21_S1.filtered.gene_spectra_score.k_10.dt_0_01.txt,prerank,HALLMARK_SPERMATOGENESIS,0.15885034638096562,0.3914094502498719,0.9987228607918263,0.999372680223744,1.0,2/36,6.94%,SLC2A5;LPIN1
10,5,anal_pc5_c21_S1.filtered.gene_spectra_score.k_10.dt_0_01.txt,prerank,HALLMARK_UNFOLDED_PROTEIN_RESPONSE,0.7815098707142043,2.3409700579989328,0.0,0.0,0.0,10/23,2.30%,HERPUD1;XBP1;DNAJB9;HSP90B1;SLC1A4;ERN1;CHAC1;HSPA5;SLC7A5;PSAT1
10,5,anal_pc5_c21_S1.filtered.gene_spectra_score.k_10.dt_0_01.txt,prerank,HALLMARK_MITOTIC_SPINDLE,-0.5148033438131958,-1.775302207353731,0.0,0.0032098958741094497,0.003,65/77,41.50%,GSN;ARHGAP4;DST;LMNB1;CNTRL;FLNB;CEP72;KIF22;FLNA;BIN1;PALLD;BCAR1;PXN;RAPGEF6;NUSAP1;CDK1;SMC4;TRIO;WASL;ECT2;ARHGEF2;TOP2A;MID1;NET1;TPX2;FARP1;CEP250;EPB41L2;ARHGAP27;PRC1;ANLN;RAPGEF5;DOCK2;KIF23;CDC42EP4;KIF11;PREX1;FGD4;NDC80;KIF20B;CCNB2;DOCK4;PLK1;FSCN1;PDLIM5;BCL2L11;NEDD9;ARHGAP10;BIRC5;CENPF;KIF2C;STK38L;INCENP;RHOF;ESPL1;DLGAP5;CDC42EP2;TIAM1;EPB41;BUB1;MAP1S;NEK2;KIF15;CENPE;ITSN1
10,5,anal_pc5_c21_S1.filtered.gene_spectra_score.k_10.dt_0_01.txt,prerank,HALLMARK_P53_PATHWAY,-0.49130320734666993,-1.7329461269792277,0.0,0.002674913228424541,0.005,60/89,37.18%,GPX2;DGKA;ITGB4;SAT1;ABCC5;NUPR1;EPHX1;EPS8L2;TP63;KRT17;AK1;KLF4;SERPINB5;TOB1;TRAF4;CCND2;CLCA2;SPHK1;JUN;EPHA2;FOS;TSC22D1;CTSD;TM4SF1;PITPNC1;IFI30;FUCA1;CDKN2A;IER5;RNF19B;CCND3;JAG2;DEF6;ZBTB16;CDKN2B;NDRG1;FAS;CYFIP2;BMP2;CDH13;S100A4;MKNK2;SLC7A11;IER3;PLK3;RAP2B;CEBPA;MAPKAPK3;CDKN1A;HSPA4L;PTPRE;SOCS1;MDM2;MXD1;HEXIM1;NINJ1;POLH;PDGFA;GM2A;ZMAT3
10,5,anal_pc5_c21_S1.filtered.gene_spectra_score.k_10.dt_0_01.txt,prerank,HALLMARK_EPITHELIAL_MESENCHYMAL_TRANSITION,-0.4363866662407788,-1.6724286002155921,0.0,0.0064197917482189,0.018,94/164,36.78%,SAT1;GPC1;DST;LRP1;IGFBP4;TPM1;FBLN1;IL32;COL7A1;PFN2;TGFBI;MMP14;IGFBP2;DPYSL3;COL6A2;SDC4;QSOX1;FLNA;COL4A2;COL5A1;COL3A1;COL1A2;ELN;CAPG;JUN;SPARC;ITGB5;FSTL1;ITGA2;DCN;BMP1;LAMA3;WIPF1;RHOB;COL6A3;THBS1;FUCA1;SERPINH1;CALD1;MATN2;COL1A1;MMP2;LUM;CXCL12;ITGA5;COL4A1;SLC6A8;FN1;VEGFA;COL16A1;FAS;TPM2;GJA1;FBLN2;VCAN;FBN1;DAB2;HTRA1;WNT5A;PCOLCE;PMP22;TIMP3;THBS2;NT5E;ID2;TAGLN;PDLIM4;COL5A2;EDIL3;PLOD2;ANPEP;GLIPR1;TNC;ACTA2;PVR;MYL9;SNAI2;THY1;VCAM1;LOXL1;PLAUR;MXRA5;BGN;PDGFRB;ENO2;GREM1;ECM1;CDH11;PRRX1;LAMC1;MYLK;NNMT;LAMC2;CRLF1
10,5,anal_pc5_c21_S1.filtered.gene_spectra_score.k_10.dt_0_01.txt,prerank,HALLMARK_FATTY_ACID_METABOLISM,-0.5124838722101159,-1.628703511376191,0.0011890606420927466,0.009629687622328348,0.035,24/44,27.96%,GLUL;EPHX1;ALDH1A1;ALDH3A1;ACSL5;CA2;ELOVL5;MAOA;UGDH;HSD17B11;FASN;HSPH1;ACAA2;MGLL;ACOX1;ACSL1;HPGD;ACAT2;ME1;CA4;ODC1;HMGCS1;ECI2;CD1D
10,5,anal_pc5_c21_S1.filtered.gene_spectra_score.k_10.dt_0_01.txt,prerank,HALLMARK_G2M_CHECKPOINT,-0.4670240490771251,-1.5944443732581708,0.004540295119182747,0.017119444661917064,0.076,58/68,43.74%,SMAD3;LMNB1;EZH2;MCM2;SLC12A2;KIF22;POLE;NUSAP1;CDC25B;CDK1;SMC4;MCM6;MKI67;TOP2A;PTTG1;TPX2;E2F1;MEIS1;PRC1;TACC3;MAP3K20;MYC;KPNA2;KIF23;TROAP;KIF11;CDKN2C;FANCC;NDC80;KIF20B;CCNB2;ODC1;PLK1;CCND1;RAD54L;CKS2;MYBL2;CDC20;BIRC5;CENPF;CDC45;KIF2C;ORC6;CCNF;MT2A;INCENP;ESPL1;AURKB;POLQ;UBE2C;BUB1;NEK2;KIF15;CENPE;SNRPD1;HMMR;TTK;AURKA
10,5,anal_pc5_c21_S1.filtered.gene_spectra_score.k_10.dt_0_01.txt,prerank,HALLMARK_E2F_TARGETS,-0.48565731234209775,-1.5737577723965372,0.0034883720930232558,0.019081047696095064,0.099,50/54,42.10%,HELLS;TFRC;LMNB1;MCM4;EZH2;MCM2;KIF22;HMGB2;POLE;CDC25B;CENPM;LIG1;CDK1;SMC4;MCM6;CDKN2A;TK1;MKI67;TOP2A;PTTG1;TACC3;MYC;RRM2;KPNA2;NCAPD2;CIT;SPAG5;CDKN2C;TCF19;CCNB2;PLK1;MELK;CDKN1A;CKS2;MYBL2;ANP32E;CDC20;BIRC5;KIF2C;ORC6;SPC25;CDCA8;ESPL1;AURKB;DLGAP5;CDCA3;DEPDC1;CENPE;KIF18B;HMMR
10,5,anal_pc5_c21_S1.filtered.gene_spectra_score.k_10.dt_0_01.txt,prerank,HALLMARK_XENOBIOTIC_METABOLISM,-0.4511453099397871,-1.5733434730651132,0.0011337868480725624,0.016508035923991454,0.099,36/80,28.80%,GCLC;IGFBP4;EPHX1;FBLN1;TMEM176B;AKR1C3;ABCC3;AKR1C2;ALDH3A1;CA2;NQO1;SLC6A6;IRF8;ELOVL5;MAOA;PTGR1;UGDH;BCAR1;NDRG2;EPHA2;CAT;CES1;CFB;PTGDS;FAS;KYNU;CYFIP2;BLVRB;APOE;ACOX1;CYB5A;ID2;GCNT2;PDLIM5;TPST1;LPIN2
10,5,anal_pc5_c21_S1.filtered.gene_spectra_score.k_10.dt_0_01.txt,prerank,HALLMARK_ANGIOGENESIS,-0.5217296646131591,-1.5459423354939867,0.009456264775413711,0.022603016780187373,0.149,13/29,25.38%,JAG1;FGFR1;CCND2;TNFRSF21;COL3A1;FSTL1;LUM;JAG2;VEGFA;VCAN;NRP1;S100A4;COL5A2
10,5,anal_pc5_c21_S1.filtered.gene_spectra_score.k_10.dt_0_01.txt,prerank,HALLMARK_TGF_BETA_SIGNALING,-0.5493453620915616,-1.536000731055474,0.012091898428053204,0.02353923641013596,0.168,19/24,40.14%,SMAD3;CDH1;ID1;TGIF1;SLC20A1;THBS1;ID3;TGFBR1;ENG;TJP1;BMP2;SMAD1;ID2;LTBP2;FURIN;WWTR1;SMAD7;SMAD6;CDKN1C
10,5,anal_pc5_c21_S1.filtered.gene_spectra_score.k_10.dt_0_01.txt,prerank,HALLMARK_UV_RESPONSE_DN,-0.44809925159826586,-1.5197542076792074,0.0034883720930232558,0.027284114929930322,0.216,51/69,41.60%,SMAD3;CELF2;ID1;RUNX1;TGFBR2;ERBB2;PIK3CD;COL3A1;COL1A2;FYN;NFIB;PLPP3;PLCB4;PPARG;EFEMP1;COL1A1;LDLR;IGFBP5;PIK3R3;GJA1;FHL2;DAB2;MGLL;TJP1;NRP1;TFPI;MYC;LPAR1;ICA1;PMP22;ADGRL2;COL5A2;PDLIM5;SNAI2;RBPMS;MAP1B;SDC2;PDGFRB;SYNE1;VAV2;PRKCE;VLDLR;LAMC1;PTPRM;SMAD7;FBLN5;DUSP1;RND3;LTBP1;F3;KALRN
10,5,anal_pc5_c21_S1.filtered.gene_spectra_score.k_10.dt_0_01.txt,prerank,HALLMARK_PEROXISOME,-0.4858420624134223,-1.4523504234414493,0.017964071856287425,0.05651362129871485,0.43,20/32,39.04%,ABCC5;ALDH1A1;HSD11B2;ACSL5;ELOVL5;DHRS3;HSD17B11;CAT;SOD2;TOP2A;ACOX1;ACSL1;SEMA3C;CRABP2;ECI2;CEL;ABCB1;FDPS;NR1I2;DLG4
10,5,anal_pc5_c21_S1.filtered.gene_spectra_score.k_10.dt_0_01.txt,prerank,HALLMARK_ESTROGEN_RESPONSE_EARLY,-0.3994133439100247,-1.45000663171129,0.004405286343612335,0.053141609471367555,0.438,46/118,22.00%,KRT8;CLDN7;ELF3;KRT19;RAPGEFL1;NBL1;AKAP1;IGFBP4;SCNN1A;KRT15;CA12;KLF4;LRIG1;TOB1;MUC1;ELOVL5;FLNB;TFF3;SLC2A1;FCMR;HES1;ESRP2;DHRS3;CELSR1;MLPH;SLC26A2;MAST4;FASN;SVIL;TJP3;MYB;FOS;LAD1;PRSS23;HR;CXCL12;BCL11B;FARP1;RASGRP1;GJA1;FHL2;SLC16A1;BLVRB;UGCG;MYC;OVOL2
10,5,anal_pc5_c21_S1.filtered.gene_spectra_score.k_10.dt_0_01.txt,prerank,HALLMARK_APOPTOSIS,-0.41024828604561275,-1.4331933011152855,0.017341040462427744,0.05901270107016604,0.504,45/79,33.24%,LGALS3;GSN;SAT1;TNFSF10;ANXA1;SATB1;CD2;ERBB2;CCND2;HMGB2;ERBB3;SLC20A1;PLCB2;JUN;CDC25B;IFITM3;DPYD;CLU;DCN;CASP8;RHOB;EMP1;MMP2;SOD2;LUM;TOP2A;PPT1;FAS;BMP2;TIMP3;CD14;IER3;PMAIP1;CCND1;BCL2L11;CDKN1A;IL18;NEDD9;CD69;TIMP2;BGN;PDGFRB;ENO2;BNIP3L;PRF1
10,5,anal_pc5_c21_S1.filtered.gene_spectra_score.k_10.dt_0_01.txt,prerank,HALLMARK_APICAL_JUNCTION,-0.39820944240751766,-1.420599573503058,0.015590200445434299,0.06251654345289356,0.553,38/101,22.04%,EVL;CLDN7;ITGB4;CLDN4;CDH1;PLCG1;COL17A1;TGFBI;MDK;ADAM15;FYB1;ADAM23;LAMB3;MPZL2;TRAF1;PTPRC;PCDH1;CDH3;STX4;ITGA3;ADAM9;ITGA2;BMP1;LAMA3;WASL;MMP2;WNK4;NLGN2;EPB41L2;PIK3R3;SORBS3;COL16A1;VCAN;FBN1;TJP1;MAP3K20;LAYN;SDC3
10,5,anal_pc5_c21_S1.filtered.gene_spectra_score.k_10.dt_0_01.txt,prerank,HALLMARK_COMPLEMENT,-0.3705518258337845,-1.3709590671766858,0.029411764705882353,0.10022008229163948,0.739,65/122,36.20%,LGALS3;CTSB;LRP1;MMP14;CA2;C1R;C1S;CBLB;COL4A2;FYN;SPOCK2;CTSC;STX4;CLU;LCP2;ADAM9;CR1;SERPINA1;CTSD;DOCK9;CTSS;CSRP1;LCK;KLK1;CFB;DOCK10;PSMB9;L3MBTL4;CCL5;FN1;RASGRP1;KYNU;KIF2A;CDH13;ME1;LTA4H;C1QC;DOCK4;HSPA1A;CPQ;C1QA;PRSS3;LYN;C3;PLAUR;CD55;SH2B3;TIMP2;C2;SERPING1;GZMA;PDP1;CFH;EHD1;GCA;CD40LG;FCER1G;CTSL;DUSP6;PLAT;PIK3R5;LIPA;GZMK;CPM;LGMN
10,5,anal_pc5_c21_S1.filtered.gene_spectra_score.k_10.dt_0_01.txt,prerank,HALLMARK_ESTROGEN_RESPONSE_LATE,-0.37943859680896985,-1.3593006149625178,0.026490066225165563,0.10652841932200736,0.781,39/106,20.84%,KRT19;CKB;RAPGEFL1;CXCL14;CDH1;NBL1;IGFBP4;AGR2;LLGL2;SCNN1A;CA12;PLXNB1;KLF4;MDK;TOB1;CA2;ELOVL5;FLNB;TFF3;ASS1;SLC26A2;UGDH;TJP3;MYB;FOS;SERPINA1;PRSS23;HR;TOP2A;CXCL12;FARP1;TSPAN13;FGFR3;PTPN6;FABP5;CPE;SLC16A1;BLVRB;KLK11
10,5,anal_pc5_c21_S1.filtered.gene_spectra_score.k_10.dt_0_01.txt,prerank,HALLMARK_COAGULATION,-0.38977275268531686,-1.340005031240352,0.03424657534246575,0.12493418255112271,0.849,39/79,36.22%,GSN;CTSB;LRP1;ANXA1;MMP14;C1R;C1S;A2M;FYN;SPARC;CLU;ADAM9;ITGA2;BMP1;SERPINA1;PRSS23;THBS1;CSRP1;MMP2;CFB;FN1;FBN1;HTRA1;TIMP3;LTA4H;CFD;CPQ;C1QA;PLAU;C3;C2;SERPING1;CTSK;CFH;FURIN;DUSP6;PLAT;LGMN;VWF
10,5,anal_pc5_c21_S1.filtered.gene_spectra_score.k_10.dt_0_01.txt,prerank,HALLMARK_MTORC1_SIGNALING,0.32040923007666144,1.3167643538556228,0.09230769230769231,0.15102974828375287,0.413,11/72,2.98%,XBP1;PDK1;HSP90B1;SDF2L1;SLC1A4;BTG2;HSPA5;SLC7A5;PSAT1;GLRX;NFIL3
10,5,anal_pc5_c21_S1.filtered.gene_spectra_score.k_10.dt_0_01.txt,prerank,HALLMARK_MYOGENESIS,-0.3514595044247811,-1.2633976575093828,0.1021978021978022,0.24525982178843683,0.979,43/112,29.26%,GSN;ITGB4;CKB;AK1;COL6A2;NQO1;BIN1;COL4A2;COL3A1;ERBB3;SVIL;CNN3;EFS;SPHK1;SPARC;ITGB5;MYH11;CLU;GAA;COL6A3;COL1A1;IGFBP7;SLC6A8;VIPR1;SORBS3;TPM2;AEBP1;EPHB3;DAPK2;SCD;PDLIM7;CDH13;ACSL1;IFRD1;NAV2;SOD3;TAGLN;CFD;SMTN;PFKM;COL15A1;MAPRE3;CDKN1A
10,5,anal_pc5_c21_S1.filtered.gene_spectra_score.k_10.dt_0_01.txt,prerank,HALLMARK_CHOLESTEROL_HOMEOSTASIS,-0.4198940562734944,-1.263330330399465,0.11936662606577345,0.23246403804076854,0.979,18/35,28.48%,LGALS3;JAG1;ALCAM;ABCA2;FASN;MAL2;CLU;PPARG;LDLR;ANTXR2;FADS2;FABP5;HMGCR;SCD;ACAT2;CXCL16;HMGCS1;MVK
10,5,anal_pc5_c21_S1.filtered.gene_spectra_score.k_10.dt_0_01.txt,prerank,HALLMARK_INTERFERON_ALPHA_RESPONSE,-0.37200560170454194,-1.2077433045395478,0.18127962085308058,0.3377880424854511,0.997,29/50,39.06%,IFI27;CD74;PARP14;C1S;SP110;TRIM14;SELL;IFITM3;LPAR6;CASP8;GBP2;IFI44;IFI30;PSMB9;DDX60;MX1;NUB1;TRIM25;IFI44L;TRIM5;CSF1;IFITM2;IL7;EPSTI1;NCOA7;GBP4;HERC6;TENT5A;OAS1
10,5,anal_pc5_c21_S1.filtered.gene_spectra_score.k_10.dt_0_01.txt,prerank,HALLMARK_DNA_REPAIR,-0.43047002551177455,-1.2008468380130424,0.1995249406175772,0.3390770959079109,0.999,12/22,37.64%,BCAM;AK1;TYMS;LIG1;ZWINT;POLA1;STX3;ARL6IP1;PNP;POLH;SNAPC4;NT5C3A
10,5,anal_pc5_c21_S1.filtered.gene_spectra_score.k_10.dt_0_01.txt,prerank,HALLMARK_IL2_STAT5_SIGNALING,-0.3098210886050592,-1.1447407510357683,0.22934782608695653,0.4667966757530681,0.999,67/127,35.62%,LTB;TNFSF10;LRIG1;CA2;MUC1;IRF8;WLS;ALCAM;CCND2;DHRS3;TRAF1;COL6A1;TNFRSF21;NFKBIZ;IRF6;CAPG;CDCP1;SELL;CTSZ;IFITM3;PHTF2;RHOB;AHR;SWAP70;PLPP1;TNFRSF1B;ST3GAL4;EMP1;TTC39B;CCND3;NDRG1;HK2;NRP1;PRKCH;MYC;AGER;BMP2;CCR4;IL2RB;CD83;PLAGL1;CDC42SE2;ADAM19;IKZF2;NT5E;RORA;SNX9;ODC1;CST7;ITIH5;FGL2;CSF1;FLT3LG;CAPN3;SCN9A;SMPDL3A;SOCS1;MXD1;PNP;FURIN;MAP3K8;ECM1;PHLDA1;GBP4;ICOS;BATF;P4HA1
10,5,anal_pc5_c21_S1.filtered.gene_spectra_score.k_10.dt_0_01.txt,prerank,HALLMARK_TNFA_SIGNALING_VIA_NFKB,-0.2986241170258925,-1.132262951483043,0.23891891891891892,0.4804609360551071,0.999,67/150,36.34%,SMAD3;SAT1;JAG1;KLF4;REL;SDC4;HES1;BCL6;LAMB3;NFAT5;TGIF1;TNFAIP2;TRAF1;LITAF;SPHK1;ACKR3;JUN;PLPP3;FOS;IL7R;EFNA1;RHOB;TSC22D1;ABCA1;EGR1;LDLR;SOD2;IER5;CCL5;RNF19B;KLF9;VEGFA;KDM6B;KYNU;PFKFB3;PTGER4;MYC;BMP2;CD83;ID2;IER3;CSF1;TNC;PDLIM5;CCND1;CDKN1A;SGK1;IL18;NFKBIA;NAMPT;PER1;PLAU;NFKB2;PTPRE;PLAUR;CD69;MXD1;EHD1;SPSB1;NINJ1;PHLDA2;MAP3K8;PHLDA1;TLR2;BIRC3;SERPINB8;ZBTB10
10,5,anal_pc5_c21_S1.filtered.gene_spectra_score.k_10.dt_0_01.txt,prerank,HALLMARK_HEDGEHOG_SIGNALING,-0.41965075075218317,-1.1115428546398285,0.3234244946492271,0.5163474168602173,0.999,8/17,29.60%,ADGRG1;CELSR1;DPYSL2;VEGFA;NRP1;NRCAM;THY1;NRP2
10,5,anal_pc5_c21_S1.filtered.gene_spectra_score.k_10.dt_0_01.txt,prerank,HALLMARK_UV_RESPONSE_UP,-0.3309925883253364,-1.1101114307782096,0.3095512082853855,0.4997165896813591,1.0,26/66,30.68%,EPCAM;EPHX1;TFRC;MMP14;IGFBP2;CA2;MAOA;CREG1;FOS;RHOB;ARRB2;SOD2;CCND3;SLC6A8;HYAL2;RASGRP1;PPT1;CDKN2B;DNAJB1;BMP2;PTPRD;BCL2L11;HSPA2;NFKBIA;LYN;RAB27A
10,5,anal_pc5_c21_S1.filtered.gene_spectra_score.k_10.dt_0_01.txt,prerank,HALLMARK_KRAS_SIGNALING_UP,-0.2914943753349394,-1.0879134406307376,0.324235807860262,0.5390978968055614,1.0,60/131,35.78%,LAPTM5;TSPAN1;CXCR4;LCP1;TMEM176B;SATB1;KLF4;CD37;CA2;ETS1;IRF8;CCND2;MPZL2;TRAF1;SPON1;ITGA2;IL7R;TMEM176A;ITGB2;FUCA1;CTSS;SLPI;TNFRSF1B;TRIB2;EMP1;MALL;GPNMB;ENG;CFB;IKZF1;TSPAN13;CPE;MAP4K1;EPHB2;HOXD11;TSPAN7;NRP1;TFPI;DOCK2;BMP2;ID2;DCBLD2;SPARCL1;SPRY2;ADGRA2;ACE;PLAU;ERO1A;ADAM8;PLAUR;LAT2;CFH;ADAMDEC1;FCER1G;DUSP6;PLAT;MAFB;PRRX1;BIRC3;CSF2RA
10,5,anal_pc5_c21_S1.filtered.gene_spectra_score.k_10.dt_0_01.txt,prerank,HALLMARK_BILE_ACID_METABOLISM,-0.3498446762857246,-1.0720033275808378,0.38507109004739337,0.5642679919931414,1.0,12/37,16.22%,ALDH1A1;ACSL5;NR3C2;RBP1;HSD17B11;ABCA2;TFCP2L1;CAT;ABCA1;LCK;FADS2;SULT1B1
10,5,anal_pc5_c21_S1.filtered.gene_spectra_score.k_10.dt_0_01.txt,prerank,HALLMARK_ADIPOGENESIS,-0.330754747689265,-1.0644476125133444,0.3866822429906542,0.5643684781514579,1.0,24/51,28.10%,UCP2;TOB1;BCL6;CAT;NABP1;ABCA1;ESRRA;PPARG;PHLDB1;COL4A1;CCNG2;CAVIN1;LAMA4;PFKFB3;ACAA2;MGLL;APOE;ACOX1;PIM3;SPARCL1;CDKN2C;ME1;ITIH5;COL15A1
10,5,anal_pc5_c21_S1.filtered.gene_spectra_score.k_10.dt_0_01.txt,prerank,HALLMARK_APICAL_SURFACE,-0.36673410697380293,-1.0628544427415414,0.402187120291616,0.5490397758922152,1.0,12/27,31.74%,ATP8B1;CROCC;GSTM3;SULF2;EPHB4;AKAP7;IL2RB;DCBLD2;THY1;LYN;PLAUR;LYPD3
10,5,anal_pc5_c21_S1.filtered.gene_spectra_score.k_10.dt_0_01.txt,prerank,HALLMARK_WNT_BETA_CATENIN_SIGNALING,-0.4070792758405813,-1.0544043843882762,0.4173602853745541,0.5512461181137295,1.0,6/15,21.82%,JAG1;CCND2;TCF7;DLL1;JAG2;MYC
10,5,anal_pc5_c21_S1.filtered.gene_spectra_score.k_10.dt_0_01.txt,prerank,HALLMARK_HYPOXIA,-0.28789104419486855,-1.042925897296579,0.416204217536071,0.5605927826589858,1.0,67/111,46.42%,GPC1;PKP1;SELENBP1;CXCR4;NEDD4L;CA12;TGFBI;ETS1;SLC6A6;SLC2A1;SDC4;PLAC8;COL5A1;ACKR3;JUN;PFKP;FOS;GAA;DCN;EFNA1;GPC3;CCNG2;AMPD3;CAVIN1;VEGFA;P4HA2;NDRG1;HK2;PFKFB3;SDC3;S100A4;RORA;PPARGC1A;IER3;GCNT2;CDKN1A;PAM;ERO1A;SDC2;PLAUR;BGN;ENO2;BNIP3L;LXN;VLDLR;MT2A;P4HA1;MXI1;DUSP1;DTNA;CDKN1C;BCL2;TNFAIP3;F3;ADM;PDGFB;HMOX1;GPC4;NDST2;IGFBP3;PIM1;CP;LOX;TGM2;CCN1;CCN2;SLC2A3
10,5,anal_pc5_c21_S1.filtered.gene_spectra_score.k_10.dt_0_01.txt,prerank,HALLMARK_ALLOGRAFT_REJECTION,-0.2856785386669029,-1.0408444618937995,0.43381535038932145,0.5475213014431484,1.0,55/121,33.66%,LTB;CD74;CD2;FYB1;ETS1;IRF8;ITGAL;CD96;ZAP70;CCND2;PTPRC;FLNA;CAPG;CD3E;LCP2;CD3D;PRKCB;CD4;ST8SIA4;STAT1;GBP2;ITGB2;CDKN2A;CTSS;LCK;CCL5;CCND3;PTPN6;ITK;FAS;MAP4K1;CD28;CD8A;FGR;IL2RB;CD7;CD247;STAB1;STAT4;SPI1;CSF1;CD1D;LY86;IL18;THY1;CD3G;LYN;SOCS1;CCR5;C2;GZMA;TRAT1;PRF1;CD40LG;IL7
10,5,anal_pc5_c21_S1.filtered.gene_spectra_score.k_10.dt_0_01.txt,prerank,HALLMARK_SPERMATOGENESIS,-0.3411105085299321,-1.03579558872061,0.458628841607565,0.5409809359547088,1.0,18/36,45.70%,EZH2;SLC12A2;GSTM3;CDK1;CCNB2;ACE;HSPA2;HSPA4L;CAMK4;KIF2C;JAM3;CSNK2A2;BUB1;NEK2;TTK;AURKA;LPIN1;SHE
10,5,anal_pc5_c21_S1.filtered.gene_spectra_score.k_10.dt_0_01.txt,prerank,HALLMARK_REACTIVE_OXYGEN_SPECIES_PATHWAY,-0.37732610174000725,-1.0247789477154192,0.45212121212121215,0.5478851683161325,1.0,13/19,33.32%,GCLC;TXNRD1;MGST1;NQO1;FTL;PFKP;CAT;SOD2;HHEX;SCAF4;MBP;IPCEF1;LSP1
10,5,anal_pc5_c21_S1.filtered.gene_spectra_score.k_10.dt_0_01.txt,prerank,HALLMARK_HEME_METABOLISM,-0.3043660045673505,-1.0029343761108358,0.5065868263473053,0.5783926660776265,1.0,30/55,32.80%,CTSB;GCLC;SELENBP1;TFRC;BCAM;UCP2;CA2;SLC2A1;KLF3;KDM7A;CAT;SLC25A37;CCND3;SLC6A8;P4HA2;MBOAT2;BMP2K;BLVRB;SLC7A11;PDZK1IP1;KAT2B;LPIN2;DAAM1;DMTN;LMO2;SNCA;C3;ACP5;TNS1;BNIP3L
10,5,anal_pc5_c21_S1.filtered.gene_spectra_score.k_10.dt_0_01.txt,prerank,HALLMARK_GLYCOLYSIS,-0.28844798153657464,-0.9778806634073396,0.5375722543352601,0.612852341890156,1.0,31/67,30.92%,ELF3;GPC1;GCLC;CXCR4;TGFBI;DSC2;TFF3;QSOX1;COL5A1;B3GNT3;CDK1;PFKP;DCN;GPC3;VEGFA;P4HA2;HK2;KIF2A;VCAN;SDC3;SLC16A3;CYB5A;NT5E;ME1;PLOD2;IER3;EGLN3;TPST1;PAM;ERO1A;SDC2
10,5,anal_pc5_c21_S1.filtered.gene_spectra_score.k_10.dt_0_01.txt,prerank,HALLMARK_INTERFERON_GAMMA_RESPONSE,-0.26333281920263363,-0.9697162195083211,0.5458515283842795,0.6142468311888182,1.0,59/111,34.00%,NLRC5;IFI27;CIITA;RNF213;CD74;TNFSF10;PARP14;ARID5B;IRF8;TNFAIP2;C1R;C1S;SP110;TRIM14;RAPGEF6;IFITM3;SAMHD1;PFKP;LCP2;BANK1;ST8SIA4;STAT1;CASP8;IFI44;IFI30;XAF1;SOD2;CFB;PSMB9;CCL5;MX2;IL18BP;PTPN6;DDX60;MX1;FAS;KLRK1;OAS3;TRIM25;IFI44L;IL2RB;STAT4;NOD1;FGL2;CDKN1A;VCAM1;NFKBIA;NAMPT;IFITM2;SOCS1;CD69;SERPING1;GZMA;CFH;PNP;GBP6;IL7;EPSTI1;EIF4E3
10,5,anal_pc5_c21_S1.filtered.gene_spectra_score.k_10.dt_0_01.txt,prerank,HALLMARK_ANDROGEN_RESPONSE,-0.29280140035868923,-0.9155498953685459,0.6336056009334889,0.6989125911153048,1.0,21/41,29.32%,KRT8;KRT19;SAT1;SELENOP;ARID5B;STK39;ELOVL5;SLC26A2;MAF;TSC22D1;PLPP1;CCND3;ABCC4;HMGCR;NDRG1;SCD;HPGD;HMGCS1;PDLIM5;CCND1;SGK1
10,5,anal_pc5_c21_S1.filtered.gene_spectra_score.k_10.dt_0_01.txt,prerank,HALLMARK_KRAS_SIGNALING_DN,0.20823386037338612,0.8957495265243282,0.6696428571428571,0.6414363668368245,0.948,3/78,2.32%,TENT5C;BTG2;DCC
10,5,anal_pc5_c21_S1.filtered.gene_spectra_score.k_10.dt_0_01.txt,prerank,HALLMARK_PI3K_AKT_MTOR_SIGNALING,-0.292296553990268,-0.8820885149789974,0.6738351254480287,0.7377822209106951,1.0,16/32,25.96%,CXCR4;PLCG1;SLC2A1;VAV3;ITPR2;MAPK10;CDK1;PRKCB;PPP2R1B;LCK;MKNK1;PIK3R3;E2F1;SLA;MKNK2;NOD1
10,5,anal_pc5_c21_S1.filtered.gene_spectra_score.k_10.dt_0_01.txt,prerank,HALLMARK_INFLAMMATORY_RESPONSE,-0.2144552263416321,-0.8152998978799622,0.8333333333333334,0.8173197369451186,1.0,45/141,32.20%,TNFSF10;GABBR1;MMP14;SPHK1;SLC4A4;SELL;LCP2;IL7R;AHR;ABCA1;ITGB8;CYBB;TNFRSF1B;LCK;LDLR;GPC3;ITGA5;CCL5;RASGRP1;PTGER4;PCDH7;MYC;LPAR1;IL2RB;CCR7;DCBLD2;STAB1;CD14;OSMR;GPR132;CSF1;PVR;CDKN1A;IL18;NFKBIA;NAMPT;LYN;AXL;PTPRE;PLAUR;CD69;CD55;SEMA4D;IL1R1;MXD1
10,5,anal_pc5_c21_S1.filtered.gene_spectra_score.k_10.dt_0_01.txt,prerank,HALLMARK_IL6_JAK_STAT3_SIGNALING,-0.22703176177435325,-0.7423268389495159,0.8730723606168446,0.8835042668128082,1.0,35/53,49.96%,LTB;PLA2G2A;TNFRSF21;A2M;JUN;STAT1;TNFRSF1B;FAS;IL17RA;CD14;OSMR;CSF1;SOCS1;IL1R1;IL7;MAP3K8;PIK3R5;TLR2;CSF2RA;CD36;HMOX1;IL1R2;PIM1;ITGB3;IL12RB1;TNFRSF12A;IL2RA;IRF1;IL2RG;IL17RB;SOCS3;TNF;PDGFC;CXCL1;IL3RA
10,6,anal_pc5_c21_S1.filtered.gene_spectra_score.k_10.dt_0_01.txt,prerank,HALLMARK_E2F_TARGETS,-0.7506367171792534,-3.004097722351453,0.0,0.0,0.0,46/54,16.84%,LMNB1;TFRC;EZH2;HELLS;CDK1;CENPM;MKI67;SMC4;TOP2A;HMGB2;KIF22;MCM2;MCM4;PLK1;CIT;MYBL2;TACC3;PTTG1;CDKN2A;CKS2;RRM2;LIG1;TK1;CCNB2;TCF19;BIRC5;KPNA2;SPAG5;POLE;NCAPD2;MCM6;CDC20;CENPE;KIF18B;MELK;MYC;DLGAP5;SPC25;AURKB;ESPL1;ORC6;CDCA3;CDC25B;KIF2C;CDCA8;HMMR
10,6,anal_pc5_c21_S1.filtered.gene_spectra_score.k_10.dt_0_01.txt,prerank,HALLMARK_G2M_CHECKPOINT,-0.6294299110735642,-2.6065029236695034,0.0,0.0,0.0,52/68,18.84%,LMNB1;EZH2;NUSAP1;CDK1;MKI67;SMC4;SLC7A1;TOP2A;TPX2;KIF22;MCM2;TROAP;PLK1;MYBL2;TACC3;PTTG1;SLC12A2;PRC1;CKS2;NDC80;ODC1;E2F1;CCNB2;INCENP;BIRC5;KIF11;KPNA2;KIF23;CDC45;POLE;RAD54L;MCM6;CDC20;CENPE;CENPF;MYC;POLQ;BUB1;KIF20B;AURKB;ESPL1;ORC6;UBE2C;FBXO5;CDC25B;KIF2C;SLC7A5;HMMR;CCNF;KIF15;CDKN2C;TTK
10,6,anal_pc5_c21_S1.filtered.gene_spectra_score.k_10.dt_0_01.txt,prerank,HALLMARK_EPITHELIAL_MESENCHYMAL_TRANSITION,0.8162732957745054,2.1298489768020032,0.0,0.0,0.0,97/164,12.80%,COL6A2;COL1A2;COL3A1;DCN;COL6A3;LUM;FBLN1;COL1A1;COL5A1;MMP2;MXRA5;CXCL12;COL5A2;FN1;COL16A1;PCOLCE;SPARC;FSTL1;THY1;FBLN5;LAMA2;EDIL3;PDGFRB;SFRP1;ABI3BP;FBN1;LRP1;PMP22;CALD1;CDH11;GREM1;VCAM1;VCAN;NID2;COL4A2;MYL9;SLIT3;BGN;LAMC1;MATN2;TPM2;ACTA2;TFPI2;COL4A1;TAGLN;IGFBP3;NNMT;COL12A1;TIMP3;MGP;FBLN2;MYLK;ITGB3;CCN1;CXCL1;PRRX1;TPM1;THBS1;MFAP5;EFEMP2;SERPINH1;LOXL1;TGM2;IGFBP4;FLNA;ELN;LOXL2;TNC;SGCD;MMP14;ECM2;HTRA1;POSTN;SPOCK1;CCN2;GJA1;FGF2;TIMP1;SERPINE2;PCOLCE2;LOX;SNAI2;GEM;FMOD;FAP;CRLF1;COL11A1;INHBA;THBS2;SFRP4;CXCL6;COL5A3;LRRC15;TGFBR3;QSOX1;PLOD2;COMP
10,6,anal_pc5_c21_S1.filtered.gene_spectra_score.k_10.dt_0_01.txt,prerank,HALLMARK_COAGULATION,0.7745636830881572,1.9776496887782113,0.0,0.0,0.0,27/79,8.36%,C1S;C1R;A2M;MMP2;FN1;SPARC;CFD;CFH;FBN1;C3;LRP1;SERPING1;TFPI2;CTSK;TIMP3;ITGB3;GSN;THBS1;C2;F3;PLAT;MMP14;CSRP1;CPQ;HTRA1;F10;TIMP1
10,6,anal_pc5_c21_S1.filtered.gene_spectra_score.k_10.dt_0_01.txt,prerank,HALLMARK_MYOGENESIS,0.7368739168127421,1.9131382582987901,0.0,0.0,0.0,40/112,9.98%,COL6A2;COL3A1;COL6A3;COL1A1;AEBP1;SPARC;CFD;LAMA2;COL4A2;IGFBP7;SOD3;TPM2;COL15A1;GPX3;TAGLN;IGFBP3;FHL1;MYLK;GSN;SMTN;PDLIM7;CACNA1H;DES;SORBS1;HSPB8;SGCD;BDKRB2;DTNA;GNAO1;FGF2;ITGA7;LDB3;APOD;SPEG;MYH11;COX7A1;PTGIS;NCAM1;CNN3;KIFC3
10,6,anal_pc5_c21_S1.filtered.gene_spectra_score.k_10.dt_0_01.txt,prerank,HALLMARK_UV_RESPONSE_DN,0.7494487678180519,1.8651647942213514,0.0,0.0001780539319220001,0.001,36/69,14.86%,COL1A2;COL3A1;COL1A1;COL5A2;FBLN5;PDGFRB;PMP22;PLPP3;IGFBP5;EFEMP1;LAMC1;ADGRL2;RBPMS;PTGFR;ITGB3;LTBP1;CCN1;LPAR1;F3;DLC1;FHL2;HAS2;PRKAR2B;GJA1;SDC2;SNAI2;KALRN;COL11A1;TGFBR3;KCNMA1;NRP1;DAB2;TFPI;CAV1;PTPRM;RGS4
10,6,anal_pc5_c21_S1.filtered.gene_spectra_score.k_10.dt_0_01.txt,prerank,HALLMARK_MITOTIC_SPINDLE,-0.42446635100122976,-1.8306225118983794,0.0,0.006093845216331505,0.004140786749482402,42/77,19.18%,ARHGAP4;LMNB1;DOCK2;NUSAP1;CDK1;ECT2;RAPGEF5;SMC4;TOP2A;TPX2;ARHGAP27;CNTRL;KIF22;CEP72;PLK1;PRC1;NDC80;ARHGEF2;ANLN;CCNB2;INCENP;BIRC5;KIF11;KNTC1;EPB41;KIF23;NEDD9;CENPE;CENPF;RAPGEF6;BUB1;DLGAP5;KIF20B;ESPL1;BCL2L11;TIAM1;FBXO5;KIF2C;KIF15;TUBA4A;TTK;PREX1
10,6,anal_pc5_c21_S1.filtered.gene_spectra_score.k_10.dt_0_01.txt,prerank,HALLMARK_ADIPOGENESIS,0.7140310434801692,1.7710055493983872,0.0,0.00028488629107520017,0.002,17/51,10.18%,LAMA4;ITIH5;C3;APOE;PHLDB1;COL15A1;GPX3;COL4A1;MYLK;SORBS1;HSPB8;SPARCL1;ITGA7;LIFR;FZD4;ABCA1;ANGPTL4
10,6,anal_pc5_c21_S1.filtered.gene_spectra_score.k_10.dt_0_01.txt,prerank,HALLMARK_MTORC1_SIGNALING,-0.4078312628982821,-1.746295492721169,0.0,0.01942413162705667,0.017598343685300208,39/72,21.00%,CORO1A;TFRC;GCLC;TXNRD1;SLC2A1;BTG2;MCM2;SLC7A11;MCM4;IFI30;PLK1;DDIT4;PDK1;PHGDH;ITGB2;RRM2;HMGCR;SLA;XBP1;SLC1A4;NUPR1;BUB1;HK2;PNP;PSAT1;SLC7A5;LTA4H;SCD;CCNF;TUBA4A;PIK3R3;SLC6A6;ERO1A;DAPP1;ELOVL5;HSP90B1;SDF2L1;LDLR;AURKA
10,6,anal_pc5_c21_S1.filtered.gene_spectra_score.k_10.dt_0_01.txt,prerank,HALLMARK_ANGIOGENESIS,0.7403738831036226,1.7151252049645849,0.0,0.0015431340766573342,0.012,12/29,14.50%,COL3A1;LUM;COL5A2;FSTL1;VCAN;POSTN;TIMP1;FGFR1;CXCL6;S100A4;NRP1;VEGFA
10,6,anal_pc5_c21_S1.filtered.gene_spectra_score.k_10.dt_0_01.txt,prerank,HALLMARK_PI3K_AKT_MTOR_SIGNALING,-0.4861708871674349,-1.6839903758083448,0.007518796992481203,0.028336380255941502,0.031055900621118012,17/32,23.84%,IL2RG;CDK1;SLC2A1;PDK1;VAV3;E2F1;SLA;PRKCB;LCK;TIAM1;PIK3R3;DAPP1;HSP90B1;MKNK2;ITPR2;CXCR4;CDKN1A
10,6,anal_pc5_c21_S1.filtered.gene_spectra_score.k_10.dt_0_01.txt,prerank,HALLMARK_P53_PATHWAY,-0.3799677860999768,-1.6694158691253624,0.0,0.025898842169408895,0.034161490683229816,38/89,23.84%,ITGB4;GPX2;TP63;DGKA;CLCA2;DEF6;SERPINB5;KRT17;ABCC5;SAT1;BTG2;JAG2;SLC7A11;EPS8L2;TRAF4;IFI30;AK1;DDIT4;EPHA2;CDKN2A;FUCA1;SPHK1;CYFIP2;GM2A;NUPR1;RNF19B;KLF4;KIF13B;CCND3;HSPA4L;CTSD;CDKN2B;TOB1;MKNK2;TM4SF1;MXD1;PTPRE;CDKN1A
10,6,anal_pc5_c21_S1.filtered.gene_spectra_score.k_10.dt_0_01.txt,prerank,HALLMARK_COMPLEMENT,0.6100246308264548,1.5965454247106274,0.0,0.013837334137938292,0.126,21/122,8.36%,C1S;C1R;FN1;CFH;C3;LRP1;CP;SERPING1;TIMP2;COL4A2;TFPI2;CXCL1;C2;CTSC;F3;PLAT;MMP14;CSRP1;CPQ;F10;TIMP1
10,6,anal_pc5_c21_S1.filtered.gene_spectra_score.k_10.dt_0_01.txt,prerank,HALLMARK_DNA_REPAIR,-0.5011387097383582,-1.502576961600786,0.022099447513812154,0.07377905458344215,0.10973084886128365,10/22,20.04%,ZWINT;TYMS;BCAM;HCLS1;AK1;LIG1;ARL6IP1;PNP;VPS37B;POLA1
10,6,anal_pc5_c21_S1.filtered.gene_spectra_score.k_10.dt_0_01.txt,prerank,HALLMARK_APOPTOSIS,0.566942882896077,1.441530863301806,0.013513513513513514,0.08840377719927305,0.604,20/79,15.18%,DCN;LUM;MMP2;PDGFRB;TIMP2;BGN;GPX3;TIMP3;GSN;IGFBP6;PLAT;HGF;TIMP1;PLPPR4;TGFBR3;RHOB;CAV1;AVPR1A;JUN;IFITM3
10,6,anal_pc5_c21_S1.filtered.gene_spectra_score.k_10.dt_0_01.txt,prerank,HALLMARK_APICAL_JUNCTION,0.5596528114889325,1.4409002903168704,0.004081632653061225,0.07881854053080538,0.607,23/101,9.64%,MMP2;COL16A1;THY1;FBN1;CDH11;VCAM1;VCAN;MYL9;NEGR1;NFASC;NLGN2;EPB41L2;ACTG2;CERCAM;SDC3;CADM3;TSPAN4;NEXN;JAM3;SPEG;FLNC;CLDN11;ADAMTS5
10,6,anal_pc5_c21_S1.filtered.gene_spectra_score.k_10.dt_0_01.txt,prerank,HALLMARK_HYPOXIA,0.5505174347100746,1.4246575321473152,0.008113590263691683,0.08503855788594725,0.682,33/111,15.98%,DCN;COL5A1;CP;BGN;IGFBP3;FOS;CCN1;SRPX;SDC3;TGM2;F3;PAM;DTNA;CCN2;CAVIN3;AKAP12;SDC2;LOX;CCN5;ANGPTL4;P4HA2;PPP1R3C;S100A4;TMEM45A;CAV1;PGF;VEGFA;CAVIN1;JUN;PPP1R15A;DUSP1;TGFBI;ZFP36
10,6,anal_pc5_c21_S1.filtered.gene_spectra_score.k_10.dt_0_01.txt,prerank,HALLMARK_BILE_ACID_METABOLISM,0.5522103364216848,1.3183552901455462,0.11581291759465479,0.21359997142206485,0.943,7/37,8.98%,ABCA8;ABCA6;CYP7B1;CH25H;ABCA9;HSD17B6;ABCA1
10,6,anal_pc5_c21_S1.filtered.gene_spectra_score.k_10.dt_0_01.txt,prerank,HALLMARK_HEME_METABOLISM,-0.31688755758499315,-1.2509946106494134,0.125,0.2525137111517367,0.36024844720496896,28/55,29.78%,TFRC;UCP2;GCLC;SLC2A1;BCAM;BTG2;SLC7A11;TENT5C;KLF3;CTSB;CA2;SELENBP1;AQP3;EPB41;ACKR1;DMTN;CCND3;PDZK1IP1;LMO2;BMP2K;SLC6A8;SEC14L1;KAT2B;SNCA;LPIN2;ACP5;KDM7A;MXI1
10,6,anal_pc5_c21_S1.filtered.gene_spectra_score.k_10.dt_0_01.txt,prerank,HALLMARK_GLYCOLYSIS,0.49962362298819785,1.2450592725187557,0.1425598335067638,0.35070689457569953,0.993,13/67,12.58%,DCN;COL5A1;VCAN;IGFBP3;SDC3;CACNA1H;PAM;SDC2;ANGPTL4;TPST1;P4HA2;QSOX1;PLOD2
10,6,anal_pc5_c21_S1.filtered.gene_spectra_score.k_10.dt_0_01.txt,prerank,HALLMARK_CHOLESTEROL_HOMEOSTASIS,-0.3488769687637198,-1.2380295566353923,0.13953488372093023,0.23867560430631732,0.37888198757763975,18/35,33.58%,ALCAM;LGALS3;MAL2;HMGCR;FASN;SCD;FDPS;LDLR;FABP5;MVK;ACAT2;HMGCS1;ABCA2;STARD4;TM7SF2;TP53INP1;MVD;NFIL3
10,6,anal_pc5_c21_S1.filtered.gene_spectra_score.k_10.dt_0_01.txt,prerank,HALLMARK_XENOBIOTIC_METABOLISM,0.4830772372294613,1.2378684737680157,0.15,0.34230183589189433,0.996,19/80,16.54%,FBLN1;PTGDS;APOE;TMEM176B;IGFBP4;SLC12A4;IL1R1;AOX1;F10;HSD11B1;PTGES;TPST1;ATOH8;CFB;CDO1;TDO2;PDK4;IGF1;MAN1A1
10,6,anal_pc5_c21_S1.filtered.gene_spectra_score.k_10.dt_0_01.txt,prerank,HALLMARK_HEDGEHOG_SIGNALING,0.5770516090008422,1.2224693704615057,0.23797139141742524,0.3553956481163122,0.999,7/17,18.64%,THY1;UNC5C;DPYSL2;NRP1;VEGFA;ACHE;L1CAM
10,6,anal_pc5_c21_S1.filtered.gene_spectra_score.k_10.dt_0_01.txt,prerank,HALLMARK_PEROXISOME,-0.34063762684937526,-1.185887386758364,0.18253968253968253,0.27285191956124316,0.45962732919254656,11/32,21.24%,ACSL5;ABCC5;HSD11B2;TOP2A;ALDH1A1;HSD17B11;DHRS3;CEL;FDPS;ELOVL5;NR1I2
10,6,anal_pc5_c21_S1.filtered.gene_spectra_score.k_10.dt_0_01.txt,prerank,HALLMARK_TNFA_SIGNALING_VIA_NFKB,0.4409653909396663,1.1553757568679413,0.1808080808080808,0.49817116099349995,1.0,36/150,16.90%,PLPP3;EGR1;CCL2;CSF1;FOS;CCN1;CXCL1;TNC;PER1;F3;GFPT2;MSC;TNFAIP6;DRAM1;ABCA1;GEM;FOSB;PHLDA1;INHBA;CXCL6;G0S2;SOCS3;RHOB;PTGS2;VEGFA;PTX3;JUN;PLAU;PPP1R15A;PLK2;DUSP1;PTGER4;ZFP36;PMEPA1;FJX1;KLF9
10,6,anal_pc5_c21_S1.filtered.gene_spectra_score.k_10.dt_0_01.txt,prerank,HALLMARK_IL6_JAK_STAT3_SIGNALING,0.4636932863085079,1.1521322056936512,0.27175080558539205,0.4747362959870328,1.0,10/53,15.00%,A2M;OSMR;CSF1;ITGB3;CXCL1;IL1R1;IL7;SOCS3;CXCL13;JUN
10,6,anal_pc5_c21_S1.filtered.gene_spectra_score.k_10.dt_0_01.txt,prerank,HALLMARK_KRAS_SIGNALING_UP,0.43912784640408536,1.1394913885109335,0.24899598393574296,0.4793630797768295,1.0,32/131,16.14%,ADAMDEC1;CFH;ADGRA2;IGFBP3;TMEM176B;PRRX1;ALDH1A3;PLAT;TMEM176A;SPARCL1;SPON1;TMEM158;GFPT2;ITGBL1;HSD11B1;AKAP12;APOD;MMP11;ANGPTL4;INHBA;ANO1;GNG11;ENG;CFB;G0S2;NRP1;TFPI;PTGS2;PLAU;PPP1R15A;GADD45G;GUCY1A1
10,6,anal_pc5_c21_S1.filtered.gene_spectra_score.k_10.dt_0_01.txt,prerank,HALLMARK_FATTY_ACID_METABOLISM,-0.30154438794411137,-1.1222770302769554,0.2696629213483146,0.3419478145255111,0.5745341614906833,24/44,35.14%,ALDH3A1;ACSL5;MAOA;ODC1;CA2;GLUL;FASN;ALDH1A1;UGDH;HSD17B11;CEL;HSPH1;ELOVL5;ACSS1;CA4;ACAT2;HMGCS1;ME1;MGLL;CD1D;ACSL1;ACOX1;CBR3;HPGD
10,6,anal_pc5_c21_S1.filtered.gene_spectra_score.k_10.dt_0_01.txt,prerank,HALLMARK_SPERMATOGENESIS,-0.2966891586253812,-1.08097501117919,0.27350427350427353,0.3740097501523461,0.6387163561076604,15/36,31.36%,EZH2;CDK1;GSTM3;SLC12A2;CCNB2;BUB1;KIF2C;TTK;HSPA4L;AURKA;CAMK4;NEK2;GFI1;LPIN1;HSPA2
10,6,anal_pc5_c21_S1.filtered.gene_spectra_score.k_10.dt_0_01.txt,prerank,HALLMARK_INTERFERON_GAMMA_RESPONSE,0.3823741988572441,0.9951151674889247,0.5213414634146342,0.8335298066375231,1.0,6/111,3.02%,C1S;C1R;CFH;SERPING1;VCAM1;CCL2
10,6,anal_pc5_c21_S1.filtered.gene_spectra_score.k_10.dt_0_01.txt,prerank,HALLMARK_INFLAMMATORY_RESPONSE,0.3744076505296583,0.9690854507426414,0.5832492431886983,0.8549962385702948,1.0,26/141,15.86%,OSMR;CCL2;CSF1;ITGB3;LPAR1;PCDH7;F3;MMP14;AXL;HAS2;IL1R1;TNFAIP6;TIMP1;ABCA1;BEST1;GABBR1;PDPN;PTGER2;INHBA;CXCL6;CX3CL1;PTGIR;NMUR1;ITGA5;SLC1A2;PTGER4
10,6,anal_pc5_c21_S1.filtered.gene_spectra_score.k_10.dt_0_01.txt,prerank,HALLMARK_REACTIVE_OXYGEN_SPECIES_PATHWAY,-0.31292155722215276,-0.9329672164277834,0.5255102040816326,0.6686823231612994,0.8923395445134575,6/19,11.54%,GCLC;TXNRD1;NQO1;FTL;MGST1;PFKP
10,6,anal_pc5_c21_S1.filtered.gene_spectra_score.k_10.dt_0_01.txt,prerank,HALLMARK_KRAS_SIGNALING_DN,-0.21202186073314278,-0.9248494844886684,0.75,0.6378950117524158,0.901656314699793,14/78,14.02%,PKP1;KRT15;LFNG;HSD11B2;BTG2;AKR1B10;IGFBP2;TFCP2L1;TENT5C;FGFR3;MX1;CALML5;SGK1;SPTBN2
10,6,anal_pc5_c21_S1.filtered.gene_spectra_score.k_10.dt_0_01.txt,prerank,HALLMARK_APICAL_SURFACE,0.40429569336793325,0.9243252986756395,0.5892215568862276,0.9158382042339995,1.0,4/27,12.12%,THY1;SRPX;SCUBE1;CX3CL1
10,6,anal_pc5_c21_S1.filtered.gene_spectra_score.k_10.dt_0_01.txt,prerank,HALLMARK_TGF_BETA_SIGNALING,0.40812629417618795,0.9106439988828896,0.6197530864197531,0.8994267189659891,1.0,10/24,24.44%,LTBP2;THBS1;ENG;PPP1R15A;PMEPA1;SERPINE1;SMAD6;WWTR1;TJP1;RAB31
10,6,anal_pc5_c21_S1.filtered.gene_spectra_score.k_10.dt_0_01.txt,prerank,HALLMARK_UNFOLDED_PROTEIN_RESPONSE,-0.2772457558745456,-0.9024016117118282,0.6574585635359116,0.64411943936624,0.9202898550724637,11/23,21.14%,DDIT4;HERPUD1;NABP1;XBP1;SLC1A4;PSAT1;SLC7A5;DNAJA4;ERO1A;HSP90B1;ERN1
10,6,anal_pc5_c21_S1.filtered.gene_spectra_score.k_10.dt_0_01.txt,prerank,HALLMARK_INTERFERON_ALPHA_RESPONSE,0.35763868892972017,0.89044676317747,0.6755602988260405,0.8988809952265918,1.0,2/50,3.04%,C1S;CSF1
10,6,anal_pc5_c21_S1.filtered.gene_spectra_score.k_10.dt_0_01.txt,prerank,HALLMARK_ESTROGEN_RESPONSE_EARLY,0.3244663156311289,0.8397268525410567,0.7820383451059536,0.9440883959022501,1.0,16/118,10.02%,CXCL12;OLFML3;FOS;TGM2;IGFBP4;GFRA1;HSPB8;DLC1;FHL2;SLC24A3;PDLIM3;NBL1;GJA1;PGR;CCN5;PTGES
10,6,anal_pc5_c21_S1.filtered.gene_spectra_score.k_10.dt_0_01.txt,prerank,HALLMARK_ANDROGEN_RESPONSE,0.34120412619594714,0.8242990276608726,0.7245240761478163,0.9279577418668239,1.0,10/41,17.02%,ADAMTS1;PLPP1;ALDH1A3;LIFR;AKAP12;ABCC4;GUCY1A1;MAF;PMEPA1;STEAP4
10,6,anal_pc5_c21_S1.filtered.gene_spectra_score.k_10.dt_0_01.txt,prerank,HALLMARK_UV_RESPONSE_UP,0.3080995955311719,0.7804494305948936,0.8076109936575053,0.947930644923621,1.0,11/66,15.38%,GPX3;FOS;MMP14;NTRK3;PDLIM3;DLG4;FOSB;CDO1;RHOB;OLFM1;PTPRD
10,6,anal_pc5_c21_S1.filtered.gene_spectra_score.k_10.dt_0_01.txt,prerank,HALLMARK_ESTROGEN_RESPONSE_LATE,0.2869710321277249,0.7360281294203617,0.9012219959266803,0.9605872662628888,1.0,13/106,10.02%,CXCL12;TFPI2;FOS;IGFBP4;HSPB8;SLC24A3;PDLIM3;CXCL14;NBL1;PRKAR2B;PGR;CCN5;PTGES
10,6,anal_pc5_c21_S1.filtered.gene_spectra_score.k_10.dt_0_01.txt,prerank,HALLMARK_IL2_STAT5_SIGNALING,0.2822575902744855,0.7264263035961175,0.9244712990936556,0.9339786026018159,1.0,19/127,17.14%,COL6A1;ITIH5;CSF1;PLPP1;TGM2;PLAGL1;PTH1R;SMPDL3A;PTGER2;PHLDA1;SPRY4;RHOB;NRP1;WLS;IFITM3;GUCY1B1;PENK;ECM1;AHR
10,6,anal_pc5_c21_S1.filtered.gene_spectra_score.k_10.dt_0_01.txt,prerank,HALLMARK_ALLOGRAFT_REJECTION,0.24728512998060884,0.6354994940617704,0.9623601220752798,0.9704193652508893,1.0,9/121,8.36%,THY1;CCL11;CCL2;CSF1;C2;FLNA;CCL13;CCL19;TIMP1
10,6,anal_pc5_c21_S1.filtered.gene_spectra_score.k_10.dt_0_01.txt,prerank,HALLMARK_WNT_BETA_CATENIN_SIGNALING,0.2699314810565373,0.5716379245329279,0.933422103861518,0.9687607446338229,1.0,2/15,10.94%,NKD1;DLL1
10,7,anal_pc5_c21_S1.filtered.gene_spectra_score.k_10.dt_0_01.txt,prerank,HALLMARK_MTORC1_SIGNALING,0.7527011759408521,2.2123895068670807,0.0,0.0,0.0,31/72,10.50%,SLC7A11;TXNRD1;GCLC;SLC2A1;SCD;NAMPT;TFRC;NUPR1;PHGDH;MCM2;PSAT1;CDKN1A;ME1;TRIB3;SLC1A4;SLC7A5;MCM4;FADS2;DDIT4;DDIT3;HMGCS1;PLOD2;LDLR;INSIG1;SLC6A6;IGFBP5;TUBA4A;RRM2;VLDLR;NFIL3;P4HA1
10,7,anal_pc5_c21_S1.filtered.gene_spectra_score.k_10.dt_0_01.txt,prerank,HALLMARK_XENOBIOTIC_METABOLISM,0.7211486281576783,2.137302940378214,0.0,0.0,0.0,18/80,8.20%,CES1;AKR1C3;AKR1C2;GCLC;NQO1;PTGR1;EPHX1;ALDH3A1;MT2A;KYNU;BLVRB;UGDH;SERPINE1;NINJ1;ABCC3;SLC6A6;EPHA2;IGFBP4
10,7,anal_pc5_c21_S1.filtered.gene_spectra_score.k_10.dt_0_01.txt,prerank,HALLMARK_P53_PATHWAY,0.7104450543742342,2.1171917092335524,0.0,0.0,0.0,32/89,8.54%,SLC7A11;SERPINB5;GPX2;EPHX1;KRT17;CDKN2A;TP63;TM4SF1;CLCA2;NDRG1;CDH13;NUPR1;CDKN1A;ITGB4;TRIB3;HSPA4L;CEBPA;NINJ1;GM2A;TSC22D1;RNF19B;CDKN2B;DDIT4;DDIT3;ABCC5;SPHK1;GADD45A;INHBB;ATF3;EPHA2;HBEGF;RAP2B
10,7,anal_pc5_c21_S1.filtered.gene_spectra_score.k_10.dt_0_01.txt,prerank,HALLMARK_HYPOXIA,0.6552386775435107,2.003996255137045,0.0,0.0006058385933273219,0.002,43/111,12.22%,SLC2A1;PKP1;NDRG1;CAVIN1;MT2A;GPC1;GPC3;CDKN1A;VEGFA;ACKR3;CAV1;EFNA1;BNIP3L;CA12;NEDD4L;SERPINE1;TGFBI;SDC2;ADM;DDIT4;PFKFB3;DDIT3;ENO2;PGF;STC2;MXI1;PFKP;ATF3;PIM1;SLC6A6;TMEM45A;SDC4;LOX;ERRFI1;VLDLR;NFIL3;SULT2B1;PLAUR;CHST2;P4HA1;P4HA2;GAA;IER3
10,7,anal_pc5_c21_S1.filtered.gene_spectra_score.k_10.dt_0_01.txt,prerank,HALLMARK_CHOLESTEROL_HOMEOSTASIS,0.7433890768649408,1.9965786443562683,0.0013513513513513514,0.0004846708746618575,0.002,19/35,12.96%,SCD;FABP5;FASN;TRIB3;TNFRSF12A;MAL2;CLU;FADS2;HMGCS1;ACAT2;LDLR;ALCAM;ATF3;ERRFI1;NFIL3;JAG1;PLAUR;HMGCR;CXCL16
10,7,anal_pc5_c21_S1.filtered.gene_spectra_score.k_10.dt_0_01.txt,prerank,HALLMARK_UV_RESPONSE_UP,0.684384155956297,1.9932238480229738,0.0,0.00040389239555154794,0.002,23/66,11.10%,EPHX1;PPT1;TFRC;SLC6A8;SOD2;CREG1;IGFBP2;OLFM1;LHX2;MMP14;NFKBIA;DNAJB1;CDKN2B;ENO2;PPIF;ATF3;AQP3;HSPA2;TUBA4A;RHOB;SHOX2;BMP2;RRAD
10,7,anal_pc5_c21_S1.filtered.gene_spectra_score.k_10.dt_0_01.txt,prerank,HALLMARK_REACTIVE_OXYGEN_SPECIES_PATHWAY,0.8296303568724832,1.9722880702716126,0.0,0.0005192902228519902,0.003,6/19,3.10%,TXNRD1;GCLC;NQO1;FTL;SOD2;MGST1
10,7,anal_pc5_c21_S1.filtered.gene_spectra_score.k_10.dt_0_01.txt,prerank,HALLMARK_E2F_TARGETS,0.6924341429396433,1.9641284522743316,0.0,0.0004543789449954915,0.003,29/54,13.22%,CDKN2A;TFRC;MYC;MCM2;CDKN1A;CDKN2C;MCM4;PTTG1;HMGB2;TK1;MCM6;CKS2;CDC25B;ANP32E;TCF19;HELLS;MYBL2;KPNA2;RRM2;TOP2A;EZH2;BIRC5;LMNB1;CDK1;NCAPD2;MELK;CENPE;CDC20;MKI67
10,7,anal_pc5_c21_S1.filtered.gene_spectra_score.k_10.dt_0_01.txt,prerank,HALLMARK_HEME_METABOLISM,0.6751774536798815,1.962565997908287,0.0,0.00040389239555154794,0.003,17/55,11.08%,SLC7A11;GCLC;SLC2A1;TFRC;BCAM;SLC6A8;CTSB;BLVRB;BNIP3L;SNCA;MXI1;AQP3;MBOAT2;DMTN;BPGM;SMOX;P4HA2
10,7,anal_pc5_c21_S1.filtered.gene_spectra_score.k_10.dt_0_01.txt,prerank,HALLMARK_FATTY_ACID_METABOLISM,0.7016031668480371,1.954861227329941,0.0,0.0003635031559963932,0.003,15/44,9.42%,EPHX1;ALDH3A1;CBR3;ODC1;FASN;ALDH1A1;ME1;UGDH;ACSL1;UBE2L6;HMGCS1;ENO2;ACAT2;GLUL;HSPH1
10,7,anal_pc5_c21_S1.filtered.gene_spectra_score.k_10.dt_0_01.txt,prerank,HALLMARK_TNFA_SIGNALING_VIA_NFKB,0.6121307855583877,1.9448420453834123,0.0,0.0003304574145421756,0.003,45/150,10.54%,NAMPT;KYNU;SOD2;LAMB3;SERPINB8;MYC;CDKN1A;VEGFA;CEBPB;SGK1;ACKR3;TNC;EFNA1;SPSB1;SERPINE1;CXCL10;NINJ1;SERPINB2;TSC22D1;NFKBIA;RNF19B;PFKFB3;FOSL1;LDLR;PLAU;SOCS3;SPHK1;BCL6;GADD45A;PHLDA2;CXCL11;ATF3;RCAN1;IFIT2;HBEGF;SDC4;TUBB2A;SMAD3;DRAM1;NFIL3;RHOB;JAG1;TGIF1;PLAUR;BMP2
10,7,anal_pc5_c21_S1.filtered.gene_spectra_score.k_10.dt_0_01.txt,prerank,HALLMARK_APOPTOSIS,0.6036414276704715,1.8104371152670584,0.0,0.0034330853621881577,0.034,23/79,10.54%,PMAIP1;PPT1;IFITM3;SOD2;EMP1;CDKN1A;TNFRSF12A;ANXA1;CAV1;CLU;BNIP3L;PLAT;HMGB2;TNFSF10;DDIT3;ENO2;CDC25B;GADD45A;ATF3;IGFBP6;TOP2A;RHOB;BMP2
10,7,anal_pc5_c21_S1.filtered.gene_spectra_score.k_10.dt_0_01.txt,prerank,HALLMARK_HEDGEHOG_SIGNALING,0.7778971356127288,1.7901303822660486,0.003236245954692557,0.004101061247138794,0.043,8/17,10.32%,CELSR1;VEGFA;CRMP1;HEY1;DPYSL2;ADGRG1;VLDLR;NRP2
10,7,anal_pc5_c21_S1.filtered.gene_spectra_score.k_10.dt_0_01.txt,prerank,HALLMARK_ESTROGEN_RESPONSE_LATE,0.5776674395854138,1.7701857722800334,0.0022346368715083797,0.00562564408089656,0.064,36/106,14.72%,CYP4F11;KLK10;CXCL14;ASS1;SLC16A1;KLK11;FABP5;OLFM1;HR;SGK1;BLVRB;HSPA4L;CAV1;UGDH;CA12;SLC1A4;SLC7A5;MDK;KRT19;NAB2;PPIF;IGFBP4;TOP2A;RAPGEFL1;NMU;SULT2B1;FGFR3;MEST;CDC20;LAMC2;CYP26B1;TFAP2C;CDH1;CKB;ELOVL5;KIF20A
10,7,anal_pc5_c21_S1.filtered.gene_spectra_score.k_10.dt_0_01.txt,prerank,HALLMARK_G2M_CHECKPOINT,0.5993520197843046,1.7300744645407555,0.0012121212121212121,0.008562518785692816,0.099,28/68,13.70%,MT2A;TPX2;ODC1;MYC;E2F1;MCM2;SLC7A5;CDKN2C;SLC7A1;SNRPD1;PTTG1;MCM6;CKS2;CDC25B;MYBL2;KPNA2;TOP2A;EZH2;BIRC5;SMAD3;LMNB1;CDK1;CENPF;MAP3K20;CENPE;CDC20;MKI67;NUSAP1
10,7,anal_pc5_c21_S1.filtered.gene_spectra_score.k_10.dt_0_01.txt,prerank,HALLMARK_TGF_BETA_SIGNALING,0.705432152593835,1.7191224386432937,0.004431314623338257,0.009466228020739405,0.116,18/24,21.16%,ID1;SERPINE1;ID3;WWTR1;SMAD1;SMAD3;TGIF1;BMP2;TJP1;CDH1;FURIN;PMEPA1;TGFBR1;ID2;RAB31;SMAD7;THBS1;PPP1R15A
10,7,anal_pc5_c21_S1.filtered.gene_spectra_score.k_10.dt_0_01.txt,prerank,HALLMARK_ESTROGEN_RESPONSE_EARLY,0.5459312695138602,1.7163484172325054,0.0011185682326621924,0.009408316978730177,0.123,28/118,10.18%,SLC2A1;GJA1;PMAIP1;KLK10;SLC16A1;CELSR1;MYC;OLFM1;FASN;HR;BLVRB;SLC7A2;CA12;SLC1A4;SLC7A5;KRT19;RHOD;STC2;PPIF;INHBB;AQP3;NAV2;IGFBP4;KRT15;RAPGEFL1;ZNF185;SULT2B1;KRT8
10,7,anal_pc5_c21_S1.filtered.gene_spectra_score.k_10.dt_0_01.txt,prerank,HALLMARK_INTERFERON_ALPHA_RESPONSE,0.6108587119963365,1.7050043601872855,0.00749063670411985,0.010029994489530106,0.139,27/50,17.60%,IFI27;IFITM3;ISG15;MX1;CXCL10;IFIT3;UBE2L6;IFI44L;LAP3;CXCL11;LAMP3;IFIT2;C1S;OAS1;GBP2;RSAD2;CMPK2;HERC6;PSMB9;NCOA7;DDX60;NUB1;IFITM2;IFI44;OASL;IFIH1;IFI30
10,7,anal_pc5_c21_S1.filtered.gene_spectra_score.k_10.dt_0_01.txt,prerank,HALLMARK_EPITHELIAL_MESENCHYMAL_TRANSITION,0.5368965019347605,1.701367320675784,0.0,0.00969341749323715,0.142,44/164,10.92%,GJA1;GPC1;ADAM12;SLC6A8;PTHLH;IGFBP2;PDLIM4;VEGFA;CTHRC1;PFN2;FOXC2;WNT5A;TNFRSF12A;TNC;ITGB5;PRRX1;SERPINE1;SERPINE2;TGFBI;SNAI2;MMP14;CAPG;PLOD2;THBS2;LAMA3;ENO2;LOXL1;CXCL8;ITGA2;MMP3;GADD45A;MMP1;IGFBP4;MATN2;SDC4;CDH11;LOX;FSTL1;CALD1;HTRA1;RHOB;PLAUR;FGF2;BMP1
10,7,anal_pc5_c21_S1.filtered.gene_spectra_score.k_10.dt_0_01.txt,prerank,HALLMARK_GLYCOLYSIS,0.5854690663015091,1.7012563318296217,0.0012062726176115801,0.009208746618575294,0.142,23/67,12.22%,GCLC;GPC1;GPC3;VEGFA;ME1;DSC2;TGFBI;SDC2;DDIT4;PLOD2;ENO2;STC2;MXI1;PFKP;CHST1;VLDLR;SLC16A3;CHST2;P4HA1;CDK1;P4HA2;TPST1;IER3
10,7,anal_pc5_c21_S1.filtered.gene_spectra_score.k_10.dt_0_01.txt,prerank,HALLMARK_MYOGENESIS,0.5416344276505405,1.6751917929518627,0.0022148394241417496,0.011885976211945554,0.19,20/112,8.40%,NQO1;MYH11;CRYAB;SCD;CDH13;ADAM12;SLC6A8;CDKN1A;ITGB4;FST;CLU;ITGB5;TNNT1;WWTR1;ACSL1;SPHK1;STC2;NAV2;HBEGF;MAPK12
10,7,anal_pc5_c21_S1.filtered.gene_spectra_score.k_10.dt_0_01.txt,prerank,HALLMARK_INTERFERON_GAMMA_RESPONSE,0.5408426848800465,1.646761867233499,0.0022172949002217295,0.015145964833183046,0.238,33/111,11.52%,IFI27;GBP6;MT2A;NAMPT;IFITM3;SOD2;ISG15;CDKN1A;MX1;CXCL10;IFIT3;NFKBIA;TNFSF10;IFIT1;UBE2L6;SOCS3;IFI44L;C1R;OAS3;LAP3;PFKP;CXCL11;PIM1;IFIT2;C1S;OAS2;CD274;STAT1;CXCL9;BPGM;RSAD2;SECTM1;CMPK2
10,7,anal_pc5_c21_S1.filtered.gene_spectra_score.k_10.dt_0_01.txt,prerank,HALLMARK_UNFOLDED_PROTEIN_RESPONSE,0.6644958448047,1.6368476348888226,0.01676829268292683,0.015909848276943587,0.257,10/23,9.24%,PSAT1;VEGFA;CEBPB;SLC1A4;SLC7A5;DDIT4;IFIT1;STC2;ATF3;TUBB2A
10,7,anal_pc5_c21_S1.filtered.gene_spectra_score.k_10.dt_0_01.txt,prerank,HALLMARK_KRAS_SIGNALING_DN,0.557694482510872,1.6300687976464483,0.00580046403712297,0.016761534415389242,0.279,18/78,11.22%,AKR1B10;PKP1;IGFBP2;LYPD3;SGK1;MX1;SERPINB2;SPTBN2;CALML5;TGM1;IFI44L;KRT15;SELENOP;SHOX2;CHST2;FGFR3;ALOX12B;RSAD2
10,7,anal_pc5_c21_S1.filtered.gene_spectra_score.k_10.dt_0_01.txt,prerank,HALLMARK_COAGULATION,0.5115762567740373,1.5212368253812214,0.01880141010575793,0.04526825969341749,0.581,18/79,10.92%,CTSB;ANXA1;CLU;PLAT;SERPINE1;SERPINB2;MMP14;DUSP14;PLAU;ITGA2;MMP3;C1R;MMP1;C1S;CRIP2;HTRA1;ADAM9;BMP1
10,7,anal_pc5_c21_S1.filtered.gene_spectra_score.k_10.dt_0_01.txt,prerank,HALLMARK_ANDROGEN_RESPONSE,0.5388041507705477,1.4669104847164025,0.04716981132075472,0.07055689463827426,0.755,11/41,10.34%,SCD;NDRG1;SGK1;KRT19;TSC22D1;DBI;HMGCS1;INSIG1;SELENOP;KRT8;ADAMTS1
10,7,anal_pc5_c21_S1.filtered.gene_spectra_score.k_10.dt_0_01.txt,prerank,HALLMARK_UV_RESPONSE_DN,0.4799800305945257,1.4066513015342144,0.06850961538461539,0.10748025414955081,0.892,15/69,10.36%,ID1;GJA1;MAP1B;MYC;CAV1;SERPINE1;SNAI2;SLC7A1;SDC2;LDLR;INSIG1;IGFBP5;SMAD3;VLDLR;RND3
10,7,anal_pc5_c21_S1.filtered.gene_spectra_score.k_10.dt_0_01.txt,prerank,HALLMARK_APICAL_SURFACE,0.5632256757002018,1.3895511451614684,0.09745762711864407,0.11558534876980547,0.912,6/27,11.50%,GSTM3;LYPD3;SULF2;PLAUR;CX3CL1;DCBLD2
10,7,anal_pc5_c21_S1.filtered.gene_spectra_score.k_10.dt_0_01.txt,prerank,HALLMARK_SPERMATOGENESIS,0.5094788334090726,1.3499402508800806,0.12397820163487738,0.1460279919778614,0.956,5/36,10.62%,GSTM3;HSPA4L;HSPA2;EZH2;CDK1
10,7,anal_pc5_c21_S1.filtered.gene_spectra_score.k_10.dt_0_01.txt,prerank,HALLMARK_INFLAMMATORY_RESPONSE,0.42602529237907727,1.3441158756015037,0.07142857142857142,0.1475015028554253,0.96,27/141,11.50%,NAMPT;MYC;GPC3;PDPN;CDKN1A;SLC7A2;SERPINE1;CXCL10;MMP14;SLC7A1;NFKBIA;TNFSF10;ADM;ITGB8;LDLR;CXCL8;SPHK1;CXCL11;LAMP3;HBEGF;OSMR;CXCL9;AHR;PLAUR;CHST2;CX3CL1;DCBLD2
10,7,anal_pc5_c21_S1.filtered.gene_spectra_score.k_10.dt_0_01.txt,prerank,HALLMARK_APICAL_JUNCTION,0.4324411393550927,1.3307703989831463,0.09567198177676538,0.15497742080921495,0.97,28/101,14.56%,PPP2R2C;LAMB3;ADAM23;ITGB4;FSCN1;MDK;TGFBI;COL17A1;ITGA3;LAMA3;MPZL2;ITGA2;INSIG1;CDH11;CD274;CDH3;ADAM9;BMP1;CX3CL1;MAP3K20;WASL;NECTIN4;CD276;LAMC2;TJP1;CDH1;SORBS3;ADAM15
10,7,anal_pc5_c21_S1.filtered.gene_spectra_score.k_10.dt_0_01.txt,prerank,HALLMARK_PEROXISOME,0.5098114180777998,1.3262101847316756,0.1486111111111111,0.15445097638638414,0.974,12/32,16.12%,SOD2;ALDH1A1;CRABP2;ACSL1;ABCC5;TOP2A;SULT2B1;DHRS3;ELOVL5;FDPS;ECI2;ACOX1
10,7,anal_pc5_c21_S1.filtered.gene_spectra_score.k_10.dt_0_01.txt,prerank,HALLMARK_PI3K_AKT_MTOR_SIGNALING,0.4962211277243918,1.2910202819397345,0.17270194986072424,0.1835507350329262,0.992,6/32,6.48%,SLC2A1;E2F1;CDKN1A;TRIB3;DDIT3;MAPK10
10,7,anal_pc5_c21_S1.filtered.gene_spectra_score.k_10.dt_0_01.txt,prerank,HALLMARK_ALLOGRAFT_REJECTION,-0.28636394931510645,-1.2791092589539372,0.023529411764705882,0.11266447368421052,0.617,80/121,43.66%,ITGAL;IL2RG;CCND2;IL16;CTSS;CD2;ETS1;CD96;HCLS1;IRF8;ZAP70;FYB1;PTPN6;CD79A;CD74;PTPRC;MAP4K1;NCF4;LTB;STAB1;CD3E;LCP2;CD3D;PRKCB;LCK;IRF4;ITGB2;CD4;SRGN;ITK;JAK2;CD40;STAT4;IL12RB1;WAS;CD28;CCL11;IL2RB;CD247;IL18;ST8SIA4;HDAC9;CSF1;FGR;CD8A;SPI1;FAS;IL27RA;CD7;C2;CCL5;SIT1;CD40LG;CD1D;GPR65;TRAT1;GZMA;TLR6;CCR5;IRF7;IL2RA;LY86;CD3G;NOS2;PRF1;CXCR3;FASLG;TLR1;LY75;FCGR2B;THY1;CCR2;IL12A;ICAM1;IL7;CCND3;IL18RAP;TNF;ACHE;KLRD1
10,7,anal_pc5_c21_S1.filtered.gene_spectra_score.k_10.dt_0_01.txt,prerank,HALLMARK_COMPLEMENT,0.3852183629192299,1.1938120690483511,0.17951541850220265,0.2932615167347372,0.999,20/122,12.46%,CDH13;KYNU;CTSB;ME1;CEBPB;CLU;PLAT;HSPA1A;SERPINE1;SERPINB2;MMP14;C1R;LAP3;PIM1;C1S;PLAUR;ADAM9;MMP13;CTSD;PRCP
10,7,anal_pc5_c21_S1.filtered.gene_spectra_score.k_10.dt_0_01.txt,prerank,HALLMARK_ADIPOGENESIS,0.4027310929963839,1.1291735964401082,0.29835651074589126,0.3790126239855726,1.0,8/51,8.60%,CAVIN1;ME1;FABP4;CDKN2C;PFKFB3;BCL6;GADD45A;SPARCL1
10,7,anal_pc5_c21_S1.filtered.gene_spectra_score.k_10.dt_0_01.txt,prerank,HALLMARK_WNT_BETA_CATENIN_SIGNALING,0.4837815648567378,1.1066253945639708,0.35842880523731585,0.40052662558861835,1.0,5/15,15.44%,MYC;HEY1;JAG1;JAG2;DKK1
10,7,anal_pc5_c21_S1.filtered.gene_spectra_score.k_10.dt_0_01.txt,prerank,HALLMARK_IL2_STAT5_SIGNALING,0.34866603639498067,1.076668955450487,0.3572204125950054,0.4348611178807302,1.0,19/127,10.54%,NDRG1;IFITM3;ODC1;SCN9A;MYC;EMP1;IRF6;CXCL10;COCH;TNFSF10;CAPG;ALCAM;PIM1;CDCP1;NFIL3;RHOB;AHR;P4HA1;BMP2
10,7,anal_pc5_c21_S1.filtered.gene_spectra_score.k_10.dt_0_01.txt,prerank,HALLMARK_DNA_REPAIR,0.4399263879736457,1.0619048442633041,0.41910631741140214,0.44599286341417116,1.0,5/22,11.52%,BCAM;TYMS;ARL6IP1;ZWINT;CMPK2
10,7,anal_pc5_c21_S1.filtered.gene_spectra_score.k_10.dt_0_01.txt,prerank,HALLMARK_MITOTIC_SPINDLE,0.3123359717494781,0.9217116351194667,0.5917874396135265,0.6502978254838039,1.0,22/77,16.60%,TPX2;PALLD;FSCN1;CEP250;ECT2;CDC42EP4;NET1;TUBA4A;TOP2A;BIRC5;LMNB1;CDK1;CENPF;WASL;ANLN;CENPE;NUSAP1;SYNPO;PLK1;KNTC1;FLNA;KIF11
10,7,anal_pc5_c21_S1.filtered.gene_spectra_score.k_10.dt_0_01.txt,prerank,HALLMARK_ANGIOGENESIS,0.32964201298740725,0.8497827225963941,0.6562942008486563,0.7419099413886385,1.0,7/29,14.64%,VEGFA;FSTL1;JAG1;TNFRSF21;JAG2;SPP1;THBD
10,7,anal_pc5_c21_S1.filtered.gene_spectra_score.k_10.dt_0_01.txt,prerank,HALLMARK_IL6_JAK_STAT3_SIGNALING,0.3002773034063574,0.8497688507226939,0.6670854271356784,0.7238145769645253,1.0,8/53,9.32%,TNFRSF12A;CXCL10;SOCS3;CXCL11;PIM1;OSMR;STAT1;CXCL9
10,7,anal_pc5_c21_S1.filtered.gene_spectra_score.k_10.dt_0_01.txt,prerank,HALLMARK_KRAS_SIGNALING_UP,0.267377423852293,0.8400121715329834,0.7332601536772777,0.7197362488728585,1.0,27/131,16.30%,EMP1;SLPI;TSPAN7;PRRX1;PLAT;CXCL10;PLAU;GPNMB;MPZL2;ITGA2;HBEGF;SPARCL1;HOXD11;BPGM;PLAUR;BMP2;TMEM158;DCBLD2;EREG;ETV5;SPP1;MALL;PTGS2;CPE;MAFB;ERO1A;IL1B
10,7,anal_pc5_c21_S1.filtered.gene_spectra_score.k_10.dt_0_01.txt,prerank,HALLMARK_BILE_ACID_METABOLISM,0.2885304251280658,0.7700958274294791,0.7707774798927614,0.7942684851217313,1.0,6/37,10.76%,ALDH1A1;FADS2;ACSL1;RBP1;SULT2B1;DIO2
10,8,anal_pc5_c21_S1.filtered.gene_spectra_score.k_10.dt_0_01.txt,prerank,HALLMARK_E2F_TARGETS,-0.5703433903207913,-2.045214609673046,0.0,0.0,0.0,40/54,31.88%,HELLS;SMC4;EZH2;LIG1;MYC;CENPM;NCAPD2;KIF22;MCM4;POLE;PTTG1;MCM2;CDC25B;TK1;TFRC;TOP2A;CDK1;CDKN2A;MYBL2;KIF2C;TCF19;CIT;MCM6;DLGAP5;KIF18B;LMNB1;MKI67;BIRC5;HMGB2;CCNB2;AURKB;ANP32E;RRM2;CDKN2C;TACC3;DEPDC1;SPC25;CKS2;CENPE;MELK
10,8,anal_pc5_c21_S1.filtered.gene_spectra_score.k_10.dt_0_01.txt,prerank,HALLMARK_G2M_CHECKPOINT,-0.48927261680761563,-2.03039884034214,0.0,0.0,0.0,57/68,43.74%,SMAD3;SMC4;ODC1;EZH2;SLC12A2;MYC;SLC7A1;KIF22;NUSAP1;MEIS1;POLE;PTTG1;MCM2;CDC25B;E2F1;TPX2;TOP2A;CDK1;PRC1;MYBL2;KIF2C;KIF23;UBE2C;TROAP;RAD54L;MCM6;LMNB1;MKI67;BIRC5;CENPF;CCNB2;AURKB;MT2A;CDKN2C;KIF15;TACC3;FANCC;CKS2;NDC80;CENPE;CCNF;KIF11;NEK2;ESPL1;PLK1;FBXO5;SNRPD1;INCENP;KIF20B;MEIS2;BUB1;KIF4A;CDC45;SLC7A5;EFNA5;POLQ;HMMR
10,8,anal_pc5_c21_S1.filtered.gene_spectra_score.k_10.dt_0_01.txt,prerank,HALLMARK_ESTROGEN_RESPONSE_EARLY,-0.42266164526230326,-1.9141155358264106,0.0,0.0039206076941926,0.004052684903748734,46/118,17.90%,FCMR;KRT8;ELF3;SCNN1A;RAPGEFL1;LRIG1;BCL2;AKAP1;NBL1;KRT19;CA12;KRT15;SLC2A1;TOB1;ESRP2;CLDN7;CELSR1;BCL11B;HES1;RASGRP1;HR;MAST4;MYC;TFF3;FLNB;MUC1;MLPH;KLF4;SLC26A2;TJP3;GJA1;NAV2;OVOL2;AQP3;ELOVL5;MYB;FASN;FHL2;MYBL1;KLK10;SVIL;XBP1;PODXL;IGFBP4;FARP1;SLC16A1
10,8,anal_pc5_c21_S1.filtered.gene_spectra_score.k_10.dt_0_01.txt,prerank,HALLMARK_INFLAMMATORY_RESPONSE,0.7183155135440772,1.7733003419941373,0.0,0.003206493148625968,0.004,59/141,13.48%,STAB1;CD14;CYBB;C3AR1;CMKLR1;CCL24;TLR2;ABCA1;CSF3R;AXL;MSR1;MEFV;FPR1;RGS1;ICAM1;CLEC5A;PTAFR;NLRP3;PTPRE;SCARF1;MMP14;BEST1;C5AR1;MARCO;EBI3;IL1B;OLR1;PIK3R5;CXCL9;AHR;TNFRSF1B;IL10RA;IL18;ADGRE1;SLC31A2;PLAUR;TLR1;GPR132;P2RX7;LAMP3;AQP9;IL10;LYN;NOD2;SCN1B;CCL2;CXCL10;LCP2;GPR183;PROK2;RNF144B;TIMP1;EMP3;CXCL8;PTGIR;CHST2;CCL22;NFKBIA;FFAR2
10,8,anal_pc5_c21_S1.filtered.gene_spectra_score.k_10.dt_0_01.txt,prerank,HALLMARK_COMPLEMENT,0.7189258559611507,1.7511476006868139,0.0,0.0028056815050477215,0.007,43/122,11.78%,C1QC;C1QA;LGMN;PLA2G7;FCER1G;CD36;CTSB;LIPA;MMP12;CTSL;CTSC;CTSD;ITGAM;CTSS;CTSH;DOCK4;C2;PRSS36;DUSP6;PLEK;SH2B3;MMP14;PDGFB;OLR1;PIK3R5;TIMP2;CEBPB;GCA;APOC1;PRKCD;LAP3;PLAUR;LRP1;TNFAIP3;JAK2;LYN;ME1;WAS;DOCK10;LCP2;KYNU;TIMP1;CPM
10,8,anal_pc5_c21_S1.filtered.gene_spectra_score.k_10.dt_0_01.txt,prerank,HALLMARK_IL6_JAK_STAT3_SIGNALING,0.7416838403941756,1.7201535703257873,0.0,0.0029392853862404704,0.011,22/53,12.36%,CD14;CD36;CSF2RA;TLR2;CSF3R;HMOX1;EBI3;CCR1;IL1B;PIK3R5;CXCL9;CSF2RB;TNFRSF1B;TNFRSF21;PDGFC;IL17RA;ITGA4;CXCL10;A2M;MAP3K8;CRLF2;CXCL1
10,8,anal_pc5_c21_S1.filtered.gene_spectra_score.k_10.dt_0_01.txt,prerank,HALLMARK_KRAS_SIGNALING_UP,0.6634800287394537,1.6468449107503977,0.0,0.010220696911245272,0.05,38/131,12.32%,FUCA1;F13A1;FCER1G;NRP1;CSF2RA;GPNMB;MAFB;C3AR1;CMKLR1;MMP9;SPP1;EPB41L3;CTSS;ITGB2;LAPTM5;IRF8;TMEM176B;DUSP6;ETV5;ENG;LY96;IL1B;PLAU;LCP1;CLEC4A;TMEM176A;TNFRSF1B;IL10RA;LAT2;PTGS2;PLAUR;TNFAIP3;SCN1B;CXCL10;PECAM1;DOCK2;PPP1R15A;TRIB1
10,8,anal_pc5_c21_S1.filtered.gene_spectra_score.k_10.dt_0_01.txt,prerank,HALLMARK_ESTROGEN_RESPONSE_LATE,-0.36617441915543464,-1.59324371092308,0.0,0.051457975986277875,0.06788247213779129,39/106,17.90%,SCNN1A;RAPGEFL1;CXCL14;LLGL2;PLXNB1;CDH1;BCL2;CKB;NBL1;KRT19;AGR2;CA12;ISG20;TOB1;ASS1;MDK;HR;TFF3;FLNB;KLF4;SLC26A2;TSPAN13;TJP3;UGDH;OVOL2;ELOVL5;MYB;CPE;TOP2A;FGFR3;KLK10;CA2;XBP1;IGFBP4;CYP4F11;HSPA4L;KLK11;FARP1;SLC16A1
10,8,anal_pc5_c21_S1.filtered.gene_spectra_score.k_10.dt_0_01.txt,prerank,HALLMARK_COAGULATION,0.6423252883192948,1.5583522733211943,0.004171011470281543,0.040882787644981086,0.226,19/79,11.34%,C1QA;LGMN;CTSB;MMP9;CTSH;C2;DUSP6;APOC2;PLEK;MMP14;PDGFB;PLAU;OLR1;APOC1;LRP1;A2M;PECAM1;TIMP1;THBD
10,8,anal_pc5_c21_S1.filtered.gene_spectra_score.k_10.dt_0_01.txt,prerank,HALLMARK_ALLOGRAFT_REJECTION,0.6346184091740898,1.5544993159476646,0.0010141987829614604,0.03527142463488565,0.232,35/121,10.66%,STAB1;CD74;SPI1;NCF4;CD4;IGSF6;MMP9;TLR2;CFP;CTSS;SRGN;ITGB2;IRF8;ICAM1;C2;CD86;NLRP3;FGR;CCR1;IL1B;CXCL9;HCLS1;IL18;CAPG;BCAT1;TLR1;FCGR2B;JAK2;CD80;IL10;LYN;CCL2;WAS;LCP2;CCR2
10,8,anal_pc5_c21_S1.filtered.gene_spectra_score.k_10.dt_0_01.txt,prerank,HALLMARK_WNT_BETA_CATENIN_SIGNALING,-0.5643488308792391,-1.502663034673057,0.03678929765886288,0.0699828473413379,0.11651469098277609,9/15,24.50%,TCF7;JAG1;MYC;CCND2;JAG2;CSNK1E;DLL1;LEF1;HEY1
10,8,anal_pc5_c21_S1.filtered.gene_spectra_score.k_10.dt_0_01.txt,prerank,HALLMARK_INTERFERON_GAMMA_RESPONSE,0.5926945306220938,1.4438104452581348,0.012207527975584944,0.13169525431856652,0.651,28/111,11.36%,FGL2;IFI30;CD74;CMKLR1;SAMHD1;TNFAIP2;FPR1;IRF8;ICAM1;CD86;CIITA;SECTM1;CXCL9;CSF2RB;IL10RA;IL18BP;PTGS2;LAP3;SLAMF7;TNFAIP3;IDO1;JAK2;CCL2;ITGB7;CXCL10;LCP2;CD274;SOD2
10,8,anal_pc5_c21_S1.filtered.gene_spectra_score.k_10.dt_0_01.txt,prerank,HALLMARK_TNFA_SIGNALING_VIA_NFKB,0.5719806126625734,1.4199899959422975,0.006030150753768844,0.14850071394574013,0.733,50/150,15.54%,SAT1;TLR2;ABCA1;TNFAIP2;ICAM1;NINJ1;FOS;PTPRE;PLEK;DUSP1;IL1B;PLAU;OLR1;CEBPB;IL18;SGK1;ZFP36;DRAM1;PTGS2;PLAUR;EGR2;NFKBIE;TNFAIP3;CD80;RNF19B;LITAF;CCL2;CXCL10;KYNU;GPR183;SOD2;FOSB;MAP3K8;PPP1R15A;TRIB1;CXCL1;PFKFB3;NFKBIA;IER3;CD83;CCND1;BCL2A1;GADD45B;SOCS3;IL1A;CXCL2;TNFRSF9;SLC2A6;IL6;PTGER4
10,8,anal_pc5_c21_S1.filtered.gene_spectra_score.k_10.dt_0_01.txt,prerank,HALLMARK_MTORC1_SIGNALING,0.5607225091143919,1.3273919293357832,0.07368421052631578,0.3100500736213054,0.953,6/72,3.02%,FGL2;IFI30;LGMN;CTSC;CFP;ITGB2
10,8,anal_pc5_c21_S1.filtered.gene_spectra_score.k_10.dt_0_01.txt,prerank,HALLMARK_HEDGEHOG_SIGNALING,0.6455317445282305,1.2866415490520926,0.18741058655221746,0.38678323605300735,0.986,3/17,3.92%,NRP1;RTN1;NRP2
10,8,anal_pc5_c21_S1.filtered.gene_spectra_score.k_10.dt_0_01.txt,prerank,HALLMARK_ADIPOGENESIS,0.5435404525465479,1.2666085194074599,0.16168327796234774,0.4063501317440545,0.993,13/51,14.70%,CD36;ABCA1;APOE;ENPP2;SCARB1;NABP1;LTC4S;ME1;ITSN1;PFKFB3;PLIN2;UCP2;LPL
10,8,anal_pc5_c21_S1.filtered.gene_spectra_score.k_10.dt_0_01.txt,prerank,HALLMARK_ANGIOGENESIS,0.5753021181597422,1.2492857817344234,0.2091020910209102,0.4179129403709178,0.996,8/29,11.34%,NRP1;SPP1;OLR1;TNFRSF21;VCAN;S100A4;TIMP1;THBD
10,8,anal_pc5_c21_S1.filtered.gene_spectra_score.k_10.dt_0_01.txt,prerank,HALLMARK_INTERFERON_ALPHA_RESPONSE,0.5263157013657026,1.2329095714109972,0.2061742006615215,0.43010172522434853,0.997,15/50,18.38%,IFI30;CD74;LPAR6;LAP3;LAMP3;CXCL10;TRIM14;TENT5A;SAMD9L;EPSTI1;CMPK2;GMPR;IFITM2;GBP4;CCRL2
10,8,anal_pc5_c21_S1.filtered.gene_spectra_score.k_10.dt_0_01.txt,prerank,HALLMARK_XENOBIOTIC_METABOLISM,0.48808499604543965,1.1686260049078443,0.25315126050420167,0.5843261175308571,0.999,12/80,11.60%,CD36;HMOX1;APOE;PDK4;IRF8;TMEM176B;NINJ1;IGF1;BCAT1;AQP9;KYNU;BLVRB
10,8,anal_pc5_c21_S1.filtered.gene_spectra_score.k_10.dt_0_01.txt,prerank,HALLMARK_UV_RESPONSE_UP,0.4901005698709016,1.1669998516511895,0.26008492569002123,0.5501807827517389,0.999,18/66,16.20%,HMOX1;ARRB2;CREG1;ICAM1;FOS;MMP14;PPT1;PRKCD;DLG4;LYN;BID;SOD2;FOSB;NFKBIA;CXCL2;IL6;TCHH;PPIF
10,8,anal_pc5_c21_S1.filtered.gene_spectra_score.k_10.dt_0_01.txt,prerank,HALLMARK_APOPTOSIS,0.48226888143188373,1.1647055750423063,0.273972602739726,0.5214058468398507,0.999,19/79,15.42%,CD14;SAT1;HMOX1;PLCB2;PPT1;IL1B;TIMP2;IL18;DPYD;BID;TIMP1;SOD2;IER3;HGF;SLC20A1;CCND1;GADD45B;IL1A;IL6
10,8,anal_pc5_c21_S1.filtered.gene_spectra_score.k_10.dt_0_01.txt,prerank,HALLMARK_P53_PATHWAY,0.4702338680028967,1.1328863987192888,0.2994818652849741,0.5786305503939595,0.999,19/89,13.72%,IFI30;FUCA1;SAT1;HMOX1;CTSD;GM2A;NINJ1;FOS;PTPRE;RAP2B;DRAM1;S100A4;RNF19B;TCN2;ALOX15B;PPP1R15A;CEBPA;MAPKAPK3;IER3
10,8,anal_pc5_c21_S1.filtered.gene_spectra_score.k_10.dt_0_01.txt,prerank,HALLMARK_IL2_STAT5_SIGNALING,0.454957411265132,1.116174917886243,0.3100303951367781,0.5909745011425915,1.0,28/127,16.00%,FGL2;CTSZ;NRP1;SPP1;IRF8;CD86;BATF3;TLR7;AHR;TNFRSF1B;SHE;IL10RA;TNFRSF21;CAPG;IL10;CXCL10;ADAM19;MAP3K8;IL1RL1;ENPP1;CD83;PLIN2;GADD45B;TNFRSF9;GPR65;IL3RA;TNFRSF8;IL2RA
10,8,anal_pc5_c21_S1.filtered.gene_spectra_score.k_10.dt_0_01.txt,prerank,HALLMARK_MITOTIC_SPINDLE,-0.26796327989341323,-1.0839319132809253,0.3137254901960784,0.6174957118353345,0.7092198581560284,37/77,27.08%,CNTRL;DST;CEP72;SMC4;RAPGEF5;BCAR1;MID1;FLNB;RAPGEF6;KIF22;NUSAP1;TUBA4A;PALLD;CEP250;FLNA;NEDD9;EPB41;TPX2;TOP2A;CDK1;SYNPO;PRC1;FARP1;KIF2C;TRIO;KNTC1;KIF23;ECT2;CDC42EP4;DLGAP5;LMNB1;WASL;BIRC5;CENPF;CCNB2;ANLN;BIN1
10,8,anal_pc5_c21_S1.filtered.gene_spectra_score.k_10.dt_0_01.txt,prerank,HALLMARK_PI3K_AKT_MTOR_SIGNALING,-0.30087451786420466,-1.0263288616278652,0.3841059602649007,0.6847061294500647,0.8074974670719351,12/32,16.00%,PLCG1;CXCR4;SLC2A1;MAPK10;PDK1;PPP2R1B;LCK;IL2RG;E2F1;PRKCB;CAMK4;CDK1
10,8,anal_pc5_c21_S1.filtered.gene_spectra_score.k_10.dt_0_01.txt,prerank,HALLMARK_APICAL_JUNCTION,0.4183467932609229,1.0256596662920654,0.4820880245649949,0.7979526963153016,1.0,9/101,4.62%,CD209;SIRPA;MMP9;TGFBI;ITGA9;ICAM1;TSPAN4;CD86;SDC3
10,8,anal_pc5_c21_S1.filtered.gene_spectra_score.k_10.dt_0_01.txt,prerank,HALLMARK_ANDROGEN_RESPONSE,0.44685860313792297,1.0228746852400217,0.474972191323693,0.7653899145770184,1.0,6/41,9.46%,SAT1;SELENOP;MERTK;MAF;SGK1;ABCC4
10,8,anal_pc5_c21_S1.filtered.gene_spectra_score.k_10.dt_0_01.txt,prerank,HALLMARK_HEME_METABOLISM,0.4292591506347991,1.0101928376150306,0.4891540130151844,0.756656038000761,1.0,8/55,12.12%,CTSB;ACP5;MPP1;BMP2K;LMO2;NFE2;BLVRB;AGPAT4
10,8,anal_pc5_c21_S1.filtered.gene_spectra_score.k_10.dt_0_01.txt,prerank,HALLMARK_CHOLESTEROL_HOMEOSTASIS,0.44431366416920137,1.0038663239137433,0.493006993006993,0.7372019248068248,1.0,3/35,8.26%,LGMN;CXCL16;PLAUR
10,8,anal_pc5_c21_S1.filtered.gene_spectra_score.k_10.dt_0_01.txt,prerank,HALLMARK_DNA_REPAIR,-0.311732301397605,-0.9603605135119441,0.5067264573991032,0.7851016907620681,0.8936170212765957,10/22,24.96%,AK1;BCAM;LIG1;TYMS;POLH;VPS37B;USP11;POLA1;ZWINT;NT5C3A
10,8,anal_pc5_c21_S1.filtered.gene_spectra_score.k_10.dt_0_01.txt,prerank,HALLMARK_REACTIVE_OXYGEN_SPECIES_PATHWAY,0.4475388070860632,0.9039877806936357,0.6075778078484438,0.9060085804188264,1.0,8/19,18.58%,FES;FTL;SOD2;LSP1;GLRX;HHEX;MPO;CAT
10,8,anal_pc5_c21_S1.filtered.gene_spectra_score.k_10.dt_0_01.txt,prerank,HALLMARK_SPERMATOGENESIS,-0.2676571758851908,-0.9035889776075322,0.5733333333333334,0.8357428734787226,0.92806484295846,9/36,21.36%,LPIN1;GSTM3;EZH2;SLC12A2;CAMK4;CDK1;HSPA4L;KIF2C;HSPA2
10,8,anal_pc5_c21_S1.filtered.gene_spectra_score.k_10.dt_0_01.txt,prerank,HALLMARK_APICAL_SURFACE,-0.27840595620858644,-0.8893712327880751,0.5891891891891892,0.7824552805684881,0.9381965552178319,7/27,14.64%,CROCC;EPHB4;ATP8B1;GSTM3;IL2RG;AKAP7;IL2RB
10,8,anal_pc5_c21_S1.filtered.gene_spectra_score.k_10.dt_0_01.txt,prerank,HALLMARK_HYPOXIA,0.3576947125231377,0.8744047212794431,0.718974358974359,0.9232028190418932,1.0,21/111,14.46%,HMOX1;TGFBI;FOS;SDC3;PDGFB;SCARB1;DUSP1;GAA;HS3ST1;ZFP36;PLAUR;S100A4;TNFAIP3;AMPD3;PPP1R15A;CHST2;PFKFB3;IER3;GLRX;PLIN2;RBPJ
10,8,anal_pc5_c21_S1.filtered.gene_spectra_score.k_10.dt_0_01.txt,prerank,HALLMARK_TGF_BETA_SIGNALING,-0.2599946463170852,-0.7907015322041706,0.7767857142857143,0.9064623198413937,0.9736575481256332,4/24,3.16%,SMAD3;ID1;CDH1;ID3
10,8,anal_pc5_c21_S1.filtered.gene_spectra_score.k_10.dt_0_01.txt,prerank,HALLMARK_MYOGENESIS,-0.18456634006692454,-0.785522237366354,1.0,0.8380298946336682,0.9746707193515705,41/112,29.16%,ITGB4;AK1;CKB;LPIN1;COL6A2;EFS;NQO1;MYH11;COL4A2;AEBP1;COL1A1;COL3A1;ERBB3;COL6A3;PFKM;CDH13;CNN3;NAV2;SPARC;SVIL;SLC6A8;SMTN;COL15A1;SPEG;IGFBP7;SOD3;CLU;LAMA2;SORBS1;EPHB3;PTP4A3;VIPR1;MAPRE3;FDPS;FHL1;BIN1;WWTR1;MYLK;TAGLN;TPM2;PKIA
10,8,anal_pc5_c21_S1.filtered.gene_spectra_score.k_10.dt_0_01.txt,prerank,HALLMARK_EPITHELIAL_MESENCHYMAL_TRANSITION,0.3146293851919708,0.7711308104778317,0.8957915831663327,1.0,1.0,20/164,12.42%,FUCA1;DAB2;SAT1;TGFBI;SPP1;MMP14;ANPEP;PMP22;CAPG;VCAN;PLAUR;LRP1;TNFAIP3;BASP1;GLIPR1;TIMP1;EMP3;CXCL8;CXCL1;ITGB5
10,8,anal_pc5_c21_S1.filtered.gene_spectra_score.k_10.dt_0_01.txt,prerank,HALLMARK_KRAS_SIGNALING_DN,0.3134345651075502,0.7506195437295932,0.8385093167701864,1.0,1.0,10/78,14.20%,SELENOP;MEFV;SGK1;CD207;CD80;KCNMB1;SLC29A3;PTPRJ;CHST2;STAG3
10,8,anal_pc5_c21_S1.filtered.gene_spectra_score.k_10.dt_0_01.txt,prerank,HALLMARK_FATTY_ACID_METABOLISM,0.32667243047706457,0.7425228148576193,0.8056497175141243,0.9946066711015733,1.0,7/44,14.78%,CD36;IL4I1;LTC4S;ME1;GLUL;ACSL4;ACSL1
10,8,anal_pc5_c21_S1.filtered.gene_spectra_score.k_10.dt_0_01.txt,prerank,HALLMARK_UV_RESPONSE_DN,0.2971518430580009,0.7053372038672382,0.8710725893824486,0.9972766280289014,1.0,4/69,6.96%,DAB2;NRP1;DUSP1;PMP22
10,8,anal_pc5_c21_S1.filtered.gene_spectra_score.k_10.dt_0_01.txt,prerank,HALLMARK_GLYCOLYSIS,0.2768260513944325,0.6599586876645973,0.9008528784648188,1.0,1.0,9/67,13.98%,MERTK;TGFBI;SDC3;SLC16A3;VCAN;ME1;CHST2;IER3;GLRX
10,8,anal_pc5_c21_S1.filtered.gene_spectra_score.k_10.dt_0_01.txt,prerank,HALLMARK_UNFOLDED_PROTEIN_RESPONSE,0.30551517587328925,0.6373536391617144,0.8745046235138706,0.9845002797331263,1.0,3/23,9.90%,CEBPB;NABP1;CCL2
10,8,anal_pc5_c21_S1.filtered.gene_spectra_score.k_10.dt_0_01.txt,prerank,HALLMARK_BILE_ACID_METABOLISM,0.25775450413742473,0.5735668462516179,0.9494712103407755,0.9888928305625343,1.0,3/37,10.20%,ABCA1;AQP9;ABCD1
10,8,anal_pc5_c21_S1.filtered.gene_spectra_score.k_10.dt_0_01.txt,prerank,HALLMARK_PEROXISOME,0.18095841853196148,0.40316605574452585,0.9951515151515151,0.9980209925098324,1.0,5/32,14.78%,DLG4;ABCD1;SOD2;ACSL4;ACSL1
10,9,anal_pc5_c21_S1.filtered.gene_spectra_score.k_10.dt_0_01.txt,prerank,HALLMARK_E2F_TARGETS,-0.7471852231389768,-2.956657400966307,0.0,0.0,0.0,51/54,22.20%,LMNB1;EZH2;HELLS;CDK1;TFRC;TOP2A;MCM4;MCM2;CENPM;MKI67;PTTG1;KIF22;HMGB2;TACC3;CIT;SMC4;NCAPD2;POLE;CDKN2A;CDKN2C;RRM2;KIF18B;CDC20;TK1;MYBL2;BIRC5;CCNB2;AURKB;HMMR;ESPL1;LIG1;MCM6;CDKN1A;DLGAP5;SPAG5;PLK1;TCF19;CKS2;CDCA3;ANP32E;KIF2C;SPC25;KIF4A;CENPE;MYC;ORC6;MELK;PRDX4;DEPDC1;DIAPH3;CDCA8
10,9,anal_pc5_c21_S1.filtered.gene_spectra_score.k_10.dt_0_01.txt,prerank,HALLMARK_G2M_CHECKPOINT,-0.6229534467158737,-2.6721128516289165,0.0,0.0,0.0,50/68,20.68%,LMNB1;EZH2;CDK1;NUSAP1;TOP2A;MCM2;MKI67;TPX2;TROAP;SMAD3;PTTG1;KIF22;NDC80;TACC3;KIF23;KIF11;SMC4;INCENP;POLE;CDKN2C;CDC20;ODC1;MYBL2;BIRC5;CCNB2;AURKB;PRC1;KIF20B;HMMR;CENPF;ESPL1;SLC12A2;MCM6;FBXO5;PLK1;BUB1;E2F1;CKS2;TTK;KIF2C;CDC45;KIF4A;POLQ;CENPE;RAD54L;CCNF;MYC;NEK2;KIF15;ORC6
10,9,anal_pc5_c21_S1.filtered.gene_spectra_score.k_10.dt_0_01.txt,prerank,HALLMARK_MTORC1_SIGNALING,-0.4056882611103469,-1.8167131866721704,0.0,0.009004141905276427,0.005889281507656066,33/72,20.44%,CORO1A;GCLC;TFRC;TXNRD1;MCM4;SLC2A1;NUPR1;MCM2;CXCR4;IFI30;ITGB2;XBP1;CTSC;PHGDH;RRM2;BTG2;PDK1;SLC7A11;CDKN1A;SLA;ME1;PLK1;ERO1A;BUB1;HK2;GLRX;SYTL2;HMGCS1;FADS2;LGMN;CCNF;HSP90B1;DAPP1
10,9,anal_pc5_c21_S1.filtered.gene_spectra_score.k_10.dt_0_01.txt,prerank,HALLMARK_ALLOGRAFT_REJECTION,-0.38744527378891336,-1.5618979334659717,0.0,0.07428417071853052,0.0624263839811543,63/121,27.52%,ITGAL;CTSS;CD79A;IL2RG;PTPN6;IL16;CD2;ZAP70;FYB1;LTB;CCL11;ITGB2;PTPRC;CD96;MAP4K1;IRF8;CD3E;PRKCB;CD4;CDKN2A;FAS;NCF4;HCLS1;CD3D;LCK;IRF4;CAPG;SPI1;CCND2;CD28;CCL2;CD8A;C2;CCL5;SIT1;IL12RB1;ITK;CD247;LY75;WAS;CCL13;IL2RB;LCP2;CCR5;CD7;IL2RA;CXCR3;STAT4;CD3G;SOCS1;CD86;FCGR2B;PRF1;LY86;GZMA;NOS2;IL11;CD74;TRAT1;CD40LG;GPR65;TNF;CCR2
10,9,anal_pc5_c21_S1.filtered.gene_spectra_score.k_10.dt_0_01.txt,prerank,HALLMARK_GLYCOLYSIS,-0.35140991868124954,-1.4961224692947237,0.0,0.09076175040518639,0.09540636042402827,22/67,16.32%,DCN;ELF3;TGFBI;GPC1;GCLC;COL5A1;CDK1;VCAN;CXCR4;GPC3;DSC2;B3GNT3;QSOX1;HMMR;ISG20;ME1;ERO1A;HK2;VEGFA;CHPF;GLRX;KIF20A
10,9,anal_pc5_c21_S1.filtered.gene_spectra_score.k_10.dt_0_01.txt,prerank,HALLMARK_ADIPOGENESIS,0.6804706637310897,1.4535436510915578,0.013360739979445015,0.3613846117345607,0.363,16/51,11.02%,ENPP2;SPARCL1;COL15A1;LIFR;FZD4;COL4A1;SNCG;CAVIN1;CAVIN2;LAMA4;CD36;PHLDB1;FABP4;PIM3;MYLK;HSPB8
10,9,anal_pc5_c21_S1.filtered.gene_spectra_score.k_10.dt_0_01.txt,prerank,HALLMARK_APICAL_JUNCTION,0.6733721220745742,1.4529667916125382,0.0,0.1831122921065743,0.368,24/101,10.24%,CLDN5;VWF;PECAM1;CD34;ADAM15;ITGA9;SHC1;MAPK11;FLNC;PCDH1;TJP1;ICAM2;ICAM1;TSPAN4;FBN1;ITGB4;JAM3;PIK3R3;CLDN11;CERCAM;SIRPA;MPZL2;CX3CL1;MYL9
10,9,anal_pc5_c21_S1.filtered.gene_spectra_score.k_10.dt_0_01.txt,prerank,HALLMARK_COAGULATION,0.6653506609366764,1.434735650089814,0.002004008016032064,0.1637524021922228,0.467,16/79,8.92%,VWF;PECAM1;THBD;CRIP2;CLU;RAPGEF3;CFI;TIMP3;PDGFB;SPARC;FBN1;PRSS23;SERPINE1;A2M;HTRA1;ITGB3
10,9,anal_pc5_c21_S1.filtered.gene_spectra_score.k_10.dt_0_01.txt,prerank,HALLMARK_TGF_BETA_SIGNALING,0.7083465276829242,1.3944578323408892,0.05922551252847381,0.20973214073880755,0.637,9/24,13.16%,ENG;SMAD6;ID1;TJP1;SERPINE1;SMAD1;ID3;WWTR1;THBS1
10,9,anal_pc5_c21_S1.filtered.gene_spectra_score.k_10.dt_0_01.txt,prerank,HALLMARK_PEROXISOME,-0.3959265719300432,-1.3633476652141145,0.07407407407407407,0.1476679272465334,0.17785630153121318,17/32,28.28%,ABCC5;HSD11B2;TOP2A;ALDH1A1;DHRS3;ACSL5;CEL;ACOX1;CAT;NR1I2;CRABP2;ACSL1;SEMA3C;ECI2;CADM1;HSD17B11;SOD2
10,9,anal_pc5_c21_S1.filtered.gene_spectra_score.k_10.dt_0_01.txt,prerank,HALLMARK_UV_RESPONSE_DN,0.6281061560001431,1.3337736212802402,0.046747967479674794,0.34976867778594983,0.88,26/69,15.44%,TGFBR2;CAV1;PTPRM;KALRN;NRP1;ID1;TJP1;TFPI;SERPINE1;PIK3R3;PLPP3;MET;DUSP1;EFEMP1;DLC1;NFIB;ITGB3;PLCB4;LAMC1;SYNE1;ICA1;PDLIM5;ADGRL2;TGFBR3;DAB2;RBPMS
10,9,anal_pc5_c21_S1.filtered.gene_spectra_score.k_10.dt_0_01.txt,prerank,HALLMARK_KRAS_SIGNALING_UP,0.6171780726492891,1.3291923503350025,0.006006006006006006,0.305859371910761,0.887,35/131,14.56%,PLVAP;PECAM1;ENG;ADGRL4;TMEM100;IL33;FLT4;SPARCL1;GNG11;ACE;RELN;NRP1;TSPAN7;ADGRA2;TFPI;ALDH1A2;EMP1;CPE;GUCY1A1;MPZL2;IGFBP3;AKAP12;CMKLR1;DUSP6;TPH1;EPB41L3;INHBA;ABCB1;RGS16;SCN1B;PTGS2;TRIB2;LY96;SNAP25;CFH
10,9,anal_pc5_c21_S1.filtered.gene_spectra_score.k_10.dt_0_01.txt,prerank,HALLMARK_HEDGEHOG_SIGNALING,0.67280843685177,1.2842044607813319,0.1715686274509804,0.41785095731808586,0.969,6/17,15.16%,NRP2;NRP1;L1CAM;DPYSL2;CELSR1;HEY1
10,9,anal_pc5_c21_S1.filtered.gene_spectra_score.k_10.dt_0_01.txt,prerank,HALLMARK_MYOGENESIS,0.5931011836794637,1.273388297224106,0.03707414829659319,0.4084735106408219,0.98,29/112,14.60%,APLNR;CLU;IGFBP7;GJA5;COL15A1;COL4A2;PTP4A3;MAPK12;SPARC;ITGB4;SPHK1;CNN3;KIFC3;COX7A1;PDLIM7;CD36;IGFBP3;TEAD4;TPM2;PPP1R3C;MYLK;HSPB8;PTGIS;WWTR1;SORBS3;SMTN;ITGA7;TAGLN;GSN
10,9,anal_pc5_c21_S1.filtered.gene_spectra_score.k_10.dt_0_01.txt,prerank,HALLMARK_ANGIOGENESIS,0.6279178170633329,1.260541574968708,0.15921483097055616,0.40897767444067473,0.986,6/29,9.92%,SLCO2A1;THBD;JAG2;NRP1;JAG1;STC1
10,9,anal_pc5_c21_S1.filtered.gene_spectra_score.k_10.dt_0_01.txt,prerank,HALLMARK_INFLAMMATORY_RESPONSE,0.5583105982232868,1.2155856994019993,0.09309309309309309,0.5433675769294645,1.0,31/141,15.94%,APLNR;CALCRL;ITGA5;TACR1;SCARF1;ICAM1;EDN1;SPHK1;SERPINE1;PTAFR;MET;IL1R1;VIP;OSMR;SELE;GABBR1;ITGB3;AHR;CX3CL1;CD55;PTPRE;CMKLR1;NFKBIA;INHBA;STAB1;RGS16;SCN1B;PDPN;PVR;ADM;TIMP1
10,9,anal_pc5_c21_S1.filtered.gene_spectra_score.k_10.dt_0_01.txt,prerank,HALLMARK_IL6_JAK_STAT3_SIGNALING,0.5366915594425181,1.130860992244439,0.3215400624349636,0.8904816031438252,1.0,9/53,8.92%,IL3RA;LEPR;CSF2RB;IL1R1;A2M;OSMR;CD36;SOCS3;ITGB3
10,9,anal_pc5_c21_S1.filtered.gene_spectra_score.k_10.dt_0_01.txt,prerank,HALLMARK_FATTY_ACID_METABOLISM,-0.295628460752014,-1.120890613748363,0.2391304347826087,0.37971752720537166,0.46878680800942285,16/44,17.98%,ALDH3A1;CA2;UGDH;MAOA;ACSS1;ODC1;ALDH1A1;ME1;FASN;EPHX1;ACSL5;ACAA2;ACAT2;CEL;HMGCS1;ACOX1
10,9,anal_pc5_c21_S1.filtered.gene_spectra_score.k_10.dt_0_01.txt,prerank,HALLMARK_WNT_BETA_CATENIN_SIGNALING,0.5973043264247064,1.1058588296457077,0.3889570552147239,0.9398285447657911,1.0,7/15,20.18%,JAG2;JAG1;DLL1;HEY1;LEF1;FRAT1;CSNK1E
10,9,anal_pc5_c21_S1.filtered.gene_spectra_score.k_10.dt_0_01.txt,prerank,HALLMARK_SPERMATOGENESIS,0.5259397139464967,1.0886848679465289,0.3997867803837953,0.9459043649178647,1.0,4/36,6.38%,SHE;ACE;JAM3;GPR182
10,9,anal_pc5_c21_S1.filtered.gene_spectra_score.k_10.dt_0_01.txt,prerank,HALLMARK_EPITHELIAL_MESENCHYMAL_TRANSITION,0.4804234907825542,1.037298762734931,0.413,1.0,1.0,47/164,17.82%,VEGFC;ITGA5;TIMP3;IGFBP4;COL4A1;CCN2;RHOB;MGP;COL4A2;FBLN2;SPARC;NNMT;FBN1;ELN;SERPINE1;CALD1;FOXC2;CTHRC1;FAP;HTRA1;ITGB3;CXCL12;BGN;IGFBP3;LAMC1;TPM2;MYL9;MYLK;TGM2;PTX3;LOXL2;SERPINH1;FN1;INHBA;ACTA2;THBS1;TAGLN;TGFBR3;DAB2;PVR;TIMP1;MSX1;FLNA;CDH6;SERPINE2;CCN1;BMP1
10,9,anal_pc5_c21_S1.filtered.gene_spectra_score.k_10.dt_0_01.txt,prerank,HALLMARK_INTERFERON_ALPHA_RESPONSE,0.45123063678915687,0.9575252819016213,0.5964730290456431,1.0,1.0,16/50,20.28%,IFITM3;IFITM2;IFI44L;IFI44;GBP4;TRIM25;IFI27;TMEM140;LAP3;HELZ2;GMPR;NCOA7;DDX60;CMPK2;IFIT2;PARP14
10,9,anal_pc5_c21_S1.filtered.gene_spectra_score.k_10.dt_0_01.txt,prerank,HALLMARK_REACTIVE_OXYGEN_SPECIES_PATHWAY,-0.3278079282217715,-0.9439892584887928,0.4807692307692308,0.6807131280388978,0.751472320376914,6/19,9.48%,LSP1;MGST1;GCLC;TXNRD1;FTL;NQO1
10,9,anal_pc5_c21_S1.filtered.gene_spectra_score.k_10.dt_0_01.txt,prerank,HALLMARK_APICAL_SURFACE,0.47174016649759065,0.9424257932314357,0.6145374449339207,1.0,1.0,5/27,11.10%,EPHB4;AFAP1L2;SULF2;CX3CL1;EFNA5
10,9,anal_pc5_c21_S1.filtered.gene_spectra_score.k_10.dt_0_01.txt,prerank,HALLMARK_UV_RESPONSE_UP,0.4451224230346759,0.9363665710267083,0.6344195519348269,1.0,1.0,9/66,12.70%,HYAL2;RHOB;FGF18;ICAM1;DLG4;OLFM1;CXCL2;NFKBIA;ABCB1
10,9,anal_pc5_c21_S1.filtered.gene_spectra_score.k_10.dt_0_01.txt,prerank,HALLMARK_APOPTOSIS,0.42997100736005506,0.9146749429320896,0.6895854398382204,1.0,1.0,16/79,17.14%,CLU;TIMP3;CAV1;RHOB;IFITM3;EMP1;RARA;BGN;HGF;CDC25B;GSN;TGFBR3;NEDD9;TIMP1;LEF1;SMAD7
10,9,anal_pc5_c21_S1.filtered.gene_spectra_score.k_10.dt_0_01.txt,prerank,HALLMARK_TNFA_SIGNALING_VIA_NFKB,0.4205914816413874,0.9098368327511587,0.736,1.0,1.0,24/150,14.50%,KLF2;RHOB;PLK2;ICAM1;EDN1;SPHK1;SERPINE1;PLPP3;DUSP1;JAG1;SOCS3;PTPRE;KLF9;EFNA1;PTX3;NFAT5;CXCL2;NFKBIA;PDLIM5;INHBA;MAP3K8;PTGS2;IER5;DUSP5
10,9,anal_pc5_c21_S1.filtered.gene_spectra_score.k_10.dt_0_01.txt,prerank,HALLMARK_ANDROGEN_RESPONSE,0.4418171041270749,0.9071693370945756,0.6666666666666666,1.0,1.0,9/41,13.74%,LIFR;GUCY1A1;ADAMTS1;ABCC4;PLPP1;AKAP12;STEAP4;PDLIM5;NDRG1
10,9,anal_pc5_c21_S1.filtered.gene_spectra_score.k_10.dt_0_01.txt,prerank,HALLMARK_PI3K_AKT_MTOR_SIGNALING,-0.25917441912516576,-0.8911585034384081,0.6172839506172839,0.7077255537547271,0.8209658421672555,11/32,14.68%,CDK1;MAPK10;IL2RG;SLC2A1;CXCR4;PRKCB;PDK1;LCK;CDKN1A;SLA;E2F1
10,9,anal_pc5_c21_S1.filtered.gene_spectra_score.k_10.dt_0_01.txt,prerank,HALLMARK_HEME_METABOLISM,0.4189792438465493,0.8855412556924804,0.7030927835051546,1.0,1.0,5/55,8.44%,ACKR1;LMO2;BCAM;TNS1;SEC14L1
10,9,anal_pc5_c21_S1.filtered.gene_spectra_score.k_10.dt_0_01.txt,prerank,HALLMARK_IL2_STAT5_SIGNALING,0.4094024877084232,0.8809145903212237,0.765,1.0,1.0,22/127,16.12%,SHE;IL3RA;SELP;RHOB;NRP1;IFITM3;EMP1;ITGA6;PLPP1;AHR;SWAP70;TGM2;GBP4;SPRY4;ABCB1;RGS16;MAP3K8;NDRG1;PRKCH;SNX9;SERPINC1;SYT11
10,9,anal_pc5_c21_S1.filtered.gene_spectra_score.k_10.dt_0_01.txt,prerank,HALLMARK_MITOTIC_SPINDLE,0.4043945677327046,0.8611520734134391,0.7515151515151515,1.0,1.0,18/77,17.80%,SYNPO;ARHGAP29;ARAP3;RAPGEF5;PXN;SORBS2;DOCK4;BCAR1;CDC42EP2;PDLIM5;FSCN1;MID1;ARHGEF2;GSN;NEDD9;FLNB;FLNA;TRIO
10,9,anal_pc5_c21_S1.filtered.gene_spectra_score.k_10.dt_0_01.txt,prerank,HALLMARK_DNA_REPAIR,-0.2527318814569736,-0.797574944287385,0.7063492063492064,0.7963263101026472,0.917550058892815,7/22,19.20%,TYMS;ZWINT;AK1;HCLS1;LIG1;ARL6IP1;POLH
10,9,anal_pc5_c21_S1.filtered.gene_spectra_score.k_10.dt_0_01.txt,prerank,HALLMARK_INTERFERON_GAMMA_RESPONSE,0.3667318311544962,0.7952424814712826,0.8693467336683417,1.0,1.0,28/111,20.28%,SELP;ICAM1;IFITM3;CSF2RB;IFITM2;UPP1;SOCS3;IFI44L;IFI44;NOD1;CMKLR1;GBP4;XAF1;NFKBIA;TRIM25;PTGS2;SERPING1;IFI27;CFH;LAP3;IFIT1;HELZ2;IL18BP;DDX60;PFKP;CMPK2;IFIT2;PARP14
10,9,anal_pc5_c21_S1.filtered.gene_spectra_score.k_10.dt_0_01.txt,prerank,HALLMARK_COMPLEMENT,0.36108564266795135,0.7766804460314767,0.892,1.0,1.0,21/122,15.94%,CLU;COL4A2;DOCK9;PDGFB;DOCK4;SERPINE1;CASP10;CD36;CD55;PRCP;DUSP6;ZEB1;SH2B3;FN1;LTF;SERPING1;DUSP5;CFH;LAP3;SERPINC1;TIMP1
10,9,anal_pc5_c21_S1.filtered.gene_spectra_score.k_10.dt_0_01.txt,prerank,HALLMARK_HYPOXIA,0.36216264891745487,0.7753415087760566,0.8906720160481444,1.0,1.0,23/111,18.04%,CAV1;CCN2;CAVIN1;PDGFB;SERPINE1;DUSP1;CAVIN3;BGN;IGFBP3;STC1;AKAP12;PPP1R3C;EFNA1;TGM2;SCARB1;NDRG1;SDC3;HS3ST1;ADM;ETS1;PPP1R15A;CCN1;SLC2A3
10,9,anal_pc5_c21_S1.filtered.gene_spectra_score.k_10.dt_0_01.txt,prerank,HALLMARK_CHOLESTEROL_HOMEOSTASIS,0.370772146662227,0.7597442661431212,0.8195329087048833,1.0,1.0,2/35,7.78%,CLU;JAG1
10,9,anal_pc5_c21_S1.filtered.gene_spectra_score.k_10.dt_0_01.txt,prerank,HALLMARK_ESTROGEN_RESPONSE_EARLY,0.33709065177173403,0.7228602898026729,0.9398194583751254,1.0,1.0,17/118,13.54%,PODXL;IGFBP4;PRSS23;OLFM1;DLC1;RARA;MPPED2;SH3BP5;FOXC1;ABCA3;CXCL12;KLK10;TGM2;HSPB8;INHBB;SCARB1;MAST4
10,9,anal_pc5_c21_S1.filtered.gene_spectra_score.k_10.dt_0_01.txt,prerank,HALLMARK_UNFOLDED_PROTEIN_RESPONSE,0.36722082035867637,0.7224325226857271,0.8254335260115607,1.0,1.0,1/23,2.20%,SHC1
10,9,anal_pc5_c21_S1.filtered.gene_spectra_score.k_10.dt_0_01.txt,prerank,HALLMARK_KRAS_SIGNALING_DN,0.336665801475646,0.7224105525757456,0.8819374369323916,1.0,1.0,12/78,16.82%,SYNPO;EDN1;ZBTB16;IFI44L;RYR2;RGS11;PNMT;ITIH3;ABCG4;SOX10;CLSTN3;SNCB
10,9,anal_pc5_c21_S1.filtered.gene_spectra_score.k_10.dt_0_01.txt,prerank,HALLMARK_XENOBIOTIC_METABOLISM,0.323650727237081,0.6884478923947314,0.9262626262626262,0.9978409926688652,1.0,10/80,12.36%,IGFBP4;ATOH8;SERPINE1;BCAR1;IL1R1;BCAT1;CD36;UPP1;PDK4;PDLIM5
10,9,anal_pc5_c21_S1.filtered.gene_spectra_score.k_10.dt_0_01.txt,prerank,HALLMARK_P53_PATHWAY,0.3105765668421329,0.65865200794081,0.9515640766902119,0.9834975325630502,1.0,13/89,14.40%,TM4SF1;JAG2;PLK2;ITGB4;SPHK1;ZBTB16;UPP1;PITPNC1;PTPRE;INHBB;RGS16;NDRG1;IER5
10,9,anal_pc5_c21_S1.filtered.gene_spectra_score.k_10.dt_0_01.txt,prerank,HALLMARK_ESTROGEN_RESPONSE_LATE,0.2778182174483417,0.5928568652190922,0.9819458375125376,0.9852032867525524,1.0,13/106,12.88%,CAV1;IGFBP4;PRSS23;CPE;SLC29A1;OLFM1;FOXC1;ABCA3;CXCL12;KLK10;HSPB8;SCARB1;LTF
10,9,anal_pc5_c21_S1.filtered.gene_spectra_score.k_10.dt_0_01.txt,prerank,HALLMARK_BILE_ACID_METABOLISM,0.2582361780575809,0.5345624579902136,0.9603004291845494,0.975230729080168,1.0,3/37,9.14%,ABCA4;SLC29A1;ABCA3
10,10,anal_pc5_c21_S1.filtered.gene_spectra_score.k_10.dt_0_01.txt,prerank,HALLMARK_G2M_CHECKPOINT,-0.7061620321328698,-2.5983569063403107,0.0,0.0,0.0,52/68,19.48%,TPX2;ODC1;TOP2A;SLC12A2;LMNB1;MKI67;CDK1;SLC7A1;NUSAP1;CDC25B;PTTG1;KIF22;MT2A;MYBL2;MYC;CDKN2C;CENPF;EZH2;INCENP;MCM2;KIF23;CCNB2;PLK1;CDC20;CENPE;AURKB;BIRC5;KPNA2;NDC80;PRC1;CKS2;TACC3;TROAP;POLE;BUB1;KIF2C;KIF11;E2F1;SLC7A5;KIF20B;HMMR;AURKA;CENPA;MAP3K20;FANCC;KIF15;CDC45;FBXO5;EXO1;CCND1;RAD54L;MCM6
10,10,anal_pc5_c21_S1.filtered.gene_spectra_score.k_10.dt_0_01.txt,prerank,HALLMARK_E2F_TARGETS,-0.6821199423834644,-2.3666660411652454,0.0,0.0,0.0,41/54,14.42%,HMGB2;TFRC;TOP2A;LMNB1;MKI67;CDK1;CDC25B;HELLS;PTTG1;KIF22;MYBL2;MYC;CDKN2C;NCAPD2;CIT;EZH2;MCM2;CCNB2;PLK1;CDC20;CENPE;AURKB;ANP32E;BIRC5;KPNA2;CKS2;CENPM;TACC3;KIF18B;POLE;DLGAP5;SPAG5;MELK;TK1;KIF2C;PRDX4;RRM2;HMMR;SPC25;AURKA;LIG1
10,10,anal_pc5_c21_S1.filtered.gene_spectra_score.k_10.dt_0_01.txt,prerank,HALLMARK_MITOTIC_SPINDLE,-0.6130663815605507,-2.311664927647063,0.0,0.0,0.0,45/77,17.64%,TPX2;TOP2A;DST;LMNB1;CDK1;NUSAP1;KIF22;ECT2;CENPF;INCENP;ANLN;CNTRL;KIF23;CCNB2;CEP250;PLK1;FLNA;CENPE;BIN1;ARHGAP4;CCDC88A;FARP1;BIRC5;NDC80;PRC1;NEDD9;PALLD;DLGAP5;BUB1;ARHGEF2;EPB41L2;PXN;KIF2C;KIF11;FGD4;KIF20B;KNTC1;DOCK2;AURKA;DOCK4;MAP1S;TRIO;KIF15;CDC42EP4;FBXO5
10,10,anal_pc5_c21_S1.filtered.gene_spectra_score.k_10.dt_0_01.txt,prerank,HALLMARK_KRAS_SIGNALING_DN,0.7655007498652074,1.7388978457006854,0.0,0.0015224295876315721,0.002,13/78,5.96%,SPRR3;SLC6A14;KRT13;KLK7;TGM1;SERPINB2;KRT4;LYPD3;ALOX12B;KLK8;EDN2;CALML5;SGK1
10,10,anal_pc5_c21_S1.filtered.gene_spectra_score.k_10.dt_0_01.txt,prerank,HALLMARK_REACTIVE_OXYGEN_SPECIES_PATHWAY,-0.6635210294700781,-1.7221135145205242,0.0,0.012705404031848212,0.02004008016032064,10/19,17.40%,GCLC;FTL;TXNRD1;NQO1;CAT;MGST1;PRDX4;LSP1;SCAF4;MSRA
10,10,anal_pc5_c21_S1.filtered.gene_spectra_score.k_10.dt_0_01.txt,prerank,HALLMARK_SPERMATOGENESIS,-0.5440167323367736,-1.6953539846208827,0.0,0.012197187870574284,0.02404809619238477,12/36,15.22%,GSTM3;SLC12A2;CDK1;EZH2;CCNB2;HSPA2;BUB1;KIF2C;CSNK2A2;AURKA;ACE;HSPA4L
10,10,anal_pc5_c21_S1.filtered.gene_spectra_score.k_10.dt_0_01.txt,prerank,HALLMARK_TNFA_SIGNALING_VIA_NFKB,0.655137557620393,1.485619130326203,0.002036659877800407,0.34102422762947215,0.559,47/150,12.22%,MXD1;SERPINB2;IL1A;DUSP5;MAFF;SAT1;PHLDA1;IL23A;VEGFA;DUSP1;CDKN1A;ZFP36;TIPARP;GADD45A;PPP1R15A;NFKBIA;IL18;SGK1;SDC4;F3;TNFAIP2;FOSL1;KLF4;PLAUR;ATF3;DUSP4;SERPINB8;HBEGF;IER5;PDLIM5;IER3;ICAM1;CCL20;TLR2;LDLR;RNF19B;CEBPB;AREG;PHLDA2;EGR1;ZC3H12A;FOSB;SOD2;CXCL6;MAP3K8;PLK2;CXCL1
10,10,anal_pc5_c21_S1.filtered.gene_spectra_score.k_10.dt_0_01.txt,prerank,HALLMARK_APICAL_SURFACE,0.6986286364732257,1.4001200513211998,0.09959623149394348,0.5739559545371027,0.863,3/27,1.80%,RHCG;MAL;LYPD3
10,10,anal_pc5_c21_S1.filtered.gene_spectra_score.k_10.dt_0_01.txt,prerank,HALLMARK_DNA_REPAIR,-0.5027710907527868,-1.379549486090887,0.08469055374592833,0.1727934948331357,0.3376753507014028,9/22,15.50%,BCAM;AK1;ZWINT;TYMS;ARL6IP1;USP11;HCLS1;LIG1;POLA1
10,10,anal_pc5_c21_S1.filtered.gene_spectra_score.k_10.dt_0_01.txt,prerank,HALLMARK_P53_PATHWAY,0.5729381354661278,1.301139450884303,0.11240721102863202,0.9351523742026931,0.989,27/89,10.10%,EPHA2;MXD1;IL1A;CDKN2B;SAT1;TM4SF1;KLK8;CDKN1A;HMOX1;GADD45A;EPS8L2;PPP1R15A;ZNF365;GM2A;NDRG1;UPP1;RRAD;TGFA;KLF4;CDKN2A;ATF3;RGS16;HBEGF;IER5;ALOX15B;IER3;RNF19B
10,10,anal_pc5_c21_S1.filtered.gene_spectra_score.k_10.dt_0_01.txt,prerank,HALLMARK_BILE_ACID_METABOLISM,-0.40565996977244173,-1.2813614728603258,0.125,0.26753950775634666,0.5260521042084169,10/37,10.72%,ACSL5;HSD17B11;FADS2;TFCP2L1;PFKM;CAT;NR3C2;SULT1B1;ABCA2;RBP1
10,10,anal_pc5_c21_S1.filtered.gene_spectra_score.k_10.dt_0_01.txt,prerank,HALLMARK_APOPTOSIS,0.555769093402123,1.2606454511136476,0.16132478632478633,0.9809013833110218,0.997,16/79,11.04%,EMP1;ANXA1;IL1A;SAT1;CDKN1A;HMOX1;GADD45A;PLAT;ERBB3;IL18;PMAIP1;ATF3;IER3;TNFSF10;BNIP3L;SOD2
10,10,anal_pc5_c21_S1.filtered.gene_spectra_score.k_10.dt_0_01.txt,prerank,HALLMARK_MTORC1_SIGNALING,-0.33984061319194403,-1.2527628509589053,0.10666666666666667,0.2757072674911062,0.5851703406813628,27/72,14.52%,GCLC;SLC7A11;TXNRD1;TFRC;FADS2;NUPR1;SLC1A4;SERPINH1;PHGDH;MCM2;PLK1;HSP90B1;BTG2;CORO1A;IGFBP5;XBP1;BUB1;CTSC;SLC6A6;SLC7A5;RRM2;CXCR4;ELOVL5;ITGB2;AURKA;ME1;IFI30
10,10,anal_pc5_c21_S1.filtered.gene_spectra_score.k_10.dt_0_01.txt,prerank,HALLMARK_COAGULATION,0.5585550304793573,1.2484467873684555,0.17358892438764642,0.8800911707833513,0.998,14/79,9.74%,ANXA1;SERPINB2;MAFF;CTSV;KLK8;ADAM9;PLAT;DUSP14;F3;CFB;PRSS23;MMP7;GDA;CFI
10,10,anal_pc5_c21_S1.filtered.gene_spectra_score.k_10.dt_0_01.txt,prerank,HALLMARK_ESTROGEN_RESPONSE_EARLY,0.5326318227877784,1.2106265532883618,0.2,0.9368379212461423,0.999,25/118,9.34%,KRT13;KLK10;CLIC3;ANXA9;ZNF185;SULT2B1;AQP3;ELF3;P2RY2;WWC1;UGCG;TIPARP;KAZN;PMAIP1;DHRS3;PRSS23;TJP3;RAPGEFL1;PTGES;KLF4;RAB31;MUC1;KRT19;TFAP2C;RHOD
10,10,anal_pc5_c21_S1.filtered.gene_spectra_score.k_10.dt_0_01.txt,prerank,HALLMARK_HYPOXIA,0.5234616083312643,1.1849641354192026,0.23829344432882413,0.9379117778302755,1.0,40/111,15.46%,ERO1A;MAFF;SULT2B1;PIM1;EDN2;VEGFA;PLAC8;DUSP1;ERRFI1;CDKN1A;ZFP36;TIPARP;HMOX1;PPP1R15A;TMEM45A;ADM;NDRG1;SDC4;F3;PLAUR;ATF3;PPP1R3C;IER3;AMPD3;CITED2;ANGPTL4;BNIP3L;LOX;VLDLR;SLC2A1;PGF;TNFAIP3;CCNG2;MXI1;PFKFB3;RORA;EFNA1;HK2;CP;HS3ST1
10,10,anal_pc5_c21_S1.filtered.gene_spectra_score.k_10.dt_0_01.txt,prerank,HALLMARK_EPITHELIAL_MESENCHYMAL_TRANSITION,-0.2861093248811107,-1.1785992036002375,0.14285714285714285,0.3467163589135468,0.717434869739479,71/164,23.24%,COL7A1;TGFBI;DST;TPM1;IGFBP2;IGFBP4;PFN2;GJA1;DPYSL3;HTRA1;ADAM12;ELN;SERPINH1;ITGB5;LRP1;THBS2;COL4A2;FLNA;MATN2;CALD1;SPARC;GPC1;CTHRC1;WIPF1;COL5A1;FBLN1;LAMC1;TNC;WNT5A;COL4A1;PRRX1;FUCA1;COL6A2;NT5E;SNAI2;ENO2;LOXL1;MMP14;MYL9;COL3A1;CADM1;EMP3;FN1;CRLF1;VCAN;TPM2;FOXC2;MEST;MMP2;TAGLN;ID2;PTHLH;DAB2;FBLN2;SERPINE2;CDH11;ACTA2;TIMP1;THBS1;COL6A3;CAPG;COL1A1;FMOD;COL1A2;PMEPA1;FBN1;EDIL3;DCN;LOXL2;FAS;MYLK
10,10,anal_pc5_c21_S1.filtered.gene_spectra_score.k_10.dt_0_01.txt,prerank,HALLMARK_ANDROGEN_RESPONSE,0.5459574870288187,1.1747419565638815,0.2964329643296433,0.8761582276819696,1.0,12/41,11.88%,SAT1;STEAP4;SGK1;NDRG1;INPP4B;HPGD;KRT19;ALDH1A3;INSIG1;PDLIM5;SELENOP;HMGCR
10,10,anal_pc5_c21_S1.filtered.gene_spectra_score.k_10.dt_0_01.txt,prerank,HALLMARK_IL2_STAT5_SIGNALING,0.5132257899882893,1.156315705509411,0.24692622950819673,0.8583458015066803,1.0,8/127,3.38%,ECM1;EMP1;HOPX;MXD1;MAFF;PHLDA1;PIM1;IKZF2
10,10,anal_pc5_c21_S1.filtered.gene_spectra_score.k_10.dt_0_01.txt,prerank,HALLMARK_ALLOGRAFT_REJECTION,-0.2850597460440856,-1.1545251192722392,0.0967741935483871,0.35092325935964763,0.7575150300601202,66/121,39.98%,CCND2;CTSS;ST8SIA4;CD74;FLNA;ITGAL;IL16;CD79A;PTPN6;IRF8;HCLS1;ITGB2;FYB1;ETS1;LTB;STAT1;STAB1;ZAP70;CD96;SRGN;IRF4;CD2;CD4;TIMP1;PTPRC;NCF4;CAPG;CSF1;CD3D;MAP4K1;CCND3;CD40;IL2RG;FAS;SOCS1;CD3E;PRKCB;CD28;CD8A;LY75;INHBB;SPI1;ITK;LCP2;WAS;LCK;TGFB2;LY86;IL27RA;IL2RB;IL12RB1;CD1D;CD3G;SOCS5;CD247;CCL5;STAT4;FGR;LIF;SIT1;FCGR2B;IL7;CD40LG;THY1;CXCR3;GPR65
10,10,anal_pc5_c21_S1.filtered.gene_spectra_score.k_10.dt_0_01.txt,prerank,HALLMARK_CHOLESTEROL_HOMEOSTASIS,0.54554917069411,1.136090735216374,0.3527950310559006,0.8526989717634651,1.0,12/35,14.20%,MAL2;FABP5;ERRFI1;PLAUR;CXCL16;ATF3;TM7SF2;LDLR;ACAT2;HMGCR;FDPS;MVK
10,10,anal_pc5_c21_S1.filtered.gene_spectra_score.k_10.dt_0_01.txt,prerank,HALLMARK_MYOGENESIS,-0.28734175967643527,-1.1219226659829165,0.19047619047619047,0.3698427609997998,0.8076152304609219,51/112,31.82%,MYH11;NQO1;CKB;CDH13;ITGB4;AK1;ADAM12;ITGB5;PFKM;COL4A2;GAA;BIN1;SPARC;LSP1;MAPRE3;COL6A2;SMTN;COL3A1;PVALB;SVIL;EFS;SORBS3;TPM2;CRYAB;NAV2;TAGLN;MAPK12;TNNT3;COL6A3;COL1A1;AEBP1;PDLIM7;DTNA;TEAD4;IGFBP7;VIPR1;MYLK;COL15A1;SPEG;DES;MB;SOD3;TNNT1;IGF1;SORBS1;STC2;TNNI2;PTP4A3;CACNA1H;FST;FGF2
10,10,anal_pc5_c21_S1.filtered.gene_spectra_score.k_10.dt_0_01.txt,prerank,HALLMARK_ESTROGEN_RESPONSE_LATE,0.48194319877939235,1.0953244606836083,0.36459430979978924,0.9120621921236143,1.0,23/106,11.20%,KRT13;KLK10;CLIC3;ANXA9;SULT2B1;KLK11;NMU;FABP5;ZFP36;SGK1;PRSS23;MDK;TJP3;RAPGEFL1;PTGES;KLF4;RAB31;KRT19;TFAP2C;ASS1;AREG;FLNB;SCNN1A
10,10,anal_pc5_c21_S1.filtered.gene_spectra_score.k_10.dt_0_01.txt,prerank,HALLMARK_COMPLEMENT,0.4814218547164136,1.09336420260639,0.3582554517133956,0.8478176153583665,1.0,17/122,10.26%,S100A12;SERPINB2;DUSP5;CD55;MAFF;PIM1;CTSV;ADAM9;PLAT;F3;CFB;PLAUR;PDP1;DOCK9;CD36;LYN;CEBPB
10,10,anal_pc5_c21_S1.filtered.gene_spectra_score.k_10.dt_0_01.txt,prerank,HALLMARK_UNFOLDED_PROTEIN_RESPONSE,0.5451283057019825,1.0745371196332272,0.4154727793696275,0.8422297968718946,1.0,6/23,12.02%,ERO1A;VEGFA;NABP1;ATF3;CEBPB;CHAC1
10,10,anal_pc5_c21_S1.filtered.gene_spectra_score.k_10.dt_0_01.txt,prerank,HALLMARK_KRAS_SIGNALING_UP,0.4693907361551889,1.0705432671056683,0.40899795501022496,0.7958246931079437,1.0,23/131,11.98%,SLPI;EMP1;ERO1A;MALL;BPGM;MPZL2;PPP1R15A;PLAT;TSPAN1;PRDM1;CFB;KLF4;PLAUR;HKDC1;RGS16;ALDH1A3;HBEGF;PTPRR;CCL20;ANGPTL4;HDAC9;ABCB1;TNNT2
10,10,anal_pc5_c21_S1.filtered.gene_spectra_score.k_10.dt_0_01.txt,prerank,HALLMARK_INFLAMMATORY_RESPONSE,0.4631962263659912,1.0602695838939953,0.41333333333333333,0.7726330157230229,1.0,20/141,10.14%,ITGB8;MXD1;IL1A;CD55;P2RY2;CDKN1A;NFKBIA;ADM;IL18;F3;CXCL8;PLAUR;RGS16;HBEGF;LYN;ICAM1;CCL20;TLR2;LDLR;TNFSF10
10,10,anal_pc5_c21_S1.filtered.gene_spectra_score.k_10.dt_0_01.txt,prerank,HALLMARK_WNT_BETA_CATENIN_SIGNALING,-0.4110741279715898,-1.0323835560989743,0.4074074074074074,0.4878875148229714,0.9098196392785571,6/15,18.96%,CCND2;MYC;JAG2;DLL1;HEY1;TCF7
10,10,anal_pc5_c21_S1.filtered.gene_spectra_score.k_10.dt_0_01.txt,prerank,HALLMARK_ANGIOGENESIS,-0.32847981553199096,-0.9471729104212498,0.502283105022831,0.6288197656993184,0.9649298597194389,9/29,19.06%,FGFR1;CCND2;JAG2;VAV2;COL3A1;VCAN;PDGFA;NRP1;TIMP1
10,10,anal_pc5_c21_S1.filtered.gene_spectra_score.k_10.dt_0_01.txt,prerank,HALLMARK_FATTY_ACID_METABOLISM,0.42428840744581653,0.9178230619028904,0.5781818181818181,1.0,1.0,9/44,11.34%,GLUL;VNN1;TP53INP2;HPGD;CA4;ACOX1;CD36;MGLL;ACAT2
10,10,anal_pc5_c21_S1.filtered.gene_spectra_score.k_10.dt_0_01.txt,prerank,HALLMARK_UV_RESPONSE_UP,0.4054029573527608,0.892003920803293,0.6588366890380313,1.0,1.0,14/66,11.86%,CDKN2B;AQP3;CTSV;HMOX1;SLC6A8;NFKBIA;DNAJB1;RRAD;ATF3;LYN;ICAM1;FOSB;SOD2;ABCB1
10,10,anal_pc5_c21_S1.filtered.gene_spectra_score.k_10.dt_0_01.txt,prerank,HALLMARK_TGF_BETA_SIGNALING,-0.317878500288723,-0.8768077853921482,0.6779141104294478,0.7340093414970597,0.9809619238476954,12/24,24.22%,ID3;TGIF1;TGFBR1;SLC20A1;ID2;SMAD1;THBS1;SMAD6;PMEPA1;SMAD7;ENG;SERPINE1
10,10,anal_pc5_c21_S1.filtered.gene_spectra_score.k_10.dt_0_01.txt,prerank,HALLMARK_INTERFERON_GAMMA_RESPONSE,0.35382150812634505,0.8028755890719071,0.7863874345549738,1.0,1.0,27/111,14.92%,PIM1;GBP6;BPGM;IDO1;CDKN1A;ISG15;NFKBIA;UPP1;CFB;TNFAIP2;PELI1;SECTM1;ICAM1;TNFSF10;RSAD2;SOD2;OAS3;CMPK2;MX1;TNFAIP3;IFIT3;IFIT2;NAMPT;IFIT1;DDX60;OASL;HERC6
10,10,anal_pc5_c21_S1.filtered.gene_spectra_score.k_10.dt_0_01.txt,prerank,HALLMARK_GLYCOLYSIS,0.3548629483176764,0.7941378515707013,0.7637795275590551,1.0,1.0,12/67,11.48%,ERO1A;ELF3;DSC2;VEGFA;TGFA;EGLN3;IER3;CITED2;QSOX1;ANGPTL4;VLDLR;SLC16A3
10,10,anal_pc5_c21_S1.filtered.gene_spectra_score.k_10.dt_0_01.txt,prerank,HALLMARK_HEDGEHOG_SIGNALING,0.4121660628003463,0.7702504550386818,0.7261538461538461,1.0,1.0,3/17,5.26%,VEGFA;SLIT1;ACHE
10,10,anal_pc5_c21_S1.filtered.gene_spectra_score.k_10.dt_0_01.txt,prerank,HALLMARK_HEME_METABOLISM,0.3548807044997801,0.764688168924662,0.7737556561085973,1.0,1.0,16/55,15.00%,AQP3;PDZK1IP1;BPGM;SLC6A8;ALDH1L1;OSBP2;DAAM1;MBOAT2;KLF3;BNIP3L;SLC2A1;MXI1;SEC14L1;KDM7A;RHCE;MAP2K3
10,10,anal_pc5_c21_S1.filtered.gene_spectra_score.k_10.dt_0_01.txt,prerank,HALLMARK_XENOBIOTIC_METABOLISM,0.33804868748858347,0.7580022336450022,0.8083242059145673,1.0,1.0,16/80,11.92%,EPHA2;NDRG2;CYP2C18;VNN1;FMO3;HMOX1;UPP1;CFB;PTGES;PPARD;ACOX1;CD36;PDLIM5;BCAT1;CDA;XDH
10,10,anal_pc5_c21_S1.filtered.gene_spectra_score.k_10.dt_0_01.txt,prerank,HALLMARK_PI3K_AKT_MTOR_SIGNALING,-0.2480922546648272,-0.7524517304876823,0.8695652173913043,0.8737929866169745,0.996993987975952,14/32,29.18%,CDK1;HSP90B1;ITPR2;E2F1;PLCG1;CXCR4;PPP2R1B;SLA;IL2RG;PDK1;PRKCB;AKT1S1;NOD1;LCK
10,10,anal_pc5_c21_S1.filtered.gene_spectra_score.k_10.dt_0_01.txt,prerank,HALLMARK_ADIPOGENESIS,0.34020175029257704,0.7367974473078274,0.8099652375434531,0.9924655047204067,1.0,12/51,14.44%,CYP4B1;GADD45A;NABP1;ACOX1;CD36;MGLL;ANGPTL4;SOWAHC;SNCG;TOB1;CCNG2;PFKFB3
10,10,anal_pc5_c21_S1.filtered.gene_spectra_score.k_10.dt_0_01.txt,prerank,HALLMARK_PEROXISOME,0.345691205827363,0.7268507843814981,0.7809647979139505,0.9635761346037747,1.0,8/32,13.16%,SULT2B1;DHRS3;STS;CRABP2;ACOX1;SOD2;ABCB1;FDPS
10,10,anal_pc5_c21_S1.filtered.gene_spectra_score.k_10.dt_0_01.txt,prerank,HALLMARK_INTERFERON_ALPHA_RESPONSE,0.3176640122020951,0.6813024513663756,0.8588098016336057,0.9710465794803145,1.0,14/50,14.98%,ISG15;OAS1;TENT5A;SAMD9;RSAD2;NCOA7;CMPK2;MX1;IFIT3;IFIT2;DDX60;OASL;HERC6;GBP2
10,10,anal_pc5_c21_S1.filtered.gene_spectra_score.k_10.dt_0_01.txt,prerank,HALLMARK_APICAL_JUNCTION,0.2900032485495956,0.6548018519741715,0.91875,0.9571571203720718,1.0,12/101,9.92%,NECTIN4;GRB7;ADAM9;CLDN4;MPZL2;PCDH1;TJP1;CDSN;MDK;INSIG1;ALOX15B;ICAM1
10,10,anal_pc5_c21_S1.filtered.gene_spectra_score.k_10.dt_0_01.txt,prerank,HALLMARK_UV_RESPONSE_DN,0.26875662558595753,0.5942461918112781,0.9362416107382551,0.9663349945065041,1.0,13/69,11.96%,RND3;DUSP1;F3;INPP4B;TJP1;INSIG1;PDLIM5;LDLR;CITED2;MGLL;ADGRL2;VLDLR;ERBB2
10,10,anal_pc5_c21_S1.filtered.gene_spectra_score.k_10.dt_0_01.txt,prerank,HALLMARK_IL6_JAK_STAT3_SIGNALING,0.27050941130248984,0.5810156133549025,0.9507620164126612,0.9417801926660891,1.0,7/53,12.22%,PIM1;HMOX1;CD36;TNFRSF21;TLR2;MAP3K8;CXCL1
