K,GEP,spectra_file,Name,pathway,ES,NES,NOM_p,FDR_q,FWER p-val,Tag %,Gene %,leading_edge
11,1,anal_pc5_c21_S1.filtered.gene_spectra_score.k_11.dt_0_01.txt,prerank,HALLMARK_EPITHELIAL_MESENCHYMAL_TRANSITION,-0.45319180747254617,-2.1778313002983043,0.0,0.0,0.0,105/164,26.26%,LRP1;MMP14;IGFBP2;IGFBP4;COL4A2;SPARC;TPM1;COL3A1;COL1A2;LAMC1;FBLN1;CALD1;COL4A1;DST;COL6A3;VEGFA;QSOX1;COL1A1;COL6A2;THBS1;FN1;MMP2;RHOB;DCN;LUM;MATN2;GPC1;TGFBI;CXCL12;FSTL1;SAT1;ITGB5;FUCA1;DAB2;ELN;COL5A2;DPYSL3;COL16A1;FBN1;PFN2;EDIL3;ANPEP;VCAN;NT5E;SDC4;MYL9;COL5A1;TAGLN;PMP22;JUN;SLC6A8;LAMA3;CAPG;GJA1;BASP1;CDH11;MXRA5;COL7A1;MYLK;BGN;SERPINH1;PDGFRB;COL12A1;TNC;GREM1;ABI3BP;TIMP3;ECM1;ACTA2;PCOLCE;FBLN5;TIMP1;ITGA2;WNT5A;THBS2;PVR;FMOD;HTRA1;FBLN2;PLOD2;NNMT;THY1;NID2;CCN2;PDLIM4;VCAM1;CCN1;IGFBP3;ITGB3;LOX;CTHRC1;SERPINE2;BMP1;VEGFC;TGM2;MGP;TPM2;CADM1;LOXL2;SNAI2;LOXL1;PRRX1;LAMA2;PLAUR;PTHLH
11,1,anal_pc5_c21_S1.filtered.gene_spectra_score.k_11.dt_0_01.txt,prerank,HALLMARK_ALLOGRAFT_REJECTION,0.7359637382258033,2.1531124737141996,0.0,0.0,0.0,60/121,13.26%,CD2;ITGAL;CD96;ZAP70;FYB1;CD3E;CD3D;CCL5;ITK;IL2RG;IL2RB;LCK;CD8A;LCP2;CD28;CD247;ETS1;CD7;PTPRC;STAT4;CCR5;CD3G;GZMA;IL16;PRF1;ITGB2;TRAT1;CD40LG;CD4;LTB;SRGN;CXCR3;MAP4K1;HCLS1;IL12RB1;SIT1;GBP2;FASLG;KLRD1;IL27RA;IL18RAP;IL2RA;CCND3;ST8SIA4;WAS;FAS;CCL4;GZMB;STAT1;CRTAM;CCND2;NCR1;TNF;PTPN6;GPR65;CSF1;PRKCB;FLNA;SOCS1;CCR2
11,1,anal_pc5_c21_S1.filtered.gene_spectra_score.k_11.dt_0_01.txt,prerank,HALLMARK_COAGULATION,-0.4946060473175326,-2.0687678229061355,0.0,0.0,0.0,42/79,22.46%,GSN;LRP1;SERPINA1;MMP14;SPARC;A2M;C1S;C1R;CTSH;CTSB;THBS1;FN1;MMP2;CFB;LGMN;PRSS23;FBN1;ADAM9;C2;SH2B2;CSRP1;C1QA;SERPING1;CLU;TIMP3;TIMP1;VWF;ITGA2;CFD;HTRA1;C3;THBD;F3;CFI;RAPGEF3;ITGB3;PLAT;PLAU;GDA;CRIP2;BMP1;CFH
11,1,anal_pc5_c21_S1.filtered.gene_spectra_score.k_11.dt_0_01.txt,prerank,HALLMARK_MYOGENESIS,-0.4104302741025293,-1.8932723393443962,0.0,0.005652112477038293,0.004024144869215292,59/112,32.66%,GSN;ITGB4;COL4A2;SPARC;COL3A1;CKB;ERBB3;COL6A3;AEBP1;COL1A1;COL6A2;IGFBP7;SMTN;EPHB3;CNN3;NQO1;MEF2C;ITGB5;MYH11;SOD3;TAGLN;SLC6A8;EFS;CLU;MYLK;COL15A1;SVIL;SPHK1;CD36;CFD;CDKN1A;CDH13;NAV2;SCD;IGFBP3;DTNA;SORBS1;FHL1;MAPRE3;VIPR1;GPX3;BDKRB2;CRYAB;TPM2;ACHE;DMD;IGF1;LAMA2;DES;HBEGF;ITGA7;GAA;FGF2;MAPK12;MB;SORBS3;FST;PDLIM7;WWTR1
11,1,anal_pc5_c21_S1.filtered.gene_spectra_score.k_11.dt_0_01.txt,prerank,HALLMARK_ESTROGEN_RESPONSE_EARLY,-0.37580540143973445,-1.7394420349619053,0.0,0.01907587961000424,0.018108651911468814,40/118,14.44%,CLDN7;ELF3;CA12;KRT8;TFF3;MUC1;MLPH;IGFBP4;NBL1;XBP1;SCNN1A;HES1;RAPGEFL1;KLF4;ESRP2;FLNB;KRT19;FOS;CXCL12;CELSR1;AKAP1;PRSS23;CBFA2T3;LAD1;TJP3;CCND1;BLVRB;TTC39A;SLC26A2;KRT15;GJA1;SCARB1;FHL2;MYB;OVOL2;FARP1;HR;KAZN;RHOBTB3;SVIL
11,1,anal_pc5_c21_S1.filtered.gene_spectra_score.k_11.dt_0_01.txt,prerank,HALLMARK_E2F_TARGETS,-0.44077174451568685,-1.710201226089805,0.009433962264150943,0.0211954217888936,0.025150905432595575,38/54,38.96%,PRDX4;MCM4;CDKN1A;CDK1;TK1;CDKN2A;TOP2A;MCM2;TCF19;PLK1;BIRC5;MKI67;CDC20;ORC6;RRM2;MYBL2;CENPM;MYC;CKS2;HMMR;CCNB2;HELLS;CDKN2C;SPC25;CDCA3;PTTG1;CDCA8;CIT;HMGB2;KIF2C;DEPDC1;KPNA2;CENPE;ESPL1;MELK;LMNB1;SPAG5;KIF18B
11,1,anal_pc5_c21_S1.filtered.gene_spectra_score.k_11.dt_0_01.txt,prerank,HALLMARK_INTERFERON_GAMMA_RESPONSE,0.5862318778120769,1.6997188382296264,0.0,0.012830303956010387,0.041,44/111,14.80%,CCL5;IL2RB;NLRC5;LCP2;RNF213;KLRK1;STAT4;IL10RA;GZMA;CASP8;EIF4E3;SAMHD1;RAPGEF6;CD69;ITGB7;TRIM14;IRF1;ST8SIA4;TNFAIP3;FAS;ZBP1;PFKP;STAT1;OAS2;SAMD9L;PSMB9;ISG20;PIM1;PTPN6;GBP4;MX2;OASL;GPR18;IFI44;ST3GAL5;IFITM2;SP110;SOCS1;HERC6;UPP1;EPSTI1;HELZ2;PDE4B;IRF7
11,1,anal_pc5_c21_S1.filtered.gene_spectra_score.k_11.dt_0_01.txt,prerank,HALLMARK_ANGIOGENESIS,-0.4985404589122545,-1.6829750936196022,0.019801980198019802,0.01907587961000424,0.02716297786720322,14/29,18.70%,JAG1;COL3A1;TNFRSF21;VEGFA;LUM;FSTL1;COL5A2;NRP1;VCAN;VAV2;FGFR1;TIMP1;THBD;SLCO2A1
11,1,anal_pc5_c21_S1.filtered.gene_spectra_score.k_11.dt_0_01.txt,prerank,HALLMARK_XENOBIOTIC_METABOLISM,-0.3743353466278147,-1.6403793828426692,0.0,0.021801005268576274,0.03621730382293763,28/80,17.00%,TMEM176B;ABCC3;IGFBP4;IRF8;MAOA;FBLN1;EPHX1;CA2;NDRG2;CFB;EPHA2;UGDH;NQO1;AKR1C3;BCAR1;ALDH3A1;AKR1C2;CES1;BLVRB;PTGR1;GCLC;PTGDS;APOE;HMOX1;CD36;TPST1;KYNU;CYB5A
11,1,anal_pc5_c21_S1.filtered.gene_spectra_score.k_11.dt_0_01.txt,prerank,HALLMARK_ESTROGEN_RESPONSE_LATE,-0.3717115462124768,-1.5922985422174878,0.0,0.0291437049597287,0.05533199195171026,40/106,19.58%,AGR2;CA12;CDH1;TFF3;SERPINA1;IGFBP4;NBL1;XBP1;SCNN1A;CKB;RAPGEFL1;KLF4;CXCL14;TSPAN13;FLNB;CA2;KRT19;UGDH;FOS;CXCL12;PRSS23;MDK;PLXNB1;TJP3;CCND1;BLVRB;SLC26A2;SCARB1;MYB;OVOL2;FARP1;CPE;HR;KLK10;CAV1;TOP2A;SGK1;FABP5;KLK11;FGFR3
11,1,anal_pc5_c21_S1.filtered.gene_spectra_score.k_11.dt_0_01.txt,prerank,HALLMARK_INTERFERON_ALPHA_RESPONSE,0.5829889665206253,1.5892975504850728,0.007891770011273957,0.04358230232676544,0.187,29/50,21.60%,CASP8;LPAR6;GBP2;TRIM14;IRF1;SELL;SAMD9L;PSMB9;ISG20;GBP4;OASL;IFI44;CSF1;SAMD9;IFITM2;SP110;HERC6;EPSTI1;HELZ2;IRF7;TMEM140;TRIM5;DDX60;NUB1;RSAD2;IFI44L;CMPK2;IFIH1;CCRL2
11,1,anal_pc5_c21_S1.filtered.gene_spectra_score.k_11.dt_0_01.txt,prerank,HALLMARK_PI3K_AKT_MTOR_SIGNALING,0.630142698630947,1.58925760869541,0.014545454545454545,0.03268672674507408,0.187,11/32,15.14%,IL2RG;LCK;SLA;PLCG1;CAMK4;FASLG;TIAM1;CXCR4;PRKCB;ITPR2;PPP2R1B
11,1,anal_pc5_c21_S1.filtered.gene_spectra_score.k_11.dt_0_01.txt,prerank,HALLMARK_HEDGEHOG_SIGNALING,-0.5543991754281653,-1.578808622549158,0.0196078431372549,0.02920258113136451,0.0613682092555332,11/17,31.60%,VEGFA;CELSR1;NRP1;ADGRG1;NRP2;DPYSL2;THY1;ACHE;UNC5C;NRCAM;HEY1
11,1,anal_pc5_c21_S1.filtered.gene_spectra_score.k_11.dt_0_01.txt,prerank,HALLMARK_IL2_STAT5_SIGNALING,0.5311016042405369,1.5743676876386206,0.0010183299389002036,0.03177027646250191,0.221,43/127,14.48%,TRAF1;IL2RB;CCR4;RORA;CST7;IL10RA;ICOS;TNFRSF1B;PRKCH;LTB;FLT3LG;CTLA4;BATF;CISH;EOMES;PHTF2;CDC42SE2;CD48;TNFRSF4;IL2RA;RHOH;CCND3;TNFRSF18;SLC2A3;SELL;TIAM1;BCL2;IL18R1;SYT11;CCND2;PIM1;TNFRSF9;IKZF2;TTC39B;PTGER2;AGER;GPR65;GBP4;CSF1;SOCS1;FURIN;MAP3K8;GLIPR2
11,1,anal_pc5_c21_S1.filtered.gene_spectra_score.k_11.dt_0_01.txt,prerank,HALLMARK_G2M_CHECKPOINT,-0.38056786506820883,-1.5217583354670152,0.022988505747126436,0.03857566765578635,0.09054325955734406,46/68,39.78%,SLC12A2;CCND1;MEIS1;CDK1;ODC1;TOP2A;MCM2;E2F1;SLC7A1;MAP3K20;TPX2;PLK1;BIRC5;MKI67;CDC20;ORC6;DMD;TROAP;KIF23;MEIS2;NUSAP1;MYBL2;MYC;CKS2;RAD54L;HMMR;MT2A;CCNB2;CDKN2C;PTTG1;NEK2;PRC1;CENPF;KIF2C;KPNA2;TTK;CENPE;ESPL1;LMNB1;CDC45;INCENP;NDC80;KIF11;UBE2C;CENPA;SNRPD1
11,1,anal_pc5_c21_S1.filtered.gene_spectra_score.k_11.dt_0_01.txt,prerank,HALLMARK_UV_RESPONSE_DN,-0.3700381642493561,-1.5183439393824592,0.010752688172043012,0.0354541600832402,0.09154929577464789,42/69,22.88%,COL3A1;MGLL;COL1A2;LAMC1;ERBB2;PLPP3;ID1;COL1A1;PLCB4;DAB2;COL5A2;TJP1;NRP1;IGFBP5;PPARG;NFIB;KCNMA1;PMP22;ICA1;VAV2;GJA1;FHL2;RBPMS;PDGFRB;LPAR1;TFPI;FBLN5;EFEMP1;CAV1;F3;MET;ADGRL2;RND3;CCN1;ITGB3;KALRN;SLC7A1;LTBP1;SDC2;LDLR;PIK3R3;MAP1B
11,1,anal_pc5_c21_S1.filtered.gene_spectra_score.k_11.dt_0_01.txt,prerank,HALLMARK_IL6_JAK_STAT3_SIGNALING,0.5429364782537585,1.4970779936763803,0.021300448430493273,0.06547528129932284,0.445,18/53,14.42%,IL2RG;TNFRSF1B;LTB;ITGA4;IL12RB1;IRF1;PIK3R5;IL2RA;FAS;IL9R;STAT1;IL18R1;IL17RA;PIM1;TNF;CSF1;SOCS1;MAP3K8
11,1,anal_pc5_c21_S1.filtered.gene_spectra_score.k_11.dt_0_01.txt,prerank,HALLMARK_INFLAMMATORY_RESPONSE,0.5011961499662699,1.4717902766536528,0.0020242914979757085,0.07287961770931069,0.539,36/141,14.88%,IL7R;CCL5;IL2RB;LCK;RASGRP1;LCP2;IL10RA;CXCR6;TNFRSF1B;SLAMF1;CD69;CD48;KCNA3;SEMA4D;IRF1;PIK3R5;IL18RAP;CCR7;GPR183;SELL;EMP3;IL18R1;GPR132;RGS1;TNFRSF9;PTGER2;PTGER4;NMUR1;CSF1;ITGA5;LTA;NOD2;PDE4B;P2RX7;IRF7;CD70
11,1,anal_pc5_c21_S1.filtered.gene_spectra_score.k_11.dt_0_01.txt,prerank,HALLMARK_FATTY_ACID_METABOLISM,-0.38779543334086575,-1.464089893313419,0.034482758620689655,0.05369506853186379,0.14587525150905434,14/44,17.10%,MGLL;MAOA;GLUL;EPHX1;CA2;UGDH;ALDH3A1;ALDH1A1;CA4;CD1D;PTPRG;CD36;HSD17B11;ODC1
11,1,anal_pc5_c21_S1.filtered.gene_spectra_score.k_11.dt_0_01.txt,prerank,HALLMARK_ADIPOGENESIS,-0.37859088075641956,-1.4371540825187419,0.01904761904761905,0.06293409854240714,0.18108651911468812,29/51,31.02%,MGLL;COL4A1;LAMA4;PPARG;ITIH5;PHLDB1;SPARCL1;SCARB1;APOE;ABCA1;MYLK;CAVIN1;COL15A1;CD36;C3;ENPP2;SORBS1;FZD4;GPX3;LIFR;SNCG;TOB1;ACOX1;ITSN1;CYP4B1;ME1;ITGA7;CAT;CDKN2C
11,1,anal_pc5_c21_S1.filtered.gene_spectra_score.k_11.dt_0_01.txt,prerank,HALLMARK_GLYCOLYSIS,-0.3364059044037046,-1.4300316966816702,0.0,0.06025555622842609,0.18611670020120724,28/67,23.24%,ELF3;TFF3;B3GNT3;VEGFA;QSOX1;DSC2;DCN;GPC1;TGFBI;P4HA2;VCAN;NT5E;COL5A1;SDC3;HK2;GCLC;SPAG4;CDK1;GPC3;TPST1;PLOD2;CYB5A;MET;IGFBP3;HSPA5;SDC2;CHPF;EGLN3
11,1,anal_pc5_c21_S1.filtered.gene_spectra_score.k_11.dt_0_01.txt,prerank,HALLMARK_CHOLESTEROL_HOMEOSTASIS,-0.37965257183573703,-1.323438900857121,0.07865168539325842,0.11389006641232159,0.3289738430583501,17/35,32.08%,LGALS3;JAG1;LGMN;MAL2;ALCAM;PPARG;CXCL16;CLU;FABP5;SCD;LDLR;ERRFI1;PLAUR;HMGCS1;HMGCR;TNFRSF12A;ATF3
11,1,anal_pc5_c21_S1.filtered.gene_spectra_score.k_11.dt_0_01.txt,prerank,HALLMARK_COMPLEMENT,0.4255134956226188,1.24497828078582,0.09465020576131687,0.44386742019245456,0.994,24/122,10.86%,SPOCK2;CCL5;LCK;RASGRP1;LCP2;FYN;GZMA;CD40LG;GZMK;DOCK10;GATA3;APOBEC3G;GNG2;IRF1;PIK3R5;CBLB;WAS;TNFAIP3;GZMB;F5;EHD1;PSMB9;PIM1;DOCK9
11,1,anal_pc5_c21_S1.filtered.gene_spectra_score.k_11.dt_0_01.txt,prerank,HALLMARK_APOPTOSIS,0.41737564294702534,1.2054846237470018,0.1916038751345533,0.5111077168508052,0.999,17/79,11.66%,CD2;PRF1;CASP8;PLCB2;CD69;FASLG;DPYD;SATB1;IRF1;FAS;LEF1;CCND2;ISG20;CDC25B;SLC20A1;TNF;ENO2
11,1,anal_pc5_c21_S1.filtered.gene_spectra_score.k_11.dt_0_01.txt,prerank,HALLMARK_HEME_METABOLISM,-0.28436864442585114,-1.163428256961522,0.21,0.2601738024586689,0.6297786720321932,17/55,16.56%,SELENBP1;CA2;CTSB;BCAM;PDZK1IP1;TENT5C;P4HA2;MBOAT2;BLVRB;SLC6A8;GCLC;BMP2K;TNS1;KLF3;SLC7A11;LMO2;C3
11,1,anal_pc5_c21_S1.filtered.gene_spectra_score.k_11.dt_0_01.txt,prerank,HALLMARK_WNT_BETA_CATENIN_SIGNALING,0.5132027194284285,1.1590741033515166,0.31339031339031337,0.5970368107530166,1.0,3/15,9.96%,TCF7;LEF1;CCND2
11,1,anal_pc5_c21_S1.filtered.gene_spectra_score.k_11.dt_0_01.txt,prerank,HALLMARK_KRAS_SIGNALING_UP,0.3930244340860663,1.1560637432110494,0.20142421159715157,0.5517030701084467,1.0,15/131,6.16%,TRAF1;IL7R;IKZF1;IL2RG;ETS1;IL10RA;TNFRSF1B;TRIB2;LCP1;ITGB2;LAPTM5;MAP4K1;DOCK2;SATB1;ADAM8
11,1,anal_pc5_c21_S1.filtered.gene_spectra_score.k_11.dt_0_01.txt,prerank,HALLMARK_TGF_BETA_SIGNALING,-0.3356480543643186,-1.1099347947326497,0.2972972972972973,0.3186794005436003,0.7263581488933601,11/24,20.78%,CDH1;ID1;THBS1;ID3;TJP1;BMP2;TGIF1;LTBP2;ENG;SMAD6;SMAD1
11,1,anal_pc5_c21_S1.filtered.gene_spectra_score.k_11.dt_0_01.txt,prerank,HALLMARK_APICAL_SURFACE,0.43672730220062744,1.0871816316256762,0.38268506900878296,0.7036301613970776,1.0,5/27,13.16%,IL2RG;IL2RB;GATA3;CD160;MAL
11,1,anal_pc5_c21_S1.filtered.gene_spectra_score.k_11.dt_0_01.txt,prerank,HALLMARK_UV_RESPONSE_UP,-0.27157698391493224,-1.0871062509003948,0.2872340425531915,0.337713720503038,0.761569416498994,19/66,17.50%,EPCAM;MMP14;IGFBP2;MAOA;EPHX1;CA2;RHOB;CREG1;FOS;SLC6A8;BMP2;CDKN2B;PTPRD;HYAL2;HMOX1;HSPA2;SOD2;LYN;PRKCD
11,1,anal_pc5_c21_S1.filtered.gene_spectra_score.k_11.dt_0_01.txt,prerank,HALLMARK_HYPOXIA,-0.2042183727602829,-0.9485038901488079,0.65,0.5825394346400125,0.9305835010060363,43/111,26.14%,CA12;NEDD4L;SELENBP1;VEGFA;EFNA1;DCN;GPC1;PKP1;FOS;TGFBI;P4HA2;SDC4;COL5A1;SDC3;JUN;ACKR3;HK2;SCARB1;PPARGC1A;CAVIN1;BGN;HMOX1;CDKN1A;GPC3;CAV1;ADM;F3;CCN2;CCN1;NDRG1;IGFBP3;HSPA5;LOX;DTNA;SDC2;CP;TGM2;ERRFI1;FBP1;IER3;GPC4;PLAC8;PLAUR
11,1,anal_pc5_c21_S1.filtered.gene_spectra_score.k_11.dt_0_01.txt,prerank,HALLMARK_APICAL_JUNCTION,0.32531746755097757,0.932495888118197,0.6122661122661123,1.0,1.0,6/101,1.80%,EVL;FYB1;TRAF1;PTPRC;PLCG1;RAC2
11,1,anal_pc5_c21_S1.filtered.gene_spectra_score.k_11.dt_0_01.txt,prerank,HALLMARK_PEROXISOME,-0.26572721574381813,-0.9204330008769042,0.6010928961748634,0.6085205595591352,0.9466800804828974,18/32,38.44%,HSD11B2;ALDH1A1;SEMA3C;SOD2;HSD17B11;TOP2A;ABCC5;NR1I2;ACOX1;CADM1;CRABP2;CAT;CEL;STS;ACSL5;DHRS3;SULT2B1;DLG4
11,1,anal_pc5_c21_S1.filtered.gene_spectra_score.k_11.dt_0_01.txt,prerank,HALLMARK_TNFA_SIGNALING_VIA_NFKB,0.30678296264199933,0.9098717378426715,0.7,1.0,1.0,41/150,21.74%,TRAF1;IL7R;CCL5;CD69;IRF1;GPR183;SLC16A6;TNFAIP3;CCL4;SLC2A3;DUSP2;DUSP4;EHD1;TNFRSF9;TNF;PTGER4;CSF1;BIRC3;KLF2;SMAD3;PDE4B;MAP3K8;ZFP36;NFKB2;CSF2;MAP2K3;PTPRE;NR4A3;NFAT5;KDM6B;PFKFB3;ZC3H12A;ID2;NR4A2;TIPARP;CCL20;IFIH1;PLEK;CCRL2;EGR2;BCL2A1
11,1,anal_pc5_c21_S1.filtered.gene_spectra_score.k_11.dt_0_01.txt,prerank,HALLMARK_DNA_REPAIR,0.3666850906382535,0.8670266747444685,0.6701164294954722,1.0,1.0,11/22,25.24%,HCLS1;PDE4B;USP11;CMPK2;POLH;SNAPC4;PNP;NT5C3A;BRF2;PDE6G;AAAS
11,1,anal_pc5_c21_S1.filtered.gene_spectra_score.k_11.dt_0_01.txt,prerank,HALLMARK_MITOTIC_SPINDLE,0.2907796690470746,0.8358521480958421,0.7601713062098501,1.0,1.0,11/77,12.90%,ARHGAP4;RAPGEF6;DOCK2;PREX1;EPB41;RHOF;BIN1;TIAM1;CNTRL;TUBA4A;FLNA
11,1,anal_pc5_c21_S1.filtered.gene_spectra_score.k_11.dt_0_01.txt,prerank,HALLMARK_MTORC1_SIGNALING,0.2860481803656218,0.8122779532302616,0.7801724137931034,1.0,1.0,11/72,14.94%,CORO1A;SLA;ITGB2;SLC2A3;CXCR4;ELOVL5;NIBAN1;TUBA4A;CTSC;ERO1A;DDIT4
11,1,anal_pc5_c21_S1.filtered.gene_spectra_score.k_11.dt_0_01.txt,prerank,HALLMARK_REACTIVE_OXYGEN_SPECIES_PATHWAY,0.3408125836195252,0.7948045335798367,0.7569352708058125,1.0,1.0,4/19,14.04%,IPCEF1;LSP1;PFKP;MBP
11,1,anal_pc5_c21_S1.filtered.gene_spectra_score.k_11.dt_0_01.txt,prerank,HALLMARK_SPERMATOGENESIS,0.2954235871174067,0.759439793356694,0.8047619047619048,1.0,1.0,4/36,12.92%,CAMK4;GFI1;LPIN1;IL12RB2
11,1,anal_pc5_c21_S1.filtered.gene_spectra_score.k_11.dt_0_01.txt,prerank,HALLMARK_BILE_ACID_METABOLISM,0.29431720460053745,0.7569464091889418,0.8066825775656324,1.0,1.0,3/37,7.96%,LCK;ABCD2;ABCA2
11,1,anal_pc5_c21_S1.filtered.gene_spectra_score.k_11.dt_0_01.txt,prerank,HALLMARK_UNFOLDED_PROTEIN_RESPONSE,0.30768464892033637,0.7495701113339416,0.7997399219765929,0.9739102606064574,1.0,7/23,18.54%,NABP1;ERN1;TSPYL2;ERO1A;DDIT4;DNAJA4;SLC7A5
11,1,anal_pc5_c21_S1.filtered.gene_spectra_score.k_11.dt_0_01.txt,prerank,HALLMARK_P53_PATHWAY,0.2565029341005593,0.7362417276492467,0.8944618599791013,0.9448880125525918,1.0,14/89,14.94%,DGKA;DEF6;PITPNC1;CYFIP2;PLK3;CCND3;S100A4;MAPKAPK3;FAS;CCND2;SOCS1;UPP1;TSPYL2;DDIT4
11,1,anal_pc5_c21_S1.filtered.gene_spectra_score.k_11.dt_0_01.txt,prerank,HALLMARK_ANDROGEN_RESPONSE,0.2429123048827504,0.6349796603665271,0.9318706697459584,0.99024445315146,1.0,6/41,11.18%,MAF;IQGAP2;CCND3;STK39;PTK2B;ELOVL5
11,1,anal_pc5_c21_S1.filtered.gene_spectra_score.k_11.dt_0_01.txt,prerank,HALLMARK_KRAS_SIGNALING_DN,0.17994194386104315,0.5066851913981081,0.9894847528916929,0.9929229672623594,1.0,14/78,21.22%,CD40LG;PDCD1;PTPRJ;CLSTN3;MAST3;CCR8;PDE6B;SLC5A5;IFNG;RSAD2;IFI44L;NR4A2;LFNG;GPR19
11,2,anal_pc5_c21_S1.filtered.gene_spectra_score.k_11.dt_0_01.txt,prerank,HALLMARK_ALLOGRAFT_REJECTION,-0.6057101412130622,-2.5801822134047354,0.0,0.0,0.0,61/121,13.70%,ITGAL;IL16;CD79A;LTB;HCLS1;SRGN;CD74;IL2RG;PTPRC;FLNA;CD2;ETS1;ZAP70;FYB1;MAP4K1;CD96;ITGB2;CD3E;PTPN6;CD4;IRF4;CD3D;LCP2;LCK;PRKCB;ITK;CCL5;CD28;NCF4;SPI1;WAS;IL2RB;ST8SIA4;CD40;CD247;CD8A;CSF1;IL12RB1;HDAC9;ICAM1;CD7;TLR6;FGR;STAT4;SIT1;STAB1;THY1;CCR5;CD3G;IRF7;GBP2;IRF8;LY86;IL27RA;CXCR3;PRF1;GPR65;TRAT1;CD40LG;FCGR2B;GZMA
11,2,anal_pc5_c21_S1.filtered.gene_spectra_score.k_11.dt_0_01.txt,prerank,HALLMARK_INTERFERON_GAMMA_RESPONSE,-0.5449364074462084,-2.2600543859345743,0.0,0.0,0.0,77/111,30.64%,CD74;ITGB7;IL10RA;CIITA;C1S;SLAMF7;NLRC5;PTPN6;SAMHD1;IRF4;C1R;ISG20;SP110;LCP2;ZBP1;BANK1;RNF213;CCL5;CSF2RB;FGL2;TNFAIP3;IL2RB;ST8SIA4;CD40;ST3GAL5;PARP14;CD38;KLRK1;ICAM1;STAT4;SERPING1;VCAM1;CFH;CASP8;CD69;SAMD9L;IRF7;IRF1;OAS2;IRF8;MX2;IFITM2;GZMA;IFI30;UPP1;PIM1;IL18BP;GBP4;IFI44L;PDE4B;EPSTI1;RAPGEF6;GPR18;EIF4E3;SELP;CCL2;NFKBIA;XAF1;SOCS3;MX1;CMKLR1;STAT1;ISG15;RSAD2;CD86;IFI44;JAK2;HELZ2;SECTM1;IDO1;IFIT1;OASL;PSMB9;PTGS2;IFIT2;SOCS1;TNFAIP2
11,2,anal_pc5_c21_S1.filtered.gene_spectra_score.k_11.dt_0_01.txt,prerank,HALLMARK_E2F_TARGETS,0.7790074127432296,2.211750973524185,0.0,0.0,0.0,49/54,20.18%,MYC;MKI67;TK1;LMNB1;PLK1;HMGB2;CDK1;TOP2A;CDCA8;CKS2;KPNA2;CCNB2;CDC20;CIT;KIF22;SPAG5;MCM4;HMMR;MCM2;RRM2;BIRC5;AURKA;CENPM;TFRC;EZH2;HELLS;PTTG1;AURKB;DLGAP5;POLE;CDCA3;SPC25;MYBL2;KIF18B;KIF2C;SMC4;MELK;MCM6;NCAPD2;KIF4A;ESPL1;DEPDC1;CENPE;ORC6;CDKN2C;TCF19;DIAPH3;TACC3;LIG1
11,2,anal_pc5_c21_S1.filtered.gene_spectra_score.k_11.dt_0_01.txt,prerank,HALLMARK_G2M_CHECKPOINT,0.7434867261280812,2.179151774535121,0.0,0.0,0.0,58/68,20.94%,SLC12A2;CCND1;MYC;MKI67;LMNB1;PLK1;TROAP;CDK1;TOP2A;SLC7A1;CKS2;INCENP;KIF23;KPNA2;CCNB2;CDC20;KIF22;NUSAP1;HMMR;PRC1;MCM2;BIRC5;BUB1;AURKA;EZH2;UBE2C;KIF20B;TTK;PTTG1;CENPA;AURKB;TPX2;POLE;NDC80;MYBL2;KIF2C;NEK2;KIF11;SMC4;POLQ;MCM6;E2F1;SNRPD1;MAP3K20;KIF4A;CCNF;RAD54L;ESPL1;CENPE;CENPF;KIF15;CDC45;FANCC;ORC6;CDKN2C;TACC3;MT2A;EFNA5
11,2,anal_pc5_c21_S1.filtered.gene_spectra_score.k_11.dt_0_01.txt,prerank,HALLMARK_ESTROGEN_RESPONSE_EARLY,0.6452362526155446,2.0191131702794687,0.0,0.0,0.0,43/118,14.62%,TFF3;MLPH;MUC1;MYB;AKAP1;ELF3;CLDN7;CA12;ESRP2;TTC39A;SCNN1A;NBL1;HES1;KRT8;CCND1;RAPGEFL1;LAD1;TJP3;OVOL2;RHOBTB3;TOB1;LRIG1;MYC;IL17RB;BLVRB;FASN;KAZN;FLNB;KLF4;SVIL;WWC1;IGFBP4;HR;PPIF;SLC27A2;KRT19;NAV2;DHRS3;FARP1;GAB2;THSD4;FHL2;XBP1
11,2,anal_pc5_c21_S1.filtered.gene_spectra_score.k_11.dt_0_01.txt,prerank,HALLMARK_EPITHELIAL_MESENCHYMAL_TRANSITION,-0.45114451362269503,-1.9790661185144398,0.0,0.001516602809706258,0.002002002002002002,63/164,15.56%,WIPF1;COL6A2;COL3A1;IL32;FLNA;COL1A2;COL6A3;ITGA5;SPARC;COL1A1;GLIPR1;CALD1;COL5A1;DCN;LUM;MYL9;COL4A1;EMP3;MMP2;COL4A2;ACTA2;MYLK;FSTL1;ECM1;FBN1;TNFAIP3;TPM2;CXCL12;PMP22;TIMP3;FBLN1;BGN;COL5A2;COL16A1;PDGFRB;TAGLN;PCOLCE;VCAM1;GREM1;THY1;ENO2;MGP;LOXL2;MXRA5;ABI3BP;LAMA2;COL5A3;BASP1;CDH11;FBLN5;VCAN;TNC;NNMT;COL12A1;EFEMP2;CCN1;VEGFC;TGM2;MFAP5;ITGB3;FBLN2;CCN2;IGFBP3
11,2,anal_pc5_c21_S1.filtered.gene_spectra_score.k_11.dt_0_01.txt,prerank,HALLMARK_ESTROGEN_RESPONSE_LATE,0.6070383658284434,1.8777164562824582,0.0,0.0,0.0,35/106,14.90%,AGR2;TFF3;SERPINA1;MYB;CA12;TSPAN13;CDH1;LLGL2;SCNN1A;NBL1;CCND1;RAPGEFL1;UGDH;TJP3;OVOL2;TOB1;PLXNB1;IL17RB;BLVRB;FLNB;KLF4;TOP2A;IGFBP4;HR;PPIF;MEST;MDK;SLC27A2;CDC20;DNAJC12;KRT19;FARP1;KLK11;XBP1;ASS1
11,2,anal_pc5_c21_S1.filtered.gene_spectra_score.k_11.dt_0_01.txt,prerank,HALLMARK_INTERFERON_ALPHA_RESPONSE,-0.48112261557182956,-1.7534025202463768,0.004672897196261682,0.013080699233716474,0.023023023023023025,30/50,32.48%,CD74;C1S;ISG20;SELL;SP110;LPAR6;PARP14;CSF1;CASP8;SAMD9L;IRF7;TMEM140;IRF1;GBP2;IFITM2;IFI30;GBP4;IFI44L;EPSTI1;SAMD9;MX1;ISG15;RSAD2;IFI44;HELZ2;OASL;PSMB9;IFIT2;CMPK2;HERC6
11,2,anal_pc5_c21_S1.filtered.gene_spectra_score.k_11.dt_0_01.txt,prerank,HALLMARK_PEROXISOME,0.6364220787931752,1.6481986909883353,0.006802721088435374,0.018374102333931774,0.126,16/32,19.20%,ACSL5;HSD11B2;HSD17B11;CAT;ECI2;SEMA3C;NR1I2;TOP2A;SLC27A2;ALDH1A1;DHRS3;FDPS;ABCC5;ACOX1;CEL;SOD2
11,2,anal_pc5_c21_S1.filtered.gene_spectra_score.k_11.dt_0_01.txt,prerank,HALLMARK_MITOTIC_SPINDLE,0.5322519331266137,1.5805374127246388,0.010638297872340425,0.03284429233991622,0.246,47/77,19.54%,FGD4;NET1;MID1;FLNB;LMNB1;PLK1;PXN;WASL;ARHGEF2;CDK1;TOP2A;INCENP;TRIO;KIF23;BCAR1;CCNB2;CDC42EP4;RAPGEF5;ECT2;KIF22;ANLN;NUSAP1;PRC1;FARP1;BIRC5;BUB1;AURKA;CEP72;KIF20B;TTK;TPX2;DLGAP5;NDC80;STK38L;KIF2C;NEK2;KIF11;SMC4;KIF4A;ESPL1;CENPE;CENPF;SORBS2;CEP250;KIF15;PIF1;BCL2L11
11,2,anal_pc5_c21_S1.filtered.gene_spectra_score.k_11.dt_0_01.txt,prerank,HALLMARK_CHOLESTEROL_HOMEOSTASIS,0.5933718772420651,1.5779806249691348,0.013440860215053764,0.02885355219286996,0.253,20/35,22.46%,LGALS3;FASN;MAL2;HMGCR;HMGCS1;ABCA2;PPARG;SCD;JAG1;LDLR;FDPS;ALCAM;MVK;TM7SF2;MVD;FADS2;CXCL16;FABP5;STARD4;ACAT2
11,2,anal_pc5_c21_S1.filtered.gene_spectra_score.k_11.dt_0_01.txt,prerank,HALLMARK_BILE_ACID_METABOLISM,0.5689637523233023,1.5309140234508702,0.024967148488830485,0.04269173586175942,0.392,11/37,12.62%,ACSL5;NR3C2;HSD17B11;TFCP2L1;CAT;SULT1B1;NR1I2;ABCA2;SLC27A2;CYP27A1;ALDH1A1
11,2,anal_pc5_c21_S1.filtered.gene_spectra_score.k_11.dt_0_01.txt,prerank,HALLMARK_INFLAMMATORY_RESPONSE,-0.354213710181041,-1.5116165436630722,0.012195121951219513,0.08963122605363985,0.17617617617617617,85/141,37.58%,IL10RA;ITGA5;SELL;SLAMF1;LCP2;IL7R;CD48;EMP3;LCK;CYBB;CCL5;GPR183;RASGRP1;TNFRSF1B;IL2RB;GPR132;CD40;KCNA3;PIK3R5;CSF1;SEMA4D;ICAM1;CCR7;STAB1;CD69;IRF7;IRF1;IL1R1;RGS1;AXL;CXCR6;OSMR;ITGB3;BTG2;NOD2;CD14;APLNR;C3AR1;PDE4B;CALCRL;IL1A;ABCA1;CCL2;NFKBIA;NMUR1;LTA;P2RX7;PTGIR;PTAFR;CMKLR1;CHST2;CD55;IL18RAP;TLR1;LYN;INHBA;PTPRE;MXD1;AHR;PTGER2;PDPN;TNFRSF9;BEST1;NLRP3;TLR2;IL18R1;SERPINE1;SCARF1;CSF3R;CD70;HBEGF;CX3CL1;FPR1;EDN1;F3;EBI3;ICAM4;ADM;RGS16;CXCL10;CXCL9;TNFAIP6;PCDH7;TACR1;LAMP3
11,2,anal_pc5_c21_S1.filtered.gene_spectra_score.k_11.dt_0_01.txt,prerank,HALLMARK_FATTY_ACID_METABOLISM,0.5501204044849711,1.5101260918984403,0.024050632911392405,0.04620798424097348,0.452,18/44,19.22%,ACSL5;MAOA;HSD17B11;UGDH;MGLL;FASN;ECI2;HMGCS1;ACAA2;ALDH1A1;ALDH3A1;EPHX1;PTPRG;ME1;GLUL;ACOX1;CEL;ACSS1
11,2,anal_pc5_c21_S1.filtered.gene_spectra_score.k_11.dt_0_01.txt,prerank,HALLMARK_SPERMATOGENESIS,0.5282051327375901,1.4225741129285927,0.056833558863328824,0.0998653500897666,0.738,12/36,16.46%,SLC12A2;ACE;CDK1;HSPA2;CCNB2;BUB1;AURKA;EZH2;TTK;KIF2C;NEK2;PCSK1N
11,2,anal_pc5_c21_S1.filtered.gene_spectra_score.k_11.dt_0_01.txt,prerank,HALLMARK_GLYCOLYSIS,0.4729904918959408,1.3932256112195613,0.05172413793103448,0.11424840868287907,0.822,24/67,18.96%,TFF3;ELF3;CYB5A;NT5E;B3GNT3;QSOX1;HK2;CDK1;P4HA2;MET;VEGFA;DSC2;HMMR;IER3;GPC4;AURKA;HSPA5;CENPA;KIF20A;ME1;DEPDC1;CITED2;GCLC;GPC1
11,2,anal_pc5_c21_S1.filtered.gene_spectra_score.k_11.dt_0_01.txt,prerank,HALLMARK_XENOBIOTIC_METABOLISM,0.4600007583210398,1.3797654490571958,0.047785547785547784,0.11705892803710354,0.851,18/80,14.04%,MAOA;CYB5A;ABCC3;FBP1;NDRG2;UGDH;CAT;CFB;TMEM176B;BLVRB;NQO1;IGFBP4;BCAR1;CYP27A1;AKR1C3;PTGR1;ALDH3A1;EPHX1
11,2,anal_pc5_c21_S1.filtered.gene_spectra_score.k_11.dt_0_01.txt,prerank,HALLMARK_IL6_JAK_STAT3_SIGNALING,-0.36534107984718256,-1.3369132632351093,0.04950495049504951,0.22786957215836526,0.43743743743743746,29/53,25.92%,LTB;ITGA4;IL2RG;A2M;CSF2RB;TNFRSF1B;PIK3R5;CD38;CSF1;IL12RB1;IRF1;MAP3K8;IL1R1;CD36;OSMR;ITGB3;IL2RA;HMOX1;PIM1;CD14;CSF2RA;IL3RA;TNF;SOCS3;CCR1;STAT1;LEPR;CXCL1;IL9R
11,2,anal_pc5_c21_S1.filtered.gene_spectra_score.k_11.dt_0_01.txt,prerank,HALLMARK_COMPLEMENT,-0.3039400501800341,-1.2922323595932257,0.02127659574468085,0.2534893267651888,0.5295295295295295,59/122,28.20%,C1S;SPOCK2;C1R;DOCK10;FYN;LCP2;TIMP2;LCK;COL4A2;CCL5;RASGRP1;TNFAIP3;WAS;CR1;CTSC;ZEB1;PIK3R5;APOBEC3G;EHD1;DUSP5;CTSH;SERPING1;PLEK;CFH;GNG2;SH2B3;IRF7;IRF1;C3;C1QC;CD36;CD40LG;GZMA;PIM1;GZMK;C1QA;PLAT;GATA3;KYNU;FN1;S100A12;CR2;CP;CPQ;CASP10;CD55;PLA2G7;CLU;FCER1G;ITGAM;PDGFB;CXCL1;GZMB;SERPINB2;LYN;GNGT2;JAK2;DUSP6;TFPI2
11,2,anal_pc5_c21_S1.filtered.gene_spectra_score.k_11.dt_0_01.txt,prerank,HALLMARK_ANGIOGENESIS,-0.40359591988781823,-1.2633154231822947,0.1206896551724138,0.2607608955938697,0.5845845845845846,9/29,12.54%,COL3A1;LUM;FSTL1;S100A4;COL5A2;SLCO2A1;NRP1;VCAN;THBD
11,2,anal_pc5_c21_S1.filtered.gene_spectra_score.k_11.dt_0_01.txt,prerank,HALLMARK_COAGULATION,-0.3110908018973656,-1.2576807421163307,0.08666666666666667,0.24038154533844192,0.5965965965965966,25/79,18.98%,PECAM1;A2M;C1S;SPARC;C1R;FYN;MMP2;FBN1;TIMP3;VWF;CTSH;SERPING1;PLEK;CFH;C3;THBD;SH2B2;ITGB3;ANXA1;C1QA;CRIP2;THBS1;PLAT;CFD;FN1
11,2,anal_pc5_c21_S1.filtered.gene_spectra_score.k_11.dt_0_01.txt,prerank,HALLMARK_KRAS_SIGNALING_UP,-0.2892323087960545,-1.218013364860876,0.08045977011494253,0.27435344827586206,0.6766766766766766,47/131,20.20%,LAPTM5;IKZF1;DOCK2;CD37;LCP1;IL2RG;CXCR4;PECAM1;ETS1;IL10RA;MAP4K1;ITGB2;TRAF1;ENG;PRDM1;IL7R;EMP1;ADAM8;TNFRSF1B;TNFAIP3;ADGRA2;TRIB2;LAT2;HDAC9;BIRC3;PLVAP;CFH;NRP1;SPARCL1;IRF8;ADAMDEC1;LY96;ABCB1;IGFBP3;PPP1R15A;GNG11;TMEM100;IL33;MALL;PRRX1;C3AR1;ADGRL4;PLAT;ERO1A;CSF2RA;F13A1;FLT4
11,2,anal_pc5_c21_S1.filtered.gene_spectra_score.k_11.dt_0_01.txt,prerank,HALLMARK_DNA_REPAIR,0.49700830124718887,1.2151096875592655,0.22416302765647744,0.3445009321916862,0.995,15/22,25.24%,AK1;PNP;ZWINT;TYMS;ARL6IP1;VPS37B;STX3;POLA1;LIG1;SNAPC4;BCAM;NPR2;BRF2;AAAS;NT5C3A
11,2,anal_pc5_c21_S1.filtered.gene_spectra_score.k_11.dt_0_01.txt,prerank,HALLMARK_PI3K_AKT_MTOR_SIGNALING,-0.3843389328356392,-1.2100472554165589,0.17314487632508835,0.2614071752002786,0.6886886886886887,8/32,10.12%,IL2RG;CXCR4;SLA;LCK;PRKCB;PDK1;DAPP1;PLCG1
11,2,anal_pc5_c21_S1.filtered.gene_spectra_score.k_11.dt_0_01.txt,prerank,HALLMARK_WNT_BETA_CATENIN_SIGNALING,0.5301259100860243,1.1983682135386007,0.25801282051282054,0.35295508463708636,0.995,5/15,17.50%,CCND2;MYC;DLL1;JAG1;CSNK1E
11,2,anal_pc5_c21_S1.filtered.gene_spectra_score.k_11.dt_0_01.txt,prerank,HALLMARK_P53_PATHWAY,0.3806412119191802,1.1682599082828167,0.20136518771331058,0.39020421903052066,0.997,27/89,21.46%,NUPR1;EPS8L2;CCND2;GPX2;TOB1;AK1;ITGB4;KIF13B;KLF4;VWA5A;PDGFA;JUN;LIF;TRAF4;IER3;EPHX1;CEBPA;SERPINB5;CLCA2;BMP2;ABCC5;SAT1;MDM2;TP63;TGFA;HSPA4L;FUCA1
11,2,anal_pc5_c21_S1.filtered.gene_spectra_score.k_11.dt_0_01.txt,prerank,HALLMARK_UV_RESPONSE_UP,0.379679753906212,1.1275815397894295,0.3016826923076923,0.44572100819120286,0.999,17/66,19.74%,EPCAM;MAOA;IGFBP2;PTPRD;RAB27A;CREG1;PPIF;HSPA2;EPHX1;TFRC;CDC34;BMP2;DNAJB1;PRKCD;SOD2;BCL2L11;NR4A1
11,2,anal_pc5_c21_S1.filtered.gene_spectra_score.k_11.dt_0_01.txt,prerank,HALLMARK_UV_RESPONSE_DN,-0.29008982954452506,-1.0984974705182218,0.2469879518072289,0.4282507183908046,0.8868868868868869,21/69,14.78%,COL3A1;COL1A2;CELF2;TGFBR2;PIK3CD;COL1A1;FYN;PMP22;COL5A2;PDGFRB;RBPMS;NRP1;SYNE1;CAV1;FBLN5;IGFBP5;DUSP1;CCN1;EFEMP1;ITGB3;LTBP1
11,2,anal_pc5_c21_S1.filtered.gene_spectra_score.k_11.dt_0_01.txt,prerank,HALLMARK_HEME_METABOLISM,0.37619003840138204,1.0905314190132323,0.32878411910669975,0.49936800348505644,1.0,16/55,19.08%,PDZK1IP1;MBOAT2;CAT;SELENBP1;KLF3;BLVRB;ALDH1L1;DMTN;SLC25A37;P4HA2;KDM7A;TFRC;TRIM10;BMP2K;GCLC;MAP2K3
11,2,anal_pc5_c21_S1.filtered.gene_spectra_score.k_11.dt_0_01.txt,prerank,HALLMARK_ADIPOGENESIS,-0.30207482164010585,-1.0855828121369073,0.29411764705882354,0.42540708812260536,0.8988988988988988,16/51,16.18%,NABP1;LAMA4;COL4A1;MYLK;ITIH5;DNAJB9;COL15A1;APOE;PHLDB1;SPARCL1;C3;CD36;UCP2;HSPB8;ENPP2;LIFR
11,2,anal_pc5_c21_S1.filtered.gene_spectra_score.k_11.dt_0_01.txt,prerank,HALLMARK_APOPTOSIS,-0.2717460107596939,-1.0649768763225438,0.27631578947368424,0.43856903393541324,0.9229229229229229,26/79,18.36%,CD2;PLCB2;ISG20;DCN;LUM;TIMP2;MMP2;EMP1;TIMP3;BGN;CD38;PDGFRB;BIRC3;ENO2;CASP8;CD69;IRF1;CAV1;PRF1;DPYD;HMOX1;BTG2;CD14;ANXA1;IL1A;PLAT
11,2,anal_pc5_c21_S1.filtered.gene_spectra_score.k_11.dt_0_01.txt,prerank,HALLMARK_MYOGENESIS,-0.25741360309569056,-1.0602972480454609,0.28125,0.4170657726692209,0.9259259259259259,39/112,24.84%,LSP1;COL6A2;COL3A1;COL6A3;SPARC;COL1A1;IGFBP7;AEBP1;COL4A2;MYLK;TPM2;COL15A1;MEF2C;PDLIM7;TAGLN;KIFC3;LAMA2;CD36;PTP4A3;HSPB8;LPIN1;IGFBP3;DES;FHL1;GNAO1;APLNR;CFD;GPX3;NCAM1;CACNA1H;ACHE;GJA5;LDB3;MYH11;FGF2;PPP1R3C;CLU;SGCD;SPEG
11,2,anal_pc5_c21_S1.filtered.gene_spectra_score.k_11.dt_0_01.txt,prerank,HALLMARK_TNFA_SIGNALING_VIA_NFKB,-0.24672126751544926,-1.038601008958098,0.32941176470588235,0.4384877873563219,0.9479479479479479,78/150,37.08%,TRAF1;KLF2;IL7R;ZFP36;CCL5;GPR183;TNFAIP3;NFKB2;CSF1;EHD1;ICAM1;BIRC3;DUSP5;PLEK;CD69;IRF1;SLC2A3;DUSP1;TNC;MAP3K8;CCN1;CD83;FOSB;REL;PPP1R15A;BTG2;PDE4B;IL1A;ABCA1;CD80;KYNU;PLPP3;DRAM1;CCL2;NFKBIA;TNF;SOCS3;DUSP2;BCL2A1;CCL4;SLC2A6;SLC16A6;DUSP4;SMAD3;PFKFB3;CXCL1;EGR1;SERPINB2;INHBA;PTPRE;MXD1;EGR3;MSC;NFKBIE;GADD45B;TNFRSF9;PTGS2;IFIT2;TNFAIP2;TLR2;GFPT2;SERPINE1;GEM;HBEGF;MAFF;EDN1;PTX3;IL23A;F3;PLK2;IER5;RHOB;PER1;CXCL10;FOS;PLAU;EGR2;TNFAIP6
11,2,anal_pc5_c21_S1.filtered.gene_spectra_score.k_11.dt_0_01.txt,prerank,HALLMARK_UNFOLDED_PROTEIN_RESPONSE,-0.33355002147476986,-0.9867117726549154,0.453125,0.5213545188190218,0.9669669669669669,11/23,29.48%,NABP1;HERPUD1;DNAJB9;TSPYL2;ERN1;ERO1A;CCL2;DDIT4;SHC1;IFIT1;SLC7A5
11,2,anal_pc5_c21_S1.filtered.gene_spectra_score.k_11.dt_0_01.txt,prerank,HALLMARK_MTORC1_SIGNALING,0.3122165770999291,0.9386327132033518,0.5933806146572104,0.8054059445441851,1.0,27/72,21.28%,NUPR1;SYTL2;HK2;PLK1;PNP;HMGCR;HMGCS1;MCM4;MCM2;RRM2;BUB1;AURKA;TFRC;LTA4H;XBP1;HSPA5;SCD;LDLR;ME1;TM7SF2;CCNF;FADS2;GCLC;MAP2K3;HSP90B1;STARD4;IFRD1
11,2,anal_pc5_c21_S1.filtered.gene_spectra_score.k_11.dt_0_01.txt,prerank,HALLMARK_APICAL_SURFACE,0.3645639165075027,0.9220957186903821,0.5847701149425287,0.7973061159406595,1.0,10/27,21.08%,ATP8B1;AKAP7;EPHB4;SULF2;DCBLD2;PCSK9;GSTM3;CROCC;EFNA5;AFAP1L2
11,2,anal_pc5_c21_S1.filtered.gene_spectra_score.k_11.dt_0_01.txt,prerank,HALLMARK_REACTIVE_OXYGEN_SPECIES_PATHWAY,0.3838410628605417,0.9125378141105771,0.5861027190332326,0.7758850426391382,1.0,7/19,20.04%,MGST1;CAT;NQO1;GCLC;SOD2;SCAF4;MSRA
11,2,anal_pc5_c21_S1.filtered.gene_spectra_score.k_11.dt_0_01.txt,prerank,HALLMARK_HYPOXIA,-0.21115834483307527,-0.8833220369772163,0.8064516129032258,0.729233184333759,0.995995995995996,24/111,15.76%,CXCR4;ETS1;COL5A1;ISG20;DCN;PLAC8;ZFP36;PDK1;S100A4;TNFAIP3;RORA;BGN;ENO2;CAV1;SLC2A3;DUSP1;CCN1;TGM2;CCN2;HMOX1;PIM1;IGFBP3;PPP1R15A;AMPD3
11,2,anal_pc5_c21_S1.filtered.gene_spectra_score.k_11.dt_0_01.txt,prerank,HALLMARK_ANDROGEN_RESPONSE,0.316965384280112,0.8700256440348181,0.6614173228346457,0.8181184278020005,1.0,12/41,18.12%,KRT8;CCND1;DBI;AZGP1;STK39;HMGCR;HMGCS1;KRT19;SCD;PGM3;RRP12;SAT1
11,2,anal_pc5_c21_S1.filtered.gene_spectra_score.k_11.dt_0_01.txt,prerank,HALLMARK_IL2_STAT5_SIGNALING,0.2637338812766457,0.8408242037960046,0.7563676633444075,0.8316799616451771,1.0,23/127,13.74%,MUC1;SLC39A8;CCND2;NT5E;IL1R2;ITGA6;CDCP1;LRIG1;MYC;WLS;NFKBIZ;HK2;IRF6;ST3GAL4;PNP;SCN9A;TNFRSF21;GLIPR2;PLAGL1;CAPG;LIF;DHRS3;TNFSF10
11,2,anal_pc5_c21_S1.filtered.gene_spectra_score.k_11.dt_0_01.txt,prerank,HALLMARK_TGF_BETA_SIGNALING,0.3372037882384141,0.825776164361747,0.7111756168359942,0.8192422527515416,1.0,2/24,4.62%,CDH1;TGIF1
11,2,anal_pc5_c21_S1.filtered.gene_spectra_score.k_11.dt_0_01.txt,prerank,HALLMARK_APICAL_JUNCTION,0.2694126143989416,0.823541398580746,0.7519729425028185,0.7879708071514063,1.0,24/101,18.00%,WNK4;CLDN7;CDH1;CLDN4;PCDH1;ADAM15;ITGB4;ITGA3;WASL;CD276;MPZL2;ADAM9;GRB7;MDK;ITGA2;SORBS3;THBS3;CDH3;NECTIN4;LAMB3;MAP3K20;MVD;ADAM23;TJP1
11,2,anal_pc5_c21_S1.filtered.gene_spectra_score.k_11.dt_0_01.txt,prerank,HALLMARK_KRAS_SIGNALING_DN,0.27184293225902223,0.8123888704810646,0.8091872791519434,0.7726099640933572,1.0,3/78,1.88%,HSD11B2;TFCP2L1;IGFBP2
11,2,anal_pc5_c21_S1.filtered.gene_spectra_score.k_11.dt_0_01.txt,prerank,HALLMARK_HEDGEHOG_SIGNALING,-0.21161680117206533,-0.5762611065885869,0.9696969696969697,0.9922174329501916,1.0,6/17,24.32%,THY1;NRP1;NRP2;UNC5C;ACHE;L1CAM
11,3,anal_pc5_c21_S1.filtered.gene_spectra_score.k_11.dt_0_01.txt,prerank,HALLMARK_EPITHELIAL_MESENCHYMAL_TRANSITION,-0.543869720723903,-2.424179391926495,0.0,0.0,0.0,104/164,26.22%,IL32;IGFBP4;LRP1;COL6A2;TPM1;FBLN1;COL1A2;SPARC;MMP14;COL3A1;COL6A3;SDC4;TGFBI;COL5A1;IGFBP2;COL4A2;FUCA1;CALD1;QSOX1;THBS1;JUN;DCN;DAB2;RHOB;COL1A1;GPC1;MMP2;FSTL1;FN1;COL4A1;LUM;SERPINH1;TPM2;COL16A1;CXCL12;ITGA5;DST;TIMP3;TIMP1;MATN2;VEGFA;PMP22;LAMC1;PFN2;SLC6A8;ITGB5;COL5A2;ELN;MYL9;GREM1;CDH11;ACTA2;HTRA1;THY1;MYLK;GJA1;COL5A3;TNC;PDGFRB;CTHRC1;EDIL3;CCN2;PLAUR;VCAN;FBN1;BGN;COL12A1;THBS2;FBLN5;LAMA2;DPYSL3;NNMT;FMOD;MGP;IGFBP3;ITGA2;BMP1;ECM1;LOXL1;MXRA5;PRRX1;PLOD2;LAMA3;CCN1;LAMC2;COL7A1;SLIT3;NID2;TGFBR3;SFRP1;PDLIM4;ABI3BP;SNAI2;TAGLN;POSTN;MFAP5;TNFRSF12A;SPP1;PCOLCE;ID2;CXCL1;SAT1;ANPEP;FBLN2
11,3,anal_pc5_c21_S1.filtered.gene_spectra_score.k_11.dt_0_01.txt,prerank,HALLMARK_UV_RESPONSE_DN,-0.4687829913909687,-1.8600406648092878,0.0,0.013705851344227728,0.006042296072507553,45/69,23.24%,COL1A2;COL3A1;ERBB2;MGLL;ID1;NRP1;IGFBP5;DAB2;COL1A1;DUSP1;FHL2;CAV1;PMP22;LAMC1;PPARG;TJP1;NFIB;COL5A2;CITED2;PLCB4;EFEMP1;LDLR;ICA1;GJA1;ADGRL2;RBPMS;PDGFRB;KCNMA1;SYNE1;FYN;RUNX1;FBLN5;TFPI;PTPRM;CCN1;F3;MAP1B;LTBP1;PIK3R3;TGFBR3;PDLIM5;SNAI2;LPAR1;KALRN;SDC2
11,3,anal_pc5_c21_S1.filtered.gene_spectra_score.k_11.dt_0_01.txt,prerank,HALLMARK_ANGIOGENESIS,-0.5548241098688617,-1.7719210614150065,0.0,0.027411702688455455,0.01812688821752266,18/29,24.46%,COL3A1;JAG1;NRP1;FSTL1;TNFRSF21;LUM;TIMP1;VEGFA;COL5A2;CCND2;VCAN;FGFR1;SLCO2A1;S100A4;PDGFA;JAG2;POSTN;SPP1
11,3,anal_pc5_c21_S1.filtered.gene_spectra_score.k_11.dt_0_01.txt,prerank,HALLMARK_ESTROGEN_RESPONSE_LATE,-0.40917478145991387,-1.714262134815083,0.0,0.03198031980319803,0.028197381671701913,44/106,21.40%,AGR2;XBP1;NBL1;CA12;TFF3;IGFBP4;CDH1;SERPINA1;FOS;KLF4;CKB;SCNN1A;LLGL2;TJP3;CXCL14;MDK;RAPGEFL1;PRSS23;KRT19;CA2;CXCL12;TOB1;CAV1;CPE;MYB;BLVRB;ASS1;UGDH;PLXNB1;SLC26A2;CISH;SLC1A4;OVOL2;KCNK5;HR;SLC16A1;KLK10;KLK11;FABP5;FLNB;LAMC2;TIAM1;FARP1;SLC7A5
11,3,anal_pc5_c21_S1.filtered.gene_spectra_score.k_11.dt_0_01.txt,prerank,HALLMARK_COAGULATION,-0.42002193267054766,-1.6935338506594024,0.0,0.03198031980319803,0.03323262839879154,43/79,26.18%,CTSB;LRP1;SERPINA1;LGMN;C1QA;C1R;SPARC;MMP14;C1S;A2M;GSN;CFB;THBS1;ANXA1;MMP2;FN1;PRSS23;TIMP3;TIMP1;ADAM9;SERPING1;PECAM1;C2;HTRA1;CFD;CSRP1;PLAU;CFH;FBN1;FYN;VWF;ITGA2;BMP1;C3;F3;PLAT;CLU;MMP9;CTSK;PDGFB;CRIP2;GDA;DPP4
11,3,anal_pc5_c21_S1.filtered.gene_spectra_score.k_11.dt_0_01.txt,prerank,HALLMARK_APICAL_JUNCTION,-0.4130779037116876,-1.6726167937348455,0.0,0.03045744743161717,0.038267875125881166,45/101,19.92%,CLDN7;CLDN4;CDH1;PCDH1;FYB1;ITGB4;ADAM15;TGFBI;WNK4;MDK;CD209;MMP2;ITGA3;COL16A1;LAMB3;ADAM9;CD276;MPZL2;COL17A1;SDC3;TJP1;TSPAN4;PECAM1;MYL9;ITGA9;CDH11;THY1;CERCAM;NLGN2;CLDN5;PLCG1;VCAN;FBN1;SORBS3;VWF;CDH3;ITGA2;BMP1;NECTIN4;ADAM23;LAMA3;CD34;LAMC2;SHC1;WASL
11,3,anal_pc5_c21_S1.filtered.gene_spectra_score.k_11.dt_0_01.txt,prerank,HALLMARK_ESTROGEN_RESPONSE_EARLY,-0.3876003129642508,-1.6364928587089889,0.0,0.034590958154479504,0.050352467270896276,53/118,21.40%,CLDN7;XBP1;ELF3;NBL1;CA12;TFF3;KRT8;MUC1;IGFBP4;MLPH;FOS;KLF4;SCNN1A;ESRP2;TJP3;RAPGEFL1;HES1;BCL11B;PRSS23;KRT19;TTC39A;DHRS3;CXCL12;FHL2;TOB1;AQP3;MYB;BLVRB;SVIL;SLC26A2;CISH;RASGRP1;GJA1;SLC1A4;KRT15;LRIG1;OVOL2;KAZN;AKAP1;KCNK5;HR;LAD1;SLC16A1;OLFML3;KLK10;PODXL;FLNB;THSD4;TIAM1;RETREG1;FARP1;P2RY2;SLC7A5
11,3,anal_pc5_c21_S1.filtered.gene_spectra_score.k_11.dt_0_01.txt,prerank,HALLMARK_ALLOGRAFT_REJECTION,0.5570662424200419,1.579315020630367,0.0,0.1216946409459918,0.236,30/121,7.56%,CD40;IRF8;CD74;CD79A;LTB;PTPN6;PRKCB;TLR6;LY86;CD1D;FCGR2B;MAP4K1;IL16;LYN;CD80;TLR1;SPI1;HDAC9;NCF4;HCLS1;PTPRC;ST8SIA4;CD86;GPR65;LY75;IL7;FGR;WAS;IL6;IRF7
11,3,anal_pc5_c21_S1.filtered.gene_spectra_score.k_11.dt_0_01.txt,prerank,HALLMARK_INTERFERON_GAMMA_RESPONSE,0.5638575179886772,1.56910664120215,0.003161222339304531,0.07259390743689473,0.273,38/111,15.08%,CIITA;BANK1;CD40;IRF8;CD74;PTPN6;SP110;PARP14;GPR18;ST8SIA4;ARID5B;CD86;IL7;NLRC5;ST3GAL5;IL6;IL18BP;IRF7;IFI30;SAMD9L;CD38;PSMB9;ISG20;PDE4B;MX2;ITGB7;CASP8;OAS2;NOD1;TRIM25;IFIH1;IDO1;IRF1;JAK2;RAPGEF6;SOCS1;EPSTI1;XAF1
11,3,anal_pc5_c21_S1.filtered.gene_spectra_score.k_11.dt_0_01.txt,prerank,HALLMARK_UNFOLDED_PROTEIN_RESPONSE,-0.4854887989518572,-1.5364139482953294,0.033582089552238806,0.06624494816376734,0.10574018126888217,14/23,27.36%,XBP1;HSP90B1;HSPA5;VEGFA;ERN1;DNAJB9;SLC1A4;CCL2;SHC1;CEBPB;SLC7A5;HERPUD1;TUBB2A;ERO1A
11,3,anal_pc5_c21_S1.filtered.gene_spectra_score.k_11.dt_0_01.txt,prerank,HALLMARK_INTERFERON_ALPHA_RESPONSE,0.586688624190628,1.527242852496722,0.01647058823529412,0.079876791354512,0.398,20/50,16.76%,CD74;SP110;SELL;PARP14;IL7;IRF7;IFI30;SAMD9L;PSMB9;ISG20;CASP8;LAMP3;TRIM25;IFIH1;IRF1;TRIM5;EPSTI1;NUB1;SAMD9;MX1
11,3,anal_pc5_c21_S1.filtered.gene_spectra_score.k_11.dt_0_01.txt,prerank,HALLMARK_MYOGENESIS,-0.35396138255091536,-1.5257594465772426,0.0,0.06446826373025635,0.11379657603222558,48/112,25.36%,COL6A2;ITGB4;CKB;SPARC;COL3A1;ERBB3;COL6A3;GSN;COL4A2;IGFBP7;COL1A1;AK1;CNN3;TPM2;MYH11;NQO1;SOD3;SLC6A8;ITGB5;EPHB3;COL15A1;SVIL;CFD;SPHK1;MYLK;SMTN;VIPR1;KIFC3;LAMA2;SORBS3;IGFBP3;CD36;CDH13;SCD;EFS;CRYAB;NCAM1;BDKRB2;CACNA1H;GPX3;CLU;ITGA7;TAGLN;SORBS1;SPEG;DTNA;DES;MB
11,3,anal_pc5_c21_S1.filtered.gene_spectra_score.k_11.dt_0_01.txt,prerank,HALLMARK_GLYCOLYSIS,-0.36984663592274164,-1.4531829957213742,0.01,0.1023370233702337,0.19939577039274925,28/67,21.62%,ELF3;TFF3;B3GNT3;TGFBI;COL5A1;QSOX1;DCN;CHPF;GPC1;HSPA5;PAM;VEGFA;SDC3;DSC2;CITED2;P4HA2;VCAN;HK2;GCLC;ME1;EGLN3;IGFBP3;PLOD2;SPAG4;CACNA1H;MERTK;IER3;GPC3
11,3,anal_pc5_c21_S1.filtered.gene_spectra_score.k_11.dt_0_01.txt,prerank,HALLMARK_APOPTOSIS,-0.34982897590719264,-1.4362229090441434,0.01282051282051282,0.10549352246769221,0.22054380664652568,26/79,15.14%,LGALS3;CD2;CD14;TIMP2;ERBB2;ERBB3;GSN;JUN;DCN;RHOB;ANXA1;EMP1;MMP2;LUM;PRF1;CAV1;TIMP3;TIMP1;TNFSF10;IFITM3;SOD2;CCND2;BMP2;PDGFRB;FASLG;BGN
11,3,anal_pc5_c21_S1.filtered.gene_spectra_score.k_11.dt_0_01.txt,prerank,HALLMARK_UV_RESPONSE_UP,-0.36371382963914745,-1.4318845706925811,0.018518518518518517,0.10050957652433666,0.22759315206445116,18/66,12.30%,EPCAM;MAOA;FOS;MMP14;IGFBP2;EPHX1;RHOB;CREG1;RAB27A;CA2;AQP3;CDKN2B;HYAL2;SLC6A8;PTPRD;SOD2;RASGRP1;BMP2
11,3,anal_pc5_c21_S1.filtered.gene_spectra_score.k_11.dt_0_01.txt,prerank,HALLMARK_CHOLESTEROL_HOMEOSTASIS,-0.4096814175575466,-1.3606641769504793,0.05405405405405406,0.143384290985767,0.337361530715005,15/35,26.92%,LGALS3;LGMN;JAG1;MAL2;PPARG;LDLR;PLAUR;ABCA2;SCD;FABP5;NFIL3;CLU;TNFRSF12A;CXCL16;FASN
11,3,anal_pc5_c21_S1.filtered.gene_spectra_score.k_11.dt_0_01.txt,prerank,HALLMARK_TGF_BETA_SIGNALING,-0.4376467712433557,-1.335501776836147,0.07818930041152264,0.14913271581695411,0.36656596173212486,13/24,31.86%,CDH1;THBS1;ID1;ENG;TJP1;BMP2;LTBP2;TGIF1;SMAD1;ID2;SMAD6;WWTR1;FURIN
11,3,anal_pc5_c21_S1.filtered.gene_spectra_score.k_11.dt_0_01.txt,prerank,HALLMARK_P53_PATHWAY,-0.3177208204131996,-1.3093878682277702,0.02702702702702703,0.16020617349030633,0.4118831822759315,34/89,20.86%,NUPR1;GPX2;CTSD;FOS;ITGB4;KLF4;EPS8L2;EPHX1;FUCA1;JUN;AK1;TP63;SERPINB5;TM4SF1;TOB1;EPHA2;CDKN2B;CLCA2;KRT17;NDRG1;CCND2;SPHK1;CDKN2A;BMP2;NINJ1;PITPNC1;CDH13;MXD1;S100A4;CEBPA;TSC22D1;PDGFA;KIF13B;IER3
11,3,anal_pc5_c21_S1.filtered.gene_spectra_score.k_11.dt_0_01.txt,prerank,HALLMARK_XENOBIOTIC_METABOLISM,-0.32334430136695447,-1.293980265069927,0.025974025974025976,0.1636136004217185,0.43705941591137965,32/80,22.28%,IGFBP4;TMEM176B;MAOA;ABCC3;FBLN1;MAN1A1;APOE;EPHX1;CFB;AKR1C3;CA2;BCAR1;EPHA2;NQO1;NDRG2;ALDH3A1;BLVRB;UGDH;AKR1C2;PTGDS;CES1;IL1R1;PTGR1;GCLC;NINJ1;CD36;PDK4;ACOX1;CYP27A1;ATOH8;MT2A;PDLIM5
11,3,anal_pc5_c21_S1.filtered.gene_spectra_score.k_11.dt_0_01.txt,prerank,HALLMARK_PI3K_AKT_MTOR_SIGNALING,0.530284968575153,1.28946593114239,0.15101522842639595,0.5460988279516563,0.985,10/32,18.58%,CXCR4;PRKCB;DAPP1;ITPR2;NOD1;MKNK2;IL2RG;SLC2A1;VAV3;PPP2R1B
11,3,anal_pc5_c21_S1.filtered.gene_spectra_score.k_11.dt_0_01.txt,prerank,HALLMARK_ADIPOGENESIS,-0.3462746806573082,-1.2750421484562402,0.11724137931034483,0.1711887707112365,0.4692849949647533,30/51,31.62%,APOE;MGLL;LAMA4;COL4A1;TOB1;SPARCL1;PPARG;CAVIN1;DNAJB9;PHLDB1;COL15A1;ITIH5;ACAA2;MYLK;ME1;CD36;C3;FZD4;ACOX1;ENPP2;GPX3;ITGA7;SORBS1;LIFR;GADD45A;HSPB8;ITSN1;ESRRA;CYP4B1;CAVIN2
11,3,anal_pc5_c21_S1.filtered.gene_spectra_score.k_11.dt_0_01.txt,prerank,HALLMARK_BILE_ACID_METABOLISM,-0.3647194602937211,-1.270762787636339,0.10382513661202186,0.16523165231652318,0.4773413897280967,22/37,36.28%,TFCP2L1;ALDH1A1;SULT1B1;RBP1;BMP6;HSD17B11;ABCA8;ABCA2;CYP27A1;NR3C2;LCK;NR1I2;CYP7B1;SLC29A1;ACSL5;HSD17B6;ABCA6;CH25H;FADS2;ABCA1;SLC27A2;AR
11,3,anal_pc5_c21_S1.filtered.gene_spectra_score.k_11.dt_0_01.txt,prerank,HALLMARK_HEDGEHOG_SIGNALING,-0.4497616108646154,-1.2475313664270913,0.18471337579617833,0.1788974280720251,0.527693856998993,10/17,34.68%,ADGRG1;NRP1;VEGFA;THY1;DPYSL2;NRCAM;UNC5C;HEY1;VLDLR;ACHE
11,3,anal_pc5_c21_S1.filtered.gene_spectra_score.k_11.dt_0_01.txt,prerank,HALLMARK_KRAS_SIGNALING_UP,0.4144281715704052,1.177050210604971,0.20725388601036268,0.8591923568874155,1.0,14/131,6.20%,CD37;IRF8;CXCR4;LAT2;LAPTM5;DOCK2;KCNN4;MAP4K1;BIRC3;LCP1;HDAC9;IKZF1;ADAM8;ST6GAL1
11,3,anal_pc5_c21_S1.filtered.gene_spectra_score.k_11.dt_0_01.txt,prerank,HALLMARK_IL2_STAT5_SIGNALING,0.38401588512093077,1.08535331343779,0.34886128364389235,1.0,1.0,18/127,8.98%,CD79B;IRF8;LTB;ADAM19;SWAP70;SELL;CD83;RHOH;BCL2;CD86;GPR65;CTSZ;TLR7;CAPN3;COCH;CD48;AGER;MAP3K8
11,3,anal_pc5_c21_S1.filtered.gene_spectra_score.k_11.dt_0_01.txt,prerank,HALLMARK_FATTY_ACID_METABOLISM,-0.29924605985755676,-1.0630063403703713,0.35403726708074534,0.4374450887366016,0.8459214501510574,16/44,20.40%,GLUL;MAOA;MGLL;EPHX1;CA2;ALDH1A1;ALDH3A1;UGDH;CA4;ACAA2;HPGD;HSD17B11;ME1;CD36;ACOX1;CBR3
11,3,anal_pc5_c21_S1.filtered.gene_spectra_score.k_11.dt_0_01.txt,prerank,HALLMARK_HYPOXIA,-0.24629923038750845,-1.058211570433053,0.28846153846153844,0.4277095832182812,0.851963746223565,49/111,28.10%,CA12;SELENBP1;FOS;SDC4;TGFBI;COL5A1;JUN;DCN;EFNA1;GPC1;DUSP1;CAV1;HSPA5;PAM;VEGFA;SDC3;PKP1;CAVIN1;CITED2;NDRG1;RORA;PIM1;P4HA2;ACKR3;PPARGC1A;CCN2;PLAUR;BGN;HK2;IGFBP3;S100A4;CCN1;NEDD4L;F3;NFIL3;IER3;GPC3;MT2A;SDC2;SRPX;PDGFB;TMEM45A;DTNA;ADM;HMOX1;CP;ERO1A;AKAP12;CDKN1A
11,3,anal_pc5_c21_S1.filtered.gene_spectra_score.k_11.dt_0_01.txt,prerank,HALLMARK_DNA_REPAIR,0.45914912836227817,1.057418308136773,0.4196547144754316,1.0,1.0,8/22,17.56%,HCLS1;POLH;PDE4B;NT5C3A;SNAPC4;LIG1;POLA1;USP11
11,3,anal_pc5_c21_S1.filtered.gene_spectra_score.k_11.dt_0_01.txt,prerank,HALLMARK_WNT_BETA_CATENIN_SIGNALING,-0.40002919561997174,-1.052469456069926,0.4,0.4182361304132522,0.8569989929506546,6/15,27.74%,JAG1;CCND2;DLL1;JAG2;LEF1;HEY1
11,3,anal_pc5_c21_S1.filtered.gene_spectra_score.k_11.dt_0_01.txt,prerank,HALLMARK_APICAL_SURFACE,-0.33119793284697774,-1.0245709235551668,0.4053030303030303,0.4578548891078973,0.8902316213494461,16/27,30.54%,ATP8B1;IL2RB;THY1;AKAP7;GSTM3;PLAUR;RHCG;SULF2;GATA3;EPHB4;MAL;LYPD3;SRPX;AFAP1L2;DCBLD2;CX3CL1
11,3,anal_pc5_c21_S1.filtered.gene_spectra_score.k_11.dt_0_01.txt,prerank,HALLMARK_MITOTIC_SPINDLE,0.36856186891891407,1.0188825719302763,0.4582417582417582,1.0,1.0,12/77,13.80%,DOCK2;CNTRL;ARHGAP4;ARHGAP27;TRIO;BIN1;ARHGEF2;CCDC88A;RHOF;PREX1;PIF1;RAPGEF6
11,3,anal_pc5_c21_S1.filtered.gene_spectra_score.k_11.dt_0_01.txt,prerank,HALLMARK_IL6_JAK_STAT3_SIGNALING,0.3879378771843709,1.018124520266413,0.44874715261959,0.9282414054138715,1.0,17/53,17.52%,LTB;ITGA4;IL7;IL6;CD38;MAP3K8;TNF;PIK3R5;IL12RB1;CSF2RA;IRF1;CCR1;SOCS1;CRLF2;IL2RG;CSF2RB;EBI3
11,3,anal_pc5_c21_S1.filtered.gene_spectra_score.k_11.dt_0_01.txt,prerank,HALLMARK_PEROXISOME,-0.3074654322661317,-1.0087310760184245,0.4337899543378995,0.4709482809113805,0.9103726082578046,14/32,31.46%,HSD11B2;DHRS3;ALDH1A1;SOD2;HSD17B11;SEMA3C;CRABP2;ACOX1;NR1I2;DLG4;ABCC5;ACSL5;ABCB1;CEL
11,3,anal_pc5_c21_S1.filtered.gene_spectra_score.k_11.dt_0_01.txt,prerank,HALLMARK_TNFA_SIGNALING_VIA_NFKB,0.33808043875045857,0.9645773625969425,0.5679012345679012,0.9820146701819417,1.0,28/150,14.22%,REL;CD83;SLC2A6;BIRC3;NFKB2;CD80;KYNU;IER5;NFKBIE;PLEK;BCL2A1;SMAD3;IL6;GPR183;EHD1;BTG2;MAP3K8;NFAT5;PDE4B;CLCF1;TNF;PFKFB3;EGR3;IFIH1;IRF1;ZC3H12A;KLF2;KDM6B
11,3,anal_pc5_c21_S1.filtered.gene_spectra_score.k_11.dt_0_01.txt,prerank,HALLMARK_INFLAMMATORY_RESPONSE,0.33609539853821074,0.9596612984691343,0.5653526970954357,0.9056832123474425,1.0,25/141,13.46%,CD40;CYBB;SELL;LYN;GPR132;TLR1;IL6;IRF7;GPR183;CCR7;BTG2;CD48;PDE4B;GABBR1;CD55;SEMA4D;LAMP3;LTA;RNF144B;PIK3R5;CCL22;CD70;IRF1;SLAMF1;PTAFR
11,3,anal_pc5_c21_S1.filtered.gene_spectra_score.k_11.dt_0_01.txt,prerank,HALLMARK_ANDROGEN_RESPONSE,-0.2725636359152127,-0.9457301606752057,0.5388888888888889,0.5767422245651028,0.9566968781470292,21/41,28.26%,KRT8;MAF;SELENOP;KRT19;DNAJB9;NDRG1;IQGAP2;PLPP1;SLC26A2;HPGD;DBI;ADAMTS1;STK39;SCD;TSC22D1;MERTK;PDLIM5;SAT1;LIFR;AKAP12;SGK1
11,3,anal_pc5_c21_S1.filtered.gene_spectra_score.k_11.dt_0_01.txt,prerank,HALLMARK_HEME_METABOLISM,-0.24596885104912827,-0.9351050069755067,0.6218487394957983,0.5774029168863117,0.9627391742195368,16/55,18.20%,CTSB;SELENBP1;TENT5C;BCAM;CA2;AQP3;PDZK1IP1;SLC6A8;BLVRB;DMTN;P4HA2;KLF3;MBOAT2;GCLC;TNS1;C3
11,3,anal_pc5_c21_S1.filtered.gene_spectra_score.k_11.dt_0_01.txt,prerank,HALLMARK_COMPLEMENT,0.28231534364164773,0.8046808555305537,0.8159255429162358,1.0,1.0,25/122,13.76%,CR1;CTSH;CR2;LYN;KYNU;PLEK;DOCK10;WAS;IL6;IRF7;EHD1;KCNIP2;PSMB9;SH2B3;CD55;PRKCD;ZEB1;ITGAM;GCA;PIK3R5;LTA4H;STX4;IRF1;DGKG;JAK2
11,3,anal_pc5_c21_S1.filtered.gene_spectra_score.k_11.dt_0_01.txt,prerank,HALLMARK_MTORC1_SIGNALING,0.29009602949197344,0.7873351433662243,0.802646085997795,1.0,1.0,6/72,7.94%,CXCR4;CORO1A;DAPP1;ELOVL5;IFI30;BTG2
11,3,anal_pc5_c21_S1.filtered.gene_spectra_score.k_11.dt_0_01.txt,prerank,HALLMARK_KRAS_SIGNALING_DN,0.2706467811493491,0.7430119682306932,0.8593406593406593,1.0,1.0,6/78,7.94%,TCL1A;CD80;SLC12A3;MAST3;STAG3;BTG2
11,3,anal_pc5_c21_S1.filtered.gene_spectra_score.k_11.dt_0_01.txt,prerank,HALLMARK_REACTIVE_OXYGEN_SPECIES_PATHWAY,0.3245289215144682,0.7284046465662961,0.7907303370786517,1.0,1.0,2/19,4.72%,HHEX;LSP1
11,3,anal_pc5_c21_S1.filtered.gene_spectra_score.k_11.dt_0_01.txt,prerank,HALLMARK_SPERMATOGENESIS,0.22183393639411395,0.5547522408917953,0.9681762545899633,1.0,1.0,5/36,17.26%,SLC2A5;LPIN1;DPEP3;JAM3;CSNK2A2
11,3,anal_pc5_c21_S1.filtered.gene_spectra_score.k_11.dt_0_01.txt,prerank,HALLMARK_G2M_CHECKPOINT,0.1614129706360477,0.4377588006818489,1.0,1.0,1.0,27/68,26.96%,SMAD3;TACC3;KIF20B;POLE;UBE2C;CENPE;POLQ;KIF22;TROAP;BUB1;ESPL1;BIRC5;MAP3K20;KIF11;INCENP;KIF15;FBXO5;CCNF;MYC;KIF2C;NDC80;MYBL2;ORC6;AURKB;SMC4;NUSAP1;CCNB2
11,3,anal_pc5_c21_S1.filtered.gene_spectra_score.k_11.dt_0_01.txt,prerank,HALLMARK_E2F_TARGETS,0.1617392151004215,0.42224197568869576,1.0,0.9990341695163016,1.0,27/54,28.52%,LIG1;CENPM;NCAPD2;TACC3;POLE;CENPE;KIF22;CDCA3;SPAG5;ESPL1;BIRC5;ANP32E;DEPDC1;SPC25;MYC;DIAPH3;KIF2C;KIF18B;MYBL2;ORC6;AURKB;SMC4;HELLS;CCNB2;EZH2;PLK1;DLGAP5
11,4,anal_pc5_c21_S1.filtered.gene_spectra_score.k_11.dt_0_01.txt,prerank,HALLMARK_UNFOLDED_PROTEIN_RESPONSE,0.7911759013690303,2.5059943954933295,0.0,0.0,0.0,10/23,2.10%,HERPUD1;XBP1;DNAJB9;HSP90B1;SLC1A4;ERN1;CHAC1;HSPA5;PSAT1;SLC7A5
11,4,anal_pc5_c21_S1.filtered.gene_spectra_score.k_11.dt_0_01.txt,prerank,HALLMARK_EPITHELIAL_MESENCHYMAL_TRANSITION,-0.45383742773188546,-1.7741739610969245,0.0,0.007475126321821118,0.006,99/164,37.34%,SAT1;TPM1;LRP1;IGFBP4;COL6A2;IL32;FBLN1;DST;FLNA;COL3A1;COL1A2;COL4A2;QSOX1;MMP14;COL5A1;GPC1;SDC4;SPARC;IGFBP2;COL6A3;TGFBI;WIPF1;COL7A1;CALD1;COL1A1;DCN;JUN;CAPG;FSTL1;ELN;TPM2;FUCA1;PFN2;FN1;ITGA5;COL4A1;DPYSL3;MMP2;THBS1;CXCL12;COL16A1;LUM;TAGLN;RHOB;MATN2;SERPINH1;BMP1;DAB2;ACTA2;MYL9;FAS;ITGB5;NT5E;FBN1;PMP22;TIMP3;VEGFA;COL5A2;PCOLCE;VCAN;ITGA2;LAMA3;FBLN2;GLIPR1;ANPEP;EDIL3;GREM1;MYLK;ID2;PVR;SLC6A8;PDGFRB;THY1;VCAM1;BGN;HTRA1;TNC;MXRA5;NNMT;PLOD2;ECM1;ABI3BP;MGP;TGM2;GJA1;CDH11;FBLN5;PLAUR;CCN2;NID2;COL5A3;FMOD;LOXL1;THBS2;WNT5A;TNFAIP3;ITGB3;PRRX1;LAMC1
11,4,anal_pc5_c21_S1.filtered.gene_spectra_score.k_11.dt_0_01.txt,prerank,HALLMARK_P53_PATHWAY,-0.4647282550843317,-1.6787225558885979,0.001148105625717566,0.018687815804552796,0.034,60/89,39.58%,DGKA;SAT1;EPS8L2;NUPR1;AK1;ITGB4;GPX2;CCND2;ABCC5;KLF4;TOB1;TRAF4;FOS;EPHX1;JUN;PITPNC1;FUCA1;KRT17;TP63;CTSD;IFI30;EPHA2;SERPINB5;DEF6;IER5;ZBTB16;CCND3;TSC22D1;FAS;CYFIP2;SPHK1;RNF19B;S100A4;CDKN2B;TM4SF1;CLCA2;BMP2;MKNK2;MXD1;JAG2;PLK3;MAPKAPK3;IER3;NDRG1;PTPRE;RAP2B;VWA5A;SOCS1;CDKN2A;KIF13B;CEBPA;PDGFA;HEXIM1;ZMAT3;UPP1;MDM2;POLH;HMOX1;CDKN1A;HDAC3
11,4,anal_pc5_c21_S1.filtered.gene_spectra_score.k_11.dt_0_01.txt,prerank,HALLMARK_ANGIOGENESIS,-0.5330139626841601,-1.6006753137585565,0.006082725060827251,0.03879946519421438,0.102,17/29,36.78%,CCND2;JAG1;COL3A1;TNFRSF21;FGFR1;FSTL1;LUM;NRP1;VEGFA;COL5A2;S100A4;VCAN;JAG2;VAV2;THBD;SLCO2A1;PDGFA
11,4,anal_pc5_c21_S1.filtered.gene_spectra_score.k_11.dt_0_01.txt,prerank,HALLMARK_UV_RESPONSE_DN,-0.46134032662225744,-1.5922989501831748,0.0,0.030434442881700264,0.104,48/69,37.38%,SMAD3;CELF2;TGFBR2;ERBB2;PIK3CD;COL3A1;COL1A2;RUNX1;FYN;ID1;PLPP3;COL1A1;PPARG;PLCB4;NFIB;IGFBP5;MGLL;FHL2;DAB2;EFEMP1;NRP1;PMP22;ICA1;COL5A2;TJP1;LDLR;LPAR1;RBPMS;PIK3R3;PDGFRB;ADGRL2;MYC;TFPI;PDLIM5;SYNE1;LTBP1;KCNMA1;PTPRM;PRKCE;KALRN;DUSP1;VAV2;GJA1;FBLN5;F3;ITGB3;LAMC1;SMAD7
11,4,anal_pc5_c21_S1.filtered.gene_spectra_score.k_11.dt_0_01.txt,prerank,HALLMARK_APICAL_JUNCTION,-0.4241551161314652,-1.5585346557402084,0.0022650056625141564,0.037375631609105585,0.159,58/101,36.04%,EVL;CLDN7;CLDN4;CDH1;PLCG1;ITGB4;FYB1;ADAM15;PCDH1;TRAF1;PTPRC;TGFBI;WNK4;STX4;MPZL2;MDK;COL17A1;MMP2;COL16A1;ADAM9;ITGA3;WASL;EPB41L2;BMP1;ADAM23;LAMB3;NLGN2;MYL9;FBN1;SDC3;VCAN;SORBS3;TJP1;THBS3;ITGA2;LAMA3;CDH3;PIK3R3;THY1;VCAM1;MAP3K20;ITGA9;JAM3;CD276;VWF;ARHGEF6;RHOF;NECTIN4;LAYN;RAC2;VAV2;TSPAN4;SHC1;CLDN5;CDH11;ACTG2;SIRPA;FSCN1
11,4,anal_pc5_c21_S1.filtered.gene_spectra_score.k_11.dt_0_01.txt,prerank,HALLMARK_MITOTIC_SPINDLE,-0.4322218305672296,-1.5165743062403085,0.0034129692832764505,0.05392769703599521,0.265,54/77,40.86%,ARHGAP4;GSN;DST;CNTRL;FLNA;BIN1;FLNB;PXN;RAPGEF6;BCAR1;LMNB1;TRIO;KIF22;ARHGEF2;CEP72;WASL;PALLD;EPB41L2;ARHGAP27;DOCK2;MID1;NET1;SMC4;FGD4;PREX1;FARP1;RAPGEF5;NUSAP1;CDK1;CEP250;PDLIM5;ECT2;DOCK4;ARHGAP10;TOP2A;RHOF;NEDD9;PRC1;KIF20B;CDC42EP4;BCL2L11;FSCN1;KIF23;EPB41;CDC42EP2;ANLN;STK38L;TPX2;KIF11;NDC80;CCNB2;PLK1;SORBS2;MAP1S
11,4,anal_pc5_c21_S1.filtered.gene_spectra_score.k_11.dt_0_01.txt,prerank,HALLMARK_XENOBIOTIC_METABOLISM,-0.42332095591741375,-1.5022648246881924,0.0022650056625141564,0.055682063417647094,0.309,35/80,28.96%,TMEM176B;IGFBP4;FBLN1;ABCC3;IRF8;CA2;MAOA;ELOVL5;NDRG2;EPHX1;GCLC;BCAR1;SLC6A6;CAT;UGDH;CFB;EPHA2;PTGDS;AKR1C3;NQO1;ALDH3A1;FAS;CYFIP2;CYB5A;PTGR1;AKR1C2;APOE;ACOX1;ID2;BLVRB;KYNU;LPIN2;PDLIM5;GCNT2;IL1R1
11,4,anal_pc5_c21_S1.filtered.gene_spectra_score.k_11.dt_0_01.txt,prerank,HALLMARK_TGF_BETA_SIGNALING,-0.5257905196088634,-1.4864798710053917,0.018072289156626505,0.0591335885815492,0.356,17/24,37.38%,SMAD3;CDH1;ID1;TGIF1;SLC20A1;ENG;THBS1;TGFBR1;ID3;TJP1;BMP2;ID2;LTBP2;SMAD1;FURIN;SMAD6;SMAD7
11,4,anal_pc5_c21_S1.filtered.gene_spectra_score.k_11.dt_0_01.txt,prerank,HALLMARK_FATTY_ACID_METABOLISM,-0.4578000517566296,-1.4758891048330385,0.02219626168224299,0.05944505217829175,0.389,25/44,35.40%,GLUL;ACSL5;HSD17B11;CA2;MAOA;ELOVL5;EPHX1;ALDH1A1;UGDH;FASN;MGLL;ALDH3A1;ACAA2;ACOX1;CA4;HPGD;CD1D;HSPH1;ECI2;ACSL1;HMGCS1;CD36;ACAT2;ME1;PTPRG
11,4,anal_pc5_c21_S1.filtered.gene_spectra_score.k_11.dt_0_01.txt,prerank,HALLMARK_ESTROGEN_RESPONSE_EARLY,-0.3932497231748647,-1.471542619859345,0.0055309734513274336,0.05638380997030786,0.405,38/118,15.40%,KRT8;CLDN7;ELF3;NBL1;AKAP1;IGFBP4;RAPGEFL1;TFF3;KRT19;MUC1;CA12;MLPH;SCNN1A;FCMR;KLF4;TOB1;FLNB;ELOVL5;LRIG1;ESRP2;HES1;TJP3;FOS;SLC26A2;MYB;KRT15;SVIL;DHRS3;MAST4;CXCL12;LAD1;FASN;SLC2A1;CELSR1;RASGRP1;PRSS23;FHL2;BCL11B
11,4,anal_pc5_c21_S1.filtered.gene_spectra_score.k_11.dt_0_01.txt,prerank,HALLMARK_COMPLEMENT,-0.3886134673369501,-1.4656475051927165,0.009933774834437087,0.05484995288089522,0.426,79/122,43.82%,LGALS3;CTSB;LRP1;CA2;COL4A2;C1S;MMP14;SERPINA1;C1R;SPOCK2;FYN;CBLB;LCP2;STX4;CTSC;KLK1;CTSS;CSRP1;CR1;CFB;FN1;LCK;DOCK10;CLU;ADAM9;CTSD;DOCK9;CCL5;RASGRP1;PSMB9;KIF2A;L3MBTL4;C1QC;TIMP2;CPQ;C2;C3;PRSS3;CD55;KYNU;SERPING1;SH2B3;C1QA;LTA4H;LYN;CFH;EHD1;DOCK4;GZMA;CD40LG;PIK3R5;CPM;CTSL;GCA;FCER1G;DUSP6;GZMK;LGMN;CD36;LIPA;ME1;PLAUR;F3;PDP1;TNFAIP3;PLAT;ITGAM;HSPA1A;PDGFB;PLA2G7;JAK2;DPP4;IRF1;ZEB1;CDH13;GATA3;CP;CR2;CTSH
11,4,anal_pc5_c21_S1.filtered.gene_spectra_score.k_11.dt_0_01.txt,prerank,HALLMARK_COAGULATION,-0.4131310783383064,-1.4586362649173734,0.012542759407069556,0.0546396138285496,0.456,42/79,37.46%,GSN;CTSB;LRP1;ANXA1;C1S;MMP14;A2M;SERPINA1;C1R;SPARC;FYN;CSRP1;CFB;FN1;MMP2;THBS1;CLU;ADAM9;PRSS23;BMP1;FBN1;TIMP3;ITGA2;CPQ;C2;C3;CFD;SERPING1;HTRA1;C1QA;LTA4H;CTSK;CFH;VWF;DUSP6;LGMN;FURIN;F3;THBD;PLAT;ITGB3;PLAU
11,4,anal_pc5_c21_S1.filtered.gene_spectra_score.k_11.dt_0_01.txt,prerank,HALLMARK_MTORC1_SIGNALING,0.3492126143375672,1.437008491491959,0.075,0.08990367463432038,0.267,11/72,2.78%,XBP1;PDK1;HSP90B1;SDF2L1;SLC1A4;BTG2;HSPA5;PSAT1;SLC7A5;NFIL3;GLRX
11,4,anal_pc5_c21_S1.filtered.gene_spectra_score.k_11.dt_0_01.txt,prerank,HALLMARK_APOPTOSIS,-0.39056269307593733,-1.3786005182734735,0.026497695852534562,0.11869843445089576,0.753,40/79,30.16%,LGALS3;GSN;SAT1;SATB1;CD2;CCND2;ANXA1;TNFSF10;ERBB2;ERBB3;PLCB2;DPYD;CASP8;DCN;SLC20A1;JUN;MMP2;CLU;LUM;CDC25B;IFITM3;RHOB;EMP1;FAS;HMGB2;SOD2;TIMP3;CCND1;CD14;BMP2;PDGFRB;TIMP2;BGN;IER3;IL18;CD69;PRF1;BIRC3;PPT1;TOP2A
11,4,anal_pc5_c21_S1.filtered.gene_spectra_score.k_11.dt_0_01.txt,prerank,HALLMARK_PEROXISOME,-0.4461997692491288,-1.369643439893093,0.058333333333333334,0.12143266432999203,0.784,17/32,34.22%,ACSL5;HSD11B2;ABCC5;HSD17B11;ELOVL5;ALDH1A1;DHRS3;CAT;SOD2;ACOX1;SEMA3C;ECI2;ACSL1;TOP2A;ABCB1;NR1I2;DLG4
11,4,anal_pc5_c21_S1.filtered.gene_spectra_score.k_11.dt_0_01.txt,prerank,HALLMARK_INTERFERON_ALPHA_RESPONSE,-0.39315006167353284,-1.3053146348065263,0.09360189573459715,0.21101213731312185,0.936,24/50,29.44%,CD74;IFI27;PARP14;SP110;C1S;TRIM14;SELL;LPAR6;CASP8;GBP2;IFI30;IFI44;IFITM3;PSMB9;DDX60;NUB1;TRIM25;CSF1;TRIM5;MX1;IFI44L;IFITM2;IL7;GBP4
11,4,anal_pc5_c21_S1.filtered.gene_spectra_score.k_11.dt_0_01.txt,prerank,HALLMARK_ESTROGEN_RESPONSE_LATE,-0.3510313766880835,-1.30480807426972,0.046460176991150445,0.1986247851226754,0.938,30/106,14.58%,AGR2;NBL1;CKB;LLGL2;IGFBP4;CDH1;RAPGEFL1;TFF3;KRT19;CA12;SCNN1A;KLF4;CXCL14;TOB1;CA2;FLNB;ELOVL5;SERPINA1;PLXNB1;TJP3;FOS;SLC26A2;MYB;MDK;ASS1;UGDH;CXCL12;PTPN6;TSPAN13;PRSS23
11,4,anal_pc5_c21_S1.filtered.gene_spectra_score.k_11.dt_0_01.txt,prerank,HALLMARK_MYOGENESIS,-0.34039329049780126,-1.2773752016630162,0.08881578947368421,0.23587478435662437,0.973,54/112,39.34%,GSN;CKB;COL6A2;AK1;ITGB4;COL3A1;BIN1;COL4A2;ERBB3;SPARC;CNN3;COL6A3;SVIL;COL1A1;TPM2;IGFBP7;CLU;AEBP1;TAGLN;PDLIM7;DAPK2;EFS;EPHB3;NQO1;VIPR1;SMTN;GAA;ITGB5;SPHK1;MYH11;SOD3;SORBS3;COL15A1;MYLK;IFRD1;SLC6A8;CFD;LSP1;PFKM;GNAO1;ACSL1;SORBS1;KIFC3;CD36;NAV2;SCD;FHL1;DTNA;MAPRE3;LPIN1;IGFBP3;BDKRB2;DES;CDKN1A
11,4,anal_pc5_c21_S1.filtered.gene_spectra_score.k_11.dt_0_01.txt,prerank,HALLMARK_IL2_STAT5_SIGNALING,-0.3376136711273943,-1.2723094586347612,0.05646036916395222,0.23172891597645467,0.973,72/127,36.14%,LTB;MUC1;CCND2;COL6A1;IRF8;TNFSF10;TRAF1;CA2;NFKBIZ;LRIG1;WLS;SELL;TNFRSF21;CTSZ;DHRS3;PHTF2;CAPG;TNFRSF1B;CDCP1;ST3GAL4;SWAP70;PLPP1;AHR;IFITM3;RHOB;CCND3;IRF6;EMP1;ALCAM;HK2;NT5E;NRP1;TTC39B;ADAM19;PRKCH;CCR4;PLAGL1;IL2RB;CDC42SE2;AGER;ITIH5;CD83;RORA;FGL2;SNX9;CSF1;CST7;BMP2;IKZF2;MXD1;FLT3LG;CAPN3;MYC;NDRG1;SMPDL3A;MAP3K8;GBP4;PNP;ABCB1;ECM1;BATF;ICOS;SOCS1;GPR65;TGM2;FURIN;IL1R2;PHLDA1;CISH;BCL2;P4HA1;GLIPR2
11,4,anal_pc5_c21_S1.filtered.gene_spectra_score.k_11.dt_0_01.txt,prerank,HALLMARK_KRAS_SIGNALING_UP,-0.3345824097741357,-1.260157014386936,0.07785087719298246,0.24482443802896833,0.981,69/131,37.68%,LAPTM5;TSPAN1;TMEM176B;CXCR4;LCP1;SATB1;CD37;CCND2;ETS1;IRF8;KLF4;TRAF1;CA2;SPON1;TMEM176A;IL7R;CTSS;MPZL2;ITGB2;FUCA1;EPHB2;TNFRSF1B;CFB;ENG;IKZF1;TRIB2;MALL;TSPAN13;MAP4K1;SLPI;EMP1;DOCK2;NRP1;ADGRA2;GPNMB;ITGA2;ACE;SPRY2;SPARCL1;BMP2;ID2;TSPAN7;CPE;ADAM8;ERO1A;LAT2;TFPI;CFH;BIRC3;VWA5A;ABCB1;CSF2RA;DCBLD2;FCER1G;DUSP6;ADAMDEC1;KCNN4;F13A1;HOXD11;PLAUR;C3AR1;MAFB;TNFAIP3;PLAT;PRRX1;PLVAP;IL2RG;PLAU;ANO1
11,4,anal_pc5_c21_S1.filtered.gene_spectra_score.k_11.dt_0_01.txt,prerank,HALLMARK_ALLOGRAFT_REJECTION,-0.31797726377496194,-1.1937633048291116,0.16013071895424835,0.3777074542897328,0.998,56/121,31.64%,LTB;CD74;CD2;CCND2;ETS1;FYB1;ITGAL;IRF8;CD96;ZAP70;FLNA;PTPRC;CD3E;LCP2;PRKCB;CD3D;CD4;CTSS;CAPG;ITGB2;LCK;GBP2;STAT1;ST8SIA4;PTPN6;CCL5;ITK;MAP4K1;CCND3;FAS;CD28;CD8A;FGR;IL2RB;CD7;CD247;STAB1;STAT4;SPI1;CSF1;CD1D;LY86;THY1;C2;IL18;CD3G;LYN;CCR5;PRF1;IL7;GZMA;TRAT1;CD40LG;CD40;SOCS1;CDKN2A
11,4,anal_pc5_c21_S1.filtered.gene_spectra_score.k_11.dt_0_01.txt,prerank,HALLMARK_ADIPOGENESIS,-0.3570280515067798,-1.187349398029645,0.20229885057471264,0.37492589367882384,0.998,24/51,25.18%,UCP2;TOB1;NABP1;CAT;ESRRA;PPARG;COL4A1;LAMA4;ABCA1;BCL6;PHLDB1;MGLL;CCNG2;ACAA2;APOE;ITIH5;PFKFB3;ACOX1;PIM3;COL15A1;SPARCL1;MYLK;CAVIN1;C3
11,4,anal_pc5_c21_S1.filtered.gene_spectra_score.k_11.dt_0_01.txt,prerank,HALLMARK_CHOLESTEROL_HOMEOSTASIS,-0.387016708349921,-1.1866010956662898,0.22393364928909953,0.35958269994838205,0.998,20/35,35.14%,LGALS3;JAG1;ABCA2;PPARG;MAL2;CLU;ANTXR2;FASN;ALCAM;LDLR;HMGCR;FADS2;FABP5;CXCL16;HMGCS1;LGMN;ACAT2;PLAUR;SCD;MVK
11,4,anal_pc5_c21_S1.filtered.gene_spectra_score.k_11.dt_0_01.txt,prerank,HALLMARK_APICAL_SURFACE,-0.385964656450823,-1.152235896102409,0.2741176470588235,0.4308644240155277,1.0,18/27,47.26%,ATP8B1;CROCC;EPHB4;AKAP7;SULF2;IL2RB;THY1;LYN;GSTM3;DCBLD2;PLAUR;RHCG;AFAP1L2;IL2RG;LYPD3;GATA3;MAL;CX3CL1
11,4,anal_pc5_c21_S1.filtered.gene_spectra_score.k_11.dt_0_01.txt,prerank,HALLMARK_G2M_CHECKPOINT,-0.3335231812125986,-1.145786778600286,0.25,0.42830694032053623,1.0,56/68,54.40%,SMAD3;SLC12A2;LMNB1;KIF22;POLE;CDC25B;EZH2;MEIS1;MCM2;SMC4;CCND1;NUSAP1;MCM6;CDK1;MAP3K20;MKI67;MYC;TACC3;FANCC;PTTG1;TOP2A;KPNA2;PRC1;KIF20B;E2F1;TROAP;KIF23;TPX2;KIF11;NDC80;CCNB2;PLK1;MEIS2;RAD54L;CDKN2C;CDC45;DMD;CDC20;KIF2C;CKS2;ORC6;CCNF;ESPL1;CENPF;BIRC5;INCENP;MYBL2;POLQ;AURKB;UBE2C;AURKA;KIF15;SNRPD1;NEK2;ODC1;BUB1
11,4,anal_pc5_c21_S1.filtered.gene_spectra_score.k_11.dt_0_01.txt,prerank,HALLMARK_DNA_REPAIR,-0.3910941106295329,-1.1165514009035151,0.33093525179856115,0.48426004063134864,1.0,13/22,42.64%,AK1;BCAM;TYMS;LIG1;POLA1;STX3;ZWINT;PNP;SNAPC4;NT5C3A;POLH;ARL6IP1;NPR2
11,4,anal_pc5_c21_S1.filtered.gene_spectra_score.k_11.dt_0_01.txt,prerank,HALLMARK_TNFA_SIGNALING_VIA_NFKB,-0.28946083010023826,-1.1038724070519867,0.28618063112078346,0.5005048865808359,1.0,78/150,42.60%,SMAD3;SAT1;JAG1;REL;KLF4;TRAF1;NFAT5;SDC4;HES1;FOS;LITAF;TNFAIP2;IL7R;PLPP3;TGIF1;JUN;ABCA1;BCL6;CCL5;RHOB;EFNA1;EGR1;IER5;LAMB3;TSC22D1;KLF9;KDM6B;SPHK1;PTGER4;SOD2;VEGFA;ACKR3;RNF19B;LDLR;CD83;PFKFB3;CCND1;CSF1;BMP2;ID2;MXD1;NFKB2;KYNU;IER3;IL18;MYC;TNC;CD69;PDLIM5;PER1;PTPRE;EHD1;MAP3K8;BIRC3;NFKBIA;DUSP1;PLAUR;PHLDA1;F3;TLR2;TNFAIP3;PLAU;ZFP36;ZBTB10;SPSB1;CD80;CDKN1A;PHLDA2;BCL2A1;CCN1;NINJ1;SLC2A6;ZC3H12A;IRF1;SLC2A3;SGK1;NAMPT;NFKBIE
11,4,anal_pc5_c21_S1.filtered.gene_spectra_score.k_11.dt_0_01.txt,prerank,HALLMARK_REACTIVE_OXYGEN_SPECIES_PATHWAY,-0.38427616587080293,-1.0697777387886895,0.38406658739595717,0.5669626234037339,1.0,13/19,29.82%,MGST1;GCLC;CAT;PFKP;TXNRD1;NQO1;SOD2;HHEX;FTL;SCAF4;LSP1;IPCEF1;MBP
11,4,anal_pc5_c21_S1.filtered.gene_spectra_score.k_11.dt_0_01.txt,prerank,HALLMARK_UV_RESPONSE_UP,-0.30747575609207894,-1.0684338384434535,0.38215102974828374,0.5498794454490656,1.0,33/66,41.98%,EPCAM;CA2;MAOA;MMP14;TFRC;FOS;IGFBP2;EPHX1;ARRB2;CREG1;RHOB;RASGRP1;CCND3;HYAL2;SOD2;CDKN2B;PTPRD;BMP2;SLC6A8;RAB27A;DNAJB1;LYN;PPT1;ABCB1;NFKBIA;FURIN;DLG4;BCL2L11;HMOX1;HSPA2;ENO2;IRF1;PPIF
11,4,anal_pc5_c21_S1.filtered.gene_spectra_score.k_11.dt_0_01.txt,prerank,HALLMARK_E2F_TARGETS,-0.3203595066741113,-1.0614263944259044,0.39344262295081966,0.5491087867536775,1.0,48/54,54.62%,HELLS;TFRC;LMNB1;KIF22;POLE;CDC25B;EZH2;MCM4;LIG1;HMGB2;MCM2;CENPM;SMC4;MCM6;CDK1;TK1;MKI67;MYC;TACC3;PTTG1;TOP2A;CDKN2A;SPAG5;KPNA2;NCAPD2;RRM2;CIT;CDKN1A;CCNB2;PLK1;MELK;CDKN2C;ANP32E;TCF19;CDCA8;CDC20;KIF2C;CKS2;ORC6;ESPL1;SPC25;BIRC5;MYBL2;AURKB;AURKA;DEPDC1;DLGAP5;CDCA3
11,4,anal_pc5_c21_S1.filtered.gene_spectra_score.k_11.dt_0_01.txt,prerank,HALLMARK_INTERFERON_GAMMA_RESPONSE,-0.2831257852148309,-1.0501072398580504,0.39032620922384703,0.5575020402493445,1.0,57/111,31.50%,NLRC5;CIITA;CD74;RNF213;IFI27;PARP14;IRF8;TNFSF10;ARID5B;SP110;C1S;TRIM14;C1R;RAPGEF6;LCP2;SAMHD1;TNFAIP2;BANK1;CASP8;PFKP;CFB;IFI30;STAT1;ST8SIA4;XAF1;PTPN6;IFI44;CCL5;IFITM3;IL18BP;FAS;PSMB9;KLRK1;MX2;DDX60;SOD2;IL2RB;TRIM25;STAT4;FGL2;NOD1;OAS3;VCAM1;MX1;IFI44L;SERPING1;IFITM2;CD69;CFH;EIF4E3;IL7;GZMA;GBP4;PNP;CD40;NFKBIA;SOCS1
11,4,anal_pc5_c21_S1.filtered.gene_spectra_score.k_11.dt_0_01.txt,prerank,HALLMARK_HEDGEHOG_SIGNALING,-0.3769753223248773,-1.0086227078575298,0.46072684642438455,0.6356268704619505,1.0,7/17,28.50%,ADGRG1;CELSR1;DPYSL2;NRP1;VEGFA;THY1;NRP2
11,4,anal_pc5_c21_S1.filtered.gene_spectra_score.k_11.dt_0_01.txt,prerank,HALLMARK_HYPOXIA,-0.27047247622767223,-0.9989571053547659,0.49280177187153934,0.6373546322342033,1.0,62/111,44.02%,SELENBP1;CXCR4;ETS1;CA12;NEDD4L;COL5A1;PLAC8;GPC1;SDC4;FOS;TGFBI;SLC6A6;PKP1;DCN;JUN;PFKP;AMPD3;SLC2A1;EFNA1;GAA;HK2;CCNG2;SDC3;VEGFA;ACKR3;S100A4;P4HA2;PFKFB3;RORA;PPARGC1A;CAVIN1;BGN;IER3;ERO1A;NDRG1;GCNT2;LXN;PAM;DUSP1;TGM2;PLAUR;CCN2;DTNA;BCL2;GPC3;F3;P4HA1;TNFAIP3;ZFP36;IGFBP3;HMOX1;CDKN1A;PDGFB;NDST2;ENO2;CCN1;BNIP3L;SLC2A3;SDC2;CP;VLDLR;MXI1
11,4,anal_pc5_c21_S1.filtered.gene_spectra_score.k_11.dt_0_01.txt,prerank,HALLMARK_WNT_BETA_CATENIN_SIGNALING,-0.3837284037387106,-0.9967635284862554,0.4987864077669903,0.6229271934850931,1.0,7/15,31.32%,CCND2;JAG1;TCF7;DLL1;JAG2;MYC;PPARD
11,4,anal_pc5_c21_S1.filtered.gene_spectra_score.k_11.dt_0_01.txt,prerank,HALLMARK_BILE_ACID_METABOLISM,-0.3150166964758493,-0.9819790784551525,0.5402298850574713,0.6376471201076149,1.0,10/37,13.30%,ACSL5;NR3C2;HSD17B11;TFCP2L1;ABCA2;ALDH1A1;CAT;LCK;ABCA1;SULT1B1
11,4,anal_pc5_c21_S1.filtered.gene_spectra_score.k_11.dt_0_01.txt,prerank,HALLMARK_HEME_METABOLISM,-0.2948009340715169,-0.9795043177542706,0.5414235705950992,0.6247985176255219,1.0,25/55,26.42%,CTSB;SELENBP1;UCP2;CA2;TFRC;KLF3;GCLC;KDM7A;CAT;BCAM;SLC25A37;SLC2A1;CCND3;BMP2K;PDZK1IP1;MBOAT2;P4HA2;KAT2B;TNS1;SLC6A8;C3;BLVRB;LPIN2;LMO2;DAAM1
11,4,anal_pc5_c21_S1.filtered.gene_spectra_score.k_11.dt_0_01.txt,prerank,HALLMARK_KRAS_SIGNALING_DN,0.21581711507170748,0.947571886687561,0.5405405405405406,0.5417409917945059,0.921,4/78,3.12%,TENT5C;BTG2;DCC;CHST2
11,4,anal_pc5_c21_S1.filtered.gene_spectra_score.k_11.dt_0_01.txt,prerank,HALLMARK_GLYCOLYSIS,-0.26695724316277797,-0.9110514935250272,0.6670416197975253,0.7423512354360925,1.0,25/67,26.12%,ELF3;CXCR4;TFF3;QSOX1;DSC2;B3GNT3;COL5A1;GPC1;TGFBI;GCLC;DCN;PFKP;CYB5A;HK2;NT5E;SDC3;VEGFA;P4HA2;VCAN;KIF2A;EGLN3;CDK1;SLC16A3;IER3;ERO1A
11,4,anal_pc5_c21_S1.filtered.gene_spectra_score.k_11.dt_0_01.txt,prerank,HALLMARK_ANDROGEN_RESPONSE,-0.2744076933408182,-0.8731791177226728,0.6997635933806147,0.7891886260381337,1.0,13/41,15.76%,KRT8;SAT1;SELENOP;KRT19;STK39;ARID5B;ELOVL5;SLC26A2;MAF;PLPP1;ABCC4;CCND3;TSC22D1
11,4,anal_pc5_c21_S1.filtered.gene_spectra_score.k_11.dt_0_01.txt,prerank,HALLMARK_PI3K_AKT_MTOR_SIGNALING,-0.2791945001748929,-0.8335988554500828,0.7535545023696683,0.8315094463773122,1.0,15/32,23.92%,CXCR4;PLCG1;ITPR2;VAV3;PRKCB;PPP2R1B;LCK;SLC2A1;MKNK1;MAPK10;SLA;CDK1;MKNK2;PIK3R3;NOD1
11,4,anal_pc5_c21_S1.filtered.gene_spectra_score.k_11.dt_0_01.txt,prerank,HALLMARK_INFLAMMATORY_RESPONSE,-0.21735539475100824,-0.8278039492318237,0.815845824411135,0.8190876512489265,1.0,78/141,53.84%,GABBR1;TNFSF10;MMP14;SLC4A4;SELL;LCP2;IL7R;TNFRSF1B;CYBB;ITGA5;LCK;ABCA1;AHR;CCL5;RASGRP1;SPHK1;PTGER4;ITGB8;IL2RB;CCR7;LDLR;STAB1;LPAR1;PCDH7;GPR132;CD14;CSF1;PVR;MXD1;CD55;IL18;OSMR;MYC;AXL;LYN;CD69;PTPRE;IL1R1;PIK3R5;SEMA4D;DCBLD2;CD40;NFKBIA;P2RY2;PLAUR;GPC3;F3;TLR2;C3AR1;SCARF1;ITGB3;CXCR6;CDKN1A;IRF1;NAMPT;PDPN;CCL24;CALCRL;C5AR1;PTGER2;PTAFR;IL10RA;GPR183;CX3CL1;ADM;ICAM1;CCL2;CCL20;CMKLR1;EDN1;IL18R1;TLR1;PTGIR;APLNR;SLC7A2;HAS2;MET;P2RX7
11,4,anal_pc5_c21_S1.filtered.gene_spectra_score.k_11.dt_0_01.txt,prerank,HALLMARK_IL6_JAK_STAT3_SIGNALING,-0.22182264810474245,-0.7414945980478744,0.8691037735849056,0.9044902849403552,1.0,37/53,53.56%,LTB;PLA2G2A;A2M;TNFRSF21;JUN;TNFRSF1B;STAT1;FAS;IL17RA;CD14;CSF1;OSMR;IL1R1;MAP3K8;IL7;PIK3R5;CSF2RA;SOCS1;CD36;IL1R2;TLR2;ITGB3;IL2RG;HMOX1;IL12RB1;IRF1;IL2RA;IL3RA;TNF;CXCL1;IL17RB;PIM1;PDGFC;IL18R1;IL9R;SOCS3;TNFRSF12A
11,4,anal_pc5_c21_S1.filtered.gene_spectra_score.k_11.dt_0_01.txt,prerank,HALLMARK_SPERMATOGENESIS,-0.21731855658655663,-0.6781997967734068,0.9112149532710281,0.9370995468041882,1.0,18/36,55.70%,SLC12A2;EZH2;ACE;CDK1;JAM3;CAMK4;GSTM3;CSNK2A2;LPIN1;HSPA2;SHE;CCNB2;KIF2C;HSPA4L;AURKA;NEK2;BUB1;TTK
11,5,anal_pc5_c21_S1.filtered.gene_spectra_score.k_11.dt_0_01.txt,prerank,HALLMARK_EPITHELIAL_MESENCHYMAL_TRANSITION,0.7958348954011404,2.285505878075986,0.0,0.0,0.0,113/164,16.70%,ACTA2;MYL9;TAGLN;COL6A2;CALD1;TPM2;MYLK;COL6A3;COL3A1;COL4A2;COL1A1;TPM1;COL16A1;GREM1;COL1A2;FLNA;TNC;SPARC;COL5A1;COL12A1;COL4A1;BGN;FN1;MMP2;COL5A2;PDGFRB;FSTL1;TGM2;LUM;MFAP5;DCN;FBLN1;CCN1;THY1;PRRX1;LAMC1;PCOLCE;POSTN;ELN;CDH11;NID2;PMP22;NNMT;ABI3BP;LOXL2;ITGB3;FBN1;CCN2;VCAN;THBS1;LRP1;LAMA2;VCAM1;MATN2;EFEMP2;COL11A1;MMP14;LOXL1;SGCD;EDIL3;SERPINH1;IGFBP3;CXCL12;INHBA;GEM;MXRA5;HTRA1;GJA1;ECM2;TIMP3;NTM;THBS2;FBLN5;FGF2;DST;DPYSL3;TGFBR3;WNT5A;COL5A3;CTHRC1;TGFBI;RHOB;SLIT3;PDLIM4;PLOD2;MMP1;SNAI2;SFRP4;TIMP1;COMP;CXCL1;CDH6;IGFBP4;SPOCK1;BMP1;PFN2;MGP;FAP;COL7A1;CADM1;LOX;TNFRSF12A;GPC1;RGS4;MMP3;SERPINE2;CXCL6;CRLF1;ADAM12;SFRP1;LRRC15;PMEPA1;JUN
11,5,anal_pc5_c21_S1.filtered.gene_spectra_score.k_11.dt_0_01.txt,prerank,HALLMARK_MYOGENESIS,0.7650417113674761,2.176962256164208,0.0,0.0,0.0,54/112,13.52%,TAGLN;COL6A2;TPM2;MYLK;COL6A3;COL3A1;AEBP1;COL4A2;COL1A1;MYH11;SPARC;DES;SMTN;SORBS1;FHL1;PDLIM7;CACNA1H;SPEG;IGFBP7;DTNA;ITGA7;LDB3;HSPB8;LAMA2;GNAO1;CRYAB;DMD;SGCD;IGFBP3;GSN;SGCA;COX7A1;CASQ2;EFS;PTGIS;FGF2;KIFC3;NCAM1;CNN3;SOD3;WWTR1;BDKRB2;KCNH2;COL15A1;SVIL;CDH13;PPP1R3C;CFD;GPX3;APOD;PYGM;MYOM1;MYL3;NAV2
11,5,anal_pc5_c21_S1.filtered.gene_spectra_score.k_11.dt_0_01.txt,prerank,HALLMARK_UV_RESPONSE_DN,0.7118451109128877,1.950185007491195,0.0,0.0,0.0,28/69,10.38%,COL3A1;COL1A1;COL1A2;IGFBP5;RBPMS;LTBP1;COL5A2;PDGFRB;CCN1;LAMC1;F3;PMP22;ITGB3;CAV1;SDC2;COL11A1;DLC1;PRKAR2B;KCNMA1;MAP1B;GJA1;FBLN5;ADGRL2;LPAR1;TGFBR3;PTGFR;FHL2;KALRN
11,5,anal_pc5_c21_S1.filtered.gene_spectra_score.k_11.dt_0_01.txt,prerank,HALLMARK_ALLOGRAFT_REJECTION,-0.45324530631303944,-1.935826636914371,0.0,0.005038937242327073,0.002036659877800407,62/121,19.36%,IL2RG;ITGAL;CD74;CTSS;LTB;CD2;CD79A;PTPRC;IL16;PTPN6;CD96;FYB1;SRGN;HCLS1;ZAP70;MAP4K1;FGR;ITGB2;STAB1;ST8SIA4;NCF4;CD3E;PRKCB;ITK;IRF8;CD3D;LCP2;IRF4;LCK;CD40;LY75;IL2RB;CD28;ETS1;IL12RB1;CD247;IRF7;CD8A;WAS;CCL5;TLR6;NOS2;CD7;CD4;CCR5;STAT4;SIT1;CD3G;GPR65;TLR1;ICAM1;GZMA;SPI1;CCND3;CD1D;TRAT1;CCND2;CD80;IL2RA;PRF1;LY86;CD40LG
11,5,anal_pc5_c21_S1.filtered.gene_spectra_score.k_11.dt_0_01.txt,prerank,HALLMARK_COAGULATION,0.6673378227547558,1.842999081537624,0.0,0.0,0.0,30/79,12.72%,SPARC;C1S;CSRP1;FN1;MMP2;C1R;A2M;F3;SERPING1;MMP11;C3;ITGB3;FBN1;THBS1;LRP1;PLAT;CTSK;MMP14;GSN;HTRA1;TIMP3;CFH;CPQ;C2;CFD;MMP1;TIMP1;COMP;BMP1;F10
11,5,anal_pc5_c21_S1.filtered.gene_spectra_score.k_11.dt_0_01.txt,prerank,HALLMARK_PI3K_AKT_MTOR_SIGNALING,-0.508038303140992,-1.7057897195134069,0.014184397163120567,0.03401282638570774,0.025458248472505093,15/32,24.28%,IL2RG;ITPR2;VAV3;SLA;PRKCB;PDK1;LCK;DAPP1;HSP90B1;CXCR4;MAP2K3;MKNK2;FASLG;NOD1;CAMK4
11,5,anal_pc5_c21_S1.filtered.gene_spectra_score.k_11.dt_0_01.txt,prerank,HALLMARK_ADIPOGENESIS,0.6376840166852882,1.69435014138059,0.0011376564277588168,0.0066609476711914015,0.038,21/51,18.58%,MYLK;SORBS1;COL4A1;LAMA4;ITIH5;PHLDB1;ITGA7;HSPB8;CAVIN1;C3;SPARCL1;PTGER3;COL15A1;GPX3;ABCA1;APOE;OMD;FZD4;CAVIN2;CDKN2C;SNCG
11,5,anal_pc5_c21_S1.filtered.gene_spectra_score.k_11.dt_0_01.txt,prerank,HALLMARK_ANGIOGENESIS,0.6620030715128628,1.6259105335878534,0.008403361344537815,0.015125902003330473,0.093,17/29,21.72%,COL3A1;COL5A2;FSTL1;LUM;POSTN;VCAN;FGFR1;S100A4;TIMP1;KCNJ8;CXCL6;JAG1;SERPINA5;VEGFA;STC1;LPL;VAV2
11,5,anal_pc5_c21_S1.filtered.gene_spectra_score.k_11.dt_0_01.txt,prerank,HALLMARK_HYPOXIA,0.5336373682911755,1.5218390731868143,0.00205761316872428,0.050789725992834434,0.323,36/111,19.62%,COL5A1;BGN;TGM2;DTNA;DCN;CCN1;SDC3;F3;CAVIN1;CAV1;CCN2;SDC2;IGFBP3;AKAP12;CAVIN3;SRPX;PAM;S100A4;TGFBI;PPP1R3C;PYGM;CDKN1C;LOX;GPC1;P4HA2;JUN;PGF;GPC4;ACKR3;GPC3;TMEM45A;CCN5;MT2A;TGFB3;VEGFA;STC1
11,5,anal_pc5_c21_S1.filtered.gene_spectra_score.k_11.dt_0_01.txt,prerank,HALLMARK_APICAL_JUNCTION,0.525609457003576,1.4832952577863068,0.007268951194184839,0.06744209517081294,0.452,29/101,14.22%,MYL9;ACTG2;COL16A1;MMP2;SPEG;NEXN;NFASC;THY1;SDC3;CDH11;NLGN2;NEGR1;FLNC;CADM3;FBN1;VCAN;VCAM1;JAM3;EPB41L2;CERCAM;KCNH2;TGFBI;CX3CL1;ITGA9;MAP3K20;CDH6;BMP1;THBS3;ADAMTS5
11,5,anal_pc5_c21_S1.filtered.gene_spectra_score.k_11.dt_0_01.txt,prerank,HALLMARK_HEDGEHOG_SIGNALING,0.657532747686139,1.4812384696609517,0.04308093994778068,0.061336226472220826,0.456,10/17,25.54%,THY1;UNC5C;L1CAM;DPYSL2;CRMP1;NRP2;VEGFA;NRCAM;VLDLR;RTN1
11,5,anal_pc5_c21_S1.filtered.gene_spectra_score.k_11.dt_0_01.txt,prerank,HALLMARK_APOPTOSIS,0.5013667951883277,1.383330236988275,0.033862433862433865,0.1537846293586315,0.811,22/79,16.82%,TIMP2;BGN;MMP2;PDGFRB;LUM;DCN;CAV1;PLPPR4;PLAT;GSN;TIMP3;IGFBP6;TGFBR3;AVPR1A;RHOB;GPX3;TIMP1;HGF;IFITM3;TNFRSF12A;JUN;CLU
11,5,anal_pc5_c21_S1.filtered.gene_spectra_score.k_11.dt_0_01.txt,prerank,HALLMARK_INTERFERON_GAMMA_RESPONSE,-0.3262543341839753,-1.3820427350443956,0.0,0.19315926095587113,0.20162932790224034,38/111,16.32%,CD74;CIITA;NLRC5;ITGB7;PTPN6;RNF213;IL10RA;SLAMF7;SELP;ST8SIA4;ZBP1;CASP8;BANK1;ISG20;IRF8;LCP2;IRF4;IRF1;TRIM14;CSF2RB;CD40;SP110;IL2RB;SAMD9L;RAPGEF6;IFI30;TRIM25;OAS2;IRF7;CD69;CCL5;PARP14;KLRK1;STAT4;SAMHD1;PNP;ICAM1;GZMA
11,5,anal_pc5_c21_S1.filtered.gene_spectra_score.k_11.dt_0_01.txt,prerank,HALLMARK_E2F_TARGETS,0.4978144668618013,1.3359862425417712,0.08231368186874305,0.2092143109451481,0.918,34/54,35.06%,CDKN2C;PTTG1;ANP32E;TCF19;CDKN2A;HMGB2;MCM2;KIF2C;TOP2A;AURKB;BIRC5;HMMR;CDC20;CDK1;DLGAP5;CDCA3;KIF4A;RRM2;CIT;NCAPD2;KIF18B;SPC25;MCM4;MYBL2;DEPDC1;CCNB2;HELLS;ESPL1;TACC3;KPNA2;CENPE;MCM6;MELK;TK1
11,5,anal_pc5_c21_S1.filtered.gene_spectra_score.k_11.dt_0_01.txt,prerank,HALLMARK_COMPLEMENT,0.4383378145799529,1.2520467158372353,0.09743589743589744,0.3746783065045163,0.991,20/122,13.34%,COL4A2;C1S;CSRP1;TIMP2;FN1;C1R;F3;SERPING1;C3;LRP1;PLAT;MMP14;CFH;CPQ;C2;CDH13;TIMP1;CXCL1;F10;DGKG
11,5,anal_pc5_c21_S1.filtered.gene_spectra_score.k_11.dt_0_01.txt,prerank,HALLMARK_G2M_CHECKPOINT,0.45808670558966424,1.2513800551736154,0.13114754098360656,0.3467535643445216,0.992,44/68,35.04%,MEIS1;DMD;MEIS2;MAP3K20;ODC1;CDKN2C;MT2A;PTTG1;TPX2;MCM2;KIF2C;TOP2A;CENPF;AURKB;NEK2;BIRC5;NUSAP1;HMMR;PRC1;CDC20;KIF23;CDK1;FANCC;FBXO5;KIF4A;E2F1;MYBL2;TTK;EXO1;CCNB2;RAD54L;KIF11;NDC80;KIF15;SNRPD1;ESPL1;TACC3;KPNA2;CENPE;CENPA;CCNF;MCM6;BUB1;CDC45
11,5,anal_pc5_c21_S1.filtered.gene_spectra_score.k_11.dt_0_01.txt,prerank,HALLMARK_XENOBIOTIC_METABOLISM,0.4468343384084312,1.24127413961629,0.12974683544303797,0.34357405978993505,0.995,29/80,23.98%,FBLN1;PTGDS;SLC12A4;TMEM176B;TPST1;ATOH8;TDO2;AOX1;IGFBP4;F10;APOE;IL1R1;CES1;PTGES;CFB;CDO1;HSD11B1;NINJ1;ENPEP;MT2A;TGFB2;AKR1C2;MAN1A1;PTGR1;FMO3;EPHX1;AKR1C3;SERPINE1;PDK4
11,5,anal_pc5_c21_S1.filtered.gene_spectra_score.k_11.dt_0_01.txt,prerank,HALLMARK_UNFOLDED_PROTEIN_RESPONSE,-0.4043839603886989,-1.2272321872130816,0.17209302325581396,0.36973202015574896,0.4429735234215886,11/23,22.20%,HERPUD1;NABP1;XBP1;ERO1A;ERN1;HSP90B1;DDIT4;SHC1;DNAJB9;DNAJA4;HSPA5
11,5,anal_pc5_c21_S1.filtered.gene_spectra_score.k_11.dt_0_01.txt,prerank,HALLMARK_GLYCOLYSIS,0.4269912643786165,1.161670139948247,0.24145299145299146,0.5282131503254781,0.999,17/67,19.62%,COL5A1;CACNA1H;DCN;SDC3;VCAN;SDC2;IGFBP3;TPST1;PAM;TGFBI;PLOD2;GPC1;P4HA2;GPC4;GPC3;VEGFA;STC1
11,5,anal_pc5_c21_S1.filtered.gene_spectra_score.k_11.dt_0_01.txt,prerank,HALLMARK_INTERFERON_ALPHA_RESPONSE,-0.3086539028337338,-1.1568398578593004,0.13636363636363635,0.42478240952817226,0.5672097759674134,14/50,15.06%,CD74;SELL;LPAR6;CASP8;ISG20;IRF1;TRIM14;SP110;SAMD9L;IFI30;TRIM25;IRF7;PARP14;OAS1
11,5,anal_pc5_c21_S1.filtered.gene_spectra_score.k_11.dt_0_01.txt,prerank,HALLMARK_TGF_BETA_SIGNALING,0.48395611693113805,1.1376692641332304,0.3148614609571788,0.5638388126356159,1.0,9/24,23.70%,LTBP2;THBS1;WWTR1;CDKN1C;PMEPA1;RAB31;BMP2;TJP1;SERPINE1
11,5,anal_pc5_c21_S1.filtered.gene_spectra_score.k_11.dt_0_01.txt,prerank,HALLMARK_DNA_REPAIR,-0.3511897565618445,-1.0597018082675531,0.37745098039215685,0.6025729118949458,0.7484725050916496,8/22,26.16%,AK1;HCLS1;VPS37B;PNP;STX3;CDA;CMPK2;NT5C3A
11,5,anal_pc5_c21_S1.filtered.gene_spectra_score.k_11.dt_0_01.txt,prerank,HALLMARK_APICAL_SURFACE,0.4309929717527813,1.0419306566035886,0.42428035043804757,0.8171905286310922,1.0,6/27,11.72%,THY1;SCUBE1;SRPX;SLC2A4;CX3CL1;DCBLD2
11,5,anal_pc5_c21_S1.filtered.gene_spectra_score.k_11.dt_0_01.txt,prerank,HALLMARK_P53_PATHWAY,-0.25841390872588954,-1.0418539043638957,0.2608695652173913,0.5776781624239251,0.7861507128309573,27/89,21.10%,DEF6;DGKA;AK1;SAT1;EPS8L2;BTG2;TRAF4;CYFIP2;FUCA1;MXD1;IFI30;KLF4;KIF13B;PTPRE;ITGB4;DDIT4;EPHA2;CCND3;MAPKAPK3;TOB1;CCND2;CTSD;PITPNC1;PLK3;UPP1;MKNK2;JAG2
11,5,anal_pc5_c21_S1.filtered.gene_spectra_score.k_11.dt_0_01.txt,prerank,HALLMARK_WNT_BETA_CATENIN_SIGNALING,0.46086188254085414,1.0156212397354807,0.4583901773533424,0.8511210913189013,1.0,6/15,25.74%,NKD1;DLL1;JAG1;RBPJ;CSNK1E;DKK1
11,5,anal_pc5_c21_S1.filtered.gene_spectra_score.k_11.dt_0_01.txt,prerank,HALLMARK_PEROXISOME,-0.3063847960976592,-1.0114643466958126,0.40236686390532544,0.5936497938616583,0.8431771894093686,3/32,3.80%,ACSL5;HSD11B2;HSD17B11
11,5,anal_pc5_c21_S1.filtered.gene_spectra_score.k_11.dt_0_01.txt,prerank,HALLMARK_MITOTIC_SPINDLE,0.3582676388373673,0.9876294843349573,0.5258064516129032,0.8902005986354087,1.0,38/77,30.00%,FLNA;PALLD;EPB41L2;GSN;SORBS2;ARHGAP10;DST;FARP1;TRIO;ARHGAP29;SYNPO;TPX2;ITSN1;FSCN1;CEP250;KIF2C;CDC42EP2;TOP2A;BIN1;CENPF;STK38L;CCDC88A;NEK2;BIRC5;ANLN;PDLIM5;NUSAP1;MID1;PRC1;KIF23;CDC42EP4;ECT2;BCAR1;NET1;CDK1;DLGAP5;FBXO5;KIF4A
11,5,anal_pc5_c21_S1.filtered.gene_spectra_score.k_11.dt_0_01.txt,prerank,HALLMARK_IL2_STAT5_SIGNALING,-0.2191593554938746,-0.985031233180501,0.5,0.5909553621418028,0.8706720977596741,55/127,25.74%,MUC1;LTB;SHE;NFKBIZ;IL10RA;XBP1;SELP;ITGA6;SELL;TNFRSF1B;NT5E;SLC39A8;CDC42SE2;IRF8;IRF4;CD79B;CCR4;TRAF1;IL2RB;CD48;MXD1;RHOH;IL1R2;IKZF2;CDCP1;HK2;ICOS;BCL2;IL3RA;CTSZ;PRKCH;PNP;ABCB1;GPR65;BATF;CTLA4;CCND3;CST7;CCND2;IL2RA;MAP3K8;CISH;TNFRSF4;CD83;RORA;CA2;TNFSF10;PHTF2;AGER;EOMES;TNFRSF21;ST3GAL4;TTC39B;MYC;TLR7
11,5,anal_pc5_c21_S1.filtered.gene_spectra_score.k_11.dt_0_01.txt,prerank,HALLMARK_TNFA_SIGNALING_VIA_NFKB,0.337412235199008,0.9674945712157503,0.5816326530612245,0.9032245042135539,1.0,35/150,20.28%,TNC;CCN1;F3;PER1;INHBA;GEM;CSF1;TNFAIP6;RHOB;EGR1;CXCL1;DRAM1;CCL2;MSC;ABCA1;PHLDA1;TUBB2A;GFPT2;FJX1;PLPP3;SPSB1;CXCL6;PLK2;PMEPA1;JUN;JAG1;ACKR3;NINJ1;PLAU;KLF9;BMP2;VEGFA;PTX3;SOD2;FOS
11,5,anal_pc5_c21_S1.filtered.gene_spectra_score.k_11.dt_0_01.txt,prerank,HALLMARK_BILE_ACID_METABOLISM,0.37653341721337513,0.9581829802572684,0.5658362989323843,0.8849544763154291,1.0,10/37,17.46%,HSD17B6;CH25H;ABCA8;ABCA6;DIO2;CYP7B1;ABCA1;FADS2;AR;RBP1
11,5,anal_pc5_c21_S1.filtered.gene_spectra_score.k_11.dt_0_01.txt,prerank,HALLMARK_UV_RESPONSE_UP,0.33860920749528034,0.9080607561212609,0.6376496191512514,0.9690165009840037,1.0,19/66,23.04%,NTRK3;PDLIM3;MMP14;DLG4;RRAD;KCNH2;RHOB;OLFM1;GPX3;CDKN1C;CDO1;NPTX2;BMP2;SOD2;FOS;PPT1;LHX2;HSPA2;EPHX1
11,5,anal_pc5_c21_S1.filtered.gene_spectra_score.k_11.dt_0_01.txt,prerank,HALLMARK_ESTROGEN_RESPONSE_EARLY,0.30227732400181606,0.8576759056209177,0.7763975155279503,1.0,1.0,22/118,15.84%,TGM2;HSPB8;PDLIM3;OLFML3;SLC24A3;PGR;DLC1;CXCL12;GJA1;GFRA1;FHL2;SVIL;NBL1;OLFM1;THSD4;IGFBP4;TUBB2B;FARP1;NAV2;SLC7A2;PTGES;AR
11,5,anal_pc5_c21_S1.filtered.gene_spectra_score.k_11.dt_0_01.txt,prerank,HALLMARK_MTORC1_SIGNALING,-0.20632171676722097,-0.8460538254327002,0.7794117647058824,0.8485570316078791,0.9786150712830958,22/72,23.08%,CORO1A;XBP1;ITGB2;SLA;BTG2;PDK1;IFI30;ERO1A;HK2;DAPP1;PNP;HSP90B1;DDIT4;CXCR4;MAP2K3;SDF2L1;HMGCR;LTA4H;EGLN3;TUBA4A;HSPA5;LGMN
11,5,anal_pc5_c21_S1.filtered.gene_spectra_score.k_11.dt_0_01.txt,prerank,HALLMARK_ESTROGEN_RESPONSE_LATE,0.2864349215792576,0.8149274012698098,0.8198757763975155,1.0,1.0,21/106,18.78%,HSPB8;PDLIM3;CXCL14;CAV1;SLC24A3;PGR;PRKAR2B;CXCL12;PTGER3;NBL1;OLFM1;SCUBE2;IGFBP4;CPE;FARP1;PTGES;NAB2;NPY1R;SERPINA5;CCN5;RAB31
11,5,anal_pc5_c21_S1.filtered.gene_spectra_score.k_11.dt_0_01.txt,prerank,HALLMARK_KRAS_SIGNALING_DN,0.28793137659726675,0.7944396504234132,0.8067940552016986,1.0,1.0,7/78,8.98%,KCNMB1;ZBTB16;RGS11;GDNF;SOX10;RYR2;PTGFR
11,5,anal_pc5_c21_S1.filtered.gene_spectra_score.k_11.dt_0_01.txt,prerank,HALLMARK_IL6_JAK_STAT3_SIGNALING,0.29157479259456104,0.7771898894895677,0.8187919463087249,1.0,1.0,10/53,16.70%,A2M;ITGB3;OSMR;PDGFC;CSF1;CXCL13;CXCL1;IL1R1;TNFRSF12A;JUN
11,5,anal_pc5_c21_S1.filtered.gene_spectra_score.k_11.dt_0_01.txt,prerank,HALLMARK_KRAS_SIGNALING_UP,0.27020965826443727,0.7736177055595557,0.8808553971486762,1.0,1.0,27/131,18.40%,ADGRA2;PRRX1;TMEM158;ANO1;MMP11;PLAT;IGFBP3;INHBA;AKAP12;SPARCL1;TMEM176B;CFH;ALDH1A3;ITGBL1;GUCY1A1;TMEM176A;DCBLD2;APOD;CPE;FGF9;GFPT2;CFB;GADD45G;HSD11B1;PLAU;ADAMDEC1;ETV1
11,5,anal_pc5_c21_S1.filtered.gene_spectra_score.k_11.dt_0_01.txt,prerank,HALLMARK_INFLAMMATORY_RESPONSE,0.2561173368135488,0.735936401512927,0.9303991811668373,1.0,1.0,24/141,17.64%,F3;PCDH7;ITGB3;OSMR;MMP14;INHBA;AXL;PDPN;CSF1;LPAR1;TNFAIP6;CX3CL1;NMUR1;DCBLD2;GABBR1;TIMP1;CCL2;ABCA1;SLC7A2;IL1R1;CXCL6;BEST1;GPC3;HAS2
11,5,anal_pc5_c21_S1.filtered.gene_spectra_score.k_11.dt_0_01.txt,prerank,HALLMARK_ANDROGEN_RESPONSE,0.26878112691367345,0.6863863905111715,0.9094117647058824,1.0,1.0,12/41,26.30%,PLPP1;AKAP12;ADAMTS1;ALDH1A3;GUCY1A1;PMEPA1;ABCC4;STEAP4;LIFR;PDLIM5;INPP4B;NKX3-1
11,5,anal_pc5_c21_S1.filtered.gene_spectra_score.k_11.dt_0_01.txt,prerank,HALLMARK_FATTY_ACID_METABOLISM,-0.18094631601486072,-0.6620736507532904,0.9927007299270073,0.9642693540998626,0.9969450101832994,7/44,18.20%,ACSL5;HSD17B11;MAOA;GLUL;CA4;CD1D;ACSS1
11,5,anal_pc5_c21_S1.filtered.gene_spectra_score.k_11.dt_0_01.txt,prerank,HALLMARK_SPERMATOGENESIS,0.2613466237391908,0.6605955018260594,0.9066193853427896,1.0,1.0,17/36,32.62%,JAM3;SEPTIN4;ART3;GSTM3;HSPA2;KIF2C;HSPA4L;NEK2;TEKT2;IL13RA2;TCP11;CDK1;DMC1;PCSK1N;TTK;CCNB2;DCC
11,5,anal_pc5_c21_S1.filtered.gene_spectra_score.k_11.dt_0_01.txt,prerank,HALLMARK_HEME_METABOLISM,0.21738623977475377,0.570833214730018,0.9790055248618784,1.0,1.0,2/55,3.84%,TNS1;C3
11,5,anal_pc5_c21_S1.filtered.gene_spectra_score.k_11.dt_0_01.txt,prerank,HALLMARK_CHOLESTEROL_HOMEOSTASIS,0.22139769691489294,0.5518793662649308,0.9802325581395349,1.0,1.0,8/35,23.46%,AVPR1A;TNFRSF12A;FADS2;CLU;JAG1;NIBAN1;LPL;ERRFI1
11,5,anal_pc5_c21_S1.filtered.gene_spectra_score.k_11.dt_0_01.txt,prerank,HALLMARK_REACTIVE_OXYGEN_SPECIES_PATHWAY,0.18043191989884483,0.4075332328761348,0.9960369881109643,0.9995458444769643,1.0,4/19,20.90%,GPX3;SOD2;FTL;TXNRD1
11,6,anal_pc5_c21_S1.filtered.gene_spectra_score.k_11.dt_0_01.txt,prerank,HALLMARK_ALLOGRAFT_REJECTION,-0.5288445631891551,-2.3033691765481064,0.0,0.0,0.0,69/121,23.84%,ITGAL;CTSS;IL2RG;CD79A;IL16;CCND2;CD2;LTB;PTPN6;ZAP70;FYB1;PTPRC;MAP4K1;CD96;ITGB2;HCLS1;IRF8;PRKCB;CD4;CD3E;CD3D;IRF4;NCF4;C2;LCK;SPI1;FAS;CD74;CD28;CCL5;LCP2;CD8A;ITK;WAS;IL12RB1;CD247;LY75;IL2RB;SIT1;CCL11;CD7;CCR5;STAT4;CXCR3;CD3G;FCGR2B;CAPG;IL2RA;LY86;PRF1;CCL2;GZMA;CD40LG;TRAT1;IL27RA;GPR65;CD86;TLR6;TNF;IL18;CCR2;FASLG;CCR1;CD1D;KLRD1;CCL4;NOS2;CCL13;LYN
11,6,anal_pc5_c21_S1.filtered.gene_spectra_score.k_11.dt_0_01.txt,prerank,HALLMARK_TGF_BETA_SIGNALING,0.7405365141211097,1.4800123564212144,0.021889400921658985,0.28189172370877413,0.254,8/24,10.40%,ENG;ID1;SMAD6;TJP1;SERPINE1;SMAD1;ID3;WWTR1
11,6,anal_pc5_c21_S1.filtered.gene_spectra_score.k_11.dt_0_01.txt,prerank,HALLMARK_COAGULATION,0.666633198391892,1.4649148409361759,0.00508646998982706,0.17594897324206596,0.31,18/79,10.66%,VWF;PECAM1;THBD;CRIP2;CLU;CFI;RAPGEF3;TIMP3;PDGFB;PRSS23;FBN1;SPARC;SERPINE1;HTRA1;A2M;ITGB3;GSN;DUSP6
11,6,anal_pc5_c21_S1.filtered.gene_spectra_score.k_11.dt_0_01.txt,prerank,HALLMARK_APICAL_JUNCTION,0.6696939864502032,1.455840039944407,0.0010050251256281408,0.13378967019290602,0.351,23/101,9.68%,CLDN5;VWF;PECAM1;CD34;ADAM15;SHC1;ITGA9;MAPK11;ITGB4;TJP1;PIK3R3;ICAM2;FLNC;FBN1;ICAM1;TSPAN4;PCDH1;CLDN11;MPZL2;JAM3;CX3CL1;CERCAM;SIRPA
11,6,anal_pc5_c21_S1.filtered.gene_spectra_score.k_11.dt_0_01.txt,prerank,HALLMARK_ADIPOGENESIS,0.6682106074020239,1.4470092560838081,0.017671517671517672,0.11224331051649035,0.387,14/51,11.28%,ENPP2;SPARCL1;LIFR;COL15A1;FZD4;COL4A1;SNCG;CAVIN1;CAVIN2;FABP4;PHLDB1;CD36;PIM3;LAMA4
11,6,anal_pc5_c21_S1.filtered.gene_spectra_score.k_11.dt_0_01.txt,prerank,HALLMARK_HEDGEHOG_SIGNALING,0.7282608775032787,1.3758051016010793,0.06888068880688807,0.24250155569383947,0.712,6/17,9.50%,NRP2;NRP1;DPYSL2;L1CAM;CELSR1;HEY1
11,6,anal_pc5_c21_S1.filtered.gene_spectra_score.k_11.dt_0_01.txt,prerank,HALLMARK_GLYCOLYSIS,-0.33850892212016137,-1.3248012086777599,0.038461538461538464,0.2310640216411181,0.20647321428571427,16/67,14.56%,DCN;ELF3;COL5A1;TFF3;B3GNT3;CXCR4;QSOX1;VCAN;ISG20;ERO1A;GLRX;HK2;CITED2;CHPF;VEGFA;DSC2
11,6,anal_pc5_c21_S1.filtered.gene_spectra_score.k_11.dt_0_01.txt,prerank,HALLMARK_UV_RESPONSE_DN,0.606271406479126,1.317855766091762,0.0560081466395112,0.39934660858742993,0.909,24/69,12.90%,TGFBR2;CAV1;PTPRM;ID1;KALRN;NRP1;TFPI;TJP1;PIK3R3;SERPINE1;PLPP3;EFEMP1;MET;NFIB;PLCB4;DUSP1;DLC1;LAMC1;ITGB3;ADGRL2;GJA1;PDLIM5;ICA1;SYNE1
11,6,anal_pc5_c21_S1.filtered.gene_spectra_score.k_11.dt_0_01.txt,prerank,HALLMARK_ANGIOGENESIS,0.6342443319093594,1.3067591261990839,0.12977983777520277,0.38390079118143833,0.942,5/29,6.10%,SLCO2A1;THBD;JAG2;NRP1;JAG1
11,6,anal_pc5_c21_S1.filtered.gene_spectra_score.k_11.dt_0_01.txt,prerank,HALLMARK_MITOTIC_SPINDLE,0.5989934303750654,1.2769570887867345,0.07250755287009064,0.4520068450528936,0.982,21/77,19.82%,SYNPO;ARHGAP29;ARAP3;RAPGEF5;DOCK4;PXN;BCAR1;SORBS2;CDC42EP2;GSN;MID1;FSCN1;NEDD9;PDLIM5;DST;FLNB;FARP1;ARHGEF2;TRIO;ITSN1;CCDC88A
11,6,anal_pc5_c21_S1.filtered.gene_spectra_score.k_11.dt_0_01.txt,prerank,HALLMARK_SPERMATOGENESIS,0.6100951075746299,1.2580385251152475,0.14798694232861806,0.4790499896287077,0.988,4/36,7.02%,SHE;ACE;GPR182;JAM3
11,6,anal_pc5_c21_S1.filtered.gene_spectra_score.k_11.dt_0_01.txt,prerank,HALLMARK_MTORC1_SIGNALING,-0.3142001835369612,-1.2322238481514152,0.16666666666666666,0.26525398256687704,0.33035714285714285,18/72,13.76%,CORO1A;XBP1;CXCR4;SYTL2;ITGB2;IFI30;CTSC;SLA;NUPR1;PDK1;ERO1A;IGFBP5;BTG2;GLRX;HK2;LGMN;DAPP1;HSP90B1
11,6,anal_pc5_c21_S1.filtered.gene_spectra_score.k_11.dt_0_01.txt,prerank,HALLMARK_KRAS_SIGNALING_UP,0.5552590269457578,1.2196368136258642,0.0823293172690763,0.5978531425015557,0.998,20/131,6.96%,PLVAP;PECAM1;ENG;ADGRL4;TMEM100;IL33;FLT4;SPARCL1;GNG11;ACE;RELN;NRP1;TFPI;TSPAN7;ALDH1A2;CPE;ADGRA2;EMP1;GUCY1A1;MPZL2
11,6,anal_pc5_c21_S1.filtered.gene_spectra_score.k_11.dt_0_01.txt,prerank,HALLMARK_MYOGENESIS,0.5482517798097006,1.2002845445880952,0.12650602409638553,0.6320925496407762,0.999,23/112,11.90%,APLNR;CLU;GJA5;IGFBP7;COL15A1;ITGB4;MAPK12;SPHK1;COL4A2;PTP4A3;SPARC;CNN3;KIFC3;COX7A1;TEAD4;CD36;GSN;IGFBP3;WWTR1;PDLIM7;PPP1R3C;SORBS3;CDH13
11,6,anal_pc5_c21_S1.filtered.gene_spectra_score.k_11.dt_0_01.txt,prerank,HALLMARK_WNT_BETA_CATENIN_SIGNALING,0.6128175414504521,1.1469993214109697,0.35050251256281406,0.8427971375233353,1.0,7/15,19.18%,JAG2;JAG1;HEY1;DLL1;CSNK1E;LEF1;FRAT1
11,6,anal_pc5_c21_S1.filtered.gene_spectra_score.k_11.dt_0_01.txt,prerank,HALLMARK_INFLAMMATORY_RESPONSE,0.512621068742467,1.122949736278779,0.22066198595787362,0.9003159255181656,1.0,31/141,15.84%,APLNR;CALCRL;ITGA5;TACR1;SCARF1;SPHK1;ICAM1;SERPINE1;EDN1;PTAFR;MET;IL1R1;OSMR;VIP;SELE;GABBR1;CX3CL1;AHR;PTPRE;ITGB3;CMKLR1;CD55;NFKBIA;PDPN;SCN1B;TNFSF10;STAB1;RGS16;ADM;INHBA;LDLR
11,6,anal_pc5_c21_S1.filtered.gene_spectra_score.k_11.dt_0_01.txt,prerank,HALLMARK_PEROXISOME,-0.3202325263636605,-1.0833964650778383,0.2553191489361702,0.38322813345356177,0.5301339285714286,9/32,21.64%,HSD11B2;ACSL5;HSD17B11;NR1I2;CAT;ACOX1;SEMA3C;ECI2;ABCD2
11,6,anal_pc5_c21_S1.filtered.gene_spectra_score.k_11.dt_0_01.txt,prerank,HALLMARK_BILE_ACID_METABOLISM,-0.2976237741818784,-1.0551064708096898,0.3561643835616438,0.34761045987376016,0.5926339285714286,11/37,13.86%,ACSL5;TFCP2L1;ABCA8;NR3C2;LCK;ABCA6;HSD17B11;SULT1B1;HSD17B6;NR1I2;CAT
11,6,anal_pc5_c21_S1.filtered.gene_spectra_score.k_11.dt_0_01.txt,prerank,HALLMARK_HEME_METABOLISM,0.48346162948929966,1.0411792267548954,0.4554865424430642,1.0,1.0,12/55,17.12%,ACKR1;LMO2;BCAM;SEC14L1;TNS1;SNCA;DMTN;MPP1;KLF3;OSBP2;HBB;HBD
11,6,anal_pc5_c21_S1.filtered.gene_spectra_score.k_11.dt_0_01.txt,prerank,HALLMARK_UV_RESPONSE_UP,0.47932013924208294,1.0300673446275896,0.4749232343909928,1.0,1.0,12/66,17.18%,HYAL2;RHOB;FGF18;ICAM1;OLFM1;DLG4;NFKBIA;CXCL2;MSX1;ABCB1;HSPA2;EPHX1
11,6,anal_pc5_c21_S1.filtered.gene_spectra_score.k_11.dt_0_01.txt,prerank,HALLMARK_EPITHELIAL_MESENCHYMAL_TRANSITION,0.4599395514574906,1.0217855588507456,0.47047047047047047,1.0,1.0,45/164,18.02%,VEGFC;ITGA5;TIMP3;IGFBP4;COL4A1;RHOB;CCN2;MGP;FBLN2;COL4A2;ELN;FBN1;SPARC;SERPINE1;NNMT;FOXC2;HTRA1;CTHRC1;FAP;LAMC1;CXCL12;ITGB3;IGFBP3;CALD1;SERPINH1;PTX3;GJA1;BMP1;PDLIM4;BGN;DST;THBS1;MSX1;DPYSL3;PTHLH;LOXL2;INHBA;SERPINE2;ITGA2;PVR;TGFBR3;TGM2;DAB2;LAMA3;LOX
11,6,anal_pc5_c21_S1.filtered.gene_spectra_score.k_11.dt_0_01.txt,prerank,HALLMARK_APICAL_SURFACE,0.5034670281570155,1.0161568837124804,0.5005688282138794,1.0,1.0,5/27,10.38%,EPHB4;SULF2;AFAP1L2;CX3CL1;EFNA5
11,6,anal_pc5_c21_S1.filtered.gene_spectra_score.k_11.dt_0_01.txt,prerank,HALLMARK_IL6_JAK_STAT3_SIGNALING,0.46785468547672804,0.9965916519652305,0.5332640332640333,1.0,1.0,9/53,10.16%,IL3RA;LEPR;CSF2RB;IL1R1;OSMR;A2M;SOCS3;CD36;ITGB3
11,6,anal_pc5_c21_S1.filtered.gene_spectra_score.k_11.dt_0_01.txt,prerank,HALLMARK_TNFA_SIGNALING_VIA_NFKB,0.4439750891226582,0.9720977295611536,0.5951903807615231,1.0,1.0,38/150,21.12%,KLF2;RHOB;SPHK1;PLK2;ICAM1;SERPINE1;PLPP3;EDN1;JAG1;DUSP1;SOCS3;PTPRE;KLF9;EFNA1;NFKBIA;NFAT5;PTX3;PDLIM5;CXCL2;PTGS2;MAP3K8;IER5;INHBA;LDLR;TNFAIP2;SGK1;ACKR3;TSC22D1;PER1;HBEGF;DRAM1;IFIT2;DUSP5;FJX1;PPP1R15A;NAMPT;SPSB1;TUBB2A
11,6,anal_pc5_c21_S1.filtered.gene_spectra_score.k_11.dt_0_01.txt,prerank,HALLMARK_ANDROGEN_RESPONSE,0.4638549256847084,0.963232841666176,0.5845824411134903,1.0,1.0,12/41,18.62%,LIFR;GUCY1A1;ADAMTS1;ABCC4;PLPP1;NDRG1;AKAP12;PDLIM5;STEAP4;SGK1;TSC22D1;MERTK
11,6,anal_pc5_c21_S1.filtered.gene_spectra_score.k_11.dt_0_01.txt,prerank,HALLMARK_INTERFERON_ALPHA_RESPONSE,0.4494390253569881,0.948296552310598,0.619644723092999,1.0,1.0,17/50,19.34%,IFITM3;IFITM2;IFI44L;IFI44;IFI27;TRIM25;GBP4;LAP3;NCOA7;GMPR;HELZ2;DDX60;TMEM140;MX1;PARP14;IFIT2;CMPK2
11,6,anal_pc5_c21_S1.filtered.gene_spectra_score.k_11.dt_0_01.txt,prerank,HALLMARK_APOPTOSIS,0.43432783626671334,0.9431327474136192,0.63248730964467,1.0,1.0,13/79,14.08%,CLU;TIMP3;CAV1;RHOB;IFITM3;EMP1;RARA;GSN;CDC25B;NEDD9;BGN;TNFSF10;HGF
11,6,anal_pc5_c21_S1.filtered.gene_spectra_score.k_11.dt_0_01.txt,prerank,HALLMARK_P53_PATHWAY,0.41672635329088936,0.9077039398047879,0.707193515704154,1.0,1.0,24/89,20.98%,TM4SF1;JAG2;ITGB4;SPHK1;PLK2;ZBTB16;UPP1;PTPRE;INHBB;PITPNC1;NDRG1;CDH13;EPHA2;RGS16;TCN2;IER5;EPHX1;TSC22D1;HBEGF;DDIT4;DRAM1;PPP1R15A;KRT17;TP63
11,6,anal_pc5_c21_S1.filtered.gene_spectra_score.k_11.dt_0_01.txt,prerank,HALLMARK_CHOLESTEROL_HOMEOSTASIS,0.4286111610585151,0.8800347448100484,0.686059275521405,1.0,1.0,2/35,6.10%,CLU;JAG1
11,6,anal_pc5_c21_S1.filtered.gene_spectra_score.k_11.dt_0_01.txt,prerank,HALLMARK_HYPOXIA,0.38740323857330244,0.8524406452904397,0.8190954773869347,1.0,1.0,37/111,24.60%,CAV1;CCN2;CAVIN1;PDGFB;SERPINE1;DUSP1;CAVIN3;EFNA1;IGFBP3;STC1;NDRG1;PPP1R3C;AKAP12;BGN;SCARB1;ADM;ACKR3;TGM2;HS3ST1;GCNT2;LOX;DDIT4;SLC6A6;SDC3;PPP1R15A;PGF;GPC1;PKP1;PFKP;GPC3;SLC2A3;CCN5;ANGPTL4;PAM;IER3;TGFB3;GAA
11,6,anal_pc5_c21_S1.filtered.gene_spectra_score.k_11.dt_0_01.txt,prerank,HALLMARK_ESTROGEN_RESPONSE_EARLY,0.3642437379977248,0.800358704577513,0.8785140562248996,1.0,1.0,16/118,11.72%,PODXL;IGFBP4;PRSS23;OLFM1;SH3BP5;FOXC1;MPPED2;CELSR1;KLK10;RARA;MAST4;DLC1;ABCA3;CXCL12;INHBB;GJA1
11,6,anal_pc5_c21_S1.filtered.gene_spectra_score.k_11.dt_0_01.txt,prerank,HALLMARK_KRAS_SIGNALING_DN,0.3662381974716261,0.7970319995449942,0.8467005076142132,1.0,1.0,23/78,24.22%,SYNPO;EDN1;IFI44L;ZBTB16;PNMT;RYR2;RGS11;CLSTN3;ABCG4;SGK1;MX1;ITIH3;SNCB;DLK2;LFNG;FGFR3;SOX10;PKP1;NTF3;SLC6A3;KRT15;CD207;FGF22
11,6,anal_pc5_c21_S1.filtered.gene_spectra_score.k_11.dt_0_01.txt,prerank,HALLMARK_IL2_STAT5_SIGNALING,0.35557664872247524,0.7833278772718477,0.8865461847389559,1.0,1.0,24/127,18.32%,SHE;IL3RA;SELP;RHOB;NRP1;IFITM3;EMP1;ITGA6;PLPP1;AHR;SWAP70;NDRG1;SPRY4;GBP4;TNFSF10;RGS16;MAP3K8;PRKCH;SERPINC1;ABCB1;TGM2;SNX9;SCN9A;SYT11
11,6,anal_pc5_c21_S1.filtered.gene_spectra_score.k_11.dt_0_01.txt,prerank,HALLMARK_XENOBIOTIC_METABOLISM,0.3534953847912193,0.7765443076826417,0.8512145748987854,1.0,1.0,15/80,18.46%,IGFBP4;ATOH8;SERPINE1;BCAR1;IL1R1;BCAT1;CD36;UPP1;PDLIM5;EPHA2;PDK4;SLC12A4;EPHX1;GCNT2;SLC6A6
11,6,anal_pc5_c21_S1.filtered.gene_spectra_score.k_11.dt_0_01.txt,prerank,HALLMARK_DNA_REPAIR,0.3851935285907022,0.768663119217477,0.7637426900584795,1.0,1.0,1/22,3.20%,BCAM
11,6,anal_pc5_c21_S1.filtered.gene_spectra_score.k_11.dt_0_01.txt,prerank,HALLMARK_INTERFERON_GAMMA_RESPONSE,0.3507681857809372,0.7626242365403467,0.8952668680765358,1.0,1.0,34/111,21.56%,SELP;IFITM3;ICAM1;CSF2RB;IFITM2;IFI44L;IFI44;SOCS3;NOD1;UPP1;CMKLR1;XAF1;IFI27;NFKBIA;TRIM25;GBP4;LAP3;PTGS2;TNFSF10;IFIT1;CFH;TNFAIP2;HELZ2;DDX60;SERPING1;MX1;PARP14;IFIT2;CMPK2;IL18BP;NAMPT;IFIT3;PELI1;PFKP
11,6,anal_pc5_c21_S1.filtered.gene_spectra_score.k_11.dt_0_01.txt,prerank,HALLMARK_ESTROGEN_RESPONSE_LATE,0.3243664159019455,0.7113093583479975,0.9366834170854271,1.0,1.0,18/106,17.36%,CAV1;IGFBP4;PRSS23;CPE;SLC29A1;OLFM1;FOXC1;KLK10;ABCA3;CXCL12;LTF;SCARB1;FABP5;FLNB;HSPB8;FARP1;SGK1;PLAAT3
11,6,anal_pc5_c21_S1.filtered.gene_spectra_score.k_11.dt_0_01.txt,prerank,HALLMARK_COMPLEMENT,0.3045680130704876,0.671557548309098,0.9719719719719719,1.0,1.0,16/122,13.58%,CLU;DOCK9;PDGFB;COL4A2;DOCK4;SERPINE1;PRCP;CASP10;CD36;DUSP6;CD55;CDH13;ZEB1;LAP3;SH2B3;LTF
11,6,anal_pc5_c21_S1.filtered.gene_spectra_score.k_11.dt_0_01.txt,prerank,HALLMARK_UNFOLDED_PROTEIN_RESPONSE,0.3291689430958398,0.6554408956854104,0.8664343786295006,1.0,1.0,1/23,2.18%,SHC1
11,6,anal_pc5_c21_S1.filtered.gene_spectra_score.k_11.dt_0_01.txt,prerank,HALLMARK_PI3K_AKT_MTOR_SIGNALING,0.27604529001696365,0.5733120988985309,0.9342251950947603,1.0,1.0,5/32,16.20%,PIK3R3;PLCB1;NOD1;GNA14;PLCG1
11,6,anal_pc5_c21_S1.filtered.gene_spectra_score.k_11.dt_0_01.txt,prerank,HALLMARK_G2M_CHECKPOINT,0.24672433678481892,0.5304116349232026,0.9805725971370143,1.0,1.0,25/68,39.64%,MEIS2;EFNA5;CDC25B;FANCC;SNRPD1;SLC7A1;ODC1;MCM2;E2F1;MAP3K20;RAD54L;KPNA2;CDC45;MCM6;EXO1;ORC6;TPX2;SMC4;PRC1;MT2A;AURKA;CENPA;UBE2C;POLQ;MYBL2
11,6,anal_pc5_c21_S1.filtered.gene_spectra_score.k_11.dt_0_01.txt,prerank,HALLMARK_REACTIVE_OXYGEN_SPECIES_PATHWAY,0.2736260284317365,0.5220373684246921,0.9515738498789347,1.0,1.0,2/19,8.22%,HHEX;FES
11,6,anal_pc5_c21_S1.filtered.gene_spectra_score.k_11.dt_0_01.txt,prerank,HALLMARK_FATTY_ACID_METABOLISM,0.20895549941597127,0.4423040143430512,0.9978902953586498,1.0,1.0,6/44,18.56%,PTPRG;INMT;CD36;AQP7;EPHX1;LTC4S
11,6,anal_pc5_c21_S1.filtered.gene_spectra_score.k_11.dt_0_01.txt,prerank,HALLMARK_E2F_TARGETS,0.1660889087064674,0.3581790769443884,1.0,0.9995213249724761,1.0,52/54,72.76%,CDC25B;TCF19;MCM2;CDKN2A;KPNA2;MCM6;MCM4;MELK;ORC6;SMC4;HELLS;LIG1;AURKA;DIAPH3;MYBL2;DEPDC1;CENPM;CENPE;CDKN2C;TK1;SPC25;HMGB2;CIT;KIF2C;CDCA3;CCNB2;SPAG5;PTTG1;DLGAP5;PLK1;CDCA8;BIRC5;CKS2;RRM2;ANP32E;EZH2;TOP2A;HMMR;CDK1;POLE;AURKB;KIF18B;TACC3;MKI67;NCAPD2;ESPL1;CDC20;KIF4A;MYC;LMNB1;KIF22;CDKN1A
11,7,anal_pc5_c21_S1.filtered.gene_spectra_score.k_11.dt_0_01.txt,prerank,HALLMARK_INFLAMMATORY_RESPONSE,0.7231381621660371,1.7601880234168992,0.0,0.0008762267174043662,0.001,58/141,12.88%,STAB1;CD14;CYBB;C3AR1;CMKLR1;CCL24;TLR2;ABCA1;CSF3R;AXL;MSR1;MEFV;FPR1;RGS1;ICAM1;CLEC5A;PTAFR;MMP14;PTPRE;NLRP3;SCARF1;BEST1;C5AR1;MARCO;EBI3;IL1B;OLR1;CXCL9;PIK3R5;AHR;TNFRSF1B;IL10RA;IL18;SLC31A2;ADGRE1;PLAUR;TLR1;LAMP3;GPR132;P2RX7;AQP9;IL10;CXCL10;CCL2;SCN1B;LYN;NOD2;RNF144B;LCP2;CXCL8;PROK2;GPR183;EMP3;TIMP1;PTGIR;CHST2;NFKBIA;CCL22
11,7,anal_pc5_c21_S1.filtered.gene_spectra_score.k_11.dt_0_01.txt,prerank,HALLMARK_COMPLEMENT,0.7146760069549074,1.7481433394067412,0.0,0.0008762267174043662,0.002,44/122,12.28%,C1QC;C1QA;LGMN;PLA2G7;FCER1G;CD36;CTSB;LIPA;MMP12;CTSL;CTSC;CTSD;ITGAM;CTSH;CTSS;DOCK4;PRSS36;C2;DUSP6;MMP14;PLEK;SH2B3;PDGFB;OLR1;CEBPB;PIK3R5;TIMP2;GCA;APOC1;LAP3;PRKCD;PLAUR;LRP1;ME1;TNFAIP3;JAK2;KYNU;LYN;WAS;DOCK10;LCP2;TIMP1;CPM;CXCL1
11,7,anal_pc5_c21_S1.filtered.gene_spectra_score.k_11.dt_0_01.txt,prerank,HALLMARK_ESTROGEN_RESPONSE_EARLY,-0.3893650194114475,-1.7150873883784261,0.0,0.028846153846153848,0.013171225937183385,41/118,17.34%,FCMR;ELF3;KRT8;BCL2;AKAP1;SCNN1A;NBL1;LRIG1;CLDN7;TFF3;CA12;RAPGEFL1;MLPH;TOB1;RASGRP1;ESRP2;MUC1;BCL11B;TJP3;HES1;FHL2;SLC26A2;FLNB;KLF4;XBP1;MYB;PODXL;MAST4;MYC;OVOL2;KRT19;MYBL1;KRT15;ELOVL5;IGFBP4;CELSR1;SLC2A1;TTC39A;SVIL;NAV2;HR
11,7,anal_pc5_c21_S1.filtered.gene_spectra_score.k_11.dt_0_01.txt,prerank,HALLMARK_IL6_JAK_STAT3_SIGNALING,0.730351185334586,1.6871309293056016,0.0,0.005841511449362441,0.019,22/53,12.38%,CD14;CD36;CSF2RA;TLR2;CSF3R;HMOX1;EBI3;CCR1;IL1B;CXCL9;PIK3R5;TNFRSF21;CSF2RB;TNFRSF1B;PDGFC;IL17RA;CXCL10;ITGA4;A2M;CRLF2;CXCL1;MAP3K8
11,7,anal_pc5_c21_S1.filtered.gene_spectra_score.k_11.dt_0_01.txt,prerank,HALLMARK_E2F_TARGETS,-0.4188217924485029,-1.6143979441948697,0.0,0.043269230769230775,0.0364741641337386,47/54,55.18%,HELLS;SMC4;LIG1;MYC;KIF22;EZH2;NCAPD2;POLE;CENPM;CDC25B;TK1;KIF2C;PTTG1;MCM4;DLGAP5;KIF18B;TFRC;TOP2A;CIT;MYBL2;AURKB;CDK1;DEPDC1;TCF19;MCM2;CCNB2;ANP32E;TACC3;MCM6;SPC25;BIRC5;ESPL1;MKI67;CENPE;RRM2;KIF4A;CDCA3;MELK;LMNB1;SPAG5;PRDX4;CKS2;CDCA8;HMGB2;CDKN2C;PLK1;DIAPH3
11,7,anal_pc5_c21_S1.filtered.gene_spectra_score.k_11.dt_0_01.txt,prerank,HALLMARK_KRAS_SIGNALING_UP,0.6627382607655818,1.5889733432572462,0.0,0.032639445223312635,0.132,34/131,9.84%,FUCA1;F13A1;FCER1G;NRP1;CSF2RA;GPNMB;MAFB;C3AR1;CMKLR1;MMP9;SPP1;EPB41L3;CTSS;ITGB2;LAPTM5;IRF8;DUSP6;TMEM176B;ETV5;ENG;PLAU;LY96;IL1B;LCP1;CLEC4A;TNFRSF1B;IL10RA;TMEM176A;PTGS2;LAT2;PLAUR;TNFAIP3;CXCL10;SCN1B
11,7,anal_pc5_c21_S1.filtered.gene_spectra_score.k_11.dt_0_01.txt,prerank,HALLMARK_COAGULATION,0.6389314699727262,1.5252610631950105,0.005291005291005291,0.06624273983577009,0.305,19/79,11.82%,C1QA;LGMN;CTSB;MMP9;CTSH;C2;DUSP6;MMP14;APOC2;PLEK;PDGFB;PLAU;OLR1;APOC1;LRP1;THBD;A2M;TIMP1;PECAM1
11,7,anal_pc5_c21_S1.filtered.gene_spectra_score.k_11.dt_0_01.txt,prerank,HALLMARK_ALLOGRAFT_REJECTION,0.6173383179815929,1.5048862405054864,0.0010235414534288639,0.07506342212430736,0.399,35/121,11.08%,STAB1;CD74;SPI1;NCF4;IGSF6;CD4;MMP9;TLR2;CFP;CTSS;SRGN;ITGB2;IRF8;ICAM1;C2;CD86;NLRP3;FGR;CCR1;IL1B;CXCL9;CAPG;IL18;HCLS1;BCAT1;TLR1;FCGR2B;IL10;CD80;JAK2;CCL2;LYN;WAS;CCR2;LCP2
11,7,anal_pc5_c21_S1.filtered.gene_spectra_score.k_11.dt_0_01.txt,prerank,HALLMARK_WNT_BETA_CATENIN_SIGNALING,-0.5644151704428674,-1.4856574740260033,0.06578947368421052,0.10207100591715977,0.13069908814589665,8/15,20.04%,TCF7;CCND2;JAG1;MYC;CSNK1E;JAG2;DLL1;LEF1
11,7,anal_pc5_c21_S1.filtered.gene_spectra_score.k_11.dt_0_01.txt,prerank,HALLMARK_G2M_CHECKPOINT,-0.3522241380895834,-1.4419159230926313,0.028985507246376812,0.10706360946745563,0.1773049645390071,55/68,55.64%,SMAD3;SLC12A2;MEIS1;SMC4;MYC;KIF22;EZH2;POLE;CDC25B;SLC7A1;ODC1;NUSAP1;UBE2C;KIF2C;PTTG1;TROAP;E2F1;PRC1;RAD54L;KIF23;TOP2A;MYBL2;MEIS2;AURKB;FANCC;KIF15;CDK1;MCM2;CCNB2;TPX2;TACC3;MCM6;CENPF;CCNF;BIRC5;ESPL1;EFNA5;MKI67;CENPE;NDC80;NEK2;KIF4A;FBXO5;LMNB1;KIF20B;SNRPD1;CKS2;MT2A;SLC7A5;POLQ;CDKN2C;PLK1;INCENP;KIF11;BUB1
11,7,anal_pc5_c21_S1.filtered.gene_spectra_score.k_11.dt_0_01.txt,prerank,HALLMARK_INTERFERON_GAMMA_RESPONSE,0.593785992380526,1.441399591444627,0.008138351983723296,0.1381934708592029,0.658,28/111,11.08%,FGL2;IFI30;CD74;CMKLR1;TNFAIP2;SAMHD1;FPR1;IRF8;ICAM1;CD86;CIITA;CXCL9;SECTM1;CSF2RB;IL10RA;LAP3;IL18BP;PTGS2;IDO1;SLAMF7;TNFAIP3;CXCL10;JAK2;CCL2;SOD2;ITGB7;CD274;LCP2
11,7,anal_pc5_c21_S1.filtered.gene_spectra_score.k_11.dt_0_01.txt,prerank,HALLMARK_TNFA_SIGNALING_VIA_NFKB,0.5791038075710891,1.409788814918151,0.005025125628140704,0.1759025135189265,0.779,58/150,18.10%,SAT1;TLR2;ABCA1;TNFAIP2;ICAM1;NINJ1;PTPRE;FOS;PLEK;PLAU;DUSP1;IL1B;OLR1;CEBPB;SGK1;IL18;DRAM1;PTGS2;ZFP36;PLAUR;EGR2;NFKBIE;RNF19B;LITAF;TNFAIP3;CXCL10;CD80;KYNU;CCL2;SOD2;GPR183;FOSB;CXCL1;MAP3K8;PFKFB3;NFKBIA;PPP1R15A;TRIB1;IER3;CD83;SOCS3;BCL2A1;GADD45B;CCND1;IL6;TNFRSF9;CXCL2;IL1A;SLC2A6;PTGER4;NAMPT;NR4A2;G0S2;NR4A3;CCL4;EGR1;HBEGF;DUSP5
11,7,anal_pc5_c21_S1.filtered.gene_spectra_score.k_11.dt_0_01.txt,prerank,HALLMARK_MTORC1_SIGNALING,0.5984103070977763,1.3980458818147785,0.042105263157894736,0.17631628724658968,0.816,6/72,3.10%,FGL2;IFI30;LGMN;CTSC;CFP;ITGB2
11,7,anal_pc5_c21_S1.filtered.gene_spectra_score.k_11.dt_0_01.txt,prerank,HALLMARK_HEDGEHOG_SIGNALING,0.6787197841664797,1.3615016447966575,0.12278308321964529,0.2261541157620669,0.904,3/17,3.88%,NRP1;RTN1;NRP2
11,7,anal_pc5_c21_S1.filtered.gene_spectra_score.k_11.dt_0_01.txt,prerank,HALLMARK_XENOBIOTIC_METABOLISM,0.5559802450724004,1.327415815205793,0.06010362694300518,0.2771266136227082,0.959,12/80,10.34%,CD36;HMOX1;APOE;PDK4;IRF8;NINJ1;TMEM176B;IGF1;BCAT1;AQP9;KYNU;BLVRB
11,7,anal_pc5_c21_S1.filtered.gene_spectra_score.k_11.dt_0_01.txt,prerank,HALLMARK_ESTROGEN_RESPONSE_LATE,-0.285591190453222,-1.315609851019458,0.0,0.19393491124260354,0.3546099290780142,28/106,15.86%,LLGL2;AGR2;BCL2;SCNN1A;NBL1;ISG20;TFF3;CDH1;CKB;CA12;RAPGEFL1;TOB1;PLXNB1;TJP3;SLC26A2;FLNB;TSPAN13;KLF4;XBP1;ASS1;MYB;CXCL14;OVOL2;KRT19;MDK;ELOVL5;CA2;IGFBP4
11,7,anal_pc5_c21_S1.filtered.gene_spectra_score.k_11.dt_0_01.txt,prerank,HALLMARK_ANGIOGENESIS,0.5688139731293601,1.2403373994150257,0.2192448233861145,0.48696299819747646,0.995,8/29,11.68%,NRP1;SPP1;OLR1;TNFRSF21;VCAN;S100A4;THBD;TIMP1
11,7,anal_pc5_c21_S1.filtered.gene_spectra_score.k_11.dt_0_01.txt,prerank,HALLMARK_ADIPOGENESIS,0.5327306801549425,1.2379199233685074,0.1973392461197339,0.4563793156573048,0.995,13/51,14.94%,CD36;ABCA1;APOE;ENPP2;SCARB1;NABP1;ME1;LTC4S;ITSN1;PFKFB3;UCP2;PLIN2;LPL
11,7,anal_pc5_c21_S1.filtered.gene_spectra_score.k_11.dt_0_01.txt,prerank,HALLMARK_P53_PATHWAY,0.5110350404952722,1.2366622487317556,0.17315573770491804,0.42734828760264365,0.995,16/89,11.12%,IFI30;FUCA1;SAT1;HMOX1;CTSD;GM2A;NINJ1;PTPRE;FOS;RAP2B;DRAM1;S100A4;RNF19B;TCN2;ALOX15B;CEBPA
11,7,anal_pc5_c21_S1.filtered.gene_spectra_score.k_11.dt_0_01.txt,prerank,HALLMARK_UV_RESPONSE_UP,0.5171851410771445,1.2248895753979465,0.1823966065747614,0.4297015822151012,0.996,19/66,16.42%,HMOX1;CREG1;ARRB2;ICAM1;MMP14;FOS;PPT1;PRKCD;DLG4;BID;LYN;SOD2;FOSB;NFKBIA;PPIF;IL6;CXCL2;TCHH;CYB5R1
11,7,anal_pc5_c21_S1.filtered.gene_spectra_score.k_11.dt_0_01.txt,prerank,HALLMARK_INTERFERON_ALPHA_RESPONSE,0.5279370661816196,1.2129046351548547,0.22409909909909909,0.4335679326056479,0.997,18/50,19.32%,IFI30;CD74;LPAR6;LAP3;LAMP3;CXCL10;TRIM14;EPSTI1;TENT5A;SAMD9L;CMPK2;GMPR;IFIT3;IFITM2;UBE2L6;CXCL11;GBP4;CCRL2
11,7,anal_pc5_c21_S1.filtered.gene_spectra_score.k_11.dt_0_01.txt,prerank,HALLMARK_APOPTOSIS,0.4836622038274954,1.152891933336502,0.2625,0.5665578869240466,1.0,19/79,15.58%,CD14;SAT1;HMOX1;PLCB2;PPT1;IL1B;TIMP2;IL18;BID;DPYD;SOD2;TIMP1;SLC20A1;IER3;HGF;GADD45B;CCND1;IL6;IL1A
11,7,anal_pc5_c21_S1.filtered.gene_spectra_score.k_11.dt_0_01.txt,prerank,HALLMARK_REACTIVE_OXYGEN_SPECIES_PATHWAY,0.5484900790236602,1.1291974122370965,0.3637602179836512,0.602795302312126,1.0,8/19,18.52%,FES;FTL;SOD2;LSP1;GLRX;HHEX;MPO;CAT
11,7,anal_pc5_c21_S1.filtered.gene_spectra_score.k_11.dt_0_01.txt,prerank,HALLMARK_CHOLESTEROL_HOMEOSTASIS,0.4969412778608163,1.1003355712523466,0.3856132075471698,0.6510825682270969,1.0,6/35,14.94%,LGMN;CXCL16;PLAUR;SCD;ATF5;LPL
11,7,anal_pc5_c21_S1.filtered.gene_spectra_score.k_11.dt_0_01.txt,prerank,HALLMARK_IL2_STAT5_SIGNALING,0.4480551769009424,1.092149479661005,0.33805668016194335,0.6397331263769277,1.0,28/127,16.04%,FGL2;CTSZ;NRP1;SPP1;IRF8;CD86;BATF3;AHR;CAPG;TLR7;TNFRSF21;SHE;TNFRSF1B;IL10RA;IL10;CXCL10;ADAM19;MAP3K8;IL1RL1;ENPP1;CD83;PLIN2;GADD45B;TNFRSF9;TNFRSF8;GPR65;IL3RA;IL2RA
11,7,anal_pc5_c21_S1.filtered.gene_spectra_score.k_11.dt_0_01.txt,prerank,HALLMARK_HEME_METABOLISM,0.4671309906784388,1.084146740493248,0.37486338797814206,0.6297149342412711,1.0,11/55,15.64%,CTSB;ACP5;MPP1;BMP2K;LMO2;NFE2;BLVRB;AGPAT4;UCP2;SNCA;SMOX
11,7,anal_pc5_c21_S1.filtered.gene_spectra_score.k_11.dt_0_01.txt,prerank,HALLMARK_ANDROGEN_RESPONSE,0.45427037793077707,1.0294485618130553,0.4720930232558139,0.7415267738470223,1.0,5/41,6.28%,SAT1;SELENOP;MERTK;MAF;SGK1
11,7,anal_pc5_c21_S1.filtered.gene_spectra_score.k_11.dt_0_01.txt,prerank,HALLMARK_APICAL_JUNCTION,0.42420738606968084,1.0205131157955938,0.47619047619047616,0.7311540504532432,1.0,16/101,12.50%,CD209;SIRPA;MMP9;TGFBI;ICAM1;ITGA9;TSPAN4;CD86;SDC3;VCAN;CD276;ALOX15B;CD274;FSCN1;PECAM1;ICAM5
11,7,anal_pc5_c21_S1.filtered.gene_spectra_score.k_11.dt_0_01.txt,prerank,HALLMARK_MYOGENESIS,-0.23833401651156905,-1.0117669051337235,0.35714285714285715,0.6486686390532544,0.8378926038500507,33/112,18.44%,AK1;COL6A2;ITGB4;LPIN1;CKB;AEBP1;COL4A2;COL1A1;COL3A1;COL6A3;ERBB3;SMTN;SPARC;SORBS1;CNN3;PFKM;EFS;MYLK;SPEG;TAGLN;IGFBP7;TPM2;COL15A1;SOD3;FHL1;MYH11;SVIL;NAV2;LAMA2;CACNA1H;EPHB3;BIN1;PTP4A3
11,7,anal_pc5_c21_S1.filtered.gene_spectra_score.k_11.dt_0_01.txt,prerank,HALLMARK_HYPOXIA,0.3730101264056204,0.9007358848583925,0.6782431052093973,0.9619874073703185,1.0,21/111,14.46%,HMOX1;TGFBI;FOS;SDC3;GAA;PDGFB;SCARB1;DUSP1;HS3ST1;ZFP36;PLAUR;S100A4;TNFAIP3;AMPD3;CHST2;PFKFB3;PPP1R15A;IER3;PLIN2;RBPJ;GLRX
11,7,anal_pc5_c21_S1.filtered.gene_spectra_score.k_11.dt_0_01.txt,prerank,HALLMARK_FATTY_ACID_METABOLISM,0.37770201824142047,0.8674247650407721,0.6685649202733486,0.9858251552173042,1.0,7/44,14.58%,CD36;IL4I1;ME1;LTC4S;GLUL;ACSL1;ACSL4
11,7,anal_pc5_c21_S1.filtered.gene_spectra_score.k_11.dt_0_01.txt,prerank,HALLMARK_APICAL_SURFACE,-0.2601972185421684,-0.8143413732348269,0.7354497354497355,1.0,0.9797365754812564,7/27,15.40%,IL2RG;ATP8B1;EPHB4;CROCC;IL2RB;AKAP7;THY1
11,7,anal_pc5_c21_S1.filtered.gene_spectra_score.k_11.dt_0_01.txt,prerank,HALLMARK_KRAS_SIGNALING_DN,0.33784937575031626,0.801505910027108,0.8006230529595015,1.0,1.0,9/78,12.40%,SELENOP;MEFV;SGK1;CD207;CD80;SLC29A3;KCNMB1;PTPRJ;CHST2
11,7,anal_pc5_c21_S1.filtered.gene_spectra_score.k_11.dt_0_01.txt,prerank,HALLMARK_EPITHELIAL_MESENCHYMAL_TRANSITION,0.31510843754229084,0.7587706639810934,0.9106425702811245,1.0,1.0,20/164,12.28%,FUCA1;DAB2;SAT1;TGFBI;SPP1;MMP14;CAPG;ANPEP;PMP22;VCAN;PLAUR;LRP1;TNFAIP3;BASP1;ITGB5;CXCL8;GLIPR1;EMP3;TIMP1;CXCL1
11,7,anal_pc5_c21_S1.filtered.gene_spectra_score.k_11.dt_0_01.txt,prerank,HALLMARK_DNA_REPAIR,-0.25704591189927795,-0.7460970169589969,0.8229665071770335,0.9860392011834319,0.9918946301925026,10/22,28.04%,AK1;VPS37B;LIG1;POLH;USP11;BCAM;NT5C3A;NPR2;POLA1;TYMS
11,7,anal_pc5_c21_S1.filtered.gene_spectra_score.k_11.dt_0_01.txt,prerank,HALLMARK_GLYCOLYSIS,0.3067573982319565,0.7169932652617256,0.8675847457627118,1.0,1.0,6/67,8.80%,MERTK;TGFBI;SDC3;SLC16A3;VCAN;ME1
11,7,anal_pc5_c21_S1.filtered.gene_spectra_score.k_11.dt_0_01.txt,prerank,HALLMARK_UV_RESPONSE_DN,0.2963753041093094,0.7014972728300468,0.8694736842105263,1.0,1.0,4/69,7.22%,DAB2;NRP1;DUSP1;PMP22
11,7,anal_pc5_c21_S1.filtered.gene_spectra_score.k_11.dt_0_01.txt,prerank,HALLMARK_UNFOLDED_PROTEIN_RESPONSE,0.309399877912982,0.6497793169848817,0.8725868725868726,1.0,1.0,3/23,9.72%,CEBPB;NABP1;CCL2
11,7,anal_pc5_c21_S1.filtered.gene_spectra_score.k_11.dt_0_01.txt,prerank,HALLMARK_PI3K_AKT_MTOR_SIGNALING,0.27951898817722237,0.6152423730953823,0.901060070671378,1.0,1.0,2/32,3.96%,MKNK1;ITPR2
11,7,anal_pc5_c21_S1.filtered.gene_spectra_score.k_11.dt_0_01.txt,prerank,HALLMARK_BILE_ACID_METABOLISM,0.2558691313684482,0.5782108962111926,0.945823927765237,1.0,1.0,4/37,13.28%,ABCA1;AQP9;ABCD1;ACSL1
11,7,anal_pc5_c21_S1.filtered.gene_spectra_score.k_11.dt_0_01.txt,prerank,HALLMARK_SPERMATOGENESIS,-0.16216350403547697,-0.5535779005673289,1.0,0.9884122287968442,0.9989868287740629,13/36,40.08%,SLC12A2;LPIN1;CAMK4;EZH2;JAM3;KIF2C;HSPA2;HSPA4L;CDK1;SEPTIN4;GSTM3;GFI1;CCNB2
11,7,anal_pc5_c21_S1.filtered.gene_spectra_score.k_11.dt_0_01.txt,prerank,HALLMARK_PEROXISOME,0.23764152473104147,0.5209849007827063,0.9654761904761905,1.0,1.0,6/32,15.10%,DLG4;ABCD1;SOD2;ACSL1;ACSL4;ABCC5
11,7,anal_pc5_c21_S1.filtered.gene_spectra_score.k_11.dt_0_01.txt,prerank,HALLMARK_TGF_BETA_SIGNALING,0.24747093486477972,0.518298540902677,0.9635416666666666,1.0,1.0,5/24,15.42%,ENG;RAB31;PPP1R15A;SLC20A1;TGFBR1
11,7,anal_pc5_c21_S1.filtered.gene_spectra_score.k_11.dt_0_01.txt,prerank,HALLMARK_MITOTIC_SPINDLE,0.184554292870476,0.44010294080705437,0.9979013641133263,0.9952683757260165,1.0,10/77,14.98%,DOCK4;CCDC88A;ARHGAP10;PREX1;FSCN1;ITSN1;ARHGAP4;DOCK2;ARHGAP27;FGD4
11,8,anal_pc5_c21_S1.filtered.gene_spectra_score.k_11.dt_0_01.txt,prerank,HALLMARK_E2F_TARGETS,-0.6247083223741523,-2.3931927370096053,0.0,0.0,0.0,50/54,35.20%,TFRC;MKI67;HMGB2;LMNB1;KIF22;TOP2A;PLK1;BIRC5;PTTG1;KPNA2;CKS2;CDC20;TACC3;EZH2;KIF2C;CDK1;CIT;CCNB2;RRM2;MYBL2;SMC4;CENPM;ESPL1;AURKB;CDCA8;ANP32E;CENPE;HMMR;DLGAP5;TK1;NCAPD2;CDCA3;CDC25B;SPC25;PRDX4;AURKA;KIF18B;TCF19;MYC;MELK;SPAG5;KIF4A;HELLS;LIG1;CDKN2A;POLE;DEPDC1;CDKN2C;CDKN1A;ORC6
11,8,anal_pc5_c21_S1.filtered.gene_spectra_score.k_11.dt_0_01.txt,prerank,HALLMARK_G2M_CHECKPOINT,-0.5272189024918622,-2.1549388051073195,0.0,0.0,0.0,54/68,33.98%,SLC12A2;MKI67;NUSAP1;LMNB1;KIF22;TPX2;TOP2A;PLK1;INCENP;BIRC5;PTTG1;KPNA2;CKS2;CDC20;TACC3;EZH2;KIF2C;CDK1;CCNB2;PRC1;TROAP;MYBL2;KIF20B;SMC4;ESPL1;AURKB;SLC7A5;CENPE;SLC7A1;BUB1;CENPF;CCND1;KIF11;NDC80;HMMR;ODC1;UBE2C;CDC25B;FBXO5;TTK;AURKA;KIF23;MYC;KIF15;CCNF;NEK2;CDC45;KIF4A;POLQ;RAD54L;E2F1;POLE;CDKN2C;MT2A
11,8,anal_pc5_c21_S1.filtered.gene_spectra_score.k_11.dt_0_01.txt,prerank,HALLMARK_EPITHELIAL_MESENCHYMAL_TRANSITION,0.8274464960377677,2.085675043044168,0.0,0.0,0.0,84/164,10.42%,DCN;FBLN1;COL1A2;LUM;COL3A1;COL6A2;MXRA5;CXCL12;COL6A3;MMP2;SFRP1;COL5A1;FBLN5;PCOLCE;COL1A1;EDIL3;COL5A2;LAMA2;LRP1;TFPI2;FBN1;THY1;FSTL1;FN1;ABI3BP;SLIT3;VCAN;PMP22;VCAM1;CDH11;FBLN2;MATN2;COL16A1;SPARC;NID2;PDGFRB;MGP;LAMC1;IGFBP3;CXCL1;TIMP3;NNMT;IGFBP4;SERPINH1;LOXL1;ITGB3;THBS1;BGN;EFEMP2;MMP14;GREM1;CRLF1;GJA1;ELN;PRRX1;HTRA1;PCOLCE2;SNAI2;SERPINE2;LOX;SPOCK1;CCN1;COL4A2;SGCD;COL4A1;CALD1;ECM2;QSOX1;THBS2;LOXL2;FMOD;FGF2;TIMP1;DAB2;TGFBI;MFAP5;FAP;COL12A1;ITGB5;BASP1;CXCL6;PLOD2;LRRC15;JUN
11,8,anal_pc5_c21_S1.filtered.gene_spectra_score.k_11.dt_0_01.txt,prerank,HALLMARK_COAGULATION,0.7968421387964043,1.9630408398778503,0.0,0.0,0.0,27/79,9.10%,C1R;C1S;A2M;CFD;MMP2;CFH;LRP1;TFPI2;FBN1;FN1;C3;SERPING1;SPARC;CTSK;GSN;TIMP3;C2;ITGB3;THBS1;MMP14;HTRA1;F10;PLAT;CPQ;TIMP1;PRSS23;PLAU
11,8,anal_pc5_c21_S1.filtered.gene_spectra_score.k_11.dt_0_01.txt,prerank,HALLMARK_UV_RESPONSE_DN,0.7708676419150088,1.8907576454945987,0.0,0.0,0.0,32/69,11.68%,COL1A2;COL3A1;EFEMP1;FBLN5;PLPP3;COL1A1;COL5A2;PMP22;PDGFRB;ADGRL2;LAMC1;PTGFR;LPAR1;IGFBP5;ITGB3;HAS2;GJA1;SNAI2;CCN1;TFPI;FHL2;DLC1;DAB2;SDC2;PRKAR2B;DUSP1;NRP1;RND3;F3;RBPMS;LTBP1;PTPRM
11,8,anal_pc5_c21_S1.filtered.gene_spectra_score.k_11.dt_0_01.txt,prerank,HALLMARK_ANGIOGENESIS,0.7978102090464692,1.7706058728014806,0.0,0.0008049706940356703,0.004,11/29,11.94%,LUM;COL3A1;COL5A2;FSTL1;VCAN;FGFR1;TIMP1;NRP1;CXCL6;VEGFA;JAG1
11,8,anal_pc5_c21_S1.filtered.gene_spectra_score.k_11.dt_0_01.txt,prerank,HALLMARK_MITOTIC_SPINDLE,-0.41395977474300255,-1.7139053945444194,0.0,0.02354603249352484,0.02535496957403651,51/77,25.50%,ARHGAP4;DOCK2;FLNA;CNTRL;SORBS2;ARHGAP27;ARHGEF2;RAPGEF5;NUSAP1;EPB41;LMNB1;KIF22;TPX2;NET1;TOP2A;PLK1;ECT2;INCENP;BIRC5;WASL;PREX1;KIF2C;RHOF;CDK1;CCNB2;PRC1;KIF20B;SMC4;ESPL1;STK38L;RAPGEF6;NEDD9;CENPE;BUB1;TUBA4A;CENPF;KIF11;NDC80;DLGAP5;KNTC1;FBXO5;TTK;AURKA;KIF23;PXN;TIAM1;FLNB;ANLN;BCL2L11;KIF15;CEP72
11,8,anal_pc5_c21_S1.filtered.gene_spectra_score.k_11.dt_0_01.txt,prerank,HALLMARK_ADIPOGENESIS,0.6827726656629134,1.662367948984284,0.0011198208286674132,0.006439765552285362,0.04,13/51,7.26%,APOE;ITIH5;LAMA4;C3;GPX3;COL15A1;PHLDB1;LIFR;ABCA1;COL4A1;SPARCL1;ANGPTL4;FZD4
11,8,anal_pc5_c21_S1.filtered.gene_spectra_score.k_11.dt_0_01.txt,prerank,HALLMARK_MYOGENESIS,0.649769161996439,1.6113528808015378,0.0,0.017038546357088354,0.121,21/112,8.22%,COL3A1;COL6A2;CFD;COL6A3;COL1A1;LAMA2;SOD3;GPX3;AEBP1;COL15A1;SPARC;IGFBP3;GSN;IGFBP7;COL4A2;SGCD;BDKRB2;APOD;FGF2;LSP1;IGF1
11,8,anal_pc5_c21_S1.filtered.gene_spectra_score.k_11.dt_0_01.txt,prerank,HALLMARK_COMPLEMENT,0.6050968629236502,1.526284944378359,0.0020470829068577278,0.054853003007859245,0.377,19/122,7.86%,C1R;C1S;CP;CFH;LRP1;TFPI2;FN1;C3;SERPING1;CXCL1;CTSC;TIMP2;C2;MMP14;COL4A2;F10;PLAT;CPQ;TIMP1
11,8,anal_pc5_c21_S1.filtered.gene_spectra_score.k_11.dt_0_01.txt,prerank,HALLMARK_APOPTOSIS,0.6076409542682151,1.4949707548811368,0.008342022940563087,0.07264860513671924,0.511,13/79,7.86%,DCN;LUM;MMP2;GPX3;PDGFRB;GSN;TIMP3;TIMP2;BGN;IGFBP6;HGF;PLAT;TIMP1
11,8,anal_pc5_c21_S1.filtered.gene_spectra_score.k_11.dt_0_01.txt,prerank,HALLMARK_HEDGEHOG_SIGNALING,0.7128487091298719,1.4528409883038838,0.06017191977077364,0.10741886705964888,0.693,5/17,11.66%,THY1;UNC5C;DPYSL2;NRP1;VEGFA
11,8,anal_pc5_c21_S1.filtered.gene_spectra_score.k_11.dt_0_01.txt,prerank,HALLMARK_HYPOXIA,0.569209691335302,1.4384261567208085,0.013197969543147208,0.11261540009559028,0.741,28/111,12.94%,DCN;COL5A1;CP;FOS;IGFBP3;SRPX;BGN;PAM;LOX;CCN1;ANGPTL4;CCN5;SDC3;SDC2;TGFBI;P4HA2;ACKR3;DUSP1;ZFP36;TMEM45A;JUN;F3;PPP1R15A;PGF;VEGFA;CAVIN3;GPC4;AKAP12
11,8,anal_pc5_c21_S1.filtered.gene_spectra_score.k_11.dt_0_01.txt,prerank,HALLMARK_APICAL_JUNCTION,0.5729462011469724,1.4375110611299489,0.014358974358974359,0.10325578629857551,0.743,19/101,8.58%,MMP2;FBN1;THY1;VCAN;VCAM1;CDH11;COL16A1;NEGR1;TSPAN4;EPB41L2;CERCAM;NLGN2;NFASC;CLDN11;CADM3;SDC3;ADAMTS5;TGFBI;JAM3
11,8,anal_pc5_c21_S1.filtered.gene_spectra_score.k_11.dt_0_01.txt,prerank,HALLMARK_XENOBIOTIC_METABOLISM,0.5833551055690732,1.423800881687861,0.03441084462982273,0.10927477171534224,0.79,19/80,13.98%,FBLN1;PTGDS;APOE;TMEM176B;IGFBP4;SLC12A4;AOX1;IL1R1;HSD11B1;F10;PTGES;IGF1;TPST1;EPHX1;CDO1;PDK4;ATOH8;CFB;FAS
11,8,anal_pc5_c21_S1.filtered.gene_spectra_score.k_11.dt_0_01.txt,prerank,HALLMARK_GLYCOLYSIS,0.5487751471559397,1.3536129513911754,0.07415254237288135,0.19164494600310766,0.935,15/67,12.50%,DCN;COL5A1;VCAN;IGFBP3;PAM;ANGPTL4;QSOX1;SDC3;SDC2;TGFBI;P4HA2;TPST1;PLOD2;VEGFA;GPC4
11,8,anal_pc5_c21_S1.filtered.gene_spectra_score.k_11.dt_0_01.txt,prerank,HALLMARK_BILE_ACID_METABOLISM,0.5895067229592216,1.3527274807126035,0.125,0.1793934689565208,0.936,5/37,6.34%,ABCA8;ABCA6;CYP7B1;ABCA9;ABCA1
11,8,anal_pc5_c21_S1.filtered.gene_spectra_score.k_11.dt_0_01.txt,prerank,HALLMARK_PI3K_AKT_MTOR_SIGNALING,-0.39390508601233865,-1.32157745237133,0.10714285714285714,0.29738639039321874,0.345841784989858,15/32,23.84%,IL2RG;PDK1;SLA;PRKCB;LCK;CXCR4;VAV3;ITPR2;DAPP1;CDK1;HSP90B1;CAMK4;MKNK2;SLC2A1;TIAM1
11,8,anal_pc5_c21_S1.filtered.gene_spectra_score.k_11.dt_0_01.txt,prerank,HALLMARK_TNFA_SIGNALING_VIA_NFKB,0.5173954771081944,1.3054307605084894,0.037601626016260166,0.23746635474052272,0.978,35/150,13.88%,PLPP3;EGR1;CCL2;FOS;CSF1;CXCL1;GFPT2;CCN1;MSC;DRAM1;ABCA1;PER1;FOSB;TNFAIP6;PHLDA1;G0S2;TNFAIP2;SOCS3;ACKR3;PLAU;DUSP1;ZFP36;PTGS2;CXCL6;PTGER4;JUN;CEBPB;F3;PPP1R15A;VEGFA;JAG1;PTX3;RHOB;GEM;KLF9
11,8,anal_pc5_c21_S1.filtered.gene_spectra_score.k_11.dt_0_01.txt,prerank,HALLMARK_MTORC1_SIGNALING,-0.30684936035349053,-1.3023665652200156,0.08,0.2610784082882034,0.37018255578093306,39/72,28.00%,CORO1A;XBP1;SYTL2;BTG2;ITGB2;IFI30;TFRC;PDK1;SLA;CXCR4;NIBAN1;NUPR1;PLK1;HK2;SDF2L1;PNP;DAPP1;HMGCR;ERO1A;TXNRD1;RRM2;SLC7A5;HSP90B1;PSAT1;BUB1;TUBA4A;ELOVL5;STARD4;SLC2A1;DDIT4;AURKA;CFP;LTA4H;INSIG1;SCD;SLC7A11;CCNF;PHGDH;EGLN3
11,8,anal_pc5_c21_S1.filtered.gene_spectra_score.k_11.dt_0_01.txt,prerank,HALLMARK_IL6_JAK_STAT3_SIGNALING,0.5287959543424481,1.2621884325578416,0.16907675194660735,0.30186401026337634,0.995,9/53,10.42%,A2M;CSF1;CXCL1;OSMR;ITGB3;IL1R1;IL7;SOCS3;JUN
11,8,anal_pc5_c21_S1.filtered.gene_spectra_score.k_11.dt_0_01.txt,prerank,HALLMARK_CHOLESTEROL_HOMEOSTASIS,-0.33844164800903476,-1.1627022009791173,0.21379310344827587,0.44549093477748997,0.6359026369168357,19/35,39.60%,LGALS3;NIBAN1;MAL2;HMGCR;CPEB2;FASN;STARD4;SCD;ALCAM;FDPS;LDLR;ABCA2;MVD;TM7SF2;HMGCS1;TP53INP1;FADS2;ATF3;CXCL16
11,8,anal_pc5_c21_S1.filtered.gene_spectra_score.k_11.dt_0_01.txt,prerank,HALLMARK_TGF_BETA_SIGNALING,0.5381538308539706,1.1594611697107111,0.30927835051546393,0.5130504394044992,1.0,9/24,18.52%,LTBP2;THBS1;ENG;PPP1R15A;SMAD6;SERPINE1;SMAD1;CDKN1C;PMEPA1
11,8,anal_pc5_c21_S1.filtered.gene_spectra_score.k_11.dt_0_01.txt,prerank,HALLMARK_DNA_REPAIR,-0.3775691292126032,-1.1545194884406171,0.23045267489711935,0.3951696996198998,0.6511156186612576,16/22,45.58%,HCLS1;AK1;PNP;VPS37B;ZWINT;ARL6IP1;STX3;TYMS;NT5C3A;LIG1;BCAM;AAAS;CDA;CMPK2;POLH;PDE6G
11,8,anal_pc5_c21_S1.filtered.gene_spectra_score.k_11.dt_0_01.txt,prerank,HALLMARK_KRAS_SIGNALING_UP,0.45898184091325656,1.1509355834885258,0.23286290322580644,0.5062371253602104,1.0,30/131,13.14%,ADAMDEC1;CFH;IGFBP3;ADGRA2;TMEM176B;ALDH1A3;SPON1;PRRX1;GFPT2;HSD11B1;TMEM176A;TFPI;PLAT;ENG;SPARCL1;ANGPTL4;ITGBL1;APOD;GNG11;G0S2;PLAU;NRP1;PTGS2;GPNMB;SERPINA3;PPP1R15A;TMEM158;AKAP12;SPRY2;IL33
11,8,anal_pc5_c21_S1.filtered.gene_spectra_score.k_11.dt_0_01.txt,prerank,HALLMARK_P53_PATHWAY,-0.26164946807279615,-1.1074815712909187,0.22,0.4358370614551448,0.7363083164300203,40/89,30.04%,DEF6;GPX2;DGKA;BTG2;EPS8L2;AK1;IFI30;FUCA1;CYFIP2;SAT1;MXD1;KIF13B;ITGB4;NUPR1;CDKN2B;CCND3;KRT17;CCND2;HMOX1;RNF19B;IER5;SERPINB5;RRAD;TRAF4;EPHA2;GM2A;MKNK2;DDIT4;PDGFA;TOB1;CTSD;HEXIM1;UPP1;SLC7A11;JAG2;MAPKAPK3;TGFA;CEBPA;BMP2;GADD45A
11,8,anal_pc5_c21_S1.filtered.gene_spectra_score.k_11.dt_0_01.txt,prerank,HALLMARK_INTERFERON_GAMMA_RESPONSE,0.44312228613693283,1.1051093574051483,0.32551020408163267,0.5875438728887724,1.0,6/111,2.00%,C1R;C1S;CFH;VCAM1;SERPING1;CCL2
11,8,anal_pc5_c21_S1.filtered.gene_spectra_score.k_11.dt_0_01.txt,prerank,HALLMARK_INFLAMMATORY_RESPONSE,0.4138366800393255,1.0432967461261564,0.4222222222222222,0.7039871204688954,1.0,23/141,11.20%,CCL2;CSF1;OSMR;LPAR1;ITGB3;HAS2;MMP14;IL1R1;ABCA1;PCDH7;AXL;BEST1;TNFAIP6;PTGER2;TIMP1;GABBR1;PDPN;CXCL6;SLC1A2;PTGER4;F3;CX3CL1;PTGIR
11,8,anal_pc5_c21_S1.filtered.gene_spectra_score.k_11.dt_0_01.txt,prerank,HALLMARK_APICAL_SURFACE,0.4547925251252235,1.0045089985331155,0.47095959595959597,0.7611572891174431,1.0,2/27,3.24%,THY1;SRPX
11,8,anal_pc5_c21_S1.filtered.gene_spectra_score.k_11.dt_0_01.txt,prerank,HALLMARK_INTERFERON_ALPHA_RESPONSE,0.40451644210017,0.9637621701120562,0.5520716685330347,0.8153621339041308,1.0,7/50,14.56%,C1S;CSF1;IL7;IFITM3;NCOA7;LAP3;TENT5A
11,8,anal_pc5_c21_S1.filtered.gene_spectra_score.k_11.dt_0_01.txt,prerank,HALLMARK_PEROXISOME,-0.2806962439071469,-0.9607547449709788,0.5283018867924528,0.6903696727101484,0.8985801217038539,8/32,19.36%,ACSL5;HSD11B2;HSD17B11;TOP2A;NR1I2;ABCB1;ACOX1;ELOVL5
11,8,anal_pc5_c21_S1.filtered.gene_spectra_score.k_11.dt_0_01.txt,prerank,HALLMARK_ESTROGEN_RESPONSE_LATE,0.3765967129391511,0.9443018903529822,0.6127703398558187,0.8203351346740032,1.0,16/106,11.82%,CXCL12;TFPI2;FOS;IGFBP4;CXCL14;NBL1;CCN5;PTGES;PRSS23;NAB2;FARP1;PRKAR2B;ZFP36;SLC24A3;SERPINA3;HSPB8
11,8,anal_pc5_c21_S1.filtered.gene_spectra_score.k_11.dt_0_01.txt,prerank,HALLMARK_ESTROGEN_RESPONSE_EARLY,0.3642571548297904,0.9124950284870756,0.6721144024514811,0.8458900376491502,1.0,20/118,13.24%,CXCL12;OLFML3;FOS;IGFBP4;GFRA1;GJA1;FHL2;NBL1;CCN5;DLC1;PTGES;PRSS23;FARP1;SLC24A3;THSD4;HSPB8;KAZN;UGCG;PGR;AR
11,8,anal_pc5_c21_S1.filtered.gene_spectra_score.k_11.dt_0_01.txt,prerank,HALLMARK_FATTY_ACID_METABOLISM,-0.2481389032226166,-0.888177033003535,0.652542372881356,0.7843654344242994,0.9452332657200812,18/44,29.36%,ACSL5;MGLL;CA2;MAOA;CA4;HSD17B11;GLUL;ACOX1;ELOVL5;FASN;HPGD;ACSS1;CD36;ODC1;UGDH;CD1D;ENO2;HSPH1
11,8,anal_pc5_c21_S1.filtered.gene_spectra_score.k_11.dt_0_01.txt,prerank,HALLMARK_HEME_METABOLISM,-0.22538202900507895,-0.8778970129736405,0.6966292134831461,0.7325812873258128,0.9503042596348884,20/55,25.90%,UCP2;TENT5C;BTG2;CA2;SELENBP1;TFRC;PDZK1IP1;EPB41;BMP2K;KAT2B;CCND3;KDM7A;SEC14L1;ACKR1;LPIN2;SLC2A1;DMTN;KLF3;SLC6A8;SLC7A11
11,8,anal_pc5_c21_S1.filtered.gene_spectra_score.k_11.dt_0_01.txt,prerank,HALLMARK_REACTIVE_OXYGEN_SPECIES_PATHWAY,0.41869293368978566,0.8735882535913928,0.6398929049531459,0.8779332377430634,1.0,2/19,8.16%,GPX3;LSP1
11,8,anal_pc5_c21_S1.filtered.gene_spectra_score.k_11.dt_0_01.txt,prerank,HALLMARK_SPERMATOGENESIS,-0.23493367628296752,-0.844171943661737,0.6933333333333334,0.7278078643748528,0.9655172413793104,11/36,24.02%,SLC12A2;EZH2;KIF2C;CDK1;CCNB2;BUB1;CAMK4;GFI1;TTK;AURKA;LPIN1
11,8,anal_pc5_c21_S1.filtered.gene_spectra_score.k_11.dt_0_01.txt,prerank,HALLMARK_UV_RESPONSE_UP,0.33956686392024854,0.8358574431072563,0.7173219978746015,0.9047560996847843,1.0,17/66,17.54%,GPX3;FOS;MMP14;FOSB;DLG4;PTPRD;EPHX1;CDO1;RHOB;OLFM1;SOD2;PDLIM3;NR4A1;NFKBIA;MSX1;CDKN1C;CREG1
11,8,anal_pc5_c21_S1.filtered.gene_spectra_score.k_11.dt_0_01.txt,prerank,HALLMARK_UNFOLDED_PROTEIN_RESPONSE,0.3808222572559474,0.8335407885238826,0.6829896907216495,0.8743174286403729,1.0,6/23,13.40%,CCL2;CEBPB;TSPYL2;VEGFA;SHC1;IFIT1
11,8,anal_pc5_c21_S1.filtered.gene_spectra_score.k_11.dt_0_01.txt,prerank,HALLMARK_ANDROGEN_RESPONSE,0.35275450394921537,0.8225261276624172,0.7262443438914027,0.8589324794894185,1.0,7/41,12.94%,ADAMTS1;ALDH1A3;PLPP1;LIFR;MAF;ABCC4;AKAP12
11,8,anal_pc5_c21_S1.filtered.gene_spectra_score.k_11.dt_0_01.txt,prerank,HALLMARK_ALLOGRAFT_REJECTION,0.29821310198920786,0.7485857938920232,0.8692543411644535,0.9168616205066284,1.0,10/121,8.24%,CCL11;THY1;CCL2;CCL13;CSF1;C2;IL7;TIMP1;IL11;CCL19
11,8,anal_pc5_c21_S1.filtered.gene_spectra_score.k_11.dt_0_01.txt,prerank,HALLMARK_IL2_STAT5_SIGNALING,0.2874051289054867,0.7231140060654541,0.8990825688073395,0.9108511726578288,1.0,16/127,13.74%,ITIH5;COL6A1;CSF1;PLPP1;SMPDL3A;SPRY4;PTGER2;PHLDA1;PLAGL1;NRP1;IFITM3;PTH1R;ECM1;WLS;RHOB;P4HA1
11,8,anal_pc5_c21_S1.filtered.gene_spectra_score.k_11.dt_0_01.txt,prerank,HALLMARK_KRAS_SIGNALING_DN,0.21293545898960525,0.5199739509526035,0.9841437632135307,1.0,1.0,4/78,8.34%,PTGFR;CLSTN3;RGS11;ZBTB16
11,8,anal_pc5_c21_S1.filtered.gene_spectra_score.k_11.dt_0_01.txt,prerank,HALLMARK_WNT_BETA_CATENIN_SIGNALING,0.20367428294073825,0.4064836407397524,0.9756795422031473,0.9975599325837043,1.0,2/15,11.94%,DLL1;JAG1
11,9,anal_pc5_c21_S1.filtered.gene_spectra_score.k_11.dt_0_01.txt,prerank,HALLMARK_G2M_CHECKPOINT,-0.7042170456321082,-2.797475641694711,0.0,0.0,0.0,58/68,22.08%,LMNB1;MCM2;MCM6;NUSAP1;EZH2;CDK1;MKI67;TOP2A;SMC4;PTTG1;CDKN2C;ODC1;E2F1;MYBL2;KIF23;CDC25B;RAD54L;TPX2;PRC1;NDC80;MAP3K20;TROAP;SMAD3;CCNB2;TACC3;ORC6;CDC45;ESPL1;AURKB;HMMR;KIF11;PLK1;KIF20B;BUB1;KIF15;BIRC5;CKS2;MEIS1;POLQ;CENPF;INCENP;FANCC;KPNA2;FBXO5;CDC20;NEK2;CCNF;KIF2C;TTK;POLE;UBE2C;CENPE;KIF22;SNRPD1;MYC;CENPA;KIF4A;MT2A
11,9,anal_pc5_c21_S1.filtered.gene_spectra_score.k_11.dt_0_01.txt,prerank,HALLMARK_E2F_TARGETS,-0.7455410882013608,-2.7786280615639396,0.0,0.0,0.0,49/54,21.58%,HELLS;LMNB1;MCM2;HMGB2;MCM4;MCM6;CENPM;EZH2;CDK1;LIG1;MKI67;TOP2A;SMC4;PTTG1;CDKN2A;CDKN2C;TCF19;TK1;MYBL2;CDC25B;NCAPD2;CIT;RRM2;CCNB2;TACC3;ORC6;ANP32E;ESPL1;AURKB;HMMR;PLK1;BIRC5;CKS2;DLGAP5;KPNA2;KIF18B;CDC20;KIF2C;POLE;SPC25;MELK;CENPE;KIF22;CDCA8;MYC;SPAG5;CDCA3;DIAPH3;KIF4A
11,9,anal_pc5_c21_S1.filtered.gene_spectra_score.k_11.dt_0_01.txt,prerank,HALLMARK_INTERFERON_GAMMA_RESPONSE,-0.46105845292522013,-2.0963551274267305,0.0,0.0,0.0,73/111,32.00%,SECTM1;ARID5B;MX1;ST8SIA4;TNFSF10;TNFAIP2;CD74;PARP14;RNF213;PIM1;OAS3;SAMHD1;MX2;C1R;RSAD2;SLAMF7;ISG20;ITGB7;ZBP1;CIITA;PTPN6;ISG15;OAS2;CMPK2;C1S;IL10RA;IFI44;SOCS1;TNFAIP3;SP110;NLRC5;UBE2L6;LCP2;CSF2RB;IFI44L;IL2RB;IRF4;FGL2;BANK1;GBP6;RAPGEF6;CD40;IFI30;CCL5;CD38;XAF1;PSMB9;ST3GAL5;MT2A;IL18BP;KLRK1;DDX60;IRF8;IFIT1;CASP8;IRF7;IFIT3;LAP3;EPSTI1;STAT4;CD69;PDE4B;NOD1;IFITM2;STAT1;GZMA;CFH;VCAM1;IRF1;SAMD9L;GBP4;HERC6;ICAM1
11,9,anal_pc5_c21_S1.filtered.gene_spectra_score.k_11.dt_0_01.txt,prerank,HALLMARK_MITOTIC_SPINDLE,-0.4899230694819629,-2.018280134046923,0.0,0.0005169058623206033,0.001001001001001001,46/77,18.40%,DST;LMNB1;CNTRL;NUSAP1;CDK1;CEP72;TOP2A;SMC4;ARHGAP4;DOCK2;KNTC1;FLNA;ECT2;ANLN;CCDC88A;KIF23;CEP250;FARP1;PALLD;TPX2;PRC1;NDC80;CCNB2;ESPL1;TIAM1;KIF11;PLK1;KIF20B;BUB1;KIF15;BIRC5;RHOF;CENPF;DLGAP5;INCENP;GSN;FBXO5;NEK2;KIF2C;BCL2L11;TTK;CENPE;KIF22;RAPGEF6;ARHGAP10;PIF1
11,9,anal_pc5_c21_S1.filtered.gene_spectra_score.k_11.dt_0_01.txt,prerank,HALLMARK_ESTROGEN_RESPONSE_LATE,0.6207959688733926,1.816021666601319,0.0,0.007546536978031193,0.01,30/106,9.90%,CA2;SLC26A2;CKB;CA12;TJP3;AGR2;LLGL2;KLF4;CDH1;UGDH;KCNK5;TOB1;ID2;FLNB;OVOL2;FOS;CCND1;SERPINA1;TSPAN13;TFF3;MYB;RAPGEFL1;NBL1;ASS1;SLC16A1;KRT19;SCNN1A;ZFP36;SLC27A2;IGFBP4
11,9,anal_pc5_c21_S1.filtered.gene_spectra_score.k_11.dt_0_01.txt,prerank,HALLMARK_ESTROGEN_RESPONSE_EARLY,0.614894046490736,1.792905508613284,0.0,0.004905249035720275,0.013,32/118,9.90%,SLC26A2;CLDN7;CA12;MUC1;KRT8;ELF3;TJP3;TTC39A;MLPH;KLF4;ESRP2;KCNK5;TOB1;AKAP1;FLNB;LAD1;OVOL2;FOS;CCND1;RETREG1;TFF3;MYB;RAPGEFL1;HES1;NBL1;P2RY2;FHL2;SLC16A1;KRT19;SCNN1A;SLC27A2;IGFBP4
11,9,anal_pc5_c21_S1.filtered.gene_spectra_score.k_11.dt_0_01.txt,prerank,HALLMARK_INTERFERON_ALPHA_RESPONSE,-0.43705771647904734,-1.6342882637041087,0.009345794392523364,0.027292629530527853,0.06306306306306306,33/50,31.96%,MX1;CD74;PARP14;RSAD2;ISG20;ISG15;CMPK2;C1S;TMEM140;IFI44;SP110;UBE2L6;LPAR6;IFI44L;GBP2;NCOA7;SELL;IFI30;CSF1;PSMB9;DDX60;CASP8;IRF7;IFIT3;LAP3;EPSTI1;SAMD9;IFITM2;GMPR;IRF1;SAMD9L;GBP4;HERC6
11,9,anal_pc5_c21_S1.filtered.gene_spectra_score.k_11.dt_0_01.txt,prerank,HALLMARK_BILE_ACID_METABOLISM,0.6120514100781838,1.5764676007702376,0.017287234042553192,0.1277880261613282,0.386,8/37,7.64%,SULT1B1;TFCP2L1;NR3C2;NR1I2;ACSL5;HSD17B11;CYP27A1;ABCA2
11,9,anal_pc5_c21_S1.filtered.gene_spectra_score.k_11.dt_0_01.txt,prerank,HALLMARK_FATTY_ACID_METABOLISM,0.585159824688428,1.5464880189637926,0.016042780748663103,0.1299890994465873,0.481,18/44,13.86%,CA2;MGLL;MAOA;UGDH;ACSL5;HSD17B11;ACAA2;ACOX1;CA4;HPGD;PTPRG;ME1;TP53INP2;HMGCS1;G0S2;CD1D;GPD1;ECI2
11,9,anal_pc5_c21_S1.filtered.gene_spectra_score.k_11.dt_0_01.txt,prerank,HALLMARK_XENOBIOTIC_METABOLISM,0.5330172249098006,1.49661367560765,0.023446658851113716,0.16783498239141373,0.637,14/80,7.50%,CA2;ABCC3;MAOA;UGDH;TMEM176B;ID2;XDH;CFB;ACOX1;CYP27A1;NDRG2;BCAR1;CYB5A;CYP2C18
11,9,anal_pc5_c21_S1.filtered.gene_spectra_score.k_11.dt_0_01.txt,prerank,HALLMARK_TGF_BETA_SIGNALING,0.6034800212132148,1.4632274502422515,0.0784313725490196,0.1832550729498575,0.74,6/24,5.30%,CDH1;ID1;BMP2;ID2;THBS1;ID3
11,9,anal_pc5_c21_S1.filtered.gene_spectra_score.k_11.dt_0_01.txt,prerank,HALLMARK_ALLOGRAFT_REJECTION,-0.3476827240672231,-1.4596100006795358,0.0,0.10131354901483823,0.25325325325325326,61/121,30.94%,ST8SIA4;HCLS1;CD74;CDKN2A;ITGAL;NOS2;SRGN;FLNA;LTB;IL16;ACHE;CD79A;CD2;ETS1;FYB1;HDAC9;PTPN6;CD96;PTPRC;ITGB2;MAP4K1;PRKCB;CD3E;CD3D;ZAP70;CD4;SOCS1;LCP2;NCF4;LCK;IL2RB;IRF4;TLR2;GBP2;CD40;SPI1;CCL5;ITK;CSF1;CD247;CD7;CD8A;TLR1;CCR5;IRF8;CD28;IRF7;IL12RB1;STAT4;SIT1;WAS;FGR;IL27RA;LYN;CD3G;STAT1;GZMA;CXCR3;PRF1;STAB1;TGFB2
11,9,anal_pc5_c21_S1.filtered.gene_spectra_score.k_11.dt_0_01.txt,prerank,HALLMARK_ANDROGEN_RESPONSE,0.537585376813352,1.4135533317389888,0.09090909090909091,0.2357753767279174,0.868,14/41,14.20%,SLC26A2;KRT8;CCND1;HMGCR;TSC22D1;STK39;KRT19;HPGD;SAT1;IQGAP2;HMGCS1;INPP4B;CCND3;PDLIM5
11,9,anal_pc5_c21_S1.filtered.gene_spectra_score.k_11.dt_0_01.txt,prerank,HALLMARK_PI3K_AKT_MTOR_SIGNALING,-0.431980178384337,-1.4063450177086074,0.05782312925170068,0.12996490252632312,0.34634634634634637,14/32,19.04%,CDK1;MAPK10;PLCG1;E2F1;PIK3R3;SLC2A1;CXCR4;TIAM1;PRKCB;PDK1;LCK;SLA;PLCB1;ITPR2
11,9,anal_pc5_c21_S1.filtered.gene_spectra_score.k_11.dt_0_01.txt,prerank,HALLMARK_UV_RESPONSE_UP,0.49988228977095145,1.3821216404503618,0.09245742092457421,0.2597895354687238,0.909,12/66,11.66%,CA2;EPCAM;MAOA;CDKN2B;BMP2;FOS;SULT1A1;RAB27A;PRKCD;SOD2;C4BPB;PTPRD
11,9,anal_pc5_c21_S1.filtered.gene_spectra_score.k_11.dt_0_01.txt,prerank,HALLMARK_HEDGEHOG_SIGNALING,-0.5038978277905886,-1.3646681618057297,0.09408602150537634,0.14602590610557042,0.41541541541541543,12/17,39.12%,DPYSL2;CELSR1;VEGFA;ACHE;NRCAM;HEY1;NRP2;CRMP1;NRP1;THY1;VLDLR;ADGRG1
11,9,anal_pc5_c21_S1.filtered.gene_spectra_score.k_11.dt_0_01.txt,prerank,HALLMARK_CHOLESTEROL_HOMEOSTASIS,0.5365610372193845,1.355613248669038,0.11830985915492957,0.27997652188495725,0.94,13/35,14.14%,LGALS3;PPARG;HMGCR;MAL2;ANTXR2;JAG1;ABCA2;CPEB2;HMGCS1;MVD;LGMN;TNFRSF12A;STARD4
11,9,anal_pc5_c21_S1.filtered.gene_spectra_score.k_11.dt_0_01.txt,prerank,HALLMARK_PEROXISOME,0.5366822727055173,1.3443797449111992,0.12150837988826815,0.2708452121415395,0.948,6/32,5.12%,HSD11B2;NR1I2;ACSL5;HSD17B11;ACOX1;SEMA3C
11,9,anal_pc5_c21_S1.filtered.gene_spectra_score.k_11.dt_0_01.txt,prerank,HALLMARK_EPITHELIAL_MESENCHYMAL_TRANSITION,-0.2908640988140935,-1.3335550508089398,0.023255813953488372,0.16311251655450149,0.48148148148148145,82/164,34.14%,GPC1;COL7A1;DST;PFN2;DPYSL3;TGFBI;WIPF1;PLAUR;FBLN1;ENO2;ELN;FLNA;VEGFA;SLC6A8;IL32;WNT5A;EMP3;THBS2;COL5A1;COL4A2;LAMA3;ITGA2;FSTL1;HTRA1;COL16A1;PDLIM4;COL6A2;SNAI2;CADM1;GJA1;GLIPR1;FBLN2;PTHLH;TNFAIP3;SPARC;COL1A2;CALD1;BASP1;COL3A1;FBN1;TPM2;CRLF1;CXCL12;VCAN;SNTB1;DCN;COL4A1;IGFBP2;LOXL1;COL5A2;PRRX1;ITGA5;PCOLCE;SERPINE2;PMP22;LUM;COL1A1;FN1;LOX;CDH11;MYL9;TAGLN;CTHRC1;MMP2;COL6A3;MXRA5;TNC;ABI3BP;SFRP1;ADAM12;NNMT;VCAM1;TGM2;CDH2;ACTA2;MGP;DKK1;LAMC1;BGN;THY1;GREM1;FGF2
11,9,anal_pc5_c21_S1.filtered.gene_spectra_score.k_11.dt_0_01.txt,prerank,HALLMARK_HEME_METABOLISM,0.47786043207947687,1.3232579532184838,0.12871287128712872,0.2812800146357081,0.968,11/55,12.44%,CA2;SELENBP1;PDZK1IP1;TRIM10;P4HA2;KDM7A;KLF3;MAP2K3;BLVRB;MBOAT2;CAT
11,9,anal_pc5_c21_S1.filtered.gene_spectra_score.k_11.dt_0_01.txt,prerank,HALLMARK_KRAS_SIGNALING_UP,0.43997514724049613,1.2962303835920947,0.10537870472008781,0.3023645815864498,0.984,28/131,12.54%,CA2;TSPAN1;MALL;CTSS;KLF4;SPON1;TMEM176B;BMP2;ID2;TMEM176A;FUCA1;CFB;ACE;TSPAN13;TSPAN7;CCND2;DUSP6;SPRY2;SLPI;MPZL2;EPHB2;VWA5A;EPB41L3;CCL20;HBEGF;LIF;BTC;TRIB1
11,9,anal_pc5_c21_S1.filtered.gene_spectra_score.k_11.dt_0_01.txt,prerank,HALLMARK_MTORC1_SIGNALING,-0.32232177038089327,-1.2831137576447706,0.10884353741496598,0.2018000486499635,0.6026026026026026,25/72,17.48%,GCLC;MCM2;TXNRD1;MCM4;SLC6A6;PHGDH;CORO1A;ELOVL5;SLC1A4;PIK3R3;SLC2A1;CXCR4;RRM2;BTG2;PLK1;ITGB2;NIBAN1;BUB1;SLC7A11;FADS2;PDK1;CCNF;IGFBP5;FGL2;SLA
11,9,anal_pc5_c21_S1.filtered.gene_spectra_score.k_11.dt_0_01.txt,prerank,HALLMARK_GLYCOLYSIS,0.44939137237915844,1.2611258383715012,0.1640530759951749,0.3449928404649183,0.99,13/67,9.30%,B3GNT3;ELF3;HK2;QSOX1;DSC2;NT5E;CITED2;TFF3;CYB5A;HSPA5;P4HA2;SLC16A3;IER3
11,9,anal_pc5_c21_S1.filtered.gene_spectra_score.k_11.dt_0_01.txt,prerank,HALLMARK_P53_PATHWAY,0.4424536372821472,1.2499805410679146,0.16648168701442842,0.3414807982559115,0.994,28/89,12.46%,AK1;KLF4;EPS8L2;TOB1;CDKN2B;BMP2;FUCA1;FOS;CTSD;TSC22D1;KIF13B;CCND2;NUPR1;SERPINB5;CDKN1A;IER3;CEBPA;ITGB4;VWA5A;GPX2;SAT1;TRAF4;HBEGF;LIF;PDGFA;JUN;RNF19B;TGFA
11,9,anal_pc5_c21_S1.filtered.gene_spectra_score.k_11.dt_0_01.txt,prerank,HALLMARK_ADIPOGENESIS,0.44458200147265137,1.2052867197158135,0.22448979591836735,0.3986080831796076,0.998,6/51,5.10%,PPARG;MGLL;TOB1;ACAA2;ESRRA;ACOX1
11,9,anal_pc5_c21_S1.filtered.gene_spectra_score.k_11.dt_0_01.txt,prerank,HALLMARK_IL2_STAT5_SIGNALING,0.39490412509705036,1.180216961991738,0.22246455834242093,0.4219457487841691,1.0,18/127,9.12%,CA2;MUC1;HK2;ST3GAL4;BMP2;NFKBIZ;IL1R2;TNFRSF21;NT5E;CDCP1;CCND2;SPRY4;SLC39A8;PNP;WLS;SMPDL3A;CAPG;CTSZ
11,9,anal_pc5_c21_S1.filtered.gene_spectra_score.k_11.dt_0_01.txt,prerank,HALLMARK_COMPLEMENT,0.3900328087585022,1.1612245123318505,0.253551912568306,0.43201704629529153,1.0,27/122,14.40%,CA2;LGALS3;CTSS;CPM;PRSS3;KLK1;CFB;CTSD;SERPINA1;HSPA5;DUSP6;LRP1;CSRP1;PRKCD;C4BPB;ME1;DPP4;CASP5;TIMP1;ADAM9;CTSL;LGMN;STX4;CD55;CPQ;KLKB1;SH2B3
11,9,anal_pc5_c21_S1.filtered.gene_spectra_score.k_11.dt_0_01.txt,prerank,HALLMARK_REACTIVE_OXYGEN_SPECIES_PATHWAY,-0.3997099159806955,-1.143814958596345,0.3134715025906736,0.37405187855200017,0.8568568568568569,4/19,2.24%,GCLC;LSP1;TXNRD1;FTL
11,9,anal_pc5_c21_S1.filtered.gene_spectra_score.k_11.dt_0_01.txt,prerank,HALLMARK_SPERMATOGENESIS,-0.30959282151717527,-1.0581785337735419,0.35080645161290325,0.4995033649558096,0.928928928928929,18/36,38.72%,EZH2;CDK1;GSTM3;CCNB2;BUB1;NEK2;KIF2C;TTK;HSPA4L;LPIN1;CAMK4;DMC1;PCSK1N;TCP11;GFI1;HSPA2;SHE;AURKA
11,9,anal_pc5_c21_S1.filtered.gene_spectra_score.k_11.dt_0_01.txt,prerank,HALLMARK_HYPOXIA,0.3580619682327401,1.0528138020857332,0.3940724478594951,0.6181871541170552,1.0,17/111,11.20%,SELENBP1;CA12;PPARGC1A;HK2;PLAC8;FOS;CITED2;HSPA5;P4HA2;CDKN1A;SDC4;IER3;ZFP36;DUSP1;FBP1;LXN;EFNA1
11,9,anal_pc5_c21_S1.filtered.gene_spectra_score.k_11.dt_0_01.txt,prerank,HALLMARK_INFLAMMATORY_RESPONSE,-0.21813633044125028,-0.9917783634094592,0.5161290322580645,0.604223191063376,0.9629629629629629,50/141,28.24%,PLAUR;SPHK1;TNFSF10;GPC3;ITGB8;SEMA4D;EMP3;BTG2;GABBR1;ADM;IL10RA;PCDH7;SLC7A2;LCP2;LCK;IL7R;RASGRP1;IL2RB;OSMR;CCL24;TLR2;ABCA1;SELL;CD48;DCBLD2;CD40;SLAMF1;MYC;GPR132;CCL5;CSF1;KCNA3;PIK3R5;HPN;ITGA5;PTPRE;GPR183;TNFRSF1B;PDPN;TLR1;IRF7;CCR7;RGS1;CX3CL1;AHR;IL1R1;CYBB;CD69;PDE4B;LYN
11,9,anal_pc5_c21_S1.filtered.gene_spectra_score.k_11.dt_0_01.txt,prerank,HALLMARK_UV_RESPONSE_DN,0.34002632464467003,0.9533559363671162,0.5378346915017462,0.7825758846218346,1.0,9/69,10.56%,PPARG;MGLL;ID1;ERBB2;CITED2;FHL2;ICA1;SMAD7;DUSP1
11,9,anal_pc5_c21_S1.filtered.gene_spectra_score.k_11.dt_0_01.txt,prerank,HALLMARK_APICAL_JUNCTION,0.3287844794050932,0.9466471097142032,0.592880978865406,0.755068757336911,1.0,6/101,3.06%,CLDN7;PCDH1;CLDN4;ITGA3;CDH1;WNK4
11,9,anal_pc5_c21_S1.filtered.gene_spectra_score.k_11.dt_0_01.txt,prerank,HALLMARK_UNFOLDED_PROTEIN_RESPONSE,-0.3037914110405242,-0.9221678900824886,0.58125,0.7248497063627203,0.990990990990991,14/23,42.02%,VEGFA;SLC1A4;NABP1;TSPYL2;HERPUD1;IFIT1;ATF3;CEBPB;DNAJB9;PSAT1;CCL2;TUBB2A;SLC7A5;ERN1
11,9,anal_pc5_c21_S1.filtered.gene_spectra_score.k_11.dt_0_01.txt,prerank,HALLMARK_APICAL_SURFACE,0.3867492415060396,0.9215693629079338,0.563150074294205,0.7648954265590187,1.0,2/27,1.96%,ATP8B1;AKAP7
11,9,anal_pc5_c21_S1.filtered.gene_spectra_score.k_11.dt_0_01.txt,prerank,HALLMARK_TNFA_SIGNALING_VIA_NFKB,0.3037564742610387,0.9103115106007896,0.6243386243386243,0.7502629853795374,1.0,32/150,13.14%,KLF4;BMP2;ID2;IL18;FOS;CCND1;PHLDA2;TSC22D1;HES1;EDN1;JAG1;CXCL3;CDKN1A;SDC4;IER3;ZFP36;PTGER4;CCRL2;MAP2K3;SOD2;DUSP1;SAT1;EFNA1;CCL20;HBEGF;LIF;JUN;RNF19B;TRIB1;EGR1;G0S2;LAMB3
11,9,anal_pc5_c21_S1.filtered.gene_spectra_score.k_11.dt_0_01.txt,prerank,HALLMARK_APOPTOSIS,0.3123476126917679,0.8832485526255907,0.6209302325581395,0.7619377465384363,1.0,15/79,12.20%,LGALS3;ERBB2;BMP2;ERBB3;IL18;CCND1;CCND2;CDKN1A;IER3;SMAD7;SOD2;SAT1;JUN;CTH;TIMP1
11,9,anal_pc5_c21_S1.filtered.gene_spectra_score.k_11.dt_0_01.txt,prerank,HALLMARK_COAGULATION,-0.20681547448515306,-0.8664052285514954,0.7891156462585034,0.8025135814481472,0.996996996996997,37/79,37.52%,PRSS23;ANXA1;CTSB;C1R;CTSH;ITGA2;FYN;HTRA1;C1S;CLU;GSN;USP11;SPARC;PLAU;FBN1;PLEK;HPN;A2M;PECAM1;CTSK;SH2B2;LTA4H;FN1;MAFF;CFD;DUSP14;MMP2;MMP11;CFH;THBD;C1QA;C3;CRIP2;TIMP3;BMP1;PDGFB;SERPING1
11,9,anal_pc5_c21_S1.filtered.gene_spectra_score.k_11.dt_0_01.txt,prerank,HALLMARK_DNA_REPAIR,0.3744714324574819,0.8653545989857884,0.6359447004608295,0.7562573369109509,1.0,3/22,8.04%,AK1;PNP;VPS37B
11,9,anal_pc5_c21_S1.filtered.gene_spectra_score.k_11.dt_0_01.txt,prerank,HALLMARK_KRAS_SIGNALING_DN,0.3061522151997118,0.8640865864329529,0.6822323462414579,0.7282710045279222,1.0,5/78,8.40%,HSD11B2;TFCP2L1;GPRC5C;EDN1;SLC6A14
11,9,anal_pc5_c21_S1.filtered.gene_spectra_score.k_11.dt_0_01.txt,prerank,HALLMARK_WNT_BETA_CATENIN_SIGNALING,-0.3000794531917269,-0.7974467787407781,0.7584415584415585,0.8777061542203843,1.0,7/15,22.52%,JAG2;TCF7;CSNK1E;HEY1;DLL1;MYC;RBPJ
11,9,anal_pc5_c21_S1.filtered.gene_spectra_score.k_11.dt_0_01.txt,prerank,HALLMARK_MYOGENESIS,0.2714702079388439,0.7924344762154809,0.8145336225596529,0.7969433300223172,1.0,8/112,9.16%,CKB;AK1;VIPR1;ERBB3;DAPK2;MB;MAPRE3;CDKN1A
11,9,anal_pc5_c21_S1.filtered.gene_spectra_score.k_11.dt_0_01.txt,prerank,HALLMARK_ANGIOGENESIS,-0.24661083536107356,-0.7791381203656185,0.8333333333333334,0.8508878618341036,1.0,13/29,32.46%,FGFR1;VEGFA;JAG2;FSTL1;S100A4;COL3A1;VCAN;COL5A2;LUM;VAV2;SLCO2A1;THBD;NRP1
11,9,anal_pc5_c21_S1.filtered.gene_spectra_score.k_11.dt_0_01.txt,prerank,HALLMARK_IL6_JAK_STAT3_SIGNALING,0.27795884174417623,0.7604429470669773,0.788293897882939,0.8044049415842137,1.0,3/53,5.08%,PLA2G2A;IL1R2;TNFRSF21
11,10,anal_pc5_c21_S1.filtered.gene_spectra_score.k_11.dt_0_01.txt,prerank,HALLMARK_ALLOGRAFT_REJECTION,-0.49754827183239286,-2.1681265088824695,0.0,0.001643655489809336,0.001,69/121,28.04%,CCND2;CTSS;CD74;ITGAL;IL2RG;IL16;CD79A;HCLS1;ETS1;LTB;IRF8;SRGN;CD2;FYB1;PTPN6;ITGB2;CD96;PTPRC;ZAP70;MAP4K1;FLNA;IRF4;STAB1;CD4;CD40;CD3D;NCF4;CD3E;PRKCB;CSF1;LCP2;ITK;LCK;CD8A;CD28;TIMP1;SPI1;IL2RB;WAS;ST8SIA4;LY75;THY1;FGR;IL12RB1;IRF7;CCL5;STAT4;CD247;CD1D;IL27RA;LY86;CD3G;FAS;SIT1;CCND3;CCR5;FCGR2B;CD7;C2;CXCR3;IL7;CD40LG;GPR65;TRAT1;JAK2;CCL11;TLR6;GZMA;PRF1
11,10,anal_pc5_c21_S1.filtered.gene_spectra_score.k_11.dt_0_01.txt,prerank,HALLMARK_KRAS_SIGNALING_DN,0.7511455361912978,1.912434306893655,0.0,0.0,0.0,19/78,7.78%,SPRR3;SLC6A14;KRT13;KLK7;TGM1;LYPD3;SERPINB2;KRT4;ALOX12B;CALML5;PKP1;SGK1;EDN2;KLK8;AKR1B10;KRT15;SPTBN2;FGFR3;MX1
11,10,anal_pc5_c21_S1.filtered.gene_spectra_score.k_11.dt_0_01.txt,prerank,HALLMARK_E2F_TARGETS,0.688553139667514,1.7247870982266391,0.0023094688221709007,0.017037662200654075,0.037,42/54,25.50%,CDKN2A;CDKN1A;MCM4;MCM2;ESPL1;TCF19;HELLS;MCM6;SMC4;EZH2;TK1;PTTG1;CDK1;RRM2;CDKN2C;ORC6;CENPM;TFRC;LIG1;CKS2;BIRC5;MYBL2;LMNB1;MELK;TOP2A;HMGB2;KPNA2;DEPDC1;CDCA3;ANP32E;KIF2C;HMMR;SPC25;CIT;DLGAP5;DIAPH3;CCNB2;CDC20;NCAPD2;KIF18B;POLE;PLK1
11,10,anal_pc5_c21_S1.filtered.gene_spectra_score.k_11.dt_0_01.txt,prerank,HALLMARK_P53_PATHWAY,0.6427997331467038,1.6889517501030729,0.0,0.023015789288602876,0.073,46/89,17.56%,EPHA2;IL1A;CDKN2B;SAT1;TM4SF1;MXD1;CDKN2A;CLCA2;SERPINB5;CDKN1A;KRT17;NDRG1;KLK8;GM2A;ABCC5;GADD45A;EPHX1;TP63;SPHK1;GPX2;SLC7A11;ZNF365;RRAD;PPP1R15A;HSPA4L;ATF3;EPS8L2;RNF19B;HMOX1;MDM2;HBEGF;TGFA;KLF4;DDIT4;IER3;UPP1;ALOX15B;RAP2B;TSC22D1;RGS16;IER5;TRAF4;TRIB3;PLK2;SLC19A2;CDH13
11,10,anal_pc5_c21_S1.filtered.gene_spectra_score.k_11.dt_0_01.txt,prerank,HALLMARK_TNFA_SIGNALING_VIA_NFKB,0.586209066788403,1.5789416515106205,0.0,0.09079280514822238,0.318,54/150,17.10%,SERPINB2;IL1A;SAT1;DUSP5;MAFF;PHLDA1;MXD1;IL23A;CDKN1A;SGK1;VEGFA;GADD45A;SERPINB8;SDC4;SPHK1;ACKR3;TNFAIP2;NFKBIA;NAMPT;TIPARP;SOD2;CEBPB;LDLR;FOSL1;BCL6;PLAU;PPP1R15A;ATF3;F3;PHLDA2;RNF19B;DUSP1;HBEGF;KYNU;KLF4;IL18;TLR2;ZFP36;IER3;JAG1;PDLIM5;PLAUR;LAMB3;SMAD3;EGR1;TSC22D1;PFKFB3;IER5;NFIL3;IFIT2;CXCL10;ZC3H12A;DUSP4;PLK2
11,10,anal_pc5_c21_S1.filtered.gene_spectra_score.k_11.dt_0_01.txt,prerank,HALLMARK_APICAL_SURFACE,0.6893592961403773,1.5422343451234912,0.0228494623655914,0.11280725814959383,0.448,3/27,1.40%,RHCG;MAL;LYPD3
11,10,anal_pc5_c21_S1.filtered.gene_spectra_score.k_11.dt_0_01.txt,prerank,HALLMARK_CHOLESTEROL_HOMEOSTASIS,0.6519407885260344,1.5277952228929683,0.04198473282442748,0.11029644477265534,0.503,19/35,16.32%,FABP5;MAL2;ALCAM;ERRFI1;SCD;ACAT2;LDLR;ATF3;HMGCR;MVK;TM7SF2;CXCL16;FDPS;JAG1;HMGCS1;FASN;PLAUR;NFIL3;TRIB3
11,10,anal_pc5_c21_S1.filtered.gene_spectra_score.k_11.dt_0_01.txt,prerank,HALLMARK_G2M_CHECKPOINT,0.5811063105074766,1.4834067747774957,0.030303030303030304,0.14616520730034815,0.665,54/68,27.96%,MCM2;ESPL1;MCM6;E2F1;SMC4;EZH2;PTTG1;ODC1;CDK1;NUSAP1;SMAD3;CDKN2C;TPX2;ORC6;MT2A;PRC1;MEIS1;CKS2;RAD54L;KIF11;CDC45;SNRPD1;BIRC5;MYBL2;LMNB1;CCNF;POLQ;NEK2;TTK;FBXO5;TOP2A;UBE2C;KPNA2;KIF23;SLC7A1;NDC80;KIF2C;HMMR;CENPF;EXO1;CCNB2;CDC20;MAP3K20;POLE;PLK1;TROAP;MYC;CENPE;MKI67;CENPA;KIF20B;BUB1;KIF15;TACC3
11,10,anal_pc5_c21_S1.filtered.gene_spectra_score.k_11.dt_0_01.txt,prerank,HALLMARK_ESTROGEN_RESPONSE_EARLY,0.5484069484528861,1.4396383317944492,0.011470281543274244,0.1942517670640363,0.807,35/118,13.24%,KLK10;KRT13;CLIC3;ZNF185;AQP3;ANXA9;SULT2B1;PMAIP1;KRT19;SLC2A1;RAPGEFL1;P2RY2;DHRS3;ELF3;WWC1;KRT15;UGCG;TIPARP;TFAP2C;KAZN;HR;MAST4;RHOD;RAB31;CELSR1;SCNN1A;BLVRB;PTGES;PRSS23;KLF4;PPIF;GJA1;FASN;FLNB;LAD1
11,10,anal_pc5_c21_S1.filtered.gene_spectra_score.k_11.dt_0_01.txt,prerank,HALLMARK_HYPOXIA,0.5399104521757334,1.4181460562867312,0.02410901467505241,0.2078395517576866,0.863,37/111,15.84%,ERO1A;SULT2B1;MAFF;PKP1;PIM1;SLC2A1;CDKN1A;NDRG1;GPC1;EDN2;VEGFA;ERRFI1;SDC4;ACKR3;TMEM45A;TIPARP;ADM;BNIP3L;PPP1R15A;ATF3;VLDLR;F3;GPC3;DUSP1;HMOX1;LOX;DDIT4;ZFP36;IER3;PGF;PLAUR;MT2A;MXI1;SLC6A6;PFKFB3;NFIL3;PLAC8
11,10,anal_pc5_c21_S1.filtered.gene_spectra_score.k_11.dt_0_01.txt,prerank,HALLMARK_ESTROGEN_RESPONSE_LATE,0.5295462454156026,1.3783038133970458,0.05084745762711865,0.25861377782466505,0.928,32/106,14.78%,KLK10;KRT13;CLIC3;KLK11;ANXA9;SULT2B1;NMU;FABP5;KRT19;MDK;SGK1;RAPGEFL1;ASS1;TFAP2C;FGFR3;HR;HSPA4L;CYP4F11;RAB31;SCNN1A;BLVRB;CXCL14;PTGES;PRSS23;KLF4;ZFP36;PLXNB1;PPIF;FLNB;CPE;LAMC2;FOXC1
11,10,anal_pc5_c21_S1.filtered.gene_spectra_score.k_11.dt_0_01.txt,prerank,HALLMARK_EPITHELIAL_MESENCHYMAL_TRANSITION,-0.2798961438747427,-1.3193046660644128,0.0,0.48570019723865876,0.44,55/164,16.84%,TPM1;COL6A2;WIPF1;NT5E;COL3A1;COL1A2;FN1;MYLK;COL6A3;MYL9;TPM2;IGFBP4;IL32;ACTA2;COL4A2;DAB2;ANPEP;COL5A1;CALD1;COL1A1;SPARC;FMOD;TAGLN;COL5A2;FUCA1;COL4A1;COL16A1;ITGA5;FLNA;LRP1;MMP2;DCN;TIMP3;CXCL12;GLIPR1;NID2;EDIL3;PCOLCE;PMP22;PDGFRB;CCN2;LUM;PMEPA1;FBN1;GREM1;FBLN5;TIMP1;ABI3BP;EMP3;NNMT;BGN;ITGB3;THY1;LAMA2;LOXL2
11,10,anal_pc5_c21_S1.filtered.gene_spectra_score.k_11.dt_0_01.txt,prerank,HALLMARK_APOPTOSIS,0.5036667147209958,1.2947979215476402,0.13854748603351955,0.4245557164641456,0.988,16/79,12.30%,ANXA1;EMP1;IL1A;SAT1;PMAIP1;CDKN1A;TNFSF10;GADD45A;PLAT;SOD2;BNIP3L;ATF3;HMOX1;IL18;IER3;ERBB3
11,10,anal_pc5_c21_S1.filtered.gene_spectra_score.k_11.dt_0_01.txt,prerank,HALLMARK_MTORC1_SIGNALING,0.5021949984330878,1.2745093745502252,0.14960629921259844,0.4393176143756373,0.994,27/72,16.32%,ERO1A;SLC2A1;CDKN1A;SCD;GCLC;MCM4;NAMPT;MCM2;TXNRD1;LDLR;SLC7A11;PHGDH;INSIG1;PIK3R3;PPP1R15A;VLDLR;HMGCR;TM7SF2;DDIT4;HMGCS1;PSAT1;RRM2;SLC6A6;NFIL3;TFRC;ME1;TRIB3
11,10,anal_pc5_c21_S1.filtered.gene_spectra_score.k_11.dt_0_01.txt,prerank,HALLMARK_HEME_METABOLISM,0.5001745082079311,1.2490400146274792,0.19444444444444445,0.46656982641791167,0.997,16/55,12.10%,AQP3;SLC2A1;BPGM;CTSB;PDZK1IP1;SLC6A8;GCLC;KLF3;SLC7A11;BNIP3L;MBOAT2;ALDH1L1;BLVRB;OSBP2;DAAM1;BCAM
11,10,anal_pc5_c21_S1.filtered.gene_spectra_score.k_11.dt_0_01.txt,prerank,HALLMARK_FATTY_ACID_METABOLISM,0.501843573624791,1.2164551120758282,0.23651960784313725,0.5118344309978449,0.999,14/44,13.82%,GLUL;ALDH3A1;ALDH1A1;EPHX1;VNN1;ACAT2;TP53INP2;CBR3;CEL;ACSL1;ODC1;HMGCS1;FASN;ACOX1
11,10,anal_pc5_c21_S1.filtered.gene_spectra_score.k_11.dt_0_01.txt,prerank,HALLMARK_XENOBIOTIC_METABOLISM,0.47489048522305666,1.2146943479097456,0.19956616052060738,0.48249463726834757,0.999,24/80,15.18%,EPHA2;ALDH3A1;NDRG2;CYP2C18;EPHX1;VNN1;GCLC;CES1;FMO3;AKR1C3;AKR1C2;NQO1;PTGR1;HMOX1;TPST1;BLVRB;PTGES;KYNU;UPP1;PDLIM5;ACOX1;CFB;MT2A;SLC6A6
11,10,anal_pc5_c21_S1.filtered.gene_spectra_score.k_11.dt_0_01.txt,prerank,HALLMARK_ANDROGEN_RESPONSE,0.49706697694811275,1.1838376649022275,0.27923627684964203,0.5322027640046418,0.999,13/41,14.66%,SAT1;KRT19;STEAP4;NDRG1;SGK1;SCD;INSIG1;DBI;HMGCR;INPP4B;HMGCS1;PDLIM5;TSC22D1
11,10,anal_pc5_c21_S1.filtered.gene_spectra_score.k_11.dt_0_01.txt,prerank,HALLMARK_IL2_STAT5_SIGNALING,0.4480286299084974,1.180993775113554,0.23132780082987553,0.5077012343074164,0.999,13/127,5.58%,ECM1;EMP1;HOPX;MAFF;PHLDA1;MXD1;PIM1;IKZF2;NDRG1;TNFSF10;DHRS3;ALCAM;IRF6
11,10,anal_pc5_c21_S1.filtered.gene_spectra_score.k_11.dt_0_01.txt,prerank,HALLMARK_ANGIOGENESIS,-0.3832553399458257,-1.1728974721855903,0.23170731707317074,0.6941705018628096,0.723,11/29,24.72%,CCND2;COL3A1;COL5A2;SLCO2A1;LUM;NRP1;TIMP1;VCAN;VAV2;S100A4;PDGFA
11,10,anal_pc5_c21_S1.filtered.gene_spectra_score.k_11.dt_0_01.txt,prerank,HALLMARK_IL6_JAK_STAT3_SIGNALING,-0.3224974413248185,-1.1543281985595282,0.20930232558139536,0.5728139381985535,0.758,15/53,16.98%,PLA2G2A;A2M;IL2RG;ITGA4;LTB;IL1R2;TNFRSF1B;CSF2RB;CSF1;PIK3R5;IRF1;CD14;ITGB3;CD38;IL12RB1
11,10,anal_pc5_c21_S1.filtered.gene_spectra_score.k_11.dt_0_01.txt,prerank,HALLMARK_UV_RESPONSE_UP,0.4541302127108025,1.145834537979443,0.3072562358276644,0.5609974094782619,0.999,26/66,20.90%,AQP3;CDKN2B;CTSV;DNAJB1;EPHX1;SLC6A8;NFKBIA;SOD2;RRAD;ATF3;HMOX1;PPIF;CYB5R1;CREG1;TFRC;LYN;BCL2L11;SHOX2;CDKN1C;IGFBP2;LHX2;RHOB;MMP14;PPT1;HSPA2;TCHH
11,10,anal_pc5_c21_S1.filtered.gene_spectra_score.k_11.dt_0_01.txt,prerank,HALLMARK_COAGULATION,0.4382181582577311,1.1270410669955098,0.31200897867564537,0.5748913109866131,1.0,14/79,10.78%,ANXA1;SERPINB2;MAFF;CTSV;KLK8;ADAM9;DUSP14;CTSB;PLAT;ITGA2;PLAU;F3;MMP7;PRSS23
11,10,anal_pc5_c21_S1.filtered.gene_spectra_score.k_11.dt_0_01.txt,prerank,HALLMARK_HEDGEHOG_SIGNALING,0.5313014794954397,1.1144603588128104,0.3805309734513274,0.5714790589724654,1.0,8/17,18.84%,VEGFA;SLIT1;ADGRG1;VLDLR;CELSR1;HEY1;CRMP1;NRCAM
11,10,anal_pc5_c21_S1.filtered.gene_spectra_score.k_11.dt_0_01.txt,prerank,HALLMARK_PEROXISOME,0.4623538415929274,1.0881701686661642,0.38179519595448796,0.6015276877709623,1.0,11/32,13.94%,SULT2B1;CRABP2;ALDH1A1;DHRS3;ABCC5;SOD2;CEL;FDPS;ACSL1;ACOX1;STS
11,10,anal_pc5_c21_S1.filtered.gene_spectra_score.k_11.dt_0_01.txt,prerank,HALLMARK_MYOGENESIS,-0.25517511525003245,-1.0812460755535385,0.2826086956521739,0.6255752794214333,0.852,27/112,16.64%,COL6A2;AK1;COL3A1;BIN1;SMTN;LSP1;MYLK;COL6A3;AEBP1;TPM2;COL4A2;COL1A1;SPARC;TAGLN;IGFBP7;COL15A1;CKB;SOD3;SORBS1;CACNA1H;FHL1;DAPK2;PDLIM7;ITGA7;MEF2C;LAMA2;DES
11,10,anal_pc5_c21_S1.filtered.gene_spectra_score.k_11.dt_0_01.txt,prerank,HALLMARK_UNFOLDED_PROTEIN_RESPONSE,0.48583026381605,1.0795543380005324,0.4016393442622951,0.591875341664349,1.0,7/23,14.76%,ERO1A;VEGFA;CEBPB;ATF3;DDIT4;PSAT1;IFIT1
11,10,anal_pc5_c21_S1.filtered.gene_spectra_score.k_11.dt_0_01.txt,prerank,HALLMARK_BILE_ACID_METABOLISM,-0.30830745974635615,-1.0291133728493234,0.386046511627907,0.645956607495069,0.905,10/37,14.48%,ACSL5;NR3C2;HSD17B11;TFCP2L1;SULT1B1;NR1I2;ABCA2;CAT;LCK;ABCA8
11,10,anal_pc5_c21_S1.filtered.gene_spectra_score.k_11.dt_0_01.txt,prerank,HALLMARK_GLYCOLYSIS,0.3904205170974511,0.976900416281524,0.532058492688414,0.7798726704798249,1.0,13/67,13.02%,ERO1A;DSC2;GPC1;VEGFA;ELF3;GCLC;VLDLR;GPC3;TPST1;TGFA;DDIT4;IER3;CDK1
11,10,anal_pc5_c21_S1.filtered.gene_spectra_score.k_11.dt_0_01.txt,prerank,HALLMARK_REACTIVE_OXYGEN_SPECIES_PATHWAY,0.43833581360979296,0.9357461123291577,0.549777117384844,0.8278585117980095,1.0,5/19,12.20%,GCLC;NQO1;SOD2;TXNRD1;FTL
11,10,anal_pc5_c21_S1.filtered.gene_spectra_score.k_11.dt_0_01.txt,prerank,HALLMARK_UV_RESPONSE_DN,-0.241176039176596,-0.9284466982884111,0.6415094339622641,0.8361510284587209,0.969,24/69,20.44%,CELF2;TGFBR2;COL3A1;COL1A2;PPARG;KCNMA1;FHL2;DAB2;COL1A1;COL5A2;PIK3CD;KALRN;PMP22;FYN;PDGFRB;NRP1;FBLN5;PLPP3;ITGB3;IGFBP5;LTBP1;SYNE1;PLCB4;VAV2
11,10,anal_pc5_c21_S1.filtered.gene_spectra_score.k_11.dt_0_01.txt,prerank,HALLMARK_ADIPOGENESIS,-0.2585841121193886,-0.9199464910630155,0.6158940397350994,0.7505341880341879,0.975,19/51,21.08%,PPARG;MYLK;LAMA4;COL15A1;COL4A1;SORBS1;ITIH5;ACAA2;SCARB1;PHLDB1;ENPP2;CAT;ITGA7;APOE;ESRRA;LIFR;UCP2;FZD4;SPARCL1
11,10,anal_pc5_c21_S1.filtered.gene_spectra_score.k_11.dt_0_01.txt,prerank,HALLMARK_TGF_BETA_SIGNALING,0.40773275197022163,0.89871763981348,0.6123595505617978,0.8622133136406793,1.0,9/24,18.36%,ID1;TJP1;PPP1R15A;RAB31;SMAD3;WWTR1;CDKN1C;TGIF1;CDH1
11,10,anal_pc5_c21_S1.filtered.gene_spectra_score.k_11.dt_0_01.txt,prerank,HALLMARK_COMPLEMENT,0.3374940771431823,0.8941253375388206,0.6690871369294605,0.8367768427373872,1.0,15/122,11.06%,S100A12;SERPINB2;DUSP5;MAFF;CD55;PIM1;CTSV;ADAM9;CTSB;PLAT;CEBPB;PDP1;F3;HSPA1A;KYNU
11,10,anal_pc5_c21_S1.filtered.gene_spectra_score.k_11.dt_0_01.txt,prerank,HALLMARK_INFLAMMATORY_RESPONSE,0.3292044288391342,0.8796055098459853,0.6904024767801857,0.8299633107102249,1.0,23/141,15.24%,ITGB8;IL1A;CD55;MXD1;CDKN1A;TNFSF10;P2RY2;SPHK1;NFKBIA;NAMPT;LDLR;ADM;CXCL8;F3;GPC3;HBEGF;IL18;TLR2;RNF144B;PLAUR;CX3CL1;RGS16;PCDH7
11,10,anal_pc5_c21_S1.filtered.gene_spectra_score.k_11.dt_0_01.txt,prerank,HALLMARK_APICAL_JUNCTION,0.2981858085477107,0.7887310532985881,0.8086680761099366,0.9375518062483988,1.0,23/101,15.52%,NECTIN4;MPZL2;MDK;ADAM9;GRB7;CDH3;ITGA2;TJP1;INSIG1;PIK3R3;ADAM23;CDSN;PPP2R2C;LAYN;ALOX15B;CLDN4;LAMB3;WASL;BMP1;CX3CL1;LAMC2;LAMA3;FSCN1
11,10,anal_pc5_c21_S1.filtered.gene_spectra_score.k_11.dt_0_01.txt,prerank,HALLMARK_PI3K_AKT_MTOR_SIGNALING,0.32691551870616603,0.7589413374840793,0.7577720207253886,0.942389892721115,1.0,9/32,17.34%,SLC2A1;CDKN1A;MAPK10;PIK3R3;E2F1;CDK1;TRIB3;TIAM1;DAPP1
11,10,anal_pc5_c21_S1.filtered.gene_spectra_score.k_11.dt_0_01.txt,prerank,HALLMARK_MITOTIC_SPINDLE,0.29528013508269296,0.7541524198130503,0.8032786885245902,0.9168952421141472,1.0,37/77,23.46%,ESPL1;SMC4;PALLD;ECT2;CDK1;NUSAP1;FLNB;PDLIM5;WASL;CEP72;TPX2;CDC42EP4;ANLN;FSCN1;PRC1;KIF11;BCL2L11;BIRC5;TIAM1;LMNB1;GSN;CEP250;DST;NEK2;TTK;FBXO5;TOP2A;KNTC1;KIF23;NET1;NDC80;KIF2C;STK38L;CENPF;DLGAP5;CCNB2;MID1
11,10,anal_pc5_c21_S1.filtered.gene_spectra_score.k_11.dt_0_01.txt,prerank,HALLMARK_KRAS_SIGNALING_UP,0.27946215294757687,0.7492959011396856,0.8652849740932642,0.8927272170400444,1.0,14/131,11.58%,SLPI;EMP1;ERO1A;MALL;MPZL2;BPGM;PLAT;ITGA2;PLAU;PPP1R15A;HBEGF;GPNMB;KLF4;HOXD11
11,10,anal_pc5_c21_S1.filtered.gene_spectra_score.k_11.dt_0_01.txt,prerank,HALLMARK_INTERFERON_ALPHA_RESPONSE,-0.20343166493571715,-0.7208277147960128,0.9177215189873418,1.0,0.999,16/50,24.52%,CD74;C1S;SP110;CASP8;CSF1;SELL;IRF1;TRIM14;ISG20;IRF7;LPAR6;TMEM140;SAMD9L;CCRL2;IFI30;IL7
11,10,anal_pc5_c21_S1.filtered.gene_spectra_score.k_11.dt_0_01.txt,prerank,HALLMARK_INTERFERON_GAMMA_RESPONSE,0.2611316160962533,0.6789701874078583,0.9115504682622269,0.9383044097478637,1.0,12/111,7.78%,GBP6;PIM1;CDKN1A;ISG15;BPGM;TNFSF10;IDO1;TNFAIP2;NFKBIA;NAMPT;SOD2;MX1
11,10,anal_pc5_c21_S1.filtered.gene_spectra_score.k_11.dt_0_01.txt,prerank,HALLMARK_DNA_REPAIR,-0.22264105642587656,-0.6745826798690642,0.9175257731958762,0.9483892176199868,0.999,2/22,3.50%,AK1;HCLS1
11,10,anal_pc5_c21_S1.filtered.gene_spectra_score.k_11.dt_0_01.txt,prerank,HALLMARK_WNT_BETA_CATENIN_SIGNALING,0.3230339053068315,0.6615628449616443,0.8232558139534883,0.9242456211018295,1.0,5/15,16.58%,DKK1;JAG1;HEY1;CSNK1E;PPARD
11,10,anal_pc5_c21_S1.filtered.gene_spectra_score.k_11.dt_0_01.txt,prerank,HALLMARK_SPERMATOGENESIS,0.2212809717857146,0.5199789112013772,0.9683944374209861,0.9818546260154025,1.0,12/36,24.58%,GSTM3;HSPA4L;EZH2;CDK1;LPIN1;NEK2;TTK;HSPA2;KIF2C;TCP11;CCNB2;TEKT2
11,11,anal_pc5_c21_S1.filtered.gene_spectra_score.k_11.dt_0_01.txt,prerank,HALLMARK_FATTY_ACID_METABOLISM,0.7541760937782498,1.7961428999093552,0.0,0.006071419061060369,0.006,10/44,8.24%,CA4;HPGD;MGLL;CA2;ACOX1;AQP7;ACAA2;TP53INP2;ACSL5;HSD17B11
11,11,anal_pc5_c21_S1.filtered.gene_spectra_score.k_11.dt_0_01.txt,prerank,HALLMARK_HYPOXIA,0.6816641424186123,1.783946324871325,0.0,0.004047612707373579,0.008,40/111,11.48%,PLAC8;EFNA1;PLAUR;VEGFA;ADM;HMOX1;CDKN1A;MXI1;NDRG1;HK2;ERRFI1;DUSP1;JUN;SELENBP1;PPARGC1A;PFKP;CA12;FOS;SDC4;ATF3;PPP1R15A;SLC2A1;ZFP36;CCNG2;PIM1;NFIL3;IER3;P4HA2;MAFF;ERO1A;VLDLR;SCARB1;IRS2;PKP1;LXN;NEDD4L;ISG20;PFKFB3;EDN2;ACKR3
11,11,anal_pc5_c21_S1.filtered.gene_spectra_score.k_11.dt_0_01.txt,prerank,HALLMARK_TNFA_SIGNALING_VIA_NFKB,0.6716186647550892,1.7734982718777625,0.0,0.0033730105894779826,0.01,49/150,11.48%,MXD1;EFNA1;PLAUR;KLF4;VEGFA;AREG;LAMB3;CDKN1A;BMP2;CCL20;DUSP1;JUN;IL18;EDN1;TSC22D1;RCAN1;PMEPA1;FOS;SDC4;TUBB2A;HBEGF;LDLR;PHLDA2;ATF3;PPP1R15A;SMAD3;ZFP36;RNF19B;MAP2K3;GADD45A;CCRL2;NFIL3;RHOB;LITAF;JAG1;IER3;MAFF;SGK1;PDLIM5;TRIB1;EHD1;IFIT2;IRF1;IRS2;FOSB;SERPINB8;CXCL3;PFKFB3;ACKR3
11,11,anal_pc5_c21_S1.filtered.gene_spectra_score.k_11.dt_0_01.txt,prerank,HALLMARK_ALLOGRAFT_REJECTION,-0.4139250402365424,-1.7724987556007148,0.0,0.011167985109353188,0.011022044088176353,59/121,21.98%,CCND2;CD74;ITGAL;IL16;LTB;CD79A;HCLS1;CD2;FLNA;SRGN;PTPRC;FYB1;ETS1;PTPN6;ITGB2;CD96;ZAP70;CD4;NCF4;MAP4K1;IRF8;STAB1;IRF4;CD3E;ST8SIA4;CD40;LCP2;LCK;CD3D;ITK;SPI1;C2;THY1;PRKCB;WAS;CSF1;CCL5;IL2RB;CD28;IL12RB1;ICAM1;STAT4;FAS;TLR6;IL27RA;CD247;FGR;GZMA;CD8A;CD40LG;CCL11;GPR65;IL2RA;CCR5;SIT1;PRF1;LY86;CD3G;TRAT1
11,11,anal_pc5_c21_S1.filtered.gene_spectra_score.k_11.dt_0_01.txt,prerank,HALLMARK_P53_PATHWAY,0.686713928898476,1.7536771977795065,0.0,0.004300588501584428,0.017,40/89,13.66%,MXD1;CDKN2B;KLF4;EPS8L2;HMOX1;CDKN1A;BMP2;NDRG1;JUN;EPHA2;ITGB4;TSC22D1;PDGFA;CTSD;FOS;TOB1;TM4SF1;HBEGF;KIF13B;ATF3;TCN2;PPP1R15A;RNF19B;GADD45A;UPP1;SERPINB5;IER3;TRAF4;TGFA;TP63;CEBPA;CDKN2A;KRT17;SLC7A11;MKNK2;RAP2B;DDIT3;CLCA2;SLC19A2;HEXIM1
11,11,anal_pc5_c21_S1.filtered.gene_spectra_score.k_11.dt_0_01.txt,prerank,HALLMARK_CHOLESTEROL_HOMEOSTASIS,0.7556493601452465,1.7469682366526365,0.002551020408163265,0.004249993342742258,0.021,12/35,8.18%,PLAUR;PPARG;LGALS3;ERRFI1;MAL2;TNFRSF12A;ANTXR2;LDLR;ATF3;CXCL16;NFIL3;JAG1
11,11,anal_pc5_c21_S1.filtered.gene_spectra_score.k_11.dt_0_01.txt,prerank,HALLMARK_ANDROGEN_RESPONSE,0.7168448452078289,1.699148019423116,0.002466091245376079,0.012142838122120737,0.069,12/41,9.54%,SELENOP;HPGD;SLC26A2;KRT8;NDRG1;TSC22D1;PMEPA1;PLPP1;KRT19;INPP4B;SGK1;PDLIM5
11,11,anal_pc5_c21_S1.filtered.gene_spectra_score.k_11.dt_0_01.txt,prerank,HALLMARK_GLYCOLYSIS,0.6574797487180005,1.6767386183770563,0.0,0.014311202072499439,0.094,19/67,11.20%,EGLN3;B3GNT3;ELF3;VEGFA;DSC2;SLC16A3;MXI1;PLOD2;HK2;PFKP;NT5E;IER3;P4HA2;ERO1A;QSOX1;TGFA;VLDLR;IRS2;ISG20
11,11,anal_pc5_c21_S1.filtered.gene_spectra_score.k_11.dt_0_01.txt,prerank,HALLMARK_ESTROGEN_RESPONSE_LATE,0.6324679485955994,1.637561682150951,0.0,0.02302079727318723,0.169,24/106,9.24%,PRSS23;SLC26A2;CKB;TJP3;KLF4;KCNK5;CA2;MDK;ASS1;AREG;LLGL2;LAMC2;SCNN1A;CDH1;CA12;FOS;FLNB;TOB1;KRT19;SLC16A1;ZFP36;RAPGEFL1;SGK1;FGFR3
11,11,anal_pc5_c21_S1.filtered.gene_spectra_score.k_11.dt_0_01.txt,prerank,HALLMARK_ESTROGEN_RESPONSE_EARLY,0.6184803827520725,1.6279536625004165,0.0020942408376963353,0.023948375185293677,0.196,23/118,6.82%,PRSS23;CLDN7;SLC26A2;TJP3;KRT8;ELF3;KLF4;KCNK5;FHL2;AREG;RETREG1;P2RY2;SCNN1A;CA12;FOS;FLNB;TOB1;DHRS3;KRT19;RHOD;SLC16A1;SLC2A1;WWC1
11,11,anal_pc5_c21_S1.filtered.gene_spectra_score.k_11.dt_0_01.txt,prerank,HALLMARK_PEROXISOME,0.6961062806755525,1.6174984908913463,0.017310252996005325,0.02458924719729449,0.221,9/32,8.24%,ABCB1;NR1I2;ACOX1;SEMA3C;DHRS3;HSD11B2;ACSL5;STS;HSD17B11
11,11,anal_pc5_c21_S1.filtered.gene_spectra_score.k_11.dt_0_01.txt,prerank,HALLMARK_UV_RESPONSE_UP,0.64765451663557,1.6139015921861222,0.012629161882893225,0.023641737858977493,0.232,15/66,11.00%,SLC6A8;ABCB1;CDKN2B;EPCAM;CA2;HMOX1;BMP2;FOS;ATF3;PRKCD;RHOB;C4BPB;TFRC;IRF1;FOSB
11,11,anal_pc5_c21_S1.filtered.gene_spectra_score.k_11.dt_0_01.txt,prerank,HALLMARK_TGF_BETA_SIGNALING,0.7387864331870958,1.6109575177595197,0.01430615164520744,0.022093219361080784,0.237,10/24,9.38%,BMP2;CDH1;THBS1;ID1;PMEPA1;PPP1R15A;SMAD3;TJP1;SLC20A1;SMAD7
11,11,anal_pc5_c21_S1.filtered.gene_spectra_score.k_11.dt_0_01.txt,prerank,HALLMARK_INTERFERON_ALPHA_RESPONSE,0.6434902080424635,1.5744759496760345,0.013173652694610778,0.03518309507178572,0.362,25/50,13.62%,OAS1;DDX60;IFI27;RSAD2;ISG15;CMPK2;SAMD9;TENT5A;MX1;IRF7;HERC6;TRIM25;TMEM140;CCRL2;IFI44;IFIT2;IRF1;OASL;ISG20;IFIT3;IFI44L;TRIM14;HELZ2;CXCL10;IFIH1
11,11,anal_pc5_c21_S1.filtered.gene_spectra_score.k_11.dt_0_01.txt,prerank,HALLMARK_HEDGEHOG_SIGNALING,0.7086404501437398,1.478199795138675,0.07266982622432859,0.09287825587455445,0.698,2/17,1.56%,ACHE;VEGFA
11,11,anal_pc5_c21_S1.filtered.gene_spectra_score.k_11.dt_0_01.txt,prerank,HALLMARK_APOPTOSIS,0.5562100866703441,1.4017492220892478,0.05245901639344262,0.1660195812141063,0.901,26/79,13.04%,EMP1;LGALS3;HMOX1;ERBB3;CDKN1A;BMP2;JUN;IL18;GSN;TNFRSF12A;ERBB2;ATF3;NEDD9;GADD45A;SLC20A1;TNFSF10;RHOB;IER3;SMAD7;IRF1;ISG20;GADD45B;BCL2L11;DDIT3;RARA;PMAIP1
11,11,anal_pc5_c21_S1.filtered.gene_spectra_score.k_11.dt_0_01.txt,prerank,HALLMARK_HEME_METABOLISM,0.5657166255492099,1.3927130948289337,0.08833922261484099,0.16759646366468728,0.913,16/55,13.84%,SLC6A8;CA2;MXI1;SELENBP1;KLF3;SLC2A1;MAP2K3;AGPAT4;PDZK1IP1;P4HA2;TFRC;SLC7A11;LPIN2;MBOAT2;MPP1;TRIM10
11,11,anal_pc5_c21_S1.filtered.gene_spectra_score.k_11.dt_0_01.txt,prerank,HALLMARK_DNA_REPAIR,0.6435661478009491,1.3725866598359568,0.13566433566433567,0.18345209359007894,0.947,4/22,4.64%,CDA;STX3;CMPK2;VPS37B
11,11,anal_pc5_c21_S1.filtered.gene_spectra_score.k_11.dt_0_01.txt,prerank,HALLMARK_KRAS_SIGNALING_UP,0.5131934613460094,1.3490658779935314,0.06269592476489028,0.20597851333078881,0.968,24/131,11.30%,TSPAN1;ABCB1;PTPRR;MALL;HKDC1;EMP1;PLAUR;KLF4;CA2;BMP2;CCL20;HDAC9;HBEGF;PPP1R15A;MPZL2;DUSP6;ERO1A;EPB41L3;SPRY2;TRIB1;CFB;CTSS;RBP4;HOXD11
11,11,anal_pc5_c21_S1.filtered.gene_spectra_score.k_11.dt_0_01.txt,prerank,HALLMARK_XENOBIOTIC_METABOLISM,0.5297264958098555,1.3424221893543975,0.09470124013528748,0.20360557079327884,0.971,24/80,14.02%,CDA;XDH;CA2;HMOX1;ACOX1;EPHA2;ABCC3;PPARD;BCAR1;UPP1;CYP27A1;PDLIM5;CFB;RBP4;AKR1C2;NQO1;TMEM176B;CYP2C18;LPIN2;ALDH3A1;ENPEP;AKR1C3;VTN;CES1
11,11,anal_pc5_c21_S1.filtered.gene_spectra_score.k_11.dt_0_01.txt,prerank,HALLMARK_KRAS_SIGNALING_DN,0.519934052683511,1.3241687945999476,0.10647639956092206,0.21998775064575402,0.979,18/78,13.16%,SELENOP;RSAD2;EDN1;TFCP2L1;GPRC5C;MX1;SYNPO;HSD11B2;SGK1;FGFR3;SLC6A14;PKP1;PTPRJ;EDN2;IFI44L;HTR1D;CALML5;AKR1B10
11,11,anal_pc5_c21_S1.filtered.gene_spectra_score.k_11.dt_0_01.txt,prerank,HALLMARK_APICAL_JUNCTION,0.5098747237182099,1.3162623777200704,0.09391675560298826,0.22073945014855192,0.984,16/101,7.46%,CLDN4;CLDN7;COL17A1;LAMA3;MDK;LAMB3;PCDH1;LAMC2;ITGB4;CDH1;RHOF;ITGA3;MPZL2;TJP1;WASL;GRB7
11,11,anal_pc5_c21_S1.filtered.gene_spectra_score.k_11.dt_0_01.txt,prerank,HALLMARK_IL2_STAT5_SIGNALING,0.4893045559262573,1.2769872800898088,0.10208333333333333,0.2656705795203385,0.994,22/127,8.52%,MXD1;ABCB1;EMP1;ST3GAL4;SMPDL3A;TNFRSF21;CA2;BMP2;NDRG1;HK2;NFKBIZ;PLPP1;CDCP1;DHRS3;IRF6;SNX9;PIM1;NFIL3;TNFSF10;RHOB;NT5E;MAFF
11,11,anal_pc5_c21_S1.filtered.gene_spectra_score.k_11.dt_0_01.txt,prerank,HALLMARK_MYOGENESIS,0.49544558134535316,1.2705792688246171,0.11416490486257928,0.2654705986553497,0.996,13/112,5.44%,SLC6A8;ACHE;CKB;ERBB3;DAPK2;CDKN1A;ITGB4;BDKRB2;GSN;VIPR1;MYLK;HBEGF;MAPRE3
11,11,anal_pc5_c21_S1.filtered.gene_spectra_score.k_11.dt_0_01.txt,prerank,HALLMARK_MTORC1_SIGNALING,0.47942878255777943,1.2140240500116946,0.21579532814238042,0.34535412173017693,1.0,17/72,12.90%,EGLN3;CDKN1A;PLOD2;HK2;LDLR;SYTL2;PPP1R15A;SLC2A1;MAP2K3;NFIL3;TXNRD1;ERO1A;TFRC;VLDLR;IFRD1;SLC7A11;DDIT3
11,11,anal_pc5_c21_S1.filtered.gene_spectra_score.k_11.dt_0_01.txt,prerank,HALLMARK_ADIPOGENESIS,0.4763089722879119,1.1567243093322763,0.29191090269636577,0.4340255106116688,1.0,12/51,12.58%,MGLL;PPARG;ACOX1;ACAA2;TOB1;MYLK;GADD45A;CCNG2;SOWAHC;SCARB1;PFKFB3;ITSN1
11,11,anal_pc5_c21_S1.filtered.gene_spectra_score.k_11.dt_0_01.txt,prerank,HALLMARK_INFLAMMATORY_RESPONSE,0.42950682688739616,1.1232219891378699,0.28850102669404515,0.4780074929996374,1.0,15/141,8.00%,MXD1;PLAUR;ADM;CDKN1A;SLC4A4;P2RY2;CCL20;IL18;EDN1;HBEGF;LDLR;IRF7;CD55;CCRL2;TNFSF10
11,11,anal_pc5_c21_S1.filtered.gene_spectra_score.k_11.dt_0_01.txt,prerank,HALLMARK_ANGIOGENESIS,0.48727693809405714,1.1191913355292888,0.3351063829787234,0.46704953295638457,1.0,5/29,8.18%,VEGFA;TNFRSF21;PDGFA;SLCO2A1;JAG1
11,11,anal_pc5_c21_S1.filtered.gene_spectra_score.k_11.dt_0_01.txt,prerank,HALLMARK_INTERFERON_GAMMA_RESPONSE,0.4235492745408247,1.1031355495221102,0.3575949367088608,0.4804010332064016,1.0,33/111,13.70%,SECTM1;DDX60;IFI27;CDKN1A;RSAD2;ISG15;CMPK2;PFKP;MX1;OAS3;IRF7;HERC6;TRIM25;UPP1;IFIT1;PIM1;TNFSF10;XAF1;IFI44;IFIT2;IRF1;CFB;OASL;ISG20;IFIT3;IFI44L;PELI1;TRIM14;NFKBIA;HELZ2;CXCL10;IFIH1;EIF4E3
11,11,anal_pc5_c21_S1.filtered.gene_spectra_score.k_11.dt_0_01.txt,prerank,HALLMARK_SPERMATOGENESIS,-0.33907589720085796,-1.1019146805643483,0.2985781990521327,0.8599348534201955,0.8236472945891784,7/36,23.42%,SLC12A2;LPIN1;JAM3;SHE;GFI1;IDE;CAMK4
11,11,anal_pc5_c21_S1.filtered.gene_spectra_score.k_11.dt_0_01.txt,prerank,HALLMARK_UV_RESPONSE_DN,0.44029396999618675,1.0964060550902048,0.36373873873873874,0.47493152206949807,1.0,14/69,10.12%,MGLL;PPARG;FHL2;DUSP1;ID1;LDLR;ERBB2;SMAD3;INPP4B;TJP1;RND3;SMAD7;PDLIM5;VLDLR
11,11,anal_pc5_c21_S1.filtered.gene_spectra_score.k_11.dt_0_01.txt,prerank,HALLMARK_BILE_ACID_METABOLISM,0.4650997404618578,1.082771966650455,0.4110970996216898,0.4808563896359811,1.0,7/37,9.04%,NR1I2;NR3C2;TFCP2L1;SULT1B1;ACSL5;HSD17B11;CYP27A1
11,11,anal_pc5_c21_S1.filtered.gene_spectra_score.k_11.dt_0_01.txt,prerank,HALLMARK_UNFOLDED_PROTEIN_RESPONSE,0.4915514881364928,1.0808331452534448,0.39,0.46893551737200667,1.0,5/23,8.80%,VEGFA;TUBB2A;ATF3;IFIT1;ERO1A
11,11,anal_pc5_c21_S1.filtered.gene_spectra_score.k_11.dt_0_01.txt,prerank,HALLMARK_EPITHELIAL_MESENCHYMAL_TRANSITION,0.4037257481024019,1.062968959388632,0.4014227642276423,0.48457513381088063,1.0,23/164,9.60%,SLC6A8;ANPEP;PLAUR;LAMA3;VEGFA;AREG;PLOD2;LAMC2;JUN;THBS1;TNFRSF12A;PMEPA1;IL32;SDC4;MYLK;DST;SERPINE2;GADD45A;RHOB;NT5E;LRP1;BMP1;QSOX1
11,11,anal_pc5_c21_S1.filtered.gene_spectra_score.k_11.dt_0_01.txt,prerank,HALLMARK_COMPLEMENT,0.4005265695944448,1.0305330884465156,0.4546402502606882,0.5200875691648732,1.0,23/122,11.76%,CDA;PLAUR;LGALS3;CA2;CASP10;PRSS3;CASP5;CTSD;IRF7;CD55;PDP1;PRKCD;PIM1;DUSP6;MAFF;LRP1;ADAM9;C4BPB;EHD1;IRF1;CFB;CTSS;DPP4
11,11,anal_pc5_c21_S1.filtered.gene_spectra_score.k_11.dt_0_01.txt,prerank,HALLMARK_MITOTIC_SPINDLE,0.40150779572078865,1.0124850256506779,0.4711111111111111,0.5320527380126284,1.0,16/77,12.78%,GSN;RHOF;FLNB;DST;BCAR1;SYNPO;WASL;NET1;NEDD9;FGD4;ARHGAP27;PXN;PDLIM5;ITSN1;BCL2L11;CDC42EP4
11,11,anal_pc5_c21_S1.filtered.gene_spectra_score.k_11.dt_0_01.txt,prerank,HALLMARK_REACTIVE_OXYGEN_SPECIES_PATHWAY,-0.34393027057516684,-0.9298323652972168,0.5762195121951219,1.0,0.968937875751503,7/19,20.20%,LSP1;CAT;MGST1;PRDX4;FES;HHEX;IPCEF1
11,11,anal_pc5_c21_S1.filtered.gene_spectra_score.k_11.dt_0_01.txt,prerank,HALLMARK_PI3K_AKT_MTOR_SIGNALING,-0.2811671359117959,-0.9032532908456112,0.611336032388664,0.954164727780363,0.9799599198396793,8/32,11.88%,ITPR2;HSP90B1;CXCR4;SLA;LCK;PRKCB;PLCG1;PDK1
11,11,anal_pc5_c21_S1.filtered.gene_spectra_score.k_11.dt_0_01.txt,prerank,HALLMARK_COAGULATION,0.35565217361451273,0.8879276260865135,0.6563876651982379,0.7035040000608663,1.0,11/79,11.76%,GDA;PRSS23;GSN;THBS1;DUSP6;MAFF;LRP1;ADAM9;BMP1;CFB;DPP4
11,11,anal_pc5_c21_S1.filtered.gene_spectra_score.k_11.dt_0_01.txt,prerank,HALLMARK_APICAL_SURFACE,0.3599825792355916,0.8071839204143996,0.7070844686648501,0.7902963811146912,1.0,1/27,1.04%,PLAUR
11,11,anal_pc5_c21_S1.filtered.gene_spectra_score.k_11.dt_0_01.txt,prerank,HALLMARK_IL6_JAK_STAT3_SIGNALING,0.32518401486620113,0.789404805321614,0.7532467532467533,0.7902416836456727,1.0,7/53,11.16%,TNFRSF21;HMOX1;JUN;TNFRSF12A;PIM1;IRF1;CXCL3
11,11,anal_pc5_c21_S1.filtered.gene_spectra_score.k_11.dt_0_01.txt,prerank,HALLMARK_WNT_BETA_CATENIN_SIGNALING,-0.25769910523580286,-0.6665214455480463,0.9141274238227147,1.0,1.0,8/15,31.64%,CCND2;TCF7;MYC;RBPJ;CSNK1E;NKD1;DLL1;LEF1
11,11,anal_pc5_c21_S1.filtered.gene_spectra_score.k_11.dt_0_01.txt,prerank,HALLMARK_E2F_TARGETS,0.24604160604339115,0.6024934233791746,0.930151338766007,0.9408835512475701,1.0,3/54,11.54%,CDKN1A;TFRC;CDKN2A
11,11,anal_pc5_c21_S1.filtered.gene_spectra_score.k_11.dt_0_01.txt,prerank,HALLMARK_G2M_CHECKPOINT,-0.1423099248845995,-0.5333217126620196,1.0,0.9930200093066542,1.0,41/68,60.24%,SLC12A2;CCND1;KIF22;CDC25B;MYC;ATF5;MAP3K20;MEIS1;INCENP;DMD;TACC3;SNRPD1;POLQ;KPNA2;TROAP;MKI67;UBE2C;LMNB1;AURKB;CCNF;SMC4;EFNA5;PRC1;KIF2C;BUB1;SLC7A1;PLK1;AURKA;KIF15;KIF20B;CENPA;CDC45;BIRC5;KIF4A;HMMR;ESPL1;EXO1;MEIS2;SLC7A5;ORC6;TOP2A
