K,GEP,spectra_file,Name,pathway,ES,NES,NOM_p,FDR_q,FWER p-val,Tag %,Gene %,leading_edge
13,1,anal_pc5_c21_S1.filtered.gene_spectra_score.k_13.dt_0_01.txt,prerank,HALLMARK_ALLOGRAFT_REJECTION,-0.5997689408851498,-2.579273907882433,0.0,0.0,0.0,91/121,29.68%,CTSS;CD74;IL2RG;ITGAL;SRGN;CCND2;CD79A;HCLS1;LTB;IL16;CD2;PTPRC;IRF8;ETS1;ITGB2;CD96;FYB1;MAP4K1;ZAP70;CD3E;CD4;CD3D;LCP2;IRF4;CCL5;CD40;IL2RB;SPI1;PRKCB;LCK;WAS;PTPN6;ITK;NCF4;CD8A;IL12RB1;CD28;GZMA;CD247;CCR5;CD3G;CD7;LY75;TIMP1;FGR;SIT1;STAT4;ICAM1;TLR6;C2;FCGR2B;CXCR3;PRF1;HDAC9;STAB1;THY1;IL27RA;CD1D;CD80;TRAT1;LY86;CCL2;GPR65;TLR1;FASLG;IL2RA;CCND3;IL18;CD40LG;IL7;FAS;CCL11;KLRD1;CSF1;CCL4;CCR2;GBP2;CFP;IL18RAP;CCR1;TNF;IL1B;GZMB;EREG;NLRP3;LIF;INHBA;STAT1;FLNA;CAPG;JAK2
13,1,anal_pc5_c21_S1.filtered.gene_spectra_score.k_13.dt_0_01.txt,prerank,HALLMARK_INTERFERON_GAMMA_RESPONSE,-0.48396805633993295,-2.1102759869637198,0.0,0.0,0.0,73/111,29.86%,IFI27;CD74;C1S;ITGB7;NLRC5;IRF8;C1R;SOD2;CIITA;SLAMF7;CFB;IL10RA;LCP2;IRF4;CCL5;SAMHD1;CD40;ZBP1;IL2RB;TNFAIP3;IRF1;MT2A;PFKP;CD38;KLRK1;PTPN6;FGL2;RNF213;GZMA;NFKBIA;ISG20;IFITM2;SAMD9L;BANK1;CSF2RB;CASP8;ST3GAL5;STAT4;ICAM1;SP110;PDE4B;IFITM3;SERPING1;CFH;CD69;VCAM1;EIF4E3;GBP4;NAMPT;CCL2;GPR18;IFI30;SOCS3;UPP1;PSMB9;IL7;TRIM14;FAS;CD274;PNP;CXCL10;TNFAIP6;EPSTI1;RAPGEF6;SECTM1;PTGS2;ISG15;STAT1;OASL;OAS2;JAK2;IFIT2;FPR1
13,1,anal_pc5_c21_S1.filtered.gene_spectra_score.k_13.dt_0_01.txt,prerank,HALLMARK_IL6_JAK_STAT3_SIGNALING,-0.5094380393365618,-1.9254477430637278,0.0,0.003816065636328945,0.005040322580645161,36/53,30.84%,PLA2G2A;IL2RG;LTB;ITGA4;A2M;TNFRSF1B;TNFRSF12A;IRF1;CD38;IL12RB1;CD14;CSF2RB;IL1R2;PIK3R5;MAP3K8;HMOX1;IL2RA;CSF2RA;SOCS3;IL1R1;IL7;FAS;IL3RA;CD36;CSF1;CXCL10;CXCL1;IL9R;IL18R1;CCR1;TNF;IL1B;STAT1;CSF3R;CXCL3;ITGB3
13,1,anal_pc5_c21_S1.filtered.gene_spectra_score.k_13.dt_0_01.txt,prerank,HALLMARK_UNFOLDED_PROTEIN_RESPONSE,-0.6086685407246858,-1.8932720466577988,0.00390625,0.00343445907269605,0.006048387096774193,12/23,18.84%,XBP1;HERPUD1;NABP1;HSP90B1;ERO1A;ERN1;DNAJB9;VEGFA;SLC7A5;HSPA5;CEBPB;CCL2
13,1,anal_pc5_c21_S1.filtered.gene_spectra_score.k_13.dt_0_01.txt,prerank,HALLMARK_COMPLEMENT,-0.39112131922902527,-1.8572727362096955,0.0,0.0036634230108757867,0.008064516129032258,72/122,29.94%,CTSS;CA2;KYNU;C1S;CTSC;SERPINA1;LGALS3;C1R;SPOCK2;CFB;KLK1;LCP2;DOCK10;CCL5;TNFAIP3;IRF1;LCK;WAS;PRSS3;FN1;EHD1;FYN;GZMA;RASGRP1;CD55;TIMP1;PLEK;GNG2;CR1;DUSP5;C2;PIK3R5;SH2B3;SERPING1;C1QC;CFH;SERPINB2;ZEB1;HSPA5;CPM;SERPINE1;C1QA;CEBPB;CASP10;CTSL;GZMK;S100A12;CSRP1;CD40LG;PSMB9;DPP4;APOBEC3G;C3;CR2;FCER1G;CD36;MMP12;CTSH;CXCL1;CDA;GATA3;LGMN;TFPI2;CP;GZMB;ITGAM;GNGT2;LIPA;DUSP6;PLAT;JAK2;F5
13,1,anal_pc5_c21_S1.filtered.gene_spectra_score.k_13.dt_0_01.txt,prerank,HALLMARK_INTERFERON_ALPHA_RESPONSE,-0.45165096907702534,-1.68501150878019,0.0,0.014882655981682884,0.03931451612903226,28/50,29.84%,IFI27;CD74;C1S;SELL;IRF1;ISG20;IFITM2;SAMD9L;CASP8;SP110;IFITM3;GBP4;LAMP3;IFI30;PSMB9;IL7;TRIM14;TMEM140;SAMD9;CSF1;LPAR6;CXCL10;EPSTI1;GBP2;CCRL2;ISG15;OASL;IFIT2
13,1,anal_pc5_c21_S1.filtered.gene_spectra_score.k_13.dt_0_01.txt,prerank,HALLMARK_KRAS_SIGNALING_UP,-0.35596457725585723,-1.6220454933418595,0.0,0.02224221113746013,0.06653225806451613,48/131,16.16%,CTSS;LAPTM5;IL2RG;IKZF1;TMEM176B;CA2;DOCK2;SPON1;CCND2;LCP1;CD37;IRF8;ETS1;ITGB2;CXCR4;MAP4K1;TNFRSF1B;PECAM1;CFB;PRDM1;EPHB2;TMEM176A;IL10RA;TRAF1;KCNN4;FUCA1;IL7R;ENG;ADAM8;TNFAIP3;EMP1;ERO1A;BIRC3;LAT2;MALL;ID2;ST6GAL1;TSPAN7;TRIB1;ADAMDEC1;ACE;CFH;PRRX1;PLVAP;ADGRA2;ABCB1;NRP1;HDAC9
13,1,anal_pc5_c21_S1.filtered.gene_spectra_score.k_13.dt_0_01.txt,prerank,HALLMARK_APOPTOSIS,-0.35797584871423216,-1.4909991531271702,0.013333333333333334,0.043216943331425305,0.13911290322580644,33/79,17.46%,PMAIP1;CCND2;CD2;LGALS3;SOD2;TOP2A;CAV1;DCN;LUM;PLCB2;TNFRSF12A;IRF1;CCND1;MMP2;CD38;PPT1;EMP1;BIRC3;TIMP3;CDC25B;ISG20;TIMP1;CD14;CASP8;BGN;IGFBP6;IFITM3;CD69;PRF1;HMOX1;GPX3;PDGFRB;DDIT3
13,1,anal_pc5_c21_S1.filtered.gene_spectra_score.k_13.dt_0_01.txt,prerank,HALLMARK_WNT_BETA_CATENIN_SIGNALING,0.6633624000293419,1.4766069954413412,0.03581661891117478,0.6481075363141464,0.529,6/15,11.60%,JAG2;DLL1;JAG1;HEY1;CSNK1E;DKK1
13,1,anal_pc5_c21_S1.filtered.gene_spectra_score.k_13.dt_0_01.txt,prerank,HALLMARK_HEDGEHOG_SIGNALING,0.6244630331308846,1.4447312351937505,0.07044198895027624,0.44129105498077864,0.635,4/17,5.68%,ADGRG1;NRCAM;CELSR1;HEY1
13,1,anal_pc5_c21_S1.filtered.gene_spectra_score.k_13.dt_0_01.txt,prerank,HALLMARK_E2F_TARGETS,0.49573970746375373,1.4099398682542454,0.04524886877828054,0.4152841920586186,0.761,13/54,9.62%,HELLS;MCM4;MCM2;MCM6;CENPM;LIG1;POLE;TCF19;EZH2;ORC6;LMNB1;MYBL2;TK1
13,1,anal_pc5_c21_S1.filtered.gene_spectra_score.k_13.dt_0_01.txt,prerank,HALLMARK_APICAL_JUNCTION,0.4746018458190132,1.4082026829449248,0.028391167192429023,0.3168296395675843,0.767,23/101,12.46%,ADAM23;CDH3;COL17A1;MDK;LAYN;PIK3R3;ITGA2;LAMB3;TGFBI;LAMA3;ITGB4;MPZL2;BMP1;NLGN2;KCNH2;CDH1;NECTIN4;SORBS3;GRB7;MAP3K20;LAMC2;CDH8;VCAN
13,1,anal_pc5_c21_S1.filtered.gene_spectra_score.k_13.dt_0_01.txt,prerank,HALLMARK_DNA_REPAIR,0.5613529933791315,1.3779111161071227,0.08185538881309687,0.334373951856343,0.851,5/22,6.16%,TYMS;BCAM;LIG1;POLA1;ZWINT
13,1,anal_pc5_c21_S1.filtered.gene_spectra_score.k_13.dt_0_01.txt,prerank,HALLMARK_KRAS_SIGNALING_DN,0.4686413484496585,1.374937451875704,0.04787812840043525,0.28635069704240734,0.858,24/78,22.18%,KRT15;PKP1;FGFR3;CALML5;LFNG;SPTBN2;DLK2;TGFB2;IGFBP2;NTF3;MX1;GDNF;SGK1;KRT4;SHOX2;KCNN1;SLC6A14;GPRC5C;THNSL2;ZBTB16;KRT13;LYPD3;PDE6B;MYO15A
13,1,anal_pc5_c21_S1.filtered.gene_spectra_score.k_13.dt_0_01.txt,prerank,HALLMARK_PEROXISOME,0.5187377001387011,1.3547887021992537,0.10824108241082411,0.2929752721027006,0.898,6/32,6.48%,ABCC5;ALDH1A1;CEL;DHRS3;CADM1;CRABP2
13,1,anal_pc5_c21_S1.filtered.gene_spectra_score.k_13.dt_0_01.txt,prerank,HALLMARK_ESTROGEN_RESPONSE_EARLY,0.4377754589975451,1.3262125323748468,0.04781704781704782,0.32044170386232873,0.941,32/118,17.46%,KRT15;KRT19;LRIG1;TUBB2B;RAPGEFL1;SCNN1A;MAST4;FARP1;AQP3;DHRS3;HR;CELSR1;PRSS23;TFAP2C;SVIL;OVOL2;HES1;ESRP2;IL17RB;THSD4;FLNB;TIAM1;SLC7A2;SEC14L2;AR;SLC19A2;FOXC1;SH3BP5;FASN;LAD1;NAV2;RHOBTB3
13,1,anal_pc5_c21_S1.filtered.gene_spectra_score.k_13.dt_0_01.txt,prerank,HALLMARK_P53_PATHWAY,0.4276533765030092,1.2660422103661524,0.10672358591248667,0.4428046819233382,0.988,20/89,15.80%,ABCC5;TP63;CLCA2;SPHK1;JAG2;KRT17;ITGB4;EPHA2;EPHX1;HSPA4L;JUN;CDH13;TRAF4;MDM2;TCN2;SLC19A2;EPS8L2;SAT1;CDKN2A;PDGFA
13,1,anal_pc5_c21_S1.filtered.gene_spectra_score.k_13.dt_0_01.txt,prerank,HALLMARK_IL2_STAT5_SIGNALING,-0.26990214507997945,-1.2011320071932534,0.075,0.20861158811931566,0.5715725806451613,60/127,24.42%,CA2;CCND2;LTB;MUC1;CTSZ;XBP1;IRF8;ADAM19;TNFRSF1B;IL10RA;TRAF1;IRF4;NFKBIZ;SELL;IL2RB;CD48;NT5E;CDC42SE2;CCR4;CST7;RHOH;FGL2;EMP1;CD79B;SLC39A8;GLIPR2;HK2;IL1R2;ITIH5;BATF;NDRG1;MAP3K8;ICOS;IFITM3;SLC2A3;MXD1;COL6A1;ABCB1;NRP1;GBP4;TGM2;ST3GAL4;BATF3;GPR65;PTGER2;CTLA4;EOMES;IL2RA;CCND3;CD83;CISH;TNFRSF4;SHE;IL3RA;FLT3LG;CSF1;MYC;P4HA1;PNP;CXCL10
13,1,anal_pc5_c21_S1.filtered.gene_spectra_score.k_13.dt_0_01.txt,prerank,HALLMARK_ESTROGEN_RESPONSE_LATE,0.4017887916567245,1.1984832264335197,0.15871369294605808,0.6222657963311746,1.0,19/106,12.40%,PLXNB1;KRT19;FGFR3;MDK;RAPGEFL1;CXCL14;SCNN1A;FARP1;CPE;HR;PRSS23;TFAP2C;HSPA4L;CDH1;OVOL2;IL17RB;LAMC2;FLNB;TIAM1
13,1,anal_pc5_c21_S1.filtered.gene_spectra_score.k_13.dt_0_01.txt,prerank,HALLMARK_TGF_BETA_SIGNALING,0.4840510211411802,1.1689214459296655,0.2503259452411995,0.6666463390321075,1.0,10/24,18.62%,CDKN1C;TGIF1;CDH1;SLC20A1;SMAD1;SMAD3;ID3;WWTR1;RAB31;TJP1
13,1,anal_pc5_c21_S1.filtered.gene_spectra_score.k_13.dt_0_01.txt,prerank,HALLMARK_FATTY_ACID_METABOLISM,0.42365481211876027,1.1654657336269585,0.24595842956120093,0.6221006733919864,1.0,9/44,13.96%,ALDH1A1;CEL;ALDH3A1;EPHX1;ODC1;HSPH1;GLUL;ACSL1;ACAT2
13,1,anal_pc5_c21_S1.filtered.gene_spectra_score.k_13.dt_0_01.txt,prerank,HALLMARK_CHOLESTEROL_HOMEOSTASIS,0.44393714887510327,1.1577067048725862,0.27217496962332927,0.6000313574812401,1.0,11/35,18.24%,ALCAM;JAG1;MVK;TM7SF2;FDPS;ACAT2;FADS2;PLAUR;FASN;LDLR;NFIL3
13,1,anal_pc5_c21_S1.filtered.gene_spectra_score.k_13.dt_0_01.txt,prerank,HALLMARK_INFLAMMATORY_RESPONSE,-0.25882797323988443,-1.1453752757844198,0.07407407407407407,0.257355466514024,0.6703629032258065,70/141,29.86%,SLC4A4;TNFRSF1B;IL10RA;LCP2;CCL5;CD40;CYBB;SELL;IL7R;IL2RB;ITGA5;CD48;GPR132;IRF1;LCK;SLAMF1;GPR183;KCNA3;EMP3;RASGRP1;CD55;NFKBIA;TIMP1;CD14;CCR7;ICAM1;PDE4B;PIK3R5;CHST2;PTGER4;CXCR6;RGS1;CD69;MXD1;STAB1;CCL20;LAMP3;SERPINE1;NAMPT;CCL2;PTGER2;TLR1;IL18;IL1R1;EDN1;CXCL8;CCL24;C3AR1;CSF1;MYC;APLNR;CXCL10;IL1A;TNFAIP6;CCRL2;NOD2;NMUR1;IL18RAP;IL18R1;IL1B;EREG;NLRP3;LIF;INHBA;P2RX7;SCARF1;CLEC5A;CSF3R;PTGIR;FPR1
13,1,anal_pc5_c21_S1.filtered.gene_spectra_score.k_13.dt_0_01.txt,prerank,HALLMARK_MITOTIC_SPINDLE,0.38663065485676773,1.125064417141426,0.3091106290672451,0.6614353164057748,1.0,22/77,15.76%,DST;CEP72;FARP1;GSN;MID1;KNTC1;PALLD;CEP250;BCL2L11;DOCK4;CDC42EP4;LMNB1;NEDD9;STK38L;TRIO;FLNB;TIAM1;SMC4;ITSN1;NET1;RAPGEF5;BCAR1
13,1,anal_pc5_c21_S1.filtered.gene_spectra_score.k_13.dt_0_01.txt,prerank,HALLMARK_MYOGENESIS,0.3570191680490288,1.0895930042350341,0.3262935586061246,0.7365583907393553,1.0,30/112,19.16%,EFS;TNNT3;SPHK1;GAA;GSN;ITGB4;PVALB;TNNI2;ITGB5;KCNH2;IGF1;SVIL;MAPRE3;CDH13;SORBS3;DTNA;FDPS;ACSL1;FST;WWTR1;COL4A2;MYOM2;PKIA;DMD;NAV2;TNNT2;VIPR1;IFRD1;ERBB3;TEAD4
13,1,anal_pc5_c21_S1.filtered.gene_spectra_score.k_13.dt_0_01.txt,prerank,HALLMARK_APICAL_SURFACE,0.4324402446399954,1.0894067485577363,0.3946360153256705,0.6912459041770943,1.0,8/27,21.20%,CROCC;DCBLD2;EPHB4;SULF2;PLAUR;PCSK9;CX3CL1;LYPD3
13,1,anal_pc5_c21_S1.filtered.gene_spectra_score.k_13.dt_0_01.txt,prerank,HALLMARK_EPITHELIAL_MESENCHYMAL_TRANSITION,0.3504084644824309,1.0860564922529885,0.3306205493387589,0.6594718797759306,1.0,33/164,15.50%,COL7A1;DST;DPYSL3;GPC1;PFN2;ELN;THBS2;ITGA2;TGFBI;LAMA3;CRLF1;WNT5A;CADM1;CDH2;BMP1;ITGB5;HTRA1;JUN;IGFBP2;RHOB;SDC4;MMP14;PDLIM4;DKK1;SNAI2;LAMC2;VCAN;COMP;FBLN2;SAT1;COL4A2;COL5A1;PLAUR
13,1,anal_pc5_c21_S1.filtered.gene_spectra_score.k_13.dt_0_01.txt,prerank,HALLMARK_G2M_CHECKPOINT,0.36610753737744356,1.0590490302436655,0.3980154355016538,0.7009927443375159,1.0,17/68,12.44%,MCM2;MCM6;CDC45;POLE;E2F1;FANCC;EZH2;SLC7A1;ODC1;ORC6;LMNB1;MYBL2;RAD54L;MEIS1;MAP3K20;SMAD3;SMC4
13,1,anal_pc5_c21_S1.filtered.gene_spectra_score.k_13.dt_0_01.txt,prerank,HALLMARK_HYPOXIA,0.3224365648771864,0.967778957417918,0.5634095634095634,0.9173448340012031,1.0,22/111,18.24%,GPC1;PKP1;GPC3;ACKR3;TGFBI;GAA;CDKN1C;SLC6A6;GCNT2;JUN;SDC4;DTNA;VLDLR;GPC4;NEDD4L;COL5A1;PLAUR;IRS2;MXI1;SDC2;CCNG2;NFIL3
13,1,anal_pc5_c21_S1.filtered.gene_spectra_score.k_13.dt_0_01.txt,prerank,HALLMARK_ANGIOGENESIS,0.3769460981777989,0.9611091262575103,0.5320197044334976,0.8891044660594959,1.0,3/29,5.02%,FGFR1;JAG2;JAG1
13,1,anal_pc5_c21_S1.filtered.gene_spectra_score.k_13.dt_0_01.txt,prerank,HALLMARK_HEME_METABOLISM,0.3386210557851614,0.9475755065365105,0.5588235294117647,0.8811274554972793,1.0,7/55,9.58%,BCAM;AQP3;GCLC;SPTB;KLF3;CTSB;DMTN
13,1,anal_pc5_c21_S1.filtered.gene_spectra_score.k_13.dt_0_01.txt,prerank,HALLMARK_XENOBIOTIC_METABOLISM,0.3176046583876041,0.9269954133047726,0.6123110151187905,0.8904254495730023,1.0,18/80,17.72%,ALDH3A1;SLC6A6;RBP4;SLC12A4;GCLC;EPHA2;EPHX1;TPST1;IGF1;TGFB2;GCNT2;AKR1C2;BCAR1;FBLN1;HGFAC;PDLIM5;CYP2E1;FMO3
13,1,anal_pc5_c21_S1.filtered.gene_spectra_score.k_13.dt_0_01.txt,prerank,HALLMARK_BILE_ACID_METABOLISM,0.3439402448348892,0.9061042234836456,0.6285018270401949,0.8975508633618895,1.0,2/37,0.90%,RBP1;ALDH1A1
13,1,anal_pc5_c21_S1.filtered.gene_spectra_score.k_13.dt_0_01.txt,prerank,HALLMARK_REACTIVE_OXYGEN_SPECIES_PATHWAY,-0.31124165908010804,-0.9056004467917899,0.6138996138996139,0.7000052037258677,0.9627016129032258,8/19,20.70%,LSP1;SOD2;PFKP;FTL;GPX3;MGST1;GLRX;HHEX
13,1,anal_pc5_c21_S1.filtered.gene_spectra_score.k_13.dt_0_01.txt,prerank,HALLMARK_ADIPOGENESIS,-0.23964299306392062,-0.9035507955557595,0.6330935251798561,0.6462507155123068,0.9637096774193549,16/51,19.92%,MGLL;CAVIN1;NABP1;PPARG;DNAJB9;MYLK;APOE;ITIH5;COL15A1;ENPP2;FABP4;GPX3;LAMA4;PFKFB3;SCARB1;ACAA2
13,1,anal_pc5_c21_S1.filtered.gene_spectra_score.k_13.dt_0_01.txt,prerank,HALLMARK_UV_RESPONSE_UP,0.3162214481671995,0.8982821971476022,0.6515486725663717,0.8759771923940246,1.0,14/66,16.62%,CDKN1C;AQP3;EPHX1;HSPA2;KCNH2;BCL2L11;IGFBP2;RHOB;CYB5R1;MMP14;PTPRD;CTSV;HYAL2;SHOX2
13,1,anal_pc5_c21_S1.filtered.gene_spectra_score.k_13.dt_0_01.txt,prerank,HALLMARK_GLYCOLYSIS,0.3019327537686773,0.8797544249247854,0.6904500548847421,0.8775293480223948,1.0,15/67,19.10%,GPC1;GPC3;TGFBI;GCLC;TPST1;VLDLR;GPC4;VCAN;ARTN;COL5A1;IRS2;MXI1;SDC2;KIF2A;PAM
13,1,anal_pc5_c21_S1.filtered.gene_spectra_score.k_13.dt_0_01.txt,prerank,HALLMARK_ANDROGEN_RESPONSE,0.31544291760471477,0.8486802580917447,0.6963414634146341,0.8999835273990955,1.0,11/41,19.92%,KRT19;ARID5B;SGK1;GUCY1A1;SAT1;AZGP1;PLPP1;DBI;PDLIM5;NKX3-1;ZBTB10
13,1,anal_pc5_c21_S1.filtered.gene_spectra_score.k_13.dt_0_01.txt,prerank,HALLMARK_MTORC1_SIGNALING,0.2834345978547589,0.8211672652415151,0.7592592592592593,0.909399298418623,1.0,6/72,4.98%,MCM4;MCM2;PIK3R3;PHGDH;SLC6A6;GCLC
13,1,anal_pc5_c21_S1.filtered.gene_spectra_score.k_13.dt_0_01.txt,prerank,HALLMARK_UV_RESPONSE_DN,0.28436258746427334,0.8078573464603729,0.779134295227525,0.898593137814996,1.0,19/69,19.64%,RUNX1;PIK3R3;TFPI;PLCB4;SLC7A1;NFIB;SMAD3;SNAI2;VLDLR;ERBB2;ICA1;PDLIM5;ADGRL2;SDC2;LDLR;EFEMP1;HAS2;TJP1;LPAR1
13,1,anal_pc5_c21_S1.filtered.gene_spectra_score.k_13.dt_0_01.txt,prerank,HALLMARK_PI3K_AKT_MTOR_SIGNALING,0.2938307195090747,0.7627270578017367,0.8146766169154229,0.9274215287928677,1.0,6/32,14.36%,MAPK10;PIK3R3;E2F1;PLCB1;TIAM1;PLCG1
13,1,anal_pc5_c21_S1.filtered.gene_spectra_score.k_13.dt_0_01.txt,prerank,HALLMARK_COAGULATION,0.24510741307726105,0.7078154218892384,0.894907908992416,0.9590615512956131,1.0,13/79,14.86%,ITGA2;GSN;PRSS23;BMP1;ANXA1;HTRA1;CTSB;MMP11;MMP14;PLAU;COMP;USP11;CTSV
13,1,anal_pc5_c21_S1.filtered.gene_spectra_score.k_13.dt_0_01.txt,prerank,HALLMARK_SPERMATOGENESIS,0.26374409416428857,0.7014922533354634,0.8843788437884379,0.9348355303950217,1.0,6/36,14.80%,EZH2;HSPA2;HSPA4L;TCP11;DMC1;PCSK1N
13,1,anal_pc5_c21_S1.filtered.gene_spectra_score.k_13.dt_0_01.txt,prerank,HALLMARK_TNFA_SIGNALING_VIA_NFKB,0.21258862520429506,0.6557788314149897,0.9732510288065843,0.9428261823060451,1.0,25/150,18.24%,BCL6;ACKR3;SPHK1;LAMB3;TNFAIP2;JAG1;TGIF1;HES1;JUN;RHOB;SDC4;SMAD3;PLAU;KLF9;SGK1;SAT1;PHLDA1;PLAUR;NFAT5;IRS2;ABCA1;PER1;PDLIM5;LDLR;NFIL3
13,2,anal_pc5_c21_S1.filtered.gene_spectra_score.k_13.dt_0_01.txt,prerank,HALLMARK_E2F_TARGETS,-0.6082596968623749,-2.3737725012671067,0.0,0.0,0.0,39/54,22.16%,CDK1;MCM4;TOP2A;MCM2;TCF19;CDKN2A;TK1;HELLS;MKI67;PRDX4;CENPM;BIRC5;RRM2;PLK1;MYBL2;CIT;CDC20;CDKN1A;PTTG1;CCNB2;ORC6;HMGB2;LMNB1;CDKN2C;HMMR;CDCA3;CKS2;SPC25;EZH2;KIF2C;KIF18B;SPAG5;DLGAP5;KPNA2;CENPE;DEPDC1;MELK;ESPL1;CDCA8
13,2,anal_pc5_c21_S1.filtered.gene_spectra_score.k_13.dt_0_01.txt,prerank,HALLMARK_G2M_CHECKPOINT,-0.5752590642187098,-2.367156027024933,0.0,0.0,0.0,57/68,32.32%,CDK1;TOP2A;SLC12A2;MCM2;NUSAP1;ODC1;TPX2;E2F1;TROAP;MEIS1;MKI67;KIF23;SLC7A1;BIRC5;PLK1;MYBL2;CDC20;PRC1;PTTG1;CCNB2;RAD54L;ORC6;LMNB1;CDKN2C;HMMR;MAP3K20;CCND1;NDC80;CKS2;CENPF;EZH2;KIF2C;KIF11;KPNA2;CDC45;CENPE;ESPL1;NEK2;TTK;MT2A;INCENP;UBE2C;POLQ;DMD;MEIS2;BUB1;AURKB;CENPA;MYC;CCNF;MCM6;KIF15;EXO1;FANCC;SNRPD1;SMC4;AURKA
13,2,anal_pc5_c21_S1.filtered.gene_spectra_score.k_13.dt_0_01.txt,prerank,HALLMARK_ALLOGRAFT_REJECTION,0.7439387925873849,2.191412724027675,0.0,0.0,0.0,57/121,12.06%,CD2;ITGAL;CD96;ZAP70;FYB1;CD3E;CD3D;CCL5;IL2RG;ITK;IL2RB;LCK;CD8A;LCP2;CD28;CD247;ETS1;CD7;PTPRC;STAT4;CCR5;CD3G;IL16;GZMA;PRF1;ITGB2;TRAT1;CD40LG;CD4;LTB;SRGN;CXCR3;MAP4K1;HCLS1;IL12RB1;SIT1;GBP2;FASLG;KLRD1;IL27RA;IL18RAP;IL2RA;CCND3;WAS;FAS;ST8SIA4;CCL4;GZMB;CCND2;STAT1;CRTAM;PTPN6;NCR1;TNF;GPR65;CSF1;PRKCB
13,2,anal_pc5_c21_S1.filtered.gene_spectra_score.k_13.dt_0_01.txt,prerank,HALLMARK_EPITHELIAL_MESENCHYMAL_TRANSITION,-0.42452884031930394,-2.1233453538732987,0.0,0.0,0.0,100/164,27.30%,DST;GPC1;IGFBP2;LRP1;MMP14;DPYSL3;COL7A1;PFN2;COL4A2;TGFBI;IGFBP4;FBLN1;LAMC1;TPM1;ITGB5;ELN;SPARC;RHOB;LAMA3;COL4A1;VEGFA;COL3A1;CALD1;ITGA2;THBS1;COL1A2;MATN2;SAT1;QSOX1;FSTL1;SDC4;WNT5A;VCAN;JUN;THBS2;COL6A3;GJA1;COL1A1;FN1;DCN;SLC6A8;MMP2;LUM;FUCA1;DAB2;COL16A1;COL5A2;COL5A1;CXCL12;FBN1;CAPG;PDLIM4;COL6A2;HTRA1;MYL9;TAGLN;ANPEP;EDIL3;SERPINH1;TNC;BASP1;PMP22;PLOD2;FBLN2;BMP1;CDH11;NT5E;ECM1;MXRA5;CADM1;MYLK;PVR;COL12A1;PTHLH;SNAI2;CRLF1;GREM1;ACTA2;BGN;LOX;ABI3BP;FBLN5;PCOLCE;PDGFRB;TIMP1;TIMP3;CTHRC1;CCN1;ITGB3;LOXL1;LAMC2;PLAUR;NNMT;THY1;NID2;SERPINE2;FMOD;VCAM1;CCN2;IGFBP3
13,2,anal_pc5_c21_S1.filtered.gene_spectra_score.k_13.dt_0_01.txt,prerank,HALLMARK_ESTROGEN_RESPONSE_LATE,-0.4222674010845866,-1.929769510473189,0.0,0.00684795553791187,0.006030150753768844,42/106,16.82%,CDH1;AGR2;CXCL14;CA12;KRT19;SCNN1A;RAPGEFL1;PLXNB1;CKB;NBL1;IGFBP4;TFF3;MDK;KLF4;FLNB;XBP1;SERPINA1;TSPAN13;CA2;UGDH;TOP2A;HR;PRSS23;FARP1;CPE;FGFR3;BLVRB;FOS;OVOL2;CXCL12;SLC26A2;HSPA4L;SGK1;CDC20;MYB;KLK11;TJP3;SCARB1;CYP4F11;KLK10;FABP5;CCND1
13,2,anal_pc5_c21_S1.filtered.gene_spectra_score.k_13.dt_0_01.txt,prerank,HALLMARK_COAGULATION,-0.4433463114371998,-1.8874896824012986,0.0,0.0054783644303294955,0.006030150753768844,41/79,25.94%,GSN;LRP1;MMP14;CTSB;SPARC;SERPINA1;A2M;C1S;C1R;ITGA2;THBS1;CTSH;PRSS23;LGMN;ADAM9;FN1;CFB;MMP2;FBN1;HTRA1;SH2B2;CLU;CSRP1;C1QA;BMP1;C2;PLAU;SERPING1;CFD;CFI;VWF;TIMP1;THBD;TIMP3;PLAT;MMP11;F3;ITGB3;C3;CRIP2;RAPGEF3
13,2,anal_pc5_c21_S1.filtered.gene_spectra_score.k_13.dt_0_01.txt,prerank,HALLMARK_MYOGENESIS,-0.40703514208419983,-1.8020982905630285,0.0,0.010652375281196242,0.01407035175879397,56/112,30.02%,ITGB4;GSN;CKB;COL4A2;NQO1;EFS;ITGB5;SPARC;ERBB3;MYH11;COL3A1;SPHK1;AEBP1;CNN3;EPHB3;SMTN;CDH13;COL6A3;COL1A1;SLC6A8;IGFBP7;MEF2C;NAV2;SVIL;COL6A2;TAGLN;CLU;CDKN1A;SOD3;SCD;MAPRE3;GAA;MYLK;DTNA;CD36;CFD;COL15A1;CRYAB;IGF1;FST;VIPR1;WWTR1;SORBS1;DMD;TNNT3;FHL1;SORBS3;DES;IGFBP3;MAPK12;HBEGF;BDKRB2;PVALB;TNNI2;GPX3;TPM2
13,2,anal_pc5_c21_S1.filtered.gene_spectra_score.k_13.dt_0_01.txt,prerank,HALLMARK_HEDGEHOG_SIGNALING,-0.6157950003732398,-1.799865899287686,0.003436426116838488,0.009130607383882492,0.01407035175879397,13/17,33.84%,CELSR1;ADGRG1;VEGFA;NRP1;DPYSL2;NRCAM;NRP2;HEY1;THY1;VLDLR;ACHE;CRMP1;UNC5C
13,2,anal_pc5_c21_S1.filtered.gene_spectra_score.k_13.dt_0_01.txt,prerank,HALLMARK_INTERFERON_GAMMA_RESPONSE,0.6013573386254308,1.7757872174020075,0.0,0.0016169601149838304,0.006,44/111,14.38%,CCL5;IL2RB;NLRC5;LCP2;RNF213;KLRK1;STAT4;IL10RA;GZMA;CASP8;EIF4E3;SAMHD1;RAPGEF6;CD69;ITGB7;IRF1;TRIM14;TNFAIP3;FAS;ST8SIA4;ZBP1;PFKP;SAMD9L;OAS2;STAT1;ISG20;PSMB9;PTPN6;PIM1;GBP4;GPR18;ST3GAL5;OASL;MX2;IFITM2;SP110;UPP1;IFI44;EPSTI1;PDE4B;SOCS1;HERC6;HELZ2;IRF7
13,2,anal_pc5_c21_S1.filtered.gene_spectra_score.k_13.dt_0_01.txt,prerank,HALLMARK_ESTROGEN_RESPONSE_EARLY,-0.36263590617866176,-1.6907814484532182,0.0,0.019973203652242956,0.035175879396984924,43/118,17.26%,CLDN7;ELF3;KRT8;CA12;KRT19;SCNN1A;RAPGEFL1;KRT15;MUC1;HES1;CELSR1;NBL1;IGFBP4;TFF3;ESRP2;KLF4;MLPH;FLNB;XBP1;HR;PRSS23;FARP1;LAD1;AKAP1;GJA1;BLVRB;NAV2;FOS;OVOL2;SVIL;CXCL12;SLC26A2;CBFA2T3;TUBB2B;RHOBTB3;MYB;TJP3;SCARB1;KLK10;TTC39A;KAZN;CCND1;THSD4
13,2,anal_pc5_c21_S1.filtered.gene_spectra_score.k_13.dt_0_01.txt,prerank,HALLMARK_INTERFERON_ALPHA_RESPONSE,0.5968329060104018,1.6205002298733688,0.011350737797956867,0.025512037369744882,0.133,29/50,21.04%,CASP8;LPAR6;GBP2;IRF1;TRIM14;SELL;SAMD9L;ISG20;PSMB9;GBP4;CSF1;OASL;SAMD9;IFITM2;SP110;IFI44;EPSTI1;HERC6;HELZ2;IRF7;TMEM140;TRIM5;NUB1;DDX60;RSAD2;CMPK2;CCRL2;IFI44L;IFIH1
13,2,anal_pc5_c21_S1.filtered.gene_spectra_score.k_13.dt_0_01.txt,prerank,HALLMARK_IL2_STAT5_SIGNALING,0.5344426439462795,1.5776595984566824,0.0,0.03274344232842257,0.215,39/127,11.70%,TRAF1;IL2RB;CCR4;RORA;CST7;IL10RA;ICOS;TNFRSF1B;PRKCH;LTB;FLT3LG;CTLA4;BATF;CISH;EOMES;CDC42SE2;CD48;PHTF2;TNFRSF4;RHOH;IL2RA;CCND3;SLC2A3;TNFRSF18;SELL;CCND2;BCL2;IL18R1;SYT11;TIAM1;TNFRSF9;PTGER2;PIM1;GPR65;IKZF2;GBP4;TTC39B;AGER;CSF1
13,2,anal_pc5_c21_S1.filtered.gene_spectra_score.k_13.dt_0_01.txt,prerank,HALLMARK_PI3K_AKT_MTOR_SIGNALING,0.6086020064531715,1.5753450623153247,0.011152416356877323,0.026841537908731585,0.221,10/32,12.62%,IL2RG;LCK;SLA;PLCG1;CAMK4;FASLG;CXCR4;TIAM1;PRKCB;ITPR2
13,2,anal_pc5_c21_S1.filtered.gene_spectra_score.k_13.dt_0_01.txt,prerank,HALLMARK_ANGIOGENESIS,-0.4656652807374237,-1.56862129799987,0.028846153846153848,0.045653036919412464,0.08542713567839195,11/29,11.56%,JAG1;FGFR1;TNFRSF21;VEGFA;COL3A1;FSTL1;VCAN;LUM;NRP1;COL5A2;VAV2
13,2,anal_pc5_c21_S1.filtered.gene_spectra_score.k_13.dt_0_01.txt,prerank,HALLMARK_XENOBIOTIC_METABOLISM,-0.3711631184153219,-1.5635671733980212,0.012048192771084338,0.04154426359666535,0.0864321608040201,21/80,10.14%,EPHX1;ABCC3;ALDH3A1;TMEM176B;AKR1C3;AKR1C2;NQO1;IGFBP4;FBLN1;GCLC;IRF8;EPHA2;CES1;CA2;MAOA;UGDH;BCAR1;PTGR1;NDRG2;BLVRB;CFB
13,2,anal_pc5_c21_S1.filtered.gene_spectra_score.k_13.dt_0_01.txt,prerank,HALLMARK_IL6_JAK_STAT3_SIGNALING,0.567257511993496,1.5344946982807104,0.012702078521939953,0.037459575997125405,0.323,18/53,13.94%,IL2RG;TNFRSF1B;LTB;ITGA4;IL12RB1;IRF1;PIK3R5;IL2RA;FAS;IL9R;IL17RA;IL18R1;STAT1;PIM1;TNF;CSF1;SOCS1;MAP3K8
13,2,anal_pc5_c21_S1.filtered.gene_spectra_score.k_13.dt_0_01.txt,prerank,HALLMARK_FATTY_ACID_METABOLISM,-0.414108577843647,-1.5338550932009107,0.0,0.046068064527770756,0.1035175879396985,19/44,26.34%,EPHX1;ALDH3A1;ALDH1A1;GLUL;MGLL;CA2;MAOA;UGDH;ODC1;CA4;CBR3;CD1D;CEL;PTPRG;CD36;ME1;HSD17B11;HMGCS1;ACOX1
13,2,anal_pc5_c21_S1.filtered.gene_spectra_score.k_13.dt_0_01.txt,prerank,HALLMARK_ADIPOGENESIS,-0.3902949818265301,-1.529070498214858,0.027586206896551724,0.04298994309911341,0.10552763819095477,33/51,34.06%,MGLL;COL4A1;PHLDB1;LAMA4;PPARG;CAVIN1;ABCA1;ITIH5;SPARCL1;SCARB1;CDKN2C;APOE;MYLK;CD36;BCL6;COL15A1;ITSN1;ME1;SNCG;C3;SORBS1;ENPP2;CYP4B1;ACOX1;TOB1;FZD4;GPX3;LIFR;CAVIN2;ITGA7;CCNG2;FABP4;CAT
13,2,anal_pc5_c21_S1.filtered.gene_spectra_score.k_13.dt_0_01.txt,prerank,HALLMARK_GLYCOLYSIS,-0.3624505313733969,-1.5248027931107815,0.0,0.04179008764161603,0.11055276381909548,36/67,29.46%,ELF3;GPC1;TGFBI;TFF3;GCLC;CDK1;B3GNT3;DSC2;GPC3;VEGFA;QSOX1;P4HA2;VCAN;DCN;COL5A1;SDC3;TPST1;HK2;PLOD2;HMMR;SDC2;NT5E;KIF20A;MET;SPAG4;DEPDC1;GPC4;ME1;HSPA5;CHPF;IGFBP3;CENPA;IER3;VLDLR;CYB5A;MERTK
13,2,anal_pc5_c21_S1.filtered.gene_spectra_score.k_13.dt_0_01.txt,prerank,HALLMARK_INFLAMMATORY_RESPONSE,0.5053523365621058,1.5011645358638395,0.0030643513789581204,0.046198860428109445,0.441,36/141,14.70%,IL7R;CCL5;IL2RB;LCK;RASGRP1;LCP2;IL10RA;TNFRSF1B;CXCR6;SLAMF1;CD69;CD48;KCNA3;IRF1;PIK3R5;CCR7;IL18RAP;GPR183;SEMA4D;SELL;EMP3;GPR132;IL18R1;RGS1;TNFRSF9;PTGER2;PTGER4;ITGA5;CSF1;NMUR1;LTA;NOD2;PDE4B;P2RX7;IRF7;CD70
13,2,anal_pc5_c21_S1.filtered.gene_spectra_score.k_13.dt_0_01.txt,prerank,HALLMARK_UV_RESPONSE_DN,-0.347226918974506,-1.4209026297486342,0.011764705882352941,0.07565360403788352,0.20804020100502513,41/69,24.30%,ID1;LAMC1;ERBB2;PLCB4;PLPP3;MGLL;NFIB;COL3A1;COL1A2;TJP1;TFPI;GJA1;COL1A1;IGFBP5;NRP1;DAB2;PPARG;COL5A2;VAV2;SLC7A1;PIK3R3;ICA1;KCNMA1;LDLR;RBPMS;MAP1B;PMP22;LPAR1;SDC2;EFEMP1;FHL2;ADGRL2;MET;SNAI2;RND3;CAV1;FBLN5;PDGFRB;F3;CCN1;ITGB3
13,2,anal_pc5_c21_S1.filtered.gene_spectra_score.k_13.dt_0_01.txt,prerank,HALLMARK_CHOLESTEROL_HOMEOSTASIS,-0.3885210452322398,-1.340983785831615,0.09944751381215469,0.1180891888315469,0.32060301507537686,18/35,31.48%,JAG1;LGALS3;ALCAM;MAL2;LGMN;PPARG;CXCL16;CLU;LDLR;SCD;FABP5;HMGCR;PLAUR;HMGCS1;ERRFI1;ATF3;NFIL3;TNFRSF12A
13,2,anal_pc5_c21_S1.filtered.gene_spectra_score.k_13.dt_0_01.txt,prerank,HALLMARK_COMPLEMENT,0.4390664330094892,1.3134852859156179,0.054922279792746116,0.24018595041322316,0.969,32/122,16.24%,SPOCK2;CCL5;LCK;RASGRP1;LCP2;FYN;GZMA;CD40LG;GZMK;DOCK10;GATA3;APOBEC3G;GNG2;IRF1;PIK3R5;CBLB;WAS;TNFAIP3;GZMB;F5;EHD1;PSMB9;PIM1;DOCK9;CTSC;GNGT2;IRF7;ZEB1;PHEX;STX4;DPP4;KIF2A
13,2,anal_pc5_c21_S1.filtered.gene_spectra_score.k_13.dt_0_01.txt,prerank,HALLMARK_MITOTIC_SPINDLE,-0.30826124738649713,-1.302360925249576,0.05194805194805195,0.140097757046447,0.3869346733668342,42/77,23.32%,GSN;DST;TRIO;FLNB;CDK1;RAPGEF5;TOP2A;ECT2;BCAR1;FARP1;PALLD;NUSAP1;ANLN;FGD4;TPX2;MID1;NET1;EPB41L2;KIF23;BIRC5;DOCK4;CCDC88A;PLK1;SYNPO;PRC1;CCNB2;LMNB1;CDC42EP4;NDC80;CENPF;KIF2C;KIF11;DLGAP5;FSCN1;CENPE;CDC42EP2;ESPL1;NEK2;TTK;INCENP;ITSN1;CEP250
13,2,anal_pc5_c21_S1.filtered.gene_spectra_score.k_13.dt_0_01.txt,prerank,HALLMARK_P53_PATHWAY,-0.29076779838564043,-1.2785147721425612,0.058823529411764705,0.1522663054900404,0.4321608040201005,28/89,12.54%,ITGB4;GPX2;EPHX1;TP63;NUPR1;EPS8L2;CLCA2;KLF4;KRT17;SERPINB5;EPHA2;ABCC5;IFI30;SPHK1;TM4SF1;SAT1;SLC7A11;CDKN2A;CDH13;TRAF4;JUN;FUCA1;FOS;GM2A;HSPA4L;CDKN2B;TSC22D1;BMP2
13,2,anal_pc5_c21_S1.filtered.gene_spectra_score.k_13.dt_0_01.txt,prerank,HALLMARK_KRAS_SIGNALING_UP,0.408603822170021,1.2249659981027252,0.1368312757201646,0.3971134267576955,0.998,17/131,8.68%,TRAF1;IL7R;IKZF1;IL2RG;ETS1;IL10RA;TNFRSF1B;LCP1;TRIB2;ITGB2;LAPTM5;DOCK2;MAP4K1;ADAM8;SATB1;TNFAIP3;CCND2
13,2,anal_pc5_c21_S1.filtered.gene_spectra_score.k_13.dt_0_01.txt,prerank,HALLMARK_APOPTOSIS,0.4204575866018708,1.206362306083284,0.17965367965367965,0.4045634207689544,0.998,18/79,12.58%,CD2;CASP8;PRF1;PLCB2;CD69;FASLG;DPYD;IRF1;SATB1;FAS;CCND2;LEF1;ISG20;TNF;CDC25B;SLC20A1;BIRC3;ENO2
13,2,anal_pc5_c21_S1.filtered.gene_spectra_score.k_13.dt_0_01.txt,prerank,HALLMARK_TGF_BETA_SIGNALING,-0.35105857926153716,-1.1708680826339846,0.21973094170403587,0.24830179524502669,0.6100502512562814,14/24,29.24%,CDH1;ID1;ID3;THBS1;TJP1;TGIF1;BMP2;SMAD1;CDKN1C;LTBP2;SMAD6;WWTR1;RAB31;ENG
13,2,anal_pc5_c21_S1.filtered.gene_spectra_score.k_13.dt_0_01.txt,prerank,HALLMARK_PEROXISOME,-0.31987469719821987,-1.1157506192941207,0.28061224489795916,0.31524623388562717,0.7135678391959799,13/32,26.34%,HSD11B2;ALDH1A1;ABCC5;TOP2A;SEMA3C;CRABP2;CADM1;SOD2;CEL;NR1I2;DHRS3;HSD17B11;ACOX1
13,2,anal_pc5_c21_S1.filtered.gene_spectra_score.k_13.dt_0_01.txt,prerank,HALLMARK_WNT_BETA_CATENIN_SIGNALING,0.4806547216184778,1.071185772610863,0.3885630498533724,0.7278770456995394,1.0,3/15,8.98%,TCF7;CCND2;LEF1
13,2,anal_pc5_c21_S1.filtered.gene_spectra_score.k_13.dt_0_01.txt,prerank,HALLMARK_APICAL_SURFACE,0.4218996852443579,1.0611647510893707,0.4017971758664955,0.6938555515630614,1.0,5/27,12.50%,IL2RG;IL2RB;GATA3;CD160;MAL
13,2,anal_pc5_c21_S1.filtered.gene_spectra_score.k_13.dt_0_01.txt,prerank,HALLMARK_HEME_METABOLISM,-0.25752323679162953,-1.0417371903093604,0.38317757009345793,0.42206232631996826,0.8402010050251256,15/55,16.08%,BCAM;SELENBP1;CTSB;GCLC;CA2;SLC7A11;P4HA2;MBOAT2;KLF3;BLVRB;SLC6A8;PDZK1IP1;TENT5C;TNS1;BMP2K
13,2,anal_pc5_c21_S1.filtered.gene_spectra_score.k_13.dt_0_01.txt,prerank,HALLMARK_UV_RESPONSE_UP,-0.24591676722167433,-1.0318171031946384,0.35365853658536583,0.4200079396585947,0.8502512562814071,20/66,21.00%,EPCAM;EPHX1;IGFBP2;MMP14;RHOB;CA2;MAOA;CREG1;SLC6A8;HSPA2;FOS;PTPRD;CDKN2B;BMP2;HYAL2;SOD2;HMOX1;CDKN1C;PRKCD;LYN
13,2,anal_pc5_c21_S1.filtered.gene_spectra_score.k_13.dt_0_01.txt,prerank,HALLMARK_TNFA_SIGNALING_VIA_NFKB,0.30789312374890604,0.9225670362457878,0.6758974358974359,0.9970839437242598,1.0,40/150,21.04%,TRAF1;IL7R;CCL5;CD69;IRF1;GPR183;TNFAIP3;SLC16A6;SLC2A3;CCL4;DUSP2;DUSP4;EHD1;TNFRSF9;PTGER4;TNF;CSF1;BIRC3;KLF2;PDE4B;MAP3K8;ZFP36;NFKB2;SMAD3;MAP2K3;CSF2;NR4A3;PTPRE;KDM6B;NFAT5;ZC3H12A;PFKFB3;ID2;CCL20;NR4A2;PLEK;TIPARP;CCRL2;BCL2A1;IFIH1
13,2,anal_pc5_c21_S1.filtered.gene_spectra_score.k_13.dt_0_01.txt,prerank,HALLMARK_APICAL_JUNCTION,0.31503557444124525,0.9097524482888337,0.6466321243523316,0.9567014013654329,1.0,6/101,1.98%,EVL;FYB1;TRAF1;PTPRC;RAC2;PLCG1
13,2,anal_pc5_c21_S1.filtered.gene_spectra_score.k_13.dt_0_01.txt,prerank,HALLMARK_HYPOXIA,-0.19540286759500333,-0.8918854472399566,0.8333333333333334,0.7007741167129813,0.9748743718592965,44/111,28.68%,PKP1;GPC1;NEDD4L;CA12;SELENBP1;TGFBI;ACKR3;GPC3;VEGFA;EFNA1;P4HA2;SDC4;JUN;DCN;FOS;COL5A1;CAVIN1;SDC3;PPARGC1A;CDKN1A;HK2;SCARB1;SDC2;GAA;HMOX1;DTNA;ADM;NDRG1;BGN;CDKN1C;LOX;CAV1;GPC4;MT2A;F3;CCN1;HSPA5;PLAUR;ERRFI1;CCN2;IGFBP3;IER3;VLDLR;CP
13,2,anal_pc5_c21_S1.filtered.gene_spectra_score.k_13.dt_0_01.txt,prerank,HALLMARK_KRAS_SIGNALING_DN,-0.2069305145406277,-0.880063871239444,0.7605633802816901,0.6909487892020643,0.9798994974874372,13/78,13.76%,PKP1;IGFBP2;HSD11B2;KRT15;TFCP2L1;SELENOP;CALML5;FGFR3;AKR1B10;TENT5C;SYNPO;SPTBN2;SGK1
13,2,anal_pc5_c21_S1.filtered.gene_spectra_score.k_13.dt_0_01.txt,prerank,HALLMARK_BILE_ACID_METABOLISM,0.29997206938627285,0.7935161098884251,0.7536057692307693,1.0,1.0,3/37,7.90%,LCK;ABCD2;ABCA2
13,2,anal_pc5_c21_S1.filtered.gene_spectra_score.k_13.dt_0_01.txt,prerank,HALLMARK_REACTIVE_OXYGEN_SPECIES_PATHWAY,0.3163592387268673,0.7411997244139208,0.8015978695073236,1.0,1.0,3/19,8.94%,IPCEF1;LSP1;PFKP
13,2,anal_pc5_c21_S1.filtered.gene_spectra_score.k_13.dt_0_01.txt,prerank,HALLMARK_UNFOLDED_PROTEIN_RESPONSE,0.3051365008713868,0.7350976228175549,0.8218465539661899,1.0,1.0,7/23,19.58%,NABP1;ERN1;ERO1A;TSPYL2;DDIT4;DNAJA4;SLC7A5
13,2,anal_pc5_c21_S1.filtered.gene_spectra_score.k_13.dt_0_01.txt,prerank,HALLMARK_MTORC1_SIGNALING,0.251374938607256,0.7170644719008933,0.8785557986870897,1.0,1.0,10/72,13.80%,CORO1A;SLA;ITGB2;SLC2A3;CXCR4;NIBAN1;ELOVL5;CTSC;TUBA4A;ERO1A
13,2,anal_pc5_c21_S1.filtered.gene_spectra_score.k_13.dt_0_01.txt,prerank,HALLMARK_DNA_REPAIR,0.27116749899507275,0.6549153677829526,0.8929503916449086,1.0,1.0,11/22,24.70%,HCLS1;PDE4B;USP11;CMPK2;PNP;NT5C3A;SNAPC4;POLH;AK1;BRF2;PDE6G
13,2,anal_pc5_c21_S1.filtered.gene_spectra_score.k_13.dt_0_01.txt,prerank,HALLMARK_ANDROGEN_RESPONSE,0.2395753092090729,0.6434588402783955,0.9330199764982373,0.9909809558030902,1.0,6/41,11.62%,MAF;IQGAP2;CCND3;STK39;PTK2B;ELOVL5
13,2,anal_pc5_c21_S1.filtered.gene_spectra_score.k_13.dt_0_01.txt,prerank,HALLMARK_SPERMATOGENESIS,0.24197840979508703,0.6408054671827871,0.9369797859690844,0.9454083465941173,1.0,3/36,7.78%,CAMK4;GFI1;LPIN1
13,3,anal_pc5_c21_S1.filtered.gene_spectra_score.k_13.dt_0_01.txt,prerank,HALLMARK_E2F_TARGETS,-0.5971605485496227,-2.179363261065216,0.0,0.0,0.0,39/54,28.32%,HELLS;CDKN2A;EZH2;MCM2;SMC4;CDK1;CENPM;MCM4;TCF19;PTTG1;CDKN2C;CDC25B;TACC3;TOP2A;LIG1;MCM6;ANP32E;CIT;MYBL2;LMNB1;KIF18B;AURKB;NCAPD2;DLGAP5;ESPL1;HMGB2;CENPE;KIF2C;CCNB2;BIRC5;CDCA3;ORC6;RRM2;HMMR;SPC25;DIAPH3;MELK;DEPDC1;CDKN1A
13,3,anal_pc5_c21_S1.filtered.gene_spectra_score.k_13.dt_0_01.txt,prerank,HALLMARK_INTERFERON_GAMMA_RESPONSE,-0.502869898926649,-2.09188452950007,0.0,0.0,0.0,62/111,22.64%,MX1;ST8SIA4;SECTM1;ISG20;PARP14;CD74;TNFAIP2;PIM1;ITGB7;IL10RA;RNF213;SAMHD1;SLAMF7;CIITA;ZBP1;C1R;PTPN6;ISG15;C1S;MX2;SP110;IRF4;RSAD2;LCP2;ARID5B;NLRC5;TNFAIP3;DDX60;OAS3;OAS2;IFI44L;FGL2;IRF7;CCL5;IFI44;CSF2RB;BANK1;IL2RB;CD38;CMPK2;ST3GAL5;TNFSF10;KLRK1;XAF1;IFI30;STAT4;HERC6;CD40;ICAM1;IRF1;CD69;EPSTI1;SOCS1;RAPGEF6;IFIT1;SAMD9L;CFH;CASP8;GZMA;IL18BP;VCAM1;STAT1
13,3,anal_pc5_c21_S1.filtered.gene_spectra_score.k_13.dt_0_01.txt,prerank,HALLMARK_ALLOGRAFT_REJECTION,-0.4375672705102322,-1.9198911774350378,0.0,0.0023405500292568754,0.003006012024048096,66/121,27.04%,ITGAL;FLNA;ACHE;CD79A;ST8SIA4;HCLS1;IL16;SRGN;LTB;PTPRC;CD74;CDKN2A;CD2;ETS1;FYB1;ZAP70;ITGB2;HDAC9;IL2RG;CD96;MAP4K1;CD3E;CD4;PTPN6;CD3D;IRF4;LCP2;LCK;PRKCB;IRF7;CCL5;ITK;SPI1;NCF4;GBP2;CD28;IL2RB;WAS;CD247;CD8A;CD7;CSF1;IL12RB1;SIT1;CCR5;STAT4;CD40;FGR;ICAM1;CD3G;SOCS1;TLR6;STAB1;GPR65;CXCR3;GZMA;STAT1;LY86;PRF1;IL27RA;TLR2;THY1;TRAT1;IL2RA;FCGR2B;CD40LG
13,3,anal_pc5_c21_S1.filtered.gene_spectra_score.k_13.dt_0_01.txt,prerank,HALLMARK_INTERFERON_ALPHA_RESPONSE,-0.497773882788958,-1.8444080040956345,0.0,0.006436512580456407,0.011022044088176353,25/50,22.16%,MX1;ISG20;PARP14;CD74;ISG15;C1S;SP110;RSAD2;DDX60;SELL;TMEM140;IFI44L;IRF7;LPAR6;IFI44;GBP2;CMPK2;CSF1;SAMD9;IFI30;HERC6;IRF1;EPSTI1;SAMD9L;CASP8
13,3,anal_pc5_c21_S1.filtered.gene_spectra_score.k_13.dt_0_01.txt,prerank,HALLMARK_ESTROGEN_RESPONSE_EARLY,0.6222667351244587,1.827147564541974,0.0,0.005273920998816059,0.006,43/118,14.34%,TFF3;MUC1;MLPH;CLDN7;CA12;ELF3;TTC39A;AKAP1;MYB;KRT8;ESRP2;NBL1;TJP3;CCND1;HES1;LAD1;TOB1;SLC26A2;OVOL2;SCNN1A;KLF4;RAPGEFL1;FLNB;RHOBTB3;IGFBP4;MYC;BLVRB;KAZN;XBP1;SLC27A2;WWC1;FHL2;PPIF;GAB2;FASN;IL17RB;SVIL;FOS;KCNK5;PODXL;LRIG1;RETREG1;THSD4
13,3,anal_pc5_c21_S1.filtered.gene_spectra_score.k_13.dt_0_01.txt,prerank,HALLMARK_EPITHELIAL_MESENCHYMAL_TRANSITION,-0.40086470933161295,-1.8030111659628936,0.0,0.007957870099473376,0.017034068136272545,92/164,30.08%,COL7A1;DST;GPC1;DPYSL3;WIPF1;SLC6A8;TGFBI;IL32;FLNA;FBLN1;LAMA3;PFN2;ENO2;ELN;PLAUR;COL5A1;COL4A2;COL6A2;FSTL1;EMP3;SPARC;COL4A1;GLIPR1;HTRA1;THBS2;COL3A1;CALD1;FBLN2;VCAN;WNT5A;COL1A2;MYLK;ITGA5;TNFAIP3;PDLIM4;GJA1;FBN1;ECM1;CRLF1;MYL9;DCN;CADM1;BASP1;TNC;COL16A1;COL6A3;SNAI2;COL1A1;TPM2;PMP22;LUM;PTHLH;ACTA2;RHOB;PLOD2;CXCL12;MMP2;COL5A2;PRRX1;PCOLCE;CDH11;BGN;LAMC1;EFEMP2;TAGLN;SERPINE2;MGP;MXRA5;VCAM1;TIMP3;CCN1;LOXL1;GREM1;ABI3BP;THY1;FGF2;LOXL2;COL5A3;MFAP5;ITGB3;DKK1;COL12A1;FBLN5;PDGFRB;ITGA2;ADAM12;LOX;LAMA2;NNMT;AREG;TGM2;TGFBR3
13,3,anal_pc5_c21_S1.filtered.gene_spectra_score.k_13.dt_0_01.txt,prerank,HALLMARK_ESTROGEN_RESPONSE_LATE,0.6064056331895007,1.7501676879484722,0.0,0.00866429878376924,0.022,27/106,10.26%,AGR2;TFF3;SERPINA1;CA12;MYB;LLGL2;TSPAN13;CA2;CDH1;NBL1;TJP3;CCND1;UGDH;CKB;TOB1;SLC26A2;OVOL2;SCNN1A;KLF4;RAPGEFL1;FLNB;IGFBP4;ID2;BLVRB;XBP1;SLC27A2;DNAJC12
13,3,anal_pc5_c21_S1.filtered.gene_spectra_score.k_13.dt_0_01.txt,prerank,HALLMARK_BILE_ACID_METABOLISM,0.6248708034792496,1.5906799786598793,0.017879948914431672,0.06579844293760988,0.228,10/37,9.90%,ACSL5;NR3C2;TFCP2L1;HSD17B11;SULT1B1;CAT;NR1I2;ABCA2;CYP27A1;SLC27A2
13,3,anal_pc5_c21_S1.filtered.gene_spectra_score.k_13.dt_0_01.txt,prerank,HALLMARK_MITOTIC_SPINDLE,-0.4000965303426248,-1.5848952862210286,0.0,0.04212990052662376,0.09819639278557114,39/77,22.88%,DST;FLNA;DOCK2;ARHGAP4;NUSAP1;CNTRL;CCDC88A;GSN;SMC4;CDK1;RHOF;CEP72;TIAM1;NDC80;TPX2;ECT2;ANLN;TOP2A;FBXO5;CENPF;PRC1;KIF11;ARHGAP10;LMNB1;KNTC1;PALLD;CEP250;PREX1;DLGAP5;FSCN1;ESPL1;CENPE;KIF23;KIF2C;RAPGEF6;CCNB2;BIRC5;KIF15;SYNPO
13,3,anal_pc5_c21_S1.filtered.gene_spectra_score.k_13.dt_0_01.txt,prerank,HALLMARK_HEDGEHOG_SIGNALING,-0.5375519783467455,-1.5138258760834018,0.05198776758409786,0.057510657861740366,0.1533066132264529,11/17,32.84%,ACHE;NRCAM;DPYSL2;HEY1;CELSR1;NRP2;CRMP1;NRP1;THY1;UNC5C;VLDLR
13,3,anal_pc5_c21_S1.filtered.gene_spectra_score.k_13.dt_0_01.txt,prerank,HALLMARK_PI3K_AKT_MTOR_SIGNALING,-0.4455440950621907,-1.499843769489298,0.039473684210526314,0.05705090696313634,0.17535070140280562,15/32,17.98%,CXCR4;MAPK10;PIK3R3;SLC2A1;IL2RG;PLCG1;CDK1;TIAM1;PDK1;SLA;LCK;PRKCB;DAPP1;E2F1;PLCB1
13,3,anal_pc5_c21_S1.filtered.gene_spectra_score.k_13.dt_0_01.txt,prerank,HALLMARK_G2M_CHECKPOINT,-0.369448090874439,-1.4699203239178749,0.02564102564102564,0.06293478967557375,0.21442885771543085,39/68,24.88%,SMAD3;NUSAP1;EZH2;MCM2;SMC4;CDK1;PTTG1;ODC1;CDKN2C;CDC25B;TACC3;MEIS1;NDC80;TPX2;TOP2A;FBXO5;MCM6;RAD54L;CENPF;PRC1;KIF11;MYBL2;LMNB1;E2F1;AURKB;ESPL1;CENPE;CDC45;KIF23;KIF2C;CCNB2;BIRC5;TROAP;ORC6;KIF15;CCNF;POLQ;HMMR;SLC7A5
13,3,anal_pc5_c21_S1.filtered.gene_spectra_score.k_13.dt_0_01.txt,prerank,HALLMARK_FATTY_ACID_METABOLISM,0.521019524432437,1.3811267598854524,0.09610705596107055,0.45788935529006564,0.874,12/44,11.74%,ACSL5;MAOA;HSD17B11;CA2;MGLL;UGDH;ACAA2;ECI2;PTPRG;HMGCS1;ACOX1;FASN
13,3,anal_pc5_c21_S1.filtered.gene_spectra_score.k_13.dt_0_01.txt,prerank,HALLMARK_PEROXISOME,0.551368931159782,1.3569206715769795,0.10554089709762533,0.4395436443870412,0.913,10/32,12.26%,HSD11B2;ACSL5;HSD17B11;CAT;NR1I2;SEMA3C;ECI2;SLC27A2;ACOX1;SOD2
13,3,anal_pc5_c21_S1.filtered.gene_spectra_score.k_13.dt_0_01.txt,prerank,HALLMARK_XENOBIOTIC_METABOLISM,0.46650112726057297,1.3204534923775202,0.09497206703910614,0.4779176981308076,0.954,15/80,9.74%,MAOA;ABCC3;CA2;CYB5A;NDRG2;TMEM176B;FBP1;UGDH;CFB;CAT;IGFBP4;ID2;BLVRB;CYP27A1;BCAR1
13,3,anal_pc5_c21_S1.filtered.gene_spectra_score.k_13.dt_0_01.txt,prerank,HALLMARK_INFLAMMATORY_RESPONSE,-0.27947240867009265,-1.2565877715362441,0.07692307692307693,0.2104154476301931,0.6032064128256514,48/141,25.16%,PLAUR;SPHK1;GPC3;SEMA4D;IL10RA;EMP3;MXD1;ADM;LCP2;SLAMF1;ITGA5;SELL;IL7R;LCK;CD48;IRF7;RASGRP1;CCL5;GPR183;IL2RB;ABCA1;PCDH7;PIK3R5;CYBB;KCNA3;GPR132;TNFRSF1B;TNFSF10;CSF1;BTG2;CCR7;OSMR;CD40;ICAM1;IRF1;CD69;STAB1;PDPN;RGS1;AXL;IL1R1;SLC7A2;CX3CL1;CALCRL;C3AR1;TLR2;PTPRE;NOD2
13,3,anal_pc5_c21_S1.filtered.gene_spectra_score.k_13.dt_0_01.txt,prerank,HALLMARK_GLYCOLYSIS,0.43014535977110724,1.2262768686151442,0.17327293318233294,0.7394252502421699,0.995,13/67,11.64%,TFF3;ELF3;B3GNT3;CYB5A;QSOX1;NT5E;HK2;CITED2;DSC2;HSPA5;P4HA2;IER3;MET
13,3,anal_pc5_c21_S1.filtered.gene_spectra_score.k_13.dt_0_01.txt,prerank,HALLMARK_MTORC1_SIGNALING,-0.2838727433198909,-1.1584374156639934,0.15748031496062992,0.31746369487738707,0.7685370741482966,25/72,18.00%,CORO1A;GCLC;ELOVL5;PHGDH;TXNRD1;CXCR4;SLC6A6;PIK3R3;SLC2A1;ITGB2;MCM2;MCM4;PDK1;SLA;EGLN3;FGL2;SLC1A4;NIBAN1;SLC7A11;DAPP1;IGFBP5;BTG2;PLOD2;IFI30;PPP1R15A
13,3,anal_pc5_c21_S1.filtered.gene_spectra_score.k_13.dt_0_01.txt,prerank,HALLMARK_CHOLESTEROL_HOMEOSTASIS,0.4462611196045805,1.1444770475852906,0.30103359173126615,0.9841513292433538,1.0,15/35,18.44%,LGALS3;PPARG;ABCA2;HMGCR;MAL2;HMGCS1;FASN;MVD;ANTXR2;LGMN;JAG1;STARD4;SCD;TM7SF2;CXCL16
13,3,anal_pc5_c21_S1.filtered.gene_spectra_score.k_13.dt_0_01.txt,prerank,HALLMARK_UV_RESPONSE_UP,0.40625714364709453,1.1241453744539178,0.3071593533487298,0.9596024826893409,1.0,16/66,14.86%,EPCAM;MAOA;CA2;RAB27A;IGFBP2;PTPRD;BMP2;PPIF;SOD2;FOS;PRKCD;CREG1;SULT1A1;NR4A1;C4BPB;CDC34
13,3,anal_pc5_c21_S1.filtered.gene_spectra_score.k_13.dt_0_01.txt,prerank,HALLMARK_HEME_METABOLISM,0.40395077320385636,1.113877459526252,0.3215547703180212,0.9045527930255086,1.0,14/55,13.30%,SELENBP1;PDZK1IP1;CA2;CAT;MBOAT2;KDM7A;ALDH1L1;BLVRB;P4HA2;TRIM10;SLC25A37;KLF3;MAP2K3;DMTN
13,3,anal_pc5_c21_S1.filtered.gene_spectra_score.k_13.dt_0_01.txt,prerank,HALLMARK_ANGIOGENESIS,-0.3284859701441582,-1.0145875155056467,0.43137254901960786,0.5593914569923932,0.938877755511022,11/29,22.40%,FGFR1;FSTL1;COL3A1;VCAN;JAG2;S100A4;SLCO2A1;LUM;COL5A2;THBD;NRP1
13,3,anal_pc5_c21_S1.filtered.gene_spectra_score.k_13.dt_0_01.txt,prerank,HALLMARK_KRAS_SIGNALING_UP,0.3419232807257211,1.0056353208996287,0.48640167364016734,1.0,1.0,21/131,10.62%,EPHB2;SPON1;CCND2;TSPAN13;CA2;CTSS;TMEM176B;TMEM176A;CFB;ACE;TSPAN1;KLF4;SPRY2;TSPAN7;FUCA1;VWA5A;ID2;KCNN4;BMP2;ANO1;LIF
13,3,anal_pc5_c21_S1.filtered.gene_spectra_score.k_13.dt_0_01.txt,prerank,HALLMARK_IL2_STAT5_SIGNALING,0.3393982770027589,0.9980301276583133,0.4957627118644068,1.0,1.0,22/127,11.54%,MUC1;CCND2;CA2;IL1R2;SLC39A8;NT5E;HK2;NFKBIZ;ST3GAL4;CDCP1;ITGA6;PNP;WLS;MYC;TNFRSF21;XBP1;GLIPR2;BMP2;CAPG;LIF;SPRY4;PLAGL1
13,3,anal_pc5_c21_S1.filtered.gene_spectra_score.k_13.dt_0_01.txt,prerank,HALLMARK_MYOGENESIS,-0.22905732403831955,-0.9866329705983815,0.4406779661016949,0.5822568303551334,0.9519038076152304,47/112,29.58%,LSP1;SLC6A8;ACHE;EFS;SPHK1;COL4A2;GSN;COL6A2;MYH11;SPARC;COL3A1;CDH13;PDLIM7;MYLK;TNNT3;AEBP1;WWTR1;COL6A3;COL1A1;TPM2;IGFBP7;CLU;IGF1;MEF2C;PVALB;KIFC3;DTNA;FST;CRYAB;TNNI2;TAGLN;GAA;COL15A1;CD36;MAPK12;ACSL1;FGF2;PTP4A3;SPEG;PKIA;DES;HSPB8;ADAM12;CDKN1A;KCNH2;LAMA2;GNAO1
13,3,anal_pc5_c21_S1.filtered.gene_spectra_score.k_13.dt_0_01.txt,prerank,HALLMARK_SPERMATOGENESIS,0.3760654721358718,0.9680588566135085,0.5215736040609137,1.0,1.0,2/36,5.14%,SLC12A2;ACE
13,3,anal_pc5_c21_S1.filtered.gene_spectra_score.k_13.dt_0_01.txt,prerank,HALLMARK_COAGULATION,-0.23591945021951138,-0.9353767529595954,0.5864661654135338,0.653515004597509,0.9769539078156313,36/79,32.88%,PRSS23;ANXA1;GSN;C1R;SPARC;FYN;C1S;PECAM1;HTRA1;A2M;FBN1;CTSH;CTSB;CLU;PLAU;PLEK;USP11;MMP2;SH2B2;VWF;THBD;CFH;TIMP3;CRIP2;SERPING1;ITGB3;MMP11;C1QA;PLAT;ITGA2;C3;DUSP14;MAFF;PDGFB;CFD;GDA
13,3,anal_pc5_c21_S1.filtered.gene_spectra_score.k_13.dt_0_01.txt,prerank,HALLMARK_ANDROGEN_RESPONSE,0.35615259631511575,0.9318497141119136,0.5727040816326531,1.0,1.0,12/41,15.20%,KRT8;CCND1;SLC26A2;STK39;HMGCR;AZGP1;DBI;HMGCS1;PGM3;SAT1;IQGAP2;RRP12
13,3,anal_pc5_c21_S1.filtered.gene_spectra_score.k_13.dt_0_01.txt,prerank,HALLMARK_P53_PATHWAY,0.32363369278010207,0.9170619979591332,0.6173245614035088,1.0,1.0,22/89,15.04%,AK1;NUPR1;CCND2;EPS8L2;TOB1;GPX2;KIF13B;KLF4;FUCA1;VWA5A;BMP2;LIF;IER3;CTSD;FOS;CEBPA;PDGFA;SAT1;TRAF4;ITGB4;TGFA;MAPKAPK3
13,3,anal_pc5_c21_S1.filtered.gene_spectra_score.k_13.dt_0_01.txt,prerank,HALLMARK_UNFOLDED_PROTEIN_RESPONSE,-0.3119749350499999,-0.9126180888783558,0.569078947368421,0.6580066315584162,0.9839679358717435,15/23,38.16%,NABP1;SLC1A4;TSPYL2;HERPUD1;DNAJB9;IFIT1;SLC7A5;DDIT4;ATF3;PSAT1;TUBB2A;ERN1;CCL2;CEBPB;ERO1A
13,3,anal_pc5_c21_S1.filtered.gene_spectra_score.k_13.dt_0_01.txt,prerank,HALLMARK_TNFA_SIGNALING_VIA_NFKB,-0.20098247363591779,-0.9079179640330671,0.8214285714285714,0.6250731421884143,0.9839679358717435,72/150,38.46%,BCL6;PLAUR;SPHK1;SMAD3;ACKR3;TNFAIP2;TRAF1;MXD1;KLF2;SGK1;TNFAIP3;IL7R;CCL5;GPR183;NFKB2;TNC;ABCA1;BIRC3;PLAU;PLEK;CSF1;BTG2;DUSP5;RHOB;KYNU;PPP1R15A;DRAM1;ICAM1;PFKFB3;EHD1;IRF1;CD69;RCAN1;LAMB3;CCN1;SLC2A3;REL;TLR2;PTPRE;CD83;ATF3;DUSP1;MAP3K8;ZFP36;CDKN1A;TUBB2A;SOCS3;AREG;PLPP3;CD80;NFIL3;PHLDA1;MAFF;IFIT2;PDE4B;NFKBIE;NINJ1;DUSP2;BCL2A1;CCL2;NAMPT;NFKBIA;SERPINB2;GADD45B;TNF;DUSP4;SERPINB8;CEBPB;FJX1;CCL4;SLC16A6;FOSB
13,3,anal_pc5_c21_S1.filtered.gene_spectra_score.k_13.dt_0_01.txt,prerank,HALLMARK_APICAL_SURFACE,0.36150636528486063,0.8800088177963273,0.6376210235131397,1.0,1.0,2/27,2.80%,ATP8B1;AKAP7
13,3,anal_pc5_c21_S1.filtered.gene_spectra_score.k_13.dt_0_01.txt,prerank,HALLMARK_WNT_BETA_CATENIN_SIGNALING,0.4045221806045496,0.8713927155674691,0.639751552795031,1.0,1.0,2/15,8.54%,CCND2;MYC
13,3,anal_pc5_c21_S1.filtered.gene_spectra_score.k_13.dt_0_01.txt,prerank,HALLMARK_COMPLEMENT,0.28319193302506807,0.8369388572196365,0.7662753468516542,1.0,1.0,21/122,15.50%,SERPINA1;KLK1;LGALS3;CA2;CTSS;CFB;PRSS3;CPM;HSPA5;DPP4;CTSD;ADAM9;CSRP1;PRKCD;TIMP1;C2;GCA;C4BPB;STX4;LGMN;ME1
13,3,anal_pc5_c21_S1.filtered.gene_spectra_score.k_13.dt_0_01.txt,prerank,HALLMARK_TGF_BETA_SIGNALING,0.33662708778294526,0.8063672301631858,0.7261410788381742,1.0,1.0,7/24,16.14%,CDH1;ID2;BMP2;TGIF1;ID3;ID1;SMAD6
13,3,anal_pc5_c21_S1.filtered.gene_spectra_score.k_13.dt_0_01.txt,prerank,HALLMARK_ADIPOGENESIS,0.2969246591627414,0.7864544322974751,0.7821901323706378,1.0,1.0,9/51,12.98%,MGLL;ESRRA;PPARG;TOB1;CAT;ACAA2;ACOX1;PIM3;SULT1A1
13,3,anal_pc5_c21_S1.filtered.gene_spectra_score.k_13.dt_0_01.txt,prerank,HALLMARK_REACTIVE_OXYGEN_SPECIES_PATHWAY,0.3391678343685743,0.778257696616843,0.7492447129909365,1.0,1.0,2/19,6.02%,MGST1;CAT
13,3,anal_pc5_c21_S1.filtered.gene_spectra_score.k_13.dt_0_01.txt,prerank,HALLMARK_APICAL_JUNCTION,0.2679107610707297,0.7726176558264649,0.8271739130434783,1.0,1.0,8/101,7.88%,WNK4;CLDN7;PCDH1;CDH1;CLDN4;ITGA3;ADAM15;WASL
13,3,anal_pc5_c21_S1.filtered.gene_spectra_score.k_13.dt_0_01.txt,prerank,HALLMARK_DNA_REPAIR,0.3228557167875584,0.7647534566079212,0.7808823529411765,0.99257813779581,1.0,4/22,13.20%,AK1;PNP;VPS37B;NPR2
13,3,anal_pc5_c21_S1.filtered.gene_spectra_score.k_13.dt_0_01.txt,prerank,HALLMARK_UV_RESPONSE_DN,0.26723263431584277,0.735089526387176,0.8573099415204678,0.9911518315215442,1.0,10/69,11.64%,ERBB2;MGLL;ICA1;PPARG;PLCB4;KCNMA1;CITED2;MYC;FHL2;MET
13,3,anal_pc5_c21_S1.filtered.gene_spectra_score.k_13.dt_0_01.txt,prerank,HALLMARK_APOPTOSIS,0.25549407205400393,0.7262965372981557,0.8544018058690744,0.9629275643095468,1.0,5/79,3.40%,LGALS3;CCND2;CCND1;ERBB2;ERBB3
13,3,anal_pc5_c21_S1.filtered.gene_spectra_score.k_13.dt_0_01.txt,prerank,HALLMARK_KRAS_SIGNALING_DN,0.24793080081220387,0.6944467360025505,0.90304396843292,0.9614473891193297,1.0,3/78,5.56%,HSD11B2;TFCP2L1;IGFBP2
13,3,anal_pc5_c21_S1.filtered.gene_spectra_score.k_13.dt_0_01.txt,prerank,HALLMARK_HYPOXIA,0.23742234908459242,0.6936035910360905,0.9192680301399354,0.9269544003157177,1.0,11/111,9.76%,CA12;SELENBP1;NEDD4L;FBP1;PPARGC1A;HK2;SDC4;CITED2;HSPA5;LXN;P4HA2
13,3,anal_pc5_c21_S1.filtered.gene_spectra_score.k_13.dt_0_01.txt,prerank,HALLMARK_IL6_JAK_STAT3_SIGNALING,0.2475340337297208,0.6648596412437274,0.9136253041362531,0.9187923797223119,1.0,2/53,2.70%,PLA2G2A;IL1R2
13,4,anal_pc5_c21_S1.filtered.gene_spectra_score.k_13.dt_0_01.txt,prerank,HALLMARK_E2F_TARGETS,-0.622796042245643,-2.4033842280798985,0.0,0.0,0.0,45/54,33.02%,CDK1;TOP2A;PRDX4;MCM2;MKI67;CDKN2A;HMGB2;PTTG1;CDKN2C;MCM4;CIT;CKS2;TK1;KPNA2;HMMR;CCNB2;DLGAP5;AURKB;EZH2;PLK1;TCF19;LMNB1;CDC20;SMC4;KIF18B;MCM6;RRM2;MELK;CDCA3;KIF2C;BIRC5;CDC25B;CDCA8;AURKA;SPAG5;HELLS;CDKN1A;ESPL1;KIF4A;SPC25;DIAPH3;CENPE;DEPDC1;KIF22;TACC3
13,4,anal_pc5_c21_S1.filtered.gene_spectra_score.k_13.dt_0_01.txt,prerank,HALLMARK_EPITHELIAL_MESENCHYMAL_TRANSITION,-0.4990710182148211,-2.2532739144946676,0.0,0.0,0.0,104/164,30.40%,GPC1;IL32;DST;LRP1;TGFBI;PFN2;IGFBP4;COL7A1;FBLN1;IGFBP2;MMP14;TPM1;DPYSL3;COL6A2;SDC4;COL4A2;JUN;COL5A1;RHOB;SPARC;ELN;ITGB5;THBS1;SERPINH1;FSTL1;ITGA2;COL1A2;CALD1;COL3A1;FUCA1;QSOX1;COL6A3;COL4A1;HTRA1;DAB2;SLC6A8;TPM2;LAMA3;DCN;COL16A1;MATN2;LAMC1;THBS2;FN1;COL1A1;VEGFA;MMP2;BMP1;GJA1;CXCL12;LUM;ITGA5;VCAN;TIMP1;PMP22;TNC;MYL9;TIMP3;PDLIM4;GREM1;PLAUR;COL5A2;ACTA2;CDH11;PLOD2;SNAI2;CTHRC1;LOXL1;MYLK;LAMC2;CRLF1;THY1;FBN1;ECM1;WNT5A;COL5A3;EDIL3;COL12A1;PRRX1;TGFBR3;CCN2;PDGFRB;FBLN5;LAMA2;CCN1;BGN;PTHLH;CADM1;MGP;FBLN2;TNFRSF12A;SLIT3;NNMT;MXRA5;IGFBP3;SPP1;SFRP1;GADD45A;MFAP5;SAT1;TAGLN;FMOD;NID2;ID2
13,4,anal_pc5_c21_S1.filtered.gene_spectra_score.k_13.dt_0_01.txt,prerank,HALLMARK_G2M_CHECKPOINT,-0.5689598716359529,-2.2006560671992585,0.0,0.0,0.0,56/68,36.32%,CDK1;TOP2A;MCM2;TPX2;MKI67;NUSAP1;KIF23;PTTG1;CDKN2C;MEIS1;CKS2;SLC12A2;TROAP;KPNA2;HMMR;CENPF;PRC1;MT2A;NDC80;SLC7A1;CCNB2;AURKB;EZH2;PLK1;LMNB1;CDC20;SMC4;MCM6;TTK;SLC7A5;CENPA;ODC1;KIF2C;BIRC5;CDC25B;RAD54L;KIF11;AURKA;ESPL1;CCNF;BUB1;CDC45;KIF4A;INCENP;CENPE;NEK2;KIF15;E2F1;KIF22;TACC3;POLQ;MEIS2;MYBL2;EXO1;FBXO5;UBE2C
13,4,anal_pc5_c21_S1.filtered.gene_spectra_score.k_13.dt_0_01.txt,prerank,HALLMARK_ESTROGEN_RESPONSE_LATE,-0.4526446617221553,-1.9200438097685775,0.0,0.0012951131065446384,0.001002004008016032,50/106,21.18%,NBL1;XBP1;CDH1;AGR2;CA12;CXCL14;SCNN1A;IGFBP4;CKB;MDK;KRT19;PLXNB1;RAPGEFL1;KLF4;TFF3;FOS;TOP2A;CPE;SERPINA1;LLGL2;PRSS23;TJP3;CA2;HR;TOB1;UGDH;BLVRB;FARP1;CAV1;FGFR3;MYB;SLC1A4;ASS1;OVOL2;CXCL12;SLC26A2;SLC16A1;KIF20A;TIAM1;CYP4F11;HSPA4L;KLK11;CISH;LAMC2;CDC20;KCNK5;FABP5;FLNB;SLC7A5;KLK10
13,4,anal_pc5_c21_S1.filtered.gene_spectra_score.k_13.dt_0_01.txt,prerank,HALLMARK_APICAL_JUNCTION,-0.40231475462836025,-1.7156234491647917,0.0,0.030046624071835608,0.028056112224448898,42/101,19.12%,CLDN7;ITGB4;CDH1;CLDN4;TGFBI;COL17A1;MDK;LAMB3;ADAM15;PCDH1;FYB1;ADAM23;CDH3;MPZL2;ITGA2;ITGA3;ADAM9;CD209;CD276;PIK3R3;LAMA3;COL16A1;TJP1;WNK4;SDC3;NLGN2;MMP2;BMP1;VCAN;MYL9;TSPAN4;SORBS3;LAYN;PLCG1;CDH11;NECTIN4;LAMC2;ITGA9;PECAM1;THY1;FBN1;CERCAM
13,4,anal_pc5_c21_S1.filtered.gene_spectra_score.k_13.dt_0_01.txt,prerank,HALLMARK_UV_RESPONSE_DN,-0.4268059977328473,-1.7047082686777486,0.0,0.027629079606285616,0.031062124248496994,42/69,24.12%,ERBB2;ID1;NFIB;LDLR;PLCB4;COL1A2;RUNX1;NRP1;MGLL;COL3A1;IGFBP5;DAB2;PIK3R3;TJP1;LAMC1;TFPI;DUSP1;CAV1;COL1A1;EFEMP1;FHL2;GJA1;MAP1B;PPARG;ADGRL2;PMP22;RBPMS;ICA1;CITED2;SLC7A1;COL5A2;SDC2;SNAI2;PTPRM;SYNE1;KCNMA1;PDLIM5;FYN;TGFBR3;PDGFRB;FBLN5;CCN1
13,4,anal_pc5_c21_S1.filtered.gene_spectra_score.k_13.dt_0_01.txt,prerank,HALLMARK_INTERFERON_GAMMA_RESPONSE,0.5879302267956001,1.7042943403753812,0.0,0.020518725954618025,0.055,41/111,15.34%,CIITA;BANK1;CD40;IRF8;CD74;PTPN6;SP110;PARP14;GPR18;IL7;NLRC5;CD86;ST8SIA4;ST3GAL5;ARID5B;IRF7;IL6;IL18BP;SAMD9L;IFI30;CD38;PSMB9;ISG20;PDE4B;ITGB7;MX2;CASP8;OAS2;NOD1;IRF1;TRIM25;IFIH1;JAK2;RAPGEF6;IDO1;EPSTI1;XAF1;ICAM1;CSF2RB;SOCS1;CD69
13,4,anal_pc5_c21_S1.filtered.gene_spectra_score.k_13.dt_0_01.txt,prerank,HALLMARK_ESTROGEN_RESPONSE_EARLY,-0.38457281070661914,-1.698093314327593,0.0,0.02516219749858154,0.033066132264529056,52/118,21.18%,CLDN7;KRT8;ELF3;NBL1;XBP1;CA12;SCNN1A;IGFBP4;KRT19;MUC1;RAPGEFL1;KLF4;ESRP2;TFF3;KRT15;HES1;FOS;DHRS3;MLPH;PRSS23;LRIG1;AQP3;TJP3;BCL11B;HR;SVIL;TOB1;BLVRB;FARP1;MYB;TTC39A;SLC1A4;OVOL2;FHL2;GJA1;CXCL12;SLC26A2;SLC16A1;TIAM1;TUBB2B;CISH;LAD1;KAZN;RASGRP1;NAV2;AKAP1;SLC7A2;KCNK5;THSD4;FLNB;SLC7A5;KLK10
13,4,anal_pc5_c21_S1.filtered.gene_spectra_score.k_13.dt_0_01.txt,prerank,HALLMARK_ALLOGRAFT_REJECTION,0.5818563003787687,1.6652915695150359,0.0,0.015205841555654428,0.076,41/121,13.46%,CD40;IRF8;CD74;CD79A;LTB;PTPN6;PRKCB;TLR6;LY86;CD1D;MAP4K1;FCGR2B;IL16;LYN;CD80;HDAC9;TLR1;SPI1;NCF4;HCLS1;PTPRC;GPR65;LY75;IL7;CD86;FGR;ST8SIA4;WAS;IRF7;IL6;ETS1;TNF;SIT1;SOCS5;CCL22;IL12RB1;ITGB2;IL2RG;JAK2;CCR1;IL27RA
13,4,anal_pc5_c21_S1.filtered.gene_spectra_score.k_13.dt_0_01.txt,prerank,HALLMARK_MYOGENESIS,-0.38436858839077914,-1.6397611368862455,0.020833333333333332,0.036910723536522194,0.05511022044088176,59/112,29.68%,ITGB4;CKB;GSN;COL6A2;COL4A2;NQO1;EFS;ERBB3;SPHK1;SPARC;MYH11;ITGB5;CNN3;COL3A1;COL6A3;SLC6A8;SVIL;TPM2;IGFBP7;CDH13;AK1;COL1A1;EPHB3;SORBS3;SOD3;SMTN;VIPR1;SCD;COL15A1;CFD;MYLK;NAV2;KIFC3;CRYAB;DTNA;GAA;MAPRE3;TNNT3;SPEG;CD36;LAMA2;FST;NCAM1;WWTR1;DES;PVALB;TEAD4;IGF1;CDKN1A;ITGA7;BDKRB2;IGFBP3;GPX3;SORBS1;CLU;CACNA1H;PDLIM7;MB;TAGLN
13,4,anal_pc5_c21_S1.filtered.gene_spectra_score.k_13.dt_0_01.txt,prerank,HALLMARK_ANGIOGENESIS,-0.5010819832155302,-1.6167351748933283,0.021551724137931036,0.036838772808380826,0.061122244488977955,17/29,27.98%,JAG1;FGFR1;FSTL1;NRP1;COL3A1;TNFRSF21;VEGFA;LUM;VCAN;TIMP1;JAG2;COL5A2;PDGFA;S100A4;CCND2;SLCO2A1;SPP1
13,4,anal_pc5_c21_S1.filtered.gene_spectra_score.k_13.dt_0_01.txt,prerank,HALLMARK_INTERFERON_ALPHA_RESPONSE,0.5966380090915029,1.6068066465221245,0.008187134502923977,0.02601481326389071,0.184,19/50,15.44%,CD74;SP110;SELL;PARP14;IL7;IRF7;SAMD9L;IFI30;PSMB9;ISG20;CASP8;LAMP3;IRF1;TRIM25;IFIH1;TRIM5;EPSTI1;NUB1;SAMD9
13,4,anal_pc5_c21_S1.filtered.gene_spectra_score.k_13.dt_0_01.txt,prerank,HALLMARK_COAGULATION,-0.3712204927404291,-1.5329119542868508,0.01,0.06786392678293905,0.12224448897795591,30/79,18.62%,CTSB;LRP1;GSN;MMP14;C1QA;LGMN;ANXA1;C1R;SERPINA1;SPARC;C1S;THBS1;PRSS23;ITGA2;ADAM9;A2M;HTRA1;CFB;FN1;MMP2;BMP1;TIMP1;PLAU;TIMP3;SERPING1;CSRP1;C2;CFD;PECAM1;FBN1
13,4,anal_pc5_c21_S1.filtered.gene_spectra_score.k_13.dt_0_01.txt,prerank,HALLMARK_HEDGEHOG_SIGNALING,-0.5345963849343719,-1.470509948264023,0.06535947712418301,0.10031239697963927,0.18837675350701402,9/17,27.94%,ADGRG1;NRP1;NRCAM;VEGFA;HEY1;THY1;DPYSL2;CRMP1;VLDLR
13,4,anal_pc5_c21_S1.filtered.gene_spectra_score.k_13.dt_0_01.txt,prerank,HALLMARK_CHOLESTEROL_HOMEOSTASIS,-0.41648594060662875,-1.4449372759647585,0.0582010582010582,0.10878950094974961,0.22344689378757515,16/35,25.84%,LGALS3;JAG1;LGMN;MAL2;LDLR;PPARG;PLAUR;SCD;NFIL3;FABP5;ALCAM;FADS2;FASN;ABCA2;MVK;TNFRSF12A
13,4,anal_pc5_c21_S1.filtered.gene_spectra_score.k_13.dt_0_01.txt,prerank,HALLMARK_GLYCOLYSIS,-0.36537923355236485,-1.4408838009519744,0.02830188679245283,0.10241355950214523,0.22645290581162325,36/67,28.60%,ELF3;GPC1;TGFBI;TFF3;COL5A1;CDK1;B3GNT3;GCLC;CHPF;QSOX1;GPC3;PAM;DCN;DSC2;HSPA5;SDC3;VEGFA;P4HA2;HMMR;VCAN;ME1;KIF20A;CITED2;SDC2;PLOD2;CENPA;HK2;GPC4;MERTK;IER3;AURKA;SPAG4;IGFBP3;EGLN3;VLDLR;CACNA1H
13,4,anal_pc5_c21_S1.filtered.gene_spectra_score.k_13.dt_0_01.txt,prerank,HALLMARK_P53_PATHWAY,-0.335306135110205,-1.429141884124613,0.0,0.10323901620741545,0.24348697394789579,28/89,15.96%,ITGB4;GPX2;TP63;NUPR1;EPHX1;KLF4;CLCA2;CTSD;EPS8L2;KRT17;JUN;SERPINB5;FOS;SPHK1;ABCC5;EPHA2;CDKN2A;TM4SF1;FUCA1;TOB1;CDH13;CDKN2B;AK1;NDRG1;JAG2;BMP2;HSPA4L;NINJ1
13,4,anal_pc5_c21_S1.filtered.gene_spectra_score.k_13.dt_0_01.txt,prerank,HALLMARK_UNFOLDED_PROTEIN_RESPONSE,-0.45558238266355133,-1.3941817288748628,0.0695970695970696,0.11915040580210672,0.2865731462925852,18/23,37.22%,XBP1;HSP90B1;HSPA5;SLC1A4;VEGFA;ERN1;DNAJB9;SLC7A5;CEBPB;TUBB2A;SHC1;CCL2;PSAT1;HERPUD1;DDIT4;CHAC1;STC2;ERO1A
13,4,anal_pc5_c21_S1.filtered.gene_spectra_score.k_13.dt_0_01.txt,prerank,HALLMARK_TGF_BETA_SIGNALING,-0.4588203968577222,-1.3800477976548646,0.07835820895522388,0.11947418407874288,0.3066132264529058,13/24,30.40%,CDH1;ID1;THBS1;TJP1;TGIF1;ENG;BMP2;SMAD1;LTBP2;WWTR1;CDKN1C;SMAD6;ID2
13,4,anal_pc5_c21_S1.filtered.gene_spectra_score.k_13.dt_0_01.txt,prerank,HALLMARK_XENOBIOTIC_METABOLISM,-0.33911620602320136,-1.371126832911146,0.05555555555555555,0.11884567330644916,0.32064128256513025,21/80,10.00%,EPHX1;IGFBP4;FBLN1;AKR1C3;MAOA;ALDH3A1;AKR1C2;ABCC3;TMEM176B;NQO1;MAN1A1;GCLC;APOE;EPHA2;BCAR1;CA2;CES1;CFB;UGDH;BLVRB;PTGR1
13,4,anal_pc5_c21_S1.filtered.gene_spectra_score.k_13.dt_0_01.txt,prerank,HALLMARK_PEROXISOME,-0.39286413285919297,-1.332514367553266,0.08547008547008547,0.14044782133195188,0.3897795591182365,14/32,27.38%,ALDH1A1;HSD11B2;TOP2A;DHRS3;ABCC5;CRABP2;CEL;SOD2;SEMA3C;ACOX1;HSD17B11;CADM1;NR1I2;DLG4
13,4,anal_pc5_c21_S1.filtered.gene_spectra_score.k_13.dt_0_01.txt,prerank,HALLMARK_UV_RESPONSE_UP,-0.3292111093319456,-1.330480514513019,0.02564102564102564,0.1349644184714939,0.3927855711422846,20/66,17.80%,EPCAM;EPHX1;IGFBP2;MMP14;MAOA;FOS;RHOB;CREG1;AQP3;CA2;SLC6A8;HYAL2;CDKN2B;PTPRD;RAB27A;BMP2;HSPA2;SOD2;DNAJB1;RASGRP1
13,4,anal_pc5_c21_S1.filtered.gene_spectra_score.k_13.dt_0_01.txt,prerank,HALLMARK_APOPTOSIS,-0.3158541678068805,-1.3100089908030874,0.0425531914893617,0.143239509583837,0.42084168336673344,40/79,29.08%,LGALS3;CD2;CD14;GSN;TIMP2;ERBB2;ANXA1;JUN;TOP2A;ERBB3;RHOB;TNFSF10;HMGB2;EMP1;DCN;CAV1;PRF1;IFITM3;MMP2;LUM;TIMP1;TIMP3;BMP2;SOD2;FASLG;TGFBR3;DPYD;PDGFRB;IER3;BGN;CDC25B;TNFRSF12A;CDKN1A;CCND2;GPX3;CLU;GADD45A;SAT1;PLAT;LEF1
13,4,anal_pc5_c21_S1.filtered.gene_spectra_score.k_13.dt_0_01.txt,prerank,HALLMARK_KRAS_SIGNALING_UP,0.43786229541056604,1.261556354482881,0.09844559585492228,0.5183726347195687,0.992,14/131,5.90%,CD37;IRF8;CXCR4;LAT2;LAPTM5;DOCK2;KCNN4;MAP4K1;BIRC3;LCP1;HDAC9;IKZF1;ADAM8;ST6GAL1
13,4,anal_pc5_c21_S1.filtered.gene_spectra_score.k_13.dt_0_01.txt,prerank,HALLMARK_PI3K_AKT_MTOR_SIGNALING,0.5045910892935512,1.2537341897813175,0.19047619047619047,0.43741526865398206,0.994,7/32,12.94%,CXCR4;PRKCB;DAPP1;ITPR2;NOD1;MKNK2;IL2RG
13,4,anal_pc5_c21_S1.filtered.gene_spectra_score.k_13.dt_0_01.txt,prerank,HALLMARK_ADIPOGENESIS,-0.32341362779629873,-1.248705473979218,0.08029197080291971,0.1921701161901473,0.5340681362725451,30/51,34.12%,APOE;MGLL;COL4A1;TOB1;CDKN2C;PHLDB1;CAVIN1;LAMA4;SPARCL1;PPARG;ME1;DNAJB9;ACAA2;COL15A1;ITIH5;MYLK;ACOX1;CD36;FZD4;ITGA7;ITSN1;GPX3;SORBS1;C3;GADD45A;ENPP2;CAVIN2;CYP4B1;HSPB8;LIFR
13,4,anal_pc5_c21_S1.filtered.gene_spectra_score.k_13.dt_0_01.txt,prerank,HALLMARK_FATTY_ACID_METABOLISM,-0.34196597515020866,-1.2255856221563677,0.1592356687898089,0.2098083232602314,0.5871743486973948,19/44,23.16%,EPHX1;GLUL;ALDH1A1;MAOA;ALDH3A1;MGLL;CA2;UGDH;CBR3;ME1;ACAA2;CA4;CEL;HPGD;ODC1;FASN;ACOX1;CD36;HSD17B11
13,4,anal_pc5_c21_S1.filtered.gene_spectra_score.k_13.dt_0_01.txt,prerank,HALLMARK_WNT_BETA_CATENIN_SIGNALING,-0.4443672941662037,-1.1811646547462213,0.2514792899408284,0.25271598357271025,0.6753507014028056,8/15,35.54%,JAG1;JAG2;DLL1;HEY1;CCND2;LEF1;DKK1;CSNK1E
13,4,anal_pc5_c21_S1.filtered.gene_spectra_score.k_13.dt_0_01.txt,prerank,HALLMARK_IL6_JAK_STAT3_SIGNALING,0.43837291351866275,1.1637117509040888,0.2508630609896433,0.5982185697959469,1.0,16/53,15.08%,LTB;ITGA4;IL7;IL6;CD38;MAP3K8;TNF;PIK3R5;IL12RB1;IRF1;CSF2RA;IL2RG;CCR1;CRLF2;CSF2RB;SOCS1
13,4,anal_pc5_c21_S1.filtered.gene_spectra_score.k_13.dt_0_01.txt,prerank,HALLMARK_IL2_STAT5_SIGNALING,0.3869472229849116,1.1186892799525936,0.3019853709508882,0.6313695726137821,1.0,18/127,9.28%,CD79B;IRF8;LTB;ADAM19;SELL;SWAP70;CD83;RHOH;BCL2;GPR65;CD86;CTSZ;TLR7;CD48;CAPN3;MAP3K8;AGER;COCH
13,4,anal_pc5_c21_S1.filtered.gene_spectra_score.k_13.dt_0_01.txt,prerank,HALLMARK_BILE_ACID_METABOLISM,-0.3147938692211576,-1.1176141773483825,0.28350515463917525,0.3315489552754273,0.7775551102204409,16/37,32.60%,ALDH1A1;RBP1;TFCP2L1;SULT1B1;BMP6;CYP27A1;FADS2;ABCA8;HSD17B11;CYP7B1;SLC29A1;ABCA2;NR1I2;LCK;HSD17B6;AR
13,4,anal_pc5_c21_S1.filtered.gene_spectra_score.k_13.dt_0_01.txt,prerank,HALLMARK_MITOTIC_SPINDLE,-0.2628595711009268,-1.0808396414234234,0.23376623376623376,0.37547919184942147,0.8296593186372746,45/77,30.42%,DST;GSN;PXN;CDK1;TOP2A;ANLN;TPX2;ECT2;PALLD;BCAR1;NUSAP1;KIF23;MID1;FARP1;DOCK4;CENPF;PRC1;TIAM1;NDC80;CCNB2;CDC42EP4;DLGAP5;PLK1;NET1;LMNB1;SMC4;CDC42EP2;FLNB;TTK;PDLIM5;WASL;KIF2C;BIRC5;KIF11;CEP250;CEP72;AURKA;ITSN1;ESPL1;BUB1;KIF4A;INCENP;CENPE;NEK2;KIF15
13,4,anal_pc5_c21_S1.filtered.gene_spectra_score.k_13.dt_0_01.txt,prerank,HALLMARK_APICAL_SURFACE,-0.3407517766351957,-1.0725239083992582,0.3201754385964912,0.3763797935788956,0.8507014028056112,17/27,30.62%,ATP8B1;IL2RB;GSTM3;CROCC;SULF2;EPHB4;PLAUR;AKAP7;THY1;DCBLD2;GATA3;LYPD3;RHCG;MAL;CX3CL1;AFAP1L2;SRPX
13,4,anal_pc5_c21_S1.filtered.gene_spectra_score.k_13.dt_0_01.txt,prerank,HALLMARK_TNFA_SIGNALING_VIA_NFKB,0.3484879183005942,1.0152371568765581,0.4774590163934426,0.8218024549189983,1.0,28/150,13.80%,REL;CD83;SLC2A6;BIRC3;NFKB2;CD80;KYNU;IER5;NFKBIE;PLEK;BCL2A1;GPR183;IL6;EHD1;BTG2;SMAD3;MAP3K8;PDE4B;NFAT5;TNF;CLCF1;PFKFB3;IRF1;EGR3;KLF2;IFIH1;ZC3H12A;KDM6B
13,4,anal_pc5_c21_S1.filtered.gene_spectra_score.k_13.dt_0_01.txt,prerank,HALLMARK_HYPOXIA,-0.23165997216957862,-1.0124009537607903,0.391304347826087,0.47775283485868875,0.9048096192384769,31/111,17.42%,GPC1;CA12;PKP1;TGFBI;SELENBP1;SDC4;JUN;COL5A1;FOS;ACKR3;EFNA1;GPC3;PAM;DCN;CAVIN1;DUSP1;HSPA5;CAV1;SDC3;VEGFA;PIM1;P4HA2;NDRG1;RORA;MT2A;PLAUR;CITED2;PPARGC1A;SDC2;NFIL3;NEDD4L
13,4,anal_pc5_c21_S1.filtered.gene_spectra_score.k_13.dt_0_01.txt,prerank,HALLMARK_INFLAMMATORY_RESPONSE,0.34859343800568,1.000969518832301,0.5005128205128205,0.7639968477467495,1.0,24/141,12.84%,CD40;CYBB;SELL;LYN;GPR132;TLR1;GPR183;IRF7;IL6;CCR7;BTG2;CD48;CD55;PDE4B;GABBR1;SEMA4D;LTA;LAMP3;PIK3R5;CCL22;IRF1;SLAMF1;PTAFR;CD70
13,4,anal_pc5_c21_S1.filtered.gene_spectra_score.k_13.dt_0_01.txt,prerank,HALLMARK_HEME_METABOLISM,-0.24654585323356165,-0.9388867269102563,0.6046511627906976,0.6094432247082913,0.9529058116232465,11/55,9.22%,CTSB;BCAM;SELENBP1;GCLC;TENT5C;AQP3;CA2;DMTN;KLF3;SLC6A8;BLVRB
13,4,anal_pc5_c21_S1.filtered.gene_spectra_score.k_13.dt_0_01.txt,prerank,HALLMARK_ANDROGEN_RESPONSE,-0.26151243244103567,-0.924862058786517,0.5227272727272727,0.6166524750058057,0.9589178356713427,18/41,24.80%,KRT8;MAF;KRT19;SELENOP;DBI;NDRG1;PLPP1;SLC26A2;DNAJB9;SCD;HPGD;IQGAP2;TSC22D1;STK39;PDLIM5;ADAMTS1;MERTK;SGK1
13,4,anal_pc5_c21_S1.filtered.gene_spectra_score.k_13.dt_0_01.txt,prerank,HALLMARK_COMPLEMENT,0.3078197708118282,0.8830814774613945,0.7144340602284528,0.9367897615744982,1.0,25/122,13.58%,CR1;CTSH;CR2;LYN;KYNU;PLEK;DOCK10;WAS;IRF7;IL6;EHD1;KCNIP2;PSMB9;SH2B3;CD55;ZEB1;PRKCD;ITGAM;PIK3R5;STX4;IRF1;GCA;JAK2;LTA4H;DGKG
13,4,anal_pc5_c21_S1.filtered.gene_spectra_score.k_13.dt_0_01.txt,prerank,HALLMARK_SPERMATOGENESIS,-0.2370624371525889,-0.7970361973165716,0.8315789473684211,0.8264548437230185,0.9939879759519038,13/36,27.64%,CDK1;GSTM3;SLC12A2;CCNB2;HSPA4L;HSPA2;EZH2;ACE;TTK;KIF2C;SHE;AURKA;BUB1
13,4,anal_pc5_c21_S1.filtered.gene_spectra_score.k_13.dt_0_01.txt,prerank,HALLMARK_DNA_REPAIR,0.3294331604316924,0.7625190254690086,0.7573726541554959,1.0,1.0,5/22,13.98%,HCLS1;PDE4B;POLH;NT5C3A;SNAPC4
13,4,anal_pc5_c21_S1.filtered.gene_spectra_score.k_13.dt_0_01.txt,prerank,HALLMARK_KRAS_SIGNALING_DN,0.26545183375223264,0.7253379060061597,0.8627232142857143,1.0,1.0,6/78,8.00%,TCL1A;CD80;SLC12A3;MAST3;STAG3;BTG2
13,4,anal_pc5_c21_S1.filtered.gene_spectra_score.k_13.dt_0_01.txt,prerank,HALLMARK_MTORC1_SIGNALING,0.2593689664498114,0.7180716977380939,0.8547671840354767,0.9337147711876178,1.0,6/72,8.00%,CXCR4;CORO1A;DAPP1;ELOVL5;IFI30;BTG2
13,4,anal_pc5_c21_S1.filtered.gene_spectra_score.k_13.dt_0_01.txt,prerank,HALLMARK_REACTIVE_OXYGEN_SPECIES_PATHWAY,0.3184240438789673,0.7103433421180229,0.8,0.8741919443063153,1.0,2/19,4.64%,HHEX;LSP1
13,5,anal_pc5_c21_S1.filtered.gene_spectra_score.k_13.dt_0_01.txt,prerank,HALLMARK_UNFOLDED_PROTEIN_RESPONSE,0.782546770645028,2.4744498746010573,0.0,0.0,0.0,10/23,2.30%,HERPUD1;XBP1;DNAJB9;HSP90B1;SLC1A4;ERN1;CHAC1;HSPA5;SLC7A5;PSAT1
13,5,anal_pc5_c21_S1.filtered.gene_spectra_score.k_13.dt_0_01.txt,prerank,HALLMARK_MITOTIC_SPINDLE,-0.5176415666173148,-1.805572734243319,0.0,0.0010673469919037825,0.001,67/77,42.78%,GSN;ARHGAP4;DST;LMNB1;CNTRL;FLNA;FLNB;CEP72;KIF22;BIN1;PALLD;BCAR1;PXN;NUSAP1;RAPGEF6;CDK1;TRIO;SMC4;WASL;ECT2;TOP2A;ARHGEF2;TPX2;MID1;NET1;CEP250;FARP1;EPB41L2;ARHGAP27;PRC1;ANLN;RAPGEF5;KIF23;DOCK2;CDC42EP4;KIF11;FGD4;PREX1;CCNB2;KIF20B;NDC80;PLK1;DOCK4;PDLIM5;FSCN1;BCL2L11;NEDD9;ARHGAP10;BIRC5;CENPF;KIF2C;STK38L;INCENP;DLGAP5;ESPL1;RHOF;EPB41;TIAM1;CDC42EP2;BUB1;CENPE;NEK2;KIF15;MAP1S;ITSN1;TTK;AURKA
13,5,anal_pc5_c21_S1.filtered.gene_spectra_score.k_13.dt_0_01.txt,prerank,HALLMARK_P53_PATHWAY,-0.4991900806290761,-1.7856161774233117,0.0,0.0010673469919037825,0.002,61/89,37.18%,GPX2;ITGB4;SAT1;DGKA;ABCC5;NUPR1;EPHX1;EPS8L2;TP63;KRT17;AK1;KLF4;SERPINB5;TOB1;TRAF4;CCND2;CLCA2;SPHK1;JUN;EPHA2;FOS;TSC22D1;TM4SF1;CTSD;IFI30;CDKN2A;FUCA1;PITPNC1;IER5;RNF19B;CCND3;ZBTB16;JAG2;DEF6;FAS;NDRG1;CDKN2B;CYFIP2;S100A4;BMP2;CDH13;MKNK2;SLC7A11;IER3;PLK3;RAP2B;CEBPA;MAPKAPK3;HSPA4L;CDKN1A;PTPRE;SOCS1;MDM2;HEXIM1;NINJ1;MXD1;POLH;VWA5A;PDGFA;GM2A;ZMAT3
13,5,anal_pc5_c21_S1.filtered.gene_spectra_score.k_13.dt_0_01.txt,prerank,HALLMARK_EPITHELIAL_MESENCHYMAL_TRANSITION,-0.43492987783568116,-1.6540481111025087,0.0,0.01423129322538377,0.04,86/164,32.74%,SAT1;GPC1;DST;TPM1;LRP1;IGFBP4;FBLN1;IL32;PFN2;COL7A1;IGFBP2;TGFBI;MMP14;COL6A2;DPYSL3;FLNA;SDC4;COL4A2;QSOX1;COL5A1;ELN;COL3A1;COL1A2;CAPG;JUN;SPARC;ITGB5;FSTL1;CALD1;ITGA2;BMP1;RHOB;WIPF1;COL6A3;THBS1;DCN;LAMA3;FUCA1;SERPINH1;TPM2;COL1A1;MATN2;COL4A1;ITGA5;MMP2;FN1;TAGLN;CXCL12;LUM;COL16A1;VEGFA;SLC6A8;FAS;GJA1;ACTA2;MYL9;DAB2;FBN1;VCAN;FBLN2;HTRA1;WNT5A;NT5E;TNC;PMP22;TIMP3;PCOLCE;ID2;THBS2;PDLIM4;COL5A2;EDIL3;PLOD2;GREM1;GLIPR1;PVR;ANPEP;MYLK;THY1;SNAI2;BGN;LOXL1;VCAM1;PDGFRB;ENO2;PLAUR
13,5,anal_pc5_c21_S1.filtered.gene_spectra_score.k_13.dt_0_01.txt,prerank,HALLMARK_G2M_CHECKPOINT,-0.47681428333817355,-1.6387176691836942,0.0,0.013608674146773228,0.049,58/68,42.78%,SMAD3;LMNB1;SLC12A2;EZH2;MCM2;KIF22;POLE;NUSAP1;CDC25B;CDK1;SMC4;MCM6;MKI67;TOP2A;TPX2;PTTG1;MEIS1;E2F1;PRC1;TACC3;MAP3K20;KPNA2;MYC;KIF23;TROAP;KIF11;CDKN2C;FANCC;CCNB2;KIF20B;NDC80;PLK1;ODC1;CCND1;CKS2;RAD54L;CDC20;BIRC5;MYBL2;CENPF;KIF2C;CDC45;CCNF;MT2A;ORC6;INCENP;AURKB;ESPL1;POLQ;UBE2C;BUB1;CENPE;NEK2;KIF15;HMMR;SNRPD1;TTK;AURKA
13,5,anal_pc5_c21_S1.filtered.gene_spectra_score.k_13.dt_0_01.txt,prerank,HALLMARK_E2F_TARGETS,-0.4974659187611304,-1.625915389620144,0.0011737089201877935,0.012167755707703122,0.055,50/54,40.96%,HELLS;TFRC;LMNB1;EZH2;MCM4;MCM2;KIF22;HMGB2;POLE;CDC25B;CDK1;CENPM;LIG1;SMC4;MCM6;MKI67;CDKN2A;TK1;TOP2A;PTTG1;TACC3;KPNA2;MYC;RRM2;CIT;NCAPD2;SPAG5;CDKN2C;CCNB2;TCF19;PLK1;MELK;CKS2;CDC20;CDKN1A;BIRC5;ANP32E;MYBL2;KIF2C;CDCA8;ORC6;SPC25;AURKB;DLGAP5;ESPL1;CDCA3;CENPE;DEPDC1;KIF18B;HMMR
13,5,anal_pc5_c21_S1.filtered.gene_spectra_score.k_13.dt_0_01.txt,prerank,HALLMARK_FATTY_ACID_METABOLISM,-0.5095435139817895,-1.6174279799818763,0.003484320557491289,0.011207143414989717,0.061,26/44,32.30%,GLUL;EPHX1;ALDH1A1;ACSL5;ALDH3A1;ELOVL5;CA2;MAOA;HSD17B11;UGDH;FASN;HSPH1;ACAA2;MGLL;ACOX1;ACSL1;ACAT2;ME1;HPGD;ODC1;HMGCS1;ECI2;CD1D;CA4;CEL;ENO2
13,5,anal_pc5_c21_S1.filtered.gene_spectra_score.k_13.dt_0_01.txt,prerank,HALLMARK_UV_RESPONSE_DN,-0.4530182639214192,-1.5545689603916757,0.007168458781362007,0.026531196655894023,0.157,51/69,40.88%,SMAD3;CELF2;ID1;RUNX1;ERBB2;TGFBR2;PIK3CD;COL3A1;COL1A2;FYN;NFIB;PLCB4;PLPP3;IGFBP5;LDLR;COL1A1;PPARG;EFEMP1;PIK3R3;GJA1;FHL2;TJP1;MGLL;DAB2;NRP1;MYC;TFPI;ICA1;LPAR1;PMP22;ADGRL2;COL5A2;RBPMS;PDLIM5;MAP1B;SNAI2;SDC2;PDGFRB;SYNE1;VAV2;PRKCE;VLDLR;LAMC1;PTPRM;KCNMA1;SMAD7;LTBP1;RND3;DUSP1;KALRN;FBLN5
13,5,anal_pc5_c21_S1.filtered.gene_spectra_score.k_13.dt_0_01.txt,prerank,HALLMARK_XENOBIOTIC_METABOLISM,-0.4474445231614689,-1.551841714084481,0.0022271714922048997,0.023615052195871192,0.16,36/80,29.20%,GCLC;IGFBP4;EPHX1;TMEM176B;FBLN1;AKR1C3;ABCC3;AKR1C2;ALDH3A1;NQO1;IRF8;ELOVL5;SLC6A6;CA2;MAOA;PTGR1;UGDH;BCAR1;NDRG2;CAT;EPHA2;CES1;CFB;FAS;PTGDS;KYNU;BLVRB;CYFIP2;ACOX1;APOE;CYB5A;ID2;GCNT2;PDLIM5;TPST1;LPIN2
13,5,anal_pc5_c21_S1.filtered.gene_spectra_score.k_13.dt_0_01.txt,prerank,HALLMARK_TGF_BETA_SIGNALING,-0.5428068752422126,-1.54914128166946,0.006009615384615385,0.02122834572786412,0.161,19/24,40.78%,SMAD3;CDH1;ID1;TGIF1;SLC20A1;THBS1;ID3;TGFBR1;ENG;TJP1;BMP2;ID2;SMAD1;LTBP2;FURIN;WWTR1;SMAD7;SMAD6;CDKN1C
13,5,anal_pc5_c21_S1.filtered.gene_spectra_score.k_13.dt_0_01.txt,prerank,HALLMARK_ANGIOGENESIS,-0.5165358184420912,-1.5331014456422014,0.010752688172043012,0.024335511415406245,0.202,13/29,25.78%,JAG1;FGFR1;CCND2;TNFRSF21;COL3A1;FSTL1;LUM;JAG2;VEGFA;VCAN;NRP1;S100A4;COL5A2
13,5,anal_pc5_c21_S1.filtered.gene_spectra_score.k_13.dt_0_01.txt,prerank,HALLMARK_APICAL_JUNCTION,-0.40863270608441554,-1.480668392195768,0.006607929515418502,0.04211169040784015,0.347,39/101,21.64%,EVL;CLDN7;ITGB4;CLDN4;CDH1;PLCG1;TGFBI;COL17A1;ADAM15;MDK;FYB1;ADAM23;LAMB3;MPZL2;TRAF1;PTPRC;PCDH1;ITGA3;STX4;CDH3;ADAM9;ITGA2;BMP1;WASL;LAMA3;WNK4;NLGN2;MMP2;EPB41L2;PIK3R3;SORBS3;COL16A1;MYL9;TJP1;MAP3K20;FBN1;VCAN;SDC3;LAYN
13,5,anal_pc5_c21_S1.filtered.gene_spectra_score.k_13.dt_0_01.txt,prerank,HALLMARK_ESTROGEN_RESPONSE_EARLY,-0.39949964301016444,-1.4802616692483024,0.0010869565217391304,0.038780274039170774,0.348,46/118,21.82%,KRT8;CLDN7;ELF3;KRT19;RAPGEFL1;NBL1;AKAP1;IGFBP4;SCNN1A;KRT15;CA12;KLF4;TFF3;LRIG1;MUC1;TOB1;ELOVL5;FLNB;HES1;SLC2A1;FCMR;ESRP2;MLPH;CELSR1;DHRS3;SVIL;MAST4;FASN;SLC26A2;MYB;TJP3;LAD1;FOS;HR;PRSS23;CXCL12;BCL11B;FARP1;RASGRP1;GJA1;FHL2;BLVRB;SLC16A1;UGCG;MYC;OVOL2
13,5,anal_pc5_c21_S1.filtered.gene_spectra_score.k_13.dt_0_01.txt,prerank,HALLMARK_PEROXISOME,-0.47478750363952293,-1.4246593129394873,0.031363088057901084,0.06806389663755659,0.566,15/32,26.86%,ABCC5;ALDH1A1;HSD11B2;ACSL5;ELOVL5;DHRS3;HSD17B11;CAT;TOP2A;SOD2;ACOX1;ACSL1;SEMA3C;CRABP2;ECI2
13,5,anal_pc5_c21_S1.filtered.gene_spectra_score.k_13.dt_0_01.txt,prerank,HALLMARK_APOPTOSIS,-0.40577160224542946,-1.4105718370689904,0.019428571428571427,0.07303702987455883,0.618,44/79,32.60%,LGALS3;GSN;SAT1;TNFSF10;ANXA1;SATB1;CD2;ERBB2;CCND2;HMGB2;ERBB3;SLC20A1;PLCB2;JUN;CDC25B;IFITM3;CLU;DPYD;CASP8;RHOB;DCN;TOP2A;SOD2;EMP1;MMP2;LUM;PPT1;FAS;BMP2;TIMP3;CD14;IER3;PMAIP1;CCND1;BCL2L11;IL18;NEDD9;BGN;CDKN1A;TIMP2;CD69;PDGFRB;ENO2;BNIP3L
13,5,anal_pc5_c21_S1.filtered.gene_spectra_score.k_13.dt_0_01.txt,prerank,HALLMARK_ESTROGEN_RESPONSE_LATE,-0.3792584908979897,-1.3914011562161364,0.023230088495575223,0.08524544642004878,0.693,39/106,20.70%,KRT19;CKB;RAPGEFL1;NBL1;CXCL14;CDH1;AGR2;IGFBP4;LLGL2;SCNN1A;CA12;PLXNB1;KLF4;TFF3;MDK;TOB1;ELOVL5;FLNB;CA2;ASS1;UGDH;SLC26A2;MYB;SERPINA1;TJP3;FOS;HR;PRSS23;TOP2A;TSPAN13;CXCL12;FARP1;CPE;FABP5;PTPN6;FGFR3;BLVRB;SLC16A1;KLK11
13,5,anal_pc5_c21_S1.filtered.gene_spectra_score.k_13.dt_0_01.txt,prerank,HALLMARK_COMPLEMENT,-0.36871869603637747,-1.363416840364949,0.023411371237458192,0.11020357691406556,0.813,65/122,36.50%,LGALS3;CTSB;LRP1;MMP14;CA2;COL4A2;C1S;C1R;CBLB;FYN;SPOCK2;CSRP1;CTSC;CLU;SERPINA1;STX4;ADAM9;LCP2;CR1;CTSD;KLK1;DOCK9;CTSS;LCK;CFB;DOCK10;FN1;PSMB9;L3MBTL4;CCL5;RASGRP1;KYNU;KIF2A;CDH13;ME1;LTA4H;C1QC;HSPA1A;DOCK4;CPQ;C1QA;PRSS3;LYN;TIMP2;C2;C3;SH2B3;CD55;SERPING1;PLAUR;GCA;GZMA;PDP1;FCER1G;EHD1;CD40LG;CTSL;CFH;DUSP6;PLAT;CPM;PIK3R5;LIPA;GZMK;LGMN
13,5,anal_pc5_c21_S1.filtered.gene_spectra_score.k_13.dt_0_01.txt,prerank,HALLMARK_COAGULATION,-0.3798752053535499,-1.3426046737436195,0.04318181818181818,0.1291489860203577,0.872,39/79,37.14%,GSN;CTSB;LRP1;ANXA1;MMP14;C1S;C1R;A2M;FYN;SPARC;CSRP1;CLU;SERPINA1;ADAM9;ITGA2;BMP1;THBS1;PRSS23;CFB;MMP2;FN1;FBN1;HTRA1;TIMP3;LTA4H;CPQ;CFD;C1QA;PLAU;C2;C3;SERPING1;CTSK;FURIN;CFH;DUSP6;PLAT;LGMN;VWF
13,5,anal_pc5_c21_S1.filtered.gene_spectra_score.k_13.dt_0_01.txt,prerank,HALLMARK_MTORC1_SIGNALING,0.3205266728580455,1.3292009277040946,0.0859375,0.1455163773044568,0.398,11/72,2.94%,XBP1;PDK1;HSP90B1;SDF2L1;SLC1A4;BTG2;HSPA5;SLC7A5;PSAT1;GLRX;NFIL3
13,5,anal_pc5_c21_S1.filtered.gene_spectra_score.k_13.dt_0_01.txt,prerank,HALLMARK_MYOGENESIS,-0.34843949823927983,-1.271728132488858,0.07692307692307693,0.2307841384716401,0.972,54/112,38.52%,GSN;ITGB4;CKB;AK1;COL6A2;NQO1;COL4A2;BIN1;MYH11;SVIL;CNN3;ERBB3;EFS;COL3A1;SPHK1;SPARC;ITGB5;CLU;GAA;COL6A3;TPM2;COL1A1;IGFBP7;TAGLN;VIPR1;SORBS3;AEBP1;EPHB3;PDLIM7;SLC6A8;DAPK2;SCD;SMTN;ACSL1;CDH13;NAV2;IFRD1;SOD3;PFKM;MYLK;COL15A1;CFD;MAPRE3;CDKN1A;LSP1;WWTR1;GNAO1;DTNA;CRYAB;CD36;FDPS;KIFC3;SORBS1;TNNT3
13,5,anal_pc5_c21_S1.filtered.gene_spectra_score.k_13.dt_0_01.txt,prerank,HALLMARK_CHOLESTEROL_HOMEOSTASIS,-0.4184458807204164,-1.2687504008783812,0.11538461538461539,0.2248731583468864,0.979,18/35,28.48%,LGALS3;JAG1;ALCAM;FASN;ABCA2;MAL2;CLU;LDLR;PPARG;FADS2;ANTXR2;FABP5;HMGCR;SCD;ACAT2;CXCL16;HMGCS1;MVK
13,5,anal_pc5_c21_S1.filtered.gene_spectra_score.k_13.dt_0_01.txt,prerank,HALLMARK_DNA_REPAIR,-0.4324965155286365,-1.2116173261157663,0.19905771495877503,0.33418634316507434,0.997,12/22,37.60%,BCAM;AK1;TYMS;LIG1;ZWINT;POLA1;STX3;ARL6IP1;PNP;POLH;SNAPC4;NT5C3A
13,5,anal_pc5_c21_S1.filtered.gene_spectra_score.k_13.dt_0_01.txt,prerank,HALLMARK_INTERFERON_ALPHA_RESPONSE,-0.3644061745965849,-1.1774667681635171,0.21637426900584794,0.4047278141204676,1.0,26/50,35.00%,IFI27;CD74;PARP14;SP110;C1S;TRIM14;IFITM3;SELL;LPAR6;CASP8;GBP2;IFI44;IFI30;PSMB9;MX1;DDX60;NUB1;TRIM25;IFI44L;TRIM5;CSF1;IFITM2;IL7;EPSTI1;NCOA7;GBP4
13,5,anal_pc5_c21_S1.filtered.gene_spectra_score.k_13.dt_0_01.txt,prerank,HALLMARK_UV_RESPONSE_UP,-0.3325710862227472,-1.1347736952421188,0.26393629124004553,0.49782034017839605,1.0,26/66,30.32%,EPCAM;EPHX1;TFRC;IGFBP2;MMP14;CA2;MAOA;CREG1;FOS;RHOB;ARRB2;SOD2;CCND3;HYAL2;PPT1;RASGRP1;SLC6A8;CDKN2B;DNAJB1;PTPRD;BMP2;HSPA2;BCL2L11;RAB27A;NFKBIA;LYN
13,5,anal_pc5_c21_S1.filtered.gene_spectra_score.k_13.dt_0_01.txt,prerank,HALLMARK_IL2_STAT5_SIGNALING,-0.30581423761382803,-1.1327681431259604,0.2297447280799112,0.4814198997395582,1.0,75/127,40.78%,LTB;TNFSF10;LRIG1;MUC1;IRF8;CA2;WLS;CCND2;COL6A1;ALCAM;TRAF1;DHRS3;TNFRSF21;NFKBIZ;CAPG;IRF6;CDCP1;IFITM3;SELL;CTSZ;PHTF2;RHOB;AHR;SWAP70;TNFRSF1B;PLPP1;ST3GAL4;EMP1;TTC39B;CCND3;HK2;NDRG1;NRP1;MYC;PRKCH;AGER;BMP2;CCR4;CD83;PLAGL1;IL2RB;NT5E;ADAM19;CDC42SE2;IKZF2;RORA;SNX9;ODC1;ITIH5;CST7;FGL2;CAPN3;FLT3LG;SCN9A;CSF1;SOCS1;PNP;SMPDL3A;FURIN;MXD1;MAP3K8;PHLDA1;GBP4;ECM1;P4HA1;BATF;ICOS;GPR65;TIAM1;CISH;ABCB1;TGM2;SYT11;BCL2;CDKN1C
13,5,anal_pc5_c21_S1.filtered.gene_spectra_score.k_13.dt_0_01.txt,prerank,HALLMARK_TNFA_SIGNALING_VIA_NFKB,-0.2985293259293065,-1.1274874254028717,0.2558886509635974,0.47403548277926744,1.0,67/150,36.36%,SMAD3;SAT1;JAG1;KLF4;REL;SDC4;HES1;NFAT5;BCL6;TGIF1;LAMB3;TNFAIP2;TRAF1;LITAF;ACKR3;SPHK1;JUN;PLPP3;IL7R;FOS;RHOB;TSC22D1;EFNA1;ABCA1;LDLR;EGR1;SOD2;IER5;KLF9;RNF19B;CCL5;VEGFA;KDM6B;KYNU;PFKFB3;PTGER4;MYC;BMP2;CD83;TNC;ID2;IER3;CCND1;CSF1;PDLIM5;PER1;NAMPT;IL18;SGK1;NFKBIA;CDKN1A;NFKB2;PLAU;PTPRE;CD69;PLAUR;SPSB1;EHD1;NINJ1;MXD1;MAP3K8;PHLDA1;PHLDA2;TLR2;SERPINB8;BIRC3;ZBTB10
13,5,anal_pc5_c21_S1.filtered.gene_spectra_score.k_13.dt_0_01.txt,prerank,HALLMARK_HEDGEHOG_SIGNALING,-0.4164944018813143,-1.1097202938082018,0.3388822829964328,0.4998599432483795,1.0,8/17,30.00%,ADGRG1;CELSR1;DPYSL2;VEGFA;NRP1;NRCAM;NRP2;THY1
13,5,anal_pc5_c21_S1.filtered.gene_spectra_score.k_13.dt_0_01.txt,prerank,HALLMARK_ADIPOGENESIS,-0.33863343929370165,-1.1073855184544645,0.3038990825688073,0.4866691765007439,1.0,25/51,28.66%,UCP2;TOB1;BCL6;CAT;NABP1;ESRRA;ABCA1;COL4A1;PPARG;PHLDB1;CAVIN1;CCNG2;LAMA4;PFKFB3;ACAA2;MGLL;ACOX1;APOE;SPARCL1;PIM3;CDKN2C;ME1;ITIH5;MYLK;COL15A1
13,5,anal_pc5_c21_S1.filtered.gene_spectra_score.k_13.dt_0_01.txt,prerank,HALLMARK_KRAS_SIGNALING_UP,-0.28796029686669855,-1.0796916222810788,0.3459051724137931,0.5382591348800705,1.0,62/131,37.36%,LAPTM5;TSPAN1;CXCR4;TMEM176B;LCP1;SATB1;KLF4;CD37;ETS1;IRF8;CA2;CCND2;MPZL2;TRAF1;SPON1;ITGA2;IL7R;TMEM176A;ITGB2;FUCA1;CTSS;SLPI;TNFRSF1B;TRIB2;CFB;EMP1;MALL;TSPAN13;GPNMB;ENG;IKZF1;CPE;EPHB2;MAP4K1;TSPAN7;HOXD11;NRP1;TFPI;DOCK2;BMP2;SPARCL1;ID2;DCBLD2;SPRY2;ADGRA2;ACE;ERO1A;PLAU;LAT2;ADAM8;PLAUR;FCER1G;CFH;DUSP6;PLAT;PRRX1;MAFB;CSF2RA;VWA5A;BIRC3;ADAMDEC1;F13A1
13,5,anal_pc5_c21_S1.filtered.gene_spectra_score.k_13.dt_0_01.txt,prerank,HALLMARK_BILE_ACID_METABOLISM,-0.3489299150331892,-1.0779317274324782,0.38362573099415204,0.5230762651037036,1.0,12/37,16.40%,ALDH1A1;ACSL5;NR3C2;HSD17B11;RBP1;ABCA2;TFCP2L1;CAT;ABCA1;LCK;FADS2;SULT1B1
13,5,anal_pc5_c21_S1.filtered.gene_spectra_score.k_13.dt_0_01.txt,prerank,HALLMARK_WNT_BETA_CATENIN_SIGNALING,-0.41082917073541797,-1.0673345098570144,0.4007398273736128,0.5298089637398259,1.0,6/15,21.22%,JAG1;CCND2;TCF7;DLL1;JAG2;MYC
13,5,anal_pc5_c21_S1.filtered.gene_spectra_score.k_13.dt_0_01.txt,prerank,HALLMARK_HYPOXIA,-0.28709528344604013,-1.052689107206715,0.3700787401574803,0.5470509115837521,1.0,65/111,45.00%,GPC1;PKP1;SELENBP1;CXCR4;NEDD4L;CA12;TGFBI;ETS1;SLC6A6;SDC4;SLC2A1;COL5A1;PLAC8;ACKR3;JUN;PFKP;GAA;FOS;DCN;EFNA1;CAVIN1;GPC3;CCNG2;AMPD3;VEGFA;P4HA2;HK2;NDRG1;PFKFB3;SDC3;S100A4;RORA;PPARGC1A;IER3;GCNT2;SDC2;PAM;BGN;CDKN1A;ERO1A;ENO2;BNIP3L;PLAUR;LXN;MT2A;P4HA1;VLDLR;DTNA;MXI1;DUSP1;TGM2;BCL2;CDKN1C;GPC4;F3;TNFAIP3;NDST2;PDGFB;ADM;HMOX1;PIM1;IGFBP3;CCN1;CCN2;LOX
13,5,anal_pc5_c21_S1.filtered.gene_spectra_score.k_13.dt_0_01.txt,prerank,HALLMARK_ALLOGRAFT_REJECTION,-0.2823455198668895,-1.045479682754373,0.3932092004381161,0.5458963405365959,1.0,55/121,34.02%,LTB;CD74;CD2;FYB1;ETS1;IRF8;FLNA;ITGAL;CCND2;CD96;ZAP70;PTPRC;CAPG;CD3E;LCP2;PRKCB;CD3D;CD4;STAT1;GBP2;ST8SIA4;ITGB2;CDKN2A;CTSS;LCK;CCL5;CCND3;PTPN6;ITK;FAS;MAP4K1;CD28;CD8A;FGR;IL2RB;CD7;CD247;STAB1;STAT4;SPI1;CD1D;CSF1;LY86;THY1;IL18;LYN;CD3G;SOCS1;CCR5;C2;GZMA;TRAT1;IL7;PRF1;CD40LG
13,5,anal_pc5_c21_S1.filtered.gene_spectra_score.k_13.dt_0_01.txt,prerank,HALLMARK_APICAL_SURFACE,-0.35516425665640783,-1.0402197424382407,0.42789598108747046,0.5396106135943561,1.0,12/27,32.74%,ATP8B1;CROCC;GSTM3;SULF2;EPHB4;AKAP7;IL2RB;DCBLD2;THY1;LYN;LYPD3;PLAUR
13,5,anal_pc5_c21_S1.filtered.gene_spectra_score.k_13.dt_0_01.txt,prerank,HALLMARK_HEME_METABOLISM,-0.3060612541493589,-1.0173389063064873,0.48607888631090485,0.5739739308583189,1.0,30/55,32.60%,CTSB;GCLC;SELENBP1;TFRC;BCAM;UCP2;CA2;SLC2A1;KLF3;CAT;KDM7A;SLC25A37;CCND3;P4HA2;SLC6A8;MBOAT2;BMP2K;BLVRB;PDZK1IP1;SLC7A11;KAT2B;TNS1;DAAM1;LPIN2;DMTN;SNCA;LMO2;C3;ACP5;BNIP3L
13,5,anal_pc5_c21_S1.filtered.gene_spectra_score.k_13.dt_0_01.txt,prerank,HALLMARK_REACTIVE_OXYGEN_SPECIES_PATHWAY,-0.37701041482820863,-1.0081232029870528,0.48139255702280914,0.5769010491239944,1.0,8/19,14.76%,GCLC;TXNRD1;MGST1;NQO1;FTL;PFKP;CAT;SOD2
13,5,anal_pc5_c21_S1.filtered.gene_spectra_score.k_13.dt_0_01.txt,prerank,HALLMARK_SPERMATOGENESIS,-0.32906189080501674,-0.9972323022810466,0.5130331753554502,0.583228892004567,1.0,18/36,46.88%,SLC12A2;EZH2;GSTM3;CDK1;CCNB2;ACE;HSPA2;HSPA4L;CAMK4;KIF2C;JAM3;CSNK2A2;BUB1;NEK2;TTK;AURKA;LPIN1;SHE
13,5,anal_pc5_c21_S1.filtered.gene_spectra_score.k_13.dt_0_01.txt,prerank,HALLMARK_GLYCOLYSIS,-0.2886328640215747,-0.9874622356940793,0.5236447520184544,0.5868036573266573,1.0,31/67,30.76%,ELF3;GPC1;GCLC;CXCR4;TGFBI;TFF3;DSC2;QSOX1;COL5A1;B3GNT3;CDK1;PFKP;DCN;GPC3;VEGFA;P4HA2;HK2;KIF2A;VCAN;SDC3;CYB5A;SLC16A3;NT5E;ME1;IER3;PLOD2;TPST1;EGLN3;SDC2;PAM;ERO1A
13,5,anal_pc5_c21_S1.filtered.gene_spectra_score.k_13.dt_0_01.txt,prerank,HALLMARK_INTERFERON_GAMMA_RESPONSE,-0.26586208822556706,-0.9770003476111978,0.5443592552026287,0.592637205450576,1.0,61/111,35.00%,NLRC5;IFI27;CIITA;RNF213;CD74;TNFSF10;PARP14;ARID5B;IRF8;TNFAIP2;SP110;C1S;TRIM14;C1R;RAPGEF6;IFITM3;SAMHD1;PFKP;LCP2;BANK1;STAT1;CASP8;ST8SIA4;IFI44;IFI30;XAF1;SOD2;CFB;PSMB9;CCL5;IL18BP;PTPN6;MX2;MX1;DDX60;FAS;KLRK1;OAS3;TRIM25;IFI44L;IL2RB;STAT4;NOD1;FGL2;NAMPT;NFKBIA;CDKN1A;IFITM2;VCAM1;SOCS1;CD69;SERPING1;PNP;GZMA;GBP6;IL7;EIF4E3;EPSTI1;CFH;MT2A;GBP4
13,5,anal_pc5_c21_S1.filtered.gene_spectra_score.k_13.dt_0_01.txt,prerank,HALLMARK_ANDROGEN_RESPONSE,-0.29409992761294257,-0.9180685200045183,0.6303317535545023,0.6876242554946448,1.0,22/41,30.62%,KRT8;KRT19;SAT1;SELENOP;ARID5B;STK39;ELOVL5;SLC26A2;MAF;TSC22D1;PLPP1;CCND3;ABCC4;HMGCR;NDRG1;SCD;HPGD;HMGCS1;CCND1;PDLIM5;SGK1;DBI
13,5,anal_pc5_c21_S1.filtered.gene_spectra_score.k_13.dt_0_01.txt,prerank,HALLMARK_KRAS_SIGNALING_DN,0.20814686113542763,0.8952254618641613,0.7364341085271318,0.6425630928942188,0.944,3/78,2.32%,TENT5C;BTG2;DCC
13,5,anal_pc5_c21_S1.filtered.gene_spectra_score.k_13.dt_0_01.txt,prerank,HALLMARK_PI3K_AKT_MTOR_SIGNALING,-0.291335612504662,-0.884772194110046,0.6837708830548926,0.729928503104251,1.0,16/32,26.04%,CXCR4;PLCG1;SLC2A1;VAV3;ITPR2;CDK1;MAPK10;PRKCB;PPP2R1B;LCK;MKNK1;PIK3R3;E2F1;SLA;MKNK2;NOD1
13,5,anal_pc5_c21_S1.filtered.gene_spectra_score.k_13.dt_0_01.txt,prerank,HALLMARK_INFLAMMATORY_RESPONSE,-0.2064057284639652,-0.7811188470757638,0.8755458515283843,0.8655650430843724,1.0,60/141,44.36%,TNFSF10;GABBR1;MMP14;SPHK1;SLC4A4;SELL;LCP2;IL7R;AHR;ABCA1;ITGB8;CYBB;LDLR;TNFRSF1B;LCK;ITGA5;GPC3;CCL5;RASGRP1;PCDH7;PTGER4;MYC;LPAR1;CCR7;IL2RB;DCBLD2;STAB1;CD14;OSMR;GPR132;PVR;CSF1;AXL;NAMPT;IL18;NFKBIA;LYN;CDKN1A;PTPRE;CD69;CD55;SEMA4D;IL1R1;PLAUR;PDPN;MXD1;TLR2;PIK3R5;P2RY2;CD40;SLC7A2;C3AR1;C5AR1;F3;CXCR6;SCARF1;CX3CL1;ADM;ITGB3;CALCRL
13,5,anal_pc5_c21_S1.filtered.gene_spectra_score.k_13.dt_0_01.txt,prerank,HALLMARK_IL6_JAK_STAT3_SIGNALING,-0.2117918823607264,-0.6963410659038989,0.9298043728423475,0.9268737146278604,1.0,35/53,51.38%,LTB;PLA2G2A;TNFRSF21;A2M;JUN;STAT1;TNFRSF1B;FAS;IL17RA;CD14;OSMR;CSF1;SOCS1;IL1R1;IL7;MAP3K8;TLR2;PIK3R5;CSF2RA;CD36;IL1R2;ITGB3;HMOX1;PIM1;IL12RB1;TNFRSF12A;IL2RA;IL17RB;IRF1;PDGFC;IL2RG;TNF;SOCS3;IL3RA;CXCL1
13,6,anal_pc5_c21_S1.filtered.gene_spectra_score.k_13.dt_0_01.txt,prerank,HALLMARK_MTORC1_SIGNALING,0.7593238036352745,2.223641977918923,0.0,0.0,0.0,31/72,9.46%,SLC7A11;TXNRD1;GCLC;SLC2A1;SCD;NAMPT;TFRC;NUPR1;PSAT1;CDKN1A;ME1;TRIB3;PHGDH;MCM2;SLC7A5;SLC1A4;FADS2;DDIT3;MCM4;DDIT4;HMGCS1;PLOD2;LDLR;INSIG1;TUBA4A;SLC6A6;RRM2;IGFBP5;P4HA1;VLDLR;NFIL3
13,6,anal_pc5_c21_S1.filtered.gene_spectra_score.k_13.dt_0_01.txt,prerank,HALLMARK_XENOBIOTIC_METABOLISM,0.7212195793919295,2.1601929937930473,0.0,0.0,0.0,15/80,5.04%,CES1;AKR1C3;AKR1C2;GCLC;NQO1;PTGR1;EPHX1;ALDH3A1;MT2A;KYNU;BLVRB;SERPINE1;UGDH;NINJ1;ABCC3
13,6,anal_pc5_c21_S1.filtered.gene_spectra_score.k_13.dt_0_01.txt,prerank,HALLMARK_P53_PATHWAY,0.7174439769661787,2.1528437746248836,0.0,0.0,0.0,32/89,8.44%,SLC7A11;SERPINB5;GPX2;KRT17;EPHX1;CDKN2A;TP63;TM4SF1;NDRG1;CLCA2;CDH13;NUPR1;CDKN1A;TRIB3;CEBPA;ITGB4;HSPA4L;NINJ1;RNF19B;GM2A;DDIT3;TSC22D1;DDIT4;CDKN2B;SPHK1;INHBB;GADD45A;ABCC5;ATF3;HBEGF;RAP2B;DRAM1
13,6,anal_pc5_c21_S1.filtered.gene_spectra_score.k_13.dt_0_01.txt,prerank,HALLMARK_HYPOXIA,0.6601045427478816,2.0041954842313148,0.0,0.0,0.0,44/111,11.86%,SLC2A1;NDRG1;CAVIN1;PKP1;MT2A;GPC1;GPC3;VEGFA;CDKN1A;CA12;CAV1;BNIP3L;EFNA1;ACKR3;NEDD4L;SERPINE1;DDIT3;SDC2;PFKFB3;TGFBI;ADM;ENO2;DDIT4;PGF;STC2;PFKP;MXI1;ATF3;PIM1;TMEM45A;SLC6A6;LOX;ERRFI1;SULT2B1;P4HA1;CHST2;VLDLR;SDC4;NFIL3;PLAUR;P4HA2;IER3;GAA;EDN2
13,6,anal_pc5_c21_S1.filtered.gene_spectra_score.k_13.dt_0_01.txt,prerank,HALLMARK_UV_RESPONSE_UP,0.680423280038022,1.9837053398180606,0.0,0.00024191960392697405,0.001,23/66,11.48%,EPHX1;PPT1;TFRC;SLC6A8;SOD2;CREG1;IGFBP2;OLFM1;LHX2;NFKBIA;MMP14;DNAJB1;ENO2;CDKN2B;PPIF;ATF3;TUBA4A;HSPA2;BMP2;SHOX2;RRAD;AQP3;RHOB
13,6,anal_pc5_c21_S1.filtered.gene_spectra_score.k_13.dt_0_01.txt,prerank,HALLMARK_HEME_METABOLISM,0.6857956912618692,1.9559062948453825,0.0,0.0004031993398782901,0.002,17/55,10.86%,SLC7A11;GCLC;SLC2A1;TFRC;SLC6A8;BCAM;CTSB;BLVRB;BNIP3L;SNCA;MXI1;MBOAT2;BPGM;SMOX;DMTN;P4HA2;AQP3
13,6,anal_pc5_c21_S1.filtered.gene_spectra_score.k_13.dt_0_01.txt,prerank,HALLMARK_REACTIVE_OXYGEN_SPECIES_PATHWAY,0.8333496654053938,1.9390125218888752,0.0,0.0005183991512720872,0.003,6/19,2.90%,TXNRD1;GCLC;NQO1;FTL;SOD2;MGST1
13,6,anal_pc5_c21_S1.filtered.gene_spectra_score.k_13.dt_0_01.txt,prerank,HALLMARK_CHOLESTEROL_HOMEOSTASIS,0.7459846606151237,1.9386056418932658,0.0,0.00045359925736307633,0.003,18/35,11.94%,SCD;FABP5;FASN;TRIB3;TNFRSF12A;MAL2;CLU;FADS2;HMGCS1;LDLR;ACAT2;ATF3;ERRFI1;NFIL3;PLAUR;ALCAM;JAG1;HMGCR
13,6,anal_pc5_c21_S1.filtered.gene_spectra_score.k_13.dt_0_01.txt,prerank,HALLMARK_TNFA_SIGNALING_VIA_NFKB,0.6085858588002641,1.8807570601605719,0.0,0.0010751982396754402,0.008,46/150,11.66%,KYNU;NAMPT;SOD2;SERPINB8;MYC;LAMB3;VEGFA;CEBPB;CDKN1A;SGK1;TNC;EFNA1;ACKR3;SPSB1;SERPINE1;SERPINB2;CXCL10;NINJ1;NFKBIA;RNF19B;PFKFB3;TSC22D1;FOSL1;SOCS3;LDLR;PLAU;CXCL11;SPHK1;GADD45A;ATF3;PHLDA2;IFIT2;HBEGF;RCAN1;DRAM1;BCL6;TUBB2A;SDC4;NFIL3;SMAD3;BMP2;PLAUR;TGIF1;IER3;RHOB;JAG1
13,6,anal_pc5_c21_S1.filtered.gene_spectra_score.k_13.dt_0_01.txt,prerank,HALLMARK_FATTY_ACID_METABOLISM,0.6843742874800702,1.871568494701033,0.0,0.001330557821598357,0.011,13/44,6.44%,EPHX1;ALDH3A1;CBR3;ODC1;FASN;ME1;ALDH1A1;UGDH;ENO2;UBE2L6;HMGCS1;ACSL1;ACAT2
13,6,anal_pc5_c21_S1.filtered.gene_spectra_score.k_13.dt_0_01.txt,prerank,HALLMARK_HEDGEHOG_SIGNALING,0.7751169281106294,1.7877966902935007,0.0033003300330033004,0.0047284286222090376,0.042,8/17,10.00%,CELSR1;VEGFA;CRMP1;DPYSL2;HEY1;NRP2;VLDLR;ADGRG1
13,6,anal_pc5_c21_S1.filtered.gene_spectra_score.k_13.dt_0_01.txt,prerank,HALLMARK_INTERFERON_ALPHA_RESPONSE,0.6333189965556731,1.7785980619861543,0.0013089005235602095,0.004838392078539481,0.047,26/50,16.20%,IFI27;IFITM3;ISG15;MX1;CXCL10;IFIT3;UBE2L6;IFI44L;LAP3;C1S;CXCL11;LAMP3;IFIT2;GBP2;OAS1;CMPK2;RSAD2;PSMB9;NCOA7;HERC6;NUB1;IFITM2;DDX60;IFI44;IFIH1;OASL
13,6,anal_pc5_c21_S1.filtered.gene_spectra_score.k_13.dt_0_01.txt,prerank,HALLMARK_APOPTOSIS,0.6101485499197615,1.775294285712626,0.001152073732718894,0.004745346077029106,0.049,25/79,12.10%,PMAIP1;PPT1;IFITM3;SOD2;EMP1;CDKN1A;TNFRSF12A;CAV1;BNIP3L;ANXA1;PLAT;CLU;DDIT3;ENO2;HMGB2;TNFSF10;IGFBP6;CDC25B;GADD45A;ATF3;BMP2;IER3;TOP2A;RHOB;EREG
13,6,anal_pc5_c21_S1.filtered.gene_spectra_score.k_13.dt_0_01.txt,prerank,HALLMARK_TGF_BETA_SIGNALING,0.7200503806007833,1.7737288131632645,0.004477611940298508,0.004579192502903437,0.051,14/24,16.76%,ID1;SERPINE1;ID3;WWTR1;SMAD1;SMAD3;BMP2;TGIF1;TJP1;FURIN;PMEPA1;TGFBR1;ID2;CDH1
13,6,anal_pc5_c21_S1.filtered.gene_spectra_score.k_13.dt_0_01.txt,prerank,HALLMARK_INTERFERON_GAMMA_RESPONSE,0.5615441259783148,1.7477586362358404,0.0,0.005967350230198693,0.071,37/111,12.90%,IFI27;GBP6;MT2A;NAMPT;IFITM3;SOD2;ISG15;CDKN1A;MX1;CXCL10;NFKBIA;IFIT3;IFIT1;UBE2L6;SOCS3;C1R;IFI44L;PFKP;LAP3;C1S;TNFSF10;CXCL11;OAS3;PIM1;IFIT2;CD274;OAS2;STAT1;CXCL9;BPGM;CMPK2;RSAD2;SECTM1;PSMB9;IDO1;PTGS2;HERC6
13,6,anal_pc5_c21_S1.filtered.gene_spectra_score.k_13.dt_0_01.txt,prerank,HALLMARK_ESTROGEN_RESPONSE_LATE,0.5803454367118921,1.7404467973340876,0.0,0.00604799009817435,0.075,27/106,11.32%,CYP4F11;KLK10;SLC16A1;ASS1;CXCL14;KLK11;FABP5;OLFM1;HR;SGK1;BLVRB;CA12;HSPA4L;CAV1;SLC7A5;SLC1A4;UGDH;MDK;NAB2;KRT19;PPIF;IGFBP4;SULT2B1;NMU;RAPGEFL1;MEST;TOP2A
13,6,anal_pc5_c21_S1.filtered.gene_spectra_score.k_13.dt_0_01.txt,prerank,HALLMARK_E2F_TARGETS,0.5999515880351687,1.6834886998649021,0.003658536585365854,0.013020966917245956,0.168,24/54,12.80%,CDKN2A;TFRC;MYC;CDKN1A;MCM2;CDKN2C;TK1;MCM4;HMGB2;MCM6;PTTG1;CKS2;CDC25B;TCF19;HELLS;ANP32E;MYBL2;RRM2;EZH2;KPNA2;BIRC5;TOP2A;MELK;LMNB1
13,6,anal_pc5_c21_S1.filtered.gene_spectra_score.k_13.dt_0_01.txt,prerank,HALLMARK_EPITHELIAL_MESENCHYMAL_TRANSITION,0.5372858646438233,1.6824265790655761,0.0010626992561105207,0.012431979646247277,0.17,46/164,11.84%,GJA1;ADAM12;GPC1;SLC6A8;PTHLH;IGFBP2;PDLIM4;VEGFA;CTHRC1;FOXC2;TNFRSF12A;WNT5A;PFN2;TNC;PRRX1;SERPINE1;ITGB5;SERPINE2;MMP14;SNAI2;TGFBI;ENO2;CAPG;MMP3;CXCL8;PLOD2;LOXL1;MMP1;ITGA2;GADD45A;THBS2;MATN2;LAMA3;CDH11;IGFBP4;LOX;FSTL1;SDC4;FGF2;PLAUR;HTRA1;CALD1;BMP1;MEST;RHOB;LAMC1
13,6,anal_pc5_c21_S1.filtered.gene_spectra_score.k_13.dt_0_01.txt,prerank,HALLMARK_GLYCOLYSIS,0.5826925532714348,1.6728889605088253,0.004842615012106538,0.01285993684032862,0.185,22/67,11.70%,GCLC;GPC1;GPC3;VEGFA;ME1;DSC2;SDC2;TGFBI;ENO2;DDIT4;STC2;PLOD2;PFKP;MXI1;CHST1;P4HA1;CHST2;VLDLR;P4HA2;SLC16A3;IER3;TPST1
13,6,anal_pc5_c21_S1.filtered.gene_spectra_score.k_13.dt_0_01.txt,prerank,HALLMARK_ESTROGEN_RESPONSE_EARLY,0.5339121532628639,1.6358659653824872,0.004362050163576881,0.018688289403358746,0.257,22/118,7.70%,SLC2A1;GJA1;KLK10;PMAIP1;SLC16A1;MYC;OLFM1;CELSR1;FASN;HR;BLVRB;SLC7A2;CA12;SLC7A5;SLC1A4;STC2;KRT19;RHOD;PPIF;NAV2;INHBB;IGFBP4
13,6,anal_pc5_c21_S1.filtered.gene_spectra_score.k_13.dt_0_01.txt,prerank,HALLMARK_MYOGENESIS,0.5399955772586703,1.6332604811266205,0.0022471910112359553,0.018143970294523054,0.261,20/112,8.16%,NQO1;MYH11;CRYAB;SCD;ADAM12;CDH13;SLC6A8;CDKN1A;ITGB4;FST;ITGB5;CLU;TNNT1;ACSL1;STC2;WWTR1;SPHK1;NAV2;HBEGF;MAPK12
13,6,anal_pc5_c21_S1.filtered.gene_spectra_score.k_13.dt_0_01.txt,prerank,HALLMARK_UNFOLDED_PROTEIN_RESPONSE,0.678956439798415,1.6248687642961184,0.02511773940345369,0.019023677945166594,0.278,10/23,9.26%,PSAT1;VEGFA;CEBPB;SLC7A5;SLC1A4;IFIT1;DDIT4;STC2;ATF3;TUBB2A
13,6,anal_pc5_c21_S1.filtered.gene_spectra_score.k_13.dt_0_01.txt,prerank,HALLMARK_KRAS_SIGNALING_DN,0.5489889161274446,1.5962852263944431,0.014084507042253521,0.024980828666372322,0.352,21/78,14.28%,AKR1B10;PKP1;IGFBP2;LYPD3;SGK1;MX1;SERPINB2;TGM1;SPTBN2;IFI44L;CALML5;CHST2;ALOX12B;SHOX2;RSAD2;SPRR3;EDN2;SELENOP;FGFR3;SYNPO;KRT15
13,6,anal_pc5_c21_S1.filtered.gene_spectra_score.k_13.dt_0_01.txt,prerank,HALLMARK_COAGULATION,0.5322801324985776,1.5487377314718012,0.0176678445229682,0.038152737535983194,0.496,18/79,10.92%,CTSB;ANXA1;PLAT;SERPINE1;CLU;SERPINB2;MMP14;DUSP14;MMP3;C1R;PLAU;C1S;MMP1;ITGA2;CRIP2;HTRA1;ADAM9;BMP1
13,6,anal_pc5_c21_S1.filtered.gene_spectra_score.k_13.dt_0_01.txt,prerank,HALLMARK_G2M_CHECKPOINT,0.5266142317066426,1.5003399399788082,0.033047735618115054,0.056367267714984945,0.638,23/68,13.36%,MT2A;TPX2;ODC1;MYC;E2F1;MCM2;SLC7A5;CDKN2C;SNRPD1;SLC7A1;MCM6;PTTG1;CKS2;CDC25B;MYBL2;EZH2;SMAD3;KPNA2;BIRC5;TOP2A;MAP3K20;LMNB1;CENPF
13,6,anal_pc5_c21_S1.filtered.gene_spectra_score.k_13.dt_0_01.txt,prerank,HALLMARK_UV_RESPONSE_DN,0.495819162776798,1.4317361323133238,0.07340553549939831,0.09323209351339538,0.819,15/69,9.74%,ID1;GJA1;MAP1B;MYC;CAV1;SERPINE1;SNAI2;SLC7A1;SDC2;LDLR;INSIG1;IGFBP5;VLDLR;SMAD3;RND3
13,6,anal_pc5_c21_S1.filtered.gene_spectra_score.k_13.dt_0_01.txt,prerank,HALLMARK_APICAL_SURFACE,0.5626847738656737,1.426480268361882,0.09052333804809053,0.09372144655837587,0.835,6/27,11.60%,GSTM3;LYPD3;SULF2;PLAUR;CX3CL1;DCBLD2
13,6,anal_pc5_c21_S1.filtered.gene_spectra_score.k_13.dt_0_01.txt,prerank,HALLMARK_ANDROGEN_RESPONSE,0.5301248496360469,1.4181682414053725,0.06860158311345646,0.09689744135860764,0.853,14/41,13.98%,SCD;NDRG1;SGK1;TSC22D1;HMGCS1;DBI;KRT19;INSIG1;ADAMTS1;KRT8;HMGCR;SELENOP;RRP12;ELOVL5
13,6,anal_pc5_c21_S1.filtered.gene_spectra_score.k_13.dt_0_01.txt,prerank,HALLMARK_INFLAMMATORY_RESPONSE,0.44648269883513814,1.3806051802076145,0.05064655172413793,0.12241966164235668,0.916,29/141,12.10%,NAMPT;MYC;PDPN;GPC3;CDKN1A;SLC7A2;SERPINE1;CXCL10;NFKBIA;MMP14;SLC7A1;ADM;CXCL8;ITGB8;LDLR;TNFSF10;CXCL11;LAMP3;SPHK1;HBEGF;OSMR;CXCL9;AHR;CHST2;PLAUR;CX3CL1;CALCRL;DCBLD2;EREG
13,6,anal_pc5_c21_S1.filtered.gene_spectra_score.k_13.dt_0_01.txt,prerank,HALLMARK_PI3K_AKT_MTOR_SIGNALING,0.5051524923577362,1.3157099905988854,0.14722222222222223,0.17635939126276406,0.969,6/32,7.52%,SLC2A1;E2F1;CDKN1A;TRIB3;DDIT3;MAPK10
13,6,anal_pc5_c21_S1.filtered.gene_spectra_score.k_13.dt_0_01.txt,prerank,HALLMARK_SPERMATOGENESIS,0.4903698187433201,1.2758145296234513,0.18206157965194109,0.21386473372963624,0.984,4/36,8.96%,GSTM3;HSPA4L;EZH2;HSPA2
13,6,anal_pc5_c21_S1.filtered.gene_spectra_score.k_13.dt_0_01.txt,prerank,HALLMARK_APICAL_JUNCTION,0.4085097781208543,1.2470928667107266,0.1765375854214123,0.24195740386508763,0.991,28/101,15.20%,PPP2R2C;LAMB3;ADAM23;ITGB4;FSCN1;ITGA3;TGFBI;MDK;COL17A1;INSIG1;ITGA2;LAMA3;CDH11;MPZL2;CD274;ADAM9;BMP1;CX3CL1;WASL;MAP3K20;CDH3;CD276;NECTIN4;TJP1;MAPK11;ADAM15;SORBS3;LAMC2
13,6,anal_pc5_c21_S1.filtered.gene_spectra_score.k_13.dt_0_01.txt,prerank,HALLMARK_COMPLEMENT,0.405623763981528,1.2421274161399884,0.14192139737991266,0.24056338796556523,0.992,15/122,7.56%,KYNU;CDH13;CTSB;CEBPB;ME1;PLAT;SERPINE1;CLU;SERPINB2;MMP14;HSPA1A;C1R;LAP3;C1S;PIM1
13,6,anal_pc5_c21_S1.filtered.gene_spectra_score.k_13.dt_0_01.txt,prerank,HALLMARK_PEROXISOME,0.48390590823283663,1.2186201460144674,0.22759601706970128,0.26223373537437145,0.995,11/32,15.08%,SOD2;CRABP2;ALDH1A1;ACSL1;ABCC5;SULT2B1;TOP2A;ELOVL5;ECI2;FDPS;DHRS3
13,6,anal_pc5_c21_S1.filtered.gene_spectra_score.k_13.dt_0_01.txt,prerank,HALLMARK_ALLOGRAFT_REJECTION,-0.25395059781271867,-1.141129533538858,0.17,0.24008993018577682,0.8607214428857716,68/121,39.86%,ITGAL;IL2RG;IL16;CTSS;ETS1;IRF8;CD2;HCLS1;CCND2;CD96;CD74;ZAP70;CD79A;PTPN6;FYB1;PTPRC;MAP4K1;NCF4;CD3E;LTB;STAB1;LCK;CD3D;LCP2;PRKCB;CD4;ITGB2;IRF4;ST8SIA4;SRGN;HDAC9;ITK;IL18;JAK2;STAT4;WAS;CD40;IL12RB1;CD247;CD28;IL2RB;CCL11;SPI1;FGR;SIT1;CD8A;CSF1;IL27RA;NOS2;CD7;CCL5;ACHE;GZMA;CD40LG;FAS;GPR65;TRAT1;C2;CD1D;CCR5;IRF7;IL2RA;LY86;TLR6;CD3G;PRF1;FASLG;CXCR3
13,6,anal_pc5_c21_S1.filtered.gene_spectra_score.k_13.dt_0_01.txt,prerank,HALLMARK_ADIPOGENESIS,0.39624431938357185,1.0980935381542831,0.34863523573200994,0.425709383024638,0.999,8/51,8.70%,CAVIN1;ME1;FABP4;CDKN2C;PFKFB3;GADD45A;SPARCL1;BCL6
13,6,anal_pc5_c21_S1.filtered.gene_spectra_score.k_13.dt_0_01.txt,prerank,HALLMARK_IL2_STAT5_SIGNALING,0.3530623765243112,1.0862550776446378,0.34773218142548595,0.4325656917994255,0.999,18/127,10.04%,NDRG1;IFITM3;ODC1;SCN9A;MYC;EMP1;IRF6;CXCL10;COCH;CAPG;TNFSF10;PIM1;P4HA1;AHR;NFIL3;CDCP1;BMP2;ALCAM
13,6,anal_pc5_c21_S1.filtered.gene_spectra_score.k_13.dt_0_01.txt,prerank,HALLMARK_WNT_BETA_CATENIN_SIGNALING,0.47014688693927653,1.0439553479543133,0.4391080617495712,0.4887429836092246,1.0,5/15,15.82%,MYC;HEY1;JAG1;JAG2;DKK1
13,6,anal_pc5_c21_S1.filtered.gene_spectra_score.k_13.dt_0_01.txt,prerank,HALLMARK_DNA_REPAIR,0.41429127786647757,0.992826154991321,0.4823008849557522,0.5557147954417254,1.0,5/22,12.48%,BCAM;TYMS;CMPK2;ZWINT;ARL6IP1
13,6,anal_pc5_c21_S1.filtered.gene_spectra_score.k_13.dt_0_01.txt,prerank,HALLMARK_IL6_JAK_STAT3_SIGNALING,0.33784485314827345,0.9372261634967183,0.5454545454545454,0.6289909702101325,1.0,8/53,8.74%,TNFRSF12A;CXCL10;SOCS3;CXCL11;PIM1;OSMR;STAT1;CXCL9
13,6,anal_pc5_c21_S1.filtered.gene_spectra_score.k_13.dt_0_01.txt,prerank,HALLMARK_KRAS_SIGNALING_UP,0.27667222549416154,0.8601134501386061,0.6959826275787188,0.7264543306422122,1.0,23/131,13.86%,SLPI;EMP1;TSPAN7;PLAT;PRRX1;CXCL10;PLAU;ITGA2;GPNMB;MPZL2;HBEGF;SPARCL1;BPGM;BMP2;PLAUR;HOXD11;TMEM158;DCBLD2;EREG;PTGS2;SPP1;ETV5;ERO1A
13,6,anal_pc5_c21_S1.filtered.gene_spectra_score.k_13.dt_0_01.txt,prerank,HALLMARK_ANGIOGENESIS,0.32415911701542643,0.8229616273180919,0.6760168302945302,0.75880148939046,1.0,8/29,16.56%,VEGFA;FSTL1;JAG1;SPP1;THBD;JAG2;TNFRSF21;LUM
13,6,anal_pc5_c21_S1.filtered.gene_spectra_score.k_13.dt_0_01.txt,prerank,HALLMARK_BILE_ACID_METABOLISM,0.2749251012195037,0.7194408918471731,0.8299319727891157,0.86843377819214,1.0,6/37,10.38%,ALDH1A1;FADS2;ACSL1;SULT2B1;RBP1;DIO2
13,6,anal_pc5_c21_S1.filtered.gene_spectra_score.k_13.dt_0_01.txt,prerank,HALLMARK_MITOTIC_SPINDLE,0.24020777610578742,0.7049796934068758,0.8586326767091541,0.8642718501223663,1.0,18/77,16.48%,TPX2;PALLD;FSCN1;CEP250;CDC42EP4;ECT2;TUBA4A;NET1;BIRC5;TOP2A;WASL;LMNB1;CENPF;SYNPO;CDK1;CENPE;ANLN;KNTC1
13,7,anal_pc5_c21_S1.filtered.gene_spectra_score.k_13.dt_0_01.txt,prerank,HALLMARK_E2F_TARGETS,-0.6591192849649942,-2.607666706841735,0.0,0.0,0.0,52/54,33.26%,TFRC;HELLS;LMNB1;MCM2;EZH2;CENPM;MCM4;LIG1;KIF22;HMGB2;SMC4;TCF19;CDK1;MYBL2;CDKN2A;MKI67;MCM6;POLE;TOP2A;PTTG1;TK1;CIT;RRM2;PLK1;TACC3;CKS2;MYC;ORC6;KPNA2;MELK;BIRC5;CCNB2;CDC20;NCAPD2;SPAG5;ANP32E;CDC25B;CDCA8;SPC25;ESPL1;CENPE;CDKN2C;CDKN1A;KIF2C;KIF18B;DLGAP5;AURKB;HMMR;CDCA3;AURKA;PRDX4;DEPDC1
13,7,anal_pc5_c21_S1.filtered.gene_spectra_score.k_13.dt_0_01.txt,prerank,HALLMARK_G2M_CHECKPOINT,-0.5457192932592735,-2.222137602233209,0.0,0.0,0.0,53/68,30.94%,LMNB1;MCM2;EZH2;SLC7A1;NUSAP1;KIF22;SMC4;SLC12A2;CDK1;MYBL2;E2F1;ODC1;MKI67;MCM6;TPX2;POLE;TOP2A;PTTG1;CDC45;PLK1;TACC3;PRC1;CKS2;INCENP;RAD54L;SLC7A5;MYC;ORC6;KPNA2;KIF11;TROAP;BIRC5;CENPF;NDC80;CCNB2;CDC20;FBXO5;POLQ;KIF20B;CDC25B;ESPL1;BUB1;CENPE;CDKN2C;KIF2C;TTK;UBE2C;SMAD3;KIF23;KIF15;CCNF;AURKB;HMMR
13,7,anal_pc5_c21_S1.filtered.gene_spectra_score.k_13.dt_0_01.txt,prerank,HALLMARK_EPITHELIAL_MESENCHYMAL_TRANSITION,0.8297283135073119,2.111236038898571,0.0,0.0,0.0,92/164,11.18%,COL1A2;COL3A1;DCN;COL6A2;LUM;FBLN1;COL6A3;MMP2;MXRA5;COL1A1;CXCL12;COL5A1;COL5A2;PCOLCE;FBLN5;SFRP1;LAMA2;FN1;FSTL1;EDIL3;THY1;FBN1;SPARC;ABI3BP;LRP1;COL16A1;VCAN;VCAM1;PMP22;CDH11;PDGFRB;TFPI2;SLIT3;NID2;MATN2;IGFBP3;LAMC1;FBLN2;TIMP3;MGP;BGN;NNMT;CXCL1;PRRX1;CALD1;IGFBP4;ITGB3;COL4A1;LOXL1;SERPINH1;COL4A2;THBS1;CCN1;EFEMP2;GREM1;LOXL2;MMP14;COL12A1;ELN;SGCD;GJA1;HTRA1;SPOCK1;ECM2;SERPINE2;POSTN;PCOLCE2;TIMP1;LOX;FGF2;SNAI2;FMOD;FAP;MFAP5;CRLF1;QSOX1;THBS2;DAB2;CCN2;CXCL6;LRRC15;COL11A1;SFRP4;PLOD2;VEGFA;GEM;COMP;INHBA;BASP1;TGM2;COL5A3;PTX3
13,7,anal_pc5_c21_S1.filtered.gene_spectra_score.k_13.dt_0_01.txt,prerank,HALLMARK_COAGULATION,0.7954582270584252,1.9558020061678731,0.0,0.0,0.0,26/79,7.20%,C1S;C1R;A2M;MMP2;CFD;CFH;FN1;C3;FBN1;SPARC;LRP1;SERPING1;TFPI2;CTSK;TIMP3;GSN;C2;ITGB3;THBS1;PLAT;F3;MMP14;HTRA1;TIMP1;F10;CPQ
13,7,anal_pc5_c21_S1.filtered.gene_spectra_score.k_13.dt_0_01.txt,prerank,HALLMARK_UV_RESPONSE_DN,0.7711934212857215,1.9088301256628146,0.0,0.0,0.0,33/69,11.68%,COL1A2;COL3A1;COL1A1;COL5A2;FBLN5;PLPP3;EFEMP1;PMP22;PDGFRB;LAMC1;PTGFR;ADGRL2;IGFBP5;LPAR1;ITGB3;CCN1;F3;HAS2;LTBP1;GJA1;DLC1;FHL2;SNAI2;PRKAR2B;RBPMS;SDC2;DAB2;TFPI;COL11A1;NRP1;KALRN;DUSP1;PTPRM
13,7,anal_pc5_c21_S1.filtered.gene_spectra_score.k_13.dt_0_01.txt,prerank,HALLMARK_ANGIOGENESIS,0.7906380093142104,1.778143505777668,0.0012195121951219512,0.000743383883437407,0.004,11/29,10.68%,COL3A1;LUM;COL5A2;FSTL1;VCAN;POSTN;TIMP1;FGFR1;CXCL6;VEGFA;NRP1
13,7,anal_pc5_c21_S1.filtered.gene_spectra_score.k_13.dt_0_01.txt,prerank,HALLMARK_ADIPOGENESIS,0.7096425502986692,1.713316528499885,0.0021645021645021645,0.002527505203687184,0.017,13/51,7.84%,LAMA4;ITIH5;APOE;C3;GPX3;COL15A1;PHLDB1;COL4A1;LIFR;SPARCL1;FZD4;ANGPTL4;ABCA1
13,7,anal_pc5_c21_S1.filtered.gene_spectra_score.k_13.dt_0_01.txt,prerank,HALLMARK_MITOTIC_SPINDLE,-0.4031847397591967,-1.7083380163959236,0.0,0.024332235638492503,0.019689119170984457,45/77,24.82%,ARHGAP4;DOCK2;LMNB1;RAPGEF5;CEP72;CNTRL;ARHGAP27;NUSAP1;KIF22;SMC4;ARHGEF2;EPB41;CDK1;ECT2;KNTC1;NET1;SORBS2;TPX2;TOP2A;PLK1;NEDD9;PRC1;BCL2L11;FLNA;INCENP;TIAM1;STK38L;RAPGEF6;FLNB;CEP250;KIF11;BIRC5;WASL;ANLN;CENPF;NDC80;CCNB2;PREX1;FBXO5;KIF20B;TUBA4A;RHOF;ESPL1;BUB1;CENPE
13,7,anal_pc5_c21_S1.filtered.gene_spectra_score.k_13.dt_0_01.txt,prerank,HALLMARK_MYOGENESIS,0.649533441024703,1.634398747379831,0.0,0.010035682426404995,0.077,29/112,12.38%,COL3A1;COL6A2;COL6A3;COL1A1;CFD;LAMA2;SPARC;AEBP1;SOD3;GPX3;COL15A1;IGFBP3;IGFBP7;GSN;COL4A2;SGCD;BDKRB2;APOD;FGF2;LSP1;CNN3;FHL1;NCAM1;CACNA1H;HSPB8;IGF1;COX7A1;GNAO1;KIFC3
13,7,anal_pc5_c21_S1.filtered.gene_spectra_score.k_13.dt_0_01.txt,prerank,HALLMARK_COMPLEMENT,0.6342900856232938,1.59665364701673,0.0,0.016354445435622957,0.143,20/122,7.20%,C1S;C1R;CFH;FN1;C3;CP;LRP1;SERPING1;TFPI2;TIMP2;CXCL1;C2;CTSC;COL4A2;PLAT;F3;MMP14;TIMP1;F10;CPQ
13,7,anal_pc5_c21_S1.filtered.gene_spectra_score.k_13.dt_0_01.txt,prerank,HALLMARK_APOPTOSIS,0.631716966510095,1.5732612832608421,0.002081165452653486,0.02035013380909902,0.195,13/79,6.68%,DCN;LUM;MMP2;PDGFRB;GPX3;TIMP2;TIMP3;BGN;GSN;IGFBP6;PLAT;HGF;TIMP1
13,7,anal_pc5_c21_S1.filtered.gene_spectra_score.k_13.dt_0_01.txt,prerank,HALLMARK_MTORC1_SIGNALING,-0.37078327098942876,-1.5624713806117316,0.0,0.06819429198682767,0.06839378238341969,41/72,24.64%,TFRC;CORO1A;TXNRD1;GCLC;MCM2;MCM4;SLC2A1;BTG2;PHGDH;IFI30;SLC7A11;PDK1;ITGB2;HMGCR;SLA;NUPR1;DDIT4;XBP1;LTA4H;HK2;RRM2;PLK1;SYTL2;PNP;PSAT1;NIBAN1;SLC7A5;SLC1A4;PIK3R3;SLC6A6;DAPP1;SCD;ELOVL5;ERO1A;SDF2L1;LDLR;ME1;TUBA4A;INSIG1;STARD4;BUB1
13,7,anal_pc5_c21_S1.filtered.gene_spectra_score.k_13.dt_0_01.txt,prerank,HALLMARK_PI3K_AKT_MTOR_SIGNALING,-0.4538926259345155,-1.5220399682292511,0.037037037037037035,0.08068057080131723,0.09948186528497409,19/32,29.34%,IL2RG;SLC2A1;PDK1;VAV3;CDK1;E2F1;SLA;PRKCB;LCK;TIAM1;MKNK2;PIK3R3;DAPP1;ITPR2;CDKN1A;PLCG1;HSP90B1;CAMK4;CXCR4
13,7,anal_pc5_c21_S1.filtered.gene_spectra_score.k_13.dt_0_01.txt,prerank,HALLMARK_P53_PATHWAY,-0.3599266939331842,-1.507491299285463,0.047619047619047616,0.07299670691547751,0.10569948186528498,30/89,17.44%,ITGB4;GPX2;TP63;KRT17;DGKA;ABCC5;DEF6;CLCA2;SERPINB5;EPS8L2;SAT1;BTG2;JAG2;IFI30;SLC7A11;EPHA2;TRAF4;AK1;CDKN2A;NUPR1;DDIT4;FUCA1;CYFIP2;GM2A;SPHK1;TOB1;RNF19B;KIF13B;MKNK2;MXD1
13,7,anal_pc5_c21_S1.filtered.gene_spectra_score.k_13.dt_0_01.txt,prerank,HALLMARK_CHOLESTEROL_HOMEOSTASIS,-0.42914234072277974,-1.5045314136858385,0.03278688524590164,0.06366630076838639,0.1077720207253886,22/35,40.68%,ALCAM;LGALS3;MAL2;FASN;HMGCR;NIBAN1;FDPS;SCD;LDLR;MVK;CPEB2;STARD4;ACAT2;TM7SF2;FABP5;HMGCS1;ABCA2;TP53INP1;MVD;FADS2;ATF3;NFIL3
13,7,anal_pc5_c21_S1.filtered.gene_spectra_score.k_13.dt_0_01.txt,prerank,HALLMARK_DNA_REPAIR,-0.46917593914862,-1.44822451327698,0.04128440366972477,0.07539791437980242,0.14404145077720207,11/22,24.76%,BCAM;TYMS;ZWINT;HCLS1;LIG1;AK1;PNP;VPS37B;STX3;POLA1;ARL6IP1
13,7,anal_pc5_c21_S1.filtered.gene_spectra_score.k_13.dt_0_01.txt,prerank,HALLMARK_HYPOXIA,0.5663281180735887,1.428219435324361,0.008121827411167513,0.11406812700300659,0.738,28/111,12.60%,DCN;COL5A1;CP;IGFBP3;FOS;BGN;SRPX;CCN1;F3;PAM;SDC3;LOX;ANGPTL4;CCN5;SDC2;CCN2;P4HA2;TMEM45A;VEGFA;CAVIN3;TGM2;PGF;DUSP1;AKAP12;TGFBI;ZFP36;PPP1R15A;JUN
13,7,anal_pc5_c21_S1.filtered.gene_spectra_score.k_13.dt_0_01.txt,prerank,HALLMARK_GLYCOLYSIS,0.5552354430080154,1.371845674474713,0.04430379746835443,0.17551293487957184,0.898,14/67,10.52%,DCN;COL5A1;VCAN;IGFBP3;PAM;SDC3;ANGPTL4;SDC2;QSOX1;P4HA2;TPST1;CACNA1H;PLOD2;VEGFA
13,7,anal_pc5_c21_S1.filtered.gene_spectra_score.k_13.dt_0_01.txt,prerank,HALLMARK_HEDGEHOG_SIGNALING,0.6418673569469804,1.3676934085496473,0.12939521800281295,0.16597734706566108,0.907,5/17,10.68%,THY1;UNC5C;DPYSL2;VEGFA;NRP1
13,7,anal_pc5_c21_S1.filtered.gene_spectra_score.k_13.dt_0_01.txt,prerank,HALLMARK_APICAL_JUNCTION,0.5390066668212498,1.3597780671404722,0.04892966360856269,0.16286301912974524,0.922,18/101,8.52%,MMP2;THY1;FBN1;COL16A1;VCAN;VCAM1;CDH11;NEGR1;EPB41L2;CERCAM;NLGN2;TSPAN4;NFASC;CADM3;SDC3;CLDN11;JAM3;ADAMTS5
13,7,anal_pc5_c21_S1.filtered.gene_spectra_score.k_13.dt_0_01.txt,prerank,HALLMARK_BILE_ACID_METABOLISM,0.5797274104446057,1.3565227661482406,0.0871559633027523,0.1545094810036826,0.923,6/37,7.84%,ABCA8;ABCA6;CYP7B1;ABCA9;CH25H;ABCA1
13,7,anal_pc5_c21_S1.filtered.gene_spectra_score.k_13.dt_0_01.txt,prerank,HALLMARK_XENOBIOTIC_METABOLISM,0.5472899969147148,1.3491464615781579,0.061330561330561334,0.15265919034875325,0.929,17/80,11.86%,FBLN1;PTGDS;APOE;TMEM176B;IGFBP4;SLC12A4;IL1R1;HSD11B1;AOX1;F10;PTGES;TPST1;CFB;ATOH8;CDO1;IGF1;TDO2
13,7,anal_pc5_c21_S1.filtered.gene_spectra_score.k_13.dt_0_01.txt,prerank,HALLMARK_FATTY_ACID_METABOLISM,-0.3387510670028628,-1.3380066618705262,0.061855670103092786,0.13660202463715088,0.27979274611398963,23/44,31.06%,ALDH3A1;ACSL5;MAOA;GLUL;ODC1;FASN;CA2;ALDH1A1;CEL;UGDH;HSD17B11;HSPH1;MGLL;ACSS1;ELOVL5;CA4;ME1;ACAT2;HMGCS1;ACSL1;ENO2;HPGD;ACOX1
13,7,anal_pc5_c21_S1.filtered.gene_spectra_score.k_13.dt_0_01.txt,prerank,HALLMARK_IL6_JAK_STAT3_SIGNALING,0.5354759169125544,1.3082419267769145,0.11099252934898612,0.1999702646446625,0.967,10/53,12.60%,A2M;CSF1;CXCL1;OSMR;ITGB3;IL1R1;IL7;SOCS3;CXCL13;JUN
13,7,anal_pc5_c21_S1.filtered.gene_spectra_score.k_13.dt_0_01.txt,prerank,HALLMARK_TNFA_SIGNALING_VIA_NFKB,0.5047790682580351,1.2913670274673401,0.04909819639278557,0.21390871245911391,0.974,36/150,14.28%,PLPP3;CCL2;EGR1;CSF1;FOS;CXCL1;CCN1;F3;GFPT2;MSC;DRAM1;PER1;TNFAIP6;ABCA1;PHLDA1;FOSB;G0S2;CXCL6;SOCS3;PTGS2;VEGFA;GEM;INHBA;PTGER4;PTX3;PLAU;DUSP1;PLK2;ZFP36;PPP1R15A;JUN;CEBPB;TNFAIP2;TNC;PMEPA1;FJX1
13,7,anal_pc5_c21_S1.filtered.gene_spectra_score.k_13.dt_0_01.txt,prerank,HALLMARK_KRAS_SIGNALING_UP,0.49310187663558447,1.2490978134752262,0.0851063829787234,0.2723408721204807,0.994,32/131,13.78%,ADAMDEC1;CFH;ADGRA2;IGFBP3;TMEM176B;ALDH1A3;PRRX1;PLAT;SPON1;TMEM176A;GFPT2;HSD11B1;APOD;ITGBL1;SPARCL1;ENG;ANGPTL4;GNG11;TMEM158;G0S2;MMP11;TFPI;CFB;PTGS2;NRP1;INHBA;PLAU;AKAP12;PPP1R15A;GADD45G;SPRY2;SERPINA3
13,7,anal_pc5_c21_S1.filtered.gene_spectra_score.k_13.dt_0_01.txt,prerank,HALLMARK_HEME_METABOLISM,-0.31556368694842385,-1.2328918272992446,0.11904761904761904,0.2182217343578485,0.46113989637305697,14/55,9.70%,TFRC;UCP2;BCAM;GCLC;SLC2A1;BTG2;TENT5C;SLC7A11;KLF3;EPB41;CTSB;CA2;SELENBP1;AQP3
13,7,anal_pc5_c21_S1.filtered.gene_spectra_score.k_13.dt_0_01.txt,prerank,HALLMARK_PEROXISOME,-0.32057532344140316,-1.0941293542133113,0.3142857142857143,0.3929248577986229,0.7108808290155441,11/32,20.90%,ABCC5;ACSL5;HSD11B2;ALDH1A1;TOP2A;DHRS3;CEL;HSD17B11;FDPS;ELOVL5;NR1I2
13,7,anal_pc5_c21_S1.filtered.gene_spectra_score.k_13.dt_0_01.txt,prerank,HALLMARK_INFLAMMATORY_RESPONSE,0.4314404384737248,1.0934969454490264,0.3282828282828283,0.6054035748504972,1.0,24/141,11.88%,CCL2;CSF1;OSMR;LPAR1;ITGB3;F3;MMP14;HAS2;IL1R1;TIMP1;AXL;TNFAIP6;BEST1;ABCA1;PTGER2;PDPN;PCDH7;GABBR1;CXCL6;INHBA;CX3CL1;PTGER4;PTGIR;SLC1A2
13,7,anal_pc5_c21_S1.filtered.gene_spectra_score.k_13.dt_0_01.txt,prerank,HALLMARK_INTERFERON_GAMMA_RESPONSE,0.43186534248337427,1.0929215810556843,0.35126903553299493,0.5752226239103557,1.0,6/111,2.28%,C1S;C1R;CFH;VCAM1;SERPING1;CCL2
13,7,anal_pc5_c21_S1.filtered.gene_spectra_score.k_13.dt_0_01.txt,prerank,HALLMARK_TGF_BETA_SIGNALING,0.5007039294345675,1.0749759485638166,0.41509433962264153,0.5884626821290515,1.0,6/24,15.52%,LTBP2;THBS1;ENG;PPP1R15A;PMEPA1;SERPINE1
13,7,anal_pc5_c21_S1.filtered.gene_spectra_score.k_13.dt_0_01.txt,prerank,HALLMARK_KRAS_SIGNALING_DN,-0.2468155411053434,-1.0388197748755048,0.2647058823529412,0.4507866813025979,0.7772020725388601,14/78,13.62%,PKP1;KRT15;LFNG;BTG2;HSD11B2;IGFBP2;TENT5C;TFCP2L1;AKR1B10;FGFR3;CALML5;SPTBN2;MX1;SGK1
13,7,anal_pc5_c21_S1.filtered.gene_spectra_score.k_13.dt_0_01.txt,prerank,HALLMARK_APICAL_SURFACE,0.45989861578062713,1.026295868673236,0.463855421686747,0.6693994874191128,1.0,4/27,10.96%,THY1;SRPX;SCUBE1;CX3CL1
13,7,anal_pc5_c21_S1.filtered.gene_spectra_score.k_13.dt_0_01.txt,prerank,HALLMARK_INTERFERON_ALPHA_RESPONSE,0.40686573820057303,0.9756966117988265,0.543046357615894,0.746289838618117,1.0,2/50,2.46%,C1S;CSF1
13,7,anal_pc5_c21_S1.filtered.gene_spectra_score.k_13.dt_0_01.txt,prerank,HALLMARK_ANDROGEN_RESPONSE,0.3601428354799751,0.8454184675834268,0.6992230854605993,0.9555068585243506,1.0,8/41,13.86%,ADAMTS1;PLPP1;ALDH1A3;LIFR;ABCC4;AKAP12;MAF;PMEPA1
13,7,anal_pc5_c21_S1.filtered.gene_spectra_score.k_13.dt_0_01.txt,prerank,HALLMARK_ESTROGEN_RESPONSE_LATE,0.3296145174296733,0.8242493311042425,0.7879714576962283,0.9479383486966003,1.0,20/106,14.26%,CXCL12;TFPI2;FOS;IGFBP4;CXCL14;NBL1;SLC24A3;PRKAR2B;CCN5;PTGES;PGR;NAB2;HSPB8;PDLIM3;ZFP36;FARP1;OLFM1;SCUBE2;SERPINA3;PRSS23
13,7,anal_pc5_c21_S1.filtered.gene_spectra_score.k_13.dt_0_01.txt,prerank,HALLMARK_ESTROGEN_RESPONSE_EARLY,0.32462500966020724,0.823009009733454,0.8008130081300813,0.911685994647636,1.0,20/118,13.10%,CXCL12;OLFML3;FOS;IGFBP4;GFRA1;GJA1;DLC1;FHL2;NBL1;SLC24A3;CCN5;PTGES;PGR;TGM2;HSPB8;PDLIM3;FARP1;THSD4;OLFM1;KAZN
13,7,anal_pc5_c21_S1.filtered.gene_spectra_score.k_13.dt_0_01.txt,prerank,HALLMARK_SPERMATOGENESIS,-0.23356083272385136,-0.8212321651663056,0.7808219178082192,0.8310394325762054,0.9575129533678757,14/36,32.38%,EZH2;GSTM3;SLC12A2;CDK1;HSPA4L;CCNB2;HSPA2;BUB1;KIF2C;TTK;GFI1;CAMK4;LPIN1;AURKA
13,7,anal_pc5_c21_S1.filtered.gene_spectra_score.k_13.dt_0_01.txt,prerank,HALLMARK_WNT_BETA_CATENIN_SIGNALING,-0.28760451006509674,-0.7890357411411829,0.7322834645669292,0.818331503841932,0.9678756476683937,4/15,18.94%,JAG2;TCF7;MYC;HEY1
13,7,anal_pc5_c21_S1.filtered.gene_spectra_score.k_13.dt_0_01.txt,prerank,HALLMARK_IL2_STAT5_SIGNALING,0.30418028936928065,0.7685171064129442,0.8829465186680121,0.9461561334888721,1.0,19/127,15.80%,COL6A1;ITIH5;CSF1;PLPP1;SMPDL3A;PTGER2;PHLDA1;SPRY4;PLAGL1;PTH1R;NRP1;TGM2;IFITM3;ECM1;PENK;AHR;WLS;TNFSF11;P4HA1
13,7,anal_pc5_c21_S1.filtered.gene_spectra_score.k_13.dt_0_01.txt,prerank,HALLMARK_UV_RESPONSE_UP,0.30941995814753254,0.7682638997573841,0.8056426332288401,0.9113611083578375,1.0,9/66,12.92%,GPX3;FOS;MMP14;DLG4;FOSB;CDO1;PDLIM3;PTPRD;OLFM1
13,7,anal_pc5_c21_S1.filtered.gene_spectra_score.k_13.dt_0_01.txt,prerank,HALLMARK_ALLOGRAFT_REJECTION,0.30355168821807405,0.7643546724542972,0.8741116751269036,0.8823170213669768,1.0,12/121,10.94%,THY1;CCL11;CCL2;CSF1;C2;CCL13;CCL19;TIMP1;IL7;IL11;INHBA;CXCL13
13,7,anal_pc5_c21_S1.filtered.gene_spectra_score.k_13.dt_0_01.txt,prerank,HALLMARK_UNFOLDED_PROTEIN_RESPONSE,0.3096171363393002,0.6788950297353205,0.8439024390243902,0.9269997026464466,1.0,5/23,15.98%,CCL2;VEGFA;CEBPB;TSPYL2;SHC1
13,7,anal_pc5_c21_S1.filtered.gene_spectra_score.k_13.dt_0_01.txt,prerank,HALLMARK_REACTIVE_OXYGEN_SPECIES_PATHWAY,0.3167221700654686,0.6715972483119197,0.8297872340425532,0.9010060461889187,1.0,2/19,9.00%,GPX3;LSP1
13,8,anal_pc5_c21_S1.filtered.gene_spectra_score.k_13.dt_0_01.txt,prerank,HALLMARK_E2F_TARGETS,-0.6143573755247451,-2.4393230539602397,0.0,0.0,0.0,43/54,29.78%,HELLS;SMC4;EZH2;NCAPD2;LIG1;KIF22;MYC;CENPM;PTTG1;TOP2A;POLE;CDC25B;CDK1;TK1;MCM4;KIF2C;MCM2;TFRC;DLGAP5;CIT;KIF18B;MYBL2;MKI67;CDKN2A;BIRC5;CCNB2;TCF19;LMNB1;AURKB;HMGB2;RRM2;MCM6;TACC3;CENPE;DEPDC1;ANP32E;CKS2;CDKN2C;SPC25;PLK1;MELK;CDCA3;ESPL1
13,8,anal_pc5_c21_S1.filtered.gene_spectra_score.k_13.dt_0_01.txt,prerank,HALLMARK_G2M_CHECKPOINT,-0.5255282523222835,-2.079066230917962,0.0,0.0,0.0,51/68,34.88%,SMAD3;SMC4;EZH2;ODC1;NUSAP1;KIF22;MYC;SLC12A2;PTTG1;SLC7A1;TOP2A;TPX2;MEIS1;POLE;CDC25B;CDK1;TROAP;KIF23;PRC1;KIF2C;MCM2;E2F1;UBE2C;MYBL2;MKI67;RAD54L;BIRC5;CCNB2;LMNB1;AURKB;CENPF;NDC80;MCM6;TACC3;CENPE;KIF15;CKS2;CCNF;CDKN2C;MT2A;PLK1;KIF11;NEK2;ESPL1;FANCC;BUB1;INCENP;KIF20B;FBXO5;HMMR;MEIS2
13,8,anal_pc5_c21_S1.filtered.gene_spectra_score.k_13.dt_0_01.txt,prerank,HALLMARK_ESTROGEN_RESPONSE_EARLY,-0.4238225625554616,-1.9006148330311485,0.0,0.0010909701242027526,0.0010235414534288639,47/118,18.50%,KRT8;FCMR;ELF3;SCNN1A;RAPGEFL1;LRIG1;BCL2;AKAP1;NBL1;CA12;KRT19;SLC2A1;TOB1;CLDN7;KRT15;ESRP2;CELSR1;MAST4;BCL11B;HES1;RASGRP1;HR;MYC;SLC26A2;TFF3;KLF4;MLPH;FLNB;TJP3;MUC1;NAV2;GJA1;FHL2;OVOL2;MYBL1;ELOVL5;MYB;FASN;AQP3;KLK10;PODXL;SVIL;IGFBP4;XBP1;SLC16A1;PRSS23;FARP1
13,8,anal_pc5_c21_S1.filtered.gene_spectra_score.k_13.dt_0_01.txt,prerank,HALLMARK_INFLAMMATORY_RESPONSE,0.7182449850284699,1.7615691143029677,0.0,0.002323373638453083,0.003,59/141,13.44%,STAB1;CD14;CYBB;CMKLR1;C3AR1;CCL24;TLR2;ABCA1;CSF3R;AXL;MSR1;MEFV;FPR1;RGS1;ICAM1;CLEC5A;PTAFR;NLRP3;PTPRE;SCARF1;MMP14;BEST1;C5AR1;MARCO;EBI3;IL1B;OLR1;PIK3R5;CXCL9;TNFRSF1B;AHR;IL10RA;IL18;ADGRE1;SLC31A2;PLAUR;TLR1;GPR132;P2RX7;LAMP3;AQP9;IL10;SCN1B;NOD2;LYN;CCL2;CXCL10;LCP2;GPR183;PROK2;RNF144B;TIMP1;CXCL8;EMP3;PTGIR;CCL22;FFAR2;NFKBIA;CHST2
13,8,anal_pc5_c21_S1.filtered.gene_spectra_score.k_13.dt_0_01.txt,prerank,HALLMARK_COMPLEMENT,0.7186936264950585,1.743773595160632,0.0,0.0027106025781952633,0.007,44/122,12.24%,C1QC;C1QA;LGMN;PLA2G7;FCER1G;CD36;CTSB;LIPA;MMP12;CTSL;CTSC;CTSD;CTSS;ITGAM;CTSH;DOCK4;C2;PRSS36;DUSP6;PLEK;MMP14;SH2B3;PDGFB;OLR1;PIK3R5;TIMP2;CEBPB;GCA;APOC1;PRKCD;LAP3;PLAUR;LRP1;TNFAIP3;JAK2;ME1;WAS;LYN;DOCK10;LCP2;KYNU;TIMP1;CPM;CXCL1
13,8,anal_pc5_c21_S1.filtered.gene_spectra_score.k_13.dt_0_01.txt,prerank,HALLMARK_IL6_JAK_STAT3_SIGNALING,0.7356803662866788,1.729387949443106,0.0011248593925759281,0.0020652210119582962,0.008,22/53,12.70%,CD14;CD36;CSF2RA;TLR2;CSF3R;HMOX1;EBI3;CCR1;IL1B;PIK3R5;CXCL9;TNFRSF1B;CSF2RB;TNFRSF21;PDGFC;IL17RA;ITGA4;CXCL10;A2M;MAP3K8;CXCL1;CRLF2
13,8,anal_pc5_c21_S1.filtered.gene_spectra_score.k_13.dt_0_01.txt,prerank,HALLMARK_KRAS_SIGNALING_UP,0.6642200795583776,1.6390907743381884,0.0,0.012391326071749776,0.061,34/131,10.34%,FUCA1;F13A1;FCER1G;NRP1;CSF2RA;GPNMB;MAFB;CMKLR1;C3AR1;MMP9;SPP1;EPB41L3;CTSS;ITGB2;LAPTM5;IRF8;TMEM176B;DUSP6;ETV5;ENG;LY96;IL1B;PLAU;LCP1;CLEC4A;TMEM176A;TNFRSF1B;IL10RA;LAT2;PTGS2;PLAUR;TNFAIP3;SCN1B;CXCL10
13,8,anal_pc5_c21_S1.filtered.gene_spectra_score.k_13.dt_0_01.txt,prerank,HALLMARK_ALLOGRAFT_REJECTION,0.637257627223633,1.5530884320782188,0.0,0.04228540021984611,0.229,35/121,10.66%,STAB1;CD74;SPI1;NCF4;CD4;IGSF6;MMP9;TLR2;CFP;CTSS;ITGB2;SRGN;IRF8;ICAM1;C2;CD86;NLRP3;FGR;CCR1;IL1B;CXCL9;HCLS1;IL18;CAPG;BCAT1;TLR1;FCGR2B;IL10;CD80;JAK2;WAS;LYN;CCL2;CCR2;LCP2
13,8,anal_pc5_c21_S1.filtered.gene_spectra_score.k_13.dt_0_01.txt,prerank,HALLMARK_COAGULATION,0.6419562326903373,1.5281501424777963,0.0031446540880503146,0.05188867792545219,0.318,24/79,14.56%,C1QA;LGMN;CTSB;MMP9;CTSH;C2;DUSP6;APOC2;PLEK;MMP14;PDGFB;PLAU;OLR1;APOC1;LRP1;A2M;PECAM1;THBD;TIMP1;SERPING1;ITIH1;CPQ;ADAM9;CTSK
13,8,anal_pc5_c21_S1.filtered.gene_spectra_score.k_13.dt_0_01.txt,prerank,HALLMARK_ESTROGEN_RESPONSE_LATE,-0.3637019406083098,-1.5260863422579118,0.0,0.08264098690835851,0.10030706243602866,40/106,18.70%,SCNN1A;RAPGEFL1;LLGL2;CXCL14;CKB;PLXNB1;CDH1;BCL2;NBL1;CA12;ISG20;KRT19;AGR2;TOB1;ASS1;MDK;HR;SLC26A2;TFF3;KLF4;FLNB;TOP2A;TJP3;TSPAN13;UGDH;OVOL2;ELOVL5;CA2;MYB;KLK10;CPE;FGFR3;IGFBP4;HSPA4L;CYP4F11;XBP1;SLC16A1;PRSS23;FARP1;KLK11
13,8,anal_pc5_c21_S1.filtered.gene_spectra_score.k_13.dt_0_01.txt,prerank,HALLMARK_WNT_BETA_CATENIN_SIGNALING,-0.5536190567545738,-1.4631995900904928,0.06620209059233449,0.11258811681772407,0.16376663254861823,9/15,25.12%,TCF7;JAG1;MYC;CCND2;JAG2;CSNK1E;DLL1;LEF1;HEY1
13,8,anal_pc5_c21_S1.filtered.gene_spectra_score.k_13.dt_0_01.txt,prerank,HALLMARK_INTERFERON_GAMMA_RESPONSE,0.5942530079631807,1.4607772338308187,0.007186858316221766,0.10466245057031506,0.588,37/111,15.54%,FGL2;IFI30;CD74;CMKLR1;SAMHD1;TNFAIP2;FPR1;IRF8;ICAM1;CD86;CIITA;CXCL9;SECTM1;IL10RA;CSF2RB;IL18BP;LAP3;PTGS2;SLAMF7;TNFAIP3;IDO1;JAK2;ITGB7;CCL2;CXCL10;LCP2;SOD2;CD274;SERPING1;NFKBIA;SOCS3;TRIM14;ST3GAL5;ST8SIA4;IL6;EPSTI1;SAMD9L
13,8,anal_pc5_c21_S1.filtered.gene_spectra_score.k_13.dt_0_01.txt,prerank,HALLMARK_TNFA_SIGNALING_VIA_NFKB,0.5712113566887502,1.4089883830913197,0.006024096385542169,0.16534675726991108,0.762,50/150,15.44%,SAT1;TLR2;ABCA1;TNFAIP2;ICAM1;NINJ1;FOS;PTPRE;PLEK;DUSP1;IL1B;PLAU;OLR1;CEBPB;IL18;SGK1;ZFP36;DRAM1;PTGS2;PLAUR;EGR2;NFKBIE;TNFAIP3;LITAF;CD80;RNF19B;CCL2;CXCL10;GPR183;KYNU;SOD2;FOSB;MAP3K8;TRIB1;CXCL1;PPP1R15A;PFKFB3;NFKBIA;IER3;CD83;CCND1;BCL2A1;GADD45B;SOCS3;IL1A;CXCL2;TNFRSF9;IL6;PTGER4;SLC2A6
13,8,anal_pc5_c21_S1.filtered.gene_spectra_score.k_13.dt_0_01.txt,prerank,HALLMARK_MTORC1_SIGNALING,0.5589746542486353,1.332143971523118,0.08227848101265822,0.29808023272598066,0.95,6/72,2.96%,FGL2;IFI30;LGMN;CTSC;CFP;ITGB2
13,8,anal_pc5_c21_S1.filtered.gene_spectra_score.k_13.dt_0_01.txt,prerank,HALLMARK_HEDGEHOG_SIGNALING,0.6428385097976255,1.3156541022701371,0.174931129476584,0.3091635854901569,0.967,3/17,3.92%,NRP1;RTN1;NRP2
13,8,anal_pc5_c21_S1.filtered.gene_spectra_score.k_13.dt_0_01.txt,prerank,HALLMARK_MITOTIC_SPINDLE,-0.3166312588903344,-1.2866775604449552,0.06,0.25092312856663307,0.3889457523029683,39/77,24.56%,CNTRL;SMC4;DST;CEP72;NUSAP1;RAPGEF5;BCAR1;KIF22;MID1;RAPGEF6;FLNB;TOP2A;TPX2;PALLD;CEP250;TUBA4A;CDK1;KIF23;PRC1;FLNA;KIF2C;NEDD9;ECT2;EPB41;DLGAP5;SYNPO;FARP1;BIRC5;CCNB2;KNTC1;TRIO;ANLN;LMNB1;CENPF;CDC42EP4;NDC80;CENPE;WASL;KIF15
13,8,anal_pc5_c21_S1.filtered.gene_spectra_score.k_13.dt_0_01.txt,prerank,HALLMARK_ADIPOGENESIS,0.5429245746604374,1.2648841468205478,0.16210295728368018,0.4101810550796261,0.992,13/51,14.28%,CD36;ABCA1;APOE;ENPP2;SCARB1;NABP1;ME1;LTC4S;ITSN1;PFKFB3;PLIN2;UCP2;LPL
13,8,anal_pc5_c21_S1.filtered.gene_spectra_score.k_13.dt_0_01.txt,prerank,HALLMARK_ANGIOGENESIS,0.5738518058452293,1.255952267635151,0.20297029702970298,0.39897488424769334,0.992,8/29,11.38%,NRP1;SPP1;OLR1;TNFRSF21;VCAN;S100A4;THBD;TIMP1
13,8,anal_pc5_c21_S1.filtered.gene_spectra_score.k_13.dt_0_01.txt,prerank,HALLMARK_INTERFERON_ALPHA_RESPONSE,0.5233114113733555,1.228738321148011,0.1943820224719101,0.441500564989123,0.996,15/50,18.42%,IFI30;CD74;LPAR6;LAP3;LAMP3;CXCL10;TRIM14;EPSTI1;SAMD9L;TENT5A;CMPK2;IFITM2;GBP4;GMPR;CCRL2
13,8,anal_pc5_c21_S1.filtered.gene_spectra_score.k_13.dt_0_01.txt,prerank,HALLMARK_XENOBIOTIC_METABOLISM,0.4952439530152658,1.189504794381619,0.22002085505735142,0.5149591714371369,1.0,12/80,11.32%,CD36;HMOX1;APOE;PDK4;IRF8;TMEM176B;NINJ1;IGF1;BCAT1;AQP9;KYNU;BLVRB
13,8,anal_pc5_c21_S1.filtered.gene_spectra_score.k_13.dt_0_01.txt,prerank,HALLMARK_UV_RESPONSE_UP,0.4939826233816363,1.1771709726951358,0.25933831376734257,0.5134655740981313,1.0,18/66,15.76%,HMOX1;ARRB2;CREG1;ICAM1;FOS;MMP14;PPT1;PRKCD;DLG4;LYN;BID;SOD2;FOSB;NFKBIA;CXCL2;IL6;TCHH;PPIF
13,8,anal_pc5_c21_S1.filtered.gene_spectra_score.k_13.dt_0_01.txt,prerank,HALLMARK_APOPTOSIS,0.4811065937442142,1.1487704767710494,0.2644281217208814,0.5578516913160788,1.0,19/79,15.04%,CD14;SAT1;HMOX1;PLCB2;PPT1;IL1B;TIMP2;IL18;DPYD;BID;SOD2;TIMP1;IER3;SLC20A1;CCND1;HGF;GADD45B;IL1A;IL6
13,8,anal_pc5_c21_S1.filtered.gene_spectra_score.k_13.dt_0_01.txt,prerank,HALLMARK_P53_PATHWAY,0.4749995461540548,1.1481637034788814,0.2660455486542443,0.5266313580493655,1.0,19/89,13.56%,IFI30;FUCA1;SAT1;HMOX1;CTSD;GM2A;NINJ1;FOS;PTPRE;RAP2B;DRAM1;S100A4;RNF19B;TCN2;ALOX15B;CEBPA;PPP1R15A;MAPKAPK3;IER3
13,8,anal_pc5_c21_S1.filtered.gene_spectra_score.k_13.dt_0_01.txt,prerank,HALLMARK_IL2_STAT5_SIGNALING,0.4541312105572545,1.1215540830659927,0.281947261663286,0.5624285222566425,1.0,27/127,15.60%,FGL2;CTSZ;NRP1;SPP1;IRF8;CD86;BATF3;TLR7;TNFRSF1B;AHR;IL10RA;SHE;TNFRSF21;CAPG;IL10;CXCL10;ADAM19;MAP3K8;ENPP1;CD83;PLIN2;GADD45B;TNFRSF9;IL3RA;IL2RA;GPR65;TNFRSF8
13,8,anal_pc5_c21_S1.filtered.gene_spectra_score.k_13.dt_0_01.txt,prerank,HALLMARK_ANDROGEN_RESPONSE,0.44665343739937,1.0179068427556979,0.4675925925925926,0.787868229081748,1.0,10/41,14.82%,SAT1;SELENOP;MERTK;MAF;SGK1;ABCC4;IQGAP2;CCND1;STEAP4;SCD
13,8,anal_pc5_c21_S1.filtered.gene_spectra_score.k_13.dt_0_01.txt,prerank,HALLMARK_HEME_METABOLISM,0.43329598839621875,1.0172662589452455,0.4782608695652174,0.7501786249625263,1.0,15/55,18.48%,CTSB;ACP5;MPP1;BMP2K;LMO2;NFE2;BLVRB;AGPAT4;UCP2;KDM7A;SMOX;SNCA;CAT;SEC14L1;ICAM4
13,8,anal_pc5_c21_S1.filtered.gene_spectra_score.k_13.dt_0_01.txt,prerank,HALLMARK_PI3K_AKT_MTOR_SIGNALING,-0.308818482687646,-1.0153970464758624,0.4166666666666667,0.7864336066752985,0.8259979529170931,12/32,15.20%,CXCR4;PLCG1;SLC2A1;MAPK10;PDK1;PPP2R1B;IL2RG;LCK;CDK1;PRKCB;CAMK4;E2F1
13,8,anal_pc5_c21_S1.filtered.gene_spectra_score.k_13.dt_0_01.txt,prerank,HALLMARK_SPERMATOGENESIS,-0.29436514465810837,-1.0144106994051436,0.4351145038167939,0.6893567472306142,0.8259979529170931,10/36,22.58%,LPIN1;EZH2;GSTM3;SLC12A2;CDK1;KIF2C;CAMK4;HSPA4L;CCNB2;HSPA2
13,8,anal_pc5_c21_S1.filtered.gene_spectra_score.k_13.dt_0_01.txt,prerank,HALLMARK_APICAL_JUNCTION,0.4201567609990516,1.0117700479293879,0.49023638232271327,0.7269209172626782,1.0,9/101,4.56%,CD209;SIRPA;MMP9;TGFBI;ICAM1;ITGA9;TSPAN4;CD86;SDC3
13,8,anal_pc5_c21_S1.filtered.gene_spectra_score.k_13.dt_0_01.txt,prerank,HALLMARK_CHOLESTEROL_HOMEOSTASIS,0.44070904101655084,0.9830669856997826,0.5166093928980527,0.7555188640678798,1.0,2/35,2.98%,LGMN;CXCL16
13,8,anal_pc5_c21_S1.filtered.gene_spectra_score.k_13.dt_0_01.txt,prerank,HALLMARK_DNA_REPAIR,-0.332321562665093,-0.9750739861412506,0.43891402714932126,0.7120398343963299,0.872057318321392,9/22,20.34%,AK1;BCAM;LIG1;TYMS;POLH;VPS37B;USP11;POLA1;ZWINT
13,8,anal_pc5_c21_S1.filtered.gene_spectra_score.k_13.dt_0_01.txt,prerank,HALLMARK_REACTIVE_OXYGEN_SPECIES_PATHWAY,0.4623875081719393,0.9547852939639809,0.5610738255033557,0.7809229191739695,1.0,8/19,17.86%,FES;FTL;SOD2;LSP1;GLRX;HHEX;MPO;CAT
13,8,anal_pc5_c21_S1.filtered.gene_spectra_score.k_13.dt_0_01.txt,prerank,HALLMARK_MYOGENESIS,-0.18181628972803685,-0.8890341534821594,1.0,0.8575025176233635,0.932446264073695,46/112,32.54%,ITGB4;CKB;AK1;LPIN1;COL6A2;EFS;NQO1;MYH11;COL4A2;AEBP1;COL3A1;COL1A1;ERBB3;COL6A3;NAV2;PFKM;CDH13;CNN3;SLC6A8;SPARC;SVIL;SMTN;COL15A1;CLU;SPEG;IGFBP7;SOD3;LAMA2;SORBS1;MAPRE3;PTP4A3;VIPR1;EPHB3;MYLK;FDPS;FHL1;WWTR1;TAGLN;TPM2;BIN1;PKIA;DES;TEAD4;CACNA1H;CRYAB;FST
13,8,anal_pc5_c21_S1.filtered.gene_spectra_score.k_13.dt_0_01.txt,prerank,HALLMARK_HYPOXIA,0.3574589803124531,0.8695254900838449,0.7284836065573771,0.9000814013523867,1.0,21/111,14.10%,HMOX1;TGFBI;FOS;SDC3;PDGFB;SCARB1;DUSP1;GAA;ZFP36;HS3ST1;PLAUR;S100A4;TNFAIP3;AMPD3;PPP1R15A;PFKFB3;CHST2;IER3;GLRX;PLIN2;RBPJ
13,8,anal_pc5_c21_S1.filtered.gene_spectra_score.k_13.dt_0_01.txt,prerank,HALLMARK_APICAL_SURFACE,-0.2672959937577419,-0.8540696512579965,0.6600985221674877,0.861668039915774,0.9539406345957011,7/27,15.58%,CROCC;EPHB4;ATP8B1;GSTM3;IL2RG;AKAP7;IL2RB
13,8,anal_pc5_c21_S1.filtered.gene_spectra_score.k_13.dt_0_01.txt,prerank,HALLMARK_TGF_BETA_SIGNALING,-0.25911925091706894,-0.8180277947130448,0.7055837563451777,0.846592816381336,0.9692937563971341,4/24,3.22%,SMAD3;ID1;CDH1;ID3
13,8,anal_pc5_c21_S1.filtered.gene_spectra_score.k_13.dt_0_01.txt,prerank,HALLMARK_EPITHELIAL_MESENCHYMAL_TRANSITION,0.31359188920463366,0.7655490711945147,0.8976930792377131,1.0,1.0,20/164,12.24%,FUCA1;DAB2;SAT1;TGFBI;SPP1;MMP14;ANPEP;PMP22;CAPG;VCAN;PLAUR;LRP1;TNFAIP3;BASP1;GLIPR1;TIMP1;CXCL8;EMP3;ITGB5;CXCL1
13,8,anal_pc5_c21_S1.filtered.gene_spectra_score.k_13.dt_0_01.txt,prerank,HALLMARK_KRAS_SIGNALING_DN,0.3173772152995951,0.7635254430433546,0.8263598326359832,0.9728680308399504,1.0,10/78,13.94%,SELENOP;MEFV;SGK1;CD207;CD80;KCNMB1;SLC29A3;PTPRJ;CHST2;STAG3
13,8,anal_pc5_c21_S1.filtered.gene_spectra_score.k_13.dt_0_01.txt,prerank,HALLMARK_FATTY_ACID_METABOLISM,0.31874226194428645,0.7286345173713237,0.8219026548672567,0.9755014082734678,1.0,9/44,17.34%,CD36;IL4I1;ME1;LTC4S;GLUL;ACSL1;ACSL4;G0S2;CD1D
13,8,anal_pc5_c21_S1.filtered.gene_spectra_score.k_13.dt_0_01.txt,prerank,HALLMARK_UV_RESPONSE_DN,0.296334550266966,0.7042030984097266,0.8753959873284055,0.9631490099787292,1.0,4/69,7.06%,DAB2;NRP1;DUSP1;PMP22
13,8,anal_pc5_c21_S1.filtered.gene_spectra_score.k_13.dt_0_01.txt,prerank,HALLMARK_PEROXISOME,-0.19429069267659826,-0.6492212678181988,0.9797297297297297,0.959214501510574,0.9918116683725691,14/32,36.08%,HSD11B2;ACSL5;TOP2A;ALDH1A1;ELOVL5;ECI2;NR1I2;CEL;FDPS;ABCD2;HSD17B11;ABCB1;SEMA3C;CRABP2
13,8,anal_pc5_c21_S1.filtered.gene_spectra_score.k_13.dt_0_01.txt,prerank,HALLMARK_UNFOLDED_PROTEIN_RESPONSE,0.3038224684685739,0.6452367429392697,0.8429447852760736,0.9777130146828255,1.0,3/23,9.94%,CEBPB;NABP1;CCL2
13,8,anal_pc5_c21_S1.filtered.gene_spectra_score.k_13.dt_0_01.txt,prerank,HALLMARK_GLYCOLYSIS,0.2736279085262442,0.6452238859826168,0.9176346356916578,0.9451225808600646,1.0,9/67,13.72%,MERTK;TGFBI;SDC3;SLC16A3;VCAN;ME1;CHST2;IER3;GLRX
13,8,anal_pc5_c21_S1.filtered.gene_spectra_score.k_13.dt_0_01.txt,prerank,HALLMARK_BILE_ACID_METABOLISM,0.25690258336431376,0.5773783675291879,0.9307048984468339,0.9551813730388727,1.0,3/37,10.16%,ABCA1;AQP9;ABCD1
13,9,anal_pc5_c21_S1.filtered.gene_spectra_score.k_13.dt_0_01.txt,prerank,HALLMARK_G2M_CHECKPOINT,-0.5327671139549989,-2.084313106824464,0.0,0.0,0.0,55/68,37.46%,SLC12A2;MYC;LMNB1;MCM2;MCM6;MAP3K20;MKI67;E2F1;EZH2;KIF22;SNRPD1;SLC7A1;CDC25B;MYBL2;ODC1;INCENP;CDC45;KPNA2;SMC4;TOP2A;CCND1;PRC1;ORC6;PLK1;TPX2;PTTG1;RAD54L;CDK1;CDKN2C;NUSAP1;POLQ;KIF23;KIF20B;FANCC;BIRC5;TROAP;TACC3;CENPA;BUB1;CKS2;UBE2C;POLE;CCNF;KIF11;MT2A;KIF15;HMMR;KIF2C;CDC20;AURKB;EXO1;CCNB2;KIF4A;AURKA;ATF5
13,9,anal_pc5_c21_S1.filtered.gene_spectra_score.k_13.dt_0_01.txt,prerank,HALLMARK_E2F_TARGETS,-0.49654757903913216,-1.8026624818732178,0.0,0.004736129905277403,0.009009009009009009,46/54,36.90%,MYC;HELLS;LMNB1;MCM2;MCM4;TK1;PRDX4;MCM6;HMGB2;LIG1;CENPM;MKI67;TCF19;EZH2;KIF22;CDC25B;MYBL2;NCAPD2;KPNA2;SMC4;TOP2A;ORC6;PLK1;RRM2;PTTG1;CDK1;CDKN2C;ANP32E;CIT;MELK;BIRC5;CDKN2A;TACC3;CKS2;POLE;CDCA8;HMMR;DLGAP5;DEPDC1;KIF2C;CDC20;AURKB;SPAG5;CCNB2;KIF4A;AURKA
13,9,anal_pc5_c21_S1.filtered.gene_spectra_score.k_13.dt_0_01.txt,prerank,HALLMARK_TNFA_SIGNALING_VIA_NFKB,0.6576329025720569,1.7344197242980828,0.0,0.04061688398618437,0.041,51/150,12.58%,MXD1;EFNA1;KLF4;PLAUR;BMP2;IL18;CDKN1A;DUSP1;VEGFA;EDN1;FOS;TSC22D1;CCL20;AREG;LAMB3;JUN;PHLDA2;ZFP36;RCAN1;PMEPA1;HBEGF;TUBB2A;PPP1R15A;CCRL2;LDLR;MAP2K3;ID2;JAG1;SDC4;RNF19B;ATF3;EHD1;FOSB;IER3;SMAD3;GADD45A;LITAF;TRIB1;MAFF;RHOB;PDLIM5;CXCL3;NFIL3;IRF1;EGR1;DUSP5;ZC3H12A;GADD45B;NFKBIA;IFIT2;IRS2
13,9,anal_pc5_c21_S1.filtered.gene_spectra_score.k_13.dt_0_01.txt,prerank,HALLMARK_ANDROGEN_RESPONSE,0.7071399706058715,1.6844620345264938,0.0024479804161566705,0.049037457495515274,0.088,10/41,6.80%,SLC26A2;SELENOP;HPGD;KRT8;TSC22D1;NDRG1;PMEPA1;PLPP1;KRT19;INPP4B
13,9,anal_pc5_c21_S1.filtered.gene_spectra_score.k_13.dt_0_01.txt,prerank,HALLMARK_HYPOXIA,0.6299754707811803,1.664776191894206,0.0,0.04358885110712469,0.116,37/111,13.22%,PLAC8;EFNA1;SELENBP1;PLAUR;PPARGC1A;HK2;CA12;HMOX1;CDKN1A;DUSP1;ADM;VEGFA;FOS;MXI1;JUN;ERRFI1;ZFP36;NDRG1;PFKP;PPP1R15A;SDC4;ATF3;P4HA2;IER3;ERO1A;CCNG2;MAFF;PIM1;NFIL3;ISG20;CITED2;SCARB1;EDN2;IRS2;LXN;SLC2A1;VLDLR
13,9,anal_pc5_c21_S1.filtered.gene_spectra_score.k_13.dt_0_01.txt,prerank,HALLMARK_FATTY_ACID_METABOLISM,0.6860930336164356,1.6564467568961854,0.009900990099009901,0.03913090042571421,0.133,8/44,5.80%,CA4;CA2;HPGD;MGLL;ACOX1;ACAA2;TP53INP2;AQP7
13,9,anal_pc5_c21_S1.filtered.gene_spectra_score.k_13.dt_0_01.txt,prerank,HALLMARK_TGF_BETA_SIGNALING,0.7330257127118027,1.6296228835840514,0.01430615164520744,0.045173900238292854,0.187,12/24,10.10%,BMP2;THBS1;ID1;CDH1;PMEPA1;PPP1R15A;ID2;SMAD7;SMAD3;TJP1;SLC20A1;ID3
13,9,anal_pc5_c21_S1.filtered.gene_spectra_score.k_13.dt_0_01.txt,prerank,HALLMARK_P53_PATHWAY,0.623491082864898,1.6245134520260587,0.0054585152838427945,0.041112211839674416,0.202,28/89,8.88%,MXD1;CDKN2B;KLF4;EPS8L2;BMP2;HMOX1;CDKN1A;AK1;FOS;TSC22D1;CTSD;JUN;TOB1;EPHA2;PDGFA;NDRG1;HBEGF;KIF13B;ITGB4;TCN2;PPP1R15A;UPP1;RNF19B;FUCA1;TM4SF1;ATF3;IER3;GADD45A
13,9,anal_pc5_c21_S1.filtered.gene_spectra_score.k_13.dt_0_01.txt,prerank,HALLMARK_ESTROGEN_RESPONSE_LATE,0.592218247894928,1.5559995370137873,0.009574468085106383,0.08477182406872627,0.422,22/106,7.72%,SLC26A2;CA2;CKB;TJP3;KCNK5;KLF4;PRSS23;CA12;LLGL2;ASS1;FOS;AREG;CDH1;LAMC2;FLNB;TOB1;ZFP36;MDK;SCNN1A;KRT19;ID2;SLC16A1
13,9,anal_pc5_c21_S1.filtered.gene_spectra_score.k_13.dt_0_01.txt,prerank,HALLMARK_CHOLESTEROL_HOMEOSTASIS,0.6702049298625625,1.5504455560148345,0.016774193548387096,0.0780141369246834,0.439,13/35,10.18%,PPARG;LGALS3;PLAUR;MAL2;ANTXR2;ERRFI1;TNFRSF12A;LDLR;JAG1;ATF3;CXCL16;CPEB2;NFIL3
13,9,anal_pc5_c21_S1.filtered.gene_spectra_score.k_13.dt_0_01.txt,prerank,HALLMARK_UV_RESPONSE_UP,0.6063301598078067,1.5473711386263853,0.021205357142857144,0.07198764804055441,0.447,13/66,9.20%,CA2;ABCB1;SLC6A8;CDKN2B;EPCAM;BMP2;HMOX1;FOS;PRKCD;ATF3;FOSB;C4BPB;RHOB
13,9,anal_pc5_c21_S1.filtered.gene_spectra_score.k_13.dt_0_01.txt,prerank,HALLMARK_KRAS_SIGNALING_UP,0.5697903714604492,1.5289877511109635,0.004158004158004158,0.07756834185654234,0.51,29/131,11.06%,TSPAN1;CA2;MALL;ABCB1;PTPRR;HKDC1;KLF4;EMP1;PLAUR;BMP2;CCL20;CTSS;HBEGF;DUSP6;HDAC9;PPP1R15A;ID2;FUCA1;EPB41L3;TMEM176B;MPZL2;ERO1A;CFB;TRIB1;TMEM176A;IL2RG;TSPAN7;SPRY2;SLPI
13,9,anal_pc5_c21_S1.filtered.gene_spectra_score.k_13.dt_0_01.txt,prerank,HALLMARK_GLYCOLYSIS,0.5931890712377066,1.5074431675688942,0.03125,0.08906895401848412,0.587,18/67,10.90%,EGLN3;B3GNT3;ELF3;DSC2;SLC16A3;HK2;VEGFA;PLOD2;MXI1;PFKP;QSOX1;P4HA2;IER3;ERO1A;TGFA;NT5E;ISG20;CITED2
13,9,anal_pc5_c21_S1.filtered.gene_spectra_score.k_13.dt_0_01.txt,prerank,HALLMARK_INTERFERON_ALPHA_RESPONSE,0.6039802935405821,1.4596929635464824,0.049338146811071,0.1291154604764072,0.765,21/50,12.74%,OAS1;IFI27;DDX60;RSAD2;TENT5A;SAMD9;ISG15;CMPK2;IRF7;CCRL2;HERC6;TMEM140;MX1;TRIM25;IRF1;TRIM14;ISG20;OASL;IFIT2;IFI44;HELZ2
13,9,anal_pc5_c21_S1.filtered.gene_spectra_score.k_13.dt_0_01.txt,prerank,HALLMARK_ESTROGEN_RESPONSE_EARLY,0.5493877857798507,1.427940124404548,0.02830188679245283,0.15225616173432713,0.842,22/118,8.02%,SLC26A2;CLDN7;KRT8;TJP3;KCNK5;KLF4;ELF3;PRSS23;RETREG1;FHL2;CA12;P2RY2;FOS;AREG;FLNB;TOB1;SCNN1A;KRT19;DHRS3;SLC16A1;RHOD;WWC1
13,9,anal_pc5_c21_S1.filtered.gene_spectra_score.k_13.dt_0_01.txt,prerank,HALLMARK_SPERMATOGENESIS,-0.43819129902633625,-1.4084102475260292,0.0811965811965812,0.13261163734776726,0.3133133133133133,17/36,37.90%,SLC12A2;GSTM3;EZH2;HSPA2;LPIN1;CDK1;HSPA4L;GFI1;CSNK2A2;IDE;BUB1;KIF2C;CCNB2;CAMK4;AURKA;JAM3;SHE
13,9,anal_pc5_c21_S1.filtered.gene_spectra_score.k_13.dt_0_01.txt,prerank,HALLMARK_PEROXISOME,0.6014287095177673,1.3982368415875022,0.11387434554973822,0.18086542764579658,0.899,9/32,9.36%,ABCB1;NR1I2;HSD11B2;ACOX1;SEMA3C;DHRS3;STS;ACSL5;HSD17B11
13,9,anal_pc5_c21_S1.filtered.gene_spectra_score.k_13.dt_0_01.txt,prerank,HALLMARK_REACTIVE_OXYGEN_SPECIES_PATHWAY,-0.5089289555328422,-1.3573601457841926,0.10344827586206896,0.14313637047060593,0.4124124124124124,6/19,3.40%,CAT;GCLC;MGST1;FTL;LSP1;PRDX4
13,9,anal_pc5_c21_S1.filtered.gene_spectra_score.k_13.dt_0_01.txt,prerank,HALLMARK_APOPTOSIS,0.5366325087397315,1.3549709119659492,0.07995495495495496,0.23148321686435155,0.95,26/79,13.84%,LGALS3;EMP1;BMP2;IL18;HMOX1;CDKN1A;ERBB3;JUN;TNFRSF12A;GSN;ERBB2;ATF3;SMAD7;IER3;GADD45A;RHOB;NEDD9;SLC20A1;IRF1;ISG20;RARA;GADD45B;EREG;CD14;CTH;BIRC3
13,9,anal_pc5_c21_S1.filtered.gene_spectra_score.k_13.dt_0_01.txt,prerank,HALLMARK_IL2_STAT5_SIGNALING,0.4994673731224715,1.3147869991961518,0.09006211180124224,0.2848135157567806,0.982,28/127,12.10%,MXD1;CA2;ABCB1;ST3GAL4;EMP1;SMPDL3A;TNFRSF21;HK2;BMP2;NFKBIZ;NDRG1;PLPP1;CDCP1;DHRS3;SNX9;MAFF;CTSZ;RHOB;PIM1;NT5E;ENPP1;NFIL3;IRF6;TTC39B;SPRY4;MUC1;IL3RA;GADD45B
13,9,anal_pc5_c21_S1.filtered.gene_spectra_score.k_13.dt_0_01.txt,prerank,HALLMARK_ADIPOGENESIS,0.5424229920185594,1.3088732081675387,0.13842482100238662,0.278141158200944,0.984,9/51,9.00%,MGLL;PPARG;ACOX1;ACAA2;TOB1;MYLK;CCNG2;GADD45A;SOWAHC
13,9,anal_pc5_c21_S1.filtered.gene_spectra_score.k_13.dt_0_01.txt,prerank,HALLMARK_MYOGENESIS,0.4907694927689829,1.3058915237314925,0.10304942166140904,0.26769718659729097,0.986,14/112,5.86%,CKB;SLC6A8;ACHE;DAPK2;CDKN1A;AK1;ERBB3;BDKRB2;VIPR1;MYLK;MAPRE3;HBEGF;GSN;ITGB4
13,9,anal_pc5_c21_S1.filtered.gene_spectra_score.k_13.dt_0_01.txt,prerank,HALLMARK_WNT_BETA_CATENIN_SIGNALING,-0.5138753467485166,-1.3024206334017219,0.1421188630490956,0.15787099684258005,0.5235235235235235,7/15,13.36%,CCND2;MYC;DLL1;CSNK1E;TCF7;RBPJ;JAG2
13,9,anal_pc5_c21_S1.filtered.gene_spectra_score.k_13.dt_0_01.txt,prerank,HALLMARK_HEME_METABOLISM,0.5164669224567837,1.2941026923853447,0.166073546856465,0.2734209751265094,0.988,13/55,13.20%,CA2;SLC6A8;SELENBP1;MXI1;MAP2K3;KLF3;AGPAT4;P4HA2;TRIM10;PDZK1IP1;LPIN2;MPP1;SLC2A1
13,9,anal_pc5_c21_S1.filtered.gene_spectra_score.k_13.dt_0_01.txt,prerank,HALLMARK_XENOBIOTIC_METABOLISM,0.49714158217164284,1.2642356560544907,0.1570796460176991,0.31007523628477335,0.996,16/80,9.82%,CA2;CDA;XDH;HMOX1;ACOX1;ABCC3;EPHA2;BCAR1;PPARD;UPP1;ID2;CYP27A1;TMEM176B;CYP2C18;CFB;PDLIM5
13,9,anal_pc5_c21_S1.filtered.gene_spectra_score.k_13.dt_0_01.txt,prerank,HALLMARK_COMPLEMENT,0.47813586981602213,1.2579107249455643,0.12249208025343189,0.30554652448143577,0.997,25/122,11.64%,CA2;LGALS3;CDA;PLAUR;PRSS3;CASP10;CTSD;CASP5;CTSS;DUSP6;CD55;IRF7;CPM;PRKCD;LRP1;EHD1;CFB;C4BPB;MAFF;PDP1;PIM1;IRF1;DUSP5;ADAM9;DPP4
13,9,anal_pc5_c21_S1.filtered.gene_spectra_score.k_13.dt_0_01.txt,prerank,HALLMARK_APICAL_JUNCTION,0.4792676828061001,1.2479938628520801,0.16201716738197425,0.30854422291944045,0.998,17/101,10.48%,CLDN4;CLDN7;COL17A1;PCDH1;LAMA3;LAMB3;CDH1;LAMC2;ITGA3;MDK;RHOF;ITGB4;WASL;MPZL2;TJP1;TNFRSF11B;GRB7
13,9,anal_pc5_c21_S1.filtered.gene_spectra_score.k_13.dt_0_01.txt,prerank,HALLMARK_HEDGEHOG_SIGNALING,0.5758650205909158,1.1911997011839217,0.31076923076923074,0.39372103554370236,1.0,2/17,3.20%,ACHE;VEGFA
13,9,anal_pc5_c21_S1.filtered.gene_spectra_score.k_13.dt_0_01.txt,prerank,HALLMARK_INFLAMMATORY_RESPONSE,0.4439437091238373,1.1819121673913633,0.22807017543859648,0.3946111899470758,1.0,14/141,7.28%,MXD1;SLC4A4;PLAUR;IL18;P2RY2;CDKN1A;ADM;EDN1;CCL20;HBEGF;CD55;IRF7;CCRL2;LDLR
13,9,anal_pc5_c21_S1.filtered.gene_spectra_score.k_13.dt_0_01.txt,prerank,HALLMARK_KRAS_SIGNALING_DN,0.46565719297960495,1.1807444023338618,0.26169265033407574,0.38080805376315296,1.0,13/78,12.22%,SELENOP;HSD11B2;EDN1;RSAD2;TFCP2L1;GPRC5C;SYNPO;SLC6A14;MX1;PTPRJ;HTR1D;EDN2;MAST3
13,9,anal_pc5_c21_S1.filtered.gene_spectra_score.k_13.dt_0_01.txt,prerank,HALLMARK_DNA_REPAIR,0.543075715822243,1.173131711833092,0.3181818181818182,0.3781637650683676,1.0,5/22,5.76%,CDA;AK1;STX3;VPS37B;CMPK2
13,9,anal_pc5_c21_S1.filtered.gene_spectra_score.k_13.dt_0_01.txt,prerank,HALLMARK_UV_RESPONSE_DN,0.44978764295668217,1.14418532701385,0.2992036405005688,0.4099480079292122,1.0,15/69,11.32%,MGLL;PPARG;FHL2;DUSP1;ID1;ERBB2;INPP4B;RND3;LDLR;SMAD7;SMAD3;TJP1;PDLIM5;CITED2;LTBP1
13,9,anal_pc5_c21_S1.filtered.gene_spectra_score.k_13.dt_0_01.txt,prerank,HALLMARK_BILE_ACID_METABOLISM,0.48805870617145225,1.1437474854860423,0.3155893536121673,0.39597923830433396,1.0,7/37,9.36%,NR1I2;SULT1B1;NR3C2;TFCP2L1;CYP27A1;ACSL5;HSD17B11
13,9,anal_pc5_c21_S1.filtered.gene_spectra_score.k_13.dt_0_01.txt,prerank,HALLMARK_ANGIOGENESIS,0.49339459544734654,1.1232340606497906,0.3431241655540721,0.41621203909812476,1.0,5/29,7.62%,TNFRSF21;VEGFA;SLCO2A1;PDGFA;JAG1
13,9,anal_pc5_c21_S1.filtered.gene_spectra_score.k_13.dt_0_01.txt,prerank,HALLMARK_EPITHELIAL_MESENCHYMAL_TRANSITION,0.3933317817979353,1.052267279272248,0.4049586776859504,0.5197640275955625,1.0,24/164,10.42%,ANPEP;SLC6A8;PLAUR;LAMA3;THBS1;VEGFA;AREG;PLOD2;LAMC2;JUN;MYLK;PMEPA1;IL32;TNFRSF12A;QSOX1;ID2;SDC4;FUCA1;LRP1;SERPINE2;GADD45A;RHOB;NT5E;TNFRSF11B
13,9,anal_pc5_c21_S1.filtered.gene_spectra_score.k_13.dt_0_01.txt,prerank,HALLMARK_INTERFERON_GAMMA_RESPONSE,0.4005196529876968,1.0456121704162749,0.4326923076923077,0.5150450977225283,1.0,28/111,12.98%,SECTM1;IFI27;DDX60;CDKN1A;RSAD2;PFKP;ISG15;CMPK2;IRF7;UPP1;HERC6;CFB;OAS3;MX1;PIM1;TRIM25;XAF1;IFIT1;IRF1;TRIM14;ISG20;EIF4E3;OASL;NFKBIA;IFIT2;IFI44;HELZ2;PELI1
13,9,anal_pc5_c21_S1.filtered.gene_spectra_score.k_13.dt_0_01.txt,prerank,HALLMARK_IL6_JAK_STAT3_SIGNALING,0.4142407420532684,1.0151073581503909,0.46808510638297873,0.5500925392915472,1.0,10/53,11.76%,TNFRSF21;HMOX1;JUN;TNFRSF12A;PIM1;CXCL3;IRF1;IL2RG;PLA2G2A;IL3RA
13,9,anal_pc5_c21_S1.filtered.gene_spectra_score.k_13.dt_0_01.txt,prerank,HALLMARK_PI3K_AKT_MTOR_SIGNALING,-0.2982572048961709,-0.9671546546402645,0.4978723404255319,0.5992081391269484,0.95995995995996,13/32,20.74%,ITPR2;HSP90B1;E2F1;CXCR4;PLCG1;NOD1;MAPK10;SLA;PRKCB;AKT1S1;LCK;PDK1;CDK1
13,9,anal_pc5_c21_S1.filtered.gene_spectra_score.k_13.dt_0_01.txt,prerank,HALLMARK_COAGULATION,0.34999470555068424,0.9014618097345606,0.6353591160220995,0.7069078966050772,1.0,13/79,13.08%,GDA;PRSS23;THBS1;GSN;DUSP6;LRP1;CFB;MAFF;ADAM9;DPP4;TMPRSS6;BMP1;KLKB1
13,9,anal_pc5_c21_S1.filtered.gene_spectra_score.k_13.dt_0_01.txt,prerank,HALLMARK_MTORC1_SIGNALING,0.35557885111406595,0.8994207008324184,0.6291618828932262,0.6891175919348971,1.0,9/72,8.66%,EGLN3;HK2;CDKN1A;PLOD2;SYTL2;PPP1R15A;LDLR;MAP2K3;ERO1A
13,9,anal_pc5_c21_S1.filtered.gene_spectra_score.k_13.dt_0_01.txt,prerank,HALLMARK_ALLOGRAFT_REJECTION,-0.21033268151933018,-0.8875059637418193,0.7380952380952381,0.6669673733273191,0.983983983983984,42/121,26.00%,CCND2;CD74;ITGAL;ST8SIA4;IL16;LTB;C2;FLNA;HCLS1;CD2;CD79A;PTPN6;FYB1;SRGN;ETS1;ITGB2;IRF8;NCF4;PTPRC;CD96;NOS2;CD40;ZAP70;STAB1;CD4;MAP4K1;CD3E;IRF4;PRKCB;CSF1;LCK;LCP2;CD3D;IL2RB;ITK;SPI1;THY1;TLR2;CCL5;FAS;IL27RA;WAS
13,9,anal_pc5_c21_S1.filtered.gene_spectra_score.k_13.dt_0_01.txt,prerank,HALLMARK_UNFOLDED_PROTEIN_RESPONSE,0.39620779055733885,0.8759408522737068,0.6181556195965417,0.70087476046404,1.0,5/23,10.16%,VEGFA;TUBB2A;ATF3;ERO1A;IFIT1
13,9,anal_pc5_c21_S1.filtered.gene_spectra_score.k_13.dt_0_01.txt,prerank,HALLMARK_MITOTIC_SPINDLE,0.24277942349810952,0.6138289156251441,0.9268571428571428,0.9567257490160378,1.0,15/77,12.66%,FLNB;RHOF;BCAR1;GSN;SYNPO;ARHGAP27;WASL;FGD4;PXN;NEDD9;PDLIM5;NET1;DST;EPB41L2;ITSN1
13,9,anal_pc5_c21_S1.filtered.gene_spectra_score.k_13.dt_0_01.txt,prerank,HALLMARK_APICAL_SURFACE,0.2682078803786315,0.6002111330725494,0.9164420485175202,0.9403196872740903,1.0,3/27,10.54%,PLAUR;ATP8B1;IL2RG
13,10,anal_pc5_c21_S1.filtered.gene_spectra_score.k_13.dt_0_01.txt,prerank,HALLMARK_G2M_CHECKPOINT,0.9486618276481419,2.1061653245807554,0.0,0.0,0.0,49/68,3.32%,TROAP;TOP2A;NUSAP1;MKI67;KIF23;CDK1;CCNB2;TPX2;AURKB;PLK1;NDC80;HMMR;CENPE;BIRC5;CDC20;BUB1;TACC3;KPNA2;KIF2C;PRC1;ESPL1;KIF11;INCENP;TTK;CCNF;PTTG1;UBE2C;CKS2;CENPF;SMC4;NEK2;KIF22;KIF15;KIF20B;LMNB1;AURKA;POLQ;CENPA;KIF4A;EZH2;CDKN2C;FBXO5;RAD54L;CDC25B;MYBL2;EXO1;ORC6;MT2A;CDC45
13,10,anal_pc5_c21_S1.filtered.gene_spectra_score.k_13.dt_0_01.txt,prerank,HALLMARK_E2F_TARGETS,0.9594604757142576,2.069891623030103,0.0,0.0,0.0,43/54,2.68%,TOP2A;MKI67;CDK1;CCNB2;AURKB;PLK1;DLGAP5;CDCA3;KIF18B;CIT;HMMR;CENPE;BIRC5;CDC20;TACC3;KPNA2;KIF2C;SPAG5;ESPL1;HMGB2;PTTG1;CKS2;SMC4;CDCA8;DEPDC1;SPC25;KIF22;NCAPD2;LMNB1;DIAPH3;AURKA;RRM2;KIF4A;EZH2;CDKN2C;MELK;CDC25B;ANP32E;CENPM;TK1;MYBL2;TCF19;ORC6
13,10,anal_pc5_c21_S1.filtered.gene_spectra_score.k_13.dt_0_01.txt,prerank,HALLMARK_MITOTIC_SPINDLE,0.9213287139140108,2.0381462112644337,0.0,0.0,0.0,34/77,2.66%,TOP2A;NUSAP1;KIF23;CDK1;ANLN;CCNB2;TPX2;PLK1;NDC80;DLGAP5;ECT2;CENPE;BIRC5;PIF1;BUB1;KIF2C;PRC1;ESPL1;KIF11;INCENP;TTK;CENPF;SMC4;NEK2;KIF22;KIF15;KIF20B;LMNB1;AURKA;KIF4A;FBXO5;CEP72;CNTRL;CCDC88A
13,10,anal_pc5_c21_S1.filtered.gene_spectra_score.k_13.dt_0_01.txt,prerank,HALLMARK_ALLOGRAFT_REJECTION,-0.4417071868661248,-1.838110894029053,0.0,0.03247631935047362,0.008,66/121,33.66%,LTB;IL16;PTPN6;GBP2;TLR2;CTSS;CCND2;IL2RG;FYB1;IRF7;CD2;ITGAL;CD79A;STAB1;CD96;LY86;ZAP70;MAP4K1;ETS1;ITK;CD3D;LCP2;CD40LG;PRKCB;CD28;ST8SIA4;CSF1;CD40;FLNA;LYN;FCGR2B;CD74;PTPRC;TLR6;SRGN;TIMP1;IL6;IRF4;HCLS1;IL11;IL27RA;CD1D;CD7;PRF1;CD3E;CD8A;JAK2;TGFB2;TRAT1;CD4;STAT4;TNF;CCR2;IL7;CXCL9;CCL2;CXCL13;LY75;THY1;CXCR3;ITGB2;CD247;GPR65;LCK;CCL22;FGR
13,10,anal_pc5_c21_S1.filtered.gene_spectra_score.k_13.dt_0_01.txt,prerank,HALLMARK_COMPLEMENT,-0.4545571614345394,-1.8362634779183757,0.0,0.01623815967523681,0.008,57/122,27.36%,CTSB;CTSD;STX4;CA2;CLU;MMP14;CTSS;LRP1;LGALS3;LGMN;PLAT;SERPINA1;PLAUR;C1S;IRF7;LIPA;KCNIP2;CTSH;KLK1;CR1;SERPINE1;KYNU;CASP10;CD55;LCP2;C1QC;CD40LG;DOCK10;APOBEC3G;TNFAIP3;PDGFB;PIK3R5;LYN;CP;CTSC;TIMP1;IL6;C1QA;PLA2G7;IRF1;SPOCK2;C3;CFB;SH2B3;MMP13;CFH;CPM;ME1;DOCK9;F3;JAK2;GZMK;DUSP5;ITGAM;CSRP1;PRKCD;CPQ
13,10,anal_pc5_c21_S1.filtered.gene_spectra_score.k_13.dt_0_01.txt,prerank,HALLMARK_SPERMATOGENESIS,0.8749147125560328,1.8145613918675825,0.0,0.0,0.0,8/36,1.82%,CDK1;CCNB2;BUB1;KIF2C;TTK;NEK2;AURKA;EZH2
13,10,anal_pc5_c21_S1.filtered.gene_spectra_score.k_13.dt_0_01.txt,prerank,HALLMARK_INTERFERON_GAMMA_RESPONSE,-0.4431511832028458,-1.8002310652584765,0.0,0.018944519621109608,0.014,63/111,29.26%,TNFSF10;SOD2;PARP14;RNF213;BANK1;PTPN6;OAS2;SP110;IL10RA;CASP8;NLRC5;CIITA;NFKBIA;GBP6;CDKN1A;C1S;NAMPT;IRF7;SOCS3;MX1;IFITM2;ZBP1;SAMD9L;MX2;ITGB7;TRIM25;LCP2;EIF4E3;TNFAIP3;ST8SIA4;CD69;CXCL10;CD40;IFI30;IFI44;IL18BP;IFIT1;CD74;IFI44L;NOD1;IL6;IRF4;CMPK2;IRF1;CFB;CFH;FPR1;CSF2RB;PTGS2;XAF1;JAK2;CD274;UPP1;STAT4;HERC6;IL7;CXCL9;CCL2;VCAM1;RSAD2;IFIH1;IFIT2;ST3GAL5
13,10,anal_pc5_c21_S1.filtered.gene_spectra_score.k_13.dt_0_01.txt,prerank,HALLMARK_INFLAMMATORY_RESPONSE,-0.3931382627594142,-1.6887669609163924,0.0,0.042625169147496624,0.04,57/141,25.16%,TNFSF10;PCDH7;MMP14;TLR2;IL10RA;ABCA1;SLC4A4;GABBR1;NFKBIA;PVR;IL7R;CDKN1A;PLAUR;NAMPT;IRF7;PDPN;CYBB;C5AR1;EDN1;P2RY2;SELL;STAB1;LPAR1;SLAMF1;SERPINE1;OSMR;CD55;AHR;LCP2;ITGA5;CCR7;CD69;CSF1;CXCL10;CD40;TNFRSF1B;PIK3R5;LYN;GPR132;CALCRL;HPN;CXCL8;TIMP1;IL6;IRF1;BTG2;CD48;AXL;KCNA3;SCARF1;GPR183;CD14;ADM;IL1R1;CXCR6;FPR1;F3
13,10,anal_pc5_c21_S1.filtered.gene_spectra_score.k_13.dt_0_01.txt,prerank,HALLMARK_INTERFERON_ALPHA_RESPONSE,-0.48841185943301696,-1.6817063525357552,0.0,0.03572395128552098,0.042,23/50,20.54%,PARP14;OAS1;SP110;GBP2;CASP8;C1S;IRF7;MX1;SELL;IFITM2;SAMD9L;NUB1;TRIM25;LPAR6;CSF1;CXCL10;IFI30;IFI44;CD74;IFI44L;TMEM140;CMPK2;IRF1
13,10,anal_pc5_c21_S1.filtered.gene_spectra_score.k_13.dt_0_01.txt,prerank,HALLMARK_KRAS_SIGNALING_DN,-0.42878883943757523,-1.6726776066019649,0.0,0.035182679296346414,0.049,34/78,26.22%,KRT15;FGFR3;SELENOP;TFCP2L1;CALML5;LYPD3;AKR1B10;ZBTB16;HSD11B2;GPRC5C;MAST3;MX1;EDN1;SGK1;KRT4;SPRR3;PKP1;MYO15A;CLSTN3;KRT13;CD40LG;SYNPO;IFI44L;BTG2;ALOX12B;SLC6A14;P2RX6;EDAR;TENT5C;RGS11;TGM1;NTF3;TGFB2;DLK2
13,10,anal_pc5_c21_S1.filtered.gene_spectra_score.k_13.dt_0_01.txt,prerank,HALLMARK_KRAS_SIGNALING_UP,-0.3875546099884361,-1.6323993539135084,0.0,0.03711579354339842,0.061,40/131,17.40%,TSPAN1;GPNMB;SLPI;MPZL2;CA2;CD37;TMEM176A;FUCA1;IL10RA;CTSS;CCND2;IL2RG;PLAU;LAPTM5;IL7R;ST6GAL1;PLAT;PLAUR;SATB1;TRAF1;ACE;TMEM176B;KCNN4;TSPAN7;BMP2;ADAM8;IGFBP3;MAP4K1;DOCK2;ENG;ETS1;PECAM1;PCSK1N;TNNT2;IKZF1;TNFAIP3;VWA5A;CXCL10;TNFRSF1B;SPARCL1
13,10,anal_pc5_c21_S1.filtered.gene_spectra_score.k_13.dt_0_01.txt,prerank,HALLMARK_ANDROGEN_RESPONSE,-0.4495747538595045,-1.5261698871219855,0.02072538860103627,0.08322056833558863,0.147,15/41,18.40%,KRT19;SELENOP;NDRG1;SAT1;SLC26A2;PTK2B;SGK1;ADAMTS1;TSC22D1;MAF;PLPP1;MERTK;IQGAP2;AZGP1;RRP12
13,10,anal_pc5_c21_S1.filtered.gene_spectra_score.k_13.dt_0_01.txt,prerank,HALLMARK_GLYCOLYSIS,0.6985208188002382,1.5234767673306893,0.01954022988505747,0.04943104233045061,0.409,9/67,5.62%,CDK1;HMMR;KIF20A;DEPDC1;AURKA;CENPA;GPC4;SDC2;IRS2
13,10,anal_pc5_c21_S1.filtered.gene_spectra_score.k_13.dt_0_01.txt,prerank,HALLMARK_P53_PATHWAY,-0.37277538150156775,-1.4557564647635293,0.04819277108433735,0.12268831754623365,0.235,31/89,18.22%,AK1;GM2A;CTSD;DGKA;NDRG1;EPHA2;ABCC5;EPS8L2;SAT1;JAG2;FOS;ZBTB16;FUCA1;DEF6;CCND2;DDIT4;CDKN1A;MKNK2;EPHX1;TSPYL2;SERPINB5;NUPR1;TSC22D1;SLC7A11;TRAF4;BMP2;CYFIP2;PDGFA;VWA5A;IFI30;NINJ1
13,10,anal_pc5_c21_S1.filtered.gene_spectra_score.k_13.dt_0_01.txt,prerank,HALLMARK_HEME_METABOLISM,-0.4057488798473488,-1.4533428180343182,0.029411764705882353,0.11163734776725305,0.238,13/55,13.12%,CTSB;AQP3;GCLC;SELENBP1;CA2;SLC2A1;BCAM;MXI1;TNS1;ACP5;KDM7A;SLC7A11;CAT
13,10,anal_pc5_c21_S1.filtered.gene_spectra_score.k_13.dt_0_01.txt,prerank,HALLMARK_HYPOXIA,-0.34292201452145293,-1.4013210885245522,0.0,0.15315536966416535,0.336,38/111,18.46%,GPC1;EFNA1;NDRG1;ZFP36;SELENBP1;SLC6A6;SLC2A1;GAA;ACKR3;FOS;PPARGC1A;HK2;DUSP1;MXI1;DDIT4;CDKN1A;PLAUR;CITED2;PDK1;TGFBI;AMPD3;SDC4;SERPINE1;CA12;IGFBP3;PKP1;ETS1;NEDD4L;RORA;PFKFB3;PAM;PLAC8;TNFAIP3;PDGFB;DCN;CP;BCL2;PGF
13,10,anal_pc5_c21_S1.filtered.gene_spectra_score.k_13.dt_0_01.txt,prerank,HALLMARK_MTORC1_SIGNALING,0.6398147309869515,1.4012361568339256,0.05672969966629588,0.17668032165073583,0.884,11/72,4.70%,PLK1;BUB1;CCNF;AURKA;RRM2;LDLR;PHGDH;FADS2;PIK3R3;STARD4;HSP90B1
13,10,anal_pc5_c21_S1.filtered.gene_spectra_score.k_13.dt_0_01.txt,prerank,HALLMARK_DNA_REPAIR,0.7104447426435058,1.3988583567308066,0.10944527736131934,0.15430131998179336,0.886,6/22,7.24%,ARL6IP1;ZWINT;POLH;TYMS;LIG1;POLA1
13,10,anal_pc5_c21_S1.filtered.gene_spectra_score.k_13.dt_0_01.txt,prerank,HALLMARK_IL2_STAT5_SIGNALING,-0.336489577026201,-1.3855107056273899,0.02857142857142857,0.15832205683355888,0.375,40/127,21.96%,TNFSF10;WLS;NDRG1;LTB;DHRS3;CA2;CAPN3;COL6A1;ST3GAL4;HK2;IL10RA;CCND2;MUC1;TNFRSF21;RHOB;TRAF1;XBP1;SELL;SCN9A;IL1R2;ADAM19;CD83;BMP2;NT5E;RORA;SMPDL3A;AHR;PLPP1;CSF1;CXCL10;SWAP70;TNFRSF1B;BCL2;MAP3K8;IRF4;ITIH5;FURIN;CD48;CD79B;CDC42SE2
13,10,anal_pc5_c21_S1.filtered.gene_spectra_score.k_13.dt_0_01.txt,prerank,HALLMARK_TNFA_SIGNALING_VIA_NFKB,-0.34062712301865344,-1.3621102708397643,0.0,0.17081294889143334,0.426,65/150,29.58%,EFNA1;SOD2;NFAT5;LAMB3;ZFP36;SAT1;ACKR3;FOS;TLR2;ABCA1;DUSP1;PLAU;NFKBIA;IL7R;RHOB;CDKN1A;PLAUR;NFKB2;NAMPT;PHLDA2;REL;TRAF1;SOCS3;JAG1;EDN1;KDM6B;KLF2;SGK1;SDC4;TSC22D1;SERPINE1;CD83;PLPP3;BMP2;KYNU;PFKFB3;TNFAIP3;CD69;LITAF;CSF1;CXCL10;NINJ1;MAP3K8;IL6;PLK2;IRF1;BTG2;FOSB;GPR183;PER1;ZC3H12A;BIRC3;EGR1;PTGS2;F3;DUSP5;TNF;CCL2;SLC2A6;SLC2A3;TNFRSF9;KLF9;IFIH1;IFIT2;KLF4
13,10,anal_pc5_c21_S1.filtered.gene_spectra_score.k_13.dt_0_01.txt,prerank,HALLMARK_COAGULATION,-0.36096511800381814,-1.3560946505520035,0.08433734939759036,0.16441136671177267,0.435,41/79,33.08%,CTSB;PRSS23;CLU;MMP14;PLAU;LRP1;LGMN;A2M;PLAT;SERPINA1;C1S;MMP2;CTSH;SPARC;SERPINE1;MMP7;PECAM1;THBS1;PDGFB;RAPGEF3;CFI;HPN;TIMP1;C1QA;FURIN;TIMP3;C3;COMP;CFB;CFH;F3;CSRP1;CPQ;APOC2;CTSK;MMP3;PLEK;C1R;USP11;APOC1;DUSP6
13,10,anal_pc5_c21_S1.filtered.gene_spectra_score.k_13.dt_0_01.txt,prerank,HALLMARK_XENOBIOTIC_METABOLISM,-0.3419824673190833,-1.3315642855349163,0.0625,0.17591339648173204,0.477,30/80,26.56%,ALDH3A1;GCLC;EPHA2;CES1;ABCC3;CA2;SLC6A6;PTGR1;UGDH;MAN1A1;EPHX1;TMEM176B;APOE;SLC12A4;SERPINE1;CAT;KYNU;CYFIP2;MAOA;ABCD2;NINJ1;PTGDS;CFB;ACOX1;IL1R1;TGFB2;TPST1;VTN;VNN1;UPP1
13,10,anal_pc5_c21_S1.filtered.gene_spectra_score.k_13.dt_0_01.txt,prerank,HALLMARK_UV_RESPONSE_UP,-0.3321501621760814,-1.2239981440885443,0.11304347826086956,0.30345060893098785,0.711,21/66,21.02%,AQP3;SOD2;CA2;FOS;MMP14;CREG1;NFKBIA;RHOB;EPHX1;RAB27A;DLG4;CYB5R1;BMP2;MAOA;LYN;IL6;ARRB2;IRF1;BTG2;FURIN;FOSB
13,10,anal_pc5_c21_S1.filtered.gene_spectra_score.k_13.dt_0_01.txt,prerank,HALLMARK_WNT_BETA_CATENIN_SIGNALING,-0.454011595013469,-1.1916340706619162,0.2584541062801932,0.32882273342354534,0.76,5/15,15.92%,JAG2;CCND2;DLL1;JAG1;TCF7
13,10,anal_pc5_c21_S1.filtered.gene_spectra_score.k_13.dt_0_01.txt,prerank,HALLMARK_REACTIVE_OXYGEN_SPECIES_PATHWAY,-0.4143400920682496,-1.161198770907951,0.2724795640326976,0.35295444294091116,0.799,6/19,23.78%,SOD2;GCLC;CAT;LSP1;HHEX;IPCEF1
13,10,anal_pc5_c21_S1.filtered.gene_spectra_score.k_13.dt_0_01.txt,prerank,HALLMARK_PI3K_AKT_MTOR_SIGNALING,0.5615856837054852,1.1489139609619696,0.35278514588859416,0.6735889849795176,1.0,5/32,6.86%,CDK1;PIK3R3;HSP90B1;TIAM1;PPP2R1B
13,10,anal_pc5_c21_S1.filtered.gene_spectra_score.k_13.dt_0_01.txt,prerank,HALLMARK_APICAL_JUNCTION,-0.2889832054848174,-1.1356238269727785,0.1724137931034483,0.37753721244925575,0.839,28/101,18.98%,EVL;LAMB3;MPZL2;STX4;PLCG1;THBS3;WNK4;MMP2;FYB1;CLDN7;TRAF1;TGFBI;CLDN4;COL16A1;RAC2;ITGA3;PCDH1;ICAM5;PECAM1;SPEG;PPP2R2C;CDH1;CD209;ADAM23;JAM3;MYL9;PTPRC;NECTIN4
13,10,anal_pc5_c21_S1.filtered.gene_spectra_score.k_13.dt_0_01.txt,prerank,HALLMARK_ESTROGEN_RESPONSE_LATE,0.4920000683264415,1.1211486288615895,0.3473684210526316,0.669650533555859,1.0,14/106,9.32%,TOP2A;CDC20;KIF20A;NMU;DHRS2;HSPA4L;SCUBE2;TIAM1;SLC29A1;FARP1;IL17RB;TSPAN13;SLC1A4;MEST
13,10,anal_pc5_c21_S1.filtered.gene_spectra_score.k_13.dt_0_01.txt,prerank,HALLMARK_IL6_JAK_STAT3_SIGNALING,-0.3230797502215491,-1.104026958133129,0.28484848484848485,0.4132611637347768,0.881,23/53,28.72%,LTB;TLR2;IL2RG;ITGA4;A2M;TNFRSF21;SOCS3;IL1R2;OSMR;CSF1;CXCL10;TNFRSF1B;PIK3R5;MAP3K8;IL6;IRF1;CD14;IL1R1;CSF2RB;TNF;IL7;CXCL9;CXCL13
13,10,anal_pc5_c21_S1.filtered.gene_spectra_score.k_13.dt_0_01.txt,prerank,HALLMARK_APOPTOSIS,0.49533703361040393,1.1013999003340629,0.3770856507230256,0.6466545289030496,1.0,4/79,2.46%,TOP2A;HMGB2;CDC25B;PMAIP1
13,10,anal_pc5_c21_S1.filtered.gene_spectra_score.k_13.dt_0_01.txt,prerank,HALLMARK_ESTROGEN_RESPONSE_EARLY,-0.26317806724050574,-1.0950457234362578,0.18604651162790697,0.40672723757974094,0.891,31/118,15.64%,KRT15;KRT19;AQP3;RAPGEFL1;FCMR;DHRS3;PRSS23;SLC2A1;SLC26A2;FOS;FLNB;GJA1;KLK10;UGCG;MUC1;TFF3;MLPH;TJP3;CLDN7;ELF3;XBP1;P2RY2;KAZN;AKAP1;LAD1;RARA;CA12;THSD4;SVIL;KRT13;TFAP2C
13,10,anal_pc5_c21_S1.filtered.gene_spectra_score.k_13.dt_0_01.txt,prerank,HALLMARK_EPITHELIAL_MESENCHYMAL_TRANSITION,-0.24744729447983757,-1.085726303958947,0.25,0.4026325501291672,0.897,46/164,20.34%,GPC1;THBS2;SAT1;MMP14;GJA1;WIPF1;COL6A2;FUCA1;LRP1;COL3A1;PVR;RHOB;PLAUR;MMP2;QSOX1;IL32;DAB2;COL1A2;ACTA2;LUM;TGFBI;LAMC1;COL1A1;SPARC;COL16A1;COL6A3;SDC4;PDGFRB;SERPINE1;GLIPR1;MATN2;IGFBP3;NT5E;TAGLN;ITGB5;ITGA5;THBS1;TNFAIP3;WNT5A;DCN;FLNA;MYL9;CXCL8;TIMP1;IL6;COL5A3
13,10,anal_pc5_c21_S1.filtered.gene_spectra_score.k_13.dt_0_01.txt,prerank,HALLMARK_PEROXISOME,0.545539077257726,1.0809642210628556,0.43119266055045874,0.6314395663508089,1.0,1/32,0.04%,TOP2A
13,10,anal_pc5_c21_S1.filtered.gene_spectra_score.k_13.dt_0_01.txt,prerank,HALLMARK_CHOLESTEROL_HOMEOSTASIS,0.48703837158596547,0.9865550296834817,0.5480153649167734,0.7619101805492339,1.0,16/35,14.12%,LDLR;FADS2;STARD4;MVK;ACAT2;HMGCR;ATF3;MVD;HMGCS1;TNFRSF12A;ATF5;NIBAN1;ERRFI1;NFIL3;ALCAM;FDPS
13,10,anal_pc5_c21_S1.filtered.gene_spectra_score.k_13.dt_0_01.txt,prerank,HALLMARK_UV_RESPONSE_DN,-0.2658501932740759,-0.973085874623185,0.5,0.5870447726069306,0.968,19/69,13.14%,TGFBR2;KCNMA1;GJA1;CELF2;DUSP1;MGLL;COL3A1;CITED2;DAB2;ERBB2;COL1A2;LAMC1;COL1A1;IGFBP5;LPAR1;ICA1;PDGFRB;SERPINE1;PLPP3
13,10,anal_pc5_c21_S1.filtered.gene_spectra_score.k_13.dt_0_01.txt,prerank,HALLMARK_APICAL_SURFACE,-0.3226372325997082,-0.9716601800528096,0.5298245614035088,0.5657983761840325,0.968,5/27,7.56%,LYPD3;GSTM3;SULF2;IL2RG;PLAUR
13,10,anal_pc5_c21_S1.filtered.gene_spectra_score.k_13.dt_0_01.txt,prerank,HALLMARK_FATTY_ACID_METABOLISM,-0.27564466169396873,-0.9666369841968133,0.5294117647058824,0.5538836265223275,0.971,8/44,8.04%,ALDH3A1;CA2;GLUL;UGDH;MGLL;ACSS1;ALDH1A1;EPHX1
13,10,anal_pc5_c21_S1.filtered.gene_spectra_score.k_13.dt_0_01.txt,prerank,HALLMARK_BILE_ACID_METABOLISM,-0.25871045230416656,-0.8395634219124506,0.7489177489177489,0.7613198709274488,0.997,12/37,20.76%,TFCP2L1;ABCA2;ABCA1;ALDH1A1;SULT1B1;CYP7B1;CAT;PFKM;BMP6;ABCD2;ABCA8;ABCA6
13,10,anal_pc5_c21_S1.filtered.gene_spectra_score.k_13.dt_0_01.txt,prerank,HALLMARK_ANGIOGENESIS,-0.2657532609630525,-0.8390143135806861,0.6925675675675675,0.734476018643813,0.997,6/29,9.86%,JAG2;CCND2;COL3A1;TNFRSF21;LUM;JAG1
13,10,anal_pc5_c21_S1.filtered.gene_spectra_score.k_13.dt_0_01.txt,prerank,HALLMARK_HEDGEHOG_SIGNALING,0.4396461915921597,0.8318614593522715,0.6480891719745223,0.9441896292146634,1.0,4/17,11.80%,CRMP1;DPYSL2;HEY1;NRCAM
13,10,anal_pc5_c21_S1.filtered.gene_spectra_score.k_13.dt_0_01.txt,prerank,HALLMARK_ADIPOGENESIS,0.3882538932683318,0.8302734213025782,0.7282741738066095,0.8788282723193966,1.0,5/51,6.80%,CDKN2C;CCNG2;LIPE;PIM3;UCP2
13,10,anal_pc5_c21_S1.filtered.gene_spectra_score.k_13.dt_0_01.txt,prerank,HALLMARK_TGF_BETA_SIGNALING,0.31921230844301923,0.6288100245645539,0.8140845070422535,1.0,1.0,5/24,13.70%,TGIF1;WWTR1;TGFBR1;SLC20A1;CDKN1C
13,10,anal_pc5_c21_S1.filtered.gene_spectra_score.k_13.dt_0_01.txt,prerank,HALLMARK_MYOGENESIS,0.2693871419921421,0.6126888858444176,0.9312169312169312,0.9608557123350022,1.0,16/112,12.16%,NAV2;PVALB;TNNT1;SMTN;EPHB3;ADAM12;TNNT3;CNN3;TEAD4;WWTR1;ENO3;COL4A2;MYOM2;EFS;CASQ2;ITGB4
13,10,anal_pc5_c21_S1.filtered.gene_spectra_score.k_13.dt_0_01.txt,prerank,HALLMARK_UNFOLDED_PROTEIN_RESPONSE,0.284557230230073,0.5609746513527646,0.8728323699421965,0.9371602988031809,1.0,5/23,11.44%,HSP90B1;ATF3;TUBB2A;SLC1A4;SLC7A5
13,11,anal_pc5_c21_S1.filtered.gene_spectra_score.k_13.dt_0_01.txt,prerank,HALLMARK_E2F_TARGETS,-0.6527461672343637,-2.7886569315745633,0.0,0.0,0.0,46/54,26.72%,HELLS;TFRC;LMNB1;EZH2;MCM4;MCM2;CDK1;CENPM;TOP2A;POLE;CDKN2A;KIF22;PTTG1;MCM6;HMGB2;LIG1;MKI67;CDKN2C;TACC3;CDKN1A;MYBL2;NCAPD2;TK1;RRM2;CIT;SMC4;CDC20;TCF19;KIF18B;ANP32E;ESPL1;BIRC5;HMMR;CCNB2;MYC;AURKB;SPAG5;PRDX4;DLGAP5;CKS2;ORC6;SPC25;KIF4A;PLK1;KIF2C;CDCA3
13,11,anal_pc5_c21_S1.filtered.gene_spectra_score.k_13.dt_0_01.txt,prerank,HALLMARK_G2M_CHECKPOINT,-0.5283786182067742,-2.082487282500628,0.0,0.0,0.0,49/68,26.82%,LMNB1;EZH2;MCM2;CDK1;NUSAP1;SMAD3;TOP2A;POLE;KIF22;PTTG1;MCM6;ODC1;MKI67;SLC12A2;CDKN2C;TACC3;TPX2;MYBL2;INCENP;KIF11;NDC80;SMC4;CDC20;E2F1;MEIS1;TROAP;KIF20B;CENPF;KIF23;FBXO5;PRC1;ESPL1;BIRC5;CDC45;HMMR;CCNB2;MYC;AURKB;TTK;BUB1;CKS2;ORC6;ATF5;RAD54L;KIF4A;PLK1;KIF2C;POLQ;MT2A
13,11,anal_pc5_c21_S1.filtered.gene_spectra_score.k_13.dt_0_01.txt,prerank,HALLMARK_MTORC1_SIGNALING,-0.37821669880903336,-1.4878199260026232,0.0,0.11453974895397491,0.08244994110718493,31/72,20.52%,GCLC;CORO1A;TFRC;MCM4;NUPR1;TXNRD1;MCM2;SLC2A1;IFI30;CXCR4;XBP1;PHGDH;ITGB2;SYTL2;IGFBP5;BTG2;PDK1;SLC7A11;ME1;CDKN1A;RRM2;SLA;HK2;ERO1A;CTSC;GLRX;FADS2;HMGCS1;LGMN;DAPP1;NIBAN1
13,11,anal_pc5_c21_S1.filtered.gene_spectra_score.k_13.dt_0_01.txt,prerank,HALLMARK_COAGULATION,0.6988751150819841,1.4715475288271573,0.0,0.25280364949629347,0.263,24/79,14.68%,VWF;PECAM1;THBD;CRIP2;RAPGEF3;CLU;CFI;TIMP3;PDGFB;FBN1;SPARC;PRSS23;SERPINE1;A2M;HTRA1;ITGB3;DUSP6;CFH;SERPING1;FN1;THBS1;GSN;TIMP1;SERPINC1
13,11,anal_pc5_c21_S1.filtered.gene_spectra_score.k_13.dt_0_01.txt,prerank,HALLMARK_APICAL_JUNCTION,0.6807876171928227,1.4333585296547628,0.001004016064257028,0.22827171640372554,0.429,23/101,9.80%,CLDN5;VWF;PECAM1;CD34;ADAM15;SHC1;ITGA9;MAPK11;PCDH1;FBN1;TJP1;ICAM2;ICAM1;TSPAN4;ITGB4;FLNC;PIK3R3;CLDN11;JAM3;CERCAM;SIRPA;MPZL2;CX3CL1
13,11,anal_pc5_c21_S1.filtered.gene_spectra_score.k_13.dt_0_01.txt,prerank,HALLMARK_ADIPOGENESIS,0.6909124330073139,1.419983376608744,0.014583333333333334,0.18322720648799343,0.492,14/51,9.72%,ENPP2;SPARCL1;LIFR;COL15A1;FZD4;COL4A1;SNCG;CAVIN1;CAVIN2;LAMA4;CD36;PHLDB1;FABP4;PIM3
13,11,anal_pc5_c21_S1.filtered.gene_spectra_score.k_13.dt_0_01.txt,prerank,HALLMARK_TGF_BETA_SIGNALING,0.7177481514429311,1.405970318708485,0.04147982062780269,0.17151563390990307,0.57,11/24,16.48%,ENG;SMAD6;ID1;TJP1;SERPINE1;SMAD1;ID3;THBS1;WWTR1;SMAD7;PPP1R15A
13,11,anal_pc5_c21_S1.filtered.gene_spectra_score.k_13.dt_0_01.txt,prerank,HALLMARK_PEROXISOME,-0.38341634820423015,-1.3496385548535403,0.0989010989010989,0.20240585774058578,0.18492343934040048,14/32,23.02%,ABCC5;HSD11B2;TOP2A;DHRS3;ALDH1A1;CEL;ACSL5;ACOX1;CAT;SEMA3C;ACSL1;NR1I2;CADM1;CRABP2
13,11,anal_pc5_c21_S1.filtered.gene_spectra_score.k_13.dt_0_01.txt,prerank,HALLMARK_UV_RESPONSE_DN,0.6442779700955333,1.3407898110596834,0.03654822335025381,0.32565101691693593,0.86,24/69,13.02%,TGFBR2;CAV1;PTPRM;KALRN;NRP1;ID1;TJP1;TFPI;PLPP3;SERPINE1;PIK3R3;EFEMP1;DUSP1;MET;NFIB;DLC1;ITGB3;PLCB4;LAMC1;SYNE1;ADGRL2;ICA1;PDLIM5;DAB2
13,11,anal_pc5_c21_S1.filtered.gene_spectra_score.k_13.dt_0_01.txt,prerank,HALLMARK_KRAS_SIGNALING_UP,0.6321959301825818,1.3369757189386793,0.005005005005005005,0.2832953177469429,0.871,34/131,13.48%,PLVAP;PECAM1;ENG;ADGRL4;TMEM100;IL33;FLT4;SPARCL1;GNG11;ACE;RELN;NRP1;TSPAN7;TFPI;ALDH1A2;ADGRA2;EMP1;CPE;GUCY1A1;IGFBP3;MPZL2;CMKLR1;DUSP6;EPB41L3;AKAP12;CFH;TPH1;PTGS2;ABCB1;TRIB2;SCN1B;RGS16;INHBA;LY96
13,11,anal_pc5_c21_S1.filtered.gene_spectra_score.k_13.dt_0_01.txt,prerank,HALLMARK_GLYCOLYSIS,-0.3226756567210542,-1.3271410963568968,0.05,0.18169456066945608,0.20141342756183744,24/67,20.22%,DCN;ELF3;GPC1;GCLC;TGFBI;COL5A1;CDK1;CXCR4;GPC3;VCAN;DSC2;B3GNT3;ME1;CHPF;QSOX1;ISG20;HK2;ERO1A;GLRX;TFF3;VEGFA;SDC2;HMMR;CITED2
13,11,anal_pc5_c21_S1.filtered.gene_spectra_score.k_13.dt_0_01.txt,prerank,HALLMARK_ANGIOGENESIS,0.6555021015349534,1.3133113736064765,0.11894273127753303,0.31909332826458847,0.94,6/29,9.66%,SLCO2A1;THBD;JAG2;NRP1;JAG1;STC1
13,11,anal_pc5_c21_S1.filtered.gene_spectra_score.k_13.dt_0_01.txt,prerank,HALLMARK_HEDGEHOG_SIGNALING,0.690071686656113,1.301666349566135,0.18170878459687123,0.31912302794145603,0.961,6/17,14.30%,NRP1;NRP2;L1CAM;DPYSL2;CELSR1;HEY1
13,11,anal_pc5_c21_S1.filtered.gene_spectra_score.k_13.dt_0_01.txt,prerank,HALLMARK_INFLAMMATORY_RESPONSE,0.5751438142666899,1.2295574270319642,0.049,0.554486367188325,0.998,28/141,12.96%,APLNR;CALCRL;ITGA5;TACR1;SCARF1;ICAM1;EDN1;SERPINE1;SPHK1;PTAFR;IL1R1;MET;OSMR;VIP;SELE;GABBR1;AHR;ITGB3;CD55;PTPRE;CX3CL1;CMKLR1;NFKBIA;STAB1;SCN1B;RGS16;PDPN;INHBA
13,11,anal_pc5_c21_S1.filtered.gene_spectra_score.k_13.dt_0_01.txt,prerank,HALLMARK_SPERMATOGENESIS,0.5640702161245486,1.1452173106092374,0.33084311632870866,0.9288870937084205,1.0,4/36,6.50%,SHE;ACE;JAM3;GPR182
13,11,anal_pc5_c21_S1.filtered.gene_spectra_score.k_13.dt_0_01.txt,prerank,HALLMARK_IL6_JAK_STAT3_SIGNALING,0.5490290482863531,1.1446965408572067,0.29754601226993865,0.8470887836740337,1.0,9/53,9.22%,IL3RA;LEPR;CSF2RB;IL1R1;A2M;OSMR;SOCS3;CD36;ITGB3
13,11,anal_pc5_c21_S1.filtered.gene_spectra_score.k_13.dt_0_01.txt,prerank,HALLMARK_FATTY_ACID_METABOLISM,-0.3109395930531467,-1.1345573181845654,0.21739130434782608,0.38833682008368203,0.46054181389870436,16/44,17.36%,ALDH3A1;CA2;UGDH;MAOA;ACSS1;ALDH1A1;ODC1;ME1;FASN;CEL;ACAA2;ACSL5;ACAT2;EPHX1;ACOX1;HMGCS1
13,11,anal_pc5_c21_S1.filtered.gene_spectra_score.k_13.dt_0_01.txt,prerank,HALLMARK_MYOGENESIS,0.5297164294853859,1.124931806252046,0.26907630522088355,0.8737941931191788,1.0,24/112,15.32%,APLNR;CLU;GJA5;IGFBP7;COL15A1;MAPK12;PTP4A3;COL4A2;SPARC;ITGB4;SPHK1;CNN3;KIFC3;COX7A1;IGFBP3;CD36;TEAD4;PPP1R3C;PDLIM7;WWTR1;GSN;SORBS3;HSPB8;PTGIS
13,11,anal_pc5_c21_S1.filtered.gene_spectra_score.k_13.dt_0_01.txt,prerank,HALLMARK_WNT_BETA_CATENIN_SIGNALING,0.5775516811475422,1.0840581937215796,0.4227441285537701,1.0,1.0,8/15,22.74%,JAG2;JAG1;DLL1;HEY1;LEF1;FRAT1;CSNK1E;WNT6
13,11,anal_pc5_c21_S1.filtered.gene_spectra_score.k_13.dt_0_01.txt,prerank,HALLMARK_INTERFERON_ALPHA_RESPONSE,0.48167280490229036,1.009020681344221,0.5124223602484472,1.0,1.0,16/50,19.14%,IFITM3;IFITM2;IFI44L;IFI44;GBP4;TRIM25;IFI27;LAP3;TMEM140;HELZ2;NCOA7;DDX60;GMPR;PARP14;CMPK2;IFIT2
13,11,anal_pc5_c21_S1.filtered.gene_spectra_score.k_13.dt_0_01.txt,prerank,HALLMARK_EPITHELIAL_MESENCHYMAL_TRANSITION,0.4763000842385404,1.0023770326894343,0.524,1.0,1.0,50/164,19.52%,VEGFC;ITGA5;TIMP3;IGFBP4;CCN2;COL4A1;MGP;RHOB;FBLN2;COL4A2;FBN1;SPARC;NNMT;ELN;SERPINE1;FOXC2;CTHRC1;CXCL12;FAP;HTRA1;IGFBP3;ITGB3;LAMC1;BGN;CALD1;PTX3;LOXL2;SERPINH1;INHBA;DAB2;FN1;THBS1;TIMP1;SERPINE2;MSX1;TGM2;TGFBR3;PVR;FBLN5;GJA1;LRRC15;BMP1;ABI3BP;MATN2;LOX;ECM2;FSTL1;CCN1;CDH6;FGF2
13,11,anal_pc5_c21_S1.filtered.gene_spectra_score.k_13.dt_0_01.txt,prerank,HALLMARK_ALLOGRAFT_REJECTION,-0.34710654169423105,-1.0,1.0,0.5890615660490137,0.690223792697291,63/121,29.58%,ITGAL;CD79A;PTPN6;CTSS;IL2RG;IL16;CD2;ZAP70;FYB1;LTB;MAP4K1;ITGB2;CD96;PTPRC;PRKCB;CDKN2A;CD4;CD3E;IRF8;CCND2;HCLS1;CAPG;FAS;NCF4;CD3D;IRF4;LCK;SPI1;CD28;CD8A;LY75;SIT1;WAS;CCL5;IL12RB1;ITK;LCP2;CD247;FLNA;CCL11;IL2RB;C2;CCR5;CD7;CXCR3;IL2RA;CD3G;SOCS1;FCGR2B;STAT4;CD86;LY86;NOS2;CCL13;PRF1;CCL2;GPR65;GZMA;TNF;CD40LG;TRAT1;IL18;CCR2
13,11,anal_pc5_c21_S1.filtered.gene_spectra_score.k_13.dt_0_01.txt,prerank,HALLMARK_MITOTIC_SPINDLE,0.4546311165223899,0.9684141789637841,0.5926680244399185,1.0,1.0,15/77,14.22%,SYNPO;ARHGAP29;ARAP3;RAPGEF5;PXN;DOCK4;BCAR1;SORBS2;CDC42EP2;FSCN1;PDLIM5;MID1;ARHGEF2;GSN;NEDD9
13,11,anal_pc5_c21_S1.filtered.gene_spectra_score.k_13.dt_0_01.txt,prerank,HALLMARK_APICAL_SURFACE,0.4869091972305579,0.9680678647535602,0.5609480812641083,1.0,1.0,5/27,10.64%,EPHB4;SULF2;AFAP1L2;CX3CL1;EFNA5
13,11,anal_pc5_c21_S1.filtered.gene_spectra_score.k_13.dt_0_01.txt,prerank,HALLMARK_TNFA_SIGNALING_VIA_NFKB,0.45627465285473057,0.9673417219489514,0.605,1.0,1.0,47/150,24.62%,KLF2;RHOB;PLK2;ICAM1;PLPP3;EDN1;SERPINE1;SPHK1;DUSP1;JAG1;SOCS3;PTPRE;PTX3;EFNA1;KLF9;NFKBIA;CXCL2;NFAT5;PTGS2;MAP3K8;INHBA;PDLIM5;IER5;DUSP5;PPP1R15A;SLC2A3;DRAM1;FOS;PER1;HBEGF;IFIT2;CCN1;FOSB;FJX1;GADD45B;CCND1;IER3;TSC22D1;CSF1;OLR1;PMEPA1;SPSB1;NR4A1;IFIH1;TNFAIP2;TUBB2A;LDLR
13,11,anal_pc5_c21_S1.filtered.gene_spectra_score.k_13.dt_0_01.txt,prerank,HALLMARK_APOPTOSIS,0.4564015914002829,0.9631828533641467,0.6028368794326241,1.0,1.0,16/79,16.44%,CLU;TIMP3;CAV1;RHOB;IFITM3;EMP1;RARA;BGN;HGF;CDC25B;GSN;NEDD9;TIMP1;TGFBR3;LEF1;SMAD7
13,11,anal_pc5_c21_S1.filtered.gene_spectra_score.k_13.dt_0_01.txt,prerank,HALLMARK_UV_RESPONSE_UP,0.4441899883359418,0.9329354155049893,0.6289500509683996,1.0,1.0,9/66,12.30%,HYAL2;RHOB;ICAM1;FGF18;DLG4;OLFM1;NFKBIA;CXCL2;ABCB1
13,11,anal_pc5_c21_S1.filtered.gene_spectra_score.k_13.dt_0_01.txt,prerank,HALLMARK_ANDROGEN_RESPONSE,0.4470619459892288,0.9095431256422565,0.6613418530351438,1.0,1.0,9/41,13.28%,LIFR;ADAMTS1;ABCC4;GUCY1A1;PLPP1;STEAP4;AKAP12;PDLIM5;NDRG1
13,11,anal_pc5_c21_S1.filtered.gene_spectra_score.k_13.dt_0_01.txt,prerank,HALLMARK_REACTIVE_OXYGEN_SPECIES_PATHWAY,-0.3123467810918352,-0.8887493990298191,0.58125,0.7307792887029289,0.839811542991755,5/19,4.88%,LSP1;MGST1;GCLC;TXNRD1;FTL
13,11,anal_pc5_c21_S1.filtered.gene_spectra_score.k_13.dt_0_01.txt,prerank,HALLMARK_HEME_METABOLISM,0.4197672029209843,0.8770768825550469,0.7145833333333333,1.0,1.0,12/55,18.88%,ACKR1;LMO2;BCAM;SEC14L1;TNS1;MPP1;OSBP2;HBB;HBD;SNCA;AGPAT4;DMTN
13,11,anal_pc5_c21_S1.filtered.gene_spectra_score.k_13.dt_0_01.txt,prerank,HALLMARK_IL2_STAT5_SIGNALING,0.41379031037439096,0.8753889249836585,0.7843530591775326,1.0,1.0,22/127,16.20%,SHE;IL3RA;SELP;RHOB;NRP1;IFITM3;EMP1;PLPP1;ITGA6;AHR;SWAP70;GBP4;SPRY4;MAP3K8;ABCB1;RGS16;PRKCH;NDRG1;SERPINC1;SNX9;TGM2;SYT11
13,11,anal_pc5_c21_S1.filtered.gene_spectra_score.k_13.dt_0_01.txt,prerank,HALLMARK_INTERFERON_GAMMA_RESPONSE,0.4006889489931207,0.8521964150899293,0.8134403209628887,1.0,1.0,24/111,16.72%,SELP;ICAM1;IFITM3;CSF2RB;IFITM2;SOCS3;UPP1;IFI44L;IFI44;NOD1;CMKLR1;XAF1;GBP4;NFKBIA;TRIM25;CFH;PTGS2;SERPING1;IFI27;LAP3;IFIT1;HELZ2;DDX60;IL18BP
13,11,anal_pc5_c21_S1.filtered.gene_spectra_score.k_13.dt_0_01.txt,prerank,HALLMARK_COMPLEMENT,0.39947394738461844,0.8404115639527412,0.8476953907815631,1.0,1.0,21/122,14.68%,CLU;DOCK9;PDGFB;COL4A2;DOCK4;SERPINE1;CASP10;CD36;PRCP;CD55;DUSP6;ZEB1;SH2B3;CFH;LTF;SERPING1;FN1;LAP3;DUSP5;TIMP1;SERPINC1
13,11,anal_pc5_c21_S1.filtered.gene_spectra_score.k_13.dt_0_01.txt,prerank,HALLMARK_HYPOXIA,0.37531119955933606,0.7888389805293348,0.877,1.0,1.0,30/111,20.48%,CAV1;CCN2;CAVIN1;PDGFB;SERPINE1;DUSP1;IGFBP3;STC1;CAVIN3;BGN;EFNA1;PPP1R3C;AKAP12;SCARB1;NDRG1;ADM;ETS1;TGM2;HS3ST1;PPP1R15A;SDC3;SLC2A3;FOS;LOX;ANGPTL4;PGF;CCN1;CCN5;PFKP;TGFB3
13,11,anal_pc5_c21_S1.filtered.gene_spectra_score.k_13.dt_0_01.txt,prerank,HALLMARK_UNFOLDED_PROTEIN_RESPONSE,0.40048586623408466,0.7702365539242583,0.7896551724137931,1.0,1.0,1/23,2.10%,SHC1
13,11,anal_pc5_c21_S1.filtered.gene_spectra_score.k_13.dt_0_01.txt,prerank,HALLMARK_DNA_REPAIR,-0.24257116427628164,-0.7674892368571259,0.8188976377952756,0.8368200836820083,0.9399293286219081,5/22,11.08%,TYMS;AK1;ZWINT;HCLS1;LIG1
13,11,anal_pc5_c21_S1.filtered.gene_spectra_score.k_13.dt_0_01.txt,prerank,HALLMARK_CHOLESTEROL_HOMEOSTASIS,0.3670607246707857,0.7399438002439961,0.827922077922078,1.0,1.0,2/35,7.90%,CLU;JAG1
13,11,anal_pc5_c21_S1.filtered.gene_spectra_score.k_13.dt_0_01.txt,prerank,HALLMARK_XENOBIOTIC_METABOLISM,0.33879816207868574,0.7197828276858256,0.8831822759315207,1.0,1.0,8/80,8.58%,IGFBP4;ATOH8;SERPINE1;BCAR1;IL1R1;BCAT1;CD36;UPP1
13,11,anal_pc5_c21_S1.filtered.gene_spectra_score.k_13.dt_0_01.txt,prerank,HALLMARK_ESTROGEN_RESPONSE_EARLY,0.33876597848579093,0.7159009869749747,0.9468937875751503,1.0,1.0,23/118,18.12%,PODXL;IGFBP4;PRSS23;CXCL12;OLFM1;RARA;MPPED2;SH3BP5;DLC1;FOXC1;ABCA3;KLK10;INHBB;SCARB1;MAST4;CELSR1;HSPB8;TGM2;PLAAT3;FLNB;GJA1;FOS;CBFA2T3
13,11,anal_pc5_c21_S1.filtered.gene_spectra_score.k_13.dt_0_01.txt,prerank,HALLMARK_P53_PATHWAY,0.3278990808271789,0.6887609717023837,0.9216867469879518,1.0,1.0,18/89,17.84%,TM4SF1;JAG2;PLK2;ITGB4;SPHK1;UPP1;ZBTB16;PITPNC1;PTPRE;INHBB;RGS16;NDRG1;IER5;TCN2;PPP1R15A;DRAM1;FOS;EPHA2
13,11,anal_pc5_c21_S1.filtered.gene_spectra_score.k_13.dt_0_01.txt,prerank,HALLMARK_KRAS_SIGNALING_DN,0.2992215695622988,0.6312416840200639,0.9466800804828974,1.0,1.0,11/78,16.80%,SYNPO;EDN1;IFI44L;ZBTB16;PNMT;RGS11;RYR2;CLSTN3;ABCG4;SNCB;SOX10
13,11,anal_pc5_c21_S1.filtered.gene_spectra_score.k_13.dt_0_01.txt,prerank,HALLMARK_ESTROGEN_RESPONSE_LATE,0.27909723918004004,0.5915254767596291,0.9779338014042126,1.0,1.0,12/106,12.16%,CAV1;IGFBP4;PRSS23;SLC29A1;CPE;CXCL12;OLFM1;FOXC1;ABCA3;KLK10;SCARB1;LTF
13,11,anal_pc5_c21_S1.filtered.gene_spectra_score.k_13.dt_0_01.txt,prerank,HALLMARK_PI3K_AKT_MTOR_SIGNALING,0.28283239825694884,0.5795010109372531,0.9263736263736264,0.9882480125675056,1.0,6/32,16.28%,PLCB1;PIK3R3;NOD1;GNA14;PLCG1;ITPR2
13,11,anal_pc5_c21_S1.filtered.gene_spectra_score.k_13.dt_0_01.txt,prerank,HALLMARK_BILE_ACID_METABOLISM,0.2675094095762442,0.5416226111802545,0.9463519313304721,0.9723199011594754,1.0,3/37,9.30%,ABCA4;SLC29A1;ABCA3
13,12,anal_pc5_c21_S1.filtered.gene_spectra_score.k_13.dt_0_01.txt,prerank,HALLMARK_E2F_TARGETS,-0.6075114216148758,-2.39886497543168,0.0,0.0,0.0,45/54,34.20%,HELLS;EZH2;LMNB1;TFRC;CDK1;SMC4;MCM2;MCM4;CENPM;MKI67;TK1;CDKN2A;MYC;MYBL2;CKS2;RRM2;LIG1;KIF22;MCM6;TOP2A;TACC3;PLK1;CCNB2;POLE;CIT;ORC6;NCAPD2;CDKN1A;HMGB2;SPAG5;BIRC5;KIF18B;CDC25B;DLGAP5;MELK;AURKA;CDCA3;SPC25;CDKN2C;PTTG1;CENPE;AURKB;ESPL1;TCF19;KPNA2
13,12,anal_pc5_c21_S1.filtered.gene_spectra_score.k_13.dt_0_01.txt,prerank,HALLMARK_INTERFERON_GAMMA_RESPONSE,-0.5181986309171269,-2.3539311129377625,0.0,0.0,0.0,62/111,24.80%,TNFSF10;ST8SIA4;RNF213;CIITA;IFI44;ITGB7;IRF7;CD74;NLRC5;CCL2;PARP14;OAS2;PTPN6;IL10RA;MX1;TNFAIP2;IRF8;SELP;IRF1;LAP3;ISG20;TRIM14;MX2;BANK1;SP110;RAPGEF6;ZBP1;IFI30;TRIM25;SLAMF7;SAMHD1;CD40;IRF4;HERC6;PSMB9;STAT1;IL2RB;OAS3;GBP6;UBE2L6;IFI44L;HELZ2;SOCS3;NFKBIA;CDKN1A;CCL5;CASP8;TNFAIP3;LCP2;STAT4;CSF2RB;SAMD9L;ICAM1;PNP;CD69;XAF1;IFI27;NOD1;DDX60;GZMA;KLRK1;CMPK2
13,12,anal_pc5_c21_S1.filtered.gene_spectra_score.k_13.dt_0_01.txt,prerank,HALLMARK_MYOGENESIS,0.8227909307922793,1.9585969364758766,0.0,0.0,0.0,40/112,6.96%,TAGLN;DES;TPM2;MYLK;MYH11;SMTN;SORBS1;PDLIM7;FHL1;SPEG;LDB3;ITGA7;COL4A2;COL6A2;AEBP1;DTNA;HSPB8;CACNA1H;CASQ2;SGCA;IGFBP7;GNAO1;PTGIS;MYOM1;DMD;COL6A3;PYGM;SPARC;COX7A1;COL1A1;SVIL;KCNH2;KIFC3;PPP1R3C;CRYAB;HRC;FABP3;COL3A1;SGCD;NCAM1
13,12,anal_pc5_c21_S1.filtered.gene_spectra_score.k_13.dt_0_01.txt,prerank,HALLMARK_PI3K_AKT_MTOR_SIGNALING,-0.5474770196145439,-1.8676727373267197,0.007692307692307693,0.007956566507535335,0.0051440329218107,21/32,32.24%,IL2RG;SLC2A1;CDK1;VAV3;E2F1;HSP90B1;PDK1;CXCR4;LCK;SLA;MAPK10;CDKN1A;NOD1;PIK3R3;PRKCB;ITPR2;TIAM1;PLCG1;CAMK4;DAPP1;FASLG
13,12,anal_pc5_c21_S1.filtered.gene_spectra_score.k_13.dt_0_01.txt,prerank,HALLMARK_EPITHELIAL_MESENCHYMAL_TRANSITION,0.7589594541340158,1.81937964173392,0.0,0.00033383614827270705,0.001,47/164,8.08%,MYL9;TAGLN;ACTA2;TPM2;MYLK;TPM1;FLNA;GREM1;CALD1;COL4A2;COL6A2;TGM2;TNC;MFAP5;COL12A1;COL4A1;COL16A1;FN1;BGN;CCN1;COL6A3;SPARC;CCN2;COL1A1;ITGB3;COL5A2;PDGFRB;NTM;RHOB;TGFBR3;FSTL1;LAMC1;GEM;COL1A2;THBS1;COL3A1;SGCD;COL5A1;PMP22;EFEMP2;NNMT;CDH6;ECM2;NID2;THY1;ELN;INHBA
13,12,anal_pc5_c21_S1.filtered.gene_spectra_score.k_13.dt_0_01.txt,prerank,HALLMARK_INTERFERON_ALPHA_RESPONSE,-0.4730259888609254,-1.7998255470305486,0.0,0.014321819713563605,0.012345679012345678,27/50,26.20%,IFI44;IRF7;CD74;LPAR6;PARP14;MX1;SELL;IRF1;LAP3;ISG20;NCOA7;TRIM14;SP110;IFI30;TRIM25;OAS1;HERC6;PSMB9;UBE2L6;IFI44L;HELZ2;CASP8;SAMD9L;IFI27;DDX60;CMPK2;EPSTI1
13,12,anal_pc5_c21_S1.filtered.gene_spectra_score.k_13.dt_0_01.txt,prerank,HALLMARK_ADIPOGENESIS,0.7337122281642623,1.689539447529827,0.001091703056768559,0.007121837829817751,0.031,13/51,6.86%,MYLK;SORBS1;ITGA7;HSPB8;COL4A1;ITIH5;CAVIN1;PTGER3;SPARCL1;LAMA4;SNCG;PHLDB1;CAVIN2
13,12,anal_pc5_c21_S1.filtered.gene_spectra_score.k_13.dt_0_01.txt,prerank,HALLMARK_ALLOGRAFT_REJECTION,-0.331320075685058,-1.5709543475754177,0.0,0.07638303847233922,0.07921810699588477,61/121,26.24%,CCL11;ST8SIA4;IL2RG;ITGAL;CTSS;CCL13;PTPRC;CD2;LTB;IRF7;CD74;IL16;CCL2;CD79A;CD96;STAB1;ZAP70;PTPN6;IRF8;CDKN2A;ITGB2;NCF4;CD3E;FYB1;ITK;CD3D;LCK;TLR6;CD40;IL12RB1;IRF4;CD247;HCLS1;ETS1;CCND3;MAP4K1;FGR;STAT1;IL2RB;CD28;CCL5;CCR5;CD4;LCP2;IL11;STAT4;CD8A;ICAM1;TLR1;NOS2;SIT1;SRGN;PRKCB;CD7;SPI1;GZMA;CD1D;PRF1;IL2RA;LY75;TRAT1
13,12,anal_pc5_c21_S1.filtered.gene_spectra_score.k_13.dt_0_01.txt,prerank,HALLMARK_P53_PATHWAY,-0.3462473439618926,-1.563181156712089,0.0,0.06683515866329683,0.08333333333333333,30/89,16.84%,ITGB4;DGKA;CLCA2;ABCC5;SAT1;EPHX1;TRAF4;TP63;SERPINB5;DDIT4;SPHK1;KLF4;DEF6;JAG2;AK1;GPX2;EPHA2;KRT17;SLC7A11;CDKN2A;BTG2;PTPRE;FUCA1;IFI30;EPS8L2;PITPNC1;CCND3;CTSD;GM2A;CYFIP2
13,12,anal_pc5_c21_S1.filtered.gene_spectra_score.k_13.dt_0_01.txt,prerank,HALLMARK_REACTIVE_OXYGEN_SPECIES_PATHWAY,-0.5301242971978024,-1.5421526474622764,0.034482758620689655,0.06888113290809163,0.09979423868312758,9/19,26.50%,GCLC;MGST1;LSP1;NQO1;TXNRD1;GPX3;FTL;IPCEF1;HHEX
13,12,anal_pc5_c21_S1.filtered.gene_spectra_score.k_13.dt_0_01.txt,prerank,HALLMARK_UV_RESPONSE_DN,0.6577837521612628,1.5296744907309663,0.004214963119072708,0.08596280818022206,0.378,25/69,10.98%,RBPMS;IGFBP5;KCNMA1;LTBP1;CAV1;CCN1;COL1A1;ITGB3;COL5A2;DLC1;PDGFRB;TGFBR3;KALRN;LAMC1;COL1A2;MAP1B;COL3A1;PMP22;PRKAR2B;FHL2;SDC2;KIT;INPP4B;COL11A1;RGS4
13,12,anal_pc5_c21_S1.filtered.gene_spectra_score.k_13.dt_0_01.txt,prerank,HALLMARK_APICAL_JUNCTION,0.6204815957797173,1.488506232076897,0.007164790174002047,0.11777739311061106,0.542,19/101,8.48%,MYL9;ACTG2;SPEG;FLNC;NEXN;COL16A1;SDC3;NFASC;ITGA9;CADM3;KCNH2;JAM3;NEGR1;AMIGO2;ADRA1B;CDH6;NLGN2;THY1;MAP3K20
13,12,anal_pc5_c21_S1.filtered.gene_spectra_score.k_13.dt_0_01.txt,prerank,HALLMARK_UNFOLDED_PROTEIN_RESPONSE,-0.45219272581019065,-1.415546232852218,0.09178743961352658,0.1330735748385285,0.205761316872428,17/23,29.80%,DDIT4;CCL2;SLC1A4;HERPUD1;HSP90B1;VEGFA;NABP1;SHC1;HSPA5;ERO1A;CEBPB;XBP1;DNAJA4;ERN1;DNAJB9;SLC7A5;PSAT1
13,12,anal_pc5_c21_S1.filtered.gene_spectra_score.k_13.dt_0_01.txt,prerank,HALLMARK_MTORC1_SIGNALING,-0.32453362458983886,-1.3707639533769167,0.02564102564102564,0.1532965147118475,0.2623456790123457,34/72,25.68%,CORO1A;GCLC;CTSC;DDIT4;SLC2A1;TFRC;MCM2;MCM4;SLC7A11;SLC1A4;BTG2;ITGB2;SLC6A6;HMGCR;TXNRD1;HSP90B1;PDK1;IFI30;CXCR4;TUBA4A;RRM2;SLA;LGMN;PLK1;CDKN1A;NFIL3;HSPA5;ERO1A;PNP;SCD;PIK3R3;XBP1;ELOVL5;SDF2L1
13,12,anal_pc5_c21_S1.filtered.gene_spectra_score.k_13.dt_0_01.txt,prerank,HALLMARK_G2M_CHECKPOINT,-0.32811962208020223,-1.3204847056732516,0.05357142857142857,0.1842740803145184,0.33024691358024694,51/68,34.20%,EZH2;LMNB1;CDK1;SMC4;SLC7A1;MCM2;SMAD3;E2F1;NUSAP1;MKI67;NDC80;MYC;MYBL2;ODC1;TROAP;SLC12A2;CKS2;KIF23;KIF22;CDC45;PRC1;MCM6;KIF11;TOP2A;TACC3;TPX2;RAD54L;PLK1;CCNB2;POLE;ORC6;INCENP;BIRC5;POLQ;UBE2C;KIF15;CDC25B;SNRPD1;SLC7A5;EXO1;AURKA;CDKN2C;PTTG1;CCNF;FBXO5;CENPE;FANCC;AURKB;ESPL1;CCND1;KPNA2
13,12,anal_pc5_c21_S1.filtered.gene_spectra_score.k_13.dt_0_01.txt,prerank,HALLMARK_DNA_REPAIR,-0.4090735866524635,-1.2854688163383845,0.16521739130434782,0.1952975415485946,0.3724279835390947,14/22,35.92%,AK1;TYMS;ZWINT;POLA1;LIG1;HCLS1;VPS37B;ARL6IP1;PNP;CMPK2;NT5C3A;CDA;SNAPC4;BCAM
13,12,anal_pc5_c21_S1.filtered.gene_spectra_score.k_13.dt_0_01.txt,prerank,HALLMARK_HYPOXIA,0.5248613272691793,1.2516969364731132,0.13705583756345177,0.7434531022033186,0.998,18/111,10.42%,TGM2;DTNA;CAV1;BGN;CAVIN1;SDC3;AKAP12;CAVIN3;CCN1;PYGM;CCN2;PPP1R3C;S100A4;COL5A1;SDC2;SRPX;TGFB3;PGAM2
13,12,anal_pc5_c21_S1.filtered.gene_spectra_score.k_13.dt_0_01.txt,prerank,HALLMARK_PEROXISOME,-0.3696346014111559,-1.2479771468509069,0.18604651162790697,0.2180099223064682,0.43415637860082307,12/32,28.76%,ABCC5;ACSL5;HSD11B2;ALDH1A1;TOP2A;CRABP2;FDPS;HSD17B11;ELOVL5;CEL;NR1I2;DHRS3
13,12,anal_pc5_c21_S1.filtered.gene_spectra_score.k_13.dt_0_01.txt,prerank,HALLMARK_COAGULATION,0.5219106455165188,1.2314097324668163,0.17916666666666667,0.7188922998661124,0.999,18/79,15.36%,CSRP1;FN1;SPARC;ITGB3;THBS1;CPQ;A2M;C1S;SERPING1;CLU;TIMP3;CRIP2;GSN;MMP11;HTRA1;F10;CFB;F2RL2
13,12,anal_pc5_c21_S1.filtered.gene_spectra_score.k_13.dt_0_01.txt,prerank,HALLMARK_XENOBIOTIC_METABOLISM,-0.28160063581777706,-1.2077447625670124,0.034482758620689655,0.23355582917503728,0.48045267489711935,15/80,10.58%,APOE;ALDH3A1;GCLC;AKR1C2;EPHX1;AKR1C3;ABCC3;UGDH;MAOA;EPHA2;NQO1;CA2;IRF8;SLC6A6;PTGR1
13,12,anal_pc5_c21_S1.filtered.gene_spectra_score.k_13.dt_0_01.txt,prerank,HALLMARK_KRAS_SIGNALING_DN,0.4460556637240678,1.0699295351353564,0.3993839835728953,1.0,1.0,8/78,6.66%,KCNMB1;ZBTB16;ITIH3;RYR2;RGS11;GDNF;SYNPO;SOX10
13,12,anal_pc5_c21_S1.filtered.gene_spectra_score.k_13.dt_0_01.txt,prerank,HALLMARK_INFLAMMATORY_RESPONSE,-0.21166554395567683,-1.0398210704737694,0.4,0.4559112608817748,0.7417695473251029,42/141,23.88%,TNFSF10;SPHK1;IRF7;SLC7A1;CCL2;TNFRSF1B;STAB1;IL10RA;BTG2;CYBB;SELL;MYC;IRF1;CALCRL;SLAMF1;GPC3;PTPRE;PTGER4;IL7R;LCK;CD40;GPR183;APLNR;RASGRP1;SEMA4D;PIK3R5;GPR132;HAS2;PLAUR;IL2RB;NFKBIA;CDKN1A;CCL5;CXCR6;LCP2;ICAM1;TLR1;P2RY2;CD69;CCR7;SLC4A4;SLC31A2
13,12,anal_pc5_c21_S1.filtered.gene_spectra_score.k_13.dt_0_01.txt,prerank,HALLMARK_TGF_BETA_SIGNALING,-0.32833367860411744,-1.0328201624476463,0.41847826086956524,0.43920247121595063,0.7479423868312757,7/24,13.50%,CDH1;ID1;SMAD3;SLC20A1;ID3;TGIF1;ENG
13,12,anal_pc5_c21_S1.filtered.gene_spectra_score.k_13.dt_0_01.txt,prerank,HALLMARK_WNT_BETA_CATENIN_SIGNALING,0.5228198698516429,1.0220592813375067,0.46573426573426574,1.0,1.0,1/15,1.26%,NKD1
13,12,anal_pc5_c21_S1.filtered.gene_spectra_score.k_13.dt_0_01.txt,prerank,HALLMARK_ANGIOGENESIS,0.47295224941149855,1.0195112596057347,0.4569377990430622,1.0,1.0,10/29,17.42%,COL5A2;FSTL1;COL3A1;S100A4;KCNJ8;POSTN;LPL;PDGFA;JAG1;VAV2
13,12,anal_pc5_c21_S1.filtered.gene_spectra_score.k_13.dt_0_01.txt,prerank,HALLMARK_APOPTOSIS,0.4128352005365553,0.9876135934802579,0.5260960334029228,1.0,1.0,11/79,11.32%,CAV1;BGN;TIMP2;AVPR1A;PDGFRB;RHOB;TGFBR3;PLPPR4;CLU;TIMP3;GSN
13,12,anal_pc5_c21_S1.filtered.gene_spectra_score.k_13.dt_0_01.txt,prerank,HALLMARK_FATTY_ACID_METABOLISM,-0.2743726336732256,-0.9867788661992019,0.4742268041237113,0.4961913788261724,0.8168724279835391,10/44,12.66%,ALDH3A1;ACSL5;EPHX1;ALDH1A1;UGDH;MAOA;CA2;FASN;ODC1;GLUL
13,12,anal_pc5_c21_S1.filtered.gene_spectra_score.k_13.dt_0_01.txt,prerank,HALLMARK_COMPLEMENT,0.39650781348151376,0.9458520138951569,0.6161616161616161,1.0,1.0,9/122,8.86%,CSRP1;COL4A2;FN1;TIMP2;DGKG;CPQ;C1S;SERPING1;CLU
13,12,anal_pc5_c21_S1.filtered.gene_spectra_score.k_13.dt_0_01.txt,prerank,HALLMARK_MITOTIC_SPINDLE,0.39983508723197136,0.9412805239842924,0.6002066115702479,1.0,1.0,14/77,14.60%,FLNA;SORBS2;ARHGAP29;ARHGAP10;PALLD;SYNPO;TRIO;BIN1;ITSN1;GSN;PDLIM5;NET1;STK38L;DST
13,12,anal_pc5_c21_S1.filtered.gene_spectra_score.k_13.dt_0_01.txt,prerank,HALLMARK_UV_RESPONSE_UP,0.39789710950955043,0.9375611401927024,0.5879237288135594,1.0,1.0,5/66,5.12%,NTRK3;PDLIM3;RRAD;KCNH2;RHOB
13,12,anal_pc5_c21_S1.filtered.gene_spectra_score.k_13.dt_0_01.txt,prerank,HALLMARK_IL6_JAK_STAT3_SIGNALING,-0.22110419506605516,-0.8667581190516028,0.7424242424242424,0.6843583263128334,0.9393004115226338,23/53,31.58%,IL2RG;LTB;PLA2G2A;TNFRSF1B;ITGA4;IRF1;CXCL1;TNFRSF21;IL12RB1;PIK3R5;STAT1;SOCS3;CSF2RB;CSF2RA;IL3RA;IL1R2;IL2RA;IL17RA;MAP3K8;HMOX1;TLR2;CD38;CCR1
13,12,anal_pc5_c21_S1.filtered.gene_spectra_score.k_13.dt_0_01.txt,prerank,HALLMARK_ESTROGEN_RESPONSE_EARLY,0.32107573605934026,0.7726857727381066,0.8669354838709677,1.0,1.0,12/118,9.64%,TGM2;HSPB8;PDLIM3;SVIL;DLC1;NPY1R;PGR;SLC24A3;FHL2;NBL1;OLFML3;THSD4
13,12,anal_pc5_c21_S1.filtered.gene_spectra_score.k_13.dt_0_01.txt,prerank,HALLMARK_HEDGEHOG_SIGNALING,0.37817515139148805,0.767588060150486,0.7207446808510638,1.0,1.0,11/17,26.70%,NRP2;THY1;L1CAM;RTN1;ACHE;SLIT1;DPYSL2;UNC5C;NRP1;CRMP1;SCG2
13,12,anal_pc5_c21_S1.filtered.gene_spectra_score.k_13.dt_0_01.txt,prerank,HALLMARK_APICAL_SURFACE,0.35362044800510717,0.7599570740149021,0.7627737226277372,1.0,1.0,7/27,15.32%,SLC2A4;THY1;SRPX;SCUBE1;CX3CL1;AFAP1L2;GAS1
13,12,anal_pc5_c21_S1.filtered.gene_spectra_score.k_13.dt_0_01.txt,prerank,HALLMARK_HEME_METABOLISM,0.3147496740695567,0.7290552136936503,0.8232104121475055,1.0,1.0,1/55,0.36%,TNS1
13,12,anal_pc5_c21_S1.filtered.gene_spectra_score.k_13.dt_0_01.txt,prerank,HALLMARK_BILE_ACID_METABOLISM,0.32501524694457706,0.7225340768178585,0.8208616780045351,1.0,1.0,8/37,17.40%,HSD17B6;CH25H;ABCG4;ABCA1;AR;PFKM;SLC29A1;DIO2
13,12,anal_pc5_c21_S1.filtered.gene_spectra_score.k_13.dt_0_01.txt,prerank,HALLMARK_ESTROGEN_RESPONSE_LATE,0.3018038529875582,0.7187928827296648,0.8878695208970439,1.0,1.0,8/106,6.76%,HSPB8;CAV1;PDLIM3;PTGER3;NPY1R;PGR;SLC24A3;PRKAR2B
13,12,anal_pc5_c21_S1.filtered.gene_spectra_score.k_13.dt_0_01.txt,prerank,HALLMARK_IL2_STAT5_SIGNALING,0.28121784459439225,0.6769796934128521,0.9315206445115811,1.0,1.0,11/127,12.26%,COL6A1;TGM2;ITIH5;RHOB;PTH1R;GUCY1B1;IL1RL1;PLAGL1;WLS;SYT11;GATA1
13,12,anal_pc5_c21_S1.filtered.gene_spectra_score.k_13.dt_0_01.txt,prerank,HALLMARK_GLYCOLYSIS,0.2852919477682959,0.6710135517666974,0.880927291886196,1.0,1.0,11/67,18.50%,CACNA1H;SDC3;COL5A1;SDC2;PGAM2;PAM;TPST1;MERTK;PFKP;MET;GPC4
13,12,anal_pc5_c21_S1.filtered.gene_spectra_score.k_13.dt_0_01.txt,prerank,HALLMARK_KRAS_SIGNALING_UP,0.28009932699019446,0.667743480188985,0.9249492900608519,1.0,1.0,13/131,10.12%,ANO1;AKAP12;TMEM158;SPARCL1;ADGRA2;GUCY1A1;BTC;INHBA;HDAC9;PRRX1;VWA5A;TMEM176B;CPE
13,12,anal_pc5_c21_S1.filtered.gene_spectra_score.k_13.dt_0_01.txt,prerank,HALLMARK_CHOLESTEROL_HOMEOSTASIS,0.28667186369195974,0.6339059474559039,0.8867276887871853,1.0,1.0,9/35,18.32%,AVPR1A;NIBAN1;CLU;CPEB2;LPL;ANTXR2;JAG1;ERRFI1;TNFRSF12A
13,12,anal_pc5_c21_S1.filtered.gene_spectra_score.k_13.dt_0_01.txt,prerank,HALLMARK_ANDROGEN_RESPONSE,0.2825492672136085,0.6271273505524443,0.8982102908277405,0.9957397561759687,1.0,8/41,16.18%,AKAP12;GUCY1A1;INPP4B;ADAMTS1;PDLIM5;STEAP4;MERTK;PLPP1
13,12,anal_pc5_c21_S1.filtered.gene_spectra_score.k_13.dt_0_01.txt,prerank,HALLMARK_TNFA_SIGNALING_VIA_NFKB,0.20226805240532308,0.48697848487981155,0.998995983935743,1.0,1.0,5/150,5.60%,TNC;CCN1;PER1;RHOB;GEM
13,12,anal_pc5_c21_S1.filtered.gene_spectra_score.k_13.dt_0_01.txt,prerank,HALLMARK_SPERMATOGENESIS,0.221400005127207,0.48656767653555477,0.9849884526558892,0.986003610376122,1.0,5/36,16.16%,JAM3;ADCYAP1;SEPTIN4;ART3;TEKT2
13,13,anal_pc5_c21_S1.filtered.gene_spectra_score.k_13.dt_0_01.txt,prerank,HALLMARK_MITOTIC_SPINDLE,-0.48866220916275777,-1.8241176705371482,0.0,0.020635440550278415,0.007,45/77,28.04%,DST;LMNB1;TPX2;NEDD9;FARP1;CEP250;FLNA;ARHGAP4;CCDC88A;CNTRL;PALLD;TOP2A;BIN1;KIF22;KNTC1;CDK1;PXN;DOCK4;EPB41L2;FGD4;CENPF;ARHGEF2;NUSAP1;DOCK2;CEP72;SYNPO;CDC42EP4;ECT2;TRIO;GSN;INCENP;MAP1S;BCAR1;RAPGEF6;ANLN;NET1;FSCN1;EPB41;ITSN1;NDC80;PRC1;CCNB2;CENPE;FBXO5;RHOF
13,13,anal_pc5_c21_S1.filtered.gene_spectra_score.k_13.dt_0_01.txt,prerank,HALLMARK_G2M_CHECKPOINT,-0.513173650744944,-1.7777512679933989,0.0,0.016213560432361614,0.011,46/68,34.88%,ODC1;MCM2;SLC7A1;LMNB1;TPX2;MYBL2;CDC25B;POLE;EZH2;MT2A;CDKN2C;E2F1;MYC;TOP2A;KIF22;MCM6;CDK1;PTTG1;FANCC;MKI67;CENPF;SLC7A5;NUSAP1;CDC45;SLC12A2;INCENP;MAP3K20;EXO1;TACC3;CDC20;NDC80;PRC1;CCNB2;CENPE;FBXO5;RAD54L;AURKB;CKS2;SNRPD1;BIRC5;KIF23;KIF11;PLK1;KIF20B;DMD;KPNA2
13,13,anal_pc5_c21_S1.filtered.gene_spectra_score.k_13.dt_0_01.txt,prerank,HALLMARK_E2F_TARGETS,-0.5050699159181583,-1.7313696958546092,0.006802721088435374,0.01670488044546348,0.017,24/54,14.00%,TFRC;HELLS;MCM2;LMNB1;HMGB2;MYBL2;CDC25B;POLE;EZH2;CDKN2C;CENPM;MCM4;MYC;TOP2A;KIF22;MCM6;LIG1;ANP32E;CDK1;NCAPD2;PTTG1;MKI67;CIT;PRDX4
13,13,anal_pc5_c21_S1.filtered.gene_spectra_score.k_13.dt_0_01.txt,prerank,HALLMARK_REACTIVE_OXYGEN_SPECIES_PATHWAY,-0.6522579157078372,-1.7167225789272043,0.002932551319648094,0.015476580412708812,0.021,10/19,15.66%,GCLC;TXNRD1;FTL;NQO1;CAT;LSP1;SCAF4;PRDX4;PFKP;MSRA
13,13,anal_pc5_c21_S1.filtered.gene_spectra_score.k_13.dt_0_01.txt,prerank,HALLMARK_KRAS_SIGNALING_DN,0.7589130301484087,1.6694225692411804,0.0,0.017153111310497703,0.025,11/78,3.92%,SPRR3;SLC6A14;KRT13;KLK7;TGM1;SERPINB2;KRT4;LYPD3;ALOX12B;KLK8;EDN2
13,13,anal_pc5_c21_S1.filtered.gene_spectra_score.k_13.dt_0_01.txt,prerank,HALLMARK_DNA_REPAIR,-0.5481194572480934,-1.5115479320534064,0.04361370716510903,0.0849000982640026,0.133,8/22,13.50%,BCAM;AK1;TYMS;ZWINT;USP11;LIG1;POLA1;HCLS1
13,13,anal_pc5_c21_S1.filtered.gene_spectra_score.k_13.dt_0_01.txt,prerank,HALLMARK_APICAL_SURFACE,0.7300920173791507,1.4640224122843986,0.05992010652463382,0.38045600886683906,0.635,3/27,1.74%,RHCG;MAL;LYPD3
13,13,anal_pc5_c21_S1.filtered.gene_spectra_score.k_13.dt_0_01.txt,prerank,HALLMARK_TNFA_SIGNALING_VIA_NFKB,0.6248222879853299,1.4047139195250733,0.006147540983606557,0.490807691631041,0.859,44/150,11.48%,SERPINB2;IL1A;DUSP5;MAFF;MXD1;SAT1;PHLDA1;IL23A;TIPARP;ZFP36;VEGFA;DUSP1;CDKN1A;GADD45A;NFKBIA;PPP1R15A;F3;SGK1;SDC4;IL18;FOSL1;TNFAIP2;DUSP4;SERPINB8;IER5;ICAM1;CEBPB;IER3;SOD2;ATF3;TLR2;RNF19B;PDLIM5;LDLR;HBEGF;KLF4;ZC3H12A;MAP3K8;CXCL6;EGR1;PHLDA2;PLK2;FOSB;CXCL1
13,13,anal_pc5_c21_S1.filtered.gene_spectra_score.k_13.dt_0_01.txt,prerank,HALLMARK_EPITHELIAL_MESENCHYMAL_TRANSITION,-0.32331129636359407,-1.2708896182936629,0.0,0.4068129708483459,0.553,51/164,13.52%,COL7A1;DST;TGFBI;PFN2;DPYSL3;GPC1;ELN;GJA1;HTRA1;THBS2;TPM1;LRP1;LAMA3;ITGB5;IGFBP2;SERPINH1;IGFBP4;ADAM12;COL4A2;COL5A1;WNT5A;FBLN1;SPARC;FLNA;MATN2;LAMC1;THBS1;CALD1;WIPF1;ANPEP;CTHRC1;CADM1;JUN;COL4A1;SNAI2;PMEPA1;TNC;CRLF1;SERPINE2;ENO2;MMP14;PLOD2;PRRX1;LOXL1;MYLK;FUCA1;COL6A2;VCAN;IL32;COL3A1;FBLN2
13,13,anal_pc5_c21_S1.filtered.gene_spectra_score.k_13.dt_0_01.txt,prerank,HALLMARK_APOPTOSIS,0.5645872603692306,1.248387370227801,0.1917960088691796,1.0,0.998,15/79,9.72%,ANXA1;EMP1;IL1A;SAT1;CDKN1A;PMAIP1;PLAT;GADD45A;HMOX1;ERBB3;IL18;IER3;SOD2;ATF3;BNIP3L
13,13,anal_pc5_c21_S1.filtered.gene_spectra_score.k_13.dt_0_01.txt,prerank,HALLMARK_MYOGENESIS,-0.31875877504464106,-1.2481436634139198,0.06382978723404255,0.3924945018950915,0.6,43/112,27.74%,CKB;MYH11;CDH13;ITGB4;NQO1;GAA;AK1;ITGB5;ADAM12;MAPRE3;COL4A2;EFS;SPARC;PFKM;BIN1;TNNT3;PVALB;MYLK;LSP1;COL6A2;SORBS3;SVIL;COL3A1;VIPR1;MAPK12;DTNA;GSN;TNNI2;IGF1;PDLIM7;TPM2;COL1A1;COL6A3;AEBP1;CRYAB;FST;SPEG;TEAD4;NAV2;COL15A1;SMTN;FGF2;IGFBP7
13,13,anal_pc5_c21_S1.filtered.gene_spectra_score.k_13.dt_0_01.txt,prerank,HALLMARK_P53_PATHWAY,0.5583713268152963,1.2312284425165245,0.18683651804670912,1.0,0.999,27/89,10.16%,EPHA2;IL1A;MXD1;SAT1;CDKN2B;TM4SF1;KLK8;ZNF365;CDKN1A;GADD45A;GM2A;RRAD;PPP1R15A;HMOX1;EPS8L2;TGFA;UPP1;NDRG1;CDKN2A;RGS16;IER5;ALOX15B;IER3;ATF3;RNF19B;HBEGF;KLF4
13,13,anal_pc5_c21_S1.filtered.gene_spectra_score.k_13.dt_0_01.txt,prerank,HALLMARK_BILE_ACID_METABOLISM,-0.3914764966219389,-1.217004317817893,0.15625,0.4038650507697347,0.662,12/37,13.66%,TFCP2L1;FADS2;ACSL5;RBP1;HSD17B11;PFKM;NR3C2;SULT1B1;CAT;NR1I2;CYP27A1;ABCA2
13,13,anal_pc5_c21_S1.filtered.gene_spectra_score.k_13.dt_0_01.txt,prerank,HALLMARK_COAGULATION,0.5550839413373527,1.2165536085961375,0.23060109289617486,0.9666349993842472,0.999,10/79,5.90%,ANXA1;SERPINB2;MAFF;CTSV;KLK8;ADAM9;PLAT;DUSP14;CFB;F3
13,13,anal_pc5_c21_S1.filtered.gene_spectra_score.k_13.dt_0_01.txt,prerank,HALLMARK_ESTROGEN_RESPONSE_EARLY,0.5374236874492556,1.2021217469095142,0.186264308012487,0.8944122326188089,0.999,36/118,14.00%,KRT13;KLK10;CLIC3;ZNF185;ANXA9;SULT2B1;AQP3;ELF3;WWC1;P2RY2;TIPARP;UGCG;KAZN;PMAIP1;MUC1;PTGES;DHRS3;RAPGEFL1;RAB31;TJP3;TFAP2C;RHOD;KLF4;PPIF;FLNB;KRT19;FOXC1;LAD1;SLC2A1;ESRP2;TOB1;TMPRSS3;SLC19A2;PRSS23;BLVRB;SCNN1A
13,13,anal_pc5_c21_S1.filtered.gene_spectra_score.k_13.dt_0_01.txt,prerank,HALLMARK_IL2_STAT5_SIGNALING,0.5279081175062054,1.191194402399736,0.21205821205821207,0.8276376207315141,1.0,8/127,3.36%,ECM1;EMP1;HOPX;MAFF;MXD1;PHLDA1;PIM1;IKZF2
13,13,anal_pc5_c21_S1.filtered.gene_spectra_score.k_13.dt_0_01.txt,prerank,HALLMARK_ANGIOGENESIS,-0.3892708062635178,-1.1537536849391627,0.2450592885375494,0.47461513265640354,0.752,13/29,28.46%,FGFR1;JAG2;PDGFA;VAV2;CCND2;VCAN;COL3A1;JAG1;NRP1;COL5A2;TIMP1;SLCO2A1;LUM
13,13,anal_pc5_c21_S1.filtered.gene_spectra_score.k_13.dt_0_01.txt,prerank,HALLMARK_WNT_BETA_CATENIN_SIGNALING,-0.4621517474196188,-1.1340117595973562,0.29802955665024633,0.46665574844415325,0.786,7/15,19.92%,JAG2;DLL1;MYC;CCND2;HEY1;TCF7;JAG1
13,13,anal_pc5_c21_S1.filtered.gene_spectra_score.k_13.dt_0_01.txt,prerank,HALLMARK_COMPLEMENT,0.503796352604717,1.12366518303176,0.3052959501557632,0.9921359581991872,1.0,16/122,8.86%,S100A12;SERPINB2;DUSP5;CD55;MAFF;PIM1;CTSV;ADAM9;PLAT;CFB;F3;DOCK9;CD36;PDP1;CEBPB;LYN
13,13,anal_pc5_c21_S1.filtered.gene_spectra_score.k_13.dt_0_01.txt,prerank,HALLMARK_HYPOXIA,0.4957678482510727,1.1171869994688441,0.33157338965153116,0.9142608328495275,1.0,27/111,9.90%,ERO1A;MAFF;SULT2B1;PIM1;EDN2;TIPARP;ZFP36;VEGFA;ERRFI1;DUSP1;CDKN1A;TMEM45A;PPP1R15A;F3;HMOX1;SDC4;NDRG1;ADM;PPP1R3C;PLAC8;CITED2;AMPD3;IER3;ATF3;BNIP3L;LOX;ANGPTL4
13,13,anal_pc5_c21_S1.filtered.gene_spectra_score.k_13.dt_0_01.txt,prerank,HALLMARK_UNFOLDED_PROTEIN_RESPONSE,0.5675960470589613,1.0937537835552489,0.4095890410958904,0.9040001535383391,1.0,6/23,11.22%,ERO1A;VEGFA;NABP1;CEBPB;ATF3;CHAC1
13,13,anal_pc5_c21_S1.filtered.gene_spectra_score.k_13.dt_0_01.txt,prerank,HALLMARK_TGF_BETA_SIGNALING,-0.4019899161651648,-1.0915444148080926,0.33948339483394835,0.5153500282881219,0.854,14/24,24.54%,ID3;THBS1;SLC20A1;PMEPA1;TGFBR1;SMAD1;TGIF1;SMAD7;BMP2;CDKN1C;ID2;ENG;SMAD6;SERPINE1
13,13,anal_pc5_c21_S1.filtered.gene_spectra_score.k_13.dt_0_01.txt,prerank,HALLMARK_ALLOGRAFT_REJECTION,-0.27785449190554906,-1.0876702929477708,0.2,0.48124795283327876,0.859,51/121,33.10%,ST8SIA4;CTSS;FLNA;CD74;ITGAL;CCND2;IL16;CD79A;PTPN6;STAT1;HCLS1;ITGB2;FYB1;LTB;IL2RG;ETS1;IRF8;STAB1;ZAP70;CSF1;IRF4;CD96;IRF7;PTPRC;SRGN;CD2;TGFB2;CD4;NCF4;SOCS1;CD3D;MAP4K1;CCND3;CD40;CAPG;INHBB;TIMP1;PRKCB;CD28;CD8A;CD3E;ITK;LY86;LCP2;SPI1;FAS;SOCS5;WAS;LCK;LY75;IL27RA
13,13,anal_pc5_c21_S1.filtered.gene_spectra_score.k_13.dt_0_01.txt,prerank,HALLMARK_ESTROGEN_RESPONSE_LATE,0.4847325506940772,1.0833959137798987,0.38155136268343814,0.8590849914674267,1.0,22/106,11.82%,KRT13;KLK10;CLIC3;ANXA9;SULT2B1;KLK11;NMU;FABP5;ZFP36;SGK1;PTGES;RAPGEFL1;RAB31;TJP3;TFAP2C;MDK;KLF4;PPIF;ASS1;FLNB;KRT19;FOXC1
13,13,anal_pc5_c21_S1.filtered.gene_spectra_score.k_13.dt_0_01.txt,prerank,HALLMARK_MTORC1_SIGNALING,-0.3086613690096797,-1.07676695986121,0.3181818181818182,0.4664516616694802,0.876,21/72,12.80%,GCLC;TXNRD1;SLC7A11;TFRC;MCM2;PHGDH;SLC1A4;FADS2;SERPINH1;SLC6A6;BTG2;MCM4;CORO1A;IGFBP5;NUPR1;ELOVL5;HSP90B1;PLOD2;SLC7A5;CTSC;CXCR4
13,13,anal_pc5_c21_S1.filtered.gene_spectra_score.k_13.dt_0_01.txt,prerank,HALLMARK_SPERMATOGENESIS,-0.3542527942498535,-1.0684678463872501,0.3526570048309179,0.4476627205091011,0.882,7/36,15.56%,GSTM3;EZH2;HSPA2;CDK1;HSPA4L;SLC12A2;CSNK2A2
13,13,anal_pc5_c21_S1.filtered.gene_spectra_score.k_13.dt_0_01.txt,prerank,HALLMARK_UV_RESPONSE_DN,-0.2882606746678244,-1.0410215883146128,0.3469387755102041,0.46557484441532915,0.908,29/69,22.16%,MAP1B;PLCB4;GJA1;SLC7A1;NFIB;PPARG;SDC2;LAMC1;MYC;CAV1;SNAI2;TGFBR2;VAV2;IGFBP5;CELF2;FHL2;HAS2;PLPP3;COL3A1;KCNMA1;SMAD7;DAB2;NRP1;PIK3CD;LPAR1;TFPI;COL1A1;COL1A2;EFEMP1
13,13,anal_pc5_c21_S1.filtered.gene_spectra_score.k_13.dt_0_01.txt,prerank,HALLMARK_KRAS_SIGNALING_UP,0.44867939974179566,1.007279334223852,0.49948400412796695,1.0,1.0,15/131,10.16%,SLPI;EMP1;ERO1A;MALL;BPGM;PLAT;MPZL2;PPP1R15A;CFB;PRDM1;RGS16;ALDH1A3;ANGPTL4;HBEGF;KLF4
13,13,anal_pc5_c21_S1.filtered.gene_spectra_score.k_13.dt_0_01.txt,prerank,HALLMARK_INFLAMMATORY_RESPONSE,0.44295523823121863,0.998043075498622,0.5318930041152263,0.9574376644625232,1.0,26/141,13.72%,ITGB8;IL1A;CD55;MXD1;P2RY2;CDKN1A;NFKBIA;F3;IL18;CXCL8;ADM;RGS16;ICAM1;LYN;TLR2;LDLR;HBEGF;CXCL6;RNF144B;NAMPT;CCL20;NOD2;IL1B;TNFSF10;EREG;CX3CL1
13,13,anal_pc5_c21_S1.filtered.gene_spectra_score.k_13.dt_0_01.txt,prerank,HALLMARK_CHOLESTEROL_HOMEOSTASIS,0.4914502639898399,0.9933060246175244,0.5210191082802548,0.9042205450291163,1.0,13/35,14.96%,MAL2;FABP5;ERRFI1;CXCL16;ATF3;TM7SF2;HMGCR;LDLR;ACAT2;FDPS;MVK;SCD;HMGCS1
13,13,anal_pc5_c21_S1.filtered.gene_spectra_score.k_13.dt_0_01.txt,prerank,HALLMARK_ANDROGEN_RESPONSE,0.46519391976996927,0.9651956642156557,0.5416666666666666,0.9102298516915606,1.0,12/41,13.66%,SAT1;STEAP4;SGK1;NDRG1;INPP4B;INSIG1;ALDH1A3;PDLIM5;HMGCR;KRT19;DBI;SCD
13,13,anal_pc5_c21_S1.filtered.gene_spectra_score.k_13.dt_0_01.txt,prerank,HALLMARK_HEDGEHOG_SIGNALING,-0.3356211736524163,-0.8619728161188613,0.6628242074927954,0.7957541762201115,0.988,6/17,11.28%,DPYSL2;NRCAM;CELSR1;ADGRG1;HEY1;CRMP1
13,13,anal_pc5_c21_S1.filtered.gene_spectra_score.k_13.dt_0_01.txt,prerank,HALLMARK_PI3K_AKT_MTOR_SIGNALING,-0.2849889343835318,-0.8444631990223566,0.6996047430830039,0.7758232018650894,0.992,16/32,32.90%,E2F1;PLCG1;CDK1;HSP90B1;CXCR4;IL2RG;ITPR2;PPP2R1B;PDK1;SLA;PLCB1;PRKCB;NOD1;AKT1S1;LCK;MKNK1
13,13,anal_pc5_c21_S1.filtered.gene_spectra_score.k_13.dt_0_01.txt,prerank,HALLMARK_UV_RESPONSE_UP,0.38608904586471754,0.8344770976624327,0.7115600448933782,1.0,1.0,14/66,11.10%,CDKN2B;AQP3;CTSV;DNAJB1;RRAD;NFKBIA;HMOX1;ICAM1;LYN;SOD2;ATF3;SLC6A8;PPIF;FOSB
13,13,anal_pc5_c21_S1.filtered.gene_spectra_score.k_13.dt_0_01.txt,prerank,HALLMARK_FATTY_ACID_METABOLISM,0.387638741542393,0.8021109473654833,0.7298919567827131,1.0,1.0,6/44,10.28%,GLUL;VNN1;TP53INP2;CD36;ACAT2;ACOX1
13,13,anal_pc5_c21_S1.filtered.gene_spectra_score.k_13.dt_0_01.txt,prerank,HALLMARK_GLYCOLYSIS,0.3517941144119132,0.7663569501756634,0.8060538116591929,1.0,1.0,9/67,9.90%,ERO1A;ELF3;DSC2;VEGFA;TGFA;CITED2;IER3;QSOX1;ANGPTL4
13,13,anal_pc5_c21_S1.filtered.gene_spectra_score.k_13.dt_0_01.txt,prerank,HALLMARK_HEME_METABOLISM,0.3492757238589189,0.7612604569120189,0.7741559953434226,1.0,1.0,15/55,13.94%,AQP3;PDZK1IP1;BPGM;ALDH1L1;OSBP2;DAAM1;MBOAT2;KLF3;SLC6A8;BNIP3L;KDM7A;SLC2A1;SEC14L1;RHCE;BLVRB
13,13,anal_pc5_c21_S1.filtered.gene_spectra_score.k_13.dt_0_01.txt,prerank,HALLMARK_XENOBIOTIC_METABOLISM,0.34281054105485215,0.7551714199708945,0.8066595059076263,0.9905350011435408,1.0,14/80,10.28%,EPHA2;NDRG2;CYP2C18;VNN1;FMO3;CFB;HMOX1;UPP1;PTGES;CD36;PDLIM5;PPARD;BCAT1;ACOX1
13,13,anal_pc5_c21_S1.filtered.gene_spectra_score.k_13.dt_0_01.txt,prerank,HALLMARK_INTERFERON_ALPHA_RESPONSE,-0.2220735989620229,-0.7344477607525254,0.8731343283582089,0.8896167703897806,0.999,22/50,35.64%,IFI27;C1S;IFITM3;CD74;PSMB9;SP110;TRIM14;IFI30;NUB1;CSF1;CASP8;IRF7;PARP14;IFI44L;IRF1;IFI44;TRIM5;CCRL2;LAP3;SELL;TMEM140;ISG20
13,13,anal_pc5_c21_S1.filtered.gene_spectra_score.k_13.dt_0_01.txt,prerank,HALLMARK_INTERFERON_GAMMA_RESPONSE,0.31443123832120556,0.6959494626930638,0.8868120456905504,1.0,1.0,13/111,9.16%,PIM1;GBP6;BPGM;IDO1;ISG15;CDKN1A;NFKBIA;CFB;UPP1;TNFAIP2;ICAM1;SOD2;PELI1
13,13,anal_pc5_c21_S1.filtered.gene_spectra_score.k_13.dt_0_01.txt,prerank,HALLMARK_PEROXISOME,0.3312003647346867,0.674453057749236,0.8185430463576159,0.9845885892225682,1.0,7/32,11.78%,SULT2B1;DHRS3;STS;CRABP2;SOD2;ACOX1;FDPS
13,13,anal_pc5_c21_S1.filtered.gene_spectra_score.k_13.dt_0_01.txt,prerank,HALLMARK_ADIPOGENESIS,0.3049455078438024,0.6542440067947333,0.863689776733255,0.9610030611706337,1.0,10/51,13.16%,CYP4B1;GADD45A;NABP1;CD36;ANGPTL4;ACOX1;SOWAHC;SNCG;MGLL;TOB1
13,13,anal_pc5_c21_S1.filtered.gene_spectra_score.k_13.dt_0_01.txt,prerank,HALLMARK_APICAL_JUNCTION,0.2583173047945301,0.5697034623887567,0.9665271966527197,0.9838750197920515,1.0,13/101,10.66%,NECTIN4;GRB7;ADAM9;MPZL2;PCDH1;CDSN;TJP1;INSIG1;CLDN4;ALOX15B;ICAM1;MDK;WASL
13,13,anal_pc5_c21_S1.filtered.gene_spectra_score.k_13.dt_0_01.txt,prerank,HALLMARK_IL6_JAK_STAT3_SIGNALING,0.2654881606021496,0.5614719669179966,0.9405469678953626,0.9509421016519766,1.0,8/53,12.86%,PIM1;HMOX1;CD36;TLR2;MAP3K8;CXCL1;IL1B;TNFRSF21
