	1	2	3	4	5	6	7	8	9	10	11	12	13	14	15	16	17	18	19	20	21	22	23	24	25	26	27	28	29	30	31	32	33
GSM4138114_HNSCC_3_PBMC_AAACGGGTCTAGAGTC	62.773213690211804	68.86850833142078	51.23818250593972	3.024065610148842	0.0	0.0	0.0	0.0	0.0	0.0	61.86619340778445	0.0	0.0	0.0	66.2251663785246	0.0	0.0	0.0	0.0	64.57791996915613	0.0	0.0	0.0	0.0	38.553158500366465	0.0	0.0	0.0	0.0	0.0	0.0	0.0	0.0
GSM4138114_HNSCC_3_PBMC_AAAGATGCACTACAGT	78.74349157075974	67.93809632370757	29.934857627335436	62.74026791109381	0.0	0.0	0.0	0.0	0.0	0.0	0.0	46.21102063773947	0.0	0.0	0.0	0.0	0.0	0.0	0.0	0.0	0.0	70.36517266756921	0.0	0.0	0.0	0.0	33.64042859253389	0.0	0.0	7.873937308139799	10.089490034201551	8.481794405691021	0.0
GSM4138114_HNSCC_3_PBMC_AAATGCCTCTCCAGGG	32.95729960411653	68.9511734095267	97.94385760363656	91.16264019544745	0.0	99.71462835350691	0.0	0.0	0.0	0.0	0.0	84.61954911690694	0.0	0.0	0.0	0.0	76.00821077998708	0.0	31.92068765067	0.0	0.0	0.0	0.0	0.0	0.0	0.0	0.0	0.0	0.0	0.0	0.0	0.0	0.0
GSM4138114_HNSCC_3_PBMC_AACACGTAGAGTGAGA	103.37204982955816	76.61000314185021	106.6429842654789	83.16559583398606	0.0	56.27232306009229	77.1491681912478	0.0	0.0	0.0	0.0	0.0	0.0	0.0	0.0	0.0	0.0	0.0	0.0	0.0	0.0	0.0	0.0	78.59335099465085	2.2766535043925606	0.0	0.0	0.0	0.0	0.0	0.0	0.0	0.0
GSM4138114_HNSCC_3_PBMC_AAGGCAGGTTTAAGCC	103.70861216989451	82.32742796335596	90.82726650433187	49.8336675347034	0.0	0.0	68.93303052649424	0.0	0.0	0.0	0.0	26.908436705448036	0.0	44.97130990186717	0.0	0.0	0.0	0.0	0.0	0.0	0.0	0.0	0.0	0.0	0.0	0.0	0.0	0.0	0.0	0.0	0.0	0.0	0.0
GSM4138114_HNSCC_3_PBMC_ACACCAAGTATAAACG	60.53953329089434	84.87806294888713	64.27651525354254	0.0	69.0413442485874	0.0	0.0	0.0	0.0	0.0	36.06050846896194	0.0	0.0	70.62603352747823	40.9141207384564	0.0	0.0	0.0	0.0	0.0	0.0	0.0	0.0	0.0	0.0	0.0	0.0	0.0	0.0	0.0	0.0	0.0	0.0
GSM4138114_HNSCC_3_PBMC_ACATACGTCCACTCCA	54.90379610497067	30.38851085720971	22.88502310701689	0.0	0.0	0.0	5.249833268054369	0.0	0.0	0.0	29.515277249702844	0.0	0.0	0.0	0.0	52.88926852633389	33.14413314961534	0.0	0.0	0.0	0.0	0.0	0.0	0.0	88.45605157157334	0.0	0.0	0.0	0.0	0.0	0.0	0.0	0.0
GSM4138114_HNSCC_3_PBMC_ACTATCTAGGAGTTTA	96.03301547803918	57.61097908535508	10.848473630450728	108.39994017327406	75.69670695169933	0.0	0.0	54.47031440286172	183.08567670201518	0.0	0.0	0.0	0.0	27.275504077429147	0.0	0.0	0.0	0.0	0.0	0.0	0.0	0.0	0.0	0.0	0.0	0.0	0.0	0.0	0.0	0.0	0.0	0.0	0.0
GSM4138114_HNSCC_3_PBMC_ACTGAACTCACCTTAT	61.99783238740777	110.9004505189846	91.81315366587316	0.0	41.51700114220551	0.0	0.0	0.0	91.21813792616177	0.0	0.0	0.0	0.0	45.48856556175311	0.0	0.0	0.0	0.1859973158294079	0.0	0.0	0.0	0.0	0.0	0.0	0.0	83.63311637144864	0.0	0.0	0.0	0.0	0.0	0.0	0.0
GSM4138114_HNSCC_3_PBMC_ACTTTCACAGCTGTTA	85.05241282356252	32.43026707993037	75.69073758548892	0.0	0.0	0.0	0.0	0.0	0.0	0.0	60.43362376223535	56.545541719298974	0.0	0.0	0.0	0.0	0.0	0.0	0.0	0.0	0.0	0.0	0.0	0.0	0.0	0.0	25.944773457028	0.0	0.0	88.06512516597138	0.0	0.0	0.0
GSM4138114_HNSCC_3_PBMC_AGCTCTCAGGTGATAT	71.65332207064219	51.9433329922005	79.69843705596905	0.0	14.999989921711814	0.0	0.0	0.0	0.0	0.0	0.0	26.401358768546775	62.000487394577476	68.1963240100641	0.0	0.0	14.131857649615954	1.9895941683569476	0.0	0.0	96.52236228456177	0.0	0.0	0.0	0.0	0.0	0.0	0.0	0.0	0.0	0.0	0.0	0.0
GSM4138114_HNSCC_3_PBMC_AGCTCTCCAGCCTGTG	66.04762764192444	103.20692175930884	44.51965389454524	0.0	0.0	0.0	0.0	0.0	0.0	0.0	0.0	0.0	0.0	4.173667145208022	0.0	0.0	0.0	0.0	0.0	0.0	25.30778141588821	0.0	0.0	0.0	25.9502056396146	31.878453006300603	0.0	0.0	0.0	53.04054318707341	0.0	0.0	0.0
GSM4138114_HNSCC_3_PBMC_AGTCTTTCAAAGGTGC	153.2901200481042	24.49109781106086	94.06473860789751	0.0	39.17299789646044	0.0	0.0	0.0	96.556241602059	0.0	0.0	18.216553799867718	74.3465674215257	0.03731786806134908	0.0	0.0	0.0	0.0	0.0	0.0	0.0	0.0	0.0	0.0	0.0	0.0	0.0	0.0	0.0	0.0	0.0	0.0	0.0
GSM4138114_HNSCC_3_PBMC_AGTGAGGGTCAGCTAT	106.94438854633964	37.777224697922954	59.10299023608231	8.728726297131344	0.0	36.08328996017942	16.57949844395193	10.43348812573819	45.833966716750844	40.369400060229985	0.0	0.0	0.0	0.0	0.0	0.0	0.0	0.0	0.0	0.0	11.003877313535641	0.0	0.0	125.64067957399556	0.0	0.0	0.0	0.0	0.0	0.0	0.0	0.0	0.0
GSM4138114_HNSCC_3_PBMC_AGTGGGATCACCACCT	79.67069276838726	97.536513245357	105.46880742883498	0.0	0.0	0.0	97.7347130057619	0.0	0.0	37.839051713946716	17.95619706518683	54.55693347634664	0.0	0.0	0.0	0.0	0.0	0.0	0.0	0.0	0.0	0.0	0.0	0.0	0.0	0.0	47.309439918910776	0.0	0.0	0.0	0.0	0.0	0.0
GSM4138114_HNSCC_3_PBMC_ATCCACCTCCCTCAGT	46.372026368597425	54.72377286112108	22.245546875560738	2.294685637144299	2.0552310664231164	0.0	0.0	0.0	62.133260662178074	0.0	65.80807559697298	0.0	0.0	0.0	0.0	26.369149496608248	0.0	40.74755776985596	0.0	0.0	0.0	0.0	0.0	0.0	0.0	0.0	0.0	0.0	0.0	0.0	0.0	0.0	0.0
GSM4138114_HNSCC_3_PBMC_ATCGAGTGTCTAAACC	131.10134248391697	60.70734698981501	175.34700568661205	0.0	101.27213640020318	38.423044608459335	0.0	0.0	278.17451877899276	101.80732820252429	0.0	0.0	0.0	37.94447358789411	0.0	0.0	0.0	0.0	0.0	0.0	0.0	0.0	0.0	0.0	0.0	0.0	0.0	0.0	0.0	0.0	0.0	0.0	0.0
GSM4138114_HNSCC_3_PBMC_ATCTACTGTGACGCCT	84.9099580180389	59.82031918805821	3.936640773453569	0.0	48.85244992613581	0.0	76.55703247596158	0.0	0.0	0.0	67.0494456168241	0.0	0.0	98.31537105492397	0.0	0.0	0.0	0.0	0.0	0.0	0.0	0.0	0.0	0.0	0.0	0.0	0.0	0.0	0.0	0.0	0.0	0.0	0.0
GSM4138114_HNSCC_3_PBMC_CAAGAAAGTGCTTCTC	96.4645548449269	57.16205399457637	16.973125255415336	0.0	36.2343081028923	0.0	0.0	0.0	66.4116449176095	20.153968430944904	12.358021900043738	0.0	5.925997305601699	48.83519681911898	0.0	0.0	0.0	18.621718905556666	0.0	0.0	0.0	0.0	0.0	0.0	0.0	0.0	0.0	0.0	0.0	0.0	0.0	0.0	0.0
GSM4138114_HNSCC_3_PBMC_CAAGGCCGTTCCCGAG	35.8258992293839	89.07077680401193	22.816457518072195	0.0	0.0	1.9510017342873172	0.0	0.0	0.0	4.58085068209562	113.49123564964529	20.819462696868364	0.0	0.0	0.0	5.681897280268029	0.0	0.0	0.0	0.0	0.0	80.42413496954359	0.0	31.009049309439	0.0	0.0	36.80381167708028	0.0	0.0	0.0	0.0	0.0	0.0
GSM4138114_HNSCC_3_PBMC_CAAGTTGTCAAGAAGT	37.05971309561602	11.227565307650123	56.73623141561653	99.876145949806	0.0	0.0	0.0	4.548793025545435	0.0	0.0	0.0	0.0	0.0	0.0	0.0	0.0	0.0	0.0	0.0	92.66918075630073	0.0	0.0	0.0	32.45903842832199	0.0	0.0	0.0	0.0	63.29979559390203	0.0	0.0	0.0	0.0
GSM4138114_HNSCC_3_PBMC_CACAAACCAGCTGGCT	26.40921472511506	46.643606341294394	38.98343573330907	0.0	0.0	0.0	0.0	0.0	0.0	0.0	0.0	4.296074427724676	0.0	0.0	0.0	32.312461348269665	101.23195595653442	0.0	0.0	19.394736027494123	0.0	0.0	0.0	0.0	0.0	116.46431817014782	0.0	0.0	0.0	0.0	0.0	0.0	0.0
GSM4138114_HNSCC_3_PBMC_CACACAAAGAACAACT	43.98980612730666	21.009591090303925	0.0	87.83150083464724	0.0	0.0	0.0	150.530078443245	0.0	0.0	0.0	0.0	0.0	17.675169644862972	0.0	0.0	0.0	0.0	0.0	28.128198490132075	0.0	0.0	0.0	41.21339134562327	0.0	0.0	0.0	146.20151606297222	0.0	0.0	0.0	0.0	0.0
GSM4138114_HNSCC_3_PBMC_CACATAGTCCGCAAGC	64.56833517390235	54.90175752975034	31.457191203659747	0.0	0.0	0.0	0.0	0.0	26.43556153068459	54.423963517526005	5.556494180217827	0.0	0.0	0.0	68.40365936591871	0.0	0.0	0.0	0.0	109.59333728836256	0.0	0.0	0.0	0.0	64.2142064665859	0.0	0.0	0.0	0.0	0.0	0.0	0.0	0.0
GSM4138114_HNSCC_3_PBMC_CACCACTAGCAATATG	51.639229880240045	50.305646347659646	60.74055757947295	21.14958277759751	22.81634370637905	0.0	0.0	0.0	0.0	0.0	0.0	0.0	0.0	0.0	0.0	24.757426494168733	0.0	0.0	137.58534118838077	0.0	0.0	0.0	0.0	0.0	0.0	0.0	0.0	0.0	0.0	0.0	0.0	0.0	0.0
GSM4138114_HNSCC_3_PBMC_CATATTCAGTCCCACG	14.552719182497285	58.68157420259757	20.9085724739215	57.97335785155977	0.0	0.0	52.41876846641379	13.754167291441851	0.0	0.0	0.0	62.844766438371586	0.0	0.0	0.0	11.421110571355195	0.0	0.0	0.0	0.0	22.506525825154544	0.0	0.0	0.0	0.0	0.0	0.0	27.530740422359635	0.0	0.0	14.220098441960674	0.0	0.0
GSM4138114_HNSCC_3_PBMC_CATCAAGGTCGTCTTC	46.55098390992539	18.195046055812675	0.0	70.87582876450968	44.14032834239161	0.0	0.0	73.89972521825345	0.0	0.0	0.0	0.0	0.0	0.0	0.0	18.352795724696676	0.0	0.0	0.0	0.0	0.0	0.0	0.0	0.0	0.0	0.0	0.0	0.0	0.0	136.29107494368483	0.0	7.863281091874662	0.0
GSM4138114_HNSCC_3_PBMC_CATCAGACATACTACG	143.4651475888053	162.64434866898932	0.0	0.0	0.0	0.0	41.10675955666461	148.5760398596101	0.0	0.0	0.0	174.81794776272736	122.9122712509842	140.03450589588363	10.152801872596498	0.0	0.0	0.0	0.0	0.0	7.780478993615747	101.59123535532073	0.0	0.0	0.0	0.0	0.0	0.0	0.0	0.0	0.0	0.0	111.54947610404896
GSM4138114_HNSCC_3_PBMC_CATCGGGTCTTCTGGC	53.76188538668961	27.652328396612095	49.25728582475835	109.1703868208827	80.57613442822054	25.241325178217497	0.0	0.0	0.0	0.0	0.0	0.0	0.0	16.47562663864907	76.87180603276009	0.0	0.0	0.0	0.0	0.0	0.0	0.0	0.0	0.0	0.0	0.0	0.0	0.0	0.0	0.0	0.0	0.0	0.0
GSM4138114_HNSCC_3_PBMC_CCACGGATCAGAGGTG	94.07027626893165	92.50535783057991	87.2645613188029	111.44908731534512	0.0	0.0	46.681217376597814	0.0	0.0	0.0	0.0	35.82397698633458	0.0	0.0	0.0	93.8160511547801	0.0	0.0	0.0	0.0	0.0	0.0	0.0	0.0	0.0	0.0	0.0	89.6081463178762	0.0	0.0	0.0	0.0	0.0
GSM4138114_HNSCC_3_PBMC_CCTACACTCGACAGCC	42.68482640084562	36.421207118938014	16.39828182983543	0.0	25.620524101442292	0.0	0.0	0.0	0.0	0.0	0.0	0.0	43.24533984864593	51.92277293922736	62.203596710859344	0.0	0.0	0.0	0.0	0.0	0.0	0.0	0.0	0.0	0.0	0.0	0.0	0.0	0.0	0.0	0.0	0.0	0.0
GSM4138114_HNSCC_3_PBMC_CCTTCCCGTAGCGTCC	39.01429690226343	38.02776132401396	0.0	35.01328640581717	0.0	0.0	0.0	59.12692993944741	64.55623153400306	0.0	0.0	54.85527232720771	2.6054641329178234	0.0	0.0	37.641558666337986	0.0	0.0	0.0	0.0	0.0	0.0	0.0	0.0	0.0	0.0	0.0	0.0	0.0	0.0	0.0	0.0	0.0
GSM4138114_HNSCC_3_PBMC_CCTTCCCTCACATACG	85.1867586652495	71.70813845115303	102.7794653760058	40.60731376907087	44.87092280992125	26.872156092303193	0.0	0.0	0.0	0.0	0.0	0.0	0.0	0.0	0.0	0.0	0.0	0.0	0.0	19.470413622369833	36.721322513980006	2.3155419813262013	0.0	0.0	0.0	0.0	0.0	0.0	0.0	21.6838173295727	0.0	0.0	0.0
GSM4138114_HNSCC_3_PBMC_CGAGCCAAGCGCTTAT	53.61539477564324	74.20031529713864	29.40992534690891	0.11487608173277795	0.0	0.0	19.026976332498833	0.0	53.488182726143414	41.67457736329255	10.642916739543324	39.68641645076468	0.0	0.0	0.0	0.0	0.0	0.0	0.0	3.8143827073796412	0.0	0.0	0.0	16.776250692084623	0.0	1.2322441551867123	20.30008145229357	0.0	0.0	60.258431524252885	1.4828503621875477	3.7419706063505993	0.0
GSM4138114_HNSCC_3_PBMC_CGAGCCAGTCAAAGAT	167.3044308892726	68.32457552872243	0.0	0.0	195.46563151434782	0.0	0.0	102.64021129107104	0.0	0.0	46.319666305718286	0.0	58.78503009421383	93.09832878969071	0.0	0.0	0.0	0.0	268.53852885365075	0.0	0.0	0.0	0.0	0.0	0.0	0.0	0.0	0.0	0.0	0.0	0.0	0.0	0.0
GSM4138114_HNSCC_3_PBMC_CGCGGTATCATCACCC	106.38894365761142	97.47992589872574	0.0	0.0	69.31832851379524	82.20780753797587	0.0	81.25545110167371	0.0	0.0	94.67225166619772	0.0	0.0	0.0	0.0	0.0	40.399397417401694	0.0	62.907085381450464	0.0	0.0	0.0	0.0	0.0	0.0	0.0	0.0	0.0	0.0	0.0	0.0	0.0	0.0
GSM4138114_HNSCC_3_PBMC_CGCGTTTTCCCAAGTA	59.72481242257	37.74939154646884	47.04565175287871	0.0	68.17065162418751	0.0	0.0	0.0	56.64958357884579	57.59979260166994	0.0	0.0	0.0	23.79896925826599	0.0	0.0	0.0	0.0	0.0	0.0	0.0	0.0	0.0	0.0	0.0	0.0	0.0	0.0	0.0	0.0	0.0	0.0	0.0
GSM4138114_HNSCC_3_PBMC_CGCTGGAGTAGCCTAT	41.76982580531891	42.09252676774308	0.0	0.0	31.628459617996224	0.0	0.0	45.036791564481106	0.0	0.0	163.28409910188267	0.0	0.0	0.0	0.0	0.0	0.0	3.4840315188196147	0.0	0.0	0.0	126.51483112059515	0.0	28.765571651691804	0.0	0.0	91.7534403324546	0.0	0.0	0.0	0.0	0.0	0.0
GSM4138114_HNSCC_3_PBMC_CGGACGTGTAGATTAG	122.46016733432431	90.09657008727119	157.4763509575906	81.92726396444783	44.79157260650661	0.0	0.0	0.0	0.0	0.0	0.0	0.0	0.0	68.14841175950524	0.0	0.0	0.0	5.071370127084914	86.99402780127495	0.0	0.0	0.0	0.0	0.0	0.0	0.0	0.0	0.0	0.0	0.0	0.0	0.0	0.0
GSM4138114_HNSCC_3_PBMC_CGTCCATAGATGTGTA	52.79627383882831	20.21976056619737	49.984334049232785	0.0	73.17754811411173	0.0	0.0	0.0	103.08649101790216	0.0	32.22949836378502	0.0	0.0	28.55394368602097	0.0	0.0	0.0	0.0	0.0	0.0	0.0	0.0	0.0	0.0	0.0	0.0	0.0	0.0	0.0	0.0	0.0	0.0	0.0
GSM4138114_HNSCC_3_PBMC_CGTCTACGTACCGAGA	58.202138746217436	179.11264461073992	65.81353702796171	1.8593964108490058	0.0	0.0	0.0	0.0	0.0	48.900609994158565	0.0	62.49339424973221	0.0	0.0	0.0	0.0	60.99133394543596	0.0	0.0	0.0	0.0	0.0	0.0	0.0	0.0	0.0	0.0	0.0	0.0	0.0	0.0	94.27512716796274	0.0
GSM4138114_HNSCC_3_PBMC_CGTTCTGCACGTCTCT	47.281337350565146	90.85123016640563	81.21896684212923	62.79326024240635	59.06353658626407	0.0	49.51501319238154	0.0	0.0	0.0	0.0	0.0	0.0	0.0	0.0	0.0	0.0	0.0	0.0	45.80500219828093	0.0	0.0	0.0	0.0	0.0	0.0	0.0	0.0	0.0	0.0	0.0	0.0	0.0
GSM4138114_HNSCC_3_PBMC_CTAGAGTCAAGCCATT	50.88243469986231	24.553319588958246	39.430141816898924	82.42512239778686	14.884221425558867	0.0	0.0	0.0	0.0	0.0	0.0	0.0	0.0	0.0	0.0	0.0	85.67497208541529	0.0	0.0	0.0	0.0	0.0	0.0	13.368527541679109	16.419183506488398	0.0	0.0	3.6829884874681396	0.0	0.0	0.0	88.68880459298113	0.0
GSM4138114_HNSCC_3_PBMC_CTCAGAAGTCAGTGGA	52.26094911999508	43.51894370518164	0.0	0.0	0.0	0.0	0.0	43.675998512924224	0.0	0.0	0.0	57.67085311417588	27.020337179019613	0.0	0.0	70.24034949057469	0.0	0.0	0.0	0.0	0.0	0.0	0.0	0.0	0.0	1.484236816970286	0.0	0.0	78.33702798660944	0.0	0.0	0.0	0.0
GSM4138114_HNSCC_3_PBMC_CTCATTACATCGGTTA	71.8359955926224	23.404912612536297	63.46199352349977	0.0	0.0	0.0	61.409884488744545	13.882001250459556	0.0	0.0	0.0	32.430535489423946	78.73245262519995	0.0	0.0	0.0	0.0	0.0	0.0	46.9700583772701	7.577435250474072	0.0	17.45643834049632	0.0	0.0	0.0	0.0	0.0	0.0	0.0	0.0	0.0	0.0
GSM4138114_HNSCC_3_PBMC_CTCATTATCGGAGCAA	63.13510384328876	64.1282821273733	33.863961933569186	15.976454457224937	0.0	0.0	52.885842141058404	0.0	0.0	0.0	14.491219110631306	0.0	0.0	0.0	0.0	67.9274238474144	0.0	0.0	0.0	0.0	0.0	0.0	0.0	0.0	89.3250661275382	0.0	0.0	0.0	0.0	0.0	0.0	0.0	0.0
GSM4138114_HNSCC_3_PBMC_CTGCTGTAGGACGAAA	75.96459357334503	45.209817025854946	86.80278327529655	0.0	31.97183592337464	0.0	0.0	0.0	0.0	0.0	63.366316420137835	0.0	0.0	0.0	0.0	76.47181364542057	0.0	0.0	112.02946733736778	0.0	17.876268234006385	0.0	0.0	0.0	0.0	0.0	0.0	0.0	0.0	0.0	0.0	0.0	0.0
GSM4138114_HNSCC_3_PBMC_CTGTTTAGTAAGTGTA	50.83780528871269	108.51079011737458	55.93534995263523	56.74273228214253	46.766910297637	45.37745773813933	68.4881468868478	0.0	0.0	0.0	0.0	0.0	0.0	0.0	0.0	0.0	0.0	0.0	0.0	0.0	0.0	0.0	0.0	0.0	0.0	0.0	0.0	0.0	0.0	0.0	0.0	0.0	0.0
GSM4138114_HNSCC_3_PBMC_GAAATGACAGCTTAAC	23.740554131711946	56.42292272762611	34.808684053483184	0.0	50.207271570149665	0.0	0.0	0.0	0.0	0.0	48.2751173608007	0.0	0.0	31.132529637653924	0.0	0.0	0.0	0.0	0.0	0.0	108.92202256076752	0.0	0.0	0.0	0.0	0.0	0.0	0.0	0.0	0.0	0.0	0.0	0.0
GSM4138114_HNSCC_3_PBMC_GACCTGGGTTAAAGTG	12.802506291464002	68.026229350181	20.566554398524456	16.58989870218442	0.0	65.61713643153234	0.0	41.0847062377444	46.15723526808255	8.641586078129055	0.0	0.0	21.991201478004147	0.0	0.0	0.0	0.0	4.515016797659636	0.0	0.0	0.0	0.0	0.0	0.0	8.455094276860923	0.0	0.0	0.0	0.0	14.3667887471847	0.0	0.0	0.0
GSM4138114_HNSCC_3_PBMC_GATCAGTTCATCTGCC	112.34066699280415	70.48919722596881	58.87357946505327	0.0	0.0	0.0	0.0	0.0	0.0	0.0	80.4644945589041	0.0	0.0	0.0	0.0	0.0	72.20019207361986	0.0	0.0	0.0	0.0	0.0	17.4448951622919	0.0	0.0	0.0	0.0	0.0	0.0	0.0	61.142480883837855	0.0	0.0
GSM4138114_HNSCC_3_PBMC_GATCGATTCGCCAAAT	98.93820843333762	74.46019365333525	36.52614737608713	53.72193292256914	89.07512743010304	0.0	0.0	0.0	37.59787218261959	0.0	0.0	0.0	0.0	60.5110953465428	0.0	0.0	40.86854742273074	0.0	14.539896520407769	0.0	0.0	0.0	0.0	0.0	0.0	0.0	0.0	0.0	0.0	0.0	0.0	0.0	0.0
GSM4138114_HNSCC_3_PBMC_GATCGTACATGCCCGA	23.276730273467614	27.67607669853637	0.0	0.0	0.0	36.24581122268587	0.0	152.92310037920632	17.78773905626969	30.89937572507336	6.67498137978449	0.0	0.0	0.0	8.490718815930766	0.0	0.0	0.0	0.0	0.0	0.0	0.0	54.78285136998097	0.0	0.0	0.0	0.0	0.0	0.0	38.85187396773122	0.0	0.0	0.0
GSM4138114_HNSCC_3_PBMC_GATCTAGGTCTTGATG	45.08067730926509	91.33924018363459	23.532252341709086	69.9741012062539	40.07937999638028	0.0	0.0	11.60437328943704	32.5550150802719	0.0	0.0	0.0	0.0	0.0	37.09118457175954	0.0	0.0	0.0	0.0	0.0	0.0	0.0	0.0	0.0	0.0	0.0	0.0	0.0	0.0	0.0	0.0	71.580679613069	0.0
GSM4138114_HNSCC_3_PBMC_GCAAACTCAAACAACA	159.23994901641493	36.823804365876285	48.03891362167764	0.0	0.0	27.587422440435972	64.60751389550617	0.0	0.0	51.332010450347816	0.0	77.34354736582478	0.0	33.417801525312974	0.0	0.0	0.0	0.0	0.0	0.0	1.026353948541783	0.0	0.0	0.0	0.0	0.0	0.0	0.0	0.0	0.0	0.0	0.0	0.0
GSM4138114_HNSCC_3_PBMC_GCAAACTGTTCTGTTT	128.477037190874	47.88335395641717	0.0	0.0	20.63457282542895	0.0	88.24938240441612	28.29900338929947	0.0	41.57671425626823	0.0	0.0	1.6144965967275382	58.68409739918163	0.0	0.0	0.0	19.974172924253367	0.0	0.0	0.0	0.0	0.0	0.0	0.0	0.0	0.0	0.0	0.0	0.0	0.0	0.0	0.0
GSM4138114_HNSCC_3_PBMC_GCACATATCAGGCGAA	167.263492453429	72.29981872931559	56.57875699376741	58.31458814508364	104.92844046856094	0.0	0.0	37.524522167709534	161.92765377912733	0.0	0.0	0.0	0.0	0.0	0.0	0.0	0.0	0.0	0.0	62.069883494490725	0.0	0.0	0.0	0.0	0.0	0.0	0.0	0.0	0.0	0.0	0.0	0.0	0.0
GSM4138114_HNSCC_3_PBMC_GCATGATCAGCTGTGC	34.99560605262174	31.289594053263652	58.20805831483963	0.0	0.0	0.0	0.0	19.517094299975273	0.0	0.0	63.07402732604352	22.817192828580584	0.0	0.0	0.0	0.0	0.0	0.0	0.0	0.0	5.234194178440127	0.0	0.0	0.0	0.0	0.0	0.0	0.0	0.0	0.0	90.0229441167683	0.0	0.0
GSM4138114_HNSCC_3_PBMC_GCGACCACAGGGTACA	26.840519635021668	82.13200753606579	24.990374217895962	0.0	27.753123630275503	0.0	0.0	0.0	0.0	9.470501083552824	43.97249260767907	0.0	0.0	0.0	0.0	64.15353339183578	53.49148208816614	0.0	48.23041836501689	0.0	0.0	0.0	0.0	0.0	0.0	0.0	0.0	0.0	0.0	0.0	0.0	0.0	0.0
GSM4138114_HNSCC_3_PBMC_GCGCAACTCGTTGCCT	65.82109359778212	42.65670136819838	34.59214391735109	18.1845522605828	19.82600022607164	69.11576235524451	0.0	0.0	0.0	0.0	17.093295116303473	0.0	0.0	0.0	41.64276383190488	0.0	0.0	0.0	0.0	0.0	0.0	0.0	0.0	0.0	0.0	3.9957365215551794	0.0	0.0	0.0	0.0	0.0	0.0	0.0
GSM4138114_HNSCC_3_PBMC_GCGCCAACAAGGCTCC	67.93065474056178	49.02309826815415	115.27716001423138	49.91610160636775	0.0	0.0	0.0	0.0	0.0	0.0	0.0	0.0	0.0	0.0	88.93287832390394	0.0	0.0	66.47458511908589	0.0	0.0	0.0	0.0	0.0	0.0	0.0	0.0	51.90127790952108	0.0	0.0	0.0	0.0	0.0	0.0
GSM4138114_HNSCC_3_PBMC_GCTCTGTAGTGTCTCA	54.723085441234616	103.70368559461289	85.9906608105203	79.7407522639585	0.0	5.296237582006195	0.0	0.0	73.62248595857173	0.0	0.0	86.78316661873119	0.0	0.0	0.0	0.0	0.0	0.0	3.8967446455751458	0.0	0.0	0.0	0.0	0.0	0.0	0.0	0.0	0.0	0.0	0.0	0.0	0.0	0.0
GSM4138114_HNSCC_3_PBMC_GCTGCTTAGATAGTCA	75.39613893427993	131.9495384939571	40.242919472933444	0.0	0.0	0.0	0.0	0.0	0.0	49.810937618712984	24.41505440433166	30.535196889706103	0.0	0.0	0.0	51.50205299439768	0.0	0.0	0.0	0.0	0.0	113.64533101569998	0.0	0.0	0.0	0.0	0.0	0.0	0.0	0.0	0.0	0.0	0.0
GSM4138114_HNSCC_3_PBMC_GGATGTTAGCTACCTA	90.61156709579294	103.28670080983014	49.24362162181851	100.0083781868046	0.0	66.62086552210188	78.9793655742217	27.568404379458062	0.0	69.62165565341242	0.0	77.39778907190123	0.0	0.0	0.0	0.0	0.0	0.0	0.0	0.0	0.0	0.0	0.0	0.0	0.0	0.0	0.0	0.0	0.0	0.0	0.0	0.0	0.0
GSM4138114_HNSCC_3_PBMC_GGCCGATAGCACCGTC	112.28094075503587	107.53657134239539	0.0	44.8904292878673	0.0	0.0	0.0	40.82784890641072	56.51712402072331	11.765708668328326	0.0	0.0	0.0	0.0	0.0	96.26427033599657	0.0	73.66919964415041	0.0	0.0	0.0	0.0	0.0	0.0	0.0	0.0	0.0	0.0	0.0	0.0	0.0	0.0	0.0
GSM4138114_HNSCC_3_PBMC_GGCGTGTGTCCCTTGT	79.18087852925785	68.94371835386237	51.04947676120314	74.3045869378713	0.0	0.0	89.54391488151934	25.02726504156134	0.0	0.0	0.0	36.95691887043952	0.0	32.982591443006726	0.0	0.0	0.0	0.0	0.0	0.0	0.0	0.0	0.0	0.0	15.469898821194125	0.0	0.0	0.0	0.0	0.0	0.0	0.0	0.0
GSM4138114_HNSCC_3_PBMC_GGGCACTTCAGCTCTC	89.26233432372597	73.9080932224837	69.40243288576507	0.0	0.0	8.794052173988527	0.0	0.0	0.0	0.12971664711480563	0.0	0.0	44.17436100317487	25.438765254945938	0.0	0.0	17.292478669230807	87.75514051238653	63.20698693242314	0.0	0.0	0.0	0.0	0.0	0.0	0.0	0.0	0.0	0.0	0.0	0.0	0.0	0.0
GSM4138114_HNSCC_3_PBMC_GTAGGCCTCAAAGTAG	45.24398542152191	82.66716959299576	6.640552647481809	113.9775091439325	0.0	0.0	0.0	0.0	0.0	0.0	0.0	44.24515106896503	0.0	49.949598671316515	76.50698178034231	0.0	0.0	0.0	0.0	0.0	0.0	0.0	0.0	0.0	0.0	0.0	0.0	0.0	0.0	0.0	0.0	0.0	0.0
GSM4138114_HNSCC_3_PBMC_GTATCTTAGCTAAACA	80.38338309330058	26.280102333088294	57.276590865470986	0.0	0.0	0.0	0.0	0.0	0.0	0.0	42.98474598181213	0.0	0.0	0.0	0.0	74.15274033184382	73.38819872028932	0.0	0.0	0.0	0.0	0.0	0.0	44.76291675037985	0.0	0.0	0.0	0.0	0.0	0.0	0.0	0.0	0.0
GSM4138114_HNSCC_3_PBMC_GTCTCGTCATCTCCCA	122.10123744960308	44.68078731688005	0.0	67.24496188164181	18.94425866480015	0.0	0.0	104.89768655294975	73.20257512226836	0.0	0.0	0.0	0.0	0.0	0.0	0.0	0.0	0.0	0.0	0.0	0.0	0.0	0.0	0.0	0.0	0.0	0.0	0.0	0.0	0.0	0.0	50.432097290055324	0.0
GSM4138114_HNSCC_3_PBMC_GTGTGCGGTTCGCTAA	64.09973613473328	37.443933946692155	54.62716225006789	0.0	0.0	0.0	0.0	0.0	0.0	0.0	84.79920626212792	45.55970174320836	0.0	0.0	63.1500772597359	0.0	0.0	0.0	0.0	73.05695207093429	0.0	0.0	0.0	0.0	0.0	0.0	0.0	0.0	0.0	13.467095173723008	0.0	0.0	0.0
GSM4138114_HNSCC_3_PBMC_GTTACAGAGAGCTGCA	201.52163478429273	59.74026240337027	60.322473150122406	30.408767788826992	0.0	0.0	0.0	0.0	54.826719143334984	0.0	0.0	0.0	0.0	21.692528647914042	0.0	0.0	0.0	23.16641393434748	0.0	0.0	0.0	0.0	0.0	0.0	0.0	0.0	0.0	0.0	0.0	0.0	0.0	0.0	0.0
GSM4138114_HNSCC_3_PBMC_GTTCATTAGCTACCTA	40.22301591159742	49.448215594065005	0.0	22.73705283130024	97.80487960180915	0.0	0.0	26.640543409067398	0.0	0.0	26.239081764599675	0.0	0.0	0.0	0.0	0.0	72.57041931747999	0.0	0.0	0.0	0.0	0.0	0.0	0.0	0.0	0.0	77.4799995411563	0.0	0.0	0.0	0.0	0.0	0.0
GSM4138114_HNSCC_3_PBMC_TAAGTGCAGTTCGCAT	59.25898013356411	77.40000954755924	28.537264450847747	0.0	0.0	65.91118219019955	0.0	0.0	0.0	0.0	0.0	0.0	59.68667938920761	0.0	18.94917401171303	0.0	0.0	77.6526807581965	0.0	0.0	0.0	0.0	0.0	0.0	0.0	0.0	0.0	0.0	0.0	0.0	0.0	0.0	0.0
GSM4138114_HNSCC_3_PBMC_TACTTGTCAAGCGAGT	10.49640310755002	106.95140890453978	56.34625286877265	65.46207600072772	0.0	34.37413180041561	0.0	0.0	33.25642967108108	0.0	0.0	0.0	0.0	0.0	6.871272262835191	0.0	0.0	0.0	0.0	0.0	0.0	23.706329455482805	0.0	15.242383127406207	11.769464487408179	0.0	0.0	0.0	0.0	0.0	0.0	0.0	0.0
GSM4138114_HNSCC_3_PBMC_TAGACCATCCGGGTGT	58.227091845014655	38.227981809608515	58.16891006963208	0.0	9.416748150408996	64.96408857490445	94.25696125650659	0.0	0.0	0.0	0.0	0.0	78.58160133739352	0.0	0.0	0.0	0.0	0.0	0.0	0.0	0.0	0.0	0.0	0.0	0.0	0.0	0.0	0.0	0.0	0.0	0.0	0.0	0.0
GSM4138114_HNSCC_3_PBMC_TAGGCATAGCCACGCT	121.98452734318124	210.63053610486824	169.63162537579672	41.00388616348213	0.0	176.15522338341145	45.15548820168295	0.0	0.0	26.02725584687607	36.426469397768	0.0	0.0	0.0	0.0	0.0	290.5098862023443	0.0	0.0	0.0	0.0	0.0	171.54699545258848	0.0	0.0	63.64655383964995	0.0	0.0	0.0	0.0	0.0	0.0	0.0
GSM4138114_HNSCC_3_PBMC_TATTACCAGTGACTCT	75.12987824159998	21.48261431120561	76.99799087366338	79.96716135115796	33.102648995766856	0.0	95.559385600754	0.0	0.0	0.0	0.0	0.0	0.0	0.0	0.0	5.936234258108159	0.0	0.0	0.0	0.0	0.0	0.0	0.0	0.0	0.0	0.0	0.0	0.0	0.0	0.0	0.0	45.78394356152082	0.0
GSM4138114_HNSCC_3_PBMC_TCAACGACAGACACTT	97.17448366680915	32.02473279076735	73.85972415205384	0.0	0.0	0.0	0.0	0.0	0.0	0.0	37.908422317293365	77.26411262156921	0.0	0.0	0.0	54.82127446226873	56.85931351812055	0.0	0.0	0.0	0.0	0.0	0.0	0.0	0.0	0.0	0.0	0.0	0.0	0.0	0.0	0.0	0.0
GSM4138114_HNSCC_3_PBMC_TCAGGATTCCGTTGTC	71.97767722273967	26.906199940995503	29.45074603798815	58.73395086648489	0.0	0.0	29.342309917886293	25.76735020197451	0.0	0.0	0.0	0.0	0.0	0.0	0.0	0.0	0.0	0.0	0.0	0.0	0.0	0.0	0.0	0.0	25.612953586555903	0.0	0.0	0.0	0.0	0.0	0.0	87.88332627229953	0.0
GSM4138114_HNSCC_3_PBMC_TCATTTGGTTCCCGAG	42.128506551980834	58.704797252792766	46.09097996261369	75.22616317261456	31.997954168680014	0.0	0.0	0.0	0.0	0.0	0.0	0.0	0.0	0.0	0.0	20.49731910353589	53.764966925572104	20.021223099982024	4.444225396765147	0.0	0.0	0.0	0.0	0.0	0.0	0.0	0.0	0.0	0.0	0.0	0.0	0.0	0.0
GSM4138114_HNSCC_3_PBMC_TCGAGGCGTACTCTCC	46.289431393436296	68.44201171139412	54.73835130675786	0.0	16.818402421767157	0.0	0.0	16.46512113785846	0.0	0.0	0.0	0.0	0.0	0.0	0.0	60.156987292261825	0.0	0.0	61.40173528797839	0.0	0.0	0.0	0.0	0.0	0.0	65.389827414437	0.0	0.0	0.0	0.0	0.0	0.0	0.0
GSM4138114_HNSCC_3_PBMC_TCGCGAGTCTATCCTA	72.5922677084519	68.86224403735534	113.38198120861857	0.0	118.89739575713061	51.12781130134643	73.63019598743084	0.0	0.0	36.698704457870406	44.901305496253066	0.0	0.0	18.330357463054447	0.0	0.0	0.0	0.0	0.0	0.0	0.0	0.0	0.0	0.0	0.0	0.0	0.0	0.0	0.0	0.0	0.0	0.0	0.0
GSM4138114_HNSCC_3_PBMC_TCTGGAAGTGTAAGTA	107.8571572345364	46.46201970664288	70.90756270052604	0.0	6.780640523829633	0.0	57.16034691817546	0.0	0.0	40.5831938781838	0.0	0.0	0.0	0.0	0.0	49.61964870153301	0.0	0.0	0.0	0.0	0.0	0.0	0.0	0.0	36.81801562273849	0.0	0.0	0.0	0.0	0.0	0.0	0.0	0.0
GSM4138114_HNSCC_3_PBMC_TGACTAGTCTGAAAGA	47.111619614883615	64.81410722858381	63.72558697924508	43.39160736932813	22.640424307260947	42.36291627670859	0.0	0.0	0.0	0.0	0.0	0.0	0.0	0.0	0.0	0.0	19.114366861743434	0.0	59.59839349704847	0.0	0.0	0.0	0.0	0.0	0.0	0.0	0.0	0.0	0.0	0.0	0.0	0.0	0.0
GSM4138114_HNSCC_3_PBMC_TGACTTTCAATGGAAT	40.23656864713088	31.230389562465447	37.85864709511993	17.468008254244992	0.0	0.0	30.02139296157225	0.0	0.0	0.0	16.293485037523098	52.857015287091556	0.0	0.0	0.0	20.427134148383026	0.0	0.0	0.0	0.0	0.0	0.0	0.0	0.0	0.0	0.0	0.0	0.0	0.0	0.0	0.0	0.0	22.28580408025781
GSM4138114_HNSCC_3_PBMC_TGAGAGGGTCCGAATT	65.07867955063769	51.34610474063195	135.50052557384032	0.0	81.5673433526333	63.69743337392935	0.0	0.0	0.0	0.0	36.816834269577534	0.0	0.0	0.0	0.0	0.0	0.0	0.0	97.30133887994583	0.0	0.0	0.0	0.0	0.0	0.0	18.934128579281207	0.0	0.0	0.0	0.0	0.0	0.0	0.0
GSM4138114_HNSCC_3_PBMC_TGAGCCGGTACAGCAG	86.13702035968457	59.13489019269979	0.0	0.0	43.83446462904927	0.0	0.0	92.87223621257773	0.0	0.0	0.0	0.0	109.66772904727752	0.0	0.0	20.40412038383501	141.3511055528819	0.0	0.0	0.0	0.0	0.0	0.0	0.0	0.0	0.0	0.0	0.0	0.0	0.0	0.0	0.0	0.0
GSM4138114_HNSCC_3_PBMC_TGAGGGAAGGGTGTGT	103.54727978879356	101.46956229301493	0.0	0.0	0.0	0.0	0.0	96.63077419671279	15.97764574231667	0.0	0.0	0.0	65.23319568499274	17.506159058608283	0.0	0.0	78.75258485137061	184.42565407770536	28.026396739287787	0.0	0.0	0.0	0.0	0.0	0.0	0.0	0.0	0.0	0.0	0.0	0.0	0.0	0.0
GSM4138114_HNSCC_3_PBMC_TGAGGGAGTAGCCTAT	56.40973050135632	107.87751421056561	0.0	45.20607183340626	0.0	12.250976208049055	0.0	54.95693726031138	0.0	0.0	0.0	41.65062017534939	0.0	0.0	0.0	3.683859822130949	0.0	0.0	0.0	0.0	70.67905987225251	0.0	0.0	0.0	0.0	0.0	0.0	0.0	0.0	0.0	0.0	0.0	0.0
GSM4138114_HNSCC_3_PBMC_TGCGCAGAGGTAGCTG	71.16363091191332	82.51528799547853	22.354566598962027	59.97227032397878	54.25492891587271	48.03301933645757	0.0	0.0	94.9526361633343	0.0	0.0	0.0	0.0	0.0	0.0	0.0	0.0	0.0	0.0	0.0	0.0	0.0	0.0	0.0	0.0	0.0	0.0	0.0	0.0	0.0	0.0	0.0	0.0
GSM4138114_HNSCC_3_PBMC_TGGACGCGTTCCACAA	193.96527908843964	139.1815370360009	0.0	0.0	233.89322532526947	28.86395868099438	0.0	138.18121547206894	0.0	0.0	0.0	0.0	67.5072920378797	0.0	0.0	123.65504697334909	0.0	0.0	276.85293132497617	0.0	0.0	0.0	0.0	0.0	0.0	0.0	0.0	0.0	0.0	0.0	0.0	0.0	0.0
GSM4138114_HNSCC_3_PBMC_TTCTACAGTCTAGTGT	38.28347750333976	119.89257569430144	42.45313089690255	0.0	0.0	18.661825163463515	0.0	27.114561959223334	0.0	0.0	0.0	45.828626288692206	51.48203806541287	0.0	0.0	0.0	3.482435322030815	0.0	28.712939532856183	0.0	0.0	0.0	0.0	0.0	0.0	0.0	0.0	15.333899937521482	0.0	0.0	0.0	0.0	0.0
GSM4138114_HNSCC_3_PBMC_TTCTACATCTGCGTAA	87.45628109935912	123.02866618040701	20.519607140922172	114.07494029082255	91.61699096177956	0.0	0.0	10.008160328365312	0.0	0.0	0.0	0.0	0.0	52.620241289007645	0.0	0.0	0.0	0.0	0.0	0.0	0.0	149.72103204456678	0.0	0.0	0.0	0.0	0.0	0.0	0.0	0.0	0.0	0.0	0.0
GSM4138114_HNSCC_3_PBMC_TTCTCAAGTCAAGCGA	48.96012574370684	64.9492888959422	24.83053016526831	90.0295227990226	0.0	0.0	0.0	0.0	0.0	0.0	0.0	0.0	0.0	0.0	0.0	0.0	0.0	0.0	0.0	7.259837327212138	0.0	0.0	1.91233611766632	0.0	19.752395007196796	0.0	0.0	98.22719098160198	0.0	0.0	0.0	0.0	0.0
GSM4138114_HNSCC_3_PBMC_TTCTCAAGTTATGTGC	45.913502048700316	120.6731386246471	103.64175730201293	44.339304399952916	0.0	0.0	0.0	0.0	0.0	0.0	0.0	0.0	0.0	30.829425593425768	30.939578452236265	0.0	0.0	0.0	0.0	0.0	0.0	0.0	65.03433918601239	0.0	28.652859658862322	0.0	0.0	0.0	0.0	0.0	0.0	0.0	0.0
GSM4138114_HNSCC_3_PBMC_TTCTTAGAGGCTCTTA	33.76330530224836	51.5414922315924	57.16315433888047	0.0	9.547433897837545	0.0	0.0	0.0	0.0	22.363200760391056	0.0	0.0	43.32274096522716	0.0	0.0	0.0	0.0	16.02551811447199	0.0	64.06372945900397	46.980339872454216	0.0	0.0	0.0	0.0	0.0	0.0	0.0	0.0	0.0	0.0	0.0	0.0
GSM4138114_HNSCC_3_PBMC_TTTCCTCTCCTTTCTC	26.456749841786557	19.08508674285804	40.9596692081617	69.534397967721	0.0	0.0	39.086969716878826	0.0	0.0	0.0	0.0	0.0	0.0	0.0	0.0	1.2900430376889012	0.0	0.0	0.0	35.04686040937801	0.0	0.0	68.18437467458072	0.0	0.0	0.0	0.0	0.0	0.0	0.0	0.0	0.0	0.0
GSM4138114_HNSCC_3_PBMC_TTTGTCACACGAAAGC	82.40071748976376	88.12038463660335	0.0	0.0	0.0	0.0	0.0	55.57524941146023	0.0	0.0	26.150399167855255	0.0	29.306720248789436	0.0	0.0	0.0	0.7217479833319822	105.72382079690215	0.0	0.0	46.95545298435804	0.0	0.0	0.0	0.0	0.0	0.0	0.0	0.0	0.0	28.134577745849782	24.891402456604215	0.0
GSM4138114_HNSCC_3_PBMC_TGTGTTTTCCCATTAT	84.01695199619438	56.84359648813573	0.0	0.0	0.0	0.0	0.0	76.40513002075647	294.37303401421735	100.58114773776789	0.0	221.64567587314275	0.0	25.844173650521853	0.0	0.0	0.0	0.0	0.0	0.0	0.0	0.0	0.0	0.0	0.0	0.0	0.0	0.0	0.0	0.0	0.0	0.0	0.0
GSM4138114_HNSCC_3_PBMC_AACCATGAGCTAAACA	68.85997514327441	51.9783782589799	51.468369703940525	0.0	21.443016401194665	62.71545287799448	31.07994583335607	0.0	41.84294158867785	0.0	100.03529753318263	0.0	0.0	0.0	7.015952926789228	0.0	0.0	0.0	0.0	0.0	0.0	0.0	0.0	0.0	0.0	0.0	0.0	0.0	0.0	0.0	0.0	0.0	0.0
GSM4138114_HNSCC_3_PBMC_AACTTTCCAGCCTTTC	54.71297522758457	78.23456753159888	45.71404846097675	0.0	0.0	0.0	0.0	0.0	0.0	2.294613681154792	91.41194795099656	0.0	0.0	67.65897770405802	50.58434320963956	0.0	0.0	0.0	0.0	0.0	57.58426040477412	0.0	81.34590964019075	0.0	0.0	0.0	0.0	0.0	0.0	0.0	0.0	0.0	0.0
GSM4138114_HNSCC_3_PBMC_AAGGTTCGTAAATGAC	66.68481123887061	50.504321358149205	49.85751605305985	0.0	0.0	0.0	0.0	0.0	0.0	23.79184162396663	0.0	83.21241257722932	0.0	23.96355075447843	0.0	0.0	0.0	0.0	0.0	0.0	0.0	0.0	0.0	0.0	0.0	0.0	0.0	0.0	0.0	95.31226903299978	0.0	0.0	0.0
GSM4138114_HNSCC_3_PBMC_ACAGCCGCATCCCACT	95.73009015991028	61.53031396649303	129.10650660963202	77.10968914506344	0.0	64.71152335814092	0.0	0.0	0.0	0.0	0.0	74.9446442433202	0.0	0.11790103715860398	125.63036048383847	0.0	0.0	0.0	0.0	0.0	0.0	0.0	0.0	0.0	0.0	0.0	0.0	0.0	0.0	0.0	0.0	0.0	0.0
GSM4138114_HNSCC_3_PBMC_ACATACGGTCACTGGC	150.9398480444498	148.8421350219099	46.91418528402101	26.813157478517855	0.0	85.68335417217095	0.0	0.0	0.0	0.0	71.863414410367	0.0	13.7706981868852	0.0	0.0	0.0	0.0	0.0	0.0	0.0	0.0	65.55322208535817	66.93181657960542	0.0	0.0	0.0	0.0	0.0	0.0	4.114128603451258	0.0	0.0	0.0
GSM4138114_HNSCC_3_PBMC_ACCCACTCATGGTCAT	71.91940798534681	102.72719500225608	51.640431838563146	0.0	0.0	39.286650344839416	0.0	0.0	0.0	0.0	0.0	0.0	40.687282639834024	0.0	74.66635510644815	7.760865592949691	0.0	82.59216045398038	0.0	0.0	0.0	0.0	0.0	0.0	0.0	0.0	0.0	0.0	0.0	0.0	0.0	0.0	0.0
GSM4138114_HNSCC_3_PBMC_ACGATGTGTACCATCA	78.3733532848427	82.8195038001669	0.0	0.0	0.0	22.479664567172332	0.0	147.20756373109703	0.0	6.035477071227013	39.29382310173928	64.19307437878916	7.312871041986681	0.0	111.9685867143451	0.0	0.0	0.0	0.0	0.0	0.0	0.0	0.0	0.0	0.0	25.059875049098533	68.59074491596016	0.0	0.0	0.0	0.0	0.0	0.0
GSM4138114_HNSCC_3_PBMC_ACGCCAGCACACTGCG	156.91152158451817	104.40208079567233	93.77477756773328	0.0	46.34557674056785	42.51787995748644	33.6025266380521	0.0	0.0	4.215953947938894	0.0	0.0	78.18218968879587	22.239087810860777	0.0	0.0	0.0	0.0	0.0	0.0	0.0	0.0	0.0	0.0	0.0	0.0	0.0	0.0	85.95621362971501	0.0	0.0	0.0	0.0
GSM4138114_HNSCC_3_PBMC_ACGGGTCGTTACGACT	29.537343742588828	75.57759759571213	37.8863920242475	32.71205418570781	0.0	24.84570272058831	0.0	0.0	60.081058260713476	78.87467835969625	0.0	26.83667765281432	0.0	0.0	0.9808799965364738	0.0	0.0	0.0	0.0	0.0	0.0	0.0	0.0	0.0	0.0	0.0	0.0	0.0	0.0	0.0	0.0	0.0	0.0
GSM4138114_HNSCC_3_PBMC_ACGGGTCTCTGCCCTA	37.19677920491363	63.86495027698494	76.97910362354344	0.0	0.0	31.55617843143329	31.97787890872131	0.0	0.0	0.0	0.0	41.397384551283174	0.0	0.0	0.0	0.0	0.0	0.0	0.0	0.0	0.0	0.0	0.0	0.0	0.0	66.52608107753576	0.0	0.0	0.0	0.0	0.0	0.0	0.0
GSM4138114_HNSCC_3_PBMC_ACTTACTGTCATGCAT	47.68558885808494	15.657917519946821	56.88273917106395	33.36375520740383	0.0	0.0	63.97945921786969	12.120745897886323	0.0	0.0	0.0	38.66971135032336	0.0	62.21617196988371	0.0	0.0	0.0	0.0	0.0	0.0	0.0	0.0	0.0	0.0	0.0	0.0	0.0	0.0	33.031429806170706	0.0	0.0	0.0	0.0
GSM4138114_HNSCC_3_PBMC_ACTTGTTAGAGTAAGG	61.33029486436011	30.006144761089153	0.0	0.0	0.0	0.0	0.0	42.50570812802734	0.0	103.81259106811582	0.0	0.0	0.0	0.0	0.0	14.5116368814918	0.0	0.0	0.0	0.0	82.07474037975355	0.0	77.33310449581876	0.0	0.0	0.0	0.0	0.0	0.0	0.0	0.0	0.0	0.0
GSM4138114_HNSCC_3_PBMC_AGCGTCGCAACTGCGC	37.09134537790643	54.706504346182065	87.10094337609394	0.0	87.55460853062573	80.06415414978709	63.53908949741991	0.0	0.0	0.0	36.58266519335791	0.0	0.0	0.0	0.0	0.0	0.0	0.0	0.0	0.0	0.0	0.0	0.0	0.0	0.0	1.2303479405509243	0.0	0.0	0.0	0.0	0.0	0.0	0.0
GSM4138114_HNSCC_3_PBMC_AGCTTGAAGGAGCGTT	55.803199821098346	40.46824173285847	3.469159536335106	0.0	63.3455142816069	0.0	0.0	23.91276470879253	0.0	0.0	0.0	0.0	66.38974920912443	0.0	0.0	5.000753893142581	0.0	0.0	0.0	18.338530386409193	0.0	0.0	0.0	0.0	0.0	0.0	0.0	0.0	98.93861453354545	0.0	0.0	0.0	0.0
GSM4138114_HNSCC_3_PBMC_AGGGATGCATCCGCGA	51.22183929805915	53.002739831100186	66.74261393618472	0.0	5.833900588938054	0.0	0.0	6.712255235254359	0.0	34.39603958290685	0.0	28.003424210777712	5.73526051039157	0.0	0.0	47.00330514761303	0.0	24.24256912045473	0.0	0.0	120.35821423359222	0.0	0.0	0.0	0.0	17.58202602592278	0.0	0.0	0.0	0.0	0.0	0.0	0.0
GSM4138114_HNSCC_3_PBMC_AGGTCATAGTTGCAGG	88.43346758808691	90.62219927665357	84.5786543842727	0.0	0.0	110.75454205093946	0.0	11.76141068429417	0.0	0.0	0.0	5.445957215821064	1.5991325694343461	0.0	0.0	0.0	0.0	0.0	0.0	0.0	0.0	0.0	0.0	32.426967062469664	0.0	118.67674008132241	0.0	0.0	71.04586156166668	0.0	0.0	0.0	0.0
GSM4138114_HNSCC_3_PBMC_AGGTCCGTCAGCTGGC	44.56318429502024	79.79512896407857	32.363017474377955	0.0	50.18947882743502	11.901179358330458	0.0	0.0	61.17765614369197	36.74162925633589	0.0	0.0	0.0	0.0	0.0	0.0	0.0	0.0	0.0	0.0	0.0	0.0	0.0	0.0	0.0	0.0	0.0	0.0	0.0	0.0	0.0	0.0	0.0
GSM4138114_HNSCC_3_PBMC_AGTGGGATCGATAGAA	79.43140864070322	118.3195989754176	82.0565296174278	0.0	0.0	0.0	24.3015868358912	0.0	0.0	0.0	43.517757855960845	0.0	9.100734669025563	0.0	0.0	82.27165892893954	0.0	0.0	0.0	0.0	0.0	0.0	0.0	0.0	36.88263162004264	15.98180572441692	0.0	0.0	0.0	76.49995320548986	0.0	0.0	0.0
GSM4138114_HNSCC_3_PBMC_AGTGTCAAGTGTACTC	118.56075869863926	44.725637706379494	87.29904945807748	0.0	23.765991089049365	0.0	0.0	0.0	10.259998079329186	50.19781920976206	0.0	0.0	0.0	0.0	0.0	0.0	32.869281175423396	5.971680503660763	38.37783530754986	42.77627438156305	0.0	0.0	0.0	0.0	0.0	0.0	0.0	0.0	0.0	0.0	0.0	0.0	0.0
GSM4138114_HNSCC_3_PBMC_ATAGACCAGTGACATA	155.3765347604046	114.74366592108086	146.3100308944784	80.37042826962697	59.68625888501373	21.263459757330875	0.0	0.0	85.81272187368377	0.0	0.0	0.0	0.0	0.0	0.0	0.0	0.0	37.90547775362487	0.0	0.0	0.0	0.0	0.0	0.0	0.0	0.0	0.0	0.0	0.0	0.0	0.0	0.0	0.0
GSM4138114_HNSCC_3_PBMC_ATCACGAGTAAGTTCC	51.263397366118596	80.01788532563234	24.700524094536767	0.0	30.93781823276718	0.0	0.0	20.974098091617325	82.96128946850042	8.027876318952703	40.77400086283811	0.0	0.0	0.0	0.0	0.0	0.0	0.0	0.0	26.244390116173122	0.0	0.0	0.0	0.0	0.0	0.0	0.0	0.0	0.0	0.0	0.0	0.0	0.0
GSM4138114_HNSCC_3_PBMC_ATGGGAGTCACGCGGT	79.07336589464681	156.91432465863156	122.00992886818575	82.3961983915033	0.0	25.887646224153272	121.59776107499663	0.0	0.0	0.0	0.0	0.0	0.0	0.0	0.0	17.504870568129213	0.0	0.0	0.0	0.0	0.0	0.0	0.0	39.42639672789693	39.32645000058546	0.0	0.0	0.0	0.0	0.0	0.0	0.0	0.0
GSM4138114_HNSCC_3_PBMC_ATTGGACTCTCTTATG	41.5506194031337	77.42045001072562	32.08112444251827	7.165489516956157	17.392959775959497	0.0	0.0	0.0	0.0	7.434259242556474	0.0	0.0	0.0	0.0	0.0	0.0	0.0	0.0	25.937908853266094	30.659279454712316	0.0	0.0	0.0	0.0	0.0	11.566154302683758	0.0	0.0	0.0	0.0	0.0	0.0	0.0
GSM4138114_HNSCC_3_PBMC_CAACCTCGTACATCCA	53.57293426211639	48.578959612651445	50.932166707055615	12.855237579717675	0.0	0.0	57.377045456449885	0.0	17.940001151331874	1.5928692273363656	0.0	0.0	51.9258010289806	0.0	4.2055149502773155	0.0	0.0	48.101727570412805	0.0	93.08619894665837	16.59354046905008	0.0	0.0	0.0	0.0	0.0	0.0	0.0	0.0	0.0	0.0	0.0	0.0
GSM4138114_HNSCC_3_PBMC_CAACTAGCACAACGCC	75.29971087115914	76.4923473162397	62.72944787038081	0.0	0.0	11.249241625771761	0.0	0.0	0.0	0.0	0.0	68.92882173171273	65.64786140368211	0.0	0.7602771444339794	0.0	0.0	0.0	0.0	0.0	0.0	61.617717273984496	0.0	1.4946464429390145	0.0	0.0	0.0	0.0	0.0	6.963174768583554	0.0	0.0	0.0
GSM4138114_HNSCC_3_PBMC_CAAGAAATCTATGTGG	46.51566886721154	50.37543116537819	0.0	0.0	52.47027308047754	45.706740207503664	0.0	44.28054645020882	73.9495615779102	0.0	0.0	0.0	74.57068350780371	0.0	0.0	0.0	0.0	0.0	0.0	0.0	0.0	0.0	0.0	0.0	0.0	0.0	0.0	0.0	0.0	0.0	0.0	0.0	0.0
GSM4138114_HNSCC_3_PBMC_CAAGATCCACCAGATT	44.96811997605742	44.79463344054637	97.73034623507635	0.0	0.0	4.043136016982134	0.0	0.0	49.482309856951204	54.75303679387235	32.242820131985845	46.81424151812196	0.0	0.0	0.0	0.0	0.0	0.0	17.563166732861898	0.0	0.0	0.0	0.0	0.0	0.0	0.0	0.9065349387533393	0.0	0.0	0.0	0.0	58.86184391287567	0.0
GSM4138114_HNSCC_3_PBMC_CAGTAACAGCAACGGT	110.83380050801725	57.319669230056256	34.51919430263237	0.0	0.0	25.125389634134905	0.0	0.0	32.839392031546446	0.0	0.0	0.0	45.65638108967735	0.0	0.0	3.7193337558320483	0.0	60.00511153740887	20.824368593492668	0.0	0.0	0.0	0.0	0.0	0.0	0.0	0.0	0.0	0.0	0.0	0.0	0.0	0.0
GSM4138114_HNSCC_3_PBMC_CATATGGCAAGTAGTA	76.316505123081	144.28334743309645	60.83650681574381	65.86879729821082	48.54685498811905	0.0	0.0	21.133043417250242	102.887667342456	0.0	18.390811667328627	0.0	0.0	55.28726318101858	18.14096639785882	0.0	0.0	0.0	0.0	0.0	0.0	0.0	0.0	0.0	0.0	0.0	0.0	0.0	0.0	0.0	0.0	0.0	0.0
GSM4138114_HNSCC_3_PBMC_CATATGGGTACGAAAT	33.39821269432843	45.38698271595033	0.0	0.0	81.81727983621371	0.0	0.0	78.76653430000194	28.717594495514156	62.987863233768806	0.0	0.0	0.0	0.0	0.0	0.0	0.0	0.0	0.0	0.0	0.0	0.0	0.0	0.0	0.0	0.0	0.0	0.0	0.0	0.0	63.51878927066354	0.0	0.0
GSM4138114_HNSCC_3_PBMC_CATCCACTCGCATGGC	121.3808990265137	90.06405899149777	114.0004844579034	84.98060771441872	69.56867207916693	31.60267229721103	44.971824560171235	0.0	0.0	0.0	0.0	0.0	0.0	0.0	51.29732891653137	20.561594040316038	0.0	0.0	0.0	0.0	0.0	0.0	0.0	0.0	0.0	0.0	0.0	0.0	0.0	0.0	0.0	0.0	0.0
GSM4138114_HNSCC_3_PBMC_CCAGCGATCACAATGC	85.00869821412037	84.5862206666607	0.0	0.0	0.0	0.0	0.0	92.48022770863342	0.0	72.05116144629329	0.0	47.43796197956819	0.0	0.0	0.0	0.0	0.0	0.0	0.0	63.61830301168166	0.0	0.0	0.0	0.0	0.0	0.0	0.0	0.0	89.23846899676336	0.0	0.0	0.0	0.0
GSM4138114_HNSCC_3_PBMC_CCCATACGTTTGGGCC	120.53705388157893	127.14577021175376	50.13366737566444	0.0	118.46705458618061	50.02687595687506	0.0	0.0	6.966651128267902	0.0	61.26732315726942	0.0	0.0	0.0	94.14039989172643	0.0	0.0	0.0	0.0	0.0	0.0	0.0	0.0	0.0	0.0	0.0	0.0	0.0	0.0	0.0	0.0	0.0	0.0
GSM4138114_HNSCC_3_PBMC_CCGGGATTCAGCTCGG	53.18889843380274	68.47737383789617	78.72333988939275	53.90529761620217	54.30461919564152	0.0	0.0	0.0	36.963447607924316	17.129371568151697	12.736252713453045	0.0	0.0	11.580845485311652	0.0	25.715048928741375	0.0	0.0	0.0	0.0	0.0	0.0	0.0	0.0	0.0	0.0	0.0	0.0	0.0	0.0	0.0	0.0	0.0
GSM4138114_HNSCC_3_PBMC_CCGGTAGAGGACAGAA	256.24516225366165	217.36732805584114	137.70884674107057	0.0	78.10725156160228	0.0	37.21916231317672	0.0	0.0	0.0	0.0	0.0	136.66878129610583	99.86809417495941	121.58310982934991	0.0	0.0	0.0	0.0	0.0	0.0	0.0	0.0	0.0	0.0	0.0	0.0	0.0	0.0	0.0	0.0	0.0	0.0
GSM4138114_HNSCC_3_PBMC_CCGGTAGCAGCATGAG	85.10659332183612	87.54452881198961	0.0	79.06319748137385	0.0	38.95595944489824	0.0	109.73773137456901	0.0	0.0	0.0	0.0	0.0	0.0	0.0	0.0	0.0	0.0	0.0	0.0	61.418622207513685	0.0	0.0	15.112588577676032	0.0	0.0	0.0	0.0	0.0	0.0	0.0	0.0	0.0
GSM4138114_HNSCC_3_PBMC_CCGTACTCATCGATGT	48.156848592894754	66.61929601964587	32.14933562788163	0.0	28.313193400211464	0.0	0.0	0.0	105.76382847851286	51.80170546259505	0.0	4.287809019227106	2.0558953573199545	37.53295947483433	0.0	0.0	0.0	0.0	0.0	0.0	0.0	0.0	0.0	0.0	0.0	0.0	0.0	0.0	0.0	0.0	0.0	0.0	0.0
GSM4138114_HNSCC_3_PBMC_CCTATTAGTCCAAGTT	72.61810899775519	57.7643214171937	31.12724674309041	20.025123403495193	0.0	36.43774043063376	0.0	0.0	0.0	0.0	0.0	0.0	0.0	0.0	48.10026151924289	0.0	0.0	0.0	0.0	0.0	0.0	0.0	53.34093599383484	0.0	0.0	0.0	0.0	0.0	0.0	0.0	0.0	0.0	0.0
GSM4138114_HNSCC_3_PBMC_CCTTCGAGTGGCTCCA	42.98733198448302	116.12957357504355	0.0	43.246844462448585	42.496685277168055	0.0	0.0	60.74336538524499	0.0	0.0	0.0	0.0	21.659873580717402	0.0	0.0	0.0	32.1492748191125	0.0	0.0	0.0	0.0	0.0	0.0	0.0	0.0	61.83576288891029	35.46770859700833	0.0	0.0	0.0	0.0	0.0	0.0
GSM4138114_HNSCC_3_PBMC_CCTTTCTCAAAGGCGT	74.33241013170867	102.7002995929522	77.63413375911608	76.32150193267665	100.37941264676131	24.138731063634765	0.0	0.0	85.12930590489107	0.0	0.0	0.0	0.0	0.0	0.0	0.0	0.0	0.0	0.0	0.0	0.0	0.0	0.0	0.0	0.0	0.0	0.0	0.0	0.0	0.0	0.0	0.0	0.0
GSM4138114_HNSCC_3_PBMC_CGAGAAGAGTGCGTGA	92.73064740575819	25.633697437539134	59.57525562379571	56.62042773867771	0.0	0.0	0.0	0.0	64.62109836562082	3.289160783151616	0.0	0.0	0.0	45.5084467797046	0.0	0.0	0.0	28.043157724331724	0.0	0.0	0.0	0.0	0.0	0.0	0.0	0.0	0.0	0.0	0.0	0.0	0.0	0.0	0.0
GSM4138114_HNSCC_3_PBMC_CGATGTAAGGACTGGT	65.17915275522702	65.94778342642752	52.48622152620134	0.0	0.0	0.0	0.0	0.0	0.0	0.0	0.0	46.50342260931761	147.89281269022592	71.67405429299068	0.0	9.433521395449704	0.0	0.0	0.0	0.0	53.11165886870998	0.0	0.0	0.0	0.0	0.0	0.0	0.0	0.0	0.0	0.0	0.0	0.0
GSM4138114_HNSCC_3_PBMC_CGGACACGTGACCAAG	106.02423018868936	137.85516773462248	0.0	0.0	0.0	0.0	0.0	81.68909863302412	0.0	0.0	66.50854064119193	41.365023117028066	0.0	0.0	7.2029113822276845	47.4499167232448	0.0	0.0	0.0	0.0	47.10000162582024	28.905173976621004	0.0	0.0	0.0	0.0	0.0	0.0	0.0	0.0	0.0	0.0	0.0
GSM4138114_HNSCC_3_PBMC_CGGACTGGTTCTGTTT	78.72092037944374	40.95030807868585	59.218129199601066	0.0	0.0	46.24185313166152	0.0	0.0	0.0	57.518028003451654	0.0	16.458043425596966	56.77657545010239	0.0	0.0	0.0	25.892331599677956	0.0	44.6174611559797	0.0	0.0	0.0	0.0	0.0	0.0	0.0	0.0	0.0	0.0	0.0	0.0	0.0	0.0
GSM4138114_HNSCC_3_PBMC_CGGGTCACATCTATGG	62.56756092211161	44.52667260652965	2.9338212231875604	37.20097654139491	0.0	0.0	0.0	25.137805221222823	15.409382145103903	0.0	0.0	0.0	0.0	0.0	0.0	0.0	22.146245237118148	0.0	0.0	0.0	0.0	0.0	0.0	26.76826648981753	0.0	0.0	43.229833219569834	0.0	0.0	0.0	0.0	11.290531369425317	9.818783782554602
GSM4138114_HNSCC_3_PBMC_CGTGTCTTCATGCTCC	87.73870309111983	108.10706187447128	81.82856915985364	0.0	0.0	49.695254794374854	71.93438885477941	0.0	0.0	72.73402474930117	0.0	32.779976101122124	5.7654548465271525	0.0	0.0	13.200552914455427	0.0	0.0	0.0	0.0	0.0	0.0	0.0	0.0	0.0	0.0	26.33216552414697	7.178602966289287	0.0	0.0	0.0	0.0	0.0
GSM4138114_HNSCC_3_PBMC_CTAACTTGTGGCAAAC	64.73238450335805	107.68543379063011	71.82680612268267	0.0	30.72703006045175	27.80118941148833	0.0	0.0	0.0	0.0	65.97301035885036	0.0	0.0	15.094551875583248	118.68872701011784	14.391549089633541	0.0	0.0	0.0	0.0	0.0	40.343430005981055	0.0	0.0	0.0	0.0	0.0	0.0	0.0	0.0	0.0	0.0	0.0
GSM4138114_HNSCC_3_PBMC_CTAACTTTCAGCTGGC	91.32194726080976	51.41618754344513	72.81172182645066	4.713230916762115	0.0	0.0	0.0	0.0	82.00872222992703	0.0	71.74412205308437	0.0	0.0	0.0	0.0	0.03819840252237454	0.0	126.5344954438697	0.0	11.746832090402497	0.0	0.0	0.0	0.0	0.0	0.0	61.07831832944788	0.0	0.0	0.0	0.0	0.0	0.0
GSM4138114_HNSCC_3_PBMC_CTCGAAACAAGGACAC	133.67684703389097	123.5037672328493	0.0	0.0	59.469715285754326	90.1486977433125	79.61641683042129	63.72797232503947	0.0	0.0	85.19122854245906	0.0	0.0	0.0	0.0	0.0	0.11139673253128964	2.1915718678944724	26.667733245780944	0.0	0.0	0.0	0.0	0.0	0.0	0.0	0.0	0.0	0.0	0.0	0.0	0.0	0.0
GSM4138114_HNSCC_3_PBMC_CTCTACGAGTGCGTGA	67.23151561442411	66.10721746373905	56.41196121007011	46.52805738214199	39.34426740823212	0.0	0.0	0.0	0.0	0.0	0.0	0.0	0.0	0.0	0.0	38.68171048987057	35.88357092134307	0.0	0.0	0.0	0.0	0.0	0.0	0.0	0.0	0.0	0.0	0.0	0.0	0.0	0.0	0.0	0.0
GSM4138114_HNSCC_3_PBMC_CTGAAGTAGAAACCGC	37.18391052485368	95.08964323163768	33.29847358116806	43.530847899436786	41.256934814498756	88.02087513354563	0.0	23.44203826496268	0.0	0.0	0.0	0.0	0.0	0.0	55.98479239822204	0.0	0.0	0.0	0.0	0.0	0.0	0.0	0.0	0.0	0.0	0.0	0.0	0.0	0.0	0.0	0.0	0.0	0.0
GSM4138114_HNSCC_3_PBMC_CTGAAGTCACTAAGTC	107.73016836515298	57.35152907326448	83.73009789708433	84.7621684937913	0.0	0.0	74.15016822239924	1.0642994955655716	0.0	0.0	0.0	0.0	0.0	0.0	14.490747509003198	32.023954668489544	0.0	0.0	0.0	0.0	0.0	0.0	0.0	0.0	25.91075983915048	0.0	0.0	0.0	0.0	0.0	0.0	0.0	0.0
GSM4138114_HNSCC_3_PBMC_CTGTTTACACAACGTT	46.69702847124513	58.77556252177068	0.0	0.0	0.0	35.00451693787455	0.0	53.28510795730341	0.0	0.0	0.0	0.0	83.22605415016142	0.0	0.0	0.0	0.0	61.9186246641809	0.0	0.0	0.0	0.0	0.0	0.0	0.0	0.0	0.0	0.0	0.0	19.57343276116241	0.0	0.0	0.0
GSM4138114_HNSCC_3_PBMC_GAACGGATCAGGTTCA	80.32304299144829	84.82427735314997	49.49838545603126	0.0	0.0	0.0	102.29856905160797	0.0	0.0	28.781977779139204	12.906974287602107	0.0	0.0	37.55621341666458	0.0	0.0	0.0	0.0	0.0	0.0	0.0	0.0	0.0	27.963753591393687	0.0	0.0	0.0	0.0	0.0	0.0	0.0	0.0	0.0
GSM4138114_HNSCC_3_PBMC_GACCTGGCAAGACACG	62.05595686124145	94.93835746137687	99.86032956400607	0.0	75.12102077105422	49.91191863222789	0.0	0.0	0.0	0.0	0.0	0.0	79.95412332412931	0.0	0.0	0.0	149.05635236864939	0.0	0.0	0.0	0.0	0.0	0.0	0.0	0.0	0.0	0.30634593328474113	0.0	0.0	0.0	0.0	0.0	0.0
GSM4138114_HNSCC_3_PBMC_GACGCGTAGTTAGGTA	57.3992548047922	85.58027344207598	0.0	0.0	0.0	0.0	79.55764866998615	50.83018819738222	0.0	0.0	0.0	0.0	0.0	32.647700156560695	0.0	0.0	0.0	0.0	0.0	0.0	0.0	0.0	19.07915823124564	0.0	0.0	74.04543746138428	0.0	60.10576707928616	0.0	0.0	21.98174358308124	0.0	0.0
GSM4138114_HNSCC_3_PBMC_GACTACAAGCGTTCCG	151.97515717640482	93.48847921387234	154.13004869936964	0.0	0.0	63.99060181909498	0.0	0.0	0.0	0.0	0.0	0.0	0.0	50.54629432895134	79.87164285118449	0.0	0.0	103.0487300189006	0.0	0.0	32.892225107894134	0.0	0.0	0.0	0.0	91.61170644120625	0.0	0.0	0.0	0.0	0.0	0.0	0.0
GSM4138114_HNSCC_3_PBMC_GCACATAGTTGTCGCG	90.4389417766251	80.3024893421224	70.19792219980144	0.0	0.0	0.0	0.0	0.49619408614755256	0.0	0.0	0.0	43.593133950276254	101.33369368289141	0.0	0.0	72.76006225830761	0.0	0.0	0.0	0.0	0.0	0.0	0.0	0.0	0.0	0.0	0.0	112.19986262818087	0.0	0.0	0.0	0.0	0.0
GSM4138114_HNSCC_3_PBMC_GCATACAGTCAGATAA	55.42611579305392	16.17565469741073	4.783786563051021	32.313967176815645	0.0	0.0	23.075118592516674	0.0	0.0	5.99402137960907	0.0	0.0	0.0	0.0	0.0	78.55272460154936	131.2489604342157	0.0	0.0	0.0	0.0	0.0	0.0	0.0	32.14411669286543	0.0	0.0	0.0	0.0	0.0	0.0	0.0	0.0
GSM4138114_HNSCC_3_PBMC_GCATGTAGTATGAAAC	27.014199094783717	30.797933666529975	67.76411854804101	0.0	0.0	0.0	53.087453317366524	0.0	0.0	0.0	0.0	56.206758816808346	42.568559851974896	41.908568748154444	15.106733903827312	0.0	0.0	0.0	0.0	0.0	0.0	0.0	0.0	0.0	0.0	0.0	0.0	0.0	0.0	0.0	0.0	0.0	0.0
GSM4138114_HNSCC_3_PBMC_GCCAAATGTCCTAGCG	60.57631062859803	98.9543599526887	12.249274120115874	0.0	0.0	17.431733191710048	0.0	13.912133365843104	47.25771641581648	0.0	0.0	80.92595092591485	41.890782249742394	57.44465059448559	0.0	0.0	0.0	0.0	0.0	0.0	0.0	0.0	0.0	0.0	0.0	0.0	0.0	0.0	0.0	0.0	0.0	0.0	0.0
GSM4138114_HNSCC_3_PBMC_GCGCAGTAGTTGTAGA	85.01940596126924	106.54444243752118	120.78076950443645	9.103715157783451	0.0	0.0	0.0	0.0	14.48783565893727	0.0	0.0	0.0	42.90576649261435	0.0	14.747489881727553	0.0	0.0	0.0	0.0	0.0	0.0	0.0	0.0	43.45946634296401	0.0	0.0	78.22844565642657	0.0	0.0	6.679453133318768	0.0	0.0	0.0
GSM4138114_HNSCC_3_PBMC_GGAAAGCCATGGTTGT	92.81901181500946	77.28181106324995	66.0795844220976	20.891716337445168	0.0	5.371891830622983	0.0	0.0	0.0	39.41056529056434	0.0	0.0	0.0	38.380206152866094	61.69291112728954	0.0	0.0	0.0	0.0	0.0	0.0	0.0	26.489841498327937	0.0	0.0	32.56479947962118	0.0	0.0	0.0	0.0	0.0	0.0	0.0
GSM4138114_HNSCC_3_PBMC_GGAAAGCTCACAACGT	91.82961902643598	37.565285137859576	129.52064133603403	49.20904281194594	0.0	14.402344791412936	0.0	0.0	0.0	0.0	71.49871990776793	0.05068101945707247	0.0	0.0	133.6581299777677	0.0	0.0	38.03742189966154	0.0	0.0	13.448268822856551	0.0	0.0	0.0	0.0	0.0	0.0	0.0	0.0	0.0	0.0	0.0	0.0
GSM4138114_HNSCC_3_PBMC_GGACAAGTCGCCGTGA	93.32253373408919	158.54670580038024	0.0	112.50312573848255	0.0	0.0	0.0	196.9960402120552	0.0	0.0	0.0	0.0	0.0	58.33620678786145	0.0	25.836799465075586	0.0	0.0	0.0	0.0	0.0	0.0	0.0	30.5480639303934	41.45548316004133	8.98007454516805	0.0	0.0	150.1324909581322	0.0	0.0	0.0	0.0
GSM4138114_HNSCC_3_PBMC_GGACGTCTCGACGGAA	123.43518949459339	72.34826674432757	59.031113661301454	38.40257760373348	43.30835046354802	18.419965540834664	0.0	0.0	0.0	0.0	0.0	0.0	0.0	0.0	0.0	0.0	0.0	0.0	0.0	0.0	0.0	0.0	0.0	13.180424687729102	0.0	0.0	0.0	0.0	77.16456670952302	0.0	0.0	0.0	0.0
GSM4138114_HNSCC_3_PBMC_GGATTACTCCACGCAG	98.05245011023239	112.0187024619576	74.56669411310554	0.0	26.789418387954782	0.0	0.0	0.0	0.0	0.0	98.97766937278458	0.0	0.0	0.0	0.0	83.46758177578953	28.49485358518883	0.0	0.0	0.0	0.0	0.0	0.0	0.0	0.0	0.0	0.0	45.77875766948643	0.0	0.0	0.0	0.0	0.0
GSM4138114_HNSCC_3_PBMC_GGGAATGGTCAAGCGA	16.973515429931116	62.26382428186586	32.284931373512684	65.41824357941152	52.791723131789624	0.0	47.43075822122244	43.38631728530662	0.0	0.0	0.0	0.0	0.0	0.0	7.159038982490046	0.0	0.0	0.0	0.0	76.55240791672882	0.0	0.0	0.0	0.0	0.0	0.0	0.0	0.0	0.0	0.0	0.0	0.0	0.0
GSM4138114_HNSCC_3_PBMC_GTACGTAGTAACGCGA	98.9052884787675	90.20443188045198	8.051480995819722	62.36274039253493	32.55689508361227	0.0	0.0	43.45676970921074	1.0779789763804093	0.0	0.0	38.30504563355213	0.0	0.0	0.0	79.22527150712283	116.44398670717106	0.0	13.376556026534875	0.0	0.0	0.0	0.0	0.0	0.0	0.0	0.0	0.0	0.0	0.0	0.0	0.0	0.0
GSM4138114_HNSCC_3_PBMC_GTATTCTAGGCTAGGT	44.98556608440864	48.6937533560161	145.82114073735468	0.0	47.040090776607016	24.396570369915107	17.072213151922863	0.0	0.0	18.106813559316908	0.0	7.718744155700399	0.0	0.0	0.0	0.0	90.41932535356563	0.0	0.0	0.0	0.0	0.0	0.0	0.0	0.0	33.57260668620228	0.0	70.32820666649539	0.0	0.0	0.0	0.0	0.0
GSM4138114_HNSCC_3_PBMC_GTATTCTGTGCTAGCC	73.77615594926819	59.32530390292858	19.293961563338705	0.0	0.0	0.0	0.0	0.0	0.0	45.38765260307936	0.0	102.9687723248393	10.12604256297356	0.0	24.407856481078735	0.0	0.0	0.0	0.0	0.0	0.0	15.970811429871615	0.0	0.0	0.0	0.0	0.0	0.0	0.0	0.0	90.48700105205965	0.0	0.0
GSM4138114_HNSCC_3_PBMC_GTGCAGCTCTAAGCCA	60.466822415706865	89.84834002991788	0.0	0.0	0.0	0.0	0.0	34.86378353824782	55.28207417662093	0.0	0.0	0.0	0.0	34.72492310937513	0.0	0.0	0.0	0.0	0.0	0.0	0.0	0.0	0.0	0.0	22.499783606910462	46.874224420073105	0.0	0.0	0.0	0.0	0.0	0.0	0.0
GSM4138114_HNSCC_3_PBMC_GTGCGGTGTGTGTGCC	34.72814857522993	69.88606975730536	48.75269872699926	0.0	26.121091684354774	0.0	0.0	29.898277199199676	80.36573437810313	0.0	45.461104334252816	67.85247804077234	7.121987464671143	0.0	0.0	0.0	0.0	0.0	0.0	40.83180273737393	0.0	0.0	0.0	0.0	0.0	0.0	0.0	0.0	0.0	0.0	0.0	0.0	0.0
GSM4138114_HNSCC_3_PBMC_GTGCTTCTCCTAGGGC	34.61888295583396	65.32606712386558	0.0	52.12167048885938	37.48221574911732	0.0	0.0	46.270050889392465	0.0	0.0	0.0	0.0	0.0	0.0	0.0	0.0	80.59644486091808	0.0	0.0	0.0	0.0	0.0	0.0	0.0	0.0	0.0	76.34968002082431	0.0	0.0	0.0	0.0	0.0	0.0
GSM4138114_HNSCC_3_PBMC_GTTAAGCGTCTCCATC	67.52321361724199	52.64329965330457	61.00011329202291	0.0	34.02740628078185	0.0	36.119947705740536	0.0	1.3301257662730077	5.510039480762038	19.37886443226314	0.0	73.85550273240932	39.52879910156732	37.661471496816986	0.0	0.0	0.0	0.0	0.0	24.440609147220346	0.0	0.0	0.0	0.0	0.0	0.0	0.0	0.0	0.0	0.0	0.0	0.0
GSM4138114_HNSCC_3_PBMC_GTTAAGCTCTGCCCTA	84.97403038767727	66.77087509764057	38.55423743832178	0.0	33.603576428917435	0.0	0.0	32.23814371160642	0.0	0.0	22.818399317242296	0.0	42.169857147952996	0.0	0.0	0.0	0.0	0.0	0.0	67.6430887428479	0.0	0.0	0.0	0.0	0.0	0.0	0.0	125.69374751227912	0.0	0.0	0.4203667743491561	0.0	0.0
GSM4138114_HNSCC_3_PBMC_GTTCGGGGTTAGTGGG	102.40354443694385	122.39703822187982	37.161897701398495	0.0	0.0	30.619394904799748	0.0	88.3090830008888	0.0	0.0	0.0	70.46629761709312	112.4856863010251	17.69884586002877	0.0	0.0	47.007415289945456	0.0	19.539527496766222	0.0	0.0	0.0	0.0	0.0	0.0	0.0	0.0	0.0	0.0	0.0	0.0	0.0	0.0
GSM4138114_HNSCC_3_PBMC_GTTCTCGGTGGCGAAT	47.09501340383676	92.97099534568515	0.0	48.97073060116471	0.0	0.0	57.97861873798398	87.5101588951429	0.0	0.0	0.0	0.0	0.0	0.0	0.0	0.0	0.0	0.0	0.0	24.253406121473716	0.0	0.0	0.0	6.397705010217909	3.2578148490955985	0.0	0.0	0.0	6.612273965669111	0.0	0.0	0.0	0.0
GSM4138114_HNSCC_3_PBMC_TACACGAAGTACCGGA	64.31294016395638	101.16569465334622	20.90436878828054	63.62263410831854	0.0	0.0	0.0	0.0	0.0	0.0	0.0	0.0	0.0	29.251321456233267	0.0	0.0	0.0	0.0	0.0	0.0	0.0	32.586909115705076	0.0	0.0	23.322082056792564	0.0	0.0	16.12121111498572	11.870612689285567	0.0	13.06558421104068	0.0	5.796677369286521
GSM4138114_HNSCC_3_PBMC_TATCTCAAGGCGTACA	71.63060622848552	50.826320677712076	0.0	65.66269036964343	0.0	0.0	0.0	10.186921138687898	0.0	0.0	0.0	0.0	0.0	0.0	0.0	0.0	0.0	61.99972576104803	0.0	51.00946748640222	0.0	125.4970638979144	0.0	0.0	0.0	0.0	0.0	0.0	45.505565538242784	0.0	0.0	0.0	0.0
GSM4138114_HNSCC_3_PBMC_TATCTCAGTACTCAAC	50.66075708996151	38.08766586738946	43.567784820981586	70.61022785925658	87.55473811611606	0.0	0.0	0.0	31.182569751587074	0.0	0.0	0.0	0.0	0.0	0.0	0.0	0.0	0.0	16.833105386569933	0.0	0.0	0.0	0.0	0.0	0.0	0.0	0.0	0.0	0.0	0.0	75.14303520242358	0.0	0.0
GSM4138114_HNSCC_3_PBMC_TATGCCCCATGCCTTC	90.28443531521346	40.49349062214266	110.6914722814306	4.168049693230487	62.10028729144818	0.0	0.0	0.24287821454096933	0.0	0.0	100.15300662240985	0.0	0.0	0.0	0.0	0.0	0.0	0.0	0.0	71.77698499738324	0.0	89.75718571652722	0.0	0.0	0.0	0.0	0.0	0.0	0.0	0.0	0.0	0.0	0.0
GSM4138114_HNSCC_3_PBMC_TCACAAGCAAGCGATG	92.46956009090225	121.91071578621218	56.146759832792895	0.0	25.23349953050198	0.0	0.0	0.0	0.0	0.0	0.0	0.0	66.83319962882555	0.0	0.0	0.0	8.328550061869073	0.0	8.738722629400376	0.0	0.0	0.0	0.0	0.0	0.0	0.0	16.784516494181748	0.0	0.0	0.0	0.0	3.182888661363678	0.0
GSM4138114_HNSCC_3_PBMC_TCAGCTCCACATTTCT	46.73487726098196	76.9730204972676	78.74688162720403	63.38219053234787	0.0	19.411657682570752	0.0	0.0	0.0	0.0	0.0	0.0	0.0	0.0	6.51830889252813	39.192494134759215	0.0	0.0	0.0	0.0	26.03614679391133	17.64009027748399	0.0	74.01144066267759	0.0	0.0	0.0	0.0	0.0	33.64367809833072	0.0	0.0	0.0
GSM4138114_HNSCC_3_PBMC_TCAGGATCACCGAAAG	66.47011645925997	98.90908928122796	0.0	0.0	0.0	16.463081083686028	39.07206973980724	27.53206958603829	0.0	0.0	0.0	0.0	114.70904751399509	1.2847954183115144	0.0	0.0	0.0	31.382380530554535	29.476057627612324	0.0	0.0	0.0	0.0	0.0	0.0	0.0	0.0	0.0	0.0	0.0	0.0	0.0	0.0
GSM4138114_HNSCC_3_PBMC_TCATTTGGTTGGACCC	46.6665334202018	44.07211262096516	82.63233716669043	36.32471949861949	0.0	6.071834565018145	25.79045365610162	0.0	0.0	0.0	0.0	36.82634219367061	9.097442787450914	0.0	0.0	0.0	0.0	19.739665683706257	21.16483084214271	0.0	0.0	0.0	0.0	0.0	0.0	0.0	0.0	0.0	0.6523571893057173	0.0	0.0	0.0	0.0
GSM4138114_HNSCC_3_PBMC_TCGCGTTCAGATCGGA	141.0601886185806	95.29136762213881	95.6955511140054	69.77501569122164	42.6742368574463	0.0	0.0	0.0	2.664236269138914	0.0	0.0	0.0	0.0	30.148598059736283	0.0	0.0	47.52519114095284	0.0	0.0	0.0	0.0	57.798093420102	0.0	0.0	0.0	0.0	0.0	0.0	0.0	0.0	0.0	0.0	0.0
GSM4138114_HNSCC_3_PBMC_TCGTACCGTCCTAGCG	101.77887129458621	92.81294196739572	8.433295877815434	0.0	107.06139268034332	0.0	0.0	65.65224311287152	0.0	0.0	53.28505996731333	0.0	24.975791881717498	32.59564673289332	0.0	0.0	0.0	0.0	0.0	0.0	0.0	0.0	0.0	0.0	0.0	22.64332832251103	0.0	83.04990222876853	20.914637218686412	0.0	0.0	0.0	0.0
GSM4138114_HNSCC_3_PBMC_TCTCTAAGTGATGTCT	46.0129816284679	43.73458682764673	52.645786023471146	19.659968715575328	69.54768166483574	0.0	0.0	0.0	0.0	0.0	0.0	0.0	0.0	0.0	0.0	0.0	0.0	0.0	0.0	0.0	87.64547627382564	0.0	0.0	0.0	0.0	0.0	54.18151765033406	0.0	0.0	0.0	0.0	0.0	0.0
GSM4138114_HNSCC_3_PBMC_TCTCTAATCCTGTACC	77.9632346104065	71.93900631307159	0.0	0.0	21.092997221364527	62.131573988271754	0.0	51.19144830893361	0.0	45.1908364566281	0.0	0.0	0.0	0.0	0.0	0.0	0.0	0.0	95.40004560393557	0.0	0.0	0.0	0.0	0.0	0.0	0.0	0.0	0.0	0.0	0.0	0.0	0.0	0.0
GSM4138114_HNSCC_3_PBMC_TCTGGAAAGAGTGACC	88.44145234210434	50.69565633858067	51.70266256006242	46.6664423109499	0.0	0.0	0.0	0.0	0.0	2.489588934204845	0.0	181.08311843528523	19.537009745292696	0.0	0.0	0.0	0.0	0.0	103.96556082600274	0.0	0.0	0.0	0.0	0.0	0.0	0.0	0.0	0.0	0.0	0.0	0.0	86.61352031283613	0.0
GSM4138114_HNSCC_3_PBMC_TCTTTCCGTCCGCTGA	16.431304421518103	52.95080265769077	23.416768673648495	0.0	52.261091006872924	51.53981970907145	0.0	0.0	45.25681757789498	0.0	0.0	0.0	35.34278506167049	0.0	0.0	0.0	0.0	0.0	65.05250218732459	0.0	0.0	0.0	0.0	0.0	0.0	0.0	0.0	0.0	0.0	0.0	0.0	0.0	0.0
GSM4138114_HNSCC_3_PBMC_TGAAAGACAGACAAAT	69.4728640637467	51.47505785767665	64.53429077020691	20.366968672882464	114.20605703067358	0.0	0.0	23.428029747994515	0.0	0.0	55.82834980584188	0.0	0.0	26.049766925588905	0.0	0.0	16.492011779684482	0.0	69.15902727546671	0.0	0.0	0.0	0.0	0.0	0.0	0.0	0.0	0.0	0.0	0.0	0.0	0.0	0.0
GSM4138114_HNSCC_3_PBMC_TGACGGCGTAAGGGCT	45.094750498272425	90.34476085947695	44.807858773942606	0.0	0.0	0.0	0.0	0.0	0.0	78.15812337165833	0.0	18.93957200600958	0.0	0.0	0.0	52.33821826522038	0.0	0.0	0.0	0.0	0.0	34.51549616595932	0.0	0.0	0.0	0.0	0.0	0.0	0.0	82.7516136908649	0.0	0.0	0.0
GSM4138114_HNSCC_3_PBMC_TGCTGCTCAACGCACC	78.5634176522187	65.33541879902928	75.52199768973495	35.58572215091536	0.0	47.791949529508656	0.0	0.0	16.337118459984477	0.0	5.080543336558335	0.0	0.0	0.0	57.40542622284175	0.0	0.0	66.13838134614035	0.0	0.0	0.0	0.0	0.0	0.0	0.0	0.0	0.0	0.0	0.0	0.0	0.0	0.0	0.0
GSM4138114_HNSCC_3_PBMC_TGTATTCTCCCTAACC	77.30251536153794	39.56739086467881	63.345600669533304	68.91674756840935	0.0	44.39759574973634	46.83932463811437	0.0	0.0	0.0	0.0	0.0	0.0	0.0	0.0	0.0	0.0	0.0	0.0	0.0	0.0	0.0	68.89228918276126	0.0	0.0	0.0	0.0	0.0	0.0	0.0	0.0	0.0	0.0
GSM4138114_HNSCC_3_PBMC_TTAACTCTCCTGCTTG	74.32322844949326	104.88396769126683	72.41608421683769	0.0	0.0	64.33635729285191	67.68720214355551	0.0	0.0	0.0	67.124660633683	0.0	4.155194487983826	0.0	0.0	0.0	0.0	0.0	0.0	0.0	0.0	0.0	0.0	0.0	44.62174362554224	0.0	0.0	0.0	0.0	0.0	0.0	0.0	0.0
GSM4138114_HNSCC_3_PBMC_TTCTCCTTCTTGTATC	96.24387214856526	79.84860561556424	122.50298540332521	72.85215441363093	0.0	70.75882994510252	0.0	0.0	0.0	0.0	0.0	0.0	0.0	0.0	161.44101741178002	0.0	0.0	0.0	0.0	0.0	0.0	0.0	0.0	0.0	108.60172501615862	16.153271518759077	0.0	0.0	0.0	0.0	0.0	0.0	0.0
GSM4138114_HNSCC_3_PBMC_TTGGCAACAGATCCAT	6.925131634051883	49.173021272026396	64.97180268386515	0.0	0.0	0.0	13.856427569275475	0.0	0.0	0.0	120.31381030524582	0.0	0.0	0.0	0.0	54.559193661346264	0.0	0.0	0.0	0.0	8.533073677119898	0.0	0.0	0.0	65.85021143012536	0.0	0.0	0.0	0.0	0.0	0.0	0.0	0.0
GSM4138114_HNSCC_3_PBMC_AAACCTGCACCAGCAC	49.879433640980515	109.04250398178635	0.0	0.0	106.72640398118229	0.0	0.0	139.4243294159796	40.843035935152386	365.3362666323276	0.0	0.0	0.0	15.666852772309499	0.0	0.0	32.23895217496283	13.125340889819688	4.379611410400687	0.0	0.0	0.0	0.0	0.0	0.0	0.0	68.84403669691508	0.0	0.0	0.0	0.0	0.0	0.0
GSM4138114_HNSCC_3_PBMC_AATCCAGCATAAGACA	117.34132796930291	126.93513297962649	100.86137101480327	112.47004115240074	0.0	112.53724585181568	0.0	0.0	0.0	118.35735797096824	0.0	171.60304340391113	0.0	1.6863059457370966	0.0	0.0	0.0	0.0	0.0	0.0	195.35767161411337	0.0	0.0	0.0	0.0	0.0	0.0	0.0	0.0	0.0	0.0	0.0	0.0
GSM4138114_HNSCC_3_PBMC_ACCGTAAGTCTTCGTC	0.0	0.0	0.0	0.0	0.0	0.0	0.0	0.0	0.0	2600.1466757971143	201.24648558288328	0.0	0.0	0.0	0.0	0.0	0.0	0.0	0.0	0.0	0.0	0.0	0.0	0.0	0.0	25.20688230393935	0.0	0.0	0.0	0.0	0.0	0.0	0.0
GSM4138114_HNSCC_3_PBMC_ACGGAGACATGGGACA	101.91311667584944	106.61573850622007	130.7919090412488	120.41217769522292	98.0677784029927	130.82417598851205	38.51547746233327	0.0	0.0	0.0	0.0	0.0	0.0	0.0	48.38190579118021	0.0	0.0	0.0	0.0	0.0	0.0	0.0	0.0	0.0	0.0	0.0	0.0	0.0	0.0	0.0	0.0	0.0	0.0
GSM4138114_HNSCC_3_PBMC_ACGGGCTTCTTGCAAG	104.2525549810112	88.93585611984214	106.67456857329871	45.97456748503136	168.60907142233052	0.0	0.0	0.0	101.25344664569933	183.66428734494755	0.0	0.0	0.0	0.0	0.0	0.0	22.338788807068344	0.0	3.3043780852534965	84.28583654779366	0.0	0.0	0.0	0.0	0.0	0.0	0.0	0.0	0.0	0.0	0.0	0.0	0.0
GSM4138114_HNSCC_3_PBMC_ACTTACTGTTGGTAAA	0.0	0.0	0.0	0.0	0.0	0.0	0.0	0.0	0.0	0.0	0.0	0.0	0.0	0.0	0.0	0.0	0.0	0.0	0.0	0.0	0.0	0.0	2954.868023861223	46.75775839567567	5.522877484899853	0.0	0.0	0.0	0.0	0.0	0.0	0.0	0.0
GSM4138114_HNSCC_3_PBMC_ACTTTCACATTCTTAC	101.57521600709724	114.99763706486618	87.26938724103165	178.27871177001788	0.0	82.70887623069224	0.0	0.0	0.0	0.0	0.0	245.21116916973926	0.0	0.0	0.0	0.0	0.0	0.0	0.0	0.0	121.70209892666715	0.0	0.0	0.0	0.0	0.0	0.0	0.0	0.0	4.267742822805884	0.0	0.0	0.0
GSM4138114_HNSCC_3_PBMC_AGACGTTGTCGGCATC	85.19556990584731	117.69655088669967	65.5330952455379	47.614753032567606	12.947263847597124	18.80963984361003	98.30185772293568	0.0	0.0	0.0	135.63373962611885	104.42989743925583	0.0	0.0	0.0	40.9649548607962	0.0	0.0	0.0	0.0	0.0	0.0	0.0	0.0	0.0	0.0	0.0	19.802191855273183	0.0	0.0	0.0	0.0	0.0
GSM4138114_HNSCC_3_PBMC_AGAGTGGCACCTCGGA	172.72984023961249	232.11233595051402	135.8545040791716	0.0	11.17152577831391	122.04896124246845	0.0	0.0	0.0	0.0	0.0	0.0	0.0	0.0	123.94254341603997	0.0	0.0	0.0	0.0	0.0	0.0	0.0	0.0	0.0	182.85885529716086	268.34484952518983	0.0	0.0	19.97284341731344	0.0	27.42939396498571	0.0	0.0
GSM4138114_HNSCC_3_PBMC_AGGGTGAGTGCACTTA	94.7990294123063	140.75210194899233	0.0	201.0607166123948	50.432972280596786	81.3113219930036	0.0	152.13012570970605	0.0	0.0	0.0	37.459797634439354	0.0	0.0	107.59269905492133	0.0	0.0	14.875754986001104	0.0	0.0	0.0	0.0	0.0	4.342323626284806	0.0	0.0	0.0	0.0	0.0	0.0	0.0	0.0	0.0
GSM4138114_HNSCC_3_PBMC_AGTAGTCCATAGACTC	63.290996569455686	47.01927748719446	115.41010453119081	46.9193172772686	0.0	61.56491080888617	71.17238493677876	0.0	0.0	73.90346629917426	0.0	0.0	0.0	0.0	0.0	0.0	0.0	0.0	0.0	0.0	0.0	0.0	0.0	76.33128608216359	0.0	0.0	0.0	0.0	0.0	0.0	0.0	0.0	0.0
GSM4138114_HNSCC_3_PBMC_ATAAGAGGTATTCGTG	118.7273290874087	168.4621661411006	111.17213652555205	41.78352273577827	204.8940088215931	111.67218021658267	113.47706564213063	0.0	0.0	0.0	0.0	0.0	175.67103128558378	0.0	0.0	0.0	0.0	0.0	0.0	0.0	0.0	0.0	0.0	0.0	0.0	0.0	0.0	0.0	0.0	0.0	0.0	0.0	0.0
GSM4138114_HNSCC_3_PBMC_ATGCGATTCGTGACAT	149.46080593173232	131.4133099083229	201.0272470652332	0.0	190.83444391795814	0.0	0.0	0.0	0.0	147.97038097151994	71.42496847434705	0.0	16.812969681498284	228.00826670106179	0.0	0.0	219.8190097031197	0.0	0.0	0.0	0.0	0.0	0.0	0.0	0.0	0.0	0.0	0.0	0.0	0.0	0.0	0.0	0.0
GSM4138114_HNSCC_3_PBMC_ATTTCTGAGTAGATGT	160.87982214246173	96.40024026355114	136.95252195595128	255.37735016240092	244.8377194822755	159.06669243151038	0.0	0.0	67.76064566563268	0.0	0.0	0.0	0.0	0.0	0.0	0.0	0.0	0.0	0.0	0.0	0.0	0.0	0.0	0.0	0.0	0.0	0.0	0.0	0.0	0.0	0.0	0.0	0.0
GSM4138114_HNSCC_3_PBMC_ATTTCTGTCGTAGGAG	45.70511728098938	58.814814748040014	32.487995100452416	0.0	0.0	0.0	0.0	0.0	0.0	0.0	0.0	0.0	63.422207777043305	46.40406409774015	2.1323777898215885	0.0	0.0	0.0	0.0	0.0	63.96622978025313	0.0	0.0	0.0	90.57947392055291	0.0	0.0	0.0	0.0	0.0	0.0	0.0	0.0
GSM4138114_HNSCC_3_PBMC_CAAGAAACATGGAATA	121.69749452356875	148.5992681454307	113.82837818407612	300.8716979815537	0.0	0.0	4.283196951500005	0.0	0.0	0.0	0.0	0.0	0.0	0.0	0.0	137.8958364507455	0.0	178.08818400986226	0.0	0.0	0.0	0.0	0.0	0.0	0.0	0.0	0.0	39.65751147636832	0.0	0.0	0.0	0.0	88.82533291937465
GSM4138114_HNSCC_3_PBMC_CACAGTAGTGATAAGT	153.27479802811897	126.05817243551634	115.11468502057645	0.0	107.91263244137726	66.90941844654408	105.99710388643551	0.0	5.900372559595891	97.62213625343448	75.6181767353379	72.94834416664227	0.0	0.0	3.746465568100534	0.0	0.0	0.0	0.0	0.0	0.0	0.0	0.0	32.1029079928644	0.0	0.0	0.0	0.0	0.0	0.0	0.0	0.0	0.0
GSM4138114_HNSCC_3_PBMC_CAGTAACAGTACGCGA	96.05714540177694	144.49121878874527	149.80165783901697	84.86969522550102	0.0	122.73262746223843	0.0	0.0	0.0	135.29291698923436	0.0	0.0	0.0	0.0	225.30721700938798	0.0	0.0	180.90287641044495	0.0	0.0	0.0	0.0	0.0	30.488728975209373	0.0	0.0	0.0	0.0	0.0	0.0	0.0	0.0	0.0
GSM4138114_HNSCC_3_PBMC_CATCGAAGTAGCGCTC	173.18095809289662	116.42862140314891	0.0	0.0	0.0	0.0	0.0	132.10337241673602	0.0	89.52408368764443	92.33121230322921	193.78343493355783	0.0	0.0	0.0	59.402813314343824	0.0	0.0	0.0	0.0	82.05734859730134	0.0	0.0	0.0	0.0	0.0	31.654162457788544	0.0	0.0	0.0	0.0	0.0	0.0
GSM4138114_HNSCC_3_PBMC_CATGGCGCACTACAGT	91.93521353403301	104.54692120382997	108.3845852660483	0.0	128.84990054268528	69.02678819058097	231.04639420740705	0.0	0.0	66.61377525149193	118.29084326674669	0.0	0.0	15.569362383460719	0.0	0.0	0.0	0.0	0.0	0.0	0.0	0.0	0.0	0.0	0.0	0.0	0.0	0.0	0.0	0.0	0.0	0.0	0.0
GSM4138114_HNSCC_3_PBMC_CCTATTAGTAGCCTCG	125.93512452259377	112.65482852607123	150.20392231024164	166.01288133264455	140.7185466296974	0.0	0.0	0.0	79.54273792729121	0.0	5.388822808645901	16.367536647429702	0.0	0.0	50.01972301848621	139.62019594209158	0.0	0.0	0.0	0.0	0.0	17.516132605289457	0.0	0.0	0.0	0.0	0.0	0.0	0.0	0.0	0.0	0.0	0.0
GSM4138114_HNSCC_3_PBMC_CCTTCCCTCAGCATGT	209.9829073084549	164.47541465693553	132.73360943172986	0.0	0.0	0.0	0.0	0.0	0.0	212.92882989223963	0.0	0.0	0.0	0.0	0.0	82.79351299532067	0.0	0.0	0.0	0.0	0.0	0.0	121.14543235419244	0.0	0.0	0.0	0.0	109.14372054804295	0.0	0.0	0.0	0.0	0.0
GSM4138114_HNSCC_3_PBMC_CGGACGTCATCGGACC	115.64179787763604	117.13697758466702	100.8342243479161	90.95955402070419	38.52573265986866	0.0	0.0	0.0	103.57535485765204	108.6752377091854	0.0	31.96135089505156	0.0	0.0	0.0	0.0	0.0	0.0	0.0	124.90220718674881	0.0	0.0	0.0	0.0	64.53075646397606	0.0	0.0	0.0	0.0	0.0	0.0	0.0	0.0
GSM4138114_HNSCC_3_PBMC_CGGACTGTCACGACTA	120.12030832052069	109.79127969040955	74.74825256151944	162.05081121646893	0.0	72.91810710861397	0.0	1.904666737559893	114.26724326573392	0.0	0.0	0.0	0.0	0.0	0.0	0.0	0.0	0.0	0.0	5.770598897675765	0.0	0.0	0.0	73.28537801766554	101.85703206421638	0.0	0.0	0.0	0.0	0.0	0.0	0.0	0.0
GSM4138114_HNSCC_3_PBMC_CGTAGGCAGTAAGTAC	106.11915810222224	135.9224036717308	142.19591266484224	163.46427997832723	66.51621339033633	0.0	0.0	0.0	121.33928748415336	0.0	0.0	0.0	0.0	0.0	0.0	0.0	0.0	36.99306497049344	0.0	69.3831990528942	0.0	0.0	0.0	0.0	0.0	0.0	0.0	0.0	0.0	0.0	0.0	0.0	0.0
GSM4138114_HNSCC_3_PBMC_CGTGAGCAGAAGGGTA	144.64167238783926	87.16218946035845	179.38777286657833	0.0	112.91843225969433	0.0	0.0	0.12695156833437846	195.46074919330968	216.6076919310651	0.0	0.0	0.0	0.0	0.0	0.0	0.0	0.0	0.0	91.91389959171279	0.0	0.0	13.048536370490035	22.80171732373973	0.0	0.0	0.0	0.0	0.0	21.91468899127742	0.0	0.0	0.0
GSM4138114_HNSCC_3_PBMC_CGTTGGGGTGATAAGT	118.01239258336084	45.363475485477856	34.54852525862835	226.65488572129863	0.0	104.64846478822491	67.48369573069391	0.0	0.0	0.0	0.0	0.0	0.0	0.0	0.0	0.0	5.208356536817605	0.0	0.0	0.0	0.0	0.0	0.0	11.050741550783442	139.74425571997216	0.0	0.0	0.0	9.099557859763207	0.0	0.0	0.0	0.0
GSM4138114_HNSCC_3_PBMC_CTAACTTCATACAGCT	173.8134101669868	202.59851647751222	270.9011505098529	273.7844402222755	0.0	203.75815725561176	0.7863524339007597	0.0	373.17361939671963	0.0	0.0	413.3790565887807	0.0	0.0	0.0	18.921388658621165	0.0	0.0	0.0	0.0	0.0	0.0	0.0	0.0	0.0	0.0	0.0	0.0	0.0	0.0	0.0	0.0	0.0
GSM4138114_HNSCC_3_PBMC_CTACATTCAGTCAGCC	96.722197636445	57.96319802730832	84.2244900710102	188.366818132471	0.0	34.4252426611172	114.05220275506781	0.0	0.0	0.0	0.0	0.0	0.0	0.0	0.0	0.0	0.0	0.0	0.0	0.0	0.0	0.0	187.1357121413094	0.0	0.0	0.0	0.0	0.0	0.0	0.0	0.0	0.0	0.0
GSM4138114_HNSCC_3_PBMC_CTAGTGATCTTTCCTC	105.19287819728407	78.84661112391701	95.25894888488557	0.0	0.0	4.173701475012428	0.0	24.867334138578368	0.0	119.04532155662974	0.0	0.0	154.44555631489848	137.7546629550741	0.0	0.0	0.0	0.0	0.0	0.0	0.0	0.0	0.0	192.6204211634654	0.0	0.0	0.0	41.21368951953243	81.448458137294	0.0	0.0	0.0	0.0
GSM4138114_HNSCC_3_PBMC_CTCGGGAAGAAGCCCA	91.45828600495668	157.39003462185252	166.54802281804882	221.00960753250905	163.98589613849032	0.0	28.29546140050081	19.873626733763622	40.30003414480927	0.0	0.0	0.0	0.0	0.0	19.858321586448533	0.0	0.0	0.0	0.0	0.0	0.0	0.0	0.0	0.0	0.0	0.0	0.0	0.0	0.0	0.0	0.0	155.0931214609079	0.0
GSM4138114_HNSCC_3_PBMC_CTCTACGAGTGAACGC	68.53550834136732	119.57419499452661	77.733199468665	185.45344984794218	40.44176244801875	0.0	0.0	0.0	76.94099980407785	0.0	0.0	77.58295876064882	0.0	0.0	55.179002206634934	127.17376970705439	0.0	0.0	0.0	0.0	0.0	0.0	0.0	0.0	0.0	0.0	0.0	0.0	0.0	0.0	0.0	0.0	0.0
GSM4138114_HNSCC_3_PBMC_CTGTGCTCATGCTAGT	96.92886828783553	76.22336113138292	42.09248786080931	0.0	80.49544687244298	0.0	0.0	52.60992015306819	0.0	0.0	0.0	0.0	104.9080745830652	0.0	0.0	57.8787077254744	46.30215876761229	0.0	0.0	0.0	0.0	0.0	0.0	0.0	0.0	0.0	0.0	75.21763795653564	0.0	0.0	0.0	0.0	0.0
GSM4138114_HNSCC_3_PBMC_CTGTTTAAGAAACGAG	106.84639623452377	55.743377373329416	69.73637347836174	0.0	0.0	59.380500235964234	0.0	0.0	0.0	0.0	59.88482023645951	67.47444541233504	25.242594779225332	0.0	0.0	0.0	0.0	0.0	0.0	0.0	0.0	18.95026103396162	0.0	0.0	0.0	0.0	0.0	40.78950989964035	0.0	0.0	0.0	0.0	0.0
GSM4138114_HNSCC_3_PBMC_GACCTGGAGGATGGAA	111.10956964976717	100.061813855031	111.57496987234116	306.80327338105843	76.71546639055657	92.84379027542388	41.140966806346604	0.0	0.0	0.0	0.0	0.0	0.0	0.0	0.0	0.0	0.0	0.0	15.97493356982686	0.0	0.0	0.0	0.0	0.0	0.0	0.0	0.0	34.8687326307685	0.0	0.0	0.0	0.0	0.0
GSM4138114_HNSCC_3_PBMC_GATGAGGAGACGCACA	139.1103937100382	94.66872370221654	167.70739154031665	0.0	170.1261868905242	0.0	0.0	0.0	133.41841371253298	66.00825768815915	71.74344936944566	0.0	3.408781551521377	0.0	0.0	0.0	0.0	0.0	0.0	82.58678931010657	19.397229999808598	0.0	0.0	0.0	0.0	0.0	0.0	0.0	0.0	0.0	0.0	0.0	0.0
GSM4138114_HNSCC_3_PBMC_GATGCTATCTATCCCG	133.54639967189732	142.7944451122252	103.39561898817041	233.19459298460674	138.45469253154738	117.50482432983539	0.0	0.0	0.0	0.0	0.0	0.0	0.0	0.0	0.0	0.0	0.0	0.0	128.8305673958009	0.0	0.0	0.0	0.0	0.0	0.0	0.0	0.0	0.0	73.41200288768457	0.0	0.0	0.0	0.0
GSM4138114_HNSCC_3_PBMC_GATTCAGCATAACCTG	96.43293759009555	116.50690063191155	52.867602170114566	0.0	156.54723321407965	0.0	0.0	0.0	0.0	90.85376380167992	0.0	0.0	42.56730748569128	0.0	0.0	0.0	0.0	0.0	0.0	83.40988704743009	0.0	102.9791930454289	0.0	0.0	0.0	12.829867797974332	0.0	30.739868805580937	0.0	0.0	0.0	0.0	0.0
GSM4138114_HNSCC_3_PBMC_GCCTCTATCTGACCTC	36.555734379022276	47.6502246044732	85.38766371775094	0.0	0.0	80.76028226401264	0.0	0.0	0.0	0.0	0.0	0.0	0.0	0.0	117.917209931321	0.0	0.0	0.0	0.0	0.0	0.0	0.0	183.87939251831247	0.0	0.0	249.2411849785298	0.0	0.0	0.0	0.0	0.0	0.0	0.0
GSM4138114_HNSCC_3_PBMC_GCGCGATAGCGTAGTG	125.91858096988156	131.35900181259737	76.3798699147391	0.0	0.0	0.0	0.0	55.70117154272392	0.0	201.07903820780487	0.0	0.0	0.0	0.0	0.0	0.0	72.49472113980565	26.246756825056075	0.0	116.1028542862759	0.0	0.0	19.102255204592392	126.77320800033202	0.0	0.0	0.0	94.16766464023758	0.0	0.0	0.0	0.0	0.0
GSM4138114_HNSCC_3_PBMC_GCTTCCATCAGAGACG	102.80738386220918	106.3012225779801	63.588746380475705	115.2286833764053	0.0	103.2058182299977	61.822655609178845	0.0	0.0	7.0309986750599265	0.0	0.0	128.416156137743	0.0	0.0	0.0	0.0	0.0	0.0	0.0	0.0	0.0	0.0	146.47683352724795	0.0	0.0	0.0	13.497764349053716	39.25577857370218	0.0	0.0	31.346477971350453	0.0
GSM4138114_HNSCC_3_PBMC_GCTTGAAAGATCACGG	95.03168122537988	91.30563791645866	85.03503801659303	190.56203674762608	108.97808370670502	37.85359719642815	0.0	0.0	0.0	0.0	62.06149666480581	0.0	0.0	0.0	0.0	15.77917898715696	0.0	0.0	0.0	0.0	0.0	0.0	0.0	0.0	0.0	0.0	12.746074270829048	141.41230289036753	0.0	0.0	0.0	0.0	0.0
GSM4138114_HNSCC_3_PBMC_GGAAAGCCACAGTCGC	120.73954193453741	73.16377285857324	0.0	302.6370006624197	170.6482457019304	121.41184307023954	10.496744207581825	149.09899200369705	6.049089313704507	0.0	0.0	0.0	0.0	0.0	0.0	0.0	45.81839962825896	0.0	33.228172088794246	0.0	0.0	0.0	0.0	0.0	0.0	0.0	0.0	0.0	0.0	0.0	0.0	0.0	0.0
GSM4138114_HNSCC_3_PBMC_GGTGTTAGTTATGTGC	52.36616711465346	86.46198397768626	103.02515282251059	0.0	0.0	73.26956166498704	0.0	0.0	96.54059491458344	0.0	0.0	0.0	0.0	0.0	0.0	0.0	0.0	0.0	0.0	0.0	0.0	0.0	0.0	0.0	101.42608431971705	179.05541711098599	0.0	0.0	0.0	0.0	0.0	0.0	0.0
GSM4138114_HNSCC_3_PBMC_GTATCTTCATTACCTT	181.10613104392138	151.29408270644805	85.57157435811219	0.0	164.17370764874835	0.0	0.0	3.9239183755235256	0.0	53.93404045372378	211.17208775286574	0.0	0.0	0.0	0.0	0.0	0.0	0.0	55.16554985652745	40.96198662855388	0.0	0.0	0.0	0.0	0.0	0.0	50.84616035937514	71.18820377430387	0.4038409209869923	0.0	0.0	0.0	0.0
GSM4138114_HNSCC_3_PBMC_GTCACAAAGCTGCCCA	134.2202709998313	95.80948758030259	146.0014534227458	220.1434599058175	140.31692919095073	0.0	0.0	0.0	0.0	0.0	0.0	28.258722490939974	0.0	0.0	0.0	16.815110063174828	0.0	0.0	0.0	5.93009667047985	0.0	0.0	0.0	0.0	0.0	0.0	64.93208413926818	163.0676721031077	0.0	0.0	0.0	0.0	0.0
GSM4138114_HNSCC_3_PBMC_GTCATTTTCCTCTAGC	103.89540665823624	55.30519785296089	104.03033127984718	0.0	73.91338045739285	0.0	0.0	23.419108416344688	150.32848537633407	236.58619633950093	0.0	0.0	0.0	91.95206794048062	0.0	0.0	0.0	62.38085708431107	0.0	0.0	0.0	0.0	0.0	0.0	0.0	0.0	0.0	0.0	0.0	0.0	0.0	0.0	0.0
GSM4138114_HNSCC_3_PBMC_GTGTTAGGTGTATGGG	89.36349095877843	38.02600821039918	104.1270137551691	161.32253749010522	0.0	98.87138598975538	0.0	0.0	0.0	0.0	0.0	0.0	0.0	0.0	63.751081343639804	0.0	0.0	0.0	0.0	0.0	0.0	0.0	18.36985977212492	159.27047244707808	0.0	0.0	0.0	0.0	0.0	0.0	0.0	0.0	0.0
GSM4138114_HNSCC_3_PBMC_GTTCATTCATCACGAT	124.6415868202892	92.47685961207911	62.81985034231157	58.83106851740923	155.06038739472848	0.0	26.813323228012955	0.0	0.0	40.3362401151658	0.0	0.0	86.99023865231608	0.0	0.0	0.0	99.10997996515287	0.0	0.0	0.0	0.0	0.0	0.0	0.0	0.0	19.334285117872856	0.0	0.0	0.0	0.0	94.0946833426529	46.63350020051052	0.0
GSM4138114_HNSCC_3_PBMC_GTTTCTAGTGGTTTCA	144.12601692821232	75.95264067136678	109.02876592701686	238.10488513835952	113.43072360523303	39.27880519846386	0.0	0.0	0.0	0.0	0.0	0.0	0.0	0.0	5.844896091097003	21.37939856251184	0.0	0.0	0.0	0.0	0.0	111.18315430121858	0.0	0.0	0.0	0.0	0.0	0.0	0.0	0.0	0.0	0.0	0.0
GSM4138114_HNSCC_3_PBMC_TACTTACAGGGTCGAT	110.99859936540297	102.28887144334296	61.778649915239505	0.0	0.0	0.0	0.0	0.0	0.0	81.50211899486017	0.0	0.0	85.3985936187011	71.8319611462573	13.368164988697993	0.0	0.0	0.0	0.0	0.0	77.94093258898147	4.546952965291031	0.0	148.58721169295234	0.0	0.0	0.0	0.0	0.0	0.0	0.0	0.0	0.0
GSM4138114_HNSCC_3_PBMC_TCGAGGCGTACGCTGC	175.14779694894213	116.30747062792501	127.84527969774747	0.0	0.0	0.0	174.37782488730457	0.0	0.0	104.80526922206406	90.09413741965723	0.0	0.0	122.46383859109994	0.0	0.0	0.0	0.0	0.0	0.0	0.0	0.0	0.0	66.35280537389353	143.14159379540197	0.0	0.0	0.0	0.0	0.0	0.0	0.0	0.0
GSM4138114_HNSCC_3_PBMC_TCGTAGAAGAAACCTA	103.47711876598856	158.5182317085717	55.45931136223896	0.0	156.63178088780614	138.19499108701032	0.0	0.0	127.61072834975256	192.99048506234405	0.0	0.0	0.0	0.0	0.0	0.0	0.0	0.0	0.0	0.0	0.0	0.0	0.0	0.0	0.0	0.0	8.397660739205826	0.0	0.0	0.0	0.0	0.0	0.0
GSM4138114_HNSCC_3_PBMC_TGCCCTAAGTGTTAGA	140.5813897755205	128.01803830807302	129.9951364302365	242.125832144609	117.91977562839176	59.377615174313966	0.0	0.0	87.24554190226104	0.0	0.0	28.47854930076664	0.0	0.0	24.93001852714984	0.0	0.0	4.789894662659667	0.0	0.0	0.0	0.0	0.0	0.0	0.0	0.0	0.0	0.0	0.0	0.0	0.0	0.0	0.0
GSM4138114_HNSCC_3_PBMC_TGGCTGGAGGGATGGG	97.97992046042378	123.14564244336606	0.0	0.0	130.98087118599233	93.34253533370801	91.49400354588556	71.78435597286123	0.0	0.0	0.0	0.0	294.64517278088823	5.62336569983342	0.0	0.0	0.0	0.0	0.0	0.0	0.0	0.0	0.0	0.0	0.0	0.0	0.0	57.67007893080458	0.0	0.0	0.0	0.0	0.0
GSM4138114_HNSCC_3_PBMC_TTAGGACAGTCCTCCT	118.88139634445639	147.73562644715915	90.82053261671986	36.43076902830508	110.06355178691751	116.03685210262331	98.17551330311262	0.0	0.0	30.246879658573498	203.92462069165248	64.23078719616976	0.0	0.0	0.0	0.0	0.0	0.0	0.0	0.0	0.0	52.9169591209865	0.0	0.0	0.0	0.0	0.0	0.0	0.0	0.0	0.0	0.0	0.0
GSM4138114_HNSCC_3_PBMC_TTATGCTCAGTATAAG	66.89015234029186	41.656650737363506	41.65133230052971	0.0	65.88294999412349	12.072670239487858	0.0	0.0	39.975373020675036	4.871517308705416	0.0	0.0	60.18217592779976	0.0	0.0	0.0	0.0	0.0	0.0	0.0	0.0	0.0	0.0	0.0	0.0	0.0	0.0	0.0	0.0	0.0	25.341536196828525	1.1248409924146947	0.0
GSM4138114_HNSCC_3_PBMC_TTCCCAGGTCTCCCTA	96.72985772305597	108.33171157877419	78.12630543777041	241.60355898092925	0.0	60.747010935743695	0.0	28.175732754601075	0.0	0.0	0.0	195.52819235023736	0.0	0.0	0.0	0.0	0.0	6.164127587620621	118.53659548190032	14.213737435605582	0.0	0.0	0.0	0.0	0.0	0.0	0.0	0.0	0.0	0.0	0.0	0.0	0.0
GSM4138114_HNSCC_3_PBMC_TTCCCAGTCACTCCTG	81.67367387940446	113.65978668548713	42.234109863489536	246.19230602351715	0.0	98.04268682013328	0.0	62.14191137950458	0.0	0.0	0.0	0.0	0.0	0.0	0.0	0.0	0.0	0.0	0.0	0.0	0.0	0.0	0.0	0.0	197.41717566811164	0.0	0.0	0.0	169.33506041520263	0.0	0.0	0.0	0.0
GSM4138114_HNSCC_3_PBMC_TTCTACATCCGCATCT	75.78286971789895	63.17037752688183	0.0	169.833917240705	0.0	0.0	0.0	77.62849735598367	0.0	0.0	0.0	25.530183213840207	0.0	0.0	0.0	0.0	0.0	0.0	0.0	0.0	0.0	0.0	0.0	32.84301249291515	47.15922232844625	0.0	0.0	0.0	54.354149371241334	0.0	149.49819572446205	0.0	0.0
GSM4138114_HNSCC_3_PBMC_AAAGATGTCTCCCTGA	79.5833118310806	50.46555214993136	141.269642488278	0.0	8.41461203237594	51.20532251226999	136.80290215208095	0.0	0.0	18.5341724955183	23.868301556996734	0.0	43.36514274942164	0.0	0.0	0.0	0.0	0.0	0.0	0.0	0.0	0.0	0.0	0.0	84.56379400928785	0.0	0.0	1.1557980865227226	8.919939583665093	0.0	0.0	0.0	0.0
GSM4138114_HNSCC_3_PBMC_AACTCCCGTCTGATCA	37.077604975757005	61.726520989440594	27.924126212997344	0.0	0.0	0.0	0.0	117.94436454711071	0.0	52.71401233381724	6.846361376142042	30.386408040082266	0.0	0.0	0.0	25.247990414038227	90.97319711164295	0.0	0.0	0.0	0.0	0.0	0.0	0.0	0.0	0.0	0.0	0.0	0.0	0.0	0.0	0.0	0.0
GSM4138114_HNSCC_3_PBMC_ACGCAGCCATCCAACA	79.37093117563975	92.93282988677005	79.74009332752784	0.0	55.658417008533526	10.016745083619817	0.0	0.0	116.01509838619471	101.87086619892136	29.938178879033906	0.0	0.0	14.58463001330143	0.0	0.0	0.0	19.679318677300863	0.0	0.0	0.0	0.0	0.0	0.0	0.0	0.0	0.0	0.0	0.0	0.0	0.0	0.0	0.0
GSM4138114_HNSCC_3_PBMC_ACTATCTAGCCTCGTG	101.42076949628031	55.631352291011666	43.709035938412434	0.0	62.346145748676626	13.636525875289387	4.867296260677618	0.0	0.0	0.0	70.70823925769211	0.0	0.0	33.80648716653817	0.0	0.0	37.58510885097845	0.0	24.57076801894414	0.0	0.0	0.0	0.0	0.0	0.0	0.0	0.0	0.0	0.0	0.0	0.0	0.0	0.0
GSM4138114_HNSCC_3_PBMC_ACTGAACTCAGCATGT	167.96643377002667	165.88466762494315	0.0	98.59334377832192	0.0	0.0	0.0	56.49106615112623	0.0	0.0	0.0	99.34929640722316	0.0	0.0	0.0	0.0	0.0	0.0	0.0	0.0	0.0	0.0	0.0	0.0	0.0	0.0	0.0	0.0	81.78673331115225	0.0	104.31421518006341	1.741107524066573	0.0
GSM4138114_HNSCC_3_PBMC_ATCCGAACATAACCTG	71.49261654547881	127.99849477148378	90.97390595381343	0.0	0.0	0.0	0.0	0.0	76.9435451267363	0.0	0.0	57.48806510705111	84.66232099975062	47.4563687196767	0.0	0.0	0.0	0.37252625721899957	0.0	0.0	0.0	0.0	7.900990904830714	0.0	0.0	0.0	0.0	0.0	0.0	0.0	0.0	0.0	0.0
GSM4138114_HNSCC_3_PBMC_ATTTCTGTCCGTTGCT	100.0767365699964	178.73008027253348	0.0	0.0	0.0	0.0	116.31852827761855	100.3318728542867	0.0	0.0	0.0	0.0	98.18018974821535	85.3285186084708	0.0	0.0	22.522245612440777	82.21102093187913	0.0	0.0	0.0	0.0	0.0	0.0	0.0	11.978597839929368	0.0	0.0	0.0	0.0	0.0	0.0	0.0
GSM4138114_HNSCC_3_PBMC_CAAGATCGTTCACGGC	87.60383634014603	79.18106042877568	87.18038005042435	0.0	0.0	47.613141211631294	101.6967959776477	0.0	0.0	0.0	0.0	37.32522644180053	60.05926253100461	0.0	0.0	0.0	0.0	7.468894344150179	0.0	0.0	0.0	0.0	6.642880155109681	0.0	0.0	0.0	0.0	0.0	0.0	0.0	0.0	0.0	0.0
GSM4138114_HNSCC_3_PBMC_CGTGTCTGTTGGAGGT	94.98332586899953	95.37345289644226	71.65308526957517	85.75415403116398	0.0	6.823771716762638	54.66384592488634	9.333016097708125	0.0	0.0	0.0	81.60473885584204	0.0	0.0	0.0	0.0	25.65115788082156	0.0	0.0	0.0	0.0	0.0	0.0	0.0	0.0	0.0	67.84748776631396	0.0	0.0	0.0	0.0	12.371958767414698	0.0
GSM4138114_HNSCC_3_PBMC_CTACACCGTAAGTGTA	68.9771302929909	128.53881410034566	64.29151301973718	0.0	0.0	0.0	0.0	0.0	115.79999461868063	28.850813169165118	46.793689669855226	67.10996245257316	10.235509203110269	29.814059921424143	0.0	0.0	3.9819390464741833	0.0	0.0	0.0	0.0	0.0	0.0	0.0	0.0	0.0	0.0	0.0	0.0	0.0	7.094445082138265	0.0	0.0
GSM4138114_HNSCC_3_PBMC_GACGTTAGTGGTCTCG	91.68992577957393	93.89840397123511	39.911836788488074	0.0	20.493901201860474	0.0	0.0	0.0	0.0	0.0	80.20469739572454	0.0	0.0	0.0	0.0	0.0	118.61458906971448	13.595510285313718	0.0	43.15859257200003	0.0	0.0	0.0	0.0	0.0	0.0	0.0	0.0	0.0	0.0	0.0	0.0	0.0
GSM4138114_HNSCC_3_PBMC_GCACTCTGTGGTGTAG	49.899177727181154	52.88554956786579	33.89137125065816	76.8469843613395	0.0	0.0	0.0	0.0	0.0	0.0	0.0	62.29727739502959	0.0	0.0	0.0	74.98992846866139	0.0	0.0	0.0	0.0	0.0	148.2484278670532	0.0	0.0	0.0	0.0	0.0	0.0	0.0	0.0	0.0	0.0	0.0
GSM4138114_HNSCC_3_PBMC_GGGCATCAGACTACAA	115.91918200258975	60.797716455360145	27.138254783482566	115.5513635223239	0.0	65.07256009412939	0.4523817102722421	38.62957120165044	14.56451409566588	0.0	0.0	49.176589969196236	0.0	0.0	0.0	0.0	55.801254104330205	0.0	0.0	0.0	0.0	0.0	0.0	0.0	0.0	0.0	0.0	0.0	0.0	0.0	0.0	0.0	0.0
GSM4138114_HNSCC_3_PBMC_GTCAAGTTCTTTACAC	68.54341319520935	51.717418904801164	125.52390593270792	0.0	76.6210718958201	64.16376051238007	0.0	0.0	88.7283535446876	0.0	83.64649246114772	0.0	0.0	0.0	0.0	0.0	0.0	2.350308462948703	0.0	0.0	0.0	0.0	0.0	0.0	0.0	3.7501617741474695	0.0	0.0	0.0	0.0	0.0	0.0	0.0
GSM4138114_HNSCC_3_PBMC_GTGCTTCCACTATCTT	107.30016565589727	81.7498239381755	80.4692695957109	0.0	0.0	0.0	58.38372391915149	49.705764854267684	0.0	76.67672905952924	0.0	69.12333031144395	0.0	72.86588178547528	0.0	0.0	27.095377265082433	0.0	0.0	0.0	0.0	0.0	0.0	0.0	0.0	0.0	0.0	0.0	0.0	0.0	0.0	0.0	0.0
GSM4138114_HNSCC_3_PBMC_TTCTACACACACCGAC	102.55356026082607	82.44489979639299	68.65391618208045	0.0	65.68759707864548	0.0	0.0	0.0	0.0	0.0	0.0	13.170748543979164	109.92224271407288	38.653801372819515	0.0	0.0	108.34598901352926	0.0	0.0	0.0	0.0	0.0	0.0	0.0	0.0	0.0	0.0	0.0	0.0	0.0	0.0	0.0	0.0
GSM4138114_HNSCC_3_PBMC_TTGACTTTCGCGATCG	103.92718769751764	75.42302855760438	66.77005968953428	70.45240597334995	25.676970928686767	51.06952175761466	0.0	0.0	0.0	0.0	0.0	0.0	0.0	0.0	0.0	0.0	0.0	0.0	0.0	0.0	107.63261545245521	0.0	36.08729158855803	0.0	0.0	0.0	0.0	0.0	0.0	19.780964949129462	0.0	0.0	0.0
GSM4138114_HNSCC_3_PBMC_ACTGTCCCACTAGTAC	51.77320818370932	75.71445157148986	69.68707746011707	0.0	0.0	0.0	0.0	0.0	0.0	80.93910402862463	0.0	0.0	0.0	0.0	0.0	57.08700070651304	0.0	0.0	0.0	0.0	0.0	101.97290543306683	0.0	0.0	66.65349699424063	0.0	0.0	0.0	0.0	0.0	0.0	0.0	0.0
GSM4138114_HNSCC_3_PBMC_CTCATTATCGAATCCA	59.37501555530121	84.9291696737233	0.0	1.4463079859295247	0.0	0.0	0.0	65.74656860648281	0.0	0.0	0.0	0.0	70.75089094806663	51.68771991023278	0.0	0.0	0.0	127.0511568465793	0.0	0.0	0.0	0.0	0.0	0.0	0.0	0.0	0.0	0.0	94.05786892995557	0.0	0.0	0.0	0.0
GSM4138114_HNSCC_3_PBMC_GAACCTATCGACAGCC	102.10141410564712	172.92927682621485	0.0	147.79894041345918	70.39250516961755	41.66741681061652	0.0	111.00359325307261	49.036712994001995	0.0	0.0	0.0	0.0	0.0	64.75210165584255	0.0	0.0	1.2058069792945287	0.0	0.0	0.0	0.0	0.0	0.0	0.0	0.0	0.0	0.0	0.0	0.0	0.0	13.901571124950797	0.0
GSM4138114_HNSCC_3_PBMC_GCGCCAACATTTGCCC	58.46803242849642	89.41836061887709	112.57475715246146	0.0	23.868644958413448	62.372615750160726	0.0	0.0	0.0	0.0	98.44442084944231	0.0	0.0	0.0	7.507247922291571	0.0	0.0	0.0	0.0	0.0	38.97318509075038	0.0	0.0	0.0	0.0	0.0	0.0	0.0	0.0	47.56536584368769	0.0	0.0	0.0
GSM4138114_HNSCC_3_PBMC_GGGAGATCAATTCCTT	36.90428520643882	85.36220447888013	47.988614310713814	0.0	0.0	0.0	0.0	0.0	0.0	46.40319809987208	11.099759420605682	0.0	0.0	58.26197560198558	0.0	0.0	0.0	0.0	0.0	0.0	104.0705692641762	0.0	0.0	37.68028682498122	3.1535496446313043	0.0	0.0	0.0	0.0	0.0	0.0	0.0	0.0
GSM4138114_HNSCC_3_PBMC_GTGAAGGAGAAGGTGA	121.85504360171902	58.94992047860573	40.47392278085558	85.3548611256555	0.0	0.0	117.4537359177639	0.0	0.0	0.0	0.0	0.0	0.0	80.24084898888283	0.0	0.0	0.0	0.0	0.0	0.0	0.0	0.0	0.0	59.14074223088411	0.0	0.0	0.0	0.0	0.0	0.0	0.0	0.0	0.0
GSM4138114_HNSCC_3_PBMC_TACCTATTCGAGAGCA	53.06652074894625	54.08105941755355	0.0	34.66047344379179	0.0	0.0	0.0	55.83953971153883	0.0	21.896558666683568	0.0	0.0	0.0	85.48960446080413	0.0	0.0	40.04695105705805	0.0	0.0	0.0	0.0	0.0	0.0	44.64514497724722	0.0	0.0	0.0	0.0	0.0	0.0	0.0	0.0	0.0
GSM4138114_HNSCC_3_PBMC_TAGCCGGGTTGATTCG	48.40286455856625	60.537079868478614	91.61005831472401	0.0	0.0	0.0	0.0	0.0	0.0	0.0	0.0	0.0	0.0	77.86817229912845	0.0	0.0	0.0	0.0	0.0	0.0	0.0	0.0	0.647446177886662	55.99029545042824	5.147384043193449	79.58382439515697	0.0	18.127272736546168	57.51602545803376	0.0	0.0	0.0	0.0
GSM4138114_HNSCC_3_PBMC_TCTTTCCTCGCCGTGA	92.79634283101545	57.861953670477995	0.0	137.33396565779827	16.491958884992105	7.239367533161678	0.0	71.46345605745728	0.0	0.0	0.0	0.0	0.0	19.885954828184293	0.28973707460522424	0.0	0.0	64.82746430354612	0.0	0.0	0.0	0.0	0.0	0.0	0.0	0.0	0.0	0.0	0.0	126.64127265391532	0.0	0.0	0.0
GSM4138114_HNSCC_3_PBMC_TGTGGTAGTTGCCTCT	83.35249620304653	143.1850037728439	84.97898686647923	111.61645130417948	0.0	65.30379501500967	81.58954376485774	2.2777440584166584	0.0	0.0	0.0	0.0	0.0	0.0	0.0	0.0	0.0	0.0	0.0	0.0	0.0	0.0	0.0	81.95904332720193	0.0	0.0	0.0	0.0	0.0	0.0	0.0	0.0	25.600916556240204
GSM4138114_HNSCC_3_PBMC_ATTATCCTCCTCCTAG	104.7885256481523	151.1233724638852	143.29695123683408	0.0	112.2584127152274	0.0	0.0	0.0	0.0	0.0	0.0	0.0	118.69718707870224	0.0	0.0	0.0	0.0	0.0	224.27611649693822	0.0	0.0	0.0	0.0	0.0	0.0	0.0	171.4232503413819	0.0	0.0	0.0	0.0	0.0	0.0
GSM4138114_HNSCC_3_PBMC_CGAGAAGAGCTACCTA	141.3292869413661	117.88300537691933	106.9469622045302	170.3050455340678	0.0	122.4128832906992	214.76779027344946	0.0	0.0	0.0	0.0	11.197281999540824	0.0	0.0	0.0	0.0	0.0	0.0	0.0	0.0	0.0	0.0	0.0	28.72512194698081	0.0	0.0	0.0	0.0	0.0	0.0	0.0	0.0	0.0
GSM4138114_HNSCC_3_PBMC_GACTACACACCGCTAG	120.69995764440529	85.13776696147443	41.8885872506547	159.74084750092342	118.88633518767905	48.276525169828275	0.0	0.0	74.99684942390603	0.0	0.0	0.0	0.0	38.55963237831262	0.0	0.0	0.0	0.0	0.0	0.0	0.0	0.0	0.0	0.0	0.0	0.0	0.0	0.0	0.0	0.0	0.0	0.0	0.0
GSM4138114_HNSCC_3_PBMC_GGCTCGAGTCTGATCA	91.90076446304512	172.0995992611575	0.0	126.73555664695085	49.38025727677895	68.80376556558475	109.37121855374812	35.47932560774739	0.0	0.0	0.0	0.0	0.0	0.0	0.0	0.0	0.0	0.0	0.0	0.0	0.0	0.0	0.0	0.0	0.0	0.0	0.0	0.0	0.0	0.0	0.0	0.0	0.0
GSM4138114_HNSCC_3_PBMC_TCAGATGTCAGTTTGG	82.65565457795664	74.38647378810981	63.57665615697006	0.0	62.8759570888395	0.0	0.0	0.0	0.0	0.0	108.39135074389672	0.0	0.0	0.0	0.0	0.0	0.0	0.0	117.0389410665718	127.64133438972452	0.0	0.0	0.0	0.0	0.0	0.0	0.0	0.0	0.0	0.0	0.0	0.0	0.0
GSM4138114_HNSCC_3_PBMC_TCGAGGCAGAACAATC	235.90904644017115	179.37167776436058	133.17560490708635	222.02597763016394	138.506327361975	176.32858241900638	0.0	32.51527716641303	0.0	0.0	0.0	0.0	0.0	0.0	170.76706494581921	0.0	0.0	0.0	0.0	0.0	0.0	77.60392857894156	0.0	0.0	0.0	0.0	0.0	0.0	0.0	0.0	0.0	0.0	0.0
GSM4138114_HNSCC_3_PBMC_TGGGCGTGTCATTAGC	105.74339492675745	14.322836027488167	23.839161580418224	73.61228206091398	0.0	0.0	0.0	36.25028752571861	0.0	0.0	0.0	0.0	0.0	0.0	0.0	0.0	0.0	0.0	0.0	61.30335936449045	0.0	0.0	84.02628560829264	0.0	0.0	0.0	0.0	84.75934519987817	0.0	0.0	0.0	0.0	0.0
GSM4138114_HNSCC_3_PBMC_TTCCCAGAGGACAGCT	113.76211149643572	94.56355031469083	64.19744623421931	0.0	45.761639739669526	0.0	0.0	0.0	0.0	0.0	107.90128683101689	0.0	0.0	0.0	85.0871986689922	92.7051280102303	0.0	0.0	0.0	0.0	0.0	0.0	0.0	0.0	0.0	0.0	0.0	0.0	0.0	0.0	0.0	0.0	0.0
GSM4138114_HNSCC_3_PBMC_ACACCAACATGCATGT	107.51053101920171	99.30691737855993	13.41908752268208	77.0067521036774	75.3515774526761	0.0	0.0	42.73962229164803	109.03379345358267	0.0	0.0	0.0	0.0	0.0	0.0	89.93503786633235	0.0	0.0	0.0	6.457962804182236	0.0	0.0	0.0	0.0	0.0	0.0	0.0	0.0	0.0	0.0	0.0	0.0	0.0
GSM4138114_HNSCC_3_PBMC_ACGATACGTGTGGTTT	106.02122518313843	113.92291132407759	163.57374581665204	16.408890755761217	0.0	0.0	0.0	0.0	0.0	271.8991854676164	0.0	148.88624884003687	0.0	0.0	0.0	194.85293921822085	196.26293586218864	0.0	0.0	0.0	0.0	0.0	0.0	0.0	0.0	54.52603785625057	0.0	0.0	0.0	0.0	0.0	0.0	0.0
GSM4138114_HNSCC_3_PBMC_AGAATAGTCACCATAG	84.80303208257467	20.406080615019913	135.3270734362032	98.00830709579128	71.70392516957045	0.0	97.8365168515132	0.0	0.0	0.0	78.2407257319369	97.72114464578112	0.0	69.45706872237164	0.0	0.0	0.0	0.0	0.0	0.0	0.0	0.0	0.0	0.0	0.0	0.0	0.0	0.0	0.0	0.0	0.0	0.0	0.0
GSM4138114_HNSCC_3_PBMC_AGCCTAATCCTGCCAT	46.54172289019147	35.555643696910685	27.641997067837917	68.12531410197006	46.98780367467206	0.0	0.0	0.0	45.3238485933018	0.0	0.0	0.0	0.0	0.0	0.0	1.4728896542458603	0.0	0.0	0.0	0.0	0.0	0.0	0.0	0.0	0.0	0.0	51.75565974253453	0.0	0.0	0.0	0.0	0.0	0.0
GSM4138114_HNSCC_3_PBMC_CAACCAAGTTGAGGTG	67.1280860705951	86.202752510402	68.28015810063252	80.49667497844811	0.0	10.188279801051216	0.0	0.0	0.0	0.0	0.0	46.974282320228816	0.0	0.9126857626274939	0.0	0.0	0.0	0.0	0.0	0.0	0.0	0.0	6.924771376522735	0.0	0.0	0.0	9.049459686006058	0.0	0.0	65.53435470474271	0.0	0.0	0.0
GSM4138114_HNSCC_3_PBMC_CACACAACATGCCTAA	125.92861166891436	169.04291272760062	69.34846193977997	0.0	90.77638749338013	0.0	0.0	0.0	66.63058739228732	0.0	0.0	0.0	146.5235697296938	90.44285350818403	0.0	0.0	40.34008797724236	0.0039206963621833705	11.444770326918901	0.0	0.0	0.0	0.0	0.0	0.0	0.0	0.0	0.0	0.0	0.0	0.0	0.0	0.0
GSM4138114_HNSCC_3_PBMC_CCACTACAGGTGCTAG	44.29560476892842	43.069581357096475	88.27392418229225	0.0	0.0	0.0	0.0	0.0	0.0	131.22108585791756	0.0	0.0	0.0	54.406744543751905	0.0	0.0	0.0	55.63763384562696	0.0	0.0	0.0	0.0	0.0	0.0	0.0	0.0	0.0	0.0	74.80297046954257	0.0	0.0	0.0	0.0
GSM4138114_HNSCC_3_PBMC_CGTCACTCAGATTGCT	168.17444243282068	131.46866570327643	73.89000893864436	198.4602772927382	176.34152097147884	0.0	0.0	0.0	0.0	0.0	0.0	0.0	0.0	0.0	0.0	192.8157060141278	0.0	0.0	122.3812549452833	0.0	0.0	0.0	0.0	0.0	0.0	0.0	0.0	0.0	0.0	0.0	0.0	0.0	0.0
GSM4138114_HNSCC_3_PBMC_CTCGGGAGTCTAGCGC	165.33590415043003	118.34292804199195	106.1635272574436	389.920770899751	72.51171490100812	133.3703182344786	0.0	58.54669311460982	0.0	0.0	0.0	0.0	0.0	0.0	86.60251128335663	7.5451031645231055	0.0	22.407185844246136	0.0	0.0	43.2460281767492	0.0	0.0	0.0	0.0	0.0	0.0	0.0	0.0	0.0	0.0	0.0	0.0
GSM4138114_HNSCC_3_PBMC_GACCTGGCAGTCACTA	115.85828564150492	93.87658498178838	0.0	23.37303350603933	19.69152215082366	25.304264699691025	0.0	130.05541426549271	41.408224112624346	31.33407680272288	65.3702489135131	48.238081508371934	0.43956035115699615	0.0	0.0	30.384530434772717	39.46892613464555	0.0	43.54668450011004	0.0	0.0	0.0	0.0	0.0	0.0	0.0	0.0	0.0	0.0	0.0	0.0	0.0	0.0
GSM4138114_HNSCC_3_PBMC_GCTCTGTAGTCAAGCG	103.28290232615859	165.27925820899145	97.7760596661875	0.0	98.63749923220854	0.0	84.07433036689098	0.0	0.0	0.0	173.52412703821219	0.0	0.0	84.60355468388632	16.321513928167384	0.0	0.0	0.0	0.0	0.0	0.0	0.0	0.0	0.0	0.0	0.0	0.0	0.0	0.0	0.0	0.0	0.0	0.0
GSM4138114_HNSCC_3_PBMC_GGAACTTAGAGAGCTC	139.96745896877263	126.35970244386041	69.92452198592953	0.0	94.75312572917628	0.0	0.0	0.0	135.6136898595035	122.7261987482865	0.0	0.0	67.62544670484495	0.0	0.0	0.0	0.0	0.0	0.0	0.0	0.0	0.0	0.0	0.0	0.0	0.0	156.0895582147627	0.0	0.0	0.0	0.0	0.0	0.0
GSM4138114_HNSCC_3_PBMC_GGCGACTGTTCCACTC	108.46968414797952	48.65260573832858	74.72376998751193	0.0	0.0	25.159333280225397	0.0	0.0	111.7218389351288	0.0	0.0	0.0	0.0	0.0	0.0	0.0	0.0	0.0	0.0	0.0	0.0	0.0	78.97297770284491	0.0	0.0	301.2283200836321	0.0	0.0	0.0	0.0	0.0	23.936628093744968	0.0
GSM4138114_HNSCC_3_PBMC_GTTTCTACACACAGAG	109.9504303524415	154.22247507806597	114.82363238538564	111.50680818130493	0.0	161.1894516968867	207.64518631095777	0.0	0.0	48.03526159703559	0.0	0.0	0.0	0.0	0.0	0.0	0.0	0.0	0.0	0.0	0.0	0.0	276.28623928193565	98.66733421991492	0.0	0.0	0.0	0.0	0.0	0.0	0.0	0.0	0.0
GSM4138114_HNSCC_3_PBMC_TGCGTGGCAGTCGATT	159.46458106325267	119.70465096534612	0.0	180.07823376492718	0.0	72.08164187288256	55.53385327710812	62.694114900343294	0.0	0.0	0.0	0.0	0.0	0.0	0.0	0.0	0.0	0.0	0.0	0.0	0.0	0.0	0.0	100.94766922598113	10.653534756692347	0.0	0.0	0.0	103.72476048986752	0.0	0.0	0.0	0.0
GSM4138114_HNSCC_3_PBMC_TTATGCTGTTACGACT	101.45816247005526	78.63164494313754	111.5941818429617	173.98777853324287	80.3315516131663	0.0	77.12872776223912	0.0	0.0	0.0	0.0	0.0	0.0	0.0	0.0	0.0	0.0	0.0	0.0	61.56653552950658	0.0	0.0	55.43495013739622	0.0	0.0	0.0	0.0	15.068980845897633	0.0	0.0	0.0	0.0	0.0
GSM4138114_HNSCC_3_PBMC_AAAGCAATCCCGACTT	157.21971414961217	203.3277907219097	188.9059278520056	152.89161315303656	0.0	70.0668868742534	212.04412684129372	0.0	0.0	8.020259143133178	0.0	0.0	0.0	32.37824586757275	0.0	0.0	0.0	0.0	0.0	0.0	0.0	0.0	78.15291623538924	0.0	0.0	0.0	0.0	0.0	0.0	0.0	0.0	0.0	0.0
GSM4138114_HNSCC_3_PBMC_AAAGTAGGTTCAGACT	228.12156425422248	144.15977047098409	181.50874034665188	135.7133048579846	0.0	129.75920758396026	181.86578302809883	0.0	0.0	0.0	0.0	83.73508488751945	0.0	0.0	28.521896388210273	0.0	0.0	0.0	0.0	0.0	0.0	0.0	0.0	0.0	0.0	0.0	0.0	0.0	0.0	0.0	0.0	0.0	0.0
GSM4138114_HNSCC_3_PBMC_ACGTCAAAGAGCTGGT	390.2138357275898	240.11339668870156	126.62412639292394	0.0	0.0	0.0	0.0	0.0	117.54592247807317	0.0	0.0	121.29994524265187	165.20208842590645	115.44766349979707	58.27284486834483	0.0	0.0	0.0	0.0	0.0	0.0	0.0	0.0	0.0	0.0	0.0	0.0	0.0	0.0	0.0	0.0	0.0	0.0
GSM4138114_HNSCC_3_PBMC_ACTTGTTAGCAGATCG	134.03574955051565	196.94561772565956	165.3247222418347	101.67234775713263	0.0	92.96318659515298	159.10818848688447	0.0	0.0	0.0	0.0	0.0	0.0	2.2387309991078648	0.0	0.0	0.0	0.0	0.0	0.0	0.0	0.0	0.0	105.62254460670428	0.0	0.0	0.0	0.0	0.0	0.0	0.0	0.0	0.0
GSM4138114_HNSCC_3_PBMC_AGCTCCTGTCTGCAAT	187.483375601966	318.86299561377984	0.0	0.0	0.0	0.0	0.0	191.57374748282152	0.0	0.0	0.0	0.0	0.0	108.97327819034548	0.0	0.0	0.0	132.51890333836863	0.0	0.0	0.0	0.0	0.0	0.0	0.0	150.60676137847148	0.0	193.5804886824413	0.0	0.0	0.0	0.0	0.0
GSM4138114_HNSCC_3_PBMC_ATCTGCCTCTCCGGTT	224.9443464215962	239.60112834624107	177.0435513487917	0.0	0.0	160.36594277479776	254.55123453724792	35.417824889562795	0.0	0.0	0.0	0.0	0.0	48.490557049906386	0.0	0.0	0.0	0.0	0.0	0.0	0.0	0.0	133.02780516310105	0.0	31.368788015019387	188.78092160583935	0.0	0.0	0.0	0.0	0.0	0.0	0.0
GSM4138114_HNSCC_3_PBMC_CACAAACGTCTCTTAT	224.38429454730678	237.3949263480474	265.4803763580235	0.0	174.90359121817409	129.49699452509017	208.58102602817726	0.0	0.0	0.0	138.5646805590337	0.0	0.0	0.0	0.0	0.0	0.0	0.0	0.0	0.0	0.0	0.0	0.0	0.0	0.0	0.0	0.0	0.0	0.0	0.0	0.0	0.0	0.0
GSM4138114_HNSCC_3_PBMC_CATCAAGCACAGATTC	273.8054422105136	226.0318814281645	113.11932898736104	101.86736328780034	0.0	91.1153058023188	0.0	0.0	0.0	23.1431682909757	0.0	157.5853901904233	0.0	0.0	0.0	0.0	0.0	0.0	0.0	0.0	0.0	0.0	0.0	0.0	0.0	0.0	0.0	0.0	0.0	248.82846999420974	0.0	0.0	0.0
GSM4138114_HNSCC_3_PBMC_CGTCCATGTAATCACC	283.6825204894804	170.40930107209337	131.63532706227753	12.130163067620446	0.0	137.9173879124511	124.22846200572218	29.96103631854415	0.0	81.43096819009058	0.0	24.108782639197972	0.0	2.132090609600256	0.0	0.0	0.0	0.0	0.0	0.0	7.997276048590404	0.0	122.3957498778598	0.0	0.0	0.0	0.0	39.900115511673825	0.0	0.0	0.0	0.0	0.0
GSM4138114_HNSCC_3_PBMC_CGTTCTGGTCCGAGTC	159.79364725196044	256.48067832056597	100.43085237839635	0.0	0.0	0.0	205.6554153228542	0.0	0.0	44.823956950134814	46.79486069815134	175.43819114171765	9.985568833448651	111.48733289953921	0.0	0.0	0.0	0.0	0.0	0.0	0.0	0.0	0.0	0.0	0.0	0.0	0.0	0.0	0.0	0.0	0.0	0.0	0.0
GSM4138114_HNSCC_3_PBMC_CTACGTCAGAGGACGG	142.5648846730703	275.93260543625803	184.97821920738514	0.0	57.2020318953203	28.155747212710168	23.616952840735575	0.0	0.0	0.0	0.0	15.212663989884277	82.31002954388612	90.93457731396092	109.71143787445456	0.0	0.0	0.0	0.0	0.0	0.0	0.0	0.0	0.0	0.0	0.0	0.0	0.0	0.0	0.0	0.0	0.0	0.0
GSM4138114_HNSCC_3_PBMC_GACGCGTGTTCCGGCA	197.4823232532497	120.97535107703776	152.62579063731727	0.0	0.0	25.83876875283066	212.7321958374148	0.0	0.0	0.0	94.63829903079922	0.0	0.0	62.27061099017638	0.0	0.0	0.0	0.0	0.0	0.0	0.0	0.0	0.0	0.0	129.93252356172977	0.0	0.0	0.0	0.0	0.0	0.0	0.0	0.0
GSM4138114_HNSCC_3_PBMC_GGCCGATCATGTAAGA	190.85529746314188	249.9618340461738	154.96273892977536	0.0	0.0	0.0	144.50855604159446	0.0	0.0	0.0	167.45537584907703	15.961326496266654	0.0	0.0	0.0	121.01949464776227	0.0	0.0	0.0	0.0	0.0	0.0	0.0	100.0300545858001	0.0	0.0	0.0	0.0	0.0	0.0	0.0	0.0	0.0
GSM4138114_HNSCC_3_PBMC_GTATTCTTCTGTGCAA	228.67203574947789	176.1787724124863	271.11438063774193	0.0	0.0	192.2495791057751	215.75400065912518	0.0	0.0	0.0	99.65581807893346	0.0	0.0	0.0	0.0	0.0	0.0	0.0	0.0	0.0	0.0	0.0	0.0	157.2387354980983	0.0	0.0	0.0	0.0	0.0	0.0	0.0	0.0	0.0
GSM4138114_HNSCC_3_PBMC_GTCAAGTAGTGCTGCC	165.97529770434787	86.71038310509503	222.78683649737823	175.60592834946087	79.79349378799799	151.02188998606903	150.14935774519174	0.0	0.0	0.0	0.0	0.0	0.0	33.06207279503444	61.506524791210566	0.0	0.0	0.0	0.0	0.0	0.0	0.0	0.0	0.0	0.0	0.0	0.0	0.0	0.0	0.0	0.0	0.0	0.0
GSM4138114_HNSCC_3_PBMC_GTCTCGTAGGCTAGAC	284.3816399886025	126.53593124611737	262.1791006359889	29.138135884265083	0.0	128.69183279839083	0.0	0.0	0.0	131.6840828554168	0.0	0.0	0.0	0.0	0.0	0.0	110.45370223434948	0.0	0.0	0.0	0.0	0.0	124.46138927318853	0.0	9.810973702470134	0.0	0.0	0.0	0.0	0.0	0.0	0.0	0.0
GSM4138114_HNSCC_3_PBMC_TCTGGAAAGTGGTAAT	110.31984765408613	143.42431655664677	263.7700653241187	0.0	101.93536958369998	100.4202650499374	0.0	0.0	0.0	0.0	105.35305835337364	0.0	0.0	0.0	153.6449680371202	0.0	0.0	0.0	0.0	0.0	0.0	0.0	0.0	0.0	0.0	0.0	0.0	0.0	0.0	0.0	0.0	0.0	0.0
GSM4138114_HNSCC_3_PBMC_TGGCCAGGTCCAAGTT	171.62697948330117	115.66928002528368	138.7754852329691	135.10432331872119	0.0	0.0	183.0665925809351	0.0	0.0	0.0	0.0	0.0	0.0	0.0	0.0	140.35061677239287	0.0	97.44896907798451	0.0	0.0	0.0	0.0	0.0	0.0	0.0	0.0	0.0	0.0	0.0	0.0	0.0	0.0	0.0
GSM4138114_HNSCC_3_PBMC_AACTGGTGTGTGGCTC	2939.6223039613424	0.0	0.0	0.0	0.0	0.0	0.0	0.0	0.0	0.0	0.0	0.0	0.0	0.0	0.0	0.0	0.0	0.0	0.0	0.0	0.0	0.0	0.0	0.0	0.0	0.0	0.0	0.0	0.0	0.0	0.0	0.0	0.0
GSM4138114_HNSCC_3_PBMC_AAGACCTAGTTTGCGT	245.9909373691036	235.88406211357832	250.80840235548416	84.79463114320434	172.93555617629093	225.73760595121084	245.77432049628052	0.0	0.0	29.23865979031803	0.0	0.0	10.376979979457394	0.0	7.401422420972858	0.0	0.0	0.0	0.0	0.0	0.0	0.0	0.0	0.0	0.0	12.259920161253012	0.0	0.0	0.0	0.0	0.0	0.0	0.0
GSM4138114_HNSCC_3_PBMC_ACATCAGAGTGTCCAT	0.0	3122.4663739987864	0.0	0.0	0.0	0.0	0.0	0.0	0.0	0.0	0.0	0.0	0.0	0.0	0.0	0.0	0.0	0.0	0.0	0.0	0.0	0.0	0.0	0.0	0.0	0.0	0.0	0.0	0.0	0.0	0.0	0.0	0.0
GSM4138114_HNSCC_3_PBMC_ACGGCCACATGGTCTA	217.19459741669232	224.25997938039617	207.694934809413	0.0	0.0	0.0	0.0	0.0	0.0	158.24862779212444	0.0	0.0	0.0	0.0	188.8108020914258	255.6785567828677	0.0	0.0	0.0	0.0	21.307140429564395	0.0	0.0	0.0	112.86265730240281	0.0	0.0	0.0	0.0	0.0	0.0	0.0	0.0
GSM4138114_HNSCC_3_PBMC_ACTTGTTGTTGTGGAG	113.65921543302952	81.28277111696094	152.91842126970246	0.0	0.0	0.0	0.0	0.0	0.0	89.27265283093288	0.0	0.0	0.0	184.89939637511114	0.0	0.0	0.0	0.0	0.0	0.0	0.0	0.0	0.0	50.38703668835114	0.0	1.8429663407798575	0.0	0.0	336.4804800642166	0.0	107.18437272745099	0.0	0.0
GSM4138114_HNSCC_3_PBMC_AGCGTATCAGCTCGCA	0.0	0.0	0.0	0.0	0.0	0.0	463.73696224855985	0.0	0.0	0.0	0.0	0.0	0.0	0.0	0.0	0.0	0.0	0.0	0.0	0.0	0.0	3786.281684486015	0.0	0.0	0.0	0.0	0.0	190.40965713127355	5.356264691423957	0.0	0.0	0.0	0.0
GSM4138114_HNSCC_3_PBMC_CCATTCGAGACAGGCT	260.16219353052185	231.07660763669668	309.8152787958973	0.0	111.83970997192469	260.6411139658717	100.65585208010918	0.0	0.0	0.0	0.0	0.0	151.8849115931244	0.0	0.0	0.0	0.0	0.0	0.0	0.0	0.0	0.0	0.0	0.0	0.0	0.0	0.0	0.0	0.0	0.0	0.0	0.0	214.1097018971611
GSM4138114_HNSCC_3_PBMC_CCTTCGATCTCGCTTG	287.8966626064295	272.16955672110277	271.44023236194295	0.0	0.0	219.76540579128846	276.3304678667573	2.06033886449518	0.0	107.53895819316631	0.0	0.0	0.0	0.0	0.0	0.0	0.0	77.79103125442163	0.0	0.0	0.0	0.0	0.0	0.0	0.0	0.0	0.0	0.0	0.0	0.0	0.0	0.0	0.0
GSM4138114_HNSCC_3_PBMC_CGCGTTTAGACTAGGC	0.0	0.0	2952.299587208298	0.0	0.0	0.0	0.0	138.9735757561184	0.0	0.0	0.0	0.0	0.0	0.0	0.0	0.0	0.0	0.0	0.0	0.0	0.0	0.0	0.0	0.0	0.0	0.0	0.0	0.0	0.0	0.0	0.0	0.0	0.0
GSM4138114_HNSCC_3_PBMC_CTACATTTCTTTACGT	273.1987029097714	310.9446729734226	312.30282327063196	0.0	107.46634431649217	144.70402415210296	0.0	0.0	16.408758329264376	66.08279577691272	0.0	0.0	2.761854120732222	128.74838267758588	0.0	0.0	0.0	0.0	0.0	0.0	293.66756815116895	0.0	0.0	0.0	0.0	0.0	0.0	0.0	0.0	0.0	0.0	0.0	0.0
GSM4138114_HNSCC_3_PBMC_CTAGCCTAGACCGGAT	246.7380801403847	225.74353020018273	237.14112001829866	0.0	0.0	132.66965335942206	66.04157099314966	0.0	0.0	0.0	0.0	0.0	121.59072571540365	76.29011210669412	34.6915677037212	0.0	0.0	102.8780829164744	0.0	5.572796998215462	0.0	183.8499199379259	0.0	0.0	0.0	0.0	0.0	0.0	0.0	0.0	0.0	0.0	0.0
GSM4138114_HNSCC_3_PBMC_GACGTTAGTACCATCA	311.55365154723705	332.15760682583584	219.0964148005995	185.44882134103585	129.61981130866278	333.5004903891472	0.0	0.0	0.0	0.0	0.0	0.0	0.0	0.21963373120904298	417.700468319244	0.0	0.0	0.0	0.0	0.0	0.0	0.0	0.0	7.675245351441508	28.28292569133054	0.0	0.0	0.0	0.0	0.0	0.0	0.0	0.0
GSM4138114_HNSCC_3_PBMC_GCGCAGTCAACTGGCC	400.38256901919567	254.2224452498529	274.42964628915973	83.25057658991862	91.17483641250054	0.0	315.1161554453656	0.0	0.0	0.0	0.0	0.0	0.0	319.70299023690586	8.301124798965558	0.0	0.0	0.0	0.0	0.0	0.0	0.0	0.0	0.0	0.0	66.21517260713136	0.0	0.0	0.0	0.0	0.0	0.0	0.0
GSM4138114_HNSCC_3_PBMC_GCTCTGTCACACTGCG	239.09310596429845	214.45107443667106	392.7690933955554	139.8024562649055	79.73168607059036	0.0	33.274346149246334	0.0	0.0	26.156599762956645	0.0	53.825964762918126	0.0	0.0	204.83717577024788	0.0	0.0	0.0	0.0	377.5595889485057	0.0	0.0	0.0	0.0	0.0	0.0	0.0	0.0	0.0	0.0	0.0	0.0	0.0
GSM4138114_HNSCC_3_PBMC_GCTGCAGTCCGGCACA	296.3147706674904	229.23231666200746	228.14521099859022	216.50571314911014	0.0	254.05123842412684	303.1618868739207	0.0	0.0	0.0	0.0	72.18982042347415	0.0	0.0	0.0	0.0	0.0	0.0	0.0	0.0	0.0	0.0	0.0	0.0	0.0	0.0	0.0	0.0	0.0	0.0	0.0	0.0	0.0
GSM4138114_HNSCC_3_PBMC_GTAGTCACACAAGCCC	213.11440157359607	161.37562701486897	0.0	116.32498638289717	0.0	93.33589703802669	0.0	155.5671898270862	0.0	0.0	0.0	78.03087265184516	0.0	0.0	0.0	0.0	0.0	70.52918441419934	125.53611556465361	130.69558222727636	0.0	0.0	0.0	0.0	0.0	0.0	1.8149393985734241	157.88714940392816	0.0	0.0	4.242219129262469	0.0	0.0
GSM4138114_HNSCC_3_PBMC_GTCAAGTAGGCGTACA	91.59986197336445	122.82534732702733	144.2436623080399	7.780820325370258	54.92633612906904	0.0	0.0	0.0	0.0	0.0	27.369631644030964	0.0	5.642582149936417	53.229651722330935	0.0	0.0	43.21303222958866	0.0	18.10967968851827	0.0	0.0	0.0	0.0	0.0	0.0	0.0	0.0	0.0	42.93705612577734	0.0	0.0	0.0	0.0
GSM4138114_HNSCC_3_PBMC_TACGGATAGATCGATA	262.03164501164895	220.88698373715428	227.8344050304801	130.30621458677365	0.0	176.52896553566592	0.0	0.0	0.0	12.8171742542373	0.0	0.0	0.0	52.58720744493356	288.7571891911778	0.0	0.0	0.0	0.0	0.0	0.0	0.0	144.89147866427086	0.0	0.0	0.0	0.0	0.0	0.0	0.0	0.0	0.0	0.0
GSM4138114_HNSCC_3_PBMC_TCAACGATCTGGGCCA	322.5538814168307	348.1812378175793	307.71043935306886	157.1637578432279	0.0	325.0003213222075	296.6635709538046	0.0	0.0	14.508854364678072	0.0	0.0	0.0	0.0	0.0	0.0	0.0	0.0	0.0	0.0	0.0	0.0	0.0	114.57189428309206	0.0	0.0	0.0	0.0	0.0	0.0	0.0	0.0	0.0
GSM4138114_HNSCC_3_PBMC_TGGGCGTGTTAGTGGG	250.37982245377572	270.98887261796114	292.339686424557	0.0	93.84370204442224	234.7206616404667	0.0	0.0	0.0	0.0	0.0	0.0	155.446941337674	17.434382986016683	51.97864891906833	0.0	0.0	0.0	0.0	0.0	0.0	0.0	0.0	0.0	0.0	0.0	0.0	0.0	0.0	191.70614969924836	0.0	0.0	0.0
GSM4138114_HNSCC_3_PBMC_TTGGAACCAGTCACTA	285.5160017496263	277.0605835878505	228.1554643861256	0.0	135.37067474880186	209.52420028062244	63.88727848366803	0.0	0.0	95.15933039616083	24.896152068642476	0.0	0.0	0.0	20.612464947725304	0.0	0.0	0.0	0.0	0.0	75.02504238467814	124.47278820129796	0.0	0.0	0.0	0.0	0.0	0.0	0.0	0.0	0.0	0.0	0.0
GSM4138114_HNSCC_3_PBMC_ACTGTCCCAGCGATCC	117.70479172481821	145.9802476556575	127.53065688998073	20.733646793953476	0.0	0.0	0.0	0.0	0.0	0.0	64.46579036890755	0.0	0.0	0.0	0.0	0.0	0.0	121.55614554384117	0.0	217.74571459880295	341.1576214437719	0.0	0.0	0.0	0.0	0.0	0.0	0.0	0.0	0.0	0.0	0.0	0.0
GSM4138114_HNSCC_3_PBMC_AGATTGCGTCATACTG	105.45468125297317	95.42956424107874	0.0	101.90379980230385	40.45388608095942	0.0	34.806677286960216	74.06292635657414	0.0	0.0	0.0	0.0	0.0	148.10256711423912	0.0	0.0	151.39929657449278	0.0	0.0	0.0	0.0	0.0	0.0	0.0	0.0	0.0	0.0	36.53204801746734	0.0	0.0	0.0	0.0	0.0
GSM4138114_HNSCC_3_PBMC_CACACAAGTGAACCTT	198.8794342125298	206.9595672958264	0.0	77.71185548246815	64.66287734576932	113.51454794099644	0.0	173.35200230198353	0.0	0.0	0.0	0.0	0.0	0.0	150.95328969933828	0.0	0.0	47.278741301481595	0.0	0.0	0.0	0.0	0.0	0.0	0.0	0.0	0.0	0.0	0.0	0.0	0.0	0.0	0.0
GSM4138114_HNSCC_3_PBMC_GCGCAACCATCTGGTA	136.46673499149864	132.55111085608095	94.96441147911095	0.0	0.0	0.0	0.0	0.0	0.0	60.89597032314121	8.370398242953808	0.0	0.0	20.196873893021902	0.0	0.0	0.0	0.0	0.0	0.0	205.60447471532828	0.0	0.0	94.48309777991547	41.67904163676503	0.0	0.0	0.0	0.0	0.0	111.61146275334634	0.0	0.0
GSM4138114_HNSCC_3_PBMC_TACGGATGTCTCATCC	119.52853162970764	217.4911131605546	0.0	0.0	95.5841821110859	0.0	0.0	102.7553926418575	0.0	0.0	94.31640315226102	0.0	0.0	0.0	0.0	192.83955855852474	0.0	0.0	0.0	0.0	133.25755874683267	0.0	0.0	0.0	0.0	0.0	0.0	0.0	0.0	0.0	0.0	0.0	0.0
GSM4138114_HNSCC_3_PBMC_TAGAGCTTCGGAATCT	218.23030518695498	135.46935356269486	0.0	82.27536259098859	43.27500470941404	62.79999092612456	0.0	105.61562775025793	0.0	0.0	0.0	0.0	0.0	111.72922211975934	0.0	0.0	0.0	0.0	0.0	0.0	0.0	0.0	0.0	0.0	50.78987419106093	0.0	0.0	106.70860997901092	0.0	0.0	0.0	0.0	0.0
GSM4138114_HNSCC_3_PBMC_TTGGAACGTACACCGC	202.66983303551535	150.74496659455863	0.0	0.0	0.0	0.0	0.0	224.77977110563415	0.0	0.0	69.26758016753368	0.0	0.0	11.767089535489376	0.0	0.0	0.0	0.0	0.0	0.0	0.0	0.0	0.0	0.0	138.02087573286647	0.0	0.0	0.0	252.42174954515	0.0	164.731834813137	0.0	0.0
GSM4138114_HNSCC_3_PBMC_GCAGCCACACCACGTG	187.0109110774119	54.607359091537006	0.0	0.0	52.33154883347616	0.0	39.46924776235064	87.37758765959894	0.0	20.812073602550477	0.0	0.0	57.025569300817835	0.0	0.0	14.027997642716272	0.0	0.0	0.0	0.0	0.0	0.0	0.0	0.0	0.0	0.0	59.40944919841005	0.0	57.68072549848245	0.0	0.0	0.0	0.0
GSM4138114_HNSCC_3_PBMC_TAGTTGGTCGAGAGCA	132.46107336634591	88.38461044797172	120.10231968863175	73.27977477323373	63.36302455943235	44.01192439140101	16.145101880862203	0.0	0.0	0.0	0.0	0.0	38.32115643066268	0.0	29.37802579358153	0.0	0.0	0.0	0.0	0.0	0.0	54.44462536441903	0.0	0.0	0.0	0.0	0.0	0.0	0.0	0.0	0.0	0.0	0.0
GSM4138114_HNSCC_3_PBMC_GGACAAGGTTACGACT	123.71408256221225	54.915281169474234	37.669078350044416	118.8806730445272	102.93788111337877	0.0	0.0	81.7934744637727	100.05714489840082	0.0	0.0	0.0	17.52482842432986	0.0	0.0	54.82472320318061	0.0	0.0	0.0	0.0	0.0	0.0	0.0	0.0	0.0	0.0	0.0	0.0	0.0	0.0	0.0	0.0	0.0
GSM4138114_HNSCC_3_PBMC_AGCTTGACATAACCTG	0.0	0.0	0.0	0.0	0.0	0.040880649795646935	0.0	0.0	0.0	0.0	0.0	0.0	0.0	26.472096328878713	0.0	0.0	0.0	0.0	0.0	0.0	0.0	0.0	0.0	0.0	0.0	0.0	4266.18796673308	0.0	0.0	0.0	99.92039601486542	0.0	0.0
