	1	2	3	4	5	6	7	8	9	10	11	12	13	14	15	16	17	18	19	20	21	22	23	24	25	26	27	28	29
GSM4138114_HNSCC_3_PBMC_AAACGGGTCTAGAGTC	74.6413406492941	0.0	57.90329929548493	34.566789245390204	24.43564740976218	0.0	0.0	0.0	0.0	11.861275913362755	66.97630963957748	0.0	0.0	0.0	66.19131993421823	0.0	0.0	0.0	0.0	0.0	66.42556659499145	0.0	1.344993133373858	0.0	0.0	0.0	0.0	18.34359311169897	0.0
GSM4138114_HNSCC_3_PBMC_AAAGATGCACTACAGT	14.851154633280819	0.0	83.1229963142615	36.194270919127334	49.424405343115524	0.0	0.0	0.0	0.0	0.0	67.43301862321395	0.0	0.0	0.0	0.0	0.0	0.0	0.0	0.0	0.0	35.23620262103884	0.0	87.13305409140831	0.0	17.86631158079154	0.0	6.8231400121927726	0.0	0.0
GSM4138114_HNSCC_3_PBMC_AAATGCCTCTCCAGGG	55.92875379862493	95.28060041280948	0.0	48.391928647229236	36.86910188004224	113.4651994688976	80.30853373406254	0.0	0.0	0.0	0.0	46.83978317585022	0.0	104.81528707788912	0.0	0.0	0.0	0.0	0.0	0.0	0.0	0.0	0.0	0.0	0.0	0.0	0.0	0.0	0.0
GSM4138114_HNSCC_3_PBMC_AACACGTAGAGTGAGA	45.68907541897634	14.889996924209425	0.0	25.737384258909678	79.47214968968837	0.0	0.0	105.27033579129554	0.0	9.929506155217027	0.0	0.0	0.0	72.5442617880193	0.0	83.86239848336888	0.0	0.0	0.0	0.0	0.0	0.0	0.0	95.38471197312879	0.0	0.0	0.0	0.0	0.0
GSM4138114_HNSCC_3_PBMC_AAGGCAGGTTTAAGCC	94.05694041068215	0.0	0.0	61.389684295051374	25.566541898898038	0.0	0.0	99.48611974026836	0.0	0.0	25.131945138096725	0.0	0.0	0.0	0.0	0.0	0.0	75.4211286956699	33.03872128544384	50.639852982476334	0.0	0.0	0.0	0.0	0.0	0.0	0.0	0.0	0.0
GSM4138114_HNSCC_3_PBMC_ACACCAAGTATAAACG	49.78774025845395	42.06066975493349	75.12385653328647	42.92081390603342	0.0	0.0	0.0	21.379526894048542	0.0	68.91347112466204	0.0	0.0	0.0	0.0	46.240790701413275	0.0	75.85915371728431	0.0	0.0	0.0	0.0	0.0	0.0	0.0	0.0	0.0	0.0	0.0	0.0
GSM4138114_HNSCC_3_PBMC_ACATACGTCCACTCCA	34.83738899250977	33.299578037369216	0.0	13.76255705624733	0.0	42.335926340511335	38.54070782479586	0.0	0.0	0.0	0.0	89.7359503804178	56.20997524605974	0.0	0.0	0.0	0.0	0.0	0.0	0.0	0.0	0.0	0.0	0.0	0.0	0.0	0.0	0.0	0.0
GSM4138114_HNSCC_3_PBMC_ACTATCTAGGAGTTTA	43.042877273921874	0.0	76.6979448743394	53.344213658358264	77.6210181373686	0.0	0.0	0.0	194.20717381517466	0.0	0.0	0.0	0.0	0.0	0.0	114.39215877227774	36.222288731123854	0.0	0.0	0.0	0.0	0.0	0.0	0.0	0.0	0.0	0.0	0.0	0.0
GSM4138114_HNSCC_3_PBMC_ACTGAACTCACCTTAT	52.569450972124876	92.15403669590512	128.75825781375067	24.15885594684142	0.0	0.0	0.0	0.0	102.34462141778599	45.251538286929915	0.0	0.0	0.0	0.0	0.0	0.0	55.05894649609555	0.0	0.0	0.0	0.0	0.0	0.0	0.0	0.0	0.0	0.0	0.0	0.0
GSM4138114_HNSCC_3_PBMC_ACTTTCACAGCTGTTA	50.35408798128375	31.161921145017875	49.69870782199557	49.648558851732936	0.0	0.0	0.0	0.0	0.0	59.08324214535247	0.0	0.0	0.0	0.0	0.0	39.540575373550844	0.0	0.0	0.0	0.0	0.0	0.0	97.51162365958041	0.0	33.85535883951297	0.0	0.0	0.0	0.0
GSM4138114_HNSCC_3_PBMC_AGCTCTCAGGTGATAT	54.57333332982016	70.30970720306004	0.0	28.82015205293943	46.12418954884654	120.73683891261358	68.49752972574285	0.0	0.0	0.0	0.0	0.0	0.0	0.0	0.0	0.0	0.0	0.0	0.0	76.66854173344137	0.0	0.0	0.0	0.0	0.0	0.0	0.0	0.0	0.0
GSM4138114_HNSCC_3_PBMC_AGCTCTCCAGCCTGTG	33.06956468992538	39.10053361701684	37.5640643881255	7.210113238621947	0.0	0.0	0.0	80.72601452787342	0.0	30.241909262896225	0.0	0.0	0.0	0.0	62.69925772048241	0.0	11.89369310828206	0.0	0.0	0.0	0.0	0.0	0.0	0.0	0.0	24.791925403030632	0.0	0.0	0.0
GSM4138114_HNSCC_3_PBMC_AGTCTTTCAAAGGTGC	177.99588630900993	29.327995599457996	40.57704538944484	12.752706075393684	0.0	0.0	0.0	0.0	101.96719974064811	56.228406362836694	0.0	0.0	0.0	0.0	0.0	65.47039485523047	0.0	0.0	0.0	4.067155646573727	0.0	0.0	0.0	0.0	0.0	0.0	0.0	0.0	0.0
GSM4138114_HNSCC_3_PBMC_AGTGAGGGTCAGCTAT	149.89334459005397	55.99715724759171	0.0	11.904594205543123	0.0	18.13116789624881	46.47953308802403	0.0	0.0	124.18570326999043	0.0	0.0	19.971241709725227	16.824166207864423	0.0	0.0	0.0	0.0	0.0	0.0	0.0	0.0	55.94505218926516	0.0	0.0	0.0	0.0	0.0	0.0
GSM4138114_HNSCC_3_PBMC_AGTGGGATCACCACCT	57.683147892579036	69.17483618403621	0.0	38.57547899197018	58.06507848305456	0.0	0.0	119.01450157238953	0.0	0.0	0.0	0.0	15.086039555248007	0.0	110.08748378511208	0.0	0.0	0.0	0.0	0.0	0.0	0.0	0.0	0.0	27.869383288927317	0.0	15.360442687604074	0.0	0.0
GSM4138114_HNSCC_3_PBMC_ATCCACCTCCCTCAGT	52.669055628588865	73.56033722833219	0.0	5.687889477293942	0.0	0.0	58.979562870901745	0.0	63.03408225214534	0.0	0.0	41.548980838110744	27.008426468811777	0.0	0.0	0.0	0.0	0.0	0.0	0.0	0.0	0.0	0.0	0.0	0.0	0.0	0.0	0.0	0.0
GSM4138114_HNSCC_3_PBMC_ATCGAGTGTCTAAACC	105.87249349164328	0.0	95.1409502176101	53.80073036010497	0.0	0.0	0.0	0.0	300.0190120488388	106.00738482639832	0.0	0.0	0.0	0.0	0.0	118.43618243669331	10.681888083051067	0.0	0.0	0.0	0.0	0.0	0.0	0.0	76.94834765910991	0.0	7.464221068079107	0.0	0.0
GSM4138114_HNSCC_3_PBMC_ATCTACTGTGACGCCT	70.99252556662098	69.95412518836199	64.16986775716656	33.358256523759394	44.87329216243071	74.74601464191312	0.0	0.0	0.0	0.0	0.0	0.0	0.0	0.0	0.0	0.0	60.70581933659797	0.0	0.0	0.0	0.0	0.0	0.0	0.0	35.88222884627774	0.0	0.0	0.0	0.0
GSM4138114_HNSCC_3_PBMC_CAAGAAAGTGCTTCTC	28.776721709365866	3.4030292483585045	0.0	12.954136621868784	39.72067936926454	0.0	72.054408668247	0.0	75.36824456515019	0.0	0.0	19.106354936761747	0.0	0.0	0.0	0.0	56.614163509119315	0.0	46.10816738086176	0.0	0.0	0.0	0.0	0.0	0.0	0.0	0.0	0.0	0.0
GSM4138114_HNSCC_3_PBMC_CAAGGCCGTTCCCGAG	82.08118905527535	0.0	0.0	23.36285819882796	0.0	0.0	0.0	87.20083318166478	0.0	45.60304112238147	120.04614654219489	0.0	25.06425789917411	9.97665838348661	0.0	0.0	0.0	47.94347887739087	0.0	0.0	0.0	0.0	0.0	0.0	0.0	26.05599109021528	3.726740728194123	0.0	0.0
GSM4138114_HNSCC_3_PBMC_CAAGTTGTCAAGAAGT	33.08915110990808	111.13080254344771	0.0	16.024840628899007	0.0	0.0	0.0	21.81808031978769	0.0	33.88915652243788	0.0	0.0	0.0	0.0	0.0	0.0	0.0	56.42744835517584	0.0	98.78975086018765	0.0	0.0	13.04300533341913	0.0	0.0	0.0	0.0	0.0	0.0
GSM4138114_HNSCC_3_PBMC_CACAAACCAGCTGGCT	45.19289786274101	0.0	18.65155277069895	14.405250717375667	2.909244186247339	101.55345415837577	0.0	31.930810294598654	0.0	0.0	0.0	0.0	0.0	0.0	0.0	0.0	0.0	0.0	121.9379624194184	52.76362853147972	0.0	0.0	0.0	0.0	0.0	0.0	0.0	0.0	0.0
GSM4138114_HNSCC_3_PBMC_CACACAAAGAACAACT	23.1378435140454	0.0	36.62871997087671	26.875712169271193	0.0	0.0	11.057203537796669	0.0	0.0	49.15350672873085	0.0	0.0	0.0	49.127961250576156	0.0	85.36586752676918	0.0	0.0	23.441942578378278	3.1449939734692554	10.86665007659788	0.0	166.93890001233945	0.0	0.0	0.0	0.0	0.0	0.0
GSM4138114_HNSCC_3_PBMC_CACATAGTCCGCAAGC	63.489725524339974	67.23338216934637	61.1805432198201	20.753443788627273	0.0	0.0	0.0	0.0	96.03252981088588	0.0	0.0	62.53032910759563	0.0	0.0	0.0	0.0	0.0	0.0	0.0	111.20187298927422	0.0	0.0	0.0	0.0	0.0	0.0	0.0	0.0	0.0
GSM4138114_HNSCC_3_PBMC_CACCACTAGCAATATG	32.7777584711723	30.354173508904722	64.29250221653278	9.140557809612538	0.0	146.9432490151913	0.0	0.0	0.0	0.0	0.0	26.36883847005096	32.97083169838801	0.0	0.0	0.0	0.0	0.0	0.0	0.0	0.0	0.0	0.0	0.0	0.0	0.0	0.0	0.0	0.0
GSM4138114_HNSCC_3_PBMC_CATATTCAGTCCCACG	15.550259181568727	60.67810185393647	0.0	11.757671079552058	0.0	0.0	0.0	35.4044611605047	0.0	64.46910913698413	0.0	0.0	28.361202280740162	0.0	0.0	0.0	0.0	0.0	0.0	0.0	0.0	0.0	106.25344430127694	0.0	0.0	0.0	0.0	29.124888595439078	0.0
GSM4138114_HNSCC_3_PBMC_CATCAAGGTCGTCTTC	29.51505156187232	80.89417768344822	0.0	17.261933799943733	0.0	0.0	33.03510140669231	0.0	0.0	48.00268155410316	0.0	0.0	0.0	14.411787535608626	0.0	0.0	0.0	0.0	0.0	0.0	0.0	0.0	147.1892213497832	0.0	0.0	0.0	20.515365796252205	0.0	0.0
GSM4138114_HNSCC_3_PBMC_CATCAGACATACTACG	144.57617981119253	139.10775514292322	197.3302180819632	39.07996170923128	38.47195928327618	0.0	0.0	0.0	0.0	139.27751299291495	0.0	0.0	152.0913017669959	0.0	69.61173324702779	0.0	0.0	11.872409162527227	0.0	0.0	0.0	105.45495339627324	8.76602824008769	0.0	0.0	89.74627482970897	0.0	0.0	0.0
GSM4138114_HNSCC_3_PBMC_CATCGGGTCTTCTGGC	41.49137103666409	116.56697075232914	39.076655355709526	10.881592382930126	0.0	0.0	0.0	0.0	36.404591507752166	82.71366830684971	0.0	0.0	28.561155972983624	18.917087315456605	47.07417348916441	0.0	0.0	0.0	0.0	0.0	0.0	0.0	0.0	0.0	0.0	0.0	0.0	0.0	0.0
GSM4138114_HNSCC_3_PBMC_CCACGGATCAGAGGTG	52.5573258873966	118.50426815787331	0.0	52.115252021406356	0.0	0.0	97.73252438390949	15.34800796715243	0.0	0.0	0.0	38.78201975953496	104.5834078651825	0.0	0.0	0.0	0.0	149.03476638740392	0.0	0.0	0.0	0.0	0.0	0.0	0.0	0.0	0.0	0.0	0.0
GSM4138114_HNSCC_3_PBMC_CCTACACTCGACAGCC	24.532210743728495	47.16458574184735	40.5343587315553	38.71252446359978	0.0	0.0	0.0	0.0	0.0	0.0	0.0	23.002541246844366	0.0	36.79792832963749	62.474695967634524	0.0	15.539366343535619	0.0	0.0	0.0	0.0	0.0	0.0	0.0	0.0	0.0	0.0	0.0	0.0
GSM4138114_HNSCC_3_PBMC_CCTTCCCGTAGCGTCC	27.464186480920244	43.973546361471776	49.42009159746547	19.805181670413692	0.0	0.0	0.0	0.0	72.07732318164845	0.0	0.0	57.27215803970081	44.22961317237233	0.0	0.0	0.0	0.0	0.0	0.0	0.0	0.0	0.0	0.0	0.0	0.0	0.0	0.0	0.0	0.0
GSM4138114_HNSCC_3_PBMC_CCTTCCCTCACATACG	62.84694842701274	50.58140936943503	93.91421398629004	30.621612500406474	0.0	0.0	0.0	0.0	0.0	0.0	0.0	49.2364811560713	0.0	0.0	0.0	0.0	0.0	0.0	0.0	0.0	58.18450402331544	0.0	0.0	0.0	0.0	73.92995978076829	0.0	0.0	0.0
GSM4138114_HNSCC_3_PBMC_CGAGCCAAGCGCTTAT	64.22444024888892	0.48561547091843926	0.0	27.609443135453574	0.0	0.0	0.0	78.4134515895483	132.2803594259818	0.0	9.05402147607996	53.419970082584335	0.0	0.0	0.0	0.0	0.0	0.0	46.2208644473132	28.778560326061907	0.0	0.0	0.0	0.0	0.0	0.0	0.0	0.0	0.0
GSM4138114_HNSCC_3_PBMC_CGAGCCAGTCAAAGAT	117.84637173305678	117.10585210396864	0.0	84.11291903429323	10.154137469208122	228.39878491425236	0.0	0.0	51.535232601438096	0.0	0.0	183.54033799165794	97.20663597092211	0.0	0.0	0.0	0.0	0.0	0.0	0.0	6.00752869508262	0.0	0.0	0.0	0.0	0.0	0.0	94.06420156146126	0.0
GSM4138114_HNSCC_3_PBMC_CGCGGTATCATCACCC	54.98607847929488	0.0	0.0	50.808223348921665	71.79132133697836	33.10419217592863	120.11114865611893	0.0	82.6651259560402	0.0	26.12200756873936	0.0	0.0	93.06168939134348	0.0	59.19089893306051	0.0	0.0	17.723301220211667	0.0	0.0	0.0	0.0	0.0	0.0	0.0	0.0	0.0	0.0
GSM4138114_HNSCC_3_PBMC_CGCGTTTTCCCAAGTA	29.738318626519234	0.0	51.70609202910464	20.94088683235735	71.41576222143694	0.0	0.0	0.0	64.97501382275414	0.0	60.272873584051034	0.0	0.0	0.0	0.0	0.0	0.0	0.0	0.0	31.068928646906773	0.0	0.0	0.0	0.0	0.0	0.0	0.0	0.0	0.0
GSM4138114_HNSCC_3_PBMC_CGCTGGAGTAGCCTAT	47.9462618411355	0.0	42.449075532399256	107.56273960448705	3.0284636271004644	0.0	0.0	0.0	121.08090495449682	51.02416509121865	0.0	0.0	0.0	87.31006132863078	0.0	166.36549861954637	0.0	0.0	0.0	0.0	0.0	0.0	0.0	0.0	0.0	0.0	0.0	0.0	0.0
GSM4138114_HNSCC_3_PBMC_CGGACGTGTAGATTAG	92.83086608734808	0.0	34.57972256478787	90.67042077051103	0.0	102.93063299475628	84.12835414127345	0.0	0.0	0.0	0.0	51.26447001737378	0.0	0.0	0.0	71.72092818333883	0.0	0.0	23.111388600271038	0.0	82.09646332755658	0.0	0.0	0.0	0.0	0.0	0.0	0.0	0.0
GSM4138114_HNSCC_3_PBMC_CGTCCATAGATGTGTA	31.479767530398494	38.61212538326782	0.0	11.049640239740008	51.17940211031241	0.0	33.00296628790293	0.0	111.40629571627747	0.0	0.0	24.75870430685801	0.0	0.0	0.0	0.0	35.71758757193432	0.0	0.0	0.0	0.0	0.0	0.0	0.0	0.0	0.0	0.0	0.0	0.0
GSM4138114_HNSCC_3_PBMC_CGTCTACGTACCGAGA	83.53739999239951	0.0	0.0	17.760533681446812	62.02141877703345	0.0	187.99729206779557	0.0	0.0	0.0	54.68698082883861	0.0	0.0	0.0	0.0	0.0	97.72086610986779	0.0	0.0	0.0	0.0	63.90120282681543	0.0	0.0	0.0	0.0	0.0	0.0	0.0
GSM4138114_HNSCC_3_PBMC_CGTTCTGCACGTCTCT	30.272824814766985	23.534201551434055	0.0	35.08581039214066	51.59827189727652	0.0	106.1286806466118	0.0	0.0	0.0	0.0	10.201205176697197	0.0	0.0	24.34795243706328	0.0	0.0	14.971552982958253	46.199195650093564	0.0	54.59181184210912	19.85477211286406	0.0	0.0	0.0	0.0	0.0	0.0	0.0
GSM4138114_HNSCC_3_PBMC_CTAGAGTCAAGCCATT	45.53653068837136	0.0	0.0	10.031538644972006	0.0	94.37143037360198	0.0	33.59981229843645	0.0	0.0	11.874109038707449	46.38208926723939	0.0	46.475343747896574	0.0	72.47041992280109	0.0	0.0	0.0	0.0	46.68730837008982	0.0	0.0	0.0	0.0	0.0	0.0	0.0	0.0
GSM4138114_HNSCC_3_PBMC_CTCAGAAGTCAGTGGA	38.026762611986705	34.9229180842471	0.0	12.202753557124543	0.0	0.0	0.0	54.06779934933819	0.0	0.0	0.0	59.78487294607002	75.97038187531216	0.0	0.0	0.0	0.0	84.60941887215724	0.0	0.0	0.0	0.0	0.0	0.0	0.0	0.0	0.0	0.0	0.0
GSM4138114_HNSCC_3_PBMC_CTCATTACATCGGTTA	32.70209032750925	0.0	0.0	24.572905317103256	54.78927907630423	73.39456769610536	0.0	42.84534622848573	0.0	0.0	0.0	0.0	0.0	0.0	0.0	0.0	0.0	0.0	90.80055710541518	58.21673566417009	0.0	1.4131728468575353	0.0	6.532176959008421	0.0	0.0	0.0	0.0	0.0
GSM4138114_HNSCC_3_PBMC_CTCATTATCGGAGCAA	84.43732805370693	4.294822984320664	0.0	34.862941619517585	85.14993951249332	0.0	0.0	67.65249137869836	0.0	0.0	0.0	0.0	66.51715890090026	0.0	0.0	0.0	0.0	43.727394758798255	26.362004904808334	0.0	0.0	0.0	0.0	6.455313646319044	0.0	0.0	0.0	0.0	0.0
GSM4138114_HNSCC_3_PBMC_CTGCTGTAGGACGAAA	24.329607078799196	74.59502463921714	65.964435222836	49.48562144760566	36.034336652202626	0.0	0.0	0.0	0.0	0.0	0.0	0.0	88.53972027918361	0.0	0.0	0.0	0.0	0.0	0.0	0.0	0.0	0.0	144.08849641680706	0.0	0.0	0.0	0.0	0.0	0.0
GSM4138114_HNSCC_3_PBMC_CTGTTTAGTAAGTGTA	60.19470106394564	63.82192114534265	0.0	13.194871101073112	47.058518317438285	72.60847275441257	117.9697395703653	0.0	0.0	0.0	0.0	0.0	0.0	49.02546145839177	0.0	0.0	0.0	0.0	0.0	0.0	0.0	0.0	0.0	0.0	0.0	0.0	0.0	0.0	0.0
GSM4138114_HNSCC_3_PBMC_GAAATGACAGCTTAAC	20.525331382773285	54.10344109144493	0.0	17.29027956252527	47.42325011523408	0.0	61.92262521703632	0.0	0.0	0.0	0.0	2.7299713667152394	0.0	0.0	112.1434467135713	0.0	33.82021883325987	0.0	0.0	0.0	0.0	0.0	0.0	0.0	0.0	0.0	0.0	0.0	0.0
GSM4138114_HNSCC_3_PBMC_GACCTGGGTTAAAGTG	47.51777254760529	0.0	35.883919302834634	21.059922807589494	11.934680363948388	0.0	18.509623991687377	0.0	50.68439483857317	0.0	47.20671636342426	0.0	0.0	67.2446702586821	0.0	0.0	0.0	0.0	0.0	0.0	0.0	0.0	11.61633676767807	0.0	0.0	0.0	0.0	18.90030903464949	0.0
GSM4138114_HNSCC_3_PBMC_GATCAGTTCATCTGCC	38.302657204018416	0.0	94.05996321277426	22.92469908059158	14.09699952062155	87.060171767284	0.0	0.0	0.0	9.83292318697314	91.21281157823051	0.0	0.0	0.0	0.0	0.0	0.0	0.0	0.0	0.0	0.0	0.0	0.0	0.0	73.93803746903609	0.0	0.0	0.0	0.0
GSM4138114_HNSCC_3_PBMC_GATCGATTCGCCAAAT	66.81258902722112	0.0	62.415419560823516	27.83540118367195	0.0	98.34108345883617	0.0	0.0	0.0	89.64555683612882	0.0	0.0	0.0	0.0	0.0	0.0	65.12328338132107	0.0	61.98865193940988	0.0	0.0	0.0	0.0	0.0	0.0	0.0	0.0	24.299568060101993	0.0
GSM4138114_HNSCC_3_PBMC_GATCGTACATGCCCGA	39.09234725462566	0.0	0.0	20.666025861011363	62.674432261818865	0.0	0.0	50.175322947906515	13.342518398833791	0.0	0.0	0.0	0.0	51.0743251735553	0.0	47.848178810409316	0.0	5.252367133035037	0.0	0.0	0.0	0.0	55.76369665124735	0.0	0.0	7.473390306971912	0.0	0.0	0.0
GSM4138114_HNSCC_3_PBMC_GATCTAGGTCTTGATG	55.11550928724002	69.58486292249457	85.83673245534072	47.72090443392224	0.0	0.0	0.0	9.08886763729425	68.15231074581762	0.0	0.0	35.432251555898674	70.67690373512184	0.0	0.0	0.0	0.0	0.0	0.0	0.0	0.0	0.0	0.0	0.0	0.0	0.0	0.0	0.0	0.0
GSM4138114_HNSCC_3_PBMC_GCAAACTCAAACAACA	100.78371141316605	0.0	58.212761229173225	17.337973333689252	81.68945969295507	0.0	0.0	0.0	0.0	0.0	63.263248233182466	0.0	0.0	0.0	0.0	0.0	0.0	0.0	0.0	70.40968832959062	0.0	76.21403985807109	0.0	0.0	0.0	0.0	0.0	0.0	0.0
GSM4138114_HNSCC_3_PBMC_GCAAACTGTTCTGTTT	0.0	0.0	0.7848909662696157	33.59148804028311	43.22415225101909	0.0	0.0	73.02070340346056	0.0	0.0	55.25281221947148	5.286475154825542	0.0	0.0	0.0	0.0	0.0	0.0	0.0	73.38406551296949	0.0	87.85468270262925	0.0	17.52202507880682	0.0	0.0	0.0	0.0	0.0
GSM4138114_HNSCC_3_PBMC_GCACATATCAGGCGAA	74.23400291656235	0.0	58.069210015310425	97.41017217807801	0.0	0.0	42.9194494106768	0.0	177.22940632563243	0.0	69.80896549811519	106.2439371813421	0.0	0.0	0.0	0.0	0.0	0.0	0.0	75.1719850248948	0.0	0.0	0.0	0.0	0.0	0.0	0.0	0.0	0.0
GSM4138114_HNSCC_3_PBMC_GCATGATCAGCTGTGC	29.889578686299444	0.0	43.02085804009457	51.462316669887365	0.0	0.0	0.0	0.0	0.0	0.0	1.934763674091059	22.737436145891614	0.0	0.0	0.0	65.17447138749364	0.0	0.0	0.0	8.523606641811735	0.0	0.0	0.0	0.0	87.43518851347457	0.0	0.0	0.0	11.183966466399932
GSM4138114_HNSCC_3_PBMC_GCGACCACAGGGTACA	42.13564466005507	52.833733350298864	0.0	30.16812910631295	23.55946801419054	99.62820615947439	82.78801247049695	0.0	0.0	0.0	0.0	0.0	62.224586276844526	0.0	0.0	5.624495860998902	0.0	0.0	0.0	0.0	0.0	0.0	0.0	0.0	0.0	0.0	0.0	0.0	0.0
GSM4138114_HNSCC_3_PBMC_GCGCAACTCGTTGCCT	18.935452067277247	0.0	11.499051087731788	10.599299092117192	23.9197477225212	0.0	12.268452211082126	32.76977642914802	50.48825709182228	0.0	0.0	0.0	0.0	77.29724865582375	0.0	0.0	0.0	0.0	49.91105774164621	0.0	0.0	0.0	0.0	0.0	0.0	0.0	0.0	0.0	0.0
GSM4138114_HNSCC_3_PBMC_GCGCCAACAAGGCTCC	40.825374424245496	61.155138593199226	29.231889494337366	54.47714626264661	70.4523813407693	0.0	0.0	41.683819242606766	0.0	0.0	0.0	0.0	8.55833115526208	0.0	102.15212129362794	0.0	0.0	0.0	0.0	27.385863010327693	0.0	0.0	0.0	0.0	0.0	0.0	28.00706605356732	0.0	0.0
GSM4138114_HNSCC_3_PBMC_GCTCTGTAGTGTCTCA	45.53447345171748	0.0	0.0	10.95012119443417	92.50877618651059	0.0	121.60088396183298	0.0	89.0258801390929	0.0	86.75255683014383	0.0	0.0	0.0	0.0	0.0	0.0	0.0	0.0	0.0	15.271366108246289	0.0	0.0	0.0	0.0	0.0	0.0	0.0	0.0
GSM4138114_HNSCC_3_PBMC_GCTGCTTAGATAGTCA	17.88722805739377	84.71748452307396	0.0	15.751113482059237	0.0	0.0	0.0	148.93996674451947	100.9567636136981	35.413735187598036	0.0	0.0	60.996156434719985	0.0	0.0	0.0	0.0	0.0	0.0	0.0	0.0	20.742108923675172	0.0	0.0	0.0	2.7531344447912676	0.0	0.0	0.0
GSM4138114_HNSCC_3_PBMC_GGATGTTAGCTACCTA	38.775967202271595	0.0	124.78002206887075	39.575910345450374	0.0	0.0	0.0	0.0	0.0	82.17524394724299	182.4784022008438	0.0	0.0	77.33455080098102	0.0	0.0	0.0	0.0	0.0	0.0	0.0	0.0	0.0	91.2025847950792	0.0	0.0	0.0	0.0	0.0
GSM4138114_HNSCC_3_PBMC_GGCCGATAGCACCGTC	40.49539009417713	69.56854005596874	98.35741031925366	34.51826096599461	0.0	0.0	28.058166583485686	0.0	67.00120662147178	76.97160009708048	0.0	0.0	105.50031004184517	0.0	0.0	0.0	0.0	0.0	0.0	0.0	0.0	0.0	0.0	0.0	0.0	0.0	0.0	0.0	0.0
GSM4138114_HNSCC_3_PBMC_GGCGTGTGTCCCTTGT	66.67993549580922	80.67789924121763	82.7673165498178	36.434644488926345	53.93134092021551	0.0	0.0	1.9942939609018835	0.0	0.0	0.0	0.0	0.0	0.0	0.0	0.0	0.25186214639856946	0.0	0.0	29.555622424197306	0.0	97.48899653652578	0.0	0.0	9.904796075492495	0.0	0.0	0.0	0.0
GSM4138114_HNSCC_3_PBMC_GGGCACTTCAGCTCTC	40.28677521106736	38.53845537992583	0.0	14.330479125954353	93.57377661894212	94.39147862583971	95.28240503867026	0.0	0.0	0.0	3.1298638918513757	0.0	0.0	42.754309647806345	0.0	0.0	3.3258514941146506	0.0	14.050563067506287	0.0	0.0	0.0	0.0	0.0	0.0	0.0	0.0	0.0	0.0
GSM4138114_HNSCC_3_PBMC_GTAGGCCTCAAAGTAG	42.55894681231002	114.47301161431706	0.0	7.669102351892473	0.0	0.0	86.32271718267064	0.0	0.0	43.86096182985393	0.0	0.0	0.0	0.0	76.46083697878005	0.0	50.037154188171456	0.0	0.0	0.0	0.0	0.0	0.0	0.0	0.0	0.0	0.0	0.0	0.0
GSM4138114_HNSCC_3_PBMC_GTATCTTAGCTAAACA	39.72220241623861	51.831733240612735	0.0	8.975255048676367	50.25462641075954	78.61184432462083	43.938698694490526	0.0	6.475364332285063	0.0	0.0	0.0	84.70785057346592	0.0	0.0	0.0	0.0	0.0	0.0	0.0	0.0	0.0	0.0	0.0	0.0	0.0	0.0	0.0	0.0
GSM4138114_HNSCC_3_PBMC_GTCTCGTCATCTCCCA	41.309279902299004	81.84587413785302	34.81653008242056	24.405521972002674	0.0	0.0	41.58939672309759	0.0	95.58804194943974	0.0	0.0	28.774444395658357	0.0	0.0	0.0	0.0	0.0	0.0	0.0	0.0	0.0	0.0	0.0	0.0	0.0	0.0	69.77303393868775	0.0	0.0
GSM4138114_HNSCC_3_PBMC_GTGTGCGGTTCGCTAA	46.04367050813662	19.553568242739992	0.0	27.75509806320379	46.697672426470305	0.0	44.40517738852105	4.886124710636119	0.0	0.0	0.0	0.0	0.0	0.0	82.79264977426963	73.61396794290883	0.0	0.0	0.0	79.18473362326895	0.0	0.0	0.0	0.0	0.0	0.0	0.0	0.0	0.0
GSM4138114_HNSCC_3_PBMC_GTTACAGAGAGCTGCA	38.23405661291653	51.395152450923135	99.97761918512109	14.46512516520543	37.168827943324736	0.0	0.0	0.0	81.71804596352793	0.0	0.0	0.0	0.0	0.0	0.0	0.0	44.71956433388274	0.0	0.0	0.0	0.0	0.0	0.0	0.0	0.0	0.0	0.0	0.0	0.0
GSM4138114_HNSCC_3_PBMC_GTTCATTAGCTACCTA	39.777709649004	52.330919548084104	51.793328464883295	32.46158696717706	59.41000814999742	72.47771349008688	0.0	0.0	0.0	35.98335002954801	0.0	0.0	0.0	56.40285033845091	0.0	0.0	0.0	0.0	0.0	21.431085302945167	0.0	0.0	0.0	0.0	0.0	0.0	0.0	1.3807430103669318	0.0
GSM4138114_HNSCC_3_PBMC_TAAGTGCAGTTCGCAT	26.756232416226094	22.71593991078033	0.0	23.223926558210888	79.18081936261844	0.0	25.646130003243613	62.58339557086848	24.324478700249152	0.0	0.0	0.0	0.0	70.84065520427733	0.0	41.246401328649966	0.0	0.0	0.0	0.0	0.0	0.0	0.0	0.0	0.0	0.0	0.0	0.0	0.0
GSM4138114_HNSCC_3_PBMC_TACTTGTCAAGCGAGT	77.77211770618092	37.50646401609326	107.49212764249289	7.9755507170593685	0.0	0.0	0.0	0.0	0.0	23.803449002552654	26.84454332666345	0.0	0.0	32.41081500850197	61.51675995544341	0.0	0.0	0.0	0.0	0.0	0.0	0.0	0.0	0.0	0.0	0.0	0.0	0.0	0.0
GSM4138114_HNSCC_3_PBMC_TAGACCATCCGGGTGT	19.55305140820198	0.0	0.0	16.66550746181987	0.0	0.0	2.8713089446132782	51.984932840838944	0.0	14.383948052205886	0.0	0.0	0.0	0.0	0.0	85.78692464801271	74.88302800021145	0.0	0.0	0.0	0.0	105.69598522776931	0.0	0.0	0.0	0.0	0.0	0.0	0.0
GSM4138114_HNSCC_3_PBMC_TAGGCATAGCCACGCT	165.57614427429044	0.0	0.0	38.37836116388173	0.0	347.18334332368886	0.0	237.54604394678498	0.0	169.0317261679571	0.0	0.0	0.0	18.90940487185991	0.0	0.0	0.0	0.0	182.97061468963824	0.0	167.92586931780073	0.0	0.0	0.0	0.0	0.0	0.0	0.0	0.0
GSM4138114_HNSCC_3_PBMC_TATTACCAGTGACTCT	47.58580670095787	31.951563149487693	0.0	26.087131560757705	0.0	0.0	32.64557655540626	6.793351463471373	0.0	21.051986050338517	56.14161878734691	15.781644760181246	61.71000087662944	0.0	0.0	0.0	0.0	6.147185311280794	0.0	0.0	0.0	100.55758592972703	0.0	0.0	0.0	0.0	0.0	0.0	0.0
GSM4138114_HNSCC_3_PBMC_TCAACGACAGACACTT	43.851267669176906	52.05464345145964	35.25674207235306	14.536439135266363	1.1119502358937867	71.57749138939712	0.0	19.023886785168134	0.0	82.70501174812664	0.0	0.0	67.85287127682672	0.0	0.0	0.0	0.0	0.0	0.0	0.0	0.0	0.0	0.0	0.0	0.0	0.0	0.0	0.0	0.0
GSM4138114_HNSCC_3_PBMC_TCAGGATTCCGTTGTC	4.813322121432316	68.61126216282999	47.39250768567264	16.063771686077715	0.0	43.70565249963075	0.0	0.0	0.0	32.83006602688078	0.0	0.0	0.0	20.93731556771995	0.0	0.0	0.0	0.0	0.0	0.0	7.217685515451592	0.0	0.0	0.0	0.0	0.0	72.65286283105424	0.0	0.0
GSM4138114_HNSCC_3_PBMC_TCATTTGGTTCCCGAG	22.682273661530623	0.0	0.0	12.044493278780791	54.816617481772575	65.41669407023305	70.24689105456108	0.0	0.0	0.0	38.11068885238128	0.0	27.016813830644956	0.0	0.0	43.45568087758601	0.0	0.0	0.0	0.0	0.0	0.0	0.0	0.0	0.0	0.0	0.0	0.0	0.0
GSM4138114_HNSCC_3_PBMC_TCGAGGCGTACTCTCC	37.1066402188179	76.77292237913254	74.73993955990225	13.247973224240251	19.412365206686104	70.14274561909697	7.494290536765768	0.0	0.0	0.0	0.0	0.0	68.17370683911604	0.0	0.0	0.0	0.0	0.0	0.0	0.0	0.0	0.0	0.0	0.0	0.0	0.0	0.0	0.0	0.0
GSM4138114_HNSCC_3_PBMC_TCGCGAGTCTATCCTA	42.14102472648329	98.39294651155578	26.25279434088204	46.49897505974384	59.47505373311334	60.12516922328819	64.29049901535704	0.0	0.0	63.46863014614217	0.0	0.0	0.0	72.16181414121831	0.0	0.0	9.740103831616864	17.278852412750282	0.0	0.0	0.0	0.0	0.0	10.05973628482213	0.0	0.0	0.0	0.0	0.0
GSM4138114_HNSCC_3_PBMC_TCTGGAAGTGTAAGTA	37.33848673317596	53.94611851727244	70.71769208880869	22.6778260362667	0.0	72.8902684800925	0.0	0.0	0.0	0.0	0.0	50.761199502338776	63.81651369456758	0.0	0.0	0.0	0.0	0.0	0.0	0.0	0.0	0.0	0.0	0.0	0.0	0.0	0.0	0.0	0.0
GSM4138114_HNSCC_3_PBMC_TGACTAGTCTGAAAGA	47.16954238894922	50.88089369133489	76.4604508271245	16.62593784834671	23.566719186594707	85.096267804622	0.0	0.0	0.0	0.0	0.0	0.09666279355452381	0.0	0.0	0.0	0.0	0.0	0.0	0.0	0.0	45.7559640619702	0.0	0.0	0.0	0.0	0.0	2.2379188490466264	0.0	0.0
GSM4138114_HNSCC_3_PBMC_TGACTTTCAATGGAAT	40.890045012690315	0.0	37.57446307519082	20.29122050211387	0.0	11.947420386227211	0.0	0.0	0.0	52.51241678864553	0.0	0.0	6.135725940279675	0.0	0.0	0.0	0.0	3.0376844274351282	37.83407157343286	16.627226131782123	0.0	39.87409907267652	0.0	0.0	0.0	0.0	0.0	0.0	0.0
GSM4138114_HNSCC_3_PBMC_TGAGAGGGTCCGAATT	91.03613504657974	64.66096409907084	0.0	31.38928494613124	0.0	109.02979985234626	70.70115524633717	0.0	0.0	7.039369175964456	0.0	75.68817878760916	0.0	73.97296515584087	0.0	0.0	0.0	0.0	0.0	0.0	0.0	0.0	0.0	0.0	0.0	0.0	0.0	0.0	0.0
GSM4138114_HNSCC_3_PBMC_TGAGCCGGTACAGCAG	108.60609967869027	115.64936061501369	41.27796724954018	19.761890505630515	0.0	67.00928214156974	32.62269077892503	0.0	0.0	27.249689382558188	0.0	16.784858490389098	26.69383666777644	0.0	0.0	0.0	0.0	81.99452660676621	0.0	0.0	0.0	0.0	0.0	0.0	0.0	0.0	0.0	0.0	0.0
GSM4138114_HNSCC_3_PBMC_TGAGGGAAGGGTGTGT	64.2987541114302	0.0	123.80221622247015	73.00978924754894	124.97967818110207	134.2287399458153	0.0	0.0	0.0	0.0	69.11146104251031	60.26170886559423	0.0	0.0	0.0	0.0	27.153236016628348	0.0	0.0	0.0	0.0	0.0	0.0	0.0	0.0	0.0	0.0	0.0	0.0
GSM4138114_HNSCC_3_PBMC_TGAGGGAGTAGCCTAT	65.53510165028308	54.02377251699271	117.9947024199347	7.184335254568817	0.0	0.0	0.0	0.0	0.0	42.64524191450494	0.0	0.0	19.63507761216013	0.0	74.97144046629528	0.0	0.0	0.0	0.0	0.0	0.0	0.0	0.0	0.0	0.0	0.0	0.0	0.0	0.0
GSM4138114_HNSCC_3_PBMC_TGCGCAGAGGTAGCTG	19.33985784361057	0.0	0.0	46.216061877420685	48.47448217118527	0.0	94.07782956267594	0.0	100.09663648735636	0.0	0.0	6.0709572549215665	0.0	0.0	0.0	64.2506357409622	52.32069836011552	0.0	0.0	0.0	0.0	0.0	0.0	0.0	0.0	0.0	0.0	0.0	0.0
GSM4138114_HNSCC_3_PBMC_TGGACGCGTTCCACAA	169.12585330056592	0.0	0.0	30.640167502226365	218.97181494264362	0.0	177.69851939682164	0.0	295.70202405997475	0.0	0.0	0.0	0.0	0.0	0.0	30.70639286805764	30.66255616356939	0.0	58.10629745339023	0.0	0.0	0.0	0.0	0.0	137.81017206360758	0.0	0.0	0.0	0.0
GSM4138114_HNSCC_3_PBMC_TTCTACAGTCTAGTGT	14.78155563538221	7.632294748397609	35.89311065298093	63.10896254167712	45.77975472513446	54.23550008631548	0.0	0.0	0.0	0.0	47.031076412336134	0.0	0.0	24.405449769000054	0.0	0.0	0.0	0.0	0.0	0.0	0.0	0.0	0.0	0.0	0.0	0.0	0.0	96.74263827642423	0.0
GSM4138114_HNSCC_3_PBMC_TTCTACATCTGCGTAA	108.868855693952	112.38021068568356	127.88464682576085	22.50831556484932	0.0	149.4983259647105	1.1769090023774762	0.0	0.0	0.0	0.0	87.3193731757216	0.0	0.0	0.0	0.0	50.89273913633875	0.0	0.0	0.0	0.0	0.0	0.0	0.0	0.0	0.0	0.0	0.0	0.0
GSM4138114_HNSCC_3_PBMC_TTCTCAAGTCAAGCGA	28.963558941052213	66.1003978880429	0.0	10.682370743987754	14.697727000094373	4.585204979885289	0.0	73.9188037387719	0.0	0.0	28.362108545532756	8.34060790479266	0.0	3.3494315684144955	0.0	0.0	0.0	0.0	0.0	0.0	7.712665393149337	0.0	0.0	98.22441704697674	0.0	0.0	0.0	0.0	0.0
GSM4138114_HNSCC_3_PBMC_TTCTCAAGTTATGTGC	159.1852614963412	44.24243447542859	0.0	17.157558220801672	88.17540819707031	0.0	0.0	125.05727039620906	0.0	0.0	0.0	0.0	0.0	0.0	26.876583259180325	0.0	27.711721410778555	0.0	0.0	0.0	0.0	0.0	0.0	0.0	0.0	0.0	0.0	0.0	0.0
GSM4138114_HNSCC_3_PBMC_TTCTTAGAGGCTCTTA	23.5772402775248	73.41075174751741	63.01799012470542	10.114801310033368	0.0	48.40036516877388	0.0	0.0	6.143264427349077	28.705678498618436	0.0	0.0	0.0	0.0	0.0	0.0	0.0	0.0	0.0	71.01344253231203	0.0	0.0	0.0	0.0	0.0	0.0	0.0	0.0	0.0
GSM4138114_HNSCC_3_PBMC_TTTCCTCTCCTTTCTC	52.617900193757784	70.48553163028711	0.0	15.788306926698233	67.13337331644163	0.0	0.0	22.628080899749712	0.0	0.0	0.0	0.0	34.13206176989618	0.0	0.0	0.0	0.0	39.137327704289866	0.0	2.486483662958911	0.0	0.0	0.0	0.0	0.0	0.0	0.0	0.0	0.0
GSM4138114_HNSCC_3_PBMC_TTTGTCACACGAAAGC	23.825731801673932	65.60810552774163	108.4300635747706	28.66888790371166	110.33841822968509	15.04805932713922	0.0	0.0	44.135802898833525	0.0	0.0	0.0	62.01322374009593	0.0	0.0	0.0	0.0	0.0	0.0	0.0	0.0	0.0	0.0	0.0	0.0	0.0	1.3481755831131774	0.0	0.0
GSM4138114_HNSCC_3_PBMC_TGTGTTTTCCCATTAT	69.70913559535205	0.0	0.0	51.457464716182656	0.0	0.0	0.0	0.0	302.1760811754776	0.0	106.53662108537661	222.5123625470735	0.0	0.0	0.0	0.0	0.0	0.0	0.0	31.45437199676813	0.0	0.0	0.0	0.0	0.0	0.0	0.0	71.54055632688276	0.0
GSM4138114_HNSCC_3_PBMC_AACCATGAGCTAAACA	46.351670662043745	0.0	0.0	34.70799319319304	0.0	0.0	63.44441541076361	0.0	85.39951450010125	0.0	0.0	20.891566753817415	0.0	67.86771438563257	0.0	111.60330011615746	0.0	0.0	0.0	0.0	0.0	0.0	0.0	0.0	0.0	0.0	0.0	0.0	0.0
GSM4138114_HNSCC_3_PBMC_AACTTTCCAGCCTTTC	99.39453296716964	37.31286035496384	0.0	28.965088888927035	0.0	0.0	0.0	80.34494468757306	0.0	76.63215519640214	56.13152081624677	0.0	0.0	0.0	104.99542127851058	0.0	64.82026204045182	0.0	0.0	0.0	0.0	0.0	0.0	0.0	0.0	0.0	0.0	0.0	0.0
GSM4138114_HNSCC_3_PBMC_AAGGTTCGTAAATGAC	40.66470975509488	32.89951568740722	4.12746706475668	16.591782759685845	27.931047081842294	0.0	0.0	59.61657375216488	0.0	0.0	0.0	58.29133836416628	0.0	0.0	25.40039837627995	0.0	30.639341865807722	0.0	0.0	0.002078838300977992	0.0	0.0	0.0	0.0	0.0	77.92704663359794	0.0	0.0	0.0
GSM4138114_HNSCC_3_PBMC_ACAGCCGCATCCCACT	73.09995693146972	86.96091191984458	71.15980111490396	60.81546403786391	0.0	0.0	4.776604421238924	9.846714356477484	0.0	0.0	0.0	78.14200988811199	77.5408415304967	0.0	139.71039172798893	0.0	0.0	0.0	0.0	0.0	0.0	0.0	0.0	0.0	0.0	0.0	0.0	0.0	0.0
GSM4138114_HNSCC_3_PBMC_ACATACGGTCACTGGC	60.86144182841837	0.0	11.608003222346646	35.65012216837651	72.91224139930073	0.0	0.0	162.77867179362218	0.0	0.0	15.91012795890689	0.0	0.0	22.734361031523314	0.0	107.0675701998065	0.0	0.0	0.0	0.0	18.094057001466325	0.0	31.127449157610837	0.0	0.0	52.09161506930508	56.453904921762586	0.0	0.0
GSM4138114_HNSCC_3_PBMC_ACCCACTCATGGTCAT	44.77044044990568	46.89764425142265	29.75730947262957	34.38102194284901	0.0	0.0	0.0	86.06123879080306	0.0	0.0	0.0	83.81808733259766	53.16021640150007	0.0	81.37955543695637	0.0	0.0	0.0	0.0	0.0	0.0	0.0	0.0	0.0	0.0	0.0	0.0	0.0	0.0
GSM4138114_HNSCC_3_PBMC_ACGATGTGTACCATCA	84.75569492233505	0.0	104.84761398246945	59.53172026797556	65.82657350198767	0.0	0.0	0.0	0.0	0.0	0.0	0.0	0.0	102.61346496324109	124.07851259959762	80.29432334559041	0.0	0.0	11.554769199959724	0.0	0.0	0.0	0.0	0.0	0.0	0.0	0.0	0.0	0.0
GSM4138114_HNSCC_3_PBMC_ACGCCAGCACACTGCG	34.26037708882418	82.68801011272657	0.0	39.22978917166819	0.0	102.51417833988874	99.77704504758574	40.99253037243421	0.0	0.0	0.0	56.754598248136936	85.79458930415453	0.0	0.0	19.856414077779192	0.0	14.061377928294972	0.0	0.0	0.0	0.0	0.0	0.0	0.0	0.0	0.0	0.0	27.12064382344665
GSM4138114_HNSCC_3_PBMC_ACGGGTCGTTACGACT	25.41501476727437	0.0	47.28799992532423	19.774639044074064	27.437486688922768	0.0	0.0	0.0	64.63012181331008	0.0	114.24984015324394	0.0	0.0	27.94989736616911	0.0	0.0	0.0	0.0	0.0	0.0	0.0	0.0	0.0	0.0	0.0	0.0	0.0	35.5104847406596	0.0
GSM4138114_HNSCC_3_PBMC_ACGGGTCTCTGCCCTA	48.02216718959357	6.272373776764207	75.18396646052234	24.242411634468116	22.320993556695868	0.0	0.0	0.0	0.0	20.20618836002352	66.21487491373479	0.0	0.0	37.21093956536081	0.0	0.0	0.0	0.0	0.0	0.0	0.0	0.0	0.0	38.122150279440056	0.0	0.0	0.0	0.0	0.0
GSM4138114_HNSCC_3_PBMC_ACTTACTGTCATGCAT	42.77978100669398	43.11993655874648	27.76183259133765	14.404152545293954	0.0	0.0	0.0	0.6551381982336568	0.0	0.0	0.0	41.14462962380481	0.0	0.0	0.0	0.0	69.33924583142293	99.21865117598864	0.0	0.0	0.0	0.0	0.0	5.680571789939224	0.0	0.0	0.0	0.0	0.0
GSM4138114_HNSCC_3_PBMC_ACTTGTTAGAGTAAGG	58.47495861184751	113.19374470815018	0.0	23.24520505194986	14.127040443201889	0.0	12.953392695975387	25.099282118667865	0.0	0.0	0.0	62.27169834526243	16.766418772293502	0.0	0.0	0.0	0.0	0.0	0.0	0.0	0.0	84.6970978804668	0.0	0.0	0.0	0.0	0.0	0.0	0.0
GSM4138114_HNSCC_3_PBMC_AGCGTCGCAACTGCGC	47.95533312549492	43.37735411117186	0.0	31.703313597416017	0.0	57.007439540600195	66.97177395388357	0.0	0.0	0.0	0.0	88.13601895107162	0.0	86.51377406244455	0.0	0.0	0.0	0.0	0.0	0.0	0.0	0.0	0.0	13.802364634499211	0.0	0.0	0.0	0.0	0.0
GSM4138114_HNSCC_3_PBMC_AGCTTGAAGGAGCGTT	61.91363489560748	46.08002874607561	18.24595581023112	36.45513239297184	0.0	0.0	0.0	25.950770179013176	0.0	0.0	20.341030837444478	59.87581703602122	22.578968823803194	0.0	0.0	0.0	0.0	59.64197931251016	0.0	0.0	0.0	10.74511489469017	0.0	27.578278793140704	0.0	0.0	0.0	0.0	0.0
GSM4138114_HNSCC_3_PBMC_AGGGATGCATCCGCGA	51.727341789260365	68.17076589442034	64.11083603520403	34.9302010380634	0.0	0.0	0.0	0.0	0.0	3.836301476549719	0.0	54.22842142153246	51.902160891697164	0.0	126.21903764637841	0.0	0.0	0.0	0.0	0.0	0.0	0.0	0.0	0.0	0.0	0.0	0.0	0.0	0.0
GSM4138114_HNSCC_3_PBMC_AGGTCATAGTTGCAGG	45.567638175286106	135.80724208002624	106.34318297481889	37.41182278073516	0.0	0.0	0.0	7.001514566553924	0.0	0.0	0.0	42.61931211690394	0.0	123.29445865126212	0.0	0.0	0.0	66.31380571066869	0.0	0.0	0.0	0.0	0.0	18.56799558426781	0.0	0.0	0.0	0.0	0.0
GSM4138114_HNSCC_3_PBMC_AGGTCCGTCAGCTGGC	12.477218098191205	41.69969471172141	54.075537916206734	16.55691969202546	0.0	0.0	31.511912309096914	0.0	67.92387506472397	53.22761065943806	0.0	0.0	0.0	0.0	0.0	0.0	0.0	0.0	0.0	0.0	17.667663207548927	0.0	0.0	0.0	0.0	0.0	0.0	5.465840590649346	0.0
GSM4138114_HNSCC_3_PBMC_AGTGGGATCGATAGAA	29.620277585590223	78.25126180025578	0.0	47.09242237427798	40.75301816713261	0.0	0.0	140.89735329547295	0.0	0.0	0.0	0.0	93.77931481512734	0.0	55.46056577309449	0.0	0.0	35.887496341623	0.0	0.0	0.0	0.0	15.051691823321143	6.849469091195865	0.0	0.0	0.0	0.0	0.0
GSM4138114_HNSCC_3_PBMC_AGTGTCAAGTGTACTC	51.20866103162854	62.53627908901433	0.0	59.049059739302876	0.0	46.1871587934038	62.44060938802644	6.771715191106454	49.699811076379355	14.564824911641173	0.0	18.59172688637288	0.0	0.0	0.0	0.0	0.0	0.0	0.0	55.35049453912731	0.0	0.0	0.0	0.0	0.0	0.0	0.0	0.0	0.0
GSM4138114_HNSCC_3_PBMC_ATAGACCAGTGACATA	100.97360413430998	99.72604333605823	1.0344852860686644	49.618441471023424	5.300990151223371	0.0	148.2233032569265	0.0	106.75155280292118	68.48198658622778	0.0	30.02452424258873	29.920527358165973	9.559057203456018	0.0	0.0	0.0	0.0	0.0	0.0	0.0	0.0	0.0	0.0	0.0	0.0	0.0	0.0	0.0
GSM4138114_HNSCC_3_PBMC_ATCACGAGTAAGTTCC	20.274773628591785	58.343942749425935	0.0	19.538136238236287	0.0	0.0	92.65588602991272	0.0	91.07137893301609	0.0	0.0	32.87311786930816	0.0	0.0	0.0	0.0	0.0	0.0	0.0	33.104091443034065	0.0	0.0	0.0	0.0	0.0	0.0	0.0	0.0	0.0
GSM4138114_HNSCC_3_PBMC_ATGGGAGTCACGCGGT	99.07451610468866	88.5874061305077	85.98293009277366	48.36599775553173	0.0	0.0	0.0	88.70431358564001	0.0	0.0	0.0	79.09300686805184	51.569903035199495	0.0	23.242460728965213	0.0	0.0	0.0	0.0	0.0	0.0	44.32879589357836	0.0	62.4405216533938	0.0	0.0	0.0	0.0	0.0
GSM4138114_HNSCC_3_PBMC_ATTGGACTCTCTTATG	42.16943595002841	33.20681349101304	0.0	11.522876816206523	16.904065512740665	26.524616963795875	83.7033610706817	0.0	1.4878341063972813	0.0	0.0	0.0	0.0	0.0	0.0	0.0	0.0	0.0	0.0	32.69122752834904	0.0	0.0	0.0	0.0	0.0	0.0	0.0	0.0	0.0
GSM4138114_HNSCC_3_PBMC_CAACCTCGTACATCCA	64.35798466404006	68.57140225516461	0.0	22.641533792927177	25.24213712726329	0.0	0.0	56.66409737475814	52.67564752555597	21.75798152544415	0.0	0.0	0.0	0.0	46.577653135032364	0.0	0.0	0.0	0.0	0.0	95.85888896332342	0.0	0.0	0.0	0.0	0.0	0.0	0.0	0.0
GSM4138114_HNSCC_3_PBMC_CAACTAGCACAACGCC	51.19292774388473	72.48466032976955	91.93393898982815	21.826981398546152	0.0	0.0	0.0	0.0	0.0	74.0072526488095	0.0	0.0	0.0	0.0	12.720619009050287	0.0	0.0	0.0	0.0	0.0	19.119840844547188	0.0	45.64580017411478	0.0	0.0	19.97785968920542	0.0	0.0	0.0
GSM4138114_HNSCC_3_PBMC_CAAGAAATCTATGTGG	26.42465525182418	83.13095194243535	60.23609158441834	26.591168235974983	0.0	0.0	0.0	0.0	79.44110288825759	0.0	0.0	53.19478934848314	0.0	50.38379276013324	0.0	0.0	0.0	0.0	0.0	0.0	0.0	0.0	0.0	0.0	0.0	0.0	0.0	0.0	0.0
GSM4138114_HNSCC_3_PBMC_CAAGATCCACCAGATT	52.67085310345638	0.0	59.429060125789	36.55084592034068	0.0	48.733353536551874	0.0	0.0	27.055259344973738	48.65311389137869	91.33942551916479	0.0	63.34492714798163	0.0	0.0	0.0	0.0	0.0	0.0	0.0	0.0	0.0	0.0	0.0	0.0	0.0	8.47691981930352	0.0	0.0
GSM4138114_HNSCC_3_PBMC_CAGTAACAGCAACGGT	32.75007058092786	54.372658815736294	78.08078117896929	23.01836096147463	65.5900443705842	26.969407366173666	0.0	0.0	38.44130253531138	0.0	0.0	0.0	39.19021237571077	0.0	0.0	0.30427809666536687	0.0	0.0	0.0	0.0	0.0	0.0	0.0	0.0	0.0	0.0	0.0	0.0	0.0
GSM4138114_HNSCC_3_PBMC_CATATGGCAAGTAGTA	72.77948634754333	0.0	149.65357674188826	51.878190788879685	0.0	0.0	0.0	8.997183996664242	127.48510583652629	0.0	0.0	47.666912018302305	0.0	0.0	0.0	0.0	0.0	0.0	88.0238974793645	0.0	60.72116684924488	0.0	0.0	0.0	0.0	0.0	0.0	0.0	0.0
GSM4138114_HNSCC_3_PBMC_CATATGGGTACGAAAT	25.904938224815673	74.22143514835506	5.781010736140593	6.192936233180876	51.5602866956961	0.0	0.0	0.0	39.06008339392313	34.9323612571311	0.0	0.0	0.0	0.0	0.0	0.0	0.0	0.0	0.0	52.13574632188779	0.0	0.0	0.0	0.0	0.0	0.0	20.911108362163823	54.45469661539495	0.0
GSM4138114_HNSCC_3_PBMC_CATCCACTCGCATGGC	124.21599434738842	95.60578673299058	60.68076205939727	31.511158108781093	0.0	0.0	0.0	50.963111223660206	6.627967042369342	71.85433490199465	0.0	0.0	61.737349495060016	0.0	58.26589110473821	0.0	0.0	10.190114612037595	0.0	0.0	0.0	31.614976881451256	0.0	0.0	0.0	0.0	0.0	0.0	0.0
GSM4138114_HNSCC_3_PBMC_CCAGCGATCACAATGC	63.811941949231354	72.83513904983124	104.69830627318618	28.83419552547376	38.675822498194805	0.0	0.0	0.0	0.0	12.829941289944207	9.646714484963226	0.0	0.0	0.0	0.0	0.0	0.0	100.95559179121948	0.0	46.26552940173109	27.806012792289795	0.0	0.0	0.0	0.0	0.0	0.0	0.0	0.0
GSM4138114_HNSCC_3_PBMC_CCCATACGTTTGGGCC	111.7322251032486	70.15100192581635	0.0	24.73274660733188	117.35869042337517	0.0	139.60257302621807	0.0	105.06797771136753	0.0	0.0	0.0	0.0	53.3245852641715	0.0	0.0	0.0	0.0	0.0	0.0	0.0	0.0	0.0	0.0	0.0	0.0	0.0	0.0	0.0
GSM4138114_HNSCC_3_PBMC_CCGGGATTCAGCTCGG	24.21810486009951	103.22027818860009	0.0	21.156520633082177	0.0	0.0	85.1521968937367	0.0	47.86231533563822	0.0	0.0	57.745858198564605	0.0	15.524375135532383	0.0	0.0	31.453749257443445	0.0	0.0	0.0	0.0	0.0	0.0	0.0	0.0	0.0	0.0	0.0	0.0
GSM4138114_HNSCC_3_PBMC_CCGGTAGAGGACAGAA	58.26609094182415	173.33637194922778	198.1115325190534	35.26219818755857	96.78386502310522	34.91278998669084	0.0	76.84233768422538	153.2464448905782	0.0	0.0	0.0	133.624791718058	0.0	0.0	0.0	0.0	0.0	0.0	0.0	0.0	3.5590809528845995	0.0	0.0	0.0	5.8061205027442	0.0	0.0	0.0
GSM4138114_HNSCC_3_PBMC_CCGGTAGCAGCATGAG	78.8441851651715	81.10058048343654	109.00413024731809	25.253641797160427	4.8007395458590025	0.0	0.0	0.0	5.040776341159622	0.0	8.407773689594979	14.340861115759907	0.0	49.92827762005683	10.556386880470745	0.0	0.0	0.0	0.0	0.0	0.0	0.0	0.0	0.0	0.0	57.90078138219261	0.0	0.0	0.0
GSM4138114_HNSCC_3_PBMC_CCGTACTCATCGATGT	48.03548308243123	42.635083893158026	72.01125918508923	33.04204168670542	0.0	0.0	0.0	0.0	106.43303234812568	30.221348251409157	0.0	0.0	0.0	0.0	0.0	0.0	37.94455591077612	0.0	15.184131087011787	0.0	0.0	0.0	0.0	0.0	0.0	0.0	0.0	0.0	0.0
GSM4138114_HNSCC_3_PBMC_CCTATTAGTCCAAGTT	47.113064508220425	24.34768213702202	68.8561676533725	19.91911561301253	54.94529595844119	0.0	0.0	0.0	0.0	0.0	0.0	0.0	40.96539515186987	0.0	52.72223468292745	0.0	0.0	0.0	0.0	0.0	0.0	0.0	0.0	0.0	0.0	0.0	0.0	0.0	0.0
GSM4138114_HNSCC_3_PBMC_CCTTCGAGTGGCTCCA	48.645474023072474	0.0	0.0	28.64559642346662	42.36746108782145	35.829487181074164	0.0	127.81811070933081	0.0	0.0	82.83677552645436	0.0	0.0	0.0	0.0	0.0	0.0	0.0	48.56014212136077	0.0	0.0	0.0	0.0	0.0	0.0	0.0	38.870727012680845	0.0	0.0
GSM4138114_HNSCC_3_PBMC_CCTTTCTCAAAGGCGT	126.66871142287573	79.50915373782706	0.0	20.252332932485608	89.85173744240603	0.0	110.54757630074448	0.0	85.68728936808283	0.0	0.0	7.722350287219327	24.719761684993962	0.0	0.0	0.0	0.0	0.0	0.0	0.0	0.0	0.0	0.0	0.0	0.0	0.0	0.0	0.0	0.0
GSM4138114_HNSCC_3_PBMC_CGAGAAGAGTGCGTGA	47.97116250917344	20.17598349373538	44.04207372133276	25.37645555256497	31.83519691527447	0.0	0.0	0.0	75.32867422145009	0.0	0.0	0.0	0.0	0.0	0.0	49.00791859070461	0.0	0.0	0.0	54.999666707299454	0.0	0.0	0.0	0.0	0.0	0.0	0.0	0.0	0.0
GSM4138114_HNSCC_3_PBMC_CGATGTAAGGACTGGT	53.669603142987185	153.1360681030922	39.6258239599131	43.58997243975128	0.0	0.0	0.0	36.48321873519144	0.0	0.0	0.0	45.49806449309545	84.73817251770382	0.0	56.82709774398473	0.0	0.0	0.0	0.0	0.0	0.0	0.0	0.0	0.0	0.0	0.0	0.0	0.0	0.0
GSM4138114_HNSCC_3_PBMC_CGGACACGTGACCAAG	32.38678239335005	80.45387639493325	153.14648455876863	48.96580729296934	0.0	0.0	0.0	9.514546696995918	0.0	16.839906839229048	0.0	29.553296494043508	0.3041214804676863	0.0	56.90628077582345	0.0	0.0	0.0	0.0	60.60761818900989	0.0	0.0	28.460382138981554	0.0	0.0	4.802453235628772	0.0	0.0	8.2624549575795
GSM4138114_HNSCC_3_PBMC_CGGACTGGTTCTGTTT	62.43010631516045	0.0	26.483510759740387	21.41078840538363	18.55771905054275	78.01502019880654	28.339306699153912	0.0	0.0	0.0	120.75979378765616	0.0	4.512547233334637	21.841204285545484	0.0	0.0	0.0	0.0	0.0	0.0	26.503781477387367	0.0	0.0	0.0	0.0	0.0	0.0	0.0	0.0
GSM4138114_HNSCC_3_PBMC_CGGGTCACATCTATGG	18.415836983849303	44.65040292190526	0.0	23.72988566440769	0.0	54.187393718851716	0.0	56.23411783870198	0.0	0.0	0.0	28.609730885764073	0.0	0.0	0.0	0.0	0.0	0.0	0.0	0.0	0.0	0.0	0.0	0.0	0.0	0.0	60.48678973849674	0.0	0.0
GSM4138114_HNSCC_3_PBMC_CGTGTCTTCATGCTCC	61.900371003914145	0.0	102.46157180934438	36.47571836140299	34.86707843427367	69.87429593288299	0.0	23.917947966041343	0.0	0.0	0.0	0.0	0.0	98.09780797472057	0.0	0.0	0.0	3.4767533053733306	90.92026076031453	0.0	0.0	11.72160555043098	0.0	3.720823604531614	0.0	0.0	0.0	0.0	0.0
GSM4138114_HNSCC_3_PBMC_CTAACTTGTGGCAAAC	56.94319294147238	74.62043449252926	36.8013498035313	42.487292326256735	20.256645640273014	0.0	0.0	83.63801411805083	0.0	0.0	0.0	9.762979003228562	5.34285494764787	57.16708385958114	164.9689469251568	0.0	0.0	0.0	0.0	0.0	0.0	0.0	0.0	0.0	0.0	0.0	0.0	0.0	0.0
GSM4138114_HNSCC_3_PBMC_CTAACTTTCAGCTGGC	0.0	0.0	0.0	1475.2924240914508	0.0	0.0	0.0	0.0	0.0	0.0	0.0	0.0	0.0	0.0	0.0	0.0	0.0	0.0	0.0	0.0	0.0	0.0	0.0	0.0	0.0	0.0	0.0	0.0	0.0
GSM4138114_HNSCC_3_PBMC_CTCGAAACAAGGACAC	75.78109416775797	98.18318662064075	144.64930556460197	40.679990571447156	53.24909592632919	117.48548048583282	0.0	0.0	0.0	10.889709488047485	0.0	0.0	0.0	99.7838860383925	0.0	0.0	0.0	0.0	0.0	0.0	0.0	0.0	0.0	0.0	0.0	0.0	0.0	0.0	0.0
GSM4138114_HNSCC_3_PBMC_CTCTACGAGTGCGTGA	48.507442524437636	49.27302944294452	0.0	28.169050782121435	40.25603330967057	42.15206342654871	23.91085037672872	54.685127109847365	0.0	0.0	0.0	0.0	44.2934348653097	0.0	0.0	7.632693453537641	0.0	0.0	0.0	0.0	0.0	0.0	0.0	0.0	0.0	0.0	0.0	0.0	0.0
GSM4138114_HNSCC_3_PBMC_CTGAAGTAGAAACCGC	41.18599629669408	28.77336619002484	0.0	40.70688863946286	24.601973492966785	0.0	0.0	104.0557552889668	0.0	15.371944003751468	14.676005495600265	0.0	0.0	90.96683796863776	59.263001194799116	0.0	0.0	0.0	0.0	0.0	0.0	0.0	0.0	0.0	0.0	0.0	0.0	0.0	0.0
GSM4138114_HNSCC_3_PBMC_CTGAAGTCACTAAGTC	61.6337047131555	100.24334783983389	79.30072318389423	36.487413765731766	29.774085020175477	0.0	0.0	0.0	66.44684239600147	0.0	0.0	0.0	43.20718146321286	0.0	34.68371765940953	0.0	0.0	0.0	0.0	0.0	0.0	0.0	0.0	0.0	0.0	0.0	0.0	0.0	0.0
GSM4138114_HNSCC_3_PBMC_CTGTTTACACAACGTT	28.135662678721474	0.0	71.09740704121496	22.587909643583746	64.09808871095746	0.0	0.0	0.0	0.0	0.0	39.565167508019066	0.0	0.0	41.038193110224704	0.0	50.77344893334647	0.0	0.0	0.0	0.0	0.0	0.0	0.0	0.0	0.0	26.395009544183118	0.0	0.0	0.0
GSM4138114_HNSCC_3_PBMC_GAACGGATCAGGTTCA	64.8207739407975	47.85198899179721	0.0	10.7446612109918	0.0	0.0	0.0	98.95645826935572	0.0	30.091639224580746	0.0	0.0	0.0	0.0	0.0	0.0	43.32439086888893	61.50391672721853	0.0	0.0	0.0	3.8850451930053165	0.0	43.89391807503574	0.0	0.0	0.0	0.0	0.0
GSM4138114_HNSCC_3_PBMC_GACCTGGCAAGACACG	55.19395960458473	93.85209118629278	0.0	28.50685108701216	0.0	159.95873687359787	112.54108024046191	0.0	0.0	0.0	0.0	77.48716433938475	8.739652406964769	50.90888886851079	0.0	0.0	0.0	0.0	0.0	0.0	0.0	0.0	0.0	0.0	0.0	0.0	0.0	0.0	0.0
GSM4138114_HNSCC_3_PBMC_GACGCGTAGTTAGGTA	23.55201610424699	81.1169476638779	0.0	33.195456217547445	0.0	44.73682875348873	0.0	99.5808903352145	0.0	21.017546001368725	0.0	0.0	37.200575748078066	0.0	0.0	0.0	0.0	0.0	0.0	24.186893731576365	0.0	6.20297351018773	0.0	96.41072599107459	0.0	0.0	0.0	0.0	0.0
GSM4138114_HNSCC_3_PBMC_GACTACAAGCGTTCCG	75.73443874418557	110.30749675478626	130.4405901552197	73.59170775810412	0.0	0.0	0.0	0.0	0.0	110.76353699701893	0.0	0.0	0.0	0.0	135.26977650585087	0.0	135.60529830280768	0.0	0.0	0.0	0.0	0.0	0.0	0.0	0.0	0.0	0.0	0.0	0.0
GSM4138114_HNSCC_3_PBMC_GCACATAGTTGTCGCG	51.25900190619585	0.0	20.722447980062807	57.177836077198855	44.28458062181028	120.87896127762595	0.0	76.68093940765817	0.0	0.0	88.93924515638199	0.0	70.02956219920934	0.0	0.0	22.07334523661474	0.0	0.0	0.0	9.980207727390459	0.0	0.0	0.0	0.0	0.0	0.0	0.0	0.0	0.0
GSM4138114_HNSCC_3_PBMC_GCATACAGTCAGATAA	39.45571154527191	41.50036248513276	20.89433657170853	14.414649559887541	31.336609453433613	155.22394864476823	0.0	0.0	0.0	0.0	0.0	0.0	79.06624990663047	0.0	0.0	0.0	0.0	0.0	0.0	0.0	0.0	0.0	0.0	0.0	0.0	0.0	0.0	0.0	0.0
GSM4138114_HNSCC_3_PBMC_GCATGTAGTATGAAAC	36.84919442173079	46.63585628873453	7.8735339395289845	19.21017278830775	48.81598099908333	0.0	0.0	25.956516919172532	0.0	8.971167835897832	0.0	0.0	0.0	0.0	74.26193319375173	0.0	47.15093861855333	0.0	0.0	0.0	0.0	0.0	0.0	0.0	0.0	0.0	0.0	6.631657279919675	0.0
GSM4138114_HNSCC_3_PBMC_GCCAAATGTCCTAGCG	73.11508165770279	0.0	0.0	9.922361817574437	0.0	0.0	0.0	103.72353323153524	47.65329471528823	0.0	42.74486066607672	79.7398230776033	0.0	75.00937165614052	0.0	0.0	0.0	0.0	0.0	0.0	0.0	0.0	0.0	0.0	0.0	0.0	0.0	0.0	0.0
GSM4138114_HNSCC_3_PBMC_GCGCAGTAGTTGTAGA	61.47075465672905	0.0	54.82802844517271	20.409027332021296	37.86050069383021	21.527283705182608	0.0	77.37830845411266	16.00570412556132	0.0	0.0	12.180409448378088	0.0	0.0	0.0	4.5760259150438705	0.0	0.0	62.080070993139536	0.0	0.0	0.0	14.951260501582142	0.0	1.63131195886782	0.0	91.37777070404897	0.0	0.0
GSM4138114_HNSCC_3_PBMC_GGAAAGCCATGGTTGT	46.921189740504786	101.6266759138509	39.0750743419287	28.20602391338741	27.293079954060918	0.0	0.0	57.71151261340735	0.0	3.5089802438899547	0.0	0.0	53.94384712778477	0.0	73.20614322798308	0.0	0.0	0.0	0.0	0.0	0.0	0.0	0.0	0.0	0.0	0.0	0.0	0.0	0.0
GSM4138114_HNSCC_3_PBMC_GGAAAGCTCACAACGT	63.109814535947066	138.0404606832467	21.71379858107551	24.69890459229612	0.0	0.0	42.484588186720984	0.0	0.0	45.129714874099214	0.0	0.0	0.0	28.84628705447127	165.26133188737714	0.0	1.2696492900856464	0.0	0.0	0.0	0.0	0.0	0.0	0.0	0.0	0.0	0.0	0.0	0.0
GSM4138114_HNSCC_3_PBMC_GGACAAGTCGCCGTGA	41.30677980058778	5.526968853806138	34.86361040949282	87.0409763072329	0.0	0.0	0.0	160.55650074068643	0.0	78.94504916073444	0.0	0.0	35.007308239747644	0.0	0.0	141.21773842876655	36.3134810645148	0.0	0.0	0.0	0.0	0.0	175.05276898442185	0.0	34.0797456096394	0.0	0.0	0.0	0.0
GSM4138114_HNSCC_3_PBMC_GGACGTCTCGACGGAA	64.99919192606184	50.10472059561286	0.0	35.56221070218784	38.813406537788275	0.0	0.0	92.97593156279585	0.0	21.068588575064435	0.0	0.0	0.0	27.893905037116955	0.0	0.0	0.0	88.1678197411965	0.0	0.0	0.0	0.0	0.0	0.0	0.0	0.0	0.0	0.0	0.0
GSM4138114_HNSCC_3_PBMC_GGATTACTCCACGCAG	45.81439012049034	108.35049101061614	24.189481681211536	38.51271442493343	16.4164307396235	86.9914739069487	25.39972968052637	84.09624134838833	0.0	0.0	0.0	14.555591380935772	95.08204579852035	0.0	0.0	0.0	0.0	0.0	0.0	0.0	0.0	0.0	0.0	0.0	0.0	0.0	0.0	0.0	0.0
GSM4138114_HNSCC_3_PBMC_GGGAATGGTCAAGCGA	14.09150146510983	0.0	0.0	15.570952009792885	0.0	0.0	0.0	75.13607490586445	0.0	56.31996263733758	19.110371961268207	0.0	0.0	0.0	60.030114446066875	0.0	0.0	0.0	53.1561663172245	0.0	84.67891702471913	0.0	2.2086997465208675	1.3819692057377195	0.0	0.0	0.0	0.0	0.0
GSM4138114_HNSCC_3_PBMC_GTACGTAGTAACGCGA	76.50635502413736	0.0	0.0	30.364745335893424	71.54684464635454	101.511576076829	103.67581866839542	0.0	35.4052717138823	0.0	0.0	0.0	84.51704172286286	0.0	0.0	0.0	0.0	0.0	70.17789323966059	0.0	0.0	0.0	0.0	0.0	0.0	0.0	0.0	0.0	0.0
GSM4138114_HNSCC_3_PBMC_GTATTCTAGGCTAGGT	37.088919761451855	62.873177029258606	13.399271066900697	82.06431436906428	0.0	191.05554240608913	0.0	2.531199452388727	0.0	0.0	0.0	55.76642750998308	0.0	35.89207609359505	0.0	0.0	0.0	0.0	0.0	0.0	0.0	0.0	0.0	0.0	0.0	0.0	0.0	53.764417379493324	0.0
GSM4138114_HNSCC_3_PBMC_GTATTCTGTGCTAGCC	73.9142364757898	0.0	64.46666210201431	24.038826458560564	100.91482665560032	0.0	0.0	0.0	0.0	0.0	56.21038418279215	0.0	0.0	0.0	0.0	0.0	0.0	0.0	0.0	0.0	90.07113322810271	0.0	0.0	0.0	0.0	39.763132157641444	0.0	0.0	0.0
GSM4138114_HNSCC_3_PBMC_GTGCAGCTCTAAGCCA	45.10364692349297	53.88993548159573	98.81981927823624	19.190354856640425	22.75919708946608	0.0	0.0	0.0	59.23091525485521	0.0	0.0	0.07944542830025868	0.0	0.0	0.0	0.0	0.0	0.0	0.0	24.06057367012302	0.0	0.0	0.0	0.0	14.16156157869336	0.0	0.0	0.0	0.0
GSM4138114_HNSCC_3_PBMC_GTGCGGTGTGTGTGCC	85.49004776052	48.075580685573705	75.7794194519661	21.68391074782755	0.0	0.0	0.0	0.0	81.39605985269188	0.0	0.0	91.69392330996003	0.0	0.0	0.0	0.0	0.0	0.0	9.032954545700672	42.13664294611037	0.0	0.0	0.0	0.0	0.0	0.0	0.0	0.0	0.0
GSM4138114_HNSCC_3_PBMC_GTGCTTCTCCTAGGGC	45.62139012918289	59.70945182550973	71.06448297916512	20.807809067641493	0.0	82.75832223036105	0.0	0.0	0.0	0.0	0.0	36.12551400273251	0.0	0.0	0.0	0.0	0.0	0.0	0.0	0.0	0.0	0.0	0.0	0.0	78.06729242068769	0.0	0.0	0.0	0.0
GSM4138114_HNSCC_3_PBMC_GTTAAGCGTCTCCATC	45.554050307232174	0.0	55.715149186079394	31.49172934026891	0.0	0.0	0.0	10.583881007777904	68.0132442045231	0.0	104.81467120089914	35.775077488172755	0.0	3.0495773504871417	36.032797286342316	0.0	43.22907102959514	0.0	0.0	0.0	0.0	0.0	3.4610882818403614	0.0	0.0	0.0	0.0	0.0	0.0
GSM4138114_HNSCC_3_PBMC_GTTAAGCTCTGCCCTA	58.10064184619447	75.2752118736443	78.35956189804911	31.36719989418152	35.69902506635078	0.0	4.961681670343512	0.0	0.0	0.0	0.0	0.0	0.0	0.0	0.0	0.0	0.0	135.09338785955487	0.0	76.54559334410708	0.0	0.0	0.0	0.0	0.0	0.0	0.0	0.0	0.0
GSM4138114_HNSCC_3_PBMC_GTTCGGGGTTAGTGGG	105.89583512747318	0.0	0.0	56.6819091463198	0.0	76.37223754175447	142.98146872592503	0.0	0.0	0.0	0.0	70.73310918873851	0.0	56.79164762866111	0.0	125.36233021927738	0.0	0.0	0.0	0.0	0.0	0.0	0.0	0.0	0.0	0.0	0.0	0.0	0.0
GSM4138114_HNSCC_3_PBMC_GTTCTCGGTGGCGAAT	44.51941016037198	3.672387467417917	0.0	34.71624575750294	0.0	5.448136923430238	0.0	107.91454322027562	0.0	11.62983015602498	50.60963681822283	0.0	0.0	0.0	0.0	0.0	0.0	0.11913610698841516	0.0	0.0	32.00210622526357	0.0	0.0	67.77533760740464	0.0	0.0	0.0	0.0	0.0
GSM4138114_HNSCC_3_PBMC_TACACGAAGTACCGGA	21.94243731253631	69.19689736785249	36.146273705623585	31.259531492401145	0.0	59.50109076054901	0.0	0.0	0.0	24.05593736215694	0.0	0.0	0.0	0.0	0.0	0.0	0.0	0.0	0.0	0.0	0.0	11.644765497374395	0.0	0.0	37.312686405666994	0.0	9.106532250044445	75.40369683526608	0.0
GSM4138114_HNSCC_3_PBMC_TATCTCAAGGCGTACA	92.24995345981154	0.0	48.89734207480683	59.587608416319426	0.0	0.0	0.0	0.0	62.98855300738845	0.0	59.73470666370773	53.206218065651036	0.0	0.0	0.0	0.0	0.0	101.02645468322825	0.0	0.0	44.626272304983374	0.0	0.0	0.0	0.0	0.0	0.0	0.0	0.0
GSM4138114_HNSCC_3_PBMC_TATCTCAGTACTCAAC	35.30362874594412	0.0	0.0	21.11481314554611	0.0	53.590994902101805	48.516416271802434	0.0	0.0	0.0	75.07612122336594	88.24863483491706	0.0	0.0	0.0	0.0	0.0	0.0	0.0	0.0	0.0	0.0	0.0	0.0	80.24102825131455	0.0	0.0	0.0	0.0
GSM4138114_HNSCC_3_PBMC_TATGCCCCATGCCTTC	68.2570585925178	48.85129692623088	32.16604565262117	61.90742497382919	63.82521517381289	0.0	29.00237789928601	0.13901094849884116	0.0	0.0	64.46280326721079	0.0	0.0	0.0	0.0	0.0	0.0	0.0	0.0	17.674255276162505	64.40879026998472	0.0	0.0	0.0	0.0	101.28558344116527	0.0	0.0	0.0
GSM4138114_HNSCC_3_PBMC_TCACAAGCAAGCGATG	54.224695809862084	0.0	120.6533769638777	14.104035682873986	0.0	26.991138775256672	0.0	18.91107314404217	0.0	28.937202054858492	0.0	0.0	0.0	0.0	0.0	79.0134637008195	0.0	0.0	0.0	0.0	0.0	0.0	0.0	0.0	19.394454580451114	0.0	9.380281140403314	0.0	0.0
GSM4138114_HNSCC_3_PBMC_TCAGCTCCACATTTCT	73.26589447209342	69.53348793977993	87.17233425099761	19.421930453766247	16.835228627076514	0.0	0.0	0.0	0.0	57.51546566685843	0.0	0.0	62.78527044418773	0.0	29.149436497548752	0.0	0.0	0.0	0.0	0.0	0.0	0.0	59.26650718105547	0.0	0.0	0.0	0.0	0.0	0.0
GSM4138114_HNSCC_3_PBMC_TCAGGATCACCGAAAG	28.365191814761783	0.0	0.0	27.763243457135314	0.0	72.99835850149685	0.0	110.2739135905748	0.0	32.59111336815458	119.84557299495874	0.0	0.0	0.0	0.0	0.0	0.0	0.0	0.0	0.0	22.48807978892728	0.0	0.0	1.1923728120269597	0.0	0.0	0.0	0.0	0.0
GSM4138114_HNSCC_3_PBMC_TCATTTGGTTGGACCC	42.060067856390866	52.15976589079186	7.254902051028436	41.32768860985927	0.0	46.972627948697834	50.01167724416072	0.0	2.422496011063555	58.17913207468138	0.0	0.0	0.0	12.623861419079095	0.0	0.0	0.0	5.568400488806723	0.0	0.0	0.0	0.0	0.0	0.0	0.0	0.0	0.0	0.0	0.0
GSM4138114_HNSCC_3_PBMC_TCGCGTTCAGATCGGA	74.18901214019321	86.58172490760595	0.0	38.949216109765274	48.40007986935443	0.0	100.27590107664501	22.983419809479674	112.3918670393534	0.0	0.0	0.0	44.52492582028094	0.0	0.0	0.0	0.0	0.0	0.0	0.0	0.0	0.0	12.509626848360778	0.0	0.0	0.0	0.0	0.0	0.0
GSM4138114_HNSCC_3_PBMC_TCGTACCGTCCTAGCG	69.35061473029792	0.0	0.0	37.38705335828955	0.0	113.88482188284435	110.6732112803832	0.0	0.0	109.10111031883048	0.0	0.0	0.0	0.0	0.0	0.0	27.978359946146778	0.0	113.14297265932707	0.0	0.0	0.0	0.0	0.0	12.697670503771104	0.0	0.0	0.0	0.0
GSM4138114_HNSCC_3_PBMC_TCTCTAAGTGATGTCT	63.16842906906043	27.18540435728959	0.8682787125617656	19.190856443361284	0.0	0.0	48.878781302848594	0.0	0.0	0.0	0.0	68.1956133516294	0.0	0.0	47.80024085716398	0.0	0.0	0.0	0.0	56.223447855158945	0.0	0.0	0.0	0.0	0.0	41.827503517901235	0.0	0.0	0.0
GSM4138114_HNSCC_3_PBMC_TCTCTAATCCTGTACC	42.794036862198524	12.351218748779086	58.71738551949098	30.357501800919447	0.0	103.9325204381609	27.976250223210574	0.0	0.0	0.0	38.94678785066977	23.19811592225984	0.0	38.58584090644372	0.0	0.0	30.757183496987178	0.0	0.0	0.0	0.0	0.0	0.0	0.0	0.0	0.0	0.0	0.0	0.0
GSM4138114_HNSCC_3_PBMC_TCTGGAAAGAGTGACC	80.78064018345513	0.0	61.96083626412059	31.91773584221313	0.0	107.90368912755798	0.0	0.0	0.0	97.14269165392814	73.89234328077697	83.8313707795289	0.0	0.0	0.0	0.0	0.0	0.0	0.0	0.0	0.0	0.0	0.0	0.0	0.0	0.0	90.2325706179157	0.0	0.0
GSM4138114_HNSCC_3_PBMC_TCTTTCCGTCCGCTGA	52.14529329440833	35.46284316599232	0.0	37.318037762493766	0.0	104.85361777059043	49.89203565544681	0.0	0.0	0.0	0.0	45.43819101043121	0.0	46.72001438397256	0.0	0.0	0.0	0.0	0.0	0.0	0.0	0.0	0.0	0.0	0.0	0.0	0.0	0.0	0.0
GSM4138114_HNSCC_3_PBMC_TGAAAGACAGACAAAT	73.04775834762839	83.46694591473373	65.81675853229088	36.28967958049675	0.0	92.7692018323469	0.0	0.0	0.0	0.0	0.0	114.53834387630266	0.0	0.0	0.0	0.0	0.0	0.0	0.8726634023464277	32.57844122902226	0.0	0.0	0.0	0.0	0.0	0.0	0.0	0.0	0.0
GSM4138114_HNSCC_3_PBMC_TGACGGCGTAAGGGCT	18.48277067719539	0.0	0.0	31.073897926923557	20.48296948802228	0.0	0.0	102.30210984087195	0.0	0.0	83.02678351045687	0.0	58.10559412324766	0.0	0.0	0.0	0.0	0.0	0.0	0.0	0.0	42.88711713599227	0.0	0.0	0.0	80.82938819523413	0.0	0.0	0.0
GSM4138114_HNSCC_3_PBMC_TGCTGCTCAACGCACC	25.841760730844303	51.65062950259252	0.0	26.3158263360899	72.22173784765927	0.0	86.82427597144694	0.0	31.46474513563014	0.0	0.0	0.0	0.0	60.12778942438552	56.34828233528202	0.0	0.0	0.0	0.0	0.0	0.0	0.0	0.0	0.0	0.0	0.0	0.0	0.0	0.0
GSM4138114_HNSCC_3_PBMC_TGTATTCTCCCTAACC	32.03080934211833	0.0	57.693805512992526	29.527131676034465	73.68789869889697	58.04153612319936	0.0	0.0	0.0	0.0	76.77892631219025	0.0	0.0	54.14875859479095	0.0	0.0	0.0	0.0	0.0	0.0	0.0	0.0	0.0	0.0	0.0	0.0	0.0	0.0	0.0
GSM4138114_HNSCC_3_PBMC_TTAACTCTCCTGCTTG	39.3972931934397	0.0	0.0	29.54864891892757	0.0	0.0	0.0	123.24913348184936	0.0	0.0	0.0	48.50341339597947	0.0	0.0	0.7811999475468687	79.26193094434805	0.0	15.252911147636071	0.0	0.0	74.26831488758836	23.745717045176672	0.0	39.00662296574034	0.0	0.0	0.0	0.0	0.0
GSM4138114_HNSCC_3_PBMC_TTCTCCTTCTTGTATC	64.96562105286793	99.99139382185679	104.37493998038066	59.27757961167351	0.0	0.0	0.0	0.0	0.0	112.70273068448114	0.0	0.0	0.0	83.30200481585575	176.17086325829996	0.0	0.0	0.0	0.0	0.0	0.0	0.0	0.0	0.0	0.0	0.0	0.0	0.0	0.0
GSM4138114_HNSCC_3_PBMC_TTGGCAACAGATCCAT	11.803072306353702	132.89185379263137	0.0	18.384851492244145	67.47603281048046	0.0	56.432845214931994	1.0314692502229053	0.0	0.0	0.0	0.0	0.0	59.52741408168522	27.70196353046659	0.0	0.0	0.0	0.0	0.0	0.0	0.0	0.0	0.0	0.0	0.0	0.0	0.0	0.0
GSM4138114_HNSCC_3_PBMC_AAACCTGCACCAGCAC	40.83140481109231	183.07338626151608	132.62790604267428	38.15347395710542	0.0	92.76268855613156	0.0	0.0	0.0	124.36190193929029	0.0	0.0	0.0	0.0	0.0	50.393063840473935	0.0	0.0	151.69947172908533	98.3308258858144	0.0	0.0	0.0	0.0	0.0	0.0	0.0	0.0	0.0
GSM4138114_HNSCC_3_PBMC_AATCCAGCATAAGACA	111.24166563766555	123.5573640971271	87.1506620605727	16.81882292642527	0.0	0.0	0.0	61.339277272375924	0.0	176.17646004081087	119.90593643137183	0.0	0.0	89.16436317983498	0.0	0.0	34.701328740630395	207.56681448772076	0.0	0.0	0.0	0.0	0.0	0.0	0.0	0.0	0.0	0.0	0.0
GSM4138114_HNSCC_3_PBMC_ACCGTAAGTCTTCGTC	0.0	5.4731996477386815	0.0	0.0	0.0	0.0	0.0	0.0	0.0	0.0	1185.6842842239428	0.0	0.0	0.0	0.0	1686.5969262570145	0.0	0.0	0.0	0.0	0.0	0.0	0.0	0.0	0.0	0.0	0.0	0.0	0.0
GSM4138114_HNSCC_3_PBMC_ACGGAGACATGGGACA	85.73798293290544	136.2572087875286	132.70054040495086	30.38761120814591	0.0	0.0	0.0	0.0	0.0	0.0	0.0	102.87355382481157	0.0	144.99069749745954	59.96497168346381	0.0	0.0	0.0	0.0	0.0	0.0	5.061885738597361	0.0	37.369497830803454	0.0	0.0	0.0	0.0	0.0
GSM4138114_HNSCC_3_PBMC_ACGGGCTTCTTGCAAG	75.73055747913111	0.0	110.57487861978065	39.863869871737634	45.771532531493385	140.98110280352387	0.0	0.0	0.0	14.432959667218736	238.4530316298012	112.67418351141507	0.0	0.0	0.0	0.0	0.0	0.0	0.0	0.0	96.57621731063298	0.0	0.0	0.0	0.0	0.0	0.0	2.107158882510787	0.0
GSM4138114_HNSCC_3_PBMC_ACTTACTGTTGGTAAA	0.0	0.0	0.0	0.0	2934.5381026852406	0.0	0.0	0.0	0.0	0.0	0.0	84.28918202700982	0.0	0.0	0.0	0.0	0.0	0.0	0.0	0.0	0.0	0.0	0.0	0.0	0.0	0.0	0.0	0.0	0.0
GSM4138114_HNSCC_3_PBMC_ACTTTCACATTCTTAC	50.092729251045554	192.27343240553347	0.0	27.413564195108787	0.0	0.0	0.0	0.0	0.0	0.0	0.0	251.69112645327849	0.0	95.51890132152035	0.0	0.0	0.0	0.15207184967453652	0.0	0.0	0.0	57.25629516413481	0.0	0.0	0.0	83.54837926333202	0.0	139.70879036045054	0.0
GSM4138114_HNSCC_3_PBMC_AGACGTTGTCGGCATC	105.28501809246971	0.0	0.0	33.92771438816717	0.0	0.0	59.82685169363307	66.76819478534205	0.0	114.38551808055783	0.0	0.0	60.82316810479259	0.0	0.0	105.05807163916366	0.0	0.0	88.8714512943873	0.0	0.0	119.4838255269035	0.0	0.0	0.0	0.0	0.0	0.0	0.0
GSM4138114_HNSCC_3_PBMC_AGAGTGGCACCTCGGA	127.30048276775383	0.0	0.0	40.92676358340784	200.42893221563685	0.0	0.0	265.9235195410768	0.0	0.0	0.0	0.0	0.0	157.04193025582296	0.0	0.0	9.108555591498085	161.20073707959838	290.7791106787657	0.0	0.0	0.0	0.0	0.0	0.0	0.0	0.0	0.0	0.0
GSM4138114_HNSCC_3_PBMC_AGGGTGAGTGCACTTA	132.85363573887196	0.0	0.0	44.71362797771431	1.1526862717934847	0.0	0.0	163.24935854445405	0.0	106.55339979192759	41.67761245421338	0.0	10.515711532503788	79.53189125414903	34.207394794859816	171.25526105609256	0.0	0.0	0.0	0.0	0.0	0.0	0.0	0.0	0.0	82.88684660285661	0.0	0.0	0.0
GSM4138114_HNSCC_3_PBMC_AGTAGTCCATAGACTC	63.17363674547732	82.797564323833	28.939039028682664	24.663839901559207	0.0	0.0	0.0	37.63644013943752	0.0	80.08777321874851	0.0	0.0	0.0	72.7338809758241	83.45630876059077	51.79127396108472	0.0	0.0	0.0	0.0	0.0	0.0	0.0	0.0	0.0	0.0	0.0	0.0	0.0
GSM4138114_HNSCC_3_PBMC_ATAAGAGGTATTCGTG	79.31469589748275	0.0	0.0	46.15565748548452	0.0	127.84229003009342	195.09937402420184	0.0	0.0	160.40365474743083	0.0	48.45677520218914	0.0	124.36718571787904	0.0	232.87322327050074	0.0	0.0	0.0	0.0	0.0	0.0	0.0	0.0	0.0	0.0	0.0	0.0	0.0
GSM4138114_HNSCC_3_PBMC_ATGCGATTCGTGACAT	189.2243364774571	139.20406486059449	162.49025832728884	36.575056499526724	0.0	236.46356278177717	0.0	0.0	0.0	194.28897729657956	0.0	0.0	0.0	0.0	0.0	83.36562133258877	243.27858528206892	0.0	34.30169653818191	0.0	0.0	0.0	0.0	0.0	0.0	0.0	0.0	0.0	0.0
GSM4138114_HNSCC_3_PBMC_ATTTCTGAGTAGATGT	130.23066127353627	273.067539776573	35.876364719042	34.8762462042873	0.0	71.00295377961965	0.0	91.62877580220741	13.802568389640076	250.84176800585627	0.0	0.0	175.23548917300053	0.0	0.0	0.0	0.0	0.0	0.0	0.0	0.0	0.0	0.0	0.0	0.0	0.0	0.0	0.0	0.0
GSM4138114_HNSCC_3_PBMC_ATTTCTGTCGTAGGAG	48.79224958230937	0.0	12.657970795970936	3.585201887145583	41.42019219321678	0.0	0.0	33.87977242971646	0.0	0.0	66.65661589721	50.245975373444566	0.0	0.0	69.1236239744815	0.0	48.983085066011725	0.0	0.0	0.0	0.0	0.0	0.0	0.0	0.0	0.0	0.0	19.255867689814405	0.0
GSM4138114_HNSCC_3_PBMC_CAAGAAACATGGAATA	120.69082609700547	316.96296927166287	0.0	40.181710929866256	178.43337893812347	0.0	169.57606242340458	0.0	0.0	0.0	0.0	0.0	146.11025628444077	0.0	0.0	0.0	0.0	8.579142336296854	0.0	0.0	0.0	0.0	102.72681506738552	0.0	0.0	31.51452279962319	0.0	0.0	0.0
GSM4138114_HNSCC_3_PBMC_CACAGTAGTGATAAGT	123.73184752167708	135.18857085650083	155.25168479914038	5.427799232589111	0.0	72.23140096086652	0.0	0.0	60.305692161733106	221.468688959223	0.0	0.0	81.75882715884943	0.0	0.0	55.86023396056244	0.0	0.0	0.0	0.0	0.0	0.0	0.0	0.0	0.0	0.0	0.0	0.0	0.0
GSM4138114_HNSCC_3_PBMC_CAGTAACAGTACGCGA	129.1251466713608	231.2701475563832	0.0	34.89718876822351	214.3404060099422	0.0	0.0	167.41323559835794	0.0	0.0	0.0	0.0	0.0	128.4227305616948	236.18342597855818	0.0	4.265055434677253	0.0	0.0	0.0	0.0	0.0	0.0	0.0	0.0	0.0	0.0	0.0	0.0
GSM4138114_HNSCC_3_PBMC_CATCGAAGTAGCGCTC	104.65172928539425	205.50288360212582	152.7240561515877	42.08021432463913	201.72097926820055	0.0	0.0	0.0	0.0	0.0	0.0	0.0	109.12159948960007	0.0	0.0	0.0	0.0	15.541850301167662	0.0	0.0	0.0	0.0	0.0	0.0	0.0	86.60902948897314	0.0	0.0	0.0
GSM4138114_HNSCC_3_PBMC_CATGGCGCACTACAGT	167.8043291241811	194.50816165182601	0.0	18.319516756462225	124.64009299188771	232.84063593135758	72.74297111248113	41.44145426590497	0.0	0.0	0.0	0.0	0.0	81.70265406282769	0.0	0.0	3.880672364798153	0.0	0.0	0.0	0.0	0.0	0.0	0.0	0.0	0.0	0.0	0.0	0.0
GSM4138114_HNSCC_3_PBMC_CCTATTAGTAGCCTCG	139.1389683812901	191.56415478537588	0.0	30.01865779909465	147.74038598388046	0.0	137.94222370839466	0.0	154.2226488509698	12.072950203934873	0.0	0.0	152.43540402957876	0.0	0.0	0.0	0.0	0.0	0.0	0.0	0.0	0.0	0.0	0.0	0.0	6.136637409451737	0.0	0.0	0.0
GSM4138114_HNSCC_3_PBMC_CCTTCCCTCAGCATGT	100.49567315745209	237.23108433012408	209.8674928924389	55.611898415284394	74.472537507759	86.47101430637949	0.0	0.0	0.0	56.13754933055264	0.0	0.0	81.13699568761321	0.0	0.0	0.0	0.0	21.082442126421746	0.0	23.268305922749178	0.0	25.794560063286553	0.0	0.0	0.0	0.0	0.0	0.0	0.0
GSM4138114_HNSCC_3_PBMC_CGGACGTCATCGGACC	132.78328628058685	211.61643519234468	74.1975386985537	47.31291739536523	8.311493395833553	0.0	0.0	58.09491317065072	39.5667432565464	0.0	0.0	124.9046196529607	44.33774040853803	0.0	0.0	0.0	0.0	0.0	0.0	63.00803796916457	22.465101247988944	0.0	0.0	0.0	0.0	68.48527075999576	0.0	0.817902887415369	0.0
GSM4138114_HNSCC_3_PBMC_CGGACTGTCACGACTA	139.9059561172814	97.91540146895017	108.22423817220904	48.26531677368328	6.16646728305623	0.0	0.0	13.466979162683783	74.05467281911204	0.0	0.0	165.52138102693362	0.0	0.0	0.0	72.27619905349631	0.0	41.352443419299014	0.0	0.0	79.84628054465826	0.0	0.0	0.0	0.0	0.0	0.0	0.0	0.0
GSM4138114_HNSCC_3_PBMC_CGTAGGCAGTAAGTAC	66.31391165697679	29.91189930597782	0.0	39.21020004878694	0.0	0.0	168.42720600407378	0.0	52.659613445049956	111.55133812027016	145.9411692141344	0.0	0.0	0.0	0.0	0.0	0.0	0.0	0.0	0.0	87.19477724812667	0.0	88.92260573714873	0.0	0.0	0.0	0.0	0.0	0.0
GSM4138114_HNSCC_3_PBMC_CGTGAGCAGAAGGGTA	201.8061489000845	191.53608250418523	68.63591962550726	30.367472517307355	150.27579245677367	0.0	44.56051777191055	0.0	229.28478234442144	0.0	38.617624988559974	0.0	0.0	0.0	0.0	0.0	0.0	0.0	0.0	0.0	102.58358598331365	0.0	0.0	0.0	0.0	0.0	0.0	0.0	0.0
GSM4138114_HNSCC_3_PBMC_CGTTGGGGTGATAAGT	100.10601929050382	157.43170291808812	52.64591286072208	87.85062227589191	0.0	78.80692117099801	0.0	0.0	0.0	0.0	74.56384845297436	143.69335356625166	0.0	101.85405849587568	0.0	0.0	0.0	0.0	0.0	0.0	0.0	0.0	0.0	0.0	0.0	0.0	0.0	0.0	0.0
GSM4138114_HNSCC_3_PBMC_CTAACTTCATACAGCT	198.86337785384742	161.48592456427895	0.0	30.920869634757576	387.8880608819016	0.0	0.0	249.59226239130726	378.42344334972114	0.0	0.0	35.617880067283195	78.2434901772136	169.4718662243122	0.0	139.9848783546401	0.0	0.0	0.0	0.0	0.0	0.0	23.66708776948934	0.0	0.0	0.0	0.0	0.0	0.0
GSM4138114_HNSCC_3_PBMC_CTACATTCAGTCAGCC	61.225881679290524	0.0	80.42189905518428	19.845704101923687	0.0	0.0	0.0	0.0	0.0	194.73550122560067	82.61624680777379	0.0	0.0	37.66620684793984	0.0	0.0	0.0	0.0	108.33268395545682	0.0	9.010915859247973	0.0	0.0	128.54636814430472	0.0	0.0	0.0	0.0	0.0
GSM4138114_HNSCC_3_PBMC_CTAGTGATCTTTCCTC	75.01872879228331	289.6714998382226	91.69105897402021	23.33794102802462	64.26617673445698	45.25533013203122	0.0	14.289104384941119	0.0	136.05390501177666	0.0	0.0	68.32296699803115	86.25089238771339	0.0	0.0	0.0	0.0	0.0	0.0	1.9780733489901943	0.0	76.20608941973107	0.0	0.0	8.083432554700154	0.0	0.0	9.730913427840381
GSM4138114_HNSCC_3_PBMC_CTCGGGAAGAAGCCCA	83.49213378760642	41.05192130422935	0.0	30.345201609205873	0.0	10.94730150492105	192.04248619013515	0.0	100.0776912802249	0.0	120.6012228122863	172.38027328231198	0.0	41.74263189959815	0.0	76.14273542596226	0.0	0.0	0.0	0.0	51.99859992701933	0.0	0.0	0.0	0.0	0.0	81.88965938760111	0.0	0.0
GSM4138114_HNSCC_3_PBMC_CTCTACGAGTGAACGC	117.95510194461282	191.3566938306128	0.0	73.82920906084651	59.17788917855046	0.0	0.0	123.19488503138551	63.50078630323117	0.0	0.0	49.77741358471786	123.55862519722155	0.0	63.96930049451371	0.0	0.0	0.0	0.0	0.0	0.0	0.0	0.0	0.0	0.0	0.0	0.0	0.0	0.0
GSM4138114_HNSCC_3_PBMC_CTGTGCTCATGCTAGT	60.99201595487358	116.46118027978773	98.1465763709371	51.298405492153904	82.72500746915816	133.46791074074386	0.0	0.0	0.0	0.0	0.0	0.0	68.09000360603422	0.0	0.0	0.0	0.0	0.0	0.0	0.0	0.0	0.0	0.0	0.0	0.0	0.0	0.0	0.0	0.0
GSM4138114_HNSCC_3_PBMC_CTGTTTAAGAAACGAG	75.8049546211597	0.0	75.07514751240696	18.568752204035228	62.303416276723276	14.880894887549596	0.0	0.0	0.0	9.32591533546435	0.0	0.0	0.0	46.55670624786983	0.0	94.54619075621665	0.0	22.635814674570906	0.0	0.0	22.039001941316968	32.88984844641993	0.0	0.0	0.0	0.0	0.0	0.0	0.0
GSM4138114_HNSCC_3_PBMC_GACCTGGAGGATGGAA	115.83193579155187	0.0	0.0	76.72266598631124	66.6441137631339	99.62518274841582	119.03914660776093	0.0	0.0	0.0	238.35297523450197	8.46143114393685	0.0	0.0	0.0	65.6178953507527	0.0	0.0	0.0	0.0	99.48807656876455	0.0	0.0	0.0	0.0	0.0	0.0	0.0	0.0
GSM4138114_HNSCC_3_PBMC_GATGAGGAGACGCACA	114.32179265579954	163.2438457408643	0.0	37.360375685675095	0.0	0.0	0.0	128.15228277092734	174.0247421593212	0.0	0.0	176.16963882864138	0.0	0.0	0.0	0.0	0.0	0.0	0.0	70.51293309073768	30.453900592535003	0.0	0.0	0.0	0.0	0.0	0.0	0.0	0.0
GSM4138114_HNSCC_3_PBMC_GATGCTATCTATCCCG	101.52189278179321	58.49924874801782	0.0	20.815972376776255	144.09333922333317	198.4452649241489	169.61234757144183	0.0	0.0	0.0	186.55009460754195	0.0	0.0	0.0	0.0	0.0	0.0	19.07810672976886	0.0	0.0	130.6429243330098	0.0	0.0	0.0	0.0	0.0	0.0	0.0	0.0
GSM4138114_HNSCC_3_PBMC_GATTCAGCATAACCTG	67.59662611326989	157.77905352977348	0.0	27.06261811853572	81.03580844329247	141.11055617686924	131.4553171502061	0.0	0.0	76.49294974967496	0.0	0.0	0.0	0.0	0.0	0.0	0.0	0.0	0.0	89.78051183324281	0.0	0.0	0.0	0.0	0.0	0.0	0.0	0.0	0.0
GSM4138114_HNSCC_3_PBMC_GCCTCTATCTGACCTC	96.27355133924776	258.8438387059676	0.0	1.9381278124409391	0.0	0.0	0.0	54.99686748889909	0.0	183.7114153519224	0.0	0.0	0.0	82.68881044683445	119.82442006147069	0.0	0.0	0.0	0.0	0.0	0.0	0.0	0.0	0.0	0.0	0.0	0.0	0.0	0.0
GSM4138114_HNSCC_3_PBMC_GCGCGATAGCGTAGTG	158.92846898671465	0.0	147.7690275928827	105.40735748618174	166.06201288841945	169.0913717398444	0.0	0.0	0.0	0.0	204.46638144968338	0.0	0.0	0.0	0.0	0.0	0.0	0.0	0.0	0.0	118.37686306984597	0.0	0.0	0.0	0.0	0.0	0.0	0.0	0.0
GSM4138114_HNSCC_3_PBMC_GCTTCCATCAGAGACG	101.81222697278027	61.58164213806383	0.0	22.668439863330065	52.109361520806935	0.0	0.0	120.437597606876	0.0	95.23045357898079	197.1589402073385	0.0	0.0	97.2594666457079	0.0	0.0	0.0	62.67516924186766	0.0	0.0	41.67052284751111	56.93207278324179	0.0	0.0	0.0	0.0	0.0	0.0	0.0
GSM4138114_HNSCC_3_PBMC_GCTTGAAAGATCACGG	143.8178734885954	264.32387693286165	0.0	6.610926289501419	0.0	143.645435082764	33.03032027342303	49.92769964566341	0.0	56.32528555955894	0.0	50.549417584106806	68.58591944763866	0.0	0.0	0.0	0.0	0.0	0.0	0.0	0.0	0.0	0.0	0.0	0.0	0.0	0.0	19.38735127266024	0.0
GSM4138114_HNSCC_3_PBMC_GGAAAGCCACAGTCGC	95.98990455681258	0.0	0.0	37.98776288032399	153.9192384533326	114.31442586815554	29.140801145439777	75.62052599690448	0.0	0.0	315.97034553736023	23.729273479019312	0.0	138.19507938571064	0.0	0.0	0.0	0.0	0.0	0.0	0.0	0.0	0.0	0.0	0.0	0.0	0.0	0.0	0.0
GSM4138114_HNSCC_3_PBMC_GGTGTTAGTTATGTGC	78.5883330871223	185.766198211126	75.70250714667681	20.659498388208217	103.30407822001291	0.0	25.664689777612317	0.0	104.5827700430748	0.0	0.0	0.0	0.0	0.0	0.0	0.0	0.0	0.0	0.0	0.0	80.41569202375271	0.0	0.0	0.0	0.0	0.0	0.0	0.0	0.0
GSM4138114_HNSCC_3_PBMC_GTATCTTCATTACCTT	113.47546563682361	287.20047923503364	181.03035541001202	32.754027736870256	87.43564994208455	142.24334196902987	0.0	0.0	0.0	81.46462644990879	0.0	0.0	0.0	0.0	0.0	0.0	0.0	0.0	0.0	0.0	105.12716658847171	0.0	0.0	0.0	0.0	0.0	0.0	0.0	0.0
GSM4138114_HNSCC_3_PBMC_GTCACAAAGCTGCCCA	106.73134368403183	113.01797631081095	128.46378863085425	21.44234322968957	0.0	0.0	0.0	0.0	0.0	176.2348747577668	115.61932316667738	0.0	0.0	0.0	0.0	12.019517600095831	0.0	183.18656801521482	0.0	0.0	0.0	0.0	0.0	0.0	0.0	0.0	104.7580704900918	0.0	0.0
GSM4138114_HNSCC_3_PBMC_GTCATTTTCCTCTAGC	30.442286468212632	0.0	55.04530282290089	30.3227021749875	146.96968615096182	0.0	33.972065447879345	0.0	174.73076388829233	0.0	253.1987184362354	0.0	0.0	0.0	0.0	0.0	112.64482440595775	0.0	0.0	0.0	0.0	0.0	0.0	0.0	0.0	0.0	0.0	0.0	0.0
GSM4138114_HNSCC_3_PBMC_GTGTTAGGTGTATGGG	91.51467775250869	0.0	0.0	95.33780377081966	43.39294471272771	0.0	25.798882222404803	26.7289422005192	0.0	130.62106407488778	0.0	0.0	0.0	102.6302690930302	67.31765392662216	166.290855668251	0.0	0.0	0.0	0.0	0.0	0.0	0.0	0.0	0.0	0.0	0.0	0.0	0.0
GSM4138114_HNSCC_3_PBMC_GTTCATTCATCACGAT	90.76675689875958	36.91452723548908	58.63547535963851	16.232252375087686	127.94669429379256	135.7009169613238	53.01917929466863	0.0	0.0	0.0	0.0	30.278434021960717	0.0	0.0	0.0	89.43832240900328	0.0	0.0	92.17116417580417	0.0	0.0	0.0	0.0	0.0	149.2929628132474	0.0	0.0	0.0	0.0
GSM4138114_HNSCC_3_PBMC_GTTTCTAGTGGTTTCA	107.4300961785083	254.82456494919091	101.4816931118126	40.88184654747472	26.707607867288225	0.0	0.0	0.6499588027445048	0.0	81.04142907263437	0.0	9.163718624980085	72.90231632068868	0.0	0.0	0.0	0.0	0.0	0.0	0.0	0.0	0.0	0.0	0.0	0.0	130.96840722182546	0.0	0.0	0.0
GSM4138114_HNSCC_3_PBMC_TACTTACAGGGTCGAT	87.29310828376481	99.11557911848824	1.3263840679442493	31.899169093934418	124.61337872318587	0.0	14.416952947368204	102.61780730563741	0.0	25.154278942693846	0.0	0.0	8.221893379707234	0.0	0.0	0.0	69.31793843798708	0.0	80.1743331263132	0.0	0.0	0.0	0.0	0.0	0.0	102.43391678226682	0.0	0.0	0.0
GSM4138114_HNSCC_3_PBMC_TCGAGGCGTACGCTGC	165.59192493633645	132.16663778073553	0.0	35.57908904826922	104.10952221024083	36.99496493686398	143.55174815934518	0.0	2.903827860370044	0.0	0.0	108.45253671506657	0.0	44.80833101243131	100.60316093564526	13.980106750935152	88.97722893172877	0.0	64.51825976266863	0.0	0.0	0.0	0.0	46.85001128550822	0.0	0.0	0.0	0.0	0.0
GSM4138114_HNSCC_3_PBMC_TCGTAGAAGAAACCTA	112.66751525264178	201.4758125262058	0.0	33.226200871429526	0.0	37.498753734456486	167.91855114526538	0.89145779513689	91.43916859129325	0.0	0.0	153.4301385070752	0.0	144.98234481646946	0.0	0.0	0.0	0.0	0.0	0.0	0.0	0.0	0.0	0.0	3.056531828141529	0.0	0.0	0.0	0.0
GSM4138114_HNSCC_3_PBMC_TGCCCTAAGTGTTAGA	71.12940817237872	260.72246657211707	0.0	27.69722498103515	161.43124548865276	0.0	163.95459569826576	0.0	134.94441938552393	0.0	0.0	0.0	0.0	79.15154905145378	0.0	0.0	0.0	0.0	0.0	0.0	0.0	0.0	0.0	0.0	0.0	0.0	0.0	0.0	0.0
GSM4138114_HNSCC_3_PBMC_TGGCTGGAGGGATGGG	117.72288923231152	0.0	43.040661836477994	19.597414544531166	93.15887899866684	54.42334640863188	25.44641986935594	67.32930714216072	0.0	0.0	184.87813729182054	36.961730409325924	0.0	76.25548769062151	0.0	116.17542870136195	26.226741681654616	76.81533549311825	0.0	0.0	0.0	21.993149112855633	0.0	0.0	0.0	0.0	0.0	0.0	0.0
GSM4138114_HNSCC_3_PBMC_TTAGGACAGTCCTCCT	110.35207922251129	262.58274027805555	127.52213191691465	49.60644493773698	0.0	156.99316639753408	0.0	37.55913282610277	0.0	173.31868333518463	0.0	0.0	0.0	122.03507488581	0.0	22.95472805668958	0.0	0.0	0.0	0.0	0.0	0.7564032794656005	0.0	0.0	0.0	0.0	0.0	0.0	0.0
GSM4138114_HNSCC_3_PBMC_TTATGCTCAGTATAAG	22.11390427050475	67.38702648044921	55.78332686741775	27.4862983014034	0.0	0.0	0.0	0.0	48.66844873169783	69.26855049385944	2.8714578497623635	0.0	14.418451862622733	0.0	0.0	0.0	0.0	0.0	0.0	0.0	0.0	0.0	0.0	0.0	2.9784673544033744	0.0	28.689736970941926	0.0	0.0
GSM4138114_HNSCC_3_PBMC_TTCCCAGGTCTCCCTA	83.00015678520516	0.0	0.0	50.648211812168086	0.0	129.07111675316358	0.0	129.32834351749568	0.0	204.72335683719862	94.46540687340408	0.0	0.0	0.0	0.0	149.00848521478966	0.0	0.0	6.666312255498932	0.0	84.11996614339009	0.0	0.0	0.0	0.0	0.0	0.0	0.0	0.0
GSM4138114_HNSCC_3_PBMC_TTCCCAGTCACTCCTG	93.45152360967492	260.1957395827935	73.4484623839798	35.71848711110915	41.83604751332595	0.0	0.0	56.61972686422599	0.0	0.0	0.0	156.53828465059453	0.0	104.9462528795892	0.0	0.0	0.0	176.8945252221648	0.0	0.0	0.0	0.0	0.0	0.0	0.0	0.0	0.0	0.0	0.0
GSM4138114_HNSCC_3_PBMC_TTCTACATCCGCATCT	68.29885215653172	0.0	0.0	21.198527738117857	108.67211321517901	0.0	0.0	79.41836578627705	0.0	0.0	175.287154987515	0.0	0.0	0.0	0.0	0.0	0.0	63.21800053738398	0.0	0.0	157.5441482792394	0.0	0.0	0.0	0.0	0.0	0.0	0.0	0.0
GSM4138114_HNSCC_3_PBMC_AAAGATGTCTCCCTGA	40.746175845583146	0.0	80.49478656311898	29.312293003448364	102.35191575604051	0.0	0.0	0.0	0.0	0.0	99.94971088805254	0.0	32.026444036424074	37.73236462361895	0.0	0.0	0.0	138.14590378639141	0.0	0.0	0.0	11.172619509687655	0.0	18.92900548453206	0.0	0.0	0.0	0.0	0.0
GSM4138114_HNSCC_3_PBMC_AACTCCCGTCTGATCA	48.103638708848436	74.57308835655705	83.35604905956589	29.769594795770374	28.217630383350908	0.0	0.0	0.0	0.0	6.991484441772263	0.0	0.0	38.52961929134986	0.0	0.0	0.0	0.0	0.0	0.0	0.0	0.0	105.8899428568923	0.0	0.0	0.0	0.0	0.0	0.0	0.0
GSM4138114_HNSCC_3_PBMC_ACGCAGCCATCCAACA	70.77028880042954	0.0	0.0	39.6029554759872	76.61089625048474	0.0	108.4245338239212	0.0	123.65740476076176	0.0	137.07079505515722	0.0	0.0	0.0	0.0	0.0	31.23529866913966	0.0	0.0	0.0	0.0	0.0	0.0	0.0	0.0	0.0	0.0	0.0	0.0
GSM4138114_HNSCC_3_PBMC_ACTATCTAGCCTCGTG	132.64275104553568	75.71510421582127	31.89331620878942	19.85486435898294	58.023089897398336	65.2511896720753	29.39595297712271	0.0	0.0	0.0	0.0	0.0	0.0	0.0	0.0	0.0	45.91370821682111	0.0	0.0	0.0	0.0	0.0	0.0	0.0	0.0	0.0	0.0	0.0	0.0
GSM4138114_HNSCC_3_PBMC_ACTGAACTCAGCATGT	46.106452004017264	0.0	198.81046171650019	34.48981395148014	0.0	0.0	0.0	0.0	0.0	0.0	113.2328070580294	108.52036204689522	0.0	0.0	0.0	0.0	0.0	100.67713569850167	0.0	0.0	9.47311538121119	0.0	0.0	0.0	113.19194420371778	0.0	0.0	0.0	0.0
GSM4138114_HNSCC_3_PBMC_ATCCGAACATAACCTG	33.60609278698873	50.69875489052022	0.0	41.96272401238613	69.617686566901	0.0	0.0	150.85578999841923	88.97361148658841	0.0	0.0	0.0	0.0	0.0	0.0	46.19518756403434	58.241951551786464	0.0	0.0	0.0	0.0	0.0	0.0	0.0	0.0	0.0	0.0	0.0	0.0
GSM4138114_HNSCC_3_PBMC_ATTTCTGTCCGTTGCT	61.67331952373772	123.95375905768759	200.40327212726112	69.16322864874714	0.0	135.25255170851904	0.0	0.0	0.0	0.0	0.0	82.94618259439308	0.0	69.63374283164352	0.0	0.0	25.147301615051806	0.0	0.0	0.0	0.0	0.0	0.0	14.49989258744501	0.0	0.0	0.0	0.0	0.0
GSM4138114_HNSCC_3_PBMC_CAAGATCGTTCACGGC	29.540068589149985	0.0	0.0	69.09020408960265	54.55907035897981	0.0	0.0	101.89304808000307	0.0	0.0	68.87293840536202	0.0	0.0	58.42523242313034	0.0	0.0	0.0	0.0	0.0	0.0	0.0	0.0	0.0	114.0209912101323	0.0	0.0	0.0	0.0	0.0
GSM4138114_HNSCC_3_PBMC_CGTGTCTGTTGGAGGT	76.62423092783145	0.0	0.0	43.885656943299	83.38539189085239	88.66627971089056	112.95963893198451	0.0	0.0	0.0	91.27544851684644	0.0	0.0	0.0	0.0	0.0	0.0	0.0	0.0	0.0	0.0	0.0	0.0	0.0	0.0	0.0	94.85952456478347	0.0	0.0
GSM4138114_HNSCC_3_PBMC_CTACACCGTAAGTGTA	39.68056307946148	92.68578731406157	16.57048379946834	63.297694102720875	66.70212210641672	0.0	0.0	125.17741107269877	125.97121289826028	0.0	0.0	0.0	0.0	0.0	0.0	0.0	3.4861475917889986	0.0	0.0	0.0	0.0	0.0	0.0	0.0	37.233686334272235	0.0	1.2201342502426322	0.0	0.0
GSM4138114_HNSCC_3_PBMC_GACGTTAGTGGTCTCG	77.11839871197832	6.12634965744889	0.0	77.76555926118739	0.0	117.81062075382364	35.1296119612415	65.85093151955037	0.0	27.959913493705248	0.0	0.0	0.0	0.0	0.0	0.0	0.0	0.0	77.16217837926732	42.56562769789609	0.0	0.0	0.0	0.0	0.0	0.0	0.0	0.0	0.0
GSM4138114_HNSCC_3_PBMC_GCACTCTGTGGTGTAG	63.84068660170561	83.77906816030735	0.0	26.254237218104834	0.0	0.0	0.0	0.0	0.0	59.50844893395148	0.0	0.0	74.45662691987535	0.0	0.0	0.0	0.0	122.92840975091498	0.0	0.0	0.0	24.61446419947083	0.0	0.0	0.0	0.0	0.0	56.090734279499145	0.0
GSM4138114_HNSCC_3_PBMC_GGGCATCAGACTACAA	39.07945007595918	0.0	84.7597962005208	37.3786165667555	12.455109468755058	85.88584291501412	0.0	0.0	0.0	0.0	125.29081312451092	42.661231277234236	0.0	0.0	0.0	0.0	0.0	0.0	0.0	0.0	0.0	0.0	0.0	0.0	0.0	0.0	78.00225910185654	0.0	0.0
GSM4138114_HNSCC_3_PBMC_GTCAAGTTCTTTACAC	108.20816199485783	100.20211638648347	25.06298441245689	20.145176091616452	80.06668918248631	0.0	0.0	43.004446720284854	97.29205611596629	0.0	0.0	0.0	0.0	71.78017846393873	0.0	0.0	0.0	0.0	0.0	0.0	0.0	0.0	0.0	0.0	0.0	0.0	0.0	0.0	0.0
GSM4138114_HNSCC_3_PBMC_GTGCTTCCACTATCTT	83.04760007177269	89.20893886001292	0.0	36.28045955714008	0.0	102.01712281139154	108.42636546474972	0.0	0.0	75.19287969418028	0.0	0.0	0.0	0.0	0.0	0.0	87.66421400466264	0.0	0.0	0.0	0.0	0.0	0.0	0.0	0.0	0.0	0.0	0.0	0.0
GSM4138114_HNSCC_3_PBMC_TTCTACACACACCGAC	78.11272149472165	82.15526047528923	99.02568362745974	27.97596513918211	80.25704913708205	116.74124645551767	0.0	0.0	0.0	0.0	0.0	0.0	45.64491512761231	0.0	0.0	0.0	0.0	0.0	42.07417754709782	0.0	0.0	0.0	0.0	0.0	0.0	0.0	0.0	0.0	0.0
GSM4138114_HNSCC_3_PBMC_TTGACTTTCGCGATCG	55.19058539121032	80.20585877925141	94.58810638755301	38.425612906693544	0.0	0.0	0.0	0.0	0.0	65.19019429325452	0.0	0.0	60.76907444969666	0.0	55.32480918403246	0.0	0.0	0.0	0.0	0.0	0.0	0.0	55.25673363708118	0.0	0.0	27.956416767750113	0.0	0.0	0.0
GSM4138114_HNSCC_3_PBMC_ACTGTCCCACTAGTAC	26.957595392772205	85.89686253400542	46.840329894289965	47.09413230199799	0.0	0.0	0.0	43.20881197719342	110.35312210139746	0.0	0.0	68.11243581423741	64.62189096916549	0.0	0.0	0.0	0.0	0.0	0.0	0.0	0.0	0.0	0.0	0.0	0.0	0.0	0.0	0.0	0.0
GSM4138114_HNSCC_3_PBMC_CTCATTATCGAATCCA	85.90393281956561	74.96555656538834	92.0608668024405	36.593537690267524	0.0	0.0	0.0	0.0	0.0	0.0	0.0	124.47603631733098	52.799349846593245	0.0	0.0	0.0	0.0	95.65663495056417	0.0	0.0	0.0	0.0	0.0	0.0	0.0	0.0	0.0	0.0	0.0
GSM4138114_HNSCC_3_PBMC_GAACCTATCGACAGCC	68.28718919799854	0.0	196.34805026772264	67.71210443100676	0.0	0.0	0.0	0.0	115.3094874764976	0.0	155.21309078306518	73.65849116159298	0.0	0.0	11.055946002413291	0.0	0.0	0.0	0.0	0.0	7.035662468975976	0.0	0.0	0.0	0.0	0.0	59.66137180520389	0.0	0.0
GSM4138114_HNSCC_3_PBMC_GCGCCAACATTTGCCC	68.71833017408467	0.0	0.0	39.43827771138848	0.0	0.0	0.0	107.00477097595238	0.0	25.766576207399833	101.97598131785314	0.0	0.0	39.863288115427615	41.64811578167158	0.0	31.6350541521045	0.0	0.0	0.0	0.0	0.0	41.1667487811045	0.0	0.0	21.543342485939714	0.0	0.0	0.0
GSM4138114_HNSCC_3_PBMC_GGGAGATCAATTCCTT	32.5116907500168	64.70475770960881	83.09400154609554	22.731657105685013	0.0	0.0	10.188078755593795	0.0	0.0	41.21461874262134	0.0	0.0	0.0	0.0	108.51064226567254	0.0	62.20753609245181	0.0	0.0	0.0	0.0	0.0	0.0	0.0	0.0	0.0	0.0	0.29285564074189346	0.0
GSM4138114_HNSCC_3_PBMC_GTGAAGGAGAAGGTGA	56.977267404174896	0.0	47.0663478309995	45.341221864723586	0.0	0.0	12.897539583155085	16.22857117231765	0.0	60.846162619885085	96.19175732532156	0.0	0.0	0.0	0.0	0.0	87.79568080259261	0.0	0.0	0.0	0.0	125.81539307747057	0.0	0.0	0.0	0.0	0.0	0.0	0.0
GSM4138114_HNSCC_3_PBMC_TACCTATTCGAGAGCA	38.08283711579301	61.13367546178392	62.294056102493855	77.87474273958334	0.0	41.753514701640654	0.0	0.0	0.0	0.0	0.0	40.2149721339845	0.0	22.87623581639749	0.0	0.0	0.0	0.0	0.0	64.26765620646778	0.0	0.0	0.0	0.0	0.0	0.0	0.0	0.0	0.0
GSM4138114_HNSCC_3_PBMC_TAGCCGGGTTGATTCG	16.961317788042084	21.98327572151623	80.50875403003056	25.415901629373813	67.96248033260912	0.0	0.0	0.0	0.0	0.0	0.0	0.0	0.0	0.0	0.0	0.0	90.20194266639471	0.0	67.09883731099343	0.0	0.0	14.331537251361915	75.39743222013564	0.0	0.0	0.0	0.0	0.0	0.0
GSM4138114_HNSCC_3_PBMC_TCTTTCCTCGCCGTGA	93.94361587038189	0.0	0.0	40.418169124930564	81.8919079409687	0.0	0.0	71.95270024233557	0.0	0.0	136.94121173856556	0.0	0.0	0.0	0.0	0.0	0.0	0.0	0.0	12.90934616685089	18.644539897755344	0.0	13.419730498222197	0.0	0.0	0.0	0.0	0.0	119.10693460096282
GSM4138114_HNSCC_3_PBMC_TGTGGTAGTTGCCTCT	68.75640619388278	123.24022866423951	157.11380041329687	35.22249722160763	0.0	0.0	0.0	3.31815732796979	0.0	84.58117995145574	0.0	0.0	0.0	73.45335213237831	0.0	0.0	0.0	0.0	0.0	0.0	0.0	116.18180067527211	0.0	0.0	0.0	0.0	0.0	0.0	0.0
GSM4138114_HNSCC_3_PBMC_ATTATCCTCCTCCTAG	126.27163403137385	132.9061474400948	0.0	55.65818051410152	0.0	0.0	172.30876646711934	0.0	234.3487474009745	0.0	0.0	110.26291469070085	0.0	0.0	0.0	0.0	0.0	0.0	0.0	181.3501687838159	0.0	0.0	0.0	0.0	0.0	0.0	0.0	0.0	0.0
GSM4138114_HNSCC_3_PBMC_CGAGAAGAGCTACCTA	136.65975949961822	184.67130914770982	5.633681709637126	62.89126258522966	0.0	0.0	130.88120151099898	0.7727873154297735	0.0	36.24270881848906	0.0	1.7900841307685575	0.0	128.73435834484604	0.0	0.0	0.0	0.0	0.0	0.0	0.0	0.0	0.0	221.68290151521384	0.0	0.0	0.0	0.0	0.0
GSM4138114_HNSCC_3_PBMC_GACTACACACCGCTAG	62.077950773239536	112.721087197516	102.41043905617421	37.106517109616874	33.33472971880271	0.0	0.0	0.0	83.07877079088067	87.24857547146729	0.0	0.0	93.7990532051368	0.0	0.0	61.40287241642859	0.0	0.0	0.0	0.0	0.0	0.0	0.0	0.0	0.0	0.0	0.0	0.0	0.0
GSM4138114_HNSCC_3_PBMC_GGCTCGAGTCTGATCA	78.3015905647746	30.414215703313488	38.064435999882505	21.56039349255005	0.0	13.73700558478657	0.0	0.0	0.0	49.348589463910635	100.84476482929865	0.0	0.0	71.76123373522833	0.0	0.0	0.0	28.733718015882996	0.0	0.0	0.0	38.714270885384494	0.0	31.854882557886672	0.0	0.0	0.0	144.58025628274342	0.0
GSM4138114_HNSCC_3_PBMC_TCAGATGTCAGTTTGG	26.538809351847558	0.0	37.66609757103731	30.7037421458487	0.0	129.72130205631527	0.0	0.0	0.0	67.60012532376454	118.15336745744	0.0	0.0	0.0	0.0	0.0	0.0	0.0	0.0	0.0	138.73328464126192	0.0	0.0	0.0	0.0	0.0	0.0	56.6465923423079	0.0
GSM4138114_HNSCC_3_PBMC_TCGAGGCAGAACAATC	163.1778397062441	0.0	159.00659268384442	50.28932592322262	0.0	0.0	0.0	0.0	273.56580785558947	0.0	0.0	146.11074799143051	0.0	0.0	0.0	0.0	0.0	0.0	245.95201711583712	0.0	198.28002510152197	0.0	0.0	0.0	0.0	0.0	0.0	64.99324161323672	0.0
GSM4138114_HNSCC_3_PBMC_TGGGCGTGTCATTAGC	110.63330786209148	43.58473114145835	27.047803582358867	14.452472217674586	76.91920881597962	0.0	0.0	0.0	0.0	0.0	36.14248771154964	7.63058855009452	0.0	0.0	0.0	0.0	0.0	0.0	0.0	0.0	65.71479053134634	89.64941912558263	0.0	0.0	0.0	0.0	0.0	0.0	0.0
GSM4138114_HNSCC_3_PBMC_TTCCCAGAGGACAGCT	83.22143032369203	115.76490639915488	110.05122950529785	64.61710941356733	41.565818498518254	0.0	0.0	0.0	90.2720919989042	2.324080290022076	0.0	0.0	98.15301529707514	0.0	0.0	0.0	0.0	0.0	0.0	0.0	0.0	0.0	0.0	0.0	0.0	0.0	0.0	0.0	0.0
GSM4138114_HNSCC_3_PBMC_ACACCAACATGCATGT	81.86372438068233	34.986899108437555	0.0	32.94266614816222	75.73171923432011	13.700771395724423	114.88483641641557	0.0	101.80800525108907	0.0	29.90710706318111	0.0	102.49471645676508	0.0	0.0	0.787334115467979	0.0	0.0	19.581109631871367	0.0	0.0	0.0	0.0	0.0	0.0	0.0	0.0	0.0	0.0
GSM4138114_HNSCC_3_PBMC_ACGATACGTGTGGTTT	90.34865723863919	568.6093516653167	0.0	57.79049410429498	0.0	187.01099028865144	117.65485150630745	0.0	0.0	127.28669651985874	0.0	0.0	187.05944420826384	0.0	0.0	0.0	0.0	0.0	0.0	0.0	0.0	0.0	0.0	0.0	0.0	0.0	0.0	0.0	0.0
GSM4138114_HNSCC_3_PBMC_AGAATAGTCACCATAG	131.43336989446516	40.25330077443296	36.963153754650456	24.24808486167286	15.628593600446896	0.0	0.0	0.0	0.0	31.82653135077689	0.0	121.97593402462542	0.0	0.0	0.0	153.2062559925541	76.78531994453779	0.0	0.0	0.0	0.0	0.0	0.0	105.49766080291327	0.0	0.0	0.0	0.0	0.0
GSM4138114_HNSCC_3_PBMC_AGCCTAATCCTGCCAT	40.87405014713089	0.0	41.80400476304336	14.604617949919914	46.1320268448241	0.0	0.0	0.0	47.793212615869805	0.0	34.504793456661886	0.0	0.0	0.0	0.0	0.0	0.0	0.0	38.8752942319306	4.830907681049659	0.0	0.0	0.0	0.0	22.051607996147215	0.0	28.57529148483978	0.0	0.0
GSM4138114_HNSCC_3_PBMC_CAACCAAGTTGAGGTG	25.635344859290296	39.55995474819203	105.18497135632047	17.152321757513	0.0	0.0	0.0	0.0	0.0	59.57191746306451	31.218484907805028	0.0	0.0	4.378502117915037	0.0	0.0	0.0	0.0	20.55777268297311	0.0	0.0	0.0	78.03463141976522	0.0	0.0	0.0	26.601358194689723	0.0	0.0
GSM4138114_HNSCC_3_PBMC_CACACAACATGCCTAA	70.56922662810022	0.0	0.0	19.041510365241738	13.101872577040865	130.93417549216753	191.33830148030637	0.0	0.0	81.74848063550519	0.0	0.0	0.0	0.0	0.0	168.6014165592973	0.0	0.0	0.0	101.39991518155608	0.0	0.0	0.0	0.0	0.0	0.0	0.0	0.0	0.0
GSM4138114_HNSCC_3_PBMC_CCACTACAGGTGCTAG	46.68515763637815	0.0	52.501229505706334	95.80424652861556	0.0	0.0	0.0	0.0	0.0	0.0	0.0	49.28334346579445	0.0	0.0	0.0	137.9480102301223	56.42954476936328	76.92860157891991	0.0	0.0	0.0	0.0	0.0	0.0	0.0	0.0	0.0	0.0	0.0
GSM4138114_HNSCC_3_PBMC_CGTCACTCAGATTGCT	125.92509203531972	0.0	0.0	51.091344788335796	0.0	130.44122580005066	152.54265063440727	0.0	0.0	0.0	0.0	175.65871193208991	200.4114948161969	0.0	0.0	216.2451726049825	0.0	0.0	0.0	0.0	0.0	0.0	0.0	0.0	0.0	0.0	0.0	0.0	0.0
GSM4138114_HNSCC_3_PBMC_CTCGGGAGTCTAGCGC	125.0967237517126	0.0	0.0	241.80769354854007	0.0	0.0	0.0	139.09393266431778	0.0	78.49638519887377	0.0	0.0	141.48966666481726	0.0	129.72609183691418	422.205503046562	0.0	0.0	0.0	0.0	0.0	0.0	0.0	0.0	0.0	0.0	0.0	0.0	0.0
GSM4138114_HNSCC_3_PBMC_GACCTGGCAGTCACTA	81.68935643127111	137.1792309108324	5.88006969677402	47.231568692356184	0.0	140.9569807447137	95.83860750172524	0.0	0.0	72.72918410520775	0.0	0.0	70.36363549211028	0.0	0.0	0.0	0.0	0.0	0.0	0.0	0.0	0.0	0.0	0.0	0.0	0.0	0.0	19.312568178020758	0.0
GSM4138114_HNSCC_3_PBMC_GCTCTGTAGTCAAGCG	78.6770768420061	0.0	0.0	22.727890482513743	0.0	0.0	23.656411751248523	163.97004443090228	10.054445537747297	102.905102679233	16.744919107606364	0.0	0.0	0.0	0.0	0.0	0.0	0.0	173.06449446295417	28.36242387845278	67.35840016738534	0.0	69.1451143319506	0.0	0.0	33.939184092359035	0.0	0.0	0.0
GSM4138114_HNSCC_3_PBMC_GGAACTTAGAGAGCTC	115.75078578327657	0.0	0.0	35.22679531094693	0.0	0.0	0.0	143.41215747441117	141.98874980971928	93.56678403518931	0.0	0.0	0.0	0.0	0.0	191.13583848989143	0.0	0.0	22.28636138403393	162.22366037216034	0.0	0.0	0.0	0.0	0.0	0.0	0.0	0.0	0.0
GSM4138114_HNSCC_3_PBMC_GGCGACTGTTCCACTC	89.90720538091529	0.0	0.0	25.533423882073592	81.16188126406769	0.0	65.91769203662975	0.0	120.1330360720201	0.0	315.24820192037316	0.0	33.95510553830483	0.0	0.0	0.0	0.0	0.0	0.0	0.0	0.0	0.0	0.0	0.0	0.0	0.0	22.403118731820765	0.0	0.0
GSM4138114_HNSCC_3_PBMC_GTTTCTACACACAGAG	68.54139957938185	107.1366476917664	0.0	40.45932940908957	381.2699853470448	0.0	0.0	182.28281843956242	0.0	0.0	0.0	0.0	0.0	174.87453854179253	0.0	69.00137177697613	0.0	0.0	0.0	0.0	0.0	0.0	0.0	222.9882437373348	0.0	0.0	0.0	0.0	0.0
GSM4138114_HNSCC_3_PBMC_TGCGTGGCAGTCGATT	78.37974032862188	0.0	86.93392909599433	30.576986319700154	0.0	0.0	0.0	58.97254882084602	0.0	116.89400974792899	0.0	0.0	0.0	84.07426426175645	0.0	198.74550004288676	0.0	173.74145030011945	0.0	0.0	0.0	0.0	0.0	0.0	0.0	0.0	0.0	0.0	0.0
GSM4138114_HNSCC_3_PBMC_TTATGCTGTTACGACT	80.967139752258	0.0	99.82320601561464	63.94818624550344	136.76947043425386	103.15310273074837	0.0	0.0	0.0	0.0	184.53593484893463	0.0	0.0	0.0	0.0	0.0	0.0	0.0	0.0	0.0	71.17014111973378	0.0	0.0	0.0	0.0	0.0	0.0	0.0	0.0
GSM4138114_HNSCC_3_PBMC_AAAGCAATCCCGACTT	126.37093423796858	184.43255803352932	0.0	56.0547073556945	46.754817905739785	183.05465542725912	0.0	243.11985777159907	0.0	37.75009486414486	0.0	0.0	0.0	0.0	0.0	0.0	122.27084497630288	0.0	0.0	0.0	0.0	0.0	0.0	50.800977139268454	0.0	0.0	0.0	0.0	0.0
GSM4138114_HNSCC_3_PBMC_AAAGTAGGTTCAGACT	91.53055921475409	163.53764095998855	0.0	52.48831464002491	0.0	0.0	0.0	199.289088044402	0.0	99.37013555804498	0.0	0.0	161.4367985146328	0.0	246.5657833764689	0.0	0.0	0.0	0.0	0.0	0.0	0.0	0.0	0.0	0.0	0.0	0.0	0.0	0.0
GSM4138114_HNSCC_3_PBMC_ACGTCAAAGAGCTGGT	118.16463940170665	0.0	0.0	37.817949322371	0.0	0.0	0.0	315.3829033924252	86.69978455778849	143.17432792803166	0.0	0.0	0.0	0.0	0.0	224.56115165036528	0.0	0.0	0.0	55.842523590145184	0.0	0.0	0.0	0.0	74.8258975999072	131.04539220464432	21.104623345560814	0.0	0.0
GSM4138114_HNSCC_3_PBMC_ACTTGTTAGCAGATCG	105.26138697778407	78.09317486287088	0.0	50.678514827714956	0.0	0.0	134.71094866402137	97.16626183377451	0.0	112.57333713458036	0.0	0.0	0.0	112.75576186945726	178.92810670358705	41.12421752175496	0.0	0.0	0.0	0.0	0.0	0.0	0.0	0.0	0.0	0.0	0.0	0.0	0.0
GSM4138114_HNSCC_3_PBMC_AGCTCCTGTCTGCAAT	105.9803962345175	0.0	0.0	33.3508427959252	0.0	0.0	0.0	376.8426307544149	0.0	148.19843446027986	0.0	0.0	0.0	0.0	0.0	0.0	134.53579645922028	5.141773433570427	178.15155878917176	0.0	0.0	217.72469959409602	0.0	0.0	0.0	0.0	0.0	0.0	0.0
GSM4138114_HNSCC_3_PBMC_ATCTGCCTCTCCGGTT	173.6478920369841	0.0	0.0	72.45325067479375	170.31779577153117	0.0	0.0	286.04147316274066	0.0	0.0	221.0184004953098	0.0	0.0	231.21330852113266	0.0	0.0	0.0	0.0	0.0	0.0	0.0	32.38962940265604	0.0	247.76987394482504	0.0	0.0	0.0	0.0	0.0
GSM4138114_HNSCC_3_PBMC_CACAAACGTCTCTTAT	184.45372148149102	164.75697615222023	268.3840497503547	61.60412898410835	186.3811212942883	242.33323861460588	23.47967099881162	0.0	0.0	0.0	0.0	0.0	0.0	155.01353187998956	0.0	0.0	0.0	0.0	0.0	0.0	4.167719226511815	0.0	0.0	0.0	0.0	0.0	0.0	0.0	0.0
GSM4138114_HNSCC_3_PBMC_CATCAAGCACAGATTC	109.23960633839714	0.0	275.75641977788706	72.65273377443015	168.39526594767185	0.0	0.0	0.0	0.0	0.0	151.83647591347068	0.0	87.4092224561092	0.0	0.0	0.0	0.0	0.0	0.0	0.0	0.0	0.0	276.8801347677264	0.0	26.849582250564815	0.0	0.0	0.0	0.0
GSM4138114_HNSCC_3_PBMC_CGTCCATGTAATCACC	126.0385951286165	122.54524485586326	0.0	51.24031015120795	0.0	0.0	0.0	226.2800870088967	0.0	165.83311412125107	0.0	0.0	0.0	85.10992676276916	0.0	0.0	0.0	0.0	0.0	0.0	0.0	207.02915888884186	0.0	0.0	85.03072686432223	0.0	0.0	0.0	0.0
GSM4138114_HNSCC_3_PBMC_CGTTCTGGTCCGAGTC	80.36273289877089	120.80300849133364	0.0	27.200647103891004	0.0	0.0	0.0	291.68734838277845	0.0	185.56805657342247	0.0	0.0	128.05424503198998	0.0	0.0	0.0	0.0	0.0	0.0	0.0	0.0	0.0	0.0	224.80469022869246	0.0	0.0	0.0	0.0	0.0
GSM4138114_HNSCC_3_PBMC_CTACGTCAGAGGACGG	287.77184691158453	0.0	292.5745391822967	48.41155988026754	0.0	17.2605149641252	0.0	0.0	55.98107941084238	64.12259610871875	0.0	0.0	0.0	0.0	48.081883310699986	0.0	0.0	0.0	84.59576239472382	0.0	118.34457864736213	0.0	0.0	0.0	0.0	10.498666923075913	0.0	0.0	0.0
GSM4138114_HNSCC_3_PBMC_GACGCGTGTTCCGGCA	69.90794510737005	122.33494156806685	3.372729177270642	46.82105841195231	0.0	0.0	0.0	164.96762921126145	0.0	144.06978607025542	0.0	0.0	0.0	114.9574917864801	0.0	0.0	0.0	0.0	1.2601075460861262	0.0	0.0	0.0	0.0	244.1532563640422	0.0	0.0	0.0	0.0	0.0
GSM4138114_HNSCC_3_PBMC_GGCCGATCATGTAAGA	91.95830226639396	196.19989818918097	0.0	40.33371768207691	0.0	0.0	0.0	295.50113344282687	0.0	129.23679408176514	0.0	0.0	145.14850893298154	0.0	0.0	0.0	0.0	0.0	0.0	0.0	0.0	171.73244061794782	0.0	0.0	0.0	0.0	0.0	0.0	0.0
GSM4138114_HNSCC_3_PBMC_GTATTCTTCTGTGCAA	99.38490928905112	0.0	0.0	73.96826174542495	186.578957281391	194.98854196257943	0.0	251.63803147995773	0.0	0.0	125.36418022960316	0.0	0.0	122.8688127528632	0.0	3.2988027047922075	0.0	0.0	0.0	0.0	107.298213282567	0.0	0.0	62.91255427150118	0.0	0.0	0.0	0.0	0.0
GSM4138114_HNSCC_3_PBMC_GTCAAGTAGTGCTGCC	106.43577049764473	206.19276578715807	0.0	50.57007017957564	0.0	0.0	0.0	134.9042729823962	0.0	70.76977951855544	0.0	20.452672602558103	0.0	71.22149519487193	240.71429704595147	0.0	141.45476191890523	0.0	0.0	0.0	0.0	0.0	0.0	2.6331884193672916	0.0	0.0	0.0	0.0	0.0
GSM4138114_HNSCC_3_PBMC_GTCTCGTAGGCTAGAC	181.36155950945812	197.05895625746047	71.25405942482472	41.40839836917062	152.912233079165	35.26326754597678	121.06039400125854	0.0	117.0510198841557	0.0	0.0	0.0	167.14248282428946	0.0	0.0	0.0	0.0	0.0	0.0	0.0	0.0	0.0	0.0	0.0	0.0	0.0	0.0	0.0	0.0
GSM4138114_HNSCC_3_PBMC_TCTGGAAAGTGGTAAT	137.78607738719316	122.95267444432872	0.0	68.26283688842399	109.25931940856913	0.0	183.29176907561015	0.0	157.91986815130358	0.0	0.0	0.0	0.0	120.34376157454798	20.505901340079358	0.0	2.138923202434936	0.0	0.0	0.0	0.0	0.0	0.0	0.0	0.0	0.0	0.0	0.0	0.0
GSM4138114_HNSCC_3_PBMC_TGGCCAGGTCCAAGTT	123.96948970604072	156.60315356284207	0.0	49.48880435178074	0.0	201.19197907182166	148.15703945529424	0.0	0.0	102.39014180869832	0.0	0.0	156.67810382066858	0.0	0.0	0.0	0.0	0.0	0.0	0.0	0.0	0.0	0.0	0.0	0.0	0.0	0.0	0.0	0.0
GSM4138114_HNSCC_3_PBMC_AACTGGTGTGTGGCTC	265.8517116746733	235.6087162559259	470.55208360950513	75.72092375887182	164.43205023357015	175.7827348485614	0.0	0.0	0.0	0.0	0.0	10.917294862010866	270.1771659137212	0.0	0.0	0.0	0.0	40.161120914964954	0.0	0.0	0.0	88.92641470626693	0.0	0.0	0.0	0.0	0.0	0.0	0.0
GSM4138114_HNSCC_3_PBMC_AAGACCTAGTTTGCGT	2443.8670766797786	0.0	0.0	0.0	0.0	0.0	0.0	0.0	0.0	0.0	0.0	0.0	0.0	0.0	0.0	0.0	0.0	0.0	0.0	0.0	0.0	0.0	0.0	0.0	0.0	0.0	0.0	0.0	0.0
GSM4138114_HNSCC_3_PBMC_ACATCAGAGTGTCCAT	0.0	0.0	61.09943044464338	0.0	0.0	0.0	2877.8456385537343	0.0	0.0	0.0	0.0	0.0	0.0	0.0	0.0	0.0	0.0	0.0	0.0	0.0	0.0	0.0	0.0	0.0	0.0	0.0	0.0	192.36268359542493	0.0
GSM4138114_HNSCC_3_PBMC_ACGGCCACATGGTCTA	104.50404562713025	188.3913798977203	29.59297103486171	56.56132087069404	48.85317150281522	0.0	101.30245468927966	148.05679972724107	226.2633913422158	0.0	0.0	77.91399986520727	294.6251799453776	0.0	18.25570581192588	0.0	0.0	0.0	0.0	0.0	0.0	0.0	0.0	0.0	0.0	0.0	0.0	0.0	0.0
GSM4138114_HNSCC_3_PBMC_ACTTGTTGTTGTGGAG	195.72321420734997	99.95410366762054	0.0	34.491081733363615	0.0	0.0	0.0	97.70555880560326	0.0	47.31506509266443	0.0	0.0	66.39797298117968	0.0	0.0	0.0	230.07200609650127	342.2974019964748	0.0	0.0	0.0	0.0	0.0	0.0	0.0	0.0	0.0	0.0	0.0
GSM4138114_HNSCC_3_PBMC_AGCGTATCAGCTCGCA	0.0	0.0	0.0	0.0	0.0	183.11483191914124	0.0	0.0	3325.726787400995	0.0	0.0	0.0	0.0	0.0	484.38224614966333	0.0	0.0	2.0032294003600586	0.0	0.0	0.0	300.4157665957528	0.0	159.37913416023798	0.0	0.0	0.0	0.0	0.0
GSM4138114_HNSCC_3_PBMC_CCATTCGAGACAGGCT	207.66196116093795	0.0	0.0	71.40656348327887	0.0	0.0	296.20511145367317	0.0	0.0	126.80632196797782	182.896296982446	0.0	0.0	265.4721806938379	353.3012206405222	0.0	0.0	0.0	0.0	0.0	22.56554107303456	0.0	0.0	0.0	7.57863099412106	1.77937492263135	0.0	0.0	0.0
GSM4138114_HNSCC_3_PBMC_CCTTCGATCTCGCTTG	176.8868548608963	0.0	0.0	64.21273147582869	0.0	132.7540490060545	94.32862433848568	245.9687465374191	77.00629234276548	94.72829677828697	0.0	0.0	186.74874824096517	71.26579060411494	109.84750690143399	0.0	0.0	0.0	142.95265980972957	0.0	0.0	0.0	0.0	0.0	0.0	0.0	0.0	0.0	0.0
GSM4138114_HNSCC_3_PBMC_CGCGTTTAGACTAGGC	290.79906341606886	207.6209282844282	0.0	66.42715111257722	22.772888237260076	0.0	380.7541300662509	71.93187126495839	0.0	23.124088374598983	0.0	122.31588876476748	305.72629888616456	27.474112052294718	370.6769290877423	0.0	0.0	0.0	0.0	0.0	0.0	0.0	0.0	0.0	0.0	0.0	0.0	0.0	0.0
GSM4138114_HNSCC_3_PBMC_CTACATTTCTTTACGT	253.7510686055937	95.24161206541739	0.0	76.41983244299057	0.0	0.0	371.80831328796245	0.0	345.4320915971751	0.0	0.0	117.84143471677858	148.6392478877979	10.045395673519812	0.0	0.0	0.0	0.0	0.0	0.0	146.1528843104493	0.0	0.0	0.0	0.0	0.0	0.0	0.0	0.0
GSM4138114_HNSCC_3_PBMC_CTAGCCTAGACCGGAT	169.93123945177703	0.0	0.0	25.42038943841954	0.0	0.0	283.88626014910983	0.0	323.14993617841145	0.0	0.0	118.62153556113567	0.0	0.0	0.0	0.0	0.0	0.0	155.41464893487495	0.0	247.32072848801354	0.0	0.0	0.0	0.0	0.0	0.0	0.0	0.0
GSM4138114_HNSCC_3_PBMC_GACGTTAGTACCATCA	285.1272595857747	213.71947583285998	123.07005009709192	44.83332537251901	172.70567251872706	0.0	259.72759492447375	0.0	222.09726363084553	0.0	0.0	0.0	153.72837355055347	50.465405550013365	220.56957324849682	0.0	0.0	0.0	0.0	0.0	0.0	0.0	0.0	0.0	151.57184402557886	0.0	0.0	0.0	0.0
GSM4138114_HNSCC_3_PBMC_GCGCAGTCAACTGGCC	229.77097149194026	6.286474659199963	96.99176772300562	52.19108196522262	113.02067381056814	0.0	239.3769024012214	0.0	0.0	0.0	13.332387990709249	0.0	0.0	333.5400459133244	276.74625665464646	0.0	29.395977184353228	0.0	174.58712299500255	0.0	0.0	0.0	0.0	97.56952475782307	0.0	0.0	0.0	0.0	0.0
GSM4138114_HNSCC_3_PBMC_GCTCTGTCACACTGCG	205.26714223718352	72.54890531267245	0.0	46.724408100881405	0.0	0.0	283.0171502896176	6.981738867034401	0.0	154.61875778064805	0.0	0.0	0.0	0.0	181.68531386830588	0.0	0.0	0.0	136.17576816741894	422.94846252036893	0.0	0.0	106.95574008794907	0.0	0.0	0.0	0.0	0.0	0.0
GSM4138114_HNSCC_3_PBMC_GCTGCAGTCCGGCACA	173.59474574980774	0.0	0.0	52.53059914990845	0.0	0.0	0.0	293.695011645842	0.0	89.9347746433829	241.37385628402723	0.0	0.0	0.0	31.869538232831705	0.0	289.7612059506822	0.0	0.0	0.0	0.0	310.3209142957637	0.0	0.0	0.0	0.0	0.0	0.0	0.0
GSM4138114_HNSCC_3_PBMC_GTAGTCACACAAGCCC	108.0745967367394	0.0	0.0	45.90396403164268	0.0	0.0	0.0	0.0	0.0	171.04234037876276	0.0	0.0	187.07017722760494	0.0	0.0	0.0	0.0	0.0	139.99510341981332	61.03797191546782	6.6705672709321435	0.0	314.6599518255429	0.0	0.0	0.0	0.0	203.01007052326958	0.0
GSM4138114_HNSCC_3_PBMC_GTCAAGTAGGCGTACA	58.19549478698644	12.960783254595428	0.0	23.00589630281359	63.97863532255882	125.42315763060022	154.88485270510654	0.0	0.0	0.0	0.0	0.0	0.0	0.0	0.0	42.623048198950436	71.68862839743456	0.0	0.0	0.0	0.0	0.0	0.0	0.0	0.0	0.0	0.0	0.0	0.0
GSM4138114_HNSCC_3_PBMC_TACGGATAGATCGATA	206.14897327016143	0.0	0.0	44.19877176348634	0.0	0.0	273.4821213683231	0.0	319.94148450140125	0.0	0.0	156.3145645488667	0.0	19.068416044410245	0.0	0.0	0.0	0.0	175.85870587373293	178.26585054800876	45.92464424111214	0.0	0.0	0.0	0.0	0.0	13.220266429587719	0.0	0.0
GSM4138114_HNSCC_3_PBMC_TCAACGATCTGGGCCA	174.92189746742878	0.0	79.99023530863413	46.23783607886519	132.55112554526323	146.1512039440679	296.5701526283191	53.92701654875991	66.89391134436701	6.714841230036295	82.12760886682796	0.0	21.228776602966875	80.44037880619985	137.51215402974373	45.045859940188905	0.0	0.0	87.16084347515553	168.1421623823306	102.92708055287463	0.0	0.0	0.0	0.0	0.0	0.0	0.0	0.0
GSM4138114_HNSCC_3_PBMC_TGGGCGTGTTAGTGGG	207.51719889523855	187.97012387849065	331.22451097537015	63.30729440871764	82.81278793564402	0.0	0.0	0.0	0.0	0.0	0.0	23.675848882709595	0.0	0.0	280.17580794889494	0.0	0.0	0.0	0.0	0.0	285.2542233985004	0.0	0.0	0.0	0.0	0.0	0.0	0.0	0.0
GSM4138114_HNSCC_3_PBMC_TTGGAACCAGTCACTA	189.4973308949928	155.66167443280114	189.6303288663401	48.863411109167444	149.22565908614206	0.0	63.58165566488101	83.65795826189675	119.23823791497222	0.0	0.0	0.0	0.0	240.76255631784164	0.0	0.0	0.0	0.0	0.0	0.0	0.0	0.0	0.0	0.0	0.0	9.25869027188681	0.0	0.0	191.2670025291332
GSM4138114_HNSCC_3_PBMC_ACTGTCCCAGCGATCC	262.75298694139343	85.24078390554887	148.7653190601414	45.08418538120393	0.0	0.0	0.0	0.0	247.39447168455317	0.0	0.0	109.88299122726846	0.0	0.0	0.0	0.0	0.0	0.0	0.0	213.48075603935305	0.0	0.0	0.0	0.0	0.0	85.25008538097472	0.0	0.0	0.0
GSM4138114_HNSCC_3_PBMC_AGATTGCGTCATACTG	130.79905701425014	0.0	0.0	38.217741808126696	37.322702476081545	0.0	107.27490904657297	0.0	0.0	0.0	0.0	0.0	0.0	0.0	0.0	0.0	22.867377450695482	0.0	105.61762293069205	126.87131503550164	0.0	224.4956867271392	0.0	0.0	0.0	0.0	0.0	0.0	0.0
GSM4138114_HNSCC_3_PBMC_CACACAAGTGAACCTT	173.71587327874042	0.0	0.0	65.58884640499598	70.76282226247982	0.0	243.2508368192596	0.0	0.0	45.27407201615148	0.0	0.0	130.33228966545644	0.0	0.0	0.0	0.0	0.0	94.16028848106934	0.0	0.0	0.0	168.99977912522488	0.0	0.0	0.0	0.0	0.0	0.0
GSM4138114_HNSCC_3_PBMC_GCGCAACCATCTGGTA	137.36399292555413	0.0	151.67741272128913	27.310750354914774	0.0	0.0	0.0	0.0	213.33204641301407	0.0	37.55798820089781	137.86295167046342	0.0	0.0	0.0	0.0	0.0	0.0	43.28912793959982	0.0	0.0	0.0	0.0	0.0	139.57468772086588	0.0	0.0	0.0	0.0
GSM4138114_HNSCC_3_PBMC_TACGGATGTCTCATCC	213.31685616136636	103.91788431648513	0.0	32.56152568961071	0.0	0.0	229.2912862461409	0.0	127.24373733758836	86.64299271235811	0.0	0.0	0.0	0.0	0.0	0.0	189.25731723646376	0.0	0.0	0.0	0.0	0.0	0.0	0.0	0.0	0.0	0.0	0.0	0.0
GSM4138114_HNSCC_3_PBMC_TAGAGCTTCGGAATCT	157.12768378743388	0.0	1.7454840999064747	33.467696561534254	48.44705488371089	123.29611851178566	0.0	168.63661544381273	0.0	51.208725751321055	97.73606266734666	0.0	17.467626447021296	43.46935880107053	0.0	0.0	0.0	0.0	0.0	0.0	127.88831285331214	0.0	0.0	0.0	0.0	0.0	0.0	0.0	0.0
GSM4138114_HNSCC_3_PBMC_TTGGAACGTACACCGC	181.7783703673593	91.50147877582303	196.77134333489622	35.07988197731153	0.0	0.0	0.0	0.0	0.0	0.0	0.0	148.6282888114607	201.44589720199605	0.0	0.0	0.0	0.0	281.8801933203549	0.0	0.0	0.0	0.0	0.0	0.0	0.0	0.0	0.0	0.0	0.0
GSM4138114_HNSCC_3_PBMC_GCAGCCACACCACGTG	60.4917565807061	103.41849463121343	62.543282561859925	32.27465630763115	30.400051076075627	0.0	0.0	28.8678149979604	0.0	0.0	0.0	31.852579615679037	0.0	0.0	0.0	0.0	0.0	120.41502454536813	0.0	5.298452555577048	0.0	0.0	0.0	0.0	88.42861577714412	0.0	0.0	0.0	0.0
GSM4138114_HNSCC_3_PBMC_TAGTTGGTCGAGAGCA	65.19791096378967	135.4443677042798	120.22941178761138	29.280898042422535	71.26891632813842	0.0	0.0	0.0	0.0	0.0	0.0	0.0	0.0	62.0074232408822	29.32943339440026	0.0	0.0	0.0	0.0	0.0	0.0	15.026451318267238	0.0	0.0	0.0	76.0124997649235	0.0	0.0	0.0
GSM4138114_HNSCC_3_PBMC_GGACAAGGTTACGACT	80.21409914532786	151.22310471762916	0.0	17.10683537565558	0.0	0.0	69.62157633651748	14.628743126467393	119.40313005663268	0.0	0.0	111.73457571281772	71.92546216538943	0.0	0.0	0.0	0.0	0.0	0.0	0.0	0.0	0.0	0.0	0.0	0.0	0.0	0.0	0.0	0.0
GSM4138114_HNSCC_3_PBMC_AGCTTGACATAACCTG	0.0	0.0	0.0	0.0	0.0	0.0	0.0	0.0	0.0	0.0	0.0	0.0	0.0	93.34548204455521	0.0	0.0	0.0	0.0	0.0	0.0	79.53165901114289	0.0	0.0	0.0	4226.386175877078	0.0	0.0	0.0	0.0
