	1	2	3	4	5	6	7	8	9	10	11	12	13	14	15	16	17	18	19	20	21	22	23	24	25	26	27	28	29	30	31	32	33	34	35
GSM4138114_HNSCC_3_PBMC_AAACGGGTCTAGAGTC	72.24649583200352	0.0	61.14919304746764	0.0	72.8318597503172	0.0	67.90360631608486	0.0	0.0	0.0	0.0	0.0	0.0	0.0	0.0	0.0	0.0	0.0	0.0	0.0	45.05505216133827	0.0	0.0	0.0	74.77687481908264	0.0	0.0	0.0	0.0	0.0	0.0	0.0	0.0	0.0	0.0
GSM4138114_HNSCC_3_PBMC_AAAGATGCACTACAGT	73.57606913695312	0.0	0.0	45.942006926079415	45.095755193740025	53.68019688872601	50.31167618084364	92.6343004666538	0.0	0.0	0.0	0.0	0.0	0.0	0.0	0.0	0.0	1.977106296044637	10.662752752867183	0.0	0.0	0.0	0.0	0.0	0.0	0.0	0.0	0.0	0.0	0.0	0.0	0.0	0.0	0.0	0.0
GSM4138114_HNSCC_3_PBMC_AAATGCCTCTCCAGGG	92.27844459323885	0.0	98.01350959164444	0.0	107.9341008400202	0.0	0.0	0.0	0.0	95.0900840546928	0.0	0.0	0.0	36.22619494929502	0.0	0.0	0.0	86.77132028600305	0.0	0.0	0.0	0.0	0.0	71.83804830740208	0.0	0.0	0.0	0.0	0.0	0.0	0.0	0.0	0.0	0.0	0.0
GSM4138114_HNSCC_3_PBMC_AACACGTAGAGTGAGA	0.0	20.327416735208722	0.0	96.08418492005744	30.678295794598792	0.0	0.0	0.0	30.485329549839133	67.55498027940747	0.0	0.0	44.93044112189617	0.0	0.0	0.0	96.8979865625383	0.0	0.0	49.064073000192366	0.0	92.69269512863862	0.0	0.0	0.0	0.0	0.0	0.0	0.0	0.0	0.0	0.0	0.0	0.899271219823018	0.0
GSM4138114_HNSCC_3_PBMC_AAGGCAGGTTTAAGCC	0.0	0.0	0.0	110.5816868821692	58.76502986202785	0.0	0.0	0.0	0.0	0.0	0.0	63.8344127401263	5.712807141325887	0.0	0.0	0.0	0.0	38.89142880694971	37.34642212840525	65.10075356654781	0.0	0.0	0.0	0.0	0.0	0.0	18.356551645443943	0.0	0.0	15.808771542142361	0.0	0.0	0.0	0.0	0.0
GSM4138114_HNSCC_3_PBMC_ACACCAAGTATAAACG	0.0	0.0	38.75415536039455	0.0	40.421338317957186	78.70432066362122	0.0	54.156605676588306	42.097373213107566	79.06569462427282	0.0	47.82880280969603	0.0	0.0	0.0	0.0	0.0	0.0	0.0	0.0	0.0	0.0	0.0	0.0	1.6179125923218702	0.0	0.0	0.0	0.0	0.0	0.0	0.0	0.0	0.0	0.0
GSM4138114_HNSCC_3_PBMC_ACATACGTCCACTCCA	33.13911079490975	0.0	0.0	23.125418482757418	60.560108378197334	0.0	17.605161951348634	0.0	4.1864565767354405	0.0	0.0	0.0	0.0	41.98841629248967	0.0	0.0	0.0	0.0	35.16381724333718	0.0	91.72592575581177	0.0	0.0	0.0	0.0	0.0	0.4389688943335999	0.0	0.0	0.0	0.0	0.0	0.0	0.0	0.0
GSM4138114_HNSCC_3_PBMC_ACTATCTAGGAGTTTA	118.60118635058157	59.82982732534635	0.0	80.1730960869952	0.0	84.8331156357303	22.371714121266745	0.0	0.0	12.161204618472839	0.0	0.0	0.0	0.0	196.07172578453608	0.0	0.0	0.0	0.0	0.0	0.0	0.0	0.0	0.0	0.0	0.0	0.0	0.0	0.0	0.0	0.0	0.0	0.0	0.0	0.0
GSM4138114_HNSCC_3_PBMC_ACTGAACTCACCTTAT	0.0	81.38232990266319	106.69036898300708	0.0	0.0	51.47662906858384	0.0	0.0	0.0	51.311161310332835	0.0	94.45477751235664	0.0	0.0	104.77469976609243	0.0	0.0	0.0	0.0	0.0	0.0	0.0	0.0	0.0	0.0	0.0	0.0	0.0	0.0	0.0	0.0	0.0	0.0	0.0	0.0
GSM4138114_HNSCC_3_PBMC_ACTTTCACAGCTGTTA	70.41484733215289	0.0	0.0	89.49237029896774	22.79843593249184	0.0	0.0	0.0	0.0	0.0	0.0	0.0	0.0	0.0	0.0	0.0	0.0	64.66864163689868	34.17503779156231	0.0	0.0	0.0	0.9870127744524777	0.0	0.0	100.94601399506709	0.0	0.0	0.0	0.0	0.0	0.0	0.0	0.0	0.0
GSM4138114_HNSCC_3_PBMC_AGCTCTCAGGTGATAT	41.04915990420924	8.43079042561219	0.0	90.68130558368799	44.13470202294903	0.0	0.0	0.0	0.0	0.0	11.10957525982978	17.95325411009696	120.5854488716741	0.0	0.0	0.0	0.0	50.53190055240909	0.0	0.0	0.0	0.0	0.0	0.0	0.0	0.0	73.35618052076973	0.0	0.0	0.0	0.0	0.0	0.0	0.0	0.0
GSM4138114_HNSCC_3_PBMC_AGCTCTCCAGCCTGTG	0.0	0.0	29.228258710054835	33.01079758088725	58.78592084035057	0.0	0.0	0.0	0.0	0.0	44.37438010610863	0.0	0.0	0.0	0.0	0.0	0.0	0.0	12.799736924870436	0.0	36.57261132985002	0.0	0.0	0.0	14.886083654574714	6.770526948856533	0.0	72.51995674093587	0.0	0.0	0.0	0.0	0.0	0.0	0.0
GSM4138114_HNSCC_3_PBMC_AGTCTTTCAAAGGTGC	0.0	0.0	114.47023313301551	0.0	35.98510051390601	29.25231977499346	0.0	0.0	0.0	0.0	0.0	89.38440072351965	0.0	0.0	115.32293506367463	40.41543515639189	0.0	0.0	0.0	0.0	0.0	0.0	13.96795599874488	0.0	0.0	0.0	0.0	0.0	0.0	0.0	0.0	0.0	0.0	0.0	0.0
GSM4138114_HNSCC_3_PBMC_AGTGAGGGTCAGCTAT	0.0	50.41888260928553	0.0	59.93322133813377	0.0	0.0	0.0	5.757206842670629	24.062432721133106	0.0	6.570716143856022	52.722290063600816	0.0	68.30071493979827	12.126819023365497	0.0	0.0	0.0	0.0	0.0	0.0	134.6768649281517	44.170146933945105	0.0	0.0	0.0	0.0	0.0	0.0	0.0	0.0	0.0	0.0	0.0	0.0
GSM4138114_HNSCC_3_PBMC_AGTGGGATCACCACCT	69.00575906662259	59.47353257045752	0.0	66.7585315241975	0.0	23.664918266622237	0.0	0.0	57.27242198782357	0.0	0.0	0.0	114.44572907736087	0.0	0.0	0.0	0.0	42.14152578038518	56.96562154115606	0.0	0.0	0.0	0.0	0.0	0.0	0.0	0.0	0.0	0.0	0.0	0.0	0.0	0.0	0.0	0.0
GSM4138114_HNSCC_3_PBMC_ATCCACCTCCCTCAGT	11.532102660222199	0.0	34.405354494925106	0.0	23.785695491545738	49.814757018389415	32.967614147396176	0.0	0.0	0.0	0.0	0.0	0.0	0.0	73.1521387912833	0.0	64.81180368174634	0.0	0.0	0.0	0.0	0.0	0.0	0.0	0.0	0.0	0.0	0.0	0.0	0.0	0.0	0.0	0.0	0.0	0.0
GSM4138114_HNSCC_3_PBMC_ATCGAGTGTCTAAACC	110.01854115242325	132.28736810932884	185.7684411683767	0.0	0.0	108.87015163254581	0.0	0.0	0.0	0.0	0.0	0.0	0.0	0.0	286.3244446186875	0.0	0.0	0.0	78.2311939826516	0.0	0.0	0.0	0.0	0.0	0.0	0.0	0.0	0.0	0.0	0.0	0.0	0.0	0.0	0.0	0.0
GSM4138114_HNSCC_3_PBMC_ATCTACTGTGACGCCT	70.65893964503142	132.61168832575953	0.0	0.0	0.0	52.75153460016338	0.0	0.0	7.5077646655535295	0.0	0.0	0.0	23.990386290147647	0.0	0.0	0.0	0.0	0.0	0.0	0.0	0.0	0.0	0.0	54.80565366878953	0.0	0.0	94.76188149694806	0.0	0.0	0.0	0.0	0.0	0.0	0.0	0.0
GSM4138114_HNSCC_3_PBMC_CAAGAAAGTGCTTCTC	51.746731891882845	0.0	0.0	36.010711325094256	28.837468435587727	65.75943786421075	0.0	0.0	0.0	0.0	0.0	0.0	0.0	0.0	83.7068134937638	0.0	0.0	0.0	60.44077624592597	0.0	0.0	0.0	0.0	0.0	0.0	0.0	0.0	0.0	0.0	0.0	0.0	0.0	0.0	0.0	0.0
GSM4138114_HNSCC_3_PBMC_CAAGGCCGTTCCCGAG	130.33963471502682	0.0	41.36040785807533	0.0	4.654029224014257	0.0	0.0	61.83722957651834	0.0	0.0	0.0	0.0	0.0	0.0	0.0	0.0	0.0	0.0	37.60582194638114	11.765663608198746	62.099773848869944	0.0	18.38233240661353	0.0	7.173795031934014	16.755466900375552	0.0	0.0	0.0	0.0	0.0	0.0	0.0	0.0	0.0
GSM4138114_HNSCC_3_PBMC_CAAGTTGTCAAGAAGT	0.0	0.0	24.750547229307358	24.48055182713961	136.80948040867435	0.0	79.35908559030474	50.806900755320136	0.0	0.0	92.76208942719309	0.0	0.0	0.0	0.0	0.0	0.0	0.0	0.0	0.7370799149671321	11.236211369999378	17.00588574073141	0.0	0.0	0.0	0.0	0.0	0.0	0.0	0.0	0.0	0.0	0.0	0.0	0.0
GSM4138114_HNSCC_3_PBMC_CACAAACCAGCTGGCT	0.0	0.0	0.0	8.961061980494033	63.846150512141236	0.0	0.0	0.0	32.52370320364564	0.0	0.0	118.56213445272267	0.0	47.95941064721254	26.354176374836854	0.0	0.0	6.62365583592806	50.28814961689524	0.0	0.0	0.0	0.0	0.0	0.0	0.0	0.0	0.0	0.0	22.501084981396296	0.0	0.0	0.0	0.0	5.544823107141543
GSM4138114_HNSCC_3_PBMC_CACACAAAGAACAACT	0.0	0.0	0.0	151.76155180960322	48.92558994999797	0.0	35.31439410129363	148.37554942411592	0.0	0.0	90.01322854066972	0.0	0.0	0.0	0.0	0.0	0.0	0.0	10.853277921241686	0.0	0.0	43.777715544748474	0.0	0.0	0.0	0.0	0.0	0.0	0.0	0.0	0.0	0.0	0.0	0.0	0.0
GSM4138114_HNSCC_3_PBMC_CACATAGTCCGCAAGC	68.24503974704747	46.74024380024456	42.442808736113136	0.0	0.0	0.0	115.59635629593254	104.8528289574243	0.3301766815364263	0.0	0.0	0.0	0.0	0.0	0.0	0.0	0.0	0.0	0.0	0.0	71.26440637194885	0.0	0.0	0.0	0.0	0.0	0.0	0.0	0.0	0.0	0.0	0.0	0.0	0.0	0.0
GSM4138114_HNSCC_3_PBMC_CACCACTAGCAATATG	21.508422063051114	30.9437920568484	0.0	72.04211433159628	0.0	0.0	0.0	0.0	0.0	0.0	7.0228533280025465	0.0	0.0	134.8483562831428	0.0	29.44804333629195	0.28746544632050736	0.0	3.384806428653189	7.88285107630607	0.0	0.0	20.382804104827944	4.761390214749971	0.0	0.0	6.829615845535916	0.0	0.0	0.0	0.0	0.0	0.0	0.0	0.0
GSM4138114_HNSCC_3_PBMC_CATATTCAGTCCCACG	0.0	0.0	0.0	40.00701883018158	44.50915539100134	0.0	14.538985075271645	51.23680272288247	0.0	0.0	0.0	61.56858688107044	55.671976853714355	0.0	0.0	0.0	0.0	66.27595156114035	0.0	0.0	0.0	0.0	0.0	0.0	0.0	0.0	12.11922698818855	0.0	0.0	0.0	0.0	0.0	0.0	0.0	0.0
GSM4138114_HNSCC_3_PBMC_CATCAAGGTCGTCTTC	0.0	0.0	0.0	38.30236348577019	54.359019422492096	46.14213427595039	0.0	0.0	37.31615812014556	0.0	0.0	0.0	0.0	0.0	0.0	0.0	72.66146109680137	0.0	0.0	0.0	0.0	0.0	25.63886075720617	0.0	0.0	0.0	0.0	0.0	0.0	0.0	0.0	0.0	137.73925018661527	0.0	0.0
GSM4138114_HNSCC_3_PBMC_CATCAGACATACTACG	0.0	157.698829008353	0.0	172.09005757285118	0.0	0.0	0.0	0.0	0.0	0.0	0.0	0.0	0.0	0.0	0.0	0.0	140.42464897699216	190.81641468971003	148.93129999248555	294.04384545161446	0.0	0.0	0.0	0.0	0.0	0.0	0.0	0.0	0.0	0.0	0.0	0.0	0.0	0.0	0.0
GSM4138114_HNSCC_3_PBMC_CATCGGGTCTTCTGGC	111.25435285586433	68.23066194878537	0.0	38.31422026050421	0.0	82.8953365980905	0.0	2.705152838129571	13.603779183287424	40.91895669343999	0.0	0.0	0.0	0.0	76.01486702367002	0.0	0.0	0.0	0.0	0.0	0.0	0.0	0.0	0.0	0.0	0.0	0.0	0.0	0.0	0.0	0.0	0.0	0.0	0.0	0.0
GSM4138114_HNSCC_3_PBMC_CCACGGATCAGAGGTG	0.0	0.0	0.0	103.83307935410303	84.80459270611267	0.0	0.0	0.0	0.0	0.0	0.0	0.0	70.17170360098723	0.0	0.0	0.0	122.38084650042687	44.75775178462188	0.0	80.75518319026823	1.6333385616485812	0.0	69.22616190424824	0.0	0.0	0.0	25.353501536933905	0.0	0.0	0.0	6.027222081717557	0.0	0.0	0.0	0.0
GSM4138114_HNSCC_3_PBMC_CCTACACTCGACAGCC	36.68779829198282	60.66608429182323	19.989901778270006	0.0	0.0	28.521217574363966	0.0	0.0	0.0	51.45078933723411	9.473240069393137	0.0	0.0	0.0	0.0	0.0	0.0	0.0	0.0	0.0	0.0	0.0	0.0	0.0	64.9676031464609	0.0	0.0	0.0	0.0	0.0	0.0	0.0	0.0	0.0	0.0
GSM4138114_HNSCC_3_PBMC_CCTTCCCGTAGCGTCC	0.0	53.06824818494505	41.444370593903855	0.0	4.828615290155768	0.0	31.78154903275941	0.0	21.219852763204155	0.0	0.0	0.0	0.0	0.0	67.49353446132514	0.0	40.50464659664304	57.72577634822705	5.6537639131210495	0.0	0.0	0.0	0.0	0.0	0.0	0.0	0.0	0.0	0.0	0.0	0.0	0.0	0.0	0.0	0.0
GSM4138114_HNSCC_3_PBMC_CCTTCCCTCACATACG	14.242412473516033	62.34354334580054	0.0	93.33873867189051	0.0	54.19842716787358	53.90680447084366	0.0	23.953174787405125	0.0	28.92825216262478	7.92628234918432	0.0	0.0	0.0	0.0	0.0	0.0	0.0	0.0	0.0	0.0	0.0	0.0	0.0	59.273379814696526	0.0	14.91769761377192	0.0	0.0	0.0	0.0	0.0	0.0	0.0
GSM4138114_HNSCC_3_PBMC_CGAGCCAAGCGCTTAT	5.160615895885835	0.0	0.0	44.370360921482856	32.41322887611632	0.0	0.0	0.0	0.0	0.0	0.0	30.519712200564687	0.0	0.0	146.68140703324872	0.0	28.2909811503181	0.0	37.63059551471492	0.0	65.06797337947752	0.0	0.0	0.0	0.0	0.0	0.0	0.0	0.0	0.0	0.0	0.0	0.0	0.0	0.0
GSM4138114_HNSCC_3_PBMC_CGAGCCAGTCAAAGAT	0.0	79.54691584805218	0.0	0.0	118.61657298850979	202.80542946577336	0.0	0.0	109.86463202913656	0.0	0.0	33.18686431760398	0.0	152.32020219076676	121.0408433355901	0.0	79.21713656836901	0.0	90.73971732777231	0.0	0.0	0.0	0.0	0.0	0.0	0.0	0.0	0.0	0.0	0.0	0.0	0.0	0.0	0.0	0.0
GSM4138114_HNSCC_3_PBMC_CGCGGTATCATCACCC	107.50136111373762	13.292122746736174	98.93572026472873	0.0	81.54315152404457	80.54663152706253	0.0	0.0	0.0	89.65962164679974	0.0	0.0	0.0	89.03097579504411	0.0	0.0	0.0	0.0	0.0	0.0	0.0	0.0	0.0	29.88228905541888	0.0	0.0	0.0	0.0	0.0	0.0	0.0	0.0	0.0	0.0	0.0
GSM4138114_HNSCC_3_PBMC_CGCGTTTTCCCAAGTA	0.0	84.60754143041189	0.0	0.0	0.0	67.122949509312	22.45574293433415	0.0	49.98310251645739	0.0	11.541332171422447	48.04615556517429	0.0	0.0	58.817736518276526	3.857823286021617	0.0	0.0	0.0	0.0	0.0	0.0	0.0	0.0	0.0	0.0	0.0	0.0	0.0	0.0	0.0	0.0	0.0	0.0	0.0
GSM4138114_HNSCC_3_PBMC_CGCTGGAGTAGCCTAT	167.85718129429208	48.196407467660485	0.0	51.17407596132845	0.0	0.0	0.0	131.53332694680253	0.0	0.0	0.0	0.0	0.0	0.0	0.0	0.0	0.0	0.0	0.0	0.0	67.77076330076595	0.0	93.21812687917425	0.0	0.0	0.0	0.0	0.0	0.0	0.0	0.0	0.0	0.0	0.0	0.0
GSM4138114_HNSCC_3_PBMC_CGGACGTGTAGATTAG	6.622677688822298	60.82735838561924	120.05431882080252	0.0	0.0	13.60520605820181	81.33206352743952	0.0	60.12752652813847	0.0	0.0	91.83274407764051	0.0	90.3173091955188	0.0	50.383600874966156	0.0	0.0	0.0	0.0	0.0	0.0	0.0	18.007384129585244	0.0	0.0	0.0	0.0	0.0	0.0	0.0	0.0	0.0	0.0	0.0
GSM4138114_HNSCC_3_PBMC_CGTCCATAGATGTGTA	36.963043258288614	32.432300106512706	0.0	36.4436762252377	0.0	77.17506964872555	0.0	20.011222711514872	19.85223005393403	31.500497385709544	0.0	0.0	0.0	0.0	88.58236885133113	0.0	0.0	0.0	0.0	0.0	0.0	0.0	0.0	0.0	0.0	0.0	0.0	0.0	0.0	0.0	0.0	0.0	0.0	0.0	0.0
GSM4138114_HNSCC_3_PBMC_CGTCTACGTACCGAGA	0.0	0.0	0.0	96.47845571290605	46.87847360139823	0.0	0.0	0.0	0.0	82.66636099274717	0.0	71.42309082026365	81.60780693236303	7.155301251204759	0.0	0.0	0.0	79.44684162959489	0.0	0.0	0.0	0.0	27.66746485916382	0.0	0.0	0.0	0.0	0.0	0.0	0.0	0.0	0.0	0.0	0.0	0.0
GSM4138114_HNSCC_3_PBMC_CGTTCTGCACGTCTCT	0.0	56.291228157704104	0.0	94.75028283062775	0.0	67.28206853539182	51.698611736747914	0.0	0.0	0.0	0.0	71.98635991716974	0.0	0.0	0.0	0.0	0.0	0.0	0.0	61.462546895536974	0.0	0.0	0.0	0.0	0.0	0.0	0.0	0.0	0.0	0.0	0.0	0.0	0.0	0.0	0.0
GSM4138114_HNSCC_3_PBMC_CTAGAGTCAAGCCATT	85.56612186285763	0.0	33.329699305413534	10.383577284358603	50.46247824774134	0.0	0.0	0.0	0.0	0.0	0.0	0.0	92.79260123031288	0.0	0.0	0.0	0.0	0.0	0.0	0.0	26.9782590441366	0.0	0.0	0.0	0.0	0.0	89.59260015414863	0.0	20.85576844142894	0.0	0.0	0.0	0.0	0.0	0.0
GSM4138114_HNSCC_3_PBMC_CTCAGAAGTCAGTGGA	0.0	61.43965976712635	49.6320712524638	0.0	0.0	0.0	0.0	0.0	0.0	0.0	0.0	33.15629951641742	0.0	0.0	0.0	61.83947741812813	0.0	0.0	0.0	83.49819533944391	0.0	0.0	71.23122713154319	0.0	0.0	0.0	0.0	0.0	0.0	0.0	0.0	0.0	0.0	0.0	0.0
GSM4138114_HNSCC_3_PBMC_CTCATTACATCGGTTA	0.0	0.0	0.0	0.0	26.292367429999658	0.0	1.7379520077386754	51.47771857074694	87.98069789204727	0.0	85.78496570150286	0.0	11.140436016434265	3.270671289399109	0.0	0.0	0.0	56.113454520310995	51.58163103775265	0.0	0.0	0.0	0.0	0.0	0.0	0.0	0.0	0.0	0.0	0.0	0.0	0.0	0.0	7.265486642813547	5.105373547934073
GSM4138114_HNSCC_3_PBMC_CTCATTATCGGAGCAA	0.0	50.79942496795339	0.0	12.715613551850884	0.0	0.0	73.5204687446518	0.0	33.45320265942004	0.0	0.0	0.0	44.33019996816181	0.0	0.0	0.0	39.372860727848476	0.0	0.0	0.0	3.250016223833935	93.30829524515262	0.0	0.0	0.0	0.0	0.0	0.0	0.0	19.341879371109744	0.0	0.0	0.0	0.0	0.0
GSM4138114_HNSCC_3_PBMC_CTGCTGTAGGACGAAA	0.0	20.18896752806165	100.01782843573245	0.0	12.338455082906641	40.09812927733079	0.0	0.0	0.0	0.0	0.0	73.12352184809275	0.0	23.340505097504572	118.78126394422097	0.0	0.0	0.0	0.0	0.0	0.0	0.0	83.86161380805129	0.0	0.0	0.0	0.0	0.0	0.0	0.0	0.0	0.0	0.0	0.0	0.0
GSM4138114_HNSCC_3_PBMC_CTGTTTAGTAAGTGTA	0.0	52.43626631979255	73.14928273938781	0.0	0.0	48.07587546092661	26.538530012260793	0.0	0.0	25.494189719691356	0.0	0.0	0.0	0.0	0.0	8.940204194915163	68.5824914863389	0.0	0.0	73.57895500616317	0.0	0.0	1.7320942346587649	10.479954533597029	0.0	0.0	0.0	0.0	0.0	0.0	0.0	0.0	0.0	0.0	0.0
GSM4138114_HNSCC_3_PBMC_GAAATGACAGCTTAAC	51.01907845685029	0.0	0.0	38.175050410154014	65.17355330777475	53.11082588739676	0.0	0.0	0.0	29.96839762788504	0.0	0.0	0.0	0.0	0.0	0.0	0.0	0.0	0.0	0.0	0.0	0.0	0.0	0.0	101.19685188968306	10.16238528229203	0.0	0.0	0.0	0.0	0.0	0.0	0.0	0.0	0.0
GSM4138114_HNSCC_3_PBMC_GACCTGGGTTAAAGTG	0.0	0.0	22.967643999876653	0.0	25.069506274378792	0.0	0.0	0.0	47.64005448776682	69.82873937837415	53.420848700412	0.0	0.0	0.0	58.14620069067052	2.063468577237555	0.0	0.0	0.0	0.0	0.0	16.29376912432703	0.0	0.0	0.0	10.715965899428793	0.0	0.0	0.0	0.0	0.0	0.0	0.0	0.0	0.0
GSM4138114_HNSCC_3_PBMC_GATCAGTTCATCTGCC	92.22600290255082	0.0	74.72835639625922	0.0	81.8593383499449	0.0	0.0	0.0	0.0	0.0	0.0	0.0	0.0	54.29256352902593	31.994339640742815	0.0	0.0	27.68602314853497	0.0	0.0	0.0	0.0	0.0	0.0	0.0	0.0	68.79747863090601	0.0	0.0	0.0	0.0	0.0	0.0	0.0	0.0
GSM4138114_HNSCC_3_PBMC_GATCGATTCGCCAAAT	61.47049730806714	79.5146897554063	0.0	40.92184818738139	0.0	98.36523776551185	0.0	0.0	10.744152773023357	66.96599432593139	0.0	0.0	0.0	106.43527460741534	0.0	0.0	2.9780429354704983	0.0	0.0	0.0	0.0	0.0	0.0	0.0	0.0	0.0	0.0	0.0	0.0	0.0	0.0	0.0	0.0	0.0	0.0
GSM4138114_HNSCC_3_PBMC_GATCGTACATGCCCGA	35.56360270610395	0.0	148.06316940725247	0.0	87.05843693071222	0.0	0.0	0.0	0.0	29.657401087353566	0.0	0.0	0.0	0.0	58.26798615520714	0.0	0.0	0.0	0.0	0.0	0.0	0.0	0.0	0.0	2.4245378115325864	0.0	0.0	0.0	0.0	0.0	0.0	53.499113258093296	0.0	0.0	0.0
GSM4138114_HNSCC_3_PBMC_GATCTAGGTCTTGATG	63.065599039078485	0.0	44.02022980859152	0.0	87.29184852511969	2.2989137934655854	0.0	64.12705192840099	0.0	0.0	3.8235497454942995	9.433108114491628	0.0	0.0	13.170575365802057	44.021994985864765	0.0	0.0	0.0	0.0	0.0	0.0	9.598587885123253	0.0	0.0	0.0	0.0	0.0	0.0	0.0	63.49076348986564	0.0	0.0	0.0	0.0
GSM4138114_HNSCC_3_PBMC_GCAAACTCAAACAACA	0.0	0.0	54.30483448494206	0.0	34.86407686386226	0.0	0.0	0.0	17.606296646498404	0.0	0.0	68.30445824445619	87.35352901677726	0.0	0.0	0.0	0.0	46.595227098176615	76.84906064847705	0.0	44.16229851590533	0.0	0.0	0.0	0.0	0.0	0.0	0.0	0.0	0.0	0.0	0.0	0.0	0.0	0.0
GSM4138114_HNSCC_3_PBMC_GCAAACTGTTCTGTTT	0.0	143.15028655220493	0.0	34.84088641015677	0.0	46.50173612498721	5.073883536687102	0.0	0.0	0.0	48.99883537362062	0.0	92.68807792941907	0.0	0.0	0.0	0.0	0.0	0.0	0.0	0.0	0.0	0.0	0.0	0.0	0.0	52.42674208697353	0.0	0.0	0.0	0.0	0.0	0.0	0.0	0.0
GSM4138114_HNSCC_3_PBMC_GCACATATCAGGCGAA	0.0	108.07168855804605	115.01045376587052	0.0	0.0	92.76746008617484	72.4014441568112	78.63115951887546	0.0	0.0	59.04378909726927	0.0	0.0	0.0	100.87501511391675	25.031860389500434	14.379068033577328	0.0	0.0	0.0	0.0	0.0	0.0	0.0	0.0	0.0	0.0	0.0	0.0	0.0	0.0	0.0	0.0	0.0	0.0
GSM4138114_HNSCC_3_PBMC_GCATGATCAGCTGTGC	69.12182024534113	0.0	0.0	86.59479249653909	10.153385350515316	0.0	0.0	0.0	0.0	0.0	0.0	0.0	0.0	0.0	0.0	0.0	0.0	27.666017350129444	0.0	0.0	0.0	0.0	0.0	0.0	12.77961308385452	0.0	95.14982176413592	0.0	0.0	0.0	0.0	0.0	0.0	0.0	0.0
GSM4138114_HNSCC_3_PBMC_GCGACCACAGGGTACA	0.0	89.96577275136455	0.0	29.370306196543343	0.0	0.0	0.0	0.0	0.0	0.0	0.0	57.142387255523026	0.0	99.42196795907753	0.0	31.618118612466233	0.0	0.0	0.0	0.0	0.0	0.0	62.252052080671824	5.66477061788686	0.0	0.0	0.0	0.0	0.0	0.0	0.0	0.0	0.0	0.0	0.0
GSM4138114_HNSCC_3_PBMC_GCGCAACTCGTTGCCT	0.0	0.0	0.0	42.94763848251601	57.78645319214713	0.0	0.0	26.186466527359897	0.0	72.07471187512321	0.0	9.701781556736561	0.0	0.0	22.574652470632675	0.0	35.716679458317245	20.923994534568543	0.0	0.0	0.0	4.391081841050746	0.0	0.0	0.0	0.0	0.0	0.0	0.0	0.0	0.0	0.0	0.0	0.0	0.0
GSM4138114_HNSCC_3_PBMC_GCGCCAACAAGGCTCC	55.86898432885413	66.26921697767422	0.0	123.69289107761917	3.4894068397590674	0.0	0.0	21.06114390273747	0.0	0.0	0.0	0.0	0.0	0.0	0.0	4.92487937102767	0.0	0.0	0.0	0.0	0.0	66.41668246958298	54.40311627144934	0.0	61.93776510039094	12.576667908007174	0.0	0.0	0.0	0.0	0.0	0.0	0.0	0.0	0.0
GSM4138114_HNSCC_3_PBMC_GCTCTGTAGTGTCTCA	88.76020501012835	0.0	0.0	0.0	78.71329113892786	0.0	10.359138874907899	0.0	99.41799535632238	0.0	0.0	0.0	0.0	0.0	89.58081383051929	0.0	0.0	95.26193122863447	0.0	0.0	0.0	0.0	0.0	0.0	0.0	0.0	0.0	0.0	0.0	0.0	0.0	0.0	0.0	0.0	0.0
GSM4138114_HNSCC_3_PBMC_GCTGCTTAGATAGTCA	81.00231817254583	82.24974015393505	0.0	26.509511622559195	0.0	0.0	33.197772358103485	131.90391905978933	34.42350921910858	0.0	0.0	0.0	0.0	0.0	0.0	0.0	7.645321115320652	42.92961162469894	27.31963802024569	0.0	0.0	0.0	0.0	0.0	0.0	0.0	0.0	0.0	0.0	0.0	0.0	0.0	0.0	0.0	0.0
GSM4138114_HNSCC_3_PBMC_GGATGTTAGCTACCTA	0.0	0.0	94.8094069198883	0.0	83.29266153241477	0.0	0.0	0.0	0.0	74.681369119022	0.0	181.7170459926482	70.16469175683814	0.0	0.0	0.0	0.0	88.42012168116416	0.0	0.0	0.0	0.0	0.0	24.665356462803537	0.0	0.0	0.0	0.0	0.0	0.0	0.0	0.0	0.0	0.0	0.0
GSM4138114_HNSCC_3_PBMC_GGCCGATAGCACCGTC	71.63058884559725	0.0	0.0	62.097261151998836	88.4031593067193	0.0	102.64409325467581	0.0	0.0	0.0	0.0	0.0	0.0	0.0	75.40699648525421	86.55208195142778	0.0	0.0	3.314702683071806	0.0	0.0	0.0	0.0	0.0	0.0	0.0	0.0	0.0	0.0	0.0	0.0	0.0	0.0	0.0	0.0
GSM4138114_HNSCC_3_PBMC_GGCGTGTGTCCCTTGT	32.94863667449651	0.0	88.73395295333151	0.0	69.10880330084152	24.437646299898336	0.0	0.0	0.0	0.0	50.18719775528228	0.0	100.7799412306592	0.0	0.0	0.0	0.0	0.0	16.89870074343712	0.0	0.0	0.0	21.696119227957695	0.0	0.0	0.0	0.0	0.0	36.17536355280202	0.0	0.0	0.0	0.0	0.0	0.0
GSM4138114_HNSCC_3_PBMC_GGGCACTTCAGCTCTC	0.0	0.0	85.29901927668512	1.0522041741838424	53.36872679820409	0.0	0.0	0.0	0.0	43.3172564322095	31.07134641888126	25.471831425049047	0.0	31.059828267984194	0.0	98.06138954852085	0.0	0.0	0.0	0.0	0.0	0.0	0.0	64.97860908853592	0.0	0.0	0.0	0.0	0.0	0.0	0.0	0.0	0.0	0.0	0.0
GSM4138114_HNSCC_3_PBMC_GTAGGCCTCAAAGTAG	0.0	0.0	0.0	18.30314741600231	58.02566160461109	0.0	0.0	81.63702684678172	0.0	54.460350561135826	0.0	121.46227692735145	0.0	0.0	0.0	51.738501767360724	0.0	0.0	0.0	0.0	0.0	0.0	0.0	0.0	5.039192638895495	0.0	0.0	0.0	0.0	0.0	0.0	0.0	0.0	0.0	0.0
GSM4138114_HNSCC_3_PBMC_GTATCTTAGCTAAACA	50.97097873366132	35.08064978261154	0.0	0.0	0.0	0.0	77.7934511472414	0.0	67.9748904804778	0.0	0.0	0.0	0.0	83.19196399694064	0.0	0.0	0.0	0.0	0.0	0.0	50.699090600136024	0.0	0.0	0.0	0.0	0.0	0.0	0.0	0.5662687876917926	0.0	2.445042071863104	0.0	0.0	0.0	0.0
GSM4138114_HNSCC_3_PBMC_GTCTCGTCATCTCCCA	35.87528367623908	0.0	0.0	0.0	28.59547219059672	30.998918014022195	0.0	0.0	126.05233469422168	0.0	8.574018721131619	0.0	0.0	0.0	91.90828854383302	0.0	36.72021063538217	0.0	0.0	0.0	0.0	0.0	0.0	0.0	0.0	0.0	0.0	0.0	0.0	0.0	63.6974641350238	0.0	0.0	0.0	0.0
GSM4138114_HNSCC_3_PBMC_GTGTGCGGTTCGCTAA	89.76417262098978	42.98283113683074	60.78799869454638	0.0	21.547582850146675	0.0	74.64969270369	43.710408318673885	0.0	0.0	0.0	0.0	0.0	0.0	0.0	0.0	0.0	50.0407171833684	0.0	0.0	0.0	0.0	0.0	0.0	0.0	38.08183213442208	0.0	0.0	0.0	0.0	0.0	0.0	0.0	0.0	0.0
GSM4138114_HNSCC_3_PBMC_GTTACAGAGAGCTGCA	48.61430086203066	0.0	0.0	85.70845125218182	95.98658519242912	0.0	0.0	0.0	0.0	0.0	0.0	0.0	0.0	1.8438243317220084	75.52388472042692	38.84212539569237	0.0	0.0	35.627718601593095	0.0	0.0	0.0	0.0	0.0	0.0	0.0	0.0	0.0	0.0	0.0	0.0	0.0	0.0	0.0	0.0
GSM4138114_HNSCC_3_PBMC_GTTCATTAGCTACCTA	0.0	0.0	29.571312139800106	0.0	77.7375982972557	100.5858640545703	0.0	0.0	0.0	0.0	0.0	0.0	0.0	64.32328069857732	0.0	0.0	51.339398207615645	0.0	0.0	0.0	0.0	0.0	76.00037679066055	10.310858335734256	0.0	0.0	0.0	0.0	0.0	0.0	0.0	0.0	0.0	0.0	0.0
GSM4138114_HNSCC_3_PBMC_TAAGTGCAGTTCGCAT	69.19482004750137	0.0	0.0	0.0	54.14692243438573	0.0	0.0	0.0	42.06640986534484	71.97631782023008	0.0	0.0	0.0	0.0	0.0	85.62553767762552	0.0	0.0	0.0	0.0	0.0	0.0	0.0	0.0	0.16586224737707095	0.0	0.0	24.96116488495664	0.0	0.0	0.0	0.0	5.672003631153168	0.0	0.0
GSM4138114_HNSCC_3_PBMC_TACTTGTCAAGCGAGT	39.910543875627816	64.41213857567854	42.684573369085555	0.0	15.363694057057339	0.0	0.0	0.0	20.868193719830263	34.62678611739805	0.0	0.0	0.0	0.0	4.112480384832213	0.0	30.637858397134753	0.0	0.0	0.0	32.35908598667863	0.0	0.07332733725543868	0.0	66.24688033664212	0.0	0.0	0.0	0.0	0.0	0.0	0.0	0.0	0.0	0.0
GSM4138114_HNSCC_3_PBMC_TAGACCATCCGGGTGT	0.0	97.58290327042144	0.0	59.30184195390151	0.0	11.546784829305055	0.0	0.0	0.0	61.49532130111406	79.733648394517	0.0	70.9055322418201	0.0	0.0	0.0	0.0	0.0	0.0	0.0	0.0	0.0	0.0	0.0	0.0	19.294560629051333	0.0	0.0	0.0	0.0	0.0	0.0	0.0	4.030821162827692	0.0
GSM4138114_HNSCC_3_PBMC_TAGGCATAGCCACGCT	131.62938006448007	208.67454033881958	191.2344134035705	0.0	0.0	0.0	180.85392166753616	0.0	0.0	0.0	41.90115908108233	0.0	0.0	17.610341276836213	0.0	0.0	9.882198347611792	0.0	0.0	0.0	0.0	186.81293593245707	0.0	0.0	0.0	0.0	0.0	211.82718356456175	0.0	125.08820684498839	0.0	0.0	0.0	0.0	0.0
GSM4138114_HNSCC_3_PBMC_TATTACCAGTGACTCT	83.6829128904349	66.2291297932409	0.0	0.0	0.0	37.096577517247695	0.0	0.0	82.1688686753824	0.0	0.0	0.0	99.52506434222475	0.0	0.0	0.0	0.0	0.0	0.0	0.0	0.0	0.0	0.0	0.0	0.0	0.0	0.0	0.0	0.0	0.0	52.87080699280207	0.0	0.0	0.0	0.0
GSM4138114_HNSCC_3_PBMC_TCAACGACAGACACTT	46.82419348714048	51.07248354774346	64.19792767860015	21.692354197716902	0.0	0.0	0.0	0.0	0.0	0.0	0.0	0.0	0.0	55.90112344745901	0.0	0.0	0.0	84.70027950165152	60.950512156575996	0.0	0.0	0.0	0.0	11.572914638758666	0.0	0.0	0.0	0.0	0.0	0.0	0.0	0.0	0.0	0.0	0.0
GSM4138114_HNSCC_3_PBMC_TCAGGATTCCGTTGTC	0.0	60.24327337683694	0.0	60.893085675638254	5.509362803701251	0.0	0.0	0.0	0.0	0.0	0.0	0.0	0.0	33.949251858763226	0.0	0.0	62.50611111390378	0.0	0.0	0.0	29.79579296796046	0.0	0.0	0.0	0.0	0.0	0.0	0.0	0.0	0.0	89.1283403361392	0.0	0.0	0.0	0.0
GSM4138114_HNSCC_3_PBMC_TCATTTGGTTCCCGAG	81.84095409401885	0.0	0.0	55.5832860036822	42.76149489617694	57.89615211785807	24.49483265230094	0.0	0.0	0.0	0.0	0.0	0.0	66.67192898861195	0.0	0.0	0.0	0.0	0.0	0.0	0.0	0.0	0.0	0.0	0.0	0.0	0.0	0.0	0.0	0.0	0.0	0.0	0.0	0.0	0.0
GSM4138114_HNSCC_3_PBMC_TCGAGGCGTACTCTCC	0.0	0.0	0.0	0.0	67.6220516859204	6.60340409936542	0.0	0.0	79.47958588433643	52.7477957865274	4.473942689660793	4.826595012992696	0.0	14.717401411517882	0.0	15.774785470239383	62.00004923585721	0.0	9.112788213157257	0.0	0.0	0.0	0.0	53.91639544553162	0.0	0.0	0.0	0.0	0.0	0.0	0.0	0.0	0.0	0.0	0.0
GSM4138114_HNSCC_3_PBMC_TCGCGAGTCTATCCTA	89.4669028703679	79.49603972109803	0.0	118.28949129992283	0.0	41.12211980920409	0.0	0.0	4.881574058949156	72.91691461457805	0.0	0.0	73.56721007155089	9.098748514988449	0.0	44.75801617822803	0.0	39.722148653267205	0.0	0.0	0.0	0.0	0.0	0.0	0.0	0.0	0.0	0.0	0.0	0.0	0.0	0.0	0.0	0.0	0.0
GSM4138114_HNSCC_3_PBMC_TCTGGAAGTGTAAGTA	53.33972106545681	37.05811173901092	16.835144903339838	0.0	0.0	54.18483764840946	0.0	0.0	71.87174217799321	59.90433719866198	0.0	0.0	73.13086013130349	0.0	0.0	0.0	0.0	0.0	0.0	0.0	0.0	0.0	0.0	0.0	0.0	0.0	0.0	0.0	0.0	0.0	0.0	0.0	0.0	0.0	0.0
GSM4138114_HNSCC_3_PBMC_TGACTAGTCTGAAAGA	26.149300527514512	0.0	0.0	61.93325201496609	59.7834266576634	11.854541244600838	31.29901368746446	0.0	10.55036929008867	0.0	19.745821373390047	3.767813196989879	0.0	86.44908995881	0.0	16.55643135198339	0.0	0.0	0.0	0.0	0.0	0.0	14.12709135612848	0.0	0.0	0.0	0.0	0.0	0.0	0.0	0.0	0.0	0.0	0.0	0.0
GSM4138114_HNSCC_3_PBMC_TGACTTTCAATGGAAT	30.10768352023613	0.0	41.84053545528667	0.0	48.654743301978144	0.0	0.0	0.0	0.0	0.0	0.0	0.0	28.7263463465192	0.0	0.0	0.0	6.759126286930172	0.0	21.12647751132896	0.0	55.559986527277616	0.0	0.0	0.0	0.0	0.0	0.0	0.0	0.0	25.887719303287934	0.0	0.0	0.0	1.0816549566877567	0.0
GSM4138114_HNSCC_3_PBMC_TGAGAGGGTCCGAATT	0.0	58.69665425350961	0.0	144.53872588153178	0.0	0.0	0.0	0.0	0.0	67.33431343804835	0.0	62.75333835623717	0.0	1.6902226446904842	0.0	87.60178780180478	0.0	0.0	0.0	0.0	0.0	0.0	0.0	103.98381795277969	0.0	0.0	0.0	0.0	0.0	0.0	0.0	0.0	0.0	0.0	0.0
GSM4138114_HNSCC_3_PBMC_TGAGCCGGTACAGCAG	0.0	46.38721686545064	73.11987308790428	0.0	0.0	3.701893416356895	28.61833869683583	0.0	35.02918151689047	0.0	0.0	0.0	0.0	155.22026555921485	0.0	49.53937270692237	119.6351140399003	0.0	0.0	0.0	0.0	0.0	0.0	0.0	0.0	0.0	0.0	0.0	0.0	0.0	0.0	0.0	0.0	0.0	0.0
GSM4138114_HNSCC_3_PBMC_TGAGGGAAGGGTGTGT	37.31213162501443	0.0	109.0965698385511	0.0	132.04455433168874	17.122469294637817	0.0	0.0	0.0	0.0	0.0	0.0	0.0	133.7074624500574	0.0	175.91477550265878	37.80015519500385	0.0	0.0	0.0	0.0	0.0	0.0	0.0	0.0	0.0	20.255644563819995	0.0	0.0	0.0	0.0	0.0	0.0	0.0	0.0
GSM4138114_HNSCC_3_PBMC_TGAGGGAGTAGCCTAT	0.0	33.781476599367096	0.0	6.322649601670348	0.0	0.0	26.419677255713008	0.0	68.98664501654639	0.0	26.45950965736322	32.71525432156194	0.0	0.0	0.0	0.0	0.0	53.433523832132344	0.0	0.0	0.0	0.0	1.0659025448084416	0.0	0.0	89.18830841100437	0.0	0.0	0.0	0.0	0.0	0.0	0.0	0.0	0.0
GSM4138114_HNSCC_3_PBMC_TGCGCAGAGGTAGCTG	0.0	103.1805679606662	0.0	31.856469435239912	0.0	60.86119807937742	0.0	0.0	0.0	49.3019630368974	66.53775838746247	0.0	0.0	0.0	102.48905641428233	0.0	0.0	0.0	0.0	0.0	0.0	0.0	0.0	0.0	0.0	0.0	0.0	0.0	0.0	0.0	0.0	0.0	0.0	0.0	0.0
GSM4138114_HNSCC_3_PBMC_TGGACGCGTTCCACAA	0.0	93.58462991550253	0.0	149.6912845362708	0.0	106.29955628205384	34.36259173926171	0.0	25.734936189074464	0.0	0.0	0.0	0.0	309.27184204454227	0.0	148.4802544507055	93.49129665891478	0.0	0.0	0.0	0.0	0.0	139.81030326973334	0.0	0.0	0.0	0.0	0.0	0.0	0.0	0.0	0.0	0.0	0.0	0.0
GSM4138114_HNSCC_3_PBMC_TTCTACAGTCTAGTGT	11.548493751695242	0.0	0.0	90.3773109385046	27.62742365607958	0.0	0.0	0.0	0.0	30.088085544622437	53.62632164917492	0.0	66.60780112220773	0.0	0.0	0.0	0.0	57.55935788745119	0.0	0.0	0.0	0.0	0.0	0.0	0.0	0.0	0.0	0.0	0.0	0.0	0.0	0.0	0.0	0.0	0.0
GSM4138114_HNSCC_3_PBMC_TTCTACATCTGCGTAA	0.0	131.46637291846847	45.137868329362256	0.0	0.0	102.21407715685336	0.0	0.0	0.0	0.0	3.693781570189462	114.67338824429198	0.0	0.0	0.0	0.0	0.0	0.0	0.0	0.0	0.0	0.0	0.0	0.0	0.0	0.0	55.952502307294026	162.5141644627194	0.0	0.0	0.0	0.0	0.0	0.0	0.0
GSM4138114_HNSCC_3_PBMC_TTCTCAAGTCAAGCGA	0.0	0.0	35.36996159819669	0.0	50.142330009683846	0.0	11.942734530728512	0.0	0.0	0.0	96.68312357652286	0.0	0.0	0.0	0.0	0.0	0.0	0.0	0.0	42.039706647476955	28.186710273710815	0.0	0.0	0.0	0.0	0.0	0.0	0.0	0.0	65.32225234454097	0.0	0.0	0.0	0.0	0.0
GSM4138114_HNSCC_3_PBMC_TTCTCAAGTTATGTGC	0.0	0.0	120.36345495033592	0.0	59.8396691050161	0.0	0.0	46.83519583676815	0.0	38.690875072886165	56.427754851977475	0.0	0.0	0.0	0.0	0.0	0.0	0.0	0.0	0.0	0.0	0.0	0.0	0.0	0.0	0.0	0.0	0.0	0.0	0.0	0.0	104.13242792715346	0.0	0.0	0.0
GSM4138114_HNSCC_3_PBMC_TTCTTAGAGGCTCTTA	0.0	0.0	44.615693088832714	0.0	53.069322774353125	0.0	65.42218920258604	0.0	18.088551729934917	0.0	0.0	69.84961412296171	0.0	0.0	31.12880294534577	29.57282159526998	0.0	0.0	0.0	0.0	0.0	0.0	0.0	20.727003776939082	0.0	0.0	0.0	0.0	0.0	0.0	0.0	0.0	0.0	0.0	0.0
GSM4138114_HNSCC_3_PBMC_TTTCCTCTCCTTTCTC	68.24169726310261	63.00974629224382	35.863448670075236	0.0	5.3312443747215115	4.1811621938756165	31.82659398419634	0.0	2.3690528200592746	0.0	0.0	0.0	0.0	0.0	0.0	0.0	0.0	0.0	0.0	0.0	63.5877839861679	0.0	0.0	36.20313962856868	0.0	0.0	0.0	0.0	0.0	0.0	0.0	0.0	0.0	0.0	0.0
GSM4138114_HNSCC_3_PBMC_TTTGTCACACGAAAGC	69.32327631212898	0.0	75.22073387132772	0.0	43.652298976063	0.0	0.0	0.0	0.0	0.0	0.0	0.0	0.0	7.498644278725674	2.232223363585169	0.0	0.0	0.0	0.0	37.70720582791391	0.0	0.0	28.3656182051612	0.0	18.20165469356563	0.0	22.24530205713741	0.0	116.45104156775894	0.0	13.685210865283326	0.0	0.0	0.0	0.0
GSM4138114_HNSCC_3_PBMC_TGTGTTTTCCCATTAT	108.42792177266618	0.0	0.0	0.0	77.43086472442252	0.0	0.0	0.0	87.0040598227898	0.0	0.0	0.0	0.0	0.0	303.1060638391425	0.0	0.0	228.5316233758657	29.466574010166518	0.0	0.0	0.0	0.0	0.0	0.0	0.0	0.0	0.0	0.0	0.0	0.0	0.0	0.0	0.0	0.0
GSM4138114_HNSCC_3_PBMC_AACCATGAGCTAAACA	108.52984698498747	0.0	49.833241519787606	0.0	44.981339811648205	28.8190392195473	0.0	90.59451481894902	13.426034452955122	68.67240173285303	0.0	0.0	0.0	0.0	0.0	0.0	0.0	0.0	0.0	0.0	0.0	0.0	0.0	0.0	0.0	0.0	0.0	0.0	0.0	0.0	0.0	0.0	0.0	0.0	0.0
GSM4138114_HNSCC_3_PBMC_AACTTTCCAGCCTTTC	102.33947868800132	58.64090603672504	0.0	0.0	0.0	0.0	0.0	0.0	58.080951213775776	0.0	0.0	0.0	0.0	0.0	12.732276641792211	0.0	0.0	0.0	72.116268053525	0.0	0.0	88.9317553373605	0.0	0.0	40.011144906809506	0.0	0.0	0.0	0.0	0.0	0.0	0.0	66.21606704456406	0.0	0.0
GSM4138114_HNSCC_3_PBMC_AAGGTTCGTAAATGAC	0.0	0.0	60.32880438942203	0.0	50.90448180205024	0.0	0.0	0.0	0.0	0.0	31.452717319937847	0.0	0.0	0.0	0.0	0.0	0.0	89.75400709722413	28.869739082519267	0.0	0.0	0.0	0.0	0.0	0.0	104.63062210861506	0.0	0.0	0.0	0.0	0.0	0.0	0.0	0.0	0.0
GSM4138114_HNSCC_3_PBMC_ACAGCCGCATCCCACT	26.835147439735636	73.95654992703554	70.92273596110456	13.50189106103471	0.0	0.0	71.12016164980383	137.17200919754364	57.03835628310443	0.0	41.427531805328705	18.34175711275285	0.0	0.0	0.0	0.0	0.0	57.06348566155689	0.0	0.0	0.0	26.459938314185862	0.0	0.0	0.0	0.0	0.0	0.0	0.0	0.0	0.0	0.0	0.0	0.0	0.0
GSM4138114_HNSCC_3_PBMC_ACATACGGTCACTGGC	77.6198960183109	46.48722692443256	39.900551078189444	0.0	0.2139740993183597	0.0	63.22370794978302	46.50641894155767	46.204352079564444	0.0	0.0	61.581440663649616	0.0	0.0	0.0	0.0	0.0	0.0	0.0	0.0	88.93794517598813	0.0	0.0	0.0	24.685785352812065	34.21741547424973	10.047427199033278	0.0	0.0	0.0	35.79090323785261	0.0	0.0	0.0	0.0
GSM4138114_HNSCC_3_PBMC_ACCCACTCATGGTCAT	0.0	0.0	0.0	0.0	59.512855882942446	0.0	38.97840627486476	0.0	70.18263083388729	17.178673701651476	53.61694094110745	0.0	0.0	0.0	75.27324900606605	20.22898183725889	0.0	35.6461746763987	0.0	0.0	0.0	37.40549967033143	0.0	0.0	0.0	15.926765729818678	0.0	0.0	0.0	0.0	0.0	0.0	0.0	0.0	0.0
GSM4138114_HNSCC_3_PBMC_ACGATGTGTACCATCA	89.03673367748958	0.0	162.49086800348684	0.0	63.48229114315424	0.0	0.0	104.2824144402221	0.0	25.316563357347484	0.0	0.0	0.0	0.0	0.0	0.0	0.0	73.82606915416521	0.0	0.0	0.0	0.0	73.29152997033995	0.0	21.484792601332646	0.0	0.0	0.0	0.0	0.0	0.0	0.0	0.0	0.0	0.0
GSM4138114_HNSCC_3_PBMC_ACGCCAGCACACTGCG	52.5159716390861	99.0299187144506	0.0	0.0	0.0	45.5259640525694	0.0	0.0	119.31947023533424	77.66230008840779	48.11358983715029	0.0	142.20602585546445	0.0	0.0	16.50732025640393	0.0	0.0	0.0	0.0	0.0	0.0	0.0	0.0	0.0	0.0	0.0	0.0	0.0	0.0	0.0	0.0	0.0	0.0	0.0
GSM4138114_HNSCC_3_PBMC_ACGGGTCGTTACGACT	119.37101506735515	34.22565229987576	49.414184009557005	0.0	0.0	0.0	0.0	0.0	0.0	30.345404330367234	0.0	0.0	0.0	0.0	38.80051954818865	0.0	0.0	33.64480365548642	0.0	0.0	0.0	0.0	0.0	0.0	32.681161048039776	0.0	0.0	0.0	0.0	0.0	0.0	0.0	0.0	0.0	0.0
GSM4138114_HNSCC_3_PBMC_ACGGGTCTCTGCCCTA	0.0	54.776650723846714	84.02955843960102	0.0	0.0	0.0	0.0	0.0	0.0	34.14832438984817	0.0	72.24306962211982	0.0	39.02064534336229	0.0	0.0	0.0	46.67273929212156	0.0	0.0	0.0	0.0	0.0	0.0	0.0	0.0	0.0	0.0	0.0	0.0	0.0	0.0	0.0	0.0	0.0
GSM4138114_HNSCC_3_PBMC_ACTTACTGTCATGCAT	0.0	19.868221012172246	12.034245583360992	0.0	0.0	13.744289437291396	0.0	0.0	63.501662133665214	0.0	0.0	0.0	0.0	0.0	0.0	0.0	37.971743898705576	28.95476566499591	65.89587328986194	102.81192221308214	0.0	0.0	0.0	0.0	0.0	0.0	0.0	0.0	0.0	0.0	0.0	0.0	0.0	0.0	0.0
GSM4138114_HNSCC_3_PBMC_ACTTGTTAGAGTAAGG	0.0	20.41933901350754	53.26137652645304	0.0	0.0	0.0	0.0	0.0	0.0	0.0	111.04655428300163	0.0	86.48815994636547	0.0	0.0	0.0	0.0	0.0	0.0	0.0	0.0	83.24421958235565	21.212269129717622	0.0	0.0	5.121738791472304	0.0	0.0	0.0	0.0	0.0	0.0	0.0	0.0	0.0
GSM4138114_HNSCC_3_PBMC_AGCGTCGCAACTGCGC	43.32017264582617	31.372459360972016	0.0	0.0	17.421060520189148	92.36285358162405	0.0	0.0	93.17909638405317	82.57789700585528	0.0	0.0	0.0	0.0	0.0	0.0	0.0	0.0	0.0	0.0	0.0	0.0	0.0	70.25582068266914	0.0	0.0	0.0	0.0	0.0	0.0	0.0	0.0	0.0	0.0	0.0
GSM4138114_HNSCC_3_PBMC_AGCTTGAAGGAGCGTT	0.0	43.13870641586197	35.93621419262776	0.0	0.0	68.7073137258757	27.27995420122792	0.0	0.0	0.0	0.968459355646628	0.0	0.0	0.0	0.0	0.0	71.36197910481185	0.0	0.0	106.2761623056776	0.0	0.0	0.0	0.0	0.0	0.0	0.0	0.0	0.0	0.0	0.0	0.0	0.0	0.0	0.0
GSM4138114_HNSCC_3_PBMC_AGGGATGCATCCGCGA	0.0	0.0	81.04763304208906	0.0	57.19539317294104	0.8553150192757709	0.0	0.0	0.0	49.54837583222569	63.586329205378796	0.0	0.0	0.0	0.0	0.0	0.0	62.38189276882668	0.0	0.0	0.0	0.0	0.0	0.0	127.20208728098326	0.0	0.0	0.0	0.0	0.0	0.0	0.0	0.0	0.0	0.0
GSM4138114_HNSCC_3_PBMC_AGGTCATAGTTGCAGG	0.0	78.13464289819602	76.99146819978134	0.0	0.0	0.0	0.0	0.0	35.318360472993305	117.84408109050275	0.0	131.87618707892372	45.54428029655403	0.0	0.0	0.0	0.0	0.0	0.0	0.0	48.21605929616634	0.0	0.0	0.0	0.0	0.0	0.0	0.0	0.0	39.9913144620917	0.0	0.0	0.0	0.0	0.0
GSM4138114_HNSCC_3_PBMC_AGGTCCGTCAGCTGGC	0.0	0.0	0.0	43.581200086107216	55.995248476662404	57.205788108148425	16.6243285857096	0.0	0.0	0.0	44.760781030144145	0.0	0.0	33.07736499469425	38.21451123318058	0.0	0.0	0.0	0.0	0.0	0.0	0.0	0.0	0.0	0.0	0.0	0.0	0.0	0.0	0.0	0.0	0.0	0.0	0.0	0.0
GSM4138114_HNSCC_3_PBMC_AGTGGGATCGATAGAA	71.89689474118906	0.0	4.433176606542357	0.0	41.04500525506967	0.0	0.0	0.0	102.17949256486772	0.0	0.0	6.76927335762647	0.0	0.0	0.0	0.0	6.8285151377035	0.0	0.0	11.029331244848846	47.28168903378664	0.0	0.0	0.0	0.0	0.0	95.55279054607905	110.56705042964644	3.879484525554947	0.0	0.0	0.0	1.4578828976089295	0.0	0.0
GSM4138114_HNSCC_3_PBMC_AGTGTCAAGTGTACTC	61.44268605732447	62.278882921750515	102.39149832752227	0.0	0.0	1.2941508648050326	51.43124234426201	0.0	0.0	0.0	0.0	0.0	0.0	0.0	32.478838738098986	38.11050243531593	0.0	0.0	0.0	0.0	0.0	0.0	0.0	62.931804612982255	0.0	0.0	0.0	0.0	0.0	0.0	0.0	0.0	0.0	0.0	0.0
GSM4138114_HNSCC_3_PBMC_ATAGACCAGTGACATA	0.0	76.67913861469525	176.20313951860425	0.0	0.0	0.0	0.0	0.0	0.0	0.0	82.45006081472008	18.796716396828252	0.0	2.7882665188200275	110.07655954557661	115.40258567346598	0.0	0.0	0.0	0.0	0.0	0.0	38.19388285037808	0.0	0.0	0.0	0.0	0.0	0.0	0.0	0.0	0.0	0.0	0.0	0.0
GSM4138114_HNSCC_3_PBMC_ATCACGAGTAAGTTCC	51.138543917244974	69.73430044394595	56.06149451302414	0.0	0.0	0.0	29.84573295834277	0.0	0.0	0.0	0.0	0.0	0.0	0.0	27.784480192929113	37.79038300456286	5.207377182889326	0.0	0.0	0.0	0.0	0.0	0.0	64.22870866777485	0.0	0.0	0.0	0.0	0.0	0.0	0.0	0.0	0.0	0.0	0.0
GSM4138114_HNSCC_3_PBMC_ATGGGAGTCACGCGGT	99.9186571440362	76.95784711647207	0.0	58.2858723106709	0.0	0.0	0.0	0.0	89.34357514469069	56.01600455590252	0.0	0.0	116.04166636146091	0.0	0.0	0.0	0.0	0.0	0.0	0.0	9.1703366235156	34.48807802308666	0.0	0.0	0.0	0.0	0.0	27.77491223821921	50.14412203569532	0.8718794405681844	0.0	0.0	0.0	0.0	0.0
GSM4138114_HNSCC_3_PBMC_ATTGGACTCTCTTATG	0.0	0.0	0.0	49.10436077082701	8.504734644013546	0.0	41.174026367458424	0.0	0.0	0.0	37.6917383899241	0.0	0.0	0.0	0.0	26.891831719717267	0.0	0.0	0.0	0.0	0.0	0.0	0.0	41.72288181347046	0.0	0.0	0.0	0.0	0.0	0.0	0.0	0.0	0.0	0.0	0.0
GSM4138114_HNSCC_3_PBMC_CAACCTCGTACATCCA	4.063834653414739	0.0	0.0	61.224142846782335	37.364492308757946	0.0	98.30345380864345	0.6584759353385061	0.0	0.0	69.44398205785883	0.0	0.0	104.5002333314108	0.0	54.38094646306601	0.0	0.0	0.0	0.0	0.0	0.0	0.0	0.0	0.0	0.0	0.0	0.0	0.0	0.0	0.0	0.0	0.0	0.0	0.0
GSM4138114_HNSCC_3_PBMC_CAACTAGCACAACGCC	0.0	54.559342299214954	47.40267737355538	1.0329648438926857	0.0	0.0	19.074001512301074	0.0	29.7592546985966	0.0	0.0	0.0	0.0	0.0	0.0	0.0	76.47074469488525	11.665931420224837	0.0	0.0	0.0	48.75681389082225	0.0	0.0	0.0	83.36374150954124	0.0	0.0	19.085985093858024	0.0	0.0	0.0	0.0	0.0	0.0
GSM4138114_HNSCC_3_PBMC_CAAGAAATCTATGTGG	82.66060982769926	16.623669137484054	56.026871891942854	0.0	4.13159397234174	59.23619734137069	0.0	18.789849851623643	0.0	52.466040007519425	0.0	0.0	0.0	0.0	65.9659191073685	0.0	0.0	0.0	0.0	0.0	0.0	0.0	0.0	0.0	0.0	0.0	0.0	0.0	0.0	0.0	0.0	0.0	0.0	0.0	0.0
GSM4138114_HNSCC_3_PBMC_CAAGATCCACCAGATT	89.94735117363162	73.56897888137378	0.0	35.41524986952902	0.0	49.93072077273429	0.0	0.0	65.49794403470354	4.9083418136063	0.0	0.0	0.0	59.63393989166453	9.92544604878748	0.0	0.0	0.0	33.971209595043895	0.0	0.0	0.0	0.0	0.0	0.0	0.0	0.0	0.0	0.0	0.0	23.992389792369245	0.0	0.0	0.0	0.0
GSM4138114_HNSCC_3_PBMC_CAGTAACAGCAACGGT	0.0	0.0	0.0	0.0	138.76941875469714	0.0	0.0	0.0	40.583685537211736	0.0	50.8471956596443	0.0	0.0	12.905789553245839	45.167351133816304	65.3990150738711	0.0	0.0	0.0	0.0	0.0	0.0	0.0	0.0	0.0	0.0	0.0	0.0	0.0	0.0	27.389949367317374	0.0	0.0	0.0	0.0
GSM4138114_HNSCC_3_PBMC_CATATGGCAAGTAGTA	0.0	85.35213852382927	104.12546671508323	0.0	0.0	31.726071163996423	65.23582432581883	0.0	0.0	0.0	0.0	9.387219389043144	0.0	0.0	89.02683018241433	30.202763689236686	90.22065857942567	0.0	0.0	0.0	0.0	0.0	0.0	0.0	51.84981354407885	0.0	0.0	0.0	0.0	0.0	0.0	0.0	0.0	0.0	0.0
GSM4138114_HNSCC_3_PBMC_CATATGGGTACGAAAT	64.46949713415466	8.180096715001755	0.0	80.20347319340476	68.0302977458993	83.09717786560877	0.0	0.0	0.0	0.0	0.0	0.0	0.0	0.0	29.62609810060279	0.5245202428491563	0.0	0.0	61.15239597792546	0.0	0.0	0.0	0.0	0.0	0.0	0.0	0.0	0.0	0.0	0.0	0.0	0.0	0.0	0.0	0.0
GSM4138114_HNSCC_3_PBMC_CATCCACTCGCATGGC	100.49132409452585	69.30954145837988	136.00544488144646	0.0	0.0	48.244405174969444	7.0343486775732815	0.0	0.0	56.623119898961384	0.0	0.0	0.0	0.0	0.0	34.56535668519667	0.0	0.0	0.0	0.0	0.0	0.0	0.42468856171578884	0.0	0.0	0.0	0.0	116.13822023265611	0.0	0.0	0.0	0.0	0.0	0.0	0.0
GSM4138114_HNSCC_3_PBMC_CCAGCGATCACAATGC	83.15659016156789	73.41574419440167	14.401301381901211	93.24065794421203	0.0	0.0	70.72996446721216	0.0	0.0	0.0	0.0	0.0	0.0	0.0	0.0	0.0	0.0	57.113062727281346	0.0	68.13011525074687	0.0	0.0	0.0	0.0	0.0	0.0	0.0	28.11814186017082	0.0	6.71945789131912	0.0	0.0	0.0	0.0	0.0
GSM4138114_HNSCC_3_PBMC_CCCATACGTTTGGGCC	76.44313826271663	122.91347473623041	26.906328669601297	0.0	0.0	131.6190581085782	0.0	118.99179982241552	43.83490817588879	58.01999380408837	0.0	0.0	0.0	0.0	0.0	0.0	0.0	0.0	0.0	0.0	0.0	0.0	0.0	0.0	0.0	0.0	0.0	0.0	0.0	0.0	0.0	0.0	0.0	0.0	0.0
GSM4138114_HNSCC_3_PBMC_CCGGGATTCAGCTCGG	0.0	40.200183728252085	0.0	91.54780310223394	0.0	62.04862191918908	0.0	0.0	0.0	0.0	0.0	70.68928037064043	0.0	0.0	48.66497115041577	0.0	22.080012368911113	0.0	33.4901663665875	0.0	0.0	0.0	10.369585932632756	0.0	0.0	0.0	0.0	0.0	0.0	0.0	0.0	0.0	0.0	0.0	0.0
GSM4138114_HNSCC_3_PBMC_CCGGTAGAGGACAGAA	0.0	202.66742692752933	126.9963483287854	54.390905814473534	0.0	0.0	119.11717395567035	195.67341223361672	0.0	0.6648151976470619	0.0	0.0	0.0	0.0	0.0	105.24678484909953	167.9744563265845	0.0	0.0	0.0	0.0	0.0	0.0	0.0	0.0	0.0	0.0	0.0	0.0	0.0	0.0	0.0	0.1260752094847847	0.0	1.2905219395547098
GSM4138114_HNSCC_3_PBMC_CCGGTAGCAGCATGAG	0.0	0.0	0.0	0.0	36.04859616102343	10.833539403682458	0.0	0.0	131.09143264623657	51.2127525674069	93.44950705946238	0.0	0.0	0.0	0.0	0.0	0.0	4.189505608547082	0.0	0.0	0.0	0.0	0.0	0.0	80.6684009613759	0.0	0.0	0.0	12.391081131197785	0.0	0.0	0.0	0.0	0.0	0.0
GSM4138114_HNSCC_3_PBMC_CCGTACTCATCGATGT	37.472214355630705	48.169756255428936	4.555769784032495	38.48833422002129	0.0	9.128151384924378	0.0	0.0	0.0	0.0	23.973024754033514	0.0	0.0	101.93651182822579	13.180615737228665	0.0	0.0	30.23771696112866	42.22231887636206	0.0	0.0	0.0	0.0	0.0	0.0	0.0	0.0	0.0	0.0	0.0	0.0	0.0	0.0	0.0	0.0
GSM4138114_HNSCC_3_PBMC_CCTATTAGTCCAAGTT	0.0	34.22259945507231	0.0	29.011647736923685	0.0	0.0	14.315135725929023	10.539615778675275	17.114821636187216	30.569494216262147	30.441343996534094	0.0	0.0	0.0	0.0	0.0	0.0	0.0	0.0	0.0	0.0	62.02204112080198	0.0	0.0	45.80455183955293	5.137107512656274	0.0	0.0	0.0	0.0	0.0	0.0	0.0	0.0	0.0
GSM4138114_HNSCC_3_PBMC_CCTTCGAGTGGCTCCA	0.0	14.049556664273714	48.26954885539632	0.0	63.56784241064475	34.798631436809416	0.0	0.0	26.27692736475742	0.0	0.0	136.4294448056133	0.0	44.59321228903694	0.0	16.467211200392494	0.0	0.0	40.53457650772115	0.0	0.0	0.0	0.0	0.0	0.0	0.0	0.0	0.0	0.0	0.0	0.0	0.0	0.0	0.0	0.0
GSM4138114_HNSCC_3_PBMC_CCTTTCTCAAAGGCGT	0.0	76.79456894482666	91.68919289195874	0.0	16.02341821829268	109.56000810024828	29.22176851101745	0.0	0.0	0.0	0.0	86.51007053264276	0.0	92.3163293667278	0.0	0.0	0.0	0.0	0.0	0.0	0.0	0.0	0.0	5.124685022295695	0.0	0.0	0.0	0.0	0.0	0.0	0.0	0.0	0.0	0.0	0.0
GSM4138114_HNSCC_3_PBMC_CGAGAAGAGTGCGTGA	0.0	39.27548266938169	0.9029644250205549	0.0	0.0	0.8108747079676448	52.46843249950961	0.0	70.60178318136195	0.0	0.0	68.43675364333467	0.0	0.0	75.39024926011096	34.53466929380306	0.0	0.0	0.0	0.0	0.0	0.0	0.0	0.0	0.0	0.0	0.0	0.0	0.0	0.0	0.0	0.0	0.0	0.0	0.0
GSM4138114_HNSCC_3_PBMC_CGATGTAAGGACTGGT	0.0	0.0	0.0	34.766769919580646	28.407700403221305	0.0	0.0	11.482885184363658	33.70778942732527	89.8397485935203	0.0	159.0038460250818	0.0	0.0	0.0	0.0	0.0	22.51146328484552	0.0	0.0	0.1449101232678272	32.96079574749965	0.0	0.0	33.868678925542646	22.199049045265916	0.0	0.0	0.0	0.0	0.0	0.0	0.0	0.0	0.0
GSM4138114_HNSCC_3_PBMC_CGGACACGTGACCAAG	58.06183712417897	81.13542993406426	107.51306074461365	0.0	0.0	0.0	0.0	40.0116070445051	0.0	0.0	0.0	26.65419545059658	0.0	0.0	0.0	0.0	0.0	0.0	60.665182394815645	0.0	56.931370256841696	0.0	0.0	0.0	66.79809207342863	0.0	0.0	0.0	0.0	0.0	0.0	0.0	0.0	0.0	0.0
GSM4138114_HNSCC_3_PBMC_CGGACTGGTTCTGTTT	123.02277441009579	11.095300130955373	32.317934202557474	39.07784076174469	28.478835458911664	0.0	31.473855977508286	0.0	0.0	0.0	0.0	0.0	0.0	30.87600292105047	0.0	0.0	0.0	24.01575369572973	0.0	21.29010425395414	0.0	0.0	21.581834685021843	29.41218140253057	0.0	0.0	0.0	0.0	0.0	0.0	0.0	0.0	0.0	0.0	0.0
GSM4138114_HNSCC_3_PBMC_CGGGTCACATCTATGG	39.6076223950657	97.9783394546507	25.518394161908404	0.0	0.0	0.0	0.0	0.0	5.0746897859700795	0.0	0.0	0.0	0.0	48.98607004358352	0.0	0.0	0.0	0.0	0.0	0.0	29.808531289399507	0.0	52.212471407227014	0.0	0.0	0.0	0.0	0.0	0.0	0.0	0.0	0.0	0.0	0.0	0.0
GSM4138114_HNSCC_3_PBMC_CGTGTCTTCATGCTCC	0.0	71.58201143272701	63.441263452581914	37.24381032922794	0.0	0.0	0.0	0.0	0.8174209160046434	17.76186131438724	92.4994942394694	0.0	96.954907154417	0.0	0.0	0.43835590728433865	0.0	44.44025981619868	81.2022186828008	0.0	0.0	0.0	0.0	0.0	0.0	0.0	0.0	0.0	0.0	0.0	0.0	0.0	0.0	0.0	0.0
GSM4138114_HNSCC_3_PBMC_CTAACTTGTGGCAAAC	80.52325486386223	38.89637980860478	0.0	44.544282526723	0.0	0.0	43.321072160788795	7.115092136070326	48.0346703315048	22.774309522092935	0.0	0.0	0.0	0.0	0.0	42.89465756561296	0.0	0.0	2.7867803918681693	0.0	0.0	0.0	0.0	0.0	0.0	171.05086653626336	0.0	0.0	0.0	0.0	0.0	0.0	0.0	0.0	0.0
GSM4138114_HNSCC_3_PBMC_CTAACTTTCAGCTGGC	31.125596713712778	0.0	28.427400554958847	58.43798770670344	50.438391084474866	0.0	26.731398714482967	0.0	0.0	0.0	0.0	0.0	0.0	0.0	94.99710748152141	0.0	55.8007960323236	0.0	0.0	0.0	134.51043006065356	0.0	54.04535947847222	0.0	0.0	0.0	0.0	0.0	0.0	0.0	0.0	0.0	0.0	0.0	0.0
GSM4138114_HNSCC_3_PBMC_CTCGAAACAAGGACAC	0.0	149.69098881354134	81.95586401746736	0.0	0.0	48.27918248111093	0.0	0.0	0.0	95.46408038709485	0.0	98.96195549833527	0.0	48.62090198510023	0.0	25.76551308120877	0.0	0.0	0.0	0.0	0.0	0.0	0.0	73.57478597783738	0.0	0.0	0.0	0.0	0.0	0.0	0.0	0.0	0.0	0.0	0.0
GSM4138114_HNSCC_3_PBMC_CTCTACGAGTGCGTGA	57.297238496312055	0.0	0.0	72.43712425433117	30.43660157612211	48.66230175219804	0.0	0.0	0.0	0.0	0.0	0.0	0.0	26.651169709398673	0.0	0.0	0.0	0.0	0.0	0.0	0.0	0.0	47.75845430850021	23.786115499948927	0.0	0.0	0.0	0.0	0.0	0.0	0.0	0.0	0.0	0.0	0.0
GSM4138114_HNSCC_3_PBMC_CTGAAGTAGAAACCGC	0.0	71.38621869389561	0.0	67.4613788242642	0.0	48.30549404017152	0.0	65.0653846165067	0.0	91.00829993960784	50.84649787865703	0.0	0.0	0.0	0.0	0.0	0.0	0.0	0.0	0.0	0.0	0.0	0.0	0.0	0.0	0.0	0.0	0.0	0.0	0.0	0.0	0.0	0.0	0.0	0.0
GSM4138114_HNSCC_3_PBMC_CTGAAGTCACTAAGTC	96.32219575768936	56.612018352704574	101.6788284142459	0.0	0.0	0.0	0.0	0.0	0.0	0.0	0.0	0.0	0.0	103.59301638170191	0.0	0.0	0.08972363274327144	0.0	0.0	0.0	14.535348416669587	0.0	41.04839272643278	0.0	0.0	0.0	0.0	0.0	21.694128107375565	0.0	0.0	0.0	0.0	0.0	0.0
GSM4138114_HNSCC_3_PBMC_CTGTTTACACAACGTT	0.0	77.24893999489447	55.188209260245095	0.0	0.0	0.0	0.0	0.0	3.504489291349634	27.371746486457393	87.18069730142861	0.0	0.0	0.0	0.0	65.95546308656346	0.0	0.0	0.0	0.0	0.0	0.0	0.0	0.0	0.0	24.08392548732596	7.669210693569745	0.0	0.0	0.0	0.0	0.0	0.0	0.0	0.0
GSM4138114_HNSCC_3_PBMC_GAACGGATCAGGTTCA	51.150987737371494	21.03093938739912	63.87757945643335	0.0	0.0	0.0	0.0	0.0	7.702265537266871	38.16199098422474	5.65477626084387	0.0	0.0	0.0	0.0	0.0	0.0	0.0	0.0	122.4529797643855	0.0	0.0	0.0	0.0	0.0	0.0	12.693019093338192	0.0	40.45281726160601	0.0	0.0	0.0	0.0	0.0	0.0
GSM4138114_HNSCC_3_PBMC_GACCTGGCAAGACACG	91.80893093319781	38.86909495162224	0.0	117.03793197675952	11.334912346375535	85.13648529585292	0.0	0.0	0.0	11.522215101177029	0.0	0.0	126.23941621123386	37.95796551161499	0.0	0.0	0.0	0.0	15.420752277787338	0.0	0.0	0.0	31.95903289411558	0.0	0.0	0.0	0.0	0.0	0.0	0.0	0.0	0.0	0.0	0.0	0.0
GSM4138114_HNSCC_3_PBMC_GACGCGTAGTTAGGTA	0.0	0.0	17.930738725260035	47.19437447643729	54.38490413809284	0.0	0.0	0.0	0.0	0.0	0.0	84.16545580914875	0.0	0.0	0.0	0.0	0.0	0.0	52.291188212151205	74.67427153055637	0.0	25.856525943442215	0.0	0.0	0.0	0.0	9.053895313272575	0.0	1.9883731731776475	19.516648001304063	0.0	0.0	0.0	58.17523579631571	0.0
GSM4138114_HNSCC_3_PBMC_GACTACAAGCGTTCCG	0.0	28.553294641251128	0.0	0.0	58.53182290286672	0.0	0.0	0.0	178.98624627825615	127.26598505042392	72.60118934544595	0.0	0.0	0.0	0.0	117.78385365270856	36.77043513243024	0.0	0.0	0.0	0.0	0.0	0.0	0.0	0.0	134.79710275336427	0.0	0.0	0.0	0.0	0.0	0.0	0.0	0.0	0.0
GSM4138114_HNSCC_3_PBMC_GCACATAGTTGTCGCG	115.33478150610644	0.0	91.49993160399578	0.0	36.388327615799795	0.0	0.0	0.0	0.0	0.0	0.0	0.0	0.0	0.0	0.0	0.0	0.0	55.68581434381961	0.0	0.0	0.0	0.0	84.63514946227149	30.172126371616482	0.0	0.0	0.0	0.0	0.0	101.00834337855581	0.0	0.0	0.0	0.0	0.0
GSM4138114_HNSCC_3_PBMC_GCATACAGTCAGATAA	0.0	0.0	0.0	8.008031354396996	21.7050666241584	0.0	0.0	0.0	4.236100784266681	0.0	0.0	43.749249921132666	121.37864387107011	0.0	0.0	0.0	0.0	0.0	9.563486185336268	14.75111754243219	0.0	0.0	73.15223578307327	24.89486860337035	0.0	0.0	0.0	0.0	0.0	0.0	0.0	36.68472398798693	0.0	0.0	0.0
GSM4138114_HNSCC_3_PBMC_GCATGTAGTATGAAAC	28.778181941398266	0.0	71.22142113454922	0.0	36.948379435788006	58.887453554527816	0.0	0.0	0.0	0.0	0.0	0.0	13.87845977165594	0.0	0.0	0.0	16.596072963806648	0.0	28.489949684304438	0.0	0.0	0.0	0.0	0.0	0.0	57.39665420462877	14.103175820009882	0.0	0.0	0.0	0.0	0.0	0.0	0.0	0.0
GSM4138114_HNSCC_3_PBMC_GCCAAATGTCCTAGCG	0.0	63.36018394445749	0.0	26.29373543124278	0.0	0.0	0.0	0.0	15.638311999604657	81.73746752131098	0.0	0.0	0.0	0.0	61.30408330320581	0.0	52.82307536397568	90.54607025693733	0.0	0.0	0.0	0.0	0.0	0.0	0.0	0.0	0.0	0.0	0.0	0.0	0.0	0.0	0.0	0.0	0.0
GSM4138114_HNSCC_3_PBMC_GCGCAGTAGTTGTAGA	0.0	32.147671176195054	0.0	139.96952759285819	37.56290635110767	0.0	8.730209681350075	41.40079876881707	0.0	0.0	65.71792387118046	0.0	0.0	0.0	8.825206847893154	0.0	0.0	0.0	72.94124661335763	0.0	0.0	30.09458353352972	6.250890819037734	0.0	3.21744938597898	0.0	0.0	0.0	25.211795788721	0.0	0.0	0.0	0.0	0.0	0.0
GSM4138114_HNSCC_3_PBMC_GGAAAGCCATGGTTGT	0.0	0.0	0.0	0.0	47.3465677116994	0.0	0.0	78.67469051768931	85.30141518150882	6.694977772367887	106.23297935398486	0.0	0.0	0.0	0.0	0.0	0.0	0.0	12.87685275534404	0.0	18.329262551748485	19.452808374460073	0.0	0.0	0.0	0.0	34.83016520476784	0.0	0.0	0.0	0.0	0.0	0.0	0.0	0.0
GSM4138114_HNSCC_3_PBMC_GGAAAGCTCACAACGT	0.0	47.29460497895553	0.0	142.31648557560203	0.0	0.0	0.0	61.644736321365684	0.0	21.33172711575182	0.0	0.0	0.0	0.0	0.0	12.262552287367077	129.49619271280122	33.598785206748296	0.0	0.0	0.0	0.0	0.0	0.0	64.84355102199352	31.51482928018795	0.0	0.0	0.0	0.0	0.0	0.0	0.0	0.0	0.0
GSM4138114_HNSCC_3_PBMC_GGACAAGTCGCCGTGA	0.0	157.51288478051828	213.2442059020456	0.0	0.0	0.0	0.0	0.0	0.0	0.0	0.0	133.76119641435778	97.94966750572554	0.0	0.0	0.0	0.0	0.0	87.69393553032164	66.33414287189173	19.891944553225137	62.79467347967941	0.0	0.0	0.0	0.0	0.0	0.0	0.0	0.0	0.0	1.01198359004044	0.0	0.0	0.0
GSM4138114_HNSCC_3_PBMC_GGACGTCTCGACGGAA	0.0	56.71736509529965	80.61526340312554	0.0	0.0	0.0	0.0	0.0	0.0	8.175446615427237	7.955355390975387	0.0	0.0	0.0	0.0	12.941933387167346	45.136765274629134	0.0	0.7677441661865243	26.924373817765776	26.09924125844751	30.091966544009054	21.753773163142863	0.0	0.0	0.0	0.0	0.0	0.0	69.48399259574458	0.0	0.0	0.0	0.0	0.0
GSM4138114_HNSCC_3_PBMC_GGATTACTCCACGCAG	114.86447106755907	65.9875779972952	0.0	60.4563790463828	0.0	40.41172702176412	88.10161713773401	0.0	36.94967706747665	0.0	0.0	0.0	64.44812193970913	0.0	0.0	0.0	0.0	0.0	0.0	30.373224880687346	0.0	0.0	0.0	0.0	0.0	0.0	5.5626604611633095	0.0	0.0	0.0	1.3146340457381123	0.0	0.0	0.0	0.0
GSM4138114_HNSCC_3_PBMC_GGGAATGGTCAAGCGA	0.0	0.0	69.09125674676392	0.0	42.41318830169764	0.0	78.48024860653452	0.0	12.912261751441187	0.0	69.52137623813435	0.0	0.0	0.0	0.0	57.174157285041446	0.0	0.0	0.0	0.0	0.0	0.0	0.0	0.0	0.0	0.0	0.0	0.0	0.0	41.65477088007445	0.0	0.0	0.0	8.793736038023516	9.745608389488527
GSM4138114_HNSCC_3_PBMC_GTACGTAGTAACGCGA	38.555044253836286	143.66683558885236	0.0	55.07415481510382	0.8496373882236856	77.85281175523319	21.71786085689782	0.0	5.1442523944806835	23.929374677881793	0.0	30.704354751109054	0.0	137.77456375850423	0.0	0.0	0.0	0.0	0.0	0.0	0.0	0.0	25.041200351393844	0.0	0.0	0.0	0.0	0.0	0.0	0.0	7.704870881105716	0.0	0.0	0.0	0.0
GSM4138114_HNSCC_3_PBMC_GTATTCTAGGCTAGGT	19.51943194326926	0.0	0.0	148.51834352297868	79.5856112687934	57.892362168448095	0.0	0.0	0.0	0.0	35.02542066395004	0.0	179.85885946598754	0.0	0.0	0.0	0.0	0.0	23.130086309700506	0.0	0.0	0.0	0.0	0.0	0.0	0.0	0.0	0.0	0.0	0.0	0.0	0.0	0.0	0.0	0.0
GSM4138114_HNSCC_3_PBMC_GTATTCTGTGCTAGCC	0.0	0.0	0.25257983358385805	25.005208856219838	102.14685413676534	0.0	79.2602003671621	0.0	0.0	0.0	60.40381926757156	0.0	0.0	0.0	0.0	0.0	0.0	0.0	0.0	0.0	13.454389346865154	94.02961496259017	0.0	0.0	0.0	3.0155610198473375	0.0	42.12233792570658	0.0	0.0	10.963715247180376	0.0	0.0	0.0	0.0
GSM4138114_HNSCC_3_PBMC_GTGCAGCTCTAAGCCA	9.430603579969201	36.08541036624525	48.040854231856194	0.0	34.31240380856202	0.0	0.0	0.0	0.0	0.0	46.92220762616529	0.0	0.0	9.062782885273338	58.05906148332828	0.0	0.0	0.0	40.05612389081143	0.0	30.921482160114543	0.0	0.0	0.0	0.0	0.0	0.0	0.0	0.0	0.0	0.0	0.0	0.0	0.0	0.0
GSM4138114_HNSCC_3_PBMC_GTGCGGTGTGTGTGCC	55.33969473246358	93.92085752738613	81.43794122148088	0.0	0.0	97.19930505811979	38.46330235989583	0.0	0.0	0.0	0.0	0.0	0.0	0.0	82.580733735095	0.0	0.0	0.0	0.0	0.0	0.0	0.0	0.0	0.0	0.0	0.0	0.0	0.0	0.0	0.0	0.0	0.0	0.0	0.0	0.0
GSM4138114_HNSCC_3_PBMC_GTGCTTCTCCTAGGGC	11.998322535155799	44.43538184898611	0.0	0.0	0.0	43.273315148799355	0.0	0.0	55.51310363698411	0.0	0.0	0.0	0.0	83.63276168846579	5.045061250123506	0.0	46.3790819452886	0.0	80.20435798053732	0.0	0.0	0.0	0.0	0.0	0.0	0.0	0.0	0.0	0.0	0.0	0.0	0.0	0.0	0.0	0.0
GSM4138114_HNSCC_3_PBMC_GTTAAGCGTCTCCATC	105.55753629229216	62.72694719919157	0.0	70.45055294762165	0.0	37.601130562100245	0.0	35.00896000155297	0.0	0.0	0.0	0.0	0.0	27.374754235783133	45.27553538117185	2.6368928029501304	0.0	0.0	43.11684997747885	0.0	0.0	0.0	0.0	0.0	0.0	0.0	0.0	0.0	0.0	0.0	0.0	0.0	0.0	0.0	0.0
GSM4138114_HNSCC_3_PBMC_GTTAAGCTCTGCCCTA	30.515968908753177	31.3285280519273	0.0	87.23428632691665	14.764445274026412	43.53681297761273	27.7680907706083	0.0	0.0	0.0	0.0	0.0	0.0	0.0	0.0	0.0	45.97424017545229	0.0	49.32982398023396	111.45573325683827	0.0	0.0	0.0	0.0	0.0	0.0	0.0	0.0	0.0	28.824001518709956	0.0	0.0	0.0	0.0	0.0
GSM4138114_HNSCC_3_PBMC_GTTCGGGGTTAGTGGG	0.0	127.23415492798136	39.32005840044385	0.0	0.0	75.2908692475155	0.0	0.0	102.64283583082391	53.27364211624299	88.55319888860693	36.0441161386255	0.0	44.62981386295847	0.0	0.0	0.0	6.311478000331574	0.0	0.0	0.0	0.0	0.0	36.478777817831734	0.0	0.0	0.0	0.0	0.0	0.0	0.0	0.0	0.0	0.0	0.0
GSM4138114_HNSCC_3_PBMC_GTTCTCGGTGGCGAAT	35.67564692461305	0.0	12.749568458805133	90.21099073182725	42.46034443180599	0.0	32.288926444057715	0.0	0.0	0.0	0.0	0.0	0.0	0.0	0.0	0.0	23.932188658066003	0.0	0.0	0.0	18.97806063269243	0.0	0.0	0.0	0.0	0.0	0.0	0.0	0.0	78.8054254422353	0.0	0.0	0.0	0.0	0.0
GSM4138114_HNSCC_3_PBMC_TACACGAAGTACCGGA	15.103812875898907	45.032611209798056	40.119281160277296	0.0	0.0	0.0	0.0	0.0	0.0	0.0	0.0	0.0	0.0	0.0	0.0	0.0	61.349472288693605	0.0	47.47555221915503	79.57932608511601	34.45158057861561	0.0	0.0	0.0	0.0	0.0	4.990967458243363	4.153267549325136	0.0	0.0	0.0	0.0	0.0	0.0	0.0
GSM4138114_HNSCC_3_PBMC_TATCTCAAGGCGTACA	0.0	0.0	25.628272222549086	0.0	23.352159842418292	42.49515780287246	60.30126981410517	177.55646853464933	0.0	0.0	0.0	75.75520735625706	0.0	0.0	0.0	28.18020064432571	0.0	0.0	0.0	7.111661097751284	0.0	0.0	0.0	0.0	0.0	0.0	0.0	0.0	0.0	0.0	0.0	0.0	0.0	0.0	0.0
GSM4138114_HNSCC_3_PBMC_TATCTCAGTACTCAAC	72.01654690151179	84.94862473981046	0.0	45.11475256197743	0.0	89.83493014314028	0.0	0.0	0.0	0.0	0.0	0.0	0.0	0.0	0.0	0.0	0.0	0.0	0.0	0.0	0.0	0.0	0.0	48.894041350713266	0.0	0.0	72.7018209491345	0.0	0.0	0.0	0.0	0.0	0.0	0.0	0.0
GSM4138114_HNSCC_3_PBMC_TATGCCCCATGCCTTC	112.93912363666284	55.463005707112536	122.43382705558082	0.0	0.0	69.35103261736268	77.78062796665355	100.1764055941573	0.0	0.0	0.0	0.0	0.0	0.0	0.0	0.0	0.0	0.0	0.0	0.0	0.0	0.0	0.0	0.0	0.0	0.0	0.0	0.0	0.0	0.0	0.0	0.0	0.0	0.0	0.0
GSM4138114_HNSCC_3_PBMC_TCACAAGCAAGCGATG	79.69977207225028	105.08360176713386	74.21761732916285	0.0	0.0	21.735823221436146	0.0	0.0	0.0	0.0	0.0	0.0	0.0	0.0	0.0	15.163157209521042	0.0	0.0	0.0	33.13113227409055	0.0	0.0	27.134770775878494	0.0	0.0	0.0	0.0	0.0	0.0	0.0	0.0	0.0	0.0	0.0	0.0
GSM4138114_HNSCC_3_PBMC_TCAGCTCCACATTTCT	0.0	46.51443153753784	0.0	0.0	0.0	0.0	0.0	94.895358414118	91.21923774388594	1.1759497775028227	71.9096592381896	0.0	0.0	0.0	0.0	0.0	0.0	0.0	0.0	0.0	0.0	81.4359075876536	63.15853431093072	0.0	0.0	0.0	0.0	0.0	0.0	0.0	0.0	0.0	0.12833530278686472	0.0	0.0
GSM4138114_HNSCC_3_PBMC_TCAGGATCACCGAAAG	0.0	52.81875436599668	0.0	45.64281460875593	0.0	0.0	0.0	0.0	0.0	26.775498368869666	0.0	127.13353399843389	0.0	0.0	0.0	42.0091755804754	0.0	0.0	0.0	0.0	0.0	0.0	0.0	84.87180909369282	0.0	0.0	0.0	0.0	0.0	0.0	0.0	0.0	0.0	0.0	0.0
GSM4138114_HNSCC_3_PBMC_TCATTTGGTTGGACCC	50.505715114643955	0.0	0.0	89.76888881712247	47.47172102783434	0.0	0.0	0.0	0.0	8.709665519434562	0.0	0.03479002174219864	0.0	16.733205650874986	0.0	61.26425851583981	0.0	0.0	0.0	0.0	0.0	0.0	0.0	37.20142391427391	0.0	0.0	0.0	0.0	0.0	0.0	0.0	0.0	0.0	0.0	0.0
GSM4138114_HNSCC_3_PBMC_TCGCGTTCAGATCGGA	0.0	0.0	116.32155867151708	0.0	106.0603737216836	27.91936776899578	0.0	106.55311198877747	0.0	0.0	0.0	84.8913309860127	0.0	0.0	0.0	27.987653118921244	0.0	0.0	39.78524642760331	0.0	0.0	0.0	0.0	0.0	0.0	19.713316933221996	0.0	0.0	0.0	0.0	0.0	0.0	0.0	0.0	0.0
GSM4138114_HNSCC_3_PBMC_TCGTACCGTCCTAGCG	0.0	49.45692285588246	96.76367896327564	0.0	0.0	120.07059599088474	0.0	0.0	0.0	0.0	0.0	0.0	124.30656092380211	0.0	0.0	0.0	116.55605971091276	0.0	18.482833205910755	0.0	0.0	0.0	0.0	0.0	0.0	0.0	26.84819308144615	0.0	0.0	0.0	0.0	0.0	0.0	0.0	0.0
GSM4138114_HNSCC_3_PBMC_TCTCTAAGTGATGTCT	0.0	49.027795353113426	0.0	0.0	0.0	73.98527022945294	0.0	0.0	59.44194937064457	0.0	0.0	0.0	0.0	0.0	0.0	0.0	24.576314203825298	0.0	42.90525881453044	0.0	0.0	0.0	13.716848216467932	0.0	93.27436873270486	0.0	0.0	0.0	0.0	0.0	0.0	0.0	0.0	0.0	0.0
GSM4138114_HNSCC_3_PBMC_TCTCTAATCCTGTACC	0.0	41.067654635893696	0.0	68.12718992520134	0.0	5.859874341769875	0.0	0.0	0.0	71.4679092343699	56.984737971102085	0.0	110.43733000790661	0.0	0.0	25.297347974208616	0.0	0.0	0.0	0.0	0.0	0.0	0.0	0.0	0.0	0.0	0.0	0.0	0.0	0.0	0.0	0.0	0.0	0.0	0.0
GSM4138114_HNSCC_3_PBMC_TCTGGAAAGAGTGACC	0.0	46.7694467095318	0.0	66.20300184940633	0.47194108418880754	0.0	0.0	0.0	0.0	0.0	78.65467939507654	0.0	0.0	3.2134509224795926	0.0	0.0	0.0	189.31542486112264	0.0	0.0	0.0	0.0	51.79333461755098	113.36362908895372	0.0	0.0	0.0	0.0	0.0	0.0	42.57490807601381	0.0	0.0	0.0	0.0
GSM4138114_HNSCC_3_PBMC_TCTTTCCGTCCGCTGA	40.088911001368	27.86128415274027	0.0	30.356463907936185	0.0	56.4033407171897	0.0	0.0	0.0	48.98259697671149	0.0	0.0	0.0	69.3117511332705	0.0	0.0	0.0	0.0	0.0	0.0	0.0	0.0	5.3686379614301645	47.175204571307795	0.0	0.0	0.0	0.0	0.0	0.0	0.0	0.0	0.0	0.0	0.0
GSM4138114_HNSCC_3_PBMC_TGAAAGACAGACAAAT	0.0	54.204811016748415	0.0	98.81549173799594	0.0	117.37068249816092	30.9442599345606	0.0	0.0	0.0	0.0	0.0	0.0	0.0	0.0	0.0	83.76637599205216	3.2981543363434986	0.0	0.0	0.0	0.0	0.0	95.19126933611797	0.0	0.0	0.0	0.0	0.0	0.0	0.0	0.0	0.0	0.0	0.0
GSM4138114_HNSCC_3_PBMC_TGACGGCGTAAGGGCT	82.44855568725639	0.0	0.0	50.581731470819165	111.13081563674322	0.0	0.0	102.77001405076291	0.0	0.0	0.0	0.0	0.0	0.0	0.0	0.0	0.0	23.50262198821564	16.37543776823208	0.0	0.0	0.0	0.0	0.0	0.0	18.640382236736865	33.96026759450829	0.0	0.0	0.0	0.0	0.16690658941224734	0.0	0.0	0.0
GSM4138114_HNSCC_3_PBMC_TGCTGCTCAACGCACC	16.395627637529344	0.4405219011326476	88.33484160381435	0.0	62.84024908506083	0.0	0.0	0.0	0.0	53.703877337938444	0.0	3.760722568443872	0.0	0.0	85.26580319578436	74.03823356242334	29.88942505457879	0.0	0.0	0.0	0.0	0.0	0.0	0.0	0.0	0.0	0.0	0.0	0.0	0.0	0.0	0.0	0.0	0.0	0.0
GSM4138114_HNSCC_3_PBMC_TGTATTCTCCCTAACC	0.0	0.0	0.0	0.0	40.745672884125035	0.0	0.0	0.0	75.0984113178501	50.81432841819802	77.07831588869493	0.0	0.0	57.49036983505653	0.0	0.0	0.0	2.3179854769096373	0.0	0.0	0.0	0.0	0.0	0.0	0.0	0.0	0.0	0.0	0.0	0.0	0.0	73.58248878831432	0.0	0.0	0.0
GSM4138114_HNSCC_3_PBMC_TTAACTCTCCTGCTTG	81.66450347928254	86.39658017350845	0.0	86.64423128378813	9.17337071612555	0.0	0.0	0.0	0.0	42.91433394798002	0.0	0.0	65.95983607430718	0.0	0.0	0.0	0.0	0.0	0.0	13.892990229351025	53.96066808878816	0.0	0.0	0.0	0.0	0.0	26.085811121488586	0.0	0.0	0.0	0.0	0.0	0.0	0.0	0.0
GSM4138114_HNSCC_3_PBMC_TTCTCCTTCTTGTATC	0.0	63.48525353337889	137.11563683679466	0.0	18.46055758115833	0.0	0.0	0.0	0.0	77.53927222253046	100.02545749665832	0.0	0.0	0.0	77.42921930082457	0.0	0.0	0.0	0.0	43.19268359956699	118.25731953971042	0.0	0.0	0.0	53.780044994064724	0.0	0.0	0.0	0.0	0.0	0.0	0.0	0.0	0.0	0.0
GSM4138114_HNSCC_3_PBMC_TTGGCAACAGATCCAT	117.26131322006856	57.74646099036264	0.0	59.239356660294746	46.23391898952981	0.0	0.0	0.0	0.0	37.00712507303944	0.0	0.0	8.801305569000698	0.0	0.0	0.0	0.0	0.0	0.0	0.0	64.26283458866054	0.0	8.658779838733542	0.0	0.0	7.707503269342728	0.0	0.0	0.0	0.0	0.0	0.0	0.0	0.0	0.0
GSM4138114_HNSCC_3_PBMC_AAACCTGCACCAGCAC	186.22790110741062	76.21164794566565	0.0	153.85165654973363	0.0	0.0	0.0	0.0	0.0	0.0	84.3185318906586	12.099997329430066	0.0	88.42296630867342	0.0	128.54263684361447	91.6034605530783	0.0	89.9693115979909	0.0	0.0	0.0	0.0	1.4038392955619732	0.0	0.0	0.0	0.0	0.0	0.0	0.0	0.0	0.0	0.0	0.0
GSM4138114_HNSCC_3_PBMC_AATCCAGCATAAGACA	72.76713229562347	109.31650205141565	50.694751111608554	62.49670827593092	0.0	0.0	0.0	0.0	9.865335465943714	123.89679323785812	94.5256816532706	0.0	0.0	0.0	0.0	0.0	78.85735198079912	185.0456839180176	0.0	213.7655811233743	0.0	0.0	0.0	0.0	0.0	0.0	0.0	0.0	0.0	0.0	0.0	0.0	0.0	0.0	0.0
GSM4138114_HNSCC_3_PBMC_ACCGTAAGTCTTCGTC	2553.2435421907735	0.0	0.0	0.0	0.0	0.0	0.0	0.0	0.0	0.0	0.0	0.0	0.0	0.0	0.0	0.0	269.4577581562324	0.0	0.0	0.0	0.0	0.0	0.0	0.0	0.0	0.0	0.0	0.0	0.0	0.0	0.0	0.0	0.0	0.0	0.0
GSM4138114_HNSCC_3_PBMC_ACGGAGACATGGGACA	106.70644654377399	119.34552198033221	0.0	0.0	0.0	108.24203750750112	0.0	100.01246452979832	145.66170430379998	135.24896554940437	24.613216953842954	0.0	0.0	0.0	0.0	0.0	0.0	0.0	0.0	0.0	0.0	0.0	0.0	0.0	0.0	0.0	0.0	0.0	0.0	0.0	0.0	0.0	0.0	0.0	0.0
GSM4138114_HNSCC_3_PBMC_ACGGGCTTCTTGCAAG	0.0	188.31687458235513	0.0	0.0	0.0	173.18364111052165	78.66906190206082	0.0	109.47343696491767	0.0	0.0	232.76530174782036	0.0	1.8570828109709454	56.87425697535722	0.0	0.0	0.0	0.0	0.0	0.0	0.0	0.0	69.68101570354135	0.0	0.0	0.0	0.0	0.0	0.0	0.0	0.0	0.0	0.0	0.0
GSM4138114_HNSCC_3_PBMC_ACTTACTGTTGGTAAA	0.0	0.0	0.0	0.0	0.0	2002.0855131656194	0.0	0.0	0.0	0.0	0.0	0.0	0.0	0.0	0.0	0.0	0.0	0.0	0.0	0.0	97.49572405242864	742.6596915804278	0.0	0.0	0.0	0.0	0.0	0.0	75.10787036393987	0.0	0.0	93.98597708274214	0.0	0.0	0.0
GSM4138114_HNSCC_3_PBMC_ACTTTCACATTCTTAC	35.30571132292774	0.0	0.0	106.01968091147732	98.12376311576104	0.0	0.0	0.0	0.5237301735195083	91.12406420837287	57.43898983856663	73.5003909881328	143.16601371103783	0.0	0.0	0.0	25.020818842915368	257.2795950246353	0.0	0.0	0.0	0.0	0.0	0.0	0.0	0.0	0.0	0.0	0.0	0.0	0.0	0.0	0.0	0.0	0.0
GSM4138114_HNSCC_3_PBMC_AGACGTTGTCGGCATC	196.32271114950922	90.12432797799981	84.12302465114776	0.0	0.0	128.9562916039048	0.0	0.0	0.0	0.0	0.0	0.0	134.33248114432772	0.0	0.0	0.0	0.0	0.0	35.316183706088516	0.0	0.0	0.0	32.33431461993124	0.0	0.0	0.0	0.0	0.0	0.0	0.0	0.0	0.0	0.0	0.0	0.0
GSM4138114_HNSCC_3_PBMC_AGAGTGGCACCTCGGA	0.0	0.0	138.87292729464912	0.0	120.25843727074762	0.0	73.32005205302042	72.64502256044942	42.001632081222624	99.4580922176772	0.0	0.0	0.0	0.0	0.0	0.0	299.4670121304516	0.0	0.0	0.0	220.41466535421452	0.0	0.0	0.0	0.0	97.04668822392473	0.0	15.341948221304637	0.0	0.0	0.0	0.0	0.0	0.0	0.0
GSM4138114_HNSCC_3_PBMC_AGGGTGAGTGCACTTA	0.0	106.17036412454071	0.0	172.78601130289164	0.0	0.0	90.55921675979975	122.37505237635315	0.0	0.0	207.99815237592276	7.090477901390885	0.0	0.0	0.0	53.277295708679105	0.0	55.894329190928545	0.0	0.0	0.0	11.390264890204719	0.0	0.0	0.0	4.20405017544308	0.0	0.0	0.0	0.0	0.0	0.0	0.0	0.0	0.0
GSM4138114_HNSCC_3_PBMC_AGTAGTCCATAGACTC	124.36698338561959	0.0	0.0	118.71606053308585	90.40115236292083	0.0	0.0	47.12090176177875	0.0	30.434176260116384	0.0	0.0	0.0	0.0	0.0	0.0	0.0	0.0	0.0	0.0	42.21155443267756	37.87933183323443	30.280258357530506	0.0	0.0	0.0	0.0	0.0	0.0	27.001735593252885	0.0	0.0	0.0	0.0	0.0
GSM4138114_HNSCC_3_PBMC_ATAAGAGGTATTCGTG	239.18180771651973	0.0	0.0	142.72426926671483	88.15985797392462	223.6848863776425	0.0	67.68679376212131	0.0	127.86526433564086	0.0	0.0	0.0	74.3647992434012	0.0	0.0	0.0	0.0	0.0	0.0	0.0	0.0	0.0	0.0	0.0	0.0	0.0	0.0	0.0	0.0	0.0	0.0	0.0	0.0	0.0
GSM4138114_HNSCC_3_PBMC_ATGCGATTCGTGACAT	247.89059709381402	7.018499817800893	100.67059930913467	37.428820680524545	201.78404350355638	0.0	0.0	0.0	76.81345573664557	0.0	0.0	0.0	0.0	231.72941841237218	0.0	0.0	0.0	201.68307898160154	89.0952099387644	0.0	0.0	0.0	0.0	0.0	0.0	0.0	133.00038827428267	0.0	0.0	0.0	0.0	0.0	0.0	0.0	0.0
GSM4138114_HNSCC_3_PBMC_ATTTCTGAGTAGATGT	271.0603578880383	0.0	47.144928786649636	0.0	102.63988082381049	260.0883823487454	171.68928631236184	0.0	113.61653645227213	0.0	0.0	0.0	0.0	0.0	89.64031283482022	0.0	0.0	0.0	0.0	0.0	0.0	0.0	0.0	0.0	0.0	0.0	0.0	0.0	0.0	0.0	0.0	0.0	0.0	0.0	0.0
GSM4138114_HNSCC_3_PBMC_ATTTCTGTCGTAGGAG	66.9584690495758	69.19532622471353	18.32543171773024	20.444755328406128	0.0	0.0	0.0	0.0	0.0	0.0	0.0	1.298884960375706	0.0	0.0	0.0	0.0	0.0	0.0	0.0	0.0	0.0	54.78982288936932	0.0	0.0	1.4936014664422164	44.514543116381105	47.42201701738769	25.43661322286479	0.0	0.0	0.0	40.05843136849909	0.0	0.0	0.0
GSM4138114_HNSCC_3_PBMC_CAAGAAACATGGAATA	0.0	0.0	127.98894106381128	0.0	199.98250234477587	0.0	0.0	13.761802017110112	0.0	124.20402104037174	0.0	311.6803458564473	62.04160284502634	0.0	0.0	188.80807711294085	0.0	0.0	0.0	0.0	0.0	0.0	12.71896484223028	0.0	29.25476544556467	0.0	0.0	0.0	0.0	0.0	0.0	0.0	0.0	38.683832887647085	0.0
GSM4138114_HNSCC_3_PBMC_CACAGTAGTGATAAGT	192.3208055823804	0.0	0.0	140.63310524457492	114.23653004011906	229.38963531967545	0.0	32.05741592227094	0.0	0.0	0.0	0.0	0.0	25.915278126474682	71.83419185440282	0.0	0.0	0.0	1.9845893842162488	0.0	0.0	0.0	77.70641610924218	0.0	0.0	0.0	0.0	9.396949911840853	0.0	0.0	0.0	0.0	0.0	0.0	0.0
GSM4138114_HNSCC_3_PBMC_CAGTAACAGTACGCGA	133.42365274463845	196.474405467369	0.0	60.50134689322034	0.0	123.33485260345442	0.0	231.98078589337928	98.1826590620714	120.25519499057874	94.57314251245909	0.0	0.0	0.0	0.0	96.19000743906639	0.0	0.0	0.0	0.0	0.0	0.0	0.0	0.0	0.0	0.0	0.0	0.0	0.0	0.0	0.0	0.0	0.0	0.0	0.0
GSM4138114_HNSCC_3_PBMC_CATCGAAGTAGCGCTC	201.730152275392	115.06485703698534	159.1562021213361	0.0	0.0	0.0	0.0	0.0	0.0	0.0	0.0	0.0	0.0	0.0	0.0	0.0	0.0	210.29945095515978	84.96791463514903	0.0	0.0	0.0	20.051637694303654	0.0	106.78394938346358	0.0	0.0	0.0	0.0	0.0	0.0	0.0	0.0	0.0	0.0
GSM4138114_HNSCC_3_PBMC_CATGGCGCACTACAGT	191.20935002710812	164.8579510254197	91.03926754345137	0.0	0.0	95.83349148069351	0.0	0.0	24.23766490773229	43.42438562605188	0.0	0.0	0.0	236.47550271299608	0.0	39.112575713141524	0.0	0.0	0.0	0.0	0.0	0.0	38.502732205962985	0.0	0.0	0.0	0.0	0.0	0.0	0.0	0.0	0.0	0.0	0.0	0.0
GSM4138114_HNSCC_3_PBMC_CCTATTAGTAGCCTCG	137.2086210768769	20.07967748317619	0.0	168.50667332267267	108.0613825291258	140.70779861310476	0.0	0.5361702058722022	0.0	0.0	0.0	0.0	0.0	53.288202539572396	11.952136493952652	0.0	47.344272764942914	12.756198020896411	0.0	0.0	0.0	0.0	145.79644314356818	0.0	0.0	97.28439339278262	0.0	0.0	0.0	0.0	0.0	15.658698190363655	0.0	0.0	0.0
GSM4138114_HNSCC_3_PBMC_CCTTCCCTCAGCATGT	236.09129998194345	179.51364391479393	0.0	163.35694617625026	0.0	5.2313978560066134	0.0	0.0	0.0	0.0	0.0	0.0	49.26456416997209	0.0	0.0	0.0	0.0	0.0	96.673525380527	55.46418895314771	6.4749239820804885	129.41854016087333	0.0	0.0	0.0	0.0	0.0	0.0	0.0	32.14596770444409	0.0	0.0	0.0	0.0	0.0
GSM4138114_HNSCC_3_PBMC_CGGACGTCATCGGACC	209.6545508561266	157.12354650712396	0.0	114.28152558460687	0.0	67.14460438104147	127.28337396042353	113.46336048792315	0.0	0.0	0.0	0.0	0.0	0.0	0.0	0.0	0.0	5.075325699438329	0.0	0.0	40.748683029310165	0.0	0.0	0.0	1.4256597627208982	0.0	0.0	0.0	31.76561594433319	0.0	0.0	0.0	0.0	0.0	0.0
GSM4138114_HNSCC_3_PBMC_CGGACTGTCACGACTA	173.74512617628474	132.17783972082833	93.17048781686825	0.0	0.0	60.31988581333936	84.20472166376219	29.02640221896697	0.0	0.0	0.0	0.0	0.0	0.0	0.0	0.0	0.0	0.0	0.0	41.9741538954745	126.04816066803882	0.0	0.0	0.0	0.0	0.0	0.0	57.20704760716101	0.0	0.0	0.0	0.0	0.0	0.0	0.0
GSM4138114_HNSCC_3_PBMC_CGTAGGCAGTAAGTAC	0.0	0.0	0.0	165.32874371851068	95.03333893440897	112.91601332360182	80.90178628835052	32.71680860820253	0.0	0.0	179.31843368948353	0.0	0.0	19.233995373600763	90.58253838394333	5.249815726701311	0.0	0.0	0.0	0.0	0.0	0.0	0.0	0.0	0.0	0.0	0.0	0.0	0.0	0.0	0.0	0.0	0.0	0.0	0.0
GSM4138114_HNSCC_3_PBMC_CGTGAGCAGAAGGGTA	230.3483710070006	114.50898584883096	0.0	0.0	0.0	122.88556813870396	100.35258383365574	233.7097810727209	197.99945165130316	0.0	0.0	0.0	0.0	0.0	0.0	26.350995570850642	0.0	0.0	0.0	0.0	6.892377567730337	4.837646304334462	0.0	0.0	0.0	0.0	0.0	0.0	0.0	0.0	0.0	0.0	0.0	0.0	0.0
GSM4138114_HNSCC_3_PBMC_CGTTGGGGTGATAAGT	234.35977693071797	82.09672456220677	13.126706495010135	14.145143121936245	8.057691727861803	30.397206477837337	109.39988327504913	0.0	19.127500496560597	0.0	0.0	0.0	0.0	0.0	0.0	0.0	0.0	0.0	0.0	3.5951225161361977	128.49453873776108	0.0	0.0	88.58248039648622	0.0	0.0	0.0	0.0	0.0	0.0	0.0	0.0	0.0	0.0	0.0
GSM4138114_HNSCC_3_PBMC_CTAACTTCATACAGCT	224.97911021885582	47.000819659615715	0.0	0.0	169.36088931786108	363.43802904737004	0.0	0.0	298.01310749925835	230.86760709541488	67.69207990329346	0.0	19.087233840585796	161.29667132461478	217.0723876660746	0.0	0.0	68.72837120084839	0.0	0.0	0.0	0.0	0.0	0.0	0.0	0.0	0.0	0.0	0.0	0.0	0.0	0.0	0.0	0.0	0.0
GSM4138114_HNSCC_3_PBMC_CTACATTCAGTCAGCC	0.0	0.0	0.0	0.0	68.81542890123902	0.0	0.0	0.0	97.79569234451778	41.06081082584969	0.0	0.0	66.79790165351916	17.820963436842835	0.0	0.0	197.93010618382576	0.0	0.0	0.0	87.36670623688156	107.61716739506075	0.0	41.391760583564725	0.0	0.0	0.0	0.0	0.0	0.0	0.0	0.0	0.0	0.0	0.0
GSM4138114_HNSCC_3_PBMC_CTAGTGATCTTTCCTC	283.689357534262	0.0	101.35702143464563	0.0	98.29055469748808	0.0	0.0	0.0	32.09176395019591	15.09983248791959	0.0	0.0	0.0	0.0	0.0	0.0	0.0	0.0	0.0	77.05971856944339	198.31769164084525	3.377118311093878	0.0	0.0	0.0	0.0	132.01927735993672	58.047017210394486	0.0	0.0	0.0	0.0	0.0	0.0	0.0
GSM4138114_HNSCC_3_PBMC_CTCGGGAAGAAGCCCA	13.842873014188289	126.91347083117346	0.0	207.86329819791513	0.0	177.1372519584544	127.33712663059781	106.60520567766477	0.0	0.0	0.0	0.0	0.0	0.0	0.0	0.0	220.7439143325524	0.0	0.0	0.0	0.0	0.0	0.0	0.0	0.0	0.0	0.0	0.0	0.0	0.0	34.94282647083454	0.0	0.0	0.0	0.0
GSM4138114_HNSCC_3_PBMC_CTCTACGAGTGAACGC	173.54401555453296	76.22067948379032	96.12623793105955	0.0	0.0	129.40175982525483	37.90997832464864	148.32224060636577	0.0	0.0	0.0	24.286774748589025	0.0	0.0	0.0	0.0	0.0	0.0	76.54659789290677	0.0	0.0	0.0	20.332732888173545	0.0	0.0	0.0	0.0	0.0	0.0	0.0	0.0	0.0	0.0	0.0	0.0
GSM4138114_HNSCC_3_PBMC_CTGTGCTCATGCTAGT	110.90306606918635	85.78397567334267	61.280237083855354	47.37016746399946	0.0	46.825978910512646	2.321648285062119	0.0	0.0	0.0	4.178779180320904	0.0	0.0	0.0	0.0	42.89862840920076	0.0	0.0	10.617847136775097	38.01426031377433	0.0	0.0	50.75887101169795	0.0	0.0	0.0	0.0	95.9529432463258	0.0	0.0	0.0	0.0	0.0	0.0	0.0
GSM4138114_HNSCC_3_PBMC_CTGTTTAAGAAACGAG	87.54183784863812	50.08562072974747	0.0	0.0	0.0	0.0	49.671374013455306	0.0	86.99776366845063	19.460552213203798	0.0	0.0	0.0	0.0	0.0	0.0	9.95385276824088	58.961635433258145	0.0	75.28585628605106	0.0	18.786047898034518	0.0	0.0	0.0	0.0	0.0	0.0	0.0	0.0	0.0	0.0	0.0	0.0	0.0
GSM4138114_HNSCC_3_PBMC_GACCTGGAGGATGGAA	0.0	144.91192285791544	0.0	123.6444221394566	0.0	85.6966452449057	94.66596398425253	0.0	0.0	0.0	314.3499852785664	0.0	0.0	38.83834609791071	0.0	0.0	0.0	0.0	0.0	0.0	0.0	0.0	0.0	63.262108688151535	0.0	0.0	0.0	0.0	0.0	0.0	0.0	0.0	0.0	0.0	0.0
GSM4138114_HNSCC_3_PBMC_GATGAGGAGACGCACA	157.31309728429017	92.44940098481696	0.0	189.43314953991552	0.0	183.5136721114737	94.24562086456433	140.46498862348676	0.0	0.0	0.0	0.0	0.0	31.718954750194253	0.0	0.0	0.0	0.0	0.0	0.0	0.0	0.0	0.0	0.0	0.0	0.0	0.0	0.0	0.0	0.0	0.0	0.0	0.0	0.0	0.0
GSM4138114_HNSCC_3_PBMC_GATGCTATCTATCCCG	0.0	0.0	0.0	129.02325384119834	118.3550167915043	154.54968422740694	129.38523359720992	0.0	0.0	0.0	0.0	249.86935989239132	0.0	0.0	0.0	0.0	0.0	0.0	0.0	0.0	0.0	0.0	0.0	225.2638054537441	0.0	0.0	0.0	0.0	0.0	0.0	0.0	0.0	0.0	0.0	0.0
GSM4138114_HNSCC_3_PBMC_GATTCAGCATAACCTG	0.0	6.738166181866661	0.0	72.64173256210957	87.0377602723687	168.61471972532325	91.82919088663424	150.86857980929352	0.0	0.0	118.31945606965321	0.0	0.0	0.0	0.0	0.0	41.69664277237841	0.0	0.0	0.0	0.0	0.0	0.0	0.0	0.0	0.0	0.0	0.0	0.0	0.0	0.0	0.0	0.0	0.0	0.0
GSM4138114_HNSCC_3_PBMC_GCCTCTATCTGACCTC	0.0	163.6112164544736	0.0	75.28144677167225	0.0	0.0	0.0	107.66684946787629	0.0	67.2962855177491	66.77088368603931	0.0	0.0	0.0	0.0	0.0	176.63236549503853	0.0	0.0	0.0	0.0	180.87044767519686	0.0	0.0	0.0	0.0	0.0	0.0	0.0	0.0	0.0	0.0	0.0	0.0	0.0
GSM4138114_HNSCC_3_PBMC_GCGCGATAGCGTAGTG	221.01781595900442	41.318775914686306	0.0	122.97317644293143	36.16065995854076	189.12653791719438	131.36584244952778	147.3029714922087	37.028683545807546	0.0	0.0	0.0	0.0	44.81487846887997	0.0	0.0	0.0	0.0	0.0	0.0	0.0	0.0	0.0	0.0	0.0	0.0	0.0	0.0	0.0	0.0	0.0	0.0	0.0	0.0	0.0
GSM4138114_HNSCC_3_PBMC_GCTTCCATCAGAGACG	259.8538442946772	135.31993278493843	30.19847257403652	46.27570020307761	0.0	0.0	33.59193625421087	0.0	0.0	0.0	0.0	0.0	0.0	0.0	0.0	0.0	0.0	0.0	0.0	125.57862891558369	0.0	0.0	0.0	0.0	0.0	0.0	55.184578402815674	0.0	155.47935160122097	0.0	48.385796373694234	0.0	0.0	0.0	0.0
GSM4138114_HNSCC_3_PBMC_GCTTGAAAGATCACGG	264.8671026344682	0.0	103.51751272117124	0.0	70.6014210873477	120.11397755822544	0.0	76.36306334698041	0.0	0.0	0.0	0.0	0.0	0.0	0.0	0.0	0.0	0.0	0.0	56.454754738810976	0.0	0.0	75.69393409276051	0.0	0.0	0.0	0.0	24.846280981076244	0.0	0.0	0.0	0.0	0.0	0.0	0.0
GSM4138114_HNSCC_3_PBMC_GGAAAGCCACAGTCGC	0.0	89.60907501908764	0.0	13.318756447647269	0.0	181.12008713797238	46.33154409298461	0.0	152.33152475796504	0.0	313.45352434817426	0.0	0.0	110.50413920025873	0.0	0.0	0.0	0.0	59.519661777396166	0.0	0.0	0.0	1.0538032972366986	0.0	0.0	0.0	22.136814542780726	0.0	0.0	0.0	0.0	0.0	0.0	0.0	0.0
GSM4138114_HNSCC_3_PBMC_GGTGTTAGTTATGTGC	0.0	0.0	0.0	114.94337146118988	66.82139734536007	0.0	20.976767500743335	107.12319465908584	0.0	56.85751005790553	0.0	0.0	0.0	0.0	0.0	0.0	187.21186228683194	0.0	0.0	0.0	109.05656794606438	0.0	0.0	0.0	0.0	0.0	0.0	0.0	0.0	0.0	0.0	0.0	0.0	0.0	0.0
GSM4138114_HNSCC_3_PBMC_GTATCTTCATTACCTT	287.81819046837444	64.44337665853463	0.0	120.9995808463843	69.62224425815461	183.49720742770344	107.5174193681871	0.0	0.0	0.0	0.0	0.0	0.0	0.0	0.0	0.0	0.0	0.0	0.0	154.7258758283716	0.0	0.0	0.0	0.0	0.0	0.0	0.0	0.0	0.0	0.0	0.0	0.0	0.0	0.0	0.0
GSM4138114_HNSCC_3_PBMC_GTCACAAAGCTGCCCA	0.0	84.41458228925832	0.0	39.330489063293555	0.0	182.60569512474663	0.0	0.0	128.89940027451414	0.0	0.0	235.32419331581693	0.0	0.0	0.0	0.0	0.0	0.0	0.0	183.96343409350445	0.0	0.0	99.85354378095131	0.0	0.0	0.0	0.0	0.0	0.0	0.0	0.0	0.0	0.0	0.0	0.0
GSM4138114_HNSCC_3_PBMC_GTCATTTTCCTCTAGC	246.7319736918167	66.46602770534703	0.0	142.14337351034416	0.0	0.0	0.0	0.0	0.0	22.127424475645125	0.0	0.0	0.0	0.0	163.25847394298964	145.08189065885927	0.0	0.0	76.77198100436031	0.0	0.0	0.0	0.0	0.0	0.0	0.0	0.0	0.0	0.0	0.0	0.0	0.0	0.0	0.0	0.0
GSM4138114_HNSCC_3_PBMC_GTGTTAGGTGTATGGG	0.0	128.64518433397237	0.0	105.34982991075846	0.0	0.27237058399747455	93.21061712198023	32.901183117572195	0.0	1.4156835603133917	107.04223070480568	55.49060682679979	0.0	0.0	0.0	0.0	0.0	0.0	0.0	0.0	0.0	179.85351771361258	0.0	0.0	30.821791018210856	0.0	0.0	0.0	0.0	0.0	0.0	0.0	0.0	0.0	0.0
GSM4138114_HNSCC_3_PBMC_GTTCATTCATCACGAT	92.88449130447854	0.0	0.0	0.0	92.90213969346294	167.29011470902648	0.0	0.0	82.85709235284416	0.0	0.0	0.0	0.0	143.50418274937763	0.0	0.0	126.49242253523114	0.0	0.0	0.0	0.0	0.0	0.0	0.0	0.0	0.0	72.94951522448717	0.0	0.0	0.0	77.02808373492547	0.0	0.0	0.0	0.0
GSM4138114_HNSCC_3_PBMC_GTTTCTAGTGGTTTCA	109.34389964048066	105.95000226540753	127.43906117387056	0.0	0.0	125.2052825370045	50.13356866278988	47.15185335118287	0.0	0.0	0.0	42.70609522502164	0.0	0.0	0.0	0.0	97.32243112256505	0.0	0.0	0.0	0.0	0.0	19.052357611352225	0.0	86.17365677276534	0.0	0.0	0.0	0.0	0.0	0.0	0.0	0.0	0.0	0.0
GSM4138114_HNSCC_3_PBMC_TACTTACAGGGTCGAT	20.954166224938188	0.0	0.0	60.16298683894237	166.00356689702733	0.0	0.0	77.7653310026944	10.834870684953072	17.96234856112555	0.0	97.95402068391772	0.0	0.0	0.0	0.0	55.68895807593985	0.0	41.07918961903412	0.0	0.0	90.01597816500856	11.744005650705	0.0	0.0	25.535841873369982	0.0	0.0	65.79717905239832	0.0	0.0	0.0	0.0	0.0	0.0
GSM4138114_HNSCC_3_PBMC_TCGAGGCGTACGCTGC	212.34684350554585	144.51907391404455	0.0	151.06254984297513	1.154103744594799	0.0	0.0	194.768559329934	0.41611125362831547	131.9856419982745	0.0	0.0	0.0	0.0	0.0	0.0	0.0	0.0	0.0	0.0	215.4726402433463	0.0	0.0	0.0	0.0	0.0	0.0	0.0	9.480596731985955	0.0	0.0	0.0	0.0	0.0	0.0
GSM4138114_HNSCC_3_PBMC_TCGTAGAAGAAACCTA	204.56655481831862	178.33219301255502	0.0	71.01744436630186	0.0	0.0	0.0	0.0	0.0	0.0	0.0	0.0	0.0	140.41701372716034	0.0	147.17301389623375	0.0	20.65166916507728	148.40167197370386	0.0	0.0	0.0	0.0	0.0	0.0	0.0	0.0	0.0	0.0	0.0	0.0	0.0	0.0	0.0	0.0
GSM4138114_HNSCC_3_PBMC_TGCCCTAAGTGTTAGA	54.83591563650777	0.0	147.15216115843376	0.0	168.7360813649003	148.07071557241346	0.0	126.73640957348772	0.0	63.72798026411701	0.0	199.20530621314387	0.0	0.0	0.0	15.53076757138774	0.0	0.0	0.0	0.0	0.0	0.0	0.0	0.0	0.0	0.0	0.0	0.0	0.0	0.0	0.0	0.0	0.0	0.0	0.0
GSM4138114_HNSCC_3_PBMC_TGGCTGGAGGGATGGG	302.3191806521451	169.7755581970478	81.99807198551296	0.0	0.0	60.170621548368295	98.03872347609499	0.0	0.0	0.0	0.0	0.0	0.0	0.0	0.0	39.871563381407974	0.0	0.0	0.0	157.37757981551982	0.0	39.04546664166162	0.0	0.0	0.0	0.0	0.0	0.0	0.0	0.0	0.0	0.0	0.0	0.0	0.0
GSM4138114_HNSCC_3_PBMC_TTAGGACAGTCCTCCT	285.51809130935976	133.17081870115214	0.0	111.46308072645009	13.08107046609972	105.21842031991295	86.07168842992499	169.0605748177617	0.0	0.0	0.0	0.0	0.0	0.0	0.0	0.0	0.0	0.0	0.0	0.0	82.07062503653806	0.0	36.5824626021066	0.0	0.0	0.0	0.0	0.0	0.0	0.0	0.0	0.0	0.0	0.0	0.0
GSM4138114_HNSCC_3_PBMC_TTATGCTCAGTATAAG	65.15169826666369	33.51335663361293	2.221225258210546	0.0	0.0	72.75199380916472	30.386307527710432	0.0	51.15185631132786	0.0	8.05413432620951	0.0	0.0	0.0	50.42895513071778	0.0	0.0	0.0	2.7256670619233856	0.0	0.0	0.0	0.0	0.0	0.0	0.0	0.0	0.0	0.0	0.0	11.944138356414623	0.0	0.0	0.0	0.0
GSM4138114_HNSCC_3_PBMC_TTCCCAGGTCTCCCTA	0.0	0.0	18.268984736702656	104.72679981023686	101.99705300570471	159.10098291909298	81.99556828250773	0.0	0.0	0.0	236.0585497330046	0.0	30.705214971115293	45.97603663017553	0.0	0.0	16.723540066133022	53.85566745493498	0.0	0.0	0.0	0.0	0.0	56.63931143549048	0.0	0.0	0.0	0.0	0.0	0.0	0.0	0.0	0.0	0.0	0.0
GSM4138114_HNSCC_3_PBMC_TTCCCAGTCACTCCTG	0.0	172.68442729910683	110.38617477625044	0.0	0.0	0.0	0.0	0.0	0.0	0.0	249.80838305887033	0.0	0.0	0.0	0.0	0.0	0.0	0.0	38.815125758901814	173.37655351651478	203.38117065009774	0.0	55.56676815456066	0.0	0.0	0.0	0.0	0.0	0.0	0.0	0.0	0.0	0.0	0.0	0.0
GSM4138114_HNSCC_3_PBMC_TTCTACATCCGCATCT	0.0	0.0	81.66951734565662	0.0	70.34414598190901	0.0	153.82332441194205	0.0	7.1535206901555	0.0	19.80281054012003	0.0	0.0	0.0	0.0	0.0	157.28375790815366	0.0	0.0	64.44294623100456	112.92427932211912	0.0	0.0	0.0	0.0	0.0	0.0	0.0	0.0	0.0	0.0	0.0	0.0	0.0	0.0
GSM4138114_HNSCC_3_PBMC_AAAGATGTCTCCCTGA	66.98596255222557	45.3391111788375	0.0	0.0	8.164296338988672	100.68781007276468	0.0	0.0	153.0899578097045	0.0	17.56668945881536	9.860915759420127	157.3390772826995	0.0	0.0	0.0	0.0	0.0	0.0	0.0	0.0	0.0	0.0	0.0	0.0	0.0	57.18212470137753	0.0	0.0	0.0	0.0	0.0	0.0	0.0	0.0
GSM4138114_HNSCC_3_PBMC_AACTCCCGTCTGATCA	64.99894190704453	0.0	136.3057281252027	16.169256164353953	56.80583340970002	0.0	0.0	0.0	0.0	0.0	0.0	0.0	97.01658279248736	0.0	0.0	10.313351757423893	0.0	25.082437128459315	0.0	0.0	0.0	0.0	27.22096587707455	0.0	0.0	0.0	0.0	0.0	0.0	0.0	0.0	0.0	0.0	0.0	0.0
GSM4138114_HNSCC_3_PBMC_ACGCAGCCATCCAACA	65.63035962890926	122.67300309073514	53.01794554216362	35.890444340231554	0.0	75.72206294617511	0.0	66.27952515901578	0.0	25.215301997911062	0.0	73.41169710954239	0.0	0.0	2.5197950876253232	6.469970994949599	0.0	0.0	0.0	0.0	0.0	0.0	0.0	0.0	54.660029887910945	0.0	0.0	0.0	0.0	0.0	0.0	0.0	0.0	0.0	0.0
GSM4138114_HNSCC_3_PBMC_ACTATCTAGCCTCGTG	78.36467410449974	97.63577397698812	2.0811811712850874	42.28282247785645	0.0	69.38745044620448	50.26825514830263	0.0	9.208339933533594	0.0	0.0	0.0	20.32320546704558	55.11498752989528	0.0	0.0	0.0	0.0	0.0	0.0	0.0	0.0	0.0	0.0	0.0	0.0	0.0	0.0	0.0	0.0	0.0	0.0	0.0	0.0	0.0
GSM4138114_HNSCC_3_PBMC_ACTGAACTCAGCATGT	0.0	0.0	95.94154020051529	0.0	82.13043741464742	0.0	0.0	0.0	0.0	0.0	125.22449762197716	0.0	25.70701765799704	0.0	0.0	0.0	0.0	122.01830667566463	0.0	90.86642915045579	0.0	0.0	0.0	0.70245781270519	0.0	0.0	128.43651827667608	0.0	0.0	0.0	0.0	0.0	0.0	0.0	0.0
GSM4138114_HNSCC_3_PBMC_ATCCGAACATAACCTG	89.65762354624921	0.0	0.0	0.0	82.339456995513	76.57721451497261	0.0	0.0	110.20815731987479	0.0	0.0	3.525530142137621	0.0	0.0	94.22686565077818	1.0273449188681263	4.892118831875339	0.0	55.89990449020902	0.0	0.0	0.0	0.0	0.0	0.0	0.0	0.0	0.0	0.0	0.0	0.0	0.0	0.0	0.0	0.0
GSM4138114_HNSCC_3_PBMC_ATTTCTGTCCGTTGCT	0.0	0.0	130.51026650118078	0.0	90.83576930337708	0.0	0.0	0.0	0.0	99.94080509055065	0.0	131.23606242316575	165.80293937337916	0.0	0.0	100.19170760893279	0.0	0.0	0.0	0.0	0.0	0.0	0.0	0.30168769816728186	0.0	0.0	0.0	0.0	0.0	0.0	0.0	0.0	0.0	0.0	0.0
GSM4138114_HNSCC_3_PBMC_CAAGATCGTTCACGGC	0.0	0.0	0.0	103.00077284371328	59.62708740821872	0.0	0.0	0.0	0.0	56.46398567869869	71.99029089889406	0.0	116.41465223634758	0.0	0.0	0.0	0.0	59.05303404454703	0.0	0.0	2.8569072032607243	0.0	0.0	0.0	0.0	0.0	0.0	0.0	0.0	0.0	0.0	0.0	0.0	0.0	0.0
GSM4138114_HNSCC_3_PBMC_CGTGTCTGTTGGAGGT	0.0	0.0	88.46404926965211	0.0	126.14031923956436	0.0	0.0	0.0	3.7903039392567255	0.0	94.29605799297963	0.0	0.0	89.94571011055646	0.0	0.0	0.0	89.70829491041654	0.0	0.0	0.0	0.0	89.25211213844617	0.0	0.0	0.0	0.0	0.0	0.0	0.0	0.0	0.0	0.0	0.0	0.0
GSM4138114_HNSCC_3_PBMC_CTACACCGTAAGTGTA	97.64798762955162	0.0	0.0	80.6297641907562	101.30841291319624	0.0	0.0	0.0	0.0	0.0	0.0	0.0	0.0	105.55865537375662	28.418995864326405	0.0	0.0	77.57825586730137	41.35323737286216	0.0	0.0	0.0	0.0	0.0	0.0	0.0	1.259959005354779	0.0	0.0	0.0	0.0	0.0	0.0	0.0	0.0
GSM4138114_HNSCC_3_PBMC_GACGTTAGTGGTCTCG	34.239304764324835	65.04927959210683	0.0	59.123259537968494	0.0	0.0	52.99284667684573	0.0	0.0	0.0	0.0	59.48344413849939	13.69927367281779	121.79468977597372	0.0	45.71402676714637	0.0	0.0	0.0	0.0	0.0	0.0	0.0	0.0	0.0	0.0	0.0	0.0	0.0	0.0	0.0	0.0	0.0	0.0	0.0
GSM4138114_HNSCC_3_PBMC_GCACTCTGTGGTGTAG	0.0	42.78306775923297	0.0	43.99252324371446	0.0	0.0	0.0	153.95082835325204	0.0	0.0	83.1957062491869	0.0	0.0	0.0	0.0	0.0	0.0	28.146010178004072	0.0	0.0	0.0	40.09761416061525	79.21876203547808	0.0	0.0	0.0	0.0	0.0	0.0	0.0	0.0	0.0	0.0	2.551226843548718	0.0
GSM4138114_HNSCC_3_PBMC_GGGCATCAGACTACAA	126.13268720037722	0.0	81.93838071510667	0.0	75.21477460062137	0.0	0.0	0.0	0.0	0.0	0.0	0.0	83.3069041327877	0.0	0.0	0.0	0.0	59.22260388914815	0.0	0.0	0.0	0.0	16.35343398103892	1.764642639431555	0.0	0.0	0.0	0.0	0.0	0.0	56.66567652917639	0.0	0.0	0.0	0.0
GSM4138114_HNSCC_3_PBMC_GTCAAGTTCTTTACAC	95.27719131800204	0.0	136.0616895762444	0.0	51.61906386512861	85.90919931934432	0.0	89.71741827471776	0.0	69.21215012945713	0.0	0.0	0.0	0.0	0.0	0.0	0.0	0.0	0.0	0.0	0.0	0.0	0.0	0.0	8.710374291353492	0.0	0.0	0.0	0.0	0.0	0.0	0.0	0.0	0.0	0.0
GSM4138114_HNSCC_3_PBMC_GTGCTTCCACTATCTT	32.53461745705915	40.78791011034937	0.0	153.40901366681902	0.0	0.0	0.0	0.0	0.0	0.0	59.889149150693704	0.0	47.92624054090845	58.276477358347805	0.0	0.0	0.0	82.14284699321904	0.0	0.0	0.0	0.0	0.0	0.0	0.0	0.0	85.96074716920367	0.0	0.0	0.0	0.0	0.0	0.0	0.0	0.0
GSM4138114_HNSCC_3_PBMC_TTCTACACACACCGAC	123.81996403982711	26.43163978168783	88.44242153144194	0.0	31.461764883643387	0.0	34.89086469430251	0.0	0.0	0.0	0.0	0.0	0.0	12.84782321919187	0.0	79.24398726841224	0.0	11.63245048869558	14.50559835968704	0.0	0.0	0.0	0.0	113.41896204239086	0.0	0.0	0.0	0.0	0.0	0.0	0.0	0.0	0.0	0.0	0.0
GSM4138114_HNSCC_3_PBMC_TTGACTTTCGCGATCG	74.7901537881302	58.020664404432466	0.0	85.96716620022339	0.0	73.26494203424153	61.39056594819995	0.0	0.0	0.0	8.6024703005619	0.0	0.0	0.0	0.0	0.0	0.0	0.0	0.0	0.0	0.0	0.0	0.0	0.0	0.0	144.22933200416594	0.0	0.0	0.0	0.0	0.0	0.0	0.0	0.0	0.0
GSM4138114_HNSCC_3_PBMC_ACTGTCCCACTAGTAC	0.0	89.77664032102813	69.90676244558068	0.0	0.0	0.0	0.0	0.0	6.8723153971840985	0.0	0.0	86.26471724842285	0.0	0.0	0.0	0.0	0.0	0.0	0.0	0.0	71.68594087392115	0.0	0.0	0.0	108.26837207695974	0.0	56.76018294049426	0.0	0.0	0.0	0.0	0.0	0.0	0.0	0.0
GSM4138114_HNSCC_3_PBMC_CTCATTATCGAATCCA	0.0	55.19837401653869	80.11659355174321	0.0	0.0	0.0	0.0	0.0	0.0	58.201365109057875	0.0	82.47790722425516	0.0	0.0	0.0	135.62697544275846	0.0	0.0	0.0	74.50451000883683	0.0	0.0	0.0	32.42192311864828	0.0	0.0	0.0	0.0	0.0	0.0	0.0	0.0	0.0	0.0	0.0
GSM4138114_HNSCC_3_PBMC_GAACCTATCGACAGCC	0.0	87.36358825111587	0.0	141.20859714728363	0.0	38.667326747099565	31.100645886490803	31.522144199875374	0.0	0.0	0.0	168.27233848223366	0.0	0.0	43.687687894392226	50.80685907071588	0.0	0.0	0.0	0.0	0.0	0.0	17.45147356015217	0.0	65.68321180490258	0.0	0.0	0.0	0.0	0.0	22.236017160388148	0.0	0.0	0.0	0.0
GSM4138114_HNSCC_3_PBMC_GCGCCAACATTTGCCC	17.064230650701983	46.89886031598283	125.80888233692477	0.0	18.30018523112487	32.29489337473908	0.0	0.0	0.0	68.09572497858052	0.0	0.0	0.0	0.0	3.268247149645482	0.0	91.01628509017138	0.0	0.0	0.0	0.0	0.0	0.0	0.0	0.0	102.99653112475087	0.0	0.0	0.0	0.0	0.0	0.0	0.0	0.0	0.0
GSM4138114_HNSCC_3_PBMC_GGGAGATCAATTCCTT	63.73962448782112	74.99337267141205	56.33904036491482	0.0	0.0	0.0	0.0	111.2482775748379	0.0	59.85203401656096	0.0	0.0	0.0	0.0	0.0	0.0	0.0	0.0	0.0	0.0	46.69822314122011	0.0	0.0	0.0	0.0	0.0	0.0	0.0	0.0	0.0	0.0	0.0	0.0	0.0	0.0
GSM4138114_HNSCC_3_PBMC_GTGAAGGAGAAGGTGA	61.75045695575109	41.559330787030724	0.0	62.020035080725464	0.0	0.0	0.0	0.0	0.0	0.0	38.128441597745145	0.0	136.42536448863004	0.0	0.0	0.0	0.0	0.0	56.75341369494229	0.0	14.891119730383789	56.5767513627807	36.1362695733583	0.0	0.0	0.0	0.0	0.0	0.0	0.0	0.0	0.0	0.0	0.0	0.0
GSM4138114_HNSCC_3_PBMC_TACCTATTCGAGAGCA	0.0	44.60340240530961	65.95564895818437	0.0	0.0	0.0	0.0	0.0	0.0	0.0	63.65562038685075	0.0	0.0	31.98619905111496	0.0	0.0	0.0	0.0	90.06966370947988	0.0	49.16518634703837	0.0	0.0	17.065498022774882	0.0	0.0	0.0	0.0	0.0	0.0	0.0	1.6890056606508266	0.0	0.0	0.0
GSM4138114_HNSCC_3_PBMC_TAGCCGGGTTGATTCG	0.0	33.901857354271066	0.0	103.58253250220181	0.0	0.0	0.0	0.0	0.0	0.0	0.0	0.0	63.70564195796683	0.0	0.0	0.0	87.66075251236714	0.0	47.92664358790197	17.749050393618557	36.30802480288705	32.566999749600875	0.0	0.0	0.0	4.866504680909423	35.99001256175001	0.0	0.0	0.0	0.0	0.0	0.0	0.0	0.0
GSM4138114_HNSCC_3_PBMC_TCTTTCCTCGCCGTGA	65.18188533839658	0.0	82.52036765533579	0.0	57.35233594326819	90.31300320942461	34.76324710425295	15.982057567956156	3.569675666138152	0.0	0.0	82.08720907038185	0.0	0.0	0.0	0.0	0.0	0.0	0.0	0.0	0.0	0.0	0.0	0.0	0.0	115.91591946997502	0.0	7.8983673788824085	0.0	0.0	0.0	0.0	0.0	0.0	0.0
GSM4138114_HNSCC_3_PBMC_TGTGGTAGTTGCCTCT	30.82487880183734	81.61928084706048	50.560458666644934	57.79904954796098	17.374153563739945	0.0	0.0	126.00082142707247	0.0	74.14676342268027	95.26230921969339	0.0	0.0	0.0	0.0	0.0	0.0	0.0	0.0	0.0	0.0	95.09791014221967	0.0	0.0	0.0	0.0	0.0	0.0	0.0	0.0	0.0	0.0	0.0	0.0	0.0
GSM4138114_HNSCC_3_PBMC_ATTATCCTCCTCCTAG	130.85378063699915	165.44760667691736	0.0	71.35967740386003	0.0	100.98393656050871	0.0	0.0	88.44456148978266	0.0	0.0	0.0	0.0	153.04273839311713	83.76452997971892	22.573772772027766	0.0	0.0	0.0	0.0	0.0	0.0	174.6027578824982	0.0	0.0	0.0	0.0	0.0	0.0	0.0	0.0	0.0	0.0	0.0	0.0
GSM4138114_HNSCC_3_PBMC_CGAGAAGAGCTACCTA	0.0	0.0	122.09753621695751	0.0	173.97295140859467	0.0	0.0	0.0	0.0	125.0998281061328	0.0	181.60253911582996	186.3815593232154	0.0	0.0	0.0	0.0	0.0	0.0	0.0	0.0	0.0	0.0	0.0	0.0	0.0	0.0	0.0	0.0	39.75861523824896	0.0	51.104454723929095	0.0	0.20489694940207034	0.0
GSM4138114_HNSCC_3_PBMC_GACTACACACCGCTAG	170.79472383570888	111.6732699034255	0.0	57.77663760957296	0.0	31.011168482094043	0.0	0.0	0.0	92.33862344983383	0.0	0.0	0.0	65.42939372696085	22.934433713032774	98.26648713165666	0.0	0.0	0.0	0.0	0.0	0.0	0.0	0.0	0.0	0.0	0.0	0.0	0.0	0.0	0.0	0.0	0.0	0.0	0.0
GSM4138114_HNSCC_3_PBMC_GGCTCGAGTCTGATCA	0.0	120.15782559036884	59.34951741269221	0.0	0.0	0.0	0.0	0.0	0.0	78.44635303513844	142.94825125310305	0.0	130.24836350479688	0.0	0.0	64.48225922025377	0.0	0.0	0.0	0.0	0.0	0.0	0.0	0.0	0.0	0.0	0.0	0.0	0.0	0.2943318242568123	0.0	0.0	0.0	0.0	0.0
GSM4138114_HNSCC_3_PBMC_TCAGATGTCAGTTTGG	21.372576664585733	0.0	0.0	76.05891986736576	84.73362414447476	34.1663239727522	131.9452527900733	0.0	0.0	0.0	0.0	0.0	0.0	127.05934074387415	0.0	36.59790568848434	95.94976696519429	0.0	0.0	0.0	0.0	0.0	0.0	0.0	0.0	0.0	0.0	0.0	0.0	0.0	0.0	0.0	0.0	0.0	0.0
GSM4138114_HNSCC_3_PBMC_TCGAGGCAGAACAATC	0.0	0.0	25.100309581935676	0.0	207.6989758107129	118.48497196420962	190.06053604860807	277.9523952872181	174.92380244803252	0.0	245.9474128811272	0.0	0.0	0.0	0.0	10.396923833511364	0.0	0.0	0.0	0.0	31.47795723388083	0.0	0.0	0.0	0.0	0.0	0.0	0.0	0.0	0.0	0.0	0.0	0.0	0.0	0.0
GSM4138114_HNSCC_3_PBMC_TGGGCGTGTCATTAGC	0.0	41.422885551526726	72.20645873200422	0.0	0.0	0.0	68.509678771851	0.0	0.0	0.0	0.0	81.6217479581612	0.0	95.12867123137252	0.0	0.0	0.0	0.0	0.0	0.0	0.0	90.89445794707439	0.0	0.0	0.0	0.0	0.0	0.0	0.0	0.0	0.0	0.0	0.0	0.0	0.0
GSM4138114_HNSCC_3_PBMC_TTCCCAGAGGACAGCT	125.60506164631616	43.0029273199117	0.0	0.0	0.0	2.3545057653964068	86.46209016803174	65.68333215719782	89.7260567697614	0.0	0.0	0.0	0.0	0.0	0.0	58.14174767938846	0.0	0.0	0.0	0.0	0.0	0.0	5.403024781813079	0.0	0.0	42.601830452218515	0.0	0.0	0.0	0.0	15.266282664626237	0.0	0.0	0.0	0.0
GSM4138114_HNSCC_3_PBMC_ACACCAACATGCATGT	91.62658387444391	0.0	79.69202964147492	0.0	56.355409535363876	50.56128755745801	106.10324913975877	0.0	0.0	0.0	0.0	1.5076883067013933	0.0	0.0	130.3907019001437	38.56437296293692	0.0	0.0	0.0	0.0	0.0	0.0	3.292226822310895	0.0	0.0	0.0	0.0	0.0	0.0	0.0	0.0	0.0	0.0	0.0	0.0
GSM4138114_HNSCC_3_PBMC_ACGATACGTGTGGTTT	51.47595528155535	128.0119989280382	0.0	34.83473550702089	0.0	0.0	0.0	47.22965332364523	144.94978051611525	0.0	127.56488152079606	16.119707816749635	0.0	14.55567338310618	0.0	95.49752394287306	159.00400455627016	64.82936976010072	36.91153745062818	99.87617782324533	0.0	0.0	160.87251301699317	0.0	0.0	0.0	0.0	0.0	0.0	0.0	0.0	0.0	46.15374844025094	0.0	0.0
GSM4138114_HNSCC_3_PBMC_AGAATAGTCACCATAG	177.41041650522286	35.835087179100434	0.0	135.71541417755253	71.61168603833082	0.0	0.0	0.0	0.0	0.0	0.0	0.0	90.34471448994576	0.0	0.0	73.82947671883285	0.0	97.67364235100726	65.96570427430512	0.0	0.0	0.0	0.0	0.0	0.0	0.0	0.0	0.0	0.0	0.0	0.0	0.0	0.0	7.094578445092112	0.0
GSM4138114_HNSCC_3_PBMC_AGCCTAATCCTGCCAT	69.13520435413079	0.0	0.0	0.0	49.073852456499736	46.04093230725458	0.0	0.0	33.19525576770955	0.0	2.7729409442565167	0.0	0.0	0.0	50.083648686157616	4.802393301826304	0.0	0.0	0.0	0.0	0.0	0.0	55.027984249894274	0.0	0.0	0.0	0.0	0.0	0.0	0.0	0.0	0.0	0.0	0.0	0.0
GSM4138114_HNSCC_3_PBMC_CAACCAAGTTGAGGTG	14.75779765312224	33.09445546267079	70.4114816747452	0.0	0.0	0.0	0.0	82.65804207644105	16.472949400984987	0.0	0.0	78.37211779687348	0.0	0.0	0.0	0.0	0.0	0.0	30.99782525887697	0.0	0.0	64.57202776518521	0.0	0.0	0.0	0.0	0.0	0.0	0.0	0.0	0.0	0.0	0.0	0.0	0.0
GSM4138114_HNSCC_3_PBMC_CACACAACATGCCTAA	167.65954830467592	0.0	0.0	99.96073429900362	105.15607876504016	0.0	0.0	0.0	0.0	0.0	0.0	0.0	36.4702434819709	21.96867274293136	0.0	109.23736230423775	0.0	0.0	105.4524927331294	24.430139882911654	0.0	0.0	0.0	62.830280862964706	0.0	0.0	0.0	0.0	0.0	0.0	0.0	0.0	0.0	0.0	0.0
GSM4138114_HNSCC_3_PBMC_CCACTACAGGTGCTAG	0.0	0.0	93.06075348316202	0.0	57.32254354036622	0.0	0.0	0.0	0.0	55.193581246292666	0.0	135.49137421452892	0.0	0.0	0.0	59.29811313239907	0.0	0.0	0.0	79.32876100472893	0.0	0.0	0.0	0.0	0.0	0.0	0.0	0.0	0.0	0.0	0.0	0.0	0.0	0.0	0.0
GSM4138114_HNSCC_3_PBMC_CGTCACTCAGATTGCT	223.4110793647912	45.181098488389594	111.10469762003558	0.0	14.039461935350493	197.5422274595753	0.0	0.0	0.0	0.0	0.0	0.0	0.0	120.6240319864378	0.0	0.0	0.0	0.0	214.05421446051838	0.0	0.0	0.0	0.0	35.50543441905773	0.0	0.0	0.0	0.0	0.0	0.0	0.0	0.0	0.0	0.0	0.0
GSM4138114_HNSCC_3_PBMC_CTCGGGAGTCTAGCGC	238.8488740097419	144.46769966409795	187.22097535231924	0.0	0.0	103.14366943344264	150.3489754151456	149.924732074684	0.0	0.0	165.46456845721622	0.0	0.0	0.0	0.0	6.604043397434183	0.0	0.0	0.0	0.0	0.0	0.0	0.0	0.0	0.0	0.0	0.0	0.0	0.0	0.0	0.0	0.0	0.0	0.0	0.0
GSM4138114_HNSCC_3_PBMC_GACCTGGCAGTCACTA	126.74370669039189	180.40511933493505	0.0	24.733877479286825	0.0	54.41373257831989	52.51712966229765	0.0	111.56504291369123	0.0	0.0	0.0	0.0	4.6752069964101395	0.0	0.0	0.0	0.0	0.0	0.0	19.9923216647856	0.0	0.0	124.54612504550614	0.0	0.0	0.0	0.0	0.0	0.0	0.0	0.0	0.0	0.0	0.0
GSM4138114_HNSCC_3_PBMC_GCTCTGTAGTCAAGCG	190.78434737454612	121.37696867572778	0.0	122.39280911549977	0.0	46.59116817995987	94.45420625118813	99.21302599995447	0.0	0.0	0.0	0.0	0.0	0.0	0.0	67.18809007026572	0.0	0.0	0.0	0.0	0.0	0.0	0.0	0.0	0.0	0.0	0.0	0.0	0.0	0.0	0.0	0.0	22.846680340314407	0.0	0.0
GSM4138114_HNSCC_3_PBMC_GGAACTTAGAGAGCTC	207.42634325354584	118.08459716625387	0.0	61.22327848250545	0.0	0.0	0.0	0.0	32.681838208373215	0.0	0.0	0.0	0.0	65.6494113255782	90.82625762263774	109.79648950412391	0.0	0.0	167.0531407460001	0.0	0.0	0.0	0.0	0.0	0.0	0.0	0.0	0.0	0.0	0.0	0.0	0.0	0.0	0.0	0.0
GSM4138114_HNSCC_3_PBMC_GGCGACTGTTCCACTC	0.0	85.22542753422516	0.0	0.0	0.0	0.0	0.0	81.12395155578504	86.1307433821959	0.0	52.4305739231835	257.26241886076986	0.0	0.0	40.481451414917416	0.0	0.0	0.0	0.0	0.0	0.0	85.22552846446656	33.514996770658676	0.0	0.0	0.0	2.5615707046249625	0.0	0.0	0.0	17.89091030612025	1.2751988480581893	0.0	0.0	0.0
GSM4138114_HNSCC_3_PBMC_GTTTCTACACACAGAG	64.32012109818044	161.84268013767877	0.0	61.94598039391982	0.0	0.0	0.0	0.0	70.86885191979896	165.46754549031053	108.55286988947535	0.0	170.00441511292084	0.0	0.0	0.0	0.0	0.0	0.0	52.51193136256746	0.0	378.9234368622259	0.0	0.0	0.0	0.0	0.0	0.0	8.248833681028612	0.0	0.0	0.0	0.0	0.0	0.0
GSM4138114_HNSCC_3_PBMC_TGCGTGGCAGTCGATT	193.1263444088972	170.8042185675289	69.59932280108727	0.0	0.0	0.0	77.3442113938063	0.0	11.698301028468963	0.0	0.0	0.0	175.13082121087828	0.0	0.0	0.0	0.0	0.0	0.0	0.0	124.17895983455116	0.0	0.0	0.0	0.0	0.0	0.0	0.0	0.0	0.0	0.0	0.0	0.0	0.0	0.0
GSM4138114_HNSCC_3_PBMC_TTATGCTGTTACGACT	185.4093398198319	57.04213270679794	0.0	0.0	4.915596197026979	147.15550031443183	71.66838728328503	0.0	129.96861397734688	0.0	0.0	0.19407224730704872	49.55232651075811	0.5889225664746752	0.0	0.0	0.0	0.0	0.0	0.0	0.0	0.0	0.0	58.84733531745551	0.0	0.0	0.0	0.0	0.0	0.0	0.0	0.0	0.0	0.0	0.0
GSM4138114_HNSCC_3_PBMC_AAAGCAATCCCGACTT	0.0	0.0	209.65750510155365	0.0	234.7669553950583	0.0	0.0	0.0	0.0	0.0	0.0	177.9322400969363	0.0	231.2469926320153	0.0	0.0	0.0	0.0	58.7249375847766	0.0	94.13542844374896	0.0	48.261104944601946	0.0	0.0	0.0	0.0	0.0	0.0	0.0	0.0	0.0	0.0	0.0	0.0
GSM4138114_HNSCC_3_PBMC_AAAGTAGGTTCAGACT	0.0	79.46292876921657	0.0	218.48651115638077	52.72382813617669	0.0	0.0	0.0	0.0	149.66867324183295	161.66127616357477	0.0	0.0	0.0	0.0	0.0	0.0	106.76652493511052	0.0	0.0	0.0	0.0	0.0	0.0	0.0	243.50006515828304	0.0	0.0	0.0	0.0	0.0	0.0	0.0	0.0	0.0
GSM4138114_HNSCC_3_PBMC_ACGTCAAAGAGCTGGT	130.8968476269736	174.69872550054635	191.05407367091078	6.080448756760863	0.0	0.0	0.0	239.1038182422394	0.0	0.0	83.53998171293138	0.0	0.0	0.0	0.0	155.9264418783015	0.0	6.660242385481134	99.71955426823283	0.0	0.0	0.0	56.20889759462664	0.0	0.0	0.0	0.0	0.0	0.0	0.0	0.0	0.0	0.0	0.0	0.0
GSM4138114_HNSCC_3_PBMC_ACTTGTTAGCAGATCG	122.04358667585927	0.0	196.58724358321078	0.0	134.46396516398346	0.0	0.0	133.1004559903171	0.0	109.72379724615149	0.0	2.2549802106097125	49.19299479212823	0.0	0.0	0.0	0.0	0.0	0.0	0.0	0.0	0.0	0.0	0.0	5.077575727918264	0.0	0.0	0.0	125.10453084292944	0.0	0.0	0.0	0.0	0.0	0.0
GSM4138114_HNSCC_3_PBMC_AGCTCCTGTCTGCAAT	0.0	156.74166049273046	0.0	0.0	0.0	0.0	0.0	0.0	247.2169457690159	137.2464091769969	189.3687440292713	0.0	243.82945117542727	0.0	0.0	0.0	0.0	80.4857181105691	0.0	0.0	0.0	83.30550025401656	0.0	0.0	0.0	0.0	0.0	0.0	0.0	0.0	0.0	0.0	0.0	0.0	0.0
GSM4138114_HNSCC_3_PBMC_ATCTGCCTCTCCGGTT	0.0	195.45960713167656	256.0043744392765	0.0	0.0	0.0	0.0	0.0	0.0	94.65865645306721	72.03836330738154	145.88981870413107	293.55309876867796	0.0	0.0	0.0	0.0	0.0	0.0	0.0	0.0	0.0	134.30268206981242	0.0	0.0	0.0	0.0	0.0	0.0	0.0	0.0	190.12544377862125	0.0	0.0	0.0
GSM4138114_HNSCC_3_PBMC_CACAAACGTCTCTTAT	166.19544735785553	232.3855746712905	212.7146283403337	90.17258642986185	0.0	199.3323347177358	139.0386944538569	0.0	0.0	5.044695246869383	0.0	0.0	57.702398901049094	0.0	0.0	0.0	0.0	0.0	0.0	21.405361991794365	0.0	0.0	0.0	162.9071169579952	0.0	0.0	0.0	0.0	0.0	0.0	0.0	0.0	0.0	0.0	0.0
GSM4138114_HNSCC_3_PBMC_CATCAAGCACAGATTC	160.27276370087012	0.0	21.79823119974906	0.0	185.16579799170168	0.0	0.0	293.4487051615186	141.1026556889526	0.0	0.0	0.0	0.0	0.0	0.0	187.9260741928052	0.0	0.0	0.0	0.0	0.0	0.0	116.4602083731683	0.0	0.0	0.0	0.0	0.0	0.0	0.0	0.0	0.0	0.0	0.0	0.0
GSM4138114_HNSCC_3_PBMC_CGTCCATGTAATCACC	116.24789432884599	196.53099798105725	97.92803250998578	0.0	0.0	0.0	159.78498723961076	208.58724552405081	104.46722716334142	0.0	7.323190304451319	0.0	0.0	0.0	0.0	0.0	0.0	0.0	0.0	0.0	0.0	170.87000766225893	0.0	0.0	0.0	0.0	0.0	0.0	0.0	0.0	0.0	0.0	0.0	0.0	0.0
GSM4138114_HNSCC_3_PBMC_CGTTCTGGTCCGAGTC	131.11573300778815	0.0	141.53705972743137	0.0	165.02673348483995	0.0	22.25059594102146	0.0	0.0	107.62144063134298	0.0	0.0	241.88905643684188	0.0	0.0	0.0	0.0	0.0	0.0	0.0	0.0	199.08269692140982	0.0	0.0	0.0	0.0	0.0	0.0	0.0	0.0	0.0	0.0	0.0	0.0	0.0
GSM4138114_HNSCC_3_PBMC_CTACGTCAGAGGACGG	57.278264622448795	58.71945458163508	82.20216349260699	144.13055592890973	99.32637841468218	64.89053962087758	138.7963764980924	171.63997901790586	0.0	0.0	0.0	0.0	0.0	0.0	0.0	0.0	54.975365296179966	33.184370677010044	0.0	0.0	0.0	0.0	0.0	0.0	0.0	0.0	0.0	0.0	0.0	0.0	0.0	0.0	0.0	0.0	0.0
GSM4138114_HNSCC_3_PBMC_GACGCGTGTTCCGGCA	80.47408044298838	145.99659865067173	179.5316844323562	0.0	0.0	0.0	0.0	0.0	0.0	97.41066565017663	0.0	34.815152687252265	237.501794356715	0.0	0.0	0.0	0.0	57.83036978160932	0.0	0.0	0.0	88.00249934311223	3.3669090173388776	0.0	0.0	0.0	0.0	0.0	0.0	0.0	0.0	0.0	0.0	0.0	0.0
GSM4138114_HNSCC_3_PBMC_GGCCGATCATGTAAGA	197.31710400725035	0.0	0.0	195.80328825602575	184.52641850901475	0.0	0.0	27.61423129733957	0.0	0.0	0.0	0.0	154.1808741757145	0.0	0.0	0.0	0.0	0.0	0.0	0.0	0.0	0.0	139.76651137920945	0.0	0.0	0.0	0.0	0.0	0.0	0.0	0.0	141.73704780936131	0.0	0.0	0.0
GSM4138114_HNSCC_3_PBMC_GTATTCTTCTGTGCAA	126.57908587110775	175.24699886038135	307.34017610264857	0.0	0.0	0.0	209.26864169727966	0.0	0.0	0.0	0.0	0.0	0.0	248.11213296953787	0.0	0.0	0.0	0.0	0.0	0.0	0.0	0.0	0.0	0.0	0.0	0.0	0.0	0.0	180.2596905697654	0.0	0.0	0.0	0.0	0.0	0.0
GSM4138114_HNSCC_3_PBMC_GTCAAGTAGTGCTGCC	0.0	0.0	0.0	0.0	251.84597763768213	85.95442654276793	0.0	0.0	223.96776739691413	175.9871729209613	179.62941896264206	0.0	197.10404277704117	0.0	0.0	0.0	0.0	0.0	0.0	0.0	0.0	0.0	0.0	0.0	0.0	13.749699111516957	0.0	0.0	0.0	0.0	0.0	0.0	0.0	0.0	0.0
GSM4138114_HNSCC_3_PBMC_GTCTCGTAGGCTAGAC	0.0	193.7440657759489	296.67473528475284	0.0	0.0	0.0	0.0	0.0	0.0	144.25990822367035	0.0	185.66451690242428	0.0	140.67318357048578	0.0	0.0	0.0	0.0	0.0	0.0	0.0	0.0	0.0	0.0	0.0	0.0	0.0	0.0	0.0	0.0	0.0	155.80023973619328	0.0	0.0	0.0
GSM4138114_HNSCC_3_PBMC_TCTGGAAAGTGGTAAT	16.870564108807507	0.0	74.18689305579935	0.0	149.89084205068934	75.7660582230549	0.0	139.34330619642796	205.46542543919213	105.65347397648748	0.0	102.10866056012784	0.0	0.0	29.818207890338613	38.34075482805536	0.0	0.0	0.0	0.0	0.0	0.0	0.0	0.0	0.0	0.0	0.0	0.0	0.0	0.0	0.0	0.0	0.0	0.0	0.0
GSM4138114_HNSCC_3_PBMC_TGGCCAGGTCCAAGTT	0.0	31.241148537453356	168.64535398453967	0.0	65.16564991865428	0.0	61.09404446432615	0.0	0.0	75.47271196294272	0.0	156.32217551263352	135.13209111455598	58.76932472509474	0.0	115.51680119901435	0.0	0.0	0.0	0.0	0.0	0.0	18.900894550435304	15.781777776388887	0.0	0.0	0.0	0.0	0.0	0.0	0.0	0.0	0.0	0.0	0.0
GSM4138114_HNSCC_3_PBMC_AACTGGTGTGTGGCTC	0.0	314.6142975577813	367.5416767500389	0.0	15.952636661468686	91.39926718345507	263.12156982105864	323.804274979468	0.0	0.0	0.0	252.11941860679448	0.0	0.0	0.0	111.89807884702857	0.0	0.0	0.0	0.0	0.0	0.0	0.0	0.0	0.0	0.0	0.0	0.0	0.0	0.0	0.0	0.0	0.0	0.0	0.0
GSM4138114_HNSCC_3_PBMC_AAGACCTAGTTTGCGT	84.55260339130899	161.89972835140404	229.35795911842303	0.0	0.0	53.76415411817666	241.69099843582975	5.618927378965788	71.85900485788456	5.908482647521403	87.73641081136056	0.0	0.0	0.0	0.0	149.4829146278612	0.0	0.0	0.0	0.0	0.0	0.0	4.334597559893902	0.0	0.0	0.0	0.0	292.8799065423911	0.0	0.0	0.0	0.0	0.0	0.0	0.0
GSM4138114_HNSCC_3_PBMC_ACATCAGAGTGTCCAT	95.51850547510399	370.00240200903136	405.3957943940758	0.0	0.0	0.0	135.6506556579531	397.48792206093594	29.880048864259294	10.170957508552318	104.91130968332419	80.621800599714	0.0	0.0	0.0	0.0	0.0	0.0	21.821849289092835	0.0	0.0	233.77586555896187	59.96248508751371	0.0	0.0	0.0	0.0	0.0	0.0	0.0	0.0	0.0	0.0	0.0	0.0
GSM4138114_HNSCC_3_PBMC_ACGGCCACATGGTCTA	15.412098890522659	0.0	0.0	0.0	202.4309103789945	0.0	258.88247878046167	0.0	248.022641590033	0.0	33.649527705363724	138.4812641281711	0.0	0.0	0.0	0.0	0.0	0.0	0.0	0.0	0.0	0.0	0.0	0.0	0.0	0.0	0.0	246.2758513849535	0.0	0.0	0.0	138.20437092882548	0.0	0.0	0.0
GSM4138114_HNSCC_3_PBMC_ACTTGTTGTTGTGGAG	0.0	0.0	158.02974541190926	0.0	171.65602134767877	0.0	0.0	0.0	0.0	0.0	0.0	96.58933070995236	340.05873611847943	0.0	0.0	0.0	0.0	0.0	289.4181440726465	0.0	0.0	8.119536527392688	0.0	0.0	0.0	0.0	0.0	0.0	47.863107415788036	0.0	0.0	0.0	0.0	0.0	0.0
GSM4138114_HNSCC_3_PBMC_AGCGTATCAGCTCGCA	0.0	0.0	0.0	0.0	0.0	0.0	0.0	233.16659230441206	0.0	0.0	0.0	0.0	0.0	0.0	0.0	0.0	0.0	0.0	0.0	4202.780746118075	0.0	0.0	0.0	0.0	0.0	0.0	0.0	0.0	0.0	0.0	0.0	0.0	0.0	0.0	0.0
GSM4138114_HNSCC_3_PBMC_CCATTCGAGACAGGCT	0.0	289.5443761141136	0.0	0.0	0.0	0.0	174.5112700902257	271.2220240817698	346.70432675939134	0.0	0.0	0.0	72.96769446318467	0.0	0.0	0.0	175.95406227223745	72.6458663169639	0.0	0.0	0.0	0.0	96.02186039185972	0.0	0.0	0.0	0.0	0.0	61.82424919297908	0.0	0.0	0.0	0.0	0.0	0.0
GSM4138114_HNSCC_3_PBMC_CCTTCGATCTCGCTTG	0.0	0.0	277.0893096534514	51.92552349736503	207.59638932391258	0.0	225.3593635700155	186.1297799153704	0.0	0.0	0.0	146.8289096515744	102.12115177927663	15.18938542609709	0.0	112.16710513946784	0.0	0.0	8.878802742311311	0.0	0.0	0.0	13.620512300158513	22.911724082991775	0.0	0.0	0.0	0.0	0.0	0.0	0.0	0.0	0.0	0.0	0.0
GSM4138114_HNSCC_3_PBMC_CGCGTTTAGACTAGGC	0.0	0.0	2637.4954406431366	381.9612139531751	0.0	0.0	0.0	0.0	65.6928955187777	0.0	0.0	0.0	0.0	0.0	0.0	0.0	0.0	0.0	0.0	0.0	0.0	0.0	0.0	0.0	0.0	0.0	0.0	0.0	0.0	0.0	0.0	0.0	0.0	0.0	0.0
GSM4138114_HNSCC_3_PBMC_CTACATTTCTTTACGT	105.86362022413871	0.0	293.86182405142995	0.0	276.80229188997765	139.20550504839258	294.0825008137068	0.0	68.13694674746498	0.0	0.0	0.0	0.0	0.0	354.9786692371195	0.0	0.0	0.0	0.0	0.0	0.0	0.0	0.0	0.0	0.0	0.0	0.0	0.0	0.0	0.0	0.0	0.0	0.0	0.0	0.0
GSM4138114_HNSCC_3_PBMC_CTAGCCTAGACCGGAT	0.0	269.9996485481491	183.10220394325452	0.0	0.0	0.0	225.728771503333	0.0	87.37026782218652	0.0	0.0	146.90761333668752	0.0	0.0	219.42526768994216	125.77872201310763	0.0	0.0	0.0	0.0	0.0	0.0	0.0	0.0	0.0	0.0	0.0	94.83503438955654	0.0	0.0	0.0	0.0	0.0	0.0	0.0
GSM4138114_HNSCC_3_PBMC_GACGTTAGTACCATCA	0.0	0.0	271.82430758214923	0.0	324.0004792493709	0.0	0.0	219.41812947947815	0.0	292.01267944441065	8.537103655079061	146.80782347607564	0.0	0.0	218.61022557892102	0.0	67.97725398197858	0.0	0.0	0.0	0.0	0.0	62.12325397016988	0.0	25.84616324441607	0.0	0.0	0.0	199.26249044829908	0.0	0.0	0.0	0.0	0.0	0.0
GSM4138114_HNSCC_3_PBMC_GCGCAGTCAACTGGCC	0.0	353.8034132898132	320.97828252414354	0.0	8.744083792721016	116.02375097563828	0.0	0.0	0.0	337.1776730472531	0.0	186.22574135033975	0.0	277.8001044833806	0.0	8.759016117049914	0.0	0.0	0.0	0.0	0.0	0.0	0.0	78.80758757088647	0.0	0.0	0.0	0.0	0.0	0.0	0.0	0.0	0.0	0.0	0.0
GSM4138114_HNSCC_3_PBMC_GCTCTGTCACACTGCG	174.23456878301693	180.65928299031665	417.2746762337756	0.0	132.45433938931941	0.0	381.3625460929917	259.0855733197836	0.0	0.0	0.0	11.082958330808498	0.0	0.0	0.0	152.5846124155869	0.0	0.0	0.0	0.0	0.0	0.0	0.0	0.0	0.0	0.0	0.0	0.0	0.0	0.0	0.0	0.0	0.0	0.0	0.0
GSM4138114_HNSCC_3_PBMC_GCTGCAGTCCGGCACA	0.0	226.83058103724483	0.0	276.2138185607131	0.0	0.0	0.0	0.0	0.0	268.93811666412824	247.82543704933002	0.0	341.35028768019305	0.0	0.0	0.0	0.0	73.46209196500347	0.0	0.0	0.0	28.654745303927015	7.719891171230001	0.0	0.0	3.3332437938333066	0.0	0.0	0.0	0.0	0.0	0.37213052441927774	0.0	0.0	0.0
GSM4138114_HNSCC_3_PBMC_GTAGTCACACAAGCCC	0.0	173.47483995912816	186.044587054124	0.0	0.0	0.0	244.8811381925312	0.0	1.6220423106816533	0.0	0.0	138.58039454281513	0.0	0.0	0.0	0.0	0.0	0.0	0.0	0.0	0.0	168.69293976410106	0.0	0.0	0.0	0.0	0.0	311.48280573183524	0.0	0.0	0.0	0.0	0.0	0.0	0.0
GSM4138114_HNSCC_3_PBMC_GTCAAGTAGGCGTACA	48.11011722357143	0.0	45.07530159355075	109.46383983384578	172.3116973282163	0.0	0.0	0.0	0.0	9.355053933476619	0.0	0.0	53.39643940470795	0.0	0.0	62.156036478449494	0.0	0.0	41.54785600237562	0.0	0.0	0.0	0.0	57.80465447458813	0.0	0.0	0.0	0.0	0.0	0.0	0.0	0.0	0.0	0.0	0.0
GSM4138114_HNSCC_3_PBMC_TACGGATAGATCGATA	72.50315523652151	222.7004409392018	269.65114232116446	0.0	0.0	0.0	238.62052391556222	227.01796351452091	0.0	1.6620854868378472	100.98216629082987	0.0	0.0	0.0	20.978992156913293	0.0	0.0	0.0	7.373928984496922	0.0	0.0	0.0	0.0	0.0	0.0	53.791340195763425	0.0	23.64958719379629	170.87493098475352	0.0	0.0	0.0	0.0	0.0	0.0
GSM4138114_HNSCC_3_PBMC_TCAACGATCTGGGCCA	0.0	2993.581834902251	0.0	0.0	1.9209522985616574	0.0	0.0	0.0	0.0	0.0	0.0	0.0	0.0	0.0	0.0	0.0	0.0	0.0	0.0	0.0	0.0	0.0	0.0	0.0	0.0	0.0	0.0	0.0	0.0	0.0	0.0	0.0	0.0	0.0	0.0
GSM4138114_HNSCC_3_PBMC_TGGGCGTGTTAGTGGG	186.24537950214403	20.644796516848427	222.50077653396957	60.84152857249497	256.8770226577429	80.03790404542994	267.23575278346794	279.3333536366209	48.70102582670905	0.0	0.0	0.0	0.0	0.0	0.0	40.41720878186566	0.0	0.0	0.0	0.0	0.0	0.0	0.0	0.0	0.0	0.0	0.0	0.0	0.0	0.0	0.0	0.0	0.0	0.0	0.0
GSM4138114_HNSCC_3_PBMC_TTGGAACCAGTCACTA	51.00331822523617	262.0418829980128	270.9569899845257	0.0	1.7483584608259195	165.98385600097802	160.98064581364912	274.002546549967	5.615192317790157	12.0044637409277	88.90775505289831	0.0	0.0	0.0	0.0	0.0	15.565342860847823	0.0	57.08647347139725	0.0	0.0	0.0	0.0	0.0	0.0	52.89803951658325	0.0	0.0	0.0	0.0	0.0	0.0	0.0	0.0	0.0
GSM4138114_HNSCC_3_PBMC_ACTGTCCCAGCGATCC	0.0	0.0	0.0	0.0	104.29238909764207	0.0	230.97623605741316	0.0	152.5329385230529	0.0	0.0	0.0	0.0	0.0	0.0	136.2947500246543	102.76223076590132	0.0	0.0	0.0	0.0	0.0	0.0	0.0	368.4936925680261	0.0	0.0	0.0	0.0	0.0	0.0	0.0	0.0	0.0	0.0
GSM4138114_HNSCC_3_PBMC_AGATTGCGTCATACTG	0.0	0.0	0.0	88.88029888292161	117.57280672315245	4.880531398854153	151.99923795817753	0.0	0.0	0.0	0.0	0.0	0.0	0.0	0.0	45.027681612598094	112.21202502949768	0.0	0.0	0.0	0.0	0.0	0.0	0.0	0.0	0.0	0.0	0.0	0.0	0.0	0.0	0.0	0.0	235.25760843000293	0.0
GSM4138114_HNSCC_3_PBMC_CACACAAGTGAACCTT	104.52104849286683	0.0	208.43504692350825	0.0	183.34914757595234	0.0	32.57874435140843	0.0	0.0	0.0	0.0	0.0	0.0	0.0	0.0	122.18384031172931	0.0	0.0	96.76878009153245	0.0	0.0	12.521118792370604	0.0	0.0	0.0	182.96079764571473	0.0	0.0	0.0	0.0	0.0	0.0	0.0	0.0	0.0
GSM4138114_HNSCC_3_PBMC_GCGCAACCATCTGGTA	10.085499557802185	16.510566942320423	0.0	0.0	134.21453777968765	0.0	0.0	0.0	114.88992699628518	0.0	50.49888892250524	23.15440654750945	0.0	0.0	0.0	0.0	0.0	0.0	138.41186261358038	0.0	0.0	0.0	0.0	0.0	222.78608262507706	0.0	0.0	0.0	150.39722566560442	0.0	0.0	0.0	0.0	0.0	0.0
GSM4138114_HNSCC_3_PBMC_TACGGATGTCTCATCC	0.0	162.4422750270047	0.0	134.007934319062	0.5751350916744873	113.58875854015875	0.0	97.39910592393578	0.0	150.72962393271416	0.0	0.0	0.0	0.0	0.0	0.0	115.13974163232263	0.0	0.0	0.0	0.0	0.0	52.281126351143705	0.0	61.6375856753191	0.0	0.0	0.0	0.0	0.0	0.0	0.0	0.0	0.0	0.0
GSM4138114_HNSCC_3_PBMC_TAGAGCTTCGGAATCT	0.0	0.0	0.0	138.79582423250082	155.03994590693344	28.621917514324135	189.07591116534005	0.0	0.0	0.0	0.0	0.0	0.0	0.0	0.0	0.0	104.15521983769497	0.0	0.0	0.0	85.1168993639463	0.0	0.0	0.0	134.95127950381743	0.0	0.0	0.0	0.0	0.0	0.0	0.0	0.0	0.0	0.0
GSM4138114_HNSCC_3_PBMC_TTGGAACGTACACCGC	92.39895799830606	0.0	253.1779166855174	0.0	152.0867154191179	0.0	176.73232576487004	0.0	0.0	0.0	0.0	0.0	0.0	0.0	0.0	0.0	0.0	0.0	0.0	284.476166518144	158.69211101974395	0.0	0.0	0.0	0.0	0.0	0.0	0.0	0.0	0.0	14.916994397030662	0.0	0.0	0.0	0.0
GSM4138114_HNSCC_3_PBMC_GCAGCCACACCACGTG	0.0	0.0	1.671577678493258	106.15350148769569	108.60194178928376	64.74594013569553	0.0	0.0	0.20771713321475582	0.0	93.10711040630198	0.0	89.15515864782887	0.0	0.0	0.5908616368488474	0.0	0.0	84.30084758199294	0.0	0.0	0.0	0.0	0.0	0.0	0.0	0.0	0.0	0.0	26.01107470512871	0.0	0.0	0.0	0.0	0.0
GSM4138114_HNSCC_3_PBMC_TAGTTGGTCGAGAGCA	90.33571272919436	90.91557974106237	0.0	0.0	0.0	68.02389029293526	0.0	68.35076736144335	140.60633508104095	0.0	35.7248899484654	0.0	0.0	0.0	0.0	8.11001713465083	0.0	0.0	0.0	0.0	0.0	0.0	54.20601515973744	0.0	0.0	40.94159860484814	0.0	9.006451620834518	0.0	0.0	0.0	0.0	0.0	0.0	0.0
GSM4138114_HNSCC_3_PBMC_GGACAAGGTTACGACT	144.0244001643539	120.48897746973925	128.94482464871143	0.0	0.0	110.10810487823025	0.0	0.0	0.0	0.0	0.0	0.0	0.0	0.0	108.29306874625742	0.0	0.0	0.0	49.70778289049762	0.0	0.0	0.0	3.34651641540575	0.0	0.0	0.0	3.9822314538405794	0.0	0.0	0.0	0.0	0.0	0.0	0.0	0.0
GSM4138114_HNSCC_3_PBMC_AGCTTGACATAACCTG	0.0	0.0	0.0	0.0	0.0	0.0	4182.024840730626	0.0	0.0	211.48409691297866	0.0	0.0	0.0	0.0	0.0	0.0	0.0	0.0	0.0	0.0	0.0	0.0	0.0	0.0	0.0	0.0	0.0	0.0	0.0	0.0	0.0	0.0	0.0	0.0	0.0
