	1	2	3	4	5	6	7	8	9	10	11	12	13	14	15	16	17	18	19	20	21	22	23	24	25	26	27	28	29	30	31	32	33	34
GSM4138114_HNSCC_3_PBMC_AAACGGGTCTAGAGTC	70.23132506964049	64.42012687863146	65.73665584333351	0.0	50.99549984490838	0.0	65.54634691982923	0.0	0.0	0.0	0.0	0.0	0.0	62.60052698364871	0.0	0.0	0.0	0.0	0.0	0.0	0.0	0.0	0.0	0.0	0.0	0.0	0.0	0.0	0.0	0.0	29.105348558219557	0.0	10.41673564559457	0.0
GSM4138114_HNSCC_3_PBMC_AAAGATGCACTACAGT	75.67006042464064	35.843318029316286	0.0	35.22955921589248	0.0	0.0	0.0	0.0	43.4528306859818	0.0	0.0	66.52702477149043	0.0	55.228963144975914	0.0	0.0	0.0	0.0	0.0	0.0	0.0	0.0	0.0	0.0	6.309215764403262	0.0	0.0	0.0	0.0	82.66720512395065	0.0	0.0	0.0	0.0
GSM4138114_HNSCC_3_PBMC_AAATGCCTCTCCAGGG	60.92800304188962	100.12211526133808	54.99757350534445	0.0	89.73883972451505	100.08194736059632	0.0	0.0	0.0	0.0	77.77486247855343	0.0	0.0	0.0	0.0	31.5990675344984	0.0	0.0	0.0	0.0	0.0	0.0	0.0	0.0	81.97839689813303	0.0	12.796038900886021	0.0	0.0	0.0	0.0	0.0	0.0	0.0
GSM4138114_HNSCC_3_PBMC_AACACGTAGAGTGAGA	87.50725037332558	40.38961145296908	88.79581570642776	114.00502010678775	0.0	0.0	0.0	0.0	0.0	0.0	2.8981540251190108	0.0	83.50356503349278	0.0	0.0	0.0	0.0	0.0	0.0	0.0	0.0	0.0	85.89723880872245	0.0	0.0	0.0	58.00347897136494	0.0	0.0	0.0	0.0	0.0	0.0	0.0
GSM4138114_HNSCC_3_PBMC_AAGGCAGGTTTAAGCC	92.18598374439289	47.14974127604132	0.0	98.011888417613	0.0	0.0	0.0	31.676113797751743	0.0	0.0	0.0	0.0	29.85857850297684	46.44329824090338	0.0	55.12684208384452	0.0	0.0	0.0	0.0	44.73852624159722	0.0	0.0	0.0	0.0	0.0	0.0	2.2199974351774037	0.0	0.0	0.0	0.0	0.0	0.0
GSM4138114_HNSCC_3_PBMC_ACACCAAGTATAAACG	90.27845043238712	29.282481347919322	39.25009683892988	62.133325917648605	5.75727099230906	0.0	44.149191971977785	26.330208170856665	0.0	0.0	72.52785829505625	0.0	0.0	0.0	0.0	0.0	0.0	0.0	0.0	0.0	0.0	0.0	0.0	45.16012438980518	0.0	0.0	0.0	0.0	0.0	0.0	0.0	0.0	0.0	0.0
GSM4138114_HNSCC_3_PBMC_ACATACGTCCACTCCA	31.332780612230945	57.043709718502775	15.845008009688474	22.810996934686273	0.0	37.81952961657829	0.0	0.0	0.0	51.13712623313767	0.0	14.233016407496752	0.0	0.0	0.0	0.0	0.0	0.0	0.0	0.0	0.0	0.0	89.3017224998521	0.0	0.0	0.0	0.0	0.0	0.0	0.0	0.0	0.0	0.0	0.0
GSM4138114_HNSCC_3_PBMC_ACTATCTAGGAGTTTA	66.11483315325495	51.97678569979877	0.0	70.7868941378342	0.0	0.0	0.0	0.0	79.7132040784214	0.0	0.0	112.3200350723511	0.0	29.568198578737594	132.79290881852808	0.0	0.0	0.0	54.72277093180401	0.0	0.0	0.0	0.0	0.0	0.0	0.0	0.0	0.0	0.0	0.0	0.0	0.0	0.0	0.0
GSM4138114_HNSCC_3_PBMC_ACTGAACTCACCTTAT	111.61180584445374	67.88935657416584	0.0	0.0	90.93924986581077	0.0	24.757914480682707	0.0	42.71011521726687	0.0	42.90758240745373	0.0	0.0	0.0	65.32982358577048	0.0	0.0	0.0	0.0	0.0	0.0	83.95664116113107	0.0	0.0	0.0	0.0	0.0	0.0	0.0	0.0	0.0	0.0	0.0	0.0
GSM4138114_HNSCC_3_PBMC_ACTTTCACAGCTGTTA	43.75633703091813	17.348603627522472	0.0	83.30543800803144	0.0	0.0	95.208357010355	61.661205463506995	0.0	0.0	0.0	66.23584308819159	0.0	0.0	0.0	0.0	0.0	0.0	0.0	0.0	0.0	0.0	0.0	0.0	0.0	0.0	0.0	0.0	31.784314225251677	0.0	0.0	0.0	0.0	0.0
GSM4138114_HNSCC_3_PBMC_AGCTCTCAGGTGATAT	57.15801252919212	45.452256243410105	64.94691167473279	82.77374854902763	0.0	60.463484903815704	0.0	0.0	0.0	0.0	0.0	0.0	0.0	0.0	0.0	0.0	0.0	0.0	0.0	0.0	0.0	0.0	0.0	0.0	46.03683727469767	0.0	0.0	69.00488180807159	0.0	0.0	0.0	52.693253773149046	0.0	0.0
GSM4138114_HNSCC_3_PBMC_AGCTCTCCAGCCTGTG	107.77293618986639	45.44928532759385	25.26720560836847	46.937956686844274	0.0	0.0	80.18597119322136	0.0	0.0	4.6236995110173265	0.0	0.0	0.0	0.0	0.0	0.0	0.0	0.0	0.0	0.0	0.0	8.963305167231718	0.0	0.0	0.0	25.704140044292004	0.0	0.0	0.0	0.0	2.4163938888022725	0.0	0.0	0.0
GSM4138114_HNSCC_3_PBMC_AGTCTTTCAAAGGTGC	45.125600769144995	30.370152882744268	0.0	0.0	107.95028996584614	109.27079777812455	0.0	0.0	0.0	0.0	0.0	85.35539464766072	0.0	0.0	0.0	0.0	66.19710985191314	0.0	0.0	0.0	0.0	0.0	0.0	0.0	0.0	0.0	0.0	0.0	10.56712608660207	0.0	0.0	0.0	0.0	0.0
GSM4138114_HNSCC_3_PBMC_AGTGAGGGTCAGCTAT	48.44338186649706	44.51831215694943	0.0	77.21327384550837	0.0	0.0	0.0	131.52149348269668	0.0	3.5546363313746436	37.05435752003077	0.0	0.0	0.0	11.94357301848629	54.76308540430305	0.0	0.0	67.7171857572336	0.0	0.0	0.0	0.0	0.0	0.0	0.0	0.0	0.0	0.0	0.0	0.0	0.0	0.0	0.0
GSM4138114_HNSCC_3_PBMC_AGTGGGATCACCACCT	103.89111769237886	46.886801666835446	59.241185547730694	109.07267961201232	0.0	0.0	88.81659964023629	0.0	57.717836905452685	0.0	0.0	0.0	0.0	0.0	0.0	0.0	0.0	0.0	0.0	0.0	0.0	0.0	0.0	0.0	0.0	0.0	0.0	0.0	49.083597885112084	0.0	0.0	12.107714550374618	0.0	0.0
GSM4138114_HNSCC_3_PBMC_ATCCACCTCCCTCAGT	59.81757191598835	16.430383397165635	70.79206248740492	0.0	25.865465767217522	0.0	0.0	0.0	0.0	28.657323484841868	0.0	0.0	0.0	0.0	65.290236445786	0.0	45.13625473393223	0.0	0.0	0.0	0.0	0.0	0.0	0.0	0.0	0.0	0.0	0.0	0.0	0.0	0.0	0.0	0.0	0.0
GSM4138114_HNSCC_3_PBMC_ATCGAGTGTCTAAACC	65.13463928034383	124.77247947102765	103.78268639704105	0.0	176.11194547571705	0.0	0.0	0.0	9.435962841861622	0.0	0.0	0.0	0.0	0.0	254.03427793447344	0.0	94.40765275848536	0.0	23.908702932068408	69.70864673794053	0.0	0.0	0.0	0.0	0.0	0.0	0.0	0.0	3.5673065616320496	0.0	0.0	0.0	0.0	0.0
GSM4138114_HNSCC_3_PBMC_ATCTACTGTGACGCCT	56.49218952768869	125.89989695389457	20.368251127743527	0.0	0.0	71.3788428724764	0.0	0.0	48.32114344644958	0.0	0.0	44.798358840751874	0.0	0.0	0.0	0.0	0.0	0.0	0.0	46.526482354627284	0.0	0.0	0.0	0.0	0.0	0.0	37.17822512400977	6.664666299020868	0.0	0.0	0.0	0.0	0.0	0.0
GSM4138114_HNSCC_3_PBMC_CAAGAAAGTGCTTCTC	69.24835920279057	20.223094233519532	45.27690375662595	26.152960637667515	0.0	0.0	0.0	60.39640502528379	0.0	0.0	55.180355438216736	0.0	0.0	0.0	74.66874789347918	0.0	0.0	0.0	0.0	0.0	0.0	0.0	0.0	0.0	0.0	0.0	0.0	0.0	0.0	0.0	0.0	0.0	0.0	0.0
GSM4138114_HNSCC_3_PBMC_CAAGGCCGTTCCCGAG	94.50371459867748	0.0	0.0	0.0	26.984189968340733	0.0	0.0	0.0	0.0	2.9401224501174443	23.004821966855804	120.97453826824324	0.0	0.0	0.0	0.0	0.0	79.52408048053958	0.0	0.0	0.0	0.0	1.9790578617403418	0.0	0.0	0.0	0.0	0.0	21.961682703392658	4.733848430418713	0.0	0.0	52.234112225992995	0.0
GSM4138114_HNSCC_3_PBMC_CAAGTTGTCAAGAAGT	0.0	136.629236734046	93.02596970288887	49.34247268068403	0.0	0.0	0.0	0.0	0.0	0.0	0.0	0.0	0.0	79.37073616034277	0.0	0.0	0.0	15.156202281148605	0.0	0.0	36.330716632884695	0.0	0.0	0.0	0.0	0.0	0.0	0.0	0.0	0.0	0.0	0.0	28.297640262729715	0.0
GSM4138114_HNSCC_3_PBMC_CACAAACCAGCTGGCT	43.09953200904165	59.116708599069206	0.0	35.21671285179348	0.0	88.82426107456199	0.0	0.0	0.0	0.0	0.0	0.0	0.0	46.923203023040855	0.0	0.0	0.0	0.0	0.0	0.0	0.0	114.36213970125338	0.0	0.0	3.2529373571317994	0.0	0.0	0.0	0.0	0.0	0.0	0.0	0.0	7.971049707132356
GSM4138114_HNSCC_3_PBMC_CACACAAAGAACAACT	21.667966201249836	45.24267904012285	88.4529513852134	152.00281348773373	0.0	0.0	145.27143238045298	0.0	0.0	0.0	37.2029324076503	0.0	0.0	6.93555383530366	0.0	0.0	0.0	0.0	0.0	0.0	0.0	0.0	13.195057791192514	0.0	0.0	28.672060559909134	0.0	0.0	0.0	0.0	0.0	0.0	0.0	0.0
GSM4138114_HNSCC_3_PBMC_CACATAGTCCGCAAGC	60.07394226919143	39.5453413451299	62.74132200082723	18.916234632449743	15.243908685434626	0.0	0.0	0.0	0.0	0.0	0.0	0.0	0.0	110.79172834894243	97.27867415824842	0.0	0.0	0.0	0.0	0.0	0.0	0.0	66.42426926195441	0.0	0.0	0.0	0.0	0.0	0.0	0.0	0.0	0.0	0.0	0.0
GSM4138114_HNSCC_3_PBMC_CACCACTAGCAATATG	55.29278505006496	24.23192143653629	0.0	64.04435916072677	0.0	89.89220972674879	0.0	0.0	10.772077835692869	26.65646180949205	0.0	23.752604509745243	0.0	0.0	0.0	0.0	14.28035383544835	0.0	50.22713439073214	0.0	0.0	0.0	0.0	0.0	0.0	0.0	0.0	0.0	0.0	0.0	0.0	0.0	0.0	0.0
GSM4138114_HNSCC_3_PBMC_CATATTCAGTCCCACG	56.062980345654424	37.5305595288487	0.0	32.08505272610485	0.0	0.0	0.0	62.136857386187984	0.0	8.27734285319383	0.0	56.190462417547344	87.93967411933187	0.0	0.0	0.0	0.0	0.0	0.0	0.0	0.0	0.01986538293999731	0.0	0.0	0.0	0.0	0.0	14.147333089261728	0.0	0.0	0.0	11.596218817892206	0.0	0.0
GSM4138114_HNSCC_3_PBMC_CATCAAGGTCGTCTTC	18.471374920213247	52.07410185302146	9.237271651183717	73.00934824808063	0.0	0.0	33.846995713518126	12.092072718619605	0.0	2.77220595756787	0.0	61.646554883167326	0.0	0.0	0.0	0.0	2.4592898498453617	0.0	0.0	0.0	0.0	0.0	0.0	30.2390982838769	0.0	0.0	0.0	0.0	21.55630868581604	101.3548326665166	0.0	0.0	0.0	0.0
GSM4138114_HNSCC_3_PBMC_CATCAGACATACTACG	171.24565080999818	136.72552363354237	0.0	148.16977241312884	0.0	0.0	272.0578780462386	59.8491768909045	0.0	0.0	0.0	124.79478693365951	0.0	0.0	0.0	0.0	0.0	0.0	0.0	128.60567753583712	0.0	0.0	0.0	8.723990939815456	108.79105764015229	0.0	0.0	0.0	7.122925323667773	0.0	0.0	0.0	0.0	0.0
GSM4138114_HNSCC_3_PBMC_CATCGGGTCTTCTGGC	27.642712489814784	65.14074771350542	108.89904481029077	23.46383862998556	24.410737932604228	0.0	75.05844758378699	0.0	80.99020685491689	0.0	38.73893731944429	0.0	0.0	0.0	0.0	0.0	0.0	0.0	0.0	0.0	0.0	0.0	0.0	0.0	0.0	0.0	0.0	0.0	0.0	0.0	0.0	0.0	0.0	0.0
GSM4138114_HNSCC_3_PBMC_CCACGGATCAGAGGTG	97.38880325454694	72.4848681669639	58.7629696426675	89.91294462103598	0.0	0.0	0.0	0.0	0.0	93.80001827243413	0.0	54.92565162228872	138.17320586241374	0.0	0.0	0.0	0.0	0.0	0.0	0.0	0.0	0.0	0.0	38.71927421856415	0.0	0.0	0.0	0.0	0.0	0.0	0.0	0.0	0.0	0.0
GSM4138114_HNSCC_3_PBMC_CCTACACTCGACAGCC	35.68428935247666	56.25100855741981	42.86552697596193	0.0	14.854856445126986	0.0	60.25644081901187	0.0	25.70390642716243	0.0	48.93979315928411	0.0	0.0	0.0	0.0	0.0	0.0	0.0	0.0	0.0	0.0	0.0	0.0	0.0	0.0	0.0	0.0	0.0	0.0	0.0	0.0	0.0	0.0	0.0
GSM4138114_HNSCC_3_PBMC_CCTTCCCGTAGCGTCC	37.27276597561036	53.36630453563265	37.10832148832164	0.0	57.29687585950627	0.0	0.0	42.304120208949	0.0	34.82162850972998	0.0	0.0	0.0	0.0	0.0	0.0	0.0	0.0	62.59663878304824	0.0	0.0	0.0	0.0	0.0	12.545989921947685	0.0	0.0	0.0	0.0	0.0	0.0	0.0	0.0	0.0
GSM4138114_HNSCC_3_PBMC_CCTTCCCTCACATACG	78.37277612243398	53.0424550577509	43.75424054005602	106.21844190804708	0.0	0.0	0.0	0.0	48.06299810105303	0.0	0.0	0.0	0.0	47.87080550467484	39.54304427153516	0.0	0.0	0.0	0.0	0.0	0.0	0.0	0.0	0.0	0.0	0.0	0.0	0.0	0.0	24.307528384772986	0.0	0.0	0.0	0.0
GSM4138114_HNSCC_3_PBMC_CGAGCCAAGCGCTTAT	79.45155305406315	22.57818425201491	56.58439983885508	33.24009113604699	0.0	0.0	0.0	0.0	0.0	0.0	0.0	0.0	0.0	31.6141634311799	133.19309788727355	0.0	3.9561844744009598	0.0	2.9519518297064473	0.0	0.0	0.0	0.0	42.53680770500296	0.0	12.488669497985942	0.0	0.0	0.0	0.0	0.0	0.0	0.0	0.0
GSM4138114_HNSCC_3_PBMC_CGAGCCAGTCAAAGAT	70.30372543771992	190.3198774621368	0.0	0.0	99.93548866808138	264.07586582491206	0.0	0.0	78.63884672712788	0.0	0.0	105.86082492911667	0.0	85.45281355414882	0.0	0.0	118.60357762630176	0.0	0.0	0.0	0.0	0.0	0.0	0.0	0.0	0.0	0.0	0.0	0.0	0.0	0.0	0.0	0.0	0.0
GSM4138114_HNSCC_3_PBMC_CGCGGTATCATCACCC	102.68314436562126	82.39179308454767	0.0	0.0	84.39331445360718	18.260558105274104	0.0	0.0	72.67739521622848	0.0	72.54736773657771	97.83188490298315	0.0	0.0	0.0	0.0	0.0	0.0	87.14506084392677	0.0	0.0	0.0	0.0	0.0	0.0	0.0	9.27630552146646	0.0	0.0	0.0	0.0	0.0	0.0	0.0
GSM4138114_HNSCC_3_PBMC_CGCGTTTTCCCAAGTA	36.680137001773026	79.5231439389057	0.0	0.0	44.6685303470314	0.0	0.0	0.0	68.41137862482233	0.0	0.0	0.0	0.0	19.696339287378873	54.02384097649715	56.600131992384476	0.0	0.0	0.0	0.0	0.0	0.0	0.0	0.0	0.0	0.0	0.0	0.0	0.0	0.0	0.0	0.0	0.0	0.0
GSM4138114_HNSCC_3_PBMC_CGCTGGAGTAGCCTAT	43.218251715652166	43.054060421363104	51.773006048858214	45.02332248176231	0.0	0.0	0.0	21.41675979902264	0.0	0.0	0.0	111.58239039411374	0.0	0.0	0.0	0.0	0.0	125.9533405823989	0.0	0.0	0.0	0.0	0.0	0.0	0.0	43.02253761306284	0.0	0.0	90.3371660730018	0.0	0.0	0.0	0.0	0.0
GSM4138114_HNSCC_3_PBMC_CGGACGTGTAGATTAG	102.8353082281437	48.50042155234352	88.94220048696485	73.1760024568441	92.19171499410781	94.89842527045003	0.0	0.0	0.0	0.0	0.0	0.0	0.0	73.49625930632546	0.0	0.0	55.83176364083825	0.0	0.0	0.0	0.0	0.0	0.0	0.0	0.0	0.0	0.0	0.0	0.0	0.0	0.0	0.0	0.0	0.0
GSM4138114_HNSCC_3_PBMC_CGTCCATAGATGTGTA	24.466300875497886	29.47941692711831	0.0	52.80085582718869	0.0	0.0	0.0	0.0	66.26737736060393	0.0	29.49173941511093	34.72590822343711	0.0	0.0	105.52491832587147	0.0	9.016742017231575	0.0	0.0	0.0	0.0	0.0	0.0	0.0	0.0	0.0	0.12226988326679626	0.0	0.0	0.0	0.0	0.0	0.0	0.0
GSM4138114_HNSCC_3_PBMC_CGTCTACGTACCGAGA	182.0666399999257	24.57225622557669	0.0	70.49698832506499	0.0	64.92680277645071	0.0	0.0	0.0	0.0	0.0	0.0	0.0	0.0	0.0	24.153546795927475	0.0	0.0	0.0	80.31294412481198	0.0	29.882760321426908	0.0	0.0	65.63715668576707	0.0	0.0	16.3563503755156	0.0	0.0	0.0	0.0	0.0	0.0
GSM4138114_HNSCC_3_PBMC_CGTTCTGCACGTCTCT	92.03216995375881	45.36974289306737	0.0	81.51465583243505	0.0	0.0	0.0	0.0	60.14121380032428	0.0	0.0	0.0	18.14534496395707	44.63244940159542	0.0	0.0	0.0	28.346714891824952	0.0	0.0	0.0	63.280308736240954	0.0	0.0	0.0	0.0	0.0	0.0	0.0	0.0	0.0	0.0	0.0	2.8968756130727416
GSM4138114_HNSCC_3_PBMC_CTAGAGTCAAGCCATT	26.18956157097109	47.4826606146317	0.0	39.888854119711105	0.0	82.40969852396408	0.0	0.0	0.0	0.0	0.0	82.94094569007142	7.062362584286135	0.0	0.0	0.0	0.0	0.0	0.0	87.73792576383632	0.0	0.0	31.063654392949275	0.0	0.0	10.883858922541279	0.0	0.0	0.0	0.0	3.702377423888348	0.0	0.0	0.0
GSM4138114_HNSCC_3_PBMC_CTCAGAAGTCAGTGGA	44.19188266196184	56.363218808217034	0.0	0.0	43.29527346252772	0.0	0.0	0.0	0.0	68.2396070029418	0.0	0.0	0.0	0.0	0.0	0.0	0.0	0.0	0.0	0.0	77.35176121456979	28.926241545198824	0.0	0.0	33.49173942111156	0.0	0.0	0.0	0.0	0.0	0.0	0.0	24.844943416381653	0.0
GSM4138114_HNSCC_3_PBMC_CTCATTACATCGGTTA	31.604471508294523	22.1134623013254	83.11788456211443	83.50190507455085	0.0	0.0	0.0	53.91243463086951	0.0	0.0	0.0	0.0	44.14745837336938	50.93467789434858	0.0	0.0	0.0	0.0	0.0	0.0	0.0	0.0	0.0	0.0	0.0	0.0	0.0	0.0	0.0	0.0	0.0	3.6583174622584544	0.0	26.232706678748624
GSM4138114_HNSCC_3_PBMC_CTCATTATCGGAGCAA	68.59634220417276	42.51197481454594	0.0	0.0	36.308069628976746	0.0	0.0	55.31942778892407	0.0	68.7428079747874	0.0	32.874209264246794	54.5559721017451	0.0	0.0	0.0	0.0	0.0	0.0	0.0	0.0	0.0	0.0	0.0	0.0	13.279964138470163	0.0	0.0	0.0	0.0	0.0	0.0	22.82693596597264	0.0
GSM4138114_HNSCC_3_PBMC_CTGCTGTAGGACGAAA	53.97508774247049	25.813003482124877	0.0	0.0	92.56584900744022	135.04325645105789	0.0	0.0	0.0	80.30500151542219	0.0	41.783357357395246	0.0	0.0	0.0	0.0	35.8259101178013	0.0	0.0	0.0	0.0	26.00699620116952	0.0	0.0	0.0	0.0	0.0	0.0	0.0	0.0	0.0	0.0	0.0	0.0
GSM4138114_HNSCC_3_PBMC_CTGTTTAGTAAGTGTA	111.17984187252848	39.04828245933735	0.0	57.22035696516288	0.0	63.04612552982214	0.0	0.0	17.329181520260597	0.0	45.45032123951985	0.0	0.0	0.0	0.0	0.0	30.94971057147711	0.0	6.496330131608968	0.0	0.0	58.079947317241015	0.0	0.0	0.0	0.0	0.0	0.0	0.0	0.0	0.0	0.0	0.0	0.0
GSM4138114_HNSCC_3_PBMC_GAAATGACAGCTTAAC	52.32942062927045	58.564154625964356	0.0	30.6748216116079	0.0	0.0	68.09633480595825	0.0	48.99910324634547	0.0	26.108013578318637	46.08767288040548	0.0	0.0	0.0	0.0	0.0	36.50640734207728	0.0	0.0	0.0	0.0	0.0	0.0	0.0	0.0	0.0	0.0	0.0	0.0	0.0	0.0	0.0	0.0
GSM4138114_HNSCC_3_PBMC_GACCTGGGTTAAAGTG	67.83261085949019	16.638194093687655	39.75737586972769	6.6837342394799935	54.373129425062814	0.0	7.741715336663732	13.07630256575282	0.0	0.0	36.91008744029991	0.0	0.0	0.0	52.224603661045045	7.31403961023047	0.0	0.0	0.0	0.0	0.0	0.0	0.0	0.0	0.0	0.0	27.848892247737638	0.0	0.0	0.0	0.0	0.0	0.0	0.0
GSM4138114_HNSCC_3_PBMC_GATCAGTTCATCTGCC	79.25253864915322	68.42063733364303	0.0	64.10340540712852	0.0	76.38197954579714	0.0	0.0	0.0	0.0	0.0	85.01915651889895	0.0	0.0	0.0	0.0	0.0	0.0	0.0	7.286457601248385	0.0	0.0	0.0	0.0	21.653734911015142	0.0	0.0	56.02591151277894	0.0	0.0	0.0	0.0	0.0	0.0
GSM4138114_HNSCC_3_PBMC_GATCGATTCGCCAAAT	80.7394585478141	69.72724395565727	42.109295625699424	40.20684386921109	0.0	79.15239435928073	0.0	0.0	92.29593538972489	0.0	60.86677350130015	14.838667873917176	0.0	0.0	0.0	0.0	0.0	0.0	16.539550335611214	0.0	0.0	0.0	0.0	0.0	0.0	0.0	0.0	0.0	0.0	0.0	0.0	0.0	0.0	0.0
GSM4138114_HNSCC_3_PBMC_GATCGTACATGCCCGA	20.202101429215748	84.10117968615482	0.0	0.0	145.2516592143005	0.0	17.384962505047163	52.76617025511141	0.0	0.0	28.12637283755272	0.0	0.0	0.0	0.0	33.601947409455676	0.0	33.040082035754615	0.0	0.0	0.0	0.0	0.0	0.0	0.0	0.0	0.0	0.0	0.0	7.476823127905083	0.0	0.0	0.0	0.0
GSM4138114_HNSCC_3_PBMC_GATCTAGGTCTTGATG	88.27047901294229	75.87152097542543	0.0	0.0	31.466583205804938	0.0	21.248050443795762	0.0	0.0	34.374363624783626	0.0	0.0	0.0	0.0	44.590107106553724	0.0	39.42138959221362	0.0	0.0	32.27734441887584	0.0	68.12168966377114	0.0	0.0	0.0	0.0	0.0	0.0	0.0	0.0	0.0	0.0	0.0	0.0
GSM4138114_HNSCC_3_PBMC_GCAAACTCAAACAACA	58.38489794755696	27.41702155216523	62.9051360331517	24.91331944230493	38.763829353289886	0.0	0.0	6.379475236574905	0.0	0.0	63.59717761902022	0.0	41.079566098658724	8.838348617851407	0.0	0.0	0.0	0.0	0.0	0.0	0.0	0.0	0.0	0.0	80.07283469506746	0.0	0.0	0.0	0.0	0.0	0.0	38.56837437178486	0.0	0.0
GSM4138114_HNSCC_3_PBMC_GCAAACTGTTCTGTTT	49.7069301155268	137.05614657390012	44.417891329748215	27.76243474689121	0.0	0.0	0.0	0.0	29.84507246572089	0.0	0.0	0.0	86.2929116564908	53.6914139356037	0.0	0.0	12.701023356195305	0.0	0.0	0.0	0.0	0.0	0.0	0.0	0.0	0.0	0.0	0.0	0.0	0.0	0.0	0.0	0.0	0.0
GSM4138114_HNSCC_3_PBMC_GCACATATCAGGCGAA	85.56842394478974	98.0140520616456	65.5105479436801	0.0	102.70676148473015	0.0	0.0	0.0	90.6905962863374	0.0	0.0	0.0	0.0	65.73780121605095	168.79539067013397	0.0	20.322780515952207	0.0	0.0	0.0	0.0	0.0	0.0	0.0	0.0	0.0	0.0	0.0	0.0	0.0	0.0	0.0	0.0	0.0
GSM4138114_HNSCC_3_PBMC_GCATGATCAGCTGTGC	35.9541223634925	5.683520248988013	0.0	81.61577297480841	0.0	0.0	0.0	0.0	0.0	0.0	0.0	65.70277355683773	0.0	0.0	0.0	0.0	0.0	8.044344836050124	0.0	0.0	0.0	0.0	0.0	0.0	24.856933971593318	0.0	0.0	92.49583590575264	0.0	0.0	0.0	0.0	0.0	0.0
GSM4138114_HNSCC_3_PBMC_GCGACCACAGGGTACA	75.44212936611936	80.94729205871039	50.02388992991236	18.601927358468636	0.0	95.29437293830756	0.0	0.0	0.0	56.77352116749261	0.0	0.0	0.0	0.0	0.0	0.0	25.564218241012995	0.0	0.0	0.0	0.0	0.0	0.0	0.0	0.0	0.0	0.0	0.0	0.0	0.0	0.0	0.0	0.0	0.0
GSM4138114_HNSCC_3_PBMC_GCGCAACTCGTTGCCT	46.06526271118323	52.16908492195753	41.150122052774485	36.34580788964933	0.0	0.0	19.546413620385785	21.644426610265075	0.0	0.0	68.99855515009367	0.0	0.0	0.0	23.149389154877248	0.0	0.0	0.0	0.0	0.0	0.0	0.0	0.0	0.0	0.0	0.0	0.0	0.0	0.0	0.0	0.0	0.0	0.0	0.0
GSM4138114_HNSCC_3_PBMC_GCGCCAACAAGGCTCC	51.305493977203064	63.781722590839635	51.13789355304934	115.85396478840015	0.0	0.0	0.0	41.58253573048716	8.15271111996423	15.454974380416287	0.0	0.0	0.0	0.0	0.0	0.0	0.0	88.91210643677725	0.0	14.972909917698415	0.0	0.0	0.0	0.0	0.0	17.77506536492781	0.0	0.0	20.14362214033633	0.0	0.0	0.0	0.0	0.0
GSM4138114_HNSCC_3_PBMC_GCTCTGTAGTGTCTCA	103.34988340336373	65.84909991443374	0.0	0.0	84.52483230037562	0.0	0.0	0.0	0.0	0.0	0.0	0.0	0.0	2.567662165087267	61.84637120547525	78.95671020950473	0.0	0.0	14.180334724006627	0.0	0.0	0.0	0.0	46.89062211698287	40.43557362538923	0.0	0.0	0.0	0.0	0.0	0.0	0.0	0.0	0.0
GSM4138114_HNSCC_3_PBMC_GCTGCTTAGATAGTCA	134.91345768941764	66.17122218436708	75.96018927160907	41.72438323858982	0.0	0.0	0.0	0.0	0.0	50.510155044093516	0.0	0.0	0.0	0.0	60.82111302482752	0.0	0.0	2.7461844941946763	0.0	0.0	0.0	0.0	0.0	0.0	32.35664914651819	0.0	0.0	0.0	0.0	50.41055200597448	0.0	0.0	0.0	0.0
GSM4138114_HNSCC_3_PBMC_GGATGTTAGCTACCTA	108.36632028498158	69.91787683043185	0.0	0.0	79.39981794838806	7.311745006610608	60.57116668253006	0.0	0.0	0.0	57.40425237373483	0.0	0.0	0.0	0.0	143.9746474167399	0.0	0.0	0.0	0.0	12.808537777053118	27.719928583170294	79.72773817428616	0.0	0.0	0.0	9.16215137443828	0.0	0.0	0.0	0.0	0.0	0.0	0.0
GSM4138114_HNSCC_3_PBMC_GGCCGATAGCACCGTC	114.96997141438354	73.91412372222095	60.846123063938016	45.83680497774647	0.0	0.0	0.0	0.0	1.1697745990564472	97.75009742564012	0.0	0.0	0.0	0.0	60.24308757167617	0.0	76.29275842968673	0.0	0.0	0.0	0.0	0.0	0.0	0.0	0.0	0.0	0.0	0.0	0.0	0.0	0.0	0.0	0.0	0.0
GSM4138114_HNSCC_3_PBMC_GGCGTGTGTCCCTTGT	73.42575104827988	59.449980730884576	76.47454562517056	0.0	78.4652222454283	0.0	80.23433277890908	55.01005632389435	0.0	23.574600617830274	0.0	0.0	10.958020668796099	0.0	0.0	0.0	0.0	0.0	0.0	0.0	0.0	0.0	0.0	0.0	0.0	0.0	0.0	9.482388959607324	0.0	0.0	0.0	0.07480686879363868	0.0	0.0
GSM4138114_HNSCC_3_PBMC_GGGCACTTCAGCTCTC	82.09884508717057	43.02956351414025	46.637629201102946	47.694721174027606	27.044902534545802	85.33026177611025	0.0	0.0	0.0	0.0	37.23814437564514	2.185325952275101	0.0	0.0	0.0	0.0	91.55626782556655	0.0	0.0	0.0	0.0	0.0	0.0	0.0	0.0	0.0	0.0	0.0	0.0	0.0	0.0	0.0	0.0	0.0
GSM4138114_HNSCC_3_PBMC_GTAGGCCTCAAAGTAG	83.42548526334305	47.81436133555615	113.59492281228272	6.4799863686748616	0.0	0.0	75.88371626931834	0.0	0.0	0.0	29.96748311118109	0.0	0.0	0.0	0.0	0.0	0.0	0.0	0.0	0.0	0.0	0.0	0.0	45.18518888186624	0.0	0.0	18.231580291792543	0.0	0.0	0.0	0.0	0.0	0.0	0.0
GSM4138114_HNSCC_3_PBMC_GTATCTTAGCTAAACA	34.76123915036912	30.819151070418908	47.29093480076261	62.99667775825664	0.0	0.0	0.0	0.0	0.0	78.02061172210269	0.0	0.31912275573764654	0.0	0.0	0.0	0.0	0.0	0.0	78.67285820292007	0.0	0.0	0.0	0.0	0.0	0.0	48.59234721010917	0.0	0.0	0.0	0.0	0.0	0.0	0.0	0.0
GSM4138114_HNSCC_3_PBMC_GTCTCGTCATCTCCCA	61.064704424995526	21.122101507390123	0.0	116.95558770583881	0.0	0.0	0.0	0.0	26.21476222584477	0.0	0.0	0.0	0.0	0.0	84.08877703716183	0.0	0.0	0.0	0.0	59.149007002655075	0.0	75.5479342005826	0.0	0.0	0.0	0.0	0.0	0.0	0.0	0.0	0.0	0.0	0.0	0.0
GSM4138114_HNSCC_3_PBMC_GTGTGCGGTTCGCTAA	39.51210896216327	60.16267823034325	0.0	0.0	55.15861132285985	0.0	76.57378251248244	0.0	0.0	0.0	0.0	85.96600154313609	0.0	71.44839055024337	0.0	0.0	0.0	0.0	0.0	0.0	0.0	0.0	0.0	0.0	46.97155993933675	0.0	0.0	0.0	0.0	0.0	0.0	0.0	0.0	0.0
GSM4138114_HNSCC_3_PBMC_GTTACAGAGAGCTGCA	80.23912194732972	85.44036466799288	0.0	74.61242019844047	0.0	0.0	0.0	0.0	0.0	29.6695149311017	0.0	41.20521705958073	0.0	0.0	66.90346885988285	0.0	32.526657811858314	0.0	0.0	0.0	0.0	0.0	0.0	0.0	0.0	0.0	0.0	0.0	0.0	0.0	0.0	0.0	0.0	0.0
GSM4138114_HNSCC_3_PBMC_GTTCATTAGCTACCTA	46.21003966491514	71.78213204226067	0.0	0.0	22.963255420061007	68.63717910378057	0.0	0.0	97.01251136101797	0.0	66.98618814819491	47.16945254455984	0.0	0.0	0.0	0.0	0.0	0.0	0.0	0.0	0.0	0.0	0.0	0.0	0.0	0.0	0.0	0.0	5.605254768055577	0.0	0.0	0.0	0.0	0.0
GSM4138114_HNSCC_3_PBMC_TAAGTGCAGTTCGCAT	80.35375474796142	44.397281794190604	46.689338790568286	16.109191683950247	14.337263007209579	0.0	0.0	0.0	0.0	0.0	55.2884952984601	14.8834029786726	0.0	0.0	0.0	0.0	79.3004269182695	0.0	0.0	0.0	20.21787427142319	0.0	0.0	0.0	0.0	0.0	10.825262580604976	0.0	0.0	0.0	0.0	0.0	0.0	0.0
GSM4138114_HNSCC_3_PBMC_TACTTGTCAAGCGAGT	99.65857014489862	67.77031338380385	61.30816751897011	0.0	49.34394957240348	0.0	57.17447327233713	0.0	0.0	0.0	0.0	0.0	0.0	0.0	0.0	0.0	0.0	0.0	0.0	25.544627243653537	0.0	0.0	24.461951628833063	0.0	0.0	0.0	1.5767515141093162	0.0	0.0	0.0	0.0	0.0	0.0	0.0
GSM4138114_HNSCC_3_PBMC_TAGACCATCCGGGTGT	34.92410649965004	93.61182557421574	66.76863569267496	54.42729796033672	0.0	0.0	0.0	0.0	8.781199289311237	0.0	0.0	0.0	60.875074398075824	0.0	0.0	9.876632771103605	0.0	0.0	0.0	50.48703659019692	0.0	0.0	0.0	0.0	0.0	0.0	8.31961737788654	0.0	0.0	0.0	0.0	14.018627463462282	0.0	14.713939804599036
GSM4138114_HNSCC_3_PBMC_TAGGCATAGCCACGCT	204.6312716172127	184.21869619007825	0.0	0.0	162.03763505144752	0.0	0.0	0.0	0.0	0.0	0.0	0.0	0.0	140.85934030808897	0.0	164.31639284953914	0.0	20.012224883497698	28.967826093880575	0.0	278.40959234827733	0.0	38.186866629595265	0.0	0.0	0.0	24.28012238785823	0.0	0.0	0.0	114.26331289170723	0.0	18.285264192953658	0.0
GSM4138114_HNSCC_3_PBMC_TATTACCAGTGACTCT	24.85254575200842	63.44370220849833	81.60115812545969	78.40251508168667	0.0	0.0	0.0	0.0	0.0	21.97668273156088	0.0	0.0	80.83160248143318	0.0	0.0	0.0	0.0	0.0	0.0	29.11798977794651	15.315727782814921	0.0	0.0	35.10058143551741	0.0	0.0	0.0	0.0	0.0	0.0	0.0	0.0	0.0	0.0
GSM4138114_HNSCC_3_PBMC_TCAACGACAGACACTT	41.18251320837559	45.97324582078674	0.0	79.92891310505175	0.0	62.10751743212811	0.0	40.48287658636441	0.0	58.386476497648246	0.0	42.91730479781083	0.0	0.0	0.0	0.0	0.0	0.0	0.0	0.0	0.0	0.0	0.0	0.0	40.96872085826331	0.0	0.0	0.0	0.0	0.0	0.0	0.0	0.0	0.0
GSM4138114_HNSCC_3_PBMC_TCAGGATTCCGTTGTC	29.95495114488205	62.00339348138073	0.0	56.59383903938551	0.0	0.0	0.0	0.0	0.0	0.0	0.0	60.009314492415676	0.0	0.0	30.067234550072726	0.0	0.0	0.0	0.0	86.92266568657853	0.0	0.0	27.39362511264466	0.0	0.0	0.0	0.0	0.0	0.0	0.0	0.0	0.0	0.0	0.0
GSM4138114_HNSCC_3_PBMC_TCATTTGGTTCCCGAG	60.48137380564822	35.203537008839874	76.11710982498465	47.135110172787364	0.0	58.71635647514544	0.0	0.0	0.0	20.18679780054608	0.0	0.0	0.0	0.0	0.0	0.0	53.09246471110344	0.0	0.0	0.0	0.0	0.0	0.0	0.0	0.0	0.0	0.0	0.0	0.0	0.0	0.0	0.0	0.0	0.0
GSM4138114_HNSCC_3_PBMC_TCGAGGCGTACTCTCC	67.96274570796334	59.22748256742826	0.0	0.0	69.6877176969841	59.60895936952808	0.0	0.0	9.346501462232489	57.31489392679517	0.0	0.0	0.0	0.0	0.0	65.03251779140085	7.608782877877915	0.0	0.0	0.0	0.0	0.0	0.0	0.0	0.0	0.0	0.0	0.0	0.0	0.0	0.0	0.0	0.0	0.0
GSM4138114_HNSCC_3_PBMC_TCGCGAGTCTATCCTA	70.95754980579983	70.86361042538623	66.7495714613341	113.23245282012766	0.0	58.52179681992882	0.0	18.555590698423067	0.0	0.0	67.85238714698879	15.99507442277605	14.84267491665397	0.0	0.0	0.0	16.429278393134407	0.0	0.0	0.0	0.0	0.0	0.0	85.009944544848	0.0	0.0	0.0	0.0	0.0	0.0	0.0	0.0	0.0	0.0
GSM4138114_HNSCC_3_PBMC_TCTGGAAGTGTAAGTA	59.595919931138205	29.802966169013928	40.18750126562724	0.0	80.1003698731784	61.083110868106495	0.0	0.0	49.40908761085424	56.08879071132486	0.0	7.429459105891539	0.0	0.0	0.0	0.0	0.0	0.0	0.8003092852171644	0.0	0.0	0.0	0.0	0.0	0.0	0.0	0.0	0.0	0.0	0.0	0.0	3.4294821820100476	0.0	0.0
GSM4138114_HNSCC_3_PBMC_TGACTAGTCTGAAAGA	65.49472338842854	51.48417791941584	43.57258681355522	63.18696348185406	0.0	77.86308987106207	0.0	0.0	23.326034815773166	7.767200503488297	3.0145725223588524	0.0	0.0	26.35430880587491	0.0	0.0	0.0	0.0	0.0	0.0	0.0	0.0	0.0	0.0	0.0	0.0	0.0	0.0	3.3015913753689685	0.0	0.0	0.0	0.0	0.0
GSM4138114_HNSCC_3_PBMC_TGACTTTCAATGGAAT	31.906723806753114	44.111388247720164	0.0	0.0	37.33402451200216	0.0	0.0	0.0	0.0	18.83772705604595	0.0	33.9730217952797	51.51605355359095	0.0	0.0	0.0	0.0	0.0	0.0	0.0	0.0	0.0	0.0	0.0	53.309084188415994	0.0	0.0	0.0	0.0	0.0	0.0	0.0	0.0	0.0
GSM4138114_HNSCC_3_PBMC_TGAGAGGGTCCGAATT	54.746652207317766	52.14656206266889	0.0	136.71887163712591	0.0	98.45309582015912	0.0	0.0	83.20544076741695	0.0	63.38288394943959	29.39429558378898	0.0	0.0	0.0	28.17416298811247	0.0	0.0	0.0	0.0	0.0	0.0	0.0	0.0	0.0	0.0	0.0	0.0	0.0	0.0	0.0	0.0	0.0	0.0
GSM4138114_HNSCC_3_PBMC_TGAGCCGGTACAGCAG	67.71393372073489	38.151304608704635	4.127998320294491	72.42122566875285	25.873029937692014	0.0	0.0	0.0	0.0	23.815475551182015	0.0	0.0	0.0	0.0	146.65254914113214	0.0	47.77333201792355	0.0	0.0	0.0	0.0	109.46946924552304	0.0	0.0	0.0	0.0	0.0	0.0	0.0	0.0	0.0	0.0	0.0	0.0
GSM4138114_HNSCC_3_PBMC_TGAGGGAAGGGTGTGT	101.91599492443743	118.98530170275058	0.0	0.0	94.84084355479733	120.39250407716781	0.0	0.0	0.0	0.0	0.0	1.0777211496677197	0.0	0.0	0.0	64.46784855511008	185.1508317021805	0.0	0.0	2.785781401421871	0.0	0.0	0.0	0.0	0.0	0.0	0.0	9.745314138075711	0.0	0.0	0.0	0.0	0.0	0.0
GSM4138114_HNSCC_3_PBMC_TGAGGGAGTAGCCTAT	114.8337493721896	19.864000923113245	40.78659780889605	59.14555960443334	0.0	0.0	74.03368256868812	0.0	0.0	18.8490007638893	0.0	0.0	0.0	0.0	0.0	7.534206285869418	0.0	0.0	0.0	0.0	0.0	0.0	0.0	0.0	44.39450451790709	0.0	0.0	0.0	0.0	0.0	0.0	0.0	0.0	0.0
GSM4138114_HNSCC_3_PBMC_TGCGCAGAGGTAGCTG	81.07743145621723	93.63092352652257	16.498442680848477	20.29141360091618	0.0	0.0	0.0	0.0	33.625370747814166	0.0	14.454662012588328	0.0	0.0	0.0	91.92973405557164	42.40419144971602	0.0	0.0	0.0	0.0	0.0	0.0	0.0	20.80112352537537	0.0	0.0	28.735111417185383	0.0	0.0	0.0	0.0	0.0	0.0	0.0
GSM4138114_HNSCC_3_PBMC_TGGACGCGTTCCACAA	155.6711971161326	74.35254472481614	78.71235514957327	153.09891887043386	0.0	288.9258490239946	0.0	0.0	244.93870321634304	0.0	161.89063658107733	0.0	0.0	0.0	0.0	0.0	0.0	0.0	0.0	0.0	0.0	0.0	0.0	0.0	0.0	0.0	0.0	0.0	0.0	0.0	0.0	0.0	0.0	0.0
GSM4138114_HNSCC_3_PBMC_TTCTACAGTCTAGTGT	124.11341657362799	12.265999696237039	53.59305803665107	73.04252176463757	0.0	50.281466817709685	0.0	0.0	0.0	0.0	0.0	0.0	0.0	0.0	0.0	0.0	0.0	0.0	0.0	3.291067359989814	0.0	0.0	0.0	47.86230764933785	0.0	0.0	17.366675332894065	0.0	0.0	0.0	0.0	0.0	0.0	0.0
GSM4138114_HNSCC_3_PBMC_TTCTACATCTGCGTAA	122.14336181951708	116.85291791975871	0.0	0.0	27.767636104366765	0.0	0.0	0.0	92.37104955654081	0.0	0.0	0.0	0.0	0.0	0.0	107.13209058949232	0.0	0.0	146.49669862044894	0.0	0.0	0.0	0.0	0.0	0.0	0.0	0.0	46.65711166959762	0.0	0.0	0.0	0.0	0.0	0.0
GSM4138114_HNSCC_3_PBMC_TTCTCAAGTCAAGCGA	67.13364775061731	41.652853179680285	90.62812547091171	0.0	25.665925513978834	0.0	0.0	0.0	0.0	0.0	0.0	0.0	98.78017250623013	6.839540537146897	0.0	0.0	0.0	0.0	0.0	0.0	0.0	0.0	0.0	0.0	0.0	0.0	0.0	0.0	0.0	0.0	22.948993926034355	0.0	0.0	0.0
GSM4138114_HNSCC_3_PBMC_TTCTCAAGTTATGTGC	122.8357409235408	44.59842764703969	44.82956787054238	103.1430685806776	0.0	0.0	17.665667955265857	0.0	0.0	0.0	10.215257510395476	0.0	0.0	0.0	0.0	0.0	0.0	0.0	0.0	0.0	0.0	0.0	0.0	0.0	0.0	0.0	19.202068402908342	0.0	0.0	12.960187364593596	31.286646836482173	0.0	63.28211204551623	0.0
GSM4138114_HNSCC_3_PBMC_TTCTTAGAGGCTCTTA	50.77024989190876	46.62882456514914	65.14504267685686	0.0	55.55170837421087	45.20185430013089	0.0	0.0	0.0	0.0	0.0	0.0	0.0	61.569696770998824	0.0	0.0	25.55123715975774	0.0	0.0	0.0	0.0	0.0	0.0	0.0	0.0	0.0	0.0	0.0	0.0	0.0	0.0	0.0	0.0	0.0
GSM4138114_HNSCC_3_PBMC_TTTCCTCTCCTTTCTC	14.4282687381833	66.77872445197397	0.0	0.0	36.15904459478359	0.0	0.0	66.92872242887226	0.0	29.347979271889987	0.0	0.0	0.0	1.4068572535110708	0.0	66.93278648753486	0.0	0.0	0.0	0.0	34.174464237290444	0.0	0.0	0.0	0.0	0.0	0.0	0.0	0.0	0.0	0.0	0.0	0.0	0.0
GSM4138114_HNSCC_3_PBMC_TTTGTCACACGAAAGC	97.19348229146017	31.605316405279737	0.0	57.49690748279348	3.9286326704223096	0.0	0.0	109.43959189660211	0.0	0.0	0.0	60.10324757662046	0.0	0.0	0.0	0.0	0.0	0.0	52.9569368737734	56.90214561656947	0.0	0.0	0.0	0.0	0.0	0.0	0.0	0.0	0.0	0.0	0.0	0.0	0.0	0.0
GSM4138114_HNSCC_3_PBMC_TGTGTTTTCCCATTAT	61.09772166391984	69.59552449217166	0.0	0.0	78.25411616584493	0.0	0.0	0.0	0.0	24.93289371219034	0.0	102.69172806539738	0.0	0.0	295.0629011491009	0.0	0.0	0.0	0.0	0.0	0.0	0.0	0.0	224.3889162282018	0.0	0.0	0.0	0.0	0.0	0.0	0.0	0.0	0.0	0.0
GSM4138114_HNSCC_3_PBMC_AACCATGAGCTAAACA	57.472287124993166	37.77267259438745	0.0	0.0	55.00182746924509	0.0	0.0	0.0	19.053399272317098	0.0	64.86890305408947	103.1643481247042	0.0	0.0	0.0	0.0	5.15651321415727	31.725008626435073	51.38160967713261	0.0	0.0	0.0	0.0	0.0	0.0	0.0	0.0	0.0	0.0	0.0	0.0	0.0	0.0	0.0
GSM4138114_HNSCC_3_PBMC_AACTTTCCAGCCTTTC	80.42399005356252	48.900115384369364	48.67042400675446	46.5182961202652	0.0	0.0	108.51357372341404	0.0	0.0	0.0	0.0	46.21962340135275	0.0	0.0	0.0	0.0	0.0	0.0	0.0	0.0	0.0	0.0	20.597114955077643	0.0	0.0	0.0	0.0	65.9466584379429	0.0	0.0	61.90652573303081	0.0	0.0	0.0
GSM4138114_HNSCC_3_PBMC_AAGGTTCGTAAATGAC	55.24500476564114	44.03884869891068	0.0	0.0	52.52317373515157	0.0	47.988110812584694	0.0	0.0	12.643330815999594	0.0	0.0	0.0	0.0	0.0	26.27744701926947	0.0	0.0	0.0	0.0	0.0	0.0	0.0	0.0	85.55292248516864	0.0	0.0	11.999134308937554	0.0	49.39132000938106	0.0	0.0	0.0	0.0
GSM4138114_HNSCC_3_PBMC_ACAGCCGCATCCCACT	67.93437473135518	65.74035726249157	80.27504263750136	94.33613834531104	37.554939631310646	0.0	128.48101434387144	0.0	0.0	0.0	0.0	0.0	0.0	65.8707125685929	0.0	0.0	0.0	0.0	0.0	0.0	0.0	0.0	78.02838410879905	0.0	0.0	0.0	0.0	0.0	0.0	0.0	0.0	0.0	0.0	0.0
GSM4138114_HNSCC_3_PBMC_ACATACGGTCACTGGC	169.79511352869991	26.24795447190165	123.32197794279558	0.0	61.84363186553241	0.0	0.0	0.0	0.0	0.0	0.0	0.0	0.0	0.0	0.0	0.0	0.0	82.98700734228086	0.0	96.24890881871612	0.0	0.0	0.0	0.0	0.0	75.68052971691583	0.0	0.0	0.0	0.0	0.0	0.0	0.0	0.0
GSM4138114_HNSCC_3_PBMC_ACCCACTCATGGTCAT	108.2675198279879	46.28010635570342	43.40123484052817	0.0	54.56852871614565	0.0	77.05247477351143	0.0	0.0	48.17895258263199	0.0	0.0	0.0	0.0	0.0	0.0	0.0	0.0	0.0	0.0	0.0	0.0	84.64257274967964	0.0	0.0	0.0	0.0	0.0	0.0	0.0	0.0	0.0	0.0	0.0
GSM4138114_HNSCC_3_PBMC_ACGATGTGTACCATCA	88.11275690552544	52.64579700176142	80.78992293184584	0.0	150.08635349474187	0.0	111.15197466073518	0.0	0.0	0.0	92.25863730876125	0.0	0.0	0.0	0.0	0.0	0.22287158430812243	2.978006276802863	0.0	0.0	0.0	0.0	0.0	8.133784676264472	58.45603023980585	0.0	0.0	0.0	0.0	0.0	0.0	0.0	0.0	0.0
GSM4138114_HNSCC_3_PBMC_ACGCCAGCACACTGCG	117.56864781331365	84.80210202092364	89.73749974060783	86.89084853046734	15.517923056091037	0.0	0.0	0.0	0.0	69.0958542859105	0.0	0.0	94.34465116151218	0.0	0.0	0.0	52.71849882010856	0.0	0.0	0.0	32.28135044353931	0.0	0.0	0.0	0.0	0.0	0.0	0.0	0.0	0.0	0.0	0.0	0.0	0.0
GSM4138114_HNSCC_3_PBMC_ACGGGTCGTTACGACT	77.11051906363154	24.88330733532308	109.00281423919424	0.0	38.3585209339072	0.0	0.0	0.0	0.0	0.0	0.0	0.0	0.0	0.0	0.0	3.185728080343599	0.0	28.009434070471283	33.27095478519951	0.0	0.0	0.0	0.0	0.0	27.625103598359487	0.0	24.545843923444387	0.0	0.0	0.0	0.0	0.0	0.0	0.0
GSM4138114_HNSCC_3_PBMC_ACGGGTCTCTGCCCTA	63.469400069428886	47.126711299787274	0.0	0.0	75.14226695243893	30.625586293653893	0.0	41.70663722593842	0.0	0.0	29.413852282828778	0.0	0.0	0.0	0.0	66.31433406325509	0.0	0.0	0.0	0.0	0.0	0.0	0.0	0.0	0.0	0.0	0.0	0.0	0.0	0.0	0.0	0.0	0.0	0.0
GSM4138114_HNSCC_3_PBMC_ACTTACTGTCATGCAT	21.084847289908932	17.23053870914434	36.19824160992397	0.0	72.54783724648914	0.0	0.0	0.0	0.0	0.0	64.36404382496559	0.0	30.78465661680764	0.0	0.0	0.0	0.0	0.0	0.0	0.0	69.28332083095233	0.0	0.0	19.046473524970693	21.994683861304868	0.0	0.0	0.0	0.0	0.0	0.0	0.0	0.0	0.0
GSM4138114_HNSCC_3_PBMC_ACTTGTTAGAGTAAGG	37.42270388298577	15.755067066118494	107.4932083995999	47.94044128372496	0.0	0.0	0.0	80.71610597624013	0.0	18.45568580729107	0.0	0.0	0.0	0.0	0.0	0.0	0.0	23.46926060765417	0.0	0.0	0.0	0.0	0.0	0.0	0.0	0.0	0.0	0.0	0.0	0.0	0.0	63.28126998083357	0.0	0.0
GSM4138114_HNSCC_3_PBMC_AGCGTCGCAACTGCGC	54.93107383285293	42.12659514816683	38.12597486570076	63.72732076064116	21.76408380132335	62.972869600141	0.0	0.0	76.09030557890848	0.0	0.0	0.0	0.0	0.0	0.0	0.0	11.949869068135278	0.0	0.0	0.0	0.0	0.0	0.0	0.0	0.0	0.0	78.48280430496392	0.0	0.0	0.0	0.0	0.0	0.0	0.0
GSM4138114_HNSCC_3_PBMC_AGCTTGAAGGAGCGTT	44.262909476480864	37.88225199714043	68.3502093292426	0.0	29.5636837993203	0.0	0.0	0.0	65.24360523157495	8.27260006256053	0.0	0.0	36.256563452306914	15.629992682197761	0.0	0.0	0.0	0.0	0.0	0.0	64.26122972193006	0.0	0.0	0.0	0.0	0.0	0.0	0.0	0.0	0.0	0.0	0.0	0.0	0.0
GSM4138114_HNSCC_3_PBMC_AGGGATGCATCCGCGA	54.519601317651095	50.33803630464373	58.4555433900453	0.0	73.37552374418274	0.0	113.14769785304844	0.0	0.0	45.71823501275953	0.0	0.0	0.0	0.0	0.0	0.0	59.0981926756321	6.749613080278177	0.0	0.0	0.0	0.0	0.0	0.0	0.0	0.0	0.0	0.0	0.0	0.0	0.0	0.0	0.0	0.0
GSM4138114_HNSCC_3_PBMC_AGGTCATAGTTGCAGG	95.8686780275864	66.5865904009845	76.78640432155412	0.0	98.70682484428772	0.0	0.0	3.1199247280119597	0.0	0.0	110.76129133185736	0.0	0.0	0.0	0.0	0.0	0.0	0.0	0.0	0.0	72.96090327488896	46.20685609337897	36.02368455237412	0.0	0.0	1.3760672591471557	0.0	0.0	0.0	0.0	0.0	0.0	0.0	0.0
GSM4138114_HNSCC_3_PBMC_AGGTCCGTCAGCTGGC	80.60929544097428	45.6825176243299	0.0	32.311800356349465	0.0	0.0	0.0	0.0	50.93328349806005	0.0	0.0	0.0	0.0	10.528558777658581	0.0	37.239136536596206	0.0	0.0	60.741873919325876	0.0	0.0	0.0	0.0	0.0	0.0	0.0	0.0	0.0	0.0	0.0	0.0	0.0	0.0	0.0
GSM4138114_HNSCC_3_PBMC_AGTGGGATCGATAGAA	127.62379682033645	25.441035338565545	0.0	0.0	88.38443566722795	0.0	0.0	0.0	0.0	86.44565966286025	0.0	0.0	0.8823249221112851	0.0	0.0	0.0	0.0	49.11553671583564	0.0	0.0	56.23563469269883	73.46164224564502	41.00197704810187	0.0	0.0	0.0	0.0	0.0	0.0	0.0	0.0	0.0	0.0	0.0
GSM4138114_HNSCC_3_PBMC_AGTGTCAAGTGTACTC	56.061347973022734	55.457610607565144	19.751579173126565	29.141205629318122	65.32611177825555	74.67408763940719	0.0	0.0	1.0181058262979845	0.0	0.0	0.0	0.0	47.12904517055512	13.346065918375785	36.49688455340329	33.92503799079494	0.0	0.0	0.0	0.0	0.0	0.0	0.0	0.0	0.0	0.0	0.0	0.0	0.0	0.0	0.0	0.0	0.0
GSM4138114_HNSCC_3_PBMC_ATAGACCAGTGACATA	131.2555803450797	60.76301354815017	89.03517193443363	37.93913192818949	119.4399672218529	0.0	0.0	0.0	0.0	0.0	28.350722400382086	0.0	0.0	0.0	64.57993974569594	0.0	105.02081100649103	0.0	31.10807462090697	0.0	0.0	0.0	0.0	0.0	0.0	0.0	0.0	0.0	0.0	0.0	0.0	0.0	0.0	0.0
GSM4138114_HNSCC_3_PBMC_ATCACGAGTAAGTTCC	78.99972693972687	60.400434649418145	49.01935261035285	0.0	44.82425816239989	0.0	0.0	0.0	16.077552066711267	0.0	0.7447605125742881	0.0	0.0	7.738632419047984	5.944617548048549	0.0	15.494731271118672	0.0	0.0	0.0	75.53311411398101	0.0	0.0	0.0	0.0	0.0	0.0	0.0	15.278558622714243	0.0	0.0	0.0	0.0	0.0
GSM4138114_HNSCC_3_PBMC_ATGGGAGTCACGCGGT	161.45437818499113	57.338199505359064	84.83701123795943	124.56376142991165	0.0	0.0	0.0	0.0	0.0	44.1347211097142	0.0	0.0	68.49009730095126	0.0	0.0	0.0	0.0	0.0	0.0	0.0	54.78030340967275	0.0	27.035599722433428	0.0	0.0	0.0	0.0	0.0	0.0	0.0	0.0	0.0	54.077308413440676	0.0
GSM4138114_HNSCC_3_PBMC_ATTGGACTCTCTTATG	84.05878335274485	0.0	29.633685336111622	36.99494271623574	0.0	30.408502874619728	0.0	0.0	0.0	0.0	0.0	0.0	0.0	34.57395256915268	0.0	0.0	20.127893643132573	0.0	0.0	0.0	0.0	0.0	0.0	0.0	0.0	0.0	0.0	0.0	0.0	0.0	0.0	0.0	0.0	0.0
GSM4138114_HNSCC_3_PBMC_CAACCTCGTACATCCA	53.094552927966475	30.471157169902735	68.6587897486501	53.80288891143013	0.0	0.0	28.890079444303552	0.0	0.0	0.0	0.0	0.0	0.0	94.26810111684362	26.594954287600853	0.0	50.14416169145443	0.0	42.889527443394414	0.0	0.0	0.0	0.0	0.0	0.0	0.0	0.0	0.0	0.0	0.0	0.0	0.0	0.0	0.0
GSM4138114_HNSCC_3_PBMC_CAACTAGCACAACGCC	82.46085738983763	44.6755782050901	0.0	0.0	66.39909490954324	0.0	0.0	73.51212400323953	0.0	0.0	0.0	68.76599100914822	0.0	12.772071741440708	0.0	0.0	0.0	0.0	0.0	0.0	0.0	0.0	0.0	0.0	0.0	0.0	0.0	0.0	0.0	72.32488615272955	0.0	0.0	0.0	0.0
GSM4138114_HNSCC_3_PBMC_CAAGAAATCTATGTGG	55.972759431795815	13.902937525605063	77.66181948567599	0.0	48.08817807303682	0.0	0.0	0.0	1.6736331013682058	0.0	15.586990693704566	0.0	0.0	0.0	24.502552065806913	0.0	53.14193571249829	52.817102442748855	0.0	0.0	0.0	0.0	0.0	0.0	0.0	0.0	32.67336394657931	0.0	0.0	0.0	0.0	0.0	0.0	0.0
GSM4138114_HNSCC_3_PBMC_CAAGATCCACCAGATT	42.72760725257471	68.6179047344283	0.0	94.7423948579985	0.0	27.87611886407887	0.0	0.0	0.0	0.0	0.0	85.8187797541857	0.0	0.0	0.0	0.0	0.0	0.0	36.078406650285814	59.65871236494042	0.0	0.0	0.0	46.53773159812635	0.0	0.0	0.0	0.0	0.0	0.0	0.0	0.0	0.0	0.0
GSM4138114_HNSCC_3_PBMC_CAGTAACAGCAACGGT	57.04591380030317	130.05361535213825	0.0	32.56132645799952	0.0	21.62406001223886	0.0	61.13558664527911	0.0	23.390582443497813	0.0	0.0	0.0	0.0	29.176962264369887	45.643883772041065	0.0	0.0	0.0	0.0	0.0	0.0	0.0	0.0	0.0	0.0	0.0	0.0	0.0	0.0	0.0	0.0	0.0	0.0
GSM4138114_HNSCC_3_PBMC_CATATGGCAAGTAGTA	147.45019635101045	67.58762785861717	82.85309909031352	0.0	83.09587913319714	0.0	81.16242120133893	0.0	24.813656962281478	0.0	0.0	1.877817328360283	0.0	52.87887885137217	40.233757181895676	0.0	25.551604641957724	0.0	0.0	0.0	0.0	1.0203644615509975	0.0	0.0	0.0	0.0	1.0828533050130298	0.0	0.0	0.0	0.0	0.0	0.0	0.0
GSM4138114_HNSCC_3_PBMC_CATATGGGTACGAAAT	41.50722411632993	71.13294956867436	31.170212752910363	74.22164909562258	0.0	0.0	0.0	0.0	80.49909873448107	0.0	0.0	29.415654174212037	0.0	0.0	24.230969757141708	0.0	0.0	0.0	0.0	32.1182741388385	0.0	0.0	0.0	0.0	0.0	0.0	0.0	0.0	25.789432942868345	0.0	0.0	0.0	0.0	0.0
GSM4138114_HNSCC_3_PBMC_CATCCACTCGCATGGC	101.59438830770611	56.984202543079576	73.86887718824842	36.74817926542615	84.8466359076029	0.0	6.21666670682708	0.0	0.0	56.677431082765246	0.0	16.961370520394865	0.0	0.0	0.0	0.0	74.83740369736375	96.65050994076742	0.0	0.0	0.0	0.0	0.0	0.0	0.0	0.0	0.0	0.0	0.0	0.0	0.0	0.0	0.0	0.0
GSM4138114_HNSCC_3_PBMC_CCAGCGATCACAATGC	89.65169667954878	62.576147377885725	74.81628264128429	95.04213528674349	0.0	0.0	0.0	50.11337449463182	0.0	0.0	0.0	0.0	0.0	63.85224660251739	0.0	0.0	0.0	0.0	0.0	0.0	91.2168033336508	0.0	0.0	0.0	0.0	0.0	0.0	0.0	0.0	0.0	0.0	0.0	0.0	0.0
GSM4138114_HNSCC_3_PBMC_CCCATACGTTTGGGCC	131.7776565218371	107.21596565151917	7.3009579422214745	51.80981323660178	0.0	61.75851312338908	0.0	0.0	121.49757149612729	0.0	16.370226061314273	56.62158938338608	0.0	0.0	40.00880711138101	0.0	0.0	0.0	0.0	26.735853495720036	0.0	0.0	0.0	0.0	0.0	0.0	4.909161631554863	0.0	0.0	0.0	0.0	0.0	0.0	0.0
GSM4138114_HNSCC_3_PBMC_CCGGGATTCAGCTCGG	72.23532681006402	31.30166812225227	0.0	81.44690371543778	0.0	0.0	0.0	0.0	56.400592960341775	23.60166759943401	14.957416387717998	86.02805646648072	0.0	0.0	39.16073589715791	0.0	0.0	0.0	0.0	0.0	0.0	0.0	0.0	0.0	0.0	0.0	0.0	0.0	0.0	0.0	0.0	0.0	0.0	0.0
GSM4138114_HNSCC_3_PBMC_CCGGTAGAGGACAGAA	234.83432741333226	174.37778321193053	0.0	148.00060141549997	0.0	0.0	0.0	0.0	86.74972704209287	13.604634049133065	88.50763716464972	99.58428827988202	0.0	0.0	0.0	46.37512778957357	0.0	0.0	166.36878976560715	0.0	0.0	0.0	0.0	0.0	0.0	0.0	0.0	0.0	0.0	0.0	0.0	0.0	0.0	0.0
GSM4138114_HNSCC_3_PBMC_CCGGTAGCAGCATGAG	97.48331030432357	23.823554900500884	0.0	117.4078769874047	0.0	0.0	0.0	0.0	0.0	0.0	43.91991612824159	0.0	0.0	0.0	0.0	0.0	0.0	67.80413053137838	0.0	0.0	0.0	84.33421358218139	0.0	13.401075013622721	0.0	6.338739292722503	0.0	0.0	0.0	0.0	0.0	0.0	0.0	0.0
GSM4138114_HNSCC_3_PBMC_CCGTACTCATCGATGT	68.81808305317718	39.81475989631804	40.99538270528625	33.306171883242534	0.0	0.0	0.0	33.94071397360289	0.0	0.0	0.0	0.0	0.0	0.0	80.49599835938295	14.08375825105388	0.0	0.0	25.825883496108535	0.0	0.0	0.0	0.0	0.0	0.0	0.0	0.0	36.79536049990091	0.0	0.0	0.0	0.0	0.0	0.0
GSM4138114_HNSCC_3_PBMC_CCTATTAGTCCAAGTT	65.80899458408632	26.232975453810884	24.2346939457337	36.7511385855462	0.0	0.0	17.50998813781968	57.198878324868446	0.0	40.07327677988587	0.0	0.0	0.0	0.0	0.0	0.0	0.0	0.0	0.0	0.0	0.0	0.0	0.0	0.0	0.0	0.0	0.0	0.0	0.0	35.16260313799227	0.0	0.0	0.0	0.0
GSM4138114_HNSCC_3_PBMC_CCTTCGAGTGGCTCCA	114.31612887061621	63.798740180652636	40.65557420486781	0.0	58.313538487496984	29.52660690480213	0.0	0.0	0.0	0.0	0.0	0.0	0.0	0.4169553386836996	0.0	0.0	42.33292134048266	0.0	0.0	3.3495580750988383	0.0	84.97717469441457	0.0	0.0	0.0	0.0	0.0	0.0	28.02197065007736	0.0	0.0	0.0	0.0	0.0
GSM4138114_HNSCC_3_PBMC_CCTTTCTCAAAGGCGT	102.85649825292423	80.54853592475553	37.56233869376113	37.92085060306002	39.07572368036487	83.95940420312319	0.0	0.0	101.65757840327899	21.43994055687032	0.0	3.0516208916084087	0.0	0.0	0.0	36.03830725774997	0.0	0.0	0.0	0.0	0.0	0.0	0.0	0.0	0.0	0.0	0.0	0.0	0.0	0.0	0.0	0.0	0.0	0.0
GSM4138114_HNSCC_3_PBMC_CGAGAAGAGTGCGTGA	35.73182326266956	35.03318808704361	63.99596380306375	0.0	66.36643592356307	0.0	0.0	0.0	0.0	0.0	0.0	0.0	0.0	49.76899451646203	70.68846616955962	1.1699140264291497	32.49971961350458	0.0	0.0	0.0	0.0	0.0	0.0	0.0	0.0	0.0	0.0	0.0	0.0	0.0	0.0	0.0	0.0	0.0
GSM4138114_HNSCC_3_PBMC_CGATGTAAGGACTGGT	73.43551063444572	19.52452779211582	151.9973984646073	57.96406807125162	0.0	0.0	54.40774530026158	0.0	0.0	84.695338666335	0.0	0.0	0.0	0.0	0.0	0.0	0.0	3.481389111988394	0.0	0.0	0.0	0.0	14.843901279600841	0.0	35.07831515305513	0.0	0.0	0.0	0.0	0.0	0.0	0.0	0.0	0.0
GSM4138114_HNSCC_3_PBMC_CGGACACGTGACCAAG	146.02536066456403	63.54401542767004	71.05809728311401	0.0	86.7298919599541	0.0	0.0	0.0	0.0	49.66113150101448	0.0	0.0	0.0	0.0	0.0	0.0	0.0	87.554583414362	0.0	0.0	0.0	0.0	45.28659805566488	0.0	0.0	0.0	0.0	0.0	0.0	0.0	0.0	0.0	0.0	0.0
GSM4138114_HNSCC_3_PBMC_CGGACTGGTTCTGTTT	48.86839013761824	33.6249471331697	118.73830006893645	64.34201173526372	0.019333977968601628	75.16810176698009	0.0	0.0	0.0	0.0	0.0	0.0	0.0	0.0	0.0	0.0	0.0	0.0	0.0	49.321990162177585	0.0	0.0	0.0	20.18450797440512	0.0	0.0	0.0	0.0	0.0	0.0	0.0	0.0	0.0	0.0
GSM4138114_HNSCC_3_PBMC_CGGGTCACATCTATGG	42.05814521458286	92.94155048589872	0.0	0.0	24.53612263387078	17.446853736526208	0.0	0.0	0.0	0.0	0.0	35.61798080001884	3.7639149926182833	0.0	5.549854422184596	0.0	0.0	0.0	0.0	49.079375764262714	16.665943730924067	0.0	26.452493484918985	0.0	0.0	0.0	0.0	0.0	0.0	0.0	0.0	0.0	0.0	0.0
GSM4138114_HNSCC_3_PBMC_CGTGTCTTCATGCTCC	114.57369873843946	57.653213898246044	81.84036171942462	61.57903218422119	23.630476411035275	0.0	0.0	35.88082019768904	0.0	0.0	90.40903726797568	0.0	81.84893904609679	0.0	0.0	0.0	0.0	0.0	0.0	0.0	0.0	0.0	0.0	0.0	0.0	0.0	0.0	0.0	0.0	0.0	0.0	0.0	0.0	0.0
GSM4138114_HNSCC_3_PBMC_CTAACTTGTGGCAAAC	114.76284139954944	24.988175961636657	0.0	76.29205126405134	0.0	0.0	163.1262114912475	0.0	33.82229505984101	0.0	60.30219476616325	62.2100930321734	0.0	0.0	0.0	7.382312251803491	0.0	0.0	0.0	0.0	0.0	0.0	0.0	0.0	0.0	0.0	0.0	0.0	0.0	0.0	0.0	0.0	0.0	0.0
GSM4138114_HNSCC_3_PBMC_CTAACTTTCAGCTGGC	60.2031610005421	43.14080628342199	0.0	74.83792101763012	3.4624444800087106	0.0	0.0	0.0	0.0	76.44400333735577	0.0	81.1599387147491	0.0	0.0	47.14147553873514	0.0	0.0	39.78552081389534	0.0	0.0	0.0	0.0	52.4681722029377	0.0	0.0	0.0	0.0	0.0	0.0	0.0	77.20215494079517	0.0	0.0	0.0
GSM4138114_HNSCC_3_PBMC_CTCGAAACAAGGACAC	126.42867649229524	134.47045598723497	87.0223194537564	0.0	63.824015145687696	105.56914071400551	0.0	0.0	37.67606427397347	0.0	86.14955870008802	0.0	0.0	0.0	0.0	0.0	26.427509068244184	0.0	0.0	0.0	0.0	0.0	0.0	0.0	0.0	0.0	0.0	0.0	0.0	0.0	0.0	0.0	0.0	0.0
GSM4138114_HNSCC_3_PBMC_CTCTACGAGTGCGTGA	73.79914656009579	21.240871196078842	50.4096623799837	62.01274322575171	0.0	40.715065367511556	0.0	0.0	10.636278456511507	42.4710873784586	0.0	0.0	0.0	0.0	0.0	0.0	7.744155150602813	0.0	0.0	0.0	0.0	0.0	0.0	24.403940360381267	0.0	0.0	0.0	0.0	0.0	0.0	0.0	0.0	0.0	0.0
GSM4138114_HNSCC_3_PBMC_CTGAAGTAGAAACCGC	93.11324702880968	60.11238344496776	42.11461560938188	54.323103474711075	0.0	0.0	52.88532480944327	0.0	0.0	0.0	0.0	0.0	0.0	0.0	0.0	0.0	2.7296217622483745	0.0	0.0	0.0	0.0	0.0	0.0	38.09098531551448	0.0	0.0	84.11343870168587	0.0	0.0	0.0	0.0	0.0	0.0	0.0
GSM4138114_HNSCC_3_PBMC_CTGAAGTCACTAAGTC	68.09668636674101	48.29382787197226	90.09951108274002	4.230583878069373	87.6568285871478	0.0	63.65951450529452	0.0	0.0	36.26411867798073	0.0	0.0	0.0	0.0	30.968104805930636	0.0	0.0	0.0	0.0	0.0	0.0	0.0	30.90405169012893	0.0	0.0	0.0	0.0	0.0	0.0	0.0	0.0	0.0	0.0	0.0
GSM4138114_HNSCC_3_PBMC_CTGTTTACACAACGTT	56.70002024127406	70.37207911552584	0.0	50.65800569218293	0.0	0.0	0.0	0.0	0.0	0.0	0.0	0.0	0.0	0.0	0.0	82.05624444420533	61.496128055062485	0.0	0.0	21.477839294296786	0.0	0.0	0.0	0.0	0.0	0.0	9.253094453221243	0.0	0.0	16.57411818525448	0.0	0.0	0.0	0.0
GSM4138114_HNSCC_3_PBMC_GAACGGATCAGGTTCA	96.36488190266073	9.380955328225252	12.872253413429297	0.0	57.96866998830372	0.0	0.0	0.0	0.0	0.0	0.0	34.92988193445091	109.61773983429619	0.0	0.0	0.0	0.0	0.0	0.0	0.0	0.0	0.0	0.0	0.0	0.0	32.92513429360732	22.762944646656617	20.81138713190644	0.0	0.0	0.0	0.0	0.0	0.0
GSM4138114_HNSCC_3_PBMC_GACCTGGCAAGACACG	98.88798899579224	38.07286544182236	82.77430660002724	102.98853833624554	0.0	92.63628511866646	0.0	0.0	77.41929673198882	0.0	51.15117948745047	0.0	58.6703754383792	0.0	0.0	0.0	0.0	0.0	0.0	0.23048543735376614	0.0	0.0	0.0	0.0	0.0	0.0	0.0	0.0	0.0	0.0	0.0	0.0	0.0	0.0
GSM4138114_HNSCC_3_PBMC_GACGCGTAGTTAGGTA	89.11560776767348	43.02893280608097	68.30958859509178	52.4847487585369	0.0	0.0	0.0	0.0	0.0	0.0	0.0	0.0	140.82637236347037	54.601563454561514	0.0	0.0	0.0	0.0	0.0	0.0	0.0	7.525313522623775	0.0	0.0	0.0	20.91843161801849	0.0	0.0	0.0	0.0	0.0	0.0	0.0	0.0
GSM4138114_HNSCC_3_PBMC_GACTACAAGCGTTCCG	107.6601464739476	74.00457449287066	84.81928631039378	163.42677780739524	0.0	0.0	120.53503995288486	109.70336369605835	0.0	0.0	115.86960770110304	9.743588443974405	0.0	0.0	0.0	0.0	0.0	0.0	0.0	0.0	0.0	4.663126695459893	0.0	0.0	0.0	0.0	3.4382285409050435	0.0	0.0	0.0	0.0	0.0	0.0	0.0
GSM4138114_HNSCC_3_PBMC_GCACATAGTTGTCGCG	91.0181670344505	25.02667955053203	107.04287058428187	78.56462967714666	0.0	11.695869684176229	0.0	45.500286807327505	0.0	4.333054058369945	0.0	0.0	69.60155693543793	0.0	0.0	0.0	0.0	0.0	0.0	0.0	37.94469105631139	0.0	0.0	0.0	3.006400270688125	0.0	0.0	0.0	73.44542863572572	0.0	0.0	0.0	0.0	0.0
GSM4138114_HNSCC_3_PBMC_GCATACAGTCAGATAA	22.653522165609903	18.606761644527616	28.534561738125355	9.133689066127516	0.0	80.9998108050453	0.0	0.0	0.0	81.40371721897692	0.0	0.0	20.66595584199836	0.0	0.0	13.100771361879609	0.0	0.0	56.54864430484361	0.0	0.0	0.0	34.81879145153817	0.0	0.0	0.0	0.0	0.0	0.0	0.0	0.0	0.0	0.0	0.0
GSM4138114_HNSCC_3_PBMC_GCATGTAGTATGAAAC	30.77676890286739	32.96384976420349	42.437394967484	0.0	66.90868382200829	0.0	67.40909134378731	0.0	0.0	0.0	0.0	0.0	0.0	0.0	0.0	0.0	0.0	0.0	0.0	0.0	0.0	0.0	0.0	56.443918979595786	0.0	0.0	0.0	40.23125665941143	0.0	0.0	0.0	0.0	0.0	0.0
GSM4138114_HNSCC_3_PBMC_GCCAAATGTCCTAGCG	101.11834637733396	51.12375162443693	0.4245030113699254	27.591600513904456	0.0	0.0	0.0	0.0	0.0	0.0	0.0	42.94045739417805	0.0	0.0	47.97369114031108	0.0	0.0	0.0	0.0	0.0	0.0	0.0	0.0	82.65849648276829	0.0	0.0	74.16730390125652	0.0	0.0	0.0	0.0	0.0	0.0	0.0
GSM4138114_HNSCC_3_PBMC_GCGCAGTAGTTGTAGA	112.46428816729194	55.91082741714806	55.10952584350862	124.42089286017725	0.0	0.0	35.12556439261331	38.430200301439946	0.0	0.0	0.0	0.0	0.0	0.0	3.4682020480479014	0.0	0.0	0.0	0.0	34.87027898506415	0.0	0.0	0.0	0.0	0.0	6.174757166484939	0.0	0.0	44.490934669295775	0.0	0.0	0.0	1.9279019456539694	0.0
GSM4138114_HNSCC_3_PBMC_GGAAAGCCATGGTTGT	87.11442258621874	36.547409091399295	98.19937853286126	72.77843064532142	0.0	0.0	67.30777829628899	0.0	0.0	0.0	0.0	0.0	0.0	0.0	0.0	0.0	0.0	0.0	0.0	43.76820302276525	0.0	0.0	30.932939387940397	0.0	0.0	0.0	0.0	4.047859633481815	0.0	0.0	0.0	0.0	0.0	0.0
GSM4138114_HNSCC_3_PBMC_GGAAAGCTCACAACGT	46.337281161951424	41.664089603332826	125.3714127664806	135.72459037071624	0.0	0.0	152.04960472226765	0.0	0.0	0.0	17.86282051678001	0.0	0.0	0.0	0.0	0.0	30.256888367978664	0.0	0.0	0.0	0.0	0.0	0.0	11.968678093414479	0.0	0.0	0.0	0.0	0.0	0.0	0.0	0.0	0.0	0.0
GSM4138114_HNSCC_3_PBMC_GGACAAGTCGCCGTGA	155.41176389740912	139.00858798059448	0.0	0.0	191.24234301699155	0.0	0.0	0.0	0.0	76.07196787128377	0.0	0.0	0.0	0.0	0.0	0.0	0.0	0.0	0.0	0.0	144.0049540041105	118.98604783216976	50.41295708516644	0.0	0.0	0.0	0.0	0.0	0.0	0.0	20.96977873799094	0.0	0.0	0.0
GSM4138114_HNSCC_3_PBMC_GGACGTCTCGACGGAA	85.88308583994585	46.28799808630488	45.25371319419068	0.0	68.3005780145851	0.0	0.0	0.0	0.0	0.0	24.220406720329873	0.0	0.0	0.0	0.0	0.0	1.573829985550457	0.0	0.0	0.0	85.24049093158634	0.0	0.0	0.0	0.0	0.0	0.0	0.0	0.0	0.0	0.0	0.0	60.769828389772506	0.0
GSM4138114_HNSCC_3_PBMC_GGATTACTCCACGCAG	120.54729351301721	51.47630849654112	52.83844444531255	80.19914006635443	0.0	60.761270996445724	0.0	0.0	30.903802582873094	86.25843312321047	0.0	43.775512011929145	18.295039664096567	0.0	0.0	6.802146076430557	0.0	0.0	0.0	0.0	0.0	0.0	0.0	0.0	0.0	0.0	0.0	0.0	0.0	0.0	0.0	0.0	0.0	0.0
GSM4138114_HNSCC_3_PBMC_GGGAATGGTCAAGCGA	60.303452482172275	34.86754744871878	64.0064352097147	0.0	73.5564763099793	0.0	52.39156646934287	0.0	0.0	0.0	0.0	0.0	0.0	73.92633663351846	0.0	0.0	52.27837168311352	0.0	0.0	0.0	0.0	0.0	0.0	0.0	0.0	0.0	0.0	0.0	0.0	0.0	0.0	0.0	0.0	0.0
GSM4138114_HNSCC_3_PBMC_GTACGTAGTAACGCGA	87.4363277163672	134.40431711871813	61.08458808601112	47.81938793341803	0.0	126.19073946925914	0.0	0.0	70.95188483600029	71.98902129009973	0.0	0.0	0.0	0.0	0.0	0.0	0.0	0.0	0.0	0.0	0.0	0.0	0.0	0.0	0.0	0.0	0.0	0.0	0.0	0.0	0.0	0.0	0.0	0.0
GSM4138114_HNSCC_3_PBMC_GTATTCTAGGCTAGGT	46.08367073939287	72.65827331421076	50.35005354279014	142.58663683189198	0.0	0.0	0.0	0.0	25.96478903287893	0.0	19.89065289039417	0.0	174.08620049301868	0.0	0.0	0.0	0.0	0.0	0.0	0.0	0.0	0.0	0.0	28.177577649555925	0.0	0.0	0.0	0.0	0.0	0.0	0.0	0.0	0.0	0.0
GSM4138114_HNSCC_3_PBMC_GTATTCTGTGCTAGCC	58.26773903557964	94.3332016661855	55.0660815206482	17.116353128301544	0.0	0.0	0.0	0.0	0.0	0.0	0.0	0.0	0.0	8.716931857602988	0.0	0.0	0.0	37.60111422229135	0.0	77.10746825099761	0.0	0.0	0.0	39.06471125329093	0.0	64.0744171550566	0.0	0.0	0.0	0.0	0.0	0.0	0.0	0.0
GSM4138114_HNSCC_3_PBMC_GTGCAGCTCTAAGCCA	91.46477548450908	59.42591826708171	0.0	0.0	34.98173705839304	0.0	0.0	0.0	0.0	0.0	0.0	0.0	0.0	0.0	26.512941799081233	47.73201695555192	0.0	6.471823348639871	22.00903225068639	0.0	0.0	0.0	23.80822211504112	0.0	0.0	0.0	0.0	32.97635594795698	0.0	0.0	0.0	0.0	0.0	0.0
GSM4138114_HNSCC_3_PBMC_GTGCGGTGTGTGTGCC	64.0384116983247	86.10121700102201	0.0	0.0	72.47906833043102	0.0	13.858630898878053	0.0	0.0	0.0	0.0	49.30742411932289	0.0	33.59687116085487	30.524306537045174	0.0	0.0	29.677110905771613	0.0	0.0	0.0	0.0	0.0	92.17062729952066	0.0	0.0	0.0	0.0	0.0	0.0	0.0	0.0	0.0	0.0
GSM4138114_HNSCC_3_PBMC_GTGCTTCTCCTAGGGC	66.1242285318777	36.39797274592676	52.27434657370704	0.0	46.02022639809757	29.898855382682008	0.0	0.0	38.09103404259036	0.0	0.0	0.0	0.0	0.0	0.0	0.0	0.0	0.0	50.16972799685596	0.0	0.0	0.0	0.0	0.0	0.0	0.0	0.0	0.0	75.2102924577617	0.0	0.0	0.0	0.0	0.0
GSM4138114_HNSCC_3_PBMC_GTTAAGCGTCTCCATC	55.911328549687425	55.917745840957984	100.58626687102414	62.4358273163088	0.0	0.0	69.49379968215882	0.0	15.05767893467337	0.0	38.8757865663461	0.0	0.0	0.0	30.850196760293574	0.0	11.805507950559063	0.0	0.0	0.0	0.0	0.0	0.0	8.928121564944092	0.0	0.0	0.0	0.0	0.0	0.0	0.0	0.0	0.0	0.0
GSM4138114_HNSCC_3_PBMC_GTTAAGCTCTGCCCTA	75.15909354613454	36.84142693864234	69.59576500012717	76.46434115090018	0.0	0.0	0.0	0.0	37.60527454601334	0.0	0.0	0.0	80.62942262780129	48.17369975866202	0.0	0.0	0.0	0.0	0.0	0.0	49.96800949527092	0.0	0.0	0.0	0.0	0.0	0.0	23.1697390799564	0.0	0.0	0.0	0.0	0.0	0.0
GSM4138114_HNSCC_3_PBMC_GTTCGGGGTTAGTGGG	123.12577618521968	112.60801998252485	113.15313873320056	54.675840180726304	69.61854796853355	64.9056318344936	0.0	0.0	0.0	0.0	43.99217449391169	0.0	0.0	0.0	0.0	0.0	0.0	0.0	0.0	0.0	0.0	0.0	0.0	71.93833278028397	0.0	0.0	0.0	0.0	0.0	0.0	0.0	0.0	0.0	0.0
GSM4138114_HNSCC_3_PBMC_GTTCTCGGTGGCGAAT	96.79787242862314	30.47219665651992	0.0	89.19348803908217	0.0	0.0	0.0	0.0	0.0	0.0	0.0	50.6527645626726	9.34610210466305	24.97167833509475	0.0	0.0	0.0	0.0	0.0	0.0	56.760207154214356	0.0	0.0	0.0	0.0	2.424722915415897	0.0	0.0	0.0	0.0	8.88641851579185	0.0	0.0	0.0
GSM4138114_HNSCC_3_PBMC_TACACGAAGTACCGGA	107.40731980535966	32.02198514637243	0.0	0.0	24.73902514426759	0.0	0.0	0.0	0.0	0.0	0.0	0.0	58.569239558134456	0.0	0.0	0.0	0.0	11.087127068056269	0.0	43.67434786346931	0.0	66.41476701314906	0.0	0.0	0.0	0.0	0.0	0.0	0.6036943370908214	0.0	26.024221676076714	0.0	0.0	0.0
GSM4138114_HNSCC_3_PBMC_TATCTCAAGGCGTACA	59.97909910017056	16.036486323045924	59.95307021594893	0.0	17.037451837821887	0.0	0.0	0.0	0.0	0.0	0.0	0.0	0.0	55.69247701055985	63.16664192238819	0.0	65.90822671684343	0.0	0.0	0.0	46.61455931864117	10.170817192032887	0.0	0.0	0.0	0.0	0.0	0.0	0.0	67.21575149500939	0.0	0.0	0.0	0.0
GSM4138114_HNSCC_3_PBMC_TATCTCAGTACTCAAC	35.00704758726645	80.90102272288479	12.355395561296906	40.12109114809707	0.0	44.281846779234144	0.0	0.0	86.99027393720316	0.0	0.0	56.43254928706438	0.0	0.0	0.0	0.0	0.0	0.0	0.0	0.0	0.0	0.0	0.0	0.0	0.0	0.0	0.0	70.01258967348318	0.0	0.0	0.0	0.0	0.0	0.0
GSM4138114_HNSCC_3_PBMC_TATGCCCCATGCCTTC	48.24704002414425	49.62586659289178	108.5347311945793	0.0	115.4493046901099	0.0	0.0	0.0	65.69093060767871	0.0	0.0	0.0	0.0	74.07859852931904	0.0	0.0	0.0	72.5175397579797	0.0	0.0	0.0	0.0	0.0	0.0	0.0	0.0	0.0	0.0	0.0	21.313241095584473	0.0	0.0	0.0	0.0
GSM4138114_HNSCC_3_PBMC_TCACAAGCAAGCGATG	124.7679571583364	90.22810218814244	68.16456422051868	0.0	56.24627658616356	16.748426429667692	0.0	0.0	9.125250817425442	0.0	0.0	0.0	0.0	0.0	0.0	0.0	3.2270389221141227	0.0	0.0	6.321531824077166	0.0	0.0	0.0	0.0	14.598111298188602	0.0	0.0	0.0	11.32328771132876	0.0	0.0	0.0	0.0	0.0
GSM4138114_HNSCC_3_PBMC_TCAGCTCCACATTTCT	79.6708076705594	36.80820207111899	0.0	70.50634029714102	9.152812054569322	0.0	78.70896482751326	8.579455083534654	0.0	58.60299190873642	0.0	0.0	0.0	0.0	0.0	64.36118591995603	0.0	5.917655093064882	0.0	0.0	0.0	0.0	66.67749879086718	0.0	0.0	0.0	0.0	0.0	0.0	0.0	0.0	0.0	0.0	0.0
GSM4138114_HNSCC_3_PBMC_TCAGGATCACCGAAAG	103.91760040486851	40.21120742741897	117.28131505151694	30.927493821633345	0.0	22.789933887899217	0.0	0.0	0.0	6.968349696228966	8.69653299435688	0.0	0.0	0.0	0.0	0.0	33.797347859286916	0.0	48.39481596264712	0.0	0.0	0.0	0.0	0.0	0.0	0.0	3.2869371907424636	0.0	0.0	0.0	0.0	0.0	0.0	0.0
GSM4138114_HNSCC_3_PBMC_TCATTTGGTTGGACCC	45.81605105892449	41.8864996175934	43.065701120974744	83.30180753836659	0.0	47.88809763809138	0.0	57.581336806738314	0.0	5.344268807528454	0.0	0.0	0.0	0.0	0.0	3.1782070459483727	0.0	0.0	0.0	0.0	0.0	0.0	0.0	0.0	0.0	0.0	0.0	0.0	0.0	0.0	0.0	0.0	0.0	0.0
GSM4138114_HNSCC_3_PBMC_TCGCGTTCAGATCGGA	105.00929368244348	92.95611715356966	75.10648023701627	86.35775066993195	15.05022917724396	78.95577921568416	0.0	0.0	0.0	32.08556559605054	0.0	0.0	0.0	0.0	20.78393993883115	0.0	47.55818952996317	12.811957361183348	0.0	0.0	0.0	0.0	0.0	0.0	0.0	0.0	0.0	0.0	0.0	0.0	0.0	0.0	0.0	0.0
GSM4138114_HNSCC_3_PBMC_TCGTACCGTCCTAGCG	103.53504049744217	36.89826358702466	54.566346196527284	45.68596679589809	36.230415565216056	0.0	0.0	0.0	112.09404345672368	0.0	0.0	52.32832388533132	15.456532256417912	0.0	0.0	0.0	0.0	0.0	0.0	0.0	95.26376017472599	0.0	0.0	0.0	0.0	0.0	0.0	37.45665045088108	0.0	0.0	0.0	0.0	0.0	0.0
GSM4138114_HNSCC_3_PBMC_TCTCTAAGTGATGTCT	45.19317983925011	43.511548011940896	20.369268624716447	0.0	52.80873237853871	0.0	0.0	0.0	70.47086303607067	0.0	0.0	0.0	0.0	0.0	0.0	0.0	0.0	87.4360750341105	0.0	0.0	0.0	0.0	0.0	0.0	0.0	0.0	0.0	0.0	53.264417174369996	0.0	0.0	0.0	0.0	0.0
GSM4138114_HNSCC_3_PBMC_TCTCTAATCCTGTACC	80.07049961228772	31.321834842505112	0.17745834936079935	16.785260188124596	40.04138560456134	100.08402256904226	0.0	0.0	24.878437610567442	0.0	0.0	0.0	0.0	0.0	0.0	49.28454465187655	0.0	0.0	0.0	0.0	0.0	0.0	0.0	0.0	0.0	0.0	65.44925565395933	0.0	0.0	0.0	0.0	0.0	0.0	0.0
GSM4138114_HNSCC_3_PBMC_TCTGGAAAGAGTGACC	59.34761979242733	39.962269206840304	73.09732267849945	57.63149791472299	0.0	108.87135073039885	0.0	185.23499989858632	0.0	0.0	0.0	0.0	0.0	0.0	0.0	0.0	0.0	0.0	0.0	89.81475978728622	0.0	0.0	0.0	0.0	0.0	0.0	0.0	0.0	0.0	0.0	0.0	0.0	0.0	0.0
GSM4138114_HNSCC_3_PBMC_TCTTTCCGTCCGCTGA	52.706137113546745	21.39683104296913	35.17004792358727	22.79329473607496	0.0	109.55203520750179	0.0	0.0	52.29724695526381	0.4391303257102031	50.05749034754657	0.0	0.0	0.0	0.0	0.0	0.0	0.0	0.0	0.0	0.0	0.0	0.0	0.0	0.0	0.0	0.0	0.0	0.0	0.0	0.0	0.0	0.0	0.0
GSM4138114_HNSCC_3_PBMC_TGAAAGACAGACAAAT	56.15557892493374	47.468328192326574	60.98812272116996	90.9195611839842	0.0	87.80459280668236	0.0	0.0	35.48863886624983	0.0	0.0	16.81157680724873	0.0	26.619071269422804	0.0	0.0	0.0	0.0	0.0	0.0	0.0	0.7769430883975268	0.0	80.78746963339736	0.0	0.0	0.0	0.0	0.0	0.0	0.0	0.0	0.0	0.0
GSM4138114_HNSCC_3_PBMC_TGACGGCGTAAGGGCT	84.21154664091094	99.5199474302092	66.771387781496	38.7462244035018	0.0	0.0	0.0	17.218500436356788	0.0	44.42511281197809	0.0	0.0	0.0	0.0	0.0	7.905626676223613	0.0	0.0	0.0	0.0	0.0	0.0	0.0	0.0	0.0	0.0	0.0	0.0	0.0	110.62396681594015	0.0	0.0	0.0	0.0
GSM4138114_HNSCC_3_PBMC_TGCTGCTCAACGCACC	70.55944815111758	54.65055763725155	34.26965328363349	0.0	78.32543712948932	0.0	75.95191023756666	0.0	0.0	0.0	48.32589432076951	9.136527618886753	0.0	0.0	0.0	0.0	68.57812174434416	0.0	0.0	0.0	0.0	0.0	0.0	0.0	0.0	0.0	0.05324667867488446	0.0	0.0	0.0	0.0	0.0	0.0	0.0
GSM4138114_HNSCC_3_PBMC_TGTATTCTCCCTAACC	47.16661182794845	34.68311115804727	0.0	0.0	68.25943936928685	51.345034821308985	0.0	0.0	4.223707043299533	0.0	17.13417110808761	0.0	0.0	0.0	0.0	72.81836930901255	23.00082756346034	0.0	0.0	0.0	0.0	0.0	45.06043559778297	0.0	0.0	0.0	30.204663608416574	0.0	0.0	0.0	0.0	0.0	0.0	0.0
GSM4138114_HNSCC_3_PBMC_TTAACTCTCCTGCTTG	105.4700345293086	83.21391356309027	71.8416992012085	71.60409434874448	0.0	0.0	0.0	0.0	0.0	0.0	0.0	0.0	60.18027493743135	0.0	0.0	0.0	0.0	0.0	0.0	61.00379003068877	5.777951446034312	0.0	44.86637611985419	0.0	0.0	0.624819550100209	0.0	0.0	0.0	0.0	0.0	0.0	0.0	0.0
GSM4138114_HNSCC_3_PBMC_TTCTCCTTCTTGTATC	85.76696387392434	71.59200275822636	39.24963364211466	0.0	124.87071536777987	0.0	163.37784273914397	0.0	0.0	0.0	0.0	0.0	0.0	0.0	0.0	12.845346769205982	0.0	0.0	0.0	0.0	0.0	39.844183845195424	111.21830894323483	0.0	0.0	0.0	71.09977127333995	0.0	0.0	0.0	0.0	0.0	0.0	0.0
GSM4138114_HNSCC_3_PBMC_TTGGCAACAGATCCAT	36.8203875167854	99.60341414038969	0.0	53.95292514207664	0.0	0.0	11.737510166746697	0.0	0.0	0.0	43.20688308682302	0.75820735149952	0.0	0.0	0.0	112.90330450859847	0.0	0.0	0.0	0.0	0.0	0.0	0.0	0.0	0.0	0.0	0.0	0.0	0.0	0.0	61.369554271538014	0.0	0.0	0.0
GSM4138114_HNSCC_3_PBMC_AAACCTGCACCAGCAC	108.2798743110898	62.673120748258796	365.20581085009013	138.36962459879715	0.0	75.59462144541037	0.0	118.25975857689365	0.0	0.0	45.94305352783148	0.0	0.0	0.0	0.0	0.0	1.4821420433125636	0.0	0.0	0.0	0.0	0.0	0.0	0.0	0.0	0.0	0.0	0.0	35.65875080889453	0.0	0.0	0.0	0.0	0.0
GSM4138114_HNSCC_3_PBMC_AATCCAGCATAAGACA	133.192077628476	93.02849028683596	234.05183528237416	103.99622667477632	0.0	0.0	0.0	0.0	0.0	0.0	0.0	0.0	91.97934053907993	0.0	0.0	0.0	0.0	0.0	0.0	54.99899408811719	0.0	0.0	0.0	23.129487001822906	151.74768097250478	0.0	58.84599324116841	0.0	0.0	0.0	0.0	104.0362506355537	0.0	0.0
GSM4138114_HNSCC_3_PBMC_ACCGTAAGTCTTCGTC	0.0	0.0	2538.716295158231	0.0	0.0	0.0	0.0	0.0	0.0	0.0	0.0	0.0	0.0	0.0	0.0	113.282985040733	0.0	0.0	0.0	0.0	0.0	173.7193244725227	0.0	0.0	0.0	0.0	0.0	0.0	0.0	0.0	0.0	0.0	0.0	0.0
GSM4138114_HNSCC_3_PBMC_ACGGAGACATGGGACA	108.62136096743215	106.12113842781272	121.2088247984741	130.26017816821695	0.0	0.0	3.0842172978718576	0.0	99.73316360396385	0.0	127.35844486911874	0.0	82.36798176318163	0.0	0.0	0.0	0.0	0.0	0.0	0.0	0.0	0.0	0.0	0.0	0.0	0.0	0.0	0.0	0.0	0.0	0.0	0.0	0.0	0.0
GSM4138114_HNSCC_3_PBMC_ACGGGCTTCTTGCAAG	81.467800066333	178.2945441731617	83.62189729388403	97.82180583939093	0.0	117.59548023289302	0.0	0.0	162.03523360536286	0.0	0.0	0.0	0.0	72.40097113219173	0.0	142.12485766443845	4.874323697548426	0.0	0.0	0.0	0.0	0.0	0.0	0.0	0.0	0.0	0.0	0.0	0.0	0.0	0.0	0.0	0.0	0.0
GSM4138114_HNSCC_3_PBMC_ACTTACTGTTGGTAAA	0.0	0.0	0.0	0.0	0.0	0.0	0.0	2362.332737611609	0.0	0.0	0.0	0.0	0.0	0.0	0.0	0.0	0.0	0.0	0.0	0.0	0.0	0.0	649.2878990999209	0.0	0.0	0.0	0.0	0.0	0.0	0.0	0.0	0.0	0.0	0.0
GSM4138114_HNSCC_3_PBMC_ACTTTCACATTCTTAC	119.05672554942196	83.41342321654683	53.339169556274115	89.61806884666069	0.0	0.0	0.0	0.0	0.0	0.0	54.23313401448299	0.0	0.0	0.0	0.0	1.0608552852927509	0.0	0.0	0.0	27.785306401070105	0.0	125.81587397611683	0.0	248.25448849192756	0.0	0.0	0.0	0.0	0.0	0.0	0.0	127.47464035066339	0.0	0.0
GSM4138114_HNSCC_3_PBMC_AGACGTTGTCGGCATC	121.11362802347135	75.26759978473581	185.61827477665872	66.67307997396007	0.0	0.0	0.0	26.570533041572443	0.0	58.646365850338626	0.0	0.0	118.42741869355221	0.0	0.0	0.0	0.0	0.0	0.0	0.0	0.0	0.0	0.0	92.07192705949316	0.7598747919202216	0.0	0.0	0.0	0.0	0.0	0.0	0.0	0.0	0.0
GSM4138114_HNSCC_3_PBMC_AGAGTGGCACCTCGGA	245.5853787930441	90.09462909638853	0.0	145.5697470467921	0.0	13.952124120420507	0.0	0.0	0.0	0.0	155.0730062614669	0.0	0.0	0.0	82.05136317166527	0.0	0.0	39.95942806239831	0.0	0.0	16.713563004866163	276.90843087281473	200.86885851229076	0.0	0.0	0.0	0.0	0.0	0.0	0.0	0.0	0.0	0.0	0.0
GSM4138114_HNSCC_3_PBMC_AGGGTGAGTGCACTTA	143.54402641838445	88.68377351904648	0.0	152.7786934369803	0.0	0.0	103.00070815725955	109.33327015426879	0.0	31.933014850902985	47.747366319318445	0.0	0.0	0.0	0.0	201.75030780192887	0.0	0.0	0.0	0.0	0.0	0.0	0.0	0.0	0.0	0.0	0.0	0.0	0.0	4.686036276679625	0.0	0.0	0.0	0.0
GSM4138114_HNSCC_3_PBMC_AGTAGTCCATAGACTC	45.94094568583735	83.9890602932149	120.2253796016938	112.44775407131033	0.0	0.0	68.27572874123109	45.768585782684674	0.0	0.0	57.55922870225913	0.0	0.0	0.0	0.0	0.0	0.0	0.0	0.0	0.0	0.0	0.0	0.0	0.0	0.0	30.783312769257986	0.0	0.0	0.0	0.0	0.0	0.0	0.0	0.0
GSM4138114_HNSCC_3_PBMC_ATAAGAGGTATTCGTG	177.27763937927878	66.31329024149056	222.9521138585397	117.55962560456473	0.0	3.1287490195618917	0.0	0.0	209.6546586375873	0.0	0.0	0.0	115.42648437184573	0.0	0.0	0.0	0.0	0.0	0.0	0.0	0.0	0.0	0.0	0.0	0.0	0.0	114.59674126112608	0.0	0.0	0.0	0.0	0.0	0.0	0.0
GSM4138114_HNSCC_3_PBMC_ATGCGATTCGTGACAT	130.1019734302746	192.7314017360706	235.96705254354694	196.33173910435212	0.0	214.37994264836163	0.0	65.04081712590362	0.0	0.0	0.0	0.0	0.0	0.0	0.0	0.0	0.0	0.0	0.0	0.0	0.0	0.0	0.0	126.57750149046161	0.0	0.0	0.0	212.26045571544736	0.0	0.0	0.0	0.0	0.0	0.0
GSM4138114_HNSCC_3_PBMC_ATTTCTGAGTAGATGT	110.09814406251037	89.02637982069344	56.240560277671406	0.0	145.33288935311398	0.0	0.0	0.0	25.81450627420262	163.86123173939515	0.0	0.0	0.0	0.0	75.19073584970788	204.90088093305403	41.717493696853495	0.0	0.0	0.0	0.0	0.0	0.0	183.35882438566165	0.0	0.0	0.0	0.0	0.0	0.0	0.0	0.0	0.0	0.0
GSM4138114_HNSCC_3_PBMC_ATTTCTGTCGTAGGAG	57.70422315251945	62.15503344624528	0.0	0.0	30.503440175755074	0.0	63.89803297278548	0.0	0.0	0.0	0.0	0.0	0.0	0.0	0.0	62.855235618622686	0.0	0.0	0.0	18.39597163313099	0.0	0.0	0.0	0.0	0.0	0.0	0.0	24.57507695995634	0.0	0.0	90.54920478789377	0.0	0.0	0.0
GSM4138114_HNSCC_3_PBMC_CAAGAAACATGGAATA	143.3910485807826	181.16958221516418	0.0	0.0	107.63465755970651	0.0	0.0	0.0	0.0	127.13532491679382	0.0	0.0	14.9415940244941	0.0	0.0	297.8975532239666	177.0218866624432	100.53369193642231	0.0	0.0	0.0	0.0	0.0	0.0	0.0	0.0	0.0	0.0	0.0	9.486594296883165	0.0	0.0	0.0	0.22010842145818096
GSM4138114_HNSCC_3_PBMC_CACAGTAGTGATAAGT	137.20294729802484	96.97257979521612	0.0	121.28490907188258	0.0	66.75984690101835	0.0	219.43416981288445	0.0	69.44987359689945	0.0	156.35921406084677	0.0	0.0	54.42106065510287	22.787807325131137	0.0	0.0	0.0	0.0	0.0	0.0	0.0	0.0	0.0	0.0	0.0	0.0	0.0	0.0	0.0	0.0	0.0	0.0
GSM4138114_HNSCC_3_PBMC_CAGTAACAGTACGCGA	135.6729100255343	178.93835498171072	23.847180181622754	140.07335762059205	0.0	0.0	214.67987949881177	208.9725256119041	0.0	0.0	110.02659606578717	0.0	0.0	0.0	0.0	191.68303813662453	0.0	0.0	0.0	0.0	0.0	0.0	0.0	0.0	0.0	0.0	0.0	0.0	0.0	0.0	0.0	0.0	0.0	0.0
GSM4138114_HNSCC_3_PBMC_CATCGAAGTAGCGCTC	130.36776563548526	99.30828973459724	189.51021210143287	0.0	140.80635533549193	0.0	0.0	66.51029572187214	0.0	95.3352881293652	0.0	0.0	0.0	0.0	0.0	0.0	0.0	89.39997731152735	0.0	0.0	0.0	0.0	0.0	0.0	133.9520450248743	0.0	0.0	0.0	0.0	0.0	0.0	0.0	0.0	0.0
GSM4138114_HNSCC_3_PBMC_CATGGCGCACTACAGT	98.66228550840803	152.03468286919994	87.73780891214211	26.87953682711101	74.36708835799574	223.78447475062197	0.0	0.0	0.2744138194065938	0.0	74.82154129719169	94.27400499156535	0.0	0.0	0.0	0.0	126.99251775730205	0.0	0.0	0.0	0.0	0.0	0.0	0.0	0.0	0.0	0.0	0.0	0.0	0.0	0.0	0.0	0.0	0.0
GSM4138114_HNSCC_3_PBMC_CCTATTAGTAGCCTCG	117.17139260240562	113.39766187392314	83.62238307337694	151.4426249652417	0.0	0.0	0.0	0.0	151.88846253364835	138.2398420838062	0.0	83.56735460163594	0.0	0.0	92.51890334578592	0.0	0.0	0.0	55.0908021699598	0.0	0.0	6.368391433080448	0.0	0.0	8.105522696205083	0.0	0.0	0.0	0.0	0.0	0.0	0.0	0.0	0.0
GSM4138114_HNSCC_3_PBMC_CCTTCCCTCAGCATGT	176.69441305730942	157.57170803969996	87.38796510304208	138.53148148451893	0.0	0.0	0.0	98.803266585647	0.0	83.48886796101766	0.0	98.24636613443441	113.76977550928397	0.0	0.0	33.721332029859646	0.0	0.0	0.0	0.0	0.0	0.0	0.0	0.0	0.0	0.0	0.0	0.0	0.0	0.0	28.773568479453512	0.0	0.0	0.0
GSM4138114_HNSCC_3_PBMC_CGGACGTCATCGGACC	116.24336745173541	142.7165613854448	183.80452813416315	97.83299123098327	0.0	0.0	0.0	9.075235974115353	17.31481812049143	0.0	0.0	0.0	0.0	118.3572879063146	0.0	14.98875291630706	0.0	99.82293796601417	0.0	0.0	0.0	0.0	0.0	65.06600459608782	0.0	0.0	0.0	0.0	0.0	0.0	44.247728901202045	0.0	0.0	0.0
GSM4138114_HNSCC_3_PBMC_CGGACTGTCACGACTA	113.01612406259666	118.30425730375492	163.54009138270834	0.0	77.02454165222717	0.0	0.0	0.0	0.0	0.0	0.0	0.0	0.0	75.53427373265066	0.0	0.0	0.0	0.0	113.5184773712714	0.0	0.0	0.0	177.1721829655573	0.0	0.0	0.0	0.0	0.0	0.0	0.0	0.0	0.0	0.0	0.0
GSM4138114_HNSCC_3_PBMC_CGTAGGCAGTAAGTAC	141.74883477851753	76.96408852265337	0.0	145.6946356325468	0.0	0.0	0.0	0.0	7.902607740062899	0.0	0.0	0.0	0.0	70.05426586460862	124.2034743010314	36.646432031245425	99.1301908273307	0.0	0.0	0.0	0.0	129.4870078039211	0.0	0.0	0.0	0.0	0.0	0.0	0.0	0.0	0.0	0.0	0.0	0.0
GSM4138114_HNSCC_3_PBMC_CGTGAGCAGAAGGGTA	96.12612923975736	102.9261605779146	221.5734487538355	182.83987687435743	1.0652364735680082	0.0	0.0	153.36458317969303	0.0	0.0	0.0	0.0	0.0	93.08698490185361	177.0096703046371	0.0	0.0	44.24407485126667	0.0	0.0	0.0	0.0	0.0	0.0	0.0	0.0	0.0	0.0	0.0	0.0	0.0	0.0	0.0	0.0
GSM4138114_HNSCC_3_PBMC_CGTTGGGGTGATAAGT	53.18306016891423	83.75456379298566	192.33206639666585	10.47440180698119	28.255965661749944	46.08806120355165	0.0	0.0	0.0	0.0	51.28898824117993	11.11810226260715	0.0	0.46113002818634113	0.0	26.048718745733467	0.0	0.0	3.9658728108981123	53.66915844892005	35.030172160163254	0.0	0.0	0.0	0.0	95.69318669988924	0.0	0.0	0.0	0.0	58.89053223275189	0.0	0.0	0.0
GSM4138114_HNSCC_3_PBMC_CTAACTTCATACAGCT	204.2215787555138	191.0898904508526	274.0014691892822	211.3932960897351	57.203167106749184	0.0	0.0	361.49386651248665	0.0	165.79530306342338	50.251560585906724	0.0	0.0	0.0	227.34329069242537	0.0	9.437228222326807	0.0	143.5257591471161	0.0	0.0	0.0	0.0	0.0	44.86601644337046	0.0	0.0	0.0	0.0	0.0	0.0	0.0	0.0	0.0
GSM4138114_HNSCC_3_PBMC_CTACATTCAGTCAGCC	65.1849001051976	60.203115246389906	0.0	88.77268098600592	0.0	117.55657749752942	0.0	0.0	0.0	0.0	0.0	22.00100232169793	0.0	0.0	0.0	0.0	0.0	0.0	0.0	0.0	0.0	169.5706593790859	0.0	0.0	0.0	190.37329964195706	36.19942610803459	0.0	0.0	0.0	0.0	0.0	0.0	0.0
GSM4138114_HNSCC_3_PBMC_CTAGTGATCTTTCCTC	83.92738991647006	87.4544401062197	275.88000782134685	0.0	121.8867757807976	0.0	0.0	41.83249623991615	0.0	0.0	0.0	0.0	37.437889794861846	0.0	0.0	0.0	0.0	26.369360889867774	0.0	83.14693435411796	60.277438114011005	0.0	0.0	0.0	0.0	153.5903571507007	57.69322107812467	0.0	0.0	0.0	0.0	0.0	0.0	0.0
GSM4138114_HNSCC_3_PBMC_CTCGGGAAGAAGCCCA	156.45191333435318	108.4563431204276	83.15609609729383	185.22273720979257	0.0	18.77550181625952	0.0	0.0	164.9644963616692	0.0	0.0	137.04283733205253	4.055593930783026	0.0	0.0	0.0	0.0	63.04268676755385	0.0	150.5074750951186	0.0	0.0	0.0	0.0	0.0	0.0	0.0	0.0	0.0	0.0	0.0	0.0	0.0	0.0
GSM4138114_HNSCC_3_PBMC_CTCTACGAGTGAACGC	122.17804562891436	61.365657469217126	186.58410573529102	0.0	78.44772598991335	0.0	132.30272509531218	102.07658571844401	0.0	126.20551672897054	0.0	0.0	0.0	0.0	0.0	0.0	0.0	0.0	0.0	0.0	0.0	0.0	0.0	0.0	17.586438457020744	0.0	0.0	0.0	0.0	0.0	0.0	0.0	0.0	0.0
GSM4138114_HNSCC_3_PBMC_CTGTGCTCATGCTAGT	81.49010607507572	75.65948685253763	107.58861325796589	97.20039860293552	0.0	0.0	0.0	26.35652898663854	0.0	57.886122326218874	0.0	0.0	36.057594409709054	0.0	0.0	0.0	56.87879991818021	0.0	57.810189801348244	0.0	29.341633333295004	0.0	0.0	0.0	0.0	0.0	0.0	0.0	0.0	0.0	0.0	0.0	0.0	0.0
GSM4138114_HNSCC_3_PBMC_CTGTTTAAGAAACGAG	67.04071670052953	41.92339957327284	0.0	7.037348806699512	70.32196902173396	0.0	0.0	6.602395524618192	0.0	0.0	0.0	91.19728923779469	63.842850730160606	0.0	0.0	0.0	0.0	2.6777642133873707	0.0	55.71180283135631	0.0	0.0	0.0	0.0	66.01204615356619	0.0	8.34145733023252	0.0	0.0	0.0	0.0	0.0	0.0	0.0
GSM4138114_HNSCC_3_PBMC_GACCTGGAGGATGGAA	99.4986838643094	133.05899418463179	306.5329031329507	109.44352745154345	0.0	88.88223894978279	0.0	66.08271247097416	11.57289156580871	0.0	0.0	0.0	0.0	86.84476856904928	0.0	0.0	0.0	0.0	0.0	0.0	0.0	0.0	0.0	0.0	0.0	0.0	0.0	0.0	0.0	0.0	0.0	0.0	0.0	0.0
GSM4138114_HNSCC_3_PBMC_GATGAGGAGACGCACA	105.95448195598783	79.54486162344395	53.40636682789557	174.5897242522406	0.0	0.0	0.0	0.0	175.45759271198364	0.0	0.0	92.56072736697331	0.0	85.95415883235927	18.67270525520082	1.440723706669873	0.0	139.88947156164318	0.0	0.0	0.0	0.0	0.0	0.0	0.0	0.0	0.0	0.0	0.0	0.0	0.0	0.0	0.0	0.0
GSM4138114_HNSCC_3_PBMC_GATGCTATCTATCCCG	150.40959813051057	99.77512468960578	236.05974634797138	107.78671958348896	0.0	120.89977997479369	0.0	0.0	142.8015668730751	0.0	0.0	0.0	0.0	117.90832723869596	0.0	0.0	0.0	0.0	0.0	0.0	84.33949971036583	0.0	0.0	0.0	0.0	0.0	0.0	0.0	0.0	0.0	0.0	0.0	0.0	0.0
GSM4138114_HNSCC_3_PBMC_GATTCAGCATAACCTG	119.56996741092796	79.01860342209143	149.1463002297118	55.74105501237759	0.0	111.51681156925682	0.0	0.0	23.973644285417418	0.0	0.0	0.0	23.686825351964192	82.73081807224166	0.0	0.0	126.80648254319516	0.0	0.0	0.0	0.0	0.0	0.0	0.0	0.0	8.346890472508301	0.0	0.0	0.0	0.0	0.0	0.0	0.0	0.0
GSM4138114_HNSCC_3_PBMC_GCCTCTATCTGACCTC	32.170969108518086	159.68451496027538	78.33216570187852	70.77272738077944	0.0	0.0	103.6784863022971	0.0	0.0	0.0	64.98249138288678	0.0	0.0	0.0	0.0	0.0	0.0	0.0	0.0	0.0	0.0	162.3348545465216	37.434538330816885	0.0	0.0	51.49275784188273	0.0	0.0	0.0	0.0	0.0	0.0	89.4110920860002	0.0
GSM4138114_HNSCC_3_PBMC_GCGCGATAGCGTAGTG	143.3013459819094	59.92996680178004	207.72837964383137	139.63377388727858	0.0	0.0	0.0	0.0	0.0	0.0	0.0	0.0	0.0	120.40800815534756	0.0	0.0	0.0	0.0	173.56823742390478	0.0	0.0	0.0	0.0	0.0	0.0	176.81468580927861	0.0	0.0	0.0	0.0	0.6335178017101148	0.0	0.0	0.0
GSM4138114_HNSCC_3_PBMC_GCTTCCATCAGAGACG	105.98444833763061	122.19217055546302	250.5238899099505	43.44285017545145	17.88905702230417	0.0	0.0	0.0	0.0	0.0	0.0	0.0	78.77840268700301	0.0	0.0	0.0	0.0	0.0	0.0	123.50939707441793	32.87276019771222	0.0	18.408164274382983	0.0	0.0	128.89756086394067	5.661710648109234	0.0	0.0	0.0	0.0	0.0	0.0	0.0
GSM4138114_HNSCC_3_PBMC_GCTTGAAAGATCACGG	98.7467203277718	58.13066160480256	255.6309583738932	0.0	89.40497186188188	0.0	0.0	0.0	112.50045909604238	68.5147019187399	0.0	0.0	144.69284327987927	0.0	0.0	0.0	0.0	0.0	0.0	0.0	0.0	0.0	0.0	0.0	0.0	0.0	0.0	0.0	0.0	0.0	0.0	0.0	0.0	0.0
GSM4138114_HNSCC_3_PBMC_GGAAAGCCACAGTCGC	81.72490618579799	79.5772211743314	306.39776887862485	153.9702941998829	0.0	99.64029237527978	0.0	0.0	144.86647314172512	0.0	0.0	0.0	0.0	0.0	0.0	0.0	0.0	0.0	0.0	122.82744603160327	0.0	0.0	0.0	29.930402061888042	0.0	0.0	0.0	0.0	0.0	0.0	0.0	0.0	0.0	0.0
GSM4138114_HNSCC_3_PBMC_GGTGTTAGTTATGTGC	86.94333721314224	55.779404254982104	151.96797535298305	102.81909843427323	0.0	0.0	0.0	0.0	0.0	0.0	12.755753425382004	0.0	0.0	54.827103743287154	95.93331635248714	0.0	0.0	0.0	0.0	0.0	0.0	27.38253422797979	0.0	0.0	0.0	0.0	3.729311344323961	0.0	0.0	0.0	102.1735046217003	0.0	0.0	0.0
GSM4138114_HNSCC_3_PBMC_GTATCTTCATTACCTT	164.53143558455068	113.95208468984009	85.96475254501054	97.57822335421265	0.0	46.31361179760999	0.0	0.0	86.4963678508587	0.0	0.0	186.45294357727977	64.09122046934857	78.59108379788577	0.0	0.0	83.99754314968204	0.0	0.0	0.0	22.93161031240948	0.0	0.0	0.0	0.0	0.0	0.0	0.0	16.324934852992435	0.0	0.0	0.0	0.0	0.0
GSM4138114_HNSCC_3_PBMC_GTCACAAAGCTGCCCA	107.72822564733285	71.26873923642502	0.0	153.16454459904224	0.0	0.0	0.0	0.0	174.56173253215601	0.0	0.0	0.0	169.4689105456483	0.0	0.0	161.12611471321318	0.0	0.0	0.0	2.90921559985802	0.0	64.12678137062859	0.0	0.0	0.0	0.0	0.0	0.0	88.77411431102126	0.0	0.0	0.0	0.0	0.0
GSM4138114_HNSCC_3_PBMC_GTCATTTTCCTCTAGC	63.93336148993961	58.5686399478578	76.52189837264007	133.12639940933494	0.0	0.0	0.0	24.704739403846375	0.29767185675347674	0.0	94.17309915511768	0.0	0.0	0.0	77.25800521034412	164.36548562902118	114.93745579004101	0.0	77.51497985387164	0.0	0.0	0.0	0.0	0.0	0.0	0.0	0.0	0.0	0.0	0.0	0.0	0.0	0.0	0.0
GSM4138114_HNSCC_3_PBMC_GTGTTAGGTGTATGGG	35.30081886166252	124.48399008728877	0.0	100.4724978770279	0.0	0.0	52.86915184259404	0.0	0.0	0.0	49.825745885151626	0.0	0.0	0.0	0.0	124.0198844924022	0.6847747801150212	6.268185882742665	0.0	42.15513319420484	0.0	35.248425122187385	0.0	0.0	0.0	0.0	0.0	0.0	0.0	0.0	176.65836206927162	0.0	0.0	0.0
GSM4138114_HNSCC_3_PBMC_GTTCATTCATCACGAT	101.30142038717034	80.16767137203539	210.5060016889261	43.88894405488872	24.333463263402304	107.02058360126927	0.0	0.0	159.5049371519419	0.0	0.0	0.0	0.0	0.0	0.0	0.0	0.0	0.0	23.225607872856482	124.31585824088765	0.0	0.0	0.0	0.0	0.0	0.0	0.0	18.031216459978335	0.0	0.0	0.0	0.0	0.0	0.0
GSM4138114_HNSCC_3_PBMC_GTTTCTAGTGGTTTCA	86.39636238163558	95.57384056959928	1.3255333178170214	0.0	115.04049708734371	0.0	0.0	83.13056196486212	0.0	1.8480080740984248	0.0	2.2889081426742464	0.0	0.0	0.0	237.96082010391723	35.18847795627954	122.02961183826909	0.0	60.74145825191137	0.0	0.0	0.0	0.0	0.0	0.0	0.0	0.0	0.0	0.0	0.0	0.0	0.0	0.0
GSM4138114_HNSCC_3_PBMC_TACTTACAGGGTCGAT	99.06570333158018	153.13914578009903	42.899985014866154	57.045694055542455	0.0	0.0	15.402554330636363	0.0	0.0	0.0	63.38270377307637	0.0	0.0	0.0	0.0	0.0	0.0	74.84584812189115	0.0	0.0	0.0	122.45806253378082	0.0	0.0	0.0	148.41955559927834	0.0	0.0	0.0	0.0	0.0	0.0	0.0	0.0
GSM4138114_HNSCC_3_PBMC_TCGAGGCGTACGCTGC	126.27281445169724	130.43198647497707	201.1180482708138	133.78466918778517	0.0	9.55948632848065	0.0	0.0	0.0	0.0	81.79619610067859	0.0	64.3127815065324	25.4623286795216	0.0	0.0	0.0	23.752620582619233	80.43765428133791	0.0	0.0	0.0	200.86375800432566	0.0	0.0	14.067238506519379	15.060504248585135	0.0	0.0	0.0	0.0	0.0	0.0	0.0
GSM4138114_HNSCC_3_PBMC_TCGTAGAAGAAACCTA	152.76332295090242	159.18990244793804	175.34624517854866	49.32503349776149	0.0	61.10049751416201	0.0	79.5168979665709	0.0	0.0	89.82385120616466	0.0	0.0	0.0	59.447206819895946	15.09651712227833	76.11807335636168	0.0	0.0	29.273002940886688	0.0	0.0	0.0	0.0	0.0	0.0	0.0	0.0	17.788932370248645	0.0	0.0	0.0	0.0	0.0
GSM4138114_HNSCC_3_PBMC_TGCCCTAAGTGTTAGA	129.82866634884368	151.96098483419408	242.40241792196593	0.0	128.6888905294024	0.0	0.0	71.39228984363805	0.0	0.0	54.01785987533312	0.0	0.0	0.0	19.423920155772024	0.0	41.475660138995686	39.32465776361458	51.14127988270663	0.0	0.0	0.0	0.0	40.38108429895433	0.0	0.0	0.0	0.0	0.0	0.0	0.0	0.0	0.0	0.0
GSM4138114_HNSCC_3_PBMC_TGGCTGGAGGGATGGG	117.64913761487527	155.39289932040978	291.3191622763562	0.0	65.10413668884722	0.0	0.0	0.0	0.0	0.0	89.25162247802113	0.0	53.869510647811715	0.0	0.0	0.0	130.0835759652214	0.0	0.0	0.0	88.05412005900571	0.0	0.0	0.0	0.0	0.0	0.0	0.0	0.0	0.0	0.0	0.0	0.0	0.0
GSM4138114_HNSCC_3_PBMC_TTAGGACAGTCCTCCT	149.364834727344	128.29007410241496	95.46706146693263	90.06414251538102	0.0	0.0	0.0	17.928502661737085	0.0	0.0	79.10311788633416	175.9942037034282	149.17920060366765	12.716338258678457	0.0	0.0	0.0	0.0	0.0	19.606135849398548	0.0	0.0	0.0	0.0	157.8180729493108	0.0	0.0	0.0	0.0	0.0	0.0	0.0	0.0	0.0
GSM4138114_HNSCC_3_PBMC_TTATGCTCAGTATAAG	48.43372805799685	27.67049842672579	68.82052557030195	44.787037000893946	1.533447404990155	0.0	0.0	23.64988050910521	21.11140765834535	0.0	0.0	0.0	0.0	0.0	0.0	0.0	0.0	44.015120483547555	0.0	41.40566238088846	0.0	0.0	0.0	0.0	0.0	24.117375924925238	0.0	0.0	0.0	0.0	0.0	0.0	0.0	0.0
GSM4138114_HNSCC_3_PBMC_TTCCCAGGTCTCCCTA	111.54120806920253	87.49438678625236	242.8014185430182	107.49698693129507	0.0	40.70325964026058	0.0	204.45957651350997	0.0	0.0	0.0	0.0	0.0	73.41937323861175	0.0	0.0	0.0	0.0	78.05030191484903	0.0	0.0	0.0	0.0	0.0	0.0	0.0	0.0	0.0	0.0	0.0	0.0	0.0	0.0	0.0
GSM4138114_HNSCC_3_PBMC_TTCCCAGTCACTCCTG	105.06123830737924	161.05354246297858	240.31325579550517	0.0	95.06653939974528	0.0	0.0	0.0	0.0	0.0	86.38509031541672	0.0	0.0	0.0	0.0	0.0	0.0	0.0	0.0	0.0	159.69317096163576	0.0	181.69363643141756	0.0	0.0	0.0	0.0	0.0	0.0	0.0	0.0	0.0	13.295477276960213	0.0
GSM4138114_HNSCC_3_PBMC_TTCTACATCCGCATCT	66.69520492647045	62.0473239786698	171.43149267534392	0.0	79.34415019588931	0.0	0.0	104.35503272329868	0.0	0.0	0.0	0.0	0.0	39.78231941991891	0.0	0.0	0.0	0.0	0.0	108.94132845441632	55.38397410790634	0.0	3.182957124853581	0.0	0.0	0.3663066645526013	0.0	0.0	0.0	0.0	0.007480243820548602	0.0	0.0	0.0
GSM4138114_HNSCC_3_PBMC_AAAGATGTCTCCCTGA	57.02957674785084	46.711762165828056	89.32182860570893	83.69458272587887	61.056447059339085	0.0	0.0	0.0	43.421763022492854	0.0	0.0	0.0	135.34308525371418	0.0	0.0	0.0	18.508814366566952	0.0	0.0	52.845289340437255	14.554365403346498	0.0	0.0	0.0	0.0	0.0	0.0	0.0	0.0	0.0	34.13614935663304	0.0	0.0	0.0
GSM4138114_HNSCC_3_PBMC_AACTCCCGTCTGATCA	61.08807379838119	49.4705366394185	59.234627840364354	143.9248997009383	0.0	0.0	0.0	30.620866647187235	0.0	22.762963062976887	0.0	0.0	74.93651284719246	0.0	0.0	0.0	0.0	0.0	0.0	0.0	0.0	0.0	0.0	0.0	0.0	0.0	0.0	0.0	0.0	0.0	0.0	13.948232239538404	0.0	0.0
GSM4138114_HNSCC_3_PBMC_ACGCAGCCATCCAACA	90.26566302186434	112.00945705792196	120.84883036187902	75.93902135485129	0.0	0.0	0.0	0.0	75.19411833448392	0.0	18.295688923587896	0.0	0.0	0.0	60.61024955101449	9.75204983802864	0.0	51.15649612798935	0.0	0.0	0.0	0.0	0.0	0.0	0.0	0.0	0.0	0.0	0.0	0.0	0.0	0.0	0.0	0.0
GSM4138114_HNSCC_3_PBMC_ACTATCTAGCCTCGTG	59.519665978579305	90.63946482965248	16.809904598159033	39.894830216473586	5.20000190816256	67.65288137353114	0.0	0.0	64.71597926589675	0.0	45.68012430061245	56.043613867970784	0.0	0.0	0.0	0.0	0.0	0.0	0.0	0.0	0.0	0.0	0.0	0.0	0.0	0.0	0.0	0.0	0.0	0.0	0.0	0.0	0.0	0.0
GSM4138114_HNSCC_3_PBMC_ACTGAACTCAGCATGT	184.7172064011156	59.57967241184103	0.0	0.0	69.61108749993868	0.0	0.0	0.0	0.0	0.0	0.0	0.0	44.16534423891229	0.0	0.0	107.80117807603317	0.0	0.0	0.0	114.44961147509848	48.846250233337656	0.0	0.0	0.0	107.74855282291166	0.0	0.0	0.0	0.0	0.0	0.0	0.0	0.0	0.0
GSM4138114_HNSCC_3_PBMC_ATCCGAACATAACCTG	129.77033497039915	66.05112888189423	85.26153349273075	30.27573822220687	61.39327439905603	0.0	0.0	0.0	0.0	0.0	30.109150727153587	0.5825641202017823	0.0	0.0	77.24624164448605	0.0	67.60538776551311	0.0	0.0	0.0	0.0	0.0	0.0	0.0	0.0	0.0	0.0	0.0	15.977201107763094	0.0	0.0	0.0	0.0	0.0
GSM4138114_HNSCC_3_PBMC_ATTTCTGTCCGTTGCT	185.4887946952212	68.05144441463295	113.78026779151111	59.939648447497206	44.157880758872174	114.35418540202292	0.0	0.0	0.0	0.0	86.12653414529017	0.0	0.0	0.0	0.0	0.0	85.5132859035392	0.0	14.159879387693964	0.0	13.477291185448921	0.0	0.0	0.0	0.0	0.0	0.0	0.0	0.0	0.0	0.0	0.0	0.0	0.0
GSM4138114_HNSCC_3_PBMC_CAAGATCGTTCACGGC	86.5148755426209	48.29048760424567	63.76053674346602	91.878462857512	0.0	0.0	0.0	55.342096039521735	0.0	0.0	49.9227051773433	0.0	22.28758348786085	0.0	0.0	0.0	0.0	0.0	36.68380516594506	0.0	8.954225241395536	0.0	0.0	0.0	0.0	0.0	0.0	0.0	0.0	0.0	0.0	37.09450503112623	0.0	0.0
GSM4138114_HNSCC_3_PBMC_CGTGTCTGTTGGAGGT	94.61869993545979	114.67032625177285	85.52470339024758	73.45711883940604	5.245783552210651	59.68907124718306	0.0	82.63969924223349	0.0	0.0	0.0	0.0	0.0	0.0	17.73816279776624	0.0	0.0	0.0	0.0	52.45222179926867	0.0	0.0	0.0	0.0	0.0	0.0	0.0	0.0	29.52603270756183	0.0	0.0	0.0	0.0	0.0
GSM4138114_HNSCC_3_PBMC_CTACACCGTAAGTGTA	127.69255829027954	85.81277029261341	0.0	62.469770922609655	0.0	0.0	0.0	0.0	0.0	0.0	0.0	72.511449082075	0.0	0.0	117.3934220046157	13.0590028122628	0.0	0.0	0.0	23.325120077631478	0.0	0.0	0.0	67.62500802866364	0.0	0.0	0.0	9.530035335764664	0.0	0.0	0.0	0.0	0.0	0.0
GSM4138114_HNSCC_3_PBMC_GACGTTAGTGGTCTCG	101.1377625163836	52.84876691942434	0.0	44.81185340240508	0.0	122.29066664884971	0.0	0.0	7.6872056829603626	0.0	0.0	84.32197117765985	0.0	45.257880322399664	0.0	0.0	29.392388970987973	0.0	0.0	0.0	0.0	0.0	0.0	0.5401465954159119	0.0	0.0	0.0	0.0	0.0	0.0	0.0	0.0	0.0	0.0
GSM4138114_HNSCC_3_PBMC_GCACTCTGTGGTGTAG	56.06757956280278	35.91020227917159	77.9456428849437	36.011704704363034	0.0	0.0	0.0	64.02244442133079	0.0	75.30988687532249	0.0	0.0	149.23472383896194	0.0	0.0	0.0	0.0	0.0	0.0	0.0	0.0	0.0	0.0	0.0	0.0	0.0	0.0	0.0	0.0	0.0	0.0	0.0	0.0	0.0
GSM4138114_HNSCC_3_PBMC_GGGCATCAGACTACAA	70.4874837984773	65.91701359300298	26.23892330073764	47.83590017933586	24.06336202278499	76.10335728477504	0.0	0.0	0.0	0.0	0.0	0.0	0.0	0.0	0.0	93.34672409654101	0.0	0.0	0.0	67.82949379464709	0.0	0.0	22.916922028770674	0.0	30.683672676736172	0.0	0.0	0.0	0.0	0.0	0.0	0.0	0.0	0.0
GSM4138114_HNSCC_3_PBMC_GTCAAGTTCTTTACAC	56.73622217505121	43.906882643489276	31.53856213575237	128.39635596483842	0.0	0.0	0.0	0.0	0.0	25.72417340611308	39.38744210157404	54.40121878453541	0.0	0.0	0.0	0.0	81.54177717193863	91.07194264120771	0.0	0.0	0.0	4.0073714867235175	0.0	0.0	0.0	0.0	0.0	0.0	0.0	0.0	0.0	0.0	0.0	0.0
GSM4138114_HNSCC_3_PBMC_GTGCTTCCACTATCTT	94.32873147893729	29.279644653803906	44.68824788604976	140.27223847750264	0.0	93.78531266902438	0.0	74.9371521123105	0.0	0.0	0.0	0.0	0.0	0.0	0.0	38.94120750825158	0.0	0.0	0.0	0.0	0.0	0.0	0.0	0.0	0.0	0.0	0.0	78.75650529206682	0.0	0.0	0.0	0.0	0.0	0.0
GSM4138114_HNSCC_3_PBMC_TTCTACACACACCGAC	92.47148867216906	46.652754940525554	42.13686677698515	0.0	75.30166576794181	114.20758317548132	0.0	0.0	0.0	16.736202407266777	0.0	73.04561665109395	0.0	23.57650743480915	0.0	0.0	76.16854805046702	0.0	0.0	0.0	0.0	0.0	0.0	0.0	7.334052695668353	0.0	0.0	2.078227336591135	0.0	0.0	0.0	0.0	0.0	0.0
GSM4138114_HNSCC_3_PBMC_TTGACTTTCGCGATCG	85.54634700495218	47.70589747632946	33.21594089783719	73.95386353459787	0.0	0.0	30.51358750571371	0.0	66.62769664633981	42.99862375820964	0.0	42.12183717731223	0.0	0.0	0.0	0.0	0.0	18.488024387980364	0.0	11.768858663805343	0.0	0.0	0.0	0.0	0.0	0.0	0.12553843229615963	0.0	0.0	83.8939882245648	0.0	0.0	0.0	0.0
GSM4138114_HNSCC_3_PBMC_ACTGTCCCACTAGTAC	73.06966315800335	81.0895104025659	0.0	0.0	66.45284129678747	0.0	0.0	0.0	0.0	51.82437597948826	0.0	0.0	0.0	0.0	0.0	79.44443081255905	0.0	98.43901837882595	0.0	0.0	0.0	0.0	65.93047558717177	0.0	0.0	0.0	0.0	0.0	0.0	0.0	0.0	0.0	0.0	0.0
GSM4138114_HNSCC_3_PBMC_CTCATTATCGAATCCA	88.22672011551509	44.55156670480448	65.32786905532244	0.0	67.53431071011344	0.0	0.0	0.0	0.0	51.74511164551297	0.0	0.0	0.0	0.0	0.0	8.749872721163724	128.72078022935247	0.0	0.0	0.0	95.45812228026197	0.0	0.0	0.0	0.0	0.0	0.0	0.0	0.0	0.0	0.0	0.0	0.0	0.0
GSM4138114_HNSCC_3_PBMC_GAACCTATCGACAGCC	180.50991630018075	65.40791316313543	63.888643778373726	115.59645540553238	0.0	0.0	82.03364471422772	0.0	5.318936233153354	0.0	0.0	0.0	0.0	0.0	0.0	87.54238300893665	69.92576498306975	35.057503972527954	0.0	57.13643333084503	0.0	0.0	0.0	0.0	0.0	0.0	0.0	0.0	0.0	0.0	0.0	0.0	0.0	0.0
GSM4138114_HNSCC_3_PBMC_GCGCCAACATTTGCCC	91.09538253397412	54.21519762469869	99.66656436387765	0.0	112.8592032020987	0.0	85.00651769456282	0.0	0.0	0.0	0.0	0.0	0.0	0.0	0.0	0.0	25.17298565686899	0.0	0.0	0.0	0.0	0.0	0.0	0.0	0.0	0.0	61.18276915946244	0.0	0.0	9.13967087597248	0.0	0.0	0.0	0.0
GSM4138114_HNSCC_3_PBMC_GGGAGATCAATTCCTT	82.69569542641085	65.03333414642205	46.889211008208775	26.31760478903463	18.25367723539534	0.0	100.3782279993205	0.0	0.0	0.0	53.70868465914551	9.080114540637938	0.0	0.0	0.0	0.0	0.0	0.0	0.0	0.0	0.0	0.0	40.23454231329843	0.0	0.0	0.0	0.0	0.0	0.0	0.0	0.0	0.0	0.0	0.0
GSM4138114_HNSCC_3_PBMC_GTGAAGGAGAAGGTGA	73.62779497712096	32.688665705842276	93.2317100692982	51.52669357854566	0.0	0.0	0.0	0.0	0.0	45.43336853556367	0.0	0.0	126.6689772301302	0.0	0.0	0.0	0.0	0.0	0.0	7.068368644929646	0.0	0.0	65.63087248982015	0.0	0.0	0.0	0.0	7.504415824961934	27.373131587407627	0.0	0.0	0.0	0.0	0.0
GSM4138114_HNSCC_3_PBMC_TACCTATTCGAGAGCA	57.64432546505834	37.74076119565262	37.302551572210135	0.0	57.6113736362907	41.526999173317655	0.0	0.0	0.0	21.376393531360783	24.728490993202076	0.0	0.0	23.364440502767103	0.0	20.92397709999827	0.0	0.0	0.0	0.0	0.0	0.0	46.43556812060042	0.0	0.0	0.0	0.0	0.0	16.16365183920162	0.0	0.0	0.0	0.0	0.0
GSM4138114_HNSCC_3_PBMC_TAGCCGGGTTGATTCG	64.71102244097493	25.968147184365517	53.654814957511874	94.4846894989709	0.0	0.0	0.0	0.0	0.0	0.0	0.0	0.0	0.0	0.0	0.0	0.0	0.0	0.0	0.0	0.0	77.89544374931528	28.011756945259595	0.0	0.0	0.0	63.84676283067075	0.0	78.89660182101859	0.0	0.0	0.0	0.0	0.0	0.0
GSM4138114_HNSCC_3_PBMC_TCTTTCCTCGCCGTGA	66.05472126937843	49.06603302238197	141.4073807383471	0.0	76.6435542935033	0.0	131.19852811696015	85.30963744581915	0.0	0.0	0.0	0.0	0.0	29.68048901293996	0.0	0.0	0.0	0.0	0.0	0.0	0.0	0.0	0.0	0.0	0.0	0.0	0.0	0.0	0.0	0.0	0.0	0.0	0.0	0.0
GSM4138114_HNSCC_3_PBMC_TGTGGTAGTTGCCTCT	145.59760116414816	81.25777332038757	112.65588697327233	87.72558287721293	0.0	0.0	0.0	31.80190281394528	0.0	0.0	63.167714389138105	0.0	39.15456739890959	0.0	0.0	0.0	0.0	0.0	0.0	0.0	0.0	0.0	0.0	0.0	0.0	51.905891881595174	0.0	0.0	0.0	0.0	0.0	0.0	0.0	67.57411051261727
GSM4138114_HNSCC_3_PBMC_ATTATCCTCCTCCTAG	147.79151349277743	145.7601454036035	117.3742650302976	138.89392128371625	0.0	0.0	0.0	0.0	111.98203314903101	0.0	25.231440721400578	0.0	0.0	0.0	210.12550067104274	0.0	0.0	0.0	8.531428205893283	0.0	0.0	0.0	0.0	0.0	0.0	0.0	0.0	0.0	138.310446994201	0.0	0.0	0.0	0.0	0.0
GSM4138114_HNSCC_3_PBMC_CGAGAAGAGCTACCTA	118.87536192526122	158.8478562036999	0.0	0.0	105.10256329583527	0.0	211.59228468336872	0.0	0.0	0.0	116.33466664663766	0.0	0.0	0.0	0.0	170.4417981076842	0.0	0.0	0.0	0.0	0.0	0.0	26.641899401012083	0.0	4.450124313001568	0.0	0.0	0.0	0.0	0.0	0.0	0.0	10.573689727222982	0.0
GSM4138114_HNSCC_3_PBMC_GACTACACACCGCTAG	90.98738247617764	100.68340782299418	162.2274856023816	44.86429764013281	0.0	70.45040569380265	0.0	0.0	119.32212806265986	38.13570565898771	0.0	0.0	0.0	0.0	5.9408483917808725	0.0	2.7517176171387336	0.0	0.0	0.0	0.0	0.0	0.0	0.0	0.0	0.0	47.477021739939076	0.0	0.0	0.0	0.0	0.0	0.0	0.0
GSM4138114_HNSCC_3_PBMC_GGCTCGAGTCTGATCA	173.91397492944316	99.43049898478068	126.72227007521812	0.0	34.68305191730503	0.0	0.0	0.0	0.0	0.0	0.0	0.0	0.0	0.0	0.0	0.0	50.681227393975966	0.0	0.0	0.0	107.58219358597582	0.0	0.0	0.0	0.0	0.0	65.22356345680902	0.0	0.0	0.0	0.0	0.0	0.0	0.0
GSM4138114_HNSCC_3_PBMC_TCAGATGTCAGTTTGG	77.36229244893526	74.8939825230547	68.97542280220834	65.08162655797075	0.0	117.2525319342995	0.0	0.0	64.75185867432617	0.0	0.0	41.21980780193338	0.0	125.9612956767522	0.0	0.0	0.0	0.0	0.0	0.0	0.0	0.0	0.0	0.0	0.0	0.0	0.0	0.0	0.0	0.0	0.0	0.0	0.0	0.0
GSM4138114_HNSCC_3_PBMC_TCGAGGCAGAACAATC	191.0911224623565	183.92785923833213	230.10712848225936	40.74644267515576	131.58595363194317	0.0	0.0	145.69539316480683	0.0	0.0	175.48765171019966	0.0	0.0	0.0	0.0	0.0	0.0	0.0	252.3096472076029	0.0	0.0	0.0	0.0	0.0	0.0	0.0	0.0	0.0	0.0	0.0	0.0	0.0	0.0	0.0
GSM4138114_HNSCC_3_PBMC_TGGGCGTGTCATTAGC	25.985637346427694	38.178271694406696	79.56831524869368	68.4062574607784	0.0	0.0	0.0	89.61196853134174	0.0	0.0	0.0	0.0	91.61613100356406	66.3133471181728	0.0	0.0	0.0	0.0	0.0	0.0	0.0	0.0	0.0	0.0	0.0	0.0	0.0	0.0	0.0	0.0	0.0	0.0	0.0	0.0
GSM4138114_HNSCC_3_PBMC_TTCCCAGAGGACAGCT	108.50073093116343	29.80660258536837	0.0	74.09577906257846	0.0	0.0	0.0	18.803262442874296	21.901535552257513	99.84159678440602	0.0	115.2762215833609	0.0	0.0	0.0	0.0	11.213905041007608	93.91225515415069	0.0	0.0	0.0	0.0	0.0	0.0	0.0	0.0	0.0	0.0	0.0	0.0	0.0	0.0	0.0	0.0
GSM4138114_HNSCC_3_PBMC_ACACCAACATGCATGT	110.01094845951015	42.85163025244195	82.94958986303597	0.0	63.98181154907198	14.574680938019688	0.0	0.0	65.92358404838079	101.32945534059102	0.0	0.0	0.0	0.0	101.28584629077615	0.0	14.562261163192789	0.0	0.0	0.0	0.0	0.0	0.0	0.0	0.0	0.0	0.0	0.0	0.0	0.0	0.0	0.0	0.0	0.0
GSM4138114_HNSCC_3_PBMC_ACGATACGTGTGGTTT	115.88191424571795	112.88208819575217	203.01491290254083	162.8834794650885	0.0	6.685575000842099	0.0	150.98588087351146	0.0	192.219835882286	0.0	0.0	185.94288509696773	0.0	0.0	0.0	0.0	0.0	0.0	0.0	0.0	140.42834280762875	0.0	0.0	0.0	0.0	0.0	0.0	0.0	0.0	0.0	0.0	0.0	0.0
GSM4138114_HNSCC_3_PBMC_AGAATAGTCACCATAG	19.739810681697676	104.79268175999813	175.8438634196595	133.0262744180124	0.0	0.0	0.0	78.14218382583773	75.31634066732049	37.75016030839927	26.85554780342978	0.0	94.84432159376256	0.0	0.0	0.0	0.0	0.0	0.0	0.0	0.0	0.0	0.0	16.50670392123383	0.0	0.0	0.0	0.0	0.0	0.0	0.0	0.0	0.0	0.0
GSM4138114_HNSCC_3_PBMC_AGCCTAATCCTGCCAT	37.11987328818026	44.24067108406945	68.61750340457284	27.86115674981046	0.0	0.0	0.0	0.0	14.317198780512292	0.0	0.0	0.0	0.0	0.0	45.27543805331159	0.0	33.642427992758655	0.0	0.0	0.0	0.0	0.0	0.0	0.0	0.0	0.0	0.0	0.0	52.24153172916267	0.0	0.0	0.0	0.0	0.0
GSM4138114_HNSCC_3_PBMC_CAACCAAGTTGAGGTG	94.18014751336383	21.683379854496476	0.0	0.0	73.52200492317908	0.0	7.900671476213261	57.43394649051677	0.0	0.0	0.0	0.0	0.0	0.0	2.8346867181382738	0.0	0.0	12.708232707302761	0.0	8.993975362555265	0.0	84.32881446748115	0.0	0.0	0.0	0.0	0.0	0.0	14.846724999104062	24.662880338624255	0.0	21.974433737388814	0.0	0.0
GSM4138114_HNSCC_3_PBMC_CACACAACATGCCTAA	177.56680410869595	83.23714799294012	151.2053052859421	74.81365309722807	0.0	122.44759393228371	0.0	2.682613932611215	0.0	23.54708330972055	0.0	0.0	0.0	44.43218498816645	0.0	0.0	92.4519561962165	0.0	0.0	0.0	0.0	0.0	0.0	0.0	0.0	0.0	0.0	0.0	23.907758130558925	0.0	0.0	0.0	0.0	0.0
GSM4138114_HNSCC_3_PBMC_CCACTACAGGTGCTAG	43.25088603342593	51.38701167398773	0.0	0.0	87.03327596928415	0.0	0.0	0.0	0.0	0.0	52.27155581984932	0.0	0.0	0.0	0.0	131.36906552515154	55.92257516119374	0.0	0.0	0.0	73.7459179654523	0.0	0.0	0.0	0.0	0.0	0.0	0.0	0.0	0.0	0.0	0.0	0.0	0.0
GSM4138114_HNSCC_3_PBMC_CGTCACTCAGATTGCT	151.93127742513502	40.391878255508495	209.965546838419	0.0	89.22567915552702	135.9393270536167	0.0	35.104474906570516	0.0	204.30053860828485	0.0	0.0	0.0	0.0	0.0	0.0	10.36930651687684	0.0	0.0	0.0	0.0	0.0	0.0	139.60955950062535	0.0	0.0	0.0	0.0	0.0	0.0	0.0	0.0	0.0	0.0
GSM4138114_HNSCC_3_PBMC_CTCGGGAGTCTAGCGC	127.33220104042194	128.88983653328347	392.8222371554542	146.0134849840164	22.798577744324575	0.0	0.0	99.97156299426767	0.0	141.14592449654904	0.0	0.0	0.0	0.0	0.0	0.0	0.0	133.0554513485716	0.0	0.0	0.0	0.0	0.0	0.0	0.0	0.0	0.0	0.0	0.0	0.0	0.0	0.0	0.0	0.0
GSM4138114_HNSCC_3_PBMC_GACCTGGCAGTCACTA	89.37249624537051	170.2457955954813	110.79927342659867	123.34918153010702	0.0	23.51619139175791	0.0	56.05714154684118	11.32657700131045	45.91796773471945	0.0	7.470267408557338	0.0	0.0	0.0	0.0	0.0	0.0	93.89755822658758	0.0	0.0	0.0	0.0	0.0	0.0	0.0	0.0	0.0	0.0	0.0	0.0	0.0	0.0	0.0
GSM4138114_HNSCC_3_PBMC_GCTCTGTAGTCAAGCG	167.63415350476296	101.1444300671262	175.36220531104206	98.64958721057532	0.0	0.0	55.54685343930197	58.76939057928601	41.710017297264564	0.0	0.0	0.0	0.0	70.81643836549794	5.186564693615705	0.0	0.0	0.0	39.29527534690625	0.0	0.0	0.0	0.0	0.0	0.0	0.0	10.77327053479008	0.0	0.0	0.0	0.0	0.0	0.0	0.0
GSM4138114_HNSCC_3_PBMC_GGAACTTAGAGAGCTC	134.77412345134096	101.53345835717751	195.04887525410712	74.73877471079905	0.0	0.0	0.0	54.37625396666305	0.0	0.0	96.70834155997196	0.0	0.0	0.0	118.00334376569532	0.0	44.69432597245458	0.0	21.02706523226461	0.0	0.0	0.0	0.0	0.0	0.0	0.0	0.0	0.0	60.13219696094114	0.0	0.0	0.0	0.0	0.0
GSM4138114_HNSCC_3_PBMC_GGCGACTGTTCCACTC	54.947386768198726	78.76055882988436	18.46955823586554	78.17838700297078	0.0	0.0	0.0	82.59375908789127	0.0	0.0	0.0	0.0	0.0	0.0	61.47037737455521	286.4233579811023	0.0	52.97163612815247	0.0	49.75473305680417	0.0	0.0	0.0	0.0	0.0	0.0	0.0	0.0	0.0	0.0	0.0	0.0	0.0	0.0
GSM4138114_HNSCC_3_PBMC_GTTTCTACACACAGAG	152.51905841120117	143.1937624252148	147.2549111587049	111.11188861434695	0.0	0.0	0.0	360.39357342710434	0.0	0.0	153.94212203084635	0.0	202.3579015092287	0.0	0.0	11.398587272229955	0.0	0.0	0.0	0.0	0.0	0.0	0.0	0.0	0.0	15.781289588020405	0.0	0.0	0.0	0.0	0.0	0.0	0.0	0.0
GSM4138114_HNSCC_3_PBMC_TGCGTGGCAGTCGATT	124.20747374261414	155.77292593854622	181.6434841372858	0.0	63.591634884034114	0.0	0.0	0.0	0.0	0.0	0.0	0.0	158.55452268450952	67.92806935711855	0.0	0.0	0.0	0.0	0.0	0.0	0.0	0.0	112.018473129511	0.0	0.0	0.0	0.0	0.0	0.0	0.0	2.4558235782055777	0.0	0.0	0.0
GSM4138114_HNSCC_3_PBMC_TTATGCTGTTACGACT	87.98733177341796	51.169521842920666	177.95185327212292	117.38365221371042	0.0	97.6348135433197	0.0	0.0	0.0	0.0	0.0	0.0	0.0	64.99241311253344	0.0	0.0	0.0	0.0	0.0	0.0	0.0	0.0	0.0	0.0	0.0	139.75823348480867	0.0	0.0	0.0	0.0	0.0	0.0	0.0	0.0
GSM4138114_HNSCC_3_PBMC_AAAGCAATCCCGACTT	202.41964553536278	192.90968217975893	0.0	184.78579841816872	0.0	0.0	0.0	0.6054858456076664	0.0	0.0	93.96600948097868	0.0	0.0	0.0	0.0	160.06625465669038	0.0	0.0	206.77868083733378	0.0	0.0	0.0	0.0	0.0	0.0	78.78383795575074	0.0	0.0	0.0	0.0	0.0	0.0	0.0	0.0
GSM4138114_HNSCC_3_PBMC_AAAGTAGGTTCAGACT	165.40396261453535	112.10968084285189	146.30701144132092	194.54324850949885	0.0	0.0	221.74316053839482	9.667360330075406	0.0	137.5732466452616	0.0	0.0	0.0	0.0	0.0	0.0	0.0	0.0	0.0	0.0	0.0	0.0	0.0	0.0	84.16750547095786	0.0	0.0	0.0	0.0	0.0	0.0	0.0	0.0	0.0
GSM4138114_HNSCC_3_PBMC_ACGTCAAAGAGCTGGT	282.2706244725033	140.02413358962926	188.32051774890346	0.0	156.92863210101368	0.0	0.0	141.6639695000399	0.0	79.07804727560818	0.0	0.0	0.0	0.0	76.26539599346218	0.0	0.0	125.63485809751785	0.0	14.905747079844904	0.0	0.0	0.0	0.0	0.0	0.0	0.0	0.0	40.364851437483445	0.0	0.0	0.0	0.0	0.0
GSM4138114_HNSCC_3_PBMC_ACTTGTTAGCAGATCG	203.83868984227144	108.84042990632666	105.16313455129739	88.69765223962168	78.94073969489554	0.0	161.0110381010247	96.70121136564705	0.0	94.67640158693408	0.0	0.0	0.0	0.0	0.0	0.0	0.0	0.0	0.0	0.0	0.0	0.0	0.0	0.0	0.0	12.917701261026329	0.0	0.0	0.0	0.0	0.0	0.0	0.0	0.0
GSM4138114_HNSCC_3_PBMC_AGCTCCTGTCTGCAAT	330.98663086750486	116.16126698119349	0.0	0.0	200.19907227732278	0.0	12.363448039256914	142.2006834580271	0.0	112.07893923645038	0.0	0.0	178.83449508117715	0.0	0.0	0.0	0.0	0.0	0.0	0.0	0.0	158.10403988698093	0.0	0.0	0.0	0.0	0.0	0.0	0.0	0.0	0.0	8.28909535682432	0.0	0.0
GSM4138114_HNSCC_3_PBMC_ATCTGCCTCTCCGGTT	253.26425979061102	164.2489804113057	0.0	140.63541064758022	79.08058227331759	0.0	0.0	0.0	0.0	0.0	209.92728248157786	0.0	260.17843678542897	0.0	0.0	194.88375295581068	0.0	0.0	0.0	0.0	0.0	0.0	0.0	0.0	0.0	0.0	0.0	0.0	0.0	0.0	171.09545958195062	0.0	0.0	0.0
GSM4138114_HNSCC_3_PBMC_CACAAACGTCTCTTAT	245.7599678240058	202.92447221648467	0.0	267.622692968036	0.0	71.44164855850916	0.0	0.0	169.64775444900917	0.0	87.19010862074406	143.16434108705988	30.56768517956905	0.0	0.0	0.0	10.414067337053787	0.0	0.0	0.0	107.46522119212835	0.0	0.0	0.0	0.0	0.0	38.379035405293365	0.0	0.0	0.0	0.0	0.0	0.0	0.0
GSM4138114_HNSCC_3_PBMC_CATCAAGCACAGATTC	248.9941846903112	153.50238999504725	137.1283761890648	47.798315202332766	79.74718626755616	0.0	0.0	0.0	0.0	0.0	0.0	0.0	0.0	0.0	0.0	0.0	0.0	111.47316970907829	0.0	97.03013687857027	0.0	0.0	0.0	0.0	168.86637023107926	0.0	0.0	0.6861556757835743	0.0	126.79125059458644	0.0	0.0	0.0	22.203267337359044
GSM4138114_HNSCC_3_PBMC_CGTCCATGTAATCACC	191.46644164242645	174.3920989239088	13.299001313387176	0.0	175.16678098241238	0.0	0.0	0.0	0.0	0.0	15.5606272010546	85.47358164529683	172.79843616506136	0.0	0.0	6.529420150560515	0.0	5.552796144086351	0.0	84.57237995646257	4.6336134621581175	0.0	0.0	0.0	25.712340403292377	0.0	44.87024082782622	0.0	0.0	0.0	130.3945251643275	0.0	0.0	0.0
GSM4138114_HNSCC_3_PBMC_CGTTCTGGTCCGAGTC	265.52285446090116	132.11611268998305	54.798499197204606	0.0	103.54724326644998	0.0	207.40772130591105	179.9192380756877	0.0	110.08244381207452	0.0	0.0	0.0	0.0	0.0	50.859251394943705	0.0	0.0	0.0	0.0	0.0	0.0	0.0	0.0	0.0	0.0	0.0	0.0	0.0	0.0	0.0	0.0	0.0	0.0
GSM4138114_HNSCC_3_PBMC_CTACGTCAGAGGACGG	281.6871004461601	123.72900034485112	85.9377837850205	186.26186381984846	0.0	0.0	0.0	72.07481368899614	3.945902753347061	0.0	0.0	0.0	0.0	117.35030217977915	0.0	0.0	0.0	0.0	134.5651288502635	0.0	0.0	0.0	0.0	0.0	0.0	0.0	0.0	0.0	0.0	0.0	0.0	0.0	0.0	0.0
GSM4138114_HNSCC_3_PBMC_GACGCGTGTTCCGGCA	135.02256603827942	129.481103096215	0.0	0.0	160.84767806263247	0.0	0.0	0.0	0.0	0.0	74.71260770527337	21.29928499483276	0.0	0.0	0.0	63.412288527419996	0.0	0.0	0.0	0.0	0.0	17.699378351184084	0.0	0.0	136.10767706621755	0.0	0.0	0.0	16.00392274067577	0.0	0.0	218.78015201319042	0.0	0.0
GSM4138114_HNSCC_3_PBMC_GGCCGATCATGTAAGA	259.05831518185244	152.6959233420516	0.0	158.70708560322007	0.0	0.0	0.0	0.0	0.0	120.46574148171156	0.0	0.0	147.61848906298655	0.0	0.0	172.70818497871304	0.0	0.0	0.0	0.0	0.0	0.0	0.0	0.0	122.39903086967166	0.0	0.0	0.0	0.0	0.0	0.0	0.0	0.0	0.0
GSM4138114_HNSCC_3_PBMC_GTATTCTTCTGTGCAA	191.7021265571658	152.19077646631996	0.0	105.8561077789435	173.60692278079748	23.525994462216254	0.0	169.41264380716606	0.0	0.0	194.6350680949329	107.53106497073266	0.0	0.0	0.0	0.0	0.0	0.0	199.01286604558481	0.0	0.0	0.0	0.0	0.0	0.0	0.0	0.0	0.0	0.0	0.0	0.0	0.0	0.0	0.0
GSM4138114_HNSCC_3_PBMC_GTCAAGTAGTGCTGCC	80.8878198379071	242.99483499914774	171.91168134982675	112.86715970730461	99.66461035465028	0.0	201.73772235944153	0.0	0.0	0.0	169.9565625962793	0.0	0.0	0.0	0.0	0.0	79.17587942289771	0.0	0.0	0.0	0.0	0.0	0.0	0.0	0.0	0.0	0.0	0.0	0.0	0.0	0.0	0.0	0.0	0.0
GSM4138114_HNSCC_3_PBMC_GTCTCGTAGGCTAGAC	147.7893671988156	176.5401578896533	0.0	0.0	274.908746377887	31.827105583556026	0.0	0.0	0.0	134.0249620620298	0.0	0.0	0.0	0.0	89.25140167720264	172.2558226902589	0.0	0.0	0.0	0.0	0.0	0.0	0.0	0.0	0.0	0.0	0.0	0.0	0.0	0.0	144.28669143312175	0.0	0.0	0.0
GSM4138114_HNSCC_3_PBMC_TCTGGAAAGTGGTAAT	142.5997443557439	133.39749090348545	58.06958137761423	0.0	258.4818203483559	0.0	150.56954286190881	0.0	103.23331418962479	0.0	36.62639603203068	39.57690265331827	0.0	0.0	0.0	7.76919171366106	0.0	0.0	0.0	0.0	0.0	0.0	0.0	0.0	0.0	0.0	58.169795716226126	0.0	0.0	0.0	0.0	0.0	0.0	0.0
GSM4138114_HNSCC_3_PBMC_TGGCCAGGTCCAAGTT	131.7661776510028	80.03989806889629	143.94219072166848	149.8691472614301	0.0	192.51182704249837	0.0	0.0	0.0	146.62908471257694	0.0	0.0	0.0	0.0	0.0	0.0	104.90236889775265	0.0	0.0	0.0	0.0	0.0	0.0	0.0	0.0	0.0	0.0	0.0	0.0	0.0	0.0	0.0	0.0	0.0
GSM4138114_HNSCC_3_PBMC_AACTGGTGTGTGGCTC	414.2137884842762	280.77346442467075	198.32375543791423	0.0	308.436344894382	16.409779571141613	0.0	0.0	0.0	103.47184569604983	0.0	14.717420233526317	0.0	128.4077132116576	170.07592171539986	0.0	170.72764822033906	83.05692571177433	0.0	0.0	0.0	0.0	0.0	0.0	0.0	0.0	0.0	0.0	0.0	0.0	0.0	0.0	0.0	0.0
GSM4138114_HNSCC_3_PBMC_AAGACCTAGTTTGCGT	256.5468885768529	131.05472147057287	148.25342509931258	264.5661005156951	0.0	0.0	0.0	0.0	0.0	0.0	104.01527678364853	0.0	0.0	10.104301421576462	0.0	0.0	183.01668505435094	0.0	264.87426984957654	118.31490608646166	0.0	0.0	0.0	0.0	0.0	0.0	0.0	0.0	0.0	0.0	0.0	0.0	0.0	0.0
GSM4138114_HNSCC_3_PBMC_ACATCAGAGTGTCCAT	3120.6690350241433	0.0	0.0	0.0	0.0	0.0	0.0	0.0	0.0	0.0	0.0	0.0	0.0	0.0	0.0	0.0	0.0	0.0	0.0	0.0	0.0	0.0	0.0	0.0	0.0	0.0	0.0	0.0	0.0	0.0	0.0	0.0	0.0	0.0
GSM4138114_HNSCC_3_PBMC_ACGGCCACATGGTCTA	235.5918845285801	171.47257296007706	0.0	0.0	213.24993490559137	0.0	0.0	61.49705504773625	0.0	255.2489986241256	0.0	0.0	0.0	0.0	0.0	164.48347484552403	0.0	0.0	213.80879364144104	0.0	0.0	0.0	24.90139363719947	0.0	32.486125566474904	0.0	0.0	0.0	0.0	0.0	0.0	0.0	0.0	0.0
GSM4138114_HNSCC_3_PBMC_ACTTGTTGTTGTGGAG	77.53037668093397	162.26771022937544	0.0	0.0	147.29033612282666	0.0	0.0	0.0	0.0	0.0	0.0	0.0	0.0	0.0	0.0	89.37305569296406	0.0	0.0	0.0	135.29419717412722	329.8151472146053	0.0	41.922385229522284	0.0	0.0	5.033359855887766	0.0	134.91059044727825	12.48614324767841	0.0	0.0	0.0	3.0445598469720365	0.0
GSM4138114_HNSCC_3_PBMC_AGCGTATCAGCTCGCA	0.0	0.0	0.0	0.0	0.0	0.0	0.0	0.0	0.0	0.0	0.0	0.0	650.1378363013895	0.0	0.0	0.0	0.0	0.0	3730.5389481800476	0.0	65.06496258181473	0.0	0.0	0.0	0.0	0.0	0.0	0.0	0.0	0.0	0.0	0.0	0.0	0.0
GSM4138114_HNSCC_3_PBMC_CCATTCGAGACAGGCT	236.05255579030836	261.5198499520753	153.99786711657362	0.0	309.7345788031426	0.0	234.64961795534745	117.84176833692538	0.0	0.0	219.31180950824466	0.0	0.0	33.65011013849682	0.0	0.0	0.0	78.79301556342729	0.0	0.0	0.0	0.0	0.0	0.0	0.0	0.0	0.0	0.0	0.0	0.0	0.0	0.0	0.0	0.0
GSM4138114_HNSCC_3_PBMC_CCTTCGATCTCGCTTG	294.1225423785001	171.5924813324011	0.0	287.3241058734827	0.0	151.45833014463744	0.0	0.0	0.0	18.147578680716727	0.0	0.0	77.6333626052347	200.63313917859702	0.0	0.0	88.93931098607592	0.0	14.082055895070104	0.0	44.58744084536977	119.16470741814167	0.0	0.0	0.0	0.0	0.0	0.0	6.82973326385526	0.0	0.0	0.0	0.0	0.0
GSM4138114_HNSCC_3_PBMC_CGCGTTTAGACTAGGC	0.0	0.0	0.0	3049.859039306007	34.36262920252219	0.0	0.0	0.0	0.0	0.0	0.0	0.0	0.0	0.0	0.0	0.0	0.0	0.0	0.0	0.0	0.0	0.0	0.0	0.0	0.0	0.0	0.0	0.0	0.0	0.0	0.0	0.0	0.0	0.0
GSM4138114_HNSCC_3_PBMC_CTACATTTCTTTACGT	321.7135370480959	237.19405773693742	75.78693772637457	125.36811605822403	191.0236152916174	0.0	220.65322979159055	0.599242039737689	0.0	0.0	69.69948192613901	0.0	0.0	200.14831743643282	91.45952449940813	0.0	113.5426681839937	0.0	0.0	0.0	0.0	0.0	0.0	0.0	0.0	0.0	0.0	0.0	0.0	0.0	0.0	0.0	0.0	0.0
GSM4138114_HNSCC_3_PBMC_CTAGCCTAGACCGGAT	231.863093601071	243.30284225727897	125.26710331692301	0.0	237.60965225004784	24.291171328701665	0.0	107.44999696436739	0.0	0.0	0.0	0.0	0.0	207.85950814351568	191.798335956497	0.0	0.0	67.681664335659	0.0	0.0	0.0	0.0	0.0	0.0	0.0	0.0	0.0	0.0	0.0	0.0	0.0	0.0	0.0	0.0
GSM4138114_HNSCC_3_PBMC_GACGTTAGTACCATCA	344.37565126941166	281.7128325008815	61.130006756679066	6.942321077416526	215.91738993583851	0.0	93.19275623142663	0.0	0.0	81.83126947313764	121.42714578686794	0.0	0.0	0.0	0.0	0.0	0.0	27.360281901095238	298.13001270900395	124.98839586970217	0.0	129.9963730507683	172.59346128140598	0.0	0.0	0.0	0.0	0.0	0.0	0.0	0.0	0.0	0.0	0.0
GSM4138114_HNSCC_3_PBMC_GCGCAGTCAACTGGCC	273.9825972721816	328.957668514494	0.0	0.0	281.20359228763107	0.0	329.231734845597	0.0	0.0	0.0	315.70310826632266	0.0	0.0	0.0	0.0	159.6938381095473	102.39778486652416	0.0	0.0	0.0	0.0	0.0	0.0	0.0	0.0	0.0	0.0	0.0	0.0	0.0	0.0	0.0	0.0	0.0
GSM4138114_HNSCC_3_PBMC_GCTCTGTCACACTGCG	213.59556272672233	287.12863594637264	165.4495475550636	165.09900737084308	221.8253272485959	0.0	230.8543094507647	135.70035980143217	0.0	0.0	0.0	0.0	0.0	365.0431113813489	0.0	0.0	0.0	0.0	0.0	0.0	0.0	0.0	0.0	0.0	0.0	0.0	0.0	0.0	0.0	0.0	0.0	0.0	0.0	0.0
GSM4138114_HNSCC_3_PBMC_GCTGCAGTCCGGCACA	249.96500157964246	196.5748192470432	0.0	240.0621696299045	0.0	13.573593000502811	0.0	69.88589562533406	0.0	0.0	16.979142635867603	226.0530963360435	183.71936245119218	0.0	0.0	0.0	0.0	0.0	0.0	0.0	0.0	0.0	0.0	0.0	13.269368678469718	0.0	240.3423159467595	0.0	0.0	113.88719290810637	0.0	0.0	0.0	0.0
GSM4138114_HNSCC_3_PBMC_GTAGTCACACAAGCCC	174.6232963556965	152.54851143919944	0.0	0.0	162.9310048199206	0.0	0.0	0.0	0.0	0.0	0.0	123.02117519161453	0.0	0.0	0.0	0.0	0.0	0.0	0.0	32.02804917322394	288.27042851060537	0.0	0.0	155.63864187557692	0.0	0.0	0.0	0.0	199.2076171965524	0.0	0.0	0.0	0.0	0.0
GSM4138114_HNSCC_3_PBMC_GTCAAGTAGGCGTACA	114.93827658772295	156.53601607448132	5.348605708385474	137.7764648255905	0.0	96.51516541239118	0.0	0.0	0.0	0.0	0.0	32.13461660904526	0.0	0.0	0.0	0.0	34.026602253788184	0.0	0.0	0.0	0.0	0.0	0.0	0.0	0.0	0.0	0.0	42.49411279192059	0.0	0.0	0.0	0.0	19.14005697954207	0.0
GSM4138114_HNSCC_3_PBMC_TACGGATAGATCGATA	236.49884676623284	193.96083303837742	20.566653498767234	235.87157603010385	0.0	0.0	130.88461915538946	0.0	66.50046305448512	0.0	229.94513466464454	130.65760331021207	0.0	0.0	20.026870539576894	0.0	0.0	0.0	143.4192589925913	0.0	0.0	0.0	0.0	0.0	0.0	0.0	0.0	0.0	0.0	0.0	86.35559678326605	0.0	0.0	0.0
GSM4138114_HNSCC_3_PBMC_TCAACGATCTGGGCCA	0.0	2997.6944686711954	0.0	0.0	0.0	0.0	0.0	0.0	0.0	0.0	0.0	0.0	0.0	0.0	0.0	0.0	0.0	0.0	0.0	0.0	0.0	0.0	0.0	0.0	0.0	0.0	0.0	0.0	0.0	0.0	0.0	0.0	0.0	0.0
GSM4138114_HNSCC_3_PBMC_TGGGCGTGTTAGTGGG	277.34303498201444	244.003144085348	0.0	292.92501607765905	0.0	0.0	24.00265365673431	0.0	0.0	0.0	0.0	0.0	0.0	245.83899589476837	0.0	159.3764354265668	98.80526644432065	218.84294010928494	0.0	0.0	0.0	0.0	0.0	0.0	0.0	0.0	0.0	0.0	0.0	0.0	0.0	0.0	0.0	0.0
GSM4138114_HNSCC_3_PBMC_TTGGAACCAGTCACTA	291.5720703809988	228.5757699835413	128.03215551793278	79.14655576400234	155.86014686172499	0.0	0.0	0.0	0.0	0.0	208.166872632992	0.0	0.0	0.0	0.0	0.0	143.1474092178278	288.8188051541454	0.0	0.0	0.0	0.0	0.0	0.0	0.0	0.0	0.0	0.0	0.0	0.0	0.0	0.0	0.0	0.0
GSM4138114_HNSCC_3_PBMC_ACTGTCCCAGCGATCC	152.20354637526185	86.36810336911468	0.0	129.8524437002037	0.0	0.0	0.0	0.0	0.0	0.0	0.0	0.0	0.0	219.36293146487685	0.0	0.0	124.96551406105682	347.212109836816	0.0	0.0	0.0	88.54627515890937	0.0	0.0	0.0	0.0	0.0	0.0	0.0	0.0	0.0	0.0	0.0	0.0
GSM4138114_HNSCC_3_PBMC_AGATTGCGTCATACTG	98.90527439730865	105.09918090036568	102.94962518682412	74.94768663543627	0.0	0.0	0.0	0.0	0.0	0.0	0.0	0.0	221.4665088274767	144.6116869200359	0.0	0.0	42.41868528732784	0.0	0.0	0.0	0.0	0.0	0.0	0.0	0.0	0.0	0.0	0.0	0.0	0.0	0.0	0.0	0.0	0.0
GSM4138114_HNSCC_3_PBMC_CACACAAGTGAACCTT	216.46982983774683	156.9825923984523	0.0	177.36345156191553	0.0	0.0	0.0	0.0	0.0	113.33217527802508	0.0	64.42419205894488	0.0	0.0	0.0	19.32096890211752	117.70944345451599	0.0	0.0	0.0	0.0	0.0	0.0	0.0	0.0	0.0	0.0	0.0	0.0	154.57440898657165	0.0	0.0	0.0	0.0
GSM4138114_HNSCC_3_PBMC_GCGCAACCATCTGGTA	135.88233901940598	134.38326760457514	0.0	94.96369953542276	0.0	0.0	0.0	0.0	0.0	0.0	0.0	0.0	0.0	0.0	0.0	0.0	0.0	204.63436802892954	0.0	80.89406579367542	0.0	70.8054031405733	141.28048462736686	0.0	0.0	0.0	0.0	46.84504108085809	0.0	0.0	0.0	0.0	0.0	0.0
GSM4138114_HNSCC_3_PBMC_TACGGATGTCTCATCC	208.3623518121842	137.90565193563998	0.0	104.4787139309447	0.0	0.0	0.0	0.0	0.0	188.40016822020405	0.0	0.0	0.0	0.0	0.0	0.0	97.26330037113189	131.5439073522547	0.0	0.0	0.0	95.23939939041463	0.0	0.0	0.0	0.0	0.0	0.0	0.0	0.0	0.0	0.0	0.0	0.0
GSM4138114_HNSCC_3_PBMC_TAGAGCTTCGGAATCT	153.9429857595286	136.22765541515744	0.0	116.863162637624	0.0	0.0	0.0	0.0	0.0	0.0	0.0	0.0	0.0	177.32608024298426	0.0	0.0	101.8825211337515	114.28306830680226	0.0	0.0	0.0	90.25754229154082	0.0	0.0	0.0	0.0	0.0	0.0	0.0	0.0	0.0	0.0	0.0	0.0
GSM4138114_HNSCC_3_PBMC_TTGGAACGTACACCGC	166.2317553872215	132.88087207979106	0.0	0.0	228.5099061855106	0.0	0.0	0.0	0.0	120.09989915109368	0.0	66.26593900864827	0.0	0.0	0.0	10.889695065478826	0.0	0.0	0.0	53.829395427813964	259.48107406620176	0.0	0.0	0.0	0.0	0.0	0.0	5.931748142939164	0.0	0.0	0.0	0.0	145.67455991022993	0.0
GSM4138114_HNSCC_3_PBMC_GCAGCCACACCACGTG	70.69883725374993	99.51919272459698	86.56361543682252	98.06629137671119	0.0	0.0	0.0	0.0	59.964374612620844	36.991319023389984	0.0	0.0	45.33730914907687	0.0	0.0	0.0	0.0	0.0	0.0	0.0	60.512971003474085	0.0	0.0	0.0	0.0	0.0	0.0	0.0	41.874310400143095	0.0	0.0	0.0	0.0	0.0
GSM4138114_HNSCC_3_PBMC_TAGTTGGTCGAGAGCA	98.91116832340238	78.86000624153455	117.1603659541259	126.33804277224107	0.0	0.0	0.0	0.0	0.0	26.610953352308343	16.93529029015001	0.0	0.0	0.0	0.0	0.0	68.34864755401075	65.72738386848843	0.0	1.0158879142909134	0.0	0.0	0.0	0.0	0.0	0.0	0.0	0.0	2.194470410627716	39.550325263096575	0.0	0.0	0.0	0.0
GSM4138114_HNSCC_3_PBMC_GGACAAGGTTACGACT	59.071448419819454	113.0689217870441	138.9878356120686	0.0	120.30701038002121	0.0	0.0	0.0	0.0	52.80961429776723	0.0	0.0	0.0	0.0	100.46957342630738	0.0	0.0	0.0	0.0	0.0	0.0	0.0	0.0	105.76678944486983	0.0	0.0	0.0	0.0	0.0	0.0	0.0	0.0	0.0	0.0
GSM4138114_HNSCC_3_PBMC_AGCTTGACATAACCTG	0.0	0.0	0.0	0.0	0.0	0.0	0.0	0.0	0.0	0.0	30.303101389189308	0.0	0.0	4218.11568399278	0.0	0.0	0.0	0.0	0.0	144.11730229167208	0.0	0.0	0.0	0.0	0.0	0.0	0.0	0.0	0.0	0.0	0.0	0.0	0.0	0.0
