K,GEP,spectra_file,Name,pathway,ES,NES,NOM_p,FDR_q,FWER p-val,Tag %,Gene %,leading_edge
17,1,anal_pc5_c21_S1.filtered.gene_spectra_score.k_17.dt_0_01.txt,prerank,HALLMARK_INTERFERON_GAMMA_RESPONSE,-0.6024490364080358,-2.428045053672777,0.0,0.0,0.0,71/111,21.86%,ITGB7;CD74;IL10RA;CIITA;ISG20;SLAMF7;C1R;C1S;ZBP1;SECTM1;RNF213;PTPN6;NLRC5;SAMHD1;LCP2;IRF4;SP110;ST8SIA4;PARP14;CSF2RB;TNFAIP3;BANK1;CCL5;IRF7;PIM1;IL2RB;FGL2;MX1;ST3GAL5;RSAD2;OAS2;MX2;CD38;CD40;CFH;IRF1;SAMD9L;KLRK1;STAT4;VCAM1;CD69;ICAM1;ISG15;CASP8;DDX60;IFI44L;SERPING1;CMPK2;XAF1;IFI44;UPP1;EPSTI1;OAS3;IRF8;RAPGEF6;IFI30;GZMA;TNFAIP2;IL18BP;IFITM2;IFIT1;PDE4B;GBP4;CCL2;GPR18;SOCS3;STAT1;HERC6;SELP;NFKBIA;EIF4E3
17,1,anal_pc5_c21_S1.filtered.gene_spectra_score.k_17.dt_0_01.txt,prerank,HALLMARK_ALLOGRAFT_REJECTION,-0.5810780355610646,-2.4262623874091194,0.0,0.0,0.0,63/121,15.98%,ITGAL;IL16;SRGN;CD79A;HCLS1;LTB;IL2RG;PTPRC;CD2;CD74;ETS1;ACHE;FYB1;CD96;ZAP70;MAP4K1;ITGB2;PTPN6;CD3E;LCP2;CD4;CD3D;IRF4;ST8SIA4;HDAC9;PRKCB;FLNA;LCK;ITK;NCF4;CCL5;IRF7;IL2RB;CD28;SPI1;WAS;CD247;CSF1;CD40;CD8A;CD7;IL12RB1;GBP2;STAT4;FGR;SIT1;CCR5;ICAM1;TLR6;STAB1;CD3G;THY1;GPR65;CCL11;CXCR3;LY86;IL27RA;PRF1;IRF8;GZMA;FCGR2B;TRAT1;CD40LG
17,1,anal_pc5_c21_S1.filtered.gene_spectra_score.k_17.dt_0_01.txt,prerank,HALLMARK_INTERFERON_ALPHA_RESPONSE,-0.5915076193801861,-2.056488202949329,0.0,0.0,0.0,31/50,25.10%,CD74;ISG20;C1S;SP110;PARP14;SELL;IRF7;TMEM140;LPAR6;MX1;RSAD2;CSF1;IRF1;SAMD9L;GBP2;ISG15;CASP8;SAMD9;DDX60;IFI44L;CMPK2;IFI44;EPSTI1;IFI30;IFITM2;GBP4;HERC6;OAS1;HELZ2;OASL;IFIT2
17,1,anal_pc5_c21_S1.filtered.gene_spectra_score.k_17.dt_0_01.txt,prerank,HALLMARK_ESTROGEN_RESPONSE_EARLY,0.6510901854045084,1.9262621199336727,0.0,0.0,0.0,41/118,13.12%,TFF3;MUC1;MLPH;CLDN7;CA12;ELF3;AKAP1;MYB;TTC39A;KRT8;ESRP2;NBL1;HES1;TJP3;CCND1;SCNN1A;LAD1;TOB1;OVOL2;RAPGEFL1;SLC26A2;KLF4;FLNB;RHOBTB3;BLVRB;MYC;LRIG1;IGFBP4;KAZN;FASN;SVIL;SLC27A2;IL17RB;WWC1;PPIF;XBP1;KRT19;HR;FHL2;GAB2;THSD4
17,1,anal_pc5_c21_S1.filtered.gene_spectra_score.k_17.dt_0_01.txt,prerank,HALLMARK_E2F_TARGETS,0.6841631683861212,1.8611280358897178,0.0,0.0012023217247097845,0.003,45/54,25.02%,MYC;TK1;MKI67;PLK1;CDCA8;LMNB1;KPNA2;CKS2;TOP2A;KIF22;CDC20;HMGB2;TFRC;AURKA;CCNB2;SPAG5;CDK1;CIT;HMMR;BIRC5;RRM2;CDCA3;DLGAP5;AURKB;SPC25;KIF2C;POLE;MELK;KIF4A;KIF18B;DEPDC1;MCM4;MYBL2;NCAPD2;CENPM;PTTG1;CENPE;DIAPH3;MCM2;ESPL1;EZH2;PRDX4;ORC6;SMC4;TACC3
17,1,anal_pc5_c21_S1.filtered.gene_spectra_score.k_17.dt_0_01.txt,prerank,HALLMARK_ESTROGEN_RESPONSE_LATE,0.6308142303396078,1.8371165546904935,0.0,0.001335913027455316,0.005,33/106,12.94%,AGR2;TFF3;SERPINA1;CA12;MYB;LLGL2;CDH1;TSPAN13;NBL1;CA2;UGDH;TJP3;CCND1;SCNN1A;CKB;TOB1;OVOL2;RAPGEFL1;SLC26A2;KLF4;FLNB;BLVRB;IGFBP4;ID2;SLC27A2;IL17RB;PLXNB1;PPIF;DNAJC12;XBP1;KRT19;HR;MEST
17,1,anal_pc5_c21_S1.filtered.gene_spectra_score.k_17.dt_0_01.txt,prerank,HALLMARK_G2M_CHECKPOINT,0.6557770951910602,1.8190386588993284,0.0,0.0016030956329463792,0.008,56/68,25.26%,SLC12A2;CCND1;MYC;MKI67;SLC7A1;PLK1;TROAP;INCENP;LMNB1;KPNA2;CKS2;TOP2A;KIF22;CDC20;AURKA;CCNB2;KIF23;CDK1;HMMR;BUB1;EFNA5;BIRC5;PRC1;CENPA;UBE2C;TTK;AURKB;KIF20B;KIF2C;POLE;SNRPD1;KIF4A;NEK2;NUSAP1;MAP3K20;POLQ;KIF11;TPX2;CCNF;NDC80;MYBL2;PTTG1;CENPE;KIF15;CENPF;MCM2;ESPL1;CDC45;EZH2;RAD54L;FANCC;MT2A;ORC6;SMC4;TACC3;E2F1
17,1,anal_pc5_c21_S1.filtered.gene_spectra_score.k_17.dt_0_01.txt,prerank,HALLMARK_EPITHELIAL_MESENCHYMAL_TRANSITION,-0.3800115096723603,-1.650843229039285,0.0,0.024456521739130432,0.05,80/164,27.08%,WIPF1;IL32;COL6A2;COL3A1;COL1A2;SLC6A8;FBLN1;DCN;ITGA5;GLIPR1;LUM;EMP3;COL6A3;COL5A1;CXCL12;FLNA;TNFAIP3;SPARC;FBN1;COL1A1;PLAUR;ENO2;PMP22;FSTL1;MMP2;MXRA5;TIMP3;PCOLCE;COL5A2;COL4A1;FBLN2;VCAM1;FBLN5;CALD1;MGP;COL4A2;ABI3BP;BASP1;VCAN;CDH11;COL16A1;THY1;LAMA2;BGN;PDGFRB;MYLK;SFRP1;NNMT;TGFBI;LOXL2;COL5A3;EFEMP2;GJA1;VEGFC;IGFBP3;SERPINE2;ITGB3;SLIT3;ELN;TPM2;PRRX1;CCN1;LAMA3;LAMC1;MYL9;GREM1;TFPI2;HTRA1;ECM1;FGF2;MFAP5;FN1;COL12A1;GADD45B;DST;TNC;TGM2;CXCL1;AREG;CCN2
17,1,anal_pc5_c21_S1.filtered.gene_spectra_score.k_17.dt_0_01.txt,prerank,HALLMARK_BILE_ACID_METABOLISM,0.6265092922426555,1.6330315872661072,0.0106951871657754,0.022443338861249308,0.126,10/37,10.26%,ACSL5;TFCP2L1;NR3C2;HSD17B11;SULT1B1;CAT;NR1I2;ABCA2;CYP27A1;SLC27A2
17,1,anal_pc5_c21_S1.filtered.gene_spectra_score.k_17.dt_0_01.txt,prerank,HALLMARK_INFLAMMATORY_RESPONSE,-0.37811607428245175,-1.6020102564838576,0.0,0.03222506393861893,0.08,62/141,27.26%,IL10RA;ITGA5;LCP2;EMP3;IL7R;SLAMF1;SELL;LCK;MXD1;CD48;PLAUR;RASGRP1;CCL5;IRF7;GPR183;TNFRSF1B;CYBB;IL2RB;SEMA4D;KCNA3;GPR132;PIK3R5;CSF1;CD40;IRF1;CCR7;CD69;ICAM1;ADM;STAB1;RGS1;ABCA1;OSMR;IL1R1;BTG2;C3AR1;CXCR6;NOD2;ITGB3;PDE4B;CCL2;CALCRL;CHST2;AXL;APLNR;PTAFR;PTPRE;TLR1;NFKBIA;CD55;IL18R1;P2RX7;AHR;TLR2;LYN;CMKLR1;LTA;PTGIR;PDPN;IL18RAP;NMUR1;CD14
17,1,anal_pc5_c21_S1.filtered.gene_spectra_score.k_17.dt_0_01.txt,prerank,HALLMARK_FATTY_ACID_METABOLISM,0.5865366946599908,1.5412511384191434,0.01639344262295082,0.05797862539156072,0.335,13/44,13.48%,ACSL5;MAOA;HSD17B11;CA2;UGDH;MGLL;ACAA2;ECI2;FASN;HMGCS1;PTPRG;ACOX1;ME1
17,1,anal_pc5_c21_S1.filtered.gene_spectra_score.k_17.dt_0_01.txt,prerank,HALLMARK_PEROXISOME,0.6081589870064824,1.5404049130939692,0.029329608938547486,0.0498104714522625,0.335,13/32,16.10%,HSD11B2;ACSL5;HSD17B11;CAT;NR1I2;SEMA3C;ECI2;SLC27A2;ACOX1;SOD2;TOP2A;FDPS;DHRS3
17,1,anal_pc5_c21_S1.filtered.gene_spectra_score.k_17.dt_0_01.txt,prerank,HALLMARK_XENOBIOTIC_METABOLISM,0.4919263626498036,1.4054780973636058,0.039627039627039624,0.1726333609729132,0.795,17/80,12.28%,MAOA;ABCC3;CYB5A;CA2;NDRG2;UGDH;FBP1;TMEM176B;CFB;CAT;BLVRB;IGFBP4;CYP27A1;BCAR1;ID2;NQO1;ACOX1
17,1,anal_pc5_c21_S1.filtered.gene_spectra_score.k_17.dt_0_01.txt,prerank,HALLMARK_CHOLESTEROL_HOMEOSTASIS,0.5336614915639174,1.3538741040519997,0.09236947791164658,0.23066764940728454,0.9,15/35,17.92%,LGALS3;PPARG;HMGCR;ABCA2;MAL2;FASN;HMGCS1;JAG1;MVD;SCD;FDPS;TM7SF2;STARD4;LDLR;MVK
17,1,anal_pc5_c21_S1.filtered.gene_spectra_score.k_17.dt_0_01.txt,prerank,HALLMARK_COAGULATION,-0.34120970091351155,-1.3247184022654883,0.06060606060606061,0.21387468030690535,0.486,36/79,27.14%,PECAM1;A2M;C1R;C1S;FYN;PRSS23;ANXA1;SPARC;FBN1;MMP2;TIMP3;CFH;CTSH;PLEK;VWF;C3;SERPING1;CFD;THBD;SH2B2;CLU;ITGB3;CRIP2;C1QA;SERPINB2;CTSK;PLAT;GSN;TFPI2;HTRA1;GDA;MAFF;FN1;PLAU;USP11;PDGFB
17,1,anal_pc5_c21_S1.filtered.gene_spectra_score.k_17.dt_0_01.txt,prerank,HALLMARK_GLYCOLYSIS,0.4587684191145395,1.2781249307731617,0.12396694214876033,0.3669485903814262,0.984,20/67,17.26%,TFF3;ELF3;B3GNT3;CYB5A;QSOX1;NT5E;HK2;DSC2;P4HA2;HSPA5;CITED2;MET;IER3;ME1;GPC4;AURKA;CDK1;HMMR;TGFA;CENPA
17,1,anal_pc5_c21_S1.filtered.gene_spectra_score.k_17.dt_0_01.txt,prerank,HALLMARK_PI3K_AKT_MTOR_SIGNALING,-0.404691204811522,-1.2697767122035826,0.12658227848101267,0.2419620021921812,0.585,11/32,15.94%,IL2RG;CXCR4;PRKCB;SLA;PDK1;LCK;PLCG1;DAPP1;CAMK4;SLC2A1;TIAM1
17,1,anal_pc5_c21_S1.filtered.gene_spectra_score.k_17.dt_0_01.txt,prerank,HALLMARK_SPERMATOGENESIS,0.4735088340491422,1.2290819197628648,0.20397350993377483,0.448939645208302,0.994,14/36,21.12%,SLC12A2;ACE;HSPA2;AURKA;CCNB2;CDK1;BUB1;PCSK1N;TTK;IDE;KIF2C;NEK2;CSNK2A2;ART3
17,1,anal_pc5_c21_S1.filtered.gene_spectra_score.k_17.dt_0_01.txt,prerank,HALLMARK_IL6_JAK_STAT3_SIGNALING,-0.34643461021329314,-1.208650937306101,0.140625,0.29899296675191817,0.717,28/53,24.40%,LTB;ITGA4;IL2RG;A2M;CSF2RB;PIM1;TNFRSF1B;PIK3R5;CSF1;CD38;IRF1;IL12RB1;HMOX1;OSMR;IL1R1;MAP3K8;CD36;IL2RA;ITGB3;SOCS3;IL9R;STAT1;IL18R1;TNF;TLR2;CSF2RA;CCR1;SOCS1
17,1,anal_pc5_c21_S1.filtered.gene_spectra_score.k_17.dt_0_01.txt,prerank,HALLMARK_HEME_METABOLISM,0.4441628018055739,1.2078751830967807,0.2067714631197098,0.4690390639395614,0.998,13/55,11.62%,SELENBP1;PDZK1IP1;CA2;CAT;MBOAT2;BLVRB;KLF3;ALDH1L1;P4HA2;KDM7A;DMTN;SLC25A37;TRIM10
17,1,anal_pc5_c21_S1.filtered.gene_spectra_score.k_17.dt_0_01.txt,prerank,HALLMARK_MITOTIC_SPINDLE,0.42448247332056444,1.1952247237280915,0.20584795321637428,0.4674256920525577,1.0,49/77,23.12%,FGD4;FLNB;PXN;WASL;ARHGEF2;BCAR1;MID1;NET1;RAPGEF5;TRIO;PLK1;INCENP;CDC42EP4;LMNB1;TOP2A;KIF22;STK38L;AURKA;CCNB2;ARHGAP27;KIF23;SORBS2;CDK1;BUB1;BIRC5;ANLN;ECT2;PRC1;FARP1;PDLIM5;TTK;DLGAP5;KIF20B;KIF2C;KIF4A;NEK2;NUSAP1;KIF11;TPX2;CEP72;NDC80;EPB41L2;MAP1S;CENPE;ITSN1;PIF1;KIF15;CENPF;ESPL1
17,1,anal_pc5_c21_S1.filtered.gene_spectra_score.k_17.dt_0_01.txt,prerank,HALLMARK_ANGIOGENESIS,-0.3835676270010399,-1.1819792627408332,0.22846441947565543,0.3062659846547315,0.757,9/29,13.02%,COL3A1;LUM;SLCO2A1;FSTL1;S100A4;COL5A2;VCAN;NRP1;THBD
17,1,anal_pc5_c21_S1.filtered.gene_spectra_score.k_17.dt_0_01.txt,prerank,HALLMARK_UV_RESPONSE_UP,0.4208089908128247,1.1757316543328893,0.23501762632197415,0.4796691147437416,1.0,18/66,16.90%,EPCAM;MAOA;CA2;IGFBP2;RAB27A;PTPRD;BMP2;PPIF;CREG1;HSPA2;SULT1A1;SOD2;PRKCD;CDC34;TFRC;C4BPB;DNAJB1;NR4A1
17,1,anal_pc5_c21_S1.filtered.gene_spectra_score.k_17.dt_0_01.txt,prerank,HALLMARK_KRAS_SIGNALING_UP,-0.2801733627228349,-1.172158358953768,0.14516129032258066,0.29002557544757035,0.774,30/131,8.72%,LAPTM5;IKZF1;EMP1;DOCK2;ABCB1;LCP1;CD37;IL2RG;CXCR4;ETS1;PTPRR;IL10RA;PECAM1;PRDM1;MAP4K1;ITGB2;TRAF1;ENG;HDAC9;IL7R;TNFAIP3;TRIB2;PLAUR;ADAM8;LAT2;TNFRSF1B;ADAMDEC1;BIRC3;CFH;ADGRA2
17,1,anal_pc5_c21_S1.filtered.gene_spectra_score.k_17.dt_0_01.txt,prerank,HALLMARK_TNFA_SIGNALING_VIA_NFKB,-0.27071443756069563,-1.1540870194607578,0.14893617021276595,0.2859800046500814,0.801,81/150,36.50%,KLF2;TRAF1;IL7R;TNFAIP3;MXD1;NFKB2;PLAUR;CCL5;GPR183;BIRC3;CSF1;IRF1;ZFP36;PLEK;EHD1;SMAD3;CD69;ICAM1;DUSP5;DUSP1;PPP1R15A;ABCA1;SLC2A3;BTG2;MAP3K8;PFKFB3;KYNU;REL;TNFAIP2;PLPP3;FOSB;DRAM1;SGK1;CD83;PDE4B;CCL2;SOCS3;CCN1;SERPINB2;PTPRE;CD80;NFKBIA;DUSP2;TNF;TLR2;SLC2A6;BCL2A1;MAFF;IFIT2;NFKBIE;GADD45B;PLAU;CCL4;TNC;SLC16A6;CXCL1;AREG;EGR1;DUSP4;SPHK1;RCAN1;MSC;RHOB;BCL6;EGR3;TNFRSF9;IFIH1;CXCL10;IL1A;GFPT2;ATF3;CLCF1;ACKR3;PTGS2;PTX3;CDKN1A;HBEGF;IER5;CEBPB;SERPINE1;EGR2
17,1,anal_pc5_c21_S1.filtered.gene_spectra_score.k_17.dt_0_01.txt,prerank,HALLMARK_P53_PATHWAY,0.3913799007155311,1.1266628335435038,0.2971098265895954,0.5726791966095449,1.0,20/89,13.90%,AK1;NUPR1;CCND2;EPS8L2;GPX2;TOB1;KLF4;KIF13B;ITGB4;BMP2;FUCA1;IER3;CEBPA;PDGFA;VWA5A;SERPINB5;LIF;TRAF4;JUN;CTSD
17,1,anal_pc5_c21_S1.filtered.gene_spectra_score.k_17.dt_0_01.txt,prerank,HALLMARK_COMPLEMENT,-0.2641682960575468,-1.1137471425381997,0.15853658536585366,0.32448849104859334,0.86,47/122,20.68%,C1R;C1S;SPOCK2;FYN;LCP2;DOCK10;TIMP2;TNFAIP3;LCK;PLAUR;RASGRP1;CCL5;IRF7;PIM1;WAS;PIK3R5;CDA;APOBEC3G;CFH;CR1;CTSH;IRF1;ZEB1;PLEK;CASP10;CTSC;EHD1;DUSP5;COL4A2;C3;SERPING1;GNG2;CP;KYNU;GZMA;CD36;CD40LG;C1QC;CLU;SH2B3;GZMK;FCER1G;C1QA;SERPINB2;GATA3;ITGAM;PLAT
17,1,anal_pc5_c21_S1.filtered.gene_spectra_score.k_17.dt_0_01.txt,prerank,HALLMARK_HEDGEHOG_SIGNALING,-0.4016700005644541,-1.0981114785728427,0.32664756446991405,0.3244638992720834,0.878,6/17,22.76%,ACHE;NRP1;THY1;NRP2;UNC5C;DPYSL2
17,1,anal_pc5_c21_S1.filtered.gene_spectra_score.k_17.dt_0_01.txt,prerank,HALLMARK_APOPTOSIS,-0.27513251274636674,-1.0611558910939585,0.26356589147286824,0.36088783339422725,0.92,25/79,16.40%,EMP1;CD2;PLCB2;ISG20;DCN;LUM;ANXA1;TIMP2;ENO2;MMP2;BIRC3;TIMP3;CD38;IRF1;CD69;DPYD;HMOX1;CASP8;BTG2;BGN;PDGFRB;PRF1;CAV1;CLU;SLC20A1
17,1,anal_pc5_c21_S1.filtered.gene_spectra_score.k_17.dt_0_01.txt,prerank,HALLMARK_WNT_BETA_CATENIN_SIGNALING,0.4846623012244514,1.040913948421452,0.43548387096774194,0.7631737147595357,1.0,4/15,15.38%,CCND2;MYC;JAG1;DLL1
17,1,anal_pc5_c21_S1.filtered.gene_spectra_score.k_17.dt_0_01.txt,prerank,HALLMARK_UNFOLDED_PROTEIN_RESPONSE,-0.34897521025704115,-1.0178626518142408,0.43630573248407645,0.4139386189258312,0.95,13/23,33.74%,NABP1;HERPUD1;DNAJB9;TSPYL2;ERN1;IFIT1;CCL2;ERO1A;SLC1A4;SLC7A5;SHC1;DDIT4;ATF3
17,1,anal_pc5_c21_S1.filtered.gene_spectra_score.k_17.dt_0_01.txt,prerank,HALLMARK_TGF_BETA_SIGNALING,0.4104794119428138,0.9814930751248736,0.49037037037037035,0.878307807368387,1.0,5/24,10.34%,CDH1;TGIF1;ID2;BMP2;ID3
17,1,anal_pc5_c21_S1.filtered.gene_spectra_score.k_17.dt_0_01.txt,prerank,HALLMARK_DNA_REPAIR,0.40816102642421725,0.9756763834418423,0.5044117647058823,0.8450540507339844,1.0,7/22,17.20%,AK1;PNP;VPS37B;ZWINT;ARL6IP1;NPR2;TYMS
17,1,anal_pc5_c21_S1.filtered.gene_spectra_score.k_17.dt_0_01.txt,prerank,HALLMARK_ANDROGEN_RESPONSE,0.3481475359054046,0.9079542724177998,0.6005089058524173,0.96008553722615,1.0,14/41,16.72%,KRT8;CCND1;SLC26A2;HMGCR;STK39;DBI;HMGCS1;AZGP1;KRT19;PGM3;SCD;SAT1;RRP12;TSC22D1
17,1,anal_pc5_c21_S1.filtered.gene_spectra_score.k_17.dt_0_01.txt,prerank,HALLMARK_APICAL_SURFACE,0.3731718955526303,0.9025009932245082,0.5972222222222222,0.9233830845771144,1.0,8/27,18.18%,ATP8B1;AKAP7;EPHB4;SULF2;AFAP1L2;PCSK9;EFNA5;DCBLD2
17,1,anal_pc5_c21_S1.filtered.gene_spectra_score.k_17.dt_0_01.txt,prerank,HALLMARK_IL2_STAT5_SIGNALING,0.30019709109561454,0.8901161552627603,0.704225352112676,0.905596356840138,1.0,24/127,13.04%,MUC1;CCND2;IL1R2;SLC39A8;CA2;NT5E;ITGA6;HK2;CDCP1;NFKBIZ;ST3GAL4;WLS;PNP;MYC;LRIG1;TNFRSF21;IRF6;BMP2;SCN9A;CAPG;GLIPR2;PLAGL1;XBP1;LIF
17,1,anal_pc5_c21_S1.filtered.gene_spectra_score.k_17.dt_0_01.txt,prerank,HALLMARK_APICAL_JUNCTION,0.29018902520096523,0.853337398981382,0.7181818181818181,0.9351148298909494,1.0,12/101,10.64%,WNK4;CLDN7;CDH1;PCDH1;CLDN4;ITGA3;ADAM15;WASL;ITGB4;CD276;ADAM9;MPZL2
17,1,anal_pc5_c21_S1.filtered.gene_spectra_score.k_17.dt_0_01.txt,prerank,HALLMARK_REACTIVE_OXYGEN_SPECIES_PATHWAY,0.37365111304853676,0.8514127474653514,0.6428571428571429,0.8987442016968299,1.0,4/19,13.94%,MGST1;CAT;NQO1;SOD2
17,1,anal_pc5_c21_S1.filtered.gene_spectra_score.k_17.dt_0_01.txt,prerank,HALLMARK_KRAS_SIGNALING_DN,0.2916940846946231,0.8166205760411608,0.7777777777777778,0.9209450433020084,1.0,3/78,3.68%,HSD11B2;TFCP2L1;IGFBP2
17,1,anal_pc5_c21_S1.filtered.gene_spectra_score.k_17.dt_0_01.txt,prerank,HALLMARK_MTORC1_SIGNALING,0.2770843921785142,0.7800475218741106,0.7970011534025375,0.941305693753455,1.0,23/72,18.26%,NUPR1;SYTL2;HK2;PNP;HMGCR;HSPA5;HMGCS1;PLK1;XBP1;ME1;TFRC;SCD;AURKA;HSP90B1;MAP2K3;LTA4H;TM7SF2;STARD4;IFRD1;BUB1;LDLR;RRM2;CTH
17,1,anal_pc5_c21_S1.filtered.gene_spectra_score.k_17.dt_0_01.txt,prerank,HALLMARK_ADIPOGENESIS,0.2829117223252786,0.763464497509338,0.7982233502538071,0.9284698303355019,1.0,10/51,13.70%,MGLL;ESRRA;TOB1;PPARG;CAT;ACAA2;ACOX1;ME1;PIM3;SULT1A1
17,1,anal_pc5_c21_S1.filtered.gene_spectra_score.k_17.dt_0_01.txt,prerank,HALLMARK_UV_RESPONSE_DN,0.26693695294923053,0.7559313741131899,0.8277511961722488,0.9028990848227997,1.0,11/69,11.52%,ERBB2;ICA1;PLCB4;MGLL;PPARG;KCNMA1;MYC;NFIB;CITED2;SLC7A1;MET
17,1,anal_pc5_c21_S1.filtered.gene_spectra_score.k_17.dt_0_01.txt,prerank,HALLMARK_HYPOXIA,0.24683466992920436,0.7218525133827361,0.8983425414364641,0.9112453604990918,1.0,11/111,10.14%,CA12;SELENBP1;NEDD4L;FBP1;PPARGC1A;HK2;SDC4;P4HA2;LXN;HSPA5;CITED2
17,1,anal_pc5_c21_S1.filtered.gene_spectra_score.k_17.dt_0_01.txt,prerank,HALLMARK_MYOGENESIS,0.22328564623407304,0.6584525592234846,0.9674887892376681,0.9367882808181316,1.0,21/112,17.64%,AK1;EPHB3;ERBB3;CKB;VIPR1;MB;ITGB4;SVIL;CNN3;SOD3;SMTN;NQO1;DAPK2;SORBS3;SCD;FDPS;NAV2;IFRD1;ITGB5;PFKM;TNNT2
17,2,anal_pc5_c21_S1.filtered.gene_spectra_score.k_17.dt_0_01.txt,prerank,HALLMARK_EPITHELIAL_MESENCHYMAL_TRANSITION,0.8241270456968838,2.2099100680269728,0.0,0.0,0.0,113/164,15.04%,COL6A2;COL1A2;COL3A1;DCN;FBLN1;COL6A3;LUM;COL5A1;COL1A1;MMP2;MXRA5;CXCL12;COL5A2;PCOLCE;FN1;COL16A1;FSTL1;SPARC;FBLN5;THY1;LAMA2;EDIL3;SFRP1;LRP1;FBN1;ABI3BP;PDGFRB;PMP22;CDH11;VCAN;VCAM1;CALD1;NID2;SLIT3;MATN2;LAMC1;COL4A2;GREM1;TFPI2;BGN;IGFBP3;FBLN2;COL4A1;NNMT;TIMP3;MGP;COL12A1;PRRX1;TPM2;MYL9;CXCL1;CCN1;ELN;LOXL1;ITGB3;SERPINH1;THBS1;ACTA2;EFEMP2;MMP14;IGFBP4;MFAP5;TAGLN;GJA1;HTRA1;LOXL2;MYLK;TNC;SGCD;TGM2;ECM2;THBS2;SNAI2;TPM1;CRLF1;SPOCK1;POSTN;SERPINE2;FGF2;LOX;FLNA;PCOLCE2;TGFBI;TIMP1;CCN2;GEM;PLOD2;FAP;FMOD;DST;COL11A1;COMP;INHBA;CXCL6;SFRP4;ITGB5;BMP1;LRRC15;VEGFA;JUN;RHOB;COL5A3;WNT5A;TGFBR3;CTHRC1;DAB2;COL7A1;GPC1;BASP1;QSOX1;DPYSL3;ECM1;PTX3
17,2,anal_pc5_c21_S1.filtered.gene_spectra_score.k_17.dt_0_01.txt,prerank,HALLMARK_COAGULATION,0.7615052976611075,1.95215715325944,0.0,0.0,0.0,31/79,11.92%,C1S;C1R;A2M;MMP2;FN1;CFD;SPARC;CFH;LRP1;FBN1;C3;SERPING1;TFPI2;CTSK;GSN;TIMP3;ITGB3;THBS1;C2;MMP14;PLAT;HTRA1;F3;CPQ;F10;MMP11;TIMP1;CSRP1;COMP;PLAU;BMP1
17,2,anal_pc5_c21_S1.filtered.gene_spectra_score.k_17.dt_0_01.txt,prerank,HALLMARK_MYOGENESIS,0.7353919250779801,1.934011476712084,0.0,0.0,0.0,45/112,12.52%,COL6A2;COL3A1;COL6A3;COL1A1;AEBP1;CFD;SPARC;LAMA2;SOD3;COL4A2;GPX3;IGFBP7;COL15A1;IGFBP3;GSN;TPM2;FHL1;TAGLN;MYLK;SGCD;CACNA1H;PDLIM7;BDKRB2;HSPB8;SMTN;FGF2;DTNA;APOD;SORBS1;GNAO1;CNN3;MYH11;DES;NCAM1;COX7A1;PTGIS;EFS;SPEG;KIFC3;DMD;ITGB5;ITGA7;LDB3;IGF1;CRYAB
17,2,anal_pc5_c21_S1.filtered.gene_spectra_score.k_17.dt_0_01.txt,prerank,HALLMARK_UV_RESPONSE_DN,0.7434234187291441,1.8792457197930905,0.0,0.0,0.0,26/69,7.56%,COL1A2;COL3A1;COL1A1;COL5A2;FBLN5;PLPP3;EFEMP1;PDGFRB;PMP22;IGFBP5;LAMC1;ADGRL2;PTGFR;RBPMS;CCN1;ITGB3;LPAR1;LTBP1;GJA1;F3;HAS2;SDC2;DLC1;SNAI2;FHL2;PRKAR2B
17,2,anal_pc5_c21_S1.filtered.gene_spectra_score.k_17.dt_0_01.txt,prerank,HALLMARK_ADIPOGENESIS,0.6979290946510246,1.712274344395999,0.0,0.002650802018224264,0.016,19/51,13.18%,LAMA4;ITIH5;C3;APOE;PHLDB1;GPX3;COL15A1;COL4A1;MYLK;SPARCL1;HSPB8;ABCA1;SORBS1;LIFR;FZD4;ANGPTL4;ITGA7;OMD;CAVIN1
17,2,anal_pc5_c21_S1.filtered.gene_spectra_score.k_17.dt_0_01.txt,prerank,HALLMARK_ANGIOGENESIS,0.728052704421098,1.6845374082221922,0.0024067388688327317,0.004003815548359565,0.029,13/29,16.24%,COL3A1;LUM;COL5A2;FSTL1;VCAN;FGFR1;POSTN;TIMP1;CXCL6;VEGFA;JAG1;NRP1;S100A4
17,2,anal_pc5_c21_S1.filtered.gene_spectra_score.k_17.dt_0_01.txt,prerank,HALLMARK_PI3K_AKT_MTOR_SIGNALING,-0.48017789112554266,-1.6052169213672252,0.011834319526627219,0.12947393706461688,0.047715736040609136,16/32,25.84%,IL2RG;SLA;PDK1;VAV3;PRKCB;ITPR2;LCK;DAPP1;CXCR4;HSP90B1;MKNK2;FASLG;CAMK4;MAP2K3;SLC2A1;TIAM1
17,2,anal_pc5_c21_S1.filtered.gene_spectra_score.k_17.dt_0_01.txt,prerank,HALLMARK_ALLOGRAFT_REJECTION,-0.36881598593314713,-1.5551075907561827,0.0,0.08851789574825845,0.06395939086294417,66/121,22.10%,IL2RG;ITGAL;CD74;SRGN;CTSS;CD79A;LTB;PTPN6;CD2;HCLS1;FYB1;PTPRC;CD96;IL16;MAP4K1;ITGB2;ZAP70;FGR;CD3E;IRF4;LCP2;PRKCB;CD3D;NCF4;ST8SIA4;LCK;CCL5;ITK;CAPG;WAS;IL2RB;SPI1;STAB1;ETS1;CD8A;CD7;CD28;CD247;LY75;IL12RB1;IRF8;CCR5;CD4;CD3G;SIT1;GZMA;CCND3;STAT4;GPR65;TLR6;CCND2;PRF1;TLR1;LY86;CXCR3;CD1D;CD40LG;CD40;IL18;TRAT1;IL27RA;IL2RA;LYN;FASLG;CCR2;TLR2
17,2,anal_pc5_c21_S1.filtered.gene_spectra_score.k_17.dt_0_01.txt,prerank,HALLMARK_E2F_TARGETS,-0.4030660403451204,-1.5423694964129273,0.0,0.06429658099127233,0.0700507614213198,39/54,51.50%,TFRC;KIF22;PRDX4;MYC;LMNB1;PLK1;MKI67;CKS2;CDC25B;SMC4;CENPM;KPNA2;CDCA8;EZH2;AURKA;CDKN1A;LIG1;TACC3;HMGB2;CENPE;SPAG5;MYBL2;ESPL1;RRM2;CCNB2;BIRC5;CDC20;CIT;POLE;TK1;TOP2A;MELK;CDK1;SPC25;ORC6;NCAPD2;KIF18B;DLGAP5;CDCA3
17,2,anal_pc5_c21_S1.filtered.gene_spectra_score.k_17.dt_0_01.txt,prerank,HALLMARK_APOPTOSIS,0.585544472816679,1.521521097786558,0.009424083769633508,0.041063763407313374,0.285,18/79,13.20%,DCN;LUM;MMP2;PDGFRB;TIMP2;GPX3;BGN;GSN;TIMP3;IGFBP6;PLAT;HGF;TIMP1;PLPPR4;IFITM3;JUN;RHOB;TGFBR3
17,2,anal_pc5_c21_S1.filtered.gene_spectra_score.k_17.dt_0_01.txt,prerank,HALLMARK_HYPOXIA,0.5663633165535269,1.49155819714728,0.0020920502092050207,0.05384441599518036,0.388,40/111,19.32%,DCN;COL5A1;CP;BGN;IGFBP3;FOS;CCN1;SRPX;SDC3;F3;PAM;TGM2;SDC2;LOX;DTNA;TGFBI;CAVIN3;CCN2;CCN5;AKAP12;ANGPTL4;P4HA2;ACKR3;VEGFA;JUN;TMEM45A;PGF;CAVIN1;GPC4;GPC1;PPP1R3C;S100A4;CDKN1C;PPP1R15A;CAV1;DUSP1;SERPINE1;P4HA1;STC1;ADM
17,2,anal_pc5_c21_S1.filtered.gene_spectra_score.k_17.dt_0_01.txt,prerank,HALLMARK_APICAL_JUNCTION,0.5700739451991654,1.4779983412257356,0.0031120331950207467,0.05651362636075341,0.446,26/101,11.92%,MMP2;COL16A1;THY1;FBN1;CDH11;VCAN;VCAM1;NEGR1;NLGN2;NFASC;EPB41L2;MYL9;CERCAM;SDC3;TSPAN4;CADM3;JAM3;ACTG2;NEXN;TGFBI;CLDN11;ADAMTS5;CX3CL1;THBS3;SPEG;BMP1
17,2,anal_pc5_c21_S1.filtered.gene_spectra_score.k_17.dt_0_01.txt,prerank,HALLMARK_COMPLEMENT,0.5519597522739427,1.4528838181884733,0.00508130081300813,0.07115746667670758,0.559,20/122,8.92%,C1S;C1R;FN1;CFH;LRP1;C3;CP;SERPING1;TIMP2;COL4A2;TFPI2;CXCL1;C2;MMP14;PLAT;CTSC;F3;CPQ;F10;TIMP1
17,2,anal_pc5_c21_S1.filtered.gene_spectra_score.k_17.dt_0_01.txt,prerank,HALLMARK_HEDGEHOG_SIGNALING,0.686828188426039,1.44242359630674,0.049399198931909215,0.07289705550116726,0.607,9/17,23.38%,THY1;UNC5C;DPYSL2;VEGFA;NRP1;ACHE;NRP2;VLDLR;L1CAM
17,2,anal_pc5_c21_S1.filtered.gene_spectra_score.k_17.dt_0_01.txt,prerank,HALLMARK_P53_PATHWAY,-0.3420947424067884,-1.4300974049012032,0.0,0.12352870526062934,0.17055837563451776,33/89,22.66%,AK1;DEF6;DGKA;SAT1;EPS8L2;BTG2;IFI30;FUCA1;CYFIP2;KIF13B;TRAF4;ITGB4;GPX2;MXD1;CCND3;CTSD;DDIT4;TOB1;CCND2;KLF4;IER5;CDKN2B;MAPKAPK3;MKNK2;EPHA2;RNF19B;GM2A;UPP1;NUPR1;VWA5A;JAG2;PTPRE;HMOX1
17,2,anal_pc5_c21_S1.filtered.gene_spectra_score.k_17.dt_0_01.txt,prerank,HALLMARK_XENOBIOTIC_METABOLISM,0.5467308984485024,1.4099645559807243,0.026970954356846474,0.0950561036222607,0.73,18/80,14.74%,FBLN1;PTGDS;APOE;TMEM176B;SLC12A4;IGFBP4;AOX1;IL1R1;F10;HSD11B1;TPST1;PTGES;ATOH8;IGF1;CDO1;EPHX1;TDO2;CFB
17,2,anal_pc5_c21_S1.filtered.gene_spectra_score.k_17.dt_0_01.txt,prerank,HALLMARK_GLYCOLYSIS,0.5494142675581123,1.388467503597851,0.04515418502202643,0.10909069844230626,0.796,17/67,14.62%,DCN;COL5A1;VCAN;IGFBP3;SDC3;PAM;CACNA1H;SDC2;TPST1;TGFBI;ANGPTL4;PLOD2;P4HA2;VEGFA;GPC4;GPC1;QSOX1
17,2,anal_pc5_c21_S1.filtered.gene_spectra_score.k_17.dt_0_01.txt,prerank,HALLMARK_DNA_REPAIR,-0.43134766406151315,-1.2602725597276951,0.17105263157894737,0.2621186644246937,0.3918781725888325,5/22,14.68%,AK1;HCLS1;PNP;VPS37B;STX3
17,2,anal_pc5_c21_S1.filtered.gene_spectra_score.k_17.dt_0_01.txt,prerank,HALLMARK_BILE_ACID_METABOLISM,0.5172706272431851,1.2360773759056902,0.18497109826589594,0.36608285907931964,0.999,7/37,8.98%,ABCA8;ABCA6;CYP7B1;ABCA9;CH25H;ABCA1;HSD17B6
17,2,anal_pc5_c21_S1.filtered.gene_spectra_score.k_17.dt_0_01.txt,prerank,HALLMARK_TNFA_SIGNALING_VIA_NFKB,0.4633336091654093,1.2340653630085345,0.08814589665653495,0.34708938926123956,0.999,42/150,19.24%,PLPP3;EGR1;CCL2;CSF1;FOS;CXCL1;CCN1;F3;PER1;TNC;GFPT2;DRAM1;MSC;TNFAIP6;ABCA1;PHLDA1;GEM;INHBA;FOSB;ACKR3;CXCL6;PLAU;SOCS3;TNFAIP2;VEGFA;JUN;G0S2;RHOB;PTGS2;JAG1;PTX3;CEBPB;FJX1;PLK2;KLF9;PPP1R15A;PMEPA1;PTGER4;SOD2;DUSP1;SERPINE1;SPSB1
17,2,anal_pc5_c21_S1.filtered.gene_spectra_score.k_17.dt_0_01.txt,prerank,HALLMARK_TGF_BETA_SIGNALING,0.5009964618475414,1.1029043157944942,0.37579617834394907,0.687396453046163,1.0,12/24,25.58%,LTBP2;THBS1;ENG;CDKN1C;PPP1R15A;PMEPA1;WWTR1;SERPINE1;RAB31;TJP1;SMAD6;SMAD1
17,2,anal_pc5_c21_S1.filtered.gene_spectra_score.k_17.dt_0_01.txt,prerank,HALLMARK_IL6_JAK_STAT3_SIGNALING,0.4242493254145504,1.0511962299777498,0.41025641025641024,0.8109797424504858,1.0,10/53,13.32%,A2M;OSMR;CSF1;CXCL1;ITGB3;IL1R1;SOCS3;JUN;IL7;CXCL13
17,2,anal_pc5_c21_S1.filtered.gene_spectra_score.k_17.dt_0_01.txt,prerank,HALLMARK_KRAS_SIGNALING_UP,0.3902333384102725,1.037955001624369,0.42163801820020225,0.8075741981909615,1.0,35/131,17.08%,ADAMDEC1;CFH;ADGRA2;IGFBP3;PRRX1;TMEM176B;ALDH1A3;PLAT;TMEM158;SPARCL1;GFPT2;TMEM176A;ITGBL1;HSD11B1;MMP11;APOD;SPON1;TFPI;AKAP12;ANGPTL4;INHBA;PLAU;GNG11;G0S2;DCBLD2;ENG;PTGS2;CFB;NRP1;GADD45G;ANO1;ETV1;GPNMB;PPP1R15A;GUCY1A1
17,2,anal_pc5_c21_S1.filtered.gene_spectra_score.k_17.dt_0_01.txt,prerank,HALLMARK_HEME_METABOLISM,-0.2730439844855719,-1.0279725368224848,0.37349397590361444,0.7213547922171512,0.7918781725888325,24/55,29.32%,SELENBP1;TENT5C;CA2;UCP2;BTG2;ACKR1;PDZK1IP1;EPB41;LMO2;BMP2K;CCND3;KAT2B;TFRC;KLF3;KDM7A;ACP5;MAP2K3;LPIN2;SLC2A1;SEC14L1;AQP3;DMTN;MPP1;OSBP2
17,2,anal_pc5_c21_S1.filtered.gene_spectra_score.k_17.dt_0_01.txt,prerank,HALLMARK_APICAL_SURFACE,0.4451637367635079,1.0158346174253612,0.47413793103448276,0.8278960448036274,1.0,5/27,13.40%,THY1;SRPX;SCUBE1;CX3CL1;DCBLD2
17,2,anal_pc5_c21_S1.filtered.gene_spectra_score.k_17.dt_0_01.txt,prerank,HALLMARK_INTERFERON_GAMMA_RESPONSE,0.3744084986551087,0.9987405019737188,0.5112016293279023,0.8335943971684614,1.0,6/111,2.74%,C1S;C1R;CFH;VCAM1;SERPING1;CCL2
17,2,anal_pc5_c21_S1.filtered.gene_spectra_score.k_17.dt_0_01.txt,prerank,HALLMARK_MTORC1_SIGNALING,-0.24732248275665514,-0.9677219624782735,0.4931506849315068,0.8043992999553893,0.8791878172588833,31/72,29.26%,CORO1A;XBP1;ITGB2;BTG2;SLA;PDK1;IFI30;HK2;SYTL2;PNP;ERO1A;HMGCR;DAPP1;CXCR4;SDF2L1;TFRC;DDIT4;HSP90B1;TUBA4A;LTA4H;NUPR1;MAP2K3;SLC7A5;CFP;SLC2A1;HSPA5;ELOVL5;STARD4;PLK1;INSIG1;SLC1A4
17,2,anal_pc5_c21_S1.filtered.gene_spectra_score.k_17.dt_0_01.txt,prerank,HALLMARK_INFLAMMATORY_RESPONSE,0.3452758696336108,0.923360152303981,0.6792260692464358,0.984780839062035,1.0,21/141,11.44%,OSMR;CCL2;CSF1;ITGB3;LPAR1;MMP14;PCDH7;F3;HAS2;AXL;IL1R1;PDPN;TNFAIP6;ABCA1;GABBR1;TIMP1;BEST1;CX3CL1;PTGER2;INHBA;CXCL6
17,2,anal_pc5_c21_S1.filtered.gene_spectra_score.k_17.dt_0_01.txt,prerank,HALLMARK_FATTY_ACID_METABOLISM,-0.2547587816606648,-0.9196856323925786,0.5785123966942148,0.8498378573144366,0.9350253807106599,15/44,28.98%,ACSL5;CA2;MAOA;HSD17B11;MGLL;GLUL;CA4;CD1D;ACSS1;UGDH;HPGD;ELOVL5;ACOX1;FASN;CD36
17,2,anal_pc5_c21_S1.filtered.gene_spectra_score.k_17.dt_0_01.txt,prerank,HALLMARK_PEROXISOME,-0.27494076813824975,-0.9169076918762911,0.5909090909090909,0.760696079216377,0.9360406091370559,3/32,5.46%,ACSL5;HSD11B2;HSD17B11
17,2,anal_pc5_c21_S1.filtered.gene_spectra_score.k_17.dt_0_01.txt,prerank,HALLMARK_INTERFERON_ALPHA_RESPONSE,0.3632925885268046,0.9083374086530044,0.6383682469680264,0.9733790195044808,1.0,2/50,2.92%,C1S;CSF1
17,2,anal_pc5_c21_S1.filtered.gene_spectra_score.k_17.dt_0_01.txt,prerank,HALLMARK_ESTROGEN_RESPONSE_LATE,0.33851499146928793,0.888127983226281,0.7054582904222451,0.9758985256223457,1.0,15/106,10.90%,CXCL12;TFPI2;FOS;CXCL14;IGFBP4;HSPB8;PRKAR2B;NBL1;SLC24A3;PDLIM3;PGR;CCN5;PTGES;FARP1;NAB2
17,2,anal_pc5_c21_S1.filtered.gene_spectra_score.k_17.dt_0_01.txt,prerank,HALLMARK_ESTROGEN_RESPONSE_EARLY,0.33210721128437654,0.869205020135138,0.7305327868852459,0.970580113964405,1.0,18/118,11.08%,CXCL12;OLFML3;FOS;IGFBP4;GFRA1;GJA1;TGM2;DLC1;HSPB8;FHL2;NBL1;SLC24A3;PDLIM3;PGR;CCN5;PTGES;FARP1;THSD4
17,2,anal_pc5_c21_S1.filtered.gene_spectra_score.k_17.dt_0_01.txt,prerank,HALLMARK_UV_RESPONSE_UP,0.3433677511733998,0.8573332635225468,0.7244680851063829,0.9530295956020784,1.0,12/66,14.24%,GPX3;FOS;MMP14;DLG4;PDLIM3;NTRK3;FOSB;RHOB;OLFM1;PTPRD;CDO1;EPHX1
17,2,anal_pc5_c21_S1.filtered.gene_spectra_score.k_17.dt_0_01.txt,prerank,HALLMARK_REACTIVE_OXYGEN_SPECIES_PATHWAY,0.3689212036185713,0.8028679903798709,0.7437908496732026,1.0,1.0,1/19,2.08%,GPX3
17,2,anal_pc5_c21_S1.filtered.gene_spectra_score.k_17.dt_0_01.txt,prerank,HALLMARK_CHOLESTEROL_HOMEOSTASIS,-0.24404338442819773,-0.7778529046626893,0.8698630136986302,0.9586355993274082,0.9908629441624366,21/35,43.10%,LGALS3;MAL2;HMGCR;ABCA2;PPARG;STARD4;FASN;TP53INP1;FDPS;CPEB2;MVD;TM7SF2;FABP5;HMGCS1;NIBAN1;LGMN;ATF5;SCD;MVK;CXCL16;TRIB3
17,2,anal_pc5_c21_S1.filtered.gene_spectra_score.k_17.dt_0_01.txt,prerank,HALLMARK_ANDROGEN_RESPONSE,0.3155321144097932,0.7603506284673893,0.8158803222094362,1.0,1.0,9/41,17.42%,ADAMTS1;PLPP1;ALDH1A3;LIFR;AKAP12;ABCC4;MAF;GUCY1A1;PMEPA1
17,2,anal_pc5_c21_S1.filtered.gene_spectra_score.k_17.dt_0_01.txt,prerank,HALLMARK_WNT_BETA_CATENIN_SIGNALING,0.3603468312070033,0.7403397627522222,0.8052851182197497,1.0,1.0,3/15,14.84%,DLL1;NKD1;JAG1
17,2,anal_pc5_c21_S1.filtered.gene_spectra_score.k_17.dt_0_01.txt,prerank,HALLMARK_UNFOLDED_PROTEIN_RESPONSE,-0.23809851899409626,-0.7197001079164274,0.8803827751196173,0.9291376411241893,0.9949238578680203,9/23,20.08%,HERPUD1;XBP1;NABP1;ERO1A;ERN1;DDIT4;HSP90B1;DNAJB9;DNAJA4
17,2,anal_pc5_c21_S1.filtered.gene_spectra_score.k_17.dt_0_01.txt,prerank,HALLMARK_MITOTIC_SPINDLE,0.2762393960551284,0.7082422238670163,0.9056603773584906,1.0,1.0,8/77,12.22%,GSN;EPB41L2;CDC42EP2;FLNA;FARP1;ARHGAP10;DST;PALLD
17,2,anal_pc5_c21_S1.filtered.gene_spectra_score.k_17.dt_0_01.txt,prerank,HALLMARK_IL2_STAT5_SIGNALING,0.25673396536212295,0.6752800355821701,0.9601634320735445,1.0,1.0,20/127,17.56%,COL6A1;ITIH5;CSF1;PLPP1;TGM2;PHLDA1;PLAGL1;SMPDL3A;PTH1R;PTGER2;SPRY4;IFITM3;RHOB;WLS;GUCY1B1;ECM1;NRP1;CDKN1C;AHR;PENK
17,2,anal_pc5_c21_S1.filtered.gene_spectra_score.k_17.dt_0_01.txt,prerank,HALLMARK_SPERMATOGENESIS,0.21674630363248146,0.5185127739389014,0.9929906542056075,1.0,1.0,2/36,8.84%,JAM3;SEPTIN4
17,2,anal_pc5_c21_S1.filtered.gene_spectra_score.k_17.dt_0_01.txt,prerank,HALLMARK_KRAS_SIGNALING_DN,0.17975983087569286,0.46223580407656695,1.0,1.0,1.0,4/78,8.94%,PTGFR;RGS11;ZBTB16;CLSTN3
17,2,anal_pc5_c21_S1.filtered.gene_spectra_score.k_17.dt_0_01.txt,prerank,HALLMARK_G2M_CHECKPOINT,0.15525161875321677,0.3924915628172001,1.0,0.9994477495795366,1.0,3/68,13.12%,MEIS1;DMD;MEIS2
17,3,anal_pc5_c21_S1.filtered.gene_spectra_score.k_17.dt_0_01.txt,prerank,HALLMARK_EPITHELIAL_MESENCHYMAL_TRANSITION,-0.4672648683099365,-2.186597315822847,0.0,0.0,0.0,107/164,26.90%,IGFBP4;IGFBP2;LRP1;SPARC;MMP14;FBLN1;COL1A2;COL3A1;LAMC1;PFN2;DCN;LUM;DPYSL3;CAPG;MMP2;SDC4;COL4A2;GPC1;RHOB;QSOX1;MATN2;TGFBI;FN1;VCAN;ITGB5;COL1A1;FSTL1;COL6A3;COL4A1;CXCL12;SERPINH1;ELN;THBS1;CALD1;FUCA1;FBN1;COL6A2;DST;HTRA1;GJA1;VEGFA;COL5A1;SLC6A8;ANPEP;PMP22;MXRA5;DAB2;TIMP3;TIMP1;JUN;EDIL3;TPM1;BASP1;COL5A2;BGN;FBLN2;THBS2;MYL9;NT5E;LAMA3;WNT5A;ECM1;SFRP1;TAGLN;SAT1;PCOLCE;FBLN5;PDLIM4;THY1;CDH11;CTHRC1;FMOD;PDGFRB;COL16A1;PLOD2;COL12A1;NNMT;ABI3BP;TNC;ITGA2;VCAM1;SERPINE2;MGP;SNAI2;GREM1;IGFBP3;COL7A1;MYLK;CRLF1;LOX;CCN2;LOXL1;ITGB3;VEGFC;PTHLH;NID2;CCN1;LAMA2;PVR;SLIT3;LOXL2;PRRX1;CADM1;LAMC2;PLAUR;CXCL1;TGM2
17,3,anal_pc5_c21_S1.filtered.gene_spectra_score.k_17.dt_0_01.txt,prerank,HALLMARK_COAGULATION,-0.5074380224485295,-2.141026820560322,0.0,0.0,0.0,39/79,20.24%,GSN;LRP1;SPARC;SERPINA1;MMP14;CTSB;A2M;C1S;C1R;MMP2;CTSH;CFB;FN1;PRSS23;LGMN;CLU;CFD;THBS1;FBN1;ADAM9;C1QA;HTRA1;C2;SH2B2;TIMP3;TIMP1;SERPING1;CSRP1;VWF;ANXA1;RAPGEF3;CFI;C3;PLAT;PLAU;ITGA2;THBD;CRIP2;DUSP6
17,3,anal_pc5_c21_S1.filtered.gene_spectra_score.k_17.dt_0_01.txt,prerank,HALLMARK_ALLOGRAFT_REJECTION,0.6966823803070524,2.0542276339318812,0.0,0.0,0.0,59/121,15.02%,CD2;ITGAL;ZAP70;CD96;FYB1;ITK;CD3E;CD3D;LCK;IL2RG;LCP2;CD28;PTPRC;ETS1;STAT4;CD247;IL2RB;CD7;IL16;CD40LG;CD3G;CD8A;TRAT1;CCL5;CD4;LTB;MAP4K1;CCR5;ITGB2;CXCR3;GBP2;SIT1;IL12RB1;IL27RA;HCLS1;FAS;PRF1;KLRD1;CCND3;IL18RAP;GZMA;IL2RA;ST8SIA4;STAT1;FASLG;SRGN;WAS;CCND2;NCR1;IRF7;GPR65;IL2;CSF1;FLNA;PTPN6;LY75;CRTAM;PRKCB;CCR2
17,3,anal_pc5_c21_S1.filtered.gene_spectra_score.k_17.dt_0_01.txt,prerank,HALLMARK_E2F_TARGETS,-0.4876666166780964,-1.886533598458583,0.0,0.01852974866922714,0.01116751269035533,38/54,34.54%,MCM2;CDKN2A;PRDX4;MCM4;CDK1;PTTG1;TK1;TOP2A;MKI67;CDKN1A;MYBL2;HMGB2;TCF19;RRM2;BIRC5;PLK1;CDKN2C;CENPM;CDC20;LMNB1;SPC25;CKS2;ORC6;HELLS;ANP32E;MELK;HMMR;CIT;CENPE;KPNA2;KIF2C;CDCA8;MYC;CCNB2;TFRC;KIF18B;CDCA3;AURKA
17,3,anal_pc5_c21_S1.filtered.gene_spectra_score.k_17.dt_0_01.txt,prerank,HALLMARK_ESTROGEN_RESPONSE_LATE,-0.417941236682379,-1.8173344616206808,0.0,0.020214271275520515,0.016243654822335026,43/106,19.46%,AGR2;CA12;CDH1;IGFBP4;TFF3;NBL1;CKB;CXCL14;KRT19;SERPINA1;CA2;UGDH;XBP1;SCNN1A;TSPAN13;KLF4;MDK;FLNB;RAPGEFL1;PRSS23;CXCL12;BLVRB;SLC26A2;CPE;HR;FABP5;CCND1;TOP2A;FOS;TJP3;KLK10;SGK1;SCARB1;OVOL2;PLXNB1;SLC1A4;SLC29A1;FARP1;CAV1;HSPA4L;TOB1;MYB;KLK11
17,3,anal_pc5_c21_S1.filtered.gene_spectra_score.k_17.dt_0_01.txt,prerank,HALLMARK_G2M_CHECKPOINT,-0.4301836894301892,-1.7684912909706318,0.0,0.023246411966848592,0.023350253807106598,47/68,37.36%,SLC12A2;MCM2;ODC1;CDK1;PTTG1;TPX2;CCND1;SLC7A1;TOP2A;MKI67;MYBL2;MT2A;BIRC5;NUSAP1;PLK1;CDKN2C;E2F1;MAP3K20;CDC20;LMNB1;MEIS2;CENPF;CKS2;ORC6;MEIS1;KIF23;PRC1;INCENP;CDC45;HMMR;CENPE;KPNA2;KIF2C;EXO1;CENPA;TROAP;MYC;CCNB2;RAD54L;SNRPD1;AURKA;KIF11;NEK2;NDC80;UBE2C;BUB1;MCM6
17,3,anal_pc5_c21_S1.filtered.gene_spectra_score.k_17.dt_0_01.txt,prerank,HALLMARK_XENOBIOTIC_METABOLISM,-0.4124605920236883,-1.7435605128028462,0.0,0.02358331648810727,0.028426395939086295,23/80,9.92%,IGFBP4;TMEM176B;NQO1;EPHX1;CA2;ABCC3;MAOA;FBLN1;AKR1C3;UGDH;IRF8;ALDH3A1;AKR1C2;CES1;CFB;NDRG2;APOE;BLVRB;PTGR1;EPHA2;GCLC;BCAR1;PTGDS
17,3,anal_pc5_c21_S1.filtered.gene_spectra_score.k_17.dt_0_01.txt,prerank,HALLMARK_ANGIOGENESIS,-0.5287437813264749,-1.729916535884419,0.005263157894736842,0.020936209535360534,0.029441624365482234,12/29,13.00%,COL3A1;JAG1;TNFRSF21;LUM;VCAN;FSTL1;NRP1;VEGFA;TIMP1;VAV2;COL5A2;FGFR1
17,3,anal_pc5_c21_S1.filtered.gene_spectra_score.k_17.dt_0_01.txt,prerank,HALLMARK_ESTROGEN_RESPONSE_EARLY,-0.36881883083050115,-1.688707220350517,0.0,0.02842631898120073,0.04467005076142132,62/118,28.46%,KRT8;CLDN7;CA12;ELF3;IGFBP4;TFF3;NBL1;MUC1;KRT19;MLPH;HES1;XBP1;SCNN1A;KLF4;FLNB;RAPGEFL1;CELSR1;ESRP2;PRSS23;CXCL12;CBFA2T3;BLVRB;SLC26A2;GJA1;LAD1;HR;KRT15;CCND1;SH3BP5;FOS;TTC39A;TJP3;KLK10;SCARB1;FHL2;OVOL2;SLC1A4;PODXL;FARP1;KAZN;AKAP1;RHOBTB3;TUBB2B;TOB1;MYB;SVIL;NAV2;RAB31;PMAIP1;THSD4;OLFM1;SLC2A1;DLC1;OLFML3;P2RY2;IL17RB;TGM2;SLC16A1;FASN;SLC7A2;SLC24A3;WWC1
17,3,anal_pc5_c21_S1.filtered.gene_spectra_score.k_17.dt_0_01.txt,prerank,HALLMARK_MYOGENESIS,-0.3833826934776941,-1.6803418962334369,0.0,0.025829346629831773,0.04467005076142132,58/112,35.32%,GSN;CKB;ITGB4;SPARC;NQO1;COL3A1;CNN3;COL4A2;ERBB3;ITGB5;COL1A1;MYH11;COL6A3;IGFBP7;CLU;CFD;MEF2C;AEBP1;SOD3;COL6A2;SLC6A8;SCD;EPHB3;SPHK1;GPX3;COL15A1;CDKN1A;SMTN;TAGLN;EFS;CDH13;CD36;MAPRE3;CRYAB;IGFBP3;MYLK;SVIL;NAV2;IGF1;LAMA2;MAPK12;WWTR1;MB;SORBS3;GAA;FGF2;HBEGF;DES;FST;COX7A1;BDKRB2;SGCD;FHL1;PVALB;VIPR1;APLNR;GJA5;DTNA
17,3,anal_pc5_c21_S1.filtered.gene_spectra_score.k_17.dt_0_01.txt,prerank,HALLMARK_INTERFERON_GAMMA_RESPONSE,0.5577442513507791,1.6278251551942866,0.0,0.026515248508437256,0.109,46/111,16.10%,NLRC5;RNF213;LCP2;STAT4;CASP8;IL2RB;KLRK1;IL10RA;RAPGEF6;EIF4E3;SAMHD1;CCL5;CD69;TRIM14;FAS;IRF1;ITGB7;PFKP;TNFAIP3;GZMA;ST8SIA4;ZBP1;STAT1;SAMD9L;OAS2;MX2;IFI44;ISG20;ST3GAL5;GPR18;PSMB9;HERC6;PIM1;EPSTI1;GBP4;SP110;UPP1;IRF7;IL18BP;PTPN6;XAF1;PDE4B;HELZ2;DDX60;OASL;OAS3
17,3,anal_pc5_c21_S1.filtered.gene_spectra_score.k_17.dt_0_01.txt,prerank,HALLMARK_FATTY_ACID_METABOLISM,-0.42104435290828224,-1.5780881230696282,0.006944444444444444,0.04346068324236911,0.08527918781725888,23/44,29.76%,EPHX1;GLUL;CA2;MAOA;UGDH;ALDH3A1;MGLL;ALDH1A1;ODC1;CD1D;CA4;CBR3;HSD17B11;CD36;PTPRG;HPGD;ACOX1;ACAA2;TP53INP2;CEL;FASN;ME1;LTC4S
17,3,anal_pc5_c21_S1.filtered.gene_spectra_score.k_17.dt_0_01.txt,prerank,HALLMARK_PI3K_AKT_MTOR_SIGNALING,0.620954405387539,1.577758994329719,0.00853658536585366,0.03356976416664533,0.191,11/32,14.88%,LCK;IL2RG;PLCG1;SLA;CAMK4;TIAM1;FASLG;CXCR4;ITPR2;PPP2R1B;PRKCB
17,3,anal_pc5_c21_S1.filtered.gene_spectra_score.k_17.dt_0_01.txt,prerank,HALLMARK_HEDGEHOG_SIGNALING,-0.5660558259298966,-1.573638945801472,0.036303630363036306,0.03996912729477921,0.08629441624365482,13/17,36.80%,ADGRG1;CELSR1;DPYSL2;NRP1;VEGFA;THY1;NRP2;HEY1;NRCAM;UNC5C;CRMP1;VLDLR;ACHE
17,3,anal_pc5_c21_S1.filtered.gene_spectra_score.k_17.dt_0_01.txt,prerank,HALLMARK_INTERFERON_ALPHA_RESPONSE,0.5677582226483897,1.5480256348501413,0.006764374295377677,0.0375835403170051,0.266,30/50,22.08%,CASP8;LPAR6;GBP2;TRIM14;IRF1;SAMD9L;IFI44;ISG20;PSMB9;HERC6;EPSTI1;GBP4;SP110;SELL;IRF7;SAMD9;CSF1;TMEM140;HELZ2;DDX60;OASL;TRIM5;NUB1;IFI44L;IFITM2;CMPK2;IFIH1;PARP14;CCRL2;RSAD2
17,3,anal_pc5_c21_S1.filtered.gene_spectra_score.k_17.dt_0_01.txt,prerank,HALLMARK_IL2_STAT5_SIGNALING,0.4875292907360897,1.4480115539992007,0.006160164271047228,0.09856861188641078,0.624,45/127,17.42%,TRAF1;CCR4;RORA;IL2RB;ICOS;IL10RA;PRKCH;FLT3LG;LTB;BATF;TNFRSF1B;CISH;PHTF2;CTLA4;CST7;CDC42SE2;TNFRSF4;CCND3;CD48;RHOH;BCL2;IL2RA;TIAM1;SLC2A3;TTC39B;AGER;IL18R1;TNFRSF18;EOMES;PTGER2;CCND2;IKZF2;PIM1;SYT11;GBP4;SELL;GPR65;CSF1;TNFRSF9;MAP3K8;FURIN;IKZF4;ADAM19;SOCS1;ABCB1
17,3,anal_pc5_c21_S1.filtered.gene_spectra_score.k_17.dt_0_01.txt,prerank,HALLMARK_ADIPOGENESIS,-0.37949463172098746,-1.4400755811179655,0.03418803418803419,0.0859106529209622,0.18984771573604062,29/51,29.76%,MGLL;LAMA4;COL4A1;APOE;ITIH5;CAVIN1;SPARCL1;PPARG;GPX3;COL15A1;PHLDB1;SCARB1;ABCA1;C3;CDKN2C;CD36;ENPP2;TOB1;CAVIN2;ACOX1;MYLK;ACAA2;FZD4;CAT;LIFR;SNCG;CYP4B1;ME1;LTC4S
17,3,anal_pc5_c21_S1.filtered.gene_spectra_score.k_17.dt_0_01.txt,prerank,HALLMARK_GLYCOLYSIS,-0.35551272402751494,-1.4346887662141004,0.012345679012345678,0.08396697299062368,0.19898477157360406,19/67,10.62%,ELF3;TFF3;B3GNT3;DCN;DSC2;GPC1;QSOX1;TGFBI;VCAN;P4HA2;HK2;GCLC;VEGFA;COL5A1;HSPA5;SDC3;GPC3;CDK1;SPAG4
17,3,anal_pc5_c21_S1.filtered.gene_spectra_score.k_17.dt_0_01.txt,prerank,HALLMARK_CHOLESTEROL_HOMEOSTASIS,-0.4076524836666772,-1.4320017579629314,0.037037037037037035,0.07977417771232204,0.20304568527918782,10/35,12.06%,LGALS3;JAG1;MAL2;ALCAM;LGMN;CLU;SCD;CXCL16;FABP5;PPARG
17,3,anal_pc5_c21_S1.filtered.gene_spectra_score.k_17.dt_0_01.txt,prerank,HALLMARK_UV_RESPONSE_DN,-0.3543396668898683,-1.4215124855626244,0.0125,0.07748803988949532,0.2101522842639594,43/69,25.96%,COL1A2;COL3A1;LAMC1;ID1;PLPP3;MGLL;ERBB2;IGFBP5;COL1A1;PLCB4;NFIB;NRP1;GJA1;EFEMP1;PMP22;DAB2;TJP1;TFPI;VAV2;SLC7A1;COL5A2;PPARG;FBLN5;SDC2;KCNMA1;FHL2;ICA1;PDGFRB;CAV1;MAP1B;MET;LDLR;PIK3R3;LPAR1;SNAI2;RND3;F3;ITGB3;PRKAR2B;CCN1;DLC1;RBPMS;ADGRL2
17,3,anal_pc5_c21_S1.filtered.gene_spectra_score.k_17.dt_0_01.txt,prerank,HALLMARK_IL6_JAK_STAT3_SIGNALING,0.49755501267703883,1.3887312351010725,0.05104408352668213,0.14498245973420737,0.821,18/53,16.92%,IL2RG;ITGA4;LTB;TNFRSF1B;IL12RB1;PIK3R5;FAS;IRF1;IL2RA;STAT1;IL17RA;IL18R1;PIM1;IL9R;CSF1;MAP3K8;TNF;SOCS1
17,3,anal_pc5_c21_S1.filtered.gene_spectra_score.k_17.dt_0_01.txt,prerank,HALLMARK_INFLAMMATORY_RESPONSE,0.46159769648142546,1.3645234890890803,0.011375387797311272,0.15394829736877724,0.871,33/141,14.62%,IL7R;LCK;LCP2;RASGRP1;IL2RB;IL10RA;SLAMF1;CCL5;TNFRSF1B;KCNA3;CCR7;CXCR6;CD69;PIK3R5;SEMA4D;GPR183;IRF1;IL18RAP;CD48;IL18R1;PTGER2;RGS1;GPR132;PTGER4;SELL;IRF7;NOD2;EMP3;LTA;CSF1;TNFRSF9;ITGA5;PDE4B
17,3,anal_pc5_c21_S1.filtered.gene_spectra_score.k_17.dt_0_01.txt,prerank,HALLMARK_WNT_BETA_CATENIN_SIGNALING,0.534319347775011,1.1958984041848824,0.24821683309557774,0.4730782526310399,0.997,3/15,10.70%,TCF7;LEF1;CCND2
17,3,anal_pc5_c21_S1.filtered.gene_spectra_score.k_17.dt_0_01.txt,prerank,HALLMARK_REACTIVE_OXYGEN_SPECIES_PATHWAY,-0.3923858722097957,-1.1824708326425661,0.2109090909090909,0.2956337174044876,0.616243654822335,9/19,12.16%,FTL;NQO1;MGST1;PRDX4;GCLC;SOD2;TXNRD1;HHEX;GPX3
17,3,anal_pc5_c21_S1.filtered.gene_spectra_score.k_17.dt_0_01.txt,prerank,HALLMARK_UV_RESPONSE_UP,-0.29545808455757594,-1.175233961214442,0.18421052631578946,0.2868642908952544,0.6304568527918781,19/66,17.10%,EPCAM;IGFBP2;MMP14;EPHX1;CA2;MAOA;CREG1;RHOB;SOD2;SLC6A8;BMP2;CDKN2B;HYAL2;GPX3;HSPA2;FOS;HMOX1;LYN;PTPRD
17,3,anal_pc5_c21_S1.filtered.gene_spectra_score.k_17.dt_0_01.txt,prerank,HALLMARK_P53_PATHWAY,-0.2650470903038,-1.1465807102166037,0.14814814814814814,0.3079868831839723,0.6781725888324873,35/89,19.06%,GPX2;NUPR1;ITGB4;EPHX1;IFI30;KRT17;SERPINB5;KLF4;CLCA2;TP63;EPS8L2;TM4SF1;CDKN2A;FUCA1;GM2A;EPHA2;TRAF4;JUN;BMP2;SLC7A11;SPHK1;CDKN2B;TSC22D1;CTSD;CDKN1A;FOS;SAT1;HMOX1;VWA5A;CDH13;NDRG1;TCN2;CEBPA;HSPA4L;TOB1
17,3,anal_pc5_c21_S1.filtered.gene_spectra_score.k_17.dt_0_01.txt,prerank,HALLMARK_ANDROGEN_RESPONSE,-0.3008590748541862,-1.1210895121827884,0.27388535031847133,0.33220558977796216,0.7299492385786802,16/41,18.68%,KRT8;KRT19;SELENOP;UBE2J1;SLC26A2;SCD;DBI;TSC22D1;CCND1;SAT1;SGK1;PLPP1;ADAMTS1;NDRG1;HMGCR;HPGD
17,3,anal_pc5_c21_S1.filtered.gene_spectra_score.k_17.dt_0_01.txt,prerank,HALLMARK_KRAS_SIGNALING_UP,0.36991643942002717,1.103977962477095,0.2949640287769784,0.6871260423868418,1.0,16/131,8.20%,IL7R;TRAF1;IKZF1;IL2RG;ETS1;TRIB2;IL10RA;DOCK2;MAP4K1;TNFRSF1B;SATB1;ITGB2;LCP1;LAPTM5;TNFAIP3;ADAM8
17,3,anal_pc5_c21_S1.filtered.gene_spectra_score.k_17.dt_0_01.txt,prerank,HALLMARK_COMPLEMENT,0.36955308974523277,1.0966319713956336,0.3247422680412371,0.638993163137275,1.0,29/122,15.04%,SPOCK2;LCK;LCP2;RASGRP1;FYN;CD40LG;CCL5;DOCK10;GATA3;PIK3R5;IRF1;TNFAIP3;APOBEC3G;CBLB;GZMA;GNG2;GZMK;DOCK9;WAS;F5;EHD1;PSMB9;PIM1;IRF7;DPP4;KIF2A;STX4;ZEB1;PHEX
17,3,anal_pc5_c21_S1.filtered.gene_spectra_score.k_17.dt_0_01.txt,prerank,HALLMARK_MTORC1_SIGNALING,-0.2670061293709949,-1.0915082812619479,0.2647058823529412,0.3696684859510814,0.782741116751269,25/72,18.92%,NUPR1;IFI30;XBP1;PHGDH;IGFBP5;LGMN;MCM2;SERPINH1;HK2;GCLC;TXNRD1;HSPA5;MCM4;SCD;SLC7A11;FGL2;HSP90B1;CDKN1A;RRM2;SLC1A4;PLK1;PLOD2;HMGCR;LDLR;PIK3R3
17,3,anal_pc5_c21_S1.filtered.gene_spectra_score.k_17.dt_0_01.txt,prerank,HALLMARK_HEME_METABOLISM,-0.275738799160989,-1.0878699553690074,0.2830188679245283,0.35735943862080916,0.783756345177665,14/55,11.72%,SELENBP1;CA2;CTSB;BCAM;PDZK1IP1;BLVRB;P4HA2;GCLC;SLC6A8;TENT5C;BMP2K;LMO2;SLC7A11;MBOAT2
17,3,anal_pc5_c21_S1.filtered.gene_spectra_score.k_17.dt_0_01.txt,prerank,HALLMARK_PEROXISOME,-0.3158283117298252,-1.0821994066862681,0.3382352941176471,0.35030413289964535,0.798984771573604,16/32,33.40%,HSD11B2;ALDH1A1;SOD2;SEMA3C;CRABP2;TOP2A;HSD17B11;ACOX1;CAT;NR1I2;CEL;CADM1;DHRS3;STS;SULT2B1;ABCC5
17,3,anal_pc5_c21_S1.filtered.gene_spectra_score.k_17.dt_0_01.txt,prerank,HALLMARK_TGF_BETA_SIGNALING,-0.33720916445346366,-1.080300959882997,0.3561643835616438,0.3368312811453582,0.8010152284263959,13/24,26.64%,CDH1;ID1;ID3;THBS1;TJP1;BMP2;TGIF1;LTBP2;ENG;SMAD1;RAB31;CDKN1C;WWTR1
17,3,anal_pc5_c21_S1.filtered.gene_spectra_score.k_17.dt_0_01.txt,prerank,HALLMARK_APOPTOSIS,0.3735696300111627,1.0748097970723587,0.3609022556390977,0.6412753763533472,1.0,17/79,12.18%,CD2;CASP8;PLCB2;SATB1;DPYD;CD69;FAS;IRF1;PRF1;LEF1;FASLG;ENO2;SLC20A1;CDC25B;CCND2;ISG20;BIRC3
17,3,anal_pc5_c21_S1.filtered.gene_spectra_score.k_17.dt_0_01.txt,prerank,HALLMARK_APICAL_SURFACE,0.40645580772885537,1.0196983913409063,0.45235069885641677,0.7330209373586323,1.0,3/27,4.38%,IL2RG;IL2RB;GATA3
17,3,anal_pc5_c21_S1.filtered.gene_spectra_score.k_17.dt_0_01.txt,prerank,HALLMARK_APICAL_JUNCTION,0.31855615036185003,0.9334399074513031,0.6215644820295984,0.8847522794466691,1.0,6/101,2.64%,EVL;FYB1;TRAF1;PLCG1;PTPRC;RAC2
17,3,anal_pc5_c21_S1.filtered.gene_spectra_score.k_17.dt_0_01.txt,prerank,HALLMARK_HYPOXIA,-0.22295640925056745,-0.9315226126999173,0.7297297297297297,0.6190620578128159,0.9583756345177665,42/111,25.14%,CA12;SELENBP1;NEDD4L;DCN;PKP1;SDC4;GPC1;TGFBI;EFNA1;P4HA2;HK2;ACKR3;VEGFA;COL5A1;HSPA5;SDC3;JUN;GPC3;CAVIN1;BGN;CDKN1A;FOS;HS3ST1;HMOX1;MT2A;PPARGC1A;SCARB1;SDC2;NDRG1;CAV1;ADM;IGFBP3;LOX;CP;CCN2;F3;GPC4;IER3;SLC2A1;CCN1;ERRFI1;CDKN1C
17,3,anal_pc5_c21_S1.filtered.gene_spectra_score.k_17.dt_0_01.txt,prerank,HALLMARK_KRAS_SIGNALING_DN,-0.21788244746801746,-0.9084081600717745,0.676923076923077,0.633515261774813,0.966497461928934,15/78,16.62%,IGFBP2;HSD11B2;SELENOP;TFCP2L1;PKP1;CALML5;AKR1B10;TENT5C;KRT15;SYNPO;SPRR3;GPRC5C;SGK1;SLC6A14;TCL1A
17,3,anal_pc5_c21_S1.filtered.gene_spectra_score.k_17.dt_0_01.txt,prerank,HALLMARK_DNA_REPAIR,0.36972031927023086,0.8820541886474793,0.6448230668414154,0.9286592213512042,1.0,12/22,23.48%,HCLS1;PDE4B;SNAPC4;USP11;POLH;CMPK2;AAAS;AK1;PNP;BRF2;NT5C3A;PDE6G
17,3,anal_pc5_c21_S1.filtered.gene_spectra_score.k_17.dt_0_01.txt,prerank,HALLMARK_SPERMATOGENESIS,0.3203146523023843,0.8240307095396732,0.7294685990338164,0.9703770090219275,1.0,3/36,6.74%,CAMK4;LPIN1;GFI1
17,3,anal_pc5_c21_S1.filtered.gene_spectra_score.k_17.dt_0_01.txt,prerank,HALLMARK_MITOTIC_SPINDLE,0.282336294953178,0.8103977966464742,0.7817204301075269,0.9307095485622104,1.0,9/77,10.16%,ARHGAP4;RAPGEF6;DOCK2;EPB41;BIN1;CNTRL;TIAM1;PREX1;RHOF
17,3,anal_pc5_c21_S1.filtered.gene_spectra_score.k_17.dt_0_01.txt,prerank,HALLMARK_TNFA_SIGNALING_VIA_NFKB,0.26432353764645605,0.7834082929455738,0.8935516888433982,0.913080414097885,1.0,25/150,16.60%,IL7R;TRAF1;CCL5;CD69;GPR183;IRF1;TNFAIP3;SLC16A6;SLC2A3;SMAD3;EHD1;DUSP4;PTGER4;BIRC3;CSF1;TNFRSF9;PDE4B;DUSP2;NFAT5;NFKB2;KLF2;MAP3K8;ZFP36;TNF;PFKFB3
17,3,anal_pc5_c21_S1.filtered.gene_spectra_score.k_17.dt_0_01.txt,prerank,HALLMARK_BILE_ACID_METABOLISM,0.2780367173410411,0.721978400417457,0.8654073199527745,0.930844692540337,1.0,3/37,7.62%,LCK;ABCD2;ABCA2
17,3,anal_pc5_c21_S1.filtered.gene_spectra_score.k_17.dt_0_01.txt,prerank,HALLMARK_UNFOLDED_PROTEIN_RESPONSE,0.288950874439522,0.6868345326232087,0.8677248677248677,0.9139630758200394,1.0,5/23,17.02%,NABP1;ERN1;TSPYL2;DNAJA4;ERO1A
17,4,anal_pc5_c21_S1.filtered.gene_spectra_score.k_17.dt_0_01.txt,prerank,HALLMARK_EPITHELIAL_MESENCHYMAL_TRANSITION,-0.5436942677726061,-2.5100025490157125,0.0,0.0,0.0,98/164,24.04%,IL32;IGFBP4;FBLN1;SPARC;SDC4;MMP14;COL1A2;COL3A1;COL6A2;IGFBP2;LRP1;MMP2;DCN;QSOX1;COL6A3;LUM;TGFBI;TIMP3;THBS1;FSTL1;FUCA1;PFN2;TPM1;RHOB;TIMP1;FN1;CXCL12;SERPINH1;COL1A1;COL4A2;CALD1;JUN;ITGB5;GPC1;ITGA5;COL5A1;HTRA1;THY1;MATN2;COL4A1;VCAN;SLC6A8;PMP22;LAMC1;DPYSL3;SFRP1;ANPEP;GREM1;FBLN5;TPM2;GJA1;COL5A2;MXRA5;THBS2;FBN1;EDIL3;MGP;CDH11;ELN;ECM1;DAB2;CTHRC1;COL16A1;COL5A3;ITGA2;TNC;SLIT3;FBLN2;BGN;LOXL1;LAMA2;MYLK;IGFBP3;VEGFA;CCN2;MYL9;CADM1;SNAI2;PLAUR;DST;ACTA2;PDGFRB;PCOLCE;GADD45A;ID2;NNMT;FMOD;TNFRSF12A;LAMC2;PRRX1;NID2;PDLIM4;ABI3BP;COL12A1;PLOD2;CXCL1;CCN1;MFAP5
17,4,anal_pc5_c21_S1.filtered.gene_spectra_score.k_17.dt_0_01.txt,prerank,HALLMARK_COAGULATION,-0.48605975954162794,-2.0292311516527386,0.0,0.0,0.0,36/79,15.98%,CTSB;SERPINA1;GSN;SPARC;C1R;MMP14;LGMN;LRP1;MMP2;C1QA;C1S;A2M;ANXA1;TIMP3;THBS1;CFB;TIMP1;FN1;PRSS23;SERPING1;HTRA1;ADAM9;PECAM1;CSRP1;CFD;DPP4;CLU;CFH;FBN1;CRIP2;PLAU;C3;THBD;FYN;ITGA2;PLAT
17,4,anal_pc5_c21_S1.filtered.gene_spectra_score.k_17.dt_0_01.txt,prerank,HALLMARK_ESTROGEN_RESPONSE_LATE,-0.4141350014736364,-1.7870309889253386,0.0,0.02483974358974359,0.013078470824949699,51/106,25.20%,AGR2;XBP1;NBL1;TFF3;CA12;CDH1;SERPINA1;CKB;IGFBP4;CXCL14;CA2;KLF4;KRT19;MDK;TJP3;FOS;BLVRB;CXCL12;SCNN1A;PRSS23;UGDH;SLC26A2;ASS1;TOB1;SLC1A4;CPE;LLGL2;MYB;CAV1;CISH;SLC16A1;RAPGEFL1;KLK11;KCNK5;KLK10;HR;CLIC3;FLNB;OVOL2;FABP5;SLC29A1;ID2;SGK1;TIAM1;LAMC2;TSPAN13;SULT2B1;SLC7A5;TFPI2;CDC20;OLFM1
17,4,anal_pc5_c21_S1.filtered.gene_spectra_score.k_17.dt_0_01.txt,prerank,HALLMARK_ANGIOGENESIS,-0.5138327269019193,-1.6841377709903689,0.008771929824561403,0.05159023668639053,0.03420523138832998,18/29,27.14%,COL3A1;LUM;FSTL1;JAG1;TIMP1;S100A4;TNFRSF21;VCAN;NRP1;COL5A2;THBD;CCND2;VEGFA;SLCO2A1;PDGFA;FGFR1;SPP1;POSTN
17,4,anal_pc5_c21_S1.filtered.gene_spectra_score.k_17.dt_0_01.txt,prerank,HALLMARK_UNFOLDED_PROTEIN_RESPONSE,-0.5444547667188633,-1.6817458249566628,0.011904761904761904,0.04127218934911243,0.03420523138832998,16/23,26.86%,XBP1;HSP90B1;HSPA5;SLC1A4;ERN1;DNAJB9;DDIT4;SHC1;CCL2;VEGFA;CEBPB;SLC7A5;ERO1A;HERPUD1;TUBB2A;CHAC1
17,4,anal_pc5_c21_S1.filtered.gene_spectra_score.k_17.dt_0_01.txt,prerank,HALLMARK_APICAL_JUNCTION,-0.3872177460306264,-1.67159975264122,0.0,0.03917036489151874,0.039235412474849095,38/101,18.12%,CLDN7;CDH1;CLDN4;ITGB4;PCDH1;FYB1;MMP2;ADAM15;MDK;WNK4;TGFBI;LAMB3;CD276;THY1;ADAM9;TSPAN4;CD209;PECAM1;CERCAM;VCAN;COL17A1;ITGA3;ITGA9;SDC3;TJP1;FBN1;MPZL2;CDH11;SHC1;COL16A1;CLDN5;ITGA2;NLGN2;CDH3;VWF;PIK3R3;MMP9;MYL9
17,4,anal_pc5_c21_S1.filtered.gene_spectra_score.k_17.dt_0_01.txt,prerank,HALLMARK_ESTROGEN_RESPONSE_EARLY,-0.37464315715928714,-1.648518162438868,0.0,0.04012573964497041,0.047283702213279676,49/118,19.80%,KRT8;CLDN7;XBP1;NBL1;TFF3;CA12;MUC1;ELF3;IGFBP4;MLPH;KLF4;KRT19;HES1;TJP3;FOS;BLVRB;TTC39A;CXCL12;SCNN1A;PRSS23;SLC26A2;ESRP2;TOB1;SLC1A4;BCL11B;AQP3;DHRS3;FHL2;MYB;GJA1;RASGRP1;CISH;OLFML3;SLC16A1;LAD1;LRIG1;RAPGEFL1;FASN;KCNK5;KLK10;KRT15;HR;DLC1;AKAP1;KAZN;CLIC3;ZNF185;FLNB;OVOL2
17,4,anal_pc5_c21_S1.filtered.gene_spectra_score.k_17.dt_0_01.txt,prerank,HALLMARK_APOPTOSIS,-0.38515606319859624,-1.6214341788210973,0.0,0.041558801775147924,0.05432595573440644,35/79,21.38%,LGALS3;CD2;GSN;MMP2;CD14;DCN;TIMP2;ANXA1;LUM;TIMP3;ERBB3;ERBB2;IFITM3;RHOB;TIMP1;EMP1;JUN;SOD2;TNFSF10;CAV1;CLU;IER3;HMGB2;PRF1;HMOX1;BMP2;CCND2;PLAT;BGN;GPX3;PDGFRB;GADD45A;LEF1;TNFRSF12A;CDKN1A
17,4,anal_pc5_c21_S1.filtered.gene_spectra_score.k_17.dt_0_01.txt,prerank,HALLMARK_UV_RESPONSE_DN,-0.39932876542039986,-1.5920562566879481,0.011904761904761904,0.043310322156476,0.06438631790744467,46/69,28.30%,COL1A2;COL3A1;MGLL;ID1;ERBB2;EFEMP1;IGFBP5;COL1A1;PPARG;DUSP1;NFIB;PMP22;LAMC1;FHL2;TJP1;PLCB4;CAV1;CITED2;NRP1;TFPI;FBLN5;GJA1;COL5A2;LDLR;SDC2;KIT;DAB2;MAP1B;FYN;PIK3R3;ADGRL2;PTPRM;DLC1;SNAI2;SLC7A1;PDGFRB;F3;ICA1;CCN1;PDLIM5;LPAR1;TGFBR3;RBPMS;HAS2;LTBP1;KALRN
17,4,anal_pc5_c21_S1.filtered.gene_spectra_score.k_17.dt_0_01.txt,prerank,HALLMARK_GLYCOLYSIS,-0.3965284340009293,-1.579881618751148,0.0,0.04184541420118343,0.06841046277665996,26/67,18.84%,TFF3;ELF3;B3GNT3;DCN;QSOX1;HSPA5;TGFBI;CHPF;HK2;DSC2;GPC1;COL5A1;VCAN;SDC3;CITED2;PAM;DDIT4;SDC2;IER3;P4HA2;GPC3;ME1;IGFBP3;VEGFA;EGLN3;GCLC
17,4,anal_pc5_c21_S1.filtered.gene_spectra_score.k_17.dt_0_01.txt,prerank,HALLMARK_CHOLESTEROL_HOMEOSTASIS,-0.45450712820937933,-1.544968079945223,0.025906735751295335,0.0495057826788596,0.08853118712273642,16/35,21.26%,LGALS3;LGMN;MAL2;JAG1;PPARG;CLU;NFIL3;LDLR;FASN;FADS2;CXCL16;SCD;PLAUR;FABP5;MVK;TNFRSF12A
17,4,anal_pc5_c21_S1.filtered.gene_spectra_score.k_17.dt_0_01.txt,prerank,HALLMARK_UV_RESPONSE_UP,-0.403270591867427,-1.5431488107523375,0.0,0.04729105029585799,0.0925553319919517,23/66,16.26%,EPCAM;MAOA;CA2;MMP14;IGFBP2;EPHX1;CREG1;FOS;RHOB;RAB27A;DNAJB1;SOD2;AQP3;SLC6A8;HYAL2;CDKN2B;RASGRP1;FOSB;PTPRD;HMOX1;BMP2;HSPA2;CYB5R1
17,4,anal_pc5_c21_S1.filtered.gene_spectra_score.k_17.dt_0_01.txt,prerank,HALLMARK_INTERFERON_ALPHA_RESPONSE,0.5783170661571841,1.5365215423261962,0.011376564277588168,0.15630182421227198,0.352,18/50,16.00%,SP110;PARP14;CD74;SELL;IL7;SAMD9L;IRF7;TRIM5;IFI30;ISG20;TRIM25;PSMB9;LAMP3;IFIH1;IRF1;SAMD9;CASP8;MX1
17,4,anal_pc5_c21_S1.filtered.gene_spectra_score.k_17.dt_0_01.txt,prerank,HALLMARK_P53_PATHWAY,-0.3653853661734078,-1.5178338552359063,0.0,0.05159023668639053,0.1096579476861167,41/89,24.08%,NUPR1;GPX2;ITGB4;CTSD;KLF4;EPHX1;SERPINB5;FOS;FUCA1;KRT17;TP63;S100A4;CDKN2A;CLCA2;AK1;JUN;TM4SF1;TOB1;EPS8L2;VWA5A;NDRG1;CDKN2B;EPHA2;SPHK1;DDIT4;PITPNC1;IER3;HMOX1;BMP2;CCND2;TSC22D1;NINJ1;CEBPA;SLC7A11;GADD45A;MAPKAPK3;CDKN1A;CDH13;PDGFA;TCN2;MXD1
17,4,anal_pc5_c21_S1.filtered.gene_spectra_score.k_17.dt_0_01.txt,prerank,HALLMARK_INTERFERON_GAMMA_RESPONSE,0.537836117794706,1.5098494067066004,0.006263048016701462,0.10493107379767827,0.446,37/111,16.00%,BANK1;CIITA;CD40;IRF8;SP110;PTPN6;PARP14;CD74;GPR18;ST8SIA4;IL7;IL18BP;SAMD9L;NLRC5;ARID5B;IL6;CD86;IRF7;ST3GAL5;CD38;XAF1;NOD1;IFI30;ISG20;TRIM25;MX2;OAS2;PSMB9;JAK2;IFIH1;ITGB7;IRF1;RAPGEF6;PDE4B;SOCS1;CASP8;MX1
17,4,anal_pc5_c21_S1.filtered.gene_spectra_score.k_17.dt_0_01.txt,prerank,HALLMARK_ADIPOGENESIS,-0.41293886068560726,-1.4976642979693449,0.014492753623188406,0.058141377852916315,0.12977867203219315,24/51,21.08%,MGLL;APOE;LAMA4;TOB1;PPARG;CAVIN1;DNAJB9;COL4A1;ACAA2;COL15A1;CD36;SPARCL1;ITIH5;PHLDB1;C3;CDKN2C;ME1;MYLK;ACOX1;GPX3;CAVIN2;FZD4;GADD45A;ENPP2
17,4,anal_pc5_c21_S1.filtered.gene_spectra_score.k_17.dt_0_01.txt,prerank,HALLMARK_ALLOGRAFT_REJECTION,0.5281103426872044,1.493796819430264,0.005197505197505198,0.08421434494195687,0.502,32/121,11.04%,CD40;IRF8;PRKCB;TLR6;PTPN6;LY86;CD1D;CD79A;LTB;CD74;FCGR2B;MAP4K1;TLR1;IL16;LYN;NCF4;HDAC9;CD80;ST8SIA4;IL7;SPI1;PTPRC;IL6;CD86;IRF7;FGR;LY75;SOCS5;GPR65;HCLS1;TNF;WAS
17,4,anal_pc5_c21_S1.filtered.gene_spectra_score.k_17.dt_0_01.txt,prerank,HALLMARK_MYOGENESIS,-0.32505495127358786,-1.4649116856829771,0.0,0.06840483234714004,0.16096579476861167,46/112,27.32%,CKB;GSN;SPARC;ITGB4;COL3A1;COL6A2;COL6A3;ERBB3;NQO1;COL1A1;IGFBP7;COL4A2;AK1;ITGB5;CNN3;MYH11;SLC6A8;CFD;SOD3;COL15A1;CD36;VIPR1;CLU;TPM2;SPHK1;CRYAB;EPHB3;LAMA2;MYLK;SCD;IGFBP3;GPX3;WWTR1;IGF1;KIFC3;MB;CDKN1A;CDH13;NCAM1;SVIL;SORBS3;FHL1;MAPRE3;TEAD4;SMTN;BDKRB2
17,4,anal_pc5_c21_S1.filtered.gene_spectra_score.k_17.dt_0_01.txt,prerank,HALLMARK_TGF_BETA_SIGNALING,-0.471202065689625,-1.4566598275815448,0.043668122270742356,0.06699565458579883,0.16700201207243462,14/24,28.14%,CDH1;ID1;THBS1;ENG;TJP1;LTBP2;BMP2;SMAD1;ID3;WWTR1;ID2;FURIN;TGIF1;CDKN1C
17,4,anal_pc5_c21_S1.filtered.gene_spectra_score.k_17.dt_0_01.txt,prerank,HALLMARK_XENOBIOTIC_METABOLISM,-0.35397287709031516,-1.4364124632142745,0.012345679012345678,0.07384484859032371,0.19517102615694165,32/80,20.72%,IGFBP4;MAOA;FBLN1;TMEM176B;CA2;AKR1C3;APOE;EPHX1;ABCC3;MAN1A1;NQO1;BLVRB;CFB;NDRG2;ALDH3A1;UGDH;BCAR1;AKR1C2;PTGDS;CES1;CD36;MT2A;EPHA2;HMOX1;IL1R1;PTGR1;ACOX1;NINJ1;GCLC;IGF1;ID2;CYB5A
17,4,anal_pc5_c21_S1.filtered.gene_spectra_score.k_17.dt_0_01.txt,prerank,HALLMARK_APICAL_SURFACE,-0.4216106551439365,-1.3492152869498433,0.06666666666666667,0.1245171761998685,0.3158953722334004,13/27,20.84%,ATP8B1;IL2RB;THY1;SULF2;GSTM3;MAL;GATA3;AKAP7;RHCG;PLAUR;SRPX;LYPD3;EPHB4
17,4,anal_pc5_c21_S1.filtered.gene_spectra_score.k_17.dt_0_01.txt,prerank,HALLMARK_FATTY_ACID_METABOLISM,-0.3798194579049442,-1.3426657760210425,0.06707317073170732,0.12339419184054812,0.32595573440643866,18/44,17.76%,MAOA;GLUL;CA2;ALDH1A1;MGLL;EPHX1;ALDH3A1;UGDH;ACAA2;HPGD;HSD17B11;CD36;CA4;FASN;CBR3;ME1;ACOX1;CEL
17,4,anal_pc5_c21_S1.filtered.gene_spectra_score.k_17.dt_0_01.txt,prerank,HALLMARK_HYPOXIA,-0.3010239695191466,-1.2823202022909235,0.08823529411764706,0.16910133136094677,0.43561368209255535,44/111,21.38%,CA12;SELENBP1;SDC4;DCN;HSPA5;TGFBI;FOS;S100A4;HK2;JUN;GPC1;CAVIN1;DUSP1;PKP1;COL5A1;EFNA1;SDC3;ACKR3;RORA;PIM1;MT2A;NDRG1;CAV1;CITED2;PAM;NFIL3;DDIT4;SDC2;PPARGC1A;IER3;HMOX1;P4HA2;GPC3;BGN;IGFBP3;VEGFA;CCN2;PLAUR;AKAP12;LXN;SRPX;F3;TMEM45A;CDKN1A
17,4,anal_pc5_c21_S1.filtered.gene_spectra_score.k_17.dt_0_01.txt,prerank,HALLMARK_PEROXISOME,-0.384462704323541,-1.279489357748648,0.1024390243902439,0.16432445759368838,0.44466800804828976,13/32,23.56%,HSD11B2;ALDH1A1;SOD2;DHRS3;HSD17B11;CRABP2;SEMA3C;ACOX1;CEL;CADM1;SULT2B1;NR1I2;ABCB1
17,4,anal_pc5_c21_S1.filtered.gene_spectra_score.k_17.dt_0_01.txt,prerank,HALLMARK_HEDGEHOG_SIGNALING,-0.4434690336270547,-1.2498740267059214,0.1757188498402556,0.1818686121570737,0.4959758551307847,10/17,31.98%,ADGRG1;DPYSL2;THY1;NRP1;VEGFA;NRCAM;UNC5C;HEY1;RTN1;CRMP1
17,4,anal_pc5_c21_S1.filtered.gene_spectra_score.k_17.dt_0_01.txt,prerank,HALLMARK_PI3K_AKT_MTOR_SIGNALING,0.5055074897296266,1.2300443018723033,0.21625,0.5640676824212272,0.998,10/32,19.72%,PRKCB;CXCR4;DAPP1;ITPR2;NOD1;VAV3;PPP2R1B;MKNK1;MKNK2;SLC2A1
17,4,anal_pc5_c21_S1.filtered.gene_spectra_score.k_17.dt_0_01.txt,prerank,HALLMARK_BILE_ACID_METABOLISM,-0.34571534849360536,-1.1917623693984603,0.15577889447236182,0.2330283637766915,0.5955734406438632,14/37,23.50%,ALDH1A1;TFCP2L1;SULT1B1;RBP1;LCK;HSD17B11;BMP6;FADS2;ABCA8;SLC29A1;CYP27A1;CYP7B1;SULT2B1;NR1I2
17,4,anal_pc5_c21_S1.filtered.gene_spectra_score.k_17.dt_0_01.txt,prerank,HALLMARK_COMPLEMENT,-0.26546387607896266,-1.1436433349207886,0.047619047619047616,0.29162814349112426,0.6971830985915493,47/122,18.48%,LGALS3;CTSB;SERPINA1;CA2;C1R;CTSD;MMP14;LGMN;LRP1;C1QA;TIMP2;C1S;HSPA5;KLK1;C1QC;CFB;TIMP1;FN1;CTSC;LCP2;CCL5;SERPING1;COL4A2;CTSL;ADAM9;SPOCK2;CSRP1;LCK;PRSS3;CD36;PIM1;DPP4;CLU;CFH;CD40LG;RASGRP1;FCER1G;C3;FYN;PLAT;GZMA;ME1;GATA3;PLA2G7;HSPA1A;CEBPB;GZMK
17,4,anal_pc5_c21_S1.filtered.gene_spectra_score.k_17.dt_0_01.txt,prerank,HALLMARK_ANDROGEN_RESPONSE,-0.3245974968000396,-1.135878698247619,0.20512820512820512,0.2914275147928994,0.716297786720322,17/41,20.54%,KRT8;SELENOP;KRT19;MAF;DBI;SLC26A2;DNAJB9;HPGD;IQGAP2;NDRG1;STK39;TSC22D1;SCD;PLPP1;ADAMTS1;AKAP12;SGK1
17,4,anal_pc5_c21_S1.filtered.gene_spectra_score.k_17.dt_0_01.txt,prerank,HALLMARK_MITOTIC_SPINDLE,0.3999160646023581,1.1055226557000524,0.34513274336283184,0.8610074626865671,1.0,17/77,17.20%,DOCK2;CNTRL;ARHGAP4;TRIO;ARHGAP27;ARHGEF2;BIN1;CCDC88A;PREX1;PIF1;RAPGEF6;KIF20B;KIF22;EPB41;NEDD9;KNTC1;RAPGEF5
17,4,anal_pc5_c21_S1.filtered.gene_spectra_score.k_17.dt_0_01.txt,prerank,HALLMARK_MTORC1_SIGNALING,-0.2710791878508797,-1.0981540903116966,0.25287356321839083,0.3357774806554392,0.7766599597585513,30/72,23.98%,NUPR1;XBP1;HSP90B1;LGMN;HSPA5;CTSC;IGFBP5;SERPINH1;HK2;MCM2;SYTL2;PHGDH;SLC1A4;NFIL3;DDIT4;LDLR;FADS2;SDF2L1;ME1;SCD;TXNRD1;PIK3R3;EGLN3;GCLC;SLC7A11;CDKN1A;PLOD2;MCM4;SLC7A5;ERO1A
17,4,anal_pc5_c21_S1.filtered.gene_spectra_score.k_17.dt_0_01.txt,prerank,HALLMARK_KRAS_SIGNALING_UP,0.35413299736912635,1.0003425650795985,0.5041152263374485,1.0,1.0,12/131,6.32%,CD37;IRF8;LAT2;CXCR4;DOCK2;KCNN4;MAP4K1;LAPTM5;BIRC3;ADAM8;HDAC9;IKZF1
17,4,anal_pc5_c21_S1.filtered.gene_spectra_score.k_17.dt_0_01.txt,prerank,HALLMARK_WNT_BETA_CATENIN_SIGNALING,-0.37245013572206315,-0.9976132918930456,0.4684385382059801,0.5118685623493316,0.8883299798792756,6/15,29.96%,JAG1;CCND2;LEF1;DLL1;HEY1;TCF7
17,4,anal_pc5_c21_S1.filtered.gene_spectra_score.k_17.dt_0_01.txt,prerank,HALLMARK_REACTIVE_OXYGEN_SPECIES_PATHWAY,-0.34665348427454146,-0.9798882547331862,0.47653429602888087,0.537603021978022,0.9024144869215291,9/19,18.84%,MGST1;FTL;PRDX4;NQO1;SOD2;IPCEF1;TXNRD1;GPX3;GCLC
17,4,anal_pc5_c21_S1.filtered.gene_spectra_score.k_17.dt_0_01.txt,prerank,HALLMARK_IL2_STAT5_SIGNALING,0.3429923082504022,0.971463681491376,0.5628865979381443,1.0,1.0,18/127,10.00%,IRF8;CD79B;ADAM19;LTB;SWAP70;SELL;CD83;BCL2;RHOH;CAPN3;CD86;COCH;AGER;MAP3K8;GPR65;TLR7;PHTF2;NFKBIZ
17,4,anal_pc5_c21_S1.filtered.gene_spectra_score.k_17.dt_0_01.txt,prerank,HALLMARK_DNA_REPAIR,0.40394471018431294,0.936224776323002,0.5710382513661202,0.9624857483416253,1.0,7/22,15.18%,POLH;SNAPC4;HCLS1;LIG1;NT5C3A;POLA1;PDE4B
17,4,anal_pc5_c21_S1.filtered.gene_spectra_score.k_17.dt_0_01.txt,prerank,HALLMARK_HEME_METABOLISM,-0.2460743392529593,-0.9315010436946416,0.5583333333333333,0.6299543460518262,0.9446680080482898,13/55,14.88%,CTSB;SELENBP1;CA2;BCAM;BLVRB;TENT5C;AQP3;SLC6A8;PDZK1IP1;DMTN;KLF3;C3;P4HA2
17,4,anal_pc5_c21_S1.filtered.gene_spectra_score.k_17.dt_0_01.txt,prerank,HALLMARK_TNFA_SIGNALING_VIA_NFKB,0.31960886260655674,0.9184576423821761,0.6513761467889908,0.8943937718813341,1.0,21/150,11.18%,REL;SLC2A6;CD83;NFKB2;BIRC3;KYNU;CD80;NFKBIE;SMAD3;BCL2A1;IER5;IL6;PLEK;EHD1;NFAT5;CLCF1;MAP3K8;BTG2;TNF;KDM6B;PFKFB3
17,4,anal_pc5_c21_S1.filtered.gene_spectra_score.k_17.dt_0_01.txt,prerank,HALLMARK_E2F_TARGETS,-0.2325413252581355,-0.9033003159479713,0.7596153846153846,0.6720106015779093,0.959758551307847,17/54,29.92%,PRDX4;CDKN2A;MCM2;HMGB2;CDKN2C;TK1;MCM6;CDKN1A;PTTG1;MCM4;KPNA2;CDC20;CDK1;MKI67;CKS2;LMNB1;CDC25B
17,4,anal_pc5_c21_S1.filtered.gene_spectra_score.k_17.dt_0_01.txt,prerank,HALLMARK_IL6_JAK_STAT3_SIGNALING,0.32078566206470727,0.8372995866622581,0.7220259128386337,0.9579213308457711,1.0,16/53,19.38%,LTB;ITGA4;IL7;IL6;MAP3K8;CD38;TNF;IL12RB1;CCR1;IRF1;PIK3R5;SOCS1;EBI3;CSF2RA;STAT1;IL2RA
17,4,anal_pc5_c21_S1.filtered.gene_spectra_score.k_17.dt_0_01.txt,prerank,HALLMARK_INFLAMMATORY_RESPONSE,0.2797252174602522,0.7918102430826982,0.8254132231404959,0.9391889981908639,1.0,26/141,17.50%,CD40;CYBB;SELL;TLR1;LYN;GPR132;IL6;GABBR1;IRF7;BTG2;CD55;CCR7;RNF144B;CD48;LAMP3;CD70;GPR183;SEMA4D;IRF1;PDE4B;PIK3R5;IL1A;PTAFR;ICAM1;LTA;EBI3
17,4,anal_pc5_c21_S1.filtered.gene_spectra_score.k_17.dt_0_01.txt,prerank,HALLMARK_KRAS_SIGNALING_DN,0.25542748058182047,0.7010452843912023,0.8958109559613319,0.9643103924820342,1.0,5/78,5.66%,TCL1A;CD80;STAG3;SLC12A3;MAST3
17,4,anal_pc5_c21_S1.filtered.gene_spectra_score.k_17.dt_0_01.txt,prerank,HALLMARK_G2M_CHECKPOINT,-0.15518459712328123,-0.627200022166933,0.9876543209876543,0.9774408284023669,0.9979879275653923,25/68,39.60%,MCM2;SLC12A2;MT2A;CDKN2C;SLC7A1;MCM6;PTTG1;SLC7A5;KPNA2;TPX2;CDC20;ODC1;CDK1;MEIS1;MKI67;CKS2;LMNB1;CDC25B;CCND1;TOP2A;MEIS2;EFNA5;HMMR;PLK1;CENPA
17,4,anal_pc5_c21_S1.filtered.gene_spectra_score.k_17.dt_0_01.txt,prerank,HALLMARK_SPERMATOGENESIS,0.20603808561843864,0.513985796155946,0.9889705882352942,0.9916563018242123,1.0,2/36,6.22%,SLC2A5;LPIN1
17,5,anal_pc5_c21_S1.filtered.gene_spectra_score.k_17.dt_0_01.txt,prerank,HALLMARK_ALLOGRAFT_REJECTION,0.8072598919787605,2.3083888804837884,0.0,0.0,0.0,61/121,10.82%,CCL5;CD3E;GZMA;CD8A;CD2;CCR5;CD3D;IL2RB;PRF1;ITGAL;SRGN;CD247;CD96;IL2RG;CD7;ZAP70;FASLG;CD3G;FYB1;ETS1;CD28;LCK;CCL4;ITGB2;LCP2;PTPRC;CXCR3;HCLS1;STAT4;ITK;GZMB;IL12RB1;CD4;SIT1;KLRD1;IL16;GBP2;TRAT1;LTB;WAS;IL2RA;CRTAM;MAP4K1;TNF;IFNG;IL27RA;IL18RAP;ST8SIA4;CD40LG;FLNA;PTPN6;SOCS1;FGR;CCND2;CCND3;NCR1;IL10;CSF1;PRKCB;GPR65;STAT1
17,5,anal_pc5_c21_S1.filtered.gene_spectra_score.k_17.dt_0_01.txt,prerank,HALLMARK_INTERFERON_GAMMA_RESPONSE,0.6370849772039756,1.8123452356182268,0.0,0.002103896103896104,0.006,47/111,17.06%,CCL5;GZMA;IL2RB;KLRK1;LCP2;IL10RA;CD69;STAT4;RNF213;NLRC5;SAMHD1;EIF4E3;ITGB7;IFITM2;ST8SIA4;IRF1;PSMB9;OASL;CASP8;TNFAIP3;PTPN6;SOCS1;RAPGEF6;TRIM14;PIM1;ZBP1;SLAMF7;ISG20;UBE2L6;OAS2;GBP4;STAT1;NFKBIA;SAMD9L;GPR18;PFKP;FAS;HELZ2;ISG15;RSAD2;PDE4B;UPP1;OAS3;ST3GAL5;SP110;MX1;CD274
17,5,anal_pc5_c21_S1.filtered.gene_spectra_score.k_17.dt_0_01.txt,prerank,HALLMARK_IL2_STAT5_SIGNALING,0.6132787014313812,1.7902192987019894,0.0,0.0018701298701298704,0.008,45/127,12.24%,CST7;IL2RB;EOMES;TNFRSF1B;CCR4;TRAF1;IL10RA;CTLA4;ICOS;RORA;CD48;TNFRSF18;PRKCH;LTB;CISH;IL2RA;SELL;BATF;CDC42SE2;TNFRSF4;TNFRSF9;FLT3LG;RHOH;SYT11;SOCS1;HOPX;GLIPR2;PHTF2;CSF2;SLC2A3;PIM1;CCND2;CCND3;IL10;CSF1;IKZF2;GBP4;GPR65;IL18R1;TIAM1;PTGER2;FURIN;TNFRSF8;BCL2;MAP3K8
17,5,anal_pc5_c21_S1.filtered.gene_spectra_score.k_17.dt_0_01.txt,prerank,HALLMARK_COMPLEMENT,0.5928166895558392,1.7038513829947584,0.0,0.007012987012987013,0.037,26/122,8.32%,CCL5;GZMA;GZMK;SPOCK2;RASGRP1;FYN;LCK;LCP2;APOBEC3G;GZMB;GNG2;WAS;CTSC;CBLB;F5;GATA3;DOCK10;IRF1;PSMB9;CD40LG;EHD1;GNGT2;TNFAIP3;PIK3R5;PIM1;PLEK
17,5,anal_pc5_c21_S1.filtered.gene_spectra_score.k_17.dt_0_01.txt,prerank,HALLMARK_IL6_JAK_STAT3_SIGNALING,0.623425415985964,1.6852251550209543,0.0011507479861910242,0.007293506493506494,0.048,19/53,12.24%,IL2RG;TNFRSF1B;IL12RB1;LTB;IL2RA;TNF;IL9R;ITGA4;IRF1;PIK3R5;SOCS1;CSF2;PIM1;IL17RA;CSF1;STAT1;IL18R1;IL1R1;MAP3K8
17,5,anal_pc5_c21_S1.filtered.gene_spectra_score.k_17.dt_0_01.txt,prerank,HALLMARK_PI3K_AKT_MTOR_SIGNALING,0.6516150914291765,1.621460269674821,0.01256281407035176,0.017883116883116886,0.137,11/32,12.22%,IL2RG;SLA;FASLG;LCK;PLCG1;CAMK4;MAP2K3;PRKCB;CXCR4;TIAM1;MKNK2
17,5,anal_pc5_c21_S1.filtered.gene_spectra_score.k_17.dt_0_01.txt,prerank,HALLMARK_INTERFERON_ALPHA_RESPONSE,0.6056274988120645,1.5958707377670067,0.009313154831199068,0.022441558441558443,0.195,25/50,20.06%,GBP2;SELL;IFITM2;IRF1;PSMB9;OASL;CASP8;TRIM14;ISG20;LPAR6;UBE2L6;CSF1;GBP4;SAMD9;SAMD9L;HELZ2;ISG15;RSAD2;SP110;MX1;LAMP3;NUB1;EPSTI1;HERC6;OAS1
17,5,anal_pc5_c21_S1.filtered.gene_spectra_score.k_17.dt_0_01.txt,prerank,HALLMARK_INFLAMMATORY_RESPONSE,0.5426346297905307,1.5758614668268995,0.0,0.025772727272727274,0.248,35/141,11.74%,CCL5;IL2RB;CXCR6;TNFRSF1B;RASGRP1;LCK;LCP2;IL10RA;CD69;CD48;IL7R;SLAMF1;SELL;EMP3;TNFRSF9;IL18RAP;GPR132;IRF1;NMUR1;SEMA4D;GPR183;PIK3R5;CCR7;KCNA3;ITGA5;IL10;RGS1;CSF1;IL18R1;P2RX7;NFKBIA;PTGER4;IL1R1;LTA;PTGER2
17,5,anal_pc5_c21_S1.filtered.gene_spectra_score.k_17.dt_0_01.txt,prerank,HALLMARK_COAGULATION,-0.34944943397875505,-1.479014817216749,0.023809523809523808,0.5841818181818182,0.17051153460381144,40/79,30.80%,LRP1;THBS1;A2M;MMP14;SERPINA1;C1R;C1S;LGMN;ITGA2;CTSH;CFH;BMP1;DUSP6;ITGB3;FN1;MMP2;GDA;TFPI2;CFB;FBN1;SH2B2;F3;THBD;PRSS23;SERPINE1;PLAU;C2;C3;VWF;ADAM9;PLAT;CTSK;LTA4H;SERPING1;HPN;F10;CFI;SPARC;TIMP3;RAPGEF3
17,5,anal_pc5_c21_S1.filtered.gene_spectra_score.k_17.dt_0_01.txt,prerank,HALLMARK_MYOGENESIS,-0.3284042764708541,-1.4448290940208535,0.0,0.35390909090909095,0.2046138415245737,58/112,36.44%,ERBB3;AK1;ITGB4;COL6A3;VIPR1;COL3A1;COL4A2;AEBP1;EPHB3;COL6A2;MEF2C;EFS;COL1A1;IGFBP7;SVIL;SMTN;CKB;BDKRB2;ITGB5;CD36;DMD;SOD3;NAV2;COL15A1;DTNA;IGFBP3;SORBS1;CDH13;FHL1;ACHE;HBEGF;ITGA7;LAMA2;KIFC3;IFRD1;TNNI2;MAPK12;SPEG;MAPRE3;IGF1;PDLIM7;TEAD4;SPARC;GAA;SLC6A8;ATP2A1;MYLK;SPHK1;LDB3;CACNA1H;KCNH1;MYH3;GJA5;FST;PFKM;APLNR;TNNT3;CDKN1A
17,5,anal_pc5_c21_S1.filtered.gene_spectra_score.k_17.dt_0_01.txt,prerank,HALLMARK_UV_RESPONSE_DN,-0.35319203003006033,-1.4251386248981035,0.02830188679245283,0.27818181818181814,0.23570712136409228,41/69,25.32%,PPARG;PLPP3;MGLL;ERBB2;COL5A2;DUSP1;ID1;COL3A1;DAB2;NRP1;LPAR1;TJP1;ICA1;ADGRL2;COL1A2;PLCB4;LAMC1;COL1A1;PMP22;KCNMA1;FHL2;RBPMS;FBLN5;DLC1;ITGB3;INPP4B;RND3;NFIB;PDLIM5;VAV2;PDGFRB;KALRN;F3;SERPINE1;CCN1;KIT;PTGFR;GJA1;LTBP1;MET;HAS2
17,5,anal_pc5_c21_S1.filtered.gene_spectra_score.k_17.dt_0_01.txt,prerank,HALLMARK_EPITHELIAL_MESENCHYMAL_TRANSITION,-0.31127160132693726,-1.4237110343732569,0.0,0.2094090909090909,0.23671013039117353,70/164,24.12%,LRP1;TPM1;SAT1;DST;VEGFA;THBS1;COL5A2;QSOX1;COL7A1;COL16A1;NT5E;COL6A3;CXCL12;EDIL3;COL3A1;COL4A2;DAB2;MMP14;CDH11;COL1A2;COL4A1;PVR;COL6A2;LAMC1;MATN2;FBLN1;COL1A1;NID2;ABI3BP;ITGA2;PMP22;CALD1;FUCA1;FBLN5;BMP1;LAMA3;ITGB3;GPC1;FN1;MXRA5;MMP2;VCAN;ITGB5;RHOB;TFPI2;FBN1;TGFBI;ANPEP;LOX;FSTL1;ELN;LUM;PDGFRB;IGFBP3;PCOLCE;DCN;SERPINE1;PMEPA1;JUN;SPP1;CCN1;COL5A1;PLOD2;CXCL1;FBLN2;CCN2;VEGFC;LAMA2;NNMT;GJA1
17,5,anal_pc5_c21_S1.filtered.gene_spectra_score.k_17.dt_0_01.txt,prerank,HALLMARK_APOPTOSIS,0.5101477013405036,1.4007749652478991,0.0407725321888412,0.14610389610389612,0.818,21/79,14.62%,CD2;PRF1;FASLG;CD69;TNF;PLCB2;IRF1;CASP8;TGFBR3;CCND2;CDC25B;ISG20;EGR3;DPYD;BIRC3;SLC20A1;SATB1;HMGB2;ANXA1;FAS;LEF1
17,5,anal_pc5_c21_S1.filtered.gene_spectra_score.k_17.dt_0_01.txt,prerank,HALLMARK_ESTROGEN_RESPONSE_EARLY,-0.3194586816875735,-1.3998976003009072,0.024390243902439025,0.19163636363636363,0.26479438314944836,31/118,11.70%,ELF3;CLDN7;FOS;MLPH;AKAP1;MUC1;RAPGEFL1;ESRP2;CA12;SCNN1A;XBP1;TJP3;KLF4;MYB;TTC39A;CXCL12;FLNB;TFF3;SLC26A2;RHOBTB3;OVOL2;HES1;SCARB1;FARP1;SVIL;FHL2;KAZN;KRT15;P2RY2;LAD1;DLC1
17,5,anal_pc5_c21_S1.filtered.gene_spectra_score.k_17.dt_0_01.txt,prerank,HALLMARK_ANGIOGENESIS,-0.41167969345221656,-1.3953157674292296,0.06422018348623854,0.16175757575757574,0.2678034102306921,15/29,21.00%,JAG1;VEGFA;COL5A2;COL3A1;NRP1;PDGFA;VCAN;TNFRSF21;FSTL1;FGFR1;LUM;VAV2;SLCO2A1;THBD;SPP1
17,5,anal_pc5_c21_S1.filtered.gene_spectra_score.k_17.dt_0_01.txt,prerank,HALLMARK_ADIPOGENESIS,-0.3570134452493238,-1.3755001606906,0.032679738562091505,0.15498701298701298,0.2958876629889669,25/51,30.06%,PPARG;MGLL;ABCA1;PHLDB1;COL4A1;SCARB1;ITIH5;ITSN1;LAMA4;CD36;COL15A1;SPARCL1;SULT1A1;ENPP2;SORBS1;LIFR;CYP4B1;C3;ITGA7;FZD4;SNCG;APOE;ME1;FABP4;LTC4S
17,5,anal_pc5_c21_S1.filtered.gene_spectra_score.k_17.dt_0_01.txt,prerank,HALLMARK_MTORC1_SIGNALING,0.49759578580183056,1.3685114152234665,0.059734513274336286,0.17623636363636366,0.885,27/72,20.62%,CORO1A;SLA;ITGB2;CTSC;NIBAN1;ELOVL5;DDIT4;SLC2A3;SLC7A5;TUBA4A;MAP2K3;ERO1A;CXCR4;FADS2;PHGDH;SLC2A1;SLC6A6;MCM2;CFP;BCAT1;TFRC;BTG2;TRIB3;NAMPT;GLRX;INSIG1;AURKA
17,5,anal_pc5_c21_S1.filtered.gene_spectra_score.k_17.dt_0_01.txt,prerank,HALLMARK_ESTROGEN_RESPONSE_LATE,-0.28993646823608676,-1.3063909220638614,0.058823529411764705,0.20631818181818182,0.4082246740220662,22/106,9.64%,FOS;LLGL2;RAPGEFL1;PLXNB1;CA12;AGR2;SCNN1A;XBP1;TJP3;CDH1;KLF4;MYB;CXCL12;FLNB;TFF3;SLC26A2;SERPINA1;OVOL2;CA2;SCARB1;FARP1;TSPAN13
17,5,anal_pc5_c21_S1.filtered.gene_spectra_score.k_17.dt_0_01.txt,prerank,HALLMARK_HEDGEHOG_SIGNALING,-0.46585545055649147,-1.3014981818668134,0.17275747508305647,0.1882020202020202,0.4182547642928786,10/17,44.28%,VEGFA;NRP1;CELSR1;UNC5C;ACHE;NRP2;THY1;NRCAM;VLDLR;RTN1
17,5,anal_pc5_c21_S1.filtered.gene_spectra_score.k_17.dt_0_01.txt,prerank,HALLMARK_KRAS_SIGNALING_UP,0.4451734934942936,1.2872399790874385,0.06611570247933884,0.2935891381345927,0.978,25/131,13.18%,IL2RG;LCP1;TNFRSF1B;IKZF1;ETS1;ITGB2;LAPTM5;TRAF1;IL10RA;ADAM8;IL7R;MAP4K1;TRIB2;DOCK2;TNFAIP3;CSF2;CCND2;ERO1A;CXCR4;BIRC3;ID2;SATB1;PRDM1;CD37;C3AR1
17,5,anal_pc5_c21_S1.filtered.gene_spectra_score.k_17.dt_0_01.txt,prerank,HALLMARK_APICAL_SURFACE,0.5195157094374823,1.2769008789066325,0.17871222076215507,0.2889935064935065,0.983,4/27,8.58%,IL2RB;IL2RG;GATA3;CD160
17,5,anal_pc5_c21_S1.filtered.gene_spectra_score.k_17.dt_0_01.txt,prerank,HALLMARK_TNFA_SIGNALING_VIA_NFKB,0.4313334036452397,1.2493849631099614,0.09118852459016394,0.3221658341658342,0.992,31/150,12.24%,CCL5;CCL4;TRAF1;CD69;DUSP2;IL7R;DUSP4;NR4A3;TNF;TNFRSF9;NR4A2;IRF1;EHD1;LITAF;GPR183;TNFAIP3;CSF2;SLC2A3;SLC16A6;PLEK;EGR3;MAP2K3;EGR2;CSF1;BIRC3;NFKBIA;PTGER4;BCL2A1;KLF2;ID2;MAP3K8
17,5,anal_pc5_c21_S1.filtered.gene_spectra_score.k_17.dt_0_01.txt,prerank,HALLMARK_TGF_BETA_SIGNALING,-0.3975941879092852,-1.2367485389492578,0.17063492063492064,0.23552727272727272,0.5305917753259779,12/24,20.24%,CDH1;THBS1;ID1;TJP1;SMAD6;LTBP2;BMP2;ENG;ID3;SERPINE1;PMEPA1;TGIF1
17,5,anal_pc5_c21_S1.filtered.gene_spectra_score.k_17.dt_0_01.txt,prerank,HALLMARK_REACTIVE_OXYGEN_SPECIES_PATHWAY,0.5049552228249269,1.140368872054844,0.32833787465940056,0.5451595547309833,1.0,5/19,13.84%,LSP1;IPCEF1;MBP;FTL;PFKP
17,5,anal_pc5_c21_S1.filtered.gene_spectra_score.k_17.dt_0_01.txt,prerank,HALLMARK_XENOBIOTIC_METABOLISM,-0.25788310061089914,-1.0910219963878198,0.29411764705882354,0.45829752066115703,0.8064192577733199,36/80,32.00%,ABCC3;TMEM176B;EPHA2;NDRG2;BCAR1;CA2;FBLN1;FBP1;PDK4;TPST1;IRF8;CFB;MAOA;CYB5A;PDLIM5;CD36;ATOH8;SLC12A4;KYNU;CYP27A1;SERPINE1;HMOX1;XDH;APOE;EPHX1;GNMT;IGFBP4;F10;CYP2E1;PTGDS;IGF1;GCLC;GCNT2;CYP2C18;BLVRB;VNN1
17,5,anal_pc5_c21_S1.filtered.gene_spectra_score.k_17.dt_0_01.txt,prerank,HALLMARK_GLYCOLYSIS,-0.2639424027677879,-1.0832796550390922,0.22429906542056074,0.4347878787878788,0.8154463390170511,19/67,19.92%,ELF3;VEGFA;B3GNT3;QSOX1;NT5E;TFF3;DSC2;MERTK;GPC1;TPST1;VCAN;P4HA2;CYB5A;TGFBI;CHPF;IGFBP3;DCN;HK2;EGLN3
17,5,anal_pc5_c21_S1.filtered.gene_spectra_score.k_17.dt_0_01.txt,prerank,HALLMARK_E2F_TARGETS,0.40001596210062834,1.0702214785341222,0.3706214689265537,0.6936311688311688,1.0,28/54,27.56%,CDC25B;ANP32E;PTTG1;HMGB2;NCAPD2;MKI67;KIF22;LMNB1;MCM2;TFRC;CDKN2C;MYBL2;AURKB;SMC4;AURKA;RRM2;BIRC5;PLK1;MCM6;CDKN2A;TOP2A;EZH2;MELK;CENPE;SPC25;CDK1;KIF18B;KPNA2
17,5,anal_pc5_c21_S1.filtered.gene_spectra_score.k_17.dt_0_01.txt,prerank,HALLMARK_ANDROGEN_RESPONSE,-0.2577055153273799,-0.9021327524186449,0.6470588235294118,0.8435804195804196,0.9689067201604814,16/41,20.46%,SAT1;UBE2J1;SLC26A2;MERTK;INPP4B;PLPP1;PDLIM5;CCND1;STEAP4;HMGCS1;KRT8;ADAMTS1;PMEPA1;SGK1;ABCC4;LIFR
17,5,anal_pc5_c21_S1.filtered.gene_spectra_score.k_17.dt_0_01.txt,prerank,HALLMARK_APICAL_JUNCTION,0.30621270511627063,0.8816423490686448,0.7041800643086816,1.0,1.0,7/101,5.96%,EVL;FYB1;TRAF1;RAC2;PTPRC;RHOF;PLCG1
17,5,anal_pc5_c21_S1.filtered.gene_spectra_score.k_17.dt_0_01.txt,prerank,HALLMARK_DNA_REPAIR,0.36736625832148484,0.8603878201273791,0.6521739130434783,1.0,1.0,4/22,14.88%,HCLS1;ARL6IP1;USP11;PDE4B
17,5,anal_pc5_c21_S1.filtered.gene_spectra_score.k_17.dt_0_01.txt,prerank,HALLMARK_BILE_ACID_METABOLISM,-0.23893165040799472,-0.859102767306001,0.74,0.8892987012987013,0.9839518555667001,7/37,8.22%,NR3C2;TFCP2L1;ABCA1;SULT1B1;ABCA8;ABCA6;NR1I2
17,5,anal_pc5_c21_S1.filtered.gene_spectra_score.k_17.dt_0_01.txt,prerank,HALLMARK_UNFOLDED_PROTEIN_RESPONSE,0.3489143230933938,0.8344534220056167,0.6762028608582574,1.0,1.0,5/23,13.02%,DDIT4;SLC7A5;NABP1;ERO1A;ERN1
17,5,anal_pc5_c21_S1.filtered.gene_spectra_score.k_17.dt_0_01.txt,prerank,HALLMARK_WNT_BETA_CATENIN_SIGNALING,0.3825024633741426,0.8303635190730787,0.697503671071953,1.0,1.0,4/15,14.72%,TCF7;CCND2;LEF1;RBPJ
17,5,anal_pc5_c21_S1.filtered.gene_spectra_score.k_17.dt_0_01.txt,prerank,HALLMARK_FATTY_ACID_METABOLISM,-0.21804958281614667,-0.8076784135136841,0.8148148148148148,0.9287151515151515,0.9929789368104313,17/44,32.00%,MGLL;CA2;PTPRG;MAOA;CD36;CA4;GLUL;HMGCS1;HSD17B11;ACSL5;CD1D;EPHX1;IL4I1;ME1;INMT;LTC4S;VNN1
17,5,anal_pc5_c21_S1.filtered.gene_spectra_score.k_17.dt_0_01.txt,prerank,HALLMARK_UV_RESPONSE_UP,0.28962944544879166,0.805026284991727,0.7433920704845814,1.0,1.0,18/66,19.04%,RASGRP1;IRF1;RAB27A;CCND3;TUBA4A;ARRB2;NFKBIA;FURIN;CYB5R1;PLCL1;PPIF;ABCB1;NR4A1;DNAJB1;PPT1;ICAM1;TFRC;BTG2
17,5,anal_pc5_c21_S1.filtered.gene_spectra_score.k_17.dt_0_01.txt,prerank,HALLMARK_KRAS_SIGNALING_DN,0.2888249232317997,0.8038385759491089,0.7803030303030303,0.9985491651205938,1.0,14/78,16.96%,CCR8;PTPRJ;PDCD1;IFNG;NR4A2;CD40LG;CLSTN3;MAST3;LFNG;RSAD2;CHST2;GPR19;PDE6B;MX1
17,5,anal_pc5_c21_S1.filtered.gene_spectra_score.k_17.dt_0_01.txt,prerank,HALLMARK_MITOTIC_SPINDLE,0.27919063809400624,0.7784320770274035,0.8246187363834423,0.9919551357733176,1.0,20/77,20.62%,PREX1;ARHGAP4;RHOF;DOCK2;FLNA;RAPGEF6;BIN1;TUBA4A;TIAM1;CNTRL;KIF22;PXN;LMNB1;TPX2;EPB41;NUSAP1;INCENP;SMC4;MAP1S;AURKA
17,5,anal_pc5_c21_S1.filtered.gene_spectra_score.k_17.dt_0_01.txt,prerank,HALLMARK_P53_PATHWAY,0.2709875715139023,0.7558367994886006,0.8542553191489362,0.9789824957651045,1.0,25/89,20.16%,S100A4;DEF6;CYFIP2;PITPNC1;DDIT4;SOCS1;DGKA;CCND2;CCND3;MAPKAPK3;PLK3;MKNK2;FAS;RAP2B;ZMAT3;HEXIM1;UPP1;HDAC3;KRT17;PTPRE;BTG2;NINJ1;TRIB3;SESN1;GADD45A
17,5,anal_pc5_c21_S1.filtered.gene_spectra_score.k_17.dt_0_01.txt,prerank,HALLMARK_G2M_CHECKPOINT,0.2675690027135086,0.7383519678639319,0.8513215859030837,0.9595227272727274,1.0,29/68,25.32%,SLC7A5;CDC25B;PTTG1;MKI67;KIF22;LMNB1;TPX2;MCM2;CDKN2C;MYBL2;AURKB;NUSAP1;INCENP;SMC4;MT2A;AURKA;BIRC5;EXO1;PLK1;MCM6;KIF15;FBXO5;ODC1;BUB1;TOP2A;CENPF;EZH2;CCNF;CENPA
17,5,anal_pc5_c21_S1.filtered.gene_spectra_score.k_17.dt_0_01.txt,prerank,HALLMARK_PEROXISOME,-0.20709408977938287,-0.6798128030447935,0.9339622641509434,1.0,1.0,4/32,9.60%,HSD11B2;ABCC5;NR1I2;DLG4
17,5,anal_pc5_c21_S1.filtered.gene_spectra_score.k_17.dt_0_01.txt,prerank,HALLMARK_HYPOXIA,0.22053532650718696,0.6319616461102204,0.9626556016597511,1.0,1.0,15/111,15.48%,ETS1;S100A4;RORA;DDIT4;TNFAIP3;SLC2A3;PIM1;ISG20;ERO1A;CXCR4;BCL2;PFKP;RBPJ;CHST2;SLC2A1
17,5,anal_pc5_c21_S1.filtered.gene_spectra_score.k_17.dt_0_01.txt,prerank,HALLMARK_HEME_METABOLISM,0.22377534843224975,0.6041952508811619,0.9597701149425287,0.997975024975025,1.0,6/55,10.20%,UCP2;KAT2B;CCND3;ACSL6;LPIN2;MAP2K3
17,5,anal_pc5_c21_S1.filtered.gene_spectra_score.k_17.dt_0_01.txt,prerank,HALLMARK_CHOLESTEROL_HOMEOSTASIS,-0.17446772341485667,-0.5968248824656038,0.9735449735449735,0.982,1.0,18/35,43.78%,PPARG;JAG1;LGMN;LGALS3;HMGCS1;CXCL16;TP53INP1;ATF3;PLAUR;MAL2;LPL;LDLR;ERRFI1;ALCAM;CLU;TNFRSF12A;ANTXR2;AVPR1A
17,5,anal_pc5_c21_S1.filtered.gene_spectra_score.k_17.dt_0_01.txt,prerank,HALLMARK_SPERMATOGENESIS,0.19640909652455452,0.501312071648808,0.9865853658536585,0.9934545454545455,1.0,4/36,13.64%,CAMK4;IL12RB2;GFI1;LPIN1
17,6,anal_pc5_c21_S1.filtered.gene_spectra_score.k_17.dt_0_01.txt,prerank,HALLMARK_G2M_CHECKPOINT,-0.6543390873355058,-2.558931179592524,0.0,0.0,0.0,53/68,23.50%,SLC12A2;MYC;LMNB1;MKI67;KIF22;TROAP;MAP3K20;TOP2A;INCENP;MCM2;PLK1;EZH2;SMC4;KPNA2;PRC1;MCM6;NUSAP1;KIF23;CDK1;CDC25B;TACC3;AURKB;BUB1;MYBL2;POLQ;SNRPD1;HMMR;CCNB2;CDC45;BIRC5;UBE2C;KIF20B;PTTG1;RAD54L;CCNF;ORC6;KIF2C;CCND1;KIF15;CDC20;SLC7A1;E2F1;ESPL1;NDC80;CENPA;KIF11;TTK;TPX2;CKS2;AURKA;KIF4A;CDKN2C;CENPF
17,6,anal_pc5_c21_S1.filtered.gene_spectra_score.k_17.dt_0_01.txt,prerank,HALLMARK_E2F_TARGETS,-0.6523920903478146,-2.4055121968982127,0.0,0.0,0.0,48/54,23.04%,MYC;LMNB1;MKI67;HELLS;HMGB2;KIF22;CENPM;PRDX4;TK1;TOP2A;MCM4;MCM2;LIG1;PLK1;EZH2;NCAPD2;SMC4;KPNA2;MCM6;CIT;CDK1;CDC25B;TCF19;TACC3;AURKB;MYBL2;HMMR;DLGAP5;CCNB2;BIRC5;SPAG5;PTTG1;ORC6;KIF2C;CDCA8;RRM2;DEPDC1;CDC20;KIF18B;ESPL1;MELK;CDCA3;CKS2;AURKA;DIAPH3;KIF4A;CDKN2C;SPC25
17,6,anal_pc5_c21_S1.filtered.gene_spectra_score.k_17.dt_0_01.txt,prerank,HALLMARK_TNFA_SIGNALING_VIA_NFKB,0.6662288021972679,1.8049131677564128,0.0,0.006771827049686937,0.007,48/150,11.22%,MXD1;EFNA1;KLF4;PLAUR;BMP2;IL18;CDKN1A;VEGFA;DUSP1;EDN1;TSC22D1;LAMB3;FOS;CCL20;AREG;JUN;PHLDA2;RCAN1;ZFP36;HBEGF;PMEPA1;TUBB2A;LDLR;PPP1R15A;RNF19B;JAG1;SDC4;ID2;CCRL2;MAP2K3;ATF3;SMAD3;IER3;GADD45A;FOSB;EHD1;RHOB;LITAF;TRIB1;NFIL3;MAFF;CXCL3;PDLIM5;IRF1;SERPINB8;EGR1;NFKBIA;IFIT2
17,6,anal_pc5_c21_S1.filtered.gene_spectra_score.k_17.dt_0_01.txt,prerank,HALLMARK_P53_PATHWAY,0.667640160526663,1.7815447073701682,0.0,0.005804423185445946,0.011,29/89,8.60%,MXD1;CDKN2B;KLF4;EPS8L2;BMP2;CDKN1A;HMOX1;AK1;TSC22D1;FOS;CTSD;NDRG1;JUN;TOB1;EPHA2;PDGFA;ITGB4;HBEGF;KIF13B;TM4SF1;TCN2;PPP1R15A;RNF19B;UPP1;SERPINB5;FUCA1;ATF3;IER3;GADD45A
17,6,anal_pc5_c21_S1.filtered.gene_spectra_score.k_17.dt_0_01.txt,prerank,HALLMARK_HYPOXIA,0.658864971229572,1.7541241390587736,0.0,0.009029102732915916,0.026,41/111,13.58%,PLAC8;EFNA1;SELENBP1;PLAUR;PPARGC1A;HK2;CA12;CDKN1A;HMOX1;VEGFA;ADM;DUSP1;FOS;MXI1;NDRG1;JUN;ERRFI1;ZFP36;PFKP;PPP1R15A;SDC4;ATF3;P4HA2;IER3;SLC2A1;ERO1A;PIM1;CCNG2;NFIL3;MAFF;ISG20;CITED2;EDN2;SCARB1;VLDLR;IRS2;LXN;PFKFB3;DDIT4;DDIT3;P4HA1
17,6,anal_pc5_c21_S1.filtered.gene_spectra_score.k_17.dt_0_01.txt,prerank,HALLMARK_ANDROGEN_RESPONSE,0.7103117994581113,1.7294174712319041,0.0012391573729863693,0.009674038642409911,0.038,10/41,7.00%,SLC26A2;SELENOP;HPGD;KRT8;TSC22D1;NDRG1;PMEPA1;KRT19;PLPP1;INPP4B
17,6,anal_pc5_c21_S1.filtered.gene_spectra_score.k_17.dt_0_01.txt,prerank,HALLMARK_FATTY_ACID_METABOLISM,0.705946118581224,1.6923721737431583,0.002484472049689441,0.014317577190766666,0.071,8/44,6.00%,CA4;CA2;HPGD;MGLL;ACOX1;ACAA2;TP53INP2;AQP7
17,6,anal_pc5_c21_S1.filtered.gene_spectra_score.k_17.dt_0_01.txt,prerank,HALLMARK_TGF_BETA_SIGNALING,0.7453761663854822,1.6406828675632479,0.008522727272727272,0.028860881949856237,0.164,12/24,9.64%,BMP2;ID1;THBS1;CDH1;PMEPA1;PPP1R15A;ID2;SMAD7;SMAD3;TJP1;ID3;SLC20A1
17,6,anal_pc5_c21_S1.filtered.gene_spectra_score.k_17.dt_0_01.txt,prerank,HALLMARK_CHOLESTEROL_HOMEOSTASIS,0.7054162300520213,1.6369966230338198,0.005141388174807198,0.02611990433450676,0.172,13/35,9.94%,PPARG;LGALS3;PLAUR;MAL2;ANTXR2;ERRFI1;TNFRSF12A;LDLR;JAG1;ATF3;CXCL16;NFIL3;CPEB2
17,6,anal_pc5_c21_S1.filtered.gene_spectra_score.k_17.dt_0_01.txt,prerank,HALLMARK_UV_RESPONSE_UP,0.6233890840148487,1.6284774934273114,0.006920415224913495,0.025273425953295892,0.19,17/66,12.28%,CA2;SLC6A8;ABCB1;CDKN2B;EPCAM;BMP2;HMOX1;FOS;PRKCD;ATF3;FOSB;RHOB;C4BPB;IRF1;NFKBIA;MAOA;TFRC
17,6,anal_pc5_c21_S1.filtered.gene_spectra_score.k_17.dt_0_01.txt,prerank,HALLMARK_ESTROGEN_RESPONSE_LATE,0.605415111820671,1.6068042005683685,0.004214963119072708,0.03009700910971972,0.244,22/106,7.30%,SLC26A2;CA2;CKB;TJP3;KLF4;KCNK5;PRSS23;CA12;ASS1;LLGL2;FOS;AREG;CDH1;LAMC2;FLNB;TOB1;MDK;ZFP36;KRT19;SCNN1A;SLC16A1;ID2
17,6,anal_pc5_c21_S1.filtered.gene_spectra_score.k_17.dt_0_01.txt,prerank,HALLMARK_SPERMATOGENESIS,-0.4732489230372237,-1.600794443013137,0.013157894736842105,0.032611364864201166,0.078,19/36,37.30%,SLC12A2;EZH2;CDK1;LPIN1;BUB1;CCNB2;HSPA2;KIF2C;TTK;AURKA;GFI1;CSNK2A2;IDE;JAM3;SHE;NEK2;GSTM3;CAMK4;HSPA4L
17,6,anal_pc5_c21_S1.filtered.gene_spectra_score.k_17.dt_0_01.txt,prerank,HALLMARK_INTERFERON_ALPHA_RESPONSE,0.6299763886525334,1.592889535360048,0.009852216748768473,0.033472173702738285,0.294,28/50,15.20%,OAS1;IFI27;DDX60;RSAD2;ISG15;TENT5A;SAMD9;CMPK2;IRF7;CCRL2;HERC6;TMEM140;MX1;TRIM25;IRF1;TRIM14;ISG20;IFIT2;OASL;IFI44;IFI44L;HELZ2;EPSTI1;CXCL10;IFIH1;IFIT3;CXCL11;LAMP3
17,6,anal_pc5_c21_S1.filtered.gene_spectra_score.k_17.dt_0_01.txt,prerank,HALLMARK_GLYCOLYSIS,0.5891922538472726,1.5015347089252395,0.029205607476635514,0.09137569226785361,0.628,18/67,11.28%,EGLN3;B3GNT3;DSC2;ELF3;SLC16A3;HK2;VEGFA;PLOD2;MXI1;PFKP;QSOX1;P4HA2;IER3;ERO1A;NT5E;TGFA;ISG20;CITED2
17,6,anal_pc5_c21_S1.filtered.gene_spectra_score.k_17.dt_0_01.txt,prerank,HALLMARK_KRAS_SIGNALING_UP,0.5620051311702119,1.4972181433693654,0.012738853503184714,0.08795313465724344,0.639,26/131,9.66%,TSPAN1;CA2;MALL;ABCB1;PTPRR;HKDC1;KLF4;EMP1;PLAUR;BMP2;CCL20;HBEGF;CTSS;DUSP6;HDAC9;PPP1R15A;ID2;FUCA1;MPZL2;EPB41L3;TMEM176B;CFB;ERO1A;TRIB1;SLPI;TSPAN7
17,6,anal_pc5_c21_S1.filtered.gene_spectra_score.k_17.dt_0_01.txt,prerank,HALLMARK_ESTROGEN_RESPONSE_EARLY,0.5615797711021724,1.4967808248548058,0.013641133263378805,0.08141075595997263,0.641,23/118,8.74%,SLC26A2;CLDN7;KRT8;TJP3;KLF4;KCNK5;ELF3;PRSS23;CA12;RETREG1;FHL2;P2RY2;FOS;AREG;FLNB;TOB1;KRT19;SCNN1A;SLC16A1;DHRS3;RHOD;WWC1;SLC2A1
17,6,anal_pc5_c21_S1.filtered.gene_spectra_score.k_17.dt_0_01.txt,prerank,HALLMARK_MITOTIC_SPINDLE,-0.35280766665916974,-1.4232591565683144,0.041237113402061855,0.10137026668631206,0.289,49/77,26.60%,LMNB1;ARHGAP4;CNTRL;BIN1;KIF22;TRIO;TOP2A;INCENP;DOCK2;PLK1;KNTC1;FLNA;SMC4;FARP1;PRC1;NUSAP1;KIF23;CEP72;CDK1;PIF1;BUB1;EPB41;DLGAP5;CCNB2;ANLN;CCDC88A;BIRC5;KIF20B;KIF2C;KIF15;ARAP3;ECT2;ESPL1;NDC80;SORBS2;KIF11;PREX1;TTK;RAPGEF6;DOCK4;PALLD;TPX2;AURKA;KIF4A;CENPF;TUBA4A;ARHGAP10;MID1;TIAM1
17,6,anal_pc5_c21_S1.filtered.gene_spectra_score.k_17.dt_0_01.txt,prerank,HALLMARK_XENOBIOTIC_METABOLISM,0.5383209565959148,1.4148345512953588,0.06578947368421052,0.15443911689847248,0.869,17/80,10.76%,CA2;CDA;XDH;HMOX1;ABCC3;ACOX1;EPHA2;BCAR1;PPARD;ID2;UPP1;CYP27A1;TMEM176B;CYP2C18;CFB;PDLIM5;UGDH
17,6,anal_pc5_c21_S1.filtered.gene_spectra_score.k_17.dt_0_01.txt,prerank,HALLMARK_HEME_METABOLISM,0.5577671370875736,1.3989815493964672,0.08823529411764706,0.1621368876467901,0.896,14/55,12.74%,CA2;SLC6A8;SELENBP1;MXI1;KLF3;MAP2K3;P4HA2;AGPAT4;SLC2A1;TRIM10;PDZK1IP1;TFRC;LPIN2;MPP1
17,6,anal_pc5_c21_S1.filtered.gene_spectra_score.k_17.dt_0_01.txt,prerank,HALLMARK_PEROXISOME,0.6095808379631936,1.3982542177328225,0.07692307692307693,0.1527288850670465,0.898,9/32,9.86%,ABCB1;NR1I2;HSD11B2;ACOX1;SEMA3C;DHRS3;STS;ACSL5;HSD17B11
17,6,anal_pc5_c21_S1.filtered.gene_spectra_score.k_17.dt_0_01.txt,prerank,HALLMARK_APOPTOSIS,0.5440892545045988,1.3941978434105975,0.06992230854605994,0.14835422788683905,0.906,28/79,14.88%,LGALS3;EMP1;BMP2;IL18;CDKN1A;HMOX1;ERBB3;JUN;TNFRSF12A;GSN;ERBB2;ATF3;SMAD7;IER3;GADD45A;RHOB;SLC20A1;NEDD9;IRF1;ISG20;GADD45B;RARA;EREG;DDIT3;CD14;CTH;TNFSF10;BIRC3
17,6,anal_pc5_c21_S1.filtered.gene_spectra_score.k_17.dt_0_01.txt,prerank,HALLMARK_MYOGENESIS,0.5011555722991029,1.3440698372458357,0.07180570221752904,0.20444468330959611,0.969,14/112,5.70%,CKB;SLC6A8;ACHE;CDKN1A;DAPK2;AK1;ERBB3;BDKRB2;VIPR1;ITGB4;HBEGF;MYLK;MAPRE3;GSN
17,6,anal_pc5_c21_S1.filtered.gene_spectra_score.k_17.dt_0_01.txt,prerank,HALLMARK_IL2_STAT5_SIGNALING,0.490175988240979,1.3286549622640176,0.07781282860147214,0.21557831374717665,0.979,26/127,11.36%,MXD1;CA2;ABCB1;ST3GAL4;EMP1;SMPDL3A;TNFRSF21;HK2;BMP2;NDRG1;NFKBIZ;CDCP1;PLPP1;DHRS3;SNX9;RHOB;IRF6;CTSZ;PIM1;NFIL3;MAFF;NT5E;TTC39B;ENPP1;SPRY4;MUC1
17,6,anal_pc5_c21_S1.filtered.gene_spectra_score.k_17.dt_0_01.txt,prerank,HALLMARK_KRAS_SIGNALING_DN,0.4953481108731476,1.2950339428500257,0.13480662983425415,0.2516701152822938,0.992,18/78,14.10%,SELENOP;HSD11B2;EDN1;RSAD2;TFCP2L1;GPRC5C;SYNPO;SLC6A14;MX1;PTPRJ;HTR1D;EDN2;IFI44L;MAST3;SGK1;KRT4;SERPINB2;FGFR3
17,6,anal_pc5_c21_S1.filtered.gene_spectra_score.k_17.dt_0_01.txt,prerank,HALLMARK_ADIPOGENESIS,0.5280433019394767,1.2889433562900645,0.18007202881152462,0.24783965664840626,0.993,13/51,13.24%,MGLL;PPARG;ACOX1;ACAA2;TOB1;MYLK;GADD45A;SOWAHC;CCNG2;SCARB1;ESRRA;ITSN1;PFKFB3
17,6,anal_pc5_c21_S1.filtered.gene_spectra_score.k_17.dt_0_01.txt,prerank,HALLMARK_APICAL_JUNCTION,0.4853099592713209,1.2844095012317036,0.1252676659528908,0.243082207342009,0.994,17/101,10.60%,CLDN4;CLDN7;COL17A1;LAMA3;PCDH1;LAMB3;CDH1;LAMC2;ITGA3;MDK;ITGB4;RHOF;WASL;MPZL2;TJP1;TNFRSF11B;GRB7
17,6,anal_pc5_c21_S1.filtered.gene_spectra_score.k_17.dt_0_01.txt,prerank,HALLMARK_COMPLEMENT,0.4696872466427361,1.268133276334088,0.1353620146904512,0.2555628643099244,0.998,22/122,10.50%,CA2;LGALS3;CDA;PLAUR;PRSS3;CASP10;CTSD;CASP5;CTSS;DUSP6;CD55;IRF7;CPM;PRKCD;LRP1;EHD1;CFB;C4BPB;PDP1;PIM1;MAFF;IRF1
17,6,anal_pc5_c21_S1.filtered.gene_spectra_score.k_17.dt_0_01.txt,prerank,HALLMARK_HEDGEHOG_SIGNALING,0.6014619843605039,1.2557158209078572,0.2144,0.26353693601698336,0.999,2/17,2.82%,ACHE;VEGFA
17,6,anal_pc5_c21_S1.filtered.gene_spectra_score.k_17.dt_0_01.txt,prerank,HALLMARK_WNT_BETA_CATENIN_SIGNALING,-0.45823940870258234,-1.2162767241453603,0.20863309352517986,0.28501547075290995,0.7,6/15,12.74%,CCND2;MYC;DLL1;CSNK1E;TCF7;RBPJ
17,6,anal_pc5_c21_S1.filtered.gene_spectra_score.k_17.dt_0_01.txt,prerank,HALLMARK_REACTIVE_OXYGEN_SPECIES_PATHWAY,-0.437526924914565,-1.2088650044136007,0.22674418604651161,0.24517459849712686,0.71,8/19,19.44%,CAT;LSP1;PRDX4;MGST1;GCLC;FTL;SCAF4;FES
17,6,anal_pc5_c21_S1.filtered.gene_spectra_score.k_17.dt_0_01.txt,prerank,HALLMARK_DNA_REPAIR,0.5450157811084422,1.1994791605676873,0.28695652173913044,0.3395974525031575,1.0,5/22,5.68%,CDA;AK1;STX3;VPS37B;CMPK2
17,6,anal_pc5_c21_S1.filtered.gene_spectra_score.k_17.dt_0_01.txt,prerank,HALLMARK_INFLAMMATORY_RESPONSE,0.4356525107023766,1.188675578993655,0.22082018927444794,0.34458181487445455,1.0,14/141,7.50%,MXD1;SLC4A4;PLAUR;IL18;CDKN1A;P2RY2;ADM;EDN1;CCL20;HBEGF;CD55;IRF7;LDLR;CCRL2
17,6,anal_pc5_c21_S1.filtered.gene_spectra_score.k_17.dt_0_01.txt,prerank,HALLMARK_UV_RESPONSE_DN,0.4506192034021514,1.1619727245773384,0.2973893303064699,0.37248631750553124,1.0,16/69,12.50%,MGLL;PPARG;FHL2;ID1;DUSP1;ERBB2;INPP4B;LDLR;RND3;SMAD7;SMAD3;TJP1;PDLIM5;CITED2;LTBP1;VLDLR
17,6,anal_pc5_c21_S1.filtered.gene_spectra_score.k_17.dt_0_01.txt,prerank,HALLMARK_INTERFERON_GAMMA_RESPONSE,0.42882973350044407,1.150119328969183,0.27641408751334046,0.3782203607802189,1.0,36/111,14.78%,SECTM1;IFI27;CDKN1A;DDX60;RSAD2;ISG15;PFKP;CMPK2;IRF7;UPP1;HERC6;OAS3;MX1;CFB;IFIT1;PIM1;XAF1;TRIM25;IRF1;TRIM14;NFKBIA;ISG20;IFIT2;OASL;EIF4E3;IFI44;IFI44L;HELZ2;PELI1;EPSTI1;CXCL10;IFIH1;IFIT3;ZBP1;TNFSF10;CXCL11
17,6,anal_pc5_c21_S1.filtered.gene_spectra_score.k_17.dt_0_01.txt,prerank,HALLMARK_BILE_ACID_METABOLISM,0.4836901627855633,1.1402102759772381,0.3278894472361809,0.38169086257398,1.0,7/37,9.86%,NR1I2;SULT1B1;TFCP2L1;NR3C2;CYP27A1;ACSL5;HSD17B11
17,6,anal_pc5_c21_S1.filtered.gene_spectra_score.k_17.dt_0_01.txt,prerank,HALLMARK_ANGIOGENESIS,0.486526392282077,1.116537310166605,0.359504132231405,0.40601940182194396,1.0,5/29,7.24%,TNFRSF21;VEGFA;SLCO2A1;PDGFA;JAG1
17,6,anal_pc5_c21_S1.filtered.gene_spectra_score.k_17.dt_0_01.txt,prerank,HALLMARK_EPITHELIAL_MESENCHYMAL_TRANSITION,0.40623715515608155,1.1092659816879178,0.3104508196721312,0.4041251626426075,1.0,25/164,10.48%,SLC6A8;ANPEP;PLAUR;LAMA3;VEGFA;THBS1;AREG;PLOD2;LAMC2;JUN;TNFRSF12A;MYLK;PMEPA1;IL32;QSOX1;SDC4;ID2;SERPINE2;FUCA1;LRP1;GADD45A;RHOB;NT5E;TNFRSF11B;DST
17,6,anal_pc5_c21_S1.filtered.gene_spectra_score.k_17.dt_0_01.txt,prerank,HALLMARK_ALLOGRAFT_REJECTION,-0.2479792837153851,-1.0983053423931608,0.26,0.3457029194468416,0.887,48/121,27.62%,CCND2;CD74;ITGAL;ST8SIA4;IL16;LTB;HCLS1;C2;CD79A;CD2;SRGN;FLNA;PTPN6;FYB1;ITGB2;ETS1;IRF8;PTPRC;NCF4;NOS2;CD96;CD40;ZAP70;CD4;MAP4K1;CD3E;IRF4;STAB1;CSF1;LCK;PRKCB;LCP2;IL2RB;SPI1;CD3D;THY1;CCL5;WAS;ITK;GZMA;TLR2;FGR;IL27RA;IL12RB1;FAS;CD247;CD8A;STAT4
17,6,anal_pc5_c21_S1.filtered.gene_spectra_score.k_17.dt_0_01.txt,prerank,HALLMARK_MTORC1_SIGNALING,0.3982146842262593,1.0217031367980351,0.46319365798414497,0.5218841533872571,1.0,18/72,13.58%,EGLN3;HK2;CDKN1A;PLOD2;SYTL2;LDLR;PPP1R15A;MAP2K3;SLC2A1;ERO1A;NFIL3;IFRD1;TFRC;HMGCR;VLDLR;DDIT4;DDIT3;P4HA1
17,6,anal_pc5_c21_S1.filtered.gene_spectra_score.k_17.dt_0_01.txt,prerank,HALLMARK_IL6_JAK_STAT3_SIGNALING,0.3926524531275633,0.9733116987377723,0.5217917675544794,0.579738752097874,1.0,13/53,14.78%,TNFRSF21;HMOX1;JUN;TNFRSF12A;PIM1;CXCL3;IRF1;PLA2G2A;IL2RG;IL3RA;CXCL10;CD14;CXCL11
17,6,anal_pc5_c21_S1.filtered.gene_spectra_score.k_17.dt_0_01.txt,prerank,HALLMARK_UNFOLDED_PROTEIN_RESPONSE,0.42870965746379924,0.9373477273225993,0.5686567164179105,0.6143868129575212,1.0,5/23,9.12%,VEGFA;TUBB2A;ATF3;IFIT1;ERO1A
17,6,anal_pc5_c21_S1.filtered.gene_spectra_score.k_17.dt_0_01.txt,prerank,HALLMARK_COAGULATION,0.34918614413595234,0.9017734788709879,0.6449834619625138,0.6454518582215892,1.0,13/79,13.32%,GDA;PRSS23;THBS1;GSN;DUSP6;LRP1;CFB;MAFF;ADAM9;DPP4;BMP1;KLKB1;TMPRSS6
17,6,anal_pc5_c21_S1.filtered.gene_spectra_score.k_17.dt_0_01.txt,prerank,HALLMARK_PI3K_AKT_MTOR_SIGNALING,-0.26689895229365745,-0.8579476753609753,0.6666666666666666,0.7092971857963755,0.992,15/32,26.60%,ITPR2;HSP90B1;CXCR4;PLCG1;CDK1;NOD1;SLA;E2F1;LCK;PRKCB;MAPK10;PLCB1;AKT1S1;PDK1;TIAM1
17,6,anal_pc5_c21_S1.filtered.gene_spectra_score.k_17.dt_0_01.txt,prerank,HALLMARK_APICAL_SURFACE,0.27481922949594395,0.6275156066972137,0.8852459016393442,0.9225002015424717,1.0,6/27,15.80%,PLAUR;ATP8B1;IL2RG;AFAP1L2;AKAP7;SULF2
17,7,anal_pc5_c21_S1.filtered.gene_spectra_score.k_17.dt_0_01.txt,prerank,HALLMARK_UNFOLDED_PROTEIN_RESPONSE,0.8273302919575761,2.3961716485935054,0.0,0.0,0.0,10/23,2.60%,HERPUD1;XBP1;DNAJB9;HSP90B1;ERN1;SLC1A4;CHAC1;PSAT1;HSPA5;SLC7A5
17,7,anal_pc5_c21_S1.filtered.gene_spectra_score.k_17.dt_0_01.txt,prerank,HALLMARK_EPITHELIAL_MESENCHYMAL_TRANSITION,-0.4645723916887706,-1.7929908119802576,0.0,0.005702840292653073,0.005,100/164,36.48%,IGFBP4;SAT1;LRP1;FBLN1;GPC1;IL32;TGFBI;PFN2;IGFBP2;TPM1;MMP14;DPYSL3;SDC4;COL6A2;COL1A2;COL3A1;SPARC;DST;CAPG;FLNA;FSTL1;COL4A2;DCN;ITGB5;QSOX1;ELN;COL6A3;COL5A1;RHOB;CALD1;MMP2;COL1A1;FN1;LUM;SERPINH1;WIPF1;FUCA1;COL4A1;ITGA5;COL7A1;THBS1;MATN2;JUN;CXCL12;GJA1;TAGLN;TIMP3;HTRA1;BMP1;FBLN2;FBN1;LAMA3;TPM2;ITGA2;VCAN;FAS;EDIL3;MYL9;SLC6A8;DAB2;ACTA2;PMP22;GLIPR1;WNT5A;PLOD2;TNC;PCOLCE;NT5E;COL16A1;THBS2;ECM1;COL5A2;BGN;SNAI2;CDH11;LOXL1;VCAM1;MXRA5;ANPEP;ID2;ADAM12;LAMC2;PDLIM4;PVR;MGP;LAMC1;GREM1;MYLK;TNFRSF12A;CRLF1;THY1;PRRX1;COL5A3;FBLN5;NNMT;PDGFRB;LOX;PLAUR;FMOD;TGM2
17,7,anal_pc5_c21_S1.filtered.gene_spectra_score.k_17.dt_0_01.txt,prerank,HALLMARK_P53_PATHWAY,-0.5002146907588584,-1.771608053774207,0.0,0.004562272234122458,0.008,45/89,23.62%,GPX2;DGKA;NUPR1;ITGB4;SAT1;EPHX1;KRT17;TP63;AK1;EPS8L2;CCND2;ABCC5;TOB1;KLF4;TRAF4;SERPINB5;IFI30;CLCA2;CDKN2A;TM4SF1;CTSD;FUCA1;TSC22D1;SPHK1;IER5;JUN;PITPNC1;EPHA2;S100A4;RNF19B;CCND3;CDKN2B;MKNK2;CYFIP2;FAS;FOS;ZBTB16;CEBPA;PLK3;BMP2;NDRG1;IER3;VWA5A;JAG2;DEF6
17,7,anal_pc5_c21_S1.filtered.gene_spectra_score.k_17.dt_0_01.txt,prerank,HALLMARK_XENOBIOTIC_METABOLISM,-0.47819755460961577,-1.670464039414094,0.0,0.009884923173931994,0.025,35/80,25.26%,IGFBP4;AKR1C3;TMEM176B;EPHX1;IRF8;FBLN1;CA2;GCLC;ABCC3;NQO1;ELOVL5;AKR1C2;MAOA;ALDH3A1;UGDH;PTGR1;NDRG2;SLC6A6;BCAR1;CAT;CES1;KYNU;CFB;EPHA2;PTGDS;APOE;CYFIP2;FAS;BLVRB;MT2A;GCNT2;ACOX1;CYB5A;IL1R1;LPIN2
17,7,anal_pc5_c21_S1.filtered.gene_spectra_score.k_17.dt_0_01.txt,prerank,HALLMARK_MITOTIC_SPINDLE,-0.478635530027427,-1.656991338660093,0.0012033694344163659,0.009694828497510223,0.033,62/77,43.72%,GSN;ARHGAP4;LMNB1;CNTRL;PALLD;FLNB;DST;FLNA;BIN1;PXN;RAPGEF6;BCAR1;KIF22;NUSAP1;CEP72;WASL;CDK1;TPX2;TOP2A;ECT2;ARHGEF2;SMC4;NET1;MID1;EPB41L2;PREX1;FARP1;DOCK2;TRIO;FSCN1;ARHGAP27;PRC1;CDC42EP4;CEP250;ANLN;KIF11;CENPF;RAPGEF5;BIRC5;CCNB2;DOCK4;FGD4;KIF23;PLK1;CDC42EP2;NDC80;KIF20B;PDLIM5;ARAP3;NEDD9;BCL2L11;RHOF;ARHGAP29;TIAM1;KIF2C;STK38L;ARHGAP10;NEK2;EPB41;CENPE;MAP1S;DLGAP5
17,7,anal_pc5_c21_S1.filtered.gene_spectra_score.k_17.dt_0_01.txt,prerank,HALLMARK_UV_RESPONSE_DN,-0.4807864658068653,-1.6520009193320597,0.0,0.008896430856538793,0.038,53/69,40.84%,SMAD3;CELF2;TGFBR2;ID1;PIK3CD;COL1A2;COL3A1;ERBB2;RUNX1;FYN;IGFBP5;PLPP3;COL1A1;NFIB;EFEMP1;PPARG;PLCB4;GJA1;TFPI;LDLR;MYC;MAP1B;FHL2;NRP1;LPAR1;DAB2;PMP22;SDC2;MGLL;TJP1;COL5A2;RND3;SNAI2;ADGRL2;ICA1;PIK3R3;LAMC1;VAV2;RBPMS;PTPRM;FBLN5;PDLIM5;PRKCE;PDGFRB;KALRN;SYNE1;LTBP1;KIT;SMAD7;ITGB3;F3;INSIG1;VLDLR
17,7,anal_pc5_c21_S1.filtered.gene_spectra_score.k_17.dt_0_01.txt,prerank,HALLMARK_APICAL_JUNCTION,-0.4391357650644967,-1.5879059885750233,0.0023781212841854932,0.019769846347863988,0.102,58/101,35.28%,EVL;CLDN7;CLDN4;CDH1;ITGB4;TGFBI;FYB1;PLCG1;COL17A1;MDK;TRAF1;ADAM15;PTPRC;LAMB3;PCDH1;ITGA3;ADAM23;STX4;MPZL2;MMP2;ADAM9;WNK4;WASL;CDH3;BMP1;FBN1;LAMA3;ITGA2;VCAN;EPB41L2;SDC3;SORBS3;MYL9;NLGN2;MAP3K20;FSCN1;COL16A1;TJP1;LAYN;CDH11;CD276;RAC2;ITGA9;VCAM1;LAMC2;PIK3R3;ARHGEF6;VWF;VAV2;THBS3;THY1;PPP2R2C;TSPAN4;CX3CL1;NECTIN4;CLDN5;SIRPA;RHOF
17,7,anal_pc5_c21_S1.filtered.gene_spectra_score.k_17.dt_0_01.txt,prerank,HALLMARK_COAGULATION,-0.44446747875798354,-1.5738111508595345,0.0,0.02297429946468809,0.137,40/79,32.18%,GSN;CTSB;ANXA1;LRP1;MMP14;C1R;C1S;SPARC;A2M;FYN;SERPINA1;CLU;PRSS23;MMP2;ADAM9;FN1;CFB;THBS1;CSRP1;TIMP3;HTRA1;BMP1;FBN1;ITGA2;CFD;C1QA;SERPING1;C3;DUSP6;FURIN;C2;LTA4H;CTSH;PLAT;PLAU;VWF;CFH;CTSK;CPQ;CRIP2
17,7,anal_pc5_c21_S1.filtered.gene_spectra_score.k_17.dt_0_01.txt,prerank,HALLMARK_TGF_BETA_SIGNALING,-0.5627845346356791,-1.5707159790298766,0.005044136191677175,0.02110050908281637,0.143,17/24,31.14%,SMAD3;CDH1;ID1;TGIF1;ID3;SLC20A1;THBS1;ENG;TGFBR1;BMP2;TJP1;LTBP2;FURIN;SMAD1;ID2;SMAD6;CDKN1C
17,7,anal_pc5_c21_S1.filtered.gene_spectra_score.k_17.dt_0_01.txt,prerank,HALLMARK_ESTROGEN_RESPONSE_EARLY,-0.4155885821245435,-1.5351186617895787,0.0,0.030034958874639514,0.214,44/118,18.90%,KRT8;CLDN7;ELF3;NBL1;IGFBP4;KRT19;CA12;AKAP1;TFF3;FCMR;RAPGEFL1;MUC1;ELOVL5;HES1;LRIG1;TOB1;KLF4;FLNB;SCNN1A;KRT15;MLPH;MYB;SLC2A1;SLC26A2;CELSR1;DHRS3;FASN;PRSS23;MAST4;ESRP2;TJP3;LAD1;CXCL12;BCL11B;SVIL;GJA1;RASGRP1;PMAIP1;MYC;HR;FHL2;BLVRB;FOS;SLC16A1
17,7,anal_pc5_c21_S1.filtered.gene_spectra_score.k_17.dt_0_01.txt,prerank,HALLMARK_FATTY_ACID_METABOLISM,-0.4859018469590014,-1.5191784488223299,0.008728179551122194,0.03387487133835926,0.253,24/44,30.30%,GLUL;EPHX1;ALDH1A1;CA2;ACSL5;ELOVL5;MAOA;ALDH3A1;UGDH;HSD17B11;FASN;HSPH1;CD1D;ODC1;HPGD;ACOX1;ACAA2;MGLL;ACSL1;ACAT2;ECI2;CEL;CA4;HMGCS1
17,7,anal_pc5_c21_S1.filtered.gene_spectra_score.k_17.dt_0_01.txt,prerank,HALLMARK_PEROXISOME,-0.5066390195015408,-1.4948339512956665,0.017114914425427872,0.04417109026673107,0.337,16/32,27.68%,ALDH1A1;HSD11B2;ACSL5;ELOVL5;ABCC5;HSD17B11;SOD2;DHRS3;CAT;TOP2A;ACOX1;SEMA3C;ACSL1;CRABP2;ECI2;CEL
17,7,anal_pc5_c21_S1.filtered.gene_spectra_score.k_17.dt_0_01.txt,prerank,HALLMARK_COMPLEMENT,-0.39115384660830355,-1.462366379951477,0.00819672131147541,0.05826401832327222,0.447,60/122,31.96%,LGALS3;CTSB;LRP1;CA2;MMP14;C1R;C1S;SPOCK2;COL4A2;FYN;CR1;SERPINA1;LCP2;CTSC;CLU;STX4;CBLB;LCK;ADAM9;FN1;CTSS;KYNU;DOCK9;CTSD;DOCK10;CFB;CSRP1;RASGRP1;KLK1;PSMB9;SH2B3;CCL5;KIF2A;C1QC;PRSS3;TIMP2;C1QA;LYN;PIK3R5;SERPING1;C3;CDH13;DUSP6;L3MBTL4;C2;LTA4H;FCER1G;CTSH;CD40LG;PLAT;ITGAM;CFH;CTSL;EHD1;HSPA1A;DOCK4;CPM;LIPA;GCA;CPQ
17,7,anal_pc5_c21_S1.filtered.gene_spectra_score.k_17.dt_0_01.txt,prerank,HALLMARK_MTORC1_SIGNALING,0.36900310630655386,1.4505781685900956,0.04864864864864865,0.07078107537563641,0.287,11/72,2.92%,PDK1;XBP1;SDF2L1;HSP90B1;BTG2;SLC1A4;PSAT1;HSPA5;SLC7A5;NFIL3;GLRX
17,7,anal_pc5_c21_S1.filtered.gene_spectra_score.k_17.dt_0_01.txt,prerank,HALLMARK_APOPTOSIS,-0.4120139457076326,-1.4404692219355548,0.020190023752969122,0.06957465157036749,0.532,39/79,26.20%,LGALS3;GSN;SAT1;ANXA1;SATB1;TNFSF10;CD2;CCND2;IFITM3;ERBB2;HMGB2;PLCB2;DCN;ERBB3;SOD2;CLU;CASP8;RHOB;MMP2;LUM;SLC20A1;CDC25B;EMP1;PPT1;JUN;DPYD;TOP2A;TIMP3;PMAIP1;FAS;BMP2;IER3;CD14;CCND1;TIMP2;BGN;BIRC3;CD69;IL18
17,7,anal_pc5_c21_S1.filtered.gene_spectra_score.k_17.dt_0_01.txt,prerank,HALLMARK_ANGIOGENESIS,-0.4856946161211543,-1.406762507745805,0.040455120101137804,0.09238601274097977,0.662,12/29,24.44%,JAG1;CCND2;COL3A1;FSTL1;FGFR1;TNFRSF21;LUM;S100A4;VCAN;NRP1;JAG2;COL5A2
17,7,anal_pc5_c21_S1.filtered.gene_spectra_score.k_17.dt_0_01.txt,prerank,HALLMARK_ESTROGEN_RESPONSE_LATE,-0.3753052537361391,-1.3649949821169174,0.030562347188264057,0.13314231136580706,0.805,38/106,20.28%,CKB;NBL1;CDH1;CXCL14;IGFBP4;KRT19;AGR2;CA12;TFF3;RAPGEFL1;CA2;LLGL2;ELOVL5;MDK;TOB1;KLF4;FLNB;SCNN1A;ASS1;MYB;UGDH;SLC26A2;SERPINA1;PRSS23;PLXNB1;TJP3;CXCL12;TOP2A;TSPAN13;CPE;PTPN6;HR;BLVRB;FOS;FABP5;SLC16A1;NAB2;FARP1
17,7,anal_pc5_c21_S1.filtered.gene_spectra_score.k_17.dt_0_01.txt,prerank,HALLMARK_INTERFERON_ALPHA_RESPONSE,-0.4126986129392799,-1.3489894592272698,0.05641025641025641,0.14684813753581663,0.858,22/50,25.46%,IFI27;CD74;PARP14;IFITM3;C1S;SP110;TRIM14;SELL;IFI30;CASP8;LPAR6;GBP2;IFI44;PSMB9;MX1;NUB1;DDX60;CSF1;TRIM25;IFI44L;IL7;TRIM5
17,7,anal_pc5_c21_S1.filtered.gene_spectra_score.k_17.dt_0_01.txt,prerank,HALLMARK_E2F_TARGETS,-0.4039203759578307,-1.319354333328674,0.08426270136307311,0.17745897145961623,0.925,46/54,46.56%,TFRC;HELLS;LMNB1;MCM2;HMGB2;MCM4;CDKN2A;KIF22;EZH2;CDC25B;MCM6;CENPM;TK1;CDK1;TOP2A;POLE;MYC;SMC4;MKI67;PTTG1;LIG1;CDKN2C;RRM2;KPNA2;SPAG5;CKS2;TACC3;NCAPD2;BIRC5;CCNB2;PLK1;CIT;TCF19;MELK;ANP32E;CDC20;CDCA8;MYBL2;KIF2C;CENPE;SPC25;DLGAP5;CDKN1A;ORC6;AURKA;AURKB
17,7,anal_pc5_c21_S1.filtered.gene_spectra_score.k_17.dt_0_01.txt,prerank,HALLMARK_G2M_CHECKPOINT,-0.37890911360189594,-1.2881147556644674,0.08536585365853659,0.21746830982650384,0.966,61/68,54.30%,SMAD3;LMNB1;SLC12A2;MCM2;KIF22;EZH2;CDC25B;MCM6;NUSAP1;CDK1;TPX2;TOP2A;POLE;MYC;SMC4;MKI67;PTTG1;E2F1;ODC1;MT2A;CDKN2C;MAP3K20;CCND1;MEIS1;PRC1;KPNA2;KIF11;CKS2;CENPF;TACC3;BIRC5;CCNB2;KIF23;PLK1;NDC80;KIF20B;FANCC;CDC20;CDC45;MYBL2;KIF2C;SNRPD1;RAD54L;NEK2;CENPE;TROAP;CCNF;DMD;ORC6;AURKA;AURKB;MEIS2;INCENP;CENPA;POLQ;TTK;KIF15;EXO1;UBE2C;HMMR;ESPL1
17,7,anal_pc5_c21_S1.filtered.gene_spectra_score.k_17.dt_0_01.txt,prerank,HALLMARK_UV_RESPONSE_UP,-0.37848589407574873,-1.2845127042725437,0.1016949152542373,0.2123257485801465,0.97,29/66,32.64%,EPCAM;TFRC;EPHX1;IGFBP2;CA2;MMP14;MAOA;CREG1;SOD2;RHOB;ARRB2;PPT1;RASGRP1;CCND3;HYAL2;CDKN2B;DNAJB1;FOS;SLC6A8;BMP2;NFKBIA;LYN;PTPRD;FURIN;HSPA2;CDKN1C;PPIF;OLFM1;ABCB1
17,7,anal_pc5_c21_S1.filtered.gene_spectra_score.k_17.dt_0_01.txt,prerank,HALLMARK_MYOGENESIS,-0.3536356427419815,-1.2833600516148929,0.06611570247933884,0.20370545525356776,0.971,38/112,26.00%,GSN;CKB;ITGB4;AK1;NQO1;COL6A2;COL3A1;SPARC;CNN3;COL4A2;ITGB5;BIN1;ERBB3;MYH11;CLU;COL6A3;IGFBP7;COL1A1;SPHK1;SVIL;TAGLN;EFS;GAA;AEBP1;TPM2;DAPK2;EPHB3;SOD3;SORBS3;SCD;VIPR1;SLC6A8;COL15A1;CFD;ACSL1;LSP1;PDLIM7;CDH13
17,7,anal_pc5_c21_S1.filtered.gene_spectra_score.k_17.dt_0_01.txt,prerank,HALLMARK_KRAS_SIGNALING_UP,-0.34041723325191425,-1.2761701017507965,0.0757396449704142,0.20454187182982353,0.977,59/131,29.24%,LAPTM5;TSPAN1;CXCR4;TMEM176B;LCP1;IRF8;CD37;SATB1;ETS1;CA2;CCND2;SPON1;TRAF1;KLF4;TMEM176A;IL7R;MPZL2;CTSS;TNFRSF1B;FUCA1;EPHB2;SLPI;EMP1;CFB;TRIB2;ITGB2;IKZF1;MALL;ENG;TSPAN13;TFPI;GPNMB;CPE;ITGA2;TSPAN7;ACE;MAP4K1;NRP1;BMP2;LAT2;DOCK2;SPARCL1;ADGRA2;IL2RG;ERO1A;DCBLD2;ADAMDEC1;VWA5A;BIRC3;SPRY2;DUSP6;HOXD11;ID2;FCER1G;PLAT;ADAM8;PLAU;CSF2RA;CFH
17,7,anal_pc5_c21_S1.filtered.gene_spectra_score.k_17.dt_0_01.txt,prerank,HALLMARK_IL2_STAT5_SIGNALING,-0.34211846816795716,-1.2732623758720578,0.08098591549295775,0.19897728221093175,0.978,67/127,31.26%,LTB;IRF8;TNFSF10;CA2;MUC1;CCND2;IFITM3;TRAF1;LRIG1;CAPG;WLS;SELL;NFKBIZ;PHTF2;CTSZ;IRF6;ALCAM;COL6A1;DHRS3;TNFRSF21;CDCP1;RHOB;SWAP70;AHR;TNFRSF1B;EMP1;PLPP1;CCR4;CCND3;MYC;TTC39B;ADAM19;ST3GAL4;PRKCH;CD83;HK2;ODC1;IL2RB;NRP1;BMP2;CSF1;CDC42SE2;NDRG1;RORA;ITIH5;NT5E;ECM1;FLT3LG;BATF;CST7;AGER;IKZF2;PLAGL1;SNX9;ICOS;FURIN;PHLDA1;SOCS1;FGL2;GPR65;SMPDL3A;GBP4;PNP;SHE;SCN9A;CDKN1C;IL3RA
17,7,anal_pc5_c21_S1.filtered.gene_spectra_score.k_17.dt_0_01.txt,prerank,HALLMARK_ALLOGRAFT_REJECTION,-0.3382746058127407,-1.248837955257023,0.09929906542056074,0.230890646979067,0.987,55/121,29.04%,LTB;CD74;IRF8;ETS1;FYB1;CD2;ITGAL;CCND2;CD96;ZAP70;PTPRC;PRKCB;CD4;CAPG;FLNA;LCP2;LCK;CDKN2A;CD3E;ST8SIA4;CD3D;GBP2;CTSS;STAT1;ITK;ITGB2;CCND3;CD28;PTPN6;CD1D;FAS;CD247;MAP4K1;IL2RB;FGR;CCL5;CD7;CSF1;STAT4;IL2RG;LY86;SPI1;STAB1;LYN;CD8A;IL7;IL18;CD3G;C2;CD80;SOCS1;IL12RB1;CD40LG;TRAT1;GPR65
17,7,anal_pc5_c21_S1.filtered.gene_spectra_score.k_17.dt_0_01.txt,prerank,HALLMARK_APICAL_SURFACE,-0.4344439049337132,-1.2429997127017962,0.16097560975609757,0.23182045789634742,0.989,18/27,44.34%,ATP8B1;SULF2;GSTM3;EPHB4;CROCC;AKAP7;IL2RB;IL2RG;DCBLD2;LYN;THY1;CX3CL1;PLAUR;GATA3;AFAP1L2;LYPD3;RHCG;MAL
17,7,anal_pc5_c21_S1.filtered.gene_spectra_score.k_17.dt_0_01.txt,prerank,HALLMARK_CHOLESTEROL_HOMEOSTASIS,-0.39782797811489623,-1.2012602569610658,0.20838471023427868,0.2983269813892675,0.997,16/35,25.42%,LGALS3;JAG1;ABCA2;ALCAM;FASN;CLU;MAL2;ANTXR2;PPARG;FADS2;LDLR;FABP5;SCD;CXCL16;HMGCR;ACAT2
17,7,anal_pc5_c21_S1.filtered.gene_spectra_score.k_17.dt_0_01.txt,prerank,HALLMARK_ADIPOGENESIS,-0.3736661572412727,-1.201183522265858,0.19696969696969696,0.28702833872945427,0.997,24/51,25.40%,UCP2;TOB1;BCL6;CAT;NABP1;COL4A1;PPARG;CAVIN1;PFKFB3;LAMA4;APOE;ABCA1;ESRRA;CCNG2;PHLDB1;CDKN2C;SPARCL1;COL15A1;ACOX1;ITIH5;ACAA2;MGLL;PIM3;C3
17,7,anal_pc5_c21_S1.filtered.gene_spectra_score.k_17.dt_0_01.txt,prerank,HALLMARK_DNA_REPAIR,-0.4313399188387641,-1.1881728954948199,0.23449131513647642,0.30068753483781163,0.998,9/22,30.12%,AK1;BCAM;TYMS;ZWINT;LIG1;POLA1;STX3;ARL6IP1;PNP
17,7,anal_pc5_c21_S1.filtered.gene_spectra_score.k_17.dt_0_01.txt,prerank,HALLMARK_REACTIVE_OXYGEN_SPECIES_PATHWAY,-0.4248812967413115,-1.1287595026977244,0.2890528905289053,0.40816042665988417,1.0,8/19,10.28%,TXNRD1;GCLC;NQO1;MGST1;FTL;SOD2;CAT;PFKP
17,7,anal_pc5_c21_S1.filtered.gene_spectra_score.k_17.dt_0_01.txt,prerank,HALLMARK_HEDGEHOG_SIGNALING,-0.4210822628710473,-1.1011614902231346,0.35732647814910024,0.4527661893036012,1.0,12/17,49.32%,ADGRG1;CELSR1;DPYSL2;NRP1;NRP2;NRCAM;THY1;HEY1;VLDLR;CRMP1;VEGFA;UNC5C
17,7,anal_pc5_c21_S1.filtered.gene_spectra_score.k_17.dt_0_01.txt,prerank,HALLMARK_BILE_ACID_METABOLISM,-0.3535058071781829,-1.0729098984768253,0.3801546391752577,0.4984662605131629,1.0,12/37,15.64%,ALDH1A1;ACSL5;NR3C2;RBP1;ABCA2;HSD17B11;TFCP2L1;CAT;LCK;SULT1B1;FADS2;ABCA1
17,7,anal_pc5_c21_S1.filtered.gene_spectra_score.k_17.dt_0_01.txt,prerank,HALLMARK_INTERFERON_GAMMA_RESPONSE,-0.2847677352409048,-1.043964278625196,0.3980815347721823,0.5422113380182473,1.0,45/111,22.22%,NLRC5;IFI27;CIITA;CD74;IRF8;RNF213;TNFSF10;PARP14;IFITM3;C1R;C1S;SP110;ARID5B;BANK1;TRIM14;IFI30;LCP2;SOD2;SAMHD1;RAPGEF6;CASP8;TNFAIP2;ST8SIA4;PFKP;CFB;STAT1;IFI44;MX2;PTPN6;FAS;PSMB9;XAF1;MX1;KLRK1;DDX60;IL2RB;CCL5;OAS3;NFKBIA;MT2A;NOD1;IL18BP;STAT4;TRIM25;IFI44L
17,7,anal_pc5_c21_S1.filtered.gene_spectra_score.k_17.dt_0_01.txt,prerank,HALLMARK_TNFA_SIGNALING_VIA_NFKB,-0.2679203525944452,-1.0336104780443003,0.4168591224018476,0.5482568086349348,1.0,52/150,28.78%,SMAD3;SAT1;REL;SDC4;JAG1;HES1;TRAF1;KLF4;TGIF1;LAMB3;LITAF;IL7R;NFAT5;SOD2;BCL6;PLPP3;TNFAIP2;RHOB;ACKR3;KYNU;EFNA1;TSC22D1;SPHK1;IER5;JUN;PFKFB3;KLF9;EGR1;LDLR;ABCA1;RNF19B;MYC;KDM6B;FOS;CD83;PTGER4;CCL5;BMP2;NFKBIA;CSF1;TNC;IER3;CCND1;BIRC3;CD69;IL18;CD80;BCL2A1;PHLDA1;ID2;NINJ1;PLAU
17,7,anal_pc5_c21_S1.filtered.gene_spectra_score.k_17.dt_0_01.txt,prerank,HALLMARK_KRAS_SIGNALING_DN,0.25054684317255976,0.9974442566994042,0.4205128205128205,0.44828014404569727,0.952,4/78,3.08%,TENT5C;BTG2;DCC;CHST2
17,7,anal_pc5_c21_S1.filtered.gene_spectra_score.k_17.dt_0_01.txt,prerank,HALLMARK_HYPOXIA,-0.2761905608617472,-0.987247574022658,0.5145278450363197,0.632254893778804,1.0,36/111,22.74%,SELENBP1;CXCR4;CA12;GPC1;TGFBI;ETS1;PKP1;SDC4;NEDD4L;SLC2A1;DCN;PLAC8;SLC6A6;COL5A1;ACKR3;PFKP;EFNA1;AMPD3;JUN;CAVIN1;GPC3;PFKFB3;S100A4;GAA;CCNG2;SDC3;FOS;HK2;MT2A;GCNT2;P4HA2;ERO1A;SDC2;NDRG1;RORA;IER3
17,7,anal_pc5_c21_S1.filtered.gene_spectra_score.k_17.dt_0_01.txt,prerank,HALLMARK_WNT_BETA_CATENIN_SIGNALING,-0.36385605687825157,-0.9248561556020009,0.6037267080745342,0.7434155513263808,1.0,6/15,23.58%,JAG1;CCND2;TCF7;MYC;DLL1;JAG2
17,7,anal_pc5_c21_S1.filtered.gene_spectra_score.k_17.dt_0_01.txt,prerank,HALLMARK_PI3K_AKT_MTOR_SIGNALING,-0.3055780471400022,-0.9009760484220847,0.6696658097686375,0.7714476471312924,1.0,17/32,24.00%,CXCR4;PLCG1;PRKCB;SLC2A1;LCK;VAV3;ITPR2;PPP2R1B;CDK1;MKNK2;E2F1;SLA;MKNK1;MAPK10;NOD1;IL2RG;CAMK4
17,7,anal_pc5_c21_S1.filtered.gene_spectra_score.k_17.dt_0_01.txt,prerank,HALLMARK_HEME_METABOLISM,-0.2732773380007264,-0.8838579589721166,0.6815856777493606,0.7829999721812669,1.0,25/55,26.48%,CTSB;SELENBP1;TFRC;UCP2;CA2;BCAM;GCLC;SLC2A1;CAT;KLF3;KDM7A;CCND3;BMP2K;BLVRB;SLC25A37;PDZK1IP1;SLC6A8;P4HA2;LMO2;MBOAT2;LPIN2;C3;SLC7A11;KAT2B;SNCA
17,7,anal_pc5_c21_S1.filtered.gene_spectra_score.k_17.dt_0_01.txt,prerank,HALLMARK_GLYCOLYSIS,-0.25510855057739235,-0.8617823476116543,0.7202453987730061,0.7992299473925201,1.0,25/67,23.86%,ELF3;CXCR4;GPC1;TGFBI;TFF3;GCLC;DSC2;B3GNT3;DCN;QSOX1;COL5A1;PFKP;GPC3;CDK1;VCAN;SDC3;HK2;KIF2A;P4HA2;PLOD2;ERO1A;SDC2;IER3;NT5E;CYB5A
17,7,anal_pc5_c21_S1.filtered.gene_spectra_score.k_17.dt_0_01.txt,prerank,HALLMARK_ANDROGEN_RESPONSE,-0.27613401685190964,-0.8521641981893895,0.728287841191067,0.7947358172045687,1.0,17/41,23.04%,KRT8;SAT1;KRT19;SELENOP;ELOVL5;STK39;ARID5B;MAF;SLC26A2;ABCC4;TSC22D1;PLPP1;CCND3;SCD;HPGD;NDRG1;CCND1
17,7,anal_pc5_c21_S1.filtered.gene_spectra_score.k_17.dt_0_01.txt,prerank,HALLMARK_INFLAMMATORY_RESPONSE,-0.21864916073610602,-0.8248619541198268,0.8183962264150944,0.8199806980790095,1.0,78/141,51.18%,TNFSF10;MMP14;GABBR1;IL7R;SLC4A4;SELL;CYBB;LCP2;LCK;AHR;TNFRSF1B;ITGA5;SPHK1;GPC3;CCR7;RASGRP1;LDLR;ABCA1;ITGB8;MYC;GPR132;PTGER4;IL2RB;CCL5;LPAR1;NFKBIA;CSF1;DCBLD2;CD14;STAB1;PDPN;IL1R1;LYN;PIK3R5;CD69;OSMR;IL18;AXL;PVR;PCDH7;NAMPT;C3AR1;SCARF1;PTPRE;CD55;CX3CL1;CD40;MXD1;PLAUR;SLC7A2;CXCR6;ITGB3;F3;TLR2;ADM;PTAFR;SEMA4D;CALCRL;CCL2;IL18R1;CDKN1A;CCL24;APLNR;PTGIR;P2RX7;LIF;LAMP3;C5AR1;IL18RAP;PTGER2;IRF1;SCN1B;EDN1;LTA;CCL20;CXCL10;IL10RA;RNF144B
17,7,anal_pc5_c21_S1.filtered.gene_spectra_score.k_17.dt_0_01.txt,prerank,HALLMARK_SPERMATOGENESIS,-0.2621388159883252,-0.7970709946553612,0.803030303030303,0.8392870058697527,1.0,15/36,41.32%,SLC12A2;GSTM3;EZH2;CDK1;ACE;CAMK4;HSPA2;CCNB2;SHE;HSPA4L;JAM3;KIF2C;LPIN1;CSNK2A2;NEK2
17,7,anal_pc5_c21_S1.filtered.gene_spectra_score.k_17.dt_0_01.txt,prerank,HALLMARK_IL6_JAK_STAT3_SIGNALING,-0.22612442798461121,-0.7380279814787698,0.869837296620776,0.889726541853284,1.0,37/53,50.66%,LTB;PLA2G2A;A2M;TNFRSF21;TNFRSF1B;STAT1;JUN;FAS;CSF1;IL2RG;CD14;IL17RA;IL1R1;PIK3R5;IL7;OSMR;SOCS1;IL12RB1;CSF2RA;IL3RA;TNFRSF12A;IL2RA;SOCS3;IL1R2;ITGB3;TLR2;MAP3K8;TNF;IL9R;HMOX1;IL18R1;CD36;CXCL1;PIM1;IRF1;CCR1;CXCL10
17,8,anal_pc5_c21_S1.filtered.gene_spectra_score.k_17.dt_0_01.txt,prerank,HALLMARK_EPITHELIAL_MESENCHYMAL_TRANSITION,-0.4264345725763611,-2.0071057216111448,0.0,0.01047882404307961,0.003003003003003003,80/164,24.78%,LRP1;IL32;DST;COL7A1;COL6A2;COL5A1;VEGFA;GPC1;BMP1;IGFBP4;DAB2;TPM1;SAT1;TGFBI;JUN;COL16A1;LAMA3;FBLN1;MMP14;MATN2;CDH11;PMP22;COL1A2;ELN;ITGA5;RHOB;THBS1;COL4A2;COL5A2;COL3A1;SPP1;PLAUR;COL6A3;FBN1;GJA1;SERPINH1;PVR;SDC4;PLOD2;COL1A1;PDGFRB;ID2;LAMC1;COL4A1;SLC6A8;QSOX1;IGFBP2;COL5A3;LAMA2;CXCL12;CTHRC1;FSTL1;FUCA1;LAMC2;ITGA2;DCN;TPM2;TIMP1;CALD1;PRRX1;EDIL3;NNMT;TFPI2;LUM;ITGB5;TNFAIP3;ABI3BP;TIMP3;FN1;FMOD;PDLIM4;NID2;CCN2;CCN1;COL12A1;LOXL1;SPARC;IGFBP3;ADAM12;TGFBR3
17,8,anal_pc5_c21_S1.filtered.gene_spectra_score.k_17.dt_0_01.txt,prerank,HALLMARK_UV_RESPONSE_DN,-0.45785091514531845,-1.896573638420008,0.0,0.01047882404307961,0.006006006006006006,49/69,32.00%,NRP1;ERBB2;DAB2;RUNX1;ICA1;DUSP1;SYNE1;ID1;LDLR;MGLL;ADGRL2;PMP22;COL1A2;CAV1;KCNMA1;COL5A2;COL3A1;FHL2;PPARG;TJP1;PLCB4;RBPMS;CITED2;GJA1;NFIB;LPAR1;COL1A1;PDGFRB;PTPRM;LAMC1;FYN;PDLIM5;IGFBP5;PLPP3;KIT;KALRN;CCN1;TGFBR3;PTGFR;TFPI;FBLN5;VLDLR;SNAI2;PIK3R3;INPP4B;F3;LTBP1;RND3;EFEMP1
17,8,anal_pc5_c21_S1.filtered.gene_spectra_score.k_17.dt_0_01.txt,prerank,HALLMARK_ALLOGRAFT_REJECTION,0.6085422684596331,1.7923479402653257,0.0,0.00754127501413989,0.014,39/121,10.12%,CD74;CD79A;LTB;IRF8;CD40;PTPN6;LY86;PRKCB;TLR6;IL16;LYN;HCLS1;MAP4K1;SPI1;FCGR2B;HDAC9;WAS;CD80;CD1D;GPR65;TLR1;NCF4;ETS1;PTPRC;FGR;LY75;CD86;SIT1;CTSS;IL27RA;IRF7;ST8SIA4;CAPG;IL7;ITGB2;IL2RG;IL6;TNF;CCND3
17,8,anal_pc5_c21_S1.filtered.gene_spectra_score.k_17.dt_0_01.txt,prerank,HALLMARK_ANGIOGENESIS,-0.5411919847647888,-1.7578604786289072,0.0,0.02212196186872362,0.01901901901901902,15/29,23.38%,NRP1;VEGFA;JAG1;FGFR1;JAG2;COL5A2;COL3A1;SPP1;CCND2;TNFRSF21;FSTL1;TIMP1;LUM;PDGFA;SLCO2A1
17,8,anal_pc5_c21_S1.filtered.gene_spectra_score.k_17.dt_0_01.txt,prerank,HALLMARK_APICAL_JUNCTION,-0.39082280569075867,-1.7055110269188773,0.0,0.03230970746616214,0.035035035035035036,38/101,17.54%,CLDN7;PCDH1;FYB1;PLCG1;ITGA3;CLDN4;BMP1;ITGB4;MPZL2;TGFBI;COL16A1;CDH1;ADAM15;LAMA3;THBS3;TRAF1;CDH11;COL17A1;WNK4;ADAM23;CD209;ITGA9;SORBS3;ADAM9;TJP1;LAMB3;FBN1;TSPAN4;NLGN2;CD276;NECTIN4;CLDN5;WASL;LAMC2;VWF;NFASC;CDH3;ITGA2
17,8,anal_pc5_c21_S1.filtered.gene_spectra_score.k_17.dt_0_01.txt,prerank,HALLMARK_TGF_BETA_SIGNALING,-0.5383245100439732,-1.6979303080150048,0.010344827586206896,0.027943530781545625,0.03803803803803804,10/24,14.36%,ID1;CDH1;ENG;THBS1;BMP2;TJP1;TGIF1;SLC20A1;SMAD6;ID2
17,8,anal_pc5_c21_S1.filtered.gene_spectra_score.k_17.dt_0_01.txt,prerank,HALLMARK_ESTROGEN_RESPONSE_EARLY,-0.38044760599895366,-1.6861477200233796,0.0,0.027943530781545628,0.04604604604604605,48/118,18.28%,CLDN7;FOS;ELF3;RAPGEFL1;CA12;XBP1;MLPH;ESRP2;SCNN1A;MUC1;IGFBP4;KLF4;SVIL;NBL1;TJP3;BCL11B;MYB;DHRS3;OVOL2;KAZN;TOB1;KCNK5;AQP3;FHL2;TIAM1;KRT15;P2RY2;GJA1;RHOBTB3;SLC7A5;KRT8;RETREG1;TFF3;LAD1;PPIF;HR;TTC39A;WWC1;PRSS23;FARP1;CISH;AKAP1;CXCL12;THSD4;IL17RB;SLC26A2;KLK10;RASGRP1
17,8,anal_pc5_c21_S1.filtered.gene_spectra_score.k_17.dt_0_01.txt,prerank,HALLMARK_INTERFERON_GAMMA_RESPONSE,0.5810609678277813,1.6837068859481312,0.0010741138560687433,0.03231975006059953,0.108,37/111,13.30%,CD74;BANK1;CIITA;IRF8;CD40;PTPN6;SP110;PARP14;PSMB9;IFI30;PDE4B;ARID5B;CD86;GPR18;ITGB7;ST3GAL5;ISG20;CASP8;NLRC5;IRF7;ST8SIA4;CD38;IL7;MX2;IL6;IL18BP;EPSTI1;IFITM2;FGL2;IFI44L;IFIH1;OAS2;IRF1;RAPGEF6;GBP4;CD69;IFIT2
17,8,anal_pc5_c21_S1.filtered.gene_spectra_score.k_17.dt_0_01.txt,prerank,HALLMARK_ESTROGEN_RESPONSE_LATE,-0.3643083270153054,-1.6683533589327915,0.0,0.027943530781545625,0.05305305305305305,45/106,21.34%,FOS;RAPGEFL1;LLGL2;CA12;XBP1;PLXNB1;SCNN1A;IGFBP4;KLF4;CDH1;AGR2;NBL1;TJP3;MYB;OVOL2;CAV1;CKB;TOB1;KCNK5;TIAM1;FGFR3;SLC7A5;TFF3;PPIF;HR;PRSS23;ID2;FARP1;CISH;CXCL12;CPE;SERPINA1;LAMC2;IL17RB;SLC26A2;KLK10;ASS1;CYP4F11;FABP5;HSPA4L;CA2;TFPI2;MDK;SLC16A1;CXCL14
17,8,anal_pc5_c21_S1.filtered.gene_spectra_score.k_17.dt_0_01.txt,prerank,HALLMARK_INTERFERON_ALPHA_RESPONSE,0.6070593232374131,1.627939794479843,0.012391573729863693,0.04596586675285267,0.217,19/50,13.30%,CD74;SELL;SP110;PARP14;PSMB9;IFI30;ISG20;CASP8;IRF7;IL7;EPSTI1;IFITM2;IFI44L;IFIH1;TMEM140;IRF1;GBP4;NUB1;IFIT2
17,8,anal_pc5_c21_S1.filtered.gene_spectra_score.k_17.dt_0_01.txt,prerank,HALLMARK_CHOLESTEROL_HOMEOSTASIS,-0.44237841984037685,-1.5308718100687622,0.024390243902439025,0.07771794498617378,0.16216216216216217,12/35,24.98%,JAG1;LGALS3;ABCA2;LDLR;LGMN;PPARG;PLAUR;ERRFI1;SCD;FABP5;MAL2;CLU
17,8,anal_pc5_c21_S1.filtered.gene_spectra_score.k_17.dt_0_01.txt,prerank,HALLMARK_UNFOLDED_PROTEIN_RESPONSE,-0.48748399790074126,-1.5027540619948465,0.04923076923076923,0.0807257555911318,0.19019019019019018,19/23,42.82%,XBP1;VEGFA;HSP90B1;ERN1;DNAJA4;SLC7A5;DNAJB9;CCL2;PSAT1;HSPA5;SLC1A4;CEBPB;HERPUD1;TUBB2A;SHC1;ERO1A;IFIT1;ATF3;STC2
17,8,anal_pc5_c21_S1.filtered.gene_spectra_score.k_17.dt_0_01.txt,prerank,HALLMARK_P53_PATHWAY,-0.32165149386281006,-1.3848868812704473,0.01834862385321101,0.1529908310289623,0.36036036036036034,37/89,22.32%,EPS8L2;FOS;CTSD;ABCC5;AK1;ITGB4;KLF4;SAT1;JUN;CDKN2B;EPHA2;EPHX1;KIF13B;JAG2;TM4SF1;NUPR1;CDH13;TP63;SPHK1;TOB1;BMP2;CCND2;GPX2;CEBPA;VWA5A;NDRG1;FUCA1;UPP1;NINJ1;LIF;HSPA4L;DRAM1;MXD1;PITPNC1;PDGFA;CLCA2;PPP1R15A
17,8,anal_pc5_c21_S1.filtered.gene_spectra_score.k_17.dt_0_01.txt,prerank,HALLMARK_KRAS_SIGNALING_UP,0.45835046669149454,1.340788403366777,0.05931321540062435,0.4846615852837405,0.965,18/131,8.90%,CD37;CXCR4;LAPTM5;IRF8;LAT2;LCP1;DOCK2;MAP4K1;IKZF1;ST6GAL1;KCNN4;HDAC9;BIRC3;ETS1;CTSS;ADAM8;ITGB2;IL2RG
17,8,anal_pc5_c21_S1.filtered.gene_spectra_score.k_17.dt_0_01.txt,prerank,HALLMARK_PI3K_AKT_MTOR_SIGNALING,0.5195821219552386,1.3329047853636593,0.1271523178807947,0.40938350076759406,0.97,7/32,12.42%,CXCR4;PRKCB;DAPP1;MKNK2;IL2RG;SLC2A1;ITPR2
17,8,anal_pc5_c21_S1.filtered.gene_spectra_score.k_17.dt_0_01.txt,prerank,HALLMARK_COAGULATION,-0.3122806290503184,-1.3004338107343285,0.06060606060606061,0.2264061073550231,0.5115115115115115,42/79,32.64%,LRP1;BMP1;C1S;C1R;C2;LGMN;MMP14;CFB;A2M;ANXA1;THBS1;CTSB;ADAM9;FBN1;PRSS23;C1QA;PLAU;FYN;SERPINA1;VWF;ITGA2;TIMP1;TFPI2;TIMP3;FN1;PECAM1;CFH;SPARC;CFD;CLU;C3;PDGFB;PLAT;SERPING1;CTSK;APOC2;SERPINB2;F3;HPN;HTRA1;GDA;CPQ
17,8,anal_pc5_c21_S1.filtered.gene_spectra_score.k_17.dt_0_01.txt,prerank,HALLMARK_BILE_ACID_METABOLISM,-0.36181313216354066,-1.2713255274753659,0.1111111111111111,0.24305050211031873,0.5715715715715716,18/37,37.26%,NR3C2;ABCA1;TFCP2L1;ABCA2;ABCA8;CYP7B1;ABCA6;CYP27A1;NR1I2;BMP6;SULT1B1;SLC29A1;HSD17B6;ACSL5;CH25H;AR;ALDH1A1;SLC27A2
17,8,anal_pc5_c21_S1.filtered.gene_spectra_score.k_17.dt_0_01.txt,prerank,HALLMARK_UV_RESPONSE_UP,-0.31551683999914354,-1.266871439949009,0.07352941176470588,0.22945937776384584,0.5785785785785785,18/66,15.62%,FOS;EPCAM;CDKN2B;MAOA;EPHX1;MMP14;HYAL2;PTPRD;RHOB;BMP2;AQP3;RAB27A;DLG4;FOSB;PPIF;CREG1;SLC6A8;IGFBP2
17,8,anal_pc5_c21_S1.filtered.gene_spectra_score.k_17.dt_0_01.txt,prerank,HALLMARK_HEDGEHOG_SIGNALING,-0.43574312131507004,-1.2373661916077061,0.20708446866485014,0.24949581054951453,0.6346346346346347,8/17,27.48%,NRP1;VEGFA;ADGRG1;NRP2;ACHE;NRCAM;HEY1;VLDLR
17,8,anal_pc5_c21_S1.filtered.gene_spectra_score.k_17.dt_0_01.txt,prerank,HALLMARK_IL2_STAT5_SIGNALING,0.4175266159471719,1.2323320164110363,0.15376676986584106,0.6271827053426342,0.998,14/127,6.50%,CD79B;LTB;IRF8;SELL;SWAP70;CD83;ADAM19;CTSZ;RHOH;GPR65;CD48;CD86;BCL2;TLR7
17,8,anal_pc5_c21_S1.filtered.gene_spectra_score.k_17.dt_0_01.txt,prerank,HALLMARK_MYOGENESIS,-0.2807365641152879,-1.2107938220365397,0.1076923076923077,0.2636006403725804,0.6786786786786787,54/112,32.68%,COL6A2;AK1;ITGB4;ERBB3;SVIL;EFS;EPHB3;CKB;IGFBP7;CDH13;SPHK1;COL4A2;CNN3;COL3A1;SOD3;SORBS3;COL6A3;KIFC3;COL1A1;DTNA;SLC6A8;LAMA2;NCAM1;BDKRB2;COL15A1;TPM2;SCD;ACHE;SMTN;MAPRE3;ITGB5;CACNA1H;NQO1;VIPR1;DAPK2;APLNR;SPARC;GAA;IGFBP3;ADAM12;CFD;CLU;MYH11;CDKN1A;GPX3;PDLIM7;KCNH2;ITGA7;SORBS1;CRYAB;SPEG;LDB3;ATP2A1;NAV2
17,8,anal_pc5_c21_S1.filtered.gene_spectra_score.k_17.dt_0_01.txt,prerank,HALLMARK_ADIPOGENESIS,-0.30345869091163225,-1.168210706799998,0.2222222222222222,0.31370979478969585,0.7707707707707707,29/51,34.18%,ABCA1;APOE;MGLL;LAMA4;ESRRA;PHLDB1;SPARCL1;ITIH5;TOB1;PPARG;ITSN1;COL4A1;ME1;COL15A1;LIFR;DNAJB9;FZD4;CAVIN1;ACOX1;C3;GPX3;ITGA7;ACAA2;SORBS1;CYP4B1;CAVIN2;GADD45A;SNCG;ENPP2
17,8,anal_pc5_c21_S1.filtered.gene_spectra_score.k_17.dt_0_01.txt,prerank,HALLMARK_DNA_REPAIR,0.478747307184336,1.1246260500063132,0.33771929824561403,0.8987968588281013,1.0,5/22,13.48%,HCLS1;PDE4B;POLH;USP11;NT5C3A
17,8,anal_pc5_c21_S1.filtered.gene_spectra_score.k_17.dt_0_01.txt,prerank,HALLMARK_IL6_JAK_STAT3_SIGNALING,0.41766024189064654,1.1208636595891928,0.3213038416763679,0.7994424843114546,1.0,12/53,12.70%,LTB;ITGA4;CD38;IL7;IL2RG;IL6;PIK3R5;MAP3K8;TNF;CCR1;IRF1;IL12RB1
17,8,anal_pc5_c21_S1.filtered.gene_spectra_score.k_17.dt_0_01.txt,prerank,HALLMARK_APOPTOSIS,-0.2704372958202353,-1.1056723814493015,0.2564102564102564,0.3959351751179296,0.8528528528528528,26/79,21.64%,CD2;ERBB2;CD14;ERBB3;TIMP2;PRF1;LGALS3;SAT1;JUN;FASLG;CAV1;ANXA1;RHOB;DPYD;BMP2;EMP1;CCND2;TNFSF10;SLC20A1;PDGFRB;DCN;TIMP1;IL18;SATB1;LUM;TIMP3
17,8,anal_pc5_c21_S1.filtered.gene_spectra_score.k_17.dt_0_01.txt,prerank,HALLMARK_WNT_BETA_CATENIN_SIGNALING,-0.4083278582982218,-1.0801351395462364,0.3736842105263158,0.4199291709115607,0.8788788788788788,6/15,22.80%,JAG1;JAG2;CCND2;CSNK1E;DLL1;HEY1
17,8,anal_pc5_c21_S1.filtered.gene_spectra_score.k_17.dt_0_01.txt,prerank,HALLMARK_MTORC1_SIGNALING,0.370170834108079,1.0421420594616646,0.41647597254004576,0.9504999087266318,1.0,11/72,12.32%,CXCR4;CORO1A;DAPP1;ELOVL5;IFI30;BTG2;ITGB2;GLRX;FGL2;TUBA4A;SLC2A1
17,8,anal_pc5_c21_S1.filtered.gene_spectra_score.k_17.dt_0_01.txt,prerank,HALLMARK_XENOBIOTIC_METABOLISM,-0.24878230664813386,-1.0217510974745918,0.3867924528301887,0.5176906755317927,0.933933933933934,33/80,27.88%,TMEM176B;ABCC3;IGFBP4;EPHA2;APOE;MAN1A1;MAOA;EPHX1;FBLN1;GCLC;BCAR1;CFB;IL1R1;PTGR1;AKR1C2;ID2;SLC12A4;UPP1;CYP27A1;CES1;PDLIM5;NINJ1;PDK4;CA2;NQO1;AKR1C3;ALDH3A1;ATOH8;NDRG2;ACOX1;UGDH;CYP2C18;PTGES
17,8,anal_pc5_c21_S1.filtered.gene_spectra_score.k_17.dt_0_01.txt,prerank,HALLMARK_INFLAMMATORY_RESPONSE,0.3307270824633621,0.9872931977294973,0.5105042016806722,1.0,1.0,18/141,9.62%,CD40;SELL;CYBB;LYN;GPR183;TLR1;CD48;GPR132;PDE4B;BTG2;LTA;SEMA4D;SLAMF1;IRF7;CCR7;IL6;PIK3R5;CD55
17,8,anal_pc5_c21_S1.filtered.gene_spectra_score.k_17.dt_0_01.txt,prerank,HALLMARK_GLYCOLYSIS,-0.23429548305903647,-0.978460383173682,0.5081967213114754,0.5834958521321496,0.9579579579579579,19/67,18.16%,ELF3;COL5A1;VEGFA;GPC1;TGFBI;B3GNT3;PAM;GCLC;MERTK;CHPF;P4HA2;SPAG4;CITED2;TFF3;PLOD2;QSOX1;ME1;DSC2;DCN
17,8,anal_pc5_c21_S1.filtered.gene_spectra_score.k_17.dt_0_01.txt,prerank,HALLMARK_REACTIVE_OXYGEN_SPECIES_PATHWAY,0.42158584456788867,0.9390609327792895,0.5597122302158274,1.0,1.0,2/19,3.24%,HHEX;LSP1
17,8,anal_pc5_c21_S1.filtered.gene_spectra_score.k_17.dt_0_01.txt,prerank,HALLMARK_COMPLEMENT,0.3204930917615075,0.9313237941224288,0.6203605514316013,0.9794230924614183,1.0,26/122,13.66%,CR1;CTSH;CR2;LYN;WAS;PLEK;KYNU;PSMB9;CTSS;IRF7;DGKG;EHD1;DOCK10;IL6;PIK3R5;CD55;ZEB1;GNGT2;SH2B3;KCNIP2;PRKCD;IRF1;ITGAM;STX4;GCA;LTA4H
17,8,anal_pc5_c21_S1.filtered.gene_spectra_score.k_17.dt_0_01.txt,prerank,HALLMARK_ANDROGEN_RESPONSE,-0.25523995701629154,-0.9163550294350917,0.6310679611650486,0.6969249641349773,0.980980980980981,15/41,18.74%,MAF;SAT1;PLPP1;HPGD;MERTK;SELENOP;KRT8;IQGAP2;NDRG1;ADAMTS1;SLC26A2;LIFR;PDLIM5;DNAJB9;SCD
17,8,anal_pc5_c21_S1.filtered.gene_spectra_score.k_17.dt_0_01.txt,prerank,HALLMARK_G2M_CHECKPOINT,-0.21405149837349768,-0.8681574440048436,0.7391304347826086,0.7644778449610352,0.98998998998999,33/68,49.56%,MEIS1;SLC12A2;KIF22;SLC7A5;SMC4;MEIS2;E2F1;FANCC;KIF23;AURKB;CKS2;EZH2;PRC1;POLE;KIF20B;TPX2;CDC45;RAD54L;DMD;SLC7A1;TOP2A;POLQ;TROAP;EFNA5;CENPF;TTK;ATF5;CENPA;ORC6;NDC80;KIF2C;ESPL1;MKI67
17,8,anal_pc5_c21_S1.filtered.gene_spectra_score.k_17.dt_0_01.txt,prerank,HALLMARK_TNFA_SIGNALING_VIA_NFKB,0.2817769491124494,0.837954760165465,0.7923156801661475,1.0,1.0,21/150,10.02%,CD83;REL;IER5;GPR183;CD80;PLEK;BIRC3;KYNU;NFKB2;PDE4B;SLC2A6;BTG2;NFKBIE;KLF2;BCL2A1;EHD1;EGR3;IL6;MAP3K8;TNF;LITAF
17,8,anal_pc5_c21_S1.filtered.gene_spectra_score.k_17.dt_0_01.txt,prerank,HALLMARK_HEME_METABOLISM,0.27045843738513703,0.7327157964744393,0.8303249097472925,1.0,1.0,9/55,12.32%,UCP2;LMO2;BTG2;ACP5;BMP2K;GYPE;CCND3;KAT2B;SLC2A1
17,8,anal_pc5_c21_S1.filtered.gene_spectra_score.k_17.dt_0_01.txt,prerank,HALLMARK_MITOTIC_SPINDLE,0.25609726094725144,0.7191116216646459,0.8691384950926936,1.0,1.0,11/77,14.42%,DOCK2;CNTRL;ARHGAP4;RHOF;BIN1;ARHGAP27;PREX1;TUBA4A;RAPGEF6;MAP1S;PIF1
17,8,anal_pc5_c21_S1.filtered.gene_spectra_score.k_17.dt_0_01.txt,prerank,HALLMARK_E2F_TARGETS,-0.18148315728046824,-0.6933957065173555,0.9651162790697675,0.9754418380971063,0.998998998998999,30/54,55.46%,PRDX4;KIF22;SMC4;MELK;KIF18B;DIAPH3;CDKN1A;TFRC;AURKB;CKS2;EZH2;LIG1;SPAG5;MCM4;POLE;CDKN2A;TOP2A;CIT;ORC6;TCF19;KIF2C;HELLS;ESPL1;MKI67;RRM2;CDK1;AURKA;TK1;MCM2;KIF4A
17,8,anal_pc5_c21_S1.filtered.gene_spectra_score.k_17.dt_0_01.txt,prerank,HALLMARK_PEROXISOME,-0.20912669166602577,-0.6888069185341376,0.9380165289256198,0.9382913695240868,0.998998998998999,15/32,42.30%,HSD11B2;ABCC5;DHRS3;DLG4;NR1I2;SEMA3C;ACOX1;ACSL5;SOD2;ALDH1A1;SLC27A2;HSD17B11;TOP2A;CRABP2;FDPS
17,8,anal_pc5_c21_S1.filtered.gene_spectra_score.k_17.dt_0_01.txt,prerank,HALLMARK_KRAS_SIGNALING_DN,0.24530727654802012,0.6881153835265301,0.8974358974358975,1.0,1.0,9/78,13.40%,TCL1A;CD80;BTG2;SLC12A3;MAST3;IFI44L;PDE6B;LFNG;STAG3
17,8,anal_pc5_c21_S1.filtered.gene_spectra_score.k_17.dt_0_01.txt,prerank,HALLMARK_APICAL_SURFACE,0.2693840923059698,0.6560721207987003,0.8904494382022472,1.0,1.0,3/27,8.90%,LYN;NTNG1;IL2RG
17,8,anal_pc5_c21_S1.filtered.gene_spectra_score.k_17.dt_0_01.txt,prerank,HALLMARK_HYPOXIA,0.20921832031996312,0.609138317998382,0.9644779332615716,1.0,1.0,9/111,9.12%,CXCR4;ETS1;PLAC8;BCL2;CCNG2;ISG20;SLC2A5;AMPD3;IL6
17,8,anal_pc5_c21_S1.filtered.gene_spectra_score.k_17.dt_0_01.txt,prerank,HALLMARK_FATTY_ACID_METABOLISM,0.19792175460346417,0.5128807451719875,0.9838107098381071,1.0,1.0,2/44,4.44%,ELOVL5;CD1D
17,8,anal_pc5_c21_S1.filtered.gene_spectra_score.k_17.dt_0_01.txt,prerank,HALLMARK_SPERMATOGENESIS,0.15233714259325043,0.38990068676279455,0.9960886571056062,0.9990573406232325,1.0,7/36,19.78%,SLC2A5;LPIN1;CSNK2A2;JAM3;NEK2;BUB1;DPEP3
17,9,anal_pc5_c21_S1.filtered.gene_spectra_score.k_17.dt_0_01.txt,prerank,HALLMARK_ALLOGRAFT_REJECTION,-0.5396340024116629,-2.367290522416964,0.0,0.0,0.0,73/121,27.30%,CTSS;CCND2;IL2RG;ITGAL;SRGN;IL16;CD74;CD79A;HCLS1;ETS1;ITGB2;LTB;CD2;PTPN6;PTPRC;FYB1;CD96;IRF8;ZAP70;MAP4K1;IRF4;CD3E;CD3D;FGR;CSF1;LCP2;CD40;NCF4;CD8A;PRKCB;CCL5;TIMP1;IL2RB;CD4;LCK;STAB1;ITK;WAS;CD28;SPI1;CD1D;THY1;CD247;CCR5;IL12RB1;IRF7;LY75;ST8SIA4;FLNA;STAT4;CCL11;CCL2;CD3G;GZMA;CD7;LY86;IL27RA;PRF1;C2;FAS;SIT1;IL7;GPR65;CCND3;CXCR3;TRAT1;FCGR2B;FASLG;TLR6;CCL4;JAK2;CCR1;CD40LG
17,9,anal_pc5_c21_S1.filtered.gene_spectra_score.k_17.dt_0_01.txt,prerank,HALLMARK_KRAS_SIGNALING_DN,0.7384151847689939,1.9792808489150104,0.0,0.0,0.0,19/78,8.06%,SPRR3;KRT13;KLK7;SLC6A14;TGM1;LYPD3;SERPINB2;KRT4;ALOX12B;CALML5;PKP1;SGK1;KLK8;AKR1B10;KRT15;SPTBN2;FGFR3;EDN2;MX1
17,9,anal_pc5_c21_S1.filtered.gene_spectra_score.k_17.dt_0_01.txt,prerank,HALLMARK_E2F_TARGETS,0.7473255565471614,1.898203586799353,0.0,0.00043914513081201925,0.001,47/54,22.46%,CDKN2A;CDKN1A;MCM4;MCM2;ESPL1;HELLS;TCF19;MCM6;TK1;EZH2;CDK1;SMC4;PTTG1;RRM2;CDKN2C;CENPM;ORC6;LIG1;LMNB1;CKS2;MYBL2;TOP2A;BIRC5;HMGB2;MELK;TFRC;KPNA2;CDCA3;CCNB2;HMMR;KIF2C;DEPDC1;CIT;MKI67;DLGAP5;ANP32E;SPC25;MYC;PLK1;CDC20;NCAPD2;DIAPH3;POLE;KIF18B;CDCA8;CENPE;TACC3
17,9,anal_pc5_c21_S1.filtered.gene_spectra_score.k_17.dt_0_01.txt,prerank,HALLMARK_G2M_CHECKPOINT,0.6781035899154104,1.7660835963929962,0.0,0.0038059244670375003,0.013,54/68,23.12%,MCM2;ESPL1;MCM6;E2F1;EZH2;CDK1;SMC4;NUSAP1;PTTG1;ODC1;CDKN2C;TPX2;ORC6;MEIS1;PRC1;LMNB1;KIF11;CKS2;RAD54L;SMAD3;SNRPD1;MYBL2;TOP2A;CDC45;BIRC5;POLQ;NEK2;TTK;KIF23;KPNA2;CCNF;MT2A;UBE2C;CCNB2;FBXO5;NDC80;HMMR;KIF2C;MKI67;TROAP;MYC;PLK1;SLC7A1;CENPF;CDC20;MAP3K20;KIF20B;POLE;BUB1;EXO1;CENPE;KIF15;TACC3;CENPA
17,9,anal_pc5_c21_S1.filtered.gene_spectra_score.k_17.dt_0_01.txt,prerank,HALLMARK_P53_PATHWAY,0.5871571141462524,1.582216216842287,0.00547645125958379,0.0753133899342613,0.278,48/89,21.08%,EPHA2;CLCA2;SAT1;SERPINB5;CDKN2A;CDKN2B;TM4SF1;KRT17;NDRG1;CDKN1A;ABCC5;KLK8;EPHX1;TP63;GPX2;GM2A;IL1A;SPHK1;SLC7A11;RRAD;GADD45A;HSPA4L;MDM2;EPS8L2;ZNF365;HBEGF;RNF19B;DDIT4;TGFA;KLF4;ALOX15B;MXD1;ATF3;HMOX1;UPP1;CDH13;ITGB4;TRIB3;RAP2B;TSC22D1;TRAF4;SLC19A2;NUPR1;PLK2;NINJ1;JAG2;DDIT3;TCHH
17,9,anal_pc5_c21_S1.filtered.gene_spectra_score.k_17.dt_0_01.txt,prerank,HALLMARK_APICAL_SURFACE,0.6687055346068818,1.5438536720781806,0.029216467463479414,0.0981928512495675,0.418,3/27,1.48%,RHCG;LYPD3;MAL
17,9,anal_pc5_c21_S1.filtered.gene_spectra_score.k_17.dt_0_01.txt,prerank,HALLMARK_ESTROGEN_RESPONSE_EARLY,0.5420926590398228,1.4839688205650496,0.010471204188481676,0.15560375801772547,0.613,35/118,13.48%,KLK10;KRT13;CLIC3;AQP3;ZNF185;ANXA9;SULT2B1;KRT19;SLC2A1;RAPGEFL1;KRT15;P2RY2;DHRS3;UGCG;TFAP2C;HR;PMAIP1;MAST4;KAZN;WWC1;RHOD;SCNN1A;CELSR1;PRSS23;ELF3;TIPARP;PTGES;FASN;BLVRB;RAB31;LAD1;KLF4;NAV2;GJA1;FLNB
17,9,anal_pc5_c21_S1.filtered.gene_spectra_score.k_17.dt_0_01.txt,prerank,HALLMARK_CHOLESTEROL_HOMEOSTASIS,0.6157834378910556,1.4768949859470475,0.05966277561608301,0.14077738193459588,0.632,19/35,17.62%,FABP5;MAL2;ALCAM;SCD;ACAT2;ERRFI1;LDLR;MVK;HMGCR;TM7SF2;CXCL16;FASN;FDPS;HMGCS1;JAG1;ATF3;PLAUR;NFIL3;TRIB3
17,9,anal_pc5_c21_S1.filtered.gene_spectra_score.k_17.dt_0_01.txt,prerank,HALLMARK_ESTROGEN_RESPONSE_LATE,0.5325429051038856,1.4408274374488235,0.015021459227467811,0.17214489127831153,0.753,26/106,11.76%,KLK10;KRT13;KLK11;CLIC3;ANXA9;SULT2B1;NMU;FABP5;KRT19;MDK;RAPGEFL1;SGK1;ASS1;TFAP2C;HR;FGFR3;HSPA4L;CYP4F11;SCNN1A;PRSS23;CXCL14;PLXNB1;PTGES;BLVRB;RAB31;CPE
17,9,anal_pc5_c21_S1.filtered.gene_spectra_score.k_17.dt_0_01.txt,prerank,HALLMARK_IL6_JAK_STAT3_SIGNALING,-0.3852065037311269,-1.411997129479763,0.018518518518518517,0.29267154193247236,0.2888665997993982,17/53,17.16%,PLA2G2A;IL2RG;A2M;ITGA4;LTB;TNFRSF1B;IL1R2;CSF1;CSF2RB;IRF1;PIK3R5;IL3RA;CD14;CSF3R;IL12RB1;CD38;ITGB3
17,9,anal_pc5_c21_S1.filtered.gene_spectra_score.k_17.dt_0_01.txt,prerank,HALLMARK_EPITHELIAL_MESENCHYMAL_TRANSITION,-0.31732016861287116,-1.3993075732939786,0.0,0.20652455785488305,0.30090270812437314,66/164,21.46%,COL6A2;TPM1;WIPF1;COL3A1;COL1A2;NT5E;COL6A3;ANPEP;IL32;FN1;IGFBP4;DCN;COL5A1;LRP1;ITGA5;MMP2;COL1A1;COL5A2;SPARC;VCAN;CXCL12;TIMP3;LUM;DAB2;NID2;FBLN5;PCOLCE;EDIL3;FUCA1;MYLK;COL4A1;COL4A2;PMP22;THBS1;GLIPR1;LAMA2;FMOD;FBN1;COL16A1;TIMP1;CALD1;EMP3;PDGFRB;ABI3BP;PMEPA1;MXRA5;VCAM1;NNMT;TPM2;MYL9;THY1;CCN2;LOXL2;MGP;FLNA;ID2;ITGB3;SPP1;MATN2;BGN;ACTA2;SFRP1;SERPINH1;FAS;TFPI2;SLIT3
17,9,anal_pc5_c21_S1.filtered.gene_spectra_score.k_17.dt_0_01.txt,prerank,HALLMARK_TNFA_SIGNALING_VIA_NFKB,0.4797869231512145,1.3370564148224742,0.049586776859504134,0.35180404368385104,0.957,55/150,20.48%,SERPINB2;SAT1;MAFF;CDKN1A;SGK1;IL23A;VEGFA;SERPINB8;IL1A;ACKR3;SPHK1;TNFAIP2;SDC4;CEBPB;NAMPT;LDLR;GADD45A;DUSP5;BCL6;FOSL1;SOD2;PHLDA1;TIPARP;PHLDA2;HBEGF;PLAU;NFKBIA;RNF19B;KYNU;JAG1;KLF4;SMAD3;TLR2;LAMB3;TGIF1;MXD1;ATF3;PDLIM5;PLAUR;F3;NFIL3;EGR1;IFIT2;TSC22D1;RHOB;HES1;MYC;DUSP1;CXCL6;CXCL10;PLK2;PFKFB3;NINJ1;ZC3H12A;RCAN1
17,9,anal_pc5_c21_S1.filtered.gene_spectra_score.k_17.dt_0_01.txt,prerank,HALLMARK_MTORC1_SIGNALING,0.4961590540527498,1.315550658088582,0.11312217194570136,0.370375003326857,0.972,27/72,16.54%,ERO1A;SLC2A1;CDKN1A;GCLC;SCD;MCM4;MCM2;TXNRD1;SLC7A11;NAMPT;PHGDH;LDLR;PIK3R3;INSIG1;VLDLR;HMGCR;TM7SF2;HMGCS1;RRM2;PSAT1;DDIT4;SLC6A6;ME1;TFRC;CCNF;NFIL3;LTA4H
17,9,anal_pc5_c21_S1.filtered.gene_spectra_score.k_17.dt_0_01.txt,prerank,HALLMARK_HYPOXIA,0.47409003899314356,1.3098516720866207,0.08254963427377221,0.3488409230032204,0.976,31/111,16.50%,SULT2B1;ERO1A;PKP1;PIM1;SLC2A1;NDRG1;MAFF;CDKN1A;GPC1;VEGFA;ACKR3;TMEM45A;SDC4;ERRFI1;BNIP3L;EDN2;VLDLR;GPC3;TIPARP;LOX;DDIT4;ADM;PGF;MXI1;SLC6A6;ATF3;HMOX1;PLAUR;F3;NFIL3;MT2A
17,9,anal_pc5_c21_S1.filtered.gene_spectra_score.k_17.dt_0_01.txt,prerank,HALLMARK_ANGIOGENESIS,-0.39645281385817005,-1.242049859712026,0.14601769911504425,0.38209895752295003,0.5857572718154463,10/29,17.96%,CCND2;COL3A1;COL5A2;VCAN;LUM;SLCO2A1;TIMP1;NRP1;S100A4;SPP1
17,9,anal_pc5_c21_S1.filtered.gene_spectra_score.k_17.dt_0_01.txt,prerank,HALLMARK_FATTY_ACID_METABOLISM,0.49071519757390575,1.2231865225498175,0.22660098522167488,0.5432225268144678,0.997,13/44,11.58%,GLUL;ALDH3A1;ALDH1A1;EPHX1;VNN1;ACAT2;CBR3;FASN;CEL;HMGCS1;TP53INP2;ODC1;ACSL1
17,9,anal_pc5_c21_S1.filtered.gene_spectra_score.k_17.dt_0_01.txt,prerank,HALLMARK_KRAS_SIGNALING_UP,-0.2900636357741896,-1.2059410461160402,0.0967741935483871,0.3696903687568073,0.6619859578736209,38/131,13.38%,CTSS;CA2;TMEM176B;CCND2;SPON1;LAPTM5;IKZF1;IL2RG;TMEM176A;EPHB2;DOCK2;PECAM1;ENG;ETS1;ITGB2;CD37;LCP1;KCNN4;IRF8;TNFRSF1B;IL10RA;ADAMDEC1;ACE;CXCR4;MAP4K1;TRAF1;ADGRA2;FUCA1;CFH;ADAM8;ABCB1;LAT2;PLVAP;IL7R;VWA5A;NRP1;ST6GAL1;DUSP6
17,9,anal_pc5_c21_S1.filtered.gene_spectra_score.k_17.dt_0_01.txt,prerank,HALLMARK_HEDGEHOG_SIGNALING,0.5617288601708997,1.2054765887530157,0.291970802919708,0.5502150685127823,0.999,8/17,17.74%,VEGFA;SLIT1;ADGRG1;VLDLR;CELSR1;HEY1;NRCAM;CRMP1
17,9,anal_pc5_c21_S1.filtered.gene_spectra_score.k_17.dt_0_01.txt,prerank,HALLMARK_XENOBIOTIC_METABOLISM,0.43792208425249307,1.1838866202833207,0.23145071982281284,0.5673755090091289,0.999,24/80,16.92%,EPHA2;ALDH3A1;NDRG2;CYP2C18;EPHX1;VNN1;GCLC;CES1;AKR1C2;AKR1C3;NQO1;PTGR1;FMO3;PTGES;TPST1;BLVRB;KYNU;SLC6A6;PDLIM5;HMOX1;UPP1;MT2A;PPARD;CD36
17,9,anal_pc5_c21_S1.filtered.gene_spectra_score.k_17.dt_0_01.txt,prerank,HALLMARK_INTERFERON_GAMMA_RESPONSE,-0.266278929372506,-1.1629187119835394,0.13725490196078433,0.38480887920751006,0.7452357071213641,45/111,22.02%,NLRC5;CD74;C1S;SLAMF7;PTPN6;CIITA;IRF8;IL10RA;ITGB7;IRF4;ZBP1;C1R;RNF213;CSF2RB;EIF4E3;LCP2;CD40;CASP8;CFH;SP110;CCL5;IL2RB;IRF1;KLRK1;ST3GAL5;BANK1;SAMHD1;FGL2;VCAM1;IRF7;CD38;ST8SIA4;SAMD9L;STAT4;CCL2;TRIM14;SERPING1;GZMA;ISG20;PDE4B;FAS;IFI30;IL7;CD69;RAPGEF6
17,9,anal_pc5_c21_S1.filtered.gene_spectra_score.k_17.dt_0_01.txt,prerank,HALLMARK_ANDROGEN_RESPONSE,0.46974808324950995,1.1622576769794202,0.29219143576826195,0.587400526974157,0.999,11/41,11.64%,SAT1;KRT19;NDRG1;SGK1;SCD;STEAP4;DBI;INSIG1;HMGCR;HMGCS1;INPP4B
17,9,anal_pc5_c21_S1.filtered.gene_spectra_score.k_17.dt_0_01.txt,prerank,HALLMARK_HEME_METABOLISM,0.45723221848626006,1.1566452373599554,0.27144535840188017,0.5649053176483112,0.999,14/55,10.92%,AQP3;SLC2A1;CTSB;SLC6A8;GCLC;KLF3;SLC7A11;MBOAT2;BNIP3L;PDZK1IP1;ALDH1L1;DAAM1;BCAM;BLVRB
17,9,anal_pc5_c21_S1.filtered.gene_spectra_score.k_17.dt_0_01.txt,prerank,HALLMARK_UV_RESPONSE_DN,-0.28632609665705755,-1.1188314697022361,0.2,0.4122341016692969,0.8184553660982948,19/69,13.04%,PPARG;TGFBR2;CELF2;COL3A1;COL1A2;FHL2;COL1A1;COL5A2;PIK3CD;DAB2;FBLN5;PLPP3;PMP22;KCNMA1;FYN;MGLL;PDGFRB;NRP1;KALRN
17,9,anal_pc5_c21_S1.filtered.gene_spectra_score.k_17.dt_0_01.txt,prerank,HALLMARK_PEROXISOME,0.4725126444712063,1.1133568107025877,0.35543766578249336,0.6442517389677507,1.0,11/32,14.58%,SULT2B1;CRABP2;ALDH1A1;ABCC5;DHRS3;SOD2;CEL;FDPS;ACSL1;STS;TOP2A
17,9,anal_pc5_c21_S1.filtered.gene_spectra_score.k_17.dt_0_01.txt,prerank,HALLMARK_BILE_ACID_METABOLISM,-0.3225684869616381,-1.108462211380687,0.29015544041450775,0.3801734868523417,0.8324974924774323,10/37,13.16%,ACSL5;NR3C2;HSD17B11;SULT1B1;TFCP2L1;NR1I2;ABCA8;ABCA2;LCK;CYP27A1
17,9,anal_pc5_c21_S1.filtered.gene_spectra_score.k_17.dt_0_01.txt,prerank,HALLMARK_COAGULATION,0.41045238350986474,1.096099505514804,0.34961154273029965,0.6513010228976482,1.0,13/79,10.68%,ANXA1;SERPINB2;MAFF;KLK8;CTSB;ITGA2;ADAM9;CTSV;DUSP14;PRSS23;MMP7;PLAT;PLAU
17,9,anal_pc5_c21_S1.filtered.gene_spectra_score.k_17.dt_0_01.txt,prerank,HALLMARK_APOPTOSIS,0.41052239422781583,1.0837688971193644,0.35407239819004527,0.6480395356688103,1.0,17/79,15.30%,ANXA1;EMP1;SAT1;CDKN1A;TNFSF10;IL1A;PMAIP1;BNIP3L;GADD45A;SOD2;PLAT;ERBB3;BCL2L11;ATF3;TOP2A;HMGB2;HMOX1
17,9,anal_pc5_c21_S1.filtered.gene_spectra_score.k_17.dt_0_01.txt,prerank,HALLMARK_UV_RESPONSE_UP,0.41522421044407215,1.08092103795102,0.38148984198645597,0.6217416762036568,1.0,27/66,21.46%,AQP3;CDKN2B;EPHX1;SLC6A8;CTSV;DNAJB1;RRAD;SOD2;NFKBIA;IGFBP2;CREG1;CYB5R1;BCL2L11;ATF3;HMOX1;PPIF;TFRC;SHOX2;RHOB;CDKN1C;HSPA2;PPT1;LHX2;LYN;MMP14;TCHH;KCNH2
17,9,anal_pc5_c21_S1.filtered.gene_spectra_score.k_17.dt_0_01.txt,prerank,HALLMARK_MITOTIC_SPINDLE,0.40832298277409645,1.0716530574658782,0.3796192609182531,0.614594066407869,1.0,42/77,22.30%,ESPL1;PALLD;CDK1;ECT2;SMC4;NUSAP1;CEP72;TPX2;ANLN;PRC1;LMNB1;KIF11;FLNB;CDC42EP4;BCL2L11;DST;TOP2A;BIRC5;PDLIM5;NEK2;CEP250;TTK;TIAM1;KIF23;GSN;FSCN1;KNTC1;CCNB2;FBXO5;NDC80;KIF2C;NET1;WASL;DLGAP5;PLK1;MID1;CENPF;STK38L;KIF20B;BUB1;CENPE;KIF15
17,9,anal_pc5_c21_S1.filtered.gene_spectra_score.k_17.dt_0_01.txt,prerank,HALLMARK_REACTIVE_OXYGEN_SPECIES_PATHWAY,0.48592575353874656,1.057508310490953,0.4330827067669173,0.6168392196524101,1.0,5/19,11.26%,GCLC;TXNRD1;NQO1;SOD2;FTL
17,9,anal_pc5_c21_S1.filtered.gene_spectra_score.k_17.dt_0_01.txt,prerank,HALLMARK_UNFOLDED_PROTEIN_RESPONSE,0.4403402507728192,0.9891209255796235,0.49022346368715086,0.7281408134194419,1.0,7/23,14.66%,ERO1A;VEGFA;CEBPB;PSAT1;DDIT4;ATF3;IFIT1
17,9,anal_pc5_c21_S1.filtered.gene_spectra_score.k_17.dt_0_01.txt,prerank,HALLMARK_GLYCOLYSIS,0.37803605195013235,0.9886358858745079,0.4863325740318907,0.6986799031219226,1.0,18/67,18.48%,ERO1A;DSC2;GPC1;VEGFA;GCLC;VLDLR;GPC3;ELF3;CDK1;TPST1;DDIT4;TGFA;MXI1;ME1;HMMR;ANGPTL4;DEPDC1;KIF20A
17,9,anal_pc5_c21_S1.filtered.gene_spectra_score.k_17.dt_0_01.txt,prerank,HALLMARK_IL2_STAT5_SIGNALING,0.3296556921419163,0.9072623121800281,0.6610878661087866,0.8247145556649722,1.0,11/127,4.76%,HOPX;EMP1;ECM1;PIM1;NDRG1;MAFF;IKZF2;TNFSF10;ALCAM;IRF6;DHRS3
17,9,anal_pc5_c21_S1.filtered.gene_spectra_score.k_17.dt_0_01.txt,prerank,HALLMARK_INTERFERON_ALPHA_RESPONSE,-0.2424097466196763,-0.8952403689158961,0.7080745341614907,0.7996646093736494,0.9819458375125376,15/50,21.92%,CD74;C1S;CSF1;CASP8;SP110;SELL;IRF1;IRF7;SAMD9L;TRIM14;ISG20;CCRL2;IFI30;IL7;TMEM140
17,9,anal_pc5_c21_S1.filtered.gene_spectra_score.k_17.dt_0_01.txt,prerank,HALLMARK_ADIPOGENESIS,-0.24236420476341092,-0.8848415240659381,0.7044025157232704,0.7433172553290804,0.9819458375125376,20/51,24.10%,PPARG;LAMA4;COL15A1;ACAA2;ITIH5;MYLK;COL4A1;APOE;MGLL;PHLDB1;ENPP2;SCARB1;DNAJB9;LIFR;SORBS1;ESRRA;FZD4;SPARCL1;CAT;C3
17,9,anal_pc5_c21_S1.filtered.gene_spectra_score.k_17.dt_0_01.txt,prerank,HALLMARK_PI3K_AKT_MTOR_SIGNALING,0.37329727269955576,0.8721775922707056,0.6361256544502618,0.855556056005847,1.0,6/32,9.50%,SLC2A1;CDKN1A;MAPK10;PIK3R3;E2F1;CDK1
17,9,anal_pc5_c21_S1.filtered.gene_spectra_score.k_17.dt_0_01.txt,prerank,HALLMARK_APICAL_JUNCTION,0.3015531807693432,0.8089645180015284,0.7858672376873662,0.9216192478641577,1.0,23/101,16.66%,NECTIN4;MPZL2;MDK;GRB7;CDH3;ITGA2;ADAM9;PIK3R3;ADAM23;TJP1;INSIG1;CDSN;PPP2R2C;LAYN;LAMA3;BMP1;ALOX15B;CX3CL1;LAMB3;ADAM15;CLDN4;FSCN1;ITGB4
17,9,anal_pc5_c21_S1.filtered.gene_spectra_score.k_17.dt_0_01.txt,prerank,HALLMARK_TGF_BETA_SIGNALING,0.3324201882747683,0.7768423929556098,0.7387640449438202,0.9354104961389448,1.0,8/24,18.34%,ID1;TJP1;RAB31;WWTR1;SMAD3;TGIF1;CDH1;CDKN1C
17,9,anal_pc5_c21_S1.filtered.gene_spectra_score.k_17.dt_0_01.txt,prerank,HALLMARK_SPERMATOGENESIS,0.3142562385902838,0.7692757586583893,0.7775,0.9125435818273759,1.0,11/36,21.34%,GSTM3;HSPA4L;EZH2;CDK1;NEK2;TTK;CCNB2;KIF2C;HSPA2;TCP11;BUB1
17,9,anal_pc5_c21_S1.filtered.gene_spectra_score.k_17.dt_0_01.txt,prerank,HALLMARK_WNT_BETA_CATENIN_SIGNALING,0.3664841299073763,0.7631787634382838,0.7296,0.8896494823410428,1.0,7/15,20.54%,JAG1;HEY1;CSNK1E;DKK1;PPARD;MYC;JAG2
17,9,anal_pc5_c21_S1.filtered.gene_spectra_score.k_17.dt_0_01.txt,prerank,HALLMARK_COMPLEMENT,0.2550469943337618,0.7036165913013441,0.9016736401673641,0.926624557957284,1.0,22/122,16.92%,SERPINB2;S100A12;CD55;PIM1;MAFF;CTSB;ADAM9;CTSV;CEBPB;DUSP5;PLAT;HSPA1A;KYNU;DOCK9;PDP1;L3MBTL4;ME1;PLAUR;F3;CDH13;LTA4H;CD36
17,9,anal_pc5_c21_S1.filtered.gene_spectra_score.k_17.dt_0_01.txt,prerank,HALLMARK_DNA_REPAIR,-0.23829056404324178,-0.6999458630266048,0.9057239057239057,0.9338727244437529,0.9969909729187563,2/22,3.58%,AK1;HCLS1
17,9,anal_pc5_c21_S1.filtered.gene_spectra_score.k_17.dt_0_01.txt,prerank,HALLMARK_INFLAMMATORY_RESPONSE,0.22480624298239432,0.6153275511274734,0.9655891553701773,0.9717458347749713,1.0,19/141,14.34%,ITGB8;CD55;CDKN1A;TNFSF10;P2RY2;IL1A;SPHK1;NAMPT;LDLR;GPC3;HBEGF;NFKBIA;CXCL8;RNF144B;PCDH7;ADM;TLR2;CX3CL1;MXD1
17,9,anal_pc5_c21_S1.filtered.gene_spectra_score.k_17.dt_0_01.txt,prerank,HALLMARK_MYOGENESIS,0.2217407701689593,0.6011238820854962,0.9691817215727949,0.9515343464722008,1.0,37/112,23.62%,CDKN1A;SLC6A8;SCD;SPHK1;NQO1;EFS;CRYAB;FDPS;HBEGF;FST;ACSL1;KIFC3;ERBB3;WWTR1;NAV2;TNNT2;EPHB3;GSN;ITGB5;CDH13;ITGB4;CD36;MYH11;GAA;CLU;CNN3;TNNT1;TNNT3;ACHE;BDKRB2;KCNH2;PPP1R3C;SVIL;STC2;TNNC1;TNNI2;TEAD4
17,10,anal_pc5_c21_S1.filtered.gene_spectra_score.k_17.dt_0_01.txt,prerank,HALLMARK_UNFOLDED_PROTEIN_RESPONSE,0.6640454642917072,2.2364963020370388,0.0,0.0,0.0,10/23,2.64%,XBP1;HERPUD1;DNAJB9;HSP90B1;SLC1A4;HSPA5;CHAC1;SLC7A5;ERN1;PSAT1
17,10,anal_pc5_c21_S1.filtered.gene_spectra_score.k_17.dt_0_01.txt,prerank,HALLMARK_MITOTIC_SPINDLE,-0.5171844318023279,-1.7859828880288606,0.0,0.004171416098755851,0.004,62/77,38.06%,DST;GSN;ARHGAP4;LMNB1;CEP72;KIF22;TRIO;CNTRL;SMC4;CEP250;FLNB;PALLD;BCAR1;FARP1;NUSAP1;WASL;ARHGEF2;EPB41L2;CDK1;BIN1;MID1;RAPGEF6;FLNA;ARHGAP27;KNTC1;ECT2;PXN;BCL2L11;NEDD9;RAPGEF5;TPX2;CDC42EP4;FGD4;ANLN;TOP2A;NET1;PRC1;DOCK4;KIF23;STK38L;PDLIM5;KIF11;CCNB2;NDC80;ARHGAP10;CCDC88A;EPB41;CENPF;PLK1;FSCN1;KIF20B;PREX1;TIAM1;DOCK2;ESPL1;KIF2C;FBXO5;INCENP;RHOF;MAP1S;CDC42EP2;CENPE
17,10,anal_pc5_c21_S1.filtered.gene_spectra_score.k_17.dt_0_01.txt,prerank,HALLMARK_P53_PATHWAY,-0.5026897762396966,-1.7656322906520445,0.0,0.0020857080493779257,0.004,56/89,30.12%,ABCC5;ITGB4;SAT1;GPX2;EPHX1;EPS8L2;TP63;KRT17;NUPR1;JUN;KLF4;AK1;SPHK1;DGKA;CLCA2;TOB1;FOS;TRAF4;EPHA2;MDM2;CDKN2A;SERPINB5;HSPA4L;CDH13;JAG2;TSC22D1;SLC7A11;PITPNC1;KIF13B;DEF6;RNF19B;CCND2;TSPYL2;CDKN2B;HEXIM1;RAP2B;POLH;IER3;BMP2;FAS;MAPKAPK3;ZBTB16;CTSD;TM4SF1;MXD1;CCND3;PPP1R15A;FUCA1;CDKN1A;PDGFA;IER5;CEBPA;HDAC3;PTPRE;CYFIP2;MKNK2
17,10,anal_pc5_c21_S1.filtered.gene_spectra_score.k_17.dt_0_01.txt,prerank,HALLMARK_G2M_CHECKPOINT,-0.5000583740982496,-1.7055499244435648,0.0,0.0034761800822965426,0.01,54/68,38.28%,SMAD3;MCM2;LMNB1;EZH2;POLE;MCM6;KIF22;SMC4;SLC12A2;NUSAP1;CDK1;E2F1;CDC25B;FANCC;ODC1;CDC45;MYBL2;TPX2;MKI67;PTTG1;MAP3K20;CDKN2C;TOP2A;PRC1;TACC3;MEIS1;KIF23;KPNA2;RAD54L;ORC6;TROAP;KIF11;CCNB2;NDC80;CENPF;SLC7A1;PLK1;KIF20B;CKS2;UBE2C;MYC;MT2A;EXO1;AURKB;CCNF;ESPL1;KIF2C;FBXO5;SNRPD1;INCENP;HMMR;POLQ;CENPE;CDC20
17,10,anal_pc5_c21_S1.filtered.gene_spectra_score.k_17.dt_0_01.txt,prerank,HALLMARK_E2F_TARGETS,-0.4929051040736936,-1.6420501445090276,0.0,0.008864259209856184,0.032,48/54,40.22%,HELLS;TFRC;MCM2;LMNB1;EZH2;MCM4;POLE;CENPM;MCM6;HMGB2;KIF22;LIG1;SMC4;CDKN2A;TK1;CDK1;CDC25B;TCF19;MYBL2;MKI67;NCAPD2;RRM2;PTTG1;CDKN2C;TOP2A;CIT;TACC3;KPNA2;ANP32E;ORC6;CCNB2;SPAG5;MELK;CDKN1A;PLK1;CKS2;MYC;AURKB;ESPL1;SPC25;KIF2C;DEPDC1;CDCA8;HMMR;CENPE;CDC20;KIF18B;DLGAP5
17,10,anal_pc5_c21_S1.filtered.gene_spectra_score.k_17.dt_0_01.txt,prerank,HALLMARK_DNA_REPAIR,-0.5520002180253926,-1.5782633089587175,0.006779661016949152,0.015434239565396649,0.069,14/22,28.66%,BCAM;TYMS;AK1;LIG1;ZWINT;POLA1;SNAPC4;AAAS;POLH;STX3;USP11;ARL6IP1;VPS37B;PNP
17,10,anal_pc5_c21_S1.filtered.gene_spectra_score.k_17.dt_0_01.txt,prerank,HALLMARK_CHOLESTEROL_HOMEOSTASIS,-0.5085794421642856,-1.5741416938265351,0.007847533632286996,0.013557102320956515,0.073,27/35,42.52%,LGALS3;ALCAM;JAG1;FASN;FADS2;ABCA2;LDLR;HMGCR;FDPS;MAL2;PPARG;ACAT2;PLAUR;MVK;HMGCS1;SCD;CPEB2;MVD;CLU;ANTXR2;STARD4;CXCL16;FABP5;TM7SF2;LGMN;ERRFI1;TNFRSF12A
17,10,anal_pc5_c21_S1.filtered.gene_spectra_score.k_17.dt_0_01.txt,prerank,HALLMARK_FATTY_ACID_METABOLISM,-0.4810693723055835,-1.559995821777309,0.005324813631522897,0.013706081467340652,0.087,26/44,31.92%,EPHX1;ALDH1A1;GLUL;ALDH3A1;FASN;ELOVL5;UGDH;HSD17B11;HSPH1;ENO2;MAOA;ACSL5;ACOX1;ODC1;ACAA2;CA2;ACAT2;CBR3;ACSL1;ME1;HPGD;CEL;HMGCS1;ACSS1;MGLL;ECI2
17,10,anal_pc5_c21_S1.filtered.gene_spectra_score.k_17.dt_0_01.txt,prerank,HALLMARK_TGF_BETA_SIGNALING,-0.5168415111718723,-1.5041364300545672,0.013318534961154272,0.028678485678946476,0.19,19/24,39.86%,SMAD3;CDH1;TGIF1;ID3;SLC20A1;ID1;THBS1;TJP1;TGFBR1;CDKN1C;ID2;BMP2;SMAD1;PPP1R15A;WWTR1;ENG;FURIN;SMAD7;LTBP2
17,10,anal_pc5_c21_S1.filtered.gene_spectra_score.k_17.dt_0_01.txt,prerank,HALLMARK_UV_RESPONSE_DN,-0.4354508307564939,-1.490236782188181,0.0053475935828877,0.030938002732439223,0.229,51/69,43.60%,SMAD3;RUNX1;ERBB2;NFIB;PLCB4;CELF2;PIK3R3;ID1;LDLR;TFPI;PLPP3;TJP1;FYN;LPAR1;ICA1;TGFBR2;SNAI2;PPARG;DUSP1;PIK3CD;DAB2;NRP1;GJA1;PDLIM5;COL3A1;ADGRL2;SDC2;KCNMA1;EFEMP1;MAP1B;SLC7A1;VLDLR;RBPMS;COL1A2;MGLL;MYC;RND3;SYNE1;VAV2;FHL2;COL1A1;IGFBP5;INSIG1;PRKCE;MET;SMAD7;COL5A2;PMP22;HAS2;LAMC1;CCN1
17,10,anal_pc5_c21_S1.filtered.gene_spectra_score.k_17.dt_0_01.txt,prerank,HALLMARK_XENOBIOTIC_METABOLISM,-0.41834313597030737,-1.46228032774363,0.005235602094240838,0.03879416971842941,0.302,39/80,33.54%,GCLC;EPHX1;AKR1C2;AKR1C3;ABCC3;ALDH3A1;IGFBP4;SLC6A6;FBLN1;NQO1;BCAR1;PTGR1;ELOVL5;SLC12A4;UGDH;EPHA2;NDRG2;MAOA;TMEM176B;ACOX1;CAT;CES1;TPST1;CA2;BLVRB;CFB;IRF8;ID2;PDLIM5;FAS;CYB5A;KYNU;PPARD;LPIN2;CYFIP2;GCNT2;MT2A;PTGDS;NINJ1
17,10,anal_pc5_c21_S1.filtered.gene_spectra_score.k_17.dt_0_01.txt,prerank,HALLMARK_ESTROGEN_RESPONSE_EARLY,-0.3929107937595477,-1.4181620069312195,0.006134969325153374,0.06446733970804497,0.479,50/118,24.30%,KRT8;KRT19;CLDN7;ELF3;RAPGEFL1;SCNN1A;AKAP1;KRT15;LRIG1;NBL1;IGFBP4;ESRP2;KLF4;TOB1;SVIL;CA12;MAST4;HES1;FLNB;FOS;FASN;DHRS3;MLPH;CELSR1;SLC2A1;ELOVL5;MUC1;FARP1;HR;MYB;TJP3;UGCG;NAV2;LAD1;TUBB2B;SLC26A2;TFF3;OVOL2;RHOBTB3;BLVRB;PRSS23;FCMR;JAK2;PMAIP1;BCL2;BCL11B;GJA1;CXCL12;SLC16A1;KAZN
17,10,anal_pc5_c21_S1.filtered.gene_spectra_score.k_17.dt_0_01.txt,prerank,HALLMARK_APICAL_JUNCTION,-0.3958944276120592,-1.410812790451008,0.008333333333333333,0.06569980355540465,0.509,35/101,20.22%,ITGB4;CLDN7;EVL;CLDN4;CDH1;COL17A1;ADAM23;MDK;TGFBI;LAMB3;PLCG1;CDH3;ADAM15;LAMA3;BMP1;ITGA2;WASL;ITGA3;PIK3R3;MPZL2;ADAM9;NLGN2;EPB41L2;SORBS3;PCDH1;STX4;FYB1;LAYN;TJP1;WNK4;MAP3K20;COL16A1;THBS3;PTPRC;TRAF1
17,10,anal_pc5_c21_S1.filtered.gene_spectra_score.k_17.dt_0_01.txt,prerank,HALLMARK_ESTROGEN_RESPONSE_LATE,-0.3914971994462016,-1.4009008860208834,0.007246376811594203,0.06754485298370051,0.548,45/106,24.74%,KRT19;CXCL14;RAPGEFL1;SCNN1A;PLXNB1;CDH1;LLGL2;MDK;CKB;NBL1;IGFBP4;KLF4;AGR2;TOB1;CA12;FLNB;FOS;ELOVL5;CPE;FARP1;UGDH;HR;MYB;TJP3;HSPA4L;FGFR3;SLC26A2;TFF3;OVOL2;CA2;ASS1;PTPN6;TSPAN13;BLVRB;TOP2A;PRSS23;JAK2;ZFP36;BCL2;ID2;NAB2;CXCL12;SLC16A1;KLK11;SGK1
17,10,anal_pc5_c21_S1.filtered.gene_spectra_score.k_17.dt_0_01.txt,prerank,HALLMARK_PEROXISOME,-0.44378958600498586,-1.3601357884517455,0.046052631578947366,0.10428540246889627,0.729,19/32,37.40%,ABCC5;ALDH1A1;DHRS3;HSD11B2;ELOVL5;HSD17B11;ACSL5;ACOX1;CAT;FDPS;TOP2A;ACSL1;CRABP2;CEL;ECI2;DLG4;SEMA3C;ACSL4;SOD2
17,10,anal_pc5_c21_S1.filtered.gene_spectra_score.k_17.dt_0_01.txt,prerank,HALLMARK_HYPOXIA,-0.3732952472284386,-1.3542555660932294,0.01557632398753894,0.10372921365572882,0.744,54/111,33.12%,GPC1;PKP1;NEDD4L;TGFBI;JUN;SELENBP1;SLC6A6;CA12;GAA;FOS;SDC4;SLC2A1;ACKR3;CCNG2;COL5A1;CXCR4;GPC3;ENO2;PFKP;EFNA1;VEGFA;P4HA2;PLAC8;ETS1;DUSP1;CDKN1C;PLAUR;ZFP36;BCL2;IER3;PPARGC1A;HK2;PFKFB3;PAM;P4HA1;PPP1R15A;SDC2;ERO1A;CDKN1A;MXI1;BNIP3L;CAVIN1;RORA;VLDLR;SDC3;GCNT2;AMPD3;MT2A;TNFAIP3;NDRG1;NDST2;DTNA;PIM1;LXN
17,10,anal_pc5_c21_S1.filtered.gene_spectra_score.k_17.dt_0_01.txt,prerank,HALLMARK_INTERFERON_ALPHA_RESPONSE,-0.41633173096126397,-1.3542446607420182,0.0417558886509636,0.09731131617878884,0.744,38/50,44.78%,IFI27;PARP14;MX1;TRIM14;IFI44;SP110;CASP8;GBP2;TRIM25;NUB1;LPAR6;C1S;TRIM5;OAS1;DDX60;PSMB9;SELL;NCOA7;EPSTI1;CD74;IFITM3;HERC6;SAMD9L;IFI44L;IFI30;TENT5A;IRF7;IFIT3;ISG15;LAP3;CSF1;IFITM2;IFIH1;GBP4;IRF1;HELZ2;SAMD9;CMPK2
17,10,anal_pc5_c21_S1.filtered.gene_spectra_score.k_17.dt_0_01.txt,prerank,HALLMARK_WNT_BETA_CATENIN_SIGNALING,-0.49593753029111365,-1.3098616670478342,0.09182530795072788,0.1457541860388809,0.882,10/15,34.66%,JAG1;JAG2;DLL1;CCND2;HEY1;CSNK1E;TCF7;PPARD;MYC;RBPJ
17,10,anal_pc5_c21_S1.filtered.gene_spectra_score.k_17.dt_0_01.txt,prerank,HALLMARK_EPITHELIAL_MESENCHYMAL_TRANSITION,-0.34904843178523104,-1.3042261040919407,0.023373983739837397,0.14640511779938936,0.898,90/164,43.60%,DST;GPC1;SAT1;PFN2;COL7A1;DPYSL3;LRP1;TGFBI;IGFBP2;MMP14;TPM1;JUN;IGFBP4;FBLN1;SDC4;ELN;LAMA3;BMP1;ITGA2;ITGB5;COL5A1;IL32;ENO2;QSOX1;COL6A2;WNT5A;FLNA;SERPINH1;COL4A2;VEGFA;RHOB;THBS1;CAPG;MATN2;SLC6A8;WIPF1;SNAI2;THBS2;FSTL1;COL16A1;HTRA1;PLAUR;DAB2;ID2;GJA1;FAS;FBLN2;SPARC;PLOD2;CXCL12;COL3A1;COL6A3;PVR;PDLIM4;ITGA5;FUCA1;NT5E;VCAN;COL4A1;FBN1;COL1A2;LAMC2;TNFAIP3;PCOLCE;COL1A1;CRLF1;EDIL3;ECM1;ADAM12;LOXL1;MEST;GLIPR1;MMP2;CALD1;TPM2;TNC;COL5A2;PTHLH;PRRX1;ANPEP;FN1;DCN;PMP22;THY1;GADD45A;TNFRSF12A;LAMC1;CDH11;SFRP1;CCN1
17,10,anal_pc5_c21_S1.filtered.gene_spectra_score.k_17.dt_0_01.txt,prerank,HALLMARK_GLYCOLYSIS,-0.37995635462989136,-1.299131105016532,0.06510138740661686,0.14473716121604183,0.908,33/67,29.94%,GPC1;ELF3;GCLC;TGFBI;DSC2;COL5A1;CXCR4;GPC3;ENO2;QSOX1;CDK1;PFKP;VEGFA;P4HA2;TFF3;TPST1;KIF2A;B3GNT3;ME1;IER3;PLOD2;SLC16A3;HK2;PAM;P4HA1;CYB5A;SDC2;ERO1A;NT5E;MXI1;VCAN;VLDLR;SDC3
17,10,anal_pc5_c21_S1.filtered.gene_spectra_score.k_17.dt_0_01.txt,prerank,HALLMARK_UV_RESPONSE_UP,-0.37142449842069086,-1.2604313372450875,0.10432033719704953,0.20054082894768754,0.969,41/66,46.42%,EPCAM;EPHX1;TFRC;IGFBP2;MMP14;FOS;ENO2;MAOA;CREG1;BCL2L11;PTPRD;RHOB;ARRB2;CA2;DNAJB1;SLC6A8;PPT1;CDKN1C;CDKN2B;HYAL2;BMP2;PRKCD;CCND3;RAB27A;CDC34;HSPA2;RASGRP1;PPIF;DLG4;FURIN;NFKBIA;SOD2;KCNH2;CYB5R1;IRF1;LYN;NR4A1;ABCB1;HMOX1;AQP3;TUBA4A
17,10,anal_pc5_c21_S1.filtered.gene_spectra_score.k_17.dt_0_01.txt,prerank,HALLMARK_ANGIOGENESIS,-0.4114545691855568,-1.2337895696566443,0.15964523281596452,0.24546797352559727,0.983,11/29,28.60%,JAG1;FGFR1;TNFRSF21;VEGFA;JAG2;CCND2;FSTL1;NRP1;COL3A1;PDGFA;VCAN
17,10,anal_pc5_c21_S1.filtered.gene_spectra_score.k_17.dt_0_01.txt,prerank,HALLMARK_HEME_METABOLISM,-0.3658653579834467,-1.2102187036994727,0.1668472372697725,0.2864056371441233,0.996,28/55,28.90%,GCLC;CTSB;TFRC;BCAM;SELENBP1;KLF3;UCP2;SLC2A1;SLC25A37;CAT;P4HA2;MBOAT2;CA2;KDM7A;SLC7A11;SLC6A8;BLVRB;DAAM1;BMP2K;MAP2K3;SNCA;DMTN;CCND3;KAT2B;EPB41;MXI1;BNIP3L;LPIN2
17,10,anal_pc5_c21_S1.filtered.gene_spectra_score.k_17.dt_0_01.txt,prerank,HALLMARK_COMPLEMENT,-0.3288960500601269,-1.2012262706666337,0.11554192229038855,0.2945382497556306,0.997,85/122,53.56%,LGALS3;CTSB;LRP1;MMP14;CBLB;L3MBTL4;ADAM9;STX4;COL4A2;CDH13;DOCK9;CTSC;CA2;FYN;LCP2;LTA4H;KIF2A;CFB;C1R;DOCK4;PLAUR;JAK2;C1S;CCL5;HSPA1A;GCA;PSMB9;PDP1;ME1;SPOCK2;PRKCD;CTSD;DOCK10;SERPINA1;LCK;KYNU;CSRP1;CLU;RASGRP1;KLK1;CTSS;DUSP6;CEBPB;TNFAIP3;CD55;PIM1;IRF7;CPQ;CR1;FCER1G;LAP3;SH2B3;GZMK;LGMN;PRSS3;PLA2G7;CD36;FN1;IRF1;MAFF;GZMA;CPM;LYN;EHD1;C2;PIK3R5;SERPING1;PLAT;PDGFB;C1QC;CFH;F3;PRSS36;DPP4;GNG2;C3;PRCP;CD40LG;LIPA;ZEB1;KCNIP2;GZMB;C1QA;CTSL;TIMP2
17,10,anal_pc5_c21_S1.filtered.gene_spectra_score.k_17.dt_0_01.txt,prerank,HALLMARK_HEDGEHOG_SIGNALING,-0.42413269504787887,-1.1565557059139795,0.2639821029082774,0.39076609350116004,0.999,7/17,21.28%,ADGRG1;CELSR1;VEGFA;NRCAM;DPYSL2;NRP1;HEY1
17,10,anal_pc5_c21_S1.filtered.gene_spectra_score.k_17.dt_0_01.txt,prerank,HALLMARK_APOPTOSIS,-0.3330872949327086,-1.1547739465157856,0.2127659574468085,0.37964057914776994,1.0,58/79,53.60%,GSN;LGALS3;SAT1;TNFSF10;ERBB2;JUN;ANXA1;HMGB2;SATB1;ERBB3;SLC20A1;DPYD;CD2;ENO2;CDC25B;CASP8;BCL2L11;RHOB;NEDD9;PLCB2;CCND2;TOP2A;PPT1;PMAIP1;IER3;BMP2;FAS;EMP1;CDKN1A;BNIP3L;CLU;IFITM3;CD14;IL18;SOD2;MMP2;SMAD7;PRF1;DCN;IRF1;CCND1;GADD45A;TNFRSF12A;HMOX1;RARA;PDGFRB;PLAT;DDIT3;CD69;BID;TGFBR3;LUM;TIMP3;BIRC3;TGFB2;ATF3;TIMP2;FASLG
17,10,anal_pc5_c21_S1.filtered.gene_spectra_score.k_17.dt_0_01.txt,prerank,HALLMARK_IL2_STAT5_SIGNALING,-0.3092705780337486,-1.1426235530925275,0.20122574055158324,0.39644496846252725,1.0,79/127,45.02%,TNFSF10;ALCAM;LRIG1;WLS;DHRS3;CDCP1;MUC1;IRF6;LTB;TNFRSF21;NFKBIZ;COL6A1;PHTF2;PLPP1;ODC1;ST3GAL4;RHOB;AHR;CAPG;CA2;PLAGL1;CAPN3;TTC39B;CCND2;CDKN1C;SNX9;TRAF1;IRF8;NRP1;BCL2;SCN9A;CTSZ;BMP2;EMP1;AGER;SELL;PHLDA1;ITGA6;HK2;MXD1;CCND3;P4HA1;SWAP70;TNFRSF1B;CDC42SE2;NT5E;IKZF2;RORA;IFITM3;PNP;TIAM1;SMPDL3A;MAP3K8;MYC;NDRG1;PIM1;SOCS1;FLT3LG;PRKCH;ECM1;FURIN;IL2RB;TNFRSF18;COCH;CSF1;CCR4;GBP4;EOMES;FGL2;MAFF;CD83;IL1R2;CST7;ITIH5;ADAM19;ABCB1;CISH;BATF;GPR65
17,10,anal_pc5_c21_S1.filtered.gene_spectra_score.k_17.dt_0_01.txt,prerank,HALLMARK_PI3K_AKT_MTOR_SIGNALING,-0.370915863833971,-1.1355925933501854,0.27973568281938327,0.39952896412528266,1.0,20/32,31.18%,PLCG1;SLC2A1;MAPK10;CXCR4;VAV3;MKNK1;PIK3R3;CDK1;E2F1;PPP2R1B;ITPR2;MAP2K3;PRKCB;AKT1S1;LCK;CDKN1A;SLA;NOD1;MKNK2;TIAM1
17,10,anal_pc5_c21_S1.filtered.gene_spectra_score.k_17.dt_0_01.txt,prerank,HALLMARK_TNFA_SIGNALING_VIA_NFKB,-0.29907320932379344,-1.1107707431356493,0.24412665985699694,0.45006600122647944,1.0,72/150,39.44%,SAT1;SMAD3;JAG1;LAMB3;BCL6;JUN;NFAT5;TNFAIP2;KLF4;TGIF1;SPHK1;HES1;FOS;SDC4;ACKR3;LITAF;ABCA1;LDLR;REL;EFNA1;VEGFA;KDM6B;RHOB;EGR1;PLPP3;TSC22D1;RNF19B;PER1;DUSP1;TRAF1;PLAUR;KLF9;CCL5;ZFP36;ID2;IER3;BMP2;PDLIM5;MAP2K3;PHLDA1;SGK1;PFKFB3;MXD1;PPP1R15A;KYNU;PTGER4;CDKN1A;IER5;ZBTB10;PTPRE;CEBPB;MAP3K8;MYC;TNFAIP3;PLAU;SPSB1;NINJ1;IL7R;TLR2;IL18;NFKB2;NAMPT;RCAN1;NFKBIA;CSF1;SOD2;DRAM1;TNC;SERPINB8;PHLDA2;IFIH1;ZC3H12A
17,10,anal_pc5_c21_S1.filtered.gene_spectra_score.k_17.dt_0_01.txt,prerank,HALLMARK_REACTIVE_OXYGEN_SPECIES_PATHWAY,-0.40080923987862416,-1.1085258099129371,0.3262806236080178,0.44019227986957216,1.0,8/19,14.64%,GCLC;TXNRD1;NQO1;FTL;MGST1;PFKP;CAT;SCAF4
17,10,anal_pc5_c21_S1.filtered.gene_spectra_score.k_17.dt_0_01.txt,prerank,HALLMARK_BILE_ACID_METABOLISM,-0.35244445541740516,-1.1013459096512612,0.31808035714285715,0.4450205741356033,1.0,13/37,21.72%,ALDH1A1;RBP1;NR3C2;FADS2;HSD17B11;ABCA2;ABCA1;TFCP2L1;ACSL5;CAT;SULT1B1;PFKM;ACSL1
17,10,anal_pc5_c21_S1.filtered.gene_spectra_score.k_17.dt_0_01.txt,prerank,HALLMARK_MYOGENESIS,-0.30461084837759267,-1.1011564280642867,0.3,0.4311023976254535,1.0,70/112,53.68%,GSN;ITGB4;CKB;EFS;AK1;SPHK1;NQO1;SVIL;GAA;ERBB3;ITGB5;IFRD1;SORBS3;COL6A2;BIN1;NAV2;MAPRE3;COL4A2;FDPS;CDH13;CNN3;MYH11;VIPR1;SLC6A8;EPHB3;PFKM;ACSL1;PDLIM7;SPARC;LPIN1;COL3A1;COL6A3;SCD;CDKN1A;CLU;DAPK2;PVALB;DTNA;WWTR1;TNNT3;COL1A1;AEBP1;ADAM12;SMTN;SOD3;FST;KCNH2;MAPK12;TPM2;KIFC3;IGF1;CD36;CFD;IGFBP7;TEAD4;BDKRB2;GNAO1;ENO3;SPEG;FHL1;DMD;PKIA;COL15A1;HSPB8;CRYAB;ACHE;LAMA2;FGF2;MYLK;HBEGF
17,10,anal_pc5_c21_S1.filtered.gene_spectra_score.k_17.dt_0_01.txt,prerank,HALLMARK_COAGULATION,-0.30278472456180794,-1.0639934216375055,0.3909378292939937,0.511878380180923,1.0,47/79,50.92%,GSN;CTSB;LRP1;MMP14;ANXA1;BMP1;ITGA2;ADAM9;THBS1;FYN;LTA4H;PRSS23;CFB;C1R;HTRA1;C1S;SPARC;USP11;SERPINA1;CSRP1;CLU;FBN1;A2M;DUSP6;PLAU;CPQ;FURIN;CRIP2;DUSP14;MMP2;LGMN;FN1;MAFF;CFD;MMP11;C2;SERPING1;PLAT;PDGFB;CFH;F3;THBD;CTSK;DPP4;TIMP3;C3;GDA
17,10,anal_pc5_c21_S1.filtered.gene_spectra_score.k_17.dt_0_01.txt,prerank,HALLMARK_MTORC1_SIGNALING,-0.3053379975837678,-1.0542140701362512,0.39636752136752135,0.520605369779575,1.0,39/72,29.76%,GCLC;TFRC;MCM2;TXNRD1;NUPR1;MCM4;SLC6A6;CORO1A;SLC2A1;ELOVL5;FADS2;CXCR4;IFRD1;PIK3R3;LDLR;SYTL2;HMGCR;SERPINH1;CTSC;PHGDH;SLC7A11;RRM2;LTA4H;ME1;MAP2K3;PLOD2;HK2;P4HA1;PPP1R15A;HMGCS1;SCD;ERO1A;CDKN1A;SLA;ITGB2;PNP;STARD4;VLDLR;PLK1
17,10,anal_pc5_c21_S1.filtered.gene_spectra_score.k_17.dt_0_01.txt,prerank,HALLMARK_APICAL_SURFACE,-0.35369098557396395,-1.0484473468084592,0.4139072847682119,0.5193719764723002,1.0,8/27,20.62%,CROCC;ATP8B1;GSTM3;EPHB4;SULF2;DCBLD2;AKAP7;PLAUR
17,10,anal_pc5_c21_S1.filtered.gene_spectra_score.k_17.dt_0_01.txt,prerank,HALLMARK_INTERFERON_GAMMA_RESPONSE,-0.2713145747191944,-0.9844505764879843,0.5336091003102379,0.6595306810425768,1.0,71/111,43.52%,TNFSF10;IFI27;ARID5B;NLRC5;RNF213;PARP14;TNFAIP2;ST8SIA4;MX1;CIITA;TRIM14;XAF1;IFI44;RAPGEF6;SP110;CASP8;PFKP;STAT1;TRIM25;MX2;LCP2;PTPN6;IL18BP;OAS3;CFB;C1R;IRF8;JAK2;C1S;CCL5;DDX60;PSMB9;SAMHD1;FAS;PELI1;CDKN1A;EPSTI1;NOD1;CD74;IFITM3;PNP;HERC6;KLRK1;SAMD9L;IFI44L;MT2A;TNFAIP3;IFI30;PIM1;IRF7;EIF4E3;SOCS1;BANK1;STAT4;IFIT3;NAMPT;NFKBIA;IL2RB;ISG15;LAP3;SOD2;IFITM2;IFIH1;BPGM;GBP4;IRF1;HELZ2;FGL2;ST3GAL5;GZMA;GBP6
17,10,anal_pc5_c21_S1.filtered.gene_spectra_score.k_17.dt_0_01.txt,prerank,HALLMARK_KRAS_SIGNALING_UP,-0.25629483520204177,-0.9304506472720337,0.6720812182741117,0.7617469287005824,1.0,81/131,53.68%,TSPAN1;KLF4;SATB1;LAPTM5;CPE;ITGA2;CXCR4;HOXD11;MPZL2;TMEM176B;LCP1;TFPI;DCBLD2;CA2;ETS1;TRIB2;TSPAN13;TSPAN7;CCND2;CFB;TRAF1;IRF8;PLAUR;NRP1;SPON1;ID2;EPHB2;CD37;BMP2;EMP1;TMEM176A;IKZF1;GPNMB;PPP1R15A;TNFRSF1B;ERO1A;SPRY2;FUCA1;ITGB2;MAFB;CTSS;DUSP6;TNFAIP3;PLAU;DOCK2;ENG;IL7R;MAP4K1;F13A1;ADAM8;FCER1G;EPB41L3;BPGM;MALL;PRRX1;ACE;VWA5A;ADGRA2;SLPI;GUCY1A1;ABCB1;MMP11;C3AR1;CMKLR1;PLAT;TMEM158;CSF2RA;SPARCL1;CFH;RBP4;LAT2;GADD45G;ANO1;KCNN4;BIRC3;BTC;ETV1;PCSK1N;HKDC1;IL10RA;HBEGF
17,10,anal_pc5_c21_S1.filtered.gene_spectra_score.k_17.dt_0_01.txt,prerank,HALLMARK_SPERMATOGENESIS,-0.2909921760750146,-0.9047840940692895,0.6769570011025359,0.7940346914469584,1.0,20/36,54.00%,EZH2;SLC12A2;GSTM3;CDK1;HSPA4L;LPIN1;CCNB2;HSPA2;CSNK2A2;KIF2C;ACE;BUB1;TTK;NEK2;IDE;JAM3;CAMK4;DMC1;PCSK1N;AURKA
17,10,anal_pc5_c21_S1.filtered.gene_spectra_score.k_17.dt_0_01.txt,prerank,HALLMARK_ANDROGEN_RESPONSE,-0.27568425771700056,-0.8790773141638757,0.7049180327868853,0.8219336326166956,1.0,18/41,26.12%,KRT8;KRT19;SAT1;ARID5B;SELENOP;STK39;ELOVL5;HMGCR;PLPP1;SLC26A2;TSC22D1;MAF;PDLIM5;SGK1;CCND3;HPGD;HMGCS1;SCD
17,10,anal_pc5_c21_S1.filtered.gene_spectra_score.k_17.dt_0_01.txt,prerank,HALLMARK_INFLAMMATORY_RESPONSE,-0.23377358134507864,-0.870418902464634,0.7651282051282051,0.8163407825571627,1.0,73/141,53.94%,TNFSF10;MMP14;SPHK1;GABBR1;GPC3;ABCA1;LDLR;ITGB8;SEMA4D;SLC4A4;AHR;DCBLD2;LPAR1;LCP2;PCDH7;PLAUR;CCL5;SELL;MXD1;STAB1;TNFRSF1B;PVR;LCK;CYBB;ITGA5;PTGER4;CDKN1A;PTPRE;RASGRP1;SLC7A1;MYC;SLC7A2;CD55;OSMR;P2RY2;CD14;IL7R;TLR2;IRF7;IL18;NAMPT;NFKBIA;IL2RB;CSF1;MET;IL1R1;ADM;C5AR1;IRF1;PDPN;HAS2;CX3CL1;AXL;LYN;CCR7;RNF144B;PIK3R5;C3AR1;CMKLR1;F3;P2RX7;CD69;SCARF1;CXCR6;CALCRL;GPR132;GPR183;EDN1;ITGB3;IL10RA;HBEGF;TLR1;CCL2
17,10,anal_pc5_c21_S1.filtered.gene_spectra_score.k_17.dt_0_01.txt,prerank,HALLMARK_ADIPOGENESIS,-0.2678025593981027,-0.8656460002487255,0.7531914893617021,0.8032061698154391,1.0,42/51,59.12%,BCL6;UCP2;TOB1;CCNG2;ABCA1;NABP1;ACOX1;CAT;ACAA2;PHLDB1;ESRRA;PIM3;CDKN2C;PPARG;ME1;PFKFB3;CAVIN1;COL4A1;MGLL;LAMA4;LIPE;CD36;GADD45A;ITSN1;APOE;ITIH5;CAVIN2;SCARB1;SPARCL1;C3;COL15A1;HSPB8;LIFR;MYLK;FZD4;SNCG;SORBS1;GPX3;ITGA7;CYP4B1;SULT1A1;SOWAHC
17,10,anal_pc5_c21_S1.filtered.gene_spectra_score.k_17.dt_0_01.txt,prerank,HALLMARK_ALLOGRAFT_REJECTION,-0.1859717802603452,-0.6765810779567883,0.9661190965092402,0.9905841461344306,1.0,86/121,61.58%,ST8SIA4;LTB;CDKN2A;CD2;FYB1;FLNA;STAT1;GBP2;CAPG;ITGAL;ETS1;CD96;LCP2;PTPN6;ZAP70;CD3E;CCND2;PTPRC;IRF8;JAK2;CCL5;FAS;CD3D;CCND3;STAB1;PRKCB;LCK;CD74;ITGB2;CD8A;CD4;ITK;CTSS;FGR;TLR2;IRF7;SOCS1;IL18;CD247;MAP4K1;STAT4;CD7;IL2RB;CSF1;LY75;PRF1;NOS2;CD3G;THY1;SPI1;GZMA;LYN;CD28;SOCS5;GPR65;C2;NCF4;LY86;CCR5;CCL4;IL7;CD40LG;TGFB2;ACHE;TLR6;GZMB;CD1D;TRAT1;SIT1;FASLG;TLR1;CCL2;WAS;CD80;CD40;CFP;IL2RA;IL16;TNF;ICAM1;KLRD1;MMP9;CCL11;IL27RA;LIF;CXCR3
17,10,anal_pc5_c21_S1.filtered.gene_spectra_score.k_17.dt_0_01.txt,prerank,HALLMARK_IL6_JAK_STAT3_SIGNALING,-0.19927607573777564,-0.6593633663362604,0.9468546637744034,0.9763844955439068,1.0,41/53,64.96%,JUN;LTB;TNFRSF21;PLA2G2A;STAT1;FAS;IL17RA;TNFRSF1B;A2M;MAP3K8;OSMR;PIM1;CD14;TLR2;SOCS1;CSF1;IL1R1;CD36;IRF1;TNFRSF12A;IL1R2;PDGFC;IL17RB;PIK3R5;HMOX1;CSF2RA;IL3RA;SOCS3;IL7;ITGB3;IL2RA;TNF;IL18R1;LEPR;ITGA4;CXCL1;IL9R;IL12RB1;CXCL9;CXCL10;CSF3R
17,10,anal_pc5_c21_S1.filtered.gene_spectra_score.k_17.dt_0_01.txt,prerank,HALLMARK_KRAS_SIGNALING_DN,-0.1779569440854372,-0.6271516462582906,0.9779411764705882,0.9680595639415032,1.0,17/78,26.16%,PKP1;KRT15;IGFBP2;SELENOP;LFNG;HSD11B2;MX1;TFCP2L1;FGFR3;CLSTN3;CALML5;SPTBN2;AKR1B10;ZBTB16;MAST3;SGK1;GPRC5C
17,11,anal_pc5_c21_S1.filtered.gene_spectra_score.k_17.dt_0_01.txt,prerank,HALLMARK_ALLOGRAFT_REJECTION,-0.4488964380560621,-2.1512294039225863,0.0,0.0,0.0,55/121,18.04%,IL2RG;CD79A;ITGAL;CTSS;IL16;PTPN6;CD2;CCL2;CCL11;FAS;CCL5;PTPRC;CCND2;CD3E;CD96;MAP4K1;FYB1;HCLS1;ITGB2;ZAP70;CD3D;LTB;CD8A;IRF4;CCR5;NCF4;IRF8;LCK;GZMA;IL2RB;PRKCB;CD247;WAS;CD28;PRF1;IRF7;IL12RB1;SIT1;IL18;CCL4;LCP2;CD3G;CD7;GPR65;GZMB;CCL13;LYN;CXCR3;C2;CD4;LY75;FASLG;LIF;ITK;STAT4
17,11,anal_pc5_c21_S1.filtered.gene_spectra_score.k_17.dt_0_01.txt,prerank,HALLMARK_TGF_BETA_SIGNALING,0.7911104925062848,1.757212490484985,0.0012531328320802004,0.003957261574990107,0.004,11/24,11.60%,ENG;ID1;SERPINE1;SMAD6;ID3;THBS1;WWTR1;TJP1;CDKN1C;SMAD1;SMAD7
17,11,anal_pc5_c21_S1.filtered.gene_spectra_score.k_17.dt_0_01.txt,prerank,HALLMARK_APICAL_JUNCTION,0.6790333482333127,1.727129320279714,0.0,0.008409180846853976,0.017,33/101,11.66%,CLDN5;VWF;PECAM1;CD34;ADAM15;JAM3;PIK3R3;ICAM2;ITGB4;MYL9;ICAM1;MAPK11;PCDH1;MPZL2;CX3CL1;ACTG2;FSCN1;FLNC;TJP1;COL17A1;ITGA3;LAMB3;CLDN11;LAYN;MDK;CDH3;FBN1;ITGA9;ITGA2;SORBS3;LAMA3;SHC1;ADAM23
17,11,anal_pc5_c21_S1.filtered.gene_spectra_score.k_17.dt_0_01.txt,prerank,HALLMARK_COAGULATION,0.6885062780271584,1.7187280320812015,0.0,0.006925207756232688,0.021,17/79,6.42%,VWF;PECAM1;CLU;THBD;CRIP2;TIMP3;SPARC;SERPINE1;HTRA1;PRSS23;PDGFB;CFI;RAPGEF3;A2M;GSN;THBS1;CSRP1
17,11,anal_pc5_c21_S1.filtered.gene_spectra_score.k_17.dt_0_01.txt,prerank,HALLMARK_ADIPOGENESIS,0.6862450175444098,1.6413478812535083,0.0,0.024238227146814402,0.092,12/51,5.32%,SPARCL1;ENPP2;CAVIN1;COL4A1;COL15A1;SNCG;LIFR;CAVIN2;FZD4;MYLK;CD36;FABP4
17,11,anal_pc5_c21_S1.filtered.gene_spectra_score.k_17.dt_0_01.txt,prerank,HALLMARK_E2F_TARGETS,0.6780167797512991,1.6342997159033383,0.004347826086956522,0.022358527898694105,0.103,41/54,27.70%,MCM2;CDKN2A;HMGB2;MYBL2;MCM4;KPNA2;CDC25B;PTTG1;TK1;TOP2A;LMNB1;CDK1;CDKN2C;TCF19;MCM6;MELK;ANP32E;NCAPD2;CCNB2;CENPM;HELLS;BIRC5;MKI67;TFRC;RRM2;CDC20;PLK1;HMMR;EZH2;CDCA8;CENPE;SMC4;AURKA;CKS2;KIF2C;ORC6;DLGAP5;TACC3;LIG1;AURKB;CDCA3
17,11,anal_pc5_c21_S1.filtered.gene_spectra_score.k_17.dt_0_01.txt,prerank,HALLMARK_MYOGENESIS,0.6338274856612434,1.597064029769946,0.0,0.03314206569054215,0.178,33/112,11.74%,APLNR;CLU;GJA5;IGFBP7;SPARC;COL15A1;COL4A2;PTP4A3;ITGB4;MAPK12;IGFBP3;TAGLN;COX7A1;GSN;MYLK;CNN3;CD36;WWTR1;MYH11;PTGIS;TEAD4;PDLIM7;CDH13;ITGB5;KIFC3;SPHK1;TPM2;NQO1;DES;CRYAB;HSPB8;SORBS3;PPP1R3C
17,11,anal_pc5_c21_S1.filtered.gene_spectra_score.k_17.dt_0_01.txt,prerank,HALLMARK_G2M_CHECKPOINT,0.6017827270556123,1.4750025849295305,0.024312896405919663,0.14458137825767428,0.625,47/68,27.60%,MCM2;ODC1;TPX2;MYBL2;MT2A;KPNA2;RAD54L;CDC25B;PTTG1;PRC1;TOP2A;LMNB1;CDK1;CDKN2C;MCM6;E2F1;MAP3K20;NUSAP1;SLC7A1;CCNB2;CDC45;BIRC5;SNRPD1;MKI67;CENPF;CDC20;KIF23;PLK1;HMMR;EZH2;BUB1;CENPA;CENPE;CCND1;SMC4;NDC80;AURKA;MEIS2;CKS2;KIF2C;NEK2;ORC6;KIF11;EXO1;KIF15;TACC3;AURKB
17,11,anal_pc5_c21_S1.filtered.gene_spectra_score.k_17.dt_0_01.txt,prerank,HALLMARK_EPITHELIAL_MESENCHYMAL_TRANSITION,0.5731935721932293,1.467568309289748,0.0020060180541624875,0.1360308666402849,0.651,50/164,11.38%,VEGFC;IGFBP4;ITGA5;MGP;TIMP3;COL4A1;RHOB;SPARC;FBLN2;COL4A2;SERPINE1;CCN2;HTRA1;ELN;NNMT;MYL9;CALD1;IGFBP3;TAGLN;ACTA2;LAMC1;MYLK;BGN;THBS1;DPYSL3;FSTL1;SERPINH1;CTHRC1;PDLIM4;ITGB5;INHBA;FAP;TPM2;PFN2;PTHLH;LOXL2;CXCL12;SERPINE2;GPC1;TGM2;GJA1;FN1;FLNA;FBN1;TNC;IGFBP2;ITGA2;LAMA3;TIMP1;CRLF1
17,11,anal_pc5_c21_S1.filtered.gene_spectra_score.k_17.dt_0_01.txt,prerank,HALLMARK_UNFOLDED_PROTEIN_RESPONSE,-0.44792895676989913,-1.4617923951049083,0.054455445544554455,0.08352017937219731,0.14094650205761317,9/23,12.98%,CCL2;HERPUD1;NABP1;XBP1;VEGFA;DNAJB9;TSPYL2;ERO1A;ERN1
17,11,anal_pc5_c21_S1.filtered.gene_spectra_score.k_17.dt_0_01.txt,prerank,HALLMARK_HEDGEHOG_SIGNALING,0.6963605975194512,1.4582156083012783,0.07682119205298013,0.13300795849272304,0.695,10/17,15.80%,NRP1;DPYSL2;L1CAM;HEY1;ADGRG1;CELSR1;NRCAM;CRMP1;NRP2;THY1
17,11,anal_pc5_c21_S1.filtered.gene_spectra_score.k_17.dt_0_01.txt,prerank,HALLMARK_UV_RESPONSE_DN,0.5788109388908762,1.4305788529570156,0.029197080291970802,0.157202216066482,0.775,25/69,16.74%,CAV1;ID1;TGFBR2;SERPINE1;PIK3R3;NRP1;PTPRM;PLPP3;LAMC1;MET;NFIB;MAP1B;TJP1;GJA1;DLC1;SDC2;SMAD7;ITGB3;TFPI;IGFBP5;ADGRL2;LDLR;PLCB4;SNAI2;SLC7A1
17,11,anal_pc5_c21_S1.filtered.gene_spectra_score.k_17.dt_0_01.txt,prerank,HALLMARK_ANGIOGENESIS,0.6242799621111044,1.4288836982585444,0.06619385342789598,0.14515954959168254,0.782,7/29,8.52%,SLCO2A1;THBD;JAG2;NRP1;JAG1;FSTL1;STC1
17,11,anal_pc5_c21_S1.filtered.gene_spectra_score.k_17.dt_0_01.txt,prerank,HALLMARK_KRAS_SIGNALING_UP,0.5624719339480666,1.4248841968352686,0.011111111111111112,0.13825682627621685,0.798,17/131,5.90%,PLVAP;ENG;PECAM1;SPARCL1;ADGRL4;TMEM100;GNG11;IL33;CPE;ACE;EMP1;NRP1;IGFBP3;TSPAN7;MPZL2;ADGRA2;ALDH1A2
17,11,anal_pc5_c21_S1.filtered.gene_spectra_score.k_17.dt_0_01.txt,prerank,HALLMARK_BILE_ACID_METABOLISM,-0.38399214109411867,-1.38852154605365,0.07692307692307693,0.09192825112107623,0.2191358024691358,12/37,13.32%,ABCA8;ABCA6;NR3C2;ACSL5;TFCP2L1;ABCA1;ABCA9;LCK;NR1I2;HSD17B11;SULT1B1;ABCA2
17,11,anal_pc5_c21_S1.filtered.gene_spectra_score.k_17.dt_0_01.txt,prerank,HALLMARK_MITOTIC_SPINDLE,0.548757705399725,1.3489527857236245,0.06979166666666667,0.24626343185899974,0.948,46/77,26.34%,SYNPO;ARAP3;RAPGEF5;GSN;DOCK4;ARHGAP29;PALLD;FSCN1;SORBS2;FLNA;PXN;CDC42EP4;TPX2;CDC42EP2;ECT2;FLNB;PRC1;TOP2A;LMNB1;NEDD9;DST;CDK1;NUSAP1;NET1;BCAR1;ANLN;CCNB2;STK38L;BIRC5;CENPF;KIF23;PLK1;BUB1;CENPE;SMC4;NDC80;AURKA;MAP1S;KIF2C;NEK2;DLGAP5;KIF11;CEP250;FARP1;TIAM1;KIF15
17,11,anal_pc5_c21_S1.filtered.gene_spectra_score.k_17.dt_0_01.txt,prerank,HALLMARK_WNT_BETA_CATENIN_SIGNALING,0.6449400306155156,1.3126121687291374,0.18389261744966443,0.3015998643224603,0.976,5/15,14.02%,JAG2;JAG1;HEY1;LEF1;DLL1
17,11,anal_pc5_c21_S1.filtered.gene_spectra_score.k_17.dt_0_01.txt,prerank,HALLMARK_SPERMATOGENESIS,0.5629151416391476,1.3017475093895279,0.15217391304347827,0.3043793694763224,0.983,15/36,24.54%,SHE;JAM3;ACE;HSPA2;GSTM3;SEPTIN4;CDK1;HSPA4L;CCNB2;IL13RA2;EZH2;BUB1;AURKA;KIF2C;NEK2
17,11,anal_pc5_c21_S1.filtered.gene_spectra_score.k_17.dt_0_01.txt,prerank,HALLMARK_UV_RESPONSE_UP,0.5103043866063877,1.2548527053949643,0.15271966527196654,0.391336070439256,0.998,14/66,15.48%,HYAL2;FGF18;RHOB;ICAM1;OLFM1;EPHX1;HSPA2;CDKN1C;IGFBP2;PPT1;NFKBIA;CYB5R1;MSX1;CCND3
17,11,anal_pc5_c21_S1.filtered.gene_spectra_score.k_17.dt_0_01.txt,prerank,HALLMARK_APOPTOSIS,0.4979929401357656,1.2358404202097844,0.1657922350472193,0.41423217486440556,0.999,18/79,14.00%,CLU;CAV1;TIMP3;RHOB;IFITM3;EMP1;GSN;BGN;TIMP2;RARA;LEF1;TIMP1;SMAD7;HMGB2;PPT1;CDC25B;TOP2A;NEDD9
17,11,anal_pc5_c21_S1.filtered.gene_spectra_score.k_17.dt_0_01.txt,prerank,HALLMARK_HYPOXIA,0.45927598928549673,1.1629026714194068,0.2216599190283401,0.5867739524249219,1.0,21/111,12.08%,CAV1;CAVIN1;SERPINE1;CCN2;PDGFB;IGFBP3;CAVIN3;BGN;PKP1;GPC3;ACKR3;GPC1;STC1;TGM2;NDRG1;CDKN1C;SDC2;DDIT4;PPP1R3C;SLC6A6;MT2A
17,11,anal_pc5_c21_S1.filtered.gene_spectra_score.k_17.dt_0_01.txt,prerank,HALLMARK_INFLAMMATORY_RESPONSE,0.432794478043879,1.1113309051833533,0.29678068410462777,0.7077249911482307,1.0,22/141,12.46%,APLNR;CALCRL;ITGA5;SERPINE1;TACR1;ICAM1;PTAFR;EDN1;MET;CX3CL1;GPC3;INHBA;SPHK1;CMKLR1;SCARF1;SLC7A2;AHR;IL1R1;TIMP1;OSMR;ITGB3;HBEGF
17,11,anal_pc5_c21_S1.filtered.gene_spectra_score.k_17.dt_0_01.txt,prerank,HALLMARK_P53_PATHWAY,0.4436624846371962,1.1058201870270075,0.3206967213114754,0.6896517609814009,1.0,28/89,18.00%,JAG2;TM4SF1;ITGB4;PLK2;KRT17;TP63;EPHX1;CDH13;INHBB;SPHK1;NDRG1;CLCA2;IER5;CDKN2A;TSC22D1;TCN2;SLC7A11;DDIT4;HBEGF;GPX2;PITPNC1;CCND3;UPP1;S100A4;HSPA4L;NINJ1;SERPINB5;DRAM1
17,11,anal_pc5_c21_S1.filtered.gene_spectra_score.k_17.dt_0_01.txt,prerank,HALLMARK_XENOBIOTIC_METABOLISM,0.4442031272204089,1.1050192439753417,0.3584710743801653,0.6587427214653174,1.0,20/80,17.46%,IGFBP4;SERPINE1;ATOH8;CD36;EPHX1;AKR1C3;NQO1;BCAT1;CES1;ALDH3A1;AKR1C2;IL1R1;RBP4;SLC6A6;MT2A;GCLC;PTGR1;UPP1;BCAR1;NINJ1
17,11,anal_pc5_c21_S1.filtered.gene_spectra_score.k_17.dt_0_01.txt,prerank,HALLMARK_HEME_METABOLISM,0.45445514694543193,1.0955738322218942,0.3635382955771305,0.6540274130301831,1.0,13/55,15.48%,ACKR1;BCAM;LMO2;SEC14L1;SNCA;TNS1;HBB;HBD;SLC7A11;GCLC;KLF3;CTSB;CCND3
17,11,anal_pc5_c21_S1.filtered.gene_spectra_score.k_17.dt_0_01.txt,prerank,HALLMARK_CHOLESTEROL_HOMEOSTASIS,0.46936364053973184,1.0896799626883928,0.3681765389082462,0.6407322654462243,1.0,13/35,23.36%,CLU;JAG1;ALCAM;FABP5;LDLR;FADS2;SCD;FASN;TRIB3;TNFRSF12A;NFIL3;LPL;ACAT2
17,11,anal_pc5_c21_S1.filtered.gene_spectra_score.k_17.dt_0_01.txt,prerank,HALLMARK_FATTY_ACID_METABOLISM,0.4364842684690058,1.030382382425897,0.4605855855855856,0.7646583564173591,1.0,19/44,24.20%,CD36;EPHX1;ODC1;PTPRG;ALDH1A1;INMT;ALDH3A1;CEL;CBR3;AQP7;FASN;UBE2L6;TP53INP2;HSPH1;TDO2;UGDH;ACAT2;ACSL1;GLUL
17,11,anal_pc5_c21_S1.filtered.gene_spectra_score.k_17.dt_0_01.txt,prerank,HALLMARK_IL6_JAK_STAT3_SIGNALING,0.41693628824497464,1.0236544338777227,0.4591947769314472,0.7511278195488722,1.0,9/53,12.02%,IL3RA;LEPR;A2M;CD36;SOCS3;CSF2RB;IL1R1;OSMR;ITGB3
17,11,anal_pc5_c21_S1.filtered.gene_spectra_score.k_17.dt_0_01.txt,prerank,HALLMARK_APICAL_SURFACE,0.44732773740054266,1.0180790297293663,0.4763636363636364,0.7344144774892697,1.0,8/27,18.38%,EPHB4;SULF2;CX3CL1;AFAP1L2;GSTM3;THY1;SRPX;CROCC
17,11,anal_pc5_c21_S1.filtered.gene_spectra_score.k_17.dt_0_01.txt,prerank,HALLMARK_INTERFERON_ALPHA_RESPONSE,0.4193579579351677,1.0141020327651133,0.47783783783783784,0.7170704539125592,1.0,16/50,20.32%,IFITM3;IFITM2;IFI27;GMPR;NCOA7;IFIT2;IFI44;MX1;LAP3;IFI44L;TRIM25;ISG15;UBE2L6;HELZ2;IFIT3;CMPK2
17,11,anal_pc5_c21_S1.filtered.gene_spectra_score.k_17.dt_0_01.txt,prerank,HALLMARK_ESTROGEN_RESPONSE_EARLY,0.3886791676196499,0.987084501942643,0.5614213197969543,0.7505017242354005,1.0,20/118,11.00%,PODXL;IGFBP4;PRSS23;SH3BP5;OLFM1;KLK10;MAST4;ABCA3;INHBB;TUBB2B;CXCL12;FOXC1;MPPED2;TGM2;GJA1;DLC1;SLC7A2;HSPB8;CELSR1;RARA
17,11,anal_pc5_c21_S1.filtered.gene_spectra_score.k_17.dt_0_01.txt,prerank,HALLMARK_ESTROGEN_RESPONSE_LATE,0.3785788814339573,0.9573628776867604,0.5869786368260427,0.7853458510159246,1.0,18/106,14.26%,CAV1;IGFBP4;CPE;PRSS23;OLFM1;KLK10;ABCA3;CXCL12;FOXC1;MDK;SLC29A1;HSPB8;CXCL14;NAB2;FABP5;FLNB;TOP2A;HR
17,11,anal_pc5_c21_S1.filtered.gene_spectra_score.k_17.dt_0_01.txt,prerank,HALLMARK_REACTIVE_OXYGEN_SPECIES_PATHWAY,0.44573042503934207,0.934159854990894,0.5699346405228758,0.8060282284659016,1.0,7/19,21.72%,HHEX;NQO1;FTL;TXNRD1;GCLC;FES;SOD2
17,11,anal_pc5_c21_S1.filtered.gene_spectra_score.k_17.dt_0_01.txt,prerank,HALLMARK_IL2_STAT5_SIGNALING,0.3608676973830061,0.9215621605373018,0.6586102719033232,0.8037389739203697,1.0,16/127,11.32%,IL3RA;SHE;RHOB;SELP;IFITM3;EMP1;NRP1;ITGA6;SWAP70;ODC1;TGM2;PLPP1;NDRG1;CDKN1C;AHR;GUCY1B1
17,11,anal_pc5_c21_S1.filtered.gene_spectra_score.k_17.dt_0_01.txt,prerank,HALLMARK_MTORC1_SIGNALING,0.3713489720714272,0.9004459744923625,0.6558915537017727,0.8154122971903441,1.0,33/72,26.48%,PIK3R3;SERPINH1;MCM2;BCAT1;PHGDH;STC1;TXNRD1;SLC7A11;DDIT4;SLC6A6;MCM4;GCLC;IGFBP5;LDLR;NAMPT;FADS2;SCD;TFRC;TRIB3;CFP;RRM2;PNP;SLC2A1;PLK1;NFIL3;BUB1;PPP1R15A;NUPR1;AURKA;PSAT1;INSIG1;SLC1A4;SLC2A3
17,11,anal_pc5_c21_S1.filtered.gene_spectra_score.k_17.dt_0_01.txt,prerank,HALLMARK_ANDROGEN_RESPONSE,0.3688125212645744,0.881791537464638,0.6530837004405287,0.8198426688731398,1.0,8/41,10.14%,LIFR;STEAP4;ADAMTS1;PLPP1;NDRG1;ABCC4;GUCY1A1;TSC22D1
17,11,anal_pc5_c21_S1.filtered.gene_spectra_score.k_17.dt_0_01.txt,prerank,HALLMARK_PI3K_AKT_MTOR_SIGNALING,-0.23853831024960595,-0.8691343535255266,0.7239263803680982,0.6931053811659192,0.9454732510288066,10/32,17.18%,IL2RG;CXCR4;VAV3;LCK;ITPR2;PRKCB;SLA;MAP2K3;MKNK1;FASLG
17,11,anal_pc5_c21_S1.filtered.gene_spectra_score.k_17.dt_0_01.txt,prerank,HALLMARK_TNFA_SIGNALING_VIA_NFKB,0.33566619760137517,0.8577950453898749,0.7683049147442327,0.8349530948113317,1.0,38/150,22.24%,RHOB;KLF2;SERPINE1;ICAM1;PLK2;EDN1;PLPP3;JAG1;INHBA;SPHK1;ACKR3;LAMB3;IER5;KLF9;SOCS3;TSC22D1;TNC;IFIT2;HBEGF;NFKBIA;EFNA1;LDLR;NAMPT;TUBB2A;NINJ1;HES1;DRAM1;DUSP1;SPSB1;PLAU;SGK1;BCL6;PMEPA1;FJX1;SOD2;FOSL1;SERPINB8;NFIL3
17,11,anal_pc5_c21_S1.filtered.gene_spectra_score.k_17.dt_0_01.txt,prerank,HALLMARK_COMPLEMENT,0.32385477471908825,0.8344083730312336,0.7762096774193549,0.8438294985584261,1.0,17/122,13.54%,CLU;COL4A2;SERPINE1;PDGFB;PRCP;DOCK4;CD36;CSRP1;CDH13;DOCK9;FN1;TIMP2;TIMP1;HSPA1A;ZEB1;LAP3;SH2B3
17,11,anal_pc5_c21_S1.filtered.gene_spectra_score.k_17.dt_0_01.txt,prerank,HALLMARK_DNA_REPAIR,0.3689034248238933,0.7919438599675809,0.7245283018867924,0.8749120608538891,1.0,6/22,21.60%,BCAM;TYMS;ZWINT;CMPK2;POLA1;PNP
17,11,anal_pc5_c21_S1.filtered.gene_spectra_score.k_17.dt_0_01.txt,prerank,HALLMARK_INTERFERON_GAMMA_RESPONSE,0.2928722978817529,0.7422608151594545,0.8931841302136317,0.9059455181338837,1.0,26/111,18.12%,SELP;IFITM3;IFITM2;ICAM1;IFI27;CMKLR1;SOCS3;CSF2RB;IFIT2;MT2A;IFI44;MX1;LAP3;IFI44L;NFKBIA;TRIM25;IFIT1;ST8SIA4;SERPING1;NAMPT;IDO1;ISG15;UPP1;UBE2L6;HELZ2;TNFSF10
17,11,anal_pc5_c21_S1.filtered.gene_spectra_score.k_17.dt_0_01.txt,prerank,HALLMARK_KRAS_SIGNALING_DN,0.2877642878521589,0.7168035321439611,0.8813209494324046,0.9057182429758608,1.0,20/78,24.82%,SYNPO;EDN1;PKP1;IGFBP2;MX1;LFNG;AKR1B10;KRT15;IFI44L;CALML5;SPTBN2;DLK2;SGK1;ZBTB16;CD207;NTF3;FGFR3;CLSTN3;KCNMB1;KCNN1
17,11,anal_pc5_c21_S1.filtered.gene_spectra_score.k_17.dt_0_01.txt,prerank,HALLMARK_GLYCOLYSIS,0.2395834923607695,0.582639015008227,0.9577167019027484,0.9767333313039684,1.0,12/67,17.36%,IGFBP3;MET;GPC3;GPC1;STC1;SDC2;DDIT4;GCLC;TGFBI;CDK1;KIF20A;ANGPTL4
17,11,anal_pc5_c21_S1.filtered.gene_spectra_score.k_17.dt_0_01.txt,prerank,HALLMARK_PEROXISOME,0.2073471186434181,0.4737916385875239,0.98805256869773,0.9902799762564306,1.0,9/32,24.50%,ALDH1A1;CRABP2;CEL;TOP2A;CADM1;SOD2;DLG4;ACSL1;ABCB1
17,12,anal_pc5_c21_S1.filtered.gene_spectra_score.k_17.dt_0_01.txt,prerank,HALLMARK_E2F_TARGETS,-0.5384996666415401,-2.0707368472171597,0.0,0.0,0.0,47/54,41.70%,HELLS;SMC4;EZH2;LIG1;MCM4;CENPM;CDKN2A;POLE;MCM2;MYC;NCAPD2;TK1;PTTG1;KIF22;TCF19;CIT;CDK1;CDC25B;MYBL2;TOP2A;KIF2C;LMNB1;MCM6;KIF18B;TFRC;DLGAP5;RRM2;HMGB2;MKI67;MELK;BIRC5;SPAG5;ANP32E;AURKB;DEPDC1;CDKN2C;SPC25;CKS2;PLK1;CENPE;CDCA3;TACC3;PRDX4;CCNB2;KIF4A;ESPL1;CDCA8
17,12,anal_pc5_c21_S1.filtered.gene_spectra_score.k_17.dt_0_01.txt,prerank,HALLMARK_G2M_CHECKPOINT,-0.49123721453978897,-1.9486576098069888,0.0,0.0,0.0,56/68,41.60%,SMAD3;SMC4;EZH2;ODC1;NUSAP1;SLC12A2;POLE;E2F1;SLC7A1;MCM2;MYC;PTTG1;MT2A;KIF22;TPX2;PRC1;CDK1;CDC25B;MEIS1;MYBL2;UBE2C;TOP2A;KIF2C;LMNB1;MCM6;RAD54L;MEIS2;TROAP;FANCC;MKI67;KIF15;BIRC5;KIF23;NDC80;SLC7A5;CENPF;EFNA5;AURKB;CDKN2C;FBXO5;MAP3K20;NEK2;CKS2;CCNF;CDC45;PLK1;INCENP;KIF11;CENPE;KIF20B;TACC3;SNRPD1;CCNB2;KIF4A;ESPL1;BUB1
17,12,anal_pc5_c21_S1.filtered.gene_spectra_score.k_17.dt_0_01.txt,prerank,HALLMARK_COMPLEMENT,0.7180546150202582,1.7964246133141981,0.0,0.002452796443445157,0.003,48/122,13.08%,C1QC;C1QA;LGMN;PLA2G7;CD36;FCER1G;CTSB;LIPA;CTSC;CTSL;CTSD;CTSS;PRSS36;CTSH;C2;DOCK4;MMP12;ITGAM;PDGFB;SH2B3;MMP14;DUSP6;PLEK;TIMP2;OLR1;PIK3R5;PRKCD;APOC1;LAP3;LRP1;ME1;CEBPB;JAK2;GCA;TNFAIP3;DOCK10;WAS;TIMP1;CPM;ADAM9;SERPING1;KYNU;LCP2;PLAUR;LYN;STX4;PRCP;ITIH1
17,12,anal_pc5_c21_S1.filtered.gene_spectra_score.k_17.dt_0_01.txt,prerank,HALLMARK_INFLAMMATORY_RESPONSE,0.6907808609088579,1.7482828608184726,0.0,0.004087994072408595,0.01,52/141,12.68%,STAB1;CD14;CCL24;CMKLR1;CYBB;C3AR1;ABCA1;AXL;TLR2;RGS1;MSR1;ICAM1;SCARF1;CSF3R;PTPRE;PTAFR;NLRP3;EBI3;MEFV;MMP14;AHR;IL10RA;TNFRSF1B;CLEC5A;FPR1;BEST1;OLR1;CXCL9;PIK3R5;MARCO;IL18;SCN1B;IL10;GPR132;C5AR1;TLR1;SLC31A2;ADGRE1;IL1B;GPR183;LAMP3;P2RX7;NOD2;TIMP1;PTGIR;LCP2;PLAUR;RNF144B;LYN;CCL22;EMP3;NFKBIA
17,12,anal_pc5_c21_S1.filtered.gene_spectra_score.k_17.dt_0_01.txt,prerank,HALLMARK_IL6_JAK_STAT3_SIGNALING,0.7336662836491483,1.7384105316794538,0.0,0.003270395257926876,0.012,20/53,11.20%,CD14;CD36;CSF2RA;HMOX1;TLR2;CSF3R;EBI3;PDGFC;TNFRSF21;TNFRSF1B;CXCL9;PIK3R5;CSF2RB;CCR1;A2M;ITGA4;IL1B;IL17RA;IL2RA;MAP3K8
17,12,anal_pc5_c21_S1.filtered.gene_spectra_score.k_17.dt_0_01.txt,prerank,HALLMARK_KRAS_SIGNALING_UP,0.6638794037549992,1.669806880138012,0.0,0.012877181328087075,0.062,37/131,12.16%,FUCA1;F13A1;NRP1;CSF2RA;FCER1G;GPNMB;CMKLR1;MAFB;MMP9;C3AR1;EPB41L3;CTSS;IRF8;TMEM176B;LAPTM5;ITGB2;ENG;ETV5;DUSP6;TMEM176A;LY96;IL10RA;TNFRSF1B;LCP1;SCN1B;PLAU;PTGS2;CLEC4A;IL1B;LAT2;TRIB1;TNFAIP3;PECAM1;DOCK2;PLAUR;GLRX;PPP1R15A
17,12,anal_pc5_c21_S1.filtered.gene_spectra_score.k_17.dt_0_01.txt,prerank,HALLMARK_ESTROGEN_RESPONSE_EARLY,-0.3662124613097355,-1.6347448815222416,0.0,0.03702941781526435,0.04522613065326633,43/118,18.68%,SCNN1A;KRT15;RAPGEFL1;ELF3;KRT8;KRT19;FCMR;LRIG1;CELSR1;ESRP2;MLPH;MAST4;SLC2A1;CA12;TOB1;AKAP1;HR;BCL2;TJP3;MYB;KLF4;NBL1;NAV2;CLDN7;HES1;BCL11B;GJA1;MYC;TFF3;FLNB;OVOL2;PRSS23;RASGRP1;SLC26A2;TUBB2B;ELOVL5;AQP3;MYBL1;FARP1;SLC16A1;SVIL;MUC1;FHL2
17,12,anal_pc5_c21_S1.filtered.gene_spectra_score.k_17.dt_0_01.txt,prerank,HALLMARK_COAGULATION,0.6523301384955188,1.6037209198839184,0.001072961373390558,0.033685071156646824,0.181,21/79,11.28%,C1QA;LGMN;CTSB;MMP9;CTSH;C2;APOC2;PDGFB;MMP14;DUSP6;PLEK;OLR1;APOC1;PLAU;A2M;LRP1;THBD;TIMP1;PECAM1;ADAM9;SERPING1
17,12,anal_pc5_c21_S1.filtered.gene_spectra_score.k_17.dt_0_01.txt,prerank,HALLMARK_ALLOGRAFT_REJECTION,0.630775675123091,1.5932566782427648,0.0,0.031341287888465894,0.203,38/121,12.44%,STAB1;CD74;SPI1;CD4;IGSF6;NCF4;MMP9;TLR2;CTSS;CFP;IRF8;C2;ITGB2;ICAM1;SRGN;CD86;NLRP3;HCLS1;FCGR2B;CXCL9;IL18;IL10;TLR1;CCR1;BCAT1;CD80;CAPG;IL1B;JAK2;FGR;LY86;WAS;TIMP1;IL2RA;CCR2;LCP2;LYN;CCL22
17,12,anal_pc5_c21_S1.filtered.gene_spectra_score.k_17.dt_0_01.txt,prerank,HALLMARK_WNT_BETA_CATENIN_SIGNALING,-0.5457455810663209,-1.4795561054475714,0.07166123778501629,0.11108825344579305,0.16482412060301507,9/15,26.86%,JAG1;TCF7;JAG2;MYC;DLL1;CSNK1E;HEY1;CCND2;LEF1
17,12,anal_pc5_c21_S1.filtered.gene_spectra_score.k_17.dt_0_01.txt,prerank,HALLMARK_INTERFERON_GAMMA_RESPONSE,0.5589397230587732,1.3856614592232814,0.028985507246376812,0.2929339752457359,0.904,38/111,15.54%,FGL2;CD74;IFI30;CMKLR1;TNFAIP2;SAMHD1;IRF8;ICAM1;CD86;CIITA;IL10RA;IL18BP;FPR1;CXCL9;SECTM1;CSF2RB;LAP3;PTGS2;IDO1;SLAMF7;ITGB7;JAK2;TNFAIP3;CD274;SERPING1;LCP2;SOD2;TRIM14;NFKBIA;SOCS3;VCAM1;ST3GAL5;ST8SIA4;CXCL10;CCL2;CD40;EPSTI1;CFB
17,12,anal_pc5_c21_S1.filtered.gene_spectra_score.k_17.dt_0_01.txt,prerank,HALLMARK_ESTROGEN_RESPONSE_LATE,-0.3174972012741024,-1.37393189474103,0.0,0.18810944250154288,0.31256281407035175,43/106,24.86%,CXCL14;SCNN1A;RAPGEFL1;PLXNB1;CDH1;LLGL2;KRT19;MDK;ASS1;ISG20;CA12;CKB;TOB1;AGR2;HR;BCL2;TJP3;MYB;KLF4;NBL1;FGFR3;TSPAN13;TFF3;FLNB;OVOL2;PRSS23;KLK11;SLC26A2;ELOVL5;CYP4F11;HSPA4L;CPE;FARP1;SLC16A1;TOP2A;UGDH;MEST;KLK10;IGFBP4;FABP5;SLC1A4;NMU;XBP1
17,12,anal_pc5_c21_S1.filtered.gene_spectra_score.k_17.dt_0_01.txt,prerank,HALLMARK_ADIPOGENESIS,0.5634574208896077,1.3385556245476649,0.11073825503355705,0.3806944479930504,0.969,13/51,13.50%,CD36;ABCA1;APOE;ENPP2;SCARB1;NABP1;ME1;ITSN1;UCP2;LTC4S;PLIN2;PFKFB3;CAT
17,12,anal_pc5_c21_S1.filtered.gene_spectra_score.k_17.dt_0_01.txt,prerank,HALLMARK_MTORC1_SIGNALING,0.5471645228335288,1.3320524568735193,0.0926517571884984,0.3551104184232266,0.975,6/72,3.28%,FGL2;LGMN;IFI30;CTSC;CFP;ITGB2
17,12,anal_pc5_c21_S1.filtered.gene_spectra_score.k_17.dt_0_01.txt,prerank,HALLMARK_HEDGEHOG_SIGNALING,0.6445538486364498,1.310108426513861,0.1793400286944046,0.37347913845524927,0.989,3/17,3.06%,NRP1;NRP2;RTN1
17,12,anal_pc5_c21_S1.filtered.gene_spectra_score.k_17.dt_0_01.txt,prerank,HALLMARK_TNFA_SIGNALING_VIA_NFKB,0.5157814562616129,1.305210086150211,0.0615539858728557,0.3519391260519036,0.991,47/150,15.34%,SAT1;ABCA1;TNFAIP2;TLR2;NINJ1;ICAM1;FOS;PTPRE;DUSP1;PLEK;ZFP36;OLR1;EGR2;IL18;PLAU;NFKBIE;PTGS2;DRAM1;CEBPB;CD80;SGK1;IL1B;GPR183;TRIB1;RNF19B;FOSB;TNFAIP3;CCND1;MAP3K8;LITAF;KYNU;PLAUR;SOD2;PPP1R15A;GADD45B;CD83;NFKBIA;PFKFB3;IER3;SOCS3;TNFRSF9;DUSP5;PTGER4;CXCL2;CXCL10;CCL2;BCL2A1
17,12,anal_pc5_c21_S1.filtered.gene_spectra_score.k_17.dt_0_01.txt,prerank,HALLMARK_DNA_REPAIR,-0.4025798314585063,-1.2218673832221172,0.2178988326848249,0.3410820818761572,0.5738693467336683,9/22,18.88%,AK1;BCAM;LIG1;TYMS;VPS37B;POLH;USP11;POLA1;ZWINT
17,12,anal_pc5_c21_S1.filtered.gene_spectra_score.k_17.dt_0_01.txt,prerank,HALLMARK_APOPTOSIS,0.4744295447487067,1.1737590970604117,0.277602523659306,0.7061328427740446,1.0,16/79,13.30%,CD14;SAT1;HMOX1;PLCB2;PPT1;TIMP2;IL18;IL1B;BID;CCND1;TIMP1;SOD2;HGF;GADD45B;DPYD;IER3
17,12,anal_pc5_c21_S1.filtered.gene_spectra_score.k_17.dt_0_01.txt,prerank,HALLMARK_XENOBIOTIC_METABOLISM,0.4832620644598896,1.1678981423766444,0.26610348468849,0.67131151890599,1.0,8/80,5.08%,CD36;HMOX1;IRF8;PDK4;APOE;TMEM176B;NINJ1;IGF1
17,12,anal_pc5_c21_S1.filtered.gene_spectra_score.k_17.dt_0_01.txt,prerank,HALLMARK_UV_RESPONSE_UP,0.48246132924467344,1.1676099498721302,0.2714440825190011,0.6238862953648717,1.0,20/66,16.72%,HMOX1;CREG1;ICAM1;FOS;ARRB2;MMP14;PPT1;PRKCD;DLG4;BID;FOSB;SOD2;LYN;NFKBIA;CXCL2;TCHH;CYB5R1;FURIN;PPIF;PLCL1
17,12,anal_pc5_c21_S1.filtered.gene_spectra_score.k_17.dt_0_01.txt,prerank,HALLMARK_INTERFERON_ALPHA_RESPONSE,0.4948273395830103,1.1636979157803662,0.3,0.5935767393137279,1.0,3/50,2.40%,CD74;IFI30;LPAR6
17,12,anal_pc5_c21_S1.filtered.gene_spectra_score.k_17.dt_0_01.txt,prerank,HALLMARK_P53_PATHWAY,0.4622617979373338,1.140414845720437,0.28735632183908044,0.6174404047114131,1.0,13/89,9.56%,FUCA1;IFI30;SAT1;HMOX1;CTSD;NINJ1;FOS;GM2A;PTPRE;RAP2B;DRAM1;RNF19B;TCN2
17,12,anal_pc5_c21_S1.filtered.gene_spectra_score.k_17.dt_0_01.txt,prerank,HALLMARK_APICAL_JUNCTION,0.4452660343360323,1.1328636795233977,0.30165289256198347,0.5995404012546535,1.0,9/101,4.36%,CD209;SIRPA;MMP9;TGFBI;ICAM1;TSPAN4;ITGA9;SDC3;CD86
17,12,anal_pc5_c21_S1.filtered.gene_spectra_score.k_17.dt_0_01.txt,prerank,HALLMARK_IL2_STAT5_SIGNALING,0.4547718779143814,1.1320189828656422,0.27049180327868855,0.5679586431266341,1.0,25/127,14.82%,FGL2;CTSZ;NRP1;IRF8;CD86;SHE;BATF3;AHR;TNFRSF21;IL10RA;TNFRSF1B;TLR7;IL10;ADAM19;CAPG;IL2RA;MAP3K8;ENPP1;GADD45B;CD83;PLIN2;SNX9;TNFRSF9;WLS;CXCL10
17,12,anal_pc5_c21_S1.filtered.gene_spectra_score.k_17.dt_0_01.txt,prerank,HALLMARK_MITOTIC_SPINDLE,-0.26723031919598683,-1.103825707370959,0.23636363636363636,0.5117112880947482,0.7688442211055276,55/77,41.60%,DST;BCAR1;SMC4;CEP72;RAPGEF5;CNTRL;NUSAP1;PALLD;NEDD9;MID1;TUBA4A;CDC42EP4;CEP250;FLNB;KIF22;RAPGEF6;TPX2;PRC1;FARP1;CDK1;SYNPO;FLNA;TOP2A;KIF2C;LMNB1;KNTC1;ECT2;DLGAP5;ANLN;WASL;EPB41;TRIO;KIF15;BIRC5;KIF23;NDC80;CDC42EP2;RHOF;CENPF;FBXO5;PIF1;NEK2;PLK1;STK38L;INCENP;PXN;KIF11;CENPE;KIF20B;SORBS2;CCNB2;NET1;KIF4A;ESPL1;BUB1
17,12,anal_pc5_c21_S1.filtered.gene_spectra_score.k_17.dt_0_01.txt,prerank,HALLMARK_ANGIOGENESIS,0.49749481292171954,1.0925589946051917,0.3875776397515528,0.6311002217467837,1.0,6/29,11.08%,NRP1;TNFRSF21;OLR1;THBD;TIMP1;S100A4
17,12,anal_pc5_c21_S1.filtered.gene_spectra_score.k_17.dt_0_01.txt,prerank,HALLMARK_ANDROGEN_RESPONSE,0.4720477581109854,1.0873782906758225,0.3751493428912784,0.6117274329952221,1.0,4/41,2.48%,SELENOP;SAT1;MERTK;MAF
17,12,anal_pc5_c21_S1.filtered.gene_spectra_score.k_17.dt_0_01.txt,prerank,HALLMARK_CHOLESTEROL_HOMEOSTASIS,0.48263747123688305,1.0849888191949948,0.4068627450980392,0.5883986134886771,1.0,2/35,2.56%,LGMN;CXCL16
17,12,anal_pc5_c21_S1.filtered.gene_spectra_score.k_17.dt_0_01.txt,prerank,HALLMARK_APICAL_SURFACE,-0.3371127918633141,-1.0651261842639015,0.3562231759656652,0.5211890557498458,0.8180904522613065,16/27,40.30%,CROCC;GSTM3;EPHB4;ATP8B1;AKAP7;IL2RB;DCBLD2;IL2RG;LYPD3;THY1;EFNA5;GATA3;AFAP1L2;PCSK9;MAL;CD160
17,12,anal_pc5_c21_S1.filtered.gene_spectra_score.k_17.dt_0_01.txt,prerank,HALLMARK_HEME_METABOLISM,0.40160746431343197,0.942288911941955,0.565266742338252,0.8546880697932079,1.0,10/55,13.98%,CTSB;ACP5;MPP1;BMP2K;BLVRB;LMO2;UCP2;CAT;KDM7A;AGPAT4
17,12,anal_pc5_c21_S1.filtered.gene_spectra_score.k_17.dt_0_01.txt,prerank,HALLMARK_REACTIVE_OXYGEN_SPECIES_PATHWAY,0.44539663257819445,0.9283683957730963,0.5708333333333333,0.8427310910833962,1.0,8/19,15.00%,FES;FTL;SOD2;GLRX;LSP1;CAT;MPO;HHEX
17,12,anal_pc5_c21_S1.filtered.gene_spectra_score.k_17.dt_0_01.txt,prerank,HALLMARK_TGF_BETA_SIGNALING,-0.27624147228660567,-0.8574835659544782,0.6778242677824268,0.9358842487828293,0.9678391959798995,6/24,10.30%,SMAD3;CDH1;ID1;ID3;TGIF1;TJP1
17,12,anal_pc5_c21_S1.filtered.gene_spectra_score.k_17.dt_0_01.txt,prerank,HALLMARK_HYPOXIA,0.33638578419778914,0.8391886669445988,0.7580144777662875,0.9602016743742388,1.0,19/111,13.30%,HMOX1;TGFBI;FOS;SDC3;SCARB1;PDGFB;DUSP1;GAA;ZFP36;AMPD3;HS3ST1;TNFAIP3;S100A4;PLAUR;GLRX;PPP1R15A;PLIN2;PFKFB3;IER3
17,12,anal_pc5_c21_S1.filtered.gene_spectra_score.k_17.dt_0_01.txt,prerank,HALLMARK_UV_RESPONSE_DN,0.33438675980097166,0.8046887438451894,0.7637540453074434,0.9722558062290809,1.0,4/69,5.84%,DAB2;NRP1;DUSP1;PMP22
17,12,anal_pc5_c21_S1.filtered.gene_spectra_score.k_17.dt_0_01.txt,prerank,HALLMARK_SPERMATOGENESIS,-0.2329850771154221,-0.804538181669224,0.8214285714285714,0.9533840773503395,0.9829145728643216,9/36,23.40%,GSTM3;EZH2;LPIN1;SLC12A2;HSPA2;HSPA4L;CDK1;KIF2C;CAMK4
17,12,anal_pc5_c21_S1.filtered.gene_spectra_score.k_17.dt_0_01.txt,prerank,HALLMARK_PEROXISOME,-0.23048793733245418,-0.7813936069534582,0.7924528301886793,0.9041910568345459,0.9869346733668342,12/32,29.36%,ALDH1A1;HSD11B2;ELOVL5;ECI2;TOP2A;ACSL5;CRABP2;CEL;ABCB1;FDPS;NR1I2;HSD17B11
17,12,anal_pc5_c21_S1.filtered.gene_spectra_score.k_17.dt_0_01.txt,prerank,HALLMARK_EPITHELIAL_MESENCHYMAL_TRANSITION,0.30599885508637586,0.7794571218181613,0.8689516129032258,0.9673137358566215,1.0,15/164,10.54%,FUCA1;DAB2;SAT1;TGFBI;MMP14;PMP22;ANPEP;LRP1;CAPG;BASP1;TNFAIP3;ITGB5;GLIPR1;CXCL12;TIMP1
17,12,anal_pc5_c21_S1.filtered.gene_spectra_score.k_17.dt_0_01.txt,prerank,HALLMARK_FATTY_ACID_METABOLISM,0.3288808007589803,0.7613615871802264,0.7683215130023641,0.9536835949365652,1.0,3/44,8.18%,CD36;IL4I1;ME1
17,12,anal_pc5_c21_S1.filtered.gene_spectra_score.k_17.dt_0_01.txt,prerank,HALLMARK_KRAS_SIGNALING_DN,0.2988812657662951,0.7351473350501898,0.8452508004268944,0.9489402240366751,1.0,9/78,11.14%,SELENOP;MEFV;CD207;CD80;SGK1;KCNMB1;SLC29A3;PTPRJ;STAG3
17,12,anal_pc5_c21_S1.filtered.gene_spectra_score.k_17.dt_0_01.txt,prerank,HALLMARK_PI3K_AKT_MTOR_SIGNALING,0.28642037179178226,0.6363930366493992,0.8876543209876543,1.0,1.0,2/32,3.18%,MKNK1;ITPR2
17,12,anal_pc5_c21_S1.filtered.gene_spectra_score.k_17.dt_0_01.txt,prerank,HALLMARK_GLYCOLYSIS,0.2639311575614563,0.6344320447348543,0.9143167028199566,0.9744960269807609,1.0,5/67,8.18%,MERTK;TGFBI;SDC3;SLC16A3;ME1
17,12,anal_pc5_c21_S1.filtered.gene_spectra_score.k_17.dt_0_01.txt,prerank,HALLMARK_UNFOLDED_PROTEIN_RESPONSE,-0.1922320234455154,-0.5838896634971812,0.9618320610687023,0.9827196050195433,0.9989949748743718,9/23,29.00%,DDIT4;TSPYL2;SHC1;DNAJB9;VEGFA;SLC1A4;XBP1;PSAT1;SLC7A5
17,12,anal_pc5_c21_S1.filtered.gene_spectra_score.k_17.dt_0_01.txt,prerank,HALLMARK_BILE_ACID_METABOLISM,0.24781093191494916,0.561993297281279,0.9381818181818182,0.9862879118180117,1.0,1/37,1.60%,ABCA1
17,12,anal_pc5_c21_S1.filtered.gene_spectra_score.k_17.dt_0_01.txt,prerank,HALLMARK_MYOGENESIS,0.17772747358257235,0.4455524416240198,0.9979633401221996,0.9938680088913872,1.0,4/112,6.22%,CD36;IGF1;GAA;FABP3
17,13,anal_pc5_c21_S1.filtered.gene_spectra_score.k_17.dt_0_01.txt,prerank,HALLMARK_MTORC1_SIGNALING,-0.45316698799483923,-1.9906494793426328,0.0,0.0,0.0,40/72,26.00%,CORO1A;NUPR1;XBP1;IFI30;TFRC;ITGB2;CXCR4;PDK1;HSP90B1;IGFBP5;SLA;HK2;SYTL2;CTSC;ERO1A;MCM2;SLC2A1;BTG2;GLRX;LGMN;PHGDH;TXNRD1;FADS2;DAPP1;HMGCS1;HSPA5;SDF2L1;NFIL3;MCM4;CDKN1A;SCD;HMGCR;GCLC;MAP2K3;SLC1A4;SLC7A11;TUBA4A;RRM2;CFP;BUB1
17,13,anal_pc5_c21_S1.filtered.gene_spectra_score.k_17.dt_0_01.txt,prerank,HALLMARK_E2F_TARGETS,-0.4738143663122459,-1.8419676900297002,0.0,0.020045819014891178,0.008393285371702638,37/54,37.06%,TFRC;LMNB1;MCM2;CDKN2A;CDK1;TOP2A;MYBL2;HMGB2;NCAPD2;PTTG1;PRDX4;TK1;ANP32E;CDC20;MCM4;CDKN1A;CDKN2C;EZH2;MKI67;MYC;KIF22;RRM2;MCM6;HMMR;BIRC5;CCNB2;CENPM;TACC3;CKS2;CDCA8;KIF4A;HELLS;KPNA2;PLK1;POLE;MELK;KIF18B
17,13,anal_pc5_c21_S1.filtered.gene_spectra_score.k_17.dt_0_01.txt,prerank,HALLMARK_GLYCOLYSIS,-0.3560332416288471,-1.485401494976547,0.0,0.1355479190530737,0.08393285371702638,21/67,16.28%,DCN;ELF3;B3GNT3;VCAN;TGFBI;TFF3;CXCR4;QSOX1;COL5A1;HK2;ERO1A;CITED2;SDC2;DSC2;GLRX;GPC3;ISG20;CDK1;SLC16A3;CHPF;CHST2
17,13,anal_pc5_c21_S1.filtered.gene_spectra_score.k_17.dt_0_01.txt,prerank,HALLMARK_FATTY_ACID_METABOLISM,-0.38800054500021275,-1.4255089172987994,0.023255813953488372,0.13602520045819014,0.1079136690647482,21/44,21.28%,CA2;MAOA;UGDH;ACSL5;ALDH3A1;ODC1;HSD17B11;EPHX1;FASN;CD1D;ACAA2;ACSS1;ALDH1A1;HMGCS1;ACAT2;ACOX1;HPGD;UBE2L6;CEL;GLUL;CA4
17,13,anal_pc5_c21_S1.filtered.gene_spectra_score.k_17.dt_0_01.txt,prerank,HALLMARK_APICAL_JUNCTION,0.630607716619954,1.4087747764314138,0.004024144869215292,0.6308515170161405,0.538,32/101,15.90%,CLDN5;VWF;PECAM1;SHC1;ITGA9;CD34;ADAM15;MAPK11;TJP1;FLNC;TSPAN4;FBN1;ITGB4;CLDN11;PCDH1;SIRPA;PIK3R3;ICAM1;CERCAM;ICAM2;CX3CL1;BMP1;NLGN2;MPZL2;ITGA10;PLCG1;SORBS3;THBS3;SDC3;SPEG;ADAMTS5;FSCN1
17,13,anal_pc5_c21_S1.filtered.gene_spectra_score.k_17.dt_0_01.txt,prerank,HALLMARK_UV_RESPONSE_DN,0.6250287877467404,1.3988545005457553,0.008138351983723296,0.3657168552089743,0.597,24/69,13.40%,KALRN;TGFBR2;PTPRM;TFPI;TJP1;CAV1;EFEMP1;NRP1;PLCB4;DUSP1;ID1;PIK3R3;NFIB;MET;RBPMS;PDLIM5;ICA1;ITGB3;SYNE1;TGFBR3;PLPP3;DLC1;DAB2;ADGRL2
17,13,anal_pc5_c21_S1.filtered.gene_spectra_score.k_17.dt_0_01.txt,prerank,HALLMARK_ADIPOGENESIS,0.6254358095294523,1.383434565576733,0.032989690721649485,0.2966504157397327,0.666,18/51,17.34%,LIFR;FZD4;ENPP2;COL15A1;SNCG;COL4A1;LAMA4;SPARCL1;CAVIN2;PHLDB1;PIM3;CAVIN1;ITSN1;ITGA7;SCARB1;HSPB8;SORBS1;FABP4
17,13,anal_pc5_c21_S1.filtered.gene_spectra_score.k_17.dt_0_01.txt,prerank,HALLMARK_TGF_BETA_SIGNALING,0.6567632243658033,1.352356993577293,0.08018327605956473,0.3325247313863776,0.807,5/24,7.12%,ENG;TJP1;SMAD6;SMAD1;ID1
17,13,anal_pc5_c21_S1.filtered.gene_spectra_score.k_17.dt_0_01.txt,prerank,HALLMARK_COAGULATION,0.6005661841161519,1.3341333757658544,0.031313131313131314,0.33119704643347375,0.866,15/79,11.52%,VWF;PECAM1;RAPGEF3;CFI;CRIP2;THBD;TIMP3;CLU;FBN1;PDGFB;PRSS23;DUSP6;ITGB3;SERPINC1;BMP1
17,13,anal_pc5_c21_S1.filtered.gene_spectra_score.k_17.dt_0_01.txt,prerank,HALLMARK_MITOTIC_SPINDLE,0.5876060185889718,1.3129374604750044,0.05060728744939271,0.34197945756614756,0.913,18/77,15.90%,ARHGAP29;ARAP3;RAPGEF5;SYNPO;PXN;BCAR1;SORBS2;DOCK4;MID1;CDC42EP2;PDLIM5;TRIO;ITSN1;DST;NEDD9;ARHGEF2;FARP1;FSCN1
17,13,anal_pc5_c21_S1.filtered.gene_spectra_score.k_17.dt_0_01.txt,prerank,HALLMARK_HEDGEHOG_SIGNALING,0.6686656404263324,1.3080876683768177,0.12945368171021376,0.3078389873486196,0.924,5/17,11.20%,NRP2;NRP1;CELSR1;L1CAM;DPYSL2
17,13,anal_pc5_c21_S1.filtered.gene_spectra_score.k_17.dt_0_01.txt,prerank,HALLMARK_PEROXISOME,-0.3393580506744015,-1.2125522482489401,0.13333333333333333,0.33104238258877433,0.3069544364508393,15/32,23.46%,HSD11B2;ACSL5;CAT;SOD2;HSD17B11;ALDH1A1;TOP2A;DHRS3;ACOX1;CRABP2;NR1I2;CEL;ABCD2;ACSL4;SEMA3C
17,13,anal_pc5_c21_S1.filtered.gene_spectra_score.k_17.dt_0_01.txt,prerank,HALLMARK_KRAS_SIGNALING_UP,0.5281955416835271,1.1922107848073116,0.12,0.7691520329436267,0.998,22/131,9.68%,FLT4;PECAM1;PLVAP;ADGRL4;ENG;IL33;RELN;TMEM100;TFPI;GNG11;TSPAN7;SPARCL1;NRP1;ALDH1A2;ACE;ADGRA2;GUCY1A1;TPH1;AKAP12;RGS16;PTGS2;DUSP6
17,13,anal_pc5_c21_S1.filtered.gene_spectra_score.k_17.dt_0_01.txt,prerank,HALLMARK_ESTROGEN_RESPONSE_LATE,-0.2754367330283976,-1.1840891849346156,0.0,0.31214203894616266,0.34292565947242204,27/106,13.50%,AGR2;CA2;CA12;CDH1;CXCL14;UGDH;CKB;SERPINA1;XBP1;PTPN6;KRT19;NBL1;TSPAN13;SLC26A2;TFF3;MYB;TJP3;BCL2;LLGL2;TOB1;PPIF;BLVRB;TFPI2;ASS1;CISH;ISG20;RAB31
17,13,anal_pc5_c21_S1.filtered.gene_spectra_score.k_17.dt_0_01.txt,prerank,HALLMARK_INFLAMMATORY_RESPONSE,0.5165412462480077,1.1618826111318035,0.142,0.8566920686010003,1.0,26/141,12.54%,ITGA5;CALCRL;APLNR;SCARF1;SPHK1;TACR1;GABBR1;PTPRE;VIP;SELE;OSMR;IL1R1;ICAM1;MET;EDN1;RGS16;ADM;STAB1;ITGB3;AHR;PDPN;CX3CL1;PVR;PTAFR;CD55;SCN1B
17,13,anal_pc5_c21_S1.filtered.gene_spectra_score.k_17.dt_0_01.txt,prerank,HALLMARK_SPERMATOGENESIS,0.5397840102422777,1.1617092281390742,0.28085106382978725,0.7718275192881147,1.0,3/36,5.40%,SHE;GPR182;ACE
17,13,anal_pc5_c21_S1.filtered.gene_spectra_score.k_17.dt_0_01.txt,prerank,HALLMARK_ANGIOGENESIS,0.5570904447397607,1.1604485008518328,0.3081967213114754,0.7064893264543002,1.0,5/29,8.30%,SLCO2A1;THBD;JAG2;NRP1;JAG1
17,13,anal_pc5_c21_S1.filtered.gene_spectra_score.k_17.dt_0_01.txt,prerank,HALLMARK_REACTIVE_OXYGEN_SPECIES_PATHWAY,-0.36979872384509105,-1.0958997748286596,0.2808219178082192,0.4099165439371625,0.46882494004796166,8/19,12.54%,LSP1;MGST1;FTL;CAT;NQO1;GLRX;SOD2;TXNRD1
17,13,anal_pc5_c21_S1.filtered.gene_spectra_score.k_17.dt_0_01.txt,prerank,HALLMARK_MYOGENESIS,0.469968997393348,1.0454139337550634,0.4112337011033099,1.0,1.0,38/112,23.06%,APLNR;SPHK1;COL15A1;IGFBP7;CLU;GJA5;MAPK12;ITGB4;COL4A2;PTP4A3;CNN3;KIFC3;PDLIM7;SMTN;TEAD4;PPP1R3C;ITGA7;TPM2;SORBS3;SVIL;COX7A1;HSPB8;SPEG;SGCD;SORBS1;SPARC;CACNA1H;CD36;LDB3;WWTR1;STC2;IFRD1;CDH13;HRC;DTNA;MYOM1;NCAM1;NAV2
17,13,anal_pc5_c21_S1.filtered.gene_spectra_score.k_17.dt_0_01.txt,prerank,HALLMARK_WNT_BETA_CATENIN_SIGNALING,0.538047140336053,1.034447473607574,0.4787363304981774,1.0,1.0,4/15,13.08%,JAG2;JAG1;DLL1;CSNK1E
17,13,anal_pc5_c21_S1.filtered.gene_spectra_score.k_17.dt_0_01.txt,prerank,HALLMARK_ALLOGRAFT_REJECTION,-0.513030823432373,-1.0,1.0,0.561282932416953,0.6618705035971223,70/121,24.42%,CTSS;ITGAL;IL16;LTB;IL2RG;PTPN6;CD2;FYB1;CD79A;ZAP70;PTPRC;PRKCB;CCND2;CD96;ITGB2;LCP2;MAP4K1;CD4;CAPG;HCLS1;SPI1;CCL11;ITK;NCF4;IRF4;CD3E;IRF8;CD74;LCK;LY75;CD3D;C2;CD28;WAS;CDKN2A;THY1;CD247;IL12RB1;SIT1;IL2RB;CCL13;CD1D;STAT4;CD7;SRGN;CD8A;IL2RA;SOCS1;LY86;CD40LG;TLR6;FCGR2B;CCL5;CD86;IL18;CXCR3;CD3G;GPR65;CCR1;KLRD1;FAS;IL27RA;CCR5;PRF1;TRAT1;TLR1;ST8SIA4;TNF;CCR2;CCL2
17,13,anal_pc5_c21_S1.filtered.gene_spectra_score.k_17.dt_0_01.txt,prerank,HALLMARK_ANDROGEN_RESPONSE,0.448838271852267,0.9808887291319209,0.5467928496319664,1.0,1.0,7/41,9.52%,LIFR;GUCY1A1;PLPP1;AKAP12;PDLIM5;ADAMTS1;ABCC4
17,13,anal_pc5_c21_S1.filtered.gene_spectra_score.k_17.dt_0_01.txt,prerank,HALLMARK_G2M_CHECKPOINT,-0.2389264748573685,-0.9583671856624348,0.6875,0.582919689448899,0.7326139088729017,39/68,34.52%,SLC12A2;LMNB1;MCM2;ODC1;CDK1;TOP2A;MYBL2;MT2A;PTTG1;ATF5;CDC20;TPX2;INCENP;CDKN2C;EZH2;MKI67;MYC;KIF22;NUSAP1;KIF20B;PRC1;BUB1;MCM6;HMMR;BIRC5;CENPF;KIF11;NDC80;CCNB2;TACC3;RAD54L;SMAD3;CKS2;CCND1;KIF4A;FBXO5;KIF23;NEK2;KPNA2
17,13,anal_pc5_c21_S1.filtered.gene_spectra_score.k_17.dt_0_01.txt,prerank,HALLMARK_TNFA_SIGNALING_VIA_NFKB,0.42122615147223985,0.94876614873071,0.646,1.0,1.0,23/150,14.78%,KLF2;SPHK1;RHOB;PLK2;PTPRE;DUSP1;PTX3;ICAM1;NFAT5;JAG1;CXCL2;EDN1;PDLIM5;PTGS2;SOCS3;EFNA1;FOS;PLPP3;KLF9;MAP3K8;PER1;TNFAIP2;NFKBIA
17,13,anal_pc5_c21_S1.filtered.gene_spectra_score.k_17.dt_0_01.txt,prerank,HALLMARK_HEME_METABOLISM,0.4072214685997871,0.9068357249326388,0.6611570247933884,1.0,1.0,10/55,16.16%,LMO2;ACKR1;BCAM;TNS1;OSBP2;SEC14L1;AGPAT4;MPP1;SLC25A37;DMTN
17,13,anal_pc5_c21_S1.filtered.gene_spectra_score.k_17.dt_0_01.txt,prerank,HALLMARK_APICAL_SURFACE,0.42958134687654925,0.8908562875003871,0.6545654565456546,1.0,1.0,5/27,11.14%,EPHB4;EFNA5;SULF2;AFAP1L2;CX3CL1
17,13,anal_pc5_c21_S1.filtered.gene_spectra_score.k_17.dt_0_01.txt,prerank,HALLMARK_UNFOLDED_PROTEIN_RESPONSE,0.430721119312987,0.8868224816227985,0.665893271461717,1.0,1.0,1/23,0.88%,SHC1
17,13,anal_pc5_c21_S1.filtered.gene_spectra_score.k_17.dt_0_01.txt,prerank,HALLMARK_CHOLESTEROL_HOMEOSTASIS,-0.22611802555986837,-0.8474191875008646,0.782608695652174,0.7285223367697594,0.8788968824940048,14/35,23.54%,LGALS3;MAL2;CXCL16;LGMN;FASN;ANTXR2;FADS2;ALCAM;HMGCS1;ACAT2;ATF5;NFIL3;SCD;HMGCR
17,13,anal_pc5_c21_S1.filtered.gene_spectra_score.k_17.dt_0_01.txt,prerank,HALLMARK_IL6_JAK_STAT3_SIGNALING,0.3662973353498278,0.7968573001942147,0.8122406639004149,1.0,1.0,7/53,10.20%,IL3RA;LEPR;OSMR;IL1R1;CSF2RB;SOCS3;ITGB3
17,13,anal_pc5_c21_S1.filtered.gene_spectra_score.k_17.dt_0_01.txt,prerank,HALLMARK_P53_PATHWAY,0.3479232561421086,0.7763148123622872,0.8785140562248996,1.0,1.0,12/89,12.62%,TM4SF1;JAG2;SPHK1;ITGB4;ZBTB16;PLK2;PTPRE;UPP1;RGS16;FOS;PITPNC1;EPHA2
17,13,anal_pc5_c21_S1.filtered.gene_spectra_score.k_17.dt_0_01.txt,prerank,HALLMARK_EPITHELIAL_MESENCHYMAL_TRANSITION,0.34436766132543495,0.7749846222352651,0.938,1.0,1.0,24/164,13.54%,VEGFC;ITGA5;TIMP3;CCN2;COL4A1;FBN1;FOXC2;COL4A2;RHOB;IGFBP4;ELN;PTX3;CTHRC1;NNMT;FAP;ITGB3;TGFBR3;FBLN2;PVR;BMP1;CALD1;DAB2;TPM2;DST
17,13,anal_pc5_c21_S1.filtered.gene_spectra_score.k_17.dt_0_01.txt,prerank,HALLMARK_UV_RESPONSE_UP,0.346146613360097,0.7650166134787715,0.8597560975609756,1.0,1.0,10/66,14.78%,HYAL2;DLG4;RHOB;ICAM1;CXCL2;OLFM1;FOS;NPTX2;ABCB1;NFKBIA
17,13,anal_pc5_c21_S1.filtered.gene_spectra_score.k_17.dt_0_01.txt,prerank,HALLMARK_INTERFERON_ALPHA_RESPONSE,0.33562131889386404,0.726917932929321,0.8779731127197518,1.0,1.0,17/50,27.20%,IFI44L;IFI44;IFITM3;GBP4;DDX60;PARP14;TRIM25;TMEM140;LAP3;GBP2;TRIM5;IFITM2;NCOA7;HELZ2;IFIH1;CMPK2;IRF7
17,13,anal_pc5_c21_S1.filtered.gene_spectra_score.k_17.dt_0_01.txt,prerank,HALLMARK_KRAS_SIGNALING_DN,0.32127622317554283,0.7160694871893644,0.9230769230769231,1.0,1.0,17/78,24.48%,SYNPO;ZBTB16;IFI44L;PNMT;RYR2;EDN1;RGS11;ABCG4;ITIH3;SOX10;SNCB;CLSTN3;FGF22;SLC6A3;MYO15A;SGK1;FGFR3
17,13,anal_pc5_c21_S1.filtered.gene_spectra_score.k_17.dt_0_01.txt,prerank,HALLMARK_IL2_STAT5_SIGNALING,0.31615924228358333,0.713325631184755,0.948948948948949,1.0,1.0,23/127,19.26%,SHE;SELP;IL3RA;NRP1;RHOB;ITGA6;PLPP1;IFITM3;RGS16;AHR;SERPINC1;GBP4;MAP3K8;EMP1;ABCB1;SCN9A;NDRG1;TGM2;SNX9;PRKCH;TNFSF10;SPRY4;SWAP70
17,13,anal_pc5_c21_S1.filtered.gene_spectra_score.k_17.dt_0_01.txt,prerank,HALLMARK_APOPTOSIS,0.3156411381957746,0.7042184140224504,0.9362992922143579,1.0,1.0,11/79,13.72%,TIMP3;CAV1;CLU;RHOB;IFITM3;RARA;TGFBR3;CDC25B;HGF;EMP1;NEDD9
17,13,anal_pc5_c21_S1.filtered.gene_spectra_score.k_17.dt_0_01.txt,prerank,HALLMARK_INTERFERON_GAMMA_RESPONSE,0.3123523510483111,0.6956523898221906,0.944,1.0,1.0,24/111,19.48%,SELP;NOD1;IFI44L;ICAM1;IFI44;CSF2RB;UPP1;IFITM3;PTGS2;SOCS3;XAF1;GBP4;DDX60;TNFAIP2;PELI1;CMKLR1;NFKBIA;PARP14;TRIM25;CFH;LAP3;TNFSF10;IFIT1;PFKP
17,13,anal_pc5_c21_S1.filtered.gene_spectra_score.k_17.dt_0_01.txt,prerank,HALLMARK_PI3K_AKT_MTOR_SIGNALING,0.3257546507692124,0.6905468101138578,0.867741935483871,1.0,1.0,6/32,16.32%,PLCB1;NOD1;PIK3R3;GNA14;PLCG1;ITPR2
17,13,anal_pc5_c21_S1.filtered.gene_spectra_score.k_17.dt_0_01.txt,prerank,HALLMARK_BILE_ACID_METABOLISM,0.29737902265232063,0.6407309401056624,0.9126315789473685,1.0,1.0,4/37,13.04%,ABCA4;SLC29A1;ABCG4;ABCA3
17,13,anal_pc5_c21_S1.filtered.gene_spectra_score.k_17.dt_0_01.txt,prerank,HALLMARK_ESTROGEN_RESPONSE_EARLY,0.276283166856806,0.6257420801176469,0.972972972972973,1.0,1.0,31/118,23.36%,PODXL;IGFBP4;CELSR1;FOXC1;OLFM1;PRSS23;MPPED2;RARA;FOS;DLC1;ABCA3;SVIL;SH3BP5;NPY1R;SCARB1;HSPB8;MAST4;FARP1;KLK10;PLAAT3;INHBB;TGM2;SEC14L2;GJA1;GREB1;STC2;PDLIM3;CXCL12;NAV2;FLNB;THSD4
17,13,anal_pc5_c21_S1.filtered.gene_spectra_score.k_17.dt_0_01.txt,prerank,HALLMARK_XENOBIOTIC_METABOLISM,0.26622861472529064,0.5954547068285595,0.9808080808080808,1.0,1.0,12/80,15.64%,BCAR1;IGFBP4;IL1R1;ATOH8;UPP1;PDLIM5;BCAT1;SLC12A4;EPHA2;PDK4;GCNT2;TPST1
17,13,anal_pc5_c21_S1.filtered.gene_spectra_score.k_17.dt_0_01.txt,prerank,HALLMARK_HYPOXIA,0.2561946146566528,0.5791531065090255,0.9809236947791165,1.0,1.0,26/111,24.14%,CCN2;CAV1;PDGFB;DUSP1;AKAP12;ADM;EFNA1;FOS;PPP1R3C;CAVIN1;SCARB1;STC1;SDC3;GCNT2;NDRG1;TGM2;CCN1;CAVIN3;PFKP;PGF;SERPINE1;STC2;TGFB3;DTNA;PAM;ETS1
17,13,anal_pc5_c21_S1.filtered.gene_spectra_score.k_17.dt_0_01.txt,prerank,HALLMARK_COMPLEMENT,0.22187681488890112,0.5003623185062183,1.0,1.0,1.0,23/122,23.02%,DOCK9;CLU;DOCK4;COL4A2;PDGFB;CASP10;DUSP6;SERPINC1;CD55;LTF;L3MBTL4;ZEB1;CFH;LAP3;PRCP;DUSP5;CD36;SERPINE1;SH2B3;CDH13;SERPING1;DPP4;OLR1
17,13,anal_pc5_c21_S1.filtered.gene_spectra_score.k_17.dt_0_01.txt,prerank,HALLMARK_DNA_REPAIR,0.21870726313754985,0.4387286775989531,0.9954545454545455,0.9964027074359824,1.0,1/22,6.82%,BCAM
17,14,anal_pc5_c21_S1.filtered.gene_spectra_score.k_17.dt_0_01.txt,prerank,HALLMARK_INFLAMMATORY_RESPONSE,0.6694740791563294,1.8437775782400054,0.0,0.00202500885941376,0.002,52/141,13.90%,CSF3R;CD14;FPR1;MEFV;TLR2;STAB1;MSR1;CYBB;AQP9;CLEC5A;C5AR1;C3AR1;MARCO;CMKLR1;IL1B;BEST1;FFAR2;CXCL8;PLAUR;ABCA1;PROK2;MMP14;CCL2;CXCL10;AXL;NLRP3;NAMPT;OLR1;ADGRE1;PIK3R5;SPHK1;LYN;PTPRE;CXCL9;P2RX7;EREG;PTAFR;TNFSF10;ICAM1;PDPN;SLC31A2;IL6;TLR1;GPC3;IRF7;RNF144B;OSM;CXCL11;IL1A;IL18;P2RY2;NOD2
17,14,anal_pc5_c21_S1.filtered.gene_spectra_score.k_17.dt_0_01.txt,prerank,HALLMARK_COMPLEMENT,0.6483516095398508,1.8025184953322377,0.0,0.00202500885941376,0.004,42/122,10.78%,MMP12;CTSB;PLA2G7;FCER1G;LIPA;C1QC;CD36;ITGAM;CTSL;CTSD;C1QA;LGMN;CEBPB;PLAUR;GCA;MMP14;CTSH;DOCK4;DUSP6;PLEK;CTSS;OLR1;PIK3R5;CXCL1;APOC1;LYN;KYNU;TIMP2;HSPA1A;PRKCD;LAP3;PDGFB;IL6;SH2B3;S100A12;CTSC;LRP1;LTA4H;ME1;WAS;GZMB;IRF7
17,14,anal_pc5_c21_S1.filtered.gene_spectra_score.k_17.dt_0_01.txt,prerank,HALLMARK_E2F_TARGETS,0.6614889046501313,1.6945932737197071,0.0011013215859030838,0.01653757235187904,0.047,45/54,29.56%,CDKN2A;MCM2;MCM4;ORC6;TCF19;HELLS;CDK1;LMNB1;CIT;SPAG5;HMGB2;CDC20;MCM6;MELK;RRM2;TOP2A;EZH2;CDKN2C;MKI67;MYBL2;PTTG1;KPNA2;CKS2;CENPM;TK1;PLK1;KIF18B;BIRC5;CDCA8;HMMR;POLE;DIAPH3;ANP32E;SPC25;DLGAP5;SMC4;KIF2C;CDCA3;TFRC;AURKA;LIG1;CDKN1A;DEPDC1;ESPL1;CENPE
17,14,anal_pc5_c21_S1.filtered.gene_spectra_score.k_17.dt_0_01.txt,prerank,HALLMARK_REACTIVE_OXYGEN_SPECIES_PATHWAY,0.7348783910387703,1.6543422396714778,0.007936507936507936,0.024300106312965117,0.092,6/19,7.96%,FTL;FES;GCLC;SOD2;TXNRD1;NQO1
17,14,anal_pc5_c21_S1.filtered.gene_spectra_score.k_17.dt_0_01.txt,prerank,HALLMARK_IL6_JAK_STAT3_SIGNALING,0.6090049625971236,1.5740349470473403,0.013392857142857142,0.06054776489647142,0.248,14/53,8.98%,CSF3R;CD14;TLR2;CD36;IL1B;CCR1;CSF2RA;HMOX1;CXCL10;PIK3R5;CXCL1;CXCL9;IL17RA;IL6
17,14,anal_pc5_c21_S1.filtered.gene_spectra_score.k_17.dt_0_01.txt,prerank,HALLMARK_ANGIOGENESIS,0.6507688343090928,1.5520379363423218,0.02342786683107275,0.06564403719266272,0.303,6/29,8.72%,SPP1;VCAN;NRP1;OLR1;S100A4;LPL
17,14,anal_pc5_c21_S1.filtered.gene_spectra_score.k_17.dt_0_01.txt,prerank,HALLMARK_INTERFERON_ALPHA_RESPONSE,0.5967319108539643,1.5392080067694092,0.012345679012345678,0.06537885746107283,0.343,27/50,23.06%,IFI30;CXCL10;IFI44L;MX1;ISG15;LPAR6;IFIT3;CMPK2;IFITM2;IFI44;LAP3;IFIT2;IRF7;PARP14;CXCL11;IFITM3;HELZ2;EPSTI1;SAMD9L;OASL;RSAD2;DDX60;IFIH1;OAS1;UBE2L6;NCOA7;HERC6
17,14,anal_pc5_c21_S1.filtered.gene_spectra_score.k_17.dt_0_01.txt,prerank,HALLMARK_INTERFERON_GAMMA_RESPONSE,0.5467263898520359,1.4924374007792904,0.009268795056642637,0.09441603807016656,0.504,44/111,17.62%,IFI30;FPR1;FGL2;CMKLR1;CCL2;CXCL10;SAMHD1;TNFAIP2;SECTM1;NAMPT;IFI44L;CD86;MX1;SOD2;ISG15;CXCL9;IFIT3;CMPK2;IFITM2;TNFSF10;ICAM1;IFI44;LAP3;PTGS2;MT2A;IL6;OAS3;IFIT2;IRF7;PARP14;CXCL11;IFITM3;IL18BP;IFIT1;MX2;OAS2;GBP6;TNFAIP3;HELZ2;STAT1;EPSTI1;SAMD9L;OASL;RSAD2
17,14,anal_pc5_c21_S1.filtered.gene_spectra_score.k_17.dt_0_01.txt,prerank,HALLMARK_COAGULATION,0.5513950362894893,1.4862713422981382,0.012618296529968454,0.08955039178296405,0.536,22/79,14.50%,CTSB;MMP9;C1QA;LGMN;PLAU;MMP14;CTSH;DUSP6;CTSK;PLEK;MMP1;OLR1;APOC2;APOC1;PDGFB;LRP1;LTA4H;C2;MMP3;ITGA2;ANXA1;DUSP14
17,14,anal_pc5_c21_S1.filtered.gene_spectra_score.k_17.dt_0_01.txt,prerank,HALLMARK_KRAS_SIGNALING_UP,0.5417683684440856,1.4856794200084296,0.004098360655737705,0.08120285526249177,0.538,24/131,6.10%,SPP1;GPNMB;FCER1G;MAFB;NRP1;MMP9;C3AR1;PLAU;CMKLR1;IL1B;CSF2RA;PLAUR;ITGB2;F13A1;EPB41L3;CLEC4A;CXCL10;DUSP6;CTSS;LAPTM5;LY96;ETV5;FUCA1;LAT2
17,14,anal_pc5_c21_S1.filtered.gene_spectra_score.k_17.dt_0_01.txt,prerank,HALLMARK_G2M_CHECKPOINT,0.5624163615119622,1.4836152725344172,0.015184381778741865,0.07474123608381694,0.542,57/68,33.06%,MT2A;MCM2;E2F1;ORC6;NUSAP1;CDK1;TPX2;LMNB1;ODC1;CDC20;MAP3K20;CDC45;MCM6;TOP2A;NDC80;EZH2;PRC1;CDKN2C;MKI67;MYBL2;PTTG1;KIF11;KPNA2;CKS2;INCENP;PLK1;FBXO5;BIRC5;BUB1;SNRPD1;NEK2;KIF20B;HMMR;TTK;CENPF;POLE;EXO1;EFNA5;ATF5;RAD54L;FANCC;SMC4;KIF2C;TROAP;AURKA;KIF15;SLC7A5;ESPL1;CENPA;CENPE;SLC7A1;KIF23;AURKB;POLQ;TACC3;CCNF;KIF4A
17,14,anal_pc5_c21_S1.filtered.gene_spectra_score.k_17.dt_0_01.txt,prerank,HALLMARK_XENOBIOTIC_METABOLISM,0.5549411383065208,1.4785443370269145,0.016931216931216932,0.07205656524747296,0.563,23/80,14.24%,AQP9;CD36;APOE;HMOX1;PDK4;GCLC;NINJ1;CES1;AKR1C2;ALDH3A1;BCAT1;EPHX1;SLC6A6;AKR1C3;PTGR1;KYNU;NQO1;MT2A;IGF1;BLVRB;SMOX;RBP4;CYP27A1
17,14,anal_pc5_c21_S1.filtered.gene_spectra_score.k_17.dt_0_01.txt,prerank,HALLMARK_MTORC1_SIGNALING,0.5492702631487242,1.4691629420570735,0.019088016967126194,0.07383493841247094,0.605,18/72,9.76%,IFI30;FGL2;LGMN;ITGB2;GCLC;NAMPT;CFP;BCAT1;SLC6A6;TXNRD1;PHGDH;SCD;SLC7A11;MCM2;CTSC;MCM4;LTA4H;ME1
17,14,anal_pc5_c21_S1.filtered.gene_spectra_score.k_17.dt_0_01.txt,prerank,HALLMARK_TNFA_SIGNALING_VIA_NFKB,0.5126214907103366,1.4247317525577865,0.009109311740890687,0.10841029572361521,0.766,58/150,22.98%,TLR2;PLAU;CEBPB;SAT1;IL1B;SGK1;PLAUR;ABCA1;CCL2;CXCL10;PLEK;TNFAIP2;NINJ1;NAMPT;OLR1;CXCL1;CCL4;SPHK1;DRAM1;LITAF;PTPRE;SOD2;KYNU;ICAM1;DUSP1;PTGS2;BCL6;IL6;RNF19B;IFIT2;PFKFB3;SERPINB8;ACKR3;LAMB3;CXCL11;IL1A;IL18;TGIF1;ATF3;TNFAIP3;IL12B;HBEGF;CXCL2;RCAN1;G0S2;PTX3;IER3;RHOB;BCL2A1;CXCL3;JUN;GFPT2;MXD1;IFIH1;MAP3K8;NFIL3;TUBB2A;NFKBIE
17,14,anal_pc5_c21_S1.filtered.gene_spectra_score.k_17.dt_0_01.txt,prerank,HALLMARK_P53_PATHWAY,0.5307712783538966,1.422238923082986,0.02617801047120419,0.10320795153478796,0.775,26/89,12.80%,IFI30;CTSD;SAT1;GM2A;HMOX1;NINJ1;ABCC5;TP63;ALOX15B;FUCA1;S100A4;CEBPA;EPHX1;SPHK1;DRAM1;PTPRE;CDKN2A;CLCA2;RAP2B;SLC7A11;KRT17;RNF19B;GPX2;TCN2;IL1A;CDH13
17,14,anal_pc5_c21_S1.filtered.gene_spectra_score.k_17.dt_0_01.txt,prerank,HALLMARK_ALLOGRAFT_REJECTION,0.48014153082025957,1.3164854022873116,0.05214723926380368,0.2375588518199767,0.971,32/121,12.42%,TLR2;STAB1;SPI1;FGR;MMP9;IL1B;CCR1;NCF4;ITGB2;CCL2;CAPG;IGSF6;NLRP3;CTSS;SRGN;CFP;CD86;BCAT1;CCL4;LYN;CXCL9;CDKN2A;EREG;ICAM1;IL6;WAS;TLR1;GZMB;IRF7;C2;CCR2;CD4
17,14,anal_pc5_c21_S1.filtered.gene_spectra_score.k_17.dt_0_01.txt,prerank,HALLMARK_HEDGEHOG_SIGNALING,0.6122368934538145,1.3111288078036407,0.1448087431693989,0.23126792356187145,0.974,8/17,17.90%,NRP1;RTN1;DPYSL2;CELSR1;ADGRG1;HEY1;NRCAM;NRP2
17,14,anal_pc5_c21_S1.filtered.gene_spectra_score.k_17.dt_0_01.txt,prerank,HALLMARK_HEME_METABOLISM,0.49761327815844897,1.2698364285060173,0.1367713004484305,0.29520129150565033,0.993,11/55,12.04%,CTSB;ACP5;NFE2;GCLC;MPP1;LMO2;SNCA;SLC7A11;BCAM;AGPAT4;BLVRB
17,14,anal_pc5_c21_S1.filtered.gene_spectra_score.k_17.dt_0_01.txt,prerank,HALLMARK_ESTROGEN_RESPONSE_EARLY,-0.2830277253034663,-1.2568786678533241,0.0,0.4993324432576769,0.4382591093117409,26/118,13.72%,FCMR;CLDN7;MUC1;RASGRP1;SLC26A2;NBL1;XBP1;BCL2;KRT8;CCND1;TFF3;AKAP1;PODXL;MLPH;CA12;ELF3;BCL11B;CISH;FHL2;TTC39A;TOB1;TJP3;KCNK5;ANXA9;RETREG1;CBFA2T3
17,14,anal_pc5_c21_S1.filtered.gene_spectra_score.k_17.dt_0_01.txt,prerank,HALLMARK_UV_RESPONSE_UP,0.4706036479074507,1.2526214146333308,0.15806451612903225,0.31478229822518633,0.997,22/66,21.08%,ARRB2;MMP14;CREG1;HMOX1;PPT1;EPHX1;LYN;SOD2;ICAM1;PRKCD;IL6;HSPA2;PPIF;ATF3;IGFBP2;LHX2;BID;CXCL2;DLG4;TCHH;RHOB;CDKN1C
17,14,anal_pc5_c21_S1.filtered.gene_spectra_score.k_17.dt_0_01.txt,prerank,HALLMARK_APOPTOSIS,0.45607814090159776,1.2189512962075475,0.18756585879873552,0.3679947349769655,0.998,24/79,17.16%,CD14;SAT1;IL1B;HMOX1;PPT1;DPYD;SOD2;SLC20A1;EREG;TNFSF10;PLCB2;TIMP2;IL6;CCNA1;PMAIP1;IFITM3;IL1A;IL18;ANXA1;ATF3;HMGB2;TOP2A;DDIT3;BID
17,14,anal_pc5_c21_S1.filtered.gene_spectra_score.k_17.dt_0_01.txt,prerank,HALLMARK_CHOLESTEROL_HOMEOSTASIS,0.496336693124931,1.2185653259696456,0.22033898305084745,0.3510015356317184,0.998,9/35,15.88%,LGMN;PLAUR;CXCL16;SCD;ALCAM;LPL;FABP5;ATF3;NIBAN1
17,14,anal_pc5_c21_S1.filtered.gene_spectra_score.k_17.dt_0_01.txt,prerank,HALLMARK_MITOTIC_SPINDLE,0.448485917635035,1.2022423966727125,0.19747899159663865,0.36822945191294304,1.0,45/77,30.20%,DOCK4;CCDC88A;PREX1;ARHGAP10;ITSN1;CDC42EP4;DST;NUSAP1;ANLN;CDK1;TPX2;LMNB1;PIF1;ECT2;PALLD;FSCN1;TOP2A;NDC80;PRC1;STK38L;KIF11;INCENP;CEP250;PLK1;FBXO5;ARHGAP27;BIRC5;BUB1;NEK2;KIF20B;TTK;CENPF;FGD4;DOCK2;DLGAP5;FARP1;SMC4;KIF2C;KNTC1;NEDD9;AURKA;KIF15;ESPL1;CENPE;CEP72
17,14,anal_pc5_c21_S1.filtered.gene_spectra_score.k_17.dt_0_01.txt,prerank,HALLMARK_KRAS_SIGNALING_DN,0.43762980234225024,1.1720643406299895,0.2379421221864952,0.41741595662959285,1.0,20/78,17.62%,MEFV;SGK1;SELENOP;IFI44L;MX1;KRT15;PKP1;AKR1B10;CCNA1;FGFR3;CALML5;FGF22;SLC29A3;SPTBN2;DLK2;KCNMB1;IGFBP2;IL12B;LYPD3;RSAD2
17,14,anal_pc5_c21_S1.filtered.gene_spectra_score.k_17.dt_0_01.txt,prerank,HALLMARK_WNT_BETA_CATENIN_SIGNALING,-0.4148046129469952,-1.161849751598558,0.28865979381443296,0.40898976412995103,0.6002024291497976,2/15,3.58%,CCND2;TCF7
17,14,anal_pc5_c21_S1.filtered.gene_spectra_score.k_17.dt_0_01.txt,prerank,HALLMARK_UV_RESPONSE_DN,-0.28241131342505915,-1.155762285629575,0.1566265060240964,0.2803738317757009,0.6103238866396761,22/69,18.10%,COL1A2;COL3A1;COL1A1;PLPP3;CELF2;COL5A2;FYN;PDGFRB;TGFBR2;PPARG;FBLN5;MGLL;FHL2;ITGB3;KIT;EFEMP1;RBPMS;CITED2;DLC1;PTGFR;INPP4B;ADGRL2
17,14,anal_pc5_c21_S1.filtered.gene_spectra_score.k_17.dt_0_01.txt,prerank,HALLMARK_APICAL_JUNCTION,0.4018532084132395,1.0905387454350908,0.3288381742738589,0.590965085472249,1.0,19/101,13.06%,VCAN;TGFBI;SIRPA;MMP9;CD209;ALOX15B;CD86;ITGA9;SDC3;ICAM1;ADAM23;TSPAN4;LAYN;MDK;CDH3;LAMB3;PPP2R2C;ITGA2;CD276
17,14,anal_pc5_c21_S1.filtered.gene_spectra_score.k_17.dt_0_01.txt,prerank,HALLMARK_FATTY_ACID_METABOLISM,0.4170871782261881,1.0708807100062747,0.3811188811188811,0.6167366982230547,1.0,9/44,9.76%,CD36;ACSL1;ALDH3A1;EPHX1;IL4I1;GLUL;ALDH1A1;CBR3;ME1
17,14,anal_pc5_c21_S1.filtered.gene_spectra_score.k_17.dt_0_01.txt,prerank,HALLMARK_ADIPOGENESIS,0.41386053408348245,1.0650727173917556,0.4032073310423826,0.6069185206531432,1.0,9/51,10.52%,CD36;APOE;ABCA1;LPL;BCL6;ME1;SCARB1;ITSN1;PFKFB3
17,14,anal_pc5_c21_S1.filtered.gene_spectra_score.k_17.dt_0_01.txt,prerank,HALLMARK_GLYCOLYSIS,0.38121273626178237,1.0196114975252948,0.4581066376496192,0.6883530115444254,1.0,9/67,10.54%,VCAN;TGFBI;MERTK;GCLC;SLC16A3;GPC1;SDC3;ME1;GPC3
17,14,anal_pc5_c21_S1.filtered.gene_spectra_score.k_17.dt_0_01.txt,prerank,HALLMARK_PI3K_AKT_MTOR_SIGNALING,-0.2915528493709544,-0.9819622793292532,0.44047619047619047,0.48353360035603027,0.8917004048582996,9/32,12.50%,IL2RG;CXCR4;PLCG1;LCK;HSP90B1;CAMK4;SLA;PDK1;PRKCB
17,14,anal_pc5_c21_S1.filtered.gene_spectra_score.k_17.dt_0_01.txt,prerank,HALLMARK_HYPOXIA,0.35951268696427174,0.9799912335679332,0.5268595041322314,0.7552559828163535,1.0,23/111,15.62%,TGFBI;PLAUR;HMOX1;GAA;S100A4;GPC1;SLC6A6;PKP1;SDC3;DUSP1;PDGFB;MT2A;IL6;SCARB1;PFKFB3;GPC3;ACKR3;RBPJ;SDC2;ATF3;TNFAIP3;CAVIN1;SLC2A1
17,14,anal_pc5_c21_S1.filtered.gene_spectra_score.k_17.dt_0_01.txt,prerank,HALLMARK_ANDROGEN_RESPONSE,0.38423301065812576,0.9531574799707475,0.5615650172612198,0.7867508558280977,1.0,7/41,11.90%,MERTK;SAT1;SGK1;SELENOP;SCD;KRT19;STEAP4
17,14,anal_pc5_c21_S1.filtered.gene_spectra_score.k_17.dt_0_01.txt,prerank,HALLMARK_BILE_ACID_METABOLISM,0.38836736496084046,0.9507495945215131,0.5461988304093567,0.7656220995966857,1.0,6/37,10.92%,AQP9;ABCA1;ACSL1;RBP1;ALDH1A1;ABCD1
17,14,anal_pc5_c21_S1.filtered.gene_spectra_score.k_17.dt_0_01.txt,prerank,HALLMARK_EPITHELIAL_MESENCHYMAL_TRANSITION,0.33758392729654296,0.9418766639771909,0.6481854838709677,0.7595416294462417,1.0,19/164,9.66%,SPP1;VCAN;TGFBI;SAT1;CXCL8;PLAUR;MMP14;CAPG;MMP1;FUCA1;CXCL1;GPC1;DAB2;PFN2;DPYSL3;IL6;ITGB5;LRP1;WNT5A
17,14,anal_pc5_c21_S1.filtered.gene_spectra_score.k_17.dt_0_01.txt,prerank,HALLMARK_PEROXISOME,0.3787031379492697,0.9099584914019883,0.605875152998776,0.7970308307598846,1.0,11/32,23.82%,ABCC5;ACSL1;SOD2;ALDH1A1;CRABP2;ABCD1;TOP2A;DLG4;CEL;DHRS3;STS
17,14,anal_pc5_c21_S1.filtered.gene_spectra_score.k_17.dt_0_01.txt,prerank,HALLMARK_DNA_REPAIR,0.3793736513977203,0.8438751595405292,0.6924066924066924,0.8857266023266125,1.0,7/22,19.34%,CMPK2;BCAM;TYMS;PDE6G;ZWINT;CDA;ARL6IP1
17,14,anal_pc5_c21_S1.filtered.gene_spectra_score.k_17.dt_0_01.txt,prerank,HALLMARK_IL2_STAT5_SIGNALING,0.30316544250377864,0.8335227017383317,0.786734693877551,0.874893165892895,1.0,10/127,7.84%,SPP1;FGL2;NRP1;CTSZ;CXCL10;CAPG;TLR7;CD86;TNFSF10;ALCAM
17,14,anal_pc5_c21_S1.filtered.gene_spectra_score.k_17.dt_0_01.txt,prerank,HALLMARK_TGF_BETA_SIGNALING,0.3595384815589231,0.831734471865731,0.6946564885496184,0.8529048028870841,1.0,6/24,21.08%,RAB31;SLC20A1;TGIF1;ENG;TGFBR1;CDKN1C
17,14,anal_pc5_c21_S1.filtered.gene_spectra_score.k_17.dt_0_01.txt,prerank,HALLMARK_APICAL_SURFACE,0.32374537691725513,0.759888089616494,0.7727840199750312,0.92323528915439,1.0,7/27,17.30%,PLAUR;GSTM3;LYN;CROCC;SULF2;DCBLD2;LYPD3
17,14,anal_pc5_c21_S1.filtered.gene_spectra_score.k_17.dt_0_01.txt,prerank,HALLMARK_UNFOLDED_PROTEIN_RESPONSE,0.3239163032651421,0.7426844284714438,0.8054123711340206,0.916097589008033,1.0,2/23,3.68%,CEBPB;CCL2
17,14,anal_pc5_c21_S1.filtered.gene_spectra_score.k_17.dt_0_01.txt,prerank,HALLMARK_SPERMATOGENESIS,0.2968343368733637,0.7265421181705543,0.8461538461538461,0.9100816131860051,1.0,12/36,24.02%,GSTM3;CCNA1;HSPA2;CDK1;EZH2;DMC1;HSPA4L;TCP11;BUB1;NEK2;PCSK1N;TTK
17,14,anal_pc5_c21_S1.filtered.gene_spectra_score.k_17.dt_0_01.txt,prerank,HALLMARK_MYOGENESIS,0.21900991468722575,0.5913710131209785,0.9761904761904762,0.9892687511277093,1.0,13/112,12.88%,CD36;GAA;ACSL1;SPHK1;FABP3;SCD;KIFC3;NQO1;ITGB5;IGF1;MYH11;CDH13;EFS
17,14,anal_pc5_c21_S1.filtered.gene_spectra_score.k_17.dt_0_01.txt,prerank,HALLMARK_ESTROGEN_RESPONSE_LATE,0.20367716982055134,0.5471177636919716,0.994824016563147,0.9820533589834456,1.0,26/106,21.62%,SGK1;RAB31;CXCL14;CYP4F11;KRT19;SCARB1;MDK;CCNA1;FGFR3;BLVRB;FABP5;PPIF;KLK11;CDC20;CYP26B1;HR;TOP2A;HSPA4L;PLXNB1;JAK2;TFAP2C;RAPGEFL1;SNX10;MEST;SLC16A1;SLC1A4
17,15,anal_pc5_c21_S1.filtered.gene_spectra_score.k_17.dt_0_01.txt,prerank,HALLMARK_E2F_TARGETS,0.8357621268732925,3.218264573151165,0.0,0.0,0.0,42/54,12.50%,PRDX4;MCM2;CDKN2A;CDKN2C;HMGB2;TFRC;TOP2A;LMNB1;MYBL2;MCM6;MCM4;HELLS;TCF19;CKS2;TK1;CDK1;CENPE;PTTG1;CENPM;RRM2;EZH2;BIRC5;ANP32E;CCNB2;SMC4;MKI67;PLK1;KPNA2;NCAPD2;MELK;AURKB;HMMR;DLGAP5;KIF18B;CIT;ORC6;CDC20;KIF2C;CDCA8;SPC25;CDCA3;SPAG5
17,15,anal_pc5_c21_S1.filtered.gene_spectra_score.k_17.dt_0_01.txt,prerank,HALLMARK_G2M_CHECKPOINT,0.7482252236984169,3.0909753782260525,0.0,0.0,0.0,42/68,10.54%,ODC1;MCM2;TPX2;MT2A;SLC7A5;CDKN2C;SLC7A1;TOP2A;LMNB1;CENPF;ATF5;E2F1;MYBL2;MCM6;CKS2;NUSAP1;CDK1;CENPE;PTTG1;EZH2;FBXO5;CDC45;CENPA;BIRC5;CCNB2;SMC4;EXO1;PRC1;KIF11;MKI67;PLK1;KPNA2;KIF23;RAD54L;AURKB;SNRPD1;HMMR;NDC80;ORC6;CDC20;KIF2C;NEK2
17,15,anal_pc5_c21_S1.filtered.gene_spectra_score.k_17.dt_0_01.txt,prerank,HALLMARK_UNFOLDED_PROTEIN_RESPONSE,0.7291027936225576,2.328970399065635,0.0,0.0007449185910396935,0.001,11/23,7.26%,DNAJB9;HERPUD1;SLC1A4;XBP1;HSP90B1;SLC7A5;PSAT1;HSPA5;CHAC1;ERN1;DDIT4
17,15,anal_pc5_c21_S1.filtered.gene_spectra_score.k_17.dt_0_01.txt,prerank,HALLMARK_MTORC1_SIGNALING,0.5419234548816092,2.2598436610038504,0.0,0.0005586889432797702,0.001,24/72,7.74%,PDK1;SLC1A4;PHGDH;XBP1;SLC7A11;HSP90B1;TXNRD1;MCM2;SDF2L1;SLC7A5;TFRC;GCLC;BTG2;MCM4;NFIL3;PSAT1;FADS2;HSPA5;RRM2;PPP1R15A;SCD;DDIT4;PLK1;SLC2A1
17,15,anal_pc5_c21_S1.filtered.gene_spectra_score.k_17.dt_0_01.txt,prerank,HALLMARK_ANGIOGENESIS,-0.6378365057661702,-1.9108943463924495,0.0,0.0,0.0,11/29,14.24%,CCND2;LUM;COL3A1;COL5A2;VEGFA;VCAN;SLCO2A1;TNFRSF21;S100A4;SPP1;NRP1
17,15,anal_pc5_c21_S1.filtered.gene_spectra_score.k_17.dt_0_01.txt,prerank,HALLMARK_MITOTIC_SPINDLE,0.44433731253258374,1.872480808515994,0.0,0.006257316164733426,0.013,29/77,11.04%,TPX2;TOP2A;LMNB1;CENPF;ECT2;PALLD;NUSAP1;CDK1;ANLN;FSCN1;CCDC88A;CENPE;FBXO5;BIRC5;CCNB2;SMC4;PRC1;CEP250;KIF11;PLK1;CDC42EP4;BCL2L11;KIF23;DLGAP5;NDC80;KNTC1;KIF2C;NEK2;DST
17,15,anal_pc5_c21_S1.filtered.gene_spectra_score.k_17.dt_0_01.txt,prerank,HALLMARK_COMPLEMENT,-0.47555146295817446,-1.8165484628732989,0.0,0.001994046758951536,0.006,58/122,26.74%,KLK1;CTSS;LGALS3;SERPINA1;CA2;CCL5;CR1;LRP1;C1S;GZMA;FYN;FN1;SPOCK2;CTSD;GZMK;LCP2;CTSC;C3;C1R;CFH;CD55;CD36;RASGRP1;C2;CTSL;CPM;DOCK10;LCK;S100A12;CFB;CXCL1;ITGAM;CP;STX4;CSRP1;SERPING1;CPQ;WAS;EHD1;LIPA;CLU;CD40LG;C1QC;PSMB9;COL4A2;LYN;TIMP2;PRSS3;MMP12;CR2;C1QA;TFPI2;CBLB;PDGFB;DPP4;FCER1G;PLA2G7;GNG2
17,15,anal_pc5_c21_S1.filtered.gene_spectra_score.k_17.dt_0_01.txt,prerank,HALLMARK_ALLOGRAFT_REJECTION,-0.4744085597506395,-1.803088825535062,0.0,0.0015509252569623057,0.007,66/121,27.14%,CTSS;CCND2;CD74;LTB;ITGAL;ITGB2;CD96;PTPRC;CD2;ZAP70;CCL5;CD3D;ETS1;CD3E;MAP4K1;CD8A;FYB1;GZMA;THY1;CCR5;LCP2;PRF1;FGR;PTPN6;CD28;CD40;PRKCB;IL2RB;C2;CD7;CCND3;LY86;LCK;TRAT1;HCLS1;STAB1;CD1D;IL16;ITK;WAS;IL18;STAT4;CD3G;SPI1;IL2RG;FASLG;IL27RA;CSF1;IRF8;CD247;CD40LG;FAS;IL7;CD4;LYN;CCL4;SIT1;CXCR3;TLR1;KLRD1;ICAM1;CCL11;GPR65;TLR2;FLNA;NLRP3
17,15,anal_pc5_c21_S1.filtered.gene_spectra_score.k_17.dt_0_01.txt,prerank,HALLMARK_REACTIVE_OXYGEN_SPECIES_PATHWAY,0.5784706668833447,1.7693822073060086,0.0070921985815602835,0.010801319570075556,0.028,5/19,2.16%,PRDX4;TXNRD1;FTL;NQO1;GCLC
17,15,anal_pc5_c21_S1.filtered.gene_spectra_score.k_17.dt_0_01.txt,prerank,HALLMARK_KRAS_SIGNALING_UP,-0.4288293836048208,-1.64268348022599,0.0011750881316098707,0.017780250267317863,0.101,51/131,23.30%,LAPTM5;TMEM176B;CTSS;CCND2;CD37;TSPAN1;LCP1;ENG;ITGB2;CA2;ETS1;MALL;CXCR4;MAP4K1;DOCK2;SPON1;IKZF1;ADAMDEC1;FUCA1;TNFRSF1B;PLVAP;SLPI;CFH;TRAF1;KLF4;IGFBP3;ACE;IL7R;ADGRA2;SATB1;VWA5A;CFB;TMEM176A;SPP1;NRP1;EPHB2;LAT2;KCNN4;ADAM8;SPARCL1;IL2RG;IRF8;GNG11;SPRY2;IL10RA;ALDH1A3;HKDC1;C3AR1;TRIB2;MPZL2;IL33
17,15,anal_pc5_c21_S1.filtered.gene_spectra_score.k_17.dt_0_01.txt,prerank,HALLMARK_SPERMATOGENESIS,0.4544488721682905,1.605219637436587,0.011673151750972763,0.032882834947323615,0.094,15/36,15.04%,GSTM3;HSPA4L;DCC;CDK1;EZH2;CCNB2;HSPA2;KIF2C;NEK2;GPR182;PACRG;TTK;PCSK1N;DMC1;TCP11
17,15,anal_pc5_c21_S1.filtered.gene_spectra_score.k_17.dt_0_01.txt,prerank,HALLMARK_EPITHELIAL_MESENCHYMAL_TRANSITION,-0.3890683730372982,-1.5406823835642047,0.0011325028312570782,0.045065456752304715,0.284,65/164,21.36%,COL6A2;COL1A2;IL32;LUM;DCN;QSOX1;COL3A1;WIPF1;CXCL12;TPM1;LRP1;PMP22;MMP2;COL1A1;SAT1;COL5A2;COL6A3;THY1;PCOLCE;ITGA5;PDGFRB;FN1;FUCA1;NT5E;VEGFA;COL5A1;COL16A1;TIMP3;ABI3BP;MXRA5;FBLN5;DAB2;VCAM1;NNMT;IGFBP3;VCAN;IGFBP4;ANPEP;CCN2;FMOD;MGP;NID2;CXCL1;TPM2;SPP1;FBN1;FBLN1;SPARC;BGN;GREM1;CALD1;GLIPR1;MYL9;LOXL2;SFRP1;TAGLN;THBS1;VEGFC;FAS;COL4A1;ACTA2;EDIL3;LAMA2;SNTB1;COL4A2
17,15,anal_pc5_c21_S1.filtered.gene_spectra_score.k_17.dt_0_01.txt,prerank,HALLMARK_COAGULATION,-0.42044550958828447,-1.5196388226794488,0.006038647342995169,0.047524781088344945,0.346,28/79,25.12%,A2M;SERPINA1;LRP1;C1S;MMP2;FYN;FN1;VWF;CTSK;TIMP3;CFD;C3;C1R;CFH;C2;CFB;FBN1;CSRP1;SPARC;SERPING1;CPQ;CLU;THBS1;C1QA;TFPI2;ITGB3;PDGFB;DPP4
17,15,anal_pc5_c21_S1.filtered.gene_spectra_score.k_17.dt_0_01.txt,prerank,HALLMARK_UV_RESPONSE_DN,-0.4170057210121178,-1.4900213916408869,0.020202020202020204,0.05678285532633421,0.447,32/69,27.26%,COL1A2;TGFBR2;CELF2;MGLL;COL3A1;PIK3CD;PMP22;COL1A1;COL5A2;FYN;PLPP3;PPARG;PDGFRB;FHL2;FBLN5;DAB2;DUSP1;NRP1;EFEMP1;SYNE1;ICA1;ERBB2;SMAD3;KCNMA1;PTPRM;ITGB3;ADGRL2;KALRN;LTBP1;INPP4B;KIT;DLC1
17,15,anal_pc5_c21_S1.filtered.gene_spectra_score.k_17.dt_0_01.txt,prerank,HALLMARK_HEME_METABOLISM,0.36773917755074914,1.4505227678111972,0.018518518518518517,0.09022826433968288,0.263,10/55,3.62%,TENT5C;SLC7A11;BCAM;TFRC;ICAM4;GCLC;BTG2;SEC14L1;BPGM;SNCA
17,15,anal_pc5_c21_S1.filtered.gene_spectra_score.k_17.dt_0_01.txt,prerank,HALLMARK_P53_PATHWAY,0.32070098937343555,1.4063888895050705,0.033112582781456956,0.10528182753361003,0.328,26/89,12.82%,SLC7A11;TP63;KRT17;CDKN2A;EPHX1;CLCA2;HSPA4L;CDH13;BTG2;GPX2;PPP1R15A;RGS16;ITGB4;DDIT4;CEBPA;SPHK1;ATF3;ZNF365;TRIB3;GADD45A;INHBB;NINJ1;DRAM1;TM4SF1;SERPINB5;MDM2
17,15,anal_pc5_c21_S1.filtered.gene_spectra_score.k_17.dt_0_01.txt,prerank,HALLMARK_CHOLESTEROL_HOMEOSTASIS,0.3802831177375342,1.361977227594653,0.07531380753138076,0.1246993721400447,0.406,14/35,14.78%,ALCAM;ATF5;NFIL3;TP53INP1;FADS2;TNFRSF12A;SCD;NIBAN1;ATF3;ACAT2;TRIB3;FASN;LDLR;ERRFI1
17,15,anal_pc5_c21_S1.filtered.gene_spectra_score.k_17.dt_0_01.txt,prerank,HALLMARK_GLYCOLYSIS,0.3211314249641109,1.299725747587008,0.06829268292682927,0.16151189451178807,0.516,21/67,11.80%,GPC3;CHPF;GPC1;GCLC;SDC2;CDK1;TGFBI;HSPA5;KIF20A;SPAG4;IRS2;CENPA;ISG20;DDIT4;HMMR;ARTN;ENO2;MXI1;TPST1;CLDN9;PLOD2
17,15,anal_pc5_c21_S1.filtered.gene_spectra_score.k_17.dt_0_01.txt,prerank,HALLMARK_XENOBIOTIC_METABOLISM,0.30221548691399985,1.275952989201551,0.10101010101010101,0.17170373523464938,0.578,14/80,8.34%,AKR1C3;CES1;AKR1C2;MT2A;EPHX1;NQO1;ALDH3A1;GCLC;PTGR1;MAN1A1;KYNU;SMOX;RBP4;TGFB2
17,15,anal_pc5_c21_S1.filtered.gene_spectra_score.k_17.dt_0_01.txt,prerank,HALLMARK_HEDGEHOG_SIGNALING,0.41389457963736265,1.2288796209177937,0.21428571428571427,0.21573988425111126,0.682,6/17,9.34%,HEY1;NRCAM;CRMP1;ADGRG1;SCG2;CELSR1
17,15,anal_pc5_c21_S1.filtered.gene_spectra_score.k_17.dt_0_01.txt,prerank,HALLMARK_APICAL_JUNCTION,-0.3256071338859297,-1.2174684472182054,0.13805522208883553,0.4614556541340346,0.995,29/101,17.70%,EVL;CLDN7;PCDH1;PTPRC;WNK4;FYB1;MMP2;THY1;PLCG1;VWF;COL16A1;CLDN5;RAC2;CD34;JAM3;TRAF1;VCAM1;CLDN4;VCAN;NFASC;SHC1;STX4;FBN1;THBS3;ADAM15;MYL9;ITGA9;ARHGEF6;TSPAN4
17,15,anal_pc5_c21_S1.filtered.gene_spectra_score.k_17.dt_0_01.txt,prerank,HALLMARK_DNA_REPAIR,0.3835709669249962,1.2134486547585894,0.19205298013245034,0.22060231988932638,0.704,4/22,5.32%,BCAM;TYMS;ZWINT;ARL6IP1
17,15,anal_pc5_c21_S1.filtered.gene_spectra_score.k_17.dt_0_01.txt,prerank,HALLMARK_IL6_JAK_STAT3_SIGNALING,-0.3553128372527947,-1.202163043687601,0.19375812743823148,0.45168851769435536,0.996,32/53,38.66%,A2M;LTB;PLA2G2A;TNFRSF1B;CD36;ITGA4;TNFRSF21;CD14;MAP3K8;CXCL1;CSF3R;IL2RG;IL17RA;CSF1;FAS;IL7;IL1R2;ITGB3;TLR2;STAT1;PIK3R5;IRF1;TNF;IL9R;OSMR;HMOX1;IL6;IL1B;CXCL3;IL12RB1;IL17RB;IL18R1
17,15,anal_pc5_c21_S1.filtered.gene_spectra_score.k_17.dt_0_01.txt,prerank,HALLMARK_APOPTOSIS,-0.3377381872487085,-1.1991229127798428,0.18147684605757197,0.4139641071583389,0.997,24/79,18.92%,CCND2;LGALS3;LUM;DCN;CD2;PLCB2;MMP2;SAT1;PDGFRB;TIMP3;PRF1;DPYD;SATB1;CD69;CD14;ERBB3;CCND1;CASP8;IL18;BGN;FASLG;CLU;ERBB2;FAS
17,15,anal_pc5_c21_S1.filtered.gene_spectra_score.k_17.dt_0_01.txt,prerank,HALLMARK_HYPOXIA,0.2721864682628066,1.1875105479854173,0.14942528735632185,0.23718207938703842,0.761,22/111,10.92%,PDK1;GPC3;MT2A;PKP1;GPC1;CDKN1C;NFIL3;SDC2;TGFBI;HSPA5;IRS2;PPP1R15A;ACKR3;ISG20;DDIT4;SLC2A1;TMEM45A;ATF3;ENO2;MXI1;CAVIN1;PGF
17,15,anal_pc5_c21_S1.filtered.gene_spectra_score.k_17.dt_0_01.txt,prerank,HALLMARK_IL2_STAT5_SIGNALING,-0.30901756114751366,-1.1831631234670417,0.14404761904761904,0.41627236734597367,0.998,48/127,26.28%,CCND2;LTB;MUC1;CA2;COL6A1;ST3GAL4;SELL;NT5E;TNFRSF1B;CST7;ITIH5;NFKBIZ;CTSZ;HK2;TRAF1;IL2RB;CAPN3;SLC39A8;CCND3;TNFRSF21;FGL2;EOMES;MAP3K8;SPP1;NRP1;PRKCH;SLC2A3;SWAP70;AGER;CCR4;CSF1;IRF8;CDC42SE2;PTGER2;RHOH;IL1R2;PLPP1;CD79B;IL10RA;RORA;IKZF2;MXD1;SPRY4;FLT3LG;GBP4;ADAM19;GLIPR2;GPR65
17,15,anal_pc5_c21_S1.filtered.gene_spectra_score.k_17.dt_0_01.txt,prerank,HALLMARK_ESTROGEN_RESPONSE_EARLY,-0.3048652215016684,-1.174048805697943,0.17360285374554102,0.40268666493271293,0.999,26/118,14.98%,CLDN7;FOS;MLPH;TFF3;ELF3;MUC1;AKAP1;CXCL12;SLC26A2;FCMR;TJP3;TTC39A;P2RY2;FHL2;KRT13;KRT8;PODXL;KLF4;RASGRP1;NBL1;IGFBP4;ESRP2;TOB1;OLFML3;CCND1;RAPGEFL1
17,15,anal_pc5_c21_S1.filtered.gene_spectra_score.k_17.dt_0_01.txt,prerank,HALLMARK_INTERFERON_GAMMA_RESPONSE,-0.3077704620039747,-1.1676731304101757,0.20245398773006135,0.38602700077138713,0.999,35/111,19.42%,NLRC5;CD74;CCL5;RNF213;CIITA;C1S;SP110;GZMA;BANK1;KLRK1;IFITM2;LCP2;PARP14;PTPN6;C1R;CFH;CD40;IL18BP;VCAM1;SAMHD1;IL2RB;CD69;FGL2;CFB;RAPGEF6;TRIM14;SERPING1;CASP8;STAT4;EIF4E3;XAF1;IRF8;FAS;IL7;FPR1
17,15,anal_pc5_c21_S1.filtered.gene_spectra_score.k_17.dt_0_01.txt,prerank,HALLMARK_KRAS_SIGNALING_DN,0.2716169650663472,1.135894653941765,0.19631901840490798,0.2987589124188571,0.849,12/78,9.62%,TENT5C;PKP1;BTG2;DCC;AKR1B10;IGFBP2;MX1;CALML5;KRT15;SPTBN2;TGFB2;LFNG
17,15,anal_pc5_c21_S1.filtered.gene_spectra_score.k_17.dt_0_01.txt,prerank,HALLMARK_ADIPOGENESIS,-0.34684336536268384,-1.1351034629475187,0.26474278544542035,0.425823937643722,1.0,22/51,27.56%,MGLL;APOE;LAMA4;COL15A1;ESRRA;PPARG;ENPP2;ITIH5;C3;CD36;ABCA1;TOB1;SPARCL1;PHLDB1;COL4A1;ITGA7;ACAA2;GPX3;FZD4;CAT;CYP4B1;SORBS1
17,15,anal_pc5_c21_S1.filtered.gene_spectra_score.k_17.dt_0_01.txt,prerank,HALLMARK_BILE_ACID_METABOLISM,-0.3444552165706268,-1.0868065337651351,0.3389830508474576,0.5035189627103622,1.0,15/37,26.14%,ACSL5;NR3C2;HSD17B11;TFCP2L1;ABCA8;ABCA2;SULT1B1;ABCA1;LCK;NR1I2;ABCA6;ABCA9;ABCD2;AQP9;CAT
17,15,anal_pc5_c21_S1.filtered.gene_spectra_score.k_17.dt_0_01.txt,prerank,HALLMARK_UV_RESPONSE_UP,0.26275461046292764,1.0837118794631626,0.28695652173913044,0.37359858277673097,0.915,16/66,13.28%,EPHX1;TFRC;CDKN1C;PPT1;BTG2;IGFBP2;LHX2;BCL2L11;HSPA2;OLFM1;ATF3;ENO2;DNAJB1;SHOX2;SLC6A8;PPIF
17,15,anal_pc5_c21_S1.filtered.gene_spectra_score.k_17.dt_0_01.txt,prerank,HALLMARK_FATTY_ACID_METABOLISM,0.2708589419688268,1.0110850058443503,0.40963855421686746,0.49723315951899544,0.968,9/44,9.86%,ODC1;EPHX1;ALDH3A1;CBR3;ALDH1A1;CEL;HSPH1;ACAT2;ENO2
17,15,anal_pc5_c21_S1.filtered.gene_spectra_score.k_17.dt_0_01.txt,prerank,HALLMARK_INFLAMMATORY_RESPONSE,-0.2602226953556429,-1.0005942467788629,0.470314318975553,0.6757741380805132,1.0,64/141,38.74%,CCL5;SELL;SLC4A4;GABBR1;ITGA5;P2RY2;TNFRSF1B;LCP2;CD55;CD40;IL2RB;RASGRP1;IL7R;PTGER4;CYBB;CD69;ABCA1;CD14;LCK;STAB1;CSF3R;IL18;CSF1;FPR1;PTGER2;LYN;IL10RA;CXCR6;MXD1;C3AR1;TLR1;ITGB3;ICAM1;AQP9;TACR1;PTAFR;TLR2;NLRP3;APLNR;AXL;PVR;CCL2;PIK3R5;IRF1;OSMR;NMUR1;CCL24;CLEC5A;C5AR1;CCL20;PTPRE;GPR183;GPR132;CALCRL;INHBA;CMKLR1;F3;IL6;FFAR2;PCDH7;IL1B;AHR;IL18R1;CD48
17,15,anal_pc5_c21_S1.filtered.gene_spectra_score.k_17.dt_0_01.txt,prerank,HALLMARK_WNT_BETA_CATENIN_SIGNALING,0.3507165643045899,0.9977019075391516,0.46579804560260585,0.5023495740521892,0.973,2/15,1.96%,HEY1;DKK1
17,15,anal_pc5_c21_S1.filtered.gene_spectra_score.k_17.dt_0_01.txt,prerank,HALLMARK_ANDROGEN_RESPONSE,0.26886801252269577,0.9968414821582686,0.47388059701492535,0.47879642439076303,0.973,2/41,0.26%,UBE2J1;DNAJB9
17,15,anal_pc5_c21_S1.filtered.gene_spectra_score.k_17.dt_0_01.txt,prerank,HALLMARK_INTERFERON_ALPHA_RESPONSE,-0.3000727983127619,-0.9955276547822454,0.4650537634408602,0.6473223164941496,1.0,22/50,35.80%,CD74;SELL;C1S;SP110;LPAR6;IFITM2;PARP14;TRIM14;CASP8;CSF1;IL7;PSMB9;EPSTI1;GBP4;IFI30;SAMD9L;IRF1;DDX60;GBP2;TRIM25;IFI44;TRIM5
17,15,anal_pc5_c21_S1.filtered.gene_spectra_score.k_17.dt_0_01.txt,prerank,HALLMARK_TGF_BETA_SIGNALING,0.2994475604337031,0.9712491069547884,0.5201342281879194,0.5099499840374587,0.982,5/24,9.10%,CDKN1C;ID3;PPP1R15A;TGIF1;WWTR1
17,15,anal_pc5_c21_S1.filtered.gene_spectra_score.k_17.dt_0_01.txt,prerank,HALLMARK_MYOGENESIS,-0.25633779707727467,-0.9684483434178882,0.5499412455934195,0.6707013200525324,1.0,32/112,25.68%,COL6A2;AK1;COL3A1;BIN1;COL1A1;COL15A1;COL6A3;IGFBP7;AEBP1;CFD;SOD3;CD36;DAPK2;BDKRB2;IGFBP3;CKB;LSP1;ERBB3;TPM2;VIPR1;SPARC;SMTN;TAGLN;CLU;LAMA2;ITGA7;COL4A2;GPX3;KIFC3;PDLIM7;GNAO1;CACNA1H
17,15,anal_pc5_c21_S1.filtered.gene_spectra_score.k_17.dt_0_01.txt,prerank,HALLMARK_PI3K_AKT_MTOR_SIGNALING,-0.29024340831294787,-0.8711929063340161,0.6912568306010929,0.8507233172663763,1.0,11/32,18.38%,ITPR2;CXCR4;PLCG1;PRKCB;VAV3;LCK;SLA;IL2RG;PPP2R1B;FASLG;GNA14
17,15,anal_pc5_c21_S1.filtered.gene_spectra_score.k_17.dt_0_01.txt,prerank,HALLMARK_ESTROGEN_RESPONSE_LATE,-0.22426281342219054,-0.8512686231434698,0.7779111644657863,0.847336936103806,1.0,18/106,14.98%,AGR2;FOS;LLGL2;TFF3;SERPINA1;CA2;CXCL12;SLC26A2;TJP3;PTPN6;KRT13;KLF4;CKB;NBL1;IGFBP4;TOB1;CCND1;RAPGEFL1
17,15,anal_pc5_c21_S1.filtered.gene_spectra_score.k_17.dt_0_01.txt,prerank,HALLMARK_PEROXISOME,-0.2687458317271222,-0.8143749450195816,0.7647831800262812,0.8720314643789489,1.0,3/32,2.70%,ACSL5;HSD11B2;HSD17B11
17,15,anal_pc5_c21_S1.filtered.gene_spectra_score.k_17.dt_0_01.txt,prerank,HALLMARK_APICAL_SURFACE,-0.2431703886843316,-0.7106122600757353,0.8784916201117319,0.967142890921176,1.0,10/27,27.28%,RHCG;THY1;IL2RB;IL2RG;ATP8B1;AKAP7;LYN;SCUBE1;SRPX;MAL
17,15,anal_pc5_c21_S1.filtered.gene_spectra_score.k_17.dt_0_01.txt,prerank,HALLMARK_TNFA_SIGNALING_VIA_NFKB,-0.1704100035067629,-0.6723217592953211,0.9895712630359212,0.953385544605959,1.0,56/150,39.02%,FOS;CCL5;SAT1;PLPP3;VEGFA;TRAF1;DUSP1;KLF4;IL7R;PTGER4;CD69;ABCA1;KLF2;MAP3K8;CXCL1;CCND1;EGR1;SLC2A3;IL18;EHD1;CSF1;REL;NFKB2;SMAD3;IER5;CCL4;MXD1;NFKBIE;NFAT5;ICAM1;TLR2;ID2;MAP2K3;SLC2A6;ZC3H12A;CCL2;IRF1;ZFP36;TNF;JAG1;CCL20;PTX3;PTPRE;NR4A1;GPR183;INHBA;F3;IL6;GFPT2;IL1B;KLF9;CXCL3;LITAF;PLEK;KDM6B;DUSP2
17,16,anal_pc5_c21_S1.filtered.gene_spectra_score.k_17.dt_0_01.txt,prerank,HALLMARK_XENOBIOTIC_METABOLISM,-0.5056484466646826,-1.9627046704210698,0.0,0.001670843776106934,0.001006036217303823,25/80,15.88%,FBLN1;APOE;IGFBP4;IRF8;CA2;MAOA;PTGDS;UGDH;ABCC3;CYFIP2;FAS;CD36;TMEM176B;EPHX1;NINJ1;EPHA2;PTGR1;CYP27A1;XDH;CFB;CYB5A;UPP1;NQO1;ABCD2;MAN1A1
17,16,anal_pc5_c21_S1.filtered.gene_spectra_score.k_17.dt_0_01.txt,prerank,HALLMARK_INTERFERON_GAMMA_RESPONSE,-0.3706748099987385,-1.5155447783646425,0.0,0.10442773600668337,0.11871227364185111,59/111,22.68%,CD74;C1R;IFI30;IRF8;C1S;NLRC5;PARP14;SAMHD1;IFI27;SP110;BANK1;CIITA;IL10RA;CD40;ISG20;OAS2;TRIM14;XAF1;MX1;ARID5B;FGL2;FAS;CCL5;IL18BP;EIF4E3;IL2RB;SLAMF7;ZBP1;IRF4;EPSTI1;PNP;SOD2;CCL2;HERC6;CFH;GZMA;MX2;SELP;CFB;IFI44L;STAT4;UPP1;IFITM3;IL7;CDKN1A;IFIT1;OAS3;RNF213;GPR18;CMKLR1;VCAM1;SECTM1;IRF7;ISG15;GBP4;UBE2L6;PSMB9;HELZ2;KLRK1
17,16,anal_pc5_c21_S1.filtered.gene_spectra_score.k_17.dt_0_01.txt,prerank,HALLMARK_SPERMATOGENESIS,0.7229034037179493,1.4353518367953646,0.08820023837902265,1.0,0.872,2/36,3.58%,ADCYAP1;GFI1
17,16,anal_pc5_c21_S1.filtered.gene_spectra_score.k_17.dt_0_01.txt,prerank,HALLMARK_EPITHELIAL_MESENCHYMAL_TRANSITION,-0.32562597348440825,-1.3959753259768273,0.0,0.16040100250626566,0.24446680080482897,55/164,18.44%,DCN;FBLN1;COL1A2;LRP1;IGFBP4;IL32;CXCL12;MMP2;LUM;SFRP1;MXRA5;DAB2;COL3A1;MGP;FSTL1;THBS1;FBLN5;COL1A1;QSOX1;FUCA1;THY1;COL5A1;GLIPR1;COL6A3;MATN2;SPP1;FAS;EDIL3;LAMA2;TGFBI;SLIT3;VCAN;PDGFRB;ABI3BP;ITGB5;LAMC1;IGFBP2;HTRA1;NNMT;VEGFC;JUN;ECM1;COL6A2;FN1;ELN;IGFBP3;PCOLCE;NT5E;FBN1;BGN;COL5A3;GJA1;SDC4;COL5A2;LOX
17,16,anal_pc5_c21_S1.filtered.gene_spectra_score.k_17.dt_0_01.txt,prerank,HALLMARK_DNA_REPAIR,0.7210713776051845,1.3855291011573299,0.1724137931034483,1.0,0.946,2/22,4.92%,STX3;PDE6G
17,16,anal_pc5_c21_S1.filtered.gene_spectra_score.k_17.dt_0_01.txt,prerank,HALLMARK_FATTY_ACID_METABOLISM,0.631753454621927,1.300885619213327,0.2098623853211009,1.0,0.999,3/44,1.20%,LTC4S;ACSL4;HPGD
17,16,anal_pc5_c21_S1.filtered.gene_spectra_score.k_17.dt_0_01.txt,prerank,HALLMARK_HEME_METABOLISM,0.6118375884549345,1.2509559656584153,0.25027808676307006,1.0,1.0,7/55,5.52%,NFE2;GATA1;BMP2K;MPP1;TNS1;SPTB;AGPAT4
17,16,anal_pc5_c21_S1.filtered.gene_spectra_score.k_17.dt_0_01.txt,prerank,HALLMARK_IL6_JAK_STAT3_SIGNALING,0.5631171748883143,1.1758626372705367,0.31777777777777777,1.0,1.0,5/53,4.18%,IL9R;IL18R1;CSF2RB;CRLF2;ITGB3
17,16,anal_pc5_c21_S1.filtered.gene_spectra_score.k_17.dt_0_01.txt,prerank,HALLMARK_ADIPOGENESIS,0.560197385199029,1.1745128862401426,0.3070776255707763,1.0,1.0,9/51,11.56%,LTC4S;CAVIN2;ABCA1;SORBS1;PTGER3;PLIN2;ITGA7;CCNG2;CAVIN1
17,16,anal_pc5_c21_S1.filtered.gene_spectra_score.k_17.dt_0_01.txt,prerank,HALLMARK_UV_RESPONSE_DN,0.5621478980635979,1.1678413901011027,0.2939914163090129,1.0,1.0,7/69,6.90%,KIT;DLC1;ITGB3;PMP22;CELF2;SMAD7;KCNMA1
17,16,anal_pc5_c21_S1.filtered.gene_spectra_score.k_17.dt_0_01.txt,prerank,HALLMARK_P53_PATHWAY,0.5530965542436492,1.166756993105009,0.2876712328767123,1.0,1.0,14/89,9.96%,VWA5A;LIF;PPP1R15A;MAPKAPK3;S100A4;CTSD;FOS;TGFA;PLK3;TSPYL2;DDIT3;ZBTB16;KIF13B;TRIB3
17,16,anal_pc5_c21_S1.filtered.gene_spectra_score.k_17.dt_0_01.txt,prerank,HALLMARK_INFLAMMATORY_RESPONSE,0.5522256208523807,1.1633830281294817,0.24897959183673468,1.0,1.0,21/141,9.46%,IL18R1;LIF;CHST2;C3AR1;ABCA1;PTAFR;RGS1;IL18;TACR1;LCP2;ITGB3;AHR;EMP3;NMUR1;NFKBIA;LYN;CD55;OSM;TIMP1;TNFSF10;DCBLD2
17,16,anal_pc5_c21_S1.filtered.gene_spectra_score.k_17.dt_0_01.txt,prerank,HALLMARK_INTERFERON_ALPHA_RESPONSE,-0.3268636054772972,-1.1472274808197398,0.22321428571428573,0.4791144527986633,0.6780684104627767,19/50,14.96%,CD74;IFI30;C1S;PARP14;IFI27;SP110;LPAR6;ISG20;TRIM14;MX1;TMEM140;SELL;EPSTI1;GBP2;HERC6;IFI44L;IFITM3;OAS1;IL7
17,16,anal_pc5_c21_S1.filtered.gene_spectra_score.k_17.dt_0_01.txt,prerank,HALLMARK_ANDROGEN_RESPONSE,0.5551228475916559,1.1199180685623475,0.37089201877934275,1.0,1.0,5/41,6.24%,ABCC4;HPGD;AKAP12;SGK1;IQGAP2
17,16,anal_pc5_c21_S1.filtered.gene_spectra_score.k_17.dt_0_01.txt,prerank,HALLMARK_IL2_STAT5_SIGNALING,0.5036531125873243,1.0687200407404616,0.4072948328267477,1.0,1.0,17/127,10.40%,IL1RL1;GATA1;IL18R1;LIF;CAPG;GPR65;AHR;SLC2A3;TIAM1;TNFRSF8;ST3GAL4;BATF;PHTF2;TNFSF10;ENO3;PLIN2;CAPN3
17,16,anal_pc5_c21_S1.filtered.gene_spectra_score.k_17.dt_0_01.txt,prerank,HALLMARK_KRAS_SIGNALING_UP,0.5016666743031706,1.0549278217822224,0.44308943089430897,1.0,1.0,10/131,4.12%,VWA5A;LIF;C3AR1;LAT2;DUSP6;FCER1G;LAPTM5;PLAT;PPP1R15A;AKAP12
17,16,anal_pc5_c21_S1.filtered.gene_spectra_score.k_17.dt_0_01.txt,prerank,HALLMARK_UNFOLDED_PROTEIN_RESPONSE,-0.34640641679420914,-1.0197149308930233,0.42916666666666664,0.671345029239766,0.8712273641851107,9/23,19.34%,CEBPB;XBP1;HERPUD1;CCL2;SHC1;DNAJB9;IFIT1;CHAC1;DDIT4
17,16,anal_pc5_c21_S1.filtered.gene_spectra_score.k_17.dt_0_01.txt,prerank,HALLMARK_GLYCOLYSIS,-0.255973023712972,-0.9929347570627185,0.39473684210526316,0.6112503480924534,0.886317907444668,19/67,19.40%,ELF3;DCN;B3GNT3;CXCR4;TFF3;ISG20;QSOX1;CITED2;COL5A1;TGFBI;P4HA2;VCAN;CYB5A;DSC2;IGFBP3;NT5E;CHPF;DDIT4;SPAG4
17,16,anal_pc5_c21_S1.filtered.gene_spectra_score.k_17.dt_0_01.txt,prerank,HALLMARK_CHOLESTEROL_HOMEOSTASIS,0.47018459670054275,0.9599162561635479,0.5160891089108911,1.0,1.0,11/35,18.96%,CLU;FADS2;ANTXR2;TRIB3;ACAT2;HMGCR;PLAUR;CXCL16;LDLR;AVPR1A;STARD4
17,16,anal_pc5_c21_S1.filtered.gene_spectra_score.k_17.dt_0_01.txt,prerank,HALLMARK_HYPOXIA,0.44026003035107947,0.9378409217564179,0.6008188331627431,1.0,1.0,20/111,13.90%,HS3ST1;CHST2;NDST2;PPP1R15A;AKAP12;SLC2A3;S100A4;FOS;DDIT3;ENO2;ENO3;PLIN2;CCNG2;CAVIN1;FBP1;ZFP36;IRS2;TGM2;RBPJ;HK2
17,16,anal_pc5_c21_S1.filtered.gene_spectra_score.k_17.dt_0_01.txt,prerank,HALLMARK_HEDGEHOG_SIGNALING,0.4953647317395662,0.9292039168116355,0.5494350282485876,1.0,1.0,7/17,20.44%,L1CAM;NRCAM;SLIT1;NRP1;RTN1;CRMP1;NRP2
17,16,anal_pc5_c21_S1.filtered.gene_spectra_score.k_17.dt_0_01.txt,prerank,HALLMARK_APOPTOSIS,0.44693177679696183,0.9290953261672794,0.6017130620985011,1.0,1.0,15/79,9.10%,CLU;IL18;PLCB2;PLAT;RARA;TIMP3;ANXA1;SMAD7;HGF;CD38;EGR3;TIMP1;DDIT3;TNFSF10;ENO2
17,16,anal_pc5_c21_S1.filtered.gene_spectra_score.k_17.dt_0_01.txt,prerank,HALLMARK_TNFA_SIGNALING_VIA_NFKB,0.42318841796566653,0.9058671239798436,0.6754032258064516,1.0,1.0,30/150,15.94%,LIF;ABCA1;IL18;EGR1;PPP1R15A;SLC2A3;FOSB;NR4A1;SGK1;FOS;SLC2A6;AREG;NFKBIA;EGR3;IFIH1;IL23A;PTX3;CD69;ZFP36;NR4A3;IRS2;MAP2K3;RCAN1;PTGS2;PTGER4;PER1;PLAU;DUSP1;PLAUR;PLEK
17,16,anal_pc5_c21_S1.filtered.gene_spectra_score.k_17.dt_0_01.txt,prerank,HALLMARK_ESTROGEN_RESPONSE_EARLY,0.406695948613674,0.8668057600491041,0.7015228426395939,1.0,1.0,15/118,8.34%,SLC24A3;DLC1;CALB2;MLPH;RHOBTB3;MAST4;DHRS2;RARA;MPPED2;JAK2;TIAM1;FOS;AREG;MYB;EGR3
17,16,anal_pc5_c21_S1.filtered.gene_spectra_score.k_17.dt_0_01.txt,prerank,HALLMARK_APICAL_JUNCTION,0.41305085329749464,0.8625841403128108,0.6976264189886481,1.0,1.0,8/101,6.56%,ARHGEF6;ITGA9;CALB2;KCNH2;ICAM5;CD274;RAC2;TSPAN4
17,16,anal_pc5_c21_S1.filtered.gene_spectra_score.k_17.dt_0_01.txt,prerank,HALLMARK_PEROXISOME,0.4103072473034766,0.8357385010936786,0.6498740554156172,1.0,1.0,4/32,12.64%,ACSL4;DLG4;ALDH1A1;SEMA3C
17,16,anal_pc5_c21_S1.filtered.gene_spectra_score.k_17.dt_0_01.txt,prerank,HALLMARK_COMPLEMENT,0.3862787538726166,0.8137876356407389,0.7791411042944786,1.0,1.0,15/122,8.70%,CLU;CPM;DUSP6;FCER1G;ITGAM;LCP2;PLAT;CTSD;JAK2;SH2B3;DOCK10;LYN;CD55;CPQ;TIMP1
17,16,anal_pc5_c21_S1.filtered.gene_spectra_score.k_17.dt_0_01.txt,prerank,HALLMARK_KRAS_SIGNALING_DN,0.369533839589543,0.7802158170022031,0.7612419700214133,1.0,1.0,11/78,14.24%,CHST2;PNMT;P2RX6;SGK1;KRT1;ZBTB16;SNCB;CD207;SLC29A3;SLC6A3;FGF22
17,16,anal_pc5_c21_S1.filtered.gene_spectra_score.k_17.dt_0_01.txt,prerank,HALLMARK_MYOGENESIS,0.3650542929586033,0.7763053680321328,0.7968911917098446,1.0,1.0,20/112,16.00%,CLU;ADAM12;KCNH2;MAPK12;CASQ1;MAPRE3;SORBS1;PDLIM7;ENO3;ITGA7;TAGLN;FHL1;ATP2A1;LDB3;MYOM1;COX7A1;DES;KIFC3;TNNI2;GAA
17,16,anal_pc5_c21_S1.filtered.gene_spectra_score.k_17.dt_0_01.txt,prerank,HALLMARK_TGF_BETA_SIGNALING,0.38058752856443456,0.7300567280719443,0.7607843137254902,1.0,1.0,3/24,5.58%,PPP1R15A;TGFBR1;SMAD7
17,16,anal_pc5_c21_S1.filtered.gene_spectra_score.k_17.dt_0_01.txt,prerank,HALLMARK_BILE_ACID_METABOLISM,0.35165897920517647,0.7119663523167119,0.7923627684964201,1.0,1.0,7/37,14.26%,ABCA1;FADS2;SLC29A1;ALDH1A1;APOA1;ABCA3;CYP7B1
17,16,anal_pc5_c21_S1.filtered.gene_spectra_score.k_17.dt_0_01.txt,prerank,HALLMARK_COAGULATION,0.33854918217609264,0.7077210357111975,0.8338624338624339,1.0,1.0,9/79,8.70%,CLU;DUSP6;PLAT;ITGB3;TIMP3;ANXA1;APOC2;CPQ;TIMP1
17,16,anal_pc5_c21_S1.filtered.gene_spectra_score.k_17.dt_0_01.txt,prerank,HALLMARK_UV_RESPONSE_UP,0.3356987153678883,0.7048267331808273,0.8150163220892275,1.0,1.0,11/66,11.72%,KCNH2;FOSB;NR4A1;PLCL1;FOS;NFKBIA;LYN;ENO2;DLG4;ARRB2;CYB5R1
17,16,anal_pc5_c21_S1.filtered.gene_spectra_score.k_17.dt_0_01.txt,prerank,HALLMARK_REACTIVE_OXYGEN_SPECIES_PATHWAY,0.35468392674560234,0.667282889378531,0.8141112618724559,1.0,1.0,2/19,4.96%,FES;MSRA
17,16,anal_pc5_c21_S1.filtered.gene_spectra_score.k_17.dt_0_01.txt,prerank,HALLMARK_E2F_TARGETS,-0.17670845127375656,-0.6494435910641287,0.9672131147540983,1.0,0.9949698189134809,54/54,82.54%,PRDX4;CDKN1A;MYC;HELLS;CENPM;TFRC;CDC25B;CDCA8;PLK1;MCM4;MYBL2;AURKB;ESPL1;LIG1;DIAPH3;ANP32E;MKI67;KIF18B;SMC4;CDK1;TOP2A;CDKN2C;CKS2;RRM2;DLGAP5;CCNB2;MCM2;EZH2;TACC3;SPC25;AURKA;CIT;CENPE;SPAG5;KIF2C;ORC6;LMNB1;MELK;CDC20;KIF22;TCF19;KPNA2;MCM6;KIF4A;TK1;BIRC5;CDCA3;HMMR;NCAPD2;PTTG1;HMGB2;POLE;DEPDC1;CDKN2A
17,16,anal_pc5_c21_S1.filtered.gene_spectra_score.k_17.dt_0_01.txt,prerank,HALLMARK_ESTROGEN_RESPONSE_LATE,0.29538508798148555,0.6292733909645141,0.9176954732510288,1.0,1.0,13/106,10.58%,SLC24A3;DHRS2;JAK2;TIAM1;SGK1;FOS;BATF;AREG;PTGER3;MYB;EGR3;SLC29A1;PTPN6
17,16,anal_pc5_c21_S1.filtered.gene_spectra_score.k_17.dt_0_01.txt,prerank,HALLMARK_PI3K_AKT_MTOR_SIGNALING,0.3137782936020813,0.6259988366201562,0.8478802992518704,1.0,1.0,9/32,14.24%,TIAM1;ITPR2;DDIT3;TRIB3;PRKCB;NOD1;MAP2K3;MKNK1;FGF22
17,16,anal_pc5_c21_S1.filtered.gene_spectra_score.k_17.dt_0_01.txt,prerank,HALLMARK_ALLOGRAFT_REJECTION,0.29238026256702704,0.6165120038881617,0.9389623601220752,1.0,1.0,13/121,11.22%,LIF;SRGN;CAPG;IL18;LCP2;GPR65;JAK2;KRT1;LYN;TIMP1;PRKCB;PTPN6;NCF4
17,16,anal_pc5_c21_S1.filtered.gene_spectra_score.k_17.dt_0_01.txt,prerank,HALLMARK_MITOTIC_SPINDLE,-0.15883740127133067,-0.6125976365120522,1.0,0.977234753550543,0.9969818913480886,25/77,32.42%,BIN1;TUBA4A;FGD4;FLNB;EPB41L2;NEDD9;EPB41;GSN;ARHGAP27;PXN;SYNPO;CDC42EP2;DOCK4;ARHGAP29;MID1;ARHGAP4;CDC42EP4;KNTC1;BCAR1;KIF11;RAPGEF5;RAPGEF6;CEP250;PLK1;FARP1
17,16,anal_pc5_c21_S1.filtered.gene_spectra_score.k_17.dt_0_01.txt,prerank,HALLMARK_G2M_CHECKPOINT,0.26864350247404295,0.5643112932512366,0.9203821656050956,1.0,1.0,14/68,24.68%,MEIS2;FANCC;CCNF;TTK;UBE2C;SLC7A5;KIF20B;POLE;PTTG1;BUB1;DMD;KIF15;CCND1;MAP3K20
17,16,anal_pc5_c21_S1.filtered.gene_spectra_score.k_17.dt_0_01.txt,prerank,HALLMARK_ANGIOGENESIS,0.27959683127595786,0.5573854455129666,0.914572864321608,1.0,1.0,3/29,8.70%,PRG2;S100A4;TIMP1
17,16,anal_pc5_c21_S1.filtered.gene_spectra_score.k_17.dt_0_01.txt,prerank,HALLMARK_MTORC1_SIGNALING,0.2475927413638821,0.5195331643863362,0.9634408602150538,1.0,1.0,18/72,18.96%,PPP1R15A;FADS2;SLC2A3;SYTL2;DDIT3;TRIB3;INSIG1;TXNRD1;MAP2K3;HK2;HMGCR;CCNF;SLC7A5;LDLR;CFP;SLC1A4;SLC6A6;STARD4
17,16,anal_pc5_c21_S1.filtered.gene_spectra_score.k_17.dt_0_01.txt,prerank,HALLMARK_WNT_BETA_CATENIN_SIGNALING,0.2737704678639078,0.5148865254376708,0.932601880877743,0.9924250593841536,1.0,1/15,4.24%,NKD1
17,16,anal_pc5_c21_S1.filtered.gene_spectra_score.k_17.dt_0_01.txt,prerank,HALLMARK_APICAL_SURFACE,0.21743262484682951,0.4237323832928384,0.9765319426336375,0.9934713863103132,1.0,4/27,10.12%,SCUBE1;LYN;DCBLD2;AFAP1L2
17,17,anal_pc5_c21_S1.filtered.gene_spectra_score.k_17.dt_0_01.txt,prerank,HALLMARK_G2M_CHECKPOINT,-0.6005232843836837,-2.0886389152893994,0.0,0.0,0.0,54/68,28.18%,MCM2;E2F1;MCM6;CDK1;LMNB1;ODC1;NUSAP1;SLC7A1;MYBL2;CDKN2C;TOP2A;KIF11;KIF22;MKI67;CCNB2;EZH2;POLE;TPX2;PRC1;PTTG1;SNRPD1;FANCC;RAD54L;NDC80;PLK1;KPNA2;INCENP;FBXO5;KIF2C;MEIS1;CENPE;CDC45;KIF23;POLQ;MAP3K20;ORC6;CENPF;KIF20B;TTK;CKS2;MEIS2;TROAP;KIF15;NEK2;UBE2C;CDC25B;HMMR;MYC;AURKA;EXO1;TACC3;KIF4A;CDC20;BUB1
17,17,anal_pc5_c21_S1.filtered.gene_spectra_score.k_17.dt_0_01.txt,prerank,HALLMARK_E2F_TARGETS,-0.5675074137931586,-1.9086663850924848,0.0,0.0,0.0,48/54,28.72%,MCM2;MCM4;HELLS;MCM6;CDK1;LMNB1;LIG1;TCF19;CDKN1A;MYBL2;CDKN2C;HMGB2;RRM2;TOP2A;PRDX4;CENPM;KIF22;MKI67;CCNB2;EZH2;POLE;PTTG1;TFRC;CIT;TK1;PLK1;ANP32E;KPNA2;SPAG5;NCAPD2;KIF2C;CENPE;MELK;ORC6;SPC25;CKS2;DLGAP5;CDC25B;CDCA3;HMMR;MYC;AURKA;TACC3;KIF4A;CDCA8;DEPDC1;CDC20;KIF18B
17,17,anal_pc5_c21_S1.filtered.gene_spectra_score.k_17.dt_0_01.txt,prerank,HALLMARK_MITOTIC_SPINDLE,-0.5160973434532665,-1.84336789903775,0.0,0.0005401138393784536,0.001001001001001001,54/77,28.90%,GSN;DST;FLNB;CDK1;LMNB1;NUSAP1;TOP2A;KIF11;KIF22;CCNB2;CDC42EP4;TPX2;RAPGEF5;PRC1;ECT2;TIAM1;KNTC1;NDC80;PLK1;BCL2L11;INCENP;MID1;FBXO5;KIF2C;ANLN;TUBA4A;CENPE;KIF23;CEP250;FGD4;ARHGAP4;EPB41;CENPF;CNTRL;NEDD9;KIF20B;TTK;DLGAP5;KIF15;FARP1;NEK2;CCDC88A;DOCK2;TRIO;AURKA;EPB41L2;FLNA;ARHGAP27;NET1;PIF1;KIF4A;BIN1;BUB1;PALLD
17,17,anal_pc5_c21_S1.filtered.gene_spectra_score.k_17.dt_0_01.txt,prerank,HALLMARK_ESTROGEN_RESPONSE_LATE,-0.4486235863968744,-1.671823567974589,0.0,0.010127134488346004,0.025025025025025027,37/106,11.86%,CKB;CA2;SLC26A2;KRT19;RAPGEFL1;KLF4;CXCL14;ASS1;CA12;PRSS23;CDH1;KLK11;HR;FGFR3;MDK;NMU;PLXNB1;FABP5;FLNB;SGK1;SULT2B1;CYP4F11;HSPA4L;UGDH;KLK10;TOP2A;CPE;LLGL2;ANXA9;NBL1;SLC1A4;XBP1;TIAM1;IGFBP4;TFAP2C;SLC16A1;CXCL12
17,17,anal_pc5_c21_S1.filtered.gene_spectra_score.k_17.dt_0_01.txt,prerank,HALLMARK_TNFA_SIGNALING_VIA_NFKB,0.8051176439534996,1.665044645082943,0.0,0.11373933346304584,0.119,61/150,8.58%,DUSP5;MXD1;IL1A;PHLDA1;MAFF;PPP1R15A;SAT1;ZFP36;NFKBIA;IER3;F3;GADD45A;IL23A;TIPARP;DUSP4;DUSP1;ATF3;ICAM1;IL1B;IL18;IER5;TNFAIP3;FOSL1;SDC4;SOD2;CCL2;CCN1;BIRC3;CCL20;PFKFB3;CXCL2;MAP2K3;NFKB2;PTGS2;GEM;KDM6B;CCL4;NAMPT;CD83;PDLIM5;AREG;IRS2;ZC3H12A;PLAU;TNFAIP2;NR4A2;CXCL1;TNFAIP6;DUSP2;PLK2;RNF19B;IFIH1;SOCS3;PER1;DRAM1;G0S2;PLAUR;LDLR;CXCL3;IL6;MAP3K8
17,17,anal_pc5_c21_S1.filtered.gene_spectra_score.k_17.dt_0_01.txt,prerank,HALLMARK_IL2_STAT5_SIGNALING,0.7596105862898067,1.5412666873687177,0.00964630225080386,0.5316452177780249,0.658,11/127,4.84%,ECM1;EMP1;MXD1;PHLDA1;MAFF;RGS16;HOPX;NFKBIZ;CDCP1;SNX9;MUC1
17,17,anal_pc5_c21_S1.filtered.gene_spectra_score.k_17.dt_0_01.txt,prerank,HALLMARK_APOPTOSIS,0.7515532788234037,1.5283593661646178,0.033860045146726865,0.40986370922163234,0.705,16/79,5.46%,EMP1;IL1A;PMAIP1;SAT1;PLAT;IER3;GADD45A;ATF3;IL1B;HMOX1;IL18;LGALS3;SOD2;BIRC3;TIMP2;CCNA1
17,17,anal_pc5_c21_S1.filtered.gene_spectra_score.k_17.dt_0_01.txt,prerank,HALLMARK_REACTIVE_OXYGEN_SPECIES_PATHWAY,-0.5576067251616856,-1.4558780148470873,0.04044943820224719,0.09527608126635921,0.2502502502502503,14/19,22.92%,GCLC;NQO1;TXNRD1;FTL;PRDX4;CAT;LSP1;PFKP;SCAF4;GLRX;MBP;GPX3;MSRA;MGST1
17,17,anal_pc5_c21_S1.filtered.gene_spectra_score.k_17.dt_0_01.txt,prerank,HALLMARK_INFLAMMATORY_RESPONSE,0.7112458028419756,1.4430492614689001,0.03785488958990536,0.6490466131139339,0.898,29/141,9.00%,MXD1;IL1A;ITGB8;RGS16;CD55;ADM;NFKBIA;F3;ICAM1;IL1B;CXCL8;IL18;CCL2;CCL20;NAMPT;RASGRP1;LYN;TNFAIP6;CCL22;AQP9;SLC31A2;FPR1;EREG;PLAUR;LDLR;IL6;MARCO;CSF3R;PROK2
17,17,anal_pc5_c21_S1.filtered.gene_spectra_score.k_17.dt_0_01.txt,prerank,HALLMARK_P53_PATHWAY,0.7032059656018519,1.4307251540406214,0.08685968819599109,0.5595630541734997,0.916,19/89,5.62%,MXD1;IL1A;EPHA2;PPP1R15A;CDKN2B;TM4SF1;RGS16;SAT1;IER3;GADD45A;ATF3;CDKN2A;HMOX1;ZNF365;IER5;RAP2B;UPP1;GM2A;TGFA
17,17,anal_pc5_c21_S1.filtered.gene_spectra_score.k_17.dt_0_01.txt,prerank,HALLMARK_HYPOXIA,0.670313214496861,1.3791949716159826,0.10481283422459893,0.6476823155534555,0.972,22/111,5.18%,ERO1A;MAFF;PPP1R15A;EDN2;ZFP36;ADM;IER3;F3;TIPARP;ERRFI1;DUSP1;ATF3;HMOX1;TNFAIP3;SDC4;CCNG2;AMPD3;PPP1R3C;CITED2;CCN1;PFKFB3;NEDD4L
17,17,anal_pc5_c21_S1.filtered.gene_spectra_score.k_17.dt_0_01.txt,prerank,HALLMARK_PI3K_AKT_MTOR_SIGNALING,-0.46360604898431534,-1.35306980821588,0.10423452768729642,0.17067597324359132,0.46846846846846846,18/32,28.10%,MAPK10;SLC2A1;PIK3R3;E2F1;CDK1;CDKN1A;PDK1;VAV3;TIAM1;MKNK1;PLCG1;MKNK2;PLCB1;PPP2R1B;CXCR4;PITX2;HSP90B1;NOD1
17,17,anal_pc5_c21_S1.filtered.gene_spectra_score.k_17.dt_0_01.txt,prerank,HALLMARK_KRAS_SIGNALING_UP,0.6544917699539452,1.3421286997485689,0.10272536687631027,0.6797279214101073,0.993,24/131,8.78%,EMP1;ERO1A;BPGM;PPP1R15A;RGS16;PLAT;IL1B;HKDC1;CFB;TNFAIP3;SLPI;PRDM1;BIRC3;CCL20;TFPI;PTGS2;PLAU;MALL;HDAC9;EREG;G0S2;PLAUR;FCER1G;EPHB2
17,17,anal_pc5_c21_S1.filtered.gene_spectra_score.k_17.dt_0_01.txt,prerank,HALLMARK_BILE_ACID_METABOLISM,-0.4321199526049117,-1.3024308167489833,0.14232209737827714,0.20092234824878474,0.5725725725725725,13/37,23.68%,RBP1;ALDH1A1;SULT1B1;TFCP2L1;SULT2B1;FADS2;CAT;ACSL1;ABCA1;PFKM;BMP6;ABCA2;SLC29A1
17,17,anal_pc5_c21_S1.filtered.gene_spectra_score.k_17.dt_0_01.txt,prerank,HALLMARK_COMPLEMENT,0.6337038527885159,1.2999089374238177,0.1517386722866175,0.7230418044861996,0.996,17/122,6.78%,DUSP5;MAFF;S100A12;CTSV;PLAT;CD55;F3;ADAM9;PDP1;CFB;TNFAIP3;LGALS3;C2;TIMP2;RASGRP1;LYN;CXCL1
17,17,anal_pc5_c21_S1.filtered.gene_spectra_score.k_17.dt_0_01.txt,prerank,HALLMARK_PEROXISOME,-0.4360032452833484,-1.268687301146057,0.15162454873646208,0.22056898915617598,0.6566566566566566,14/32,21.52%,ALDH1A1;ABCC5;CRABP2;HSD11B2;SULT2B1;TOP2A;CAT;CEL;SEMA3C;ACSL1;CADM1;ABCB1;FDPS;IDE
17,17,anal_pc5_c21_S1.filtered.gene_spectra_score.k_17.dt_0_01.txt,prerank,HALLMARK_EPITHELIAL_MESENCHYMAL_TRANSITION,0.6052435997136303,1.2390530393994492,0.1956745623069001,0.8408859981531409,1.0,16/164,6.78%,ECM1;SAT1;DKK1;GADD45A;MMP1;CXCL8;MMP3;TNFAIP3;SDC4;CCN1;LAMC2;FSTL1;GEM;AREG;QSOX1;CXCL1
17,17,anal_pc5_c21_S1.filtered.gene_spectra_score.k_17.dt_0_01.txt,prerank,HALLMARK_UNFOLDED_PROTEIN_RESPONSE,0.6727109933490879,1.2262707602764364,0.30063291139240506,0.7960891680796065,1.0,4/23,5.70%,ERO1A;ATF3;CCL2;NABP1
17,17,anal_pc5_c21_S1.filtered.gene_spectra_score.k_17.dt_0_01.txt,prerank,HALLMARK_KRAS_SIGNALING_DN,0.5968731635575143,1.2228907065353831,0.24379232505643342,0.7324907074469295,1.0,7/78,6.72%,SPRR3;SLC6A14;EDN2;KRT13;CCNA1;GPR19;NR4A2
17,17,anal_pc5_c21_S1.filtered.gene_spectra_score.k_17.dt_0_01.txt,prerank,HALLMARK_APICAL_SURFACE,0.6649693368811103,1.2208712946232327,0.30414746543778803,0.6766197848625511,1.0,2/27,1.00%,RHCG;MAL
17,17,anal_pc5_c21_S1.filtered.gene_spectra_score.k_17.dt_0_01.txt,prerank,HALLMARK_INTERFERON_GAMMA_RESPONSE,0.5806177391659286,1.1877310633634781,0.2807399347116431,0.6998680781097324,1.0,24/111,8.50%,BPGM;IDO1;ISG15;NFKBIA;ICAM1;CFB;PELI1;TNFAIP3;SOD2;ARID5B;CCL2;UPP1;PTGS2;NAMPT;SECTM1;TNFAIP2;TNFAIP6;TRIM25;IFIH1;SOCS3;SELP;FPR1;MT2A;IL6
17,17,anal_pc5_c21_S1.filtered.gene_spectra_score.k_17.dt_0_01.txt,prerank,HALLMARK_COAGULATION,0.5831946005943827,1.1620893158048695,0.31158605174353204,0.706562526058315,1.0,12/79,7.10%,MAFF;CTSV;PLAT;F3;ADAM9;DUSP14;MMP1;CFB;MMP3;C2;PLAU;CFI
17,17,anal_pc5_c21_S1.filtered.gene_spectra_score.k_17.dt_0_01.txt,prerank,HALLMARK_UV_RESPONSE_UP,0.5701387617506142,1.14512454524472,0.35756154747948415,0.6954183691432488,1.0,12/66,6.46%,CDKN2B;CTSV;NFKBIA;DNAJB1;ATF3;ICAM1;HMOX1;SOD2;PPIF;CXCL2;RASGRP1;LYN
17,17,anal_pc5_c21_S1.filtered.gene_spectra_score.k_17.dt_0_01.txt,prerank,HALLMARK_DNA_REPAIR,-0.4241806504788448,-1.1343711196442496,0.30933333333333335,0.38816181256664867,0.8748748748748749,12/22,16.12%,BCAM;TYMS;ZWINT;LIG1;AK1;POLA1;CMPK2;USP11;POLH;ARL6IP1;HCLS1;AAAS
17,17,anal_pc5_c21_S1.filtered.gene_spectra_score.k_17.dt_0_01.txt,prerank,HALLMARK_UV_RESPONSE_DN,0.5674257597940353,1.1218833264662913,0.3651877133105802,0.7006924562915195,1.0,10/69,6.94%,RND3;F3;DUSP1;RBPMS;CITED2;CCN1;TFPI;PDLIM5;TJP1;PRKCE
17,17,anal_pc5_c21_S1.filtered.gene_spectra_score.k_17.dt_0_01.txt,prerank,HALLMARK_HEDGEHOG_SIGNALING,-0.44723309398033767,-1.0810800168643369,0.36486486486486486,0.4423532344509535,0.9329329329329329,9/17,25.56%,ADGRG1;CELSR1;HEY1;DPYSL2;NRCAM;VLDLR;THY1;VEGFA;NRP1
17,17,anal_pc5_c21_S1.filtered.gene_spectra_score.k_17.dt_0_01.txt,prerank,HALLMARK_APICAL_JUNCTION,-0.2863336214651237,-1.0553915810776109,0.37037037037037035,0.44294244954845724,0.950950950950951,28/101,18.42%,MPZL2;ADAM23;ITGB4;CDH3;COL17A1;CDH1;LAMB3;MDK;PIK3R3;TGFBI;LAMA3;ADAM15;CLDN7;EVL;ITGA3;LAYN;PPP2R2C;ITGA2;NLGN2;RAC2;SORBS3;CLDN4;MAP3K20;SHC1;PLCG1;CD209;STX4;THY1
17,17,anal_pc5_c21_S1.filtered.gene_spectra_score.k_17.dt_0_01.txt,prerank,HALLMARK_HEME_METABOLISM,0.514179713151363,1.0215892477837505,0.47388059701492535,0.8590259463153748,1.0,8/55,8.10%,BPGM;PDZK1IP1;OSBP2;SEC14L1;MAP2K3;BLVRB;SPTB;LPIN2
17,17,anal_pc5_c21_S1.filtered.gene_spectra_score.k_17.dt_0_01.txt,prerank,HALLMARK_WNT_BETA_CATENIN_SIGNALING,0.5489713828036726,0.9860837299125429,0.4839319470699433,0.8785597588582829,1.0,2/15,5.82%,DKK1;CSNK1E
17,17,anal_pc5_c21_S1.filtered.gene_spectra_score.k_17.dt_0_01.txt,prerank,HALLMARK_GLYCOLYSIS,0.48581625668614536,0.9854828382616132,0.511137162954279,0.8338616923385263,1.0,7/67,6.42%,ERO1A;ELF3;IER3;CITED2;TGFA;IRS2;QSOX1
17,17,anal_pc5_c21_S1.filtered.gene_spectra_score.k_17.dt_0_01.txt,prerank,HALLMARK_CHOLESTEROL_HOMEOSTASIS,-0.3199811329986511,-0.9411629440144047,0.5547169811320755,0.6159998338111263,0.984984984984985,14/35,13.18%,ALCAM;JAG1;MAL2;FABP5;FASN;ACAT2;HMGCR;LGMN;CLU;PPARG;FADS2;MVK;HMGCS1;CXCL16
17,17,anal_pc5_c21_S1.filtered.gene_spectra_score.k_17.dt_0_01.txt,prerank,HALLMARK_TGF_BETA_SIGNALING,0.4965478161544703,0.9234997522386903,0.5938461538461538,0.9015134669372099,1.0,3/24,6.48%,PPP1R15A;RAB31;TJP1
17,17,anal_pc5_c21_S1.filtered.gene_spectra_score.k_17.dt_0_01.txt,prerank,HALLMARK_ANDROGEN_RESPONSE,0.4522837828950361,0.8846616269726625,0.5881561238223418,0.9218958673332301,1.0,4/41,6.10%,STEAP4;SAT1;ARID5B;PDLIM5
17,17,anal_pc5_c21_S1.filtered.gene_spectra_score.k_17.dt_0_01.txt,prerank,HALLMARK_IL6_JAK_STAT3_SIGNALING,0.4418546785110171,0.8794533885275982,0.6160493827160494,0.8874331327843293,1.0,14/53,12.74%,IL1B;HMOX1;CXCL1;SOCS3;CXCL3;TNFRSF12A;IL6;MAP3K8;CSF3R;JUN;TNFRSF1B;EBI3;TLR2;CRLF2
17,17,anal_pc5_c21_S1.filtered.gene_spectra_score.k_17.dt_0_01.txt,prerank,HALLMARK_XENOBIOTIC_METABOLISM,0.4305473728308782,0.8774157831649174,0.6275395033860045,0.8520709487099849,1.0,17/80,9.62%,EPHA2;NDRG2;HMOX1;FMO3;CFB;UPP1;ACOX1;PDLIM5;BLVRB;TDO2;AQP9;GCNT2;MT2A;LPIN2;ITIH1;TGFB2;KYNU
17,17,anal_pc5_c21_S1.filtered.gene_spectra_score.k_17.dt_0_01.txt,prerank,HALLMARK_MTORC1_SIGNALING,0.4052327414099665,0.8233319250483037,0.6878547105561862,0.8914248455031456,1.0,6/72,6.24%,ERO1A;PPP1R15A;IFRD1;MAP2K3;NAMPT;DAPP1
17,17,anal_pc5_c21_S1.filtered.gene_spectra_score.k_17.dt_0_01.txt,prerank,HALLMARK_ESTROGEN_RESPONSE_EARLY,0.38842952322129953,0.8087652981434155,0.7417640807651434,0.8737593462489924,1.0,15/118,7.18%,PMAIP1;WWC1;ELF3;TIPARP;ZNF185;KAZN;PPIF;MUC1;RAB31;KRT13;AREG;RASGRP1;FOXC1;BLVRB;SLC19A2
17,17,anal_pc5_c21_S1.filtered.gene_spectra_score.k_17.dt_0_01.txt,prerank,HALLMARK_FATTY_ACID_METABOLISM,0.41549069613105777,0.7969108310549499,0.6873417721518987,0.8546026200499891,1.0,5/44,7.96%,GLUL;TP53INP2;ACOX1;TDO2;G0S2
17,17,anal_pc5_c21_S1.filtered.gene_spectra_score.k_17.dt_0_01.txt,prerank,HALLMARK_INTERFERON_ALPHA_RESPONSE,0.3955523726334327,0.7791596529614875,0.7091136079900124,0.843247589251981,1.0,6/50,7.82%,ISG15;TENT5A;SAMD9;TRIM25;IFIH1;GMPR
17,17,anal_pc5_c21_S1.filtered.gene_spectra_score.k_17.dt_0_01.txt,prerank,HALLMARK_ANGIOGENESIS,-0.2574218653038579,-0.7205587763285678,0.84375,0.8967967094603017,0.998998998998999,11/29,33.56%,JAG1;FGFR1;JAG2;SLCO2A1;VEGFA;NRP1;VAV2;TNFRSF21;PDGFA;CXCL6;LUM
17,17,anal_pc5_c21_S1.filtered.gene_spectra_score.k_17.dt_0_01.txt,prerank,HALLMARK_SPERMATOGENESIS,0.3760375574779482,0.7182015234137997,0.760752688172043,0.875355882131044,1.0,2/36,5.46%,LPIN1;CCNA1
17,17,anal_pc5_c21_S1.filtered.gene_spectra_score.k_17.dt_0_01.txt,prerank,HALLMARK_ALLOGRAFT_REJECTION,0.34796719232842216,0.7101888089290955,0.8349514563106796,0.852926151094617,1.0,15/121,9.94%,CDKN2A;ICAM1;IL1B;IL18;CCL2;C2;CCL4;LYN;CCL22;HDAC9;EREG;IL6;TGFB2;CD80;INHBA
17,17,anal_pc5_c21_S1.filtered.gene_spectra_score.k_17.dt_0_01.txt,prerank,HALLMARK_ADIPOGENESIS,0.3179327085842397,0.6206386458229937,0.863013698630137,0.9030500968211171,1.0,8/51,9.86%,GADD45A;CCNG2;PFKFB3;NABP1;ACOX1;PIM3;FABP4;DNAJB9
17,17,anal_pc5_c21_S1.filtered.gene_spectra_score.k_17.dt_0_01.txt,prerank,HALLMARK_MYOGENESIS,0.2610158105961826,0.5322234542365931,0.96,0.9384606832142758,1.0,4/112,4.94%,LPIN1;KIFC3;PPP1R3C;IFRD1
