	1	2	3	4	5	6	7	8	9	10	11	12	13	14	15	16	17	18	19	20	21	22	23	24	25	26	27	28	29	30	31	32	33
GSM4138112_HNSCC_2_PBMC_AACCGCGAGGGCTCTC	47.254403581904924	0.0	0.0	87.29553954632875	0.0	0.0	70.19810828087437	0.0	14.632261441877343	0.0	13.88115640559595	0.0	26.205075146532177	0.0	26.21520597658053	0.0	23.037910440350867	0.0	0.0	0.0	0.0	0.0	0.0	0.0	0.0	0.0	0.0	0.0	0.0	0.0	0.0	0.0	0.0
GSM4138112_HNSCC_2_PBMC_AGCCTAAAGAGGGCTT	53.14453691838136	101.10841478754298	0.0	0.0	0.0	11.72662643709537	0.0	0.0	0.786229900565482	0.0	0.0	0.0	0.0	67.69864347923074	0.0	0.0	0.0	0.0	0.0	26.411200219232747	0.0	0.0	0.0	0.0	0.0	0.0	0.0	0.0	0.0	0.0	0.0	0.0	0.0
GSM4138112_HNSCC_2_PBMC_ATAGACCTCTACGAGT	117.89429574377706	85.5256486694821	84.13506536387267	0.0	0.0	20.876521607718374	0.0	0.0	8.164638854963885	0.0	0.0	0.0	0.0	0.0	0.0	0.0	0.0	47.12603927608185	0.0	0.0	0.0	0.0	0.0	0.0	0.0	0.0	0.0	0.0	0.0	0.0	0.0	0.0	0.0
GSM4138112_HNSCC_2_PBMC_CAGCGACCAGGGAGAG	47.91652377854624	0.0	76.05949428318209	0.0	62.86522829843022	24.864954670889144	0.0	0.0	6.280799296957428	0.0	0.0	0.0	0.0	0.0	0.0	0.0	37.46097673271964	0.0	0.0	0.0	0.0	0.0	0.0	0.0	0.0	0.0	0.0	0.0	0.0	0.0	0.0	0.0	0.0
GSM4138112_HNSCC_2_PBMC_CCTAGCTAGACACTAA	43.58905697176202	76.5273201559551	60.676792140434685	0.0	69.58220617177813	7.4713330306312145	0.0	0.0	4.825439423427166	0.0	31.050504683229594	0.15645940739402459	0.0	0.0	0.0	0.0	10.910012706436717	0.0	0.0	0.0	0.0	0.0	0.0	0.0	0.0	0.0	0.0	0.0	0.0	0.0	0.0	0.0	0.0
GSM4138112_HNSCC_2_PBMC_CGCGTTTCACGGACAA	34.15293230551318	85.1915700856738	0.0	0.0	0.0	0.0	0.0	0.0	3.6498623849221876	0.0	30.282219338946987	0.0	14.11717883343013	0.0	0.0	89.12159725234856	0.0	0.0	0.0	0.0	0.0	0.0	0.0	0.0	0.0	0.0	0.0	0.0	0.0	0.0	0.0	0.0	0.0
GSM4138112_HNSCC_2_PBMC_CGTGTCTCATTCCTCG	72.84161275088846	105.25925623143584	45.51097142915965	0.0	0.0	8.458538082596256	0.0	0.0	4.139558668627969	1.561148307217796	0.0	43.094669715330426	0.0	0.0	0.0	0.0	0.0	0.0	0.0	0.0	0.0	0.0	24.962929754518125	0.0	0.0	0.0	0.0	0.0	0.0	0.0	0.0	0.0	0.0
GSM4138112_HNSCC_2_PBMC_CTAACTTCATAGACTC	53.78242386536879	111.69579405457375	79.69330156686699	0.0	0.0	65.22391302394769	0.0	31.45325928386906	29.30406252776378	0.0	0.0	0.0	0.0	0.0	0.0	0.0	0.0	0.0	0.0	0.0	0.0	0.0	0.0	0.0	0.0	0.0	0.0	0.0	0.0	0.0	0.0	0.0	0.0
GSM4138112_HNSCC_2_PBMC_CTAACTTGTAGCGCTC	49.46292686069701	0.0	0.0	0.0	0.0	9.09114472263418	0.0	0.0	15.331767733788803	54.75817858360052	0.0	60.98860127780274	8.107016343163405	0.0	0.0	57.996366766179584	0.7049199059604966	0.0	0.0	0.0	0.0	6.922318369437337	0.0	0.0	0.0	0.0	0.0	0.0	0.0	0.0	0.0	0.0	0.0
GSM4138112_HNSCC_2_PBMC_GAATGAATCTTACCTA	162.12891241042593	0.0	0.0	0.0	0.0	46.29195884095392	147.29209803895804	0.0	3.9614119531515835	0.0	0.0	0.0	33.19420368616872	0.0	18.926096372904738	0.0	61.74528842387622	0.0	0.0	0.0	0.0	124.12172010618879	0.0	0.0	0.0	0.0	0.0	0.0	0.0	0.0	0.0	0.0	0.0
GSM4138112_HNSCC_2_PBMC_GATTCAGTCCATGCTC	212.87747933269054	0.0	140.7772723540903	0.0	162.4646190037437	85.08845648232221	0.0	0.0	17.119356621498625	0.0	0.0	0.0	0.0	0.0	0.0	0.0	0.0	0.0	50.15763142685314	0.0	0.0	0.0	24.01596602286163	0.0	0.0	47.383686084523525	0.0	0.0	0.0	0.0	0.0	0.0	0.0
GSM4138112_HNSCC_2_PBMC_GCTGCGACACGCCAGT	30.879649947646577	0.0	0.0	0.0	0.0	14.959397234663905	0.0	0.0	11.706594330419952	80.62770691018088	0.0	0.0	0.0	0.0	0.0	111.85944908342005	40.54515188110822	0.0	0.0	0.0	0.0	0.0	0.0	0.0	0.0	0.0	0.0	0.0	0.0	0.0	0.0	0.0	0.0
GSM4138112_HNSCC_2_PBMC_GGATTACGTCCGAACC	86.20792868687153	28.65265434239937	0.0	0.0	0.0	30.897146539063346	0.0	0.0	0.0	64.70117965469953	26.062670455611855	0.0	0.0	120.97600721514435	0.0	0.0	0.0	0.0	0.0	0.0	0.0	0.0	0.0	0.0	0.0	0.0	0.0	0.0	0.0	0.0	0.0	0.0	0.0
GSM4138112_HNSCC_2_PBMC_GGGAATGAGAAACGAG	237.08769606739142	0.0	136.51682853475864	0.0	0.0	0.0	228.0637987531448	112.25428957233426	7.231053963125243	0.0	0.0	0.0	116.08296125111711	0.0	0.0	0.0	0.0	0.0	0.0	0.0	0.0	9.15394083277551	0.0	0.0	0.0	0.0	0.0	0.0	0.0	0.0	0.0	0.0	0.0
GSM4138112_HNSCC_2_PBMC_GTCGGGTTCACCCTCA	279.46304831555955	42.097217827410596	0.0	59.78477338300237	0.0	75.17700010917574	5.587316917551868	7.730211688523629	4.845659440769315	0.0	0.0	29.51700276546491	0.0	0.0	0.0	0.0	0.0	0.0	0.0	0.0	0.0	0.0	0.0	0.0	0.0	0.0	0.0	0.0	0.0	0.0	0.0	0.0	0.0
GSM4138112_HNSCC_2_PBMC_GTTCATTAGGGAACGG	64.04012739896552	83.3437404442993	0.0	0.0	0.0	0.0	0.0	0.0	3.4089628238836274	0.0	20.298455858480857	3.8524166787527867	13.845454832109006	0.0	32.76609292426526	0.0	0.0	0.0	0.0	0.0	0.0	0.0	0.0	0.0	0.0	0.0	0.0	71.97927981185452	0.0	5.563867983088279	0.0	0.0	0.0
GSM4138112_HNSCC_2_PBMC_GTTCTCGCATCCGCGA	54.710280884372715	78.24873910285217	72.30555778973773	0.0	0.0	34.345910726849446	0.0	0.0	7.647019358209999	0.0	0.0	0.0	0.0	0.0	0.0	0.0	0.0	0.0	72.93464311520185	0.0	0.0	0.0	0.0	0.0	0.0	0.0	0.0	0.0	0.0	0.0	0.0	0.0	0.0
GSM4138112_HNSCC_2_PBMC_GTTTCTACATACCATG	67.57804287943988	73.64678141744616	0.0	0.0	0.0	0.0	0.0	0.0	0.0	0.0	0.48565095217084586	0.0	13.14750361226766	73.99312880972295	0.0	0.0	0.0	0.0	17.18715970224474	0.0	0.0	0.0	0.0	33.7487365026698	0.0	0.0	0.0	0.0	0.0	0.0	0.0	0.0	0.0
GSM4138112_HNSCC_2_PBMC_TACCTTAAGACAGAGA	60.82693589739628	75.30006422078226	41.71283267336415	0.0	0.0	14.746703203320518	0.0	0.0	10.547016598854418	0.0	0.0	0.0	0.0	0.0	32.99674322612884	54.605528709812994	0.0	0.0	0.0	0.0	0.0	0.0	0.0	0.0	0.0	0.0	0.0	0.0	0.0	0.0	0.0	0.0	0.0
GSM4138112_HNSCC_2_PBMC_TACGGGCCAGACAGGT	143.8134395480535	101.59191947928714	0.0	0.0	0.0	0.0	0.0	0.0	5.848007146821577	0.0	0.0	0.0	7.2743891325509145	62.84086182382707	0.0	0.0	0.0	37.390468560694224	0.0	0.0	0.0	0.0	0.0	0.0	0.0	0.0	0.0	0.0	0.0	0.0	0.0	0.0	0.0
GSM4138112_HNSCC_2_PBMC_TACTCATTCACAGGCC	35.929479808110415	106.34592603324774	66.96777586529058	0.0	0.0	0.7921967935949434	0.0	0.0	2.989158577113437	0.0	0.0	0.0	36.626307504838735	0.0	8.887392650553684	0.0	0.0	0.0	0.0	20.562386142296432	0.0	0.0	0.0	0.0	0.0	0.0	0.0	0.0	0.0	0.0	0.0	0.0	0.0
GSM4138112_HNSCC_2_PBMC_TGAAAGAGTTCCACAA	298.90033436505314	7.072886182968307	179.65933067073266	0.0	0.0	8.425432261004511	0.0	0.0	9.086500823671363	199.81035389648605	110.90914484298474	5.365609055969405	51.38573615530256	0.0	0.0	0.0	0.0	0.0	0.0	0.0	0.0	0.0	0.0	0.0	0.0	0.0	0.0	0.0	0.0	0.0	0.0	0.0	0.0
GSM4138112_HNSCC_2_PBMC_TGCTACCTCAAGAAGT	38.66318098207392	0.0	0.0	60.1400886140051	46.23809276956428	4.094157740708399	0.0	110.9235715804832	2.3039341592578415	14.310002363007179	0.0	0.0	14.28536916676292	0.0	0.0	0.0	0.0	0.0	0.0	0.0	0.0	0.0	0.0	0.0	0.0	0.0	0.0	0.0	0.0	0.0	0.0	0.0	0.0
GSM4138112_HNSCC_2_PBMC_TGTGTTTTCCCTTGTG	0.0	0.0	0.0	0.0	0.0	0.0	0.0	0.0	0.0	0.0	0.0	0.0	1487.2395848900976	0.0	0.0	0.0	0.0	0.0	0.0	0.0	0.0	0.0	0.0	0.0	0.0	0.0	0.0	0.0	0.0	0.0	0.0	0.0	0.0
GSM4138112_HNSCC_2_PBMC_TTCTTAGAGTATCTCG	65.3917185744606	49.109218875966434	0.0	0.0	0.0	28.31225130208758	0.0	0.0	8.837883566571117	0.0	36.95871572111697	0.0	0.0	140.339287099688	0.0	0.0	0.0	0.0	0.0	0.0	0.0	0.0	0.0	0.0	0.0	0.0	0.0	0.0	0.0	0.0	0.0	0.0	0.0
GSM4138112_HNSCC_2_PBMC_TTGAACGCAATCTGCA	36.52095592667707	0.0	0.0	0.0	51.39109455030318	10.384977373718113	79.4180285630443	25.240457888531804	0.0	1.1880880565672784	0.0	0.0	0.0	42.0353246903401	0.0	0.0	0.0	0.0	0.0	0.0	0.0	43.58068414468223	0.0	0.0	0.0	0.0	0.0	0.0	12.724909907826667	0.0	0.0	0.0	0.0
GSM4138112_HNSCC_2_PBMC_TTGACTTTCACAGGCC	28.45541202268175	0.0	107.65733775613397	0.0	84.28301899964478	27.474916892272123	0.0	26.999834301916575	2.9459989227097574	0.0	0.0	0.0	0.0	0.0	0.0	0.0	0.0	0.0	0.0	0.0	0.0	0.0	0.0	0.0	0.0	0.0	0.0	0.0	0.0	0.0	0.0	0.0	0.0
GSM4138112_HNSCC_2_PBMC_TTGACTTTCCTTTACA	42.13514429505113	0.0	0.0	50.45609023472301	48.73733983776764	23.16527757772343	20.207658855230687	81.3753894900442	16.954025616706478	0.0	0.0	0.0	0.0	0.0	0.0	0.0	0.0	0.0	0.0	0.0	0.0	0.0	0.0	0.0	0.0	0.0	0.0	0.0	0.0	0.0	0.0	0.0	0.0
GSM4138112_HNSCC_2_PBMC_TTTCCTCTCGTAGATC	71.92553312845737	0.0	0.0	49.8153038585199	61.2935267708043	4.858803945466095	0.0	0.0	9.229184698606629	36.17908486359147	39.10829087609288	0.0	2.367893036381505	0.0	0.0	0.0	0.0	0.0	0.0	0.0	0.0	0.0	0.0	0.0	0.0	0.0	0.0	0.0	0.0	0.0	0.0	0.0	0.0
GSM4138112_HNSCC_2_PBMC_AAACCTGAGCGAGAAA	68.50913234070093	85.95266149830552	0.0	0.0	0.0	32.31209383980056	0.0	0.0	8.078526402961048	0.0	0.0	66.18366741050512	0.0	37.526485281539614	0.0	15.072287742693652	0.0	0.0	0.0	0.0	0.0	0.0	0.0	0.0	0.0	0.0	0.0	0.0	24.851159763887733	0.0	0.0	0.0	0.0
GSM4138112_HNSCC_2_PBMC_AAAGATGAGCAGACTG	100.68911278016733	348.2925154228233	0.0	171.5149530450684	0.0	39.56103654319579	0.0	0.0	15.533006151640496	0.0	0.0	30.358194686352874	0.0	0.0	0.0	0.0	58.76161854707413	0.0	0.0	0.0	0.0	0.0	0.0	0.0	0.0	0.0	0.0	0.0	0.0	0.0	0.0	0.0	0.0
GSM4138112_HNSCC_2_PBMC_AACTGGTAGTCGATAA	70.69835272255676	0.0	103.93005362700617	0.0	0.0	27.888059435958123	0.0	0.0	2.933878573933208	123.12970061977956	0.0	0.0	0.0	0.0	0.0	0.0	0.0	0.0	0.0	18.160237995440486	0.0	0.0	0.0	0.0	0.0	0.0	0.0	0.0	0.0	24.275951129366355	0.0	0.0	0.0
GSM4138112_HNSCC_2_PBMC_AACTTTCTCCCTTGCA	42.34968039315405	0.0	78.55973589342737	0.0	116.77980850195206	33.10435497563916	0.0	0.0	3.5453262214856074	0.0	0.0	0.0	0.0	0.0	50.05941217984575	0.0	1.6825787064506008	0.0	0.0	0.0	0.0	0.0	0.0	0.0	0.0	0.0	0.0	0.0	0.0	0.0	0.0	0.0	0.0
GSM4138112_HNSCC_2_PBMC_AAGGTTCAGTGTCCAT	34.991470068903325	82.35320247557425	0.0	0.0	0.0	24.22483164029271	0.0	0.0	16.347717418319956	0.0	71.38451912460805	0.0	0.0	19.80014058283498	0.0	0.0	0.0	0.0	0.0	0.0	0.0	0.0	0.0	0.0	15.70254214561478	0.0	0.0	39.44617539670917	0.0	0.0	0.0	0.0	0.0
GSM4138112_HNSCC_2_PBMC_AATCCAGTCAGAGGTG	35.995036896877686	0.9205328838650176	123.0768538922166	0.0	0.0	28.64397035021582	0.0	0.005057857279972024	8.780119902486312	116.33636134316082	0.0	24.776961915467794	0.0	0.0	1.9544543298223807	0.0	0.0	0.0	0.0	0.0	0.0	0.0	0.0	0.0	0.0	0.0	0.0	0.0	0.0	0.0	0.0	0.0	0.0
GSM4138112_HNSCC_2_PBMC_AATCGGTGTCGACTAT	119.30469647764419	0.0	177.03727384780467	0.0	0.0	42.5636340590494	288.67515181396794	0.0	69.74737689384345	0.0	0.0	0.0	0.0	0.0	0.0	0.0	0.0	0.0	88.91225082237119	0.0	0.0	0.0	0.0	0.0	0.0	0.0	0.0	0.0	0.0	0.0	0.0	0.0	0.0
GSM4138112_HNSCC_2_PBMC_ACACCAAAGTGGAGAA	47.424869272881416	160.31284504772742	81.70062207462642	0.0	0.0	33.438685511442614	0.0	0.0	14.856033858114921	0.0	21.641853191310332	53.2748985165412	0.0	0.0	0.0	0.0	0.0	0.0	0.0	0.0	0.0	0.0	0.0	0.0	0.0	0.0	0.0	0.0	0.0	0.0	0.0	0.0	0.0
GSM4138112_HNSCC_2_PBMC_ACAGCCGGTCTGGTCG	118.04491641629627	110.78479952851063	0.0	68.90060598314882	0.0	13.411439473814466	0.0	0.0	13.361352220237427	0.0	0.0	3.0077463260337964	0.0	0.0	116.6713521269796	0.0	0.0	0.0	0.0	0.0	0.0	0.0	0.0	0.0	0.0	0.0	0.0	0.0	0.0	0.0	0.0	0.0	0.0
GSM4138112_HNSCC_2_PBMC_ACATGGTTCAACGGCC	20.12732337970601	0.0	0.6050962379737691	0.0	40.385175961960606	18.18297958753341	0.0	0.0	9.484048839587885	16.43700241611508	0.0	0.0	0.0	0.0	0.0	0.0	0.0	0.0	0.0	23.440728113764113	147.34320781409264	0.0	0.0	0.0	0.0	0.0	0.0	0.0	0.0	0.0	0.0	0.0	0.0
GSM4138112_HNSCC_2_PBMC_ACGAGCCTCCAGTATG	50.92711831594745	110.82253535541683	0.0	0.0	0.0	0.0	0.0	0.0	27.56842063040797	0.0	0.0	0.0	15.668676172869624	0.0	83.44127437810151	106.50672096831428	0.0	0.0	0.0	0.0	0.0	0.0	0.0	0.0	0.0	0.0	0.0	0.0	0.0	0.0	0.0	0.0	0.0
GSM4138112_HNSCC_2_PBMC_ACGAGGACATGCCTTC	63.17513939873898	7.437360660948487	89.77901807840891	0.0	0.0	12.147427881586873	0.0	0.0	14.611750170913608	112.91036746606657	0.0	0.0	0.0	0.0	0.0	0.0	0.0	0.0	0.0	0.0	0.0	0.0	0.0	47.936934610083014	0.0	0.0	0.0	0.0	0.0	0.0	0.0	0.0	0.0
GSM4138112_HNSCC_2_PBMC_ACGCAGCAGCGTCTAT	87.5484029279658	155.9640078889968	108.5327867302135	0.0	0.0	1.8490219786667308	20.811565978198168	0.0	16.589972506483928	0.0	0.0	0.0	26.6629442231652	0.0	0.0	0.0	0.0	127.19762863761116	0.0	0.0	0.0	0.0	0.0	0.0	0.0	0.0	0.0	0.0	0.0	0.0	0.0	0.0	0.0
GSM4138112_HNSCC_2_PBMC_ACGGAGAGTCTACCTC	37.62261980091458	67.5400745765319	0.0	0.0	0.0	15.702192749619016	0.0	0.0	2.5205793146367874	0.0	32.91796503152347	0.0	0.0	0.0	0.0	0.0	0.0	0.0	29.46097740904983	0.0	97.60283982101562	0.0	0.0	0.0	25.538633459800103	0.0	0.0	0.0	0.0	0.0	0.0	0.0	0.0
GSM4138112_HNSCC_2_PBMC_ACGGGTCCATGGAATA	119.5308332914038	162.47200120715897	146.69245750441453	0.0	0.0	32.881744537025476	6.420521351409437	76.99026699003463	40.593418304876124	0.0	0.0	0.0	0.0	0.0	0.0	0.0	0.0	0.0	0.0	0.0	0.0	0.0	0.0	0.0	0.0	0.0	0.0	0.0	0.0	0.0	0.0	0.0	0.0
GSM4138112_HNSCC_2_PBMC_ACTGAACAGTACGTAA	92.64485769332265	162.4662076767813	0.0	150.8928841072535	0.0	35.17000491783397	0.0	0.0	12.668792394279883	0.0	2.8398075469226725	31.98628898934908	0.0	0.0	0.0	0.0	10.108215826608541	0.0	0.0	0.0	0.0	0.0	43.88179228781292	0.0	0.0	0.0	0.0	0.0	0.0	0.0	0.0	0.0	0.0
GSM4138112_HNSCC_2_PBMC_ACTGATGGTTACCAGT	61.94976022841922	46.203364909328954	77.07341423146866	0.0	0.0	13.13505719954739	0.0	49.89417872373644	8.931827086908005	20.74061822026283	0.0	0.0	0.0	0.0	0.0	0.0	0.0	0.0	0.0	0.0	0.0	0.0	0.0	0.0	0.0	0.0	0.0	0.0	0.0	0.0	0.0	0.0	0.0
GSM4138112_HNSCC_2_PBMC_ACTGTCCCACATCTTT	105.83785251772704	214.55426134638805	0.0	0.0	0.0	30.748182741220635	0.0	11.618391727708032	17.13809188279499	0.0	13.030953865952895	0.0	0.0	0.0	0.0	0.0	37.82651170008322	0.0	0.0	0.0	0.0	0.0	0.0	0.0	0.0	183.4800534108524	0.0	0.0	0.0	0.0	0.0	0.0	0.0
GSM4138112_HNSCC_2_PBMC_ACTTACTCATGACATC	66.10658094893162	80.28837949693065	94.84189907663313	0.0	0.0	19.53943183158343	0.0	0.0	13.261828453752885	0.0	27.652705099571275	40.944241447666656	0.0	0.0	0.0	0.0	0.0	0.0	3.464685163238417	0.0	0.0	0.0	0.0	0.0	0.0	0.0	0.0	0.0	0.0	0.0	0.0	0.0	0.0
GSM4138112_HNSCC_2_PBMC_AGCAGCCCAGTCGATT	125.43980095407335	116.54019516597121	119.58205443336549	0.0	0.0	44.49313743893229	5.310042243470057	10.25397452462664	16.24065964037306	0.0	137.00520681530037	0.0	0.0	0.0	0.0	0.0	0.0	0.0	0.0	0.0	37.291964718586144	0.0	0.0	0.0	0.0	0.0	0.0	0.0	0.0	0.0	0.0	0.0	0.0
GSM4138112_HNSCC_2_PBMC_AGCGTATGTACGCTGC	69.97103459739283	80.85398131428977	49.131283410316634	0.0	0.0	18.46153600360459	0.0	0.0	2.029049594199415	0.0	0.0	0.0	0.0	0.0	0.0	0.0	0.0	0.0	91.56746406660017	0.0	0.0	0.0	0.0	0.0	0.0	0.0	0.0	0.0	0.0	0.0	0.0	0.0	0.0
GSM4138112_HNSCC_2_PBMC_AGCTCTCCACTGTGTA	90.51772963413394	214.07304873929738	149.9177620737201	0.0	0.0	31.86906219968875	0.0	22.014111948082004	4.516174545822735	0.0	0.0	48.76228046953537	0.0	0.0	0.0	0.0	0.0	0.0	0.0	0.0	0.0	0.0	0.0	0.0	0.0	0.0	0.0	0.0	0.0	0.0	0.0	0.0	0.0
GSM4138112_HNSCC_2_PBMC_AGCTCTCGTCTAGTGT	76.27231612943773	44.168067752482756	86.07149893122171	0.0	0.0	25.205074876085934	75.90419474707156	78.20194590774375	15.89478320268706	0.0	0.0	0.0	0.0	0.0	0.0	0.0	0.0	0.0	0.0	0.0	0.0	0.0	0.0	0.0	0.0	0.0	0.0	0.0	111.51177355819466	0.0	0.0	0.0	0.0
GSM4138112_HNSCC_2_PBMC_AGGGTGAAGAGCTATA	30.061064690330994	95.31669896698796	0.0	73.5590505435206	0.0	29.853969496303808	0.0	0.0	12.12622305054193	0.0	0.0	0.0	0.0	0.0	46.88367862545554	0.0	0.0	0.0	0.0	0.0	0.0	0.0	0.0	0.0	0.0	0.0	0.0	0.0	0.0	0.0	0.0	0.0	0.0
GSM4138112_HNSCC_2_PBMC_AGGGTGACACATTTCT	102.0607544634954	0.0	0.0	0.0	0.0	21.516669231139467	92.84553057772335	38.145318901182954	11.727617614308594	0.0	0.0	0.0	0.0	2.5447259549711743	0.0	0.0	0.0	0.0	0.0	0.0	0.0	72.14853593854106	0.0	0.0	0.0	0.0	0.0	0.0	13.125321340853391	0.0	0.0	0.0	0.0
GSM4138112_HNSCC_2_PBMC_AGTAGTCTCTTCAACT	51.609524665832005	0.0	13.582107156436711	0.0	20.204396446330424	10.852521899750496	40.36219276362112	23.498355218998547	9.192927216845874	0.0	0.0	0.0	0.0	52.953303801910366	0.0	0.0	0.0	30.847321676441652	0.0	0.0	0.0	0.0	0.0	0.0	0.0	0.0	0.0	0.0	0.0	0.0	0.0	0.0	0.0
GSM4138112_HNSCC_2_PBMC_AGTGTCAAGATGTCGG	38.48943228602012	113.65279456404238	0.0	0.0	0.0	7.63614226826078	0.0	0.0	10.349031407169791	0.0	44.774767131733626	0.0	0.0	56.73663498843143	0.0	0.0	0.0	0.0	0.0	0.0	0.0	0.0	0.0	0.0	0.0	0.0	0.0	0.0	0.0	0.0	0.0	0.0	0.0
GSM4138112_HNSCC_2_PBMC_ATAACGCGTGCCTGGT	401.1397929329663	0.0	162.14258231270705	13.377960192458982	0.0	83.49042597686822	0.0	0.0	28.71951698597842	262.97929922964425	0.0	0.0	18.423443820389256	0.0	0.0	0.0	117.61114030549574	0.0	0.0	0.0	0.0	0.0	0.0	0.0	0.0	0.0	0.0	0.0	0.0	0.0	0.0	0.0	0.0
GSM4138112_HNSCC_2_PBMC_ATAACGCTCATTTGGG	69.1980410328493	123.83797604759631	0.0	125.79071475447951	0.0	0.0	3.059815129180394	44.96122689066664	9.317404872426675	0.0	31.245117025984833	0.0	24.563910475463206	0.0	0.0	0.0	0.0	0.0	0.0	0.0	0.0	0.0	0.0	0.0	0.0	0.0	0.0	0.0	0.0	0.0	0.0	0.0	0.0
GSM4138112_HNSCC_2_PBMC_ATAAGAGCAGAGCCAA	121.30707880518823	65.0344018419091	0.0	101.02043856889175	0.0	14.380731920005362	0.0	28.068721797850948	16.920728014333115	98.23158377897792	122.22858000411014	0.0	0.0	0.0	0.0	0.0	0.0	0.0	0.0	0.0	0.0	0.0	0.0	0.0	0.0	0.0	0.0	0.0	0.0	0.0	0.0	0.0	0.0
GSM4138112_HNSCC_2_PBMC_ATAGACCAGCAAATCA	51.15259165910063	113.3464973491211	72.4742001932984	0.0	0.0	27.5255608461683	0.0	0.0	21.515241192125487	0.0	0.0	0.0	0.0	0.0	0.0	0.0	0.0	95.66588839818068	0.0	0.0	0.0	0.0	0.0	0.0	0.0	0.0	0.0	0.0	0.0	0.0	0.0	0.0	0.0
GSM4138112_HNSCC_2_PBMC_ATCACGACAGTGGAGT	42.28237903248319	21.06712589336428	0.0	0.0	0.0	6.054649083644809	16.2101151829051	0.0	1.162450539094714	43.76334591348346	0.0	0.0	0.0	0.0	0.0	0.0	0.0	74.06503223466862	0.0	0.0	0.0	0.0	0.0	0.0	0.0	13.04784434159523	0.0	0.0	0.0	0.0	71.26117811727545	0.0	0.0
GSM4138112_HNSCC_2_PBMC_ATCCGAACAAGTAATG	26.360427937884356	63.01816929207271	56.33638935647641	0.0	0.0	46.83186130873652	0.0	51.87869899938111	9.524715195043608	17.040525545368535	0.0	0.0	0.0	0.0	0.0	0.0	0.0	0.0	0.0	0.0	0.0	0.0	0.0	0.0	0.0	0.0	0.0	0.0	0.0	0.0	0.0	0.0	0.0
GSM4138112_HNSCC_2_PBMC_ATCGAGTAGAAACGAG	76.04160863547321	175.2068368162446	109.62369891532671	0.0	0.0	33.90670143967756	0.0	0.0	33.68168070400255	0.0	0.0	55.27023527171675	0.0	0.0	0.0	0.0	0.0	0.0	0.0	68.82282093531256	0.0	0.0	0.0	0.0	0.0	0.0	0.0	0.0	0.0	0.0	0.0	0.0	0.0
GSM4138112_HNSCC_2_PBMC_ATCTGCCCACCACGTG	61.547775020871384	165.54555910198303	0.0	55.171791249357696	0.0	19.93706869291218	0.0	91.63620910434726	19.924882262986788	0.0	0.0	0.0	0.0	0.0	0.0	0.0	0.0	0.0	0.0	0.0	0.0	0.0	0.0	0.0	0.0	0.0	0.0	0.0	0.0	0.0	0.0	0.0	0.0
GSM4138112_HNSCC_2_PBMC_ATGCGATGTTCCTCCA	68.02418181090704	2.755266163462192	101.3619738821387	0.0	0.0	18.44218004324886	0.0	0.0	11.310944518234889	76.64982887718091	63.751225050223816	0.0	0.0	0.0	0.0	0.0	0.0	0.0	0.0	0.0	0.0	0.0	0.0	0.0	0.0	0.0	0.0	0.0	0.0	0.0	0.0	0.0	0.0
GSM4138112_HNSCC_2_PBMC_ATTATCCAGACAATAC	89.91251186600036	62.69028404125858	163.18512156047208	0.0	0.0	11.712629120211188	0.0	35.956056025355245	7.795843179898962	28.190721456329538	0.0	0.0	0.0	0.0	0.0	0.0	0.0	0.0	0.0	5.07094895121916	0.0	0.0	0.0	0.0	0.0	0.0	0.0	0.0	0.0	0.0	0.0	0.0	0.0
GSM4138112_HNSCC_2_PBMC_ATTTCTGCAGGTTTCA	54.18028354307289	166.63913053807465	56.617182146869204	0.0	0.0	13.956295590235763	0.0	0.0	30.66223489626983	0.0	0.0	0.0	0.0	0.0	0.0	0.0	27.91435077584384	3.360775300780265	0.0	0.0	0.0	0.0	0.0	0.0	0.0	0.0	0.0	0.0	0.0	0.0	0.0	0.0	0.0
GSM4138112_HNSCC_2_PBMC_CAACCTCCAACAACCT	41.84882409052255	57.183852925103224	0.0	84.81198930260516	0.0	16.430596900483398	0.0	25.126167370791137	1.8796761256776424	0.0	0.0	0.0	0.0	0.0	0.0	0.0	0.0	0.0	0.0	0.0	0.0	0.0	33.89297755675338	0.0	0.0	0.0	0.0	0.0	0.0	0.0	0.0	0.0	0.0
GSM4138112_HNSCC_2_PBMC_CAAGAAACAAGTCTAC	25.09211536883392	88.995524261422	83.34550575930747	0.0	0.0	28.58175327231416	5.916463415023245	35.867392991388314	19.390948359714386	12.523283131745764	0.0	77.73600386604026	0.0	0.0	0.0	0.0	0.0	0.0	0.0	0.0	0.0	0.0	0.0	0.0	0.0	0.0	0.0	0.0	0.0	0.0	0.0	0.0	0.0
GSM4138112_HNSCC_2_PBMC_CAAGGCCGTAGCTCCG	82.56241020931436	110.03133379514973	0.0	0.0	0.0	13.640880646464408	0.0	53.06104609767117	9.428609642823574	0.0	0.0	0.0	0.0	0.0	6.598788970054643	0.0	0.0	0.0	0.0	0.0	0.0	0.0	0.0	0.0	105.79906822009224	0.0	0.0	9.891216772035296	0.0	0.0	0.0	0.0	0.0
GSM4138112_HNSCC_2_PBMC_CAAGTTGAGCAGCGTA	40.396930092864885	10.453897078016679	31.381747425385132	0.0	0.0	20.93965497955704	0.0	15.822364642581535	7.8760461519234735	68.24055974309708	28.288281723218066	7.581307866342717	0.0	0.0	0.0	0.0	0.0	0.0	0.0	19.95939954952607	0.0	0.0	0.0	0.0	0.0	0.0	0.0	0.0	0.0	0.0	0.0	0.0	0.0
GSM4138112_HNSCC_2_PBMC_CACCACTCACAGGTTT	83.76109431941806	157.05068912683734	0.0	0.0	0.0	0.0	0.0	0.0	3.895869480580803	0.0	49.36826864844679	0.0	36.39176804481372	97.57991484832712	0.0	0.0	0.0	0.0	52.06407232200682	0.0	0.0	0.0	0.0	0.0	0.0	0.0	0.0	0.0	0.0	0.0	0.0	0.0	0.0
GSM4138112_HNSCC_2_PBMC_CAGAGAGGTGGCCCTA	19.734666995111745	79.26215968610346	0.0	80.62025300889077	14.82707652529196	8.598152956598083	0.0	62.98873264679366	15.236596412709902	0.0	0.0	0.0	0.0	0.0	0.0	0.0	0.0	0.0	0.0	0.0	0.0	0.0	0.0	0.0	0.0	0.0	0.0	0.0	0.0	0.0	0.0	0.0	0.0
GSM4138112_HNSCC_2_PBMC_CAGCAGCCAATCACAC	107.28852843969929	0.0	62.653809753210986	0.0	206.5326055260149	11.070353799252011	0.0	15.134602816385376	10.013675827609696	0.0	49.500679313646415	0.0	0.0	0.0	0.0	0.0	0.0	0.0	0.0	2.000471949169211	0.0	0.0	0.0	0.0	0.0	0.0	0.0	0.0	0.0	0.0	0.0	0.0	0.0
GSM4138112_HNSCC_2_PBMC_CAGCATAAGAAGAAGC	79.935690304634	87.64941516489364	53.321568493691764	0.0	0.0	15.716500597780655	0.0	0.0	0.3613694122533402	0.0	3.734733095705901	0.0	0.0	1.650216115723523	0.0	0.0	18.841534762624192	0.6703993503501074	0.0	0.0	0.0	0.0	0.0	0.0	0.0	0.0	0.0	0.0	0.0	0.0	0.0	0.0	0.0
GSM4138112_HNSCC_2_PBMC_CAGCTAAAGGACACCA	64.94596478911227	104.57950248079398	83.87394582093435	0.0	0.0	27.403731038133365	0.0	0.0	15.95217535224209	0.0	43.393351958128164	43.80959972402711	0.0	0.0	0.0	0.0	0.0	0.0	0.0	0.0	0.0	0.0	0.0	0.0	0.0	0.0	0.0	0.0	0.0	0.0	0.0	0.0	0.0
GSM4138112_HNSCC_2_PBMC_CAGCTGGGTCCAGTTA	127.35652270288344	223.67508648014405	196.26581784574	0.0	0.0	25.89173828260727	0.0	0.0	15.620607389323046	0.0	0.0	0.0	0.0	0.0	0.0	0.0	0.0	0.0	49.64217215843917	0.0	0.0	0.0	0.0	64.22003325712421	0.0	0.0	0.0	0.0	0.0	0.0	0.0	0.0	0.0
GSM4138112_HNSCC_2_PBMC_CATCGAAAGAAGGGTA	77.51708602844195	0.0	59.80353331005357	0.0	0.0	18.41313786625151	84.1026371160787	34.68522491436403	17.960509904205935	0.0	0.0	0.0	0.0	0.0	0.0	0.0	0.0	0.0	0.0	0.0	0.0	0.0	0.0	0.0	0.0	0.0	0.0	0.0	0.0	0.0	0.0	0.0	0.0
GSM4138112_HNSCC_2_PBMC_CATGCCTTCTGGTGTA	124.34258663507322	0.0	149.0338751940958	0.0	4.726150058062093	46.035041493474914	278.03920714104447	0.0	24.154066605819935	0.0	0.0	0.0	0.0	0.0	0.0	0.0	126.38308388704775	0.0	0.0	0.0	0.0	0.0	0.0	0.0	0.0	0.0	0.0	0.0	0.0	0.0	0.0	0.0	0.0
GSM4138112_HNSCC_2_PBMC_CATTATCAGCAGATCG	38.605044996258954	128.12337264930548	73.18948129453291	0.0	0.0	29.66602400038097	0.0	0.0	5.154447946979512	0.0	53.733788127012396	0.0	0.0	0.0	0.0	0.0	0.0	0.0	0.0	0.0	0.0	0.0	0.0	0.0	0.0	0.0	0.0	0.0	0.0	0.0	0.0	0.0	0.0
GSM4138112_HNSCC_2_PBMC_CCATTCGAGCGATATA	136.64836781068155	179.33873924619493	110.15320998897192	0.0	0.0	0.0	0.0	0.0	8.864998614640227	0.0	80.8733457391839	0.0	26.750619895005155	0.0	0.0	0.0	0.0	60.18863829713319	0.0	0.0	0.0	0.0	0.0	0.0	0.0	0.0	0.0	0.0	0.0	0.0	0.0	0.0	0.0
GSM4138112_HNSCC_2_PBMC_CCATTCGGTGTGAATA	85.02631030114877	132.62361562440145	113.65831481101092	0.0	0.0	21.745796508091786	0.0	0.0	18.81250810956863	0.0	0.0	7.932537979358251	0.0	0.0	16.792374009512002	0.0	31.03324491560941	0.0	0.0	0.0	0.0	0.0	8.9897730864018	0.0	0.0	0.0	0.0	0.0	0.0	0.0	0.0	0.0	0.0
GSM4138112_HNSCC_2_PBMC_CCCAATCCACACATGT	110.8835795054741	169.2522958379072	0.0	0.0	0.0	44.211256481381	0.0	0.0	31.110774932355174	0.0	0.0	39.75062839046296	0.0	0.0	0.0	0.0	81.5122186402498	0.0	0.0	0.0	0.0	0.0	0.0	0.0	0.0	0.0	0.0	0.0	142.20079965805164	0.0	0.0	0.0	0.0
GSM4138112_HNSCC_2_PBMC_CCCAATCTCAACACCA	64.07427062976431	120.05811391385092	73.35358726874178	0.0	0.0	17.48779960557348	0.0	44.363862905619	14.280260126163563	0.0	0.0	0.0	0.0	0.0	0.0	0.0	0.0	0.0	0.0	0.0	0.0	0.0	0.0	0.0	0.0	0.0	0.0	0.0	0.0	0.0	0.0	0.0	0.0
GSM4138112_HNSCC_2_PBMC_CCCTCCTAGACAAGCC	59.97169739274902	0.0	52.462441903352804	0.0	43.70136243879961	14.420583871134934	36.99198711185199	0.0	8.62895543449666	0.0	0.0	0.0	0.0	0.0	0.0	0.0	42.39358730696923	0.0	0.0	0.0	0.0	0.0	0.0	0.0	0.0	0.0	0.0	0.0	0.0	0.0	0.0	0.0	0.0
GSM4138112_HNSCC_2_PBMC_CCTCAGTCACCAGATT	52.126648756359735	105.96944356877157	0.0	52.61500726361886	17.08485525668949	10.09324506275123	0.0	0.0	21.21328531478596	0.0	25.51131002929057	28.706466025079674	7.083732126489255	0.0	0.0	0.0	0.0	0.0	0.0	0.0	0.0	0.0	0.0	0.0	0.0	0.0	0.0	0.0	0.0	0.0	0.0	0.0	0.0
GSM4138112_HNSCC_2_PBMC_CCTCTGACACTCAGGC	41.55262127812998	0.0	72.64905719291525	0.0	6.4949108291417215	14.439389423413019	142.33646254230894	0.0	10.47162398183291	0.0	0.0	0.0	0.0	0.0	0.0	0.0	0.0	0.0	66.80551636949295	0.0	0.0	0.0	0.0	0.0	0.0	0.0	0.0	0.0	0.0	0.0	0.0	0.0	0.0
GSM4138112_HNSCC_2_PBMC_CCTTACGGTGTGACCC	94.81825736882566	175.65333424385403	0.0	132.80073734772014	0.0	23.16206964470705	0.0	0.0	17.314730252381622	0.0	0.0	95.34615551563915	0.0	0.0	0.0	0.0	0.0	0.0	0.0	0.0	0.0	0.0	0.0	23.04119560843882	0.0	0.0	0.0	0.0	0.0	0.0	0.0	0.0	0.0
GSM4138112_HNSCC_2_PBMC_CCTTCCCTCCAATGGT	46.756512806561524	0.0	0.0	0.0	0.0	6.011888845200279	0.0	59.1957392749367	13.594197680561932	78.14742288935625	0.0	0.0	14.52304535662483	113.65869269545048	0.0	0.0	0.0	0.0	0.0	0.0	0.0	0.0	0.0	0.0	0.0	0.0	0.0	0.0	0.0	0.0	0.0	0.0	0.0
GSM4138112_HNSCC_2_PBMC_CGAGAAGGTGCCTGTG	87.18580869960304	50.0590753737348	96.44279472186507	0.0	17.462507374939634	7.33454497811447	0.0	0.0	11.603269083833002	46.896052015158254	0.0	0.0	6.387559466636795	0.0	57.27566065243932	0.0	0.0	0.0	0.0	0.0	0.0	0.0	0.0	0.0	0.0	0.0	0.0	0.0	0.0	0.0	0.0	0.0	0.0
GSM4138112_HNSCC_2_PBMC_CGAGCCAAGGTCATCT	75.16090828647805	86.92313332251851	28.05474994944123	0.0	0.0	0.0	0.0	0.0	3.3047426595888574	0.0	0.0	0.0	30.568144722746208	0.0	0.0	0.0	57.85434483355664	0.0	0.0	0.0	0.0	0.0	0.0	0.0	0.0	0.0	0.0	0.0	0.0	0.0	0.0	0.0	0.0
GSM4138112_HNSCC_2_PBMC_CGATCGGAGTACATGA	70.89284470021609	80.13980326753962	84.87580837631188	0.0	0.0	23.42619660263609	13.426737280505652	0.0	15.837863994385822	0.0	37.28966298735852	17.586740905020246	0.0	0.0	0.0	0.0	0.0	2.5835697834132367	0.0	0.0	0.0	0.0	0.0	0.0	0.0	0.0	0.0	0.0	0.0	0.0	0.0	0.0	0.0
GSM4138112_HNSCC_2_PBMC_CGCCAAGCAATGACCT	315.85629171191005	0.0	0.0	0.0	165.01404292761453	126.09053323740213	0.0	48.38465253762603	9.0588095105543	0.0	0.0	14.274151963424469	0.0	0.0	0.0	0.0	9.030221424942809	0.0	0.0	0.0	0.0	124.05612447971758	0.0	0.0	0.0	0.0	0.0	0.0	0.0	0.0	0.0	0.0	0.0
GSM4138112_HNSCC_2_PBMC_CGCCAAGGTCCGCTGA	131.887121754154	0.0	191.92103495867298	0.0	83.18630190732516	48.39437216885476	181.40502426599514	0.0	21.352496700603997	0.0	0.0	106.52430056555784	0.0	0.0	0.0	0.0	0.0	19.426448501618818	0.0	0.0	0.0	0.0	0.0	0.0	0.0	0.0	0.0	0.0	0.0	0.0	0.0	0.0	0.0
GSM4138112_HNSCC_2_PBMC_CGCTGGAAGTACCGGA	80.28421372524996	49.477225956698916	0.0	78.7642972021362	0.0	0.0	7.205835697442469	0.0	8.27950128688098	6.586941433575016	0.0	27.974638598673305	56.32499590486187	0.0	0.0	0.0	0.0	0.0	13.897158681188278	0.0	0.0	0.0	0.0	0.0	0.0	0.0	0.0	0.0	0.0	0.0	0.0	0.0	0.0
GSM4138112_HNSCC_2_PBMC_CGCTTCATCCGCGGTA	115.79523249109214	195.8560189016297	0.0	204.2891576648598	0.0	39.43255142675658	87.13210397738925	0.0	16.587681907902855	0.0	0.0	0.0	0.0	0.0	108.5738353820485	0.0	0.0	0.0	0.0	0.0	0.0	0.0	0.0	0.0	0.0	0.0	0.0	0.0	0.0	0.0	0.0	0.0	0.0
GSM4138112_HNSCC_2_PBMC_CGGACACGTTCAGTAC	93.72202252171125	0.0	76.38320726104588	0.0	0.0	25.32801802019376	0.0	22.302963891432682	23.198003183671933	169.62343081759644	0.0	0.0	0.0	0.0	56.36774625662713	0.0	0.0	0.0	0.0	0.0	0.0	0.0	0.0	0.0	0.0	0.0	0.0	0.0	0.0	0.0	0.0	0.0	0.0
GSM4138112_HNSCC_2_PBMC_CGGACGTTCCAAGTAC	104.5659314275313	0.0	115.98607324165783	0.0	0.0	23.868113324187014	123.51478368514947	0.0	17.60110582217652	0.0	0.0	65.0046438902071	0.0	0.0	0.0	0.0	16.544487609110472	0.0	0.0	0.0	0.0	0.0	0.0	0.0	0.0	0.0	0.0	0.0	0.0	0.0	0.0	0.0	0.0
GSM4138112_HNSCC_2_PBMC_CGTAGGCGTGTCTGAT	47.58280845194395	0.0	0.0	72.0823496731645	0.0	11.173267114160451	0.0	4.796476724918654	0.6208185634376907	29.461393145912087	0.0	2.3982958674757797	0.0	0.0	27.831808036665475	0.0	0.0	0.0	0.0	16.013713077416774	0.0	0.0	0.0	0.0	0.0	0.0	0.0	0.0	0.0	0.0	0.0	0.0	0.0
GSM4138112_HNSCC_2_PBMC_CGTTGGGCAAAGAATC	108.33453073132543	0.0	0.0	33.88769737295772	0.0	0.684712423177609	113.4411667683299	0.0	8.912125602702913	0.0	0.0	3.5943335018614113	0.0	0.0	0.0	0.0	19.585478904653346	0.0	0.0	0.0	0.0	0.0	0.0	0.0	0.0	0.0	0.0	0.0	0.0	0.0	0.0	0.0	0.0
GSM4138112_HNSCC_2_PBMC_CTAAGACAGATGAGAG	86.86951055595554	49.5852079280437	0.0	85.99058075223704	0.0	0.20594062553845052	0.0	0.0	2.268871243716998	46.06075572227545	0.0	0.0	11.203535155704909	0.0	0.0	0.0	48.469605320437864	0.0	0.0	0.0	0.0	0.0	0.0	0.0	0.0	0.0	0.0	0.0	0.0	0.0	0.0	0.0	0.0
GSM4138112_HNSCC_2_PBMC_CTACACCAGTGGACGT	65.6350129468753	201.36057559262753	80.24270730692108	0.0	0.0	25.18683154875182	0.0	0.0	9.352370838605871	0.0	0.0	0.0	0.0	0.0	88.88256854526793	0.0	0.0	0.0	0.0	0.0	0.0	0.0	34.53776501693855	0.0	0.0	0.0	0.0	0.0	0.0	0.0	0.0	0.0	0.0
GSM4138112_HNSCC_2_PBMC_CTACGTCGTCTTGCGG	95.54401305680891	148.44774160037312	0.0	121.61801521524009	0.0	35.850860854483514	0.0	74.31822679097151	20.78531991485824	0.0	0.0	0.0	0.0	0.0	0.0	0.0	0.0	0.0	0.0	0.0	0.0	0.0	0.0	0.0	0.0	0.0	0.0	0.0	0.0	0.0	0.0	0.0	0.0
GSM4138112_HNSCC_2_PBMC_CTCATTATCATCGGAT	57.45135074578239	0.0	0.0	0.0	0.0	28.99043219339727	93.78251804184275	0.0	13.595535358927066	0.0	0.0	0.0	0.0	45.75637368767222	0.0	105.25014504179717	0.0	0.0	0.0	0.0	0.0	0.0	0.0	50.60582426726467	0.0	0.0	0.0	0.0	0.0	0.0	0.0	0.0	0.0
GSM4138112_HNSCC_2_PBMC_CTCGAGGAGAAGGTGA	48.913198394056145	0.0	80.91600457559953	0.0	125.01107989230933	20.420963397811725	12.754937191163942	44.468292820695524	9.49054382215963	0.0	0.0	0.0	0.0	0.0	0.0	0.0	0.0	0.0	0.0	0.0	0.0	0.0	0.0	0.0	0.0	0.0	0.0	0.0	0.0	0.0	0.0	0.0	0.0
GSM4138112_HNSCC_2_PBMC_CTCGGGAGTACTCTCC	82.42679179742274	197.14446691424124	114.06530443126894	0.0	0.0	91.00734846530524	0.0	121.95713356906033	12.95205951827396	0.0	0.0	0.0	0.0	0.0	0.0	0.0	0.0	0.0	0.0	0.0	0.0	0.0	0.0	0.0	0.0	0.0	0.0	0.0	0.0	0.0	0.0	0.0	0.0
GSM4138112_HNSCC_2_PBMC_CTGATAGGTTACGCGC	56.498535893770445	68.87771191668448	0.0	125.50493766052455	43.09034898672306	19.403436592269887	0.0	0.0	15.092122076434427	0.0	78.80125127934222	0.0	0.0	0.0	0.0	0.0	0.0	0.0	0.0	0.0	0.0	0.0	0.0	0.0	0.0	0.0	0.0	0.0	0.0	0.0	0.0	0.0	0.0
GSM4138112_HNSCC_2_PBMC_CTGCCTAAGCCTCGTG	75.30183437643936	86.55835699312837	24.655367991252085	0.0	0.0	19.68742893601349	0.0	0.0	15.581756992603932	0.0	0.0	21.06860918641428	0.0	0.0	0.0	0.0	37.35507819454962	0.0	0.0	0.0	46.764808980361565	13.029713682398993	0.0	0.0	0.0	0.0	0.0	0.0	53.87868304388994	0.0	0.0	0.0	0.0
GSM4138112_HNSCC_2_PBMC_CTGCGGAGTCATTAGC	61.290408695940215	0.0	0.0	41.52913844872984	57.776929617552945	6.405534238463149	19.165688508986847	0.0	15.55070741154285	0.0	66.49129738006677	0.0	0.0	8.707249943270586	0.0	0.0	0.0	0.0	0.0	0.0	0.0	9.519942204839625	0.0	0.0	0.0	0.0	0.0	0.0	0.0	0.0	0.0	0.0	0.0
GSM4138112_HNSCC_2_PBMC_CTTAACTCACGGTTTA	93.4759241298974	132.36842105384073	119.39938626728494	0.0	0.0	21.822994996096227	0.0	25.193356692675657	19.686135315872743	0.0	0.0	0.0	0.0	0.0	0.0	0.0	0.0	0.0	0.0	0.4090627702075405	0.0	0.0	93.95802826386354	0.0	0.0	0.0	0.0	75.76440089331967	0.0	0.0	0.0	0.0	0.0
GSM4138112_HNSCC_2_PBMC_CTTCTCTTCGAGGTAG	101.21484165976125	137.30954030951688	115.33797585369	0.0	0.0	32.85238317532028	0.0	77.23769998797754	8.58718031983596	0.0	0.0	0.0	0.0	0.0	0.0	0.0	0.0	0.0	0.0	0.0	0.0	0.0	0.0	0.0	0.0	0.0	0.0	0.0	0.0	0.0	0.0	0.0	0.0
GSM4138112_HNSCC_2_PBMC_CTTTGCGCACACTGCG	42.76325686386781	44.400369126898326	0.0	0.0	0.0	14.916181416731423	0.0	50.14996968007676	4.241894364119763	46.58907223494963	0.0	0.0	0.0	45.78053434888041	0.0	58.325197516971635	0.0	0.0	0.0	0.0	0.0	0.0	0.0	0.0	0.0	0.0	0.0	0.0	0.0	0.0	0.0	0.0	0.0
GSM4138112_HNSCC_2_PBMC_GAAACTCAGGAATGGA	74.93431419230399	107.26236537098525	64.94242665013817	0.0	0.0	22.12806002051186	0.0	0.0	9.649819253108628	0.0	0.0	91.92612670801638	0.0	0.0	0.0	0.0	0.0	0.0	0.0	0.0	0.0	0.0	0.0	0.0	0.0	0.0	0.0	0.0	0.0	2.0150148267247054	0.0	0.0	0.0
GSM4138112_HNSCC_2_PBMC_GAATAAGGTCTCGTTC	160.2537806012374	136.1661037955178	113.99755643240172	0.0	0.0	24.979703987719727	0.0	0.0	31.55593054477026	0.0	27.539099144214255	28.45440459861155	0.0	0.0	0.0	0.0	57.19959682836793	0.0	0.0	0.0	0.0	0.0	0.0	0.0	0.0	0.0	0.0	0.0	0.0	0.0	0.0	0.0	0.0
GSM4138112_HNSCC_2_PBMC_GAATGAAGTGTCGCTG	148.07045729459753	159.2710265210204	97.71582650450074	49.962866383739296	57.58687418005891	59.44013281427955	4.416569005302696	139.64662897360745	20.032299009125744	0.0	0.0	0.0	0.0	0.0	0.0	0.0	0.0	0.0	0.0	0.0	0.0	0.0	0.0	0.0	0.0	0.0	0.0	0.0	0.0	0.0	0.0	0.0	0.0
GSM4138112_HNSCC_2_PBMC_GACACGCGTGGTTTCA	49.42548749656385	110.16484381172229	0.0	0.0	0.0	17.023225793995174	0.0	0.0	7.544913227622949	0.0	9.707435891790972	0.0	0.0	97.556415510039	0.0	0.0	0.0	0.0	54.17751526805547	0.0	0.0	0.0	0.0	0.0	0.0	0.0	0.0	0.0	0.0	0.0	0.0	0.0	0.0
GSM4138112_HNSCC_2_PBMC_GACAGAGTCTGTTTGT	32.4760761635377	111.19959921422573	0.0	0.0	0.0	0.0	0.0	0.0	10.218271745448778	0.0	0.0	0.0	18.04423224977885	0.0	36.65741035300098	0.0	0.0	0.0	0.0	36.760122922517795	0.0	54.51819841962476	0.0	0.0	0.0	0.0	0.0	0.0	0.0	0.0	0.0	0.0	0.0
GSM4138112_HNSCC_2_PBMC_GACCAATAGCCCAGCT	107.20684254309965	39.55460121625258	86.60956942628978	0.0	0.0	8.515019963582997	47.115825015590254	0.0	1.4902826968699787	0.0	0.0	0.0	0.0	0.0	0.0	0.0	0.0	0.0	0.0	0.0	0.0	0.0	0.0	84.75901610532564	0.0	0.0	0.0	0.0	0.0	0.0	0.0	0.0	0.0
GSM4138112_HNSCC_2_PBMC_GACTACAGTGCAACGA	50.642926728950144	84.5321395993219	0.0	0.0	0.0	14.922799846498332	0.0	0.0	5.909287520791205	0.0	0.0	0.0	0.0	0.0	0.0	0.0	0.0	99.36312629426685	0.0	0.0	0.0	0.0	0.0	0.0	86.67397327450031	0.0	0.0	0.0	0.0	0.0	0.0	0.0	0.0
GSM4138112_HNSCC_2_PBMC_GACTGCGCATACTCTT	77.74765350568352	93.56029462691994	0.0	0.0	0.0	1.5384807243884409	0.0	0.0	0.0	0.0	0.0	0.0	68.18879574659385	0.0	67.18359517002537	0.0	0.0	0.0	0.0	0.0	0.0	0.0	0.0	0.0	52.57749887272517	57.2465076716918	0.0	0.0	0.0	0.0	0.0	0.0	0.0
GSM4138112_HNSCC_2_PBMC_GATCGATCACGTGAGA	83.57390638457349	0.0	109.00556026294821	0.0	0.0	18.009425810324256	0.0	85.26490671902151	32.729314031338724	139.1990282098075	0.0	0.0	0.0	0.0	0.0	0.0	0.0	0.0	0.0	0.0	0.0	0.0	0.0	0.0	0.0	0.0	0.0	0.0	0.0	0.0	0.0	0.0	0.0
GSM4138112_HNSCC_2_PBMC_GATCGCGAGGTGGGTT	54.17701019931894	130.84612958225452	0.0	89.39654634497597	0.0	13.938939648300892	0.0	91.10664127022447	6.828075655370283	0.0	0.0	0.0	0.0	0.0	0.0	0.0	0.0	0.0	0.0	0.0	0.0	0.0	0.0	0.0	0.0	0.0	0.0	0.0	0.0	0.0	0.0	0.0	0.0
GSM4138112_HNSCC_2_PBMC_GATTCAGGTAGCGCAA	96.21228261186327	173.74618018324944	0.0	0.0	0.0	24.189677639121587	0.0	0.0	15.926791937395176	0.0	0.0	82.7287324773719	0.0	21.947936630547566	0.0	69.08792646478295	8.967460222345538	0.0	0.0	0.0	0.0	3.3762114418202254	0.0	0.0	0.0	0.0	0.0	28.1976994850984	0.0	0.0	0.0	0.0	0.0
GSM4138112_HNSCC_2_PBMC_GCACATAGTTCACCTC	35.90057362264287	100.60631218080064	0.0	13.656641508079217	0.0	0.0	0.0	1.8107638335354925	5.418883445087967	0.0	43.47554082452865	0.0	15.415346294418674	0.0	0.0	0.0	0.0	0.0	10.457859454570274	0.0	0.0	0.0	0.0	0.0	58.51885296824253	0.0	0.0	0.0	0.0	0.0	0.0	0.0	0.0
GSM4138112_HNSCC_2_PBMC_GCAGTTAAGGCTAGAC	84.22654418512616	116.92966882407366	0.0	0.0	0.0	28.529743264803056	0.0	0.0	17.917311653827497	82.15431365236881	0.0	0.0	0.0	150.2642933168678	29.60515402176943	0.0	52.05720153598752	0.0	0.0	0.0	0.0	0.0	0.0	0.0	0.0	0.0	0.0	0.0	0.0	0.0	0.0	0.0	0.0
GSM4138112_HNSCC_2_PBMC_GCATACACACGGCGTT	112.7516231514131	219.314834474471	0.0	127.05364732512378	0.0	58.91913051578171	0.0	0.0	14.751935688884679	0.0	0.0	0.0	0.0	0.0	11.584430756201339	0.0	91.4968608629652	0.0	0.0	0.0	0.0	0.0	0.0	0.0	0.0	0.0	0.0	0.0	0.0	0.0	0.0	0.0	0.0
GSM4138112_HNSCC_2_PBMC_GCATACACAGCAGTTT	42.421049490242744	0.0	66.0622940068254	0.0	0.0	25.49476963015283	99.24046635952824	0.0	9.884701974888305	0.0	0.0	0.0	0.0	0.0	0.0	0.0	0.0	0.0	0.0	0.0	0.0	0.0	24.861653409799196	6.256663263149498	0.0	0.0	0.0	0.0	0.0	0.0	0.0	0.0	0.0
GSM4138112_HNSCC_2_PBMC_GCATGATCACCGATAT	102.12217446545128	48.5388697530547	115.40801472348386	0.0	0.0	35.26029009962059	43.347061303769046	0.0	22.462373590735	0.0	17.987568960439265	0.0	0.0	0.0	0.0	0.0	0.0	0.0	0.0	22.151853142623146	0.0	0.0	0.0	0.0	0.0	0.0	0.0	0.0	0.0	44.52506263296994	0.0	0.0	0.0
GSM4138112_HNSCC_2_PBMC_GCATGATCACTGTTAG	51.852825485971856	112.02857506416854	0.0	0.0	0.0	42.79550356553717	13.406800137847595	0.0	2.643185820867713	0.0	0.0	44.13674584203698	0.0	76.80284221854042	0.0	0.0	0.0	0.0	0.0	0.0	0.0	0.0	0.0	0.0	0.0	0.0	0.0	0.0	0.0	0.0	20.04784823349039	0.0	0.0
GSM4138112_HNSCC_2_PBMC_GCATGATCATCACCCT	54.096087918515515	0.0	55.574408241545235	0.0	66.74049269808035	10.407286926483518	10.101436820692497	0.0	12.625908338817199	49.23589590181097	0.0	0.0	0.0	0.0	0.0	0.0	0.0	67.07311601952804	0.0	0.0	0.0	0.0	0.0	0.0	0.0	0.0	0.0	0.0	0.0	0.0	0.0	0.0	0.0
GSM4138112_HNSCC_2_PBMC_GCATGCGAGCTGATAA	66.23201274286966	180.73942565920962	0.0	142.19627780928184	0.0	24.082490837930276	0.0	84.68300409700403	9.302062156327809	0.0	0.0	0.0	0.0	0.0	0.0	0.0	0.0	0.0	0.0	0.0	0.0	0.0	0.0	0.0	0.0	0.0	0.0	0.0	0.0	0.0	0.0	0.0	0.0
GSM4138112_HNSCC_2_PBMC_GCATGCGCAATCGGTT	31.628442424379745	0.0	0.0	37.61399307512834	77.790301701186	0.0	0.0	0.0	12.321234290757562	0.0	0.0	0.0	24.11281111970806	0.0	0.0	0.0	0.0	0.0	0.0	0.0	0.0	0.0	123.38239201233563	0.0	0.0	0.0	0.0	0.0	0.0	0.0	0.0	0.0	0.0
GSM4138112_HNSCC_2_PBMC_GCGACCAGTCATTAGC	106.68344153198196	209.18257263797514	0.0	0.0	0.0	46.96749581760805	0.0	137.06501000194146	21.92347797301164	0.0	0.0	0.0	0.9418530416743616	0.0	0.0	0.0	0.0	0.0	0.0	0.0	0.0	178.1822647102756	0.0	0.0	0.0	0.0	0.0	0.0	0.0	0.0	0.0	0.0	0.0
GSM4138112_HNSCC_2_PBMC_GCGAGAATCGCCTGAG	83.37502007949158	142.81422505719084	0.0	41.946806081248326	0.0	30.340123483040333	0.0	0.0	9.080916686955259	49.719003658462896	0.0	2.174087579184189	0.0	0.0	0.0	0.0	3.3645550429628415	0.0	0.0	0.0	0.0	0.0	0.0	6.453849870111599	0.0	0.0	0.0	0.0	0.0	65.7337710477016	0.0	73.04322064486243	0.0
GSM4138112_HNSCC_2_PBMC_GCTCTGTCACGGTAAG	37.067853847973225	0.0	0.0	72.34351988236172	8.840757972737011	32.98180729408657	51.03137606195182	74.57974093354356	7.907875086706279	0.0	0.0	0.0	0.0	0.0	0.0	0.0	0.0	0.0	31.576477696702682	0.0	0.0	0.0	0.0	0.0	0.0	0.0	0.0	0.0	0.0	0.0	0.0	0.0	0.0
GSM4138112_HNSCC_2_PBMC_GCTGCAGAGTGCCATT	67.91566456311556	0.0	51.73683990135903	0.0	66.33346829184264	20.882390069940364	22.616715975566592	0.0	3.370701267331131	0.0	78.1077982836425	0.0	0.0	0.0	0.0	0.0	0.0	0.0	0.0	0.0	0.0	0.0	0.0	0.0	0.0	0.0	25.255255986499662	0.0	0.0	0.0	0.0	0.0	0.0
GSM4138112_HNSCC_2_PBMC_GGACAAGGTAGATTAG	169.48085452712323	189.64399211535246	0.0	199.87265403279517	0.0	34.647156968253505	41.38652131779032	0.0	15.585606978737015	0.0	0.0	19.15996215346943	0.0	0.0	0.0	0.0	0.0	66.28872415559559	0.0	0.0	0.0	0.0	7.340729380983129	0.0	0.0	0.0	0.0	0.0	0.0	0.0	0.0	0.0	0.0
GSM4138112_HNSCC_2_PBMC_GGAGCAAAGATGGGTC	90.44225379561631	193.1029415576248	155.97613152518838	0.0	0.0	40.33878736879925	0.0	0.0	19.51983422165982	0.0	0.0	0.0	0.0	0.0	0.0	0.0	0.0	0.0	0.0	108.0926396138157	0.0	0.0	0.0	0.0	0.0	0.0	0.0	0.0	0.0	0.0	0.0	0.0	0.0
GSM4138112_HNSCC_2_PBMC_GGCAATTTCATCATTC	105.58045750266952	80.53850209421256	0.0	68.91062924451774	66.6502950212436	13.57314440203099	0.0	0.0	3.653082722237838	0.0	0.0	16.169788386614954	0.0	0.0	0.0	0.0	63.87589928444053	0.0	0.0	0.0	0.0	0.0	0.0	0.0	0.0	0.0	0.0	0.0	0.0	0.0	0.0	0.0	0.0
GSM4138112_HNSCC_2_PBMC_GGGCACTCAATGGACG	117.53813396292293	4.963860594731866	0.0	182.1110697687741	173.96009490876952	34.29720071305571	0.0	0.0	19.097885480904182	0.0	57.58571295223843	8.465043595398711	0.0	0.0	0.0	0.0	0.0	0.0	0.0	0.0	0.0	0.0	0.0	0.0	0.0	0.0	0.0	0.0	0.0	0.0	0.0	0.0	0.0
GSM4138112_HNSCC_2_PBMC_GGGTTGCGTACATCCA	85.49628693946558	135.10159738542433	0.0	99.97872354180777	0.0	16.77442164499179	0.0	0.0	5.784326325519942	0.0	58.080153951581565	0.0	0.0	0.0	0.0	0.0	0.0	0.0	0.0	0.0	0.0	0.0	0.0	0.0	0.0	0.0	0.0	0.0	0.0	0.0	0.0	0.0	0.0
GSM4138112_HNSCC_2_PBMC_GTAACGTGTATAATGG	50.18980128956181	89.18714453996805	0.0	0.0	0.0	16.537536815396766	0.0	0.0	7.915305639637536	0.0	0.0	0.0	0.0	0.0	0.0	0.0	0.0	0.0	57.69899156820281	0.0	0.0	0.0	0.0	0.0	70.31682697811088	0.0	0.0	47.26076306446826	0.0	4.085137285817638	0.0	0.0	0.0
GSM4138112_HNSCC_2_PBMC_GTCCTCAAGCTCCCAG	37.49741521955309	7.00018760415933	64.70198167735828	0.0	0.0	22.980930756762444	9.472741583618077	0.0	1.6288368273196807	47.29519655579184	0.0	0.0	0.0	0.0	0.0	0.0	0.0	0.0	0.0	143.15860753818706	0.0	0.0	0.0	0.0	0.0	0.0	0.0	0.0	0.0	0.0	0.0	0.0	0.0
GSM4138112_HNSCC_2_PBMC_GTCCTCAGTAGCGTAG	57.500829034147436	85.97811338222824	0.0	0.0	0.0	22.623189147045007	0.0	0.0	6.325528345862979	0.0	0.0	0.0	0.0	0.0	0.0	41.02329830350845	0.0	0.0	59.66979652137333	0.0	0.0	0.0	0.0	0.0	0.0	0.0	0.0	0.0	0.0	0.0	0.0	0.0	0.0
GSM4138112_HNSCC_2_PBMC_GTCCTCAGTGCGGTAA	92.184946181158	135.63091084339217	57.62100426313594	0.0	0.0	23.766970390294016	0.0	0.0	11.175124920319591	0.0	0.0	0.0	0.0	41.070750097751244	83.44841906084375	0.0	0.0	0.0	0.0	0.0	0.0	0.0	0.0	0.0	0.0	0.0	0.0	0.0	0.0	0.0	0.0	0.0	0.0
GSM4138112_HNSCC_2_PBMC_GTCGGGTGTAAGTGGC	90.42117396941119	160.49658556591422	119.70693131839643	0.0	0.0	0.0	0.0	0.0	20.326738362273783	0.0	0.0	0.0	14.015707973445387	0.0	97.83719443772007	0.0	0.0	0.0	0.0	0.0	0.0	0.0	0.0	0.0	0.0	0.0	0.0	0.0	0.0	0.0	0.0	0.0	0.0
GSM4138112_HNSCC_2_PBMC_GTCGTAAAGTACACCT	60.39980872526718	87.659999105287	108.4599505287605	0.0	0.0	18.255180659476878	0.0	0.0	30.971997828664023	66.87729034009797	0.0	0.0	0.0	0.0	0.0	0.0	19.630523535029987	0.0	0.0	0.0	0.0	0.0	41.38673432724824	0.0	0.0	0.0	0.0	0.0	0.0	0.0	0.0	0.0	0.0
GSM4138112_HNSCC_2_PBMC_GTGGGTCTCTTAACCT	152.18283592622168	405.54586460045317	168.3946482596945	0.0	0.0	0.0	0.0	0.0	30.130164098499527	0.0	0.0	0.0	34.04038604802563	0.0	0.0	0.0	0.0	0.0	23.569321480607396	151.75788598424566	0.0	0.0	0.0	0.0	0.0	0.0	0.0	0.0	0.0	0.0	0.0	0.0	0.0
GSM4138112_HNSCC_2_PBMC_GTGTGCGAGCCGCCTA	56.884413831719925	174.65696365278356	139.52016959137995	0.0	0.0	5.961028926872661	0.0	0.0	19.96512750183607	0.0	14.314012104927082	18.840008458714347	0.0	0.0	0.0	0.0	50.34199689653229	0.0	0.0	0.0	0.0	0.0	0.0	0.0	0.0	0.0	0.0	0.0	0.0	0.0	0.0	0.0	0.0
GSM4138112_HNSCC_2_PBMC_GTTCTCGAGTAACCCT	88.30723524048125	115.75201533697206	63.35804186604175	40.939436922189614	0.0	0.0	0.0	0.0	4.92802644768426	0.0	90.70366883826917	0.0	40.112545148528824	0.0	0.0	0.0	0.0	0.0	0.0	0.0	0.0	0.0	0.0	0.0	0.0	0.0	0.0	0.0	0.0	0.0	0.0	0.0	0.0
GSM4138112_HNSCC_2_PBMC_TAAGCGTCAGACGCCT	54.59223331928166	66.15495683526676	179.2727921627842	0.0	0.0	59.23544036769579	0.0	18.307683508912767	11.257329573226285	0.0	0.0	11.823075204154922	0.0	0.0	0.0	0.0	0.0	0.0	0.0	17.328732033150185	0.0	0.0	0.0	0.0	0.0	0.0	0.0	0.0	5.491733300702417	0.0	0.0	0.0	0.0
GSM4138112_HNSCC_2_PBMC_TACGGTATCAGCCTAA	74.8860648563773	0.0	127.69804327181886	0.0	107.2375656724546	13.625147229040843	52.1929629150145	98.94309448231996	13.27829474504772	0.0	18.12101887296181	0.0	20.782779132011598	0.0	0.0	0.0	0.0	0.0	0.0	0.0	0.0	0.0	0.0	0.0	0.0	0.0	0.0	0.0	0.0	0.0	0.0	0.0	0.0
GSM4138112_HNSCC_2_PBMC_TAGCCGGGTTCATGGT	47.38225459980767	116.43894943916237	55.263565395873755	0.0	0.0	0.0	0.0	34.41303200020513	8.780450228283195	0.0	0.0	0.0	13.552639499163401	0.0	0.0	0.0	0.0	0.0	0.0	0.0	0.0	0.0	0.0	0.0	0.0	0.0	0.0	0.0	0.0	0.0	0.0	0.0	0.0
GSM4138112_HNSCC_2_PBMC_TAGTGGTAGGATGGAA	47.75396437899543	0.0	0.0	95.75272372106467	0.0	0.0	85.82008636552027	0.0	20.869401241831707	0.0	34.88805176260348	0.0	17.796917114685588	0.0	0.0	0.0	0.0	0.0	0.0	0.0	0.0	0.0	0.0	0.0	0.0	0.0	0.0	0.0	0.0	0.0	0.0	0.0	0.0
GSM4138112_HNSCC_2_PBMC_TAGTTGGGTCCATGAT	154.26188661412263	0.0	0.0	0.0	97.1516207904472	66.6572609680982	0.0	0.0	29.87908648106633	82.74934948154907	0.0	0.0	0.0	0.0	40.97328261117586	0.0	49.441666759409905	0.0	0.0	0.0	0.0	0.0	0.0	0.0	0.0	218.17425070828904	0.0	0.0	0.0	0.0	0.0	0.0	0.0
GSM4138112_HNSCC_2_PBMC_TATTACCCAGCTGTAT	146.00356356271791	312.3424779277071	219.28472325414964	0.0	0.0	54.13637832679459	0.0	0.0	43.23411716372377	0.0	0.0	0.0	0.0	0.0	0.0	0.0	0.0	66.34174563077268	76.05502835115608	0.0	0.0	0.0	0.0	0.0	0.0	0.0	0.0	0.0	0.0	0.0	0.0	0.0	0.0
GSM4138112_HNSCC_2_PBMC_TCATTTGGTGTGGTTT	105.28164199307136	121.25456108658794	0.0	120.70736271014289	0.0	32.46909840195827	0.9756278292941479	0.0	29.939196861577898	0.0	87.93184033018467	0.0	0.0	0.0	0.0	0.0	0.0	0.0	0.0	46.88983512222909	0.0	0.0	0.0	0.0	0.0	0.0	0.0	0.0	0.0	0.0	0.0	0.0	0.0
GSM4138112_HNSCC_2_PBMC_TCATTTGGTTGGAGGT	67.96925180086379	0.0	16.63635110570372	66.04305365639436	108.98962750292104	24.898393169823457	0.0	0.0	27.58024185953144	0.0	0.0	0.0	0.0	0.0	0.0	0.0	0.0	6.408879266217196	41.082320498015925	0.0	0.0	0.0	0.0	0.0	0.0	0.0	0.0	0.0	0.0	0.0	0.0	0.0	0.0
GSM4138112_HNSCC_2_PBMC_TCTCATAGTCTGCGGT	87.3420117907625	0.0	100.67132667447353	0.0	132.0696156408144	28.267856588787843	28.69598874075378	53.24383691412985	19.293492004930723	0.0	0.0	45.90488113155728	0.0	0.0	0.0	0.0	0.0	0.0	0.0	0.0	0.0	0.0	0.0	0.0	0.0	0.0	0.0	0.0	0.0	0.0	0.0	0.0	0.0
GSM4138112_HNSCC_2_PBMC_TCTCATAGTTTGTGTG	95.70295458723608	0.0	0.0	84.04689257504182	71.58401391563564	2.640175131160089	0.0	0.0	16.72817591956655	0.0	53.033624953608545	0.0	4.6757809286402185	0.0	0.0	0.0	29.17953254248519	0.0	0.0	0.0	0.0	0.0	0.0	0.0	0.0	0.0	0.0	0.0	0.0	0.0	0.0	0.0	0.0
GSM4138112_HNSCC_2_PBMC_TCTTTCCTCGAGAGCA	66.19493905379355	100.08703673122484	0.0	0.0	0.0	20.52676051896255	0.0	0.0	11.333944803722225	0.0	0.0	0.0	0.0	67.05818530841923	0.0	0.0	0.0	0.0	0.0	79.4964431947081	0.0	0.0	0.0	0.0	1.547802100713058	0.0	0.0	0.0	0.0	0.0	0.0	0.0	0.0
GSM4138112_HNSCC_2_PBMC_TGAAAGATCACGCGGT	50.60395305346382	80.04965009422205	25.75119451248758	0.0	0.0	11.754142316124245	0.0	0.0	3.389956489731195	0.0	0.0	0.0	0.0	0.0	0.0	0.0	67.70514510264078	0.0	0.0	0.0	0.0	0.0	0.0	0.0	0.0	0.0	0.0	0.0	0.0	0.0	0.0	0.0	0.0
GSM4138112_HNSCC_2_PBMC_TGACTAGAGAAACCTA	116.56495337646736	38.67099099769669	142.39947761148795	18.958303395033145	81.82501207571698	12.391827354328775	0.0	0.0	22.745463940332524	166.59441374109707	0.0	0.0	42.26660105087827	0.0	194.25923851279413	0.0	0.0	0.0	0.0	0.0	0.0	0.0	0.0	0.0	0.0	0.0	0.0	0.0	0.0	0.0	0.0	0.0	0.0
GSM4138112_HNSCC_2_PBMC_TGACTTTAGGATATAC	65.2508878999867	0.0	0.0	54.54071767280287	0.0	18.748373056328237	32.33527835545914	0.0	1.4374044064204672	96.29679420870934	0.0	0.0	0.0	0.0	0.0	0.0	0.0	0.0	0.0	0.0	0.0	0.0	0.0	92.20720833913971	0.0	0.0	42.38239046212672	0.0	0.0	0.0	0.0	0.0	0.0
GSM4138112_HNSCC_2_PBMC_TGCACCTTCTAGCACA	54.97541611456126	83.83807434219013	0.0	63.45043515503644	0.0	13.759409684010912	0.0	0.0	8.179430981963613	0.0	0.0	0.0	0.0	0.0	0.0	0.0	62.95342041026347	0.0	0.0	0.0	0.0	0.0	0.0	0.0	0.0	0.0	0.0	0.0	0.0	0.0	0.0	0.0	0.0
GSM4138112_HNSCC_2_PBMC_TGCCCTACACTGAAGG	76.63356644170332	0.0	149.69076778738798	0.0	67.88663991881498	40.746982045351956	108.96377100886683	0.0	20.984161952812414	0.0	0.0	17.628042693213892	0.0	0.0	0.0	0.0	47.411946474516995	0.0	0.0	0.0	0.0	0.0	0.0	0.0	0.0	0.0	0.0	0.0	0.0	0.0	0.0	0.0	0.0
GSM4138112_HNSCC_2_PBMC_TGCCCTAGTAGCCTCG	70.11003316901788	8.641386895361412	0.0	0.0	44.979825371695306	0.0	19.002013841951737	0.0	8.358445463710275	55.42552330735621	0.0	0.0	55.93969258736244	0.0	0.0	0.0	0.0	95.98724593373674	1.989225794092749	0.0	0.0	0.0	0.0	0.0	169.48625981889424	0.0	0.0	0.0	0.0	0.0	0.0	0.0	0.0
GSM4138112_HNSCC_2_PBMC_TGCCCTAGTTTCGCTC	67.74918510970842	166.3190919840546	29.133680792543156	31.59776064259485	0.0	21.525231946639195	0.0	20.563458125288818	1.7105403576205072	0.0	0.0	0.0	0.0	0.0	58.54850269863709	0.0	0.0	0.0	0.0	0.0	0.0	0.0	0.0	0.0	0.0	0.0	0.0	0.0	0.0	0.0	0.0	0.0	0.0
GSM4138112_HNSCC_2_PBMC_TGCGGGTTCACATACG	59.61974983541189	43.08688031866881	4.149425954622767	121.82600970429839	41.9554762161197	19.117069939293685	0.0	0.0	11.322599540818537	95.20616981873144	0.0	0.0	0.0	0.0	44.49031885968054	0.0	82.28488210439826	0.0	0.0	0.0	0.0	0.0	0.0	0.0	0.0	0.0	0.0	0.0	0.0	0.0	0.0	0.0	0.0
GSM4138112_HNSCC_2_PBMC_TGGCGCATCTGCCCTA	60.43083900342212	57.52639844210403	0.0	0.0	0.0	35.38069272415558	0.0	0.0	5.742353977707895	0.0	0.0	0.0	0.0	0.0	0.0	56.82622927408941	0.0	0.0	54.66217473262495	0.0	0.0	0.0	0.0	0.0	0.0	0.0	0.0	0.0	0.0	0.0	0.0	0.0	0.0
GSM4138112_HNSCC_2_PBMC_TGGGAAGAGAAACGAG	42.82738501567196	19.731699426700228	0.0	29.998901830389116	0.0	22.1842230490353	0.0	47.670360553775254	17.19102921177735	164.6720178842833	0.0	0.0	0.0	0.0	0.0	22.88809936641592	0.0	0.0	0.0	0.0	15.8374635206332	0.0	43.53718532792172	0.0	0.0	0.0	0.0	0.0	0.0	0.0	0.0	0.0	0.0
GSM4138112_HNSCC_2_PBMC_TGGTTAGAGGCCGAAT	37.025198944745114	0.0	0.0	96.88191289331088	29.555203235545005	16.63307452829479	0.0	58.18681540552796	3.81475615943882	0.0	46.16532437545788	0.0	7.732153184058424	0.0	0.0	0.0	0.0	0.0	0.0	0.0	0.0	0.0	0.0	0.0	0.0	0.0	0.0	0.0	0.0	0.0	0.0	0.0	0.0
GSM4138112_HNSCC_2_PBMC_TGGTTAGCATTAACCG	76.55947226800843	21.71502406044941	67.43299317843918	0.0	0.0	17.210185331123455	93.61382780917074	0.0	6.165798663909918	0.0	10.499429698420958	0.0	0.0	0.0	20.417001828605436	0.0	0.0	0.0	0.0	19.848947516125403	0.0	0.0	0.0	0.0	0.0	0.0	0.0	0.0	0.0	3.5015408193600557	0.0	0.0	0.0
GSM4138112_HNSCC_2_PBMC_TTAGGACTCTATCCTA	80.58342980064421	141.67995106698478	0.0	0.0	0.0	33.62495693552381	0.7529335537895805	0.0	21.80881874977405	46.79757087876308	0.0	0.0	0.0	0.0	0.0	185.698422662819	0.0	0.0	0.8441582414135848	109.49492821333759	0.0	0.0	0.0	0.0	0.0	0.0	0.0	0.0	0.0	0.0	0.0	0.0	0.0
GSM4138112_HNSCC_2_PBMC_TTCCCAGCAAGTCATC	155.52091489214024	0.0	166.80067049854458	0.0	0.0	39.66286946140898	0.0	0.0	39.78664578472666	201.49118178035616	0.0	0.0	0.0	0.0	16.807420659849186	0.0	0.0	0.0	0.0	0.0	0.0	0.0	82.98987175012047	0.0	0.0	0.0	0.0	0.0	0.0	0.0	0.0	0.0	0.0
GSM4138112_HNSCC_2_PBMC_TTCGAAGAGGCTATCT	49.53444878743715	55.06422364815208	96.6165006477117	0.0	0.0	20.711964502630476	0.0	25.757334442978763	7.16832716306539	35.01592860209244	0.0	0.0	0.0	0.0	0.0	0.0	0.0	0.0	0.0	0.0	0.0	0.0	0.0	0.0	0.0	0.0	0.0	0.0	0.0	0.0	0.0	0.0	0.0
GSM4138112_HNSCC_2_PBMC_TTCTACATCCTCATTA	105.67425480778317	118.58926739591283	0.0	0.0	26.481966402670974	43.16266570753704	10.865047836688325	120.65707835682532	13.896895627640808	0.0	0.0	0.0	0.0	0.0	0.0	142.95300719938638	0.0	0.0	0.0	0.0	0.0	0.0	0.0	0.0	0.0	0.0	0.0	0.0	0.0	0.0	0.0	0.0	0.0
GSM4138112_HNSCC_2_PBMC_TTCTCAAAGGCTCAGA	98.59232255573102	19.123804347047624	0.0	155.61990171883244	11.69650142702926	19.64249283204815	114.93145791784131	58.434591323867835	28.127704739609538	0.0	0.0	0.0	0.0	0.0	0.0	0.0	13.601302424099353	0.0	0.0	0.0	0.0	0.0	0.0	0.0	0.0	0.0	0.0	0.0	0.0	0.0	0.0	0.0	0.0
GSM4138112_HNSCC_2_PBMC_TTGCCGTGTCAGATAA	41.468738429446105	0.0	82.14644838294683	0.0	83.54621167968878	10.288649587632522	0.0	0.0	2.0091473670531106	0.0	0.0	0.0	0.0	0.0	0.0	0.0	0.0	72.28886318053232	0.0	0.0	0.0	0.0	0.0	0.0	0.0	0.0	0.0	0.0	0.0	0.0	0.0	0.0	0.0
GSM4138112_HNSCC_2_PBMC_TTGGAACCAGTCTTCC	34.48441702665807	85.36691994126514	0.0	105.70916036782072	0.0	0.0	0.0	0.0	8.559945790605859	0.0	0.0	0.0	14.937838390782211	0.0	0.0	0.0	0.0	0.0	0.0	0.0	0.0	0.0	32.47275968994614	0.0	0.0	0.0	0.0	0.0	0.0	0.0	0.0	0.0	0.0
GSM4138112_HNSCC_2_PBMC_TTGGCAAAGATGTGGC	36.516056891651914	0.0	0.0	82.77375378913031	0.0	23.60565326103283	49.71100902909254	0.0	11.863276464804969	16.683342470793953	0.0	15.25591125622869	0.0	0.0	33.335621582268544	0.0	0.0	0.0	0.0	0.0	0.0	0.0	0.0	25.95546648982081	0.0	0.0	0.0	0.0	0.0	0.0	0.0	0.0	0.0
GSM4138112_HNSCC_2_PBMC_TTGGCAAGTTCCCTTG	54.7088415565337	0.0	119.07563704631401	0.0	0.0	37.05897428782201	0.0	0.0	15.3893558907162	109.90487331856859	0.0	33.0475788112402	0.0	0.0	0.0	0.0	30.554712613531155	0.0	0.0	0.0	0.0	0.0	7.185225244388599	0.0	0.0	0.0	0.0	0.0	0.0	0.0	0.0	0.0	0.0
GSM4138112_HNSCC_2_PBMC_TTTATGCGTACCTACA	64.20541728993146	0.0	0.0	57.81660721084514	64.29238144418855	5.205673078233945	0.0	27.15179619843431	1.786810831295509	0.0	0.0	0.0	0.0	0.0	17.217721067147263	0.0	0.0	0.0	0.0	0.0	0.0	0.0	0.0	0.0	0.0	0.0	0.0	0.0	0.0	0.0	0.0	0.0	0.0
GSM4138112_HNSCC_2_PBMC_TTTGTCATCCGTACAA	93.24283523148941	0.0	104.67020960336389	0.0	6.098426847439814	27.096849664700997	103.3365845911562	0.0	31.342622832366054	0.0	0.0	39.61034205378606	0.0	0.0	0.0	0.0	19.468269749125366	0.0	0.0	0.0	0.0	0.0	27.18337281844102	0.0	0.0	0.0	0.0	0.0	0.0	0.0	0.0	0.0	0.0
GSM4138112_HNSCC_2_PBMC_AAATGCCTCCGTTGTC	167.18348457914658	209.9873311753177	0.0	0.0	0.0	62.20950768111629	0.0	0.0	30.646597185697136	0.0	0.0	0.0	0.0	177.53917215641917	0.0	0.0	0.0	158.45245562417855	0.0	0.0	0.0	0.0	0.0	0.0	0.0	65.48202609977626	0.0	0.0	0.0	0.0	0.0	0.0	0.0
GSM4138112_HNSCC_2_PBMC_AACACGTCACACGCTG	147.0392769467729	17.05230414978586	302.63589507932465	0.0	34.11056878264722	46.53463430174188	165.7367337462832	178.4521171440381	42.94728014181419	0.0	0.0	0.0	0.0	0.0	0.0	0.0	0.0	0.0	0.0	0.0	0.0	0.0	0.0	0.0	0.0	0.0	0.0	0.0	0.0	0.0	0.0	0.0	0.0
GSM4138112_HNSCC_2_PBMC_AACTCTTCATGAACCT	132.68947781723037	181.43962191621324	0.0	169.74520454802573	0.0	0.0	0.0	0.0	45.56122859990908	0.0	0.0	102.9319501039838	35.17183289866914	0.0	0.0	0.0	13.176962100353212	0.0	0.0	0.0	0.0	0.0	0.0	0.0	0.0	0.0	0.0	0.0	0.0	0.0	0.0	0.0	0.0
GSM4138112_HNSCC_2_PBMC_AACTCTTTCGCATGGC	183.3696142170368	0.0	193.14417081692602	0.0	309.67395195473125	66.97493051082577	0.0	0.0	24.52295190588921	0.0	0.0	0.0	0.0	0.0	0.0	0.0	0.0	0.0	135.1640246862615	0.0	0.0	0.0	0.0	0.0	0.0	0.0	0.0	0.0	92.1302774724568	0.0	0.0	0.0	0.0
GSM4138112_HNSCC_2_PBMC_AAGACCTCAACTGCGC	145.55007441813507	0.0	211.43376557637566	0.0	276.96391733754706	55.53040368001956	0.0	207.5216923404623	27.16428729019638	0.0	0.0	0.0	0.0	0.0	0.0	0.0	0.0	0.0	0.0	0.0	0.0	0.0	0.0	0.0	0.0	0.0	0.0	0.0	0.0	0.0	0.0	0.0	0.0
GSM4138112_HNSCC_2_PBMC_AAGCCGCCACGCCAGT	132.48424302439358	226.54919573070137	145.97766003135322	0.0	0.0	0.0	0.0	186.8089355545078	24.49435549180444	0.0	0.0	0.0	30.009813458968537	0.0	0.0	0.0	0.0	0.0	0.0	0.0	0.0	0.0	0.0	0.0	0.0	0.0	0.0	0.0	0.0	0.0	0.0	0.0	0.0
GSM4138112_HNSCC_2_PBMC_AAGCCGCGTGCGGTAA	96.64110171958181	81.47294400786154	0.0	204.19544088344523	0.0	46.597067987584566	106.6955811389204	55.56745256454265	24.485797708760305	0.0	10.397065121455629	0.0	0.0	0.0	0.0	0.0	0.0	0.0	32.097862952726814	0.0	0.0	0.0	0.0	0.0	0.0	0.0	0.0	0.0	0.0	0.0	0.0	0.0	0.0
GSM4138112_HNSCC_2_PBMC_AAGGTTCGTGTAAGTA	77.27493999393418	123.70057378928387	0.0	96.48836803190426	0.0	33.57493233511212	0.0	0.0	28.44507005013117	0.0	44.18026366200454	0.0	0.0	0.0	0.0	0.0	0.0	0.0	0.0	39.33183654212109	0.0	0.0	0.0	0.0	0.0	0.0	0.0	0.0	0.0	0.0	0.0	0.0	0.0
GSM4138112_HNSCC_2_PBMC_ACGAGCCAGAGGTTGC	182.96517246965658	189.7984456438731	0.0	195.89509317901886	0.0	29.292589509882742	0.0	0.0	21.43075294615161	0.0	126.4888296051181	14.700573192653605	4.227352135850404	0.0	0.0	0.0	0.0	0.0	0.0	0.0	0.0	0.0	0.0	0.0	0.0	0.0	0.0	0.0	0.0	0.0	0.0	0.0	0.0
GSM4138112_HNSCC_2_PBMC_ACTGCTCGTCTCCCTA	86.36233991528587	0.0	153.5147073066372	0.0	334.1861172577567	32.295423911458634	0.0	0.0	25.846192808351542	0.0	0.0	33.13726242855139	11.225619930648373	0.0	0.0	0.0	0.0	132.6396916090034	0.0	0.0	0.0	0.0	0.0	0.0	0.0	0.0	0.0	0.0	0.0	0.0	0.0	0.0	0.0
GSM4138112_HNSCC_2_PBMC_ACTGCTCTCTGCCCTA	119.83782626282506	0.0	0.0	0.0	94.68994385180734	29.99866303577953	188.59869284582211	151.0700503468285	44.67543888725098	0.0	0.0	0.0	0.0	0.0	0.0	275.9626587270519	0.0	0.0	0.0	0.0	0.0	0.0	0.0	0.0	0.0	0.0	0.0	0.0	0.0	0.0	0.0	0.0	0.0
GSM4138112_HNSCC_2_PBMC_ACTTACTCAATTGCTG	117.6427106472747	30.525787835024516	174.92762004170578	0.0	130.7941124058668	37.20360541162464	27.284988943313788	129.67362077715072	22.202943011009243	0.0	0.0	0.0	0.0	0.0	0.0	0.0	0.0	0.0	0.0	0.0	0.0	0.0	0.0	0.0	0.0	0.0	0.0	0.0	0.0	0.0	0.0	0.0	0.0
GSM4138112_HNSCC_2_PBMC_AGCAGCCCAAACTGCT	99.34799009412147	0.0	0.0	212.71923974615703	45.959262523470315	33.56020731457146	191.27146013826007	82.21457608061293	15.807538942891263	0.0	0.0	0.0	0.0	0.0	0.0	0.0	0.0	0.0	1.7039725779749788	0.0	0.0	0.0	0.0	0.0	0.0	0.0	0.0	0.0	0.0	0.0	0.0	0.0	0.0
GSM4138112_HNSCC_2_PBMC_AGCGTCGCAAATACAG	77.92015176913301	0.0	191.7228547515812	0.0	244.44899847665044	13.292265836996886	0.0	0.0	29.315295119198144	0.0	0.0	98.64636747257636	33.84717057614007	0.0	0.0	0.0	0.0	0.0	0.0	0.0	0.0	0.0	0.0	0.0	0.0	0.0	71.27067210838143	0.0	0.0	0.0	0.0	0.0	0.0
GSM4138112_HNSCC_2_PBMC_AGTTGGTGTACTTGAC	97.20026361019555	209.1222837662817	0.0	88.08416078025311	0.0	43.30021243869799	0.0	0.0	36.35842685047848	0.0	0.0	0.0	0.0	0.0	91.65746905447119	0.0	0.0	0.0	0.0	0.0	0.0	0.0	0.0	0.0	0.0	0.0	0.0	0.0	0.0	0.0	0.0	0.0	0.0
GSM4138112_HNSCC_2_PBMC_ATCCGAATCTGCTTGC	138.3578822855216	197.8978979558629	0.0	250.44051606941198	0.0	0.0	0.0	0.0	18.765948413723443	0.0	123.17607836946272	0.0	42.53201820988347	0.0	0.0	0.0	0.0	0.0	0.0	0.0	0.0	0.0	0.0	0.0	0.0	0.0	0.0	0.0	0.0	0.0	0.0	0.0	0.0
GSM4138112_HNSCC_2_PBMC_ATCGAGTTCTGGAGCC	99.63262248829136	0.0	0.0	0.0	203.81565972941428	9.95944644857345	0.0	150.26225158133946	40.735370367193894	0.0	0.0	0.0	31.725181913324015	0.0	0.0	194.3974275130263	0.0	0.0	0.0	0.0	0.0	0.0	0.0	0.0	0.0	0.0	0.0	0.0	0.0	0.0	0.0	0.0	0.0
GSM4138112_HNSCC_2_PBMC_ATGAGGGCATCTATGG	168.0327604676952	185.9821237311941	0.0	195.1542437511748	0.0	0.0	75.67214721183564	0.0	37.14433159392732	0.0	107.48592204135001	0.0	58.025427107777865	0.0	49.45920773411418	0.0	0.0	0.0	0.0	0.0	0.0	0.0	0.0	0.0	0.0	0.0	0.0	0.0	0.0	59.605200433141164	0.0	0.0	0.0
GSM4138112_HNSCC_2_PBMC_ATTACTCGTTGGTTTG	112.40207601578601	192.12798931290743	147.12634219914372	0.0	0.0	0.0	0.0	0.0	31.416614485101434	0.0	0.0	0.0	33.37857360840856	0.0	167.89930228459642	0.0	0.0	0.0	0.0	0.0	0.0	0.0	0.0	0.0	0.0	0.0	0.0	0.0	0.0	0.0	0.0	0.0	0.0
GSM4138112_HNSCC_2_PBMC_ATTCTACCAGACTCGC	143.8313953142809	189.14828950187027	79.08780188846163	88.70689958353573	0.0	39.45119371083585	0.0	0.0	21.3075612592461	0.0	0.0	141.8913707769121	0.0	0.0	0.0	0.0	0.0	0.0	0.0	0.0	77.88895280933569	0.0	0.0	0.0	0.0	0.0	0.0	0.0	0.0	0.0	0.0	0.0	0.0
GSM4138112_HNSCC_2_PBMC_ATTGGTGCAGTAAGCG	79.0180829346267	0.0	180.52355110889872	0.0	181.6115429047232	48.36638424336203	88.60708387948584	145.05560874540856	16.81441890018401	0.0	0.0	0.0	0.0	0.0	0.0	0.0	0.0	0.0	0.0	0.0	0.0	0.0	0.0	0.0	0.0	0.0	0.0	0.0	0.0	0.0	0.0	0.0	0.0
GSM4138112_HNSCC_2_PBMC_CAACTAGTCTAGCACA	139.82403521458963	99.95062122975155	0.0	144.23846795666554	0.0	10.911133107305037	0.0	0.0	11.092508933628006	0.0	18.221836791771654	4.75390456126945	8.627486670107729	0.0	0.0	0.0	53.031704046157685	0.0	0.0	0.0	0.0	0.0	0.0	0.0	0.0	0.0	0.0	0.0	0.0	0.0	0.0	0.0	0.0
GSM4138112_HNSCC_2_PBMC_CACATAGAGTTCGCAT	129.164039854055	192.2467305916818	179.15642797286526	0.0	0.0	0.0	0.0	0.0	16.79631148073806	0.0	0.0	0.0	56.373814602258555	0.0	0.0	0.0	0.0	91.85350784421456	0.0	0.0	0.0	0.0	0.0	0.0	0.0	0.0	0.0	0.0	0.0	0.0	0.0	0.0	0.0
GSM4138112_HNSCC_2_PBMC_CAGCGACAGCCACGTC	105.80760559305324	147.77249484600233	77.41561274439424	0.0	0.0	41.65884889621654	0.0	31.52385985891956	44.916652396953545	0.0	0.0	0.0	0.0	0.0	0.0	0.0	0.0	0.0	66.53927055445442	0.0	47.78127669948453	0.0	0.0	0.0	0.0	0.0	82.99122943407399	0.0	0.0	0.0	0.0	0.0	0.0
GSM4138112_HNSCC_2_PBMC_CAGCTAACAAGGCTCC	132.9362027452104	241.84533661856625	272.8470933365483	0.0	0.0	76.09497742769825	0.0	0.0	34.26650124278992	0.0	0.0	60.22732577350717	0.0	0.0	0.0	0.0	0.0	0.0	0.0	80.32974241973595	0.0	0.0	0.0	0.0	0.0	0.0	0.0	0.0	0.0	0.0	0.0	0.0	0.0
GSM4138112_HNSCC_2_PBMC_CATATTCTCATAACCG	204.90609444815786	215.7486960490273	0.0	0.0	0.0	6.6365644744077175	0.0	0.0	17.978839748158116	40.32627079249717	180.9933853297743	0.0	46.234017424620774	294.229486353439	0.0	0.0	0.0	0.0	0.0	0.0	0.0	0.0	0.0	0.0	0.0	0.0	0.0	0.0	0.0	0.0	0.0	0.0	0.0
GSM4138112_HNSCC_2_PBMC_CATGGCGTCGCACTCT	156.6143377915034	154.44054152778736	126.38368851480693	0.0	0.0	15.36457734857283	33.09127871705817	0.0	12.895339544682173	0.0	0.0	0.0	20.12500674903244	0.0	0.0	0.15104100272961588	0.0	110.77686147762374	0.0	0.0	0.0	0.0	0.0	0.0	0.0	0.0	0.0	0.0	0.0	0.0	0.0	0.0	0.0
GSM4138112_HNSCC_2_PBMC_CATTATCCAGTCGATT	150.2489891990079	134.73903858899624	182.1932063216468	0.0	2.661063792991853	42.22602957889044	66.16372490440793	17.35606447068429	25.161829147804248	0.0	99.70712536543343	0.0	0.0	0.0	0.0	0.0	0.0	0.0	0.0	0.0	0.0	0.0	0.0	0.0	0.0	0.0	0.0	0.0	0.0	0.0	0.0	0.0	0.0
GSM4138112_HNSCC_2_PBMC_CATTATCGTACGAAAT	117.82681519655326	150.10134316331695	0.0	0.0	0.0	67.65906906795676	26.151642237341832	0.0	32.694316662759746	0.0	88.31736326151153	0.0	0.0	4.567920413010408	0.0	190.40360688984651	0.0	0.0	0.0	0.0	0.0	0.0	0.0	0.0	0.0	0.0	0.0	0.0	0.0	0.0	0.0	0.0	0.0
GSM4138112_HNSCC_2_PBMC_CATTATCTCGTTTGCC	37.14933735004429	72.98328550250771	0.0	0.0	0.0	18.197836789578464	0.0	0.0	4.138695273887641	0.0	0.0	0.0	0.0	101.58257479913132	0.0	0.0	0.0	4.988082670073794	0.0	0.0	0.0	0.0	0.0	0.0	0.0	0.0	0.0	0.0	0.0	0.0	0.0	0.0	0.0
GSM4138112_HNSCC_2_PBMC_CCCAATCAGGAGCGAG	62.8907622181388	90.10345717606957	98.74903841513303	0.0	0.0	21.236862179718756	0.0	0.0	8.134225239732421	0.0	0.0	18.453691891835714	0.0	0.0	24.531615892175715	0.0	0.0	0.0	0.0	0.0	0.0	0.0	0.0	0.0	0.0	0.0	0.0	0.0	0.0	0.0	0.0	0.0	0.0
GSM4138112_HNSCC_2_PBMC_CCGGGATTCTCGTTTA	58.31492591602559	0.0	80.2119889226914	0.0	0.0	21.252845694745798	63.14844187889224	0.0	10.336324671538252	3.0325421230843577	0.0	36.016645454844614	0.0	0.0	0.0	0.0	20.245196448636214	0.0	0.0	0.0	0.0	0.0	0.0	0.0	0.0	0.0	0.0	0.0	0.0	0.0	0.0	0.0	0.0
GSM4138112_HNSCC_2_PBMC_CCTAGCTCACAGAGGT	99.6712806792209	0.0	183.96555373039874	0.0	140.57508357435583	43.67095954764206	184.25065633821217	144.97727880116378	28.74911620952677	0.0	0.0	0.0	0.0	0.0	0.0	0.0	0.0	0.0	0.0	0.0	0.0	0.0	0.0	0.0	0.0	0.0	0.0	0.0	0.0	0.0	0.0	0.0	0.0
GSM4138112_HNSCC_2_PBMC_CCTATTATCTCAACTT	149.1614145776468	0.0	0.0	154.1710493423121	217.7804228709726	46.719756385734925	0.0	0.0	26.83758562181004	0.0	0.0	0.0	0.0	0.0	146.5798649684671	0.0	0.0	0.0	0.0	0.0	0.0	0.0	0.0	0.0	0.0	0.0	0.0	0.0	0.0	0.0	0.0	0.0	0.0
GSM4138112_HNSCC_2_PBMC_CCTCAGTAGACTGTAA	78.78993501718813	0.0	153.93328494221183	0.0	247.77841739527793	13.383211291942976	0.0	121.79168861731888	19.901729006167102	0.0	0.0	0.0	20.236596924483948	0.0	0.0	0.0	0.0	0.0	0.0	0.0	0.0	0.0	0.0	0.0	0.0	0.0	0.0	0.0	0.0	0.0	0.0	0.0	0.0
GSM4138112_HNSCC_2_PBMC_CCTTTCTGTCTAAACC	177.47989573802346	0.0	248.72191337267108	0.0	134.73120466255824	50.647495065438854	27.66284154838819	36.151918824969826	24.496785021321955	0.0	63.57432593590209	0.0	0.0	0.0	0.0	0.0	0.0	0.0	0.0	0.0	0.0	0.0	0.0	0.0	0.0	0.0	0.0	0.0	0.0	0.0	0.0	0.0	0.0
GSM4138112_HNSCC_2_PBMC_CGACCTTAGGTGCTTT	109.82892167499578	264.31886013425645	213.2950777132999	0.0	0.0	38.224247481827106	0.0	0.0	16.620081803763906	0.0	0.0	27.7560636982839	0.0	0.0	30.829846397060095	0.0	0.0	58.88689237610411	0.0	0.0	0.0	0.0	0.0	0.0	0.0	0.0	0.0	0.0	0.0	0.0	0.0	0.0	0.0
GSM4138112_HNSCC_2_PBMC_CGAGAAGTCGAGCCCA	169.93981660236088	0.0	0.0	0.0	220.5927675372426	0.0	0.0	0.0	29.22800231493222	0.0	0.0	0.0	58.76966503182523	0.0	0.0	0.0	108.90183877238499	0.0	0.0	0.0	0.0	0.0	0.0	0.0	0.0	89.09012654530642	0.0	0.0	0.0	0.0	177.08832728625922	0.0	0.0
GSM4138112_HNSCC_2_PBMC_CGATGTACAACTGCTA	214.99489652395258	221.6586751301854	0.0	166.1355932414112	0.0	6.987407114229193	0.0	0.0	12.314196799653455	0.0	0.0	0.0	27.61994938628741	0.0	0.0	0.0	0.0	0.0	12.911582398208731	0.0	0.0	0.0	0.0	0.0	0.0	0.0	0.0	0.0	0.0	114.35467455889007	0.0	0.0	0.0
GSM4138112_HNSCC_2_PBMC_CGGACACCAGAGTGTG	143.69798926569055	166.40392231778807	208.36262750084825	0.0	47.7418954786085	72.8482524751842	16.799581471723965	134.01868594360155	26.478012203935457	0.0	0.0	0.0	1.7063607578389322	0.0	0.0	0.0	0.0	0.0	0.0	0.0	0.0	0.0	0.0	0.0	0.0	0.0	0.0	0.0	0.0	0.0	0.0	0.0	0.0
GSM4138112_HNSCC_2_PBMC_CGTTAGAAGATATACG	117.94962159907864	0.0	0.0	129.84542394601306	0.0	32.52754242705021	377.49129027939637	0.0	22.534115598285865	0.0	0.0	0.0	0.0	87.9789925658907	0.0	0.0	0.0	151.11937398291334	0.0	0.0	0.0	0.0	0.0	0.0	0.0	0.0	0.0	0.0	0.0	0.0	0.0	0.0	0.0
GSM4138112_HNSCC_2_PBMC_CGTTCTGCATCCTAGA	78.62371679632638	12.054942218233672	56.748724910679336	0.0	0.0	28.268475341344452	0.0	0.0	15.02771418162391	98.5738120591693	0.0	0.0	0.0	11.801284234905747	0.0	100.12657733556867	39.325458715674806	0.0	0.0	0.0	0.0	0.0	0.0	0.0	0.0	0.0	0.0	0.0	0.0	0.0	0.0	0.0	0.0
GSM4138112_HNSCC_2_PBMC_CTACACCTCCTGTACC	145.16108101013475	0.0	196.47073370679473	56.822185173981154	238.10521979039427	0.0	0.0	210.9695443404192	25.44829071096027	0.0	0.0	0.0	33.488722570775614	0.0	0.0	0.0	0.0	0.0	0.0	0.0	0.0	0.0	0.0	0.0	0.0	0.0	0.0	0.0	0.0	0.0	0.0	0.0	0.0
GSM4138112_HNSCC_2_PBMC_CTACGTCCAAATCCGT	103.64492826902878	156.1704352543756	140.25430127065368	0.0	0.0	40.42416975804343	0.0	0.0	23.088868495396827	0.0	0.0	42.90324748356281	0.0	0.0	73.35717342040215	0.0	1.9900831367265308	0.0	0.0	0.0	0.0	0.0	0.0	0.0	0.0	0.0	0.0	0.0	0.0	0.0	0.0	0.0	0.0
GSM4138112_HNSCC_2_PBMC_CTCGAAAGTCCATCCT	87.51645289285685	0.0	0.0	100.81630859418402	0.0	0.0	79.87448217249273	0.0	14.305052941069794	0.0	136.77030242643036	0.0	21.344045994937787	0.0	0.0	0.0	0.0	0.0	0.0	0.0	0.0	0.0	0.0	0.0	0.0	0.0	0.0	0.0	0.0	0.0	0.0	0.0	0.0
GSM4138112_HNSCC_2_PBMC_CTCGGGATCTAACTGG	174.3153310437344	92.33636645406752	163.17439593666185	0.0	0.0	40.659907188903055	0.0	0.0	22.240816329354566	82.14591063434621	0.0	74.86951134446943	0.0	0.0	0.0	0.0	0.0	0.0	47.04267015848372	0.0	0.0	0.0	0.0	0.0	0.0	0.0	0.0	0.0	0.0	0.0	0.0	0.0	0.0
GSM4138112_HNSCC_2_PBMC_CTCTGGTAGACAAGCC	146.43638657508154	200.86103922154825	0.0	0.0	16.72490495831356	142.23168365189468	0.0	0.0	25.589543558212668	0.0	66.76218286558216	8.903871785094532	0.0	215.78810116295634	0.0	0.0	33.25285089980056	0.0	0.0	0.0	0.0	0.0	0.0	0.0	0.0	0.0	0.0	0.0	0.0	0.0	0.0	0.0	0.0
GSM4138112_HNSCC_2_PBMC_CTGCTGTAGTGCGTGA	91.89263022943003	0.0	0.0	143.9294104250694	0.0	41.18247125894343	275.9855162212959	109.26414629191893	19.38544378540863	0.0	0.0	0.0	0.0	0.0	0.0	0.0	0.0	0.0	0.0	0.0	0.0	0.0	0.0	0.0	0.0	0.0	0.0	0.0	0.0	11.51060484671215	0.0	0.0	0.0
GSM4138112_HNSCC_2_PBMC_CTGGTCTGTTGGGACA	75.90591958185846	0.0	12.2900441902917	73.52315307843422	162.4030300021377	0.0	1.6271639238691638	0.0	15.077864146856605	0.0	0.0	0.0	61.07565814176433	0.0	0.0	0.0	0.0	0.0	0.0	0.0	0.0	0.0	0.0	105.94229282361951	0.0	0.0	9.511014425446374	0.0	0.0	0.0	0.0	0.0	0.0
GSM4138112_HNSCC_2_PBMC_CTTAGGAGTTCGGGCT	66.78797057467355	149.42047957223627	119.00077051415519	0.0	0.0	0.0	0.0	0.0	27.76944310315804	0.0	0.0	0.0	23.300639233900984	0.0	0.0	0.0	0.0	82.05808430214331	0.0	0.0	0.0	0.0	0.0	0.0	0.0	0.0	0.0	0.0	0.0	0.0	0.0	0.0	0.0
GSM4138112_HNSCC_2_PBMC_CTTAGGATCACTATTC	62.31590068933232	150.53111027833796	0.0	101.72564224258767	0.0	38.629154438492286	0.0	0.0	9.881727962525147	0.0	0.0	0.0	0.0	0.0	30.876025287884275	0.0	0.0	0.0	0.0	42.56636171926123	0.0	0.0	0.0	0.0	0.0	0.0	0.0	0.0	0.0	0.0	0.0	0.0	0.0
GSM4138112_HNSCC_2_PBMC_CTTTGCGAGGTAGCCA	109.05969701858076	150.748030925364	174.2609474625408	0.0	0.0	30.551645206450036	25.085934597870043	0.0	26.695692761567386	0.0	9.112163793433503	0.0	0.0	0.0	0.0	0.0	0.0	25.542761786215614	74.8743877716915	0.0	0.0	0.0	0.0	0.0	0.0	0.0	0.0	0.0	0.0	0.0	0.0	0.0	0.0
GSM4138112_HNSCC_2_PBMC_GAAATGAGTTATGTGC	164.9390065780522	0.0	0.0	0.0	173.835120833129	0.0	30.04812465828513	150.89985132362662	46.73923575220811	0.0	0.0	0.0	51.78652087848681	0.0	0.0	0.0	0.0	0.0	0.0	0.0	0.0	198.39908746405635	0.0	0.0	0.0	0.0	0.0	0.0	0.0	0.0	0.0	0.0	0.0
GSM4138112_HNSCC_2_PBMC_GAACATCTCACCGTAA	112.84282982532494	35.215827319347554	0.0	114.55440919862109	89.93218746314051	1.867608047657973	0.0	160.0845385608287	46.06710584157573	53.54671231091872	0.0	0.0	40.19293850452066	0.0	0.0	0.0	0.0	0.0	0.0	0.0	27.471713595982344	0.0	0.0	0.0	0.0	0.0	75.68482640391423	0.0	0.0	0.0	0.0	0.0	0.0
GSM4138112_HNSCC_2_PBMC_GACCAATGTCTGGTCG	167.89230156680122	164.44439731930686	0.0	226.4027899320603	0.0	31.87356271474874	54.71904174332321	105.73706957914617	41.24982543200627	0.0	0.0	0.0	7.601990696876293	0.0	0.0	0.0	0.0	0.0	15.846588279665408	0.0	0.0	0.0	0.0	0.0	0.0	0.0	0.0	0.0	0.0	0.0	0.0	0.0	0.0
GSM4138112_HNSCC_2_PBMC_GACCTGGTCATCACCC	100.06688117811687	222.95535375668865	151.66209177955295	0.0	0.0	47.88130205095089	0.0	0.0	10.767365325558517	0.0	23.125219404682145	75.72643925935522	0.0	0.0	0.0	0.0	71.63007944683086	0.0	0.0	0.0	0.0	0.0	0.0	0.0	0.0	0.0	0.0	0.0	0.0	0.0	0.0	0.0	0.0
GSM4138112_HNSCC_2_PBMC_GACTACACAACTGGCC	131.43623176599615	0.0	20.884643208131823	1.8788243745965478	240.07181822862898	47.29477960065392	0.0	0.0	44.549257900880185	0.0	231.36003765155573	0.0	0.0	0.0	0.0	0.0	0.0	0.0	0.0	0.0	0.0	0.0	0.0	0.0	0.0	0.0	163.0771627031082	0.0	0.0	0.0	0.0	0.0	0.0
GSM4138112_HNSCC_2_PBMC_GATGCTACAACTGCGC	75.68553506564808	37.09536336524498	88.97022989450127	0.0	0.0	24.45867528682444	63.4194127536917	0.0	10.502994171532277	0.0	47.313479617635366	0.0	0.0	0.0	0.0	0.0	0.0	0.0	0.0	0.0	0.0	0.0	0.0	0.0	0.0	0.0	0.0	0.0	0.0	0.0	0.0	0.0	0.0
GSM4138112_HNSCC_2_PBMC_GCACTCTGTGCATCTA	186.355020645513	380.9454890696796	277.7883348395232	0.0	0.0	77.17065887556792	19.384605340392426	0.0	26.55233388082219	0.0	0.0	193.9407760389264	0.0	0.0	0.0	0.0	0.0	0.0	0.0	0.0	0.0	0.0	0.0	0.0	0.0	0.0	0.0	0.0	0.0	0.0	0.0	0.0	0.0
GSM4138112_HNSCC_2_PBMC_GCAGCCACATGTAGTC	92.22177683340831	0.0	0.0	140.32261564746315	180.91524109318814	27.925853920740284	0.0	0.0	28.316883938218588	0.0	0.0	0.0	0.0	0.0	68.8226005129581	0.0	0.0	0.0	0.0	0.0	0.0	0.0	25.909106174335182	0.0	0.0	0.0	0.0	0.0	0.0	0.0	0.0	0.0	0.0
GSM4138112_HNSCC_2_PBMC_GCAGCCAGTTGGACCC	91.79559114736558	0.0	180.80972674265047	0.0	210.6546831531343	7.444190471809566	0.0	0.0	21.718562730344555	0.0	137.51190864239402	0.0	27.620468530240128	0.0	0.0	0.0	0.0	0.0	0.0	0.0	0.0	0.0	0.0	0.0	0.0	0.0	0.0	0.0	0.0	6.924455496395348	0.0	0.0	0.0
GSM4138112_HNSCC_2_PBMC_GCATGCGAGATGTCGG	111.6594666003101	208.6264649989375	201.3746546342464	0.0	0.0	38.07946027208383	20.307248952054017	0.0	19.63679078540305	0.0	0.0	0.0	0.0	0.0	0.0	0.0	0.0	150.21458923804892	8.062436796777826	0.0	0.0	0.0	0.0	0.0	0.0	0.0	0.0	0.0	0.0	0.0	0.0	0.0	0.0
GSM4138112_HNSCC_2_PBMC_GCATGCGAGTTTGCGT	217.70507500718244	248.09310096188088	0.0	189.1854433875787	0.0	38.42293170623962	0.0	182.3467605521906	10.444092533499848	0.0	0.0	0.0	0.0	0.0	0.0	5.658983863348245	0.0	0.0	0.0	0.0	0.0	0.0	0.0	0.0	0.0	0.0	0.0	0.0	0.0	0.0	0.0	0.0	0.0
GSM4138112_HNSCC_2_PBMC_GCATGCGTCCTTGCCA	143.22772820926966	134.2389610055083	0.0	189.6048773346889	0.0	36.67855582385989	0.0	100.35438501894332	9.069024218661644	0.0	0.0	0.0	0.0	0.0	0.0	0.0	0.0	0.0	0.0	0.0	0.0	0.0	0.0	0.0	0.0	0.0	0.0	0.0	0.0	0.0	0.0	0.0	0.0
GSM4138112_HNSCC_2_PBMC_GCGGGTTTCCAGGGCT	149.55901418193602	108.43446941812886	254.7174900397886	0.0	63.05159716473677	37.358330312232994	58.216463076873495	0.0027932680953871333	10.794129156764106	0.0	0.0	0.0	0.0	0.0	0.0	0.0	0.0	78.32662769294869	63.90433612314021	0.0	0.0	0.0	0.0	0.0	0.0	0.0	0.0	0.0	0.0	0.0	0.0	0.0	0.0
GSM4138112_HNSCC_2_PBMC_GCTGCGATCAGCGATT	157.84585896926188	220.09439102821733	190.65219925522376	0.0	0.0	0.0	0.0	0.0	8.714447769293413	0.0	0.0	0.0	49.33596904583273	0.0	0.0	0.0	0.0	42.50203199242651	65.49591151144251	0.0	0.0	22.004576546581	0.0	0.0	0.0	0.0	0.0	0.0	0.0	0.0	0.0	0.0	0.0
GSM4138112_HNSCC_2_PBMC_GCTGCGATCTGCTGCT	141.5386101411826	242.75773814248393	0.0	219.64518101983964	0.0	0.0	0.0	0.0	50.30839542678523	0.0	0.0	165.7561740005566	63.33406519842614	0.0	8.325755100542375	0.0	60.090846405755784	0.0	0.0	0.0	0.0	0.0	0.0	0.0	0.0	0.0	0.0	0.0	0.0	0.0	0.0	0.0	0.0
GSM4138112_HNSCC_2_PBMC_GCTTCCATCTCGAGTA	95.47681317681476	0.0	157.9576932865979	10.040203376753318	0.0	36.53083055427111	229.4543726945048	0.0	34.23131465275677	0.0	85.27268251766054	26.127748059062274	26.254823555506793	0.0	0.0	0.0	0.0	3.0290700297478494	0.0	0.0	0.0	0.0	0.0	0.0	0.0	0.0	0.0	0.0	0.0	0.0	0.0	0.0	0.0
GSM4138112_HNSCC_2_PBMC_GGACATTCAAGCTGTT	49.7590425534983	0.0	79.79206182934558	0.0	0.0	0.0	96.39822150447458	0.0	12.579964208723874	0.0	0.0	0.0	27.373356951656348	0.0	0.0	0.0	0.0	0.0	62.847998513291	0.0	41.718861535658384	0.0	0.0	0.0	0.0	0.0	0.0	0.0	0.0	0.0	0.0	0.0	0.0
GSM4138112_HNSCC_2_PBMC_GGAGCAAGTCTGCCAG	87.20719178561554	210.80964860001004	0.0	0.0	0.0	0.0	0.0	27.712486952374604	50.5192597764249	0.0	101.39703901165113	0.0	48.7922011930853	0.0	0.0	0.0	0.0	0.0	0.0	0.0	102.11417127231796	0.0	0.0	0.0	0.0	0.0	0.0	50.43740742925121	0.0	0.0	0.0	0.0	0.0
GSM4138112_HNSCC_2_PBMC_GGATGTTGTGACGCCT	137.7290859468698	191.25749661872325	75.52635458922965	30.278464704070814	0.0	44.71416003910049	0.0	0.0	18.764793232422146	0.0	43.463210618209054	74.34650511191018	0.0	0.0	0.0	0.0	0.0	0.0	0.0	0.0	0.0	0.0	0.0	0.0	0.0	0.0	45.11409373327342	0.0	0.0	0.0	0.0	0.0	0.0
GSM4138112_HNSCC_2_PBMC_GGATTACGTCGACTGC	53.01562335668255	93.36895964912233	0.0	0.0	0.0	21.99146995443626	0.0	81.03678638673509	17.485069914476384	33.82510053309735	0.0	0.0	0.0	142.30569088468513	0.0	0.0	0.0	0.0	0.0	0.0	0.0	0.0	0.0	0.0	0.0	0.0	0.0	0.0	0.0	0.0	0.0	0.0	0.0
GSM4138112_HNSCC_2_PBMC_GGCCGATAGACGACGT	102.24169168042718	225.8645309680677	96.00331453775777	125.64940265178724	0.0	34.10431463662124	0.0	70.24537098796263	29.346879004842908	0.0	35.35238842180414	0.0	0.0	0.0	0.0	0.0	0.0	0.0	0.0	0.0	0.0	0.0	0.0	0.0	0.0	0.0	0.0	0.0	0.0	0.0	0.0	0.0	0.0
GSM4138112_HNSCC_2_PBMC_GTAACTGTCTACGAGT	84.34645742248236	40.082008230644654	13.557348005373553	125.0661227129245	153.57380655838026	25.50384068484515	0.0	0.0	32.23242823692265	0.0	0.0	84.2834834932289	0.0	0.0	0.0	0.0	17.058136146712467	0.0	0.0	0.0	0.0	0.0	0.0	0.0	0.0	0.0	0.0	0.0	0.0	0.0	0.0	0.0	0.0
GSM4138112_HNSCC_2_PBMC_GTACGTAGTTCCTCCA	104.80757139455564	50.03040763542126	249.55828513643496	0.0	0.0	32.06500816995439	133.2667654014733	0.0	24.674705944367346	0.0	0.0	0.0	0.0	0.0	0.0	0.0	0.0	0.0	113.25022074752727	0.0	0.0	0.0	0.0	0.0	0.0	0.0	0.0	0.0	0.0	0.0	0.0	0.0	0.0
GSM4138112_HNSCC_2_PBMC_GTCAAGTTCGGCGGTT	112.75254484854914	145.85711117115224	147.2009606286921	0.0	0.0	36.065370644816035	0.0	0.0	15.397016608954205	0.0	0.0	0.0	0.0	0.0	10.090060787001402	0.0	0.0	73.29547743074355	0.0	0.0	0.0	0.0	0.0	0.0	0.0	0.0	0.0	0.0	0.0	0.0	0.0	0.0	0.0
GSM4138112_HNSCC_2_PBMC_GTCACAATCGGTGTCG	106.39384754903203	0.0	0.0	161.4011711429628	182.47479552804435	38.607605282824174	24.17371725369199	125.21153283736415	21.67401930358375	0.0	0.0	0.0	0.0	0.0	0.0	0.0	0.0	0.0	0.0	0.0	0.0	0.0	0.0	0.0	0.0	0.0	0.0	0.0	9.443069032166287	0.0	0.0	0.0	0.0
GSM4138112_HNSCC_2_PBMC_GTCACGGAGGCTAGCA	136.25274850723792	0.0	0.0	173.29433098530234	0.0	16.925444249338483	219.23959149981866	0.0	17.206111623129566	0.0	0.0	58.60791123729743	23.86806089711142	0.0	0.0	0.0	129.96611332350562	0.0	0.0	0.0	0.0	0.0	0.0	0.0	0.0	0.0	3.8645298586114647	0.0	0.0	0.0	0.0	0.0	0.0
GSM4138112_HNSCC_2_PBMC_GTGCATAAGTTAACGA	121.85226767573269	76.83546231574925	22.14904327123171	172.19884520068496	111.67819944227548	46.143322089537364	0.0	0.0	23.23620646061751	14.541619661498702	0.0	143.04443737352517	0.0	0.0	0.0	0.0	0.0	0.0	0.0	0.0	0.0	0.0	0.0	0.0	0.0	0.0	0.0	0.0	0.0	0.0	0.0	0.0	0.0
GSM4138112_HNSCC_2_PBMC_GTTTCTAAGGCATTGG	77.98125463383421	38.600279433842715	63.86918840959906	0.0	22.12666141363114	1.9215214417071744	42.792456880663984	0.0	18.292446250627446	0.0	0.0	44.11147976984896	22.288471777304473	0.0	0.0	25.017768221920555	21.338954680439898	0.0	0.0	0.0	0.0	0.0	0.0	0.0	0.0	0.0	0.0	0.0	0.0	0.0	0.0	0.0	0.0
GSM4138112_HNSCC_2_PBMC_GTTTCTATCTCTAAGG	257.71867833262803	193.99379863350742	524.7809906428054	0.0	87.3073492913231	76.69720110088106	0.0	0.0	67.01532993283163	147.5661508625716	0.0	189.9017852268639	0.0	0.0	73.43900855621588	0.0	0.0	0.0	0.0	0.0	0.0	0.0	0.0	0.0	0.0	0.0	0.0	0.0	0.0	0.0	0.0	0.0	0.0
GSM4138112_HNSCC_2_PBMC_TAAGCGTTCGGCGCAT	97.03171944630301	0.0	0.0	81.43689441943724	0.0	0.02951607435362696	61.38475637938207	0.0	0.45164780426625684	16.69783977243403	102.64052153744838	0.0	23.148456962380084	0.0	0.0	0.0	0.0	0.0	0.0	0.0	0.0	0.0	0.0	0.0	0.0	0.0	0.0	0.0	0.0	0.0	0.0	0.0	0.0
GSM4138112_HNSCC_2_PBMC_TAAGTGCCATCAGTCA	118.19676697454577	169.00090911333885	0.0	197.94600731635438	0.0	44.77141699552039	0.0	97.8139130943804	34.4584308099406	24.808130053751903	0.0	0.0	4.735671286858958	0.0	33.8757311890818	0.0	0.0	0.0	0.0	0.0	0.0	0.0	0.0	0.0	0.0	0.0	0.0	0.0	0.0	0.0	0.0	0.0	0.0
GSM4138112_HNSCC_2_PBMC_TACACGAAGGAGTACC	128.94293598963353	5.450871575116728	205.07232972868928	0.0	220.6385095538273	17.88741593105948	0.0	0.0	24.079926534883263	0.0	0.0	42.96699122817094	15.430431308565877	0.0	2.1413741623230775	0.0	47.153686432315794	17.607355522813176	0.0	0.0	2.578304514467863	0.0	0.0	0.0	0.0	0.0	0.0	0.0	0.0	0.0	0.0	0.0	0.0
GSM4138112_HNSCC_2_PBMC_TACTTGTGTCGAAAGC	122.50325082477086	0.0	172.26690038562802	0.0	91.90945714277942	52.66337884781196	78.93792630351803	0.0	20.131888587584672	0.0	46.15429745020281	0.0	0.0	0.0	0.0	0.0	117.1572232518633	0.0	0.0	0.0	0.0	0.0	0.0	0.0	0.0	0.0	0.0	0.0	0.0	0.0	0.0	0.0	0.0
GSM4138112_HNSCC_2_PBMC_TCACAAGAGTCCGGTC	137.89899590635596	162.50186190871847	0.0	157.67116792846932	14.058341630730336	25.484364141279702	0.0	121.13283393177718	46.10063789527529	0.0	0.0	0.0	0.0	0.0	0.0	0.0	0.0	0.0	0.0	0.0	0.0	0.0	0.0	0.0	0.0	0.0	0.0	0.0	0.0	0.0	0.0	0.0	0.0
GSM4138112_HNSCC_2_PBMC_TCAGCTCGTGTATGGG	92.2669136055196	270.4880464658884	0.0	154.86092110855643	0.0	33.154279591274125	0.0	0.0	31.27420101567345	0.0	0.0	30.37005652526326	0.0	0.0	21.97137530871952	32.088155139890304	0.0	0.0	0.0	0.0	0.0	0.0	0.0	0.0	0.0	0.0	0.0	0.0	0.0	33.08283212711864	0.0	0.0	0.0
GSM4138112_HNSCC_2_PBMC_TCGCGAGCACCGAAAG	118.89887946140989	0.0	145.8470864987748	0.0	137.3663299722979	81.35048843707831	0.0	0.0	28.610963484554457	0.0	51.50873328371061	0.0	0.0	0.0	0.0	0.0	0.0	0.0	98.84047489490295	0.0	0.0	0.0	0.0	0.0	0.0	0.0	0.0	0.0	0.0	0.0	0.0	0.0	0.0
GSM4138112_HNSCC_2_PBMC_TCGCGTTCAAGTACCT	139.95720857541477	0.0	0.0	211.72275919226016	0.0	0.0	234.2463827624343	0.0	17.57431015078037	0.0	122.06697899711537	0.0	74.7148644400699	0.0	0.0	0.0	0.0	0.0	0.0	0.0	0.0	0.0	0.0	0.0	0.0	0.0	0.0	0.0	0.0	0.0	0.0	0.0	0.0
GSM4138112_HNSCC_2_PBMC_TGGACGCTCTTTAGGG	109.60608923287813	188.35081345096256	0.0	152.53857806850675	0.0	43.21161547722936	0.0	11.528285119273079	46.13550136538674	0.0	133.89882899488876	0.0	0.0	0.0	0.0	0.0	0.0	0.0	0.0	0.0	0.0	0.0	0.0	0.0	0.0	0.0	0.0	0.0	0.0	0.0	0.0	0.0	0.0
GSM4138112_HNSCC_2_PBMC_TGGGAAGTCACATGCA	131.56457551663382	174.681219574207	0.0	0.0	50.206605756452625	46.937921266899	0.0	2.320643867828024	37.81648811858686	0.0	0.0	0.0	0.0	35.3658638119865	0.0	229.40824298142334	0.0	0.0	80.7707446977833	0.0	0.0	0.0	0.0	9.835550679656484	0.0	0.0	0.0	0.0	0.0	0.0	0.0	0.0	0.0
GSM4138112_HNSCC_2_PBMC_TGGTTAGTCCAACCAA	109.77653375872174	321.9118837735635	167.68148751744698	0.0	0.0	68.34626954333991	0.0	0.0	33.56318839427406	0.0	0.0	0.0	0.0	0.0	173.57582444921707	0.0	0.0	0.0	0.0	0.0	0.0	0.0	0.0	0.0	0.0	0.0	0.0	0.0	0.0	0.0	0.0	0.0	0.0
GSM4138112_HNSCC_2_PBMC_TTCTCAAAGTGAAGTT	57.423219469346705	7.140322780095205	0.0	129.96942138429785	18.29282978632034	14.576648393194477	89.62599667298956	81.1295823470381	13.142497076264094	0.0	0.0	0.0	17.74206348742514	0.0	0.0	0.0	0.0	0.0	0.0	0.0	0.0	0.0	0.0	0.0	0.0	0.0	0.0	0.0	0.0	0.0	0.0	0.0	0.0
GSM4138112_HNSCC_2_PBMC_TTCTCAACAATAGAGT	179.51143004898947	291.14446846443883	95.9516892791613	72.57604278095995	0.0	0.0	0.0	0.0	19.125940288329744	0.0	201.65765493665842	0.0	33.8289489682409	0.0	0.0	0.0	0.0	0.0	0.0	0.0	0.0	14.455377740013795	0.0	0.0	0.0	0.0	0.0	0.0	0.0	0.0	0.0	0.0	0.0
GSM4138112_HNSCC_2_PBMC_TTTATGCCATTTGCTT	153.85965950710172	108.66175796603721	0.0	164.18271473498842	0.0	0.0	21.531257713826797	3.3488300519784784	13.498809241740338	0.0	81.03110921129878	0.0	53.5877320691964	0.0	0.0	12.178903479838247	0.0	0.0	0.0	0.0	0.0	0.0	0.0	0.0	0.0	0.0	0.0	0.0	0.0	0.0	0.0	0.0	0.0
GSM4138112_HNSCC_2_PBMC_GGACATTAGCAATATG	54.389994162193	0.0	42.299203838643244	0.0	138.4795132979724	23.65221608767535	0.0	71.16711806151572	12.963219734499145	0.0	0.0	0.0	0.0	0.0	0.0	0.0	0.0	0.0	0.0	0.0	0.0	0.0	0.0	0.0	0.0	0.0	0.0	0.0	0.0	0.0	0.0	0.0	0.0
GSM4138112_HNSCC_2_PBMC_CGTCAGGTCGCCTGTT	87.37839903529033	83.49187253255498	120.12868755879286	0.0	0.0	25.392120009624637	10.786098202466835	6.442999868724105	10.785470234722371	0.0	0.0	0.0	0.0	0.0	0.0	0.0	0.0	0.0	0.0	0.0	0.0	0.0	69.89780635772212	0.0	0.0	0.0	0.0	0.0	0.0	37.43636594359425	0.0	0.0	0.0
GSM4138112_HNSCC_2_PBMC_GCTCCTAGTAAGCACG	93.9247931567314	147.60961199495534	0.0	54.82345790189146	0.0	21.737441062394833	0.0	0.0	17.522421692069972	0.0	62.55321719228735	0.0	3.1819355638973117	0.0	0.0	15.106837273508008	0.0	0.0	0.0	5.426532821393532	0.0	0.0	0.0	0.0	0.0	0.0	0.0	0.0	0.0	0.1676266132818387	0.0	0.0	0.0
GSM4138112_HNSCC_2_PBMC_TTAGGCATCATGCATG	80.9043400958184	0.0	80.23081736444624	0.0	87.57313774009346	19.974764389715354	0.0	0.0	0.8944205575333942	0.0	0.0	0.0	0.0	0.0	0.0	0.0	0.0	65.87083923096725	0.0	0.0	0.0	0.0	0.0	0.0	0.0	0.0	0.0	0.0	0.0	0.0	0.0	0.0	0.0
GSM4138112_HNSCC_2_PBMC_AAACCTGTCTTTCCTC	51.0217604489875	0.0	72.5854161444862	0.0	0.0	23.796752177271838	0.0	75.2355922496643	29.53968348832661	105.45592532240863	0.0	0.0	0.0	18.491860979403025	0.0	0.0	0.0	0.0	0.0	0.0	0.0	0.0	0.0	0.0	0.0	0.0	0.0	0.0	0.0	0.0	0.0	0.0	0.0
GSM4138112_HNSCC_2_PBMC_AATCGGTTCTGCAGTA	43.63966280826938	0.0	40.328460971710676	33.47505722940347	0.0	0.0	99.0770519304936	95.31751089405877	28.928338077773063	35.56746308019901	0.0	0.0	22.492668016005123	4.828862397491825	0.0	0.0	0.0	0.0	0.0	0.0	0.0	0.0	0.0	0.0	0.0	0.0	0.0	0.0	0.0	0.0	1.6817780168545076	0.0	0.0
GSM4138112_HNSCC_2_PBMC_ACACTGAAGCCGCCTA	90.62253263494337	24.576200123219863	0.0	0.0	133.20680786679432	0.0	0.0	0.0	58.016759112604745	0.0	0.0	0.0	50.93925779794435	0.0	96.65026649335799	0.0	7.394939569404437	0.0	0.0	0.0	0.0	128.81681352889268	0.0	2.355188345948159	0.0	0.0	0.0	0.0	0.0	0.0	0.0	0.0	0.0
GSM4138112_HNSCC_2_PBMC_ACTTTCACAGCCTTTC	112.99924243359405	13.826317475970235	0.0	131.38590013187743	104.50716855398544	22.358601714663948	0.0	0.0	13.928193306844554	0.0	0.0	7.729291738915734	0.0	0.0	57.719059428965295	0.0	0.0	0.0	0.0	0.0	0.0	0.0	0.0	0.0	0.0	0.0	0.0	0.0	0.0	0.0	0.0	0.0	0.0
GSM4138112_HNSCC_2_PBMC_AGACGTTAGCCGTCGT	148.79090398446496	68.85212990694038	0.0	0.0	0.0	11.847833325680543	0.0	0.0	1.5759085420977879	0.0	0.0	27.96593657723629	0.0	93.98717756289082	0.0	0.0	0.0	13.224381144415661	0.0	0.0	0.0	0.0	0.0	0.0	0.0	0.0	0.0	0.0	0.0	2.986803123817796	0.0	0.0	0.0
GSM4138112_HNSCC_2_PBMC_AGATCTGTCCCTCTTT	48.92348781297219	0.0	0.0	0.0	0.0	24.543774707914924	0.0	36.17254813947098	14.244621656881773	97.59885496648204	0.0	18.402984309928073	0.0	56.89693369282232	13.066052488221885	0.0	0.0	0.0	0.0	0.0	0.0	0.0	0.0	0.0	0.0	0.0	0.0	0.0	0.0	0.0	0.0	0.0	0.0
GSM4138112_HNSCC_2_PBMC_ATCGAGTAGGGATCTG	67.88493250414068	134.84256173894457	0.0	121.48110065250275	0.0	25.012838599588125	0.0	70.36081301932714	25.66531936455693	0.0	0.0	0.0	0.0	0.0	0.0	32.74625732339987	0.0	0.0	23.354373926289423	0.0	0.0	0.0	0.0	0.0	0.0	0.0	0.0	0.0	0.0	0.0	0.0	0.0	0.0
GSM4138112_HNSCC_2_PBMC_ATGCGATGTCAAAGCG	34.758891998508865	0.0	0.0	17.797779923707196	38.799597877087514	10.687401373299085	48.720879855746084	0.0	10.441010681946095	10.941701292364261	0.0	50.84707180695895	0.0	0.0	32.74856361502268	0.0	0.0	48.078969547408015	0.0	0.0	0.0	0.0	0.0	0.0	0.0	0.0	0.0	0.0	0.0	0.0	0.0	0.0	0.0
GSM4138112_HNSCC_2_PBMC_CAAGTTGCACCAGATT	79.2371660186109	171.4417626789546	162.23006955622768	0.0	0.0	24.984669000510173	53.43394238013964	0.0	27.264003999154998	0.0	91.36617210256439	14.20037132373006	0.0	0.0	0.0	0.0	7.838248998819419	0.0	0.0	0.0	0.0	0.0	0.0	0.0	0.0	0.0	0.0	0.0	0.0	0.0	0.0	0.0	0.0
GSM4138112_HNSCC_2_PBMC_CACATTTTCGCCCTTA	90.56616962121582	162.08018994353927	0.0	99.08718316314902	0.0	16.52650453619311	0.0	0.0	0.0	0.0	99.96667921669265	0.0	0.0	0.0	0.0	0.0	0.0	0.0	0.0	0.0	0.0	0.0	0.0	0.0	0.0	0.0	0.0	0.0	0.0	0.0	0.0	0.0	0.0
GSM4138112_HNSCC_2_PBMC_CAGCGACAGAATCTCC	185.4942588587109	266.1921961720427	211.22071150114016	0.0	1.9550002802770954	10.089270171348344	0.0	0.0	29.790803673210746	0.0	51.18780053888283	0.0	19.133546033081508	0.0	0.0	0.0	82.06147280337605	0.0	0.0	0.0	0.0	0.0	0.0	0.0	0.0	0.0	0.0	0.0	0.0	0.0	0.0	0.0	0.0
GSM4138112_HNSCC_2_PBMC_CAGCTGGGTAAGTGGC	53.853726871654466	0.0	72.84062149566537	0.0	0.0	0.0	49.65751065533135	0.0	1.2941046350834982	0.0	38.93280291049156	0.0	14.04425534389177	0.0	0.0	0.0	0.0	0.0	0.0	0.0	0.0	0.0	0.0	0.0	0.0	0.0	0.0	0.0	0.0	0.0	0.0	0.0	0.0
GSM4138112_HNSCC_2_PBMC_CCAATCCTCAGTTGAC	45.1194080625718	0.0	65.89712743488201	0.0	81.20615853682018	0.0	26.21108509849821	55.61078943443436	7.787542869583226	0.0	19.894851907640895	0.0	25.211529571657376	0.0	0.0	0.0	0.0	0.0	0.0	0.0	0.0	0.0	0.0	0.0	0.0	0.0	0.0	0.0	0.0	0.0	0.0	0.0	0.0
GSM4138112_HNSCC_2_PBMC_CCTCTGACACCTTGTC	176.6911446717742	251.03692895215968	138.3081202636922	0.0	0.0	0.0	0.0	0.0	30.748851969662013	0.0	0.0	174.97208177690524	35.14502128486066	0.0	0.0	0.0	0.0	0.0	0.0	0.0	6.252332103437653	0.0	0.0	0.0	0.0	0.0	0.0	60.80968772895521	0.0	0.0	0.0	0.0	0.0
GSM4138112_HNSCC_2_PBMC_CGATGTAAGTACGACG	123.85384470243912	0.0	0.0	124.56880178716423	57.382253444896165	0.0	102.92910825163982	0.0	10.874087985231288	0.0	0.0	0.0	27.99497975187459	0.0	0.0	0.0	0.0	68.72820846414311	0.0	0.0	0.0	0.0	0.0	0.0	0.0	0.0	0.0	0.0	0.0	0.0	0.0	0.0	0.0
GSM4138112_HNSCC_2_PBMC_CGTGTAAAGACTCGGA	75.0606290677114	109.19280439812688	109.35244175649616	0.0	76.52837554777098	22.56397129479182	2.3998185980510645	39.63457939219428	21.63046073864191	0.0	0.0	0.0	15.772959262646747	0.0	0.0	0.0	0.0	38.600498481845534	0.0	0.0	0.0	0.0	0.0	0.0	0.0	0.0	0.0	0.0	0.0	0.0	0.0	0.0	0.0
GSM4138112_HNSCC_2_PBMC_CGTGTCTCACTTAACG	37.907828027988046	9.937002114868918	0.0	65.34576405932555	103.6949551019935	9.757105047445206	19.110450039055277	0.0	4.905971205461808	13.362943651511765	0.0	6.794429025922051	0.0	17.186633487159437	81.31984997461616	0.0	0.0	0.0	0.0	0.0	0.0	0.0	3.8591341384939715	0.0	0.0	0.0	0.0	0.0	0.0	0.0	0.0	0.0	0.0
GSM4138112_HNSCC_2_PBMC_CTCCTAGTCAAACAAG	57.041521409314605	107.98964667716886	89.46434004060973	0.0	0.0	34.435672647121386	0.0	0.0	24.205937193176442	0.0	36.905040332190005	41.57241674084894	0.0	0.0	0.0	0.0	2.8440682636993255	0.0	0.0	0.0	0.0	13.366556033808338	0.0	0.0	0.0	0.0	0.0	0.0	0.0	0.0	0.0	0.0	0.0
GSM4138112_HNSCC_2_PBMC_GATGAGGAGGATGTAT	157.7878191871837	0.0	144.78400380900513	0.0	0.0	0.0	0.0	180.03777674684153	35.86373682808165	316.6829860230601	0.0	0.0	54.38910695363531	11.225250246899563	0.0	0.0	0.0	0.0	0.0	0.0	23.359485515488473	0.0	0.0	0.0	0.0	0.0	136.17532902151504	0.0	0.0	0.0	0.0	0.0	0.0
GSM4138112_HNSCC_2_PBMC_GTCGTAAAGAACTCGG	50.8951963435991	0.0	76.2748353907823	0.0	68.71972731030974	28.09239185824489	0.0	0.0	6.910126788671846	0.0	59.45488433490594	0.0	0.0	0.0	0.0	0.0	0.0	0.0	0.0	0.0	0.0	0.0	0.0	0.0	0.0	0.0	0.0	0.0	0.0	0.0	0.0	0.0	0.0
GSM4138112_HNSCC_2_PBMC_GTGAAGGGTACAGACG	60.32114126109561	132.217642941307	0.0	0.0	0.0	20.09584543212405	21.3262247173983	71.51690226081837	15.022777837347855	0.0	0.0	0.0	18.933330400503973	0.0	0.0	0.0	0.0	0.0	0.0	0.0	0.0	33.81901571601662	0.0	0.0	0.0	92.82121136535206	0.0	0.0	0.0	0.0	0.0	0.0	0.0
GSM4138112_HNSCC_2_PBMC_TAAGTGCGTACCGCTG	81.62451567813818	3.4398541963278193	121.24307082592945	0.0	69.99458509846963	23.176465074289652	0.0	96.8382381555678	8.362037402997371	59.05089902976134	0.0	0.0	0.0	0.0	0.0	0.0	0.0	0.0	0.0	0.0	0.0	0.0	0.0	0.0	0.0	0.0	0.0	0.0	0.0	0.0	0.0	0.0	0.0
GSM4138112_HNSCC_2_PBMC_TACTCATCAAAGGTGC	131.79311490949854	250.1480967488945	0.0	191.053464545229	0.0	35.819714450861824	0.0	0.0	5.612733511685602	0.0	0.0	85.68947723026537	0.0	0.0	0.0	0.0	86.42384040281333	0.0	0.0	0.0	0.0	0.0	0.0	0.0	0.0	0.0	0.0	0.0	0.0	0.0	0.0	0.0	0.0
GSM4138112_HNSCC_2_PBMC_TATCTCACAATGGTCT	106.53609850245955	28.887531693051425	0.0	0.0	0.0	0.0	185.8909248232698	26.03495044783758	29.25798604539423	0.0	129.26689731804132	0.0	27.82965733239225	0.0	0.0	0.0	0.0	0.0	0.0	0.0	0.0	151.73505905858758	0.0	0.0	0.0	0.0	0.0	0.0	0.0	0.0	0.0	0.0	0.0
GSM4138112_HNSCC_2_PBMC_TCAGGATAGTAAGTAC	30.455506681575763	0.0	0.0	0.0	138.34786130010644	0.0	0.0	39.95746047589061	18.621102148251413	0.0	0.0	0.0	12.294220318212203	0.0	0.0	61.27964395598951	0.0	0.0	0.0	10.571308905301962	0.0	0.0	0.0	0.0	0.0	0.0	0.0	0.0	0.0	0.0	0.0	0.0	0.0
GSM4138112_HNSCC_2_PBMC_TCATTTGGTGACGGTA	84.85163361432843	132.1428511611259	0.0	177.5445999972091	0.0	24.01423207020872	0.0	5.716847817772109	13.053877743654713	0.0	0.0	36.25294862950681	0.0	0.0	17.28926219965342	0.0	18.825789015543762	0.0	0.0	0.0	0.0	0.0	0.0	0.0	0.0	0.0	0.0	0.0	0.0	0.0	0.0	0.0	0.0
GSM4138112_HNSCC_2_PBMC_TGATTTCAGCTAACAA	194.78830406088673	181.81591580782998	221.78996122922348	0.0	79.56322216910932	0.0	0.0	0.0	18.490967973851703	0.0	49.782681444685956	0.0	49.34346118999047	0.0	33.71116784377389	0.0	81.24926651576332	0.0	0.0	0.0	0.0	0.0	0.0	0.0	0.0	0.0	0.0	0.0	0.0	0.0	0.0	0.0	0.0
GSM4138112_HNSCC_2_PBMC_TGCCCATCATCCAACA	107.46780227776888	118.43288964488967	0.0	0.0	0.0	32.22719254688598	0.0	0.0	15.664039799940456	17.68703112272479	0.0	49.35304650868378	0.0	190.25776368014058	0.0	0.0	51.61372552437311	0.0	0.0	0.0	0.0	0.0	0.0	0.0	0.0	0.0	0.0	0.0	0.0	0.0	0.0	0.0	0.0
GSM4138112_HNSCC_2_PBMC_TGGGCGTTCGCATGGC	161.38807665513548	0.0	0.0	308.1746523106362	0.0	48.210262194880684	0.0	93.50502570857984	43.17094395736795	305.8807284075253	0.0	75.22306080269179	0.0	0.0	0.0	0.0	0.0	0.0	0.0	0.0	0.0	0.0	0.0	0.0	0.0	0.0	0.0	0.0	0.0	0.0	0.0	0.0	0.0
GSM4138112_HNSCC_2_PBMC_TTTGCGCGTTGGGACA	42.44798797838763	67.34330671845886	63.46836417197328	0.0	0.0	1.0649077613196183	0.0	19.79244485264171	10.619482238547807	0.0	0.0	0.0	0.0	0.0	0.0	0.0	0.0	0.0	0.0	0.0	0.0	0.0	0.0	0.0	0.0	0.0	0.0	0.0	0.0	6.471009905919497	0.0	0.0	0.0
GSM4138112_HNSCC_2_PBMC_ACACCGGGTATGCTTG	74.65959841867844	0.0	0.0	64.41043616063273	0.0	0.0	92.67092355859154	0.0	17.870768751175415	16.514964372348253	0.0	0.0	28.289117936882032	0.0	104.49998555408389	0.0	0.0	0.0	0.0	0.0	0.0	0.0	0.0	0.0	0.0	0.0	0.0	0.0	0.0	0.0	0.0	0.0	0.0
GSM4138112_HNSCC_2_PBMC_AGCAGCCAGGATGGTC	113.78361962621874	11.227955674373195	34.70639859928277	12.061116399635505	0.0	28.338436411849628	65.04737372474985	11.165034283215176	4.740406796166315	66.00404641200429	37.102971606213046	0.0	0.0	0.0	0.0	0.0	0.0	0.0	0.0	13.86275657573952	0.0	0.0	0.0	0.0	0.0	6.513690050354019	30.25306432058421	0.0	0.0	0.0	0.0	0.0	0.0
GSM4138112_HNSCC_2_PBMC_ATAGACCGTTACTGAC	33.32153094365868	0.0	0.0	30.53386548692334	43.199944715225605	11.840438622416182	10.208365480718639	83.55250025615337	7.335816720186309	0.0	0.0	0.0	4.2698454041806935	0.0	0.0	0.0	0.0	0.0	0.0	0.0	0.0	0.0	0.0	0.0	0.0	0.0	0.0	0.0	0.0	0.0	0.0	0.0	0.0
GSM4138112_HNSCC_2_PBMC_CAAGTTGTCCAAACAC	17.28446990846475	99.2802194007673	0.0	42.022931917178695	0.0	1.0876903715252315	0.0	24.479985777673377	1.5897796866428926	0.0	0.0	0.0	6.587517586978176	0.0	0.0	0.0	0.0	0.0	0.0	12.706323028961787	0.0	0.0	0.0	0.0	0.0	0.0	0.0	0.0	0.0	0.0	0.0	0.0	0.0
GSM4138112_HNSCC_2_PBMC_CATCCACAGTCGTACT	88.80019258128944	175.34873876964303	26.447038442497153	0.0	0.0	17.020658122078643	0.0	60.673142193352305	0.0	0.0	0.0	0.0	0.0	0.0	8.818401122796185	0.0	33.87104721983876	0.0	0.0	0.0	0.0	65.62798595095667	0.0	0.0	0.0	0.0	0.0	0.0	0.0	0.0	0.0	0.0	0.0
GSM4138112_HNSCC_2_PBMC_CCGTGGACATATACCG	106.31102891745222	166.5907762210715	129.37898042607628	0.0	0.0	0.7030237224376834	0.0	0.0	18.104699168970615	0.0	37.26837518606035	44.64046750713972	28.048450198104632	0.0	0.0	0.0	0.0	0.0	34.363004523008705	0.0	0.0	0.0	0.0	0.0	0.0	0.0	0.0	0.0	0.0	0.0	0.0	0.0	0.0
GSM4138112_HNSCC_2_PBMC_CCTCTGAGTTCGGGCT	73.66465550106614	117.3566121719724	0.0	0.0	0.0	0.0	0.0	0.0	22.104368305714697	0.0	0.0	0.0	40.89305043454127	0.0	0.0	126.1480629273663	0.0	0.0	0.0	0.0	0.0	0.0	0.0	54.8240571998641	0.0	0.0	0.0	0.0	0.0	0.0	0.0	0.0	0.0
GSM4138112_HNSCC_2_PBMC_CCTTCGATCGGCTTGG	77.8657484028686	0.0	0.0	24.808846849594804	113.56318128023317	45.24226255758594	0.0	0.0	34.647437515388475	0.0	0.0	71.525950474092	0.0	0.0	0.0	52.5144261977486	0.0	8.504064151126872	0.0	0.0	21.73178889488893	0.0	0.0	0.0	0.0	0.0	0.0	0.0	0.0	0.0	0.0	0.0	0.0
GSM4138112_HNSCC_2_PBMC_CTGATAGCAAGAAAGG	71.3659083000707	94.32774810446408	0.0	0.0	4.046966413475344	0.0	0.0	0.0	7.966781159855639	0.0	33.591307866874175	20.83404655222217	10.350554567583515	0.0	0.0	0.0	0.0	0.0	0.0	0.0	0.0	59.85439880372079	0.0	0.0	0.0	0.0	0.0	0.0	0.0	0.0	0.0	0.0	0.0
GSM4138112_HNSCC_2_PBMC_GCCTCTATCATGTGGT	137.98855106206832	16.75761236438775	0.0	241.8308697390564	232.42718385287247	0.0	0.0	0.0	36.653924570147446	0.0	10.74556748175882	0.0	39.391150051409674	0.0	0.0	0.0	0.0	0.0	0.0	190.09182320032582	0.0	0.0	0.0	0.0	0.0	0.0	0.0	0.0	0.0	0.0	0.0	0.0	0.0
GSM4138112_HNSCC_2_PBMC_GGGATGACAAGCGATG	114.52819866332504	112.5952652521528	0.0	163.10257337868657	0.0	34.30648235475318	9.679199992213913	0.0	20.338815872996587	0.0	0.0	5.819144218014455	2.5175582008379576	0.0	0.0	0.0	45.39538806662875	34.24812275162721	0.0	0.0	0.0	0.0	0.0	0.0	0.0	0.0	0.0	0.0	0.0	0.0	0.0	0.0	0.0
GSM4138112_HNSCC_2_PBMC_GGGTTGCGTTTGGCGC	77.6040895271501	31.005894766264916	0.0	49.07764811718589	93.46075417845654	35.538576964782656	0.0	0.0	24.420639781853126	0.0	74.43292254555078	0.0	0.0	0.0	0.0	0.0	0.0	0.0	0.0	0.0	62.399525880039434	0.0	0.0	0.0	0.0	0.0	0.0	0.0	0.0	0.0	0.0	0.0	0.0
GSM4138112_HNSCC_2_PBMC_GTCATTTTCACGCGGT	86.03579459897249	0.0	106.12041843083355	0.0	47.433720998409754	19.15865070448352	117.51423805891802	3.1338398545847763	17.438748204628396	0.0	0.0	0.0	0.0	0.0	0.0	0.0	0.0	22.459445486959133	0.0	0.0	0.0	0.0	0.0	19.246765949147957	0.0	0.0	0.0	0.0	0.0	0.0	0.0	0.0	0.0
GSM4138112_HNSCC_2_PBMC_TCCCGATGTGCGATAG	92.57985859645981	78.92921196880198	69.90732241071069	0.0	0.0	17.19786783934817	0.0	0.0	2.8335535517731008	0.0	0.0	0.0	9.036524388081467	6.107571951139725	0.0	0.0	0.0	0.0	31.43583863710835	0.0	0.0	0.0	0.0	0.0	0.0	0.0	0.0	0.0	0.0	0.0	0.0	0.0	0.0
GSM4138112_HNSCC_2_PBMC_TCGTACCTCAGCTCGG	123.59864807691875	130.98940045182644	0.0	142.85226359790957	144.76625066059978	153.37423180223144	0.0	0.0	31.801034022299817	0.0	0.0	101.08437577186136	0.0	0.0	0.0	0.0	33.468576962379395	0.0	0.0	0.0	0.0	0.0	0.0	0.0	0.0	0.0	0.0	0.0	0.0	0.0	0.0	0.0	0.0
GSM4138112_HNSCC_2_PBMC_TCTCATATCACAAACC	117.93533023320026	168.15725833832838	0.0	0.0	0.0	90.84847771132826	0.0	0.0	38.24188343815433	0.0	57.929681829001694	34.613792230643305	0.0	0.0	0.0	178.36780360379768	0.0	0.0	0.0	0.0	0.0	0.0	0.0	0.0	0.0	0.0	0.0	0.0	0.0	0.0	0.0	0.0	0.0
GSM4138112_HNSCC_2_PBMC_AACTGGTCATAACCTG	217.2966213787295	396.9171448312743	0.0	0.0	0.0	0.0	0.0	0.0	53.59865308230517	0.0	42.305464511338386	89.23735203600963	51.043587494558224	0.0	0.0	9.403976955930014	0.0	0.0	0.0	34.11885950550496	0.0	245.37608436644447	0.0	0.0	0.0	0.0	0.0	0.0	0.0	0.0	0.0	0.0	0.0
GSM4138112_HNSCC_2_PBMC_ACTGAACGTCTTGTCC	180.16601082163544	0.0	258.7296514759189	50.84870061113691	238.81969709101696	0.0	110.51697493849704	0.0	61.1410309036437	0.0	0.0	0.0	43.68983208052119	0.0	0.0	0.0	0.0	0.0	0.0	243.1515743316128	0.0	0.0	0.0	0.0	0.0	0.0	0.0	0.0	0.0	0.0	0.0	0.0	0.0
GSM4138112_HNSCC_2_PBMC_CGTCAGGCAGGAACGT	214.6856845497921	0.0	0.0	404.0924158096684	367.2555500640091	0.0	0.0	0.0	17.239926315150612	0.0	0.0	0.0	60.49680071773545	0.0	0.0	0.0	0.0	0.0	0.0	0.0	0.0	0.0	155.25092634623996	0.0	0.0	0.0	0.0	0.0	0.0	0.0	0.0	0.0	0.0
GSM4138112_HNSCC_2_PBMC_GAGGTGACAGGATCGA	117.75022033530216	0.0	117.07097106041903	0.0	114.52614693953689	28.29725433493746	84.23645418471926	0.0	29.846449309372225	0.0	0.0	83.17952830478451	0.0	0.0	0.0	0.0	46.92241365466254	0.0	0.0	0.0	0.0	59.59699790384095	0.0	0.0	0.0	0.0	0.0	0.0	0.0	0.0	0.0	0.0	0.0
GSM4138112_HNSCC_2_PBMC_GATCAGTAGCGATTCT	188.464927921227	348.78790327392886	344.2246423134362	0.0	12.67129992078144	69.56583422662735	29.36692901222205	0.0	23.382318537472948	0.0	0.0	233.09606460109356	0.0	0.0	16.550086105358663	0.0	9.041250797085741	0.0	0.0	0.0	0.0	0.0	0.0	0.0	0.0	0.0	0.0	0.0	0.0	0.0	0.0	0.0	0.0
GSM4138112_HNSCC_2_PBMC_GCAAACTTCGTGGACC	259.4543576310375	412.19723595266566	0.0	0.29433931208861763	0.0	80.43773354053934	0.0	1.6020572253701126	61.976092269743276	0.0	124.50558462372157	0.0	0.0	0.0	0.0	0.0	0.0	0.0	0.0	144.15538355340928	255.46438455050622	58.12286943059249	0.0	0.0	0.0	0.0	0.0	0.0	0.0	0.0	0.0	83.50789020691471	0.0
GSM4138112_HNSCC_2_PBMC_GCATACAAGGCTACGA	175.6774586269239	415.50939676680514	72.80991694174658	238.4908653922417	0.0	0.04563951700381401	0.0	0.0	38.967982357391676	0.0	33.79717616720849	62.49295083260171	76.75291809867664	0.0	140.68172436772082	0.0	0.0	0.0	0.0	79.80863139514764	0.0	0.0	0.0	0.0	0.0	0.0	15.051160779177863	0.0	0.0	0.0	0.0	0.0	0.0
GSM4138112_HNSCC_2_PBMC_GCTTGAAAGGAATGGA	132.6037478651233	0.0	159.58325372370078	3.7253222543492273	0.0	0.0	0.0	119.26847183643514	9.759881258873921	321.1576696107082	0.0	123.6892017526747	41.18733520314465	0.0	0.0	0.0	0.0	0.0	0.0	0.0	0.0	0.0	0.0	0.0	0.0	0.0	0.0	0.0	0.0	0.0	0.0	0.0	0.0
GSM4138112_HNSCC_2_PBMC_GTCATTTCAGCTCGAC	163.98393058083408	0.0	0.0	0.0	0.0	0.0	45.400860549945236	0.0	31.01982286747641	305.20600059522496	141.01869278737055	88.17605900744044	53.97753965633556	0.0	0.0	0.0	0.0	0.0	0.0	0.0	0.0	243.21138685724623	0.0	0.0	0.0	0.0	0.0	0.0	0.0	0.0	0.0	0.0	0.0
GSM4138112_HNSCC_2_PBMC_AATCGGTCAGGCAGTA	138.73331255628605	0.0	458.0712127835429	0.0	73.00715106959562	0.0	47.17276716293403	0.0	50.34943153303107	311.97494390464175	0.0	0.0	63.21114876393928	0.0	0.0	0.0	0.0	270.8617989268233	0.0	0.0	0.0	0.0	0.0	0.0	0.0	0.0	0.0	0.0	0.0	0.0	0.0	0.0	0.0
GSM4138112_HNSCC_2_PBMC_ACACCAAGTTCCCTTG	171.56309079033292	252.66612714531175	0.0	145.2055734709168	0.0	0.0	0.0	0.0	46.68608920898155	0.0	0.0	0.0	49.02815137232206	0.0	0.0	0.0	0.0	0.0	85.30693461986358	0.0	0.0	0.0	132.26419327766817	0.0	96.93350730276657	30.091685813894475	0.0	0.0	0.0	6.8190155735006925	0.0	0.0	0.0
GSM4138112_HNSCC_2_PBMC_ACGTCAACAATAGCAA	0.0	3019.5240186187502	0.0	0.0	5.687095147829542	0.0	0.0	0.0	0.0	209.6979437132688	0.0	0.0	0.0	0.0	0.0	0.0	0.0	0.0	0.0	0.0	0.0	0.0	0.0	0.0	0.0	0.0	0.0	0.0	0.0	0.0	0.0	0.0	0.0
GSM4138112_HNSCC_2_PBMC_ACTGCTCCACATGGGA	240.75953340168738	0.0	0.0	0.0	439.27048765583794	57.06009484178953	0.0	340.3214779817802	30.455301384642418	0.0	0.0	0.0	20.965156006966357	0.0	0.0	0.0	0.0	0.0	0.0	0.0	254.55557937217324	0.0	0.0	0.0	19.145553096665886	0.0	0.0	23.86495539877851	50.30375792764849	0.0	0.0	135.99314337153675	0.0
GSM4138112_HNSCC_2_PBMC_AGGGATGTCTCTTGAT	208.9978886684971	248.8191259932405	239.74034840194824	0.0	0.0	52.07391396078361	0.0	0.0	35.099031548623685	41.76141040242096	0.0	139.2758414043089	0.0	0.0	0.0	0.0	0.0	0.0	0.0	0.0	0.0	0.0	0.0	0.0	0.0	0.0	0.0	0.0	0.0	0.0	0.0	0.0	0.0
GSM4138112_HNSCC_2_PBMC_ATCTGCCTCGTGGACC	165.2008832167105	0.0	240.89414332532743	0.0	378.75259236478615	42.852147389702445	0.0	192.58975947833142	15.79330489826503	0.0	0.0	0.0	0.0	0.0	0.0	0.0	0.0	0.0	0.0	0.0	0.0	0.0	0.0	0.0	0.0	0.0	0.0	0.0	0.0	0.0	0.0	0.0	0.0
GSM4138112_HNSCC_2_PBMC_CCCAGTTTCACGCATA	191.12370532030744	575.091740616689	0.0	0.0	0.0	73.72610947832622	0.0	0.0	47.55944623887383	0.0	0.0	11.186524712152854	0.0	0.0	111.75311458414464	500.72462124615174	0.0	0.0	0.0	43.996947432694824	0.0	0.0	0.0	144.28735943814698	0.0	0.0	0.0	0.0	0.0	0.0	0.0	0.0	0.0
GSM4138112_HNSCC_2_PBMC_CTGAAGTCACGAGAGT	223.25179284339544	371.4775836373784	157.76595833360096	69.78079417097715	0.0	54.90032725758877	95.55380281231639	0.0	19.9834548305954	0.0	0.0	225.88116542568238	0.0	0.0	0.0	0.0	0.0	0.0	0.0	0.0	131.8203518266066	0.0	0.0	0.0	0.0	0.0	0.0	0.0	0.0	0.0	0.0	0.0	0.0
GSM4138112_HNSCC_2_PBMC_CTGATAGCACCGCTAG	243.39202151566292	234.90168361155708	0.0	0.0	0.0	0.0	78.25817343846174	0.0	21.29854703495543	0.0	0.0	110.15874987808809	49.95313067029825	0.0	0.0	181.35292519930704	33.65885622356715	9.411237513804345	0.0	0.0	0.0	0.0	0.0	0.0	0.0	0.0	0.0	0.0	0.0	0.0	0.0	0.0	0.0
GSM4138112_HNSCC_2_PBMC_CTGCTGTGTCCGAACC	92.65038917626525	0.0	0.0	28.106478272460283	0.0	0.0	0.0	0.0	18.64494474305061	241.02869492620638	0.0	0.0	15.597826020363376	0.0	0.0	0.0	0.0	0.0	41.52075873003646	0.0	0.0	0.0	0.0	113.62004156836882	0.0	0.0	137.38925892366134	0.0	0.0	0.0	0.0	0.0	0.0
GSM4138112_HNSCC_2_PBMC_GACGGCTAGCGTAATA	196.6355041019908	0.0	370.13055418587237	0.0	312.38434530236935	82.06435262588194	70.55994919292307	0.0	51.237636707739405	0.0	0.0	237.56063743813266	0.0	0.0	0.0	0.0	30.724485539979625	0.0	0.0	0.0	0.0	0.0	0.0	0.0	0.0	0.0	0.0	0.0	0.0	0.0	0.0	0.0	0.0
GSM4138112_HNSCC_2_PBMC_GATCGTACAAGACACG	233.25724213819532	50.13087642838499	0.0	0.0	212.30552284072266	0.0	0.0	0.0	32.100697152565374	0.0	0.0	0.0	30.58458263498601	144.61343995268433	0.0	0.0	0.0	256.0882673548463	0.0	0.0	0.0	0.0	0.0	0.0	0.0	0.0	0.0	0.0	0.0	0.0	0.0	0.0	0.0
GSM4138112_HNSCC_2_PBMC_TAGACCAAGGCCGAAT	276.8524232521665	515.590317073741	0.0	376.14492257389827	32.43816852687314	0.0	2.489535162169076	0.0	57.04422978589547	0.0	295.24208977643355	0.0	70.12735962440354	0.0	0.0	0.0	0.0	0.0	0.0	18.219127720209954	0.0	0.0	0.0	0.0	0.0	0.0	98.38739901743264	0.0	0.0	0.0	0.0	0.0	0.0
GSM4138112_HNSCC_2_PBMC_TGCGTGGTCACCTTAT	228.90374669746208	474.173472020705	0.0	282.09683858666585	0.0	42.32881557501225	0.0	0.0	57.82280395403032	0.0	49.092741207331315	212.37007629080853	0.0	0.0	37.37431481525862	0.0	0.0	2.930886367671214	0.0	0.0	0.0	0.0	0.030393593843786846	0.0	0.0	0.0	147.02536331929312	0.0	0.0	0.0	0.0	0.0	0.0
GSM4138112_HNSCC_2_PBMC_AAACCTGCATTATCTC	360.2713340200097	0.0	0.0	181.74433079799502	138.5695992442227	29.851003044976135	0.0	0.0	126.34065505427493	34.70179054093833	147.55870653033298	0.0	0.0	0.0	0.0	0.0	0.0	0.0	0.0	0.0	0.0	0.0	0.0	0.0	0.0	0.0	0.0	0.0	0.0	0.0	0.0	0.0	0.0
GSM4138112_HNSCC_2_PBMC_AACGTTGTCATGTCTT	394.3858078519373	0.0	0.0	0.0	0.0	0.0	0.0	0.0	121.06929052468793	163.4308657608825	0.0	0.0	68.3381833591907	0.0	0.0	0.0	0.0	150.6799039154256	0.0	0.0	0.0	0.0	0.0	0.0	0.0	0.0	0.0	271.44032327514765	0.0	0.0	0.0	0.0	0.0
GSM4138112_HNSCC_2_PBMC_AACTCTTGTATAGGTA	368.2401303900111	0.0	0.0	0.0	106.33358050141364	0.0	32.54859292283957	0.0	111.4848596217567	0.0	0.0	0.0	46.64941415185414	0.0	0.0	0.0	171.6039385068659	0.0	0.0	0.0	0.0	197.1947889116581	0.0	0.0	0.0	0.0	0.0	0.0	0.0	0.0	0.0	0.0	0.0
GSM4138112_HNSCC_2_PBMC_ACGATGTTCTGGTATG	324.0537928708886	0.0	0.0	0.0	231.5401968738932	22.51329542142593	0.0	0.0	116.31695269167129	0.0	0.0	0.0	0.0	0.0	0.0	0.0	0.0	0.0	123.9438321280003	0.0	188.94820557199577	0.0	0.0	0.0	30.774828194592793	0.0	0.0	0.0	0.0	0.0	0.0	0.0	0.0
GSM4138112_HNSCC_2_PBMC_ACTGAGTAGGAGTACC	350.71912766787403	184.83461872100534	0.0	239.0423225734169	0.0	35.00403832000148	0.0	0.0	126.43710662024776	0.0	0.0	0.0	35.73187748291694	0.0	0.0	0.0	0.0	0.0	0.0	0.0	0.0	0.0	107.4016392492464	0.0	0.0	0.0	0.0	0.0	0.0	0.0	0.0	0.0	0.0
GSM4138112_HNSCC_2_PBMC_AGCATACCAAAGGCGT	319.0144445983423	0.0	0.0	0.0	0.0	4.864082332934729	57.214804260173494	0.0	97.01714194279825	66.08033033792086	0.0	0.0	21.858585301053733	0.0	0.0	258.37219680676503	0.0	132.68488030451036	0.0	0.0	0.0	0.0	0.0	0.0	0.0	0.0	0.0	0.0	0.0	0.0	0.0	0.0	0.0
GSM4138112_HNSCC_2_PBMC_ATCATGGGTCAAAGAT	333.7403204121819	91.00949106959187	171.23635759236294	0.0	0.0	17.532189269765837	0.0	0.0	110.90558209367478	54.2365849351397	0.0	0.0	26.092375536875384	0.0	0.0	0.0	0.0	0.0	0.0	0.0	0.0	0.0	104.04530073901138	0.0	0.0	0.0	0.0	0.0	0.0	0.0	0.0	0.0	0.0
GSM4138112_HNSCC_2_PBMC_ATCCGAACATAACCTG	255.8767404596034	0.0	33.76970282685291	0.0	0.0	0.0	0.0	149.13371214261846	86.34992208719895	201.62160910823636	0.0	0.0	18.497080568967018	0.0	0.0	0.0	0.0	0.0	0.0	2.514991563685348	103.41170153144384	0.0	0.0	0.0	0.0	0.0	0.0	0.0	0.0	0.0	0.0	0.0	26.828776667588297
GSM4138112_HNSCC_2_PBMC_ATGAGGGAGACTAGGC	213.9879442520935	0.0	0.0	131.80019534720475	0.0	22.477217658455036	0.0	0.0	60.3222389839762	184.05797779033952	0.0	0.0	9.767747992297252	0.0	0.0	0.0	0.0	0.0	0.0	0.0	0.0	0.0	30.111441315295817	60.643211953236516	0.0	0.0	0.0	0.0	0.0	0.0	0.0	0.0	0.0
GSM4138112_HNSCC_2_PBMC_CAGCTGGGTACCATCA	193.15487899649577	68.57863573708033	0.0	123.93001986470296	0.0	0.0	0.0	0.0	53.589837564269665	0.0	0.0	0.0	29.112762310484122	0.0	0.0	0.0	0.0	0.0	0.0	28.000627365795953	0.0	0.0	40.40050755200715	0.5191454993038475	0.0	0.0	0.0	0.0	0.0	46.23772513776973	0.0	0.0	0.0
GSM4138112_HNSCC_2_PBMC_CATCCACAGCGTCAAG	295.4924387973065	208.24811807047686	0.0	280.3255562033227	22.36608223187094	4.046087705614022	0.0	0.0	110.44184653408793	45.136174581603925	306.9378415362161	0.0	48.31867350712255	0.0	0.0	0.0	0.0	0.0	0.0	0.0	0.0	0.0	0.0	0.0	0.0	0.0	117.20537539827703	0.0	0.0	0.0	0.0	0.0	0.0
GSM4138112_HNSCC_2_PBMC_CCGTTCATCTGTGCAA	358.11688859966927	0.0	222.28484303529382	0.0	23.945589111939082	5.479581973146666	133.74968901679887	0.0	154.06073636644498	20.204100033214402	0.0	0.0	50.69039742713831	0.0	0.0	0.0	0.0	0.0	0.0	171.29122321061436	0.0	0.0	0.0	0.0	0.0	0.0	0.0	0.0	0.0	0.0	0.0	0.0	0.0
GSM4138112_HNSCC_2_PBMC_CGGTTAAAGCAATCTC	308.4387162687088	63.24802252637132	105.33486927434483	0.0	31.832126220446458	15.822577810244734	24.583337495652547	0.0	156.06527857097512	0.0	0.0	0.0	0.0	0.0	0.0	0.0	0.0	0.0	0.0	0.0	0.0	0.0	157.92008177846157	0.0	0.0	0.0	0.0	0.0	0.0	0.0	0.0	0.0	0.0
GSM4138112_HNSCC_2_PBMC_CTTCTCTCAGAGCCAA	316.0516263394329	124.42124063577194	419.7947421533317	0.0	236.68637657212275	57.89827044243125	10.85689190862697	200.52162192933153	71.45127972951998	0.0	0.0	6.724833176526883	2.443047991466439	0.0	0.0	0.0	0.0	0.0	16.319564820618826	37.423558175509875	0.0	0.0	0.0	0.0	0.0	0.0	0.0	0.0	0.0	0.0	0.0	0.0	0.0
GSM4138112_HNSCC_2_PBMC_GCACATACAATGAAAC	447.8173643157491	41.41253705017281	0.0	0.0	96.0772464925661	28.43953833904642	23.294253216111702	153.6930071063862	91.88743755964913	0.0	0.0	0.0	15.1545869222447	325.2077259046844	0.0	0.0	0.0	0.0	0.0	0.0	0.0	0.0	0.0	0.0	0.0	0.0	0.0	0.0	0.0	0.0	0.0	0.0	0.0
GSM4138112_HNSCC_2_PBMC_GCTCCTAAGTGAAGTT	339.06435442712666	0.0	0.0	0.0	0.0	0.0	153.60273114830358	0.0	145.4765094080884	0.0	0.0	0.0	69.81259694649039	0.0	0.0	0.0	0.0	0.0	0.0	0.0	0.0	93.39018386966671	168.1094222431401	0.0	0.0	0.0	0.0	0.0	0.0	0.0	0.0	0.0	84.39302483434535
GSM4138112_HNSCC_2_PBMC_GCTGGGTGTTTCGCTC	340.3057721437968	0.0	0.0	193.8119039227708	168.6302160863912	0.0	0.0	0.0	89.37373994800298	0.0	110.61444861390679	0.0	141.43203042090266	0.0	0.0	0.0	0.0	0.0	0.0	0.0	0.0	0.0	0.0	0.0	0.0	0.0	0.0	0.0	0.0	0.0	0.0	0.0	0.0
GSM4138112_HNSCC_2_PBMC_GGATGTTGTGTCGCTG	311.37263092204176	164.87101659113426	0.0	0.0	0.0	0.0	0.0	0.0	119.48231077417726	0.0	0.0	0.0	30.20225323424851	245.46266256356773	0.0	0.0	0.0	0.0	73.4044360900849	0.0	0.0	0.0	0.0	0.0	0.0	0.0	0.0	0.0	0.0	0.0	0.0	0.0	0.0
GSM4138112_HNSCC_2_PBMC_GGCGACTTCTTGTTTG	298.05150100822664	0.0	0.0	236.98984024464295	0.0	0.0	0.0	0.0	127.21501242384555	163.59832825344893	0.0	0.0	33.62209679083802	0.0	0.0	0.0	86.59566574992435	0.0	0.0	63.46722998580184	0.0	0.0	0.0	0.0	0.0	0.0	0.0	0.0	0.0	0.0	0.0	0.0	0.0
GSM4138112_HNSCC_2_PBMC_GGCTCGATCATTGCGA	0.0	0.0	0.0	0.0	0.0	0.0	0.0	0.0	1461.0884311962195	0.0	0.0	0.0	0.0	0.0	0.0	0.0	0.0	0.0	0.0	0.0	0.0	0.0	0.0	0.0	0.0	0.0	0.0	0.0	0.0	0.0	0.0	0.0	0.0
GSM4138112_HNSCC_2_PBMC_GTGTTAGGTCTCAACA	282.2801922149919	0.0	0.0	0.0	142.40696288962917	0.0	0.0	0.0	112.80936019169182	28.962344440424367	126.03607246185648	0.0	46.30370042622435	0.0	0.0	0.0	0.0	0.0	0.0	0.0	0.0	0.0	0.0	0.0	0.0	208.42556302140633	0.0	0.0	0.0	0.0	0.0	0.0	0.0
GSM4138112_HNSCC_2_PBMC_TCAATCTCAGGTTTCA	307.0704540529685	0.0	149.1811133942957	0.0	14.226966610130983	0.0	0.0	0.0	259.2928084929275	173.42229153214106	0.0	0.0	37.50357109415377	33.74640267883615	0.0	0.0	0.0	0.0	0.0	0.0	0.0	0.0	0.0	37.85912181729926	0.0	0.0	0.0	0.0	0.0	0.0	0.0	0.0	0.0
GSM4138112_HNSCC_2_PBMC_TCACGAAGTGACGCCT	401.5710096057371	216.87688578476235	0.0	0.0	0.0	0.0	0.0	0.0	114.56315943732383	0.0	0.0	0.0	50.9490013155551	0.036312915121979344	112.22283157123817	236.35844097321166	0.0	0.0	0.0	0.0	0.0	0.0	21.190327823513936	16.830015576112782	0.0	0.0	0.0	0.0	0.0	0.0	0.0	0.0	0.0
GSM4138112_HNSCC_2_PBMC_TGCGCAGTCCAAGTAC	398.95677672241476	101.7732517495964	0.0	44.756110744170456	71.18899135510792	0.0	0.0	0.0	134.30569207636174	0.0	0.0	0.0	35.447347873727104	0.0	0.0	206.97356393912366	0.0	0.0	0.0	0.0	0.0	0.0	196.54257187385	0.0	0.0	0.0	0.0	0.0	0.0	0.0	0.0	0.0	0.0
GSM4138112_HNSCC_2_PBMC_TTCTCCTAGTACGTTC	416.8528368880886	0.0	187.48240609685433	0.0	39.33506569520063	6.0254035971153845	0.0	179.10507371215388	104.53359462332486	102.24161012189441	0.0	0.0	33.38852849615061	0.0	0.0	0.0	0.0	0.0	0.0	0.0	0.0	0.0	0.0	0.0	0.0	0.0	0.0	0.0	0.0	0.0	0.0	0.0	0.0
GSM4138112_HNSCC_2_PBMC_TTTACTGAGACTGTAA	3477.852270380728	0.0	0.0	0.0	0.0	0.0	0.0	0.0	0.0	0.0	0.0	0.0	0.0	0.0	0.0	0.0	0.0	0.0	0.0	0.0	0.0	0.0	0.0	0.0	0.0	0.0	0.0	0.0	0.0	0.0	0.0	0.0	0.0
GSM4138112_HNSCC_2_PBMC_AGCAGCCTCCGTAGGC	0.0	0.0	0.0	0.0	0.0	0.0	0.0	0.0	0.0	0.0	93.30402792204134	96.41382532402673	0.0	0.0	3194.0279597555714	0.0	0.0	0.0	63.694755407313956	0.0	0.0	0.0	0.0	0.0	0.0	0.0	0.0	0.0	0.0	0.0	0.0	0.0	0.0
GSM4138112_HNSCC_2_PBMC_CAGCGACAGACACGAC	0.0	0.0	0.0	48.98097113864065	0.0	0.0	0.0	0.0	0.0	0.0	0.0	0.0	0.0	0.0	0.0	0.0	0.0	0.0	0.0	0.0	4347.328676844623	23.03687739983632	0.0	0.0	0.0	0.0	22.66903217460485	37.13634742756448	0.0	0.0	0.0	0.0	0.0
