	1	2	3	4	5	6	7	8	9	10	11	12	13	14	15	16	17	18	19	20	21	22	23	24	25	26	27	28	29	30	31
GSM4138112_HNSCC_2_PBMC_AACCGCGAGGGCTCTC	0.0	47.50134541961167	0.0	0.0	0.0	0.0	70.25702890540144	63.47555801043421	0.0	14.386193320893911	0.0	0.0	87.32238072109612	0.0	0.0	26.357648174985314	0.0	0.0	0.0	0.0	0.0	0.0	0.0	0.0	0.0	0.0	0.0	0.0	0.0	0.0	0.0
GSM4138112_HNSCC_2_PBMC_AGCCTAAAGAGGGCTT	101.29181390291191	53.34373720219745	0.0	67.65260034533908	0.0	0.0	0.0	0.0	26.413699351744484	0.7611019391360722	11.852288435639133	0.0	0.0	0.0	0.0	0.0	0.0	0.0	0.0	0.0	0.0	0.0	0.0	0.0	0.0	0.0	0.0	0.0	0.0	0.0	0.0
GSM4138112_HNSCC_2_PBMC_ATAGACCTCTACGAGT	86.10617903020429	118.32565194994127	0.0	0.0	0.0	0.0	0.0	0.0	0.0	8.100286625862852	20.86611890711243	0.0	83.9991885226585	0.0	45.298805696224875	0.0	0.0	0.0	0.0	0.0	1.7434891923805624	0.0	0.0	0.0	0.0	0.0	0.0	0.0	0.0	0.0	0.0
GSM4138112_HNSCC_2_PBMC_CAGCGACCAGGGAGAG	52.93543601451679	48.29703167558562	0.0	75.96353014423299	0.0	9.958888017948427	0.0	0.0	0.0	0.0	24.945414696688765	0.0	0.0	0.0	0.0	0.0	0.0	0.0	0.0	0.0	0.0	6.423217760243338	0.0	37.529590757134706	0.0	0.0	0.0	0.0	0.0	0.0	0.0
GSM4138112_HNSCC_2_PBMC_CCTAGCTAGACACTAA	146.59225681287052	43.86965258419316	60.19922403000368	0.0	0.0	0.0	0.0	42.456247133107716	0.0	4.811880485372981	0.0	0.0	0.0	7.521037145162281	0.0	0.0	0.0	0.0	0.0	0.0	0.0	0.0	0.0	0.0	0.0	0.0	0.0	0.0	0.0	0.0	0.0
GSM4138112_HNSCC_2_PBMC_CGCGTTTCACGGACAA	85.45444864453609	34.441283456979704	0.0	0.0	0.0	0.0	0.0	0.0	30.2918339354631	3.6013358751801094	0.0	81.7252450588045	0.0	14.172577859730286	0.0	0.0	0.0	0.0	7.162336883765882	0.0	0.0	0.0	0.0	0.0	0.0	0.0	0.0	0.0	0.0	0.0	0.0
GSM4138112_HNSCC_2_PBMC_CGTGTCTCATTCCTCG	31.848309049559905	73.23060731063269	0.0	0.0	0.0	75.15693543547454	0.0	68.6876344412158	0.0	4.148436132670726	8.439598516082286	0.0	0.0	0.0	0.0	0.0	0.0	0.0	0.0	0.0	0.0	0.0	0.0	0.0	0.0	0.0	0.0	0.0	44.88376133330345	0.0	0.0
GSM4138112_HNSCC_2_PBMC_CTAACTTCATAGACTC	112.14820696089602	54.08207577769016	0.0	0.0	31.46642565616522	0.0	0.0	0.0	0.0	0.0	21.10150369689848	32.00281581701802	0.0	44.19676744249825	0.0	0.0	35.131149015559004	0.0	0.0	0.0	0.0	28.966910838209763	12.31280869033776	0.0	0.0	0.0	0.0	0.0	0.0	0.0	0.0
GSM4138112_HNSCC_2_PBMC_CTAACTTGTAGCGCTC	0.0	49.55403905300382	0.0	55.4742135162119	62.14784248433838	54.81262962419957	0.0	0.0	0.0	15.160305401322907	0.0	9.33950282508969	0.0	0.0	0.0	17.379832941893717	0.0	0.0	0.0	0.0	0.0	0.0	0.0	0.0	0.0	0.0	0.0	0.0	0.0	0.0	0.0
GSM4138112_HNSCC_2_PBMC_GAATGAATCTTACCTA	147.46174048581295	163.3962145780905	0.0	0.0	23.070190905366836	0.0	0.0	0.0	0.0	3.8201537997836184	0.0	0.0	0.0	79.54460306964796	0.0	0.0	0.0	0.0	0.0	0.0	51.960302883472025	0.0	66.77542221251255	5.921096083874072	0.0	0.0	0.0	0.0	0.0	56.98667497580333	0.0
GSM4138112_HNSCC_2_PBMC_GATTCAGTCCATGCTC	162.59846012734317	216.45586825615558	0.0	0.0	0.0	0.0	0.0	0.0	13.592422895089829	0.0	85.19994958036335	0.0	0.0	0.0	0.0	0.0	0.0	0.0	87.72634913182357	0.0	0.0	16.89681077818802	0.0	60.46437769558908	0.0	0.0	0.0	0.0	99.97521767038715	0.0	0.0
GSM4138112_HNSCC_2_PBMC_GCTGCGACACGCCAGT	0.0	31.061703109771784	0.0	0.0	40.81028263947504	80.97063911094905	0.0	0.0	0.0	11.757300311661314	0.0	89.27582617463821	0.0	0.06876713330630026	0.0	14.905705401607959	0.0	0.0	0.0	0.0	0.0	0.0	0.0	0.0	0.0	0.0	0.0	22.03912887795835	0.0	0.0	0.0
GSM4138112_HNSCC_2_PBMC_GGATTACGTCCGAACC	93.6824947597649	86.40503501941211	0.0	120.98510157235653	0.0	0.0	0.0	0.0	0.0	0.0	30.891200900210748	0.0	0.0	0.0	0.0	0.0	0.0	0.0	0.0	26.051464512105063	0.0	0.0	0.0	0.0	0.0	0.0	0.0	0.0	0.0	0.0	0.0
GSM4138112_HNSCC_2_PBMC_GGGAATGAGAAACGAG	228.7803348181677	239.02716949638545	145.79468086229528	0.0	0.0	0.0	0.0	0.0	104.06727397075893	7.042471410321578	0.0	0.0	0.0	0.0	0.0	116.69262877521454	0.0	0.0	0.0	0.0	0.0	0.0	0.0	7.984437311192006	0.0	0.0	0.0	0.0	0.0	0.0	0.0
GSM4138112_HNSCC_2_PBMC_GTCGGGTTCACCCTCA	47.965861692499296	279.6354189911715	59.86565301783413	0.0	0.0	0.0	0.0	0.0	20.060067804376587	4.802507373273726	75.16451420422686	0.0	0.0	0.0	0.0	0.0	0.0	17.176148746371396	0.0	0.0	0.0	0.0	0.0	0.0	0.0	0.0	0.0	0.0	0.0	0.0	0.0
GSM4138112_HNSCC_2_PBMC_GTTCATTAGGGAACGG	83.55121329461434	64.25833581750727	0.0	0.0	0.0	0.0	0.0	0.0	10.92693362050624	3.4888023527277525	0.0	71.93236540155578	0.0	13.877570927102905	0.0	0.0	0.0	18.60708357711812	0.0	0.0	33.059202232129714	0.0	0.0	0.0	0.0	0.0	0.0	0.0	0.0	0.0	0.0
GSM4138112_HNSCC_2_PBMC_GTTCTCGCATCCGCGA	0.0	54.810562548570026	0.0	0.0	0.0	78.02484474855002	0.0	73.98806749779334	0.0	7.592822175922151	34.53008928252953	0.0	72.35168867125024	0.0	0.0	0.0	0.0	0.0	0.0	0.0	0.0	0.0	0.0	0.0	0.0	0.0	0.0	0.0	0.0	0.0	0.0
GSM4138112_HNSCC_2_PBMC_GTTTCTACATACCATG	73.73549557461448	68.41448971286184	73.66543091373215	0.0	0.0	0.0	0.0	0.0	19.39330721318161	0.0	0.0	0.0	0.0	0.0	0.0	13.258656988555874	0.0	0.0	0.0	0.0	32.184910852778515	0.0	0.0	0.0	0.0	0.0	0.0	0.0	0.0	0.0	0.0
GSM4138112_HNSCC_2_PBMC_TACCTTAAGACAGAGA	46.3822519815852	61.23501514045588	0.0	0.0	25.103162231021518	28.866805224409273	0.0	0.0	0.0	10.490169777407809	0.4813715034532334	0.0	26.780882899413726	0.0	0.0	14.32394105944887	69.51132673984903	4.009352003811595	0.0	0.0	1.7884642753693012	0.0	0.0	2.1497938293608323	0.0	0.0	0.0	0.0	0.0	0.0	0.0
GSM4138112_HNSCC_2_PBMC_TACGGGCCAGACAGGT	101.71476632193539	146.5124647036449	0.0	62.544212147247954	0.0	0.0	0.0	0.0	0.0	5.61572043994672	0.0	0.0	0.0	7.213746771856565	37.154623139172536	0.0	0.0	0.0	0.0	0.0	0.0	0.0	0.0	0.0	0.0	0.0	0.0	0.0	0.0	0.0	0.0
GSM4138112_HNSCC_2_PBMC_TACTCATTCACAGGCC	106.70539723368138	36.24951852193312	0.0	0.0	0.0	0.0	0.0	29.70200125885876	0.0	0.0	19.10820223481057	64.28264491201254	0.0	0.0	0.0	18.448640377631484	0.0	0.0	2.1144035605772946	0.0	0.0	3.1323569036735384	0.0	0.0	0.0	0.0	0.0	0.0	0.0	0.0	0.0
GSM4138112_HNSCC_2_PBMC_TGAAAGAGTTCCACAA	0.0	299.8596649071393	0.0	77.29286492772889	0.0	207.1263229438353	0.0	0.0	13.98842947723461	9.104378335092338	59.93036041756558	28.636182088455133	31.011321193603447	0.0	0.0	0.0	0.0	0.0	0.0	102.70922824940507	0.0	0.0	41.72800616610673	0.0	0.0	0.0	0.0	0.0	0.0	0.0	0.0
GSM4138112_HNSCC_2_PBMC_TGCTACCTCAAGAAGT	0.0	38.91130415761293	60.281091904845574	0.0	95.15548389010758	0.0	60.681182078037715	0.0	0.0	0.0	12.581011817006095	0.0	0.0	0.0	0.0	5.860780680550359	0.0	0.0	0.0	15.677245488604925	0.0	2.2483841575630223	0.0	0.0	0.0	0.0	0.0	0.0	0.0	0.0	0.0
GSM4138112_HNSCC_2_PBMC_TGTGTTTTCCCTTGTG	0.0	0.0	0.0	0.0	0.0	0.0	0.0	0.0	0.0	0.0	0.0	0.0	0.0	9.405060281568897	0.0	1481.77883430689	0.0	0.0	0.0	0.0	0.0	0.0	0.0	0.0	0.0	0.0	0.0	0.0	0.0	0.0	0.0
GSM4138112_HNSCC_2_PBMC_TTCTTAGAGTATCTCG	18.108977873180926	66.85649330840421	0.0	140.70836014865796	29.612884663260765	30.614153726011185	0.0	7.149459103197617	0.0	0.0	0.0	0.0	0.0	0.0	0.0	28.585237926098788	0.0	0.0	0.0	0.0	0.0	8.732919844592333	0.0	0.0	0.0	0.0	0.0	0.0	0.0	0.0	0.0
GSM4138112_HNSCC_2_PBMC_TTGAACGCAATCTGCA	110.23353446589537	36.62982052962225	0.0	73.52650526793832	0.0	0.0	22.066168120895576	0.0	25.105534661214495	0.0	10.383095178541145	0.0	0.0	0.0	0.0	0.0	0.0	0.0	0.0	0.0	0.0	0.0	24.86206355608149	0.0	0.0	0.0	0.0	0.0	0.0	0.0	0.0
GSM4138112_HNSCC_2_PBMC_TTGACTTTCACAGGCC	0.0	28.861091619269693	0.0	0.0	0.0	0.0	84.42656077854724	26.944478955643604	0.0	2.8382956686379406	27.476471332334874	0.0	107.84441280329814	0.0	0.0	0.0	0.0	0.0	0.0	0.0	0.0	0.0	0.0	0.0	0.0	0.0	0.0	0.0	0.0	0.0	0.0
GSM4138112_HNSCC_2_PBMC_TTGACTTTCCTTTACA	0.0	42.59061083583992	50.50595064212374	0.0	81.42744225950865	0.0	68.97888377048378	0.0	0.0	16.8278559212491	23.202153919162654	0.0	0.0	0.0	0.0	0.0	0.0	0.0	0.0	0.0	0.0	0.0	0.0	0.0	0.0	0.0	0.0	0.0	0.0	0.0	0.0
GSM4138112_HNSCC_2_PBMC_TTTCCTCTCGTAGATC	0.0	72.3708132313557	49.87238912874188	0.0	0.0	30.80864121639757	66.83937626683826	0.0	0.0	9.157744221485174	7.2251253082709495	0.0	0.0	0.0	0.0	0.0	0.0	0.0	0.0	39.01018967767005	0.0	0.0	0.0	0.0	0.0	0.0	0.0	0.0	0.0	0.0	0.0
GSM4138112_HNSCC_2_PBMC_AAACCTGAGCGAGAAA	86.01033538070344	69.24893262238386	0.0	77.40055640924558	66.2647025155013	0.0	0.0	0.0	0.0	7.967630072373264	15.339401333567789	0.0	0.0	0.0	0.0	17.014385289485737	0.0	0.0	0.0	0.0	0.0	0.0	0.0	0.0	0.0	0.0	0.0	0.0	0.0	0.0	0.0
GSM4138112_HNSCC_2_PBMC_AAAGATGAGCAGACTG	16.93730750204852	101.05375708316305	171.71553909107882	0.0	89.17719249373266	331.58684336141675	0.0	0.0	0.0	15.348464962356775	33.65011875795663	0.0	0.0	0.0	0.0	5.990676198509663	0.0	0.0	0.0	0.0	0.0	0.0	0.0	0.0	0.0	0.0	0.0	0.0	0.0	0.0	0.0
GSM4138112_HNSCC_2_PBMC_AACTGGTAGTCGATAA	0.0	70.831086043025	0.0	0.0	0.0	0.0	123.50759665034141	20.922666070232506	21.52524693766109	0.0	0.0	0.0	0.0	20.741840172767848	0.0	7.280787132959905	103.97867378015142	0.0	0.0	0.0	0.0	2.933173742058399	0.0	0.0	0.0	0.0	0.0	0.0	0.0	0.0	0.0
GSM4138112_HNSCC_2_PBMC_AACTTTCTCCCTTGCA	93.40543306956951	42.766215655170384	0.0	0.0	48.8595996995532	0.0	23.66084103624337	0.0	0.0	3.4430175522631	0.0	17.646800279060862	21.918756114929234	33.224380051645646	0.0	0.0	0.0	3.0823575543442794	0.0	0.0	0.0	0.0	0.0	0.0	0.0	0.0	38.42198161046373	0.0	0.0	0.0	0.0
GSM4138112_HNSCC_2_PBMC_AAGGTTCAGTGTCCAT	82.56309714439782	34.91980675320736	0.0	0.0	32.64471544209838	0.0	0.0	0.0	0.0	16.370384692105443	24.268218328279165	63.01585352324378	0.0	0.0	38.81085364935629	0.0	0.0	0.0	11.90535534053494	0.0	0.0	0.0	0.0	0.0	0.0	0.0	0.0	0.0	0.0	0.0	0.0
GSM4138112_HNSCC_2_PBMC_AATCCAGTCAGAGGTG	91.09755981919949	36.21970267260108	0.0	122.82583484143431	26.877877160307282	26.446705721952277	0.0	0.0	0.0	8.82359654673266	0.0	0.0	0.0	28.78311784537968	0.0	0.0	0.0	0.0	0.0	0.0	0.0	0.0	0.0	0.0	0.0	0.0	0.0	0.0	0.0	0.0	0.0
GSM4138112_HNSCC_2_PBMC_AATCGGTGTCGACTAT	290.3897694440367	120.05716651303608	0.0	0.0	0.0	0.0	0.0	0.0	0.0	0.0	42.688714515491945	0.0	0.0	0.0	88.79213311326451	0.0	0.0	0.0	0.0	0.0	0.0	70.25941747711587	176.10973447691433	0.0	0.0	0.0	0.0	0.0	0.0	0.0	0.0
GSM4138112_HNSCC_2_PBMC_ACACCAAAGTGGAGAA	161.38138402437332	47.642782031720344	0.0	59.17868891902791	0.0	0.0	0.0	0.0	0.0	14.786733354759624	33.34171802231878	0.0	0.0	0.15496504798397215	55.38292898352298	0.0	0.0	0.0	16.800185618035638	19.662741571960133	0.0	0.0	5.201063133489964	0.0	0.0	0.0	0.0	0.0	0.0	0.0	0.0
GSM4138112_HNSCC_2_PBMC_ACAGCCGGTCTGGTCG	110.82644845883344	118.4534108263462	68.79717185709738	0.0	119.9116983261582	0.0	0.0	0.0	0.0	0.0	0.0	0.0	0.0	13.437549263252274	0.0	0.0	0.0	0.0	0.0	0.0	0.0	13.411634236801614	0.0	0.0	0.0	0.0	0.0	0.0	0.0	0.0	0.0
GSM4138112_HNSCC_2_PBMC_ACATGGTTCAACGGCC	0.0	20.19445061601112	0.0	148.49396530076683	0.0	11.530848995192438	45.3554357557899	0.0	0.0	9.410141920152368	0.0	0.0	0.0	3.58561223188081	0.0	14.667230958393299	0.0	0.0	0.0	23.36090524209897	0.0	0.0	0.0	0.0	0.0	0.0	0.0	0.0	0.0	0.0	0.0
GSM4138112_HNSCC_2_PBMC_ACGAGCCTCCAGTATG	96.82525222737338	51.428101400371425	0.0	13.043127356373262	0.0	14.362843302877772	0.0	0.0	0.0	27.736283480669414	0.0	0.0	0.0	15.701685817164963	0.0	0.0	0.0	67.18558312889952	0.0	0.0	16.598444017639757	0.0	0.0	0.0	0.0	0.0	0.0	92.16244326848299	0.0	0.0	0.0
GSM4138112_HNSCC_2_PBMC_ACGAGGACATGCCTTC	50.646008987836	63.609002812499604	0.0	0.0	0.0	69.92974457366512	0.0	0.0	0.0	14.47979909661548	12.166607664011318	0.0	89.54365369721415	0.0	31.44506768726589	0.0	0.0	16.516996532035147	0.0	0.0	0.0	0.0	0.0	0.0	0.0	0.0	0.0	0.0	0.0	0.0	0.0
GSM4138112_HNSCC_2_PBMC_ACGCAGCAGCGTCTAT	132.91755223180067	88.1587843350821	0.0	0.0	0.0	0.0	44.1464241899946	127.93016790737943	0.0	16.431277621916447	0.0	3.52840440115582	104.027450857107	28.626253853177055	0.0	0.0	0.0	0.0	0.0	0.0	0.0	0.0	0.0	0.0	0.0	0.0	0.0	0.0	0.0	0.0	0.0
GSM4138112_HNSCC_2_PBMC_ACGGAGAGTCTACCTC	67.6734912915862	37.88693757410762	0.0	0.0	0.0	0.0	0.0	0.39503333776858424	45.26326416885255	2.4818029380029034	15.775271126083275	0.0	0.0	0.0	0.0	0.0	0.0	4.036474398668366	123.37392747264853	12.721487368785104	0.0	0.0	0.0	0.0	0.0	0.0	0.0	0.0	0.0	0.0	0.0
GSM4138112_HNSCC_2_PBMC_ACGGGTCCATGGAATA	169.3270373466621	120.50458046499838	0.0	0.0	76.98021839766196	0.0	0.0	0.0	0.0	38.20557921094868	32.933077810767585	0.0	146.17400619022303	0.0	0.0	0.0	0.0	0.0	0.0	0.0	0.0	2.5926976921986604	0.0	0.0	0.0	0.0	0.0	0.0	0.0	0.0	0.0
GSM4138112_HNSCC_2_PBMC_ACTGAACAGTACGTAA	157.0292340090282	93.0490300482321	150.7154515275154	0.0	0.0	0.0	5.741189832534062	89.13374770689903	0.0	12.606089105717793	35.164132110939775	0.0	0.0	0.0	0.0	0.0	0.0	0.0	0.0	0.0	0.0	0.0	0.0	0.0	0.0	0.0	0.0	0.0	0.0	0.0	0.0
GSM4138112_HNSCC_2_PBMC_ACTGATGGTTACCAGT	67.19756298796202	62.06107382241107	0.0	76.87659772512623	49.98860071944507	0.0	0.0	0.0	0.0	8.97264474834531	0.0	0.0	0.0	13.141897364314385	0.0	0.0	0.0	0.0	0.0	0.0	0.0	0.0	0.0	0.0	0.0	0.0	0.0	0.0	0.0	0.0	0.0
GSM4138112_HNSCC_2_PBMC_ACTGTCCCACATCTTT	215.09324561119598	106.2411942887423	0.0	0.0	56.78600808583055	0.0	0.0	0.0	0.0	17.078251441290647	30.711218892465897	0.0	56.32796331571146	0.0	0.0	0.0	0.0	0.0	127.17721756390071	2.1625790905639577	0.0	0.0	0.0	0.0	0.0	3.521643187589486	0.0	0.0	0.0	0.0	0.0
GSM4138112_HNSCC_2_PBMC_ACTTACTCATGACATC	0.0	66.3291455268949	0.0	0.0	0.0	80.37854728052638	0.0	72.34733272656938	0.0	13.157292820935696	4.613932503172036	0.0	94.6119067768291	0.0	0.0	14.966911921074264	0.0	0.0	0.02181039558966736	0.0	0.0	0.0	0.0	0.0	0.0	0.0	0.0	0.0	0.0	0.0	0.0
GSM4138112_HNSCC_2_PBMC_AGCAGCCCAGTCGATT	122.04858298055447	126.19497654989011	0.0	156.67871723598293	0.0	0.0	0.0	147.88763050848507	0.0	16.25314179954092	44.74423042319794	0.0	0.0	0.0	0.0	0.0	0.0	0.0	0.0	0.0	0.0	0.0	0.0	0.0	0.0	0.0	0.0	0.0	0.0	0.0	0.0
GSM4138112_HNSCC_2_PBMC_AGCGTATGTACGCTGC	80.97736769053557	70.5460465198098	23.597256705645254	0.0	0.0	0.0	0.0	91.50753898649357	0.0	1.9673614892633473	18.56776465441513	0.0	0.0	0.0	0.0	0.0	0.0	0.0	25.408591835085943	0.0	0.0	0.0	0.0	0.0	0.0	0.0	0.0	0.0	0.0	0.0	0.0
GSM4138112_HNSCC_2_PBMC_AGCTCTCCACTGTGTA	214.84330387520725	91.14118829064384	0.0	0.0	61.96896144730131	0.0	0.0	0.0	6.4929148342378475	4.6133664557888086	31.92497465312707	0.0	0.0	0.0	0.0	0.0	0.0	2.4598091569246985	0.0	0.0	0.0	0.0	131.3972366756263	0.0	0.0	0.0	17.48589261934627	0.0	0.0	0.0	0.0
GSM4138112_HNSCC_2_PBMC_AGCTCTCGTCTAGTGT	120.33804020512575	76.5559650466708	0.0	197.98068851656905	14.811882567698524	0.0	0.0	0.0	63.050490140879205	0.0	25.150468349580443	0.0	0.0	0.0	0.0	0.0	0.0	0.0	0.0	0.07858997824019999	0.0	15.822136036867299	0.0	0.0	0.0	0.0	0.0	0.0	0.0	0.0	0.0
GSM4138112_HNSCC_2_PBMC_AGGGTGAAGAGCTATA	0.0	30.246400341565217	73.58899599954285	0.0	0.0	95.30891620561536	0.0	0.0	0.0	0.0	0.0	0.0	0.0	0.0	0.0	30.726625300894824	0.0	0.0	0.0	0.0	46.847716036929384	12.4160208617564	0.0	0.0	0.0	0.0	0.0	0.0	0.0	0.0	0.0
GSM4138112_HNSCC_2_PBMC_AGGGTGACACATTTCT	66.80332089061956	102.64815911671445	25.773660990835683	61.16407232528199	0.0	0.0	26.198842541050332	0.0	38.04724491335277	0.0	0.0	0.0	0.0	21.588661993026996	0.0	0.0	0.0	0.0	0.0	0.0	0.0	11.516923779706378	0.9778425301388963	0.0	0.0	0.0	0.0	0.0	0.0	0.0	0.0
GSM4138112_HNSCC_2_PBMC_AGTAGTCTCTTCAACT	60.74949681863296	52.18571772976879	0.0	66.42255879063372	10.379902200313351	0.0	0.0	0.0	33.625380992895224	9.124893730988855	10.882054789002966	0.0	0.0	0.0	10.189982629607956	0.0	0.0	0.0	0.0	0.0	0.0	0.0	0.0	0.0	0.0	0.0	0.0	0.0	0.0	0.0	0.0
GSM4138112_HNSCC_2_PBMC_AGTGTCAAGATGTCGG	43.43806111594304	38.97399867572451	0.0	56.59717926800016	0.0	59.1169793070131	11.298998084090918	44.84169176309777	0.0	0.0	7.691975405220406	0.0	0.0	0.0	0.0	0.0	0.0	0.0	0.0	0.0	0.0	10.33813589949159	0.0	0.0	0.0	0.0	0.0	0.0	0.0	0.0	0.0
GSM4138112_HNSCC_2_PBMC_ATAACGCGTGCCTGGT	0.0	402.59185414978896	175.53930937389825	0.0	0.0	263.0490698029989	0.0	0.0	0.0	0.0	0.0	0.0	0.0	32.17544707149261	0.0	69.96448574887857	0.0	0.0	0.0	0.0	0.0	28.696423267537252	0.0	0.0	0.0	117.45642363131924	0.0	0.0	0.0	0.0	0.0
GSM4138112_HNSCC_2_PBMC_ATAACGCTCATTTGGG	127.17143912181373	69.70731252349604	125.76481980518575	0.0	52.642599090324374	0.0	0.0	0.0	0.0	9.244466378916522	0.0	0.0	0.0	22.40370729701911	0.0	2.2772510795510983	0.0	0.0	0.0	0.0	0.0	0.0	0.0	23.63707749268994	0.0	0.0	0.0	0.0	0.0	0.0	0.0
GSM4138112_HNSCC_2_PBMC_ATAAGAGCAGAGCCAA	0.0	121.95493525141752	100.97911542067324	0.0	19.99365487464044	163.24356921522147	0.0	131.028545169989	0.0	16.7732678112144	14.392862027719207	0.0	0.0	0.0	0.0	0.0	0.0	0.0	0.0	0.0	0.0	0.0	0.0	0.0	0.0	0.0	0.0	0.0	0.0	0.0	0.0
GSM4138112_HNSCC_2_PBMC_ATAGACCAGCAAATCA	113.55570372009102	51.47801322143232	0.0	0.0	0.0	0.0	0.0	96.1140182577584	0.0	21.570528367978678	27.58277770349931	0.0	71.88100315988186	0.0	0.0	0.0	0.0	0.0	0.0	0.0	0.0	0.0	0.0	0.0	0.0	0.0	0.0	0.0	0.0	0.0	0.0
GSM4138112_HNSCC_2_PBMC_ATCACGACAGTGGAGT	24.682722189810598	42.41997846286372	0.0	0.0	0.0	56.47634333830473	0.0	0.0	0.0	1.1270144089203622	6.0587881963046275	0.0	0.0	0.0	73.96755972731164	0.0	0.0	0.0	84.6698779784568	0.0	0.0	0.0	0.0	0.0	0.0	0.0	0.0	0.0	0.0	0.0	0.0
GSM4138112_HNSCC_2_PBMC_ATCCGAACAAGTAATG	14.71671946102838	26.594150259656615	0.0	55.9941811008366	26.842320622969268	34.712564866183016	30.857939003181034	0.0	25.003443592488132	9.489287769208538	4.2091335806225505	0.0	0.0	0.0	0.0	42.776798030736735	0.0	0.0	0.0	0.0	0.0	0.0	0.0	0.0	0.0	0.0	0.0	0.0	0.0	0.0	0.0
GSM4138112_HNSCC_2_PBMC_ATCGAGTAGAAACGAG	0.0	76.57136870153818	0.0	109.06288744666645	0.0	175.14370133184812	0.0	125.04774032602053	0.0	0.0	33.99903211258643	0.0	0.0	0.0	0.0	0.0	0.0	0.0	0.0	0.0	0.0	33.74957960173301	0.0	0.0	0.0	0.0	0.0	0.0	0.0	0.0	0.0
GSM4138112_HNSCC_2_PBMC_ATCTGCCCACCACGTG	166.05846937153154	61.986347116407124	55.10618890848905	0.0	91.6183997293042	0.0	0.0	0.0	0.0	19.766250937939436	0.0	0.0	0.0	19.929016061173094	0.0	0.0	0.0	0.0	0.0	0.0	0.0	0.0	0.0	0.0	0.0	0.0	0.0	0.0	0.0	0.0	0.0
GSM4138112_HNSCC_2_PBMC_ATGCGATGTTCCTCCA	79.60655724405211	68.23842668573914	0.0	83.09491293766486	0.0	0.0	0.0	64.05115911395212	0.0	11.222379671389085	18.493557422133772	0.0	0.0	0.0	0.0	0.0	0.0	0.0	0.7366512102889756	0.0	0.0	0.0	17.119948685771607	0.0	0.0	0.0	0.0	0.0	0.0	0.0	0.0
GSM4138112_HNSCC_2_PBMC_ATTATCCAGACAATAC	47.48600986287834	90.30879174799655	0.0	162.85633679561892	28.791216997409737	43.60288685829864	0.0	11.208567135297708	1.139485546708968	7.8657740914991185	11.727736349383916	0.0	0.0	0.0	0.0	0.0	0.0	0.0	0.0	0.0	0.0	0.0	0.0	0.0	0.0	0.0	0.0	0.0	0.0	0.0	0.0
GSM4138112_HNSCC_2_PBMC_ATTTCTGCAGGTTTCA	167.45685443338704	54.39767392634748	0.0	2.957889846738267	0.0	0.0	0.0	0.0	0.0	30.81422836202025	13.972701235497304	12.597354139482388	0.0	0.0	16.501970663218994	0.0	0.0	0.0	20.406348386934745	0.0	0.0	0.0	20.18010844935872	0.0	0.0	14.707860626511714	0.0	0.0	0.0	0.0	0.0
GSM4138112_HNSCC_2_PBMC_CAACCTCCAACAACCT	41.56176034261688	42.053848847098784	85.15829975662338	0.0	46.774604356490606	15.680697501372709	0.0	0.0	0.0	1.7809767772880847	3.9728146316800004	0.0	0.0	0.0	0.0	12.524982302966153	0.0	12.172190669935125	0.0	0.0	0.0	0.0	0.0	0.0	0.0	0.0	0.0	0.0	0.0	0.0	0.0
GSM4138112_HNSCC_2_PBMC_CAAGAAACAAGTCTAC	0.0	25.273758853367696	45.220140474111375	0.0	114.07562340556142	95.56308717348533	12.117744748529232	0.0	0.0	0.0	0.0	0.0	37.81074335662465	0.0	0.0	28.863648577489	0.0	0.0	0.0	0.0	0.0	19.351683778429088	0.0	0.0	0.0	0.0	0.0	0.0	0.0	0.0	0.0
GSM4138112_HNSCC_2_PBMC_CAAGGCCGTAGCTCCG	110.16076670385134	83.0444981488048	0.0	115.96929327523272	59.6206696648667	0.0	0.0	0.0	0.0	9.45482087828526	13.624231566165284	0.0	0.0	0.0	0.0	0.0	0.0	0.0	0.0	0.0	0.0	0.0	0.0	0.0	0.0	0.0	0.0	0.0	0.0	0.0	0.0
GSM4138112_HNSCC_2_PBMC_CAAGTTGAGCAGCGTA	79.0016655478396	40.49299593503841	0.0	0.0	0.0	0.0	0.0	0.0	0.0	7.873708944686373	21.015577268855555	0.0	0.0	0.0	0.0	0.0	31.326701333677082	0.0	0.0	35.970028590782405	0.0	0.0	0.0	0.0	0.0	35.80392666759126	0.0	0.0	0.0	0.0	0.0
GSM4138112_HNSCC_2_PBMC_CACCACTCACAGGTTT	157.35047796248475	84.69999349530791	0.0	79.32943298146776	0.0	0.0	0.0	0.0	89.62190997495654	3.820759071915038	36.570986572420004	0.0	0.0	0.0	0.0	0.0	0.0	0.0	0.0	11.913806973257149	0.0	0.0	0.0	0.0	0.0	0.0	0.0	0.0	0.0	17.983241298174963	0.0
GSM4138112_HNSCC_2_PBMC_CAGAGAGGTGGCCCTA	47.957526386511695	19.913336052460807	80.67699942659426	0.0	0.0	46.204949738355	0.0	0.0	32.83909478619213	15.12455603620165	2.1002078886947757	0.0	0.0	0.05782339050121011	0.0	6.466090371143663	0.0	0.0	0.0	30.066373000393067	0.0	0.0	0.0	0.0	0.0	0.0	0.0	0.0	0.0	0.0	0.0
GSM4138112_HNSCC_2_PBMC_CAGCAGCCAATCACAC	207.46213904282342	107.56283536087354	0.0	0.0	0.0	0.0	0.0	0.0	62.51785337369797	10.041694167585868	0.0	0.0	62.04452873014907	0.0	0.0	11.04896957073794	0.0	0.0	0.0	4.183388832596112	0.0	0.0	0.0	0.0	0.0	0.0	0.0	0.0	0.0	0.0	0.0
GSM4138112_HNSCC_2_PBMC_CAGCATAAGAAGAAGC	88.01558324948535	80.6887224911665	0.0	54.84616474213664	0.0	0.0	0.0	0.0	0.0	0.2969883513552985	0.0	0.0	0.0	0.0	0.0	15.778118205339235	0.0	0.0	0.0	0.0	0.0	0.0	0.0	0.0	0.0	23.176201766296664	0.0	0.0	0.0	0.0	0.0
GSM4138112_HNSCC_2_PBMC_CAGCTAAAGGACACCA	86.35268675321792	64.96031677955021	0.0	30.645886364904765	87.5481120544943	18.499341708430798	0.0	0.0	0.0	15.98423284296972	27.55379016817168	10.377453821626135	0.0	0.0	0.0	0.0	0.0	0.0	0.0	0.0	0.0	0.0	0.0	0.0	0.0	0.0	0.0	0.0	42.28463953971755	0.0	0.0
GSM4138112_HNSCC_2_PBMC_CAGCTGGGTCCAGTTA	224.11973011274975	127.95662696774282	0.0	81.78939494026729	0.0	0.0	0.0	114.44146950406856	0.0	15.609350296486266	0.0	0.0	41.08666136072795	25.910208869096596	0.0	0.0	0.0	0.0	0.0	0.0	0.0	0.0	72.82509287018722	0.0	0.0	0.0	0.0	0.0	0.0	0.0	0.0
GSM4138112_HNSCC_2_PBMC_CATCGAAAGAAGGGTA	84.35315912461247	77.91251384370466	0.0	57.11762654379201	34.89274634108269	0.0	0.0	0.0	0.0	18.008847526018464	18.3531201565692	0.0	0.0	0.0	0.0	0.0	0.0	0.0	0.0	0.0	0.0	0.0	0.0	0.0	2.2519835827831325	0.0	0.0	0.0	0.0	0.0	0.0
GSM4138112_HNSCC_2_PBMC_CATGCCTTCTGGTGTA	284.43777933909894	124.6061061450794	0.0	0.0	3.9171217384779418	0.0	0.0	0.0	0.0	24.07061987788494	46.06350188955251	117.45832465485708	0.0	0.0	0.0	0.0	0.0	0.0	0.0	0.0	0.0	0.0	0.0	122.47285074863996	0.0	0.0	0.0	30.674161433564844	0.0	0.0	0.0
GSM4138112_HNSCC_2_PBMC_CATTATCAGCAGATCG	128.48345130741288	38.632998106969836	0.0	0.0	0.0	0.0	0.0	0.0	53.78312919787003	5.2346214742442685	29.81571228617202	73.07225570610234	0.0	0.0	0.0	0.0	0.0	0.0	0.0	0.0	0.0	0.0	0.0	0.0	0.0	0.0	0.0	0.0	0.0	0.0	0.0
GSM4138112_HNSCC_2_PBMC_CCATTCGAGCGATATA	179.69020618330802	137.0610608572831	0.0	0.0	0.0	0.0	0.0	141.85010407066534	0.0	8.744662927262121	0.0	0.0	109.48823153603166	26.901860112742497	0.0	0.0	0.0	0.0	0.0	0.0	0.0	0.0	0.0	0.0	0.0	0.0	0.0	0.0	0.0	0.0	0.0
GSM4138112_HNSCC_2_PBMC_CCATTCGGTGTGAATA	133.010670463837	85.15132154517303	0.0	0.0	64.87985556221814	0.0	0.0	0.0	0.0	19.16722815988458	21.766715370006953	0.0	95.43805841460369	0.0	0.0	0.0	0.0	0.0	0.0	0.0	0.0	0.0	17.930330557533004	0.0	0.0	0.0	0.0	0.0	0.0	0.0	0.0
GSM4138112_HNSCC_2_PBMC_CCCAATCCACACATGT	169.42318222539132	111.32525506335062	0.0	133.2432156980469	0.0	0.0	0.0	0.0	0.0	0.0	44.29924551878111	0.0	0.0	0.0	0.0	0.0	0.0	0.0	0.0	0.0	0.0	31.271374199467132	7.110301136278357	121.42337385733343	0.0	0.0	0.0	0.0	0.0	2.048696418073973	0.0
GSM4138112_HNSCC_2_PBMC_CCCAATCTCAACACCA	120.3899400294011	64.50897653604599	0.0	73.26256647814598	44.275234557982074	0.0	0.0	0.0	0.0	0.0	17.577595444699448	0.0	0.0	0.0	0.0	0.0	0.0	0.0	0.0	0.0	0.0	14.367190649831304	0.0	0.0	0.0	0.0	0.0	0.0	0.0	0.0	0.0
GSM4138112_HNSCC_2_PBMC_CCCTCCTAGACAAGCC	80.90302124487562	60.35246467354828	0.0	0.0	0.0	0.0	0.0	37.09890350709917	0.0	8.611632257516915	0.0	0.0	0.0	14.456342693704368	0.0	0.0	0.0	0.0	0.0	0.0	0.0	0.0	27.609770758516323	0.0	0.0	5.452236566938841	0.0	0.0	0.0	24.49442416999578	0.0
GSM4138112_HNSCC_2_PBMC_CCTCAGTCACCAGATT	123.73371281181598	52.42964161330142	52.56998452704694	0.0	46.39657282575551	0.0	0.0	0.0	7.821855565589582	0.0	17.216340558670936	0.0	0.0	0.0	0.0	0.0	0.0	0.0	0.0	0.0	0.0	20.948282004455745	0.0	0.0	0.0	0.0	0.0	0.0	0.0	0.0	0.0
GSM4138112_HNSCC_2_PBMC_CCTCTGACACTCAGGC	149.26895240028227	41.721389487229985	0.0	0.0	0.0	0.0	0.0	67.0990804530692	0.0	0.0	14.487534504526062	0.0	11.993600527888903	0.0	0.0	0.0	0.0	0.0	1.138324808627988	0.0	0.0	10.393677324807742	58.93221241607097	0.0	0.0	0.0	0.0	0.0	0.0	0.0	0.0
GSM4138112_HNSCC_2_PBMC_CCTTACGGTGTGACCC	176.33958619748074	95.82266323410867	132.83887221783752	0.0	48.85026925743867	0.0	0.0	0.0	0.0	17.123983189999436	23.124712438412907	0.0	0.0	0.0	69.4808816861748	0.0	0.0	0.0	0.0	0.0	0.0	0.0	0.0	0.0	0.0	0.0	0.0	0.0	0.0	0.0	0.0
GSM4138112_HNSCC_2_PBMC_CCTTCCCTCCAATGGT	0.0	47.15849146636973	0.0	113.32092463047037	36.88711174138069	78.3067651719131	0.0	0.0	22.396652085574974	13.570059353319937	0.0	0.0	0.0	20.563099728424778	0.0	0.0	0.0	0.0	0.0	0.0	0.0	0.0	0.0	0.0	0.0	0.0	0.0	0.0	0.0	0.0	0.0
GSM4138112_HNSCC_2_PBMC_CGAGAAGGTGCCTGTG	84.33255185729469	88.31304903998591	0.0	22.589093578789733	30.71506654364743	30.203135155652163	0.0	0.0	0.0	0.0	0.0	0.0	33.911739807413696	13.740273585558342	11.067404094078107	0.0	0.0	8.317960659253849	0.0	0.0	0.0	11.471914926562901	0.0	7.129667550336206	0.0	0.0	0.0	0.0	0.0	39.822555496001634	0.0
GSM4138112_HNSCC_2_PBMC_CGAGCCAAGGTCATCT	87.19894760607693	75.33015369776197	0.0	0.0	58.02714061091442	0.0	0.0	0.0	0.0	3.2509198016874152	0.0	0.0	27.77426837560653	30.675465625377594	0.0	0.0	0.0	0.0	0.0	0.0	0.0	0.0	0.0	0.0	0.0	0.0	0.0	0.0	0.0	0.0	0.0
GSM4138112_HNSCC_2_PBMC_CGATCGGAGTACATGA	93.8526222574887	71.52900146904193	0.0	57.48075986971932	0.0	0.0	0.0	0.0	0.0	0.0	0.0	0.0	0.0	23.425128926463422	57.48388128708575	0.0	0.0	0.0	0.0	0.0	0.0	15.71519255050427	27.133509710219375	0.0	0.0	0.0	0.0	0.0	0.0	0.0	0.0
GSM4138112_HNSCC_2_PBMC_CGCCAAGCAATGACCT	164.40150780712818	320.8581521513385	123.65400879077892	0.0	0.0	0.0	0.0	0.0	0.0	2.248871067868817	0.0	0.0	0.0	126.66180260953317	0.0	0.0	0.0	0.0	0.0	0.0	0.0	6.437571868272622	0.0	71.43198063937511	0.0	0.0	0.0	0.0	0.0	0.0	0.0
GSM4138112_HNSCC_2_PBMC_CGCCAAGGTCCGCTGA	265.4738468556963	132.384536534036	125.11670970186732	3.001214594197044	0.0	0.0	0.0	0.0	0.0	21.336292164268773	0.0	0.0	0.0	48.41855747629709	48.9483506460172	0.0	0.0	77.27181682594812	0.0	0.0	0.0	0.0	62.88470878225421	0.0	0.0	0.0	0.0	0.0	0.0	0.0	0.0
GSM4138112_HNSCC_2_PBMC_CGCTGGAAGTACCGGA	0.0	80.90619170293733	78.76409293678485	0.0	0.0	63.35298251361609	0.0	0.0	3.806545202082124	8.089739898446092	0.0	0.0	0.0	0.0	38.04888455343743	56.63503490422562	0.0	0.0	0.0	0.0	0.0	0.0	0.0	0.0	0.0	0.0	0.0	0.0	0.0	0.0	0.0
GSM4138112_HNSCC_2_PBMC_CGCTTCATCCGCGGTA	283.1889767292167	116.20419560055262	204.59270805438328	0.0	104.06283655986246	0.0	0.0	0.0	0.0	16.5026489511909	39.5313909807181	0.0	0.0	0.0	0.0	0.0	0.0	0.0	0.0	0.0	4.44175114557962	0.0	0.0	0.0	0.0	0.0	0.0	0.0	0.0	0.0	0.0
GSM4138112_HNSCC_2_PBMC_CGGACACGTTCAGTAC	58.02145406122884	94.57001403356348	0.0	0.0	78.95929541468671	17.254071144564968	94.98883554291841	0.0	0.0	0.0	25.3445533706832	0.0	5.478889804204173	0.0	0.0	0.0	69.86798042337547	0.0	0.0	0.0	0.0	23.060280855728028	0.0	0.0	0.0	0.0	0.0	0.0	0.0	0.0	0.0
GSM4138112_HNSCC_2_PBMC_CGGACGTTCCAAGTAC	123.60523647646302	105.38849185815081	111.4238886120554	0.0	81.86158996206981	0.0	0.0	0.0	0.0	17.430364185571595	0.0	0.0	4.372858337600795	23.87344728066915	0.0	0.0	0.0	0.0	0.0	0.0	0.0	0.0	0.0	0.0	0.0	0.0	0.0	0.0	0.0	0.0	0.0
GSM4138112_HNSCC_2_PBMC_CGTAGGCGTGTCTGAT	11.675559954049122	47.76628293852177	72.05292729584332	0.0	6.217326000664677	0.0	17.880720358151468	33.82005493254984	11.134235115512586	0.5731720650342101	0.0	0.0	0.0	0.0	0.0	11.219242309635437	0.0	0.0	0.0	0.0	0.0	0.0	0.0	0.0	0.0	0.0	0.0	0.0	0.0	0.0	0.0
GSM4138112_HNSCC_2_PBMC_CGTTGGGCAAAGAATC	113.55189186498833	109.46752672027476	33.74599804329584	0.0	0.0	0.0	0.0	16.462812542589656	0.0	8.832889543736156	0.635338237760876	0.0	0.0	0.0	0.0	0.0	0.0	6.699032743163334	0.0	0.0	0.0	0.0	0.0	0.0	0.0	0.0	0.0	0.0	0.0	0.0	0.0
GSM4138112_HNSCC_2_PBMC_CTAAGACAGATGAGAG	0.0	87.90544228912499	85.99352918571311	0.0	0.0	95.73563816751769	0.0	0.0	0.0	0.0	0.0	0.0	0.0	1.8686407735701804	0.0	9.5483074165737	0.0	7.70511633697081	0.0	0.0	40.77000949583156	2.222597439594992	0.0	0.0	0.0	0.0	0.0	0.0	0.0	0.0	0.0
GSM4138112_HNSCC_2_PBMC_CTACACCAGTGGACGT	201.69234965520207	66.043456211112	0.0	0.0	0.0	0.0	0.0	123.89904093194701	0.0	9.35869918395227	0.0	0.0	0.0	25.18978687389528	0.0	0.0	0.0	0.0	0.0	0.0	0.0	0.0	0.0	0.0	0.0	0.0	0.0	79.76748955713025	0.0	0.0	0.0
GSM4138112_HNSCC_2_PBMC_CTACGTCGTCTTGCGG	148.80406650485276	96.1088807455988	121.62351493755754	0.0	25.975171197728685	0.0	0.0	0.0	48.15549414692554	20.920700028907966	35.97198269915953	0.0	0.0	0.0	0.0	0.0	0.0	0.0	0.0	0.0	0.0	0.0	0.0	0.0	0.0	0.0	0.0	0.0	0.0	0.0	0.0
GSM4138112_HNSCC_2_PBMC_CTCATTATCATCGGAT	94.08943992437894	58.653108986827746	0.0	0.0	0.0	0.0	0.0	0.0	0.0	13.51934527067722	0.0	0.0	0.0	28.484209544049474	50.652412915629235	0.4694880870171115	0.0	0.0	0.0	0.0	0.0	0.0	0.0	0.0	121.98971947634953	0.0	0.0	0.0	0.0	28.31653897447604	0.0
GSM4138112_HNSCC_2_PBMC_CTCGAGGAGAAGGTGA	0.0	49.108328842957874	14.968227198726476	65.72003258849037	0.0	0.0	138.18123298153492	0.0	44.42581210602324	9.487889867490516	20.469700721671238	0.0	0.0	0.0	0.0	0.0	0.0	0.0	0.0	0.0	0.0	0.0	0.0	0.0	0.0	0.0	0.0	0.0	0.0	0.0	0.0
GSM4138112_HNSCC_2_PBMC_CTCGGGAGTACTCTCC	197.50084669836843	82.77579206120312	0.0	0.0	122.29870820290103	0.0	0.0	0.0	0.0	12.97901395760534	91.08383749054452	38.21738962884969	75.47099074115948	0.0	0.0	0.0	0.0	0.0	0.0	0.0	0.0	0.0	0.0	0.0	0.0	0.0	0.0	0.0	0.0	0.0	0.0
GSM4138112_HNSCC_2_PBMC_CTGATAGGTTACGCGC	107.19810142037313	56.62815037511614	0.0	0.0	0.0	4.916961506096185	0.0	0.0	73.78612371879468	15.099908694367201	19.482660476477385	0.0	125.72782506859436	0.0	0.0	0.0	0.0	0.0	0.0	3.968168913992616	0.0	0.0	0.0	0.0	0.0	1.0692093994972383	0.0	0.0	0.0	0.0	0.0
GSM4138112_HNSCC_2_PBMC_CTGCCTAAGCCTCGTG	86.72643004564802	75.68677404513018	0.0	0.0	14.363203989548808	0.0	0.0	0.0	0.0	15.471574877931419	19.64908765863386	0.0	0.0	0.0	0.0	0.0	0.0	0.0	0.0	0.0	0.0	0.0	138.70751683966074	0.0	0.0	43.95145439352836	0.0	0.0	0.0	0.0	0.0
GSM4138112_HNSCC_2_PBMC_CTGCGGAGTCATTAGC	36.08280657447789	61.498249831470396	59.72615890521929	0.0	0.0	0.0	41.09664197627687	0.0	9.643211345158903	15.466959584627	0.0	0.0	0.0	6.454733838766038	0.0	0.0	0.0	0.0	0.0	56.943030912599376	0.0	0.0	0.0	0.0	0.0	0.0	0.0	0.0	0.0	0.0	0.0
GSM4138112_HNSCC_2_PBMC_CTTAACTCACGGTTTA	0.0	94.01313782924299	0.0	126.11940913436814	17.652775983141062	132.40112268793024	0.0	102.33182794080867	0.0	0.0	21.84718519127473	0.0	0.0	0.0	0.0	0.0	0.0	0.0	0.0	0.0	0.0	19.954647873333954	0.0	0.0	0.0	0.0	0.0	68.86592383265699	0.0	0.0	0.0
GSM4138112_HNSCC_2_PBMC_CTTCTCTTCGAGGTAG	115.78410949126386	102.21440412171461	114.39130211604638	0.0	53.243108715811765	0.0	21.821089725777853	24.16192800083328	0.0	8.386092731264087	33.01433144073466	0.0	0.0	0.0	0.0	0.0	0.0	0.0	0.0	0.0	0.0	0.0	0.0	0.0	0.0	0.0	0.0	0.0	0.0	0.0	0.0
GSM4138112_HNSCC_2_PBMC_CTTTGCGCACACTGCG	29.20865093039789	42.89100275463531	0.0	0.0	50.01062475619023	61.963909770651675	0.0	0.0	0.0	4.1524492333510485	14.933766739735178	104.31176318442253	0.0	0.0	0.0	0.0	0.0	0.0	0.0	0.0	0.0	0.0	0.0	0.0	0.0	0.0	0.0	0.0	0.0	0.0	0.0
GSM4138112_HNSCC_2_PBMC_GAAACTCAGGAATGGA	107.27763103099605	75.47708464213784	0.0	0.0	0.0	0.0	0.0	94.47609797749281	0.0	9.56349505494657	22.16036831089913	0.0	0.0	0.0	0.0	0.0	0.0	0.0	12.10676384800687	0.0	0.0	0.0	0.0	0.0	0.0	0.0	21.531699375141997	30.934424073804824	0.0	0.0	0.0
GSM4138112_HNSCC_2_PBMC_GAATAAGGTCTCGTTC	136.37512155159044	161.47637382076726	0.0	43.112985930805586	0.0	0.0	0.0	113.69240268339676	0.0	31.60965503176758	25.04109030627664	70.19501002530552	0.0	0.0	0.0	0.0	0.0	0.0	0.0	0.0	0.0	0.0	0.0	0.0	0.0	0.0	0.0	0.0	0.0	0.0	0.0
GSM4138112_HNSCC_2_PBMC_GAATGAAGTGTCGCTG	221.81499444801386	149.08683557189292	147.5964201180624	0.0	139.59863300092883	0.0	0.0	0.0	0.0	19.864458338918457	59.53360679254424	0.0	0.0	0.0	0.0	0.0	0.0	0.0	0.0	0.0	0.0	0.0	0.0	0.0	0.0	0.0	0.0	0.0	0.0	0.0	0.0
GSM4138112_HNSCC_2_PBMC_GACACGCGTGGTTTCA	110.46920900182846	49.69893057417426	0.0	97.21868393314595	0.0	0.0	0.0	39.10583650066885	23.318290141425138	0.0	0.0	0.0	0.0	0.0	1.6039451425767641	17.09577068621724	0.0	0.0	0.0	0.0	0.0	7.650111114087677	0.0	0.0	0.0	0.0	0.0	0.0	0.0	0.0	0.0
GSM4138112_HNSCC_2_PBMC_GACAGAGTCTGTTTGT	0.0	32.83373520946859	0.0	0.6509318958033663	0.0	111.08589544305126	0.0	0.0	53.97243001320621	10.221345987977706	0.0	0.0	0.0	0.0	0.0	18.17332489099653	0.0	13.630611761885673	0.0	0.0	0.0	0.0	0.0	5.8957031929365	0.0	0.0	0.0	0.0	0.0	53.88349710094719	0.0
GSM4138112_HNSCC_2_PBMC_GACCAATAGCCCAGCT	86.77619504596555	109.109528978433	0.0	18.219259480181254	0.0	0.0	0.0	0.0	0.0	0.0	8.432920045734054	0.0	0.0	0.0	84.84319356449592	0.0	0.0	0.0	0.0	0.0	0.0	1.420881568808283	0.0	0.0	0.0	0.0	0.0	0.0	67.33849780967904	0.0	0.0
GSM4138112_HNSCC_2_PBMC_GACTACAGTGCAACGA	84.75645854993846	51.004380364089904	0.0	0.0	0.0	0.0	0.0	0.0	0.0	5.897063825484501	14.870051254684483	0.0	0.0	0.0	99.16665780628855	0.0	0.0	0.0	86.82795648018426	0.0	0.0	0.0	0.0	0.0	0.0	0.0	0.0	0.0	0.0	0.0	0.0
GSM4138112_HNSCC_2_PBMC_GACTGCGCATACTCTT	93.4946133239361	78.34434619038387	0.0	56.28441550939339	67.27072918090332	0.0	0.0	0.0	0.0	0.0	0.0	0.0	0.0	0.0	0.0	70.14006547326348	0.0	0.0	43.04820316063591	0.0	0.0	0.0	0.0	0.0	0.0	0.0	0.0	10.613584392373467	0.0	0.0	0.0
GSM4138112_HNSCC_2_PBMC_GATCGATCACGTGAGA	21.165904226667262	84.09289953872556	101.22744111363255	0.0	0.0	118.25803000705822	0.0	0.0	78.22697716338162	33.00318315949452	18.02062162802673	0.0	0.0	0.0	0.0	0.0	0.0	7.044971124750207	0.0	0.0	0.0	0.0	0.0	0.0	0.0	0.0	0.0	0.0	0.0	7.395475699386063	0.0
GSM4138112_HNSCC_2_PBMC_GATCGCGAGGTGGGTT	131.1511488502131	54.47118904867803	89.21244396749069	0.0	91.26191603864328	0.0	0.0	0.0	0.0	6.79087082612901	12.016211718038182	0.0	0.0	0.0	0.0	1.9302989759834304	0.0	0.0	0.0	0.0	0.0	0.0	0.0	0.0	0.0	0.0	0.0	0.0	0.0	0.0	0.0
GSM4138112_HNSCC_2_PBMC_GATTCAGGTAGCGCAA	174.5312444940096	97.88052460885834	0.0	122.33439962780096	0.0	0.0	0.0	0.0	0.0	15.714764631762902	24.150417637870717	0.0	0.0	0.0	27.153840805479852	0.0	0.0	0.0	0.0	0.0	0.0	0.0	0.0	0.0	0.0	64.38540837041417	0.0	0.0	0.0	0.0	0.0
GSM4138112_HNSCC_2_PBMC_GCACATAGTTCACCTC	100.946717356455	35.92156879608165	7.3300709992001005	0.0	0.0	0.0	0.0	0.0	55.80302914574882	0.0	0.0	0.0	0.0	15.473247180255894	0.0	0.0	0.0	0.0	64.87779769650054	0.0	0.0	5.385118918455624	0.0	0.0	0.0	0.0	0.0	0.0	0.0	0.0	0.0
GSM4138112_HNSCC_2_PBMC_GCAGTTAAGGCTAGAC	98.80819559516377	84.73998093047909	0.0	150.3129867824479	4.828475405825224	100.58962559557405	0.0	18.133927785568293	0.0	17.892475046026117	28.4991807263797	0.0	0.0	0.0	3.9679036484314065	0.0	0.0	0.0	0.0	0.0	0.0	0.0	0.0	54.74966783892619	0.0	0.0	0.0	0.0	0.0	0.0	0.0
GSM4138112_HNSCC_2_PBMC_GCATACACACGGCGTT	216.70069273600154	113.53122240091145	126.96765531851082	0.0	103.20292737372269	2.717402345274877	0.0	0.0	0.0	0.0	0.0	0.0	0.0	0.0	0.0	59.10813932286872	0.0	0.0	0.0	0.0	0.0	14.731074410358946	0.0	0.0	0.0	0.0	0.0	0.0	0.0	0.0	0.0
GSM4138112_HNSCC_2_PBMC_GCATACACAGCAGTTT	99.64069011061791	42.665938414137415	65.71360576571766	0.0	0.0	0.0	0.0	31.245901933807353	0.0	9.94807669554514	0.0	0.0	0.0	0.47119649603822	0.0	25.05719333514365	0.0	0.0	0.0	0.0	0.0	0.0	0.0	0.0	0.0	0.0	0.0	0.0	0.0	0.0	0.0
GSM4138112_HNSCC_2_PBMC_GCATGATCACCGATAT	92.27801805214779	102.28271527108863	0.0	12.175031979789372	0.0	0.0	0.0	0.0	72.34311311148865	22.5934468738089	35.29868564857939	0.0	0.0	0.0	0.0	0.0	0.0	0.0	0.0	12.455881165074588	0.0	0.0	0.0	0.0	0.0	0.0	0.0	102.68066729592228	0.0	0.0	0.0
GSM4138112_HNSCC_2_PBMC_GCATGATCACTGTTAG	125.858053741124	52.149449158818165	0.0	68.5492426434732	1.9274207915155994	0.0	0.0	0.0	0.0	2.6167923997726534	42.91042142234425	0.0	0.0	0.0	0.0	0.0	0.0	0.0	28.338020001665264	0.0	42.216263393554286	0.0	0.0	0.01055641121760306	0.0	0.0	0.0	0.0	0.0	0.0	0.0
GSM4138112_HNSCC_2_PBMC_GCATGATCATCACCCT	127.16372103401196	54.70891236890235	0.0	0.0	0.0	0.0	0.0	67.27741391432849	0.0	12.553461120761252	10.406823910407901	54.41664034671826	0.0	0.0	0.0	0.0	0.0	0.0	0.0	0.0	0.0	0.0	0.0	0.0	0.0	0.0	0.0	0.0	0.0	0.0	0.0
GSM4138112_HNSCC_2_PBMC_GCATGCGAGCTGATAA	181.4806624450858	66.29173537997214	141.9996548986047	0.0	19.56974043601243	0.0	0.0	0.0	49.30263884761075	9.30079516531556	24.158968031737583	0.0	0.0	0.0	0.0	0.0	0.0	0.0	0.0	15.657215912622997	0.0	0.0	0.0	0.0	0.0	0.0	0.0	0.0	0.0	0.0	0.0
GSM4138112_HNSCC_2_PBMC_GCATGCGCAATCGGTT	7.503388168001152	31.781853815065837	37.70409945372905	0.0	0.0	70.28351236010754	0.0	0.0	0.0	12.32144763922792	0.0	0.0	0.0	24.409684346587454	0.0	0.0	0.0	123.58686374952744	0.0	0.0	0.0	0.0	0.0	0.0	0.0	0.0	0.0	0.0	0.0	0.0	0.0
GSM4138112_HNSCC_2_PBMC_GCGACCAGTCATTAGC	151.04965084114372	107.44867509166089	178.84442070090603	0.0	0.0	58.416864294988734	0.0	0.0	136.75169407820457	21.705060211113658	0.0	0.0	0.0	0.0	0.0	48.225965728331666	0.0	0.0	0.0	0.0	0.0	0.0	0.0	0.0	0.0	0.0	0.0	0.0	0.0	0.0	0.0
GSM4138112_HNSCC_2_PBMC_GCGAGAATCGCCTGAG	192.78246717375666	83.76655764128186	0.0	0.0	0.0	0.0	0.0	0.0	21.3176249503551	0.0	30.411484333529053	0.0	0.0	0.0	0.0	0.0	0.0	0.0	0.0	1.9869262355616892	42.451342695324996	9.05510046382387	0.0	11.92916844753622	0.0	0.0	0.0	0.0	0.0	0.0	115.14679634242434
GSM4138112_HNSCC_2_PBMC_GCTCTGTCACGGTAAG	0.0	37.21871057752695	72.19497851615843	0.0	0.0	0.0	60.09417752829719	106.34193241830486	0.06985604558209511	7.875929078214555	0.0	0.0	0.0	0.0	0.0	33.11459077834847	0.0	0.0	0.0	0.0	0.0	0.0	0.0	0.0	0.0	0.0	0.0	0.0	0.0	0.0	0.0
GSM4138112_HNSCC_2_PBMC_GCTGCAGAGTGCCATT	89.14641084552265	68.38538844093597	19.995885831826904	0.0	0.0	0.0	0.0	0.0	78.18093760719947	0.0	0.0	0.0	0.0	20.861287800622623	0.0	0.0	57.02265792198367	0.0	0.0	0.0	0.0	3.2661416574708046	0.0	0.0	0.0	0.0	0.0	0.0	0.0	0.0	0.0
GSM4138112_HNSCC_2_PBMC_GGACAAGGTAGATTAG	201.91098745680543	170.23195705922575	199.71560759838596	0.0	0.0	29.64556007784039	0.0	0.0	0.0	15.582513107539118	19.030621281411307	0.0	0.0	0.0	0.0	15.581042703274306	0.0	92.85128491612004	0.0	0.0	0.0	0.0	0.0	0.0	0.0	0.0	0.0	0.0	0.0	0.0	0.0
GSM4138112_HNSCC_2_PBMC_GGAGCAAAGATGGGTC	0.0	90.7421057128147	0.0	61.998135350990374	0.0	193.59527667068832	0.0	108.84456406973914	0.0	19.346908091122387	13.679985744090791	0.0	93.49589742555496	0.0	0.0	26.722101679965775	0.0	0.0	0.0	0.0	0.0	0.0	0.0	0.0	0.0	0.0	0.0	0.0	0.0	0.0	0.0
GSM4138112_HNSCC_2_PBMC_GGCAATTTCATCATTC	91.78724058843771	106.45749189409698	69.01109452104072	0.0	0.0	0.0	55.68587863329103	0.0	0.0	3.5555582229704257	13.583120871603253	0.0	0.0	0.0	14.841983841767693	0.0	0.0	0.0	0.0	0.0	0.0	0.0	0.0	65.14573870724826	0.0	0.0	0.0	0.0	0.0	0.0	0.0
GSM4138112_HNSCC_2_PBMC_GGGCACTCAATGGACG	179.44064342726836	118.20403382308525	0.0	0.0	41.91059275870455	0.0	0.0	0.0	0.0	18.964001651066834	0.0	0.0	182.39369438338383	34.25592736884244	23.93844723438659	0.0	0.0	0.0	0.0	0.0	0.0	0.0	0.0	0.0	0.0	0.0	0.0	0.0	0.0	0.0	0.0
GSM4138112_HNSCC_2_PBMC_GGGTTGCGTACATCCA	135.6641671626405	86.79389278535676	99.76666844734035	0.0	0.0	0.0	0.0	0.0	49.15006404467764	0.0	16.724483678742903	0.0	0.0	0.0	0.0	0.0	0.0	0.0	0.0	8.720323012516737	0.0	5.73947026604374	0.0	0.0	0.0	0.0	0.0	0.0	0.0	0.0	0.0
GSM4138112_HNSCC_2_PBMC_GTAACGTGTATAATGG	89.38733674040026	50.27178378445861	0.0	118.1929855676012	0.0	0.0	0.0	0.0	11.217189038544348	7.906170670911721	0.0	0.0	0.0	0.0	43.00820589611547	16.578366313686196	0.0	7.512355458966272	0.0	0.0	0.0	0.0	0.0	0.0	0.0	0.0	0.0	0.0	0.0	0.0	0.0
GSM4138112_HNSCC_2_PBMC_GTCCTCAAGCTCCCAG	0.0	37.6246059762504	0.0	2.0403975337376004	0.0	63.93038586001393	0.0	0.0	127.9915029531447	1.5470312115448965	23.044155164940918	0.0	0.0	0.0	0.0	0.0	0.0	0.0	0.0	15.34460835573749	0.0	0.0	62.50052398827616	0.0	0.0	0.0	0.0	0.0	0.0	0.0	0.0
GSM4138112_HNSCC_2_PBMC_GTCCTCAGTAGCGTAG	86.19694379295962	57.8741664088556	0.0	0.0	0.0	0.0	0.0	0.0	59.62674021436324	0.0	5.7994869969052045	40.92767826867681	0.0	0.0	0.0	16.924170579478513	0.0	0.0	0.0	0.0	0.0	6.339220550142017	0.0	0.0	0.0	0.0	0.0	0.0	0.0	0.0	0.0
GSM4138112_HNSCC_2_PBMC_GTCCTCAGTGCGGTAA	135.96769844925535	92.99062922350889	0.0	98.45448647939449	0.0	0.0	0.0	0.0	0.0	11.17326658416199	23.796563854020878	0.0	0.0	0.0	0.0	0.0	0.0	0.0	0.0	0.0	83.67741719253895	0.0	0.0	0.0	0.0	0.0	0.0	0.0	0.0	0.0	0.0
GSM4138112_HNSCC_2_PBMC_GTCGGGTGTAAGTGGC	0.0	91.03038911409591	0.0	118.43949231251207	0.0	160.83179138966207	0.0	98.6280853456096	0.0	20.260753564528056	0.0	0.0	0.0	0.0	0.0	14.26193366874346	0.0	0.0	0.0	0.0	0.0	0.0	0.0	0.0	0.0	0.0	0.0	0.0	0.0	0.0	0.0
GSM4138112_HNSCC_2_PBMC_GTCGTAAAGTACACCT	154.93627354631852	60.86916146770095	0.0	0.0	59.082342913161085	0.0	0.0	0.0	0.0	25.113733861906425	18.242611068740285	0.0	108.36127909481596	0.0	0.0	0.0	0.0	0.0	0.0	0.0	1.9280678144799925	5.827802237721032	0.0	0.0	0.0	0.0	0.0	0.0	0.0	0.0	0.0
GSM4138112_HNSCC_2_PBMC_GTGGGTCTCTTAACCT	405.86284638148754	152.4820415843455	0.0	167.7498450262387	0.0	0.0	0.0	176.7132450409364	0.0	0.0	0.0	0.0	0.0	7.617589934084147	0.0	26.499656584671143	0.0	0.0	0.0	0.0	0.0	30.32119154915091	0.0	0.0	0.0	0.0	0.0	0.0	0.0	0.0	0.0
GSM4138112_HNSCC_2_PBMC_GTGTGCGAGCCGCCTA	175.12666969487987	57.07906471272051	81.30520653865209	0.0	0.0	0.0	0.0	54.36802986147119	0.0	19.99801727011004	0.0	0.0	57.853929139789386	6.002170008882365	0.0	0.0	0.0	0.0	0.0	0.0	0.0	0.0	0.0	0.0	0.0	29.329100948911456	0.0	0.0	0.0	0.0	0.0
GSM4138112_HNSCC_2_PBMC_GTTCTCGAGTAACCCT	116.31920986841874	88.6182688310682	44.729765419540556	0.0	58.37794691518166	0.0	0.0	0.0	0.0	4.891677730397948	0.0	59.27221708224728	0.0	40.20008072758931	0.0	0.0	0.0	0.0	0.0	32.39310225814763	0.0	0.0	0.0	0.0	0.0	0.0	0.0	0.0	0.0	0.0	0.0
GSM4138112_HNSCC_2_PBMC_TAAGCGTCAGACGCCT	66.15687660886408	54.89956224669075	0.0	184.95165351824784	32.51108135487738	0.0	0.0	15.09995987286959	0.0	11.16436519496894	59.654771386185324	0.0	0.0	0.0	0.0	0.0	0.0	0.0	0.0	0.0	0.0	0.0	0.0	0.0	0.0	0.0	0.0	0.0	0.0	0.0	0.0
GSM4138112_HNSCC_2_PBMC_TACGGTATCAGCCTAA	159.83755440483353	75.5224362145828	110.7988623340022	0.0	0.0	0.0	0.0	117.7951157650391	0.0	9.126927431633403	0.0	0.0	15.944646984268047	28.381631238848353	0.0	6.093744773321061	0.0	0.0	0.0	0.0	0.0	4.061655421926088	0.0	0.0	0.0	0.0	0.0	0.0	0.0	0.0	0.0
GSM4138112_HNSCC_2_PBMC_TAGCCGGGTTCATGGT	116.63230044411624	47.830131044850674	55.18568536607551	0.0	3.690110172000592	0.0	0.0	0.0	28.80455724917007	8.745586966868798	0.0	0.0	0.0	13.610294794000213	0.0	0.0	0.0	0.0	0.0	1.8868093932315486	0.0	0.0	0.0	0.0	0.0	0.0	0.0	0.0	0.0	0.0	0.0
GSM4138112_HNSCC_2_PBMC_TAGTGGTAGGATGGAA	86.01002140182241	48.24707355030222	95.84573607996847	0.0	0.0	0.0	0.0	0.0	0.0	0.0	0.0	0.0	0.0	12.569130293194485	0.0	5.399017684274427	0.0	0.0	0.0	34.94251988104236	0.0	20.486067564732817	0.0	0.0	0.0	0.0	0.0	0.0	0.0	0.0	0.0
GSM4138112_HNSCC_2_PBMC_TAGTTGGGTCCATGAT	171.30288607483942	155.994154914465	0.0	0.0	0.0	0.0	8.892828916135635	0.0	0.46775326532982303	0.0	66.91666636075443	3.7315571233932583	0.0	0.0	89.86276546268232	0.0	0.0	0.0	183.82708447887833	0.0	0.0	29.68572845652277	0.0	0.0	0.0	0.0	0.0	0.0	30.527123461150044	0.0	0.0
GSM4138112_HNSCC_2_PBMC_TATTACCCAGCTGTAT	314.3133542240935	146.7009405253389	0.0	160.456260573877	0.0	0.0	0.0	0.0	0.0	43.43105511524106	54.25049740433451	0.0	0.0	0.0	142.5302133765324	0.0	0.0	0.0	0.0	0.0	0.0	0.0	17.420579065174806	0.0	0.0	0.0	0.0	0.0	0.0	39.55487902153135	0.0
GSM4138112_HNSCC_2_PBMC_TCATTTGGTGTGGTTT	122.35021939671746	105.66703657760029	120.65191897197185	0.0	0.0	0.0	0.0	135.4525325103909	0.0	0.0	32.55408699133312	0.0	0.0	0.0	0.0	0.0	0.0	0.0	0.0	0.0	0.0	29.67201328186078	0.0	0.0	0.0	0.0	0.0	0.0	0.0	0.0	0.0
GSM4138112_HNSCC_2_PBMC_TCATTTGGTTGGAGGT	109.29124693968275	68.5989736449164	0.0	0.0	0.0	0.0	0.0	0.0	0.0	0.0	24.962681619333637	0.0	82.76112679059509	0.0	47.31420736857227	0.0	0.0	0.0	0.0	0.0	0.0	27.548113569903144	0.0	0.0	0.0	0.0	0.0	0.0	0.0	0.0	0.0
GSM4138112_HNSCC_2_PBMC_TCTCATAGTCTGCGGT	161.22691928796795	87.4975509777856	100.3659924749728	0.0	88.18152305905984	0.0	0.0	0.0	0.0	5.150435502616039	28.28781033459984	0.0	0.0	0.0	11.021970345223444	0.0	0.0	0.0	0.0	0.0	0.0	14.102548439982636	0.0	0.0	0.0	0.0	0.0	0.0	0.0	0.0	0.0
GSM4138112_HNSCC_2_PBMC_TCTCATAGTTTGTGTG	71.70252305683465	96.02190836581691	84.0092840020718	0.0	36.7913880602923	0.0	0.0	0.0	30.944903440503097	13.117964796723703	0.0	0.0	0.0	7.346891983793814	0.0	0.0	0.0	0.0	0.0	14.560044777089496	0.0	3.6341935776961187	0.0	0.0	0.0	0.0	0.0	0.0	0.0	0.0	0.0
GSM4138112_HNSCC_2_PBMC_TCTTTCCTCGAGAGCA	60.041486749809316	66.57522298212237	0.0	0.0	0.0	40.01923206545385	0.0	0.0	55.93676694088626	11.327117918981003	20.55130074948492	68.57842444596463	0.0	0.0	0.0	0.0	0.0	17.93371239820122	0.0	0.0	5.671002814546528	0.0	0.0	0.0	0.0	0.0	0.0	0.0	0.0	0.0	0.0
GSM4138112_HNSCC_2_PBMC_TGAAAGATCACGCGGT	16.76159838840979	50.84250407682247	0.0	0.0	67.8361949002391	63.36973832546685	0.0	0.0	0.0	0.0	11.763647891357838	0.0	25.678224933417088	0.0	0.0	0.0	0.0	0.0	0.0	0.0	0.0	3.41004731074013	0.0	0.0	0.0	0.0	0.0	0.0	0.0	0.0	0.0
GSM4138112_HNSCC_2_PBMC_TGACTAGAGAAACCTA	23.431365580811477	116.8065243385218	161.13664150826904	0.0	0.0	2.584500787261392	261.79632676324934	0.0	0.0	22.611256526289598	0.0	0.0	0.0	54.887639586087694	0.0	0.0	0.0	0.0	0.0	0.0	194.81288075747614	0.0	0.0	0.0	0.0	0.0	0.0	0.0	0.0	0.0	0.0
GSM4138112_HNSCC_2_PBMC_TGACTTTAGGATATAC	51.94158724598122	65.84127924698718	12.552871575360308	0.0	92.51915308397544	0.0	77.16201017436181	0.0	0.0	1.3361537637555565	18.73057180580358	0.0	0.0	0.0	0.0	0.0	84.42323440282846	0.0	0.0	0.0	0.0	0.0	0.0	0.0	0.0	0.0	0.0	0.0	0.0	0.0	0.0
GSM4138112_HNSCC_2_PBMC_TGCACCTTCTAGCACA	83.87390417682504	55.47982051987275	63.47241050315152	0.0	0.0	0.0	0.0	0.0	0.0	0.0	13.77678110156091	0.0	0.0	0.0	62.98021676440767	0.0	0.0	0.0	0.0	0.0	0.0	8.160914554894578	0.0	0.0	0.0	0.0	0.0	0.0	0.0	0.0	0.0
GSM4138112_HNSCC_2_PBMC_TGCCCTACACTGAAGG	177.53514045933477	77.36627856075344	0.0	148.75357285627268	39.1434492799327	0.0	0.0	0.0	0.0	20.894998674312056	40.8345591988619	0.0	0.0	0.0	0.0	0.0	0.0	0.0	0.0	0.0	14.254233757440602	0.0	0.0	1.713829509565681	0.0	10.003156876817425	0.0	0.0	0.0	0.3446679705190451	0.0
GSM4138112_HNSCC_2_PBMC_TGCCCTAGTAGCCTCG	23.454205760338507	70.68189155547608	0.0	0.0	0.0	36.80875635398239	67.77867091958828	0.0	0.0	8.300680676583744	0.0	0.0	0.0	56.05616028889055	97.98778939539416	0.0	0.0	0.0	169.91347801417368	0.0	0.0	0.0	0.0	0.0	0.0	0.0	0.0	0.0	0.0	0.0	0.0
GSM4138112_HNSCC_2_PBMC_TGCCCTAGTTTCGCTC	129.70216023865092	68.18907866050556	60.72078326608563	0.0	38.800887623569224	36.72096522217133	0.0	0.0	0.0	1.6649248646883004	21.573229583542776	0.0	0.0	0.0	0.0	0.0	0.0	0.0	0.0	0.0	40.470758939373134	0.0	0.0	0.0	0.0	0.0	0.0	0.0	0.0	0.0	0.0
GSM4138112_HNSCC_2_PBMC_TGCGGGTTCACATACG	180.7274525737442	60.15655103947039	125.7480730164326	0.0	0.0	0.0	0.0	127.19606917190703	0.0	11.31664202120803	0.0	0.0	0.0	18.97633171631669	0.0	0.0	0.0	0.0	0.0	0.0	0.0	0.0	0.0	0.0	0.0	0.0	0.0	0.0	0.0	0.0	0.0
GSM4138112_HNSCC_2_PBMC_TGGCGCATCTGCCCTA	57.56881513400521	60.843072234861864	43.63499591946648	0.0	0.0	0.0	0.0	0.0	54.79554424887293	0.0	0.0	0.0	0.0	35.5453933026274	0.0	0.0	0.0	0.0	0.0	0.0	0.0	5.657497023449603	0.0	0.0	0.0	0.0	0.0	13.112307655196393	0.0	0.0	0.0
GSM4138112_HNSCC_2_PBMC_TGGGAAGAGAAACGAG	60.255427853413046	43.0568941037069	49.15576559442288	0.0	26.308753901359925	124.54052260982235	0.0	0.0	13.056483133401725	17.259349892896708	22.215349382555566	0.0	0.0	0.0	0.0	0.0	0.0	51.91497928251009	0.0	0.0	0.0	0.0	0.0	0.0	0.0	0.0	19.441747173775074	0.0	0.0	0.0	0.0
GSM4138112_HNSCC_2_PBMC_TGGTTAGAGGCCGAAT	0.0	37.27908218984728	96.85133601150045	0.0	28.37967048151898	0.0	29.674116333537448	0.0	11.805994157582408	3.7738158115290616	24.434896488464986	0.0	0.0	0.0	0.0	0.0	0.0	0.0	0.0	0.0	64.32344436196617	0.0	0.0	0.0	0.0	0.0	0.0	0.0	0.0	0.0	0.0
GSM4138112_HNSCC_2_PBMC_TGGTTAGCATTAACCG	115.98236139713238	76.7682756798195	0.0	0.0	0.0	0.0	0.0	0.0	1.7870602573568322	6.054182330278884	17.223104879591702	67.07727379909856	0.0	0.0	0.0	0.0	0.0	8.143611830407336	0.0	0.0	0.0	0.0	0.0	44.39499760980449	0.0	0.0	0.0	0.0	0.0	0.0	0.0
GSM4138112_HNSCC_2_PBMC_TTAGGACTCTATCCTA	138.75175625080288	80.97314862422438	0.0	0.0	0.0	43.298472706525885	7.606958759951863	54.18305735515799	56.51561780277454	21.695930554933536	33.61068677897176	0.0	185.07340398833173	0.0	0.0	0.0	0.0	0.0	0.0	0.0	0.0	0.0	0.0	0.0	0.0	0.0	0.0	0.0	0.0	0.0	0.0
GSM4138112_HNSCC_2_PBMC_TTCCCAGCAAGTCATC	0.0	158.04722084694407	0.0	0.0	0.0	201.70656001953347	0.0	0.0	0.0	39.112940326290435	39.63791319001397	0.0	0.0	0.0	0.0	0.0	0.0	64.22637551468631	0.0	0.0	35.47656925379666	0.0	167.0243627049871	0.0	0.0	0.0	0.0	0.0	0.0	0.0	0.0
GSM4138112_HNSCC_2_PBMC_TTCGAAGAGGCTATCT	42.60130332186608	49.742614655372705	96.74433813596306	0.0	25.684933735450482	47.664780682086544	0.0	0.0	0.0	0.0	20.798633341559363	0.0	0.0	0.0	0.0	0.0	0.0	0.0	0.0	0.0	0.0	7.110625578125909	0.0	0.0	0.0	0.0	0.0	0.0	0.0	0.0	0.0
GSM4138112_HNSCC_2_PBMC_TTCTACATCCTCATTA	156.34230100552304	106.14230081083298	0.0	0.0	119.05697769905576	0.0	0.0	0.0	0.0	13.87199834022254	43.31468067885293	142.4737334535595	0.0	0.0	1.628222120947442	0.0	0.0	0.0	0.0	0.0	0.0	0.0	0.0	0.0	0.0	0.0	0.0	0.0	0.0	0.0	0.0
GSM4138112_HNSCC_2_PBMC_TTCTCAAAGGCTCAGA	146.03726027742874	99.01045570957083	155.5459859431455	0.0	10.543492079861275	0.0	0.0	0.0	61.37677584015938	28.115759046220678	0.0	0.0	0.0	19.660997306768046	0.0	0.0	0.0	0.0	0.0	0.0	0.0	0.0	0.0	0.0	0.0	0.0	0.0	0.0	0.0	0.0	0.0
GSM4138112_HNSCC_2_PBMC_TTGCCGTGTCAGATAA	83.9249829844061	41.74586088313895	0.0	0.0	0.0	0.0	0.0	72.88751917205494	0.0	0.0	10.30676914027103	0.0	81.38903540539665	0.0	0.0	0.0	0.0	0.0	0.0	0.0	0.0	2.0023242735647413	0.0	0.0	0.0	0.0	0.0	0.0	0.0	0.0	0.0
GSM4138112_HNSCC_2_PBMC_TTGGAACCAGTCTTCC	85.59071454409559	34.77515031256045	105.71250736682406	0.0	10.305677006609676	0.0	0.0	0.0	0.0	8.504596464919072	0.0	0.0	0.0	3.354894236085068	0.0	11.63315686508632	0.0	0.0	0.0	0.0	21.020625828070532	0.0	0.0	1.156594648672549	0.0	0.0	0.0	0.0	0.0	0.0	0.0
GSM4138112_HNSCC_2_PBMC_TTGGCAAAGATGTGGC	0.0	37.005580771078755	82.85397201465295	0.0	0.0	0.0	66.48384484381664	0.0	0.0	11.740294550498401	23.601782310154817	0.0	0.0	0.0	0.0	0.0	0.0	74.6497746575447	0.0	0.0	0.0	0.0	0.0	0.0	0.0	0.0	0.0	0.0	0.0	0.0	0.0
GSM4138112_HNSCC_2_PBMC_TTGGCAAGTTCCCTTG	0.0	55.280159604698405	0.0	0.0	0.0	110.01020747225282	0.0	0.0	0.0	15.46386373644942	37.171259631581805	95.21509844764051	0.0	0.0	0.0	0.0	0.0	0.0	0.0022357869303422477	0.0	0.0	0.0	22.791572201970364	0.0	0.0	70.88182053287846	0.5326256140827685	0.0	0.0	0.0	0.0
GSM4138112_HNSCC_2_PBMC_TTTATGCGTACCTACA	64.4318486163801	65.02733666410865	57.88210119419067	0.0	0.0	0.0	0.0	0.0	0.0	0.0	5.212502946972256	0.0	0.0	0.0	0.0	0.0	0.0	20.76441338078612	0.0	0.0	23.626968745756006	1.6812011849390176	0.0	0.0	0.0	0.0	0.0	0.0	0.0	0.0	0.0
GSM4138112_HNSCC_2_PBMC_TTTGTCATCCGTACAA	109.64749105746075	93.72672295656386	104.44085966173003	0.0	86.60837271365823	0.0	0.0	0.0	0.0	31.205387288220376	27.108041445095225	0.0	0.0	0.0	0.0	0.0	0.0	0.0	0.0	0.0	0.0	0.0	0.0	0.0	0.0	0.0	0.0	0.0	0.0	0.0	0.0
GSM4138112_HNSCC_2_PBMC_AAATGCCTCCGTTGTC	0.0	168.25396798637982	0.0	0.0	9.734364616579219	209.4872968949947	0.0	149.1573500125894	0.0	0.0	0.0	0.0	0.0	0.0	0.0	62.832803356330906	0.0	0.0	243.17824801077893	0.0	0.0	30.05140437226819	0.0	0.0	0.0	0.0	0.0	0.0	0.0	0.0	0.0
GSM4138112_HNSCC_2_PBMC_AACACGTCACACGCTG	217.63727714491912	147.3939220692038	0.0	72.3005285399313	178.54860173111575	0.0	0.0	0.0	0.0	43.02159612625295	46.71072659907126	0.0	0.0	0.0	0.0	0.0	0.0	0.0	0.0	0.0	0.0	0.0	66.898731246816	0.0	0.0	0.0	162.7914023740251	0.0	0.0	0.0	0.0
GSM4138112_HNSCC_2_PBMC_AACTCTTCATGAACCT	0.0	133.28182019099341	169.78623597702284	0.0	99.55738703671236	181.5099041472401	0.0	0.0	0.0	45.248856125152834	0.0	0.0	0.0	35.3797169377694	0.0	0.0	0.0	0.0	0.0	0.0	16.797612355857073	0.0	0.0	0.0	0.0	0.0	0.0	0.0	0.0	0.0	0.0
GSM4138112_HNSCC_2_PBMC_AACTCTTTCGCATGGC	311.0779371784854	184.64525860126818	0.0	259.56491266675596	0.0	0.0	0.0	0.0	112.0618723269959	24.278545225568674	0.0	0.0	0.0	67.06426728136792	0.0	0.0	0.0	0.0	0.0	0.0	23.053109340581397	0.0	0.0	0.0	0.0	0.0	25.468626575130894	0.0	0.0	0.0	0.0
GSM4138112_HNSCC_2_PBMC_AAGACCTCAACTGCGC	277.9080352021427	145.62624413098334	0.0	0.0	206.90525980454112	0.0	0.0	0.0	0.0	27.147642430990697	55.7713525569213	211.7996147490856	0.0	0.0	0.0	0.0	0.0	0.0	0.0	0.0	0.0	0.0	0.0	0.0	0.0	0.0	0.0	0.0	0.0	0.0	0.0
GSM4138112_HNSCC_2_PBMC_AAGCCGCCACGCCAGT	0.0	133.39428917188823	125.555031297848	12.012815275671114	187.46798196171073	226.21745737607162	0.0	0.0	0.0	24.443471812008898	0.0	0.0	0.0	30.309396567472408	0.0	0.0	0.0	0.0	0.0	0.0	0.0	0.0	0.0	0.0	7.885277118202677	0.0	0.0	0.0	0.0	0.0	0.0
GSM4138112_HNSCC_2_PBMC_AAGCCGCGTGCGGTAA	188.68935525901514	96.72978428866381	43.000310953182534	0.0	98.04861202107294	0.0	0.0	0.0	0.0	24.356975474246852	0.0	103.07294394580758	57.792423882863176	46.76210396311952	0.0	0.0	0.0	0.0	0.0	0.0	0.0	0.0	0.0	0.0	0.0	0.0	0.0	0.0	0.0	0.0	0.0
GSM4138112_HNSCC_2_PBMC_AAGGTTCGTGTAAGTA	124.06738083179444	77.39668210011547	71.17476484347794	0.0	0.0	0.0	0.0	0.0	83.60616849445339	28.373482888892017	0.0	0.0	0.0	33.5657039454056	0.0	0.0	25.27484139114037	0.0	0.0	0.0	0.0	0.0	0.0	0.0	0.0	0.0	0.0	0.0	0.0	0.0	0.0
GSM4138112_HNSCC_2_PBMC_ACGAGCCAGAGGTTGC	189.82929009647984	183.83097889037236	196.211233527117	0.0	0.0	0.0	0.0	0.0	0.0	21.16231886390023	33.70262267534305	0.0	0.0	0.0	0.0	0.0	0.0	0.0	0.0	126.95003293062756	0.0	0.0	0.0	0.0	0.0	14.302459651481236	0.0	0.0	0.0	0.0	0.0
GSM4138112_HNSCC_2_PBMC_ACTGCTCGTCTCCCTA	0.0	86.71995369732093	152.6229641707615	0.0	0.0	0.0	335.0807316143063	166.59070829260162	0.0	25.618158702027277	43.68670102773717	0.0	0.0	0.0	0.0	0.0	0.0	0.0	0.0	0.0	0.0	0.0	0.0	0.0	0.0	0.0	0.0	0.0	0.0	0.0	0.0
GSM4138112_HNSCC_2_PBMC_ACTGCTCTCTGCCCTA	15.754801290075514	120.54708076370355	0.0	0.0	0.0	0.0	268.8006710699706	0.0	0.0	44.16258253859737	30.14833011591227	0.0	0.0	0.0	150.7606817883439	0.0	0.0	0.0	52.67498171381477	0.0	0.0	0.0	0.0	0.0	0.0	0.0	0.0	222.62560947513606	0.0	0.0	0.0
GSM4138112_HNSCC_2_PBMC_ACTTACTCAATTGCTG	183.8710785854923	118.35529060861066	114.43458991262449	0.0	129.77406064748982	0.0	5.1857611612346215	0.0	0.0	22.120253271444774	37.30884127444501	0.0	0.0	0.0	0.0	0.0	60.32654686184402	0.0	0.0	0.0	0.0	0.0	0.0	0.0	0.0	0.0	0.0	0.0	0.0	0.0	0.0
GSM4138112_HNSCC_2_PBMC_AGCAGCCCAAACTGCT	238.20397380804616	99.50513519846186	9.199085420649691	0.0	67.71014712514632	0.0	0.0	0.0	16.04070139633863	15.727749426628353	33.724897666349754	0.0	0.0	0.0	0.0	0.0	203.45692842734908	0.0	0.0	0.0	0.0	0.0	0.0	0.0	0.0	0.0	0.0	0.0	0.0	0.0	0.0
GSM4138112_HNSCC_2_PBMC_AGCGTCGCAAATACAG	244.8927036888793	77.93734668804717	0.0	0.0	0.0	0.0	0.0	0.0	0.0	29.503622012419488	47.383535405276284	0.0	0.0	0.0	0.0	0.0	263.41460558559316	0.0	0.0	0.0	0.0	0.0	0.0	0.0	0.0	98.71766606470007	0.0	0.0	0.0	0.0	0.0
GSM4138112_HNSCC_2_PBMC_AGTTGGTGTACTTGAC	157.60428454264607	97.90597750723387	88.233958778813	0.0	0.0	51.50778857847393	0.0	0.0	0.0	36.246753498176005	0.0	0.0	0.0	0.0	0.0	43.60805310023332	0.0	34.884847880182505	0.0	0.0	48.51102317882332	0.0	0.0	8.301771859565205	0.0	0.0	0.0	0.0	0.0	0.0	0.0
GSM4138112_HNSCC_2_PBMC_ATCCGAATCTGCTTGC	0.0	138.76629110118114	250.5484197217637	0.0	0.0	0.0	198.39520633092144	0.0	123.22270834329197	18.610076338731037	0.0	0.0	0.0	0.0	0.0	42.74530171209709	0.0	0.0	0.0	0.0	0.0	0.0	0.0	0.0	0.0	0.0	0.0	0.0	0.0	0.0	0.0
GSM4138112_HNSCC_2_PBMC_ATCGAGTTCTGGAGCC	102.12628218425188	100.12859254528703	194.3542009812761	0.0	150.34535397950125	0.0	102.08736392644794	0.0	0.0	40.81392958558593	0.0	0.0	0.0	17.00277270486106	0.0	24.7903531690384	0.0	0.0	0.0	0.0	0.0	0.0	0.0	0.0	0.0	0.0	0.0	0.0	0.0	0.0	0.0
GSM4138112_HNSCC_2_PBMC_ATGAGGGCATCTATGG	262.45727948045663	168.3250158119671	195.1194680864911	0.0	0.0	0.0	0.0	0.0	0.0	36.74743388066025	0.0	0.0	0.0	1.7968911916496568	0.0	56.46890462141562	0.0	0.0	0.0	23.047776561018686	0.0	0.0	0.0	170.50595983494028	0.0	23.36336645431719	0.0	0.0	0.0	0.0	0.0
GSM4138112_HNSCC_2_PBMC_ATTACTCGTTGGTTTG	0.0	113.14419745876637	0.0	0.0	0.0	192.62905703437178	0.0	0.0	0.0	31.27336266679114	0.0	129.12833337986785	17.52730793271864	33.49515305062688	0.0	0.0	0.0	55.828526345172385	0.0	0.0	112.30877112906187	0.0	0.0	0.0	0.0	0.0	0.0	0.0	0.0	0.0	0.0
GSM4138112_HNSCC_2_PBMC_ATTCTACCAGACTCGC	189.42194661548146	144.24922382758908	0.0	0.21046278502161575	30.618261054212383	0.0	0.0	0.0	0.0	21.300031621035952	39.46652931252132	0.0	8.623446475953406	0.0	0.0	0.0	0.0	0.0	0.0	20.583098834226625	44.27671150593219	0.0	0.0	0.0	236.95251806934078	46.63120054006238	0.0	0.0	0.0	0.0	0.0
GSM4138112_HNSCC_2_PBMC_ATTGGTGCAGTAAGCG	271.03150376722346	79.33005930332304	0.0	0.0	144.988025649489	0.0	0.0	0.0	0.0	16.79052126650182	0.0	180.21026352056563	0.0	48.48606257724139	0.0	0.0	0.0	0.0	0.0	0.0	0.0	0.0	0.0	0.0	0.0	0.0	0.0	0.0	0.0	0.0	0.0
GSM4138112_HNSCC_2_PBMC_CAACTAGTCTAGCACA	100.26696597178517	140.28036613273954	144.20017522741907	0.0	69.62883118116123	0.0	0.0	0.0	0.0	10.974847202037989	0.0	0.0	0.0	19.577757582808793	0.0	0.0	0.0	0.0	0.0	3.6615237743995417	0.0	0.0	0.0	0.0	0.0	2.808988394158712	0.0	0.0	0.0	0.0	0.0
GSM4138112_HNSCC_2_PBMC_CACATAGAGTTCGCAT	0.0	129.6288291000821	106.07203629770216	0.0	0.0	192.72381029861486	0.0	0.0	0.0	16.660989597148117	56.64045536200387	0.0	0.0	0.0	62.34352574656142	0.0	0.0	0.0	0.0	0.0	29.854480503367817	0.0	51.92911873885727	0.0	0.0	0.0	8.103734425960617	0.0	0.0	12.190139200057127	0.0
GSM4138112_HNSCC_2_PBMC_CAGCGACAGCCACGTC	148.29260111237934	106.13906595688267	0.0	35.537374333386765	0.0	0.0	0.0	0.0	54.07207162297181	0.0	37.39474956819502	0.0	0.0	4.432760442570881	43.89257963861058	0.0	0.0	0.0	0.0	0.0	0.0	44.88474177123121	14.578660485132053	0.0	90.39839958186701	0.0	67.67893628181417	0.0	0.0	0.0	0.0
GSM4138112_HNSCC_2_PBMC_CAGCTAACAAGGCTCC	0.0	132.88406537797945	0.0	274.1793734156434	0.0	241.70381815620027	0.0	49.971585865505396	0.0	34.75614267800019	0.0	0.0	0.0	0.0	0.0	78.67258506218666	0.0	83.16282747827763	0.0	0.0	7.247095650787639	0.0	0.0	0.0	0.0	0.0	0.0	0.0	0.0	0.0	0.0
GSM4138112_HNSCC_2_PBMC_CATATTCTCATAACCG	0.0	205.5618832226013	0.0	0.0	0.0	0.0	255.9352409683853	181.49675964024013	0.0	17.681031589179636	0.0	0.0	0.0	53.32724549125175	0.0	0.0	0.0	0.0	294.859061486822	0.0	0.0	0.0	0.0	0.0	0.0	0.0	0.0	0.0	0.0	0.0	0.0
GSM4138112_HNSCC_2_PBMC_CATGGCGTCGCACTCT	188.28191121389384	157.12800029309008	0.0	0.0	0.0	0.0	0.0	0.0	0.0	12.893448889260277	35.66191729944253	126.15283351124036	0.0	0.0	110.69415619790496	0.0	0.0	0.0	0.0	0.0	0.0	0.0	0.0	0.0	0.0	0.0	0.0	0.0	0.0	0.0	0.0
GSM4138112_HNSCC_2_PBMC_CATTATCCAGTCGATT	106.27138112607649	150.82755524958986	182.0381457873062	0.0	0.0	0.0	97.85267037414273	0.0	101.52441394212839	24.968858537753267	42.363707120328115	0.0	0.0	0.0	0.0	0.0	0.0	0.0	0.0	15.673965259466168	0.0	0.0	0.0	0.0	0.0	0.0	0.0	0.0	0.0	0.0	0.0
GSM4138112_HNSCC_2_PBMC_CATTATCGTACGAAAT	177.00818902093764	117.99028242171723	0.0	194.73158293924263	0.0	0.0	0.0	0.0	58.112714364146136	32.592871261221845	25.016631520879788	0.0	0.0	42.84408033513487	0.0	0.0	0.0	0.0	0.0	0.0	0.0	0.0	0.0	0.0	0.0	30.223723543896913	0.0	0.0	0.0	0.0	0.0
GSM4138112_HNSCC_2_PBMC_CATTATCTCGTTTGCC	0.0	37.4813518019302	0.0	101.65766447151313	0.0	72.9567300434358	0.0	0.0	0.0	4.12108967454209	0.28542837886969685	0.0	0.0	0.0	0.0	17.979627693481046	0.0	0.0	0.0	0.0	4.983574715607221	0.0	0.0	0.0	0.0	0.0	0.0	0.0	0.0	0.0	0.0
GSM4138112_HNSCC_2_PBMC_CCCAATCAGGAGCGAG	0.0	63.36780905576701	12.660994061132847	24.893619935517354	0.0	90.19497863238882	0.0	43.32703660533515	0.0	8.058653933880775	21.30197338510431	0.0	0.0	0.0	0.0	0.0	0.0	0.0	0.0	0.0	0.0	0.0	41.41006386534275	0.0	0.0	0.0	0.0	0.0	19.3426368385332	0.0	0.0
GSM4138112_HNSCC_2_PBMC_CCGGGATTCTCGTTTA	0.0	58.43765338805514	52.934939119404504	0.0	11.092607949785462	0.0	66.46098351251504	0.0	0.0	10.337404993816612	0.0	0.0	0.0	21.21644805155254	0.0	0.0	26.95719656960985	0.0	0.0	0.0	26.31686284018105	0.0	0.0	0.0	0.0	19.112271242539112	0.0	0.0	0.0	0.0	0.0
GSM4138112_HNSCC_2_PBMC_CCTAGCTCACAGAGGT	0.0	99.98723081590467	0.0	0.0	0.0	0.0	327.82286835925856	0.0	142.50690135312402	28.50947064869213	43.81575942971545	0.0	0.0	0.0	0.0	0.0	0.0	0.0	0.0	1.997402860023312	0.0	0.0	54.23770471859435	0.0	0.0	0.0	128.89569294369656	0.0	0.0	0.0	0.0
GSM4138112_HNSCC_2_PBMC_CCTATTATCTCAACTT	0.0	151.04258371300793	127.60654603156677	0.0	146.75768279957157	45.44409565803086	172.47989944817846	0.0	0.0	26.676282065126024	20.133006017630127	0.0	0.0	26.515092299237928	0.0	0.0	26.364776137562718	0.0	0.0	0.0	0.0	0.0	0.0	0.0	0.0	0.0	0.0	0.0	0.0	0.0	0.0
GSM4138112_HNSCC_2_PBMC_CCTCAGTAGACTGTAA	248.63637058296226	79.04788534079333	0.0	153.7186541003733	121.52641721047739	0.0	0.0	0.0	0.22622554014175034	19.818103335938453	6.75677062991541	0.0	0.0	26.953056572004208	0.0	0.0	0.0	0.0	0.0	0.0	0.0	0.0	0.0	0.0	0.0	0.0	0.0	0.0	0.0	0.0	0.0
GSM4138112_HNSCC_2_PBMC_CCTTTCTGTCTAAACC	162.9389717831382	179.65921929361917	0.0	0.0	0.0	0.0	0.0	0.0	77.25844099422187	24.26185298671039	50.6407176518961	0.0	0.0	0.0	0.0	0.0	0.0	0.0	0.0	22.598429111676023	0.0	0.0	247.32712057112332	0.0	0.0	0.0	0.0	0.0	0.0	0.0	0.0
GSM4138112_HNSCC_2_PBMC_CGACCTTAGGTGCTTT	265.75937646021345	110.35250208489177	138.28232220721185	0.0	0.0	0.0	0.0	0.0	0.0	16.51933175977687	38.257357094546606	0.0	0.0	0.0	8.11663506452386	0.0	32.0565979943745	0.0	0.0	0.0	109.79061555294928	0.0	0.0	0.0	42.1560190303733	0.0	0.0	0.0	0.0	0.0	0.0
GSM4138112_HNSCC_2_PBMC_CGAGAAGTCGAGCCCA	221.09358832226425	170.76773147619883	0.0	0.0	51.75141619754759	0.0	0.0	0.0	0.0	28.94742325954461	0.0	0.0	0.0	58.997593901622096	0.0	0.0	0.0	0.0	266.8741530697247	0.0	0.0	0.0	0.0	0.0	0.0	56.99869922522776	0.0	0.0	0.0	0.0	0.0
GSM4138112_HNSCC_2_PBMC_CGATGTACAACTGCTA	190.14988407740438	215.34053312217273	163.58013514147768	0.0	0.0	32.18698047939426	0.0	0.0	50.60073557945437	12.129267189008814	34.72631518583916	0.0	0.0	0.0	0.0	0.0	2.518839665231452	9.04257030062113	0.0	0.0	67.71170954193121	0.0	0.0	0.0	0.0	0.0	0.0	0.0	0.0	0.0	0.0
GSM4138112_HNSCC_2_PBMC_CGGACACCAGAGTGTG	231.56430573251978	144.44254256199028	74.047707585621	0.0	117.59639120877601	0.0	0.0	0.0	0.0	26.25628010437378	0.0	0.0	0.0	74.81250062217929	16.47953472005357	0.0	134.03102239874306	0.0	0.0	0.0	0.0	0.0	0.0	0.0	0.0	0.0	0.0	0.0	0.0	0.0	0.0
GSM4138112_HNSCC_2_PBMC_CGTTAGAAGATATACG	150.00188632372974	118.72619707894584	75.95689811358734	0.0	28.654959355244838	0.0	228.78292300947572	0.0	0.0	22.3785166403159	11.699291321280683	0.0	0.0	0.0	109.17652415720798	20.888728879459357	0.0	0.0	141.79100552184823	0.0	13.152030428983963	0.0	0.0	0.0	0.0	0.0	0.0	0.0	0.0	0.0	0.0
GSM4138112_HNSCC_2_PBMC_CGTTCTGCATCCTAGA	0.0	79.40396238660492	0.0	168.6475663335868	0.0	110.74203920470426	0.0	0.0	0.0	15.001579473622405	2.1379912046777974	0.0	0.0	0.0	0.0	26.20572487100727	0.0	0.0	0.0	0.0	39.337409229244464	0.0	0.0	0.0	0.0	0.0	0.0	0.0	0.0	0.0	0.0
GSM4138112_HNSCC_2_PBMC_CTACACCTCCTGTACC	0.0	145.56141677898702	0.0	0.0	0.0	0.0	238.60029869594686	0.0	52.01542456580409	25.240885983060796	0.0	0.0	253.67376439373186	0.0	0.0	33.579112915083634	0.0	0.0	0.0	0.0	0.0	0.0	0.0	158.91208689378584	0.0	0.0	0.0	0.0	0.0	0.0	0.0
GSM4138112_HNSCC_2_PBMC_CTACGTCCAAATCCGT	106.93188442335246	104.277463642382	0.0	0.0	118.60981192916425	49.53543146101071	0.0	0.0	0.0	23.069920292878656	40.57990097863527	81.2896666578752	0.0	0.0	0.0	0.0	58.365223290751004	0.0	0.0	0.0	0.0	0.0	0.0	0.0	0.0	0.0	0.0	0.0	0.0	0.0	0.0
GSM4138112_HNSCC_2_PBMC_CTCGAAAGTCCATCCT	80.29153395034406	87.65008241740348	100.7718524240748	0.0	0.0	0.0	0.0	0.0	0.0	14.215763639557329	0.0	0.0	0.0	21.42566610981808	0.0	0.0	0.0	0.0	0.0	136.96015945913416	0.0	0.0	0.0	0.0	0.0	0.0	0.0	0.0	0.0	0.0	0.0
GSM4138112_HNSCC_2_PBMC_CTCGGGATCTAACTGG	0.0	175.72961119082814	133.58601918489856	0.0	0.0	174.6198362544217	0.0	0.0	70.92933533840865	22.124322110128297	0.0	0.0	0.0	40.70603581312772	51.060058284000384	0.0	29.479464247498463	0.0	0.0	0.0	0.0	0.0	0.0	0.0	0.0	0.0	0.0	0.0	0.0	0.0	0.0
GSM4138112_HNSCC_2_PBMC_CTCTGGTAGACAAGCC	64.80318812585337	148.38031113517272	0.0	215.65401249510953	20.780617685618044	0.0	153.0120259886179	0.0	56.76231726020446	25.44524583275064	142.75688502380675	0.0	0.0	0.0	0.0	0.0	0.0	0.0	0.0	0.0	0.0	0.0	0.0	0.0	0.0	31.207865503524932	0.0	0.0	0.0	0.0	0.0
GSM4138112_HNSCC_2_PBMC_CTGCTGTAGTGCGTGA	0.0	92.08282080321077	142.12746264609606	0.0	1.1262910853006352	0.0	276.3204457516393	0.0	89.64796982554739	19.00074139160565	41.336873440957774	0.0	0.0	0.0	0.0	0.0	2.010378440959032	16.535711202051523	0.0	0.0	13.46028245318718	0.0	0.0	0.0	0.0	0.0	0.0	0.0	0.0	0.0	0.0
GSM4138112_HNSCC_2_PBMC_CTGGTCTGTTGGGACA	164.7739078191767	76.4827970314795	95.3269828525467	0.0	0.0	0.0	0.0	0.0	0.0	14.801711293270078	0.0	0.0	0.0	61.26051169148581	105.96818473816646	0.0	0.0	0.0	0.0	0.0	0.0	0.0	0.0	0.0	0.0	0.0	0.0	0.0	0.0	0.0	0.0
GSM4138112_HNSCC_2_PBMC_CTTAGGAGTTCGGGCT	149.93031231532885	66.86157064606732	0.0	0.0	0.0	0.0	0.0	82.66599205106228	0.0	0.0	0.0	0.0	118.0557001584914	0.0	0.0	23.398357834975375	0.0	0.0	0.0	0.0	0.0	28.477762594396395	0.0	0.0	0.0	0.0	0.0	0.0	0.0	0.0	0.0
GSM4138112_HNSCC_2_PBMC_CTTAGGATCACTATTC	0.0	62.761512531972485	101.6805887442372	0.0	0.0	150.45473777352836	0.0	73.62244021034955	0.0	9.959653866788948	0.0	0.0	0.0	0.0	0.0	38.691947435748645	0.0	0.0	0.0	0.0	0.0	0.0	0.0	0.0	0.0	0.0	0.0	0.0	0.0	0.0	0.0
GSM4138112_HNSCC_2_PBMC_CTTTGCGAGGTAGCCA	176.1965045006842	109.36593931062313	0.0	0.0	0.0	0.0	0.21923962868007837	10.794326422406018	68.21149355303852	26.834154746500143	14.357783583359858	0.0	173.80802727417145	0.6015776431517491	30.716096106635046	15.581550736225859	0.0	0.0	0.0	0.0	0.0	0.0	0.0	0.0	0.0	0.0	0.0	0.0	0.0	0.0	0.0
GSM4138112_HNSCC_2_PBMC_GAAATGAGTTATGTGC	36.81504712261765	166.8053752598012	0.0	0.0	151.14046684469108	0.0	167.07877597143613	0.0	0.0	46.48460646618134	51.88886752237732	198.53974041463448	0.0	0.0	0.0	0.0	0.0	0.0	0.0	0.0	0.0	0.0	0.0	0.0	0.0	0.0	0.0	0.0	0.0	0.0	0.0
GSM4138112_HNSCC_2_PBMC_GAACATCTCACCGTAA	59.00600849319003	113.40981811028999	218.06066198386213	0.0	0.0	0.0	120.05700299327144	0.0	133.68514488111646	45.86954171015721	0.0	0.0	0.0	42.19273217240431	0.0	0.0	0.0	0.0	0.0	0.0	0.0	0.0	0.0	26.17413940493779	0.0	0.0	0.0	0.0	0.0	0.0	0.0
GSM4138112_HNSCC_2_PBMC_GACCAATGTCTGGTCG	219.93165584627417	168.74206235199281	0.0	0.0	31.802276270064684	0.0	0.0	0.0	32.331723623810966	40.72475761020187	39.578959743271774	0.0	0.0	0.0	0.0	0.0	226.22374677464396	0.0	0.0	0.0	0.0	0.0	0.0	57.36812683016578	0.0	0.0	0.0	0.0	0.0	0.0	0.0
GSM4138112_HNSCC_2_PBMC_GACCTGGTCATCACCC	223.7560472657157	100.59290286065719	0.0	150.91716720576397	147.12276379552668	0.0	0.0	0.0	18.30784696081819	10.787189260643904	47.96704061716836	0.0	0.0	0.0	5.39112758839162	0.0	0.0	0.0	0.0	0.0	0.0	0.0	0.0	0.0	0.0	0.0	0.0	0.0	0.0	0.0	0.0
GSM4138112_HNSCC_2_PBMC_GACTACACAACTGGCC	228.62244401665052	131.9209545840916	42.918931298070994	0.0	0.0	0.0	12.034528277880419	0.0	149.03283703874592	0.0	47.43763192434144	0.0	0.0	0.0	0.0	0.0	143.291956873899	82.51123414148279	0.0	0.0	0.0	44.48739052954179	0.0	0.0	0.0	0.0	0.0	0.0	0.0	0.0	0.0
GSM4138112_HNSCC_2_PBMC_GATGCTACAACTGCGC	101.11859527141843	75.94343629427165	0.0	14.6266694233528	27.642642245766933	0.0	0.0	0.0	19.642764759128973	10.433887190085066	23.842283652393228	0.0	0.0	0.6407239329091112	0.0	0.0	0.0	0.0	0.0	0.0	0.0	0.0	0.0	0.0	0.0	0.0	74.12100864065269	0.0	0.0	0.0	0.0
GSM4138112_HNSCC_2_PBMC_GCACTCTGTGCATCTA	401.223573258918	187.24179545408893	0.0	0.0	0.0	0.0	0.0	0.0	21.348022632512535	28.020320613423827	0.0	0.0	0.0	0.0	0.0	77.35757548518207	0.0	0.0	0.0	75.96848034973726	0.0	0.0	0.0	96.66620352686014	218.11811684309808	0.0	0.0	0.0	58.303718013091306	0.0	0.0
GSM4138112_HNSCC_2_PBMC_GCAGCCACATGTAGTC	181.64181682649502	92.8622732455762	140.33890066545473	0.0	37.359620172049915	0.0	0.0	0.0	0.0	0.0	0.0	0.0	0.0	0.0	0.0	28.02430110496176	0.0	11.244173953047277	0.0	0.0	46.1871895754749	28.2272070516762	0.0	0.0	0.0	0.0	0.0	0.0	0.0	0.0	0.0
GSM4138112_HNSCC_2_PBMC_GCAGCCAGTTGGACCC	133.76875877368775	92.31984381406822	180.25762824547203	0.0	0.0	0.0	77.62415908993425	0.0	144.8385361645534	21.40659989783822	0.0	0.0	0.0	35.163768987240054	0.0	0.0	0.0	0.0	0.0	0.0	0.0	0.0	0.0	0.0	0.0	0.0	0.0	0.0	0.0	0.0	0.0
GSM4138112_HNSCC_2_PBMC_GCATGCGAGATGTCGG	229.60591099967797	112.47013423814556	0.0	0.0	0.0	0.0	0.0	0.0	0.0	19.57423187845918	38.19503188952897	0.0	0.0	0.0	151.54631672427612	0.0	0.0	6.72952987400054	0.0	0.0	0.0	0.0	201.05340593190036	0.0	0.0	0.0	0.0	0.0	0.0	0.0	0.0
GSM4138112_HNSCC_2_PBMC_GCATGCGAGTTTGCGT	249.2648584278403	217.2462509482918	10.442381276853698	0.0	182.45582200136138	0.0	0.0	0.0	0.0	10.451574750177961	0.0	184.00718353013568	0.0	38.48237985660442	0.0	0.0	0.0	0.0	0.0	0.0	0.0	0.0	0.0	0.0	0.0	0.0	0.0	0.0	0.0	0.0	0.0
GSM4138112_HNSCC_2_PBMC_GCATGCGTCCTTGCCA	51.552041982188264	143.7454180549716	189.7815753705231	0.0	100.25221172550009	82.84222025353495	0.0	0.0	0.0	8.98327343907765	36.75901732173586	0.0	0.0	0.0	0.0	0.0	0.0	0.0	0.0	0.0	0.0	0.0	0.0	0.0	0.0	0.0	0.0	0.0	0.0	0.0	0.0
GSM4138112_HNSCC_2_PBMC_GCGGGTTTCCAGGGCT	230.43897237569408	149.85970286935725	0.0	254.69379584544902	0.0	0.0	0.0	0.0	0.0	10.59609569838117	27.36209124037869	0.0	0.0	10.14766526293581	142.30977140869123	0.0	0.0	0.0	0.0	0.0	0.0	0.0	0.0	0.0	0.0	0.0	0.0	0.0	0.0	0.0	0.0
GSM4138112_HNSCC_2_PBMC_GCTGCGATCAGCGATT	220.10981930813278	158.33862628214078	0.0	0.0	0.0	0.0	0.0	0.0	0.0	8.632126872702514	37.58500264078868	212.91239835467698	0.0	11.799153731007273	107.94003721127265	0.0	0.0	0.0	0.0	0.0	0.0	0.0	0.0	0.0	0.0	0.0	0.0	0.0	0.0	0.0	0.0
GSM4138112_HNSCC_2_PBMC_GCTGCGATCTGCTGCT	124.42170257518826	141.95014007288407	219.88480991210383	0.0	0.0	0.0	118.5722498276826	235.09503211004198	0.0	49.406366659658346	0.0	0.0	0.0	63.60709582271236	0.0	0.0	0.0	0.0	0.0	0.0	0.0	0.0	0.0	0.0	0.0	0.0	0.0	0.0	0.0	0.0	0.0
GSM4138112_HNSCC_2_PBMC_GCTTCCATCTCGAGTA	182.68007535471085	95.77516830134098	7.682337113441099	0.0	0.0	0.0	47.21267487282515	0.0	68.54076821153951	33.95808898473646	30.659007620266735	0.0	0.0	32.238570573937714	0.0	0.0	160.40362876132446	0.0	0.0	0.0	0.0	0.0	0.0	21.325109944114697	0.0	24.757945287565345	0.0	0.0	0.0	0.0	0.0
GSM4138112_HNSCC_2_PBMC_GGACATTCAAGCTGTT	96.93293297591923	50.02206189936178	0.0	0.0	0.0	0.0	0.0	0.0	16.85191096702811	4.189961269473422	21.264857543360545	0.0	0.0	6.2212939772417695	23.643899462238817	0.0	0.0	0.0	0.0	22.346874430565293	0.0	8.157408407113573	0.0	0.0	0.0	0.0	121.3901124679914	0.0	0.0	0.0	0.0
GSM4138112_HNSCC_2_PBMC_GGAGCAAGTCTGCCAG	211.3930758077626	87.2472066840926	0.0	41.39673937370726	0.0	0.0	0.0	0.0	97.94040772425157	50.33381472236611	0.0	0.0	0.0	48.99491311267641	0.0	0.0	0.0	0.0	0.0	31.18599651469502	0.0	0.0	0.0	0.0	0.0	0.0	0.0	111.18590616946301	0.0	0.0	0.0
GSM4138112_HNSCC_2_PBMC_GGATGTTGTGACGCCT	191.79042707008256	139.18080348171867	86.63955232836166	0.0	42.20732788736935	0.0	0.0	0.0	0.0	18.774194870852064	44.783488775315455	0.0	0.0	0.0	0.0	0.0	64.04657378379073	0.0	0.0	11.13962653940617	0.0	0.0	0.0	0.0	0.0	64.49742834947222	0.0	0.0	0.0	0.0	0.0
GSM4138112_HNSCC_2_PBMC_GGATTACGTCGACTGC	30.6310362055547	53.09956623956153	0.0	142.47417546542104	1.0201177052513573	96.86279790250771	0.0	0.0	79.91614736427451	17.32900431873962	22.0860696070097	0.0	0.0	0.0	0.0	0.0	0.0	0.0	0.0	0.0	0.0	0.0	0.0	0.0	0.0	0.0	0.0	0.0	0.0	0.0	0.0
GSM4138112_HNSCC_2_PBMC_GGCCGATAGACGACGT	226.64570294256666	102.65646883548978	221.55924646219063	0.0	0.0	0.0	0.0	21.507687376440774	84.02473064895139	29.063764857027035	34.24005619393243	0.0	0.0	0.0	0.0	0.0	0.0	0.0	0.0	0.0	0.0	0.0	0.0	0.0	0.0	0.0	0.0	0.0	0.0	0.0	0.0
GSM4138112_HNSCC_2_PBMC_GTAACTGTCTACGAGT	194.17863979547542	84.74263796629562	71.75625675934167	0.0	30.99031610019858	0.0	0.0	0.0	0.0	32.16758750264327	0.0	66.8122592016504	0.0	25.47534120493501	57.74485918605401	0.0	0.0	0.0	0.0	0.0	0.0	0.0	0.0	0.0	0.0	12.541561397338972	0.0	0.0	0.0	0.0	0.0
GSM4138112_HNSCC_2_PBMC_GTACGTAGTTCCTCCA	183.96692314482743	105.74788016294225	0.0	0.0	0.0	0.0	0.0	0.0	0.0	24.537399105263095	32.222587473016496	0.0	113.17965837996879	0.0	113.47439211392137	0.0	0.0	0.0	0.0	0.0	0.0	0.0	0.0	0.0	0.0	0.0	0.0	0.0	135.05477056827823	0.0	0.0
GSM4138112_HNSCC_2_PBMC_GTCAAGTTCGGCGGTT	146.18009679594883	113.08627866418733	146.73121614781232	0.0	83.73620383292473	0.0	0.0	0.0	0.0	15.357543574594258	36.20037570771742	0.0	0.0	0.0	0.0	0.0	0.0	0.0	0.0	0.0	0.0	0.0	0.0	0.0	0.0	0.0	0.0	0.0	0.0	0.0	0.0
GSM4138112_HNSCC_2_PBMC_GTCACAATCGGTGTCG	207.1096524071263	107.2061949426289	146.3455528322442	0.0	0.0	0.0	0.0	0.0	54.788601173862475	21.449217909709667	38.737543027984245	0.0	0.0	0.0	0.0	0.0	0.0	0.0	0.0	0.0	52.44110621910072	0.0	24.499927668516236	17.92174732644525	0.0	0.0	0.0	0.0	0.0	0.0	0.0
GSM4138112_HNSCC_2_PBMC_GTCACGGAGGCTAGCA	154.4800716805215	136.69095592386785	177.09736625262883	0.0	0.0	0.0	65.1158183260812	0.0	0.0	17.07470847982912	40.95534029102692	0.0	0.0	0.0	0.0	0.0	0.0	0.0	0.0	0.0	0.0	0.0	0.0	0.0	0.0	188.85468348680004	0.0	0.0	0.0	0.0	0.0
GSM4138112_HNSCC_2_PBMC_GTGCATAAGTTAACGA	126.36589019781522	122.18560192045067	136.76633721048003	0.0	0.0	0.0	77.19322531527985	0.0	0.0	23.094121873757313	46.300012031350136	57.416730124755894	0.0	0.0	0.0	0.0	0.0	0.0	0.0	72.36221677441034	0.0	0.0	0.0	0.0	0.0	70.8611728628084	0.0	0.0	0.0	0.0	0.0
GSM4138112_HNSCC_2_PBMC_GTTTCTAAGGCATTGG	103.80087137957969	78.46792164350819	0.0	0.0	65.61970934760585	0.0	0.0	0.0	0.0	18.08349425304096	24.337502805687215	0.0	0.0	0.0	0.0	0.0	0.0	0.0	62.390150934640204	0.0	0.0	0.0	0.0	0.0	0.0	0.0	26.233636286761598	0.0	0.0	0.0	0.0
GSM4138112_HNSCC_2_PBMC_GTTTCTATCTCTAAGG	409.0005140102178	258.9011750787391	445.45658717352313	0.0	75.22685856970507	0.0	21.209561793106452	0.0	0.0	67.05545485958389	76.91112367489926	0.0	0.0	0.0	0.0	0.0	0.0	131.9695914333574	0.0	0.0	0.0	0.0	44.54874780253785	31.066068181066974	33.589835410796056	25.694706982490235	0.0	0.0	0.0	0.0	0.0
GSM4138112_HNSCC_2_PBMC_TAAGCGTTCGGCGCAT	65.83407847055389	97.47010885406982	42.58149513754125	0.0	0.0	0.0	12.479915542245442	0.0	15.17164210797911	0.46218946233988867	0.0	0.0	0.0	3.238769862758057	0.0	20.041161797840903	38.79801065619489	0.0	0.0	71.68374349425982	0.0	0.0	0.0	0.0	0.0	15.811094935533943	0.0	0.0	0.0	0.0	0.0
GSM4138112_HNSCC_2_PBMC_TAAGTGCCATCAGTCA	88.9241523572506	118.4962284249019	198.054261002887	0.0	45.5617976561416	105.15409898110285	0.0	0.0	0.0	34.42446286508677	0.0	0.0	0.0	49.67056442953466	0.0	0.0	0.0	0.0	0.0	0.0	86.26583848549176	0.0	0.0	0.0	0.0	0.0	0.0	0.0	0.0	0.0	0.0
GSM4138112_HNSCC_2_PBMC_TACACGAAGGAGTACC	226.70155487824175	130.13502418756156	0.0	207.71238353455794	81.34493362963316	0.0	0.0	0.0	0.0	24.024093571064345	0.0	0.0	0.0	33.39170022864083	0.0	0.0	0.0	28.46991567680827	0.0	0.0	0.0	0.0	0.0	0.0	0.0	0.0	0.0	0.0	0.0	0.0	0.0
GSM4138112_HNSCC_2_PBMC_TACTTGTGTCGAAAGC	171.65629679554536	123.05633428753735	114.62831740664333	0.0	0.0	0.0	0.0	0.0	46.84340149846541	20.092543740797655	0.0	0.0	0.0	52.78783449966714	19.572351208481585	0.0	0.0	18.62394026796525	0.0	26.70659891760967	0.0	0.0	0.0	51.86335169290537	0.0	0.0	56.84278869462732	0.0	0.0	0.0	0.0
GSM4138112_HNSCC_2_PBMC_TCACAAGAGTCCGGTC	90.63806079956244	138.06765638269763	122.32731678286422	0.0	121.13760013886481	0.0	86.24516080039795	0.0	0.0	46.9326591798369	0.0	35.30946287690347	0.0	25.46600093890524	0.0	0.0	0.0	0.0	0.0	0.0	0.0	0.0	0.0	0.0	0.0	0.0	0.0	0.0	0.0	0.0	0.0
GSM4138112_HNSCC_2_PBMC_TCAGCTCGTGTATGGG	271.45718503752687	92.41799558915346	187.06246374024244	0.0	0.0	0.0	0.0	0.0	0.0	30.770045914120413	33.286916507737935	0.0	0.0	0.0	0.0	0.0	0.0	0.0	0.0	0.0	77.11060902000071	0.0	0.0	0.0	0.0	8.415704076797253	0.0	0.0	0.0	0.0	0.0
GSM4138112_HNSCC_2_PBMC_TCGCGAGCACCGAAAG	137.79777607192878	119.51036085055438	0.0	0.0	0.0	0.0	0.0	36.37357996835653	100.83039189575446	9.875167915241521	81.59629238627893	0.0	0.0	0.0	0.0	0.0	0.0	0.0	38.98581257329078	0.0	0.0	18.590778656337008	0.0	8.60426465166261	0.0	4.8402732282119425	106.36793642908292	0.0	0.0	0.0	0.0
GSM4138112_HNSCC_2_PBMC_TCGCGTTCAAGTACCT	235.3100900978379	140.12889707328793	111.017952209592	0.0	0.0	0.0	0.0	0.0	0.0	17.421944585873792	0.0	0.0	98.99020102422722	74.97431120868553	110.81800037332307	0.0	0.0	0.0	0.0	11.209969988892551	0.0	0.0	0.0	0.0	0.0	0.0	0.0	1.6122415960615597	0.0	0.0	0.0
GSM4138112_HNSCC_2_PBMC_TGGACGCTCTTTAGGG	188.55397198463024	110.12706501830552	84.41851601915718	0.0	0.0	0.0	0.0	0.0	145.6777007253484	45.79825264861328	43.260843848670476	0.0	0.0	0.0	0.0	0.0	68.1113905800525	0.0	0.0	0.0	0.0	0.0	0.0	0.0	0.0	0.0	0.0	0.0	0.0	0.0	0.0
GSM4138112_HNSCC_2_PBMC_TGGGAAGTCACATGCA	225.62090333554943	131.84827083844158	0.0	265.028835095247	0.0	0.0	0.0	0.0	3.888240003009926	0.0	47.022592755599184	0.0	0.0	0.0	61.100778869497965	0.0	0.0	4.646113044355435	0.0	0.0	23.2868172549866	38.00029164117295	0.0	0.0	0.0	0.0	0.0	0.0	0.0	0.0	0.0
GSM4138112_HNSCC_2_PBMC_TGGTTAGTCCAACCAA	323.441399212818	110.77225930208635	0.0	0.0	22.843676966298396	0.0	0.0	0.0	0.0	33.3511190550492	32.10308215427548	0.0	0.0	36.1861077529547	0.0	0.0	29.846329300160196	0.0	0.0	0.0	0.0	0.0	0.0	151.00851912442604	0.0	0.0	0.0	0.0	136.98054932122258	0.0	0.0
GSM4138112_HNSCC_2_PBMC_TTCTCAAAGTGAAGTT	115.413349123187	57.76295362943349	130.10657678226278	0.0	0.0	0.0	0.0	0.0	67.85601685605957	0.0	0.0	0.0	0.0	32.38647584234531	0.0	0.0	0.0	0.0	0.0	0.768633685067686	0.0	13.106943494642518	0.0	12.25607688301977	0.0	0.0	0.0	0.0	0.0	0.0	0.0
GSM4138112_HNSCC_2_PBMC_TTCTCAACAATAGAGT	294.21887501060246	180.37500562976436	182.18744688830543	0.0	0.0	0.0	0.0	149.9721173583437	0.0	18.77995703496397	0.0	0.0	0.0	33.79886311298394	52.44074015094893	0.0	0.0	0.0	0.0	0.0	0.0	0.0	0.0	0.0	0.0	0.0	0.0	0.0	0.0	0.0	0.0
GSM4138112_HNSCC_2_PBMC_TTTATGCCATTTGCTT	130.8060816181693	154.13292661497826	111.28278694601892	0.0	0.0	0.0	0.0	0.0	71.71966578065441	13.331159531634773	20.00248106982936	0.0	0.0	33.65378541530584	0.0	0.0	48.56739526568292	0.0	0.0	12.73145764109377	0.0	0.0	0.0	0.0	0.0	0.0	0.0	16.42947190904605	0.0	0.0	0.0
GSM4138112_HNSCC_2_PBMC_GGACATTAGCAATATG	138.99717182379473	54.63622943855881	42.16432260220831	0.0	71.07926945090759	0.0	0.0	0.0	0.0	12.95912061810197	0.0	0.0	0.0	23.690188839694148	0.0	0.0	0.0	0.0	0.0	0.0	0.0	0.0	0.0	0.0	0.0	0.0	0.0	0.0	0.0	0.0	0.0
GSM4138112_HNSCC_2_PBMC_CGTCAGGTCGCCTGTT	56.50844639997022	88.120851743136	0.0	0.0	0.0	0.0	37.90711109416045	114.44468832098744	0.0	10.593080183815315	25.518166945976407	0.0	0.0	0.0	0.0	0.0	0.0	0.0	119.60186078476976	0.0	0.0	0.0	0.0	0.0	0.0	0.0	0.0	0.0	0.0	0.0	0.0
GSM4138112_HNSCC_2_PBMC_GCTCCTAGTAAGCACG	148.13981490648285	94.22865175857207	69.93943912286521	0.0	47.78598554240392	0.0	0.0	0.0	20.434459830584384	17.395198075095596	0.0	0.0	0.0	24.966310044168107	0.0	0.0	0.0	0.0	0.0	0.0	0.0	0.0	0.0	0.0	0.0	0.0	0.0	0.0	0.0	0.0	0.0
GSM4138112_HNSCC_2_PBMC_TTAGGCATCATGCATG	87.63056076415387	81.73346184273966	0.0	0.0	0.0	0.0	0.0	66.11846870378461	0.0	0.8937113918601464	19.994368830981628	0.0	79.96963567529441	0.0	0.0	0.0	0.0	0.0	0.0	0.0	0.0	0.0	0.0	0.0	0.0	0.0	0.0	0.0	0.0	0.0	0.0
GSM4138112_HNSCC_2_PBMC_AAACCTGTCTTTCCTC	0.0	51.32905897432245	0.0	89.59887992749353	75.4437374740613	105.54477804162687	0.0	0.0	0.0	21.489047873311822	23.882554933013488	0.0	0.0	0.0	0.0	0.0	0.0	0.0	0.0	0.0	0.0	7.833338123102604	0.0	0.0	0.0	0.0	0.0	0.0	0.0	1.3465199203983502	0.0
GSM4138112_HNSCC_2_PBMC_AATCGGTTCTGCAGTA	5.4287209183018055	43.84911285822626	33.23698276697145	47.01841174809379	95.30388331786072	44.21127769339146	85.31471719398958	0.0	0.0	0.0	0.0	0.0	0.0	0.0	0.0	22.705472385675773	0.0	0.0	0.0	0.0	0.0	28.72962490654035	0.0	0.0	0.0	0.0	0.0	0.0	0.0	0.0	0.0
GSM4138112_HNSCC_2_PBMC_ACACTGAAGCCGCCTA	158.32032589421576	91.32131821279009	0.0	17.236702160608335	12.648280199441677	0.0	0.0	0.0	0.0	57.87283653772859	0.0	111.0608959249417	0.0	51.039590111999814	38.44402263163268	0.0	0.0	0.0	0.0	0.0	0.0	0.0	0.0	55.358294964086646	0.0	0.0	0.0	0.0	0.0	0.0	0.0
GSM4138112_HNSCC_2_PBMC_ACTTTCACAGCCTTTC	118.04339432282988	115.6225741687692	0.0	0.0	41.33760166881662	0.0	0.0	0.0	0.0	13.900312190485515	0.0	0.0	0.0	0.0	0.0	22.231797861918054	132.03271394535605	0.0	0.0	0.0	0.0	0.0	0.0	23.799928723434835	0.0	0.0	0.0	0.0	0.0	0.0	0.0
GSM4138112_HNSCC_2_PBMC_AGACGTTAGCCGTCGT	42.88823403733682	150.7635930612049	0.0	94.62704406218269	0.0	25.644969741863243	0.0	0.0	8.478425292564093	1.4028253276695863	11.880111331892651	0.0	0.0	0.0	19.619360729621576	0.0	0.0	0.0	0.0	0.0	15.774223600190036	0.0	0.0	0.0	0.0	0.0	0.0	0.0	0.0	0.0	0.0
GSM4138112_HNSCC_2_PBMC_AGATCTGTCCCTCTTT	0.0	49.361346463583295	0.0	56.67555084536967	67.9109387942325	97.66214108959514	0.0	0.0	0.0	14.232606683980917	0.0	0.0	0.0	12.134900970922054	0.0	12.497562735617265	0.0	0.0	0.0	0.0	0.0	0.0	0.0	0.0	0.0	0.0	0.0	0.0	0.0	0.0	0.0
GSM4138112_HNSCC_2_PBMC_ATCGAGTAGGGATCTG	135.164080102274	68.28106527109999	108.75475343634157	0.0	0.0	0.0	0.0	0.0	93.64714267802083	25.644047179618163	8.063880280780754	0.0	16.88513666033712	16.983029604173733	0.0	0.0	0.0	0.0	0.0	0.0	0.0	0.0	0.0	0.0	28.565709543511883	0.0	0.0	0.0	0.0	0.0	0.0
GSM4138112_HNSCC_2_PBMC_ATGCGATGTCAAAGCG	61.656400130981375	35.01554133421002	17.730744826287587	0.0	0.0	0.0	36.97767308896037	0.0	0.0	10.4241666061685	6.949163882719248	0.0	0.0	3.7262116450090805	0.0	0.0	0.0	131.82586308072086	0.0	0.0	0.0	0.0	0.0	0.0	0.0	0.0	0.0	0.0	0.0	0.0	0.0
GSM4138112_HNSCC_2_PBMC_CAAGTTGCACCAGATT	225.6703304454735	79.45516395875967	0.0	0.0	113.93836627659468	0.0	0.0	0.0	0.0	27.509816101722613	0.0	7.224423801524081	154.29307456358148	0.15731508808149072	0.0	24.819894257959337	0.0	0.0	0.0	0.0	0.0	0.0	0.0	0.0	0.0	0.0	0.0	0.0	0.0	0.0	0.0
GSM4138112_HNSCC_2_PBMC_CACATTTTCGCCCTTA	162.37688579749027	91.29272451516454	99.08647417773093	0.0	0.0	0.0	0.0	0.0	0.0	0.0	0.0	0.0	0.0	16.53499076822358	0.0	0.0	0.0	0.0	0.0	99.92958377492914	0.0	0.0	0.0	0.0	0.0	0.0	0.0	0.0	0.0	0.0	0.0
GSM4138112_HNSCC_2_PBMC_CAGCGACAGAATCTCC	269.0280325477311	186.91847353262105	66.48143770509938	0.0	51.5449782559499	0.0	0.0	0.0	28.437630516091343	0.0	15.29508734177755	0.0	0.0	0.0	0.0	14.01238263279405	0.0	0.0	0.0	0.0	0.0	30.147535385509936	0.0	53.65256237448894	0.0	0.0	0.0	0.0	0.0	143.13276460374405	0.0
GSM4138112_HNSCC_2_PBMC_CAGCTGGGTAAGTGGC	49.93025378622074	54.3011743147904	0.0	0.0	0.0	0.0	0.0	0.0	27.319770059394706	0.0	0.0	0.0	72.32367625770284	14.12208189049835	0.0	0.0	0.0	0.0	0.0	11.755818325974571	0.0	1.248656083228311	0.0	0.0	0.0	0.0	0.0	0.0	0.0	0.0	0.0
GSM4138112_HNSCC_2_PBMC_CCAATCCTCAGTTGAC	105.5401497173155	45.408792604113835	0.0	0.0	0.0	0.0	2.175707458758264	75.82542536111609	0.0	7.69438345355855	0.0	0.0	65.6065445253382	25.355114942229736	0.0	0.0	0.0	0.0	0.0	0.0	0.0	0.0	0.0	0.0	0.0	0.0	0.0	0.0	0.0	0.0	0.0
GSM4138112_HNSCC_2_PBMC_CCTCTGACACCTTGTC	251.5199293565424	179.5750176199803	0.0	0.0	170.0868604576283	0.0	0.0	0.00538369091412491	0.0	0.0	0.0	0.0	0.0	35.10206774087523	0.0	0.0	0.0	0.0	0.0	0.0	0.0	30.85244410965312	0.0	0.7549551225042261	0.0	4.028517553671173	179.82798355495004	25.15916361563018	0.0	0.0	0.0
GSM4138112_HNSCC_2_PBMC_CGATGTAAGTACGACG	160.84171156250054	124.42077673400603	124.5794771213687	0.0	16.463285783572548	0.0	0.0	0.0	0.0	10.796226834779494	0.0	0.0	0.0	0.0	40.46546800738369	28.09106668816593	0.0	11.674981275044034	0.0	0.0	0.0	0.0	0.0	0.0	0.0	0.0	0.0	0.0	0.0	0.0	0.0
GSM4138112_HNSCC_2_PBMC_CGTGTAAAGACTCGGA	189.0140875581226	75.41407139701472	54.68263966796024	0.0	0.0	0.0	0.0	78.45582248770384	0.0	0.0	0.0	0.0	54.30578022816224	0.0	0.0	38.59404946411037	0.0	0.0	0.0	0.0	0.0	21.675230224623053	0.0	0.0	0.0	0.0	0.0	0.0	0.0	0.0	0.0
GSM4138112_HNSCC_2_PBMC_CGTGTCTCACTTAACG	146.8076850175218	38.26210822772717	77.5502606538488	4.786788023976109	0.0	0.0	0.0	0.0	0.0	4.808336717793773	0.0	0.0	0.0	9.711113382352242	0.0	0.0	0.0	34.20784715136468	0.0	0.0	0.0	0.0	0.0	57.99584311579091	0.0	0.0	0.0	0.0	0.0	0.0	0.0
GSM4138112_HNSCC_2_PBMC_CTCCTAGTCAAACAAG	108.30511930508906	57.312280555337345	93.59953245496166	9.214338486870815	18.70751408359781	0.0	0.0	0.0	2.167558055417327	17.03176428187776	0.0	0.0	0.0	34.463209079213186	0.0	0.0	0.0	0.0	0.0	6.889234181332719	0.0	7.1761486581485245	0.0	0.0	0.0	53.667434415605136	0.0	0.0	0.0	0.0	0.0
GSM4138112_HNSCC_2_PBMC_GATGAGGAGGATGTAT	0.0	158.25691828903172	0.0	310.417484762142	0.0	318.18139988327385	0.0	0.0	0.0	2.9032155225030514	0.0	4.905970249153838	0.0	54.63979426420722	0.0	0.0	0.0	0.0	0.0	0.0	180.01556141162553	32.630798136287375	0.0	0.0	0.0	0.0	0.0	0.0	0.0	0.0	0.0
GSM4138112_HNSCC_2_PBMC_GTCGTAAAGAACTCGG	37.487425694661624	51.35996558711665	0.0	0.0	59.74270817246933	2.387466447741835	28.9901116238882	0.0	0.0	6.916625398528532	0.0	38.330304820866175	0.0	28.164406156117984	0.0	0.0	0.0	0.0	0.0	0.0	0.0	0.0	0.0	0.0	0.0	0.0	37.46666743732362	0.0	0.0	0.0	0.0
GSM4138112_HNSCC_2_PBMC_GTGAAGGGTACAGACG	154.32178552871426	60.760012618797695	0.0	0.0	0.0	0.0	0.0	0.0	12.61440196653313	7.431509696675455	25.471709792499226	126.51828032765721	0.0	8.327424018553469	0.0	5.3169932538910984	0.0	0.0	0.0	0.0	58.8247789136815	7.460065486207147	0.0	0.0	0.0	0.0	0.0	0.0	0.0	0.0	0.0
GSM4138112_HNSCC_2_PBMC_TAAGTGCGTACCGCTG	133.04509505154618	81.99191416980122	0.0	0.0	96.96178676199085	0.0	0.0	0.0	0.0	8.315052271418917	23.252558165467754	96.5976816156257	0.0	0.0	0.0	0.0	0.0	0.0	24.096302201365226	0.0	0.0	0.0	0.0	0.0	0.0	0.0	0.0	0.0	0.0	0.0	0.0
GSM4138112_HNSCC_2_PBMC_TACTCATCAAAGGTGC	33.68871810185951	132.37514892595308	190.93761541466216	0.0	14.220140681128509	0.0	217.06625965707522	0.0	0.0	5.470896279926777	0.0	0.0	0.0	35.815455511070894	0.0	0.0	0.0	0.0	0.0	0.0	0.0	0.0	0.0	0.0	0.0	158.23547694505083	0.0	0.0	0.0	0.0	0.0
GSM4138112_HNSCC_2_PBMC_TATCTCACAATGGTCT	215.45829271183706	107.10350278961592	150.0302509609523	0.0	0.0	0.0	0.0	0.0	0.0	29.341266118292456	0.0	0.0	0.0	27.89317937130911	0.0	0.0	0.0	0.0	0.0	155.5631813433827	0.0	0.0	0.0	0.0	0.0	0.0	0.0	0.0	0.0	1.2243037105992252	0.0
GSM4138112_HNSCC_2_PBMC_TCAGGATAGTAAGTAC	138.9695376229018	30.567357510836896	61.09726911060663	0.0	0.0	0.0	0.0	18.670662330486557	31.868778248179154	14.87162924182889	0.0	0.0	0.0	12.314118498083134	0.0	0.0	0.0	0.0	0.0	0.0	0.0	3.7769266928247425	0.0	0.0	0.0	0.0	0.0	0.0	0.0	0.0	0.0
GSM4138112_HNSCC_2_PBMC_TCATTTGGTGACGGTA	132.5130884099472	85.20577665663707	177.33974648158505	0.0	0.0	0.0	0.0	0.0	0.0	12.992950786721657	24.059312706327837	0.0	0.0	0.0	0.0	0.0	0.0	0.0	0.0	0.0	78.34249570585413	0.0	0.0	0.0	0.0	0.0	0.0	0.0	0.0	0.0	0.0
GSM4138112_HNSCC_2_PBMC_TGATTTCAGCTAACAA	216.2122659218536	196.05176174356652	0.0	0.0	113.38950694372664	0.0	45.92318890377839	0.0	0.0	18.302933829719606	0.0	220.87727936710277	0.0	0.0	0.0	49.62546936888167	0.0	0.0	0.0	0.0	0.0	0.0	0.0	51.60715616050994	0.0	0.0	0.0	0.0	0.0	0.0	0.0
GSM4138112_HNSCC_2_PBMC_TGCCCATCATCCAACA	0.0	108.02186162824614	0.0	190.216146792021	101.16531412343285	136.31221659585205	0.0	0.0	0.0	0.0	0.0	0.0	0.0	32.30142561036046	0.0	0.0	0.0	0.0	0.0	0.0	0.0	15.608390279457835	0.0	0.0	0.0	0.0	0.0	0.0	0.0	0.0	0.0
GSM4138112_HNSCC_2_PBMC_TGGGCGTTCGCATGGC	0.0	161.670697462965	167.66046645864586	139.90079497980767	0.0	306.7244185737752	0.0	0.0	57.42742101149928	43.6930213466686	6.487835774777928	0.0	0.0	0.0	0.0	41.91568237053372	0.0	0.0	0.0	111.51473484334511	0.0	0.0	0.0	0.0	0.0	0.0	0.0	0.0	0.0	0.0	0.0
GSM4138112_HNSCC_2_PBMC_TTTGCGCGTTGGGACA	20.2302981390742	42.53140237875064	42.84479148165785	0.0	0.0	47.262379726276635	0.0	0.0	26.353880169485144	0.0	1.0709984350268498	0.0	20.528291970751596	0.0	0.0	0.0	0.0	0.0	0.0	0.0	0.0	10.583973255970852	0.0	0.0	0.0	0.0	0.0	0.0	0.0	0.0	0.0
GSM4138112_HNSCC_2_PBMC_ACACCGGGTATGCTTG	5.232789841539631	75.38082839521265	64.3252960345378	0.0	104.78786471966635	7.959662972994127	96.02184205973391	0.0	0.0	17.673258325662676	0.0	0.0	0.0	28.413840073372967	0.0	0.0	0.0	0.0	0.0	0.0	0.0	0.0	0.0	0.0	0.0	0.0	0.0	0.0	0.0	0.0	0.0
GSM4138112_HNSCC_2_PBMC_AGCAGCCAGGATGGTC	118.59341782370373	113.86402053519038	0.0	0.0	19.45971304067876	23.960751245898752	0.0	0.0	42.704980440528274	4.7917303106145495	0.0	0.0	83.6198077255347	0.0	0.0	28.45515842566697	0.0	0.0	0.0	0.0	0.0	0.0	0.0	0.0	0.0	0.0	0.0	0.0	0.0	0.0	0.0
GSM4138112_HNSCC_2_PBMC_ATAGACCGTTACTGAC	13.871408852461549	33.590685388493235	30.504282873307837	0.0	83.58900053606706	0.0	39.60525528223326	0.0	0.0	7.291766026484966	0.0	0.0	0.0	16.12090536265371	0.0	0.0	0.0	0.0	0.0	0.0	0.0	0.0	0.0	0.0	0.0	0.0	0.0	0.0	0.0	0.0	0.0
GSM4138112_HNSCC_2_PBMC_CAAGTTGTCCAAACAC	99.62511329547556	17.464629256528443	39.910038140097264	0.0	0.0	0.0	0.0	0.0	18.48049704176068	0.0	0.0	0.0	0.0	7.662300176119353	0.0	0.0	2.129423527749168	0.0	0.0	0.0	18.66188781170271	1.625948599139275	0.0	0.0	0.0	0.0	0.0	0.0	0.0	0.0	0.0
GSM4138112_HNSCC_2_PBMC_CATCCACAGTCGTACT	175.83326240349456	89.40891487121905	0.0	91.82538609999037	103.60417207759025	0.0	0.0	0.0	0.0	0.0	0.0	0.0	0.0	0.0	0.0	17.057260138458933	0.0	0.0	0.0	0.0	0.0	0.0	0.0	0.0	0.0	0.0	0.0	0.0	0.0	0.0	0.0
GSM4138112_HNSCC_2_PBMC_CCGTGGACATATACCG	30.68299905438798	106.81451848767368	129.08124649526556	0.0	0.0	44.33643841977469	91.81357177822714	94.07478247918372	11.69068323305027	18.048910030552992	0.0	0.0	0.0	28.92145860964288	0.0	0.0	0.0	0.0	0.0	0.0	0.0	0.0	0.0	0.0	0.0	10.8876803222174	0.0	0.0	0.0	0.0	0.0
GSM4138112_HNSCC_2_PBMC_CCTCTGAGTTCGGGCT	29.257833335709886	74.3546534843989	0.0	125.92754877997109	12.759288113070697	88.08537906448858	0.0	0.0	0.0	22.075130457547303	0.0	0.0	0.0	0.0	42.11084686231506	41.1713265855466	0.0	0.0	0.0	0.0	0.0	0.0	0.0	0.0	0.0	0.0	0.0	0.0	0.0	0.0	0.0
GSM4138112_HNSCC_2_PBMC_CCTTCGATCGGCTTGG	113.699333879447	78.56491750706827	0.0	0.0	80.28551196444229	0.0	0.0	0.0	0.0	0.0	45.206523867874594	98.99466369492961	0.0	0.0	0.0	0.0	0.0	0.0	0.0	0.0	0.0	34.55412774846417	0.0	0.0	0.0	0.0	0.0	0.0	0.0	0.0	0.0
GSM4138112_HNSCC_2_PBMC_CTGATAGCAAGAAAGG	98.81933919485496	71.71199404050157	0.0	0.0	54.48618696651401	0.0	0.0	0.0	0.0	7.9705340467592745	0.0	0.0	0.0	10.363590078685972	0.0	0.0	0.0	0.0	0.0	0.0	0.0	0.0	0.0	0.0	52.89071023806707	0.0	0.0	0.0	0.0	0.0	6.7675584473596375
GSM4138112_HNSCC_2_PBMC_GCCTCTATCATGTGGT	191.1834724376279	138.69906239703678	241.92754557776087	0.0	43.665283461915415	0.0	58.35109630578829	0.0	20.33748550200895	36.49068117352216	0.0	0.0	0.0	0.0	0.0	39.522877125969885	0.0	0.0	0.0	0.0	0.0	0.0	0.0	137.0710650471824	0.0	0.0	0.0	0.0	0.0	0.0	0.0
GSM4138112_HNSCC_2_PBMC_GGGATGACAAGCGATG	103.1673848119295	115.32242427321161	127.1046333271655	0.0	0.0	0.0	19.241338929612557	0.0	0.0	20.32527829002487	0.0	0.0	0.0	36.9796916632097	0.0	0.0	35.95359822608739	14.533984539518686	0.0	0.0	0.0	0.0	0.0	25.776462095541177	0.0	45.21281641536802	0.0	0.0	0.0	0.0	0.0
GSM4138112_HNSCC_2_PBMC_GGGTTGCGTTTGGCGC	124.89352125147921	77.77942553988179	0.0	18.102594557677715	0.0	0.0	0.0	74.59027945686252	0.0	24.375593092393462	35.630522935256785	0.0	0.0	0.0	0.0	0.0	74.91729211152943	0.0	0.0	0.0	0.0	0.0	0.0	0.0	18.580591617743565	0.0	0.0	0.0	0.0	0.0	0.0
GSM4138112_HNSCC_2_PBMC_GTCATTTTCACGCGGT	165.59164923133497	86.65640378495857	0.0	0.0	0.0	0.0	0.0	0.0	0.0	0.0	19.209281086244957	85.39477841782771	0.0	0.0	44.78733517296369	0.0	0.0	0.0	0.0	0.0	0.0	17.384697926838257	20.201874620800794	0.0	0.0	0.0	0.0	0.0	0.0	0.0	0.0
GSM4138112_HNSCC_2_PBMC_TCCCGATGTGCGATAG	78.89469391713132	93.50973276315965	75.98572289645395	0.0	0.0	0.0	0.0	0.0	31.380941483435986	0.0	0.0	0.0	0.0	0.0	0.0	26.403366605697055	0.0	0.0	0.0	0.0	0.0	2.757957162528644	0.0	0.0	0.0	0.0	0.0	0.0	0.0	0.0	0.0
GSM4138112_HNSCC_2_PBMC_TCGTACCTCAGCTCGG	276.7441027529609	124.17782238673084	142.49961585220848	0.0	0.0	0.0	0.0	134.8430127126583	0.0	31.707632017078843	153.81739349740866	0.0	0.0	0.0	0.0	0.0	0.0	0.0	0.0	0.0	0.0	0.0	0.0	0.0	0.0	0.0	0.0	0.0	0.0	0.0	0.0
GSM4138112_HNSCC_2_PBMC_TCTCATATCACAAACC	88.77623269740396	118.30400991933102	0.0	0.0	0.0	79.53473072957239	0.0	0.0	51.59336880213984	38.327893063217914	91.1020251663288	178.14438085568153	0.0	0.0	0.0	0.0	0.0	0.0	0.0	41.06395188792325	0.0	0.0	0.0	0.0	0.0	0.0	0.0	0.0	0.0	0.0	0.0
GSM4138112_HNSCC_2_PBMC_AACTGGTCATAACCTG	394.3194338920865	217.69406281740623	33.85531815198805	221.93791814348523	142.8835031921881	0.0	0.0	0.0	0.0	0.0	0.0	0.0	0.0	51.40036442417321	0.0	0.0	0.0	0.0	0.0	23.62973391835176	0.0	53.87079608066864	0.0	0.0	0.0	0.0	0.0	0.0	0.0	0.0	0.0
GSM4138112_HNSCC_2_PBMC_ACTGAACGTCTTGTCC	350.66945024037767	179.81880240572005	260.6519292446604	0.0	0.0	0.0	0.0	0.0	0.0	61.37731345996538	44.07089632616607	0.0	0.0	0.0	0.0	0.0	48.31946581156842	0.0	0.0	243.3151670594009	0.0	0.0	0.0	0.0	0.0	0.0	0.0	0.0	0.0	0.0	0.0
GSM4138112_HNSCC_2_PBMC_CGTCAGGCAGGAACGT	0.0	216.00140663252176	406.7780911664481	0.0	0.0	0.0	368.0475745332898	0.0	0.0	16.20853830612756	0.0	0.0	0.0	0.0	0.0	61.765619488439185	0.0	0.0	0.0	0.0	0.0	0.0	0.0	154.2117768784468	0.0	0.0	0.0	0.0	0.0	0.0	0.0
GSM4138112_HNSCC_2_PBMC_GAGGTGACAGGATCGA	199.27260169133652	118.64039687225774	0.0	37.16586608213332	129.57977516204724	0.0	0.0	0.0	0.0	0.0	0.0	0.0	0.0	28.29354334660288	0.0	0.0	0.0	0.0	0.0	0.0	0.0	29.61431384086454	0.0	0.0	0.0	0.7503844963827754	0.0	0.0	0.0	139.31174188623783	0.0
GSM4138112_HNSCC_2_PBMC_GATCAGTAGCGATTCT	392.13816930992766	189.18792103631452	249.46285658119663	0.0	215.3971774315233	0.0	0.0	0.0	0.0	23.406243718471462	69.75574655395526	49.637439379315644	20.495772539156047	0.0	35.36924433077681	0.0	0.0	8.431070997866534	0.0	0.0	0.0	0.0	0.0	0.0	23.450206427249167	0.0	0.0	0.0	0.0	0.0	0.0
GSM4138112_HNSCC_2_PBMC_GCAAACTTCGTGGACC	412.97756855264447	260.4470745878171	0.0	0.0	0.0	0.0	0.0	0.0	0.0	62.03101725180313	34.150795542713716	0.0	0.0	11.174877041150484	0.0	35.29104151646086	98.82923793469104	0.0	0.0	270.45964462098516	0.0	0.0	40.68499381153253	0.0	229.24277715121215	0.0	0.0	0.0	0.0	0.0	28.719347090161726
GSM4138112_HNSCC_2_PBMC_GCATACAAGGCTACGA	416.4362836744057	176.23424173530958	288.85149112016165	0.0	49.244673196988856	0.0	0.0	268.30629737173655	0.0	38.93161518640925	0.0	0.0	0.0	50.13657912809881	0.0	26.889891982171882	22.716238539705916	0.0	0.0	0.0	0.0	0.0	14.446222956589386	0.0	0.0	0.0	0.0	0.0	0.0	0.0	0.0
GSM4138112_HNSCC_2_PBMC_GCTTGAAAGGAATGGA	0.0	132.5967645474381	162.5456720850272	0.0	0.0	324.22612753932304	0.0	0.0	0.0	9.464351343817759	0.0	0.0	0.0	41.54374036528031	0.0	0.0	0.0	0.0	0.0	243.3754033011793	0.0	0.0	0.0	0.0	0.0	0.0	0.0	0.0	0.0	0.0	0.0
GSM4138112_HNSCC_2_PBMC_GTCATTTCAGCTCGAC	0.0	164.6573217293483	95.85541779401385	147.29180251292024	0.0	0.0	351.29067145358215	7.396862629982494	120.05238119550457	30.785964382811095	0.0	0.0	0.0	54.2420060917146	0.0	0.0	0.0	0.0	0.0	102.12107083427041	0.0	0.0	0.0	0.0	0.0	0.0	0.0	0.0	0.0	0.0	0.0
GSM4138112_HNSCC_2_PBMC_AATCGGTCAGGCAGTA	238.30709899192522	140.72752317315138	0.0	0.0	0.0	0.0	196.74285550163577	276.30637570391656	0.0	50.645023206299555	0.0	0.0	444.1690773881495	0.0	0.0	63.4790594498203	0.0	0.0	0.0	0.0	0.0	0.0	0.0	0.0	0.0	0.0	0.0	0.0	0.0	0.0	0.0
GSM4138112_HNSCC_2_PBMC_ACACCAAGTTCCCTTG	0.0	173.75031586386856	0.0	0.0	0.0	0.0	252.4739604105285	0.0	27.262185353043073	0.3920461787401421	0.0	0.0	0.0	49.09610738021729	0.0	0.0	0.0	0.0	272.5868624256755	0.0	197.49666173132263	46.10305042968911	0.0	0.0	0.0	0.0	0.0	0.0	0.0	0.0	0.0
GSM4138112_HNSCC_2_PBMC_ACGTCAACAATAGCAA	2822.2659512247596	0.0	0.0	0.0	0.0	417.46103908262654	0.0	0.0	0.0	0.0	0.0	0.0	0.0	0.0	0.0	0.0	0.0	0.0	0.0	0.0	0.0	0.0	0.0	0.0	0.0	0.0	0.0	0.0	0.0	0.0	0.0
GSM4138112_HNSCC_2_PBMC_ACTGCTCCACATGGGA	439.3464169975315	241.30866062274552	0.0	487.44320855411434	339.97924636308824	0.0	0.0	0.0	0.0	30.24087269139046	0.0	0.0	0.0	78.30675362226964	0.0	0.0	0.0	0.0	0.0	0.0	0.0	0.0	0.0	0.0	0.0	0.0	0.0	0.0	0.0	0.0	0.0
GSM4138112_HNSCC_2_PBMC_AGGGATGTCTCTTGAT	290.9658737950018	209.95394808484517	0.0	239.90976444659015	139.67036486898343	0.0	0.0	0.0	0.0	34.80545286891598	0.0	0.0	0.0	0.0	0.0	52.063698096732566	0.0	0.0	0.0	0.0	0.0	0.0	0.0	0.0	0.0	0.0	0.0	0.0	0.0	0.0	0.0
GSM4138112_HNSCC_2_PBMC_ATCTGCCTCGTGGACC	379.68975772263605	166.3794364960308	0.0	238.36973454801824	0.0	0.0	0.0	193.96047161084905	0.0	15.127523617100598	0.0	0.0	0.0	42.990717177088186	0.0	0.0	0.0	0.0	0.0	0.0	0.0	0.0	0.0	0.0	0.0	0.0	0.0	0.0	0.0	0.0	0.0
GSM4138112_HNSCC_2_PBMC_CCCAGTTTCACGCATA	578.0876329247624	192.6335240869088	0.0	0.0	0.0	0.0	0.0	0.0	0.0	48.10934460199212	74.09978175666078	305.14003367005455	0.0	0.0	147.2121297090584	0.0	186.18547775859037	166.2767538611876	0.0	0.0	0.0	0.0	0.0	0.0	0.0	0.0	0.0	0.0	0.0	0.0	0.0
GSM4138112_HNSCC_2_PBMC_CTGAAGTCACGAGAGT	468.160018084143	223.72036513309402	311.9222817778434	0.0	144.07608020759122	0.0	0.0	0.0	58.0709171549474	19.95709236227077	55.0256874830367	0.0	0.0	0.0	0.0	0.0	0.0	23.79250450290472	0.0	0.0	0.0	0.0	0.0	0.0	47.64261527167403	0.0	0.0	0.0	0.0	0.0	0.0
GSM4138112_HNSCC_2_PBMC_CTGATAGCACCGCTAG	314.56282479054556	246.40964992251742	0.0	174.1757117210484	106.97836582059956	0.0	0.0	0.0	0.0	21.01215232185489	50.20429369400689	0.0	0.0	0.0	46.367230595168266	0.0	0.0	0.0	6.215672546509834	0.0	0.0	0.0	0.0	0.0	0.0	0.0	0.0	0.0	0.0	0.0	0.0
GSM4138112_HNSCC_2_PBMC_CTGCTGTGTCCGAACC	0.0	93.22090893282609	0.0	0.0	0.0	241.117345724753	0.0	0.0	0.0	18.423923452128736	15.673812534877417	0.0	165.86849577672677	0.0	155.19311509883244	0.0	0.0	0.0	0.0	0.0	0.0	0.0	0.0	0.0	0.0	0.0	0.0	0.0	0.0	0.0	0.0
GSM4138112_HNSCC_2_PBMC_GACGGCTAGCGTAATA	385.27384560730906	197.53202504235665	0.0	0.0	0.0	0.0	0.0	279.04209429657493	0.0	51.62562248801902	82.24576482544396	0.0	0.0	0.0	0.0	0.0	0.0	0.0	0.0	0.0	0.0	0.0	0.0	0.0	0.0	0.0	0.0	0.0	356.58615863005673	0.0	0.0
GSM4138112_HNSCC_2_PBMC_GATCGTACAAGACACG	262.4061553376198	238.3160416515364	0.0	144.31661748660156	0.0	0.0	0.0	255.77964383139957	0.0	0.0	0.0	0.0	0.0	30.531285006125565	0.0	0.0	0.0	0.0	0.0	0.0	0.0	31.492540605316204	0.0	0.0	0.0	0.0	0.0	0.0	0.0	0.0	0.0
GSM4138112_HNSCC_2_PBMC_TAGACCAAGGCCGAAT	551.7434682156972	278.0360982700672	474.49708372855434	0.0	0.0	0.0	0.0	179.07838420070576	58.42318333832207	57.06369184761928	13.292262526468456	0.0	0.0	9.672642611869588	0.0	47.33375511733658	0.0	0.0	0.0	76.49796185938791	0.0	0.0	0.0	0.0	0.0	0.0	0.0	0.0	0.0	0.0	0.0
GSM4138112_HNSCC_2_PBMC_TGCGTGGTCACCTTAT	347.76249110110007	229.59671329401556	261.14946254025523	0.0	33.6193470497082	126.97737216023164	0.0	216.35936666790886	11.638026279802046	57.92012821047596	0.0	0.0	0.0	42.456552939132415	0.0	0.0	0.0	40.68432413672383	0.0	0.0	0.0	0.0	0.0	0.0	168.0155569216937	0.0	0.0	0.0	0.0	0.0	0.0
GSM4138112_HNSCC_2_PBMC_AAACCTGCATTATCTC	0.0	362.2985439910712	181.37245666259133	0.0	0.0	53.49713297994997	120.02850335782824	0.0	0.0	125.92931530478272	0.0	0.0	0.0	0.0	0.0	30.175191603250656	0.0	0.0	0.0	147.57589480358794	0.0	0.0	0.0	0.0	0.0	0.0	0.0	0.0	0.0	0.0	0.0
GSM4138112_HNSCC_2_PBMC_AACGTTGTCATGTCTT	0.0	395.156825558108	0.0	0.0	0.0	163.5038914311789	0.0	150.91382842599307	0.0	121.04057497180136	0.0	272.50653058995357	0.0	68.71300450754633	0.0	0.0	0.0	0.0	0.0	0.0	0.0	0.0	0.0	0.0	0.0	0.0	0.0	0.0	0.0	0.0	0.0
GSM4138112_HNSCC_2_PBMC_AACTCTTGTATAGGTA	0.0	381.76992301612694	4.080694540728869	0.0	0.0	0.0	137.3876579674469	0.0	0.0	110.38264018854282	0.0	0.0	0.0	25.68076601308922	0.0	20.789712066652125	0.0	0.0	0.0	0.0	0.0	0.0	0.0	170.91817561066563	0.0	0.0	0.0	191.77275783975844	0.0	0.0	0.0
GSM4138112_HNSCC_2_PBMC_ACGATGTTCTGGTATG	0.0	325.2263029362571	0.0	0.0	0.0	231.00463642088428	0.0	0.0	124.04579289516886	116.14824734825687	0.0	220.1521692602685	0.0	0.0	0.0	22.685893085825686	0.0	0.0	0.0	0.0	0.0	0.0	0.0	0.0	0.0	0.0	0.0	0.0	0.0	0.0	0.0
GSM4138112_HNSCC_2_PBMC_ACTGAGTAGGAGTACC	0.0	352.4271965188775	239.4925861756669	0.0	0.0	105.91542235885487	77.8578056146093	0.0	0.0	126.20585862870315	0.0	0.0	0.0	0.0	0.0	72.59855214279659	0.0	44.69338114607371	0.0	0.0	0.0	0.0	0.0	62.56060650148191	0.0	0.0	0.0	0.0	0.0	0.0	0.0
GSM4138112_HNSCC_2_PBMC_AGCATACCAAAGGCGT	0.0	319.3124003147147	0.0	0.0	0.0	109.40930299153638	14.033576537097325	133.39491201731886	0.0	96.99522086195897	27.67856138641852	258.1762172786334	0.0	0.0	0.0	0.0	0.0	0.0	0.0	0.0	0.0	0.0	0.0	0.0	0.0	0.0	0.0	0.0	0.0	0.0	0.0
GSM4138112_HNSCC_2_PBMC_ATCATGGGTCAAAGAT	0.0	335.47961939241475	170.99384008950594	0.0	0.0	58.534144569237654	86.89465938226994	0.0	0.0	110.63360955745802	0.0	0.0	0.0	1.4044050535020804	0.0	42.540025532287565	0.0	103.95735339778635	0.0	0.0	0.0	0.0	0.0	0.0	0.0	0.0	0.0	0.0	0.0	0.0	0.0
GSM4138112_HNSCC_2_PBMC_ATCCGAACATAACCTG	0.0	257.2344532499441	26.720436924793457	0.0	0.0	0.0	201.98549452703853	59.726590703592514	91.95760110927162	86.13861525940048	0.0	0.0	0.0	12.69165114818145	0.0	5.858354682026379	0.0	0.0	0.0	0.0	0.0	0.0	9.551777513612471	0.0	0.0	0.0	127.59177891326023	0.0	0.0	0.0	0.0
GSM4138112_HNSCC_2_PBMC_ATGAGGGAGACTAGGC	0.0	215.12710529729503	53.82013107029089	0.0	0.0	0.0	184.73076683760974	0.0	0.0	60.03970585195148	0.0	77.65240021762094	0.0	0.0	0.0	32.509113407693576	0.0	90.72393595664639	0.0	0.0	0.0	0.0	0.0	0.0	0.0	0.0	0.0	0.0	0.0	0.0	0.0
GSM4138112_HNSCC_2_PBMC_CAGCTGGGTACCATCA	0.0	193.91104022174213	123.85414469841328	0.0	0.0	52.46768155532084	16.243133576366215	0.0	10.452221857479318	53.45722501597035	0.0	0.0	0.0	29.318385497171658	0.0	0.0	0.0	45.73174845320146	0.0	0.0	59.182456691120265	0.0	0.0	0.0	0.0	0.0	0.0	0.0	0.0	0.0	0.0
GSM4138112_HNSCC_2_PBMC_CATCCACAGCGTCAAG	34.77530885892915	296.59450944171704	0.0	0.0	0.0	240.9135535028874	0.0	308.4656824290943	0.0	110.23132907266226	0.0	0.0	32.17456494003384	0.0	0.0	52.82590118976507	365.287687256772	0.0	0.0	0.0	0.0	0.0	0.0	0.0	0.0	0.0	0.0	0.0	0.0	0.0	0.0
GSM4138112_HNSCC_2_PBMC_CCGTTCATCTGTGCAA	41.631960538003476	360.39171460397773	0.0	0.0	0.0	112.70465275596231	23.844376405760592	106.52342575261756	65.01910195691673	153.45342659348452	0.0	0.0	0.0	0.0	0.0	56.94551935165544	0.0	0.0	0.0	0.0	0.0	0.0	0.0	0.0	0.0	0.0	0.0	0.0	220.93525148835445	0.0	0.0
GSM4138112_HNSCC_2_PBMC_CGGTTAAAGCAATCTC	120.10330028020346	309.4635950210246	0.0	0.0	0.0	0.0	0.0	0.0	0.0	0.0	0.0	0.0	0.0	0.0	0.0	16.246942148628825	0.0	157.72446097155776	91.30978390958451	0.0	0.0	156.72686333559767	0.0	0.0	0.0	0.0	13.653823238277809	0.0	0.0	0.0	0.0
GSM4138112_HNSCC_2_PBMC_CTTCTCTCAGAGCCAA	372.6715131486603	318.02134465459136	215.5454609838755	0.0	35.96916916331291	0.0	0.0	170.68478098118354	54.83467877566222	71.27422943258934	0.0	0.0	0.0	1.6120418442186037	0.0	58.82287597953691	203.51506087353897	0.0	0.0	0.0	0.0	0.0	0.0	0.0	0.0	0.0	0.0	0.0	0.0	0.0	0.0
GSM4138112_HNSCC_2_PBMC_GCACATACAATGAAAC	160.3117002702178	455.5512509468954	0.0	323.5680952458002	127.24082802131578	0.0	0.0	25.94908837249455	0.0	91.15636234062863	0.0	0.0	0.0	0.0	0.0	44.67773812507248	0.0	0.0	0.0	0.0	0.0	0.0	0.0	0.0	0.0	0.0	0.0	0.0	0.0	0.0	0.0
GSM4138112_HNSCC_2_PBMC_GCTCCTAAGTGAAGTT	116.60288727529718	341.23339307988596	0.0	0.0	0.0	0.0	36.80689827781057	0.0	0.0	0.0	0.0	0.0	0.0	0.0	167.4658399090121	71.28890180047752	0.0	0.0	0.0	0.0	0.0	146.43711644152577	0.0	0.0	178.05021307189648	0.0	0.0	0.0	0.0	0.0	0.0
GSM4138112_HNSCC_2_PBMC_GCTGGGTGTTTCGCTC	0.0	341.49075344212554	193.66541934106573	0.0	0.0	0.0	168.46335285029315	0.0	0.0	89.01853014595693	0.0	0.0	0.0	0.0	18.34497211370698	145.3259147798387	0.0	0.0	0.0	0.0	0.0	0.0	0.0	0.0	0.0	91.9273254578917	0.0	0.0	0.0	0.0	0.0
GSM4138112_HNSCC_2_PBMC_GGATGTTGTGTCGCTG	0.0	312.65037403788915	0.0	0.0	0.0	0.0	164.68599734380047	0.0	73.11276389701486	119.16855080968972	1.5776026702614268	0.0	0.0	0.0	0.0	29.148976800756767	0.0	0.0	0.0	0.0	0.0	0.0	0.0	0.0	246.49473018486157	0.0	0.0	0.0	0.0	0.0	0.0
GSM4138112_HNSCC_2_PBMC_GGCGACTTCTTGTTTG	0.0	301.7292488948714	236.87707230714756	0.0	0.0	39.04509224653707	124.55427225973973	123.5727724334457	26.47820990159277	126.72003369714393	0.0	0.0	0.0	3.2090079669472242	0.0	30.58626824186979	0.0	0.0	0.0	0.0	0.0	0.0	0.0	0.0	0.0	0.0	0.0	0.0	0.0	0.0	0.0
GSM4138112_HNSCC_2_PBMC_GGCTCGATCATTGCGA	0.0	0.0	0.0	0.0	0.0	0.0	0.0	0.0	0.0	0.0	0.0	0.0	0.0	0.0	0.0	0.0	0.0	0.0	0.0	0.0	0.0	1454.5984874744497	0.0	0.0	0.0	0.0	0.0	0.0	0.0	0.0	0.0
GSM4138112_HNSCC_2_PBMC_GTGTTAGGTCTCAACA	0.0	283.3234324442728	0.0	0.0	0.0	0.0	171.79389916954025	0.0	0.0	112.3370336973925	0.0	0.0	209.9948925772164	0.0	0.0	46.843397250821084	0.0	0.0	0.0	0.0	0.0	0.0	0.0	0.0	0.0	125.64607384369735	0.0	0.0	0.0	0.0	0.0
GSM4138112_HNSCC_2_PBMC_TCAATCTCAGGTTTCA	0.0	308.86049697050134	0.0	182.64530233687526	0.0	0.0	189.02424355718173	0.0	0.0	256.0631580560106	0.0	0.0	0.0	37.663380080947974	31.282011459806444	0.0	0.0	0.0	0.0	0.0	6.605201050549441	0.0	0.0	0.0	0.0	0.0	0.0	0.0	0.0	0.0	0.0
GSM4138112_HNSCC_2_PBMC_TCACGAAGTGACGCCT	0.0	403.45378993607545	0.0	0.0	0.0	78.07626019827589	139.257506033961	0.0	0.0	114.01684876526457	0.0	235.52643086422268	0.0	0.0	0.0	51.27719173881885	0.0	150.92957285780855	0.0	0.0	0.0	0.0	0.0	0.0	0.0	0.0	0.0	0.0	0.0	0.0	0.0
GSM4138112_HNSCC_2_PBMC_TGCGCAGTCCAAGTAC	0.0	399.57511173121867	0.0	0.0	0.0	43.57752762797543	129.6876672254554	197.11600518788597	0.0	136.5337705595077	0.0	251.17705991045776	0.0	35.46759485870588	0.0	0.0	0.0	0.0	0.0	0.0	0.0	0.0	0.0	0.0	0.0	0.0	0.0	0.0	0.0	0.0	0.0
GSM4138112_HNSCC_2_PBMC_TTCTCCTAGTACGTTC	0.0	422.44999610724386	0.0	0.0	0.0	0.0	141.76814661888608	0.0	178.0881220893953	104.19848471292777	0.0	9.706039374442597	0.0	0.0	0.0	39.880164372723804	0.0	0.0	0.0	0.0	0.0	0.0	176.88392287378133	0.0	0.0	0.0	0.0	0.0	0.0	0.0	0.0
GSM4138112_HNSCC_2_PBMC_TTTACTGAGACTGTAA	0.0	3488.9789311673667	0.0	0.0	0.0	0.0	0.0	0.0	0.0	0.0	0.0	0.0	0.0	0.0	0.0	0.0	0.0	0.0	0.0	0.0	0.0	0.0	0.0	0.0	0.0	0.0	0.0	0.0	0.0	0.0	0.0
GSM4138112_HNSCC_2_PBMC_AGCAGCCTCCGTAGGC	0.0	0.0	0.0	0.0	0.0	0.0	0.0	0.0	87.4382987352969	0.0	0.0	0.0	0.0	0.0	94.79225838001466	0.0	0.0	3267.3553956605433	0.0	0.0	0.0	0.0	0.0	0.0	0.0	0.0	0.0	0.0	0.0	0.0	0.0
GSM4138112_HNSCC_2_PBMC_CAGCGACAGACACGAC	0.0	0.0	0.0	0.0	0.0	0.0	0.0	0.0	0.0	0.0	0.0	186.79730170031388	0.0	0.0	0.0	0.0	0.0	0.0	0.0	0.0	0.0	0.0	0.0	0.0	4294.927056547206	0.0	0.0	1.2678945021912802	0.0	0.0	0.0
