	1	2	3	4	5	6	7	8	9	10	11	12	13	14	15	16	17	18	19	20	21	22	23	24	25	26	27	28	29	30	31	32	33	34	35
GSM4138112_HNSCC_2_PBMC_AACCGCGAGGGCTCTC	52.67242407916299	89.91186008205636	0.0	0.0	0.0	0.0	65.4967493201695	0.0	0.0	0.0	65.74235714352416	0.0	0.0	8.358649076467351	0.0	0.0	0.0	0.0	0.0	0.0	0.0	0.0	0.0	0.0	0.0	0.0	0.0	0.0	0.0	0.0	0.0	0.0	0.0	0.0	0.0
GSM4138112_HNSCC_2_PBMC_AGCCTAAAGAGGGCTT	54.8732059933158	0.0	0.0	87.46652394831099	0.0	0.0	0.0	0.0	0.0	27.204191626653458	0.0	0.0	0.0	0.0	1.5498693674809956	14.488927387805214	0.0	0.0	66.7574336585639	0.0	0.0	0.0	0.0	0.0	0.0	0.0	0.0	0.0	0.0	0.0	0.0	0.0	0.0	0.0	0.0
GSM4138112_HNSCC_2_PBMC_ATAGACCTCTACGAGT	120.66334825221834	0.0	0.0	88.02551487551007	0.0	85.88944052994252	0.0	0.0	0.0	0.0	0.0	0.0	0.0	0.0	0.0	0.0	0.0	0.0	0.0	49.12399458759891	0.0	0.0	0.0	0.0	0.0	0.0	0.0	0.0	0.0	0.0	0.0	0.0	0.0	0.0	0.0
GSM4138112_HNSCC_2_PBMC_CAGCGACCAGGGAGAG	52.09531793278921	14.503048155703357	57.775161964085974	0.0	0.4767918968563036	50.429667102719336	0.0	0.0	0.0	0.0	38.31705464781879	0.0	0.0	0.0	12.926263183455752	7.853026163346375	0.0	0.0	0.0	0.0	0.0	0.0	0.0	0.0	0.0	0.0	0.0	0.695597326832146	0.0	0.0	0.0	0.0	0.0	0.0	0.0
GSM4138112_HNSCC_2_PBMC_CCTAGCTAGACACTAA	45.39019852351055	61.19751563329672	132.6531795670967	0.0	12.188142418165548	0.0	0.0	0.0	0.0	0.0	7.297173557683219	0.0	0.0	0.0	0.0	14.62941149252292	0.0	0.0	0.0	0.0	0.0	0.0	0.0	0.0	0.0	23.440308750570747	0.0	0.0	0.0	0.0	0.0	0.0	0.0	0.0	0.0
GSM4138112_HNSCC_2_PBMC_CGCGTTTCACGGACAA	36.07015740386771	0.0	86.75836301307073	0.0	0.0	0.0	0.0	0.0	0.0	0.0	8.751107490784296	22.719355334075654	0.0	0.0	0.0	0.0	0.0	0.0	0.0	0.0	0.0	0.0	62.93189531485934	0.0	0.0	0.0	27.210126814924372	0.0	0.0	0.0	0.0	0.0	0.0	0.0	0.0
GSM4138112_HNSCC_2_PBMC_CGTGTCTCATTCCTCG	74.34443838529704	0.0	108.17949511348196	0.0	0.0	0.0	0.0	0.0	0.0	0.0	38.764867711921745	0.0	0.0	0.0	0.0	0.0	0.0	46.05663339226731	0.0	28.965705360104618	0.0	0.0	0.0	0.0	0.0	1.018426599074217	0.0	0.0	0.0	0.0	0.0	0.0	0.0	0.0	0.0
GSM4138112_HNSCC_2_PBMC_CTAACTTCATAGACTC	66.13605509613518	0.0	10.261256593717697	0.0	37.46627642578484	0.0	71.2979675581213	38.65764163292072	0.0	0.0	0.0	0.0	0.0	0.0	0.0	0.0	0.0	45.89740304073019	0.0	0.0	40.07738187823431	0.0	0.0	0.0	0.0	0.0	0.0	0.0	0.0	0.0	0.0	0.0	0.0	0.0	0.0
GSM4138112_HNSCC_2_PBMC_CTAACTTGTAGCGCTC	53.99568769648479	0.0	0.0	0.0	64.07467373773476	0.0	0.0	0.0	57.82085229684739	0.0	0.0	0.0	0.0	0.0	0.0	0.0	0.0	0.0	66.77656567535651	0.0	0.0	0.0	0.0	0.0	0.0	0.0	0.0	0.0	0.0	0.0	0.0	0.0	0.0	0.0	0.0
GSM4138112_HNSCC_2_PBMC_GAATGAATCTTACCTA	170.5335688348603	0.0	0.0	61.15927937496774	86.6244513500171	0.0	78.67960963357763	0.0	0.0	0.0	0.0	0.0	0.0	14.208988346429575	115.53685144174037	0.0	0.0	0.0	0.0	0.0	0.0	14.243244646518793	0.0	0.0	0.0	0.0	0.0	0.0	0.0	0.0	0.0	0.0	0.0	0.0	0.0
GSM4138112_HNSCC_2_PBMC_GATTCAGTCCATGCTC	219.74961686685882	0.0	0.0	0.0	81.40731868265681	195.45763817482393	172.30596001444036	0.0	0.0	0.0	0.0	0.0	0.0	0.0	0.0	0.0	0.0	0.0	0.0	0.0	0.0	0.0	0.0	0.0	0.0	0.0	0.0	0.0	0.0	0.0	0.0	0.0	0.0	0.0	0.0
GSM4138112_HNSCC_2_PBMC_GCTGCGACACGCCAGT	34.643690055583875	0.0	0.0	0.0	42.50921104426885	0.0	0.0	0.0	82.98019407120609	0.0	0.0	0.0	0.0	0.0	0.0	0.0	54.01576670305668	0.0	0.0	0.0	0.0	0.0	15.501639823588524	0.0	0.0	0.0	0.0	0.0	43.453867440045606	0.0	0.0	0.0	0.0	0.0	0.0
GSM4138112_HNSCC_2_PBMC_GGATTACGTCCGAACC	89.04964097483916	0.0	64.1585594501955	0.0	0.0	0.0	0.0	0.0	0.0	0.0	0.0	25.541809885137354	0.0	0.0	0.0	31.820485740312943	0.0	0.0	11.223228300531542	0.0	0.0	0.0	0.0	111.70747039175794	0.0	2.70504537117765	0.0	0.0	0.0	0.0	0.0	0.0	0.0	0.0	0.0
GSM4138112_HNSCC_2_PBMC_GGGAATGAGAAACGAG	249.9039148227397	0.0	0.0	238.10793982772844	120.58680704422997	0.0	0.0	0.0	0.0	0.0	0.0	0.0	0.0	0.0	0.0	0.0	0.0	0.0	0.0	0.0	0.0	154.32206058089545	0.0	0.0	0.0	0.0	0.0	0.0	0.0	0.0	0.0	0.0	0.0	0.0	0.0
GSM4138112_HNSCC_2_PBMC_GTCGGGTTCACCCTCA	287.510945466178	65.53447000775567	21.397774037204414	0.0	0.0	0.0	0.0	0.0	0.0	0.0	0.0	0.0	0.0	0.0	0.0	33.24594932826695	0.0	0.0	0.0	38.4295635992704	0.0	0.0	0.0	0.0	0.0	4.2437641965612585	0.0	0.0	0.0	0.0	0.0	0.0	0.0	0.0	0.0
GSM4138112_HNSCC_2_PBMC_GTTCATTAGGGAACGG	66.11723177540799	0.0	37.62660843156854	47.1350896522435	21.885466679234742	0.0	0.0	0.0	0.0	0.0	0.0	0.0	0.0	0.0	0.0	0.0	0.0	0.0	0.0	0.0	0.0	0.0	0.0	64.01370280526505	0.0	41.71583585359386	0.0	0.0	9.059273000014914	0.0	0.0	0.0	0.0	0.0	0.0
GSM4138112_HNSCC_2_PBMC_GTTCTCGCATCCGCGA	59.75507290979477	0.0	10.016721198707753	31.880092177011715	0.0	75.04997762241233	0.0	0.0	37.477641822132696	0.0	0.0	0.0	0.0	0.0	0.0	2.3781554340887436	0.0	0.0	0.0	21.766971684458507	0.0	0.0	0.0	0.0	48.819597662396774	5.077302345344441	0.0	0.0	0.0	0.0	0.0	0.0	0.0	0.0	0.0
GSM4138112_HNSCC_2_PBMC_GTTTCTACATACCATG	67.92628514037042	74.86590949100813	0.0	32.790796691046474	0.0	0.0	0.0	0.0	0.0	13.26999309849357	39.17053984644858	0.0	0.0	41.86727870197202	0.0	0.0	0.0	0.0	0.0	0.0	0.0	0.0	0.0	0.0	0.0	0.0	0.0	0.0	0.0	0.0	0.0	0.0	0.0	0.0	0.0
GSM4138112_HNSCC_2_PBMC_TACCTTAAGACAGAGA	64.31101198883138	97.68837882747339	77.66389136260422	0.0	19.877356937503574	0.0	0.0	0.0	0.0	0.0	14.749964956882858	0.0	0.0	0.0	0.0	0.0	0.0	0.0	0.0	0.0	0.0	0.0	0.0	0.0	0.0	0.0	0.0	0.0	0.0	0.0	0.0	0.0	0.0	0.0	0.0
GSM4138112_HNSCC_2_PBMC_TACGGGCCAGACAGGT	145.66691988711457	0.0	0.0	28.081107149543502	19.22508862306401	0.0	0.0	0.0	0.0	0.0	0.0	0.0	0.0	74.50518123553215	0.0	0.0	0.0	0.0	63.39786680132739	19.13081018992758	0.0	0.0	0.0	0.0	0.0	0.0	0.0	0.0	0.0	0.0	0.0	0.0	0.0	0.0	0.0
GSM4138112_HNSCC_2_PBMC_TACTCATTCACAGGCC	40.402316107661996	0.0	109.726059543721	0.0	0.0	69.4828319808688	0.0	0.0	0.0	23.016032818903906	9.202281075630491	0.0	0.0	0.0	0.0	0.0	0.0	0.0	0.0	0.0	0.0	0.0	0.0	0.0	0.0	0.0	0.0	0.0	0.0	0.0	0.0	0.0	0.0	0.0	0.0
GSM4138112_HNSCC_2_PBMC_TGAAAGAGTTCCACAA	307.72454903875774	0.0	0.0	0.0	0.0	62.88647898081783	0.0	0.0	212.36096165388255	0.0	0.0	0.0	0.0	0.0	0.0	0.0	0.0	24.62197958604364	0.0	0.0	95.81857076601717	0.0	0.0	0.0	0.0	65.30675179247652	0.0	0.0	0.0	55.67779509090204	0.0	0.0	0.0	0.0	0.0
GSM4138112_HNSCC_2_PBMC_TGCTACCTCAAGAAGT	40.80512214163704	61.757671154769916	0.0	7.604451367854693	111.90753649467416	0.0	0.0	32.059084151595236	11.481930368446164	0.0	0.0	0.0	0.0	11.224642753604748	0.0	0.0	0.0	0.0	0.0	0.0	0.0	0.0	0.0	0.0	0.0	0.0	0.0	0.0	0.0	0.0	0.0	0.0	0.0	0.0	0.0
GSM4138112_HNSCC_2_PBMC_TGTGTTTTCCCTTGTG	148.12130558824768	0.0	45.1311063856071	0.0	0.0	0.0	0.0	0.0	17.48390382838053	0.0	0.0	0.0	0.0	1.6884374306725178	0.0	34.90494370080304	0.0	0.0	0.0	92.40154746213757	81.98853751167083	0.0	0.0	0.0	0.0	0.0	0.0	0.0	0.0	0.0	0.0	0.0	0.0	0.0	0.0
GSM4138112_HNSCC_2_PBMC_TTCTTAGAGTATCTCG	71.3666051317622	0.0	52.173598834679694	0.0	5.993040575699159	0.0	0.0	0.0	0.0	0.0	0.0	22.676862553463053	0.0	0.0	0.0	0.0	142.38270876952976	0.0	0.0	0.0	0.0	0.0	0.0	0.0	0.0	4.410521810402349	0.0	6.279732010383493	0.0	0.0	0.0	0.0	0.0	0.0	0.0
GSM4138112_HNSCC_2_PBMC_TTGAACGCAATCTGCA	37.58639246246059	0.0	0.0	0.0	20.41009365383908	0.0	67.88918777096619	64.92010083167104	0.0	5.467188872973477	0.0	0.0	0.0	0.0	98.8610130700961	0.0	0.0	0.0	0.0	0.0	0.0	0.0	0.0	0.0	0.0	0.0	0.0	0.0	0.0	0.0	0.0	0.0	0.0	0.0	0.0
GSM4138112_HNSCC_2_PBMC_TTGACTTTCACAGGCC	31.80769060093145	109.70665752554221	0.0	0.0	11.06715858465728	0.0	0.0	86.73492010642991	0.0	17.88787286499592	0.0	0.0	0.0	0.0	0.0	0.0	0.0	0.0	0.0	0.0	0.0	0.0	0.0	0.0	0.0	0.0	0.0	0.0	0.0	0.0	0.0	0.0	0.0	0.0	0.0
GSM4138112_HNSCC_2_PBMC_TTGACTTTCCTTTACA	47.471185410372215	53.22330301262578	0.0	0.0	83.54980913135891	0.0	0.0	72.66198878286572	0.0	0.0	0.0	0.0	0.0	0.0	0.0	0.0	0.0	0.0	0.0	0.0	0.0	0.0	0.0	0.0	0.0	0.0	0.0	0.0	0.0	0.0	0.0	0.0	0.0	0.0	0.0
GSM4138112_HNSCC_2_PBMC_TTTCCTCTCGTAGATC	74.54011690528802	50.82737778512659	0.0	86.1807389393709	0.0	0.0	6.541982741530302	0.0	0.0	0.0	0.0	40.10173229345437	0.0	0.0	0.0	6.12942930228332	0.0	0.0	0.0	0.0	0.0	0.0	0.0	0.0	0.0	0.0	0.0	0.0	0.0	0.0	0.0	0.0	0.0	0.0	0.0
GSM4138112_HNSCC_2_PBMC_AAACCTGAGCGAGAAA	73.77469771751079	0.0	89.4710328565036	0.0	68.83543438094205	13.823236899936685	0.0	0.0	0.0	0.0	0.0	0.0	0.0	0.0	66.21941612102437	0.0	0.0	0.0	0.0	0.0	0.0	0.0	0.0	0.0	0.0	0.0	0.0	0.0	0.0	0.0	0.0	0.0	0.0	0.0	0.0
GSM4138112_HNSCC_2_PBMC_AAAGATGAGCAGACTG	107.17678691732551	174.96030772061795	354.175634069265	0.0	92.76764815005701	0.0	0.0	0.0	0.0	0.0	0.0	0.0	0.0	0.0	0.0	0.0	0.0	0.0	0.0	0.0	0.0	0.0	0.0	0.0	0.0	0.0	0.0	0.0	0.0	0.0	0.0	0.0	0.0	0.0	0.0
GSM4138112_HNSCC_2_PBMC_AACTGGTAGTCGATAA	74.27337478907245	0.0	0.0	45.93488497599338	0.0	0.0	0.0	0.0	79.78983634235651	31.53081416160713	13.059009444812586	0.0	0.0	0.0	0.0	0.0	0.0	105.35785893244612	0.0	0.0	0.0	0.0	0.0	0.0	0.0	0.0	0.0	0.0	0.0	0.0	0.0	0.0	0.0	0.0	0.0
GSM4138112_HNSCC_2_PBMC_AACTTTCTCCCTTGCA	46.52693294867934	0.0	0.0	0.0	54.333802359854396	80.72147658785097	0.0	119.90145911956391	0.0	0.0	0.0	0.0	0.0	0.0	0.0	0.0	0.0	0.0	0.0	0.0	0.0	0.0	0.0	0.0	0.0	0.0	0.0	0.0	0.0	0.0	0.0	0.0	0.0	0.0	0.0
GSM4138112_HNSCC_2_PBMC_AAGGTTCAGTGTCCAT	40.340723470803	0.0	86.03196464568178	0.0	8.979773059856313	0.0	0.0	0.0	0.0	0.0	0.0	7.807812220655567	57.15680428513421	0.0	0.0	0.0	0.0	0.0	0.0	0.0	0.0	0.0	0.0	77.63718398678422	0.0	0.0	0.0	0.0	0.0	0.0	0.0	0.0	0.0	0.0	0.0
GSM4138112_HNSCC_2_PBMC_AATCCAGTCAGAGGTG	40.95425137022264	0.0	0.0	0.0	0.0	0.0	0.0	0.0	120.53074097623382	0.0	29.345514891952238	0.0	0.0	0.0	5.201990284446631	0.0	0.0	0.0	76.07517382502218	0.0	0.0	43.60103332369135	0.0	0.0	0.0	0.0	0.0	0.0	0.0	0.0	0.0	0.0	0.0	0.0	0.0
GSM4138112_HNSCC_2_PBMC_AATCGGTGTCGACTAT	135.2706305489195	0.0	0.0	0.0	0.0	0.0	0.0	0.0	0.0	0.0	0.0	0.0	96.09026379303685	0.0	0.0	299.8714281764089	0.0	0.0	0.0	0.0	183.22915097016607	0.0	0.0	0.0	0.0	0.0	0.0	0.0	0.0	0.0	0.0	0.0	0.0	0.0	0.0
GSM4138112_HNSCC_2_PBMC_ACACCAAAGTGGAGAA	53.632570561562176	0.0	165.13377400201745	0.0	0.0	0.0	0.0	0.0	0.0	0.0	0.0	0.02413562432443834	77.91575746798534	0.0	0.0	0.0	0.0	72.20624194899429	12.082901280519657	0.0	0.0	0.0	0.0	0.0	0.0	0.0	0.0	0.0	0.0	0.0	0.0	0.0	0.0	0.0	0.0
GSM4138112_HNSCC_2_PBMC_ACAGCCGGTCTGGTCG	121.0672973749171	70.74606318712674	0.0	84.30364777328141	53.6874113803484	0.0	28.99692776829208	0.0	0.0	0.0	67.60403628844385	0.0	0.0	0.0	0.0	0.0	0.0	0.0	0.0	0.0	0.0	0.0	0.0	0.0	0.0	0.0	0.0	0.0	0.0	0.0	0.0	0.0	0.0	0.0	0.0
GSM4138112_HNSCC_2_PBMC_ACATGGTTCAACGGCC	23.964132832418922	0.0	0.0	0.0	0.0	0.0	0.0	0.0	59.27347601109399	0.0	0.0	20.080970774175757	5.055085920750937	0.0	38.49924115402203	0.0	0.0	21.08922238381753	0.0	0.0	0.0	0.0	0.0	0.0	0.0	0.0	0.0	0.0	0.0	0.0	90.1434665327017	0.0	0.0	0.0	0.0
GSM4138112_HNSCC_2_PBMC_ACGAGCCTCCAGTATG	57.036409459294696	0.0	0.0	45.31424940258714	0.0	0.0	0.0	0.0	69.81919167861977	0.0	86.36442933882483	0.0	0.0	0.0	0.0	0.0	0.0	0.0	0.0	0.0	0.0	0.0	108.09685518600534	0.0	0.0	0.0	0.0	0.0	0.0	0.0	0.0	0.0	0.0	0.0	0.0
GSM4138112_HNSCC_2_PBMC_ACGAGGACATGCCTTC	66.65332052381405	0.0	26.078560374170806	32.92582725573466	0.0	91.04954383464558	0.0	0.0	63.795920403768555	0.0	0.0	0.0	0.0	0.0	0.0	0.0	0.0	0.0	0.0	49.74966684247713	0.0	0.0	0.0	0.0	0.0	0.0	0.0	0.0	0.0	0.0	0.0	0.0	0.0	0.0	0.0
GSM4138112_HNSCC_2_PBMC_ACGCAGCAGCGTCTAT	93.76532769003285	0.0	0.0	180.93228137295094	0.0	110.80529838494253	0.0	0.0	0.0	0.0	60.24224341993115	0.0	0.0	0.0	0.0	0.0	0.0	0.0	0.0	5.7503303000550945	0.0	0.0	0.0	0.0	0.0	63.832966814780114	0.0	0.0	0.0	0.0	0.0	0.0	0.0	0.0	0.0
GSM4138112_HNSCC_2_PBMC_ACGGAGAGTCTACCTC	39.81091433859682	0.0	0.0	68.93178085763665	0.0	124.3550595717785	0.0	0.0	0.0	55.19905809135069	0.0	0.0	4.63341565881254	0.0	0.0	0.0	0.0	0.0	0.0	0.0	0.0	0.0	0.0	0.0	3.681231811163075	0.0	0.0	0.0	0.0	0.0	0.0	0.0	0.0	0.0	0.0
GSM4138112_HNSCC_2_PBMC_ACGGGTCCATGGAATA	129.3177888064892	0.0	0.0	176.21725274010578	81.86742790357357	112.50937324136487	0.0	0.0	0.0	0.0	0.0	0.0	0.0	0.0	0.0	0.0	0.0	0.0	0.0	0.0	0.0	23.435980326387913	0.0	0.0	0.0	0.0	0.0	0.0	0.0	0.0	0.0	0.0	0.0	0.0	14.504257447838059
GSM4138112_HNSCC_2_PBMC_ACTGAACAGTACGTAA	98.8851177980268	153.92240074084043	20.31121440962134	50.84024877437049	59.5385938868117	0.0	0.0	0.0	95.20698945949935	0.0	0.0	0.0	0.0	0.0	0.0	0.0	0.0	0.0	0.0	0.0	0.0	0.0	0.0	0.0	0.0	0.0	0.0	0.0	0.0	32.45416757537656	0.0	0.0	0.0	0.0	0.0
GSM4138112_HNSCC_2_PBMC_ACTGATGGTTACCAGT	64.42664996158781	0.0	69.24605942820706	0.0	51.39997301367242	58.38470232270559	0.0	0.0	0.0	0.0	0.0	0.0	0.0	0.0	0.0	0.0	0.0	19.836577077298283	0.0	0.0	0.0	0.0	0.0	0.0	0.0	0.0	0.0	0.0	0.0	0.0	0.0	0.0	0.0	0.0	0.0
GSM4138112_HNSCC_2_PBMC_ACTGTCCCACATCTTT	112.00556080281937	107.6366805093654	0.0	208.04102923125055	0.0	0.0	10.670830687535574	0.0	0.0	0.0	0.0	65.55350617358894	0.0	0.0	0.0	0.0	0.0	0.0	0.0	0.0	0.0	0.0	0.0	78.9328380155863	0.0	0.0	0.0	0.0	0.0	0.0	0.0	0.0	0.0	0.0	0.0
GSM4138112_HNSCC_2_PBMC_ACTTACTCATGACATC	70.1824010780822	32.96931725317265	0.0	77.14732333553108	0.0	58.01874879874569	0.0	0.0	6.184990169729439	0.0	0.0	0.0	73.31725381215576	0.0	0.0	0.0	0.0	5.561044555352105	0.0	0.0	0.0	0.0	0.0	0.0	0.0	0.9072882290775661	0.005701292773902923	0.0	0.0	0.0	0.0	0.0	0.0	0.0	0.0
GSM4138112_HNSCC_2_PBMC_AGCAGCCCAGTCGATT	133.69554001332298	0.0	105.99110773958763	21.316307662806278	0.0	0.0	0.0	0.0	0.0	36.60634196466317	0.0	114.25827775236864	0.0	0.0	0.0	0.0	0.0	0.0	46.4697816382649	0.0	0.0	0.0	99.49537111611006	0.0	0.0	0.0	0.0	0.0	14.480000379474763	0.0	0.0	0.0	0.0	0.0	0.0
GSM4138112_HNSCC_2_PBMC_AGCGTATGTACGCTGC	71.77319265077658	0.0	0.0	0.0	0.0	50.70668849484617	82.94445455177156	0.0	0.0	0.0	0.0	0.0	0.0	0.0	0.0	0.0	0.0	0.0	0.0	0.0	0.0	0.0	0.0	0.0	92.23579464591405	0.0	0.0	0.0	0.0	0.0	0.0	0.0	0.0	0.0	0.0
GSM4138112_HNSCC_2_PBMC_AGCTCTCCACTGTGTA	95.10602519914879	0.0	132.4234699235672	0.0	73.42754410448599	105.55868386088599	0.0	0.0	0.0	0.0	0.0	0.0	0.0	0.0	0.0	84.87022060944433	0.0	14.422341480852538	0.0	0.0	31.494120172626147	0.0	0.0	0.0	0.0	0.0	0.0	0.0	0.0	0.0	0.0	0.0	0.0	0.0	0.0
GSM4138112_HNSCC_2_PBMC_AGCTCTCGTCTAGTGT	81.69478234492144	0.0	0.0	80.18618620373981	56.00067681744136	0.0	1.6564755712161103	0.0	0.0	24.602893018980122	0.0	0.0	0.0	41.927789601795155	199.968804439301	0.0	0.0	0.0	0.0	0.0	0.0	0.0	0.0	0.0	0.0	0.06606318276728464	0.0	0.0	0.0	0.0	0.0	0.0	0.0	0.0	0.0
GSM4138112_HNSCC_2_PBMC_AGGGTGAAGAGCTATA	35.32209206960087	76.6078866708258	39.94003986585605	0.0	0.0	0.0	0.0	0.0	58.862472621017794	0.0	49.58069639676758	0.0	0.0	0.0	0.0	0.0	0.0	0.0	0.0	0.0	0.0	0.0	0.0	0.0	0.0	0.0	0.0	0.0	0.0	0.0	0.0	0.0	0.0	0.0	0.0
GSM4138112_HNSCC_2_PBMC_AGGGTGACACATTTCT	105.80783279767317	0.0	0.0	0.0	33.527636648258884	0.0	0.0	14.224416112194529	0.0	6.681083212567186	0.0	0.0	0.0	81.55054709752454	0.0	0.0	0.0	0.0	90.10332842731623	0.0	0.0	0.0	0.0	0.0	0.0	0.0	0.0	0.0	0.0	0.0	0.0	0.0	0.0	0.0	0.0
GSM4138112_HNSCC_2_PBMC_AGTAGTCTCTTCAACT	54.388919957519704	0.0	0.0	0.0	0.0	0.0	59.888921084064066	0.0	0.0	17.356107863519338	0.0	0.0	16.491735014232972	0.0	67.62692499508996	2.5807084817503205	0.0	0.0	0.0	12.470993607818967	0.0	0.0	0.0	0.0	9.111095005044927	0.0	0.0	0.0	0.0	0.0	0.0	0.0	0.0	0.0	0.0
GSM4138112_HNSCC_2_PBMC_AGTGTCAAGATGTCGG	41.35150759547971	0.0	0.0	0.0	0.0	0.0	0.0	0.0	0.0	0.0	0.0	0.0	45.7901746780701	0.0	57.560557026471066	115.53065873611602	0.0	0.0	0.0	0.0	0.0	0.0	0.0	0.0	0.0	0.0	0.0	0.0	0.0	0.0	0.0	0.0	0.0	0.0	0.0
GSM4138112_HNSCC_2_PBMC_ATAACGCGTGCCTGGT	417.7700546386524	112.47949792999098	0.0	0.0	0.0	2.387792166395205	0.0	0.0	273.95555401091593	0.0	0.0	0.0	0.0	0.0	0.0	0.0	0.0	0.0	69.40653966275364	0.0	0.0	0.0	0.0	0.0	0.0	54.899121674922924	0.0	0.0	0.0	70.96418713003737	0.0	0.0	0.0	0.0	0.0
GSM4138112_HNSCC_2_PBMC_ATAACGCTCATTTGGG	73.3363368109721	128.08916807232688	0.0	0.0	50.391849180554715	0.0	129.9581150924177	0.0	0.0	5.679198863301108	22.203775536382025	0.0	0.0	0.0	0.0	0.0	0.0	0.0	0.0	0.0	0.0	0.0	0.0	0.0	0.0	0.0	0.0	0.0	0.0	0.0	0.0	0.0	0.0	0.0	0.0
GSM4138112_HNSCC_2_PBMC_ATAAGAGCAGAGCCAA	125.72198481242805	103.15858660866557	0.0	166.21530473500513	45.4286410754135	0.0	0.0	0.0	0.0	0.0	0.0	0.0	0.0	0.0	0.0	0.0	0.0	0.0	0.0	0.0	0.0	0.0	0.0	0.0	0.0	44.323938375439546	0.0	0.0	0.0	62.21483075938592	0.0	0.0	0.0	0.0	0.0
GSM4138112_HNSCC_2_PBMC_ATAGACCAGCAAATCA	58.19877795610688	0.0	0.0	117.7310771655499	0.0	75.18792959180256	0.0	0.0	0.0	0.0	0.0	0.0	98.55613421185976	0.0	0.0	0.0	0.0	0.010300060575483275	0.0	0.0	0.0	0.0	0.0	0.0	0.0	0.0	0.0	0.0	0.0	0.0	0.0	0.0	0.0	0.0	0.0
GSM4138112_HNSCC_2_PBMC_ATCACGACAGTGGAGT	42.895048334425205	0.0	0.0	50.48032736268671	0.0	0.0	9.00627047083593	0.0	0.0	0.0	0.0	0.0	74.48537089365766	22.14842007230885	0.0	0.0	0.0	0.0	0.0	0.0	0.0	0.0	0.0	0.0	0.0	0.0	84.59149688263201	0.0	0.0	0.0	0.0	0.0	0.0	0.0	0.0
GSM4138112_HNSCC_2_PBMC_ATCCGAACAAGTAATG	33.09168867080205	0.0	0.0	0.0	55.6330500916808	13.675415902198061	0.0	0.0	84.9753889730597	0.0	0.0	0.0	0.0	0.0	0.0	0.0	0.0	0.0	0.0	0.0	46.214932120026575	0.0	0.0	0.0	0.0	0.0	0.0	0.0	0.0	0.0	0.0	0.0	0.0	0.0	0.0
GSM4138112_HNSCC_2_PBMC_ATCGAGTAGAAACGAG	85.14508589089006	0.0	0.0	181.3846520461911	0.0	0.0	0.0	0.0	0.0	0.0	0.0	0.0	0.0	0.0	0.0	0.0	0.0	0.0	113.31067302954882	0.0	0.0	0.0	0.0	0.0	0.0	128.4820228158293	0.0	0.0	0.0	0.0	0.0	0.0	0.0	0.0	0.0
GSM4138112_HNSCC_2_PBMC_ATCTGCCCACCACGTG	66.73392373058918	58.00119312089748	82.63377181272833	0.0	94.03852423133	0.0	0.0	86.22828436863482	0.0	0.0	0.0	0.0	0.0	0.0	0.0	0.0	0.0	0.0	0.0	0.0	0.0	0.0	0.0	0.0	0.0	0.0	0.0	0.0	0.0	0.0	0.0	0.0	0.0	0.0	0.0
GSM4138112_HNSCC_2_PBMC_ATGCGATGTTCCTCCA	72.49658838106977	0.0	0.0	76.04690579325947	0.0	35.83549685239271	0.0	0.0	0.0	0.0	0.0	38.57810057311002	27.057219343303945	0.0	0.0	6.049458897433426	0.0	52.07256672200051	0.0	0.0	14.885311239939657	0.0	0.0	0.0	0.0	0.0	0.0	0.0	0.0	0.0	0.0	0.0	0.0	0.0	0.0
GSM4138112_HNSCC_2_PBMC_ATTATCCAGACAATAC	92.38759820034939	0.0	0.0	17.478980716106687	0.0	50.880573921071516	22.657478659226598	0.0	0.0	32.163719305001806	10.12048304551825	0.0	0.0	0.0	0.0	52.73451797907403	0.0	0.0	106.24250391218696	0.0	0.0	0.0	0.0	1.7971598180595856	0.0	0.0	0.0	0.0	4.9592217346833865	0.0	0.0	0.0	0.0	0.0	0.0
GSM4138112_HNSCC_2_PBMC_ATTTCTGCAGGTTTCA	60.845571619249895	0.0	171.2975251650144	0.0	0.0	0.0	0.0	0.0	0.0	0.0	0.0	0.0	33.87789073391536	0.0	28.023560324499492	0.0	0.0	0.0	0.0	0.14455040506968664	30.930742747061167	0.0	0.0	0.0	0.0	0.0	0.0	0.0	0.0	0.0	0.0	0.0	0.0	0.0	0.0
GSM4138112_HNSCC_2_PBMC_CAACCTCCAACAACCT	44.03913460619034	86.14168497942431	0.0	20.304306445624857	60.23967093244302	0.0	0.0	0.0	38.30492933794975	0.0	0.0	0.0	0.0	0.0	0.0	0.0	0.0	0.0	0.0	0.0	0.0	0.0	0.0	0.0	0.0	0.0	0.0	0.0	0.0	0.0	0.0	0.0	0.0	0.0	0.0
GSM4138112_HNSCC_2_PBMC_CAAGAAACAAGTCTAC	31.65738836662175	83.21231548598637	0.0	111.8263299052459	116.9236828831113	0.0	0.0	0.0	0.0	0.0	0.0	0.0	0.0	0.0	0.0	0.0	0.0	2.9123199612689668	0.0	0.0	0.0	0.0	0.0	0.0	0.0	0.0	0.0	0.0	0.0	0.0	0.0	0.0	0.0	0.0	0.0
GSM4138112_HNSCC_2_PBMC_CAAGGCCGTAGCTCCG	85.28577808907419	0.0	22.388838657313865	89.68077505589223	61.25050068926812	0.0	0.0	0.0	0.0	0.0	0.0	0.0	0.0	0.0	0.0	0.0	11.490114232245402	0.0	0.0	0.0	0.0	0.0	0.0	45.38658907352724	0.0	0.0	60.10994442251955	0.0	0.0	0.0	0.0	0.0	0.0	0.0	0.0
GSM4138112_HNSCC_2_PBMC_CAAGTTGAGCAGCGTA	44.35682243680295	0.0	0.0	77.53661993026147	0.0	0.0	3.5480851594046907	0.0	0.0	0.0	0.0	44.21777656821407	29.133871887045423	0.0	0.0	0.0	0.0	0.0	0.0	0.0	33.277617711734734	0.0	0.0	0.0	0.0	0.0	0.0	0.0	0.0	0.0	0.0	0.0	0.0	0.0	0.0
GSM4138112_HNSCC_2_PBMC_CACCACTCACAGGTTT	89.3993822671209	0.0	0.0	0.0	0.0	0.0	24.70900364659718	0.0	61.25718888019459	80.38022888489085	0.0	3.9751159988377562	0.0	74.16273146780911	99.9511754249952	0.0	0.0	0.0	0.0	0.0	0.0	0.0	0.0	0.0	19.661772516193185	0.0	0.0	0.0	0.0	0.0	0.0	0.0	0.0	0.0	0.0
GSM4138112_HNSCC_2_PBMC_CAGAGAGGTGGCCCTA	23.42093641012387	82.10105129956278	0.0	32.4274348203742	0.0	0.0	0.0	63.95904032661609	0.0	44.4234787462977	0.0	19.76990029268569	0.0	0.0	0.0	0.0	0.0	0.0	0.0	0.0	0.0	0.0	0.0	0.0	0.0	0.0	0.0	0.0	0.0	0.0	0.0	0.0	0.0	0.0	0.0
GSM4138112_HNSCC_2_PBMC_CAGCAGCCAATCACAC	107.6464309473167	0.0	0.0	0.0	0.0	0.0	208.79025766178052	0.0	0.0	0.0	0.0	68.27080094972737	0.0	0.0	0.0	0.0	0.0	63.73035917376106	0.0	0.0	0.0	0.0	0.0	0.0	0.0	0.0	0.0	0.0	0.0	0.0	0.0	0.0	0.0	0.0	0.0
GSM4138112_HNSCC_2_PBMC_CAGCATAAGAAGAAGC	82.01236626110527	0.0	88.9750015782992	0.0	0.0	0.0	0.0	0.0	0.0	0.0	0.0	0.0	0.0	0.0	55.91317596917485	0.0	0.0	0.0	0.0	0.0	0.0	0.0	0.0	0.0	0.0	0.0	0.0	24.293285594693995	0.0	0.0	0.0	0.0	0.0	0.0	0.0
GSM4138112_HNSCC_2_PBMC_CAGCTAAAGGACACCA	70.52722809189625	0.0	0.0	108.52087505011765	0.0	0.0	0.0	0.0	0.0	0.0	0.0	89.06078308093029	0.0	0.0	0.0	0.0	0.0	61.34394942299332	0.0	0.0	0.0	0.0	24.844401596506092	0.0	0.0	1.0340806864167895	0.0	0.0	0.0	0.0	0.0	0.0	0.0	0.0	0.0
GSM4138112_HNSCC_2_PBMC_CAGCTGGGTCCAGTTA	132.86508426647669	0.0	227.54490570000453	0.0	0.0	39.78518955634372	0.0	0.0	0.0	0.0	0.0	0.0	0.0	0.0	108.30608930328914	0.0	0.0	0.0	0.0	116.53198430342485	0.0	0.0	25.873079058115497	0.0	0.0	0.0	0.0	0.0	0.0	0.0	0.0	0.0	24.37533765279169	0.0	0.0
GSM4138112_HNSCC_2_PBMC_CATCGAAAGAAGGGTA	82.16447156620958	0.0	0.0	0.0	37.12422570122981	4.830355201635874	63.01586130417859	0.0	0.0	0.0	0.0	0.0	0.0	24.55636813555503	42.09911137697584	0.0	0.0	0.0	0.0	0.0	0.0	0.0	0.0	0.0	0.0	0.0	0.0	0.0	3.860028936409485	0.0	0.0	0.0	11.024061438456386	0.0	0.0
GSM4138112_HNSCC_2_PBMC_CATGCCTTCTGGTGTA	133.96553517637767	0.0	0.0	0.0	0.0	153.35692546705133	288.5320461914881	0.0	0.0	0.0	53.98877844619221	0.0	0.0	0.0	0.0	0.0	0.0	0.0	0.0	0.0	0.0	0.0	0.0	0.0	0.0	0.0	0.0	76.87340728696894	0.0	0.0	0.0	0.0	0.0	0.0	0.0
GSM4138112_HNSCC_2_PBMC_CATTATCAGCAGATCG	42.99647226039559	0.0	131.0204342172694	0.0	0.0	75.39005153693245	0.0	0.0	0.0	30.164486985124107	10.437376819929417	10.99498517676237	4.39601761776936	0.0	0.0	0.0	0.0	0.0	0.0	0.0	0.0	0.0	0.0	0.0	0.0	0.0	0.0	0.0	0.0	0.0	0.0	0.0	0.0	0.0	0.0
GSM4138112_HNSCC_2_PBMC_CCATTCGAGCGATATA	141.76660035976457	0.0	0.0	0.0	0.0	112.03108542467524	182.17079367849874	0.0	0.0	0.0	0.0	38.92197597552141	104.12275483477259	0.0	0.0	0.0	0.0	0.0	0.0	0.0	0.0	0.0	0.0	0.0	0.0	0.0	0.0	0.0	0.0	0.0	0.0	0.0	0.0	0.0	0.0
GSM4138112_HNSCC_2_PBMC_CCATTCGGTGTGAATA	90.29960704758497	31.73999596347595	0.0	0.0	67.53370051899152	84.0174041301479	91.6397602772348	0.0	0.0	0.0	0.0	0.0	0.0	44.815223187805685	0.0	0.0	0.0	0.0	0.0	0.0	0.0	0.0	0.0	0.0	0.0	0.0	0.0	0.0	0.0	0.0	0.0	0.0	0.0	0.0	0.0
GSM4138112_HNSCC_2_PBMC_CCCAATCCACACATGT	121.10963895909869	0.0	0.0	77.22852791231176	0.0	0.0	93.09314738198267	0.0	0.0	0.0	35.81942038764746	0.0	0.0	5.8540769532647605	146.8183760543653	0.0	0.0	0.0	0.0	0.0	0.0	0.0	0.0	0.0	0.0	10.656625708672793	0.0	79.57249333921528	0.0	0.0	0.0	0.0	0.0	0.0	0.0
GSM4138112_HNSCC_2_PBMC_CCCAATCTCAACACCA	68.27471995422198	0.0	0.0	0.0	46.52067447974329	62.778036324981215	0.0	0.0	0.0	0.0	0.0	0.0	0.0	0.0	11.758700746874672	123.05585551379076	0.0	0.0	0.0	0.0	0.0	0.0	0.0	0.0	0.0	0.0	0.0	0.0	0.0	0.0	0.0	0.0	0.5738462800572379	0.0	0.0
GSM4138112_HNSCC_2_PBMC_CCCTCCTAGACAAGCC	63.27924069346504	0.0	0.0	44.39199325238426	0.0	0.0	38.32337345125371	0.0	0.0	0.0	25.150943204565035	0.0	0.0	0.0	0.0	0.0	0.0	0.0	0.0	0.0	53.72574002030251	0.0	0.0	0.0	0.0	0.0	0.0	18.716837286266177	0.0	0.0	0.0	0.0	0.0	0.0	0.0
GSM4138112_HNSCC_2_PBMC_CCTCAGTCACCAGATT	57.128094703615254	55.13250934406794	47.24834189150955	0.0	17.870161011049838	0.0	0.0	79.43562408744191	0.0	0.0	0.0	21.247862931414023	17.494773633323256	0.0	0.0	0.0	0.0	0.0	0.0	0.0	0.0	0.0	0.0	0.0	0.0	0.0	0.0	0.0	0.0	0.0	0.0	0.0	0.0	0.0	0.0
GSM4138112_HNSCC_2_PBMC_CCTCTGACACTCAGGC	44.46314614198561	0.0	0.0	0.0	0.0	0.0	0.0	0.0	0.0	0.0	0.0	0.0	0.0	150.88406032402645	0.0	0.0	0.0	73.98387400627115	0.0	59.22835516030382	0.0	0.0	0.0	0.0	9.253125989571972	0.0	0.0	0.0	0.0	0.0	0.0	0.0	0.0	0.0	0.0
GSM4138112_HNSCC_2_PBMC_CCTTACGGTGTGACCC	100.48707312235274	135.76859378351352	179.30060348039137	0.0	0.0	0.0	0.0	0.0	0.0	0.0	0.0	0.0	120.60500840782665	0.0	0.0	0.0	0.0	0.0	0.0	0.0	0.0	0.0	0.0	0.0	0.0	0.0	0.0	0.0	0.0	0.0	0.0	0.0	0.0	0.0	0.0
GSM4138112_HNSCC_2_PBMC_CCTTCCCTCCAATGGT	51.60053304604431	0.0	0.0	34.332932328180306	0.0	0.0	0.0	0.0	47.150828975365606	61.367375705719056	0.0	0.0	0.0	0.0	58.84529718725973	0.0	0.0	0.0	55.687476215970854	0.0	0.0	0.0	0.0	0.0	0.0	0.0	0.0	0.0	0.0	0.0	0.0	0.0	0.0	0.0	0.0
GSM4138112_HNSCC_2_PBMC_CGAGAAGGTGCCTGTG	90.19387746422898	0.0	0.0	81.53997566058442	58.948636699218625	0.0	0.0	12.98026430336757	9.745545868996205	0.0	0.0	0.0	0.0	0.0	97.92347586658964	12.491342694567022	0.0	0.0	0.0	0.0	0.0	0.0	0.0	0.0	0.0	0.0	0.0	0.0	0.0	0.0	0.0	0.0	0.0	0.0	0.0
GSM4138112_HNSCC_2_PBMC_CGAGCCAAGGTCATCT	79.15141512712786	0.0	89.74673465522059	0.0	20.526624925509303	0.0	0.0	0.0	0.0	0.0	0.0	0.15980889320354172	0.0	0.0	0.0	0.0	0.0	0.0	0.0	39.36316812299069	0.0	0.0	0.0	0.0	0.0	0.0	0.0	0.0	0.0	0.0	0.0	0.0	0.0	0.0	30.28990543114541
GSM4138112_HNSCC_2_PBMC_CGATCGGAGTACATGA	76.58663343231936	0.0	0.0	0.0	0.0	87.15444564476518	44.55393268039373	12.504429031493036	0.0	0.0	0.0	0.0	59.96577020481979	40.0009003489814	0.0	0.0	0.0	0.0	0.0	0.0	0.0	0.0	0.0	0.0	0.0	0.0	0.0	0.0	0.0	0.0	0.0	0.0	0.0	0.0	0.0
GSM4138112_HNSCC_2_PBMC_CGCCAAGCAATGACCT	328.4581444716211	0.0	177.35756448737362	0.0	81.0477022514467	117.92089244443304	0.0	0.0	0.0	0.0	0.0	0.0	0.0	0.0	0.0	0.0	0.0	0.0	0.0	0.0	0.0	0.0	0.0	0.0	0.0	0.0	0.0	0.0	0.0	0.0	0.0	15.463964376248251	0.0	0.0	0.0
GSM4138112_HNSCC_2_PBMC_CGCCAAGGTCCGCTGA	140.91968921945215	0.0	0.0	0.0	28.881876925490776	171.39242687494115	271.1260553555144	0.0	0.0	43.801287218359164	57.44596143400009	0.0	0.0	0.0	0.0	0.0	0.0	0.0	0.0	0.0	0.0	0.0	0.0	0.0	0.0	0.0	0.0	0.3944994380303234	24.250028094966137	0.0	0.0	0.0	0.0	0.0	0.0
GSM4138112_HNSCC_2_PBMC_CGCTGGAAGTACCGGA	88.3364267322588	83.15283903824344	0.0	65.8134607983858	0.0	0.0	2.8934642656877014	0.0	0.0	0.0	0.0	0.0	15.807477787595161	0.0	0.0	0.0	0.0	0.0	0.0	30.37354098454203	0.0	0.0	0.0	0.0	0.0	0.0	0.0	0.0	0.0	0.0	0.0	0.0	0.0	0.0	0.0
GSM4138112_HNSCC_2_PBMC_CGCTTCATCCGCGGTA	123.09859431741548	207.92243837591062	0.0	259.9474052406664	94.57992297986108	0.0	27.538491827657037	0.0	0.0	0.0	17.650592771759815	0.0	0.0	0.0	0.0	0.0	0.0	0.0	0.0	0.0	0.0	0.0	0.0	0.0	0.0	0.0	0.0	0.0	0.0	0.0	0.0	0.0	0.0	0.0	0.0
GSM4138112_HNSCC_2_PBMC_CGGACACGTTCAGTAC	100.04502048339761	0.0	0.0	84.12925576207093	82.17631819620736	0.0	0.0	0.0	89.75626210478053	0.0	0.0	0.0	0.0	0.0	0.0	0.0	0.0	0.0	0.0	0.0	78.66483176857155	0.0	0.0	0.0	0.0	0.0	0.0	0.0	0.0	0.0	0.0	0.0	0.0	0.0	0.0
GSM4138112_HNSCC_2_PBMC_CGGACGTTCCAAGTAC	109.64748656815219	118.6143858616818	0.0	39.98322640868324	84.54491329987884	0.0	29.561898275120782	0.0	0.0	0.0	0.0	0.0	0.0	57.69674416020662	0.0	0.0	0.0	0.0	0.0	0.0	0.0	0.0	0.0	0.0	0.0	0.0	0.0	0.0	0.0	0.0	0.0	0.0	0.0	0.0	0.0
GSM4138112_HNSCC_2_PBMC_CGTAGGCGTGTCTGAT	48.710409467085974	72.9471193065225	30.498349438892898	0.0	51.812095323057896	0.0	0.0	0.0	0.0	0.0	0.0	0.0	0.0	0.0	0.0	0.0	0.0	0.0	0.0	0.0	0.0	0.0	0.0	0.0	0.0	0.0	0.0	0.0	0.0	0.0	0.0	0.0	0.0	0.0	0.0
GSM4138112_HNSCC_2_PBMC_CGTTGGGCAAAGAATC	109.82951325274523	34.44220259733775	0.0	44.22715315250828	0.0	0.0	70.0683882003464	0.0	0.0	0.0	0.0	0.0	0.0	0.0	0.0	0.0	0.0	0.0	0.0	0.0	0.0	0.0	0.0	0.0	0.0	0.0	0.0	23.777734947318695	0.0	0.0	0.0	0.0	0.0	0.0	0.0
GSM4138112_HNSCC_2_PBMC_CTAAGACAGATGAGAG	86.79783485074852	87.36566315569303	14.930031914818853	0.0	47.72876508770189	0.0	0.0	0.0	82.02436430031854	0.0	0.0	0.0	0.0	0.0	0.0	0.0	0.0	0.0	0.0	0.0	0.0	0.0	0.0	0.0	0.0	0.0	0.0	0.0	0.0	0.0	0.0	0.0	0.0	1.6483202189500685	0.0
GSM4138112_HNSCC_2_PBMC_CTACACCAGTGGACGT	69.37023930855338	0.0	155.54244215116208	48.80822830810189	41.275711193096875	82.09583700536642	0.0	0.0	0.0	0.0	84.39122082676506	0.0	0.0	0.0	0.0	0.0	0.0	0.0	0.0	0.0	0.0	0.0	0.0	0.0	0.0	0.0	0.0	0.0	0.3727258341177238	0.0	0.0	0.0	0.0	0.0	0.0
GSM4138112_HNSCC_2_PBMC_CTACGTCGTCTTGCGG	102.80943257011312	125.575075579407	153.63287838940832	0.0	27.610804931101228	0.0	0.0	0.0	0.0	50.09434746372641	0.0	0.0	0.0	0.0	0.0	0.0	0.0	0.0	0.0	0.0	0.0	0.0	0.0	0.0	0.0	0.0	0.0	0.0	0.0	0.0	0.0	0.0	0.0	0.0	0.0
GSM4138112_HNSCC_2_PBMC_CTCATTATCATCGGAT	63.046558641822344	0.0	0.0	0.0	0.0	0.0	0.0	97.72847570789702	0.0	0.0	0.0	0.0	0.0	0.0	131.7099534492448	0.0	0.0	0.0	0.0	53.55878581784496	0.0	21.027822167754312	0.0	0.0	0.0	0.0	0.0	0.0	0.0	0.0	0.0	0.0	0.0	0.0	0.0
GSM4138112_HNSCC_2_PBMC_CTCGAGGAGAAGGTGA	52.77466361025011	0.0	0.0	0.0	0.0	82.67042668183545	67.85006990888411	0.0	0.0	29.186261866939383	15.22236034084464	0.0	0.0	69.67882358219266	0.0	2.806351200690809	0.0	0.0	0.0	0.0	0.0	0.0	0.0	0.0	1.914067533325108	0.0	0.0	0.0	0.0	0.0	0.0	0.0	0.0	0.0	0.0
GSM4138112_HNSCC_2_PBMC_CTCGGGAGTACTCTCC	95.21415824538464	2.337539737819291	85.97674081753384	0.0	129.18563058395168	74.12604350180317	0.0	0.0	49.99367240165974	0.0	0.0	0.0	0.0	69.88528903299039	0.0	0.0	0.0	0.0	37.31168781732719	0.0	0.0	6.951468303148868	0.0	0.0	0.0	0.0	0.0	0.0	0.0	0.0	0.0	0.0	0.0	0.0	0.0
GSM4138112_HNSCC_2_PBMC_CTGATAGGTTACGCGC	60.92486812583994	127.7820720990973	32.61442326312258	52.715778282109945	0.0	0.0	12.312773811804835	13.136002923669066	0.0	35.51935355298404	1.073653291853954	44.37366950193408	0.0	4.398855361014595	0.0	0.0	0.0	0.0	0.0	0.0	0.0	0.0	0.0	0.0	0.0	0.0	0.0	0.0	0.0	0.0	0.0	0.0	0.0	0.0	0.0
GSM4138112_HNSCC_2_PBMC_CTGCCTAAGCCTCGTG	80.16524922198829	0.0	0.0	0.0	0.0	0.0	73.7044536380267	0.0	0.0	0.0	0.0	34.92011350736381	0.0	16.11327844217971	140.54807111621915	0.0	0.0	0.0	0.0	0.0	0.0	0.0	0.0	0.0	0.0	5.851426284308131	0.0	19.815852188415636	0.0	0.0	0.0	0.0	0.0	0.0	0.0
GSM4138112_HNSCC_2_PBMC_CTGCGGAGTCATTAGC	64.2190036880766	0.0	0.0	0.0	0.0	0.0	68.31124927123196	0.0	0.0	0.0	0.0	67.80103714633137	0.0	10.998305281368744	0.0	0.0	0.0	0.0	61.03877022898673	0.0	0.0	0.0	0.0	0.0	0.0	0.0	0.0	0.0	0.0	0.0	0.0	0.0	0.0	0.0	0.0
GSM4138112_HNSCC_2_PBMC_CTTAACTCACGGTTTA	99.10675020822124	0.0	89.40919157083884	47.001627991979525	122.52065992368367	34.76593428282904	0.0	0.0	0.0	0.0	0.0	0.0	0.0	0.0	0.0	0.0	0.0	0.0	0.0	0.0	0.0	0.0	0.0	0.0	0.0	0.0	0.0	0.0	160.6362135584884	0.0	1.8372744218070733	0.0	0.0	0.0	0.0
GSM4138112_HNSCC_2_PBMC_CTTCTCTTCGAGGTAG	106.32167581049593	68.1484247005799	14.899933136612903	125.98438899913762	80.07885759944061	0.0	0.0	0.0	0.0	0.0	0.0	0.0	0.0	0.0	0.0	0.0	0.0	0.0	0.0	0.0	49.03984408062671	0.0	0.0	0.0	0.0	0.0	0.0	0.0	0.0	0.0	0.0	0.0	0.0	0.0	0.0
GSM4138112_HNSCC_2_PBMC_CTTTGCGCACACTGCG	45.357443557513854	0.0	0.0	92.58133045186361	51.274597813630976	0.0	0.0	0.0	0.0	0.0	0.0	0.0	0.0	0.0	0.0	0.0	0.0	0.0	0.0	0.0	0.0	0.0	104.99205322757999	0.0	0.0	0.0	0.0	0.0	0.0	0.0	0.0	0.0	0.0	0.0	0.0
GSM4138112_HNSCC_2_PBMC_GAAACTCAGGAATGGA	79.00531615758136	0.0	0.0	109.7977008951753	0.0	66.97440994970398	0.0	0.0	0.0	0.0	0.0	0.0	0.0	0.0	0.0	0.0	0.0	0.0	0.0	0.0	0.0	0.0	0.0	0.0	0.0	95.97101235025434	0.0	0.0	0.0	0.0	0.0	0.0	0.0	0.0	0.0
GSM4138112_HNSCC_2_PBMC_GAATAAGGTCTCGTTC	168.10194506383897	0.0	0.0	89.79588499123228	0.0	73.3393221853162	49.546292174152384	2.3521357884149667	0.0	0.0	89.40032915070933	0.0	0.0	0.0	0.0	0.0	0.0	0.0	41.39403410651747	0.0	0.0	0.0	0.0	0.0	0.0	0.0	0.0	27.285500491943896	2.4123359117685403	0.0	0.0	0.0	0.0	0.0	0.0
GSM4138112_HNSCC_2_PBMC_GAATGAAGTGTCGCTG	158.2441744861329	153.1702354338239	0.0	109.46937107949758	4.123787288948373	0.0	118.68119708775242	0.0	0.0	79.69008836598543	60.66309166046504	0.0	0.0	0.0	0.0	0.0	0.0	0.0	0.0	0.0	0.0	0.0	0.0	0.0	0.0	0.0	0.0	0.0	0.0	0.0	0.0	0.0	0.0	0.0	0.0
GSM4138112_HNSCC_2_PBMC_GACACGCGTGGTTTCA	52.779889544649464	0.0	0.0	70.53483661933849	0.0	0.0	0.0	0.0	0.0	0.0	0.0	0.0	34.3240350224925	41.72820868786189	68.92444426527966	0.0	0.0	0.0	29.57348601029622	0.0	0.0	0.0	0.0	0.0	31.271205532394127	0.0	0.0	0.0	0.0	0.0	0.0	0.0	0.0	0.0	0.0
GSM4138112_HNSCC_2_PBMC_GACAGAGTCTGTTTGT	35.96838017721041	0.0	114.04573802361156	0.0	0.0	0.0	0.0	0.0	0.0	56.46204342050867	18.677449244047715	0.0	0.0	0.0	54.009934411705274	0.0	0.0	0.0	2.1372528181874824	0.0	0.0	0.0	0.0	0.0	0.0	0.0	0.0	0.0	0.0	0.0	0.0	0.0	0.0	0.0	0.0
GSM4138112_HNSCC_2_PBMC_GACCAATAGCCCAGCT	108.942526576943	0.0	0.0	26.077140121243875	0.0	39.7973360228146	21.939968049370577	0.0	8.686319044068501	0.0	18.69035702663104	0.0	0.0	30.795214811993684	0.0	0.0	0.0	0.0	0.0	66.628137663111	0.0	0.0	0.0	46.5566408061749	0.0	0.0	0.0	0.0	0.0	0.0	0.0	0.0	0.0	0.0	0.0
GSM4138112_HNSCC_2_PBMC_GACTACAGTGCAACGA	53.260017936545324	0.0	0.0	70.98411194426313	0.0	0.0	0.0	0.0	0.0	0.0	0.0	0.0	100.1078985988412	15.366006328718042	0.0	0.0	0.0	0.0	0.0	0.0	0.0	0.0	0.0	23.950748161590514	0.0	0.0	64.13111598315052	0.0	0.0	0.0	0.0	0.0	0.0	0.0	0.0
GSM4138112_HNSCC_2_PBMC_GACTGCGCATACTCTT	86.09778475684169	0.0	48.50011207501572	50.56736395544239	72.0248781607657	0.0	0.0	0.0	0.0	0.0	0.0	0.0	0.0	0.0	0.0	0.0	114.67053530738272	0.0	0.0	0.0	0.0	0.0	0.0	0.0	0.0	0.0	0.0	0.0	0.0	0.0	0.0	0.0	0.0	0.0	0.0
GSM4138112_HNSCC_2_PBMC_GATCGATCACGTGAGA	90.94222784975182	37.02345883519246	0.0	144.15658498241305	0.0	11.004167915047788	0.0	0.0	0.0	85.79327058834019	0.0	0.0	0.0	0.0	0.0	0.0	0.0	0.0	0.0	0.0	63.74745312411412	0.0	0.0	0.0	0.0	2.5058245064547844	0.0	0.0	0.0	0.0	0.0	0.0	0.0	0.0	0.0
GSM4138112_HNSCC_2_PBMC_GATCGCGAGGTGGGTT	56.78140669661255	90.7672892505021	132.70392849310588	0.0	92.25803489235994	0.0	0.0	0.0	0.0	0.0	0.0	0.0	0.0	0.0	0.0	0.0	0.0	0.0	0.0	0.0	0.0	0.0	0.0	0.0	0.0	0.0	0.0	0.0	0.0	0.0	0.0	0.0	0.0	0.0	0.0
GSM4138112_HNSCC_2_PBMC_GATTCAGGTAGCGCAA	101.030912089454	0.0	177.68421414855584	0.0	12.910951994853612	0.0	0.0	0.0	0.0	0.0	34.915201682896644	0.0	42.395565466906504	0.0	0.0	0.0	0.0	0.0	125.17315799084021	2.365497342289784	0.0	0.0	0.0	0.0	0.0	0.0	0.0	1.5353772960401029	0.0	0.0	0.0	0.0	0.0	0.0	0.0
GSM4138112_HNSCC_2_PBMC_GCACATAGTTCACCTC	38.206925133740995	0.5622670756825227	102.50312668617855	0.0	0.0	0.0	0.0	0.0	0.0	0.0	0.0	0.0	55.963203043871985	0.0	0.0	0.0	0.0	0.0	0.0	0.0	0.0	0.0	14.304141319058056	1.4680719407043428	0.0	0.0	57.21250526322648	0.0	0.0	1.100310831489109	0.0	0.0	0.0	0.0	0.0
GSM4138112_HNSCC_2_PBMC_GCAGTTAAGGCTAGAC	90.65306079051061	0.30507413400345734	28.70972865754006	0.0	4.561428613367748	0.0	0.0	0.0	0.0	0.0	80.13259996561155	0.0	0.0	0.0	152.36767691912706	174.887753854851	0.0	0.0	0.0	0.0	0.0	0.0	0.0	0.0	0.0	0.0	0.0	0.0	0.0	0.0	0.0	0.0	0.0	0.0	0.0
GSM4138112_HNSCC_2_PBMC_GCATACACACGGCGTT	121.91718551504088	132.0885209261155	3.770717282925516	113.85549027514269	108.16931116463589	0.0	0.0	0.0	107.72805153631674	0.0	0.0	0.0	0.0	0.0	0.0	0.0	0.0	0.0	0.0	0.0	0.0	0.0	0.0	0.0	0.0	0.0	0.0	0.0	0.0	0.0	0.0	0.0	0.0	0.0	0.0
GSM4138112_HNSCC_2_PBMC_GCATACACAGCAGTTT	46.82409330615183	27.320408004086218	0.0	0.0	0.0	40.79825676253689	102.42042669046195	0.0	0.0	0.0	0.0	0.0	0.0	0.0	0.0	0.0	0.0	0.0	0.0	33.51594279837661	0.0	0.0	0.0	0.0	0.0	0.0	0.0	0.0	0.0	0.0	0.0	0.0	0.0	0.0	0.0
GSM4138112_HNSCC_2_PBMC_GCATGATCACCGATAT	109.93319714630363	0.0	0.0	74.22170698980774	0.0	0.0	23.03848730448089	0.0	0.0	60.84642888619753	0.0	10.838777199196658	0.0	0.0	0.0	0.0	0.0	37.70808567910321	8.592568700701694	0.0	0.0	0.0	36.43789076264352	0.0	0.0	16.723696546426687	0.0	0.0	35.74219239512107	0.0	0.0	0.0	0.0	0.0	0.0
GSM4138112_HNSCC_2_PBMC_GCATGATCACTGTTAG	57.320954440248975	0.0	0.0	85.92517514215434	45.98404461621284	0.0	43.25721736657727	0.0	0.0	0.0	0.0	0.0	0.0	0.0	0.0	0.0	0.0	0.0	0.0	0.0	0.0	0.0	0.0	99.78511931042411	0.0	0.0	0.0	1.210627179359288	0.0	0.0	0.0	0.0	0.0	0.0	0.0
GSM4138112_HNSCC_2_PBMC_GCATGATCATCACCCT	57.076700465912516	0.0	0.0	0.0	63.378500428665824	56.44673688528807	11.068785933867204	0.0	0.0	0.0	0.0	0.0	0.0	0.0	0.0	117.67763534030745	0.0	0.0	0.0	5.069778978315704	0.0	0.0	0.0	0.0	0.0	0.0	0.0	0.0	0.0	0.0	0.0	0.0	0.0	0.0	0.0
GSM4138112_HNSCC_2_PBMC_GCATGCGAGCTGATAA	70.3271020261975	144.0275988855199	183.91213861067192	0.0	86.91535150321803	0.0	0.0	0.0	0.0	0.0	0.0	0.0	0.0	0.0	0.0	0.11092836446004105	0.0	0.0	0.0	0.0	0.0	0.0	0.0	0.0	0.0	0.0	0.0	0.0	0.0	0.0	0.0	0.0	0.0	0.0	0.0
GSM4138112_HNSCC_2_PBMC_GCATGCGCAATCGGTT	36.13001397666395	40.29970510463299	0.0	12.895917114050633	0.0	0.0	30.08274851522415	38.06768929689933	0.0	0.0	125.58583438444185	0.0	0.0	0.0	0.0	0.0	0.0	0.0	0.0	0.0	0.0	0.0	0.0	0.0	0.0	0.0	0.0	0.0	0.0	0.0	0.0	0.0	0.0	0.0	0.0
GSM4138112_HNSCC_2_PBMC_GCGACCAGTCATTAGC	115.38360808901068	183.92522854730151	0.0	0.0	0.0	0.0	0.0	0.0	0.0	140.92598413317523	0.0	0.0	0.0	0.0	0.0	215.40169013219872	0.0	0.0	0.0	0.0	0.0	0.0	0.0	0.0	0.0	0.0	0.0	0.0	0.0	0.0	0.0	0.0	0.0	0.0	0.0
GSM4138112_HNSCC_2_PBMC_GCGAGAATCGCCTGAG	88.27847673371416	0.0	0.0	0.0	63.024097541187885	0.0	0.0	0.0	196.06437764626224	6.253331202185615	0.0	0.0	0.0	0.0	0.0	0.0	0.0	0.0	0.0	0.0	0.0	117.34185254159549	0.0	0.0	0.0	0.0	0.0	10.89162196847899	0.0	0.0	0.0	0.0	0.0	0.0	0.0
GSM4138112_HNSCC_2_PBMC_GCTCTGTCACGGTAAG	42.03870306869856	75.18471693411512	0.0	0.0	0.0	0.0	55.586352738438265	0.0	0.0	69.60106389875968	0.0	0.0	0.0	7.912622909904897	0.0	0.0	0.0	0.0	0.0	0.0	0.0	0.0	0.0	0.0	38.82540644754539	0.0	0.0	0.0	0.0	0.0	0.0	0.0	0.0	0.0	0.0
GSM4138112_HNSCC_2_PBMC_GCTGCAGAGTGCCATT	71.50906281396308	38.75804336956324	0.0	0.0	0.0	0.0	40.039355336059195	38.71986493308213	0.0	0.0	0.0	79.55345124236742	0.0	12.152441383897495	0.0	0.0	0.0	39.619855215278854	0.0	0.0	0.0	0.0	0.0	0.0	0.0	0.0	0.0	0.0	0.0	0.0	0.0	0.0	0.0	0.0	0.0
GSM4138112_HNSCC_2_PBMC_GGACAAGGTAGATTAG	175.71988489542247	203.21599374987795	0.0	124.29315787387273	26.3755474682587	0.0	14.037446135272921	0.0	0.0	0.0	8.546991626922459	0.0	0.0	0.0	0.0	96.99228656341882	0.0	0.0	0.0	11.25478203992856	0.0	0.0	0.0	0.0	0.0	0.0	0.0	15.493380995695775	0.0	0.0	0.0	0.0	0.0	34.417051415949615	0.0
GSM4138112_HNSCC_2_PBMC_GGAGCAAAGATGGGTC	97.85270391233091	159.91079867935122	63.3964265863403	79.14633621238544	14.944178630108143	0.0	0.0	0.0	55.75985547518438	55.16120360961652	41.801487291776915	0.0	0.0	0.0	0.0	0.0	0.0	0.0	0.0	0.0	0.0	0.0	0.0	0.0	0.0	0.0	0.0	0.0	0.0	0.0	0.0	0.0	0.0	0.0	0.0
GSM4138112_HNSCC_2_PBMC_GGCAATTTCATCATTC	107.8125232944225	70.16630536146981	0.0	22.464124955277335	0.0	0.0	76.6880268188635	49.17959966218025	0.0	0.0	0.0	0.0	0.0	0.2090651204962696	0.0	0.0	0.0	0.0	0.0	81.10133023521523	0.0	0.0	0.0	0.0	0.0	0.0	0.0	0.0	0.0	0.0	0.0	0.0	0.0	0.0	0.0
GSM4138112_HNSCC_2_PBMC_GGGCACTCAATGGACG	124.74342562191883	173.18054318176576	0.0	0.0	42.212343393673194	0.0	0.0	183.83722749779048	0.0	0.0	0.0	0.0	27.525064256111893	0.0	0.0	0.0	0.0	0.0	0.0	0.0	0.0	11.672043728387184	0.0	0.0	0.0	0.0	0.0	0.0	0.0	0.0	0.0	0.0	0.0	0.0	0.0
GSM4138112_HNSCC_2_PBMC_GGGTTGCGTACATCCA	88.3766699431831	101.42522743255331	137.248174503779	0.0	21.61262636102765	0.0	0.0	0.0	0.0	0.0	0.0	0.0	33.49127824987039	0.0	0.0	0.0	0.0	0.0	0.0	4.348979829686001	0.0	0.0	0.0	0.0	0.0	0.0	0.0	0.0	0.0	0.0	0.0	0.0	0.0	0.0	0.0
GSM4138112_HNSCC_2_PBMC_GTAACGTGTATAATGG	53.26130291486499	0.0	56.00066386374145	35.32957318363672	0.0	0.0	0.0	0.0	0.0	0.0	0.0	0.0	63.32409472016681	0.0	0.0	0.0	119.36656051740334	0.0	0.0	0.0	0.0	0.0	0.0	0.0	0.0	0.0	0.0	0.0	0.0	0.0	0.0	0.0	0.0	0.0	0.0
GSM4138112_HNSCC_2_PBMC_GTCCTCAAGCTCCCAG	40.26569239736777	0.0	0.0	65.86660917537523	0.0	0.0	0.0	0.0	0.0	144.61942394489833	0.0	0.0	0.0	0.0	34.13115279924728	0.0	0.0	0.0	22.896318703073092	0.0	0.0	0.0	0.0	0.0	0.0	0.0	0.0	0.0	0.0	0.0	5.726715536504418	0.0	3.4773130486387513	0.0	0.0
GSM4138112_HNSCC_2_PBMC_GTCCTCAGTAGCGTAG	60.90718112569306	0.0	13.9539027083249	9.201569246256412	0.0	43.16064799253962	0.0	57.37607816966885	0.0	31.496333991028727	0.0	0.0	29.9607817217863	7.779950557729593	0.0	0.0	0.0	0.0	0.0	0.0	0.0	0.0	0.0	0.0	0.0	0.0	0.0	0.0	0.0	0.0	0.0	0.0	0.0	0.0	0.0
GSM4138112_HNSCC_2_PBMC_GTCCTCAGTGCGGTAA	96.32306045333118	0.0	0.0	106.9322237256072	60.16260397854445	79.5126552630298	15.267122557691645	0.0	0.0	0.0	25.568723123873347	0.0	0.0	16.368470601057297	21.269169828752798	0.0	0.0	0.0	0.0	0.0	0.0	0.0	0.0	0.0	0.0	0.0	0.0	0.0	0.0	0.0	0.0	0.0	0.0	0.0	0.0
GSM4138112_HNSCC_2_PBMC_GTCGGGTGTAAGTGGC	95.38140050490487	0.0	37.17039406084016	77.63361732217497	58.37866856085939	98.39478858746143	0.0	0.0	0.0	4.773933259272972	37.02380562763615	0.0	0.0	0.0	0.0	49.250019421841245	0.0	0.0	22.289243889767487	0.0	0.0	0.0	0.0	0.0	0.0	0.0	0.0	0.0	0.0	0.0	0.0	0.0	0.0	0.0	0.0
GSM4138112_HNSCC_2_PBMC_GTCGTAAAGTACACCT	67.59631798228713	111.38780857287725	0.0	45.682504111935785	64.2091291404528	0.0	0.0	0.0	23.76412085590451	0.0	0.0	0.0	0.0	89.80628200534971	0.0	0.0	0.0	0.0	0.0	0.0	0.0	0.0	0.0	0.0	0.0	0.0	0.0	0.0	0.0	0.0	0.0	0.0	0.0	0.0	0.0
GSM4138112_HNSCC_2_PBMC_GTGGGTCTCTTAACCT	160.75474610016073	0.0	300.2349114808326	0.0	0.0	150.19021274712696	0.0	0.0	0.0	0.0	0.0	0.0	9.663484378100062	0.0	0.0	111.19861337312452	0.0	0.0	0.0	0.0	0.0	0.0	0.0	19.96557869378663	131.0737917655379	38.29461205908458	0.0	0.0	2.0554257646252454	0.0	0.0	0.0	0.0	0.0	0.0
GSM4138112_HNSCC_2_PBMC_GTGTGCGAGCCGCCTA	60.83034800495663	140.55321424539284	17.24802923244891	0.0	0.0	0.0	6.059217951551768	0.0	153.84295194587733	0.0	0.0	84.97606158618372	0.0	0.0	0.0	0.0	0.0	0.0	0.0	0.0	0.0	0.0	0.0	0.0	0.0	0.1931116584438928	0.0	0.0	0.0	0.0	0.0	0.0	0.0	0.0	0.0
GSM4138112_HNSCC_2_PBMC_GTTCTCGAGTAACCCT	93.717682707877	65.1307629865692	119.57182203723228	0.0	8.118459087785874	0.0	0.0	0.0	0.0	0.0	0.0	18.09167150702739	65.74511382528905	0.0	0.0	0.0	0.0	0.0	0.0	0.0	0.0	0.0	0.0	42.24803332397748	0.0	1.556024401153589	0.0	0.0	0.0	0.0	0.0	0.0	0.0	0.0	0.0
GSM4138112_HNSCC_2_PBMC_TAAGCGTCAGACGCCT	63.44927395128841	0.0	72.23813793929082	0.0	52.23084286306464	0.0	0.0	0.0	0.0	0.0	0.0	0.0	0.0	0.0	39.559713170007115	0.0	149.64706487125304	0.0	0.0	0.0	0.0	0.0	0.0	0.0	0.0	0.0	0.0	0.0	0.0	0.0	0.0	0.0	0.0	0.0	0.0
GSM4138112_HNSCC_2_PBMC_TACGGTATCAGCCTAA	81.48313061521588	4.621189235821068	0.0	0.0	0.0	125.38183958225879	124.52583196027675	0.0	0.0	119.8673624195042	0.0	0.0	0.0	39.34131768192742	0.0	0.0	0.0	0.0	0.0	0.0	0.0	0.0	0.0	0.0	0.0	0.0	0.0	0.0	0.0	0.0	0.0	0.0	0.0	0.0	0.0
GSM4138112_HNSCC_2_PBMC_TAGCCGGGTTCATGGT	50.232922507437294	56.70147208843919	118.41862460562074	0.0	9.688323152089227	0.0	0.0	0.0	0.0	5.955522919338401	10.436257599855363	0.0	0.0	0.0	0.0	0.0	0.0	0.0	0.0	0.0	0.0	0.0	0.0	0.0	0.0	9.696717047222021	0.0	0.0	0.0	0.0	0.0	0.0	0.0	0.0	0.0
GSM4138112_HNSCC_2_PBMC_TAGTGGTAGGATGGAA	53.17319855135299	98.27007823635344	4.017376260976617	0.0	0.0	0.0	85.530172656495	0.0	0.0	0.0	0.0	7.286936923772465	0.0	0.0	0.0	0.0	0.0	0.0	0.0	0.0	0.0	0.0	0.0	0.0	0.0	30.051715043944217	0.0	0.0	0.0	0.0	0.0	0.0	0.0	0.0	0.0
GSM4138112_HNSCC_2_PBMC_TAGTTGGGTCCATGAT	166.19972265620873	0.0	0.0	103.15027334928871	97.02462128450179	178.05428028753823	67.58988391105116	18.077140158637764	0.0	0.0	0.0	0.0	0.0	0.0	0.0	0.0	0.0	0.0	0.0	0.0	0.0	0.0	0.0	45.75118735189808	0.0	0.0	0.0	0.0	0.0	0.0	0.0	0.0	0.0	0.0	0.0
GSM4138112_HNSCC_2_PBMC_TATTACCCAGCTGTAT	159.0096366414095	0.0	321.412017077217	0.0	0.0	222.04910369325253	0.0	0.0	0.0	0.0	24.108379790889114	0.0	26.138893825195755	0.0	0.0	0.0	0.0	0.0	0.0	98.71741956834312	2.226835687813007	0.0	0.0	0.0	0.0	0.0	0.0	0.0	0.0	0.0	0.0	0.0	0.0	0.0	0.0
GSM4138112_HNSCC_2_PBMC_TCATTTGGTGTGGTTT	113.60146969292461	124.8464727152418	0.0	128.17729596193766	0.0	0.0	0.0	0.0	0.0	138.63061910725543	0.0	0.0	0.0	0.0	0.0	0.0	0.0	0.0	0.0	0.0	0.0	0.0	0.0	0.0	0.0	0.0	0.0	0.0	0.0	0.0	0.0	0.0	0.0	0.0	0.0
GSM4138112_HNSCC_2_PBMC_TCATTTGGTTGGAGGT	75.47959453372826	86.02463022004066	0.0	0.0	0.0	0.0	0.0	113.91954519470012	0.0	0.0	0.0	0.0	50.762869363511285	0.0	0.0	0.0	0.0	0.0	0.0	0.0	0.0	0.0	0.0	0.0	0.0	0.0	0.0	0.0	0.0	0.0	0.0	0.0	0.0	0.0	0.0
GSM4138112_HNSCC_2_PBMC_TCTCATAGTCTGCGGT	93.73582798991318	92.7645311927314	0.0	44.501910137311896	102.30222167880139	10.65659522862944	120.78229849775857	0.0	0.0	0.0	0.0	0.0	0.0	0.0	0.0	0.0	0.0	0.0	0.0	0.0	0.0	0.0	0.0	0.0	0.0	0.0	0.0	0.0	0.0	0.0	0.0	0.0	0.0	0.0	0.0
GSM4138112_HNSCC_2_PBMC_TCTCATAGTTTGTGTG	99.01587543218533	85.40276680941852	0.0	0.0	0.0	0.0	24.01787384107727	49.9759677420307	0.0	0.0	0.0	0.0	83.56323128194332	0.0	0.0	0.0	0.0	0.0	0.0	0.0	0.0	0.0	0.0	0.0	0.0	0.0	0.0	0.0	0.0	0.0	0.0	0.0	0.0	0.0	0.0
GSM4138112_HNSCC_2_PBMC_TCTTTCCTCGAGAGCA	70.15693053735761	0.0	35.61221520604048	67.33534721795992	0.0	0.0	0.0	0.0	0.0	47.76156681226743	33.746602077720304	0.0	0.0	0.0	0.0	0.0	0.0	0.0	54.232467752241995	0.0	0.0	0.0	0.0	16.144911278515487	0.0	0.0	0.19915789241397236	0.0	0.0	0.0	0.0	0.0	0.0	0.0	0.0
GSM4138112_HNSCC_2_PBMC_TGAAAGATCACGCGGT	52.583483684001905	26.714831966984203	0.0	49.122347723821456	45.41297093926251	0.0	0.0	0.0	0.0	0.0	0.0	0.0	0.0	0.0	0.0	32.15159934566508	0.0	0.0	0.0	23.214796363985062	0.0	0.0	0.0	0.0	0.0	0.0	0.0	0.0	0.0	0.0	0.0	0.0	0.0	0.0	0.0
GSM4138112_HNSCC_2_PBMC_TGACTAGAGAAACCTA	126.23886626885437	166.61216376948832	0.0	54.568622795834386	0.0	0.0	167.23111255022195	0.0	0.0	0.0	199.1812854478888	0.0	0.0	72.28319313708032	0.0	0.0	0.0	0.0	0.0	0.0	0.0	0.0	0.0	0.0	0.0	0.0	0.0	0.0	0.0	0.0	0.0	0.0	0.0	0.0	0.0
GSM4138112_HNSCC_2_PBMC_TGACTTTAGGATATAC	67.49336894534065	98.57859295207433	0.0	0.0	93.77164938200157	0.0	0.0	0.0	129.9983069424845	0.0	0.0	0.0	0.0	0.0	0.0	0.0	0.0	0.0	0.0	0.0	0.0	0.0	0.0	0.0	0.0	0.0	0.0	0.0	0.0	0.0	0.0	0.0	0.0	0.0	0.0
GSM4138112_HNSCC_2_PBMC_TGCACCTTCTAGCACA	57.783623511806844	36.55524939474544	0.0	85.77318422913137	0.0	0.0	0.0	0.0	0.0	0.0	0.0	0.0	64.29249522293951	0.0	0.0	0.0	0.0	0.0	28.25154296285338	0.0	0.0	0.0	0.0	0.0	0.0	0.0	0.0	0.0	0.0	0.0	0.0	0.0	0.0	0.0	0.0
GSM4138112_HNSCC_2_PBMC_TGCCCTACACTGAAGG	84.80815959849483	0.0	0.0	0.0	0.0	7.635840444814819	182.5354796919898	0.0	0.0	0.0	51.05641874186101	0.0	0.0	0.0	145.1530230277714	0.0	0.0	0.0	0.0	0.0	0.0	0.0	0.0	0.0	0.0	0.0	0.0	18.181867373795683	0.0	0.0	0.0	0.0	0.0	0.0	0.0
GSM4138112_HNSCC_2_PBMC_TGCCCTAGTAGCCTCG	78.00395841372863	0.0	0.0	31.51041274138214	0.0	0.0	0.0	29.706500401865505	72.30684704854164	0.0	35.26971267662433	0.0	0.0	0.0	0.0	0.0	0.0	0.0	0.0	45.26301725121209	0.0	0.0	0.0	173.72121723230387	21.542115272527276	0.0	0.0	0.0	0.0	0.0	0.0	0.0	0.0	0.0	0.0
GSM4138112_HNSCC_2_PBMC_TGCCCTAGTTTCGCTC	70.1957361110385	62.34876126030002	168.31435239044797	0.0	31.54991648889595	0.0	0.0	0.0	0.0	0.0	36.46732291410921	0.0	0.0	0.0	0.0	0.0	0.0	0.0	0.0	12.555553698151668	0.0	0.0	0.0	0.0	0.0	0.0	0.0	0.0	0.0	0.0	0.0	0.0	0.0	0.0	0.0
GSM4138112_HNSCC_2_PBMC_TGCGGGTTCACATACG	63.68978188355601	127.74420511926539	0.0	56.755945094495345	0.0	0.0	24.81891913231952	101.58547804619359	0.0	0.0	126.62492086512833	0.0	0.0	0.0	0.0	0.0	0.0	0.0	0.0	0.0	0.0	0.0	0.0	0.0	0.0	0.0	0.0	2.008733472189548	0.0	0.0	0.0	0.0	0.0	0.0	0.0
GSM4138112_HNSCC_2_PBMC_TGGCGCATCTGCCCTA	65.17496865554376	46.075285482639146	24.682309124232678	36.2342561645613	0.0	0.0	0.0	0.0	0.0	41.77596431632298	0.0	0.0	0.0	0.0	0.0	0.0	0.0	0.0	0.0	0.0	0.0	0.0	13.585165022384803	0.0	15.658305363019084	0.0	0.0	0.0	0.0	0.0	0.0	0.0	0.0	0.0	0.0
GSM4138112_HNSCC_2_PBMC_TGGGAAGAGAAACGAG	47.9325496955165	0.0	0.0	0.0	7.01822060645013	0.0	16.3088838794285	0.0	171.54795941337306	40.72206101406128	45.893531817975195	0.0	0.0	0.0	8.844542429275835	0.0	0.0	0.0	0.0	0.0	0.0	0.0	46.66723019788914	0.0	0.0	0.0	0.23602000952813484	0.0	0.0	0.0	14.692304365858543	0.0	0.82177185426607	0.0	0.0
GSM4138112_HNSCC_2_PBMC_TGGTTAGAGGCCGAAT	40.46989924715322	99.06389552974575	0.0	0.0	21.197209675836206	0.0	0.0	0.0	31.88507557503765	15.883996122358525	27.130635719781505	0.0	0.0	0.0	0.0	0.0	0.0	0.0	0.0	3.0432628191591005	0.0	0.0	0.0	0.0	0.0	0.0	0.0	1.5712742716970214	0.0	0.0	0.0	0.0	0.0	37.10940786996659	0.0
GSM4138112_HNSCC_2_PBMC_TGGTTAGCATTAACCG	79.26925779636602	0.0	0.0	0.0	0.0	34.57162965545339	0.204917686123835	49.692475359141014	0.0	7.947910251572077	47.942522263363664	0.0	0.0	67.3148376983512	0.0	0.0	0.0	10.085545413874216	0.0	0.0	0.0	0.0	5.214909391078655	15.675410657376675	0.0	0.0	3.180387444362478	0.0	0.0	0.0	0.0	0.0	0.0	0.0	0.0
GSM4138112_HNSCC_2_PBMC_TTAGGACTCTATCCTA	88.0480960873784	182.4849668082283	0.0	87.92634843447058	21.178176311614667	6.0325013925435025	0.0	0.0	106.42592391421691	84.5605108256498	8.378423172278273	0.0	0.0	0.0	0.0	0.0	0.0	0.0	0.0	0.0	0.0	0.0	0.0	0.0	0.0	0.0	0.0	0.0	0.0	0.0	0.0	0.0	0.0	0.0	0.0
GSM4138112_HNSCC_2_PBMC_TTCCCAGCAAGTCATC	166.3536651957022	19.85702644455861	25.627839704012967	0.0	105.09339272525513	0.0	0.0	0.0	182.92872405030747	0.0	0.0	0.0	0.0	0.0	140.5502719731387	0.0	0.0	0.0	0.0	0.0	11.041794500419995	0.0	0.0	0.0	0.0	0.0	0.0	0.0	0.0	0.0	0.0	0.0	0.0	0.0	0.0
GSM4138112_HNSCC_2_PBMC_TTCGAAGAGGCTATCT	53.17386556934167	98.5083795942494	70.64408551774436	0.0	27.558517303029788	0.0	0.0	0.0	21.87344462046965	0.0	0.0	0.0	0.0	0.0	0.0	0.0	0.0	0.0	0.0	0.0	0.0	0.0	0.0	0.0	0.0	0.0	0.0	0.0	0.0	0.0	0.0	0.0	0.0	0.0	0.0
GSM4138112_HNSCC_2_PBMC_TTCTACATCCTCATTA	112.86903153197568	0.0	0.0	117.78614915594675	124.56949690004626	12.282174534753604	43.20444111956359	0.0	0.0	0.0	0.0	0.0	0.0	0.0	0.0	0.0	0.0	0.0	0.0	0.0	0.0	0.0	95.87054466621788	0.0	0.0	0.0	0.0	0.0	0.0	0.0	38.13372611508026	0.0	0.0	0.0	0.0
GSM4138112_HNSCC_2_PBMC_TTCTCAAAGGCTCAGA	105.36081189960026	158.69995449176645	0.0	51.31347098187978	63.9721167087833	0.0	10.78852862205196	0.0	0.0	10.984978284105122	0.0	0.0	0.0	88.12677683478766	0.0	0.0	0.0	0.0	0.0	0.0	0.0	0.0	0.0	0.0	0.0	0.0	0.0	0.0	0.0	0.0	0.0	0.0	0.0	0.0	0.0
GSM4138112_HNSCC_2_PBMC_TTGCCGTGTCAGATAA	42.97529997055917	0.0	0.0	0.0	0.0	82.49538044182634	84.73787220232018	0.0	0.0	52.42383641512206	0.0	0.0	4.469477542074434	0.0	0.0	0.0	0.0	0.0	0.0	0.0	0.0	0.0	0.0	0.0	15.938665209291173	0.0	0.0	0.0	0.0	0.0	0.0	0.0	0.0	0.0	0.0
GSM4138112_HNSCC_2_PBMC_TTGGAACCAGTCTTCC	37.68323789233518	107.23060041007582	87.5197159201102	0.0	15.035273894597362	0.0	0.0	0.0	0.0	0.0	8.376142128001593	0.0	0.0	0.0	0.0	0.0	0.0	0.0	0.0	10.469475682838283	0.0	0.0	0.0	0.0	0.0	0.0	0.0	0.0	0.0	0.0	0.0	0.0	0.0	0.0	0.0
GSM4138112_HNSCC_2_PBMC_TTGGCAAAGATGTGGC	40.893214142460714	85.16306125276904	0.0	0.0	76.88593661304388	0.0	0.0	0.0	0.0	0.0	0.0	0.0	0.0	69.68007270764713	0.0	0.0	0.0	0.0	0.0	0.0	0.0	0.0	0.0	0.0	0.0	0.0	0.0	0.0	0.0	0.0	0.0	0.0	0.0	0.0	0.0
GSM4138112_HNSCC_2_PBMC_TTGGCAAGTTCCCTTG	61.72337802254051	0.0	0.0	17.478927059362295	40.95715884770961	0.025515702280213354	0.0	0.0	97.17033301985259	0.0	33.321085688529976	0.0	0.0	0.0	0.0	0.0	0.0	58.36482454504764	0.0	0.0	0.0	0.0	37.867504439888876	0.0	0.0	0.0	0.0	0.0	0.0	0.0	25.7496816640255	0.0	0.0	0.0	0.0
GSM4138112_HNSCC_2_PBMC_TTTATGCGTACCTACA	64.71787559743746	58.27314412278357	0.0	0.0	44.92700420848548	0.0	5.634808316522192	59.21467336629696	0.0	0.0	0.0	0.0	0.0	0.0	0.0	0.0	0.0	0.0	0.0	0.0	0.0	0.0	0.0	0.0	0.0	0.0	0.0	0.0	0.0	0.0	0.0	0.0	0.0	0.0	0.0
GSM4138112_HNSCC_2_PBMC_TTTGTCATCCGTACAA	101.84358943746442	90.93819856951136	0.0	7.448287525677765	90.26428984810786	17.158875064599687	0.0	2.628501792176549	0.0	0.0	0.0	0.0	0.0	104.74710060793701	0.0	0.0	0.0	0.0	0.0	0.0	0.0	0.0	0.0	0.0	0.0	0.0	0.0	0.0	0.0	0.0	0.0	0.0	0.0	0.0	0.0
GSM4138112_HNSCC_2_PBMC_AAATGCCTCCGTTGTC	179.40900062076992	0.0	0.0	63.69593820680656	164.45665532516713	0.0	0.0	0.0	154.64361224527818	0.0	0.0	0.0	0.0	0.0	0.0	0.0	0.0	0.0	0.0	0.0	0.0	0.0	0.0	0.0	0.0	0.0	248.49339823305232	0.0	0.0	0.0	0.0	0.0	0.0	0.0	0.0
GSM4138112_HNSCC_2_PBMC_AACACGTCACACGCTG	159.02156143589414	0.0	0.0	0.0	0.0	0.0	79.71984162492377	73.2732705910464	0.0	0.0	46.131251296083654	137.05254003142167	0.0	72.32362489319806	0.0	0.0	308.32326881746513	0.0	0.0	0.0	0.0	0.0	0.0	0.0	0.0	0.0	0.0	0.0	0.0	0.0	0.0	0.0	0.0	0.0	0.0
GSM4138112_HNSCC_2_PBMC_AACTCTTCATGAACCT	143.54009472409976	122.5048441114665	189.63478162888964	0.0	83.44045700292386	52.3531690779858	0.0	0.0	0.0	0.0	37.25505253341055	0.0	0.0	0.0	0.0	0.0	0.0	0.0	0.0	0.0	0.0	0.0	0.0	0.0	0.0	0.0	0.0	0.4794894964884119	0.0	0.0	0.0	0.0	0.0	0.0	0.0
GSM4138112_HNSCC_2_PBMC_AACTCTTTCGCATGGC	194.8331442971513	0.0	0.0	0.0	0.0	0.0	6.915482727673768	274.5652962095387	0.0	0.0	25.361046493308383	0.0	115.66729913542515	0.0	0.0	35.48334441983605	291.49400320394903	0.0	0.0	0.0	0.0	0.0	0.0	0.0	0.0	0.0	0.0	0.0	0.0	0.0	0.0	0.0	0.0	0.0	0.0
GSM4138112_HNSCC_2_PBMC_AAGACCTCAACTGCGC	156.1385091448291	0.0	0.0	0.0	0.0	0.0	0.0	284.7563490090715	0.0	185.76326565647435	0.0	25.694237685885263	0.0	0.0	0.0	0.0	0.0	0.0	204.7605694559369	0.0	0.0	0.0	0.0	0.0	0.0	0.0	0.0	0.0	0.0	0.0	0.0	11.80041936650136	0.0	0.0	0.0
GSM4138112_HNSCC_2_PBMC_AAGCCGCCACGCCAGT	140.0012545232333	48.84825735200177	93.02818773454896	138.3465114584981	190.6920024137838	21.29849360622216	0.0	0.0	0.0	0.0	0.0	0.0	0.0	0.0	0.0	0.0	0.0	0.0	0.0	0.0	0.0	0.0	78.81576705071234	0.0	0.0	0.0	0.0	0.0	0.0	0.0	0.0	0.0	0.0	0.0	0.0
GSM4138112_HNSCC_2_PBMC_AAGCCGCGTGCGGTAA	106.04415907305724	208.6795173532311	0.0	47.22402162930229	26.723445578587626	0.0	0.0	122.37060277031973	17.176101865255728	0.0	0.0	0.0	75.79986744578811	7.663100036731633	0.0	0.0	0.0	0.0	0.0	0.0	0.0	0.0	0.0	0.0	0.0	0.0	0.0	0.0	0.0	0.0	0.0	0.0	0.0	0.0	0.0
GSM4138112_HNSCC_2_PBMC_AAGGTTCGTGTAAGTA	85.5600737594816	79.97940475199013	12.853982915309796	87.01109005423666	0.0	0.0	0.0	0.0	0.0	18.228822638793293	0.0	69.15265299120064	0.0	0.0	0.0	29.685978530246242	20.491586646500807	0.0	0.0	0.0	0.0	0.0	0.0	0.0	0.0	0.0	0.0	0.0	0.0	0.0	0.0	0.0	0.0	0.0	0.0
GSM4138112_HNSCC_2_PBMC_ACGAGCCAGAGGTTGC	189.29746534638585	199.3038543644072	129.0632095046564	0.0	0.0	0.0	0.0	66.05545009843654	0.0	0.0	0.0	144.58457080968736	0.0	0.0	0.0	0.0	0.0	0.0	0.0	0.0	0.0	0.0	0.0	0.0	0.0	0.0	0.0	0.0	0.0	0.0	0.0	0.0	0.0	0.0	0.0
GSM4138112_HNSCC_2_PBMC_ACTGCTCGTCTCCCTA	94.98420305209945	38.97945875628847	0.0	0.0	31.188142262281065	118.30105858627647	0.0	0.0	0.0	0.0	32.82676441829417	0.0	17.247616538654256	340.94387956637524	0.0	0.0	0.0	0.0	0.0	87.25902834997224	0.0	0.0	0.0	0.0	0.0	0.0	0.0	1.6792661091028294	0.0	0.0	0.0	0.0	0.0	0.0	0.0
GSM4138112_HNSCC_2_PBMC_ACTGCTCTCTGCCCTA	129.75489896780738	0.0	0.0	0.0	101.71054249717068	0.0	149.42589959219976	79.02710478441057	0.0	0.0	0.0	0.0	0.0	62.022605994773365	0.0	0.0	0.0	0.0	0.0	53.64015254243404	0.0	0.0	0.0	280.39871228824677	0.0	0.0	0.0	0.0	0.0	0.0	0.0	0.0	0.0	0.0	0.0
GSM4138112_HNSCC_2_PBMC_ACTTACTCAATTGCTG	125.36733927889615	75.50199202567985	0.0	53.28691216831388	27.132475404854873	19.304666335645233	0.0	139.71703403802832	0.9242076588712106	104.71624072151575	1.3064066513781574	0.0	0.0	0.0	0.0	0.0	0.0	83.70048585087629	0.0	0.0	0.0	0.0	0.0	0.0	0.0	0.0	0.0	0.0	0.0	0.0	0.0	0.0	0.0	0.0	0.0
GSM4138112_HNSCC_2_PBMC_AGCAGCCCAAACTGCT	105.50941432042697	215.8089558033145	0.0	0.0	0.0	0.0	241.63159364787285	0.0	0.0	0.0	0.0	40.34149418104623	46.48671586794609	0.0	0.0	0.0	0.0	0.0	0.0	0.0	0.0	0.0	0.0	0.0	0.0	0.0	0.0	0.0	0.0	0.0	0.0	0.0	0.0	0.0	0.0
GSM4138112_HNSCC_2_PBMC_AGCGTCGCAAATACAG	88.48579375660721	195.18992438485594	0.0	0.0	0.0	56.01661274629553	251.25984628717507	0.0	0.0	0.0	86.5970530290136	16.295177174026506	0.0	0.0	0.0	0.0	0.0	0.0	0.0	0.0	16.676734378152354	0.0	0.0	0.0	0.0	0.0	0.0	0.6655231891073987	0.0	0.0	0.0	0.0	0.0	0.0	0.0
GSM4138112_HNSCC_2_PBMC_AGTTGGTGTACTTGAC	107.81296502148683	93.50391204116424	0.0	176.94053843967347	0.0	0.0	0.0	0.0	0.0	0.0	96.82049325902084	0.0	0.0	0.0	0.0	38.916525270745346	0.0	0.0	0.0	0.0	0.0	0.0	0.0	0.0	0.0	0.0	0.0	0.0	0.0	0.0	0.0	0.0	0.0	0.0	0.0
GSM4138112_HNSCC_2_PBMC_ATCCGAATCTGCTTGC	145.93736576105795	254.62664336113195	0.0	57.70640299357358	0.0	0.0	0.0	47.65773159046474	17.263685653652338	6.870461064592844	0.0	120.21602214169334	0.0	80.60260395873064	0.0	0.0	0.0	0.0	0.0	0.0	0.0	0.0	0.0	0.0	0.0	0.0	0.0	0.0	0.0	0.0	0.0	0.0	0.0	0.0	0.0
GSM4138112_HNSCC_2_PBMC_ATCGAGTTCTGGAGCC	110.61668765978261	173.95533057157564	0.0	0.0	110.75407344757308	0.0	70.4593815917048	141.3407476928988	0.0	0.0	44.45485338468102	0.0	0.0	0.0	0.0	0.0	0.0	0.0	0.0	0.0	0.0	0.0	25.654349538113532	0.0	0.0	0.0	0.0	0.0	0.0	0.0	0.0	0.0	0.0	0.0	0.0
GSM4138112_HNSCC_2_PBMC_ATGAGGGCATCTATGG	179.4197667535396	201.8275869598524	0.0	0.0	0.0	0.0	28.255664270827992	126.92263985999627	0.0	0.0	53.854976168940446	168.43507258195777	0.0	115.13198420666474	0.0	0.0	0.0	0.0	0.0	0.0	0.0	0.0	0.0	0.0	0.0	0.0	0.0	0.0	0.0	0.0	0.0	0.0	0.0	0.0	0.0
GSM4138112_HNSCC_2_PBMC_ATTACTCGTTGGTTTG	121.20752109891058	2.9439560801969886	155.42477945818936	43.159499868371675	140.28009107397335	132.1479028790616	0.0	0.0	0.0	0.0	31.767999566722526	0.0	0.0	0.0	0.0	0.0	0.0	15.589612283219598	0.0	0.0	0.0	0.0	0.0	0.0	0.0	0.0	0.0	0.0	0.0	0.0	0.0	0.0	0.0	0.0	0.0
GSM4138112_HNSCC_2_PBMC_ATTCTACCAGACTCGC	151.28392854740758	67.78447243932963	194.98677986160922	0.0	145.36530878418276	0.0	0.0	0.0	0.0	0.0	0.0	0.3758115913129768	0.0	0.0	0.0	0.0	134.85013413940874	0.0	0.0	0.0	0.0	0.0	35.037424847611874	0.0	0.0	0.04676566043638055	0.0	0.0	11.867319101539032	0.0	0.0	0.0	0.0	0.0	0.0
GSM4138112_HNSCC_2_PBMC_ATTGGTGCAGTAAGCG	87.16376103546531	0.0	0.0	0.0	148.75865971035955	0.0	276.27989295685967	0.0	0.0	0.0	0.0	0.0	0.0	0.0	0.0	0.0	0.0	0.0	184.62038190144256	0.0	0.0	0.0	0.0	0.0	0.0	0.0	0.0	0.0	0.0	0.0	0.0	0.0	0.0	0.0	0.0
GSM4138112_HNSCC_2_PBMC_CAACTAGTCTAGCACA	143.5272262756851	146.27002103696455	11.998306815175605	0.0	0.0	0.0	0.0	43.70514658393187	4.917749935942214	0.0	0.0	77.86607410900072	0.0	42.01979142874775	0.0	0.0	0.0	0.0	0.0	0.0	0.0	0.0	0.0	0.0	0.0	0.0	0.0	0.0	0.0	0.0	0.0	0.0	0.0	0.0	0.0
GSM4138112_HNSCC_2_PBMC_CACATAGAGTTCGCAT	138.05167835770447	0.0	149.61867952632048	0.0	19.432584812218092	183.37084794782595	0.0	0.0	48.90888216244025	0.0	0.0	0.0	0.0	0.0	0.0	0.44439081546042075	0.0	0.0	0.0	77.28742084111283	0.0	0.0	0.0	0.0	0.0	0.0	0.0	0.0	0.0	0.0	0.0	0.0	0.0	0.0	0.0
GSM4138112_HNSCC_2_PBMC_CAGCGACAGCCACGTC	117.27672307701708	0.0	50.55387973037808	0.0	1.1301143247202263	0.0	105.53866138958732	0.0	0.0	0.0	0.0	0.0	35.42823360231234	0.0	0.0	0.0	214.2385967763246	0.0	0.0	66.67243802191163	0.0	0.0	0.0	0.0	0.0	0.0	0.0	0.0	0.0	0.0	0.0	0.0	0.0	0.0	0.0
GSM4138112_HNSCC_2_PBMC_CAGCTAACAAGGCTCC	147.13959020106597	0.0	252.24242266382936	0.0	148.04089837058527	0.0	0.0	0.0	0.0	0.0	0.0	0.0	0.0	0.0	0.0	0.0	280.61215609624503	0.0	0.0	0.0	0.0	0.0	0.0	0.0	0.0	0.0	0.0	0.0	0.0	0.0	0.0	0.0	0.0	0.0	0.0
GSM4138112_HNSCC_2_PBMC_CATATTCTCATAACCG	213.99614977152817	0.0	0.0	45.70957340981997	35.72922846006638	0.0	0.0	0.0	216.5955682564706	11.251333962494906	0.0	0.0	138.71841267126482	0.0	0.0	0.0	0.0	0.0	0.0	0.0	0.0	0.0	0.0	297.7340417655298	0.0	0.0	0.0	0.0	0.0	0.0	0.0	0.0	0.0	0.0	0.0
GSM4138112_HNSCC_2_PBMC_CATGGCGTCGCACTCT	161.7511293318787	0.0	143.80047226087194	0.0	0.0	0.0	0.0	0.0	0.0	0.0	0.0	0.0	113.81592148491478	48.24700845368065	0.0	0.0	0.0	78.34859605437467	0.0	0.0	0.0	0.0	51.109173836257874	0.0	0.0	0.0	0.0	0.0	0.0	0.0	0.0	0.0	0.0	0.0	0.0
GSM4138112_HNSCC_2_PBMC_CATTATCCAGTCGATT	158.33013974920496	135.8775033483316	0.0	34.7857729938543	0.0	50.58453893893643	0.0	174.88319257578104	0.0	1.039331868442754	0.0	0.0	120.36656245960909	0.0	0.0	0.0	0.0	0.0	0.0	0.0	0.0	0.0	0.0	0.0	0.0	0.0	0.0	0.0	0.0	0.0	0.0	0.0	0.0	0.0	0.0
GSM4138112_HNSCC_2_PBMC_CATTATCGTACGAAAT	131.04718578584928	0.0	0.0	0.0	0.0	0.0	0.0	44.705430894729595	0.0	0.0	0.0	70.25015498102435	24.63491332547811	140.35380893719554	0.0	0.0	201.11641078763535	0.0	0.0	0.0	0.0	0.0	0.0	0.0	0.0	0.0	0.0	0.0	0.0	0.0	0.0	0.0	0.0	0.0	0.0
GSM4138112_HNSCC_2_PBMC_CATTATCTCGTTTGCC	39.96048922215872	0.0	75.18620802313919	0.0	0.0	0.0	0.0	0.0	0.0	0.0	0.0	0.0	0.0	0.0	0.0	0.0	71.17019368923845	0.0	31.51464342190093	6.527038424567764	0.0	0.0	0.0	0.0	0.0	0.0	0.0	0.0	0.0	0.0	0.0	0.0	0.0	0.0	0.0
GSM4138112_HNSCC_2_PBMC_CCCAATCAGGAGCGAG	66.49027277461512	0.0	72.43004716052916	0.0	18.210086205268812	0.0	0.0	0.0	20.29123883828753	0.0	26.43793057621659	0.0	0.0	0.0	0.0	0.0	0.0	1.7874122173364844	0.0	0.3267149323789069	98.63817471185489	0.0	0.0	0.0	0.0	0.0	0.0	0.0	0.0	0.0	0.0	0.0	0.0	0.0	0.0
GSM4138112_HNSCC_2_PBMC_CCGGGATTCTCGTTTA	62.31491199028701	3.301323119583527	0.0	0.0	58.359403901417686	53.13034170793118	0.0	19.269464997261807	0.0	0.0	0.0	0.0	0.0	49.78333105221893	0.0	0.0	0.0	25.471358941626413	0.0	0.0	0.0	0.0	0.0	0.0	0.0	0.0	0.0	0.0	0.0	0.0	0.0	0.0	0.0	0.0	0.0
GSM4138112_HNSCC_2_PBMC_CCTAGCTCACAGAGGT	109.30062437793684	0.0	0.0	0.0	0.0	188.341762354192	0.0	0.0	0.0	73.97302582472958	0.0	75.06183373197476	0.0	331.7216919600733	0.0	0.0	0.0	0.0	0.0	0.0	0.0	0.0	0.0	0.0	0.0	0.0	0.0	0.0	0.0	0.0	0.0	0.0	0.0	0.0	0.0
GSM4138112_HNSCC_2_PBMC_CCTATTATCTCAACTT	157.68374023676688	31.167909869544758	0.0	0.0	0.0	0.0	59.791307751778234	164.4630979351607	0.0	0.0	151.2673775251545	0.0	0.0	0.0	0.0	0.0	0.0	0.0	0.0	0.0	0.0	127.94909283519841	0.0	0.0	0.0	0.0	0.0	0.0	0.0	0.0	0.0	0.0	0.0	0.0	0.0
GSM4138112_HNSCC_2_PBMC_CCTCAGTAGACTGTAA	86.08705554852504	31.028409070386413	92.53094430090891	0.0	125.15381054795705	98.76497789198427	61.304568105050436	88.8533407012634	0.0	0.0	0.0	0.0	0.0	9.506272809320562	0.0	0.0	27.47646619730187	0.0	0.0	0.0	0.0	0.0	0.0	0.0	0.0	0.0	0.0	0.0	0.0	0.0	0.0	0.0	0.0	0.0	0.0
GSM4138112_HNSCC_2_PBMC_CCTTTCTGTCTAAACC	187.943902028924	0.0	0.0	0.0	0.0	66.9964192558322	3.346360272477345	165.84548819816342	0.0	0.0	0.0	104.65392893458036	0.0	0.0	0.0	0.0	0.0	0.0	0.0	0.0	185.28704685935801	0.0	0.0	0.0	0.0	0.0	0.0	0.0	0.0	0.0	0.0	0.0	0.0	0.0	0.0
GSM4138112_HNSCC_2_PBMC_CGACCTTAGGTGCTTT	116.72555723363627	44.29589845730407	269.62748559778584	0.0	0.0	172.00040962736313	0.0	0.0	0.0	0.0	70.28098877646399	0.0	0.0	0.0	0.0	0.0	0.0	0.0	0.0	50.72761423986508	0.0	0.0	0.0	0.0	0.0	0.0	0.0	0.0	0.0	0.0	0.0	0.0	0.0	0.0	0.0
GSM4138112_HNSCC_2_PBMC_CGAGAAGTCGAGCCCA	181.62789549107717	0.0	0.0	0.0	0.0	0.0	180.8553907239675	0.0	0.0	0.0	89.25629303068972	0.0	0.0	0.0	0.0	47.577580025120426	0.0	0.0	0.0	0.0	0.0	0.0	0.0	0.0	0.0	0.0	271.8131860555065	25.31461211613267	0.0	0.0	0.0	0.0	0.0	0.0	0.0
GSM4138112_HNSCC_2_PBMC_CGATGTACAACTGCTA	217.75796180813634	166.5181544484881	226.4600836736659	0.0	46.9933782320568	0.0	0.0	0.0	0.0	51.57884680354225	26.10907981366821	0.0	0.0	0.0	0.0	0.0	0.0	2.998220126210346	0.0	5.606461517853763	0.0	0.0	0.0	0.0	0.0	0.0	0.0	0.0	0.0	0.0	0.0	0.0	0.0	0.0	0.0
GSM4138112_HNSCC_2_PBMC_CGGACACCAGAGTGTG	156.61699301484896	177.2470040540077	0.0	29.575439298538825	140.60572835360531	37.44960490652417	192.31131071990018	18.09101076544799	0.0	0.0	0.0	0.0	0.0	0.0	0.0	0.0	0.0	0.0	0.0	0.0	0.0	0.0	0.0	0.0	0.0	0.0	0.0	0.0	0.0	0.0	0.0	0.0	0.0	0.0	0.0
GSM4138112_HNSCC_2_PBMC_CGTTAGAAGATATACG	125.5017341984614	118.46636631153899	0.0	0.0	0.0	102.74637004485486	0.0	0.0	0.0	0.0	154.57632271051605	0.0	0.0	381.8446206182055	0.0	0.0	0.0	0.0	0.0	0.0	0.0	0.0	0.0	0.0	0.0	0.0	0.0	0.0	0.0	0.0	0.0	0.0	0.0	0.0	0.0
GSM4138112_HNSCC_2_PBMC_CGTTCTGCATCCTAGA	84.33521508161651	0.0	0.0	68.23429618405042	0.0	171.26050992529665	0.0	0.0	46.29883240022291	0.0	42.059423510553586	0.0	0.0	0.0	0.0	0.0	0.0	0.0	0.0	0.0	0.0	0.0	0.0	0.0	0.0	0.0	0.0	0.0	0.0	0.0	0.0	0.0	0.0	0.0	0.0
GSM4138112_HNSCC_2_PBMC_CTACACCTCCTGTACC	153.13771369907093	27.14533573904185	0.0	0.0	0.0	229.77413634527815	243.93792774203675	0.0	0.0	213.5889706316019	0.0	0.0	0.0	0.0	0.0	0.0	0.0	0.0	0.0	0.0	0.0	0.0	0.0	0.0	0.0	0.0	0.0	0.0	0.0	0.0	0.0	0.0	0.0	0.0	0.0
GSM4138112_HNSCC_2_PBMC_CTACGTCCAAATCCGT	111.80121110092341	0.0	0.0	151.60128474993496	0.5871011740612473	18.79995554323768	0.0	0.0	0.0	0.0	121.79568294632067	0.0	0.0	0.0	0.0	10.426222108185566	0.0	125.22869996937955	0.0	0.0	0.0	0.0	0.0	0.0	0.0	0.0	0.0	0.0	0.0	0.0	0.0	0.0	0.0	0.0	0.0
GSM4138112_HNSCC_2_PBMC_CTCGAAAGTCCATCCT	92.2224636324375	103.1572708698912	0.0	0.0	0.0	0.0	24.195995237055723	0.0	0.0	0.0	0.0	138.84125985750845	0.0	58.937341121757115	0.0	0.0	0.0	0.0	0.0	0.0	0.0	0.0	0.0	0.0	0.0	0.0	0.0	0.0	0.0	0.0	0.0	0.0	0.0	0.0	0.0
GSM4138112_HNSCC_2_PBMC_CTCGGGATCTAACTGG	183.16999122682373	166.0500002171536	0.0	0.0	7.117097266455962	0.0	0.0	0.0	180.10897746704015	0.0	0.0	0.0	118.82227679109221	0.0	0.0	0.0	0.0	0.0	0.0	0.0	0.0	0.0	0.877051873098622	0.0	0.0	0.0	0.0	0.0	0.0	0.0	0.0	0.0	0.0	0.0	0.0
GSM4138112_HNSCC_2_PBMC_CTCTGGTAGACAAGCC	168.05858464246026	52.078187485458365	57.125172175545494	0.0	0.0	89.8749219482315	0.0	114.81258555885991	59.89596471995297	0.0	53.52925515984956	65.23901550872162	0.0	0.0	0.0	0.0	0.0	0.0	0.0	0.0	0.0	84.68488888865681	0.0	0.0	0.0	1.183737465792726	0.0	0.049576117867020035	0.0	0.0	0.0	0.0	0.0	0.0	0.0
GSM4138112_HNSCC_2_PBMC_CTGCTGTAGTGCGTGA	99.87454437448223	47.952656991776884	0.0	0.0	4.9974229640897185	0.0	235.17326912313166	0.0	0.0	0.0	0.0	103.71465630160566	0.0	45.22499714186115	0.0	0.0	100.36880039406263	0.0	0.0	0.0	0.0	0.0	0.0	0.0	0.0	0.0	0.0	15.689659559722177	0.0	0.0	0.0	0.0	0.0	0.0	0.0
GSM4138112_HNSCC_2_PBMC_CTGGTCTGTTGGGACA	85.228742495565	100.86706838343633	0.0	0.0	0.0	0.0	63.98705468246814	106.37186092781694	0.0	0.0	70.13939128346071	0.0	0.0	0.0	0.0	0.0	0.0	0.0	0.0	40.66162976266579	0.0	0.0	0.0	0.0	0.0	0.0	0.0	0.0	0.0	0.0	0.0	0.0	0.0	0.0	0.0
GSM4138112_HNSCC_2_PBMC_CTTAGGAGTTCGGGCT	73.75747433748369	0.0	113.25134445981674	0.0	0.0	121.64311579893958	0.0	0.0	0.0	0.0	0.0	0.0	0.0	0.0	0.0	41.25030177467894	0.0	0.0	0.0	85.37052440107544	0.0	0.0	0.0	0.0	0.0	0.0	0.0	0.0	0.0	0.0	0.0	0.0	0.0	0.0	0.0
GSM4138112_HNSCC_2_PBMC_CTTAGGATCACTATTC	68.27391504196437	105.14024745573361	0.0	154.4959434757736	0.0	0.0	0.0	0.0	0.0	42.660118497312446	33.90635173726787	0.0	0.0	0.0	0.0	0.0	0.0	0.0	0.0	0.0	0.0	0.0	0.0	0.0	0.0	0.0	0.0	0.0	0.0	0.0	0.0	0.0	0.0	0.0	0.0
GSM4138112_HNSCC_2_PBMC_CTTTGCGAGGTAGCCA	116.46129022829575	0.0	86.3390530328885	0.0	0.0	177.12465961319444	0.0	95.15299689178538	0.0	63.5527720075905	0.0	0.0	27.789295699509346	0.0	0.0	0.0	0.0	0.0	0.0	21.91791402744619	0.0	0.0	0.0	0.0	0.0	0.0	0.0	0.0	0.0	0.0	0.0	0.0	0.0	0.0	0.0
GSM4138112_HNSCC_2_PBMC_GAAATGAGTTATGTGC	177.84699313477836	0.0	0.0	0.0	156.74333615503912	0.0	16.76145399919724	99.7369351617323	0.0	0.0	0.0	0.0	0.0	96.95152328770119	0.0	0.0	0.0	0.0	0.0	0.0	0.0	0.0	0.0	0.0	0.0	0.0	0.0	0.0	0.0	0.0	0.0	204.5991826937664	0.0	0.0	0.0
GSM4138112_HNSCC_2_PBMC_GAACATCTCACCGTAA	124.74932565766824	170.14688941518077	34.905180644162115	89.82367793676016	0.0	53.41612767666836	0.0	43.00951891980575	0.0	165.00554864856437	0.0	0.0	0.0	19.461405427742616	0.0	0.0	0.0	0.0	0.0	0.0	0.0	0.0	0.0	0.0	0.0	0.0	0.0	0.0	0.0	0.0	0.0	0.0	0.0	0.0	0.0
GSM4138112_HNSCC_2_PBMC_GACCAATGTCTGGTCG	177.86089783848968	231.22884614445363	0.0	0.0	58.07920669873142	0.0	0.0	93.62194411191673	0.0	6.086431497027386	62.538598012095555	0.0	0.0	133.5864660562058	0.0	0.0	0.0	0.0	0.0	0.0	0.0	0.0	0.0	0.0	0.0	0.0	0.0	0.0	0.0	0.0	0.0	0.0	0.0	0.0	0.0
GSM4138112_HNSCC_2_PBMC_GACCTGGTCATCACCC	107.371510233005	0.0	228.19375938559045	0.0	0.0	0.0	0.0	0.0	0.0	0.0	0.0	68.41423333079877	92.58769818644627	0.0	0.0	0.0	76.04915512894165	67.67624077158514	0.0	1.6944358121897558	11.46511623911443	0.0	0.0	0.0	0.0	10.121239303732409	0.0	1.1734179432727185	0.0	0.0	0.0	0.0	0.0	0.0	0.0
GSM4138112_HNSCC_2_PBMC_GACTACACAACTGGCC	143.6666358029884	166.518442583437	0.0	0.0	0.0	0.0	73.07483808591248	130.75555832752877	0.0	0.0	0.0	1.0007039606212613	236.0171795517768	45.12058272977307	0.7802402252071344	0.0	0.0	24.58160316054552	0.0	0.0	0.025931804701364063	0.0	0.0	0.0	0.0	0.0	0.0	0.0	0.0	0.0	0.0	0.0	0.0	0.0	0.0
GSM4138112_HNSCC_2_PBMC_GATGCTACAACTGCGC	80.37979052302188	0.0	0.010126931014881756	0.0	0.0	91.17575157413884	20.274516788592692	0.0	0.0	0.0	0.0	49.53383676518902	0.0	83.12141468859718	0.0	0.0	0.0	0.0	0.0	0.0	0.0	0.0	0.0	0.0	0.0	0.0	0.0	0.0	0.0	0.0	0.0	0.0	0.0	0.0	0.0
GSM4138112_HNSCC_2_PBMC_GCACTCTGTGCATCTA	200.51157829167354	15.20125010834596	375.7096642354916	0.0	0.0	268.76605181127536	0.0	0.0	33.89325294231111	126.53284802474067	0.0	74.07312114197548	0.0	0.0	0.0	0.0	0.0	0.0	0.0	0.0	0.0	0.0	0.0	0.0	0.0	0.0	0.0	0.0	0.0	0.0	0.0	0.0	0.0	0.0	0.0
GSM4138112_HNSCC_2_PBMC_GCAGCCACATGTAGTC	99.53096191795284	144.09399482266494	0.0	0.0	98.39147217256686	0.0	154.31479473566273	0.0	0.0	0.0	0.0	0.0	0.0	0.0	0.0	31.841751732579773	0.0	0.0	0.0	0.0	0.0	0.0	0.0	0.0	0.0	0.0	0.0	0.0	0.0	0.0	0.0	0.0	0.0	0.0	0.0
GSM4138112_HNSCC_2_PBMC_GCAGCCAGTTGGACCC	99.10924837342196	0.0	0.0	0.0	0.0	183.7338393738453	215.9647477658621	0.0	0.0	0.0	0.0	0.0	148.28376279252538	0.0	0.0	0.0	0.0	0.0	0.0	0.0	0.0	0.0	0.0	0.0	0.0	0.0	0.0	0.0	0.0	0.0	0.0	0.0	0.0	0.0	0.0
GSM4138112_HNSCC_2_PBMC_GCATGCGAGATGTCGG	119.01631909809096	0.0	72.59760713808679	0.0	0.0	204.52162598271175	0.0	0.0	0.0	0.0	0.0	0.0	0.0	0.0	0.0	162.17693663977084	0.0	0.0	0.0	161.98182940708483	0.0	0.0	0.0	0.0	0.0	0.0	0.0	0.0	0.0	0.0	0.0	0.0	0.0	0.0	0.0
GSM4138112_HNSCC_2_PBMC_GCATGCGAGTTTGCGT	222.70563484237098	117.31247014377364	252.89967241444455	0.0	185.27356698603208	0.0	0.0	0.0	0.0	0.0	0.0	0.0	0.0	0.0	0.0	0.0	18.530261332598275	0.0	10.902218147321324	0.0	0.0	0.0	0.0	0.0	0.0	0.0	0.0	0.0	0.0	0.0	0.0	51.229106965434255	0.0	0.0	0.0
GSM4138112_HNSCC_2_PBMC_GCATGCGTCCTTGCCA	149.65822699556884	0.0	29.102171451061533	108.7980898287852	102.8692683127054	0.0	0.0	0.0	0.0	0.0	0.0	0.0	0.0	0.0	0.0	0.0	192.64305788579287	0.0	0.0	0.0	0.0	0.0	0.0	0.0	0.0	0.0	0.0	0.0	0.0	0.0	0.0	0.0	0.0	0.0	0.0
GSM4138112_HNSCC_2_PBMC_GCGGGTTTCCAGGGCT	155.14704056098685	0.0	74.3926870902363	0.0	27.97191602893068	105.95662674638305	25.62364484320029	127.19304153340158	6.690693305412428	0.0	0.0	0.0	117.47040622030882	0.0	0.0	0.0	107.18797094227277	0.0	44.11244961954985	0.0	0.0	0.0	0.0	0.0	0.0	0.0	0.0	0.0	0.0	0.0	0.0	0.0	0.0	0.0	0.0
GSM4138112_HNSCC_2_PBMC_GCTGCGATCAGCGATT	164.36003376240163	0.0	225.2537778912487	0.0	0.0	0.0	0.0	0.0	0.0	0.0	0.0	0.0	60.96372667081153	0.0	0.0	0.0	0.0	0.0	0.0	50.62696218668363	0.0	123.65389862678491	0.0	0.0	0.0	0.0	0.0	0.0	0.0	0.0	0.0	0.0	0.0	0.0	93.0525497927719
GSM4138112_HNSCC_2_PBMC_GCTGCGATCTGCTGCT	156.71569397520997	227.21032877571344	15.317458470397028	180.48136128219159	241.7430990123611	0.0	0.0	0.0	57.16323170332387	0.0	0.0	0.0	0.0	0.0	0.0	0.0	0.0	0.0	0.0	0.0	0.0	0.0	0.0	0.0	0.0	0.0	0.0	0.0	0.0	0.0	0.0	0.0	0.0	0.0	0.0
GSM4138112_HNSCC_2_PBMC_GCTTCCATCTCGAGTA	108.37275005378106	152.6413164448794	0.0	12.747035571122657	0.0	21.627851234930365	79.18990087620742	146.16596548975062	0.0	0.0	37.50521492611599	0.0	83.2377303889937	0.0	0.0	0.0	0.0	0.0	0.0	0.0	0.0	0.0	0.0	0.0	0.0	0.0	0.0	0.0	0.0	0.0	0.0	0.0	0.0	0.0	0.0
GSM4138112_HNSCC_2_PBMC_GGACATTCAAGCTGTT	54.950454872631326	0.0	0.0	0.0	0.0	0.0	99.87103310799101	0.0	0.0	0.0	0.0	0.0	65.45653410416121	0.0	0.0	0.0	0.0	0.0	0.0	0.0	0.0	0.0	41.86341527745262	0.0	0.0	0.0	0.0	0.0	0.0	0.0	0.0	0.0	82.04771696762575	0.0	0.0
GSM4138112_HNSCC_2_PBMC_GGAGCAAGTCTGCCAG	100.67210595061515	0.0	220.8848673323778	0.0	0.0	0.0	0.0	0.0	0.0	18.15853038843361	0.0	18.73797360809049	97.98911479983418	0.0	0.0	0.0	0.0	0.0	0.0	0.0	0.0	0.0	49.62664325313753	0.0	0.0	0.0	0.0	0.0	109.43072224292284	0.0	0.0	0.0	0.0	0.0	0.0
GSM4138112_HNSCC_2_PBMC_GGATGTTGTGACGCCT	146.25929353085365	105.03070076625526	197.06263713197023	0.0	0.0	49.99894222432974	0.0	0.0	0.0	0.0	0.0	72.18836423550354	49.52764127137746	0.0	0.0	0.0	0.0	0.0	0.0	0.0	0.0	0.0	0.0	0.0	0.0	0.0	0.0	0.0	0.0	0.0	0.0	0.0	0.0	0.0	0.0
GSM4138112_HNSCC_2_PBMC_GGATTACGTCGACTGC	58.58331468751003	0.0	59.238326905175086	71.64913269568396	46.01942447081585	0.0	0.0	0.0	0.0	37.316331300854195	0.0	0.0	0.0	0.0	31.441809742724608	0.0	51.26806183469836	0.0	0.0	0.0	61.69494656362083	0.0	0.0	0.0	0.0	0.0	0.0	0.0	0.0	0.0	0.0	0.0	0.0	0.0	0.0
GSM4138112_HNSCC_2_PBMC_GGCCGATAGACGACGT	110.74881175790323	158.3541087999211	232.06273424446158	0.0	10.6140961522979	0.0	0.0	0.0	0.0	6.2246974750413	0.0	92.47890759909204	0.0	0.0	0.0	0.0	67.26109974912139	0.0	0.0	0.0	0.0	0.0	0.0	0.0	0.0	0.0	0.0	0.0	0.0	0.0	0.0	0.0	0.0	0.0	0.0
GSM4138112_HNSCC_2_PBMC_GTAACTGTCTACGAGT	92.28674831788823	142.39722420053482	0.0	29.232000342158724	38.74341069847795	0.0	0.0	169.7021646866475	0.0	0.0	0.0	0.0	66.18482350780391	0.0	0.0	0.0	0.0	0.0	0.0	0.0	0.0	0.0	0.0	0.0	0.0	0.0	0.0	0.0	0.0	0.0	0.0	0.0	0.0	0.0	0.0
GSM4138112_HNSCC_2_PBMC_GTACGTAGTTCCTCCA	112.29211161252323	0.0	0.0	90.98899934116471	0.0	251.93339019570016	25.83154054902283	24.860505920258255	0.0	0.0	0.0	0.0	0.13390185394245752	46.80864214661601	0.0	0.0	0.0	0.0	0.0	116.95184603589337	0.0	0.0	0.0	0.0	0.0	0.0	0.0	0.0	0.0	0.0	0.0	0.0	0.0	0.0	0.0
GSM4138112_HNSCC_2_PBMC_GTCAAGTTCGGCGGTT	119.26523959165982	85.72206716736181	137.44097656064116	0.0	86.87370288534353	62.84692511360489	0.0	0.0	0.0	0.0	0.0	0.0	0.0	13.094787200120928	1.5017362753786923	0.0	0.0	0.0	0.0	0.0	0.0	0.0	0.0	0.0	0.0	0.0	0.0	0.0	0.0	0.0	0.0	0.0	0.0	0.0	0.0
GSM4138112_HNSCC_2_PBMC_GTCACAATCGGTGTCG	113.82571963338911	174.8398513912424	0.0	0.0	0.0	0.0	19.849979114028024	138.81061021759982	9.065574283622722	92.02230696699786	36.7320003351665	0.0	0.0	0.0	0.14888729904408937	44.453397810119476	0.0	0.0	0.0	0.0	0.0	0.0	0.0	0.0	0.0	0.0	0.0	0.0	0.0	0.0	0.0	0.0	0.0	0.0	0.0
GSM4138112_HNSCC_2_PBMC_GTCACGGAGGCTAGCA	143.3036584875903	181.3074708942096	0.0	0.0	0.0	0.0	93.13973871365089	42.77056571711464	0.0	0.0	24.92750278973293	86.27978535128429	0.0	87.98149304829644	0.0	0.0	0.0	0.0	0.0	0.0	0.0	0.0	0.0	0.0	0.0	3.2319426471954187	0.0	77.56623882113057	0.0	0.0	0.0	0.0	0.0	0.0	0.0
GSM4138112_HNSCC_2_PBMC_GTGCATAAGTTAACGA	130.3275840121141	126.59526171615417	12.243879775964372	0.0	0.0	0.0	8.596484261044724	21.328467535277316	79.07688011407849	0.0	0.0	147.38766061698047	0.0	9.087920405503544	0.0	79.05882295623901	0.0	0.0	72.26357545278714	0.0	0.0	0.0	0.0	0.0	0.0	0.0	0.0	0.0	0.0	0.0	0.0	0.0	0.0	0.0	0.0
GSM4138112_HNSCC_2_PBMC_GTTTCTAAGGCATTGG	83.88179539479727	0.0	0.0	22.33921464551118	68.27736816703627	91.38588488362919	8.391479998558975	59.514557710864665	0.0	0.0	0.0	0.0	0.0	17.083735785862345	0.0	0.0	0.0	0.0	0.0	0.0	0.0	0.0	0.0	0.0	0.0	0.0	0.0	0.0	0.0	0.0	0.0	0.0	0.0	0.0	0.0
GSM4138112_HNSCC_2_PBMC_GTTTCTATCTCTAAGG	276.8939141087075	24.858474108870094	18.72629377400446	100.40117179184999	44.96215144957532	507.5682589888403	30.443719636103612	0.0	0.0	94.14928871045407	133.63123433612998	0.0	0.0	0.0	0.0	293.1996807776558	0.0	0.0	0.0	0.0	0.0	0.0	0.0	0.0	0.0	0.0	0.0	0.0	0.0	0.0	0.0	0.0	0.0	0.0	0.0
GSM4138112_HNSCC_2_PBMC_TAAGCGTTCGGCGCAT	100.42916595858713	0.0	0.0	0.0	0.0	0.0	27.345204486376936	0.0	23.28528625530469	0.0	0.0	103.94292295319215	0.0	29.23019621460954	0.0	0.0	0.0	82.82757701831093	0.0	0.0	0.0	0.0	0.0	0.0	0.0	0.0	0.0	0.0	0.0	0.0	0.0	0.0	0.0	0.0	0.0
GSM4138112_HNSCC_2_PBMC_TAAGTGCCATCAGTCA	129.190531683362	203.6060459235353	0.0	158.28429410763331	89.63194925171798	0.0	0.0	0.0	43.07505117376445	12.14789024293385	35.14325617908379	0.0	0.0	0.0	0.0	0.0	0.0	0.0	0.0	0.0	0.0	0.0	0.0	0.0	0.0	0.0	0.0	0.0	0.0	0.0	0.0	0.0	0.0	0.0	0.0
GSM4138112_HNSCC_2_PBMC_TACACGAAGGAGTACC	136.0383890772296	0.0	231.70824871382587	0.0	113.78862846393584	160.34920376698253	0.0	0.0	0.0	0.0	0.0	0.0	0.0	0.0	0.0	0.0	0.0	0.0	0.0	0.0	0.0	0.0	0.0	0.0	0.0	0.0	0.0	0.0	0.0	0.0	0.0	0.0	50.40267494056068	0.0	0.0
GSM4138112_HNSCC_2_PBMC_TACTTGTGTCGAAAGC	132.05850272830918	0.0	0.0	0.0	0.0	176.57040593736036	138.6062848997087	38.654401161512766	0.0	0.0	0.0	0.0	167.6624920588544	0.0	0.0	0.0	0.0	0.0	0.0	0.0	0.0	0.0	0.0	0.0	0.0	0.0	0.0	0.0	0.0	0.0	0.0	0.0	0.0	0.0	0.0
GSM4138112_HNSCC_2_PBMC_TCACAAGAGTCCGGTC	147.7010578244037	152.22976100616881	148.02554055178308	0.0	122.52949426032288	0.0	0.0	0.0	36.036827532219306	0.0	0.0	2.7364474968002366	0.0	0.0	0.0	0.0	0.0	0.0	0.0	0.0	0.0	0.0	9.875060039721824	0.0	0.0	0.0	0.0	0.0	0.0	0.0	0.0	0.0	0.0	0.0	0.0
GSM4138112_HNSCC_2_PBMC_TCAGCTCGTGTATGGG	100.81455391667293	147.85833690338214	77.53715896473187	58.01661227241705	0.0	0.0	0.0	0.0	37.242189968548054	0.0	89.5233765140849	0.0	0.0	0.0	0.0	103.54256705196487	43.53564869186541	0.0	0.0	0.0	0.0	0.0	0.0	0.0	0.0	0.0	0.0	0.0	0.0	0.0	0.0	0.0	0.0	0.0	0.0
GSM4138112_HNSCC_2_PBMC_TCGCGAGCACCGAAAG	133.15534519848575	0.0	23.458088620689615	0.0	0.0	123.29967048274108	82.68030786669966	40.965718395985704	0.0	0.0	0.0	0.0	157.36676568984254	0.0	0.0	0.0	0.0	29.543346222564	0.0	0.0	0.0	0.0	0.0	0.0	0.0	0.0	0.0	0.0	0.0	0.0	0.0	0.0	0.0	0.0	0.0
GSM4138112_HNSCC_2_PBMC_TCGCGTTCAAGTACCT	151.1300613260378	0.0	0.0	0.0	0.0	217.73243789117572	241.93565128234053	0.0	0.0	0.0	0.0	0.0	128.1165944447031	0.0	0.0	0.0	0.0	0.0	0.0	0.0	0.0	0.0	0.0	0.0	0.0	0.0	0.0	0.0	0.0	0.0	0.0	0.0	0.0	0.0	0.0
GSM4138112_HNSCC_2_PBMC_TGGACGCTCTTTAGGG	121.7145443622322	158.30101598284804	197.06912442904652	0.0	0.0	0.0	0.0	0.0	0.0	90.68969464604938	0.0	58.451565613181934	0.0	0.0	0.0	0.0	0.0	0.0	0.0	0.0	0.0	0.0	0.0	0.0	0.0	1.7688458368977538	0.0	0.0	0.0	0.0	0.0	0.0	0.0	0.0	0.0
GSM4138112_HNSCC_2_PBMC_TGGGAAGTCACATGCA	142.941962325944	0.0	233.02848639901245	0.0	98.52840594970456	95.92276326331722	0.0	0.0	0.0	0.0	0.0	0.0	0.0	0.0	0.0	0.0	160.15989064642255	0.0	0.0	0.0	0.0	0.0	0.0	0.0	0.0	0.0	0.0	0.0	13.665154461530253	0.0	0.0	0.0	0.0	0.0	0.0
GSM4138112_HNSCC_2_PBMC_TGGTTAGTCCAACCAA	122.99400144326081	0.0	195.2396091652434	0.0	144.68334752932154	149.4487043863125	0.0	135.79366259584782	0.0	0.0	35.29740798072163	0.0	0.0	0.0	0.0	0.0	0.0	24.745717638818736	0.0	0.0	0.0	0.0	0.0	0.0	0.0	0.0	0.0	0.0	0.0	0.0	0.0	0.0	0.0	0.0	0.0
GSM4138112_HNSCC_2_PBMC_TTCTCAAAGTGAAGTT	63.51961243802739	133.08910014693504	0.0	0.0	0.0	0.0	51.509736770466084	67.49617504453317	0.0	61.41419737273445	0.0	22.31248559735333	0.0	0.0	0.0	0.0	0.0	0.0	0.0	0.0	0.0	0.0	0.0	0.0	0.0	0.0	0.0	0.0	0.0	0.0	0.0	0.0	0.0	0.0	0.0
GSM4138112_HNSCC_2_PBMC_TTCTCAACAATAGAGT	185.77816051313596	0.0	0.0	0.0	0.0	0.0	295.5976288917017	0.0	0.0	0.0	204.54619481386635	0.0	0.0	0.0	0.0	0.0	0.0	0.0	0.0	0.0	0.0	187.3615214021938	0.0	0.0	0.0	0.0	0.0	0.0	0.0	0.0	0.0	0.0	0.0	0.0	0.0
GSM4138112_HNSCC_2_PBMC_TTTATGCCATTTGCTT	162.09229091804139	0.0	29.158771564001547	0.0	0.0	0.0	41.05020752432194	65.76742844799654	0.0	0.0	0.0	88.83899075710379	0.0	0.0	0.0	0.0	0.0	0.0	0.0	0.0	0.0	0.0	128.95652017834027	0.0	0.0	0.0	0.0	0.0	18.09618171682399	0.0	33.28575629983586	0.0	0.0	0.0	0.0
GSM4138112_HNSCC_2_PBMC_GGACATTAGCAATATG	59.05436499836062	14.844902432329011	0.026621692648125916	0.0	73.31804708262867	0.0	100.73741512094715	0.0	0.0	0.0	0.0	0.0	0.0	0.0	0.0	41.08557628708554	0.0	0.0	0.0	0.0	29.821289274402982	0.0	0.0	0.0	0.0	0.0	0.0	0.0	0.0	0.0	0.0	0.0	0.0	0.0	0.0
GSM4138112_HNSCC_2_PBMC_CGTCAGGTCGCCTGTT	91.53154569850975	0.0	0.0	50.46980885360344	55.60190500345778	0.0	0.0	45.153126364407186	0.0	60.56788712577088	0.0	0.0	0.0	1.9117239833231812	0.0	0.0	0.0	21.62105808418337	0.0	0.0	0.0	0.0	0.0	100.37856187857045	0.0	0.0	0.0	0.0	0.0	0.0	0.0	0.0	0.0	0.0	0.0
GSM4138112_HNSCC_2_PBMC_GCTCCTAGTAAGCACG	98.88026935973996	72.82912937405449	151.80835532301623	0.0	0.0	0.0	0.0	0.0	0.0	0.0	0.0	70.87333163911488	0.0	0.0	0.0	0.0	0.0	0.0	0.0	0.0	0.0	0.0	0.0	0.0	0.0	0.0	0.0	0.0	0.0	0.0	0.0	0.0	0.0	0.0	0.0
GSM4138112_HNSCC_2_PBMC_TTAGGCATCATGCATG	82.58209432668917	34.883575267176354	0.0	0.0	27.004948647273604	0.0	89.58173938374058	0.0	0.0	0.0	27.991126632005503	0.0	0.0	0.0	0.0	0.0	0.0	46.4623786619778	0.0	12.14824503704861	0.0	0.0	0.0	0.0	0.0	0.0	0.0	0.0	0.0	0.0	0.0	0.0	0.0	0.0	0.0
GSM4138112_HNSCC_2_PBMC_AAACCTGTCTTTCCTC	58.68483886267426	0.0	0.0	25.67327690349619	78.55463560377251	0.0	0.0	0.0	71.7898883679156	0.0	0.0	0.0	0.0	0.0	89.43183397439036	13.143842865241908	0.0	0.0	0.0	0.0	4.773506282952147	0.0	0.0	0.0	0.0	0.0	0.0	0.0	0.0	0.0	0.0	0.0	0.0	0.0	0.0
GSM4138112_HNSCC_2_PBMC_AATCGGTTCTGCAGTA	51.32510129652806	8.9986291828477	0.0	0.0	98.11590249118318	74.46383476436957	139.67640826091338	0.0	0.0	0.0	0.0	0.0	0.0	0.0	0.0	0.0	0.0	0.0	0.0	0.0	0.0	0.0	0.0	0.0	0.0	0.0	0.0	0.0	0.0	0.0	0.0	0.0	0.0	0.0	0.0
GSM4138112_HNSCC_2_PBMC_ACACTGAAGCCGCCTA	105.38571936474037	0.0	0.8253036744692718	0.0	0.0	0.0	152.61892282669433	15.007602027653752	0.0	0.0	113.37958256983582	0.0	0.0	0.0	78.44604522813687	0.0	0.0	0.0	57.146802849278984	0.0	0.0	0.0	0.0	0.0	0.0	0.0	0.0	0.0	0.0	0.0	0.0	0.0	0.0	0.0	0.0
GSM4138112_HNSCC_2_PBMC_ACTTTCACAGCCTTTC	117.60455007431248	0.0	0.0	0.0	67.80103393915893	0.0	0.0	55.70023305255895	0.0	0.0	0.0	0.0	0.0	0.0	0.0	65.97265071951759	133.76552964178657	0.0	0.0	0.0	0.0	0.0	0.0	0.0	0.0	0.0	0.0	0.0	0.0	0.0	0.0	0.0	0.0	0.0	0.0
GSM4138112_HNSCC_2_PBMC_AGACGTTAGCCGTCGT	152.0753231992488	0.0	69.79081586848652	0.0	9.27826168922099	0.0	0.0	0.0	0.0	0.0	0.0	0.0	35.74461850553247	0.0	0.0	0.0	0.0	0.0	93.91900000059928	0.0	0.0	0.0	0.0	0.0	0.0	0.0	0.0	0.0	0.0	0.0	0.0	0.0	0.0	0.0	0.0
GSM4138112_HNSCC_2_PBMC_AGATCTGTCCCTCTTT	54.06217762774215	0.0	0.0	0.0	70.33020477972795	0.0	0.0	0.0	100.9406357442454	0.0	0.0	0.0	0.0	0.0	35.18544839126727	0.0	0.0	0.0	23.98230643612577	0.0	0.0	0.0	0.0	0.0	0.0	0.0	0.0	0.0	0.0	0.0	0.0	0.0	0.0	0.0	0.0
GSM4138112_HNSCC_2_PBMC_ATCGAGTAGGGATCTG	74.82622725969553	7.4403590616177775	86.03079701807283	43.6815082094339	0.0	16.02989995968578	0.0	0.0	9.969079582462571	92.6144545141917	0.0	0.0	0.0	0.0	0.0	0.0	109.23956845223039	0.0	0.0	0.0	24.455070179188727	0.0	0.0	0.0	4.167829889611539	0.0	0.0	0.0	0.0	0.0	0.0	0.0	0.0	0.0	0.0
GSM4138112_HNSCC_2_PBMC_ATGCGATGTCAAAGCG	37.621771966018095	19.197811410162053	0.0	0.0	0.0	0.0	0.0	54.19650730186727	28.445111179332535	0.0	93.71223343327516	0.0	0.0	0.0	0.0	17.740017193275268	0.0	0.0	0.0	0.0	0.0	0.0	0.0	0.0	0.0	39.20820849432281	0.0	0.0	0.0	0.0	0.0	0.0	0.0	0.0	0.0
GSM4138112_HNSCC_2_PBMC_CAAGTTGCACCAGATT	86.55448245352295	0.0	0.0	41.77840358120889	0.0	0.0	0.0	188.0049137281604	0.0	0.0	34.83708596211178	81.90598169186048	0.0	0.0	0.0	0.0	0.0	0.0	0.0	0.0	164.91713249541579	0.0	0.0	0.0	0.0	0.0	0.0	0.0	0.0	0.0	0.0	0.0	0.0	0.0	0.0
GSM4138112_HNSCC_2_PBMC_CACATTTTCGCCCTTA	92.67946637657441	100.28656776523171	0.0	4.045988358165917	0.0	0.0	0.0	0.0	18.10106593094483	0.0	0.0	100.81492219949354	0.0	0.0	0.0	141.17351383560558	0.0	0.0	0.0	0.0	0.0	0.0	0.0	0.0	0.0	0.0	0.0	0.0	0.0	0.0	0.0	0.0	0.0	0.0	0.0
GSM4138112_HNSCC_2_PBMC_CAGCGACAGAATCTCC	193.6783746293943	0.0	274.16483557481155	0.0	16.18662274942428	213.28824880659278	0.0	0.0	0.0	0.0	0.0	120.99185315302668	0.0	0.0	0.0	0.0	0.0	0.0	0.0	0.0	0.0	0.0	0.0	0.0	0.0	0.0	0.0	0.0	0.0	0.0	0.0	0.0	0.0	0.0	0.0
GSM4138112_HNSCC_2_PBMC_CAGCTGGGTAAGTGGC	55.603639201419284	0.0	0.0	0.0	0.0	0.0	6.690290343690019	0.0	0.0	0.0	0.0	40.01006661228663	0.0	0.0	0.0	44.35158037394413	0.0	73.27170231556478	0.0	0.0	0.06329159107854856	0.0	0.0	0.0	0.0	0.0	0.0	0.0	0.0	0.0	0.0	0.0	0.0	0.0	0.0
GSM4138112_HNSCC_2_PBMC_CCAATCCTCAGTTGAC	49.12398736064247	42.50342150501526	0.0	0.0	0.0	25.473482362721445	0.0	110.2227148323034	0.0	0.0	0.0	77.52919671872812	0.0	0.0	0.0	0.0	0.0	0.0	0.0	0.0	0.0	0.0	0.0	0.0	0.0	0.0	0.0	0.0	0.0	0.0	0.0	0.0	0.0	0.0	0.0
GSM4138112_HNSCC_2_PBMC_CCTCTGACACCTTGTC	185.26550811015056	0.0	181.48375053107796	74.94262138272083	0.0	209.91519608112634	0.0	0.0	0.0	0.0	89.08556284700096	0.0	0.0	0.0	0.0	0.0	0.0	0.0	0.0	0.0	0.0	0.0	0.0	0.0	0.0	0.5350018106101149	0.0	89.36735036324256	0.0	0.0	0.0	0.0	0.0	0.0	0.0
GSM4138112_HNSCC_2_PBMC_CGATGTAAGTACGACG	128.83765567043505	127.29009141009402	0.0	0.0	35.08831859574552	0.0	91.90034270541918	71.67088102104029	0.0	0.0	0.0	0.0	0.0	0.0	0.0	0.0	0.0	0.0	0.0	36.09735625289	0.0	0.0	0.0	0.0	0.0	0.0	0.0	0.0	0.0	0.0	0.0	0.0	0.0	0.0	0.0
GSM4138112_HNSCC_2_PBMC_CGTGTAAAGACTCGGA	82.83823457509493	113.2002069493763	0.0	0.0	11.587339589574484	0.0	131.59509623280508	0.0	0.0	2.8192194936957824	0.0	0.0	15.431216914335497	62.056120948702	0.0	0.0	0.0	0.0	0.0	0.0	0.0	0.0	0.0	0.0	52.148238492093334	0.0	0.0	0.0	0.0	0.0	0.0	0.0	0.0	0.0	0.0
GSM4138112_HNSCC_2_PBMC_CGTGTCTCACTTAACG	39.761462800607575	69.04701250959518	0.0	0.0	0.0	14.456122166902857	0.0	108.88104656390011	38.36420758959901	0.0	92.79757004160318	0.0	0.0	0.0	0.0	0.0	0.0	0.0	0.0	0.0	0.0	0.0	0.0	0.0	0.0	0.0	0.0	0.0	0.0	0.0	0.0	0.0	0.0	0.0	0.0
GSM4138112_HNSCC_2_PBMC_CTCCTAGTCAAACAAG	64.98770535617307	104.17128097785464	0.0	30.76632260273355	46.77691870236876	0.0	46.60900014620662	35.96179214481561	0.0	0.0	0.0	38.31547624724533	0.0	0.0	0.0	0.0	0.0	0.0	2.5786889328292872	0.0	0.0	0.0	0.0	0.0	0.0	0.0	0.0	0.0	0.0	0.0	0.0	0.0	0.0	0.0	0.0
GSM4138112_HNSCC_2_PBMC_GATGAGGAGGATGTAT	169.39473653631492	0.0	0.0	0.0	185.4981889496245	107.07355157061671	0.0	0.0	324.19182524364516	0.0	0.0	0.0	0.0	0.0	46.39843704600746	0.0	152.6612796424265	15.405596073439801	0.0	0.0	0.0	0.0	0.0	0.0	0.0	0.0	0.0	0.0	0.0	0.0	0.0	0.0	0.0	0.0	0.0
GSM4138112_HNSCC_2_PBMC_GTCGTAAAGAACTCGG	55.285643005576354	0.0	56.00927404834899	0.0	0.0	0.0	0.0	15.799375447921737	0.0	0.0	0.0	61.803991722280244	0.0	0.0	0.0	0.0	0.0	78.25383926055669	0.0	0.0	0.0	0.0	0.0	0.0	0.0	0.0	0.0	0.0	0.0	0.0	0.0	0.0	0.0	0.0	0.0
GSM4138112_HNSCC_2_PBMC_GTGAAGGGTACAGACG	66.87924852200202	0.0	75.10884119312703	0.0	74.9693027705826	0.0	0.0	0.0	0.0	0.0	0.0	0.0	0.0	83.16255816768764	0.0	0.0	0.0	0.0	0.0	0.0	0.0	130.19091218296458	0.0	0.0	0.0	0.0	0.0	0.0	0.0	0.0	0.0	0.0	0.0	0.0	0.0
GSM4138112_HNSCC_2_PBMC_TAAGTGCGTACCGCTG	85.32902589079228	0.0	0.0	0.0	98.63720824901107	0.0	0.0	0.0	0.0	0.0	0.0	0.0	0.0	0.0	0.0	135.48272543113595	0.0	0.0	0.0	0.0	123.1476713206005	0.0	0.0	0.0	0.0	0.0	0.0	0.0	0.0	0.0	0.0	0.0	0.0	0.0	0.0
GSM4138112_HNSCC_2_PBMC_TACTCATCAAAGGTGC	137.02857433881329	193.64328823764146	0.0	0.0	174.81877117326516	0.0	0.0	253.34217439082866	0.0	0.0	0.0	0.0	0.0	0.0	0.0	0.0	0.0	0.0	0.0	0.0	0.0	0.0	0.0	0.0	0.0	0.0	0.0	0.0	0.0	0.0	0.0	0.0	0.0	0.0	0.0
GSM4138112_HNSCC_2_PBMC_TATCTCACAATGGTCT	114.3124269197474	0.0	220.45420320447352	0.0	0.0	0.0	0.0	0.0	0.0	143.60322552733055	0.0	15.167335948013688	0.0	0.0	47.472416911456236	0.0	0.0	0.0	107.5683130134145	0.0	0.0	0.0	0.0	0.0	0.0	0.0	0.0	0.0	0.0	0.0	0.0	0.0	0.0	0.0	0.0
GSM4138112_HNSCC_2_PBMC_TCAGGATAGTAAGTAC	34.753294157798315	63.076276975249726	0.0	0.0	0.0	0.0	141.50481768346043	0.0	0.0	52.35232377027207	0.0	0.0	0.0	0.0	0.0	0.0	0.0	0.0	0.0	0.0	0.0	0.0	0.15863107007136856	0.0	0.0	0.0	0.0	0.0	0.0	0.0	0.0	0.0	0.0	0.0	0.0
GSM4138112_HNSCC_2_PBMC_TCATTTGGTGACGGTA	89.7809320456125	179.50779712794207	119.78535399351931	0.0	80.63688910588581	0.0	0.0	0.0	15.680972915182867	0.0	0.0	0.0	0.0	0.0	0.0	0.0	0.0	0.0	0.0	0.0	0.0	0.0	0.0	0.0	0.0	0.0	0.0	0.0	0.0	0.0	0.0	0.0	0.0	0.0	0.0
GSM4138112_HNSCC_2_PBMC_TGATTTCAGCTAACAA	203.6929961501216	0.0	268.18485518127284	0.0	169.14927123817003	225.08916201501665	0.0	0.0	0.0	0.0	0.0	0.0	0.0	0.0	0.0	0.0	0.0	0.0	0.0	0.0	0.0	0.0	0.0	0.0	0.0	0.0	0.0	0.0	0.0	0.0	0.0	0.0	0.0	0.0	0.0
GSM4138112_HNSCC_2_PBMC_TGCCCATCATCCAACA	113.71908721744585	0.0	0.0	123.43599892766814	36.61674154088673	0.0	0.0	0.0	14.013229933262158	0.0	30.88882318084529	0.0	0.0	0.0	181.203898978877	2.9453833228995596	0.0	0.0	11.52114310662242	0.0	0.0	0.0	0.0	0.0	0.0	36.66799566503227	0.0	0.0	0.0	0.0	0.0	0.0	0.0	0.0	0.0
GSM4138112_HNSCC_2_PBMC_TGGGCGTTCGCATGGC	174.21493553750022	0.0	315.0338382818482	0.0	27.579992752534267	0.0	0.0	0.0	0.0	18.90318656972362	0.0	127.66797774289877	0.0	0.0	0.0	0.0	0.0	0.0	0.0	0.0	312.93466319723734	0.0	0.0	0.0	0.0	0.0	0.0	0.0	0.0	0.0	0.0	0.0	0.0	0.0	0.0
GSM4138112_HNSCC_2_PBMC_TTTGCGCGTTGGGACA	44.193916617558216	0.0	68.71259892368005	0.0	0.0	48.56114837693399	0.0	0.0	0.0	0.0	0.0	26.946013832918275	0.0	0.0	0.0	0.0	0.0	0.0	0.0	0.0	0.0	15.280097385055567	0.0	0.0	0.0	0.0	0.0	0.0	0.0	0.0	0.0	0.0	0.0	0.0	0.0
GSM4138112_HNSCC_2_PBMC_ACACCGGGTATGCTTG	80.75845393401386	67.51665820482565	0.0	13.101018499533238	107.38904084873752	0.0	79.81666802660897	0.0	0.0	0.0	0.0	0.0	0.0	20.45904609769943	0.0	0.0	0.0	0.0	0.0	0.0	0.0	0.0	0.0	0.0	0.0	0.0	0.0	0.0	0.0	0.0	0.0	0.0	0.0	0.0	0.0
GSM4138112_HNSCC_2_PBMC_AGCAGCCAGGATGGTC	117.86670717895241	80.27834478052365	0.0	144.89573517339	59.03970295485938	0.0	0.0	0.0	0.0	5.291551571689531	0.0	0.0	0.0	0.0	0.0	0.0	0.0	0.04795710614659728	0.0	0.0	0.0	0.0	5.399293790783845	0.0	0.0	0.0	0.0	0.0	0.0	0.0	0.0	0.0	0.0	0.0	0.0
GSM4138112_HNSCC_2_PBMC_ATAGACCGTTACTGAC	36.28523470234458	32.152368853365175	0.0	0.0	47.52690206983223	0.0	2.7014934492982667	52.86916773943426	0.0	0.0	0.0	37.19422737615104	0.0	0.0	0.0	0.0	0.0	0.0	0.0	0.0	0.0	0.0	0.0	0.0	0.0	0.0	0.0	0.0	0.0	0.0	0.0	0.0	0.0	0.0	0.0
GSM4138112_HNSCC_2_PBMC_CAAGTTGTCCAAACAC	18.319164357403363	42.671158383476744	99.44766376493286	0.0	0.0	0.0	0.0	0.6049639163605651	0.0	37.75517596238895	0.0	0.0	0.0	0.0	0.0	0.0	0.0	0.0	0.0	0.0	0.0	0.0	0.0	0.0	0.0	0.0	0.0	0.0	0.0	0.0	0.0	0.0	0.0	0.0	0.0
GSM4138112_HNSCC_2_PBMC_CATCCACAGTCGTACT	90.67045669906842	0.0	176.74287848185264	0.0	104.63368191885297	10.99618746558626	0.0	0.0	0.0	0.0	0.0	0.0	0.0	0.0	22.272200776344587	0.0	0.0	0.0	59.722062157801055	0.0	0.0	0.0	0.0	0.0	0.0	0.0	0.0	0.0	0.0	0.0	0.0	0.0	0.0	0.0	0.0
GSM4138112_HNSCC_2_PBMC_CCGTGGACATATACCG	112.38326218575266	30.830224013302413	80.81586665636812	0.0	0.0	101.25318774171292	0.0	0.0	90.19419797635518	0.0	0.0	0.0	119.23580357640196	0.0	0.0	0.0	0.0	0.0	0.0	0.0	0.0	0.0	0.0	0.0	0.0	0.0	0.0	0.0	0.0	0.0	0.0	0.0	0.0	0.0	0.0
GSM4138112_HNSCC_2_PBMC_CCTCTGAGTTCGGGCT	82.12894432977718	0.0	123.34041076939856	0.0	33.39893361197761	0.0	0.0	0.0	0.0	0.0	0.0	0.0	0.0	0.0	120.20567230003763	0.0	0.0	0.0	0.0	25.57291074301228	9.576624702988953	0.0	0.0	0.0	0.0	0.0	0.0	0.0	0.0	0.0	0.0	0.0	0.0	0.0	0.0
GSM4138112_HNSCC_2_PBMC_CCTTCGATCGGCTTGG	88.35397963358167	0.0	0.0	0.0	85.36629569979473	0.0	121.16064499869877	0.0	0.0	0.0	0.0	0.0	0.0	0.0	0.0	0.0	0.0	0.0	0.0	0.0	0.0	0.0	71.68869245026607	0.0	0.0	0.0	0.0	0.0	0.0	0.0	0.0	32.42087267273494	0.0	0.0	0.0
GSM4138112_HNSCC_2_PBMC_CTGATAGCAAGAAAGG	73.67589814937222	37.73071075714496	100.15373762522358	0.0	9.107797773269482	0.0	0.0	0.0	0.0	24.213005481983068	2.6084988907324393	17.88473235092481	0.0	0.0	0.0	0.0	0.0	0.0	0.0	0.0	0.0	0.0	0.0	0.0	0.0	1.6693147443381213	0.0	0.0	0.0	0.0	0.0	23.31113283236503	0.0	0.0	0.0
GSM4138112_HNSCC_2_PBMC_GCCTCTATCATGTGGT	147.91732341080146	247.22824175986528	0.0	0.0	0.0	0.0	216.18502252510032	40.06968688591452	0.0	24.97967328393659	0.0	180.22989400834047	0.0	0.0	0.0	0.0	0.0	0.0	0.0	0.0	0.0	0.0	0.0	0.0	0.0	0.0	0.0	0.0	0.0	0.0	0.0	0.0	0.0	0.0	0.0
GSM4138112_HNSCC_2_PBMC_GGGATGACAAGCGATG	122.12112624014391	166.76929510526006	0.0	46.72546310494197	0.0	0.0	0.0	0.0	18.65488737450321	0.0	89.16504139804884	0.0	0.0	61.98504537403316	0.0	0.0	0.0	0.0	0.0	0.0	0.0	0.0	0.0	0.0	0.0	0.0	0.0	0.0	0.0	0.0	0.0	0.0	0.0	0.0	0.0
GSM4138112_HNSCC_2_PBMC_GGGTTGCGTTTGGCGC	86.02625562435745	0.0	16.652783099556494	0.0	64.94027754152704	0.0	5.249149833030352	97.16691616153936	0.0	0.0	0.0	12.302969214115683	0.0	0.0	0.0	10.723295729309868	115.50097583922245	0.0	0.0	0.0	0.0	0.0	0.0	0.0	0.0	0.8781056495020543	0.0	0.0	0.0	0.0	0.0	0.0	0.0	0.0	0.0
GSM4138112_HNSCC_2_PBMC_GTCATTTTCACGCGGT	90.81755006060492	0.0	0.0	0.0	23.955501014062445	0.0	0.0	142.68833530820206	6.419485627176748	0.0	23.215091707624293	0.0	0.0	19.156055183218104	20.037444101058668	0.0	0.0	23.02297672473586	0.0	0.0	65.18219631706407	0.0	0.0	0.0	0.0	0.0	0.0	0.0	0.0	0.0	0.0	0.0	0.0	0.0	0.0
GSM4138112_HNSCC_2_PBMC_TCCCGATGTGCGATAG	95.97686126041337	15.280494186468133	81.54992501636083	0.0	0.0	0.0	0.0	0.0	0.0	0.0	0.0	0.0	7.323634774920861	0.0	0.0	0.0	0.0	0.0	0.0	0.0	0.0	62.518393234263	0.0	0.0	25.97875424753581	0.0	0.0	0.0	0.0	0.0	0.0	0.0	0.0	0.0	0.0
GSM4138112_HNSCC_2_PBMC_TCGTACCTCAGCTCGG	146.65029982200215	128.31417654500171	0.0	0.0	0.0	0.0	0.0	291.5187908703899	0.0	0.0	0.0	0.0	146.14721234178143	0.0	0.0	0.0	27.34280422562209	0.0	0.0	0.0	0.0	0.0	0.0	0.0	0.0	0.3134988315285094	0.0	0.0	0.0	0.0	0.0	0.0	0.0	0.0	0.0
GSM4138112_HNSCC_2_PBMC_TCTCATATCACAAACC	134.61313573655866	0.0	156.33996552122426	23.606672688193566	0.0	0.0	0.0	0.0	0.0	38.53456489436764	0.0	49.5289982753563	12.97815487578332	0.0	0.0	0.0	0.0	0.0	0.0	0.0	0.0	0.0	127.08694863749302	0.0	0.0	0.0	0.0	0.0	0.0	0.0	0.0	59.42826223496622	0.0	0.0	0.0
GSM4138112_HNSCC_2_PBMC_AACTGGTCATAACCTG	227.7211796842717	48.12485472662791	408.47940445363497	0.0	172.84771346316649	0.0	0.0	0.0	0.0	0.0	0.0	0.0	0.0	0.0	0.0	0.0	0.0	0.0	0.0	0.0	0.0	213.47638232785658	0.0	0.0	0.0	0.0	0.0	0.0	0.0	0.0	0.0	0.0	0.0	0.0	0.0
GSM4138112_HNSCC_2_PBMC_ACTGAACGTCTTGTCC	195.29796505070132	119.03108023586081	0.0	0.0	0.0	197.1747024193896	76.460045718055	28.362191305088047	0.0	0.0	0.0	248.5618633375089	0.0	0.0	0.0	254.9087478140074	0.0	0.0	0.0	0.0	0.0	0.0	0.0	0.0	0.0	0.0	0.0	0.0	0.0	0.0	0.0	0.0	0.0	0.0	0.0
GSM4138112_HNSCC_2_PBMC_CGTCAGGCAGGAACGT	224.32151438326503	409.2552314803038	0.0	0.0	0.0	0.0	0.0	0.0	290.8445462197524	0.0	0.0	0.0	159.3057700974501	0.0	0.0	83.40267660724581	0.0	0.0	0.0	0.0	0.0	0.0	0.0	0.0	0.0	0.0	0.0	0.0	0.0	0.0	0.0	0.0	0.0	0.0	0.0
GSM4138112_HNSCC_2_PBMC_GAGGTGACAGGATCGA	125.81281639172244	51.390130124310176	134.5759426836865	0.0	0.0	24.511828145904268	69.83226009184524	0.0	0.0	0.0	37.76298286668244	0.0	0.0	0.0	104.07843684092522	0.0	0.0	0.0	0.0	0.0	0.0	0.0	0.0	0.0	0.0	0.0	0.0	95.84952837099361	0.0	0.0	0.0	0.0	0.0	0.0	0.0
GSM4138112_HNSCC_2_PBMC_GATCAGTAGCGATTCT	200.38680145958654	29.247261404727265	15.966854506374467	227.01835545207928	265.2007321810441	319.8570815217194	0.0	127.21691929261952	28.40356566342443	0.0	0.0	0.0	0.0	0.0	0.0	0.0	0.0	0.0	0.0	0.0	0.0	0.0	0.0	0.0	0.0	0.0	0.0	0.0	0.0	0.0	0.0	0.0	0.0	0.0	0.0
GSM4138112_HNSCC_2_PBMC_GCAAACTTCGTGGACC	278.1784618292049	0.0	0.0	32.32066903727642	0.0	0.0	0.0	0.0	392.92078937375584	58.56668047087303	34.797336142879416	185.96828637293294	0.0	0.0	110.86356041745157	0.0	134.70702987431548	0.0	0.0	0.0	0.0	161.0455005635548	0.0	0.0	0.0	0.0	0.0	0.0	0.0	0.0	0.0	0.0	0.0	0.0	0.0
GSM4138112_HNSCC_2_PBMC_GCATACAAGGCTACGA	190.65613053629636	261.7191129769514	426.1379203698676	0.0	30.340832286543815	0.0	0.0	0.0	0.0	253.09356019977207	40.57915979552073	0.0	0.0	0.0	57.22962901162307	0.0	0.0	14.886547500630433	0.0	0.0	0.0	0.0	0.0	0.0	0.0	0.0	0.0	0.0	0.0	0.0	0.0	0.0	0.0	0.0	0.0
GSM4138112_HNSCC_2_PBMC_GCTTGAAAGGAATGGA	138.5876189944045	167.24634647784282	325.7149069667024	0.0	0.0	0.0	0.0	0.0	0.0	0.0	0.0	244.9522086062057	0.0	0.0	0.0	0.0	0.0	0.0	0.0	0.0	0.0	0.0	0.0	0.0	0.0	0.0	0.0	0.0	0.0	0.0	0.0	0.0	0.0	0.0	0.0
GSM4138112_HNSCC_2_PBMC_GTCATTTCAGCTCGAC	174.77477743987782	221.872865016434	0.0	0.0	0.0	0.0	359.2107936348463	0.0	0.0	0.0	0.0	0.0	0.0	0.0	0.0	0.0	0.0	0.0	0.0	0.0	0.0	27.09728736800607	0.0	0.0	0.0	0.0	0.0	0.0	0.0	233.7578501515444	0.0	0.0	0.0	0.0	0.0
GSM4138112_HNSCC_2_PBMC_AATCGGTCAGGCAGTA	156.42706471857332	0.0	0.0	0.0	0.0	0.0	0.0	0.0	0.0	33.78115580338147	0.0	219.71717893624603	0.0	0.0	0.0	445.6413899831275	0.0	0.0	0.0	0.0	456.3679091657645	0.0	0.0	0.0	22.03838315894436	0.0	0.0	0.0	0.0	0.0	0.0	0.0	0.0	0.0	0.0
GSM4138112_HNSCC_2_PBMC_ACACCAAGTTCCCTTG	183.10827542763062	278.58459526738596	0.0	261.23953193562414	0.0	0.0	0.0	0.0	0.0	204.8653623734746	25.419918802236534	0.0	0.0	0.0	0.0	0.0	0.0	0.0	0.0	0.0	0.0	0.0	0.0	0.0	0.0	0.0	0.0	0.0	0.0	0.0	0.0	0.0	0.0	0.0	0.0
GSM4138112_HNSCC_2_PBMC_ACGTCAACAATAGCAA	0.0	0.0	0.0	3213.568314085526	0.0	0.0	0.0	16.118729837770022	0.0	0.0	0.0	0.0	0.0	0.0	0.0	0.0	0.0	0.0	0.0	0.0	0.0	0.0	0.0	0.0	0.0	0.0	0.0	0.0	0.0	0.0	0.0	0.0	0.0	0.0	0.0
GSM4138112_HNSCC_2_PBMC_ACTGCTCCACATGGGA	253.79826032520543	0.0	0.0	0.0	347.8529380136629	0.0	228.63907090556737	219.816115219483	0.0	0.0	0.0	0.0	0.0	0.0	0.0	0.0	0.0	0.0	0.0	0.0	0.0	491.57281816967935	0.0	0.0	0.0	0.0	0.0	0.0	0.0	0.0	0.0	0.0	0.0	0.0	0.0
GSM4138112_HNSCC_2_PBMC_AGGGATGTCTCTTGAT	220.56475525503987	0.0	197.47659610910287	0.0	145.44071817573573	28.332886475418977	0.0	0.0	101.4791869390962	0.0	0.0	0.0	0.0	0.0	56.73996911377335	0.0	0.0	0.0	0.0	0.0	0.0	0.0	159.33651282549351	0.0	0.0	0.0	0.0	0.0	0.0	0.0	0.0	0.0	0.0	0.0	0.0
GSM4138112_HNSCC_2_PBMC_ATCTGCCTCGTGGACC	172.0930321436968	0.0	0.0	0.0	9.024135099596998	100.65760780139057	0.0	0.0	0.0	187.18682383523827	0.0	0.0	0.0	0.0	0.0	384.3805559739448	142.34824404262855	0.0	0.0	0.0	0.0	0.0	0.0	0.0	0.0	0.0	0.0	0.0	0.0	0.0	0.0	0.0	0.0	0.0	0.0
GSM4138112_HNSCC_2_PBMC_CCCAGTTTCACGCATA	208.13771196906603	0.0	196.61681949439932	130.41518329354622	188.57987613322547	0.0	0.0	0.0	0.0	0.0	132.5981120315689	0.0	0.0	0.0	0.0	261.09113349983596	0.0	0.0	0.0	0.0	0.0	0.0	499.1100063641547	0.0	0.0	0.0	0.0	0.0	0.0	0.0	0.0	0.0	0.0	0.0	0.0
GSM4138112_HNSCC_2_PBMC_CTGAAGTCACGAGAGT	233.09759309326645	364.6561540675016	195.21778905508694	238.94857890164522	230.64840489380163	0.0	0.0	35.32845370109918	3.4590579206877545	0.0	0.0	0.0	0.0	0.0	0.0	0.0	0.0	0.0	0.0	0.0	0.0	0.0	0.0	0.0	0.0	0.0	0.0	0.0	0.0	0.0	0.0	0.0	0.0	0.0	0.0
GSM4138112_HNSCC_2_PBMC_CTGATAGCACCGCTAG	252.4757969799746	0.0	0.0	0.0	157.01858075453234	180.9044442814207	102.61606086110996	0.0	0.0	0.0	0.0	0.0	0.0	84.52634339997972	0.0	132.27816336222273	0.0	0.0	0.0	0.8618854214922436	0.0	0.0	0.0	0.0	0.0	0.0	0.0	0.0	4.521231716343798	0.0	0.0	0.0	0.0	0.0	0.0
GSM4138112_HNSCC_2_PBMC_CTGCTGTGTCCGAACC	97.18461008705826	0.0	0.0	186.8813069271222	51.14149989469793	62.146604747561206	0.0	0.0	56.88680179565489	0.0	0.0	0.0	0.0	0.0	0.0	0.0	0.0	105.10804051223164	0.0	11.71920071265915	0.0	0.0	0.0	0.0	94.41070443394517	0.0	0.0	0.0	0.0	0.0	0.0	0.0	0.0	0.0	0.0
GSM4138112_HNSCC_2_PBMC_GACGGCTAGCGTAATA	215.14714282885893	0.0	0.0	0.0	0.0	0.0	0.0	0.0	0.0	0.0	0.0	0.0	0.0	0.0	0.0	397.8916920704205	368.8908676087502	0.0	0.0	0.0	0.0	0.0	0.0	0.0	0.0	278.98183943124263	0.0	0.0	0.0	0.0	0.0	0.0	0.0	0.0	0.0
GSM4138112_HNSCC_2_PBMC_GATCGTACAAGACACG	249.10132812952392	0.0	53.68156544572644	0.0	0.0	0.0	127.32092174714332	55.739988251207784	0.0	0.0	0.0	0.0	251.39909557563024	0.0	145.7159273688047	31.221311759866968	0.0	0.0	1.8087411805185656	0.0	0.0	0.0	0.0	0.0	0.0	6.165744627730333	0.0	0.0	0.0	0.0	0.0	0.0	0.0	0.0	0.0
GSM4138112_HNSCC_2_PBMC_TAGACCAAGGCCGAAT	293.8582448918263	483.1668498784724	30.029511164419514	258.93624592400124	0.0	0.0	273.3892398013212	0.0	0.0	154.29989407677667	0.0	167.01719652152678	0.0	0.0	0.0	0.0	0.0	0.0	0.0	0.0	0.0	0.0	0.0	0.0	0.0	0.0	0.0	0.0	0.0	0.0	0.0	0.0	0.0	0.0	0.0
GSM4138112_HNSCC_2_PBMC_TGCGTGGTCACCTTAT	242.50838300590183	435.7639439454503	65.23998711274109	218.83906906341957	103.70300871570801	0.0	0.0	0.0	199.60212405847403	201.47030988235463	0.0	0.0	0.0	0.0	0.0	0.0	0.0	0.0	0.0	0.0	0.0	0.0	0.0	0.0	0.0	2.868176189904917	0.0	0.0	0.0	0.0	0.0	0.0	0.0	0.0	0.0
GSM4138112_HNSCC_2_PBMC_AAACCTGCATTATCTC	383.6205650191131	191.28352019603852	17.772745388002804	65.43339987967522	0.0	0.0	0.0	60.56561290097834	0.0	0.0	0.0	0.0	156.90414898777848	45.84913018234295	0.0	0.0	0.0	0.0	0.0	0.0	0.0	0.0	0.0	0.0	0.0	0.0	0.0	0.0	0.0	0.0	0.0	0.0	0.0	0.0	0.0
GSM4138112_HNSCC_2_PBMC_AACGTTGTCATGTCTT	421.1475003594381	0.0	182.52732522064474	0.0	55.54732804925715	283.8101668364604	0.0	0.0	0.0	0.0	67.47406407977607	0.0	0.0	0.0	0.0	0.0	0.0	0.0	0.0	39.463986132133584	0.0	0.0	0.0	0.0	0.0	0.0	0.0	0.0	0.0	0.0	0.0	0.0	0.0	0.0	0.0
GSM4138112_HNSCC_2_PBMC_AACTCTTGTATAGGTA	389.4508384114051	130.07113442383093	0.0	109.712945272143	0.0	0.0	0.0	0.0	0.0	0.0	0.0	0.0	0.0	45.2744844445902	0.0	0.0	0.0	0.0	0.0	181.61511678500034	39.66792329238799	0.0	0.0	37.68233493574325	0.0	0.0	0.0	0.0	0.0	0.0	0.0	0.0	0.0	0.0	0.0
GSM4138112_HNSCC_2_PBMC_ACGATGTTCTGGTATG	345.46773372293086	0.0	111.43060305964117	133.3090300916767	0.0	0.0	0.0	0.0	0.0	132.50247842542962	0.0	0.0	0.0	0.0	0.0	0.0	228.70787257300609	0.0	0.0	0.0	0.0	0.0	0.0	0.0	0.0	0.0	0.0	0.0	0.0	0.0	0.0	0.0	0.0	0.0	0.0
GSM4138112_HNSCC_2_PBMC_ACTGAGTAGGAGTACC	378.29349698056103	252.2215147135651	0.0	203.69586898325133	0.0	0.0	0.0	0.0	0.0	0.0	119.6294259071867	0.0	0.0	0.0	0.0	0.0	0.0	0.0	0.0	0.0	0.0	0.0	0.0	0.0	0.0	0.0	0.0	0.0	0.0	0.0	0.0	0.0	0.0	0.0	0.0
GSM4138112_HNSCC_2_PBMC_AGCATACCAAAGGCGT	337.0726601722407	0.0	0.0	41.847238829490436	0.0	0.0	0.0	45.511603214598466	0.0	30.866488090591805	57.5262939296809	0.0	0.0	0.0	0.0	49.213551996729436	0.0	0.0	0.0	0.0	0.0	0.0	264.3919899202732	0.0	52.06871905037287	0.0	0.0	0.0	0.0	0.0	0.0	0.0	0.0	0.0	0.0
GSM4138112_HNSCC_2_PBMC_ATCATGGGTCAAAGAT	357.2744895770895	123.91516770494593	146.9143098850048	14.17197938571394	0.0	45.442763344760834	0.0	0.0	0.0	0.0	0.0	0.0	1.269544260563317	0.0	0.0	0.0	0.0	0.0	0.0	4.852094379078329	0.0	11.147343609504297	0.0	0.0	0.0	0.0	0.0	0.0	0.0	107.23749595298614	0.0	0.0	0.0	0.0	0.0
GSM4138112_HNSCC_2_PBMC_ATCCGAACATAACCTG	270.6858425479861	0.0	0.0	212.41126014790774	0.0	0.0	0.0	0.0	0.0	142.07964725867726	0.0	0.0	0.0	0.0	0.0	0.0	0.0	108.68212092083654	0.0	0.0	0.0	61.75448742079303	0.0	0.0	15.779448928871675	0.0	0.0	0.0	0.0	0.0	0.0	0.0	0.0	0.0	0.0
GSM4138112_HNSCC_2_PBMC_ATGAGGGAGACTAGGC	226.5226159949201	44.3112646471571	0.0	125.6259966972551	74.3231404880723	37.75160688026592	0.0	32.193187352891485	12.797064142310585	0.0	13.387277932442597	0.0	0.0	22.35459480466369	8.353626782606419	0.0	0.0	0.0	0.0	8.943651910801494	0.0	0.0	47.109930953767176	0.0	0.0	0.0	0.0	0.0	0.0	0.0	0.0	0.0	0.0	0.0	0.0
GSM4138112_HNSCC_2_PBMC_CAGCTGGGTACCATCA	204.41704705279832	129.15263056491884	28.554388030322603	48.314523453839016	62.163947416180996	0.0	0.0	0.0	0.0	58.18661267681416	0.0	0.0	0.0	0.0	0.0	0.0	0.0	0.0	0.0	0.0	0.0	0.0	0.0	0.0	0.0	0.0	0.0	0.0	0.0	0.0	0.0	0.0	0.0	0.0	0.0
GSM4138112_HNSCC_2_PBMC_CATCCACAGCGTCAAG	318.18603920420657	243.72834876059503	0.0	292.27048150017316	69.15521348196005	0.0	0.0	0.0	0.0	175.40394004672578	0.0	59.61854138743298	0.0	0.0	0.0	0.0	0.0	163.70744715176107	0.0	0.0	0.0	0.0	0.0	0.0	0.0	12.727428086212656	0.0	0.0	0.0	0.0	0.0	0.0	0.0	0.0	0.0
GSM4138112_HNSCC_2_PBMC_CCGTTCATCTGTGCAA	389.94068335719334	0.0	81.2388542875851	118.1359975582866	0.0	20.315668998517527	0.0	0.0	0.0	0.0	62.386607189092416	121.60098818301681	0.0	0.0	0.0	0.0	0.0	214.1716510287418	0.0	0.0	0.0	0.0	0.0	0.0	0.0	0.0	0.0	0.0	0.0	0.0	0.0	0.0	0.0	0.0	0.0
GSM4138112_HNSCC_2_PBMC_CGGTTAAAGCAATCTC	334.44007461546033	0.0	0.0	138.4936859678132	68.27643858829433	18.97508085159907	0.0	0.0	0.0	0.0	72.33952620585977	0.0	0.0	0.0	44.60448391263977	0.0	0.0	20.68817574170398	0.0	0.0	0.0	0.0	10.718832904503412	0.0	27.02127833401525	0.0	20.560847222805737	0.0	0.0	0.0	0.0	0.0	0.0	0.0	0.0
GSM4138112_HNSCC_2_PBMC_CTTCTCTCAGAGCCAA	333.79009331902927	31.808860440778915	0.0	178.19982120069707	0.0	271.8438199977511	184.50754898942736	0.0	0.0	269.0599883694599	0.0	0.0	0.0	21.953026364812064	0.0	0.0	0.0	123.47660660272182	0.0	0.0	0.0	0.0	0.0	0.0	0.0	0.0	0.0	0.0	0.0	0.0	0.0	0.0	0.0	0.0	0.0
GSM4138112_HNSCC_2_PBMC_GCACATACAATGAAAC	471.4985057233286	0.0	174.66587277854345	0.0	162.68385422725106	0.0	0.0	0.0	0.0	0.0	0.0	0.0	0.0	0.0	328.10366651602635	0.0	0.0	0.0	0.0	0.0	0.0	0.0	0.0	0.0	0.0	0.0	0.0	0.0	0.0	0.0	0.0	0.0	0.0	0.0	0.0
GSM4138112_HNSCC_2_PBMC_GCTCCTAAGTGAAGTT	369.74610170537045	0.0	0.0	0.0	0.0	147.00261365853373	0.0	37.198965229182235	0.0	0.0	0.0	0.0	0.0	138.11889844719983	0.0	0.0	44.590416890825104	0.0	0.0	0.0	0.0	0.0	0.0	0.0	180.9164517907927	0.0	0.0	0.0	0.0	0.0	0.0	0.0	0.0	0.0	0.0
GSM4138112_HNSCC_2_PBMC_GCTGGGTGTTTCGCTC	370.81397666845817	209.39755044614506	78.53847324474573	0.0	0.0	0.0	0.0	111.45679477533129	0.0	0.0	0.0	0.0	125.51294825303991	0.0	0.0	0.0	0.0	0.0	0.0	0.0	0.0	0.0	0.0	0.0	0.0	0.0	0.0	0.0	0.0	0.0	0.0	0.0	0.0	0.0	0.0
GSM4138112_HNSCC_2_PBMC_GGATGTTGTGTCGCTG	333.2877420746406	0.0	0.0	36.28683072399748	0.0	0.0	115.88072474435718	27.914132612475175	0.0	0.0	0.0	0.0	0.0	0.0	0.0	0.0	0.0	0.0	0.0	0.0	0.0	254.5838153140189	0.0	0.0	82.67377710394132	0.0	0.0	0.0	0.0	0.0	0.0	0.0	0.0	0.0	0.0
GSM4138112_HNSCC_2_PBMC_GGCGACTTCTTGTTTG	321.03730143668287	247.31165454073374	0.0	180.20990221514273	0.0	0.0	0.0	0.0	0.0	159.91926448434612	0.0	0.0	0.0	0.0	0.0	0.0	0.0	0.0	0.0	0.0	0.0	0.0	0.0	0.0	0.0	0.0	0.0	0.0	0.0	0.0	0.0	0.0	0.0	0.0	0.0
GSM4138112_HNSCC_2_PBMC_GGCTCGATCATTGCGA	209.45141401839405	0.0	0.0	142.2987971334756	0.0	27.386498064866363	0.0	0.0	0.0	0.0	80.8074075929634	0.0	0.0	0.0	0.0	0.0	0.0	39.76323044213122	0.0	0.0	0.0	0.0	0.0	0.0	0.0	0.0	0.0	0.0	0.0	0.0	0.0	0.0	0.0	0.0	0.0
GSM4138112_HNSCC_2_PBMC_GTGTTAGGTCTCAACA	305.59523405599174	0.0	0.0	0.0	0.0	0.0	0.0	186.78904528591116	0.0	0.0	0.0	0.0	0.0	0.0	0.0	0.0	0.0	219.30319865318458	0.0	0.0	0.0	0.0	0.0	0.0	0.0	136.41934345081026	0.0	0.0	0.0	0.0	0.0	0.0	0.0	0.0	0.0
GSM4138112_HNSCC_2_PBMC_TCAATCTCAGGTTTCA	352.7111779367629	0.0	0.0	0.0	46.30533501935325	0.0	0.0	0.0	218.51665893627327	0.0	3.646190195631048	0.0	0.0	0.0	0.0	0.0	155.3059597978835	31.928981717591196	0.0	6.207343144246605	0.0	0.0	0.0	13.630893857615911	0.0	0.0	0.0	0.0	0.0	0.0	0.0	0.0	0.0	0.0	0.0
GSM4138112_HNSCC_2_PBMC_TCACGAAGTGACGCCT	424.84829992522356	0.0	0.0	194.93144684057864	0.0	0.0	0.0	0.0	0.0	0.0	0.0	0.0	0.0	38.43950921893332	78.71482225579312	0.0	0.0	0.0	0.0	0.0	0.0	0.0	114.29979862667817	0.0	0.0	0.0	0.0	0.0	0.0	0.0	53.18591729439943	0.0	0.0	161.11401979113234	0.0
GSM4138112_HNSCC_2_PBMC_TGCGCAGTCCAAGTAC	423.08162192113446	0.0	25.309673080474038	165.69527212718447	0.0	0.0	0.0	0.0	0.0	0.0	0.0	0.0	0.0	0.0	0.0	0.0	0.0	219.19157448735695	0.0	0.0	0.0	0.0	0.0	0.0	205.8675577223769	0.0	0.0	0.0	0.0	0.0	43.047626361676066	0.0	0.0	0.0	0.0
GSM4138112_HNSCC_2_PBMC_TTCTCCTAGTACGTTC	418.8893887222704	0.0	0.0	159.17049240043542	0.0	199.11714610399645	0.0	0.0	0.0	154.17324911105496	0.0	0.0	0.0	0.0	0.0	0.0	0.0	0.0	0.0	0.0	0.0	0.0	0.0	0.0	33.8604296452638	0.0	0.0	0.0	0.0	0.0	0.0	0.0	0.0	0.0	0.0
GSM4138112_HNSCC_2_PBMC_TTTACTGAGACTGTAA	3472.440237329621	0.0	0.0	0.0	0.0	0.0	0.0	0.0	0.0	0.0	0.0	0.0	0.0	0.0	0.0	0.0	0.0	0.0	0.0	0.0	0.0	0.0	0.0	0.0	0.0	0.0	0.0	0.0	0.0	0.0	0.0	0.0	0.0	0.0	0.0
GSM4138112_HNSCC_2_PBMC_AGCAGCCTCCGTAGGC	0.0	0.0	0.0	0.0	84.45849744024298	0.0	0.0	0.0	0.0	3099.578507390768	0.0	0.0	184.21587536421254	0.0	0.0	0.0	0.0	0.0	0.0	0.0	0.0	0.0	0.0	0.0	0.0	0.0	0.0	0.0	0.0	74.61800822218001	0.0	0.0	0.0	0.0	0.0
GSM4138112_HNSCC_2_PBMC_CAGCGACAGACACGAC	0.0	0.0	0.0	0.0	0.0	63.02680089147717	0.0	0.0	0.0	0.0	0.0	0.0	0.0	0.0	0.0	0.0	0.0	23.022071776927667	11.803874645325786	0.0	0.0	4363.9020032356875	13.42895879565349	0.0	0.0	0.0	0.0	0.0	0.11296863204786907	0.0	0.0	0.0	0.0	0.0	0.0
